Accident Number,Date and Time,Number of Motor Vehicles,Number of Injuries,Number of Fatalities,Property Damage,Hit and Run,Reporting Officer,Collision Type Code,Collision Type Description,Weather Code,Weather Description,Illumination Code,Illumination Description,Harmful Code,Harmful Code Description,Street Address,City,State,ZIP,RPA,Precinct,Latitude,Longitude,Mapped Location
20190576944,08/03/2019 09:05:00 AM,2,0,0,,N,834798,11,Front to Rear,21,CLEAR,1,DAYLIGHT,12,MOTOR VEHICLE IN TRANSPORT,ARMORY DR & SIDCO DR,NASHVILLE,TN,37204,8527,MIDTOW,36.1022,-86.7563,POINT (-86.7563 36.1022)
20190499983,07/02/2019 11:40:00 PM,1,0,0,,N,284059,0,NOT COLLISION W/MOTOR VEHICLE-TRANSPORT,2,RAIN,2,DARK - NOT LIGHTED,24,GUARDRAIL FACE,EATONS CREEK RD & BINKLEY RD,JOELTON,TN,37080,3331,NORTH,36.3208,-86.8742,POINT (-86.8742 36.3208)
20190348522,05/06/2019 09:27:00 PM,2,0,0,,N,330440,5,SIDESWIPE - SAME DIRECTION,21,CLEAR,3,DARK - LIGHTED,12,MOTOR VEHICLE IN TRANSPORT,MM 206 4 I 40,NASHVILLE,TN,37208,53123,NORTH,36.1645,-86.8188,POINT (-86.8188 36.1645)
20190581182,08/05/2019 09:42:00 AM,2,0,0,,Y,134899,11,Front to Rear,21,CLEAR,1,DAYLIGHT,12,MOTOR VEHICLE IN TRANSPORT,JUAREZ DR & OLD HICKORY BLVD,HERMITAGE,TN,37076,9531,HERMIT,36.1983,-86.6201,POINT (-86.6201 36.1983)
20190012111,01/05/2019 03:37:00 PM,2,0,0,,N,281611,5,SIDESWIPE - SAME DIRECTION,21,CLEAR,1,DAYLIGHT,12,MOTOR VEHICLE IN TRANSPORT,OCEOLA AV & CHARLOTTE PKE,NASHVILLE,TN,37209,5033,WEST,36.1497,-86.8599,POINT (-86.8599 36.1497)
20190154771,02/26/2019 06:10:00 AM,2,0,0,,N,299269,0,NOT COLLISION W/MOTOR VEHICLE-TRANSPORT,21,CLEAR,4,DAWN,16,THROWN OR FALLING OBJECT,WHITES CREEK PKE & BUENA VISTA PKE,NASHVILLE,TN,37207,3221,NORTH,36.2508,-86.8284,POINT (-86.8284 36.2508)
20190275460,04/10/2019 09:30:00 AM,2,0,0,,N,716886,11,Front to Rear,21,CLEAR,1,DAYLIGHT,12,MOTOR VEHICLE IN TRANSPORT,BELL RD & CEDAR POINTE PKWY,ANTIOCH,TN,37013,8721,SOUTH,36.0447,-86.6639,POINT (-86.6639 36.0447)
20190299911,04/18/2019 06:00:00 PM,2,0,0,,N,299238,4,ANGLE,21,CLEAR,1,DAYLIGHT,12,MOTOR VEHICLE IN TRANSPORT,S 6TH ST & FRITH DR,NASHVILLE,TN,37206,1019,EAST,36.1633,-86.7573,POINT (-86.7573 36.1633)
20190088511,02/02/2019 04:22:00 AM,1,0,0,Y,N,879558,0,NOT COLLISION W/MOTOR VEHICLE-TRANSPORT,21,CLEAR,3,DARK - LIGHTED,14;38,PARKED MOTOR VEHICLE;FENCE,900 LEBANON PKE,NASHVILLE,TN,37210,9001,HERMIT,36.1544,-86.7421,POINT (-86.7421 36.1544)
20190044775,01/17/2019 05:47:00 PM,2,1,0,,N,256439,4,ANGLE,2,RAIN,3,DARK - LIGHTED,12,MOTOR VEHICLE IN TRANSPORT,ELM HILL PKE & MARRIOTT DR,NASHVILLE,TN,37214,9101,HERMIT,36.1532,-86.6877,POINT (-86.6877 36.1532)
20190363272,05/12/2019 07:17:00 AM,1,0,0,Y,N,279122,0,NOT COLLISION W/MOTOR VEHICLE-TRANSPORT,22,CLOUDY,1,DAYLIGHT,24,GUARDRAIL FACE,MM 88 5 I 65,NASHVILLE,TN,37207,30040,NORTH,36.2237,-86.7746,POINT (-86.7746 36.2237)
20190147345,02/23/2019 10:23:00 AM,2,0,0,Y,N,110063,4,ANGLE,2,RAIN,1,DAYLIGHT,12,MOTOR VEHICLE IN TRANSPORT,MM 86 5 I 65,NASHVILLE,TN,37207,3006,NORTH,36.1946,-86.7762,POINT (-86.7762 36.1946)
20190005950,01/03/2019 07:39:00 AM,2,0,0,,N,474557,4,ANGLE,22,CLOUDY,1,DAYLIGHT,12,MOTOR VEHICLE IN TRANSPORT,RAYWOOD LN & APRIL LN,NASHVILLE,TN,37211,8715,SOUTH,36.0556,-86.7113,POINT (-86.7113 36.0556)
20190366629,05/13/2019 06:05:00 PM,2,0,0,,N,807326,11,Front to Rear,21,CLEAR,1,DAYLIGHT,12,MOTOR VEHICLE IN TRANSPORT,MM 86 3 I 65,NASHVILLE,TN,37207,1910,CENTRA,36.1919,-86.7808,POINT (-86.7808 36.1919)
20190202469,03/15/2019 07:32:00 AM,2,1,0,,N,226600,11,Front to Rear,21,CLEAR,1,DAYLIGHT,12,MOTOR VEHICLE IN TRANSPORT,OLD HICKORY BLVD & CHICKERING RD,NASHVILLE,TN,37221,6215,WEST,36.0505,-86.8767,POINT (-86.8767 36.0505)
20190363704,05/12/2019 01:30:00 PM,2,4,0,,N,473670,11,Front to Rear,21,CLEAR,1,DAYLIGHT,12,MOTOR VEHICLE IN TRANSPORT,MM 48 9 I 24,NASHVILLE,TN,37213,1104,CENTRA,36.1676,-86.7656,POINT (-86.7656 36.1676)
20190190659,03/11/2019 09:11:00 AM,1,0,0,Y,N,226136,0,NOT COLLISION W/MOTOR VEHICLE-TRANSPORT,22,CLOUDY,1,DAYLIGHT,40;63,MAIL BOX;Ran Off Road-Right,TROUSDALE DR & HILL RD,BRENTWOOD,TN,37027,8619,MIDTOW,36.0474,-86.7577,POINT (-86.7577 36.0474)
20190502051,07/03/2019 12:00:00 AM,1,0,0,Y,Y,256379,0,NOT COLLISION W/MOTOR VEHICLE-TRANSPORT,,,1,DAYLIGHT,18,OTHER OBJECT (NOT FIXED),MM 53 3 I 24,NASHVILLE,TN,37210,88141,SOUTH,36.1146,-86.7245,POINT (-86.7245 36.1146)
20190349062,05/06/2019 11:24:00 PM,3,0,0,,N,468098,11,Front to Rear,21,CLEAR,3,DARK - LIGHTED,12,MOTOR VEHICLE IN TRANSPORT,MT VIEW RD & BELL RD,ANTIOCH,TN,37013,8861,SOUTH,36.05,-86.6496,POINT (-86.6496 36.05)
20190093228,02/04/2019 09:55:00 AM,2,0,0,,N,676834,5,SIDESWIPE - SAME DIRECTION,2,RAIN,1,DAYLIGHT,12,MOTOR VEHICLE IN TRANSPORT,14TH AVN & CHARLOTTE AV,NASHVILLE,TN,37203,5501,MIDTOW,36.1608,-86.7937,POINT (-86.7937 36.1608)
20190360658,05/11/2019 12:00:00 AM,1,0,0,Y,N,320578,0,NOT COLLISION W/MOTOR VEHICLE-TRANSPORT,2,RAIN,1,DAYLIGHT,31,"OTHER POST, POLE, SUPP.",TRAVELERS INN DR & HARDING PL,NASHVILLE,TN,37211,8705,SOUTH,36.0849,-86.7034,POINT (-86.7034 36.0849)
20190397872,05/24/2019 03:45:00 PM,1,1,0,Y,N,320582,0,NOT COLLISION W/MOTOR VEHICLE-TRANSPORT,21,CLEAR,1,DAYLIGHT,34;40,DITCH;MAIL BOX,BROADMOOR DR & STANVID DR,NASHVILLE,TN,37216,1803,EAST,36.23,-86.7418,POINT (-86.7418 36.23)
20190058912,01/23/2019 07:10:00 AM,2,0,0,,N,223502,11,Front to Rear,2,RAIN,1,DAYLIGHT,12,MOTOR VEHICLE IN TRANSPORT,I440 W ENT RAMP & I 24,NASHVILLE,TN,37217,8801,SOUTH,36.1232,-86.7263,POINT (-86.7263 36.1232)
20190302024,04/19/2019 12:37:00 PM,2,1,0,,N,584947,4,ANGLE,22,CLOUDY,1,DAYLIGHT,12,MOTOR VEHICLE IN TRANSPORT,LONE OAK RD & OVERHILL DR,NASHVILLE,TN,37215,6405,MIDTOW,36.0981,-86.8097,POINT (-86.8097 36.0981)
20190304150,04/20/2019 09:40:00 AM,2,3,0,,N,109527,11,Front to Rear,2,RAIN,1,DAYLIGHT,12,MOTOR VEHICLE IN TRANSPORT,BELL RD & SMITH SPRINGS RD,NASHVILLE,TN,37217,8987,HERMIT,36.0904,-86.6264,POINT (-86.6264 36.0904)
20190334435,05/01/2019 07:45:00 AM,2,0,0,,Y,693093,11,Front to Rear,21,CLEAR,1,DAYLIGHT,12,MOTOR VEHICLE IN TRANSPORT,1200 DICKERSON PKES,GOODLETTSVILLE,TN,37072,2111,MADISO,36.2922,-86.734,POINT (-86.734 36.2922)
20190038435,01/15/2019 04:10:00 PM,2,0,0,,N,197068,11,Front to Rear,22,CLOUDY,1,DAYLIGHT,12,MOTOR VEHICLE IN TRANSPORT,MM 49 4 I 24,NASHVILLE,TN,37206,10040,EAST,36.1613,-86.7604,POINT (-86.7604 36.1613)
20190073556,01/28/2019 11:15:00 AM,2,0,0,Y,N,299244,0,NOT COLLISION W/MOTOR VEHICLE-TRANSPORT,21,CLEAR,1,DAYLIGHT,38,FENCE,GEORGE L DAVIS BLVD & GRUNDY ST,NASHVILLE,TN,37203,4104,CENTRA,36.1571,-86.7896,POINT (-86.7896 36.1571)
20190073382,01/28/2019 01:56:00 PM,2,0,0,,N,109534,5,SIDESWIPE - SAME DIRECTION,22,CLOUDY,1,DAYLIGHT,12,MOTOR VEHICLE IN TRANSPORT,OLD HICKORY BLVD & HERMITAGE WOODS DR,HERMITAGE,TN,37076,9561,HERMIT,36.1773,-86.6042,POINT (-86.6042 36.1773)
20190238074,03/27/2019 04:19:00 PM,2,1,0,,N,256389,4,ANGLE,21,CLEAR,1,DAYLIGHT,12,MOTOR VEHICLE IN TRANSPORT,WEST END AV & 19TH AVN,NASHVILLE,TN,37203,5707,MIDTOW,36.1526,-86.7968,POINT (-86.7968 36.1526)
20190140906,02/21/2019 05:29:00 AM,2,0,0,,N,298871,11,Front to Rear,21,CLEAR,3,DARK - LIGHTED,12,MOTOR VEHICLE IN TRANSPORT,14TH AVS & BROADWAY,NASHVILLE,TN,37203,5701,MIDTOW,36.1557,-86.7897,POINT (-86.7897 36.1557)
20190098592,02/06/2019 12:48:00 AM,1,0,0,Y,N,727203,0,NOT COLLISION W/MOTOR VEHICLE-TRANSPORT,21,CLEAR,3,DARK - LIGHTED,30;64,UTILITY POLE;Ran Off Road-Left,I24 W ENT RAMP & I 24,NASHVILLE,TN,37206,1009,EAST,36.1666,-86.7638,POINT (-86.7638 36.1666)
20190127100,02/16/2019 12:00:00 AM,1,0,0,,Y,332215,0,NOT COLLISION W/MOTOR VEHICLE-TRANSPORT,2,RAIN,3,DARK - LIGHTED,30;34,UTILITY POLE;DITCH,CHICKERING LN & CHICKERING CT,NASHVILLE,TN,37215,6205,WEST,36.0694,-86.8601,POINT (-86.8601 36.0694)
20190482900,06/26/2019 12:05:00 PM,2,0,0,,N,352164,5,SIDESWIPE - SAME DIRECTION,21,CLEAR,1,DAYLIGHT,12,MOTOR VEHICLE IN TRANSPORT,CHARLOTTE AV & 49TH AVN,NASHVILLE,TN,37209,5129,WEST,36.1521,-86.8463,POINT (-86.8463 36.1521)
20190137909,02/20/2019 06:40:00 AM,1,1,0,,N,716886,0,NOT COLLISION W/MOTOR VEHICLE-TRANSPORT,2,RAIN,4,DAWN,34;36,DITCH;CONCRETE TRAFFIC BARRIER,MM 57 4 I 24,ANTIOCH,TN,37013,88080,SOUTH,36.0649,-86.6847,POINT (-86.6847 36.0649)
20190394859,05/23/2019 03:30:00 PM,2,0,0,,Y,161939,4,ANGLE,21,CLEAR,1,DAYLIGHT,14,PARKED MOTOR VEHICLE,HAMILTON CHURCH RD & HAMILTON CROSSINGS,ANTIOCH,TN,37013,8865,SOUTH,36.0629,-86.6291,POINT (-86.6291 36.0629)
20190288515,04/15/2019 09:59:00 AM,3,0,0,,Y,109534,11,Front to Rear,21,CLEAR,1,DAYLIGHT,12;99,MOTOR VEHICLE IN TRANSPORT;UNKNOWN MOST HARMFUL EVENT,MM 212 7 I 40,NASHVILLE,TN,37210,82060,HERMIT,36.143,-86.737,POINT (-86.737 36.143)
20190494265,06/30/2019 11:13:00 PM,2,0,0,,N,256382,5,SIDESWIPE - SAME DIRECTION,21,CLEAR,3,DARK - LIGHTED,12,MOTOR VEHICLE IN TRANSPORT,MM 218 0 I 40,NASHVILLE,TN,37217,89020,HERMIT,36.1413,-86.667,POINT (-86.667 36.1413)
20190437130,06/08/2019 06:45:00 PM,2,0,0,,N,433550,11,Front to Rear,21,CLEAR,1,DAYLIGHT,12,MOTOR VEHICLE IN TRANSPORT,OLD HICKORY BLVD & PRINCETON PL,HERMITAGE,TN,37076,9529,HERMIT,36.1727,-86.6019,POINT (-86.6019 36.1727)
20190105767,02/08/2019 11:57:00 AM,2,0,0,,N,226136,5,SIDESWIPE - SAME DIRECTION,21,CLEAR,1,DAYLIGHT,12,MOTOR VEHICLE IN TRANSPORT,MM 209 0 I 40,NASHVILLE,TN,37203,4104,CENTRA,36.1574,-86.7903,POINT (-86.7903 36.1574)
20190285280,04/13/2019 09:56:00 PM,2,0,0,,Y,299254,4,ANGLE,2,RAIN,3,DARK - LIGHTED,12,MOTOR VEHICLE IN TRANSPORT,BENZING RD & TUSCULUM RD,ANTIOCH,TN,37013,8719,SOUTH,36.0522,-86.6826,POINT (-86.6826 36.0522)
20190414422,05/30/2019 09:59:00 PM,1,0,0,,Y,161955,0,NOT COLLISION W/MOTOR VEHICLE-TRANSPORT,21,CLEAR,3,DARK - LIGHTED,18,OTHER OBJECT (NOT FIXED),BRICK CHURCH PKE & FERN AV,NASHVILLE,TN,37207,3003,NORTH,36.1962,-86.7767,POINT (-86.7767 36.1962)
20190024772,01/10/2019 11:48:00 AM,2,0,0,,N,267831,5,SIDESWIPE - SAME DIRECTION,21,CLEAR,1,DAYLIGHT,12,MOTOR VEHICLE IN TRANSPORT,ABBOTT MARTIN RD & CROSS CREEK RD,NASHVILLE,TN,37215,6113,WEST,36.1066,-86.8218,POINT (-86.8218 36.1066)
20190125094,02/15/2019 09:17:00 AM,3,1,0,,N,716886,11,Front to Rear,21,CLEAR,1,DAYLIGHT,12,MOTOR VEHICLE IN TRANSPORT,NOLENSVILLE PKE & ASH GROVE DR,NASHVILLE,TN,37211,8717,SOUTH,36.0494,-86.7138,POINT (-86.7138 36.0494)
20190177182,03/06/2019 07:10:00 AM,2,0,0,,N,179602,11,Front to Rear,21,CLEAR,1,DAYLIGHT,12,MOTOR VEHICLE IN TRANSPORT,MM 40 0 I 24,WHITES CREEK,TN,37189,3314,NORTH,36.2834,-86.8066,POINT (-86.8066 36.2834)
20190138134,02/20/2019 08:18:00 AM,2,3,0,,N,226136,4,ANGLE,2,RAIN,1,DAYLIGHT,12,MOTOR VEHICLE IN TRANSPORT,MELROSE AV & WINFORD AV,NASHVILLE,TN,37204,8305,MIDTOW,36.1192,-86.7548,POINT (-86.7548 36.1192)
20190458971,06/17/2019 07:38:00 AM,2,0,0,,N,109534,11,Front to Rear,21,CLEAR,1,DAYLIGHT,12,MOTOR VEHICLE IN TRANSPORT,BAYPOINTE DR & S NEW HOPE RD,HERMITAGE,TN,37076,9515,HERMIT,36.1606,-86.5854,POINT (-86.5854 36.1606)
20190551697,07/24/2019 07:54:00 AM,2,0,0,,N,179602,11,Front to Rear,21,CLEAR,1,DAYLIGHT,12,MOTOR VEHICLE IN TRANSPORT,MM 88 6 I 65,NASHVILLE,TN,37207,3004,EAST,36.2251,-86.7745,POINT (-86.7745 36.2251)
20190291394,04/16/2019 07:50:00 AM,2,0,0,,N,716886,11,Front to Rear,21,CLEAR,1,DAYLIGHT,12,MOTOR VEHICLE IN TRANSPORT,MURFREESBORO PKE & OLD HICKORY BLVD,ANTIOCH,TN,37013,8867,SOUTH,36.0413,-86.6051,POINT (-86.6051 36.0413)
20190446211,06/12/2019 07:44:00 AM,2,0,0,,N,226622,11,Front to Rear,21,CLEAR,1,DAYLIGHT,12,MOTOR VEHICLE IN TRANSPORT,MM 205 2 I 40,NASHVILLE,TN,37209,52027,WEST,36.154,-86.835,POINT (-86.835 36.154)
20190316708,04/24/2019 01:15:00 PM,2,1,0,,Y,676824,11,Front to Rear,21,CLEAR,1,DAYLIGHT,12,MOTOR VEHICLE IN TRANSPORT,2100 ROSA L PARKS BLVD,NASHVILLE,TN,37228,4499,NORTH,36.191,-86.7988,POINT (-86.7988 36.191)
20190074174,01/28/2019 07:47:00 PM,2,0,0,,Y,206675,5,SIDESWIPE - SAME DIRECTION,2,RAIN,2,DARK - NOT LIGHTED,12,MOTOR VEHICLE IN TRANSPORT,I65 ENT RAMP & I 440,NASHVILLE,TN,37204,81061,MIDTOW,36.1189,-86.7675,POINT (-86.7675 36.1189)
20190312150,04/23/2019 08:20:00 AM,2,0,0,,N,352204,11,Front to Rear,21,CLEAR,1,DAYLIGHT,12,MOTOR VEHICLE IN TRANSPORT,HARDING PL & HILLSBORO PKE,NASHVILLE,TN,37215,6311,MIDTOW,36.0914,-86.8285,POINT (-86.8285 36.0914)
20190507251,07/05/2019 07:33:00 PM,2,1,0,Y,N,311332,5,SIDESWIPE - SAME DIRECTION,21,CLEAR,1,DAYLIGHT,14;18,PARKED MOTOR VEHICLE;OTHER OBJECT (NOT FIXED),HIGHWAY 100 & WESTHAVEN DR,NASHVILLE,TN,37221,4805,WEST,36.0348,-86.9721,POINT (-86.9721 36.0348)
20190004590,01/02/2019 06:02:00 PM,3,0,0,,N,279124,11,Front to Rear,2,RAIN,3,DARK - LIGHTED,12,MOTOR VEHICLE IN TRANSPORT,MM 53 3 I 24,NASHVILLE,TN,37210,88141,SOUTH,36.1146,-86.7245,POINT (-86.7245 36.1146)
20190074042,01/28/2019 06:39:00 PM,2,1,0,,N,151132,4,ANGLE,2,RAIN,3,DARK - LIGHTED,12,MOTOR VEHICLE IN TRANSPORT,TWIN HILLS DR & GALLATIN PKEN,MADISON,TN,37115,1731,MADISO,36.3021,-86.6927,POINT (-86.6927 36.3021)
20190270110,04/08/2019 01:32:00 PM,2,0,0,,N,109534,5,SIDESWIPE - SAME DIRECTION,22,CLOUDY,1,DAYLIGHT,12,MOTOR VEHICLE IN TRANSPORT,SPENCE LN & LEBANON PKE,NASHVILLE,TN,37210,9019,HERMIT,36.1537,-86.7216,POINT (-86.7216 36.1537)
20190097608,02/05/2019 04:14:00 PM,2,0,0,,N,279124,98,OTHER,21,CLEAR,1,DAYLIGHT,12;14,MOTOR VEHICLE IN TRANSPORT;PARKED MOTOR VEHICLE,MM 58 8 I 24,ANTIOCH,TN,37013,87061,SOUTH,36.0506,-86.6683,POINT (-86.6683 36.0506)
20190066844,01/25/2019 08:52:00 PM,2,0,0,,N,725756,2,HEAD-ON,21,CLEAR,3,DARK - LIGHTED,12,MOTOR VEHICLE IN TRANSPORT,OLD HICKORY BLVD & HIGHWAY 70S,NASHVILLE,TN,37221,4901,WEST,36.0742,-86.9208,POINT (-86.9208 36.0742)
20190147169,02/23/2019 08:25:00 AM,1,0,0,,N,224797,0,NOT COLLISION W/MOTOR VEHICLE-TRANSPORT,2,RAIN,1,DAYLIGHT,7,,MM 0 0 I 440,NASHVILLE,TN,37205,5240,WEST,36.1425,-86.8229,POINT (-86.8229 36.1425)
20190362571,05/11/2019 11:16:00 PM,3,1,0,,Y,109522,2,HEAD-ON,21,CLEAR,3,DARK - LIGHTED,12;14,MOTOR VEHICLE IN TRANSPORT;PARKED MOTOR VEHICLE,CHARLOTTE PKE & AMERICAN RD,NASHVILLE,TN,37209,5027,WEST,36.1444,-86.8727,POINT (-86.8727 36.1444)
20190168720,03/03/2019 11:59:00 AM,1,3,0,,N,279230,0,NOT COLLISION W/MOTOR VEHICLE-TRANSPORT,2,RAIN,1,DAYLIGHT,36,CONCRETE TRAFFIC BARRIER,MM 56 2 I 24,NASHVILLE,TN,37211,88100,SOUTH,36.0799,-86.6961,POINT (-86.6961 36.0799)
20190564273,07/29/2019 10:37:00 AM,3,0,0,,N,343522,4,ANGLE,21,CLEAR,1,DAYLIGHT,12,MOTOR VEHICLE IN TRANSPORT,HILLWOOD BLVD & POST RD,NASHVILLE,TN,37205,5001,WEST,36.1246,-86.8556,POINT (-86.8556 36.1246)
20190512005,07/08/2019 10:17:00 AM,2,0,0,,N,716886,5,SIDESWIPE - SAME DIRECTION,21,CLEAR,1,DAYLIGHT,12,MOTOR VEHICLE IN TRANSPORT,MM 6 5 I 440,NASHVILLE,TN,37210,81040,SOUTH,36.1242,-86.7451,POINT (-86.7451 36.1242)
20190486477,06/27/2019 04:53:00 PM,2,0,0,,N,267831,11,Front to Rear,21,CLEAR,1,DAYLIGHT,12,MOTOR VEHICLE IN TRANSPORT,BRILEY PKWYN & BRILEY PKWYS,NASHVILLE,TN,37211,8404,SOUTH,36.1092,-86.727,POINT (-86.727 36.1092)
20190068166,01/26/2019 09:06:00 AM,4,0,0,,Y,620067,98,OTHER,21,CLEAR,1,DAYLIGHT,12;14,MOTOR VEHICLE IN TRANSPORT;PARKED MOTOR VEHICLE,ARBOR CREST BLVD & BELL TRACE DR,ANTIOCH,TN,37013,8753,SOUTH,36.039,-86.6699,POINT (-86.6699 36.039)
20190047328,01/18/2019 03:03:00 PM,2,2,0,,N,279194,11,Front to Rear,21,CLEAR,1,DAYLIGHT,12,MOTOR VEHICLE IN TRANSPORT,JEFFERSON ST & 21ST AVN,NASHVILLE,TN,37208,5351,NORTH,36.1688,-86.8114,POINT (-86.8114 36.1688)
20190562234,07/28/2019 03:02:00 PM,2,0,0,,N,240957,4,ANGLE,21,CLEAR,1,DAYLIGHT,12,MOTOR VEHICLE IN TRANSPORT,EDMONDSON PKE & SUTER DR,NASHVILLE,TN,37211,8659,MIDTOW,36.0706,-86.7343,POINT (-86.7343 36.0706)
20190237144,03/27/2019 09:47:00 AM,1,1,0,,N,717625,0,NOT COLLISION W/MOTOR VEHICLE-TRANSPORT,21,CLEAR,1,DAYLIGHT,30,UTILITY POLE,1400 DR D B TODD JR BLVD,NASHVILLE,TN,37208,4475,NORTH,36.1724,-86.8078,POINT (-86.8078 36.1724)
20190393835,05/23/2019 09:27:00 AM,2,0,0,,N,109534,5,SIDESWIPE - SAME DIRECTION,21,CLEAR,1,DAYLIGHT,12,MOTOR VEHICLE IN TRANSPORT,MM 212 9 I 40,NASHVILLE,TN,37210,82061,HERMIT,36.1404,-86.7312,POINT (-86.7312 36.1404)
20190148685,02/23/2019 11:10:00 PM,3,0,0,Y,Y,179603,5,SIDESWIPE - SAME DIRECTION,22,CLOUDY,3,DARK - LIGHTED,12,MOTOR VEHICLE IN TRANSPORT,EWING DR & ANNA CT,NASHVILLE,TN,37207,2001,MADISO,36.2313,-86.7783,POINT (-86.7783 36.2313)
20190064940,01/25/2019 07:10:00 AM,2,0,0,,N,716886,4,ANGLE,21,CLEAR,1,DAYLIGHT,12,MOTOR VEHICLE IN TRANSPORT,MURFREESBORO PKE & MOUNTAIN SPRINGS RD,ANTIOCH,TN,37013,8927,SOUTH,36.0478,-86.6121,POINT (-86.6121 36.0478)
20190155923,02/26/2019 01:55:00 PM,2,0,0,,N,876573,5,SIDESWIPE - SAME DIRECTION,21,CLEAR,1,DAYLIGHT,12,MOTOR VEHICLE IN TRANSPORT,MM 62 0 I 24,ANTIOCH,TN,37013,87040,SOUTH,36.0208,-86.6278,POINT (-86.6278 36.0208)
20190245478,03/30/2019 03:06:00 AM,1,0,0,Y,N,197075,0,NOT COLLISION W/MOTOR VEHICLE-TRANSPORT,21,CLEAR,2,DARK - NOT LIGHTED,39;64,WALL;Ran Off Road-Left,SPRINGFIELD HWY & SPRINGFIELD HWY PVTDR,GOODLETTSVILLE,TN,37072,2215,MADISO,36.3848,-86.7546,POINT (-86.7546 36.3848)
20190512709,07/08/2019 05:01:00 PM,2,0,0,,Y,320585,11,Front to Rear,21,CLEAR,1,DAYLIGHT,12,MOTOR VEHICLE IN TRANSPORT,FAIN ST & MAURY ST,NASHVILLE,TN,37210,8205,HERMIT,36.1519,-86.7593,POINT (-86.7593 36.1519)
20190368490,05/14/2019 12:00:00 AM,2,0,0,,Y,226622,3,REAR-TO-REAR,21,CLEAR,1,DAYLIGHT,12,MOTOR VEHICLE IN TRANSPORT,WHITE BRIDGE PKE & OAKMONT CIR,NASHVILLE,TN,37209,5105,WEST,36.141,-86.8574,POINT (-86.8574 36.141)
20190450022,06/13/2019 03:02:00 PM,1,1,0,,N,642287,0,NOT COLLISION W/MOTOR VEHICLE-TRANSPORT,21,CLEAR,1,DAYLIGHT,8,PEDESTRIAN,CAHAL AV & EMMETT AV,NASHVILLE,TN,37206,1883,EAST,36.1977,-86.7477,POINT (-86.7477 36.1977)
20190300184,04/18/2019 07:19:00 PM,2,0,0,,N,197435,11,Front to Rear,2,RAIN,3,DARK - LIGHTED,12,MOTOR VEHICLE IN TRANSPORT,DOVERSIDE DR & DICKERSON PKE,NASHVILLE,TN,37207,2011,MADISO,36.2557,-86.7552,POINT (-86.7552 36.2557)
20190240853,03/28/2019 01:37:00 PM,2,0,0,,N,429193,4,ANGLE,21,CLEAR,1,DAYLIGHT,12,MOTOR VEHICLE IN TRANSPORT,I40 E ENT RAMP & I 40,NASHVILLE,TN,37205,4903,WEST,36.1109,-86.922,POINT (-86.922 36.1109)
20190510651,07/07/2019 04:41:00 PM,2,0,0,,N,320585,4,ANGLE,21,CLEAR,1,DAYLIGHT,12,MOTOR VEHICLE IN TRANSPORT,BRILEY PKWY N ENT RAMP & LEBANON PKE,NASHVILLE,TN,37214,9203,HERMIT,36.1685,-86.688,POINT (-86.688 36.1685)
20190197096,03/13/2019 11:38:00 AM,4,4,0,,N,226136,11,Front to Rear,22,CLOUDY,1,DAYLIGHT,12,MOTOR VEHICLE IN TRANSPORT,SOUTH ST & 12TH AVS,NASHVILLE,TN,37203,6805,MIDTOW,36.1474,-86.7857,POINT (-86.7857 36.1474)
20190327831,04/29/2019 12:00:00 AM,1,0,0,,Y,279216,0,NOT COLLISION W/MOTOR VEHICLE-TRANSPORT,21,CLEAR,2,DARK - NOT LIGHTED,38,FENCE,BRICK CHURCH PKE & FERN AV,NASHVILLE,TN,37207,3003,NORTH,36.1962,-86.7767,POINT (-86.7767 36.1962)
20190486962,06/27/2019 08:25:00 PM,2,0,0,,N,298858,5,SIDESWIPE - SAME DIRECTION,2,RAIN,3,DARK - LIGHTED,12,MOTOR VEHICLE IN TRANSPORT,MM 49 0 I 24,NASHVILLE,TN,37206,10040,EAST,36.1664,-86.7647,POINT (-86.7647 36.1664)
20190228390,03/24/2019 01:12:00 PM,2,0,0,,N,299257,4,ANGLE,22,CLOUDY,1,DAYLIGHT,12,MOTOR VEHICLE IN TRANSPORT,HARDING PL & OVERCREST DR,NASHVILLE,TN,37211,8609,MIDTOW,36.0772,-86.7336,POINT (-86.7336 36.0772)
20190178181,03/06/2019 01:15:00 PM,2,0,0,,N,716886,11,Front to Rear,21,CLEAR,1,DAYLIGHT,12,MOTOR VEHICLE IN TRANSPORT,OLD HICKORY BLVD & RED APPLE RD,ANTIOCH,TN,37013,8769,SOUTH,36.0029,-86.6301,POINT (-86.6301 36.0029)
20190051077,01/20/2019 07:55:00 AM,1,0,0,,N,402660,0,NOT COLLISION W/MOTOR VEHICLE-TRANSPORT,22,CLOUDY,1,DAYLIGHT,72,EMBANKMENT ROCK/STONE/CONCRETE,I40 E EXT RAMP & I 40,NASHVILLE,TN,37214,8955,HERMIT,36.155,-86.6271,POINT (-86.6271 36.155)
20190187265,03/09/2019 06:31:00 PM,2,0,0,,Y,240955,11,Front to Rear,2,RAIN,3,DARK - LIGHTED,12,MOTOR VEHICLE IN TRANSPORT,HAMILTON CROSSINGS & HAMILTON CHURCH RD,ANTIOCH,TN,37013,8865,SOUTH,36.0628,-86.6309,POINT (-86.6309 36.0628)
20190089660,02/02/2019 06:00:00 PM,2,2,0,,N,256496,4,ANGLE,21,CLEAR,5,DUSK,12,MOTOR VEHICLE IN TRANSPORT,ROBINSON RD & MARTINGALE DR,OLD HICKORY,TN,37138,9619,HERMIT,36.2562,-86.6545,POINT (-86.6545 36.2562)