Accident Number,Date and Time,Number of Motor Vehicles,Number of Injuries,Number of Fatalities,Property Damage,Hit and Run,Reporting Officer,Collision Type Code,Collision Type Description,Weather Code,Weather Description,Illumination Code,Illumination Description,Harmful Code,Harmful Code Description,Street Address,City,State,ZIP,RPA,Precinct,Latitude,Longitude,Mapped Location
20190385773,05/20/2019 05:45:00 PM,1,0,0,Y,N,320582,0,NOT COLLISION W/MOTOR VEHICLE-TRANSPORT,21,CLEAR,1,DAYLIGHT,40;47,MAIL BOX;FIRE HYDRANT,PINE RIDGE DR & BURLWOOD CT,NASHVILLE,TN,37207,1827,EAST,36.2213,-86.7658,POINT (-86.7658 36.2213)
20190432056,06/06/2019 04:21:00 PM,2,0,0,,N,311337,4,ANGLE,21,CLEAR,1,DAYLIGHT,12,MOTOR VEHICLE IN TRANSPORT,MURFREESBORO PKE & PLUS PARK BLVD,NASHVILLE,TN,37217,8815,HERMIT,36.1337,-86.722,POINT (-86.722 36.1337)
20190249025,03/31/2019 09:15:00 PM,2,0,0,,Y,298858,5,SIDESWIPE - SAME DIRECTION,21,CLEAR,3,DARK - LIGHTED,12,MOTOR VEHICLE IN TRANSPORT,MM 54 0 I 24,NASHVILLE,TN,37211,88122,SOUTH,36.1064,-86.7188,POINT (-86.7188 36.1064)
20190441025,06/10/2019 11:45:00 AM,2,1,0,,N,337276,4,ANGLE,21,CLEAR,1,DAYLIGHT,12,MOTOR VEHICLE IN TRANSPORT,NOLENSVILLE PKE & ZOO RD,NASHVILLE,TN,37211,8509,MIDTOW,36.0886,-86.732,POINT (-86.732 36.0886)
20190397856,05/24/2019 02:55:00 PM,2,0,0,,N,352215,5,SIDESWIPE - SAME DIRECTION,21,CLEAR,1,DAYLIGHT,12,MOTOR VEHICLE IN TRANSPORT,LEBANON PKE & ANDREW JACKSON PKWY,HERMITAGE,TN,37076,9537,HERMIT,36.2151,-86.5962,POINT (-86.5962 36.2151)
20190232882,03/26/2019 12:00:00 AM,1,0,0,,N,299269,0,NOT COLLISION W/MOTOR VEHICLE-TRANSPORT,21,CLEAR,2,DARK - NOT LIGHTED,34,DITCH,WHITES CREEK PKE & TRANHAM RD,WHITES CREEK,TN,37189,3305,NORTH,36.1664,-86.8056,POINT (-86.8056 36.1664)
20190327061,04/28/2019 05:10:00 PM,2,0,0,,N,717341,4,ANGLE,21,CLEAR,1,DAYLIGHT,12,MOTOR VEHICLE IN TRANSPORT,MURFREESBORO PKE & NANCE LN,NASHVILLE,TN,37210,8119,SOUTH,36.1438,-86.7486,POINT (-86.7486 36.1438)
20190475401,06/23/2019 04:35:00 PM,2,0,0,,N,320582,5,SIDESWIPE - SAME DIRECTION,21,CLEAR,1,DAYLIGHT,12,MOTOR VEHICLE IN TRANSPORT,CLEVELAND ST & ELLINGTON PKWY S EXT RAMP,NASHVILLE,TN,37207,1945,EAST,36.1852,-86.7603,POINT (-86.7603 36.1852)
20190065889,01/25/2019 01:55:00 PM,2,0,0,,Y,226136,5,SIDESWIPE - SAME DIRECTION,21,CLEAR,1,DAYLIGHT,12,MOTOR VEHICLE IN TRANSPORT,GALE LN & FRANKLIN PKE,NASHVILLE,TN,37204,6957,MIDTOW,36.1195,-86.7754,POINT (-86.7754 36.1195)
20190159229,02/27/2019 04:50:00 PM,2,0,0,,N,256439,4,ANGLE,21,CLEAR,1,DAYLIGHT,12,MOTOR VEHICLE IN TRANSPORT,HERMITAGE AV & DECATUR AV,NASHVILLE,TN,37210,9005,HERMIT,36.1536,-86.7536,POINT (-86.7536 36.1536)
20190420958,06/02/2019 04:01:00 PM,2,0,0,,N,256446,11,Front to Rear,21,CLEAR,1,DAYLIGHT,12,MOTOR VEHICLE IN TRANSPORT,HARDING PL & METROPLEX DR,NASHVILLE,TN,37211,8889,SOUTH,36.0868,-86.6959,POINT (-86.6959 36.0868)
20190131369,02/18/2019 03:28:00 AM,1,0,0,Y,N,256376,0,NOT COLLISION W/MOTOR VEHICLE-TRANSPORT,21,CLEAR,3,DARK - LIGHTED,19;33;38,BUILDING;CURB;FENCE,HEIMAN ST & 23RD AVN,NASHVILLE,TN,37208,4481,NORTH,36.1706,-86.8132,POINT (-86.8132 36.1706)
20190331852,04/30/2019 12:11:00 PM,2,1,0,,Y,439917,11,Front to Rear,21,CLEAR,1,DAYLIGHT,12,MOTOR VEHICLE IN TRANSPORT,DR D B TODD JR BLVD & ALBION ST,NASHVILLE,TN,37208,5329,NORTH,36.1663,-86.8054,POINT (-86.8054 36.1663)
20190516972,07/10/2019 10:51:00 AM,2,2,0,,N,226092,11,Front to Rear,21,CLEAR,1,DAYLIGHT,12,MOTOR VEHICLE IN TRANSPORT,MM 87 6 I 65,NASHVILLE,TN,37207,1804,EAST,36.2107,-86.7758,POINT (-86.7758 36.2107)
20190426593,06/04/2019 05:55:00 PM,2,0,0,,N,420040,4,ANGLE,21,CLEAR,1,DAYLIGHT,12,MOTOR VEHICLE IN TRANSPORT,WEDGEWOOD AV & 12TH AVS,NASHVILLE,TN,37203,6913,MIDTOW,36.1361,-86.7879,POINT (-86.7879 36.1361)
20190161694,02/28/2019 01:45:00 PM,2,0,0,,N,267831,11,Front to Rear,22,CLOUDY,1,DAYLIGHT,12,MOTOR VEHICLE IN TRANSPORT,WEST END AV & BOWLING AV,NASHVILLE,TN,37205,6005,WEST,36.1347,-86.8251,POINT (-86.8251 36.1347)
20190260165,04/04/2019 02:41:00 PM,2,0,0,,N,332216,11,Front to Rear,22,CLOUDY,1,DAYLIGHT,14,PARKED MOTOR VEHICLE,FOGG ST & EWING AV,NASHVILLE,TN,37203,4025,CENTRA,36.1509,-86.7762,POINT (-86.7762 36.1509)
20190244242,03/29/2019 03:54:00 PM,2,0,0,,N,320594,5,SIDESWIPE - SAME DIRECTION,21,CLEAR,1,DAYLIGHT,12,MOTOR VEHICLE IN TRANSPORT,OLD HICKORY BLVD & PLANTATION DR,HERMITAGE,TN,37076,9613,HERMIT,36.2006,-86.6209,POINT (-86.6209 36.2006)
20190284979,04/13/2019 09:00:00 PM,2,0,0,,Y,256499,11,Front to Rear,2,RAIN,2,DARK - NOT LIGHTED,12,MOTOR VEHICLE IN TRANSPORT,I65 N ENT RAMP & I 40,NASHVILLE,TN,37208,44041,NORTH,36.1734,-86.8012,POINT (-86.8012 36.1734)
20190210582,03/18/2019 02:23:00 PM,2,0,0,,N,134899,4,ANGLE,21,CLEAR,1,DAYLIGHT,12,MOTOR VEHICLE IN TRANSPORT,MCGAVOCK PKE & FERNBROOK LN,NASHVILLE,TN,37214,9317,HERMIT,36.1859,-86.6762,POINT (-86.6762 36.1859)
20190114039,02/11/2019 10:03:00 PM,2,1,0,,N,212307,11,Front to Rear,2,RAIN,3,DARK - LIGHTED,12,MOTOR VEHICLE IN TRANSPORT,10TH AVS & 10TH AVN,NASHVILLE,TN,37203,4077,CENTRA,36.158,-86.7843,POINT (-86.7843 36.158)
20190483742,06/26/2019 04:23:00 PM,2,1,0,,N,197068,11,Front to Rear,2,RAIN,1,DAYLIGHT,12,MOTOR VEHICLE IN TRANSPORT,CHURCH ST & GEORGE L DAVIS BLVD,NASHVILLE,TN,37203,4119,CENTRA,36.1587,-86.79,POINT (-86.79 36.1587)
20190344157,05/05/2019 02:20:00 AM,2,0,0,,Y,298875,11,Front to Rear,2,RAIN,3,DARK - LIGHTED,12;14;36,MOTOR VEHICLE IN TRANSPORT;PARKED MOTOR VEHICLE;CONCRETE TRAFFIC BARRIER,MM 60 6 I 24,ANTIOCH,TN,37013,88060,SOUTH,36.0339,-86.6421,POINT (-86.6421 36.0339)
20190224547,03/22/2019 08:01:00 PM,2,0,0,,N,151132,11,Front to Rear,21,CLEAR,3,DARK - LIGHTED,12,MOTOR VEHICLE IN TRANSPORT,GALLATIN PKES & DUE WEST AVE,MADISON,TN,37115,1507,MADISO,36.2487,-86.7199,POINT (-86.7199 36.2487)
20190569832,07/31/2019 03:55:00 PM,2,0,0,,N,279204,11,Front to Rear,21,CLEAR,1,DAYLIGHT,12,MOTOR VEHICLE IN TRANSPORT,MM 207 9 I 40,NASHVILLE,TN,37208,54022,NORTH,36.1693,-86.7972,POINT (-86.7972 36.1693)
20190504509,07/04/2019 03:57:00 PM,2,2,0,,N,298860,11,Front to Rear,2,RAIN,1,DAYLIGHT,12,MOTOR VEHICLE IN TRANSPORT,SAUNDERSVILLE RD & SHUTE LN,OLD HICKORY,TN,37138,9721,HERMIT,36.2263,-86.6032,POINT (-86.6032 36.2263)
20190326865,04/28/2019 03:25:00 PM,2,3,0,,N,420040,4,ANGLE,21,CLEAR,1,DAYLIGHT,12,MOTOR VEHICLE IN TRANSPORT,MUSIC SQW & ROY ACUFF PL,NASHVILLE,TN,37203,6715,MIDTOW,36.1502,-86.7932,POINT (-86.7932 36.1502)
20190552169,07/24/2019 11:32:00 AM,2,0,0,,N,109534,4,ANGLE,21,CLEAR,1,DAYLIGHT,12,MOTOR VEHICLE IN TRANSPORT,CHARLES E DAVIS BLVD & FAIN ST,NASHVILLE,TN,37210,8201,HERMIT,36.1521,-86.762,POINT (-86.762 36.1521)
20190126304,02/15/2019 06:27:00 PM,2,0,0,,N,256383,11,Front to Rear,2,RAIN,3,DARK - LIGHTED,12,MOTOR VEHICLE IN TRANSPORT,MURFREESBORO PKE & PHILFRE CT,NASHVILLE,TN,37211,8803,SOUTH,36.078,-86.6829,POINT (-86.6829 36.078)
20190056184,01/22/2019 10:02:00 AM,3,0,0,,Y,620072,11,Front to Rear,21,CLEAR,1,DAYLIGHT,12,MOTOR VEHICLE IN TRANSPORT,EDGEHILL AV & 17TH AVS,NASHVILLE,TN,37212,6627,MIDTOW,36.1435,-86.7944,POINT (-86.7944 36.1435)
20190106843,02/08/2019 08:14:00 PM,2,0,0,,N,256383,4,ANGLE,21,CLEAR,3,DARK - LIGHTED,12,MOTOR VEHICLE IN TRANSPORT,CROSSINGS BLVD & I24 W EXT RAMP,ANTIOCH,TN,37013,8863,SOUTH,36.0418,-86.6466,POINT (-86.6466 36.0418)
20190063404,01/24/2019 05:47:00 PM,2,0,0,,N,311333,4,ANGLE,22,CLOUDY,2,DARK - NOT LIGHTED,12,MOTOR VEHICLE IN TRANSPORT,MURFREESBORO PKE & MOUNTAIN SPRINGS RD,ANTIOCH,TN,37013,8927,SOUTH,36.0478,-86.6121,POINT (-86.6121 36.0478)
20190528309,07/15/2019 07:30:00 AM,2,0,0,,N,306231,11,Front to Rear,2,RAIN,1,DAYLIGHT,12,MOTOR VEHICLE IN TRANSPORT,MM 206 0 I 40,NASHVILLE,TN,37209,45042,NORTH,36.1586,-86.8226,POINT (-86.8226 36.1586)
20190305876,04/21/2019 04:06:00 AM,2,0,0,,Y,212307,11,Front to Rear,21,CLEAR,3,DARK - LIGHTED,12,MOTOR VEHICLE IN TRANSPORT,12TH AVS & BROADWAY,NASHVILLE,TN,37203,4081,CENTRA,36.1563,-86.7873,POINT (-86.7873 36.1563)
20190072478,01/28/2019 07:26:00 AM,2,1,0,,N,299243,11,Front to Rear,21,CLEAR,1,DAYLIGHT,12,MOTOR VEHICLE IN TRANSPORT,MM 49 2 I 24,NASHVILLE,TN,37213,1002,CENTRA,36.1637,-86.7625,POINT (-86.7625 36.1637)
20190357057,05/09/2019 06:21:00 PM,2,0,0,,N,240957,4,ANGLE,22,CLOUDY,1,DAYLIGHT,12,MOTOR VEHICLE IN TRANSPORT,OLD HICKORY BLVD & BRENTWOOD EAST DR,NASHVILLE,TN,37211,8651,MIDTOW,36.0452,-86.7154,POINT (-86.7154 36.0452)
20190197375,03/13/2019 01:20:00 PM,3,1,0,,Y,226673,11,Front to Rear,21,CLEAR,1,DAYLIGHT,12,MOTOR VEHICLE IN TRANSPORT,MM 47 2 I 24,NASHVILLE,TN,37207,19021,EAST,36.1858,-86.7752,POINT (-86.7752 36.1858)
20190429648,06/05/2019 08:30:00 PM,2,0,0,,Y,206675,11,Front to Rear,21,CLEAR,3,DARK - LIGHTED,14,PARKED MOTOR VEHICLE,HARDING PL & SHADESCREST DR,NASHVILLE,TN,37211,8607,MIDTOW,36.0771,-86.7366,POINT (-86.7366 36.0771)
20190350685,05/07/2019 01:54:00 PM,2,0,0,,N,332253,11,Front to Rear,21,CLEAR,1,DAYLIGHT,12,MOTOR VEHICLE IN TRANSPORT,UNION HILL RD & WINGO WAY,GOODLETTSVILLE,TN,37072,2207,MADISO,36.3357,-86.7932,POINT (-86.7932 36.3357)
20190555658,07/25/2019 05:53:00 PM,2,1,0,,N,299266,4,ANGLE,21,CLEAR,1,DAYLIGHT,12,MOTOR VEHICLE IN TRANSPORT,BELL RD & CANE RIDGE RD,ANTIOCH,TN,37013,8753,SOUTH,36.0449,-86.6631,POINT (-86.6631 36.0449)
20190122930,02/14/2019 03:30:00 PM,2,1,0,,N,240976,4,ANGLE,21,CLEAR,1,DAYLIGHT,12,MOTOR VEHICLE IN TRANSPORT,N 9TH ST & MARINA ST,NASHVILLE,TN,37206,1915,EAST,36.1806,-86.7588,POINT (-86.7588 36.1806)
20190471466,06/19/2019 09:45:00 AM,2,1,0,,N,140777,11,Front to Rear,22,CLOUDY,1,DAYLIGHT,12,MOTOR VEHICLE IN TRANSPORT,MM 4 6 I 440,NASHVILLE,TN,37204,7014,MIDTOW,36.1157,-86.7776,POINT (-86.7776 36.1157)
20190128652,02/16/2019 08:38:00 PM,2,0,0,,Y,206676,11,Front to Rear,21,CLEAR,3,DARK - LIGHTED,12,MOTOR VEHICLE IN TRANSPORT,E PALESTINE AV & GALLATIN PKES,MADISON,TN,37115,1507,MADISO,36.2491,-86.718,POINT (-86.718 36.2491)
20190016203,01/07/2019 12:00:00 PM,2,0,0,,N,405391,4,ANGLE,22,CLOUDY,1,DAYLIGHT,12,MOTOR VEHICLE IN TRANSPORT,OLD HICKORY BLVD & HIGHWAY 70S,NASHVILLE,TN,37221,4901,WEST,36.0742,-86.9208,POINT (-86.9208 36.0742)
20190148531,02/23/2019 09:43:00 PM,1,0,0,,N,524985,0,NOT COLLISION W/MOTOR VEHICLE-TRANSPORT,2,RAIN,2,DARK - NOT LIGHTED,18,OTHER OBJECT (NOT FIXED),MM 42 0 I 24,WHITES CREEK,TN,37189,3226,NORTH,36.2582,-86.7879,POINT (-86.7879 36.2582)
20190118831,02/13/2019 08:50:00 AM,3,2,0,,N,591933,4,ANGLE,21,CLEAR,1,DAYLIGHT,12,MOTOR VEHICLE IN TRANSPORT,ARBOR COMMON & BEECHWOOD TER,ANTIOCH,TN,37013,8753,SOUTH,36.0449,-86.6684,POINT (-86.6684 36.0449)
20190361779,05/11/2019 02:55:00 PM,2,0,0,,N,256446,11,Front to Rear,2,RAIN,1,DAYLIGHT,12,MOTOR VEHICLE IN TRANSPORT,BELL RD & BRENTRIDGE CIR,ANTIOCH,TN,37013,8755,SOUTH,36.047,-86.6801,POINT (-86.6801 36.047)
20190049603,01/19/2019 02:54:00 PM,2,0,0,,N,256446,11,Front to Rear,21,CLEAR,1,DAYLIGHT,12,MOTOR VEHICLE IN TRANSPORT,HARDING PL & NOLENSVILLE PKE,NASHVILLE,TN,37211,8705,SOUTH,36.0797,-86.7261,POINT (-86.7261 36.0797)
20190203640,03/15/2019 03:41:00 PM,2,0,0,,N,256423,5,SIDESWIPE - SAME DIRECTION,21,CLEAR,1,DAYLIGHT,12,MOTOR VEHICLE IN TRANSPORT,MM 46 7 I 24,NASHVILLE,TN,37207,19060,EAST,36.1922,-86.7755,POINT (-86.7755 36.1922)
20190471662,06/21/2019 03:31:00 PM,2,0,0,,N,299257,4,ANGLE,21,CLEAR,1,DAYLIGHT,12,MOTOR VEHICLE IN TRANSPORT,HARDING PL & I65 S ENT RAMP,NASHVILLE,TN,37220,7101,MIDTOW,36.0827,-86.7651,POINT (-86.7651 36.0827)
20190035676,01/14/2019 05:31:00 PM,2,0,0,,N,281611,11,Front to Rear,21,CLEAR,2,DARK - NOT LIGHTED,12,MOTOR VEHICLE IN TRANSPORT,I40 E EXT RAMP & I 440,NASHVILLE,TN,37209,5230,WEST,36.1549,-86.8232,POINT (-86.8232 36.1549)
20190446818,06/12/2019 12:39:00 PM,2,0,0,,N,226622,4,ANGLE,22,CLOUDY,1,DAYLIGHT,12,MOTOR VEHICLE IN TRANSPORT,I40 E EXT RAMP & BRILEY PKWY N ENT RAMP,NASHVILLE,TN,37209,4637,WEST,36.154,-86.8569,POINT (-86.8569 36.154)
20190309533,04/22/2019 03:33:00 PM,2,2,0,,Y,306230,2,HEAD-ON,21,CLEAR,1,DAYLIGHT,12,MOTOR VEHICLE IN TRANSPORT,CLARKSVILLE PKE & DRY FORK RD,NASHVILLE,TN,37218,3231,NORTH,36.276,-86.868,POINT (-86.868 36.276)
20190544804,07/21/2019 04:59:00 PM,1,1,0,,N,279204,0,NOT COLLISION W/MOTOR VEHICLE-TRANSPORT,21,CLEAR,1,DAYLIGHT,34;64,DITCH;Ran Off Road-Left,MM 38 0 I 24,WHITES CREEK,TN,37189,2212,NORTH,36.3083,-86.8217,POINT (-86.8217 36.3083)
20190472759,06/22/2019 04:20:00 AM,2,2,0,,N,879558,11,Front to Rear,21,CLEAR,3,DARK - LIGHTED,12,MOTOR VEHICLE IN TRANSPORT,MURFREESBORO PKE & RURAL HILL RD,ANTIOCH,TN,37013,8861,SOUTH,36.0745,-86.6387,POINT (-86.6387 36.0745)
20190302135,04/19/2019 01:49:00 PM,2,0,0,,N,226622,4,ANGLE,2,RAIN,1,DAYLIGHT,12,MOTOR VEHICLE IN TRANSPORT,ANNEX AV & CHARLOTTE PKE,NASHVILLE,TN,37209,5009,WEST,36.14,-86.8818,POINT (-86.8818 36.14)
20190391997,05/22/2019 05:53:00 PM,2,1,0,,N,267831,4,ANGLE,21,CLEAR,1,DAYLIGHT,12,MOTOR VEHICLE IN TRANSPORT,OLD HICKORY BLVD & BELLE FOREST SHOPPING,NASHVILLE,TN,37205,4903,WEST,36.0756,-86.921,POINT (-86.921 36.0756)
20190364157,05/12/2019 12:00:00 AM,2,2,0,Y,N,206964,5,SIDESWIPE - SAME DIRECTION,22,CLOUDY,1,DAYLIGHT,12,MOTOR VEHICLE IN TRANSPORT,MM 60 4 I 24,ANTIOCH,TN,37013,88060,SOUTH,36.0364,-86.6449,POINT (-86.6449 36.0364)
20190450935,06/13/2019 09:14:00 PM,2,1,0,,N,256417,11,Front to Rear,21,CLEAR,2,DARK - NOT LIGHTED,12,MOTOR VEHICLE IN TRANSPORT,MM 221 8 I 40,HERMITAGE,TN,37076,9502,HERMIT,36.1695,-86.5827,POINT (-86.5827 36.1695)
20190441689,06/10/2019 04:16:00 PM,2,0,0,,N,279225,11,Front to Rear,21,CLEAR,1,DAYLIGHT,12,MOTOR VEHICLE IN TRANSPORT,I40 E EXT RAMP & DONELSON PKE,NASHVILLE,TN,37214,8953,HERMIT,36.1404,-86.6664,POINT (-86.6664 36.1404)
20190011875,01/05/2019 12:20:00 PM,2,0,0,,N,402660,11,Front to Rear,21,CLEAR,1,DAYLIGHT,12,MOTOR VEHICLE IN TRANSPORT,I440 E EXT RAMP & I 440,NASHVILLE,TN,37205,5249,WEST,36.1366,-86.8221,POINT (-86.8221 36.1366)
20190114096,02/11/2019 11:20:00 PM,2,1,0,,N,197060,11,Front to Rear,2,RAIN,2,DARK - NOT LIGHTED,12,MOTOR VEHICLE IN TRANSPORT,0 BRILEY PKWYW,NASHVILLE,TN,37207,20141,MADISO,36.2398,-86.7751,POINT (-86.7751 36.2398)
20190145083,02/22/2019 12:45:00 PM,2,1,0,,N,224955,11,Front to Rear,2,RAIN,1,DAYLIGHT,12,MOTOR VEHICLE IN TRANSPORT,GALLATIN PKEN & RIVERGATE PKWY,MADISON,TN,37115,1731,MADISO,36.2973,-86.6988,POINT (-86.6988 36.2973)
20190125699,02/15/2019 02:00:00 PM,2,0,0,,N,876573,4,ANGLE,22,CLOUDY,1,DAYLIGHT,12,MOTOR VEHICLE IN TRANSPORT,MT VIEW RD & BELL FORGE LNE,ANTIOCH,TN,37013,8863,SOUTH,36.0471,-86.648,POINT (-86.648 36.0471)
20190375655,05/16/2019 04:36:00 PM,2,0,0,,N,690942,11,Front to Rear,21,CLEAR,1,DAYLIGHT,12,MOTOR VEHICLE IN TRANSPORT,DEADERICK ST & 4TH AVN,NASHVILLE,TN,37201,4161,CENTRA,36.1658,-86.7803,POINT (-86.7803 36.1658)
20190544093,07/21/2019 07:42:00 AM,1,0,0,Y,N,633381,0,NOT COLLISION W/MOTOR VEHICLE-TRANSPORT,22,CLOUDY,1,DAYLIGHT,30;63,UTILITY POLE;Ran Off Road-Right,OLD HICKORY BLVD & OWEN DR,ANTIOCH,TN,37013,8869,SOUTH,36.0183,-86.6196,POINT (-86.6196 36.0183)
20190281847,04/12/2019 02:18:00 PM,2,0,0,,N,299257,11,Front to Rear,21,CLEAR,1,DAYLIGHT,12,MOTOR VEHICLE IN TRANSPORT,I440 E ENT RAMP & I 65,NASHVILLE,TN,37204,7018,MIDTOW,36.1138,-86.7719,POINT (-86.7719 36.1138)
20190273371,04/09/2019 03:39:00 PM,2,0,0,,Y,256383,5,SIDESWIPE - SAME DIRECTION,21,CLEAR,1,DAYLIGHT,12,MOTOR VEHICLE IN TRANSPORT,MM 51 4 I 24,NASHVILLE,TN,37210,82061,HERMIT,36.1388,-86.7284,POINT (-86.7284 36.1388)
20190304458,04/20/2019 01:25:00 PM,3,2,0,,N,332253,11,Front to Rear,2,RAIN,1,DAYLIGHT,12,MOTOR VEHICLE IN TRANSPORT,GALLATIN PKEN & RIVERGATE PKWY,MADISON,TN,37115,1731,MADISO,36.2973,-86.6988,POINT (-86.6988 36.2973)
20190420381,06/02/2019 09:50:00 AM,2,0,0,,N,320574,11,Front to Rear,21,CLEAR,1,DAYLIGHT,12,MOTOR VEHICLE IN TRANSPORT,MM 211 4 I 40,NASHVILLE,TN,37210,8204,HERMIT,36.1517,-86.7525,POINT (-86.7525 36.1517)
20190352992,05/08/2019 08:55:00 AM,1,0,0,Y,Y,352204,0,NOT COLLISION W/MOTOR VEHICLE-TRANSPORT,21,CLEAR,1,DAYLIGHT,30,UTILITY POLE,DIVISION ST & MUSIC SQE,NASHVILLE,TN,37203,6719,MIDTOW,36.1519,-86.7914,POINT (-86.7914 36.1519)
20190555331,07/25/2019 03:00:00 PM,2,0,0,,Y,161948,11,Front to Rear,21,CLEAR,1,DAYLIGHT,12,MOTOR VEHICLE IN TRANSPORT,MM 212 7 I 40,NASHVILLE,TN,37210,82060,HERMIT,36.143,-86.737,POINT (-86.737 36.143)
20190335750,05/01/2019 06:00:00 PM,3,0,0,,N,256374,11,Front to Rear,22,CLOUDY,1,DAYLIGHT,12,MOTOR VEHICLE IN TRANSPORT,NOLENSVILLE PKE & MCNALLY DR,NASHVILLE,TN,37211,8435,SOUTH,36.0933,-86.7362,POINT (-86.7362 36.0933)
20190345241,05/05/2019 05:29:00 PM,2,0,0,,N,299241,4,ANGLE,21,CLEAR,1,DAYLIGHT,12,MOTOR VEHICLE IN TRANSPORT,ANDREW JACKSON WAY & OLD HICKORY BLVD,HERMITAGE,TN,37076,9561,HERMIT,36.1821,-86.6076,POINT (-86.6076 36.1821)
20190470425,06/21/2019 06:52:00 AM,2,0,0,,N,109534,5,SIDESWIPE - SAME DIRECTION,21,CLEAR,1,DAYLIGHT,12,MOTOR VEHICLE IN TRANSPORT,BRILEY PKWY S EXT RAMP & BRILEY PKWYS,NASHVILLE,TN,37214,9209,HERMIT,36.1924,-86.6874,POINT (-86.6874 36.1924)
20190055302,01/22/2019 01:09:00 AM,2,0,0,,Y,166477,6,SIDESWIPE - OPPOSITE DIRECTION,21,CLEAR,2,DARK - NOT LIGHTED,12;63;68;72,MOTOR VEHICLE IN TRANSPORT;Ran Off Road-Right;Cross Center Line;EMBANKMENT ROCK/STONE/CONCRETE,RURAL HILL RD & HICKORY HIGHLANDS DR,ANTIOCH,TN,37013,8861,SOUTH,36.0594,-86.6452,POINT (-86.6452 36.0594)
20190436737,06/08/2019 02:12:00 PM,2,1,0,,N,299249,4,ANGLE,21,CLEAR,1,DAYLIGHT,55,Motor Vehicle-In-Motion Outside Trafficw,0 CENTRAL PKE,HERMITAGE,TN,37076,9561,HERMIT,36.174,-86.6057,POINT (-86.6057 36.174)
20190437919,06/09/2019 02:06:00 AM,2,1,0,,Y,189243,11,Front to Rear,21,CLEAR,7,Dark-Unknown Lighting,12,MOTOR VEHICLE IN TRANSPORT,I24 E ENT RAMP & I 24,NASHVILLE,TN,37213,1007,CENTRA,36.1662,-86.7659,POINT (-86.7659 36.1662)
20190429334,06/05/2019 06:00:00 PM,2,0,0,,N,212338,2,HEAD-ON,21,CLEAR,1,DAYLIGHT,12,MOTOR VEHICLE IN TRANSPORT,HARDING PL & BELMONT PARK TER,NASHVILLE,TN,37215,6401,MIDTOW,36.0895,-86.8048,POINT (-86.8048 36.0895)
20190180468,03/07/2019 06:39:00 AM,1,0,0,,N,716886,0,NOT COLLISION W/MOTOR VEHICLE-TRANSPORT,21,CLEAR,1,DAYLIGHT,34,DITCH,PIN HOOK RD & CHUTNEY DR,ANTIOCH,TN,37013,8901,SOUTH,36.045,-86.578,POINT (-86.578 36.045)
20190473363,06/22/2019 01:50:00 PM,2,1,0,,N,299258,4,ANGLE,21,CLEAR,1,DAYLIGHT,12,MOTOR VEHICLE IN TRANSPORT,ASHLAND CITY HWY & BRILEY PKWYN,NASHVILLE,TN,37218,3205,NORTH,36.2097,-86.871,POINT (-86.871 36.2097)
20190336044,05/01/2019 08:08:00 PM,1,0,0,,N,834813,0,NOT COLLISION W/MOTOR VEHICLE-TRANSPORT,22,CLOUDY,2,DARK - NOT LIGHTED,71,EMBANKMENT EARTH,OLD HICKORY BLVD & SIMPKINS RD,WHITES CREEK,TN,37189,3305,NORTH,36.2844,-86.862,POINT (-86.862 36.2844)
20190201261,03/14/2019 08:44:00 PM,2,2,0,,N,279124,11,Front to Rear,21,CLEAR,3,DARK - LIGHTED,12,MOTOR VEHICLE IN TRANSPORT,TUSCULUM RD & SHIHMEN DR,ANTIOCH,TN,37013,8713,SOUTH,36.1676,-86.7787,POINT (-86.7787 36.1676)
20190429071,06/05/2019 03:25:00 PM,2,0,0,,N,330444,5,SIDESWIPE - SAME DIRECTION,21,CLEAR,1,DAYLIGHT,12,MOTOR VEHICLE IN TRANSPORT,14TH AVN & CHARLOTTE AV,NASHVILLE,TN,37203,5501,MIDTOW,36.1608,-86.7937,POINT (-86.7937 36.1608)
20190308247,04/22/2019 06:46:00 AM,2,0,0,,Y,226136,11,Front to Rear,21,CLEAR,1,DAYLIGHT,12,MOTOR VEHICLE IN TRANSPORT,HARDING PL & ANTIOCH PKE,NASHVILLE,TN,37211,8847,SOUTH,36.0875,-86.6921,POINT (-86.6921 36.0875)
20190108092,02/09/2019 09:45:00 AM,2,0,0,,N,256428,4,ANGLE,21,CLEAR,1,DAYLIGHT,12,MOTOR VEHICLE IN TRANSPORT,EASTLAND AV & GALLATIN AV,NASHVILLE,TN,37206,1243,EAST,36.1838,-86.7484,POINT (-86.7484 36.1838)
20190416535,05/31/2019 10:30:00 AM,2,0,0,,Y,197070,11,Front to Rear,21,CLEAR,1,DAYLIGHT,12,MOTOR VEHICLE IN TRANSPORT,CLARKSVILLE PKE & ROSA L PARKS BLVD,NASHVILLE,TN,37228,4483,NORTH,36.1889,-86.8231,POINT (-86.8231 36.1889)
20190531504,07/16/2019 11:30:00 AM,2,0,0,,N,226673,11,Front to Rear,21,CLEAR,1,DAYLIGHT,12,MOTOR VEHICLE IN TRANSPORT,CHURCH ST & GULCH GRNWY,NASHVILLE,TN,37203,4117,CENTRA,36.1596,-86.7883,POINT (-86.7883 36.1596)