Accident Number,Date and Time,Number of Motor Vehicles,Number of Injuries,Number of Fatalities,Property Damage,Hit and Run,Reporting Officer,Collision Type Code,Collision Type Description,Weather Code,Weather Description,Illumination Code,Illumination Description,Harmful Code,Harmful Code Description,Street Address,City,State,ZIP,RPA,Precinct,Latitude,Longitude,Mapped Location
20190102441,02/06/2019 08:00:00 PM,1,0,0,Y,N,330444,0,NOT COLLISION W/MOTOR VEHICLE-TRANSPORT,2,RAIN,2,DARK - NOT LIGHTED,31;41;64,"OTHER POST, POLE, SUPP.;SHRUBBERY;Ran Off Road-Left",BUENA VISTA PKE & MIKE SHIELDS CT,NASHVILLE,TN,37218,3035,NORTH,36.2104,-86.8182,POINT (-86.8182 36.2104)
20190499198,07/02/2019 05:25:00 PM,1,1,0,,N,267831,0,NOT COLLISION W/MOTOR VEHICLE-TRANSPORT,21,CLEAR,1,DAYLIGHT,39,WALL,MM 205 4 I 40,NASHVILLE,TN,37209,52040,WEST,36.1546,-86.8315,POINT (-86.8315 36.1546)
20190238928,03/27/2019 11:49:00 PM,1,0,0,,N,468098,0,NOT COLLISION W/MOTOR VEHICLE-TRANSPORT,21,CLEAR,2,DARK - NOT LIGHTED,42,TREE,MT VIEW RD & HICKORY HOLLOW PKWY,ANTIOCH,TN,37013,8859,SOUTH,36.0588,-86.6705,POINT (-86.6705 36.0588)
20190395734,05/23/2019 10:17:00 PM,2,0,0,,N,279124,11,Front to Rear,21,CLEAR,3,DARK - LIGHTED,12,MOTOR VEHICLE IN TRANSPORT,HAYWOOD LN & EAST RIDGE DR,NASHVILLE,TN,37211,8707,SOUTH,36.07,-86.6985,POINT (-86.6985 36.07)
20190513993,07/10/2019 12:00:00 AM,2,0,0,,N,224953,11,Front to Rear,21,CLEAR,1,DAYLIGHT,12,MOTOR VEHICLE IN TRANSPORT,OLDHAM ST & N 1ST ST,NASHVILLE,TN,37213,1985,CENTRA,36.1744,-86.7741,POINT (-86.7741 36.1744)
20190300575,04/19/2019 12:58:00 AM,1,0,0,,N,311336,0,NOT COLLISION W/MOTOR VEHICLE-TRANSPORT,2,RAIN,2,DARK - NOT LIGHTED,50,DEER (ANIMAL),ELLINGTON PKWYS & ELLINGTON PKWYN,NASHVILLE,TN,37207,1995,EAST,36.1758,-86.7666,POINT (-86.7666 36.1758)
20190244358,03/29/2019 05:19:00 PM,2,0,0,,N,212343,4,ANGLE,21,CLEAR,1,DAYLIGHT,12,MOTOR VEHICLE IN TRANSPORT,INTERSTATE DR & JAMES ROBERTSON PKWY,NASHVILLE,TN,37213,1105,CENTRA,36.1714,-86.769,POINT (-86.769 36.1714)
20190256477,04/03/2019 08:40:00 AM,2,2,0,,N,834798,4,ANGLE,21,CLEAR,1,DAYLIGHT,12,MOTOR VEHICLE IN TRANSPORT,18TH AVS & CHET ATKINS PL,NASHVILLE,TN,37203,6715,MIDTOW,36.149,-86.7947,POINT (-86.7947 36.149)
20190289630,04/15/2019 12:00:00 AM,2,0,0,,N,279200,5,SIDESWIPE - SAME DIRECTION,21,CLEAR,1,DAYLIGHT,12,MOTOR VEHICLE IN TRANSPORT,5TH AVN & JEFFERSON ST,NASHVILLE,TN,37219,4235,CENTRA,36.1743,-86.7874,POINT (-86.7874 36.1743)
20190568888,07/31/2019 08:40:00 AM,2,0,0,,N,166478,4,ANGLE,21,CLEAR,1,DAYLIGHT,12,MOTOR VEHICLE IN TRANSPORT,JEFFERSON ST & 9TH AVN,NASHVILLE,TN,37208,4239,NORTH,36.1729,-86.7931,POINT (-86.7931 36.1729)
20190077451,01/29/2019 05:11:00 PM,2,1,0,,Y,876597,11,Front to Rear,21,CLEAR,3,DARK - LIGHTED,12,MOTOR VEHICLE IN TRANSPORT,BELL RD & BELL CREST DR,ANTIOCH,TN,37013,8865,SOUTH,36.0632,-86.6375,POINT (-86.6375 36.0632)
20190267778,04/07/2019 04:16:00 PM,2,0,0,,N,311327,11,Front to Rear,2,RAIN,1,DAYLIGHT,12,MOTOR VEHICLE IN TRANSPORT,GALLATIN AV & CAHAL AV,NASHVILLE,TN,37206,1331,EAST,36.196,-86.7426,POINT (-86.7426 36.196)
20190092853,02/04/2019 07:21:00 AM,4,0,0,,N,191578,11,Front to Rear,22,CLOUDY,1,DAYLIGHT,12,MOTOR VEHICLE IN TRANSPORT,LEBANON PKE & BONNABROOK DR,HERMITAGE,TN,37076,9531,HERMIT,36.1917,-86.6248,POINT (-86.6248 36.1917)
20190577314,08/03/2019 02:25:00 PM,2,1,0,,N,320601,11,Front to Rear,21,CLEAR,1,DAYLIGHT,12,MOTOR VEHICLE IN TRANSPORT,NOLENSVILLE PKE & HARDING PL,NASHVILLE,TN,37211,8445,SOUTH,36.0809,-86.7267,POINT (-86.7267 36.0809)
20190417262,05/31/2019 08:22:00 PM,2,0,0,,Y,151132,4,ANGLE,21,CLEAR,2,DARK - NOT LIGHTED,12,MOTOR VEHICLE IN TRANSPORT,MANZANO RD & FAWN LN,MADISON,TN,37115,1635,MADISO,36.2578,-86.6817,POINT (-86.6817 36.2578)
20190040625,01/16/2019 09:00:00 AM,3,0,0,,N,226622,11,Front to Rear,22,CLOUDY,1,DAYLIGHT,12,MOTOR VEHICLE IN TRANSPORT,OLD HICKORY BLVD & BELLEVUE RD,NASHVILLE,TN,37221,4819,WEST,36.0631,-86.9169,POINT (-86.9169 36.0631)
20190493874,06/30/2019 12:00:00 AM,2,0,0,,Y,279204,9,UNKNOWN,21,CLEAR,1,DAYLIGHT,14,PARKED MOTOR VEHICLE,ROSA L PARKS BLVD & CHEATHAM PL,NASHVILLE,TN,37208,4333,NORTH,36.1783,-86.7949,POINT (-86.7949 36.1783)
20190232062,03/25/2019 05:36:00 PM,2,1,0,,N,299266,4,ANGLE,22,CLOUDY,1,DAYLIGHT,12,MOTOR VEHICLE IN TRANSPORT,MURFREESBORO PKE & BELL RD,ANTIOCH,TN,37013,8979,SOUTH,36.072,-86.636,POINT (-86.636 36.072)
20190442277,06/10/2019 10:00:00 PM,2,2,0,,Y,834813,4,ANGLE,21,CLEAR,3,DARK - LIGHTED,12,MOTOR VEHICLE IN TRANSPORT,CLARKSVILLE PKE & CLARKSVILLE PKE PVTDR,NASHVILLE,TN,37218,3109,NORTH,36.2267,-86.8361,POINT (-86.8361 36.2267)
20190027217,01/11/2019 08:59:00 AM,2,0,0,,N,716886,5,SIDESWIPE - SAME DIRECTION,21,CLEAR,1,DAYLIGHT,12,MOTOR VEHICLE IN TRANSPORT,I24 W ENT RAMP & I 24,NASHVILLE,TN,37206,1009,EAST,36.1666,-86.7638,POINT (-86.7638 36.1666)
20190328578,04/29/2019 08:55:00 AM,2,0,0,,N,665896,11,Front to Rear,21,CLEAR,1,DAYLIGHT,12,MOTOR VEHICLE IN TRANSPORT,SAUNDERS AV & SAUNDERS CT,NASHVILLE,TN,37216,1847,EAST,36.217,-86.7373,POINT (-86.7373 36.217)
20190350570,05/07/2019 12:55:00 PM,2,3,0,,N,693093,11,Front to Rear,21,CLEAR,1,DAYLIGHT,12,MOTOR VEHICLE IN TRANSPORT,I65 S EXT RAMP & I 65,MADISON,TN,37115,20044,MADISO,36.2481,-86.743,POINT (-86.743 36.2481)
20190559858,07/27/2019 12:16:00 PM,3,0,0,,N,320574,11,Front to Rear,21,CLEAR,1,DAYLIGHT,12,MOTOR VEHICLE IN TRANSPORT,MM 211 5 I 40,NASHVILLE,TN,37210,8204,HERMIT,36.1514,-86.7517,POINT (-86.7517 36.1514)
20190289436,04/15/2019 04:52:00 PM,2,1,0,,N,433550,5,SIDESWIPE - SAME DIRECTION,21,CLEAR,1,DAYLIGHT,13,MOTOR VEHICLE IN TRANSPORT-OTHER ROADWAY,ROBINSON RD & HURST DR,OLD HICKORY,TN,37138,9611,HERMIT,36.2543,-86.6509,POINT (-86.6509 36.2543)
20190558765,07/26/2019 09:34:00 PM,2,0,0,,N,179582,11,Front to Rear,21,CLEAR,2,DARK - NOT LIGHTED,12,MOTOR VEHICLE IN TRANSPORT,HARDING PL & LARGO DR,NASHVILLE,TN,37211,8705,SOUTH,36.0833,-86.7086,POINT (-86.7086 36.0833)
20190161413,02/28/2019 11:30:00 AM,2,0,0,,N,226136,11,Front to Rear,22,CLOUDY,1,DAYLIGHT,12,MOTOR VEHICLE IN TRANSPORT,I440 E EXT RAMP & I 440,NASHVILLE,TN,37205,5249,WEST,36.1366,-86.8221,POINT (-86.8221 36.1366)
20190188599,03/10/2019 10:42:00 AM,2,0,0,,N,212325,5,SIDESWIPE - SAME DIRECTION,21,CLEAR,1,DAYLIGHT,12,MOTOR VEHICLE IN TRANSPORT,GALLATIN PKES & HARRINGTON AV,MADISON,TN,37115,1605,MADISO,36.2578,-86.7138,POINT (-86.7138 36.2578)
20190129369,02/17/2019 03:00:00 AM,2,0,0,,Y,212307,6,SIDESWIPE - OPPOSITE DIRECTION,22,CLOUDY,3,DARK - LIGHTED,12,MOTOR VEHICLE IN TRANSPORT,BROADWAY & 3RD AVN,NASHVILLE,TN,37201,4105,CENTRA,36.1615,-86.776,POINT (-86.776 36.1615)
20190329750,04/29/2019 06:06:00 PM,3,1,0,,N,256383,5,SIDESWIPE - SAME DIRECTION,21,CLEAR,1,DAYLIGHT,12,MOTOR VEHICLE IN TRANSPORT,MM 51 4 I 24,NASHVILLE,TN,37210,82061,HERMIT,36.1388,-86.7284,POINT (-86.7284 36.1388)
20190030514,01/12/2019 12:00:00 AM,2,0,0,,Y,279204,9,UNKNOWN,99,UNKNOWN,9,UNKNOWN,14,PARKED MOTOR VEHICLE,10TH AVN & CHEATHAM PL,NASHVILLE,TN,37208,4327,NORTH,36.1765,-86.7979,POINT (-86.7979 36.1765)
20190094536,02/04/2019 05:06:00 PM,2,0,0,,N,256501,4,ANGLE,2,RAIN,3,DARK - LIGHTED,12,MOTOR VEHICLE IN TRANSPORT,CLARKSVILLE PKE & BUENA VISTA PKE,NASHVILLE,TN,37218,3135,NORTH,36.1935,-86.8309,POINT (-86.8309 36.1935)
20190281068,04/12/2019 08:36:00 AM,3,2,0,,N,226136,11,Front to Rear,22,CLOUDY,1,DAYLIGHT,12,MOTOR VEHICLE IN TRANSPORT,MM 74 6 I 65,BRENTWOOD,TN,37027,8604,MIDTOW,36.0387,-86.7826,POINT (-86.7826 36.0387)
20190378182,05/17/2019 01:06:00 PM,2,0,0,,N,716886,5,SIDESWIPE - SAME DIRECTION,21,CLEAR,1,DAYLIGHT,12,MOTOR VEHICLE IN TRANSPORT,I24 W EXT RAMP & I 24,NASHVILLE,TN,37211,8829,SOUTH,36.1074,-86.7197,POINT (-86.7197 36.1074)
20190490006,06/29/2019 12:10:00 AM,2,0,0,,Y,320590,4,ANGLE,21,CLEAR,3,DARK - LIGHTED,12,MOTOR VEHICLE IN TRANSPORT,WHITES CREEK PKE & KNIGHT DR,WHITES CREEK,TN,37189,3227,NORTH,36.2641,-86.8308,POINT (-86.8308 36.2641)
20190132689,02/18/2019 01:50:00 PM,2,0,0,,Y,591933,11,Front to Rear,21,CLEAR,1,DAYLIGHT,12,MOTOR VEHICLE IN TRANSPORT,MURFREESBORO PKE & HOBSON PKE,ANTIOCH,TN,37013,8927,SOUTH,36.043,-86.6066,POINT (-86.6066 36.043)
20190251056,04/01/2019 01:30:00 PM,2,1,0,,N,330427,11,Front to Rear,21,CLEAR,1,DAYLIGHT,12,MOTOR VEHICLE IN TRANSPORT,MM 49 3 I 24,NASHVILLE,TN,37206,10040,EAST,36.1629,-86.7614,POINT (-86.7614 36.1629)
20190314531,04/23/2019 11:05:00 PM,2,0,0,,N,220884,11,Front to Rear,21,CLEAR,3,DARK - LIGHTED,14,PARKED MOTOR VEHICLE,E PALESTINE AV & GALLATIN PKES,MADISON,TN,37115,1507,MADISO,36.2491,-86.718,POINT (-86.718 36.2491)
20190109213,02/09/2019 10:30:00 PM,2,0,0,,Y,279216,16,Rear to Side,21,CLEAR,3,DARK - LIGHTED,14,PARKED MOTOR VEHICLE,BRICK CHURCH PKE & ARTIC AV,NASHVILLE,TN,37207,3003,NORTH,36.2038,-86.7771,POINT (-86.7771 36.2038)
20190445733,06/12/2019 01:05:00 AM,4,0,0,,Y,311340,4,ANGLE,21,CLEAR,3,DARK - LIGHTED,12;14,MOTOR VEHICLE IN TRANSPORT;PARKED MOTOR VEHICLE,SOUTH ST & VILLA PL,NASHVILLE,TN,37203,6723,MIDTOW,36.1479,-86.7911,POINT (-86.7911 36.1479)
20190525762,07/14/2019 12:55:00 AM,5,2,0,,N,299274,11,Front to Rear,22,CLOUDY,3,DARK - LIGHTED,12,MOTOR VEHICLE IN TRANSPORT,MM 210 8 I 40,NASHVILLE,TN,37210,40080,CENTRA,36.1544,-86.7625,POINT (-86.7625 36.1544)
20190112413,02/12/2019 09:45:00 AM,2,0,0,,Y,224953,6,SIDESWIPE - OPPOSITE DIRECTION,22,CLOUDY,1,DAYLIGHT,12,MOTOR VEHICLE IN TRANSPORT,ROSA L PARKS BLVD & 10TH CIRN,NASHVILLE,TN,37203,4209,CENTRA,36.1678,-86.7879,POINT (-86.7879 36.1678)
20190469457,06/20/2019 09:32:00 PM,2,0,0,,N,834813,11,Front to Rear,21,CLEAR,3,DARK - LIGHTED,12,MOTOR VEHICLE IN TRANSPORT,28TH AVN & I40 W EXT RAMP,NASHVILLE,TN,37209,4521,NORTH,36.1652,-86.8201,POINT (-86.8201 36.1652)
20190559281,07/27/2019 03:50:00 AM,1,0,0,,N,330422,0,NOT COLLISION W/MOTOR VEHICLE-TRANSPORT,21,CLEAR,2,DARK - NOT LIGHTED,50,DEER (ANIMAL),ASHLAND CITY HWY & OLD HYDES FERRY PKE,NASHVILLE,TN,37218,3341,NORTH,36.2072,-86.9369,POINT (-86.9369 36.2072)
20190408133,05/28/2019 07:55:00 PM,2,1,0,,N,717341,11,Front to Rear,21,CLEAR,5,DUSK,12,MOTOR VEHICLE IN TRANSPORT,MURFREESBORO PKE & FOREST VIEW DR,ANTIOCH,TN,37013,8865,SOUTH,36.0674,-86.6313,POINT (-86.6313 36.0674)
20190011467,01/05/2019 07:37:00 AM,2,0,0,,N,584947,5,SIDESWIPE - SAME DIRECTION,21,CLEAR,1,DAYLIGHT,12,MOTOR VEHICLE IN TRANSPORT,WEDGEWOOD AV & 8TH AVS,NASHVILLE,TN,37204,6919,MIDTOW,36.1343,-86.7796,POINT (-86.7796 36.1343)
20190020591,01/09/2019 12:49:00 AM,1,1,0,Y,N,212310,0,NOT COLLISION W/MOTOR VEHICLE-TRANSPORT,21,CLEAR,3,DARK - LIGHTED,24;6,GUARDRAIL FACE,BRICK CHURCH PKE & I65 S ENT RAMP,NASHVILLE,TN,37207,3007,NORTH,36.2054,-86.778,POINT (-86.778 36.2054)
20190126071,02/15/2019 12:00:00 AM,1,0,0,Y,Y,298868,0,NOT COLLISION W/MOTOR VEHICLE-TRANSPORT,2,RAIN,1,DAYLIGHT,38,FENCE,ELMINGTON AV & WHITWORTH BLVD,NASHVILLE,TN,37205,6005,WEST,36.1299,-86.8204,POINT (-86.8204 36.1299)
20190032669,01/13/2019 03:35:00 PM,2,0,0,,N,206964,11,Front to Rear,22,CLOUDY,1,DAYLIGHT,14,PARKED MOTOR VEHICLE,0 BELL RD,ANTIOCH,TN,37013,8753,SOUTH,36.0448,-86.6615,POINT (-86.6615 36.0448)
20190009467,01/04/2019 12:46:00 PM,2,0,0,,N,676834,4,ANGLE,2,RAIN,1,DAYLIGHT,12,MOTOR VEHICLE IN TRANSPORT,14TH AVN & CHARLOTTE AV,NASHVILLE,TN,37203,5501,MIDTOW,36.1608,-86.7937,POINT (-86.7937 36.1608)
20190326326,04/28/2019 07:32:00 AM,2,0,0,,N,584947,4,ANGLE,22,CLOUDY,1,DAYLIGHT,12,MOTOR VEHICLE IN TRANSPORT,TYNE BLVD & SEWANEE RD,NASHVILLE,TN,37220,7107,MIDTOW,36.0807,-86.7984,POINT (-86.7984 36.0807)
20190231563,03/25/2019 02:55:00 PM,2,0,0,,N,298867,5,SIDESWIPE - SAME DIRECTION,21,CLEAR,1,DAYLIGHT,12,MOTOR VEHICLE IN TRANSPORT,MAIN ST & N 7TH ST,NASHVILLE,TN,37206,1119,EAST,36.1748,-86.7602,POINT (-86.7602 36.1748)
20190511180,07/07/2019 10:06:00 PM,2,0,0,,Y,320583,5,SIDESWIPE - SAME DIRECTION,21,CLEAR,3,DARK - LIGHTED,12,MOTOR VEHICLE IN TRANSPORT,MM 209 2 I 40,NASHVILLE,TN,37203,4002,CENTRA,36.1553,-86.7889,POINT (-86.7889 36.1553)
20190214409,03/19/2019 05:17:00 PM,2,0,0,,Y,279194,11,Front to Rear,21,CLEAR,1,DAYLIGHT,12,MOTOR VEHICLE IN TRANSPORT,I40 E ENT RAMP & STEWARTS FERRY PKE,NASHVILLE,TN,37214,8959,HERMIT,36.1554,-86.6267,POINT (-86.6267 36.1554)
20190479321,06/25/2019 06:24:00 AM,2,1,0,,N,311341,4,ANGLE,21,CLEAR,1,DAYLIGHT,12,MOTOR VEHICLE IN TRANSPORT,WILSON BLVDS & WEST END AV,NASHVILLE,TN,37205,6019,WEST,36.131,-86.8342,POINT (-86.8342 36.131)
20190495774,07/01/2019 01:25:00 PM,2,0,0,,Y,584947,4,ANGLE,21,CLEAR,1,DAYLIGHT,12;20,MOTOR VEHICLE IN TRANSPORT;IMPACT ATTENUATOR,I65 S ENT RAMP & I 65,NASHVILLE,TN,37207,3007,NORTH,36.2057,-86.778,POINT (-86.778 36.2057)
20190163444,03/01/2019 03:41:00 AM,1,0,0,Y,Y,298871,0,NOT COLLISION W/MOTOR VEHICLE-TRANSPORT,21,CLEAR,3,DARK - LIGHTED,19,BUILDING,DEMONBREUN ST & DIVISION ST,NASHVILLE,TN,37203,6721,MIDTOW,36.1521,-86.7913,POINT (-86.7913 36.1521)
20180188650,03/10/2019 11:25:00 AM,2,0,0,,N,279230,4,ANGLE,21,CLEAR,1,DAYLIGHT,12,MOTOR VEHICLE IN TRANSPORT,UNA ANTIOCH PKE & RANSOM VILLAGE WAY,ANTIOCH,TN,37013,8891,SOUTH,36.0841,-86.65,POINT (-86.65 36.0841)
20190307089,04/21/2019 06:56:00 PM,2,0,0,,N,299267,11,Front to Rear,21,CLEAR,1,DAYLIGHT,12,MOTOR VEHICLE IN TRANSPORT,OLD HICKORY BLVD & ENCLAVE CIR,NASHVILLE,TN,37211,8651,MIDTOW,36.0436,-86.726,POINT (-86.726 36.0436)
20190248982,03/31/2019 07:17:00 PM,2,0,0,,Y,309262,4,ANGLE,21,CLEAR,1,DAYLIGHT,14,PARKED MOTOR VEHICLE,WESTCHESTER DR & DICKERSON PKE,MADISON,TN,37115,2019,MADISO,36.2632,-86.7573,POINT (-86.7573 36.2632)
20190079343,01/30/2019 07:43:00 AM,1,0,0,,N,226306,0,NOT COLLISION W/MOTOR VEHICLE-TRANSPORT,21,CLEAR,1,DAYLIGHT,34,DITCH,OLD CHARLOTTE PKE & SEARS RD,PEGRAM,TN,37143,4715,WEST,36.1073,-87.0166,POINT (-87.0166 36.1073)
20190235551,03/26/2019 08:16:00 PM,2,3,0,,N,256448,11,Front to Rear,21,CLEAR,3,DARK - LIGHTED,12,MOTOR VEHICLE IN TRANSPORT,BRILEY PKWYS & WANDA DR,NASHVILLE,TN,37214,9096,HERMIT,36.1573,-86.6927,POINT (-86.6927 36.1573)
20190106735,02/08/2019 07:34:00 PM,1,1,0,,Y,151132,0,NOT COLLISION W/MOTOR VEHICLE-TRANSPORT,21,CLEAR,2,DARK - NOT LIGHTED,8,PEDESTRIAN,MYATT DR & EDENWOLD RD,MADISON,TN,37115,1715,MADISO,36.2889,-86.6934,POINT (-86.6934 36.2889)
20190256388,04/03/2019 08:00:00 AM,2,0,0,,N,876581,4,ANGLE,21,CLEAR,1,DAYLIGHT,12,MOTOR VEHICLE IN TRANSPORT,BRILEY PKWY E EXT RAMP & BRICK CHURCH PK,NASHVILLE,TN,37207,2031,MADISO,36.2375,-86.781,POINT (-86.781 36.2375)
20190299421,04/18/2019 02:45:00 PM,2,0,0,,N,256383,5,SIDESWIPE - SAME DIRECTION,22,CLOUDY,1,DAYLIGHT,12,MOTOR VEHICLE IN TRANSPORT,1 BELL RD,ANTIOCH,TN,37013,8753,SOUTH,36.0448,-86.6696,POINT (-86.6696 36.0448)
20190515410,07/09/2019 09:34:00 PM,1,1,0,,N,256426,0,NOT COLLISION W/MOTOR VEHICLE-TRANSPORT,21,CLEAR,3,DARK - LIGHTED,39,WALL,MM 51 5 I 24,NASHVILLE,TN,37210,9004,HERMIT,36.1404,-86.7287,POINT (-86.7287 36.1404)
20190404612,05/27/2019 02:31:00 PM,1,1,0,Y,N,524985,0,NOT COLLISION W/MOTOR VEHICLE-TRANSPORT,21,CLEAR,1,DAYLIGHT,1;40;72,MAIL BOX;EMBANKMENT ROCK/STONE/CONCRETE,EWING DR & EWING LN,NASHVILLE,TN,37207,3023,NORTH,36.2324,-86.787,POINT (-86.787 36.2324)
20190368395,05/14/2019 09:25:00 AM,2,2,0,,N,235761,4,ANGLE,21,CLEAR,1,DAYLIGHT,12,MOTOR VEHICLE IN TRANSPORT,HARDING PKE & RIDGEFIELD WAY,NASHVILLE,TN,37205,6021,WEST,36.1264,-86.8456,POINT (-86.8456 36.1264)
20190537730,07/18/2019 12:00:00 AM,2,0,0,,N,298868,6,SIDESWIPE - OPPOSITE DIRECTION,22,CLOUDY,1,DAYLIGHT,12,MOTOR VEHICLE IN TRANSPORT,WHITE BRIDGE PKE & LENOX AV,NASHVILLE,TN,37209,5103,WEST,36.1493,-86.8579,POINT (-86.8579 36.1493)
20190539941,07/19/2019 01:23:00 PM,2,3,0,,N,716886,11,Front to Rear,21,CLEAR,1,DAYLIGHT,12,MOTOR VEHICLE IN TRANSPORT,CROSSINGS BLVD & OLD FRANKLIN RD,ANTIOCH,TN,37013,8863,SOUTH,36.0356,-86.6394,POINT (-86.6394 36.0356)
20190436642,06/08/2019 12:44:00 PM,2,0,0,,Y,630627,4,ANGLE,22,CLOUDY,1,DAYLIGHT,12,MOTOR VEHICLE IN TRANSPORT,WEDGEWOOD AV & HILLSIDE AV,NASHVILLE,TN,37203,6915,MIDTOW,36.1347,-86.784,POINT (-86.784 36.1347)
20190060219,01/23/2019 05:42:00 PM,2,0,0,,N,212331,4,ANGLE,2,RAIN,3,DARK - LIGHTED,12,MOTOR VEHICLE IN TRANSPORT,GALLATIN PKES & WOODRUFF ST,MADISON,TN,37115,1605,MADISO,36.2599,-86.7131,POINT (-86.7131 36.2599)
20190567737,07/30/2019 08:43:00 PM,2,0,0,,Y,240955,4,ANGLE,21,CLEAR,3,DARK - LIGHTED,12,MOTOR VEHICLE IN TRANSPORT,PIN HOOK RD & LAVERGNE COUCHVILLE PKE,ANTIOCH,TN,37013,8905,SOUTH,36.0464,-86.5835,POINT (-86.5835 36.0464)
20190470776,06/21/2019 09:45:00 AM,2,1,0,,N,676834,11,Front to Rear,21,CLEAR,1,DAYLIGHT,12,MOTOR VEHICLE IN TRANSPORT,MM 85 3 I 65,NASHVILLE,TN,37208,43042,NORTH,36.1847,-86.7977,POINT (-86.7977 36.1847)
20190286717,04/14/2019 04:13:00 PM,2,0,0,,Y,524985,6,SIDESWIPE - OPPOSITE DIRECTION,99,UNKNOWN,9,UNKNOWN,14;55,PARKED MOTOR VEHICLE;Motor Vehicle-In-Motion Outside Trafficw,KINGVIEW DR & HAYNES PARK DR,NASHVILLE,TN,37218,3141,NORTH,36.2136,-86.8355,POINT (-86.8355 36.2136)
20190028550,01/11/2019 05:56:00 PM,2,0,0,,Y,267831,5,SIDESWIPE - SAME DIRECTION,22,CLOUDY,3,DARK - LIGHTED,12,MOTOR VEHICLE IN TRANSPORT,HARDING PKE & HIGHWAY 100,NASHVILLE,TN,37205,6209,WEST,36.0997,-86.8714,POINT (-86.8714 36.0997)
20190444636,06/11/2019 06:16:00 PM,2,0,0,,Y,206675,11,Front to Rear,21,CLEAR,1,DAYLIGHT,12,MOTOR VEHICLE IN TRANSPORT,MM 210 4 I 40,NASHVILLE,TN,37210,80022,SOUTH,36.1511,-86.7695,POINT (-86.7695 36.1511)
20190059141,01/23/2019 08:52:00 AM,2,0,0,,N,330415,5,SIDESWIPE - SAME DIRECTION,2,RAIN,1,DAYLIGHT,12,MOTOR VEHICLE IN TRANSPORT,OLD HICKORY BLVD & SHUTE LN,OLD HICKORY,TN,37138,9713,HERMIT,36.2323,-86.6247,POINT (-86.6247 36.2323)
20190482495,06/26/2019 09:11:00 AM,3,0,0,,N,109534,5,SIDESWIPE - SAME DIRECTION,21,CLEAR,1,DAYLIGHT,12,MOTOR VEHICLE IN TRANSPORT,PITTS AV & LAKESHORE DR,OLD HICKORY,TN,37138,9723,HERMIT,36.2388,-86.63,POINT (-86.63 36.2388)
20190468374,06/20/2019 02:10:00 PM,2,0,0,,N,223502,5,SIDESWIPE - SAME DIRECTION,21,CLEAR,1,DAYLIGHT,12,MOTOR VEHICLE IN TRANSPORT,0 I 440,NASHVILLE,TN,37210,81040,SOUTH,36.1244,-86.7425,POINT (-86.7425 36.1244)
20190337987,05/02/2019 01:25:00 PM,2,0,0,,N,226136,4,ANGLE,22,CLOUDY,1,DAYLIGHT,12,MOTOR VEHICLE IN TRANSPORT,14TH AVS & BROADWAY,NASHVILLE,TN,37203,5701,MIDTOW,36.1557,-86.7897,POINT (-86.7897 36.1557)
20190112180,02/11/2019 07:45:00 AM,2,0,0,,N,224953,11,Front to Rear,22,CLOUDY,1,DAYLIGHT,12,MOTOR VEHICLE IN TRANSPORT,MM 48 9 I 24,NASHVILLE,TN,37213,1104,CENTRA,36.1676,-86.7656,POINT (-86.7656 36.1676)
20190206818,03/17/2019 12:10:00 AM,2,1,0,,Y,212348,11,Front to Rear,21,CLEAR,3,DARK - LIGHTED,12,MOTOR VEHICLE IN TRANSPORT,3RD AVN & DEADERICK ST,NASHVILLE,TN,37201,4163,CENTRA,36.1663,-86.7791,POINT (-86.7791 36.1663)
20190410017,05/29/2019 11:47:00 AM,2,1,0,,N,191578,5,SIDESWIPE - SAME DIRECTION,21,CLEAR,1,DAYLIGHT,12,MOTOR VEHICLE IN TRANSPORT,MURFREESBORO PKE & HARDING PL,NASHVILLE,TN,37217,8947,HERMIT,36.0982,-86.6587,POINT (-86.6587 36.0982)
20190420566,06/02/2019 12:05:00 PM,2,1,0,,N,311799,4,ANGLE,21,CLEAR,1,DAYLIGHT,12,MOTOR VEHICLE IN TRANSPORT,BRICK CHURCH PKE & BRILEY PKWYE,NASHVILLE,TN,37207,2031,MADISO,36.2383,-86.7809,POINT (-86.7809 36.2383)
20190400167,05/25/2019 12:01:00 PM,2,0,0,,N,226673,4,ANGLE,21,CLEAR,1,DAYLIGHT,12,MOTOR VEHICLE IN TRANSPORT,11TH AVN & JO JOHNSTON AV,NASHVILLE,TN,37203,4209,CENTRA,36.1647,-86.7922,POINT (-86.7922 36.1647)
20190147888,02/23/2019 01:40:00 PM,2,0,0,,Y,876573,5,SIDESWIPE - SAME DIRECTION,2,RAIN,1,DAYLIGHT,12,MOTOR VEHICLE IN TRANSPORT,MURFREESBORO PKE & DONELSON PKE,NASHVILLE,TN,37217,8841,SOUTH,36.1062,-86.6731,POINT (-86.6731 36.1062)
20190216416,03/20/2019 08:10:00 AM,2,0,0,,N,279206,11,Front to Rear,21,CLEAR,1,DAYLIGHT,12,MOTOR VEHICLE IN TRANSPORT,DONELSON PKE & ELM HILL PKE,NASHVILLE,TN,37214,9105,HERMIT,36.1676,-86.7787,POINT (-86.7787 36.1676)