Accident Number,Date and Time,Number of Motor Vehicles,Number of Injuries,Number of Fatalities,Property Damage,Hit and Run,Reporting Officer,Collision Type Code,Collision Type Description,Weather Code,Weather Description,Illumination Code,Illumination Description,Harmful Code,Harmful Code Description,Street Address,City,State,ZIP,RPA,Precinct,Latitude,Longitude,Mapped Location
20190521916,07/12/2019 08:50:00 AM,1,0,0,,N,299264,0,NOT COLLISION W/MOTOR VEHICLE-TRANSPORT,21,CLEAR,1,DAYLIGHT,30,UTILITY POLE,WEDGEWOOD AV & 21ST AVS,NASHVILLE,TN,37212,5825,MIDTOW,36.1376,-86.8008,POINT (-86.8008 36.1376)
20190564672,07/29/2019 04:21:00 PM,2,0,0,,N,256379,11,Front to Rear,21,CLEAR,1,DAYLIGHT,12,MOTOR VEHICLE IN TRANSPORT,THOMPSON LN & BRILEY PKWYN,NASHVILLE,TN,37211,8423,SOUTH,36.1095,-86.7283,POINT (-86.7283 36.1095)
20190043483,01/17/2019 08:00:00 AM,2,0,0,,N,226622,98,OTHER,2,RAIN,1,DAYLIGHT,12,MOTOR VEHICLE IN TRANSPORT,CENTENNIAL BLVD & BRILEY PKWY N ENT RAMP,NASHVILLE,TN,37209,4623,WEST,36.1722,-86.8651,POINT (-86.8651 36.1722)
20190120144,02/13/2019 06:24:00 PM,2,1,0,,N,256423,11,Front to Rear,21,CLEAR,2,DARK - NOT LIGHTED,12,MOTOR VEHICLE IN TRANSPORT,BRILEY PKWYN & ASHLAND CITY HWY,NASHVILLE,TN,37218,31040,NORTH,36.2094,-86.8715,POINT (-86.8715 36.2094)
20190473111,06/22/2019 10:36:00 AM,2,0,0,,N,630627,4,ANGLE,2,RAIN,1,DAYLIGHT,12;36,MOTOR VEHICLE IN TRANSPORT;CONCRETE TRAFFIC BARRIER,MM 208 7 I 40,NASHVILLE,TN,37203,4202,CENTRA,36.1613,-86.7932,POINT (-86.7932 36.1613)
20190263126,04/05/2019 03:36:00 PM,2,0,0,,Y,256439,11,Front to Rear,21,CLEAR,1,DAYLIGHT,12,MOTOR VEHICLE IN TRANSPORT,ELM HILL PKE & MASSMAN DR,NASHVILLE,TN,37210,9017,HERMIT,36.1449,-86.711,POINT (-86.711 36.1449)
20190285447,04/14/2019 02:30:00 AM,2,2,0,,N,299248,11,Front to Rear,2,RAIN,3,DARK - LIGHTED,12;36,MOTOR VEHICLE IN TRANSPORT;CONCRETE TRAFFIC BARRIER,MM 54 6 I 24,NASHVILLE,TN,37211,84021,SOUTH,36.0994,-86.7109,POINT (-86.7109 36.0994)
20190316966,04/24/2019 05:04:00 PM,2,1,0,,N,197054,11,Front to Rear,21,CLEAR,1,DAYLIGHT,12,MOTOR VEHICLE IN TRANSPORT,MM 52 0 I 24,NASHVILLE,TN,37217,8816,SOUTH,36.1329,-86.7267,POINT (-86.7267 36.1329)
20190569420,07/31/2019 12:57:00 PM,2,0,0,,Y,109515,4,ANGLE,21,CLEAR,1,DAYLIGHT,12,MOTOR VEHICLE IN TRANSPORT,BRICK CHURCH PKE & BRILEY PKWY E EXT RAM,NASHVILLE,TN,37207,2003,MADISO,36.2376,-86.781,POINT (-86.781 36.2376)
20190315913,04/24/2019 06:40:00 AM,1,0,0,Y,N,156307,0,NOT COLLISION W/MOTOR VEHICLE-TRANSPORT,21,CLEAR,1,DAYLIGHT,31;34;41;64,"OTHER POST, POLE, SUPP.;DITCH;SHRUBBERY;Ran Off Road-Left",30TH AVN & CLARE AV,NASHVILLE,TN,37209,4527,NORTH,36.1624,-86.822,POINT (-86.822 36.1624)
20190579680,08/04/2019 02:06:00 PM,1,0,0,,N,330444,0,NOT COLLISION W/MOTOR VEHICLE-TRANSPORT,2,RAIN,1,DAYLIGHT,16,THROWN OR FALLING OBJECT,20TH AVS & 20TH AVN,NASHVILLE,TN,37203,5709,MIDTOW,36.1514,-86.7993,POINT (-86.7993 36.1514)
20190359659,05/10/2019 04:11:00 PM,2,0,0,,N,256441,11,Front to Rear,21,CLEAR,1,DAYLIGHT,12,MOTOR VEHICLE IN TRANSPORT,OLD HICKORY BLVD & ZERMATT AV,NASHVILLE,TN,37211,8651,MIDTOW,36.0457,-86.7206,POINT (-86.7206 36.0457)
20190385782,05/20/2019 06:57:00 PM,2,1,0,,N,256389,11,Front to Rear,21,CLEAR,1,DAYLIGHT,12,MOTOR VEHICLE IN TRANSPORT,HARDING PL & TROUSDALE DR,NASHVILLE,TN,37220,8601,MIDTOW,36.0811,-86.7584,POINT (-86.7584 36.0811)
20190368067,05/14/2019 06:55:00 AM,4,2,0,,N,311799,11,Front to Rear,21,CLEAR,1,DAYLIGHT,12,MOTOR VEHICLE IN TRANSPORT,MM 90 7 I 65,MADISON,TN,37115,20044,MADISO,36.2444,-86.7473,POINT (-86.7473 36.2444)
20190119694,02/13/2019 02:38:00 PM,2,0,0,,N,197070,11,Front to Rear,21,CLEAR,1,DAYLIGHT,12,MOTOR VEHICLE IN TRANSPORT,I65 N ENT RAMP & I 40,NASHVILLE,TN,37208,44041,NORTH,36.1734,-86.8012,POINT (-86.8012 36.1734)
20190193677,03/12/2019 09:29:00 AM,2,0,0,,N,191578,11,Front to Rear,21,CLEAR,1,DAYLIGHT,12,MOTOR VEHICLE IN TRANSPORT,MM 212 3 I 40,NASHVILLE,TN,37210,8206,HERMIT,36.1447,-86.7399,POINT (-86.7399 36.1447)
20190446359,06/12/2019 08:38:00 AM,2,0,0,,N,462474,11,Front to Rear,22,CLOUDY,1,DAYLIGHT,12,MOTOR VEHICLE IN TRANSPORT,FRANKLIN PKE & FARRELL RD,NASHVILLE,TN,37220,7109,MIDTOW,36.0707,-86.7741,POINT (-86.7741 36.0707)
20190090741,02/02/2019 08:15:00 PM,2,0,0,,Y,298875,5,SIDESWIPE - SAME DIRECTION,21,CLEAR,2,DARK - NOT LIGHTED,12;14,MOTOR VEHICLE IN TRANSPORT;PARKED MOTOR VEHICLE,GREYSTONE ST & BLUEWILLOW CT,ANTIOCH,TN,37013,8901,SOUTH,36.0411,-86.5786,POINT (-86.5786 36.0411)
20190341374,05/03/2019 05:22:00 PM,2,0,0,,N,206675,11,Front to Rear,21,CLEAR,1,DAYLIGHT,12,MOTOR VEHICLE IN TRANSPORT,WEDGEWOOD AV & 15TH AVS,NASHVILLE,TN,37212,6615,MIDTOW,36.136,-86.7919,POINT (-86.7919 36.136)
20190170915,03/04/2019 08:35:00 AM,2,0,0,,Y,212325,4,ANGLE,22,CLOUDY,1,DAYLIGHT,12,MOTOR VEHICLE IN TRANSPORT,GALLATIN PKEN & STATE RT 45,MADISON,TN,37115,1701,MADISO,36.2644,-86.7115,POINT (-86.7115 36.2644)
20190171470,03/04/2019 01:00:00 PM,2,0,0,,N,693093,11,Front to Rear,21,CLEAR,1,DAYLIGHT,12,MOTOR VEHICLE IN TRANSPORT,GALLATIN PKEN & ANDERSON LN,MADISON,TN,37115,1729,MADISO,36.2736,-86.71,POINT (-86.71 36.2736)
20190084072,01/31/2019 05:25:00 PM,2,0,0,,N,330412,11,Front to Rear,21,CLEAR,3,DARK - LIGHTED,12,MOTOR VEHICLE IN TRANSPORT,I440 W EXT RAMP & I 40,NASHVILLE,TN,37209,52280,WEST,36.1561,-86.8235,POINT (-86.8235 36.1561)
20190139558,02/20/2019 01:30:00 PM,2,0,0,,Y,256412,9,UNKNOWN,99,UNKNOWN,1,DAYLIGHT,14,PARKED MOTOR VEHICLE,0 ROCKGLADE RUN,ANTIOCH,TN,37013,8927,SOUTH,36.0517,-86.6028,POINT (-86.6028 36.0517)
20190189158,03/10/2019 05:53:00 PM,3,1,0,,Y,320585,11,Front to Rear,21,CLEAR,1,DAYLIGHT,12;16,MOTOR VEHICLE IN TRANSPORT;THROWN OR FALLING OBJECT,MM 219 8 I 40,HERMITAGE,TN,37076,94021,HERMIT,36.1631,-86.6175,POINT (-86.6175 36.1631)
20190412722,05/30/2019 10:23:00 AM,3,0,0,,N,320586,11,Front to Rear,22,CLOUDY,1,DAYLIGHT,12,MOTOR VEHICLE IN TRANSPORT,MM 56 0 I 24,NASHVILLE,TN,37211,8708,SOUTH,36.0818,-86.6975,POINT (-86.6975 36.0818)
20190017731,01/08/2019 12:00:00 AM,1,0,0,,Y,197075,0,NOT COLLISION W/MOTOR VEHICLE-TRANSPORT,21,CLEAR,3,DARK - LIGHTED,34;63,DITCH;Ran Off Road-Right,GALLATIN PKEN & MCKINLEY ST,MADISON,TN,37115,1717,MADISO,36.2813,-86.7079,POINT (-86.7079 36.2813)
20190241206,03/28/2019 04:43:00 PM,2,0,0,,Y,330413,4,ANGLE,21,CLEAR,1,DAYLIGHT,12,MOTOR VEHICLE IN TRANSPORT,BLACKMAN RD & DANBY DR,NASHVILLE,TN,37211,8611,MIDTOW,36.0745,-86.746,POINT (-86.746 36.0745)
20190059332,01/23/2019 10:44:00 AM,2,0,0,,N,134899,11,Front to Rear,2,RAIN,1,DAYLIGHT,12,MOTOR VEHICLE IN TRANSPORT,FESSLERS LN & ELM HILL PKE,NASHVILLE,TN,37210,8211,HERMIT,36.1456,-86.744,POINT (-86.744 36.1456)
20190080165,01/30/2019 01:17:00 PM,2,1,0,,N,665896,4,ANGLE,21,CLEAR,1,DAYLIGHT,12,MOTOR VEHICLE IN TRANSPORT,DICKERSON PKE & WHITES CREEK PKE,NASHVILLE,TN,37207,1919,EAST,36.1887,-86.7732,POINT (-86.7732 36.1887)
20190019645,03/13/2019 06:40:00 AM,3,0,0,,N,169421,11,Front to Rear,21,CLEAR,1,DAYLIGHT,12,MOTOR VEHICLE IN TRANSPORT,MM 33 4 I 24,JOELTON,TN,37080,3316,NORTH,36.3288,-86.8952,POINT (-86.8952 36.3288)
20190077630,01/29/2019 07:46:00 PM,2,0,0,,N,206675,4,ANGLE,21,CLEAR,3,DARK - LIGHTED,12,MOTOR VEHICLE IN TRANSPORT,OLD HICKORY BLVD & EDMONDSON PKE,NASHVILLE,TN,37220,8615,MIDTOW,36.04,-86.7435,POINT (-86.7435 36.04)
20190079435,01/30/2019 08:35:00 AM,2,0,0,,N,191578,4,ANGLE,21,CLEAR,1,DAYLIGHT,12,MOTOR VEHICLE IN TRANSPORT,BELL RD & SMITH SPRINGS RD,NASHVILLE,TN,37217,8987,HERMIT,36.0904,-86.6264,POINT (-86.6264 36.0904)
20190432813,06/06/2019 11:20:00 PM,2,0,0,,N,226054,4,ANGLE,2,RAIN,3,DARK - LIGHTED,12,MOTOR VEHICLE IN TRANSPORT,OLD HICKORY BLVD & HIGHWAY 70S,NASHVILLE,TN,37221,4901,WEST,36.0742,-86.9208,POINT (-86.9208 36.0742)
20190123534,02/14/2019 08:20:00 PM,2,0,0,,N,298837,5,SIDESWIPE - SAME DIRECTION,22,CLOUDY,3,DARK - LIGHTED,14,PARKED MOTOR VEHICLE,S 16TH ST & HOLLY ST,NASHVILLE,TN,37206,1251,EAST,36.1761,-86.742,POINT (-86.742 36.1761)
20190321513,04/26/2019 04:39:00 AM,1,0,0,,N,330433,0,NOT COLLISION W/MOTOR VEHICLE-TRANSPORT,22,CLOUDY,2,DARK - NOT LIGHTED,61;7,Equip Failure,BRILEY PKWYW & MOOREWOOD DR,NASHVILLE,TN,37207,20141,MADISO,36.2398,-86.773,POINT (-86.773 36.2398)
20190242049,03/28/2019 11:15:00 PM,2,0,0,,Y,212349,6,SIDESWIPE - OPPOSITE DIRECTION,21,CLEAR,7,Dark-Unknown Lighting,12,MOTOR VEHICLE IN TRANSPORT,I24 E ENT RAMP & I 24,NASHVILLE,TN,37213,1007,CENTRA,36.1662,-86.7659,POINT (-86.7659 36.1662)
20190407397,05/28/2019 02:40:00 PM,2,2,0,,N,134899,4,ANGLE,21,CLEAR,1,DAYLIGHT,12,MOTOR VEHICLE IN TRANSPORT,ELM HILL PKE & WEMBERTON DR,NASHVILLE,TN,37214,8955,HERMIT,36.1425,-86.6309,POINT (-86.6309 36.1425)
20190351189,05/07/2019 05:23:00 PM,2,0,0,,N,256380,11,Front to Rear,21,CLEAR,1,DAYLIGHT,12,MOTOR VEHICLE IN TRANSPORT,WALTER S DAVIS BLVD & ED TEMPLE BLVD,NASHVILLE,TN,37208,4501,NORTH,36.1738,-86.8226,POINT (-86.8226 36.1738)
20190489467,06/28/2019 04:00:00 PM,2,0,0,Y,Y,320581,5,SIDESWIPE - SAME DIRECTION,21,CLEAR,1,DAYLIGHT,14,PARKED MOTOR VEHICLE,4TH AVN & MADISON ST,NASHVILLE,TN,37208,4309,NORTH,36.1758,-86.7868,POINT (-86.7868 36.1758)
20190270103,04/08/2019 01:30:00 PM,2,0,0,,N,226622,11,Front to Rear,22,CLOUDY,1,DAYLIGHT,12,MOTOR VEHICLE IN TRANSPORT,BRILEY PKWYS & BRILEY PKWY S EXT RAMP,NASHVILLE,TN,37210,9098,HERMIT,36.148,-86.6929,POINT (-86.6929 36.148)
20190264578,04/06/2019 04:06:00 AM,1,1,0,,N,279213,0,NOT COLLISION W/MOTOR VEHICLE-TRANSPORT,21,CLEAR,3,DARK - LIGHTED,1,,WESTCHESTER DR & BRICK CHURCH PKE,NASHVILLE,TN,37207,2045,MADISO,36.2531,-86.777,POINT (-86.777 36.2531)
20190512963,07/08/2019 09:27:00 PM,2,0,0,,N,309262,5,SIDESWIPE - SAME DIRECTION,21,CLEAR,2,DARK - NOT LIGHTED,12,MOTOR VEHICLE IN TRANSPORT,MM 41 3 I 24,WHITES CREEK,TN,37189,3226,NORTH,36.2679,-86.7926,POINT (-86.7926 36.2679)
20190034997,01/14/2019 01:06:00 PM,2,0,0,,N,226136,11,Front to Rear,22,CLOUDY,1,DAYLIGHT,12,MOTOR VEHICLE IN TRANSPORT,HILLSBORO PKE & GLEN ECHO RD,NASHVILLE,TN,37215,6411,MIDTOW,36.1073,-86.813,POINT (-86.813 36.1073)
20190364105,05/12/2019 06:15:00 PM,1,0,0,,N,299266,0,NOT COLLISION W/MOTOR VEHICLE-TRANSPORT,22,CLOUDY,1,DAYLIGHT,1,,I24 W ENT RAMP & I24 W ENT RAMP,ANTIOCH,TN,37013,8857,SOUTH,36.0692,-86.689,POINT (-86.689 36.0692)
20190030660,01/12/2019 04:20:00 PM,2,0,0,,N,311327,4,ANGLE,2,RAIN,1,DAYLIGHT,12,MOTOR VEHICLE IN TRANSPORT,WOODLAND ST & N 11TH ST,NASHVILLE,TN,37206,1201,EAST,36.1773,-86.7505,POINT (-86.7505 36.1773)
20190063084,01/24/2019 03:32:00 PM,2,0,0,,N,256426,11,Front to Rear,21,CLEAR,1,DAYLIGHT,12,MOTOR VEHICLE IN TRANSPORT,MM 51 5 I 24,NASHVILLE,TN,37210,9004,HERMIT,36.1404,-86.7287,POINT (-86.7287 36.1404)
20190015925,01/07/2019 09:26:00 AM,2,1,0,,Y,109534,11,Front to Rear,21,CLEAR,1,DAYLIGHT,12,MOTOR VEHICLE IN TRANSPORT,ANDREW JACKSON PKWY & OLD HICKORY BLVD,HERMITAGE,TN,37076,9561,HERMIT,36.1835,-86.6108,POINT (-86.6108 36.1835)
20190574382,08/02/2019 10:21:00 AM,2,0,0,,N,676832,4,ANGLE,21,CLEAR,1,DAYLIGHT,12,MOTOR VEHICLE IN TRANSPORT,FLEETWOOD DR & HILLWOOD BLVD,NASHVILLE,TN,37209,5021,WEST,36.1362,-86.8768,POINT (-86.8768 36.1362)
20190356815,05/09/2019 04:05:00 PM,3,0,0,,N,240957,11,Front to Rear,22,CLOUDY,1,DAYLIGHT,12,MOTOR VEHICLE IN TRANSPORT,MM 80 5 I 65,NASHVILLE,TN,37204,69020,MIDTOW,36.1226,-86.7733,POINT (-86.7733 36.1226)
20190248581,03/31/2019 02:54:00 PM,2,1,0,,N,320597,11,Front to Rear,21,CLEAR,1,DAYLIGHT,12,MOTOR VEHICLE IN TRANSPORT,HAYWOOD LN & HOLLIS HILL DR,NASHVILLE,TN,37211,8711,SOUTH,36.0684,-86.7119,POINT (-86.7119 36.0684)
20190083236,01/31/2019 11:40:00 AM,3,1,0,,N,225773,11,Front to Rear,21,CLEAR,1,DAYLIGHT,12,MOTOR VEHICLE IN TRANSPORT,NOLENSVILLE PKE & I440 E EXT RAMP,NASHVILLE,TN,37210,8321,SOUTH,36.1216,-86.7505,POINT (-86.7505 36.1216)
20190157924,02/27/2019 07:42:00 AM,2,0,0,,N,439917,11,Front to Rear,21,CLEAR,1,DAYLIGHT,12,MOTOR VEHICLE IN TRANSPORT,I40 E EXT RAMP & I 40,NASHVILLE,TN,37214,8955,HERMIT,36.155,-86.6271,POINT (-86.6271 36.155)
20190184794,03/08/2019 04:31:00 PM,2,1,0,,N,256499,11,Front to Rear,2,RAIN,1,DAYLIGHT,12,MOTOR VEHICLE IN TRANSPORT,DIVISION ST & MUSIC CIRE,NASHVILLE,TN,37203,6719,MIDTOW,36.1516,-86.7885,POINT (-86.7885 36.1516)
20190108385,02/09/2019 01:25:00 PM,1,1,0,Y,N,320575,0,NOT COLLISION W/MOTOR VEHICLE-TRANSPORT,21,CLEAR,1,DAYLIGHT,30;63,UTILITY POLE;Ran Off Road-Right,ANTIOCH PKE & EZELL PKE,NASHVILLE,TN,37211,8889,SOUTH,36.0773,-86.7253,POINT (-86.7253 36.0773)
20190374424,05/16/2019 08:10:00 AM,2,0,0,,Y,876581,11,Front to Rear,21,CLEAR,1,DAYLIGHT,12,MOTOR VEHICLE IN TRANSPORT,MM 91 1 I 65,MADISON,TN,37115,17021,MADISO,36.2485,-86.7424,POINT (-86.7424 36.2485)
20190185968,03/09/2019 03:10:00 AM,1,1,0,Y,N,320598,0,NOT COLLISION W/MOTOR VEHICLE-TRANSPORT,22,CLOUDY,3,DARK - LIGHTED,36,CONCRETE TRAFFIC BARRIER,MM 77 4 I 65,NASHVILLE,TN,37220,86042,MIDTOW,36.0772,-86.7665,POINT (-86.7665 36.0772)
20190125550,02/15/2019 12:46:00 PM,2,1,0,,N,109534,11,Front to Rear,22,CLOUDY,1,DAYLIGHT,12,MOTOR VEHICLE IN TRANSPORT,LEBANON PKE & ANDREW JACKSON PKWY,HERMITAGE,TN,37076,9537,HERMIT,36.2151,-86.5962,POINT (-86.5962 36.2151)
20190546655,07/22/2019 11:13:00 AM,2,0,0,,Y,267831,98,OTHER,22,CLOUDY,1,DAYLIGHT,12;14,MOTOR VEHICLE IN TRANSPORT;PARKED MOTOR VEHICLE,53RD AVN & CHARLOTTE AV,NASHVILLE,TN,37209,5121,WEST,36.1519,-86.8512,POINT (-86.8512 36.1519)
20190557830,07/26/2019 02:00:00 PM,2,0,0,,Y,420040,6,SIDESWIPE - OPPOSITE DIRECTION,22,CLOUDY,1,DAYLIGHT,14,PARKED MOTOR VEHICLE,SOUTHSIDE AV & SOUTH ST,NASHVILLE,TN,37203,6801,MIDTOW,36.1472,-86.7824,POINT (-86.7824 36.1472)
20190297174,04/17/2019 10:20:00 PM,2,0,0,,N,279216,6,SIDESWIPE - OPPOSITE DIRECTION,21,CLEAR,3,DARK - LIGHTED,12,MOTOR VEHICLE IN TRANSPORT,W TRINITY LN & SCRUGGS LN,NASHVILLE,TN,37207,3007,NORTH,36.2068,-86.7805,POINT (-86.7805 36.2068)
20190315696,04/24/2019 07:55:00 AM,2,0,0,,N,633390,5,SIDESWIPE - SAME DIRECTION,21,CLEAR,1,DAYLIGHT,12,MOTOR VEHICLE IN TRANSPORT,ELLINGTON PKWYS & I65 S EXT RAMP,NASHVILLE,TN,37216,1880,EAST,36.2345,-86.7463,POINT (-86.7463 36.2345)
20190184212,03/08/2019 12:15:00 PM,2,0,0,,N,110063,5,SIDESWIPE - SAME DIRECTION,2,RAIN,1,DAYLIGHT,12,MOTOR VEHICLE IN TRANSPORT,MM 86 6 I 65,NASHVILLE,TN,37207,3002,NORTH,36.1959,-86.7761,POINT (-86.7761 36.1959)
20190206178,03/16/2019 03:38:00 PM,2,0,0,,Y,206676,11,Front to Rear,21,CLEAR,1,DAYLIGHT,12,MOTOR VEHICLE IN TRANSPORT,GALLATIN PKES & HICKORY ST,MADISON,TN,37115,1605,MADISO,36.2604,-86.7129,POINT (-86.7129 36.2604)
20190009152,01/04/2019 10:03:00 AM,2,0,0,,N,109534,11,Front to Rear,22,CLOUDY,1,DAYLIGHT,12;39,MOTOR VEHICLE IN TRANSPORT;WALL,MM 219 3 I 40,NASHVILLE,TN,37214,94022,HERMIT,36.159,-86.6242,POINT (-86.6242 36.159)
20190460627,06/17/2019 12:00:00 AM,2,0,0,,N,311333,2,HEAD-ON,2,RAIN,2,DARK - NOT LIGHTED,12,MOTOR VEHICLE IN TRANSPORT,PIN OAK DR & PIN HOOK RD,ANTIOCH,TN,37013,8905,SOUTH,36.0469,-86.5878,POINT (-86.5878 36.0469)
20190552233,07/24/2019 11:58:00 AM,2,0,0,Y,Y,352174,0,NOT COLLISION W/MOTOR VEHICLE-TRANSPORT,21,CLEAR,1,DAYLIGHT,12;14;38;42,MOTOR VEHICLE IN TRANSPORT;PARKED MOTOR VEHICLE;FENCE;TREE,SHADOW GLEN DR & SWISS AV,NASHVILLE,TN,37211,8651,MIDTOW,36.0385,-86.7165,POINT (-86.7165 36.0385)
20190082767,01/31/2019 08:15:00 AM,2,0,0,,Y,109515,4,ANGLE,21,CLEAR,1,DAYLIGHT,12,MOTOR VEHICLE IN TRANSPORT,ANDERSON LN & MYATT DR,MADISON,TN,37115,1715,MADISO,36.2721,-86.6896,POINT (-86.6896 36.2721)
20190383967,05/20/2019 03:40:00 AM,2,0,0,,Y,299270,6,SIDESWIPE - OPPOSITE DIRECTION,21,CLEAR,3,DARK - LIGHTED,12,MOTOR VEHICLE IN TRANSPORT,BROADWAY & I40 W ENT RAMP,NASHVILLE,TN,37203,4081,CENTRA,36.156,-86.7889,POINT (-86.7889 36.156)
20190194308,03/12/2019 01:24:00 PM,2,0,0,,N,594473,11,Front to Rear,21,CLEAR,1,DAYLIGHT,12,MOTOR VEHICLE IN TRANSPORT,I40 E ENT RAMP & I 40,NASHVILLE,TN,37205,4903,WEST,36.1109,-86.922,POINT (-86.922 36.1109)
20190181538,03/07/2019 04:33:00 PM,2,0,0,,N,256499,4,ANGLE,21,CLEAR,1,DAYLIGHT,12,MOTOR VEHICLE IN TRANSPORT,18TH AVS & CHET ATKINS PL,NASHVILLE,TN,37203,6715,MIDTOW,36.149,-86.7947,POINT (-86.7947 36.149)
20190358430,05/10/2019 12:00:00 AM,2,0,0,,N,298877,4,ANGLE,21,CLEAR,1,DAYLIGHT,12,MOTOR VEHICLE IN TRANSPORT,MT VIEW RD & PARK ROYAL LN,ANTIOCH,TN,37013,8977,SOUTH,36.0702,-86.5929,POINT (-86.5929 36.0702)
20190547351,07/22/2019 12:00:00 AM,2,0,0,,N,279200,11,Front to Rear,2,RAIN,1,DAYLIGHT,12,MOTOR VEHICLE IN TRANSPORT,MM 209 5 I 40,NASHVILLE,TN,37203,40040,CENTRA,36.1502,-86.7844,POINT (-86.7844 36.1502)
20190514394,07/09/2019 12:20:00 PM,2,0,0,,N,226622,4,ANGLE,21,CLEAR,1,DAYLIGHT,12,MOTOR VEHICLE IN TRANSPORT,OLD HICKORY BLVD & BELLEVUE VALLEY PLAZA,NASHVILLE,TN,37221,4901,WEST,36.0734,-86.9207,POINT (-86.9207 36.0734)
20190489788,06/28/2019 10:12:00 PM,3,2,0,,N,212330,5,SIDESWIPE - SAME DIRECTION,21,CLEAR,3,DARK - LIGHTED,12;18,MOTOR VEHICLE IN TRANSPORT;OTHER OBJECT (NOT FIXED),I440 W ENT RAMP & I 24,NASHVILLE,TN,37217,8801,SOUTH,36.1232,-86.7263,POINT (-86.7263 36.1232)
20190347200,05/06/2019 11:50:00 AM,2,0,0,,N,693093,4,ANGLE,21,CLEAR,1,DAYLIGHT,12,MOTOR VEHICLE IN TRANSPORT,OLD DUE WEST AV & DUE WEST AVN,MADISON,TN,37115,2009,MADISO,36.2504,-86.7425,POINT (-86.7425 36.2504)
20190517325,07/10/2019 01:48:00 PM,1,1,0,,N,299264,0,NOT COLLISION W/MOTOR VEHICLE-TRANSPORT,2,RAIN,1,DAYLIGHT,8,PEDESTRIAN,18TH AVS & WEST END AV,NASHVILLE,TN,37203,5523,MIDTOW,36.153,-86.796,POINT (-86.796 36.153)
20190453729,06/14/2019 08:30:00 PM,1,1,0,,N,256414,0,NOT COLLISION W/MOTOR VEHICLE-TRANSPORT,21,CLEAR,2,DARK - NOT LIGHTED,50,DEER (ANIMAL),OLD HICKORY BLVD & PETTUS RD,ANTIOCH,TN,37013,8767,SOUTH,36.0109,-86.6654,POINT (-86.6654 36.0109)
20190174518,03/05/2019 12:00:00 PM,1,1,0,,N,693093,0,NOT COLLISION W/MOTOR VEHICLE-TRANSPORT,21,CLEAR,1,DAYLIGHT,34,DITCH,BRILEY PKWYE & I24 W EXT RAMP,NASHVILLE,TN,37207,2003,MADISO,36.2381,-86.783,POINT (-86.783 36.2381)
20190030411,01/12/2019 01:13:00 PM,1,1,0,,N,226600,0,NOT COLLISION W/MOTOR VEHICLE-TRANSPORT,2,RAIN,1,DAYLIGHT,8,PEDESTRIAN,HILLSBORO PKE & RICHARD JONES RD,NASHVILLE,TN,37215,6405,MIDTOW,36.1045,-86.8149,POINT (-86.8149 36.1045)
20190197691,03/13/2019 03:34:00 PM,2,1,0,,N,256424,11,Front to Rear,21,CLEAR,1,DAYLIGHT,12,MOTOR VEHICLE IN TRANSPORT,SMITH SPRINGS RD & CASTLEGATE DR,NASHVILLE,TN,37217,8929,HERMIT,36.0891,-86.6149,POINT (-86.6149 36.0891)
20190578302,08/03/2019 11:00:00 PM,2,0,0,,N,179603,4,ANGLE,21,CLEAR,3,DARK - LIGHTED,12,MOTOR VEHICLE IN TRANSPORT,GALLATIN PKEN & RIVERGATE PKWY,MADISON,TN,37115,1731,MADISO,36.2973,-86.6988,POINT (-86.6988 36.2973)
20190302761,04/19/2019 06:57:00 PM,1,0,0,Y,N,311327,0,NOT COLLISION W/MOTOR VEHICLE-TRANSPORT,2,RAIN,3,DARK - LIGHTED,19,BUILDING,1500 CAHAL AV,NASHVILLE,TN,37206,1335,EAST,36.1948,-86.7257,POINT (-86.7257 36.1948)
20190531948,07/16/2019 02:30:00 PM,2,0,0,,Y,690942,9,UNKNOWN,21,CLEAR,1,DAYLIGHT,12;99,MOTOR VEHICLE IN TRANSPORT;UNKNOWN MOST HARMFUL EVENT,MM 48 8 I 24,NASHVILLE,TN,37213,1104,CENTRA,36.1682,-86.7659,POINT (-86.7659 36.1682)
20190285262,04/14/2019 12:38:00 AM,1,0,0,,N,345098,0,NOT COLLISION W/MOTOR VEHICLE-TRANSPORT,2,RAIN,2,DARK - NOT LIGHTED,8,PEDESTRIAN,4900 LEBANON PKE,HERMITAGE,TN,37076,9525,HERMIT,36.216,-86.5854,POINT (-86.5854 36.216)
20190001566,01/01/2019 12:00:00 AM,2,0,0,,Y,151132,11,Front to Rear,99,UNKNOWN,9,UNKNOWN,14,PARKED MOTOR VEHICLE,ANGLESBY CT & CHEYENNE BLVD,MADISON,TN,37115,1617,MADISO,36.2593,-86.6783,POINT (-86.6783 36.2593)
20190471795,06/21/2019 06:31:00 PM,1,1,0,,N,352212,0,NOT COLLISION W/MOTOR VEHICLE-TRANSPORT,21,CLEAR,1,DAYLIGHT,30,UTILITY POLE,LINCOYA BAY DR & LINCOYA CREEK DR,NASHVILLE,TN,37214,8957,HERMIT,36.1452,-86.6241,POINT (-86.6241 36.1452)
20190344246,05/05/2019 03:45:00 AM,1,0,0,Y,Y,175719,0,NOT COLLISION W/MOTOR VEHICLE-TRANSPORT,2,RAIN,3,DARK - LIGHTED,33;39;40,CURB;WALL;MAIL BOX,DOUGLAS AV & CLINE AV,NASHVILLE,TN,37206,1933,EAST,36.1933,-86.7516,POINT (-86.7516 36.1933)
20190122943,02/14/2019 03:05:00 PM,2,1,0,,N,299267,4,ANGLE,21,CLEAR,1,DAYLIGHT,12,MOTOR VEHICLE IN TRANSPORT,31ST AVN & BELWOOD ST,NASHVILLE,TN,37203,5625,MIDTOW,36.1452,-86.8165,POINT (-86.8165 36.1452)