Accident Number,Date and Time,Number of Motor Vehicles,Number of Injuries,Number of Fatalities,Property Damage,Hit and Run,Reporting Officer,Collision Type Code,Collision Type Description,Weather Code,Weather Description,Illumination Code,Illumination Description,Harmful Code,Harmful Code Description,Street Address,City,State,ZIP,RPA,Precinct,Latitude,Longitude,Mapped Location
20190290235,04/15/2019 11:13:00 PM,2,2,0,,N,299261,4,ANGLE,21,CLEAR,3,DARK - LIGHTED,12,MOTOR VEHICLE IN TRANSPORT,I65 S ENT RAMP & I65 S EXT RAMP,NASHVILLE,TN,37204,6945,MIDTOW,36.1342,-86.7764,POINT (-86.7764 36.1342)
20190559974,07/27/2019 01:54:00 PM,2,0,0,,Y,299243,5,SIDESWIPE - SAME DIRECTION,21,CLEAR,1,DAYLIGHT,14,PARKED MOTOR VEHICLE,SHELBY AV & SHELBY AV,NASHVILLE,TN,37206,1009,EAST,36.1668,-86.7644,POINT (-86.7644 36.1668)
20190563608,07/29/2019 07:28:00 AM,2,0,0,,Y,109534,5,SIDESWIPE - SAME DIRECTION,21,CLEAR,1,DAYLIGHT,12;99,MOTOR VEHICLE IN TRANSPORT;UNKNOWN MOST HARMFUL EVENT,MM 215 7 I 40,NASHVILLE,TN,37217,89020,HERMIT,36.1426,-86.6823,POINT (-86.6823 36.1426)
20190206727,03/16/2019 10:50:00 PM,2,0,0,,N,420040,4,ANGLE,21,CLEAR,3,DARK - LIGHTED,12,MOTOR VEHICLE IN TRANSPORT,ELLISTON PL & LOUISE AV,NASHVILLE,TN,37203,5601,MIDTOW,36.1509,-86.8046,POINT (-86.8046 36.1509)
20190423315,06/03/2019 04:35:00 PM,2,0,0,,N,279124,4,ANGLE,21,CLEAR,1,DAYLIGHT,12,MOTOR VEHICLE IN TRANSPORT,MM 59 1 I 24,ANTIOCH,TN,37013,87061,SOUTH,36.0478,-86.6634,POINT (-86.6634 36.0478)
20190556224,07/25/2019 10:32:00 PM,3,1,0,,N,879558,5,SIDESWIPE - SAME DIRECTION,21,CLEAR,3,DARK - LIGHTED,12;18,MOTOR VEHICLE IN TRANSPORT;OTHER OBJECT (NOT FIXED),BRILEY PKWYW & BRILEY PKWYE,NASHVILLE,TN,37218,3216,NORTH,36.2254,-86.8638,POINT (-86.8638 36.2254)
20190210747,03/18/2019 03:16:00 PM,2,0,0,,N,580819,5,SIDESWIPE - SAME DIRECTION,21,CLEAR,1,DAYLIGHT,12,MOTOR VEHICLE IN TRANSPORT,HERMITAGE AV & ANTHES DR,NASHVILLE,TN,37210,4029,CENTRA,36.1551,-86.7642,POINT (-86.7642 36.1551)
20190213977,03/19/2019 01:56:00 PM,2,0,0,,N,279124,11,Front to Rear,21,CLEAR,1,DAYLIGHT,12,MOTOR VEHICLE IN TRANSPORT,BELL RD & CEDAR POINTE PKWY,ANTIOCH,TN,37013,8721,SOUTH,36.0447,-86.6639,POINT (-86.6639 36.0447)
20190386083,05/20/2019 06:20:00 PM,2,0,0,,Y,352184,5,SIDESWIPE - SAME DIRECTION,21,CLEAR,1,DAYLIGHT,12,MOTOR VEHICLE IN TRANSPORT,MM 211 9 I 40,NASHVILLE,TN,37210,90022,HERMIT,36.1487,-86.7459,POINT (-86.7459 36.1487)
20190428531,06/05/2019 12:00:00 AM,1,0,0,,N,109534,0,NOT COLLISION W/MOTOR VEHICLE-TRANSPORT,21,CLEAR,1,DAYLIGHT,18,OTHER OBJECT (NOT FIXED),BRILEY PKWYS & ELM HILL PKE,NASHVILLE,TN,37210,9098,HERMIT,36.1516,-86.6909,POINT (-86.6909 36.1516)
20190259906,04/04/2019 12:02:00 PM,2,0,0,,N,630627,4,ANGLE,22,CLOUDY,1,DAYLIGHT,12,MOTOR VEHICLE IN TRANSPORT,21ST AVS & WEST END AV,NASHVILLE,TN,37203,5601,MIDTOW,36.1505,-86.8012,POINT (-86.8012 36.1505)
20190520387,07/11/2019 05:32:00 PM,3,1,0,Y,N,279211,4,ANGLE,21,CLEAR,1,DAYLIGHT,12;14;41,MOTOR VEHICLE IN TRANSPORT;PARKED MOTOR VEHICLE;SHRUBBERY,DICKERSON PKE & WESTCHESTER DR,MADISON,TN,37115,2019,MADISO,36.2622,-86.7574,POINT (-86.7574 36.2622)
20190304044,04/20/2019 08:21:00 AM,2,1,0,Y,N,279116,4,ANGLE,2,RAIN,1,DAYLIGHT,12;36,MOTOR VEHICLE IN TRANSPORT;CONCRETE TRAFFIC BARRIER,MM 5 3 I 440,NASHVILLE,TN,37204,81061,MIDTOW,36.1194,-86.7669,POINT (-86.7669 36.1194)
20190039058,01/15/2019 05:26:00 PM,2,0,0,,N,320594,11,Front to Rear,21,CLEAR,3,DARK - LIGHTED,12,MOTOR VEHICLE IN TRANSPORT,LEBANON PKE & CENTRAL PKE,HERMITAGE,TN,37076,9601,HERMIT,36.1452,-86.6246,POINT (-86.6246 36.1452)
20190291994,04/16/2019 11:30:00 AM,2,1,0,,N,330411,5,SIDESWIPE - SAME DIRECTION,21,CLEAR,1,DAYLIGHT,12,MOTOR VEHICLE IN TRANSPORT,25TH AVN & CHARLOTTE AV,NASHVILLE,TN,37203,5619,MIDTOW,36.1553,-86.8121,POINT (-86.8121 36.1553)
20190460786,06/17/2019 10:38:00 PM,2,0,0,,N,256493,4,ANGLE,2,RAIN,3,DARK - LIGHTED,12,MOTOR VEHICLE IN TRANSPORT,MOSSDALE DR & RURAL HILL RD,NASHVILLE,TN,37217,8963,HERMIT,36.0804,-86.6245,POINT (-86.6245 36.0804)
20190279300,04/11/2019 03:53:00 PM,2,0,0,,N,807326,4,ANGLE,21,CLEAR,1,DAYLIGHT,12,MOTOR VEHICLE IN TRANSPORT,4TH AVS & ELM ST,NASHVILLE,TN,37210,4005,CENTRA,36.1533,-86.7722,POINT (-86.7722 36.1533)
20190203218,03/15/2019 12:58:00 PM,2,0,0,,N,299249,11,Front to Rear,21,CLEAR,1,DAYLIGHT,12,MOTOR VEHICLE IN TRANSPORT,MM 1 0 OLD HICKORY BLVD,ANTIOCH,TN,37013,8869,SOUTH,36.0298,-86.6128,POINT (-86.6128 36.0298)
20190183820,03/08/2019 08:58:00 AM,2,0,0,,N,134899,11,Front to Rear,2,RAIN,1,DAYLIGHT,12,MOTOR VEHICLE IN TRANSPORT,MURFREESBORO PKE & EDGE O LAKE DR,ANTIOCH,TN,37013,8891,SOUTH,36.0795,-86.6446,POINT (-86.6446 36.0795)
20190461433,06/18/2019 05:53:00 AM,2,2,0,,N,197075,0,NOT COLLISION W/MOTOR VEHICLE-TRANSPORT,2,RAIN,1,DAYLIGHT,12;36,MOTOR VEHICLE IN TRANSPORT;CONCRETE TRAFFIC BARRIER,BRILEY PKWYW & BRILEY PKWYE,NASHVILLE,TN,37218,3216,NORTH,36.2254,-86.8638,POINT (-86.8638 36.2254)
20190253332,04/02/2019 07:56:00 AM,2,1,0,,N,676834,11,Front to Rear,21,CLEAR,1,DAYLIGHT,12,MOTOR VEHICLE IN TRANSPORT,BRICK CHURCH PKE & ARTIC AV,NASHVILLE,TN,37207,3003,NORTH,36.2038,-86.7771,POINT (-86.7771 36.2038)
20190074056,01/28/2019 06:04:00 PM,2,0,0,,N,256379,11,Front to Rear,2,RAIN,3,DARK - LIGHTED,12,MOTOR VEHICLE IN TRANSPORT,I24 E ENT RAMP & I 24,NASHVILLE,TN,37213,1007,CENTRA,36.1662,-86.7659,POINT (-86.7659 36.1662)
20190341575,05/03/2019 08:37:00 PM,1,0,0,,N,834813,0,NOT COLLISION W/MOTOR VEHICLE-TRANSPORT,21,CLEAR,3,DARK - LIGHTED,30,UTILITY POLE,BUCHANAN ST & 16TH AVN,NASHVILLE,TN,37208,4455,NORTH,36.18,-86.81,POINT (-86.81 36.18)
20190145418,02/22/2019 12:00:00 AM,2,0,0,,Y,256419,9,UNKNOWN,2,RAIN,1,DAYLIGHT,14,PARKED MOTOR VEHICLE,JACKSON ST & 16TH AVN,NASHVILLE,TN,37208,5419,NORTH,36.1675,-86.801,POINT (-86.801 36.1675)
20190558305,07/26/2019 05:23:00 PM,2,0,0,,N,320580,4,ANGLE,21,CLEAR,1,DAYLIGHT,12,MOTOR VEHICLE IN TRANSPORT,ELM HILL PKE & WRIGHT INDUSTRIES PVTDR,NASHVILLE,TN,37210,9017,HERMIT,36.144,-86.7187,POINT (-86.7187 36.144)
20190176093,03/05/2019 12:00:00 AM,2,0,0,,Y,330440,5,SIDESWIPE - SAME DIRECTION,21,CLEAR,9,UNKNOWN,12,MOTOR VEHICLE IN TRANSPORT,FATHERLAND ST & S 9TH ST,NASHVILLE,TN,37206,1121,EAST,36.1727,-86.7559,POINT (-86.7559 36.1727)
20190329841,04/29/2019 07:02:00 PM,2,1,0,,Y,279124,4,ANGLE,21,CLEAR,1,DAYLIGHT,12,MOTOR VEHICLE IN TRANSPORT,BELL RD & HICKORY PARK DR,ANTIOCH,TN,37013,8753,SOUTH,36.0449,-86.6704,POINT (-86.6704 36.0449)
20190259615,04/04/2019 10:35:00 AM,2,2,0,,N,481573,11,Front to Rear,21,CLEAR,1,DAYLIGHT,12,MOTOR VEHICLE IN TRANSPORT,MM 209 0 I 40,NASHVILLE,TN,37203,4104,CENTRA,36.1574,-86.7903,POINT (-86.7903 36.1574)
20190338698,05/02/2019 05:54:00 PM,2,0,0,,Y,320585,3,REAR-TO-REAR,21,CLEAR,1,DAYLIGHT,14,PARKED MOTOR VEHICLE,LEBANON PKE & MCGAVOCK PKE,NASHVILLE,TN,37214,9201,HERMIT,36.1694,-86.6799,POINT (-86.6799 36.1694)
20190499216,07/02/2019 04:42:00 PM,3,0,0,,N,179583,11,Front to Rear,21,CLEAR,1,DAYLIGHT,12,MOTOR VEHICLE IN TRANSPORT,MM 7 2 I 440,NASHVILLE,TN,37210,83043,SOUTH,36.1251,-86.7339,POINT (-86.7339 36.1251)
20190539648,07/19/2019 11:10:00 AM,2,0,0,,N,716886,5,SIDESWIPE - SAME DIRECTION,21,CLEAR,1,DAYLIGHT,12,MOTOR VEHICLE IN TRANSPORT,MT VIEW RD & BELL FORGE LNE,ANTIOCH,TN,37013,8863,SOUTH,36.0471,-86.648,POINT (-86.648 36.0471)
20190293246,04/16/2019 06:30:00 PM,2,1,0,,Y,169425,11,Front to Rear,21,CLEAR,1,DAYLIGHT,12,MOTOR VEHICLE IN TRANSPORT,MM 210 1 I 40,NASHVILLE,TN,37203,4006,CENTRA,36.1492,-86.7751,POINT (-86.7751 36.1492)
20190427869,06/05/2019 05:44:00 AM,2,0,0,,N,352186,11,Front to Rear,21,CLEAR,1,DAYLIGHT,12,MOTOR VEHICLE IN TRANSPORT,MM 33 4 I 24,JOELTON,TN,37080,3316,NORTH,36.3288,-86.8952,POINT (-86.8952 36.3288)
20190534903,07/17/2019 04:06:00 PM,3,0,0,,N,151132,11,Front to Rear,21,CLEAR,1,DAYLIGHT,12,MOTOR VEHICLE IN TRANSPORT,MM 93 0 I 65,MADISON,TN,37115,17040,MADISO,36.2752,-86.7354,POINT (-86.7354 36.2752)
20190478188,06/24/2019 08:35:00 PM,2,0,0,,N,330440,4,ANGLE,21,CLEAR,3,DARK - LIGHTED,12,MOTOR VEHICLE IN TRANSPORT,DR D B TODD JR BLVD & BUCHANAN ST,NASHVILLE,TN,37208,4413,NORTH,36.1805,-86.8112,POINT (-86.8112 36.1805)
20190453499,06/14/2019 06:30:00 PM,2,0,0,,Y,256383,2,HEAD-ON,21,CLEAR,1,DAYLIGHT,55,Motor Vehicle-In-Motion Outside Trafficw,1101 CANE RIDGE RD,ANTIOCH,TN,37013,8721,SOUTH,36.0451,-86.662,POINT (-86.662 36.0451)
20190187843,03/10/2019 12:15:00 AM,2,1,0,,N,311343,4,ANGLE,21,CLEAR,3,DARK - LIGHTED,12,MOTOR VEHICLE IN TRANSPORT,WOODMONT BLVD & GRANNY WHITE PKE,NASHVILLE,TN,37204,7007,MIDTOW,36.1116,-86.7926,POINT (-86.7926 36.1116)
20190254602,04/02/2019 05:59:00 PM,1,1,0,,N,330428,0,NOT COLLISION W/MOTOR VEHICLE-TRANSPORT,21,CLEAR,1,DAYLIGHT,30,UTILITY POLE,NASHVILLE TECH PVTDR & TN TECHNOLOGY CTR,NASHVILLE,TN,37209,5107,WEST,36.1335,-86.8556,POINT (-86.8556 36.1335)
20190562948,07/29/2019 12:00:00 AM,2,0,0,,Y,279233,11,Front to Rear,21,CLEAR,3,DARK - LIGHTED,12,MOTOR VEHICLE IN TRANSPORT,MM 205 3 I 40,NASHVILLE,TN,37209,45045,WEST,36.1543,-86.8337,POINT (-86.8337 36.1543)
20190025137,01/10/2019 02:27:00 PM,2,0,0,,N,134899,11,Front to Rear,21,CLEAR,1,DAYLIGHT,12,MOTOR VEHICLE IN TRANSPORT,BELL RD & DODSON CHAPEL RD,HERMITAGE,TN,37076,9501,HERMIT,36.1632,-86.6131,POINT (-86.6131 36.1632)
20190441192,06/10/2019 10:30:00 AM,2,0,0,,N,267831,16,Rear to Side,21,CLEAR,1,DAYLIGHT,14,PARKED MOTOR VEHICLE,COLEY DAVIS RD & HOOTEN HOWS RD,NASHVILLE,TN,37221,4811,WEST,36.0759,-86.9663,POINT (-86.9663 36.0759)
20190265418,04/06/2019 03:00:00 PM,1,0,0,Y,Y,306231,0,NOT COLLISION W/MOTOR VEHICLE-TRANSPORT,21,CLEAR,1,DAYLIGHT,30,UTILITY POLE,WHITES CREEK PKE & OLD CLARKSVILLE PKE,JOELTON,TN,37080,3307,NORTH,36.312,-86.8602,POINT (-86.8602 36.312)
20190413803,05/30/2019 06:15:00 PM,2,2,0,,N,256380,4,ANGLE,21,CLEAR,1,DAYLIGHT,12,MOTOR VEHICLE IN TRANSPORT,BUCHANAN ST & 21ST AVN,NASHVILLE,TN,37208,4459,NORTH,36.1801,-86.8124,POINT (-86.8124 36.1801)
20190113594,02/11/2019 12:00:00 AM,2,0,0,,Y,298861,5,SIDESWIPE - SAME DIRECTION,2,RAIN,3,DARK - LIGHTED,12,MOTOR VEHICLE IN TRANSPORT,MM 211 6 I 40,NASHVILLE,TN,37210,82042,HERMIT,36.1508,-86.7502,POINT (-86.7502 36.1508)
20190506512,07/05/2019 11:39:00 AM,2,0,0,,N,352215,5,SIDESWIPE - SAME DIRECTION,21,CLEAR,1,DAYLIGHT,12,MOTOR VEHICLE IN TRANSPORT,MM 41 0 I 24,WHITES CREEK,TN,37189,3226,NORTH,36.2715,-86.7951,POINT (-86.7951 36.2715)
20190572773,08/01/2019 06:36:00 PM,2,3,0,,N,345098,2,HEAD-ON,21,CLEAR,1,DAYLIGHT,12,MOTOR VEHICLE IN TRANSPORT,SAWYER BROWN RD & GENERAL GEORGE PATTON,NASHVILLE,TN,37221,4811,WEST,36.0683,-86.9493,POINT (-86.9493 36.0683)
20190473013,06/22/2019 12:00:00 AM,1,0,0,Y,Y,140808,0,NOT COLLISION W/MOTOR VEHICLE-TRANSPORT,99,UNKNOWN,9,UNKNOWN,43,OTHER FIXED OBJECTS,BRENTWOOD EAST DR & OLD HICKORY BLVD,NASHVILLE,TN,37211,8651,MIDTOW,36.0452,-86.7148,POINT (-86.7148 36.0452)
20190322264,04/26/2019 10:32:00 AM,3,1,0,,Y,298878,11,Front to Rear,21,CLEAR,1,DAYLIGHT,12;99,MOTOR VEHICLE IN TRANSPORT;UNKNOWN MOST HARMFUL EVENT,MM 49 6 I 24,NASHVILLE,TN,37210,4008,CENTRA,36.1571,-86.7604,POINT (-86.7604 36.1571)
20190332521,04/30/2019 04:45:00 PM,2,1,0,,N,279124,11,Front to Rear,21,CLEAR,1,DAYLIGHT,12,MOTOR VEHICLE IN TRANSPORT,BELL RD & I24 E ENT RAMP,ANTIOCH,TN,37013,8751,SOUTH,36.0449,-86.6597,POINT (-86.6597 36.0449)
20190018844,01/08/2019 11:15:00 AM,2,0,0,,N,134899,11,Front to Rear,21,CLEAR,1,DAYLIGHT,12,MOTOR VEHICLE IN TRANSPORT,LAFAYETTE ST & 2ND AVS,NASHVILLE,TN,37210,8201,HERMIT,36.1507,-86.768,POINT (-86.768 36.1507)
20190322510,04/26/2019 12:43:00 PM,2,0,0,,N,716886,11,Front to Rear,21,CLEAR,1,DAYLIGHT,12,MOTOR VEHICLE IN TRANSPORT,I24E & I24 W ENT RAMP,NASHVILLE,TN,37210,82061,HERMIT,36.1386,-86.7273,POINT (-86.7273 36.1386)
20190152299,02/25/2019 12:06:00 PM,2,0,0,,N,191578,5,SIDESWIPE - SAME DIRECTION,21,CLEAR,1,DAYLIGHT,12,MOTOR VEHICLE IN TRANSPORT,DONELSON PKE & I40 E EXT RAMP,NASHVILLE,TN,37217,8951,HERMIT,36.1401,-86.6664,POINT (-86.6664 36.1401)
20190198015,03/13/2019 04:59:00 PM,2,0,0,,N,256439,5,SIDESWIPE - SAME DIRECTION,21,CLEAR,1,DAYLIGHT,12,MOTOR VEHICLE IN TRANSPORT,MM 213 8 I 40,NASHVILLE,TN,37217,8802,HERMIT,36.1413,-86.7163,POINT (-86.7163 36.1413)
20190363789,05/12/2019 02:30:00 PM,2,0,0,,N,311328,5,SIDESWIPE - SAME DIRECTION,22,CLOUDY,1,DAYLIGHT,12,MOTOR VEHICLE IN TRANSPORT,MM 48 0 I 24,NASHVILLE,TN,37213,1908,CENTRA,36.1759,-86.7721,POINT (-86.7721 36.1759)
20190332207,04/30/2019 02:28:00 PM,2,0,0,,N,267831,11,Front to Rear,21,CLEAR,1,DAYLIGHT,12,MOTOR VEHICLE IN TRANSPORT,SAWYER BROWN RD & GENERAL GEORGE PATTON,NASHVILLE,TN,37221,4811,WEST,36.0683,-86.9493,POINT (-86.9493 36.0683)
20190145070,02/22/2019 12:36:00 PM,2,0,0,,N,226576,4,ANGLE,2,RAIN,1,DAYLIGHT,12,MOTOR VEHICLE IN TRANSPORT,CHURCH ST & GEORGE L DAVIS BLVD,NASHVILLE,TN,37203,4119,CENTRA,36.1587,-86.79,POINT (-86.79 36.1587)
20190360227,05/10/2019 08:36:00 PM,2,1,0,Y,N,352162,11,Front to Rear,2,RAIN,3,DARK - LIGHTED,12;71,MOTOR VEHICLE IN TRANSPORT;EMBANKMENT EARTH,HIGHWAY 100 & PERCY WARNER BLVD,NASHVILLE,TN,37221,6211,WEST,36.0842,-86.8829,POINT (-86.8829 36.0842)
20190455151,06/15/2019 12:40:00 PM,2,0,0,,N,538214,5,SIDESWIPE - SAME DIRECTION,21,CLEAR,1,DAYLIGHT,12,MOTOR VEHICLE IN TRANSPORT,4TH AVS & LAFAYETTE ST,NASHVILLE,TN,37203,4007,CENTRA,36.1515,-86.7711,POINT (-86.7711 36.1515)
20190210050,03/18/2019 10:55:00 AM,2,1,0,,N,226622,4,ANGLE,21,CLEAR,1,DAYLIGHT,12,MOTOR VEHICLE IN TRANSPORT,51ST AVN & TENNESSEE AV,NASHVILLE,TN,37209,4509,WEST,36.1607,-86.849,POINT (-86.849 36.1607)
20190517696,07/10/2019 04:46:00 PM,2,4,0,,N,299241,11,Front to Rear,21,CLEAR,1,DAYLIGHT,12,MOTOR VEHICLE IN TRANSPORT,OLD HICKORY BLVD & LEBANON PKE EB EXT RA,HERMITAGE,TN,37076,9531,HERMIT,36.1964,-86.6198,POINT (-86.6198 36.1964)
20190555065,07/25/2019 12:48:00 PM,2,0,0,,N,109534,11,Front to Rear,21,CLEAR,1,DAYLIGHT,12,MOTOR VEHICLE IN TRANSPORT,MM 210 7 I 40,NASHVILLE,TN,37210,8202,HERMIT,36.1532,-86.7644,POINT (-86.7644 36.1532)
20190220874,03/21/2019 03:47:00 PM,2,0,0,,N,320579,11,Front to Rear,21,CLEAR,1,DAYLIGHT,12,MOTOR VEHICLE IN TRANSPORT,GALLATIN AV & N 11TH ST,NASHVILLE,TN,37206,1241,EAST,36.1796,-86.7502,POINT (-86.7502 36.1796)
20190430140,06/06/2019 01:12:00 AM,2,0,0,,N,212307,4,ANGLE,21,CLEAR,3,DARK - LIGHTED,12,MOTOR VEHICLE IN TRANSPORT,8TH AVS & LAFAYETTE ST,NASHVILLE,TN,37203,4043,CENTRA,36.1546,-86.7792,POINT (-86.7792 36.1546)
20190021829,01/09/2019 11:15:00 AM,2,0,0,,Y,693093,11,Front to Rear,21,CLEAR,1,DAYLIGHT,55,Motor Vehicle-In-Motion Outside Trafficw,DOVERSIDE DR & DICKERSON PKE ENT RAMP,NASHVILLE,TN,37207,2011,MADISO,36.2429,-86.7581,POINT (-86.7581 36.2429)
20190148235,02/23/2019 06:15:00 PM,1,0,0,,N,311344,0,NOT COLLISION W/MOTOR VEHICLE-TRANSPORT,2,RAIN,3,DARK - LIGHTED,36,CONCRETE TRAFFIC BARRIER,MM 93 0 I 65,MADISON,TN,37115,17040,MADISO,36.2752,-86.7354,POINT (-86.7354 36.2752)
20190430120,06/05/2019 11:40:00 PM,2,0,0,,N,197053,11,Front to Rear,21,CLEAR,2,DARK - NOT LIGHTED,12,MOTOR VEHICLE IN TRANSPORT,MM 59 5 I 24,ANTIOCH,TN,37013,88060,SOUTH,36.0441,-86.6567,POINT (-86.6567 36.0441)
20190263138,04/05/2019 11:30:00 AM,2,0,0,,Y,299266,4,ANGLE,22,CLOUDY,1,DAYLIGHT,12,MOTOR VEHICLE IN TRANSPORT,RICHARDS RD & DELIA DR,ANTIOCH,TN,37013,8893,SOUTH,36.0689,-86.6798,POINT (-86.6798 36.0689)
20190058469,01/23/2019 02:58:00 AM,1,0,0,,N,279197,0,NOT COLLISION W/MOTOR VEHICLE-TRANSPORT,22,CLOUDY,3,DARK - LIGHTED,34,DITCH,DOUGLAS AV & SCOTT AV,NASHVILLE,TN,37206,1329,EAST,36.1916,-86.7341,POINT (-86.7341 36.1916)
20190270451,04/08/2019 04:20:00 PM,2,0,0,,N,420040,11,Front to Rear,2,RAIN,1,DAYLIGHT,12,MOTOR VEHICLE IN TRANSPORT,18TH AVN & PATTERSON ST,NASHVILLE,TN,37203,5505,MIDTOW,36.1569,-86.799,POINT (-86.799 36.1569)
20190263718,04/05/2019 10:11:00 PM,2,1,0,,N,579971,11,Front to Rear,21,CLEAR,3,DARK - LIGHTED,12,MOTOR VEHICLE IN TRANSPORT,MM 59 4 I 24,ANTIOCH,TN,37013,8808,SOUTH,36.0454,-86.659,POINT (-86.659 36.0454)
20190223859,03/22/2019 02:35:00 PM,2,0,0,,N,191578,4,ANGLE,21,CLEAR,1,DAYLIGHT,55,Motor Vehicle-In-Motion Outside Trafficw,HERMITAGE MARKETPLACE PVTDR & JUAREZ DR,HERMITAGE,TN,37076,9507,HERMIT,36.1927,-86.6156,POINT (-86.6156 36.1927)
20190182461,03/07/2019 10:20:00 PM,2,1,0,,N,256389,11,Front to Rear,2,RAIN,3,DARK - LIGHTED,12,MOTOR VEHICLE IN TRANSPORT,MM 210 4 I 40,NASHVILLE,TN,37210,80022,SOUTH,36.1511,-86.7695,POINT (-86.7695 36.1511)
20190276149,04/10/2019 02:55:00 PM,2,0,0,,N,419972,4,ANGLE,21,CLEAR,1,DAYLIGHT,12,MOTOR VEHICLE IN TRANSPORT,WILSON BLVDS & WEST END AV,NASHVILLE,TN,37205,6019,WEST,36.131,-86.8342,POINT (-86.8342 36.131)
20190320003,04/25/2019 05:06:00 PM,2,1,0,,N,279124,11,Front to Rear,21,CLEAR,1,DAYLIGHT,12,MOTOR VEHICLE IN TRANSPORT,ANTIOCH PKE & JANSING DR,NASHVILLE,TN,37211,8889,SOUTH,36.0839,-86.6895,POINT (-86.6895 36.0839)
20190042560,01/17/2019 12:03:00 AM,2,0,0,,Y,191573,11,Front to Rear,21,CLEAR,3,DARK - LIGHTED,12;14,MOTOR VEHICLE IN TRANSPORT;PARKED MOTOR VEHICLE,5TH AVS & KOREAN VETERANS BLVD,NASHVILLE,TN,37203,4057,CENTRA,36.157,-86.7762,POINT (-86.7762 36.157)
20190559791,07/27/2019 12:00:00 AM,2,0,0,,Y,834798,9,UNKNOWN,99,UNKNOWN,9,UNKNOWN,14,PARKED MOTOR VEHICLE,HILLVIEW HTS & ELLIOTT AV,NASHVILLE,TN,37204,6951,MIDTOW,36.1266,-86.7792,POINT (-86.7792 36.1266)
20190338250,05/02/2019 12:00:00 AM,2,0,0,,Y,256379,11,Front to Rear,21,CLEAR,1,DAYLIGHT,12,MOTOR VEHICLE IN TRANSPORT,MM 207 1 I 40,NASHVILLE,TN,37208,54020,NORTH,36.1698,-86.8093,POINT (-86.8093 36.1698)
20190366394,05/13/2019 04:13:00 PM,2,3,0,,N,298874,11,Front to Rear,21,CLEAR,1,DAYLIGHT,12,MOTOR VEHICLE IN TRANSPORT,GALLATIN PKE & BROADMOOR DR,NASHVILLE,TN,37216,1513,EAST,36.2295,-86.7251,POINT (-86.7251 36.2295)
20190196724,03/13/2019 08:55:00 AM,2,0,0,,N,562543,4,ANGLE,22,CLOUDY,1,DAYLIGHT,12,MOTOR VEHICLE IN TRANSPORT,ORLEANS DR & WEST END AV,NASHVILLE,TN,37212,5819,MIDTOW,36.1393,-86.8189,POINT (-86.8189 36.1393)
20190274249,04/09/2019 11:45:00 PM,2,0,0,,N,769384,5,SIDESWIPE - SAME DIRECTION,21,CLEAR,3,DARK - LIGHTED,12,MOTOR VEHICLE IN TRANSPORT,4TH AVS & MOLLOY ST,NASHVILLE,TN,37203,4055,CENTRA,36.1585,-86.7756,POINT (-86.7756 36.1585)
20190062342,01/24/2019 10:22:00 AM,2,0,0,,N,226673,11,Front to Rear,21,CLEAR,1,DAYLIGHT,12,MOTOR VEHICLE IN TRANSPORT,BROADWAY & I40 W ENT RAMP,NASHVILLE,TN,37203,4081,CENTRA,36.156,-86.7889,POINT (-86.7889 36.156)
20190361296,05/11/2019 07:28:00 AM,2,0,0,,N,799013,11,Front to Rear,22,CLOUDY,1,DAYLIGHT,12,MOTOR VEHICLE IN TRANSPORT,BRILEY PKWYN & BRILEY PKWYS,NASHVILLE,TN,37211,8404,SOUTH,36.1092,-86.727,POINT (-86.727 36.1092)
20190525500,07/13/2019 08:35:00 PM,1,1,0,,N,330443,0,NOT COLLISION W/MOTOR VEHICLE-TRANSPORT,2,RAIN,2,DARK - NOT LIGHTED,1,,UNION HILL RD & LUSTER RD,GOODLETTSVILLE,TN,37072,2203,MADISO,36.3367,-86.782,POINT (-86.782 36.3367)
20190168433,03/03/2019 07:40:00 AM,1,0,0,,N,299243,0,NOT COLLISION W/MOTOR VEHICLE-TRANSPORT,2,RAIN,5,DUSK,36,CONCRETE TRAFFIC BARRIER,MM 47 7 I 24,NASHVILLE,TN,37207,19020,EAST,36.179,-86.7737,POINT (-86.7737 36.179)
20190316599,04/24/2019 01:55:00 PM,2,0,0,,N,468031,5,SIDESWIPE - SAME DIRECTION,21,CLEAR,1,DAYLIGHT,12,MOTOR VEHICLE IN TRANSPORT,CHICKASAW AV & JONES AV,NASHVILLE,TN,37207,1855,EAST,36.2011,-86.7583,POINT (-86.7583 36.2011)
20190522681,07/12/2019 03:20:00 PM,2,0,0,,Y,306708,4,ANGLE,21,CLEAR,1,DAYLIGHT,12,MOTOR VEHICLE IN TRANSPORT,GALLATIN PKES & MAPLE ST,MADISON,TN,37115,1607,MADISO,36.2617,-86.7124,POINT (-86.7124 36.2617)
20190062120,01/24/2019 08:45:00 AM,3,0,0,,N,320586,11,Front to Rear,22,CLOUDY,1,DAYLIGHT,12,MOTOR VEHICLE IN TRANSPORT,MM 54 4 I 24,NASHVILLE,TN,37211,84020,SOUTH,36.1017,-86.7129,POINT (-86.7129 36.1017)
20190371325,05/15/2019 06:59:00 AM,2,0,0,,N,665896,4,ANGLE,22,CLOUDY,1,DAYLIGHT,12,MOTOR VEHICLE IN TRANSPORT,ROCK ST & PLUM ST,NASHVILLE,TN,37207,1889,EAST,36.2143,-86.7666,POINT (-86.7666 36.2143)