Accident Number,Date and Time,Number of Motor Vehicles,Number of Injuries,Number of Fatalities,Property Damage,Hit and Run,Reporting Officer,Collision Type Code,Collision Type Description,Weather Code,Weather Description,Illumination Code,Illumination Description,Harmful Code,Harmful Code Description,Street Address,City,State,ZIP,RPA,Precinct,Latitude,Longitude,Mapped Location
20190151500,02/25/2019 05:27:00 AM,2,1,0,,N,256569,4,ANGLE,21,CLEAR,3,DARK - LIGHTED,12;42,MOTOR VEHICLE IN TRANSPORT;TREE,DUE WEST AVW & S GRAYCROFT AV,MADISON,TN,37115,1799,MADISO,36.2492,-86.7345,POINT (-86.7345 36.2492)
20190155807,02/26/2019 01:08:00 PM,2,1,0,,N,584947,11,Front to Rear,21,CLEAR,1,DAYLIGHT,12,MOTOR VEHICLE IN TRANSPORT,MM 3 8 I 440,NASHVILLE,TN,37212,6502,MIDTOW,36.1163,-86.7919,POINT (-86.7919 36.1163)
20190561198,07/28/2019 02:29:00 AM,2,0,0,,N,197059,5,SIDESWIPE - SAME DIRECTION,21,CLEAR,3,DARK - LIGHTED,12,MOTOR VEHICLE IN TRANSPORT,MM 79 0 I 65,NASHVILLE,TN,37204,8502,MIDTOW,36.0987,-86.7636,POINT (-86.7636 36.0987)
20190395235,05/23/2019 06:41:00 PM,1,0,0,Y,Y,299238,0,NOT COLLISION W/MOTOR VEHICLE-TRANSPORT,21,CLEAR,1,DAYLIGHT,19,BUILDING,CHESTER AV & SCOTT AV,NASHVILLE,TN,37206,1335,EAST,36.1941,-86.7325,POINT (-86.7325 36.1941)
20190191378,03/11/2019 02:25:00 PM,4,1,0,,N,676834,11,Front to Rear,21,CLEAR,1,DAYLIGHT,12,MOTOR VEHICLE IN TRANSPORT,12TH AVN & JEFFERSON ST,NASHVILLE,TN,37208,5429,NORTH,36.1713,-86.7992,POINT (-86.7992 36.1713)
20190004372,01/02/2019 05:02:00 PM,2,0,0,,N,256446,11,Front to Rear,2,RAIN,3,DARK - LIGHTED,12,MOTOR VEHICLE IN TRANSPORT,MM 56 0 I 24,NASHVILLE,TN,37211,8708,SOUTH,36.0818,-86.6975,POINT (-86.6975 36.0818)
20190479983,06/25/2019 11:43:00 AM,2,1,0,,N,553957,5,SIDESWIPE - SAME DIRECTION,21,CLEAR,1,DAYLIGHT,12,MOTOR VEHICLE IN TRANSPORT,MM 211 5 I 40,NASHVILLE,TN,37210,8204,HERMIT,36.1514,-86.7517,POINT (-86.7517 36.1514)
20190244075,03/29/2019 12:42:00 PM,2,0,0,,Y,279124,9,UNKNOWN,21,CLEAR,1,DAYLIGHT,12;14,MOTOR VEHICLE IN TRANSPORT;PARKED MOTOR VEHICLE,WAIKIKI BLVD & PINEAPPLE LN,ANTIOCH,TN,37013,8899,SOUTH,36.0741,-86.6786,POINT (-86.6786 36.0741)
20190460630,06/17/2019 07:51:00 PM,2,0,0,,Y,279208,4,ANGLE,99,UNKNOWN,1,DAYLIGHT,12,MOTOR VEHICLE IN TRANSPORT,DIVISION ST & 19TH AVS,NASHVILLE,TN,37203,6715,MIDTOW,36.1506,-86.7955,POINT (-86.7955 36.1506)
20190448971,06/13/2019 07:10:00 AM,2,1,0,,Y,676834,4,ANGLE,21,CLEAR,1,DAYLIGHT,12,MOTOR VEHICLE IN TRANSPORT,BUCHANAN ST & 16TH AVN,NASHVILLE,TN,37208,4455,NORTH,36.18,-86.81,POINT (-86.81 36.18)
20190238245,03/27/2019 06:00:00 PM,2,4,0,,N,212330,2,HEAD-ON,21,CLEAR,1,DAYLIGHT,12,MOTOR VEHICLE IN TRANSPORT,FOSTER AV & MURFREESBORO PKE,NASHVILLE,TN,37210,8113,SOUTH,36.1416,-86.7406,POINT (-86.7406 36.1416)
20190423114,06/03/2019 02:15:00 PM,2,0,0,,Y,1,4,ANGLE,21,CLEAR,1,DAYLIGHT,12,MOTOR VEHICLE IN TRANSPORT,PORT JAMES CIR & THOMAS BAY CT,ANTIOCH,TN,37013,8905,SOUTH,36.0476,-86.5861,POINT (-86.5861 36.0476)
20190564897,07/29/2019 12:00:00 AM,2,0,0,,N,256379,4,ANGLE,21,CLEAR,1,DAYLIGHT,12,MOTOR VEHICLE IN TRANSPORT,HARDING PL & METROPLEX DR,NASHVILLE,TN,37211,8889,SOUTH,36.0868,-86.6959,POINT (-86.6959 36.0868)
20190366098,05/13/2019 02:15:00 PM,2,0,0,,N,267831,4,ANGLE,22,CLOUDY,1,DAYLIGHT,12,MOTOR VEHICLE IN TRANSPORT,CHARLOTTE AV & 45TH AVN,NASHVILLE,TN,37209,5203,WEST,36.1522,-86.8411,POINT (-86.8411 36.1522)
20190049475,01/19/2019 01:11:00 PM,2,1,0,,N,630627,4,ANGLE,2,RAIN,1,DAYLIGHT,12,MOTOR VEHICLE IN TRANSPORT,IDLEWILD DR & ROTHWOOD AV,MADISON,TN,37115,1603,MADISO,36.253,-86.706,POINT (-86.706 36.253)
20190339222,05/03/2019 01:00:00 AM,2,0,0,,N,197067,4,ANGLE,21,CLEAR,3,DARK - LIGHTED,12,MOTOR VEHICLE IN TRANSPORT,2ND AVS & KOREAN VETERANS BLVD,NASHVILLE,TN,37201,4047,CENTRA,36.1576,-86.7724,POINT (-86.7724 36.1576)
20190360070,05/10/2019 07:23:00 PM,2,0,0,,Y,151132,5,SIDESWIPE - SAME DIRECTION,22,CLOUDY,5,DUSK,12;14,MOTOR VEHICLE IN TRANSPORT;PARKED MOTOR VEHICLE,DICKERSON PKE & BRILEY PKWY W ENT RAMP,MADISON,TN,37115,20143,MADISO,36.2414,-86.7572,POINT (-86.7572 36.2414)
20190511660,07/08/2019 06:41:00 AM,2,1,0,,N,716886,4,ANGLE,21,CLEAR,1,DAYLIGHT,12,MOTOR VEHICLE IN TRANSPORT,GLENROSE AV & MALDEN DR,NASHVILLE,TN,37210,83020,SOUTH,36.1166,-86.7256,POINT (-86.7256 36.1166)
20190072659,01/28/2019 08:36:00 AM,2,1,0,,N,716886,11,Front to Rear,21,CLEAR,1,DAYLIGHT,12,MOTOR VEHICLE IN TRANSPORT,BATTLE RD & BURKITT RD,ANTIOCH,TN,37013,8771,SOUTH,35.995,-86.6244,POINT (-86.6244 35.995)
20190522467,07/12/2019 01:34:00 PM,2,0,0,,N,769379,5,SIDESWIPE - SAME DIRECTION,21,CLEAR,1,DAYLIGHT,12,MOTOR VEHICLE IN TRANSPORT,MURFREESBORO PKE & DELL PKWY,NASHVILLE,TN,37217,8841,SOUTH,36.1084,-86.6782,POINT (-86.6782 36.1084)
20190434268,06/07/2019 01:01:00 PM,2,0,0,,Y,676834,4,ANGLE,22,CLOUDY,1,DAYLIGHT,12;14,MOTOR VEHICLE IN TRANSPORT;PARKED MOTOR VEHICLE,25 VANTAGE WAY,NASHVILLE,TN,37228,4401,NORTH,36.1916,-86.7941,POINT (-86.7941 36.1916)
20190302182,04/19/2019 02:28:00 PM,2,3,0,,N,716886,4,ANGLE,2,RAIN,1,DAYLIGHT,12,MOTOR VEHICLE IN TRANSPORT,SHIAWAY DR & MURFREESBORO PKE,ANTIOCH,TN,37013,8891,SOUTH,36.0815,-86.6463,POINT (-86.6463 36.0815)
20190439687,06/09/2019 11:55:00 PM,2,1,0,,N,256423,11,Front to Rear,21,CLEAR,2,DARK - NOT LIGHTED,14,PARKED MOTOR VEHICLE,CLIFTON AV & BATAVIA ST,NASHVILLE,TN,37209,4551,NORTH,36.1582,-86.8282,POINT (-86.8282 36.1582)
20190227410,03/24/2019 12:20:00 AM,2,0,0,,N,298859,4,ANGLE,21,CLEAR,2,DARK - NOT LIGHTED,12,MOTOR VEHICLE IN TRANSPORT,OLD HICKORY BLVD & CHANDLER PL,HERMITAGE,TN,37076,9561,HERMIT,36.183,-86.6093,POINT (-86.6093 36.183)
20190547312,07/22/2019 04:50:00 PM,2,0,0,,N,197435,4,ANGLE,2,RAIN,1,DAYLIGHT,12,MOTOR VEHICLE IN TRANSPORT,3035 DICKERSON PKE,NASHVILLE,TN,37207,1811,EAST,36.2269,-86.7598,POINT (-86.7598 36.2269)
20190342208,05/04/2019 02:00:00 AM,1,0,0,,Y,660929,9,UNKNOWN,21,CLEAR,2,DARK - NOT LIGHTED,99,UNKNOWN MOST HARMFUL EVENT,600 WHISPERING HILLS,NASHVILLE,TN,37211,8419,SOUTH,36.0835,-86.716,POINT (-86.716 36.0835)
20190524768,07/13/2019 01:15:00 PM,1,1,0,,N,156307,0,NOT COLLISION W/MOTOR VEHICLE-TRANSPORT,21,CLEAR,1,DAYLIGHT,38;63,FENCE;Ran Off Road-Right,ROSA L PARKS BLVD & MAINSTREAM DR,NASHVILLE,TN,37228,4483,NORTH,36.1925,-86.8157,POINT (-86.8157 36.1925)
20190049497,01/19/2019 01:48:00 PM,2,0,0,,N,256386,4,ANGLE,2,RAIN,1,DAYLIGHT,12,MOTOR VEHICLE IN TRANSPORT,US HWY 31 ALT & HICKORYVIEW DR,NASHVILLE,TN,37211,8717,SOUTH,36.0473,-86.7134,POINT (-86.7134 36.0473)
20190507441,07/05/2019 08:55:00 PM,2,0,0,,Y,256448,11,Front to Rear,21,CLEAR,3,DARK - LIGHTED,12;41,MOTOR VEHICLE IN TRANSPORT;SHRUBBERY,ELM HILL PKE & DONELSON PKE,NASHVILLE,TN,37214,9411,HERMIT,36.1485,-86.6651,POINT (-86.6651 36.1485)
20190572345,08/01/2019 03:20:00 PM,2,0,0,,N,352166,4,ANGLE,21,CLEAR,1,DAYLIGHT,12,MOTOR VEHICLE IN TRANSPORT,8TH AVS & LAFAYETTE ST,NASHVILLE,TN,37203,4043,CENTRA,36.1546,-86.7792,POINT (-86.7792 36.1546)
20190483412,06/26/2019 03:18:00 PM,2,0,0,,N,267831,11,Front to Rear,21,CLEAR,1,DAYLIGHT,12,MOTOR VEHICLE IN TRANSPORT,WHITE BRIDGE PKE & WOODMONT BLVD,NASHVILLE,TN,37205,5015,WEST,36.1254,-86.848,POINT (-86.848 36.1254)
20190148559,02/23/2019 10:08:00 PM,2,2,0,Y,N,716884,5,SIDESWIPE - SAME DIRECTION,2,RAIN,3,DARK - LIGHTED,12;34;63,MOTOR VEHICLE IN TRANSPORT;DITCH;Ran Off Road-Right,W HEIMAN ST & W H DAVIS DR,NASHVILLE,TN,37208,4523,NORTH,36.1701,-86.8174,POINT (-86.8174 36.1701)
20190246517,03/30/2019 04:40:00 PM,2,2,0,,N,306231,4,ANGLE,22,CLOUDY,1,DAYLIGHT,12,MOTOR VEHICLE IN TRANSPORT,W TRINITY LN & WHITES CREEK PKE,NASHVILLE,TN,37207,3009,NORTH,36.207,-86.7916,POINT (-86.7916 36.207)
20190408434,05/28/2019 10:25:00 PM,2,1,0,,N,311343,11,Front to Rear,21,CLEAR,3,DARK - LIGHTED,12,MOTOR VEHICLE IN TRANSPORT,MM 4 4 I 440,NASHVILLE,TN,37204,7014,MIDTOW,36.1158,-86.7827,POINT (-86.7827 36.1158)
20190368164,05/14/2019 07:30:00 AM,2,0,0,,N,226622,11,Front to Rear,21,CLEAR,1,DAYLIGHT,12,MOTOR VEHICLE IN TRANSPORT,VINE CT & HARDING PKE,NASHVILLE,TN,37205,6019,WEST,36.1297,-86.8396,POINT (-86.8396 36.1297)
20190035735,01/14/2019 06:35:00 PM,2,0,0,,N,298860,6,SIDESWIPE - OPPOSITE DIRECTION,21,CLEAR,2,DARK - NOT LIGHTED,13,MOTOR VEHICLE IN TRANSPORT-OTHER ROADWAY,LEBANON PKE & OLD HICKORY BLVD,HERMITAGE,TN,37076,9613,HERMIT,36.1756,-86.6154,POINT (-86.6154 36.1756)
20190101227,02/06/2019 08:56:00 PM,1,1,0,,N,151132,0,NOT COLLISION W/MOTOR VEHICLE-TRANSPORT,2,RAIN,3,DARK - LIGHTED,36;64,CONCRETE TRAFFIC BARRIER;Ran Off Road-Left,MM 89 3 I 65,NASHVILLE,TN,37207,18062,EAST,36.2341,-86.7668,POINT (-86.7668 36.2341)
20190508180,07/06/2019 05:40:00 AM,1,0,0,Y,Y,330441,0,NOT COLLISION W/MOTOR VEHICLE-TRANSPORT,21,CLEAR,1,DAYLIGHT,12;36,MOTOR VEHICLE IN TRANSPORT;CONCRETE TRAFFIC BARRIER,MM 2 6 I 440,NASHVILLE,TN,37215,6008,WEST,36.1234,-86.8086,POINT (-86.8086 36.1234)
20190446570,06/11/2019 03:41:00 PM,1,0,0,Y,N,179580,0,NOT COLLISION W/MOTOR VEHICLE-TRANSPORT,21,CLEAR,1,DAYLIGHT,38,FENCE,23RD AVN & CHARLOTTE AV,NASHVILLE,TN,37209,5339,NORTH,36.1558,-86.8097,POINT (-86.8097 36.1558)
20190279765,04/11/2019 08:17:00 PM,2,0,0,,N,279124,5,SIDESWIPE - SAME DIRECTION,21,CLEAR,2,DARK - NOT LIGHTED,12,MOTOR VEHICLE IN TRANSPORT,OLD HICKORY BLVD & I24 E ENT RAMP,ANTIOCH,TN,37013,8771,SOUTH,36.0134,-86.6207,POINT (-86.6207 36.0134)
20190518024,07/10/2019 08:36:00 PM,1,0,0,,Y,620080,0,NOT COLLISION W/MOTOR VEHICLE-TRANSPORT,21,CLEAR,3,DARK - LIGHTED,8,PEDESTRIAN,STRATFORD AV & GALLATIN PKE,NASHVILLE,TN,37216,1441,EAST,36.2145,-86.7305,POINT (-86.7305 36.2145)
20190269392,04/08/2019 07:41:00 AM,2,1,0,,N,716886,11,Front to Rear,2,RAIN,1,DAYLIGHT,12,MOTOR VEHICLE IN TRANSPORT,NOLENSVILLE PKE & BARNES RD,NASHVILLE,TN,37211,8651,MIDTOW,36.0341,-86.7131,POINT (-86.7131 36.0341)
20190464833,06/19/2019 10:50:00 AM,2,0,0,,N,256502,11,Front to Rear,21,CLEAR,1,DAYLIGHT,12,MOTOR VEHICLE IN TRANSPORT,I40 E EXT RAMP & I 40,NASHVILLE,TN,37214,8955,HERMIT,36.155,-86.6271,POINT (-86.6271 36.155)
20190542160,07/20/2019 09:34:00 AM,2,0,0,,N,902543,4,ANGLE,21,CLEAR,1,DAYLIGHT,12,MOTOR VEHICLE IN TRANSPORT,I65 N ENT RAMP & W TRINITY LN,NASHVILLE,TN,37207,1829,EAST,36.2063,-86.7735,POINT (-86.7735 36.2063)
20190523029,07/12/2019 04:54:00 PM,2,0,0,,N,267831,5,SIDESWIPE - SAME DIRECTION,21,CLEAR,1,DAYLIGHT,12,MOTOR VEHICLE IN TRANSPORT,CHARLOTTE PKE & ORLANDO AV,NASHVILLE,TN,37209,5103,WEST,36.1505,-86.8566,POINT (-86.8566 36.1505)
20190416089,05/31/2019 12:17:00 PM,3,1,0,,N,299265,5,SIDESWIPE - SAME DIRECTION,21,CLEAR,1,DAYLIGHT,12,MOTOR VEHICLE IN TRANSPORT,0 BRILEY PKWYW,NASHVILLE,TN,37207,20141,MADISO,36.2398,-86.7751,POINT (-86.7751 36.2398)
20190362253,05/11/2019 07:46:00 PM,2,2,0,,N,256441,11,Front to Rear,2,RAIN,2,DARK - NOT LIGHTED,12,MOTOR VEHICLE IN TRANSPORT,EDMONDSON PKE & MT PISGAH RD,NASHVILLE,TN,37211,8651,MIDTOW,36.0244,-86.7424,POINT (-86.7424 36.0244)
20190053677,01/21/2019 10:53:00 AM,2,0,0,,N,716886,4,ANGLE,21,CLEAR,1,DAYLIGHT,12,MOTOR VEHICLE IN TRANSPORT,NOLENSVILLE PKE & BLUFF RD,NASHVILLE,TN,37211,8651,MIDTOW,36.0094,-86.7016,POINT (-86.7016 36.0094)
20190016357,01/07/2019 12:50:00 PM,2,0,0,,N,226136,11,Front to Rear,22,CLOUDY,1,DAYLIGHT,12,MOTOR VEHICLE IN TRANSPORT,THOMPSON LN & EUGENIA AV,NASHVILLE,TN,37204,8523,MIDTOW,36.1111,-86.7548,POINT (-86.7548 36.1111)
20190128551,02/16/2019 08:00:00 PM,2,1,0,,N,161939,11,Front to Rear,21,CLEAR,3,DARK - LIGHTED,14,PARKED MOTOR VEHICLE,MOOREGATE DR & MT VIEW RIDGE DR,ANTIOCH,TN,37013,8977,SOUTH,36.0689,-86.5923,POINT (-86.5923 36.0689)
20190011941,01/05/2019 01:08:00 PM,2,2,0,,N,179602,5,SIDESWIPE - SAME DIRECTION,21,CLEAR,1,DAYLIGHT,12,MOTOR VEHICLE IN TRANSPORT,JEFFERSON ST & I40 E EXT RAMP,NASHVILLE,TN,37208,5321,NORTH,36.1686,-86.8132,POINT (-86.8132 36.1686)
20190565425,07/29/2019 11:57:00 PM,2,0,0,,N,330419,11,Front to Rear,21,CLEAR,3,DARK - LIGHTED,12,MOTOR VEHICLE IN TRANSPORT,MM 92 6 I 65,MADISON,TN,37115,1704,MADISO,36.2702,-86.7364,POINT (-86.7364 36.2702)
20190205875,03/16/2019 02:52:00 PM,2,0,0,,N,311332,11,Front to Rear,21,CLEAR,1,DAYLIGHT,12,MOTOR VEHICLE IN TRANSPORT,HIGHWAY 100 & WILLOUGHBY WAY,NASHVILLE,TN,37221,4807,WEST,36.059,-86.9202,POINT (-86.9202 36.059)
20190309719,04/22/2019 12:00:00 AM,2,0,0,,N,212344,11,Front to Rear,21,CLEAR,1,DAYLIGHT,12,MOTOR VEHICLE IN TRANSPORT,GALLATIN PKE & BRILEY PKWY E EXT RAMP,NASHVILLE,TN,37216,1503,EAST,36.2338,-86.7248,POINT (-86.7248 36.2338)
20190072343,01/28/2019 05:47:00 AM,3,1,0,,N,151122,11,Front to Rear,21,CLEAR,4,DAWN,12,MOTOR VEHICLE IN TRANSPORT,MM 58 5 I 24,ANTIOCH,TN,37013,87061,SOUTH,36.0527,-86.6719,POINT (-86.6719 36.0527)
20190075354,01/29/2019 04:00:00 AM,2,0,0,,N,256382,4,ANGLE,21,CLEAR,3,DARK - LIGHTED,12,MOTOR VEHICLE IN TRANSPORT,ROYAL PKWY & DONELSON PKE,NASHVILLE,TN,37214,9103,HERMIT,36.1463,-86.6689,POINT (-86.6689 36.1463)
20190322939,04/26/2019 03:28:00 PM,2,0,0,,N,299257,11,Front to Rear,21,CLEAR,1,DAYLIGHT,12,MOTOR VEHICLE IN TRANSPORT,I65 S ENT RAMP & I65 S EXT RAMP,NASHVILLE,TN,37204,6945,MIDTOW,36.1342,-86.7764,POINT (-86.7764 36.1342)
20190503077,07/04/2019 12:30:00 AM,2,0,0,,Y,279198,11,Front to Rear,21,CLEAR,3,DARK - LIGHTED,12,MOTOR VEHICLE IN TRANSPORT,S 5TH ST & SHELBY AV,NASHVILLE,TN,37206,1009,EAST,36.1676,-86.7622,POINT (-86.7622 36.1676)
20190059423,01/23/2019 11:36:00 AM,1,0,0,Y,N,665896,0,NOT COLLISION W/MOTOR VEHICLE-TRANSPORT,2,RAIN,1,DAYLIGHT,30,UTILITY POLE,MM 47 8 I 24,NASHVILLE,TN,37207,1904,CENTRA,36.1775,-86.7731,POINT (-86.7731 36.1775)
20190444478,06/11/2019 04:52:00 PM,3,0,0,,Y,311332,11,Front to Rear,21,CLEAR,1,DAYLIGHT,12,MOTOR VEHICLE IN TRANSPORT,BRILEY PKWYS & BRILEY PKWYN,NASHVILLE,TN,37218,3212,NORTH,36.2142,-86.8724,POINT (-86.8724 36.2142)
20190115155,02/12/2019 06:43:00 AM,2,0,0,,Y,299264,11,Front to Rear,2,RAIN,3,DARK - LIGHTED,12,MOTOR VEHICLE IN TRANSPORT,MM 79 7 I 65,NASHVILLE,TN,37204,8504,MIDTOW,36.1092,-86.7698,POINT (-86.7698 36.1092)
20190534088,07/17/2019 09:44:00 AM,2,0,0,,N,716886,11,Front to Rear,2,RAIN,1,DAYLIGHT,12,MOTOR VEHICLE IN TRANSPORT,ANDERSON RD & CREEKVIEW DR,ANTIOCH,TN,37013,8979,SOUTH,36.074,-86.6249,POINT (-86.6249 36.074)
20190360895,05/11/2019 02:31:00 AM,2,0,0,,Y,330420,5,SIDESWIPE - SAME DIRECTION,2,RAIN,2,DARK - NOT LIGHTED,12,MOTOR VEHICLE IN TRANSPORT,I40 E EXT RAMP & I 40,NASHVILLE,TN,37214,8955,HERMIT,36.155,-86.6271,POINT (-86.6271 36.155)
20190039385,01/15/2019 10:50:00 PM,1,0,0,,Y,206967,0,NOT COLLISION W/MOTOR VEHICLE-TRANSPORT,21,CLEAR,3,DARK - LIGHTED,42,TREE,RIO VISTA DR & N DUPONT AV,MADISON,TN,37115,1705,MADISO,36.2655,-86.6806,POINT (-86.6806 36.2655)
20190326638,04/28/2019 12:02:00 PM,1,2,0,Y,N,352169,0,NOT COLLISION W/MOTOR VEHICLE-TRANSPORT,21,CLEAR,1,DAYLIGHT,27;36;71,H-WAY TRAFFIC SIGNAL POST;CONCRETE TRAFFIC BARRIER;EMBANKMENT EARTH,I440 W EXT RAMP & I 40,NASHVILLE,TN,37209,52280,WEST,36.1561,-86.8235,POINT (-86.8235 36.1561)
20190318641,04/25/2019 06:38:00 AM,1,1,0,,N,716886,0,NOT COLLISION W/MOTOR VEHICLE-TRANSPORT,21,CLEAR,1,DAYLIGHT,1;42,TREE,LAVERGNE COUCHVILLE PKE & PIN HOOK RD,ANTIOCH,TN,37013,8901,SOUTH,36.0463,-86.5825,POINT (-86.5825 36.0463)
20190561169,07/27/2019 11:25:00 PM,2,0,0,,N,352183,5,SIDESWIPE - SAME DIRECTION,21,CLEAR,7,Dark-Unknown Lighting,12,MOTOR VEHICLE IN TRANSPORT,I440 W ENT RAMP & I 24,NASHVILLE,TN,37217,8801,SOUTH,36.1232,-86.7263,POINT (-86.7263 36.1232)
20190481816,06/26/2019 03:02:00 AM,1,0,0,,N,220884,0,NOT COLLISION W/MOTOR VEHICLE-TRANSPORT,21,CLEAR,3,DARK - LIGHTED,41,SHRUBBERY,GALLATIN PKES & LAKEWOOD DR,MADISON,TN,37115,1517,MADISO,36.2434,-86.7229,POINT (-86.7229 36.2434)
20190164655,03/01/2019 03:35:00 PM,2,0,0,,N,256427,4,ANGLE,21,CLEAR,1,DAYLIGHT,12,MOTOR VEHICLE IN TRANSPORT,LEBANON PKE & BRILEY PKWY N ENT RAMP,NASHVILLE,TN,37214,9121,HERMIT,36.1685,-86.6872,POINT (-86.6872 36.1685)
20190066203,01/25/2019 03:09:00 PM,2,0,0,,Y,493317,5,SIDESWIPE - SAME DIRECTION,21,CLEAR,1,DAYLIGHT,12,MOTOR VEHICLE IN TRANSPORT,BAKERTOWN RD & HAYWOOD LN,NASHVILLE,TN,37211,8851,SOUTH,36.07,-86.6856,POINT (-86.6856 36.07)
20190275207,04/10/2019 07:20:00 AM,2,0,0,,Y,320586,4,ANGLE,21,CLEAR,1,DAYLIGHT,12,MOTOR VEHICLE IN TRANSPORT,MM 6 8 I 440,NASHVILLE,TN,37210,81040,SOUTH,36.1244,-86.7398,POINT (-86.7398 36.1244)
20190125982,02/15/2019 04:00:00 PM,3,0,0,,Y,151132,11,Front to Rear,2,RAIN,1,DAYLIGHT,12,MOTOR VEHICLE IN TRANSPORT,E OLD HICKORY BLVD & GALLATIN PKES,MADISON,TN,37115,1607,MADISO,36.2623,-86.7118,POINT (-86.7118 36.2623)
20190398607,05/24/2019 05:24:00 PM,2,0,0,,Y,240955,4,ANGLE,21,CLEAR,1,DAYLIGHT,12,MOTOR VEHICLE IN TRANSPORT,MURFREESBORO PKE & MOUNTAIN SPRINGS RD,ANTIOCH,TN,37013,8927,SOUTH,36.0478,-86.6121,POINT (-86.6121 36.0478)
20190110648,02/10/2019 04:10:00 PM,2,0,0,,Y,909485,11,Front to Rear,2,RAIN,1,DAYLIGHT,12,MOTOR VEHICLE IN TRANSPORT,MM 3 8 I 440,NASHVILLE,TN,37212,6502,MIDTOW,36.1163,-86.7919,POINT (-86.7919 36.1163)
20190493236,06/30/2019 12:31:00 PM,2,3,0,,N,109495,4,ANGLE,21,CLEAR,1,DAYLIGHT,12,MOTOR VEHICLE IN TRANSPORT,4TH AVS & CAMERON ST,NASHVILLE,TN,37210,8153,SOUTH,36.1477,-86.7685,POINT (-86.7685 36.1477)
20190185170,03/08/2019 08:00:00 PM,2,0,0,,N,579971,11,Front to Rear,2,RAIN,3,DARK - LIGHTED,12,MOTOR VEHICLE IN TRANSPORT,OLD FRANKLIN RD & CANE RIDGE RD,ANTIOCH,TN,37013,8763,SOUTH,36.0287,-86.6494,POINT (-86.6494 36.0287)
20190149488,02/24/2019 07:51:00 AM,2,1,0,Y,N,179602,11,Front to Rear,22,CLOUDY,1,DAYLIGHT,12;30,MOTOR VEHICLE IN TRANSPORT;UTILITY POLE,MM 87 2 I 65,NASHVILLE,TN,37207,18020,EAST,36.2054,-86.7764,POINT (-86.7764 36.2054)
20190560816,07/27/2019 10:27:00 PM,3,2,0,,Y,161939,2,HEAD-ON,21,CLEAR,3,DARK - LIGHTED,12,MOTOR VEHICLE IN TRANSPORT,MOUNT VIEW RD & HIGHLANDER DR,ANTIOCH,TN,37013,8861,SOUTH,36.0563,-86.6637,POINT (-86.6637 36.0563)
20190229257,03/24/2019 10:50:00 PM,2,1,0,,N,311800,11,Front to Rear,21,CLEAR,3,DARK - LIGHTED,12;14,MOTOR VEHICLE IN TRANSPORT;PARKED MOTOR VEHICLE,JAMES ROBERTSON PKWY & 5TH AVN,NASHVILLE,TN,37219,4203,CENTRA,36.1687,-86.7838,POINT (-86.7838 36.1687)
20190276631,04/10/2019 06:35:00 PM,2,1,0,,N,279211,4,ANGLE,21,CLEAR,1,DAYLIGHT,12,MOTOR VEHICLE IN TRANSPORT,DICKERSON PKE & DICKERSON PKE ENT RAMP,MADISON,TN,37115,2009,MADISO,36.242,-86.7571,POINT (-86.7571 36.242)
20190415786,05/31/2019 10:00:00 AM,2,0,0,,Y,493304,4,ANGLE,21,CLEAR,1,DAYLIGHT,12,MOTOR VEHICLE IN TRANSPORT,GALLATIN PKEN & RIVERGATE PKWY,MADISON,TN,37115,1731,MADISO,36.2973,-86.6988,POINT (-86.6988 36.2973)
20190359915,05/10/2019 06:18:00 PM,2,1,0,,N,279225,11,Front to Rear,21,CLEAR,1,DAYLIGHT,12,MOTOR VEHICLE IN TRANSPORT,SMITH SPRINGS RD & BELL RD,NASHVILLE,TN,37217,8935,HERMIT,36.1295,-86.8404,POINT (-86.8404 36.1295)
20190439215,06/09/2019 06:40:00 PM,2,1,0,,N,299238,4,ANGLE,2,RAIN,1,DAYLIGHT,12,MOTOR VEHICLE IN TRANSPORT,SHELBY AV & S 18TH ST,NASHVILLE,TN,37206,1039,EAST,36.1701,-86.739,POINT (-86.739 36.1701)
20190304355,04/20/2019 12:16:00 PM,2,1,0,,N,594473,5,SIDESWIPE - SAME DIRECTION,2,RAIN,1,DAYLIGHT,12;18,MOTOR VEHICLE IN TRANSPORT;OTHER OBJECT (NOT FIXED),8TH AVS & SOUTH DOUGLAS AV,NASHVILLE,TN,37204,6945,MIDTOW,36.1312,-86.7788,POINT (-86.7788 36.1312)
20190412494,05/30/2019 08:40:00 AM,1,1,0,,N,226622,0,NOT COLLISION W/MOTOR VEHICLE-TRANSPORT,22,CLOUDY,1,DAYLIGHT,36,CONCRETE TRAFFIC BARRIER,MM 205 3 I 40,NASHVILLE,TN,37209,45045,WEST,36.1543,-86.8337,POINT (-86.8337 36.1543)
20190164879,03/01/2019 05:07:00 PM,2,0,0,,N,256383,11,Front to Rear,22,CLOUDY,1,DAYLIGHT,12,MOTOR VEHICLE IN TRANSPORT,NOLENSVILLE PKE & ROSEDALE AV,NASHVILLE,TN,37210,8101,SOUTH,36.1253,-86.7523,POINT (-86.7523 36.1253)
20190184127,03/08/2019 11:17:00 AM,2,0,0,,N,311804,4,ANGLE,2,RAIN,1,DAYLIGHT,12,MOTOR VEHICLE IN TRANSPORT,12TH AVS & DEMONBREUN ST,NASHVILLE,TN,37203,4015,CENTRA,36.1546,-86.7862,POINT (-86.7862 36.1546)