Accident Number,Date and Time,Number of Motor Vehicles,Number of Injuries,Number of Fatalities,Property Damage,Hit and Run,Reporting Officer,Collision Type Code,Collision Type Description,Weather Code,Weather Description,Illumination Code,Illumination Description,Harmful Code,Harmful Code Description,Street Address,City,State,ZIP,RPA,Precinct,Latitude,Longitude,Mapped Location
20190055949,01/22/2019 07:52:00 AM,2,0,0,,N,298878,11,Front to Rear,21,CLEAR,1,DAYLIGHT,12,MOTOR VEHICLE IN TRANSPORT,BROADWAY & 9TH AVS,NASHVILLE,TN,37203,4083,CENTRA,36.1583,-86.7834,POINT (-86.7834 36.1583)
20190101443,02/06/2019 11:00:00 PM,2,3,0,,N,179603,5,SIDESWIPE - SAME DIRECTION,2,RAIN,3,DARK - LIGHTED,12;36;57,MOTOR VEHICLE IN TRANSPORT;CONCRETE TRAFFIC BARRIER;Cable Barrier,MM 91 0 I 65,MADISON,TN,37115,20044,MADISO,36.2478,-86.7432,POINT (-86.7432 36.2478)
20190538319,07/18/2019 09:48:00 PM,1,0,0,Y,Y,834813,0,NOT COLLISION W/MOTOR VEHICLE-TRANSPORT,21,CLEAR,2,DARK - NOT LIGHTED,40,MAIL BOX,AVONDALE CIR & N AVONDALE CIR,NASHVILLE,TN,37207,3047,NORTH,36.2088,-86.7833,POINT (-86.7833 36.2088)
20190432146,06/06/2019 05:10:00 PM,2,1,0,,N,320585,11,Front to Rear,21,CLEAR,1,DAYLIGHT,12,MOTOR VEHICLE IN TRANSPORT,LEBANON PKE & DONELSONWOOD DR,NASHVILLE,TN,37214,9401,HERMIT,36.1675,-86.6595,POINT (-86.6595 36.1675)
20190443314,06/11/2019 07:36:00 AM,2,0,0,,N,109534,11,Front to Rear,21,CLEAR,1,DAYLIGHT,12,MOTOR VEHICLE IN TRANSPORT,MARTINGALE DR & ROBINSON RD,OLD HICKORY,TN,37138,9619,HERMIT,36.2579,-86.6569,POINT (-86.6569 36.2579)
20190328384,04/29/2019 07:20:00 AM,3,1,0,,N,352202,11,Front to Rear,21,CLEAR,1,DAYLIGHT,12,MOTOR VEHICLE IN TRANSPORT,I40 E EXT RAMP & I 40,NASHVILLE,TN,37214,8955,HERMIT,36.155,-86.6271,POINT (-86.6271 36.155)
20190545660,07/22/2019 02:27:00 AM,1,0,0,,N,299261,0,NOT COLLISION W/MOTOR VEHICLE-TRANSPORT,21,CLEAR,3,DARK - LIGHTED,63;7,Ran Off Road-Right,I65 N ENT RAMP & I 65,NASHVILLE,TN,37207,1829,EAST,36.209,-86.7759,POINT (-86.7759 36.209)
20190340213,05/03/2019 09:39:00 AM,2,0,0,,N,716886,11,Front to Rear,21,CLEAR,1,DAYLIGHT,12,MOTOR VEHICLE IN TRANSPORT,DONELSON PKE & OLD EZELL RD,NASHVILLE,TN,37217,8841,SOUTH,36.0996,-86.6768,POINT (-86.6768 36.0996)
20190265010,04/06/2019 10:00:00 AM,1,1,0,Y,N,429188,0,NOT COLLISION W/MOTOR VEHICLE-TRANSPORT,21,CLEAR,1,DAYLIGHT,19,BUILDING,MURFREESBORO PKE & DOVER GLEN DR,ANTIOCH,TN,37013,8861,SOUTH,36.077,-86.6413,POINT (-86.6413 36.077)
20190013776,01/06/2019 10:28:00 AM,2,0,0,,N,320574,4,ANGLE,21,CLEAR,1,DAYLIGHT,12,MOTOR VEHICLE IN TRANSPORT,DONELSON PKE & I40 E ENT RAMP,NASHVILLE,TN,37214,8953,HERMIT,36.1396,-86.6662,POINT (-86.6662 36.1396)
20190031022,01/12/2019 07:16:00 PM,2,0,0,,Y,197068,5,SIDESWIPE - SAME DIRECTION,2,RAIN,3,DARK - LIGHTED,12,MOTOR VEHICLE IN TRANSPORT,1ST AVN & BROADWAY,NASHVILLE,TN,37201,4101,CENTRA,36.1624,-86.7744,POINT (-86.7744 36.1624)
20190241331,03/28/2019 05:36:00 PM,2,0,0,,N,256389,11,Front to Rear,21,CLEAR,1,DAYLIGHT,12,MOTOR VEHICLE IN TRANSPORT,BELMONT BLVD & ROSEWOOD AV,NASHVILLE,TN,37212,6505,MIDTOW,36.1236,-86.7945,POINT (-86.7945 36.1236)
20190007040,01/03/2019 03:10:00 PM,2,0,0,,N,256496,4,ANGLE,22,CLOUDY,1,DAYLIGHT,12,MOTOR VEHICLE IN TRANSPORT,LEBANON PKE & BONNABROOK DR,HERMITAGE,TN,37076,9531,HERMIT,36.1917,-86.6248,POINT (-86.6248 36.1917)
20190178238,03/06/2019 01:45:00 PM,2,0,0,,N,693093,11,Front to Rear,21,CLEAR,1,DAYLIGHT,12,MOTOR VEHICLE IN TRANSPORT,GALLATIN PKEN & W MONTICELLO AV,MADISON,TN,37115,1719,MADISO,36.2868,-86.7054,POINT (-86.7054 36.2868)
20190183254,03/08/2019 04:34:00 AM,1,0,0,,N,909497,0,NOT COLLISION W/MOTOR VEHICLE-TRANSPORT,2,RAIN,2,DARK - NOT LIGHTED,30,UTILITY POLE,ROBINSON RD & NEWPORT DR,OLD HICKORY,TN,37138,9611,HERMIT,36.2544,-86.6513,POINT (-86.6513 36.2544)
20190115098,02/12/2019 06:45:00 AM,1,0,0,,N,226098,0,NOT COLLISION W/MOTOR VEHICLE-TRANSPORT,2,RAIN,1,DAYLIGHT,30;34,UTILITY POLE;DITCH,CLARKSVILLE PKE & BOBEL LN,WHITES CREEK,TN,37189,3229,NORTH,36.2668,-86.8578,POINT (-86.8578 36.2668)
20190199322,03/14/2019 04:57:00 AM,1,0,0,,N,330433,0,NOT COLLISION W/MOTOR VEHICLE-TRANSPORT,22,CLOUDY,3,DARK - LIGHTED,18,OTHER OBJECT (NOT FIXED),OLD DUE WEST AV & SKYLINE MEMORIAL CT,MADISON,TN,37115,2009,MADISO,36.2493,-86.7464,POINT (-86.7464 36.2493)
20190441661,06/10/2019 04:55:00 PM,3,0,0,,Y,714641,11,Front to Rear,21,CLEAR,1,DAYLIGHT,12,MOTOR VEHICLE IN TRANSPORT,MM 48 8 I 24,NASHVILLE,TN,37213,1104,CENTRA,36.1682,-86.7659,POINT (-86.7659 36.1682)
20190329716,04/29/2019 05:50:00 PM,2,0,0,,N,299253,5,SIDESWIPE - SAME DIRECTION,21,CLEAR,1,DAYLIGHT,12,MOTOR VEHICLE IN TRANSPORT,W TRINITY LN & LUCAS LN,NASHVILLE,TN,37207,1863,EAST,36.2061,-86.7711,POINT (-86.7711 36.2061)
20190212984,03/19/2019 08:00:00 AM,2,0,0,,N,226622,4,ANGLE,21,CLEAR,1,DAYLIGHT,12,MOTOR VEHICLE IN TRANSPORT,CLEGHORN AV & GREEN HILLS VILLAGE DR,NASHVILLE,TN,37215,6109,WEST,36.1087,-86.8184,POINT (-86.8184 36.1087)
20190205730,03/16/2019 12:52:00 PM,2,3,0,,Y,140790,2,HEAD-ON,21,CLEAR,1,DAYLIGHT,12,MOTOR VEHICLE IN TRANSPORT,BELL RD & COUCHVILLE PKE,NASHVILLE,TN,37214,8989,HERMIT,36.1121,-86.6303,POINT (-86.6303 36.1121)
20190364199,05/12/2019 12:00:00 AM,2,4,0,,N,279200,4,ANGLE,21,CLEAR,3,DARK - LIGHTED,12,MOTOR VEHICLE IN TRANSPORT,MM 209 2 I 40,NASHVILLE,TN,37203,4002,CENTRA,36.1553,-86.7889,POINT (-86.7889 36.1553)
20190253346,04/02/2019 08:11:00 AM,2,0,0,,N,420059,11,Front to Rear,21,CLEAR,1,DAYLIGHT,12,MOTOR VEHICLE IN TRANSPORT,TROUSDALE DR & HARDING PL,NASHVILLE,TN,37211,8507,MIDTOW,36.0823,-86.7582,POINT (-86.7582 36.0823)
20190331440,04/30/2019 08:36:00 AM,2,0,0,,Y,909494,5,SIDESWIPE - SAME DIRECTION,21,CLEAR,1,DAYLIGHT,12,MOTOR VEHICLE IN TRANSPORT,DICKERSON PKE & GATEWOOD AV,NASHVILLE,TN,37207,1861,EAST,36.2009,-86.7697,POINT (-86.7697 36.2009)
20190040250,01/16/2019 06:13:00 AM,2,0,0,,N,191578,11,Front to Rear,21,CLEAR,4,DAWN,12,MOTOR VEHICLE IN TRANSPORT,MM 211 8 I 40,NASHVILLE,TN,37210,90022,HERMIT,36.149,-86.7465,POINT (-86.7465 36.149)
20190364181,05/12/2019 07:00:00 PM,1,1,0,,N,330425,0,NOT COLLISION W/MOTOR VEHICLE-TRANSPORT,22,CLOUDY,5,DUSK,50;63,DEER (ANIMAL);Ran Off Road-Right,CUNNIFF PKWY & DICKERSON PKES,MADISON,TN,37115,2101,MADISO,36.2843,-86.7464,POINT (-86.7464 36.2843)
20190461647,06/18/2019 07:55:00 AM,5,0,0,,N,420035,4,ANGLE,2,RAIN,1,DAYLIGHT,12,MOTOR VEHICLE IN TRANSPORT,MM 91 7 I 65,MADISON,TN,37115,2006,MADISO,36.257,-86.7385,POINT (-86.7385 36.257)
20190124711,02/15/2019 06:00:00 AM,1,0,0,,Y,279201,0,NOT COLLISION W/MOTOR VEHICLE-TRANSPORT,21,CLEAR,1,DAYLIGHT,32,CULVERT,ACORN DR & ELM TREE DR,NASHVILLE,TN,37210,9029,HERMIT,36.1515,-86.7003,POINT (-86.7003 36.1515)
20190269227,04/08/2019 06:30:00 AM,1,1,0,,N,226175,0,NOT COLLISION W/MOTOR VEHICLE-TRANSPORT,2,RAIN,1,DAYLIGHT,44,PAVED SURFACE-IRREGULAR,CHARLOTTE PKE & CHARLOTTE AV,NASHVILLE,TN,37209,5103,WEST,36.151,-86.8546,POINT (-86.8546 36.151)
20190238026,03/27/2019 04:07:00 PM,2,0,0,,N,256380,11,Front to Rear,21,CLEAR,1,DAYLIGHT,12,MOTOR VEHICLE IN TRANSPORT,JEFFERSON ST & 16TH AVN,NASHVILLE,TN,37208,5415,NORTH,36.1705,-86.8026,POINT (-86.8026 36.1705)
20190365729,05/13/2019 11:19:00 AM,4,1,0,,N,226622,11,Front to Rear,22,CLOUDY,1,DAYLIGHT,12,MOTOR VEHICLE IN TRANSPORT,HARDING PKE & ROYAL OAKS CONDOS PVTDR,NASHVILLE,TN,37205,6101,WEST,36.1235,-86.8497,POINT (-86.8497 36.1235)
20190184135,03/08/2019 11:40:00 AM,2,0,0,,N,226405,5,SIDESWIPE - SAME DIRECTION,2,RAIN,1,DAYLIGHT,12,MOTOR VEHICLE IN TRANSPORT,CHURCH ST & GEORGE L DAVIS BLVD,NASHVILLE,TN,37203,4104,CENTRA,36.1584,-86.7906,POINT (-86.7906 36.1584)
20190457752,06/16/2019 07:07:00 PM,1,0,0,,N,620080,0,NOT COLLISION W/MOTOR VEHICLE-TRANSPORT,22,CLOUDY,2,DARK - NOT LIGHTED,64;7,Ran Off Road-Left,OLD SPRINGFIELD PKE & BAKER RD,GOODLETTSVILLE,TN,37072,2221,MADISO,36.3558,-86.7327,POINT (-86.7327 36.3558)
20190432912,06/07/2019 12:25:00 AM,2,1,0,,N,229888,4,ANGLE,2,RAIN,3,DARK - LIGHTED,12,MOTOR VEHICLE IN TRANSPORT,BROADMOOR DR & DICKERSON PKE,NASHVILLE,TN,37207,1809,EAST,36.2294,-86.7593,POINT (-86.7593 36.2294)
20190144855,02/22/2019 11:11:00 AM,1,0,0,,N,909494,0,NOT COLLISION W/MOTOR VEHICLE-TRANSPORT,2,RAIN,1,DAYLIGHT,32,CULVERT,PINE RIDGE DR & TIMBERLINE CT,NASHVILLE,TN,37207,1827,EAST,36.2215,-86.7637,POINT (-86.7637 36.2215)
20190019822,01/08/2019 12:00:00 AM,3,1,0,,N,279200,11,Front to Rear,21,CLEAR,3,DARK - LIGHTED,12,MOTOR VEHICLE IN TRANSPORT,MM 86 2 I 65,NASHVILLE,TN,37207,1910,CENTRA,36.1919,-86.7812,POINT (-86.7812 36.1919)
20190331400,04/30/2019 08:22:00 AM,2,1,0,,N,462474,5,SIDESWIPE - SAME DIRECTION,21,CLEAR,1,DAYLIGHT,12,MOTOR VEHICLE IN TRANSPORT,I65 S EXT RAMP & I 65,MADISON,TN,37115,20044,MADISO,36.2481,-86.743,POINT (-86.743 36.2481)
20190283970,04/13/2019 11:37:00 AM,1,0,0,Y,N,620067,0,NOT COLLISION W/MOTOR VEHICLE-TRANSPORT,2,RAIN,1,DAYLIGHT,30,UTILITY POLE,MT VIEW RD & DOVE CREEK RD,ANTIOCH,TN,37013,8977,SOUTH,36.0698,-86.5939,POINT (-86.5939 36.0698)
20190125900,02/15/2019 03:35:00 PM,2,0,0,,Y,212346,5,SIDESWIPE - SAME DIRECTION,2,RAIN,5,DUSK,12,MOTOR VEHICLE IN TRANSPORT,MM 85 4 I 65,NASHVILLE,TN,37208,43042,NORTH,36.1875,-86.7947,POINT (-86.7947 36.1875)
20190480867,06/25/2019 06:26:00 PM,2,1,0,,N,717341,11,Front to Rear,21,CLEAR,1,DAYLIGHT,12,MOTOR VEHICLE IN TRANSPORT,TUGGLE AV & THOMPSON LN,NASHVILLE,TN,37211,8423,SOUTH,36.1095,-86.7334,POINT (-86.7334 36.1095)
20190375084,05/16/2019 01:17:00 PM,2,2,0,,N,224955,4,ANGLE,22,CLOUDY,1,DAYLIGHT,12,MOTOR VEHICLE IN TRANSPORT,DUE WEST AVN & DICKERSON PKE,MADISON,TN,37115,2019,MADISO,36.2562,-86.7572,POINT (-86.7572 36.2562)
20190237999,03/27/2019 03:57:00 PM,2,2,0,,N,320579,4,ANGLE,21,CLEAR,1,DAYLIGHT,12,MOTOR VEHICLE IN TRANSPORT,ARDEE AV & GALLATIN PKE,NASHVILLE,TN,37216,1425,EAST,36.2196,-86.7274,POINT (-86.7274 36.2196)
20190038119,01/15/2019 01:50:00 PM,3,0,0,,N,226136,11,Front to Rear,22,CLOUDY,1,DAYLIGHT,12,MOTOR VEHICLE IN TRANSPORT,FRANKLIN PKE & N CURTISWOOD LN,NASHVILLE,TN,37204,7015,MIDTOW,36.0899,-86.7716,POINT (-86.7716 36.0899)
20190073360,01/28/2019 02:00:00 PM,2,0,0,,N,807344,11,Front to Rear,22,CLOUDY,1,DAYLIGHT,12,MOTOR VEHICLE IN TRANSPORT,MM 49 1 I 24,NASHVILLE,TN,37206,10040,EAST,36.1647,-86.7634,POINT (-86.7634 36.1647)
20190080685,01/30/2019 04:36:00 PM,2,1,0,,N,256384,11,Front to Rear,21,CLEAR,1,DAYLIGHT,12,MOTOR VEHICLE IN TRANSPORT,MM 7 0 I 440,NASHVILLE,TN,37210,83042,SOUTH,36.1243,-86.738,POINT (-86.738 36.1243)
20190019642,01/08/2019 04:30:00 PM,2,0,0,,N,256505,4,ANGLE,21,CLEAR,5,DUSK,12,MOTOR VEHICLE IN TRANSPORT,17TH AVS & MCGAVOCK ST,NASHVILLE,TN,37203,5703,MIDTOW,36.1527,-86.7935,POINT (-86.7935 36.1527)
20190096243,02/05/2019 08:50:00 AM,2,0,0,,N,462474,11,Front to Rear,22,CLOUDY,1,DAYLIGHT,12,MOTOR VEHICLE IN TRANSPORT,ROSA L PARKS BLVD & CHARLOTTE AV,NASHVILLE,TN,37203,4147,CENTRA,36.1639,-86.7864,POINT (-86.7864 36.1639)
20190561866,07/28/2019 11:00:00 AM,2,0,0,,N,584947,4,ANGLE,21,CLEAR,1,DAYLIGHT,12,MOTOR VEHICLE IN TRANSPORT,OLD HICKORY BLVD & BRENTWOOD MEADOWS CIR,BRENTWOOD,TN,37027,8621,MIDTOW,36.0411,-86.7464,POINT (-86.7464 36.0411)
20190317272,04/24/2019 03:00:00 PM,1,1,0,,Y,298858,0,NOT COLLISION W/MOTOR VEHICLE-TRANSPORT,21,CLEAR,1,DAYLIGHT,9,,DOROTHY PL & MAGNOLIA BLVD,NASHVILLE,TN,37212,6621,MIDTOW,36.1372,-86.7951,POINT (-86.7951 36.1372)
20190024779,01/10/2019 11:51:00 AM,2,1,0,,N,226136,11,Front to Rear,21,CLEAR,1,DAYLIGHT,12,MOTOR VEHICLE IN TRANSPORT,FRANKLIN PKE & OLD HICKORY BLVD,NASHVILLE,TN,37220,7111,MIDTOW,36.0377,-86.7865,POINT (-86.7865 36.0377)
20190135842,02/19/2019 01:30:00 PM,2,2,0,,N,226622,4,ANGLE,22,CLOUDY,1,DAYLIGHT,12,MOTOR VEHICLE IN TRANSPORT,HARDING PKE & RIDGEFIELD WAY,NASHVILLE,TN,37205,6021,WEST,36.1264,-86.8456,POINT (-86.8456 36.1264)
20190347869,05/06/2019 04:17:00 PM,2,0,0,,N,330445,11,Front to Rear,21,CLEAR,1,DAYLIGHT,12,MOTOR VEHICLE IN TRANSPORT,MM 2 5 I 440,NASHVILLE,TN,37215,6008,WEST,36.124,-86.8116,POINT (-86.8116 36.124)
20190198395,03/13/2019 08:55:00 PM,1,0,0,Y,Y,240966,0,NOT COLLISION W/MOTOR VEHICLE-TRANSPORT,21,CLEAR,3,DARK - LIGHTED,30,UTILITY POLE,CLEVELAND ST & N 3RD ST,NASHVILLE,TN,37207,1947,EAST,36.187,-86.7662,POINT (-86.7662 36.187)
20190225671,03/23/2019 06:58:00 AM,3,0,0,,N,109527,5,SIDESWIPE - SAME DIRECTION,21,CLEAR,1,DAYLIGHT,12,MOTOR VEHICLE IN TRANSPORT,MURFREESBORO PKE & OLD MURFREESBORO PKE,NASHVILLE,TN,37217,8849,SOUTH,36.1046,-86.6694,POINT (-86.6694 36.1046)
20190302459,04/19/2019 04:53:00 PM,1,0,0,Y,N,256386,0,NOT COLLISION W/MOTOR VEHICLE-TRANSPORT,2,RAIN,1,DAYLIGHT,38,FENCE,NASHBORO BLVD & US HWY 41,NASHVILLE,TN,37217,8935,HERMIT,36.0874,-86.6485,POINT (-86.6485 36.0874)
20190099448,02/06/2019 07:35:00 AM,2,0,0,,N,676834,11,Front to Rear,22,CLOUDY,1,DAYLIGHT,12,MOTOR VEHICLE IN TRANSPORT,MM 85 1 I 65,NASHVILLE,TN,37208,43023,NORTH,36.1815,-86.7999,POINT (-86.7999 36.1815)
20190238345,03/27/2019 06:34:00 PM,2,1,0,,N,256439,11,Front to Rear,21,CLEAR,1,DAYLIGHT,12,MOTOR VEHICLE IN TRANSPORT,LEBANON PKE & BRILEY PKWY S ENT RAMP,NASHVILLE,TN,37214,9027,HERMIT,36.1683,-86.6887,POINT (-86.6887 36.1683)
20190517654,07/10/2019 04:35:00 PM,3,0,0,,Y,256383,11,Front to Rear,21,CLEAR,1,DAYLIGHT,12,MOTOR VEHICLE IN TRANSPORT,LAFAYETTE ST & LINCOLN ST,NASHVILLE,TN,37210,8145,SOUTH,36.1482,-86.7604,POINT (-86.7604 36.1482)
20190449634,06/13/2019 11:33:00 AM,1,0,0,,N,267831,0,NOT COLLISION W/MOTOR VEHICLE-TRANSPORT,21,CLEAR,1,DAYLIGHT,50,DEER (ANIMAL),HILLSBORO PKE & STANFORD DR,NASHVILLE,TN,37215,6203,WEST,36.0823,-86.8341,POINT (-86.8341 36.0823)
20190265404,04/06/2019 02:30:00 PM,4,0,0,,Y,279214,11,Front to Rear,21,CLEAR,1,DAYLIGHT,12,MOTOR VEHICLE IN TRANSPORT,MM 4 0 I 440,NASHVILLE,TN,37204,7010,MIDTOW,36.1161,-86.7901,POINT (-86.7901 36.1161)
20190444908,06/11/2019 08:50:00 PM,1,0,0,,Y,212309,0,NOT COLLISION W/MOTOR VEHICLE-TRANSPORT,21,CLEAR,2,DARK - NOT LIGHTED,32;55,CULVERT;Motor Vehicle-In-Motion Outside Trafficw,CLAYBROOK LN & BENDING CREEK DR,ANTIOCH,TN,37013,8759,SOUTH,36.019,-86.686,POINT (-86.686 36.019)
20190429059,06/05/2019 03:49:00 PM,2,0,0,,Y,420040,11,Front to Rear,22,CLOUDY,1,DAYLIGHT,12,MOTOR VEHICLE IN TRANSPORT,CHURCH ST & 18TH AVN,NASHVILLE,TN,37203,5521,MIDTOW,36.155,-86.7975,POINT (-86.7975 36.155)
20190254337,04/02/2019 03:53:00 PM,2,0,0,,Y,807344,4,ANGLE,21,CLEAR,1,DAYLIGHT,12,MOTOR VEHICLE IN TRANSPORT,8TH AVS & KOREAN VETERANS BLVD,NASHVILLE,TN,37203,4043,CENTRA,36.1549,-86.7792,POINT (-86.7792 36.1549)
20190359368,05/10/2019 01:55:00 PM,2,0,0,,N,620072,4,ANGLE,22,CLOUDY,1,DAYLIGHT,12,MOTOR VEHICLE IN TRANSPORT,ACKLEN PARK DR & PARK DR,NASHVILLE,TN,37203,5629,MIDTOW,36.1413,-86.818,POINT (-86.818 36.1413)
20190454069,06/15/2019 12:00:00 AM,1,0,0,,N,279221,0,NOT COLLISION W/MOTOR VEHICLE-TRANSPORT,21,CLEAR,3,DARK - LIGHTED,34,DITCH,BRILEY PKWY E EXT RAMP & BRILEY PKWY E E,NASHVILLE,TN,37216,1592,EAST,36.238,-86.7406,POINT (-86.7406 36.238)
20190283504,04/13/2019 12:00:00 AM,1,1,0,,Y,279221,0,NOT COLLISION W/MOTOR VEHICLE-TRANSPORT,22,CLOUDY,3,DARK - LIGHTED,8,PEDESTRIAN,GALLATIN PKEN & DUPONT AV,MADISON,TN,37115,1701,MADISO,36.2668,-86.7109,POINT (-86.7109 36.2668)
20190433520,06/07/2019 08:26:00 AM,1,0,0,,N,546012,0,NOT COLLISION W/MOTOR VEHICLE-TRANSPORT,2,RAIN,1,DAYLIGHT,36,CONCRETE TRAFFIC BARRIER,BRILEY PKWYW & BRILEY PKWYE,NASHVILLE,TN,37218,3216,NORTH,36.2254,-86.8638,POINT (-86.8638 36.2254)
20190063546,01/24/2019 12:00:00 AM,2,0,0,,Y,298877,11,Front to Rear,21,CLEAR,3,DARK - LIGHTED,12,MOTOR VEHICLE IN TRANSPORT,EAST THOMPSON LN & BRILEY PKWYN,NASHVILLE,TN,37211,8337,SOUTH,36.1095,-86.728,POINT (-86.728 36.1095)
20190031767,01/13/2019 03:06:00 AM,2,1,0,Y,N,206672,11,Front to Rear,2,RAIN,2,DARK - NOT LIGHTED,12;14,MOTOR VEHICLE IN TRANSPORT;PARKED MOTOR VEHICLE,GARNER AV & GALLATIN PKEN,MADISON,TN,37115,1761,MADISO,36.2702,-86.7105,POINT (-86.7105 36.2702)
20190070654,01/27/2019 01:14:00 PM,2,0,0,,N,212369,5,SIDESWIPE - SAME DIRECTION,21,CLEAR,1,DAYLIGHT,12,MOTOR VEHICLE IN TRANSPORT,OLD HICKORY BLVD & FRANKLIN PKE,NASHVILLE,TN,37220,7111,MIDTOW,36.0374,-86.7864,POINT (-86.7864 36.0374)
20190299692,04/18/2019 04:13:00 PM,2,0,0,,N,256383,11,Front to Rear,22,CLOUDY,1,DAYLIGHT,12,MOTOR VEHICLE IN TRANSPORT,MM 54 7 I 24,NASHVILLE,TN,37211,8602,SOUTH,36.0977,-86.7096,POINT (-86.7096 36.0977)
20190514114,07/09/2019 08:30:00 AM,2,0,0,,N,352186,11,Front to Rear,21,CLEAR,1,DAYLIGHT,12,MOTOR VEHICLE IN TRANSPORT,MM 87 3 I 65,NASHVILLE,TN,37207,1804,EAST,36.2068,-86.7762,POINT (-86.7762 36.2068)
20190397506,05/24/2019 01:13:00 PM,2,0,0,,Y,109534,5,SIDESWIPE - SAME DIRECTION,21,CLEAR,1,DAYLIGHT,12,MOTOR VEHICLE IN TRANSPORT,BRILEY PKWY & VULTEE BLVD,NASHVILLE,TN,37217,8998,HERMIT,36.1245,-86.6963,POINT (-86.6963 36.1245)
20190229062,03/24/2019 08:25:00 PM,2,0,0,,N,212331,4,ANGLE,21,CLEAR,1,DAYLIGHT,12,MOTOR VEHICLE IN TRANSPORT,GALLATIN PKEN & STATE RT 45,MADISON,TN,37115,1701,MADISO,36.2644,-86.7115,POINT (-86.7115 36.2644)
20190288739,04/15/2019 11:28:00 AM,2,0,0,,N,267831,4,ANGLE,21,CLEAR,1,DAYLIGHT,12,MOTOR VEHICLE IN TRANSPORT,WILSON BLVDS & WHITLAND AV,NASHVILLE,TN,37205,6019,WEST,36.13,-86.8341,POINT (-86.8341 36.13)
20190532172,07/16/2019 05:00:00 PM,2,1,0,,N,279124,11,Front to Rear,21,CLEAR,1,DAYLIGHT,12,MOTOR VEHICLE IN TRANSPORT,MM 54 8 I 24,NASHVILLE,TN,37211,8812,SOUTH,36.0968,-86.7085,POINT (-86.7085 36.0968)
20190382691,05/19/2019 11:42:00 AM,2,0,0,Y,N,348631,5,SIDESWIPE - SAME DIRECTION,22,CLOUDY,1,DAYLIGHT,12;24,MOTOR VEHICLE IN TRANSPORT;GUARDRAIL FACE,MM 32 8 I24 W,JOELTON,TN,37080,23040,NORTH,36.334,-86.9052,POINT (-86.9052 36.334)
20190244901,03/29/2019 09:15:00 PM,2,0,0,,N,256427,5,SIDESWIPE - SAME DIRECTION,21,CLEAR,3,DARK - LIGHTED,12,MOTOR VEHICLE IN TRANSPORT,MM 211 4 I 40,NASHVILLE,TN,37210,8204,HERMIT,36.1517,-86.7525,POINT (-86.7525 36.1517)
20190433929,06/07/2019 10:32:00 AM,2,0,0,,N,493304,5,SIDESWIPE - SAME DIRECTION,2,RAIN,1,DAYLIGHT,12;36,MOTOR VEHICLE IN TRANSPORT;CONCRETE TRAFFIC BARRIER,BRILEY PKWY W EXT RAMP & BRILEY PKWYW,NASHVILLE,TN,37218,3219,NORTH,36.23,-86.8304,POINT (-86.8304 36.23)
20190068711,01/26/2019 12:00:00 AM,2,0,0,,N,279200,5,SIDESWIPE - SAME DIRECTION,21,CLEAR,1,DAYLIGHT,12,MOTOR VEHICLE IN TRANSPORT,2ND AVS & MIDDLETON ST,NASHVILLE,TN,37210,4005,CENTRA,36.1542,-86.7702,POINT (-86.7702 36.1542)
20190239823,03/28/2019 07:34:00 AM,2,0,0,,Y,299243,11,Front to Rear,21,CLEAR,1,DAYLIGHT,12,MOTOR VEHICLE IN TRANSPORT,MM 48 9 I 24,NASHVILLE,TN,37213,1104,CENTRA,36.1676,-86.7656,POINT (-86.7656 36.1676)
20190186157,03/09/2019 05:53:00 AM,2,1,0,,N,298859,11,Front to Rear,2,RAIN,5,DUSK,12,MOTOR VEHICLE IN TRANSPORT,SPENCE LN & I40 W EXT RAMP,NASHVILLE,TN,37210,90062,HERMIT,36.1405,-86.7223,POINT (-86.7223 36.1405)
20190363575,05/12/2019 11:10:00 AM,2,0,0,Y,N,571328,11,Front to Rear,22,CLOUDY,1,DAYLIGHT,12;43,MOTOR VEHICLE IN TRANSPORT;OTHER FIXED OBJECTS,BROADMOOR DR & DICKERSON PKE,NASHVILLE,TN,37207,1809,EAST,36.2294,-86.7593,POINT (-86.7593 36.2294)
20190094696,02/04/2019 08:19:00 PM,1,1,0,,N,256379,0,NOT COLLISION W/MOTOR VEHICLE-TRANSPORT,21,CLEAR,3,DARK - LIGHTED,30,UTILITY POLE,MURFREESBORO PKE & ARLINGTON AV,NASHVILLE,TN,37210,8159,SOUTH,36.1399,-86.7354,POINT (-86.7354 36.1399)
20190514076,07/09/2019 08:50:00 AM,2,0,0,,N,352195,11,Front to Rear,21,CLEAR,1,DAYLIGHT,12,MOTOR VEHICLE IN TRANSPORT,MM 205 6 I 40,NASHVILLE,TN,37209,5228,WEST,36.1559,-86.8271,POINT (-86.8271 36.1559)
20190239770,03/28/2019 07:10:00 AM,2,0,0,,N,716886,5,SIDESWIPE - SAME DIRECTION,21,CLEAR,1,DAYLIGHT,12,MOTOR VEHICLE IN TRANSPORT,I24 W EXT RAMP & I 24,NASHVILLE,TN,37211,8829,SOUTH,36.1074,-86.7197,POINT (-86.7197 36.1074)
20190050140,01/19/2019 08:37:00 PM,2,2,0,,N,240979,4,ANGLE,4,SNOW,3,DARK - LIGHTED,12,MOTOR VEHICLE IN TRANSPORT,CONFERENCE DR & RIVERGATE MALL PVTDR,GOODLETTSVILLE,TN,37072,1751,MADISO,36.3055,-86.6936,POINT (-86.6936 36.3055)