Accident Number,Date and Time,Number of Motor Vehicles,Number of Injuries,Number of Fatalities,Property Damage,Hit and Run,Reporting Officer,Collision Type Code,Collision Type Description,Weather Code,Weather Description,Illumination Code,Illumination Description,Harmful Code,Harmful Code Description,Street Address,City,State,ZIP,RPA,Precinct,Latitude,Longitude,Mapped Location
20190156080,02/26/2019 02:29:00 PM,2,0,0,,Y,151132,11,Front to Rear,21,CLEAR,1,DAYLIGHT,12,MOTOR VEHICLE IN TRANSPORT,RIVERGATE MARKETPLACE PVTDR & GALLATIN P,MADISON,TN,37115,1731,MADISO,36.3037,-86.6898,POINT (-86.6898 36.3037)
20190440817,06/10/2019 09:00:00 AM,2,0,0,,N,352153,4,ANGLE,21,CLEAR,1,DAYLIGHT,12,MOTOR VEHICLE IN TRANSPORT,HARDING PKE & PAGE RD,NASHVILLE,TN,37205,4915,WEST,36.1002,-86.8712,POINT (-86.8712 36.1002)
20190046001,01/18/2019 04:40:00 AM,2,1,0,,Y,169414,4,ANGLE,22,CLOUDY,3,DARK - LIGHTED,12,MOTOR VEHICLE IN TRANSPORT,HAMILTON CHURCH RD & OWENDALE DR,ANTIOCH,TN,37013,8927,SOUTH,36.0648,-86.6221,POINT (-86.6221 36.0648)
20190476129,06/24/2019 01:30:00 AM,2,0,0,,N,279117,4,ANGLE,21,CLEAR,2,DARK - NOT LIGHTED,14,PARKED MOTOR VEHICLE,2800 BURLWOOD CT,NASHVILLE,TN,37207,1827,EAST,36.2192,-86.7668,POINT (-86.7668 36.2192)
20190004933,01/02/2019 09:20:00 PM,2,2,0,,N,206675,4,ANGLE,2,RAIN,2,DARK - NOT LIGHTED,12,MOTOR VEHICLE IN TRANSPORT,OLD HICKORY BLVD & EDMONDSON PKE,NASHVILLE,TN,37220,8615,MIDTOW,36.04,-86.7435,POINT (-86.7435 36.04)
20190066587,01/25/2019 06:43:00 PM,2,0,0,,N,580819,4,ANGLE,21,CLEAR,3,DARK - LIGHTED,12,MOTOR VEHICLE IN TRANSPORT,DEMONBREUN ST & 13TH AVS,NASHVILLE,TN,37203,4081,CENTRA,36.154,-86.7876,POINT (-86.7876 36.154)
20190350108,05/07/2019 10:12:00 AM,2,0,0,,N,591936,11,Front to Rear,21,CLEAR,1,DAYLIGHT,12,MOTOR VEHICLE IN TRANSPORT,HARDING PL & HILLSBORO PKE,NASHVILLE,TN,37215,6311,MIDTOW,36.0914,-86.8285,POINT (-86.8285 36.0914)
20190158311,02/27/2019 10:27:00 AM,2,0,0,,N,834798,11,Front to Rear,21,CLEAR,1,DAYLIGHT,12,MOTOR VEHICLE IN TRANSPORT,NOLENSVILLE PKE & WOODYCREST AV,NASHVILLE,TN,37211,8041,MIDTOW,36.1312,-86.7562,POINT (-86.7562 36.1312)
20190492289,06/30/2019 12:43:00 AM,2,0,0,,Y,298871,5,SIDESWIPE - SAME DIRECTION,21,CLEAR,3,DARK - LIGHTED,12,MOTOR VEHICLE IN TRANSPORT,16TH AVS & BROADWAY,NASHVILLE,TN,37203,5701,MIDTOW,36.1543,-86.7929,POINT (-86.7929 36.1543)
20190300805,04/18/2019 09:42:00 PM,2,0,0,,Y,256377,4,ANGLE,21,CLEAR,3,DARK - LIGHTED,12,MOTOR VEHICLE IN TRANSPORT,MM 212 2 I 40,NASHVILLE,TN,37210,90041,HERMIT,36.1458,-86.7414,POINT (-86.7414 36.1458)
20190528426,07/15/2019 08:26:00 AM,2,2,0,,N,716886,11,Front to Rear,2,RAIN,1,DAYLIGHT,12,MOTOR VEHICLE IN TRANSPORT,THOMPSON LN & HARTFORD DR,NASHVILLE,TN,37211,8423,SOUTH,36.1098,-86.7335,POINT (-86.7335 36.1098)
20190214130,03/19/2019 03:40:00 PM,2,0,0,,N,179606,5,SIDESWIPE - SAME DIRECTION,21,CLEAR,1,DAYLIGHT,12,MOTOR VEHICLE IN TRANSPORT,I440 E ENT RAMP & I 440,NASHVILLE,TN,37205,6007,WEST,36.1346,-86.8203,POINT (-86.8203 36.1346)
20190209767,03/18/2019 08:35:00 AM,2,0,0,,N,665896,11,Front to Rear,21,CLEAR,1,DAYLIGHT,12,MOTOR VEHICLE IN TRANSPORT,GALLATIN AV & EASTLAND AV,NASHVILLE,TN,37206,1243,EAST,36.1838,-86.7484,POINT (-86.7484 36.1838)
20190329149,04/29/2019 01:26:00 PM,2,0,0,,N,225777,11,Front to Rear,21,CLEAR,1,DAYLIGHT,12,MOTOR VEHICLE IN TRANSPORT,HIGHWAY 100 & MEADOW VIEW DR,NASHVILLE,TN,37221,4807,WEST,36.047,-86.9434,POINT (-86.9434 36.047)
20190434883,06/07/2019 06:14:00 PM,2,0,0,,N,209184,11,Front to Rear,21,CLEAR,1,DAYLIGHT,12,MOTOR VEHICLE IN TRANSPORT,HOBSON PKE & OLD HICKORY BLVD,ANTIOCH,TN,37013,8867,SOUTH,36.036,-86.611,POINT (-86.611 36.036)
20190431402,06/06/2019 11:40:00 AM,2,1,0,,N,676834,11,Front to Rear,22,CLOUDY,1,DAYLIGHT,12,MOTOR VEHICLE IN TRANSPORT,CLARKSVILLE PKE & W HAMILTON AV,NASHVILLE,TN,37218,3103,NORTH,36.2072,-86.8399,POINT (-86.8399 36.2072)
20190356685,05/09/2019 03:00:00 PM,2,1,0,,N,330444,4,ANGLE,22,CLOUDY,1,DAYLIGHT,12,MOTOR VEHICLE IN TRANSPORT,LYNN DR & DANBY DR,NASHVILLE,TN,37211,8501,MIDTOW,36.0812,-86.7448,POINT (-86.7448 36.0812)
20190351127,05/07/2019 03:30:00 PM,2,0,0,,Y,206675,3,REAR-TO-REAR,21,CLEAR,1,DAYLIGHT,14,PARKED MOTOR VEHICLE,BURCH AV & 31ST AVN,NASHVILLE,TN,37203,5625,MIDTOW,36.1464,-86.8164,POINT (-86.8164 36.1464)
20190105151,02/08/2019 07:10:00 AM,2,0,0,,N,226600,11,Front to Rear,21,CLEAR,1,DAYLIGHT,12,MOTOR VEHICLE IN TRANSPORT,MM 2 0 I 440,NASHVILLE,TN,37205,6004,WEST,36.13,-86.8171,POINT (-86.8171 36.13)
20190378596,05/17/2019 03:52:00 PM,2,0,0,,Y,206675,4,ANGLE,21,CLEAR,1,DAYLIGHT,12,MOTOR VEHICLE IN TRANSPORT,WELSHWOOD DR & CORNING DR,NASHVILLE,TN,37211,8501,MIDTOW,36.0827,-86.7301,POINT (-86.7301 36.0827)
20190417300,05/31/2019 09:40:00 PM,1,0,0,Y,Y,298874,0,NOT COLLISION W/MOTOR VEHICLE-TRANSPORT,21,CLEAR,3,DARK - LIGHTED,30;42,UTILITY POLE;TREE,RIVERSIDE DR & BARCLAY DR,NASHVILLE,TN,37206,1307,EAST,36.1692,-86.7257,POINT (-86.7257 36.1692)
20190544583,07/21/2019 02:01:00 PM,2,0,0,,N,468030,11,Front to Rear,22,CLOUDY,1,DAYLIGHT,12,MOTOR VEHICLE IN TRANSPORT,GALLATIN AV & STRATTON AV,NASHVILLE,TN,37206,1243,EAST,36.1824,-86.749,POINT (-86.749 36.1824)
20190305589,04/21/2019 01:23:00 AM,1,0,0,,Y,284059,0,NOT COLLISION W/MOTOR VEHICLE-TRANSPORT,5,FOG,3,DARK - LIGHTED,33;41,CURB;SHRUBBERY,BUENA VISTA PKE & HUMMINGBIRD DR,NASHVILLE,TN,37218,3139,NORTH,36.219,-86.8209,POINT (-86.8209 36.219)
20190243040,03/29/2019 07:42:00 AM,2,0,0,,Y,191578,5,SIDESWIPE - SAME DIRECTION,21,CLEAR,1,DAYLIGHT,12,MOTOR VEHICLE IN TRANSPORT,MM 52 4 I 24,NASHVILLE,TN,37210,82061,HERMIT,36.139,-86.727,POINT (-86.727 36.139)
20190156681,02/26/2019 06:14:00 PM,2,0,0,,N,256423,11,Front to Rear,21,CLEAR,3,DARK - LIGHTED,12,MOTOR VEHICLE IN TRANSPORT,BUENA VISTA PKE & WHITES CREEK PKE,NASHVILLE,TN,37207,3221,NORTH,36.2517,-86.8299,POINT (-86.8299 36.2517)
20190538066,07/18/2019 07:51:00 PM,2,1,0,,Y,151132,4,ANGLE,21,CLEAR,5,DUSK,12,MOTOR VEHICLE IN TRANSPORT,HAMBLEN DR & N GRAYCROFT AV,MADISON,TN,37115,1759,MADISO,36.2794,-86.7244,POINT (-86.7244 36.2794)
20190365198,05/13/2019 06:24:00 AM,2,0,0,,N,716886,11,Front to Rear,21,CLEAR,1,DAYLIGHT,12,MOTOR VEHICLE IN TRANSPORT,NOLENSVILLE PKE & TUSCULUM RD,NASHVILLE,TN,37211,8711,SOUTH,36.0594,-86.7163,POINT (-86.7163 36.0594)
20190130377,02/17/2019 04:40:00 PM,1,0,0,Y,N,633391,0,NOT COLLISION W/MOTOR VEHICLE-TRANSPORT,2,RAIN,1,DAYLIGHT,1,,MM 200 7 I 40,NASHVILLE,TN,37205,49024,WEST,36.1267,-86.9026,POINT (-86.9026 36.1267)
20190223009,03/22/2019 08:30:00 AM,2,0,0,,N,665896,4,ANGLE,21,CLEAR,1,DAYLIGHT,12,MOTOR VEHICLE IN TRANSPORT,S 4TH ST & SHELBY AV,NASHVILLE,TN,37206,1009,EAST,36.1668,-86.7636,POINT (-86.7636 36.1668)
20190460285,06/17/2019 06:13:00 PM,2,0,0,,N,299266,4,ANGLE,2,RAIN,1,DAYLIGHT,12,MOTOR VEHICLE IN TRANSPORT,PHILHALL PKWY & SCENIC LAKE CT,ANTIOCH,TN,37013,8997,SOUTH,36.0796,-86.5948,POINT (-86.5948 36.0796)
20190338912,05/02/2019 09:10:00 PM,2,1,0,,N,197054,11,Front to Rear,21,CLEAR,3,DARK - LIGHTED,12,MOTOR VEHICLE IN TRANSPORT,MM 214 3 I 40,NASHVILLE,TN,37217,88021,HERMIT,36.1425,-86.7089,POINT (-86.7089 36.1425)
20190211585,03/18/2019 12:00:00 AM,1,1,0,,N,256441,0,NOT COLLISION W/MOTOR VEHICLE-TRANSPORT,21,CLEAR,3,DARK - LIGHTED,7,,BRENTWOOD COMMONS WAY & OLD HICKORY BLVD,BRENTWOOD,TN,37027,8619,MIDTOW,36.042,-86.7761,POINT (-86.7761 36.042)
20190226580,03/23/2019 04:11:00 PM,2,0,0,,N,420040,5,SIDESWIPE - SAME DIRECTION,21,CLEAR,1,DAYLIGHT,12,MOTOR VEHICLE IN TRANSPORT,HARDING PL & TROUSDALE DR,NASHVILLE,TN,37220,8601,MIDTOW,36.0811,-86.7584,POINT (-86.7584 36.0811)
20190571514,08/01/2019 12:00:00 AM,1,0,0,,Y,716886,0,NOT COLLISION W/MOTOR VEHICLE-TRANSPORT,21,CLEAR,1,DAYLIGHT,42,TREE,CULBERTSON RD & CALDERWOOD DR,ANTIOCH,TN,37013,8767,SOUTH,36.0141,-86.6816,POINT (-86.6816 36.0141)
20190261783,04/05/2019 04:00:00 AM,2,0,0,,N,330445,11,Front to Rear,21,CLEAR,3,DARK - LIGHTED,12;14,MOTOR VEHICLE IN TRANSPORT;PARKED MOTOR VEHICLE,WAUFORD DR & SHADESCREST DR,NASHVILLE,TN,37211,8607,MIDTOW,36.0751,-86.7378,POINT (-86.7378 36.0751)
20190253757,04/02/2019 11:38:00 AM,2,0,0,,Y,212369,5,SIDESWIPE - SAME DIRECTION,99,UNKNOWN,9,UNKNOWN,14,PARKED MOTOR VEHICLE,SWEETBRIAR AV & 12TH AVS,NASHVILLE,TN,37212,6505,MIDTOW,36.1241,-86.7897,POINT (-86.7897 36.1241)
20190217108,03/20/2019 12:56:00 PM,2,1,0,,N,299264,11,Front to Rear,21,CLEAR,1,DAYLIGHT,12,MOTOR VEHICLE IN TRANSPORT,MM 2 3 I 440,NASHVILLE,TN,37212,5902,MIDTOW,36.1258,-86.814,POINT (-86.814 36.1258)
20190301584,04/19/2019 10:00:00 AM,2,0,0,,Y,665896,4,ANGLE,22,CLOUDY,1,DAYLIGHT,12,MOTOR VEHICLE IN TRANSPORT,BRANCH ST & ANN ST,NASHVILLE,TN,37216,1405,EAST,36.1984,-86.7255,POINT (-86.7255 36.1984)
20190388978,05/21/2019 06:41:00 PM,2,2,0,,N,179583,11,Front to Rear,21,CLEAR,1,DAYLIGHT,12,MOTOR VEHICLE IN TRANSPORT,NOLENSVILLE PKE & HARDING PL,NASHVILLE,TN,37211,8501,MIDTOW,36.0807,-86.7267,POINT (-86.7267 36.0807)
20190224021,03/22/2019 03:36:00 PM,2,0,0,,Y,197047,4,ANGLE,21,CLEAR,1,DAYLIGHT,12,MOTOR VEHICLE IN TRANSPORT,MCKENNELL DR & PORTER RD,NASHVILLE,TN,37206,1335,EAST,36.1932,-86.7265,POINT (-86.7265 36.1932)
20190305295,04/20/2019 11:00:00 PM,1,0,0,,N,352211,0,NOT COLLISION W/MOTOR VEHICLE-TRANSPORT,21,CLEAR,3,DARK - LIGHTED,18;36,OTHER OBJECT (NOT FIXED);CONCRETE TRAFFIC BARRIER,MM 208 6 I 40,NASHVILLE,TN,37203,42020,CENTRA,36.1629,-86.7935,POINT (-86.7935 36.1629)
20190175513,03/05/2019 06:04:00 PM,2,0,0,,N,256389,2,HEAD-ON,21,CLEAR,3,DARK - LIGHTED,12,MOTOR VEHICLE IN TRANSPORT,VAULX LN & INVERNESS AV,NASHVILLE,TN,37204,6953,MIDTOW,36.1239,-86.7813,POINT (-86.7813 36.1239)
20190134693,02/19/2019 06:45:00 AM,2,0,0,,N,226622,4,ANGLE,21,CLEAR,1,DAYLIGHT,12;72,MOTOR VEHICLE IN TRANSPORT;EMBANKMENT ROCK/STONE/CONCRETE,OLD HICKORY BLVD & GAUCHO ROAD PVTDR,NASHVILLE,TN,37221,6213,WEST,36.0543,-86.8997,POINT (-86.8997 36.0543)
20190172213,03/04/2019 06:30:00 PM,2,0,0,,N,267831,5,SIDESWIPE - SAME DIRECTION,21,CLEAR,3,DARK - LIGHTED,12,MOTOR VEHICLE IN TRANSPORT,MM 205 4 I 40,NASHVILLE,TN,37209,52040,WEST,36.1546,-86.8315,POINT (-86.8315 36.1546)
20190378183,05/17/2019 12:00:00 AM,1,0,0,Y,Y,226622,0,NOT COLLISION W/MOTOR VEHICLE-TRANSPORT,99,UNKNOWN,1,DAYLIGHT,38,FENCE,SAWYER BROWN RD & ESTERBROOK DR,NASHVILLE,TN,37221,4815,WEST,36.0822,-86.9442,POINT (-86.9442 36.0822)
20190022279,01/09/2019 02:27:00 PM,2,0,0,,Y,834813,4,ANGLE,21,CLEAR,1,DAYLIGHT,12,MOTOR VEHICLE IN TRANSPORT,EATONS CREEK RD & OLD CLARKSVILLE PKE,JOELTON,TN,37080,3331,NORTH,36.3188,-86.876,POINT (-86.876 36.3188)
20190394471,05/23/2019 12:45:00 PM,2,0,0,,Y,226136,4,ANGLE,22,CLOUDY,1,DAYLIGHT,12,MOTOR VEHICLE IN TRANSPORT,WEST END AV & 29TH AVN,NASHVILLE,TN,37212,5815,MIDTOW,36.1444,-86.8134,POINT (-86.8134 36.1444)
20190379295,05/17/2019 08:59:00 PM,2,0,0,,Y,206675,11,Front to Rear,21,CLEAR,3,DARK - LIGHTED,12,MOTOR VEHICLE IN TRANSPORT,HICKORY PLZ & HICKORY TRACE DR PVTDR,NASHVILLE,TN,37211,8655,MIDTOW,36.0473,-86.7166,POINT (-86.7166 36.0473)
20190546271,07/22/2019 08:40:00 AM,2,1,0,,N,352174,4,ANGLE,22,CLOUDY,1,DAYLIGHT,12,MOTOR VEHICLE IN TRANSPORT,WEST END AV & 17TH AVS,NASHVILLE,TN,37203,5707,MIDTOW,36.1538,-86.7944,POINT (-86.7944 36.1538)
20190431665,06/06/2019 01:15:00 PM,2,0,0,,N,226600,11,Front to Rear,22,CLOUDY,1,DAYLIGHT,12,MOTOR VEHICLE IN TRANSPORT,CHARLOTTE PKE & I40 W ENT RAMP,NASHVILLE,TN,37209,4701,WEST,36.1304,-86.8994,POINT (-86.8994 36.1304)
20190388201,05/21/2019 12:17:00 PM,2,3,0,,N,716886,4,ANGLE,21,CLEAR,1,DAYLIGHT,12,MOTOR VEHICLE IN TRANSPORT,BELL RD & HICKORY HOLLOW MALL PVTDR PL,ANTIOCH,TN,37013,8863,SOUTH,36.0493,-86.6517,POINT (-86.6517 36.0493)
20190416014,05/31/2019 11:49:00 AM,2,1,0,,N,109534,4,ANGLE,21,CLEAR,1,DAYLIGHT,12,MOTOR VEHICLE IN TRANSPORT,ELM HILL PKE & DONELSON PKE,NASHVILLE,TN,37214,9411,HERMIT,36.1485,-86.6651,POINT (-86.6651 36.1485)
20190025467,01/10/2019 12:00:00 AM,3,0,0,,N,298877,11,Front to Rear,21,CLEAR,1,DAYLIGHT,12,MOTOR VEHICLE IN TRANSPORT,MM 54 7 I 24,NASHVILLE,TN,37211,8602,SOUTH,36.0977,-86.7096,POINT (-86.7096 36.0977)
20190126385,02/15/2019 08:03:00 PM,1,0,0,Y,N,256422,0,NOT COLLISION W/MOTOR VEHICLE-TRANSPORT,2,RAIN,3,DARK - LIGHTED,24,GUARDRAIL FACE,MM 86 5 I 65,NASHVILLE,TN,37207,3006,NORTH,36.1946,-86.7762,POINT (-86.7762 36.1946)
20190042427,01/16/2019 11:19:00 PM,1,1,0,,N,256376,0,NOT COLLISION W/MOTOR VEHICLE-TRANSPORT,21,CLEAR,3,DARK - LIGHTED,36,CONCRETE TRAFFIC BARRIER,MM 206 1 I 40,NASHVILLE,TN,37209,53122,NORTH,36.1594,-86.8217,POINT (-86.8217 36.1594)
20190059961,01/23/2019 03:32:00 PM,2,0,0,,N,299267,5,SIDESWIPE - SAME DIRECTION,2,RAIN,1,DAYLIGHT,12,MOTOR VEHICLE IN TRANSPORT,17TH AVS & MCGAVOCK ST,NASHVILLE,TN,37203,5703,MIDTOW,36.1527,-86.7935,POINT (-86.7935 36.1527)
20190008700,01/04/2019 05:48:00 AM,2,0,0,,N,660929,4,ANGLE,2,RAIN,3,DARK - LIGHTED,12,MOTOR VEHICLE IN TRANSPORT,ELYSIAN FIELDS RD & DANBY DR,NASHVILLE,TN,37211,8501,MIDTOW,36.0846,-86.7445,POINT (-86.7445 36.0846)
20190317645,04/24/2019 10:35:00 PM,2,1,0,,Y,279213,6,SIDESWIPE - OPPOSITE DIRECTION,21,CLEAR,3,DARK - LIGHTED,13,MOTOR VEHICLE IN TRANSPORT-OTHER ROADWAY,VILLAGE TRL & BRICK CHURCH PKE,NASHVILLE,TN,37207,2033,MADISO,36.282,-86.7049,POINT (-86.7049 36.282)
20190291019,04/15/2019 12:00:00 AM,2,0,0,,Y,320591,9,UNKNOWN,99,UNKNOWN,9,UNKNOWN,14,PARKED MOTOR VEHICLE,BRENDA LN & BRENDA CIR,ANTIOCH,TN,37013,8713,SOUTH,36.0621,-86.6913,POINT (-86.6913 36.0621)
20190542368,07/20/2019 12:20:00 PM,3,1,0,,N,405404,5,SIDESWIPE - SAME DIRECTION,21,CLEAR,1,DAYLIGHT,1;12;24,MOTOR VEHICLE IN TRANSPORT;GUARDRAIL FACE,MM 92 3 I 65,MADISON,TN,37115,1704,MADISO,36.2653,-86.7374,POINT (-86.7374 36.2653)
20190410428,05/29/2019 02:37:00 PM,2,0,0,,N,151132,2,HEAD-ON,21,CLEAR,1,DAYLIGHT,12,MOTOR VEHICLE IN TRANSPORT,SKYLINE MEMORIAL CT & DICKERSON PKE,MADISON,TN,37115,2009,MADISO,36.2439,-86.7566,POINT (-86.7566 36.2439)
20190557013,07/26/2019 07:00:00 AM,2,0,0,,Y,676834,11,Front to Rear,21,CLEAR,1,DAYLIGHT,12,MOTOR VEHICLE IN TRANSPORT,BRILEY PKWYE & I24 W EXT RAMP,NASHVILLE,TN,37207,2003,MADISO,36.2381,-86.783,POINT (-86.783 36.2381)
20190010171,01/04/2019 05:24:00 PM,2,1,0,,Y,206675,11,Front to Rear,21,CLEAR,1,DAYLIGHT,12,MOTOR VEHICLE IN TRANSPORT,MM 82 0 I 65,NASHVILLE,TN,37203,80061,MIDTOW,36.1433,-86.7769,POINT (-86.7769 36.1433)
20190464384,06/19/2019 07:22:00 AM,2,0,0,,N,191578,5,SIDESWIPE - SAME DIRECTION,21,CLEAR,1,DAYLIGHT,12,MOTOR VEHICLE IN TRANSPORT,HERMITAGE AV & DECATUR AV,NASHVILLE,TN,37210,9005,HERMIT,36.1536,-86.7536,POINT (-86.7536 36.1536)
20190207504,03/17/2019 08:45:00 AM,2,0,0,,N,299249,4,ANGLE,21,CLEAR,1,DAYLIGHT,12,MOTOR VEHICLE IN TRANSPORT,BELL RD & LAKESIDE APT PVTDR,HERMITAGE,TN,37076,9501,HERMIT,36.1657,-86.6077,POINT (-86.6077 36.1657)
20190272792,04/09/2019 12:26:00 PM,3,1,0,,Y,109534,5,SIDESWIPE - SAME DIRECTION,21,CLEAR,1,DAYLIGHT,12;39;99,MOTOR VEHICLE IN TRANSPORT;WALL;UNKNOWN MOST HARMFUL EVENT,BRILEY PKWYN & BRILEY PKWYS,NASHVILLE,TN,37211,8404,SOUTH,36.1092,-86.727,POINT (-86.727 36.1092)
20190421718,06/02/2019 11:50:00 PM,2,0,0,,Y,299262,5,SIDESWIPE - SAME DIRECTION,21,CLEAR,3,DARK - LIGHTED,12,MOTOR VEHICLE IN TRANSPORT,1ST AVN & DOWNTOWN GRNWY,NASHVILLE,TN,37201,4213,CENTRA,36.1708,-86.7793,POINT (-86.7793 36.1708)
20190071100,01/27/2019 06:45:00 PM,2,0,0,,Y,279204,4,ANGLE,21,CLEAR,3,DARK - LIGHTED,14,PARKED MOTOR VEHICLE,BUCHANAN ST & ROSA L PARKS BLVD,NASHVILLE,TN,37208,4341,NORTH,36.1825,-86.7972,POINT (-86.7972 36.1825)
20190087806,02/01/2019 12:00:00 AM,2,0,0,,Y,311332,9,UNKNOWN,21,CLEAR,3,DARK - LIGHTED,14,PARKED MOTOR VEHICLE,ALAMEDA ST & 39TH AVN,NASHVILLE,TN,37209,4531,WEST,36.1636,-86.8341,POINT (-86.8341 36.1636)
20190278096,04/11/2019 07:00:00 AM,1,0,0,,N,226622,0,NOT COLLISION W/MOTOR VEHICLE-TRANSPORT,21,CLEAR,4,DAWN,50,DEER (ANIMAL),MCCRORY LN & BEAUTIFUL VALLEY DR,NASHVILLE,TN,37221,4713,WEST,36.0831,-87.024,POINT (-87.024 36.0831)
20190187137,03/09/2019 12:00:00 AM,1,0,0,,Y,298861,9,UNKNOWN,2,RAIN,5,DUSK,99,UNKNOWN MOST HARMFUL EVENT,LEBANON PKE & SPRING PLACE DR,NASHVILLE,TN,37214,9403,HERMIT,36.1745,-86.647,POINT (-86.647 36.1745)
20190276845,04/10/2019 08:24:00 PM,1,1,0,,N,206676,0,NOT COLLISION W/MOTOR VEHICLE-TRANSPORT,21,CLEAR,3,DARK - LIGHTED,36,CONCRETE TRAFFIC BARRIER,MM 91 4 I 65,MADISON,TN,37115,2006,MADISO,36.2532,-86.7394,POINT (-86.7394 36.2532)
20190323451,04/26/2019 08:32:00 PM,1,1,0,,N,256389,0,NOT COLLISION W/MOTOR VEHICLE-TRANSPORT,21,CLEAR,3,DARK - LIGHTED,71,EMBANKMENT EARTH,CLOVERLAND DR & FREDERICKSBURG WAYW,BRENTWOOD,TN,37027,8623,MIDTOW,36.0367,-86.7686,POINT (-86.7686 36.0367)
20190344087,05/05/2019 12:00:00 AM,2,1,0,Y,Y,320578,4,ANGLE,2,RAIN,3,DARK - LIGHTED,12,MOTOR VEHICLE IN TRANSPORT,I24 W EXT RAMP & I 24,NASHVILLE,TN,37211,8829,SOUTH,36.1074,-86.7197,POINT (-86.7197 36.1074)
20190428816,06/05/2019 02:10:00 PM,2,0,0,,N,716886,5,SIDESWIPE - SAME DIRECTION,21,CLEAR,1,DAYLIGHT,12,MOTOR VEHICLE IN TRANSPORT,NOLENSVILLE PKE & WALLACE RD,NASHVILLE,TN,37211,8705,SOUTH,36.0782,-86.7259,POINT (-86.7259 36.0782)
20190195379,03/12/2019 09:15:00 PM,2,0,0,,N,320597,11,Front to Rear,21,CLEAR,3,DARK - LIGHTED,12,MOTOR VEHICLE IN TRANSPORT,I24 W EXT RAMP & I 24,NASHVILLE,TN,37211,8829,SOUTH,36.1074,-86.7197,POINT (-86.7197 36.1074)
20190564852,07/29/2019 05:38:00 PM,2,1,0,,N,429193,11,Front to Rear,21,CLEAR,1,DAYLIGHT,12,MOTOR VEHICLE IN TRANSPORT,I 40 W EXIT RAMP & CHARLOTTE PK,NASHVILLE,TN,37209,4677,WEST,36.1304,-86.9001,POINT (-86.9001 36.1304)
20190542039,07/20/2019 08:20:00 AM,2,3,0,,N,320601,2,HEAD-ON,21,CLEAR,1,DAYLIGHT,12,MOTOR VEHICLE IN TRANSPORT,HARDING PL & METROPLEX DR,NASHVILLE,TN,37211,8889,SOUTH,36.0868,-86.6959,POINT (-86.6959 36.0868)
20190324805,04/27/2019 02:53:00 PM,1,1,0,,N,352201,0,NOT COLLISION W/MOTOR VEHICLE-TRANSPORT,22,CLOUDY,1,DAYLIGHT,9,,CHARLOTTE PKE & ORLANDO AV,NASHVILLE,TN,37209,5103,WEST,36.1505,-86.8566,POINT (-86.8566 36.1505)
20190034459,01/14/2019 07:45:00 AM,2,0,0,,Y,235761,5,SIDESWIPE - SAME DIRECTION,22,CLOUDY,1,DAYLIGHT,12,MOTOR VEHICLE IN TRANSPORT,46TH AVN & BRILEY PKWY N ENT RAMP,NASHVILLE,TN,37209,45020,WEST,36.154,-86.8423,POINT (-86.8423 36.154)
20190120243,02/13/2019 05:51:00 PM,2,0,0,,N,256446,4,ANGLE,21,CLEAR,3,DARK - LIGHTED,12,MOTOR VEHICLE IN TRANSPORT,NOLENSVILLE PKE & ANDER DR,ANTIOCH,TN,37013,8767,SOUTH,36.0009,-86.6951,POINT (-86.6951 36.0009)
20190425246,06/04/2019 08:00:00 AM,2,0,0,,N,594473,11,Front to Rear,21,CLEAR,1,DAYLIGHT,12,MOTOR VEHICLE IN TRANSPORT,OLD HICKORY BLVD & S HILLVIEW DR,NASHVILLE,TN,37220,7111,MIDTOW,36.0375,-86.791,POINT (-86.791 36.0375)
20190223428,03/22/2019 11:27:00 AM,2,0,0,,N,191578,5,SIDESWIPE - SAME DIRECTION,21,CLEAR,1,DAYLIGHT,12;36,MOTOR VEHICLE IN TRANSPORT;CONCRETE TRAFFIC BARRIER,MM 211 1 I 40,NASHVILLE,TN,37210,8008,HERMIT,36.1539,-86.7571,POINT (-86.7571 36.1539)
20190379479,05/17/2019 11:10:00 PM,2,0,0,,N,299270,5,SIDESWIPE - SAME DIRECTION,21,CLEAR,3,DARK - LIGHTED,12,MOTOR VEHICLE IN TRANSPORT,CHURCH ST & 4TH AVN,NASHVILLE,TN,37219,4129,CENTRA,36.1635,-86.7793,POINT (-86.7793 36.1635)
20190471685,06/21/2019 12:00:00 AM,2,0,0,,Y,299258,11,Front to Rear,21,CLEAR,1,DAYLIGHT,12,MOTOR VEHICLE IN TRANSPORT,I24 W EXT RAMP & I 24,NASHVILLE,TN,37211,8829,SOUTH,36.1074,-86.7197,POINT (-86.7197 36.1074)
20190211233,03/18/2019 06:19:00 PM,2,0,0,,Y,279124,11,Front to Rear,21,CLEAR,1,DAYLIGHT,12,MOTOR VEHICLE IN TRANSPORT,MURFREESBORO PKE & BOROWOOD DR,NASHVILLE,TN,37217,8935,HERMIT,36.091,-86.6511,POINT (-86.6511 36.091)
20190275218,04/10/2019 07:55:00 AM,2,1,0,,N,212369,4,ANGLE,21,CLEAR,1,DAYLIGHT,12,MOTOR VEHICLE IN TRANSPORT,18TH AVS & WEDGEWOOD AV,NASHVILLE,TN,37212,6611,MIDTOW,36.137,-86.797,POINT (-86.797 36.137)
20190133095,02/18/2019 05:20:00 PM,2,1,0,,N,320577,11,Front to Rear,21,CLEAR,5,DUSK,12,MOTOR VEHICLE IN TRANSPORT,MM 81 7 I 65,NASHVILLE,TN,37203,8006,MIDTOW,36.1384,-86.7758,POINT (-86.7758 36.1384)