Accident Number,Date and Time,Number of Motor Vehicles,Number of Injuries,Number of Fatalities,Property Damage,Hit and Run,Reporting Officer,Collision Type Code,Collision Type Description,Weather Code,Weather Description,Illumination Code,Illumination Description,Harmful Code,Harmful Code Description,Street Address,City,State,ZIP,RPA,Precinct,Latitude,Longitude,Mapped Location
20190090677,02/03/2019 01:15:00 AM,2,0,0,,Y,320598,4,ANGLE,21,CLEAR,3,DARK - LIGHTED,14;55,PARKED MOTOR VEHICLE;Motor Vehicle-In-Motion Outside Trafficw,FRANKLIN PKE & FRANKLIN PIKE CIR,NASHVILLE,TN,37220,7111,MIDTOW,36.0471,-86.7777,POINT (-86.7777 36.0471)
20190122162,02/14/2019 08:45:00 AM,2,0,0,,N,714648,11,Front to Rear,22,CLOUDY,1,DAYLIGHT,12,MOTOR VEHICLE IN TRANSPORT,ELLINGTON PKWYS & ELLINGTON PKWYN,NASHVILLE,TN,37207,1995,EAST,36.1758,-86.7666,POINT (-86.7666 36.1758)
20190049002,01/19/2019 07:20:00 AM,1,0,0,Y,N,256502,0,NOT COLLISION W/MOTOR VEHICLE-TRANSPORT,2,RAIN,1,DAYLIGHT,24,GUARDRAIL FACE,MM 85 6 I 65,NASHVILLE,TN,37208,43042,NORTH,36.1872,-86.7951,POINT (-86.7951 36.1872)
20190425225,06/04/2019 08:10:00 AM,2,0,0,,N,716886,11,Front to Rear,21,CLEAR,1,DAYLIGHT,12,MOTOR VEHICLE IN TRANSPORT,I24 W EXT RAMP & I 24,NASHVILLE,TN,37211,8829,SOUTH,36.1074,-86.7197,POINT (-86.7197 36.1074)
20190184612,03/08/2019 03:02:00 PM,2,1,0,,N,240955,4,ANGLE,2,RAIN,1,DAYLIGHT,12,MOTOR VEHICLE IN TRANSPORT,MILL CREEK WHITTEMORE GRNWY & MILL CREEK,ANTIOCH,TN,37013,8757,SOUTH,36.0424,-86.7118,POINT (-86.7118 36.0424)
20190524629,07/13/2019 12:40:00 PM,2,1,0,,N,262757,11,Front to Rear,22,CLOUDY,1,DAYLIGHT,12,MOTOR VEHICLE IN TRANSPORT,MM 213 8 I 40,NASHVILLE,TN,37217,8802,HERMIT,36.1413,-86.7163,POINT (-86.7163 36.1413)
20190549596,07/23/2019 01:20:00 PM,2,0,0,,Y,332216,11,Front to Rear,22,CLOUDY,1,DAYLIGHT,12,MOTOR VEHICLE IN TRANSPORT,MM 82 1 I 65,NASHVILLE,TN,37203,80061,MIDTOW,36.1449,-86.777,POINT (-86.777 36.1449)
20190171856,03/04/2019 04:00:00 PM,2,0,0,,Y,192871,9,UNKNOWN,21,CLEAR,1,DAYLIGHT,99,UNKNOWN MOST HARMFUL EVENT,600 DUE WEST AVW,MADISON,TN,37115,1799,MADISO,36.2492,-86.7346,POINT (-86.7346 36.2492)
20190431946,06/06/2019 02:33:00 PM,2,0,0,,Y,206675,5,SIDESWIPE - SAME DIRECTION,21,CLEAR,1,DAYLIGHT,12,MOTOR VEHICLE IN TRANSPORT,BROADWAY & 17TH AVS,NASHVILLE,TN,37203,5705,MIDTOW,36.1531,-86.7942,POINT (-86.7942 36.1531)
20190292475,04/16/2019 01:45:00 PM,2,0,0,,N,151132,5,SIDESWIPE - SAME DIRECTION,21,CLEAR,1,DAYLIGHT,12,MOTOR VEHICLE IN TRANSPORT,GALLATIN PKEN & MCHENRY CENTER PVTDR,GOODLETTSVILLE,TN,37072,1753,MADISO,36.2949,-86.7009,POINT (-86.7009 36.2949)
20190263664,04/05/2019 05:05:00 PM,2,0,0,,N,256448,11,Front to Rear,21,CLEAR,1,DAYLIGHT,12,MOTOR VEHICLE IN TRANSPORT,OLD HICKORY BLVD & SHUTE LN,OLD HICKORY,TN,37138,9713,HERMIT,36.2323,-86.6247,POINT (-86.6247 36.2323)
20190119556,02/13/2019 12:00:00 AM,2,0,0,,Y,716886,6,SIDESWIPE - OPPOSITE DIRECTION,21,CLEAR,1,DAYLIGHT,14,PARKED MOTOR VEHICLE,PARAGON DR & BRUNER CT,NASHVILLE,TN,37211,8441,SOUTH,36.0913,-86.708,POINT (-86.708 36.0913)
20190320575,04/25/2019 09:13:00 PM,2,2,0,Y,N,429193,4,ANGLE,2,RAIN,3,DARK - LIGHTED,12;31,"MOTOR VEHICLE IN TRANSPORT;OTHER POST, POLE, SUPP.",CHARLOTTE PK & I 40 E ENTRANCE RAMP,NASHVILLE,TN,37205,5007,WEST,36.1317,-86.8958,POINT (-86.8958 36.1317)
20190380843,05/18/2019 02:43:00 PM,2,0,0,,N,320597,5,SIDESWIPE - SAME DIRECTION,21,CLEAR,1,DAYLIGHT,12,MOTOR VEHICLE IN TRANSPORT,PICCADILLY ROW & BISHOPSGATE RD,NASHVILLE,TN,37217,8853,SOUTH,36.0784,-86.659,POINT (-86.659 36.0784)
20190085791,02/01/2019 07:35:00 AM,2,0,0,,Y,320595,5,SIDESWIPE - SAME DIRECTION,22,CLOUDY,1,DAYLIGHT,12,MOTOR VEHICLE IN TRANSPORT,BRILEY PKWY & ARBOR CREEK BLVD,NASHVILLE,TN,37217,88943,HERMIT,36.136,-86.6988,POINT (-86.6988 36.136)
20190407079,05/28/2019 12:15:00 PM,2,0,0,,N,224437,11,Front to Rear,21,CLEAR,1,DAYLIGHT,12,MOTOR VEHICLE IN TRANSPORT,SPENCE LN & MURFREESBORO PKE,NASHVILLE,TN,37217,8815,HERMIT,36.1359,-86.725,POINT (-86.725 36.1359)
20190203267,03/15/2019 01:25:00 PM,1,1,0,,N,137982,0,NOT COLLISION W/MOTOR VEHICLE-TRANSPORT,21,CLEAR,1,DAYLIGHT,8,PEDESTRIAN,ANDREW JACKSON WAY & OLD HICKORY BLVD,HERMITAGE,TN,37076,9561,HERMIT,36.1821,-86.6076,POINT (-86.6076 36.1821)
20190555418,07/25/2019 12:00:00 AM,1,1,0,,N,256427,0,NOT COLLISION W/MOTOR VEHICLE-TRANSPORT,21,CLEAR,1,DAYLIGHT,34,DITCH,ELM HILL PKE & ELM TREE DR,NASHVILLE,TN,37210,9031,HERMIT,36.1455,-86.7064,POINT (-86.7064 36.1455)
20190139234,02/20/2019 04:08:00 PM,1,0,0,,N,134903,0,NOT COLLISION W/MOTOR VEHICLE-TRANSPORT,2,RAIN,1,DAYLIGHT,36,CONCRETE TRAFFIC BARRIER,MM 220 1 I 40,HERMITAGE,TN,37076,94021,HERMIT,36.1655,-86.6137,POINT (-86.6137 36.1655)
20190577358,08/03/2019 12:00:00 AM,2,0,0,,Y,320580,5,SIDESWIPE - SAME DIRECTION,21,CLEAR,1,DAYLIGHT,12,MOTOR VEHICLE IN TRANSPORT,MM 212 7 I 40,NASHVILLE,TN,37210,82060,HERMIT,36.143,-86.737,POINT (-86.737 36.143)
20190283578,04/13/2019 07:07:00 AM,1,1,0,,N,109534,0,NOT COLLISION W/MOTOR VEHICLE-TRANSPORT,2,RAIN,1,DAYLIGHT,39,WALL,I24E & I24 W ENT RAMP,NASHVILLE,TN,37210,82061,HERMIT,36.1386,-86.7273,POINT (-86.7273 36.1386)
20190119204,02/13/2019 11:26:00 AM,2,0,0,,N,267831,11,Front to Rear,21,CLEAR,1,DAYLIGHT,12,MOTOR VEHICLE IN TRANSPORT,CHARLOTTE AV & 50TH AVN,NASHVILLE,TN,37209,5127,WEST,36.152,-86.8467,POINT (-86.8467 36.152)
20190080015,01/30/2019 12:28:00 PM,2,1,0,,N,594473,2,HEAD-ON,21,CLEAR,1,DAYLIGHT,12,MOTOR VEHICLE IN TRANSPORT,MAGNOLIA BLVD & 17TH AVS,NASHVILLE,TN,37212,6611,MIDTOW,36.1355,-86.7972,POINT (-86.7972 36.1355)
20190365507,05/13/2019 09:18:00 AM,2,0,0,,N,594473,5,SIDESWIPE - SAME DIRECTION,22,CLOUDY,1,DAYLIGHT,12,MOTOR VEHICLE IN TRANSPORT,MM 77 2 I 65,NASHVILLE,TN,37220,86042,MIDTOW,36.0734,-86.7691,POINT (-86.7691 36.0734)
20190103001,02/07/2019 11:15:00 AM,2,0,0,,N,224955,5,SIDESWIPE - SAME DIRECTION,22,CLOUDY,1,DAYLIGHT,14,PARKED MOTOR VEHICLE,ONE MILE PKWY & E CAMPBELL RD,MADISON,TN,37115,1759,MADISO,36.2797,-86.71,POINT (-86.71 36.2797)
20190076165,01/29/2019 09:57:00 AM,2,0,0,,N,134899,11,Front to Rear,21,CLEAR,1,DAYLIGHT,12,MOTOR VEHICLE IN TRANSPORT,LEBANON PKE & BIG HORN DR,HERMITAGE,TN,37076,9525,HERMIT,36.1676,-86.7787,POINT (-86.7787 36.1676)
20190384950,05/20/2019 12:04:00 PM,2,0,0,,N,714641,5,SIDESWIPE - SAME DIRECTION,21,CLEAR,1,DAYLIGHT,12,MOTOR VEHICLE IN TRANSPORT,CHARLOTTE AV & GEORGE L DAVIS BLVD,NASHVILLE,TN,37203,4205,CENTRA,36.1612,-86.7927,POINT (-86.7927 36.1612)
20190382160,05/19/2019 04:55:00 AM,1,0,0,Y,N,197059,0,NOT COLLISION W/MOTOR VEHICLE-TRANSPORT,21,CLEAR,4,DAWN,38,FENCE,I440 E ENT RAMP & I 65,NASHVILLE,TN,37204,7018,MIDTOW,36.1138,-86.7719,POINT (-86.7719 36.1138)
20190462892,06/18/2019 05:09:00 PM,2,0,0,,Y,256383,5,SIDESWIPE - SAME DIRECTION,21,CLEAR,1,DAYLIGHT,12,MOTOR VEHICLE IN TRANSPORT,I440 E ENT RAMP & I 440,NASHVILLE,TN,37205,6007,WEST,36.1346,-86.8203,POINT (-86.8203 36.1346)
20190566014,07/30/2019 07:17:00 AM,2,0,0,,Y,716886,5,SIDESWIPE - SAME DIRECTION,21,CLEAR,1,DAYLIGHT,14,PARKED MOTOR VEHICLE,FIRESTONE PKWY & GOULD BLVD,ANTIOCH,TN,37013,8869,SOUTH,36.0163,-86.616,POINT (-86.616 36.0163)
20190244038,03/29/2019 01:25:00 PM,2,0,0,,Y,320577,4,ANGLE,21,CLEAR,1,DAYLIGHT,12,MOTOR VEHICLE IN TRANSPORT,NOLENSVILLE PKE & ROSEDALE AV,NASHVILLE,TN,37210,8101,SOUTH,36.1253,-86.7523,POINT (-86.7523 36.1253)
20190449001,06/13/2019 07:20:00 AM,1,1,0,,N,262766,0,NOT COLLISION W/MOTOR VEHICLE-TRANSPORT,21,CLEAR,1,DAYLIGHT,8,PEDESTRIAN,23RD AVN & LESLIE AV,NASHVILLE,TN,37203,5619,MIDTOW,36.1547,-86.8089,POINT (-86.8089 36.1547)
20190496358,07/01/2019 06:19:00 PM,2,0,0,,N,352188,5,SIDESWIPE - SAME DIRECTION,21,CLEAR,1,DAYLIGHT,12,MOTOR VEHICLE IN TRANSPORT,HART LN & DICKERSON PKE,NASHVILLE,TN,37207,1887,EAST,36.2217,-86.7617,POINT (-86.7617 36.2217)
20190492118,06/29/2019 12:00:00 AM,2,0,0,,Y,240981,5,SIDESWIPE - SAME DIRECTION,21,CLEAR,3,DARK - LIGHTED,14,PARKED MOTOR VEHICLE,WOODLAND ST & S 11TH ST,NASHVILLE,TN,37206,1201,EAST,36.1773,-86.7506,POINT (-86.7506 36.1773)
20190160425,02/28/2019 03:10:00 AM,1,1,0,Y,Y,608786,0,NOT COLLISION W/MOTOR VEHICLE-TRANSPORT,21,CLEAR,3,DARK - LIGHTED,33;39,CURB;WALL,ROOSEVELT AV & GALLATIN PKEN,MADISON,TN,37115,1761,MADISO,36.2711,-86.7104,POINT (-86.7104 36.2711)
20190308540,04/22/2019 09:09:00 AM,2,0,0,,N,226622,0,NOT COLLISION W/MOTOR VEHICLE-TRANSPORT,21,CLEAR,1,DAYLIGHT,24,GUARDRAIL FACE,MM 1 1 I 440,NASHVILLE,TN,37205,5234,WEST,36.1447,-86.8224,POINT (-86.8224 36.1447)
20190436919,06/08/2019 04:20:00 PM,2,0,0,,N,161939,11,Front to Rear,2,RAIN,1,DAYLIGHT,12,MOTOR VEHICLE IN TRANSPORT,MURFREESBORO PKE & FOREST VIEW DR,ANTIOCH,TN,37013,8865,SOUTH,36.0674,-86.6313,POINT (-86.6313 36.0674)
20190207934,03/17/2019 01:45:00 PM,2,0,0,,N,714648,3,REAR-TO-REAR,21,CLEAR,1,DAYLIGHT,12,MOTOR VEHICLE IN TRANSPORT,JONES AV & DOUGLAS AV,NASHVILLE,TN,37207,1873,EAST,36.1943,-86.7595,POINT (-86.7595 36.1943)
20190230748,03/25/2019 09:42:00 AM,2,0,0,,N,191578,11,Front to Rear,22,CLOUDY,1,DAYLIGHT,12,MOTOR VEHICLE IN TRANSPORT,MM 215 6 I 40,NASHVILLE,TN,37214,9102,HERMIT,36.1431,-86.6845,POINT (-86.6845 36.1431)
20190489279,06/28/2019 05:40:00 PM,2,0,0,,N,420040,4,ANGLE,21,CLEAR,1,DAYLIGHT,12,MOTOR VEHICLE IN TRANSPORT,MUSIC SQE & ROY ACUFF PL,NASHVILLE,TN,37203,6717,MIDTOW,36.15,-86.7919,POINT (-86.7919 36.15)
20190204045,03/15/2019 07:24:00 PM,1,1,0,,Y,279225,9,UNKNOWN,21,CLEAR,2,DARK - NOT LIGHTED,99,UNKNOWN MOST HARMFUL EVENT,THOMPSON PL & MURFREESBORO PKE,NASHVILLE,TN,37217,8821,HERMIT,36.1267,-86.711,POINT (-86.711 36.1267)
20190384660,05/20/2019 10:15:00 AM,2,0,0,,N,665896,4,ANGLE,21,CLEAR,1,DAYLIGHT,12,MOTOR VEHICLE IN TRANSPORT,STRAIGHTWAY AV & GALLATIN AV,NASHVILLE,TN,37206,1895,EAST,36.1936,-86.7439,POINT (-86.7439 36.1936)
20190338444,05/02/2019 04:30:00 PM,2,1,0,,Y,256414,2,HEAD-ON,21,CLEAR,1,DAYLIGHT,12,MOTOR VEHICLE IN TRANSPORT,LAVERGNE COUCHVILLE PKE & PIN HOOK RD,ANTIOCH,TN,37013,8901,SOUTH,36.0463,-86.5825,POINT (-86.5825 36.0463)
20190348124,05/06/2019 05:02:00 PM,2,0,0,,N,197054,11,Front to Rear,21,CLEAR,1,DAYLIGHT,12,MOTOR VEHICLE IN TRANSPORT,MM 215 3 I 40,NASHVILLE,TN,37217,89020,HERMIT,36.1436,-86.6894,POINT (-86.6894 36.1436)
20190153400,02/25/2019 07:04:00 PM,1,0,0,Y,N,311332,0,NOT COLLISION W/MOTOR VEHICLE-TRANSPORT,21,CLEAR,2,DARK - NOT LIGHTED,43,OTHER FIXED OBJECTS,36TH AVN & CHARLOTTE AV,NASHVILLE,TN,37209,5237,WEST,36.1534,-86.8278,POINT (-86.8278 36.1534)
20190569474,07/31/2019 01:09:00 PM,2,0,0,,Y,279110,5,SIDESWIPE - SAME DIRECTION,21,CLEAR,1,DAYLIGHT,12,MOTOR VEHICLE IN TRANSPORT,NOLENSVILLE PKE & PARAGON MILLS RD,NASHVILLE,TN,37211,8421,SOUTH,36.0848,-86.7281,POINT (-86.7281 36.0848)
20190170602,03/04/2019 07:29:00 AM,2,0,0,,Y,620067,11,Front to Rear,21,CLEAR,1,DAYLIGHT,12,MOTOR VEHICLE IN TRANSPORT,BELL RD & BLUE HOLE RD,ANTIOCH,TN,37013,8719,SOUTH,36.0458,-86.6744,POINT (-86.6744 36.0458)
20190349827,05/07/2019 08:28:00 AM,2,0,0,,N,348631,5,SIDESWIPE - SAME DIRECTION,21,CLEAR,1,DAYLIGHT,12,MOTOR VEHICLE IN TRANSPORT,MM 87 6 I 65,NASHVILLE,TN,37207,1804,EAST,36.2107,-86.7758,POINT (-86.7758 36.2107)
20190512369,07/08/2019 02:52:00 PM,2,1,0,,N,716886,11,Front to Rear,21,CLEAR,1,DAYLIGHT,12,MOTOR VEHICLE IN TRANSPORT,MM 7 2 I 440,NASHVILLE,TN,37210,83043,SOUTH,36.1251,-86.7339,POINT (-86.7339 36.1251)
20190491473,06/29/2019 05:15:00 PM,2,0,0,,N,311332,11,Front to Rear,21,CLEAR,1,DAYLIGHT,12,MOTOR VEHICLE IN TRANSPORT,CHARLOTTE PKE & HILLWOOD BLVD,NASHVILLE,TN,37209,5021,WEST,36.138,-86.8819,POINT (-86.8819 36.138)
20190240200,03/28/2019 10:13:00 AM,2,0,0,,N,716886,11,Front to Rear,21,CLEAR,1,DAYLIGHT,12,MOTOR VEHICLE IN TRANSPORT,MM 54 4 I 24,NASHVILLE,TN,37211,84020,SOUTH,36.1017,-86.7129,POINT (-86.7129 36.1017)
20190477558,06/24/2019 03:35:00 PM,2,1,0,,N,298860,4,ANGLE,21,CLEAR,1,DAYLIGHT,12,MOTOR VEHICLE IN TRANSPORT,OLD HICKORY BLVD & WRIGHT AV,HERMITAGE,TN,37076,9615,HERMIT,36.202,-86.6215,POINT (-86.6215 36.202)
20190519746,07/11/2019 12:02:00 PM,2,2,0,,N,716886,4,ANGLE,21,CLEAR,1,DAYLIGHT,12,MOTOR VEHICLE IN TRANSPORT,NOLENSVILLE PKE & HARDING PL,NASHVILLE,TN,37211,8445,SOUTH,36.0809,-86.7267,POINT (-86.7267 36.0809)
20190076726,01/29/2019 01:30:00 PM,2,0,0,,Y,212325,0,NOT COLLISION W/MOTOR VEHICLE-TRANSPORT,21,CLEAR,1,DAYLIGHT,60,Cargo Equip Loss/Shift,MM 91 9 I 65,MADISON,TN,37115,17280,MADISO,36.259,-86.7382,POINT (-86.7382 36.259)
20190337791,05/02/2019 12:10:00 PM,1,1,0,,N,693093,0,NOT COLLISION W/MOTOR VEHICLE-TRANSPORT,2,RAIN,1,DAYLIGHT,36,CONCRETE TRAFFIC BARRIER,BRILEY PKWYW & DOVERSIDE DR,NASHVILLE,TN,37207,20141,MADISO,36.2393,-86.7768,POINT (-86.7768 36.2393)
20190283858,04/13/2019 10:05:00 AM,1,1,0,Y,N,620067,0,NOT COLLISION W/MOTOR VEHICLE-TRANSPORT,2,RAIN,1,DAYLIGHT,30,UTILITY POLE,PRESTON RD & PETTUS RD,ANTIOCH,TN,37013,8763,SOUTH,36.0258,-86.663,POINT (-86.663 36.0258)
20190094063,02/04/2019 03:16:00 PM,2,0,0,,Y,134899,9,UNKNOWN,22,CLOUDY,1,DAYLIGHT,12;14,MOTOR VEHICLE IN TRANSPORT;PARKED MOTOR VEHICLE,OPRY MILLS DR & OPRYLAND DR,NASHVILLE,TN,37214,9209,HERMIT,36.2116,-86.7002,POINT (-86.7002 36.2116)
20190176933,03/06/2019 04:44:00 AM,1,0,0,,N,212307,0,NOT COLLISION W/MOTOR VEHICLE-TRANSPORT,21,CLEAR,3,DARK - LIGHTED,30,UTILITY POLE,4TH AVS & ELM ST,NASHVILLE,TN,37210,4005,CENTRA,36.1533,-86.7722,POINT (-86.7722 36.1533)
20190473671,06/22/2019 05:12:00 PM,3,0,0,,Y,311337,11,Front to Rear,21,CLEAR,1,DAYLIGHT,12,MOTOR VEHICLE IN TRANSPORT,MM 215 0 I 40,NASHVILLE,TN,37214,91021,HERMIT,36.1444,-86.6948,POINT (-86.6948 36.1444)
20190313098,04/23/2019 01:33:00 PM,2,0,0,,N,110063,11,Front to Rear,21,CLEAR,1,DAYLIGHT,12,MOTOR VEHICLE IN TRANSPORT,I65 S ENT RAMP & I 65,NASHVILLE,TN,37207,3007,NORTH,36.2057,-86.778,POINT (-86.778 36.2057)
20190479845,06/25/2019 10:35:00 AM,2,0,0,,N,224955,11,Front to Rear,22,CLOUDY,1,DAYLIGHT,12,MOTOR VEHICLE IN TRANSPORT,BRILEY PKWY W EXT RAMP & BRILEY PKWYW,NASHVILLE,TN,37218,3219,NORTH,36.23,-86.8304,POINT (-86.8304 36.23)
20190065533,01/25/2019 11:50:00 AM,2,2,0,,N,161952,11,Front to Rear,21,CLEAR,1,DAYLIGHT,12,MOTOR VEHICLE IN TRANSPORT,MM 39 0 I 24,WHITES CREEK,TN,37189,33181,NORTH,36.2971,-86.8115,POINT (-86.8115 36.2971)
20190110879,02/10/2019 07:18:00 PM,2,0,0,,N,676824,11,Front to Rear,2,RAIN,3,DARK - LIGHTED,12,MOTOR VEHICLE IN TRANSPORT,DR D B TODD JR BLVD & BUCHANAN ST,NASHVILLE,TN,37208,4413,NORTH,36.1805,-86.8112,POINT (-86.8112 36.1805)
20190194633,03/12/2019 03:40:00 PM,2,0,0,,N,256384,4,ANGLE,21,CLEAR,1,DAYLIGHT,13,MOTOR VEHICLE IN TRANSPORT-OTHER ROADWAY,I24 W EXT RAMP & SPENCE LN,NASHVILLE,TN,37217,8801,SOUTH,36.1358,-86.725,POINT (-86.725 36.1358)
20190352709,05/08/2019 06:30:00 AM,2,0,0,,N,279227,4,ANGLE,21,CLEAR,1,DAYLIGHT,12,MOTOR VEHICLE IN TRANSPORT,BELL RD & BEECHWOOD TER,ANTIOCH,TN,37013,8753,SOUTH,36.0449,-86.6684,POINT (-86.6684 36.0449)
20190438464,06/09/2019 08:52:00 AM,2,2,0,,N,311325,4,ANGLE,21,CLEAR,1,DAYLIGHT,12,MOTOR VEHICLE IN TRANSPORT,OLD HICKORY BLVD & CENTRAL PKE,HERMITAGE,TN,37076,9557,HERMIT,36.1676,-86.7787,POINT (-86.7787 36.1676)
20190516691,07/10/2019 08:35:00 AM,3,1,0,,N,462474,11,Front to Rear,21,CLEAR,1,DAYLIGHT,12,MOTOR VEHICLE IN TRANSPORT,MM 77 0 I 65,NASHVILLE,TN,37220,86042,MIDTOW,36.0708,-86.7697,POINT (-86.7697 36.0708)
20190047245,01/18/2019 02:08:00 PM,2,0,0,,N,267831,5,SIDESWIPE - SAME DIRECTION,22,CLOUDY,1,DAYLIGHT,12,MOTOR VEHICLE IN TRANSPORT,ABBOTT MARTIN RD & BANDYWOOD DR,NASHVILLE,TN,37215,6111,WEST,36.1061,-86.816,POINT (-86.816 36.1061)
20190151665,02/25/2019 07:22:00 AM,2,1,0,,N,226136,11,Front to Rear,21,CLEAR,1,DAYLIGHT,12,MOTOR VEHICLE IN TRANSPORT,MM 80 4 I 65,NASHVILLE,TN,37204,69021,MIDTOW,36.1187,-86.7737,POINT (-86.7737 36.1187)
20190260915,04/04/2019 09:00:00 PM,1,0,0,Y,N,298860,0,NOT COLLISION W/MOTOR VEHICLE-TRANSPORT,21,CLEAR,2,DARK - NOT LIGHTED,38,FENCE,CENTRAL PKE & CENTRAL PKE EXIT RAMP,HERMITAGE,TN,37076,95060,HERMIT,36.174,-86.6067,POINT (-86.6067 36.174)
20190357437,05/09/2019 09:28:00 PM,3,0,0,,N,151132,4,ANGLE,22,CLOUDY,3,DARK - LIGHTED,12;14,MOTOR VEHICLE IN TRANSPORT;PARKED MOTOR VEHICLE,BERKLEY DR & ARGLE AV,MADISON,TN,37115,1505,MADISO,36.2456,-86.7157,POINT (-86.7157 36.2456)
20190313100,04/23/2019 02:15:00 PM,3,2,0,,Y,166478,11,Front to Rear,21,CLEAR,1,DAYLIGHT,12,MOTOR VEHICLE IN TRANSPORT,MM 46 6 I 24,NASHVILLE,TN,37207,3006,NORTH,36.1936,-86.7762,POINT (-86.7762 36.1936)
20190382861,05/19/2019 01:56:00 PM,1,1,0,,N,584947,0,NOT COLLISION W/MOTOR VEHICLE-TRANSPORT,22,CLOUDY,1,DAYLIGHT,43;63,OTHER FIXED OBJECTS;Ran Off Road-Right,SHADOWSTONE PL & FRANKLIN PKE,NASHVILLE,TN,37220,7111,MIDTOW,36.0624,-86.7743,POINT (-86.7743 36.0624)
20190356164,05/09/2019 11:28:00 AM,2,1,0,,N,267831,11,Front to Rear,2,RAIN,1,DAYLIGHT,12,MOTOR VEHICLE IN TRANSPORT,HARDING PKE & ROYAL OAKS CONDOS PVTDR,NASHVILLE,TN,37205,6101,WEST,36.1235,-86.8497,POINT (-86.8497 36.1235)
20190089653,02/02/2019 05:50:00 PM,1,1,0,Y,N,298860,0,NOT COLLISION W/MOTOR VEHICLE-TRANSPORT,21,CLEAR,2,DARK - NOT LIGHTED,43,OTHER FIXED OBJECTS,MUSIC VALLEY DR & BRILEY PKWYE,NASHVILLE,TN,37214,9213,HERMIT,36.232,-86.7013,POINT (-86.7013 36.232)
20190057709,01/22/2019 08:20:00 PM,2,0,0,,N,240968,11,Front to Rear,21,CLEAR,3,DARK - LIGHTED,12,MOTOR VEHICLE IN TRANSPORT,MURFREESBORO PKE & OLD MURFREESBORO PKE,NASHVILLE,TN,37217,8849,SOUTH,36.1046,-86.6694,POINT (-86.6694 36.1046)
20190402143,05/26/2019 10:30:00 AM,2,0,0,,N,109495,5,SIDESWIPE - SAME DIRECTION,21,CLEAR,1,DAYLIGHT,14,PARKED MOTOR VEHICLE,BRANSFORD AV & VINE HILL RD,NASHVILLE,TN,37204,8031,MIDTOW,36.1295,-86.7677,POINT (-86.7677 36.1295)
20190086134,02/01/2019 09:55:00 AM,2,0,0,,Y,226622,11,Front to Rear,22,CLOUDY,1,DAYLIGHT,12,MOTOR VEHICLE IN TRANSPORT,CHARLOTTE AV & 48TH AVN,NASHVILLE,TN,37209,5127,WEST,36.1521,-86.8449,POINT (-86.8449 36.1521)
20190109256,02/09/2019 12:00:00 AM,2,0,0,,Y,311800,5,SIDESWIPE - SAME DIRECTION,21,CLEAR,3,DARK - LIGHTED,12,MOTOR VEHICLE IN TRANSPORT,5TH AVS & BROADWAY,NASHVILLE,TN,37203,4089,CENTRA,36.1605,-86.7784,POINT (-86.7784 36.1605)
20190573359,08/01/2019 11:30:00 PM,2,0,0,,Y,240978,11,Front to Rear,21,CLEAR,3,DARK - LIGHTED,14,PARKED MOTOR VEHICLE,S 11TH ST & WOODLAND ST,NASHVILLE,TN,37206,1201,EAST,36.1776,-86.75,POINT (-86.75 36.1776)
20190278475,04/11/2019 10:14:00 AM,2,0,0,,N,716886,5,SIDESWIPE - SAME DIRECTION,21,CLEAR,1,DAYLIGHT,12,MOTOR VEHICLE IN TRANSPORT,MURFREESBORO PKE & BELL RD,ANTIOCH,TN,37013,8861,SOUTH,36.072,-86.636,POINT (-86.636 36.072)
20190187062,03/09/2019 04:00:00 PM,1,0,0,,N,298858,0,NOT COLLISION W/MOTOR VEHICLE-TRANSPORT,2,RAIN,1,DAYLIGHT,16,THROWN OR FALLING OBJECT,MM 80 6 I 65,NASHVILLE,TN,37204,80040,MIDTOW,36.1235,-86.7729,POINT (-86.7729 36.1235)
20190306606,04/21/2019 02:24:00 PM,3,3,0,,N,299266,11,Front to Rear,21,CLEAR,1,DAYLIGHT,12,MOTOR VEHICLE IN TRANSPORT,MURFREESBORO PKE & RURAL HILL RD,ANTIOCH,TN,37013,8861,SOUTH,36.0745,-86.6387,POINT (-86.6387 36.0745)
20190110166,02/10/2019 10:25:00 AM,2,1,0,,N,212318,4,ANGLE,2,RAIN,1,DAYLIGHT,12,MOTOR VEHICLE IN TRANSPORT,MT PISGAH RD & RAVENS GLEN,NASHVILLE,TN,37211,8651,MIDTOW,36.0212,-86.7373,POINT (-86.7373 36.0212)
20190449056,06/14/2019 07:50:00 AM,1,0,0,Y,N,405427,0,NOT COLLISION W/MOTOR VEHICLE-TRANSPORT,21,CLEAR,1,DAYLIGHT,75,Bridge/Overhead Structure,8TH AVS & GLEAVES ST,NASHVILLE,TN,37203,4009,CENTRA,36.1518,-86.7793,POINT (-86.7793 36.1518)
20190158825,02/27/2019 01:59:00 PM,2,0,0,,N,462474,4,ANGLE,21,CLEAR,1,DAYLIGHT,12,MOTOR VEHICLE IN TRANSPORT,I65 N EXT RAMP & HARDING PL,NASHVILLE,TN,37220,8601,MIDTOW,36.0821,-86.7617,POINT (-86.7617 36.0821)
20190282476,04/12/2019 12:00:00 AM,2,2,0,,N,298877,5,SIDESWIPE - SAME DIRECTION,21,CLEAR,3,DARK - LIGHTED,12,MOTOR VEHICLE IN TRANSPORT,ANTIOCH PKE & COLBY DR,NASHVILLE,TN,37211,8407,SOUTH,36.1009,-86.7285,POINT (-86.7285 36.1009)
20190520541,07/11/2019 06:00:00 PM,2,0,0,,Y,240968,11,Front to Rear,21,CLEAR,1,DAYLIGHT,12,MOTOR VEHICLE IN TRANSPORT,BELL RD & EDGE O LAKE DR,NASHVILLE,TN,37217,8963,HERMIT,36.0794,-86.6326,POINT (-86.6326 36.0794)