Accident Number,Date and Time,Number of Motor Vehicles,Number of Injuries,Number of Fatalities,Property Damage,Hit and Run,Reporting Officer,Collision Type Code,Collision Type Description,Weather Code,Weather Description,Illumination Code,Illumination Description,Harmful Code,Harmful Code Description,Street Address,City,State,ZIP,RPA,Precinct,Latitude,Longitude,Mapped Location
20190485300,06/27/2019 07:30:00 AM,2,0,0,,N,226622,4,ANGLE,21,CLEAR,1,DAYLIGHT,12,MOTOR VEHICLE IN TRANSPORT,ILLINOIS AV & 48TH AVN,NASHVILLE,TN,37209,4575,WEST,36.1578,-86.845,POINT (-86.845 36.1578)
20190466787,06/20/2019 12:00:00 AM,1,0,0,Y,Y,229888,0,NOT COLLISION W/MOTOR VEHICLE-TRANSPORT,2,RAIN,3,DARK - LIGHTED,31,"OTHER POST, POLE, SUPP.",JOSEPH AV & LANE GARDEN APTS PVTDR,NASHVILLE,TN,37207,1963,EAST,36.1828,-86.7726,POINT (-86.7726 36.1828)
20190329417,04/29/2019 03:42:00 PM,2,0,0,,N,151132,11,Front to Rear,21,CLEAR,1,DAYLIGHT,12,MOTOR VEHICLE IN TRANSPORT,MM 94 0 I 65,GOODLETTSVILLE,TN,37072,17061,MADISO,36.2879,-86.7259,POINT (-86.7259 36.2879)
20190302263,04/19/2019 03:00:00 PM,2,0,0,,N,151132,11,Front to Rear,2,RAIN,1,DAYLIGHT,12,MOTOR VEHICLE IN TRANSPORT,NORTHSIDE DR & GALLATIN PKEN,MADISON,TN,37115,1731,MADISO,36.3057,-86.6875,POINT (-86.6875 36.3057)
20190452974,06/14/2019 01:06:00 PM,2,0,0,,N,909486,11,Front to Rear,21,CLEAR,1,DAYLIGHT,12,MOTOR VEHICLE IN TRANSPORT,STONE BROOK DR & OLD HICKORY BLVD,BRENTWOOD,TN,37027,8623,MIDTOW,36.0409,-86.7794,POINT (-86.7794 36.0409)
20190252542,04/02/2019 01:25:00 AM,2,0,0,,N,330414,4,ANGLE,21,CLEAR,3,DARK - LIGHTED,12,MOTOR VEHICLE IN TRANSPORT,8TH AVS & BROADWAY,NASHVILLE,TN,37203,4085,CENTRA,36.1588,-86.782,POINT (-86.782 36.1588)
20190526719,07/14/2019 12:45:00 PM,2,0,0,,N,320601,11,Front to Rear,22,CLOUDY,1,DAYLIGHT,12,MOTOR VEHICLE IN TRANSPORT,NOLENSVILLE PKE & TUSCULUM RD,NASHVILLE,TN,37211,8715,SOUTH,36.0587,-86.7162,POINT (-86.7162 36.0587)
20190434299,06/07/2019 01:15:00 PM,2,0,0,,N,420035,4,ANGLE,22,CLOUDY,1,DAYLIGHT,12,MOTOR VEHICLE IN TRANSPORT,GALLATIN PKES & MOVING CENTER CT,MADISON,TN,37115,1507,MADISO,36.2509,-86.7184,POINT (-86.7184 36.2509)
20190051660,01/20/2019 12:00:00 AM,1,0,0,,N,298877,0,NOT COLLISION W/MOTOR VEHICLE-TRANSPORT,21,CLEAR,1,DAYLIGHT,24,GUARDRAIL FACE,I24 W EXT RAMP & I 24,NASHVILLE,TN,37211,8829,SOUTH,36.1074,-86.7197,POINT (-86.7197 36.1074)
20190332820,04/30/2019 06:45:00 PM,2,2,0,,N,330413,4,ANGLE,22,CLOUDY,5,DUSK,12,MOTOR VEHICLE IN TRANSPORT,HARDING PL & SIDCO DR,NASHVILLE,TN,37220,8601,MIDTOW,36.0819,-86.7612,POINT (-86.7612 36.0819)
20190216254,03/20/2019 07:08:00 AM,2,0,0,,N,226136,11,Front to Rear,22,CLOUDY,1,DAYLIGHT,12,MOTOR VEHICLE IN TRANSPORT,OLD HICKORY BLVD & I65 S ENT RAMP,NASHVILLE,TN,37220,7111,MIDTOW,36.0376,-86.7851,POINT (-86.7851 36.0376)
20190576756,08/03/2019 06:40:00 AM,2,2,0,,N,109495,11,Front to Rear,21,CLEAR,1,DAYLIGHT,12,MOTOR VEHICLE IN TRANSPORT,I440 E ENT RAMP & I440 ENT RAMP,NASHVILLE,TN,37204,6930,MIDTOW,36.1182,-86.7746,POINT (-86.7746 36.1182)
20190200405,03/14/2019 01:47:00 PM,2,0,0,,N,474557,11,Front to Rear,21,CLEAR,1,DAYLIGHT,12,MOTOR VEHICLE IN TRANSPORT,BELL RD & CEDAR POINTE PKWY,ANTIOCH,TN,37013,8753,SOUTH,36.0449,-86.6671,POINT (-86.6671 36.0449)
20190316406,04/24/2019 12:29:00 PM,2,1,0,,N,352159,4,ANGLE,21,CLEAR,1,DAYLIGHT,12,MOTOR VEHICLE IN TRANSPORT,8TH AVS & LAFAYETTE ST,NASHVILLE,TN,37203,4043,CENTRA,36.1546,-86.7792,POINT (-86.7792 36.1546)
20190309277,04/22/2019 02:12:00 PM,2,0,0,,Y,267831,4,ANGLE,21,CLEAR,1,DAYLIGHT,12,MOTOR VEHICLE IN TRANSPORT,CHARLOTTE AV & 40TH AVN,NASHVILLE,TN,37209,5229,WEST,36.1525,-86.8349,POINT (-86.8349 36.1525)
20190291705,04/16/2019 09:56:00 AM,2,1,0,,N,298878,11,Front to Rear,21,CLEAR,1,DAYLIGHT,12,MOTOR VEHICLE IN TRANSPORT,MM 49 4 I 24,NASHVILLE,TN,37206,10040,EAST,36.1613,-86.7604,POINT (-86.7604 36.1613)
20190473900,06/22/2019 12:00:00 AM,2,0,0,,N,299258,5,SIDESWIPE - SAME DIRECTION,21,CLEAR,1,DAYLIGHT,12,MOTOR VEHICLE IN TRANSPORT,ED TEMPLE BLVD & ROSA L PARKS BLVD,NASHVILLE,TN,37228,4483,NORTH,36.188,-86.8216,POINT (-86.8216 36.188)
20190579147,08/04/2019 09:10:00 AM,2,1,0,,N,279122,11,Front to Rear,21,CLEAR,1,DAYLIGHT,12,MOTOR VEHICLE IN TRANSPORT,MM 87 6 I 65,NASHVILLE,TN,37207,1804,EAST,36.2107,-86.7758,POINT (-86.7758 36.2107)
20190103855,02/07/2019 06:35:00 PM,1,1,0,,N,320582,0,NOT COLLISION W/MOTOR VEHICLE-TRANSPORT,2,RAIN,3,DARK - LIGHTED,8,PEDESTRIAN,SPRING ST & MAIN ST ENT RAMP,NASHVILLE,TN,37206,1997,EAST,36.173,-86.7654,POINT (-86.7654 36.173)
20190186767,03/09/2019 01:00:00 PM,2,0,0,,N,591933,4,ANGLE,2,RAIN,1,DAYLIGHT,12,MOTOR VEHICLE IN TRANSPORT,MONROE CRSG & OLD FRANKLIN RD,ANTIOCH,TN,37013,8867,SOUTH,36.0413,-86.632,POINT (-86.632 36.0413)
20190209832,03/16/2019 03:00:00 PM,1,0,0,Y,Y,716886,0,NOT COLLISION W/MOTOR VEHICLE-TRANSPORT,21,CLEAR,1,DAYLIGHT,31,"OTHER POST, POLE, SUPP.",CANE RIDGE RD & CHIMNEYTOP DR,ANTIOCH,TN,37013,8751,SOUTH,36.0401,-86.6602,POINT (-86.6602 36.0401)
20190106440,02/08/2019 04:45:00 PM,2,0,0,,N,717341,11,Front to Rear,21,CLEAR,5,DUSK,12,MOTOR VEHICLE IN TRANSPORT,NOLENSVILLE PKE & RADNOR ST,NASHVILLE,TN,37211,8427,SOUTH,36.1048,-86.7421,POINT (-86.7421 36.1048)
20190324634,04/27/2019 11:34:00 AM,1,1,0,Y,N,620072,0,NOT COLLISION W/MOTOR VEHICLE-TRANSPORT,21,CLEAR,1,DAYLIGHT,1;38;63,FENCE;Ran Off Road-Right,EDMONDSON PKE & ELLINGTON CIR,NASHVILLE,TN,37211,8657,MIDTOW,36.0603,-86.741,POINT (-86.741 36.0603)
20190524054,07/13/2019 03:52:00 AM,2,2,0,,N,879558,11,Front to Rear,21,CLEAR,3,DARK - LIGHTED,12;2;30,MOTOR VEHICLE IN TRANSPORT;UTILITY POLE,MCGAVOCK PKE & MCGAVOCK PKE WB EXT RAMP,NASHVILLE,TN,37214,92880,HERMIT,36.2166,-86.6926,POINT (-86.6926 36.2166)
20190031626,01/13/2019 12:00:00 AM,2,0,0,,N,240981,4,ANGLE,2,RAIN,3,DARK - LIGHTED,12,MOTOR VEHICLE IN TRANSPORT,PORTER RD & PORTER AV,NASHVILLE,TN,37206,1337,EAST,36.1952,-86.7246,POINT (-86.7246 36.1952)
20190502472,07/03/2019 07:13:00 PM,2,0,0,,N,206964,5,SIDESWIPE - SAME DIRECTION,22,CLOUDY,5,DUSK,12,MOTOR VEHICLE IN TRANSPORT,ANTIOCH PKE & GASSER DR,ANTIOCH,TN,37013,8899,SOUTH,36.0781,-86.6829,POINT (-86.6829 36.0781)
20190378244,05/17/2019 01:31:00 PM,2,0,0,,Y,256502,5,SIDESWIPE - SAME DIRECTION,21,CLEAR,1,DAYLIGHT,12,MOTOR VEHICLE IN TRANSPORT,MM 87 7 I 65,NASHVILLE,TN,37207,1804,EAST,36.2114,-86.7757,POINT (-86.7757 36.2114)
20190081119,01/30/2019 08:00:00 PM,1,0,0,Y,N,311338,0,NOT COLLISION W/MOTOR VEHICLE-TRANSPORT,21,CLEAR,3,DARK - LIGHTED,19,BUILDING,0 BRICK CHURCH PKE,NASHVILLE,TN,37207,3021,NORTH,36.2111,-86.7775,POINT (-86.7775 36.2111)
20190580304,08/04/2019 08:36:00 PM,2,0,0,,Y,110064,4,ANGLE,21,CLEAR,3,DARK - LIGHTED,12,MOTOR VEHICLE IN TRANSPORT,NOLENSVILLE PKE & PATTERSON ST,NASHVILLE,TN,37211,8427,SOUTH,36.1031,-86.7412,POINT (-86.7412 36.1031)
20190098157,02/05/2019 07:17:00 PM,2,0,0,,N,834813,98,OTHER,21,CLEAR,2,DARK - NOT LIGHTED,12,MOTOR VEHICLE IN TRANSPORT,BRILEY PKWYN & BRILEY PKWY N EXT RAMP,NASHVILLE,TN,37214,9294,HERMIT,36.1977,-86.688,POINT (-86.688 36.1977)
20190320184,04/25/2019 06:01:00 PM,1,0,0,Y,N,887598,0,NOT COLLISION W/MOTOR VEHICLE-TRANSPORT,22,CLOUDY,1,DAYLIGHT,30,UTILITY POLE,GALLATIN AV & DOUGLAS AV,NASHVILLE,TN,37206,1325,EAST,36.193,-86.7442,POINT (-86.7442 36.193)
20190276464,04/10/2019 05:25:00 PM,2,1,0,,N,197047,11,Front to Rear,21,CLEAR,1,DAYLIGHT,12,MOTOR VEHICLE IN TRANSPORT,GALLATIN AV & GRANADA AV,NASHVILLE,TN,37206,1319,EAST,36.1882,-86.7465,POINT (-86.7465 36.1882)
20190475846,06/23/2019 10:35:00 PM,1,0,0,,N,320598,0,NOT COLLISION W/MOTOR VEHICLE-TRANSPORT,2,RAIN,3,DARK - LIGHTED,24;36,GUARDRAIL FACE;CONCRETE TRAFFIC BARRIER,MM 77 0 I 65,NASHVILLE,TN,37220,86042,MIDTOW,36.0708,-86.7697,POINT (-86.7697 36.0708)
20190529264,07/15/2019 02:20:00 PM,2,0,0,,Y,109536,11,Front to Rear,21,CLEAR,1,DAYLIGHT,12,MOTOR VEHICLE IN TRANSPORT,SKYLINE MEMORIAL CT & DICKERSON PKE,MADISON,TN,37115,2009,MADISO,36.2439,-86.7566,POINT (-86.7566 36.2439)
20190541790,07/20/2019 04:25:00 AM,2,0,0,,Y,110090,4,ANGLE,21,CLEAR,3,DARK - LIGHTED,12,MOTOR VEHICLE IN TRANSPORT,MURFREESBORO PKE & MOUNTAIN SPRINGS RD,ANTIOCH,TN,37013,8927,SOUTH,36.0478,-86.6121,POINT (-86.6121 36.0478)
20190534496,07/17/2019 12:55:00 PM,3,0,0,,N,462494,11,Front to Rear,22,CLOUDY,1,DAYLIGHT,12,MOTOR VEHICLE IN TRANSPORT,18TH AVS & WEST END AV,NASHVILLE,TN,37203,5523,MIDTOW,36.153,-86.796,POINT (-86.796 36.153)
20190136142,02/19/2019 03:40:00 PM,2,1,0,,N,279124,5,SIDESWIPE - SAME DIRECTION,2,RAIN,1,DAYLIGHT,12,MOTOR VEHICLE IN TRANSPORT,MM 55 8 I 24,NASHVILLE,TN,37211,88100,SOUTH,36.0854,-86.6996,POINT (-86.6996 36.0854)
20190288125,04/15/2019 06:58:00 AM,2,0,0,,N,279110,11,Front to Rear,21,CLEAR,1,DAYLIGHT,12,MOTOR VEHICLE IN TRANSPORT,MM 55 7 I 24,NASHVILLE,TN,37211,86020,SOUTH,36.086,-86.7002,POINT (-86.7002 36.086)
20190101039,02/06/2019 06:53:00 PM,3,0,0,,Y,306230,11,Front to Rear,2,RAIN,2,DARK - NOT LIGHTED,12,MOTOR VEHICLE IN TRANSPORT,BUCHANAN ST & 11TH AVN,NASHVILLE,TN,37208,4451,NORTH,36.1803,-86.8045,POINT (-86.8045 36.1803)
20190221686,03/21/2019 10:40:00 PM,1,1,0,,N,332215,0,NOT COLLISION W/MOTOR VEHICLE-TRANSPORT,21,CLEAR,3,DARK - LIGHTED,30,UTILITY POLE,HIGHWAY 100 & CHEEKWOOD TER,NASHVILLE,TN,37205,6209,WEST,36.0896,-86.88,POINT (-86.88 36.0896)
20190263598,04/05/2019 07:26:00 PM,2,0,0,,Y,298858,5,SIDESWIPE - SAME DIRECTION,21,CLEAR,3,DARK - LIGHTED,12,MOTOR VEHICLE IN TRANSPORT,MM 49 2 I 24,NASHVILLE,TN,37213,1002,CENTRA,36.1637,-86.7625,POINT (-86.7625 36.1637)
20190349999,05/07/2019 09:32:00 AM,2,0,0,,N,212369,11,Front to Rear,21,CLEAR,1,DAYLIGHT,12,MOTOR VEHICLE IN TRANSPORT,MM 77 3 I 65,NASHVILLE,TN,37220,86042,MIDTOW,36.0758,-86.7677,POINT (-86.7677 36.0758)
20190285897,04/14/2019 07:54:00 AM,1,1,0,Y,N,109527,0,NOT COLLISION W/MOTOR VEHICLE-TRANSPORT,21,CLEAR,1,DAYLIGHT,1;36,CONCRETE TRAFFIC BARRIER,I40 E EXT RAMP & I 40,NASHVILLE,TN,37214,8955,HERMIT,36.155,-86.6271,POINT (-86.6271 36.155)
20190555283,07/25/2019 02:48:00 PM,2,0,0,,N,690942,4,ANGLE,21,CLEAR,1,DAYLIGHT,12,MOTOR VEHICLE IN TRANSPORT,I40 E EXT RAMP & I 40,NASHVILLE,TN,37214,8955,HERMIT,36.155,-86.6271,POINT (-86.6271 36.155)
20190271024,04/08/2019 08:09:00 PM,1,1,0,,N,279211,0,NOT COLLISION W/MOTOR VEHICLE-TRANSPORT,22,CLOUDY,3,DARK - LIGHTED,18,OTHER OBJECT (NOT FIXED),MM 93 3 I 65,MADISON,TN,37115,17062,MADISO,36.2795,-86.7339,POINT (-86.7339 36.2795)
20190577869,08/03/2019 07:20:00 PM,1,0,0,,N,330435,0,NOT COLLISION W/MOTOR VEHICLE-TRANSPORT,2,RAIN,1,DAYLIGHT,7,,I65 S EXT RAMP & I 65,MADISON,TN,37115,20044,MADISO,36.2481,-86.743,POINT (-86.743 36.2481)
20190501363,07/03/2019 10:26:00 AM,2,0,0,,Y,352164,5,SIDESWIPE - SAME DIRECTION,21,CLEAR,1,DAYLIGHT,12,MOTOR VEHICLE IN TRANSPORT,MURPHY RD & PARK CIR,NASHVILLE,TN,37205,5249,WEST,36.1398,-86.8242,POINT (-86.8242 36.1398)
20190302946,04/19/2019 09:18:00 PM,1,1,0,,N,299267,0,NOT COLLISION W/MOTOR VEHICLE-TRANSPORT,2,RAIN,3,DARK - LIGHTED,8,PEDESTRIAN,MM 209 2 I 40,NASHVILLE,TN,37203,5702,MIDTOW,36.1554,-86.7891,POINT (-86.7891 36.1554)
20190096157,02/05/2019 12:00:00 AM,2,0,0,,Y,468097,98,OTHER,99,UNKNOWN,9,UNKNOWN,14,PARKED MOTOR VEHICLE,3510 HILLSBORO PKE,NASHVILLE,TN,37215,6413,MIDTOW,36.1138,-86.8108,POINT (-86.8108 36.1138)
20190083963,01/31/2019 04:46:00 PM,2,1,0,,N,256374,4,ANGLE,21,CLEAR,1,DAYLIGHT,12,MOTOR VEHICLE IN TRANSPORT,BELL RD & CANE RIDGE RD,ANTIOCH,TN,37013,8753,SOUTH,36.0449,-86.6631,POINT (-86.6631 36.0449)
20190194516,03/12/2019 02:51:00 PM,2,0,0,,N,690942,4,ANGLE,21,CLEAR,1,DAYLIGHT,12,MOTOR VEHICLE IN TRANSPORT,BROADWAY & 2ND AVN,NASHVILLE,TN,37201,4093,CENTRA,36.1618,-86.7754,POINT (-86.7754 36.1618)
20190269490,04/08/2019 08:45:00 AM,3,1,0,,N,468030,11,Front to Rear,2,RAIN,1,DAYLIGHT,12,MOTOR VEHICLE IN TRANSPORT,ELLINGTON PKWYS & ELLINGTON PKWYN,NASHVILLE,TN,37207,1995,EAST,36.1758,-86.7666,POINT (-86.7666 36.1758)
20190420312,06/02/2019 08:58:00 AM,2,0,0,,N,630627,4,ANGLE,21,CLEAR,1,DAYLIGHT,12,MOTOR VEHICLE IN TRANSPORT,21ST AVN & HAYES ST,NASHVILLE,TN,37203,5527,MIDTOW,36.1511,-86.8017,POINT (-86.8017 36.1511)
20190160803,02/28/2019 06:58:00 AM,2,0,0,,N,633385,11,Front to Rear,21,CLEAR,1,DAYLIGHT,12,MOTOR VEHICLE IN TRANSPORT,DONELSON PKE & HARDING PL,NASHVILLE,TN,37217,8841,SOUTH,36.0951,-86.6778,POINT (-86.6778 36.0951)
20190453186,06/14/2019 03:25:00 PM,2,0,0,,N,909486,4,ANGLE,21,CLEAR,1,DAYLIGHT,12,MOTOR VEHICLE IN TRANSPORT,OLD HICKORY BLVD & HIGHLAND WAY,NASHVILLE,TN,37211,8651,MIDTOW,36.0398,-86.7409,POINT (-86.7409 36.0398)
20190045625,01/18/2019 01:13:00 AM,2,0,0,,N,220884,5,SIDESWIPE - SAME DIRECTION,2,RAIN,3,DARK - LIGHTED,12,MOTOR VEHICLE IN TRANSPORT,GALLATIN PKES & MOVING CENTER CT,MADISON,TN,37115,1507,MADISO,36.2509,-86.7184,POINT (-86.7184 36.2509)
20190357220,05/09/2019 07:55:00 PM,1,1,0,,N,299266,0,NOT COLLISION W/MOTOR VEHICLE-TRANSPORT,21,CLEAR,2,DARK - NOT LIGHTED,34,DITCH,I24 W EXT RAMP & I24 W EXT RAMP,NASHVILLE,TN,37210,81020,SOUTH,36.1311,-86.727,POINT (-86.727 36.1311)
20190488796,06/28/2019 12:39:00 PM,2,0,0,,Y,769379,4,ANGLE,21,CLEAR,1,DAYLIGHT,14,PARKED MOTOR VEHICLE,HARDING MALL DR & HARDING MALL PVTDR,NASHVILLE,TN,37211,8445,SOUTH,36.0808,-86.7239,POINT (-86.7239 36.0808)
20190260597,04/04/2019 04:28:00 PM,1,0,0,,N,320581,0,NOT COLLISION W/MOTOR VEHICLE-TRANSPORT,22,CLOUDY,1,DAYLIGHT,64;7,Ran Off Road-Left,I40 E ENT RAMP & I 65,NASHVILLE,TN,37208,44040,NORTH,36.1768,-86.8011,POINT (-86.8011 36.1768)
20190108815,02/09/2019 06:12:00 PM,2,1,0,,N,579971,11,Front to Rear,21,CLEAR,3,DARK - LIGHTED,12,MOTOR VEHICLE IN TRANSPORT,MM 60 2 I 24,ANTIOCH,TN,37013,88060,SOUTH,36.038,-86.6467,POINT (-86.6467 36.038)
20190291580,04/16/2019 08:47:00 AM,2,0,0,,N,191578,11,Front to Rear,21,CLEAR,1,DAYLIGHT,12,MOTOR VEHICLE IN TRANSPORT,CENTRAL PKE & LAKESIDE PL,HERMITAGE,TN,37076,9503,HERMIT,36.1756,-86.6154,POINT (-86.6154 36.1756)
20190380616,05/18/2019 12:11:00 PM,2,0,0,,N,212369,2,HEAD-ON,21,CLEAR,1,DAYLIGHT,12,MOTOR VEHICLE IN TRANSPORT,NOLENSVILLE PKE & OLD HICKORY BLVD,NASHVILLE,TN,37211,8717,SOUTH,36.0454,-86.7133,POINT (-86.7133 36.0454)
20190046465,01/18/2019 08:05:00 AM,2,0,0,,N,607052,11,Front to Rear,99,UNKNOWN,1,DAYLIGHT,12,MOTOR VEHICLE IN TRANSPORT,W TRINITY LN & WHITES CREEK PKE,NASHVILLE,TN,37207,3009,NORTH,36.207,-86.7916,POINT (-86.7916 36.207)
20190331493,04/30/2019 08:40:00 AM,2,0,0,,Y,402660,11,Front to Rear,21,CLEAR,1,DAYLIGHT,12,MOTOR VEHICLE IN TRANSPORT,WOODMONT BLVD & HARDING PKE,NASHVILLE,TN,37205,6101,WEST,36.1245,-86.8472,POINT (-86.8472 36.1245)
20190426115,06/04/2019 03:05:00 PM,2,0,0,,Y,256389,5,SIDESWIPE - SAME DIRECTION,21,CLEAR,1,DAYLIGHT,12,MOTOR VEHICLE IN TRANSPORT,MM 209 5 I 40,NASHVILLE,TN,37203,40040,CENTRA,36.1502,-86.7844,POINT (-86.7844 36.1502)
20190010687,01/04/2019 11:25:00 PM,1,0,0,,N,279201,0,NOT COLLISION W/MOTOR VEHICLE-TRANSPORT,2,RAIN,3,DARK - LIGHTED,33,CURB,HERMITAGE AV & FAIRFIELD AV,NASHVILLE,TN,37210,9005,HERMIT,36.1539,-86.7564,POINT (-86.7564 36.1539)
20190208245,03/17/2019 05:43:00 PM,2,0,0,,Y,320599,11,Front to Rear,21,CLEAR,1,DAYLIGHT,12,MOTOR VEHICLE IN TRANSPORT,ELM HILL PKE & MCCRORY CREEK RD,NASHVILLE,TN,37214,9413,HERMIT,36.1437,-86.6553,POINT (-86.6553 36.1437)
20190254537,04/02/2019 05:15:00 PM,2,0,0,,Y,256427,5,SIDESWIPE - SAME DIRECTION,21,CLEAR,1,DAYLIGHT,12,MOTOR VEHICLE IN TRANSPORT,MM 210 3 I 40,NASHVILLE,TN,37203,80021,MIDTOW,36.15,-86.7719,POINT (-86.7719 36.15)
20190095272,02/04/2019 11:52:00 PM,2,0,0,,N,330420,5,SIDESWIPE - SAME DIRECTION,21,CLEAR,3,DARK - LIGHTED,12,MOTOR VEHICLE IN TRANSPORT,MURFREESBORO PKE & MT VIEW RD,ANTIOCH,TN,37013,8927,SOUTH,36.0522,-86.6401,POINT (-86.6401 36.0522)
20190554819,07/25/2019 10:30:00 AM,2,0,0,,N,429205,11,Front to Rear,21,CLEAR,1,DAYLIGHT,12,MOTOR VEHICLE IN TRANSPORT,3RD AVS & BROADWAY,NASHVILLE,TN,37201,4105,CENTRA,36.1615,-86.776,POINT (-86.776 36.1615)
20190049580,01/19/2019 04:43:00 PM,2,1,0,,N,449286,11,Front to Rear,2,RAIN,1,DAYLIGHT,12,MOTOR VEHICLE IN TRANSPORT,CLARKSVILLE PKE & W HAMILTON AV,NASHVILLE,TN,37218,3103,NORTH,36.2072,-86.8399,POINT (-86.8399 36.2072)
20190061925,01/24/2019 07:10:00 AM,1,2,0,,N,279206,0,NOT COLLISION W/MOTOR VEHICLE-TRANSPORT,22,CLOUDY,1,DAYLIGHT,42,TREE,ELM HILL PKE & BELL RD,NASHVILLE,TN,37214,8995,HERMIT,36.1412,-86.6284,POINT (-86.6284 36.1412)
20190144188,02/22/2019 07:15:00 AM,2,1,0,,N,676834,4,ANGLE,2,RAIN,1,DAYLIGHT,12,MOTOR VEHICLE IN TRANSPORT,MM 85 4 I 65,NASHVILLE,TN,37208,43042,NORTH,36.1875,-86.7947,POINT (-86.7947 36.1875)
20190123537,02/14/2019 06:17:00 PM,2,0,0,,N,909486,2,HEAD-ON,21,CLEAR,2,DARK - NOT LIGHTED,12,MOTOR VEHICLE IN TRANSPORT,HARLIN DR & MORTON AV,NASHVILLE,TN,37211,8521,MIDTOW,36.1046,-86.749,POINT (-86.749 36.1046)
20190205798,03/16/2019 01:44:00 PM,2,0,0,,Y,299243,2,HEAD-ON,21,CLEAR,1,DAYLIGHT,12,MOTOR VEHICLE IN TRANSPORT,ROSA L PARKS BLVD & HARRISON ST,NASHVILLE,TN,37208,4219,CENTRA,36.1685,-86.7883,POINT (-86.7883 36.1685)
20190073589,01/28/2019 12:00:00 AM,2,0,0,,Y,298868,11,Front to Rear,22,CLOUDY,1,DAYLIGHT,12,MOTOR VEHICLE IN TRANSPORT,CHARLOTTE PKE & CABOT DR,NASHVILLE,TN,37209,4677,WEST,36.2336,-86.7283,POINT (-86.7283 36.2336)
20190362039,05/11/2019 05:34:00 PM,2,2,0,,N,299266,11,Front to Rear,21,CLEAR,1,DAYLIGHT,12,MOTOR VEHICLE IN TRANSPORT,RANSOM PL & MURFREESBORO PKE,NASHVILLE,TN,37217,8853,SOUTH,36.0694,-86.6409,POINT (-86.6409 36.0694)
20190432070,06/06/2019 12:00:00 AM,2,0,0,,Y,311333,4,ANGLE,22,CLOUDY,1,DAYLIGHT,12,MOTOR VEHICLE IN TRANSPORT,HICKORY HOLLOW PKWY & HICKORY HOLLOW LN,ANTIOCH,TN,37013,8863,SOUTH,36.0465,-86.6546,POINT (-86.6546 36.0465)
20190461943,06/18/2019 10:30:00 AM,2,0,0,,N,693093,5,SIDESWIPE - SAME DIRECTION,22,CLOUDY,1,DAYLIGHT,12,MOTOR VEHICLE IN TRANSPORT,GALLATIN PKEN & DULING AV,MADISON,TN,37115,1763,MADISO,36.2664,-86.711,POINT (-86.711 36.2664)
20190244571,03/29/2019 06:29:00 PM,2,0,0,,N,151132,2,HEAD-ON,22,CLOUDY,5,DUSK,12,MOTOR VEHICLE IN TRANSPORT,GALLATIN PKES & MAPLE ST,MADISON,TN,37115,1607,MADISO,36.2617,-86.7124,POINT (-86.7124 36.2617)
20190544498,07/21/2019 12:55:00 PM,1,1,0,,N,156307,0,NOT COLLISION W/MOTOR VEHICLE-TRANSPORT,2,RAIN,1,DAYLIGHT,36,CONCRETE TRAFFIC BARRIER,MM 205 2 I 40,NASHVILLE,TN,37209,52027,WEST,36.154,-86.835,POINT (-86.835 36.154)
20190146596,02/23/2019 01:55:00 AM,2,1,0,,N,330444,11,Front to Rear,2,RAIN,3,DARK - LIGHTED,12,MOTOR VEHICLE IN TRANSPORT,MM 55 4 I 24,NASHVILLE,TN,37211,8812,SOUTH,36.0901,-86.7031,POINT (-86.7031 36.0901)
20190313738,04/23/2019 05:02:00 PM,2,1,0,,N,580819,11,Front to Rear,21,CLEAR,1,DAYLIGHT,12,MOTOR VEHICLE IN TRANSPORT,I40 E EXT RAMP & I 40,NASHVILLE,TN,37214,8955,HERMIT,36.155,-86.6271,POINT (-86.6271 36.155)
20190390326,05/22/2019 06:20:00 AM,2,1,0,,N,676828,6,SIDESWIPE - OPPOSITE DIRECTION,21,CLEAR,1,DAYLIGHT,12,MOTOR VEHICLE IN TRANSPORT,NATCHEZ TRC & BLAKEMORE AV,NASHVILLE,TN,37212,5811,MIDTOW,36.1388,-86.8109,POINT (-86.8109 36.1388)
20190449748,06/13/2019 12:49:00 PM,2,0,0,,N,834798,4,ANGLE,21,CLEAR,1,DAYLIGHT,12,MOTOR VEHICLE IN TRANSPORT,PORTLAND AV & 21ST AVS,NASHVILLE,TN,37212,6607,MIDTOW,36.1332,-86.8013,POINT (-86.8013 36.1332)
20190389235,05/21/2019 07:13:00 PM,2,0,0,,N,256383,11,Front to Rear,21,CLEAR,3,DARK - LIGHTED,12,MOTOR VEHICLE IN TRANSPORT,MM 55 7 I 24,NASHVILLE,TN,37211,86020,SOUTH,36.086,-86.7002,POINT (-86.7002 36.086)
20190377596,05/17/2019 08:25:00 AM,1,0,0,Y,Y,665896,0,NOT COLLISION W/MOTOR VEHICLE-TRANSPORT,21,CLEAR,1,DAYLIGHT,31;43,"OTHER POST, POLE, SUPP.;OTHER FIXED OBJECTS",700 DICKERSON PKE,NASHVILLE,TN,37207,1953,EAST,36.1832,-86.7739,POINT (-86.7739 36.1832)
20190177462,03/06/2019 08:45:00 AM,2,1,0,,N,225773,11,Front to Rear,21,CLEAR,1,DAYLIGHT,12,MOTOR VEHICLE IN TRANSPORT,MM 80 1 I 65,NASHVILLE,TN,37204,7018,MIDTOW,36.1151,-86.773,POINT (-86.773 36.1151)