Accident Number,Date and Time,Number of Motor Vehicles,Number of Injuries,Number of Fatalities,Property Damage,Hit and Run,Reporting Officer,Collision Type Code,Collision Type Description,Weather Code,Weather Description,Illumination Code,Illumination Description,Harmful Code,Harmful Code Description,Street Address,City,State,ZIP,RPA,Precinct,Latitude,Longitude,Mapped Location
20190205703,03/16/2019 01:59:00 PM,2,0,0,,N,320586,4,ANGLE,21,CLEAR,1,DAYLIGHT,12,MOTOR VEHICLE IN TRANSPORT,NOLENSVILLE PKE & LUTIE ST,NASHVILLE,TN,37210,8319,SOUTH,36.1178,-86.7487,POINT (-86.7487 36.1178)
20190122248,02/14/2019 10:55:00 AM,2,0,0,,Y,226136,3,REAR-TO-REAR,22,CLOUDY,1,DAYLIGHT,12;14,MOTOR VEHICLE IN TRANSPORT;PARKED MOTOR VEHICLE,8TH AVS & SOUTH DOUGLAS AV,NASHVILLE,TN,37204,6945,MIDTOW,36.1312,-86.7788,POINT (-86.7788 36.1312)
20190393451,05/23/2019 06:05:00 AM,2,1,0,,N,224437,5,SIDESWIPE - SAME DIRECTION,21,CLEAR,1,DAYLIGHT,12;32;39,MOTOR VEHICLE IN TRANSPORT;CULVERT;WALL,MM 53 6 I 24,NASHVILLE,TN,37211,83021,SOUTH,36.1114,-86.7229,POINT (-86.7229 36.1114)
20190525159,07/13/2019 05:22:00 PM,1,0,0,Y,N,405418,0,NOT COLLISION W/MOTOR VEHICLE-TRANSPORT,22,CLOUDY,1,DAYLIGHT,31;39;41,"OTHER POST, POLE, SUPP.;WALL;SHRUBBERY",SADDLEWOOD LN & BLOOMFIELD WAY,BRENTWOOD,TN,37027,8623,MIDTOW,36.0259,-86.7586,POINT (-86.7586 36.0259)
20190100432,02/06/2019 01:55:00 PM,2,1,0,,N,212369,4,ANGLE,2,RAIN,1,DAYLIGHT,12,MOTOR VEHICLE IN TRANSPORT,THOMPSON LN & SEABOARD DR,NASHVILLE,TN,37211,8521,MIDTOW,36.1112,-86.7497,POINT (-86.7497 36.1112)
20190422683,06/03/2019 11:10:00 AM,1,0,0,,N,352186,0,NOT COLLISION W/MOTOR VEHICLE-TRANSPORT,21,CLEAR,1,DAYLIGHT,4,,MM 36 9 I 24,WHITES CREEK,TN,37189,33180,NORTH,36.3167,-86.8347,POINT (-86.8347 36.3167)
20190296419,04/17/2019 05:07:00 PM,2,0,0,,N,256383,11,Front to Rear,21,CLEAR,1,DAYLIGHT,12,MOTOR VEHICLE IN TRANSPORT,MM 53 1 I 24,NASHVILLE,TN,37210,88142,SOUTH,36.1172,-86.7256,POINT (-86.7256 36.1172)
20190460803,06/17/2019 11:45:00 PM,1,0,0,,N,240964,0,NOT COLLISION W/MOTOR VEHICLE-TRANSPORT,2,RAIN,2,DARK - NOT LIGHTED,36,CONCRETE TRAFFIC BARRIER,I40 E EXT RAMP & I 40,NASHVILLE,TN,37214,8955,HERMIT,36.155,-86.6271,POINT (-86.6271 36.155)
20190314114,04/23/2019 04:30:00 PM,2,0,0,,Y,256374,11,Front to Rear,21,CLEAR,1,DAYLIGHT,12,MOTOR VEHICLE IN TRANSPORT,BELL RD & BROOK VIEW ESTATES DR,ANTIOCH,TN,37013,8755,SOUTH,36.0439,-86.6933,POINT (-86.6933 36.0439)
20190476610,06/24/2019 06:37:00 AM,1,0,0,,N,405447,0,NOT COLLISION W/MOTOR VEHICLE-TRANSPORT,2,RAIN,1,DAYLIGHT,24,GUARDRAIL FACE,MM 77 2 I 65,NASHVILLE,TN,37220,86042,MIDTOW,36.0734,-86.7691,POINT (-86.7691 36.0734)
20190378801,05/17/2019 05:14:00 PM,2,0,0,,N,330412,4,ANGLE,21,CLEAR,1,DAYLIGHT,12,MOTOR VEHICLE IN TRANSPORT,DICKERSON PKE & TUCKAHOE DR,MADISON,TN,37115,2019,MADISO,36.2604,-86.7577,POINT (-86.7577 36.2604)
20190292220,04/16/2019 01:04:00 PM,2,0,0,,N,462474,11,Front to Rear,21,CLEAR,1,DAYLIGHT,12,MOTOR VEHICLE IN TRANSPORT,OLD HICKORY BLVD & I65 S EXT RAMP,NASHVILLE,TN,37220,7111,MIDTOW,36.0377,-86.7848,POINT (-86.7848 36.0377)
20190438891,06/09/2019 12:00:00 AM,2,0,0,,N,298877,11,Front to Rear,21,CLEAR,1,DAYLIGHT,12,MOTOR VEHICLE IN TRANSPORT,HARDING PL & NOLENSVILLE PKE,NASHVILLE,TN,37211,8705,SOUTH,36.0797,-86.7261,POINT (-86.7261 36.0797)
20190302068,04/19/2019 12:52:00 PM,2,0,0,,N,716886,5,SIDESWIPE - SAME DIRECTION,2,RAIN,1,DAYLIGHT,12,MOTOR VEHICLE IN TRANSPORT,4TH AVS & CARNEY ST,NASHVILLE,TN,37210,8127,SOUTH,36.1388,-86.7625,POINT (-86.7625 36.1388)
20190432743,06/06/2019 08:45:00 PM,2,0,0,,N,212322,4,ANGLE,2,RAIN,3,DARK - LIGHTED,12,MOTOR VEHICLE IN TRANSPORT,PEBBLE CREEK DR & UNA ANTIOCH PKE,ANTIOCH,TN,37013,8861,SOUTH,36.0741,-86.6633,POINT (-86.6633 36.0741)
20190568158,07/31/2019 01:20:00 AM,1,1,0,Y,N,212336,0,NOT COLLISION W/MOTOR VEHICLE-TRANSPORT,21,CLEAR,3,DARK - LIGHTED,30,UTILITY POLE,GALLATIN AV & STRATTON AV,NASHVILLE,TN,37206,1243,EAST,36.1824,-86.749,POINT (-86.749 36.1824)
20190024159,01/10/2019 06:50:00 AM,2,0,0,,N,191578,5,SIDESWIPE - SAME DIRECTION,21,CLEAR,1,DAYLIGHT,12,MOTOR VEHICLE IN TRANSPORT,I40 W ENT RAMP & I 40,NASHVILLE,TN,37210,9007,HERMIT,36.1484,-86.7454,POINT (-86.7454 36.1484)
20190359108,05/10/2019 12:11:00 PM,2,2,0,,N,224437,11,Front to Rear,21,CLEAR,1,DAYLIGHT,12,MOTOR VEHICLE IN TRANSPORT,3RD AVS & ASH ST,NASHVILLE,TN,37210,4005,CENTRA,36.1528,-86.7706,POINT (-86.7706 36.1528)
20190511734,07/08/2019 07:20:00 AM,2,1,0,,Y,320586,11,Front to Rear,21,CLEAR,1,DAYLIGHT,12,MOTOR VEHICLE IN TRANSPORT,MM 55 0 I 24,NASHVILLE,TN,37211,8812,SOUTH,36.0948,-86.7069,POINT (-86.7069 36.0948)
20190387785,05/21/2019 11:03:00 AM,2,1,0,,N,716886,5,SIDESWIPE - SAME DIRECTION,21,CLEAR,1,DAYLIGHT,14,PARKED MOTOR VEHICLE,ELYSIAN FIELDS RD & SAM BONEY DR,NASHVILLE,TN,37211,8415,SOUTH,36.0866,-86.7278,POINT (-86.7278 36.0866)
20190295105,04/17/2019 08:20:00 AM,2,0,0,,N,191578,4,ANGLE,21,CLEAR,1,DAYLIGHT,12,MOTOR VEHICLE IN TRANSPORT,MURFREESBORO PKE & MCGAVOCK PKE,NASHVILLE,TN,37217,8841,SOUTH,36.1129,-86.689,POINT (-86.689 36.1129)
20190465625,06/19/2019 04:59:00 PM,2,1,0,Y,N,887598,0,NOT COLLISION W/MOTOR VEHICLE-TRANSPORT,21,CLEAR,1,DAYLIGHT,1;18,OTHER OBJECT (NOT FIXED),OLD MATTHEWS RD & MACLAURIN CT,NASHVILLE,TN,37207,3047,NORTH,36.2196,-86.7929,POINT (-86.7929 36.2196)
20190260602,04/04/2019 06:11:00 PM,2,0,0,,N,299266,4,ANGLE,22,CLOUDY,1,DAYLIGHT,12,MOTOR VEHICLE IN TRANSPORT,MURFREESBORO PKE & RURAL HILL RD,ANTIOCH,TN,37013,8861,SOUTH,36.0745,-86.6387,POINT (-86.6387 36.0745)
20190034407,01/14/2019 08:35:00 AM,3,0,0,,N,109534,11,Front to Rear,22,CLOUDY,1,DAYLIGHT,12,MOTOR VEHICLE IN TRANSPORT,MM 211 4 I 40,NASHVILLE,TN,37210,8204,HERMIT,36.1517,-86.7525,POINT (-86.7525 36.1517)
20190169484,03/03/2019 09:48:00 PM,1,0,0,,N,311327,0,NOT COLLISION W/MOTOR VEHICLE-TRANSPORT,21,CLEAR,3,DARK - LIGHTED,30,UTILITY POLE,CAHAL AV & GALLATIN AV,NASHVILLE,TN,37206,1331,EAST,36.1966,-86.7416,POINT (-86.7416 36.1966)
20190453235,06/14/2019 04:45:00 PM,2,0,0,,Y,151132,11,Front to Rear,21,CLEAR,1,DAYLIGHT,12,MOTOR VEHICLE IN TRANSPORT,MM 94 6 I 65,GOODLETTSVILLE,TN,37072,17043,MADISO,36.2941,-86.7181,POINT (-86.7181 36.2941)
20190234202,03/26/2019 09:10:00 AM,2,0,0,,Y,320574,11,Front to Rear,21,CLEAR,1,DAYLIGHT,12,MOTOR VEHICLE IN TRANSPORT,MURFREESBORO PKE & POLK AV,NASHVILLE,TN,37210,8117,SOUTH,36.1424,-86.7432,POINT (-86.7432 36.1424)
20190086503,02/01/2019 12:33:00 PM,2,0,0,,N,226622,11,Front to Rear,22,CLOUDY,1,DAYLIGHT,12,MOTOR VEHICLE IN TRANSPORT,CHARLOTTE PKE & WESTBORO DR,NASHVILLE,TN,37209,5027,WEST,36.1459,-86.871,POINT (-86.871 36.1459)
20190194124,03/12/2019 11:56:00 AM,2,1,0,,N,298878,11,Front to Rear,21,CLEAR,1,DAYLIGHT,12,MOTOR VEHICLE IN TRANSPORT,JEFFERSON ST & ROSA L PARKS BLVD,NASHVILLE,TN,37208,4237,CENTRA,36.1733,-86.7914,POINT (-86.7914 36.1733)
20190049433,01/19/2019 12:50:00 PM,2,1,0,,N,330438,4,ANGLE,2,RAIN,1,DAYLIGHT,12,MOTOR VEHICLE IN TRANSPORT,CENTENNIAL BLVD & 52ND AVN,NASHVILLE,TN,37209,4607,WEST,36.1636,-86.8513,POINT (-86.8513 36.1636)
20190086638,02/01/2019 01:33:00 PM,2,0,0,,N,716886,11,Front to Rear,21,CLEAR,1,DAYLIGHT,12,MOTOR VEHICLE IN TRANSPORT,PARAGON MILLS RD & NOLENSVILLE PKE,NASHVILLE,TN,37211,8421,SOUTH,36.085,-86.7279,POINT (-86.7279 36.085)
20190483676,06/26/2019 02:17:00 PM,2,0,0,,Y,299267,4,ANGLE,21,CLEAR,1,DAYLIGHT,14,PARKED MOTOR VEHICLE,BLAIR BLVD & 21ST AVS,NASHVILLE,TN,37212,5909,MIDTOW,36.1303,-86.802,POINT (-86.802 36.1303)
20190553170,07/24/2019 06:41:00 PM,2,0,0,,N,352161,11,Front to Rear,21,CLEAR,5,DUSK,14,PARKED MOTOR VEHICLE,CHURCH ST & 3RD AVN,NASHVILLE,TN,37201,4137,CENTRA,36.1642,-86.7777,POINT (-86.7777 36.1642)
20190066287,01/25/2019 12:00:00 AM,2,0,0,,Y,256422,9,UNKNOWN,21,CLEAR,1,DAYLIGHT,14,PARKED MOTOR VEHICLE,0 7TH AVN,NASHVILLE,TN,37208,4305,NORTH,36.1747,-86.7908,POINT (-86.7908 36.1747)
20190309227,04/22/2019 01:52:00 PM,2,0,0,,N,191578,16,Rear to Side,21,CLEAR,1,DAYLIGHT,14,PARKED MOTOR VEHICLE,LEBANON PKE & MCGAVOCK PKE,NASHVILLE,TN,37214,9201,HERMIT,36.1694,-86.6799,POINT (-86.6799 36.1694)
20190387259,05/21/2019 07:12:00 AM,2,0,0,,N,716886,11,Front to Rear,21,CLEAR,1,DAYLIGHT,12,MOTOR VEHICLE IN TRANSPORT,WHITTEMORE LN & BURKITT RD,ANTIOCH,TN,37013,8769,SOUTH,35.992,-86.6548,POINT (-86.6548 35.992)
20190122113,02/14/2019 09:59:00 AM,2,0,0,,N,279116,4,ANGLE,22,CLOUDY,1,DAYLIGHT,12,MOTOR VEHICLE IN TRANSPORT,WEST END AV & LOUISE AV,NASHVILLE,TN,37203,5715,MIDTOW,36.1497,-86.8029,POINT (-86.8029 36.1497)
20190532240,07/16/2019 05:44:00 PM,2,0,0,,N,690942,4,ANGLE,21,CLEAR,1,DAYLIGHT,12,MOTOR VEHICLE IN TRANSPORT,4TH AVS & ELM ST,NASHVILLE,TN,37210,4005,CENTRA,36.1533,-86.7722,POINT (-86.7722 36.1533)
20190175037,03/05/2019 03:18:00 PM,2,0,0,,N,345098,0,NOT COLLISION W/MOTOR VEHICLE-TRANSPORT,21,CLEAR,1,DAYLIGHT,18,OTHER OBJECT (NOT FIXED),MM 213 2 I 40,NASHVILLE,TN,37210,82061,HERMIT,36.1399,-86.728,POINT (-86.728 36.1399)
20190286308,04/14/2019 12:38:00 PM,2,0,0,,N,375570,4,ANGLE,21,CLEAR,1,DAYLIGHT,12,MOTOR VEHICLE IN TRANSPORT,GALLATIN PKES & DUE WEST AVW,MADISON,TN,37115,1519,MADISO,36.2475,-86.7207,POINT (-86.7207 36.2475)
20190425086,06/03/2019 09:30:00 PM,1,0,0,,N,320601,0,NOT COLLISION W/MOTOR VEHICLE-TRANSPORT,21,CLEAR,3,DARK - LIGHTED,44,PAVED SURFACE-IRREGULAR,MM 7 2 I 440,NASHVILLE,TN,37210,83043,SOUTH,36.1251,-86.7339,POINT (-86.7339 36.1251)
20190156874,02/26/2019 07:17:00 PM,2,0,0,,N,179583,11,Front to Rear,21,CLEAR,3,DARK - LIGHTED,12,MOTOR VEHICLE IN TRANSPORT,HARDING PL & HUMBER DR,NASHVILLE,TN,37211,8705,SOUTH,36.081,-86.7158,POINT (-86.7158 36.081)
20190549893,07/23/2019 03:55:00 PM,2,0,0,,N,109536,11,Front to Rear,21,CLEAR,1,DAYLIGHT,12,MOTOR VEHICLE IN TRANSPORT,BRILEY PKWY E ENT RAMP & BRILEY PKWY E E,NASHVILLE,TN,37218,3109,NORTH,36.2278,-86.8367,POINT (-86.8367 36.2278)
20190250279,04/01/2019 07:53:00 AM,2,2,0,,N,594473,2,HEAD-ON,21,CLEAR,1,DAYLIGHT,12,MOTOR VEHICLE IN TRANSPORT,LEALAND LN & BATTERY LN,NASHVILLE,TN,37220,7105,MIDTOW,36.0883,-86.791,POINT (-86.791 36.0883)
20190150078,02/24/2019 02:58:00 PM,2,1,0,,N,179583,4,ANGLE,21,CLEAR,1,DAYLIGHT,12,MOTOR VEHICLE IN TRANSPORT,I40 E EXT RAMP & I 40,NASHVILLE,TN,37214,8955,HERMIT,36.155,-86.6271,POINT (-86.6271 36.155)
20190189306,03/10/2019 07:28:00 PM,1,0,0,,N,311327,0,NOT COLLISION W/MOTOR VEHICLE-TRANSPORT,21,CLEAR,3,DARK - LIGHTED,47,FIRE HYDRANT,HANCOCK ST & N 2ND ST,NASHVILLE,TN,37207,1963,EAST,36.1842,-86.7713,POINT (-86.7713 36.1842)
20190383365,05/19/2019 08:20:00 PM,2,1,0,,N,299253,5,SIDESWIPE - SAME DIRECTION,21,CLEAR,3,DARK - LIGHTED,12,MOTOR VEHICLE IN TRANSPORT,DICKERSON PKE & RICHARDSON AV,NASHVILLE,TN,37207,1911,EAST,36.1916,-86.7727,POINT (-86.7727 36.1916)
20190398367,05/24/2019 07:07:00 PM,2,0,0,,N,299267,4,ANGLE,2,RAIN,1,DAYLIGHT,12,MOTOR VEHICLE IN TRANSPORT,VILLAGE WAY & ENGLISH VILLAGE DR,NASHVILLE,TN,37211,8653,MIDTOW,36.0462,-86.7311,POINT (-86.7311 36.0462)
20190368987,05/14/2019 02:10:00 PM,4,3,0,,Y,226136,11,Front to Rear,22,CLOUDY,1,DAYLIGHT,12,MOTOR VEHICLE IN TRANSPORT,MM 85 7 I 65,NASHVILLE,TN,37228,44060,NORTH,36.1906,-86.7899,POINT (-86.7899 36.1906)
20190223174,03/22/2019 10:10:00 AM,2,0,0,Y,Y,191578,2,HEAD-ON,21,CLEAR,1,DAYLIGHT,12,MOTOR VEHICLE IN TRANSPORT,CASTLEGATE DR & SMITH SPRINGS RD,NASHVILLE,TN,37217,8929,HERMIT,36.0892,-86.6148,POINT (-86.6148 36.0892)
20190496153,07/01/2019 04:50:00 PM,1,1,0,,N,298868,0,NOT COLLISION W/MOTOR VEHICLE-TRANSPORT,21,CLEAR,1,DAYLIGHT,5,,MORROW RD & TREATY OAKS LN,NASHVILLE,TN,37209,4613,WEST,36.1616,-86.8598,POINT (-86.8598 36.1616)
20190205164,03/16/2019 06:44:00 AM,1,1,0,Y,N,693102,0,NOT COLLISION W/MOTOR VEHICLE-TRANSPORT,21,CLEAR,4,DAWN,29;33,LUMINAIRE/LIGHT SUPPORT;CURB,DONELSON PKE & DONELSON PKES,NASHVILLE,TN,37214,8953,HERMIT,36.136,-86.6636,POINT (-86.6636 36.136)
20190394209,05/23/2019 11:53:00 AM,1,1,0,,N,572251,0,NOT COLLISION W/MOTOR VEHICLE-TRANSPORT,21,CLEAR,1,DAYLIGHT,31,"OTHER POST, POLE, SUPP.",OLD TIME VILLAGE PVTDR & GALLATIN PKEN,MADISON,TN,37115,1763,MADISO,36.2644,-86.7118,POINT (-86.7118 36.2644)
20190325321,04/27/2019 07:39:00 PM,1,1,0,,N,209184,0,NOT COLLISION W/MOTOR VEHICLE-TRANSPORT,21,CLEAR,3,DARK - LIGHTED,8,PEDESTRIAN,OLD HICKORY BLVD & PETTUS RD,ANTIOCH,TN,37013,8767,SOUTH,36.0109,-86.6654,POINT (-86.6654 36.0109)
20190000168,01/01/2019 12:50:00 AM,2,0,0,,N,320598,4,ANGLE,21,CLEAR,3,DARK - LIGHTED,12,MOTOR VEHICLE IN TRANSPORT,WEDGEWOOD AV & HILLSIDE AV,NASHVILLE,TN,37203,6915,MIDTOW,36.1347,-86.784,POINT (-86.784 36.1347)
20190055189,01/22/2019 12:01:00 AM,2,0,0,,N,110090,2,HEAD-ON,21,CLEAR,3,DARK - LIGHTED,12;14,MOTOR VEHICLE IN TRANSPORT;PARKED MOTOR VEHICLE,I24 W EXT RAMP & I 24,NASHVILLE,TN,37211,8829,SOUTH,36.1074,-86.7197,POINT (-86.7197 36.1074)
20190276587,04/10/2019 06:11:00 PM,2,0,0,,N,279211,4,ANGLE,21,CLEAR,1,DAYLIGHT,12,MOTOR VEHICLE IN TRANSPORT,DICKERSON PKE & DICKERSON PKE ENT RAMP,MADISON,TN,37115,2009,MADISO,36.242,-86.7571,POINT (-86.7571 36.242)
20190220216,03/21/2019 11:40:00 AM,2,1,0,,N,665896,4,ANGLE,21,CLEAR,1,DAYLIGHT,12,MOTOR VEHICLE IN TRANSPORT,100 DICKERSON PKE,NASHVILLE,TN,37207,1863,EAST,36.2057,-86.7689,POINT (-86.7689 36.2057)
20190320753,04/25/2019 12:00:00 AM,1,0,0,Y,Y,320578,0,NOT COLLISION W/MOTOR VEHICLE-TRANSPORT,2,RAIN,3,DARK - LIGHTED,40,MAIL BOX,TERRAGON TRL & VOLUNTEER DR,ANTIOCH,TN,37013,8897,SOUTH,36.0725,-86.67,POINT (-86.67 36.0725)
20190483701,06/26/2019 05:23:00 PM,2,0,0,,Y,256426,5,SIDESWIPE - SAME DIRECTION,21,CLEAR,1,DAYLIGHT,12,MOTOR VEHICLE IN TRANSPORT,MM 47 1 I 24,NASHVILLE,TN,37207,1904,CENTRA,36.187,-86.776,POINT (-86.776 36.187)
20190301842,04/19/2019 11:15:00 AM,2,0,0,,Y,330427,11,Front to Rear,2,RAIN,1,DAYLIGHT,12,MOTOR VEHICLE IN TRANSPORT,WELCH RD & TRAVIS DR,NASHVILLE,TN,37211,8445,SOUTH,36.0832,-86.7246,POINT (-86.7246 36.0832)
20190388852,05/21/2019 12:00:00 AM,2,0,0,,N,298868,5,SIDESWIPE - SAME DIRECTION,21,CLEAR,1,DAYLIGHT,12,MOTOR VEHICLE IN TRANSPORT,BRILEY PKWY S ENT RAMP & BRILEY PKWYS,NASHVILLE,TN,37217,8811,SOUTH,36.1182,-86.7017,POINT (-86.7017 36.1182)
20190254285,04/02/2019 03:26:00 PM,2,0,0,,Y,256380,4,ANGLE,21,CLEAR,1,DAYLIGHT,12,MOTOR VEHICLE IN TRANSPORT,MM 37 6 I 24,WHITES CREEK,TN,37189,33181,NORTH,36.3105,-86.8277,POINT (-86.8277 36.3105)
20190100649,02/06/2019 03:33:00 PM,2,0,0,,N,256422,5,SIDESWIPE - SAME DIRECTION,2,RAIN,1,DAYLIGHT,12,MOTOR VEHICLE IN TRANSPORT,MM 208 8 I 40,NASHVILLE,TN,37203,4102,CENTRA,36.1597,-86.7923,POINT (-86.7923 36.1597)
20190580384,08/05/2019 12:00:00 AM,2,0,0,,Y,299248,11,Front to Rear,21,CLEAR,3,DARK - LIGHTED,12,MOTOR VEHICLE IN TRANSPORT,MM 6 6 I 440,NASHVILLE,TN,37210,81040,SOUTH,36.1243,-86.7447,POINT (-86.7447 36.1243)
20190191493,03/11/2019 12:00:00 AM,2,0,0,,Y,320580,5,SIDESWIPE - SAME DIRECTION,21,CLEAR,1,DAYLIGHT,12,MOTOR VEHICLE IN TRANSPORT,BRILEY PKWYN & BRILEY PKWYS,NASHVILLE,TN,37211,8404,SOUTH,36.1092,-86.727,POINT (-86.727 36.1092)
20190302603,04/19/2019 06:27:00 PM,1,0,0,,N,151132,0,NOT COLLISION W/MOTOR VEHICLE-TRANSPORT,2,RAIN,1,DAYLIGHT,42;63,TREE;Ran Off Road-Right,CUDE LN & RIVERGATE BUSINESS CENTER PVTD,MADISON,TN,37115,1731,MADISO,36.2978,-86.6944,POINT (-86.6944 36.2978)
20190217613,03/20/2019 04:41:00 PM,3,0,0,,N,212330,11,Front to Rear,21,CLEAR,1,DAYLIGHT,12,MOTOR VEHICLE IN TRANSPORT,NOLENSVILLE PKE & HARDING PL,NASHVILLE,TN,37211,8445,SOUTH,36.0809,-86.7267,POINT (-86.7267 36.0809)
20190489101,06/28/2019 12:00:00 AM,3,0,0,,N,298868,11,Front to Rear,21,CLEAR,1,DAYLIGHT,12,MOTOR VEHICLE IN TRANSPORT,CHARLOTTE AV & 52ND AVN,NASHVILLE,TN,37209,5123,WEST,36.1519,-86.8495,POINT (-86.8495 36.1519)
20190570516,07/31/2019 09:12:00 PM,2,1,0,,Y,151132,4,ANGLE,22,CLOUDY,3,DARK - LIGHTED,12,MOTOR VEHICLE IN TRANSPORT,STATE RT 45 & RIO VISTA DR,MADISON,TN,37115,1705,MADISO,36.2628,-86.681,POINT (-86.681 36.2628)
20190557652,07/26/2019 12:51:00 PM,2,1,0,,N,320586,4,ANGLE,21,CLEAR,1,DAYLIGHT,12,MOTOR VEHICLE IN TRANSPORT,MURFREESBORO PKE & TOWN PARK DR,NASHVILLE,TN,37217,8947,HERMIT,36.1031,-86.6662,POINT (-86.6662 36.1031)
20190248675,03/31/2019 04:55:00 PM,2,1,0,,N,298861,5,SIDESWIPE - SAME DIRECTION,21,CLEAR,1,DAYLIGHT,12,MOTOR VEHICLE IN TRANSPORT,MM 212 0 I 40,NASHVILLE,TN,37210,90041,HERMIT,36.147,-86.7433,POINT (-86.7433 36.147)
20190480566,06/25/2019 04:34:00 PM,2,0,0,,N,309262,5,SIDESWIPE - SAME DIRECTION,21,CLEAR,1,DAYLIGHT,12,MOTOR VEHICLE IN TRANSPORT,RIVERGATE PKWY & GALLATIN PKEN,MADISON,TN,37115,1731,MADISO,36.2969,-86.6992,POINT (-86.6992 36.2969)
20190144742,02/22/2019 10:29:00 AM,2,0,0,,N,665896,11,Front to Rear,2,RAIN,1,DAYLIGHT,12,MOTOR VEHICLE IN TRANSPORT,ELLINGTON PKWYS & ELLINGTON PKWYN,NASHVILLE,TN,37207,1995,EAST,36.1758,-86.7666,POINT (-86.7666 36.1758)
20190206263,03/16/2019 06:19:00 PM,2,0,0,,N,320581,4,ANGLE,21,CLEAR,1,DAYLIGHT,12,MOTOR VEHICLE IN TRANSPORT,W HEIMAN ST & ED TEMPLE BLVD,NASHVILLE,TN,37209,4503,NORTH,36.1697,-86.8213,POINT (-86.8213 36.1697)
20190280967,04/12/2019 07:36:00 AM,2,0,0,,N,834798,11,Front to Rear,2,RAIN,1,DAYLIGHT,12,MOTOR VEHICLE IN TRANSPORT,FRANKLIN PKE & CALDWELL LN,NASHVILLE,TN,37204,7011,MIDTOW,36.1059,-86.7728,POINT (-86.7728 36.1059)
20190141572,02/21/2019 10:50:00 AM,1,0,0,Y,N,676834,0,NOT COLLISION W/MOTOR VEHICLE-TRANSPORT,21,CLEAR,1,DAYLIGHT,43,OTHER FIXED OBJECTS,28TH AVN & DELAWARE AV,NASHVILLE,TN,37209,5345,NORTH,36.1562,-86.8188,POINT (-86.8188 36.1562)
20190181174,03/07/2019 12:11:00 PM,2,0,0,,Y,716886,5,SIDESWIPE - SAME DIRECTION,21,CLEAR,1,DAYLIGHT,12,MOTOR VEHICLE IN TRANSPORT,I24 W ENT RAMP & I 24,NASHVILLE,TN,37206,1009,EAST,36.1666,-86.7638,POINT (-86.7638 36.1666)
20190028111,01/11/2019 02:10:00 PM,2,0,0,,N,420040,4,ANGLE,22,CLOUDY,1,DAYLIGHT,12,MOTOR VEHICLE IN TRANSPORT,WEST END AV & ACKLEN PARK DR,NASHVILLE,TN,37203,5627,MIDTOW,36.1409,-86.8174,POINT (-86.8174 36.1409)
20190535216,07/17/2019 05:46:00 PM,2,0,0,,Y,197054,11,Front to Rear,21,CLEAR,1,DAYLIGHT,12,MOTOR VEHICLE IN TRANSPORT,MURFREESBORO PKE & GLENGARRY DR,NASHVILLE,TN,37217,8823,HERMIT,36.1208,-86.7036,POINT (-86.7036 36.1208)
20190097553,02/05/2019 04:42:00 PM,2,1,0,,Y,206676,11,Front to Rear,22,CLOUDY,1,DAYLIGHT,12;24;36,MOTOR VEHICLE IN TRANSPORT;GUARDRAIL FACE;CONCRETE TRAFFIC BARRIER,I24 W ENT RAMP & I 24,NASHVILLE,TN,37206,1009,EAST,36.1666,-86.7638,POINT (-86.7638 36.1666)
20190039508,01/16/2019 12:06:00 AM,2,0,0,Y,Y,197053,2,HEAD-ON,21,CLEAR,3,DARK - LIGHTED,12;40,MOTOR VEHICLE IN TRANSPORT;MAIL BOX,PARK ROYAL LN & MOOREGATE DR,ANTIOCH,TN,37013,8977,SOUTH,36.0697,-86.5926,POINT (-86.5926 36.0697)
20190295719,04/17/2019 12:06:00 PM,2,0,0,,N,212369,4,ANGLE,21,CLEAR,1,DAYLIGHT,14,PARKED MOTOR VEHICLE,WHITFIELD PARK PVTDR & SEVEN MILE CREEK,NASHVILLE,TN,37220,8615,MIDTOW,36.0663,-86.7396,POINT (-86.7396 36.0663)
20190014918,01/07/2019 12:18:00 AM,3,2,0,,N,110064,11,Front to Rear,21,CLEAR,2,DARK - NOT LIGHTED,12,MOTOR VEHICLE IN TRANSPORT,MM 56 6 I 24,NASHVILLE,TN,37211,8810,SOUTH,36.0742,-86.6927,POINT (-86.6927 36.0742)
20190269591,04/08/2019 09:37:00 AM,3,0,0,,Y,109527,5,SIDESWIPE - SAME DIRECTION,22,CLOUDY,1,DAYLIGHT,12,MOTOR VEHICLE IN TRANSPORT,MM 215 8 I 40,NASHVILLE,TN,37217,89020,HERMIT,36.1424,-86.6815,POINT (-86.6815 36.1424)
20190498955,07/02/2019 03:35:00 PM,2,1,0,,N,717341,4,ANGLE,21,CLEAR,1,DAYLIGHT,12,MOTOR VEHICLE IN TRANSPORT,EAST THOMPSON LN & MURFREESBORO PKE,NASHVILLE,TN,37217,8879,SOUTH,36.1267,-86.7111,POINT (-86.7111 36.1267)
20190005010,01/02/2019 10:15:00 PM,2,0,0,,N,206680,5,SIDESWIPE - SAME DIRECTION,2,RAIN,2,DARK - NOT LIGHTED,12,MOTOR VEHICLE IN TRANSPORT,MM 49 1 I 24,NASHVILLE,TN,37206,10040,EAST,36.1647,-86.7634,POINT (-86.7634 36.1647)
20190066503,01/25/2019 06:00:00 PM,2,0,0,,N,298868,5,SIDESWIPE - SAME DIRECTION,21,CLEAR,3,DARK - LIGHTED,12,MOTOR VEHICLE IN TRANSPORT,BOWLING AV & WHITLAND AV,NASHVILLE,TN,37205,6005,WEST,36.1333,-86.8255,POINT (-86.8255 36.1333)