Accident Number,Date and Time,Number of Motor Vehicles,Number of Injuries,Number of Fatalities,Property Damage,Hit and Run,Reporting Officer,Collision Type Code,Collision Type Description,Weather Code,Weather Description,Illumination Code,Illumination Description,Harmful Code,Harmful Code Description,Street Address,City,State,ZIP,RPA,Precinct,Latitude,Longitude,Mapped Location
20190245974,03/30/2019 11:01:00 AM,2,0,0,,N,262757,11,Front to Rear,22,CLOUDY,1,DAYLIGHT,12,MOTOR VEHICLE IN TRANSPORT,DONELSON PKE & LAKELAND DR,NASHVILLE,TN,37214,9119,HERMIT,36.1771,-86.6057,POINT (-86.6057 36.1771)
20190476810,06/24/2019 08:45:00 AM,2,0,0,,N,212325,11,Front to Rear,2,RAIN,1,DAYLIGHT,12,MOTOR VEHICLE IN TRANSPORT,ONE MILE PKWY & E CAMPBELL RD,MADISON,TN,37115,1759,MADISO,36.2797,-86.71,POINT (-86.71 36.2797)
20190158296,02/27/2019 10:25:00 AM,2,0,0,,N,716886,5,SIDESWIPE - SAME DIRECTION,21,CLEAR,1,DAYLIGHT,12,MOTOR VEHICLE IN TRANSPORT,ANTIOCH PKE & MCMILLAN CT,NASHVILLE,TN,37211,8407,SOUTH,36.1009,-86.7288,POINT (-86.7288 36.1009)
20190072741,01/28/2019 08:47:00 AM,2,0,0,,N,716886,6,SIDESWIPE - OPPOSITE DIRECTION,21,CLEAR,1,DAYLIGHT,12,MOTOR VEHICLE IN TRANSPORT,OLD HICKORY BLVD & PETTUS RD,ANTIOCH,TN,37013,8767,SOUTH,36.0109,-86.6654,POINT (-86.6654 36.0109)
20190543159,07/20/2019 09:00:00 PM,2,0,0,,N,212330,4,ANGLE,2,RAIN,3,DARK - LIGHTED,12,MOTOR VEHICLE IN TRANSPORT,MURFREESBORO PKE & MOUNTAIN SPRINGS RD,ANTIOCH,TN,37013,8927,SOUTH,36.0478,-86.6121,POINT (-86.6121 36.0478)
20190009596,01/04/2019 12:43:00 PM,2,0,0,,Y,179602,11,Front to Rear,2,RAIN,1,DAYLIGHT,12,MOTOR VEHICLE IN TRANSPORT,W TRINITY LN & BRICK CHURCH PKE,NASHVILLE,TN,37207,3003,NORTH,36.2066,-86.7779,POINT (-86.7779 36.2066)
20190049967,01/19/2019 07:19:00 PM,2,2,0,Y,N,256424,4,ANGLE,2,RAIN,3,DARK - LIGHTED,12,MOTOR VEHICLE IN TRANSPORT,SMITH SPRINGS RD & CLEARLAKE DRW,NASHVILLE,TN,37217,8929,HERMIT,36.0891,-86.6143,POINT (-86.6143 36.0891)
20190171284,03/04/2019 12:07:00 PM,3,2,0,,N,226136,4,ANGLE,21,CLEAR,1,DAYLIGHT,12,MOTOR VEHICLE IN TRANSPORT,OLD HICKORY BLVD & HIGHLAND WAY,NASHVILLE,TN,37211,8651,MIDTOW,36.0398,-86.7409,POINT (-86.7409 36.0398)
20190222961,03/22/2019 12:00:00 AM,1,0,0,Y,Y,332253,0,NOT COLLISION W/MOTOR VEHICLE-TRANSPORT,99,UNKNOWN,9,UNKNOWN,40,MAIL BOX,BRICK CHURCH PKE & SHAW RD,GOODLETTSVILLE,TN,37072,2109,MADISO,36.3068,-86.7859,POINT (-86.7859 36.3068)
20190446280,06/12/2019 08:08:00 AM,2,0,0,,N,191578,5,SIDESWIPE - SAME DIRECTION,22,CLOUDY,1,DAYLIGHT,12,MOTOR VEHICLE IN TRANSPORT,SPENCE LN & LEBANON PKE,NASHVILLE,TN,37210,9019,HERMIT,36.1537,-86.7216,POINT (-86.7216 36.1537)
20190509919,07/07/2019 05:42:00 AM,2,0,0,,Y,212342,11,Front to Rear,21,CLEAR,1,DAYLIGHT,12,MOTOR VEHICLE IN TRANSPORT,MURFREESBORO PKE & PLUS PARK BLVD,NASHVILLE,TN,37217,8815,HERMIT,36.1337,-86.722,POINT (-86.722 36.1337)
20190373192,05/15/2019 10:43:00 PM,2,0,0,,N,311336,4,ANGLE,21,CLEAR,3,DARK - LIGHTED,12,MOTOR VEHICLE IN TRANSPORT,W TRINITY LN & I65 N ENT RAMP,NASHVILLE,TN,37207,1863,EAST,36.2063,-86.7735,POINT (-86.7735 36.2063)
20190273403,04/09/2019 04:40:00 PM,2,0,0,,N,256424,11,Front to Rear,21,CLEAR,1,DAYLIGHT,12,MOTOR VEHICLE IN TRANSPORT,BELL RD & NED SHELTON RD,NASHVILLE,TN,37217,8987,HERMIT,36.1048,-86.6285,POINT (-86.6285 36.1048)
20190415254,05/31/2019 05:00:00 AM,1,1,0,,N,298859,0,NOT COLLISION W/MOTOR VEHICLE-TRANSPORT,21,CLEAR,1,DAYLIGHT,30,UTILITY POLE,BRILEY PKWYN & BRILEY PKWYS,NASHVILLE,TN,37211,8404,SOUTH,36.1092,-86.727,POINT (-86.727 36.1092)
20190353979,05/08/2019 03:30:00 PM,2,1,0,,N,179606,11,Front to Rear,21,CLEAR,1,DAYLIGHT,12,MOTOR VEHICLE IN TRANSPORT,I440 W ENT RAMP & I 440,NASHVILLE,TN,37211,8043,MIDTOW,36.1238,-86.7516,POINT (-86.7516 36.1238)
20190396701,05/24/2019 06:35:00 AM,2,0,0,,N,352167,11,Front to Rear,21,CLEAR,1,DAYLIGHT,12,MOTOR VEHICLE IN TRANSPORT,CLARKSVILLE PKE & NORTHSIDE STATION PVTD,NASHVILLE,TN,37218,3141,NORTH,36.2113,-86.8389,POINT (-86.8389 36.2113)
20190517071,07/10/2019 11:50:00 AM,2,0,0,,N,676834,4,ANGLE,21,CLEAR,1,DAYLIGHT,12,MOTOR VEHICLE IN TRANSPORT,CLARKSVILLE PKE & ASHLAND CITY HWY,NASHVILLE,TN,37218,3121,NORTH,36.1976,-86.8373,POINT (-86.8373 36.1976)
20190419024,06/01/2019 06:00:00 PM,2,1,0,,N,256427,11,Front to Rear,21,CLEAR,1,DAYLIGHT,12,MOTOR VEHICLE IN TRANSPORT,MM 212 2 I 40,NASHVILLE,TN,37210,90041,HERMIT,36.1458,-86.7414,POINT (-86.7414 36.1458)
20190193555,03/12/2019 08:25:00 AM,2,0,0,,N,676834,4,ANGLE,21,CLEAR,1,DAYLIGHT,12,MOTOR VEHICLE IN TRANSPORT,W HEIMAN ST & ED TEMPLE BLVD,NASHVILLE,TN,37209,4503,NORTH,36.1697,-86.8213,POINT (-86.8213 36.1697)
20190067223,01/25/2019 11:47:00 PM,2,1,0,,Y,909497,6,SIDESWIPE - OPPOSITE DIRECTION,21,CLEAR,2,DARK - NOT LIGHTED,12,MOTOR VEHICLE IN TRANSPORT,BELL RD & LINCOYA BAY DR,NASHVILLE,TN,37214,8995,HERMIT,36.1455,-86.6262,POINT (-86.6262 36.1455)
20190457937,06/16/2019 08:40:00 PM,2,0,0,,Y,330431,11,Front to Rear,21,CLEAR,3,DARK - LIGHTED,12,MOTOR VEHICLE IN TRANSPORT,GARFIELD ST & 9TH AVN,NASHVILLE,TN,37208,4347,NORTH,36.179,-86.7992,POINT (-86.7992 36.179)
20190354771,05/08/2019 11:19:00 PM,2,0,0,,N,299261,5,SIDESWIPE - SAME DIRECTION,21,CLEAR,3,DARK - LIGHTED,12,MOTOR VEHICLE IN TRANSPORT,MM 4 4 I 440,NASHVILLE,TN,37204,7014,MIDTOW,36.1158,-86.7827,POINT (-86.7827 36.1158)
20190163583,03/01/2019 07:48:00 AM,2,0,0,,Y,298864,11,Front to Rear,2,RAIN,1,DAYLIGHT,12,MOTOR VEHICLE IN TRANSPORT,BRICK CHURCH PKE & BRILEY PKWYW,NASHVILLE,TN,37207,2014,MADISO,36.2384,-86.7809,POINT (-86.7809 36.2384)
20190091594,02/03/2019 05:13:00 PM,2,0,0,,N,429193,2,HEAD-ON,21,CLEAR,5,DUSK,12,MOTOR VEHICLE IN TRANSPORT,HWY 70 S & OLD HICKORY BLVD,NASHVILLE,TN,37221,4901,WEST,36.0745,-86.921,POINT (-86.921 36.0745)
20190037751,01/15/2019 10:30:00 AM,2,0,0,,Y,206962,9,UNKNOWN,,,,,14,PARKED MOTOR VEHICLE,THE GALLERY AT RIVERGATE PVTDR & TWIN HI,MADISON,TN,37115,1731,MADISO,36.3014,-86.6927,POINT (-86.6927 36.3014)
20190012424,01/05/2019 07:10:00 PM,4,1,0,,N,579971,11,Front to Rear,21,CLEAR,3,DARK - LIGHTED,12,MOTOR VEHICLE IN TRANSPORT,I24 W EXT RAMP & I 24,NASHVILLE,TN,37211,8829,SOUTH,36.1074,-86.7197,POINT (-86.7197 36.1074)
20190416604,05/31/2019 04:10:00 PM,2,0,0,,N,714641,5,SIDESWIPE - SAME DIRECTION,21,CLEAR,1,DAYLIGHT,14,PARKED MOTOR VEHICLE,BANKERS ALY & 4TH AVN,NASHVILLE,TN,37201,4137,CENTRA,36.1645,-86.7792,POINT (-86.7792 36.1645)
20190434844,06/07/2019 05:30:00 PM,2,0,0,,Y,330428,11,Front to Rear,2,RAIN,1,DAYLIGHT,12,MOTOR VEHICLE IN TRANSPORT,MM 204 9 I 40,NASHVILLE,TN,37209,45020,WEST,36.154,-86.8401,POINT (-86.8401 36.154)
20190531973,07/16/2019 03:24:00 PM,2,2,0,,N,206675,11,Front to Rear,21,CLEAR,1,DAYLIGHT,12,MOTOR VEHICLE IN TRANSPORT,MM 76 5 I 65,NASHVILLE,TN,37220,71040,MIDTOW,36.0639,-86.7716,POINT (-86.7716 36.0639)
20190329218,04/29/2019 02:14:00 PM,2,0,0,,N,311331,6,SIDESWIPE - OPPOSITE DIRECTION,21,CLEAR,1,DAYLIGHT,12,MOTOR VEHICLE IN TRANSPORT,DICKERSON PKE & HOMESTEAD RD,NASHVILLE,TN,37207,1807,EAST,36.2356,-86.7583,POINT (-86.7583 36.2356)
20190391038,05/22/2019 10:43:00 AM,2,0,0,,Y,134899,9,UNKNOWN,21,CLEAR,1,DAYLIGHT,12;14,MOTOR VEHICLE IN TRANSPORT;PARKED MOTOR VEHICLE,OPRY MILLS DR & GAYLORD DR,NASHVILLE,TN,37214,9209,HERMIT,36.1976,-86.6915,POINT (-86.6915 36.1976)
20190486133,06/27/2019 01:43:00 PM,2,0,0,,Y,191578,5,SIDESWIPE - SAME DIRECTION,21,CLEAR,1,DAYLIGHT,12,MOTOR VEHICLE IN TRANSPORT,DABBS CT & DABBS AV,NASHVILLE,TN,37217,8887,HERMIT,36.1417,-86.702,POINT (-86.702 36.1417)
20190041861,01/16/2019 05:15:00 PM,2,0,0,,N,256384,11,Front to Rear,21,CLEAR,1,DAYLIGHT,12,MOTOR VEHICLE IN TRANSPORT,MURFREESBORO PKE & CRUTCHFIELD AV,NASHVILLE,TN,37210,8159,SOUTH,36.138,-86.7299,POINT (-86.7299 36.138)
20190237059,03/27/2019 09:12:00 AM,3,1,0,,N,381709,11,Front to Rear,21,CLEAR,1,DAYLIGHT,12,MOTOR VEHICLE IN TRANSPORT,I24 W ENT RAMP & I 24,NASHVILLE,TN,37206,1009,EAST,36.1666,-86.7638,POINT (-86.7638 36.1666)
20190410580,05/29/2019 03:31:00 PM,2,0,0,,N,151132,5,SIDESWIPE - SAME DIRECTION,21,CLEAR,1,DAYLIGHT,12,MOTOR VEHICLE IN TRANSPORT,MM 90 5 I 65,MADISON,TN,37115,20044,MADISO,36.2427,-86.7493,POINT (-86.7493 36.2427)
20190372903,05/15/2019 05:46:00 PM,2,0,0,,N,633391,5,SIDESWIPE - SAME DIRECTION,21,CLEAR,1,DAYLIGHT,12,MOTOR VEHICLE IN TRANSPORT,TEMPLE RD & HIGHWAY 100,NASHVILLE,TN,37221,4819,WEST,36.0458,-86.9506,POINT (-86.9506 36.0458)
20190028312,01/11/2019 03:52:00 PM,3,0,0,,N,267831,11,Front to Rear,22,CLOUDY,1,DAYLIGHT,12,MOTOR VEHICLE IN TRANSPORT,CHARLOTTE AV & 43RD AVN,NASHVILLE,TN,37209,5219,WEST,36.1523,-86.8389,POINT (-86.8389 36.1523)
20190136821,02/19/2019 12:00:00 AM,1,0,0,,N,279200,0,NOT COLLISION W/MOTOR VEHICLE-TRANSPORT,2,RAIN,3,DARK - LIGHTED,18,OTHER OBJECT (NOT FIXED),LOCKLAYER ST & ROSA L PARKS BLVD,NASHVILLE,TN,37208,4239,NORTH,36.1714,-86.7902,POINT (-86.7902 36.1714)
20190159335,02/27/2019 05:42:00 PM,2,0,0,,N,747556,4,ANGLE,21,CLEAR,1,DAYLIGHT,12,MOTOR VEHICLE IN TRANSPORT,MM 209 4 I 40,NASHVILLE,TN,37203,40041,CENTRA,36.1519,-86.7866,POINT (-86.7866 36.1519)
20190335462,05/01/2019 02:00:00 PM,2,0,0,,Y,807326,5,SIDESWIPE - SAME DIRECTION,21,CLEAR,1,DAYLIGHT,12,MOTOR VEHICLE IN TRANSPORT,HILLSBORO PKE & CRESTMOOR RD,NASHVILLE,TN,37215,6413,MIDTOW,36.1091,-86.8119,POINT (-86.8119 36.1091)
20190467983,06/20/2019 11:44:00 AM,2,0,0,,N,834798,11,Front to Rear,21,CLEAR,1,DAYLIGHT,12,MOTOR VEHICLE IN TRANSPORT,TYNE BLVD & SEWANEE RD,NASHVILLE,TN,37220,7107,MIDTOW,36.0807,-86.7984,POINT (-86.7984 36.0807)
20190014595,01/06/2019 09:12:00 PM,2,1,0,,N,279124,4,ANGLE,21,CLEAR,2,DARK - NOT LIGHTED,12,MOTOR VEHICLE IN TRANSPORT,DOVER GLEN DR & EDGE O LAKE DR,ANTIOCH,TN,37013,8891,SOUTH,36.0756,-86.6478,POINT (-86.6478 36.0756)
20190381808,05/19/2019 01:45:00 AM,1,0,0,,N,179603,0,NOT COLLISION W/MOTOR VEHICLE-TRANSPORT,21,CLEAR,3,DARK - LIGHTED,18,OTHER OBJECT (NOT FIXED),MM 43 9 I 24,NASHVILLE,TN,37207,32240,NORTH,36.2327,-86.7843,POINT (-86.7843 36.2327)
20190021445,01/09/2019 09:03:00 AM,2,0,0,,N,330425,6,SIDESWIPE - OPPOSITE DIRECTION,21,CLEAR,1,DAYLIGHT,12,MOTOR VEHICLE IN TRANSPORT,MURPHY RD & PARK DR,NASHVILLE,TN,37203,5629,MIDTOW,36.1394,-86.8197,POINT (-86.8197 36.1394)
20190369422,05/14/2019 05:12:00 PM,1,1,0,,N,256380,0,NOT COLLISION W/MOTOR VEHICLE-TRANSPORT,21,CLEAR,1,DAYLIGHT,33,CURB,STOKERS LN & OLD BUENA VISTA PIKE,NASHVILLE,TN,37207,3015,NORTH,36.2117,-86.8156,POINT (-86.8156 36.2117)
20190508896,07/06/2019 03:39:00 PM,3,0,0,,N,320585,11,Front to Rear,21,CLEAR,1,DAYLIGHT,12,MOTOR VEHICLE IN TRANSPORT,MCGAVOCK PKE & WINDEMERE CIR,NASHVILLE,TN,37214,9305,HERMIT,36.1816,-86.6778,POINT (-86.6778 36.1816)
20190529109,07/15/2019 01:25:00 PM,2,0,0,,Y,109515,11,Front to Rear,22,CLOUDY,1,DAYLIGHT,12,MOTOR VEHICLE IN TRANSPORT,GALLATIN PKEN & ALTUS AV,MADISON,TN,37115,1721,MADISO,36.2896,-86.7042,POINT (-86.7042 36.2896)
20190109778,02/10/2019 04:50:00 AM,2,0,0,,N,206672,5,SIDESWIPE - SAME DIRECTION,21,CLEAR,3,DARK - LIGHTED,12,MOTOR VEHICLE IN TRANSPORT,BRILEY PKWYW & BRILEY PKWY W EXT RAMP,MADISON,TN,37115,1598,MADISO,36.2346,-86.7177,POINT (-86.7177 36.2346)
20190017132,01/07/2019 06:25:00 PM,2,2,0,,N,717341,4,ANGLE,21,CLEAR,3,DARK - LIGHTED,12,MOTOR VEHICLE IN TRANSPORT,CROSSINGS BLVD & OLD FRANKLIN RD,ANTIOCH,TN,37013,8867,SOUTH,36.0355,-86.6383,POINT (-86.6383 36.0355)
20190130196,02/17/2019 02:30:00 PM,3,1,0,,Y,256412,11,Front to Rear,2,RAIN,1,DAYLIGHT,12,MOTOR VEHICLE IN TRANSPORT,MM 56 7 I 24,NASHVILLE,TN,37211,8810,SOUTH,36.0726,-86.6916,POINT (-86.6916 36.0726)
20190076108,01/29/2019 09:37:00 AM,2,0,0,,N,332253,4,ANGLE,21,CLEAR,1,DAYLIGHT,1;12,MOTOR VEHICLE IN TRANSPORT,CHADWELL DR & S GRAYCROFT AV,MADISON,TN,37115,1779,MADISO,36.2549,-86.733,POINT (-86.733 36.2549)
20190217500,03/20/2019 03:17:00 PM,4,0,0,,N,256379,11,Front to Rear,21,CLEAR,1,DAYLIGHT,12,MOTOR VEHICLE IN TRANSPORT,SOUTHLAKE DR & BRILEY PKWYN,NASHVILLE,TN,37211,8423,SOUTH,36.1095,-86.7281,POINT (-86.7281 36.1095)
20190337425,05/02/2019 09:40:00 AM,1,0,0,Y,Y,375570,0,NOT COLLISION W/MOTOR VEHICLE-TRANSPORT,21,CLEAR,1,DAYLIGHT,40,MAIL BOX,200 BECKLEA DR,MADISON,TN,37115,1711,MADISO,36.2691,-86.6954,POINT (-86.6954 36.2691)
20190514798,07/09/2019 04:04:00 PM,3,0,0,,N,256389,11,Front to Rear,21,CLEAR,1,DAYLIGHT,12,MOTOR VEHICLE IN TRANSPORT,CHARLOTTE AV & 14TH AVN,NASHVILLE,TN,37203,5425,NORTH,36.1605,-86.7942,POINT (-86.7942 36.1605)
20190319789,04/25/2019 03:24:00 PM,2,0,0,,N,109536,4,ANGLE,21,CLEAR,1,DAYLIGHT,12,MOTOR VEHICLE IN TRANSPORT,OLD HICKORY BLVDW & DICKERSON PKE,MADISON,TN,37115,2039,MADISO,36.2692,-86.7556,POINT (-86.7556 36.2692)
20190438711,06/09/2019 12:10:00 PM,2,1,0,,N,799013,4,ANGLE,2,RAIN,1,DAYLIGHT,1;12,MOTOR VEHICLE IN TRANSPORT,MCGAVOCK PKE & PARK DR,NASHVILLE,TN,37214,9307,HERMIT,36.1705,-86.6797,POINT (-86.6797 36.1705)
20190443702,06/11/2019 09:36:00 AM,2,0,0,,N,468030,11,Front to Rear,22,CLOUDY,1,DAYLIGHT,12,MOTOR VEHICLE IN TRANSPORT,SPRING ST & I24 W EXT RAMP,NASHVILLE,TN,37207,1983,EAST,36.1767,-86.7723,POINT (-86.7723 36.1767)
20190062803,01/24/2019 01:26:00 PM,2,0,0,,N,279206,11,Front to Rear,21,CLEAR,1,DAYLIGHT,12,MOTOR VEHICLE IN TRANSPORT,MM 211 8 I 40,NASHVILLE,TN,37210,90022,HERMIT,36.149,-86.7465,POINT (-86.7465 36.149)
20190267191,04/07/2019 07:52:00 AM,2,0,0,,Y,320586,11,Front to Rear,21,CLEAR,1,DAYLIGHT,12;14,MOTOR VEHICLE IN TRANSPORT;PARKED MOTOR VEHICLE,CRESSENT GLEN CT & LEGACY DR,ANTIOCH,TN,37013,8763,SOUTH,36.0084,-86.6501,POINT (-86.6501 36.0084)
20190499417,07/02/2019 07:10:00 PM,2,0,0,,N,342952,4,ANGLE,21,CLEAR,4,DAWN,12,MOTOR VEHICLE IN TRANSPORT,ANTIOCH PKE & FRANKLIN LIMESTONE RD,ANTIOCH,TN,37013,8899,SOUTH,36.0804,-86.6857,POINT (-86.6857 36.0804)
20190235417,03/26/2019 05:27:00 PM,3,0,0,,N,279211,11,Front to Rear,21,CLEAR,1,DAYLIGHT,12,MOTOR VEHICLE IN TRANSPORT,STATE RT 45 & E OLD HICKORY BLVD,MADISON,TN,37115,1635,MADISO,36.2626,-86.6802,POINT (-86.6802 36.2626)
20190319611,04/25/2019 01:07:00 PM,2,0,0,,Y,909494,3,REAR-TO-REAR,22,CLOUDY,1,DAYLIGHT,14,PARKED MOTOR VEHICLE,GALLATIN PKE & OAK ST,NASHVILLE,TN,37216,1445,EAST,36.2162,-86.7293,POINT (-86.7293 36.2162)
20190283171,04/13/2019 12:00:00 AM,1,0,0,Y,Y,279213,0,NOT COLLISION W/MOTOR VEHICLE-TRANSPORT,21,CLEAR,3,DARK - LIGHTED,34,DITCH,BRICK CHURCH PKE & VILLAGE TRL,NASHVILLE,TN,37207,2037,MADISO,36.2618,-86.7576,POINT (-86.7576 36.2618)
20190557876,07/26/2019 03:03:00 PM,2,2,0,,N,256380,4,ANGLE,21,CLEAR,1,DAYLIGHT,12,MOTOR VEHICLE IN TRANSPORT,DUNBAR DR & AUGUSTA DR,NASHVILLE,TN,37207,3025,NORTH,36.2212,-86.8164,POINT (-86.8164 36.2212)
20190480237,06/25/2019 01:40:00 PM,2,0,0,,Y,299264,11,Front to Rear,,,1,DAYLIGHT,12,MOTOR VEHICLE IN TRANSPORT,WEDGEWOOD AV & 21ST AVS,NASHVILLE,TN,37212,5825,MIDTOW,36.1376,-86.8008,POINT (-86.8008 36.1376)
20190515286,07/09/2019 04:00:00 PM,2,0,0,,Y,256374,4,ANGLE,21,CLEAR,1,DAYLIGHT,12,MOTOR VEHICLE IN TRANSPORT,PETTUS RD & OLD BURKITT RD,ANTIOCH,TN,37013,8767,SOUTH,35.9977,-86.6763,POINT (-86.6763 35.9977)
20190226518,03/23/2019 04:10:00 PM,2,0,0,,Y,330416,4,ANGLE,21,CLEAR,1,DAYLIGHT,14,PARKED MOTOR VEHICLE,OCEOLA AV & LENOX AV,NASHVILLE,TN,37209,5033,WEST,36.148,-86.8597,POINT (-86.8597 36.148)
20190435760,06/08/2019 02:14:00 AM,2,0,0,,N,330420,5,SIDESWIPE - SAME DIRECTION,21,CLEAR,3,DARK - LIGHTED,12;24,MOTOR VEHICLE IN TRANSPORT;GUARDRAIL FACE,MM 212 0 I 40,NASHVILLE,TN,37210,90041,HERMIT,36.147,-86.7433,POINT (-86.7433 36.147)
20190576110,08/02/2019 09:00:00 PM,1,0,0,Y,Y,298859,0,NOT COLLISION W/MOTOR VEHICLE-TRANSPORT,22,CLOUDY,2,DARK - NOT LIGHTED,40,MAIL BOX,VULTEE BLVD & SATURN DR,NASHVILLE,TN,37217,8821,HERMIT,36.1246,-86.6992,POINT (-86.6992 36.1246)
20190399798,05/25/2019 07:56:00 AM,2,1,0,,Y,212369,11,Front to Rear,21,CLEAR,1,DAYLIGHT,12,MOTOR VEHICLE IN TRANSPORT,NOLENSVILLE PKE & BREWER DR,NASHVILLE,TN,37211,8715,SOUTH,36.0535,-86.715,POINT (-86.715 36.0535)
20190171813,03/04/2019 03:26:00 PM,2,0,0,,N,580819,4,ANGLE,21,CLEAR,1,DAYLIGHT,12,MOTOR VEHICLE IN TRANSPORT,JAMES ROBERTSON PKWY & MAIN ST,NASHVILLE,TN,37213,1105,CENTRA,36.1713,-86.7694,POINT (-86.7694 36.1713)
20190057194,01/22/2019 04:30:00 PM,2,0,0,,N,256422,4,ANGLE,21,CLEAR,1,DAYLIGHT,12,MOTOR VEHICLE IN TRANSPORT,ROSA L PARKS BLVD & HUME ST,NASHVILLE,TN,37208,4343,NORTH,36.1788,-86.7952,POINT (-86.7952 36.1788)
20190142015,02/21/2019 01:12:00 PM,2,0,0,,N,633385,11,Front to Rear,21,CLEAR,1,DAYLIGHT,12,MOTOR VEHICLE IN TRANSPORT,MURFREESBORO PKE & DONELSON PKE,NASHVILLE,TN,37217,8841,SOUTH,36.1062,-86.6731,POINT (-86.6731 36.1062)
20190107162,02/08/2019 08:47:00 PM,2,0,0,,N,299274,5,SIDESWIPE - SAME DIRECTION,22,CLOUDY,3,DARK - LIGHTED,12,MOTOR VEHICLE IN TRANSPORT,I40 E EXT RAMP & I 40,NASHVILLE,TN,37214,8955,HERMIT,36.155,-86.6271,POINT (-86.6271 36.155)
20190505567,07/05/2019 02:30:00 AM,2,0,0,,Y,240977,4,ANGLE,21,CLEAR,3,DARK - LIGHTED,12,MOTOR VEHICLE IN TRANSPORT,4TH AVS & LAFAYETTE ST,NASHVILLE,TN,37203,4007,CENTRA,36.1515,-86.7711,POINT (-86.7711 36.1515)
20190092450,02/04/2019 12:00:00 AM,1,0,0,,Y,256493,0,NOT COLLISION W/MOTOR VEHICLE-TRANSPORT,21,CLEAR,3,DARK - LIGHTED,72,EMBANKMENT ROCK/STONE/CONCRETE,MURFREESBORO PKE & NASHBORO BLVD,ANTIOCH,TN,37013,8891,SOUTH,36.0869,-86.6487,POINT (-86.6487 36.0869)
20190049286,01/19/2019 10:55:00 AM,2,0,0,,N,628640,11,Front to Rear,22,CLOUDY,1,DAYLIGHT,12,MOTOR VEHICLE IN TRANSPORT,I24E & I24 E ENT RAMP,NASHVILLE,TN,37210,8102,SOUTH,36.1363,-86.727,POINT (-86.727 36.1363)
20190158792,02/27/2019 01:24:00 PM,2,0,0,,N,226136,4,ANGLE,22,CLOUDY,1,DAYLIGHT,12,MOTOR VEHICLE IN TRANSPORT,21ST AVS & PIERCE AV,NASHVILLE,TN,37212,6625,MIDTOW,36.1396,-86.8005,POINT (-86.8005 36.1396)
20190257591,04/03/2019 04:31:00 PM,2,0,0,,N,179606,11,Front to Rear,21,CLEAR,1,DAYLIGHT,12,MOTOR VEHICLE IN TRANSPORT,MM 79 5 I 65,NASHVILLE,TN,37204,70042,MIDTOW,36.106,-86.7678,POINT (-86.7678 36.106)
20190302433,04/19/2019 04:35:00 PM,1,2,0,,N,256380,0,NOT COLLISION W/MOTOR VEHICLE-TRANSPORT,2,RAIN,1,DAYLIGHT,1,,OLD CLARKSVILLE PKE & HARPER RD,JOELTON,TN,37080,3317,NORTH,36.3238,-86.9155,POINT (-86.9155 36.3238)
20190485200,06/27/2019 06:53:00 AM,2,0,0,,N,306231,5,SIDESWIPE - SAME DIRECTION,21,CLEAR,1,DAYLIGHT,12,MOTOR VEHICLE IN TRANSPORT,MM 36 4 I 24,WHITES CREEK,TN,37189,33180,NORTH,36.3184,-86.8433,POINT (-86.8433 36.3184)
20190020077,01/08/2019 07:00:00 PM,2,1,0,,Y,256424,4,ANGLE,21,CLEAR,2,DARK - NOT LIGHTED,12,MOTOR VEHICLE IN TRANSPORT,STEWARTS FERRY PKE & PERCY PRIEST DR,NASHVILLE,TN,37214,8955,HERMIT,36.1539,-86.6256,POINT (-86.6256 36.1539)
20190053872,01/21/2019 12:15:00 PM,2,0,0,,N,109534,5,SIDESWIPE - SAME DIRECTION,21,CLEAR,1,DAYLIGHT,12,MOTOR VEHICLE IN TRANSPORT,MCGAVOCK PKE & MUSIC VALLEY DR,NASHVILLE,TN,37214,9213,HERMIT,36.217,-86.6951,POINT (-86.6951 36.217)
20190266561,04/07/2019 12:24:00 AM,1,0,0,Y,N,110090,0,NOT COLLISION W/MOTOR VEHICLE-TRANSPORT,21,CLEAR,3,DARK - LIGHTED,18;30,OTHER OBJECT (NOT FIXED);UTILITY POLE,ASH GROVE DR & ASHWORTH CIR,NASHVILLE,TN,37211,8717,SOUTH,36.0492,-86.6997,POINT (-86.6997 36.0492)
20190142120,02/21/2019 02:15:00 PM,2,0,0,,N,580819,5,SIDESWIPE - SAME DIRECTION,22,CLOUDY,1,DAYLIGHT,12,MOTOR VEHICLE IN TRANSPORT,4TH AVS & LEA AV,NASHVILLE,TN,37203,4037,CENTRA,36.1547,-86.7731,POINT (-86.7731 36.1547)
20190547598,07/22/2019 07:27:00 PM,2,0,0,,N,240987,5,SIDESWIPE - SAME DIRECTION,21,CLEAR,1,DAYLIGHT,12,MOTOR VEHICLE IN TRANSPORT,ROSEDALE AV & NOLENSVILLE PKE,NASHVILLE,TN,37211,8043,MIDTOW,36.125,-86.7522,POINT (-86.7522 36.125)
20190299000,04/18/2019 12:10:00 PM,2,1,0,,N,676834,5,SIDESWIPE - SAME DIRECTION,21,CLEAR,1,DAYLIGHT,12,MOTOR VEHICLE IN TRANSPORT,5TH AVN & JEFFERSON ST,NASHVILLE,TN,37219,4235,CENTRA,36.1743,-86.7874,POINT (-86.7874 36.1743)
20190316911,04/24/2019 04:37:00 PM,3,3,0,,N,256380,2,HEAD-ON,21,CLEAR,1,DAYLIGHT,12,MOTOR VEHICLE IN TRANSPORT,BEAR HOLLOW RD & BERNARD RD,WHITES CREEK,TN,37189,3347,NORTH,36.2969,-86.8882,POINT (-86.8882 36.2969)