Accident Number,Date and Time,Number of Motor Vehicles,Number of Injuries,Number of Fatalities,Property Damage,Hit and Run,Reporting Officer,Collision Type Code,Collision Type Description,Weather Code,Weather Description,Illumination Code,Illumination Description,Harmful Code,Harmful Code Description,Street Address,City,State,ZIP,RPA,Precinct,Latitude,Longitude,Mapped Location
20190278901,04/11/2019 01:48:00 PM,2,2,0,,N,716886,4,ANGLE,21,CLEAR,1,DAYLIGHT,12,MOTOR VEHICLE IN TRANSPORT,THOMPSON LN & MASHBURN RD,NASHVILLE,TN,37211,8423,SOUTH,36.1097,-86.731,POINT (-86.731 36.1097)
20190136486,02/19/2019 05:56:00 PM,3,0,0,,Y,256383,11,Front to Rear,2,RAIN,2,DARK - NOT LIGHTED,12,MOTOR VEHICLE IN TRANSPORT,NOLENSVILLE PKE & YELTON CT,NASHVILLE,TN,37211,8435,SOUTH,36.0911,-86.7348,POINT (-86.7348 36.0911)
20190183554,03/08/2019 07:36:00 AM,2,0,0,,Y,676834,11,Front to Rear,2,RAIN,1,DAYLIGHT,12,MOTOR VEHICLE IN TRANSPORT,MM 87 2 I 65,NASHVILLE,TN,37207,18020,EAST,36.2054,-86.7764,POINT (-86.7764 36.2054)
20190550714,07/23/2019 10:13:00 PM,2,0,0,,N,256492,4,ANGLE,21,CLEAR,3,DARK - LIGHTED,12,MOTOR VEHICLE IN TRANSPORT,MM 211 5 I 40,NASHVILLE,TN,37210,8204,HERMIT,36.1514,-86.7517,POINT (-86.7517 36.1514)
20190167143,03/02/2019 04:45:00 PM,3,0,0,,N,279214,11,Front to Rear,21,CLEAR,1,DAYLIGHT,12,MOTOR VEHICLE IN TRANSPORT,MM 3 0 I 440,NASHVILLE,TN,37215,6424,MIDTOW,36.1201,-86.8026,POINT (-86.8026 36.1201)
20190452509,06/14/2019 11:01:00 AM,2,0,0,,N,109534,11,Front to Rear,21,CLEAR,1,DAYLIGHT,12,MOTOR VEHICLE IN TRANSPORT,I40 W ENT RAMP & I 40,NASHVILLE,TN,37210,9007,HERMIT,36.1484,-86.7454,POINT (-86.7454 36.1484)
20190150688,02/24/2019 10:20:00 PM,2,1,0,,N,330413,11,Front to Rear,21,CLEAR,3,DARK - LIGHTED,1;12;30,MOTOR VEHICLE IN TRANSPORT;UTILITY POLE,GRANDVIEW AV & WOODBINE ST,NASHVILLE,TN,37211,8343,MIDTOW,36.1163,-86.7493,POINT (-86.7493 36.1163)
20190397729,05/24/2019 02:25:00 PM,2,0,0,,N,197070,11,Front to Rear,21,CLEAR,1,DAYLIGHT,12,MOTOR VEHICLE IN TRANSPORT,14TH AVN & CHARLOTTE AV,NASHVILLE,TN,37203,5425,NORTH,36.161,-86.7937,POINT (-86.7937 36.161)
20190439071,06/09/2019 05:00:00 PM,2,0,0,,N,462501,4,ANGLE,21,CLEAR,1,DAYLIGHT,12,MOTOR VEHICLE IN TRANSPORT,SHELBY AV & I24 E ENT RAMP,NASHVILLE,TN,37213,1007,CENTRA,36.1662,-86.7658,POINT (-86.7658 36.1662)
20190009820,01/04/2019 04:00:00 PM,1,0,0,Y,N,309262,0,NOT COLLISION W/MOTOR VEHICLE-TRANSPORT,22,CLOUDY,1,DAYLIGHT,47,FIRE HYDRANT,E PALESTINE AV & GALLATIN PKES,MADISON,TN,37115,1507,MADISO,36.2491,-86.718,POINT (-86.718 36.2491)
20190022143,01/09/2019 01:30:00 PM,2,0,0,,N,330431,5,SIDESWIPE - SAME DIRECTION,21,CLEAR,1,DAYLIGHT,12,MOTOR VEHICLE IN TRANSPORT,I24 E ENT RAMP & I 24,NASHVILLE,TN,37213,1007,CENTRA,36.1662,-86.7659,POINT (-86.7659 36.1662)
20190296129,04/17/2019 03:29:00 PM,2,2,0,,N,256389,2,HEAD-ON,21,CLEAR,1,DAYLIGHT,12,MOTOR VEHICLE IN TRANSPORT,HARDING PL & DANBY DR,NASHVILLE,TN,37211,8607,MIDTOW,36.0786,-86.7452,POINT (-86.7452 36.0786)
20190396968,05/24/2019 09:00:00 AM,1,0,0,Y,N,320588,0,NOT COLLISION W/MOTOR VEHICLE-TRANSPORT,21,CLEAR,1,DAYLIGHT,39,WALL,DOMINICAN DR & FRENCH LANDING DR,NASHVILLE,TN,37208,4403,NORTH,36.1884,-86.7963,POINT (-86.7963 36.1884)
20190456156,06/15/2019 11:45:00 PM,1,0,0,Y,N,191573,0,NOT COLLISION W/MOTOR VEHICLE-TRANSPORT,21,CLEAR,3,DARK - LIGHTED,19,BUILDING,300 ALMOND ST,NASHVILLE,TN,37201,4053,CENTRA,36.1584,-86.7747,POINT (-86.7747 36.1584)
20190537957,07/18/2019 05:18:00 PM,2,0,0,,N,320603,6,SIDESWIPE - OPPOSITE DIRECTION,21,CLEAR,1,DAYLIGHT,12,MOTOR VEHICLE IN TRANSPORT,WEST MEADE DR & BROOK HOLLOW RD,NASHVILLE,TN,37205,4905,WEST,36.115,-86.8879,POINT (-86.8879 36.115)
20190243084,03/29/2019 07:47:00 AM,2,0,0,,N,716886,11,Front to Rear,21,CLEAR,1,DAYLIGHT,12,MOTOR VEHICLE IN TRANSPORT,I24E & I24 E ENT RAMP,NASHVILLE,TN,37210,8102,SOUTH,36.1363,-86.727,POINT (-86.727 36.1363)
20190522191,07/12/2019 11:27:00 AM,2,0,0,,N,716886,11,Front to Rear,21,CLEAR,1,DAYLIGHT,12,MOTOR VEHICLE IN TRANSPORT,HOBSON PKE & MURFREESBORO PKE,ANTIOCH,TN,37013,8867,SOUTH,36.043,-86.6066,POINT (-86.6066 36.043)
20190199723,03/14/2019 09:07:00 AM,2,0,0,,N,262766,4,ANGLE,21,CLEAR,1,DAYLIGHT,12,MOTOR VEHICLE IN TRANSPORT,MICHIGAN AV & 40TH AVN,NASHVILLE,TN,37209,4531,WEST,36.1593,-86.8348,POINT (-86.8348 36.1593)
20190222731,03/22/2019 06:55:00 AM,1,0,0,,N,226622,0,NOT COLLISION W/MOTOR VEHICLE-TRANSPORT,21,CLEAR,1,DAYLIGHT,50,DEER (ANIMAL),OLD HICKORY BLVD & S HIGHLANDS DR,NASHVILLE,TN,37221,4901,WEST,36.0642,-86.9172,POINT (-86.9172 36.0642)
20190267976,04/07/2019 06:27:00 PM,2,1,0,,N,579971,4,ANGLE,22,CLOUDY,1,DAYLIGHT,12,MOTOR VEHICLE IN TRANSPORT,OLD HICKORY BLVD & EULALA DR,ANTIOCH,TN,37013,8757,SOUTH,36.0454,-86.7036,POINT (-86.7036 36.0454)
20190162089,02/28/2019 04:30:00 PM,2,0,0,,N,299244,4,ANGLE,21,CLEAR,1,DAYLIGHT,12,MOTOR VEHICLE IN TRANSPORT,OLDHAM ST & N 1ST ST,NASHVILLE,TN,37213,1985,CENTRA,36.1744,-86.7741,POINT (-86.7741 36.1744)
20190341016,05/03/2019 02:15:00 PM,2,0,0,,Y,256412,5,SIDESWIPE - SAME DIRECTION,21,CLEAR,1,DAYLIGHT,12,MOTOR VEHICLE IN TRANSPORT,WHEELER AV & NOLENSVILLE PKE,NASHVILLE,TN,37211,8431,SOUTH,36.0958,-86.7373,POINT (-86.7373 36.0958)
20190334353,05/01/2019 07:15:00 AM,2,0,0,,Y,693093,11,Front to Rear,21,CLEAR,1,DAYLIGHT,12,MOTOR VEHICLE IN TRANSPORT,MM 90 1 I 65,MADISON,TN,37115,20022,MADISO,36.239,-86.7548,POINT (-86.7548 36.239)
20190472991,06/22/2019 08:42:00 AM,2,0,0,,N,225777,4,ANGLE,22,CLOUDY,1,DAYLIGHT,12,MOTOR VEHICLE IN TRANSPORT,OLD HICKORY BLVD & HIGHWAY 70S,NASHVILLE,TN,37221,4901,WEST,36.0742,-86.9208,POINT (-86.9208 36.0742)
20190163498,03/01/2019 12:00:00 AM,1,0,0,Y,Y,191578,0,NOT COLLISION W/MOTOR VEHICLE-TRANSPORT,99,UNKNOWN,9,UNKNOWN,71,EMBANKMENT EARTH,BELL RD & BELL RD PVTDR,HERMITAGE,TN,37076,9501,HERMIT,36.1571,-86.6179,POINT (-86.6179 36.1571)
20190185190,03/08/2019 12:00:00 AM,1,0,0,,Y,256411,0,NOT COLLISION W/MOTOR VEHICLE-TRANSPORT,2,RAIN,3,DARK - LIGHTED,30,UTILITY POLE,DR WALTER S DAVIS BLVD & TIGERBELLE DR,NASHVILLE,TN,37209,4503,NORTH,36.1674,-86.8351,POINT (-86.8351 36.1674)
20190217706,03/20/2019 05:31:00 PM,2,0,0,,N,240970,11,Front to Rear,21,CLEAR,1,DAYLIGHT,12,MOTOR VEHICLE IN TRANSPORT,MM 7 0 I 440,NASHVILLE,TN,37210,83042,SOUTH,36.1243,-86.738,POINT (-86.738 36.1243)
20190272393,04/09/2019 09:34:00 AM,2,0,0,,N,279110,11,Front to Rear,21,CLEAR,1,DAYLIGHT,12,MOTOR VEHICLE IN TRANSPORT,MURFREESBORO PKE & POLK AV,NASHVILLE,TN,37210,8117,SOUTH,36.1424,-86.7432,POINT (-86.7432 36.1424)
20190306485,04/21/2019 12:45:00 PM,4,1,0,,N,343522,11,Front to Rear,21,CLEAR,1,DAYLIGHT,12;7,MOTOR VEHICLE IN TRANSPORT,HIGHWAY 100 & WESTHAVEN DR,NASHVILLE,TN,37221,4805,WEST,36.0348,-86.9721,POINT (-86.9721 36.0348)
20190413101,05/30/2019 01:33:00 PM,2,0,0,,N,226622,5,SIDESWIPE - SAME DIRECTION,22,CLOUDY,1,DAYLIGHT,12,MOTOR VEHICLE IN TRANSPORT,HIGHWAY 100 & TRACE CREEK DR,NASHVILLE,TN,37221,4807,WEST,36.0481,-86.9409,POINT (-86.9409 36.0481)
20190498158,07/02/2019 09:55:00 AM,2,3,0,,N,352184,11,Front to Rear,21,CLEAR,1,DAYLIGHT,12,MOTOR VEHICLE IN TRANSPORT,MM 210 2 I 40,NASHVILLE,TN,37203,4006,CENTRA,36.1499,-86.7726,POINT (-86.7726 36.1499)
20190043284,01/17/2019 06:55:00 AM,1,0,0,,N,320595,0,NOT COLLISION W/MOTOR VEHICLE-TRANSPORT,2,RAIN,4,DAWN,39,WALL,MM 215 2 I 40,NASHVILLE,TN,37214,91021,HERMIT,36.144,-86.6913,POINT (-86.6913 36.144)
20190470535,06/21/2019 07:50:00 AM,2,0,0,,N,278580,11,Front to Rear,21,CLEAR,1,DAYLIGHT,12,MOTOR VEHICLE IN TRANSPORT,MM 207 2 I 40,NASHVILLE,TN,37208,54020,NORTH,36.1698,-86.8089,POINT (-86.8089 36.1698)
20190008085,01/03/2019 11:01:00 PM,2,0,0,,Y,330420,6,SIDESWIPE - OPPOSITE DIRECTION,2,RAIN,3,DARK - LIGHTED,12,MOTOR VEHICLE IN TRANSPORT,NOLENSVILLE PKE & CONCORD RD,ANTIOCH,TN,37013,8767,SOUTH,35.997,-86.6899,POINT (-86.6899 35.997)
20190313458,04/23/2019 03:55:00 PM,2,0,0,,N,311327,11,Front to Rear,21,CLEAR,1,DAYLIGHT,12,MOTOR VEHICLE IN TRANSPORT,BRILEY PKWY E ENT RAMP & GALLATIN PKE SB,NASHVILLE,TN,37216,1503,EAST,36.2336,-86.7239,POINT (-86.7239 36.2336)
20190405559,05/27/2019 10:48:00 PM,2,2,0,,N,320598,11,Front to Rear,21,CLEAR,2,DARK - NOT LIGHTED,14,PARKED MOTOR VEHICLE,MM 76 6 I 65,NASHVILLE,TN,37220,86042,MIDTOW,36.0662,-86.7708,POINT (-86.7708 36.0662)
20190345857,05/05/2019 12:00:00 AM,3,0,0,,N,320578,11,Front to Rear,21,CLEAR,3,DARK - LIGHTED,12;55,MOTOR VEHICLE IN TRANSPORT;Motor Vehicle-In-Motion Outside Trafficw,BELL RD & OLD HICKORY BLVD,ANTIOCH,TN,37013,8755,SOUTH,36.0453,-86.7017,POINT (-86.7017 36.0453)
20190581331,08/05/2019 10:40:00 AM,2,0,0,,N,716886,11,Front to Rear,21,CLEAR,1,DAYLIGHT,12,MOTOR VEHICLE IN TRANSPORT,NOLENSVILLE PKE & WALLACE RD,NASHVILLE,TN,37211,8705,SOUTH,36.0782,-86.7259,POINT (-86.7259 36.0782)
20190406403,05/28/2019 07:13:00 AM,2,0,0,,N,320601,11,Front to Rear,21,CLEAR,1,DAYLIGHT,12,MOTOR VEHICLE IN TRANSPORT,MM 54 1 I 24,NASHVILLE,TN,37211,84020,SOUTH,36.1045,-86.7166,POINT (-86.7166 36.1045)
20190251473,04/01/2019 04:57:00 PM,4,0,0,,N,267831,4,ANGLE,21,CLEAR,1,DAYLIGHT,12;14,MOTOR VEHICLE IN TRANSPORT;PARKED MOTOR VEHICLE,0 53RD AVN,NASHVILLE,TN,37209,5123,WEST,36.1517,-86.851,POINT (-86.851 36.1517)
20190019731,01/08/2019 05:31:00 PM,3,0,0,,N,206675,4,ANGLE,21,CLEAR,3,DARK - LIGHTED,12,MOTOR VEHICLE IN TRANSPORT,OLD HICKORY BLVD & FRANKLIN PKE,NASHVILLE,TN,37220,7111,MIDTOW,36.0374,-86.7864,POINT (-86.7864 36.0374)
20190568686,07/31/2019 07:21:00 AM,3,2,0,,N,332216,11,Front to Rear,21,CLEAR,1,DAYLIGHT,12,MOTOR VEHICLE IN TRANSPORT,MM 49 5 I 24,NASHVILLE,TN,37210,4008,CENTRA,36.1588,-86.7604,POINT (-86.7604 36.1588)
20190169145,03/03/2019 05:20:00 PM,2,0,0,,N,256443,5,SIDESWIPE - SAME DIRECTION,21,CLEAR,3,DARK - LIGHTED,12,MOTOR VEHICLE IN TRANSPORT,OLD HICKORY BLVD & HICKORY HILLS BLVD,WHITES CREEK,TN,37189,2015,MADISO,36.277,-86.7962,POINT (-86.7962 36.277)
20190278264,04/11/2019 12:00:00 AM,2,0,0,,Y,665896,9,UNKNOWN,99,UNKNOWN,9,UNKNOWN,12;14,MOTOR VEHICLE IN TRANSPORT;PARKED MOTOR VEHICLE,CHESTER AV & BELLE FORREST AV,NASHVILLE,TN,37206,1333,EAST,36.1948,-86.7352,POINT (-86.7352 36.1948)
20190575393,08/02/2019 05:16:00 PM,2,0,0,,N,298877,11,Front to Rear,21,CLEAR,1,DAYLIGHT,12,MOTOR VEHICLE IN TRANSPORT,MM 55 6 I 24,NASHVILLE,TN,37211,86020,SOUTH,36.0877,-86.7015,POINT (-86.7015 36.0877)
20190446487,06/12/2019 09:49:00 AM,2,0,0,,N,462474,5,SIDESWIPE - SAME DIRECTION,22,CLOUDY,1,DAYLIGHT,12,MOTOR VEHICLE IN TRANSPORT,21ST AVS & BERNARD AV,NASHVILLE,TN,37212,5901,MIDTOW,36.1313,-86.8015,POINT (-86.8015 36.1313)
20190289353,04/15/2019 03:45:00 PM,2,0,0,,Y,320580,5,SIDESWIPE - SAME DIRECTION,21,CLEAR,1,DAYLIGHT,12,MOTOR VEHICLE IN TRANSPORT,MM 212 8 I 40,NASHVILLE,TN,37210,90040,HERMIT,36.1425,-86.7353,POINT (-86.7353 36.1425)
20190377331,05/17/2019 05:56:00 AM,2,0,0,,N,197059,11,Front to Rear,21,CLEAR,1,DAYLIGHT,12,MOTOR VEHICLE IN TRANSPORT,I65 S ENT RAMP & I65 S EXT RAMP,NASHVILLE,TN,37204,6945,MIDTOW,36.1342,-86.7764,POINT (-86.7764 36.1342)
20190531250,07/16/2019 09:25:00 AM,2,0,0,,N,226405,5,SIDESWIPE - SAME DIRECTION,22,CLOUDY,1,DAYLIGHT,12,MOTOR VEHICLE IN TRANSPORT,20TH AVN & STATE ST,NASHVILLE,TN,37203,5509,MIDTOW,36.1543,-86.8015,POINT (-86.8015 36.1543)
20190434662,06/07/2019 02:30:00 PM,2,0,0,,N,206674,5,SIDESWIPE - SAME DIRECTION,22,CLOUDY,1,DAYLIGHT,14,PARKED MOTOR VEHICLE,CLINTON ST & 14TH AVN,NASHVILLE,TN,37203,5423,NORTH,36.1644,-86.7959,POINT (-86.7959 36.1644)
20190145445,02/22/2019 03:44:00 PM,2,0,0,,N,169425,5,SIDESWIPE - SAME DIRECTION,2,RAIN,1,DAYLIGHT,12,MOTOR VEHICLE IN TRANSPORT,I40 E EXT RAMP & I 40,NASHVILLE,TN,37214,8955,HERMIT,36.155,-86.6271,POINT (-86.6271 36.155)
20190047058,01/18/2019 12:45:00 PM,2,1,0,,N,226622,4,ANGLE,22,CLOUDY,1,DAYLIGHT,12,MOTOR VEHICLE IN TRANSPORT,HARDING PKE & WOODLAWN DR,NASHVILLE,TN,37205,6021,WEST,36.1274,-86.8442,POINT (-86.8442 36.1274)
20190272284,04/09/2019 12:00:00 AM,2,0,0,,N,429205,4,ANGLE,21,CLEAR,1,DAYLIGHT,14,PARKED MOTOR VEHICLE,RUTLEDGE ST & PEABODY ST,NASHVILLE,TN,37210,4033,CENTRA,36.1569,-86.7701,POINT (-86.7701 36.1569)
20190464379,06/19/2019 07:30:00 AM,2,0,0,,N,716886,11,Front to Rear,21,CLEAR,1,DAYLIGHT,12,MOTOR VEHICLE IN TRANSPORT,MM 60 4 I 24,ANTIOCH,TN,37013,88060,SOUTH,36.0364,-86.6449,POINT (-86.6449 36.0364)
20190540657,07/19/2019 06:01:00 PM,2,0,0,,Y,256386,11,Front to Rear,21,CLEAR,1,DAYLIGHT,12,MOTOR VEHICLE IN TRANSPORT,REYNOLDS RD & SMITH SPRINGS RD,NASHVILLE,TN,37217,8941,HERMIT,36.0968,-86.6533,POINT (-86.6533 36.0968)
20190381568,05/18/2019 11:17:00 PM,2,0,0,,N,256488,4,ANGLE,21,CLEAR,3,DARK - LIGHTED,12,MOTOR VEHICLE IN TRANSPORT,BROADWAY & 5TH AVS,NASHVILLE,TN,37203,4089,CENTRA,36.1605,-86.7784,POINT (-86.7784 36.1605)
20190138650,02/20/2019 12:06:00 PM,1,1,0,,N,226136,0,NOT COLLISION W/MOTOR VEHICLE-TRANSPORT,2,RAIN,1,DAYLIGHT,30;63,UTILITY POLE;Ran Off Road-Right,OLD HICKORY BLVD & WILSON PIKE CIR,NASHVILLE,TN,37220,7111,MIDTOW,36.0375,-86.7858,POINT (-86.7858 36.0375)
20190347641,05/06/2019 02:39:00 PM,2,0,0,,N,299257,4,ANGLE,21,CLEAR,1,DAYLIGHT,12,MOTOR VEHICLE IN TRANSPORT,MM 2 9 I 440,NASHVILLE,TN,37212,6506,MIDTOW,36.1208,-86.8029,POINT (-86.8029 36.1208)
20190194903,03/12/2019 06:00:00 PM,2,0,0,,N,320597,6,SIDESWIPE - OPPOSITE DIRECTION,21,CLEAR,1,DAYLIGHT,12,MOTOR VEHICLE IN TRANSPORT,HAMILTON CHURCH RD & MURFREESBORO PKE,ANTIOCH,TN,37013,8865,SOUTH,36.0645,-86.6288,POINT (-86.6288 36.0645)
20190520339,07/11/2019 05:10:00 PM,2,0,0,,N,212346,4,ANGLE,21,CLEAR,1,DAYLIGHT,12,MOTOR VEHICLE IN TRANSPORT,I40 W ENT RAMP & I 40,NASHVILLE,TN,37210,9007,HERMIT,36.1484,-86.7454,POINT (-86.7454 36.1484)
20190203771,03/15/2019 05:14:00 PM,2,0,0,,N,716875,4,ANGLE,21,CLEAR,1,DAYLIGHT,12,MOTOR VEHICLE IN TRANSPORT,MM 204 9 I 40,NASHVILLE,TN,37209,45020,WEST,36.154,-86.8401,POINT (-86.8401 36.154)
20190415879,05/31/2019 10:55:00 AM,3,2,0,,N,179580,11,Front to Rear,21,CLEAR,1,DAYLIGHT,12,MOTOR VEHICLE IN TRANSPORT,MM 37 4 I 24,WHITES CREEK,TN,37189,33181,NORTH,36.3131,-86.8308,POINT (-86.8308 36.3131)
20190141290,02/21/2019 08:45:00 AM,2,0,0,,Y,716886,11,Front to Rear,21,CLEAR,1,DAYLIGHT,12,MOTOR VEHICLE IN TRANSPORT,MM 61 2 I 24,ANTIOCH,TN,37013,87040,SOUTH,36.028,-86.6359,POINT (-86.6359 36.028)
20190275374,04/10/2019 09:10:00 AM,1,2,0,,N,769383,0,NOT COLLISION W/MOTOR VEHICLE-TRANSPORT,21,CLEAR,1,DAYLIGHT,30,UTILITY POLE,CLIFTON AV & INDIANA AV,NASHVILLE,TN,37209,4549,WEST,36.1579,-86.8295,POINT (-86.8295 36.1579)
20190416439,05/31/2019 02:00:00 PM,2,0,0,,Y,579971,5,SIDESWIPE - SAME DIRECTION,21,CLEAR,1,DAYLIGHT,12,MOTOR VEHICLE IN TRANSPORT,BELL RD & THE OVERLOOK PVTDR,ANTIOCH,TN,37013,8865,SOUTH,36.056,-86.6421,POINT (-86.6421 36.056)
20190558888,07/26/2019 12:00:00 AM,2,0,0,,Y,633381,5,SIDESWIPE - SAME DIRECTION,21,CLEAR,1,DAYLIGHT,12,MOTOR VEHICLE IN TRANSPORT,MM 211 8 I 40,NASHVILLE,TN,37210,90022,HERMIT,36.149,-86.7465,POINT (-86.7465 36.149)
20190571970,08/01/2019 12:26:00 PM,2,1,0,,N,462474,11,Front to Rear,22,CLOUDY,1,DAYLIGHT,12,MOTOR VEHICLE IN TRANSPORT,NOLENSVILLE PKE & TUSCULUM RD,NASHVILLE,TN,37211,8711,SOUTH,36.0594,-86.7163,POINT (-86.7163 36.0594)
20190468765,06/20/2019 04:34:00 PM,2,1,0,,N,320580,4,ANGLE,21,CLEAR,1,DAYLIGHT,12,MOTOR VEHICLE IN TRANSPORT,ROYAL PKWY & CLARIDGE DR,NASHVILLE,TN,37214,9103,HERMIT,36.1461,-86.6676,POINT (-86.6676 36.1461)
20190436549,06/08/2019 11:36:00 AM,2,0,0,,N,320574,11,Front to Rear,22,CLOUDY,1,DAYLIGHT,12,MOTOR VEHICLE IN TRANSPORT,SMITH SPRINGS RD & BELL RD,NASHVILLE,TN,37217,8965,HERMIT,36.0903,-86.6265,POINT (-86.6265 36.0903)
20190393759,05/23/2019 08:55:00 AM,1,3,0,,N,716886,0,NOT COLLISION W/MOTOR VEHICLE-TRANSPORT,21,CLEAR,1,DAYLIGHT,25,GUARDRAIL END,RURAL HILL RD & HICKORY HIGHLANDS DR,ANTIOCH,TN,37013,8861,SOUTH,36.0594,-86.6452,POINT (-86.6452 36.0594)
20190186962,03/09/2019 03:21:00 PM,2,0,0,,N,256439,11,Front to Rear,2,RAIN,1,DAYLIGHT,12,MOTOR VEHICLE IN TRANSPORT,MM 212 1 I 40,NASHVILLE,TN,37210,90041,HERMIT,36.1463,-86.7422,POINT (-86.7422 36.1463)
20190425653,06/04/2019 11:35:00 AM,2,1,0,,N,693093,4,ANGLE,22,CLOUDY,1,DAYLIGHT,12,MOTOR VEHICLE IN TRANSPORT,GALLATIN PKEN & SHEPHERD HILLS DR,MADISON,TN,37115,1731,MADISO,36.3009,-86.6946,POINT (-86.6946 36.3009)
20190537520,07/18/2019 03:17:00 PM,4,2,0,,N,169425,11,Front to Rear,22,CLOUDY,1,DAYLIGHT,12,MOTOR VEHICLE IN TRANSPORT,I440 W ENT RAMP & I 440,NASHVILLE,TN,37210,81021,SOUTH,36.1259,-86.7322,POINT (-86.7322 36.1259)
20190470290,06/21/2019 12:00:00 AM,2,1,0,,N,320578,4,ANGLE,21,CLEAR,1,DAYLIGHT,12,MOTOR VEHICLE IN TRANSPORT,TRAVELERS INN DR & HARDING PL,NASHVILLE,TN,37211,8705,SOUTH,36.0849,-86.7034,POINT (-86.7034 36.0849)
20190268479,04/08/2019 12:00:00 AM,2,0,0,,Y,299262,4,ANGLE,21,CLEAR,3,DARK - LIGHTED,12,MOTOR VEHICLE IN TRANSPORT,I65 S ENT RAMP & I 40,NASHVILLE,TN,37203,4006,CENTRA,36.1491,-86.7753,POINT (-86.7753 36.1491)
20190033033,01/13/2019 07:05:00 PM,2,0,0,,N,311327,4,ANGLE,21,CLEAR,3,DARK - LIGHTED,12,MOTOR VEHICLE IN TRANSPORT,MCGAVOCK PKE & RIVERSIDE DR,NASHVILLE,TN,37216,1437,EAST,36.2048,-86.7244,POINT (-86.7244 36.2048)
20190381331,05/18/2019 08:30:00 PM,2,1,0,,N,717341,11,Front to Rear,21,CLEAR,3,DARK - LIGHTED,12,MOTOR VEHICLE IN TRANSPORT,MM 58 0 I 24,ANTIOCH,TN,37013,88080,SOUTH,36.0584,-86.678,POINT (-86.678 36.0584)
20190027776,01/11/2019 12:30:00 PM,2,0,0,,N,226622,11,Front to Rear,22,CLOUDY,1,DAYLIGHT,12,MOTOR VEHICLE IN TRANSPORT,CHARLOTTE PKE & BROOK HOLLOW RD,NASHVILLE,TN,37205,5011,WEST,36.1354,-86.8864,POINT (-86.8864 36.1354)
20190324426,04/27/2019 07:56:00 AM,1,0,0,,N,633383,0,NOT COLLISION W/MOTOR VEHICLE-TRANSPORT,21,CLEAR,1,DAYLIGHT,7,,BRILEY PKWYE & BRILEY PKWYW,NASHVILLE,TN,37207,20120,MADISO,36.2396,-86.7751,POINT (-86.7751 36.2396)
20190106422,02/08/2019 05:13:00 PM,2,0,0,,N,151132,11,Front to Rear,21,CLEAR,1,DAYLIGHT,12,MOTOR VEHICLE IN TRANSPORT,MYATT DR & EDENWOLD RD,MADISON,TN,37115,1721,MADISO,36.2917,-86.6943,POINT (-86.6943 36.2917)
20190138540,02/20/2019 11:15:00 AM,2,0,0,,N,226134,5,SIDESWIPE - SAME DIRECTION,2,RAIN,1,DAYLIGHT,12,MOTOR VEHICLE IN TRANSPORT,NOLENSVILLE PKE & THOMPSON LN,NASHVILLE,TN,37211,8425,SOUTH,36.1109,-86.7452,POINT (-86.7452 36.1109)
20190407694,05/28/2019 04:30:00 PM,3,1,0,,N,279214,11,Front to Rear,21,CLEAR,1,DAYLIGHT,12,MOTOR VEHICLE IN TRANSPORT,LOMBARDY AV & HILLSBORO PKE,NASHVILLE,TN,,6001,WEST,,,
20190186802,03/09/2019 12:26:00 PM,2,0,0,,Y,320575,11,Front to Rear,2,RAIN,1,DAYLIGHT,12,MOTOR VEHICLE IN TRANSPORT,BELL RD & BLUE HOLE RD,ANTIOCH,TN,37013,8719,SOUTH,36.0458,-86.6744,POINT (-86.6744 36.0458)
20190409521,05/29/2019 08:08:00 AM,2,0,0,,Y,109534,5,SIDESWIPE - SAME DIRECTION,21,CLEAR,1,DAYLIGHT,12,MOTOR VEHICLE IN TRANSPORT,FESSLERS LN & ELM HILL PKE,NASHVILLE,TN,37210,8211,HERMIT,36.1456,-86.744,POINT (-86.744 36.1456)
20190495905,07/01/2019 02:46:00 PM,2,0,0,,N,206676,5,SIDESWIPE - SAME DIRECTION,21,CLEAR,1,DAYLIGHT,12,MOTOR VEHICLE IN TRANSPORT,OLD HICKORY BLVDW & DOUGLAS ST,MADISON,TN,37115,1771,MADISO,36.2633,-86.7146,POINT (-86.7146 36.2633)
20190533895,07/17/2019 08:10:00 AM,2,0,0,,N,716886,11,Front to Rear,21,CLEAR,1,DAYLIGHT,12,MOTOR VEHICLE IN TRANSPORT,HOBSON PKE & MURFREESBORO PKE,ANTIOCH,TN,37013,8867,SOUTH,36.043,-86.6066,POINT (-86.6066 36.043)
20190038550,01/15/2019 04:53:00 PM,2,1,0,,N,151132,11,Front to Rear,22,CLOUDY,5,DUSK,12,MOTOR VEHICLE IN TRANSPORT,OLD HICKORY BLVDW & N GRAYCROFT AV,MADISON,TN,37115,1777,MADISO,36.2644,-86.7324,POINT (-86.7324 36.2644)
20190048254,01/18/2019 10:32:00 PM,2,0,0,,N,256383,4,ANGLE,22,CLOUDY,2,DARK - NOT LIGHTED,12,MOTOR VEHICLE IN TRANSPORT,MILL CREEK WHITTLEMORE GRNWY & SWISS AV,ANTIOCH,TN,37013,8757,SOUTH,36.0424,-86.7129,POINT (-86.7129 36.0424)
20190428752,06/05/2019 11:45:00 AM,2,0,0,,Y,166478,11,Front to Rear,21,CLEAR,1,DAYLIGHT,14;55,PARKED MOTOR VEHICLE;Motor Vehicle-In-Motion Outside Trafficw,MONROE ST & 9TH AVN,NASHVILLE,TN,37208,4303,NORTH,36.1749,-86.7941,POINT (-86.7941 36.1749)