Accident Number,Date and Time,Number of Motor Vehicles,Number of Injuries,Number of Fatalities,Property Damage,Hit and Run,Reporting Officer,Collision Type Code,Collision Type Description,Weather Code,Weather Description,Illumination Code,Illumination Description,Harmful Code,Harmful Code Description,Street Address,City,State,ZIP,RPA,Precinct,Latitude,Longitude,Mapped Location
20190139434,02/20/2019 05:59:00 PM,3,0,0,,N,256379,11,Front to Rear,2,RAIN,3,DARK - LIGHTED,12,MOTOR VEHICLE IN TRANSPORT,MM 7 2 I 440,NASHVILLE,TN,37210,83043,SOUTH,36.1251,-86.7339,POINT (-86.7339 36.1251)
20190459272,06/17/2019 09:46:00 AM,2,0,0,,N,462501,5,SIDESWIPE - SAME DIRECTION,21,CLEAR,1,DAYLIGHT,12,MOTOR VEHICLE IN TRANSPORT,LAFAYETTE ST & 5TH AVS,NASHVILLE,TN,37203,4027,CENTRA,36.1525,-86.7733,POINT (-86.7733 36.1525)
20190577439,08/03/2019 03:20:00 PM,3,0,0,,Y,279225,4,ANGLE,21,CLEAR,1,DAYLIGHT,14,PARKED MOTOR VEHICLE,MURFREESBORO PKE & THOMPSON PL,NASHVILLE,TN,37217,8879,SOUTH,36.1267,-86.7111,POINT (-86.7111 36.1267)
20190448387,06/13/2019 01:32:00 AM,1,0,0,,Y,224437,0,NOT COLLISION W/MOTOR VEHICLE-TRANSPORT,21,CLEAR,2,DARK - NOT LIGHTED,64;8,Ran Off Road-Left;PEDESTRIAN,MURFREESBORO PKE EXT RAMP & MURFREESBORO,NASHVILLE,TN,37217,8818,HERMIT,36.1361,-86.7254,POINT (-86.7254 36.1361)
20190540953,07/19/2019 09:04:00 PM,2,1,0,,N,279225,4,ANGLE,21,CLEAR,3,DARK - LIGHTED,12,MOTOR VEHICLE IN TRANSPORT,MURFREESBORO PKE & RURAL HILL RD,ANTIOCH,TN,37013,8861,SOUTH,36.0745,-86.6387,POINT (-86.6387 36.0745)
20190578661,08/04/2019 03:00:00 AM,2,0,0,,Y,256569,4,ANGLE,21,CLEAR,3,DARK - LIGHTED,12,MOTOR VEHICLE IN TRANSPORT,W OLD HICKORY & N GALLATIN,MADISON,TN,37115,1771,MADISO,36.2631,-86.7122,POINT (-86.7122 36.2631)
20190188855,03/10/2019 02:13:00 PM,1,1,0,Y,N,419972,0,NOT COLLISION W/MOTOR VEHICLE-TRANSPORT,21,CLEAR,1,DAYLIGHT,30;64,UTILITY POLE;Ran Off Road-Left,3700 WOODMONT BLVD,NASHVILLE,TN,37215,6015,WEST,36.1163,-86.8335,POINT (-86.8335 36.1163)
20190236738,03/27/2019 05:46:00 AM,1,0,0,,N,187882,0,NOT COLLISION W/MOTOR VEHICLE-TRANSPORT,21,CLEAR,3,DARK - LIGHTED,18,OTHER OBJECT (NOT FIXED),I24 W EXT RAMP & I 24,NASHVILLE,TN,37211,8829,SOUTH,36.1074,-86.7197,POINT (-86.7197 36.1074)
20190292863,04/16/2019 05:06:00 PM,2,1,0,,N,330436,2,HEAD-ON,21,CLEAR,1,DAYLIGHT,12,MOTOR VEHICLE IN TRANSPORT,HICKORY HOLLOW PKWY & UNA ANTIOCH PKE,ANTIOCH,TN,37013,8859,SOUTH,36.0597,-86.671,POINT (-86.671 36.0597)
20170433573,06/29/2019 04:45:00 PM,3,1,0,,N,256424,11,Front to Rear,21,CLEAR,1,DAYLIGHT,12,MOTOR VEHICLE IN TRANSPORT,SMITH SPRINGS RD & CLEARLAKE DRW,NASHVILLE,TN,37217,8929,HERMIT,36.0891,-86.6143,POINT (-86.6143 36.0891)
20190166213,03/02/2019 06:58:00 AM,2,1,0,,N,299264,4,ANGLE,21,CLEAR,1,DAYLIGHT,14;55,PARKED MOTOR VEHICLE;Motor Vehicle-In-Motion Outside Trafficw,LINDEN AV & OAKLAND AV,NASHVILLE,TN,37212,6605,MIDTOW,36.1277,-86.7952,POINT (-86.7952 36.1277)
20190126924,02/16/2019 12:23:00 AM,1,0,0,,N,311336,0,NOT COLLISION W/MOTOR VEHICLE-TRANSPORT,2,RAIN,3,DARK - LIGHTED,34,DITCH,PRESTON DR & ROSEBANK AV,NASHVILLE,TN,37206,1359,EAST,36.1871,-86.718,POINT (-86.718 36.1871)
20190375579,05/16/2019 04:03:00 PM,2,0,0,,N,256383,5,SIDESWIPE - SAME DIRECTION,21,CLEAR,1,DAYLIGHT,12,MOTOR VEHICLE IN TRANSPORT,NOLENSVILLE PKE & WALLACE RD,NASHVILLE,TN,37211,8609,MIDTOW,36.0783,-86.726,POINT (-86.726 36.0783)
20190120032,02/13/2019 04:49:00 PM,3,0,0,,N,256379,11,Front to Rear,21,CLEAR,1,DAYLIGHT,12,MOTOR VEHICLE IN TRANSPORT,MM 54 7 I 24,NASHVILLE,TN,37211,8602,SOUTH,36.0977,-86.7096,POINT (-86.7096 36.0977)
20190503720,07/04/2019 07:08:00 AM,2,0,0,,Y,716886,16,Rear to Side,21,CLEAR,1,DAYLIGHT,12;14,MOTOR VEHICLE IN TRANSPORT;PARKED MOTOR VEHICLE,PRIESTSHORE BAY & HAMILTON CROSS DR,ANTIOCH,TN,37013,8905,SOUTH,36.0544,-86.5946,POINT (-86.5946 36.0544)
20190250358,04/01/2019 08:21:00 AM,2,2,0,,N,225773,11,Front to Rear,21,CLEAR,1,DAYLIGHT,12,MOTOR VEHICLE IN TRANSPORT,I440 ENT RAMP & I 65,NASHVILLE,TN,37204,7018,MIDTOW,36.1117,-86.7713,POINT (-86.7713 36.1117)
20190379649,05/18/2019 12:32:00 AM,1,0,0,,N,192379,0,NOT COLLISION W/MOTOR VEHICLE-TRANSPORT,21,CLEAR,2,DARK - NOT LIGHTED,39;63,WALL;Ran Off Road-Right,9TH AVN & DOMINICAN DR,NASHVILLE,TN,37228,4445,NORTH,36.1866,-86.8041,POINT (-86.8041 36.1866)
20190575051,08/02/2019 03:42:00 PM,2,0,0,,N,169425,11,Front to Rear,21,CLEAR,1,DAYLIGHT,12,MOTOR VEHICLE IN TRANSPORT,I440 E ENT RAMP & I 65,NASHVILLE,TN,37204,7018,MIDTOW,36.1138,-86.7719,POINT (-86.7719 36.1138)
20190538419,07/18/2019 10:47:00 PM,2,1,0,,N,311336,11,Front to Rear,21,CLEAR,3,DARK - LIGHTED,12,MOTOR VEHICLE IN TRANSPORT,BROADMOOR DR & DICKERSON PKE,NASHVILLE,TN,37207,1809,EAST,36.2294,-86.7593,POINT (-86.7593 36.2294)
20190380532,05/18/2019 11:06:00 AM,2,1,0,,N,156307,11,Front to Rear,21,CLEAR,1,DAYLIGHT,12,MOTOR VEHICLE IN TRANSPORT,MM 87 0 I 65,NASHVILLE,TN,37207,18020,EAST,36.2018,-86.7766,POINT (-86.7766 36.2018)
20190049216,01/19/2019 12:00:00 AM,2,0,0,,Y,544481,9,UNKNOWN,2,RAIN,3,DARK - LIGHTED,12;14,MOTOR VEHICLE IN TRANSPORT;PARKED MOTOR VEHICLE,STROUSE AV & BRASHER AV,NASHVILLE,TN,37206,1895,EAST,36.1947,-86.7489,POINT (-86.7489 36.1947)
20190000361,01/01/2019 02:51:00 AM,4,1,0,,Y,330420,2,HEAD-ON,21,CLEAR,3,DARK - LIGHTED,12;14,MOTOR VEHICLE IN TRANSPORT;PARKED MOTOR VEHICLE,PEBBLE CREEK DR & PEBBLE CREEK CT,ANTIOCH,TN,37013,8861,SOUTH,36.0711,-86.6557,POINT (-86.6557 36.0711)
20190070401,01/27/2019 08:00:00 AM,1,1,0,,N,429185,0,NOT COLLISION W/MOTOR VEHICLE-TRANSPORT,21,CLEAR,1,DAYLIGHT,24,GUARDRAIL FACE,I40 E EXT RAMP & I 40,NASHVILLE,TN,37214,8955,HERMIT,36.155,-86.6271,POINT (-86.6271 36.155)
20190054233,01/21/2019 03:11:00 PM,3,3,0,,N,240968,11,Front to Rear,21,CLEAR,1,DAYLIGHT,12,MOTOR VEHICLE IN TRANSPORT,MURFREESBORO PKE & BELL RD,ANTIOCH,TN,37013,8861,SOUTH,36.072,-86.636,POINT (-86.636 36.072)
20190097641,02/05/2019 05:04:00 PM,2,0,0,,N,197054,11,Front to Rear,21,CLEAR,1,DAYLIGHT,12,MOTOR VEHICLE IN TRANSPORT,MM 214 0 I 40,NASHVILLE,TN,37217,88020,HERMIT,36.1417,-86.7137,POINT (-86.7137 36.1417)
20190495998,07/01/2019 02:56:00 PM,2,0,0,,N,151132,11,Front to Rear,21,CLEAR,1,DAYLIGHT,12,MOTOR VEHICLE IN TRANSPORT,GALLATIN PKES & LAKEWOOD DR,MADISON,TN,37115,1517,MADISO,36.2434,-86.7229,POINT (-86.7229 36.2434)
20190139586,02/20/2019 07:15:00 PM,2,0,0,,N,256427,11,Front to Rear,2,RAIN,3,DARK - LIGHTED,12,MOTOR VEHICLE IN TRANSPORT,MM 211 1 I 40,NASHVILLE,TN,37210,8008,HERMIT,36.1539,-86.7571,POINT (-86.7571 36.1539)
20190196625,03/13/2019 08:06:00 AM,3,1,0,,Y,594473,11,Front to Rear,21,CLEAR,1,DAYLIGHT,12,MOTOR VEHICLE IN TRANSPORT,OLD HICKORY BLVD & SEVEN SPRINGS WAY,BRENTWOOD,TN,37027,8619,MIDTOW,36.0403,-86.7684,POINT (-86.7684 36.0403)
20190418608,06/01/2019 01:00:00 PM,2,0,0,,Y,799013,4,ANGLE,21,CLEAR,1,DAYLIGHT,14;55,PARKED MOTOR VEHICLE;Motor Vehicle-In-Motion Outside Trafficw,DONELSON PKE & NODYNE DR,NASHVILLE,TN,37214,9105,HERMIT,36.1512,-86.6666,POINT (-86.6666 36.1512)
20190180730,03/07/2019 08:29:00 AM,3,0,0,,Y,594473,9,UNKNOWN,99,UNKNOWN,1,DAYLIGHT,14,PARKED MOTOR VEHICLE,NORTHCREST DR & LEEANNE DR,NASHVILLE,TN,37211,8659,MIDTOW,36.066,-86.7265,POINT (-86.7265 36.066)
20190164213,03/01/2019 12:20:00 PM,2,2,0,,N,226136,4,ANGLE,22,CLOUDY,1,DAYLIGHT,12,MOTOR VEHICLE IN TRANSPORT,MM 208 8 I 40,NASHVILLE,TN,37203,4102,CENTRA,36.1597,-86.7923,POINT (-86.7923 36.1597)
20190558623,07/26/2019 05:52:00 PM,2,0,0,,N,311332,5,SIDESWIPE - SAME DIRECTION,21,CLEAR,1,DAYLIGHT,12,MOTOR VEHICLE IN TRANSPORT,MM 199 0 I 40,NASHVILLE,TN,37221,48062,WEST,36.1081,-86.927,POINT (-86.927 36.1081)
20190167725,03/02/2019 10:50:00 PM,2,0,0,,N,311800,98,OTHER,22,CLOUDY,3,DARK - LIGHTED,12,MOTOR VEHICLE IN TRANSPORT,BROADWAY & 5TH AVS,NASHVILLE,TN,37203,4089,CENTRA,36.1605,-86.7784,POINT (-86.7784 36.1605)
20190542563,07/20/2019 02:22:00 PM,2,0,0,,N,206964,11,Front to Rear,21,CLEAR,1,DAYLIGHT,12,MOTOR VEHICLE IN TRANSPORT,MURFREESBORO PKE & HOBSON PKE,ANTIOCH,TN,37013,8927,SOUTH,36.043,-86.6066,POINT (-86.6066 36.043)
20190490975,06/29/2019 12:19:00 PM,2,0,0,,N,493304,5,SIDESWIPE - SAME DIRECTION,21,CLEAR,1,DAYLIGHT,12,MOTOR VEHICLE IN TRANSPORT,GALLATIN PKES & WOODRUFF ST,MADISON,TN,37115,1605,MADISO,36.2599,-86.7131,POINT (-86.7131 36.2599)
20190519327,07/11/2019 08:00:00 AM,2,0,0,,N,352164,11,Front to Rear,21,CLEAR,1,DAYLIGHT,12,MOTOR VEHICLE IN TRANSPORT,I40 E EXT RAMP & I 40,NASHVILLE,TN,37214,8955,HERMIT,36.155,-86.6271,POINT (-86.6271 36.155)
20190416488,05/31/2019 03:24:00 PM,2,0,0,,N,267831,11,Front to Rear,21,CLEAR,1,DAYLIGHT,12,MOTOR VEHICLE IN TRANSPORT,WHITE BRIDGE PKE & OBRIEN AV,NASHVILLE,TN,37209,5101,WEST,36.1505,-86.8579,POINT (-86.8579 36.1505)
20190292971,04/16/2019 05:39:00 PM,2,0,0,,N,320599,4,ANGLE,21,CLEAR,1,DAYLIGHT,12,MOTOR VEHICLE IN TRANSPORT,MURFREESBORO PKE & LAKEVILLA DR,ANTIOCH,TN,37013,8861,SOUTH,36.0767,-86.6409,POINT (-86.6409 36.0767)
20190425009,06/04/2019 06:55:00 AM,2,0,0,,N,716886,11,Front to Rear,21,CLEAR,1,DAYLIGHT,12,MOTOR VEHICLE IN TRANSPORT,MM 7 2 I 440,NASHVILLE,TN,37210,83043,SOUTH,36.1251,-86.7339,POINT (-86.7339 36.1251)
20190034585,01/14/2019 10:00:00 AM,3,0,0,,N,224437,4,ANGLE,21,CLEAR,1,DAYLIGHT,12,MOTOR VEHICLE IN TRANSPORT,CHARLOTTE PKE & MIDLAND AV,NASHVILLE,TN,37209,5033,WEST,36.1499,-86.8591,POINT (-86.8591 36.1499)
20190474515,06/23/2019 12:00:00 AM,1,1,0,,N,197053,0,NOT COLLISION W/MOTOR VEHICLE-TRANSPORT,21,CLEAR,2,DARK - NOT LIGHTED,1,,MCGAVOCK PKE & CURREY RD,NASHVILLE,TN,37217,8839,SOUTH,36.1019,-86.6921,POINT (-86.6921 36.1019)
20190463026,06/18/2019 06:34:00 PM,2,1,0,,N,299257,11,Front to Rear,21,CLEAR,1,DAYLIGHT,12,MOTOR VEHICLE IN TRANSPORT,WEST END AV & 33RD AVS,NASHVILLE,TN,37212,5817,MIDTOW,36.1413,-86.8169,POINT (-86.8169 36.1413)
20190057051,01/22/2019 03:46:00 PM,2,0,0,,Y,151132,2,HEAD-ON,22,CLOUDY,1,DAYLIGHT,12,MOTOR VEHICLE IN TRANSPORT,DICKERSON PKE & VILLAGE HILLS PVTDR,MADISON,TN,37115,2019,MADISO,36.2596,-86.7578,POINT (-86.7578 36.2596)
20190155412,02/26/2019 10:42:00 AM,2,0,0,,N,330431,11,Front to Rear,21,CLEAR,1,DAYLIGHT,12,MOTOR VEHICLE IN TRANSPORT,BELL RD & CANE RIDGE RD,ANTIOCH,TN,37013,8753,SOUTH,36.0449,-86.6631,POINT (-86.6631 36.0449)
20190519381,07/11/2019 09:13:00 AM,2,0,0,,N,834798,4,ANGLE,21,CLEAR,1,DAYLIGHT,12,MOTOR VEHICLE IN TRANSPORT,POWELL AV & OLD POWELL AV,NASHVILLE,TN,37204,8525,MIDTOW,36.1109,-86.7672,POINT (-86.7672 36.1109)
20190046643,01/18/2019 09:59:00 AM,2,0,0,,N,485261,11,Front to Rear,22,CLOUDY,1,DAYLIGHT,12,MOTOR VEHICLE IN TRANSPORT,SUMMER PL & S 5TH ST,NASHVILLE,TN,37206,1013,EAST,36.1655,-86.7601,POINT (-86.7601 36.1655)
20190566483,07/30/2019 10:52:00 AM,3,2,0,,N,462474,11,Front to Rear,21,CLEAR,1,DAYLIGHT,12,MOTOR VEHICLE IN TRANSPORT,BATTERY LN & PADDOCK PK,NASHVILLE,TN,37220,7105,MIDTOW,36.0887,-86.7947,POINT (-86.7947 36.0887)
20190557435,07/26/2019 10:24:00 AM,2,0,0,,Y,109534,11,Front to Rear,21,CLEAR,1,DAYLIGHT,12,MOTOR VEHICLE IN TRANSPORT,MM 211 5 I 40,NASHVILLE,TN,37210,8204,HERMIT,36.1514,-86.7517,POINT (-86.7517 36.1514)
20190210410,03/18/2019 01:18:00 PM,2,0,0,,N,330427,4,ANGLE,21,CLEAR,1,DAYLIGHT,12,MOTOR VEHICLE IN TRANSPORT,MILDRED SHUTE AV & 4TH AVS,NASHVILLE,TN,37210,8143,SOUTH,36.1466,-86.7675,POINT (-86.7675 36.1466)
20190524053,07/13/2019 12:00:00 AM,3,0,0,Y,Y,320578,0,NOT COLLISION W/MOTOR VEHICLE-TRANSPORT,21,CLEAR,3,DARK - LIGHTED,14;40,PARKED MOTOR VEHICLE;MAIL BOX,SHIHMEN DR & SHIHMEN CT,ANTIOCH,TN,37013,8713,SOUTH,36.0533,-86.6842,POINT (-86.6842 36.0533)
20190102573,02/07/2019 08:56:00 AM,2,1,0,,N,630627,11,Front to Rear,22,CLOUDY,1,DAYLIGHT,12,MOTOR VEHICLE IN TRANSPORT,WOODMONT BLVD & AMANDA AV,NASHVILLE,TN,37215,6413,MIDTOW,36.1133,-86.8031,POINT (-86.8031 36.1133)
20190512543,07/08/2019 12:00:00 AM,2,0,0,,N,256441,11,Front to Rear,21,CLEAR,1,DAYLIGHT,12,MOTOR VEHICLE IN TRANSPORT,EDMONDSON PKE & WEXFORD DOWNS LN,NASHVILLE,TN,37211,8651,MIDTOW,36.0198,-86.7421,POINT (-86.7421 36.0198)
20190110635,02/10/2019 03:40:00 PM,2,0,0,,N,311328,11,Front to Rear,2,RAIN,1,DAYLIGHT,12,MOTOR VEHICLE IN TRANSPORT,5TH AVN & CHURCH ST,NASHVILLE,TN,37219,4141,CENTRA,36.1634,-86.7803,POINT (-86.7803 36.1634)
20190487916,06/28/2019 06:50:00 AM,2,0,0,,N,665896,5,SIDESWIPE - SAME DIRECTION,21,CLEAR,1,DAYLIGHT,12,MOTOR VEHICLE IN TRANSPORT,JAMES ROBERTSON PKWY & ELLINGTON PKWY N,NASHVILLE,TN,37206,1109,EAST,36.1718,-86.768,POINT (-86.768 36.1718)
20190188444,03/10/2019 08:20:00 AM,2,0,0,,N,140790,11,Front to Rear,21,CLEAR,1,DAYLIGHT,12,MOTOR VEHICLE IN TRANSPORT,JUAREZ DR & OLD HICKORY BLVD,HERMITAGE,TN,37076,9531,HERMIT,36.1983,-86.6201,POINT (-86.6201 36.1983)
20190392302,05/22/2019 09:30:00 PM,2,0,0,,Y,256389,98,OTHER,21,CLEAR,3,DARK - LIGHTED,12;14,MOTOR VEHICLE IN TRANSPORT;PARKED MOTOR VEHICLE,SWEETBRIAR AV & BELMONT BLVD,NASHVILLE,TN,37212,6511,MIDTOW,36.1248,-86.7949,POINT (-86.7949 36.1248)
20190175442,03/05/2019 05:27:00 PM,2,0,0,,N,197054,11,Front to Rear,21,CLEAR,1,DAYLIGHT,12,MOTOR VEHICLE IN TRANSPORT,MM 215 0 I 40,NASHVILLE,TN,37214,91021,HERMIT,36.1444,-86.6948,POINT (-86.6948 36.1444)
20190421217,06/02/2019 07:13:00 PM,2,0,0,Y,Y,320585,11,Front to Rear,21,CLEAR,1,DAYLIGHT,12,MOTOR VEHICLE IN TRANSPORT,ARLINGTON AV & POPLAR AV,NASHVILLE,TN,37210,9015,HERMIT,36.1422,-86.731,POINT (-86.731 36.1422)
20190548780,07/23/2019 06:38:00 AM,2,0,0,,N,716886,11,Front to Rear,21,CLEAR,1,DAYLIGHT,12,MOTOR VEHICLE IN TRANSPORT,BELL RD & HICKORY HOLLOW PKWY,ANTIOCH,TN,37013,8871,SOUTH,36.0779,-86.6875,POINT (-86.6875 36.0779)
20190292716,04/16/2019 03:41:00 PM,2,0,0,,N,279124,11,Front to Rear,21,CLEAR,1,DAYLIGHT,12,MOTOR VEHICLE IN TRANSPORT,MM 52 0 I 24,NASHVILLE,TN,37217,8816,SOUTH,36.1329,-86.7267,POINT (-86.7267 36.1329)
20190316313,04/24/2019 11:35:00 AM,2,0,0,,N,226136,4,ANGLE,22,CLOUDY,1,DAYLIGHT,12,MOTOR VEHICLE IN TRANSPORT,WEDGEWOOD AV & E BELMONT CIR,NASHVILLE,TN,37212,6613,MIDTOW,36.1362,-86.794,POINT (-86.794 36.1362)
20190130548,02/17/2019 05:49:00 PM,2,0,0,,N,110092,5,SIDESWIPE - SAME DIRECTION,2,RAIN,3,DARK - LIGHTED,12,MOTOR VEHICLE IN TRANSPORT,OLD HICKORY BLVD & CENTRAL PKE,HERMITAGE,TN,37076,9557,HERMIT,36.1676,-86.7787,POINT (-86.7787 36.1676)
20190439172,06/09/2019 06:10:00 PM,2,0,0,,N,109536,11,Front to Rear,2,RAIN,1,DAYLIGHT,12,MOTOR VEHICLE IN TRANSPORT,MM 91 0 I 65,MADISON,TN,37115,20044,MADISO,36.2478,-86.7432,POINT (-86.7432 36.2478)
20190273647,04/09/2019 04:00:00 PM,3,1,0,,Y,206675,11,Front to Rear,21,CLEAR,1,DAYLIGHT,12,MOTOR VEHICLE IN TRANSPORT,EDMONDSON PKE & WHISPERING HILLS DR,NASHVILLE,TN,37211,8661,MIDTOW,36.0729,-86.7325,POINT (-86.7325 36.0729)
20190353049,05/08/2019 09:30:00 AM,2,0,0,,N,262757,5,SIDESWIPE - SAME DIRECTION,21,CLEAR,1,DAYLIGHT,12,MOTOR VEHICLE IN TRANSPORT,MM 213 1 I 40,NASHVILLE,TN,37210,82061,HERMIT,36.14,-86.7295,POINT (-86.7295 36.14)
20190052340,01/20/2019 11:12:00 PM,2,0,0,,Y,415780,5,SIDESWIPE - SAME DIRECTION,21,CLEAR,3,DARK - LIGHTED,12,MOTOR VEHICLE IN TRANSPORT,NOLENSVILLE PKE & MCMURRAY DR,NASHVILLE,TN,37211,8711,SOUTH,36.0611,-86.7166,POINT (-86.7166 36.0611)
20190381063,05/18/2019 04:30:00 PM,2,0,0,,N,311344,4,ANGLE,21,CLEAR,1,DAYLIGHT,12,MOTOR VEHICLE IN TRANSPORT,GALLATIN PKES & BERKLEY DR,MADISON,TN,37115,1519,MADISO,36.247,-86.721,POINT (-86.721 36.247)
20190302301,04/19/2019 03:24:00 PM,2,1,0,,N,298867,11,Front to Rear,2,RAIN,1,DAYLIGHT,12,MOTOR VEHICLE IN TRANSPORT,W TRINITY LN & I65 N ENT RAMP,NASHVILLE,TN,37207,1863,EAST,36.2063,-86.7735,POINT (-86.7735 36.2063)
20190531037,07/16/2019 07:40:00 AM,2,0,0,,Y,320601,6,SIDESWIPE - OPPOSITE DIRECTION,21,CLEAR,1,DAYLIGHT,12,MOTOR VEHICLE IN TRANSPORT,HARDING PL & WHISPERING OAKS PL,NASHVILLE,TN,37211,8419,SOUTH,36.0817,-86.7137,POINT (-86.7137 36.0817)
20190261969,04/05/2019 06:45:00 AM,2,1,0,,N,279227,98,OTHER,22,CLOUDY,1,DAYLIGHT,12,MOTOR VEHICLE IN TRANSPORT,PARAGON MILLS RD & CITRUS DR,NASHVILLE,TN,37211,8441,SOUTH,36.0874,-86.7111,POINT (-86.7111 36.0874)
20190509068,07/06/2019 05:09:00 PM,2,0,0,,Y,320599,4,ANGLE,22,CLOUDY,1,DAYLIGHT,12,MOTOR VEHICLE IN TRANSPORT,BOROWOOD DR & WILDFLOWER LN,NASHVILLE,TN,37217,8935,HERMIT,36.091,-86.6501,POINT (-86.6501 36.091)
20190152653,02/25/2019 02:26:00 PM,2,0,0,,Y,191578,11,Front to Rear,21,CLEAR,1,DAYLIGHT,12,MOTOR VEHICLE IN TRANSPORT,CENTRAL PKE & FRIST BLVD,HERMITAGE,TN,37076,9529,HERMIT,36.1741,-86.6085,POINT (-86.6085 36.1741)
20190521666,07/12/2019 06:52:00 AM,3,0,0,,N,716886,11,Front to Rear,21,CLEAR,1,DAYLIGHT,12,MOTOR VEHICLE IN TRANSPORT,MM 51 2 I 24,NASHVILLE,TN,37210,81020,SOUTH,36.1299,-86.7278,POINT (-86.7278 36.1299)
20190471182,06/21/2019 12:49:00 PM,2,0,0,,N,226622,4,ANGLE,22,CLOUDY,1,DAYLIGHT,12,MOTOR VEHICLE IN TRANSPORT,HIGHWAY 70S & I40 E ENT RAMP,NASHVILLE,TN,37221,4813,WEST,36.0808,-86.9556,POINT (-86.9556 36.0808)
20190118770,02/13/2019 08:22:00 AM,2,3,0,,N,630627,4,ANGLE,21,CLEAR,1,DAYLIGHT,12,MOTOR VEHICLE IN TRANSPORT,21ST AVS & DIXIE PL,NASHVILLE,TN,37212,6625,MIDTOW,36.1407,-86.8003,POINT (-86.8003 36.1407)
20190191727,03/11/2019 04:57:00 PM,2,0,0,,N,212346,5,SIDESWIPE - SAME DIRECTION,21,CLEAR,1,DAYLIGHT,12,MOTOR VEHICLE IN TRANSPORT,MM 85 5 I 65,NASHVILLE,TN,37208,4304,CENTRA,36.1888,-86.793,POINT (-86.793 36.1888)
20190050483,01/19/2019 11:47:00 PM,2,0,0,,Y,212334,5,SIDESWIPE - SAME DIRECTION,3,"SLEET, HAIL",3,DARK - LIGHTED,14,PARKED MOTOR VEHICLE,HAMPTON ST & AVONDALE CIR,NASHVILLE,TN,37207,3019,NORTH,36.2089,-86.7791,POINT (-86.7791 36.2089)
20190246299,03/30/2019 02:00:00 PM,2,0,0,,N,256386,5,SIDESWIPE - SAME DIRECTION,21,CLEAR,1,DAYLIGHT,12,MOTOR VEHICLE IN TRANSPORT,STATE HWY 255 & CONNECTING ROAD,NASHVILLE,TN,37214,8953,HERMIT,36.1387,-86.6654,POINT (-86.6654 36.1387)
20190284900,04/13/2019 08:05:00 PM,2,0,0,,Y,320577,11,Front to Rear,21,CLEAR,3,DARK - LIGHTED,12,MOTOR VEHICLE IN TRANSPORT,NOLENSVILLE PKE & I440 W EXT RAMP,NASHVILLE,TN,37211,8043,MIDTOW,36.1241,-86.7517,POINT (-86.7517 36.1241)
20190469289,06/20/2019 07:41:00 PM,2,0,0,,N,256380,11,Front to Rear,21,CLEAR,1,DAYLIGHT,12,MOTOR VEHICLE IN TRANSPORT,MM 34 3 I 24,JOELTON,TN,37080,2304,NORTH,36.3259,-86.8794,POINT (-86.8794 36.3259)
20190244218,03/29/2019 04:00:00 PM,2,0,0,,N,240955,11,Front to Rear,22,CLOUDY,1,DAYLIGHT,12,MOTOR VEHICLE IN TRANSPORT,MURFREESBORO PKE & HURRICANE CREEK BLVD,ANTIOCH,TN,37013,8869,SOUTH,36.0302,-86.5926,POINT (-86.5926 36.0302)
20190539276,07/19/2019 07:50:00 AM,2,0,0,,Y,716886,11,Front to Rear,21,CLEAR,1,DAYLIGHT,12,MOTOR VEHICLE IN TRANSPORT,HICKORY VALLEY CONDOS PVTDR & OLD HICKOR,NASHVILLE,TN,37211,8717,SOUTH,36.0457,-86.7064,POINT (-86.7064 36.0457)
20190547162,07/22/2019 03:45:00 PM,5,3,0,,N,352172,11,Front to Rear,2,RAIN,1,DAYLIGHT,12,MOTOR VEHICLE IN TRANSPORT,OLD HICKORY BLVD & HIGHWAY 70S,NASHVILLE,TN,37221,4901,WEST,36.0742,-86.9208,POINT (-86.9208 36.0742)
20190142482,02/21/2019 04:43:00 PM,2,0,0,,N,256379,11,Front to Rear,2,RAIN,5,DUSK,12,MOTOR VEHICLE IN TRANSPORT,HAVENHILL DR & FOOTHILL DR,NASHVILLE,TN,37217,8873,SOUTH,36.1303,-86.719,POINT (-86.719 36.1303)
20190558022,07/26/2019 04:06:00 PM,2,0,0,,N,279225,5,SIDESWIPE - SAME DIRECTION,21,CLEAR,1,DAYLIGHT,12,MOTOR VEHICLE IN TRANSPORT,MM 214 2 I 40,NASHVILLE,TN,37210,90062,HERMIT,36.1424,-86.7107,POINT (-86.7107 36.1424)
20190136426,02/19/2019 05:37:00 PM,2,0,0,,N,279124,11,Front to Rear,2,RAIN,3,DARK - LIGHTED,12,MOTOR VEHICLE IN TRANSPORT,TUSCULUM RD & BREWER DR,NASHVILLE,TN,37211,8715,SOUTH,36.0577,-86.702,POINT (-86.702 36.0577)
20190334955,05/01/2019 11:50:00 AM,1,0,0,Y,N,834798,0,NOT COLLISION W/MOTOR VEHICLE-TRANSPORT,21,CLEAR,1,DAYLIGHT,37,Other Traffic Barrier,HART ST & 4TH AVS,NASHVILLE,TN,37210,8169,SOUTH,36.1424,-86.765,POINT (-86.765 36.1424)
20190108218,02/09/2019 11:15:00 AM,2,0,0,,Y,468031,5,SIDESWIPE - SAME DIRECTION,21,CLEAR,1,DAYLIGHT,12,MOTOR VEHICLE IN TRANSPORT,MM 212 0 I 40,NASHVILLE,TN,37210,90041,HERMIT,36.147,-86.7433,POINT (-86.7433 36.147)