Accident Number,Date and Time,Number of Motor Vehicles,Number of Injuries,Number of Fatalities,Property Damage,Hit and Run,Reporting Officer,Collision Type Code,Collision Type Description,Weather Code,Weather Description,Illumination Code,Illumination Description,Harmful Code,Harmful Code Description,Street Address,City,State,ZIP,RPA,Precinct,Latitude,Longitude,Mapped Location
20190576326,08/02/2019 12:00:00 AM,2,0,0,,Y,320583,4,ANGLE,2,RAIN,3,DARK - LIGHTED,12;14,MOTOR VEHICLE IN TRANSPORT;PARKED MOTOR VEHICLE,PRIMROSE AV & PRIMROSE CIR,NASHVILLE,TN,37212,6501,MIDTOW,36.1207,-86.7996,POINT (-86.7996 36.1207)
20190012770,01/05/2019 10:22:00 PM,2,0,0,Y,Y,311341,4,ANGLE,21,CLEAR,3,DARK - LIGHTED,14,PARKED MOTOR VEHICLE,CHARLOTTE AV & 48TH AVN,NASHVILLE,TN,37209,5127,WEST,36.1521,-86.8449,POINT (-86.8449 36.1521)
20190306865,04/21/2019 04:24:00 PM,2,1,0,,Y,256426,11,Front to Rear,21,CLEAR,1,DAYLIGHT,12,MOTOR VEHICLE IN TRANSPORT,BRILEY PKWY S EXT RAMP & ELM HILL PKE EB,NASHVILLE,TN,37210,9039,HERMIT,36.1514,-86.692,POINT (-86.692 36.1514)
20190543343,07/20/2019 10:35:00 PM,1,1,0,,N,299238,0,NOT COLLISION W/MOTOR VEHICLE-TRANSPORT,21,CLEAR,3,DARK - LIGHTED,8,PEDESTRIAN,MAIN ST & SPRING ST,NASHVILLE,TN,37206,1997,EAST,36.1728,-86.7653,POINT (-86.7653 36.1728)
20190204626,03/16/2019 12:23:00 AM,2,1,0,,N,206672,4,ANGLE,21,CLEAR,2,DARK - NOT LIGHTED,12,MOTOR VEHICLE IN TRANSPORT,NEELYS BEND RD & LARKIN SPRINGS RD,MADISON,TN,37115,1613,MADISO,36.2496,-86.6866,POINT (-86.6866 36.2496)
20190321857,04/26/2019 08:04:00 AM,2,1,0,,N,834798,11,Front to Rear,21,CLEAR,1,DAYLIGHT,12,MOTOR VEHICLE IN TRANSPORT,FRANKLIN PKE & INVERNESS AV,NASHVILLE,TN,37204,6921,MIDTOW,36.1243,-86.7764,POINT (-86.7764 36.1243)
20190262720,04/05/2019 12:50:00 PM,2,0,0,,N,267831,11,Front to Rear,22,CLOUDY,1,DAYLIGHT,12,MOTOR VEHICLE IN TRANSPORT,HILLSBORO CIR & HILLSBORO DR,NASHVILLE,TN,37215,6111,WEST,36.1023,-86.8195,POINT (-86.8195 36.1023)
20190413566,05/30/2019 04:51:00 PM,2,0,0,,N,240955,4,ANGLE,22,CLOUDY,1,DAYLIGHT,12,MOTOR VEHICLE IN TRANSPORT,NOLENSVILLE PKE & AUTUMN OAKS DR,NASHVILLE,TN,37211,8651,MIDTOW,36.0045,-86.6992,POINT (-86.6992 36.0045)
20190012714,01/05/2019 09:56:00 PM,2,0,0,,N,725758,11,Front to Rear,21,CLEAR,3,DARK - LIGHTED,12,MOTOR VEHICLE IN TRANSPORT,WEDGEWOOD AV & BEECH AV,NASHVILLE,TN,37204,6919,MIDTOW,36.1343,-86.7806,POINT (-86.7806 36.1343)
20190003326,01/02/2019 10:06:00 AM,2,0,0,,N,191578,5,SIDESWIPE - SAME DIRECTION,22,CLOUDY,1,DAYLIGHT,12,MOTOR VEHICLE IN TRANSPORT,MM 214 2 I 40,NASHVILLE,TN,37210,90062,HERMIT,36.1424,-86.7107,POINT (-86.7107 36.1424)
20190126634,02/15/2019 09:50:00 PM,2,0,0,,Y,298858,5,SIDESWIPE - SAME DIRECTION,2,RAIN,2,DARK - NOT LIGHTED,12;7,MOTOR VEHICLE IN TRANSPORT,MM 86 5 I 65,NASHVILLE,TN,37207,3006,NORTH,36.1946,-86.7762,POINT (-86.7762 36.1946)
20190347764,05/06/2019 12:00:00 AM,2,2,0,,N,279118,4,ANGLE,21,CLEAR,1,DAYLIGHT,12,MOTOR VEHICLE IN TRANSPORT,LINBAR DR & HARDING PL,NASHVILLE,TN,37211,8705,SOUTH,36.0842,-86.7059,POINT (-86.7059 36.0842)
20190555690,07/25/2019 05:22:00 PM,2,0,0,,N,320603,5,SIDESWIPE - SAME DIRECTION,21,CLEAR,1,DAYLIGHT,12,MOTOR VEHICLE IN TRANSPORT,COLICE JEANNE RD & OLD HARDING PKE,NASHVILLE,TN,37221,4817,WEST,36.0687,-86.9329,POINT (-86.9329 36.0687)
20190374766,05/16/2019 11:00:00 AM,2,1,0,,N,226136,3,REAR-TO-REAR,21,CLEAR,1,DAYLIGHT,12,MOTOR VEHICLE IN TRANSPORT,THOMPSON LN & SIDCO DR,NASHVILLE,TN,37204,8525,MIDTOW,36.1112,-86.7559,POINT (-86.7559 36.1112)
20190051692,01/20/2019 03:40:00 PM,2,0,0,,Y,420040,5,SIDESWIPE - SAME DIRECTION,22,CLOUDY,1,DAYLIGHT,12,MOTOR VEHICLE IN TRANSPORT,DEMONBREUN ST & 14TH AVS,NASHVILLE,TN,37203,6721,MIDTOW,36.1536,-86.7884,POINT (-86.7884 36.1536)
20190162640,02/28/2019 06:22:00 PM,2,0,0,,Y,281611,11,Front to Rear,21,CLEAR,3,DARK - LIGHTED,12,MOTOR VEHICLE IN TRANSPORT,OLD HARDING PKE & HICKS RD,NASHVILLE,TN,37221,4901,WEST,36.0727,-86.9265,POINT (-86.9265 36.0727)
20190410919,05/29/2019 06:17:00 PM,2,0,0,,N,633391,11,Front to Rear,21,CLEAR,1,DAYLIGHT,12,MOTOR VEHICLE IN TRANSPORT,MM 201 3 I 40,NASHVILLE,TN,37209,46027,WEST,36.1339,-86.8958,POINT (-86.8958 36.1339)
20190267462,04/07/2019 12:10:00 PM,2,1,0,,N,419997,4,ANGLE,22,CLOUDY,1,DAYLIGHT,12,MOTOR VEHICLE IN TRANSPORT,CHARLOTTE PKE & OCEOLA AV,NASHVILLE,TN,37209,5025,WEST,36.1495,-86.8605,POINT (-86.8605 36.1495)
20190273696,04/09/2019 06:44:00 PM,2,1,0,,Y,256383,4,ANGLE,21,CLEAR,1,DAYLIGHT,12,MOTOR VEHICLE IN TRANSPORT,I24 E EXT RAMP & I 24,NASHVILLE,TN,37207,30080,NORTH,36.2378,-86.7872,POINT (-86.7872 36.2378)
20190550243,07/23/2019 06:37:00 PM,2,0,0,,N,197047,4,ANGLE,21,CLEAR,1,DAYLIGHT,12,MOTOR VEHICLE IN TRANSPORT,GALLATIN PKE & STRATFORD AV,NASHVILLE,TN,37216,1817,EAST,36.2147,-86.7304,POINT (-86.7304 36.2147)
20190281897,04/12/2019 03:25:00 PM,2,0,0,,Y,807326,5,SIDESWIPE - SAME DIRECTION,22,CLOUDY,1,DAYLIGHT,12,MOTOR VEHICLE IN TRANSPORT,3RD AVS & LEA AV,NASHVILLE,TN,37210,4031,CENTRA,36.155,-86.7719,POINT (-86.7719 36.155)
20190453218,06/14/2019 02:50:00 PM,2,0,0,,N,352207,5,SIDESWIPE - SAME DIRECTION,21,CLEAR,1,DAYLIGHT,12,MOTOR VEHICLE IN TRANSPORT,WEST END AV & I440 W ENT RAMP,NASHVILLE,TN,37205,6002,WEST,36.137,-86.8215,POINT (-86.8215 36.137)
20190100818,02/06/2019 04:27:00 PM,2,0,0,,N,267831,11,Front to Rear,2,RAIN,5,DUSK,12,MOTOR VEHICLE IN TRANSPORT,WHITE BRIDGE PKE & SAINT MARYS CAMPUS PV,NASHVILLE,TN,37205,5017,WEST,36.1277,-86.8515,POINT (-86.8515 36.1277)
20190198016,03/13/2019 12:00:00 AM,2,0,0,,N,298877,5,SIDESWIPE - SAME DIRECTION,21,CLEAR,1,DAYLIGHT,12,MOTOR VEHICLE IN TRANSPORT,METROPLEX DR & HARDING PL,NASHVILLE,TN,37211,8845,SOUTH,36.0873,-86.6959,POINT (-86.6959 36.0873)
20190420893,06/02/2019 03:38:00 PM,2,0,0,,N,320582,4,ANGLE,21,CLEAR,1,DAYLIGHT,12,MOTOR VEHICLE IN TRANSPORT,E TRINITY LN & SULTANA AV,NASHVILLE,TN,37207,1859,EAST,36.2055,-86.7634,POINT (-86.7634 36.2055)
20190323869,04/27/2019 04:10:00 PM,2,1,0,,N,594473,5,SIDESWIPE - SAME DIRECTION,21,CLEAR,1,DAYLIGHT,12,MOTOR VEHICLE IN TRANSPORT,OPRY PL & 5TH AVN,NASHVILLE,TN,37219,4107,CENTRA,36.1619,-86.7793,POINT (-86.7793 36.1619)
20190483883,06/26/2019 07:19:00 PM,2,4,0,,N,311337,4,ANGLE,21,CLEAR,1,DAYLIGHT,12,MOTOR VEHICLE IN TRANSPORT,CENTRAL PKE & OLD HICKORY BLVD,HERMITAGE,TN,37076,9529,HERMIT,36.1736,-86.6021,POINT (-86.6021 36.1736)
20190107716,02/09/2019 04:20:00 AM,1,0,0,Y,N,320598,0,NOT COLLISION W/MOTOR VEHICLE-TRANSPORT,21,CLEAR,3,DARK - LIGHTED,33;39,CURB;WALL,EDMONDSON PKE & MCMURRAY DR,NASHVILLE,TN,37220,8615,MIDTOW,36.0579,-86.7418,POINT (-86.7418 36.0579)
20190250926,04/01/2019 12:39:00 PM,2,0,0,,N,311339,4,ANGLE,21,CLEAR,1,DAYLIGHT,12,MOTOR VEHICLE IN TRANSPORT,4TH AVS & I40 W EXT RAMP,NASHVILLE,TN,37203,4007,CENTRA,36.1509,-86.7706,POINT (-86.7706 36.1509)
20190280342,04/12/2019 01:31:00 AM,2,0,0,,N,279213,5,SIDESWIPE - SAME DIRECTION,21,CLEAR,3,DARK - LIGHTED,12,MOTOR VEHICLE IN TRANSPORT,BRILEY PKWY W EXT RAMP & BRILEY PKWYW,NASHVILLE,TN,37218,3219,NORTH,36.23,-86.8304,POINT (-86.8304 36.23)
20190217700,03/20/2019 05:08:00 PM,2,1,0,,N,311337,11,Front to Rear,21,CLEAR,1,DAYLIGHT,12,MOTOR VEHICLE IN TRANSPORT,BELL RD & DAVENPORT DR,NASHVILLE,TN,37217,8963,HERMIT,36.0765,-86.6349,POINT (-86.6349 36.0765)
20190193559,03/11/2019 09:43:00 PM,2,0,0,,Y,665896,4,ANGLE,21,CLEAR,2,DARK - NOT LIGHTED,12;14,MOTOR VEHICLE IN TRANSPORT;PARKED MOTOR VEHICLE,GRANADA AV & LAURENT ST,NASHVILLE,TN,37206,1927,EAST,36.1888,-86.752,POINT (-86.752 36.1888)
20190504661,07/04/2019 04:51:00 PM,2,0,0,,N,298863,4,ANGLE,21,CLEAR,1,DAYLIGHT,12,MOTOR VEHICLE IN TRANSPORT,LAFAYETTE ST & DIVISION ST,NASHVILLE,TN,37203,4007,CENTRA,36.1521,-86.7722,POINT (-86.7722 36.1521)
20190308754,04/21/2019 12:00:00 AM,2,0,0,,Y,279230,6,SIDESWIPE - OPPOSITE DIRECTION,21,CLEAR,1,DAYLIGHT,14,PARKED MOTOR VEHICLE,WAIKIKI BLVD & HONOLULU RD,ANTIOCH,TN,37013,8899,SOUTH,36.0725,-86.6787,POINT (-86.6787 36.0725)
20190415421,05/31/2019 07:22:00 AM,2,0,0,,N,226622,5,SIDESWIPE - SAME DIRECTION,21,CLEAR,1,DAYLIGHT,12,MOTOR VEHICLE IN TRANSPORT,MM 196 2 I 40,NASHVILLE,TN,37221,4804,WEST,36.0802,-86.9585,POINT (-86.9585 36.0802)
20190168052,03/03/2019 01:28:00 AM,2,0,0,,N,109543,11,Front to Rear,2,RAIN,3,DARK - LIGHTED,13,MOTOR VEHICLE IN TRANSPORT-OTHER ROADWAY,EAST THOMPSON LN & MURFREESBORO PKE,NASHVILLE,TN,37217,8879,SOUTH,36.1267,-86.7111,POINT (-86.7111 36.1267)
20190257368,04/03/2019 02:53:00 PM,2,1,0,,Y,256446,11,Front to Rear,21,CLEAR,1,DAYLIGHT,12,MOTOR VEHICLE IN TRANSPORT,COLLINS PARK DR & BELL RD,ANTIOCH,TN,37013,8863,SOUTH,36.0448,-86.6655,POINT (-86.6655 36.0448)
20190554499,07/25/2019 08:00:00 AM,2,0,0,,N,225886,4,ANGLE,21,CLEAR,1,DAYLIGHT,12,MOTOR VEHICLE IN TRANSPORT,JACKSONIAN DR & LEBANON PKE,HERMITAGE,TN,37076,9601,HERMIT,36.1944,-86.6264,POINT (-86.6264 36.1944)
20190354334,05/08/2019 06:46:00 PM,2,0,0,,N,197054,4,ANGLE,21,CLEAR,1,DAYLIGHT,12,MOTOR VEHICLE IN TRANSPORT,MM 213 6 I 40,NASHVILLE,TN,37217,8802,HERMIT,36.1406,-86.7202,POINT (-86.7202 36.1406)
20190101340,02/06/2019 12:00:00 AM,1,0,0,,N,197067,0,NOT COLLISION W/MOTOR VEHICLE-TRANSPORT,2,RAIN,3,DARK - LIGHTED,29;63;7,LUMINAIRE/LIGHT SUPPORT;Ran Off Road-Right,MM 49 1 I 24,NASHVILLE,TN,37206,10040,EAST,36.1647,-86.7634,POINT (-86.7634 36.1647)
20190489028,06/28/2019 03:00:00 PM,2,0,0,Y,N,240968,11,Front to Rear,21,CLEAR,1,DAYLIGHT,14,PARKED MOTOR VEHICLE,CASTLEGATE DR & SMITH SPRINGS RD,NASHVILLE,TN,37217,8929,HERMIT,36.0892,-86.6148,POINT (-86.6148 36.0892)
20190362939,05/12/2019 02:55:00 AM,2,0,0,,N,212335,11,Front to Rear,2,RAIN,3,DARK - LIGHTED,12,MOTOR VEHICLE IN TRANSPORT,10TH AVS & BROADWAY,NASHVILLE,TN,37203,4077,CENTRA,36.158,-86.7843,POINT (-86.7843 36.158)
20190343661,05/04/2019 08:26:00 PM,2,3,0,,N,299267,4,ANGLE,2,RAIN,3,DARK - LIGHTED,12,MOTOR VEHICLE IN TRANSPORT,OLD HICKORY BLVD & EDMONDSON PKE,NASHVILLE,TN,37220,8615,MIDTOW,36.04,-86.7435,POINT (-86.7435 36.04)
20190387424,05/21/2019 08:10:00 AM,2,0,0,,N,352158,11,Front to Rear,21,CLEAR,1,DAYLIGHT,12,MOTOR VEHICLE IN TRANSPORT,I40 W ENT RAMP & I 40,NASHVILLE,TN,37210,9007,HERMIT,36.1484,-86.7454,POINT (-86.7454 36.1484)
20190467667,06/20/2019 09:29:00 AM,2,0,0,,N,352189,11,Front to Rear,22,CLOUDY,1,DAYLIGHT,12,MOTOR VEHICLE IN TRANSPORT,MM 79 7 I 65,NASHVILLE,TN,37204,8504,MIDTOW,36.1092,-86.7698,POINT (-86.7698 36.1092)
20190397062,05/24/2019 09:34:00 AM,2,0,0,,N,156307,11,Front to Rear,21,CLEAR,1,DAYLIGHT,12,MOTOR VEHICLE IN TRANSPORT,MM 39 0 I 24,WHITES CREEK,TN,37189,33181,NORTH,36.2971,-86.8115,POINT (-86.8115 36.2971)
20190116842,02/12/2019 06:26:00 PM,2,1,0,,N,256383,5,SIDESWIPE - SAME DIRECTION,21,CLEAR,2,DARK - NOT LIGHTED,12,MOTOR VEHICLE IN TRANSPORT,BELL FORGE LNE & BELL RD,ANTIOCH,TN,37013,8865,SOUTH,36.0505,-86.6468,POINT (-86.6468 36.0505)
20190382929,05/19/2019 12:00:00 AM,2,0,0,,Y,299258,5,SIDESWIPE - SAME DIRECTION,22,CLOUDY,1,DAYLIGHT,12,MOTOR VEHICLE IN TRANSPORT,MM 86 5 I 65,NASHVILLE,TN,37207,3006,NORTH,36.1946,-86.7762,POINT (-86.7762 36.1946)
20190478066,06/24/2019 04:45:00 PM,2,0,0,,N,579971,4,ANGLE,21,CLEAR,1,DAYLIGHT,12,MOTOR VEHICLE IN TRANSPORT,CROSSINGS PL & CROSSINGS BLVD,ANTIOCH,TN,37013,8863,SOUTH,36.0444,-86.6482,POINT (-86.6482 36.0444)
20190324170,04/27/2019 03:44:00 AM,2,0,0,,N,298879,11,Front to Rear,21,CLEAR,3,DARK - LIGHTED,12,MOTOR VEHICLE IN TRANSPORT,SONYA DR & STONECREST DR,NASHVILLE,TN,37205,4903,WEST,36.1127,-86.92,POINT (-86.92 36.1127)
20190371805,05/15/2019 11:28:00 AM,3,1,0,,N,834798,11,Front to Rear,2,RAIN,1,DAYLIGHT,12,MOTOR VEHICLE IN TRANSPORT,WEDGEWOOD AV & BEECH AV,NASHVILLE,TN,37204,6919,MIDTOW,36.1343,-86.7806,POINT (-86.7806 36.1343)
20190240365,03/28/2019 11:05:00 AM,2,0,0,,N,462474,16,Rear to Side,21,CLEAR,1,DAYLIGHT,12,MOTOR VEHICLE IN TRANSPORT,RAYMOND ST & NOLENSVILLE PKE,NASHVILLE,TN,37211,8513,MIDTOW,36.0988,-86.7391,POINT (-86.7391 36.0988)
20190528741,07/12/2019 03:40:00 PM,2,0,0,,Y,223502,11,Front to Rear,21,CLEAR,1,DAYLIGHT,12,MOTOR VEHICLE IN TRANSPORT,0 I 440,NASHVILLE,TN,37210,81040,SOUTH,36.1244,-86.7425,POINT (-86.7425 36.1244)
20190566987,07/30/2019 02:56:00 PM,2,1,0,,N,690942,4,ANGLE,21,CLEAR,1,DAYLIGHT,12,MOTOR VEHICLE IN TRANSPORT,8TH AVS & 8TH AVS,NASHVILLE,TN,37203,4041,CENTRA,36.1545,-86.7796,POINT (-86.7796 36.1545)
20190136581,02/19/2019 06:50:00 PM,1,0,0,Y,N,320581,0,NOT COLLISION W/MOTOR VEHICLE-TRANSPORT,2,RAIN,3,DARK - LIGHTED,33,CURB,ROSA L PARKS BLVD & LOCKLAYER ST,NASHVILLE,TN,37208,4239,NORTH,36.1714,-86.7902,POINT (-86.7902 36.1714)
20190145259,02/22/2019 01:57:00 PM,2,0,0,,Y,676834,11,Front to Rear,2,RAIN,1,DAYLIGHT,12,MOTOR VEHICLE IN TRANSPORT,BRILEY PKWYW & BRILEY PKWY W EXT RAMP,MADISON,TN,37115,1598,MADISO,36.2346,-86.7177,POINT (-86.7177 36.2346)
20190037336,01/15/2019 08:00:00 AM,2,0,0,,N,278580,11,Front to Rear,22,CLOUDY,1,DAYLIGHT,12,MOTOR VEHICLE IN TRANSPORT,HIGHWAY 100 & EXCHANGE CLUB GRNWY,NASHVILLE,TN,37221,4807,WEST,36.0543,-86.9291,POINT (-86.9291 36.0543)
20190224559,03/22/2019 06:00:00 PM,2,0,0,,Y,206675,11,Front to Rear,21,CLEAR,1,DAYLIGHT,12,MOTOR VEHICLE IN TRANSPORT,NOLENSVILLE PKE & HARDING PL,NASHVILLE,TN,37211,8501,MIDTOW,36.0807,-86.7267,POINT (-86.7267 36.0807)
20190271052,04/08/2019 09:08:00 PM,2,1,0,,N,240966,4,ANGLE,21,CLEAR,3,DARK - LIGHTED,12,MOTOR VEHICLE IN TRANSPORT,DICKERSON PKE & GATEWOOD AV,NASHVILLE,TN,37207,1861,EAST,36.2009,-86.7697,POINT (-86.7697 36.2009)
20190371770,05/15/2019 11:07:00 AM,2,0,0,,N,716886,11,Front to Rear,2,RAIN,1,DAYLIGHT,12,MOTOR VEHICLE IN TRANSPORT,LOGISTICS WAY & OLD HICKORY BLVD,ANTIOCH,TN,37013,8869,SOUTH,36.0326,-86.6119,POINT (-86.6119 36.0326)
20190168615,03/03/2019 10:14:00 AM,2,1,0,,N,799013,4,ANGLE,2,RAIN,1,DAYLIGHT,12;36,MOTOR VEHICLE IN TRANSPORT;CONCRETE TRAFFIC BARRIER,BRILEY PKWYN & BRILEY PKWY N ENT RAMP,NASHVILLE,TN,37214,9203,HERMIT,36.1716,-86.6885,POINT (-86.6885 36.1716)
20190084337,01/31/2019 07:33:00 PM,2,0,0,,N,240959,11,Front to Rear,21,CLEAR,3,DARK - LIGHTED,1;12;14,MOTOR VEHICLE IN TRANSPORT;PARKED MOTOR VEHICLE,ARDEE AV & MCGAVOCK PKE,NASHVILLE,TN,37216,1423,EAST,36.2119,-86.7153,POINT (-86.7153 36.2119)
20190086881,02/01/2019 03:20:00 PM,2,0,0,,N,279196,11,Front to Rear,21,CLEAR,1,DAYLIGHT,12,MOTOR VEHICLE IN TRANSPORT,OLD HICKORY BLVDW & I65 N ENT RAMP,MADISON,TN,37115,1777,MADISO,36.2643,-86.7361,POINT (-86.7361 36.2643)
20190209622,03/18/2019 07:34:00 AM,2,0,0,,N,594473,5,SIDESWIPE - SAME DIRECTION,21,CLEAR,1,DAYLIGHT,12,MOTOR VEHICLE IN TRANSPORT,NOLENSVILLE PKE & THOMPSON LN,NASHVILLE,TN,37211,8425,SOUTH,36.1109,-86.7452,POINT (-86.7452 36.1109)
20190566239,07/30/2019 08:48:00 AM,2,0,0,,N,462474,5,SIDESWIPE - SAME DIRECTION,22,CLOUDY,1,DAYLIGHT,12,MOTOR VEHICLE IN TRANSPORT,OLD HICKORY BLVD & WILSON PIKE CIR,NASHVILLE,TN,37220,7111,MIDTOW,36.0375,-86.7858,POINT (-86.7858 36.0375)
20190428317,06/05/2019 10:20:00 AM,2,3,0,,N,716886,4,ANGLE,21,CLEAR,1,DAYLIGHT,12,MOTOR VEHICLE IN TRANSPORT,HARDING PL & TRAVELERS INN DR,NASHVILLE,TN,37211,8705,SOUTH,36.085,-86.7031,POINT (-86.7031 36.085)
20190536769,07/18/2019 08:50:00 AM,1,0,0,,N,716886,0,NOT COLLISION W/MOTOR VEHICLE-TRANSPORT,21,CLEAR,1,DAYLIGHT,18,OTHER OBJECT (NOT FIXED),MM 62 7 I 24,ANTIOCH,TN,37013,8804,SOUTH,36.0129,-86.6187,POINT (-86.6187 36.0129)
20190293582,04/16/2019 10:09:00 PM,2,0,0,,Y,279124,4,ANGLE,21,CLEAR,3,DARK - LIGHTED,12,MOTOR VEHICLE IN TRANSPORT,I40 E EXT RAMP & I 40,NASHVILLE,TN,37214,8955,HERMIT,36.155,-86.6271,POINT (-86.6271 36.155)
20190510623,07/07/2019 03:49:00 PM,2,0,0,,N,405418,11,Front to Rear,2,RAIN,1,DAYLIGHT,12,MOTOR VEHICLE IN TRANSPORT,EDMONDSON PKE & HOLT RD,BRENTWOOD,TN,37027,8623,MIDTOW,36.0138,-86.7383,POINT (-86.7383 36.0138)
20190259535,04/04/2019 09:36:00 AM,2,0,0,,N,485261,11,Front to Rear,22,CLOUDY,1,DAYLIGHT,12,MOTOR VEHICLE IN TRANSPORT,CHARLOTTE AV & GEORGE L DAVIS BLVD,NASHVILLE,TN,37203,4205,CENTRA,36.1612,-86.7927,POINT (-86.7927 36.1612)
20190384303,05/20/2019 07:21:00 AM,2,0,0,,N,279230,5,SIDESWIPE - SAME DIRECTION,21,CLEAR,1,DAYLIGHT,12,MOTOR VEHICLE IN TRANSPORT,HARDING PL & METROPLEX DR,NASHVILLE,TN,37211,8889,SOUTH,36.0868,-86.6959,POINT (-86.6959 36.0868)
20190537341,07/18/2019 02:00:00 PM,2,0,0,,N,676834,11,Front to Rear,21,CLEAR,1,DAYLIGHT,12,MOTOR VEHICLE IN TRANSPORT,MM 85 9 I 65,NASHVILLE,TN,37228,44060,NORTH,36.1915,-86.7873,POINT (-86.7873 36.1915)
20190056015,01/22/2019 08:30:00 AM,2,0,0,,N,226092,5,SIDESWIPE - SAME DIRECTION,21,CLEAR,1,DAYLIGHT,12,MOTOR VEHICLE IN TRANSPORT,CHARLOTTE AV & I40 E EXT RAMP,NASHVILLE,TN,37203,5501,MIDTOW,36.161,-86.7932,POINT (-86.7932 36.161)
20190141009,02/21/2019 06:45:00 AM,1,1,0,Y,N,665896,0,NOT COLLISION W/MOTOR VEHICLE-TRANSPORT,21,CLEAR,1,DAYLIGHT,30;42,UTILITY POLE;TREE,RIVERSIDE DR & HANOVER RD,NASHVILLE,TN,37216,1411,EAST,36.2026,-86.7226,POINT (-86.7226 36.2026)
20190468931,06/20/2019 05:39:00 PM,2,1,0,,N,320585,4,ANGLE,21,CLEAR,1,DAYLIGHT,13,MOTOR VEHICLE IN TRANSPORT-OTHER ROADWAY,AIRPORT CENTER DR & ROYAL PKWY,NASHVILLE,TN,37214,9411,HERMIT,36.1456,-86.663,POINT (-86.663 36.1456)
20190275048,04/10/2019 06:07:00 AM,2,0,0,,N,716886,5,SIDESWIPE - SAME DIRECTION,21,CLEAR,1,DAYLIGHT,12,MOTOR VEHICLE IN TRANSPORT,MM 56 0 I 24,NASHVILLE,TN,37211,8708,SOUTH,36.0818,-86.6975,POINT (-86.6975 36.0818)
20190394631,05/23/2019 03:00:00 PM,2,0,0,,N,161939,11,Front to Rear,21,CLEAR,1,DAYLIGHT,12,MOTOR VEHICLE IN TRANSPORT,MM 60 8 I 24,ANTIOCH,TN,37013,88060,SOUTH,36.0325,-86.6406,POINT (-86.6406 36.0325)
20190332640,04/30/2019 05:08:00 PM,2,0,0,,Y,299241,4,ANGLE,21,CLEAR,1,DAYLIGHT,12,MOTOR VEHICLE IN TRANSPORT,TRENTON DR & ANDREW JACKSON PKWY,HERMITAGE,TN,37076,9537,HERMIT,36.2136,-86.5978,POINT (-86.5978 36.2136)
20190245353,03/30/2019 01:43:00 AM,2,2,0,,N,256495,11,Front to Rear,21,CLEAR,3,DARK - LIGHTED,12,MOTOR VEHICLE IN TRANSPORT,DR D B TODD JR BLVD & 17TH AVN,NASHVILLE,TN,37208,4457,NORTH,36.1796,-86.8109,POINT (-86.8109 36.1796)
20190471861,06/21/2019 04:33:00 PM,2,0,0,,N,311333,11,Front to Rear,22,CLOUDY,1,DAYLIGHT,12,MOTOR VEHICLE IN TRANSPORT,MARTWAY DR & MURFREESBORO PKE,ANTIOCH,TN,37013,8891,SOUTH,36.0782,-86.6431,POINT (-86.6431 36.0782)
20190300094,04/18/2019 07:55:00 PM,2,0,0,,N,151132,5,SIDESWIPE - SAME DIRECTION,22,CLOUDY,5,DUSK,12,MOTOR VEHICLE IN TRANSPORT,GALLATIN PKEN & RIVERGATE PKWY,MADISON,TN,37115,1731,MADISO,36.2973,-86.6988,POINT (-86.6988 36.2973)
20190358810,05/10/2019 09:49:00 AM,2,0,0,,N,226622,4,ANGLE,22,CLOUDY,1,DAYLIGHT,12,MOTOR VEHICLE IN TRANSPORT,DAVIDSON RD & SEDBERRY RD,NASHVILLE,TN,37205,5001,WEST,36.1161,-86.8683,POINT (-86.8683 36.1161)
20190572653,08/01/2019 05:46:00 PM,3,1,0,,N,256379,11,Front to Rear,21,CLEAR,1,DAYLIGHT,12,MOTOR VEHICLE IN TRANSPORT,SOUTHLAKE DR & NEESE DR,NASHVILLE,TN,37211,8423,SOUTH,36.108,-86.7286,POINT (-86.7286 36.108)
20190527096,07/14/2019 05:57:00 PM,2,0,0,,Y,306230,4,ANGLE,21,CLEAR,1,DAYLIGHT,12,MOTOR VEHICLE IN TRANSPORT,ARTHUR AV & JANE ST,NASHVILLE,TN,37208,4451,NORTH,36.1784,-86.8024,POINT (-86.8024 36.1784)
20190253603,04/02/2019 09:40:00 AM,1,0,0,,N,226098,0,NOT COLLISION W/MOTOR VEHICLE-TRANSPORT,21,CLEAR,1,DAYLIGHT,50,DEER (ANIMAL),WHITES CREEK PKE & TRANHAM RD,WHITES CREEK,TN,37189,3303,NORTH,36.2852,-86.84,POINT (-86.84 36.2852)
20190402824,05/26/2019 07:25:00 PM,2,0,0,,N,240960,4,ANGLE,21,CLEAR,3,DARK - LIGHTED,12,MOTOR VEHICLE IN TRANSPORT,GALLATIN PKE & LITTON AV,NASHVILLE,TN,37216,1415,EAST,36.2027,-86.739,POINT (-86.739 36.2027)
20190233720,03/26/2019 05:32:00 AM,2,0,0,Y,N,197075,5,SIDESWIPE - SAME DIRECTION,21,CLEAR,3,DARK - LIGHTED,12;14;25,MOTOR VEHICLE IN TRANSPORT;PARKED MOTOR VEHICLE;GUARDRAIL END,MM 92 4 I 65,MADISON,TN,37115,1704,MADISO,36.2667,-86.7371,POINT (-86.7371 36.2667)