Accident Number,Date and Time,Number of Motor Vehicles,Number of Injuries,Number of Fatalities,Property Damage,Hit and Run,Reporting Officer,Collision Type Code,Collision Type Description,Weather Code,Weather Description,Illumination Code,Illumination Description,Harmful Code,Harmful Code Description,Street Address,City,State,ZIP,RPA,Precinct,Latitude,Longitude,Mapped Location
20190520096,07/11/2019 03:00:00 PM,1,0,0,,N,206675,0,NOT COLLISION W/MOTOR VEHICLE-TRANSPORT,21,CLEAR,1,DAYLIGHT,71,EMBANKMENT EARTH,CREEKSIDE CRSG & CREEKSIDE XING,NASHVILLE,TN,37220,7111,MIDTOW,36.0375,-86.7978,POINT (-86.7978 36.0375)
20190226193,03/23/2019 12:41:00 PM,3,0,0,,Y,279122,11,Front to Rear,21,CLEAR,1,DAYLIGHT,12,MOTOR VEHICLE IN TRANSPORT,MM 87 1 I 65,NASHVILLE,TN,37207,18020,EAST,36.2041,-86.7765,POINT (-86.7765 36.2041)
20190494844,07/01/2019 12:00:00 AM,2,0,0,,N,306231,11,Front to Rear,21,CLEAR,1,DAYLIGHT,12,MOTOR VEHICLE IN TRANSPORT,I24 E EXT RAMP & I 24,NASHVILLE,TN,37207,30080,NORTH,36.2378,-86.7872,POINT (-86.7872 36.2378)
20190228377,03/24/2019 01:44:00 PM,2,0,0,,N,311799,11,Front to Rear,22,CLOUDY,1,DAYLIGHT,12,MOTOR VEHICLE IN TRANSPORT,OLD HICKORY BLVD & DICKERSON PKE,NASHVILLE,TN,37207,2133,MADISO,36.2694,-86.7564,POINT (-86.7564 36.2694)
20190233119,03/26/2019 01:40:00 AM,2,0,0,,N,330414,4,ANGLE,21,CLEAR,3,DARK - LIGHTED,14,PARKED MOTOR VEHICLE,3RD AVS & BROADWAY,NASHVILLE,TN,37201,4105,CENTRA,36.1615,-86.776,POINT (-86.776 36.1615)
20190323143,04/26/2019 05:50:00 PM,2,0,0,,N,256386,11,Front to Rear,21,CLEAR,1,DAYLIGHT,12,MOTOR VEHICLE IN TRANSPORT,MM 214 0 I 40,NASHVILLE,TN,37217,88020,HERMIT,36.1417,-86.7137,POINT (-86.7137 36.1417)
20190178607,03/06/2019 04:00:00 PM,2,0,0,,N,330435,11,Front to Rear,21,CLEAR,1,DAYLIGHT,12,MOTOR VEHICLE IN TRANSPORT,SPRING ST & MAIN ST,NASHVILLE,TN,37206,1113,EAST,36.1728,-86.7653,POINT (-86.7653 36.1728)
20190432106,06/06/2019 04:45:00 PM,2,0,0,,Y,330427,5,SIDESWIPE - SAME DIRECTION,2,RAIN,1,DAYLIGHT,12,MOTOR VEHICLE IN TRANSPORT,MM 85 0 I 65,NASHVILLE,TN,37208,43021,NORTH,36.1799,-86.8005,POINT (-86.8005 36.1799)
20190391621,05/22/2019 04:00:00 PM,2,0,0,,N,179582,11,Front to Rear,21,CLEAR,1,DAYLIGHT,12,MOTOR VEHICLE IN TRANSPORT,I24 E EXT RAMP & I 24,NASHVILLE,TN,37207,30080,NORTH,36.2378,-86.7872,POINT (-86.7872 36.2378)
20190298289,04/18/2019 07:38:00 AM,2,0,0,,Y,110063,5,SIDESWIPE - SAME DIRECTION,21,CLEAR,1,DAYLIGHT,12,MOTOR VEHICLE IN TRANSPORT,I65 S ENT RAMP & I 65,NASHVILLE,TN,37207,3007,NORTH,36.2057,-86.778,POINT (-86.778 36.2057)
20190043366,01/17/2019 07:38:00 AM,2,0,0,,N,429188,4,ANGLE,2,RAIN,1,DAYLIGHT,12,MOTOR VEHICLE IN TRANSPORT,HICKORY HOLLOW PKWY & HICKORY HOLLOW MAL,ANTIOCH,TN,37013,8859,SOUTH,36.0484,-86.6593,POINT (-86.6593 36.0484)
20190393522,05/23/2019 06:58:00 AM,2,0,0,,N,716886,5,SIDESWIPE - SAME DIRECTION,21,CLEAR,1,DAYLIGHT,12,MOTOR VEHICLE IN TRANSPORT,MM 61 3 I 24,ANTIOCH,TN,37013,8806,SOUTH,36.0272,-86.6346,POINT (-86.6346 36.0272)
20190018252,01/08/2019 06:36:00 AM,3,0,0,,N,109534,11,Front to Rear,21,CLEAR,1,DAYLIGHT,12,MOTOR VEHICLE IN TRANSPORT,I40 W EXT RAMP & I 40,NASHVILLE,TN,37203,4119,CENTRA,36.1574,-86.79,POINT (-86.79 36.1574)
20190483330,06/26/2019 03:00:00 PM,2,2,0,,N,717341,2,HEAD-ON,21,CLEAR,1,DAYLIGHT,12,MOTOR VEHICLE IN TRANSPORT,NOLENSVILLE PKE & TAYLOR RD,NASHVILLE,TN,37211,8701,SOUTH,36.0692,-86.7203,POINT (-86.7203 36.0692)
20190098035,02/05/2019 04:00:00 PM,2,0,0,,Y,279124,4,ANGLE,21,CLEAR,1,DAYLIGHT,14,PARKED MOTOR VEHICLE,3940 APACHE TRL,NASHVILLE,TN,37211,8709,SOUTH,36.0676,-86.6926,POINT (-86.6926 36.0676)
20190366880,05/13/2019 08:20:00 PM,2,0,0,,N,462501,11,Front to Rear,21,CLEAR,3,DARK - LIGHTED,12,MOTOR VEHICLE IN TRANSPORT,EDMONDSON PKE & WALLACE RD,NASHVILLE,TN,37211,8661,MIDTOW,36.0771,-86.7256,POINT (-86.7256 36.0771)
20190064933,01/25/2019 07:30:00 AM,2,0,0,,N,109534,4,ANGLE,21,CLEAR,1,DAYLIGHT,12,MOTOR VEHICLE IN TRANSPORT,ANDREW JACKSON WAY & OLD HICKORY BLVD,HERMITAGE,TN,37076,9561,HERMIT,36.1821,-86.6076,POINT (-86.6076 36.1821)
20190407188,05/28/2019 12:40:00 PM,2,0,0,,N,224953,4,ANGLE,21,CLEAR,1,DAYLIGHT,12,MOTOR VEHICLE IN TRANSPORT,BROADWAY & 12TH AVS,NASHVILLE,TN,37203,4079,CENTRA,36.1566,-86.7875,POINT (-86.7875 36.1566)
20190535721,07/17/2019 12:00:00 AM,1,0,0,,Y,279217,0,NOT COLLISION W/MOTOR VEHICLE-TRANSPORT,21,CLEAR,3,DARK - LIGHTED,42,TREE,PONDER PL & ATHENS WAY,NASHVILLE,TN,37228,4445,NORTH,36.1917,-86.8041,POINT (-86.8041 36.1917)
20190224004,03/22/2019 03:30:00 PM,3,3,0,,N,151132,11,Front to Rear,21,CLEAR,1,DAYLIGHT,12,MOTOR VEHICLE IN TRANSPORT,MM 40 5 I 24,WHITES CREEK,TN,37189,3314,NORTH,36.2776,-86.8006,POINT (-86.8006 36.2776)
20190363158,05/12/2019 12:00:00 AM,1,0,0,Y,Y,197053,0,NOT COLLISION W/MOTOR VEHICLE-TRANSPORT,2,RAIN,2,DARK - NOT LIGHTED,25,GUARDRAIL END,I24 W EXT RAMP & I 24,NASHVILLE,TN,37211,8829,SOUTH,36.1074,-86.7197,POINT (-86.7197 36.1074)
20190388778,05/21/2019 04:50:00 PM,2,0,0,,N,311327,11,Front to Rear,21,CLEAR,1,DAYLIGHT,12,MOTOR VEHICLE IN TRANSPORT,ELLINGTON PKWYN & CLEVELAND ST,NASHVILLE,TN,37206,1994,EAST,36.186,-86.7586,POINT (-86.7586 36.186)
20190147448,02/23/2019 11:26:00 AM,2,0,0,,N,320586,11,Front to Rear,2,RAIN,1,DAYLIGHT,12,MOTOR VEHICLE IN TRANSPORT,CHESTNUT ST & 2ND AVS,NASHVILLE,TN,37210,8167,SOUTH,36.146,-86.7641,POINT (-86.7641 36.146)
20190202652,03/15/2019 08:56:00 AM,2,0,0,,Y,225777,4,ANGLE,21,CLEAR,1,DAYLIGHT,12,MOTOR VEHICLE IN TRANSPORT,WEST END AV & I440 E ENT RAMP,NASHVILLE,TN,37205,6007,WEST,36.1364,-86.822,POINT (-86.822 36.1364)
20190105398,02/08/2019 09:05:00 AM,2,0,0,,N,278580,11,Front to Rear,21,CLEAR,1,DAYLIGHT,12,MOTOR VEHICLE IN TRANSPORT,PERCY WARNER BLVD & HARDING PKE,NASHVILLE,TN,37221,4901,WEST,36.0848,-86.8946,POINT (-86.8946 36.0848)
20190142582,02/21/2019 05:40:00 PM,2,1,0,,N,298860,4,ANGLE,2,RAIN,2,DARK - NOT LIGHTED,13,MOTOR VEHICLE IN TRANSPORT-OTHER ROADWAY,CENTRAL PKE & DODSON CHAPEL RD,HERMITAGE,TN,37076,9503,HERMIT,36.1721,-86.6147,POINT (-86.6147 36.1721)
20190572140,08/01/2019 02:01:00 PM,2,0,0,,N,716886,4,ANGLE,21,CLEAR,1,DAYLIGHT,12,MOTOR VEHICLE IN TRANSPORT,BELL RD & BEECHWOOD TER,ANTIOCH,TN,37013,8753,SOUTH,36.0449,-86.6684,POINT (-86.6684 36.0449)
20190394455,05/23/2019 01:20:00 PM,2,0,0,,Y,226600,4,ANGLE,22,CLOUDY,1,DAYLIGHT,12,MOTOR VEHICLE IN TRANSPORT,WILSON BLVDS & WOODLAWN DR,NASHVILLE,TN,37205,6017,WEST,36.1246,-86.8333,POINT (-86.8333 36.1246)
20190187775,03/09/2019 09:50:00 PM,1,0,0,Y,Y,320590,0,NOT COLLISION W/MOTOR VEHICLE-TRANSPORT,2,RAIN,3,DARK - LIGHTED,19,BUILDING,PANORAMA DR & DOLAN RD,NASHVILLE,TN,37218,3173,NORTH,36.1825,-86.8415,POINT (-86.8415 36.1825)
20190106398,02/08/2019 03:29:00 PM,2,0,0,,N,267831,11,Front to Rear,21,CLEAR,1,DAYLIGHT,12,MOTOR VEHICLE IN TRANSPORT,HIGHWAY 70S & SADDLE RIDGE CT,NASHVILLE,TN,37221,4713,WEST,36.0865,-86.9726,POINT (-86.9726 36.0865)
20190173990,03/05/2019 07:55:00 AM,2,0,0,,N,226136,4,ANGLE,21,CLEAR,1,DAYLIGHT,12,MOTOR VEHICLE IN TRANSPORT,21ST AVN & MURPHY AV,NASHVILLE,TN,37203,5507,MIDTOW,36.1553,-86.8049,POINT (-86.8049 36.1553)
20190450394,06/13/2019 12:00:00 AM,3,0,0,,Y,298861,5,SIDESWIPE - SAME DIRECTION,21,CLEAR,1,DAYLIGHT,12,MOTOR VEHICLE IN TRANSPORT,MM 211 2 I 40,NASHVILLE,TN,37210,8008,HERMIT,36.1535,-86.7564,POINT (-86.7564 36.1535)
20190316161,04/24/2019 10:20:00 AM,2,0,0,,N,620072,11,Front to Rear,21,CLEAR,1,DAYLIGHT,12,MOTOR VEHICLE IN TRANSPORT,21ST AVS & BLAIR BLVD,NASHVILLE,TN,37212,6607,MIDTOW,36.1304,-86.802,POINT (-86.802 36.1304)
20190113647,02/11/2019 06:16:00 PM,1,0,0,,N,267831,0,NOT COLLISION W/MOTOR VEHICLE-TRANSPORT,2,RAIN,3,DARK - LIGHTED,44,PAVED SURFACE-IRREGULAR,CHARLOTTE PKE & SUMMERLY DR,NASHVILLE,TN,37209,5009,WEST,36.1375,-86.8831,POINT (-86.8831 36.1375)
20190562139,07/28/2019 02:52:00 PM,2,0,0,,N,206682,4,ANGLE,21,CLEAR,1,DAYLIGHT,12,MOTOR VEHICLE IN TRANSPORT,CONFERENCE DR & GALLATIN PKEN,GOODLETTSVILLE,TN,37072,1751,MADISO,36.3028,-86.6919,POINT (-86.6919 36.3028)
20190100869,02/06/2019 05:19:00 PM,1,0,0,,N,151132,0,NOT COLLISION W/MOTOR VEHICLE-TRANSPORT,2,RAIN,5,DUSK,36;64,CONCRETE TRAFFIC BARRIER;Ran Off Road-Left,MM 89 4 I 65,NASHVILLE,TN,37207,18062,EAST,36.2348,-86.7656,POINT (-86.7656 36.2348)
20190126891,02/15/2019 11:45:00 PM,2,0,0,,N,206672,4,ANGLE,2,RAIN,3,DARK - LIGHTED,12,MOTOR VEHICLE IN TRANSPORT,GALLATIN PKES & DUE WEST AVW,MADISON,TN,37115,1519,MADISO,36.2475,-86.7207,POINT (-86.7207 36.2475)
20190123045,02/14/2019 04:26:00 PM,1,1,0,,N,151132,0,NOT COLLISION W/MOTOR VEHICLE-TRANSPORT,22,CLOUDY,1,DAYLIGHT,5,,I24 E EXT RAMP & I 24,NASHVILLE,TN,37207,30080,NORTH,36.2378,-86.7872,POINT (-86.7872 36.2378)
20190339775,05/03/2019 06:03:00 AM,2,2,0,,N,192378,11,Front to Rear,22,CLOUDY,1,DAYLIGHT,12,MOTOR VEHICLE IN TRANSPORT,I440 W ENT RAMP & I 24,NASHVILLE,TN,37217,8801,SOUTH,36.1232,-86.7263,POINT (-86.7263 36.1232)
20190319383,04/25/2019 12:03:00 PM,2,0,0,,N,298864,11,Front to Rear,21,CLEAR,1,DAYLIGHT,12,MOTOR VEHICLE IN TRANSPORT,CUMBERLAND AV & GALLATIN PKEN,MADISON,TN,37115,1707,MADISO,36.2679,-86.7105,POINT (-86.7105 36.2679)
20190535302,07/17/2019 06:30:00 PM,2,0,0,,N,352207,4,ANGLE,21,CLEAR,1,DAYLIGHT,12,MOTOR VEHICLE IN TRANSPORT,HILLSBORO PKE & GLEN ECHO RD,NASHVILLE,TN,37215,6411,MIDTOW,36.1073,-86.813,POINT (-86.813 36.1073)
20190257620,04/03/2019 04:53:00 PM,2,1,0,,N,151132,4,ANGLE,21,CLEAR,1,DAYLIGHT,12,MOTOR VEHICLE IN TRANSPORT,OLD HICKORY BLVDW & E MARTHONA RD,MADISON,TN,37115,1749,MADISO,36.2642,-86.7272,POINT (-86.7272 36.2642)
20190125463,02/15/2019 12:14:00 PM,2,0,0,,Y,716886,5,SIDESWIPE - SAME DIRECTION,21,CLEAR,1,DAYLIGHT,12,MOTOR VEHICLE IN TRANSPORT,MM 56 0 I 24,NASHVILLE,TN,37211,8708,SOUTH,36.0818,-86.6975,POINT (-86.6975 36.0818)
20190436901,06/08/2019 03:50:00 PM,2,0,0,,Y,256384,11,Front to Rear,2,RAIN,1,DAYLIGHT,12,MOTOR VEHICLE IN TRANSPORT,TRIMBLE ST & LINCOLN ST,NASHVILLE,TN,37210,8137,SOUTH,36.1461,-86.76,POINT (-86.76 36.1461)
20180018608,01/08/2019 09:25:00 AM,2,0,0,,N,693093,4,ANGLE,21,CLEAR,1,DAYLIGHT,12,MOTOR VEHICLE IN TRANSPORT,DOVERSIDE DR & DICKERSON PKE,NASHVILLE,TN,37207,2011,MADISO,36.2557,-86.7552,POINT (-86.7552 36.2557)
20190113686,02/11/2019 06:17:00 PM,1,0,0,,N,267831,0,NOT COLLISION W/MOTOR VEHICLE-TRANSPORT,2,RAIN,3,DARK - LIGHTED,44,PAVED SURFACE-IRREGULAR,CHARLOTTE PKE & SUMMERLY DR,NASHVILLE,TN,37209,5009,WEST,36.1375,-86.8831,POINT (-86.8831 36.1375)
20190304417,04/20/2019 01:05:00 PM,2,1,0,,N,834798,16,Rear to Side,21,CLEAR,1,DAYLIGHT,14,PARKED MOTOR VEHICLE,2700 EUGENIA AV,NASHVILLE,TN,37204,8305,MIDTOW,36.1136,-86.7556,POINT (-86.7556 36.1136)
20190297516,04/18/2019 01:02:00 AM,2,1,0,,Y,299261,5,SIDESWIPE - SAME DIRECTION,21,CLEAR,3,DARK - LIGHTED,12,MOTOR VEHICLE IN TRANSPORT,HARDING PL & I65 S ENT RAMP,NASHVILLE,TN,37220,7101,MIDTOW,36.0827,-86.7651,POINT (-86.7651 36.0827)
20190512594,07/08/2019 05:32:00 PM,2,0,0,,N,169425,4,ANGLE,21,CLEAR,1,DAYLIGHT,12,MOTOR VEHICLE IN TRANSPORT,21ST AVN & HAYES ST,NASHVILLE,TN,37203,5527,MIDTOW,36.1511,-86.8017,POINT (-86.8017 36.1511)
20190548955,07/23/2019 07:58:00 AM,2,0,0,,N,716886,11,Front to Rear,21,CLEAR,1,DAYLIGHT,12,MOTOR VEHICLE IN TRANSPORT,MM 53 0 I 24,NASHVILLE,TN,37210,8302,SOUTH,36.1189,-86.7264,POINT (-86.7264 36.1189)
20190418768,06/01/2019 03:10:00 PM,2,1,0,,N,256414,4,ANGLE,21,CLEAR,1,DAYLIGHT,12,MOTOR VEHICLE IN TRANSPORT,MURFREESBORO PKE & MOUNTAIN SPRINGS RD,ANTIOCH,TN,37013,8927,SOUTH,36.0478,-86.6121,POINT (-86.6121 36.0478)
20190387700,05/21/2019 10:23:00 AM,2,0,0,,N,212369,5,SIDESWIPE - SAME DIRECTION,21,CLEAR,1,DAYLIGHT,14,PARKED MOTOR VEHICLE,20TH AVS & BELCOURT AV,NASHVILLE,TN,37212,6607,MIDTOW,36.1364,-86.7995,POINT (-86.7995 36.1364)
20190148290,02/23/2019 06:50:00 PM,1,0,0,Y,N,902543,0,NOT COLLISION W/MOTOR VEHICLE-TRANSPORT,2,RAIN,3,DARK - LIGHTED,24,GUARDRAIL FACE,MM 88 6 I 65,NASHVILLE,TN,37207,3004,EAST,36.2251,-86.7745,POINT (-86.7745 36.2251)
20190394949,05/23/2019 04:50:00 PM,1,1,0,,N,690942,0,NOT COLLISION W/MOTOR VEHICLE-TRANSPORT,21,CLEAR,1,DAYLIGHT,8,PEDESTRIAN,3RD AVS & BROADWAY,NASHVILLE,TN,37201,4105,CENTRA,36.1615,-86.776,POINT (-86.776 36.1615)
20190429215,06/05/2019 05:10:00 PM,3,0,0,,N,240982,4,ANGLE,21,CLEAR,1,DAYLIGHT,12,MOTOR VEHICLE IN TRANSPORT,LAFAYETTE ST & ASH ST,NASHVILLE,TN,37210,4005,CENTRA,36.1521,-86.7721,POINT (-86.7721 36.1521)
20190106197,02/08/2019 03:19:00 PM,2,0,0,,N,279208,4,ANGLE,21,CLEAR,1,DAYLIGHT,12,MOTOR VEHICLE IN TRANSPORT,WEST END AV & 21ST AVN,NASHVILLE,TN,37203,5715,MIDTOW,36.1503,-86.8016,POINT (-86.8016 36.1503)
20190227756,03/24/2019 04:25:00 AM,1,0,0,,Y,212321,9,UNKNOWN,21,CLEAR,3,DARK - LIGHTED,99,UNKNOWN MOST HARMFUL EVENT,0 MT VIEW RD,ANTIOCH,TN,37013,8865,SOUTH,36.0435,-86.6308,POINT (-86.6308 36.0435)
20190006031,01/03/2019 08:33:00 AM,2,0,0,,N,191578,11,Front to Rear,22,CLOUDY,1,DAYLIGHT,12,MOTOR VEHICLE IN TRANSPORT,BRILEY PKWY & GLASTONBURY RD,NASHVILLE,TN,37217,88943,HERMIT,36.1372,-86.6997,POINT (-86.6997 36.1372)
20190148084,02/23/2019 05:05:00 PM,2,1,0,,N,311344,11,Front to Rear,2,RAIN,3,DARK - LIGHTED,12,MOTOR VEHICLE IN TRANSPORT,GALLATIN PKEN & ALTUS AV,MADISON,TN,37115,1721,MADISO,36.2896,-86.7042,POINT (-86.7042 36.2896)
20190269599,04/08/2019 09:01:00 AM,2,0,0,,Y,109534,11,Front to Rear,2,RAIN,1,DAYLIGHT,12;99,MOTOR VEHICLE IN TRANSPORT;UNKNOWN MOST HARMFUL EVENT,I40 W EXT RAMP & I 40,NASHVILLE,TN,37203,4119,CENTRA,36.1574,-86.79,POINT (-86.79 36.1574)
20190319750,04/25/2019 02:28:00 PM,1,1,0,Y,N,320585,0,NOT COLLISION W/MOTOR VEHICLE-TRANSPORT,21,CLEAR,1,DAYLIGHT,39,WALL,S NEW HOPE RD & CAPE HOPE PASS,HERMITAGE,TN,37076,9547,HERMIT,36.2044,-86.747,POINT (-86.747 36.2044)
20190333188,04/30/2019 09:20:00 PM,2,0,0,,N,807326,5,SIDESWIPE - SAME DIRECTION,21,CLEAR,3,DARK - LIGHTED,12,MOTOR VEHICLE IN TRANSPORT,4TH AVS & LAFAYETTE ST,NASHVILLE,TN,37203,4007,CENTRA,36.1515,-86.7711,POINT (-86.7711 36.1515)
20190434531,06/07/2019 03:04:00 PM,2,0,0,,N,320585,11,Front to Rear,22,CLOUDY,1,DAYLIGHT,12,MOTOR VEHICLE IN TRANSPORT,LEBANON PKE & FARLEY PL,NASHVILLE,TN,37210,9019,HERMIT,36.1605,-86.7025,POINT (-86.7025 36.1605)
20190202383,03/15/2019 06:41:00 AM,2,0,0,,N,191578,11,Front to Rear,21,CLEAR,1,DAYLIGHT,12,MOTOR VEHICLE IN TRANSPORT,MM 211 8 I 40,NASHVILLE,TN,37210,90022,HERMIT,36.149,-86.7465,POINT (-86.7465 36.149)
20190190975,03/11/2019 11:45:00 AM,2,0,0,,N,716886,11,Front to Rear,21,CLEAR,1,DAYLIGHT,12,MOTOR VEHICLE IN TRANSPORT,HICKORY HOLLOW PKWY & CROSSINGS BLVD,ANTIOCH,TN,37013,8863,SOUTH,36.0445,-86.651,POINT (-86.651 36.0445)
20190472597,06/22/2019 01:51:00 AM,1,0,0,,Y,725756,0,NOT COLLISION W/MOTOR VEHICLE-TRANSPORT,22,CLOUDY,2,DARK - NOT LIGHTED,18,OTHER OBJECT (NOT FIXED),SAWYER BROWN RD & STALLION DR,NASHVILLE,TN,37221,4813,WEST,36.0851,-86.9411,POINT (-86.9411 36.0851)
20190094255,02/04/2019 04:40:00 PM,3,0,0,,N,320581,11,Front to Rear,22,CLOUDY,1,DAYLIGHT,12,MOTOR VEHICLE IN TRANSPORT,GOLF CLUB LN & HILLSBORO PKE,NASHVILLE,TN,37215,6419,MIDTOW,36.1179,-86.81,POINT (-86.81 36.1179)
20190473518,06/22/2019 03:30:00 PM,2,1,0,,N,256427,11,Front to Rear,21,CLEAR,1,DAYLIGHT,12,MOTOR VEHICLE IN TRANSPORT,MM 211 8 I 40,NASHVILLE,TN,37210,90022,HERMIT,36.149,-86.7465,POINT (-86.7465 36.149)
20190303753,04/20/2019 04:00:00 AM,2,1,0,Y,N,212321,4,ANGLE,2,RAIN,3,DARK - LIGHTED,1;12,MOTOR VEHICLE IN TRANSPORT,MURFREESBORO PKE & MOUNTAIN SPRINGS RD,ANTIOCH,TN,37013,8927,SOUTH,36.0478,-86.6121,POINT (-86.6121 36.0478)
20190390997,05/22/2019 11:28:00 AM,2,0,0,,Y,716886,4,ANGLE,21,CLEAR,1,DAYLIGHT,12,MOTOR VEHICLE IN TRANSPORT,MURFREESBORO PKE & MOUNTAIN SPRINGS RD,ANTIOCH,TN,37013,8927,SOUTH,36.0478,-86.6121,POINT (-86.6121 36.0478)
20190350977,05/07/2019 03:00:00 PM,1,0,0,,N,256441,0,NOT COLLISION W/MOTOR VEHICLE-TRANSPORT,21,CLEAR,1,DAYLIGHT,7,,OLD HICKORY BLVD & GRANNY WHITE PKE,NASHVILLE,TN,37220,7111,MIDTOW,36.04,-86.8156,POINT (-86.8156 36.04)
20190259342,04/04/2019 07:55:00 AM,2,1,0,,N,414731,11,Front to Rear,21,CLEAR,1,DAYLIGHT,12,MOTOR VEHICLE IN TRANSPORT,NOLENSVILLE PKE & WELCH RD,NASHVILLE,TN,37211,8445,SOUTH,36.083,-86.7274,POINT (-86.7274 36.083)
20190125773,02/15/2019 02:38:00 PM,1,1,0,,N,256422,0,NOT COLLISION W/MOTOR VEHICLE-TRANSPORT,2,RAIN,1,DAYLIGHT,42,TREE,MM 34 8 I 24,JOELTON,TN,37080,33160,NORTH,36.3243,-86.8707,POINT (-86.8707 36.3243)
20190577357,08/03/2019 01:52:00 PM,2,0,0,,N,330444,5,SIDESWIPE - SAME DIRECTION,21,CLEAR,1,DAYLIGHT,12,MOTOR VEHICLE IN TRANSPORT,15TH AVN & CHURCH ST,NASHVILLE,TN,37203,5517,MIDTOW,36.1574,-86.7927,POINT (-86.7927 36.1574)
20190097937,02/05/2019 08:18:00 PM,2,0,0,,N,212330,11,Front to Rear,22,CLOUDY,3,DARK - LIGHTED,12,MOTOR VEHICLE IN TRANSPORT,MM 52 8 I 24,NASHVILLE,TN,37210,81022,SOUTH,36.1212,-86.7272,POINT (-86.7272 36.1212)
20190501837,07/03/2019 02:36:00 PM,2,1,0,,N,267831,4,ANGLE,22,CLOUDY,1,DAYLIGHT,12,MOTOR VEHICLE IN TRANSPORT,KENNER AVN & WHITE BRIDGE CNCTR,NASHVILLE,TN,37205,5109,WEST,36.1263,-86.8479,POINT (-86.8479 36.1263)
20190165078,02/28/2019 12:00:00 AM,2,0,0,,Y,256383,2,HEAD-ON,99,UNKNOWN,9,UNKNOWN,14,PARKED MOTOR VEHICLE,LONG BR & TERRAGON TRL,ANTIOCH,TN,37013,8899,SOUTH,36.0743,-86.6695,POINT (-86.6695 36.0743)
20190055777,01/22/2019 06:40:00 AM,2,0,0,,N,223502,5,SIDESWIPE - SAME DIRECTION,21,CLEAR,1,DAYLIGHT,12,MOTOR VEHICLE IN TRANSPORT,MM 60 0 I 24,ANTIOCH,TN,37013,88060,SOUTH,36.0403,-86.6502,POINT (-86.6502 36.0403)
20190266180,04/06/2019 09:55:00 PM,2,0,0,,N,240955,4,ANGLE,21,CLEAR,3,DARK - LIGHTED,12,MOTOR VEHICLE IN TRANSPORT,MURFREESBORO PKE & FOREST VIEW DR,ANTIOCH,TN,37013,8865,SOUTH,36.0674,-86.6313,POINT (-86.6313 36.0674)
20190474510,06/23/2019 03:26:00 AM,1,0,0,Y,Y,197059,0,NOT COLLISION W/MOTOR VEHICLE-TRANSPORT,21,CLEAR,3,DARK - LIGHTED,30,UTILITY POLE,NOLENSVILLE PKE & KINHAWK DR,ANTIOCH,TN,37013,8759,SOUTH,36.0294,-86.7125,POINT (-86.7125 36.0294)
20190323877,04/26/2019 11:52:00 PM,2,0,0,,Y,212334,4,ANGLE,21,CLEAR,3,DARK - LIGHTED,12,MOTOR VEHICLE IN TRANSPORT,W TRINITY LN & BRICK CHURCH PKE,NASHVILLE,TN,37207,3003,NORTH,36.2066,-86.7779,POINT (-86.7779 36.2066)
20190360477,05/10/2019 11:00:00 PM,2,0,0,,N,240964,4,ANGLE,2,RAIN,3,DARK - LIGHTED,12,MOTOR VEHICLE IN TRANSPORT,OLD HICKORY BLVD & CENTRAL PKE,HERMITAGE,TN,37076,9557,HERMIT,36.1676,-86.7787,POINT (-86.7787 36.1676)
20190499518,07/02/2019 07:51:00 PM,2,0,0,,Y,256383,11,Front to Rear,21,CLEAR,1,DAYLIGHT,12,MOTOR VEHICLE IN TRANSPORT,MM 54 6 I 24,NASHVILLE,TN,37211,84021,SOUTH,36.0994,-86.7109,POINT (-86.7109 36.0994)
20190267819,04/07/2019 04:44:00 PM,2,1,0,,N,197068,4,ANGLE,2,RAIN,1,DAYLIGHT,12,MOTOR VEHICLE IN TRANSPORT,SHELBY AV & INTERSTATE DR,NASHVILLE,TN,37213,1007,CENTRA,36.1662,-86.7658,POINT (-86.7658 36.1662)
20190237754,03/27/2019 02:11:00 PM,2,2,0,,N,191578,4,ANGLE,21,CLEAR,1,DAYLIGHT,12,MOTOR VEHICLE IN TRANSPORT,LEBANON PKE & SWEDEN DR,HERMITAGE,TN,37076,9719,HERMIT,36.2076,-86.6117,POINT (-86.6117 36.2076)
20190226634,03/23/2019 05:43:00 PM,2,0,0,,N,320579,4,ANGLE,21,CLEAR,1,DAYLIGHT,12,MOTOR VEHICLE IN TRANSPORT,MM 47 7 I 24,NASHVILLE,TN,37207,19020,EAST,36.179,-86.7737,POINT (-86.7737 36.179)
20190477263,06/24/2019 12:45:00 PM,2,1,0,,N,166478,11,Front to Rear,22,CLOUDY,1,DAYLIGHT,12,MOTOR VEHICLE IN TRANSPORT,DOMINICAN DR & ROSA L PARKS BLVD,NASHVILLE,TN,37228,4445,NORTH,36.1879,-86.7985,POINT (-86.7985 36.1879)
20190322925,04/26/2019 04:10:00 PM,2,0,0,,N,169425,11,Front to Rear,21,CLEAR,1,DAYLIGHT,12,MOTOR VEHICLE IN TRANSPORT,MM 4 8 I 440,NASHVILLE,TN,37204,6930,MIDTOW,36.1159,-86.7752,POINT (-86.7752 36.1159)
20190447467,06/12/2019 05:23:00 PM,3,1,0,,N,206675,4,ANGLE,21,CLEAR,1,DAYLIGHT,12,MOTOR VEHICLE IN TRANSPORT,FOSTER CREIGHTON DR & THOMPSON LN,NASHVILLE,TN,37204,8523,MIDTOW,36.111,-86.7535,POINT (-86.7535 36.111)
20190236813,03/27/2019 07:24:00 AM,2,1,0,,N,191578,11,Front to Rear,21,CLEAR,1,DAYLIGHT,12,MOTOR VEHICLE IN TRANSPORT,ELM HILL PKE & TWIN ELMS CT,NASHVILLE,TN,37210,9013,HERMIT,36.1438,-86.7344,POINT (-86.7344 36.1438)