Accident Number,Date and Time,Number of Motor Vehicles,Number of Injuries,Number of Fatalities,Property Damage,Hit and Run,Reporting Officer,Collision Type Code,Collision Type Description,Weather Code,Weather Description,Illumination Code,Illumination Description,Harmful Code,Harmful Code Description,Street Address,City,State,ZIP,RPA,Precinct,Latitude,Longitude,Mapped Location
20190266328,04/06/2019 10:00:00 PM,2,0,0,,Y,279201,11,Front to Rear,21,CLEAR,3,DARK - LIGHTED,12,MOTOR VEHICLE IN TRANSPORT,MM 212 2 I 40,NASHVILLE,TN,37210,90041,HERMIT,36.1458,-86.7414,POINT (-86.7414 36.1458)
20190493671,06/30/2019 05:28:00 PM,2,0,0,,N,197054,11,Front to Rear,21,CLEAR,1,DAYLIGHT,12,MOTOR VEHICLE IN TRANSPORT,BRILEY PKWY & KAREN DR,NASHVILLE,TN,37217,88940,HERMIT,36.1395,-86.7003,POINT (-86.7003 36.1395)
20190184876,03/08/2019 05:35:00 PM,2,0,0,,N,311803,5,SIDESWIPE - SAME DIRECTION,2,RAIN,3,DARK - LIGHTED,12,MOTOR VEHICLE IN TRANSPORT,BRANSFORD AV & SYCAMORE RD,NASHVILLE,TN,37204,8031,MIDTOW,36.1292,-86.7676,POINT (-86.7676 36.1292)
20190378872,05/17/2019 06:11:00 PM,2,0,0,,Y,298867,5,SIDESWIPE - SAME DIRECTION,21,CLEAR,1,DAYLIGHT,12,MOTOR VEHICLE IN TRANSPORT,MM 88 0 I 65,NASHVILLE,TN,37207,18041,EAST,36.2165,-86.775,POINT (-86.775 36.2165)
20190214601,03/19/2019 07:18:00 PM,2,0,0,,N,279208,11,Front to Rear,21,CLEAR,7,Dark-Unknown Lighting,12,MOTOR VEHICLE IN TRANSPORT,FRANKLIN PKE & I440 ENT RAMP,NASHVILLE,TN,37204,6937,MIDTOW,36.1184,-86.7744,POINT (-86.7744 36.1184)
20190265399,04/06/2019 01:10:00 PM,2,1,0,,N,299241,4,ANGLE,21,CLEAR,1,DAYLIGHT,12,MOTOR VEHICLE IN TRANSPORT,LEBANON PKE & HICKORY HILL LN,HERMITAGE,TN,37076,9531,HERMIT,36.1889,-86.6283,POINT (-86.6283 36.1889)
20190537642,07/18/2019 04:19:00 PM,2,0,0,,N,256383,11,Front to Rear,2,RAIN,1,DAYLIGHT,12,MOTOR VEHICLE IN TRANSPORT,MURFREESBORO PKE & FOREST VIEW DR,ANTIOCH,TN,37013,8865,SOUTH,36.0674,-86.6313,POINT (-86.6313 36.0674)
20190446956,06/12/2019 01:30:00 PM,2,0,0,,Y,693093,11,Front to Rear,21,CLEAR,1,DAYLIGHT,14,PARKED MOTOR VEHICLE,RIVERGATE STATION PVTDR & GALLATIN PKEN,MADISON,TN,37115,1721,MADISO,36.2931,-86.7024,POINT (-86.7024 36.2931)
20190127109,02/16/2019 01:55:00 AM,2,0,0,,Y,320584,11,Front to Rear,21,CLEAR,3,DARK - LIGHTED,12,MOTOR VEHICLE IN TRANSPORT,LINBAR DR & HARDING PL,NASHVILLE,TN,37211,8705,SOUTH,36.0842,-86.7059,POINT (-86.7059 36.0842)
20190059638,01/23/2019 01:06:00 PM,1,0,0,,N,134899,0,NOT COLLISION W/MOTOR VEHICLE-TRANSPORT,2,RAIN,1,DAYLIGHT,36,CONCRETE TRAFFIC BARRIER,I40 E EXT RAMP & I 40,NASHVILLE,TN,37214,8955,HERMIT,36.155,-86.6271,POINT (-86.6271 36.155)
20190411309,05/29/2019 09:30:00 PM,2,2,0,,N,240972,4,ANGLE,21,CLEAR,3,DARK - LIGHTED,12,MOTOR VEHICLE IN TRANSPORT,MM 210 3 I 40,NASHVILLE,TN,37203,4006,CENTRA,36.15,-86.7724,POINT (-86.7724 36.15)
20190383151,05/19/2019 05:25:00 PM,3,3,0,,N,493312,4,ANGLE,21,CLEAR,1,DAYLIGHT,12,MOTOR VEHICLE IN TRANSPORT,MM 87 6 I 65,NASHVILLE,TN,37207,1804,EAST,36.2107,-86.7758,POINT (-86.7758 36.2107)
20190017005,01/07/2019 05:30:00 PM,2,0,0,,N,151132,4,ANGLE,22,CLOUDY,5,DUSK,12,MOTOR VEHICLE IN TRANSPORT,GALLATIN PKES & MAPLE ST,MADISON,TN,37115,1607,MADISO,36.2617,-86.7124,POINT (-86.7124 36.2617)
20190475769,06/23/2019 09:20:00 PM,1,1,0,,N,298860,0,NOT COLLISION W/MOTOR VEHICLE-TRANSPORT,2,RAIN,2,DARK - NOT LIGHTED,8,PEDESTRIAN,OLD HICKORY BLVD & 30TH ST,OLD HICKORY,TN,37138,9607,HERMIT,36.2457,-86.639,POINT (-86.639 36.2457)
20190130218,02/17/2019 02:53:00 PM,1,0,0,Y,N,676824,0,NOT COLLISION W/MOTOR VEHICLE-TRANSPORT,2,RAIN,1,DAYLIGHT,24,GUARDRAIL FACE,MM 85 6 I 65,NASHVILLE,TN,37208,43042,NORTH,36.1872,-86.7951,POINT (-86.7951 36.1872)
20190139418,02/20/2019 05:24:00 PM,2,0,0,,N,212322,4,ANGLE,2,RAIN,2,DARK - NOT LIGHTED,12,MOTOR VEHICLE IN TRANSPORT,HAYSTACK LN & ANTIOCH PKE,NASHVILLE,TN,37211,8851,SOUTH,36.0714,-86.6848,POINT (-86.6848 36.0714)
20190545017,07/21/2019 07:20:00 PM,2,3,0,,N,728059,4,ANGLE,21,CLEAR,1,DAYLIGHT,12,MOTOR VEHICLE IN TRANSPORT,HIGHWAY 70S & SAWYER BROWN RD,NASHVILLE,TN,37221,4815,WEST,36.0769,-86.9452,POINT (-86.9452 36.0769)
20190069586,01/27/2019 12:30:00 AM,2,1,0,,N,298879,2,HEAD-ON,21,CLEAR,3,DARK - LIGHTED,12,MOTOR VEHICLE IN TRANSPORT,COLICE JEANNE RD & CROSS TIMBERS DR,NASHVILLE,TN,37221,4811,WEST,36.074,-86.9353,POINT (-86.9353 36.074)
20190423173,06/03/2019 03:11:00 PM,2,1,0,,N,717341,11,Front to Rear,21,CLEAR,1,DAYLIGHT,12,MOTOR VEHICLE IN TRANSPORT,HOBSON PKE & MURFREESBORO PKE,ANTIOCH,TN,37013,8867,SOUTH,36.043,-86.6066,POINT (-86.6066 36.043)
20190422976,06/03/2019 11:39:00 AM,2,0,0,,Y,137872,4,ANGLE,21,CLEAR,1,DAYLIGHT,14,PARKED MOTOR VEHICLE,GUARANTY DR & DEARBORN DR,NASHVILLE,TN,37214,9205,HERMIT,36.1704,-86.7052,POINT (-86.7052 36.1704)
20190101470,02/06/2019 09:23:00 PM,2,1,0,,N,330420,11,Front to Rear,2,RAIN,3,DARK - LIGHTED,12,MOTOR VEHICLE IN TRANSPORT,HICKORY HOLLOW PKWY & BELL RD,ANTIOCH,TN,37013,8863,SOUTH,36.0475,-86.656,POINT (-86.656 36.0475)
20190243224,03/29/2019 09:10:00 AM,2,0,0,,N,716886,2,HEAD-ON,2,RAIN,1,DAYLIGHT,12,MOTOR VEHICLE IN TRANSPORT,SOUTHLAKE DR & SOUTHLAKE CT,NASHVILLE,TN,37211,8423,SOUTH,36.1034,-86.7301,POINT (-86.7301 36.1034)
20190328373,04/28/2019 11:41:00 PM,1,0,0,,Y,225886,0,NOT COLLISION W/MOTOR VEHICLE-TRANSPORT,21,CLEAR,3,DARK - LIGHTED,33,CURB,LEBANON PKE & SHUTE LN,HERMITAGE,TN,37076,9535,HERMIT,36.2146,-86.6047,POINT (-86.6047 36.2146)
20190579904,08/04/2019 03:50:00 PM,2,0,0,,Y,161948,5,SIDESWIPE - SAME DIRECTION,22,CLOUDY,1,DAYLIGHT,12,MOTOR VEHICLE IN TRANSPORT,I40 W EXT RAMP & I 40,NASHVILLE,TN,37203,4119,CENTRA,36.1574,-86.79,POINT (-86.79 36.1574)
20190423788,06/03/2019 08:29:00 PM,2,1,0,,N,256501,2,HEAD-ON,21,CLEAR,3,DARK - LIGHTED,12,MOTOR VEHICLE IN TRANSPORT,WHITES CREEK PKE & OLD CLARKSVILLE PKE,JOELTON,TN,37080,3307,NORTH,36.312,-86.8602,POINT (-86.8602 36.312)
20190262234,04/05/2019 09:15:00 AM,2,0,0,,N,256502,5,SIDESWIPE - SAME DIRECTION,21,CLEAR,1,DAYLIGHT,12,MOTOR VEHICLE IN TRANSPORT,MM 88 1 I 65,NASHVILLE,TN,37207,18041,EAST,36.2169,-86.775,POINT (-86.775 36.2169)
20190539766,07/19/2019 11:58:00 AM,2,0,0,,N,716886,5,SIDESWIPE - SAME DIRECTION,21,CLEAR,1,DAYLIGHT,12,MOTOR VEHICLE IN TRANSPORT,HARDING PL & ANTIOCH PKE,NASHVILLE,TN,37211,8847,SOUTH,36.0875,-86.6921,POINT (-86.6921 36.0875)
20190038229,01/15/2019 02:45:00 PM,2,0,0,,N,725756,4,ANGLE,22,CLOUDY,1,DAYLIGHT,12,MOTOR VEHICLE IN TRANSPORT,HIGHWAY 70S & BROOKMONT TER,NASHVILLE,TN,37221,4901,WEST,36.0799,-86.9031,POINT (-86.9031 36.0799)
20190427684,06/05/2019 04:35:00 AM,1,0,0,,N,320600,0,NOT COLLISION W/MOTOR VEHICLE-TRANSPORT,21,CLEAR,2,DARK - NOT LIGHTED,50,DEER (ANIMAL),MM 34 2 I 24,JOELTON,TN,37080,33160,NORTH,36.3259,-86.8824,POINT (-86.8824 36.3259)
20190549227,07/23/2019 10:46:00 AM,2,0,0,,N,716886,11,Front to Rear,21,CLEAR,1,DAYLIGHT,12,MOTOR VEHICLE IN TRANSPORT,MM 7 2 I 440,NASHVILLE,TN,37210,83043,SOUTH,36.1251,-86.7339,POINT (-86.7339 36.1251)
20190275266,04/10/2019 08:32:00 AM,2,0,0,,N,676834,11,Front to Rear,21,CLEAR,1,DAYLIGHT,12,MOTOR VEHICLE IN TRANSPORT,28TH AVN & ALAMEDA ST,NASHVILLE,TN,37209,4521,NORTH,36.1655,-86.8202,POINT (-86.8202 36.1655)
20190063422,01/24/2019 06:05:00 PM,2,0,0,,Y,256422,4,ANGLE,21,CLEAR,3,DARK - LIGHTED,12,MOTOR VEHICLE IN TRANSPORT,MM 51 4 I 24,NASHVILLE,TN,37210,82061,HERMIT,36.1388,-86.7284,POINT (-86.7284 36.1388)
20190214294,03/19/2019 05:00:00 PM,3,1,0,,N,256441,11,Front to Rear,21,CLEAR,1,DAYLIGHT,12,MOTOR VEHICLE IN TRANSPORT,MM 77 0 I 65,NASHVILLE,TN,37220,86042,MIDTOW,36.0708,-86.7697,POINT (-86.7697 36.0708)
20190025488,01/10/2019 05:00:00 PM,2,0,0,,N,311803,5,SIDESWIPE - SAME DIRECTION,21,CLEAR,2,DARK - NOT LIGHTED,12,MOTOR VEHICLE IN TRANSPORT,12TH AVS & WADE AV,NASHVILLE,TN,37212,6617,MIDTOW,36.1366,-86.7885,POINT (-86.7885 36.1366)
20190251482,04/01/2019 03:48:00 PM,2,0,0,,N,279124,11,Front to Rear,21,CLEAR,1,DAYLIGHT,12,MOTOR VEHICLE IN TRANSPORT,MM 54 2 I 24,NASHVILLE,TN,37211,88122,SOUTH,36.1038,-86.7151,POINT (-86.7151 36.1038)
20190303363,04/20/2019 12:00:00 AM,2,0,0,,Y,320578,6,SIDESWIPE - OPPOSITE DIRECTION,2,RAIN,3,DARK - LIGHTED,12,MOTOR VEHICLE IN TRANSPORT,ANTIOCH PKE & BLUE HOLE RD,ANTIOCH,TN,37013,8857,SOUTH,36.06,-86.6721,POINT (-86.6721 36.06)
20190073638,01/28/2019 03:40:00 PM,1,0,0,Y,N,256383,0,NOT COLLISION W/MOTOR VEHICLE-TRANSPORT,22,CLOUDY,1,DAYLIGHT,19,BUILDING,0 OCTOBER WOODS DR,ANTIOCH,TN,37013,8765,SOUTH,36.0082,-86.6217,POINT (-86.6217 36.0082)
20190437441,06/08/2019 09:29:00 PM,1,0,0,Y,N,330440,0,NOT COLLISION W/MOTOR VEHICLE-TRANSPORT,21,CLEAR,3,DARK - LIGHTED,75,Bridge/Overhead Structure,MEHARRY BLVD & 24TH AVN,NASHVILLE,TN,37208,5351,NORTH,36.1676,-86.8117,POINT (-86.8117 36.1676)
20190329756,04/29/2019 05:27:00 PM,2,0,0,,N,256443,5,SIDESWIPE - SAME DIRECTION,21,CLEAR,1,DAYLIGHT,12,MOTOR VEHICLE IN TRANSPORT,LAKEWOOD DR & GALLATIN PKES,MADISON,TN,37115,1517,MADISO,36.2444,-86.7222,POINT (-86.7222 36.2444)
20190108492,02/09/2019 12:57:00 PM,2,0,0,,N,279208,4,ANGLE,21,CLEAR,1,DAYLIGHT,12,MOTOR VEHICLE IN TRANSPORT,18TH AVS & DIVISION ST,NASHVILLE,TN,37203,6717,MIDTOW,36.1513,-86.7943,POINT (-86.7943 36.1513)
20190508268,07/06/2019 07:18:00 AM,2,0,0,,N,212325,4,ANGLE,22,CLOUDY,1,DAYLIGHT,12,MOTOR VEHICLE IN TRANSPORT,MM 91 6 I 65,MADISON,TN,37115,2006,MADISO,36.2559,-86.7386,POINT (-86.7386 36.2559)
20190279500,04/11/2019 06:10:00 PM,1,0,0,,N,909486,0,NOT COLLISION W/MOTOR VEHICLE-TRANSPORT,21,CLEAR,1,DAYLIGHT,33,CURB,OLD HICKORY BLVD & AMALIE DR,NASHVILLE,TN,37211,8655,MIDTOW,36.045,-86.7243,POINT (-86.7243 36.045)
20190350320,05/07/2019 10:41:00 AM,2,1,0,,N,348631,5,SIDESWIPE - SAME DIRECTION,21,CLEAR,1,DAYLIGHT,12,MOTOR VEHICLE IN TRANSPORT,3219 CLARKSVILLE PKE,NASHVILLE,TN,37218,3161,NORTH,36.1945,-86.8327,POINT (-86.8327 36.1945)
20190578480,08/03/2019 05:00:00 PM,3,0,0,,Y,320600,6,SIDESWIPE - OPPOSITE DIRECTION,21,CLEAR,1,DAYLIGHT,12,MOTOR VEHICLE IN TRANSPORT,0 VISTA LN,NASHVILLE,TN,37207,3045,NORTH,36.2349,-86.7962,POINT (-86.7962 36.2349)
20190486766,06/27/2019 05:30:00 PM,2,0,0,,N,352167,4,ANGLE,2,RAIN,1,DAYLIGHT,12,MOTOR VEHICLE IN TRANSPORT,12TH AVS & MCGAVOCK ST,NASHVILLE,TN,37203,4079,CENTRA,36.1556,-86.7868,POINT (-86.7868 36.1556)
20190579000,08/04/2019 07:30:00 AM,2,0,0,,Y,320575,5,SIDESWIPE - SAME DIRECTION,21,CLEAR,1,DAYLIGHT,12,MOTOR VEHICLE IN TRANSPORT,MM 4 4 I 440,NASHVILLE,TN,37204,7014,MIDTOW,36.1158,-86.7827,POINT (-86.7827 36.1158)
20190260262,04/04/2019 03:04:00 PM,2,3,0,Y,N,256423,98,OTHER,21,CLEAR,1,DAYLIGHT,12;30,MOTOR VEHICLE IN TRANSPORT;UTILITY POLE,28TH AVN & JEFFERSON ST,NASHVILLE,TN,37208,4525,NORTH,36.1672,-86.8206,POINT (-86.8206 36.1672)
20190319260,04/25/2019 11:09:00 AM,1,1,0,,N,226136,0,NOT COLLISION W/MOTOR VEHICLE-TRANSPORT,22,CLOUDY,1,DAYLIGHT,39;64,WALL;Ran Off Road-Left,MCMURRAY DR & EDMONDSON PKE,NASHVILLE,TN,37211,8657,MIDTOW,36.0547,-86.7416,POINT (-86.7416 36.0547)
20190436007,06/08/2019 12:00:00 AM,1,0,0,Y,N,405424,0,NOT COLLISION W/MOTOR VEHICLE-TRANSPORT,21,CLEAR,2,DARK - NOT LIGHTED,38;63,FENCE;Ran Off Road-Right,SMITH SPRINGS RD & OLD SMITH SPRINGS RD,NASHVILLE,TN,37217,8935,HERMIT,36.0921,-86.631,POINT (-86.631 36.0921)
20190437760,06/09/2019 12:30:00 AM,2,0,0,,Y,311800,4,ANGLE,21,CLEAR,3,DARK - LIGHTED,14;55,PARKED MOTOR VEHICLE;Motor Vehicle-In-Motion Outside Trafficw,100 4TH AVS,NASHVILLE,TN,37203,4091,CENTRA,36.1603,-86.7769,POINT (-86.7769 36.1603)
20190256377,04/03/2019 12:00:00 AM,2,0,0,,Y,676834,6,SIDESWIPE - OPPOSITE DIRECTION,99,UNKNOWN,9,UNKNOWN,12;14,MOTOR VEHICLE IN TRANSPORT;PARKED MOTOR VEHICLE,15TH AVN & CECILIA AV,NASHVILLE,TN,37208,4491,NORTH,36.1863,-86.8109,POINT (-86.8109 36.1863)
20190465859,06/19/2019 05:33:00 PM,2,3,0,,N,256426,11,Front to Rear,22,CLOUDY,1,DAYLIGHT,12,MOTOR VEHICLE IN TRANSPORT,CLOVERNOOK DR & LEBANON PKE,NASHVILLE,TN,37210,9021,HERMIT,36.1555,-86.7133,POINT (-86.7133 36.1555)
20190256551,04/03/2019 09:05:00 AM,2,0,0,,Y,226600,11,Front to Rear,21,CLEAR,1,DAYLIGHT,12,MOTOR VEHICLE IN TRANSPORT,MM 205 4 I 40,NASHVILLE,TN,37209,52040,WEST,36.1546,-86.8315,POINT (-86.8315 36.1546)
20190022850,01/09/2019 06:26:00 PM,1,1,0,,N,206682,0,NOT COLLISION W/MOTOR VEHICLE-TRANSPORT,21,CLEAR,7,Dark-Unknown Lighting,8,PEDESTRIAN,RANDY RD & HILLCREST DR,MADISON,TN,37115,1629,MADISO,36.2575,-86.6918,POINT (-86.6918 36.2575)
20190296338,04/17/2019 04:22:00 PM,2,0,0,,N,279124,11,Front to Rear,21,CLEAR,1,DAYLIGHT,12,MOTOR VEHICLE IN TRANSPORT,I24E & I24 W EXT RAMP,NASHVILLE,TN,37210,8102,SOUTH,36.1336,-86.7269,POINT (-86.7269 36.1336)
20190282726,04/12/2019 10:41:00 PM,2,0,0,,N,256377,11,Front to Rear,21,CLEAR,3,DARK - LIGHTED,12,MOTOR VEHICLE IN TRANSPORT,LEBANON PKE & JUAREZ DR,HERMITAGE,TN,37076,9531,HERMIT,36.1927,-86.6237,POINT (-86.6237 36.1927)
20190426473,06/04/2019 06:15:00 PM,2,1,0,,Y,256448,11,Front to Rear,21,CLEAR,1,DAYLIGHT,12,MOTOR VEHICLE IN TRANSPORT,LEBANON PKE & EDDINGS LN,NASHVILLE,TN,37214,9401,HERMIT,36.1672,-86.6619,POINT (-86.6619 36.1672)
20190552774,07/24/2019 03:55:00 PM,1,0,0,Y,N,352172,0,NOT COLLISION W/MOTOR VEHICLE-TRANSPORT,21,CLEAR,1,DAYLIGHT,57;64,Cable Barrier;Ran Off Road-Left,BRILEY PKWYS & BRILEY PKWYN,NASHVILLE,TN,37218,3212,NORTH,36.2142,-86.8724,POINT (-86.8724 36.2142)
20190540191,07/19/2019 03:30:00 PM,2,0,0,,N,298858,11,Front to Rear,21,CLEAR,1,DAYLIGHT,12,MOTOR VEHICLE IN TRANSPORT,MM 48 4 I 24,NASHVILLE,TN,37206,1102,EAST,36.1715,-86.768,POINT (-86.768 36.1715)
20190457043,06/16/2019 11:10:00 AM,2,1,0,,N,799013,4,ANGLE,21,CLEAR,1,DAYLIGHT,12,MOTOR VEHICLE IN TRANSPORT,JUAREZ DR & HERMITAGE MARKETPLACE PVTDR,HERMITAGE,TN,37076,9507,HERMIT,36.1924,-86.6162,POINT (-86.6162 36.1924)
20190383001,05/19/2019 03:45:00 PM,4,2,0,,N,320580,4,ANGLE,2,RAIN,1,DAYLIGHT,12;13,MOTOR VEHICLE IN TRANSPORT;MOTOR VEHICLE IN TRANSPORT-OTHER ROADWAY,JACKSON DOWNS BLVD & LEBANON PKE,NASHVILLE,TN,37214,9403,HERMIT,36.1853,-86.6365,POINT (-86.6365 36.1853)
20190079226,01/30/2019 07:00:00 AM,2,0,0,,N,109534,11,Front to Rear,22,CLOUDY,1,DAYLIGHT,12,MOTOR VEHICLE IN TRANSPORT,STEWARTS FERRY PKE & LEBANON PKE,NASHVILLE,TN,37214,9401,HERMIT,36.1684,-86.6569,POINT (-86.6569 36.1684)
20190486447,06/27/2019 04:43:00 PM,2,0,0,,N,191570,11,Front to Rear,21,CLEAR,1,DAYLIGHT,12,MOTOR VEHICLE IN TRANSPORT,BELL RD & HICKORY PARK DR,ANTIOCH,TN,37013,8753,SOUTH,36.0449,-86.6704,POINT (-86.6704 36.0449)
20190511958,07/08/2019 09:52:00 AM,3,1,0,,N,653629,4,ANGLE,21,CLEAR,1,DAYLIGHT,12,MOTOR VEHICLE IN TRANSPORT,ROBINSON RD & MARTINGALE DR,OLD HICKORY,TN,37138,9619,HERMIT,36.2562,-86.6545,POINT (-86.6545 36.2562)
20190322981,04/26/2019 04:39:00 PM,2,3,0,,N,279194,2,HEAD-ON,21,CLEAR,1,DAYLIGHT,12,MOTOR VEHICLE IN TRANSPORT,RAWLINGS RD & CLARKSVILLE PKE,JOELTON,TN,37080,3329,NORTH,36.2546,-86.6517,POINT (-86.6517 36.2546)
20190345028,05/05/2019 03:03:00 PM,1,1,0,,N,197068,0,NOT COLLISION W/MOTOR VEHICLE-TRANSPORT,21,CLEAR,1,DAYLIGHT,37,Other Traffic Barrier,MM 209 4 I 40,NASHVILLE,TN,37203,40041,CENTRA,36.1519,-86.7866,POINT (-86.7866 36.1519)
20190184366,03/08/2019 01:30:00 PM,2,0,0,,N,714641,5,SIDESWIPE - SAME DIRECTION,2,RAIN,1,DAYLIGHT,12,MOTOR VEHICLE IN TRANSPORT,DEMONBREUN ST & 11TH AVS,NASHVILLE,TN,37203,4017,CENTRA,36.155,-86.7852,POINT (-86.7852 36.155)
20190105654,02/08/2019 11:00:00 AM,2,0,0,,N,320575,11,Front to Rear,21,CLEAR,1,DAYLIGHT,12,MOTOR VEHICLE IN TRANSPORT,HARDING PL & I24 W ENT RAMP,NASHVILLE,TN,37211,8889,SOUTH,36.0868,-86.6977,POINT (-86.6977 36.0868)
20190094461,02/04/2019 06:08:00 PM,2,1,0,,N,298867,5,SIDESWIPE - SAME DIRECTION,22,CLOUDY,3,DARK - LIGHTED,12,MOTOR VEHICLE IN TRANSPORT,GALLATIN PKE & GILLOCK ST,NASHVILLE,TN,37216,1817,EAST,36.2141,-86.7308,POINT (-86.7308 36.2141)
20190525722,07/13/2019 11:41:00 PM,2,1,0,,N,320583,4,ANGLE,2,RAIN,3,DARK - LIGHTED,12,MOTOR VEHICLE IN TRANSPORT,STONE BROOK DR & OLD HICKORY BLVD,BRENTWOOD,TN,37027,8623,MIDTOW,36.0409,-86.7794,POINT (-86.7794 36.0409)
20190489713,06/28/2019 09:29:00 PM,1,1,0,,N,240979,0,NOT COLLISION W/MOTOR VEHICLE-TRANSPORT,21,CLEAR,3,DARK - LIGHTED,39,WALL,MM 91 0 I 65,MADISON,TN,37115,20044,MADISO,36.2478,-86.7432,POINT (-86.7432 36.2478)
20190289229,04/15/2019 03:04:00 PM,2,0,0,,Y,151132,5,SIDESWIPE - SAME DIRECTION,21,CLEAR,1,DAYLIGHT,12,MOTOR VEHICLE IN TRANSPORT,E OLD HICKORY BLVD & GALLATIN PKES,MADISON,TN,37115,1607,MADISO,36.2623,-86.7118,POINT (-86.7118 36.2623)
20190232029,03/25/2019 05:14:00 PM,2,0,0,,N,256383,11,Front to Rear,22,CLOUDY,1,DAYLIGHT,12,MOTOR VEHICLE IN TRANSPORT,NOLENSVILLE PKE & SUGAR VALLEY DR,ANTIOCH,TN,37013,8759,SOUTH,36.016,-86.7061,POINT (-86.7061 36.016)
20190517781,07/10/2019 06:07:00 PM,2,0,0,,N,209189,6,SIDESWIPE - OPPOSITE DIRECTION,21,CLEAR,1,DAYLIGHT,12,MOTOR VEHICLE IN TRANSPORT,ANDREW JACKSON PKWY & OLD HICKORY BLVD,HERMITAGE,TN,37076,9561,HERMIT,36.1835,-86.6108,POINT (-86.6108 36.1835)
20190203761,03/15/2019 04:55:00 PM,2,0,0,,N,212322,4,ANGLE,21,CLEAR,1,DAYLIGHT,12,MOTOR VEHICLE IN TRANSPORT,MURFREESBORO PKE & TOWN PARK DR,NASHVILLE,TN,37217,8947,HERMIT,36.1031,-86.6662,POINT (-86.6662 36.1031)
20190559828,07/27/2019 11:30:00 AM,2,0,0,,N,222047,11,Front to Rear,21,CLEAR,1,DAYLIGHT,12,MOTOR VEHICLE IN TRANSPORT,800 BRILEY PKWY,NASHVILLE,TN,37217,88943,HERMIT,36.1372,-86.6997,POINT (-86.6997 36.1372)
20190314033,04/23/2019 05:38:00 PM,2,0,0,,N,169425,11,Front to Rear,21,CLEAR,1,DAYLIGHT,12,MOTOR VEHICLE IN TRANSPORT,WEST END AV & ORLEANS DR,NASHVILLE,TN,37212,5819,MIDTOW,36.1388,-86.8197,POINT (-86.8197 36.1388)
20190329564,04/29/2019 04:31:00 PM,2,0,0,,N,256379,11,Front to Rear,21,CLEAR,1,DAYLIGHT,12,MOTOR VEHICLE IN TRANSPORT,MM 7 1 I 440,NASHVILLE,TN,37210,8104,SOUTH,36.1249,-86.7355,POINT (-86.7355 36.1249)
20190041895,01/16/2019 05:56:00 PM,2,2,0,Y,N,279124,4,ANGLE,21,CLEAR,3,DARK - LIGHTED,12,MOTOR VEHICLE IN TRANSPORT,WILLARD DR & EAST RIDGE DR,NASHVILLE,TN,37211,8707,SOUTH,36.0719,-86.6982,POINT (-86.6982 36.0719)
20190299422,04/18/2019 03:02:00 PM,2,0,0,,N,240955,4,ANGLE,22,CLOUDY,1,DAYLIGHT,12,MOTOR VEHICLE IN TRANSPORT,MURFREESBORO PKE & HOBSON PKE,ANTIOCH,TN,37013,8927,SOUTH,36.043,-86.6066,POINT (-86.6066 36.043)
20190460223,06/17/2019 05:01:00 PM,1,0,0,Y,N,299241,0,NOT COLLISION W/MOTOR VEHICLE-TRANSPORT,21,CLEAR,1,DAYLIGHT,25,GUARDRAIL END,MM 220 5 I 40,HERMITAGE,TN,37076,89042,HERMIT,36.1691,-86.6064,POINT (-86.6064 36.1691)
20190068388,01/26/2019 12:07:00 PM,3,1,0,,N,876573,11,Front to Rear,21,CLEAR,1,DAYLIGHT,12,MOTOR VEHICLE IN TRANSPORT,BARNES RD & NOLENSVILLE PKE,ANTIOCH,TN,37013,8759,SOUTH,36.0335,-86.713,POINT (-86.713 36.0335)
20190161183,02/28/2019 09:58:00 AM,2,0,0,,N,226136,11,Front to Rear,22,CLOUDY,1,DAYLIGHT,12,MOTOR VEHICLE IN TRANSPORT,MM 3 8 I 440,NASHVILLE,TN,37212,6502,MIDTOW,36.1163,-86.7919,POINT (-86.7919 36.1163)
20190482249,06/26/2019 12:00:00 AM,1,0,0,Y,Y,224824,0,NOT COLLISION W/MOTOR VEHICLE-TRANSPORT,21,CLEAR,2,DARK - NOT LIGHTED,18,OTHER OBJECT (NOT FIXED),1904 OLD HICKORY,OLD HICKORY,TN,37138,9609,HERMIT,36.2493,-86.6452,POINT (-86.6452 36.2493)
20190346718,05/06/2019 07:40:00 AM,2,0,0,,N,226136,11,Front to Rear,21,CLEAR,1,DAYLIGHT,12,MOTOR VEHICLE IN TRANSPORT,HILLSBORO PKE & CROMWELL DR,NASHVILLE,TN,,6205,WEST,,,
20190515023,07/09/2019 12:00:00 AM,2,0,0,,Y,298861,5,SIDESWIPE - SAME DIRECTION,21,CLEAR,1,DAYLIGHT,12,MOTOR VEHICLE IN TRANSPORT,DONELSON PKE & ELM HILL PKE,NASHVILLE,TN,37214,9105,HERMIT,36.1676,-86.7787,POINT (-86.7787 36.1676)
20190226006,03/23/2019 11:00:00 AM,2,0,0,,N,299257,11,Front to Rear,21,CLEAR,1,DAYLIGHT,12,MOTOR VEHICLE IN TRANSPORT,BATTERY LN & LEALAND LN,NASHVILLE,TN,37220,7103,MIDTOW,36.0883,-86.791,POINT (-86.791 36.0883)
20190455720,06/15/2019 06:53:00 PM,2,1,0,,N,298858,4,ANGLE,21,CLEAR,1,DAYLIGHT,12,MOTOR VEHICLE IN TRANSPORT,11TH AVN & GAY ST,NASHVILLE,TN,37203,4207,CENTRA,36.164,-86.7917,POINT (-86.7917 36.164)