Accident Number,Date and Time,Number of Motor Vehicles,Number of Injuries,Number of Fatalities,Property Damage,Hit and Run,Reporting Officer,Collision Type Code,Collision Type Description,Weather Code,Weather Description,Illumination Code,Illumination Description,Harmful Code,Harmful Code Description,Street Address,City,State,ZIP,RPA,Precinct,Latitude,Longitude,Mapped Location
20190201559,03/14/2019 11:25:00 PM,2,1,0,,N,256569,4,ANGLE,21,CLEAR,3,DARK - LIGHTED,12,MOTOR VEHICLE IN TRANSPORT,GALLATIN PIKE S & W DUE WEST AVE,MADISON,TN,37115,1519,MADISO,36.248,-86.7203,POINT (-86.7203 36.248)
20190434240,06/07/2019 11:53:00 AM,2,1,0,,N,311331,4,ANGLE,22,CLOUDY,1,DAYLIGHT,12,MOTOR VEHICLE IN TRANSPORT,SPRING ST & MAIN ST ENT RAMP,NASHVILLE,TN,37206,1997,EAST,36.173,-86.7654,POINT (-86.7654 36.173)
20190564333,07/29/2019 01:25:00 PM,2,2,0,,N,676834,2,HEAD-ON,21,CLEAR,1,DAYLIGHT,12,MOTOR VEHICLE IN TRANSPORT,OLD HICKORY BLVD & WHITES CREEK PKE,WHITES CREEK,TN,37189,3229,NORTH,36.2657,-86.8309,POINT (-86.8309 36.2657)
20190324349,04/27/2019 06:45:00 AM,2,0,0,,Y,343522,11,Front to Rear,21,CLEAR,1,DAYLIGHT,12,MOTOR VEHICLE IN TRANSPORT,HIGHWAY 70S & OLD HICKORY BLVD,NASHVILLE,TN,37205,4903,WEST,36.0745,-86.9209,POINT (-86.9209 36.0745)
20190159185,02/27/2019 04:27:00 PM,2,0,0,,N,267831,11,Front to Rear,21,CLEAR,1,DAYLIGHT,12,MOTOR VEHICLE IN TRANSPORT,MM 202 4 I 40,NASHVILLE,TN,37209,50022,WEST,36.1439,-86.882,POINT (-86.882 36.1439)
20190142780,02/21/2019 04:54:00 PM,2,0,0,,Y,306230,6,SIDESWIPE - OPPOSITE DIRECTION,2,RAIN,5,DUSK,12,MOTOR VEHICLE IN TRANSPORT,JEFFERSON ST & 11TH AVN,NASHVILLE,TN,37208,4245,NORTH,36.1716,-86.798,POINT (-86.798 36.1716)
20190479631,06/25/2019 08:52:00 AM,2,1,0,,N,191578,5,SIDESWIPE - SAME DIRECTION,21,CLEAR,1,DAYLIGHT,12,MOTOR VEHICLE IN TRANSPORT,MM 211 1 I 40,NASHVILLE,TN,37210,8008,HERMIT,36.1539,-86.7571,POINT (-86.7571 36.1539)
20190222780,03/22/2019 07:20:00 AM,2,0,0,,N,226136,4,ANGLE,21,CLEAR,1,DAYLIGHT,12,MOTOR VEHICLE IN TRANSPORT,I40 E ENT RAMP & I 40,NASHVILLE,TN,37205,4903,WEST,36.1109,-86.922,POINT (-86.922 36.1109)
20190077974,01/29/2019 10:40:00 PM,2,1,0,,N,151125,4,ANGLE,21,CLEAR,3,DARK - LIGHTED,14;54;64,PARKED MOTOR VEHICLE;Set In Motion By Motor Vehicle;Ran Off Road-Left,MADISON BLVD & WALNUT ST,MADISON,TN,37115,1623,MADISO,36.2528,-86.7099,POINT (-86.7099 36.2528)
20190528523,07/15/2019 09:10:00 AM,1,0,0,Y,N,414668,0,NOT COLLISION W/MOTOR VEHICLE-TRANSPORT,2,RAIN,1,DAYLIGHT,31,"OTHER POST, POLE, SUPP.",3RD AVN & 4TH AVN,NASHVILLE,TN,37219,4203,CENTRA,36.1693,-86.781,POINT (-86.781 36.1693)
20190249384,04/01/2019 12:18:00 AM,1,1,0,,N,320578,0,NOT COLLISION W/MOTOR VEHICLE-TRANSPORT,21,CLEAR,2,DARK - NOT LIGHTED,1,,ANTIOCH PKE & MILL CREEK BLUE HOLE GRNWY,ANTIOCH,TN,37013,8857,SOUTH,36.0662,-86.6811,POINT (-86.6811 36.0662)
20190531695,07/16/2019 12:20:00 PM,2,0,0,,Y,665896,5,SIDESWIPE - SAME DIRECTION,21,CLEAR,1,DAYLIGHT,12,MOTOR VEHICLE IN TRANSPORT,DOUGLAS AV & GALLATIN AV,NASHVILLE,TN,37206,1325,EAST,36.1927,-86.7444,POINT (-86.7444 36.1927)
20190193340,03/12/2019 07:05:00 AM,2,0,0,,N,717625,5,SIDESWIPE - SAME DIRECTION,21,CLEAR,1,DAYLIGHT,12,MOTOR VEHICLE IN TRANSPORT,MM 208 3 I 40,NASHVILLE,TN,37203,54024,NORTH,36.166,-86.7949,POINT (-86.7949 36.166)
20190395524,05/23/2019 08:43:00 PM,3,1,0,,N,887598,11,Front to Rear,21,CLEAR,3,DARK - LIGHTED,12,MOTOR VEHICLE IN TRANSPORT,ASHLAND CITY HWY & CATO RD,NASHVILLE,TN,37218,3207,NORTH,36.2089,-86.8641,POINT (-86.8641 36.2089)
20190433521,06/07/2019 06:40:00 AM,1,0,0,,N,584947,0,NOT COLLISION W/MOTOR VEHICLE-TRANSPORT,2,RAIN,1,DAYLIGHT,39,WALL,MM 78 2 I 65,NASHVILLE,TN,37204,7002,MIDTOW,36.0883,-86.763,POINT (-86.763 36.0883)
20190251110,04/01/2019 01:56:00 PM,1,0,0,,N,887592,0,NOT COLLISION W/MOTOR VEHICLE-TRANSPORT,21,CLEAR,1,DAYLIGHT,21;63,BRIDGE PIER/ABUTMENT;Ran Off Road-Right,MM 79 8 I 65,NASHVILLE,TN,37204,7004,MIDTOW,36.1111,-86.7715,POINT (-86.7715 36.1111)
20190156189,02/26/2019 03:20:00 PM,2,0,0,,N,311328,4,ANGLE,21,CLEAR,1,DAYLIGHT,12,MOTOR VEHICLE IN TRANSPORT,CHARLOTTE AV & YMCA WAY,NASHVILLE,TN,37203,4147,CENTRA,36.1639,-86.7866,POINT (-86.7866 36.1639)
20190239977,03/28/2019 08:37:00 AM,4,3,0,,N,240952,11,Front to Rear,21,CLEAR,1,DAYLIGHT,12,MOTOR VEHICLE IN TRANSPORT,MM 57 0 I 24,NASHVILLE,TN,37211,8708,SOUTH,36.0695,-86.6897,POINT (-86.6897 36.0695)
20190059631,01/23/2019 02:00:00 PM,2,1,0,,N,716886,5,SIDESWIPE - SAME DIRECTION,2,RAIN,1,DAYLIGHT,12;34,MOTOR VEHICLE IN TRANSPORT;DITCH,PETTUS RD & OLD HICKORY BLVD,ANTIOCH,TN,37013,8755,SOUTH,36.0269,-86.6808,POINT (-86.6808 36.0269)
20190087425,02/01/2019 05:54:00 PM,2,0,0,,N,299267,4,ANGLE,21,CLEAR,3,DARK - LIGHTED,12,MOTOR VEHICLE IN TRANSPORT,8TH AVS & ROYCROFT PL,NASHVILLE,TN,37204,6945,MIDTOW,36.1339,-86.7791,POINT (-86.7791 36.1339)
20190016081,01/07/2019 11:00:00 AM,2,0,0,,N,226622,4,ANGLE,21,CLEAR,1,DAYLIGHT,12,MOTOR VEHICLE IN TRANSPORT,RICHLAND CREEK SHOPPING CENTER & CHARLOT,NASHVILLE,TN,37209,5117,WEST,36.1515,-86.8542,POINT (-86.8542 36.1515)
20190436799,06/08/2019 01:54:00 PM,2,0,0,,Y,311337,5,SIDESWIPE - SAME DIRECTION,21,CLEAR,1,DAYLIGHT,14,PARKED MOTOR VEHICLE,DONELSON PKE & I40 W ENT RAMP,NASHVILLE,TN,37214,9103,HERMIT,36.143,-86.6667,POINT (-86.6667 36.143)
20190172007,03/04/2019 04:30:00 PM,2,1,0,,N,256419,11,Front to Rear,21,CLEAR,1,DAYLIGHT,12,MOTOR VEHICLE IN TRANSPORT,MM 208 0 I 40,NASHVILLE,TN,37208,54022,NORTH,36.1707,-86.7983,POINT (-86.7983 36.1707)
20190113054,02/11/2019 02:27:00 PM,2,0,0,,N,134899,4,ANGLE,21,CLEAR,1,DAYLIGHT,12,MOTOR VEHICLE IN TRANSPORT,LEBANON PKE & FESSLERS LN,NASHVILLE,TN,37210,9007,HERMIT,36.1543,-86.7422,POINT (-86.7422 36.1543)
20190362218,05/11/2019 07:24:00 PM,2,0,0,,N,330412,4,ANGLE,22,CLOUDY,2,DARK - NOT LIGHTED,12,MOTOR VEHICLE IN TRANSPORT,RICHMOND HILL DR & SPEARS RD,NASHVILLE,TN,37207,2031,MADISO,36.2358,-86.78,POINT (-86.78 36.2358)
20190531122,07/16/2019 08:31:00 AM,2,0,0,,N,414668,11,Front to Rear,22,CLOUDY,1,DAYLIGHT,12,MOTOR VEHICLE IN TRANSPORT,MM 87 2 I 65,NASHVILLE,TN,37207,18020,EAST,36.2054,-86.7764,POINT (-86.7764 36.2054)
20190040802,01/16/2019 08:30:00 AM,2,0,0,,Y,161952,4,ANGLE,22,CLOUDY,1,DAYLIGHT,12,MOTOR VEHICLE IN TRANSPORT,1223 AVONDALE CIR,NASHVILLE,TN,37207,3019,NORTH,36.2086,-86.781,POINT (-86.781 36.2086)
20190196446,03/13/2019 06:50:00 AM,2,0,0,,N,226136,11,Front to Rear,21,CLEAR,1,DAYLIGHT,12,MOTOR VEHICLE IN TRANSPORT,MM 79 7 I 65,NASHVILLE,TN,37204,8504,MIDTOW,36.1092,-86.7698,POINT (-86.7698 36.1092)
20190281225,04/12/2019 09:35:00 AM,2,0,0,,N,109534,4,ANGLE,22,CLOUDY,1,DAYLIGHT,12,MOTOR VEHICLE IN TRANSPORT,DONELSON PKE & I40 E ENT RAMP,NASHVILLE,TN,37214,8953,HERMIT,36.1396,-86.6662,POINT (-86.6662 36.1396)
20190405773,05/28/2019 12:25:00 AM,1,0,0,,N,279201,0,NOT COLLISION W/MOTOR VEHICLE-TRANSPORT,21,CLEAR,2,DARK - NOT LIGHTED,32,CULVERT,FAIRWAY DR & DEERWOOD RD,NASHVILLE,TN,37214,9109,HERMIT,36.1638,-86.6872,POINT (-86.6872 36.1638)
20190374270,05/16/2019 06:55:00 AM,2,0,0,,N,226092,11,Front to Rear,21,CLEAR,1,DAYLIGHT,12,MOTOR VEHICLE IN TRANSPORT,MM 207 2 I 40,NASHVILLE,TN,37208,54020,NORTH,36.1698,-86.8089,POINT (-86.8089 36.1698)
20190132347,02/18/2019 11:44:00 AM,2,0,0,,N,716886,11,Front to Rear,21,CLEAR,1,DAYLIGHT,12,MOTOR VEHICLE IN TRANSPORT,BELL RD & HICKORY HOLLOW PKWY,ANTIOCH,TN,37013,8863,SOUTH,36.0896,-86.6884,POINT (-86.6884 36.0896)
20190289929,04/15/2019 08:30:00 PM,2,0,0,,N,240957,4,ANGLE,21,CLEAR,3,DARK - LIGHTED,12,MOTOR VEHICLE IN TRANSPORT,OLD HICKORY BLVD & HICKORY VILLA DR,NASHVILLE,TN,37211,8651,MIDTOW,36.0457,-86.7205,POINT (-86.7205 36.0457)
20190555414,07/25/2019 03:40:00 PM,2,0,0,,N,571313,5,SIDESWIPE - SAME DIRECTION,21,CLEAR,1,DAYLIGHT,12,MOTOR VEHICLE IN TRANSPORT,I440 E ENT RAMP & I 440,NASHVILLE,TN,37205,6007,WEST,36.1346,-86.8203,POINT (-86.8203 36.1346)
20190528859,07/15/2019 11:59:00 AM,2,0,0,,N,676834,11,Front to Rear,22,CLOUDY,1,DAYLIGHT,12,MOTOR VEHICLE IN TRANSPORT,ROSA L PARKS BLVD & MONROE ST,NASHVILLE,TN,37208,4303,NORTH,36.1749,-86.7924,POINT (-86.7924 36.1749)
20190309151,04/22/2019 12:00:00 AM,2,1,0,,N,429205,4,ANGLE,21,CLEAR,1,DAYLIGHT,12,MOTOR VEHICLE IN TRANSPORT,2ND AVS & I40 W EXT RAMP,NASHVILLE,TN,37210,4003,CENTRA,36.1518,-86.7686,POINT (-86.7686 36.1518)
20190371986,05/15/2019 01:00:00 PM,1,1,0,Y,N,716877,0,NOT COLLISION W/MOTOR VEHICLE-TRANSPORT,21,CLEAR,1,DAYLIGHT,31,"OTHER POST, POLE, SUPP.",NOLENSVILLE PKE & FLORA MAXWELL RD,NASHVILLE,TN,37211,8701,SOUTH,36.0751,-86.7249,POINT (-86.7249 36.0751)
20190444813,06/11/2019 06:30:00 PM,2,0,0,,Y,226161,5,SIDESWIPE - SAME DIRECTION,21,CLEAR,1,DAYLIGHT,12,MOTOR VEHICLE IN TRANSPORT,MM 88 0 I 65,NASHVILLE,TN,37207,18041,EAST,36.2165,-86.775,POINT (-86.775 36.2165)
20190453867,06/14/2019 12:00:00 AM,2,1,0,,N,151131,5,SIDESWIPE - SAME DIRECTION,21,CLEAR,3,DARK - LIGHTED,12,MOTOR VEHICLE IN TRANSPORT,MM 85 4 I 65,NASHVILLE,TN,37208,43042,NORTH,36.1875,-86.7947,POINT (-86.7947 36.1875)
20190361796,05/11/2019 02:25:00 PM,2,0,0,,Y,256384,11,Front to Rear,2,RAIN,1,DAYLIGHT,12,MOTOR VEHICLE IN TRANSPORT,NOLENSVILLE PKE & CRAIGHEAD ST,NASHVILLE,TN,37210,8125,SOUTH,36.1338,-86.7588,POINT (-86.7588 36.1338)
20190210656,03/17/2019 12:00:00 AM,1,0,0,Y,Y,206675,0,NOT COLLISION W/MOTOR VEHICLE-TRANSPORT,21,CLEAR,9,UNKNOWN,38,FENCE,BURCH AV & 30TH AVN,NASHVILLE,TN,37203,5625,MIDTOW,36.1467,-86.8157,POINT (-86.8157 36.1467)
20190225247,03/23/2019 01:55:00 AM,2,0,0,,N,311340,4,ANGLE,21,CLEAR,3,DARK - LIGHTED,12,MOTOR VEHICLE IN TRANSPORT,19TH AVS & BROADWAY,NASHVILLE,TN,37203,5705,MIDTOW,36.151,-86.7965,POINT (-86.7965 36.151)
20190457573,06/16/2019 02:20:00 PM,2,0,0,,N,330440,4,ANGLE,21,CLEAR,1,DAYLIGHT,12,MOTOR VEHICLE IN TRANSPORT,DOMINICAN DR & ROSA L PARKS BLVD,NASHVILLE,TN,37228,4445,NORTH,36.1879,-86.7985,POINT (-86.7985 36.1879)
20190118662,02/13/2019 07:36:00 AM,2,0,0,,N,716886,11,Front to Rear,21,CLEAR,1,DAYLIGHT,12,MOTOR VEHICLE IN TRANSPORT,MURFREESBORO PKE & OLD HICKORY BLVD,ANTIOCH,TN,37013,8867,SOUTH,36.0413,-86.6051,POINT (-86.6051 36.0413)
20190351533,05/07/2019 07:38:00 PM,2,1,0,,N,240966,4,ANGLE,21,CLEAR,1,DAYLIGHT,12,MOTOR VEHICLE IN TRANSPORT,DICKERSON PKE & GRACE ST,NASHVILLE,TN,37207,1963,EAST,36.1836,-86.7738,POINT (-86.7738 36.1836)
20190147690,02/23/2019 02:19:00 PM,2,1,0,,Y,909494,11,Front to Rear,2,RAIN,1,DAYLIGHT,12,MOTOR VEHICLE IN TRANSPORT,MAIN ST & S 9TH ST,NASHVILLE,TN,37206,1999,EAST,36.176,-86.7572,POINT (-86.7572 36.176)
20190137775,02/20/2019 02:50:00 AM,2,0,0,,Y,225819,5,SIDESWIPE - SAME DIRECTION,2,RAIN,3,DARK - LIGHTED,12,MOTOR VEHICLE IN TRANSPORT,I24 W EXT RAMP & I 24,NASHVILLE,TN,37211,8829,SOUTH,36.1074,-86.7197,POINT (-86.7197 36.1074)
20190368199,05/14/2019 07:54:00 AM,2,0,0,,Y,212369,4,ANGLE,21,CLEAR,1,DAYLIGHT,12,MOTOR VEHICLE IN TRANSPORT,11TH AVS & EDGEHILL AV,NASHVILLE,TN,37203,6939,MIDTOW,36.1412,-86.7857,POINT (-86.7857 36.1412)
20190302577,04/19/2019 12:00:00 AM,2,0,0,,N,298868,11,Front to Rear,2,RAIN,1,DAYLIGHT,12,MOTOR VEHICLE IN TRANSPORT,ABBOTT MARTIN RD & CROSS CREEK RD,NASHVILLE,TN,37215,6113,WEST,36.1066,-86.8218,POINT (-86.8218 36.1066)
20190401573,05/26/2019 03:31:00 AM,2,1,0,,Y,151122,5,SIDESWIPE - SAME DIRECTION,21,CLEAR,3,DARK - LIGHTED,12;36,MOTOR VEHICLE IN TRANSPORT;CONCRETE TRAFFIC BARRIER,MM 56 2 I 24,NASHVILLE,TN,37211,88100,SOUTH,36.0799,-86.6961,POINT (-86.6961 36.0799)
20190025654,01/10/2019 06:25:00 PM,2,0,0,,N,330445,5,SIDESWIPE - SAME DIRECTION,21,CLEAR,3,DARK - LIGHTED,12,MOTOR VEHICLE IN TRANSPORT,4TH AVS & LEA AV,NASHVILLE,TN,37203,4037,CENTRA,36.1547,-86.7731,POINT (-86.7731 36.1547)
20190434730,06/07/2019 04:35:00 PM,2,0,0,,N,330440,11,Front to Rear,2,RAIN,1,DAYLIGHT,12,MOTOR VEHICLE IN TRANSPORT,I65 S EXT RAMP & I 65,MADISON,TN,37115,20044,MADISO,36.2481,-86.743,POINT (-86.743 36.2481)
20190361561,05/11/2019 11:45:00 AM,2,0,0,,N,226306,4,ANGLE,22,CLOUDY,1,DAYLIGHT,12,MOTOR VEHICLE IN TRANSPORT,HIGHWAY 100 & OLD HARDING PKE,NASHVILLE,TN,37221,4807,WEST,36.0445,-86.956,POINT (-86.956 36.0445)
20190480751,06/25/2019 12:00:00 AM,1,0,0,,N,311333,0,NOT COLLISION W/MOTOR VEHICLE-TRANSPORT,21,CLEAR,1,DAYLIGHT,18,OTHER OBJECT (NOT FIXED),MM 60 1 I 24,ANTIOCH,TN,37013,88060,SOUTH,36.0397,-86.6491,POINT (-86.6491 36.0397)
20190274067,04/09/2019 09:54:00 PM,1,0,0,Y,Y,256383,0,NOT COLLISION W/MOTOR VEHICLE-TRANSPORT,21,CLEAR,2,DARK - NOT LIGHTED,30;38;40,UTILITY POLE;FENCE;MAIL BOX,NOLENSVILLE PKE & AUTUMN OAKS DR,NASHVILLE,TN,37211,8651,MIDTOW,36.0045,-86.6992,POINT (-86.6992 36.0045)
20190473319,06/22/2019 10:20:00 AM,2,0,0,,N,109495,11,Front to Rear,22,CLOUDY,1,DAYLIGHT,12,MOTOR VEHICLE IN TRANSPORT,THOMPSON LN & NOLENSVILLE PKE,NASHVILLE,TN,37211,8519,MIDTOW,36.1109,-86.7452,POINT (-86.7452 36.1109)
20190451894,06/14/2019 05:37:00 AM,2,1,0,,N,109542,5,SIDESWIPE - SAME DIRECTION,21,CLEAR,1,DAYLIGHT,12,MOTOR VEHICLE IN TRANSPORT,2ND AVS & I40 W EXT RAMP,NASHVILLE,TN,37210,4003,CENTRA,36.1518,-86.7686,POINT (-86.7686 36.1518)
20190367396,05/14/2019 12:15:00 AM,2,0,0,,Y,320598,4,ANGLE,21,CLEAR,2,DARK - NOT LIGHTED,14,PARKED MOTOR VEHICLE,600 WHISPERING HILLS DR,NASHVILLE,TN,37211,8661,MIDTOW,36.0687,-86.7298,POINT (-86.7298 36.0687)
20190392192,05/22/2019 07:56:00 PM,2,0,0,,N,279124,11,Front to Rear,21,CLEAR,3,DARK - LIGHTED,12,MOTOR VEHICLE IN TRANSPORT,BELL RD & I24 E ENT RAMP,ANTIOCH,TN,37013,8751,SOUTH,36.0449,-86.6597,POINT (-86.6597 36.0449)
20190379410,05/17/2019 10:23:00 PM,2,1,0,,N,256389,4,ANGLE,21,CLEAR,3,DARK - LIGHTED,12,MOTOR VEHICLE IN TRANSPORT,CHURCH ST & 15TH AVN,NASHVILLE,TN,37203,5517,MIDTOW,36.1574,-86.7926,POINT (-86.7926 36.1574)
20190043657,01/17/2019 09:40:00 AM,2,1,0,,N,226134,2,HEAD-ON,2,RAIN,1,DAYLIGHT,12,MOTOR VEHICLE IN TRANSPORT,MURFREESBORO PKE & LAVERGNE COUCHVILLE P,ANTIOCH,TN,37013,8869,SOUTH,36.0279,-86.5899,POINT (-86.5899 36.0279)
20190432375,06/06/2019 06:50:00 PM,1,1,0,,N,419972,0,NOT COLLISION W/MOTOR VEHICLE-TRANSPORT,2,RAIN,5,DUSK,39,WALL,MM 200 8 I 40,NASHVILLE,TN,37209,4708,WEST,36.1281,-86.9012,POINT (-86.9012 36.1281)
20190500896,07/03/2019 08:02:00 AM,2,0,0,,N,594473,5,SIDESWIPE - SAME DIRECTION,21,CLEAR,1,DAYLIGHT,12,MOTOR VEHICLE IN TRANSPORT,BROADWAY & 15TH AVN,NASHVILLE,TN,37203,5701,MIDTOW,36.1552,-86.7907,POINT (-86.7907 36.1552)
20190200647,03/14/2019 03:45:00 PM,3,1,0,,N,299244,11,Front to Rear,21,CLEAR,1,DAYLIGHT,12,MOTOR VEHICLE IN TRANSPORT,MM 49 2 I 24,NASHVILLE,TN,37213,1002,CENTRA,36.1637,-86.7625,POINT (-86.7625 36.1637)
20190268531,04/07/2019 11:54:00 PM,2,0,0,,Y,468098,11,Front to Rear,21,CLEAR,3,DARK - LIGHTED,12;14,MOTOR VEHICLE IN TRANSPORT;PARKED MOTOR VEHICLE,HICKORY HIGHLANDS DR & BELL RD,ANTIOCH,TN,37013,8861,SOUTH,36.0607,-86.6401,POINT (-86.6401 36.0607)
20190115354,02/12/2019 08:12:00 AM,2,1,0,,N,226136,11,Front to Rear,2,RAIN,1,DAYLIGHT,12,MOTOR VEHICLE IN TRANSPORT,MM 82 2 I 65,NASHVILLE,TN,37203,6804,MIDTOW,36.1456,-86.7776,POINT (-86.7776 36.1456)
20190140194,02/21/2019 12:25:00 AM,1,0,0,Y,N,197055,0,NOT COLLISION W/MOTOR VEHICLE-TRANSPORT,22,CLOUDY,3,DARK - LIGHTED,11,OTHER ANIMAL,OLD HICKORY BLVD & PRATT PROPERTY PVTDR,ANTIOCH,TN,37013,8757,SOUTH,36.0339,-86.6913,POINT (-86.6913 36.0339)
20190184248,03/08/2019 12:37:00 PM,2,0,0,,N,311339,4,ANGLE,2,RAIN,1,DAYLIGHT,12,MOTOR VEHICLE IN TRANSPORT,8TH AVS & LAFAYETTE ST,NASHVILLE,TN,37203,4043,CENTRA,36.1546,-86.7792,POINT (-86.7792 36.1546)
20190456249,06/15/2019 11:50:00 AM,1,0,0,Y,Y,330414,0,NOT COLLISION W/MOTOR VEHICLE-TRANSPORT,21,CLEAR,9,UNKNOWN,38,FENCE,N DUPONT AV & NORTH PARK VILLAGE PVTDR,MADISON,TN,37115,1711,MADISO,36.2671,-86.6953,POINT (-86.6953 36.2671)
20190321296,04/26/2019 02:00:00 AM,2,0,0,,N,320598,5,SIDESWIPE - SAME DIRECTION,21,CLEAR,3,DARK - LIGHTED,12,MOTOR VEHICLE IN TRANSPORT,I40 W EXT RAMP & I 40,NASHVILLE,TN,37203,4119,CENTRA,36.1574,-86.79,POINT (-86.79 36.1574)
20190142661,02/21/2019 05:51:00 PM,3,1,0,,N,206675,4,ANGLE,2,RAIN,3,DARK - LIGHTED,12,MOTOR VEHICLE IN TRANSPORT,MONTROSE AV & 10TH AVS,NASHVILLE,TN,37204,6927,MIDTOW,36.1234,-86.7864,POINT (-86.7864 36.1234)
20190251510,04/01/2019 05:18:00 PM,2,0,0,,N,330413,4,ANGLE,21,CLEAR,1,DAYLIGHT,12,MOTOR VEHICLE IN TRANSPORT,EDMONDSON PKE & WALLACE RD,NASHVILLE,TN,37211,8661,MIDTOW,36.0771,-86.7256,POINT (-86.7256 36.0771)
20190172130,03/04/2019 05:30:00 PM,2,0,0,,Y,320581,5,SIDESWIPE - SAME DIRECTION,21,CLEAR,1,DAYLIGHT,12,MOTOR VEHICLE IN TRANSPORT,I65 N ENT RAMP & I 40,NASHVILLE,TN,37208,44041,NORTH,36.1734,-86.8012,POINT (-86.8012 36.1734)
20190079623,01/30/2019 08:30:00 AM,2,0,0,,Y,330438,5,SIDESWIPE - SAME DIRECTION,21,CLEAR,1,DAYLIGHT,12,MOTOR VEHICLE IN TRANSPORT,WHITE BRIDGE PKE & CHARLOTTE PKE,NASHVILLE,TN,37209,5033,WEST,36.1494,-86.8579,POINT (-86.8579 36.1494)
20190156425,02/26/2019 05:53:00 PM,2,1,0,,N,690942,11,Front to Rear,21,CLEAR,5,DUSK,12,MOTOR VEHICLE IN TRANSPORT,JAMES ROBERTSON PKWY & INTERSTATE DR,NASHVILLE,TN,37213,1105,CENTRA,36.1714,-86.769,POINT (-86.769 36.1714)
20190085624,02/01/2019 05:40:00 AM,1,0,0,,N,192378,0,NOT COLLISION W/MOTOR VEHICLE-TRANSPORT,22,CLOUDY,3,DARK - LIGHTED,36,CONCRETE TRAFFIC BARRIER,MM 55 3 I 24,NASHVILLE,TN,37211,8602,SOUTH,36.0913,-86.7043,POINT (-86.7043 36.0913)
20190394161,05/23/2019 09:38:00 AM,3,0,0,,N,267831,11,Front to Rear,21,CLEAR,1,DAYLIGHT,12,MOTOR VEHICLE IN TRANSPORT,HARDING PKE & POST RD,NASHVILLE,TN,37205,6123,WEST,36.1043,-86.8692,POINT (-86.8692 36.1043)
20190563893,07/29/2019 09:49:00 AM,2,2,0,Y,N,306231,11,Front to Rear,21,CLEAR,1,DAYLIGHT,12;25,MOTOR VEHICLE IN TRANSPORT;GUARDRAIL END,MM 88 2 I 65,NASHVILLE,TN,37207,18041,EAST,36.2188,-86.7747,POINT (-86.7747 36.2188)
20190216512,03/20/2019 08:55:00 AM,2,0,0,,N,226622,11,Front to Rear,21,CLEAR,1,DAYLIGHT,12,MOTOR VEHICLE IN TRANSPORT,CHARLOTTE PKE & WESTBORO DR,NASHVILLE,TN,37209,5029,WEST,36.1453,-86.8717,POINT (-86.8717 36.1453)
20190069036,01/26/2019 06:40:00 PM,2,0,0,,Y,212338,5,SIDESWIPE - SAME DIRECTION,21,CLEAR,3,DARK - LIGHTED,12,MOTOR VEHICLE IN TRANSPORT,EDMONDSON PKE & MILNER DR,NASHVILLE,TN,37211,8661,MIDTOW,36.0737,-86.7319,POINT (-86.7319 36.0737)
20190326145,04/28/2019 04:55:00 AM,1,0,0,,N,256382,0,NOT COLLISION W/MOTOR VEHICLE-TRANSPORT,21,CLEAR,3,DARK - LIGHTED,39,WALL,BRILEY PKWYN & BRILEY PKWYS,NASHVILLE,TN,37211,8404,SOUTH,36.1092,-86.727,POINT (-86.727 36.1092)
20190041649,01/16/2019 03:25:00 PM,2,0,0,,Y,320581,5,SIDESWIPE - SAME DIRECTION,22,CLOUDY,1,DAYLIGHT,12,MOTOR VEHICLE IN TRANSPORT,MM 210 1 I 40,NASHVILLE,TN,37203,4006,CENTRA,36.1492,-86.7751,POINT (-86.7751 36.1492)
20190022581,01/09/2019 04:30:00 PM,3,0,0,,N,330445,4,ANGLE,21,CLEAR,1,DAYLIGHT,12,MOTOR VEHICLE IN TRANSPORT,14TH AVN & CHARLOTTE AV,NASHVILLE,TN,37203,5501,MIDTOW,36.1608,-86.7937,POINT (-86.7937 36.1608)
20190126204,02/15/2019 05:40:00 PM,2,1,0,,N,191570,11,Front to Rear,2,RAIN,2,DARK - NOT LIGHTED,12,MOTOR VEHICLE IN TRANSPORT,MM 77 3 I 65,NASHVILLE,TN,37220,86042,MIDTOW,36.0758,-86.7677,POINT (-86.7677 36.0758)
20190502070,07/03/2019 03:52:00 PM,3,5,1,,N,807344,11,Front to Rear,2,RAIN,1,DAYLIGHT,12,MOTOR VEHICLE IN TRANSPORT,JAMES ROBERTSON PKWY & GAY ST,NASHVILLE,TN,37219,4203,CENTRA,36.192,-86.7173,POINT (-86.7173 36.192)
20190542948,07/20/2019 06:50:00 PM,2,1,0,,Y,279124,11,Front to Rear,2,RAIN,1,DAYLIGHT,12,MOTOR VEHICLE IN TRANSPORT,PEBBLE CREEK CT & PEBBLE CREEK DR,ANTIOCH,TN,37013,8861,SOUTH,36.0712,-86.6552,POINT (-86.6552 36.0712)
20190315552,04/24/2019 06:55:00 AM,2,1,0,,N,222047,11,Front to Rear,21,CLEAR,1,DAYLIGHT,12,MOTOR VEHICLE IN TRANSPORT,MURFREESBORO PKE & SCOTT VALLEY DR,NASHVILLE,TN,37217,8937,HERMIT,36.0803,-86.6454,POINT (-86.6454 36.0803)
20190358535,05/10/2019 07:55:00 AM,1,3,0,,N,693093,0,NOT COLLISION W/MOTOR VEHICLE-TRANSPORT,22,CLOUDY,1,DAYLIGHT,36,CONCRETE TRAFFIC BARRIER,MM 90 4 I 65,MADISON,TN,37115,1702,MADISO,36.2414,-86.7507,POINT (-86.7507 36.2414)