Accident Number,Date and Time,Number of Motor Vehicles,Number of Injuries,Number of Fatalities,Property Damage,Hit and Run,Reporting Officer,Collision Type Code,Collision Type Description,Weather Code,Weather Description,Illumination Code,Illumination Description,Harmful Code,Harmful Code Description,Street Address,City,State,ZIP,RPA,Precinct,Latitude,Longitude,Mapped Location
20190171419,03/04/2019 12:38:00 PM,2,0,0,,N,134899,4,ANGLE,21,CLEAR,1,DAYLIGHT,12,MOTOR VEHICLE IN TRANSPORT,LEBANON PKE & GRAYLYNN DR,NASHVILLE,TN,37214,9113,HERMIT,36.1699,-86.6744,POINT (-86.6744 36.1699)
20190060785,01/23/2019 10:05:00 PM,2,0,0,,Y,468098,11,Front to Rear,2,RAIN,3,DARK - LIGHTED,12,MOTOR VEHICLE IN TRANSPORT,HICKORY HOLLOW PKWY & BELL RD,ANTIOCH,TN,37013,8863,SOUTH,36.0475,-86.656,POINT (-86.656 36.0475)
20190407615,05/28/2019 03:34:00 PM,2,0,0,,Y,320599,11,Front to Rear,21,CLEAR,1,DAYLIGHT,12,MOTOR VEHICLE IN TRANSPORT,MM 210 1 I 40,NASHVILLE,TN,37203,4006,CENTRA,36.1492,-86.7751,POINT (-86.7751 36.1492)
20190569387,07/31/2019 12:34:00 PM,2,0,0,,N,191578,5,SIDESWIPE - SAME DIRECTION,21,CLEAR,1,DAYLIGHT,12,MOTOR VEHICLE IN TRANSPORT,MURFREESBORO PKE & DONELSON PKE,NASHVILLE,TN,37217,8841,SOUTH,36.1062,-86.6731,POINT (-86.6731 36.1062)
20190267332,04/07/2019 10:29:00 AM,2,0,0,,N,755026,11,Front to Rear,2,RAIN,1,DAYLIGHT,12,MOTOR VEHICLE IN TRANSPORT,I24 E ENT RAMP & I 24,NASHVILLE,TN,37213,1007,CENTRA,36.1662,-86.7659,POINT (-86.7659 36.1662)
20190103336,02/07/2019 02:48:00 PM,2,0,0,,N,716875,5,SIDESWIPE - SAME DIRECTION,22,CLOUDY,1,DAYLIGHT,12,MOTOR VEHICLE IN TRANSPORT,CHARLOTTE AV & MORROW RD,NASHVILLE,TN,37209,5119,WEST,36.1516,-86.8521,POINT (-86.8521 36.1516)
20190431031,06/06/2019 08:51:00 AM,2,2,0,,N,716886,11,Front to Rear,21,CLEAR,1,DAYLIGHT,12,MOTOR VEHICLE IN TRANSPORT,OLD HICKORY BLVD & PRESERVE BLVD,ANTIOCH,TN,37013,8869,SOUTH,36.0327,-86.6119,POINT (-86.6119 36.0327)
20190063197,01/24/2019 04:15:00 PM,2,0,0,,Y,267831,4,ANGLE,21,CLEAR,1,DAYLIGHT,12,MOTOR VEHICLE IN TRANSPORT,SHARONDALE DR & SHARONDALE CT,NASHVILLE,TN,37215,6001,WEST,36.121,-86.8086,POINT (-86.8086 36.121)
20190328671,04/29/2019 09:45:00 AM,2,0,0,,N,352167,5,SIDESWIPE - SAME DIRECTION,21,CLEAR,1,DAYLIGHT,12,MOTOR VEHICLE IN TRANSPORT,MM 85 9 I 65,NASHVILLE,TN,37228,44060,NORTH,36.1915,-86.7873,POINT (-86.7873 36.1915)
20190119595,02/13/2019 02:00:00 PM,2,0,0,,N,332216,4,ANGLE,22,CLOUDY,1,DAYLIGHT,12,MOTOR VEHICLE IN TRANSPORT,8TH AVS & LAFAYETTE ST,NASHVILLE,TN,37203,4043,CENTRA,36.1546,-86.7792,POINT (-86.7792 36.1546)
20190277016,04/10/2019 09:54:00 PM,2,1,0,,N,909486,4,ANGLE,21,CLEAR,3,DARK - LIGHTED,12,MOTOR VEHICLE IN TRANSPORT,202 HICKORY TRACE DR PVTDR,NASHVILLE,TN,37211,8655,MIDTOW,36.0464,-86.7197,POINT (-86.7197 36.0464)
20190224578,03/22/2019 04:48:00 PM,2,0,0,,N,212330,98,OTHER,21,CLEAR,1,DAYLIGHT,14,PARKED MOTOR VEHICLE,HARRISON ST & NOLENSVILLE PKE,NASHVILLE,TN,37211,8431,SOUTH,36.0985,-86.7375,POINT (-86.7375 36.0985)
20190461899,06/18/2019 09:31:00 AM,2,0,0,,N,169421,11,Front to Rear,21,CLEAR,1,DAYLIGHT,12,MOTOR VEHICLE IN TRANSPORT,WHITES CREEK PKE & SEYMOUR HOLLOW RD,WHITES CREEK,TN,37189,3305,NORTH,36.2917,-86.8505,POINT (-86.8505 36.2917)
20190079354,01/30/2019 07:30:00 AM,2,0,0,,Y,594473,11,Front to Rear,4,SNOW,1,DAYLIGHT,12,MOTOR VEHICLE IN TRANSPORT,OLD HICKORY BLVD & FRANKLIN PIKE CIR,BRENTWOOD,TN,37027,8623,MIDTOW,36.0405,-86.7801,POINT (-86.7801 36.0405)
20190427001,06/04/2019 11:07:00 PM,2,0,0,,N,352202,11,Front to Rear,21,CLEAR,3,DARK - LIGHTED,12,MOTOR VEHICLE IN TRANSPORT,BRILEY PKWYN & EAST THOMPSON LN,NASHVILLE,TN,37211,8423,SOUTH,36.1095,-86.7281,POINT (-86.7281 36.1095)
20190246717,03/30/2019 06:52:00 PM,1,0,0,,N,693098,0,NOT COLLISION W/MOTOR VEHICLE-TRANSPORT,2,RAIN,5,DUSK,36,CONCRETE TRAFFIC BARRIER,BRILEY PKWYS & BRILEY PKWY S EXT RAMP,NASHVILLE,TN,37210,9098,HERMIT,36.148,-86.6929,POINT (-86.6929 36.148)
20190540164,07/19/2019 02:18:00 PM,2,0,0,,Y,197047,5,SIDESWIPE - SAME DIRECTION,21,CLEAR,9,UNKNOWN,14,PARKED MOTOR VEHICLE,CHESTER AV & CHAPEL AV,NASHVILLE,TN,37206,1331,EAST,36.1952,-86.7396,POINT (-86.7396 36.1952)
20190379403,05/17/2019 10:15:00 PM,2,0,0,,Y,151132,11,Front to Rear,21,CLEAR,3,DARK - LIGHTED,12,MOTOR VEHICLE IN TRANSPORT,SKYLINE MEMORIAL CT & DICKERSON PKE,MADISON,TN,37115,2009,MADISO,36.2439,-86.7566,POINT (-86.7566 36.2439)
20190546987,07/22/2019 02:33:00 PM,1,0,0,,N,134899,0,NOT COLLISION W/MOTOR VEHICLE-TRANSPORT,2,RAIN,1,DAYLIGHT,42;63,TREE;Ran Off Road-Right,SHUTE LN & SAUNDERSVILLE RD,OLD HICKORY,TN,37138,9717,HERMIT,36.2267,-86.6032,POINT (-86.6032 36.2267)
20190335924,05/01/2019 07:21:00 PM,2,0,0,,Y,110092,11,Front to Rear,2,RAIN,5,DUSK,12,MOTOR VEHICLE IN TRANSPORT,SAUNDERSVILLE RD & SHUTE LN,OLD HICKORY,TN,37138,9721,HERMIT,36.2263,-86.6032,POINT (-86.6032 36.2263)
20190317384,04/24/2019 08:13:00 PM,4,9,2,,N,256383,11,Front to Rear,21,CLEAR,3,DARK - LIGHTED,12,MOTOR VEHICLE IN TRANSPORT,HAYWOOD LN & I24 E EXT RAMP,NASHVILLE,TN,37211,8709,SOUTH,36.0691,-86.6911,POINT (-86.6911 36.0691)
20190187414,03/09/2019 08:06:00 PM,2,1,0,,N,311803,4,ANGLE,21,CLEAR,3,DARK - LIGHTED,13,MOTOR VEHICLE IN TRANSPORT-OTHER ROADWAY,NOLENSVILLE PKE & HAYWOOD LN,NASHVILLE,TN,37211,8661,MIDTOW,36.0683,-86.7193,POINT (-86.7193 36.0683)
20190108249,02/09/2019 12:00:00 AM,1,0,0,Y,Y,298864,0,NOT COLLISION W/MOTOR VEHICLE-TRANSPORT,21,CLEAR,9,UNKNOWN,18;34;39;63,OTHER OBJECT (NOT FIXED);DITCH;WALL;Ran Off Road-Right,CREEKWOOD DR & PARKWAY DR,NASHVILLE,TN,37207,2005,MADISO,36.2358,-86.7654,POINT (-86.7654 36.2358)
20190056116,01/22/2019 08:59:00 AM,2,0,0,Y,N,226673,98,OTHER,21,CLEAR,98,OTHER,12;14;19,MOTOR VEHICLE IN TRANSPORT;PARKED MOTOR VEHICLE;BUILDING,151 6TH AVN,NASHVILLE,TN,37219,4125,CENTRA,36.1616,-86.7813,POINT (-86.7813 36.1616)
20190044126,01/17/2019 01:22:00 PM,2,0,0,,N,226622,4,ANGLE,2,RAIN,1,DAYLIGHT,12,MOTOR VEHICLE IN TRANSPORT,WHITE BRIDGE PKE & CHARLOTTE PKE,NASHVILLE,TN,37209,5033,WEST,36.1494,-86.8579,POINT (-86.8579 36.1494)
20190359312,05/10/2019 01:11:00 PM,2,2,0,,N,191578,11,Front to Rear,22,CLOUDY,1,DAYLIGHT,12,MOTOR VEHICLE IN TRANSPORT,MM 212 4 I 40,NASHVILLE,TN,37210,82060,HERMIT,36.1441,-86.7389,POINT (-86.7389 36.1441)
20190100891,02/06/2019 04:40:00 PM,2,0,0,,N,909485,5,SIDESWIPE - SAME DIRECTION,2,RAIN,1,DAYLIGHT,12,MOTOR VEHICLE IN TRANSPORT,MM 79 1 I 65,NASHVILLE,TN,37204,8504,MIDTOW,36.1016,-86.7648,POINT (-86.7648 36.1016)
20190217505,03/20/2019 03:38:00 PM,2,2,0,,N,909486,4,ANGLE,21,CLEAR,1,DAYLIGHT,12,MOTOR VEHICLE IN TRANSPORT,NOLENSVILLE PKE & COLLIER AV,NASHVILLE,TN,37211,8425,SOUTH,36.11,-86.7447,POINT (-86.7447 36.11)
20190468441,06/20/2019 02:35:00 PM,2,0,0,,N,279224,4,ANGLE,21,CLEAR,1,DAYLIGHT,12,MOTOR VEHICLE IN TRANSPORT,I24 W ENT RAMP & I 24,NASHVILLE,TN,37206,1009,EAST,36.1666,-86.7638,POINT (-86.7638 36.1666)
20190400948,05/25/2019 08:23:00 PM,2,0,0,,N,299257,11,Front to Rear,21,CLEAR,3,DARK - LIGHTED,12,MOTOR VEHICLE IN TRANSPORT,SHACKLEFORD RD & GRANNY WHITE PKE,NASHVILLE,TN,37215,6407,MIDTOW,36.1012,-86.8007,POINT (-86.8007 36.1012)
20190156343,02/26/2019 05:38:00 PM,1,1,0,,N,256391,0,NOT COLLISION W/MOTOR VEHICLE-TRANSPORT,21,CLEAR,1,DAYLIGHT,16,THROWN OR FALLING OBJECT,EWING DR & EWING LN,NASHVILLE,TN,37207,3029,NORTH,36.2324,-86.7869,POINT (-86.7869 36.2324)
20190438855,06/09/2019 02:27:00 PM,1,1,0,,N,330444,0,NOT COLLISION W/MOTOR VEHICLE-TRANSPORT,21,CLEAR,1,DAYLIGHT,42,TREE,CENTENNIAL PARK PVTDR & 25TH AVN,NASHVILLE,TN,37203,5623,MIDTOW,36.1503,-86.8111,POINT (-86.8111 36.1503)
20190132777,02/18/2019 02:29:00 PM,2,1,0,,N,279204,11,Front to Rear,21,CLEAR,1,DAYLIGHT,12,MOTOR VEHICLE IN TRANSPORT,JEFFERSON ST & 9TH AVN,NASHVILLE,TN,37208,4239,NORTH,36.1729,-86.7931,POINT (-86.7931 36.1729)
20190536688,07/18/2019 08:26:00 AM,1,0,0,,N,109534,0,NOT COLLISION W/MOTOR VEHICLE-TRANSPORT,22,CLOUDY,1,DAYLIGHT,18,OTHER OBJECT (NOT FIXED),MCGAVOCK PKE & MCGAVOCK PKE WB EXT RAMP,NASHVILLE,TN,37214,92880,HERMIT,36.2166,-86.6926,POINT (-86.6926 36.2166)
20190024291,01/10/2019 08:11:00 AM,1,1,0,,N,226622,0,NOT COLLISION W/MOTOR VEHICLE-TRANSPORT,21,CLEAR,1,DAYLIGHT,7,,OLD HICKORY BLVD & BELLE FOREST SHOPPING,NASHVILLE,TN,37205,4903,WEST,36.0756,-86.921,POINT (-86.921 36.0756)
20190029270,01/12/2019 12:15:00 AM,2,0,0,,N,197067,5,SIDESWIPE - SAME DIRECTION,2,RAIN,3,DARK - LIGHTED,12,MOTOR VEHICLE IN TRANSPORT,DEMONBREUN ST & 5TH AVS,NASHVILLE,TN,37203,4057,CENTRA,36.1582,-86.7777,POINT (-86.7777 36.1582)
20190197485,03/13/2019 02:09:00 PM,2,0,0,Y,N,570084,4,ANGLE,22,CLOUDY,1,DAYLIGHT,12,MOTOR VEHICLE IN TRANSPORT,LAWING DR & OLD HICKORY BLVD,NASHVILLE,TN,37207,2025,MADISO,36.275,-86.7647,POINT (-86.7647 36.275)
20190490885,06/29/2019 11:15:00 AM,2,0,0,,N,298864,4,ANGLE,21,CLEAR,1,DAYLIGHT,12,MOTOR VEHICLE IN TRANSPORT,STATE RT 45 & MCARTHUR DR,MADISON,TN,37115,1705,MADISO,36.2642,-86.6915,POINT (-86.6915 36.2642)
20190110581,02/10/2019 12:00:00 AM,2,0,0,,N,279118,11,Front to Rear,2,RAIN,1,DAYLIGHT,12,MOTOR VEHICLE IN TRANSPORT,HARDING PL & LINBAR DR,NASHVILLE,TN,37211,8705,SOUTH,36.0841,-86.7059,POINT (-86.7059 36.0841)
20190314561,04/23/2019 10:00:00 PM,2,0,0,,N,352207,11,Front to Rear,21,CLEAR,3,DARK - LIGHTED,12,MOTOR VEHICLE IN TRANSPORT,BELL FORGE LNE & BELL RD,ANTIOCH,TN,37013,8865,SOUTH,36.0505,-86.6468,POINT (-86.6468 36.0505)
20190431118,06/06/2019 09:20:00 AM,2,0,0,,N,226622,11,Front to Rear,22,CLOUDY,1,DAYLIGHT,12,MOTOR VEHICLE IN TRANSPORT,BROOK HOLLOW RD & CHARLOTTE PKE,NASHVILLE,TN,37205,5013,WEST,36.1358,-86.8852,POINT (-86.8852 36.1358)
20190202824,03/15/2019 10:14:00 AM,3,2,0,,N,693102,11,Front to Rear,21,CLEAR,1,DAYLIGHT,12,MOTOR VEHICLE IN TRANSPORT,SPENCE LN & I40 W EXT RAMP,NASHVILLE,TN,37210,90062,HERMIT,36.1405,-86.7223,POINT (-86.7223 36.1405)
20190575087,08/02/2019 12:00:00 AM,3,3,0,,N,298868,11,Front to Rear,21,CLEAR,1,DAYLIGHT,12,MOTOR VEHICLE IN TRANSPORT,HIGHWAY 70S & SAWYER BROWN RD,NASHVILLE,TN,37221,4815,WEST,36.0769,-86.9452,POINT (-86.9452 36.0769)
20190251693,04/01/2019 06:50:00 PM,2,1,0,,N,206675,4,ANGLE,21,CLEAR,1,DAYLIGHT,1;12,MOTOR VEHICLE IN TRANSPORT,GALE LN & GRANNY WHITE PKE,NASHVILLE,TN,37204,6933,MIDTOW,36.1171,-86.7916,POINT (-86.7916 36.1171)
20190567370,07/30/2019 05:20:00 PM,3,0,0,,N,279224,11,Front to Rear,21,CLEAR,1,DAYLIGHT,12,MOTOR VEHICLE IN TRANSPORT,MAIN ST & N 7TH ST,NASHVILLE,TN,37206,1117,EAST,36.1745,-86.7609,POINT (-86.7609 36.1745)
20190571393,08/01/2019 07:33:00 AM,2,1,0,,N,462474,11,Front to Rear,22,CLOUDY,1,DAYLIGHT,12,MOTOR VEHICLE IN TRANSPORT,I65 N EXT RAMP & HARDING PL,NASHVILLE,TN,37220,8601,MIDTOW,36.0821,-86.7617,POINT (-86.7617 36.0821)
20190191666,03/11/2019 03:45:00 PM,3,0,0,,N,279118,11,Front to Rear,21,CLEAR,1,DAYLIGHT,12,MOTOR VEHICLE IN TRANSPORT,MM 57 4 I 24,ANTIOCH,TN,37013,88080,SOUTH,36.0649,-86.6847,POINT (-86.6847 36.0649)
20190131067,02/17/2019 09:25:00 PM,2,0,0,,N,320584,6,SIDESWIPE - OPPOSITE DIRECTION,21,CLEAR,3,DARK - LIGHTED,12,MOTOR VEHICLE IN TRANSPORT,HAMILTON CHURCH RD & MURFREESBORO PKE,ANTIOCH,TN,37013,8865,SOUTH,36.0645,-86.6288,POINT (-86.6288 36.0645)
20190151758,02/25/2019 07:54:00 AM,2,0,0,,N,109527,11,Front to Rear,21,CLEAR,1,DAYLIGHT,12,MOTOR VEHICLE IN TRANSPORT,JOHN HAGAR RD & S NEW HOPE RD,HERMITAGE,TN,37076,9545,HERMIT,36.1549,-86.5865,POINT (-86.5865 36.1549)
20190417432,05/31/2019 11:15:00 PM,2,1,0,,N,299245,4,ANGLE,21,CLEAR,3,DARK - LIGHTED,12,MOTOR VEHICLE IN TRANSPORT,DICKERSON PKE & WHITES CREEK PKE,NASHVILLE,TN,37207,1919,EAST,36.1887,-86.7732,POINT (-86.7732 36.1887)
20190111253,02/10/2019 11:50:00 PM,2,0,0,,Y,320578,4,ANGLE,21,CLEAR,3,DARK - LIGHTED,12,MOTOR VEHICLE IN TRANSPORT,WILLARD DR & WILLOW LN,NASHVILLE,TN,37211,8707,SOUTH,36.0764,-86.7028,POINT (-86.7028 36.0764)
20190476348,06/23/2019 11:15:00 PM,1,0,0,Y,N,320578,0,NOT COLLISION W/MOTOR VEHICLE-TRANSPORT,2,RAIN,3,DARK - LIGHTED,30,UTILITY POLE,SANFORD AV & HARRISON ST,NASHVILLE,TN,37211,8431,SOUTH,36.0983,-86.7357,POINT (-86.7357 36.0983)
20190281623,04/12/2019 01:06:00 PM,2,2,0,,N,812949,4,ANGLE,22,CLOUDY,1,DAYLIGHT,12,MOTOR VEHICLE IN TRANSPORT,CLARKSVILLE PKE & W HAMILTON RD,NASHVILLE,TN,37218,3141,NORTH,36.2091,-86.8394,POINT (-86.8394 36.2091)
20190520726,07/11/2019 08:20:00 PM,2,2,0,,N,212348,11,Front to Rear,21,CLEAR,3,DARK - LIGHTED,12,MOTOR VEHICLE IN TRANSPORT,8TH AVS & DIVISION ST,NASHVILLE,TN,37203,4009,CENTRA,36.1497,-86.7792,POINT (-86.7792 36.1497)
20190211027,03/18/2019 04:55:00 PM,2,0,0,,N,320580,11,Front to Rear,21,CLEAR,1,DAYLIGHT,12,MOTOR VEHICLE IN TRANSPORT,MM 210 7 I 40,NASHVILLE,TN,37210,8202,HERMIT,36.1532,-86.7644,POINT (-86.7644 36.1532)
20190051207,01/20/2019 09:26:00 AM,1,1,0,,N,332253,0,NOT COLLISION W/MOTOR VEHICLE-TRANSPORT,4,SNOW,1,DAYLIGHT,1;63,Ran Off Road-Right,HUNTERS LN & BRICK CHURCH PKE,NASHVILLE,TN,37207,2103,MADISO,36.2881,-86.7804,POINT (-86.7804 36.2881)
20190560008,07/27/2019 02:45:00 PM,8,0,0,,Y,299267,11,Front to Rear,21,CLEAR,1,DAYLIGHT,12,MOTOR VEHICLE IN TRANSPORT,MM 1 4 I 440,NASHVILLE,TN,37209,52320,WEST,36.1496,-86.8227,POINT (-86.8227 36.1496)
20190083887,01/31/2019 03:40:00 PM,2,0,0,,Y,311332,5,SIDESWIPE - SAME DIRECTION,21,CLEAR,1,DAYLIGHT,12,MOTOR VEHICLE IN TRANSPORT,MM 200 8 I 40,NASHVILLE,TN,37209,4708,WEST,36.1281,-86.9012,POINT (-86.9012 36.1281)
20190204567,03/15/2019 11:49:00 PM,2,1,0,,N,660929,2,HEAD-ON,21,CLEAR,3,DARK - LIGHTED,12,MOTOR VEHICLE IN TRANSPORT,14TH AVN & CHARLOTTE AV,NASHVILLE,TN,37203,5501,MIDTOW,36.1608,-86.7937,POINT (-86.7937 36.1608)
20190213741,03/19/2019 01:05:00 PM,2,0,0,,N,716886,11,Front to Rear,21,CLEAR,1,DAYLIGHT,12,MOTOR VEHICLE IN TRANSPORT,OLD HICKORY BLVD & FIRESTONE PKWY,ANTIOCH,TN,37013,8867,SOUTH,36.017,-86.6199,POINT (-86.6199 36.017)
20190477867,06/24/2019 05:43:00 PM,2,0,0,,N,184870,5,SIDESWIPE - SAME DIRECTION,21,CLEAR,1,DAYLIGHT,12,MOTOR VEHICLE IN TRANSPORT,46TH AVN & COLORADO AV,NASHVILLE,TN,37209,5205,WEST,36.1418,-86.8416,POINT (-86.8416 36.1418)
20190309828,04/22/2019 04:57:00 PM,2,0,0,,N,320585,5,SIDESWIPE - SAME DIRECTION,21,CLEAR,1,DAYLIGHT,12,MOTOR VEHICLE IN TRANSPORT,BRILEY PKWYN & BRILEY PKWYS,NASHVILLE,TN,37211,8404,SOUTH,36.1092,-86.727,POINT (-86.727 36.1092)
20190581010,08/05/2019 08:12:00 AM,2,0,0,,N,134899,0,NOT COLLISION W/MOTOR VEHICLE-TRANSPORT,21,CLEAR,1,DAYLIGHT,42,TREE,OMOHUNDRO PL & FREIGHTLINER DR,NASHVILLE,TN,37210,9001,HERMIT,36.1562,-86.7398,POINT (-86.7398 36.1562)
20190433052,06/06/2019 10:15:00 PM,2,0,0,,N,177482,11,Front to Rear,2,RAIN,3,DARK - LIGHTED,12,MOTOR VEHICLE IN TRANSPORT,MURPHY RD & BOWLING AV,NASHVILLE,TN,37205,5249,WEST,36.1401,-86.8268,POINT (-86.8268 36.1401)
20190489498,06/28/2019 07:25:00 PM,2,0,0,,Y,330412,5,SIDESWIPE - SAME DIRECTION,21,CLEAR,1,DAYLIGHT,12,MOTOR VEHICLE IN TRANSPORT,OLD HICKORY BLVDW & OLD TIME VILLAGE PVT,MADISON,TN,37115,1771,MADISO,36.2632,-86.7131,POINT (-86.7131 36.2632)
20190329850,04/29/2019 07:05:00 PM,1,1,0,,N,298874,0,NOT COLLISION W/MOTOR VEHICLE-TRANSPORT,21,CLEAR,1,DAYLIGHT,8,PEDESTRIAN,S 6TH ST & SHELBY AV,NASHVILLE,TN,37206,1011,EAST,36.1683,-86.7603,POINT (-86.7603 36.1683)
20190299835,04/18/2019 06:10:00 PM,2,2,0,,N,256389,2,HEAD-ON,21,CLEAR,1,DAYLIGHT,12,MOTOR VEHICLE IN TRANSPORT,HILLSBORO PKE & WOODMONT BLVD,NASHVILLE,TN,37215,6105,WEST,36.114,-86.8109,POINT (-86.8109 36.114)
20190383867,05/20/2019 02:10:00 AM,2,0,0,,Y,298859,4,ANGLE,21,CLEAR,3,DARK - LIGHTED,12,MOTOR VEHICLE IN TRANSPORT,MURFREESBORO PKE & I24 W EXT RAMP,NASHVILLE,TN,37217,8801,SOUTH,36.1348,-86.7236,POINT (-86.7236 36.1348)
20190535075,07/17/2019 04:33:00 PM,2,0,0,,N,256426,4,ANGLE,21,CLEAR,1,DAYLIGHT,12,MOTOR VEHICLE IN TRANSPORT,DONELSON PKE & I40 W ENT RAMP,NASHVILLE,TN,37214,9103,HERMIT,36.143,-86.6667,POINT (-86.6667 36.143)
20190347033,05/06/2019 11:05:00 AM,2,1,0,,N,665896,11,Front to Rear,21,CLEAR,1,DAYLIGHT,12,MOTOR VEHICLE IN TRANSPORT,EWING DR & LARKSPUR DR,NASHVILLE,TN,37207,1809,EAST,36.2305,-86.7687,POINT (-86.7687 36.2305)
20190093781,02/04/2019 01:25:00 PM,2,1,0,,N,166478,4,ANGLE,21,CLEAR,1,DAYLIGHT,12,MOTOR VEHICLE IN TRANSPORT,JEFFERSON ST & ROSA L PARKS BLVD,NASHVILLE,TN,37208,4239,NORTH,36.1733,-86.7914,POINT (-86.7914 36.1733)
20190237676,03/27/2019 01:35:00 PM,2,0,0,,N,226136,4,ANGLE,21,CLEAR,1,DAYLIGHT,12,MOTOR VEHICLE IN TRANSPORT,MELROSE AV & GRANDVIEW AV,NASHVILLE,TN,37211,8343,MIDTOW,36.1205,-86.7504,POINT (-86.7504 36.1205)
20190571486,08/01/2019 08:20:00 AM,2,0,0,,N,191578,0,NOT COLLISION W/MOTOR VEHICLE-TRANSPORT,21,CLEAR,1,DAYLIGHT,60,Cargo Equip Loss/Shift,MUSIC VALLEY DR & MUSIC CITY CIR,NASHVILLE,TN,37214,9213,HERMIT,36.2243,-86.6948,POINT (-86.6948 36.2243)
20190030465,01/12/2019 02:11:00 PM,2,2,0,Y,N,591933,4,ANGLE,2,RAIN,1,DAYLIGHT,12,MOTOR VEHICLE IN TRANSPORT,HICKORY VISTA DR & ROUND ROCK DR,ANTIOCH,TN,37013,8967,SOUTH,36.0348,-86.5866,POINT (-86.5866 36.0348)
20190391844,05/22/2019 05:23:00 PM,2,2,0,,N,690942,4,ANGLE,21,CLEAR,1,DAYLIGHT,12,MOTOR VEHICLE IN TRANSPORT,12TH AVS & DIVISION ST,NASHVILLE,TN,37203,4015,CENTRA,36.1514,-86.7843,POINT (-86.7843 36.1514)
20190224995,03/22/2019 10:00:00 PM,2,0,0,Y,Y,280010,4,ANGLE,21,CLEAR,3,DARK - LIGHTED,12;40,MOTOR VEHICLE IN TRANSPORT;MAIL BOX,LUTIE ST & STERLING BOONE DR,NASHVILLE,TN,37210,8329,SOUTH,36.1169,-86.7387,POINT (-86.7387 36.1169)
20190501479,07/03/2019 12:00:00 PM,2,0,0,,N,714641,11,Front to Rear,21,CLEAR,1,DAYLIGHT,12,MOTOR VEHICLE IN TRANSPORT,BROADWAY & 12TH AVS,NASHVILLE,TN,37203,4079,CENTRA,36.1566,-86.7875,POINT (-86.7875 36.1566)
20190105044,02/08/2019 06:15:00 AM,3,1,0,,N,191578,11,Front to Rear,21,CLEAR,4,DAWN,12,MOTOR VEHICLE IN TRANSPORT,MM 220 2 I 40,HERMITAGE,TN,37076,94021,HERMIT,36.1665,-86.6122,POINT (-86.6122 36.1665)
20190288905,04/15/2019 12:48:00 PM,1,0,0,Y,N,580819,0,NOT COLLISION W/MOTOR VEHICLE-TRANSPORT,21,CLEAR,1,DAYLIGHT,18,OTHER OBJECT (NOT FIXED),PEABODY ST & 1ST AVS,NASHVILLE,TN,37210,4033,CENTRA,36.1572,-86.7712,POINT (-86.7712 36.1572)
20190264822,04/06/2019 01:48:00 AM,1,0,0,Y,Y,298864,0,NOT COLLISION W/MOTOR VEHICLE-TRANSPORT,99,UNKNOWN,2,DARK - NOT LIGHTED,18,OTHER OBJECT (NOT FIXED),200 DULING AV,MADISON,TN,37115,1701,MADISO,36.2658,-86.7092,POINT (-86.7092 36.2658)
20190360703,05/11/2019 12:52:00 AM,2,0,0,,Y,320583,11,Front to Rear,2,RAIN,3,DARK - LIGHTED,12,MOTOR VEHICLE IN TRANSPORT,WEST END AV & 19TH AVN,NASHVILLE,TN,37203,5707,MIDTOW,36.1526,-86.7968,POINT (-86.7968 36.1526)
20190174688,03/05/2019 01:08:00 PM,2,0,0,,N,109534,16,Rear to Side,21,CLEAR,1,DAYLIGHT,14,PARKED MOTOR VEHICLE,WOODRIDGE PVTDR & FLINTLOCK CT,NASHVILLE,TN,37217,8937,HERMIT,36.0862,-86.6345,POINT (-86.6345 36.0862)
20190544483,07/21/2019 12:43:00 PM,1,0,0,,N,299243,0,NOT COLLISION W/MOTOR VEHICLE-TRANSPORT,2,RAIN,1,DAYLIGHT,36,CONCRETE TRAFFIC BARRIER,I40 W EXT RAMP & I 40,NASHVILLE,TN,37203,4119,CENTRA,36.1574,-86.79,POINT (-86.79 36.1574)
20190517357,07/10/2019 02:04:00 PM,2,0,0,,Y,299243,5,SIDESWIPE - SAME DIRECTION,2,RAIN,1,DAYLIGHT,12,MOTOR VEHICLE IN TRANSPORT,8TH AVS & 8TH AVS,NASHVILLE,TN,37203,4041,CENTRA,36.1545,-86.7796,POINT (-86.7796 36.1545)
20190477521,06/24/2019 03:23:00 PM,4,0,0,,N,267831,11,Front to Rear,21,CLEAR,1,DAYLIGHT,12,MOTOR VEHICLE IN TRANSPORT,MM 1 0 I 440,NASHVILLE,TN,37205,5234,WEST,36.1438,-86.8226,POINT (-86.8226 36.1438)
20190191600,03/11/2019 12:00:00 AM,2,0,0,,Y,298861,11,Front to Rear,21,CLEAR,1,DAYLIGHT,12,MOTOR VEHICLE IN TRANSPORT,MM 211 7 I 40,NASHVILLE,TN,37210,82042,HERMIT,36.1499,-86.7483,POINT (-86.7483 36.1499)
20190293021,04/16/2019 06:09:00 PM,2,1,0,,Y,151132,5,SIDESWIPE - SAME DIRECTION,21,CLEAR,1,DAYLIGHT,12,MOTOR VEHICLE IN TRANSPORT,BRILEY PKWYW & BRILEY PKWYE,NASHVILLE,TN,37218,3216,NORTH,36.2254,-86.8638,POINT (-86.8638 36.2254)
20190351899,05/07/2019 11:31:00 PM,2,0,0,,N,256382,11,Front to Rear,21,CLEAR,3,DARK - LIGHTED,12,MOTOR VEHICLE IN TRANSPORT,FESSLERS LN & RUNDLE AV,NASHVILLE,TN,37210,8215,HERMIT,36.1467,-86.7438,POINT (-86.7438 36.1467)