Accident Number,Date and Time,Number of Motor Vehicles,Number of Injuries,Number of Fatalities,Property Damage,Hit and Run,Reporting Officer,Collision Type Code,Collision Type Description,Weather Code,Weather Description,Illumination Code,Illumination Description,Harmful Code,Harmful Code Description,Street Address,City,State,ZIP,RPA,Precinct,Latitude,Longitude,Mapped Location
20190533972,07/17/2019 08:43:00 AM,2,2,0,,Y,179580,11,Front to Rear,2,RAIN,1,DAYLIGHT,12,MOTOR VEHICLE IN TRANSPORT,MM 85 1 I 65,NASHVILLE,TN,37208,43023,NORTH,36.1815,-86.7999,POINT (-86.7999 36.1815)
20190156710,02/26/2019 08:19:00 PM,3,2,0,,N,256389,11,Front to Rear,21,CLEAR,3,DARK - LIGHTED,12,MOTOR VEHICLE IN TRANSPORT,MM 4 0 I 440,NASHVILLE,TN,37204,7010,MIDTOW,36.1161,-86.7901,POINT (-86.7901 36.1161)
20190560057,07/27/2019 03:12:00 PM,2,2,0,,N,240955,11,Front to Rear,21,CLEAR,1,DAYLIGHT,12,MOTOR VEHICLE IN TRANSPORT,MURFREESBORO PKE & SMITH SPRINGS RD,NASHVILLE,TN,37217,8849,SOUTH,36.0962,-86.6556,POINT (-86.6556 36.0962)
20190184657,03/08/2019 04:05:00 PM,2,0,0,,N,226827,11,Front to Rear,2,RAIN,1,DAYLIGHT,12,MOTOR VEHICLE IN TRANSPORT,N GRAYCROFT AV & E CAMPBELL RD,MADISON,TN,37115,1767,MADISO,36.272,-86.7044,POINT (-86.7044 36.272)
20190034166,01/14/2019 06:40:00 AM,2,0,0,,N,226136,4,ANGLE,22,CLOUDY,4,DAWN,12,MOTOR VEHICLE IN TRANSPORT,24TH AVS & WEST END AV,NASHVILLE,TN,37212,5717,MIDTOW,36.1477,-86.8063,POINT (-86.8063 36.1477)
20190172333,03/04/2019 05:00:00 PM,1,1,0,,N,240968,0,NOT COLLISION W/MOTOR VEHICLE-TRANSPORT,21,CLEAR,1,DAYLIGHT,8,PEDESTRIAN,DONELSON PKE & SHACKLETT DR,NASHVILLE,TN,37214,9411,HERMIT,36.1449,-86.6667,POINT (-86.6667 36.1449)
20190495087,07/01/2019 08:20:00 AM,3,1,0,,Y,223502,11,Front to Rear,21,CLEAR,1,DAYLIGHT,12,MOTOR VEHICLE IN TRANSPORT,0 I 440,NASHVILLE,TN,37210,81040,SOUTH,36.1244,-86.7425,POINT (-86.7425 36.1244)
20190447140,06/12/2019 03:16:00 PM,3,1,0,,Y,256386,11,Front to Rear,21,CLEAR,1,DAYLIGHT,12,MOTOR VEHICLE IN TRANSPORT,BELL RD & PRIEST WOODS DR,NASHVILLE,TN,37214,8989,HERMIT,36.1275,-86.6296,POINT (-86.6296 36.1275)
20190191370,03/11/2019 02:04:00 PM,2,1,0,,N,224955,11,Front to Rear,22,CLOUDY,1,DAYLIGHT,12,MOTOR VEHICLE IN TRANSPORT,MYATT DR & RIVERGATE STATION PVTDR,MADISON,TN,37115,1721,MADISO,36.2963,-86.6987,POINT (-86.6987 36.2963)
20190390390,05/22/2019 07:38:00 AM,2,4,0,,N,716886,5,SIDESWIPE - SAME DIRECTION,21,CLEAR,1,DAYLIGHT,12,MOTOR VEHICLE IN TRANSPORT,MM 60 6 I 24,ANTIOCH,TN,37013,88060,SOUTH,36.0339,-86.6421,POINT (-86.6421 36.0339)
20190555948,07/25/2019 08:24:00 PM,2,0,0,,N,579971,11,Front to Rear,21,CLEAR,3,DARK - LIGHTED,12,MOTOR VEHICLE IN TRANSPORT,MURFREESBORO PKE & HAMILTON CHURCH RD,ANTIOCH,TN,37013,8865,SOUTH,36.0649,-86.6286,POINT (-86.6286 36.0649)
20190259938,04/04/2019 12:58:00 PM,2,0,0,,Y,594473,11,Front to Rear,21,CLEAR,1,DAYLIGHT,12,MOTOR VEHICLE IN TRANSPORT,19TH AVN & CHURCH ST,NASHVILLE,TN,37203,5513,MIDTOW,36.1546,-86.7991,POINT (-86.7991 36.1546)
20190062346,01/24/2019 10:00:00 AM,2,0,0,,N,226622,3,REAR-TO-REAR,21,CLEAR,1,DAYLIGHT,14,PARKED MOTOR VEHICLE,6600 CHARLOTTE PKE,NASHVILLE,TN,37209,5009,WEST,36.1389,-86.8828,POINT (-86.8828 36.1389)
20190234017,03/26/2019 08:01:00 AM,3,4,0,,N,665896,4,ANGLE,21,CLEAR,1,DAYLIGHT,12;30,MOTOR VEHICLE IN TRANSPORT;UTILITY POLE,EASTLAND AV & GALLATIN AV,NASHVILLE,TN,37206,1243,EAST,36.1838,-86.7484,POINT (-86.7484 36.1838)
20190544025,07/21/2019 06:18:00 AM,1,0,0,Y,Y,320574,0,NOT COLLISION W/MOTOR VEHICLE-TRANSPORT,99,UNKNOWN,9,UNKNOWN,47,FIRE HYDRANT,100 ANDERSON RD,NASHVILLE,TN,37217,8983,HERMIT,36.0918,-86.6062,POINT (-86.6062 36.0918)
20190170457,03/04/2019 06:23:00 AM,2,2,0,,N,284059,11,Front to Rear,21,CLEAR,1,DAYLIGHT,12,MOTOR VEHICLE IN TRANSPORT,KOLZ LN & EATONS CREEK RD,JOELTON,TN,37080,3333,NORTH,36.3018,-86.8864,POINT (-86.8864 36.3018)
20190362716,05/12/2019 12:42:00 AM,2,0,0,,N,256382,4,ANGLE,21,CLEAR,3,DARK - LIGHTED,12,MOTOR VEHICLE IN TRANSPORT,ELM HILL PKE & NEILWORTH LN,NASHVILLE,TN,37214,9411,HERMIT,36.1431,-86.6518,POINT (-86.6518 36.1431)
20190464561,06/19/2019 08:40:00 AM,1,0,0,Y,N,462474,0,NOT COLLISION W/MOTOR VEHICLE-TRANSPORT,22,CLOUDY,1,DAYLIGHT,25,GUARDRAIL END,MM 4 8 I 440,NASHVILLE,TN,37204,6930,MIDTOW,36.1159,-86.7752,POINT (-86.7752 36.1159)
20190091768,02/03/2019 08:06:00 PM,2,1,0,,N,206964,4,ANGLE,21,CLEAR,3,DARK - LIGHTED,12,MOTOR VEHICLE IN TRANSPORT,HAYWOOD LN & FAULKNER DR,NASHVILLE,TN,37211,8703,SOUTH,36.0682,-86.7107,POINT (-86.7107 36.0682)
20190011712,01/05/2019 10:28:00 AM,2,1,0,,N,462474,4,ANGLE,21,CLEAR,1,DAYLIGHT,12,MOTOR VEHICLE IN TRANSPORT,EDMONDSON PKE & ELLINGTON AG CENTER PVTD,NASHVILLE,TN,37211,8657,MIDTOW,36.0617,-86.7403,POINT (-86.7403 36.0617)
20190265313,04/06/2019 01:52:00 PM,2,0,0,,N,299243,11,Front to Rear,21,CLEAR,1,DAYLIGHT,12,MOTOR VEHICLE IN TRANSPORT,8TH AVS & MCGAVOCK ST,NASHVILLE,TN,37203,4075,CENTRA,36.1579,-86.7814,POINT (-86.7814 36.1579)
20190471798,06/21/2019 05:10:00 PM,2,0,0,,N,320603,2,HEAD-ON,21,CLEAR,1,DAYLIGHT,12,MOTOR VEHICLE IN TRANSPORT,0 BURGESS AV,NASHVILLE,TN,37209,5025,WEST,36.145,-86.858,POINT (-86.858 36.145)
20190323715,04/26/2019 11:22:00 PM,1,1,0,,N,311341,0,NOT COLLISION W/MOTOR VEHICLE-TRANSPORT,21,CLEAR,3,DARK - LIGHTED,1,,CHARLOTTE PKE & CHARLOTTE ROAD CIR,NASHVILLE,TN,37209,5025,WEST,36.1423,-86.8756,POINT (-86.8756 36.1423)
20190205881,03/16/2019 02:45:00 PM,2,0,0,,N,240976,5,SIDESWIPE - SAME DIRECTION,21,CLEAR,1,DAYLIGHT,12,MOTOR VEHICLE IN TRANSPORT,DICKERSON PKE & I65 N ENT RAMP,NASHVILLE,TN,37216,1805,EAST,36.2361,-86.7582,POINT (-86.7582 36.2361)
20190488265,06/28/2019 09:08:00 AM,1,0,0,,N,226622,0,NOT COLLISION W/MOTOR VEHICLE-TRANSPORT,21,CLEAR,1,DAYLIGHT,36,CONCRETE TRAFFIC BARRIER,I440 W EXT RAMP & I 40,NASHVILLE,TN,37209,52280,WEST,36.1561,-86.8235,POINT (-86.8235 36.1561)
20190560534,07/27/2019 07:51:00 PM,2,0,0,,N,279204,4,ANGLE,21,CLEAR,5,DUSK,12,MOTOR VEHICLE IN TRANSPORT,5TH AVN & VAN BUREN ST,NASHVILLE,TN,37208,4333,NORTH,36.179,-86.7905,POINT (-86.7905 36.179)
20190423101,06/03/2019 02:42:00 PM,2,2,0,Y,N,151132,6,SIDESWIPE - OPPOSITE DIRECTION,21,CLEAR,1,DAYLIGHT,12,MOTOR VEHICLE IN TRANSPORT,OLD HICKORY BLVDW & RONNIE RD,MADISON,TN,37115,1749,MADISO,36.2641,-86.7262,POINT (-86.7262 36.2641)
20190442362,06/10/2019 12:00:00 AM,3,0,0,,N,299248,11,Front to Rear,21,CLEAR,3,DARK - LIGHTED,12,MOTOR VEHICLE IN TRANSPORT,I24 E ENT RAMP & I 24,NASHVILLE,TN,37213,1007,CENTRA,36.1662,-86.7659,POINT (-86.7659 36.1662)
20190241512,03/28/2019 06:32:00 PM,2,0,0,,Y,256383,5,SIDESWIPE - SAME DIRECTION,21,CLEAR,1,DAYLIGHT,14,PARKED MOTOR VEHICLE,DEER VALLEY TRL & BLUFFHOLLOW GAP,ANTIOCH,TN,37013,8755,SOUTH,36.03,-86.6791,POINT (-86.6791 36.03)
20190349745,05/07/2019 07:57:00 AM,2,0,0,,N,224955,5,SIDESWIPE - SAME DIRECTION,21,CLEAR,1,DAYLIGHT,12,MOTOR VEHICLE IN TRANSPORT,MM 98 4 I 65,GOODLETTSVILLE,TN,,,,36.3436,-86.715,POINT (-86.715 36.3436)
20190483721,06/26/2019 04:45:00 PM,2,0,0,,N,256383,11,Front to Rear,2,RAIN,1,DAYLIGHT,12,MOTOR VEHICLE IN TRANSPORT,NOLENSVILLE PKE & CRAIGHEAD ST,NASHVILLE,TN,37210,8125,SOUTH,36.1338,-86.7588,POINT (-86.7588 36.1338)
20190136982,02/19/2019 11:25:00 PM,1,0,0,,N,330422,0,NOT COLLISION W/MOTOR VEHICLE-TRANSPORT,2,RAIN,3,DARK - LIGHTED,36,CONCRETE TRAFFIC BARRIER,I24 W EXT RAMP & I 24,NASHVILLE,TN,37211,8829,SOUTH,36.1074,-86.7197,POINT (-86.7197 36.1074)
20190403171,05/26/2019 11:05:00 PM,1,1,0,,N,330419,0,NOT COLLISION W/MOTOR VEHICLE-TRANSPORT,21,CLEAR,3,DARK - LIGHTED,7,,GALLATIN PKEN & NORTHSIDE MARKETPLACE PV,MADISON,TN,37115,1721,MADISO,36.3073,-86.6849,POINT (-86.6849 36.3073)
20190112075,02/11/2019 07:00:00 AM,2,0,0,,N,420035,11,Front to Rear,22,CLOUDY,1,DAYLIGHT,12,MOTOR VEHICLE IN TRANSPORT,GALLATIN PKES & BRINK HAVEN AV,MADISON,TN,37115,1507,MADISO,36.2511,-86.7182,POINT (-86.7182 36.2511)
20190208173,03/17/2019 04:45:00 PM,2,0,0,,N,320582,4,ANGLE,21,CLEAR,1,DAYLIGHT,12,MOTOR VEHICLE IN TRANSPORT,BRICK CHURCH PKE & W TRINITY LN,NASHVILLE,TN,37207,3003,NORTH,36.2064,-86.7779,POINT (-86.7779 36.2064)
20190453970,06/14/2019 09:40:00 PM,2,0,0,,Y,320578,4,ANGLE,21,CLEAR,3,DARK - LIGHTED,12,MOTOR VEHICLE IN TRANSPORT,UNA ANTIOCH PKE & PICCADILLY ROW,ANTIOCH,TN,37013,8891,SOUTH,36.0822,-86.652,POINT (-86.652 36.0822)
20190524816,07/13/2019 02:02:00 PM,2,0,0,,N,267831,4,ANGLE,21,CLEAR,1,DAYLIGHT,12,MOTOR VEHICLE IN TRANSPORT,HIGHWAY 70S & OLD HICKORY BLVD,NASHVILLE,TN,37205,4903,WEST,36.0745,-86.9209,POINT (-86.9209 36.0745)
20190544847,07/21/2019 04:07:00 PM,2,0,0,,Y,212346,5,SIDESWIPE - SAME DIRECTION,21,CLEAR,1,DAYLIGHT,12,MOTOR VEHICLE IN TRANSPORT,MM 208 8 I 40,NASHVILLE,TN,37203,4102,CENTRA,36.1597,-86.7923,POINT (-86.7923 36.1597)
20190065099,01/25/2019 07:55:00 AM,2,1,0,,N,226622,11,Front to Rear,21,CLEAR,1,DAYLIGHT,12,MOTOR VEHICLE IN TRANSPORT,WHITE BRIDGE PKE & POST PL,NASHVILLE,TN,37209,5107,WEST,36.1145,-86.8161,POINT (-86.8161 36.1145)
20190246477,03/30/2019 05:05:00 PM,3,0,0,,Y,256386,4,ANGLE,21,CLEAR,1,DAYLIGHT,12,MOTOR VEHICLE IN TRANSPORT,MM 214 8 I 40,NASHVILLE,TN,37210,9006,HERMIT,36.1443,-86.6982,POINT (-86.6982 36.1443)
20190304717,04/20/2019 04:37:00 PM,1,1,0,,N,311334,0,NOT COLLISION W/MOTOR VEHICLE-TRANSPORT,21,CLEAR,1,DAYLIGHT,8,PEDESTRIAN,3RD AVS & KOREAN VETERANS BLVD,NASHVILLE,TN,37201,4053,CENTRA,36.1579,-86.7736,POINT (-86.7736 36.1579)
20190566083,07/30/2019 07:52:00 AM,2,1,0,,N,320574,6,SIDESWIPE - OPPOSITE DIRECTION,22,CLOUDY,1,DAYLIGHT,12,MOTOR VEHICLE IN TRANSPORT,LEBANON PKE & DONELSONWOOD DR,NASHVILLE,TN,37214,9401,HERMIT,36.1675,-86.6595,POINT (-86.6595 36.1675)
20190275503,04/10/2019 10:22:00 AM,1,0,0,Y,N,716886,0,NOT COLLISION W/MOTOR VEHICLE-TRANSPORT,21,CLEAR,1,DAYLIGHT,43,OTHER FIXED OBJECTS,HAMILTON CHURCH RD & HOBSON PKE,ANTIOCH,TN,37013,8905,SOUTH,36.0586,-86.5978,POINT (-86.5978 36.0586)
20190279586,04/11/2019 06:47:00 PM,3,1,0,,Y,169425,11,Front to Rear,21,CLEAR,1,DAYLIGHT,12,MOTOR VEHICLE IN TRANSPORT,MM 81 9 I 65,NASHVILLE,TN,37203,80060,MIDTOW,36.1419,-86.7766,POINT (-86.7766 36.1419)
20190018326,01/08/2019 07:11:00 AM,2,0,0,,N,676834,11,Front to Rear,22,CLOUDY,1,DAYLIGHT,12,MOTOR VEHICLE IN TRANSPORT,MM 38 3 I 24,WHITES CREEK,TN,37189,2212,NORTH,36.3063,-86.8167,POINT (-86.8167 36.3063)
20190412586,05/30/2019 09:29:00 AM,2,0,0,,N,279116,4,ANGLE,22,CLOUDY,1,DAYLIGHT,12,MOTOR VEHICLE IN TRANSPORT,NOLENSVILLE PKE & MCIVER ST,NASHVILLE,TN,37211,8427,SOUTH,36.1035,-86.7414,POINT (-86.7414 36.1035)
20190380842,05/18/2019 02:18:00 PM,2,0,0,,N,311344,4,ANGLE,21,CLEAR,1,DAYLIGHT,12,MOTOR VEHICLE IN TRANSPORT,MADISON BLVD & GALLATIN PKES,MADISON,TN,37115,1625,MADISO,36.255,-86.7152,POINT (-86.7152 36.255)
20190380446,05/18/2019 09:16:00 AM,2,0,0,,N,320603,5,SIDESWIPE - SAME DIRECTION,21,CLEAR,1,DAYLIGHT,12,MOTOR VEHICLE IN TRANSPORT,MM 201 6 I 40,NASHVILLE,TN,37209,50023,WEST,36.1358,-86.893,POINT (-86.893 36.1358)
20190400544,05/25/2019 12:00:00 AM,2,0,0,,N,279200,5,SIDESWIPE - SAME DIRECTION,21,CLEAR,1,DAYLIGHT,12,MOTOR VEHICLE IN TRANSPORT,BROADWAY & 5TH AVS,NASHVILLE,TN,37203,4089,CENTRA,36.1605,-86.7784,POINT (-86.7784 36.1605)
20190044485,01/17/2019 04:18:00 PM,2,2,0,,N,151132,2,HEAD-ON,2,RAIN,5,DUSK,12,MOTOR VEHICLE IN TRANSPORT,STATE RT 45 & KATE ST,MADISON,TN,37115,1701,MADISO,36.2639,-86.7074,POINT (-86.7074 36.2639)
20190551650,07/24/2019 07:30:00 AM,3,0,0,,N,716886,11,Front to Rear,21,CLEAR,1,DAYLIGHT,12,MOTOR VEHICLE IN TRANSPORT,HARDING PL & LINBAR DR,NASHVILLE,TN,37211,8705,SOUTH,36.0841,-86.7059,POINT (-86.7059 36.0841)
20190006592,01/03/2019 12:00:00 PM,2,0,0,,Y,226622,5,SIDESWIPE - SAME DIRECTION,22,CLOUDY,1,DAYLIGHT,12,MOTOR VEHICLE IN TRANSPORT,WESTBROOK AV & CRAIGHEAD AV,NASHVILLE,TN,37205,5213,WEST,36.1391,-86.829,POINT (-86.829 36.1391)
20190275115,04/10/2019 07:45:00 AM,2,1,0,,N,226622,4,ANGLE,21,CLEAR,1,DAYLIGHT,12,MOTOR VEHICLE IN TRANSPORT,WEST END AV & I440 W EXT RAMP,NASHVILLE,TN,37212,5905,MIDTOW,36.1379,-86.8206,POINT (-86.8206 36.1379)
20190240917,03/28/2019 02:46:00 PM,2,0,0,,N,256384,5,SIDESWIPE - SAME DIRECTION,21,CLEAR,1,DAYLIGHT,12,MOTOR VEHICLE IN TRANSPORT,MURFREESBORO PKE & MENZLER RD,NASHVILLE,TN,37210,8159,SOUTH,36.1402,-86.7363,POINT (-86.7363 36.1402)
20190312622,04/26/2019 01:10:00 PM,2,0,0,,N,352212,11,Front to Rear,21,CLEAR,1,DAYLIGHT,12,MOTOR VEHICLE IN TRANSPORT,BLUE HOLE RD & BELL RD,ANTIOCH,TN,37013,8721,SOUTH,36.0458,-86.6744,POINT (-86.6744 36.0458)
20190435292,06/07/2019 10:20:00 PM,1,0,0,Y,Y,281611,0,NOT COLLISION W/MOTOR VEHICLE-TRANSPORT,21,CLEAR,2,DARK - NOT LIGHTED,34,DITCH,THUNDERBIRD DR & STARLINER DR,NASHVILLE,TN,37209,4675,WEST,36.1461,-86.8814,POINT (-86.8814 36.1461)
20190395202,05/23/2019 06:25:00 PM,1,0,0,Y,N,256383,0,NOT COLLISION W/MOTOR VEHICLE-TRANSPORT,21,CLEAR,1,DAYLIGHT,24;27;60,GUARDRAIL FACE;H-WAY TRAFFIC SIGNAL POST;Cargo Equip Loss/Shift,HOBSON PKE & WINDCREST TRL,ANTIOCH,TN,37013,8907,SOUTH,36.0619,-86.594,POINT (-86.594 36.0619)
20190068516,01/26/2019 01:30:00 PM,2,1,0,,N,330414,4,ANGLE,21,CLEAR,1,DAYLIGHT,12,MOTOR VEHICLE IN TRANSPORT,I440 E ENT RAMP & I440 W ENT RAMP,NASHVILLE,TN,37205,6007,WEST,36.1354,-86.8223,POINT (-86.8223 36.1354)
20190482599,06/26/2019 09:48:00 AM,2,0,0,,N,630627,5,SIDESWIPE - SAME DIRECTION,21,CLEAR,1,DAYLIGHT,12,MOTOR VEHICLE IN TRANSPORT,18TH AVS & WEST END AV,NASHVILLE,TN,37203,5523,MIDTOW,36.153,-86.796,POINT (-86.796 36.153)
20190315298,04/24/2019 04:30:00 AM,1,0,0,,N,299261,0,NOT COLLISION W/MOTOR VEHICLE-TRANSPORT,21,CLEAR,4,DAWN,7,,MM 59 6 I 24,ANTIOCH,TN,37013,88060,SOUTH,36.0438,-86.6561,POINT (-86.6561 36.0438)
20190337189,05/02/2019 07:55:00 AM,3,0,0,,N,262766,11,Front to Rear,21,CLEAR,1,DAYLIGHT,12,MOTOR VEHICLE IN TRANSPORT,LANNIE BOSWELL AV & ELM HILL PKE,NASHVILLE,TN,37210,8217,HERMIT,36.1444,-86.7417,POINT (-86.7417 36.1444)
20190380450,05/18/2019 09:50:00 AM,2,0,0,,Y,279110,6,SIDESWIPE - OPPOSITE DIRECTION,21,CLEAR,1,DAYLIGHT,12,MOTOR VEHICLE IN TRANSPORT,NOLENSVILLE PKE & ZOO RD,NASHVILLE,TN,37211,8509,MIDTOW,36.0886,-86.732,POINT (-86.732 36.0886)
20190341290,05/03/2019 05:54:00 PM,2,0,0,,N,256386,5,SIDESWIPE - SAME DIRECTION,21,CLEAR,1,DAYLIGHT,12,MOTOR VEHICLE IN TRANSPORT,US HWY 41 & FRANKLIN LIMESTONE RD,NASHVILLE,TN,37217,8947,HERMIT,36.0944,-86.6533,POINT (-86.6533 36.0944)
20190153487,02/25/2019 12:00:00 AM,3,0,0,,N,256419,11,Front to Rear,21,CLEAR,3,DARK - LIGHTED,12,MOTOR VEHICLE IN TRANSPORT,MM 206 1 I 40,NASHVILLE,TN,37209,53122,NORTH,36.1594,-86.8217,POINT (-86.8217 36.1594)
20190495559,07/01/2019 12:35:00 PM,3,1,0,,N,191578,11,Front to Rear,21,CLEAR,1,DAYLIGHT,1;12;33,MOTOR VEHICLE IN TRANSPORT;CURB,LEBANON PKE & LEBANON PIKE CIR,NASHVILLE,TN,37210,9021,HERMIT,36.1536,-86.7179,POINT (-86.7179 36.1536)
20190537239,07/18/2019 12:58:00 PM,1,0,0,Y,N,493304,0,NOT COLLISION W/MOTOR VEHICLE-TRANSPORT,21,CLEAR,1,DAYLIGHT,30,UTILITY POLE,E OLD HICKORY BLVD & LANIER DR,MADISON,TN,37115,1611,MADISO,36.2634,-86.6965,POINT (-86.6965 36.2634)
20190207844,03/17/2019 12:52:00 PM,2,0,0,,N,212369,4,ANGLE,21,CLEAR,1,DAYLIGHT,12,MOTOR VEHICLE IN TRANSPORT,WEST END AV & ORLEANS DR,NASHVILLE,TN,37212,5819,MIDTOW,36.1388,-86.8197,POINT (-86.8197 36.1388)
20190420688,06/02/2019 01:13:00 PM,2,0,0,,Y,311325,11,Front to Rear,21,CLEAR,1,DAYLIGHT,12,MOTOR VEHICLE IN TRANSPORT,DONELSON PKE & I40 W ENT RAMP,NASHVILLE,TN,37214,9103,HERMIT,36.143,-86.6667,POINT (-86.6667 36.143)
20190234570,03/26/2019 12:33:00 PM,2,0,0,,N,332216,4,ANGLE,21,CLEAR,1,DAYLIGHT,12,MOTOR VEHICLE IN TRANSPORT,4TH AVS & ELM ST,NASHVILLE,TN,37210,4005,CENTRA,36.1533,-86.7722,POINT (-86.7722 36.1533)
20190568143,07/30/2019 07:00:00 PM,2,0,0,,N,352196,2,HEAD-ON,2,RAIN,1,DAYLIGHT,12,MOTOR VEHICLE IN TRANSPORT,BARELLA DR & DANLEY CT,ANTIOCH,TN,37013,8713,SOUTH,36.0597,-86.684,POINT (-86.684 36.0597)
20190048745,01/19/2019 03:30:00 AM,1,0,0,,N,320578,0,NOT COLLISION W/MOTOR VEHICLE-TRANSPORT,2,RAIN,3,DARK - LIGHTED,39,WALL,MM 58 4 I 24,ANTIOCH,TN,37013,8857,SOUTH,36.0537,-86.6728,POINT (-86.6728 36.0537)
20190342000,05/04/2019 12:18:00 AM,1,0,0,,N,256377,0,NOT COLLISION W/MOTOR VEHICLE-TRANSPORT,21,CLEAR,3,DARK - LIGHTED,50,DEER (ANIMAL),2109 LEBANON PKE,NASHVILLE,TN,37210,9019,HERMIT,36.1613,-86.7017,POINT (-86.7017 36.1613)
20190040447,01/16/2019 07:50:00 AM,1,0,0,Y,N,134899,0,NOT COLLISION W/MOTOR VEHICLE-TRANSPORT,21,CLEAR,1,DAYLIGHT,30;40,UTILITY POLE;MAIL BOX,EARHART RD & LAKESIDE MEADOWS DR,MOUNT JULIET,TN,37122,9551,HERMIT,36.1444,-86.5697,POINT (-86.5697 36.1444)
20190030187,01/12/2019 09:57:00 AM,1,0,0,Y,N,834798,0,NOT COLLISION W/MOTOR VEHICLE-TRANSPORT,22,CLOUDY,1,DAYLIGHT,75,Bridge/Overhead Structure,I40 W ENT RAMP & I 40,NASHVILLE,TN,37210,9007,HERMIT,36.1484,-86.7454,POINT (-86.7454 36.1484)
20190547407,07/22/2019 05:01:00 PM,2,0,0,,N,256380,11,Front to Rear,2,RAIN,1,DAYLIGHT,12,MOTOR VEHICLE IN TRANSPORT,DR D B TODD JR BLVD & SCOVEL ST,NASHVILLE,TN,37208,4481,NORTH,36.1705,-86.8071,POINT (-86.8071 36.1705)
20190491642,06/29/2019 06:53:00 PM,2,0,0,,N,212330,11,Front to Rear,21,CLEAR,1,DAYLIGHT,12,MOTOR VEHICLE IN TRANSPORT,NOLENSVILLE PKE & WELSHWOOD DR,NASHVILLE,TN,37211,8501,MIDTOW,36.0826,-86.7273,POINT (-86.7273 36.0826)
20190342821,05/04/2019 11:03:00 AM,1,0,0,,N,226168,0,NOT COLLISION W/MOTOR VEHICLE-TRANSPORT,2,RAIN,1,DAYLIGHT,30;32;63,UTILITY POLE;CULVERT;Ran Off Road-Right,ANTIOCH PKE & SPACE PARK SOUTH DR,NASHVILLE,TN,37211,8845,SOUTH,36.0939,-86.6993,POINT (-86.6993 36.0939)
20190121704,02/14/2019 07:02:00 AM,2,0,0,,N,109534,11,Front to Rear,22,CLOUDY,1,DAYLIGHT,12,MOTOR VEHICLE IN TRANSPORT,SMITH SPRINGS RD & BUTLER RD,NASHVILLE,TN,37217,8981,HERMIT,36.0893,-86.6178,POINT (-86.6178 36.0893)
20190485449,06/27/2019 08:35:00 AM,3,0,0,,N,594473,11,Front to Rear,21,CLEAR,1,DAYLIGHT,12;7,MOTOR VEHICLE IN TRANSPORT,STONE BROOK DR & OLD HICKORY BLVD,BRENTWOOD,TN,37027,8623,MIDTOW,36.0409,-86.7794,POINT (-86.7794 36.0409)
20190116132,02/12/2019 01:32:00 PM,2,0,0,,N,256428,11,Front to Rear,2,RAIN,1,DAYLIGHT,12,MOTOR VEHICLE IN TRANSPORT,GRACE ST & DICKERSON PKE,NASHVILLE,TN,37207,1963,EAST,36.1832,-86.7739,POINT (-86.7739 36.1832)
20190378151,05/17/2019 12:57:00 PM,3,0,0,Y,N,320586,0,NOT COLLISION W/MOTOR VEHICLE-TRANSPORT,21,CLEAR,1,DAYLIGHT,14;38,PARKED MOTOR VEHICLE;FENCE,LUTIE ST & JAY DR,NASHVILLE,TN,37210,8355,SOUTH,36.1169,-86.7334,POINT (-86.7334 36.1169)
20190159933,02/27/2019 12:00:00 AM,2,1,0,,N,330444,6,SIDESWIPE - OPPOSITE DIRECTION,21,CLEAR,3,DARK - LIGHTED,12,MOTOR VEHICLE IN TRANSPORT,NOLENSVILLE PKE & AUTUMN OAKS DR,NASHVILLE,TN,37211,8651,MIDTOW,36.0045,-86.6992,POINT (-86.6992 36.0045)
20190491356,06/29/2019 01:25:00 PM,2,0,0,,Y,299238,4,ANGLE,21,CLEAR,1,DAYLIGHT,12,MOTOR VEHICLE IN TRANSPORT,CHAPEL AV & DOUGLAS AV,NASHVILLE,TN,37206,1327,EAST,36.1916,-86.7395,POINT (-86.7395 36.1916)
20190076029,01/29/2019 12:00:00 AM,2,0,0,,Y,665896,5,SIDESWIPE - SAME DIRECTION,99,UNKNOWN,3,DARK - LIGHTED,12;14,MOTOR VEHICLE IN TRANSPORT;PARKED MOTOR VEHICLE,MAXWELL AV & GALLATIN AV,NASHVILLE,TN,37206,1937,EAST,36.1821,-86.7492,POINT (-86.7492 36.1821)
20190547345,07/22/2019 04:25:00 PM,2,0,0,,Y,279214,4,ANGLE,2,RAIN,1,DAYLIGHT,12,MOTOR VEHICLE IN TRANSPORT,ROSEDALE AV & CANADY AV,NASHVILLE,TN,37211,8043,MIDTOW,36.1248,-86.7555,POINT (-86.7555 36.1248)
20190200800,03/14/2019 04:58:00 PM,2,1,0,,N,256386,11,Front to Rear,21,CLEAR,1,DAYLIGHT,12,MOTOR VEHICLE IN TRANSPORT,MM 214 0 I 40,NASHVILLE,TN,37217,88020,HERMIT,36.1417,-86.7137,POINT (-86.7137 36.1417)
20190429691,06/05/2019 09:12:00 PM,1,0,0,Y,Y,256380,0,NOT COLLISION W/MOTOR VEHICLE-TRANSPORT,21,CLEAR,3,DARK - LIGHTED,19,BUILDING,26TH AVN & ALAMEDA ST,NASHVILLE,TN,37208,5321,NORTH,36.1664,-86.8164,POINT (-86.8164 36.1664)