Accident Number,Date and Time,Number of Motor Vehicles,Number of Injuries,Number of Fatalities,Property Damage,Hit and Run,Reporting Officer,Collision Type Code,Collision Type Description,Weather Code,Weather Description,Illumination Code,Illumination Description,Harmful Code,Harmful Code Description,Street Address,City,State,ZIP,RPA,Precinct,Latitude,Longitude,Mapped Location
20190145945,02/22/2019 05:59:00 PM,2,0,0,,N,134903,4,ANGLE,21,CLEAR,3,DARK - LIGHTED,12,MOTOR VEHICLE IN TRANSPORT,LEBANON PKE & BIG HORN DR,HERMITAGE,TN,37076,9525,HERMIT,36.1676,-86.7787,POINT (-86.7787 36.1676)
20190047457,01/18/2019 03:27:00 PM,2,0,0,,N,212322,11,Front to Rear,21,CLEAR,1,DAYLIGHT,12,MOTOR VEHICLE IN TRANSPORT,HARDING PL & TAMPA DR,NASHVILLE,TN,37211,8705,SOUTH,36.0827,-86.7105,POINT (-86.7105 36.0827)
20190443813,06/11/2019 11:35:00 AM,2,1,0,,N,693093,4,ANGLE,21,CLEAR,1,DAYLIGHT,12,MOTOR VEHICLE IN TRANSPORT,DICKERSON PKE & OLD DUE WEST AV,MADISON,TN,37115,2017,MADISO,36.25,-86.7572,POINT (-86.7572 36.25)
20190304250,04/19/2019 11:52:00 PM,1,1,0,,Y,299243,0,NOT COLLISION W/MOTOR VEHICLE-TRANSPORT,2,RAIN,3,DARK - LIGHTED,8,PEDESTRIAN,WOODLAND ST & S 9TH ST,NASHVILLE,TN,37206,1119,EAST,36.1749,-86.7569,POINT (-86.7569 36.1749)
20190527900,07/15/2019 02:58:00 AM,1,1,0,,N,279201,0,NOT COLLISION W/MOTOR VEHICLE-TRANSPORT,2,RAIN,2,DARK - NOT LIGHTED,24,GUARDRAIL FACE,MURFREESBORO PKE & I24 E EXT RAMP,NASHVILLE,TN,37210,8159,SOUTH,36.1372,-86.7275,POINT (-86.7275 36.1372)
20190413698,05/30/2019 05:43:00 PM,2,1,0,,N,311344,5,SIDESWIPE - SAME DIRECTION,21,CLEAR,1,DAYLIGHT,12,MOTOR VEHICLE IN TRANSPORT,GALLATIN PKES & NEELYS BEND RD,MADISON,TN,37115,1605,MADISO,36.2566,-86.7142,POINT (-86.7142 36.2566)
20190452686,06/14/2019 12:42:00 PM,1,0,0,,N,834798,0,NOT COLLISION W/MOTOR VEHICLE-TRANSPORT,21,CLEAR,1,DAYLIGHT,41,SHRUBBERY,1600 TYNE BLVD,NASHVILLE,TN,37215,6309,MIDTOW,36.0788,-86.823,POINT (-86.823 36.0788)
20190262440,04/05/2019 10:54:00 AM,2,0,0,,N,191578,16,Rear to Side,22,CLOUDY,1,DAYLIGHT,12,MOTOR VEHICLE IN TRANSPORT,RAINER DR & SHASTA DR,OLD HICKORY,TN,37138,9729,HERMIT,36.228,-86.5896,POINT (-86.5896 36.228)
20190371329,05/15/2019 07:20:00 AM,4,1,0,,N,226622,11,Front to Rear,2,RAIN,1,DAYLIGHT,12,MOTOR VEHICLE IN TRANSPORT,HARDING PKE & WEST END AV,NASHVILLE,TN,37205,6019,WEST,36.1303,-86.8378,POINT (-86.8378 36.1303)
20190282095,04/12/2019 04:40:00 PM,2,0,0,,N,311332,11,Front to Rear,21,CLEAR,1,DAYLIGHT,12,MOTOR VEHICLE IN TRANSPORT,HARDING PKE & ROYAL OAKS CONDOS PVTDR,NASHVILLE,TN,37205,6101,WEST,36.1235,-86.8497,POINT (-86.8497 36.1235)
20190472290,06/21/2019 11:17:00 PM,1,1,0,,N,348631,0,NOT COLLISION W/MOTOR VEHICLE-TRANSPORT,2,RAIN,2,DARK - NOT LIGHTED,30,UTILITY POLE,CHARLOTTE PKE & CHARLOTTE PKE PVTDR,NASHVILLE,TN,37209,4703,WEST,36.1293,-86.9044,POINT (-86.9044 36.1293)
20190388371,05/21/2019 02:55:00 PM,2,2,0,,N,352197,4,ANGLE,21,CLEAR,1,DAYLIGHT,12,MOTOR VEHICLE IN TRANSPORT,KEELEY DR & HAYWOOD LN,NASHVILLE,TN,37211,8709,SOUTH,36.0697,-86.6959,POINT (-86.6959 36.0697)
20190474017,06/22/2019 08:52:00 PM,2,0,0,,Y,212346,4,ANGLE,21,CLEAR,3,DARK - LIGHTED,12,MOTOR VEHICLE IN TRANSPORT,GEORGE L DAVIS BLVD & CHURCH ST,NASHVILLE,TN,37203,4119,CENTRA,36.1584,-86.7906,POINT (-86.7906 36.1584)
20190462116,06/18/2019 12:12:00 PM,2,3,0,,N,665896,11,Front to Rear,22,CLOUDY,1,DAYLIGHT,12,MOTOR VEHICLE IN TRANSPORT,GALLATIN AV & W EASTLAND AV,NASHVILLE,TN,37206,1243,EAST,36.1836,-86.7485,POINT (-86.7485 36.1836)
20190512501,07/08/2019 04:17:00 PM,3,0,0,,Y,330412,11,Front to Rear,21,CLEAR,1,DAYLIGHT,12,MOTOR VEHICLE IN TRANSPORT,OLD HICKORY BLVDW & WALKER ST,MADISON,TN,37115,1743,MADISO,36.2638,-86.7194,POINT (-86.7194 36.2638)
20190531088,07/16/2019 08:20:00 AM,2,0,0,,Y,279110,11,Front to Rear,21,CLEAR,1,DAYLIGHT,12,MOTOR VEHICLE IN TRANSPORT,I24 W ENT RAMP & I 24,NASHVILLE,TN,37206,1009,EAST,36.1666,-86.7638,POINT (-86.7638 36.1666)
20190218195,03/20/2019 09:19:00 PM,1,0,0,,N,596389,0,NOT COLLISION W/MOTOR VEHICLE-TRANSPORT,21,CLEAR,2,DARK - NOT LIGHTED,50,DEER (ANIMAL),HIGHWAY 100 & OLD HARDING PKE,NASHVILLE,TN,37221,4807,WEST,36.0445,-86.956,POINT (-86.956 36.0445)
20190569877,07/31/2019 03:32:00 PM,2,0,0,,Y,909486,4,ANGLE,21,CLEAR,1,DAYLIGHT,12,MOTOR VEHICLE IN TRANSPORT,HARDING PL & DANBY DR,NASHVILLE,TN,37211,8607,MIDTOW,36.0786,-86.7452,POINT (-86.7452 36.0786)
20190281049,04/12/2019 08:16:00 AM,2,0,0,,N,676834,11,Front to Rear,2,RAIN,1,DAYLIGHT,12,MOTOR VEHICLE IN TRANSPORT,CLARKSVILLE PKE & MANCHESTER AV,NASHVILLE,TN,37218,3115,NORTH,36.1956,-86.8345,POINT (-86.8345 36.1956)
20190163633,03/01/2019 08:12:00 AM,2,2,0,,N,716886,4,ANGLE,2,RAIN,1,DAYLIGHT,12,MOTOR VEHICLE IN TRANSPORT,UNA ANTIOCH PKE & OAKWOOD FOREST DR,ANTIOCH,TN,37013,8861,SOUTH,36.0781,-86.657,POINT (-86.657 36.0781)
20190288230,04/15/2019 07:30:00 AM,2,0,0,,N,352204,5,SIDESWIPE - SAME DIRECTION,21,CLEAR,1,DAYLIGHT,12,MOTOR VEHICLE IN TRANSPORT,HARDING PL & I65 N ENT RAMP,NASHVILLE,TN,37204,8529,MIDTOW,36.0825,-86.7631,POINT (-86.7631 36.0825)
20190021987,01/09/2019 12:45:00 PM,2,0,0,,N,226136,4,ANGLE,21,CLEAR,1,DAYLIGHT,12,MOTOR VEHICLE IN TRANSPORT,21ST AVN & PATTERSON ST,NASHVILLE,TN,37203,5509,MIDTOW,36.1544,-86.8041,POINT (-86.8041 36.1544)
20190183870,03/08/2019 09:36:00 AM,2,0,0,,N,414731,11,Front to Rear,2,RAIN,1,DAYLIGHT,12,MOTOR VEHICLE IN TRANSPORT,TRAVIS DR & PARAGON MILLS RD,NASHVILLE,TN,37211,8415,SOUTH,36.0854,-86.7271,POINT (-86.7271 36.0854)
20190377551,05/17/2019 07:57:00 AM,2,1,0,,N,306231,4,ANGLE,21,CLEAR,1,DAYLIGHT,12,MOTOR VEHICLE IN TRANSPORT,BUENA VISTA PKE & WHITES CREEK PKE,NASHVILLE,TN,37207,3221,NORTH,36.2517,-86.8299,POINT (-86.8299 36.2517)
20190450360,06/13/2019 04:42:00 PM,3,3,0,,N,256426,11,Front to Rear,21,CLEAR,1,DAYLIGHT,12,MOTOR VEHICLE IN TRANSPORT,MM 215 7 I 40,NASHVILLE,TN,37217,89020,HERMIT,36.1426,-86.6823,POINT (-86.6823 36.1426)
20190555195,07/25/2019 01:50:00 PM,1,1,0,Y,N,716886,0,NOT COLLISION W/MOTOR VEHICLE-TRANSPORT,21,CLEAR,1,DAYLIGHT,1;34;40,DITCH;MAIL BOX,ANTIOCH PKE & MCILLWAIN PL,NASHVILLE,TN,37211,8441,SOUTH,36.0983,-86.7115,POINT (-86.7115 36.0983)
20190103807,02/07/2019 06:10:00 PM,2,1,0,,Y,256386,4,ANGLE,2,RAIN,3,DARK - LIGHTED,12,MOTOR VEHICLE IN TRANSPORT,ELM HILL PIKE & SANBORN DR,NASHVILLE,TN,37210,9041,HERMIT,36.1507,-86.6936,POINT (-86.6936 36.1507)
20190285227,04/14/2019 12:21:00 AM,2,1,0,,Y,320584,6,SIDESWIPE - OPPOSITE DIRECTION,2,RAIN,3,DARK - LIGHTED,12,MOTOR VEHICLE IN TRANSPORT,NOLENSVILLE PKE & VERITAS ST,NASHVILLE,TN,37211,8431,SOUTH,36.0971,-86.7382,POINT (-86.7382 36.0971)
20190083760,01/31/2019 03:05:00 PM,2,1,0,,N,330411,11,Front to Rear,21,CLEAR,1,DAYLIGHT,1;14,PARKED MOTOR VEHICLE,PARK DR & MCGAVOCK PKE,NASHVILLE,TN,37214,9307,HERMIT,36.1716,-86.6795,POINT (-86.6795 36.1716)
20190318958,04/25/2019 09:00:00 AM,2,0,0,,Y,352172,5,SIDESWIPE - SAME DIRECTION,22,CLOUDY,1,DAYLIGHT,12,MOTOR VEHICLE IN TRANSPORT,MM 211 1 I 40,NASHVILLE,TN,37210,8008,HERMIT,36.1539,-86.7571,POINT (-86.7571 36.1539)
20190249827,04/01/2019 04:25:00 AM,1,0,0,,N,212349,0,NOT COLLISION W/MOTOR VEHICLE-TRANSPORT,21,CLEAR,3,DARK - LIGHTED,24,GUARDRAIL FACE,MM 211 1 I 40,NASHVILLE,TN,37210,8008,HERMIT,36.1539,-86.7571,POINT (-86.7571 36.1539)
20190471438,06/21/2019 03:00:00 PM,2,0,0,,Y,206675,11,Front to Rear,21,CLEAR,1,DAYLIGHT,12,MOTOR VEHICLE IN TRANSPORT,WEST END AV & ORLEANS DR,NASHVILLE,TN,37212,5819,MIDTOW,36.1388,-86.8197,POINT (-86.8197 36.1388)
20190568927,07/31/2019 09:00:00 AM,3,0,0,,N,676834,11,Front to Rear,21,CLEAR,1,DAYLIGHT,12,MOTOR VEHICLE IN TRANSPORT,MM 85 9 I 65,NASHVILLE,TN,37228,44060,NORTH,36.1915,-86.7873,POINT (-86.7873 36.1915)
20190223971,03/22/2019 03:00:00 PM,2,1,0,,N,134899,5,SIDESWIPE - SAME DIRECTION,21,CLEAR,1,DAYLIGHT,12;36,MOTOR VEHICLE IN TRANSPORT;CONCRETE TRAFFIC BARRIER,BRILEY PKWY & BRILEY PKWY N EXT RAMP,NASHVILLE,TN,37217,8998,HERMIT,36.1287,-86.6954,POINT (-86.6954 36.1287)
20190149845,02/24/2019 11:35:00 AM,2,0,0,,N,279227,11,Front to Rear,21,CLEAR,1,DAYLIGHT,12,MOTOR VEHICLE IN TRANSPORT,BELL RD & HICKORY HOLLOW MALL PVTDR PL,ANTIOCH,TN,37013,8863,SOUTH,36.0493,-86.6517,POINT (-86.6517 36.0493)
20190026247,01/11/2019 12:05:00 AM,2,0,0,,N,212349,11,Front to Rear,21,CLEAR,3,DARK - LIGHTED,12,MOTOR VEHICLE IN TRANSPORT,MM 211 5 I 40,NASHVILLE,TN,37210,8204,HERMIT,36.1514,-86.7517,POINT (-86.7517 36.1514)
20190363828,05/12/2019 03:15:00 PM,4,2,0,,N,240957,11,Front to Rear,22,CLOUDY,1,DAYLIGHT,12,MOTOR VEHICLE IN TRANSPORT,MM 5 3 I 440,NASHVILLE,TN,37204,81061,MIDTOW,36.1194,-86.7669,POINT (-86.7669 36.1194)
20190560907,07/27/2019 11:00:00 PM,2,0,0,,Y,179603,11,Front to Rear,21,CLEAR,3,DARK - LIGHTED,12,MOTOR VEHICLE IN TRANSPORT,DICKERSON PKE & SKYLINE MEMORIAL CT,MADISON,TN,37115,2009,MADISO,36.2438,-86.7566,POINT (-86.7566 36.2438)
20190232595,03/25/2019 12:00:00 AM,2,0,0,,Y,212344,4,ANGLE,21,CLEAR,3,DARK - LIGHTED,14,PARKED MOTOR VEHICLE,N 11TH ST & WOODLAND ST,NASHVILLE,TN,37206,1241,EAST,36.1779,-86.7499,POINT (-86.7499 36.1779)
20190430896,06/06/2019 07:53:00 AM,1,1,0,Y,N,716886,0,NOT COLLISION W/MOTOR VEHICLE-TRANSPORT,21,CLEAR,1,DAYLIGHT,37,Other Traffic Barrier,MM 62 4 I 24,ANTIOCH,TN,37013,8806,SOUTH,36.0157,-86.6218,POINT (-86.6218 36.0157)
20190303490,04/20/2019 01:24:00 AM,3,0,0,,Y,879558,4,ANGLE,2,RAIN,3,DARK - LIGHTED,12;14,MOTOR VEHICLE IN TRANSPORT;PARKED MOTOR VEHICLE,PENNINGTON BEND RD & MCGAVOCK PKE,NASHVILLE,TN,37214,9315,HERMIT,36.2163,-86.689,POINT (-86.689 36.2163)
20190106222,02/08/2019 03:42:00 PM,2,0,0,,Y,256384,4,ANGLE,21,CLEAR,1,DAYLIGHT,12,MOTOR VEHICLE IN TRANSPORT,TRIMBLE ST & LINCOLN ST,NASHVILLE,TN,37210,8137,SOUTH,36.1461,-86.76,POINT (-86.76 36.1461)
20190284064,04/13/2019 12:47:00 PM,2,0,0,,N,109534,11,Front to Rear,22,CLOUDY,1,DAYLIGHT,12,MOTOR VEHICLE IN TRANSPORT,HICKORY HILL LN & LEBANON PKE,HERMITAGE,TN,37076,9601,HERMIT,36.1894,-86.6305,POINT (-86.6305 36.1894)
20190412367,05/30/2019 07:40:00 AM,2,0,0,,N,306231,4,ANGLE,21,CLEAR,1,DAYLIGHT,12,MOTOR VEHICLE IN TRANSPORT,HAMMOND DR & 23RD AVN,NASHVILLE,TN,37208,4463,NORTH,36.1732,-86.8134,POINT (-86.8134 36.1732)
20190511681,07/08/2019 06:54:00 AM,1,1,0,,N,109534,0,NOT COLLISION W/MOTOR VEHICLE-TRANSPORT,21,CLEAR,1,DAYLIGHT,1,,BRILEY PKWYN & BRILEY PKWYS,NASHVILLE,TN,37211,8404,SOUTH,36.1092,-86.727,POINT (-86.727 36.1092)
20190533784,07/17/2019 07:30:00 AM,2,0,0,,N,262749,5,SIDESWIPE - SAME DIRECTION,22,CLOUDY,1,DAYLIGHT,12,MOTOR VEHICLE IN TRANSPORT,800 FESSLERS LN,NASHVILLE,TN,37210,8215,HERMIT,36.1467,-86.7438,POINT (-86.7438 36.1467)
20190339954,05/03/2019 08:50:00 AM,1,1,0,,N,320586,0,NOT COLLISION W/MOTOR VEHICLE-TRANSPORT,21,CLEAR,1,DAYLIGHT,42,TREE,DAISY TRL & PHILHALL PKWY,ANTIOCH,TN,37013,8923,SOUTH,36.0768,-86.5964,POINT (-86.5964 36.0768)
20190570019,07/31/2019 05:37:00 PM,2,0,0,,N,151132,11,Front to Rear,21,CLEAR,1,DAYLIGHT,12,MOTOR VEHICLE IN TRANSPORT,MM 93 6 I 65,MADISON,TN,37115,17062,MADISO,36.2837,-86.7303,POINT (-86.7303 36.2837)
20190547927,07/22/2019 12:00:00 AM,1,0,0,,N,320591,0,NOT COLLISION W/MOTOR VEHICLE-TRANSPORT,2,RAIN,2,DARK - NOT LIGHTED,1;7,,MM 59 1 I 24,ANTIOCH,TN,37013,87061,SOUTH,36.0478,-86.6634,POINT (-86.6634 36.0478)
20190237195,03/27/2019 10:15:00 AM,2,0,0,,Y,876573,11,Front to Rear,21,CLEAR,1,DAYLIGHT,12,MOTOR VEHICLE IN TRANSPORT,MARONEY DR & MARITIME PORT,ANTIOCH,TN,37013,8905,SOUTH,36.0556,-86.5926,POINT (-86.5926 36.0556)
20190543023,07/20/2019 07:20:00 PM,3,0,0,,Y,161939,4,ANGLE,2,RAIN,3,DARK - LIGHTED,12,MOTOR VEHICLE IN TRANSPORT,PARK CT & TUSCULUM RD,ANTIOCH,TN,37013,8713,SOUTH,36.0594,-86.7075,POINT (-86.7075 36.0594)
20190280053,04/11/2019 10:10:00 PM,2,0,0,,N,660929,4,ANGLE,21,CLEAR,3,DARK - LIGHTED,12,MOTOR VEHICLE IN TRANSPORT,NOLENSVILLE PKE & ALLIED DR,NASHVILLE,TN,37211,8511,MIDTOW,36.0962,-86.7377,POINT (-86.7377 36.0962)
20190347820,05/06/2019 03:59:00 PM,2,0,0,,N,151132,5,SIDESWIPE - SAME DIRECTION,21,CLEAR,1,DAYLIGHT,12,MOTOR VEHICLE IN TRANSPORT,MM 92 6 I 65,MADISON,TN,37115,1704,MADISO,36.2702,-86.7364,POINT (-86.7364 36.2702)
20190007136,01/03/2019 04:14:00 PM,2,1,0,,N,206675,4,ANGLE,21,CLEAR,1,DAYLIGHT,12,MOTOR VEHICLE IN TRANSPORT,16TH AVS & BROADWAY,NASHVILLE,TN,37203,5701,MIDTOW,36.1543,-86.7929,POINT (-86.7929 36.1543)
20190035439,01/14/2019 04:10:00 PM,2,0,0,,N,151132,5,SIDESWIPE - SAME DIRECTION,22,CLOUDY,1,DAYLIGHT,12,MOTOR VEHICLE IN TRANSPORT,GALLATIN PKES & W WEBSTER ST,MADISON,TN,37115,1507,MADISO,36.2519,-86.7177,POINT (-86.7177 36.2519)
20190013691,01/06/2019 09:26:00 AM,1,1,0,Y,N,405391,0,NOT COLLISION W/MOTOR VEHICLE-TRANSPORT,21,CLEAR,1,DAYLIGHT,19,BUILDING,ANNEX AV & CHARLOTTE PKE,NASHVILLE,TN,37209,5023,WEST,36.1394,-86.8809,POINT (-86.8809 36.1394)
20190507053,07/05/2019 05:40:00 PM,2,0,0,,N,226054,5,SIDESWIPE - SAME DIRECTION,21,CLEAR,1,DAYLIGHT,12,MOTOR VEHICLE IN TRANSPORT,OLD HICKORY BLVD & I 40,NASHVILLE,TN,37205,4903,WEST,36.1108,-86.9226,POINT (-86.9226 36.1108)
20190328376,04/29/2019 07:45:00 AM,5,0,0,,N,716886,11,Front to Rear,21,CLEAR,1,DAYLIGHT,12,MOTOR VEHICLE IN TRANSPORT,NOLENSVILLE PKE & APRIL LN,NASHVILLE,TN,37211,8715,SOUTH,36.056,-86.7157,POINT (-86.7157 36.056)
20190493302,06/30/2019 01:10:00 PM,2,0,0,,N,279227,11,Front to Rear,21,CLEAR,1,DAYLIGHT,12,MOTOR VEHICLE IN TRANSPORT,MURFREESBORO PKE & LAKEVILLA DR,ANTIOCH,TN,37013,8861,SOUTH,36.0767,-86.6409,POINT (-86.6409 36.0767)
20190212799,03/19/2019 06:45:00 AM,2,0,0,,N,226136,11,Front to Rear,21,CLEAR,1,DAYLIGHT,12,MOTOR VEHICLE IN TRANSPORT,I440 W ENT RAMP & I 440,NASHVILLE,TN,37210,81021,SOUTH,36.1259,-86.7322,POINT (-86.7322 36.1259)
20190105467,02/08/2019 09:50:00 AM,2,0,0,,N,191578,5,SIDESWIPE - SAME DIRECTION,21,CLEAR,1,DAYLIGHT,12,MOTOR VEHICLE IN TRANSPORT,FESSLERS LN & RUNDLE AV,NASHVILLE,TN,37210,8215,HERMIT,36.1467,-86.7438,POINT (-86.7438 36.1467)
20190449151,06/13/2019 08:36:00 AM,2,0,0,,N,191578,11,Front to Rear,21,CLEAR,1,DAYLIGHT,12,MOTOR VEHICLE IN TRANSPORT,OLD HICKORY BLVD & LAKE PKWY,HERMITAGE,TN,37076,9527,HERMIT,36.1651,-86.598,POINT (-86.598 36.1651)
20190490877,06/29/2019 11:04:00 AM,2,2,0,,N,352183,6,SIDESWIPE - OPPOSITE DIRECTION,21,CLEAR,1,DAYLIGHT,12,MOTOR VEHICLE IN TRANSPORT,CHURCH ST & 14TH AVN,NASHVILLE,TN,37203,5517,MIDTOW,36.1579,-86.7916,POINT (-86.7916 36.1579)
20190477723,06/24/2019 01:56:00 PM,2,0,0,,Y,298867,11,Front to Rear,21,CLEAR,1,DAYLIGHT,12,MOTOR VEHICLE IN TRANSPORT,DICKERSON PKE & BROADMOOR DR,NASHVILLE,TN,37207,1811,EAST,36.2294,-86.7593,POINT (-86.7593 36.2294)
20190488909,06/28/2019 02:17:00 PM,2,2,0,,N,191578,11,Front to Rear,21,CLEAR,1,DAYLIGHT,12,MOTOR VEHICLE IN TRANSPORT,MM 212 3 I 40,NASHVILLE,TN,37210,8206,HERMIT,36.1447,-86.7399,POINT (-86.7399 36.1447)
20190266146,04/06/2019 09:37:00 PM,1,1,0,,N,309262,0,NOT COLLISION W/MOTOR VEHICLE-TRANSPORT,21,CLEAR,3,DARK - LIGHTED,8,PEDESTRIAN,GALLATIN PKEN & RIVERGATE PKWY,MADISON,TN,37115,1731,MADISO,36.2973,-86.6988,POINT (-86.6988 36.2973)
20190279447,04/11/2019 05:35:00 PM,2,0,0,,N,256383,11,Front to Rear,21,CLEAR,1,DAYLIGHT,12,MOTOR VEHICLE IN TRANSPORT,MM 52 0 I 24,NASHVILLE,TN,37217,8816,SOUTH,36.1329,-86.7267,POINT (-86.7267 36.1329)
20190039309,01/15/2019 10:00:00 PM,1,0,0,,N,212330,0,NOT COLLISION W/MOTOR VEHICLE-TRANSPORT,21,CLEAR,3,DARK - LIGHTED,34,DITCH,EAST THOMPSON LN & BROWNING RD,NASHVILLE,TN,37217,8879,SOUTH,36.121,-86.718,POINT (-86.718 36.121)
20190326623,04/28/2019 10:26:00 AM,2,0,0,,Y,909494,9,UNKNOWN,22,CLOUDY,5,DUSK,99,UNKNOWN MOST HARMFUL EVENT,DICKERSON PKE & GATEWOOD AV,NASHVILLE,TN,37207,1861,EAST,36.2009,-86.7697,POINT (-86.7697 36.2009)
20190433108,06/07/2019 02:50:00 AM,2,0,0,,N,197067,4,ANGLE,2,RAIN,2,DARK - NOT LIGHTED,12,MOTOR VEHICLE IN TRANSPORT,8TH AVS & LAFAYETTE ST,NASHVILLE,TN,37203,4043,CENTRA,36.1546,-86.7792,POINT (-86.7792 36.1546)
20190237022,03/27/2019 08:10:00 AM,2,0,0,,N,222047,11,Front to Rear,22,CLOUDY,1,DAYLIGHT,12,MOTOR VEHICLE IN TRANSPORT,SMITH SPRINGS RD & RURAL HILL RD,NASHVILLE,TN,37217,8965,HERMIT,36.0899,-86.6248,POINT (-86.6248 36.0899)
20190185037,03/08/2019 07:33:00 PM,1,0,0,,N,279194,0,NOT COLLISION W/MOTOR VEHICLE-TRANSPORT,2,RAIN,3,DARK - LIGHTED,36,CONCRETE TRAFFIC BARRIER,ROSA L PARKS BLVD & HARRISON ST,NASHVILLE,TN,37208,4219,CENTRA,36.1685,-86.7883,POINT (-86.7883 36.1685)
20190125998,02/15/2019 04:17:00 PM,2,0,0,,N,298858,5,SIDESWIPE - SAME DIRECTION,2,RAIN,1,DAYLIGHT,12,MOTOR VEHICLE IN TRANSPORT,ROSA L PARKS BLVD & JAMES ROBERTSON PKWY,NASHVILLE,TN,37219,4203,CENTRA,36.1667,-86.7874,POINT (-86.7874 36.1667)
20190468586,06/20/2019 03:20:00 PM,2,0,0,,Y,320577,11,Front to Rear,21,CLEAR,1,DAYLIGHT,12,MOTOR VEHICLE IN TRANSPORT,MM 82 0 I 65,NASHVILLE,TN,37203,80061,MIDTOW,36.1433,-86.7769,POINT (-86.7769 36.1433)
20190334440,05/01/2019 08:30:00 AM,2,0,0,,N,352158,5,SIDESWIPE - SAME DIRECTION,21,CLEAR,1,DAYLIGHT,12,MOTOR VEHICLE IN TRANSPORT,I65 N ENT RAMP & I 65,NASHVILLE,TN,37207,1829,EAST,36.209,-86.7759,POINT (-86.7759 36.209)
20190312694,04/23/2019 11:33:00 AM,2,1,0,,N,134899,4,ANGLE,21,CLEAR,1,DAYLIGHT,12,MOTOR VEHICLE IN TRANSPORT,I40 E EXT RAMP & 2ND AVS,NASHVILLE,TN,37210,8201,HERMIT,36.1513,-86.7684,POINT (-86.7684 36.1513)
20190525307,07/13/2019 06:57:00 PM,2,0,0,,N,887598,11,Front to Rear,2,RAIN,1,DAYLIGHT,12,MOTOR VEHICLE IN TRANSPORT,MM 87 4 I 65,NASHVILLE,TN,37207,1804,EAST,36.2081,-86.7761,POINT (-86.7761 36.2081)
20190359744,05/10/2019 04:45:00 PM,2,0,0,,Y,151132,11,Front to Rear,22,CLOUDY,1,DAYLIGHT,12,MOTOR VEHICLE IN TRANSPORT,OLD HICKORY BLVDW & WALKER ST,MADISON,TN,37115,1743,MADISO,36.2638,-86.7194,POINT (-86.7194 36.2638)
20190217215,03/20/2019 01:30:00 PM,2,1,0,,N,279206,4,ANGLE,21,CLEAR,1,DAYLIGHT,12,MOTOR VEHICLE IN TRANSPORT,ANDREW JACKSON PKWY & JACKSON MEADOWS DR,HERMITAGE,TN,37076,9715,HERMIT,36.2174,-86.5976,POINT (-86.5976 36.2174)
20190475274,06/23/2019 02:24:00 PM,2,0,0,,N,320599,4,ANGLE,22,CLOUDY,1,DAYLIGHT,12,MOTOR VEHICLE IN TRANSPORT,MURFREESBORO PKE & RURAL HILL RD,ANTIOCH,TN,37013,8861,SOUTH,36.0745,-86.6387,POINT (-86.6387 36.0745)
20190532841,07/16/2019 08:28:00 PM,1,0,0,,N,256377,0,NOT COLLISION W/MOTOR VEHICLE-TRANSPORT,21,CLEAR,3,DARK - LIGHTED,31,"OTHER POST, POLE, SUPP.",4144 LEBANON PKE,HERMITAGE,TN,37076,9719,HERMIT,36.201,-86.6179,POINT (-86.6179 36.201)
20190055883,01/22/2019 07:40:00 AM,2,1,0,,N,876573,5,SIDESWIPE - SAME DIRECTION,21,CLEAR,1,DAYLIGHT,12;14,MOTOR VEHICLE IN TRANSPORT;PARKED MOTOR VEHICLE,PICCADILLY ROW & BISHOPSGATE RD,NASHVILLE,TN,37217,8853,SOUTH,36.0784,-86.659,POINT (-86.659 36.0784)
20190100602,02/06/2019 02:45:00 PM,2,1,0,,Y,197435,11,Front to Rear,2,RAIN,1,DAYLIGHT,12,MOTOR VEHICLE IN TRANSPORT,MM 49 4 I 24,NASHVILLE,TN,37206,10040,EAST,36.1613,-86.7604,POINT (-86.7604 36.1613)
20190579871,08/04/2019 07:09:00 PM,1,1,0,,Y,405418,0,NOT COLLISION W/MOTOR VEHICLE-TRANSPORT,22,CLOUDY,1,DAYLIGHT,1;32;33,CULVERT;CURB,MCMURRAY DR & AMALIE DR,NASHVILLE,TN,37211,8657,MIDTOW,36.0545,-86.7253,POINT (-86.7253 36.0545)
20190394115,05/23/2019 10:36:00 AM,2,0,0,,Y,909494,5,SIDESWIPE - SAME DIRECTION,21,CLEAR,1,DAYLIGHT,12,MOTOR VEHICLE IN TRANSPORT,I24 W ENT RAMP & I 65,NASHVILLE,TN,37207,18041,EAST,36.2216,-86.7738,POINT (-86.7738 36.2216)
20190028646,01/11/2019 06:35:00 PM,2,0,0,,N,320577,11,Front to Rear,21,CLEAR,3,DARK - LIGHTED,12,MOTOR VEHICLE IN TRANSPORT,MM 3 7 I 440,NASHVILLE,TN,37215,6420,MIDTOW,36.116,-86.7951,POINT (-86.7951 36.116)
20190570033,07/31/2019 05:53:00 PM,2,1,0,,N,197054,11,Front to Rear,21,CLEAR,1,DAYLIGHT,12,MOTOR VEHICLE IN TRANSPORT,OLD HICKORY BLVD & ROBINSON RD,OLD HICKORY,TN,37138,9701,HERMIT,36.2632,-86.6753,POINT (-86.6753 36.2632)
20190007474,01/03/2019 05:49:00 PM,2,0,0,,Y,256411,11,Front to Rear,22,CLOUDY,5,DUSK,12,MOTOR VEHICLE IN TRANSPORT,BUCHANAN ST & 16TH AVN,NASHVILLE,TN,37208,4455,NORTH,36.18,-86.81,POINT (-86.81 36.18)
20190264936,04/06/2019 09:00:00 AM,2,0,0,,N,262766,4,ANGLE,21,CLEAR,1,DAYLIGHT,12,MOTOR VEHICLE IN TRANSPORT,OLD HICKORY BLVD & RIDGELAKE PKWY,NASHVILLE,TN,37205,4903,WEST,36.0974,-86.9249,POINT (-86.9249 36.0974)