Accident Number,Date and Time,Number of Motor Vehicles,Number of Injuries,Number of Fatalities,Property Damage,Hit and Run,Reporting Officer,Collision Type Code,Collision Type Description,Weather Code,Weather Description,Illumination Code,Illumination Description,Harmful Code,Harmful Code Description,Street Address,City,State,ZIP,RPA,Precinct,Latitude,Longitude,Mapped Location
20190501217,07/03/2019 10:01:00 AM,2,0,0,,N,690942,5,SIDESWIPE - SAME DIRECTION,21,CLEAR,1,DAYLIGHT,12,MOTOR VEHICLE IN TRANSPORT,3RD AVS & BROADWAY,NASHVILLE,TN,37201,4105,CENTRA,36.1615,-86.776,POINT (-86.776 36.1615)
20190187303,03/09/2019 06:52:00 PM,1,0,0,,N,311333,0,NOT COLLISION W/MOTOR VEHICLE-TRANSPORT,2,RAIN,2,DARK - NOT LIGHTED,34,DITCH,MM 57 7 I 24,ANTIOCH,TN,37013,88080,SOUTH,36.061,-86.6807,POINT (-86.6807 36.061)
20190401233,05/25/2019 11:41:00 PM,2,0,0,,N,256488,11,Front to Rear,21,CLEAR,2,DARK - NOT LIGHTED,12,MOTOR VEHICLE IN TRANSPORT,5TH AVS & BROADWAY,NASHVILLE,TN,37203,4089,CENTRA,36.1605,-86.7784,POINT (-86.7784 36.1605)
20190304088,04/20/2019 08:55:00 AM,2,0,0,,N,887591,4,ANGLE,2,RAIN,1,DAYLIGHT,12,MOTOR VEHICLE IN TRANSPORT,PIN HOOK RD & GROVEDALE TRC,ANTIOCH,TN,37013,8927,SOUTH,36.05,-86.606,POINT (-86.606 36.05)
20190483003,06/26/2019 12:36:00 PM,2,0,0,,N,909494,5,SIDESWIPE - SAME DIRECTION,22,CLOUDY,1,DAYLIGHT,12,MOTOR VEHICLE IN TRANSPORT,I24 W EXT RAMP & I 24,NASHVILLE,TN,37211,8829,SOUTH,36.1074,-86.7197,POINT (-86.7197 36.1074)
20190146129,02/22/2019 09:33:00 PM,1,1,0,,N,209184,0,NOT COLLISION W/MOTOR VEHICLE-TRANSPORT,2,RAIN,3,DARK - LIGHTED,34,DITCH,OLD HICKORY BLVD & LOGISTICS WAY,ANTIOCH,TN,37013,8869,SOUTH,36.0286,-86.614,POINT (-86.614 36.0286)
20190387959,05/21/2019 12:00:00 PM,2,0,0,,N,676834,11,Front to Rear,21,CLEAR,1,DAYLIGHT,12,MOTOR VEHICLE IN TRANSPORT,ROSA L PARKS BLVD & I65 N EXT RAMP,NASHVILLE,TN,37208,4353,NORTH,36.1825,-86.7977,POINT (-86.7977 36.1825)
20190059091,01/23/2019 08:20:00 AM,2,0,0,,N,343522,11,Front to Rear,2,RAIN,1,DAYLIGHT,12,MOTOR VEHICLE IN TRANSPORT,MM 200 0 I 40,NASHVILLE,TN,37209,4708,WEST,36.1189,-86.9133,POINT (-86.9133 36.1189)
20190484301,06/26/2019 10:50:00 PM,2,0,0,,Y,256493,11,Front to Rear,2,RAIN,3,DARK - LIGHTED,12,MOTOR VEHICLE IN TRANSPORT,BROOKSBORO TER & BROOKSBORO PL,NASHVILLE,TN,37217,8937,HERMIT,36.0844,-86.645,POINT (-86.645 36.0844)
20190119802,02/13/2019 03:32:00 PM,2,3,0,,N,256411,4,ANGLE,21,CLEAR,1,DAYLIGHT,12,MOTOR VEHICLE IN TRANSPORT,DR D B TODD JR BLVD & 17TH AVN,NASHVILLE,TN,37208,4457,NORTH,36.1796,-86.8109,POINT (-86.8109 36.1796)
20190382357,05/19/2019 07:08:00 AM,1,0,0,Y,Y,420059,0,NOT COLLISION W/MOTOR VEHICLE-TRANSPORT,21,CLEAR,1,DAYLIGHT,30,UTILITY POLE,NOLENSVILLE PKE & VERITAS ST,NASHVILLE,TN,37211,8431,SOUTH,36.0971,-86.7382,POINT (-86.7382 36.0971)
20190070717,01/27/2019 02:04:00 PM,2,1,0,,N,591933,11,Front to Rear,21,CLEAR,1,DAYLIGHT,12,MOTOR VEHICLE IN TRANSPORT,NOLENSVILLE PKE & BREWER DR,NASHVILLE,TN,37211,8715,SOUTH,36.0535,-86.715,POINT (-86.715 36.0535)
20190303064,04/19/2019 10:17:00 PM,1,0,0,Y,N,433550,0,NOT COLLISION W/MOTOR VEHICLE-TRANSPORT,2,RAIN,2,DARK - NOT LIGHTED,1,,BELL RD & OLD HICKORY BLVD,HERMITAGE,TN,37076,9527,HERMIT,36.169,-86.6006,POINT (-86.6006 36.169)
20190409596,05/29/2019 08:40:00 AM,2,2,0,,N,665896,4,ANGLE,21,CLEAR,1,DAYLIGHT,12,MOTOR VEHICLE IN TRANSPORT,W TRINITY LN & I65 N EXT RAMP,NASHVILLE,TN,37207,1863,EAST,36.2062,-86.7736,POINT (-86.7736 36.2062)
20190211670,03/18/2019 10:18:00 PM,2,0,0,,Y,660929,4,ANGLE,21,CLEAR,3,DARK - LIGHTED,12,MOTOR VEHICLE IN TRANSPORT,NOLENSVILLE PKE & HAYWOOD LN,NASHVILLE,TN,37211,8661,MIDTOW,36.0683,-86.7193,POINT (-86.7193 36.0683)
20190301474,04/19/2019 09:12:00 AM,1,1,0,,N,226136,0,NOT COLLISION W/MOTOR VEHICLE-TRANSPORT,2,RAIN,1,DAYLIGHT,30;63,UTILITY POLE;Ran Off Road-Right,SOUTH ST & 12TH AVS,NASHVILLE,TN,37203,6805,MIDTOW,36.1474,-86.7857,POINT (-86.7857 36.1474)
20190340455,05/02/2019 11:00:00 PM,1,0,0,Y,Y,137872,0,NOT COLLISION W/MOTOR VEHICLE-TRANSPORT,99,UNKNOWN,2,DARK - NOT LIGHTED,18,OTHER OBJECT (NOT FIXED),PATRICIA DR & PAMELA DR,NASHVILLE,TN,37217,8887,HERMIT,36.14,-86.7069,POINT (-86.7069 36.14)
20190387507,05/21/2019 09:05:00 AM,2,0,0,,N,716886,11,Front to Rear,21,CLEAR,1,DAYLIGHT,12,MOTOR VEHICLE IN TRANSPORT,I24E & I24 W EXT RAMP,NASHVILLE,TN,37210,8102,SOUTH,36.1336,-86.7269,POINT (-86.7269 36.1336)
20190305212,04/20/2019 09:39:00 PM,2,1,0,,Y,579971,11,Front to Rear,21,CLEAR,2,DARK - NOT LIGHTED,12,MOTOR VEHICLE IN TRANSPORT,MT VIEW RD & TRU LONG DR,ANTIOCH,TN,37013,8977,SOUTH,36.0669,-86.5998,POINT (-86.5998 36.0669)
20190471318,06/21/2019 01:40:00 PM,1,0,0,,Y,279112,0,NOT COLLISION W/MOTOR VEHICLE-TRANSPORT,21,CLEAR,1,DAYLIGHT,30,UTILITY POLE,FRISCO AV & ANNEX AV,NASHVILLE,TN,37209,4657,WEST,36.1634,-86.8749,POINT (-86.8749 36.1634)
20190496708,07/01/2019 09:40:00 PM,2,2,0,,N,256389,2,HEAD-ON,21,CLEAR,1,DAYLIGHT,12,MOTOR VEHICLE IN TRANSPORT,FORT NEGLEY BLVD & CHESTNUT ST,NASHVILLE,TN,37203,8007,MIDTOW,36.1421,-86.7758,POINT (-86.7758 36.1421)
20190413259,05/30/2019 03:07:00 PM,2,1,0,,N,330444,11,Front to Rear,21,CLEAR,1,DAYLIGHT,12,MOTOR VEHICLE IN TRANSPORT,MM 209 9 I 40,NASHVILLE,TN,37203,40060,CENTRA,36.1489,-86.7777,POINT (-86.7777 36.1489)
20190198323,03/13/2019 05:30:00 PM,2,0,0,,N,256427,5,SIDESWIPE - SAME DIRECTION,21,CLEAR,1,DAYLIGHT,12,MOTOR VEHICLE IN TRANSPORT,MM 211 2 I 40,NASHVILLE,TN,37210,8008,HERMIT,36.1535,-86.7564,POINT (-86.7564 36.1535)
20190134790,02/19/2019 07:12:00 AM,2,0,0,,N,716886,5,SIDESWIPE - SAME DIRECTION,21,CLEAR,1,DAYLIGHT,12,MOTOR VEHICLE IN TRANSPORT,MURFREESBORO PKE & MOUNTAIN SPRINGS RD,ANTIOCH,TN,37013,8927,SOUTH,36.0478,-86.6121,POINT (-86.6121 36.0478)
20190418785,06/01/2019 03:22:00 PM,3,2,0,,N,330412,11,Front to Rear,21,CLEAR,1,DAYLIGHT,12,MOTOR VEHICLE IN TRANSPORT,BRILEY PKWYE & I65 S EXT RAMP,MADISON,TN,37115,20122,MADISO,36.241,-86.7549,POINT (-86.7549 36.241)
20190102959,02/07/2019 11:51:00 AM,2,0,0,,N,225773,4,ANGLE,22,CLOUDY,1,DAYLIGHT,12,MOTOR VEHICLE IN TRANSPORT,HARDING PL & SIDCO DR,NASHVILLE,TN,37220,8601,MIDTOW,36.0819,-86.7612,POINT (-86.7612 36.0819)
20190280985,04/12/2019 07:51:00 AM,2,0,0,,N,109534,11,Front to Rear,2,RAIN,1,DAYLIGHT,12,MOTOR VEHICLE IN TRANSPORT,STEWARTS FERRY PKE & CREEKSTONE CIR,NASHVILLE,TN,37214,9407,HERMIT,36.1617,-86.6464,POINT (-86.6464 36.1617)
20190528803,07/15/2019 11:10:00 AM,2,0,0,,N,267831,11,Front to Rear,21,CLEAR,1,DAYLIGHT,12,MOTOR VEHICLE IN TRANSPORT,BRILEY PKWY S EXT RAMP & CENTENNIAL BLVD,NASHVILLE,TN,37209,4651,WEST,36.1713,-86.871,POINT (-86.871 36.1713)
20190113435,02/11/2019 04:46:00 PM,3,0,0,,Y,256383,11,Front to Rear,2,RAIN,1,DAYLIGHT,12,MOTOR VEHICLE IN TRANSPORT,MM 7 1 I 440,NASHVILLE,TN,37210,8104,SOUTH,36.1249,-86.7355,POINT (-86.7355 36.1249)
20190523015,07/12/2019 05:55:00 PM,2,0,0,,N,298863,4,ANGLE,21,CLEAR,1,DAYLIGHT,12,MOTOR VEHICLE IN TRANSPORT,8TH AVS & LAFAYETTE ST,NASHVILLE,TN,37203,4043,CENTRA,36.1546,-86.7792,POINT (-86.7792 36.1546)
20190074361,01/28/2019 09:17:00 PM,1,1,0,,N,279118,0,NOT COLLISION W/MOTOR VEHICLE-TRANSPORT,2,RAIN,2,DARK - NOT LIGHTED,8,PEDESTRIAN,LINBAR DR & WALLACE RD,NASHVILLE,TN,37211,8707,SOUTH,36.0387,-86.731,POINT (-86.731 36.0387)
20190264814,04/06/2019 07:48:00 AM,1,1,0,Y,N,279230,0,NOT COLLISION W/MOTOR VEHICLE-TRANSPORT,21,CLEAR,1,DAYLIGHT,30,UTILITY POLE,TUSCULUM RD & BENZING RD,ANTIOCH,TN,37013,8713,SOUTH,36.1565,-86.7372,POINT (-86.7372 36.1565)
20190105844,02/08/2019 12:40:00 PM,2,0,0,,N,191578,5,SIDESWIPE - SAME DIRECTION,21,CLEAR,1,DAYLIGHT,12,MOTOR VEHICLE IN TRANSPORT,MM 212 3 I 40,NASHVILLE,TN,37210,8206,HERMIT,36.1447,-86.7399,POINT (-86.7399 36.1447)
20190158468,02/27/2019 11:30:00 AM,2,1,0,,N,267831,5,SIDESWIPE - SAME DIRECTION,21,CLEAR,1,DAYLIGHT,12,MOTOR VEHICLE IN TRANSPORT,WHITE BRIDGE PKE & I40 E ENT RAMP,NASHVILLE,TN,37209,5004,WEST,36.1516,-86.8577,POINT (-86.8577 36.1516)
20190406335,05/28/2019 06:27:00 AM,2,0,0,,N,879558,11,Front to Rear,21,CLEAR,1,DAYLIGHT,12,MOTOR VEHICLE IN TRANSPORT,BRILEY PKWY N ENT RAMP & BRILEY PKWYN,NASHVILLE,TN,37209,45065,WEST,36.1584,-86.8635,POINT (-86.8635 36.1584)
20190408484,05/28/2019 07:25:00 PM,2,0,0,,Y,279216,5,SIDESWIPE - SAME DIRECTION,21,CLEAR,5,DUSK,12,MOTOR VEHICLE IN TRANSPORT,MM 35 5 I 24,WHITES CREEK,TN,37189,2212,NORTH,36.3225,-86.859,POINT (-86.859 36.3225)
20190577109,08/03/2019 11:05:00 AM,2,0,0,,N,320595,11,Front to Rear,21,CLEAR,1,DAYLIGHT,12,MOTOR VEHICLE IN TRANSPORT,MM 214 5 I 40,NASHVILLE,TN,37217,88022,HERMIT,36.1434,-86.7031,POINT (-86.7031 36.1434)
20190194683,03/12/2019 04:10:00 PM,2,0,0,,N,887592,11,Front to Rear,22,CLOUDY,1,DAYLIGHT,12,MOTOR VEHICLE IN TRANSPORT,I65 N ENT RAMP & I 65,NASHVILLE,TN,37207,1829,EAST,36.209,-86.7759,POINT (-86.7759 36.209)
20190031714,01/13/2019 02:28:00 AM,2,0,0,,N,212310,4,ANGLE,2,RAIN,3,DARK - LIGHTED,12,MOTOR VEHICLE IN TRANSPORT,MM 87 1 I 65,NASHVILLE,TN,37207,18020,EAST,36.2041,-86.7765,POINT (-86.7765 36.2041)
20190391692,05/22/2019 04:30:00 PM,2,0,0,,N,279204,11,Front to Rear,21,CLEAR,1,DAYLIGHT,12,MOTOR VEHICLE IN TRANSPORT,ROSA L PARKS BLVD & JEFFERSON ST,NASHVILLE,TN,37208,4237,CENTRA,36.1733,-86.7914,POINT (-86.7914 36.1733)
20190173832,03/05/2019 06:40:00 AM,2,0,0,,N,876573,4,ANGLE,21,CLEAR,1,DAYLIGHT,12,MOTOR VEHICLE IN TRANSPORT,DOVE CREEK RD & QUAISE MOORE,ANTIOCH,TN,37013,8925,SOUTH,36.0723,-86.5983,POINT (-86.5983 36.0723)
20190443232,06/11/2019 06:20:00 AM,2,0,0,,N,716886,11,Front to Rear,21,CLEAR,1,DAYLIGHT,12,MOTOR VEHICLE IN TRANSPORT,MM 7 2 I 440,NASHVILLE,TN,37210,83043,SOUTH,36.1251,-86.7339,POINT (-86.7339 36.1251)
20190208627,03/17/2019 10:15:00 PM,1,2,0,,N,256417,0,NOT COLLISION W/MOTOR VEHICLE-TRANSPORT,21,CLEAR,2,DARK - NOT LIGHTED,7,,MM 220 6 I 40,HERMITAGE,TN,37076,89042,HERMIT,36.1693,-86.6057,POINT (-86.6057 36.1693)
20190110876,02/10/2019 06:40:00 PM,2,0,0,,N,311338,5,SIDESWIPE - SAME DIRECTION,2,RAIN,3,DARK - LIGHTED,14,PARKED MOTOR VEHICLE,UNDERWOOD ST & 21ST AVN,NASHVILLE,TN,37208,4479,NORTH,36.1726,-86.8104,POINT (-86.8104 36.1726)
20190572391,08/01/2019 03:50:00 PM,2,1,0,,N,161948,4,ANGLE,21,CLEAR,1,DAYLIGHT,12,MOTOR VEHICLE IN TRANSPORT,STEWARTS FERRY PKE & MCCRORY CREEK RD,NASHVILLE,TN,37214,9415,HERMIT,36.1572,-86.6346,POINT (-86.6346 36.1572)
20190087550,02/01/2019 07:12:00 PM,2,0,0,,N,256383,5,SIDESWIPE - SAME DIRECTION,22,CLOUDY,3,DARK - LIGHTED,12,MOTOR VEHICLE IN TRANSPORT,BELL FORGE LNE & BELL RD,ANTIOCH,TN,37013,8865,SOUTH,36.0505,-86.6468,POINT (-86.6468 36.0505)
20190453166,06/14/2019 04:25:00 PM,2,0,0,,N,279224,4,ANGLE,21,CLEAR,1,DAYLIGHT,12,MOTOR VEHICLE IN TRANSPORT,EASTLAND AV & GALLATIN AV,NASHVILLE,TN,37206,1243,EAST,36.1838,-86.7484,POINT (-86.7484 36.1838)
20190391661,05/22/2019 04:23:00 PM,2,1,0,,N,330444,4,ANGLE,21,CLEAR,1,DAYLIGHT,12,MOTOR VEHICLE IN TRANSPORT,SIDCO DR & CSX DR,NASHVILLE,TN,37204,8531,MIDTOW,36.0836,-86.7616,POINT (-86.7616 36.0836)
20190239878,03/28/2019 07:59:00 AM,1,0,0,Y,N,140790,0,NOT COLLISION W/MOTOR VEHICLE-TRANSPORT,21,CLEAR,1,DAYLIGHT,24,GUARDRAIL FACE,BELL RD & PRIEST WOODS DR,NASHVILLE,TN,37214,8989,HERMIT,36.1275,-86.6296,POINT (-86.6296 36.1275)
20190474640,06/23/2019 12:00:00 AM,1,0,0,,Y,320591,0,NOT COLLISION W/MOTOR VEHICLE-TRANSPORT,21,CLEAR,9,UNKNOWN,7,,MURFREESBORO PKE & HAMILTON CROSSINGS,ANTIOCH,TN,37013,8865,SOUTH,36.0655,-86.6292,POINT (-86.6292 36.0655)
20190330732,04/30/2019 12:20:00 AM,2,0,0,,Y,298875,11,Front to Rear,21,CLEAR,2,DARK - NOT LIGHTED,12,MOTOR VEHICLE IN TRANSPORT,BLUE HOLE RD & OAK CHASE DR,ANTIOCH,TN,37013,8755,SOUTH,36.0331,-86.6746,POINT (-86.6746 36.0331)
20190480690,06/25/2019 05:12:00 PM,2,0,0,,N,256380,6,SIDESWIPE - OPPOSITE DIRECTION,21,CLEAR,1,DAYLIGHT,12,MOTOR VEHICLE IN TRANSPORT,11TH AVN & CHARLOTTE AV,NASHVILLE,TN,37203,4151,CENTRA,36.1621,-86.7906,POINT (-86.7906 36.1621)
20190334252,05/01/2019 07:00:00 AM,2,0,0,,N,716886,5,SIDESWIPE - SAME DIRECTION,21,CLEAR,1,DAYLIGHT,12,MOTOR VEHICLE IN TRANSPORT,NOLENSVILLE PKE & MCCLAIN AV,NASHVILLE,TN,37211,8343,MIDTOW,36.1129,-86.7463,POINT (-86.7463 36.1129)
20190491740,06/29/2019 07:54:00 PM,2,1,0,,N,330425,5,SIDESWIPE - SAME DIRECTION,21,CLEAR,1,DAYLIGHT,12,MOTOR VEHICLE IN TRANSPORT,E WEBSTER ST & GALLATIN PKES,MADISON,TN,37115,1507,MADISO,36.2518,-86.7174,POINT (-86.7174 36.2518)
20190568575,07/31/2019 05:59:00 AM,2,0,0,,N,320600,11,Front to Rear,21,CLEAR,3,DARK - LIGHTED,12,MOTOR VEHICLE IN TRANSPORT,MM 88 2 I 65,NASHVILLE,TN,37207,18041,EAST,36.2188,-86.7747,POINT (-86.7747 36.2188)
20190096173,02/05/2019 08:24:00 AM,2,0,0,,N,468030,4,ANGLE,2,RAIN,1,DAYLIGHT,12,MOTOR VEHICLE IN TRANSPORT,N 14TH ST & SEYMOUR AV,NASHVILLE,TN,37206,1361,EAST,36.1854,-86.7442,POINT (-86.7442 36.1854)
20190113492,02/11/2019 05:30:00 PM,2,0,0,,N,279124,4,ANGLE,2,RAIN,3,DARK - LIGHTED,12,MOTOR VEHICLE IN TRANSPORT,US HWY 31 ALT & MELROSE AVE,NASHVILLE,TN,37210,8321,SOUTH,36.1206,-86.75,POINT (-86.75 36.1206)
20190406545,05/28/2019 08:15:00 AM,2,0,0,,N,402653,4,ANGLE,21,CLEAR,1,DAYLIGHT,12,MOTOR VEHICLE IN TRANSPORT,2ND AVS & ASH ST,NASHVILLE,TN,37210,4029,CENTRA,36.1533,-86.7696,POINT (-86.7696 36.1533)
20190515000,07/09/2019 04:56:00 PM,2,0,0,,N,267831,4,ANGLE,21,CLEAR,1,DAYLIGHT,12,MOTOR VEHICLE IN TRANSPORT,CHARLOTTE PKE & OCEOLA AV,NASHVILLE,TN,37209,5025,WEST,36.1495,-86.8605,POINT (-86.8605 36.1495)
20190498938,07/02/2019 03:20:00 PM,2,0,0,,Y,206675,5,SIDESWIPE - SAME DIRECTION,21,CLEAR,1,DAYLIGHT,12,MOTOR VEHICLE IN TRANSPORT,WEST END AV & 19TH AVN,NASHVILLE,TN,37203,5707,MIDTOW,36.1526,-86.7968,POINT (-86.7968 36.1526)
20190269705,04/08/2019 10:18:00 AM,1,1,0,,N,584947,0,NOT COLLISION W/MOTOR VEHICLE-TRANSPORT,22,CLOUDY,1,DAYLIGHT,8,PEDESTRIAN,NOLENSVILLE PKE & ANTIOCH PKE,NASHVILLE,TN,37211,8427,SOUTH,36.1018,-86.7406,POINT (-86.7406 36.1018)
20190127951,02/16/2019 02:05:00 PM,2,0,0,,N,299265,4,ANGLE,21,CLEAR,1,DAYLIGHT,12,MOTOR VEHICLE IN TRANSPORT,ANDERSON LN & MAY DR,MADISON,TN,37115,1727,MADISO,36.2726,-86.6947,POINT (-86.6947 36.2726)
20190374362,05/16/2019 07:40:00 AM,2,0,0,,N,256502,11,Front to Rear,21,CLEAR,1,DAYLIGHT,12,MOTOR VEHICLE IN TRANSPORT,MM 207 1 I 40,NASHVILLE,TN,37208,54020,NORTH,36.1698,-86.8093,POINT (-86.8093 36.1698)
20190065097,01/25/2019 08:10:00 AM,2,0,0,,N,226600,11,Front to Rear,21,CLEAR,1,DAYLIGHT,12,MOTOR VEHICLE IN TRANSPORT,I440 E ENT RAMP & I 440,NASHVILLE,TN,37205,6007,WEST,36.1346,-86.8203,POINT (-86.8203 36.1346)
20190159068,02/27/2019 03:25:00 PM,2,0,0,,N,311338,11,Front to Rear,21,CLEAR,1,DAYLIGHT,12,MOTOR VEHICLE IN TRANSPORT,I65 N ENT RAMP & I 65,NASHVILLE,TN,37207,1829,EAST,36.209,-86.7759,POINT (-86.7759 36.209)
20190477070,06/24/2019 09:00:00 AM,1,0,0,Y,N,235761,0,NOT COLLISION W/MOTOR VEHICLE-TRANSPORT,22,CLOUDY,1,DAYLIGHT,43,OTHER FIXED OBJECTS,OCEOLA AV & CHARLOTTE PKE,NASHVILLE,TN,37209,5033,WEST,36.1497,-86.8599,POINT (-86.8599 36.1497)
20190500781,07/03/2019 06:50:00 AM,1,0,0,,Y,405391,0,NOT COLLISION W/MOTOR VEHICLE-TRANSPORT,21,CLEAR,1,DAYLIGHT,42,TREE,RIVER ROAD PKE & OLD RIVER RD,NASHVILLE,TN,37209,4707,WEST,36.1389,-86.9399,POINT (-86.9399 36.1389)
20190180977,03/07/2019 10:55:00 AM,2,1,0,,N,665896,4,ANGLE,22,CLOUDY,1,DAYLIGHT,12,MOTOR VEHICLE IN TRANSPORT,GALLATIN PKE & DOZIER PL,NASHVILLE,TN,37216,1403,EAST,36.2021,-86.7393,POINT (-86.7393 36.2021)
20190187756,03/09/2019 11:23:00 PM,1,1,0,Y,N,212334,0,NOT COLLISION W/MOTOR VEHICLE-TRANSPORT,21,CLEAR,3,DARK - LIGHTED,30;33,UTILITY POLE;CURB,COUNTY HOSPITAL RD & JOHN MALLETTE DR,NASHVILLE,TN,37218,3119,NORTH,36.1934,-86.8337,POINT (-86.8337 36.1934)
20190579718,08/04/2019 05:00:00 PM,2,0,0,,N,330440,5,SIDESWIPE - SAME DIRECTION,2,RAIN,1,DAYLIGHT,12,MOTOR VEHICLE IN TRANSPORT,MM 84 8 I 65,NASHVILLE,TN,37208,43021,NORTH,36.1768,-86.8008,POINT (-86.8008 36.1768)
20190213713,03/19/2019 12:33:00 PM,2,0,0,,N,676834,11,Front to Rear,21,CLEAR,1,DAYLIGHT,12,MOTOR VEHICLE IN TRANSPORT,ROSA L PARKS BLVD & DOMINICAN DR,NASHVILLE,TN,37208,4403,NORTH,36.1879,-86.7985,POINT (-86.7985 36.1879)
20190320511,04/25/2019 08:30:00 PM,1,0,0,,N,206675,0,NOT COLLISION W/MOTOR VEHICLE-TRANSPORT,2,RAIN,7,Dark-Unknown Lighting,29,LUMINAIRE/LIGHT SUPPORT,EDGEHILL AV & VILLA PL,NASHVILLE,TN,37212,6703,MIDTOW,36.1432,-86.7919,POINT (-86.7919 36.1432)
20190208461,03/17/2019 08:19:00 PM,2,2,0,,N,298877,4,ANGLE,21,CLEAR,3,DARK - LIGHTED,12,MOTOR VEHICLE IN TRANSPORT,GLENROSE AV & EAST THOMPSON LN,NASHVILLE,TN,37210,8807,SOUTH,36.1149,-86.7197,POINT (-86.7197 36.1149)
20190447556,06/12/2019 06:02:00 PM,2,1,0,,N,909486,2,HEAD-ON,21,CLEAR,1,DAYLIGHT,12,MOTOR VEHICLE IN TRANSPORT,BRENTWOOD EAST DR & OLD HICKORY BLVD,NASHVILLE,TN,37211,8651,MIDTOW,36.0452,-86.7148,POINT (-86.7148 36.0452)
20190366044,05/13/2019 01:51:00 PM,2,1,0,,N,320574,11,Front to Rear,21,CLEAR,1,DAYLIGHT,12,MOTOR VEHICLE IN TRANSPORT,MM 212 4 I 40,NASHVILLE,TN,37210,82060,HERMIT,36.1441,-86.7389,POINT (-86.7389 36.1441)
20190119223,02/13/2019 05:20:00 AM,1,1,0,,Y,620067,0,NOT COLLISION W/MOTOR VEHICLE-TRANSPORT,21,CLEAR,3,DARK - LIGHTED,8,PEDESTRIAN,BRENTWOOD EAST DR & NOLENSVILLE PKE,NASHVILLE,TN,37211,8651,MIDTOW,36.0442,-86.7131,POINT (-86.7131 36.0442)
20190524641,07/13/2019 11:58:00 AM,2,1,0,,N,462474,5,SIDESWIPE - SAME DIRECTION,22,CLOUDY,1,DAYLIGHT,12,MOTOR VEHICLE IN TRANSPORT,MM 210 2 I 40,NASHVILLE,TN,37203,80021,MIDTOW,36.1493,-86.7736,POINT (-86.7736 36.1493)
20190454162,06/15/2019 12:49:00 AM,2,0,0,,Y,256492,4,ANGLE,21,CLEAR,3,DARK - LIGHTED,14;55,PARKED MOTOR VEHICLE;Motor Vehicle-In-Motion Outside Trafficw,SUGAR CREEK CIR & STEWARTS FERRY PKE,NASHVILLE,TN,37214,9407,HERMIT,36.1614,-86.6487,POINT (-86.6487 36.1614)
20190398203,05/24/2019 06:00:00 PM,1,0,0,,N,306708,0,NOT COLLISION W/MOTOR VEHICLE-TRANSPORT,21,CLEAR,1,DAYLIGHT,50,DEER (ANIMAL),MYATT DR & MADISON INDUSTRIAL RD,MADISON,TN,37115,1715,MADISO,36.2781,-86.6904,POINT (-86.6904 36.2781)
20190078060,01/29/2019 09:45:00 PM,3,0,0,,Y,330416,5,SIDESWIPE - SAME DIRECTION,21,CLEAR,3,DARK - LIGHTED,12,MOTOR VEHICLE IN TRANSPORT,MT VIEW & HAMILTON CHURCH,ANTIOCH,TN,37013,8977,SOUTH,36.0629,-86.6077,POINT (-86.6077 36.0629)
20190397501,05/24/2019 12:55:00 PM,2,0,0,,Y,716886,5,SIDESWIPE - SAME DIRECTION,21,CLEAR,1,DAYLIGHT,12,MOTOR VEHICLE IN TRANSPORT,FIRESTONE PKWY & OLD HICKORY BLVD,ANTIOCH,TN,37013,8869,SOUTH,36.0168,-86.6199,POINT (-86.6199 36.0168)
20190124869,02/15/2019 07:18:00 AM,2,0,0,,Y,191578,5,SIDESWIPE - SAME DIRECTION,21,CLEAR,1,DAYLIGHT,12,MOTOR VEHICLE IN TRANSPORT,MM 214 4 I 40,NASHVILLE,TN,37210,90061,HERMIT,36.1431,-86.7063,POINT (-86.7063 36.1431)
20190416684,05/31/2019 04:42:00 PM,2,0,0,,N,256384,11,Front to Rear,21,CLEAR,1,DAYLIGHT,12,MOTOR VEHICLE IN TRANSPORT,I24E & I24 E ENT RAMP,NASHVILLE,TN,37210,8102,SOUTH,36.1363,-86.727,POINT (-86.727 36.1363)
20190060503,01/23/2019 07:32:00 PM,2,0,0,,N,256426,4,ANGLE,2,RAIN,2,DARK - NOT LIGHTED,12,MOTOR VEHICLE IN TRANSPORT,LAKELAND DR & MCGAVOCK PKE,NASHVILLE,TN,37214,9119,HERMIT,36.1549,-86.6802,POINT (-86.6802 36.1549)
20190079812,01/30/2019 11:14:00 AM,2,0,0,,N,299257,4,ANGLE,21,CLEAR,1,DAYLIGHT,12,MOTOR VEHICLE IN TRANSPORT,WEDGEWOOD AV & 8TH AVS,NASHVILLE,TN,37204,6919,MIDTOW,36.1343,-86.7796,POINT (-86.7796 36.1343)
20190040694,01/16/2019 09:35:00 AM,2,0,0,,N,299264,4,ANGLE,21,CLEAR,1,DAYLIGHT,12,MOTOR VEHICLE IN TRANSPORT,20TH AVN & STATE ST,NASHVILLE,TN,37203,5509,MIDTOW,36.1543,-86.8015,POINT (-86.8015 36.1543)
20190163369,03/01/2019 05:21:00 AM,2,1,0,,N,405424,4,ANGLE,2,RAIN,3,DARK - LIGHTED,12,MOTOR VEHICLE IN TRANSPORT,OLD MURFREESBORO PKE & SMITH SPRINGS RD,NASHVILLE,TN,37217,8947,HERMIT,36.0975,-86.6552,POINT (-86.6552 36.0975)
20190459762,06/17/2019 01:40:00 PM,2,0,0,,N,279230,11,Front to Rear,21,CLEAR,1,DAYLIGHT,12,MOTOR VEHICLE IN TRANSPORT,MM 53 3 I 24,NASHVILLE,TN,37210,88141,SOUTH,36.1146,-86.7245,POINT (-86.7245 36.1146)