Accident Number,Date and Time,Number of Motor Vehicles,Number of Injuries,Number of Fatalities,Property Damage,Hit and Run,Reporting Officer,Collision Type Code,Collision Type Description,Weather Code,Weather Description,Illumination Code,Illumination Description,Harmful Code,Harmful Code Description,Street Address,City,State,ZIP,RPA,Precinct,Latitude,Longitude,Mapped Location
20190275879,04/10/2019 01:05:00 PM,2,0,0,,Y,572251,11,Front to Rear,21,CLEAR,1,DAYLIGHT,12,MOTOR VEHICLE IN TRANSPORT,GALLATIN PKEN & DULING AV,MADISON,TN,37115,1763,MADISO,36.2664,-86.711,POINT (-86.711 36.2664)
20190516464,07/10/2019 06:50:00 AM,2,0,0,,N,226622,4,ANGLE,21,CLEAR,1,DAYLIGHT,12,MOTOR VEHICLE IN TRANSPORT,MM 200 6 I 40,NASHVILLE,TN,37209,4708,WEST,36.1261,-86.904,POINT (-86.904 36.1261)
20190401028,05/25/2019 09:34:00 PM,2,0,0,,N,298867,5,SIDESWIPE - SAME DIRECTION,21,CLEAR,2,DARK - NOT LIGHTED,12;14,MOTOR VEHICLE IN TRANSPORT;PARKED MOTOR VEHICLE,SEYMOUR AV & MCFERRIN AV,NASHVILLE,TN,37206,1929,EAST,36.1863,-86.7538,POINT (-86.7538 36.1863)
20190243960,03/29/2019 02:04:00 PM,2,0,0,,N,226136,98,OTHER,22,CLOUDY,1,DAYLIGHT,12,MOTOR VEHICLE IN TRANSPORT,CARUTHERS AV & 11TH AVS,NASHVILLE,TN,37204,6925,MIDTOW,36.1257,-86.7879,POINT (-86.7879 36.1257)
20190381544,05/18/2019 10:20:00 PM,2,0,0,,Y,330438,4,ANGLE,21,CLEAR,3,DARK - LIGHTED,12,MOTOR VEHICLE IN TRANSPORT,OLD HICKORY BLVD & ANDREW JACKSON PKWY,HERMITAGE,TN,37076,9561,HERMIT,36.1836,-86.6107,POINT (-86.6107 36.1836)
20190265568,04/06/2019 04:26:00 PM,2,0,0,,N,414711,11,Front to Rear,21,CLEAR,1,DAYLIGHT,12,MOTOR VEHICLE IN TRANSPORT,51ST AVN & CHARLOTTE AV,NASHVILLE,TN,37209,5121,WEST,36.1525,-86.8486,POINT (-86.8486 36.1525)
20190013994,01/06/2019 01:50:00 PM,2,0,0,,N,311331,11,Front to Rear,21,CLEAR,1,DAYLIGHT,12,MOTOR VEHICLE IN TRANSPORT,MM 86 5 I 65,NASHVILLE,TN,37207,3006,NORTH,36.1946,-86.7762,POINT (-86.7762 36.1946)
20190371586,05/15/2019 09:28:00 AM,3,0,0,,N,191578,11,Front to Rear,2,RAIN,1,DAYLIGHT,12,MOTOR VEHICLE IN TRANSPORT,OLD LEBANON DIRT RD & OLD HICKORY BLVD,HERMITAGE,TN,37076,9507,HERMIT,36.1909,-86.6152,POINT (-86.6152 36.1909)
20190037133,01/15/2019 06:50:00 AM,2,0,0,,N,226622,11,Front to Rear,22,CLOUDY,1,DAYLIGHT,12,MOTOR VEHICLE IN TRANSPORT,MM 205 5 I 40,NASHVILLE,TN,37209,52040,WEST,36.1549,-86.8305,POINT (-86.8305 36.1549)
20190529642,07/15/2019 05:19:00 PM,2,0,0,,N,267831,4,ANGLE,22,CLOUDY,1,DAYLIGHT,12,MOTOR VEHICLE IN TRANSPORT,WHITE BRIDGE PKE & LENOX AV,NASHVILLE,TN,37209,5103,WEST,36.1493,-86.8579,POINT (-86.8579 36.1493)
20190373588,05/16/2019 01:34:00 AM,2,0,0,,N,197059,11,Front to Rear,21,CLEAR,3,DARK - LIGHTED,12;14,MOTOR VEHICLE IN TRANSPORT;PARKED MOTOR VEHICLE,CHURCH ST & 16TH AVN,NASHVILLE,TN,37203,5519,MIDTOW,36.1562,-86.7953,POINT (-86.7953 36.1562)
20190289657,04/15/2019 06:14:00 PM,2,0,0,,N,299257,11,Front to Rear,21,CLEAR,1,DAYLIGHT,12,MOTOR VEHICLE IN TRANSPORT,MM 1 3 I 440,NASHVILLE,TN,37205,5242,WEST,36.1385,-86.8226,POINT (-86.8226 36.1385)
20190438976,06/09/2019 03:31:00 PM,2,0,0,,Y,240955,4,ANGLE,22,CLOUDY,1,DAYLIGHT,12,MOTOR VEHICLE IN TRANSPORT,OWENDALE DR & TRACETON CIR,ANTIOCH,TN,37013,8979,SOUTH,36.0668,-86.6221,POINT (-86.6221 36.0668)
20190230696,03/25/2019 08:45:00 AM,2,0,0,,N,714648,11,Front to Rear,2,RAIN,1,DAYLIGHT,12,MOTOR VEHICLE IN TRANSPORT,ELLINGTON PKWYS & APEX ST,NASHVILLE,TN,37206,1992,EAST,36.1872,-86.7569,POINT (-86.7569 36.1872)
20190089308,02/02/2019 02:56:00 PM,2,0,0,,N,299241,4,ANGLE,21,CLEAR,1,DAYLIGHT,12,MOTOR VEHICLE IN TRANSPORT,MCGAVOCK PKE & MUSIC VALLEY DR,NASHVILLE,TN,37214,9213,HERMIT,36.217,-86.6951,POINT (-86.6951 36.217)
20190122372,02/14/2019 11:50:00 AM,2,0,0,,N,714641,11,Front to Rear,21,CLEAR,1,DAYLIGHT,12,MOTOR VEHICLE IN TRANSPORT,N 1ST ST & SPRING ST,NASHVILLE,TN,37207,1955,CENTRA,36.1769,-86.7746,POINT (-86.7746 36.1769)
20190188020,03/10/2019 03:15:00 AM,1,0,0,,N,311343,0,NOT COLLISION W/MOTOR VEHICLE-TRANSPORT,21,CLEAR,3,DARK - LIGHTED,36,CONCRETE TRAFFIC BARRIER,MM 81 4 I 65,NASHVILLE,TN,37203,68042,MIDTOW,36.1348,-86.7756,POINT (-86.7756 36.1348)
20190082851,01/31/2019 08:50:00 AM,2,0,0,,N,226136,11,Front to Rear,21,CLEAR,1,DAYLIGHT,12,MOTOR VEHICLE IN TRANSPORT,MM 79 5 I 65,NASHVILLE,TN,37204,70042,MIDTOW,36.106,-86.7678,POINT (-86.7678 36.106)
20190343188,05/04/2019 03:10:00 PM,4,0,0,,Y,256386,11,Front to Rear,22,CLOUDY,1,DAYLIGHT,12,MOTOR VEHICLE IN TRANSPORT,STATE HWY 155 & GLASTONBURY RD,NASHVILLE,TN,37217,88940,HERMIT,36.1374,-86.6998,POINT (-86.6998 36.1374)
20190165543,03/01/2019 11:13:00 PM,2,0,0,,Y,311336,5,SIDESWIPE - SAME DIRECTION,21,CLEAR,3,DARK - LIGHTED,12,MOTOR VEHICLE IN TRANSPORT,MAPLEWOOD TRC & W MAPLEWOOD LN,NASHVILLE,TN,37207,1807,EAST,36.2331,-86.7587,POINT (-86.7587 36.2331)
20190470701,06/21/2019 09:16:00 AM,2,1,0,,N,834798,11,Front to Rear,21,CLEAR,1,DAYLIGHT,12,MOTOR VEHICLE IN TRANSPORT,MM 209 4 I 40,NASHVILLE,TN,37203,40041,CENTRA,36.1519,-86.7866,POINT (-86.7866 36.1519)
20190056970,01/22/2019 03:12:00 PM,2,1,0,,N,240979,4,ANGLE,21,CLEAR,1,DAYLIGHT,12,MOTOR VEHICLE IN TRANSPORT,MM 92 1 I 65,MADISON,TN,37115,17280,MADISO,36.263,-86.7378,POINT (-86.7378 36.263)
20190287108,04/14/2019 08:51:00 PM,2,0,0,,N,320597,11,Front to Rear,21,CLEAR,1,DAYLIGHT,12,MOTOR VEHICLE IN TRANSPORT,TUSCULUM RD & NOLENSVILLE PKE,NASHVILLE,TN,37211,8715,SOUTH,36.0591,-86.7162,POINT (-86.7162 36.0591)
20190558176,07/26/2019 05:37:00 PM,2,0,0,,N,212346,4,ANGLE,21,CLEAR,1,DAYLIGHT,12,MOTOR VEHICLE IN TRANSPORT,CHURCH ST & COMERS ALY,NASHVILLE,TN,37203,4119,CENTRA,36.1592,-86.789,POINT (-86.789 36.1592)
20190446774,06/12/2019 11:49:00 AM,2,0,0,,N,462474,11,Front to Rear,22,CLOUDY,1,DAYLIGHT,12,MOTOR VEHICLE IN TRANSPORT,OLD HICKORY BLVD & FRANKLIN PKE,NASHVILLE,TN,37220,7111,MIDTOW,36.0374,-86.7864,POINT (-86.7864 36.0374)
20190250446,04/01/2019 09:08:00 AM,2,0,0,,N,716886,11,Front to Rear,21,CLEAR,1,DAYLIGHT,12,MOTOR VEHICLE IN TRANSPORT,THOMPSON LN & HARTFORD DR,NASHVILLE,TN,37211,8423,SOUTH,36.1098,-86.7335,POINT (-86.7335 36.1098)
20190351076,05/07/2019 04:43:00 PM,3,1,0,,N,330436,11,Front to Rear,21,CLEAR,1,DAYLIGHT,12,MOTOR VEHICLE IN TRANSPORT,INTERSTATE DR & JAMES ROBERTSON PKWY,NASHVILLE,TN,37213,1105,CENTRA,36.1714,-86.769,POINT (-86.769 36.1714)
20190567230,07/30/2019 04:57:00 PM,2,1,0,,N,151132,11,Front to Rear,21,CLEAR,1,DAYLIGHT,12,MOTOR VEHICLE IN TRANSPORT,BRILEY PKWYE & BRILEY PKWYW,NASHVILLE,TN,37207,20120,MADISO,36.2396,-86.7751,POINT (-86.7751 36.2396)
20190558226,07/26/2019 03:30:00 PM,1,0,0,,N,161939,0,NOT COLLISION W/MOTOR VEHICLE-TRANSPORT,21,CLEAR,1,DAYLIGHT,18,OTHER OBJECT (NOT FIXED),STATE HWY 254 & BRENTRIDGE CIR,ANTIOCH,TN,37013,8755,SOUTH,36.047,-86.6801,POINT (-86.6801 36.047)
20190110176,02/10/2019 07:50:00 AM,2,0,0,,Y,909494,9,UNKNOWN,2,RAIN,3,DARK - LIGHTED,12;14,MOTOR VEHICLE IN TRANSPORT;PARKED MOTOR VEHICLE,PRINCE AV & SULTANA AV,NASHVILLE,TN,37207,1833,EAST,36.2066,-86.7656,POINT (-86.7656 36.2066)
20190520963,07/11/2019 10:13:00 PM,3,0,0,,N,345098,5,SIDESWIPE - SAME DIRECTION,21,CLEAR,2,DARK - NOT LIGHTED,12,MOTOR VEHICLE IN TRANSPORT,DONELSON PKE & KNAPP BLVD,NASHVILLE,TN,37217,8951,HERMIT,36.1129,-86.6709,POINT (-86.6709 36.1129)
20190295830,04/17/2019 01:11:00 PM,2,0,0,,N,226622,4,ANGLE,22,CLOUDY,1,DAYLIGHT,12,MOTOR VEHICLE IN TRANSPORT,COLICE JEANNE RD & CROSS TIMBERS DR,NASHVILLE,TN,37221,4811,WEST,36.074,-86.9353,POINT (-86.9353 36.074)
20190329164,04/29/2019 01:41:00 PM,2,0,0,,N,298864,4,ANGLE,21,CLEAR,1,DAYLIGHT,12,MOTOR VEHICLE IN TRANSPORT,NEELYS BEND RD & TAHLENA AV,MADISON,TN,37115,1631,MADISO,36.2514,-86.6913,POINT (-86.6913 36.2514)
20190466332,06/19/2019 10:29:00 PM,2,1,0,,N,279124,4,ANGLE,21,CLEAR,3,DARK - LIGHTED,12,MOTOR VEHICLE IN TRANSPORT,HARDING PL & HARDING MALL DR,NASHVILLE,TN,37211,8705,SOUTH,36.0804,-86.7218,POINT (-86.7218 36.0804)
20190480448,06/25/2019 02:11:00 PM,2,0,0,,Y,256446,5,SIDESWIPE - SAME DIRECTION,21,CLEAR,1,DAYLIGHT,12,MOTOR VEHICLE IN TRANSPORT,FIRESTONE PKWY & OLD HICKORY BLVD,ANTIOCH,TN,37013,8869,SOUTH,36.0168,-86.6199,POINT (-86.6199 36.0168)
20190379622,05/18/2019 12:12:00 AM,1,0,0,,N,299274,0,NOT COLLISION W/MOTOR VEHICLE-TRANSPORT,21,CLEAR,3,DARK - LIGHTED,18,OTHER OBJECT (NOT FIXED),MM 212 7 I 40,NASHVILLE,TN,37210,82060,HERMIT,36.143,-86.737,POINT (-86.737 36.143)
20190002208,01/02/2019 12:00:00 AM,2,1,0,,N,279115,4,ANGLE,21,CLEAR,3,DARK - LIGHTED,12,MOTOR VEHICLE IN TRANSPORT,2500 25TH AVS,NASHVILLE,TN,37212,5717,MIDTOW,36.147,-86.8084,POINT (-86.8084 36.147)
20190310376,04/22/2019 09:13:00 PM,2,1,0,Y,N,256383,4,ANGLE,21,CLEAR,3,DARK - LIGHTED,12,MOTOR VEHICLE IN TRANSPORT,2ND AVS & MILDRED SHUTE AV,NASHVILLE,TN,37210,8143,SOUTH,36.1471,-86.7656,POINT (-86.7656 36.1471)
20190378993,05/17/2019 06:56:00 PM,2,1,0,,Y,256380,2,HEAD-ON,21,CLEAR,1,DAYLIGHT,12,MOTOR VEHICLE IN TRANSPORT,NORTHSIDE STATION PVTDR & HAYNES PARK DR,NASHVILLE,TN,37218,3141,NORTH,36.2096,-86.8369,POINT (-86.8369 36.2096)
20190337121,05/02/2019 07:10:00 AM,2,0,0,,N,279227,11,Front to Rear,21,CLEAR,1,DAYLIGHT,12,MOTOR VEHICLE IN TRANSPORT,MM 61 0 I 24,ANTIOCH,TN,37013,8806,SOUTH,36.0297,-86.6374,POINT (-86.6374 36.0297)
20190096652,02/05/2019 11:27:00 AM,2,0,0,,N,676834,5,SIDESWIPE - SAME DIRECTION,21,CLEAR,1,DAYLIGHT,12,MOTOR VEHICLE IN TRANSPORT,28TH AVN & MEHARRY BLVD,NASHVILLE,TN,37209,4559,NORTH,36.1666,-86.8204,POINT (-86.8204 36.1666)
20190138777,02/20/2019 01:05:00 PM,2,0,0,,N,690942,4,ANGLE,2,RAIN,1,DAYLIGHT,12,MOTOR VEHICLE IN TRANSPORT,8TH AVS & BROADWAY,NASHVILLE,TN,37203,4085,CENTRA,36.1588,-86.782,POINT (-86.782 36.1588)
20190179069,03/06/2019 07:22:00 PM,2,0,0,,Y,256389,5,SIDESWIPE - SAME DIRECTION,21,CLEAR,3,DARK - LIGHTED,12,MOTOR VEHICLE IN TRANSPORT,OAKES DR & HEALTH PARK DR,BRENTWOOD,TN,37027,8623,MIDTOW,36.0408,-86.7735,POINT (-86.7735 36.0408)
20190435171,06/07/2019 09:10:00 PM,1,0,0,,N,256448,0,NOT COLLISION W/MOTOR VEHICLE-TRANSPORT,22,CLOUDY,2,DARK - NOT LIGHTED,16,THROWN OR FALLING OBJECT,ELM HILL PKE & DONELSON PKE,NASHVILLE,TN,37214,9411,HERMIT,36.1485,-86.6651,POINT (-86.6651 36.1485)
20190401017,05/25/2019 10:38:00 PM,2,0,0,,Y,284059,11,Front to Rear,21,CLEAR,3,DARK - LIGHTED,12,MOTOR VEHICLE IN TRANSPORT,CONFERENCE DR & RIVERGATE MALL PVTDR,GOODLETTSVILLE,TN,37072,1751,MADISO,36.3055,-86.6936,POINT (-86.6936 36.3055)
20190071006,01/27/2019 05:30:00 PM,3,3,0,,N,256441,11,Front to Rear,21,CLEAR,7,Dark-Unknown Lighting,12,MOTOR VEHICLE IN TRANSPORT,OLD HICKORY BLVD & SEVEN SPRINGS WAY,BRENTWOOD,TN,37027,8619,MIDTOW,36.0403,-86.7684,POINT (-86.7684 36.0403)
20190309835,04/22/2019 05:20:00 PM,2,0,0,,N,267831,11,Front to Rear,21,CLEAR,1,DAYLIGHT,12,MOTOR VEHICLE IN TRANSPORT,HARDING PKE & WOODLAWN DR,NASHVILLE,TN,37205,6021,WEST,36.1274,-86.8442,POINT (-86.8442 36.1274)
20190574533,08/02/2019 11:33:00 AM,2,0,0,,Y,191578,5,SIDESWIPE - SAME DIRECTION,21,CLEAR,1,DAYLIGHT,12,MOTOR VEHICLE IN TRANSPORT,MURFREESBORO PKE & FESSLERS LN,NASHVILLE,TN,37210,8117,SOUTH,36.1427,-86.744,POINT (-86.744 36.1427)
20190380890,05/18/2019 03:15:00 PM,2,0,0,,N,320601,11,Front to Rear,21,CLEAR,1,DAYLIGHT,12,MOTOR VEHICLE IN TRANSPORT,BELL RD & MT VIEW RD,ANTIOCH,TN,37013,8865,SOUTH,36.05,-86.6496,POINT (-86.6496 36.05)
20190388895,05/21/2019 06:00:00 PM,2,0,0,,N,414711,5,SIDESWIPE - SAME DIRECTION,21,CLEAR,1,DAYLIGHT,12,MOTOR VEHICLE IN TRANSPORT,MM 1 8 I 440,NASHVILLE,TN,37205,6004,WEST,36.1322,-86.8186,POINT (-86.8186 36.1322)
20190320368,04/25/2019 05:39:00 PM,2,0,0,,N,206675,11,Front to Rear,2,RAIN,3,DARK - LIGHTED,12,MOTOR VEHICLE IN TRANSPORT,MM 210 2 I 40,NASHVILLE,TN,37203,80021,MIDTOW,36.1493,-86.7736,POINT (-86.7736 36.1493)
20190214525,03/19/2019 03:06:00 PM,1,0,0,,N,256383,0,NOT COLLISION W/MOTOR VEHICLE-TRANSPORT,21,CLEAR,1,DAYLIGHT,18,OTHER OBJECT (NOT FIXED),MM 60 2 I 24,ANTIOCH,TN,37013,88060,SOUTH,36.038,-86.6467,POINT (-86.6467 36.038)
20190505314,07/04/2019 11:55:00 PM,2,0,0,,Y,660929,6,SIDESWIPE - OPPOSITE DIRECTION,21,CLEAR,2,DARK - NOT LIGHTED,12;25,MOTOR VEHICLE IN TRANSPORT;GUARDRAIL END,0 OLD HICKORY,OLD HICKORY,TN,37138,9611,HERMIT,36.2547,-86.6512,POINT (-86.6512 36.2547)
20190332154,04/30/2019 02:10:00 PM,2,0,0,,N,591936,11,Front to Rear,21,CLEAR,1,DAYLIGHT,12,MOTOR VEHICLE IN TRANSPORT,CRAIGHEAD ST & WHITE AV,NASHVILLE,TN,37204,6921,MIDTOW,36.1267,-86.7743,POINT (-86.7743 36.1267)
20190542018,07/20/2019 07:53:00 AM,2,0,0,,N,279122,11,Front to Rear,21,CLEAR,1,DAYLIGHT,12,MOTOR VEHICLE IN TRANSPORT,JOHN MALLETTE DR & COUNTY HOSPITAL RD,NASHVILLE,TN,37218,3117,NORTH,36.1934,-86.8337,POINT (-86.8337 36.1934)
20190049807,01/19/2019 05:45:00 PM,2,0,0,,N,240979,11,Front to Rear,21,CLEAR,3,DARK - LIGHTED,12,MOTOR VEHICLE IN TRANSPORT,GALLATIN PKEN & OLD TIME VILLAGE PVTDR,MADISON,TN,37115,1701,MADISO,36.2638,-86.7117,POINT (-86.7117 36.2638)
20190156364,02/26/2019 10:52:00 AM,2,0,0,,Y,330428,4,ANGLE,21,CLEAR,1,DAYLIGHT,14,PARKED MOTOR VEHICLE,CRESTMOOR RD & CLEGHORN AV,NASHVILLE,TN,37215,6109,WEST,36.1097,-86.8168,POINT (-86.8168 36.1097)
20190541958,07/20/2019 07:05:00 AM,1,0,0,Y,N,140790,0,NOT COLLISION W/MOTOR VEHICLE-TRANSPORT,22,CLOUDY,1,DAYLIGHT,18;40,OTHER OBJECT (NOT FIXED);MAIL BOX,TULIP GROVE RD & STROMBURY DR,HERMITAGE,TN,37076,9513,HERMIT,36.1876,-86.5934,POINT (-86.5934 36.1876)
20190254574,04/02/2019 05:46:00 PM,2,1,0,,N,690942,4,ANGLE,21,CLEAR,1,DAYLIGHT,12,MOTOR VEHICLE IN TRANSPORT,7TH AVN & UNION ST,NASHVILLE,TN,37219,4143,CENTRA,36.1633,-86.7834,POINT (-86.7834 36.1633)
20190306570,04/21/2019 01:53:00 PM,2,0,0,,N,812949,11,Front to Rear,21,CLEAR,1,DAYLIGHT,12,MOTOR VEHICLE IN TRANSPORT,29TH AVN & JOHN A MERRITT BLVD,NASHVILLE,TN,37209,4521,NORTH,36.1679,-86.8214,POINT (-86.8214 36.1679)
20190354038,05/08/2019 04:34:00 PM,2,0,0,,N,240957,11,Front to Rear,21,CLEAR,1,DAYLIGHT,12,MOTOR VEHICLE IN TRANSPORT,HARDING PL & DANBY DR,NASHVILLE,TN,37211,8607,MIDTOW,36.0786,-86.7452,POINT (-86.7452 36.0786)
20190476708,06/24/2019 07:45:00 AM,2,0,0,,N,226622,4,ANGLE,2,RAIN,1,DAYLIGHT,12,MOTOR VEHICLE IN TRANSPORT,MEDICAL CENTER DR & 21ST AVS,NASHVILLE,TN,37240,5805,MIDTOW,36.1428,-86.8,POINT (-86.8 36.1428)
20190432321,06/06/2019 06:32:00 PM,1,1,0,,N,281611,0,NOT COLLISION W/MOTOR VEHICLE-TRANSPORT,2,RAIN,1,DAYLIGHT,34,DITCH,NATCHEZ TRACE PKWY RAMP & NATCHEZ TRACE,NASHVILLE,TN,37221,4803,WEST,36.0368,-86.9767,POINT (-86.9767 36.0368)
20190399555,05/25/2019 05:20:00 AM,1,0,0,,N,311326,0,NOT COLLISION W/MOTOR VEHICLE-TRANSPORT,21,CLEAR,1,DAYLIGHT,33,CURB,CHARLOTTE AV & 17TH AVN,NASHVILLE,TN,37203,5425,NORTH,36.1591,-86.7976,POINT (-86.7976 36.1591)
20190257024,04/03/2019 12:30:00 PM,1,1,0,Y,N,224955,0,NOT COLLISION W/MOTOR VEHICLE-TRANSPORT,21,CLEAR,1,DAYLIGHT,43;63,OTHER FIXED OBJECTS;Ran Off Road-Right,WESTCHESTER DR & KEMPER DRN,MADISON,TN,37115,2039,MADISO,36.2657,-86.7494,POINT (-86.7494 36.2657)
20190419331,06/01/2019 12:00:00 AM,2,0,0,,Y,298861,11,Front to Rear,21,CLEAR,1,DAYLIGHT,12,MOTOR VEHICLE IN TRANSPORT,MM 49 6 I 24,NASHVILLE,TN,37210,4008,CENTRA,36.1571,-86.7604,POINT (-86.7604 36.1571)
20190166963,03/02/2019 02:45:00 PM,2,0,0,,N,209184,4,ANGLE,21,CLEAR,1,DAYLIGHT,12,MOTOR VEHICLE IN TRANSPORT,HAMILTON CHURCH RD & MURFREESBORO PKE,ANTIOCH,TN,37013,8865,SOUTH,36.0645,-86.6288,POINT (-86.6288 36.0645)
20190103244,02/07/2019 02:04:00 PM,2,3,0,,N,405391,6,SIDESWIPE - OPPOSITE DIRECTION,22,CLOUDY,1,DAYLIGHT,12;34,MOTOR VEHICLE IN TRANSPORT;DITCH,RIVER ROAD PKE & RIVER ROAD PKE PVTDR,NASHVILLE,TN,37209,4705,WEST,36.2021,-86.9796,POINT (-86.9796 36.2021)
20190345411,05/05/2019 07:11:00 PM,1,1,0,,N,240979,0,NOT COLLISION W/MOTOR VEHICLE-TRANSPORT,21,CLEAR,1,DAYLIGHT,7,,BRICK CHURCH PKE & AUTUMN RIDGE DR,NASHVILLE,TN,37207,2103,MADISO,36.2837,-86.7852,POINT (-86.7852 36.2837)
20190537072,07/18/2019 11:36:00 AM,2,0,0,,Y,580819,4,ANGLE,22,CLOUDY,1,DAYLIGHT,12,MOTOR VEHICLE IN TRANSPORT,CHARLOTTE AV & GEORGE L DAVIS BLVD,NASHVILLE,TN,37203,4205,CENTRA,36.1612,-86.7927,POINT (-86.7927 36.1612)
20190135649,02/19/2019 12:38:00 PM,2,0,0,,N,134899,5,SIDESWIPE - SAME DIRECTION,22,CLOUDY,1,DAYLIGHT,12,MOTOR VEHICLE IN TRANSPORT,MURFREESBORO PKE & FESSLERS LN,NASHVILLE,TN,37210,8117,SOUTH,36.1427,-86.744,POINT (-86.744 36.1427)
20190126545,02/15/2019 08:25:00 PM,2,0,0,,Y,161939,5,SIDESWIPE - SAME DIRECTION,2,RAIN,3,DARK - LIGHTED,12,MOTOR VEHICLE IN TRANSPORT,MURFREESBORO PKE & BELL RD,ANTIOCH,TN,37013,8861,SOUTH,36.072,-86.636,POINT (-86.636 36.072)
20190025269,01/10/2019 03:10:00 PM,2,1,0,,N,330411,11,Front to Rear,21,CLEAR,1,DAYLIGHT,12,MOTOR VEHICLE IN TRANSPORT,I24 W ENT RAMP & I 40,NASHVILLE,TN,37217,8818,HERMIT,36.1397,-86.7275,POINT (-86.7275 36.1397)
20190473720,06/22/2019 05:44:00 PM,2,2,0,,N,320585,11,Front to Rear,21,CLEAR,1,DAYLIGHT,12,MOTOR VEHICLE IN TRANSPORT,MM 215 6 I 40,NASHVILLE,TN,37214,9102,HERMIT,36.1431,-86.6845,POINT (-86.6845 36.1431)
20190537713,07/18/2019 04:53:00 PM,2,0,0,,N,320585,4,ANGLE,21,CLEAR,1,DAYLIGHT,12,MOTOR VEHICLE IN TRANSPORT,OLD HICKORY BLVD & BURNING TREE DR,HERMITAGE,TN,37076,9557,HERMIT,36.1742,-86.6019,POINT (-86.6019 36.1742)
20190449886,06/13/2019 03:10:00 PM,2,0,0,,N,420040,2,HEAD-ON,21,CLEAR,1,DAYLIGHT,12,MOTOR VEHICLE IN TRANSPORT,31ST AVS & VANDERBILT PL,NASHVILLE,TN,37212,5813,MIDTOW,36.1412,-86.8145,POINT (-86.8145 36.1412)
20190047320,01/18/2019 01:30:00 PM,2,0,0,,Y,320579,4,ANGLE,22,CLOUDY,1,DAYLIGHT,12;14,MOTOR VEHICLE IN TRANSPORT;PARKED MOTOR VEHICLE,SHELTON AV & WINDSOR AV,NASHVILLE,TN,37216,1439,EAST,36.2094,-86.7304,POINT (-86.7304 36.2094)
20190526738,07/14/2019 01:00:00 PM,2,0,0,,N,306231,11,Front to Rear,22,CLOUDY,1,DAYLIGHT,12,MOTOR VEHICLE IN TRANSPORT,MM 87 5 I 65,NASHVILLE,TN,37207,1804,EAST,36.2091,-86.776,POINT (-86.776 36.2091)
20190344532,05/05/2019 07:20:00 AM,1,0,0,,N,212369,0,NOT COLLISION W/MOTOR VEHICLE-TRANSPORT,22,CLOUDY,1,DAYLIGHT,42,TREE,I65 S EXT RAMP & I 65,MADISON,TN,37115,20044,MADISO,36.2481,-86.743,POINT (-86.743 36.2481)
20190422172,06/03/2019 07:20:00 AM,2,0,0,,N,225773,5,SIDESWIPE - SAME DIRECTION,21,CLEAR,1,DAYLIGHT,12,MOTOR VEHICLE IN TRANSPORT,TROUSDALE DR & HARDING PL,NASHVILLE,TN,37211,8603,MIDTOW,36.0808,-86.7584,POINT (-86.7584 36.0808)
20190416445,05/31/2019 02:51:00 PM,2,0,0,,N,256384,11,Front to Rear,21,CLEAR,1,DAYLIGHT,12,MOTOR VEHICLE IN TRANSPORT,POLK AV & MURFREESBORO PKE,NASHVILLE,TN,37210,8161,SOUTH,36.1424,-86.7429,POINT (-86.7429 36.1424)
20190574456,08/02/2019 10:51:00 AM,2,1,0,,N,298864,6,SIDESWIPE - OPPOSITE DIRECTION,21,CLEAR,1,DAYLIGHT,12,MOTOR VEHICLE IN TRANSPORT,LAKEWOOD DR & GALLATIN PKES,MADISON,TN,37115,1517,MADISO,36.2444,-86.7222,POINT (-86.7222 36.2444)
20190337708,05/02/2019 11:30:00 AM,3,0,0,,Y,320586,11,Front to Rear,21,CLEAR,1,DAYLIGHT,12,MOTOR VEHICLE IN TRANSPORT,MM 6 8 I 440,NASHVILLE,TN,37210,81040,SOUTH,36.1244,-86.7398,POINT (-86.7398 36.1244)
20190207603,03/17/2019 09:47:00 AM,1,1,0,Y,N,591936,0,NOT COLLISION W/MOTOR VEHICLE-TRANSPORT,21,CLEAR,1,DAYLIGHT,18;39,OTHER OBJECT (NOT FIXED);WALL,MM 4 5 I 440,NASHVILLE,TN,37204,7014,MIDTOW,36.1157,-86.7807,POINT (-86.7807 36.1157)
20190131633,02/18/2019 05:59:00 AM,2,0,0,,Y,161952,5,SIDESWIPE - SAME DIRECTION,21,CLEAR,2,DARK - NOT LIGHTED,12,MOTOR VEHICLE IN TRANSPORT,MM 53 3 I 24,NASHVILLE,TN,37210,88141,SOUTH,36.1146,-86.7245,POINT (-86.7245 36.1146)
20190456332,06/16/2019 01:24:00 AM,1,0,0,,N,311341,0,NOT COLLISION W/MOTOR VEHICLE-TRANSPORT,21,CLEAR,3,DARK - LIGHTED,2;36,CONCRETE TRAFFIC BARRIER,HIGHWAY 100 & PERCY WARNER BLVD,NASHVILLE,TN,37221,6211,WEST,36.0842,-86.8829,POINT (-86.8829 36.0842)
20190510328,07/07/2019 11:41:00 AM,2,0,0,,N,332253,4,ANGLE,22,CLOUDY,1,DAYLIGHT,12,MOTOR VEHICLE IN TRANSPORT,DICKERSON PKES & HILLCREST RD,GOODLETTSVILLE,TN,37072,2111,MADISO,36.2864,-86.7451,POINT (-86.7451 36.2864)