Accident Number,Date and Time,Number of Motor Vehicles,Number of Injuries,Number of Fatalities,Property Damage,Hit and Run,Reporting Officer,Collision Type Code,Collision Type Description,Weather Code,Weather Description,Illumination Code,Illumination Description,Harmful Code,Harmful Code Description,Street Address,City,State,ZIP,RPA,Precinct,Latitude,Longitude,Mapped Location
20190022691,01/09/2019 05:25:00 PM,3,0,0,,N,256448,11,Front to Rear,21,CLEAR,1,DAYLIGHT,12,MOTOR VEHICLE IN TRANSPORT,ELM HILL PKE & ERMAC DR,NASHVILLE,TN,37214,9101,HERMIT,36.1534,-86.6867,POINT (-86.6867 36.1534)
20190353618,05/08/2019 01:44:00 PM,2,1,0,,N,352214,11,Front to Rear,21,CLEAR,1,DAYLIGHT,12,MOTOR VEHICLE IN TRANSPORT,MURFREESBORO PKE & PHILFRE CT,NASHVILLE,TN,37211,8803,SOUTH,36.078,-86.6829,POINT (-86.6829 36.078)
20190486563,06/27/2019 05:38:00 PM,1,0,0,,N,524985,0,NOT COLLISION W/MOTOR VEHICLE-TRANSPORT,21,CLEAR,1,DAYLIGHT,18,OTHER OBJECT (NOT FIXED),MM 87 9 I 65,NASHVILLE,TN,37207,30041,NORTH,36.2151,-86.7754,POINT (-86.7754 36.2151)
20190452361,06/14/2019 09:51:00 AM,1,1,0,Y,N,676834,0,NOT COLLISION W/MOTOR VEHICLE-TRANSPORT,21,CLEAR,1,DAYLIGHT,1;30,UTILITY POLE,WHITES CREEK PKE & BEAR HOLLOW RD,JOELTON,TN,37080,3307,NORTH,36.3025,-86.8579,POINT (-86.8579 36.3025)
20190340552,05/03/2019 11:40:00 AM,2,0,0,,N,311339,4,ANGLE,21,CLEAR,1,DAYLIGHT,12,MOTOR VEHICLE IN TRANSPORT,2ND AVS & LINDSLEY AV,NASHVILLE,TN,37210,4005,CENTRA,36.1524,-86.769,POINT (-86.769 36.1524)
20190263704,04/05/2019 08:12:00 PM,2,1,0,,Y,206682,11,Front to Rear,21,CLEAR,3,DARK - LIGHTED,12,MOTOR VEHICLE IN TRANSPORT,GALLATIN PKES & HARRIS ST,MADISON,TN,37115,1605,MADISO,36.2586,-86.7135,POINT (-86.7135 36.2586)
20190382787,05/19/2019 12:41:00 PM,2,0,0,,N,212369,5,SIDESWIPE - SAME DIRECTION,22,CLOUDY,1,DAYLIGHT,12,MOTOR VEHICLE IN TRANSPORT,20TH AVN & HUBBS ALY,NASHVILLE,TN,37203,5511,MIDTOW,36.1539,-86.8012,POINT (-86.8012 36.1539)
20190579231,08/03/2019 08:39:00 PM,2,0,0,,Y,256428,5,SIDESWIPE - SAME DIRECTION,21,CLEAR,3,DARK - LIGHTED,12;14,MOTOR VEHICLE IN TRANSPORT;PARKED MOTOR VEHICLE,COTTAGE PARK DR & PINE RIDGE DR,NASHVILLE,TN,37207,1827,EAST,36.2223,-86.7653,POINT (-86.7653 36.2223)
20190547973,07/22/2019 11:20:00 PM,2,0,0,,N,279201,0,NOT COLLISION W/MOTOR VEHICLE-TRANSPORT,2,RAIN,2,DARK - NOT LIGHTED,24,GUARDRAIL FACE,MM 212 9 I 40,NASHVILLE,TN,37210,82061,HERMIT,36.1404,-86.7312,POINT (-86.7312 36.1404)
20190338575,05/02/2019 05:05:00 PM,2,0,0,,Y,206675,9,UNKNOWN,21,CLEAR,1,DAYLIGHT,12,MOTOR VEHICLE IN TRANSPORT,POSTON AV & 27TH AVN,NASHVILLE,TN,37203,5625,MIDTOW,36.1466,-86.8126,POINT (-86.8126 36.1466)
20190208028,03/17/2019 02:45:00 PM,2,0,0,,Y,320577,11,Front to Rear,21,CLEAR,1,DAYLIGHT,12,MOTOR VEHICLE IN TRANSPORT,MM 209 6 I 40,NASHVILLE,TN,37203,68021,MIDTOW,36.1494,-86.7836,POINT (-86.7836 36.1494)
20190257819,04/03/2019 05:55:00 PM,2,0,0,,Y,633391,5,SIDESWIPE - SAME DIRECTION,21,CLEAR,1,DAYLIGHT,12,MOTOR VEHICLE IN TRANSPORT,CHARLOTTE AV & MORROW RD,NASHVILLE,TN,37209,5119,WEST,36.1516,-86.8521,POINT (-86.8521 36.1516)
20190522822,07/12/2019 04:10:00 PM,2,0,0,,N,151132,4,ANGLE,21,CLEAR,1,DAYLIGHT,12,MOTOR VEHICLE IN TRANSPORT,GALLATIN PKEN & OLD TIME VILLAGE PVTDR,MADISON,TN,37115,1701,MADISO,36.2638,-86.7117,POINT (-86.7117 36.2638)
20190308640,04/22/2019 09:49:00 AM,2,1,0,,N,226136,4,ANGLE,21,CLEAR,1,DAYLIGHT,12,MOTOR VEHICLE IN TRANSPORT,21ST AVN & PATTERSON ST,NASHVILLE,TN,37203,5509,MIDTOW,36.1544,-86.8041,POINT (-86.8041 36.1544)
20190514513,07/09/2019 01:30:00 PM,3,2,0,,Y,191578,11,Front to Rear,21,CLEAR,1,DAYLIGHT,12,MOTOR VEHICLE IN TRANSPORT,OLD HICKORY BLVD & FRIST BLVD,HERMITAGE,TN,37076,9561,HERMIT,36.1821,-86.6076,POINT (-86.6076 36.1821)
20190402239,05/26/2019 12:20:00 PM,2,0,0,,N,405424,11,Front to Rear,21,CLEAR,1,DAYLIGHT,14,PARKED MOTOR VEHICLE,COUCHVILLE PKE & ANDERSON RD,NASHVILLE,TN,37217,8983,HERMIT,36.107,-86.602,POINT (-86.602 36.107)
20190368864,05/14/2019 01:05:00 PM,2,0,0,Y,N,320574,98,OTHER,21,CLEAR,1,DAYLIGHT,12,MOTOR VEHICLE IN TRANSPORT,I24 W ENT RAMP & I 40,NASHVILLE,TN,37217,8818,HERMIT,36.1397,-86.7275,POINT (-86.7275 36.1397)
20190064458,01/25/2019 03:00:00 AM,1,0,0,,N,299270,0,NOT COLLISION W/MOTOR VEHICLE-TRANSPORT,21,CLEAR,3,DARK - LIGHTED,30;33,UTILITY POLE;CURB,DIVISION ST & 9TH AVS,NASHVILLE,TN,37203,4011,CENTRA,36.1502,-86.7809,POINT (-86.7809 36.1502)
20190027178,01/11/2019 08:16:00 AM,2,0,0,,N,306708,11,Front to Rear,21,CLEAR,1,DAYLIGHT,12,MOTOR VEHICLE IN TRANSPORT,SHELBY AV & I24 W ENT RAMP,NASHVILLE,TN,37213,1002,CENTRA,36.1666,-86.7649,POINT (-86.7649 36.1666)
20190286716,04/14/2019 04:45:00 PM,2,0,0,,N,693098,4,ANGLE,21,CLEAR,1,DAYLIGHT,12,MOTOR VEHICLE IN TRANSPORT,HAMPTON AV & BOWLING AV,NASHVILLE,TN,37215,6013,WEST,36.1175,-86.8266,POINT (-86.8266 36.1175)
20190110247,02/10/2019 11:33:00 AM,2,0,0,,Y,419952,4,ANGLE,2,RAIN,1,DAYLIGHT,14;55,PARKED MOTOR VEHICLE;Motor Vehicle-In-Motion Outside Trafficw,HIGHWAY 70S & BELLEVUE CTR PVTDR,NASHVILLE,TN,37221,4811,WEST,36.0785,-86.9508,POINT (-86.9508 36.0785)
20190508639,07/06/2019 11:41:00 AM,2,0,0,,N,345098,5,SIDESWIPE - SAME DIRECTION,21,CLEAR,1,DAYLIGHT,12,MOTOR VEHICLE IN TRANSPORT,I40 W EXT RAMP & I 40,NASHVILLE,TN,37203,4119,CENTRA,36.1574,-86.79,POINT (-86.79 36.1574)
20190329591,04/29/2019 03:05:00 PM,2,0,0,,Y,240966,11,Front to Rear,21,CLEAR,1,DAYLIGHT,12;14,MOTOR VEHICLE IN TRANSPORT;PARKED MOTOR VEHICLE,HANCOCK ST & DICKERSON PKE,NASHVILLE,TN,37207,1953,EAST,36.1844,-86.7737,POINT (-86.7737 36.1844)
20190001191,01/01/2019 02:03:00 PM,3,0,0,,N,191578,11,Front to Rear,22,CLOUDY,1,DAYLIGHT,12,MOTOR VEHICLE IN TRANSPORT,OPRYLAND DR & MUSIC VALLEY DR,NASHVILLE,TN,37214,9209,HERMIT,36.2171,-86.6964,POINT (-86.6964 36.2171)
20190200495,03/14/2019 02:32:00 PM,2,0,0,,N,716886,11,Front to Rear,2,RAIN,1,DAYLIGHT,12;34,MOTOR VEHICLE IN TRANSPORT;DITCH,ANTIOCH PKE & HARDING INDUSTRIAL DR,NASHVILLE,TN,37211,8845,SOUTH,36.0941,-86.6996,POINT (-86.6996 36.0941)
20190542730,07/20/2019 04:34:00 PM,2,0,0,,Y,352198,4,ANGLE,21,CLEAR,1,DAYLIGHT,14,PARKED MOTOR VEHICLE,7600 SAWYER BROWN RD,NASHVILLE,TN,37221,4815,WEST,36.1049,-86.9312,POINT (-86.9312 36.1049)
20190173818,03/05/2019 07:02:00 AM,2,0,0,,Y,676834,11,Front to Rear,21,CLEAR,1,DAYLIGHT,12,MOTOR VEHICLE IN TRANSPORT,KINGS LN & QUEENS LN,NASHVILLE,TN,37218,3209,NORTH,36.2162,-86.8623,POINT (-86.8623 36.2162)
20190375917,05/16/2019 06:45:00 PM,2,0,0,,N,352195,5,SIDESWIPE - SAME DIRECTION,21,CLEAR,1,DAYLIGHT,12,MOTOR VEHICLE IN TRANSPORT,MM 94 4 I 65,MADISON,TN,37115,17042,MADISO,36.2921,-86.7207,POINT (-86.7207 36.2921)
20190234290,03/26/2019 10:20:00 AM,2,0,0,,N,262757,4,ANGLE,21,CLEAR,1,DAYLIGHT,12,MOTOR VEHICLE IN TRANSPORT,LEBANON PKE & BRILEY PKWY S EXT RAMP,NASHVILLE,TN,37214,9027,HERMIT,36.1682,-86.6899,POINT (-86.6899 36.1682)
20190157778,02/27/2019 05:55:00 AM,2,0,0,Y,N,256382,4,ANGLE,21,CLEAR,3,DARK - LIGHTED,12,MOTOR VEHICLE IN TRANSPORT,WOODBERRY DR & AIRWOOD DR,NASHVILLE,TN,37214,9119,HERMIT,36.1585,-86.6765,POINT (-86.6765 36.1585)
20190216367,03/20/2019 07:30:00 AM,2,0,0,,N,320586,11,Front to Rear,21,CLEAR,1,DAYLIGHT,12,MOTOR VEHICLE IN TRANSPORT,BRILEY PKWYN & BRILEY PKWYS,NASHVILLE,TN,37211,8404,SOUTH,36.1092,-86.727,POINT (-86.727 36.1092)
20190480810,06/25/2019 06:07:00 PM,2,0,0,,N,197068,5,SIDESWIPE - SAME DIRECTION,21,CLEAR,1,DAYLIGHT,12,MOTOR VEHICLE IN TRANSPORT,MM 47 8 I 24,NASHVILLE,TN,37207,1904,CENTRA,36.1775,-86.7731,POINT (-86.7731 36.1775)
20190245114,03/29/2019 10:51:00 PM,2,0,0,,N,134867,5,SIDESWIPE - SAME DIRECTION,21,CLEAR,3,DARK - LIGHTED,12,MOTOR VEHICLE IN TRANSPORT,MM 49 3 I 24,NASHVILLE,TN,37206,10040,EAST,36.1629,-86.7614,POINT (-86.7614 36.1629)
20190326213,04/28/2019 12:00:00 AM,2,1,0,Y,N,332253,9,UNKNOWN,21,CLEAR,9,UNKNOWN,13;14;19;64,MOTOR VEHICLE IN TRANSPORT-OTHER ROADWAY;PARKED MOTOR VEHICLE;BUILDING;Ran Off Road-Left,LARKIN SPRINGS RD & NEW PROVIDENCE PASS,MADISON,TN,37115,1635,MADISO,36.2589,-86.685,POINT (-86.685 36.2589)
20190143344,02/21/2019 11:52:00 PM,2,1,0,,Y,320584,4,ANGLE,2,RAIN,3,DARK - LIGHTED,12,MOTOR VEHICLE IN TRANSPORT,I24 W EXT RAMP & I 24,NASHVILLE,TN,37211,8829,SOUTH,36.1074,-86.7197,POINT (-86.7197 36.1074)
20190219645,03/21/2019 07:32:00 AM,2,0,0,,N,405391,11,Front to Rear,21,CLEAR,1,DAYLIGHT,12,MOTOR VEHICLE IN TRANSPORT,MM 200 8 I 40,NASHVILLE,TN,37209,4708,WEST,36.1281,-86.9012,POINT (-86.9012 36.1281)
20190438574,06/09/2019 10:25:00 AM,2,2,0,,N,212369,4,ANGLE,21,CLEAR,1,DAYLIGHT,12,MOTOR VEHICLE IN TRANSPORT,OLD HICKORY BLVD & BRENTWOOD TRC,BRENTWOOD,TN,37027,8623,MIDTOW,36.0411,-86.7762,POINT (-86.7762 36.0411)
20190030889,01/12/2019 06:45:00 PM,2,0,0,,Y,279214,4,ANGLE,2,RAIN,3,DARK - LIGHTED,12,MOTOR VEHICLE IN TRANSPORT,WEDGEWOOD AV & 8TH AVS,NASHVILLE,TN,37204,6919,MIDTOW,36.1343,-86.7796,POINT (-86.7796 36.1343)
20190496253,07/01/2019 05:49:00 PM,2,1,0,,N,212322,11,Front to Rear,21,CLEAR,1,DAYLIGHT,12,MOTOR VEHICLE IN TRANSPORT,EZELL PKE & HARDING PL,NASHVILLE,TN,37211,8847,SOUTH,36.0896,-86.6885,POINT (-86.6885 36.0896)
20190028440,01/11/2019 05:20:00 PM,4,2,0,,N,161939,11,Front to Rear,21,CLEAR,3,DARK - LIGHTED,12,MOTOR VEHICLE IN TRANSPORT,NOLENSVILLE PKE & MILL CREEK WHITTLEMORE,ANTIOCH,TN,37013,8757,SOUTH,36.0431,-86.713,POINT (-86.713 36.0431)
20190522609,07/12/2019 02:48:00 PM,1,2,0,,N,256501,0,NOT COLLISION W/MOTOR VEHICLE-TRANSPORT,21,CLEAR,1,DAYLIGHT,1,,CLARKSVILLE PKE & ABERNATHY RD,NASHVILLE,TN,37218,3163,NORTH,36.203,-86.8405,POINT (-86.8405 36.203)
20190142421,02/21/2019 01:40:00 PM,2,0,0,,Y,311338,5,SIDESWIPE - SAME DIRECTION,2,RAIN,1,DAYLIGHT,14,PARKED MOTOR VEHICLE,GLADE ST & LIBERIA ST,NASHVILLE,TN,37207,3005,NORTH,36.2037,-86.7834,POINT (-86.7834 36.2037)
20190100210,02/06/2019 12:40:00 PM,2,0,0,,N,226136,11,Front to Rear,2,RAIN,1,DAYLIGHT,12,MOTOR VEHICLE IN TRANSPORT,ORLEANS DR & ACKLEN AV,NASHVILLE,TN,37212,5817,MIDTOW,36.1393,-86.8177,POINT (-86.8177 36.1393)
20190269347,04/08/2019 07:29:00 AM,2,0,0,,N,909494,11,Front to Rear,2,RAIN,1,DAYLIGHT,12,MOTOR VEHICLE IN TRANSPORT,ELLINGTON PKWY S ENT RAMP & ELLINGTON PK,NASHVILLE,TN,37207,1855,EAST,36.2032,-86.7516,POINT (-86.7516 36.2032)
20190356207,05/09/2019 11:40:00 AM,2,0,0,,N,352204,5,SIDESWIPE - SAME DIRECTION,2,RAIN,1,DAYLIGHT,12,MOTOR VEHICLE IN TRANSPORT,RICHARD JONES RD & HILLSBORO PKE,NASHVILLE,TN,37215,6405,MIDTOW,36.1047,-86.8126,POINT (-86.8126 36.1047)
20190118613,02/13/2019 07:11:00 AM,2,0,0,,N,226136,11,Front to Rear,21,CLEAR,1,DAYLIGHT,12,MOTOR VEHICLE IN TRANSPORT,MM 79 7 I 65,NASHVILLE,TN,37204,8504,MIDTOW,36.1092,-86.7698,POINT (-86.7698 36.1092)
20190425760,06/04/2019 12:20:00 PM,2,0,0,,Y,226092,11,Front to Rear,21,CLEAR,1,DAYLIGHT,12,MOTOR VEHICLE IN TRANSPORT,I40 E EXT RAMP & I 40,NASHVILLE,TN,37214,8955,HERMIT,36.155,-86.6271,POINT (-86.6271 36.155)
20190033028,01/13/2019 08:08:00 PM,2,1,0,,N,320597,4,ANGLE,22,CLOUDY,3,DARK - LIGHTED,12,MOTOR VEHICLE IN TRANSPORT,MURFREESBORO PKE & BELL RD,ANTIOCH,TN,37013,8865,SOUTH,36.072,-86.636,POINT (-86.636 36.072)
20190278290,04/11/2019 09:00:00 AM,2,0,0,,N,676834,11,Front to Rear,21,CLEAR,1,DAYLIGHT,12,MOTOR VEHICLE IN TRANSPORT,JEFFERSON ST & ROSA L PARKS BLVD,NASHVILLE,TN,37208,4239,NORTH,36.1733,-86.7914,POINT (-86.7914 36.1733)
20190368607,05/14/2019 11:12:00 AM,2,1,0,,N,473670,11,Front to Rear,21,CLEAR,1,DAYLIGHT,12,MOTOR VEHICLE IN TRANSPORT,BRILEY PKWYE & GALLATIN PKE,NASHVILLE,TN,37216,15921,EAST,36.235,-86.725,POINT (-86.725 36.235)
20190378826,05/17/2019 04:50:00 PM,2,0,0,,Y,807344,4,ANGLE,21,CLEAR,1,DAYLIGHT,12;14,MOTOR VEHICLE IN TRANSPORT;PARKED MOTOR VEHICLE,3RD AVS & LINDSLEY AV,NASHVILLE,TN,37210,4005,CENTRA,36.152,-86.77,POINT (-86.77 36.152)
20190165114,03/01/2019 07:05:00 PM,2,0,0,,N,320582,4,ANGLE,21,CLEAR,3,DARK - LIGHTED,12,MOTOR VEHICLE IN TRANSPORT,W TRINITY LN & LUCAS LN,NASHVILLE,TN,37207,1863,EAST,36.2061,-86.7711,POINT (-86.7711 36.2061)
20190506127,07/05/2019 08:52:00 AM,2,0,0,,N,716886,16,Rear to Side,21,CLEAR,1,DAYLIGHT,14,PARKED MOTOR VEHICLE,TARMAC WAY & MINT LEAF DR,ANTIOCH,TN,37013,8759,SOUTH,36.0136,-86.6932,POINT (-86.6932 36.0136)
20190554803,07/25/2019 12:00:00 AM,2,0,0,,Y,620072,11,Front to Rear,21,CLEAR,1,DAYLIGHT,12,MOTOR VEHICLE IN TRANSPORT,CHARLOTTE AV & 26TH AVN,NASHVILLE,TN,37209,5341,MIDTOW,36.1545,-86.8156,POINT (-86.8156 36.1545)
20190562499,07/28/2019 06:44:00 PM,2,1,0,,N,429193,11,Front to Rear,21,CLEAR,1,DAYLIGHT,12,MOTOR VEHICLE IN TRANSPORT,HIGHWAY 70 & CHARLOTTE PKE,NASHVILLE,TN,37221,4713,WEST,36.0917,-86.9816,POINT (-86.9816 36.0917)
20190565666,07/29/2019 11:00:00 PM,2,0,0,,Y,807927,9,UNKNOWN,21,CLEAR,3,DARK - LIGHTED,12;14,MOTOR VEHICLE IN TRANSPORT;PARKED MOTOR VEHICLE,4600 BUCKPASSER,ANTIOCH,TN,37013,8927,SOUTH,36.0633,-86.6158,POINT (-86.6158 36.0633)
20190270491,04/08/2019 04:35:00 PM,2,2,0,,N,299253,11,Front to Rear,22,CLOUDY,1,DAYLIGHT,12,MOTOR VEHICLE IN TRANSPORT,DOUGLAS AV & CLINE AV,NASHVILLE,TN,37206,1933,EAST,36.1933,-86.7516,POINT (-86.7516 36.1933)
20190318812,04/25/2019 08:13:00 AM,2,0,0,,N,755026,11,Front to Rear,21,CLEAR,1,DAYLIGHT,12,MOTOR VEHICLE IN TRANSPORT,I24E & I440 W ENT RAMP,NASHVILLE,TN,37210,81020,SOUTH,36.1301,-86.7273,POINT (-86.7273 36.1301)
20190198849,03/14/2019 12:37:00 AM,1,2,0,,N,320600,0,NOT COLLISION W/MOTOR VEHICLE-TRANSPORT,21,CLEAR,2,DARK - NOT LIGHTED,36,CONCRETE TRAFFIC BARRIER,MM 202 1 I 40,NASHVILLE,TN,37209,46027,WEST,36.1409,-86.8863,POINT (-86.8863 36.1409)
20190385656,05/20/2019 04:48:00 PM,3,0,0,,N,256426,5,SIDESWIPE - SAME DIRECTION,21,CLEAR,1,DAYLIGHT,12,MOTOR VEHICLE IN TRANSPORT,BRILEY PKWYS & BRILEY PKWYN,NASHVILLE,TN,37218,3212,NORTH,36.2142,-86.8724,POINT (-86.8724 36.2142)
20190182072,03/07/2019 06:39:00 PM,4,1,0,,N,256383,6,SIDESWIPE - OPPOSITE DIRECTION,21,CLEAR,3,DARK - LIGHTED,12,MOTOR VEHICLE IN TRANSPORT,BELL RD & BRENTRIDGE DR,ANTIOCH,TN,37013,8755,SOUTH,36.0465,-86.6834,POINT (-86.6834 36.0465)
20190272645,04/09/2019 11:22:00 AM,2,0,0,,N,225773,5,SIDESWIPE - SAME DIRECTION,21,CLEAR,1,DAYLIGHT,12,MOTOR VEHICLE IN TRANSPORT,THOMPSON LN & W IRIS DR,NASHVILLE,TN,37204,8527,MIDTOW,36.1124,-86.768,POINT (-86.768 36.1124)
20190010198,01/04/2019 06:33:00 PM,2,0,0,,Y,299266,11,Front to Rear,2,RAIN,3,DARK - LIGHTED,12,MOTOR VEHICLE IN TRANSPORT,MM 58 2 I 24,ANTIOCH,TN,37013,87060,SOUTH,36.0564,-86.6761,POINT (-86.6761 36.0564)
20190296942,04/17/2019 09:20:00 PM,2,1,0,,N,151132,11,Front to Rear,21,CLEAR,3,DARK - LIGHTED,12,MOTOR VEHICLE IN TRANSPORT,GALLATIN PKES & DUE WEST AVE,MADISON,TN,37115,1507,MADISO,36.2487,-86.7199,POINT (-86.7199 36.2487)
20190450052,06/13/2019 04:07:00 PM,2,0,0,,N,267831,5,SIDESWIPE - SAME DIRECTION,21,CLEAR,1,DAYLIGHT,12,MOTOR VEHICLE IN TRANSPORT,MURPHY RD & 40TH AVN,NASHVILLE,TN,37209,5207,WEST,36.1407,-86.8332,POINT (-86.8332 36.1407)
20190247571,03/31/2019 02:50:00 AM,1,0,0,Y,N,320588,0,NOT COLLISION W/MOTOR VEHICLE-TRANSPORT,22,CLOUDY,2,DARK - NOT LIGHTED,1;34;38;43;64,DITCH;FENCE;OTHER FIXED OBJECTS;Ran Off Road-Left,OLD CLARKSVILLE PKE & HARPER RD,JOELTON,TN,37080,3317,NORTH,36.3238,-86.9155,POINT (-86.9155 36.3238)
20190542292,07/20/2019 11:00:00 AM,2,0,0,,N,256502,5,SIDESWIPE - SAME DIRECTION,21,CLEAR,1,DAYLIGHT,12,MOTOR VEHICLE IN TRANSPORT,MM 85 4 I 65,NASHVILLE,TN,37208,43042,NORTH,36.1875,-86.7947,POINT (-86.7947 36.1875)
20190052093,01/20/2019 12:00:00 AM,2,0,0,,N,279118,5,SIDESWIPE - SAME DIRECTION,21,CLEAR,2,DARK - NOT LIGHTED,12,MOTOR VEHICLE IN TRANSPORT,MM 58 4 I 24,ANTIOCH,TN,37013,8857,SOUTH,36.0537,-86.6728,POINT (-86.6728 36.0537)
20190564605,07/29/2019 04:00:00 PM,2,0,0,,N,352213,11,Front to Rear,21,CLEAR,1,DAYLIGHT,12,MOTOR VEHICLE IN TRANSPORT,HILLSBORO PKE & ABBOTT MARTIN RD,NASHVILLE,TN,37215,6111,WEST,36.1054,-86.8142,POINT (-86.8142 36.1054)
20190294924,04/17/2019 07:58:00 AM,2,1,0,,N,299243,11,Front to Rear,21,CLEAR,1,DAYLIGHT,12,MOTOR VEHICLE IN TRANSPORT,JAMES ROBERTSON PKWY & 6TH AVN,NASHVILLE,TN,37219,4203,CENTRA,36.1687,-86.7847,POINT (-86.7847 36.1687)
20190234175,03/26/2019 09:23:00 AM,2,0,0,,N,716886,5,SIDESWIPE - SAME DIRECTION,21,CLEAR,1,DAYLIGHT,12,MOTOR VEHICLE IN TRANSPORT,NOLENSVILLE PKE & CRAIGHEAD ST,NASHVILLE,TN,37210,8125,SOUTH,36.1338,-86.7588,POINT (-86.7588 36.1338)
20190106189,02/08/2019 12:00:00 AM,2,0,0,,N,279200,5,SIDESWIPE - SAME DIRECTION,21,CLEAR,1,DAYLIGHT,12,MOTOR VEHICLE IN TRANSPORT,DIVISION ST & 8TH AVS,NASHVILLE,TN,37203,4011,CENTRA,36.1498,-86.7801,POINT (-86.7801 36.1498)
20190540417,07/19/2019 04:18:00 PM,2,0,0,,Y,256386,4,ANGLE,21,CLEAR,1,DAYLIGHT,14,PARKED MOTOR VEHICLE,US HWY 41 & CONNECTING ROAD,NASHVILLE,TN,37217,8823,HERMIT,36.1224,-86.7054,POINT (-86.7054 36.1224)
20190063868,01/24/2019 09:45:00 PM,2,0,0,,Y,256439,5,SIDESWIPE - SAME DIRECTION,21,CLEAR,7,Dark-Unknown Lighting,12,MOTOR VEHICLE IN TRANSPORT,MM 210 2 I 40,NASHVILLE,TN,37203,80021,MIDTOW,36.1493,-86.7736,POINT (-86.7736 36.1493)
20190219719,03/21/2019 08:21:00 AM,2,1,0,,N,716886,11,Front to Rear,21,CLEAR,1,DAYLIGHT,12,MOTOR VEHICLE IN TRANSPORT,HARDING PL & WHISPERING OAKS PL,NASHVILLE,TN,37211,8705,SOUTH,36.0817,-86.7137,POINT (-86.7137 36.0817)
20190208353,03/17/2019 07:03:00 PM,2,1,0,,N,256391,2,HEAD-ON,21,CLEAR,5,DUSK,14,PARKED MOTOR VEHICLE,OLD MATTHEWS RD & E NOCTURNE DR,NASHVILLE,TN,37207,3047,NORTH,36.2155,-86.7948,POINT (-86.7948 36.2155)
20190365322,05/13/2019 12:00:00 AM,2,0,0,,Y,402660,9,UNKNOWN,99,UNKNOWN,7,Dark-Unknown Lighting,14,PARKED MOTOR VEHICLE,NORMANDY CIR & NORMANDY PLS,NASHVILLE,TN,37209,5243,WEST,36.1457,-86.8265,POINT (-86.8265 36.1457)
20190061865,01/24/2019 06:44:00 AM,2,0,0,,N,716886,2,HEAD-ON,21,CLEAR,1,DAYLIGHT,12,MOTOR VEHICLE IN TRANSPORT,PIN HOOK RD & HOBSON PKE,ANTIOCH,TN,37013,8927,SOUTH,36.0493,-86.5999,POINT (-86.5999 36.0493)
20190123173,02/14/2019 05:00:00 PM,2,0,0,,Y,330411,11,Front to Rear,21,CLEAR,1,DAYLIGHT,12,MOTOR VEHICLE IN TRANSPORT,BRILEY PKWY N EXT RAMP & BRILEY PKWY N E,NASHVILLE,TN,37214,9121,HERMIT,36.1681,-86.6879,POINT (-86.6879 36.1681)
20190296649,04/17/2019 07:09:00 PM,2,0,0,,N,206964,5,SIDESWIPE - SAME DIRECTION,21,CLEAR,5,DUSK,12,MOTOR VEHICLE IN TRANSPORT,MM 56 7 I 24,NASHVILLE,TN,37211,8810,SOUTH,36.0726,-86.6916,POINT (-86.6916 36.0726)
20190273411,04/09/2019 04:44:00 PM,2,1,0,,Y,240979,11,Front to Rear,21,CLEAR,1,DAYLIGHT,12,MOTOR VEHICLE IN TRANSPORT,OLD HICKORY BLVDW & N MARTHONA RD,MADISON,TN,37115,1745,MADISO,36.2644,-86.7292,POINT (-86.7292 36.2644)
20190506845,07/05/2019 03:30:00 PM,3,0,0,,N,161939,11,Front to Rear,22,CLOUDY,1,DAYLIGHT,12,MOTOR VEHICLE IN TRANSPORT,NOLENSVILLE PKE & OCALA DR,NASHVILLE,TN,37211,8655,MIDTOW,36.0849,-86.7284,POINT (-86.7284 36.0849)
20190534986,07/17/2019 04:30:00 PM,2,0,0,,N,352207,4,ANGLE,21,CLEAR,1,DAYLIGHT,12,MOTOR VEHICLE IN TRANSPORT,WHITE BRIDGE PKE & LENOX AV,NASHVILLE,TN,37209,5103,WEST,36.1493,-86.8579,POINT (-86.8579 36.1493)
20190390415,05/22/2019 07:14:00 AM,2,0,0,,N,834798,4,ANGLE,21,CLEAR,1,DAYLIGHT,12,MOTOR VEHICLE IN TRANSPORT,THOMPSON LN & OLD POWELL AV,NASHVILLE,TN,37204,8527,MIDTOW,36.1124,-86.768,POINT (-86.768 36.1124)
20190557266,07/26/2019 09:15:00 AM,2,1,0,Y,N,225773,4,ANGLE,21,CLEAR,1,DAYLIGHT,12,MOTOR VEHICLE IN TRANSPORT,GALE LN & BELMONT BLVD,NASHVILLE,TN,37212,6503,MIDTOW,36.1175,-86.7972,POINT (-86.7972 36.1175)
20190146378,02/23/2019 12:07:00 AM,1,0,0,,N,256377,0,NOT COLLISION W/MOTOR VEHICLE-TRANSPORT,2,RAIN,2,DARK - NOT LIGHTED,36,CONCRETE TRAFFIC BARRIER,I40 E EXT RAMP & I 40,NASHVILLE,TN,37214,8955,HERMIT,36.155,-86.6271,POINT (-86.6271 36.155)
20190544413,07/21/2019 12:00:00 PM,1,0,0,,N,262766,0,NOT COLLISION W/MOTOR VEHICLE-TRANSPORT,2,RAIN,1,DAYLIGHT,72,EMBANKMENT ROCK/STONE/CONCRETE,MM 195 5 I 40,NASHVILLE,TN,37221,4804,WEST,36.0751,-86.969,POINT (-86.969 36.0751)
20190127744,02/16/2019 11:15:00 AM,4,1,0,,N,402660,11,Front to Rear,22,CLOUDY,1,DAYLIGHT,12,MOTOR VEHICLE IN TRANSPORT,MM 1 9 I 440,NASHVILLE,TN,37205,6004,WEST,36.1308,-86.8176,POINT (-86.8176 36.1308)