Accident Number,Date and Time,Number of Motor Vehicles,Number of Injuries,Number of Fatalities,Property Damage,Hit and Run,Reporting Officer,Collision Type Code,Collision Type Description,Weather Code,Weather Description,Illumination Code,Illumination Description,Harmful Code,Harmful Code Description,Street Address,City,State,ZIP,RPA,Precinct,Latitude,Longitude,Mapped Location
20190051619,01/20/2019 02:11:00 PM,2,0,0,,Y,240960,5,SIDESWIPE - SAME DIRECTION,21,CLEAR,1,DAYLIGHT,12,MOTOR VEHICLE IN TRANSPORT,BROADMOOR DR & GALLATIN PKE,NASHVILLE,TN,37216,1839,EAST,36.2291,-86.7252,POINT (-86.7252 36.2291)
20190224846,03/22/2019 12:00:00 AM,2,0,0,,Y,284059,4,ANGLE,21,CLEAR,3,DARK - LIGHTED,14,PARKED MOTOR VEHICLE,BRICK CHURCH PKE & I65 S EXT RAMP,NASHVILLE,TN,37207,3021,NORTH,36.207,-86.7779,POINT (-86.7779 36.207)
20190338209,05/02/2019 02:45:00 PM,4,0,0,,Y,352197,11,Front to Rear,21,CLEAR,1,DAYLIGHT,12,MOTOR VEHICLE IN TRANSPORT,BELL RD & BEECHWOOD TER,ANTIOCH,TN,37013,8753,SOUTH,36.0449,-86.6684,POINT (-86.6684 36.0449)
20190116490,02/12/2019 03:52:00 PM,2,1,0,,N,279208,11,Front to Rear,21,CLEAR,1,DAYLIGHT,12,MOTOR VEHICLE IN TRANSPORT,I40 E ENT RAMP & I 40,NASHVILLE,TN,37205,4903,WEST,36.1109,-86.922,POINT (-86.922 36.1109)
20190175498,03/05/2019 06:26:00 PM,2,1,0,,N,256446,4,ANGLE,21,CLEAR,3,DARK - LIGHTED,12,MOTOR VEHICLE IN TRANSPORT,MURFREESBORO PKE & BELL RD,NASHVILLE,TN,37217,8939,HERMIT,36.0901,-86.6581,POINT (-86.6581 36.0901)
20190172455,03/04/2019 06:56:00 PM,1,0,0,,N,320594,0,NOT COLLISION W/MOTOR VEHICLE-TRANSPORT,21,CLEAR,2,DARK - NOT LIGHTED,34,DITCH,JAMES KAY LN & DODSON CHAPEL RD,HERMITAGE,TN,37076,9511,HERMIT,36.1778,-86.615,POINT (-86.615 36.1778)
20190179262,03/06/2019 09:00:00 PM,2,0,0,,N,240972,11,Front to Rear,21,CLEAR,3,DARK - LIGHTED,12,MOTOR VEHICLE IN TRANSPORT,SHELBY AV & I24 E ENT RAMP,NASHVILLE,TN,37213,1007,CENTRA,36.1662,-86.7658,POINT (-86.7658 36.1662)
20190419787,06/02/2019 01:33:00 AM,2,0,0,,Y,352196,6,SIDESWIPE - OPPOSITE DIRECTION,22,CLOUDY,3,DARK - LIGHTED,55,Motor Vehicle-In-Motion Outside Trafficw,SHARPE AV & GALLATIN AV,NASHVILLE,TN,37206,1319,EAST,36.1891,-86.7455,POINT (-86.7455 36.1891)
20190572467,08/01/2019 04:23:00 PM,2,0,0,,Y,267831,4,ANGLE,21,CLEAR,1,DAYLIGHT,12,MOTOR VEHICLE IN TRANSPORT,WHITE BRIDGE PKE & WHITE BRIDGE PL,NASHVILLE,TN,37209,5101,WEST,36.1512,-86.8578,POINT (-86.8578 36.1512)
20190060748,01/23/2019 10:25:00 PM,1,0,0,Y,N,179583,0,NOT COLLISION W/MOTOR VEHICLE-TRANSPORT,2,RAIN,2,DARK - NOT LIGHTED,32,CULVERT,OLD GLENROSE AV & WHITSETT RD,NASHVILLE,TN,37210,8357,SOUTH,36.1196,-86.7297,POINT (-86.7297 36.1196)
20190153099,02/25/2019 05:26:00 PM,2,0,0,,N,206959,11,Front to Rear,21,CLEAR,2,DARK - NOT LIGHTED,12,MOTOR VEHICLE IN TRANSPORT,MM 94 3 I 65,MADISON,TN,37115,17042,MADISO,36.2916,-86.7213,POINT (-86.7213 36.2916)
20190174337,03/05/2019 10:40:00 AM,2,0,0,Y,N,226136,4,ANGLE,21,CLEAR,1,DAYLIGHT,12,MOTOR VEHICLE IN TRANSPORT,GRANNY WHITE PKE & NOELTON AV,NASHVILLE,TN,37204,7005,MIDTOW,36.1128,-86.7924,POINT (-86.7924 36.1128)
20190525216,07/13/2019 06:23:00 PM,1,1,0,,N,579971,0,NOT COLLISION W/MOTOR VEHICLE-TRANSPORT,22,CLOUDY,1,DAYLIGHT,7,,I24 W EXT RAMP & I 24,NASHVILLE,TN,37211,8829,SOUTH,36.1074,-86.7197,POINT (-86.7197 36.1074)
20190509837,07/07/2019 04:01:00 AM,2,1,0,,N,298879,4,ANGLE,21,CLEAR,3,DARK - LIGHTED,12,MOTOR VEHICLE IN TRANSPORT,COMMERCE ST & 7TH AVN,NASHVILLE,TN,37203,4123,CENTRA,36.1608,-86.7818,POINT (-86.7818 36.1608)
20190265153,04/06/2019 11:41:00 AM,2,0,0,,N,311325,11,Front to Rear,21,CLEAR,1,DAYLIGHT,12,MOTOR VEHICLE IN TRANSPORT,MM 213 5 I 40,NASHVILLE,TN,37210,90062,HERMIT,36.1406,-86.7215,POINT (-86.7215 36.1406)
20190344193,05/04/2019 09:55:00 PM,2,0,0,,N,256377,4,ANGLE,2,RAIN,2,DARK - NOT LIGHTED,12,MOTOR VEHICLE IN TRANSPORT,BELL RD & LINCOYA BAY DR,NASHVILLE,TN,37214,8995,HERMIT,36.1455,-86.6262,POINT (-86.6262 36.1455)
20190385376,05/20/2019 02:44:00 PM,2,0,0,,N,690942,98,OTHER,21,CLEAR,1,DAYLIGHT,12;14,MOTOR VEHICLE IN TRANSPORT;PARKED MOTOR VEHICLE,ALMOND ST & MOLLOY ST,NASHVILLE,TN,37201,4053,CENTRA,36.1585,-86.7748,POINT (-86.7748 36.1585)
20190415763,05/31/2019 09:52:00 AM,2,1,0,,N,352167,11,Front to Rear,21,CLEAR,1,DAYLIGHT,12,MOTOR VEHICLE IN TRANSPORT,CLARKSVILLE PKE & TSU CONNECTOR,NASHVILLE,TN,37208,4425,NORTH,36.1896,-86.8244,POINT (-86.8244 36.1896)
20190375293,05/16/2019 02:39:00 PM,2,0,0,,Y,267831,11,Front to Rear,21,CLEAR,1,DAYLIGHT,12,MOTOR VEHICLE IN TRANSPORT,CHARLOTTE PKE & MIDLAND AV,NASHVILLE,TN,37209,5033,WEST,36.1499,-86.8591,POINT (-86.8591 36.1499)
20190260368,04/04/2019 03:24:00 PM,2,1,0,,Y,256389,11,Front to Rear,22,CLOUDY,1,DAYLIGHT,12,MOTOR VEHICLE IN TRANSPORT,NOLENSVILLE PKE & THOMPSON LN,NASHVILLE,TN,37211,8425,SOUTH,36.1109,-86.7452,POINT (-86.7452 36.1109)
20190419795,06/02/2019 12:00:00 AM,1,0,0,Y,Y,166477,0,NOT COLLISION W/MOTOR VEHICLE-TRANSPORT,21,CLEAR,3,DARK - LIGHTED,40;41;42;64;68,MAIL BOX;SHRUBBERY;TREE;Ran Off Road-Left;Cross Center Line,TURLEY DR & LEOPOLE RD,NASHVILLE,TN,37211,8703,SOUTH,36.0744,-86.7087,POINT (-86.7087 36.0744)
20190248320,03/31/2019 12:55:00 PM,2,2,0,,N,311804,11,Front to Rear,21,CLEAR,1,DAYLIGHT,12,MOTOR VEHICLE IN TRANSPORT,MM 48 6 I 24,NASHVILLE,TN,37206,1102,EAST,36.171,-86.7676,POINT (-86.7676 36.171)
20190093075,02/04/2019 08:52:00 AM,2,0,0,,N,330425,11,Front to Rear,22,CLOUDY,1,DAYLIGHT,12,MOTOR VEHICLE IN TRANSPORT,WEST END AV & 29TH AVN,NASHVILLE,TN,37212,5815,MIDTOW,36.1444,-86.8134,POINT (-86.8134 36.1444)
20190426307,06/04/2019 03:45:00 PM,2,0,0,,Y,320597,4,ANGLE,21,CLEAR,1,DAYLIGHT,12,MOTOR VEHICLE IN TRANSPORT,ZELIDA AV & HAMILTON CHURCH RD,ANTIOCH,TN,37013,8865,SOUTH,36.0896,-86.6884,POINT (-86.6884 36.0896)
20190540413,07/19/2019 05:27:00 PM,2,1,0,,N,256389,4,ANGLE,21,CLEAR,1,DAYLIGHT,12,MOTOR VEHICLE IN TRANSPORT,WEDGEWOOD AV & BEECH AV,NASHVILLE,TN,37204,6919,MIDTOW,36.1343,-86.7806,POINT (-86.7806 36.1343)
20190354861,05/08/2019 09:45:00 PM,2,0,0,,Y,212342,11,Front to Rear,21,CLEAR,3,DARK - LIGHTED,12,MOTOR VEHICLE IN TRANSPORT,MM 212 2 I 40,NASHVILLE,TN,37210,90041,HERMIT,36.1458,-86.7414,POINT (-86.7414 36.1458)
20190454816,06/15/2019 08:19:00 AM,2,2,0,,N,279230,4,ANGLE,21,CLEAR,1,DAYLIGHT,12,MOTOR VEHICLE IN TRANSPORT,BELL RD & OLD HICKORY BLVD,ANTIOCH,TN,37013,8755,SOUTH,36.0453,-86.7017,POINT (-86.7017 36.0453)
20190323000,04/26/2019 05:00:00 PM,2,0,0,,N,224790,4,ANGLE,21,CLEAR,1,DAYLIGHT,12,MOTOR VEHICLE IN TRANSPORT,6TH AVS & BROADWAY,NASHVILLE,TN,37203,4087,CENTRA,36.1594,-86.7796,POINT (-86.7796 36.1594)
20190149186,02/24/2019 12:00:00 AM,1,0,0,,Y,240947,0,NOT COLLISION W/MOTOR VEHICLE-TRANSPORT,2,RAIN,3,DARK - LIGHTED,43,OTHER FIXED OBJECTS,RAYON DR & ENSLEY AV,OLD HICKORY,TN,37138,9701,HERMIT,36.2718,-86.6638,POINT (-86.6638 36.2718)
20190362170,05/11/2019 06:50:00 PM,2,0,0,,Y,279204,4,ANGLE,2,RAIN,1,DAYLIGHT,12,MOTOR VEHICLE IN TRANSPORT,JEFFERSON ST & WARREN ST,NASHVILLE,TN,37208,4243,NORTH,36.1721,-86.796,POINT (-86.796 36.1721)
20190467298,06/20/2019 07:00:00 AM,2,0,0,,N,226092,11,Front to Rear,2,RAIN,4,DAWN,12,MOTOR VEHICLE IN TRANSPORT,MM 207 2 I 40,NASHVILLE,TN,37208,54020,NORTH,36.1698,-86.8089,POINT (-86.8089 36.1698)
20190178532,03/06/2019 03:43:00 PM,1,0,0,,N,690942,0,NOT COLLISION W/MOTOR VEHICLE-TRANSPORT,21,CLEAR,1,DAYLIGHT,42,TREE,COMMERCE ST & 6TH AVN,NASHVILLE,TN,37203,4109,CENTRA,36.1613,-86.7806,POINT (-86.7806 36.1613)
20190390713,05/22/2019 08:45:00 AM,2,0,0,,Y,620057,5,SIDESWIPE - SAME DIRECTION,21,CLEAR,1,DAYLIGHT,12,MOTOR VEHICLE IN TRANSPORT,MM 42 3 I 24,NASHVILLE,TN,37207,20160,MADISO,36.2535,-86.7852,POINT (-86.7852 36.2535)
20190244705,03/29/2019 07:59:00 PM,2,1,0,,N,311803,4,ANGLE,21,CLEAR,2,DARK - NOT LIGHTED,13,MOTOR VEHICLE IN TRANSPORT-OTHER ROADWAY,GALE LN & GRANNY WHITE PKE,NASHVILLE,TN,37204,6933,MIDTOW,36.1171,-86.7916,POINT (-86.7916 36.1171)
20190417567,06/01/2019 12:02:00 AM,2,0,0,,N,330416,11,Front to Rear,21,CLEAR,3,DARK - LIGHTED,12,MOTOR VEHICLE IN TRANSPORT,GALLATIN PKES & MADISON ST,MADISON,TN,37115,1605,MADISO,36.2581,-86.7137,POINT (-86.7137 36.2581)
20190044578,01/17/2019 04:48:00 PM,1,0,0,,N,151132,0,NOT COLLISION W/MOTOR VEHICLE-TRANSPORT,2,RAIN,5,DUSK,24,GUARDRAIL FACE,RIO VISTA DR & ANDERSON LN,MADISON,TN,37115,1713,MADISO,36.2718,-86.6845,POINT (-86.6845 36.2718)
20190541155,07/19/2019 10:39:00 PM,2,2,0,,N,212322,4,ANGLE,21,CLEAR,1,DAYLIGHT,12,MOTOR VEHICLE IN TRANSPORT,HAYWOOD LN & EZELL RD,NASHVILLE,TN,37211,8709,SOUTH,36.0696,-86.6944,POINT (-86.6944 36.0696)
20190527995,07/15/2019 12:00:00 AM,1,0,0,Y,N,225819,0,NOT COLLISION W/MOTOR VEHICLE-TRANSPORT,21,CLEAR,2,DARK - NOT LIGHTED,24,GUARDRAIL FACE,PETTUS RD & SUNDOWN DR,ANTIOCH,TN,37013,8763,SOUTH,36.0189,-86.6646,POINT (-86.6646 36.0189)
20190555300,07/25/2019 02:15:00 PM,2,0,0,,N,151132,2,HEAD-ON,21,CLEAR,1,DAYLIGHT,12,MOTOR VEHICLE IN TRANSPORT,GALLATIN PKEN & CONFERENCE DR,MADISON,TN,37115,1731,MADISO,36.3026,-86.692,POINT (-86.692 36.3026)
20190050341,01/19/2019 10:30:00 PM,2,0,0,,N,330427,4,ANGLE,3,"SLEET, HAIL",3,DARK - LIGHTED,12,MOTOR VEHICLE IN TRANSPORT,GALLATIN PKE & HART LN,NASHVILLE,TN,37216,1441,EAST,36.2116,-86.7326,POINT (-86.7326 36.2116)
20190486360,06/27/2019 03:08:00 PM,2,0,0,,N,267831,11,Front to Rear,21,CLEAR,1,DAYLIGHT,12,MOTOR VEHICLE IN TRANSPORT,HILLWOOD BLVD & CHARLOTTE PKE,NASHVILLE,TN,37209,5021,WEST,36.1391,-86.8806,POINT (-86.8806 36.1391)
20190465351,06/19/2019 03:07:00 PM,2,0,0,,N,693098,11,Front to Rear,21,CLEAR,1,DAYLIGHT,12,MOTOR VEHICLE IN TRANSPORT,INDIANA AV & 49TH AVN,NASHVILLE,TN,37209,4543,WEST,36.1566,-86.8474,POINT (-86.8474 36.1566)
20190285975,04/14/2019 08:40:00 AM,1,1,0,Y,N,224797,0,NOT COLLISION W/MOTOR VEHICLE-TRANSPORT,21,CLEAR,1,DAYLIGHT,18,OTHER OBJECT (NOT FIXED),WEST END AV & CARDEN AV,NASHVILLE,TN,37205,6009,WEST,36.1324,-86.8313,POINT (-86.8313 36.1324)
20190223055,03/22/2019 09:22:00 AM,2,0,0,,Y,191578,11,Front to Rear,21,CLEAR,1,DAYLIGHT,12,MOTOR VEHICLE IN TRANSPORT,I40 W ENT RAMP & I 40,NASHVILLE,TN,37210,9007,HERMIT,36.1484,-86.7454,POINT (-86.7454 36.1484)
20190471260,06/21/2019 01:31:00 PM,2,0,0,,N,834798,4,ANGLE,21,CLEAR,1,DAYLIGHT,12,MOTOR VEHICLE IN TRANSPORT,FRANKLIN PKE SB ENT RAMP & FRANKLIN PKE,NASHVILLE,TN,37204,7011,MIDTOW,36.1084,-86.7731,POINT (-86.7731 36.1084)
20190045107,01/17/2019 08:37:00 PM,1,0,0,Y,Y,217537,0,NOT COLLISION W/MOTOR VEHICLE-TRANSPORT,2,RAIN,3,DARK - LIGHTED,29,LUMINAIRE/LIGHT SUPPORT,17TH AVN & WEST END AV,NASHVILLE,TN,37203,5519,MIDTOW,36.1543,-86.7948,POINT (-86.7948 36.1543)
20190356905,05/09/2019 05:27:00 PM,2,1,0,,N,256386,11,Front to Rear,22,CLOUDY,1,DAYLIGHT,12,MOTOR VEHICLE IN TRANSPORT,MM 214 2 I 40,NASHVILLE,TN,37210,90062,HERMIT,36.1424,-86.7107,POINT (-86.7107 36.1424)
20190103928,02/07/2019 06:25:00 PM,2,0,0,,Y,151132,11,Front to Rear,2,RAIN,3,DARK - LIGHTED,12,MOTOR VEHICLE IN TRANSPORT,MM 94 2 I 65,GOODLETTSVILLE,TN,37072,17061,MADISO,36.2904,-86.723,POINT (-86.723 36.2904)
20190108913,02/09/2019 07:25:00 PM,2,0,0,,Y,240985,11,Front to Rear,21,CLEAR,3,DARK - LIGHTED,12,MOTOR VEHICLE IN TRANSPORT,OLD HICKORY BLVD & FRANKLIN PIKE CIR,BRENTWOOD,TN,37027,8623,MIDTOW,36.0405,-86.7801,POINT (-86.7801 36.0405)
20190514013,07/09/2019 09:00:00 AM,2,0,0,,N,676834,5,SIDESWIPE - SAME DIRECTION,21,CLEAR,1,DAYLIGHT,12,MOTOR VEHICLE IN TRANSPORT,14TH AVN & CHARLOTTE AV,NASHVILLE,TN,37203,5501,MIDTOW,36.1608,-86.7937,POINT (-86.7937 36.1608)
20190160828,02/28/2019 07:15:00 AM,2,0,0,,N,676834,5,SIDESWIPE - SAME DIRECTION,22,CLOUDY,1,DAYLIGHT,12,MOTOR VEHICLE IN TRANSPORT,CLARKSVILLE PKE & BUENA VISTA PKE,NASHVILLE,TN,37218,3135,NORTH,36.1935,-86.8309,POINT (-86.8309 36.1935)
20190129652,02/17/2019 06:45:00 AM,1,0,0,,N,311325,0,NOT COLLISION W/MOTOR VEHICLE-TRANSPORT,2,RAIN,1,DAYLIGHT,7,,BRILEY PKWYN & TWO RIVERS PKWY,NASHVILLE,TN,37214,92981,HERMIT,36.1899,-86.6878,POINT (-86.6878 36.1899)
20190341024,05/03/2019 03:30:00 PM,2,0,0,,N,256427,0,NOT COLLISION W/MOTOR VEHICLE-TRANSPORT,22,CLOUDY,1,DAYLIGHT,12;34,MOTOR VEHICLE IN TRANSPORT;DITCH,STANLEY ST & VISCO DR,NASHVILLE,TN,37210,9001,HERMIT,36.1575,-86.7503,POINT (-86.7503 36.1575)
20190487108,06/27/2019 10:49:00 PM,1,0,0,,N,879558,0,NOT COLLISION W/MOTOR VEHICLE-TRANSPORT,2,RAIN,3,DARK - LIGHTED,50,DEER (ANIMAL),MCGAVOCK PKE & FAIRBROOK DR,NASHVILLE,TN,37214,9211,HERMIT,36.209,-86.6846,POINT (-86.6846 36.209)
20190468702,06/20/2019 04:13:00 PM,2,0,0,,N,714641,4,ANGLE,21,CLEAR,1,DAYLIGHT,12,MOTOR VEHICLE IN TRANSPORT,DIVISION ST & 6TH AVS,NASHVILLE,TN,37203,4027,CENTRA,36.1514,-86.7738,POINT (-86.7738 36.1514)
20190419097,06/01/2019 06:51:00 PM,2,0,0,,N,330444,11,Front to Rear,21,CLEAR,1,DAYLIGHT,12,MOTOR VEHICLE IN TRANSPORT,DIVISION ST & LYLE AV,NASHVILLE,TN,37212,6711,MIDTOW,36.1501,-86.7964,POINT (-86.7964 36.1501)
20190293349,04/16/2019 07:59:00 PM,2,0,0,,Y,212322,11,Front to Rear,21,CLEAR,3,DARK - LIGHTED,12,MOTOR VEHICLE IN TRANSPORT,EDMONDSON PKE & WALLACE RD,NASHVILLE,TN,37211,8661,MIDTOW,36.0771,-86.7256,POINT (-86.7256 36.0771)
20190395066,05/23/2019 05:24:00 PM,2,0,0,,N,311344,11,Front to Rear,21,CLEAR,1,DAYLIGHT,12,MOTOR VEHICLE IN TRANSPORT,OLD HICKORY BLVDW & DICKERSON PKE,MADISON,TN,37115,2039,MADISO,36.2692,-86.7556,POINT (-86.7556 36.2692)
20190010555,01/04/2019 09:54:00 PM,2,0,0,,Y,240979,5,SIDESWIPE - SAME DIRECTION,2,RAIN,3,DARK - LIGHTED,12,MOTOR VEHICLE IN TRANSPORT,I65 S EXT RAMP & I 65,MADISON,TN,37115,20044,MADISO,36.2481,-86.743,POINT (-86.743 36.2481)
20190260737,04/04/2019 07:40:00 PM,1,1,0,,N,256389,0,NOT COLLISION W/MOTOR VEHICLE-TRANSPORT,2,RAIN,3,DARK - LIGHTED,8,PEDESTRIAN,WEST END AV & ORLEANS DR,NASHVILLE,TN,37212,5819,MIDTOW,36.1388,-86.8197,POINT (-86.8197 36.1388)
20190347518,05/06/2019 01:53:00 PM,2,2,0,,N,311799,4,ANGLE,21,CLEAR,1,DAYLIGHT,12,MOTOR VEHICLE IN TRANSPORT,GALLATIN PKEN & OLD TIME VILLAGE PVTDR,MADISON,TN,37115,1701,MADISO,36.2638,-86.7117,POINT (-86.7117 36.2638)
20190423465,06/03/2019 05:15:00 PM,2,0,0,,Y,330428,11,Front to Rear,21,CLEAR,1,DAYLIGHT,12,MOTOR VEHICLE IN TRANSPORT,HILLSBORO PKE & TYNE BLVD,NASHVILLE,TN,37215,6311,MIDTOW,36.079,-86.8369,POINT (-86.8369 36.079)
20190471752,06/21/2019 06:04:00 PM,2,2,0,,N,807344,4,ANGLE,21,CLEAR,1,DAYLIGHT,12,MOTOR VEHICLE IN TRANSPORT,8TH AVS & LAFAYETTE ST,NASHVILLE,TN,37203,4043,CENTRA,36.1546,-86.7792,POINT (-86.7792 36.1546)
20190358488,05/10/2019 12:00:00 AM,2,1,0,,N,352212,11,Front to Rear,21,CLEAR,1,DAYLIGHT,12,MOTOR VEHICLE IN TRANSPORT,HAYWOOD LN & FAULKNER DR,NASHVILLE,TN,37211,8703,SOUTH,36.0682,-86.7107,POINT (-86.7107 36.0682)
20190121764,02/14/2019 07:35:00 AM,2,1,0,,N,235761,11,Front to Rear,21,CLEAR,1,DAYLIGHT,12,MOTOR VEHICLE IN TRANSPORT,BRILEY PKWY S EXT RAMP & ROBERTSON AV,NASHVILLE,TN,37209,4698,WEST,36.1539,-86.8576,POINT (-86.8576 36.1539)
20190506536,07/05/2019 12:20:00 PM,2,0,0,,N,224955,5,SIDESWIPE - SAME DIRECTION,22,CLOUDY,1,DAYLIGHT,12,MOTOR VEHICLE IN TRANSPORT,DICKERSON PKE & DICKERSON PKE ENT RAMP,MADISON,TN,37115,2009,MADISO,36.242,-86.7571,POINT (-86.7571 36.242)
20190280937,04/12/2019 07:26:00 AM,2,0,0,,N,584947,11,Front to Rear,2,RAIN,1,DAYLIGHT,12,MOTOR VEHICLE IN TRANSPORT,HUNTINGTON PKWY & EDMONDSON PKE,NASHVILLE,TN,37211,8653,MIDTOW,36.0522,-86.7431,POINT (-86.7431 36.0522)
20190066115,01/25/2019 03:45:00 PM,2,1,0,,Y,267831,11,Front to Rear,21,CLEAR,1,DAYLIGHT,12,MOTOR VEHICLE IN TRANSPORT,OLD HICKORY BLVD & ROCKY LN,NASHVILLE,TN,37221,4815,WEST,36.1078,-86.9224,POINT (-86.9224 36.1078)
20190522804,07/12/2019 12:00:00 AM,2,1,0,,N,197070,11,Front to Rear,21,CLEAR,1,DAYLIGHT,12,MOTOR VEHICLE IN TRANSPORT,28TH AVN & I40 E ENT RAMP,NASHVILLE,TN,37208,5307,NORTH,36.1631,-86.8196,POINT (-86.8196 36.1631)
20190438330,06/09/2019 12:00:00 AM,2,0,0,,Y,306231,9,UNKNOWN,99,UNKNOWN,9,UNKNOWN,14,PARKED MOTOR VEHICLE,22ND AVN & OSAGE ST,NASHVILLE,TN,37208,4461,NORTH,36.178,-86.8127,POINT (-86.8127 36.178)
20190449307,06/13/2019 09:00:00 AM,2,0,0,,Y,223502,5,SIDESWIPE - SAME DIRECTION,21,CLEAR,1,DAYLIGHT,12,MOTOR VEHICLE IN TRANSPORT,0 I440 W ENT RAMP,NASHVILLE,TN,37217,8816,SOUTH,36.125,-86.7271,POINT (-86.7271 36.125)
20190471026,06/21/2019 11:42:00 AM,2,0,0,,N,414668,11,Front to Rear,21,CLEAR,1,DAYLIGHT,12,MOTOR VEHICLE IN TRANSPORT,JEFFERSON ST & 6TH AVN,NASHVILLE,TN,37208,4237,CENTRA,36.1738,-86.789,POINT (-86.789 36.1738)
20190383499,05/19/2019 09:50:00 PM,2,0,0,,Y,299253,11,Front to Rear,21,CLEAR,3,DARK - LIGHTED,12;14,MOTOR VEHICLE IN TRANSPORT;PARKED MOTOR VEHICLE,OAKWOOD AV & BULLOCK AV,NASHVILLE,TN,37207,3053,EAST,36.2153,-86.7532,POINT (-86.7532 36.2153)
20190313541,04/23/2019 04:10:00 PM,2,0,0,,Y,279224,5,SIDESWIPE - SAME DIRECTION,21,CLEAR,1,DAYLIGHT,12;14,MOTOR VEHICLE IN TRANSPORT;PARKED MOTOR VEHICLE,SYLVAN ST & CAYCE PLACE PVTDR,NASHVILLE,TN,37206,1021,EAST,36.1676,-86.7588,POINT (-86.7588 36.1676)
20190431248,06/06/2019 10:23:00 AM,2,0,0,,N,306231,4,ANGLE,22,CLOUDY,1,DAYLIGHT,12,MOTOR VEHICLE IN TRANSPORT,24TH AVN & DOWLAN ST,NASHVILLE,TN,37208,4489,NORTH,36.1894,-86.8154,POINT (-86.8154 36.1894)
20190245994,03/30/2019 10:27:00 AM,2,0,0,,N,110063,11,Front to Rear,21,CLEAR,1,DAYLIGHT,12,MOTOR VEHICLE IN TRANSPORT,MM 32 1 I 24,JOELTON,TN,37080,3316,NORTH,36.3376,-86.9139,POINT (-86.9139 36.3376)
20190368941,05/14/2019 01:43:00 PM,2,0,0,,N,755026,4,ANGLE,21,CLEAR,1,DAYLIGHT,12,MOTOR VEHICLE IN TRANSPORT,NOLENSVILLE PKE & WOODYCREST AV,NASHVILLE,TN,37211,8041,MIDTOW,36.1312,-86.7562,POINT (-86.7562 36.1312)
20190278960,04/11/2019 12:35:00 PM,2,0,0,,Y,420035,4,ANGLE,21,CLEAR,1,DAYLIGHT,12,MOTOR VEHICLE IN TRANSPORT,DUE WEST AVW & GALLATIN PKES,MADISON,TN,37115,1787,MADISO,36.2481,-86.7214,POINT (-86.7214 36.2481)
20190237154,03/27/2019 09:59:00 AM,2,0,0,,N,140790,11,Front to Rear,21,CLEAR,1,DAYLIGHT,12,MOTOR VEHICLE IN TRANSPORT,MM 211 3 I 40,NASHVILLE,TN,37210,9002,HERMIT,36.1524,-86.7539,POINT (-86.7539 36.1524)
20190100935,02/06/2019 05:42:00 PM,2,0,0,,Y,256488,11,Front to Rear,2,RAIN,3,DARK - LIGHTED,12,MOTOR VEHICLE IN TRANSPORT,MM 48 6 I 24,NASHVILLE,TN,37206,1102,EAST,36.171,-86.7676,POINT (-86.7676 36.171)
20190463595,06/18/2019 11:15:00 PM,1,0,0,,N,226175,0,NOT COLLISION W/MOTOR VEHICLE-TRANSPORT,21,CLEAR,3,DARK - LIGHTED,27,H-WAY TRAFFIC SIGNAL POST,CLEECES FERRY RD & ANNEX AV,NASHVILLE,TN,37209,4677,WEST,36.144,-86.8894,POINT (-86.8894 36.144)
20190125843,02/15/2019 03:10:00 PM,2,0,0,,N,714641,4,ANGLE,2,RAIN,1,DAYLIGHT,12,MOTOR VEHICLE IN TRANSPORT,4TH AVS & SYMPHONY PL,NASHVILLE,TN,37203,4091,CENTRA,36.1603,-86.7768,POINT (-86.7768 36.1603)
20190127916,02/16/2019 01:37:00 PM,1,1,0,Y,N,226600,0,NOT COLLISION W/MOTOR VEHICLE-TRANSPORT,22,CLOUDY,1,DAYLIGHT,24,GUARDRAIL FACE,MM 195 4 I 40,NASHVILLE,TN,37221,4804,WEST,36.0749,-86.9693,POINT (-86.9693 36.0749)
20190580259,08/05/2019 12:25:00 AM,1,0,0,Y,N,330422,0,NOT COLLISION W/MOTOR VEHICLE-TRANSPORT,21,CLEAR,3,DARK - LIGHTED,4,,MM 40 3 I 24,WHITES CREEK,TN,37189,2210,MADISO,36.2798,-86.8023,POINT (-86.8023 36.2798)
20190055013,01/21/2019 10:38:00 PM,2,1,0,,N,212349,11,Front to Rear,21,CLEAR,3,DARK - LIGHTED,12,MOTOR VEHICLE IN TRANSPORT,I24 W ENT RAMP & I 40,NASHVILLE,TN,37217,8818,HERMIT,36.1397,-86.7275,POINT (-86.7275 36.1397)
20190502221,07/03/2019 03:48:00 PM,2,0,0,,N,169425,11,Front to Rear,2,RAIN,1,DAYLIGHT,12,MOTOR VEHICLE IN TRANSPORT,CHARLOTTE AV & 15TH AVN,NASHVILLE,TN,37203,5425,NORTH,36.1602,-86.7948,POINT (-86.7948 36.1602)
20190047810,01/18/2019 06:33:00 PM,2,0,0,,N,151132,4,ANGLE,22,CLOUDY,3,DARK - LIGHTED,12,MOTOR VEHICLE IN TRANSPORT,GALLATIN PKES & MAPLE ST,MADISON,TN,37115,1607,MADISO,36.2617,-86.7124,POINT (-86.7124 36.2617)
20190222805,03/22/2019 07:06:00 AM,2,0,0,,Y,140790,5,SIDESWIPE - SAME DIRECTION,21,CLEAR,1,DAYLIGHT,12,MOTOR VEHICLE IN TRANSPORT,STATE RT 45 & ARCHWOOD DR,MADISON,TN,37115,1705,MADISO,36.2636,-86.686,POINT (-86.686 36.2636)