Accident Number,Date and Time,Number of Motor Vehicles,Number of Injuries,Number of Fatalities,Property Damage,Hit and Run,Reporting Officer,Collision Type Code,Collision Type Description,Weather Code,Weather Description,Illumination Code,Illumination Description,Harmful Code,Harmful Code Description,Street Address,City,State,ZIP,RPA,Precinct,Latitude,Longitude,Mapped Location
20190517159,07/10/2019 12:25:00 PM,2,0,0,,Y,179580,6,SIDESWIPE - OPPOSITE DIRECTION,21,CLEAR,1,DAYLIGHT,14,PARKED MOTOR VEHICLE,26TH AVN & CLIFTON AV,NASHVILLE,TN,37208,5311,NORTH,36.159,-86.815,POINT (-86.815 36.159)
20190255044,04/02/2019 10:11:00 PM,2,1,0,,N,298867,2,HEAD-ON,21,CLEAR,2,DARK - NOT LIGHTED,12,MOTOR VEHICLE IN TRANSPORT,EWING DR & BROADMOOR DR,NASHVILLE,TN,37207,1807,EAST,36.23,-86.7626,POINT (-86.7626 36.23)
20190011859,01/05/2019 12:00:00 AM,2,0,0,,Y,320586,11,Front to Rear,99,UNKNOWN,9,UNKNOWN,13,MOTOR VEHICLE IN TRANSPORT-OTHER ROADWAY,GLENCLIFF RD & NEESE DR,NASHVILLE,TN,37211,8401,SOUTH,36.1071,-86.7207,POINT (-86.7207 36.1071)
20190118994,02/13/2019 10:06:00 AM,2,0,0,,N,191578,4,ANGLE,21,CLEAR,1,DAYLIGHT,12,MOTOR VEHICLE IN TRANSPORT,LEBANON PKE & MCGAVOCK PKE,NASHVILLE,TN,37214,9201,HERMIT,36.1694,-86.6799,POINT (-86.6799 36.1694)
20190189806,03/11/2019 12:45:00 AM,1,0,0,,N,226175,0,NOT COLLISION W/MOTOR VEHICLE-TRANSPORT,21,CLEAR,2,DARK - NOT LIGHTED,34,DITCH,HICKS RD & STIRRUP DR,NASHVILLE,TN,37221,4815,WEST,36.0852,-86.9342,POINT (-86.9342 36.0852)
20190069384,01/26/2019 10:00:00 PM,1,0,0,Y,Y,280010,0,NOT COLLISION W/MOTOR VEHICLE-TRANSPORT,21,CLEAR,3,DARK - LIGHTED,43;63,OTHER FIXED OBJECTS;Ran Off Road-Right,GLENROSE AV & NOLENSVILLE PKE,NASHVILLE,TN,37210,8109,SOUTH,36.1258,-86.7526,POINT (-86.7526 36.1258)
20190550299,07/23/2019 07:05:00 PM,2,0,0,,Y,240968,6,SIDESWIPE - OPPOSITE DIRECTION,21,CLEAR,1,DAYLIGHT,12,MOTOR VEHICLE IN TRANSPORT,SMITH SPRINGS RD & CLEARLAKE DRW,NASHVILLE,TN,37217,8929,HERMIT,36.0891,-86.6143,POINT (-86.6143 36.0891)
20190205230,03/15/2019 10:29:00 PM,2,0,0,,Y,279116,5,SIDESWIPE - SAME DIRECTION,99,UNKNOWN,7,Dark-Unknown Lighting,14,PARKED MOTOR VEHICLE,BELMONT BLVD & CEDAR LN,NASHVILLE,TN,37212,6505,MIDTOW,36.121,-86.795,POINT (-86.795 36.121)
20190553021,07/24/2019 05:50:00 PM,3,2,0,,N,299238,4,ANGLE,21,CLEAR,1,DAYLIGHT,12,MOTOR VEHICLE IN TRANSPORT,I65 S ENT RAMP & I 65,NASHVILLE,TN,37207,3007,NORTH,36.2057,-86.778,POINT (-86.778 36.2057)
20190356621,05/09/2019 03:35:00 PM,2,0,0,,Y,256427,11,Front to Rear,21,CLEAR,1,DAYLIGHT,12,MOTOR VEHICLE IN TRANSPORT,MM 212 3 I 40,NASHVILLE,TN,37210,8206,HERMIT,36.1447,-86.7399,POINT (-86.7399 36.1447)
20190260407,04/04/2019 04:15:00 PM,2,1,0,,N,197435,4,ANGLE,22,CLOUDY,1,DAYLIGHT,12,MOTOR VEHICLE IN TRANSPORT,DICKERSON PKE & HOMESTEAD RD,NASHVILLE,TN,37216,1805,EAST,36.2351,-86.7584,POINT (-86.7584 36.2351)
20190019097,01/08/2019 01:00:00 PM,2,0,0,,N,226092,11,Front to Rear,21,CLEAR,1,DAYLIGHT,14,PARKED MOTOR VEHICLE,JACKSON ST & 17TH AVN,NASHVILLE,TN,37208,5419,NORTH,36.1665,-86.8034,POINT (-86.8034 36.1665)
20190188987,03/10/2019 03:53:00 PM,2,1,0,,N,256501,4,ANGLE,21,CLEAR,1,DAYLIGHT,12,MOTOR VEHICLE IN TRANSPORT,W TRINITY LN & WHITES CREEK PKE,NASHVILLE,TN,37207,3009,NORTH,36.207,-86.7916,POINT (-86.7916 36.207)
20190141850,02/21/2019 12:30:00 PM,2,0,0,,Y,665896,4,ANGLE,22,CLOUDY,1,DAYLIGHT,12,MOTOR VEHICLE IN TRANSPORT,GALLATIN AV & W EASTLAND AV,NASHVILLE,TN,37206,1243,EAST,36.1836,-86.7485,POINT (-86.7485 36.1836)
20190241846,03/28/2019 09:04:00 PM,2,0,0,,N,212343,11,Front to Rear,21,CLEAR,3,DARK - LIGHTED,12,MOTOR VEHICLE IN TRANSPORT,MM 48 0 I 24,NASHVILLE,TN,37213,1908,CENTRA,36.1759,-86.7721,POINT (-86.7721 36.1759)
20190044804,01/17/2019 05:26:00 PM,2,1,0,,N,909486,11,Front to Rear,2,RAIN,3,DARK - LIGHTED,12,MOTOR VEHICLE IN TRANSPORT,BLACKMAN RD & SHADESCREST DR,NASHVILLE,TN,37211,8611,MIDTOW,36.0742,-86.7378,POINT (-86.7378 36.0742)
20190413310,05/30/2019 01:58:00 PM,2,0,0,,N,887598,4,ANGLE,21,CLEAR,1,DAYLIGHT,12,MOTOR VEHICLE IN TRANSPORT,16TH AVN & HERMAN ST,NASHVILLE,TN,37203,5421,NORTH,36.1655,-86.8003,POINT (-86.8003 36.1655)
20190272249,04/09/2019 08:24:00 AM,2,0,0,,Y,279113,98,OTHER,21,CLEAR,1,DAYLIGHT,12,MOTOR VEHICLE IN TRANSPORT,HARBORWOOD DR & BELL RD,NASHVILLE,TN,37214,8991,HERMIT,36.1327,-86.6294,POINT (-86.6294 36.1327)
20190250600,04/01/2019 10:19:00 AM,2,0,0,,N,716886,11,Front to Rear,21,CLEAR,1,DAYLIGHT,12,MOTOR VEHICLE IN TRANSPORT,CUMBERLAND LANES PVTDR & I24 E ENT RAMP,NASHVILLE,TN,37211,8709,SOUTH,36.0685,-86.6921,POINT (-86.6921 36.0685)
20190309127,04/22/2019 01:15:00 PM,2,0,0,,Y,311799,4,ANGLE,21,CLEAR,1,DAYLIGHT,12,MOTOR VEHICLE IN TRANSPORT,S GRAYCROFT AV & DUE WEST AVW,MADISON,TN,37115,1779,MADISO,36.2504,-86.7343,POINT (-86.7343 36.2504)
20190177412,03/06/2019 08:24:00 AM,2,0,0,,N,572251,5,SIDESWIPE - SAME DIRECTION,21,CLEAR,1,DAYLIGHT,12,MOTOR VEHICLE IN TRANSPORT,I65 S EXT RAMP & BRILEY PKWYE,NASHVILLE,TN,37216,18800,EAST,36.2396,-86.7467,POINT (-86.7467 36.2396)
20190403069,05/26/2019 10:40:00 PM,1,1,0,Y,Y,279217,0,NOT COLLISION W/MOTOR VEHICLE-TRANSPORT,21,CLEAR,3,DARK - LIGHTED,30,UTILITY POLE,ED TEMPLE BLVD & ROSA L PARKS BLVD,NASHVILLE,TN,37228,4483,NORTH,36.188,-86.8216,POINT (-86.8216 36.188)
20190422928,06/03/2019 01:04:00 PM,2,0,0,,N,429220,5,SIDESWIPE - SAME DIRECTION,21,CLEAR,1,DAYLIGHT,12,MOTOR VEHICLE IN TRANSPORT,4TH AVN & UNION ST,NASHVILLE,TN,37219,4159,CENTRA,36.1652,-86.78,POINT (-86.78 36.1652)
20190184515,03/08/2019 02:50:00 PM,2,0,0,,N,320577,4,ANGLE,22,CLOUDY,1,DAYLIGHT,12,MOTOR VEHICLE IN TRANSPORT,GRANDVIEW AV & MCCLAIN AV,NASHVILLE,TN,37211,8343,MIDTOW,36.1125,-86.7475,POINT (-86.7475 36.1125)
20190257173,04/03/2019 02:00:00 PM,2,0,0,,N,716886,11,Front to Rear,21,CLEAR,1,DAYLIGHT,12,MOTOR VEHICLE IN TRANSPORT,MURFREESBORO PKE & RANSOM PL,NASHVILLE,TN,37217,8853,SOUTH,36.0892,-86.6501,POINT (-86.6501 36.0892)
20190515094,07/09/2019 06:30:00 PM,2,0,0,,N,256426,11,Front to Rear,21,CLEAR,1,DAYLIGHT,12,MOTOR VEHICLE IN TRANSPORT,ELM HILL PKE & AIRWAYS CIR,NASHVILLE,TN,37214,9117,HERMIT,36.1523,-86.6819,POINT (-86.6819 36.1523)
20190080755,01/30/2019 05:12:00 PM,2,0,0,,Y,909486,11,Front to Rear,21,CLEAR,1,DAYLIGHT,12,MOTOR VEHICLE IN TRANSPORT,HARDING PL & I65 S ENT RAMP,NASHVILLE,TN,37220,7101,MIDTOW,36.0827,-86.7651,POINT (-86.7651 36.0827)
20190483733,06/26/2019 05:53:00 PM,2,1,0,,N,834813,11,Front to Rear,22,CLOUDY,1,DAYLIGHT,12,MOTOR VEHICLE IN TRANSPORT,MM 36 0 I 24,WHITES CREEK,TN,37189,33180,NORTH,36.3201,-86.8502,POINT (-86.8502 36.3201)
20190385121,05/20/2019 12:54:00 PM,2,2,0,,N,279230,11,Front to Rear,21,CLEAR,1,DAYLIGHT,12,MOTOR VEHICLE IN TRANSPORT,OLD HICKORY BLVD & EULALA DR,ANTIOCH,TN,37013,8757,SOUTH,36.0454,-86.7036,POINT (-86.7036 36.0454)
20190260638,04/04/2019 06:35:00 PM,2,0,0,,N,256383,5,SIDESWIPE - SAME DIRECTION,22,CLOUDY,1,DAYLIGHT,12,MOTOR VEHICLE IN TRANSPORT,MM 55 5 I 24,NASHVILLE,TN,37211,8812,SOUTH,36.0886,-86.7019,POINT (-86.7019 36.0886)
20190551533,07/24/2019 06:44:00 AM,2,0,0,,N,109534,5,SIDESWIPE - SAME DIRECTION,21,CLEAR,1,DAYLIGHT,12,MOTOR VEHICLE IN TRANSPORT,BRILEY PKWY S EXT RAMP & BRILEY PKWYS,NASHVILLE,TN,37214,9209,HERMIT,36.1924,-86.6874,POINT (-86.6874 36.1924)
20190387508,05/21/2019 08:33:00 AM,2,0,0,,N,109534,5,SIDESWIPE - SAME DIRECTION,21,CLEAR,1,DAYLIGHT,12,MOTOR VEHICLE IN TRANSPORT,CENTURY BLVD & PERIMETER PLACE DR,NASHVILLE,TN,37214,9117,HERMIT,36.1471,-86.6819,POINT (-86.6819 36.1471)
20190331105,04/30/2019 05:50:00 AM,2,0,0,,N,311340,4,ANGLE,21,CLEAR,4,DAWN,12,MOTOR VEHICLE IN TRANSPORT,19TH AVS & BROADWAY,NASHVILLE,TN,37203,5705,MIDTOW,36.151,-86.7965,POINT (-86.7965 36.151)
20190440602,06/10/2019 08:32:00 AM,3,1,0,,N,161952,11,Front to Rear,21,CLEAR,1,DAYLIGHT,12,MOTOR VEHICLE IN TRANSPORT,MM 87 7 I 65,NASHVILLE,TN,37207,1804,EAST,36.2114,-86.7757,POINT (-86.7757 36.2114)
20190421063,06/02/2019 05:17:00 PM,2,2,0,,N,197435,4,ANGLE,21,CLEAR,1,DAYLIGHT,12,MOTOR VEHICLE IN TRANSPORT,ELLINGTON PKWY N EXT RAMP & DOUGLAS AV,NASHVILLE,TN,37206,1933,EAST,36.1933,-86.7519,POINT (-86.7519 36.1933)
20190422121,06/03/2019 07:00:00 AM,2,0,0,,N,676834,4,ANGLE,21,CLEAR,1,DAYLIGHT,12,MOTOR VEHICLE IN TRANSPORT,ARTHUR AV & CHEATHAM PL,NASHVILLE,TN,37208,4325,NORTH,36.1753,-86.7983,POINT (-86.7983 36.1753)
20190344900,05/05/2019 01:15:00 PM,2,0,0,,N,311804,11,Front to Rear,22,CLOUDY,1,DAYLIGHT,12,MOTOR VEHICLE IN TRANSPORT,SPRING ST & I24 E ENT RAMP,NASHVILLE,TN,37213,1985,CENTRA,36.1768,-86.7728,POINT (-86.7728 36.1768)
20190076898,01/29/2019 02:51:00 PM,3,0,0,,N,256389,4,ANGLE,21,CLEAR,1,DAYLIGHT,12,MOTOR VEHICLE IN TRANSPORT,MM 210 1 I 40,NASHVILLE,TN,37203,4006,CENTRA,36.1492,-86.7751,POINT (-86.7751 36.1492)
20190256359,04/03/2019 07:50:00 AM,2,0,0,,N,693093,11,Front to Rear,21,CLEAR,1,DAYLIGHT,12,MOTOR VEHICLE IN TRANSPORT,BRILEY PKWYE & BRILEY PKWYW,NASHVILLE,TN,37207,20120,MADISO,36.2396,-86.7751,POINT (-86.7751 36.2396)
20190145715,02/22/2019 05:41:00 PM,2,0,0,,N,256383,11,Front to Rear,,,,,12,MOTOR VEHICLE IN TRANSPORT,MURFREESBORO PKE & LAVERGNE COUCHVILLE P,ANTIOCH,TN,37013,8869,SOUTH,36.0279,-86.5899,POINT (-86.5899 36.0279)
20190150200,02/24/2019 04:14:00 PM,2,1,0,,Y,256426,5,SIDESWIPE - SAME DIRECTION,21,CLEAR,1,DAYLIGHT,12,MOTOR VEHICLE IN TRANSPORT,MM 211 8 I 40,NASHVILLE,TN,37210,90022,HERMIT,36.149,-86.7465,POINT (-86.7465 36.149)
20190485498,06/27/2019 08:53:00 AM,2,0,0,,N,352183,2,HEAD-ON,21,CLEAR,1,DAYLIGHT,12,MOTOR VEHICLE IN TRANSPORT,BROADWAY & 14TH AVS,NASHVILLE,TN,37203,5701,MIDTOW,36.1557,-86.7897,POINT (-86.7897 36.1557)
20190487891,06/28/2019 06:22:00 AM,3,1,0,,N,320590,11,Front to Rear,21,CLEAR,1,DAYLIGHT,12,MOTOR VEHICLE IN TRANSPORT,MM 88 3 I 65,NASHVILLE,TN,37207,18041,EAST,36.2201,-86.7743,POINT (-86.7743 36.2201)
20190235100,03/26/2019 03:20:00 PM,2,1,0,,N,256439,11,Front to Rear,21,CLEAR,1,DAYLIGHT,12,MOTOR VEHICLE IN TRANSPORT,LEBANON PKE & BRILEY PKWY N ENT RAMP,NASHVILLE,TN,37214,9121,HERMIT,36.1685,-86.6872,POINT (-86.6872 36.1685)
20190263174,04/05/2019 03:04:00 PM,2,1,0,,N,256380,4,ANGLE,21,CLEAR,1,DAYLIGHT,12,MOTOR VEHICLE IN TRANSPORT,CLARKSVILLE PKE & ROSA L PARKS BLVD,NASHVILLE,TN,37228,4483,NORTH,36.1889,-86.8231,POINT (-86.8231 36.1889)
20190065648,01/25/2019 12:31:00 PM,2,0,0,,N,462494,5,SIDESWIPE - SAME DIRECTION,21,CLEAR,1,DAYLIGHT,12,MOTOR VEHICLE IN TRANSPORT,THOMPSON LN & EUGENIA AV,NASHVILLE,TN,37204,8523,MIDTOW,36.1111,-86.7548,POINT (-86.7548 36.1111)
20190091368,02/03/2019 02:53:00 PM,2,0,0,,Y,420040,5,SIDESWIPE - SAME DIRECTION,21,CLEAR,1,DAYLIGHT,12,MOTOR VEHICLE IN TRANSPORT,MUSIC SQE & MUSIC SQS,NASHVILLE,TN,37212,6729,MIDTOW,36.1468,-86.7925,POINT (-86.7925 36.1468)
20190505038,07/04/2019 09:35:00 PM,2,1,0,,N,256383,11,Front to Rear,8,"SMOG, SMOKE",3,DARK - LIGHTED,12,MOTOR VEHICLE IN TRANSPORT,OLD HICKORY BLVD & EULALA DR,ANTIOCH,TN,37013,8757,SOUTH,36.0454,-86.7036,POINT (-86.7036 36.0454)
20190506215,07/05/2019 09:46:00 AM,2,0,0,,N,716886,11,Front to Rear,21,CLEAR,1,DAYLIGHT,12,MOTOR VEHICLE IN TRANSPORT,HOBSON PKE & MURFREESBORO PKE,ANTIOCH,TN,37013,8867,SOUTH,36.043,-86.6066,POINT (-86.6066 36.043)
20190316986,04/24/2019 04:44:00 PM,2,0,0,,Y,179606,11,Front to Rear,21,CLEAR,1,DAYLIGHT,12,MOTOR VEHICLE IN TRANSPORT,SEMINOLE AV & DUNN AV,NASHVILLE,TN,37211,8039,MIDTOW,36.1281,-86.7599,POINT (-86.7599 36.1281)
20190579617,08/04/2019 03:21:00 PM,1,0,0,Y,N,579971,0,NOT COLLISION W/MOTOR VEHICLE-TRANSPORT,2,RAIN,1,DAYLIGHT,30,UTILITY POLE,EULALA DR & EULALA CIR,NASHVILLE,TN,37211,8717,SOUTH,36.0542,-86.7037,POINT (-86.7037 36.0542)
20190285114,04/13/2019 11:09:00 PM,3,1,0,,N,298875,4,ANGLE,2,RAIN,3,DARK - LIGHTED,12,MOTOR VEHICLE IN TRANSPORT,HICKORY HOLLOW PKWY & CROSSINGS BLVD,ANTIOCH,TN,37013,8863,SOUTH,36.0445,-86.651,POINT (-86.651 36.0445)
20190049204,01/19/2019 10:00:00 AM,1,1,0,,N,279230,0,NOT COLLISION W/MOTOR VEHICLE-TRANSPORT,2,RAIN,1,DAYLIGHT,36,CONCRETE TRAFFIC BARRIER,MM 56 5 I 24,NASHVILLE,TN,37211,8708,SOUTH,36.0756,-86.6938,POINT (-86.6938 36.0756)
20190433379,06/07/2019 05:07:00 AM,2,0,0,,N,298871,4,ANGLE,2,RAIN,3,DARK - LIGHTED,12,MOTOR VEHICLE IN TRANSPORT,19TH AVS & BROADWAY,NASHVILLE,TN,37203,5705,MIDTOW,36.151,-86.7965,POINT (-86.7965 36.151)
20190308344,04/22/2019 07:30:00 AM,3,0,0,,Y,352204,5,SIDESWIPE - SAME DIRECTION,21,CLEAR,1,DAYLIGHT,12,MOTOR VEHICLE IN TRANSPORT,MM 79 7 I 65,NASHVILLE,TN,37204,8504,MIDTOW,36.1092,-86.7698,POINT (-86.7698 36.1092)
20190062703,01/24/2019 12:54:00 PM,2,2,0,,N,191578,4,ANGLE,21,CLEAR,1,DAYLIGHT,12,MOTOR VEHICLE IN TRANSPORT,OLD LEBANON DIRT RD & TULIP GROVE RD,HERMITAGE,TN,37076,9559,HERMIT,36.1891,-86.5936,POINT (-86.5936 36.1891)
20190195104,03/12/2019 07:13:00 PM,2,0,0,,N,267831,4,ANGLE,21,CLEAR,3,DARK - LIGHTED,12,MOTOR VEHICLE IN TRANSPORT,HIGHWAY 70S & BELLEVUE CTR PVTDR,NASHVILLE,TN,37221,4811,WEST,36.0785,-86.9508,POINT (-86.9508 36.0785)
20190142753,02/21/2019 06:50:00 PM,2,1,0,,N,320585,11,Front to Rear,2,RAIN,3,DARK - LIGHTED,12,MOTOR VEHICLE IN TRANSPORT,BRILEY PKWY & GLASTONBURY RD,NASHVILLE,TN,37217,88940,HERMIT,36.1373,-86.6997,POINT (-86.6997 36.1373)
20190133764,02/18/2019 11:16:00 PM,1,1,0,,Y,163667,0,NOT COLLISION W/MOTOR VEHICLE-TRANSPORT,21,CLEAR,3,DARK - LIGHTED,8,PEDESTRIAN,HORTON AV & 12TH AVS,NASHVILLE,TN,37203,6939,MIDTOW,36.1398,-86.7876,POINT (-86.7876 36.1398)
20190091221,02/03/2019 12:44:00 PM,2,1,0,,N,630627,4,ANGLE,21,CLEAR,1,DAYLIGHT,12,MOTOR VEHICLE IN TRANSPORT,21ST AVS & CAPERS AV,NASHVILLE,TN,37212,6625,MIDTOW,36.1388,-86.8006,POINT (-86.8006 36.1388)
20190381658,05/19/2019 12:17:00 AM,2,1,0,,N,256382,4,ANGLE,21,CLEAR,3,DARK - LIGHTED,12;39,MOTOR VEHICLE IN TRANSPORT;WALL,MM 219 3 I 40,NASHVILLE,TN,37214,94022,HERMIT,36.159,-86.6242,POINT (-86.6242 36.159)
20190547462,07/22/2019 06:22:00 PM,2,1,0,,N,256379,11,Front to Rear,2,RAIN,1,DAYLIGHT,12,MOTOR VEHICLE IN TRANSPORT,BRILEY PKWYN & BRILEY PKWYS,NASHVILLE,TN,37211,8404,SOUTH,36.1092,-86.727,POINT (-86.727 36.1092)
20190409229,05/29/2019 04:02:00 AM,2,0,0,,N,256382,5,SIDESWIPE - SAME DIRECTION,21,CLEAR,3,DARK - LIGHTED,12,MOTOR VEHICLE IN TRANSPORT,MM 211 2 I 40,NASHVILLE,TN,37210,8008,HERMIT,36.1535,-86.7564,POINT (-86.7564 36.1535)
20190369351,05/14/2019 04:40:00 PM,2,1,0,,N,197054,11,Front to Rear,21,CLEAR,1,DAYLIGHT,12,MOTOR VEHICLE IN TRANSPORT,MM 215 8 I 40,NASHVILLE,TN,37217,89020,HERMIT,36.1424,-86.6815,POINT (-86.6815 36.1424)
20190128353,02/16/2019 05:25:00 PM,2,0,0,,N,311344,4,ANGLE,21,CLEAR,3,DARK - LIGHTED,12,MOTOR VEHICLE IN TRANSPORT,GALLATIN PKES & EMMITT AV,MADISON,TN,37115,1623,MADISO,36.2536,-86.7165,POINT (-86.7165 36.2536)
20190335166,05/01/2019 01:27:00 PM,2,0,0,,Y,109527,11,Front to Rear,21,CLEAR,1,DAYLIGHT,14,PARKED MOTOR VEHICLE,CLAIBORNE ST & CANNON ST,NASHVILLE,TN,37210,8209,HERMIT,36.15,-86.7609,POINT (-86.7609 36.15)
20190014436,01/06/2019 06:52:00 PM,2,0,0,,N,299266,4,ANGLE,21,CLEAR,3,DARK - LIGHTED,12,MOTOR VEHICLE IN TRANSPORT,NOLENSVILLE PKE & FAIRLANE DR,NASHVILLE,TN,37211,8659,MIDTOW,36.0639,-86.7171,POINT (-86.7171 36.0639)
20190159396,02/27/2019 06:04:00 PM,2,1,0,,Y,151132,4,ANGLE,21,CLEAR,3,DARK - LIGHTED,12,MOTOR VEHICLE IN TRANSPORT,OLD HICKORY BLVDW & NESBITT LN,MADISON,TN,37115,2041,MADISO,36.2658,-86.7407,POINT (-86.7407 36.2658)
20190057486,01/22/2019 06:21:00 PM,1,0,0,,N,151132,0,NOT COLLISION W/MOTOR VEHICLE-TRANSPORT,22,CLOUDY,2,DARK - NOT LIGHTED,50,DEER (ANIMAL),BRICK CHURCH PKE & HITT LN,GOODLETTSVILLE,TN,37072,2125,MADISO,36.3319,-86.7335,POINT (-86.7335 36.3319)
20190200186,03/14/2019 12:20:00 PM,6,2,0,,N,134899,4,ANGLE,21,CLEAR,1,DAYLIGHT,12,MOTOR VEHICLE IN TRANSPORT,ELM HILL PKE & POPLAR ST,NASHVILLE,TN,37210,9015,HERMIT,36.1438,-86.7276,POINT (-86.7276 36.1438)
20190502200,07/03/2019 04:57:00 PM,2,0,0,,Y,256417,2,HEAD-ON,21,CLEAR,1,DAYLIGHT,12,MOTOR VEHICLE IN TRANSPORT,LEBANON PKE & LEBANON PKE PVTDR,HERMITAGE,TN,37076,9507,HERMIT,36.2006,-86.6183,POINT (-86.6183 36.2006)
20190122909,02/14/2019 12:00:00 AM,2,0,0,,Y,311333,4,ANGLE,21,CLEAR,1,DAYLIGHT,12,MOTOR VEHICLE IN TRANSPORT,BURKITT RD & WESTCOTT LN,NOLENSVILLE,TN,37135,8773,SOUTH,35.9912,-86.665,POINT (-86.665 35.9912)
20190391260,05/22/2019 01:15:00 PM,2,0,0,,Y,620072,4,ANGLE,21,CLEAR,1,DAYLIGHT,12;14,MOTOR VEHICLE IN TRANSPORT;PARKED MOTOR VEHICLE,21ST AVN & WEST END AV,NASHVILLE,TN,37203,5601,MIDTOW,36.1506,-86.8013,POINT (-86.8013 36.1506)
20190120766,02/13/2019 11:20:00 PM,2,0,0,,N,279198,0,NOT COLLISION W/MOTOR VEHICLE-TRANSPORT,21,CLEAR,3,DARK - LIGHTED,18,OTHER OBJECT (NOT FIXED),MM 49 0 I 24,NASHVILLE,TN,37206,10040,EAST,36.1664,-86.7647,POINT (-86.7647 36.1664)
20190068340,01/26/2019 11:05:00 AM,2,0,0,,N,402660,4,ANGLE,21,CLEAR,1,DAYLIGHT,12,MOTOR VEHICLE IN TRANSPORT,LYNNWOOD BLVD & HILLWOOD BLVD,NASHVILLE,TN,37205,6119,WEST,36.1223,-86.8513,POINT (-86.8513 36.1223)
20190269156,04/08/2019 05:30:00 AM,1,0,0,,N,280010,0,NOT COLLISION W/MOTOR VEHICLE-TRANSPORT,2,RAIN,2,DARK - NOT LIGHTED,36,CONCRETE TRAFFIC BARRIER,MM 54 3 I 24,NASHVILLE,TN,37211,84020,SOUTH,36.1034,-86.7148,POINT (-86.7148 36.1034)
20190467968,06/20/2019 11:35:00 AM,2,1,0,,N,352161,11,Front to Rear,21,CLEAR,1,DAYLIGHT,12,MOTOR VEHICLE IN TRANSPORT,TAMPA DR & HARDING PL,NASHVILLE,TN,37211,8705,SOUTH,36.0827,-86.7105,POINT (-86.7105 36.0827)
20190396732,05/24/2019 07:04:00 AM,2,1,0,,N,191578,11,Front to Rear,21,CLEAR,1,DAYLIGHT,12,MOTOR VEHICLE IN TRANSPORT,LEBANON PKE & SHUTE LN,HERMITAGE,TN,37076,9535,HERMIT,36.2146,-86.6047,POINT (-86.6047 36.2146)
20190001758,01/01/2019 07:46:00 PM,2,0,0,,N,240960,4,ANGLE,21,CLEAR,3,DARK - LIGHTED,12,MOTOR VEHICLE IN TRANSPORT,WHITES CREEK PKE & AUCTION WAY,NASHVILLE,TN,37207,1913,EAST,36.1912,-86.7751,POINT (-86.7751 36.1912)
20190173848,03/05/2019 07:15:00 AM,2,0,0,,N,402660,4,ANGLE,21,CLEAR,1,DAYLIGHT,12,MOTOR VEHICLE IN TRANSPORT,WEST END AV & I440 W ENT RAMP,NASHVILLE,TN,37205,6002,WEST,36.137,-86.8215,POINT (-86.8215 36.137)
20190518681,07/11/2019 12:00:00 AM,2,1,0,,Y,468098,2,HEAD-ON,21,CLEAR,2,DARK - NOT LIGHTED,12,MOTOR VEHICLE IN TRANSPORT,KEELEY DR & HAYWOOD LN,NASHVILLE,TN,37211,8709,SOUTH,36.0697,-86.6959,POINT (-86.6959 36.0697)
20190356395,05/09/2019 01:39:00 PM,3,0,0,,N,352158,4,ANGLE,2,RAIN,1,DAYLIGHT,12,MOTOR VEHICLE IN TRANSPORT,OLD HICKORY BLVD & BRENTWOOD EAST DR,NASHVILLE,TN,37211,8651,MIDTOW,36.0452,-86.7154,POINT (-86.7154 36.0452)
20190060279,01/23/2019 06:05:00 PM,2,0,0,,N,279214,11,Front to Rear,2,RAIN,3,DARK - LIGHTED,12,MOTOR VEHICLE IN TRANSPORT,FRANKLIN PKE & SOUTHMEADE PKWY,NASHVILLE,TN,37204,7013,MIDTOW,36.0929,-86.7714,POINT (-86.7714 36.0929)
20190325890,04/28/2019 02:00:00 AM,1,1,0,,Y,256569,0,NOT COLLISION W/MOTOR VEHICLE-TRANSPORT,21,CLEAR,2,DARK - NOT LIGHTED,25;63,GUARDRAIL END;Ran Off Road-Right,MYATT BLVD & MYATT DR,MADISON,TN,37115,1715,MADISO,36.2819,-86.6919,POINT (-86.6919 36.2819)
20190429005,06/05/2019 12:18:00 PM,2,0,0,,N,137872,11,Front to Rear,21,CLEAR,1,DAYLIGHT,12,MOTOR VEHICLE IN TRANSPORT,OLD HICKORY BLVD & CENTRAL PKE,HERMITAGE,TN,37076,9557,HERMIT,36.1676,-86.7787,POINT (-86.7787 36.1676)
20190343170,05/04/2019 02:05:00 PM,3,0,0,,Y,330417,11,Front to Rear,21,CLEAR,1,DAYLIGHT,12;14,MOTOR VEHICLE IN TRANSPORT;PARKED MOTOR VEHICLE,DUE WEST AVN & PORT DR,MADISON,TN,37115,2041,MADISO,36.2538,-86.744,POINT (-86.744 36.2538)
20190376376,05/16/2019 10:14:00 PM,1,0,0,,N,493312,0,NOT COLLISION W/MOTOR VEHICLE-TRANSPORT,21,CLEAR,3,DARK - LIGHTED,15,OTHER TYPE NON-MOTORIST,DEMONBREUN ST & 14TH AVS,NASHVILLE,TN,37203,6721,MIDTOW,36.1536,-86.7884,POINT (-86.7884 36.1536)
20190576049,08/02/2019 09:56:00 PM,2,0,0,,N,169425,4,ANGLE,21,CLEAR,3,DARK - LIGHTED,12,MOTOR VEHICLE IN TRANSPORT,BROADWAY & 16TH AVS,NASHVILLE,TN,37203,5701,MIDTOW,36.1543,-86.7929,POINT (-86.7929 36.1543)