Accident Number,Date and Time,Number of Motor Vehicles,Number of Injuries,Number of Fatalities,Property Damage,Hit and Run,Reporting Officer,Collision Type Code,Collision Type Description,Weather Code,Weather Description,Illumination Code,Illumination Description,Harmful Code,Harmful Code Description,Street Address,City,State,ZIP,RPA,Precinct,Latitude,Longitude,Mapped Location
20190188798,03/10/2019 01:23:00 PM,1,1,0,Y,N,320575,0,NOT COLLISION W/MOTOR VEHICLE-TRANSPORT,21,CLEAR,1,DAYLIGHT,30;63,UTILITY POLE;Ran Off Road-Right,PRESTON RD & CANE RIDGE RD,ANTIOCH,TN,37013,8753,SOUTH,36.0346,-86.6602,POINT (-86.6602 36.0346)
20190498197,07/02/2019 10:04:00 AM,2,0,0,,N,716886,11,Front to Rear,21,CLEAR,1,DAYLIGHT,12,MOTOR VEHICLE IN TRANSPORT,HOBSON PKE & MURFREESBORO PKE,ANTIOCH,TN,37013,8867,SOUTH,36.043,-86.6066,POINT (-86.6066 36.043)
20190399975,05/25/2019 10:06:00 AM,2,1,0,,N,320575,11,Front to Rear,21,CLEAR,1,DAYLIGHT,12,MOTOR VEHICLE IN TRANSPORT,TUSCULUM RD & SHACKLETT LANE CT,ANTIOCH,TN,37013,8713,SOUTH,36.0529,-86.6747,POINT (-86.6747 36.0529)
20190425373,06/04/2019 09:18:00 AM,2,0,0,,N,716886,11,Front to Rear,21,CLEAR,1,DAYLIGHT,12,MOTOR VEHICLE IN TRANSPORT,FRANKLIN LIMESTONE RD & ANTIOCH PKE,ANTIOCH,TN,37013,8899,SOUTH,36.0808,-86.6845,POINT (-86.6845 36.0808)
20190410637,05/29/2019 04:10:00 PM,2,0,0,,Y,352184,11,Front to Rear,21,CLEAR,1,DAYLIGHT,12,MOTOR VEHICLE IN TRANSPORT,OPRY MILLS DR & SHELBY BOTTOMS GRNWY,NASHVILLE,TN,37214,9209,HERMIT,36.2013,-86.6941,POINT (-86.6941 36.2013)
20190278784,04/11/2019 12:30:00 PM,2,0,0,,Y,420035,4,ANGLE,21,CLEAR,1,DAYLIGHT,12,MOTOR VEHICLE IN TRANSPORT,GALLATIN PKES & BRINK HAVEN AV,MADISON,TN,37115,1507,MADISO,36.2511,-86.7182,POINT (-86.7182 36.2511)
20190048948,01/19/2019 06:23:00 AM,1,0,0,,N,298866,0,NOT COLLISION W/MOTOR VEHICLE-TRANSPORT,2,RAIN,2,DARK - NOT LIGHTED,39,WALL,MM 201 4 I 40,NASHVILLE,TN,37209,46027,WEST,36.1343,-86.8953,POINT (-86.8953 36.1343)
20190238773,03/27/2019 10:19:00 PM,2,0,0,,Y,,11,Front to Rear,21,CLEAR,7,Dark-Unknown Lighting,12,MOTOR VEHICLE IN TRANSPORT,MM 211 4 I 40,NASHVILLE,TN,37210,8204,HERMIT,36.1517,-86.7525,POINT (-86.7525 36.1517)
20190041676,01/16/2019 04:01:00 PM,2,2,0,,N,256419,5,SIDESWIPE - SAME DIRECTION,21,CLEAR,1,DAYLIGHT,12,MOTOR VEHICLE IN TRANSPORT,16TH AVN & PHILLIPS ST,NASHVILLE,TN,37208,5417,NORTH,36.1684,-86.8022,POINT (-86.8022 36.1684)
20190142103,02/21/2019 01:00:00 PM,2,0,0,,N,226092,5,SIDESWIPE - SAME DIRECTION,22,CLOUDY,1,DAYLIGHT,12,MOTOR VEHICLE IN TRANSPORT,CHARLOTTE AV & 23RD AVN,NASHVILLE,TN,37209,5339,NORTH,36.1558,-86.8097,POINT (-86.8097 36.1558)
20190054178,01/21/2019 02:38:00 PM,2,0,0,,N,429193,11,Front to Rear,21,CLEAR,1,DAYLIGHT,12,MOTOR VEHICLE IN TRANSPORT,CHARLOTTE PK & OLD CHARLOTTE PK,NASHVILLE,TN,37205,5007,WEST,36.1318,-86.8955,POINT (-86.8955 36.1318)
20190213099,03/19/2019 08:30:00 AM,2,1,0,,N,665896,11,Front to Rear,21,CLEAR,1,DAYLIGHT,12,MOTOR VEHICLE IN TRANSPORT,ELLINGTON PKWYS & SPRING ST ENT RAMP,NASHVILLE,TN,37207,19961,EAST,36.1766,-86.7658,POINT (-86.7658 36.1766)
20190289720,04/15/2019 06:46:00 PM,2,1,0,,N,299241,11,Front to Rear,21,CLEAR,1,DAYLIGHT,12,MOTOR VEHICLE IN TRANSPORT,CHANDLER RD & TULIP GROVE RD,HERMITAGE,TN,37076,9523,HERMIT,36.1997,-86.592,POINT (-86.592 36.1997)
20190149888,02/24/2019 12:18:00 PM,2,0,0,Y,N,109527,4,ANGLE,21,CLEAR,1,DAYLIGHT,12,MOTOR VEHICLE IN TRANSPORT,OLD HICKORY BLVD & MILLS RD,HERMITAGE,TN,37076,9527,HERMIT,36.1695,-86.6011,POINT (-86.6011 36.1695)
20190081465,01/30/2019 11:15:00 PM,2,2,0,,N,212321,4,ANGLE,22,CLOUDY,3,DARK - LIGHTED,12,MOTOR VEHICLE IN TRANSPORT,I24 W EXT RAMP & I 24,NASHVILLE,TN,37211,8829,SOUTH,36.1074,-86.7197,POINT (-86.7197 36.1074)
20190574726,08/02/2019 12:46:00 PM,2,0,0,,Y,485261,4,ANGLE,21,CLEAR,1,DAYLIGHT,12,MOTOR VEHICLE IN TRANSPORT,2ND AVS & ASH ST,NASHVILLE,TN,37210,4029,CENTRA,36.1533,-86.7696,POINT (-86.7696 36.1533)
20190510907,07/07/2019 07:48:00 PM,1,0,0,,N,298874,0,NOT COLLISION W/MOTOR VEHICLE-TRANSPORT,2,RAIN,1,DAYLIGHT,36,CONCRETE TRAFFIC BARRIER,MM 49 1 I 24,NASHVILLE,TN,37206,10040,EAST,36.1647,-86.7634,POINT (-86.7634 36.1647)
20190384989,05/20/2019 11:30:00 AM,2,0,0,,N,256502,4,ANGLE,21,CLEAR,1,DAYLIGHT,12,MOTOR VEHICLE IN TRANSPORT,DR D B TODD JR BLVD & HERMOSA ST,NASHVILLE,TN,37208,5331,NORTH,36.1643,-86.8044,POINT (-86.8044 36.1643)
20190186235,03/09/2019 06:50:00 AM,2,0,0,Y,N,481573,4,ANGLE,2,RAIN,1,DAYLIGHT,55,Motor Vehicle-In-Motion Outside Trafficw,31ST AVN & POSTON AV,NASHVILLE,TN,37203,5625,MIDTOW,36.1443,-86.8165,POINT (-86.8165 36.1443)
20190217558,03/20/2019 02:30:00 PM,2,0,0,,N,876597,6,SIDESWIPE - OPPOSITE DIRECTION,21,CLEAR,1,DAYLIGHT,12,MOTOR VEHICLE IN TRANSPORT,MM 56 2 I 24,NASHVILLE,TN,37211,88100,SOUTH,36.0799,-86.6961,POINT (-86.6961 36.0799)
20190247052,03/30/2019 10:26:00 PM,1,1,0,,N,298879,0,NOT COLLISION W/MOTOR VEHICLE-TRANSPORT,22,CLOUDY,2,DARK - NOT LIGHTED,30;9,UTILITY POLE,OLD HARDING PKE & POPLAR CREEK TRC,NASHVILLE,TN,37221,4819,WEST,36.0507,-86.9525,POINT (-86.9525 36.0507)
20190474099,06/22/2019 09:58:00 PM,1,0,0,Y,Y,311332,0,NOT COLLISION W/MOTOR VEHICLE-TRANSPORT,21,CLEAR,3,DARK - LIGHTED,27,H-WAY TRAFFIC SIGNAL POST,MM 193 6 I 40,NASHVILLE,TN,37221,4704,WEST,36.0778,-86.9999,POINT (-86.9999 36.0778)
20190229101,03/24/2019 07:01:00 PM,3,0,0,,Y,256499,5,SIDESWIPE - SAME DIRECTION,21,CLEAR,3,DARK - LIGHTED,14,PARKED MOTOR VEHICLE,CHURCH ST & 16TH AVN,NASHVILLE,TN,37203,5519,MIDTOW,36.1562,-86.7953,POINT (-86.7953 36.1562)
20190513951,07/09/2019 07:59:00 AM,2,2,0,,Y,716886,4,ANGLE,21,CLEAR,1,DAYLIGHT,12,MOTOR VEHICLE IN TRANSPORT,BELL RD & OLD HICKORY BLVD,ANTIOCH,TN,37013,8755,SOUTH,36.0453,-86.7017,POINT (-86.7017 36.0453)
20190299682,04/18/2019 04:34:00 PM,2,0,0,,N,197054,11,Front to Rear,21,CLEAR,1,DAYLIGHT,12,MOTOR VEHICLE IN TRANSPORT,I40 E ENT RAMP & I 40,NASHVILLE,TN,37205,4903,WEST,36.1109,-86.922,POINT (-86.922 36.1109)
20190138181,02/20/2019 08:41:00 AM,2,0,0,,Y,834798,5,SIDESWIPE - SAME DIRECTION,2,RAIN,1,DAYLIGHT,12,MOTOR VEHICLE IN TRANSPORT,MM 1 7 I 440,NASHVILLE,TN,37209,5312,NORTH,36.1536,-86.8226,POINT (-86.8226 36.1536)
20190077146,01/29/2019 04:16:00 PM,2,0,0,,N,151132,11,Front to Rear,21,CLEAR,1,DAYLIGHT,12,MOTOR VEHICLE IN TRANSPORT,DICKERSON PKE & DICKERSON PKE ENT RAMP,MADISON,TN,37115,2009,MADISO,36.242,-86.7571,POINT (-86.7571 36.242)
20190530542,07/16/2019 12:00:00 AM,2,0,0,,Y,352185,5,SIDESWIPE - SAME DIRECTION,99,UNKNOWN,9,UNKNOWN,12;14,MOTOR VEHICLE IN TRANSPORT;PARKED MOTOR VEHICLE,SAILMIST PT & WINDCREST TRL,ANTIOCH,TN,37013,8907,SOUTH,36.0604,-86.5896,POINT (-86.5896 36.0604)
20190040539,01/16/2019 08:05:00 AM,1,0,0,,N,224955,0,NOT COLLISION W/MOTOR VEHICLE-TRANSPORT,22,CLOUDY,1,DAYLIGHT,34,DITCH,BRICK CHURCH PKE & JACKSON RD,WHITES CREEK,TN,37189,2105,MADISO,36.2959,-86.782,POINT (-86.782 36.2959)
20190349177,05/07/2019 02:50:00 AM,2,1,0,,N,299248,11,Front to Rear,21,CLEAR,2,DARK - NOT LIGHTED,12,MOTOR VEHICLE IN TRANSPORT,MM 57 8 I 24,ANTIOCH,TN,37013,87060,SOUTH,36.06,-86.6798,POINT (-86.6798 36.06)
20190050702,01/20/2019 02:15:00 AM,1,0,0,Y,N,279212,0,NOT COLLISION W/MOTOR VEHICLE-TRANSPORT,3,"SLEET, HAIL",2,DARK - NOT LIGHTED,24,GUARDRAIL FACE,MM 200 6 I 40,NASHVILLE,TN,37209,4708,WEST,36.1261,-86.904,POINT (-86.904 36.1261)
20190433969,06/07/2019 10:53:00 AM,2,0,0,,N,320595,11,Front to Rear,2,RAIN,1,DAYLIGHT,12,MOTOR VEHICLE IN TRANSPORT,MURFREESBORO PKE & AIR FREIGHT BLVD,NASHVILLE,TN,37217,8841,SOUTH,36.1102,-86.6825,POINT (-86.6825 36.1102)
20190365553,05/13/2019 08:17:00 AM,2,0,0,,N,179580,11,Front to Rear,21,CLEAR,1,DAYLIGHT,12,MOTOR VEHICLE IN TRANSPORT,ROSA L PARKS BLVD & VANTAGE WAY CT,NASHVILLE,TN,37228,4445,NORTH,36.1923,-86.8001,POINT (-86.8001 36.1923)
20190048125,01/18/2019 09:13:00 PM,3,0,0,,Y,151132,4,ANGLE,22,CLOUDY,2,DARK - NOT LIGHTED,14,PARKED MOTOR VEHICLE,CHEYENNE BLVD & SANDHURST DR,MADISON,TN,37115,1617,MADISO,36.26,-86.679,POINT (-86.679 36.26)
20190112461,02/11/2019 10:10:00 AM,2,0,0,,N,676834,11,Front to Rear,22,CLOUDY,1,DAYLIGHT,12,MOTOR VEHICLE IN TRANSPORT,MM 86 5 I 65,NASHVILLE,TN,37207,3006,NORTH,36.1946,-86.7762,POINT (-86.7762 36.1946)
20190001247,01/01/2019 02:51:00 PM,2,1,0,,N,197068,4,ANGLE,22,CLOUDY,1,DAYLIGHT,12,MOTOR VEHICLE IN TRANSPORT,N 1ST ST & OLDHAM ST,NASHVILLE,TN,37213,1985,CENTRA,36.1744,-86.7742,POINT (-86.7742 36.1744)
20190565217,07/29/2019 09:47:00 PM,2,1,0,,N,429193,11,Front to Rear,21,CLEAR,3,DARK - LIGHTED,12,MOTOR VEHICLE IN TRANSPORT,POST RD & HILLWOOD BLVD,NASHVILLE,TN,37205,5001,WEST,36.1246,-86.8556,POINT (-86.8556 36.1246)
20190571885,08/01/2019 11:47:00 AM,2,1,0,,N,109534,5,SIDESWIPE - SAME DIRECTION,21,CLEAR,1,DAYLIGHT,12,MOTOR VEHICLE IN TRANSPORT,BRILEY PKWY S EXT RAMP & MURFREESBORO PK,NASHVILLE,TN,37217,8823,HERMIT,36.1194,-86.7017,POINT (-86.7017 36.1194)
20190329060,04/29/2019 12:38:00 PM,2,0,0,,Y,137872,4,ANGLE,21,CLEAR,1,DAYLIGHT,13,MOTOR VEHICLE IN TRANSPORT-OTHER ROADWAY,MOSSDALE DR & BELL RD,NASHVILLE,TN,37217,8937,HERMIT,36.0828,-86.6287,POINT (-86.6287 36.0828)
20190307468,04/21/2019 10:40:00 PM,2,0,0,,Y,256569,6,SIDESWIPE - OPPOSITE DIRECTION,21,CLEAR,2,DARK - NOT LIGHTED,12,MOTOR VEHICLE IN TRANSPORT,NEELYS BEND RD & IDLEWILD AV,MADISON,TN,37115,1625,MADISO,36.2556,-86.7073,POINT (-86.7073 36.2556)
20190554523,07/25/2019 07:50:00 AM,2,0,0,,Y,306231,11,Front to Rear,21,CLEAR,1,DAYLIGHT,12,MOTOR VEHICLE IN TRANSPORT,JEFFERSON ST & ED TEMPLE BLVD,NASHVILLE,TN,37209,4521,NORTH,36.1678,-86.8208,POINT (-86.8208 36.1678)
20190346719,05/06/2019 08:37:00 AM,2,1,0,,N,375570,4,ANGLE,21,CLEAR,1,DAYLIGHT,12,MOTOR VEHICLE IN TRANSPORT,ROBINSON RD & INDUSTRIAL DR,OLD HICKORY,TN,37138,9611,HERMIT,36.263,-86.6618,POINT (-86.6618 36.263)
20190041505,01/16/2019 02:30:00 PM,2,0,0,,Y,256427,5,SIDESWIPE - SAME DIRECTION,21,CLEAR,1,DAYLIGHT,12,MOTOR VEHICLE IN TRANSPORT,FESSLERS LN & I40 W ENT RAMP,NASHVILLE,TN,37210,9011,HERMIT,36.1478,-86.7435,POINT (-86.7435 36.1478)
20190093571,02/04/2019 12:20:00 PM,2,0,0,,N,226136,4,ANGLE,22,CLOUDY,1,DAYLIGHT,12,MOTOR VEHICLE IN TRANSPORT,MM 82 2 I 65,NASHVILLE,TN,37203,6804,MIDTOW,36.1456,-86.7776,POINT (-86.7776 36.1456)
20190293231,04/16/2019 04:58:00 PM,2,0,0,,Y,179606,4,ANGLE,21,CLEAR,1,DAYLIGHT,12,MOTOR VEHICLE IN TRANSPORT,HILLSBORO PKE & ABBOTT MARTIN RD,NASHVILLE,TN,37215,6111,WEST,36.1054,-86.8142,POINT (-86.8142 36.1054)
20190581439,08/05/2019 11:35:00 AM,3,0,0,,N,134899,16,Rear to Side,21,CLEAR,1,DAYLIGHT,12,MOTOR VEHICLE IN TRANSPORT,MURFREESBORO PKE & MCGAVOCK PKE,NASHVILLE,TN,37217,8841,SOUTH,36.1129,-86.689,POINT (-86.689 36.1129)
20190447030,06/12/2019 02:24:00 PM,2,1,0,,N,462474,4,ANGLE,22,CLOUDY,1,DAYLIGHT,12,MOTOR VEHICLE IN TRANSPORT,HARDING PL & I65 N EXT RAMP,NASHVILLE,TN,37220,8601,MIDTOW,36.0821,-86.7617,POINT (-86.7617 36.0821)
20190534884,07/17/2019 03:23:00 PM,3,0,0,,N,256389,11,Front to Rear,21,CLEAR,1,DAYLIGHT,12,MOTOR VEHICLE IN TRANSPORT,MM 210 1 I 40,NASHVILLE,TN,37203,4006,CENTRA,36.1492,-86.7751,POINT (-86.7751 36.1492)
20190461296,06/18/2019 04:17:00 AM,2,1,0,,N,110062,11,Front to Rear,21,CLEAR,3,DARK - LIGHTED,12,MOTOR VEHICLE IN TRANSPORT,MM 86 3 I 65,NASHVILLE,TN,37207,1910,CENTRA,36.1919,-86.7808,POINT (-86.7808 36.1919)
20190115305,02/12/2019 07:52:00 AM,2,0,0,,N,716886,11,Front to Rear,2,RAIN,1,DAYLIGHT,12,MOTOR VEHICLE IN TRANSPORT,MM 56 3 I 24,NASHVILLE,TN,37211,8708,SOUTH,36.0778,-86.6951,POINT (-86.6951 36.0778)
20190221297,03/21/2019 07:07:00 PM,2,0,0,,N,134903,11,Front to Rear,21,CLEAR,3,DARK - LIGHTED,12,MOTOR VEHICLE IN TRANSPORT,OLD HICKORY BLVD & CHANDLER PL,HERMITAGE,TN,37076,9561,HERMIT,36.183,-86.6093,POINT (-86.6093 36.183)
20190145877,02/22/2019 06:38:00 PM,2,0,0,,N,184870,4,ANGLE,2,RAIN,3,DARK - LIGHTED,13,MOTOR VEHICLE IN TRANSPORT-OTHER ROADWAY,53RD AVN & CHARLOTTE AV,NASHVILLE,TN,37209,5121,WEST,36.1519,-86.8512,POINT (-86.8512 36.1519)
20190230415,03/25/2019 07:45:00 AM,2,0,0,,Y,538214,5,SIDESWIPE - SAME DIRECTION,22,CLOUDY,1,DAYLIGHT,12,MOTOR VEHICLE IN TRANSPORT,2ND AVS & KOREAN VETERANS BLVD,NASHVILLE,TN,37201,4047,CENTRA,36.1576,-86.7724,POINT (-86.7724 36.1576)
20190489391,06/28/2019 06:00:00 PM,1,0,0,Y,N,311344,0,NOT COLLISION W/MOTOR VEHICLE-TRANSPORT,21,CLEAR,1,DAYLIGHT,19,BUILDING,CANDLEWOOD DR & CANDLEBROOK CT,MADISON,TN,37115,1633,MADISO,36.2468,-86.679,POINT (-86.679 36.2468)
20190499857,07/02/2019 10:22:00 PM,2,0,0,,Y,110062,4,ANGLE,21,CLEAR,3,DARK - LIGHTED,12,MOTOR VEHICLE IN TRANSPORT,S 1ST ST & WOODLAND ST,NASHVILLE,TN,37213,1133,CENTRA,36.1691,-86.7723,POINT (-86.7723 36.1691)
20190169477,03/03/2019 08:59:00 PM,2,0,0,,Y,419972,3,REAR-TO-REAR,21,CLEAR,3,DARK - LIGHTED,14,PARKED MOTOR VEHICLE,MURPHY RD & MURPHY RD 46TH AV N ROUND,NASHVILLE,TN,37209,5207,WEST,36.141,-86.8409,POINT (-86.8409 36.141)
20190496203,07/01/2019 05:20:00 PM,2,0,0,,N,311328,4,ANGLE,21,CLEAR,1,DAYLIGHT,12,MOTOR VEHICLE IN TRANSPORT,MM 48 0 I 24,NASHVILLE,TN,37213,1908,CENTRA,36.1759,-86.7721,POINT (-86.7721 36.1759)
20190312063,04/23/2019 07:50:00 AM,2,1,0,,N,420035,11,Front to Rear,21,CLEAR,1,DAYLIGHT,12,MOTOR VEHICLE IN TRANSPORT,GALLATIN PKES & W WEBSTER ST,MADISON,TN,37115,1507,MADISO,36.2519,-86.7177,POINT (-86.7177 36.2519)
20190092793,02/04/2019 06:52:00 AM,2,0,0,,N,676834,11,Front to Rear,22,CLOUDY,3,DARK - LIGHTED,12,MOTOR VEHICLE IN TRANSPORT,ROSA L PARKS BLVD & I65 S EXT RAMP,NASHVILLE,TN,37208,4405,NORTH,36.1861,-86.7984,POINT (-86.7984 36.1861)
20190301861,04/19/2019 11:29:00 AM,2,0,0,,N,226622,0,NOT COLLISION W/MOTOR VEHICLE-TRANSPORT,2,RAIN,1,DAYLIGHT,42;63;7,TREE;Ran Off Road-Right,GRAYBAR LN & HILLSBORO PKE,NASHVILLE,TN,37215,6105,WEST,36.1112,-86.8113,POINT (-86.8113 36.1112)
20190462700,06/18/2019 04:24:00 PM,2,1,0,,N,279225,4,ANGLE,21,CLEAR,1,DAYLIGHT,12,MOTOR VEHICLE IN TRANSPORT,SOUTHWOOD PARK PL & GLASTONBURY RD,NASHVILLE,TN,37217,8827,HERMIT,36.1362,-86.7029,POINT (-86.7029 36.1362)
20190575252,08/02/2019 05:00:00 PM,2,0,0,,N,256448,4,ANGLE,21,CLEAR,1,DAYLIGHT,12,MOTOR VEHICLE IN TRANSPORT,DONELSON PKE & I40 W ENT RAMP,NASHVILLE,TN,37214,9103,HERMIT,36.143,-86.6667,POINT (-86.6667 36.143)
20190434922,06/07/2019 04:45:00 PM,2,0,0,,N,256412,11,Front to Rear,21,CLEAR,1,DAYLIGHT,12,MOTOR VEHICLE IN TRANSPORT,MM 51 5 I 24,NASHVILLE,TN,37210,9004,HERMIT,36.1404,-86.7287,POINT (-86.7287 36.1404)
20190241250,03/28/2019 04:50:00 PM,2,1,0,,N,256380,4,ANGLE,21,CLEAR,1,DAYLIGHT,12,MOTOR VEHICLE IN TRANSPORT,DOMINICAN DR & ROSA L PARKS BLVD,NASHVILLE,TN,37228,4445,NORTH,36.1879,-86.7985,POINT (-86.7985 36.1879)
20190139033,02/20/2019 03:10:00 PM,3,2,0,,N,161948,11,Front to Rear,2,RAIN,1,DAYLIGHT,12,MOTOR VEHICLE IN TRANSPORT,MCGAVOCK PKE & SELMA AV,NASHVILLE,TN,37214,9307,HERMIT,36.175,-86.679,POINT (-86.679 36.175)
20190433746,06/07/2019 08:58:00 AM,1,0,0,Y,N,320574,0,NOT COLLISION W/MOTOR VEHICLE-TRANSPORT,2,RAIN,1,DAYLIGHT,36,CONCRETE TRAFFIC BARRIER,MM 215 7 I 40,NASHVILLE,TN,37217,89020,HERMIT,36.1426,-86.6823,POINT (-86.6823 36.1426)
20190152268,02/25/2019 11:50:00 AM,2,0,0,,Y,320601,4,ANGLE,21,CLEAR,1,DAYLIGHT,12,MOTOR VEHICLE IN TRANSPORT,PEACHTREE ST & BURBANK AV,NASHVILLE,TN,37210,8347,SOUTH,36.1202,-86.7453,POINT (-86.7453 36.1202)
20190340829,05/03/2019 01:55:00 PM,2,0,0,,N,109534,4,ANGLE,22,CLOUDY,1,DAYLIGHT,12,MOTOR VEHICLE IN TRANSPORT,LEBANON PKE & EDDINGS LN,NASHVILLE,TN,37214,9401,HERMIT,36.1672,-86.6619,POINT (-86.6619 36.1672)
20190309608,04/22/2019 04:08:00 PM,2,1,0,,N,151132,4,ANGLE,21,CLEAR,1,DAYLIGHT,12,MOTOR VEHICLE IN TRANSPORT,OLD HICKORY BLVDW & BEVERLY DR,MADISON,TN,37115,1749,MADISO,36.2641,-86.7252,POINT (-86.7252 36.2641)
20190554802,07/25/2019 09:56:00 AM,1,0,0,,N,553957,0,NOT COLLISION W/MOTOR VEHICLE-TRANSPORT,21,CLEAR,1,DAYLIGHT,18,OTHER OBJECT (NOT FIXED),MM 218 9 I 40,NASHVILLE,TN,37214,9404,HERMIT,36.1554,-86.6301,POINT (-86.6301 36.1554)
20190130786,02/17/2019 09:53:00 PM,1,0,0,,N,279233,0,NOT COLLISION W/MOTOR VEHICLE-TRANSPORT,21,CLEAR,3,DARK - LIGHTED,24,GUARDRAIL FACE,MM 51 4 I 24,NASHVILLE,TN,37210,82061,HERMIT,36.1388,-86.7284,POINT (-86.7284 36.1388)
20190162087,02/28/2019 04:56:00 PM,2,1,0,,N,725756,4,ANGLE,21,CLEAR,5,DUSK,12;27;71,MOTOR VEHICLE IN TRANSPORT;H-WAY TRAFFIC SIGNAL POST;EMBANKMENT EARTH,HIGHWAY 70S & CHARLOTTE PKE,NASHVILLE,TN,37221,4709,WEST,36.0917,-86.9812,POINT (-86.9812 36.0917)
20190409854,05/29/2019 10:31:00 AM,1,1,0,,N,109534,0,NOT COLLISION W/MOTOR VEHICLE-TRANSPORT,21,CLEAR,1,DAYLIGHT,25;33;7,GUARDRAIL END;CURB,HERMITAGE AV & FAIRFIELD AV,NASHVILLE,TN,37210,9005,HERMIT,36.1539,-86.7564,POINT (-86.7564 36.1539)
20190497882,07/02/2019 08:00:00 AM,1,0,0,,N,676834,0,NOT COLLISION W/MOTOR VEHICLE-TRANSPORT,21,CLEAR,1,DAYLIGHT,10,RAILWAY TRAIN,19TH AVN & BRITT PL,NASHVILLE,TN,37208,5355,NORTH,36.1627,-86.8045,POINT (-86.8045 36.1627)
20190175197,03/05/2019 03:40:00 PM,1,0,0,Y,N,179583,0,NOT COLLISION W/MOTOR VEHICLE-TRANSPORT,21,CLEAR,1,DAYLIGHT,31,"OTHER POST, POLE, SUPP.",LAFAYETTE ST & 2ND AVS,NASHVILLE,TN,37210,8201,HERMIT,36.1507,-86.768,POINT (-86.768 36.1507)
20190161958,02/28/2019 03:59:00 PM,2,0,0,,N,311333,11,Front to Rear,5,FOG,1,DAYLIGHT,12,MOTOR VEHICLE IN TRANSPORT,NOLENSVILLE PKE & CONCORD HILLS DR,NASHVILLE,TN,37211,8651,MIDTOW,35.9995,-86.6934,POINT (-86.6934 35.9995)
20190060179,01/23/2019 04:18:00 PM,2,0,0,,N,240976,5,SIDESWIPE - SAME DIRECTION,2,RAIN,5,DUSK,12,MOTOR VEHICLE IN TRANSPORT,BRILEY PKWYE & I65 S EXT RAMP,MADISON,TN,37115,20122,MADISO,36.241,-86.7549,POINT (-86.7549 36.241)
20190540901,07/19/2019 08:49:00 PM,2,2,0,,N,256386,4,ANGLE,21,CLEAR,2,DARK - NOT LIGHTED,12,MOTOR VEHICLE IN TRANSPORT,BELL RD & RAMP,NASHVILLE,TN,37214,8989,HERMIT,36.1124,-86.6304,POINT (-86.6304 36.1124)
20190258410,04/04/2019 12:13:00 AM,1,0,0,Y,N,415780,0,NOT COLLISION W/MOTOR VEHICLE-TRANSPORT,21,CLEAR,3,DARK - LIGHTED,33;41;42,CURB;SHRUBBERY;TREE,1 WOODMONT BLVD,NASHVILLE,TN,37215,6419,MIDTOW,36.114,-86.8107,POINT (-86.8107 36.114)
20190223739,03/22/2019 01:25:00 PM,2,0,0,,N,676834,5,SIDESWIPE - SAME DIRECTION,21,CLEAR,1,DAYLIGHT,14,PARKED MOTOR VEHICLE,22ND AVN & HERMAN ST,NASHVILLE,TN,37208,5319,NORTH,36.1623,-86.8102,POINT (-86.8102 36.1623)
20190377657,05/17/2019 08:48:00 AM,2,0,0,,Y,226136,5,SIDESWIPE - SAME DIRECTION,21,CLEAR,1,DAYLIGHT,12,MOTOR VEHICLE IN TRANSPORT,MM 5 0 I 440,NASHVILLE,TN,37204,8306,MIDTOW,36.1164,-86.7714,POINT (-86.7714 36.1164)
20190167272,03/02/2019 05:58:00 PM,2,0,0,,Y,206682,2,HEAD-ON,21,CLEAR,1,DAYLIGHT,12,MOTOR VEHICLE IN TRANSPORT,RIVERGATE MALL PVTDR & RIVERGATE PKWY,GOODLETTSVILLE,TN,37072,1751,MADISO,36.3042,-86.7016,POINT (-86.7016 36.3042)
20190136178,02/19/2019 03:20:00 PM,2,0,0,,N,330413,11,Front to Rear,2,RAIN,1,DAYLIGHT,12,MOTOR VEHICLE IN TRANSPORT,FRANKLIN PKE & TYNE BLVD,NASHVILLE,TN,37220,7101,MIDTOW,36.0752,-86.7735,POINT (-86.7735 36.0752)
20190021409,01/09/2019 08:40:00 AM,2,0,0,,Y,665896,11,Front to Rear,21,CLEAR,1,DAYLIGHT,12,MOTOR VEHICLE IN TRANSPORT,PORTER RD & EASTLAND AV,NASHVILLE,TN,37206,1305,EAST,36.1825,-86.7333,POINT (-86.7333 36.1825)
20190257822,04/03/2019 06:46:00 PM,2,0,0,,N,279124,11,Front to Rear,21,CLEAR,1,DAYLIGHT,12,MOTOR VEHICLE IN TRANSPORT,BELL RD & OLD HICKORY BLVD,ANTIOCH,TN,37013,8755,SOUTH,36.0453,-86.7017,POINT (-86.7017 36.0453)
20190441539,06/10/2019 03:24:00 PM,2,0,0,,Y,330428,4,ANGLE,21,CLEAR,1,DAYLIGHT,12,MOTOR VEHICLE IN TRANSPORT,FOUNDRY DR & FUTURA DR,NASHVILLE,TN,37209,4673,WEST,36.1568,-86.8811,POINT (-86.8811 36.1568)
20190439066,06/09/2019 04:46:00 PM,2,1,0,,N,256426,11,Front to Rear,2,RAIN,1,DAYLIGHT,12,MOTOR VEHICLE IN TRANSPORT,MM 212 1 I 40,NASHVILLE,TN,37210,90041,HERMIT,36.1463,-86.7422,POINT (-86.7422 36.1463)
20190270759,04/08/2019 06:20:00 PM,2,0,0,,N,140806,5,SIDESWIPE - SAME DIRECTION,22,CLOUDY,1,DAYLIGHT,12,MOTOR VEHICLE IN TRANSPORT,FRANKLIN PKE & HAZELWOOD CIR,NASHVILLE,TN,37220,7101,MIDTOW,36.0838,-86.7723,POINT (-86.7723 36.0838)