Accident Number,Date and Time,Number of Motor Vehicles,Number of Injuries,Number of Fatalities,Property Damage,Hit and Run,Reporting Officer,Collision Type Code,Collision Type Description,Weather Code,Weather Description,Illumination Code,Illumination Description,Harmful Code,Harmful Code Description,Street Address,City,State,ZIP,RPA,Precinct,Latitude,Longitude,Mapped Location
20190488525,06/28/2019 11:13:00 AM,2,2,0,,N,191578,4,ANGLE,21,CLEAR,1,DAYLIGHT,12,MOTOR VEHICLE IN TRANSPORT,MASSMAN DR & PATRICIA DR,NASHVILLE,TN,37217,8825,HERMIT,36.1349,-86.7048,POINT (-86.7048 36.1349)
20190372402,05/15/2019 03:38:00 PM,2,0,0,,Y,256446,11,Front to Rear,21,CLEAR,1,DAYLIGHT,12,MOTOR VEHICLE IN TRANSPORT,MURFREESBORO PKE & HAMILTON CHURCH RD,ANTIOCH,TN,37013,8865,SOUTH,36.0649,-86.6286,POINT (-86.6286 36.0649)
20190397607,05/24/2019 01:45:00 PM,2,0,0,,N,352204,11,Front to Rear,21,CLEAR,1,DAYLIGHT,12,MOTOR VEHICLE IN TRANSPORT,MM 79 8 I 65,NASHVILLE,TN,37204,7004,MIDTOW,36.1111,-86.7715,POINT (-86.7715 36.1111)
20190568744,07/31/2019 07:50:00 AM,2,0,0,,N,279230,4,ANGLE,21,CLEAR,1,DAYLIGHT,12,MOTOR VEHICLE IN TRANSPORT,326 HARDING PL,NASHVILLE,TN,37211,8889,SOUTH,36.0868,-86.6946,POINT (-86.6946 36.0868)
20190095739,02/05/2019 05:00:00 AM,1,0,0,Y,Y,206672,0,NOT COLLISION W/MOTOR VEHICLE-TRANSPORT,21,CLEAR,3,DARK - LIGHTED,40,MAIL BOX,E OLD HICKORY BLVD & 3RD AV,MADISON,TN,37115,1607,MADISO,36.2625,-86.709,POINT (-86.709 36.2625)
20190422456,06/03/2019 12:00:00 AM,2,0,0,,N,429205,11,Front to Rear,21,CLEAR,1,DAYLIGHT,12,MOTOR VEHICLE IN TRANSPORT,MM 48 8 I 24,NASHVILLE,TN,37213,1104,CENTRA,36.1682,-86.7659,POINT (-86.7659 36.1682)
20190335403,05/01/2019 03:05:00 PM,2,0,0,,N,206675,5,SIDESWIPE - SAME DIRECTION,21,CLEAR,1,DAYLIGHT,12,MOTOR VEHICLE IN TRANSPORT,GRANNY WHITE PKE & OLD HICKORY BLVD,NASHVILLE,TN,37220,7111,MIDTOW,36.0397,-86.8164,POINT (-86.8164 36.0397)
20190511763,07/08/2019 07:00:00 AM,2,0,0,,N,279122,11,Front to Rear,21,CLEAR,1,DAYLIGHT,12,MOTOR VEHICLE IN TRANSPORT,MM 87 0 I 65,NASHVILLE,TN,37207,18020,EAST,36.2018,-86.7766,POINT (-86.7766 36.2018)
20190009584,01/04/2019 01:54:00 PM,2,0,0,,N,267831,11,Front to Rear,2,RAIN,1,DAYLIGHT,12,MOTOR VEHICLE IN TRANSPORT,I40 E EXT RAMP & I 40,NASHVILLE,TN,37214,8955,HERMIT,36.155,-86.6271,POINT (-86.6271 36.155)
20190203447,03/15/2019 02:56:00 PM,2,0,0,,N,206675,11,Front to Rear,21,CLEAR,1,DAYLIGHT,12,MOTOR VEHICLE IN TRANSPORT,OLD HICKORY BLVD & HICKORY TRACE DR,NASHVILLE,TN,37211,8651,MIDTOW,36.0454,-86.7185,POINT (-86.7185 36.0454)
20190052962,06/14/2019 03:00:00 PM,2,0,0,,N,134899,11,Front to Rear,21,CLEAR,1,DAYLIGHT,12,MOTOR VEHICLE IN TRANSPORT,LEBANON PKE & SHUTE LN,HERMITAGE,TN,37076,9535,HERMIT,36.2146,-86.6047,POINT (-86.6047 36.2146)
20190372466,05/15/2019 04:20:00 PM,2,0,0,,N,256384,4,ANGLE,21,CLEAR,1,DAYLIGHT,12,MOTOR VEHICLE IN TRANSPORT,4TH AVS & LAFAYETTE ST,NASHVILLE,TN,37203,4007,CENTRA,36.1515,-86.7711,POINT (-86.7711 36.1515)
20190371737,05/15/2019 10:43:00 AM,2,0,0,,Y,110063,16,Rear to Side,2,RAIN,1,DAYLIGHT,12,MOTOR VEHICLE IN TRANSPORT,BUENA VISTA PKE & TUCKER RD,NASHVILLE,TN,37218,3103,NORTH,36.2046,-86.8214,POINT (-86.8214 36.2046)
20190538600,07/19/2019 12:10:00 AM,2,0,0,Y,Y,256376,5,SIDESWIPE - SAME DIRECTION,22,CLOUDY,3,DARK - LIGHTED,12,MOTOR VEHICLE IN TRANSPORT,15TH AVN & CLAY ST,NASHVILLE,TN,37208,4413,NORTH,36.1817,-86.8095,POINT (-86.8095 36.1817)
20190270976,04/08/2019 08:32:00 PM,1,0,0,,N,240966,0,NOT COLLISION W/MOTOR VEHICLE-TRANSPORT,21,CLEAR,3,DARK - LIGHTED,30,UTILITY POLE,DICKERSON PKE & DICKERSON PKE NB ENT RAM,NASHVILLE,TN,37207,1961,EAST,36.1812,-86.7736,POINT (-86.7736 36.1812)
20190223626,03/22/2019 12:50:00 PM,2,1,0,,N,330427,5,SIDESWIPE - SAME DIRECTION,21,CLEAR,1,DAYLIGHT,12,MOTOR VEHICLE IN TRANSPORT,MM 55 0 I 24,NASHVILLE,TN,37211,8812,SOUTH,36.0948,-86.7069,POINT (-86.7069 36.0948)
20190354782,05/08/2019 09:15:00 PM,3,0,0,,Y,352207,11,Front to Rear,21,CLEAR,3,DARK - LIGHTED,12,MOTOR VEHICLE IN TRANSPORT,NOLENSVILLE PKE & ELYSIAN FIELDS RD,NASHVILLE,TN,37211,8415,SOUTH,36.0859,-86.7292,POINT (-86.7292 36.0859)
20190246174,03/30/2019 12:15:00 PM,2,0,0,,Y,591933,4,ANGLE,21,CLEAR,1,DAYLIGHT,12,MOTOR VEHICLE IN TRANSPORT,BELL RD & CANE RIDGE RD,ANTIOCH,TN,37013,8753,SOUTH,36.0449,-86.6631,POINT (-86.6631 36.0449)
20190293002,04/16/2019 06:00:00 PM,2,1,0,,N,714641,11,Front to Rear,21,CLEAR,1,DAYLIGHT,12,MOTOR VEHICLE IN TRANSPORT,3RD AVS & DEMONBREUN ST,NASHVILLE,TN,37201,4065,CENTRA,36.16,-86.7747,POINT (-86.7747 36.16)
20190226125,03/23/2019 12:10:00 PM,2,0,0,,N,320592,11,Front to Rear,21,CLEAR,1,DAYLIGHT,12,MOTOR VEHICLE IN TRANSPORT,MM 52 3 I 24,NASHVILLE,TN,37217,8818,HERMIT,36.1376,-86.7268,POINT (-86.7268 36.1376)
20190119397,02/13/2019 12:39:00 PM,1,0,0,Y,Y,191578,0,NOT COLLISION W/MOTOR VEHICLE-TRANSPORT,21,CLEAR,1,DAYLIGHT,24;25;36,GUARDRAIL FACE;GUARDRAIL END;CONCRETE TRAFFIC BARRIER,MM 211 1 I 40,NASHVILLE,TN,37210,8008,HERMIT,36.1539,-86.7571,POINT (-86.7571 36.1539)
20190474206,06/22/2019 10:55:00 PM,2,0,0,,N,212336,11,Front to Rear,21,CLEAR,3,DARK - LIGHTED,12,MOTOR VEHICLE IN TRANSPORT,BROADMOOR DR & HILLSIDE RD,NASHVILLE,TN,37207,1845,EAST,36.2298,-86.7563,POINT (-86.7563 36.2298)
20190382922,05/19/2019 02:40:00 PM,2,0,0,,Y,717341,4,ANGLE,22,CLOUDY,1,DAYLIGHT,12,MOTOR VEHICLE IN TRANSPORT,EAST RIDGE DR & HAYWOOD LN,NASHVILLE,TN,37211,8707,SOUTH,36.07,-86.6988,POINT (-86.6988 36.07)
20190525671,07/13/2019 11:01:00 PM,2,0,0,,N,212307,4,ANGLE,21,CLEAR,3,DARK - LIGHTED,12,MOTOR VEHICLE IN TRANSPORT,DIVISION ST & OVERTON ST,NASHVILLE,TN,37203,4011,CENTRA,36.1509,-86.7824,POINT (-86.7824 36.1509)
20190121673,02/14/2019 06:40:00 AM,3,1,0,,N,716886,4,ANGLE,21,CLEAR,1,DAYLIGHT,12,MOTOR VEHICLE IN TRANSPORT,MT VIEW RD & TRU LONG DR,ANTIOCH,TN,37013,8977,SOUTH,36.0669,-86.5998,POINT (-86.5998 36.0669)
20190167843,03/02/2019 11:04:00 PM,2,0,0,,N,256377,11,Front to Rear,21,CLEAR,3,DARK - LIGHTED,12,MOTOR VEHICLE IN TRANSPORT,OLD HICKORY BLVD & HERMITAGE MARKETPLACE,HERMITAGE,TN,37076,9531,HERMIT,36.1885,-86.6143,POINT (-86.6143 36.1885)
20190142510,02/21/2019 04:50:00 PM,2,0,0,,Y,320580,5,SIDESWIPE - SAME DIRECTION,2,RAIN,5,DUSK,12,MOTOR VEHICLE IN TRANSPORT,MCGAVOCK PKE & OLD ELM HILL PKE,NASHVILLE,TN,37214,9115,HERMIT,36.1521,-86.6839,POINT (-86.6839 36.1521)
20190356808,05/09/2019 04:57:00 PM,6,0,0,,N,151132,4,ANGLE,22,CLOUDY,1,DAYLIGHT,55,Motor Vehicle-In-Motion Outside Trafficw,GALLATIN PKEN & ONE MILE PKWY,MADISON,TN,37115,1717,MADISO,36.2794,-86.7088,POINT (-86.7088 36.2794)
20190085981,02/01/2019 09:10:00 AM,2,0,0,,N,225773,4,ANGLE,22,CLOUDY,1,DAYLIGHT,12,MOTOR VEHICLE IN TRANSPORT,THOMPSON LN & E IRIS DR,NASHVILLE,TN,37204,8525,MIDTOW,36.1117,-86.7607,POINT (-86.7607 36.1117)
20190423119,06/03/2019 12:00:00 PM,1,0,0,,N,728059,0,NOT COLLISION W/MOTOR VEHICLE-TRANSPORT,21,CLEAR,1,DAYLIGHT,18,OTHER OBJECT (NOT FIXED),MM 204 2 I 40,NASHVILLE,TN,37209,45023,WEST,36.1532,-86.8539,POINT (-86.8539 36.1532)
20190557977,07/26/2019 03:51:00 PM,2,0,0,,N,580819,11,Front to Rear,21,CLEAR,1,DAYLIGHT,12,MOTOR VEHICLE IN TRANSPORT,JAMES ROBERTSON PKWY & INTERSTATE DR,NASHVILLE,TN,37213,1105,CENTRA,36.1714,-86.769,POINT (-86.769 36.1714)
20190513344,07/08/2019 02:22:00 AM,2,0,0,,Y,200016,5,SIDESWIPE - SAME DIRECTION,21,CLEAR,7,Dark-Unknown Lighting,12,MOTOR VEHICLE IN TRANSPORT,CLIFTON AV & 34TH AVN,NASHVILLE,TN,37209,4549,WEST,36.1585,-86.8271,POINT (-86.8271 36.1585)
20190012784,01/05/2019 11:01:00 PM,1,0,0,,N,256492,0,NOT COLLISION W/MOTOR VEHICLE-TRANSPORT,21,CLEAR,3,DARK - LIGHTED,71,EMBANKMENT EARTH,I40 W EXT RAMP & I 40,NASHVILLE,TN,37203,4119,CENTRA,36.1574,-86.79,POINT (-86.79 36.1574)
20190050879,01/20/2019 04:40:00 AM,1,1,0,Y,N,279212,0,NOT COLLISION W/MOTOR VEHICLE-TRANSPORT,21,CLEAR,2,DARK - NOT LIGHTED,27,H-WAY TRAFFIC SIGNAL POST,MM 201 2 I 40,NASHVILLE,TN,37209,46027,WEST,36.132,-86.8976,POINT (-86.8976 36.132)
20190528918,07/15/2019 12:20:00 PM,2,0,0,,N,224955,4,ANGLE,22,CLOUDY,1,DAYLIGHT,12,MOTOR VEHICLE IN TRANSPORT,DICKERSON PKE & WESTCHESTER DR,NASHVILLE,TN,37207,2021,MADISO,36.2631,-86.7573,POINT (-86.7573 36.2631)
20190103234,02/07/2019 02:00:00 PM,2,0,0,,N,799013,4,ANGLE,22,CLOUDY,1,DAYLIGHT,12,MOTOR VEHICLE IN TRANSPORT,KNOBVIEW DR & OLD LEBANON PKE,NASHVILLE,TN,37214,9307,HERMIT,36.1703,-86.67,POINT (-86.67 36.1703)
20190003031,01/02/2019 07:32:00 AM,2,0,0,,N,191578,5,SIDESWIPE - SAME DIRECTION,21,CLEAR,1,DAYLIGHT,12,MOTOR VEHICLE IN TRANSPORT,LEBANON PKE & ANDREW JACKSON PKWY,HERMITAGE,TN,37076,9537,HERMIT,36.2151,-86.5962,POINT (-86.5962 36.2151)
20190033836,01/14/2019 12:00:00 AM,2,1,0,,N,320578,4,ANGLE,21,CLEAR,3,DARK - LIGHTED,14,PARKED MOTOR VEHICLE,MM 53 9 I 24,NASHVILLE,TN,37211,88122,SOUTH,36.1073,-86.7197,POINT (-86.7197 36.1073)
20190046249,01/18/2019 07:10:00 AM,2,0,0,,N,226136,4,ANGLE,22,CLOUDY,1,DAYLIGHT,12,MOTOR VEHICLE IN TRANSPORT,WEST END AV & MURPHY RD,NASHVILLE,TN,37212,5819,MIDTOW,36.1382,-86.8203,POINT (-86.8203 36.1382)
20190296179,04/17/2019 03:49:00 PM,2,0,0,,N,134899,5,SIDESWIPE - SAME DIRECTION,21,CLEAR,1,DAYLIGHT,12,MOTOR VEHICLE IN TRANSPORT,LEBANON PKE & TYLER DR,HERMITAGE,TN,37076,9719,HERMIT,36.1776,-86.6167,POINT (-86.6167 36.1776)
20190023142,01/09/2019 08:43:00 PM,2,0,0,Y,Y,226827,5,SIDESWIPE - SAME DIRECTION,21,CLEAR,3,DARK - LIGHTED,18;45,OTHER OBJECT (NOT FIXED);WORKING MOTOR VEHICLE,MM 92 8 I 65,MADISON,TN,37115,17062,MADISO,36.2724,-86.7362,POINT (-86.7362 36.2724)
20190130561,02/17/2019 06:35:00 PM,2,0,0,,Y,633391,5,SIDESWIPE - SAME DIRECTION,2,RAIN,3,DARK - LIGHTED,12,MOTOR VEHICLE IN TRANSPORT,MM 6 0 I 440,NASHVILLE,TN,37211,81060,MIDTOW,36.1217,-86.7565,POINT (-86.7565 36.1217)
20190102402,02/07/2019 07:25:00 AM,2,0,0,,N,311331,11,Front to Rear,22,CLOUDY,1,DAYLIGHT,12,MOTOR VEHICLE IN TRANSPORT,ELLINGTON PKWYS & ELLINGTON PKWYN,NASHVILLE,TN,37207,1995,EAST,36.1758,-86.7666,POINT (-86.7666 36.1758)
20190180486,03/07/2019 06:55:00 AM,2,0,0,,N,191578,11,Front to Rear,21,CLEAR,1,DAYLIGHT,12,MOTOR VEHICLE IN TRANSPORT,MM 219 6 I 40,HERMITAGE,TN,37076,94021,HERMIT,36.1613,-86.6205,POINT (-86.6205 36.1613)
20190259190,04/04/2019 07:03:00 AM,2,5,1,,N,375570,2,HEAD-ON,21,CLEAR,1,DAYLIGHT,12,MOTOR VEHICLE IN TRANSPORT,ANDERSON LN & BROOKS AV,MADISON,TN,37115,1709,MADISO,36.2733,-86.7056,POINT (-86.7056 36.2733)
20190139488,02/20/2019 06:27:00 PM,2,0,0,,Y,330415,11,Front to Rear,2,RAIN,3,DARK - LIGHTED,12,MOTOR VEHICLE IN TRANSPORT,ROSA L PARKS BLVD & ROSA L PARKS AV,NASHVILLE,TN,37203,4147,CENTRA,36.1618,-86.7842,POINT (-86.7842 36.1618)
20190381001,05/18/2019 05:14:00 PM,4,2,0,,N,256446,4,ANGLE,21,CLEAR,1,DAYLIGHT,12,MOTOR VEHICLE IN TRANSPORT,OLD HICKORY BLVD & NOLENSVILLE PKE,ANTIOCH,TN,37013,8757,SOUTH,36.0455,-86.7122,POINT (-86.7122 36.0455)
20190108270,02/09/2019 11:55:00 AM,1,1,0,Y,N,212369,0,NOT COLLISION W/MOTOR VEHICLE-TRANSPORT,21,CLEAR,1,DAYLIGHT,40,MAIL BOX,HARDING PL & DANBY DR,NASHVILLE,TN,37211,8503,MIDTOW,36.0785,-86.7449,POINT (-86.7449 36.0785)
20190418951,06/01/2019 01:46:00 PM,2,0,0,,Y,330445,3,REAR-TO-REAR,21,CLEAR,1,DAYLIGHT,12,MOTOR VEHICLE IN TRANSPORT,BELWOOD ST & 31ST AVN,NASHVILLE,TN,37203,5627,MIDTOW,36.1452,-86.8165,POINT (-86.8165 36.1452)
20190535497,07/17/2019 09:20:00 PM,2,1,0,,N,279214,11,Front to Rear,21,CLEAR,1,DAYLIGHT,12,MOTOR VEHICLE IN TRANSPORT,WOODMONT BLVD & HILLSBORO PKE,NASHVILLE,TN,37215,6105,WEST,36.114,-86.8109,POINT (-86.8109 36.114)
20190388463,05/21/2019 02:32:00 PM,2,0,0,,N,212330,11,Front to Rear,21,CLEAR,1,DAYLIGHT,12,MOTOR VEHICLE IN TRANSPORT,MM 52 1 I 24,NASHVILLE,TN,37217,8816,SOUTH,36.1343,-86.7267,POINT (-86.7267 36.1343)
20190281222,04/12/2019 12:00:00 AM,2,0,0,,Y,223502,6,SIDESWIPE - OPPOSITE DIRECTION,22,CLOUDY,1,DAYLIGHT,12;14,MOTOR VEHICLE IN TRANSPORT;PARKED MOTOR VEHICLE,1ST AVS & CRENSHAW ST,NASHVILLE,TN,37210,8149,SOUTH,36.1496,-86.7655,POINT (-86.7655 36.1496)
20190487006,06/27/2019 05:07:00 PM,2,0,0,,Y,240968,5,SIDESWIPE - SAME DIRECTION,21,CLEAR,1,DAYLIGHT,12,MOTOR VEHICLE IN TRANSPORT,SMITH SPRINGS RD & BELL RD,NASHVILLE,TN,37217,8965,HERMIT,36.0903,-86.6265,POINT (-86.6265 36.0903)
20190333785,05/01/2019 02:47:00 AM,2,0,0,,N,879558,5,SIDESWIPE - SAME DIRECTION,21,CLEAR,3,DARK - LIGHTED,12,MOTOR VEHICLE IN TRANSPORT,MM 213 0 I 40,NASHVILLE,TN,37210,8219,HERMIT,36.1407,-86.7323,POINT (-86.7323 36.1407)
20190174275,03/05/2019 09:38:00 AM,2,0,0,,N,676834,4,ANGLE,21,CLEAR,1,DAYLIGHT,12,MOTOR VEHICLE IN TRANSPORT,EATONS CREEK RD & OLD CLARKSVILLE PKE,JOELTON,TN,37080,3331,NORTH,36.3188,-86.876,POINT (-86.876 36.3188)
20190103616,02/07/2019 04:30:00 PM,2,0,0,,N,256448,4,ANGLE,2,RAIN,1,DAYLIGHT,12,MOTOR VEHICLE IN TRANSPORT,LEBANON PKE & MCGAVOCK PKE,NASHVILLE,TN,37214,9201,HERMIT,36.1694,-86.6799,POINT (-86.6799 36.1694)
20190313786,04/23/2019 12:00:00 AM,2,0,0,,Y,212344,11,Front to Rear,21,CLEAR,1,DAYLIGHT,12,MOTOR VEHICLE IN TRANSPORT,GALLATIN AV & W EASTLAND AV,NASHVILLE,TN,37206,1243,EAST,36.1836,-86.7485,POINT (-86.7485 36.1836)
20190485831,06/27/2019 11:30:00 AM,2,0,0,,N,226092,5,SIDESWIPE - SAME DIRECTION,21,CLEAR,1,DAYLIGHT,12,MOTOR VEHICLE IN TRANSPORT,CHARLOTTE AV & GEORGE L DAVIS BLVD,NASHVILLE,TN,37203,4205,CENTRA,36.1612,-86.7927,POINT (-86.7927 36.1612)
20190276072,04/10/2019 02:14:00 PM,2,0,0,,Y,267831,98,OTHER,21,CLEAR,1,DAYLIGHT,12;14,MOTOR VEHICLE IN TRANSPORT;PARKED MOTOR VEHICLE,CHARLOTTE PKE & EASTBORO DR,NASHVILLE,TN,37209,5027,WEST,36.1482,-86.8674,POINT (-86.8674 36.1482)
20190429361,06/05/2019 05:45:00 PM,2,0,0,,Y,633391,11,Front to Rear,21,CLEAR,1,DAYLIGHT,12,MOTOR VEHICLE IN TRANSPORT,0 I40 E EXT RAMP,HERMITAGE,TN,37076,9510,HERMIT,36.1775,-86.6051,POINT (-86.6051 36.1775)
20190536443,07/18/2019 06:03:00 AM,2,1,0,,N,676834,4,ANGLE,21,CLEAR,1,DAYLIGHT,12,MOTOR VEHICLE IN TRANSPORT,BRICK CHURCH PKE & WOODFOLK AV,NASHVILLE,TN,37207,3021,NORTH,36.2159,-86.7804,POINT (-86.7804 36.2159)
20190269619,04/08/2019 09:20:00 AM,2,2,0,,N,225773,4,ANGLE,2,RAIN,1,DAYLIGHT,12,MOTOR VEHICLE IN TRANSPORT,HILLSBORO PKE & WARFIELD DR,NASHVILLE,TN,37215,6405,MIDTOW,36.1034,-86.8161,POINT (-86.8161 36.1034)
20190320039,04/25/2019 05:20:00 PM,2,1,0,,N,256384,4,ANGLE,21,CLEAR,1,DAYLIGHT,12,MOTOR VEHICLE IN TRANSPORT,POLK AV & HACKWORTH ST,NASHVILLE,TN,37210,8115,SOUTH,36.1339,-86.7484,POINT (-86.7484 36.1339)
20190137584,02/20/2019 02:17:00 AM,2,0,0,,Y,311340,3,REAR-TO-REAR,21,CLEAR,3,DARK - LIGHTED,14;55,PARKED MOTOR VEHICLE;Motor Vehicle-In-Motion Outside Trafficw,CHURCH ST & 18TH AVN,NASHVILLE,TN,37203,5521,MIDTOW,36.155,-86.7975,POINT (-86.7975 36.155)
20190302869,04/19/2019 08:36:00 PM,3,0,0,,N,240955,4,ANGLE,2,RAIN,3,DARK - LIGHTED,12,MOTOR VEHICLE IN TRANSPORT,BELL RD & EAGLE VIEW BLVD,ANTIOCH,TN,37013,8865,SOUTH,36.0522,-86.6449,POINT (-86.6449 36.0522)
20190434150,06/07/2019 12:10:00 PM,2,0,0,,N,676834,11,Front to Rear,22,CLOUDY,1,DAYLIGHT,12,MOTOR VEHICLE IN TRANSPORT,REV DR ENOCH JONES BLVD & MADISON ST,NASHVILLE,TN,37208,4303,NORTH,36.1737,-86.792,POINT (-86.792 36.1737)
20190042313,01/16/2019 09:00:00 PM,2,1,0,,N,169425,11,Front to Rear,21,CLEAR,3,DARK - LIGHTED,12,MOTOR VEHICLE IN TRANSPORT,WEST END AV & ORLEANS DR,NASHVILLE,TN,37212,5819,MIDTOW,36.1388,-86.8197,POINT (-86.8197 36.1388)
20190549728,07/23/2019 02:57:00 PM,1,0,0,,N,206675,0,NOT COLLISION W/MOTOR VEHICLE-TRANSPORT,21,CLEAR,1,DAYLIGHT,18,OTHER OBJECT (NOT FIXED),NOLENSVILLE PKE & YELTON CT,NASHVILLE,TN,37211,8435,SOUTH,36.0911,-86.7348,POINT (-86.7348 36.0911)
20190384257,05/20/2019 06:59:00 AM,4,7,1,,Y,311804,4,ANGLE,21,CLEAR,1,DAYLIGHT,12,MOTOR VEHICLE IN TRANSPORT,MM 49 4 I 24,NASHVILLE,TN,37206,10040,EAST,36.1613,-86.7604,POINT (-86.7604 36.1613)
20190219748,03/21/2019 08:35:00 AM,2,0,0,,N,226136,4,ANGLE,22,CLOUDY,1,DAYLIGHT,12,MOTOR VEHICLE IN TRANSPORT,RAYMOND ST & KEYSTONE AV,NASHVILLE,TN,37211,8513,MIDTOW,36.0987,-86.7407,POINT (-86.7407 36.0987)
20190540180,07/19/2019 03:26:00 PM,2,1,0,Y,N,311337,11,Front to Rear,21,CLEAR,1,DAYLIGHT,12,MOTOR VEHICLE IN TRANSPORT,PRIEST LAKE DR & WOOD BRIDGE DR,NASHVILLE,TN,37217,8983,HERMIT,36.0936,-86.6101,POINT (-86.6101 36.0936)
20190235472,03/26/2019 06:29:00 PM,2,0,0,,N,279124,4,ANGLE,21,CLEAR,1,DAYLIGHT,12;14,MOTOR VEHICLE IN TRANSPORT;PARKED MOTOR VEHICLE,DOVER GLEN DR & LASSEN CT,ANTIOCH,TN,37013,8861,SOUTH,36.0754,-86.6495,POINT (-86.6495 36.0754)
20190102722,02/07/2019 10:13:00 AM,2,0,0,,N,716886,5,SIDESWIPE - SAME DIRECTION,22,CLOUDY,1,DAYLIGHT,12,MOTOR VEHICLE IN TRANSPORT,MM 54 3 I 24,NASHVILLE,TN,37211,84020,SOUTH,36.1034,-86.7148,POINT (-86.7148 36.1034)
20190139781,02/20/2019 08:10:00 PM,1,2,0,,N,256424,0,NOT COLLISION W/MOTOR VEHICLE-TRANSPORT,2,RAIN,2,DARK - NOT LIGHTED,24,GUARDRAIL FACE,I40 E EXT RAMP & I 40,NASHVILLE,TN,37214,8955,HERMIT,36.155,-86.6271,POINT (-86.6271 36.155)
20190321820,04/26/2019 07:45:00 AM,4,0,0,,Y,348631,0,NOT COLLISION W/MOTOR VEHICLE-TRANSPORT,21,CLEAR,1,DAYLIGHT,18,OTHER OBJECT (NOT FIXED),BAPTIST WORLD CENTER DR & WEAKLEY AV,NASHVILLE,TN,37207,3001,NORTH,36.1964,-86.7826,POINT (-86.7826 36.1964)
20190392463,05/22/2019 11:00:00 PM,1,1,0,Y,N,161945,0,NOT COLLISION W/MOTOR VEHICLE-TRANSPORT,21,CLEAR,3,DARK - LIGHTED,1;33,CURB,5036 EDMONDSON PKE,NASHVILLE,TN,37211,8659,MIDTOW,36.0692,-86.7357,POINT (-86.7357 36.0692)
20190230414,03/25/2019 06:40:00 AM,2,0,0,,N,320592,11,Front to Rear,22,CLOUDY,1,DAYLIGHT,12,MOTOR VEHICLE IN TRANSPORT,MM 213 8 I 40,NASHVILLE,TN,37217,8802,HERMIT,36.1413,-86.7163,POINT (-86.7163 36.1413)
20190467562,06/20/2019 09:01:00 AM,2,0,0,,N,834798,0,NOT COLLISION W/MOTOR VEHICLE-TRANSPORT,2,RAIN,1,DAYLIGHT,50,DEER (ANIMAL),HILLSBORO PKE & KINGSBURY DR,NASHVILLE,TN,37215,6205,WEST,36.064,-86.8478,POINT (-86.8478 36.064)
20190298947,04/18/2019 11:54:00 AM,2,0,0,,N,109515,4,ANGLE,22,CLOUDY,1,DAYLIGHT,12,MOTOR VEHICLE IN TRANSPORT,GALLATIN PKES & DUE WEST AVW,MADISON,TN,37115,1519,MADISO,36.2475,-86.7207,POINT (-86.7207 36.2475)
20190345960,05/06/2019 01:45:00 AM,1,0,0,,Y,151122,0,NOT COLLISION W/MOTOR VEHICLE-TRANSPORT,21,CLEAR,2,DARK - NOT LIGHTED,36,CONCRETE TRAFFIC BARRIER,MM 57 8 I 24,ANTIOCH,TN,37013,87060,SOUTH,36.06,-86.6798,POINT (-86.6798 36.06)
20190472125,06/21/2019 09:49:00 PM,3,0,0,,N,298867,6,SIDESWIPE - OPPOSITE DIRECTION,2,RAIN,3,DARK - LIGHTED,12,MOTOR VEHICLE IN TRANSPORT,DOUGLAS AV & GALLATIN AV,NASHVILLE,TN,37206,1325,EAST,36.1927,-86.7444,POINT (-86.7444 36.1927)
20190000400,01/01/2019 03:30:00 AM,1,1,0,Y,N,151125,0,NOT COLLISION W/MOTOR VEHICLE-TRANSPORT,21,CLEAR,3,DARK - LIGHTED,39;63,WALL;Ran Off Road-Right,NEELYS BEND RD & LARKIN SPRINGS RD,MADISON,TN,37115,1613,MADISO,36.2496,-86.6866,POINT (-86.6866 36.2496)
20190302369,04/19/2019 03:45:00 PM,2,0,0,,Y,256383,5,SIDESWIPE - SAME DIRECTION,2,RAIN,1,DAYLIGHT,12,MOTOR VEHICLE IN TRANSPORT,MM 56 4 I 24,NASHVILLE,TN,37211,8810,SOUTH,36.0776,-86.6947,POINT (-86.6947 36.0776)
20190204853,03/16/2019 02:29:00 AM,2,1,0,,N,200016,4,ANGLE,21,CLEAR,3,DARK - LIGHTED,12,MOTOR VEHICLE IN TRANSPORT,CHARLOTTE AV & 17TH AVN,NASHVILLE,TN,37203,5425,NORTH,36.1591,-86.7976,POINT (-86.7976 36.1591)
20190495920,07/01/2019 03:10:00 PM,2,0,0,,N,256374,11,Front to Rear,21,CLEAR,1,DAYLIGHT,12,MOTOR VEHICLE IN TRANSPORT,BELL RD & BROOK VIEW ESTATES DR,ANTIOCH,TN,37013,8755,SOUTH,36.0439,-86.6933,POINT (-86.6933 36.0439)
20190561584,07/28/2019 07:19:00 AM,2,0,0,,N,459522,4,ANGLE,21,CLEAR,1,DAYLIGHT,12,MOTOR VEHICLE IN TRANSPORT,CHURCH ST & 7TH AVN,NASHVILLE,TN,37219,4125,CENTRA,36.1622,-86.7825,POINT (-86.7825 36.1622)
20190054276,01/21/2019 03:32:00 PM,3,3,0,Y,Y,151132,4,ANGLE,21,CLEAR,1,DAYLIGHT,12;28,MOTOR VEHICLE IN TRANSPORT;OVERHEAD SIGN SUPPORT,STATE RT 45 & GALLATIN PKEN,MADISON,TN,37115,1701,MADISO,36.2631,-86.7119,POINT (-86.7119 36.2631)