Accident Number,Date and Time,Number of Motor Vehicles,Number of Injuries,Number of Fatalities,Property Damage,Hit and Run,Reporting Officer,Collision Type Code,Collision Type Description,Weather Code,Weather Description,Illumination Code,Illumination Description,Harmful Code,Harmful Code Description,Street Address,City,State,ZIP,RPA,Precinct,Latitude,Longitude,Mapped Location
20190392168,05/22/2019 08:29:00 PM,2,0,0,,Y,240960,4,ANGLE,21,CLEAR,3,DARK - LIGHTED,12,MOTOR VEHICLE IN TRANSPORT,LITTON AV & GALLATIN PKE,NASHVILLE,TN,37216,1403,EAST,36.2024,-86.7392,POINT (-86.7392 36.2024)
20190449061,06/13/2019 07:44:00 AM,3,0,0,,Y,279116,11,Front to Rear,21,CLEAR,1,DAYLIGHT,12,MOTOR VEHICLE IN TRANSPORT,MM 79 1 I 65,NASHVILLE,TN,37204,8504,MIDTOW,36.1016,-86.7648,POINT (-86.7648 36.1016)
20190164235,03/01/2019 12:54:00 PM,2,4,0,,N,716886,11,Front to Rear,22,CLOUDY,1,DAYLIGHT,12,MOTOR VEHICLE IN TRANSPORT,MM 60 4 I 24,ANTIOCH,TN,37013,88060,SOUTH,36.0364,-86.6449,POINT (-86.6449 36.0364)
20190521880,07/12/2019 08:30:00 AM,1,1,0,Y,N,665896,0,NOT COLLISION W/MOTOR VEHICLE-TRANSPORT,21,CLEAR,1,DAYLIGHT,34;40,DITCH;MAIL BOX,LISCHEY AV & PULLEN AV,NASHVILLE,TN,37207,1869,EAST,36.1998,-86.7622,POINT (-86.7622 36.1998)
20190473793,06/22/2019 06:00:00 PM,1,1,0,,Y,330427,0,NOT COLLISION W/MOTOR VEHICLE-TRANSPORT,21,CLEAR,1,DAYLIGHT,8,PEDESTRIAN,CHATEAU VALLEY DR & MOORMANS ARM RD,NASHVILLE,TN,37207,3015,NORTH,36.2161,-86.8132,POINT (-86.8132 36.2161)
20190208161,03/17/2019 04:33:00 PM,2,0,0,,N,281611,5,SIDESWIPE - SAME DIRECTION,21,CLEAR,1,DAYLIGHT,12,MOTOR VEHICLE IN TRANSPORT,OLD HARDING PKE & HIGHWAY 70S,NASHVILLE,TN,37221,4901,WEST,36.0742,-86.922,POINT (-86.922 36.0742)
20190168556,03/03/2019 08:52:00 AM,2,1,0,,N,591936,4,ANGLE,2,RAIN,1,DAYLIGHT,12,MOTOR VEHICLE IN TRANSPORT,LEALAND LN & GALE LN,NASHVILLE,TN,37204,6933,MIDTOW,36.1168,-86.787,POINT (-86.787 36.1168)
20190125901,02/15/2019 12:00:00 AM,2,0,0,,N,256441,4,ANGLE,2,RAIN,1,DAYLIGHT,12,MOTOR VEHICLE IN TRANSPORT,GRANDVIEW AV & CENTRAL AV,NASHVILLE,TN,37211,8343,MIDTOW,36.115,-86.7487,POINT (-86.7487 36.115)
20190544517,07/21/2019 12:47:00 PM,2,0,0,,N,109495,11,Front to Rear,2,RAIN,1,DAYLIGHT,12,MOTOR VEHICLE IN TRANSPORT,I65 S ENT RAMP & I65 S EXT RAMP,NASHVILLE,TN,37204,6945,MIDTOW,36.1342,-86.7764,POINT (-86.7764 36.1342)
20190456668,06/15/2019 10:50:00 PM,2,0,0,,N,169414,2,HEAD-ON,21,CLEAR,2,DARK - NOT LIGHTED,14,PARKED MOTOR VEHICLE,CONCORD HILLS DR & OAK KNOLL DR,ANTIOCH,TN,37013,8767,SOUTH,36.002,-86.6924,POINT (-86.6924 36.002)
20190409350,05/29/2019 06:50:00 AM,2,0,0,,N,876581,5,SIDESWIPE - SAME DIRECTION,21,CLEAR,1,DAYLIGHT,12,MOTOR VEHICLE IN TRANSPORT,VIETNAM VETERANS BLVD SB EXT R & VIETNAM,GOODLETTSVILLE,TN,37072,1723,MADISO,36.3103,-86.6874,POINT (-86.6874 36.3103)
20190294864,04/17/2019 07:17:00 AM,2,0,0,,N,909494,11,Front to Rear,21,CLEAR,1,DAYLIGHT,12,MOTOR VEHICLE IN TRANSPORT,ELLINGTON PKWY N EXT RAMP & ELLINGTON PK,NASHVILLE,TN,37207,18982,EAST,36.2046,-86.7497,POINT (-86.7497 36.2046)
20190084179,01/31/2019 06:24:00 PM,3,0,0,,N,330411,11,Front to Rear,21,CLEAR,3,DARK - LIGHTED,12,MOTOR VEHICLE IN TRANSPORT,MM 212 1 I 40,NASHVILLE,TN,37210,90041,HERMIT,36.1463,-86.7422,POINT (-86.7422 36.1463)
20190426255,06/04/2019 12:00:00 AM,2,0,0,,Y,714641,5,SIDESWIPE - SAME DIRECTION,21,CLEAR,1,DAYLIGHT,12;14,MOTOR VEHICLE IN TRANSPORT;PARKED MOTOR VEHICLE,MAIN ST & N 1ST ST,NASHVILLE,TN,37213,1133,CENTRA,36.1702,-86.7721,POINT (-86.7721 36.1702)
20190574989,08/02/2019 03:11:00 PM,2,0,0,,N,134899,5,SIDESWIPE - SAME DIRECTION,2,RAIN,1,DAYLIGHT,12,MOTOR VEHICLE IN TRANSPORT,LEBANON PKE & DONELSON PKE,NASHVILLE,TN,37214,9311,HERMIT,36.1676,-86.6633,POINT (-86.6633 36.1676)
20190571583,08/01/2019 09:06:00 AM,3,0,0,,N,225773,11,Front to Rear,21,CLEAR,1,DAYLIGHT,12,MOTOR VEHICLE IN TRANSPORT,THOMPSON LN & FOSTER CREIGHTON DR,NASHVILLE,TN,37204,8305,MIDTOW,36.111,-86.754,POINT (-86.754 36.111)
20190073884,01/28/2019 05:30:00 PM,3,2,0,,N,161939,2,HEAD-ON,22,CLOUDY,3,DARK - LIGHTED,12,MOTOR VEHICLE IN TRANSPORT,OLD HICKORY BLVD & LOGISTICS WAY,ANTIOCH,TN,37013,8869,SOUTH,36.0286,-86.614,POINT (-86.614 36.0286)
20190469225,06/20/2019 06:40:00 PM,2,0,0,,N,320585,11,Front to Rear,21,CLEAR,1,DAYLIGHT,12,MOTOR VEHICLE IN TRANSPORT,MM 211 1 I 40,NASHVILLE,TN,37210,8008,HERMIT,36.1539,-86.7571,POINT (-86.7571 36.1539)
20190094278,02/04/2019 04:25:00 PM,2,0,0,,N,725756,5,SIDESWIPE - SAME DIRECTION,22,CLOUDY,1,DAYLIGHT,12,MOTOR VEHICLE IN TRANSPORT,I40 W ENT RAMP & I 40,NASHVILLE,TN,37210,9007,HERMIT,36.1484,-86.7454,POINT (-86.7454 36.1484)
20190383335,05/19/2019 07:45:00 PM,3,0,0,,N,299238,11,Front to Rear,21,CLEAR,3,DARK - LIGHTED,12,MOTOR VEHICLE IN TRANSPORT,MM 49 5 I 24,NASHVILLE,TN,37210,4008,CENTRA,36.1588,-86.7604,POINT (-86.7604 36.1588)
20190139305,02/20/2019 05:01:00 PM,2,0,0,,N,151132,11,Front to Rear,22,CLOUDY,1,DAYLIGHT,12,MOTOR VEHICLE IN TRANSPORT,DICKERSON PKE & DICKERSON PKE ENT RAMP,MADISON,TN,37115,2009,MADISO,36.242,-86.7571,POINT (-86.7571 36.242)
20190510545,07/07/2019 03:21:00 PM,2,0,0,,N,330415,5,SIDESWIPE - SAME DIRECTION,21,CLEAR,1,DAYLIGHT,12,MOTOR VEHICLE IN TRANSPORT,0 I 65,NASHVILLE,TN,37207,3002,NORTH,36.2047,-86.7767,POINT (-86.7767 36.2047)
20190306718,04/21/2019 12:00:00 AM,2,0,0,,Y,717341,4,ANGLE,99,UNKNOWN,9,UNKNOWN,14;55,PARKED MOTOR VEHICLE;Motor Vehicle-In-Motion Outside Trafficw,FOOTHILL CT & MURFREESBORO PKE,NASHVILLE,TN,37217,8801,SOUTH,36.1318,-86.7202,POINT (-86.7202 36.1318)
20190321503,04/26/2019 12:00:00 AM,1,0,0,,Y,279233,0,NOT COLLISION W/MOTOR VEHICLE-TRANSPORT,21,CLEAR,3,DARK - LIGHTED,38,FENCE,40TH AVN & DR WALTER S DAVIS BLVD,NASHVILLE,TN,37209,4507,WEST,36.1646,-86.8385,POINT (-86.8385 36.1646)
20190269422,04/08/2019 08:00:00 AM,2,0,0,,Y,716886,11,Front to Rear,2,RAIN,1,DAYLIGHT,12,MOTOR VEHICLE IN TRANSPORT,MM 58 1 I 24,ANTIOCH,TN,37013,88080,SOUTH,36.0572,-86.6767,POINT (-86.6767 36.0572)
20190419518,06/01/2019 11:25:00 PM,2,2,0,,N,279201,2,HEAD-ON,21,CLEAR,3,DARK - LIGHTED,12,MOTOR VEHICLE IN TRANSPORT,MCGAVOCK PKE & MUSIC VALLEY DR,NASHVILLE,TN,37214,9213,HERMIT,36.217,-86.6951,POINT (-86.6951 36.217)
20190123015,02/14/2019 04:10:00 PM,2,1,0,,N,320581,11,Front to Rear,21,CLEAR,1,DAYLIGHT,12,MOTOR VEHICLE IN TRANSPORT,CLARKSVILLE PKE & CLIFF DR,NASHVILLE,TN,37218,3157,NORTH,36.1923,-86.8291,POINT (-86.8291 36.1923)
20190537580,07/18/2019 12:00:00 AM,2,0,0,,N,298868,5,SIDESWIPE - SAME DIRECTION,2,RAIN,1,DAYLIGHT,12,MOTOR VEHICLE IN TRANSPORT,MM 205 2 I 40,NASHVILLE,TN,37209,52027,WEST,36.154,-86.835,POINT (-86.835 36.154)
20190102212,02/07/2019 05:20:00 AM,2,0,0,,N,279221,4,ANGLE,2,RAIN,3,DARK - LIGHTED,12,MOTOR VEHICLE IN TRANSPORT,MM 90 7 I 65,MADISON,TN,37115,20044,MADISO,36.2444,-86.7473,POINT (-86.7473 36.2444)
20190273169,04/09/2019 02:17:00 PM,2,0,0,,N,212344,11,Front to Rear,21,CLEAR,1,DAYLIGHT,12,MOTOR VEHICLE IN TRANSPORT,PORTER RD & BRANCH ST,NASHVILLE,TN,37206,1337,EAST,36.194,-86.7259,POINT (-86.7259 36.194)
20190489053,06/28/2019 03:27:00 PM,2,0,0,,N,256386,5,SIDESWIPE - SAME DIRECTION,21,CLEAR,1,DAYLIGHT,12,MOTOR VEHICLE IN TRANSPORT,MM 212 3 I 40,NASHVILLE,TN,37210,8206,HERMIT,36.1447,-86.7399,POINT (-86.7399 36.1447)
20190495289,07/01/2019 10:19:00 AM,2,0,0,,N,352178,11,Front to Rear,21,CLEAR,1,DAYLIGHT,12,MOTOR VEHICLE IN TRANSPORT,MM 4 3 I 440,NASHVILLE,TN,37204,7014,MIDTOW,36.1159,-86.783,POINT (-86.783 36.1159)
20190488015,06/28/2019 07:30:00 AM,2,0,0,,N,191578,5,SIDESWIPE - SAME DIRECTION,21,CLEAR,1,DAYLIGHT,12,MOTOR VEHICLE IN TRANSPORT,CENTRAL PKE & OLD HICKORY BLVD,HERMITAGE,TN,37076,9557,HERMIT,36.1736,-86.6021,POINT (-86.6021 36.1736)
20190417457,05/31/2019 10:20:00 PM,3,0,0,,Y,191573,5,SIDESWIPE - SAME DIRECTION,21,CLEAR,3,DARK - LIGHTED,12,MOTOR VEHICLE IN TRANSPORT,2ND AVS & ELM ST,NASHVILLE,TN,37210,4005,CENTRA,36.1542,-86.7702,POINT (-86.7702 36.1542)
20190220844,03/21/2019 03:03:00 PM,2,0,0,,Y,330415,5,SIDESWIPE - SAME DIRECTION,21,CLEAR,1,DAYLIGHT,12,MOTOR VEHICLE IN TRANSPORT,MM 86 6 I 65,NASHVILLE,TN,37207,3002,NORTH,36.1959,-86.7761,POINT (-86.7761 36.1959)
20190439139,06/09/2019 05:40:00 PM,1,1,0,,N,330443,0,NOT COLLISION W/MOTOR VEHICLE-TRANSPORT,2,RAIN,1,DAYLIGHT,36,CONCRETE TRAFFIC BARRIER,BURFORD RD & BELOTES FERRY RD,MADISON,TN,,,,36.2869,-86.283,POINT (-86.283 36.2869)
20190097732,02/05/2019 05:50:00 PM,2,0,0,,N,633391,11,Front to Rear,21,CLEAR,5,DUSK,12,MOTOR VEHICLE IN TRANSPORT,MM 204 1 I 40,NASHVILLE,TN,37209,45024,WEST,36.1529,-86.8557,POINT (-86.8557 36.1529)
20190256289,04/03/2019 07:22:00 AM,2,2,0,,N,226622,4,ANGLE,21,CLEAR,1,DAYLIGHT,12,MOTOR VEHICLE IN TRANSPORT,LOMBARDY AV & HILLSBORO PKE,NASHVILLE,TN,,6001,WEST,,,
20190134724,02/19/2019 08:10:00 AM,1,0,0,,N,226600,0,NOT COLLISION W/MOTOR VEHICLE-TRANSPORT,22,CLOUDY,1,DAYLIGHT,7,,OLD HICKORY BLVD & GAUCHO ROAD PVTDR,NASHVILLE,TN,37221,6213,WEST,36.0543,-86.8997,POINT (-86.8997 36.0543)
20190324089,04/27/2019 01:44:00 AM,3,0,0,,N,256376,2,HEAD-ON,21,CLEAR,3,DARK - LIGHTED,12;14,MOTOR VEHICLE IN TRANSPORT;PARKED MOTOR VEHICLE,4TH AVN & GARFIELD ST,NASHVILLE,TN,37208,4337,NORTH,36.183,-86.7914,POINT (-86.7914 36.183)
20190353252,05/08/2019 10:50:00 AM,1,2,0,,N,591933,0,NOT COLLISION W/MOTOR VEHICLE-TRANSPORT,21,CLEAR,1,DAYLIGHT,37,Other Traffic Barrier,MM 62 3 I 24,ANTIOCH,TN,37013,8806,SOUTH,36.0177,-86.6241,POINT (-86.6241 36.0177)
20190275812,04/10/2019 12:30:00 PM,2,0,0,,N,714641,98,OTHER,21,CLEAR,1,DAYLIGHT,12,MOTOR VEHICLE IN TRANSPORT,GAY ST & DOWNTOWN GRNWY,NASHVILLE,TN,37201,4163,CENTRA,36.1679,-86.7773,POINT (-86.7773 36.1679)
20190360471,05/10/2019 10:10:00 PM,2,1,0,,Y,320591,11,Front to Rear,2,RAIN,3,DARK - LIGHTED,12,MOTOR VEHICLE IN TRANSPORT,ZELIDA AV & BELL RD,ANTIOCH,TN,37013,8865,SOUTH,36.0549,-86.6425,POINT (-86.6425 36.0549)
20190019518,01/08/2019 03:01:00 PM,2,1,0,,N,256448,11,Front to Rear,21,CLEAR,1,DAYLIGHT,12,MOTOR VEHICLE IN TRANSPORT,MM 210 6 I 40,NASHVILLE,TN,37210,8202,HERMIT,36.1526,-86.7659,POINT (-86.7659 36.1526)
20190426361,06/04/2019 04:24:00 PM,2,0,0,,Y,110092,11,Front to Rear,22,CLOUDY,1,DAYLIGHT,12,MOTOR VEHICLE IN TRANSPORT,I40 E EXT RAMP & OLD HICKORY BLVD,HERMITAGE,TN,37076,9527,HERMIT,36.1696,-86.601,POINT (-86.601 36.1696)
20190220774,03/21/2019 03:07:00 PM,2,0,0,,N,212330,11,Front to Rear,21,CLEAR,1,DAYLIGHT,12,MOTOR VEHICLE IN TRANSPORT,MM 53 7 I 24,NASHVILLE,TN,37211,88122,SOUTH,36.1097,-86.7216,POINT (-86.7216 36.1097)
20190514857,07/09/2019 04:30:00 PM,3,1,0,,N,330413,4,ANGLE,21,CLEAR,1,DAYLIGHT,12;13,MOTOR VEHICLE IN TRANSPORT;MOTOR VEHICLE IN TRANSPORT-OTHER ROADWAY,CONCORD RD & NOLENSVILLE PKE,NASHVILLE,TN,37211,8651,MIDTOW,35.997,-86.6899,POINT (-86.6899 35.997)
20190145351,02/22/2019 02:14:00 PM,2,0,0,,N,725756,6,SIDESWIPE - OPPOSITE DIRECTION,2,RAIN,1,DAYLIGHT,12;63,MOTOR VEHICLE IN TRANSPORT;Ran Off Road-Right,OLD CHARLOTTE PKE & DUFFIELD RD,PEGRAM,TN,37143,4715,WEST,36.1202,-86.9865,POINT (-86.9865 36.1202)
20190238646,03/27/2019 08:50:00 PM,2,0,0,,Y,206675,4,ANGLE,21,CLEAR,3,DARK - LIGHTED,12,MOTOR VEHICLE IN TRANSPORT,MM 79 5 I 65,NASHVILLE,TN,37204,70042,MIDTOW,36.106,-86.7678,POINT (-86.7678 36.106)
20190302849,04/19/2019 05:41:00 PM,2,0,0,,Y,320597,4,ANGLE,2,RAIN,1,DAYLIGHT,12,MOTOR VEHICLE IN TRANSPORT,MT VIEW RD & CURTIS HOLLOW RD,ANTIOCH,TN,37013,8871,SOUTH,36.0515,-86.652,POINT (-86.652 36.0515)
20190393618,05/23/2019 07:44:00 AM,1,1,0,,N,226622,0,NOT COLLISION W/MOTOR VEHICLE-TRANSPORT,22,CLOUDY,1,DAYLIGHT,18;36,OTHER OBJECT (NOT FIXED);CONCRETE TRAFFIC BARRIER,MM 199 7 I 40,NASHVILLE,TN,37209,4708,WEST,36.1161,-86.9165,POINT (-86.9165 36.1161)
20190346728,05/06/2019 08:35:00 AM,3,0,0,,N,352209,11,Front to Rear,21,CLEAR,1,DAYLIGHT,12,MOTOR VEHICLE IN TRANSPORT,MM 212 1 I 40,NASHVILLE,TN,37210,90041,HERMIT,36.1463,-86.7422,POINT (-86.7422 36.1463)
20190339801,05/03/2019 06:29:00 AM,2,0,0,,N,299254,4,ANGLE,21,CLEAR,1,DAYLIGHT,12,MOTOR VEHICLE IN TRANSPORT,MM 57 0 I 24,NASHVILLE,TN,37211,8708,SOUTH,36.0695,-86.6897,POINT (-86.6897 36.0695)
20190107420,02/09/2019 01:50:00 AM,2,0,0,,N,240972,11,Front to Rear,21,CLEAR,2,DARK - NOT LIGHTED,12,MOTOR VEHICLE IN TRANSPORT,MM 211 0 I 40,NASHVILLE,TN,37210,82020,HERMIT,36.1544,-86.7598,POINT (-86.7598 36.1544)
20190160884,02/28/2019 07:33:00 AM,2,1,0,,N,419997,11,Front to Rear,21,CLEAR,1,DAYLIGHT,12,MOTOR VEHICLE IN TRANSPORT,INDIANA AV & 51ST AVN,NASHVILLE,TN,37209,4601,WEST,36.1565,-86.849,POINT (-86.849 36.1565)
20190554899,07/25/2019 11:22:00 AM,2,0,0,,N,462474,2,HEAD-ON,21,CLEAR,1,DAYLIGHT,12,MOTOR VEHICLE IN TRANSPORT,TYNE BLVD & SEWANEE RD,NASHVILLE,TN,37220,7107,MIDTOW,36.0807,-86.7984,POINT (-86.7984 36.0807)
20190423254,06/03/2019 04:00:00 PM,2,0,0,,N,197054,11,Front to Rear,21,CLEAR,1,DAYLIGHT,12,MOTOR VEHICLE IN TRANSPORT,MM 214 2 I 40,NASHVILLE,TN,37210,90062,HERMIT,36.1424,-86.7107,POINT (-86.7107 36.1424)
20190147908,02/23/2019 03:49:00 PM,2,0,0,,N,299257,4,ANGLE,2,RAIN,1,DAYLIGHT,12,MOTOR VEHICLE IN TRANSPORT,8TH AVS & VERNON AV,NASHVILLE,TN,37203,6903,MIDTOW,36.1408,-86.7786,POINT (-86.7786 36.1408)
20190148375,02/23/2019 07:58:00 PM,2,0,0,,N,169425,11,Front to Rear,22,CLOUDY,3,DARK - LIGHTED,12,MOTOR VEHICLE IN TRANSPORT,BROADWAY & 15TH AVS,NASHVILLE,TN,37203,5517,MIDTOW,36.1555,-86.79,POINT (-86.79 36.1555)
20190502106,07/03/2019 03:56:00 PM,3,0,0,,N,256448,11,Front to Rear,21,CLEAR,1,DAYLIGHT,12,MOTOR VEHICLE IN TRANSPORT,MM 215 6 I 40,NASHVILLE,TN,37214,9102,HERMIT,36.1431,-86.6845,POINT (-86.6845 36.1431)
20190197541,03/13/2019 02:42:00 PM,1,3,0,Y,N,267831,0,NOT COLLISION W/MOTOR VEHICLE-TRANSPORT,21,CLEAR,1,DAYLIGHT,34;40,DITCH;MAIL BOX,PREMIER DR & WILCLAY DR,NASHVILLE,TN,37209,5023,WEST,36.1445,-86.8799,POINT (-86.8799 36.1445)
20190187465,03/09/2019 08:09:00 PM,1,0,0,,N,240955,0,NOT COLLISION W/MOTOR VEHICLE-TRANSPORT,22,CLOUDY,3,DARK - LIGHTED,34,DITCH,OLD HICKORY BLVD & HOBSON PKE,ANTIOCH,TN,37013,8867,SOUTH,36.0415,-86.6052,POINT (-86.6052 36.0415)
20190057217,01/22/2019 04:28:00 PM,3,0,0,,Y,256424,11,Front to Rear,21,CLEAR,1,DAYLIGHT,12,MOTOR VEHICLE IN TRANSPORT,MURFREESBORO PKE & DELL PKWY,NASHVILLE,TN,37217,8841,SOUTH,36.1084,-86.6782,POINT (-86.6782 36.1084)
20190046823,01/18/2019 11:02:00 AM,2,0,0,,N,109534,5,SIDESWIPE - SAME DIRECTION,22,CLOUDY,1,DAYLIGHT,14,PARKED MOTOR VEHICLE,JUAREZ DR & HERMITAGE MARKETPLACE PVTDR,HERMITAGE,TN,37076,9507,HERMIT,36.1924,-86.6162,POINT (-86.6162 36.1924)
20190385048,05/20/2019 12:50:00 PM,1,0,0,Y,N,716886,0,NOT COLLISION W/MOTOR VEHICLE-TRANSPORT,21,CLEAR,1,DAYLIGHT,25,GUARDRAIL END,I24 W ENT RAMP & I 24,NASHVILLE,TN,37206,1009,EAST,36.1666,-86.7638,POINT (-86.7638 36.1666)
20190434020,06/07/2019 11:17:00 AM,2,0,0,,N,591934,11,Front to Rear,2,RAIN,1,DAYLIGHT,12,MOTOR VEHICLE IN TRANSPORT,MM 215 9 I 40,NASHVILLE,TN,37217,89020,HERMIT,36.1421,-86.6786,POINT (-86.6786 36.1421)
20190270509,04/08/2019 04:51:00 PM,1,1,0,,N,429193,0,NOT COLLISION W/MOTOR VEHICLE-TRANSPORT,2,RAIN,1,DAYLIGHT,1,,OLD CHARLOTTE PKE & OLD CHARLOTTE PKE PV,PEGRAM,TN,37143,4715,WEST,36.1188,-86.9757,POINT (-86.9757 36.1188)
20190113534,02/11/2019 06:09:00 PM,2,2,0,,Y,151132,11,Front to Rear,2,RAIN,3,DARK - LIGHTED,12,MOTOR VEHICLE IN TRANSPORT,STATE RT 45 & RIO VISTA DR,MADISON,TN,37115,1705,MADISO,36.2628,-86.681,POINT (-86.681 36.2628)
20190343682,05/04/2019 06:51:00 PM,2,0,0,,Y,579971,5,SIDESWIPE - SAME DIRECTION,2,RAIN,1,DAYLIGHT,12,MOTOR VEHICLE IN TRANSPORT,MM 55 6 I 24,NASHVILLE,TN,37211,86020,SOUTH,36.0877,-86.7015,POINT (-86.7015 36.0877)
20190220567,03/21/2019 01:39:00 PM,2,1,0,,N,279116,4,ANGLE,22,CLOUDY,1,DAYLIGHT,12,MOTOR VEHICLE IN TRANSPORT,WEDGEWOOD AV & LINDELL AV,NASHVILLE,TN,37204,8027,MIDTOW,36.1341,-86.7733,POINT (-86.7733 36.1341)
20190394563,05/23/2019 02:07:00 PM,3,0,0,,Y,571321,5,SIDESWIPE - SAME DIRECTION,21,CLEAR,1,DAYLIGHT,12,MOTOR VEHICLE IN TRANSPORT,WEDGEWOOD AV & 17TH AVS,NASHVILLE,TN,37212,6611,MIDTOW,36.1369,-86.7958,POINT (-86.7958 36.1369)
20190432346,06/06/2019 06:36:00 PM,2,0,0,,N,330428,4,ANGLE,2,RAIN,3,DARK - LIGHTED,12,MOTOR VEHICLE IN TRANSPORT,OLD HICKORY BLVD & HIGHWAY 70S,NASHVILLE,TN,37221,4901,WEST,36.0742,-86.9208,POINT (-86.9208 36.0742)
20190090063,02/02/2019 12:00:00 AM,2,0,0,,Y,279200,9,UNKNOWN,21,CLEAR,7,Dark-Unknown Lighting,12,MOTOR VEHICLE IN TRANSPORT,MURFREESBORO PKE & PARRIS AV,NASHVILLE,TN,37210,8117,SOUTH,36.1438,-86.7473,POINT (-86.7473 36.1438)
20190091120,02/03/2019 11:00:00 AM,2,0,0,,N,544481,11,Front to Rear,21,CLEAR,1,DAYLIGHT,12,MOTOR VEHICLE IN TRANSPORT,MM 47 9 I 24,NASHVILLE,TN,37207,1904,CENTRA,36.1775,-86.7731,POINT (-86.7731 36.1775)
20190142675,02/21/2019 12:00:00 AM,2,0,0,,Y,320582,16,Rear to Side,2,RAIN,3,DARK - LIGHTED,12;14,MOTOR VEHICLE IN TRANSPORT;PARKED MOTOR VEHICLE,RICHARDSON AV & LISCHEY AV,NASHVILLE,TN,37207,1907,EAST,36.1926,-86.7631,POINT (-86.7631 36.1926)
20190465019,06/19/2019 11:50:00 AM,2,0,0,,Y,226306,4,ANGLE,21,CLEAR,1,DAYLIGHT,12,MOTOR VEHICLE IN TRANSPORT,FORREST PARK DR & BELLE PARK CIR,NASHVILLE,TN,37221,6211,WEST,36.0859,-86.8705,POINT (-86.8705 36.0859)
20190233883,03/26/2019 06:22:00 AM,1,0,0,,N,212325,0,NOT COLLISION W/MOTOR VEHICLE-TRANSPORT,21,CLEAR,1,DAYLIGHT,50,DEER (ANIMAL),STATE RT 45 & ARCHWOOD DR,MADISON,TN,37115,1705,MADISO,36.2636,-86.686,POINT (-86.686 36.2636)
20190063167,01/24/2019 04:05:00 PM,2,0,0,,N,240985,11,Front to Rear,21,CLEAR,1,DAYLIGHT,12,MOTOR VEHICLE IN TRANSPORT,OLD HICKORY BLVD & HEALTH PARK DR,BRENTWOOD,TN,37027,8623,MIDTOW,36.0408,-86.7735,POINT (-86.7735 36.0408)
20190374917,05/16/2019 12:06:00 PM,2,1,0,,N,716886,11,Front to Rear,21,CLEAR,1,DAYLIGHT,12,MOTOR VEHICLE IN TRANSPORT,OLD HICKORY BLVD & NOLENSVILLE PKE,ANTIOCH,TN,37013,8757,SOUTH,36.0455,-86.7122,POINT (-86.7122 36.0455)
20190555502,07/25/2019 04:29:00 PM,2,0,0,,N,169425,5,SIDESWIPE - SAME DIRECTION,21,CLEAR,1,DAYLIGHT,12,MOTOR VEHICLE IN TRANSPORT,MM 210 0 I 40,NASHVILLE,TN,37203,8002,MIDTOW,36.1484,-86.7771,POINT (-86.7771 36.1484)
20190388798,05/21/2019 05:35:00 PM,2,0,0,,Y,330431,16,Rear to Side,21,CLEAR,1,DAYLIGHT,14,PARKED MOTOR VEHICLE,CLARKSVILLE PKE & BUENA VISTA PKE,NASHVILLE,TN,37218,3135,NORTH,36.1935,-86.8309,POINT (-86.8309 36.1935)
20190540349,07/19/2019 04:59:00 PM,3,0,0,,N,330413,11,Front to Rear,21,CLEAR,1,DAYLIGHT,12,MOTOR VEHICLE IN TRANSPORT,WOODMONT BLVD & GENERAL BATE DR,NASHVILLE,TN,37204,7009,MIDTOW,36.1105,-86.7837,POINT (-86.7837 36.1105)
20190546500,07/22/2019 10:36:00 AM,2,0,0,,N,226622,11,Front to Rear,22,CLOUDY,1,DAYLIGHT,12,MOTOR VEHICLE IN TRANSPORT,I440 E EXT RAMP & I 440,NASHVILLE,TN,37205,5249,WEST,36.1366,-86.8221,POINT (-86.8221 36.1366)
20190136671,02/19/2019 07:39:00 PM,2,0,0,,N,320599,11,Front to Rear,2,RAIN,3,DARK - LIGHTED,12,MOTOR VEHICLE IN TRANSPORT,HERON POINTE DR & BELL RD,NASHVILLE,TN,37214,8943,HERMIT,36.1182,-86.6311,POINT (-86.6311 36.1182)
20190526902,07/14/2019 01:50:00 PM,2,0,0,,Y,256386,11,Front to Rear,22,CLOUDY,1,DAYLIGHT,14,PARKED MOTOR VEHICLE,STEWARTS FERRY PIKE & PERCY PRIEST DR,NASHVILLE,TN,37214,8955,HERMIT,36.1545,-86.6261,POINT (-86.6261 36.1545)
20190267489,04/07/2019 12:40:00 PM,1,1,0,,N,320601,0,NOT COLLISION W/MOTOR VEHICLE-TRANSPORT,22,CLOUDY,1,DAYLIGHT,72,EMBANKMENT ROCK/STONE/CONCRETE,MM 53 7 I 24,NASHVILLE,TN,37211,88122,SOUTH,36.1097,-86.7216,POINT (-86.7216 36.1097)
20190064962,01/25/2019 07:46:00 AM,2,3,0,,N,633390,4,ANGLE,21,CLEAR,1,DAYLIGHT,12,MOTOR VEHICLE IN TRANSPORT,GALLATIN AV & CAHAL AV,NASHVILLE,TN,37206,1331,EAST,36.196,-86.7426,POINT (-86.7426 36.196)
20190103806,02/07/2019 06:09:00 PM,4,4,0,,Y,717341,11,Front to Rear,2,RAIN,3,DARK - LIGHTED,12,MOTOR VEHICLE IN TRANSPORT,I24 W EXT RAMP & I 24,NASHVILLE,TN,37211,8829,SOUTH,36.1074,-86.7197,POINT (-86.7197 36.1074)
20190007354,01/03/2019 05:37:00 PM,3,0,0,,N,256389,11,Front to Rear,21,CLEAR,3,DARK - LIGHTED,12,MOTOR VEHICLE IN TRANSPORT,MM 4 0 I 440,NASHVILLE,TN,37204,7010,MIDTOW,36.1161,-86.7901,POINT (-86.7901 36.1161)