Accident Number,Date and Time,Number of Motor Vehicles,Number of Injuries,Number of Fatalities,Property Damage,Hit and Run,Reporting Officer,Collision Type Code,Collision Type Description,Weather Code,Weather Description,Illumination Code,Illumination Description,Harmful Code,Harmful Code Description,Street Address,City,State,ZIP,RPA,Precinct,Latitude,Longitude,Mapped Location
20190256019,04/03/2019 05:09:00 AM,1,2,0,Y,N,284059,0,NOT COLLISION W/MOTOR VEHICLE-TRANSPORT,21,CLEAR,3,DARK - LIGHTED,30;34;64,UTILITY POLE;DITCH;Ran Off Road-Left,CLARKSVILLE PKE & EATONS CREEK RD,JOELTON,TN,37080,3335,NORTH,36.292,-86.8839,POINT (-86.8839 36.292)
20190183575,03/08/2019 07:50:00 AM,1,0,0,Y,N,191578,0,NOT COLLISION W/MOTOR VEHICLE-TRANSPORT,2,RAIN,1,DAYLIGHT,24,GUARDRAIL FACE,CENTRAL PKE ENT RAMP & I 40,HERMITAGE,TN,37076,95100,HERMIT,36.171,-86.6062,POINT (-86.6062 36.171)
20190533372,07/17/2019 03:27:00 AM,1,6,1,Y,Y,279117,0,NOT COLLISION W/MOTOR VEHICLE-TRANSPORT,21,CLEAR,3,DARK - LIGHTED,1;30;40;63,UTILITY POLE;MAIL BOX;Ran Off Road-Right,2500 DICKERSON PKE,NASHVILLE,TN,37207,1829,EAST,36.2114,-86.7654,POINT (-86.7654 36.2114)
20190312037,04/23/2019 07:39:00 AM,2,0,0,,N,224955,4,ANGLE,22,CLOUDY,1,DAYLIGHT,12,MOTOR VEHICLE IN TRANSPORT,RIDGESIDE DR & VILLAGE TRL,NASHVILLE,TN,37207,2027,MADISO,36.2477,-86.7716,POINT (-86.7716 36.2477)
20190335796,05/01/2019 12:00:00 AM,3,0,0,,N,197054,11,Front to Rear,2,RAIN,1,DAYLIGHT,12,MOTOR VEHICLE IN TRANSPORT,MM 52 1 I 24,NASHVILLE,TN,37217,8816,SOUTH,36.1343,-86.7267,POINT (-86.7267 36.1343)
20190559588,07/27/2019 08:32:00 AM,2,0,0,,Y,279116,16,Rear to Side,21,CLEAR,1,DAYLIGHT,14,PARKED MOTOR VEHICLE,CALDWELL LN & CALDWELL CT,NASHVILLE,TN,37204,7017,MIDTOW,36.1053,-86.7826,POINT (-86.7826 36.1053)
20190563791,07/29/2019 08:45:00 AM,2,0,0,,N,591936,11,Front to Rear,21,CLEAR,1,DAYLIGHT,12,MOTOR VEHICLE IN TRANSPORT,MM 3 9 I 440,NASHVILLE,TN,37204,7010,MIDTOW,36.1161,-86.7913,POINT (-86.7913 36.1161)
20190269841,04/08/2019 11:11:00 AM,2,0,0,,N,191578,11,Front to Rear,21,CLEAR,1,DAYLIGHT,12,MOTOR VEHICLE IN TRANSPORT,MURFREESBORO PKE & BRILEY PKWYS,NASHVILLE,TN,37217,88942,HERMIT,36.1183,-86.7003,POINT (-86.7003 36.1183)
20190394016,05/23/2019 10:20:00 AM,2,0,0,,N,191578,11,Front to Rear,21,CLEAR,1,DAYLIGHT,12,MOTOR VEHICLE IN TRANSPORT,SMITH SPRINGS RD & BELL RD,NASHVILLE,TN,37217,8965,HERMIT,36.0903,-86.6265,POINT (-86.6265 36.0903)
20190183753,03/08/2019 08:41:00 AM,3,0,0,,Y,676834,11,Front to Rear,2,RAIN,1,DAYLIGHT,12,MOTOR VEHICLE IN TRANSPORT,WHITES CREEK PKE & OLD HICKORY BLVD,WHITES CREEK,TN,37189,3305,NORTH,36.2685,-86.8313,POINT (-86.8313 36.2685)
20190309670,04/22/2019 04:30:00 PM,2,0,0,,N,330436,6,SIDESWIPE - OPPOSITE DIRECTION,21,CLEAR,1,DAYLIGHT,12,MOTOR VEHICLE IN TRANSPORT,NORTHCREST DR & NOLENSVILLE PKE,NASHVILLE,TN,37211,8711,SOUTH,36.0667,-86.7179,POINT (-86.7179 36.0667)
20190236821,03/27/2019 07:25:00 AM,2,0,0,,N,226136,5,SIDESWIPE - SAME DIRECTION,21,CLEAR,1,DAYLIGHT,12,MOTOR VEHICLE IN TRANSPORT,MM 4 5 I 440,NASHVILLE,TN,37204,7014,MIDTOW,36.1157,-86.7807,POINT (-86.7807 36.1157)
20190537283,07/18/2019 01:00:00 PM,2,0,0,,N,279227,5,SIDESWIPE - SAME DIRECTION,21,CLEAR,1,DAYLIGHT,12,MOTOR VEHICLE IN TRANSPORT,FOSTER AV & FOSTER CT,NASHVILLE,TN,37210,8333,SOUTH,36.1136,-86.7431,POINT (-86.7431 36.1136)
20190233359,03/26/2019 03:12:00 AM,1,0,0,,N,151122,0,NOT COLLISION W/MOTOR VEHICLE-TRANSPORT,21,CLEAR,3,DARK - LIGHTED,32,CULVERT,PACKARD DR & BRENDA LN,ANTIOCH,TN,37013,8713,SOUTH,36.0633,-86.6904,POINT (-86.6904 36.0633)
20190439784,06/10/2019 12:39:00 AM,2,1,0,,N,224437,11,Front to Rear,21,CLEAR,3,DARK - LIGHTED,12,MOTOR VEHICLE IN TRANSPORT,MM 78 0 I 65,NASHVILLE,TN,37204,8502,MIDTOW,36.0856,-86.7632,POINT (-86.7632 36.0856)
20190396789,05/24/2019 07:24:00 AM,2,0,0,,N,594473,11,Front to Rear,21,CLEAR,1,DAYLIGHT,12,MOTOR VEHICLE IN TRANSPORT,WEDGEWOOD AV & E BELMONT CIR,NASHVILLE,TN,37212,6613,MIDTOW,36.1362,-86.794,POINT (-86.794 36.1362)
20190279194,04/11/2019 03:34:00 PM,2,1,0,,N,209184,4,ANGLE,21,CLEAR,1,DAYLIGHT,12,MOTOR VEHICLE IN TRANSPORT,BELL RD & CANE RIDGE RD,ANTIOCH,TN,37013,8753,SOUTH,36.0449,-86.6631,POINT (-86.6631 36.0449)
20190407290,05/28/2019 01:57:00 PM,2,0,0,,N,109534,11,Front to Rear,21,CLEAR,1,DAYLIGHT,12,MOTOR VEHICLE IN TRANSPORT,OLD HICKORY BLVD & CENTRAL PKE,HERMITAGE,TN,37076,9557,HERMIT,36.1676,-86.7787,POINT (-86.7787 36.1676)
20190431234,06/06/2019 10:20:00 AM,2,2,0,,N,109534,2,HEAD-ON,21,CLEAR,1,DAYLIGHT,12,MOTOR VEHICLE IN TRANSPORT,DONELSON PKE & SHACKLETT DR,NASHVILLE,TN,37214,9411,HERMIT,36.1449,-86.6667,POINT (-86.6667 36.1449)
20190468585,06/20/2019 05:25:00 PM,1,0,0,Y,Y,419972,9,UNKNOWN,21,CLEAR,1,DAYLIGHT,99,UNKNOWN MOST HARMFUL EVENT,KNOB RD & KNOB RD CNCTR,NASHVILLE,TN,37209,5105,WEST,36.1378,-86.8555,POINT (-86.8555 36.1378)
20190289656,04/15/2019 04:43:00 PM,2,0,0,,N,197054,11,Front to Rear,21,CLEAR,1,DAYLIGHT,12,MOTOR VEHICLE IN TRANSPORT,MM 215 7 I 40,NASHVILLE,TN,37217,89020,HERMIT,36.1426,-86.6823,POINT (-86.6823 36.1426)
20190087104,02/01/2019 04:30:00 PM,2,0,0,,N,299244,5,SIDESWIPE - SAME DIRECTION,21,CLEAR,1,DAYLIGHT,12,MOTOR VEHICLE IN TRANSPORT,INTERSTATE DR & RUSSELL ST,NASHVILLE,TN,37213,1107,CENTRA,36.1694,-86.7679,POINT (-86.7679 36.1694)
20190197258,03/13/2019 12:43:00 PM,2,0,0,,N,714641,11,Front to Rear,21,CLEAR,1,DAYLIGHT,12,MOTOR VEHICLE IN TRANSPORT,2ND AVS & KOREAN VETERANS BLVD,NASHVILLE,TN,37201,4047,CENTRA,36.1576,-86.7724,POINT (-86.7724 36.1576)
20190056050,01/22/2019 08:50:00 AM,2,0,0,,Y,714648,4,ANGLE,21,CLEAR,1,DAYLIGHT,14,PARKED MOTOR VEHICLE,HOWERTON ST & N 7TH ST,NASHVILLE,TN,37206,1997,EAST,36.1765,-86.7621,POINT (-86.7621 36.1765)
20190100837,02/06/2019 05:13:00 PM,2,1,0,,N,240968,11,Front to Rear,2,RAIN,3,DARK - LIGHTED,12,MOTOR VEHICLE IN TRANSPORT,MM 214 3 I 40,NASHVILLE,TN,37217,88021,HERMIT,36.1425,-86.7089,POINT (-86.7089 36.1425)
20190150050,02/24/2019 02:35:00 PM,2,0,0,,N,299266,11,Front to Rear,21,CLEAR,1,DAYLIGHT,12,MOTOR VEHICLE IN TRANSPORT,BELL RD & MT VIEW RD,ANTIOCH,TN,37013,8861,SOUTH,36.05,-86.6495,POINT (-86.6495 36.05)
20190327342,04/28/2019 08:50:00 PM,1,0,0,Y,N,320577,0,NOT COLLISION W/MOTOR VEHICLE-TRANSPORT,21,CLEAR,3,DARK - LIGHTED,40;71,MAIL BOX;EMBANKMENT EARTH,HARDING PL & BINKLEY DR,NASHVILLE,TN,37211,8501,MIDTOW,36.0773,-86.7391,POINT (-86.7391 36.0773)
20190350786,05/07/2019 02:35:00 PM,2,0,0,,N,240957,11,Front to Rear,21,CLEAR,1,DAYLIGHT,12,MOTOR VEHICLE IN TRANSPORT,NOLENSVILLE PKE & BREWER DR,NASHVILLE,TN,37211,8715,SOUTH,36.0535,-86.715,POINT (-86.715 36.0535)
20190458263,06/16/2019 11:45:00 PM,1,0,0,,N,298875,0,NOT COLLISION W/MOTOR VEHICLE-TRANSPORT,21,CLEAR,2,DARK - NOT LIGHTED,11;34,OTHER ANIMAL;DITCH,MT VIEW RD & ASHEFORD TRC,ANTIOCH,TN,37013,8867,SOUTH,36.0453,-86.6283,POINT (-86.6283 36.0453)
20190427443,06/05/2019 12:00:00 AM,1,0,0,,N,320591,0,NOT COLLISION W/MOTOR VEHICLE-TRANSPORT,21,CLEAR,3,DARK - LIGHTED,7,,MM 212 1 I 40,NASHVILLE,TN,37210,90041,HERMIT,36.1463,-86.7422,POINT (-86.7422 36.1463)
20190390497,05/22/2019 07:39:00 AM,2,0,0,,N,191578,11,Front to Rear,21,CLEAR,1,DAYLIGHT,12,MOTOR VEHICLE IN TRANSPORT,EAST THOMPSON LN & MURFREESBORO PKE,NASHVILLE,TN,37217,8879,SOUTH,36.1267,-86.7111,POINT (-86.7111 36.1267)
20190253511,04/02/2019 09:13:00 AM,2,1,0,,N,716886,11,Front to Rear,21,CLEAR,1,DAYLIGHT,12,MOTOR VEHICLE IN TRANSPORT,MM 53 4 I 24,NASHVILLE,TN,37210,88141,SOUTH,36.1127,-86.7234,POINT (-86.7234 36.1127)
20190494812,07/01/2019 06:05:00 AM,2,0,0,,N,146772,5,SIDESWIPE - SAME DIRECTION,21,CLEAR,1,DAYLIGHT,12,MOTOR VEHICLE IN TRANSPORT,DICKERSON PKES & CAMPBELL RD,GOODLETTSVILLE,TN,37072,2111,MADISO,36.2913,-86.7365,POINT (-86.7365 36.2913)
20190342347,05/04/2019 04:00:00 AM,1,0,0,,N,352207,0,NOT COLLISION W/MOTOR VEHICLE-TRANSPORT,2,RAIN,3,DARK - LIGHTED,34,DITCH,PETTUS RD & BLUE HOLE RD,ANTIOCH,TN,37013,8755,SOUTH,36.0283,-86.6727,POINT (-86.6727 36.0283)
20190501036,07/03/2019 09:01:00 AM,1,0,0,Y,Y,110063,0,NOT COLLISION W/MOTOR VEHICLE-TRANSPORT,21,CLEAR,1,DAYLIGHT,24,GUARDRAIL FACE,MM 38 0 I 24,WHITES CREEK,TN,37189,2212,NORTH,36.3083,-86.8217,POINT (-86.8217 36.3083)
20190051882,01/20/2019 05:50:00 PM,2,0,0,,Y,311337,11,Front to Rear,21,CLEAR,3,DARK - LIGHTED,12,MOTOR VEHICLE IN TRANSPORT,BELL RD & STEWARTS FERRY PKE,NASHVILLE,TN,37214,8959,HERMIT,36.1522,-86.6251,POINT (-86.6251 36.1522)
20190298218,04/18/2019 12:00:00 AM,2,0,0,,Y,665896,5,SIDESWIPE - SAME DIRECTION,99,UNKNOWN,9,UNKNOWN,12;14,MOTOR VEHICLE IN TRANSPORT;PARKED MOTOR VEHICLE,MARIE ST & MERIDIAN ST,NASHVILLE,TN,37207,1871,EAST,36.197,-86.767,POINT (-86.767 36.197)
20190268247,04/07/2019 09:15:00 PM,2,0,0,,N,298874,4,ANGLE,22,CLOUDY,3,DARK - LIGHTED,12,MOTOR VEHICLE IN TRANSPORT,DOUGLAS AV & GALLATIN AV,NASHVILLE,TN,37206,1325,EAST,36.1927,-86.7444,POINT (-86.7444 36.1927)
20190043247,01/17/2019 06:30:00 AM,2,1,0,,N,212349,4,ANGLE,2,RAIN,4,DAWN,12,MOTOR VEHICLE IN TRANSPORT,ELM HILL PKE & DONELSON PKE,NASHVILLE,TN,37214,9411,HERMIT,36.1485,-86.6651,POINT (-86.6651 36.1485)
20190224167,03/22/2019 04:32:00 PM,2,0,0,,N,320599,11,Front to Rear,21,CLEAR,1,DAYLIGHT,12,MOTOR VEHICLE IN TRANSPORT,BRILEY PKWY S EXT RAMP & BRILEY PKWYN,NASHVILLE,TN,37210,9098,HERMIT,36.1474,-86.6938,POINT (-86.6938 36.1474)
20190177532,03/06/2019 09:12:00 AM,2,0,0,,N,224955,11,Front to Rear,22,CLOUDY,1,DAYLIGHT,12,MOTOR VEHICLE IN TRANSPORT,GALLATIN PKEN & RIVERGATE PKWY,MADISON,TN,37115,1731,MADISO,36.2973,-86.6988,POINT (-86.6988 36.2973)
20190508843,07/06/2019 12:00:00 AM,2,0,0,,N,212344,4,ANGLE,21,CLEAR,1,DAYLIGHT,14,PARKED MOTOR VEHICLE,RUSSELL ST & S 10TH ST,NASHVILLE,TN,37206,1203,EAST,36.1758,-86.7515,POINT (-86.7515 36.1758)
20190283879,04/13/2019 09:00:00 AM,1,0,0,Y,Y,473670,0,NOT COLLISION W/MOTOR VEHICLE-TRANSPORT,2,RAIN,1,DAYLIGHT,38,FENCE,S 5TH ST & CRUTCHER ST,NASHVILLE,TN,37206,1009,EAST,36.1624,-86.7593,POINT (-86.7593 36.1624)
20190126439,02/15/2019 07:25:00 PM,1,0,0,Y,N,420040,0,NOT COLLISION W/MOTOR VEHICLE-TRANSPORT,2,RAIN,3,DARK - LIGHTED,18,OTHER OBJECT (NOT FIXED),MM 4 2 I 440,NASHVILLE,TN,37204,7012,MIDTOW,36.116,-86.7861,POINT (-86.7861 36.116)
20190265213,04/06/2019 12:49:00 PM,2,0,0,,Y,212325,5,SIDESWIPE - SAME DIRECTION,22,CLOUDY,1,DAYLIGHT,12,MOTOR VEHICLE IN TRANSPORT,DUE WEST AVE & GALLATIN PKES,MADISON,TN,37115,1519,MADISO,36.2481,-86.7203,POINT (-86.7203 36.2481)
20190378802,05/17/2019 05:42:00 PM,2,0,0,,N,299257,4,ANGLE,21,CLEAR,1,DAYLIGHT,14,PARKED MOTOR VEHICLE,CARUTHERS AV & 12TH AVS,NASHVILLE,TN,37204,6925,MIDTOW,36.1258,-86.7893,POINT (-86.7893 36.1258)
20190100946,02/06/2019 04:17:00 PM,2,0,0,,N,151132,5,SIDESWIPE - SAME DIRECTION,2,RAIN,5,DUSK,12,MOTOR VEHICLE IN TRANSPORT,DICKERSON PKE & SKYLINE MEMORIAL CT,MADISON,TN,37115,2009,MADISO,36.2438,-86.7566,POINT (-86.7566 36.2438)
20190371582,05/15/2019 09:26:00 AM,1,1,0,Y,N,134899,0,NOT COLLISION W/MOTOR VEHICLE-TRANSPORT,2,RAIN,1,DAYLIGHT,1;36,CONCRETE TRAFFIC BARRIER,DODSON CHAPEL RD & CENTRAL PKE,HERMITAGE,TN,37076,9503,HERMIT,36.1747,-86.6143,POINT (-86.6143 36.1747)
20190086321,02/01/2019 11:26:00 AM,1,0,0,,N,405404,0,NOT COLLISION W/MOTOR VEHICLE-TRANSPORT,21,CLEAR,1,DAYLIGHT,8,PEDESTRIAN,BRICK CHURCH PKE & W TRINITY LN,NASHVILLE,TN,37207,3003,NORTH,36.2064,-86.7779,POINT (-86.7779 36.2064)
20190223950,03/22/2019 03:00:00 PM,2,0,0,,N,420040,5,SIDESWIPE - SAME DIRECTION,21,CLEAR,1,DAYLIGHT,12,MOTOR VEHICLE IN TRANSPORT,MM 79 0 I 65,NASHVILLE,TN,37204,8502,MIDTOW,36.0987,-86.7636,POINT (-86.7636 36.0987)
20190579014,08/04/2019 12:00:00 AM,1,0,0,,Y,633381,9,UNKNOWN,99,UNKNOWN,9,UNKNOWN,99,UNKNOWN MOST HARMFUL EVENT,SOUTHWIND DR & EZELL PKE,NASHVILLE,TN,37217,8841,SOUTH,36.0985,-86.6728,POINT (-86.6728 36.0985)
20190023121,01/09/2019 06:45:00 PM,2,0,0,,Y,256427,11,Front to Rear,21,CLEAR,5,DUSK,12,MOTOR VEHICLE IN TRANSPORT,MM 212 3 I 40,NASHVILLE,TN,37210,8206,HERMIT,36.1447,-86.7399,POINT (-86.7399 36.1447)
20190475792,06/23/2019 08:29:00 PM,2,0,0,,N,256386,4,ANGLE,22,CLOUDY,5,DUSK,12,MOTOR VEHICLE IN TRANSPORT,OLD MURFREESBORO PIKE & SMITH SPRINGS RD,NASHVILLE,TN,37217,8947,HERMIT,36.0968,-86.6546,POINT (-86.6546 36.0968)
20190322741,04/26/2019 02:35:00 PM,2,0,0,,N,191573,4,ANGLE,21,CLEAR,1,DAYLIGHT,12;31,"MOTOR VEHICLE IN TRANSPORT;OTHER POST, POLE, SUPP.",S 1ST ST & MAIN ST,NASHVILLE,TN,37213,1133,CENTRA,36.17,-86.7727,POINT (-86.7727 36.17)
20190436423,06/08/2019 09:45:00 AM,2,0,0,,N,140808,11,Front to Rear,22,CLOUDY,1,DAYLIGHT,12,MOTOR VEHICLE IN TRANSPORT,OLD HICKORY BLVD & I65 S EXT RAMP,NASHVILLE,TN,37220,7111,MIDTOW,36.0377,-86.7848,POINT (-86.7848 36.0377)
20190387038,05/21/2019 05:05:00 AM,2,0,0,,Y,320578,5,SIDESWIPE - SAME DIRECTION,21,CLEAR,1,DAYLIGHT,12,MOTOR VEHICLE IN TRANSPORT,LINBAR DR & WALLACE RD,NASHVILLE,TN,37211,8707,SOUTH,36.0387,-86.731,POINT (-86.731 36.0387)
20190244002,03/29/2019 02:19:00 PM,2,1,0,,Y,179602,11,Front to Rear,22,CLOUDY,1,DAYLIGHT,12,MOTOR VEHICLE IN TRANSPORT,23RD AVN & OSAGE ST,NASHVILLE,TN,37208,4467,NORTH,36.1757,-86.8135,POINT (-86.8135 36.1757)
20190580780,08/05/2019 06:40:00 AM,1,1,0,Y,N,348631,0,NOT COLLISION W/MOTOR VEHICLE-TRANSPORT,21,CLEAR,1,DAYLIGHT,42,TREE,SAUNDERS AV & MAPLEWOOD LN,NASHVILLE,TN,37216,1847,EAST,36.2262,-86.7339,POINT (-86.7339 36.2262)
20190128236,02/16/2019 04:45:00 PM,2,0,0,,N,320577,4,ANGLE,21,CLEAR,1,DAYLIGHT,12,MOTOR VEHICLE IN TRANSPORT,HILLSBORO PKE & GREEN HILLS VILLAGE DR,NASHVILLE,TN,37215,6411,MIDTOW,36.107,-86.8132,POINT (-86.8132 36.107)
20190423115,06/03/2019 02:44:00 PM,2,0,0,,N,256380,11,Front to Rear,21,CLEAR,1,DAYLIGHT,12,MOTOR VEHICLE IN TRANSPORT,I 440 & UNKNOWN RAMP,NASHVILLE,TN,37210,83043,SOUTH,36.1257,-86.7314,POINT (-86.7314 36.1257)
20190247050,03/30/2019 10:35:00 PM,1,1,0,,N,311340,0,NOT COLLISION W/MOTOR VEHICLE-TRANSPORT,22,CLOUDY,3,DARK - LIGHTED,8,PEDESTRIAN,CHARLOTTE AV & 14TH AVN,NASHVILLE,TN,37203,5501,MIDTOW,36.1606,-86.7941,POINT (-86.7941 36.1606)
20190551889,07/24/2019 09:24:00 AM,2,0,0,,N,902543,11,Front to Rear,21,CLEAR,1,DAYLIGHT,12,MOTOR VEHICLE IN TRANSPORT,GALLATIN PKE & BURCHWOOD AV,NASHVILLE,TN,37216,1403,EAST,36.201,-86.7399,POINT (-86.7399 36.201)
20190436411,06/08/2019 09:51:00 AM,1,1,0,Y,N,279230,0,NOT COLLISION W/MOTOR VEHICLE-TRANSPORT,21,CLEAR,1,DAYLIGHT,43,OTHER FIXED OBJECTS,241 HAYWOOD LN,NASHVILLE,TN,37211,8711,SOUTH,36.0701,-86.6996,POINT (-86.6996 36.0701)
20190197812,03/13/2019 01:42:00 PM,2,1,0,,N,279194,11,Front to Rear,21,CLEAR,1,DAYLIGHT,12,MOTOR VEHICLE IN TRANSPORT,I65 S EXT RAMP & I 65,MADISON,TN,37115,20044,MADISO,36.2481,-86.743,POINT (-86.743 36.2481)
20190322784,04/26/2019 02:43:00 PM,2,0,0,,N,299267,4,ANGLE,21,CLEAR,1,DAYLIGHT,12,MOTOR VEHICLE IN TRANSPORT,BATTLEFIELD DR & STOKES LN,NASHVILLE,TN,37215,6419,MIDTOW,36.1159,-86.7986,POINT (-86.7986 36.1159)
20190315643,04/24/2019 07:33:00 AM,3,0,0,,N,224955,11,Front to Rear,21,CLEAR,1,DAYLIGHT,12,MOTOR VEHICLE IN TRANSPORT,PORT DR & DUE WEST AVN,MADISON,TN,37115,2041,MADISO,36.2539,-86.7441,POINT (-86.7441 36.2539)
20190188220,03/10/2019 05:42:00 AM,2,0,0,,N,110094,4,ANGLE,21,CLEAR,3,DARK - LIGHTED,12,MOTOR VEHICLE IN TRANSPORT,4TH AVN & COMMERCE ST,NASHVILLE,TN,37201,4105,CENTRA,36.1624,-86.7781,POINT (-86.7781 36.1624)
20190535442,07/17/2019 08:15:00 PM,2,0,0,,Y,352209,16,Rear to Side,21,CLEAR,3,DARK - LIGHTED,14,PARKED MOTOR VEHICLE,CHAPMAN DR & CONRAD DR,NASHVILLE,TN,37206,1373,EAST,36.1784,-86.7214,POINT (-86.7214 36.1784)
20190074200,01/28/2019 07:45:00 PM,2,0,0,,N,256389,11,Front to Rear,2,RAIN,1,DAYLIGHT,12,MOTOR VEHICLE IN TRANSPORT,GLENDALE LN & SCENIC DR,NASHVILLE,TN,37204,7021,MIDTOW,36.0941,-86.7937,POINT (-86.7937 36.0941)
20190144167,02/22/2019 06:45:00 AM,3,2,0,,N,633385,11,Front to Rear,2,RAIN,1,DAYLIGHT,12,MOTOR VEHICLE IN TRANSPORT,HARDING PL & ANTIOCH PKE,NASHVILLE,TN,37211,8847,SOUTH,36.0875,-86.6921,POINT (-86.6921 36.0875)
20190159898,02/27/2019 10:00:00 PM,2,0,0,,N,330414,11,Front to Rear,21,CLEAR,3,DARK - LIGHTED,12,MOTOR VEHICLE IN TRANSPORT,BROADWAY & 3RD AVN,NASHVILLE,TN,37201,4105,CENTRA,36.1615,-86.776,POINT (-86.776 36.1615)
20190437519,06/08/2019 10:51:00 PM,2,3,0,,N,311336,11,Front to Rear,21,CLEAR,2,DARK - NOT LIGHTED,12,MOTOR VEHICLE IN TRANSPORT,HART LN & ELLINGTON PKWYS,NASHVILLE,TN,37207,1892,EAST,36.2183,-86.7475,POINT (-86.7475 36.2183)
20190306928,04/21/2019 05:14:00 PM,3,0,0,,N,240966,11,Front to Rear,21,CLEAR,1,DAYLIGHT,12,MOTOR VEHICLE IN TRANSPORT,MM 87 5 I 65,NASHVILLE,TN,37207,1804,EAST,36.2091,-86.776,POINT (-86.776 36.2091)
20190509322,07/06/2019 08:00:00 PM,2,0,0,,Y,330425,5,SIDESWIPE - SAME DIRECTION,21,CLEAR,3,DARK - LIGHTED,12,MOTOR VEHICLE IN TRANSPORT,NEELYS BEND RD & GALLATIN PKES,MADISON,TN,37115,1783,MADISO,36.2562,-86.7144,POINT (-86.7144 36.2562)
20190355877,05/09/2019 09:00:00 AM,2,0,0,,Y,716877,11,Front to Rear,2,RAIN,1,DAYLIGHT,12,MOTOR VEHICLE IN TRANSPORT,BELL RD & MURFREESBORO PKE,ANTIOCH,TN,37013,8979,SOUTH,36.0729,-86.6357,POINT (-86.6357 36.0729)
20190323060,04/26/2019 05:17:00 PM,3,1,0,,N,299267,11,Front to Rear,21,CLEAR,1,DAYLIGHT,12,MOTOR VEHICLE IN TRANSPORT,MM 79 7 I 65,NASHVILLE,TN,37204,8504,MIDTOW,36.1092,-86.7698,POINT (-86.7698 36.1092)
20190410826,05/29/2019 05:32:00 PM,2,0,0,,N,151132,2,HEAD-ON,21,CLEAR,1,DAYLIGHT,12,MOTOR VEHICLE IN TRANSPORT,W WEBSTER ST & GALLATIN PKES,MADISON,TN,37115,1783,MADISO,36.2519,-86.7177,POINT (-86.7177 36.2519)
20190397257,05/24/2019 11:44:00 AM,2,0,0,,N,716886,4,ANGLE,21,CLEAR,1,DAYLIGHT,12,MOTOR VEHICLE IN TRANSPORT,BELL RD & MURFREESBORO PKE,ANTIOCH,TN,37013,8861,SOUTH,36.072,-86.636,POINT (-86.636 36.072)
20190279594,04/11/2019 06:40:00 PM,2,0,0,,N,579971,4,ANGLE,21,CLEAR,1,DAYLIGHT,12,MOTOR VEHICLE IN TRANSPORT,FANNING DR & AEOLIA DR,ANTIOCH,TN,37013,8899,SOUTH,36.0702,-86.6722,POINT (-86.6722 36.0702)
20190562326,07/28/2019 12:00:00 AM,2,0,0,,N,279200,4,ANGLE,21,CLEAR,1,DAYLIGHT,12,MOTOR VEHICLE IN TRANSPORT,DIVISION ST & 8TH AVS,NASHVILLE,TN,37203,4011,CENTRA,36.1498,-86.7801,POINT (-86.7801 36.1498)
20190025300,01/10/2019 03:30:00 PM,2,0,0,,N,212330,11,Front to Rear,21,CLEAR,1,DAYLIGHT,12,MOTOR VEHICLE IN TRANSPORT,I24 E EXT RAMP & I 24,NASHVILLE,TN,37207,30080,NORTH,36.2378,-86.7872,POINT (-86.7872 36.2378)
20190423502,06/03/2019 05:38:00 PM,2,0,0,,Y,169425,11,Front to Rear,21,CLEAR,1,DAYLIGHT,12,MOTOR VEHICLE IN TRANSPORT,22ND AVN & CHARLOTTE AV,NASHVILLE,TN,37209,5339,NORTH,36.1569,-86.8074,POINT (-86.8074 36.1569)
20190098134,02/05/2019 09:15:00 PM,2,0,0,,N,256414,5,SIDESWIPE - SAME DIRECTION,21,CLEAR,3,DARK - LIGHTED,12,MOTOR VEHICLE IN TRANSPORT,OLD HICKORY BLVD & FIRESTONE PKWY,ANTIOCH,TN,37013,8867,SOUTH,36.017,-86.6199,POINT (-86.6199 36.017)
20190273768,04/09/2019 07:34:00 PM,1,1,0,,N,256448,0,NOT COLLISION W/MOTOR VEHICLE-TRANSPORT,21,CLEAR,1,DAYLIGHT,7,,ROYAL PKWY & DONELSON PKE,NASHVILLE,TN,37214,9103,HERMIT,36.1463,-86.6689,POINT (-86.6689 36.1463)
20190115273,02/12/2019 07:54:00 AM,2,1,0,,N,716886,11,Front to Rear,2,RAIN,1,DAYLIGHT,12,MOTOR VEHICLE IN TRANSPORT,MM 56 1 I 24,NASHVILLE,TN,37211,88100,SOUTH,36.0813,-86.697,POINT (-86.697 36.0813)
20190465969,06/19/2019 07:22:00 PM,2,0,0,,N,256380,4,ANGLE,2,RAIN,1,DAYLIGHT,12,MOTOR VEHICLE IN TRANSPORT,W TRINITY LN & I65 S ENT RAMP,NASHVILLE,TN,37207,3002,NORTH,36.2065,-86.7765,POINT (-86.7765 36.2065)
20190282453,04/12/2019 08:27:00 PM,2,2,0,,N,279124,11,Front to Rear,21,CLEAR,3,DARK - LIGHTED,12,MOTOR VEHICLE IN TRANSPORT,CURREY RD & EAST THOMPSON LN,NASHVILLE,TN,37211,8809,SOUTH,36.1189,-86.7186,POINT (-86.7186 36.1189)
20190510368,07/07/2019 11:44:00 AM,2,0,0,,N,909494,11,Front to Rear,22,CLOUDY,1,DAYLIGHT,12,MOTOR VEHICLE IN TRANSPORT,MM 48 9 I 24,NASHVILLE,TN,37213,1104,CENTRA,36.1676,-86.7656,POINT (-86.7656 36.1676)