Accident Number,Date and Time,Number of Motor Vehicles,Number of Injuries,Number of Fatalities,Property Damage,Hit and Run,Reporting Officer,Collision Type Code,Collision Type Description,Weather Code,Weather Description,Illumination Code,Illumination Description,Harmful Code,Harmful Code Description,Street Address,City,State,ZIP,RPA,Precinct,Latitude,Longitude,Mapped Location
20190342823,05/04/2019 11:04:00 AM,3,0,0,,N,352169,11,Front to Rear,22,CLOUDY,98,OTHER,12,MOTOR VEHICLE IN TRANSPORT,53RD AVN & CHARLOTTE AV,NASHVILLE,TN,37209,5121,WEST,36.1519,-86.8512,POINT (-86.8512 36.1519)
20190280875,04/12/2019 06:54:00 AM,2,4,0,,N,716886,2,HEAD-ON,2,RAIN,1,DAYLIGHT,12,MOTOR VEHICLE IN TRANSPORT,PARAGON MILLS RD & ASTER DR,NASHVILLE,TN,37211,8421,SOUTH,36.0894,-86.7199,POINT (-86.7199 36.0894)
20190184398,03/08/2019 02:00:00 PM,2,0,0,,N,330411,11,Front to Rear,2,RAIN,1,DAYLIGHT,12,MOTOR VEHICLE IN TRANSPORT,BATTERY LN & PADDOCK PK,NASHVILLE,TN,37220,7105,MIDTOW,36.0887,-86.7947,POINT (-86.7947 36.0887)
20190296326,04/17/2019 04:41:00 PM,2,0,0,,Y,240966,4,ANGLE,21,CLEAR,1,DAYLIGHT,12,MOTOR VEHICLE IN TRANSPORT,DOUGLAS AV & DICKERSON PKE,NASHVILLE,TN,37207,1911,EAST,36.1945,-86.7723,POINT (-86.7723 36.1945)
20190303700,04/20/2019 03:24:00 AM,1,0,0,Y,N,298859,0,NOT COLLISION W/MOTOR VEHICLE-TRANSPORT,2,RAIN,3,DARK - LIGHTED,24,GUARDRAIL FACE,MM 215 1 I 40,NASHVILLE,TN,37214,91021,HERMIT,36.1443,-86.6934,POINT (-86.6934 36.1443)
20190576220,08/02/2019 11:44:00 PM,2,1,0,,N,169414,11,Front to Rear,22,CLOUDY,3,DARK - LIGHTED,12,MOTOR VEHICLE IN TRANSPORT,MURFREESBORO PKE & DOVER GLEN DR,ANTIOCH,TN,37013,8861,SOUTH,36.077,-86.6413,POINT (-86.6413 36.077)
20190136517,02/19/2019 06:30:00 PM,2,0,0,,N,690942,4,ANGLE,2,RAIN,3,DARK - LIGHTED,12,MOTOR VEHICLE IN TRANSPORT,9TH AVS & DIVISION ST,NASHVILLE,TN,37203,4021,CENTRA,36.1509,-86.7805,POINT (-86.7805 36.1509)
20190294825,04/17/2019 07:10:00 AM,2,0,0,,N,226136,11,Front to Rear,22,CLOUDY,1,DAYLIGHT,12,MOTOR VEHICLE IN TRANSPORT,WEST END AV & 31ST AVN,NASHVILLE,TN,37212,5815,MIDTOW,36.1426,-86.8155,POINT (-86.8155 36.1426)
20190344964,05/05/2019 02:06:00 PM,2,0,0,,N,161952,11,Front to Rear,22,CLOUDY,1,DAYLIGHT,12,MOTOR VEHICLE IN TRANSPORT,MM 87 2 I 65,NASHVILLE,TN,37207,18020,EAST,36.2054,-86.7764,POINT (-86.7764 36.2054)
20190105737,02/08/2019 11:35:00 AM,2,0,0,,N,311339,4,ANGLE,21,CLEAR,1,DAYLIGHT,12,MOTOR VEHICLE IN TRANSPORT,ELM ST & 3RD AVS,NASHVILLE,TN,37210,4005,CENTRA,36.1537,-86.7712,POINT (-86.7712 36.1537)
20190174028,03/05/2019 08:22:00 AM,2,0,0,,N,571316,5,SIDESWIPE - SAME DIRECTION,21,CLEAR,1,DAYLIGHT,12,MOTOR VEHICLE IN TRANSPORT,MM 49 3 I 24,NASHVILLE,TN,37206,10040,EAST,36.1629,-86.7614,POINT (-86.7614 36.1629)
20190377671,05/17/2019 08:00:00 AM,2,0,0,,N,226622,11,Front to Rear,21,CLEAR,1,DAYLIGHT,12,MOTOR VEHICLE IN TRANSPORT,HIGHWAY 70S & BELLE FOREST SHOPPING CENT,NASHVILLE,TN,37205,4903,WEST,36.0746,-86.9205,POINT (-86.9205 36.0746)
20190573951,08/02/2019 06:22:00 AM,2,0,0,,N,191578,5,SIDESWIPE - SAME DIRECTION,21,CLEAR,1,DAYLIGHT,12,MOTOR VEHICLE IN TRANSPORT,ANDREW JACKSON PKWY & RACHEL DONELSON PA,HERMITAGE,TN,37076,9533,HERMIT,36.2,-86.6081,POINT (-86.6081 36.2)
20190270294,04/08/2019 03:09:00 PM,2,0,0,,N,256380,11,Front to Rear,2,RAIN,1,DAYLIGHT,12,MOTOR VEHICLE IN TRANSPORT,JEFFERSON ST & 21ST AVN,NASHVILLE,TN,37208,5351,NORTH,36.1688,-86.8114,POINT (-86.8114 36.1688)
20190072512,01/28/2019 07:40:00 AM,2,0,0,Y,N,429185,4,ANGLE,21,CLEAR,1,DAYLIGHT,12;33;38,MOTOR VEHICLE IN TRANSPORT;CURB;FENCE,4000 OLD HICKORY BLVD,OLD HICKORY,TN,37138,9713,HERMIT,36.2345,-86.6258,POINT (-86.6258 36.2345)
20190341017,05/03/2019 12:00:00 AM,2,0,0,,N,298868,2,HEAD-ON,22,CLOUDY,1,DAYLIGHT,12,MOTOR VEHICLE IN TRANSPORT,WHITE BRIDGE PKE & CHARLOTTE PKE,NASHVILLE,TN,37209,5033,WEST,36.1494,-86.8579,POINT (-86.8579 36.1494)
20190539901,07/19/2019 12:40:00 PM,2,0,0,,N,352168,11,Front to Rear,21,CLEAR,1,DAYLIGHT,12,MOTOR VEHICLE IN TRANSPORT,GALLATIN AV & STRAIGHTWAY AV,NASHVILLE,TN,37206,1325,EAST,36.1935,-86.744,POINT (-86.744 36.1935)
20190089172,02/02/2019 01:09:00 PM,2,2,0,,N,419952,11,Front to Rear,21,CLEAR,1,DAYLIGHT,55,Motor Vehicle-In-Motion Outside Trafficw,HARDING PKE & ROYAL OAKS CONDOS PVTDR,NASHVILLE,TN,37205,6101,WEST,36.1235,-86.8497,POINT (-86.8497 36.1235)
20190375190,05/16/2019 01:55:00 PM,1,0,0,Y,N,256428,0,NOT COLLISION W/MOTOR VEHICLE-TRANSPORT,21,CLEAR,1,DAYLIGHT,18;34,OTHER OBJECT (NOT FIXED);DITCH,LEMONT DR & BROADMOOR DR,NASHVILLE,TN,37216,1803,EAST,36.2297,-86.7439,POINT (-86.7439 36.2297)
20190414096,05/30/2019 05:25:00 PM,2,0,0,,N,320577,11,Front to Rear,21,CLEAR,1,DAYLIGHT,12,MOTOR VEHICLE IN TRANSPORT,NOLENSVILLE PKE & COLEMAN ST,NASHVILLE,TN,37210,8109,SOUTH,36.1276,-86.7535,POINT (-86.7535 36.1276)
20190236817,03/27/2019 07:15:00 AM,2,0,0,,N,628640,11,Front to Rear,21,CLEAR,1,DAYLIGHT,12,MOTOR VEHICLE IN TRANSPORT,BRILEY PKWYS & BRILEY PKWYN,NASHVILLE,TN,37218,3212,NORTH,36.2142,-86.8724,POINT (-86.8724 36.2142)
20190319277,04/25/2019 11:20:00 AM,3,0,0,,N,799013,11,Front to Rear,21,CLEAR,1,DAYLIGHT,12,MOTOR VEHICLE IN TRANSPORT,LEBANON PKE & MCGAVOCK PKE,NASHVILLE,TN,37214,9201,HERMIT,36.1694,-86.6799,POINT (-86.6799 36.1694)
20190276556,04/10/2019 06:03:00 PM,2,0,0,,N,240955,11,Front to Rear,21,CLEAR,1,DAYLIGHT,12,MOTOR VEHICLE IN TRANSPORT,US HWY 41 & FOREST VIEW DR,ANTIOCH,TN,37013,8979,SOUTH,36.0674,-86.6312,POINT (-86.6312 36.0674)
20190527216,07/14/2019 07:23:00 PM,2,0,0,,Y,330415,16,Rear to Side,21,CLEAR,1,DAYLIGHT,14,PARKED MOTOR VEHICLE,0 LEA AV,NASHVILLE,TN,37203,4039,CENTRA,36.1536,-86.7751,POINT (-86.7751 36.1536)
20190012275,01/05/2019 05:34:00 PM,2,2,0,,N,206682,2,HEAD-ON,21,CLEAR,3,DARK - LIGHTED,12,MOTOR VEHICLE IN TRANSPORT,STATE RT 45 & MYATT DR,MADISON,TN,37115,1705,MADISO,36.2641,-86.6903,POINT (-86.6903 36.2641)
20190214277,03/19/2019 04:51:00 PM,2,0,0,,N,256380,11,Front to Rear,21,CLEAR,1,DAYLIGHT,12,MOTOR VEHICLE IN TRANSPORT,28TH AVN & CHARLOTTE AV,NASHVILLE,TN,37209,5341,MIDTOW,36.154,-86.8182,POINT (-86.8182 36.154)
20190572556,08/01/2019 05:07:00 PM,1,0,0,,N,267831,0,NOT COLLISION W/MOTOR VEHICLE-TRANSPORT,21,CLEAR,1,DAYLIGHT,50,DEER (ANIMAL),KNOB RD & KENDALL DR,NASHVILLE,TN,37209,5105,WEST,36.139,-86.8535,POINT (-86.8535 36.139)
20190210705,03/18/2019 03:19:00 PM,2,1,0,,N,298860,4,ANGLE,21,CLEAR,1,DAYLIGHT,13,MOTOR VEHICLE IN TRANSPORT-OTHER ROADWAY,LEBANON PKE & DONELSON PKE,NASHVILLE,TN,37214,9311,HERMIT,36.1676,-86.6633,POINT (-86.6633 36.1676)
20190232524,03/25/2019 09:40:00 PM,2,2,0,,N,206675,4,ANGLE,21,CLEAR,3,DARK - LIGHTED,12,MOTOR VEHICLE IN TRANSPORT,NOLENSVILLE PKE & TUSCULUM RD,NASHVILLE,TN,37211,8715,SOUTH,36.0587,-86.7162,POINT (-86.7162 36.0587)
20190251405,04/01/2019 04:15:00 PM,1,1,0,Y,N,151132,0,NOT COLLISION W/MOTOR VEHICLE-TRANSPORT,21,CLEAR,1,DAYLIGHT,18;34;71,OTHER OBJECT (NOT FIXED);DITCH;EMBANKMENT EARTH,OLD DUE WEST AV & DICKERSON PKE,NASHVILLE,TN,37207,2011,MADISO,36.2497,-86.7571,POINT (-86.7571 36.2497)
20190577101,08/03/2019 11:10:00 AM,2,0,0,,Y,226600,5,SIDESWIPE - SAME DIRECTION,22,CLOUDY,1,DAYLIGHT,12,MOTOR VEHICLE IN TRANSPORT,28TH AVN & CLIFTON AV,NASHVILLE,TN,37209,5345,NORTH,36.1585,-86.8186,POINT (-86.8186 36.1585)
20190109598,02/10/2019 03:02:00 AM,4,0,0,,Y,197060,2,HEAD-ON,3,"SLEET, HAIL",3,DARK - LIGHTED,12;14,MOTOR VEHICLE IN TRANSPORT;PARKED MOTOR VEHICLE,400 ELM ST,MADISON,TN,37115,1609,MADISO,36.2603,-86.7055,POINT (-86.7055 36.2603)
20190178662,03/06/2019 04:15:00 PM,2,0,0,,N,642287,5,SIDESWIPE - SAME DIRECTION,21,CLEAR,1,DAYLIGHT,12,MOTOR VEHICLE IN TRANSPORT,MM 49 5 I 24,NASHVILLE,TN,37210,4008,CENTRA,36.1588,-86.7604,POINT (-86.7604 36.1588)
20190302022,04/19/2019 11:40:00 AM,2,1,0,,N,462474,11,Front to Rear,2,RAIN,1,DAYLIGHT,12,MOTOR VEHICLE IN TRANSPORT,WOODMONT BLVD & BELMONT BLVD,NASHVILLE,TN,37215,6415,MIDTOW,36.113,-86.7998,POINT (-86.7998 36.113)
20190367100,05/13/2019 10:05:00 PM,1,1,0,,N,352184,0,NOT COLLISION W/MOTOR VEHICLE-TRANSPORT,21,CLEAR,2,DARK - NOT LIGHTED,42;64,TREE;Ran Off Road-Left,PENNINGTON BEND RD & MUSIC VALLEY DR,NASHVILLE,TN,37214,9213,HERMIT,36.2349,-86.7106,POINT (-86.7106 36.2349)
20190544933,07/21/2019 06:31:00 PM,1,0,0,Y,Y,330412,9,UNKNOWN,21,CLEAR,1,DAYLIGHT,99,UNKNOWN MOST HARMFUL EVENT,DUE WEST AVN & DUE WEST VALLEY DR,MADISON,TN,37115,2017,MADISO,36.2552,-86.7479,POINT (-86.7479 36.2552)
20190417570,06/01/2019 12:10:00 AM,2,0,0,,Y,279117,3,REAR-TO-REAR,21,CLEAR,2,DARK - NOT LIGHTED,12,MOTOR VEHICLE IN TRANSPORT,2000 LUCAS LN,NASHVILLE,TN,37207,1863,EAST,36.2025,-86.7745,POINT (-86.7745 36.2025)
20190506685,07/05/2019 02:13:00 PM,2,1,0,,N,620072,11,Front to Rear,22,CLOUDY,1,DAYLIGHT,12,MOTOR VEHICLE IN TRANSPORT,NOLENSVILLE PKE & WELSHWOOD DR,NASHVILLE,TN,37211,8501,MIDTOW,36.0826,-86.7273,POINT (-86.7273 36.0826)
20190256440,04/03/2019 08:43:00 AM,2,0,0,,N,212369,5,SIDESWIPE - SAME DIRECTION,21,CLEAR,1,DAYLIGHT,12,MOTOR VEHICLE IN TRANSPORT,I65 N EXT RAMP & I 65,NASHVILLE,TN,37207,1863,EAST,36.2057,-86.7747,POINT (-86.7747 36.2057)
20190017194,01/07/2019 05:56:00 PM,2,0,0,,N,256383,11,Front to Rear,21,CLEAR,3,DARK - LIGHTED,12,MOTOR VEHICLE IN TRANSPORT,NOLENSVILLE PKE & CONCORD HILLS DR,ANTIOCH,TN,37013,8767,SOUTH,35.999,-86.6928,POINT (-86.6928 35.999)
20190130350,02/17/2019 04:20:00 PM,2,0,0,,Y,717341,4,ANGLE,2,RAIN,1,DAYLIGHT,12,MOTOR VEHICLE IN TRANSPORT,MURFREESBORO PKE & I24 W EXT RAMP,NASHVILLE,TN,37217,8801,SOUTH,36.1348,-86.7236,POINT (-86.7236 36.1348)
20190059729,01/23/2019 02:00:00 PM,2,0,0,,N,591936,4,ANGLE,2,RAIN,1,DAYLIGHT,12,MOTOR VEHICLE IN TRANSPORT,FRANKLIN PKE & OLD HICKORY BLVD,NASHVILLE,TN,37220,7111,MIDTOW,36.0377,-86.7865,POINT (-86.7865 36.0377)
20190414556,05/30/2019 12:00:00 AM,2,1,0,,N,177482,4,ANGLE,21,CLEAR,3,DARK - LIGHTED,12,MOTOR VEHICLE IN TRANSPORT,51ST AVN & CHARLOTTE AV,NASHVILLE,TN,37209,5121,WEST,36.1525,-86.8486,POINT (-86.8486 36.1525)
20190221366,03/21/2019 05:00:00 PM,2,0,0,,N,256379,11,Front to Rear,21,CLEAR,1,DAYLIGHT,12,MOTOR VEHICLE IN TRANSPORT,I24E & I24 W ENT RAMP,NASHVILLE,TN,37210,82061,HERMIT,36.1386,-86.7273,POINT (-86.7273 36.1386)
20190459218,06/17/2019 09:00:00 AM,2,0,0,,N,352193,11,Front to Rear,21,CLEAR,1,DAYLIGHT,12,MOTOR VEHICLE IN TRANSPORT,MM 207 0 I 40,NASHVILLE,TN,37208,44021,NORTH,36.1696,-86.8114,POINT (-86.8114 36.1696)
20190334193,05/01/2019 06:20:00 AM,3,1,0,,N,189243,11,Front to Rear,22,CLOUDY,1,DAYLIGHT,12,MOTOR VEHICLE IN TRANSPORT,I24E & I440 W ENT RAMP,NASHVILLE,TN,37210,81020,SOUTH,36.1301,-86.7273,POINT (-86.7273 36.1301)
20190207854,03/17/2019 12:55:00 PM,2,0,0,,Y,402660,5,SIDESWIPE - SAME DIRECTION,21,CLEAR,1,DAYLIGHT,12,MOTOR VEHICLE IN TRANSPORT,CHARLOTTE AV & 40TH AVN,NASHVILLE,TN,37209,5229,WEST,36.1525,-86.8349,POINT (-86.8349 36.1525)
20190112018,02/11/2019 06:29:00 AM,3,3,0,,N,226136,11,Front to Rear,22,CLOUDY,1,DAYLIGHT,12,MOTOR VEHICLE IN TRANSPORT,CHARLOTTE AV & 14TH AVN,NASHVILLE,TN,37203,5501,MIDTOW,36.1606,-86.7941,POINT (-86.7941 36.1606)
20190581385,08/05/2019 11:05:00 AM,2,2,0,,N,191578,11,Front to Rear,21,CLEAR,1,DAYLIGHT,12,MOTOR VEHICLE IN TRANSPORT,MM 211 0 I 40,NASHVILLE,TN,37210,82020,HERMIT,36.1544,-86.7598,POINT (-86.7598 36.1544)
20190473375,06/22/2019 02:19:00 PM,2,2,0,,N,311804,4,ANGLE,21,CLEAR,1,DAYLIGHT,12,MOTOR VEHICLE IN TRANSPORT,MM 86 2 I 65,NASHVILLE,TN,37207,1910,CENTRA,36.1919,-86.7812,POINT (-86.7812 36.1919)
20190263563,04/05/2019 05:43:00 PM,2,0,0,,Y,256411,4,ANGLE,22,CLOUDY,1,DAYLIGHT,12,MOTOR VEHICLE IN TRANSPORT,14TH AVN & MEHARRY BLVD,NASHVILLE,TN,37208,5417,NORTH,36.1699,-86.8007,POINT (-86.8007 36.1699)
20190517660,07/10/2019 05:01:00 PM,2,0,0,,N,256383,11,Front to Rear,21,CLEAR,1,DAYLIGHT,12,MOTOR VEHICLE IN TRANSPORT,BRILEY PKWYS & I24 W ENT RAMP,NASHVILLE,TN,37211,88962,SOUTH,36.1099,-86.7214,POINT (-86.7214 36.1099)
20190579795,08/04/2019 03:22:00 PM,2,0,0,,N,279124,11,Front to Rear,2,RAIN,1,DAYLIGHT,12,MOTOR VEHICLE IN TRANSPORT,ANTIOCH PKE & EZELL PKE,NASHVILLE,TN,37211,8847,SOUTH,36.0833,-86.689,POINT (-86.689 36.0833)
20190512843,07/08/2019 05:00:00 PM,2,0,0,,Y,206675,4,ANGLE,21,CLEAR,1,DAYLIGHT,14,PARKED MOTOR VEHICLE,BRENTWOOD CHASE DR & RAUSCH DR,BRENTWOOD,TN,37027,8619,MIDTOW,36.0424,-86.7528,POINT (-86.7528 36.0424)
20190423514,06/03/2019 06:12:00 PM,1,0,0,,N,206675,0,NOT COLLISION W/MOTOR VEHICLE-TRANSPORT,21,CLEAR,1,DAYLIGHT,38,FENCE,WADE AV & 13TH AVS,NASHVILLE,TN,37212,6617,MIDTOW,36.1369,-86.7894,POINT (-86.7894 36.1369)
20190285524,04/14/2019 03:29:00 AM,2,1,0,,N,320591,4,ANGLE,2,RAIN,3,DARK - LIGHTED,12,MOTOR VEHICLE IN TRANSPORT,MURFREESBORO PKE & TOWN PARK DR,NASHVILLE,TN,37217,8947,HERMIT,36.1031,-86.6662,POINT (-86.6662 36.1031)
20190259864,04/04/2019 12:18:00 PM,2,0,0,,N,109495,11,Front to Rear,22,CLOUDY,1,DAYLIGHT,12,MOTOR VEHICLE IN TRANSPORT,I440 E EXT RAMP & I 440,NASHVILLE,TN,37205,5249,WEST,36.1366,-86.8221,POINT (-86.8221 36.1366)
20190203689,03/15/2019 04:15:00 PM,1,0,0,,N,306231,0,NOT COLLISION W/MOTOR VEHICLE-TRANSPORT,21,CLEAR,1,DAYLIGHT,42,TREE,WHITES CREEK PKE & MORGAN RD,JOELTON,TN,37080,2309,NORTH,36.3526,-86.8806,POINT (-86.8806 36.3526)
20190329554,04/29/2019 04:34:00 PM,2,0,0,,N,298867,11,Front to Rear,21,CLEAR,1,DAYLIGHT,12,MOTOR VEHICLE IN TRANSPORT,I65 S ENT RAMP & I 24,NASHVILLE,TN,37207,1906,EAST,36.1903,-86.776,POINT (-86.776 36.1903)
20190348033,05/06/2019 05:41:00 PM,2,2,0,,N,429193,4,ANGLE,21,CLEAR,1,DAYLIGHT,12,MOTOR VEHICLE IN TRANSPORT,OLD HICKORY BLVD & WOODBURY FALLS DR,NASHVILLE,TN,37221,4815,WEST,36.0879,-86.9207,POINT (-86.9207 36.0879)
20190501868,07/03/2019 02:56:00 PM,2,4,0,,N,256389,11,Front to Rear,2,RAIN,1,DAYLIGHT,12,MOTOR VEHICLE IN TRANSPORT,19TH AVN & CHARLOTTE AV,NASHVILLE,TN,37203,5507,MIDTOW,36.1576,-86.8014,POINT (-86.8014 36.1576)
20190549343,07/23/2019 11:45:00 AM,2,0,0,,N,226622,4,ANGLE,22,CLOUDY,1,DAYLIGHT,12,MOTOR VEHICLE IN TRANSPORT,MM 197 0 I 40,NASHVILLE,TN,37221,4706,WEST,36.0864,-86.9459,POINT (-86.9459 36.0864)
20190406345,05/28/2019 06:27:00 AM,2,1,0,,N,256382,11,Front to Rear,21,CLEAR,3,DARK - LIGHTED,12,MOTOR VEHICLE IN TRANSPORT,MCGAVOCK PKE EB ENT RAMP & MCGAVOCK PKE,NASHVILLE,TN,37214,92901,HERMIT,36.2167,-86.6924,POINT (-86.6924 36.2167)
20190145731,02/22/2019 05:50:00 PM,2,1,0,,N,299253,11,Front to Rear,2,RAIN,3,DARK - LIGHTED,12,MOTOR VEHICLE IN TRANSPORT,DICKERSON PKE & CLEVELAND ST,NASHVILLE,TN,37207,1919,EAST,36.1875,-86.7734,POINT (-86.7734 36.1875)
20190226801,03/23/2019 07:28:00 PM,2,1,0,,N,161939,11,Front to Rear,21,CLEAR,3,DARK - LIGHTED,12,MOTOR VEHICLE IN TRANSPORT,NOLENSVILLE PKE & BARNES RD,ANTIOCH,TN,37013,8757,SOUTH,36.0335,-86.713,POINT (-86.713 36.0335)
20190329559,04/29/2019 05:10:00 PM,2,0,0,,N,330436,11,Front to Rear,21,CLEAR,1,DAYLIGHT,12,MOTOR VEHICLE IN TRANSPORT,MM 52 2 I 24,NASHVILLE,TN,37217,8816,SOUTH,36.1359,-86.7267,POINT (-86.7267 36.1359)
20190322857,04/26/2019 03:35:00 PM,2,1,0,,Y,240979,4,ANGLE,21,CLEAR,1,DAYLIGHT,12,MOTOR VEHICLE IN TRANSPORT,DUE WEST AVN & OLD DUE WEST AV,MADISON,TN,37115,2009,MADISO,36.2504,-86.7421,POINT (-86.7421 36.2504)
20190099327,02/06/2019 06:24:00 AM,2,0,0,,N,240947,11,Front to Rear,21,CLEAR,3,DARK - LIGHTED,12,MOTOR VEHICLE IN TRANSPORT,MM 214 0 I 40,NASHVILLE,TN,37217,88020,HERMIT,36.1417,-86.7137,POINT (-86.7137 36.1417)
20190569842,07/31/2019 04:10:00 PM,2,1,0,,N,311344,4,ANGLE,21,CLEAR,1,DAYLIGHT,12,MOTOR VEHICLE IN TRANSPORT,STATE RT 45 & MCARTHUR DR,MADISON,TN,37115,1705,MADISO,36.2642,-86.6915,POINT (-86.6915 36.2642)
20190391664,05/22/2019 03:30:00 PM,2,0,0,,N,352197,4,ANGLE,21,CLEAR,1,DAYLIGHT,14,PARKED MOTOR VEHICLE,TURLEY DR & DADE DR,NASHVILLE,TN,37211,8707,SOUTH,36.0743,-86.7087,POINT (-86.7087 36.0743)
20190193451,03/12/2019 07:53:00 AM,2,0,0,,N,320601,11,Front to Rear,21,CLEAR,1,DAYLIGHT,12,MOTOR VEHICLE IN TRANSPORT,MM 52 0 I 24,NASHVILLE,TN,37217,8816,SOUTH,36.1329,-86.7267,POINT (-86.7267 36.1329)
20190451321,06/14/2019 12:08:00 AM,2,2,0,,N,224437,11,Front to Rear,21,CLEAR,3,DARK - LIGHTED,12,MOTOR VEHICLE IN TRANSPORT,MM 212 9 I 40,NASHVILLE,TN,37210,82061,HERMIT,36.1404,-86.7312,POINT (-86.7312 36.1404)
20190408177,05/28/2019 08:14:00 PM,2,1,0,,N,256380,4,ANGLE,21,CLEAR,3,DARK - LIGHTED,12,MOTOR VEHICLE IN TRANSPORT,GOOCH ST & HAYNES ST,NASHVILLE,TN,37207,3009,NORTH,36.2069,-86.7883,POINT (-86.7883 36.2069)
20190575716,08/02/2019 08:06:00 PM,2,3,0,,N,240955,4,ANGLE,2,RAIN,3,DARK - LIGHTED,12;33;43,MOTOR VEHICLE IN TRANSPORT;CURB;OTHER FIXED OBJECTS,MURFREESBORO PKE & FOREST VIEW DR,ANTIOCH,TN,37013,8865,SOUTH,36.0674,-86.6313,POINT (-86.6313 36.0674)
20190324594,04/27/2019 10:54:00 AM,1,1,0,,N,834798,0,NOT COLLISION W/MOTOR VEHICLE-TRANSPORT,21,CLEAR,1,DAYLIGHT,9,,LONE OAK RD & BELMONT PARK TER,NASHVILLE,TN,37215,6401,MIDTOW,36.094,-86.8059,POINT (-86.8059 36.094)
20190222815,03/22/2019 07:44:00 AM,2,0,0,,N,226622,4,ANGLE,21,CLEAR,1,DAYLIGHT,12,MOTOR VEHICLE IN TRANSPORT,I40 E ENT RAMP & I 40,NASHVILLE,TN,37205,4903,WEST,36.1109,-86.922,POINT (-86.922 36.1109)
20190525602,07/13/2019 09:55:00 PM,2,1,0,,N,256412,2,HEAD-ON,21,CLEAR,2,DARK - NOT LIGHTED,12,MOTOR VEHICLE IN TRANSPORT,CROSSINGS BLVD & MT VIEW RD,ANTIOCH,TN,37013,8863,SOUTH,36.0455,-86.6473,POINT (-86.6473 36.0455)
20190490496,06/29/2019 05:52:00 AM,1,0,0,Y,N,279197,0,NOT COLLISION W/MOTOR VEHICLE-TRANSPORT,21,CLEAR,1,DAYLIGHT,19,BUILDING,WOODLAND ST & MCFERRIN AV,NASHVILLE,TN,37206,1129,EAST,36.1753,-86.7556,POINT (-86.7556 36.1753)
20190485370,06/27/2019 07:45:00 AM,2,0,0,,N,224955,4,ANGLE,21,CLEAR,1,DAYLIGHT,12,MOTOR VEHICLE IN TRANSPORT,DICKERSON PKE & BRILEY PKWY E EXT RAMP,NASHVILLE,TN,37207,2029,MADISO,36.2407,-86.7574,POINT (-86.7574 36.2407)
20190448956,06/13/2019 12:00:00 AM,2,0,0,,Y,109534,6,SIDESWIPE - OPPOSITE DIRECTION,99,UNKNOWN,9,UNKNOWN,14;99,PARKED MOTOR VEHICLE;UNKNOWN MOST HARMFUL EVENT,BERRY ST & 12TH ST,OLD HICKORY,TN,37138,9707,HERMIT,36.2597,-86.6452,POINT (-86.6452 36.2597)
20190319158,04/25/2019 10:35:00 AM,2,0,0,,N,902543,5,SIDESWIPE - SAME DIRECTION,22,CLOUDY,1,DAYLIGHT,14,PARKED MOTOR VEHICLE,RAMSEY ST & NEILL AV,NASHVILLE,TN,37206,1999,EAST,36.1766,-86.7587,POINT (-86.7587 36.1766)
20190351389,05/07/2019 06:50:00 PM,2,0,0,,Y,352195,4,ANGLE,22,CLOUDY,1,DAYLIGHT,12,MOTOR VEHICLE IN TRANSPORT,EDENWOLD RD & DINWIDDIE DR,MADISON,TN,37115,1721,MADISO,36.2873,-86.7006,POINT (-86.7006 36.2873)
20190271119,04/08/2019 09:36:00 PM,2,0,0,,N,320597,4,ANGLE,21,CLEAR,3,DARK - LIGHTED,12,MOTOR VEHICLE IN TRANSPORT,MURFREESBORO PKE & MOUNTAIN SPRINGS RD,ANTIOCH,TN,37013,8927,SOUTH,36.0478,-86.6121,POINT (-86.6121 36.0478)
20190157051,02/26/2019 11:35:00 PM,1,0,0,,N,279213,0,NOT COLLISION W/MOTOR VEHICLE-TRANSPORT,21,CLEAR,3,DARK - LIGHTED,36,CONCRETE TRAFFIC BARRIER,MM 89 6 I 65,NASHVILLE,TN,37207,2002,MADISO,36.2363,-86.7626,POINT (-86.7626 36.2363)
20180004740,01/02/2019 07:51:00 PM,2,0,0,,Y,279124,4,ANGLE,2,RAIN,3,DARK - LIGHTED,12,MOTOR VEHICLE IN TRANSPORT,HARDING PL & SEVEN MILE CREEK HARDING MA,NASHVILLE,TN,37211,8705,SOUTH,36.0801,-86.7245,POINT (-86.7245 36.0801)
20190087206,02/01/2019 05:18:00 PM,2,0,0,,N,140804,11,Front to Rear,22,CLOUDY,1,DAYLIGHT,12,MOTOR VEHICLE IN TRANSPORT,DOUGLAS AV & EMMETT AV,NASHVILLE,TN,37206,1933,EAST,36.1931,-86.7487,POINT (-86.7487 36.1931)
20190509562,07/06/2019 10:40:00 PM,2,1,0,,Y,240978,11,Front to Rear,21,CLEAR,3,DARK - LIGHTED,12,MOTOR VEHICLE IN TRANSPORT,CHURCH ST & PRINTERS ALY,NASHVILLE,TN,37201,4131,CENTRA,36.164,-86.7784,POINT (-86.7784 36.164)
20190314104,04/23/2019 07:00:00 PM,2,0,0,,N,311328,5,SIDESWIPE - SAME DIRECTION,21,CLEAR,2,DARK - NOT LIGHTED,14,PARKED MOTOR VEHICLE,YMCA WAY & ROSA L PARKS BLVD,NASHVILLE,TN,37203,4147,CENTRA,36.1629,-86.786,POINT (-86.786 36.1629)
20190119508,02/13/2019 01:15:00 PM,2,1,0,,N,690942,4,ANGLE,21,CLEAR,1,DAYLIGHT,12,MOTOR VEHICLE IN TRANSPORT,BROADWAY & 9TH AVS,NASHVILLE,TN,37203,4083,CENTRA,36.1583,-86.7834,POINT (-86.7834 36.1583)