Accident Number,Date and Time,Number of Motor Vehicles,Number of Injuries,Number of Fatalities,Property Damage,Hit and Run,Reporting Officer,Collision Type Code,Collision Type Description,Weather Code,Weather Description,Illumination Code,Illumination Description,Harmful Code,Harmful Code Description,Street Address,City,State,ZIP,RPA,Precinct,Latitude,Longitude,Mapped Location
20190431895,06/06/2019 03:22:00 PM,2,0,0,,N,690942,5,SIDESWIPE - SAME DIRECTION,21,CLEAR,1,DAYLIGHT,14,PARKED MOTOR VEHICLE,N 1ST ST & MAIN ST,NASHVILLE,TN,37213,1133,CENTRA,36.1701,-86.7728,POINT (-86.7728 36.1701)
20190204122,03/15/2019 08:06:00 PM,2,1,0,,N,256380,11,Front to Rear,21,CLEAR,3,DARK - LIGHTED,12,MOTOR VEHICLE IN TRANSPORT,NORTHSIDE STATION PVTDR & CLARKSVILLE PK,NASHVILLE,TN,37218,3141,NORTH,36.211,-86.8389,POINT (-86.8389 36.211)
20190060291,01/23/2019 06:15:00 PM,2,0,0,,N,330445,4,ANGLE,2,RAIN,3,DARK - LIGHTED,12,MOTOR VEHICLE IN TRANSPORT,8TH AVS & PALMER PL,NASHVILLE,TN,37203,4041,CENTRA,36.1547,-86.7798,POINT (-86.7798 36.1547)
20190499472,07/02/2019 12:00:00 AM,2,1,0,,N,298861,11,Front to Rear,22,CLOUDY,5,DUSK,1;12,MOTOR VEHICLE IN TRANSPORT,MM 210 7 I 40,NASHVILLE,TN,37210,8202,HERMIT,36.1532,-86.7644,POINT (-86.7644 36.1532)
20190153259,02/25/2019 06:33:00 PM,1,1,0,,N,256446,0,NOT COLLISION W/MOTOR VEHICLE-TRANSPORT,21,CLEAR,3,DARK - LIGHTED,8,PEDESTRIAN,MURFREESBORO PKE & PLUS PARK BLVD,NASHVILLE,TN,37217,8815,HERMIT,36.1337,-86.722,POINT (-86.722 36.1337)
20190566899,07/30/2019 02:11:00 PM,2,3,0,,N,134899,4,ANGLE,21,CLEAR,1,DAYLIGHT,12;71,MOTOR VEHICLE IN TRANSPORT;EMBANKMENT EARTH,MURFREESBORO PKE & THOMPSON PL,NASHVILLE,TN,37217,8817,HERMIT,36.1266,-86.7111,POINT (-86.7111 36.1266)
20190581562,08/05/2019 12:37:00 PM,1,1,0,,N,109534,0,NOT COLLISION W/MOTOR VEHICLE-TRANSPORT,21,CLEAR,1,DAYLIGHT,34;42;63,DITCH;TREE;Ran Off Road-Right,MM 221 1 I 40,HERMITAGE,TN,37076,9504,HERMIT,36.17,-86.5958,POINT (-86.5958 36.17)
20190392014,05/22/2019 07:08:00 PM,2,0,0,,Y,151132,4,ANGLE,21,CLEAR,1,DAYLIGHT,12,MOTOR VEHICLE IN TRANSPORT,OLD HICKORY BLVDW & I65 N ENT RAMP,MADISON,TN,37115,1777,MADISO,36.2643,-86.7361,POINT (-86.7361 36.2643)
20190080293,01/30/2019 01:56:00 PM,2,2,0,,N,630627,2,HEAD-ON,21,CLEAR,1,DAYLIGHT,12,MOTOR VEHICLE IN TRANSPORT,BELMONT BLVD & BLAIR BLVD,NASHVILLE,TN,37212,6609,MIDTOW,36.1296,-86.7956,POINT (-86.7956 36.1296)
20190479623,06/25/2019 08:49:00 AM,2,0,0,,N,716886,11,Front to Rear,21,CLEAR,1,DAYLIGHT,12,MOTOR VEHICLE IN TRANSPORT,MM 6 5 I 440,NASHVILLE,TN,37210,81040,SOUTH,36.1242,-86.7451,POINT (-86.7451 36.1242)
20190348329,05/06/2019 12:00:00 AM,2,0,0,,N,256411,11,Front to Rear,21,CLEAR,3,DARK - LIGHTED,12,MOTOR VEHICLE IN TRANSPORT,CHARLOTTE AV & 18TH AVN,NASHVILLE,TN,37203,5505,MIDTOW,36.1581,-86.7999,POINT (-86.7999 36.1581)
20190159441,02/27/2019 06:26:00 PM,1,0,0,,N,690942,0,NOT COLLISION W/MOTOR VEHICLE-TRANSPORT,21,CLEAR,3,DARK - LIGHTED,15,OTHER TYPE NON-MOTORIST,1ST AVN & BROADWAY,NASHVILLE,TN,37201,4101,CENTRA,36.1624,-86.7744,POINT (-86.7744 36.1624)
20190299536,04/18/2019 03:24:00 PM,2,0,0,,Y,256389,5,SIDESWIPE - SAME DIRECTION,21,CLEAR,1,DAYLIGHT,12;14,MOTOR VEHICLE IN TRANSPORT;PARKED MOTOR VEHICLE,520 BREWER CT,NASHVILLE,TN,37211,8659,MIDTOW,36.0585,-86.7255,POINT (-86.7255 36.0585)
20190460097,06/17/2019 04:42:00 PM,2,0,0,,N,256380,11,Front to Rear,21,CLEAR,1,DAYLIGHT,12,MOTOR VEHICLE IN TRANSPORT,MM 34 8 I 24,JOELTON,TN,37080,33160,NORTH,36.3243,-86.8707,POINT (-86.8707 36.3243)
20190184139,03/08/2019 11:44:00 AM,3,0,0,,Y,256502,11,Front to Rear,2,RAIN,1,DAYLIGHT,12,MOTOR VEHICLE IN TRANSPORT,MM 85 4 I 65,NASHVILLE,TN,37208,43042,NORTH,36.1875,-86.7947,POINT (-86.7947 36.1875)
20190346636,05/06/2019 07:57:00 AM,2,0,0,,N,716886,5,SIDESWIPE - SAME DIRECTION,21,CLEAR,1,DAYLIGHT,12,MOTOR VEHICLE IN TRANSPORT,I24 E EXT RAMP & I 24,NASHVILLE,TN,37207,30080,NORTH,36.2378,-86.7872,POINT (-86.7872 36.2378)
20190467445,06/20/2019 08:00:00 AM,2,0,0,,N,716886,11,Front to Rear,2,RAIN,1,DAYLIGHT,12,MOTOR VEHICLE IN TRANSPORT,MM 54 8 I 24,NASHVILLE,TN,37211,8812,SOUTH,36.0968,-86.7085,POINT (-86.7085 36.0968)
20190481530,06/25/2019 11:20:00 PM,2,0,0,,Y,330419,11,Front to Rear,21,CLEAR,3,DARK - LIGHTED,12,MOTOR VEHICLE IN TRANSPORT,GALLATIN PKEN & STATE RT 45,MADISON,TN,37115,1701,MADISO,36.2644,-86.7115,POINT (-86.7115 36.2644)
20190380592,05/18/2019 11:00:00 AM,2,0,0,,N,352169,4,ANGLE,21,CLEAR,1,DAYLIGHT,12,MOTOR VEHICLE IN TRANSPORT,HARDING PKE & WOODLAWN DR,NASHVILLE,TN,37205,6021,WEST,36.1274,-86.8442,POINT (-86.8442 36.1274)
20190304259,04/20/2019 11:00:00 AM,2,0,0,,N,298864,4,ANGLE,2,RAIN,1,DAYLIGHT,12,MOTOR VEHICLE IN TRANSPORT,OLD HICKORY BLVDW & OLD TIME VILLAGE PVT,MADISON,TN,37115,1771,MADISO,36.2632,-86.7131,POINT (-86.7131 36.2632)
20190142612,02/21/2019 05:55:00 PM,2,0,0,,N,161939,4,ANGLE,2,RAIN,3,DARK - LIGHTED,12,MOTOR VEHICLE IN TRANSPORT,MURFREESBORO PKE & RURAL HILL RD,ANTIOCH,TN,37013,8861,SOUTH,36.0745,-86.6387,POINT (-86.6387 36.0745)
20190113229,02/11/2019 02:34:00 PM,2,0,0,,N,267831,4,ANGLE,22,CLOUDY,1,DAYLIGHT,12,MOTOR VEHICLE IN TRANSPORT,ILLINOIS AV & 48TH AVN,NASHVILLE,TN,37209,4575,WEST,36.1578,-86.845,POINT (-86.845 36.1578)
20190043777,01/17/2019 10:50:00 AM,3,1,0,,N,191578,5,SIDESWIPE - SAME DIRECTION,22,CLOUDY,1,DAYLIGHT,12,MOTOR VEHICLE IN TRANSPORT,MM 211 8 I 40,NASHVILLE,TN,37210,90022,HERMIT,36.149,-86.7465,POINT (-86.7465 36.149)
20190569210,07/31/2019 11:20:00 AM,2,0,0,,N,665896,11,Front to Rear,21,CLEAR,1,DAYLIGHT,12,MOTOR VEHICLE IN TRANSPORT,GALLATIN AV & CAHAL AV,NASHVILLE,TN,37206,1331,EAST,36.196,-86.7426,POINT (-86.7426 36.196)
20190526822,07/14/2019 02:08:00 PM,2,1,0,,N,279225,4,ANGLE,21,CLEAR,1,DAYLIGHT,12,MOTOR VEHICLE IN TRANSPORT,DONELSON PKE & I40 W ENT RAMP,NASHVILLE,TN,37214,9103,HERMIT,36.143,-86.6667,POINT (-86.6667 36.143)
20190079205,01/30/2019 06:45:00 AM,2,0,0,,N,402660,11,Front to Rear,4,SNOW,1,DAYLIGHT,12,MOTOR VEHICLE IN TRANSPORT,HARDING PKE & BRIXWORTH LN,NASHVILLE,TN,37205,6019,WEST,36.1288,-86.8416,POINT (-86.8416 36.1288)
20190059550,01/23/2019 12:37:00 PM,1,0,0,,N,716886,0,NOT COLLISION W/MOTOR VEHICLE-TRANSPORT,21,CLEAR,1,DAYLIGHT,36,CONCRETE TRAFFIC BARRIER,MM 60 0 I 24,ANTIOCH,TN,37013,88060,SOUTH,36.0403,-86.6502,POINT (-86.6502 36.0403)
20190041625,01/16/2019 03:54:00 PM,3,0,0,,N,345098,11,Front to Rear,21,CLEAR,1,DAYLIGHT,12,MOTOR VEHICLE IN TRANSPORT,BRILEY PKWY & GLASTONBURY RD,NASHVILLE,TN,37217,88943,HERMIT,36.1372,-86.6997,POINT (-86.6997 36.1372)
20190301085,04/19/2019 05:48:00 AM,2,0,0,,N,320584,11,Front to Rear,2,RAIN,1,DAYLIGHT,12,MOTOR VEHICLE IN TRANSPORT,RECOVERY RD & HARDING PL,NASHVILLE,TN,37211,8705,SOUTH,36.0802,-86.718,POINT (-86.718 36.0802)
20190134520,02/19/2019 05:03:00 AM,1,1,0,Y,N,299261,0,NOT COLLISION W/MOTOR VEHICLE-TRANSPORT,21,CLEAR,3,DARK - LIGHTED,18,OTHER OBJECT (NOT FIXED),OTTER CREEK RD & FOREST ACRES DR,NASHVILLE,TN,37220,7111,MIDTOW,36.0621,-86.7844,POINT (-86.7844 36.0621)
20190190466,03/11/2019 07:45:00 AM,2,0,0,,N,226622,4,ANGLE,2,RAIN,1,DAYLIGHT,12,MOTOR VEHICLE IN TRANSPORT,CHARLOTTE PKE & MARCIA AV,NASHVILLE,TN,37209,5027,WEST,36.1467,-86.8701,POINT (-86.8701 36.1467)
20190070815,01/27/2019 03:05:00 PM,2,0,0,,N,311332,5,SIDESWIPE - SAME DIRECTION,21,CLEAR,1,DAYLIGHT,12,MOTOR VEHICLE IN TRANSPORT,HILLSBORO PKE & HAMPTON AV,NASHVILLE,TN,37215,6013,WEST,36.1161,-86.8106,POINT (-86.8106 36.1161)
20190239892,03/28/2019 08:04:00 AM,2,2,0,,N,419952,4,ANGLE,21,CLEAR,1,DAYLIGHT,12,MOTOR VEHICLE IN TRANSPORT,CHARLOTTE PKE & CEDAR CREST DR,NASHVILLE,TN,37209,4701,WEST,36.1188,-86.9202,POINT (-86.9202 36.1188)
20190382633,05/19/2019 10:20:00 AM,2,1,0,,Y,769379,5,SIDESWIPE - SAME DIRECTION,21,CLEAR,1,DAYLIGHT,12,MOTOR VEHICLE IN TRANSPORT,HARDING PL & DONELSON PKE,NASHVILLE,TN,37217,8841,SOUTH,36.0928,-86.6789,POINT (-86.6789 36.0928)
20190235154,03/26/2019 04:40:00 PM,2,0,0,,N,311328,11,Front to Rear,21,CLEAR,1,DAYLIGHT,12,MOTOR VEHICLE IN TRANSPORT,CHARLOTTE AV & GEORGE L DAVIS BLVD,NASHVILLE,TN,37203,4205,CENTRA,36.1612,-86.7927,POINT (-86.7927 36.1612)
20190434666,06/07/2019 04:26:00 PM,2,0,0,,Y,299257,11,Front to Rear,2,RAIN,1,DAYLIGHT,12,MOTOR VEHICLE IN TRANSPORT,I40 E ENT RAMP & I 40,NASHVILLE,TN,37205,4903,WEST,36.1109,-86.922,POINT (-86.922 36.1109)
20190019633,01/08/2019 04:50:00 PM,2,0,0,,Y,306231,5,SIDESWIPE - SAME DIRECTION,21,CLEAR,1,DAYLIGHT,12;99,MOTOR VEHICLE IN TRANSPORT;UNKNOWN MOST HARMFUL EVENT,SCRUGGS LN & W TRINITY LN,NASHVILLE,TN,37207,3007,NORTH,36.2068,-86.781,POINT (-86.781 36.2068)
20190043571,01/17/2019 09:09:00 AM,2,0,0,,Y,299243,5,SIDESWIPE - SAME DIRECTION,2,RAIN,1,DAYLIGHT,12,MOTOR VEHICLE IN TRANSPORT,CHARLOTTE AV & 11TH AVN,NASHVILLE,TN,37203,4205,CENTRA,36.1627,-86.7894,POINT (-86.7894 36.1627)
20190119298,02/11/2019 02:00:00 PM,1,1,0,,Y,299264,0,NOT COLLISION W/MOTOR VEHICLE-TRANSPORT,21,CLEAR,1,DAYLIGHT,8,PEDESTRIAN,LAFAYETTE ST & CHARLES E DAVIS BLVD,NASHVILLE,TN,37210,8147,SOUTH,36.1488,-86.7625,POINT (-86.7625 36.1488)
20190267371,04/07/2019 10:47:00 AM,3,0,0,,N,279110,11,Front to Rear,2,RAIN,1,DAYLIGHT,12,MOTOR VEHICLE IN TRANSPORT,MM 51 3 I 24,NASHVILLE,TN,37210,8102,SOUTH,36.137,-86.7273,POINT (-86.7273 36.137)
20190100991,02/06/2019 06:25:00 PM,2,1,0,,N,299238,4,ANGLE,2,RAIN,3,DARK - LIGHTED,12,MOTOR VEHICLE IN TRANSPORT,BROADMOOR DR & DICKERSON PKE,NASHVILLE,TN,37207,1809,EAST,36.2294,-86.7593,POINT (-86.7593 36.2294)
20190113603,02/11/2019 06:40:00 PM,2,0,0,,Y,151132,11,Front to Rear,2,RAIN,3,DARK - LIGHTED,12,MOTOR VEHICLE IN TRANSPORT,NEELYS BEND RD & GALLATIN PKES,MADISON,TN,37115,1783,MADISO,36.2562,-86.7144,POINT (-86.7144 36.2562)
20190313990,04/23/2019 06:37:00 PM,2,0,0,,N,256380,11,Front to Rear,21,CLEAR,1,DAYLIGHT,12,MOTOR VEHICLE IN TRANSPORT,BUENA VISTA PKE & MATTIE ST,NASHVILLE,TN,37218,3101,NORTH,36.2,-86.8253,POINT (-86.8253 36.2)
20190404039,05/27/2019 08:50:00 AM,2,0,0,,N,402660,11,Front to Rear,21,CLEAR,1,DAYLIGHT,12,MOTOR VEHICLE IN TRANSPORT,WOODMONT BLVD & HARDING PKE,NASHVILLE,TN,37205,6101,WEST,36.1245,-86.8472,POINT (-86.8472 36.1245)
20190441237,06/10/2019 01:13:00 PM,2,0,0,,N,544482,11,Front to Rear,22,CLOUDY,1,DAYLIGHT,12,MOTOR VEHICLE IN TRANSPORT,MM 1 7 I 440,NASHVILLE,TN,37209,5312,NORTH,36.1536,-86.8226,POINT (-86.8226 36.1536)
20190020166,01/08/2019 09:09:00 PM,2,0,0,,N,434039,2,HEAD-ON,21,CLEAR,3,DARK - LIGHTED,14,PARKED MOTOR VEHICLE,RAYON DR & BRIDGEWAY AV,OLD HICKORY,TN,37138,9611,HERMIT,36.2695,-86.6634,POINT (-86.6634 36.2695)
20190027100,01/11/2019 07:43:00 AM,2,0,0,,N,716886,5,SIDESWIPE - SAME DIRECTION,21,CLEAR,1,DAYLIGHT,12,MOTOR VEHICLE IN TRANSPORT,MM 6 8 I 440,NASHVILLE,TN,37210,81040,SOUTH,36.1244,-86.7398,POINT (-86.7398 36.1244)
20190493728,06/30/2019 04:49:00 PM,2,0,0,,Y,212346,4,ANGLE,21,CLEAR,1,DAYLIGHT,12,MOTOR VEHICLE IN TRANSPORT,MM 209 1 I 40,NASHVILLE,TN,37203,4002,CENTRA,36.1558,-86.7892,POINT (-86.7892 36.1558)
20190048833,01/19/2019 04:40:00 AM,1,0,0,,N,311326,0,NOT COLLISION W/MOTOR VEHICLE-TRANSPORT,2,RAIN,3,DARK - LIGHTED,24,GUARDRAIL FACE,MM 85 6 I 65,NASHVILLE,TN,37208,43042,NORTH,36.1872,-86.7951,POINT (-86.7951 36.1872)
20190227238,03/23/2019 11:17:00 PM,1,1,0,Y,N,299269,0,NOT COLLISION W/MOTOR VEHICLE-TRANSPORT,21,CLEAR,2,DARK - NOT LIGHTED,42;63,TREE;Ran Off Road-Right,EATONS CREEK RD & CLARKSVILLE PKE,JOELTON,TN,37080,3329,NORTH,36.3016,-86.8835,POINT (-86.8835 36.3016)
20190542905,07/20/2019 06:44:00 PM,2,0,0,,N,256386,5,SIDESWIPE - SAME DIRECTION,22,CLOUDY,1,DAYLIGHT,14,PARKED MOTOR VEHICLE,OLD MURFREESBORO PIKE & FAIRCLOTH LN,NASHVILLE,TN,37217,8947,HERMIT,36.1036,-86.6665,POINT (-86.6665 36.1036)
20190265408,04/06/2019 12:00:00 AM,2,2,0,,N,298861,11,Front to Rear,21,CLEAR,1,DAYLIGHT,12,MOTOR VEHICLE IN TRANSPORT,BRILEY PKWY N ENT RAMP & MCGAVOCK PKE WB,NASHVILLE,TN,37214,9290,HERMIT,36.2179,-86.6922,POINT (-86.6922 36.2179)
20190524183,07/13/2019 12:00:00 AM,2,0,0,,Y,279117,2,HEAD-ON,21,CLEAR,4,DAWN,14,PARKED MOTOR VEHICLE,200 GRIZZARD AV,NASHVILLE,TN,37207,1829,EAST,36.2084,-86.7687,POINT (-86.7687 36.2084)
20190391861,05/22/2019 05:01:00 PM,2,0,0,,Y,279194,3,REAR-TO-REAR,21,CLEAR,1,DAYLIGHT,55,Motor Vehicle-In-Motion Outside Trafficw,GREAT CIRCLE RD & ATHENS WAY,NASHVILLE,TN,37228,4443,NORTH,36.1991,-86.7983,POINT (-86.7983 36.1991)
20190263160,04/05/2019 03:36:00 PM,2,0,0,,N,311332,11,Front to Rear,21,CLEAR,1,DAYLIGHT,12,MOTOR VEHICLE IN TRANSPORT,CHARLOTTE PKE & OLD HICKORY BLVD,NASHVILLE,TN,37209,4701,WEST,36.1177,-86.9218,POINT (-86.9218 36.1177)
20190072579,01/28/2019 08:06:00 AM,2,0,0,,N,320575,11,Front to Rear,21,CLEAR,1,DAYLIGHT,12,MOTOR VEHICLE IN TRANSPORT,MM 6 8 I 440,NASHVILLE,TN,37210,81040,SOUTH,36.1244,-86.7398,POINT (-86.7398 36.1244)
20190231127,03/25/2019 12:30:00 PM,2,0,0,,N,226405,11,Front to Rear,22,CLOUDY,1,DAYLIGHT,12,MOTOR VEHICLE IN TRANSPORT,17TH AVN & CHURCH ST,NASHVILLE,TN,37203,5519,MIDTOW,36.1558,-86.7959,POINT (-86.7959 36.1558)
20190196711,03/13/2019 12:00:00 AM,2,0,0,,Y,330411,9,UNKNOWN,99,UNKNOWN,9,UNKNOWN,14,PARKED MOTOR VEHICLE,LYLE AV & 20TH AVS,NASHVILLE,TN,37203,5709,MIDTOW,36.1513,-86.798,POINT (-86.798 36.1513)
20190407406,05/28/2019 02:52:00 PM,2,0,0,,N,256389,4,ANGLE,21,CLEAR,1,DAYLIGHT,12,MOTOR VEHICLE IN TRANSPORT,MM 210 2 I 40,NASHVILLE,TN,37203,80021,MIDTOW,36.1493,-86.7736,POINT (-86.7736 36.1493)
20190029467,01/12/2019 01:42:00 AM,1,2,0,,Y,212349,0,NOT COLLISION W/MOTOR VEHICLE-TRANSPORT,99,UNKNOWN,7,Dark-Unknown Lighting,24,GUARDRAIL FACE,MM 211 1 I 40,NASHVILLE,TN,37210,8008,HERMIT,36.1539,-86.7571,POINT (-86.7571 36.1539)
20190022610,01/09/2019 04:44:00 PM,2,0,0,,Y,429193,11,Front to Rear,21,CLEAR,5,DUSK,12,MOTOR VEHICLE IN TRANSPORT,MM 205 2 I 40,NASHVILLE,TN,37209,52027,WEST,36.154,-86.835,POINT (-86.835 36.154)
20190439379,06/09/2019 09:00:00 PM,4,0,0,,Y,256379,98,OTHER,22,CLOUDY,3,DARK - LIGHTED,14,PARKED MOTOR VEHICLE,REDD CT & YELTON CT,NASHVILLE,TN,37211,8435,SOUTH,36.0916,-86.7342,POINT (-86.7342 36.0916)
20190024364,01/10/2019 08:30:00 AM,3,0,0,,N,676834,11,Front to Rear,21,CLEAR,1,DAYLIGHT,12,MOTOR VEHICLE IN TRANSPORT,MM 85 6 I 65,NASHVILLE,TN,37208,43042,NORTH,36.1872,-86.7951,POINT (-86.7951 36.1872)
20190416678,05/31/2019 03:13:00 PM,2,0,0,,Y,197070,11,Front to Rear,21,CLEAR,1,DAYLIGHT,12,MOTOR VEHICLE IN TRANSPORT,CLARKSVILLE PKE & ROSA L PARKS BLVD,NASHVILLE,TN,37228,4483,NORTH,36.1889,-86.8231,POINT (-86.8231 36.1889)
20190109835,02/10/2019 12:00:00 AM,2,0,0,Y,N,330416,11,Front to Rear,22,CLOUDY,5,DUSK,14,PARKED MOTOR VEHICLE,SUGARLOAF DR & SUGAR MILL DR,ANTIOCH,TN,37013,8759,SOUTH,36.0179,-86.6987,POINT (-86.6987 36.0179)
20190263105,04/05/2019 03:42:00 PM,2,0,0,,N,320586,11,Front to Rear,22,CLOUDY,1,DAYLIGHT,12,MOTOR VEHICLE IN TRANSPORT,MM 1 3 I 440,NASHVILLE,TN,37205,5242,WEST,36.1385,-86.8226,POINT (-86.8226 36.1385)
20190145920,02/22/2019 06:55:00 PM,2,0,0,,Y,298867,5,SIDESWIPE - SAME DIRECTION,2,RAIN,3,DARK - LIGHTED,12,MOTOR VEHICLE IN TRANSPORT,WHITES CREEK PKE & LOTTA AV,NASHVILLE,TN,37207,1917,EAST,36.1905,-86.7746,POINT (-86.7746 36.1905)
20190471153,06/21/2019 12:38:00 PM,2,0,0,,N,191578,11,Front to Rear,21,CLEAR,1,DAYLIGHT,12,MOTOR VEHICLE IN TRANSPORT,I24E & I24 W ENT RAMP,NASHVILLE,TN,37210,82061,HERMIT,36.1386,-86.7273,POINT (-86.7273 36.1386)
20190334487,05/01/2019 08:27:00 AM,2,1,0,Y,N,419952,4,ANGLE,22,CLOUDY,1,DAYLIGHT,12,MOTOR VEHICLE IN TRANSPORT,NEBRASKA AV & 40TH AVN,NASHVILLE,TN,37209,5215,WEST,36.1429,-86.8327,POINT (-86.8327 36.1429)
20190571260,08/01/2019 05:47:00 AM,2,1,0,,N,212335,11,Front to Rear,22,CLOUDY,4,DAWN,1;12,MOTOR VEHICLE IN TRANSPORT,SPRING ST & N 1ST ST,NASHVILLE,TN,37213,1985,CENTRA,36.177,-86.7746,POINT (-86.7746 36.177)
20190358923,05/10/2019 10:30:00 AM,2,0,0,,N,716877,5,SIDESWIPE - SAME DIRECTION,21,CLEAR,1,DAYLIGHT,12,MOTOR VEHICLE IN TRANSPORT,THOMPSON LN & FOSTER AV,NASHVILLE,TN,37211,8425,SOUTH,36.1108,-86.7433,POINT (-86.7433 36.1108)
20190025547,01/10/2019 05:18:00 PM,2,1,0,,N,256448,11,Front to Rear,21,CLEAR,1,DAYLIGHT,12,MOTOR VEHICLE IN TRANSPORT,OLD HICKORY BLVD & CENTER ST,OLD HICKORY,TN,37138,9717,HERMIT,36.2252,-86.6256,POINT (-86.6256 36.2252)
20190397293,05/24/2019 11:44:00 AM,2,2,0,,N,191578,4,ANGLE,21,CLEAR,1,DAYLIGHT,12,MOTOR VEHICLE IN TRANSPORT,OLD HICKORY BLVD & HERMITAGE MARKETPLACE,HERMITAGE,TN,37076,9531,HERMIT,36.1885,-86.6143,POINT (-86.6143 36.1885)
20190334667,05/01/2019 09:50:00 AM,2,0,0,,N,799013,5,SIDESWIPE - SAME DIRECTION,21,CLEAR,1,DAYLIGHT,12,MOTOR VEHICLE IN TRANSPORT,HERMITAGE AV & FAIRFIELD AV,NASHVILLE,TN,37210,9005,HERMIT,36.1539,-86.7564,POINT (-86.7564 36.1539)
20190462542,06/18/2019 03:35:00 PM,2,0,0,,N,206682,11,Front to Rear,21,CLEAR,1,DAYLIGHT,12,MOTOR VEHICLE IN TRANSPORT,MYATT DR & N DUPONT AV,MADISON,TN,37115,1705,MADISO,36.2662,-86.6901,POINT (-86.6901 36.2662)
20190237854,03/27/2019 02:51:00 PM,2,0,0,,N,256505,4,ANGLE,21,CLEAR,1,DAYLIGHT,12,MOTOR VEHICLE IN TRANSPORT,DELMAR AV & BLAIR BLVD,NASHVILLE,TN,37212,6603,MIDTOW,36.1299,-86.794,POINT (-86.794 36.1299)
20190279471,04/11/2019 12:00:00 AM,2,0,0,,Y,320582,5,SIDESWIPE - SAME DIRECTION,21,CLEAR,1,DAYLIGHT,14;55,PARKED MOTOR VEHICLE;Motor Vehicle-In-Motion Outside Trafficw,DOUGLAS AV & MCFERRIN AV,NASHVILLE,TN,37206,1903,EAST,36.1934,-86.7544,POINT (-86.7544 36.1934)
20190461769,06/18/2019 08:50:00 AM,2,0,0,,N,693093,11,Front to Rear,22,CLOUDY,1,DAYLIGHT,12,MOTOR VEHICLE IN TRANSPORT,GALLATIN PKEN & NORTHSIDE MARKETPLACE PV,MADISON,TN,37115,1721,MADISO,36.3073,-86.6849,POINT (-86.6849 36.3073)
20190005280,01/03/2019 12:00:00 AM,2,0,0,,Y,279217,5,SIDESWIPE - SAME DIRECTION,2,RAIN,3,DARK - LIGHTED,12,MOTOR VEHICLE IN TRANSPORT,MM 88 0 I 65,NASHVILLE,TN,37207,18041,EAST,36.2165,-86.775,POINT (-86.775 36.2165)
20190011778,01/05/2019 11:00:00 AM,2,0,0,,Y,343522,11,Front to Rear,21,CLEAR,1,DAYLIGHT,12,MOTOR VEHICLE IN TRANSPORT,HILLSBORO PKE & GLEN ECHO RD,NASHVILLE,TN,37215,6107,WEST,36.1087,-86.8121,POINT (-86.8121 36.1087)
20190246835,03/30/2019 07:50:00 PM,2,0,0,,Y,299238,11,Front to Rear,2,RAIN,3,DARK - LIGHTED,12,MOTOR VEHICLE IN TRANSPORT,WOODLAND ST & GAY ST,NASHVILLE,TN,37201,4101,CENTRA,36.1672,-86.7769,POINT (-86.7769 36.1672)
20190498526,07/02/2019 12:32:00 PM,3,0,0,,Y,110063,5,SIDESWIPE - SAME DIRECTION,21,CLEAR,1,DAYLIGHT,12;18,MOTOR VEHICLE IN TRANSPORT;OTHER OBJECT (NOT FIXED),MM 37 0 I 24,WHITES CREEK,TN,37189,33180,NORTH,36.3176,-86.8361,POINT (-86.8361 36.3176)
20190555483,07/25/2019 04:20:00 PM,2,0,0,,N,151132,11,Front to Rear,21,CLEAR,1,DAYLIGHT,12,MOTOR VEHICLE IN TRANSPORT,BRILEY PKWYW & I24 W ENT RAMP,NASHVILLE,TN,37207,2014,MADISO,36.2383,-86.7832,POINT (-86.7832 36.2383)
20190513308,07/09/2019 12:15:00 AM,1,0,0,,Y,330419,0,NOT COLLISION W/MOTOR VEHICLE-TRANSPORT,21,CLEAR,2,DARK - NOT LIGHTED,11,OTHER ANIMAL,SPRINGFIELD HWY & HAPPY VALLEY RD,GOODLETTSVILLE,TN,37072,2215,MADISO,36.3798,-86.7519,POINT (-86.7519 36.3798)
20190282256,04/12/2019 06:10:00 PM,2,0,0,,N,151132,4,ANGLE,21,CLEAR,1,DAYLIGHT,12,MOTOR VEHICLE IN TRANSPORT,N MARTHONA RD & N GRAYCROFT AV,MADISON,TN,37115,1745,MADISO,36.2676,-86.7307,POINT (-86.7307 36.2676)
20190455016,06/15/2019 11:03:00 AM,2,3,0,,N,834798,4,ANGLE,21,CLEAR,1,DAYLIGHT,12,MOTOR VEHICLE IN TRANSPORT,WEST END AV & 29TH AVS,NASHVILLE,TN,37212,5815,MIDTOW,36.1439,-86.8139,POINT (-86.8139 36.1439)
20190118595,02/13/2019 07:09:00 AM,1,0,0,,N,226622,0,NOT COLLISION W/MOTOR VEHICLE-TRANSPORT,21,CLEAR,1,DAYLIGHT,24,GUARDRAIL FACE,HIGHWAY 70S & CHARLOTTE PKE,NASHVILLE,TN,37221,4709,WEST,36.0917,-86.9812,POINT (-86.9812 36.0917)
20190268058,04/07/2019 12:00:00 AM,1,1,0,,N,256441,0,NOT COLLISION W/MOTOR VEHICLE-TRANSPORT,21,CLEAR,3,DARK - LIGHTED,7,,EDMONDSON PKE & WATSONWOOD DR,NASHVILLE,TN,37211,8659,MIDTOW,36.0671,-86.7376,POINT (-86.7376 36.0671)