Accident Number,Date and Time,Number of Motor Vehicles,Number of Injuries,Number of Fatalities,Property Damage,Hit and Run,Reporting Officer,Collision Type Code,Collision Type Description,Weather Code,Weather Description,Illumination Code,Illumination Description,Harmful Code,Harmful Code Description,Street Address,City,State,ZIP,RPA,Precinct,Latitude,Longitude,Mapped Location
20190210400,03/18/2019 12:55:00 PM,3,0,0,,N,226622,11,Front to Rear,21,CLEAR,1,DAYLIGHT,12,MOTOR VEHICLE IN TRANSPORT,HARDING PKE & ROYAL OAKS CONDOS PVTDR,NASHVILLE,TN,37205,6101,WEST,36.1235,-86.8497,POINT (-86.8497 36.1235)
20190479699,06/25/2019 09:24:00 AM,2,0,0,,N,191578,5,SIDESWIPE - SAME DIRECTION,21,CLEAR,1,DAYLIGHT,12,MOTOR VEHICLE IN TRANSPORT,MM 212 1 I 40,NASHVILLE,TN,37210,90041,HERMIT,36.1463,-86.7422,POINT (-86.7422 36.1463)
20190086834,02/01/2019 02:54:00 PM,2,0,0,,N,256419,5,SIDESWIPE - SAME DIRECTION,21,CLEAR,1,DAYLIGHT,12,MOTOR VEHICLE IN TRANSPORT,MM 208 4 I 40,NASHVILLE,TN,37203,54024,NORTH,36.165,-86.7943,POINT (-86.7943 36.165)
20190491333,06/29/2019 03:30:00 PM,2,1,0,,N,299238,11,Front to Rear,21,CLEAR,1,DAYLIGHT,12,MOTOR VEHICLE IN TRANSPORT,JAMES ROBERTSON PKWY & I24 W EXT RAMP,NASHVILLE,TN,37206,1109,EAST,36.1718,-86.7681,POINT (-86.7681 36.1718)
20190326673,04/28/2019 12:12:00 PM,2,0,0,,N,224437,5,SIDESWIPE - SAME DIRECTION,21,CLEAR,1,DAYLIGHT,12,MOTOR VEHICLE IN TRANSPORT,200 SHELBY AV,NASHVILLE,TN,37213,1007,CENTRA,36.1648,-86.7678,POINT (-86.7678 36.1648)
20190100867,02/06/2019 04:57:00 PM,2,1,0,,N,256424,11,Front to Rear,2,RAIN,1,DAYLIGHT,12,MOTOR VEHICLE IN TRANSPORT,LINCOYA BAY DR & BELL RD,NASHVILLE,TN,37214,8957,HERMIT,36.1455,-86.6262,POINT (-86.6262 36.1455)
20190438982,06/09/2019 06:08:00 AM,2,2,0,,Y,429193,11,Front to Rear,21,CLEAR,2,DARK - NOT LIGHTED,12,MOTOR VEHICLE IN TRANSPORT,JAMES ROBERTSON PKWY & DOWNTOWN GRNWY,NASHVILLE,TN,37201,4163,CENTRA,36.1685,-86.7765,POINT (-86.7765 36.1685)
20190359216,05/10/2019 12:40:00 PM,2,0,0,,N,191578,5,SIDESWIPE - SAME DIRECTION,22,CLOUDY,1,DAYLIGHT,12,MOTOR VEHICLE IN TRANSPORT,MM 217 8 I 40,NASHVILLE,TN,37214,8906,HERMIT,36.141,-86.6569,POINT (-86.6569 36.141)
20190349572,05/07/2019 06:24:00 AM,2,0,0,,N,330419,4,ANGLE,21,CLEAR,1,DAYLIGHT,12,MOTOR VEHICLE IN TRANSPORT,S GRAYCROFT AV & DUE WEST AVW,MADISON,TN,37115,1779,MADISO,36.2504,-86.7343,POINT (-86.7343 36.2504)
20190327471,04/28/2019 08:15:00 PM,2,0,0,,N,179603,6,SIDESWIPE - OPPOSITE DIRECTION,21,CLEAR,5,DUSK,12,MOTOR VEHICLE IN TRANSPORT,NEELYS BEND RD & SIOUX TER,MADISON,TN,37115,1631,MADISO,36.2493,-86.6751,POINT (-86.6751 36.2493)
20190256716,04/03/2019 09:20:00 AM,2,0,0,,N,628640,11,Front to Rear,21,CLEAR,1,DAYLIGHT,12,MOTOR VEHICLE IN TRANSPORT,MM 54 6 I 24,NASHVILLE,TN,37211,84021,SOUTH,36.0994,-86.7109,POINT (-86.7109 36.0994)
20190324937,04/27/2019 03:52:00 PM,2,0,0,,N,311334,5,SIDESWIPE - SAME DIRECTION,21,CLEAR,1,DAYLIGHT,12,MOTOR VEHICLE IN TRANSPORT,I40 W EXT RAMP & I 40,NASHVILLE,TN,37203,4119,CENTRA,36.1574,-86.79,POINT (-86.79 36.1574)
20190448927,06/13/2019 06:48:00 AM,1,0,0,Y,N,834798,0,NOT COLLISION W/MOTOR VEHICLE-TRANSPORT,21,CLEAR,1,DAYLIGHT,43,OTHER FIXED OBJECTS,NOLENSVILLE PKE & HOLT RD,NASHVILLE,TN,37211,8651,MIDTOW,36.0125,-86.7036,POINT (-86.7036 36.0125)
20190059027,01/23/2019 07:30:00 AM,1,0,0,Y,N,375570,0,NOT COLLISION W/MOTOR VEHICLE-TRANSPORT,22,CLOUDY,1,DAYLIGHT,19,BUILDING,NEELY MEADOWS PVTDR & TARY CT,MADISON,TN,37115,1617,MADISO,36.2585,-86.6772,POINT (-86.6772 36.2585)
20190156151,02/26/2019 03:50:00 PM,4,0,0,,N,256441,11,Front to Rear,21,CLEAR,1,DAYLIGHT,12,MOTOR VEHICLE IN TRANSPORT,MM 74 6 I 65,BRENTWOOD,TN,37027,8604,MIDTOW,36.0387,-86.7826,POINT (-86.7826 36.0387)
20190536768,07/18/2019 09:05:00 AM,3,1,0,,N,834798,11,Front to Rear,21,CLEAR,1,DAYLIGHT,12,MOTOR VEHICLE IN TRANSPORT,MM 79 7 I 65,NASHVILLE,TN,37204,8504,MIDTOW,36.1092,-86.7698,POINT (-86.7698 36.1092)
20190376033,05/16/2019 07:15:00 PM,2,0,0,,N,352201,11,Front to Rear,21,CLEAR,5,DUSK,12,MOTOR VEHICLE IN TRANSPORT,HILLSBORO PKE & HAMPTON PL,NASHVILLE,TN,37215,6419,MIDTOW,36.1152,-86.8107,POINT (-86.8107 36.1152)
20190202713,03/15/2019 09:00:00 AM,2,0,0,,Y,332216,5,SIDESWIPE - SAME DIRECTION,22,CLOUDY,1,DAYLIGHT,12,MOTOR VEHICLE IN TRANSPORT,2ND AVS & BROADWAY,NASHVILLE,TN,37201,4093,CENTRA,36.1619,-86.7752,POINT (-86.7752 36.1619)
20190484050,06/26/2019 08:42:00 PM,2,0,0,,Y,197054,5,SIDESWIPE - SAME DIRECTION,21,CLEAR,3,DARK - LIGHTED,12,MOTOR VEHICLE IN TRANSPORT,I40 E EXT RAMP & I 40,NASHVILLE,TN,37214,8955,HERMIT,36.155,-86.6271,POINT (-86.6271 36.155)
20190502043,07/03/2019 04:04:00 PM,4,2,0,,N,565785,11,Front to Rear,21,CLEAR,1,DAYLIGHT,12,MOTOR VEHICLE IN TRANSPORT,NOLENSVILLE PKE & CRAIGHEAD ST,NASHVILLE,TN,37210,8125,SOUTH,36.1338,-86.7588,POINT (-86.7588 36.1338)
20190127811,02/16/2019 11:52:00 AM,3,1,0,,Y,620067,11,Front to Rear,22,CLOUDY,1,DAYLIGHT,12,MOTOR VEHICLE IN TRANSPORT,MM 60 6 I 24,ANTIOCH,TN,37013,88060,SOUTH,36.0339,-86.6421,POINT (-86.6421 36.0339)
20190358397,05/10/2019 06:46:00 AM,2,0,0,,N,191578,5,SIDESWIPE - SAME DIRECTION,22,CLOUDY,1,DAYLIGHT,12,MOTOR VEHICLE IN TRANSPORT,ARLINGTON AV & MURFREESBORO PKE,NASHVILLE,TN,37210,8219,HERMIT,36.1395,-86.7327,POINT (-86.7327 36.1395)
20190110821,02/10/2019 06:25:00 PM,2,1,0,,N,320585,2,HEAD-ON,2,RAIN,3,DARK - LIGHTED,12,MOTOR VEHICLE IN TRANSPORT,BRILEY PKWYS & LEBANON PKE,NASHVILLE,TN,37214,9096,HERMIT,36.1683,-86.6886,POINT (-86.6886 36.1683)
20190189119,03/10/2019 05:21:00 PM,2,1,0,Y,Y,197435,11,Front to Rear,21,CLEAR,1,DAYLIGHT,12;30,MOTOR VEHICLE IN TRANSPORT;UTILITY POLE,BRILEY PKWYE & BRILEY PKWY W EXT RAMP,NASHVILLE,TN,37216,15920,EAST,36.2374,-86.7339,POINT (-86.7339 36.2374)
20190372817,05/15/2019 07:12:00 PM,2,1,0,,N,256379,11,Front to Rear,21,CLEAR,1,DAYLIGHT,12,MOTOR VEHICLE IN TRANSPORT,EAST THOMPSON LN & EAST THOMPSON LN PVTD,NASHVILLE,TN,37211,8337,SOUTH,36.1098,-86.7277,POINT (-86.7277 36.1098)
20190260002,04/04/2019 01:24:00 PM,3,0,0,,Y,191578,5,SIDESWIPE - SAME DIRECTION,22,CLOUDY,1,DAYLIGHT,12,MOTOR VEHICLE IN TRANSPORT,I40 E EXT RAMP & I 40,NASHVILLE,TN,37214,8955,HERMIT,36.155,-86.6271,POINT (-86.6271 36.155)
20190522871,07/12/2019 04:08:00 PM,2,0,0,,N,267831,11,Front to Rear,21,CLEAR,1,DAYLIGHT,12,MOTOR VEHICLE IN TRANSPORT,HILLSBORO PKE & HARDING PL,NASHVILLE,TN,37215,6403,MIDTOW,36.0914,-86.8284,POINT (-86.8284 36.0914)
20190043393,01/17/2019 07:50:00 AM,1,0,0,,N,299257,0,NOT COLLISION W/MOTOR VEHICLE-TRANSPORT,2,RAIN,1,DAYLIGHT,39,WALL,MM 77 5 I 65,NASHVILLE,TN,37220,86042,MIDTOW,36.0775,-86.7663,POINT (-86.7663 36.0775)
20190042083,01/16/2019 06:30:00 PM,2,0,0,,N,212338,11,Front to Rear,21,CLEAR,2,DARK - NOT LIGHTED,12,MOTOR VEHICLE IN TRANSPORT,NOLENSVILLE PKE & CULBERTSON RD,ANTIOCH,TN,37013,8767,SOUTH,36.0072,-86.7007,POINT (-86.7007 36.0072)
20190131963,02/18/2019 09:00:00 AM,2,0,0,,N,693093,4,ANGLE,21,CLEAR,1,DAYLIGHT,12,MOTOR VEHICLE IN TRANSPORT,BRICK CHURCH PKE & BRICK CHURCH LN,NASHVILLE,TN,37207,2033,MADISO,36.2446,-86.7803,POINT (-86.7803 36.2446)
20190418679,06/01/2019 02:10:00 PM,2,0,0,Y,N,468030,0,NOT COLLISION W/MOTOR VEHICLE-TRANSPORT,21,CLEAR,1,DAYLIGHT,30;7,UTILITY POLE,GRACE ST & DICKERSON PKE,NASHVILLE,TN,37207,1963,EAST,36.1832,-86.7739,POINT (-86.7739 36.1832)
20190396279,05/23/2019 08:00:00 PM,2,0,0,,Y,660929,9,UNKNOWN,21,CLEAR,9,UNKNOWN,14,PARKED MOTOR VEHICLE,5300 NOLENSVILLE,NASHVILLE,TN,37207,1995,EAST,36.1745,-86.768,POINT (-86.768 36.1745)
20190134925,02/19/2019 08:10:00 AM,1,0,0,,N,226600,0,NOT COLLISION W/MOTOR VEHICLE-TRANSPORT,22,CLOUDY,1,DAYLIGHT,7,,OLD HICKORY BLVD & GAUCHO ROAD PVTDR,NASHVILLE,TN,37221,6213,WEST,36.0543,-86.8997,POINT (-86.8997 36.0543)
20190243618,03/29/2019 11:43:00 AM,2,1,0,,N,298864,2,HEAD-ON,21,CLEAR,1,DAYLIGHT,12,MOTOR VEHICLE IN TRANSPORT,DICKERSON PKE & DICKERSON PKE ENT RAMP,MADISON,TN,37115,2009,MADISO,36.242,-86.7571,POINT (-86.7571 36.242)
20190276341,04/10/2019 04:30:00 PM,1,0,0,Y,Y,256380,0,NOT COLLISION W/MOTOR VEHICLE-TRANSPORT,21,CLEAR,1,DAYLIGHT,38,FENCE,BUCHANAN ST & 12TH AVN,NASHVILLE,TN,37208,4453,NORTH,36.1802,-86.8064,POINT (-86.8064 36.1802)
20190155804,02/26/2019 01:00:00 PM,2,0,0,,N,493304,11,Front to Rear,21,CLEAR,1,DAYLIGHT,12,MOTOR VEHICLE IN TRANSPORT,GALLATIN PKEN & OLD TIME VILLAGE PVTDR,MADISON,TN,37115,1701,MADISO,36.2638,-86.7117,POINT (-86.7117 36.2638)
20190108609,02/09/2019 12:00:00 AM,2,0,0,,Y,279118,11,Front to Rear,21,CLEAR,1,DAYLIGHT,12,MOTOR VEHICLE IN TRANSPORT,NOLENSVILLE PKE & NORTHCREST DR,NASHVILLE,TN,37211,8711,SOUTH,36.0667,-86.7179,POINT (-86.7179 36.0667)
20190440485,06/10/2019 07:14:00 AM,2,0,0,,N,109534,5,SIDESWIPE - SAME DIRECTION,21,CLEAR,1,DAYLIGHT,12,MOTOR VEHICLE IN TRANSPORT,MURFREESBORO PKE & MCGAVOCK PKE,NASHVILLE,TN,37217,8841,SOUTH,36.1129,-86.689,POINT (-86.689 36.1129)
20190100423,06/07/2019 01:30:00 PM,2,0,0,,Y,676834,4,ANGLE,22,CLOUDY,1,DAYLIGHT,12;14,MOTOR VEHICLE IN TRANSPORT;PARKED MOTOR VEHICLE,25 VANTAGE WAY,NASHVILLE,TN,37228,4401,NORTH,36.1916,-86.7941,POINT (-86.7941 36.1916)
20190361851,05/11/2019 03:41:00 PM,1,0,0,Y,N,240955,0,NOT COLLISION W/MOTOR VEHICLE-TRANSPORT,2,RAIN,1,DAYLIGHT,30;33,UTILITY POLE;CURB,HAYSTACK LN & BAKERTOWN RD,NASHVILLE,TN,37211,8851,SOUTH,36.0713,-86.6865,POINT (-86.6865 36.0713)
20190403304,05/27/2019 12:51:00 AM,2,2,0,,N,311341,2,HEAD-ON,21,CLEAR,2,DARK - NOT LIGHTED,12,MOTOR VEHICLE IN TRANSPORT,OLD HICKORY BLVD & GAUCHO ROAD PVTDR,NASHVILLE,TN,37221,6213,WEST,36.0543,-86.8997,POINT (-86.8997 36.0543)
20190237449,03/27/2019 12:10:00 PM,1,0,0,,N,716886,0,NOT COLLISION W/MOTOR VEHICLE-TRANSPORT,21,CLEAR,1,DAYLIGHT,33,CURB,I24 W ENT RAMP & I 24,NASHVILLE,TN,37206,1009,EAST,36.1666,-86.7638,POINT (-86.7638 36.1666)
20190069612,01/27/2019 01:10:00 AM,2,0,0,,Y,676828,5,SIDESWIPE - SAME DIRECTION,21,CLEAR,3,DARK - LIGHTED,14;55,PARKED MOTOR VEHICLE;Motor Vehicle-In-Motion Outside Trafficw,CHARLOTTE AV & 15TH AVN,NASHVILLE,TN,37203,5501,MIDTOW,36.1603,-86.7946,POINT (-86.7946 36.1603)
20190156428,02/26/2019 05:28:00 PM,3,0,0,,Y,256439,11,Front to Rear,21,CLEAR,1,DAYLIGHT,12,MOTOR VEHICLE IN TRANSPORT,MM 211 6 I 40,NASHVILLE,TN,37210,82042,HERMIT,36.1508,-86.7502,POINT (-86.7502 36.1508)
20190049828,01/19/2019 05:58:00 PM,1,0,0,,N,256423,0,NOT COLLISION W/MOTOR VEHICLE-TRANSPORT,2,RAIN,3,DARK - LIGHTED,34,DITCH,WHITES CREEK PKE & MOORMANS ARM RD,NASHVILLE,TN,37207,3033,NORTH,36.2182,-86.8035,POINT (-86.8035 36.2182)
20190047335,01/18/2019 03:07:00 PM,2,0,0,,N,320599,11,Front to Rear,22,CLOUDY,1,DAYLIGHT,12,MOTOR VEHICLE IN TRANSPORT,MM 48 3 I 24,NASHVILLE,TN,37213,11080,CENTRA,36.1722,-86.7689,POINT (-86.7689 36.1722)
20190103821,02/07/2019 06:23:00 PM,2,1,0,,N,209184,4,ANGLE,2,RAIN,1,DAYLIGHT,12,MOTOR VEHICLE IN TRANSPORT,MURFREESBORO PKE & HOBSON PKE,ANTIOCH,TN,37013,8927,SOUTH,36.043,-86.6066,POINT (-86.6066 36.043)
20190477932,06/24/2019 06:18:00 PM,2,0,0,,N,279204,5,SIDESWIPE - SAME DIRECTION,21,CLEAR,1,DAYLIGHT,12,MOTOR VEHICLE IN TRANSPORT,I65 N ENT RAMP & I 40,NASHVILLE,TN,37208,44041,NORTH,36.1734,-86.8012,POINT (-86.8012 36.1734)
20190342864,05/04/2019 10:45:00 AM,1,0,0,Y,N,591933,0,NOT COLLISION W/MOTOR VEHICLE-TRANSPORT,2,RAIN,1,DAYLIGHT,47,FIRE HYDRANT,BATTLE RD & MCFARLIN RD,NOLENSVILLE,TN,37135,8773,SOUTH,35.9754,-86.6459,POINT (-86.6459 35.9754)
20190476616,06/24/2019 06:24:00 AM,1,0,0,,Y,161952,0,NOT COLLISION W/MOTOR VEHICLE-TRANSPORT,2,RAIN,1,DAYLIGHT,36;64,CONCRETE TRAFFIC BARRIER;Ran Off Road-Left,BRILEY PKWYE & CLARKSVILLE PKE,NASHVILLE,TN,37218,3218,NORTH,36.2289,-86.8339,POINT (-86.8339 36.2289)
20190203577,03/15/2019 03:46:00 PM,2,1,0,,N,298860,4,ANGLE,21,CLEAR,1,DAYLIGHT,13,MOTOR VEHICLE IN TRANSPORT-OTHER ROADWAY,TULIP GROVE RD & RALIEGH DR,HERMITAGE,TN,37076,9537,HERMIT,36.2109,-86.5894,POINT (-86.5894 36.2109)
20190291015,04/16/2019 11:53:00 AM,2,0,0,,N,352204,11,Front to Rear,21,CLEAR,1,DAYLIGHT,12,MOTOR VEHICLE IN TRANSPORT,I440 E EXT RAMP & I 440,NASHVILLE,TN,37205,5249,WEST,36.1366,-86.8221,POINT (-86.8221 36.1366)
20190295366,04/17/2019 10:43:00 AM,2,0,0,,N,716886,11,Front to Rear,21,CLEAR,1,DAYLIGHT,12,MOTOR VEHICLE IN TRANSPORT,HARDING PL & I24 W ENT RAMP,NASHVILLE,TN,37211,8889,SOUTH,36.0868,-86.6977,POINT (-86.6977 36.0868)
20190246736,03/30/2019 06:40:00 PM,2,0,0,,N,320582,11,Front to Rear,2,RAIN,3,DARK - LIGHTED,12,MOTOR VEHICLE IN TRANSPORT,MM 86 5 I 65,NASHVILLE,TN,37207,3006,NORTH,36.1946,-86.7762,POINT (-86.7762 36.1946)
20190524784,07/13/2019 12:09:00 PM,3,0,0,,Y,320595,11,Front to Rear,21,CLEAR,1,DAYLIGHT,12,MOTOR VEHICLE IN TRANSPORT,MM 213 9 I 40,NASHVILLE,TN,37217,8802,HERMIT,36.1415,-86.7148,POINT (-86.7148 36.1415)
20190429712,06/05/2019 08:40:00 PM,1,0,0,,N,352198,0,NOT COLLISION W/MOTOR VEHICLE-TRANSPORT,21,CLEAR,3,DARK - LIGHTED,42,TREE,RIVERSPRING DR & WIDEWATER CT,NASHVILLE,TN,37221,4713,WEST,36.0896,-87.0081,POINT (-87.0081 36.0896)
20190514286,07/09/2019 11:15:00 AM,2,1,0,,N,320601,11,Front to Rear,21,CLEAR,1,DAYLIGHT,14,PARKED MOTOR VEHICLE,BARNES BEND DR & THISTLE DOWN LN,ANTIOCH,TN,37013,8759,SOUTH,36.0254,-86.6965,POINT (-86.6965 36.0254)
20190449095,06/13/2019 08:07:00 AM,2,1,0,,N,109534,4,ANGLE,21,CLEAR,1,DAYLIGHT,12,MOTOR VEHICLE IN TRANSPORT,MURFREESBORO PKE & BELL RD,ANTIOCH,TN,37013,8865,SOUTH,36.072,-86.636,POINT (-86.636 36.072)
20190412563,05/18/2019 01:39:00 PM,2,0,0,,Y,156307,11,Front to Rear,21,CLEAR,1,DAYLIGHT,12,MOTOR VEHICLE IN TRANSPORT,MM 87 0 I 65,NASHVILLE,TN,37207,18020,EAST,36.2018,-86.7766,POINT (-86.7766 36.2018)
20190117094,02/12/2019 07:33:00 PM,2,1,0,,Y,197068,4,ANGLE,21,CLEAR,3,DARK - LIGHTED,12,MOTOR VEHICLE IN TRANSPORT,3RD AVN & TAYLOR ST,NASHVILLE,TN,37208,4321,NORTH,36.1793,-86.7874,POINT (-86.7874 36.1793)
20190184731,03/08/2019 03:40:00 PM,2,0,0,,N,320581,6,SIDESWIPE - OPPOSITE DIRECTION,2,RAIN,1,DAYLIGHT,12,MOTOR VEHICLE IN TRANSPORT,BEAR HOLLOW RD & BEAR HOLLOW RD PVTDR,WHITES CREEK,TN,37189,3347,NORTH,36.3003,-86.8774,POINT (-86.8774 36.3003)
20190475778,06/23/2019 09:30:00 PM,2,2,0,,N,109536,11,Front to Rear,2,RAIN,2,DARK - NOT LIGHTED,12,MOTOR VEHICLE IN TRANSPORT,SPRINGFIELD HWY & GAYLEMORE DR,GOODLETTSVILLE,TN,37072,2219,MADISO,36.3648,-86.733,POINT (-86.733 36.3648)
20190156828,02/26/2019 09:18:00 PM,2,2,0,,N,299266,4,ANGLE,21,CLEAR,3,DARK - LIGHTED,12,MOTOR VEHICLE IN TRANSPORT,MURFREESBORO PKE & FOREST VIEW DR,ANTIOCH,TN,37013,8865,SOUTH,36.0674,-86.6313,POINT (-86.6313 36.0674)
20190565836,07/30/2019 05:00:00 AM,2,0,0,,N,109542,11,Front to Rear,21,CLEAR,3,DARK - LIGHTED,12,MOTOR VEHICLE IN TRANSPORT,6TH AVS & KOREAN VETERANS BLVD,NASHVILLE,TN,37203,4043,CENTRA,36.1555,-86.7771,POINT (-86.7771 36.1555)
20190119912,02/13/2019 04:15:00 PM,2,1,0,,N,256423,11,Front to Rear,21,CLEAR,1,DAYLIGHT,12,MOTOR VEHICLE IN TRANSPORT,BRILEY PKWYE & I24 E ENT RAMP,WHITES CREEK,TN,37189,3202,NORTH,36.2381,-86.7868,POINT (-86.7868 36.2381)
20190083299,01/31/2019 12:29:00 PM,2,1,0,,N,226622,4,ANGLE,21,CLEAR,1,DAYLIGHT,12,MOTOR VEHICLE IN TRANSPORT,VAUGHNS GAP RD & HARDING PKE,NASHVILLE,TN,37205,4913,WEST,36.0926,-86.8854,POINT (-86.8854 36.0926)
20190246093,03/30/2019 01:03:00 AM,2,0,0,,Y,140790,9,UNKNOWN,99,UNKNOWN,7,Dark-Unknown Lighting,12;14,MOTOR VEHICLE IN TRANSPORT;PARKED MOTOR VEHICLE,BAY OVERLOOK DR & PENINSULA POINT DR,HERMITAGE,TN,37076,9547,HERMIT,36.1528,-86.5931,POINT (-86.5931 36.1528)
20190303113,04/19/2019 10:34:00 PM,2,0,0,,Y,200016,4,ANGLE,2,RAIN,3,DARK - LIGHTED,12,MOTOR VEHICLE IN TRANSPORT,MM 86 3 I 65,NASHVILLE,TN,37207,1910,CENTRA,36.1919,-86.7808,POINT (-86.7808 36.1919)
20190494936,07/01/2019 07:25:00 AM,1,0,0,,N,352173,0,NOT COLLISION W/MOTOR VEHICLE-TRANSPORT,21,CLEAR,1,DAYLIGHT,34,DITCH,BELL RD & PRIVATE DR,NASHVILLE,TN,37217,8937,HERMIT,36.0844,-86.6284,POINT (-86.6284 36.0844)
20190488816,06/28/2019 01:07:00 PM,2,0,0,,Y,134899,4,ANGLE,21,CLEAR,1,DAYLIGHT,12,MOTOR VEHICLE IN TRANSPORT,TERMINAL DR & SATELLITE WAY ENT RAMP,NASHVILLE,TN,37217,8951,HERMIT,36.1365,-86.6645,POINT (-86.6645 36.1365)
20190544268,07/21/2019 09:56:00 AM,2,2,0,,N,320574,11,Front to Rear,22,CLOUDY,1,DAYLIGHT,12,MOTOR VEHICLE IN TRANSPORT,MM 216 0 I 40,NASHVILLE,TN,37217,89020,HERMIT,36.142,-86.6779,POINT (-86.6779 36.142)
20190125726,02/15/2019 02:11:00 PM,2,1,0,Y,N,311339,4,ANGLE,2,RAIN,1,DAYLIGHT,12;19;33,MOTOR VEHICLE IN TRANSPORT;BUILDING;CURB,5TH AVS & ELM ST,NASHVILLE,TN,37210,4005,CENTRA,36.1528,-86.7734,POINT (-86.7734 36.1528)
20190390444,05/22/2019 07:15:00 AM,3,0,0,,N,223502,5,SIDESWIPE - SAME DIRECTION,21,CLEAR,1,DAYLIGHT,12,MOTOR VEHICLE IN TRANSPORT,MM 54 0 I 24,NASHVILLE,TN,37211,88122,SOUTH,36.1064,-86.7188,POINT (-86.7188 36.1064)
20190464635,06/19/2019 09:21:00 AM,1,0,0,,N,405404,0,NOT COLLISION W/MOTOR VEHICLE-TRANSPORT,2,RAIN,1,DAYLIGHT,30;34;38;40,UTILITY POLE;DITCH;FENCE;MAIL BOX,5600 OLD HICKORY BLVD,HERMITAGE,TN,37076,9557,HERMIT,36.174,-86.6021,POINT (-86.6021 36.174)
20190310046,04/22/2019 06:13:00 PM,3,0,0,,N,256419,11,Front to Rear,21,CLEAR,1,DAYLIGHT,12,MOTOR VEHICLE IN TRANSPORT,28TH AVN & CHARLOTTE AV,NASHVILLE,TN,37209,5341,MIDTOW,36.154,-86.8182,POINT (-86.8182 36.154)
20190170508,03/04/2019 07:01:00 AM,2,0,0,,N,299257,4,ANGLE,21,CLEAR,1,DAYLIGHT,12,MOTOR VEHICLE IN TRANSPORT,WEDGEWOOD AV & 12TH AVS,NASHVILLE,TN,37203,6913,MIDTOW,36.1361,-86.7879,POINT (-86.7879 36.1361)
20190362876,05/12/2019 02:29:00 AM,2,0,0,,Y,298871,4,ANGLE,2,RAIN,3,DARK - LIGHTED,12,MOTOR VEHICLE IN TRANSPORT,17TH AVS & BROADWAY,NASHVILLE,TN,37203,5705,MIDTOW,36.1533,-86.794,POINT (-86.794 36.1533)
20190100244,02/06/2019 12:55:00 PM,2,0,0,,N,226622,5,SIDESWIPE - SAME DIRECTION,2,RAIN,1,DAYLIGHT,12,MOTOR VEHICLE IN TRANSPORT,CHARLOTTE AV & 53RD AVN,NASHVILLE,TN,37209,5123,WEST,36.1519,-86.8511,POINT (-86.8511 36.1519)
20190079717,01/30/2019 10:30:00 AM,1,0,0,Y,N,226136,0,NOT COLLISION W/MOTOR VEHICLE-TRANSPORT,21,CLEAR,1,DAYLIGHT,38,FENCE,HAYES ST & 17TH AVN,NASHVILLE,TN,37203,5519,MIDTOW,36.1548,-86.7952,POINT (-86.7952 36.1548)
20190512430,07/08/2019 03:40:00 PM,2,1,0,,Y,256383,11,Front to Rear,21,CLEAR,1,DAYLIGHT,12,MOTOR VEHICLE IN TRANSPORT,2300 MURFREESBORO PKE,NASHVILLE,TN,37217,8937,HERMIT,36.0869,-86.6486,POINT (-86.6486 36.0869)
20190251551,04/01/2019 05:40:00 PM,2,0,0,,N,311332,4,ANGLE,21,CLEAR,1,DAYLIGHT,12,MOTOR VEHICLE IN TRANSPORT,KENNER AV & HARDING PKE,NASHVILLE,TN,37205,6021,WEST,36.1258,-86.8465,POINT (-86.8465 36.1258)
20190546865,07/22/2019 01:30:00 PM,2,0,0,,N,580819,5,SIDESWIPE - SAME DIRECTION,22,CLOUDY,1,DAYLIGHT,12,MOTOR VEHICLE IN TRANSPORT,GEORGE L DAVIS BLVD & CHURCH ST,NASHVILLE,TN,37203,4119,CENTRA,36.1584,-86.7906,POINT (-86.7906 36.1584)
20190059031,01/23/2019 08:08:00 AM,2,0,0,,N,717625,5,SIDESWIPE - SAME DIRECTION,2,RAIN,1,DAYLIGHT,12,MOTOR VEHICLE IN TRANSPORT,ED TEMPLE BLVD & DR WALTER S DAVIS BLVD,NASHVILLE,TN,37209,4503,NORTH,36.1745,-86.8233,POINT (-86.8233 36.1745)
20190449747,06/13/2019 01:02:00 PM,2,1,0,,N,191578,11,Front to Rear,21,CLEAR,1,DAYLIGHT,12,MOTOR VEHICLE IN TRANSPORT,MM 213 5 I 40,NASHVILLE,TN,37210,90062,HERMIT,36.1406,-86.7215,POINT (-86.7215 36.1406)
20190299936,04/18/2019 06:55:00 PM,2,0,0,,N,429193,4,ANGLE,2,RAIN,2,DARK - NOT LIGHTED,12,MOTOR VEHICLE IN TRANSPORT,HWY 70 & HWY 70 S,NASHVILLE,TN,37221,4713,WEST,36.0917,-86.9812,POINT (-86.9812 36.0917)
20190363753,05/12/2019 01:00:00 PM,2,0,0,,Y,474557,4,ANGLE,22,CLOUDY,1,DAYLIGHT,12,MOTOR VEHICLE IN TRANSPORT,MT VIEW RD & BELL FORGE LNE,ANTIOCH,TN,37013,8863,SOUTH,36.0471,-86.648,POINT (-86.648 36.0471)
20190030291,01/12/2019 11:08:00 AM,2,0,0,,N,224955,4,ANGLE,22,CLOUDY,1,DAYLIGHT,12,MOTOR VEHICLE IN TRANSPORT,DICKERSON PKE & BRILEY PKWY W ENT RAMP,MADISON,TN,37115,20143,MADISO,36.2414,-86.7572,POINT (-86.7572 36.2414)
20190531867,07/16/2019 02:11:00 PM,2,0,0,,N,137872,4,ANGLE,21,CLEAR,1,DAYLIGHT,12,MOTOR VEHICLE IN TRANSPORT,ROYAL PKWY & DONELSON PKE,NASHVILLE,TN,37214,9103,HERMIT,36.1463,-86.6689,POINT (-86.6689 36.1463)