Accident Number,Date and Time,Number of Motor Vehicles,Number of Injuries,Number of Fatalities,Property Damage,Hit and Run,Reporting Officer,Collision Type Code,Collision Type Description,Weather Code,Weather Description,Illumination Code,Illumination Description,Harmful Code,Harmful Code Description,Street Address,City,State,ZIP,RPA,Precinct,Latitude,Longitude,Mapped Location
20190012172,01/05/2019 02:55:00 PM,2,0,0,,N,256386,4,ANGLE,21,CLEAR,1,DAYLIGHT,12,MOTOR VEHICLE IN TRANSPORT,ELM HILL PIKE & ATRIUM WAY,NASHVILLE,TN,37214,9101,HERMIT,36.1532,-86.6876,POINT (-86.6876 36.1532)
20190038992,01/15/2019 07:46:00 PM,2,0,0,,Y,151132,3,REAR-TO-REAR,22,CLOUDY,3,DARK - LIGHTED,14,PARKED MOTOR VEHICLE,EAST MAPLE SUITES PVTDR & E OLD HICKORY,MADISON,TN,37115,1627,MADISO,36.262,-86.6995,POINT (-86.6995 36.262)
20190201736,03/15/2019 12:47:00 AM,1,0,0,Y,N,320600,0,NOT COLLISION W/MOTOR VEHICLE-TRANSPORT,21,CLEAR,3,DARK - LIGHTED,30,UTILITY POLE,CHARLOTTE AV & 53RD AVN,NASHVILLE,TN,37209,5123,WEST,36.1519,-86.8511,POINT (-86.8511 36.1519)
20190289253,04/15/2019 01:48:00 PM,2,0,0,,N,311344,5,SIDESWIPE - SAME DIRECTION,21,CLEAR,1,DAYLIGHT,12,MOTOR VEHICLE IN TRANSPORT,HARRIS ST & GALLATIN PKES,MADISON,TN,37115,1605,MADISO,36.2584,-86.7135,POINT (-86.7135 36.2584)
20190519484,07/11/2019 10:07:00 AM,2,2,0,,N,834798,11,Front to Rear,21,CLEAR,1,DAYLIGHT,12,MOTOR VEHICLE IN TRANSPORT,MURPHY RD & PARK DR,NASHVILLE,TN,37203,5629,MIDTOW,36.1394,-86.8197,POINT (-86.8197 36.1394)
20190501648,07/03/2019 01:11:00 PM,2,0,0,,N,191578,11,Front to Rear,21,CLEAR,1,DAYLIGHT,12,MOTOR VEHICLE IN TRANSPORT,MM 211 8 I 40,NASHVILLE,TN,37210,90022,HERMIT,36.149,-86.7465,POINT (-86.7465 36.149)
20190116815,02/12/2019 06:18:00 PM,2,0,0,,Y,256422,5,SIDESWIPE - SAME DIRECTION,21,CLEAR,3,DARK - LIGHTED,12,MOTOR VEHICLE IN TRANSPORT,MM 87 8 I 65,NASHVILLE,TN,37207,1804,EAST,36.2138,-86.7754,POINT (-86.7754 36.2138)
20190182031,03/07/2019 06:11:00 PM,2,2,0,,N,240960,11,Front to Rear,21,CLEAR,3,DARK - LIGHTED,12,MOTOR VEHICLE IN TRANSPORT,DICKERSON PKE & GRACE ST,NASHVILLE,TN,37207,1963,EAST,36.1836,-86.7738,POINT (-86.7738 36.1836)
20190287096,04/14/2019 12:00:00 AM,2,0,0,,Y,311333,4,ANGLE,22,CLOUDY,1,DAYLIGHT,12;14,MOTOR VEHICLE IN TRANSPORT;PARKED MOTOR VEHICLE,BABY RUTH LN & MT VIEW RD,ANTIOCH,TN,37013,8865,SOUTH,36.0445,-86.6402,POINT (-86.6402 36.0445)
20190415580,05/31/2019 08:34:00 AM,2,0,0,,N,311325,4,ANGLE,21,CLEAR,1,DAYLIGHT,12,MOTOR VEHICLE IN TRANSPORT,ELM HILL PKE & FESSLERS LN,NASHVILLE,TN,37210,8217,HERMIT,36.1447,-86.744,POINT (-86.744 36.1447)
20190193805,03/12/2019 10:20:00 AM,2,1,0,,N,226622,11,Front to Rear,22,CLOUDY,1,DAYLIGHT,12,MOTOR VEHICLE IN TRANSPORT,I440 E EXT RAMP & I 440,NASHVILLE,TN,37205,5249,WEST,36.1366,-86.8221,POINT (-86.8221 36.1366)
20190181429,03/07/2019 02:08:00 PM,2,0,0,,Y,420059,2,HEAD-ON,21,CLEAR,1,DAYLIGHT,12,MOTOR VEHICLE IN TRANSPORT,EDMONDSON PKE & BONNIE BRIDGE RD,NASHVILLE,TN,37211,8651,MIDTOW,36.039,-86.7434,POINT (-86.7434 36.039)
20190351763,05/07/2019 10:00:00 PM,1,1,0,,N,206675,0,NOT COLLISION W/MOTOR VEHICLE-TRANSPORT,21,CLEAR,3,DARK - LIGHTED,8,PEDESTRIAN,BROADWAY & 17TH AVS,NASHVILLE,TN,37203,5705,MIDTOW,36.1531,-86.7942,POINT (-86.7942 36.1531)
20190371354,05/15/2019 07:41:00 AM,2,0,0,,N,620080,11,Front to Rear,22,CLOUDY,1,DAYLIGHT,12,MOTOR VEHICLE IN TRANSPORT,MM 218 4 I 40,NASHVILLE,TN,37214,89062,HERMIT,36.1504,-86.6376,POINT (-86.6376 36.1504)
20190189548,03/10/2019 09:45:00 PM,2,3,0,,Y,311798,2,HEAD-ON,21,CLEAR,2,DARK - NOT LIGHTED,12,MOTOR VEHICLE IN TRANSPORT,CLIFTON AV & 28TH AVN,NASHVILLE,TN,37209,5343,NORTH,36.1588,-86.819,POINT (-86.819 36.1588)
20190436680,06/08/2019 01:12:00 PM,2,1,0,,N,320574,11,Front to Rear,22,CLOUDY,1,DAYLIGHT,12,MOTOR VEHICLE IN TRANSPORT,MM 214 5 I 40,NASHVILLE,TN,37217,88022,HERMIT,36.1434,-86.7031,POINT (-86.7031 36.1434)
20190573916,08/02/2019 12:00:00 AM,1,0,0,,N,279221,0,NOT COLLISION W/MOTOR VEHICLE-TRANSPORT,21,CLEAR,1,DAYLIGHT,36,CONCRETE TRAFFIC BARRIER,MM 94 1 I 65,MADISON,TN,37115,17042,MADISO,36.2893,-86.724,POINT (-86.724 36.2893)
20190547256,07/22/2019 04:38:00 PM,2,0,0,,N,256389,4,ANGLE,2,RAIN,1,DAYLIGHT,12,MOTOR VEHICLE IN TRANSPORT,MM 75 0 I 65,BRENTWOOD,TN,37027,86040,MIDTOW,36.0442,-86.7806,POINT (-86.7806 36.0442)
20190457612,06/16/2019 05:12:00 PM,1,0,0,Y,N,352159,0,NOT COLLISION W/MOTOR VEHICLE-TRANSPORT,21,CLEAR,1,DAYLIGHT,24,GUARDRAIL FACE,TWO RIVERS CT & BRILEY PKWYS,NASHVILLE,TN,37214,9219,HERMIT,36.1806,-86.6973,POINT (-86.6973 36.1806)
20190364055,05/12/2019 12:00:00 AM,2,0,0,,N,298877,6,SIDESWIPE - OPPOSITE DIRECTION,21,CLEAR,1,DAYLIGHT,12,MOTOR VEHICLE IN TRANSPORT,WOODMERE DR & ROBERT BURNS DR,NASHVILLE,TN,37217,8879,SOUTH,36.1203,-86.7109,POINT (-86.7109 36.1203)
20190172176,03/04/2019 05:29:00 PM,2,1,0,,Y,279208,11,Front to Rear,21,CLEAR,1,DAYLIGHT,12,MOTOR VEHICLE IN TRANSPORT,WEST END AV & 32ND AVS,NASHVILLE,TN,37212,5817,MIDTOW,36.1421,-86.8161,POINT (-86.8161 36.1421)
20190196571,03/13/2019 07:50:00 AM,2,0,0,,N,716886,4,ANGLE,21,CLEAR,1,DAYLIGHT,12,MOTOR VEHICLE IN TRANSPORT,FOSTER AV & ROSE ST,NASHVILLE,TN,37210,8351,SOUTH,36.1236,-86.7426,POINT (-86.7426 36.1236)
20190274586,04/10/2019 02:10:00 AM,1,1,0,,N,320588,0,NOT COLLISION W/MOTOR VEHICLE-TRANSPORT,21,CLEAR,2,DARK - NOT LIGHTED,1;64,Ran Off Road-Left,WHITES CREEK PKE & COOPERTOWN RD,GOODLETTSVILLE,TN,37072,2315,NORTH,36.3774,-86.8937,POINT (-86.8937 36.3774)
20190063622,01/24/2019 05:11:00 PM,2,0,0,,N,256422,11,Front to Rear,21,CLEAR,3,DARK - LIGHTED,12,MOTOR VEHICLE IN TRANSPORT,MM 36 6 I 24,WHITES CREEK,TN,37189,33180,NORTH,36.3184,-86.8427,POINT (-86.8427 36.3184)
20190211060,03/18/2019 05:32:00 PM,2,0,0,,N,419972,6,SIDESWIPE - OPPOSITE DIRECTION,,,,,12,MOTOR VEHICLE IN TRANSPORT,BURGESS AV & WHITE BRIDGE PKE,NASHVILLE,TN,37209,5103,WEST,36.145,-86.8579,POINT (-86.8579 36.145)
20190452635,06/14/2019 12:14:00 PM,2,2,0,,N,834798,11,Front to Rear,21,CLEAR,1,DAYLIGHT,12,MOTOR VEHICLE IN TRANSPORT,TROUSDALE DR & RICHMAR DR,NASHVILLE,TN,37211,8603,MIDTOW,36.0796,-86.7585,POINT (-86.7585 36.0796)
20190160479,02/28/2019 12:00:00 AM,1,0,0,,Y,279213,0,NOT COLLISION W/MOTOR VEHICLE-TRANSPORT,21,CLEAR,3,DARK - LIGHTED,34,DITCH,EWING DR & RICHMOND HILL DR,NASHVILLE,TN,37207,2001,MADISO,36.2303,-86.7738,POINT (-86.7738 36.2303)
20190433617,06/07/2019 07:44:00 AM,1,1,0,,N,191578,0,NOT COLLISION W/MOTOR VEHICLE-TRANSPORT,2,RAIN,1,DAYLIGHT,36,CONCRETE TRAFFIC BARRIER,I40 E EXT RAMP & I 40,NASHVILLE,TN,37214,8955,HERMIT,36.155,-86.6271,POINT (-86.6271 36.155)
20190323630,04/26/2019 10:24:00 PM,1,1,0,,Y,197059,0,NOT COLLISION W/MOTOR VEHICLE-TRANSPORT,21,CLEAR,3,DARK - LIGHTED,36,CONCRETE TRAFFIC BARRIER,MM 1 1 I 440,NASHVILLE,TN,37203,5624,MIDTOW,36.1447,-86.8222,POINT (-86.8222 36.1447)
20190172010,03/04/2019 04:54:00 PM,2,1,0,,N,197435,11,Front to Rear,21,CLEAR,1,DAYLIGHT,12,MOTOR VEHICLE IN TRANSPORT,ELLINGTON PKWYN & ELLINGTON PKWYS,NASHVILLE,TN,37216,1890,EAST,36.2227,-86.7464,POINT (-86.7464 36.2227)
20190140781,02/21/2019 04:13:00 AM,1,0,0,Y,Y,212342,0,NOT COLLISION W/MOTOR VEHICLE-TRANSPORT,21,CLEAR,3,DARK - LIGHTED,30,UTILITY POLE,BRILEY PKWY & GLASTONBURY RD,NASHVILLE,TN,37217,88943,HERMIT,36.1372,-86.6997,POINT (-86.6997 36.1372)
20190105918,02/08/2019 01:05:00 PM,2,0,0,,N,226136,11,Front to Rear,21,CLEAR,1,DAYLIGHT,12,MOTOR VEHICLE IN TRANSPORT,21ST AVN & HAYES ST,NASHVILLE,TN,37203,5527,MIDTOW,36.1511,-86.8017,POINT (-86.8017 36.1511)
20190153810,02/25/2019 12:00:00 AM,2,0,0,,Y,727203,6,SIDESWIPE - OPPOSITE DIRECTION,21,CLEAR,3,DARK - LIGHTED,14,PARKED MOTOR VEHICLE,WOODLAND ST & S 9TH ST,NASHVILLE,TN,37206,1119,EAST,36.1749,-86.7569,POINT (-86.7569 36.1749)
20190292690,04/16/2019 04:00:00 PM,2,2,0,,N,161948,11,Front to Rear,21,CLEAR,1,DAYLIGHT,12,MOTOR VEHICLE IN TRANSPORT,BRILEY PKWYN & MUSIC VALLEY DR,NASHVILLE,TN,37214,92860,HERMIT,36.2225,-86.6937,POINT (-86.6937 36.2225)
20190559264,07/27/2019 03:43:00 AM,2,1,0,,N,256377,11,Front to Rear,21,CLEAR,3,DARK - LIGHTED,1;12;36,MOTOR VEHICLE IN TRANSPORT;CONCRETE TRAFFIC BARRIER,MM 211 6 I 40,NASHVILLE,TN,37210,82042,HERMIT,36.1508,-86.7502,POINT (-86.7502 36.1508)
20190241685,03/28/2019 08:05:00 PM,2,0,0,,Y,429193,11,Front to Rear,21,CLEAR,2,DARK - NOT LIGHTED,12,MOTOR VEHICLE IN TRANSPORT,MM 194 2 I 40,NASHVILLE,TN,37221,4804,WEST,36.0779,-86.9902,POINT (-86.9902 36.0779)
20190535031,07/17/2019 04:59:00 PM,2,0,0,,N,256389,11,Front to Rear,21,CLEAR,1,DAYLIGHT,12,MOTOR VEHICLE IN TRANSPORT,MM 208 9 I 40,NASHVILLE,TN,37203,4102,CENTRA,36.1587,-86.7915,POINT (-86.7915 36.1587)
20190383085,05/19/2019 04:25:00 PM,1,0,0,,N,212346,0,NOT COLLISION W/MOTOR VEHICLE-TRANSPORT,21,CLEAR,1,DAYLIGHT,49,Ridden Animal/Drawn Conveyance,BROADWAY & 3RD AVN,NASHVILLE,TN,37201,4105,CENTRA,36.1615,-86.776,POINT (-86.776 36.1615)
20190377498,05/17/2019 07:24:00 AM,2,0,0,,N,716886,6,SIDESWIPE - OPPOSITE DIRECTION,21,CLEAR,1,DAYLIGHT,12,MOTOR VEHICLE IN TRANSPORT,HOBSON PKE & GRANNY WRIGHT LN,HERMITAGE,TN,37076,8913,SOUTH,36.1081,-86.5496,POINT (-86.5496 36.1081)
20190524095,07/13/2019 05:00:00 AM,2,0,0,,N,209173,98,OTHER,21,CLEAR,2,DARK - NOT LIGHTED,12,MOTOR VEHICLE IN TRANSPORT,I40 W ENT RAMP & I 40,NASHVILLE,TN,37210,9007,HERMIT,36.1484,-86.7454,POINT (-86.7454 36.1484)
20190456967,06/16/2019 09:30:00 AM,1,0,0,,N,161952,0,NOT COLLISION W/MOTOR VEHICLE-TRANSPORT,21,CLEAR,1,DAYLIGHT,50,DEER (ANIMAL),4111 LITTLE MARROWBONE RD,JOELTON,TN,37080,3319,NORTH,36.2737,-86.9059,POINT (-86.9059 36.2737)
20190557562,07/26/2019 11:42:00 AM,4,0,0,,N,352186,11,Front to Rear,21,CLEAR,1,DAYLIGHT,12,MOTOR VEHICLE IN TRANSPORT,MM 48 9 I 24,NASHVILLE,TN,37213,1104,CENTRA,36.1676,-86.7656,POINT (-86.7656 36.1676)
20190378445,05/17/2019 03:04:00 PM,2,0,0,,N,579971,11,Front to Rear,21,CLEAR,1,DAYLIGHT,12,MOTOR VEHICLE IN TRANSPORT,HAMILTON CHURCH RD & HOBSON PKE,ANTIOCH,TN,37013,8905,SOUTH,36.0586,-86.5978,POINT (-86.5978 36.0586)
20190441561,06/10/2019 04:20:00 PM,2,1,0,,N,320577,11,Front to Rear,21,CLEAR,1,DAYLIGHT,12,MOTOR VEHICLE IN TRANSPORT,TROUSDALE DR & GRASSMERE PK,NASHVILLE,TN,37211,8509,MIDTOW,36.0866,-86.7539,POINT (-86.7539 36.0866)
20190333237,04/30/2019 09:09:00 PM,2,0,0,,N,240957,11,Front to Rear,21,CLEAR,2,DARK - NOT LIGHTED,12,MOTOR VEHICLE IN TRANSPORT,AMALIE DR & OLD HICKORY BLVD,NASHVILLE,TN,37211,8655,MIDTOW,36.0448,-86.7249,POINT (-86.7249 36.0448)
20190118911,02/13/2019 09:23:00 AM,2,1,0,,N,206962,4,ANGLE,22,CLOUDY,1,DAYLIGHT,12,MOTOR VEHICLE IN TRANSPORT,APPLE VALLEY RD & W CAMPBELL RD,MADISON,TN,37115,2101,MADISO,36.2844,-86.7316,POINT (-86.7316 36.2844)
20190079391,01/30/2019 07:48:00 AM,2,0,0,,N,620067,11,Front to Rear,4,SNOW,1,DAYLIGHT,12,MOTOR VEHICLE IN TRANSPORT,PIN HOOK RD & HOBSON PKE,ANTIOCH,TN,37013,8927,SOUTH,36.0493,-86.5999,POINT (-86.5999 36.0493)
20190383177,05/19/2019 05:24:00 PM,2,0,0,,N,256379,98,OTHER,21,CLEAR,1,DAYLIGHT,12,MOTOR VEHICLE IN TRANSPORT,HARDING PL & ANTIOCH PKE,NASHVILLE,TN,37211,8843,SOUTH,36.0878,-86.6914,POINT (-86.6914 36.0878)
20190391199,05/22/2019 12:50:00 PM,2,0,0,,Y,676834,4,ANGLE,21,CLEAR,1,DAYLIGHT,12,MOTOR VEHICLE IN TRANSPORT,28TH AVN & JEFFERSON ST,NASHVILLE,TN,37208,4525,NORTH,36.1672,-86.8206,POINT (-86.8206 36.1672)
20190338601,05/02/2019 06:41:00 PM,3,3,0,,N,256389,11,Front to Rear,21,CLEAR,1,DAYLIGHT,12,MOTOR VEHICLE IN TRANSPORT,OLD HICKORY BLVD & HICKORY SPRINGS RD,NASHVILLE,TN,37215,6305,MIDTOW,36.0413,-86.822,POINT (-86.822 36.0413)
20190155045,02/26/2019 08:25:00 AM,2,0,0,,N,676834,5,SIDESWIPE - SAME DIRECTION,21,CLEAR,1,DAYLIGHT,12,MOTOR VEHICLE IN TRANSPORT,MM 86 9 I 65,NASHVILLE,TN,37207,3002,NORTH,36.2009,-86.7768,POINT (-86.7768 36.2009)
20190068002,01/26/2019 06:55:00 AM,2,0,0,,N,330428,6,SIDESWIPE - OPPOSITE DIRECTION,21,CLEAR,1,DAYLIGHT,12,MOTOR VEHICLE IN TRANSPORT,CROSSINGS BLVD & MT VIEW RD,ANTIOCH,TN,37013,8863,SOUTH,36.0455,-86.6473,POINT (-86.6473 36.0455)
20190007634,01/03/2019 07:40:00 PM,2,0,0,,Y,256383,5,SIDESWIPE - SAME DIRECTION,22,CLOUDY,3,DARK - LIGHTED,12,MOTOR VEHICLE IN TRANSPORT,MURFREESBORO PKE & LAKEVILLA DR,ANTIOCH,TN,37013,8861,SOUTH,36.0767,-86.6409,POINT (-86.6409 36.0767)
20190247674,03/31/2019 03:55:00 AM,2,0,0,Y,N,212337,11,Front to Rear,21,CLEAR,3,DARK - LIGHTED,12;14,MOTOR VEHICLE IN TRANSPORT;PARKED MOTOR VEHICLE,ROSA L PARKS BLVD & HUME ST,NASHVILLE,TN,37208,4343,NORTH,36.1788,-86.7952,POINT (-86.7952 36.1788)
20190145798,02/22/2019 06:15:00 PM,2,0,0,,N,256386,4,ANGLE,2,RAIN,3,DARK - LIGHTED,12,MOTOR VEHICLE IN TRANSPORT,KENTON PL & STATE HWY 155,NASHVILLE,TN,37217,8821,HERMIT,36.128,-86.6957,POINT (-86.6957 36.128)
20190347485,05/06/2019 12:52:00 PM,1,0,0,Y,Y,134899,0,NOT COLLISION W/MOTOR VEHICLE-TRANSPORT,21,CLEAR,1,DAYLIGHT,30;40,UTILITY POLE;MAIL BOX,WILLOW BOUGH LN & SHUTE LN,OLD HICKORY,TN,37138,9721,HERMIT,36.2317,-86.611,POINT (-86.611 36.2317)
20190047561,01/18/2019 04:50:00 PM,2,1,0,,N,330445,11,Front to Rear,21,CLEAR,1,DAYLIGHT,12,MOTOR VEHICLE IN TRANSPORT,5TH AVS & KOREAN VETERANS BLVD,NASHVILLE,TN,37203,4057,CENTRA,36.157,-86.7762,POINT (-86.7762 36.157)
20190136984,02/19/2019 09:50:00 PM,2,1,0,,N,110090,11,Front to Rear,2,RAIN,3,DARK - LIGHTED,12,MOTOR VEHICLE IN TRANSPORT,CATSPAW DR & OLD HICKORY BLVD,ANTIOCH,TN,37013,8765,SOUTH,36.0111,-86.6318,POINT (-86.6318 36.0111)
20190234492,03/26/2019 11:30:00 AM,2,0,0,,N,628640,11,Front to Rear,21,CLEAR,1,DAYLIGHT,12,MOTOR VEHICLE IN TRANSPORT,MM 53 5 I 24,NASHVILLE,TN,37210,88141,SOUTH,36.1122,-86.7232,POINT (-86.7232 36.1122)
20190033888,01/14/2019 03:34:00 AM,2,0,0,,N,299254,5,SIDESWIPE - SAME DIRECTION,21,CLEAR,2,DARK - NOT LIGHTED,1;12;14,MOTOR VEHICLE IN TRANSPORT;PARKED MOTOR VEHICLE,MM 60 1 I 24,ANTIOCH,TN,37013,88060,SOUTH,36.0397,-86.6491,POINT (-86.6491 36.0397)
20190540094,07/19/2019 12:12:00 PM,2,0,0,,Y,212330,3,REAR-TO-REAR,21,CLEAR,1,DAYLIGHT,12;14,MOTOR VEHICLE IN TRANSPORT;PARKED MOTOR VEHICLE,ANTIOCH PKE & CHEROKEE PL,ANTIOCH,TN,37013,8899,SOUTH,36.0804,-86.6857,POINT (-86.6857 36.0804)
20190037213,01/15/2019 07:30:00 AM,2,0,0,,N,676834,5,SIDESWIPE - SAME DIRECTION,22,CLOUDY,1,DAYLIGHT,12,MOTOR VEHICLE IN TRANSPORT,MM 87 2 I 65,NASHVILLE,TN,37207,18020,EAST,36.2054,-86.7764,POINT (-86.7764 36.2054)
20190436969,06/08/2019 03:50:00 PM,2,0,0,,N,330444,5,SIDESWIPE - SAME DIRECTION,21,CLEAR,1,DAYLIGHT,12,MOTOR VEHICLE IN TRANSPORT,BROADWAY & WEST END AV,NASHVILLE,TN,37203,5701,MIDTOW,36.1543,-86.7929,POINT (-86.7929 36.1543)
20190186912,03/09/2019 02:21:00 PM,2,0,0,,N,279208,5,SIDESWIPE - SAME DIRECTION,2,RAIN,1,DAYLIGHT,12,MOTOR VEHICLE IN TRANSPORT,16TH AVS & MCGAVOCK ST,NASHVILLE,TN,37203,5701,MIDTOW,36.153,-86.792,POINT (-86.792 36.153)
20190098013,02/05/2019 08:15:00 PM,2,3,0,,N,212330,6,SIDESWIPE - OPPOSITE DIRECTION,22,CLOUDY,3,DARK - LIGHTED,12,MOTOR VEHICLE IN TRANSPORT,EAST THOMPSON LN & MURFREESBORO PKE,NASHVILLE,TN,37217,8879,SOUTH,36.1267,-86.7111,POINT (-86.7111 36.1267)
20190120070,02/13/2019 05:32:00 PM,2,0,0,,N,256426,4,ANGLE,21,CLEAR,3,DARK - LIGHTED,12,MOTOR VEHICLE IN TRANSPORT,LEBANON PKE & MCGAVOCK PKE,NASHVILLE,TN,37214,9201,HERMIT,36.1694,-86.6799,POINT (-86.6799 36.1694)
20190372153,05/15/2019 01:51:00 PM,2,0,0,,N,161952,4,ANGLE,22,CLOUDY,1,DAYLIGHT,12,MOTOR VEHICLE IN TRANSPORT,JUDD DR & LUNN DR,NASHVILLE,TN,37218,3145,NORTH,36.2223,-86.85,POINT (-86.85 36.2223)
20190495573,07/01/2019 11:58:00 AM,2,0,0,,N,267831,11,Front to Rear,21,CLEAR,1,DAYLIGHT,12,MOTOR VEHICLE IN TRANSPORT,OLD HICKORY BLVD & MIDDLETON PARK LN,NASHVILLE,TN,37215,6205,WEST,36.0503,-86.8747,POINT (-86.8747 36.0503)
20190306540,04/21/2019 01:30:00 PM,2,0,0,,Y,262757,4,ANGLE,21,CLEAR,1,DAYLIGHT,12,MOTOR VEHICLE IN TRANSPORT,FAIN ST & CHARLES E DAVIS BLVD,NASHVILLE,TN,37210,8205,HERMIT,36.1521,-86.762,POINT (-86.762 36.1521)
20190529382,07/15/2019 03:58:00 PM,2,0,0,,Y,320585,4,ANGLE,21,CLEAR,1,DAYLIGHT,14,PARKED MOTOR VEHICLE,LEBANON PKE & SPENCE LN,NASHVILLE,TN,37210,9019,HERMIT,36.1537,-86.7214,POINT (-86.7214 36.1537)
20190400957,05/25/2019 12:00:00 AM,1,0,0,,Y,298868,0,NOT COLLISION W/MOTOR VEHICLE-TRANSPORT,21,CLEAR,3,DARK - LIGHTED,37,Other Traffic Barrier,SAWYER BROWN RD & ESTERBROOK DR,NASHVILLE,TN,37221,4815,WEST,36.0822,-86.9442,POINT (-86.9442 36.0822)
20190207615,03/17/2019 10:02:00 AM,2,0,0,,N,755026,11,Front to Rear,21,CLEAR,1,DAYLIGHT,12,MOTOR VEHICLE IN TRANSPORT,MM 52 2 I 24,NASHVILLE,TN,37217,8816,SOUTH,36.1359,-86.7267,POINT (-86.7267 36.1359)
20190463469,06/18/2019 09:24:00 PM,2,1,0,,Y,110090,4,ANGLE,21,CLEAR,3,DARK - LIGHTED,12,MOTOR VEHICLE IN TRANSPORT,MURFREESBORO PKE & FOREST VIEW DR,ANTIOCH,TN,37013,8865,SOUTH,36.0674,-86.6313,POINT (-86.6313 36.0674)
20190176164,03/05/2019 11:36:00 PM,2,1,0,,N,110090,4,ANGLE,21,CLEAR,3,DARK - LIGHTED,1;12,MOTOR VEHICLE IN TRANSPORT,BELL RD & THE OVERLOOK PVTDR,ANTIOCH,TN,37013,8865,SOUTH,36.056,-86.6421,POINT (-86.6421 36.056)
20190030476,01/12/2019 02:23:00 PM,2,0,0,,Y,279113,98,OTHER,2,RAIN,1,DAYLIGHT,12,MOTOR VEHICLE IN TRANSPORT,EDGE O LAKE DR & MURFREESBORO PKE,NASHVILLE,TN,37217,8939,HERMIT,36.0797,-86.6443,POINT (-86.6443 36.0797)
20190200855,03/14/2019 05:30:00 PM,2,0,0,,N,212330,11,Front to Rear,22,CLOUDY,1,DAYLIGHT,12,MOTOR VEHICLE IN TRANSPORT,MURFREESBORO PKE & MILLWOOD DR,NASHVILLE,TN,37217,8815,HERMIT,36.1295,-86.7147,POINT (-86.7147 36.1295)
20190410239,05/29/2019 01:20:00 PM,2,0,0,,N,714641,5,SIDESWIPE - SAME DIRECTION,21,CLEAR,1,DAYLIGHT,12,MOTOR VEHICLE IN TRANSPORT,DEMONBREUN ST & 12TH AVS,NASHVILLE,TN,37203,4015,CENTRA,36.1545,-86.7865,POINT (-86.7865 36.1545)
20190516829,07/10/2019 09:45:00 AM,2,0,0,,N,226622,11,Front to Rear,22,CLOUDY,1,DAYLIGHT,12,MOTOR VEHICLE IN TRANSPORT,MM 195 8 I 40,NASHVILLE,TN,37221,4704,WEST,36.0771,-86.9653,POINT (-86.9653 36.0771)
20190088794,02/02/2019 08:10:00 AM,2,0,0,,N,320601,4,ANGLE,22,CLOUDY,1,DAYLIGHT,12,MOTOR VEHICLE IN TRANSPORT,I440 W EXT RAMP & I 440,NASHVILLE,TN,37210,8101,SOUTH,36.1239,-86.7486,POINT (-86.7486 36.1239)
20190335065,05/01/2019 12:30:00 PM,2,1,0,,N,279227,5,SIDESWIPE - SAME DIRECTION,21,CLEAR,1,DAYLIGHT,12,MOTOR VEHICLE IN TRANSPORT,MM 62 1 I 24,ANTIOCH,TN,37013,8806,SOUTH,36.0195,-86.626,POINT (-86.626 36.0195)
20190433539,06/07/2019 07:19:00 AM,3,1,0,,N,226622,11,Front to Rear,2,RAIN,1,DAYLIGHT,12,MOTOR VEHICLE IN TRANSPORT,HIGHWAY 100 & NATCHEZ TRACE PKWY EXT RAM,NASHVILLE,TN,37221,4805,WEST,36.0346,-86.9729,POINT (-86.9729 36.0346)
20190265288,04/06/2019 01:31:00 PM,2,0,0,,N,902543,5,SIDESWIPE - SAME DIRECTION,21,CLEAR,1,DAYLIGHT,12,MOTOR VEHICLE IN TRANSPORT,MAIN ST & SPRING ST,NASHVILLE,TN,37206,1997,EAST,36.1728,-86.7653,POINT (-86.7653 36.1728)
20190468237,06/20/2019 01:21:00 PM,2,0,0,,N,716886,11,Front to Rear,21,CLEAR,1,DAYLIGHT,12,MOTOR VEHICLE IN TRANSPORT,NOLENSVILLE PKE & OLD HICKORY BLVD,NASHVILLE,TN,37211,8717,SOUTH,36.0454,-86.7133,POINT (-86.7133 36.0454)
20190366778,05/13/2019 07:07:00 PM,2,0,0,,N,256383,4,ANGLE,22,CLOUDY,1,DAYLIGHT,12,MOTOR VEHICLE IN TRANSPORT,MURFREESBORO PKE & NASHBORO BLVD,ANTIOCH,TN,37013,8891,SOUTH,36.0869,-86.6487,POINT (-86.6487 36.0869)
20190083696,01/31/2019 02:49:00 PM,2,3,0,,N,725756,11,Front to Rear,21,CLEAR,1,DAYLIGHT,12,MOTOR VEHICLE IN TRANSPORT,I40 E ENT RAMP & I 40,NASHVILLE,TN,37205,4903,WEST,36.1109,-86.922,POINT (-86.922 36.1109)
20190116031,02/12/2019 01:00:00 PM,2,0,0,,N,226622,2,HEAD-ON,22,CLOUDY,1,DAYLIGHT,12,MOTOR VEHICLE IN TRANSPORT,HIGHWAY 70S & COLICE JEANNE RD,NASHVILLE,TN,37221,4811,WEST,36.074,-86.9353,POINT (-86.9353 36.074)
20190262501,04/05/2019 11:20:00 AM,2,1,0,,N,716886,11,Front to Rear,21,CLEAR,1,DAYLIGHT,12,MOTOR VEHICLE IN TRANSPORT,I24E & I24 W ENT RAMP,NASHVILLE,TN,37210,82061,HERMIT,36.1386,-86.7273,POINT (-86.7273 36.1386)
20190077687,01/29/2019 12:00:00 AM,4,0,0,,N,279118,11,Front to Rear,21,CLEAR,2,DARK - NOT LIGHTED,14,PARKED MOTOR VEHICLE,FAULKNER DR & LEOPOLE RD,NASHVILLE,TN,37211,8703,SOUTH,36.0759,-86.7115,POINT (-86.7115 36.0759)