Accident Number,Date and Time,Number of Motor Vehicles,Number of Injuries,Number of Fatalities,Property Damage,Hit and Run,Reporting Officer,Collision Type Code,Collision Type Description,Weather Code,Weather Description,Illumination Code,Illumination Description,Harmful Code,Harmful Code Description,Street Address,City,State,ZIP,RPA,Precinct,Latitude,Longitude,Mapped Location
20190580830,08/05/2019 07:07:00 AM,2,0,0,,N,140808,11,Front to Rear,21,CLEAR,1,DAYLIGHT,12,MOTOR VEHICLE IN TRANSPORT,MCMURRAY DR & EDMONDSON PKE,NASHVILLE,TN,37211,8657,MIDTOW,36.0547,-86.7416,POINT (-86.7416 36.0547)
20190231784,03/25/2019 04:15:00 PM,2,1,0,,N,420040,4,ANGLE,22,CLOUDY,1,DAYLIGHT,12,MOTOR VEHICLE IN TRANSPORT,16TH AVS & HORTON AV,NASHVILLE,TN,37212,6621,MIDTOW,36.1403,-86.7944,POINT (-86.7944 36.1403)
20190018338,01/08/2019 07:38:00 AM,2,0,0,,N,311799,11,Front to Rear,22,CLOUDY,1,DAYLIGHT,12,MOTOR VEHICLE IN TRANSPORT,DUE WEST AVW & BRIARVILLE RD,MADISON,TN,37115,1791,MADISO,36.2493,-86.7361,POINT (-86.7361 36.2493)
20190015685,01/07/2019 07:10:00 AM,2,0,0,,N,716886,5,SIDESWIPE - SAME DIRECTION,21,CLEAR,1,DAYLIGHT,12,MOTOR VEHICLE IN TRANSPORT,J P HENNESSY DR & CORPORATE PL,ANTIOCH,TN,37013,8869,SOUTH,36.0158,-86.6001,POINT (-86.6001 36.0158)
20190159725,02/27/2019 07:00:00 PM,2,0,0,,N,633391,5,SIDESWIPE - SAME DIRECTION,22,CLOUDY,3,DARK - LIGHTED,12,MOTOR VEHICLE IN TRANSPORT,I40 E EXT RAMP & I 40,NASHVILLE,TN,37214,8955,HERMIT,36.155,-86.6271,POINT (-86.6271 36.155)
20190402447,05/26/2019 03:21:00 PM,2,0,0,,N,887598,4,ANGLE,21,CLEAR,1,DAYLIGHT,12,MOTOR VEHICLE IN TRANSPORT,BRICK CHURCH PKE & I65 S EXT RAMP,NASHVILLE,TN,37207,3021,NORTH,36.207,-86.7779,POINT (-86.7779 36.207)
20190548172,07/23/2019 01:16:00 AM,1,0,0,Y,Y,311341,0,NOT COLLISION W/MOTOR VEHICLE-TRANSPORT,22,CLOUDY,3,DARK - LIGHTED,31;36;72,"OTHER POST, POLE, SUPP.;CONCRETE TRAFFIC BARRIER;EMBANKMENT ROCK/STONE/CONCRETE",MURPHY RD & I440 E EXT RAMP,NASHVILLE,TN,37205,5249,WEST,36.1398,-86.8237,POINT (-86.8237 36.1398)
20190165010,03/01/2019 05:50:00 PM,3,0,0,,N,256384,11,Front to Rear,21,CLEAR,3,DARK - LIGHTED,12,MOTOR VEHICLE IN TRANSPORT,I24E & I24 W EXT RAMP,NASHVILLE,TN,37210,8102,SOUTH,36.1336,-86.7269,POINT (-86.7269 36.1336)
20190534029,07/17/2019 09:09:00 AM,3,1,0,,N,474557,4,ANGLE,2,RAIN,1,DAYLIGHT,12,MOTOR VEHICLE IN TRANSPORT,WALLACE RD & RECOVERY RD,NASHVILLE,TN,37211,8701,SOUTH,36.0791,-86.7206,POINT (-86.7206 36.0791)
20190130594,02/17/2019 07:29:00 PM,2,1,0,,N,179583,11,Front to Rear,2,RAIN,2,DARK - NOT LIGHTED,12,MOTOR VEHICLE IN TRANSPORT,PARAGON MILLS RD & DAWN DR,NASHVILLE,TN,37211,8419,SOUTH,36.0875,-86.7127,POINT (-86.7127 36.0875)
20190551707,07/24/2019 07:58:00 AM,2,0,0,,N,224797,11,Front to Rear,21,CLEAR,1,DAYLIGHT,12,MOTOR VEHICLE IN TRANSPORT,MM 205 5 I 40,NASHVILLE,TN,37209,52040,WEST,36.1549,-86.8305,POINT (-86.8305 36.1549)
20190006744,01/03/2019 01:16:00 PM,1,1,0,,N,716886,0,NOT COLLISION W/MOTOR VEHICLE-TRANSPORT,22,CLOUDY,1,DAYLIGHT,1;24;34,GUARDRAIL FACE;DITCH,EAST THOMPSON LN & LAWNDALE DR,NASHVILLE,TN,37217,8879,SOUTH,36.1223,-86.7176,POINT (-86.7176 36.1223)
20190212913,03/19/2019 07:29:00 AM,2,0,0,,N,462474,11,Front to Rear,21,CLEAR,1,DAYLIGHT,12,MOTOR VEHICLE IN TRANSPORT,MM 74 8 I 65,NASHVILLE,TN,37220,7111,MIDTOW,36.0417,-86.7824,POINT (-86.7824 36.0417)
20190427806,06/05/2019 04:40:00 AM,1,0,0,,N,824608,0,NOT COLLISION W/MOTOR VEHICLE-TRANSPORT,22,CLOUDY,2,DARK - NOT LIGHTED,50,DEER (ANIMAL),HOBSON PKE & WALKER RD,HERMITAGE,TN,37076,8909,SOUTH,36.0882,-86.5623,POINT (-86.5623 36.0882)
20190520576,07/11/2019 06:21:00 PM,2,0,0,,Y,256383,5,SIDESWIPE - SAME DIRECTION,21,CLEAR,1,DAYLIGHT,12,MOTOR VEHICLE IN TRANSPORT,NOLENSVILLE PKE & HARDING PL,NASHVILLE,TN,37211,8501,MIDTOW,36.0807,-86.7267,POINT (-86.7267 36.0807)
20190262298,04/05/2019 09:50:00 AM,2,1,0,,N,330411,11,Front to Rear,21,CLEAR,1,DAYLIGHT,12,MOTOR VEHICLE IN TRANSPORT,HILLSBORO PKE & GRAYBAR LN,NASHVILLE,TN,37215,6105,WEST,36.1112,-86.8113,POINT (-86.8113 36.1112)
20190312477,04/23/2019 10:22:00 AM,2,3,0,,N,693093,5,SIDESWIPE - SAME DIRECTION,21,CLEAR,1,DAYLIGHT,12,MOTOR VEHICLE IN TRANSPORT,GALLATIN PKEN & W MONTICELLO AV,MADISON,TN,37115,1719,MADISO,36.2868,-86.7054,POINT (-86.7054 36.2868)
20190211255,03/18/2019 07:08:00 PM,1,1,0,,Y,330435,0,NOT COLLISION W/MOTOR VEHICLE-TRANSPORT,21,CLEAR,3,DARK - LIGHTED,1,,MM 87 8 I 65,NASHVILLE,TN,37207,1804,EAST,36.2138,-86.7754,POINT (-86.7754 36.2138)
20190184978,03/08/2019 06:07:00 PM,2,0,0,,N,240970,11,Front to Rear,2,RAIN,3,DARK - LIGHTED,12,MOTOR VEHICLE IN TRANSPORT,MM 58 0 I 24,ANTIOCH,TN,37013,88080,SOUTH,36.0584,-86.678,POINT (-86.678 36.0584)
20190482665,06/26/2019 10:15:00 AM,2,0,0,,N,716886,11,Front to Rear,21,CLEAR,1,DAYLIGHT,12,MOTOR VEHICLE IN TRANSPORT,OLD HICKORY BLVD & BELL RD,HERMITAGE,TN,37076,9545,HERMIT,36.1613,-86.5971,POINT (-86.5971 36.1613)
20190087151,02/01/2019 04:48:00 PM,3,2,0,,N,876597,2,HEAD-ON,21,CLEAR,1,DAYLIGHT,12,MOTOR VEHICLE IN TRANSPORT,FRANKLIN LIMESTONE RD & MURFREESBORO PKE,NASHVILLE,TN,37217,8853,SOUTH,36.0944,-86.6534,POINT (-86.6534 36.0944)
20190323799,04/26/2019 08:00:00 PM,2,0,0,,Y,311338,5,SIDESWIPE - SAME DIRECTION,22,CLOUDY,2,DARK - NOT LIGHTED,14,PARKED MOTOR VEHICLE,HERMOSA ST & 19TH AVN,NASHVILLE,TN,37208,5331,NORTH,36.1642,-86.805,POINT (-86.805 36.1642)
20190341413,05/03/2019 07:09:00 PM,2,2,0,,N,579971,4,ANGLE,21,CLEAR,5,DUSK,12,MOTOR VEHICLE IN TRANSPORT,BELL FORGE LNE & BELL RD,ANTIOCH,TN,37013,8865,SOUTH,36.0505,-86.6468,POINT (-86.6468 36.0505)
20190488156,06/28/2019 08:25:00 AM,2,0,0,,N,352189,11,Front to Rear,21,CLEAR,1,DAYLIGHT,12,MOTOR VEHICLE IN TRANSPORT,THOMPSON LN & SIDCO DR,NASHVILLE,TN,37204,8525,MIDTOW,36.1112,-86.7559,POINT (-86.7559 36.1112)
20190184196,03/08/2019 12:09:00 PM,2,0,0,,N,405447,4,ANGLE,2,RAIN,1,DAYLIGHT,12,MOTOR VEHICLE IN TRANSPORT,ALLIED DR & VULCAN DR,NASHVILLE,TN,37211,8511,MIDTOW,36.0963,-86.7453,POINT (-86.7453 36.0963)
20190248321,03/31/2019 12:56:00 PM,2,0,0,,N,298878,11,Front to Rear,21,CLEAR,1,DAYLIGHT,12,MOTOR VEHICLE IN TRANSPORT,CHURCH ST & 3RD AVN,NASHVILLE,TN,37201,4137,CENTRA,36.1642,-86.7777,POINT (-86.7777 36.1642)
20190158589,02/27/2019 12:15:00 PM,2,0,0,,Y,665896,4,ANGLE,21,CLEAR,1,DAYLIGHT,12,MOTOR VEHICLE IN TRANSPORT,LEMONT DR & JOYCE LN,NASHVILLE,TN,37216,1803,EAST,36.2332,-86.7436,POINT (-86.7436 36.2332)
20190368213,05/14/2019 07:59:00 AM,4,0,0,,N,320574,11,Front to Rear,21,CLEAR,1,DAYLIGHT,12,MOTOR VEHICLE IN TRANSPORT,MM 212 7 I 40,NASHVILLE,TN,37210,82060,HERMIT,36.143,-86.737,POINT (-86.737 36.143)
20190291282,04/16/2019 07:06:00 AM,2,0,0,,N,191578,5,SIDESWIPE - SAME DIRECTION,21,CLEAR,1,DAYLIGHT,12,MOTOR VEHICLE IN TRANSPORT,MM 220 5 I 40,HERMITAGE,TN,37076,89042,HERMIT,36.1691,-86.6064,POINT (-86.6064 36.1691)
20190562064,07/28/2019 01:55:00 PM,2,0,0,,N,311339,4,ANGLE,21,CLEAR,1,DAYLIGHT,12,MOTOR VEHICLE IN TRANSPORT,PEABODY ST & 6TH AVS,NASHVILLE,TN,37203,4039,CENTRA,36.1549,-86.7767,POINT (-86.7767 36.1549)
20190262857,04/05/2019 01:49:00 PM,2,2,0,,N,226136,11,Front to Rear,22,CLOUDY,1,DAYLIGHT,12,MOTOR VEHICLE IN TRANSPORT,MM 82 1 I 65,NASHVILLE,TN,37203,80061,MIDTOW,36.1449,-86.777,POINT (-86.777 36.1449)
20190499637,07/02/2019 08:46:00 PM,2,0,0,,Y,256448,4,ANGLE,21,CLEAR,3,DARK - LIGHTED,12;14,MOTOR VEHICLE IN TRANSPORT;PARKED MOTOR VEHICLE,2600 ELM HILL PKE,NASHVILLE,TN,37214,9105,HERMIT,36.1517,-86.6768,POINT (-86.6768 36.1517)
20190407942,05/28/2019 06:20:00 PM,2,0,0,,Y,714641,4,ANGLE,21,CLEAR,1,DAYLIGHT,12;15,MOTOR VEHICLE IN TRANSPORT;OTHER TYPE NON-MOTORIST,5TH AVN & CHURCH ST,NASHVILLE,TN,37219,4141,CENTRA,36.1634,-86.7803,POINT (-86.7803 36.1634)
20190575996,08/02/2019 08:44:00 PM,2,0,0,,N,240955,11,Front to Rear,2,RAIN,3,DARK - LIGHTED,12,MOTOR VEHICLE IN TRANSPORT,MM 58 8 I 24,ANTIOCH,TN,37013,87061,SOUTH,36.0506,-86.6683,POINT (-86.6683 36.0506)
20190264871,04/06/2019 07:52:00 AM,2,0,0,,N,584947,11,Front to Rear,21,CLEAR,1,DAYLIGHT,12,MOTOR VEHICLE IN TRANSPORT,NOLENSVILLE PKE & HARDING PL,NASHVILLE,TN,37211,8445,SOUTH,36.0809,-86.7267,POINT (-86.7267 36.0809)
20190488824,06/28/2019 01:32:00 PM,2,0,0,,N,462474,11,Front to Rear,21,CLEAR,1,DAYLIGHT,12,MOTOR VEHICLE IN TRANSPORT,OLD HICKORY BLVD & BRENTWOOD MEADOWS CIR,BRENTWOOD,TN,37027,8621,MIDTOW,36.0411,-86.7464,POINT (-86.7464 36.0411)
20190265923,04/06/2019 07:40:00 PM,2,1,0,,N,212338,2,HEAD-ON,21,CLEAR,1,DAYLIGHT,12;6,MOTOR VEHICLE IN TRANSPORT,NOLENSVILLE PKE & ELYSIAN FIELDS CT,NASHVILLE,TN,37211,8501,MIDTOW,36.0869,-86.7302,POINT (-86.7302 36.0869)
20190279359,04/11/2019 04:50:00 PM,2,1,0,,N,256424,4,ANGLE,21,CLEAR,1,DAYLIGHT,12,MOTOR VEHICLE IN TRANSPORT,PRIEST LAKE DR & CLEARLAKE DRE,NASHVILLE,TN,37217,8983,HERMIT,36.0982,-86.608,POINT (-86.608 36.0982)
20190236873,03/27/2019 07:52:00 AM,2,0,0,,N,676834,11,Front to Rear,21,CLEAR,1,DAYLIGHT,12,MOTOR VEHICLE IN TRANSPORT,BRILEY PKWYS & ASHLAND CITY HWY,NASHVILLE,TN,37218,3206,NORTH,36.2091,-86.8715,POINT (-86.8715 36.2091)
20190479389,06/25/2019 07:00:00 AM,3,0,0,,N,191578,11,Front to Rear,21,CLEAR,1,DAYLIGHT,12,MOTOR VEHICLE IN TRANSPORT,LEBANON PKE & BRILEY PKWY S EXT RAMP,NASHVILLE,TN,37214,9027,HERMIT,36.1682,-86.6899,POINT (-86.6899 36.1682)
20190173847,03/05/2019 06:59:00 AM,2,0,0,,Y,676834,5,SIDESWIPE - SAME DIRECTION,21,CLEAR,1,DAYLIGHT,14,PARKED MOTOR VEHICLE,BRILEY PKWYE & BRILEY PKWYW,NASHVILLE,TN,37207,20120,MADISO,36.2396,-86.7751,POINT (-86.7751 36.2396)
20190334543,05/01/2019 09:00:00 AM,2,0,0,,N,137872,11,Front to Rear,21,CLEAR,1,DAYLIGHT,12,MOTOR VEHICLE IN TRANSPORT,ROYAL PKWY & DONELSON PKE,NASHVILLE,TN,37214,9103,HERMIT,36.1463,-86.6689,POINT (-86.6689 36.1463)
20190564504,07/29/2019 03:03:00 PM,2,0,0,,N,256383,4,ANGLE,21,CLEAR,1,DAYLIGHT,12,MOTOR VEHICLE IN TRANSPORT,MURFREESBORO PKE & BELL RD,ANTIOCH,TN,37013,8865,SOUTH,36.072,-86.636,POINT (-86.636 36.072)
20190434855,06/07/2019 05:09:00 PM,3,0,0,,N,212338,11,Front to Rear,2,RAIN,1,DAYLIGHT,12,MOTOR VEHICLE IN TRANSPORT,OVERHILL DR & HILLSBORO PKE,NASHVILLE,TN,37215,6405,MIDTOW,36.1009,-86.8187,POINT (-86.8187 36.1009)
20190049430,01/19/2019 12:51:00 PM,2,0,0,,Y,156307,11,Front to Rear,2,RAIN,1,DAYLIGHT,12;24,MOTOR VEHICLE IN TRANSPORT;GUARDRAIL FACE,MM 86 3 I 65,NASHVILLE,TN,37207,1910,CENTRA,36.1919,-86.7808,POINT (-86.7808 36.1919)
20190077427,01/29/2019 06:14:00 PM,2,0,0,,N,298867,4,ANGLE,21,CLEAR,3,DARK - LIGHTED,12,MOTOR VEHICLE IN TRANSPORT,GALLATIN PKE & E TRINITY LN,NASHVILLE,TN,37216,1837,EAST,36.205,-86.7376,POINT (-86.7376 36.205)
20190241258,03/28/2019 05:04:00 PM,3,0,0,,N,330428,11,Front to Rear,21,CLEAR,1,DAYLIGHT,12,MOTOR VEHICLE IN TRANSPORT,OLD HICKORY BLVD & CHICKERING RD,NASHVILLE,TN,37221,6215,WEST,36.0505,-86.8767,POINT (-86.8767 36.0505)
20190060823,01/23/2019 11:00:00 PM,2,0,0,,N,769384,5,SIDESWIPE - SAME DIRECTION,2,RAIN,3,DARK - LIGHTED,12,MOTOR VEHICLE IN TRANSPORT,CHARLOTTE AV & 3RD AVN,NASHVILLE,TN,37201,4161,CENTRA,36.1668,-86.7797,POINT (-86.7797 36.1668)
20190475251,06/23/2019 02:56:00 PM,2,2,0,Y,N,887598,4,ANGLE,21,CLEAR,1,DAYLIGHT,12,MOTOR VEHICLE IN TRANSPORT,ASHLAND CITY HWY & ASHLAND CITY HWY WB E,NASHVILLE,TN,37218,3201,NORTH,36.2101,-86.8731,POINT (-86.8731 36.2101)
20190284039,04/13/2019 01:30:00 PM,2,1,0,,N,279227,11,Front to Rear,21,CLEAR,1,DAYLIGHT,12,MOTOR VEHICLE IN TRANSPORT,I24E & I24 W EXT RAMP,NASHVILLE,TN,37210,8102,SOUTH,36.1336,-86.7269,POINT (-86.7269 36.1336)
20190582301,08/05/2019 12:00:00 AM,2,0,0,,Y,717341,11,Front to Rear,21,CLEAR,1,DAYLIGHT,14,PARKED MOTOR VEHICLE,ARTELIA DR & HAWAIIAN VIEW,ANTIOCH,TN,37013,8899,SOUTH,36.0749,-86.6755,POINT (-86.6755 36.0749)
20190025690,01/10/2019 06:37:00 PM,2,0,0,,N,256439,5,SIDESWIPE - SAME DIRECTION,21,CLEAR,3,DARK - LIGHTED,12,MOTOR VEHICLE IN TRANSPORT,BRILEY PKWYS & MUSIC VALLEY DR,NASHVILLE,TN,37214,9284,HERMIT,36.2205,-86.6935,POINT (-86.6935 36.2205)
20190086938,02/01/2019 03:41:00 PM,2,1,0,,N,256383,4,ANGLE,21,CLEAR,1,DAYLIGHT,12,MOTOR VEHICLE IN TRANSPORT,HAMILTON CHURCH RD & MURFREESBORO PKE,ANTIOCH,TN,37013,8865,SOUTH,36.0645,-86.6288,POINT (-86.6288 36.0645)
20190216768,03/20/2019 10:45:00 AM,1,0,0,,N,137982,0,NOT COLLISION W/MOTOR VEHICLE-TRANSPORT,21,CLEAR,1,DAYLIGHT,17,BOULDER,CENTRAL PKE & JAMES KAY LN,HERMITAGE,TN,37076,9511,HERMIT,36.1775,-86.6167,POINT (-86.6167 36.1775)
20190458874,06/17/2019 06:07:00 AM,2,0,0,,N,716886,5,SIDESWIPE - SAME DIRECTION,21,CLEAR,1,DAYLIGHT,12,MOTOR VEHICLE IN TRANSPORT,MURFREESBORO PKE & OLD HICKORY BLVD,ANTIOCH,TN,37013,8867,SOUTH,36.0413,-86.6051,POINT (-86.6051 36.0413)
20190346953,05/06/2019 09:30:00 AM,1,0,0,,N,352209,0,NOT COLLISION W/MOTOR VEHICLE-TRANSPORT,21,CLEAR,1,DAYLIGHT,24,GUARDRAIL FACE,I40 E EXT RAMP & I 40,NASHVILLE,TN,37214,8955,HERMIT,36.155,-86.6271,POINT (-86.6271 36.155)
20190476707,06/24/2019 07:46:00 AM,1,0,0,,N,665896,0,NOT COLLISION W/MOTOR VEHICLE-TRANSPORT,2,RAIN,1,DAYLIGHT,36,CONCRETE TRAFFIC BARRIER,BRILEY PKWYE & BRILEY PKWY E ENT RAMP,NASHVILLE,TN,37216,1503,EAST,36.2342,-86.7203,POINT (-86.7203 36.2342)
20190394164,05/23/2019 11:32:00 AM,1,1,0,,N,580819,0,NOT COLLISION W/MOTOR VEHICLE-TRANSPORT,21,CLEAR,1,DAYLIGHT,8,PEDESTRIAN,2ND AVN & CHURCH ST,NASHVILLE,TN,37201,4133,CENTRA,36.1646,-86.7769,POINT (-86.7769 36.1646)
20190237331,03/27/2019 10:48:00 AM,2,0,0,,N,716886,5,SIDESWIPE - SAME DIRECTION,21,CLEAR,1,DAYLIGHT,12,MOTOR VEHICLE IN TRANSPORT,DONELSON PKE & HARDING PL,NASHVILLE,TN,37217,8841,SOUTH,36.0951,-86.6778,POINT (-86.6778 36.0951)
20190182089,03/07/2019 06:48:00 PM,1,1,0,,Y,151132,0,NOT COLLISION W/MOTOR VEHICLE-TRANSPORT,22,CLOUDY,3,DARK - LIGHTED,8,PEDESTRIAN,GALLATIN PKES & DUE WEST AVW,MADISON,TN,37115,1519,MADISO,36.2475,-86.7207,POINT (-86.7207 36.2475)
20190029067,01/11/2019 08:18:00 PM,1,1,0,,N,311334,0,NOT COLLISION W/MOTOR VEHICLE-TRANSPORT,2,RAIN,3,DARK - LIGHTED,8,PEDESTRIAN,12TH AVS & MCGAVOCK ST,NASHVILLE,TN,37203,4079,CENTRA,36.1556,-86.7868,POINT (-86.7868 36.1556)
20190575801,08/02/2019 08:38:00 PM,2,0,0,Y,N,240960,4,ANGLE,21,CLEAR,3,DARK - LIGHTED,14,PARKED MOTOR VEHICLE,SHARPE AV & GALLATIN AV,NASHVILLE,TN,37206,1319,EAST,36.1891,-86.7455,POINT (-86.7455 36.1891)
20190244839,03/29/2019 07:25:00 PM,2,0,0,Y,Y,320597,4,ANGLE,21,CLEAR,3,DARK - LIGHTED,12,MOTOR VEHICLE IN TRANSPORT,APACHE TRL & CIMARRON WAY,ANTIOCH,TN,37013,8713,SOUTH,36.063,-86.6837,POINT (-86.6837 36.063)
20190581497,08/05/2019 12:00:00 PM,2,0,0,,N,481573,4,ANGLE,21,CLEAR,1,DAYLIGHT,12,MOTOR VEHICLE IN TRANSPORT,19TH AVN & CHURCH ST,NASHVILLE,TN,37203,5513,MIDTOW,36.1546,-86.7991,POINT (-86.7991 36.1546)
20190477064,06/24/2019 11:04:00 AM,2,0,0,,N,462494,11,Front to Rear,2,RAIN,1,DAYLIGHT,12,MOTOR VEHICLE IN TRANSPORT,SHACKLEFORD RD & BELMONT PARK TER,NASHVILLE,TN,37215,6407,MIDTOW,36.1016,-86.805,POINT (-86.805 36.1016)
20190471679,06/21/2019 05:15:00 PM,3,1,0,,Y,299266,11,Front to Rear,21,CLEAR,1,DAYLIGHT,12,MOTOR VEHICLE IN TRANSPORT,MURFREESBORO PKE & SMITH SPRINGS RD,NASHVILLE,TN,37217,8849,SOUTH,36.0962,-86.6556,POINT (-86.6556 36.0962)
20190418203,06/01/2019 12:00:00 AM,2,0,0,,Y,493304,5,SIDESWIPE - SAME DIRECTION,21,CLEAR,9,UNKNOWN,12;14,MOTOR VEHICLE IN TRANSPORT;PARKED MOTOR VEHICLE,QUEEN ANNE DR & E OLD HICKORY BLVD,MADISON,TN,37115,1635,MADISO,36.2618,-86.6816,POINT (-86.6816 36.2618)
20190187440,03/09/2019 08:05:00 PM,2,1,0,,N,320597,6,SIDESWIPE - OPPOSITE DIRECTION,2,RAIN,3,DARK - LIGHTED,12,MOTOR VEHICLE IN TRANSPORT,BELL RD & BEECHWOOD TER,ANTIOCH,TN,37013,8753,SOUTH,36.0449,-86.6684,POINT (-86.6684 36.0449)
20190234669,03/26/2019 01:14:00 PM,2,1,0,,N,191578,4,ANGLE,21,CLEAR,1,DAYLIGHT,12,MOTOR VEHICLE IN TRANSPORT,CENTRAL PKE & BURNING TREE DR,HERMITAGE,TN,37076,9557,HERMIT,36.1728,-86.6008,POINT (-86.6008 36.1728)
20190018883,01/08/2019 11:38:00 AM,2,0,0,,Y,620072,11,Front to Rear,21,CLEAR,1,DAYLIGHT,12,MOTOR VEHICLE IN TRANSPORT,21ST AVS & BROADWAY,NASHVILLE,TN,37203,5713,MIDTOW,36.1484,-86.7993,POINT (-86.7993 36.1484)
20190397400,05/24/2019 12:07:00 PM,2,0,0,,N,225777,11,Front to Rear,21,CLEAR,1,DAYLIGHT,12,MOTOR VEHICLE IN TRANSPORT,WHITE BRIDGE PKE & NASHVILLE TECH PVTDR,NASHVILLE,TN,37209,5107,WEST,36.1372,-86.8579,POINT (-86.8579 36.1372)
20190543608,07/21/2019 01:10:00 AM,2,1,0,,N,299270,4,ANGLE,21,CLEAR,3,DARK - LIGHTED,12,MOTOR VEHICLE IN TRANSPORT,18TH AVN & CHURCH ST,NASHVILLE,TN,37203,5521,MIDTOW,36.155,-86.7975,POINT (-86.7975 36.155)
20190326780,04/28/2019 02:17:00 PM,2,1,0,,N,591936,11,Front to Rear,21,CLEAR,1,DAYLIGHT,12,MOTOR VEHICLE IN TRANSPORT,CHARLOTTE PKE & WESTBORO DR,NASHVILLE,TN,37209,5027,WEST,36.1459,-86.871,POINT (-86.871 36.1459)
20190366342,05/13/2019 03:08:00 PM,2,0,0,,N,256446,11,Front to Rear,21,CLEAR,1,DAYLIGHT,12,MOTOR VEHICLE IN TRANSPORT,I24 W ENT RAMP & I 24,NASHVILLE,TN,37206,1009,EAST,36.1666,-86.7638,POINT (-86.7638 36.1666)
20190504946,07/04/2019 08:38:00 PM,2,0,0,,N,298863,4,ANGLE,21,CLEAR,7,Dark-Unknown Lighting,12,MOTOR VEHICLE IN TRANSPORT,0 CHARLOTTE AV,NASHVILLE,TN,37203,5357,NORTH,36.158,-86.8005,POINT (-86.8005 36.158)
20190395139,05/23/2019 05:34:00 PM,2,0,0,,N,256424,11,Front to Rear,21,CLEAR,1,DAYLIGHT,12,MOTOR VEHICLE IN TRANSPORT,BELL RD & PRIEST WOODS DR,NASHVILLE,TN,37214,8989,HERMIT,36.1275,-86.6296,POINT (-86.6296 36.1275)
20190468835,06/20/2019 03:43:00 PM,3,0,0,,N,256383,11,Front to Rear,21,CLEAR,1,DAYLIGHT,12,MOTOR VEHICLE IN TRANSPORT,MM 56 4 I 24,NASHVILLE,TN,37211,8810,SOUTH,36.0776,-86.6947,POINT (-86.6947 36.0776)
20190453132,06/14/2019 04:00:00 PM,2,0,0,,N,320580,5,SIDESWIPE - SAME DIRECTION,21,CLEAR,1,DAYLIGHT,12,MOTOR VEHICLE IN TRANSPORT,BRILEY PKWY S EXT RAMP & BRILEY PKWYS,NASHVILLE,TN,37214,9209,HERMIT,36.1924,-86.6874,POINT (-86.6874 36.1924)
20190510220,07/07/2019 10:07:00 AM,2,0,0,,Y,279230,11,Front to Rear,21,CLEAR,1,DAYLIGHT,12,MOTOR VEHICLE IN TRANSPORT,MM 55 5 I 24,NASHVILLE,TN,37211,8812,SOUTH,36.0886,-86.7019,POINT (-86.7019 36.0886)
20190183891,03/08/2019 09:50:00 AM,2,0,0,,N,676834,11,Front to Rear,2,RAIN,1,DAYLIGHT,12,MOTOR VEHICLE IN TRANSPORT,I24 E EXT RAMP & I 24,NASHVILLE,TN,37207,30080,NORTH,36.2378,-86.7872,POINT (-86.7872 36.2378)
20190339006,05/02/2019 10:24:00 PM,1,0,0,,N,197435,0,NOT COLLISION W/MOTOR VEHICLE-TRANSPORT,21,CLEAR,3,DARK - LIGHTED,39,WALL,BRILEY PKWY E ENT RAMP & BRILEY PKWY E E,NASHVILLE,TN,37218,3109,NORTH,36.2278,-86.8367,POINT (-86.8367 36.2278)
20190564277,07/29/2019 12:57:00 PM,2,1,0,,N,665896,4,ANGLE,21,CLEAR,1,DAYLIGHT,12,MOTOR VEHICLE IN TRANSPORT,GREENWOOD AV & RIVERSIDE DR,NASHVILLE,TN,37206,1367,EAST,36.188,-86.7255,POINT (-86.7255 36.188)
20190511854,07/08/2019 07:19:00 AM,2,0,0,,N,226622,11,Front to Rear,21,CLEAR,1,DAYLIGHT,12,MOTOR VEHICLE IN TRANSPORT,I40 E ENT RAMP & I 40,NASHVILLE,TN,37205,4903,WEST,36.1109,-86.922,POINT (-86.922 36.1109)
20190100480,02/06/2019 02:20:00 PM,3,0,0,,N,716886,11,Front to Rear,2,RAIN,1,DAYLIGHT,12,MOTOR VEHICLE IN TRANSPORT,PRESTON RD & OLD FRANKLIN RD,ANTIOCH,TN,37013,8753,SOUTH,36.0335,-86.6612,POINT (-86.6612 36.0335)
20190057381,01/22/2019 05:39:00 PM,2,0,0,,N,151132,2,HEAD-ON,22,CLOUDY,3,DARK - LIGHTED,12,MOTOR VEHICLE IN TRANSPORT,GALLATIN PKES & BERKLEY DR,MADISON,TN,37115,1519,MADISO,36.247,-86.721,POINT (-86.721 36.247)
20190248748,03/31/2019 05:53:00 PM,2,1,0,,N,693098,11,Front to Rear,21,CLEAR,1,DAYLIGHT,12;5,MOTOR VEHICLE IN TRANSPORT,VAUGHN RD & GAUCHO ROAD PVTDR,NASHVILLE,TN,37221,6213,WEST,36.0517,-86.901,POINT (-86.901 36.0517)
20190402585,05/26/2019 02:40:00 PM,2,1,0,Y,N,433550,6,SIDESWIPE - OPPOSITE DIRECTION,21,CLEAR,1,DAYLIGHT,14,PARKED MOTOR VEHICLE,BONNAFAIR DR & LINDEN GREEN,HERMITAGE,TN,37076,9603,HERMIT,36.2102,-86.6334,POINT (-86.6334 36.2102)
20190161858,02/28/2019 03:00:00 PM,2,0,0,,N,256496,11,Front to Rear,2,RAIN,1,DAYLIGHT,12,MOTOR VEHICLE IN TRANSPORT,MM 213 9 I 40,NASHVILLE,TN,37217,8802,HERMIT,36.1415,-86.7148,POINT (-86.7148 36.1415)