Accident Number,Date and Time,Number of Motor Vehicles,Number of Injuries,Number of Fatalities,Property Damage,Hit and Run,Reporting Officer,Collision Type Code,Collision Type Description,Weather Code,Weather Description,Illumination Code,Illumination Description,Harmful Code,Harmful Code Description,Street Address,City,State,ZIP,RPA,Precinct,Latitude,Longitude,Mapped Location
20190571779,08/01/2019 10:32:00 AM,1,0,0,,N,462474,0,NOT COLLISION W/MOTOR VEHICLE-TRANSPORT,21,CLEAR,1,DAYLIGHT,32,CULVERT,FOREST ACRES DR & FRANKLIN PKE,NASHVILLE,TN,37220,7111,MIDTOW,36.0641,-86.7767,POINT (-86.7767 36.0641)
20190340465,05/03/2019 10:40:00 AM,2,0,0,,Y,481573,5,SIDESWIPE - SAME DIRECTION,22,CLOUDY,1,DAYLIGHT,12,MOTOR VEHICLE IN TRANSPORT,MELROSE AV & PEACHTREE ST,NASHVILLE,TN,37211,8343,MIDTOW,36.1205,-86.75,POINT (-86.75 36.1205)
20190517602,07/10/2019 03:33:00 PM,2,1,0,,N,206675,11,Front to Rear,21,CLEAR,1,DAYLIGHT,12,MOTOR VEHICLE IN TRANSPORT,17TH AVS & WEST END AV,NASHVILLE,TN,37203,5707,MIDTOW,36.1538,-86.7944,POINT (-86.7944 36.1538)
20190243148,03/29/2019 08:25:00 AM,2,0,0,,Y,665896,11,Front to Rear,22,CLOUDY,1,DAYLIGHT,12,MOTOR VEHICLE IN TRANSPORT,W TRINITY LN & LUCAS LN,NASHVILLE,TN,37207,1863,EAST,36.2061,-86.7711,POINT (-86.7711 36.2061)
20190188025,03/10/2019 12:00:00 AM,2,0,0,,N,177482,11,Front to Rear,21,CLEAR,3,DARK - LIGHTED,12,MOTOR VEHICLE IN TRANSPORT,WEST END AV & I440 E EXT RAMP,NASHVILLE,TN,37205,6007,WEST,36.1363,-86.8222,POINT (-86.8222 36.1363)
20190328515,04/29/2019 08:30:00 AM,2,2,0,,N,226136,4,ANGLE,22,CLOUDY,1,DAYLIGHT,12,MOTOR VEHICLE IN TRANSPORT,21ST AVS & BLAIR BLVD,NASHVILLE,TN,37212,6607,MIDTOW,36.1304,-86.802,POINT (-86.802 36.1304)
20190476643,06/24/2019 06:54:00 AM,2,0,0,,N,716886,11,Front to Rear,2,RAIN,1,DAYLIGHT,12,MOTOR VEHICLE IN TRANSPORT,MM 53 2 I 24,NASHVILLE,TN,37210,83020,SOUTH,36.116,-86.7253,POINT (-86.7253 36.116)
20190446964,06/12/2019 01:40:00 PM,2,1,0,,Y,594473,5,SIDESWIPE - SAME DIRECTION,21,CLEAR,1,DAYLIGHT,12,MOTOR VEHICLE IN TRANSPORT,MELROSE AV & GRANDVIEW AV,NASHVILLE,TN,37211,8343,MIDTOW,36.1205,-86.7504,POINT (-86.7504 36.1205)
20190087310,02/01/2019 06:01:00 PM,4,2,0,,N,279124,4,ANGLE,21,CLEAR,3,DARK - LIGHTED,12,MOTOR VEHICLE IN TRANSPORT,BELL RD & BLUE HOLE RD,ANTIOCH,TN,37013,8719,SOUTH,36.0458,-86.6744,POINT (-86.6744 36.0458)
20190413224,05/30/2019 02:27:00 PM,2,0,0,,N,299267,11,Front to Rear,21,CLEAR,1,DAYLIGHT,12,MOTOR VEHICLE IN TRANSPORT,WOODMONT BLVD & BELMONT BLVD,NASHVILLE,TN,37215,6415,MIDTOW,36.113,-86.7998,POINT (-86.7998 36.113)
20190544618,07/21/2019 02:47:00 PM,2,0,0,,N,524985,4,ANGLE,21,CLEAR,1,DAYLIGHT,12,MOTOR VEHICLE IN TRANSPORT,KNIGHT DR & EWING DR,NASHVILLE,TN,37207,3023,NORTH,36.2316,-86.804,POINT (-86.804 36.2316)
20190455598,06/15/2019 05:40:00 PM,2,0,0,,N,299238,11,Front to Rear,21,CLEAR,1,DAYLIGHT,12,MOTOR VEHICLE IN TRANSPORT,MM 48 1 I 24,NASHVILLE,TN,37207,1106,EAST,36.1742,-86.7706,POINT (-86.7706 36.1742)
20190557988,07/26/2019 03:46:00 PM,2,0,0,,N,151132,4,ANGLE,21,CLEAR,1,DAYLIGHT,12,MOTOR VEHICLE IN TRANSPORT,GALLATIN PKEN & OLD TIME VILLAGE PVTDR,MADISON,TN,37115,1701,MADISO,36.2638,-86.7117,POINT (-86.7117 36.2638)
20190127641,02/16/2019 09:48:00 AM,2,0,0,,N,633390,4,ANGLE,22,CLOUDY,1,DAYLIGHT,12,MOTOR VEHICLE IN TRANSPORT,WOODLAND ST & S 10TH ST,NASHVILLE,TN,37206,1201,EAST,36.177,-86.7512,POINT (-86.7512 36.177)
20190110374,02/10/2019 12:40:00 PM,2,0,0,,N,693093,5,SIDESWIPE - SAME DIRECTION,2,RAIN,1,DAYLIGHT,12,MOTOR VEHICLE IN TRANSPORT,BRILEY PKWYE & I24 W EXT RAMP,NASHVILLE,TN,37207,2003,MADISO,36.2381,-86.783,POINT (-86.783 36.2381)
20190036601,05/13/2019 01:30:00 PM,2,0,0,,N,352158,11,Front to Rear,22,CLOUDY,1,DAYLIGHT,12,MOTOR VEHICLE IN TRANSPORT,NOLENSVILLE PKE & ELYSIAN FIELDS RD,NASHVILLE,TN,37211,8501,MIDTOW,36.0859,-86.7291,POINT (-86.7291 36.0859)
20190447462,06/12/2019 05:24:00 PM,2,0,0,,Y,311337,5,SIDESWIPE - SAME DIRECTION,21,CLEAR,1,DAYLIGHT,12,MOTOR VEHICLE IN TRANSPORT,CANNON ST & CHARLES E DAVIS BLVD,NASHVILLE,TN,37210,8209,HERMIT,36.151,-86.7622,POINT (-86.7622 36.151)
20190524577,07/13/2019 10:55:00 AM,3,0,0,,Y,226600,11,Front to Rear,21,CLEAR,1,DAYLIGHT,12,MOTOR VEHICLE IN TRANSPORT,HILLSBORO PKE & GREEN HILLS VILLAGE DR,NASHVILLE,TN,37215,6411,MIDTOW,36.107,-86.8132,POINT (-86.8132 36.107)
20190558468,07/26/2019 07:56:00 PM,2,0,0,,N,240968,11,Front to Rear,21,CLEAR,1,DAYLIGHT,12,MOTOR VEHICLE IN TRANSPORT,SMITH SPRINGS RD & BELL RD,NASHVILLE,TN,37217,8935,HERMIT,36.1295,-86.8404,POINT (-86.8404 36.1295)
20190124887,02/15/2019 07:37:00 AM,2,0,0,,N,256428,5,SIDESWIPE - SAME DIRECTION,21,CLEAR,1,DAYLIGHT,12,MOTOR VEHICLE IN TRANSPORT,ELLINGTON PKWY S ENT RAMP & ELLINGTON PK,NASHVILLE,TN,37207,1855,EAST,36.2032,-86.7516,POINT (-86.7516 36.2032)
20190021261,01/09/2019 07:25:00 AM,2,0,0,,Y,223502,5,SIDESWIPE - SAME DIRECTION,21,CLEAR,1,DAYLIGHT,12,MOTOR VEHICLE IN TRANSPORT,MM 53 0 I 24,NASHVILLE,TN,37210,8302,SOUTH,36.1189,-86.7264,POINT (-86.7264 36.1189)
20190526351,07/14/2019 08:03:00 AM,1,0,0,,N,468030,0,NOT COLLISION W/MOTOR VEHICLE-TRANSPORT,22,CLOUDY,1,DAYLIGHT,36,CONCRETE TRAFFIC BARRIER,MAIN ST ENT RAMP & I 24,NASHVILLE,TN,37207,1995,EAST,36.1738,-86.7674,POINT (-86.7674 36.1738)
20190529558,07/15/2019 05:30:00 PM,2,0,0,,N,714641,11,Front to Rear,21,CLEAR,1,DAYLIGHT,12,MOTOR VEHICLE IN TRANSPORT,WOODLAND ST & INTERSTATE DR,NASHVILLE,TN,37213,1107,CENTRA,36.1705,-86.7685,POINT (-86.7685 36.1705)
20190027515,01/11/2019 10:40:00 AM,2,0,0,,N,256502,11,Front to Rear,21,CLEAR,1,DAYLIGHT,12,MOTOR VEHICLE IN TRANSPORT,ED TEMPLE BLVD & BEASLEY ST,NASHVILLE,TN,37209,4503,NORTH,36.1682,-86.8209,POINT (-86.8209 36.1682)
20190511035,07/07/2019 08:13:00 PM,2,0,0,,N,197435,4,ANGLE,22,CLOUDY,3,DARK - LIGHTED,14,PARKED MOTOR VEHICLE,FLAMINGO DR & SLAYDON DR,NASHVILLE,TN,37207,1835,EAST,36.2107,-86.7555,POINT (-86.7555 36.2107)
20190119852,02/13/2019 03:59:00 PM,2,1,0,,N,240968,4,ANGLE,21,CLEAR,1,DAYLIGHT,12,MOTOR VEHICLE IN TRANSPORT,SMITH SPRINGS RD & BELL RD,NASHVILLE,TN,37217,8965,HERMIT,36.0903,-86.6265,POINT (-86.6265 36.0903)
20190060150,01/23/2019 05:04:00 PM,2,1,0,,N,256379,11,Front to Rear,2,RAIN,3,DARK - LIGHTED,12,MOTOR VEHICLE IN TRANSPORT,NOLENSVILLE PKE & HARDING PL,NASHVILLE,TN,37211,8445,SOUTH,36.0809,-86.7267,POINT (-86.7267 36.0809)
20190577985,08/03/2019 05:50:00 PM,3,0,0,,N,161939,11,Front to Rear,22,CLOUDY,1,DAYLIGHT,12,MOTOR VEHICLE IN TRANSPORT,I 24 & UNKNOWN RAMP,NASHVILLE,TN,37210,9004,HERMIT,36.1402,-86.7258,POINT (-86.7258 36.1402)
20190162208,02/28/2019 05:20:00 PM,2,0,0,,N,419972,5,SIDESWIPE - SAME DIRECTION,21,CLEAR,3,DARK - LIGHTED,12,MOTOR VEHICLE IN TRANSPORT,WEST END AV & I440 WEST END AV ENT RAMP,NASHVILLE,TN,37205,6007,WEST,36.1357,-86.8229,POINT (-86.8229 36.1357)
20190108878,02/09/2019 07:00:00 PM,2,4,0,,N,306230,4,ANGLE,21,CLEAR,3,DARK - LIGHTED,12,MOTOR VEHICLE IN TRANSPORT,W TRINITY LN & HAMPTON ST,NASHVILLE,TN,37207,3007,NORTH,36.2067,-86.7784,POINT (-86.7784 36.2067)
20190044960,01/17/2019 07:26:00 PM,2,0,0,,N,716884,11,Front to Rear,2,RAIN,3,DARK - LIGHTED,12,MOTOR VEHICLE IN TRANSPORT,BLAKEMORE AV & NATCHEZ TRC,NASHVILLE,TN,37212,5811,MIDTOW,36.1385,-86.8097,POINT (-86.8097 36.1385)
20190474442,06/23/2019 02:23:00 AM,1,1,0,,N,620080,0,NOT COLLISION W/MOTOR VEHICLE-TRANSPORT,22,CLOUDY,3,DARK - LIGHTED,30;63,UTILITY POLE;Ran Off Road-Right,ROBINSON RD & ROBINSON RD EXT RAMP,OLD HICKORY,TN,37138,9611,HERMIT,36.262,-86.6613,POINT (-86.6613 36.262)
20190400968,05/25/2019 08:40:00 PM,1,1,0,,Y,212348,0,NOT COLLISION W/MOTOR VEHICLE-TRANSPORT,21,CLEAR,3,DARK - LIGHTED,8,PEDESTRIAN,1ST AVS & 1ST AVN,NASHVILLE,TN,37201,4095,CENTRA,36.1622,-86.7744,POINT (-86.7744 36.1622)
20190106317,02/08/2019 04:14:00 PM,2,0,0,,N,330445,11,Front to Rear,21,CLEAR,1,DAYLIGHT,12,MOTOR VEHICLE IN TRANSPORT,MM 209 1 I 40,NASHVILLE,TN,37203,4002,CENTRA,36.1558,-86.7892,POINT (-86.7892 36.1558)
20190568658,07/31/2019 06:47:00 AM,2,0,0,,Y,553957,5,SIDESWIPE - SAME DIRECTION,21,CLEAR,1,DAYLIGHT,12,MOTOR VEHICLE IN TRANSPORT,LEBANON PKE & CLOVERNOOK DR,NASHVILLE,TN,37210,9019,HERMIT,36.1547,-86.7124,POINT (-86.7124 36.1547)
20190374218,05/16/2019 06:25:00 AM,2,0,0,,N,110063,11,Front to Rear,21,CLEAR,1,DAYLIGHT,12,MOTOR VEHICLE IN TRANSPORT,MM 87 0 I 65,NASHVILLE,TN,37207,18020,EAST,36.2018,-86.7766,POINT (-86.7766 36.2018)
20190106469,02/08/2019 05:30:00 PM,3,0,0,,N,256384,11,Front to Rear,21,CLEAR,3,DARK - LIGHTED,12,MOTOR VEHICLE IN TRANSPORT,MM 52 0 I 24,NASHVILLE,TN,37217,8816,SOUTH,36.1329,-86.7267,POINT (-86.7267 36.1329)
20190371628,05/15/2019 09:55:00 AM,1,0,0,,N,716886,0,NOT COLLISION W/MOTOR VEHICLE-TRANSPORT,2,RAIN,1,DAYLIGHT,72,EMBANKMENT ROCK/STONE/CONCRETE,HICKORY HOLLOW PKWY & MT VIEW RD,ANTIOCH,TN,37013,8861,SOUTH,36.0588,-86.6704,POINT (-86.6704 36.0588)
20190257957,04/03/2019 07:58:00 PM,1,1,0,Y,N,279214,0,NOT COLLISION W/MOTOR VEHICLE-TRANSPORT,21,CLEAR,3,DARK - LIGHTED,19,BUILDING,HILLSBORO PKE & WOODMONT BLVD,NASHVILLE,TN,37215,6419,MIDTOW,36.114,-86.8109,POINT (-86.8109 36.114)
20190288976,04/15/2019 12:45:00 PM,2,0,0,,N,320601,11,Front to Rear,21,CLEAR,1,DAYLIGHT,12,MOTOR VEHICLE IN TRANSPORT,I24 E ENT RAMP & I 24,NASHVILLE,TN,37213,1007,CENTRA,36.1662,-86.7659,POINT (-86.7659 36.1662)
20190177587,03/06/2019 08:03:00 AM,2,0,0,,N,676834,5,SIDESWIPE - SAME DIRECTION,21,CLEAR,1,DAYLIGHT,12,MOTOR VEHICLE IN TRANSPORT,14TH AVN & CHARLOTTE AV,NASHVILLE,TN,37203,5501,MIDTOW,36.1608,-86.7937,POINT (-86.7937 36.1608)
20190346763,05/06/2019 09:00:00 AM,2,1,0,,N,352188,11,Front to Rear,21,CLEAR,1,DAYLIGHT,12,MOTOR VEHICLE IN TRANSPORT,SAWYER BROWN RD & TODD PREIS DR,NASHVILLE,TN,37221,4811,WEST,36.0712,-86.9471,POINT (-86.9471 36.0712)
20190233956,03/26/2019 07:31:00 AM,2,2,0,,N,594473,11,Front to Rear,21,CLEAR,1,DAYLIGHT,12,MOTOR VEHICLE IN TRANSPORT,CLOVERLAND DR & FREDERICKSBURG WAY,BRENTWOOD,TN,37027,8623,MIDTOW,36.0322,-86.7651,POINT (-86.7651 36.0322)
20190438058,06/09/2019 03:43:00 AM,1,0,0,,Y,245532,0,NOT COLLISION W/MOTOR VEHICLE-TRANSPORT,21,CLEAR,3,DARK - LIGHTED,18,OTHER OBJECT (NOT FIXED),GARRY DR & LEXINGTON DR,NASHVILLE,TN,37211,8419,SOUTH,36.0854,-86.7097,POINT (-86.7097 36.0854)
20190159143,02/27/2019 04:09:00 PM,2,0,0,,N,690942,4,ANGLE,21,CLEAR,1,DAYLIGHT,12,MOTOR VEHICLE IN TRANSPORT,2ND AVS & I40 E ENT RAMP,NASHVILLE,TN,37210,8201,HERMIT,36.1514,-86.7683,POINT (-86.7683 36.1514)
20190308415,04/22/2019 07:50:00 AM,2,0,0,,N,352167,11,Front to Rear,21,CLEAR,1,DAYLIGHT,12,MOTOR VEHICLE IN TRANSPORT,BRILEY PKWYW & BRILEY PKWYE,NASHVILLE,TN,37218,3216,NORTH,36.2254,-86.8638,POINT (-86.8638 36.2254)
20190493447,06/30/2019 03:05:00 PM,2,0,0,,N,298874,11,Front to Rear,21,CLEAR,1,DAYLIGHT,12,MOTOR VEHICLE IN TRANSPORT,EASTLAND AV & BENSON ST,NASHVILLE,TN,37206,1339,EAST,36.183,-86.7392,POINT (-86.7392 36.183)
20190477694,06/24/2019 02:43:00 PM,2,0,0,,N,909486,2,HEAD-ON,21,CLEAR,1,DAYLIGHT,12,MOTOR VEHICLE IN TRANSPORT,NOLENSVILLE PKE & HARDING PL,NASHVILLE,TN,37211,8501,MIDTOW,36.0807,-86.7267,POINT (-86.7267 36.0807)
20190093188,02/04/2019 12:00:00 AM,1,0,0,Y,N,311799,0,NOT COLLISION W/MOTOR VEHICLE-TRANSPORT,2,RAIN,1,DAYLIGHT,24,GUARDRAIL FACE,UNION HILL RD & LICKTON PKE,GOODLETTSVILLE,TN,37072,2225,MADISO,36.3366,-86.7805,POINT (-86.7805 36.3366)
20190471980,06/21/2019 08:22:00 PM,1,0,0,,N,330425,0,NOT COLLISION W/MOTOR VEHICLE-TRANSPORT,2,RAIN,2,DARK - NOT LIGHTED,16,THROWN OR FALLING OBJECT,ANDERSON LN & MAY DR,MADISON,TN,37115,1727,MADISO,36.2726,-86.6947,POINT (-86.6947 36.2726)
20190134981,02/19/2019 08:20:00 AM,2,0,0,,N,676834,4,ANGLE,21,CLEAR,1,DAYLIGHT,12,MOTOR VEHICLE IN TRANSPORT,JEFFERSON ST & ED TEMPLE BLVD,NASHVILLE,TN,37209,4521,NORTH,36.1678,-86.8208,POINT (-86.8208 36.1678)
20190334804,05/01/2019 10:42:00 AM,2,1,0,,N,109534,2,HEAD-ON,21,CLEAR,1,DAYLIGHT,12,MOTOR VEHICLE IN TRANSPORT,CENTRAL PKE & S NEW HOPE RD,HERMITAGE,TN,37076,9557,HERMIT,36.1729,-86.5849,POINT (-86.5849 36.1729)
20190202892,03/15/2019 10:23:00 AM,2,0,0,,N,298878,4,ANGLE,21,CLEAR,1,DAYLIGHT,12,MOTOR VEHICLE IN TRANSPORT,INTERSTATE DR & WOODLAND ST,NASHVILLE,TN,37213,1105,CENTRA,36.1705,-86.7684,POINT (-86.7684 36.1705)
20190384253,05/20/2019 06:30:00 AM,2,0,0,,N,226136,4,ANGLE,21,CLEAR,1,DAYLIGHT,12,MOTOR VEHICLE IN TRANSPORT,FRANKLIN PKE & HOGAN RD,NASHVILLE,TN,37220,7101,MIDTOW,36.0668,-86.7742,POINT (-86.7742 36.0668)
20190311993,04/23/2019 07:20:00 AM,4,0,0,,N,591933,11,Front to Rear,21,CLEAR,1,DAYLIGHT,12,MOTOR VEHICLE IN TRANSPORT,MM 62 3 I 24,ANTIOCH,TN,37013,8806,SOUTH,36.0177,-86.6241,POINT (-86.6241 36.0177)
20190177319,03/06/2019 07:53:00 AM,1,2,0,,N,493304,0,NOT COLLISION W/MOTOR VEHICLE-TRANSPORT,21,CLEAR,1,DAYLIGHT,30;31,"UTILITY POLE;OTHER POST, POLE, SUPP.",CHEYENNE BLVD & RIVER RETREAT PVTDR,MADISON,TN,37115,1633,MADISO,36.2563,-86.6749,POINT (-86.6749 36.2563)
20190194699,03/12/2019 04:21:00 PM,3,0,0,,N,226827,11,Front to Rear,22,CLOUDY,1,DAYLIGHT,12,MOTOR VEHICLE IN TRANSPORT,GALLATIN PKEN & MCHENRY CENTER PVTDR,GOODLETTSVILLE,TN,37072,1753,MADISO,36.2949,-86.7009,POINT (-86.7009 36.2949)
20190158037,02/27/2019 08:18:00 AM,2,0,0,,N,716886,4,ANGLE,21,CLEAR,1,DAYLIGHT,12,MOTOR VEHICLE IN TRANSPORT,HARDING PL & METROPLEX DR,NASHVILLE,TN,37211,8845,SOUTH,36.0868,-86.6949,POINT (-86.6949 36.0868)
20190531828,07/16/2019 12:50:00 PM,2,1,0,,Y,224955,4,ANGLE,22,CLOUDY,1,DAYLIGHT,12,MOTOR VEHICLE IN TRANSPORT,ELMORE AV & GALLATIN PKEN,MADISON,TN,37115,1717,MADISO,36.28,-86.7086,POINT (-86.7086 36.28)
20190168999,03/03/2019 02:55:00 PM,2,0,0,,N,256417,11,Front to Rear,2,RAIN,1,DAYLIGHT,12,MOTOR VEHICLE IN TRANSPORT,OLD HICKORY BLVD & LEBANON PKE WB EXT RA,OLD HICKORY,TN,37138,9739,HERMIT,36.1998,-86.6207,POINT (-86.6207 36.1998)
20190398231,05/24/2019 06:11:00 PM,2,2,0,,N,320585,11,Front to Rear,21,CLEAR,1,DAYLIGHT,14,PARKED MOTOR VEHICLE,MM 219 5 I 40,NASHVILLE,TN,37214,94022,HERMIT,36.1604,-86.6219,POINT (-86.6219 36.1604)
20190487087,06/27/2019 09:40:00 PM,2,1,0,,Y,352166,4,ANGLE,2,RAIN,3,DARK - LIGHTED,12,MOTOR VEHICLE IN TRANSPORT,HIGHWAY 70S & BELLEVUE CTR PVTDR,NASHVILLE,TN,37221,4811,WEST,36.0785,-86.9508,POINT (-86.9508 36.0785)
20190147797,02/23/2019 03:13:00 PM,2,1,0,,N,299266,4,ANGLE,2,RAIN,1,DAYLIGHT,12,MOTOR VEHICLE IN TRANSPORT,UNA ANTIOCH PKE & BILLINGSGATE RD,ANTIOCH,TN,37013,8861,SOUTH,36.0752,-86.6623,POINT (-86.6623 36.0752)
20190519628,07/11/2019 10:55:00 AM,2,0,0,,N,226600,0,NOT COLLISION W/MOTOR VEHICLE-TRANSPORT,21,CLEAR,1,DAYLIGHT,7,,ESTES RD & SNEED TER,NASHVILLE,TN,37215,6113,WEST,36.1089,-86.8375,POINT (-86.8375 36.1089)
20190283929,04/13/2019 11:00:00 AM,2,0,0,,N,343522,5,SIDESWIPE - SAME DIRECTION,2,RAIN,1,DAYLIGHT,14,PARKED MOTOR VEHICLE,SAWYER BROWN RD & HIGHWAY 70S,NASHVILLE,TN,37221,4811,WEST,36.0768,-86.9453,POINT (-86.9453 36.0768)
20190414939,05/31/2019 02:00:00 AM,2,1,0,,N,330438,5,SIDESWIPE - SAME DIRECTION,21,CLEAR,3,DARK - LIGHTED,12;39,MOTOR VEHICLE IN TRANSPORT;WALL,MM 51 6 I 24,NASHVILLE,TN,37210,82061,HERMIT,36.1403,-86.7313,POINT (-86.7313 36.1403)
20190146083,02/22/2019 09:00:00 PM,2,1,0,,N,256412,5,SIDESWIPE - SAME DIRECTION,2,RAIN,2,DARK - NOT LIGHTED,12,MOTOR VEHICLE IN TRANSPORT,NOLENSVILLE PKE & HICKORYVIEW DR,NASHVILLE,TN,37211,8717,SOUTH,36.0488,-86.7137,POINT (-86.7137 36.0488)
20190504263,07/04/2019 01:09:00 PM,2,0,0,,N,909494,11,Front to Rear,2,RAIN,1,DAYLIGHT,12,MOTOR VEHICLE IN TRANSPORT,HILLHURST DR & DICKERSON PKE,NASHVILLE,TN,37207,1827,EAST,36.2261,-86.7627,POINT (-86.7627 36.2261)
20190572351,08/01/2019 03:30:00 PM,2,0,0,,N,330431,5,SIDESWIPE - SAME DIRECTION,21,CLEAR,1,DAYLIGHT,12,MOTOR VEHICLE IN TRANSPORT,MM 208 1 I 40,NASHVILLE,TN,37208,42023,NORTH,36.1684,-86.7964,POINT (-86.7964 36.1684)
20190251902,04/01/2019 08:33:00 PM,2,0,0,,Y,256380,11,Front to Rear,21,CLEAR,3,DARK - LIGHTED,12,MOTOR VEHICLE IN TRANSPORT,BUCHANAN ST & ED TEMPLE BLVD,NASHVILLE,TN,37208,4425,NORTH,36.181,-86.8243,POINT (-86.8243 36.181)
20190313262,04/23/2019 03:08:00 PM,2,1,0,,N,279124,11,Front to Rear,21,CLEAR,1,DAYLIGHT,12,MOTOR VEHICLE IN TRANSPORT,NOLENSVILLE PKE & WHEELER AV,NASHVILLE,TN,37211,8435,SOUTH,36.0948,-86.737,POINT (-86.737 36.0948)
20190332245,04/30/2019 12:00:00 AM,3,1,0,,N,212344,5,SIDESWIPE - SAME DIRECTION,21,CLEAR,1,DAYLIGHT,12;14,MOTOR VEHICLE IN TRANSPORT;PARKED MOTOR VEHICLE,S 7TH ST & CAYCE PLACE PVTDR,NASHVILLE,TN,37206,1023,EAST,36.1677,-86.757,POINT (-86.757 36.1677)
20190387702,05/21/2019 10:17:00 AM,3,0,0,,Y,109534,4,ANGLE,21,CLEAR,1,DAYLIGHT,12;99,MOTOR VEHICLE IN TRANSPORT;UNKNOWN MOST HARMFUL EVENT,KAREN DR & BRILEY PKWY,NASHVILLE,TN,37217,8827,HERMIT,36.1395,-86.7005,POINT (-86.7005 36.1395)
20190421039,06/02/2019 05:00:00 PM,1,0,0,Y,N,579971,0,NOT COLLISION W/MOTOR VEHICLE-TRANSPORT,21,CLEAR,1,DAYLIGHT,31,"OTHER POST, POLE, SUPP.",ANTIOCH PKE & EZELL PKE,NASHVILLE,TN,37211,8889,SOUTH,36.0773,-86.7253,POINT (-86.7253 36.0773)
20190068947,01/26/2019 06:41:00 PM,2,0,0,,N,433550,5,SIDESWIPE - SAME DIRECTION,21,CLEAR,3,DARK - LIGHTED,12,MOTOR VEHICLE IN TRANSPORT,LEBANON PKE & BONNABROOK DR,HERMITAGE,TN,37076,9531,HERMIT,36.1917,-86.6248,POINT (-86.6248 36.1917)
20190421662,06/03/2019 12:42:00 AM,1,1,0,,N,311343,0,NOT COLLISION W/MOTOR VEHICLE-TRANSPORT,21,CLEAR,3,DARK - LIGHTED,43;63,OTHER FIXED OBJECTS;Ran Off Road-Right,4TH AVS & HART ST,NASHVILLE,TN,37203,8045,MIDTOW,36.1426,-86.7651,POINT (-86.7651 36.1426)
20190265690,04/06/2019 05:45:00 PM,2,0,0,,N,299238,11,Front to Rear,21,CLEAR,1,DAYLIGHT,12,MOTOR VEHICLE IN TRANSPORT,SHELBY AV & S 7TH ST,NASHVILLE,TN,37206,1023,EAST,36.1693,-86.7578,POINT (-86.7578 36.1693)
20190436183,06/08/2019 12:00:00 AM,2,0,0,,Y,279230,4,ANGLE,2,RAIN,3,DARK - LIGHTED,12,MOTOR VEHICLE IN TRANSPORT,LINBAR DR & WALLACE RD,NASHVILLE,TN,37211,8707,SOUTH,36.0387,-86.731,POINT (-86.731 36.0387)
20190194428,03/12/2019 02:24:00 PM,2,0,0,,N,226827,11,Front to Rear,21,CLEAR,1,DAYLIGHT,12,MOTOR VEHICLE IN TRANSPORT,GALLATIN PKEN & RIVERGATE PKWY,MADISON,TN,37115,1731,MADISO,36.2973,-86.6988,POINT (-86.6988 36.2973)
20190077176,01/29/2019 04:15:00 PM,2,0,0,,N,240959,2,HEAD-ON,21,CLEAR,1,DAYLIGHT,12,MOTOR VEHICLE IN TRANSPORT,MCGAVOCK PKE & RIVERSIDE DR,NASHVILLE,TN,37216,1437,EAST,36.2048,-86.7244,POINT (-86.7244 36.2048)
20190113580,02/11/2019 05:35:00 PM,2,0,0,,Y,320577,11,Front to Rear,2,RAIN,3,DARK - LIGHTED,12,MOTOR VEHICLE IN TRANSPORT,MM 4 9 I 440,NASHVILLE,TN,37204,7014,MIDTOW,36.1159,-86.7735,POINT (-86.7735 36.1159)
20190403146,05/26/2019 10:43:00 PM,2,0,0,,Y,769384,5,SIDESWIPE - SAME DIRECTION,21,CLEAR,2,DARK - NOT LIGHTED,12;14,MOTOR VEHICLE IN TRANSPORT;PARKED MOTOR VEHICLE,ACADEMY PL & LINDSLEY AV,NASHVILLE,TN,37210,4029,CENTRA,36.1543,-86.7654,POINT (-86.7654 36.1543)
20190031594,01/14/2019 02:34:00 PM,2,0,0,,N,267831,4,ANGLE,22,CLOUDY,1,DAYLIGHT,12,MOTOR VEHICLE IN TRANSPORT,WEST END AV & ELMINGTON AV,NASHVILLE,TN,37205,6005,WEST,36.1349,-86.8245,POINT (-86.8245 36.1349)
20190514882,07/09/2019 04:40:00 PM,1,0,0,,Y,330435,0,NOT COLLISION W/MOTOR VEHICLE-TRANSPORT,21,CLEAR,1,DAYLIGHT,30,UTILITY POLE,GRACE ST & STOCKELL ST,NASHVILLE,TN,37207,1963,EAST,36.1828,-86.7702,POINT (-86.7702 36.1828)
20190512146,07/08/2019 11:47:00 AM,2,1,0,,Y,716886,11,Front to Rear,21,CLEAR,1,DAYLIGHT,12,MOTOR VEHICLE IN TRANSPORT,HARDING PL & ANTIOCH PKE,NASHVILLE,TN,37211,8847,SOUTH,36.0875,-86.6921,POINT (-86.6921 36.0875)
20190356054,05/09/2019 10:35:00 AM,2,0,0,,N,420034,5,SIDESWIPE - SAME DIRECTION,2,RAIN,1,DAYLIGHT,12,MOTOR VEHICLE IN TRANSPORT,W TRINITY LN & WHITES CREEK PKE,NASHVILLE,TN,37207,3009,NORTH,36.207,-86.7916,POINT (-86.7916 36.207)
20190281044,04/12/2019 08:15:00 AM,2,0,0,,Y,226622,4,ANGLE,2,RAIN,1,DAYLIGHT,12,MOTOR VEHICLE IN TRANSPORT,HARDING PKE & RIDGEFIELD WAY,NASHVILLE,TN,37205,6021,WEST,36.1264,-86.8456,POINT (-86.8456 36.1264)