Accident Number,Date and Time,Number of Motor Vehicles,Number of Injuries,Number of Fatalities,Property Damage,Hit and Run,Reporting Officer,Collision Type Code,Collision Type Description,Weather Code,Weather Description,Illumination Code,Illumination Description,Harmful Code,Harmful Code Description,Street Address,City,State,ZIP,RPA,Precinct,Latitude,Longitude,Mapped Location
20190048987,01/19/2019 05:35:00 AM,2,0,0,,N,769379,4,ANGLE,2,RAIN,2,DARK - NOT LIGHTED,12,MOTOR VEHICLE IN TRANSPORT,MM 55 6 I 24,NASHVILLE,TN,37211,86020,SOUTH,36.0877,-86.7015,POINT (-86.7015 36.0877)
20190425449,06/04/2019 10:00:00 AM,2,1,0,,N,226622,11,Front to Rear,22,CLOUDY,1,DAYLIGHT,12,MOTOR VEHICLE IN TRANSPORT,HIGHWAY 70S & BELLEVUE RD,NASHVILLE,TN,37221,4811,WEST,36.0755,-86.9404,POINT (-86.9404 36.0755)
20190432292,06/06/2019 06:17:00 PM,1,1,0,,N,320582,0,NOT COLLISION W/MOTOR VEHICLE-TRANSPORT,2,RAIN,1,DAYLIGHT,36,CONCRETE TRAFFIC BARRIER,MM 86 6 I 65,NASHVILLE,TN,37207,3002,NORTH,36.1959,-86.7761,POINT (-86.7761 36.1959)
20190560114,07/27/2019 03:40:00 PM,2,1,0,,N,299238,5,SIDESWIPE - SAME DIRECTION,21,CLEAR,1,DAYLIGHT,12,MOTOR VEHICLE IN TRANSPORT,MM 49 4 I 24,NASHVILLE,TN,37206,10040,EAST,36.1613,-86.7604,POINT (-86.7604 36.1613)
20190500578,07/03/2019 05:15:00 AM,1,0,0,,N,279201,0,NOT COLLISION W/MOTOR VEHICLE-TRANSPORT,21,CLEAR,1,DAYLIGHT,18,OTHER OBJECT (NOT FIXED),EXPRESSWAY PARK DR & MURFREESBORO PKE,NASHVILLE,TN,37210,8211,HERMIT,36.1467,-86.7537,POINT (-86.7537 36.1467)
20190007438,01/03/2019 06:13:00 PM,2,0,0,,N,134869,5,SIDESWIPE - SAME DIRECTION,21,CLEAR,3,DARK - LIGHTED,12,MOTOR VEHICLE IN TRANSPORT,14TH AVS & BROADWAY,NASHVILLE,TN,37203,5701,MIDTOW,36.1557,-86.7897,POINT (-86.7897 36.1557)
20190369934,05/14/2019 07:59:00 PM,2,0,0,,N,256446,4,ANGLE,21,CLEAR,2,DARK - NOT LIGHTED,14,PARKED MOTOR VEHICLE,CEDARVALLEY DR & CEDARVALLEY CT,ANTIOCH,TN,37013,8757,SOUTH,36.0427,-86.7075,POINT (-86.7075 36.0427)
20190446657,06/12/2019 11:20:00 AM,2,2,0,,N,137872,4,ANGLE,21,CLEAR,1,DAYLIGHT,12,MOTOR VEHICLE IN TRANSPORT,JUAREZ DR & PANAMA DR,HERMITAGE,TN,37076,9531,HERMIT,36.1923,-86.6211,POINT (-86.6211 36.1923)
20190142000,02/21/2019 01:39:00 PM,2,0,0,,Y,226622,2,HEAD-ON,22,CLOUDY,1,DAYLIGHT,14,PARKED MOTOR VEHICLE,HILLSBORO PKE & RICHARD JONES RD,NASHVILLE,TN,37215,6111,WEST,36.105,-86.8152,POINT (-86.8152 36.105)
20190166934,03/02/2019 03:00:00 PM,2,0,0,,N,256384,11,Front to Rear,21,CLEAR,1,DAYLIGHT,12,MOTOR VEHICLE IN TRANSPORT,I24E & I24 W ENT RAMP,NASHVILLE,TN,37210,82061,HERMIT,36.1386,-86.7273,POINT (-86.7273 36.1386)
20190345467,05/05/2019 07:54:00 PM,2,1,0,,N,197054,11,Front to Rear,21,CLEAR,3,DARK - LIGHTED,12,MOTOR VEHICLE IN TRANSPORT,MURFREESBORO PKE & HARDING PL,NASHVILLE,TN,37217,8947,HERMIT,36.0982,-86.6587,POINT (-86.6587 36.0982)
20190577045,08/03/2019 10:27:00 AM,2,1,0,,N,212325,4,ANGLE,21,CLEAR,1,DAYLIGHT,12,MOTOR VEHICLE IN TRANSPORT,GALLATIN PKES & MAPLE ST,MADISON,TN,37115,1607,MADISO,36.2617,-86.7124,POINT (-86.7124 36.2617)
20190318735,04/25/2019 07:30:00 AM,2,0,0,,N,352212,5,SIDESWIPE - SAME DIRECTION,21,CLEAR,1,DAYLIGHT,12,MOTOR VEHICLE IN TRANSPORT,MURFREESBORO PKE & BELL RD,ANTIOCH,TN,37013,8865,SOUTH,36.072,-86.636,POINT (-86.636 36.072)
20190343820,05/04/2019 12:00:00 AM,2,2,0,,N,256441,4,ANGLE,2,RAIN,3,DARK - LIGHTED,12,MOTOR VEHICLE IN TRANSPORT,STONE BROOK DR & OLD HICKORY BLVD,BRENTWOOD,TN,37027,8623,MIDTOW,36.0409,-86.7794,POINT (-86.7794 36.0409)
20190329460,04/29/2019 02:10:00 PM,2,0,0,,N,311332,11,Front to Rear,21,CLEAR,1,DAYLIGHT,12,MOTOR VEHICLE IN TRANSPORT,OLD HICKORY BLVD & HIGHWAY 100,NASHVILLE,TN,37221,6211,WEST,36.0623,-86.9046,POINT (-86.9046 36.0623)
20190375248,05/16/2019 02:40:00 PM,2,2,0,,N,716886,11,Front to Rear,21,CLEAR,1,DAYLIGHT,12,MOTOR VEHICLE IN TRANSPORT,MURFREESBORO PKE & HOBSON PKE,ANTIOCH,TN,37013,8927,SOUTH,36.043,-86.6066,POINT (-86.6066 36.043)
20190450279,06/13/2019 04:00:00 PM,2,0,0,,Y,468160,5,SIDESWIPE - SAME DIRECTION,21,CLEAR,1,DAYLIGHT,12,MOTOR VEHICLE IN TRANSPORT,MM 215 5 I 40,NASHVILLE,TN,37217,89020,HERMIT,36.1432,-86.6865,POINT (-86.6865 36.1432)
20190000885,01/01/2019 09:58:00 AM,1,0,0,,N,716886,0,NOT COLLISION W/MOTOR VEHICLE-TRANSPORT,21,CLEAR,1,DAYLIGHT,50,DEER (ANIMAL),MT VIEW RD & MT VIEW CIR,ANTIOCH,TN,37013,8867,SOUTH,36.0237,-86.6644,POINT (-86.6644 36.0237)
20190295188,04/17/2019 09:43:00 AM,2,0,0,,N,665896,5,SIDESWIPE - SAME DIRECTION,21,CLEAR,1,DAYLIGHT,12,MOTOR VEHICLE IN TRANSPORT,BRILEY PKWYE & BRILEY PKWYW,NASHVILLE,TN,37207,20120,MADISO,36.2396,-86.7751,POINT (-86.7751 36.2396)
20190208361,03/17/2019 07:05:00 PM,1,0,0,,N,256501,0,NOT COLLISION W/MOTOR VEHICLE-TRANSPORT,21,CLEAR,3,DARK - LIGHTED,34,DITCH,BUENA VISTA PKE & YOUNGS LN,NASHVILLE,TN,37218,3035,NORTH,36.2039,-86.8211,POINT (-86.8211 36.2039)
20190480588,06/25/2019 03:47:00 PM,2,0,0,,N,267831,11,Front to Rear,21,CLEAR,1,DAYLIGHT,12,MOTOR VEHICLE IN TRANSPORT,CHARLOTTE AV & 37TH AVN,NASHVILLE,TN,37209,5229,WEST,36.1527,-86.8294,POINT (-86.8294 36.1527)
20190344888,05/05/2019 01:06:00 PM,2,0,0,,N,212325,11,Front to Rear,22,CLOUDY,1,DAYLIGHT,12,MOTOR VEHICLE IN TRANSPORT,GALLATIN PKES & GALLATIN PKE,MADISON,TN,37115,1517,MADISO,36.2383,-86.724,POINT (-86.724 36.2383)
20190409624,05/29/2019 08:52:00 AM,2,0,0,,N,594473,11,Front to Rear,21,CLEAR,1,DAYLIGHT,12,MOTOR VEHICLE IN TRANSPORT,MM 4 0 I 440,NASHVILLE,TN,37204,7010,MIDTOW,36.1161,-86.7901,POINT (-86.7901 36.1161)
20190466280,06/19/2019 09:48:00 PM,2,0,0,,Y,240955,4,ANGLE,2,RAIN,3,DARK - LIGHTED,14;55,PARKED MOTOR VEHICLE;Motor Vehicle-In-Motion Outside Trafficw,GOULD BLVD & FIRESTONE PKWY,ANTIOCH,TN,37013,8869,SOUTH,36.0159,-86.6161,POINT (-86.6161 36.0159)
20190157844,02/27/2019 06:55:00 AM,2,1,0,Y,N,226098,0,NOT COLLISION W/MOTOR VEHICLE-TRANSPORT,21,CLEAR,1,DAYLIGHT,14;30;34;40,PARKED MOTOR VEHICLE;UTILITY POLE;DITCH;MAIL BOX,BUENA VISTA PKE & BUENA VISTA PKE PVTDR,NASHVILLE,TN,37207,3025,NORTH,36.2265,-86.823,POINT (-86.823 36.2265)
20190329602,04/29/2019 04:20:00 PM,2,1,0,,N,179606,11,Front to Rear,21,CLEAR,1,DAYLIGHT,12,MOTOR VEHICLE IN TRANSPORT,SHACKLEFORD RD & GRANNY WHITE PKE,NASHVILLE,TN,37215,6407,MIDTOW,36.1012,-86.8007,POINT (-86.8007 36.1012)
20190037774,01/15/2019 11:00:00 AM,2,0,0,,N,665896,4,ANGLE,22,CLOUDY,1,DAYLIGHT,12,MOTOR VEHICLE IN TRANSPORT,DICKERSON PKE & QUEEN AV,NASHVILLE,TN,37207,1833,EAST,36.2086,-86.7671,POINT (-86.7671 36.2086)
20190200287,03/14/2019 01:00:00 PM,2,0,0,,N,402653,5,SIDESWIPE - SAME DIRECTION,22,CLOUDY,1,DAYLIGHT,12,MOTOR VEHICLE IN TRANSPORT,8TH AVS & DEMONBREUN ST,NASHVILLE,TN,37203,4041,CENTRA,36.1569,-86.7808,POINT (-86.7808 36.1569)
20190416991,05/31/2019 05:52:00 PM,2,1,0,,N,320585,11,Front to Rear,21,CLEAR,1,DAYLIGHT,12,MOTOR VEHICLE IN TRANSPORT,MM 215 0 I 40,NASHVILLE,TN,37214,91021,HERMIT,36.1444,-86.6948,POINT (-86.6948 36.1444)
20190191823,03/11/2019 05:52:00 PM,1,0,0,Y,N,580819,0,NOT COLLISION W/MOTOR VEHICLE-TRANSPORT,21,CLEAR,1,DAYLIGHT,75,Bridge/Overhead Structure,8TH AVS & GLEAVES ST,NASHVILLE,TN,37203,4009,CENTRA,36.1518,-86.7793,POINT (-86.7793 36.1518)
20190324734,04/27/2019 01:30:00 PM,2,0,0,,N,769379,4,ANGLE,21,CLEAR,1,DAYLIGHT,12,MOTOR VEHICLE IN TRANSPORT,NOLENSVILLE PKE & PARAGON MILLS RD,NASHVILLE,TN,37211,8421,SOUTH,36.0848,-86.7281,POINT (-86.7281 36.0848)
20190530141,07/15/2019 11:48:00 PM,2,0,0,,N,110064,4,ANGLE,21,CLEAR,3,DARK - LIGHTED,12,MOTOR VEHICLE IN TRANSPORT,I440 W ENT RAMP & I 440,NASHVILLE,TN,37210,81021,SOUTH,36.1259,-86.7322,POINT (-86.7322 36.1259)
20190214986,03/19/2019 10:03:00 PM,3,2,0,,Y,212343,11,Front to Rear,21,CLEAR,2,DARK - NOT LIGHTED,12,MOTOR VEHICLE IN TRANSPORT,MM 47 0 I 24,NASHVILLE,TN,37207,1910,CENTRA,36.1886,-86.7761,POINT (-86.7761 36.1886)
20190445294,06/11/2019 12:00:00 AM,2,0,0,,Y,256495,9,UNKNOWN,21,CLEAR,3,DARK - LIGHTED,12;14,MOTOR VEHICLE IN TRANSPORT;PARKED MOTOR VEHICLE,SCOVEL ST & 26TH AVN,NASHVILLE,TN,37208,4561,NORTH,36.1693,-86.8156,POINT (-86.8156 36.1693)
20190579457,08/04/2019 01:35:00 PM,2,2,0,,N,311799,4,ANGLE,22,CLOUDY,1,DAYLIGHT,12,MOTOR VEHICLE IN TRANSPORT,BRICK CHURCH PKE & EWING DR,NASHVILLE,TN,37207,2001,MADISO,36.2316,-86.7815,POINT (-86.7815 36.2316)
20190129600,02/17/2019 06:25:00 AM,1,1,0,,N,755026,0,NOT COLLISION W/MOTOR VEHICLE-TRANSPORT,2,RAIN,2,DARK - NOT LIGHTED,24,GUARDRAIL FACE,GLENCLIFF RD & NEESE DR,NASHVILLE,TN,37211,8409,SOUTH,36.1072,-86.7209,POINT (-86.7209 36.1072)
20190041160,01/16/2019 12:20:00 PM,2,0,0,,N,693093,5,SIDESWIPE - SAME DIRECTION,22,CLOUDY,1,DAYLIGHT,12,MOTOR VEHICLE IN TRANSPORT,CONFERENCE DR & THE SHOPPES AT RIVERGATE,MADISON,TN,37115,1737,MADISO,36.3038,-86.6926,POINT (-86.6926 36.3038)
20190135117,02/19/2019 09:00:00 AM,2,0,0,,N,226136,4,ANGLE,22,CLOUDY,1,DAYLIGHT,12,MOTOR VEHICLE IN TRANSPORT,21ST AVS & BEECHWOOD AV,NASHVILLE,TN,37212,6509,MIDTOW,36.1268,-86.8042,POINT (-86.8042 36.1268)
20190477721,06/24/2019 04:13:00 PM,2,0,0,,N,579971,11,Front to Rear,21,CLEAR,1,DAYLIGHT,12,MOTOR VEHICLE IN TRANSPORT,HOBSON PKE & LONDONVIEW PL,ANTIOCH,TN,37013,8907,SOUTH,36.0785,-86.5698,POINT (-86.5698 36.0785)
20190307910,04/22/2019 02:45:00 AM,2,0,0,,Y,320583,9,UNKNOWN,21,CLEAR,3,DARK - LIGHTED,14,PARKED MOTOR VEHICLE,DIVISION ST & 19TH AVS,NASHVILLE,TN,37203,6715,MIDTOW,36.1506,-86.7955,POINT (-86.7955 36.1506)
20190065206,01/25/2019 09:15:00 AM,2,0,0,,N,676834,11,Front to Rear,21,CLEAR,1,DAYLIGHT,12,MOTOR VEHICLE IN TRANSPORT,I65 S EXT RAMP & I 65,MADISON,TN,37115,20044,MADISO,36.2481,-86.743,POINT (-86.743 36.2481)
20190338525,05/02/2019 04:55:00 PM,2,1,0,,N,320580,11,Front to Rear,21,CLEAR,1,DAYLIGHT,12,MOTOR VEHICLE IN TRANSPORT,LEBANON PKE & SPENCE LN,NASHVILLE,TN,37210,9019,HERMIT,36.1537,-86.7214,POINT (-86.7214 36.1537)
20190522291,07/12/2019 12:19:00 PM,2,0,0,,N,134899,4,ANGLE,21,CLEAR,1,DAYLIGHT,12,MOTOR VEHICLE IN TRANSPORT,MCGAVOCK PKE & LEBANON PKE,NASHVILLE,TN,37214,9307,HERMIT,36.1697,-86.6798,POINT (-86.6798 36.1697)
20190155640,02/26/2019 12:07:00 PM,1,1,0,,N,716886,0,NOT COLLISION W/MOTOR VEHICLE-TRANSPORT,21,CLEAR,1,DAYLIGHT,33;34,CURB;DITCH,BELL FORGE LNE & MT VIEW RD,ANTIOCH,TN,37013,8865,SOUTH,36.0472,-86.6477,POINT (-86.6477 36.0472)
20190335888,05/01/2019 07:00:00 PM,2,0,0,,Y,212330,11,Front to Rear,2,RAIN,5,DUSK,12,MOTOR VEHICLE IN TRANSPORT,MM 56 7 I 24,NASHVILLE,TN,37211,8810,SOUTH,36.0726,-86.6916,POINT (-86.6916 36.0726)
20190381795,05/19/2019 01:35:00 AM,3,0,0,Y,N,330438,4,ANGLE,21,CLEAR,2,DARK - NOT LIGHTED,14,PARKED MOTOR VEHICLE,CENTRAL PKE & MELVIN RD,HERMITAGE,TN,37076,9541,HERMIT,36.176,-86.5715,POINT (-86.5715 36.176)
20190567100,07/30/2019 03:52:00 PM,2,1,0,,N,298867,2,HEAD-ON,2,RAIN,1,DAYLIGHT,12,MOTOR VEHICLE IN TRANSPORT,DICKERSON PKE & GRIZZARD AV,NASHVILLE,TN,37207,1833,EAST,36.2082,-86.7674,POINT (-86.7674 36.2082)
20190377976,05/17/2019 11:08:00 AM,2,1,0,,N,226136,4,ANGLE,21,CLEAR,1,DAYLIGHT,12,MOTOR VEHICLE IN TRANSPORT,CHURCH ST & 18TH AVN,NASHVILLE,TN,37203,5521,MIDTOW,36.155,-86.7975,POINT (-86.7975 36.155)
20190082866,01/31/2019 09:00:00 AM,2,0,0,,Y,320586,11,Front to Rear,21,CLEAR,1,DAYLIGHT,12,MOTOR VEHICLE IN TRANSPORT,MM 57 3 I 24,ANTIOCH,TN,37013,88080,SOUTH,36.0663,-86.6861,POINT (-86.6861 36.0663)
20190329956,04/29/2019 07:22:00 PM,2,1,0,,N,256389,5,SIDESWIPE - SAME DIRECTION,21,CLEAR,3,DARK - LIGHTED,12,MOTOR VEHICLE IN TRANSPORT,DIVISION ST & LYLE AV,NASHVILLE,TN,37212,6711,MIDTOW,36.1501,-86.7964,POINT (-86.7964 36.1501)
20190197031,03/13/2019 12:00:00 AM,2,0,0,,Y,226622,98,OTHER,21,CLEAR,1,DAYLIGHT,12,MOTOR VEHICLE IN TRANSPORT,BOSLEY SPRINGS RD & ST THOMAS DR,NASHVILLE,TN,37205,5111,WEST,36.128,-86.845,POINT (-86.845 36.128)
20190043458,01/17/2019 08:20:00 AM,2,1,0,,N,226098,11,Front to Rear,2,RAIN,1,DAYLIGHT,12;24;36,MOTOR VEHICLE IN TRANSPORT;GUARDRAIL FACE;CONCRETE TRAFFIC BARRIER,BRILEY PKWYW & BRILEY PKWYE,NASHVILLE,TN,37218,3216,NORTH,36.2254,-86.8638,POINT (-86.8638 36.2254)
20190356648,05/09/2019 01:25:00 PM,2,1,0,,N,240955,4,ANGLE,22,CLOUDY,1,DAYLIGHT,55,Motor Vehicle-In-Motion Outside Trafficw,MT VIEW RD & BELL FORGE LNE,ANTIOCH,TN,37013,8863,SOUTH,36.0471,-86.648,POINT (-86.648 36.0471)
20190486193,06/27/2019 02:25:00 PM,2,1,0,,N,212338,2,HEAD-ON,21,CLEAR,1,DAYLIGHT,12;6,MOTOR VEHICLE IN TRANSPORT,MELROSE AV & CRUZEN ST,NASHVILLE,TN,37211,8307,MIDTOW,36.1196,-86.7536,POINT (-86.7536 36.1196)
20190217737,03/20/2019 05:47:00 PM,2,0,0,,N,197435,4,ANGLE,22,CLOUDY,1,DAYLIGHT,12,MOTOR VEHICLE IN TRANSPORT,I65 N ENT RAMP & W TRINITY LN,NASHVILLE,TN,37207,1829,EAST,36.2063,-86.7735,POINT (-86.7735 36.2063)
20190298492,04/18/2019 09:03:00 AM,2,0,0,,Y,299243,98,OTHER,21,CLEAR,1,DAYLIGHT,12;14,MOTOR VEHICLE IN TRANSPORT;PARKED MOTOR VEHICLE,CAPITOL BLVD & CHURCH ST,NASHVILLE,TN,37219,4143,CENTRA,36.1624,-86.7821,POINT (-86.7821 36.1624)
20190250196,04/01/2019 07:00:00 AM,2,0,0,,N,676834,5,SIDESWIPE - SAME DIRECTION,21,CLEAR,1,DAYLIGHT,12,MOTOR VEHICLE IN TRANSPORT,I65 N ENT RAMP & W TRINITY LN,NASHVILLE,TN,37207,1829,EAST,36.2063,-86.7735,POINT (-86.7735 36.2063)
20190054151,01/21/2019 02:39:00 PM,3,0,0,,N,151132,4,ANGLE,22,CLOUDY,1,DAYLIGHT,12,MOTOR VEHICLE IN TRANSPORT,GALLATIN PKES & E OLD HICKORY BLVD,MADISON,TN,37115,1771,MADISO,36.2622,-86.7122,POINT (-86.7122 36.2622)
20190175194,03/05/2019 04:20:00 PM,2,1,0,,Y,580819,5,SIDESWIPE - SAME DIRECTION,21,CLEAR,1,DAYLIGHT,12,MOTOR VEHICLE IN TRANSPORT,MM 212 0 I 40,NASHVILLE,TN,37210,90041,HERMIT,36.147,-86.7433,POINT (-86.7433 36.147)
20190335846,05/01/2019 06:51:00 PM,2,2,0,,N,256426,2,HEAD-ON,2,RAIN,5,DUSK,12,MOTOR VEHICLE IN TRANSPORT,ELM HILL PKE & MASSMAN DR,NASHVILLE,TN,37210,9017,HERMIT,36.1449,-86.711,POINT (-86.711 36.1449)
20190014039,01/06/2019 02:48:00 PM,3,4,0,,N,256374,11,Front to Rear,21,CLEAR,1,DAYLIGHT,12,MOTOR VEHICLE IN TRANSPORT,NOLENSVILLE PKE & OLD HICKORY BLVD,NASHVILLE,TN,37211,8717,SOUTH,36.0454,-86.7133,POINT (-86.7133 36.0454)
20190027955,01/11/2019 01:53:00 PM,2,1,0,,N,226136,4,ANGLE,22,CLOUDY,1,DAYLIGHT,12,MOTOR VEHICLE IN TRANSPORT,17TH AVS & HORTON AV,NASHVILLE,TN,37212,6621,MIDTOW,36.1394,-86.7952,POINT (-86.7952 36.1394)
20190235812,03/26/2019 10:50:00 PM,2,2,0,,N,330422,11,Front to Rear,21,CLEAR,3,DARK - LIGHTED,12,MOTOR VEHICLE IN TRANSPORT,MM 53 7 I 24,NASHVILLE,TN,37211,88122,SOUTH,36.1097,-86.7216,POINT (-86.7216 36.1097)
20190499303,07/02/2019 06:15:00 PM,2,0,0,,Y,151132,11,Front to Rear,21,CLEAR,1,DAYLIGHT,12,MOTOR VEHICLE IN TRANSPORT,OLD HICKORY BLVDW & HERITAGE DR,MADISON,TN,37115,1749,MADISO,36.2641,-86.7242,POINT (-86.7242 36.2641)
20190263919,04/05/2019 08:31:00 PM,1,0,0,Y,Y,279124,9,UNKNOWN,21,CLEAR,3,DARK - LIGHTED,99,UNKNOWN MOST HARMFUL EVENT,LAVERGNE COUCHVILLE PKE & OLD HICKORY BL,ANTIOCH,TN,37013,8901,SOUTH,36.0441,-86.5844,POINT (-86.5844 36.0441)
20190564907,07/29/2019 06:30:00 PM,3,0,0,,N,352156,11,Front to Rear,21,CLEAR,1,DAYLIGHT,12;20,MOTOR VEHICLE IN TRANSPORT;IMPACT ATTENUATOR,0 MURFREESBORO PKE,NASHVILLE,TN,37217,8935,HERMIT,36.0889,-86.6499,POINT (-86.6499 36.0889)
20190060144,01/23/2019 04:50:00 PM,2,0,0,,N,330414,11,Front to Rear,2,RAIN,1,DAYLIGHT,12,MOTOR VEHICLE IN TRANSPORT,MM 1 0 I 440,NASHVILLE,TN,37205,5234,WEST,36.1438,-86.8226,POINT (-86.8226 36.1438)
20190185293,03/08/2019 09:19:00 PM,1,0,0,,N,420040,0,NOT COLLISION W/MOTOR VEHICLE-TRANSPORT,2,RAIN,3,DARK - LIGHTED,36;37,CONCRETE TRAFFIC BARRIER;Other Traffic Barrier,MM 5 9 I 440,NASHVILLE,TN,37204,83062,MIDTOW,36.1215,-86.7578,POINT (-86.7578 36.1215)
20190209841,03/18/2019 09:17:00 AM,2,0,0,,N,212369,11,Front to Rear,21,CLEAR,1,DAYLIGHT,12,MOTOR VEHICLE IN TRANSPORT,I65 S EXT RAMP & I 65,MADISON,TN,37115,20044,MADISO,36.2481,-86.743,POINT (-86.743 36.2481)
20190213514,03/19/2019 11:18:00 AM,2,0,0,,N,493309,11,Front to Rear,21,CLEAR,1,DAYLIGHT,12,MOTOR VEHICLE IN TRANSPORT,OLD HICKORY BLVD & LAWING DR,NASHVILLE,TN,37207,2025,MADISO,36.2745,-86.7641,POINT (-86.7641 36.2745)
20190272449,04/09/2019 09:57:00 AM,2,1,0,,N,109534,11,Front to Rear,21,CLEAR,1,DAYLIGHT,12,MOTOR VEHICLE IN TRANSPORT,MM 211 7 I 40,NASHVILLE,TN,37210,82042,HERMIT,36.1499,-86.7483,POINT (-86.7483 36.1499)
20190450701,06/13/2019 05:19:00 PM,2,0,0,,Y,212322,5,SIDESWIPE - SAME DIRECTION,21,CLEAR,1,DAYLIGHT,12,MOTOR VEHICLE IN TRANSPORT,MURFREESBORO PKE & NASHBORO BLVD,ANTIOCH,TN,37013,8891,SOUTH,36.0869,-86.6487,POINT (-86.6487 36.0869)
20190400360,05/25/2019 02:10:00 PM,2,0,0,,Y,717341,11,Front to Rear,21,CLEAR,1,DAYLIGHT,12,MOTOR VEHICLE IN TRANSPORT,NASHBORO BLVD & MURFREESBORO PKE,NASHVILLE,TN,37217,8935,HERMIT,36.0884,-86.6478,POINT (-86.6478 36.0884)
20190200558,03/14/2019 02:54:00 PM,2,0,0,,N,306230,5,SIDESWIPE - SAME DIRECTION,21,CLEAR,1,DAYLIGHT,12,MOTOR VEHICLE IN TRANSPORT,MM 39 0 I 24,WHITES CREEK,TN,37189,33181,NORTH,36.2971,-86.8115,POINT (-86.8115 36.2971)
20190337603,05/02/2019 10:56:00 AM,2,0,0,,N,538214,5,SIDESWIPE - SAME DIRECTION,21,CLEAR,1,DAYLIGHT,12,MOTOR VEHICLE IN TRANSPORT,5TH AVN & 6TH AVN,NASHVILLE,TN,37219,4203,CENTRA,36.1671,-86.7827,POINT (-86.7827 36.1671)
20190421144,06/02/2019 06:10:00 PM,2,0,0,,N,320577,11,Front to Rear,21,CLEAR,1,DAYLIGHT,12,MOTOR VEHICLE IN TRANSPORT,MM 5 3 I 440,NASHVILLE,TN,37204,81061,MIDTOW,36.1194,-86.7669,POINT (-86.7669 36.1194)
20190337049,05/02/2019 06:55:00 AM,2,0,0,,N,676834,11,Front to Rear,21,CLEAR,1,DAYLIGHT,12,MOTOR VEHICLE IN TRANSPORT,CLARKSVILLE PKE & ROSA L PARKS BLVD,NASHVILLE,TN,37228,4483,NORTH,36.1889,-86.8231,POINT (-86.8231 36.1889)
20190480288,06/25/2019 02:02:00 PM,3,3,0,,N,420059,11,Front to Rear,21,CLEAR,1,DAYLIGHT,12,MOTOR VEHICLE IN TRANSPORT,BLACKMAN RD & SHADESCREST DR,NASHVILLE,TN,37211,8611,MIDTOW,36.0742,-86.7378,POINT (-86.7378 36.0742)
20190319918,04/25/2019 03:49:00 PM,2,2,0,,N,419972,4,ANGLE,21,CLEAR,1,DAYLIGHT,12,MOTOR VEHICLE IN TRANSPORT,WOODLAWN DR & WILSON BLVDS,NASHVILLE,TN,37215,6015,WEST,36.1244,-86.8333,POINT (-86.8333 36.1244)
20190129926,02/17/2019 12:00:00 AM,1,0,0,,Y,620067,0,NOT COLLISION W/MOTOR VEHICLE-TRANSPORT,2,RAIN,1,DAYLIGHT,42,TREE,BARNES RD & STANFORD VILLAGE DR,ANTIOCH,TN,37013,8759,SOUTH,36.0235,-86.6884,POINT (-86.6884 36.0235)
20190558937,07/26/2019 11:58:00 PM,3,1,0,,Y,298875,11,Front to Rear,21,CLEAR,3,DARK - LIGHTED,12,MOTOR VEHICLE IN TRANSPORT,OLD HICKORY BLVD & I24 E EXT RAMP,WHITES CREEK,TN,37189,3227,NORTH,36.2768,-86.801,POINT (-86.801 36.2768)
20190261801,04/05/2019 12:00:00 AM,1,0,0,,Y,197055,0,NOT COLLISION W/MOTOR VEHICLE-TRANSPORT,2,RAIN,3,DARK - LIGHTED,7,,PETTUS RD & PRESTON RD,ANTIOCH,TN,37013,8763,SOUTH,36.0207,-86.665,POINT (-86.665 36.0207)
20190157402,02/27/2019 02:20:00 AM,2,0,0,,N,298871,5,SIDESWIPE - SAME DIRECTION,21,CLEAR,3,DARK - LIGHTED,14,PARKED MOTOR VEHICLE,18TH AVN & HUBBS ALY,NASHVILLE,TN,37203,5513,MIDTOW,36.1557,-86.7981,POINT (-86.7981 36.1557)
20190168828,03/03/2019 01:32:00 PM,2,0,0,,N,538214,4,ANGLE,22,CLOUDY,1,DAYLIGHT,12,MOTOR VEHICLE IN TRANSPORT,MM 49 3 I 24,NASHVILLE,TN,37206,10040,EAST,36.1629,-86.7614,POINT (-86.7614 36.1629)
20190343891,05/04/2019 09:50:00 PM,1,0,0,Y,N,320583,0,NOT COLLISION W/MOTOR VEHICLE-TRANSPORT,2,RAIN,3,DARK - LIGHTED,30,UTILITY POLE,31ST AVN & HEDRICK ST,NASHVILLE,TN,37203,5627,MIDTOW,36.1431,-86.8159,POINT (-86.8159 36.1431)
20190459622,06/17/2019 12:41:00 PM,3,1,0,,N,716886,11,Front to Rear,21,CLEAR,1,DAYLIGHT,12,MOTOR VEHICLE IN TRANSPORT,MM 59 6 I 24,ANTIOCH,TN,37013,88060,SOUTH,36.0438,-86.6561,POINT (-86.6561 36.0438)
20190531854,07/16/2019 02:04:00 PM,2,0,0,,N,267831,11,Front to Rear,22,CLOUDY,1,DAYLIGHT,12,MOTOR VEHICLE IN TRANSPORT,PAGE RD & HARDING PKE,NASHVILLE,TN,37205,6201,WEST,36.1002,-86.8707,POINT (-86.8707 36.1002)
20190380869,05/18/2019 03:42:00 PM,3,0,0,Y,N,299257,4,ANGLE,21,CLEAR,1,DAYLIGHT,14,PARKED MOTOR VEHICLE,SOUTH DOUGLAS AV & DOUGLAS AVENUE RAMP,NASHVILLE,TN,37204,6923,MIDTOW,36.1303,-86.7821,POINT (-86.7821 36.1303)