Accident Number,Date and Time,Number of Motor Vehicles,Number of Injuries,Number of Fatalities,Property Damage,Hit and Run,Reporting Officer,Collision Type Code,Collision Type Description,Weather Code,Weather Description,Illumination Code,Illumination Description,Harmful Code,Harmful Code Description,Street Address,City,State,ZIP,RPA,Precinct,Latitude,Longitude,Mapped Location
20190516557,07/10/2019 07:28:00 AM,2,1,0,,N,834798,11,Front to Rear,21,CLEAR,1,DAYLIGHT,12,MOTOR VEHICLE IN TRANSPORT,THOMPSON LN & LANDERS AV,NASHVILLE,TN,37211,8521,MIDTOW,36.1112,-86.7487,POINT (-86.7487 36.1112)
20190191478,03/11/2019 03:15:00 PM,2,0,0,,N,717341,4,ANGLE,21,CLEAR,1,DAYLIGHT,12,MOTOR VEHICLE IN TRANSPORT,NOLENSVILLE PKE & ELYSIAN FIELDS CT,NASHVILLE,TN,37211,8415,SOUTH,36.0873,-86.7307,POINT (-86.7307 36.0873)
20190406676,05/28/2019 09:16:00 AM,2,0,0,,N,191578,3,REAR-TO-REAR,21,CLEAR,1,DAYLIGHT,14,PARKED MOTOR VEHICLE,ARBOR CREEK LN & ARBOR CREEK WAY,NASHVILLE,TN,37217,8825,HERMIT,36.1339,-86.6982,POINT (-86.6982 36.1339)
20190257708,04/03/2019 05:00:00 PM,2,0,0,,Y,633370,5,SIDESWIPE - SAME DIRECTION,21,CLEAR,1,DAYLIGHT,12,MOTOR VEHICLE IN TRANSPORT,HARDING PL & HARDING MALL DR,NASHVILLE,TN,37211,8705,SOUTH,36.0804,-86.7218,POINT (-86.7218 36.0804)
20190189112,03/10/2019 04:41:00 PM,2,0,0,,N,256426,11,Front to Rear,21,CLEAR,1,DAYLIGHT,12,MOTOR VEHICLE IN TRANSPORT,MM 52 3 I 24,NASHVILLE,TN,37217,8818,HERMIT,36.1376,-86.7268,POINT (-86.7268 36.1376)
20190471370,06/21/2019 02:40:00 PM,2,3,0,,N,330440,4,ANGLE,21,CLEAR,1,DAYLIGHT,12,MOTOR VEHICLE IN TRANSPORT,10TH AVN & SCOVEL ST,NASHVILLE,TN,37208,4303,NORTH,36.1734,-86.7954,POINT (-86.7954 36.1734)
20190142705,02/21/2019 06:38:00 PM,2,0,0,,N,580819,11,Front to Rear,2,RAIN,3,DARK - LIGHTED,12,MOTOR VEHICLE IN TRANSPORT,MOLLOY ST & 1ST AVS,NASHVILLE,TN,37201,4049,CENTRA,36.1594,-86.7726,POINT (-86.7726 36.1594)
20190570184,07/31/2019 07:02:00 PM,2,2,0,,N,256383,2,HEAD-ON,21,CLEAR,1,DAYLIGHT,12,MOTOR VEHICLE IN TRANSPORT,HAMILTON CHURCH RD & MURFREESBORO PKE,ANTIOCH,TN,37013,8865,SOUTH,36.0645,-86.6288,POINT (-86.6288 36.0645)
20190515098,07/09/2019 05:55:00 PM,2,0,0,,N,279214,11,Front to Rear,21,CLEAR,1,DAYLIGHT,12,MOTOR VEHICLE IN TRANSPORT,MM 82 2 I 65,NASHVILLE,TN,37203,6804,MIDTOW,36.1456,-86.7776,POINT (-86.7776 36.1456)
20190426337,06/04/2019 01:20:00 PM,1,0,0,Y,Y,212344,0,NOT COLLISION W/MOTOR VEHICLE-TRANSPORT,21,CLEAR,1,DAYLIGHT,18,OTHER OBJECT (NOT FIXED),0 PORTER RD,NASHVILLE,TN,37216,1407,EAST,36.1959,-86.7173,POINT (-86.7173 36.1959)
20190089913,02/02/2019 04:00:00 PM,2,0,0,,N,161939,4,ANGLE,21,CLEAR,1,DAYLIGHT,14,PARKED MOTOR VEHICLE,CEDARHILL DR & CEDARHILL CT,ANTIOCH,TN,37013,8757,SOUTH,36.0398,-86.7098,POINT (-86.7098 36.0398)
20190548787,07/23/2019 12:00:00 AM,2,0,0,,Y,676834,6,SIDESWIPE - OPPOSITE DIRECTION,99,UNKNOWN,9,UNKNOWN,12;14,MOTOR VEHICLE IN TRANSPORT;PARKED MOTOR VEHICLE,15TH AVN & CLAY ST,NASHVILLE,TN,37208,4413,NORTH,36.1817,-86.8095,POINT (-86.8095 36.1817)
20190501161,07/03/2019 09:30:00 AM,2,0,0,,Y,352178,11,Front to Rear,21,CLEAR,1,DAYLIGHT,12,MOTOR VEHICLE IN TRANSPORT,OLD HICKORY BLVD & BRENTWOOD MEADOWS CIR,BRENTWOOD,TN,37027,8621,MIDTOW,36.0411,-86.7464,POINT (-86.7464 36.0411)
20190455291,06/15/2019 03:00:00 PM,1,1,0,,N,330417,0,NOT COLLISION W/MOTOR VEHICLE-TRANSPORT,21,CLEAR,1,DAYLIGHT,16,THROWN OR FALLING OBJECT,MM 90 6 I 65,MADISON,TN,37115,17020,MADISO,36.2435,-86.7481,POINT (-86.7481 36.2435)
20190554356,07/25/2019 06:39:00 AM,2,2,0,,N,716886,4,ANGLE,21,CLEAR,1,DAYLIGHT,12,MOTOR VEHICLE IN TRANSPORT,OLD HICKORY BLVD & NOLENSVILLE PKE,ANTIOCH,TN,37013,8757,SOUTH,36.0455,-86.7122,POINT (-86.7122 36.0455)
20190550503,07/23/2019 08:52:00 PM,2,0,0,,N,161946,4,ANGLE,21,CLEAR,3,DARK - LIGHTED,12,MOTOR VEHICLE IN TRANSPORT,BRICK CHURCH PKE & W TRINITY LN,NASHVILLE,TN,37207,3003,NORTH,36.2064,-86.7779,POINT (-86.7779 36.2064)
20190289618,04/15/2019 05:40:00 PM,2,0,0,,N,311328,5,SIDESWIPE - SAME DIRECTION,21,CLEAR,1,DAYLIGHT,12,MOTOR VEHICLE IN TRANSPORT,MM 208 4 I 40,NASHVILLE,TN,37203,54024,NORTH,36.165,-86.7943,POINT (-86.7943 36.165)
20190351029,05/07/2019 04:22:00 PM,1,1,0,,N,134899,0,NOT COLLISION W/MOTOR VEHICLE-TRANSPORT,21,CLEAR,1,DAYLIGHT,7,,ROBINSON RD & MARTINGALE DR,OLD HICKORY,TN,37138,9619,HERMIT,36.2562,-86.6545,POINT (-86.6545 36.2562)
20190292707,04/16/2019 04:08:00 PM,2,0,0,,N,240966,4,ANGLE,21,CLEAR,1,DAYLIGHT,12,MOTOR VEHICLE IN TRANSPORT,BROADMOOR DR & GALLATIN PKE,NASHVILLE,TN,37216,1839,EAST,36.2291,-86.7252,POINT (-86.7252 36.2291)
20190406874,05/28/2019 10:45:00 AM,1,0,0,Y,N,161952,0,NOT COLLISION W/MOTOR VEHICLE-TRANSPORT,21,CLEAR,1,DAYLIGHT,40,MAIL BOX,1814 HAILEY AV,NASHVILLE,TN,37218,3157,NORTH,36.1899,-86.8321,POINT (-86.8321 36.1899)
20190413295,05/30/2019 03:15:00 PM,2,0,0,,Y,299238,11,Front to Rear,21,CLEAR,1,DAYLIGHT,12,MOTOR VEHICLE IN TRANSPORT,GALLATIN PKE & ELVIRA AV,NASHVILLE,TN,37216,1417,EAST,36.2061,-86.7368,POINT (-86.7368 36.2061)
20190562719,07/28/2019 09:00:00 PM,2,0,0,Y,Y,284059,5,SIDESWIPE - SAME DIRECTION,21,CLEAR,2,DARK - NOT LIGHTED,12,MOTOR VEHICLE IN TRANSPORT,MM 42 9 I 24,WHITES CREEK,TN,37189,32260,NORTH,36.2437,-86.7851,POINT (-86.7851 36.2437)
20190516558,07/02/2019 08:38:00 AM,1,0,0,Y,Y,676834,0,NOT COLLISION W/MOTOR VEHICLE-TRANSPORT,21,CLEAR,1,DAYLIGHT,40,MAIL BOX,1700 WILLIAMSON RD,GOODLETTSVILLE,TN,37072,2221,MADISO,36.3608,-86.7308,POINT (-86.7308 36.3608)
20190390978,05/22/2019 09:55:00 AM,2,0,0,,N,620057,4,ANGLE,21,CLEAR,1,DAYLIGHT,12,MOTOR VEHICLE IN TRANSPORT,GALLATIN PKEN & RIVERGATE PKWY,MADISON,TN,37115,1731,MADISO,36.2973,-86.6988,POINT (-86.6988 36.2973)
20190198766,03/13/2019 11:20:00 PM,2,0,0,,Y,225819,5,SIDESWIPE - SAME DIRECTION,21,CLEAR,2,DARK - NOT LIGHTED,12,MOTOR VEHICLE IN TRANSPORT,OLD HICKORY BLVD & LEGACY DR,ANTIOCH,TN,37013,8767,SOUTH,36.0057,-86.6554,POINT (-86.6554 36.0057)
20190573263,08/01/2019 10:20:00 PM,2,0,0,,Y,279198,11,Front to Rear,21,CLEAR,3,DARK - LIGHTED,14,PARKED MOTOR VEHICLE,GALLATIN PKE & E TRINITY LN,NASHVILLE,TN,37216,1837,EAST,36.205,-86.7376,POINT (-86.7376 36.205)
20190483390,06/26/2019 03:32:00 PM,2,6,1,,N,110092,11,Front to Rear,22,CLOUDY,1,DAYLIGHT,12,MOTOR VEHICLE IN TRANSPORT,LEBANON PKE & ANDREW JACKSON PKWY,HERMITAGE,TN,37076,9537,HERMIT,36.2151,-86.5962,POINT (-86.5962 36.2151)
20190296772,04/17/2019 08:09:00 PM,2,0,0,,N,151132,11,Front to Rear,21,CLEAR,3,DARK - LIGHTED,12,MOTOR VEHICLE IN TRANSPORT,GALLATIN PKES & NEELYS BEND RD,MADISON,TN,37115,1605,MADISO,36.2566,-86.7142,POINT (-86.7142 36.2566)
20190047887,01/18/2019 07:17:00 PM,2,0,0,,N,206675,4,ANGLE,21,CLEAR,3,DARK - LIGHTED,12,MOTOR VEHICLE IN TRANSPORT,OLD HICKORY BLVD & HIGHLAND WAY,NASHVILLE,TN,37211,8651,MIDTOW,36.0398,-86.7409,POINT (-86.7409 36.0398)
20190574300,08/02/2019 09:47:00 AM,4,1,0,,N,109534,11,Front to Rear,21,CLEAR,1,DAYLIGHT,12,MOTOR VEHICLE IN TRANSPORT,MM 213 8 I 40,NASHVILLE,TN,37217,8802,HERMIT,36.1413,-86.7163,POINT (-86.7163 36.1413)
20190254524,04/02/2019 05:23:00 PM,2,0,0,,N,256426,11,Front to Rear,21,CLEAR,1,DAYLIGHT,12,MOTOR VEHICLE IN TRANSPORT,MM 210 4 I 40,NASHVILLE,TN,37210,80022,SOUTH,36.1511,-86.7695,POINT (-86.7695 36.1511)
20190532347,07/16/2019 06:58:00 PM,2,0,0,,N,206675,11,Front to Rear,21,CLEAR,1,DAYLIGHT,12,MOTOR VEHICLE IN TRANSPORT,HARDING PL & BINKLEY DR,NASHVILLE,TN,37211,8501,MIDTOW,36.0773,-86.7391,POINT (-86.7391 36.0773)
20190003014,01/02/2019 06:50:00 AM,1,0,0,Y,Y,876573,0,NOT COLLISION W/MOTOR VEHICLE-TRANSPORT,21,CLEAR,1,DAYLIGHT,40,MAIL BOX,HAMILTON CHURCH RD & MARHADEN DR,ANTIOCH,TN,37013,8907,SOUTH,36.0571,-86.592,POINT (-86.592 36.0571)
20190480784,06/25/2019 05:55:00 PM,3,1,0,,Y,330413,11,Front to Rear,21,CLEAR,1,DAYLIGHT,12,MOTOR VEHICLE IN TRANSPORT,MM 77 5 I 65,NASHVILLE,TN,37220,86042,MIDTOW,36.0775,-86.7663,POINT (-86.7663 36.0775)
20190328985,04/29/2019 12:06:00 PM,2,0,0,,Y,716886,4,ANGLE,21,CLEAR,1,DAYLIGHT,12,MOTOR VEHICLE IN TRANSPORT,MT VIEW RD & HICKORY HOLLOW PKWY,ANTIOCH,TN,37013,8859,SOUTH,36.0588,-86.6705,POINT (-86.6705 36.0588)
20190199542,03/14/2019 07:48:00 AM,2,0,0,,Y,493304,11,Front to Rear,22,CLOUDY,1,DAYLIGHT,12,MOTOR VEHICLE IN TRANSPORT,N DUPONT AV & MYATT DR,MADISON,TN,37115,1705,MADISO,36.2665,-86.6901,POINT (-86.6901 36.2665)
20190473037,06/22/2019 09:30:00 AM,2,0,0,,N,462501,11,Front to Rear,22,CLOUDY,1,DAYLIGHT,12,MOTOR VEHICLE IN TRANSPORT,LEA AV & 2ND AVS,NASHVILLE,TN,37210,4031,CENTRA,36.1556,-86.7712,POINT (-86.7712 36.1556)
20190542163,07/20/2019 09:43:00 AM,2,1,0,,N,834798,4,ANGLE,2,RAIN,1,DAYLIGHT,12,MOTOR VEHICLE IN TRANSPORT,GALE LN & GRANNY WHITE PKE,NASHVILLE,TN,37204,6933,MIDTOW,36.1171,-86.7916,POINT (-86.7916 36.1171)
20190052665,01/20/2019 12:00:00 AM,2,0,0,,Y,166477,4,ANGLE,21,CLEAR,3,DARK - LIGHTED,12;14,MOTOR VEHICLE IN TRANSPORT;PARKED MOTOR VEHICLE,MELVIN JONES DR & SOUTHWIND DR,NASHVILLE,TN,37217,8849,SOUTH,36.0991,-86.667,POINT (-86.667 36.0991)
20190138733,02/20/2019 12:45:00 PM,2,0,0,,N,109530,5,SIDESWIPE - SAME DIRECTION,2,RAIN,1,DAYLIGHT,12,MOTOR VEHICLE IN TRANSPORT,DEMONBREUN ST & 8TH AVS,NASHVILLE,TN,37203,4061,CENTRA,36.157,-86.7806,POINT (-86.7806 36.157)
20190359693,05/10/2019 04:19:00 PM,3,3,0,,N,212338,11,Front to Rear,21,CLEAR,1,DAYLIGHT,12;6,MOTOR VEHICLE IN TRANSPORT,MM 210 3 I 40,NASHVILLE,TN,37203,80021,MIDTOW,36.15,-86.7719,POINT (-86.7719 36.15)
20190355180,05/09/2019 02:31:00 AM,3,2,0,,N,166477,4,ANGLE,21,CLEAR,2,DARK - NOT LIGHTED,12;13;54;7,MOTOR VEHICLE IN TRANSPORT;MOTOR VEHICLE IN TRANSPORT-OTHER ROADWAY;Set In Motion By Motor Vehicle,MURFREESBORO & MT. VIEW,ANTIOCH,TN,37013,8865,SOUTH,36.0544,-86.6188,POINT (-86.6188 36.0544)
20190163526,03/01/2019 06:07:00 AM,2,0,0,,N,887591,4,ANGLE,21,CLEAR,3,DARK - LIGHTED,12,MOTOR VEHICLE IN TRANSPORT,HAMILTON CHURCH RD & MURFREESBORO PKE,ANTIOCH,TN,37013,8865,SOUTH,36.0645,-86.6288,POINT (-86.6288 36.0645)
20190169502,03/03/2019 09:30:00 PM,2,1,0,,Y,256412,11,Front to Rear,21,CLEAR,2,DARK - NOT LIGHTED,12,MOTOR VEHICLE IN TRANSPORT,0 MURFREESBORO PKE,ANTIOCH,TN,37013,8979,SOUTH,36.0654,-86.6291,POINT (-86.6291 36.0654)
20190566211,07/30/2019 08:22:00 AM,2,1,0,,Y,226622,2,HEAD-ON,22,CLOUDY,1,DAYLIGHT,12,MOTOR VEHICLE IN TRANSPORT,RIVER ROUGE DR & ANNEX AV,NASHVILLE,TN,37209,4675,WEST,36.1497,-86.885,POINT (-86.885 36.1497)
20190030917,01/12/2019 06:31:00 PM,2,0,0,,N,191578,5,SIDESWIPE - SAME DIRECTION,2,RAIN,3,DARK - LIGHTED,12,MOTOR VEHICLE IN TRANSPORT,BROADWAY & 8TH AVS,NASHVILLE,TN,37203,4083,CENTRA,36.1589,-86.7821,POINT (-86.7821 36.1589)
20190004449,01/02/2019 05:23:00 PM,1,0,0,Y,Y,909486,0,NOT COLLISION W/MOTOR VEHICLE-TRANSPORT,2,RAIN,3,DARK - LIGHTED,24;63,GUARDRAIL FACE;Ran Off Road-Right,NORTHCREST DR & COTTON LN,NASHVILLE,TN,37211,8659,MIDTOW,36.067,-86.725,POINT (-86.725 36.067)
20190075807,01/29/2019 07:30:00 AM,2,0,0,,N,330431,11,Front to Rear,21,CLEAR,1,DAYLIGHT,12,MOTOR VEHICLE IN TRANSPORT,I24 E EXT RAMP & I 24,NASHVILLE,TN,37207,30080,NORTH,36.2378,-86.7872,POINT (-86.7872 36.2378)
20190366159,05/13/2019 12:00:00 AM,2,1,0,,N,256379,11,Front to Rear,21,CLEAR,1,DAYLIGHT,12,MOTOR VEHICLE IN TRANSPORT,I24 W EXT RAMP & I 24,NASHVILLE,TN,37211,8829,SOUTH,36.1074,-86.7197,POINT (-86.7197 36.1074)
20190524391,07/13/2019 08:50:00 AM,2,0,0,,N,320601,5,SIDESWIPE - SAME DIRECTION,21,CLEAR,1,DAYLIGHT,12,MOTOR VEHICLE IN TRANSPORT,I24 W EXT RAMP & I24 W ENT RAMP,NASHVILLE,TN,37217,8801,SOUTH,36.1351,-86.7252,POINT (-86.7252 36.1351)
20190019882,01/08/2019 06:28:00 PM,2,0,0,,Y,279124,4,ANGLE,21,CLEAR,2,DARK - NOT LIGHTED,12,MOTOR VEHICLE IN TRANSPORT,MM 59 0 I 24,ANTIOCH,TN,37013,8808,SOUTH,36.049,-86.6651,POINT (-86.6651 36.049)
20190142106,02/21/2019 02:11:00 PM,2,0,0,,Y,267831,11,Front to Rear,22,CLOUDY,1,DAYLIGHT,12,MOTOR VEHICLE IN TRANSPORT,OLD HICKORY BLVD & HILLSBORO PKE,NASHVILLE,TN,37221,6215,WEST,36.0476,-86.8637,POINT (-86.8637 36.0476)
20190161569,02/28/2019 12:20:00 PM,2,0,0,,N,298864,16,Rear to Side,22,CLOUDY,1,DAYLIGHT,14,PARKED MOTOR VEHICLE,FINNLAND DR & FINNLAND DR PVTDR,WHITES CREEK,TN,37189,2015,MADISO,36.27,-86.7823,POINT (-86.7823 36.27)
20190149245,02/24/2019 04:54:00 AM,2,0,0,,N,166477,11,Front to Rear,21,CLEAR,3,DARK - LIGHTED,12,MOTOR VEHICLE IN TRANSPORT,MM 58 6 I 24,ANTIOCH,TN,37013,8808,SOUTH,36.0518,-86.67,POINT (-86.67 36.0518)
20190333523,04/30/2019 01:00:00 PM,2,0,0,,N,240964,16,Rear to Side,21,CLEAR,1,DAYLIGHT,14,PARKED MOTOR VEHICLE,SCOTTS CREEK TRL & GREER STATION DR,HERMITAGE,TN,37076,9509,HERMIT,36.2019,-86.5936,POINT (-86.5936 36.2019)
20190569960,07/31/2019 05:10:00 PM,2,1,0,,N,179591,11,Front to Rear,21,CLEAR,1,DAYLIGHT,12,MOTOR VEHICLE IN TRANSPORT,MM 207 9 I 40,NASHVILLE,TN,37208,54022,NORTH,36.1693,-86.7972,POINT (-86.7972 36.1693)
20190044460,01/17/2019 02:30:00 PM,2,0,0,,Y,311338,11,Front to Rear,2,RAIN,1,DAYLIGHT,12,MOTOR VEHICLE IN TRANSPORT,I65 S EXT RAMP & I 65,MADISON,TN,37115,20044,MADISO,36.2481,-86.743,POINT (-86.743 36.2481)
20190049725,01/19/2019 04:50:00 PM,2,1,0,,N,256426,4,ANGLE,2,RAIN,1,DAYLIGHT,12,MOTOR VEHICLE IN TRANSPORT,LEBANON PKE & OLD LEBANON PKE,NASHVILLE,TN,37214,9125,HERMIT,36.1678,-86.6637,POINT (-86.6637 36.1678)
20190522965,07/12/2019 05:35:00 PM,2,0,0,,N,320599,11,Front to Rear,21,CLEAR,1,DAYLIGHT,12,MOTOR VEHICLE IN TRANSPORT,DONELSON PKE & I40 E ENT RAMP,NASHVILLE,TN,37214,8953,HERMIT,36.1396,-86.6662,POINT (-86.6662 36.1396)
20190258547,04/04/2019 12:00:00 AM,1,0,0,,Y,166477,0,NOT COLLISION W/MOTOR VEHICLE-TRANSPORT,21,CLEAR,3,DARK - LIGHTED,32;63,CULVERT;Ran Off Road-Right,RICE RD & RURAL HILL RD,ANTIOCH,TN,37013,8861,SOUTH,36.0687,-86.6398,POINT (-86.6398 36.0687)
20190470645,06/21/2019 08:30:00 AM,2,0,0,,N,676834,11,Front to Rear,21,CLEAR,1,DAYLIGHT,12,MOTOR VEHICLE IN TRANSPORT,MM 207 9 I 40,NASHVILLE,TN,37208,54022,NORTH,36.1693,-86.7972,POINT (-86.7972 36.1693)
20190122546,02/14/2019 01:00:00 PM,2,0,0,,N,876577,4,ANGLE,22,CLOUDY,1,DAYLIGHT,12,MOTOR VEHICLE IN TRANSPORT,HARDING PL & MCGAVOCK PKE,NASHVILLE,TN,37211,8847,SOUTH,36.0896,-86.6884,POINT (-86.6884 36.0896)
20190188071,03/10/2019 03:44:00 AM,2,2,0,,N,298871,4,ANGLE,21,CLEAR,3,DARK - LIGHTED,12,MOTOR VEHICLE IN TRANSPORT,21ST AVN & CHURCH ST,NASHVILLE,TN,37203,5527,MIDTOW,36.152,-86.8024,POINT (-86.8024 36.152)
20190449526,06/13/2019 11:20:00 AM,2,0,0,,Y,716886,6,SIDESWIPE - OPPOSITE DIRECTION,21,CLEAR,1,DAYLIGHT,14,PARKED MOTOR VEHICLE,TARMAC WAY & SUNNYWOOD DR,ANTIOCH,TN,37013,8759,SOUTH,36.0165,-86.6928,POINT (-86.6928 36.0165)
20190165260,03/01/2019 08:29:00 PM,2,5,1,Y,N,725756,5,SIDESWIPE - SAME DIRECTION,21,CLEAR,2,DARK - NOT LIGHTED,1;12;24,MOTOR VEHICLE IN TRANSPORT;GUARDRAIL FACE,MM 195 2 I 40,NASHVILLE,TN,37221,4804,WEST,36.0739,-86.9736,POINT (-86.9736 36.0739)
20190032300,01/13/2019 10:23:00 AM,1,2,0,,N,420059,0,NOT COLLISION W/MOTOR VEHICLE-TRANSPORT,2,RAIN,1,DAYLIGHT,42,TREE,HOLT RD & WINFIELD DR,NASHVILLE,TN,37211,8651,MIDTOW,36.0151,-86.7356,POINT (-86.7356 36.0151)
20190385521,05/20/2019 04:08:00 PM,2,0,0,,N,311333,4,ANGLE,21,CLEAR,1,DAYLIGHT,12,MOTOR VEHICLE IN TRANSPORT,MURFREESBORO PKE & HURRICANE CREEK BLVD,ANTIOCH,TN,37013,8869,SOUTH,36.0302,-86.5926,POINT (-86.5926 36.0302)
20190102634,02/07/2019 08:54:00 AM,2,1,0,,N,226136,4,ANGLE,22,CLOUDY,1,DAYLIGHT,12,MOTOR VEHICLE IN TRANSPORT,OLD HICKORY BLVD & WOODLAND HILLS DR,NASHVILLE,TN,37211,8651,MIDTOW,36.0387,-86.731,POINT (-86.731 36.0387)
20190250799,03/31/2019 12:00:00 AM,2,0,0,,Y,690942,9,UNKNOWN,99,UNKNOWN,9,UNKNOWN,14;99,PARKED MOTOR VEHICLE;UNKNOWN MOST HARMFUL EVENT,5TH AVN & JUNIOR GILLIAM WAY,NASHVILLE,TN,37219,4235,CENTRA,36.173,-86.7866,POINT (-86.7866 36.173)
20190010076,01/04/2019 06:00:00 PM,2,0,0,,N,298874,5,SIDESWIPE - SAME DIRECTION,2,RAIN,3,DARK - LIGHTED,12,MOTOR VEHICLE IN TRANSPORT,WOODLAND ST & S 10TH ST,NASHVILLE,TN,37206,1201,EAST,36.177,-86.7512,POINT (-86.7512 36.177)
20190537911,07/18/2019 06:20:00 PM,2,0,0,,N,714641,5,SIDESWIPE - SAME DIRECTION,21,CLEAR,1,DAYLIGHT,12,MOTOR VEHICLE IN TRANSPORT,CHURCH ST & 3RD AVN,NASHVILLE,TN,37201,4137,CENTRA,36.1642,-86.7777,POINT (-86.7777 36.1642)
20190178877,03/06/2019 06:06:00 PM,1,3,0,Y,N,834813,0,NOT COLLISION W/MOTOR VEHICLE-TRANSPORT,21,CLEAR,2,DARK - NOT LIGHTED,30,UTILITY POLE,LICKTON PKE & WHITES CREEK PKE PVTDR,WHITES CREEK,TN,37189,3301,NORTH,36.2813,-86.8151,POINT (-86.8151 36.2813)
20190131747,02/18/2019 07:25:00 AM,2,0,0,,N,594473,6,SIDESWIPE - OPPOSITE DIRECTION,22,CLOUDY,1,DAYLIGHT,12,MOTOR VEHICLE IN TRANSPORT,NOLENSVILLE PKE & OLD HICKORY BLVD,NASHVILLE,TN,37211,8717,SOUTH,36.0454,-86.7133,POINT (-86.7133 36.0454)
20190024943,01/10/2019 01:10:00 PM,2,0,0,,N,716886,11,Front to Rear,21,CLEAR,1,DAYLIGHT,12,MOTOR VEHICLE IN TRANSPORT,SPACE PARK SOUTH DR & ANTIOCH PKE,NASHVILLE,TN,37211,8843,SOUTH,36.0974,-86.7067,POINT (-86.7067 36.0974)
20190191211,03/11/2019 01:14:00 PM,2,0,0,,Y,191578,11,Front to Rear,21,CLEAR,1,DAYLIGHT,12,MOTOR VEHICLE IN TRANSPORT,OLD LEBANON PKE & OLD LEBANON PKE PVTDR,NASHVILLE,TN,37214,9309,HERMIT,36.1697,-86.6684,POINT (-86.6684 36.1697)
20190055843,01/22/2019 07:20:00 AM,2,0,0,,N,235761,11,Front to Rear,21,CLEAR,1,DAYLIGHT,12,MOTOR VEHICLE IN TRANSPORT,HARDING PKE & ROYAL OAKS CONDOS PVTDR,NASHVILLE,TN,37205,6101,WEST,36.1235,-86.8497,POINT (-86.8497 36.1235)
20190575075,08/02/2019 03:57:00 PM,2,0,0,,N,256380,11,Front to Rear,21,CLEAR,1,DAYLIGHT,12,MOTOR VEHICLE IN TRANSPORT,MM 86 3 I 65,NASHVILLE,TN,37207,1910,CENTRA,36.1919,-86.7808,POINT (-86.7808 36.1919)
20190047427,01/18/2019 12:00:00 AM,2,0,0,,N,298877,4,ANGLE,21,CLEAR,1,DAYLIGHT,12,MOTOR VEHICLE IN TRANSPORT,BLUE HOLE RD & BELL RD,ANTIOCH,TN,37013,8721,SOUTH,36.0458,-86.6744,POINT (-86.6744 36.0458)
20190147305,02/23/2019 10:00:00 AM,2,1,0,,Y,769379,11,Front to Rear,2,RAIN,1,DAYLIGHT,12,MOTOR VEHICLE IN TRANSPORT,MURFREESBORO PKE & MOUNTAIN SPRINGS RD,ANTIOCH,TN,37013,8927,SOUTH,36.0478,-86.6121,POINT (-86.6121 36.0478)
20190363924,05/12/2019 04:10:00 PM,1,1,0,,N,256374,0,NOT COLLISION W/MOTOR VEHICLE-TRANSPORT,22,CLOUDY,1,DAYLIGHT,1;7,,CULBERTSON RD & MILL CREEK LENOX VILLAGE,ANTIOCH,TN,37013,8767,SOUTH,36.0123,-86.6879,POINT (-86.6879 36.0123)
20190342639,05/04/2019 08:20:00 AM,2,0,0,,Y,320586,16,Rear to Side,2,RAIN,1,DAYLIGHT,14,PARKED MOTOR VEHICLE,TWIN OAKS PVTDR & ANTIOCH PKE,NASHVILLE,TN,37211,8409,SOUTH,36.1009,-86.7187,POINT (-86.7187 36.1009)
20190133323,02/18/2019 07:11:00 PM,2,0,0,,N,256389,11,Front to Rear,21,CLEAR,3,DARK - LIGHTED,12,MOTOR VEHICLE IN TRANSPORT,WEDGEWOOD AV & 12TH AVS,NASHVILLE,TN,37203,6913,MIDTOW,36.1361,-86.7879,POINT (-86.7879 36.1361)
20190028374,01/11/2019 04:44:00 PM,2,1,0,,N,909486,11,Front to Rear,21,CLEAR,5,DUSK,12,MOTOR VEHICLE IN TRANSPORT,ELYSIAN FIELDS RD & NOLENSVILLE PKE,NASHVILLE,TN,37211,8415,SOUTH,36.0864,-86.7291,POINT (-86.7291 36.0864)
20190521627,07/12/2019 06:10:00 AM,2,0,0,,N,330416,11,Front to Rear,21,CLEAR,1,DAYLIGHT,12,MOTOR VEHICLE IN TRANSPORT,BRILEY PKWY W ENT RAMP & GALLATIN PKE SB,MADISON,TN,37115,1509,MADISO,36.2368,-86.7253,POINT (-86.7253 36.2368)
20190322430,04/26/2019 11:45:00 AM,2,0,0,,N,330438,5,SIDESWIPE - SAME DIRECTION,21,CLEAR,1,DAYLIGHT,12,MOTOR VEHICLE IN TRANSPORT,MM 212 9 I 40,NASHVILLE,TN,37210,82061,HERMIT,36.1404,-86.7312,POINT (-86.7312 36.1404)
20190453929,06/14/2019 10:35:00 PM,2,1,0,,N,279224,4,ANGLE,21,CLEAR,2,DARK - NOT LIGHTED,12,MOTOR VEHICLE IN TRANSPORT,STRATTON AV & N 12TH ST,NASHVILLE,TN,37206,1243,EAST,36.1825,-86.7469,POINT (-86.7469 36.1825)
20190072457,01/28/2019 07:15:00 AM,2,0,0,,N,226136,11,Front to Rear,21,CLEAR,1,DAYLIGHT,12,MOTOR VEHICLE IN TRANSPORT,MM 4 4 I 440,NASHVILLE,TN,37204,7014,MIDTOW,36.1158,-86.7827,POINT (-86.7827 36.1158)
20190205500,03/16/2019 10:28:00 AM,1,2,0,Y,N,299243,0,NOT COLLISION W/MOTOR VEHICLE-TRANSPORT,21,CLEAR,1,DAYLIGHT,30,UTILITY POLE,10TH AVN & HERMAN ST,NASHVILLE,TN,37203,4221,CENTRA,36.1689,-86.7924,POINT (-86.7924 36.1689)