Accident Number,Date and Time,Number of Motor Vehicles,Number of Injuries,Number of Fatalities,Property Damage,Hit and Run,Reporting Officer,Collision Type Code,Collision Type Description,Weather Code,Weather Description,Illumination Code,Illumination Description,Harmful Code,Harmful Code Description,Street Address,City,State,ZIP,RPA,Precinct,Latitude,Longitude,Mapped Location
20190443732,06/11/2019 11:00:00 AM,2,1,0,,N,716886,4,ANGLE,21,CLEAR,1,DAYLIGHT,12,MOTOR VEHICLE IN TRANSPORT,NOLENSVILLE PKE & HAYWOOD LN,NASHVILLE,TN,37211,8711,SOUTH,36.0681,-86.719,POINT (-86.719 36.0681)
20190486698,06/27/2019 06:20:00 PM,2,0,0,,N,256496,4,ANGLE,2,RAIN,5,DUSK,12;36,MOTOR VEHICLE IN TRANSPORT;CONCRETE TRAFFIC BARRIER,I40 E EXT RAMP & CENTRAL PKE ENT RAMP,HERMITAGE,TN,37076,95100,HERMIT,36.1725,-86.606,POINT (-86.606 36.1725)
20190213993,03/19/2019 02:28:00 PM,2,0,0,,N,212347,11,Front to Rear,21,CLEAR,1,DAYLIGHT,12,MOTOR VEHICLE IN TRANSPORT,CHARLOTTE PKE & OLD HICKORY BLVD,NASHVILLE,TN,37209,4701,WEST,36.1177,-86.9218,POINT (-86.9218 36.1177)
20190209586,03/18/2019 07:00:00 AM,2,1,0,,N,226136,11,Front to Rear,21,CLEAR,1,DAYLIGHT,12,MOTOR VEHICLE IN TRANSPORT,I65 N EXT RAMP & I 65,NASHVILLE,TN,37207,1863,EAST,36.2057,-86.7747,POINT (-86.7747 36.2057)
20190100090,02/06/2019 11:45:00 AM,1,0,0,Y,N,223502,0,NOT COLLISION W/MOTOR VEHICLE-TRANSPORT,2,RAIN,1,DAYLIGHT,34;38,DITCH;FENCE,RECOVERY RD & WALLACE RD,NASHVILLE,TN,37211,8705,SOUTH,36.0791,-86.7205,POINT (-86.7205 36.0791)
20190014053,01/06/2019 01:30:00 PM,2,0,0,,Y,330411,3,REAR-TO-REAR,21,CLEAR,1,DAYLIGHT,14,PARKED MOTOR VEHICLE,LEBANON PKE & PARK DR,NASHVILLE,TN,37214,9307,HERMIT,36.1697,-86.677,POINT (-86.677 36.1697)
20190303265,04/19/2019 12:00:00 AM,1,0,0,Y,Y,212337,0,NOT COLLISION W/MOTOR VEHICLE-TRANSPORT,2,RAIN,3,DARK - LIGHTED,47;7,FIRE HYDRANT,GARFIELD ST & ROSA L PARKS BLVD,NASHVILLE,TN,37208,4343,NORTH,36.1806,-86.7963,POINT (-86.7963 36.1806)
20190420091,06/02/2019 06:24:00 AM,3,0,0,,N,769379,4,ANGLE,21,CLEAR,4,DAWN,12;14,MOTOR VEHICLE IN TRANSPORT;PARKED MOTOR VEHICLE,TAMPA DR & BENITA DR,NASHVILLE,TN,37211,8417,SOUTH,36.0919,-86.7164,POINT (-86.7164 36.0919)
20190251603,04/01/2019 05:14:00 PM,2,0,0,,Y,299266,5,SIDESWIPE - SAME DIRECTION,21,CLEAR,1,DAYLIGHT,12,MOTOR VEHICLE IN TRANSPORT,DONELSON PKE & CITATION DR,NASHVILLE,TN,37217,8841,SOUTH,36.0997,-86.6767,POINT (-86.6767 36.0997)
20190567395,07/30/2019 06:18:00 PM,2,1,0,Y,N,256389,4,ANGLE,21,CLEAR,1,DAYLIGHT,12,MOTOR VEHICLE IN TRANSPORT,CHET ATKINS PL & MUSIC SQW,NASHVILLE,TN,37212,6713,MIDTOW,36.1485,-86.7935,POINT (-86.7935 36.1485)
20190354265,05/08/2019 05:04:00 PM,2,0,0,,Y,256384,4,ANGLE,21,CLEAR,1,DAYLIGHT,13,MOTOR VEHICLE IN TRANSPORT-OTHER ROADWAY,PERKINS ST & CLAIBORNE ST,NASHVILLE,TN,37210,8147,SOUTH,36.1473,-86.7614,POINT (-86.7614 36.1473)
20190545857,07/22/2019 12:00:00 AM,2,0,0,,Y,279201,5,SIDESWIPE - SAME DIRECTION,21,CLEAR,2,DARK - NOT LIGHTED,14,PARKED MOTOR VEHICLE,LEBANON PKE & MEADOW CLIFF,NASHVILLE,TN,37210,9019,HERMIT,36.1635,-86.6995,POINT (-86.6995 36.1635)
20190325081,04/27/2019 05:10:00 PM,2,0,0,,N,414711,11,Front to Rear,21,CLEAR,1,DAYLIGHT,12,MOTOR VEHICLE IN TRANSPORT,HILLSBORO PKE & WOODMONT BLVD,NASHVILLE,TN,37215,6105,WEST,36.114,-86.8109,POINT (-86.8109 36.114)
20190035822,01/14/2019 07:27:00 PM,2,0,0,Y,N,311327,4,ANGLE,21,CLEAR,3,DARK - LIGHTED,12;18,MOTOR VEHICLE IN TRANSPORT;OTHER OBJECT (NOT FIXED),MM 88 6 I 65,NASHVILLE,TN,37207,3004,EAST,36.2251,-86.7745,POINT (-86.7745 36.2251)
20190540590,07/19/2019 06:28:00 PM,2,1,0,,N,320585,11,Front to Rear,21,CLEAR,1,DAYLIGHT,12,MOTOR VEHICLE IN TRANSPORT,MM 213 7 I 40,NASHVILLE,TN,37217,8802,HERMIT,36.1408,-86.7194,POINT (-86.7194 36.1408)
20190237250,03/27/2019 10:00:00 AM,2,0,0,,N,591933,4,ANGLE,21,CLEAR,1,DAYLIGHT,12,MOTOR VEHICLE IN TRANSPORT,HAMILTON CHURCH RD & MARONEY DR,ANTIOCH,TN,37013,8905,SOUTH,36.0572,-86.5931,POINT (-86.5931 36.0572)
20190527546,07/14/2019 10:10:00 PM,2,0,0,Y,Y,311326,5,SIDESWIPE - SAME DIRECTION,21,CLEAR,3,DARK - LIGHTED,12,MOTOR VEHICLE IN TRANSPORT,COFFEE ST & 10TH AVN,NASHVILLE,TN,37208,4447,NORTH,36.1828,-86.804,POINT (-86.804 36.1828)
20190512194,07/08/2019 12:32:00 PM,2,1,0,,N,481573,5,SIDESWIPE - SAME DIRECTION,21,CLEAR,1,DAYLIGHT,12,MOTOR VEHICLE IN TRANSPORT,MM 1 3 I 440,NASHVILLE,TN,37205,5242,WEST,36.1385,-86.8226,POINT (-86.8226 36.1385)
20190465442,06/19/2019 03:38:00 PM,2,3,0,,Y,309262,4,ANGLE,21,CLEAR,1,DAYLIGHT,12,MOTOR VEHICLE IN TRANSPORT,BRILEY PARK BLVDN & BRICK CHURCH LN,NASHVILLE,TN,37207,2037,MADISO,36.2452,-86.7821,POINT (-86.7821 36.2452)
20190338463,05/02/2019 04:24:00 PM,2,1,0,,N,352205,4,ANGLE,21,CLEAR,1,DAYLIGHT,12;30,MOTOR VEHICLE IN TRANSPORT;UTILITY POLE,SHELBY AV & S 16TH ST,NASHVILLE,TN,37206,1051,EAST,36.1705,-86.7429,POINT (-86.7429 36.1705)
20190322113,04/26/2019 09:28:00 AM,2,0,0,,N,352158,4,ANGLE,21,CLEAR,1,DAYLIGHT,12,MOTOR VEHICLE IN TRANSPORT,EDMONDSON PKE & OLD HICKORY BLVD,NASHVILLE,TN,37211,8651,MIDTOW,36.04,-86.7435,POINT (-86.7435 36.04)
20190085704,02/01/2019 06:55:00 AM,2,0,0,,N,226098,4,ANGLE,2,RAIN,1,DAYLIGHT,12,MOTOR VEHICLE IN TRANSPORT,I24 E ENT RAMP & I 24,NASHVILLE,TN,37213,1007,CENTRA,36.1662,-86.7659,POINT (-86.7659 36.1662)
20190153154,02/25/2019 05:04:00 PM,3,0,0,,N,256383,11,Front to Rear,21,CLEAR,1,DAYLIGHT,12,MOTOR VEHICLE IN TRANSPORT,OLD HICKORY BLVD & HOBSON PKE,ANTIOCH,TN,37013,8867,SOUTH,36.036,-86.611,POINT (-86.611 36.036)
20190094423,02/04/2019 05:48:00 PM,2,0,0,,N,281611,11,Front to Rear,2,RAIN,2,DARK - NOT LIGHTED,12,MOTOR VEHICLE IN TRANSPORT,BELLEVUE RDN & OLD HARDING PKE,NASHVILLE,TN,37221,4819,WEST,36.0657,-86.9375,POINT (-86.9375 36.0657)
20190525255,07/13/2019 06:40:00 PM,1,0,0,,N,330443,0,NOT COLLISION W/MOTOR VEHICLE-TRANSPORT,2,RAIN,1,DAYLIGHT,36,CONCRETE TRAFFIC BARRIER,MM 92 0 I 65,MADISON,TN,37115,17280,MADISO,36.2612,-86.7382,POINT (-86.7382 36.2612)
20190282023,04/12/2019 03:48:00 PM,2,0,0,,N,151132,4,ANGLE,22,CLOUDY,1,DAYLIGHT,12,MOTOR VEHICLE IN TRANSPORT,OLD HICKORY BLVDW & BEVERLY DR,MADISON,TN,37115,1749,MADISO,36.2641,-86.7252,POINT (-86.7252 36.2641)
20190011071,01/05/2019 02:23:00 AM,1,0,0,Y,N,206680,0,NOT COLLISION W/MOTOR VEHICLE-TRANSPORT,21,CLEAR,3,DARK - LIGHTED,75,Bridge/Overhead Structure,MM 88 5 I 65,NASHVILLE,TN,37207,30040,NORTH,36.2237,-86.7746,POINT (-86.7746 36.2237)
20190341100,05/03/2019 04:15:00 PM,3,1,0,,N,311328,11,Front to Rear,22,CLOUDY,1,DAYLIGHT,12,MOTOR VEHICLE IN TRANSPORT,MM 210 3 I 40,NASHVILLE,TN,37203,80021,MIDTOW,36.15,-86.7719,POINT (-86.7719 36.15)
20190143056,02/21/2019 09:11:00 PM,2,0,0,,Y,311333,4,ANGLE,2,RAIN,2,DARK - NOT LIGHTED,12,MOTOR VEHICLE IN TRANSPORT,ASHLAWN DR & EULALA DR,NASHVILLE,TN,37211,8717,SOUTH,36.05,-86.703,POINT (-86.703 36.05)
20190109056,02/09/2019 08:27:00 PM,2,0,0,,Y,311334,5,SIDESWIPE - SAME DIRECTION,21,CLEAR,3,DARK - LIGHTED,12,MOTOR VEHICLE IN TRANSPORT,8TH AVS & DEMONBREUN ST,NASHVILLE,TN,37203,4041,CENTRA,36.1569,-86.7808,POINT (-86.7808 36.1569)
20190231489,03/18/2019 12:00:00 AM,2,0,0,,N,311333,16,Rear to Side,99,UNKNOWN,1,DAYLIGHT,14,PARKED MOTOR VEHICLE,HAMILTON CHURCH RD & HOBSON PKE,ANTIOCH,TN,37013,8905,SOUTH,36.0586,-86.5978,POINT (-86.5978 36.0586)
20190502003,07/03/2019 01:54:00 PM,2,0,0,,N,405418,4,ANGLE,22,CLOUDY,1,DAYLIGHT,12,MOTOR VEHICLE IN TRANSPORT,STONE BROOK DR & OLD HICKORY BLVD,BRENTWOOD,TN,37027,8623,MIDTOW,36.0409,-86.7794,POINT (-86.7794 36.0409)
20190224379,03/22/2019 06:30:00 PM,1,1,0,,Y,298874,0,NOT COLLISION W/MOTOR VEHICLE-TRANSPORT,21,CLEAR,1,DAYLIGHT,9,,S 5TH ST & WOODLAND ST,NASHVILLE,TN,37206,1109,EAST,36.1718,-86.7648,POINT (-86.7648 36.1718)
20190312388,04/23/2019 09:55:00 AM,2,0,0,,N,109534,11,Front to Rear,21,CLEAR,1,DAYLIGHT,12,MOTOR VEHICLE IN TRANSPORT,MM 217 4 I 40,NASHVILLE,TN,37214,9404,HERMIT,36.143,-86.6504,POINT (-86.6504 36.143)
20190385707,05/20/2019 04:53:00 PM,2,0,0,,N,197054,2,HEAD-ON,21,CLEAR,1,DAYLIGHT,12,MOTOR VEHICLE IN TRANSPORT,SATURN DR & MARS DR,NASHVILLE,TN,37217,8823,HERMIT,36.1224,-86.7012,POINT (-86.7012 36.1224)
20190104998,02/08/2019 05:52:00 AM,2,1,0,,Y,191578,5,SIDESWIPE - SAME DIRECTION,21,CLEAR,4,DAWN,12,MOTOR VEHICLE IN TRANSPORT,MM 218 5 I 40,NASHVILLE,TN,37214,9404,HERMIT,36.1522,-86.6352,POINT (-86.6352 36.1522)
20190177166,03/06/2019 06:53:00 AM,1,1,0,,N,226136,0,NOT COLLISION W/MOTOR VEHICLE-TRANSPORT,21,CLEAR,1,DAYLIGHT,8,PEDESTRIAN,ARMORY DR & SIDCO DR,NASHVILLE,TN,37204,8523,MIDTOW,36.1021,-86.7554,POINT (-86.7554 36.1021)
20190278370,04/11/2019 12:00:00 AM,2,0,0,,N,429205,11,Front to Rear,21,CLEAR,1,DAYLIGHT,12,MOTOR VEHICLE IN TRANSPORT,HERMITAGE AV & PEABODY ST,NASHVILLE,TN,37201,4047,CENTRA,36.1622,-86.7744,POINT (-86.7744 36.1622)
20190234183,03/26/2019 09:22:00 AM,3,0,0,,N,226576,11,Front to Rear,21,CLEAR,1,DAYLIGHT,12,MOTOR VEHICLE IN TRANSPORT,MM 48 8 I 24,NASHVILLE,TN,37213,1104,CENTRA,36.1682,-86.7659,POINT (-86.7659 36.1682)
20190358354,05/10/2019 06:14:00 AM,2,0,0,,N,309263,11,Front to Rear,21,CLEAR,1,DAYLIGHT,12,MOTOR VEHICLE IN TRANSPORT,ELLINGTON PKWYS & SPRING ST,NASHVILLE,TN,37207,19961,EAST,36.1761,-86.7663,POINT (-86.7663 36.1761)
20190567717,07/30/2019 08:46:00 PM,1,2,0,,N,179583,0,NOT COLLISION W/MOTOR VEHICLE-TRANSPORT,21,CLEAR,3,DARK - LIGHTED,72,EMBANKMENT ROCK/STONE/CONCRETE,I24 E EXT RAMP & I 24,NASHVILLE,TN,37207,30080,NORTH,36.2378,-86.7872,POINT (-86.7872 36.2378)
20190139799,02/20/2019 09:12:00 PM,1,0,0,,N,206675,0,NOT COLLISION W/MOTOR VEHICLE-TRANSPORT,2,RAIN,2,DARK - NOT LIGHTED,1,,MM 75 3 I 65,NASHVILLE,TN,37220,71040,MIDTOW,36.0483,-86.7762,POINT (-86.7762 36.0483)
20190273599,04/09/2019 05:30:00 PM,2,0,0,,N,311328,11,Front to Rear,21,CLEAR,1,DAYLIGHT,12,MOTOR VEHICLE IN TRANSPORT,S 2ND ST & WOODLAND ST,NASHVILLE,TN,37213,1133,CENTRA,36.1695,-86.771,POINT (-86.771 36.1695)
20190121910,02/14/2019 08:04:00 AM,2,0,0,,N,676834,11,Front to Rear,21,CLEAR,1,DAYLIGHT,12,MOTOR VEHICLE IN TRANSPORT,ASHLAND CITY HWY & CLARKSVILLE PKE,NASHVILLE,TN,37218,3121,NORTH,36.1976,-86.8375,POINT (-86.8375 36.1976)
20190113840,02/11/2019 08:36:00 PM,2,1,0,,N,256383,6,SIDESWIPE - OPPOSITE DIRECTION,2,RAIN,2,DARK - NOT LIGHTED,12,MOTOR VEHICLE IN TRANSPORT,NOLENSVILLE PKE & ELYSIAN FIELDS CT,NASHVILLE,TN,37211,8415,SOUTH,36.0873,-86.7307,POINT (-86.7307 36.0873)
20190061894,01/24/2019 06:20:00 AM,2,0,0,,N,226600,0,NOT COLLISION W/MOTOR VEHICLE-TRANSPORT,22,CLOUDY,1,DAYLIGHT,15,OTHER TYPE NON-MOTORIST,HILLSBORO PKE & GREEN HILLS VILLAGE DR,NASHVILLE,TN,37215,6411,MIDTOW,36.107,-86.8132,POINT (-86.8132 36.107)
20190325735,04/27/2019 10:40:00 PM,2,0,0,,N,279201,6,SIDESWIPE - OPPOSITE DIRECTION,21,CLEAR,3,DARK - LIGHTED,12,MOTOR VEHICLE IN TRANSPORT,BRILEY PKWYN & BRILEY PKWYS,NASHVILLE,TN,37211,8404,SOUTH,36.1092,-86.727,POINT (-86.727 36.1092)
20190542115,07/20/2019 08:30:00 AM,1,1,0,,Y,481573,0,NOT COLLISION W/MOTOR VEHICLE-TRANSPORT,21,CLEAR,4,DAWN,8,PEDESTRIAN,CHARLOTTE AV & 21ST AVN,NASHVILLE,TN,37209,5339,NORTH,36.1564,-86.8068,POINT (-86.8068 36.1564)
20190006730,01/03/2019 12:00:00 PM,1,0,0,Y,N,151132,0,NOT COLLISION W/MOTOR VEHICLE-TRANSPORT,22,CLOUDY,1,DAYLIGHT,18,OTHER OBJECT (NOT FIXED),FOREST PARK RD & NEELYS BEND RD,MADISON,TN,37115,1627,MADISO,36.2554,-86.7044,POINT (-86.7044 36.2554)
20190372199,05/15/2019 01:00:00 PM,2,0,0,,Y,714641,5,SIDESWIPE - SAME DIRECTION,22,CLOUDY,1,DAYLIGHT,12;14,MOTOR VEHICLE IN TRANSPORT;PARKED MOTOR VEHICLE,DEMONBREUN ST & 3RD AVS,NASHVILLE,TN,37201,4051,CENTRA,36.1597,-86.7744,POINT (-86.7744 36.1597)
20190470516,06/21/2019 07:47:00 AM,3,2,0,,N,299243,4,ANGLE,21,CLEAR,1,DAYLIGHT,12,MOTOR VEHICLE IN TRANSPORT,MM 49 6 I 24,NASHVILLE,TN,37210,4008,CENTRA,36.1571,-86.7604,POINT (-86.7604 36.1571)
20190217940,03/20/2019 06:37:00 PM,2,0,0,,N,909486,5,SIDESWIPE - SAME DIRECTION,21,CLEAR,3,DARK - LIGHTED,12,MOTOR VEHICLE IN TRANSPORT,OLD HICKORY BLVD & OAKES DR,BRENTWOOD,TN,37027,8623,MIDTOW,36.0408,-86.7735,POINT (-86.7735 36.0408)
20190049707,01/19/2019 04:38:00 PM,1,0,0,,N,320579,0,NOT COLLISION W/MOTOR VEHICLE-TRANSPORT,2,RAIN,5,DUSK,36,CONCRETE TRAFFIC BARRIER,BRILEY PKWYW & BRILEY PKWYE,NASHVILLE,TN,37218,3216,NORTH,36.2254,-86.8638,POINT (-86.8638 36.2254)
20190259231,04/04/2019 07:25:00 AM,2,0,0,,N,716886,11,Front to Rear,21,CLEAR,1,DAYLIGHT,12,MOTOR VEHICLE IN TRANSPORT,MM 51 3 I 24,NASHVILLE,TN,37210,8102,SOUTH,36.137,-86.7273,POINT (-86.7273 36.137)
20190352899,05/08/2019 08:00:00 AM,2,0,0,,N,226622,4,ANGLE,21,CLEAR,1,DAYLIGHT,12,MOTOR VEHICLE IN TRANSPORT,OLD HICKORY BLVD & ROCKY LN,NASHVILLE,TN,37221,4815,WEST,36.1078,-86.9224,POINT (-86.9224 36.1078)
20190213087,03/19/2019 09:00:00 AM,2,0,0,,Y,876573,11,Front to Rear,21,CLEAR,1,DAYLIGHT,12,MOTOR VEHICLE IN TRANSPORT,MM 54 0 I 24,NASHVILLE,TN,37211,88122,SOUTH,36.1064,-86.7188,POINT (-86.7188 36.1064)
20190347055,05/06/2019 10:42:00 AM,2,0,0,,N,212369,4,ANGLE,21,CLEAR,1,DAYLIGHT,12,MOTOR VEHICLE IN TRANSPORT,NOLENSVILLE PKE & ELYSIAN FIELDS RD,NASHVILLE,TN,37211,8415,SOUTH,36.0859,-86.7292,POINT (-86.7292 36.0859)
20190257192,04/03/2019 01:30:00 PM,2,0,0,,Y,690942,4,ANGLE,21,CLEAR,1,DAYLIGHT,14,PARKED MOTOR VEHICLE,401 BROADWAY,NASHVILLE,TN,37203,4091,CENTRA,36.161,-86.7772,POINT (-86.7772 36.161)
20190116636,02/12/2019 04:50:00 PM,2,0,0,,N,206675,11,Front to Rear,21,CLEAR,1,DAYLIGHT,12,MOTOR VEHICLE IN TRANSPORT,FRANKLIN PKE & HARDING PL,NASHVILLE,TN,37204,7027,MIDTOW,36.0866,-86.772,POINT (-86.772 36.0866)
20190175791,03/05/2019 08:31:00 PM,2,4,0,,N,256389,11,Front to Rear,21,CLEAR,3,DARK - LIGHTED,12,MOTOR VEHICLE IN TRANSPORT,THOMPSON LN & EUGENIA AV,NASHVILLE,TN,37204,8523,MIDTOW,36.1111,-86.7548,POINT (-86.7548 36.1111)
20190227977,03/24/2019 07:52:00 AM,2,0,0,,N,156307,4,ANGLE,21,CLEAR,1,DAYLIGHT,13,MOTOR VEHICLE IN TRANSPORT-OTHER ROADWAY,CHARLOTTE AV & DR D B TODD JR BLVD,NASHVILLE,TN,37203,5505,MIDTOW,36.1581,-86.8,POINT (-86.8 36.1581)
20190135386,02/19/2019 11:04:00 AM,2,0,0,,Y,161952,11,Front to Rear,22,CLOUDY,1,DAYLIGHT,12,MOTOR VEHICLE IN TRANSPORT,BRILEY PKWYW & BRILEY PKWY W EXT RAMP,MADISON,TN,37115,1598,MADISO,36.2346,-86.7177,POINT (-86.7177 36.2346)
20190463958,06/19/2019 02:19:00 AM,2,0,0,,N,299261,4,ANGLE,21,CLEAR,3,DARK - LIGHTED,14,PARKED MOTOR VEHICLE,POWELL AV & OLD POWELL AV,NASHVILLE,TN,37204,8525,MIDTOW,36.1109,-86.7672,POINT (-86.7672 36.1109)
20190180169,03/07/2019 12:00:00 AM,1,0,0,Y,N,240947,0,NOT COLLISION W/MOTOR VEHICLE-TRANSPORT,21,CLEAR,3,DARK - LIGHTED,11;40,OTHER ANIMAL;MAIL BOX,OLD HICKORY BLVD & SOUTHFORK BLVD,OLD HICKORY,TN,37138,9717,HERMIT,36.2208,-86.6249,POINT (-86.6249 36.2208)
20190251689,04/01/2019 06:45:00 PM,2,1,0,,N,311344,11,Front to Rear,21,CLEAR,1,DAYLIGHT,12,MOTOR VEHICLE IN TRANSPORT,STATE RT 45 & LARKIN SPRINGS RD,MADISON,TN,37115,1705,MADISO,36.2635,-86.6843,POINT (-86.6843 36.2635)
20190290452,04/16/2019 12:25:00 AM,1,0,0,,N,405424,0,NOT COLLISION W/MOTOR VEHICLE-TRANSPORT,21,CLEAR,2,DARK - NOT LIGHTED,18,OTHER OBJECT (NOT FIXED),MM 218 1 I 40,NASHVILLE,TN,37214,9404,HERMIT,36.1475,-86.6427,POINT (-86.6427 36.1475)
20190097551,02/05/2019 04:55:00 PM,2,0,0,,N,419972,4,ANGLE,21,CLEAR,1,DAYLIGHT,12,MOTOR VEHICLE IN TRANSPORT,51ST AVN & NEVADA AV,NASHVILLE,TN,37209,5123,WEST,36.1485,-86.8484,POINT (-86.8484 36.1485)
20190081100,01/30/2019 06:00:00 PM,1,0,0,,N,256417,0,NOT COLLISION W/MOTOR VEHICLE-TRANSPORT,21,CLEAR,2,DARK - NOT LIGHTED,50,DEER (ANIMAL),CENTRAL PKE & S NEW HOPE RD,HERMITAGE,TN,37076,9557,HERMIT,36.1729,-86.5849,POINT (-86.5849 36.1729)
20190127945,02/16/2019 01:55:00 PM,2,0,0,,N,262757,4,ANGLE,22,CLOUDY,1,DAYLIGHT,12,MOTOR VEHICLE IN TRANSPORT,BRILEY PKWYN & BRILEY PKWYS,NASHVILLE,TN,37211,8404,SOUTH,36.1092,-86.727,POINT (-86.727 36.1092)
20190150041,02/24/2019 01:45:00 PM,2,1,0,,Y,676824,4,ANGLE,21,CLEAR,1,DAYLIGHT,12,MOTOR VEHICLE IN TRANSPORT,21ST AVN & OSAGE ST,NASHVILLE,TN,37208,4469,NORTH,36.1764,-86.8111,POINT (-86.8111 36.1764)
20190572533,08/01/2019 04:59:00 PM,2,2,0,,Y,151124,4,ANGLE,21,CLEAR,1,DAYLIGHT,12,MOTOR VEHICLE IN TRANSPORT,SUMMER PL & S 5TH ST,NASHVILLE,TN,37206,1013,EAST,36.1655,-86.7601,POINT (-86.7601 36.1655)
20190088024,02/01/2019 11:30:00 PM,2,0,0,,Y,299262,5,SIDESWIPE - SAME DIRECTION,21,CLEAR,3,DARK - LIGHTED,12,MOTOR VEHICLE IN TRANSPORT,BROADWAY & 11TH AVN,NASHVILLE,TN,37203,4077,CENTRA,36.1574,-86.7856,POINT (-86.7856 36.1574)
20190008971,01/04/2019 08:35:00 AM,2,0,0,,N,226098,11,Front to Rear,2,RAIN,1,DAYLIGHT,12,MOTOR VEHICLE IN TRANSPORT,MM 35 8 I 24,WHITES CREEK,TN,37189,33180,NORTH,36.321,-86.8532,POINT (-86.8532 36.321)
20190246974,03/30/2019 09:20:00 PM,2,1,0,,N,240972,5,SIDESWIPE - SAME DIRECTION,2,RAIN,3,DARK - LIGHTED,12,MOTOR VEHICLE IN TRANSPORT,4TH AVS & ASH ST,NASHVILLE,TN,37210,4005,CENTRA,36.1523,-86.7716,POINT (-86.7716 36.1523)
20190472017,06/21/2019 08:40:00 PM,2,0,0,,N,206675,0,NOT COLLISION W/MOTOR VEHICLE-TRANSPORT,2,RAIN,2,DARK - NOT LIGHTED,12;42,MOTOR VEHICLE IN TRANSPORT;TREE,LEALAND LN & DRAUGHON AV,NASHVILLE,TN,37204,7007,MIDTOW,36.1092,-86.7881,POINT (-86.7881 36.1092)
20190552348,07/24/2019 12:48:00 PM,2,0,0,,N,462474,11,Front to Rear,21,CLEAR,1,DAYLIGHT,12,MOTOR VEHICLE IN TRANSPORT,OLD HICKORY BLVD & WESTPARK DR,NASHVILLE,TN,37220,7111,MIDTOW,36.0382,-86.8009,POINT (-86.8009 36.0382)
20190433809,06/07/2019 09:17:00 AM,1,0,0,,N,546012,0,NOT COLLISION W/MOTOR VEHICLE-TRANSPORT,2,RAIN,1,DAYLIGHT,72,EMBANKMENT ROCK/STONE/CONCRETE,ARTA DR & NESBITT DR,MADISON,TN,37115,2039,MADISO,36.2666,-86.7466,POINT (-86.7466 36.2666)
20190420979,06/02/2019 02:53:00 PM,2,0,0,,N,330436,11,Front to Rear,21,CLEAR,1,DAYLIGHT,12,MOTOR VEHICLE IN TRANSPORT,MULBERRY ST & 4TH AVS,NASHVILLE,TN,37203,4007,CENTRA,36.1511,-86.7707,POINT (-86.7707 36.1511)
20190489189,06/28/2019 04:45:00 PM,1,0,0,Y,N,352207,0,NOT COLLISION W/MOTOR VEHICLE-TRANSPORT,21,CLEAR,1,DAYLIGHT,40,MAIL BOX,POPLAR CREEK RD & S HARPETH RD,NASHVILLE,TN,37221,4801,WEST,36.0505,-87.027,POINT (-87.027 36.0505)
20190493047,06/30/2019 10:02:00 AM,2,0,0,,N,474557,11,Front to Rear,21,CLEAR,1,DAYLIGHT,12,MOTOR VEHICLE IN TRANSPORT,BROOK VIEW ESTATES DR & ROXANNE DR,NASHVILLE,TN,37211,8717,SOUTH,36.0484,-86.6935,POINT (-86.6935 36.0484)
20190275112,04/10/2019 07:20:00 AM,2,0,0,,N,110063,5,SIDESWIPE - SAME DIRECTION,21,CLEAR,1,DAYLIGHT,12,MOTOR VEHICLE IN TRANSPORT,MM 88 2 I 65,NASHVILLE,TN,37207,18041,EAST,36.2188,-86.7747,POINT (-86.7747 36.2188)
20190550089,07/23/2019 04:54:00 PM,2,0,0,,N,256383,11,Front to Rear,21,CLEAR,1,DAYLIGHT,12,MOTOR VEHICLE IN TRANSPORT,MM 59 6 I 24,ANTIOCH,TN,37013,88060,SOUTH,36.0438,-86.6561,POINT (-86.6561 36.0438)
20190173806,03/05/2019 07:05:00 AM,2,0,0,,N,226622,4,ANGLE,21,CLEAR,1,DAYLIGHT,12,MOTOR VEHICLE IN TRANSPORT,WEST MEADE DR & BROOK HOLLOW RD,NASHVILLE,TN,37205,4905,WEST,36.115,-86.8879,POINT (-86.8879 36.115)
20190434556,06/07/2019 03:36:00 PM,1,0,0,,N,887598,0,NOT COLLISION W/MOTOR VEHICLE-TRANSPORT,22,CLOUDY,1,DAYLIGHT,50,DEER (ANIMAL),MM 35 4 I 24,WHITES CREEK,TN,37189,2212,NORTH,36.3227,-86.8596,POINT (-86.8596 36.3227)
20190429384,06/05/2019 06:03:00 PM,2,0,0,,N,240955,5,SIDESWIPE - SAME DIRECTION,22,CLOUDY,1,DAYLIGHT,12,MOTOR VEHICLE IN TRANSPORT,MURFREESBORO PKE & MOUNTAIN SPRINGS RD,ANTIOCH,TN,37013,8927,SOUTH,36.0478,-86.6121,POINT (-86.6121 36.0478)
20190260365,04/04/2019 03:39:00 PM,2,1,0,,Y,256505,11,Front to Rear,21,CLEAR,1,DAYLIGHT,12,MOTOR VEHICLE IN TRANSPORT,MM 80 8 I 65,NASHVILLE,TN,37204,80040,MIDTOW,36.127,-86.7725,POINT (-86.7725 36.127)
20190123194,02/14/2019 05:30:00 PM,3,0,0,,N,320580,11,Front to Rear,21,CLEAR,3,DARK - LIGHTED,12,MOTOR VEHICLE IN TRANSPORT,STEWARTS FERRY PKE & I40 E ENT RAMP,NASHVILLE,TN,37214,8955,HERMIT,36.1545,-86.6262,POINT (-86.6262 36.1545)