Accident Number,Date and Time,Number of Motor Vehicles,Number of Injuries,Number of Fatalities,Property Damage,Hit and Run,Reporting Officer,Collision Type Code,Collision Type Description,Weather Code,Weather Description,Illumination Code,Illumination Description,Harmful Code,Harmful Code Description,Street Address,City,State,ZIP,RPA,Precinct,Latitude,Longitude,Mapped Location
20190068803,01/26/2019 04:10:00 PM,2,0,0,,Y,279204,11,Front to Rear,21,CLEAR,1,DAYLIGHT,12,MOTOR VEHICLE IN TRANSPORT,ROSA L PARKS BLVD & I65 N EXT RAMP,NASHVILLE,TN,37208,4353,NORTH,36.1825,-86.7977,POINT (-86.7977 36.1825)
20190388340,05/21/2019 02:56:00 PM,2,0,0,,N,714641,98,OTHER,21,CLEAR,1,DAYLIGHT,12,MOTOR VEHICLE IN TRANSPORT,11TH AVS & 12TH AVS,NASHVILLE,TN,37203,4019,CENTRA,36.1525,-86.7838,POINT (-86.7838 36.1525)
20190342992,05/04/2019 01:10:00 PM,1,0,0,Y,N,224824,0,NOT COLLISION W/MOTOR VEHICLE-TRANSPORT,22,CLOUDY,1,DAYLIGHT,19,BUILDING,PRIVATE DR & BELL RD,NASHVILLE,TN,37217,8937,HERMIT,36.0846,-86.6283,POINT (-86.6283 36.0846)
20190520141,07/11/2019 03:28:00 PM,1,2,0,,N,256423,0,NOT COLLISION W/MOTOR VEHICLE-TRANSPORT,2,RAIN,1,DAYLIGHT,1;72,EMBANKMENT ROCK/STONE/CONCRETE,BRILEY PKWYE & BRILEY PKWYW,NASHVILLE,TN,37207,20120,MADISO,36.2396,-86.7751,POINT (-86.7751 36.2396)
20190449164,06/13/2019 08:40:00 AM,2,0,0,,N,676834,11,Front to Rear,21,CLEAR,1,DAYLIGHT,12,MOTOR VEHICLE IN TRANSPORT,DOMINICAN DR & ROSA L PARKS BLVD,NASHVILLE,TN,37228,4445,NORTH,36.1879,-86.7985,POINT (-86.7985 36.1879)
20190308987,04/22/2019 12:23:00 PM,2,0,0,,N,226136,11,Front to Rear,21,CLEAR,1,DAYLIGHT,12,MOTOR VEHICLE IN TRANSPORT,BATTERY LN & CHURCHWOOD DR,NASHVILLE,TN,37220,7103,MIDTOW,36.0869,-86.7778,POINT (-86.7778 36.0869)
20190064639,01/25/2019 04:30:00 AM,2,0,0,,Y,179603,5,SIDESWIPE - SAME DIRECTION,21,CLEAR,3,DARK - LIGHTED,12,MOTOR VEHICLE IN TRANSPORT,MM 94 8 I 65,GOODLETTSVILLE,TN,37072,17043,MADISO,36.2963,-86.7153,POINT (-86.7153 36.2963)
20190368914,05/14/2019 01:20:00 PM,2,0,0,,N,665896,4,ANGLE,21,CLEAR,1,DAYLIGHT,12,MOTOR VEHICLE IN TRANSPORT,CHEROKEE AV & JONES AV,NASHVILLE,TN,37207,1855,EAST,36.2014,-86.7524,POINT (-86.7524 36.2014)
20190460894,06/18/2019 12:25:00 AM,1,1,0,,N,279201,0,NOT COLLISION W/MOTOR VEHICLE-TRANSPORT,2,RAIN,2,DARK - NOT LIGHTED,24,GUARDRAIL FACE,I24E & I24 W ENT RAMP,NASHVILLE,TN,37210,82061,HERMIT,36.1386,-86.7273,POINT (-86.7273 36.1386)
20190184502,03/08/2019 02:10:00 PM,2,0,0,,N,420040,11,Front to Rear,2,RAIN,1,DAYLIGHT,12,MOTOR VEHICLE IN TRANSPORT,HILLSBORO PKE & WOODMONT BLVD,NASHVILLE,TN,37215,6105,WEST,36.114,-86.8109,POINT (-86.8109 36.114)
20190428052,06/05/2019 08:20:00 AM,2,8,2,,N,420035,4,ANGLE,21,CLEAR,1,DAYLIGHT,12,MOTOR VEHICLE IN TRANSPORT,GALLATIN PKEN & DUPONT AV,MADISON,TN,37115,1701,MADISO,36.2668,-86.7109,POINT (-86.7109 36.2668)
20190402942,05/26/2019 09:00:00 PM,1,2,0,,Y,161946,0,NOT COLLISION W/MOTOR VEHICLE-TRANSPORT,21,CLEAR,3,DARK - LIGHTED,8,PEDESTRIAN,105 QUEEN AV,NASHVILLE,TN,37207,1833,EAST,36.2085,-86.7664,POINT (-86.7664 36.2085)
20190142416,02/21/2019 04:43:00 PM,2,0,0,,N,151132,11,Front to Rear,2,RAIN,1,DAYLIGHT,12,MOTOR VEHICLE IN TRANSPORT,MM 91 0 I 65,MADISON,TN,37115,20044,MADISO,36.2478,-86.7432,POINT (-86.7432 36.2478)
20190172308,03/04/2019 07:12:00 PM,2,1,0,,N,256499,11,Front to Rear,21,CLEAR,3,DARK - LIGHTED,12,MOTOR VEHICLE IN TRANSPORT,CHARLOTTE AV & 31ST AVN,NASHVILLE,TN,37209,5341,MIDTOW,36.1534,-86.8209,POINT (-86.8209 36.1534)
20190259530,04/04/2019 09:11:00 AM,2,0,0,,Y,169421,11,Front to Rear,21,CLEAR,1,DAYLIGHT,12,MOTOR VEHICLE IN TRANSPORT,MM 85 5 I 65,NASHVILLE,TN,37208,4304,CENTRA,36.1888,-86.793,POINT (-86.793 36.1888)
20190574924,08/02/2019 01:14:00 PM,2,0,0,,N,256380,11,Front to Rear,21,CLEAR,1,DAYLIGHT,12,MOTOR VEHICLE IN TRANSPORT,MM 34 5 I 24,JOELTON,TN,37080,33160,NORTH,36.3249,-86.8751,POINT (-86.8751 36.3249)
20190051283,01/20/2019 10:19:00 AM,2,0,0,,N,419952,4,ANGLE,22,CLOUDY,1,DAYLIGHT,12,MOTOR VEHICLE IN TRANSPORT,HIGHWAY 70S & BELLEVUE CTR PVTDR,NASHVILLE,TN,37221,4811,WEST,36.0785,-86.9508,POINT (-86.9508 36.0785)
20190260804,04/04/2019 07:12:00 PM,2,0,0,,N,206675,11,Front to Rear,21,CLEAR,3,DARK - LIGHTED,12,MOTOR VEHICLE IN TRANSPORT,MM 209 5 I 40,NASHVILLE,TN,37203,40040,CENTRA,36.1502,-86.7844,POINT (-86.7844 36.1502)
20190381488,05/18/2019 12:00:00 AM,2,0,0,,Y,191572,9,UNKNOWN,21,CLEAR,3,DARK - LIGHTED,12,MOTOR VEHICLE IN TRANSPORT,NOLENSVILLE PKE & HARDING PL,NASHVILLE,TN,37211,8501,MIDTOW,36.0807,-86.7267,POINT (-86.7267 36.0807)
20190538309,07/18/2019 09:42:00 PM,1,2,0,Y,N,279224,0,NOT COLLISION W/MOTOR VEHICLE-TRANSPORT,21,CLEAR,3,DARK - LIGHTED,30,UTILITY POLE,S 5TH ST & EDGEFIELD MANOR PVTDR,NASHVILLE,TN,37206,1111,EAST,36.1682,-86.7626,POINT (-86.7626 36.1682)
20190293402,04/16/2019 08:15:00 PM,3,0,0,,N,256427,11,Front to Rear,21,CLEAR,3,DARK - LIGHTED,12,MOTOR VEHICLE IN TRANSPORT,MM 211 7 I 40,NASHVILLE,TN,37210,82042,HERMIT,36.1499,-86.7483,POINT (-86.7483 36.1499)
20190375858,05/16/2019 05:55:00 PM,2,1,0,,N,256417,11,Front to Rear,21,CLEAR,1,DAYLIGHT,12,MOTOR VEHICLE IN TRANSPORT,LEBANON PKE & MONACO DR,HERMITAGE,TN,37076,9719,HERMIT,36.206,-86.6132,POINT (-86.6132 36.206)
20190528487,07/15/2019 08:12:00 AM,2,0,0,,N,676834,11,Front to Rear,2,RAIN,1,DAYLIGHT,12,MOTOR VEHICLE IN TRANSPORT,MM 86 6 I 65,NASHVILLE,TN,37207,3002,NORTH,36.1959,-86.7761,POINT (-86.7761 36.1959)
20190428399,06/05/2019 10:52:00 AM,3,3,0,,N,834798,4,ANGLE,21,CLEAR,1,DAYLIGHT,12,MOTOR VEHICLE IN TRANSPORT,WEDGEWOOD AV & MARTIN ST,NASHVILLE,TN,37203,8053,MIDTOW,36.1663,-86.8056,POINT (-86.8056 36.1663)
20190119791,02/13/2019 03:20:00 PM,2,0,0,,N,256501,4,ANGLE,21,CLEAR,1,DAYLIGHT,12,MOTOR VEHICLE IN TRANSPORT,CLARKSVILLE PKE & BUENA VISTA PKE,NASHVILLE,TN,37218,3135,NORTH,36.1935,-86.8309,POINT (-86.8309 36.1935)
20190343680,05/04/2019 08:30:00 PM,2,0,0,,N,256427,4,ANGLE,2,RAIN,1,DAYLIGHT,12,MOTOR VEHICLE IN TRANSPORT,FESSLERS LN & HEATHCOTE AV,NASHVILLE,TN,37210,9011,HERMIT,36.1519,-86.7427,POINT (-86.7427 36.1519)
20190115980,02/12/2019 12:05:00 PM,2,0,0,,Y,414731,4,ANGLE,22,CLOUDY,1,DAYLIGHT,12,MOTOR VEHICLE IN TRANSPORT,METROPLEX DR & HARDING PL,NASHVILLE,TN,37211,8845,SOUTH,36.0873,-86.6959,POINT (-86.6959 36.0873)
20190430849,06/06/2019 07:30:00 AM,4,0,0,,Y,716886,4,ANGLE,21,CLEAR,1,DAYLIGHT,12;14,MOTOR VEHICLE IN TRANSPORT;PARKED MOTOR VEHICLE,WALLACE RD & BROOKRIDGE TRL,NASHVILLE,TN,37211,8701,SOUTH,36.0791,-86.7208,POINT (-86.7208 36.0791)
20190468700,06/20/2019 03:50:00 PM,3,0,0,,N,717341,11,Front to Rear,21,CLEAR,1,DAYLIGHT,12,MOTOR VEHICLE IN TRANSPORT,MM 56 3 I 24,NASHVILLE,TN,37211,8708,SOUTH,36.0778,-86.6951,POINT (-86.6951 36.0778)
20190441896,06/10/2019 06:52:00 PM,2,2,0,Y,N,279124,2,HEAD-ON,21,CLEAR,1,DAYLIGHT,12,MOTOR VEHICLE IN TRANSPORT,UNA ANTIOCH PKE & APOLLO DR,ANTIOCH,TN,37013,8897,SOUTH,36.0715,-86.6643,POINT (-86.6643 36.0715)
20190450544,06/13/2019 06:06:00 PM,2,1,0,,N,256380,4,ANGLE,21,CLEAR,1,DAYLIGHT,12,MOTOR VEHICLE IN TRANSPORT,CHARLOTTE AV & 18TH AVN,NASHVILLE,TN,37203,5505,MIDTOW,36.1581,-86.7999,POINT (-86.7999 36.1581)
20190309306,04/22/2019 02:29:00 PM,2,0,0,,N,179583,11,Front to Rear,21,CLEAR,1,DAYLIGHT,12,MOTOR VEHICLE IN TRANSPORT,4TH AVS & CHESTNUT ST,NASHVILLE,TN,37210,8169,SOUTH,36.1449,-86.7667,POINT (-86.7667 36.1449)
20190313301,04/23/2019 12:00:00 PM,2,0,0,,Y,807326,11,Front to Rear,21,CLEAR,1,DAYLIGHT,55,Motor Vehicle-In-Motion Outside Trafficw,10TH AVS & DEMONBREUN ST,NASHVILLE,TN,37203,4041,CENTRA,36.1561,-86.7828,POINT (-86.7828 36.1561)
20190321546,04/26/2019 05:04:00 AM,1,1,0,,N,256377,0,NOT COLLISION W/MOTOR VEHICLE-TRANSPORT,21,CLEAR,3,DARK - LIGHTED,33;36;63,CURB;CONCRETE TRAFFIC BARRIER;Ran Off Road-Right,BELL RD & DAVENPORT DR,NASHVILLE,TN,37217,8963,HERMIT,36.0765,-86.6349,POINT (-86.6349 36.0765)
20190131676,02/18/2019 05:49:00 AM,2,0,0,,N,320591,4,ANGLE,21,CLEAR,3,DARK - LIGHTED,12,MOTOR VEHICLE IN TRANSPORT,MM 53 0 I 24,NASHVILLE,TN,37210,8302,SOUTH,36.1189,-86.7264,POINT (-86.7264 36.1189)
20190454433,06/15/2019 02:51:00 AM,1,0,0,Y,N,405424,0,NOT COLLISION W/MOTOR VEHICLE-TRANSPORT,21,CLEAR,3,DARK - LIGHTED,25;99,GUARDRAIL END;UNKNOWN MOST HARMFUL EVENT,I40 E EXT RAMP & I 40,NASHVILLE,TN,37214,8955,HERMIT,36.155,-86.6271,POINT (-86.6271 36.155)
20190010162,01/04/2019 06:35:00 PM,3,0,0,,N,161939,11,Front to Rear,2,RAIN,3,DARK - LIGHTED,12,MOTOR VEHICLE IN TRANSPORT,MM 58 0 I 24,ANTIOCH,TN,37013,88080,SOUTH,36.0584,-86.678,POINT (-86.678 36.0584)
20190542314,07/20/2019 12:00:00 AM,2,0,0,,Y,320575,9,UNKNOWN,99,UNKNOWN,9,UNKNOWN,14,PARKED MOTOR VEHICLE,400 OLD FRANKLIN RD,ANTIOCH,TN,37013,8867,SOUTH,36.0369,-86.6378,POINT (-86.6378 36.0369)
20190056470,01/22/2019 11:55:00 AM,2,0,0,,Y,420035,5,SIDESWIPE - SAME DIRECTION,21,CLEAR,1,DAYLIGHT,12,MOTOR VEHICLE IN TRANSPORT,GALLATIN PKES & GALLATIN PKE,MADISON,TN,37115,1517,MADISO,36.2383,-86.724,POINT (-86.724 36.2383)
20190546248,07/22/2019 08:25:00 AM,4,2,0,,Y,320601,2,HEAD-ON,22,CLOUDY,1,DAYLIGHT,12,MOTOR VEHICLE IN TRANSPORT,OLD HICKORY BLVD & NOLENSVILLE PKE,ANTIOCH,TN,37013,8757,SOUTH,36.0455,-86.7122,POINT (-86.7122 36.0455)
20190400053,05/25/2019 10:56:00 AM,1,0,0,,N,419952,0,NOT COLLISION W/MOTOR VEHICLE-TRANSPORT,21,CLEAR,1,DAYLIGHT,18,OTHER OBJECT (NOT FIXED),MM 199 2 I 40,NASHVILLE,TN,37221,4706,WEST,36.1111,-86.9232,POINT (-86.9232 36.1111)
20190286537,04/14/2019 01:55:00 PM,2,0,0,,N,279214,5,SIDESWIPE - SAME DIRECTION,21,CLEAR,1,DAYLIGHT,12,MOTOR VEHICLE IN TRANSPORT,MM 209 6 I 40,NASHVILLE,TN,37203,68021,MIDTOW,36.1494,-86.7836,POINT (-86.7836 36.1494)
20190542674,07/20/2019 12:00:00 AM,3,0,0,,Y,279118,11,Front to Rear,21,CLEAR,1,DAYLIGHT,12,MOTOR VEHICLE IN TRANSPORT,BELL RD & CEDAR POINTE PKWY,ANTIOCH,TN,37013,8753,SOUTH,36.0449,-86.6671,POINT (-86.6671 36.0449)
20190206115,03/16/2019 05:28:00 PM,2,0,0,,N,320579,4,ANGLE,21,CLEAR,1,DAYLIGHT,12,MOTOR VEHICLE IN TRANSPORT,LISCHEY AV & ARRINGTON ST,NASHVILLE,TN,37207,1945,EAST,36.1846,-86.7648,POINT (-86.7648 36.1846)
20190388714,05/21/2019 05:02:00 PM,2,1,0,,N,206675,4,ANGLE,21,CLEAR,1,DAYLIGHT,12,MOTOR VEHICLE IN TRANSPORT,PORTLAND AV & MAGNOLIA BLVD,NASHVILLE,TN,37212,6607,MIDTOW,36.1332,-86.8013,POINT (-86.8013 36.1332)
20190313590,04/23/2019 04:21:00 PM,2,0,0,,N,298867,11,Front to Rear,21,CLEAR,1,DAYLIGHT,12,MOTOR VEHICLE IN TRANSPORT,ELLINGTON PKWYN & ELLINGTON PKWYS,NASHVILLE,TN,37216,1890,EAST,36.2227,-86.7464,POINT (-86.7464 36.2227)
20190136274,02/19/2019 02:40:00 PM,2,0,0,,Y,256446,4,ANGLE,2,RAIN,1,DAYLIGHT,12,MOTOR VEHICLE IN TRANSPORT,NOLENSVILLE PKE & OLD HICKORY BLVD,NASHVILLE,TN,37211,8717,SOUTH,36.0454,-86.7133,POINT (-86.7133 36.0454)
20190016834,01/07/2019 12:00:00 AM,2,1,0,,N,298868,6,SIDESWIPE - OPPOSITE DIRECTION,21,CLEAR,1,DAYLIGHT,12,MOTOR VEHICLE IN TRANSPORT,WHITE BRIDGE PKE & LENOX AV,NASHVILLE,TN,37209,5103,WEST,36.1493,-86.8579,POINT (-86.8579 36.1493)
20190546038,07/22/2019 05:48:00 AM,2,0,0,,Y,306231,5,SIDESWIPE - SAME DIRECTION,22,CLOUDY,1,DAYLIGHT,12,MOTOR VEHICLE IN TRANSPORT,CHARLOTTE AV & I40 E EXT RAMP,NASHVILLE,TN,37203,5501,MIDTOW,36.161,-86.7932,POINT (-86.7932 36.161)
20190073122,01/28/2019 12:20:00 PM,2,0,0,,N,226622,4,ANGLE,22,CLOUDY,1,DAYLIGHT,12,MOTOR VEHICLE IN TRANSPORT,BRILEY PKWY & I40 W EXT RAMP,NASHVILLE,TN,37209,4696,WEST,36.153,-86.8576,POINT (-86.8576 36.153)
20190502210,07/03/2019 03:30:00 PM,2,1,0,,N,110092,11,Front to Rear,,,1,DAYLIGHT,12,MOTOR VEHICLE IN TRANSPORT,SAUNDERSVILLE RD & SHUTE LN,OLD HICKORY,TN,37138,9721,HERMIT,36.2263,-86.6032,POINT (-86.6032 36.2263)
20190385095,05/20/2019 01:08:00 PM,2,2,0,Y,N,226136,4,ANGLE,22,CLOUDY,1,DAYLIGHT,12,MOTOR VEHICLE IN TRANSPORT,20TH AVN & HUBBS ALY,NASHVILLE,TN,37203,5511,MIDTOW,36.1539,-86.8012,POINT (-86.8012 36.1539)
20190517135,07/10/2019 11:58:00 AM,2,0,0,,Y,226622,4,ANGLE,22,CLOUDY,1,DAYLIGHT,12,MOTOR VEHICLE IN TRANSPORT,CENTENNIAL BLVD & BRILEY PKWY N ENT RAMP,NASHVILLE,TN,37209,4623,WEST,36.1722,-86.8651,POINT (-86.8651 36.1722)
20190060086,01/23/2019 12:00:00 AM,2,0,0,,N,226827,4,ANGLE,2,RAIN,3,DARK - LIGHTED,12,MOTOR VEHICLE IN TRANSPORT,MYATT DR & SPRING BRANCH DR,MADISON,TN,37115,1721,MADISO,36.2938,-86.6964,POINT (-86.6964 36.2938)
20190138057,02/20/2019 07:45:00 AM,2,0,0,,N,375570,11,Front to Rear,2,RAIN,1,DAYLIGHT,12,MOTOR VEHICLE IN TRANSPORT,MYATT DR & ANDERSON LN,MADISON,TN,37115,1715,MADISO,36.2728,-86.6895,POINT (-86.6895 36.2728)
20190049363,01/19/2019 12:00:00 AM,2,0,0,,Y,279206,4,ANGLE,99,UNKNOWN,9,UNKNOWN,12;14,MOTOR VEHICLE IN TRANSPORT;PARKED MOTOR VEHICLE,FAIRFIELD AV & FAIN ST,NASHVILLE,TN,37210,8221,HERMIT,36.1516,-86.7565,POINT (-86.7565 36.1516)
20190453213,06/14/2019 04:25:00 PM,2,0,0,,N,420040,5,SIDESWIPE - SAME DIRECTION,21,CLEAR,1,DAYLIGHT,12,MOTOR VEHICLE IN TRANSPORT,WEST END AV & 17TH AVS,NASHVILLE,TN,37203,5707,MIDTOW,36.1538,-86.7944,POINT (-86.7944 36.1538)
20190568560,07/31/2019 06:00:00 AM,1,1,0,Y,N,879558,0,NOT COLLISION W/MOTOR VEHICLE-TRANSPORT,21,CLEAR,1,DAYLIGHT,31,"OTHER POST, POLE, SUPP.",MURFREESBORO PKE & LESTER AV,NASHVILLE,TN,37210,8211,HERMIT,36.1456,-86.7529,POINT (-86.7529 36.1456)
20190379065,05/17/2019 07:37:00 PM,2,1,0,,N,281611,4,ANGLE,21,CLEAR,1,DAYLIGHT,14,PARKED MOTOR VEHICLE,WILCLAY DR & MERCOMATIC CT,NASHVILLE,TN,37209,5023,WEST,36.1432,-86.8764,POINT (-86.8764 36.1432)
20190003341,01/02/2019 10:12:00 AM,2,1,0,,N,332216,2,HEAD-ON,22,CLOUDY,1,DAYLIGHT,12,MOTOR VEHICLE IN TRANSPORT,PEABODY ST & 6TH AVS,NASHVILLE,TN,37203,4039,CENTRA,36.1549,-86.7767,POINT (-86.7767 36.1549)
20190096886,02/05/2019 12:22:00 PM,2,0,0,,N,226622,5,SIDESWIPE - SAME DIRECTION,22,CLOUDY,1,DAYLIGHT,12,MOTOR VEHICLE IN TRANSPORT,HIGHWAY 100 & MEADOW VIEW DR,NASHVILLE,TN,37221,4807,WEST,36.047,-86.9434,POINT (-86.9434 36.047)
20190012600,01/05/2019 12:00:00 AM,1,0,0,,N,279200,0,NOT COLLISION W/MOTOR VEHICLE-TRANSPORT,21,CLEAR,3,DARK - LIGHTED,39,WALL,11TH AVS & PINE ST,NASHVILLE,TN,37203,4019,CENTRA,36.1532,-86.7838,POINT (-86.7838 36.1532)
20190570629,07/31/2019 10:50:00 PM,2,0,0,,Y,109531,4,ANGLE,21,CLEAR,3,DARK - LIGHTED,12;14,MOTOR VEHICLE IN TRANSPORT;PARKED MOTOR VEHICLE,FATHERLAND ST & S 9TH ST,NASHVILLE,TN,37206,1121,EAST,36.1727,-86.7559,POINT (-86.7559 36.1727)
20190153740,02/25/2019 09:18:00 PM,2,0,0,,Y,298879,5,SIDESWIPE - SAME DIRECTION,21,CLEAR,3,DARK - LIGHTED,12,MOTOR VEHICLE IN TRANSPORT,WHITE BRIDGE PKE & WOODMONT BLVD,NASHVILLE,TN,37205,5015,WEST,36.1254,-86.848,POINT (-86.848 36.1254)
20190508763,07/06/2019 01:30:00 PM,2,0,0,,N,320601,11,Front to Rear,21,CLEAR,1,DAYLIGHT,12,MOTOR VEHICLE IN TRANSPORT,THOMPSON LN & BRILEY PKWYN,NASHVILLE,TN,37211,8423,SOUTH,36.1095,-86.7283,POINT (-86.7283 36.1095)
20190554950,07/25/2019 11:35:00 AM,1,1,0,,Y,352159,0,NOT COLLISION W/MOTOR VEHICLE-TRANSPORT,21,CLEAR,1,DAYLIGHT,8,PEDESTRIAN,DICKERSON PKE & E TRINITY LN,NASHVILLE,TN,37207,1861,EAST,36.2055,-86.7684,POINT (-86.7684 36.2055)
20190244831,03/29/2019 08:48:00 PM,2,0,0,,Y,716875,11,Front to Rear,21,CLEAR,3,DARK - LIGHTED,12,MOTOR VEHICLE IN TRANSPORT,MM 204 3 I 40,NASHVILLE,TN,37209,45023,WEST,36.1534,-86.8525,POINT (-86.8525 36.1534)
20190466933,06/20/2019 04:06:00 AM,1,0,0,Y,N,197053,0,NOT COLLISION W/MOTOR VEHICLE-TRANSPORT,2,RAIN,3,DARK - LIGHTED,30,UTILITY POLE,THOMPSON LN & ST EDWARDS DR,NASHVILLE,TN,37211,8403,SOUTH,36.1103,-86.7383,POINT (-86.7383 36.1103)
20190044620,01/17/2019 05:12:00 PM,2,1,0,,N,240986,11,Front to Rear,2,RAIN,3,DARK - LIGHTED,12,MOTOR VEHICLE IN TRANSPORT,DICKERSON PKE & HOMESTEAD RD,NASHVILLE,TN,37216,1805,EAST,36.2351,-86.7584,POINT (-86.7584 36.2351)
20190382959,05/19/2019 03:18:00 PM,2,0,0,,N,330444,11,Front to Rear,22,CLOUDY,1,DAYLIGHT,12,MOTOR VEHICLE IN TRANSPORT,NOLENSVILLE PKE & HAYWOOD LN,NASHVILLE,TN,37211,8661,MIDTOW,36.0683,-86.7193,POINT (-86.7193 36.0683)
20190062585,01/24/2019 12:09:00 PM,2,1,0,,N,226622,4,ANGLE,21,CLEAR,1,DAYLIGHT,12,MOTOR VEHICLE IN TRANSPORT,HARDING PKE & BOSLEY SPRINGS RD,NASHVILLE,TN,37205,6019,WEST,36.1276,-86.8439,POINT (-86.8439 36.1276)
20190101533,02/06/2019 10:26:00 PM,2,0,0,,N,279212,5,SIDESWIPE - SAME DIRECTION,2,RAIN,3,DARK - LIGHTED,12,MOTOR VEHICLE IN TRANSPORT,6900 CHARLOTTE PKE,NASHVILLE,TN,37209,5009,WEST,36.1313,-86.8978,POINT (-86.8978 36.1313)
20190402112,05/26/2019 10:26:00 AM,2,0,0,,Y,311799,16,Rear to Side,21,CLEAR,1,DAYLIGHT,12,MOTOR VEHICLE IN TRANSPORT,1565 GALLATIN PKEN,MADISON,TN,37115,1757,MADISO,36.2915,-86.7034,POINT (-86.7034 36.2915)
20190439150,06/09/2019 04:13:00 PM,1,0,0,,N,197054,0,NOT COLLISION W/MOTOR VEHICLE-TRANSPORT,2,RAIN,1,DAYLIGHT,24,GUARDRAIL FACE,BRILEY PKWYS & AIRWAYS BLVD,NASHVILLE,TN,37217,88943,HERMIT,36.1298,-86.6952,POINT (-86.6952 36.1298)
20190281321,04/12/2019 10:12:00 AM,2,0,0,,N,462474,5,SIDESWIPE - SAME DIRECTION,22,CLOUDY,1,DAYLIGHT,12,MOTOR VEHICLE IN TRANSPORT,OLD HICKORY BLVD & WILSON PIKE CIR,NASHVILLE,TN,37220,7111,MIDTOW,36.0375,-86.7858,POINT (-86.7858 36.0375)
20190136127,02/19/2019 03:35:00 PM,2,2,0,,N,256423,11,Front to Rear,2,RAIN,1,DAYLIGHT,12,MOTOR VEHICLE IN TRANSPORT,CLARKSVILLE PKE & CLARKSVILLE PKE PVTDR,NASHVILLE,TN,37218,3109,NORTH,36.2267,-86.8361,POINT (-86.8361 36.2267)
20190298759,04/18/2019 10:53:00 AM,1,1,0,,N,226136,0,NOT COLLISION W/MOTOR VEHICLE-TRANSPORT,22,CLOUDY,1,DAYLIGHT,24;63,GUARDRAIL FACE;Ran Off Road-Right,WARFIELD DR & KIMBARK DR,NASHVILLE,TN,37215,6405,MIDTOW,36.1027,-86.8153,POINT (-86.8153 36.1027)
20190378074,05/17/2019 11:05:00 AM,2,0,0,,N,462474,4,ANGLE,21,CLEAR,1,DAYLIGHT,12,MOTOR VEHICLE IN TRANSPORT,OLD HICKORY BLVD & STONE BROOK DR,BRENTWOOD,TN,37027,8623,MIDTOW,36.0409,-86.7794,POINT (-86.7794 36.0409)
20190154804,02/26/2019 06:45:00 AM,2,1,0,,N,420035,4,ANGLE,21,CLEAR,1,DAYLIGHT,12,MOTOR VEHICLE IN TRANSPORT,GALLATIN PKES & GALLATIN PKE SB EXT RAMP,MADISON,TN,37115,1509,MADISO,36.2379,-86.7241,POINT (-86.7241 36.2379)
20190510854,07/07/2019 07:01:00 PM,2,2,0,,N,320582,11,Front to Rear,22,CLOUDY,1,DAYLIGHT,12,MOTOR VEHICLE IN TRANSPORT,W TRINITY LN & I65 N EXT RAMP,NASHVILLE,TN,37207,1863,EAST,36.2062,-86.7736,POINT (-86.7736 36.2062)
20190474160,06/22/2019 10:51:00 PM,2,3,0,,N,197053,2,HEAD-ON,21,CLEAR,3,DARK - LIGHTED,12,MOTOR VEHICLE IN TRANSPORT,RICHARDS RD & DEBRA DR,ANTIOCH,TN,37013,8855,SOUTH,36.0676,-86.6655,POINT (-86.6655 36.0676)
20190575120,08/02/2019 04:13:00 PM,2,0,0,,Y,320581,11,Front to Rear,22,CLOUDY,1,DAYLIGHT,12,MOTOR VEHICLE IN TRANSPORT,28TH AVE N & -UNKNOWN RAMP/ROAD -,NASHVILLE,TN,37208,4525,NORTH,36.1643,-86.8199,POINT (-86.8199 36.1643)
20190513894,07/09/2019 07:30:00 AM,2,0,0,,N,109534,11,Front to Rear,21,CLEAR,1,DAYLIGHT,12,MOTOR VEHICLE IN TRANSPORT,I40 E ENT RAMP & I 40,NASHVILLE,TN,37205,4903,WEST,36.1109,-86.922,POINT (-86.922 36.1109)
20190578277,08/03/2019 12:00:00 AM,1,0,0,,Y,320584,0,NOT COLLISION W/MOTOR VEHICLE-TRANSPORT,99,UNKNOWN,9,UNKNOWN,34,DITCH,WALES DR & TORBAY DR,NASHVILLE,TN,37211,8703,SOUTH,36.0717,-86.7134,POINT (-86.7134 36.0717)
20190528674,07/15/2019 10:31:00 AM,2,0,0,,N,676834,5,SIDESWIPE - SAME DIRECTION,22,CLOUDY,1,DAYLIGHT,12,MOTOR VEHICLE IN TRANSPORT,FRENCH LANDING DR & DOMINICAN DR,NASHVILLE,TN,37208,4403,NORTH,36.1886,-86.7969,POINT (-86.7969 36.1886)
20190254789,04/02/2019 07:40:00 PM,2,3,0,,N,256374,4,ANGLE,21,CLEAR,3,DARK - LIGHTED,12,MOTOR VEHICLE IN TRANSPORT,BELL RD & BRENTRIDGE DR,ANTIOCH,TN,37013,8755,SOUTH,36.0465,-86.6834,POINT (-86.6834 36.0465)
20190138247,02/20/2019 09:05:00 AM,2,0,0,,Y,224953,5,SIDESWIPE - SAME DIRECTION,2,RAIN,1,DAYLIGHT,12,MOTOR VEHICLE IN TRANSPORT,SPRING ST & I24 W EXT RAMP,NASHVILLE,TN,37207,1983,EAST,36.1767,-86.7723,POINT (-86.7723 36.1767)
20190434612,06/07/2019 04:07:00 PM,2,0,0,,N,690942,4,ANGLE,2,RAIN,1,DAYLIGHT,12,MOTOR VEHICLE IN TRANSPORT,JAMES ROBERTSON PKWY & MAIN ST,NASHVILLE,TN,37207,1109,EAST,36.1726,-86.7659,POINT (-86.7659 36.1726)