Accident Number,Date and Time,Number of Motor Vehicles,Number of Injuries,Number of Fatalities,Property Damage,Hit and Run,Reporting Officer,Collision Type Code,Collision Type Description,Weather Code,Weather Description,Illumination Code,Illumination Description,Harmful Code,Harmful Code Description,Street Address,City,State,ZIP,RPA,Precinct,Latitude,Longitude,Mapped Location
20190146135,02/22/2019 09:35:00 PM,1,0,0,,N,299238,0,NOT COLLISION W/MOTOR VEHICLE-TRANSPORT,2,RAIN,3,DARK - LIGHTED,37,Other Traffic Barrier,MM 49 1 I 24,NASHVILLE,TN,37206,10040,EAST,36.1647,-86.7634,POINT (-86.7634 36.1647)
20190138937,02/20/2019 02:28:00 PM,1,0,0,,N,191578,0,NOT COLLISION W/MOTOR VEHICLE-TRANSPORT,22,CLOUDY,1,DAYLIGHT,36,CONCRETE TRAFFIC BARRIER,MM 212 3 I 40,NASHVILLE,TN,37210,8206,HERMIT,36.1447,-86.7399,POINT (-86.7399 36.1447)
20190412942,05/30/2019 12:15:00 PM,2,0,0,,N,223502,5,SIDESWIPE - SAME DIRECTION,2,RAIN,1,DAYLIGHT,12,MOTOR VEHICLE IN TRANSPORT,MM 52 0 I 24,NASHVILLE,TN,37217,8816,SOUTH,36.1329,-86.7267,POINT (-86.7267 36.1329)
20190217463,03/20/2019 03:20:00 PM,2,0,0,,Y,240957,11,Front to Rear,21,CLEAR,1,DAYLIGHT,12,MOTOR VEHICLE IN TRANSPORT,NOLENSVILLE PKE & BREWER DR,NASHVILLE,TN,37211,8715,SOUTH,36.0535,-86.715,POINT (-86.715 36.0535)
20190152125,02/25/2019 10:47:00 AM,2,0,0,,N,419983,5,SIDESWIPE - SAME DIRECTION,21,CLEAR,1,DAYLIGHT,12,MOTOR VEHICLE IN TRANSPORT,MM 208 3 I 40,NASHVILLE,TN,37203,54024,NORTH,36.166,-86.7949,POINT (-86.7949 36.166)
20190276382,04/10/2019 04:42:00 PM,2,0,0,,N,807326,11,Front to Rear,21,CLEAR,1,DAYLIGHT,12,MOTOR VEHICLE IN TRANSPORT,MM 49 5 I 24,NASHVILLE,TN,37210,4008,CENTRA,36.1588,-86.7604,POINT (-86.7604 36.1588)
20190340767,05/03/2019 01:33:00 PM,2,0,0,,N,352170,11,Front to Rear,21,CLEAR,1,DAYLIGHT,12,MOTOR VEHICLE IN TRANSPORT,ED TEMPLE BLVD & DR WALTER S DAVIS BLVD,NASHVILLE,TN,37209,4503,NORTH,36.1745,-86.8233,POINT (-86.8233 36.1745)
20190112585,02/11/2019 11:06:00 AM,1,1,0,,N,226136,0,NOT COLLISION W/MOTOR VEHICLE-TRANSPORT,22,CLOUDY,1,DAYLIGHT,8,PEDESTRIAN,14TH AVS & BROADWAY,NASHVILLE,TN,37203,5701,MIDTOW,36.1557,-86.7897,POINT (-86.7897 36.1557)
20190111106,02/10/2019 09:02:00 PM,2,0,0,,N,212307,4,ANGLE,21,CLEAR,3,DARK - LIGHTED,12,MOTOR VEHICLE IN TRANSPORT,BROADWAY & 10TH AVN,NASHVILLE,TN,37203,4077,CENTRA,36.1578,-86.7846,POINT (-86.7846 36.1578)
20190365308,05/13/2019 07:40:00 AM,3,1,0,,N,256502,11,Front to Rear,21,CLEAR,1,DAYLIGHT,12,MOTOR VEHICLE IN TRANSPORT,MM 87 6 I 65,NASHVILLE,TN,37207,1804,EAST,36.2107,-86.7758,POINT (-86.7758 36.2107)
20190004193,01/02/2019 03:52:00 PM,2,0,0,,N,714641,5,SIDESWIPE - SAME DIRECTION,22,CLOUDY,1,DAYLIGHT,12,MOTOR VEHICLE IN TRANSPORT,4TH AVS & KOREAN VETERANS BLVD,NASHVILLE,TN,37201,4047,CENTRA,36.1569,-86.7745,POINT (-86.7745 36.1569)
20190242468,03/29/2019 02:10:00 AM,1,1,0,,N,332215,0,NOT COLLISION W/MOTOR VEHICLE-TRANSPORT,21,CLEAR,3,DARK - LIGHTED,30,UTILITY POLE,CHARLOTTE AV & 53RD AVN,NASHVILLE,TN,37209,5123,WEST,36.1519,-86.8511,POINT (-86.8511 36.1519)
20190503521,07/04/2019 05:00:00 AM,2,2,0,,N,110090,4,ANGLE,21,CLEAR,1,DAYLIGHT,12,MOTOR VEHICLE IN TRANSPORT,BELL RD & MT VIEW RD,ANTIOCH,TN,37013,8865,SOUTH,36.05,-86.6496,POINT (-86.6496 36.05)
20190136359,02/19/2019 05:15:00 PM,2,0,0,,N,429193,4,ANGLE,2,RAIN,5,DUSK,12,MOTOR VEHICLE IN TRANSPORT,CHARLOTTE PK & I 40 E ENTRANCE RAMP,NASHVILLE,TN,37205,5007,WEST,36.1317,-86.8958,POINT (-86.8958 36.1317)
20190240468,03/28/2019 12:07:00 PM,2,0,0,,N,191578,4,ANGLE,21,CLEAR,1,DAYLIGHT,12,MOTOR VEHICLE IN TRANSPORT,POPLAR LN & POPLAR ST,NASHVILLE,TN,37210,9015,HERMIT,36.1422,-86.7281,POINT (-86.7281 36.1422)
20190165727,03/02/2019 12:25:00 AM,2,0,0,,N,279201,11,Front to Rear,21,CLEAR,3,DARK - LIGHTED,14,PARKED MOTOR VEHICLE,TULIP GROVE RD & ROCKWOOD DR,HERMITAGE,TN,37076,9557,HERMIT,36.1758,-86.5945,POINT (-86.5945 36.1758)
20190059897,01/23/2019 02:38:00 PM,1,1,0,Y,N,179606,0,NOT COLLISION W/MOTOR VEHICLE-TRANSPORT,2,RAIN,1,DAYLIGHT,42,TREE,GRANNY WHITE PKE & SEWANEE RD,NASHVILLE,TN,37220,7107,MIDTOW,36.0854,-86.8044,POINT (-86.8044 36.0854)
20190497828,07/02/2019 07:40:00 AM,2,0,0,,N,352173,11,Front to Rear,21,CLEAR,1,DAYLIGHT,12,MOTOR VEHICLE IN TRANSPORT,MURFREESBORO PKE & EZELL PKE,NASHVILLE,TN,37217,8849,SOUTH,36.1047,-86.6695,POINT (-86.6695 36.1047)
20190230542,03/25/2019 08:20:00 AM,2,0,0,,N,224464,5,SIDESWIPE - SAME DIRECTION,21,CLEAR,1,DAYLIGHT,12,MOTOR VEHICLE IN TRANSPORT,MM 88 5 I 65,NASHVILLE,TN,37207,30040,NORTH,36.2237,-86.7746,POINT (-86.7746 36.2237)
20190262033,04/05/2019 07:42:00 AM,2,0,0,,N,279116,4,ANGLE,22,CLOUDY,1,DAYLIGHT,12,MOTOR VEHICLE IN TRANSPORT,NORRIS AV & SIDCO DR,NASHVILLE,TN,37204,8523,MIDTOW,36.105,-86.756,POINT (-86.756 36.105)
20190434892,06/07/2019 06:40:00 PM,1,0,0,,N,240960,0,NOT COLLISION W/MOTOR VEHICLE-TRANSPORT,2,RAIN,1,DAYLIGHT,36,CONCRETE TRAFFIC BARRIER,BRILEY PKWYE & BRILEY PKWY E EXT RAMP,NASHVILLE,TN,37216,1588,EAST,36.2394,-86.7439,POINT (-86.7439 36.2394)
20190183435,03/08/2019 06:14:00 AM,2,0,0,,N,212349,4,ANGLE,2,RAIN,1,DAYLIGHT,12,MOTOR VEHICLE IN TRANSPORT,0 I40 E EXT RAMP,HERMITAGE,TN,37076,9510,HERMIT,36.1775,-86.6051,POINT (-86.6051 36.1775)
20190056774,01/22/2019 01:30:00 PM,2,0,0,,N,728076,11,Front to Rear,22,CLOUDY,1,DAYLIGHT,12,MOTOR VEHICLE IN TRANSPORT,GALLATIN PKEN & NORTHSIDE MARKETPLACE PV,MADISON,TN,37115,1721,MADISO,36.3073,-86.6849,POINT (-86.6849 36.3073)
20190433190,06/07/2019 03:18:00 AM,1,1,0,,N,256492,0,NOT COLLISION W/MOTOR VEHICLE-TRANSPORT,2,RAIN,3,DARK - LIGHTED,36,CONCRETE TRAFFIC BARRIER,MM 211 7 I 40,NASHVILLE,TN,37210,82042,HERMIT,36.1499,-86.7483,POINT (-86.7483 36.1499)
20190203845,03/15/2019 05:34:00 PM,2,0,0,,N,693098,5,SIDESWIPE - SAME DIRECTION,21,CLEAR,1,DAYLIGHT,12,MOTOR VEHICLE IN TRANSPORT,I40 E EXT RAMP & I 440,NASHVILLE,TN,37209,5230,WEST,36.1549,-86.8232,POINT (-86.8232 36.1549)
20190092573,02/04/2019 12:00:00 AM,1,0,0,,Y,197075,0,NOT COLLISION W/MOTOR VEHICLE-TRANSPORT,21,CLEAR,3,DARK - LIGHTED,32;34;63,CULVERT;DITCH;Ran Off Road-Right,BRICK CHURCH PKE & VILLAGE TRL,NASHVILLE,TN,37207,2037,MADISO,36.1904,-86.7705,POINT (-86.7705 36.1904)
20190145796,02/22/2019 06:27:00 PM,2,0,0,,N,197070,11,Front to Rear,2,RAIN,1,DAYLIGHT,12,MOTOR VEHICLE IN TRANSPORT,MM 85 4 I 65,NASHVILLE,TN,37208,43042,NORTH,36.1875,-86.7947,POINT (-86.7947 36.1875)
20190302446,04/19/2019 04:20:00 PM,2,1,0,,N,226161,11,Front to Rear,2,RAIN,1,DAYLIGHT,12,MOTOR VEHICLE IN TRANSPORT,MM 193 0 I 40,NASHVILLE,TN,37221,4804,WEST,36.0771,-87.0122,POINT (-87.0122 36.0771)
20190502126,07/03/2019 04:30:00 PM,2,0,0,,Y,299241,11,Front to Rear,21,CLEAR,1,DAYLIGHT,12,MOTOR VEHICLE IN TRANSPORT,MM 211 8 I 40,NASHVILLE,TN,37210,90022,HERMIT,36.149,-86.7465,POINT (-86.7465 36.149)
20190384922,05/20/2019 11:58:00 AM,1,1,0,Y,N,420059,0,NOT COLLISION W/MOTOR VEHICLE-TRANSPORT,21,CLEAR,1,DAYLIGHT,19,BUILDING,HIGH ST & NOLENSVILLE PKE,NASHVILLE,TN,37211,8515,MIDTOW,36.1008,-86.7406,POINT (-86.7406 36.1008)
20190102880,02/07/2019 11:15:00 AM,2,0,0,,N,225773,11,Front to Rear,21,CLEAR,1,DAYLIGHT,12,MOTOR VEHICLE IN TRANSPORT,MELROSE AV & I440 E ENT RAMP,NASHVILLE,TN,37211,8343,MIDTOW,36.1205,-86.7501,POINT (-86.7501 36.1205)
20190346582,05/06/2019 07:19:00 AM,2,0,0,,N,716886,5,SIDESWIPE - SAME DIRECTION,21,CLEAR,1,DAYLIGHT,12,MOTOR VEHICLE IN TRANSPORT,BAKERTOWN RD & HAYWOOD LN,NASHVILLE,TN,37211,8851,SOUTH,36.07,-86.6856,POINT (-86.6856 36.07)
20190313284,04/23/2019 02:36:00 PM,3,1,0,,N,279124,11,Front to Rear,21,CLEAR,1,DAYLIGHT,12,MOTOR VEHICLE IN TRANSPORT,NOLENSVILLE PKE & WHEELER AV,NASHVILLE,TN,37211,8511,MIDTOW,36.0957,-86.7374,POINT (-86.7374 36.0957)
20190462956,06/18/2019 06:10:00 PM,2,0,0,,N,352209,4,ANGLE,21,CLEAR,1,DAYLIGHT,12,MOTOR VEHICLE IN TRANSPORT,SPRING ST & I24 W EXT RAMP,NASHVILLE,TN,37207,1983,EAST,36.1767,-86.7723,POINT (-86.7723 36.1767)
20190537743,07/18/2019 04:43:00 PM,2,0,0,,N,151132,11,Front to Rear,22,CLOUDY,1,DAYLIGHT,12,MOTOR VEHICLE IN TRANSPORT,GALLATIN PKES & DUE WEST AVW,MADISON,TN,37115,1519,MADISO,36.2475,-86.7207,POINT (-86.7207 36.2475)
20190153654,02/25/2019 09:58:00 PM,2,0,0,,N,240968,4,ANGLE,21,CLEAR,3,DARK - LIGHTED,12,MOTOR VEHICLE IN TRANSPORT,CLEARLAKE DRW & ISLANDIA DR,NASHVILLE,TN,37217,8931,HERMIT,36.0955,-86.6129,POINT (-86.6129 36.0955)
20190429218,06/05/2019 04:56:00 PM,2,0,0,,N,279208,5,SIDESWIPE - SAME DIRECTION,21,CLEAR,1,DAYLIGHT,12,MOTOR VEHICLE IN TRANSPORT,16TH AVS & EDGEHILL AV,NASHVILLE,TN,37212,6629,MIDTOW,36.1422,-86.7934,POINT (-86.7934 36.1422)
20190480767,06/25/2019 05:40:00 PM,2,0,0,,Y,352167,11,Front to Rear,21,CLEAR,1,DAYLIGHT,12,MOTOR VEHICLE IN TRANSPORT,GEORGE L DAVIS BLVD & CHURCH ST,NASHVILLE,TN,37203,4119,CENTRA,36.1584,-86.7906,POINT (-86.7906 36.1584)
20190248278,03/31/2019 12:15:00 PM,2,0,0,,Y,332253,9,UNKNOWN,22,CLOUDY,1,DAYLIGHT,12;14,MOTOR VEHICLE IN TRANSPORT;PARKED MOTOR VEHICLE,1200 OLD DICKERSON PKE,GOODLETTSVILLE,TN,37072,2137,MADISO,36.2932,-86.7415,POINT (-86.7415 36.2932)
20190133147,02/18/2019 03:47:00 PM,2,0,0,,Y,256383,5,SIDESWIPE - SAME DIRECTION,21,CLEAR,1,DAYLIGHT,12,MOTOR VEHICLE IN TRANSPORT,VINEYARD GARDEN LN & CROWS NEST ALY,ANTIOCH,TN,37013,8771,SOUTH,35.9826,-86.6171,POINT (-86.6171 35.9826)
20190139172,02/20/2019 04:00:00 PM,2,0,0,,Y,240959,4,ANGLE,22,CLOUDY,1,DAYLIGHT,12,MOTOR VEHICLE IN TRANSPORT,RICHMOND DR & HEDGEWOOD DR,NASHVILLE,TN,37216,1513,EAST,36.2296,-86.7207,POINT (-86.7207 36.2296)
20190487514,06/28/2019 12:00:00 AM,1,0,0,Y,Y,320578,0,NOT COLLISION W/MOTOR VEHICLE-TRANSPORT,21,CLEAR,3,DARK - LIGHTED,32,CULVERT,HAYWOOD LN & HAYWOOD SQUARE PVTDR,NASHVILLE,TN,37211,8709,SOUTH,36.0694,-86.6927,POINT (-86.6927 36.0694)
20190076366,01/29/2019 11:17:00 AM,2,0,0,,N,306708,4,ANGLE,21,CLEAR,1,DAYLIGHT,12,MOTOR VEHICLE IN TRANSPORT,EASTLAND AV & GALLATIN AV,NASHVILLE,TN,37206,1243,EAST,36.1838,-86.7484,POINT (-86.7484 36.1838)
20190384445,05/20/2019 08:39:00 AM,2,1,0,,N,279113,98,OTHER,21,CLEAR,1,DAYLIGHT,12,MOTOR VEHICLE IN TRANSPORT,MURFREESBORO PKE & MCGAVOCK PKE,NASHVILLE,TN,37217,8841,SOUTH,36.1129,-86.689,POINT (-86.689 36.1129)
20190484470,06/27/2019 12:53:00 AM,1,0,0,,N,134867,0,NOT COLLISION W/MOTOR VEHICLE-TRANSPORT,2,RAIN,3,DARK - LIGHTED,18,OTHER OBJECT (NOT FIXED),DAVIDSON ST & S 2ND ST,NASHVILLE,TN,37213,1001,CENTRA,36.1611,-86.7613,POINT (-86.7613 36.1611)
20190331638,04/30/2019 10:21:00 AM,2,2,0,,Y,633385,11,Front to Rear,21,CLEAR,1,DAYLIGHT,12,MOTOR VEHICLE IN TRANSPORT,HICKORY HOLLOW PKWY & HICKORY HOLLOW LN,ANTIOCH,TN,37013,8863,SOUTH,36.0465,-86.6546,POINT (-86.6546 36.0465)
20190225114,03/23/2019 12:35:00 AM,2,1,0,,N,320591,4,ANGLE,21,CLEAR,3,DARK - LIGHTED,12,MOTOR VEHICLE IN TRANSPORT,BELL RD & CANE RIDGE RD,ANTIOCH,TN,37013,8753,SOUTH,36.0449,-86.6631,POINT (-86.6631 36.0449)
20190420520,06/02/2019 11:39:00 AM,3,0,0,,N,630627,5,SIDESWIPE - SAME DIRECTION,21,CLEAR,1,DAYLIGHT,12;14,MOTOR VEHICLE IN TRANSPORT;PARKED MOTOR VEHICLE,21ST AVS & WEDGEWOOD AV,NASHVILLE,TN,37212,6623,MIDTOW,36.138,-86.8007,POINT (-86.8007 36.138)
20190251325,04/01/2019 03:33:00 PM,2,1,0,Y,N,320582,4,ANGLE,21,CLEAR,1,DAYLIGHT,12;30,MOTOR VEHICLE IN TRANSPORT;UTILITY POLE,GALLATIN PKE & SHELTON AV,NASHVILLE,TN,37216,1439,EAST,36.21,-86.7338,POINT (-86.7338 36.21)
20190285190,04/13/2019 11:55:00 PM,1,0,0,,N,256382,0,NOT COLLISION W/MOTOR VEHICLE-TRANSPORT,2,RAIN,3,DARK - LIGHTED,36,CONCRETE TRAFFIC BARRIER,BRILEY PKWYN & BRILEY PKWY N ENT RAMP,NASHVILLE,TN,37214,9203,HERMIT,36.1716,-86.6885,POINT (-86.6885 36.1716)
20190120218,02/13/2019 06:39:00 PM,2,0,0,,Y,299241,11,Front to Rear,21,CLEAR,7,Dark-Unknown Lighting,12,MOTOR VEHICLE IN TRANSPORT,ROBINSON RD & MERRITT ST,OLD HICKORY,TN,37138,9609,HERMIT,36.2556,-86.6536,POINT (-86.6536 36.2556)
20190195131,03/12/2019 07:48:00 PM,1,1,0,Y,N,320599,0,NOT COLLISION W/MOTOR VEHICLE-TRANSPORT,21,CLEAR,2,DARK - NOT LIGHTED,1;34;42,DITCH;TREE,BELL RD & EDGE O LAKE DR,NASHVILLE,TN,37217,8963,HERMIT,36.0794,-86.6326,POINT (-86.6326 36.0794)
20190332715,04/30/2019 05:52:00 PM,2,1,0,,N,330413,11,Front to Rear,21,CLEAR,1,DAYLIGHT,12,MOTOR VEHICLE IN TRANSPORT,HARDING PL & SIDCO DR,NASHVILLE,TN,37220,8601,MIDTOW,36.0819,-86.7612,POINT (-86.7612 36.0819)
20190082384,01/31/2019 05:02:00 AM,2,0,0,,N,330420,11,Front to Rear,21,CLEAR,3,DARK - LIGHTED,12,MOTOR VEHICLE IN TRANSPORT,BELL RD & CANE RIDGE RD,ANTIOCH,TN,37013,8753,SOUTH,36.0449,-86.6631,POINT (-86.6631 36.0449)
20190035483,01/14/2019 04:30:00 PM,2,0,0,,N,299263,11,Front to Rear,5,FOG,1,DAYLIGHT,12,MOTOR VEHICLE IN TRANSPORT,BRILEY PKWYN & BRILEY PKWYS,NASHVILLE,TN,37211,8404,SOUTH,36.1092,-86.727,POINT (-86.727 36.1092)
20190547409,07/22/2019 05:40:00 PM,2,0,0,,N,320577,4,ANGLE,2,RAIN,1,DAYLIGHT,12,MOTOR VEHICLE IN TRANSPORT,FOSTER CREIGHTON DR & THOMPSON LN,NASHVILLE,TN,37204,8523,MIDTOW,36.111,-86.7535,POINT (-86.7535 36.111)
20190534742,07/17/2019 02:49:00 PM,3,1,0,,N,137872,4,ANGLE,21,CLEAR,1,DAYLIGHT,12,MOTOR VEHICLE IN TRANSPORT,LEBANON PKE & MCGAVOCK PKE,NASHVILLE,TN,37214,9201,HERMIT,36.1694,-86.6799,POINT (-86.6799 36.1694)
20190257570,04/03/2019 04:00:00 PM,2,0,0,,N,206675,11,Front to Rear,21,CLEAR,1,DAYLIGHT,12,MOTOR VEHICLE IN TRANSPORT,21ST AVS & BERNARD AV,NASHVILLE,TN,37212,5901,MIDTOW,36.1313,-86.8015,POINT (-86.8015 36.1313)
20190245867,03/30/2019 08:51:00 AM,2,0,0,,N,279110,11,Front to Rear,21,CLEAR,1,DAYLIGHT,12,MOTOR VEHICLE IN TRANSPORT,LINBAR DR & HARDING PL,NASHVILLE,TN,37211,8705,SOUTH,36.0842,-86.7059,POINT (-86.7059 36.0842)
20190435082,06/07/2019 07:39:00 PM,2,0,0,,N,281611,11,Front to Rear,21,CLEAR,2,DARK - NOT LIGHTED,12,MOTOR VEHICLE IN TRANSPORT,I40 E EXT RAMP & I 40,NASHVILLE,TN,37214,8955,HERMIT,36.155,-86.6271,POINT (-86.6271 36.155)
20190280989,04/12/2019 07:50:00 AM,2,0,0,,N,665896,5,SIDESWIPE - SAME DIRECTION,2,RAIN,1,DAYLIGHT,12;14,MOTOR VEHICLE IN TRANSPORT;PARKED MOTOR VEHICLE,ORDWAY PL & N 14TH ST,NASHVILLE,TN,37206,1215,EAST,36.1802,-86.7453,POINT (-86.7453 36.1802)
20190169231,03/03/2019 06:31:00 PM,2,0,0,,N,109536,4,ANGLE,22,CLOUDY,3,DARK - LIGHTED,12,MOTOR VEHICLE IN TRANSPORT,DICKERSON PKE & BELL GRIMES LN,MADISON,TN,37115,2039,MADISO,36.2686,-86.756,POINT (-86.756 36.2686)
20190488621,06/28/2019 11:59:00 AM,2,0,0,,N,716886,5,SIDESWIPE - SAME DIRECTION,21,CLEAR,1,DAYLIGHT,12,MOTOR VEHICLE IN TRANSPORT,HICKORY HOLLOW PKWY & BELL RD,ANTIOCH,TN,37013,8863,SOUTH,36.0475,-86.656,POINT (-86.656 36.0475)
20190335622,05/01/2019 04:15:00 PM,2,0,0,,Y,330444,11,Front to Rear,22,CLOUDY,1,DAYLIGHT,12,MOTOR VEHICLE IN TRANSPORT,31ST AVS & 31ST AVN,NASHVILLE,TN,37212,5815,MIDTOW,36.1424,-86.8153,POINT (-86.8153 36.1424)
20190226341,03/23/2019 03:00:00 PM,3,4,0,Y,N,311332,11,Front to Rear,22,CLOUDY,1,DAYLIGHT,12,MOTOR VEHICLE IN TRANSPORT,MM 200 4 I 40,NASHVILLE,TN,37205,4902,WEST,36.1242,-86.9074,POINT (-86.9074 36.1242)
20190510293,07/07/2019 11:07:00 AM,2,0,0,,Y,279230,5,SIDESWIPE - SAME DIRECTION,21,CLEAR,1,DAYLIGHT,14,PARKED MOTOR VEHICLE,4190 WALLACE RD,NASHVILLE,TN,37211,8705,SOUTH,36.0774,-86.7254,POINT (-86.7254 36.0774)
20190214468,03/19/2019 06:23:00 PM,3,2,0,,N,279225,11,Front to Rear,21,CLEAR,1,DAYLIGHT,12,MOTOR VEHICLE IN TRANSPORT,OLD HICKORY BLVD & PLANTATION DR,HERMITAGE,TN,37076,9613,HERMIT,36.2006,-86.6209,POINT (-86.6209 36.2006)
20190009647,01/04/2019 02:40:00 PM,3,0,0,,N,298868,11,Front to Rear,22,CLOUDY,1,DAYLIGHT,12,MOTOR VEHICLE IN TRANSPORT,MM 2 2 I 440,NASHVILLE,TN,37215,6006,WEST,36.1272,-86.8152,POINT (-86.8152 36.1272)
20190547121,07/22/2019 03:35:00 PM,2,0,0,,N,267831,11,Front to Rear,22,CLOUDY,1,DAYLIGHT,12,MOTOR VEHICLE IN TRANSPORT,HARDING PKE & WOODLAWN DR,NASHVILLE,TN,37205,6021,WEST,36.1274,-86.8442,POINT (-86.8442 36.1274)
20190428498,06/05/2019 11:39:00 AM,2,0,0,,N,834798,11,Front to Rear,21,CLEAR,1,DAYLIGHT,12,MOTOR VEHICLE IN TRANSPORT,MARTIN ST & WEDGEWOOD AV,NASHVILLE,TN,37203,8053,MIDTOW,36.1335,-86.7704,POINT (-86.7704 36.1335)
20190325649,04/27/2019 11:24:00 PM,2,2,0,,Y,352211,4,ANGLE,21,CLEAR,3,DARK - LIGHTED,12,MOTOR VEHICLE IN TRANSPORT,SPRING ST & N 1ST ST,NASHVILLE,TN,37213,1985,CENTRA,36.177,-86.7746,POINT (-86.7746 36.177)
20190040650,01/16/2019 08:15:00 AM,2,1,0,,N,226098,11,Front to Rear,22,CLOUDY,1,DAYLIGHT,12,MOTOR VEHICLE IN TRANSPORT,MM 37 4 I 24,WHITES CREEK,TN,37189,33181,NORTH,36.3131,-86.8308,POINT (-86.8308 36.3131)
20190131018,02/17/2019 11:30:00 PM,3,3,0,,N,320578,4,ANGLE,21,CLEAR,3,DARK - LIGHTED,12;14,MOTOR VEHICLE IN TRANSPORT;PARKED MOTOR VEHICLE,BELL RD & MT VIEW RD,ANTIOCH,TN,37013,8865,SOUTH,36.05,-86.6496,POINT (-86.6496 36.05)
20190226153,03/23/2019 12:44:00 PM,2,2,0,,N,140790,2,HEAD-ON,21,CLEAR,1,DAYLIGHT,12;63,MOTOR VEHICLE IN TRANSPORT;Ran Off Road-Right,ROBINSON RD & MARTINGALE DR,OLD HICKORY,TN,37138,9619,HERMIT,36.2562,-86.6545,POINT (-86.6545 36.2562)
20190191505,03/11/2019 03:53:00 PM,2,0,0,,N,311333,4,ANGLE,21,CLEAR,1,DAYLIGHT,12,MOTOR VEHICLE IN TRANSPORT,CROSSINGS BLVD & MT VIEW RD,ANTIOCH,TN,37013,8863,SOUTH,36.0455,-86.6473,POINT (-86.6473 36.0455)
20190504673,07/04/2019 05:52:00 PM,2,5,1,,N,405404,4,ANGLE,21,CLEAR,1,DAYLIGHT,12;30,MOTOR VEHICLE IN TRANSPORT;UTILITY POLE,STATE RT 45 & RIO VISTA DR,MADISON,TN,37115,1705,MADISO,36.2628,-86.681,POINT (-86.681 36.2628)
20190199458,03/14/2019 07:00:00 AM,2,2,0,Y,N,226622,2,HEAD-ON,22,CLOUDY,1,DAYLIGHT,12,MOTOR VEHICLE IN TRANSPORT,HIGHWAY 100 & OLD HARDING PKE,NASHVILLE,TN,37221,4807,WEST,36.0445,-86.956,POINT (-86.956 36.0445)
20190150398,02/24/2019 06:20:00 PM,2,0,0,,N,420040,5,SIDESWIPE - SAME DIRECTION,21,CLEAR,3,DARK - LIGHTED,12,MOTOR VEHICLE IN TRANSPORT,20TH AVS & TERRACE PL,NASHVILLE,TN,37203,5709,MIDTOW,36.1504,-86.7986,POINT (-86.7986 36.1504)
20190104016,02/07/2019 05:30:00 PM,2,0,0,,N,330411,11,Front to Rear,2,RAIN,3,DARK - LIGHTED,12,MOTOR VEHICLE IN TRANSPORT,SPENCE LN & I40 W EXT RAMP,NASHVILLE,TN,37210,90062,HERMIT,36.1405,-86.7223,POINT (-86.7223 36.1405)
20190125344,02/15/2019 11:03:00 AM,3,0,0,,N,690942,11,Front to Rear,21,CLEAR,1,DAYLIGHT,12,MOTOR VEHICLE IN TRANSPORT,JAMES ROBERTSON PKWY & GAY ST,NASHVILLE,TN,37219,4203,CENTRA,36.192,-86.7173,POINT (-86.7173 36.192)
20190569670,07/31/2019 01:14:00 PM,2,0,0,,N,226827,11,Front to Rear,21,CLEAR,1,DAYLIGHT,12,MOTOR VEHICLE IN TRANSPORT,SPRINGFIELD HWY & TINNIN RD,GOODLETTSVILLE,TN,37072,2201,MADISO,36.3691,-86.7391,POINT (-86.7391 36.3691)
20190394352,05/23/2019 12:57:00 PM,2,0,0,,N,580819,11,Front to Rear,21,CLEAR,1,DAYLIGHT,12,MOTOR VEHICLE IN TRANSPORT,BROADWAY & 4TH AVN,NASHVILLE,TN,37203,4091,CENTRA,36.161,-86.7772,POINT (-86.7772 36.161)
20190221414,03/21/2019 06:45:00 PM,1,0,0,Y,Y,140804,0,NOT COLLISION W/MOTOR VEHICLE-TRANSPORT,22,CLOUDY,1,DAYLIGHT,18,OTHER OBJECT (NOT FIXED),LOTTA & RICHARDSON,NASHVILLE,TN,37207,1913,EAST,36.1915,-86.774,POINT (-86.774 36.1915)
20190103481,02/07/2019 03:00:00 PM,2,0,0,,Y,279124,4,ANGLE,21,CLEAR,1,DAYLIGHT,12,MOTOR VEHICLE IN TRANSPORT,NAPOLEON AV & NOLENSVILLE PKE,NASHVILLE,TN,37210,8109,SOUTH,36.1282,-86.7539,POINT (-86.7539 36.1282)
20190425297,06/04/2019 08:15:00 AM,2,0,0,,N,420035,4,ANGLE,21,CLEAR,1,DAYLIGHT,12,MOTOR VEHICLE IN TRANSPORT,BRICK CHURCH PIKE & RAMP,NASHVILLE,TN,37207,2003,MADISO,36.2378,-86.7811,POINT (-86.7811 36.2378)
20190361649,05/11/2019 12:56:00 PM,2,0,0,,N,179602,4,ANGLE,22,CLOUDY,1,DAYLIGHT,12,MOTOR VEHICLE IN TRANSPORT,BUENA VISTA PKE & CLIFF DR,NASHVILLE,TN,37218,3135,NORTH,36.1971,-86.8281,POINT (-86.8281 36.1971)
20190369291,05/14/2019 04:17:00 PM,2,1,0,,N,267831,11,Front to Rear,21,CLEAR,1,DAYLIGHT,12,MOTOR VEHICLE IN TRANSPORT,BRILEY PKWY & ROBERTSON AV,NASHVILLE,TN,37209,4637,WEST,36.1538,-86.8575,POINT (-86.8575 36.1538)
20190142815,02/21/2019 07:28:00 PM,2,2,0,,N,151132,11,Front to Rear,2,RAIN,2,DARK - NOT LIGHTED,12,MOTOR VEHICLE IN TRANSPORT,ANDERSON LN & PIERCE RD,MADISON,TN,37115,1727,MADISO,36.2731,-86.7027,POINT (-86.7027 36.2731)