Accident Number,Date and Time,Number of Motor Vehicles,Number of Injuries,Number of Fatalities,Property Damage,Hit and Run,Reporting Officer,Collision Type Code,Collision Type Description,Weather Code,Weather Description,Illumination Code,Illumination Description,Harmful Code,Harmful Code Description,Street Address,City,State,ZIP,RPA,Precinct,Latitude,Longitude,Mapped Location
20190315989,04/24/2019 09:32:00 AM,2,0,0,,Y,630627,4,ANGLE,21,CLEAR,1,DAYLIGHT,12,MOTOR VEHICLE IN TRANSPORT,CHURCH ST & 14TH AVN,NASHVILLE,TN,37203,5517,MIDTOW,36.1579,-86.7916,POINT (-86.7916 36.1579)
20190275328,04/10/2019 09:00:00 AM,3,0,0,,N,134899,6,SIDESWIPE - OPPOSITE DIRECTION,21,CLEAR,1,DAYLIGHT,12,MOTOR VEHICLE IN TRANSPORT,LEBANON PKE & MUNN RD,NASHVILLE,TN,37214,9401,HERMIT,36.1684,-86.6569,POINT (-86.6569 36.1684)
20190059214,01/23/2019 09:25:00 AM,2,0,0,,N,222047,4,ANGLE,2,RAIN,1,DAYLIGHT,12,MOTOR VEHICLE IN TRANSPORT,MM 212 9 I 40,NASHVILLE,TN,37210,82061,HERMIT,36.1404,-86.7312,POINT (-86.7312 36.1404)
20190514615,07/09/2019 02:20:00 PM,2,0,0,,N,267831,5,SIDESWIPE - SAME DIRECTION,21,CLEAR,1,DAYLIGHT,12,MOTOR VEHICLE IN TRANSPORT,HARDING PKE & WOODMONT BLVD,NASHVILLE,TN,37205,6021,WEST,36.1253,-86.8472,POINT (-86.8472 36.1253)
20190527079,07/14/2019 05:20:00 PM,2,0,0,,N,256446,4,ANGLE,22,CLOUDY,1,DAYLIGHT,12,MOTOR VEHICLE IN TRANSPORT,OCALA DR & NOLENSVILLE PKE,NASHVILLE,TN,37211,8717,SOUTH,36.0516,-86.714,POINT (-86.714 36.0516)
20190288101,04/15/2019 06:49:00 AM,3,1,0,,N,716886,11,Front to Rear,21,CLEAR,1,DAYLIGHT,12,MOTOR VEHICLE IN TRANSPORT,OLD HICKORY BLVD & LOGISTICS WAY,ANTIOCH,TN,37013,8869,SOUTH,36.0286,-86.614,POINT (-86.614 36.0286)
20190286217,04/14/2019 11:07:00 AM,2,1,0,,N,320574,11,Front to Rear,21,CLEAR,1,DAYLIGHT,12,MOTOR VEHICLE IN TRANSPORT,LEBANON PKE & ANDREW JACKSON PKWY,HERMITAGE,TN,37076,9537,HERMIT,36.2151,-86.5962,POINT (-86.5962 36.2151)
20190372283,05/15/2019 03:10:00 PM,3,0,0,,N,299267,11,Front to Rear,21,CLEAR,1,DAYLIGHT,12,MOTOR VEHICLE IN TRANSPORT,FRANKLIN PKE & FOREST ACRES DR,NASHVILLE,TN,37220,7111,MIDTOW,36.0636,-86.7743,POINT (-86.7743 36.0636)
20190496547,07/01/2019 05:44:00 PM,2,0,0,,Y,256380,11,Front to Rear,21,CLEAR,1,DAYLIGHT,14,PARKED MOTOR VEHICLE,ARTIC AV & BRICK CHURCH PKE,NASHVILLE,TN,37207,3007,NORTH,36.2037,-86.7795,POINT (-86.7795 36.2037)
20190404452,05/27/2019 12:34:00 PM,2,1,0,,Y,320575,11,Front to Rear,21,CLEAR,1,DAYLIGHT,12,MOTOR VEHICLE IN TRANSPORT,HAYWOOD LN & HOPEDALE DR,NASHVILLE,TN,37211,8711,SOUTH,36.0688,-86.7175,POINT (-86.7175 36.0688)
20190299694,04/18/2019 04:45:00 PM,2,1,0,,N,834813,11,Front to Rear,22,CLOUDY,1,DAYLIGHT,12,MOTOR VEHICLE IN TRANSPORT,WHITES CREEK PKE & MORGAN RD,JOELTON,TN,37080,2309,NORTH,36.3526,-86.8806,POINT (-86.8806 36.3526)
20190501746,07/03/2019 02:06:00 PM,2,0,0,,N,716886,2,HEAD-ON,21,CLEAR,1,DAYLIGHT,12,MOTOR VEHICLE IN TRANSPORT,OWENDALE DR & HAMILTON CHURCH RD,ANTIOCH,TN,37013,8979,SOUTH,36.0649,-86.6221,POINT (-86.6221 36.0649)
20190228788,03/24/2019 05:09:00 PM,2,1,0,,N,224437,4,ANGLE,21,CLEAR,1,DAYLIGHT,12,MOTOR VEHICLE IN TRANSPORT,NOLENSVILLE PKE & ZOO RD,NASHVILLE,TN,37211,8509,MIDTOW,36.0886,-86.732,POINT (-86.732 36.0886)
20190398079,05/24/2019 12:00:00 AM,2,0,0,,Y,298868,4,ANGLE,21,CLEAR,3,DARK - LIGHTED,14,PARKED MOTOR VEHICLE,HILLSBORO DR & HILLSBORO PKE,NASHVILLE,TN,37215,6111,WEST,36.1023,-86.8185,POINT (-86.8185 36.1023)
20190265292,04/06/2019 12:06:00 PM,2,0,0,,Y,161952,4,ANGLE,21,CLEAR,1,DAYLIGHT,12;14,MOTOR VEHICLE IN TRANSPORT;PARKED MOTOR VEHICLE,1497 COUNTY HOSPITAL RD,NASHVILLE,TN,37218,3133,NORTH,36.1851,-86.8424,POINT (-86.8424 36.1851)
20190234321,03/26/2019 10:00:00 AM,2,0,0,,N,628640,11,Front to Rear,21,CLEAR,1,DAYLIGHT,12,MOTOR VEHICLE IN TRANSPORT,NOLENSVILLE PKE & HARDING PL,NASHVILLE,TN,37211,8501,MIDTOW,36.0807,-86.7267,POINT (-86.7267 36.0807)
20190398763,05/24/2019 09:49:00 PM,2,0,0,,Y,279124,11,Front to Rear,21,CLEAR,3,DARK - LIGHTED,12,MOTOR VEHICLE IN TRANSPORT,I24 W ENT RAMP & I 24,NASHVILLE,TN,37206,1009,EAST,36.1666,-86.7638,POINT (-86.7638 36.1666)
20190467920,06/20/2019 10:55:00 AM,2,0,0,Y,N,352186,5,SIDESWIPE - SAME DIRECTION,21,CLEAR,1,DAYLIGHT,12;40;64,MOTOR VEHICLE IN TRANSPORT;MAIL BOX;Ran Off Road-Left,BULL RUN RD & PINE VALLEY RD,NASHVILLE,TN,37218,3325,NORTH,36.2094,-86.9219,POINT (-86.9219 36.2094)
20190219631,03/21/2019 07:50:00 AM,2,0,0,,N,140790,11,Front to Rear,21,CLEAR,1,DAYLIGHT,12,MOTOR VEHICLE IN TRANSPORT,MM 219 9 I 40,HERMITAGE,TN,37076,94021,HERMIT,36.1635,-86.6169,POINT (-86.6169 36.1635)
20190511709,07/08/2019 06:45:00 AM,4,0,0,,Y,591936,11,Front to Rear,21,CLEAR,1,DAYLIGHT,12,MOTOR VEHICLE IN TRANSPORT,MM 3 2 I 440,NASHVILLE,TN,37215,6422,MIDTOW,36.1177,-86.8005,POINT (-86.8005 36.1177)
20190283153,04/13/2019 01:50:00 AM,1,0,0,,N,110094,0,NOT COLLISION W/MOTOR VEHICLE-TRANSPORT,21,CLEAR,3,DARK - LIGHTED,36,CONCRETE TRAFFIC BARRIER,THE ARCADE & ARCADE ALY,NASHVILLE,TN,37219,4139,CENTRA,36.1643,-86.7801,POINT (-86.7801 36.1643)
20190519222,07/11/2019 07:30:00 AM,3,0,0,,N,352164,5,SIDESWIPE - SAME DIRECTION,21,CLEAR,1,DAYLIGHT,12,MOTOR VEHICLE IN TRANSPORT,I40 E EXT RAMP & I 40,NASHVILLE,TN,37214,8955,HERMIT,36.155,-86.6271,POINT (-86.6271 36.155)
20190379804,05/18/2019 01:47:00 AM,2,0,0,Y,Y,256377,11,Front to Rear,21,CLEAR,3,DARK - LIGHTED,12;43;64,MOTOR VEHICLE IN TRANSPORT;OTHER FIXED OBJECTS;Ran Off Road-Left,VULTEE BLVD & KERMIT DR,NASHVILLE,TN,37217,8823,HERMIT,36.1238,-86.7038,POINT (-86.7038 36.1238)
20190145752,02/22/2019 05:20:00 PM,4,0,0,,N,256427,11,Front to Rear,2,RAIN,3,DARK - LIGHTED,12,MOTOR VEHICLE IN TRANSPORT,MM 211 8 I 40,NASHVILLE,TN,37210,90022,HERMIT,36.149,-86.7465,POINT (-86.7465 36.149)
20190001343,01/01/2019 03:20:00 PM,2,0,0,,N,240976,4,ANGLE,22,CLOUDY,1,DAYLIGHT,12,MOTOR VEHICLE IN TRANSPORT,W EASTLAND AV & BAILEY ST,NASHVILLE,TN,37206,1931,EAST,36.1839,-86.7502,POINT (-86.7502 36.1839)
20190191100,03/11/2019 12:30:00 PM,2,1,0,,N,212318,11,Front to Rear,21,CLEAR,1,DAYLIGHT,12,MOTOR VEHICLE IN TRANSPORT,OLD HICKORY BLVD & WESTPARK DR,NASHVILLE,TN,37220,7111,MIDTOW,36.0382,-86.8009,POINT (-86.8009 36.0382)
20190524203,07/13/2019 05:40:00 AM,2,0,0,,N,279206,4,ANGLE,21,CLEAR,1,DAYLIGHT,12,MOTOR VEHICLE IN TRANSPORT,LAFAYETTE ST & FAIRFIELD AV,NASHVILLE,TN,37210,8133,SOUTH,36.1473,-86.7579,POINT (-86.7579 36.1473)
20190341085,05/03/2019 04:05:00 PM,2,0,0,,N,320585,5,SIDESWIPE - SAME DIRECTION,21,CLEAR,1,DAYLIGHT,12,MOTOR VEHICLE IN TRANSPORT,VISCO DR & VISCO CT,NASHVILLE,TN,37210,9009,HERMIT,36.1579,-86.7471,POINT (-86.7471 36.1579)
20190396681,05/24/2019 12:00:00 AM,1,0,0,,Y,224797,0,NOT COLLISION W/MOTOR VEHICLE-TRANSPORT,21,CLEAR,2,DARK - NOT LIGHTED,1,,RIVER ROAD PKE & RIVER ROAD PKE PVTDR,NASHVILLE,TN,37209,4705,WEST,36.2021,-86.9796,POINT (-86.9796 36.2021)
20190337052,05/02/2019 05:30:00 AM,2,0,0,,Y,226136,5,SIDESWIPE - SAME DIRECTION,99,UNKNOWN,7,Dark-Unknown Lighting,12,MOTOR VEHICLE IN TRANSPORT,MM 5 3 I 440,NASHVILLE,TN,37204,81061,MIDTOW,36.1194,-86.7669,POINT (-86.7669 36.1194)
20190387961,05/21/2019 12:17:00 PM,2,3,0,,N,716886,4,ANGLE,21,CLEAR,1,DAYLIGHT,12,MOTOR VEHICLE IN TRANSPORT,BELL RD & HICKORY HOLLOW MALL PVTDR PL,ANTIOCH,TN,37013,8863,SOUTH,36.0493,-86.6517,POINT (-86.6517 36.0493)
20190218777,03/21/2019 01:10:00 AM,1,0,0,,N,166477,0,NOT COLLISION W/MOTOR VEHICLE-TRANSPORT,21,CLEAR,2,DARK - NOT LIGHTED,50,DEER (ANIMAL),BURKITT RD & CANONBURY DR,NOLENSVILLE,TN,37135,8773,SOUTH,35.991,-86.6754,POINT (-86.6754 35.991)
20190457180,06/16/2019 01:00:00 PM,2,0,0,,N,630627,5,SIDESWIPE - SAME DIRECTION,22,CLOUDY,1,DAYLIGHT,14,PARKED MOTOR VEHICLE,POSTON AV & 28TH AVN,NASHVILLE,TN,37203,5625,MIDTOW,36.146,-86.8137,POINT (-86.8137 36.146)
20190565423,07/29/2019 11:27:00 PM,2,0,0,,Y,197075,11,Front to Rear,21,CLEAR,3,DARK - LIGHTED,12,MOTOR VEHICLE IN TRANSPORT,MM 93 6 I 65,MADISON,TN,37115,17062,MADISO,36.2837,-86.7303,POINT (-86.7303 36.2837)
20190308307,04/22/2019 07:14:00 AM,2,0,0,,N,439917,11,Front to Rear,21,CLEAR,1,DAYLIGHT,12,MOTOR VEHICLE IN TRANSPORT,MM 207 1 I 40,NASHVILLE,TN,37208,54020,NORTH,36.1698,-86.8093,POINT (-86.8093 36.1698)
20190249664,04/01/2019 12:00:00 AM,1,0,0,Y,N,240981,0,NOT COLLISION W/MOTOR VEHICLE-TRANSPORT,21,CLEAR,3,DARK - LIGHTED,38,FENCE,100 N 10TH ST,NASHVILLE,TN,37206,1939,EAST,36.1792,-86.7523,POINT (-86.7523 36.1792)
20190390673,05/22/2019 09:00:00 AM,2,0,0,,N,676834,11,Front to Rear,21,CLEAR,1,DAYLIGHT,12,MOTOR VEHICLE IN TRANSPORT,MM 85 5 I 65,NASHVILLE,TN,37208,4304,CENTRA,36.1888,-86.793,POINT (-86.793 36.1888)
20190506109,07/05/2019 08:50:00 AM,2,2,0,,N,572251,4,ANGLE,21,CLEAR,1,DAYLIGHT,12,MOTOR VEHICLE IN TRANSPORT,OLD HICKORY BLVDW & HERITAGE DR,MADISON,TN,37115,1749,MADISO,36.2641,-86.7242,POINT (-86.7242 36.2641)
20190307156,04/21/2019 08:12:00 PM,2,0,0,,N,887598,4,ANGLE,21,CLEAR,3,DARK - LIGHTED,12,MOTOR VEHICLE IN TRANSPORT,WALTON LN & MAPLEWOOD TRC,NASHVILLE,TN,37216,1899,EAST,36.2342,-86.7506,POINT (-86.7506 36.2342)
20190492209,06/29/2019 11:30:00 PM,3,0,0,,Y,330438,4,ANGLE,21,CLEAR,2,DARK - NOT LIGHTED,14,PARKED MOTOR VEHICLE,LEBANON PKE & LUREE LN,HERMITAGE,TN,37076,9719,HERMIT,36.203,-86.6161,POINT (-86.6161 36.203)
20190091460,02/03/2019 03:50:00 PM,2,1,0,,Y,206682,11,Front to Rear,21,CLEAR,1,DAYLIGHT,12,MOTOR VEHICLE IN TRANSPORT,RIVERGATE PKWY & RIVERGATE PKWY PVTDR,GOODLETTSVILLE,TN,37072,1723,MADISO,36.3069,-86.7036,POINT (-86.7036 36.3069)
20190471538,06/21/2019 04:05:00 PM,3,0,0,,N,212343,5,SIDESWIPE - SAME DIRECTION,22,CLOUDY,1,DAYLIGHT,12,MOTOR VEHICLE IN TRANSPORT,MM 49 0 I 24,NASHVILLE,TN,37206,10040,EAST,36.1664,-86.7647,POINT (-86.7647 36.1664)
20190296083,04/17/2019 01:25:00 PM,2,0,0,,N,256427,5,SIDESWIPE - SAME DIRECTION,21,CLEAR,1,DAYLIGHT,12,MOTOR VEHICLE IN TRANSPORT,MM 212 1 I 40,NASHVILLE,TN,37210,90041,HERMIT,36.1463,-86.7422,POINT (-86.7422 36.1463)
20190118701,02/13/2019 07:55:00 AM,2,0,0,,N,226622,11,Front to Rear,21,CLEAR,1,DAYLIGHT,12,MOTOR VEHICLE IN TRANSPORT,HIGHWAY 70S & WINDSOR TERRACE DR,NASHVILLE,TN,37221,4901,WEST,36.0778,-86.9111,POINT (-86.9111 36.0778)
20190141361,02/21/2019 09:30:00 AM,2,2,0,,N,902543,2,HEAD-ON,21,CLEAR,1,DAYLIGHT,12,MOTOR VEHICLE IN TRANSPORT,DICKERSON PKE & DUKE ST,NASHVILLE,TN,37207,1833,EAST,36.2072,-86.768,POINT (-86.768 36.2072)
20190180921,03/07/2019 10:30:00 AM,2,0,0,,N,330411,5,SIDESWIPE - SAME DIRECTION,21,CLEAR,1,DAYLIGHT,12,MOTOR VEHICLE IN TRANSPORT,17TH AVS & MCGAVOCK ST,NASHVILLE,TN,37203,5703,MIDTOW,36.1527,-86.7935,POINT (-86.7935 36.1527)
20190558201,07/26/2019 05:43:00 PM,2,0,0,,N,169425,11,Front to Rear,21,CLEAR,1,DAYLIGHT,12,MOTOR VEHICLE IN TRANSPORT,MM 5 8 I 440,NASHVILLE,TN,37204,83062,MIDTOW,36.1217,-86.7596,POINT (-86.7596 36.1217)
20190279484,04/11/2019 05:52:00 PM,4,0,0,,N,256380,11,Front to Rear,21,CLEAR,1,DAYLIGHT,12,MOTOR VEHICLE IN TRANSPORT,WHITES CREEK PKE & MOORMANS ARM RD,NASHVILLE,TN,37207,3033,NORTH,36.2182,-86.8035,POINT (-86.8035 36.2182)
20190175368,03/05/2019 03:13:00 PM,2,0,0,,Y,256411,4,ANGLE,21,CLEAR,1,DAYLIGHT,12,MOTOR VEHICLE IN TRANSPORT,TORBETT ST & 32ND AVN,NASHVILLE,TN,37209,4579,NORTH,36.1584,-86.8245,POINT (-86.8245 36.1584)
20190544381,07/21/2019 10:50:00 AM,2,0,0,,N,343522,5,SIDESWIPE - SAME DIRECTION,22,CLOUDY,1,DAYLIGHT,12,MOTOR VEHICLE IN TRANSPORT,MM 192 0 I 40,NASHVILLE,TN,37221,4802,WEST,36.077,-87.03,POINT (-87.03 36.077)
20190136940,02/19/2019 10:35:00 PM,2,0,0,,N,727203,0,NOT COLLISION W/MOTOR VEHICLE-TRANSPORT,2,RAIN,3,DARK - LIGHTED,12;36,MOTOR VEHICLE IN TRANSPORT;CONCRETE TRAFFIC BARRIER,MM 49 1 I 24,NASHVILLE,TN,37206,10040,EAST,36.1647,-86.7634,POINT (-86.7634 36.1647)
20190210670,03/18/2019 03:00:00 PM,2,0,0,,N,311332,11,Front to Rear,21,CLEAR,1,DAYLIGHT,12,MOTOR VEHICLE IN TRANSPORT,WEST END AV & I440 WEST END AV ENT RAMP,NASHVILLE,TN,37205,6007,WEST,36.1357,-86.8229,POINT (-86.8229 36.1357)
20190220347,03/21/2019 12:29:00 PM,2,0,0,,N,225773,4,ANGLE,21,CLEAR,1,DAYLIGHT,12,MOTOR VEHICLE IN TRANSPORT,NOLENSVILLE PKE & CRAIGHEAD ST,NASHVILLE,TN,37210,8125,SOUTH,36.1338,-86.7588,POINT (-86.7588 36.1338)
20190411127,05/29/2019 07:53:00 PM,1,0,0,,N,620080,0,NOT COLLISION W/MOTOR VEHICLE-TRANSPORT,21,CLEAR,3,DARK - LIGHTED,1;34;64,DITCH;Ran Off Road-Left,LAWNDALE DR & EAST THOMPSON LN,NASHVILLE,TN,37211,8803,SOUTH,36.1223,-86.7176,POINT (-86.7176 36.1223)
20190079259,01/30/2019 07:21:00 AM,2,0,0,,N,716886,11,Front to Rear,4,SNOW,1,DAYLIGHT,12,MOTOR VEHICLE IN TRANSPORT,BATTLE RD & BURKITT RD,ANTIOCH,TN,37013,8771,SOUTH,35.995,-86.6244,POINT (-86.6244 35.995)
20190353040,05/08/2019 08:30:00 AM,2,0,0,,N,226673,5,SIDESWIPE - SAME DIRECTION,21,CLEAR,1,DAYLIGHT,12,MOTOR VEHICLE IN TRANSPORT,UNION ST & ROSA L PARKS AV,NASHVILLE,TN,37203,4147,CENTRA,36.1629,-86.7847,POINT (-86.7847 36.1629)
20190503752,07/04/2019 08:43:00 AM,2,1,0,,N,226600,4,ANGLE,21,CLEAR,1,DAYLIGHT,12,MOTOR VEHICLE IN TRANSPORT,BELLEVUE CTR PVTDR & HIGHWAY 70S,NASHVILLE,TN,37221,4813,WEST,36.0787,-86.9507,POINT (-86.9507 36.0787)
20190063617,01/24/2019 07:40:00 PM,2,0,0,,Y,311332,5,SIDESWIPE - SAME DIRECTION,21,CLEAR,3,DARK - LIGHTED,12,MOTOR VEHICLE IN TRANSPORT,HILLSBORO PKE & WOODMONT BLVD,NASHVILLE,TN,37215,6105,WEST,36.114,-86.8109,POINT (-86.8109 36.114)
20190279090,04/11/2019 02:21:00 PM,2,0,0,,N,151132,11,Front to Rear,22,CLOUDY,1,DAYLIGHT,12,MOTOR VEHICLE IN TRANSPORT,DICKERSON PKE ENT RAMP & DICKERSON PKE,MADISON,TN,37115,2009,MADISO,36.242,-86.7568,POINT (-86.7568 36.242)
20190566818,07/30/2019 01:31:00 PM,3,2,0,,N,109515,4,ANGLE,21,CLEAR,1,DAYLIGHT,12,MOTOR VEHICLE IN TRANSPORT,E CAMPBELL RD & HIGHLAND CIR,MADISON,TN,37115,1759,MADISO,36.2763,-86.7108,POINT (-86.7108 36.2763)
20190547491,07/22/2019 06:11:00 PM,2,0,0,,N,240957,11,Front to Rear,2,RAIN,1,DAYLIGHT,12,MOTOR VEHICLE IN TRANSPORT,MM 77 6 I 65,NASHVILLE,TN,37220,86042,MIDTOW,36.0799,-86.7644,POINT (-86.7644 36.0799)
20190302571,04/19/2019 06:01:00 PM,2,0,0,,Y,330415,11,Front to Rear,2,RAIN,1,DAYLIGHT,12,MOTOR VEHICLE IN TRANSPORT,I40 W EXT RAMP & I 40,NASHVILLE,TN,37203,4119,CENTRA,36.1574,-86.79,POINT (-86.79 36.1574)
20190504590,07/04/2019 12:00:00 AM,2,0,0,,Y,197047,9,UNKNOWN,21,CLEAR,1,DAYLIGHT,14,PARKED MOTOR VEHICLE,S 8TH ST & FATHERLAND ST,NASHVILLE,TN,37206,1121,EAST,36.1722,-86.7575,POINT (-86.7575 36.1722)
20190069429,01/26/2019 11:40:00 PM,1,1,0,,N,279216,0,NOT COLLISION W/MOTOR VEHICLE-TRANSPORT,21,CLEAR,2,DARK - NOT LIGHTED,8,PEDESTRIAN,W TRINITY LN & BRICK CHURCH PKE,NASHVILLE,TN,37207,3003,NORTH,36.2066,-86.7779,POINT (-86.7779 36.2066)
20190536547,07/18/2019 06:50:00 AM,2,0,0,,N,109534,11,Front to Rear,22,CLOUDY,1,DAYLIGHT,12,MOTOR VEHICLE IN TRANSPORT,MM 211 5 I 40,NASHVILLE,TN,37210,8204,HERMIT,36.1514,-86.7517,POINT (-86.7517 36.1514)
20190284403,04/13/2019 04:22:00 PM,2,0,0,,N,298867,2,HEAD-ON,21,CLEAR,1,DAYLIGHT,12,MOTOR VEHICLE IN TRANSPORT,GALLATIN PKE & BROADMOOR DR,NASHVILLE,TN,37216,1513,EAST,36.2295,-86.7251,POINT (-86.7251 36.2295)
20190399688,05/25/2019 12:00:00 AM,3,0,0,,Y,429188,11,Front to Rear,21,CLEAR,9,UNKNOWN,12;14,MOTOR VEHICLE IN TRANSPORT;PARKED MOTOR VEHICLE,DOVER GLEN DR & SEPTO CT,ANTIOCH,TN,37013,8861,SOUTH,36.0745,-86.6511,POINT (-86.6511 36.0745)
20190171636,03/04/2019 02:14:00 PM,1,1,0,,Y,714641,0,NOT COLLISION W/MOTOR VEHICLE-TRANSPORT,21,CLEAR,1,DAYLIGHT,9,,5TH AVS & KOREAN VETERANS BLVD,NASHVILLE,TN,37203,4057,CENTRA,36.157,-86.7762,POINT (-86.7762 36.157)
20190485978,06/27/2019 12:30:00 PM,2,0,0,,Y,676834,5,SIDESWIPE - SAME DIRECTION,21,CLEAR,1,DAYLIGHT,12,MOTOR VEHICLE IN TRANSPORT,MM 207 3 I 40,NASHVILLE,TN,37208,54021,NORTH,36.1703,-86.8056,POINT (-86.8056 36.1703)
20190244333,03/29/2019 04:52:00 PM,3,0,0,,N,256499,11,Front to Rear,22,CLOUDY,1,DAYLIGHT,12,MOTOR VEHICLE IN TRANSPORT,17TH AVN & HAYES ST,NASHVILLE,TN,37203,5519,MIDTOW,36.1544,-86.7948,POINT (-86.7948 36.1544)
20190174996,03/05/2019 02:57:00 PM,2,0,0,,N,179606,2,HEAD-ON,21,CLEAR,1,DAYLIGHT,12,MOTOR VEHICLE IN TRANSPORT,LONE OAK RD & OVERHILL DR,NASHVILLE,TN,37215,6405,MIDTOW,36.0981,-86.8097,POINT (-86.8097 36.0981)
20190326323,04/28/2019 07:26:00 AM,2,0,0,,N,633390,98,OTHER,22,CLOUDY,1,DAYLIGHT,12,MOTOR VEHICLE IN TRANSPORT,FORREST AV & N 12TH ST,NASHVILLE,TN,37206,1241,EAST,36.1784,-86.7489,POINT (-86.7489 36.1784)
20190433793,06/07/2019 09:00:00 AM,2,0,0,,N,191578,11,Front to Rear,2,RAIN,1,DAYLIGHT,12,MOTOR VEHICLE IN TRANSPORT,BRILEY PKWYN & WEONA DR,NASHVILLE,TN,37214,92980,HERMIT,36.1803,-86.6956,POINT (-86.6956 36.1803)
20190070902,01/27/2019 04:23:00 PM,2,0,0,,N,256499,11,Front to Rear,21,CLEAR,1,DAYLIGHT,12,MOTOR VEHICLE IN TRANSPORT,31ST AVN & BURCH AV,NASHVILLE,TN,37203,5625,MIDTOW,36.1464,-86.8164,POINT (-86.8164 36.1464)
20190552941,07/24/2019 05:00:00 PM,2,0,0,,N,337276,11,Front to Rear,21,CLEAR,1,DAYLIGHT,12,MOTOR VEHICLE IN TRANSPORT,BRILEY PKWYE & BRILEY PKWY W EXT RAMP,NASHVILLE,TN,37216,15920,EAST,36.2374,-86.7339,POINT (-86.7339 36.2374)
20190590004,08/02/2019 11:48:00 AM,2,0,0,,Y,306231,3,REAR-TO-REAR,99,UNKNOWN,5,DUSK,14,PARKED MOTOR VEHICLE,MADISON ST & 6TH AVN,NASHVILLE,TN,37208,4307,NORTH,36.175,-86.7888,POINT (-86.7888 36.175)
20190184296,03/08/2019 12:58:00 PM,2,3,0,,Y,481573,4,ANGLE,2,RAIN,1,DAYLIGHT,12,MOTOR VEHICLE IN TRANSPORT,WEDGEWOOD AV & 8TH AVS,NASHVILLE,TN,37204,6919,MIDTOW,36.1343,-86.7796,POINT (-86.7796 36.1343)
20190008775,01/04/2019 05:45:00 AM,1,0,0,,N,226136,0,NOT COLLISION W/MOTOR VEHICLE-TRANSPORT,2,RAIN,3,DARK - LIGHTED,71,EMBANKMENT EARTH,MM 5 3 I 440,NASHVILLE,TN,37204,81061,MIDTOW,36.1194,-86.7669,POINT (-86.7669 36.1194)
20190136629,02/19/2019 06:11:00 PM,2,0,0,,N,279124,11,Front to Rear,2,RAIN,3,DARK - LIGHTED,12,MOTOR VEHICLE IN TRANSPORT,BELL RD & HICKORY HIGHLANDS DR,ANTIOCH,TN,37013,8861,SOUTH,36.0475,-86.656,POINT (-86.656 36.0475)
20190320352,04/25/2019 06:18:00 PM,3,0,0,,N,352201,11,Front to Rear,2,RAIN,2,DARK - NOT LIGHTED,12,MOTOR VEHICLE IN TRANSPORT,CHARLOTTE AV & 53RD AVN,NASHVILLE,TN,37209,5123,WEST,36.1519,-86.8511,POINT (-86.8511 36.1519)
20190308217,04/22/2019 06:10:00 AM,2,0,0,,N,256493,4,ANGLE,21,CLEAR,1,DAYLIGHT,12,MOTOR VEHICLE IN TRANSPORT,ANDERSON RD & OWENDALE DR,NASHVILLE,TN,37217,8963,HERMIT,36.0739,-86.6236,POINT (-86.6236 36.0739)
20190384998,05/20/2019 12:28:00 PM,2,0,0,,Y,226622,4,ANGLE,21,CLEAR,1,DAYLIGHT,12,MOTOR VEHICLE IN TRANSPORT,CHARLOTTE AV & 42ND AVN,NASHVILLE,TN,37209,5217,WEST,36.1524,-86.8366,POINT (-86.8366 36.1524)
20190296252,04/17/2019 04:13:00 PM,2,2,0,,N,240957,11,Front to Rear,21,CLEAR,1,DAYLIGHT,12,MOTOR VEHICLE IN TRANSPORT,OLD HICKORY BLVD & SEVEN SPRINGS WAY,BRENTWOOD,TN,37027,8619,MIDTOW,36.0403,-86.7684,POINT (-86.7684 36.0403)
20190048346,01/18/2019 11:25:00 PM,2,0,0,,Y,279232,6,SIDESWIPE - OPPOSITE DIRECTION,21,CLEAR,3,DARK - LIGHTED,12,MOTOR VEHICLE IN TRANSPORT,MM 211 2 I 40,NASHVILLE,TN,37210,8008,HERMIT,36.1535,-86.7564,POINT (-86.7564 36.1535)
20190188340,03/10/2019 12:00:00 AM,1,0,0,,N,298865,0,NOT COLLISION W/MOTOR VEHICLE-TRANSPORT,21,CLEAR,1,DAYLIGHT,7,,OLD HICKORY BLVD & DICKERSON PKE,NASHVILLE,TN,37207,2133,MADISO,36.2694,-86.7564,POINT (-86.7564 36.2694)
20190306064,04/21/2019 07:10:00 AM,2,2,0,,N,320575,4,ANGLE,21,CLEAR,1,DAYLIGHT,12,MOTOR VEHICLE IN TRANSPORT,PICCADILLY ROW & ROCKY MOUNTAIN PKWY,ANTIOCH,TN,37013,8895,SOUTH,36.0835,-86.6545,POINT (-86.6545 36.0835)
20190455047,06/15/2019 10:38:00 AM,2,1,0,,N,224824,11,Front to Rear,21,CLEAR,1,DAYLIGHT,12,MOTOR VEHICLE IN TRANSPORT,ANDREW JACKSON PKWY & LEXINGTON WAY,OLD HICKORY,TN,37138,9721,HERMIT,36.2256,-86.5978,POINT (-86.5978 36.2256)
20190403552,05/27/2019 03:34:00 AM,2,5,1,,Y,415780,2,HEAD-ON,21,CLEAR,3,DARK - LIGHTED,12,MOTOR VEHICLE IN TRANSPORT,MM 79 7 I 65,NASHVILLE,TN,37204,8504,MIDTOW,36.1092,-86.7698,POINT (-86.7698 36.1092)
20190095938,02/05/2019 12:00:00 AM,1,0,0,Y,Y,226622,0,NOT COLLISION W/MOTOR VEHICLE-TRANSPORT,99,UNKNOWN,9,UNKNOWN,18;71,OTHER OBJECT (NOT FIXED);EMBANKMENT EARTH,I40 E EXT RAMP & I 40,NASHVILLE,TN,37214,8955,HERMIT,36.155,-86.6271,POINT (-86.6271 36.155)