Accident Number,Date and Time,Number of Motor Vehicles,Number of Injuries,Number of Fatalities,Property Damage,Hit and Run,Reporting Officer,Collision Type Code,Collision Type Description,Weather Code,Weather Description,Illumination Code,Illumination Description,Harmful Code,Harmful Code Description,Street Address,City,State,ZIP,RPA,Precinct,Latitude,Longitude,Mapped Location
20190423130,06/03/2019 02:20:00 PM,4,0,0,,N,206675,0,NOT COLLISION W/MOTOR VEHICLE-TRANSPORT,21,CLEAR,1,DAYLIGHT,75,Bridge/Overhead Structure,MM 77 8 I 65,NASHVILLE,TN,37204,8502,MIDTOW,36.0829,-86.7636,POINT (-86.7636 36.0829)
20190413362,05/30/2019 03:40:00 PM,4,1,0,,Y,299238,2,HEAD-ON,21,CLEAR,1,DAYLIGHT,12;14,MOTOR VEHICLE IN TRANSPORT;PARKED MOTOR VEHICLE,NEILL AV & MARINA ST,NASHVILLE,TN,37206,1941,EAST,36.1802,-86.7601,POINT (-86.7601 36.1802)
20190144250,02/22/2019 07:15:00 AM,1,0,0,Y,N,330431,0,NOT COLLISION W/MOTOR VEHICLE-TRANSPORT,2,RAIN,3,DARK - LIGHTED,34,DITCH,OLD HICKORY BLVD & WHITTEMORE LN,ANTIOCH,TN,37013,8769,SOUTH,36.0021,-86.6535,POINT (-86.6535 36.0021)
20190180550,03/07/2019 07:15:00 AM,3,0,0,,N,468031,11,Front to Rear,21,CLEAR,1,DAYLIGHT,12,MOTOR VEHICLE IN TRANSPORT,SPRING ST & SPRING ST ENT RAMP,NASHVILLE,TN,37207,1979,EAST,36.1764,-86.7677,POINT (-86.7677 36.1764)
20190290279,04/15/2019 08:25:00 PM,2,0,0,,N,197055,4,ANGLE,21,CLEAR,3,DARK - LIGHTED,12,MOTOR VEHICLE IN TRANSPORT,HAMILTON CHURCH RD & MURFREESBORO PKE,ANTIOCH,TN,37013,8865,SOUTH,36.0645,-86.6288,POINT (-86.6288 36.0645)
20190130088,02/17/2019 12:33:00 PM,2,0,0,,Y,620067,11,Front to Rear,2,RAIN,1,DAYLIGHT,12,MOTOR VEHICLE IN TRANSPORT,NOLENSVILLE PKE & CONCORD RD,NASHVILLE,TN,37211,8651,MIDTOW,36.0042,-86.6916,POINT (-86.6916 36.0042)
20190071154,01/27/2019 07:24:00 PM,2,1,0,,N,206964,4,ANGLE,21,CLEAR,3,DARK - LIGHTED,12,MOTOR VEHICLE IN TRANSPORT,HAYWOOD LN & I24 E ENT RAMP,NASHVILLE,TN,37211,8709,SOUTH,36.0691,-86.6905,POINT (-86.6905 36.0691)
20190395328,05/23/2019 06:45:00 PM,2,0,0,,Y,279124,11,Front to Rear,21,CLEAR,3,DARK - LIGHTED,12,MOTOR VEHICLE IN TRANSPORT,NOLENSVILLE PKE & OLD HICKORY BLVD,NASHVILLE,TN,37211,8717,SOUTH,36.0454,-86.7133,POINT (-86.7133 36.0454)
20190431585,06/06/2019 12:06:00 PM,2,0,0,,N,834798,4,ANGLE,21,CLEAR,1,DAYLIGHT,12,MOTOR VEHICLE IN TRANSPORT,I40 W EXT RAMP & DEMONBREUN ST,NASHVILLE,TN,37203,4015,CENTRA,36.1539,-86.7875,POINT (-86.7875 36.1539)
20190151253,02/25/2019 03:20:00 AM,3,0,0,,Y,175719,5,SIDESWIPE - SAME DIRECTION,21,CLEAR,3,DARK - LIGHTED,12;14,MOTOR VEHICLE IN TRANSPORT;PARKED MOTOR VEHICLE,W EASTLAND AV & LAURENT ST,NASHVILLE,TN,37206,1937,EAST,36.1841,-86.7525,POINT (-86.7525 36.1841)
20190537164,07/18/2019 11:25:00 AM,2,0,0,,Y,405391,5,SIDESWIPE - SAME DIRECTION,21,CLEAR,1,DAYLIGHT,12,MOTOR VEHICLE IN TRANSPORT,MM 200 0 I 40,NASHVILLE,TN,37209,4708,WEST,36.1189,-86.9133,POINT (-86.9133 36.1189)
20190273563,04/09/2019 05:57:00 PM,1,1,0,,Y,163667,0,NOT COLLISION W/MOTOR VEHICLE-TRANSPORT,21,CLEAR,1,DAYLIGHT,8,PEDESTRIAN,WEDGEWOOD AV & 8TH AVS,NASHVILLE,TN,37204,6919,MIDTOW,36.1343,-86.7796,POINT (-86.7796 36.1343)
20190046363,01/18/2019 07:50:00 AM,2,0,0,,N,299249,4,ANGLE,22,CLOUDY,1,DAYLIGHT,12,MOTOR VEHICLE IN TRANSPORT,JUAREZ DR & CORTEZ CT,HERMITAGE,TN,37076,9531,HERMIT,36.1922,-86.6194,POINT (-86.6194 36.1922)
20190164341,03/01/2019 01:16:00 PM,2,1,0,,N,485261,5,SIDESWIPE - SAME DIRECTION,22,CLOUDY,1,DAYLIGHT,12,MOTOR VEHICLE IN TRANSPORT,5TH AVS & KOREAN VETERANS BLVD,NASHVILLE,TN,37203,4057,CENTRA,36.157,-86.7762,POINT (-86.7762 36.157)
20190252126,04/01/2019 10:34:00 PM,1,1,0,,N,493312,0,NOT COLLISION W/MOTOR VEHICLE-TRANSPORT,21,CLEAR,2,DARK - NOT LIGHTED,42;63,TREE;Ran Off Road-Right,I40 E EXT RAMP & I 40,NASHVILLE,TN,37214,8955,HERMIT,36.155,-86.6271,POINT (-86.6271 36.155)
20190418899,06/01/2019 05:00:00 PM,2,0,0,,N,212330,11,Front to Rear,21,CLEAR,1,DAYLIGHT,12,MOTOR VEHICLE IN TRANSPORT,BRILEY PKWYN & BRILEY PKWYN,NASHVILLE,TN,37209,4604,WEST,36.183,-86.8662,POINT (-86.8662 36.183)
20190159330,02/27/2019 05:39:00 PM,2,0,0,,N,909486,4,ANGLE,21,CLEAR,5,DUSK,12,MOTOR VEHICLE IN TRANSPORT,OLD HICKORY BLVD & COPPERFIELD WAY,BRENTWOOD,TN,37027,8621,MIDTOW,36.0417,-86.7486,POINT (-86.7486 36.0417)
20190016171,01/07/2019 11:40:00 AM,1,0,0,,N,343522,0,NOT COLLISION W/MOTOR VEHICLE-TRANSPORT,21,CLEAR,1,DAYLIGHT,16,THROWN OR FALLING OBJECT,MM 197 2 I 40,NASHVILLE,TN,37221,4706,WEST,36.0883,-86.9426,POINT (-86.9426 36.0883)
20190276172,04/10/2019 02:36:00 PM,2,0,0,,Y,151132,3,REAR-TO-REAR,21,CLEAR,1,DAYLIGHT,12,MOTOR VEHICLE IN TRANSPORT,MYATT DR & ANDERSON LN,MADISON,TN,37115,1715,MADISO,36.2728,-86.6895,POINT (-86.6895 36.2728)
20190029800,01/12/2019 05:15:00 AM,3,1,0,,N,676828,0,NOT COLLISION W/MOTOR VEHICLE-TRANSPORT,2,RAIN,3,DARK - LIGHTED,12;14;18,MOTOR VEHICLE IN TRANSPORT;PARKED MOTOR VEHICLE;OTHER OBJECT (NOT FIXED),21ST AVS & CAPERS AV,NASHVILLE,TN,37212,6625,MIDTOW,36.1388,-86.8006,POINT (-86.8006 36.1388)
20190314504,04/23/2019 10:55:00 PM,2,0,0,,N,191573,11,Front to Rear,21,CLEAR,3,DARK - LIGHTED,12,MOTOR VEHICLE IN TRANSPORT,MM 48 1 I 24,NASHVILLE,TN,37207,1106,EAST,36.1742,-86.7706,POINT (-86.7706 36.1742)
20190181922,03/07/2019 05:36:00 PM,3,4,0,,N,330413,4,ANGLE,22,CLOUDY,3,DARK - LIGHTED,12,MOTOR VEHICLE IN TRANSPORT,OLD HICKORY BLVD & HICKORY PLZ,NASHVILLE,TN,37211,8651,MIDTOW,36.0452,-86.7159,POINT (-86.7159 36.0452)
20190214493,03/19/2019 05:40:00 PM,2,0,0,,N,279208,11,Front to Rear,21,CLEAR,1,DAYLIGHT,12,MOTOR VEHICLE IN TRANSPORT,HARDING PL & FRANKLIN PKE,NASHVILLE,TN,37204,7029,MIDTOW,36.0866,-86.7716,POINT (-86.7716 36.0866)
20190342928,05/04/2019 12:08:00 PM,2,0,0,,Y,156307,11,Front to Rear,2,RAIN,1,DAYLIGHT,12,MOTOR VEHICLE IN TRANSPORT,21ST AVN & JEFFERSON ST,NASHVILLE,TN,37208,5325,NORTH,36.1691,-86.8096,POINT (-86.8096 36.1691)
20190105223,02/08/2019 07:43:00 AM,2,0,0,,N,224437,11,Front to Rear,21,CLEAR,1,DAYLIGHT,12,MOTOR VEHICLE IN TRANSPORT,MM 61 1 I 24,ANTIOCH,TN,37013,8806,SOUTH,36.0284,-86.636,POINT (-86.636 36.0284)
20190276012,04/10/2019 01:43:00 PM,2,2,0,,N,267831,11,Front to Rear,21,CLEAR,1,DAYLIGHT,12,MOTOR VEHICLE IN TRANSPORT,CHARLOTTE PKE & WHITE BRIDGE PKE,NASHVILLE,TN,37209,5033,WEST,36.15,-86.8584,POINT (-86.8584 36.15)
20190468517,06/20/2019 02:42:00 PM,2,1,0,,N,405418,11,Front to Rear,21,CLEAR,1,DAYLIGHT,12,MOTOR VEHICLE IN TRANSPORT,MM 5 9 I 440,NASHVILLE,TN,37204,83062,MIDTOW,36.1215,-86.7578,POINT (-86.7578 36.1215)
20190329741,04/29/2019 06:13:00 PM,3,2,0,,N,151132,4,ANGLE,21,CLEAR,1,DAYLIGHT,12,MOTOR VEHICLE IN TRANSPORT,STATE RT 45 & ARCHWOOD DR,MADISON,TN,37115,1705,MADISO,36.2636,-86.686,POINT (-86.686 36.2636)
20190524953,07/13/2019 03:34:00 PM,1,2,0,Y,N,311337,0,NOT COLLISION W/MOTOR VEHICLE-TRANSPORT,21,CLEAR,1,DAYLIGHT,30,UTILITY POLE,SMITH SPRINGS RD & UNA RECREATION RD,NASHVILLE,TN,37217,8941,HERMIT,36.0967,-86.641,POINT (-86.641 36.0967)
20190460395,06/17/2019 03:13:00 PM,2,0,0,,N,330445,4,ANGLE,2,RAIN,1,DAYLIGHT,12,MOTOR VEHICLE IN TRANSPORT,WEST END AV & 19TH AVN,NASHVILLE,TN,37203,5707,MIDTOW,36.1526,-86.7968,POINT (-86.7968 36.1526)
20190528996,07/15/2019 12:51:00 PM,2,0,0,,N,676834,4,ANGLE,22,CLOUDY,1,DAYLIGHT,12,MOTOR VEHICLE IN TRANSPORT,CLARKSVILLE PKE & MANCHESTER AV,NASHVILLE,TN,37218,3115,NORTH,36.1956,-86.8345,POINT (-86.8345 36.1956)
20190084866,01/31/2019 11:55:00 PM,2,0,0,,Y,110062,5,SIDESWIPE - SAME DIRECTION,21,CLEAR,3,DARK - LIGHTED,12,MOTOR VEHICLE IN TRANSPORT,MM 48 8 I 24,NASHVILLE,TN,37213,1104,CENTRA,36.1682,-86.7659,POINT (-86.7659 36.1682)
20190434895,06/07/2019 12:00:00 AM,2,0,0,,N,298877,11,Front to Rear,2,RAIN,1,DAYLIGHT,12,MOTOR VEHICLE IN TRANSPORT,MM 55 0 I 24,NASHVILLE,TN,37211,8812,SOUTH,36.0948,-86.7069,POINT (-86.7069 36.0948)
20190061998,01/24/2019 07:48:00 AM,2,0,0,,N,212347,11,Front to Rear,21,CLEAR,1,DAYLIGHT,12,MOTOR VEHICLE IN TRANSPORT,CHARLOTTE PKE & SAWYER BROWN RD,NASHVILLE,TN,37221,4711,WEST,36.1149,-86.9259,POINT (-86.9259 36.1149)
20190267394,04/07/2019 11:05:00 AM,2,1,0,,N,481573,4,ANGLE,2,RAIN,1,DAYLIGHT,12,MOTOR VEHICLE IN TRANSPORT,14TH AVS & BROADWAY,NASHVILLE,TN,37203,5701,MIDTOW,36.1557,-86.7897,POINT (-86.7897 36.1557)
20190016841,01/07/2019 04:11:00 PM,2,0,0,,N,206675,11,Front to Rear,21,CLEAR,1,DAYLIGHT,12,MOTOR VEHICLE IN TRANSPORT,OLD HICKORY BLVD & EDMONDSON PKE,NASHVILLE,TN,37220,8615,MIDTOW,36.04,-86.7435,POINT (-86.7435 36.04)
20190006912,01/03/2019 02:13:00 PM,2,0,0,,N,151132,5,SIDESWIPE - SAME DIRECTION,22,CLOUDY,1,DAYLIGHT,12,MOTOR VEHICLE IN TRANSPORT,GALLATIN PKES & E OLD HICKORY BLVD,MADISON,TN,37115,1771,MADISO,36.2622,-86.7122,POINT (-86.7122 36.2622)
20190465090,06/19/2019 12:30:00 PM,2,0,0,,Y,109495,4,ANGLE,21,CLEAR,1,DAYLIGHT,14,PARKED MOTOR VEHICLE,RAINS AV & BYRUM AV,NASHVILLE,TN,37203,8019,MIDTOW,36.1342,-86.7648,POINT (-86.7648 36.1342)
20190136306,02/19/2019 04:48:00 PM,1,0,0,,N,197435,0,NOT COLLISION W/MOTOR VEHICLE-TRANSPORT,2,RAIN,1,DAYLIGHT,33,CURB,GALLATIN PKE & NORVEL AV,NASHVILLE,TN,37216,1445,EAST,36.218,-86.7283,POINT (-86.7283 36.218)
20190220666,03/21/2019 02:20:00 PM,2,0,0,,N,716886,4,ANGLE,21,CLEAR,1,DAYLIGHT,12,MOTOR VEHICLE IN TRANSPORT,THOMPSON LN & NOLENSVILLE PKE,NASHVILLE,TN,37211,8425,SOUTH,36.1109,-86.7447,POINT (-86.7447 36.1109)
20190248922,03/31/2019 07:45:00 PM,2,0,0,,Y,320577,11,Front to Rear,21,CLEAR,3,DARK - LIGHTED,12,MOTOR VEHICLE IN TRANSPORT,I40 W EXT RAMP & I 40,NASHVILLE,TN,37203,4119,CENTRA,36.1574,-86.79,POINT (-86.79 36.1574)
20190283753,04/13/2019 07:35:00 AM,2,0,0,,N,429188,4,ANGLE,2,RAIN,2,DARK - NOT LIGHTED,12,MOTOR VEHICLE IN TRANSPORT,UNA ANTIOCH PKE & BILLINGSGATE RD,ANTIOCH,TN,37013,8861,SOUTH,36.0752,-86.6623,POINT (-86.6623 36.0752)
20190321730,04/26/2019 07:00:00 AM,2,2,0,,N,226136,4,ANGLE,22,CLOUDY,1,DAYLIGHT,12,MOTOR VEHICLE IN TRANSPORT,I40 E ENT RAMP & I 40,NASHVILLE,TN,37205,4903,WEST,36.1109,-86.922,POINT (-86.922 36.1109)
20190047597,01/18/2019 05:06:00 PM,2,0,0,,Y,330412,5,SIDESWIPE - SAME DIRECTION,21,CLEAR,3,DARK - LIGHTED,12,MOTOR VEHICLE IN TRANSPORT,MM 204 3 I 40,NASHVILLE,TN,37209,45023,WEST,36.1534,-86.8525,POINT (-86.8525 36.1534)
20190508223,07/06/2019 12:00:00 AM,1,0,0,,N,299269,0,NOT COLLISION W/MOTOR VEHICLE-TRANSPORT,22,CLOUDY,4,DAWN,34;50,DITCH;DEER (ANIMAL),WHITES CREEK PKE & BEAR HOLLOW RD,JOELTON,TN,37080,3307,NORTH,36.3025,-86.8579,POINT (-86.8579 36.3025)
20190381215,05/18/2019 07:30:00 PM,2,0,0,,Y,330413,2,HEAD-ON,21,CLEAR,1,DAYLIGHT,12,MOTOR VEHICLE IN TRANSPORT,AMALIE DR & MCMURRAY DR,NASHVILLE,TN,37211,8655,MIDTOW,36.0542,-86.7253,POINT (-86.7253 36.0542)
20190451925,06/14/2019 05:45:00 AM,1,0,0,,N,189243,0,NOT COLLISION W/MOTOR VEHICLE-TRANSPORT,21,CLEAR,1,DAYLIGHT,39;64,WALL;Ran Off Road-Left,I24 E EXT RAMP & I 24,NASHVILLE,TN,37207,30080,NORTH,36.2378,-86.7872,POINT (-86.7872 36.2378)
20190110505,02/10/2019 01:52:00 PM,2,0,0,,Y,429193,4,ANGLE,2,RAIN,1,DAYLIGHT,12,MOTOR VEHICLE IN TRANSPORT,ANNEX AV & CHARLOTTE PKE,NASHVILLE,TN,37209,5009,WEST,36.14,-86.8818,POINT (-86.8818 36.14)
20190436108,06/08/2019 05:48:00 AM,1,0,0,,N,298875,0,NOT COLLISION W/MOTOR VEHICLE-TRANSPORT,2,RAIN,1,DAYLIGHT,36,CONCRETE TRAFFIC BARRIER,MM 60 0 I 24,ANTIOCH,TN,37013,88060,SOUTH,36.0403,-86.6502,POINT (-86.6502 36.0403)
20190235298,03/26/2019 07:01:00 PM,2,0,0,,N,807344,4,ANGLE,21,CLEAR,1,DAYLIGHT,12,MOTOR VEHICLE IN TRANSPORT,DIVISION ST & 12TH AVS,NASHVILLE,TN,37203,4013,CENTRA,36.1511,-86.7845,POINT (-86.7845 36.1511)
20190246310,03/30/2019 02:48:00 PM,2,0,0,,N,433550,11,Front to Rear,21,CLEAR,1,DAYLIGHT,12,MOTOR VEHICLE IN TRANSPORT,CENTRAL PKE & BURNING TREE DR,HERMITAGE,TN,37076,9557,HERMIT,36.1728,-86.6008,POINT (-86.6008 36.1728)
20190107947,02/09/2019 07:55:00 AM,2,1,0,,Y,620067,0,NOT COLLISION W/MOTOR VEHICLE-TRANSPORT,21,CLEAR,1,DAYLIGHT,18;39;7,OTHER OBJECT (NOT FIXED);WALL,MM 57 3 I 24,ANTIOCH,TN,37013,88080,SOUTH,36.0663,-86.6861,POINT (-86.6861 36.0663)
20190357017,05/09/2019 04:30:00 PM,2,0,0,,Y,256386,5,SIDESWIPE - SAME DIRECTION,21,CLEAR,1,DAYLIGHT,12,MOTOR VEHICLE IN TRANSPORT,801 BNA DR,NASHVILLE,TN,37217,8951,HERMIT,36.1391,-86.698,POINT (-86.698 36.1391)
20190397998,05/24/2019 03:56:00 PM,2,0,0,,N,330445,4,ANGLE,21,CLEAR,1,DAYLIGHT,12,MOTOR VEHICLE IN TRANSPORT,WEDGEWOOD AV & 14TH AVS,NASHVILLE,TN,37212,6617,MIDTOW,36.136,-86.791,POINT (-86.791 36.136)
20190304892,04/20/2019 06:15:00 PM,2,0,0,,N,240955,11,Front to Rear,22,CLOUDY,1,DAYLIGHT,12,MOTOR VEHICLE IN TRANSPORT,MURFREESBORO PKE & HAMILTON CHURCH RD,ANTIOCH,TN,37013,8865,SOUTH,36.0649,-86.6286,POINT (-86.6286 36.0649)
20190270590,04/08/2019 04:57:00 PM,2,0,0,,N,206675,4,ANGLE,2,RAIN,1,DAYLIGHT,12,MOTOR VEHICLE IN TRANSPORT,BRENTWOOD EAST DR & OLD HICKORY BLVD,NASHVILLE,TN,37211,8651,MIDTOW,36.0452,-86.7148,POINT (-86.7148 36.0452)
20190461722,06/18/2019 08:35:00 AM,2,0,0,,N,429185,11,Front to Rear,2,RAIN,1,DAYLIGHT,12,MOTOR VEHICLE IN TRANSPORT,MM 221 5 I 40,HERMITAGE,TN,37076,95020,HERMIT,36.1698,-86.5879,POINT (-86.5879 36.1698)
20190317143,04/24/2019 05:40:00 PM,2,0,0,,N,256386,5,SIDESWIPE - SAME DIRECTION,21,CLEAR,1,DAYLIGHT,12,MOTOR VEHICLE IN TRANSPORT,MM 214 0 I 40,NASHVILLE,TN,37217,88020,HERMIT,36.1417,-86.7137,POINT (-86.7137 36.1417)
20190427855,06/05/2019 06:41:00 AM,2,0,0,,N,109534,11,Front to Rear,22,CLOUDY,1,DAYLIGHT,12,MOTOR VEHICLE IN TRANSPORT,ELM HILL PKE & MCGAVOCK PKE,NASHVILLE,TN,37214,9115,HERMIT,36.1528,-86.6834,POINT (-86.6834 36.1528)
20190302796,04/19/2019 07:54:00 PM,1,0,0,,N,352162,0,NOT COLLISION W/MOTOR VEHICLE-TRANSPORT,2,RAIN,3,DARK - LIGHTED,44,PAVED SURFACE-IRREGULAR,CHARLOTTE PKE & SUMMERLY DR,NASHVILLE,TN,37209,5009,WEST,36.1375,-86.8831,POINT (-86.8831 36.1375)
20190443527,06/11/2019 09:00:00 AM,2,0,0,,N,109534,6,SIDESWIPE - OPPOSITE DIRECTION,21,CLEAR,1,DAYLIGHT,12,MOTOR VEHICLE IN TRANSPORT,WINDEMERE DR & MCGAVOCK PKE,NASHVILLE,TN,37214,9207,HERMIT,36.1817,-86.6781,POINT (-86.6781 36.1817)
20190235325,03/26/2019 05:55:00 PM,2,0,0,,Y,267831,5,SIDESWIPE - SAME DIRECTION,21,CLEAR,1,DAYLIGHT,12;14,MOTOR VEHICLE IN TRANSPORT;PARKED MOTOR VEHICLE,CHARLOTTE PKE & ANNEX AV,NASHVILLE,TN,37209,5021,WEST,36.1391,-86.8806,POINT (-86.8806 36.1391)
20190334375,05/01/2019 07:35:00 AM,2,0,0,,N,226600,98,OTHER,22,CLOUDY,1,DAYLIGHT,12,MOTOR VEHICLE IN TRANSPORT,OVERHILL DR & HILLSBORO PKE,NASHVILLE,TN,37215,6405,MIDTOW,36.1009,-86.8187,POINT (-86.8187 36.1009)
20190461857,06/18/2019 09:44:00 AM,2,3,0,Y,N,420059,2,HEAD-ON,21,CLEAR,1,DAYLIGHT,12,MOTOR VEHICLE IN TRANSPORT,LYNN DR & DANBY DR,NASHVILLE,TN,37211,8501,MIDTOW,36.0812,-86.7448,POINT (-86.7448 36.0812)
20190220881,03/21/2019 02:42:00 PM,2,1,0,,N,206675,11,Front to Rear,21,CLEAR,1,DAYLIGHT,12,MOTOR VEHICLE IN TRANSPORT,WEDGEWOOD AV & WALSH RD,NASHVILLE,TN,37204,8025,MIDTOW,36.1329,-86.7653,POINT (-86.7653 36.1329)
20190347707,05/06/2019 03:06:00 PM,2,1,0,,N,267831,4,ANGLE,21,CLEAR,1,DAYLIGHT,12,MOTOR VEHICLE IN TRANSPORT,AMERICAN RD & PREMIER DR,NASHVILLE,TN,37209,5029,WEST,36.1475,-86.8738,POINT (-86.8738 36.1475)
20190557804,07/26/2019 02:20:00 PM,2,0,0,,N,179591,4,ANGLE,21,CLEAR,1,DAYLIGHT,12,MOTOR VEHICLE IN TRANSPORT,JEFFERSON ST & 21ST AVN,NASHVILLE,TN,37208,5351,NORTH,36.1688,-86.8114,POINT (-86.8114 36.1688)
20190426029,06/04/2019 02:15:00 PM,2,0,0,,N,267831,11,Front to Rear,22,CLOUDY,1,DAYLIGHT,12;30,MOTOR VEHICLE IN TRANSPORT;UTILITY POLE,HARDING PL & WELLINGTON PARK CT,NASHVILLE,TN,37215,6115,WEST,36.0918,-86.8345,POINT (-86.8345 36.0918)
20190171160,03/04/2019 11:15:00 AM,2,0,0,,N,226136,4,ANGLE,21,CLEAR,1,DAYLIGHT,12,MOTOR VEHICLE IN TRANSPORT,KIRKWOOD AV & LEALAND LN,NASHVILLE,TN,37204,6935,MIDTOW,36.1197,-86.7873,POINT (-86.7873 36.1197)
20190312201,04/23/2019 08:25:00 AM,2,0,0,,Y,330431,11,Front to Rear,21,CLEAR,1,DAYLIGHT,12,MOTOR VEHICLE IN TRANSPORT,MM 59 6 I 24,ANTIOCH,TN,37013,88060,SOUTH,36.0438,-86.6561,POINT (-86.6561 36.0438)
20190559920,07/27/2019 01:10:00 PM,2,2,0,,N,591933,4,ANGLE,21,CLEAR,1,DAYLIGHT,12,MOTOR VEHICLE IN TRANSPORT,HAMILTON CHURCH RD & MURFREESBORO PKE,ANTIOCH,TN,37013,8865,SOUTH,36.0645,-86.6288,POINT (-86.6288 36.0645)
20190206564,03/16/2019 09:37:00 PM,2,0,0,,N,298858,4,ANGLE,21,CLEAR,3,DARK - LIGHTED,12,MOTOR VEHICLE IN TRANSPORT,1ST AVS & 1ST AVN,NASHVILLE,TN,37201,4095,CENTRA,36.1622,-86.7744,POINT (-86.7744 36.1622)
20190495426,06/30/2019 10:05:00 PM,2,0,0,,Y,299264,5,SIDESWIPE - SAME DIRECTION,21,CLEAR,1,DAYLIGHT,12;14,MOTOR VEHICLE IN TRANSPORT;PARKED MOTOR VEHICLE,DIVISION ST & MUSIC CIRE,NASHVILLE,TN,37203,6719,MIDTOW,36.1516,-86.7885,POINT (-86.7885 36.1516)
20190043272,01/17/2019 06:45:00 AM,1,0,0,,N,226136,0,NOT COLLISION W/MOTOR VEHICLE-TRANSPORT,2,RAIN,2,DARK - NOT LIGHTED,7,,EDMONDSON PKE & BANBURY STA,BRENTWOOD,TN,37027,8623,MIDTOW,36.0242,-86.7424,POINT (-86.7424 36.0242)
20190177953,03/06/2019 12:01:00 PM,2,0,0,,N,267831,5,SIDESWIPE - SAME DIRECTION,21,CLEAR,1,DAYLIGHT,12,MOTOR VEHICLE IN TRANSPORT,CENTENNIAL BLVD & BRILEY PKWY N ENT RAMP,NASHVILLE,TN,37209,4623,WEST,36.1722,-86.8651,POINT (-86.8651 36.1722)
20190374379,05/16/2019 07:25:00 AM,2,0,0,,N,320588,11,Front to Rear,21,CLEAR,1,DAYLIGHT,12,MOTOR VEHICLE IN TRANSPORT,WHITES CREEK PKE & MORGAN RD,JOELTON,TN,37080,2309,NORTH,36.3526,-86.8806,POINT (-86.8806 36.3526)
20190534454,07/17/2019 12:29:00 PM,2,0,0,,N,352205,4,ANGLE,21,CLEAR,1,DAYLIGHT,12,MOTOR VEHICLE IN TRANSPORT,LAFAYETTE ST & ASH ST,NASHVILLE,TN,37210,4005,CENTRA,36.1521,-86.7721,POINT (-86.7721 36.1521)
20190024469,01/10/2019 09:19:00 AM,2,2,0,,N,226622,11,Front to Rear,21,CLEAR,1,DAYLIGHT,12,MOTOR VEHICLE IN TRANSPORT,WOODMONT BLVD & CONCORD PARKW,NASHVILLE,TN,37205,6101,WEST,36.1197,-86.8428,POINT (-86.8428 36.1197)
20190315527,04/24/2019 06:47:00 AM,2,0,0,,N,299243,11,Front to Rear,21,CLEAR,1,DAYLIGHT,12,MOTOR VEHICLE IN TRANSPORT,MM 48 8 I 24,NASHVILLE,TN,37213,1104,CENTRA,36.1682,-86.7659,POINT (-86.7659 36.1682)
20190275725,04/10/2019 11:51:00 AM,2,1,0,,N,299243,11,Front to Rear,21,CLEAR,1,DAYLIGHT,12,MOTOR VEHICLE IN TRANSPORT,MM 49 0 I 24,NASHVILLE,TN,37206,10040,EAST,36.1664,-86.7647,POINT (-86.7647 36.1664)
20190052108,01/20/2019 08:10:00 PM,2,0,0,,N,299266,4,ANGLE,21,CLEAR,3,DARK - LIGHTED,12,MOTOR VEHICLE IN TRANSPORT,BELL RD & BRENTRIDGE CIR,ANTIOCH,TN,37013,8719,SOUTH,36.0466,-86.683,POINT (-86.683 36.0466)
20190380110,05/18/2019 05:07:00 AM,1,1,0,,N,311341,0,NOT COLLISION W/MOTOR VEHICLE-TRANSPORT,21,CLEAR,4,DAWN,1,,8500 HIGHWAY 70,NASHVILLE,TN,37221,4713,WEST,36.0917,-86.996,POINT (-86.996 36.0917)
20190380674,05/18/2019 01:12:00 PM,2,1,0,,N,633390,11,Front to Rear,21,CLEAR,1,DAYLIGHT,12,MOTOR VEHICLE IN TRANSPORT,S 5TH ST & SHELBY AV,NASHVILLE,TN,37206,1009,EAST,36.1676,-86.7622,POINT (-86.7622 36.1676)
20190520431,07/11/2019 05:50:00 PM,2,0,0,,N,279224,4,ANGLE,21,CLEAR,1,DAYLIGHT,12,MOTOR VEHICLE IN TRANSPORT,S 5TH ST & RUSSELL ST,NASHVILLE,TN,37206,1113,EAST,36.1708,-86.7642,POINT (-86.7642 36.1708)
20190090049,02/02/2019 10:00:00 PM,2,0,0,,N,311328,4,ANGLE,21,CLEAR,3,DARK - LIGHTED,12,MOTOR VEHICLE IN TRANSPORT,S 2ND ST & VICTORY AV,NASHVILLE,TN,37213,1103,CENTRA,36.1653,-86.7685,POINT (-86.7685 36.1653)
20190440559,06/10/2019 08:01:00 AM,1,1,0,,N,459522,0,NOT COLLISION W/MOTOR VEHICLE-TRANSPORT,21,CLEAR,1,DAYLIGHT,24,GUARDRAIL FACE,MM 86 2 I 65,NASHVILLE,TN,37207,1910,CENTRA,36.1919,-86.7812,POINT (-86.7812 36.1919)
20190226081,03/23/2019 11:55:00 AM,1,1,0,,N,332216,0,NOT COLLISION W/MOTOR VEHICLE-TRANSPORT,21,CLEAR,1,DAYLIGHT,8,PEDESTRIAN,LINDSLEY AV & 3RD AVS,NASHVILLE,TN,37210,4005,CENTRA,36.1521,-86.7695,POINT (-86.7695 36.1521)
20190343709,05/04/2019 12:00:00 AM,2,0,0,,Y,279200,5,SIDESWIPE - SAME DIRECTION,2,RAIN,3,DARK - LIGHTED,12,MOTOR VEHICLE IN TRANSPORT,JAMES ROBERTSON PKWY & GAY ST,NASHVILLE,TN,37219,4203,CENTRA,36.192,-86.7173,POINT (-86.7173 36.192)