Accident Number,Date and Time,Number of Motor Vehicles,Number of Injuries,Number of Fatalities,Property Damage,Hit and Run,Reporting Officer,Collision Type Code,Collision Type Description,Weather Code,Weather Description,Illumination Code,Illumination Description,Harmful Code,Harmful Code Description,Street Address,City,State,ZIP,RPA,Precinct,Latitude,Longitude,Mapped Location
20190216432,03/20/2019 08:20:00 AM,2,2,0,,Y,665896,11,Front to Rear,21,CLEAR,1,DAYLIGHT,12,MOTOR VEHICLE IN TRANSPORT,SHELBY AV & S 6TH ST,NASHVILLE,TN,37206,1043,EAST,36.1664,-86.8056,POINT (-86.8056 36.1664)
20190134019,02/19/2019 12:59:00 AM,2,0,0,,Y,468098,4,ANGLE,21,CLEAR,3,DARK - LIGHTED,12,MOTOR VEHICLE IN TRANSPORT,ANTIOCH PKE & HAYWOOD LN,ANTIOCH,TN,37013,8899,SOUTH,36.0703,-86.6845,POINT (-86.6845 36.0703)
20190366687,05/13/2019 05:34:00 PM,1,1,0,,N,151132,0,NOT COLLISION W/MOTOR VEHICLE-TRANSPORT,21,CLEAR,1,DAYLIGHT,24;63,GUARDRAIL FACE;Ran Off Road-Right,BRILEY PKWYE & I24 W ENT RAMP,NASHVILLE,TN,37207,2012,MADISO,36.2381,-86.7844,POINT (-86.7844 36.2381)
20190121610,02/14/2019 05:30:00 AM,2,0,0,,Y,279216,5,SIDESWIPE - SAME DIRECTION,21,CLEAR,3,DARK - LIGHTED,12,MOTOR VEHICLE IN TRANSPORT,MM 43 3 I 24,WHITES CREEK,TN,37189,32260,NORTH,36.2411,-86.7858,POINT (-86.7858 36.2411)
20190123357,02/14/2019 06:51:00 PM,2,2,0,,N,279211,11,Front to Rear,22,CLOUDY,2,DARK - NOT LIGHTED,12,MOTOR VEHICLE IN TRANSPORT,BRICK CHURCH PKE & CHESAPEAKE PL,NASHVILLE,TN,37207,2033,MADISO,36.2449,-86.7802,POINT (-86.7802 36.2449)
20190073848,01/28/2019 05:06:00 PM,3,0,0,,N,330419,11,Front to Rear,22,CLOUDY,3,DARK - LIGHTED,12,MOTOR VEHICLE IN TRANSPORT,HIGHWAY 100 & WILLOUGHBY WAY,NASHVILLE,TN,37221,4807,WEST,36.059,-86.9202,POINT (-86.9202 36.059)
20190528634,07/15/2019 10:00:00 AM,1,0,0,,N,352153,0,NOT COLLISION W/MOTOR VEHICLE-TRANSPORT,22,CLOUDY,1,DAYLIGHT,24;64,GUARDRAIL FACE;Ran Off Road-Left,OLD CHARLOTTE PKE & OLD CHARLOTTE PKE PV,PEGRAM,TN,37143,4715,WEST,36.1188,-86.9757,POINT (-86.9757 36.1188)
20190242111,03/28/2019 09:41:00 PM,2,0,0,,N,110090,11,Front to Rear,21,CLEAR,3,DARK - LIGHTED,12,MOTOR VEHICLE IN TRANSPORT,BELL RD & EAGLE VIEW BLVD,ANTIOCH,TN,37013,8865,SOUTH,36.0522,-86.6449,POINT (-86.6449 36.0522)
20190529655,07/15/2019 06:44:00 PM,2,1,0,,Y,579971,4,ANGLE,22,CLOUDY,1,DAYLIGHT,12,MOTOR VEHICLE IN TRANSPORT,HOBSON PKE & HAMILTON CHURCH RD,ANTIOCH,TN,37013,8907,SOUTH,36.0593,-86.597,POINT (-86.597 36.0593)
20190453077,06/14/2019 02:05:00 PM,2,1,0,,N,281611,11,Front to Rear,21,CLEAR,1,DAYLIGHT,12,MOTOR VEHICLE IN TRANSPORT,DAVIDSON RD & HARDING PKE,NASHVILLE,TN,37205,4919,WEST,36.115,-86.8614,POINT (-86.8614 36.115)
20190448990,06/13/2019 06:27:00 AM,3,0,0,,N,110063,11,Front to Rear,21,CLEAR,1,DAYLIGHT,12,MOTOR VEHICLE IN TRANSPORT,MM 88 5 I 65,NASHVILLE,TN,37207,30040,NORTH,36.2237,-86.7746,POINT (-86.7746 36.2237)
20190428856,06/05/2019 02:15:00 PM,2,0,0,,N,483529,4,ANGLE,21,CLEAR,1,DAYLIGHT,12,MOTOR VEHICLE IN TRANSPORT,GALLATIN PKE SB EXT RAMP & GALLATIN PKE,NASHVILLE,TN,37216,1503,EAST,36.2336,-86.7245,POINT (-86.7245 36.2336)
20190141126,02/21/2019 07:47:00 AM,2,0,0,,N,320595,11,Front to Rear,21,CLEAR,1,DAYLIGHT,12,MOTOR VEHICLE IN TRANSPORT,ELM HILL PIKE & WANDA DR,NASHVILLE,TN,37210,9041,HERMIT,36.1505,-86.6962,POINT (-86.6962 36.1505)
20190054533,01/21/2019 05:22:00 PM,3,0,0,,Y,256383,11,Front to Rear,21,CLEAR,3,DARK - LIGHTED,12,MOTOR VEHICLE IN TRANSPORT,MURFREESBORO PKE & JUPITER DR,NASHVILLE,TN,37217,8823,HERMIT,36.1196,-86.7019,POINT (-86.7019 36.1196)
20190251591,04/01/2019 05:55:00 PM,1,1,0,,N,256417,0,NOT COLLISION W/MOTOR VEHICLE-TRANSPORT,21,CLEAR,1,DAYLIGHT,7,,CHANDLER RD & W DIVISION ST,HERMITAGE,TN,37076,9525,HERMIT,36.2002,-86.5797,POINT (-86.5797 36.2002)
20190064904,01/25/2019 06:20:00 AM,1,0,0,,N,226136,0,NOT COLLISION W/MOTOR VEHICLE-TRANSPORT,21,CLEAR,7,Dark-Unknown Lighting,18,OTHER OBJECT (NOT FIXED),MM 1 6 I 440,NASHVILLE,TN,37209,5310,MIDTOW,36.1525,-86.8225,POINT (-86.8225 36.1525)
20190324998,04/27/2019 12:00:00 AM,1,0,0,,N,311333,0,NOT COLLISION W/MOTOR VEHICLE-TRANSPORT,21,CLEAR,1,DAYLIGHT,1;63;71,Ran Off Road-Right;EMBANKMENT EARTH,I24 W EXT RAMP & I 24,NASHVILLE,TN,37211,8829,SOUTH,36.1074,-86.7197,POINT (-86.7197 36.1074)
20190355757,05/09/2019 08:02:00 AM,2,0,0,,N,212369,11,Front to Rear,22,CLOUDY,1,DAYLIGHT,12,MOTOR VEHICLE IN TRANSPORT,TROUSDALE DR & TIMBERHILL DR,NASHVILLE,TN,37204,8533,MIDTOW,36.083,-86.7578,POINT (-86.7578 36.083)
20190339154,05/03/2019 12:05:00 AM,2,0,0,,N,169414,11,Front to Rear,22,CLOUDY,3,DARK - LIGHTED,12,MOTOR VEHICLE IN TRANSPORT,ZELIDA AV & BELL RD,ANTIOCH,TN,37013,8865,SOUTH,36.0549,-86.6425,POINT (-86.6425 36.0549)
20190238215,03/27/2019 04:40:00 PM,1,0,0,Y,Y,256423,0,NOT COLLISION W/MOTOR VEHICLE-TRANSPORT,21,CLEAR,1,DAYLIGHT,27;47,H-WAY TRAFFIC SIGNAL POST;FIRE HYDRANT,HEIMAN ST & 14TH AVN,NASHVILLE,TN,37208,4473,NORTH,36.1733,-86.8022,POINT (-86.8022 36.1733)
20190570247,07/31/2019 07:30:00 PM,2,0,0,,Y,256384,5,SIDESWIPE - SAME DIRECTION,21,CLEAR,1,DAYLIGHT,12,MOTOR VEHICLE IN TRANSPORT,MM 53 3 I 24,NASHVILLE,TN,37210,88141,SOUTH,36.1146,-86.7245,POINT (-86.7245 36.1146)
20190102282,02/07/2019 06:20:00 AM,2,0,0,,N,279201,11,Front to Rear,21,CLEAR,1,DAYLIGHT,12,MOTOR VEHICLE IN TRANSPORT,MM 214 0 I 40,NASHVILLE,TN,37217,88020,HERMIT,36.1417,-86.7137,POINT (-86.7137 36.1417)
20190569720,07/31/2019 02:27:00 PM,2,1,0,,N,299267,4,ANGLE,21,CLEAR,1,DAYLIGHT,12,MOTOR VEHICLE IN TRANSPORT,4TH AVS & I40 W EXT RAMP,NASHVILLE,TN,37203,4007,CENTRA,36.1509,-86.7706,POINT (-86.7706 36.1509)
20190277229,04/10/2019 06:10:00 PM,2,0,0,,N,240964,4,ANGLE,21,CLEAR,1,DAYLIGHT,12,MOTOR VEHICLE IN TRANSPORT,LEBANON PKE PVTDR & HERMITAGE RD,HERMITAGE,TN,37076,9507,HERMIT,36.1981,-86.6185,POINT (-86.6185 36.1981)
20190449919,06/13/2019 02:13:00 PM,2,0,0,,N,137872,11,Front to Rear,21,CLEAR,1,DAYLIGHT,12,MOTOR VEHICLE IN TRANSPORT,LEBANON PKE & EDDINGS LN,NASHVILLE,TN,37214,9401,HERMIT,36.1672,-86.6619,POINT (-86.6619 36.1672)
20190177625,03/06/2019 09:57:00 AM,1,0,0,,Y,716886,0,NOT COLLISION W/MOTOR VEHICLE-TRANSPORT,21,CLEAR,1,DAYLIGHT,42,TREE,S PERIMETER PARK DR & HARDING PL,NASHVILLE,TN,37211,8889,SOUTH,36.0868,-86.6959,POINT (-86.6959 36.0868)
20190437068,06/08/2019 05:30:00 PM,2,0,0,,N,320582,5,SIDESWIPE - SAME DIRECTION,21,CLEAR,1,DAYLIGHT,12,MOTOR VEHICLE IN TRANSPORT,MM 47 5 I 24,NASHVILLE,TN,37207,19021,EAST,36.1817,-86.7747,POINT (-86.7747 36.1817)
20190281885,04/12/2019 02:40:00 PM,2,0,0,,Y,309262,4,ANGLE,21,CLEAR,1,DAYLIGHT,12,MOTOR VEHICLE IN TRANSPORT,MYATT DR & GALLATIN PKEN,MADISON,TN,37115,1731,MADISO,36.2967,-86.699,POINT (-86.699 36.2967)
20190579536,08/04/2019 02:53:00 PM,2,0,0,,N,279225,11,Front to Rear,2,RAIN,1,DAYLIGHT,12,MOTOR VEHICLE IN TRANSPORT,ANDERSON RD & OWENDALE DR,NASHVILLE,TN,37217,8963,HERMIT,36.0739,-86.6236,POINT (-86.6236 36.0739)
20190549421,07/23/2019 12:15:00 PM,2,1,0,,N,905011,11,Front to Rear,21,CLEAR,1,DAYLIGHT,12,MOTOR VEHICLE IN TRANSPORT,CLARKSVILLE PKE & ASHTON AV,NASHVILLE,TN,37218,3115,NORTH,36.1961,-86.8352,POINT (-86.8352 36.1961)
20190187231,03/09/2019 05:59:00 PM,2,0,0,,N,279208,4,ANGLE,2,RAIN,3,DARK - LIGHTED,12,MOTOR VEHICLE IN TRANSPORT,I40 E ENT RAMP & I 40,NASHVILLE,TN,37205,4903,WEST,36.1109,-86.922,POINT (-86.922 36.1109)
20190347801,05/06/2019 03:29:00 PM,2,0,0,,Y,279208,5,SIDESWIPE - SAME DIRECTION,21,CLEAR,1,DAYLIGHT,12,MOTOR VEHICLE IN TRANSPORT,14TH AVS & BROADWAY,NASHVILLE,TN,37203,5701,MIDTOW,36.1557,-86.7897,POINT (-86.7897 36.1557)
20190551233,07/24/2019 03:43:00 AM,1,0,0,Y,N,299261,0,NOT COLLISION W/MOTOR VEHICLE-TRANSPORT,21,CLEAR,3,DARK - LIGHTED,30,UTILITY POLE,20TH AVS & TERRACE PL,NASHVILLE,TN,37203,5709,MIDTOW,36.1504,-86.7986,POINT (-86.7986 36.1504)
20190166989,03/02/2019 03:31:00 PM,2,0,0,Y,Y,298837,11,Front to Rear,22,CLOUDY,1,DAYLIGHT,12,MOTOR VEHICLE IN TRANSPORT,RIVERSIDE DR & KIRKLAND AV,NASHVILLE,TN,37216,1443,EAST,36.2076,-86.7231,POINT (-86.7231 36.2076)
20190401789,05/26/2019 06:07:00 AM,2,0,0,,N,212369,4,ANGLE,21,CLEAR,1,DAYLIGHT,12,MOTOR VEHICLE IN TRANSPORT,MURFREESBORO PKE & FAIRCLOTH LN,NASHVILLE,TN,37217,8947,HERMIT,36.1032,-86.6665,POINT (-86.6665 36.1032)
20190356962,05/09/2019 05:49:00 PM,1,1,0,,N,834813,0,NOT COLLISION W/MOTOR VEHICLE-TRANSPORT,22,CLOUDY,1,DAYLIGHT,71,EMBANKMENT EARTH,BRICK CHURCH LN & TRAIL HOLLOW LN,WHITES CREEK,TN,37189,3225,NORTH,36.2448,-86.7865,POINT (-86.7865 36.2448)
20190574928,08/02/2019 12:00:00 AM,3,0,0,,N,298868,4,ANGLE,21,CLEAR,1,DAYLIGHT,12,MOTOR VEHICLE IN TRANSPORT,46TH AVN & I40 E ENT RAMP,NASHVILLE,TN,37209,5201,WEST,36.153,-86.8423,POINT (-86.8423 36.153)
20190291380,04/16/2019 07:45:00 AM,2,0,0,,N,420035,4,ANGLE,21,CLEAR,1,DAYLIGHT,12,MOTOR VEHICLE IN TRANSPORT,GALLATIN PKES & BRINK HAVEN AV,MADISON,TN,37115,1507,MADISO,36.2511,-86.7182,POINT (-86.7182 36.2511)
20190331186,04/30/2019 06:43:00 AM,3,0,0,,N,553957,11,Front to Rear,21,CLEAR,1,DAYLIGHT,12,MOTOR VEHICLE IN TRANSPORT,MM 213 8 I 40,NASHVILLE,TN,37217,8802,HERMIT,36.1413,-86.7163,POINT (-86.7163 36.1413)
20190569861,07/31/2019 04:26:00 PM,1,1,0,,N,524985,0,NOT COLLISION W/MOTOR VEHICLE-TRANSPORT,21,CLEAR,1,DAYLIGHT,36;64,CONCRETE TRAFFIC BARRIER;Ran Off Road-Left,MM 87 8 I 65,NASHVILLE,TN,37207,1804,EAST,36.2138,-86.7754,POINT (-86.7754 36.2138)
20190025401,01/10/2019 03:40:00 PM,1,0,0,,N,256448,0,NOT COLLISION W/MOTOR VEHICLE-TRANSPORT,21,CLEAR,1,DAYLIGHT,41,SHRUBBERY,ST CHARLES CT & ROXBOROUGH DR,HERMITAGE,TN,37076,9543,HERMIT,36.166,-86.5856,POINT (-86.5856 36.166)
20190128848,02/16/2019 09:55:00 PM,2,0,0,,N,299269,4,ANGLE,22,CLOUDY,3,DARK - LIGHTED,12,MOTOR VEHICLE IN TRANSPORT,W TRINITY LN & WHITES CREEK PKE,NASHVILLE,TN,37207,3009,NORTH,36.207,-86.7916,POINT (-86.7916 36.207)
20190122971,02/14/2019 03:50:00 PM,2,0,0,,N,717341,4,ANGLE,22,CLOUDY,1,DAYLIGHT,12,MOTOR VEHICLE IN TRANSPORT,MM 214 3 I 40,NASHVILLE,TN,37217,88021,HERMIT,36.1425,-86.7089,POINT (-86.7089 36.1425)
20190148561,02/23/2019 10:08:00 PM,1,0,0,,N,299241,0,NOT COLLISION W/MOTOR VEHICLE-TRANSPORT,2,RAIN,2,DARK - NOT LIGHTED,44,PAVED SURFACE-IRREGULAR,MM 51 6 I 24,NASHVILLE,TN,37210,82061,HERMIT,36.1403,-86.7313,POINT (-86.7313 36.1403)
20190482961,06/26/2019 12:15:00 PM,2,0,0,,N,665896,11,Front to Rear,21,CLEAR,1,DAYLIGHT,12,MOTOR VEHICLE IN TRANSPORT,DICKERSON PKE & GATEWOOD AV,NASHVILLE,TN,37207,1861,EAST,36.2009,-86.7697,POINT (-86.7697 36.2009)
20190137788,02/20/2019 04:54:00 AM,2,0,0,,N,110062,98,OTHER,2,RAIN,3,DARK - LIGHTED,12;36,MOTOR VEHICLE IN TRANSPORT;CONCRETE TRAFFIC BARRIER,MM 48 1 I 24,NASHVILLE,TN,37207,1106,EAST,36.1742,-86.7706,POINT (-86.7706 36.1742)
20190154588,02/26/2019 12:00:00 AM,1,1,0,Y,N,320578,0,NOT COLLISION W/MOTOR VEHICLE-TRANSPORT,21,CLEAR,2,DARK - NOT LIGHTED,11;40,OTHER ANIMAL;MAIL BOX,YORKTOWN RD & GILLETTE RD,NASHVILLE,TN,37211,8711,SOUTH,36.0616,-86.7075,POINT (-86.7075 36.0616)
20190349604,05/07/2019 06:53:00 AM,5,1,0,,N,352202,11,Front to Rear,21,CLEAR,1,DAYLIGHT,12,MOTOR VEHICLE IN TRANSPORT,MM 207 2 I 40,NASHVILLE,TN,37208,54020,NORTH,36.1698,-86.8089,POINT (-86.8089 36.1698)
20190228306,03/24/2019 12:20:00 PM,2,0,0,,N,402660,11,Front to Rear,2,RAIN,1,DAYLIGHT,12,MOTOR VEHICLE IN TRANSPORT,WEST END AV & BOWLING AV,NASHVILLE,TN,37205,6005,WEST,36.1347,-86.8251,POINT (-86.8251 36.1347)
20190141106,02/21/2019 07:30:00 AM,2,0,0,,N,628640,11,Front to Rear,21,CLEAR,1,DAYLIGHT,12,MOTOR VEHICLE IN TRANSPORT,MM 53 6 I 24,NASHVILLE,TN,37211,83021,SOUTH,36.1114,-86.7229,POINT (-86.7229 36.1114)
20190471813,06/21/2019 06:41:00 PM,2,0,0,,N,299253,11,Front to Rear,21,CLEAR,1,DAYLIGHT,12,MOTOR VEHICLE IN TRANSPORT,MM 88 4 I 65,NASHVILLE,TN,37207,30040,NORTH,36.2217,-86.7746,POINT (-86.7746 36.2217)
20190066708,01/25/2019 07:48:00 PM,3,1,0,,Y,887592,11,Front to Rear,21,CLEAR,3,DARK - LIGHTED,12,MOTOR VEHICLE IN TRANSPORT,NEELYS BEND RD & IDLEWILD AV,MADISON,TN,37115,1625,MADISO,36.2556,-86.7073,POINT (-86.7073 36.2556)
20190578558,08/04/2019 01:55:00 AM,2,1,0,,Y,311338,4,ANGLE,22,CLOUDY,3,DARK - LIGHTED,12,MOTOR VEHICLE IN TRANSPORT,DR D B TODD JR BLVD & MORENA ST,NASHVILLE,TN,37208,5331,NORTH,36.1653,-86.8049,POINT (-86.8049 36.1653)
20190099486,02/06/2019 07:48:00 AM,1,1,0,,N,191578,0,NOT COLLISION W/MOTOR VEHICLE-TRANSPORT,22,CLOUDY,1,DAYLIGHT,1;36,CONCRETE TRAFFIC BARRIER,BRILEY PKWYS & WINDEMERE DR,NASHVILLE,TN,37214,92960,HERMIT,36.1794,-86.6958,POINT (-86.6958 36.1794)
20190281116,04/12/2019 09:00:00 AM,1,0,0,,N,224824,0,NOT COLLISION W/MOTOR VEHICLE-TRANSPORT,22,CLOUDY,1,DAYLIGHT,34,DITCH,BELL RD & OLD HICKORY BLVD,HERMITAGE,TN,37076,9545,HERMIT,36.1613,-86.5971,POINT (-86.5971 36.1613)
20190168780,03/03/2019 12:30:00 PM,2,0,0,,Y,343522,5,SIDESWIPE - SAME DIRECTION,2,RAIN,1,DAYLIGHT,12,MOTOR VEHICLE IN TRANSPORT,MM 85 0 I 65,NASHVILLE,TN,37208,43021,NORTH,36.1799,-86.8005,POINT (-86.8005 36.1799)
20190126386,02/15/2019 07:30:00 PM,2,1,0,,N,240985,11,Front to Rear,2,RAIN,3,DARK - LIGHTED,12,MOTOR VEHICLE IN TRANSPORT,HILLSBORO PKE & FOREST PLACE CIR,NASHVILLE,TN,37215,6403,MIDTOW,36.0918,-86.8282,POINT (-86.8282 36.0918)
20190427159,06/04/2019 10:15:00 PM,2,0,0,,Y,110090,11,Front to Rear,21,CLEAR,3,DARK - LIGHTED,12,MOTOR VEHICLE IN TRANSPORT,HAMILTON CHURCH RD & HOBSON PKE,ANTIOCH,TN,37013,8905,SOUTH,36.0586,-86.5978,POINT (-86.5978 36.0586)
20190057841,01/22/2019 09:27:00 PM,3,0,0,,N,690942,4,ANGLE,22,CLOUDY,3,DARK - LIGHTED,12,MOTOR VEHICLE IN TRANSPORT,INTERSTATE DR & SHELBY AV,NASHVILLE,TN,37213,1107,CENTRA,36.1668,-86.7661,POINT (-86.7661 36.1668)
20190221221,03/21/2019 04:30:00 PM,2,0,0,,N,330415,5,SIDESWIPE - SAME DIRECTION,21,CLEAR,5,DUSK,12,MOTOR VEHICLE IN TRANSPORT,7TH AVN & COMMERCE ST,NASHVILLE,TN,37203,4109,CENTRA,36.1607,-86.7817,POINT (-86.7817 36.1607)
20190007267,01/03/2019 04:54:00 PM,2,0,0,,N,299266,11,Front to Rear,22,CLOUDY,5,DUSK,12,MOTOR VEHICLE IN TRANSPORT,HARDING PL & WHISPERING OAKS PL,NASHVILLE,TN,37211,8705,SOUTH,36.0817,-86.7137,POINT (-86.7137 36.0817)
20190386449,05/21/2019 12:10:00 AM,2,0,0,,N,299248,5,SIDESWIPE - SAME DIRECTION,21,CLEAR,2,DARK - NOT LIGHTED,12,MOTOR VEHICLE IN TRANSPORT,MM 57 3 I 24,ANTIOCH,TN,37013,88080,SOUTH,36.0663,-86.6861,POINT (-86.6861 36.0663)
20190247187,03/30/2019 11:38:00 PM,1,0,0,,N,256493,0,NOT COLLISION W/MOTOR VEHICLE-TRANSPORT,21,CLEAR,3,DARK - LIGHTED,16,THROWN OR FALLING OBJECT,MM 217 4 I 40,NASHVILLE,TN,37214,9404,HERMIT,36.143,-86.6504,POINT (-86.6504 36.143)
20190551851,07/24/2019 09:06:00 AM,1,1,0,Y,N,716886,0,NOT COLLISION W/MOTOR VEHICLE-TRANSPORT,21,CLEAR,1,DAYLIGHT,1;18,OTHER OBJECT (NOT FIXED),COUNTRY WAY RD & SEBETHA CT,ANTIOCH,TN,37013,8925,SOUTH,36.0737,-86.5972,POINT (-86.5972 36.0737)
20190047264,01/18/2019 02:43:00 PM,2,1,0,,Y,256383,6,SIDESWIPE - OPPOSITE DIRECTION,22,CLOUDY,1,DAYLIGHT,12,MOTOR VEHICLE IN TRANSPORT,BLUE HOLE RD & BELL RD,ANTIOCH,TN,37013,8721,SOUTH,36.0458,-86.6744,POINT (-86.6744 36.0458)
20190202535,03/15/2019 08:00:00 AM,2,0,0,,N,676834,11,Front to Rear,21,CLEAR,1,DAYLIGHT,12,MOTOR VEHICLE IN TRANSPORT,MM 87 6 I 65,NASHVILLE,TN,37207,1804,EAST,36.2107,-86.7758,POINT (-86.7758 36.2107)
20190534449,07/17/2019 12:00:00 PM,2,0,0,,Y,352156,4,ANGLE,21,CLEAR,1,DAYLIGHT,12;20,MOTOR VEHICLE IN TRANSPORT;IMPACT ATTENUATOR,0 MCNALLY DR,NASHVILLE,TN,37211,8511,MIDTOW,36.0931,-86.7367,POINT (-86.7367 36.0931)
20190404611,05/27/2019 02:22:00 PM,2,1,0,,N,580819,11,Front to Rear,22,CLOUDY,1,DAYLIGHT,12,MOTOR VEHICLE IN TRANSPORT,BROADWAY & 10TH AVS,NASHVILLE,TN,37203,4077,CENTRA,36.158,-86.7843,POINT (-86.7843 36.158)
20190224169,03/22/2019 04:53:00 PM,2,0,0,,N,240968,4,ANGLE,21,CLEAR,1,DAYLIGHT,12,MOTOR VEHICLE IN TRANSPORT,MM 218 0 I 40,NASHVILLE,TN,37217,89020,HERMIT,36.1413,-86.667,POINT (-86.667 36.1413)
20190125649,02/15/2019 01:38:00 PM,2,0,0,,N,279116,11,Front to Rear,2,RAIN,1,DAYLIGHT,12,MOTOR VEHICLE IN TRANSPORT,I40 E ENT RAMP & I 40,NASHVILLE,TN,37205,4903,WEST,36.1109,-86.922,POINT (-86.922 36.1109)
20190300376,04/18/2019 08:35:00 PM,2,0,0,,N,320602,4,ANGLE,2,RAIN,3,DARK - LIGHTED,12,MOTOR VEHICLE IN TRANSPORT,MM 212 1 I 40,NASHVILLE,TN,37210,90041,HERMIT,36.1463,-86.7422,POINT (-86.7422 36.1463)
20190217281,03/20/2019 02:05:00 PM,2,0,0,,Y,716886,5,SIDESWIPE - SAME DIRECTION,21,CLEAR,1,DAYLIGHT,12,MOTOR VEHICLE IN TRANSPORT,MURFREESBORO PKE & MOUNTAIN SPRINGS RD,ANTIOCH,TN,37013,8927,SOUTH,36.0478,-86.6121,POINT (-86.6121 36.0478)
20190483286,06/26/2019 02:50:00 PM,2,0,0,,N,134899,4,ANGLE,2,RAIN,1,DAYLIGHT,12,MOTOR VEHICLE IN TRANSPORT,MURFREESBORO PKE & SHUMATE LN,ANTIOCH,TN,37013,8891,SOUTH,36.083,-86.6469,POINT (-86.6469 36.083)
20190482842,06/26/2019 11:39:00 AM,2,0,0,,N,267831,11,Front to Rear,21,CLEAR,1,DAYLIGHT,12,MOTOR VEHICLE IN TRANSPORT,OLD HICKORY BLVD & CHICKERING MEADOW,NASHVILLE,TN,37221,6215,WEST,36.0493,-86.8699,POINT (-86.8699 36.0493)
20190066398,01/25/2019 05:30:00 PM,2,2,0,,Y,279228,11,Front to Rear,21,CLEAR,3,DARK - LIGHTED,12,MOTOR VEHICLE IN TRANSPORT,8TH AVS & BENTON AV,NASHVILLE,TN,37204,6919,MIDTOW,36.1325,-86.7793,POINT (-86.7793 36.1325)
20190019704,01/08/2019 05:20:00 PM,2,3,0,,N,256374,11,Front to Rear,22,CLOUDY,3,DARK - LIGHTED,12,MOTOR VEHICLE IN TRANSPORT,OLD HICKORY BLVD & HICKORY VALLEY CONDOS,ANTIOCH,TN,37013,8757,SOUTH,36.0457,-86.7091,POINT (-86.7091 36.0457)
20190152307,02/25/2019 12:05:00 PM,2,0,0,,Y,676834,11,Front to Rear,21,CLEAR,1,DAYLIGHT,12,MOTOR VEHICLE IN TRANSPORT,I40 W EXT RAMP & I 40,NASHVILLE,TN,37203,4119,CENTRA,36.1574,-86.79,POINT (-86.79 36.1574)
20190533980,07/17/2019 08:40:00 AM,3,1,0,,Y,352184,11,Front to Rear,2,RAIN,1,DAYLIGHT,12,MOTOR VEHICLE IN TRANSPORT,MM 49 2 I 24,NASHVILLE,TN,37213,1002,CENTRA,36.1637,-86.7625,POINT (-86.7625 36.1637)
20190106694,02/08/2019 07:10:00 PM,3,0,0,,N,306230,11,Front to Rear,21,CLEAR,3,DARK - LIGHTED,12,MOTOR VEHICLE IN TRANSPORT,BRICK CHURCH PKE & W TRINITY LN,NASHVILLE,TN,37207,3003,NORTH,36.2064,-86.7779,POINT (-86.7779 36.2064)
20190390963,05/22/2019 11:10:00 AM,2,2,0,,N,226622,4,ANGLE,21,CLEAR,1,DAYLIGHT,12,MOTOR VEHICLE IN TRANSPORT,HIGHWAY 100 & COLLINS RD,NASHVILLE,TN,37221,4807,WEST,36.0438,-86.9589,POINT (-86.9589 36.0438)
20190177252,03/06/2019 07:29:00 AM,2,0,0,,N,716886,4,ANGLE,21,CLEAR,1,DAYLIGHT,12,MOTOR VEHICLE IN TRANSPORT,BELL RD & I24 E EXT RAMP,ANTIOCH,TN,37013,8751,SOUTH,36.0451,-86.6593,POINT (-86.6593 36.0451)
20190577093,08/03/2019 11:28:00 AM,3,1,0,,N,311325,11,Front to Rear,21,CLEAR,1,DAYLIGHT,12,MOTOR VEHICLE IN TRANSPORT,MM 211 4 I 40,NASHVILLE,TN,37210,8204,HERMIT,36.1517,-86.7525,POINT (-86.7525 36.1517)
20190515252,07/09/2019 07:25:00 PM,2,0,0,,Y,256446,5,SIDESWIPE - SAME DIRECTION,21,CLEAR,1,DAYLIGHT,12,MOTOR VEHICLE IN TRANSPORT,MM 57 8 I 24,ANTIOCH,TN,37013,87060,SOUTH,36.06,-86.6798,POINT (-86.6798 36.06)
20190151957,02/25/2019 09:34:00 AM,2,0,0,,N,591936,4,ANGLE,21,CLEAR,1,DAYLIGHT,12,MOTOR VEHICLE IN TRANSPORT,HOGAN RD & FRANKLIN PKE,NASHVILLE,TN,37220,7111,MIDTOW,36.0663,-86.7742,POINT (-86.7742 36.0663)
20190276528,04/10/2019 05:48:00 PM,3,0,0,,Y,197435,11,Front to Rear,21,CLEAR,1,DAYLIGHT,12,MOTOR VEHICLE IN TRANSPORT,BRILEY PKWYE & BRILEY PKWYW,NASHVILLE,TN,37207,20120,MADISO,36.2396,-86.7751,POINT (-86.7751 36.2396)
20190319425,04/25/2019 12:22:00 PM,2,0,0,,N,716886,4,ANGLE,21,CLEAR,1,DAYLIGHT,12,MOTOR VEHICLE IN TRANSPORT,OLD HICKORY BLVD & BELL RD,HERMITAGE,TN,37076,9545,HERMIT,36.1613,-86.5971,POINT (-86.5971 36.1613)
20190348107,05/06/2019 06:10:00 PM,2,2,0,,N,352189,5,SIDESWIPE - SAME DIRECTION,22,CLOUDY,5,DUSK,12,MOTOR VEHICLE IN TRANSPORT,DICKERSON PKE & MAPLEWOOD TRC,NASHVILLE,TN,37216,1805,EAST,36.2333,-86.7586,POINT (-86.7586 36.2333)
20190147689,02/23/2019 02:20:00 PM,2,0,0,,Y,212318,11,Front to Rear,2,RAIN,1,DAYLIGHT,12,MOTOR VEHICLE IN TRANSPORT,NOLENSVILLE PKE & TUSCULUM RD,NASHVILLE,TN,37211,8715,SOUTH,36.0587,-86.7162,POINT (-86.7162 36.0587)