Accident Number,Date and Time,Number of Motor Vehicles,Number of Injuries,Number of Fatalities,Property Damage,Hit and Run,Reporting Officer,Collision Type Code,Collision Type Description,Weather Code,Weather Description,Illumination Code,Illumination Description,Harmful Code,Harmful Code Description,Street Address,City,State,ZIP,RPA,Precinct,Latitude,Longitude,Mapped Location
20190311918,04/23/2019 06:50:00 AM,2,0,0,,N,716886,6,SIDESWIPE - OPPOSITE DIRECTION,21,CLEAR,1,DAYLIGHT,12,MOTOR VEHICLE IN TRANSPORT,OLD HICKORY BLVD & CANE RIDGE RD,ANTIOCH,TN,37013,8769,SOUTH,36.0002,-86.6356,POINT (-86.6356 36.0002)
20190139231,02/18/2019 12:05:00 AM,1,0,0,,N,807344,0,NOT COLLISION W/MOTOR VEHICLE-TRANSPORT,2,RAIN,3,DARK - LIGHTED,44,PAVED SURFACE-IRREGULAR,GEORGE L DAVIS BLVD & CHARLOTTE AV,NASHVILLE,TN,37203,4205,CENTRA,36.1612,-86.7927,POINT (-86.7927 36.1612)
20190221082,03/21/2019 05:25:00 PM,3,0,0,,N,206675,11,Front to Rear,21,CLEAR,1,DAYLIGHT,12,MOTOR VEHICLE IN TRANSPORT,GRANNY WHITE PKE & FERGUSON AV,NASHVILLE,TN,37212,6503,MIDTOW,36.1188,-86.7911,POINT (-86.7911 36.1188)
20190478384,06/24/2019 10:25:00 PM,2,1,0,,Y,256383,4,ANGLE,21,CLEAR,2,DARK - NOT LIGHTED,12,MOTOR VEHICLE IN TRANSPORT,MT VIEW RD & BELL RD,ANTIOCH,TN,37013,8861,SOUTH,36.05,-86.6496,POINT (-86.6496 36.05)
20190044825,01/17/2019 06:34:00 PM,2,1,0,Y,Y,240955,11,Front to Rear,2,RAIN,3,DARK - LIGHTED,12;30,MOTOR VEHICLE IN TRANSPORT;UTILITY POLE,HICKORY HOLLOW PKWY & MT VIEW RD,ANTIOCH,TN,37013,8859,SOUTH,36.0588,-86.6703,POINT (-86.6703 36.0588)
20190542866,07/20/2019 06:02:00 PM,3,0,0,,N,279204,11,Front to Rear,21,CLEAR,1,DAYLIGHT,12,MOTOR VEHICLE IN TRANSPORT,GARFIELD ST & ROSA L PARKS BLVD,NASHVILLE,TN,37208,4343,NORTH,36.1806,-86.7963,POINT (-86.7963 36.1806)
20190489082,06/28/2019 03:48:00 PM,3,1,0,,N,551975,11,Front to Rear,21,CLEAR,1,DAYLIGHT,12;54,MOTOR VEHICLE IN TRANSPORT;Set In Motion By Motor Vehicle,BUENA VISTA PKE & TUCKER RD,NASHVILLE,TN,37218,3103,NORTH,36.2046,-86.8214,POINT (-86.8214 36.2046)
20190097442,02/05/2019 02:40:00 PM,2,0,0,,N,330414,11,Front to Rear,21,CLEAR,1,DAYLIGHT,12,MOTOR VEHICLE IN TRANSPORT,CHARLOTTE PKE & ORLANDO AV,NASHVILLE,TN,37209,5103,WEST,36.1505,-86.8566,POINT (-86.8566 36.1505)
20190014752,01/06/2019 10:30:00 PM,2,0,0,,N,177282,2,HEAD-ON,21,CLEAR,3,DARK - LIGHTED,13;14,MOTOR VEHICLE IN TRANSPORT-OTHER ROADWAY;PARKED MOTOR VEHICLE,APOLLO DR & BARCLAY SQUARE DR,ANTIOCH,TN,37013,8897,SOUTH,36.0723,-86.666,POINT (-86.666 36.0723)
20190564097,07/29/2019 11:37:00 AM,2,0,0,,N,474557,4,ANGLE,21,CLEAR,1,DAYLIGHT,12,MOTOR VEHICLE IN TRANSPORT,UNA ANTIOCH PKE & MURFREESBORO PKE,ANTIOCH,TN,37013,8891,SOUTH,36.086,-86.6491,POINT (-86.6491 36.086)
20190219821,03/21/2019 09:06:00 AM,2,2,0,,N,716886,4,ANGLE,21,CLEAR,1,DAYLIGHT,12,MOTOR VEHICLE IN TRANSPORT,MURFREESBORO PKE & NANCE LN,NASHVILLE,TN,37210,8119,SOUTH,36.1438,-86.7486,POINT (-86.7486 36.1438)
20190309735,04/22/2019 04:48:00 PM,2,2,0,,N,299266,4,ANGLE,21,CLEAR,1,DAYLIGHT,12;14,MOTOR VEHICLE IN TRANSPORT;PARKED MOTOR VEHICLE,PICCADILLY ROW & WOBURN WAY,NASHVILLE,TN,37217,8853,SOUTH,36.0814,-86.6635,POINT (-86.6635 36.0814)
20190253394,04/02/2019 08:06:00 AM,2,0,0,,Y,225773,5,SIDESWIPE - SAME DIRECTION,21,CLEAR,1,DAYLIGHT,12,MOTOR VEHICLE IN TRANSPORT,MM 209 1 I 40,NASHVILLE,TN,37203,4002,CENTRA,36.1558,-86.7892,POINT (-86.7892 36.1558)
20190116244,02/12/2019 02:40:00 PM,2,2,0,,N,206675,4,ANGLE,21,CLEAR,1,DAYLIGHT,12,MOTOR VEHICLE IN TRANSPORT,ELLISTON PL & 22ND AVN,NASHVILLE,TN,37203,5601,MIDTOW,36.1517,-86.8037,POINT (-86.8037 36.1517)
20190270428,04/08/2019 03:50:00 PM,2,0,0,,N,320580,4,ANGLE,22,CLOUDY,1,DAYLIGHT,55,Motor Vehicle-In-Motion Outside Trafficw,KEITH ST & GREEN ST,NASHVILLE,TN,37210,9005,HERMIT,36.1523,-86.7512,POINT (-86.7512 36.1523)
20190359839,05/10/2019 05:27:00 PM,3,1,0,,Y,256383,5,SIDESWIPE - SAME DIRECTION,22,CLOUDY,1,DAYLIGHT,12,MOTOR VEHICLE IN TRANSPORT,ANTIOCH PKE & JANSING DR,NASHVILLE,TN,37211,8889,SOUTH,36.0839,-86.6895,POINT (-86.6895 36.0839)
20190502371,07/03/2019 06:38:00 PM,2,2,0,Y,N,256423,5,SIDESWIPE - SAME DIRECTION,21,CLEAR,1,DAYLIGHT,12;40,MOTOR VEHICLE IN TRANSPORT;MAIL BOX,PHIPPS DR & JUDD DR,NASHVILLE,TN,37218,3109,NORTH,36.2222,-86.8447,POINT (-86.8447 36.2222)
20190512508,07/08/2019 04:37:00 PM,2,1,0,,N,716886,4,ANGLE,21,CLEAR,1,DAYLIGHT,12,MOTOR VEHICLE IN TRANSPORT,ENOS REED DR & POLK AV,NASHVILLE,TN,37210,8161,SOUTH,36.1393,-86.7432,POINT (-86.7432 36.1393)
20190060366,01/23/2019 06:58:00 PM,2,1,0,,N,179606,2,HEAD-ON,2,RAIN,3,DARK - LIGHTED,12,MOTOR VEHICLE IN TRANSPORT,THOMPSON LN & EUGENIA AV,NASHVILLE,TN,37204,8523,MIDTOW,36.1111,-86.7548,POINT (-86.7548 36.1111)
20190488382,06/28/2019 10:21:00 AM,2,0,0,,N,716886,11,Front to Rear,21,CLEAR,1,DAYLIGHT,12,MOTOR VEHICLE IN TRANSPORT,OLD HICKORY BLVD & BRENTWOOD EAST DR,NASHVILLE,TN,37211,8651,MIDTOW,36.0452,-86.7154,POINT (-86.7154 36.0452)
20190289512,04/15/2019 04:51:00 PM,2,0,0,,N,256446,11,Front to Rear,21,CLEAR,1,DAYLIGHT,12,MOTOR VEHICLE IN TRANSPORT,MM 6 6 I 440,NASHVILLE,TN,37210,81040,SOUTH,36.1243,-86.7447,POINT (-86.7447 36.1243)
20190521937,07/12/2019 09:00:00 AM,2,1,0,,N,352153,11,Front to Rear,21,CLEAR,1,DAYLIGHT,12,MOTOR VEHICLE IN TRANSPORT,CHARLOTTE PKE & TRAEMOOR VILLAGE DR,NASHVILLE,TN,37221,4711,WEST,36.1154,-86.9252,POINT (-86.9252 36.1154)
20190137963,02/20/2019 07:05:00 AM,2,1,0,,N,320586,11,Front to Rear,2,RAIN,1,DAYLIGHT,12,MOTOR VEHICLE IN TRANSPORT,NOLENSVILLE PKE & ALLIED DR,NASHVILLE,TN,37211,8511,MIDTOW,36.0962,-86.7377,POINT (-86.7377 36.0962)
20190329581,04/29/2019 04:47:00 PM,2,0,0,,N,256389,11,Front to Rear,21,CLEAR,1,DAYLIGHT,12,MOTOR VEHICLE IN TRANSPORT,NOLENSVILLE PKE & CARSON ST,NASHVILLE,TN,37210,8109,SOUTH,36.1291,-86.7543,POINT (-86.7543 36.1291)
20190141583,02/21/2019 09:59:00 AM,2,0,0,,N,191578,4,ANGLE,21,CLEAR,1,DAYLIGHT,12,MOTOR VEHICLE IN TRANSPORT,DONELSON PKE & SHACKLETT DR,NASHVILLE,TN,37214,9411,HERMIT,36.1449,-86.6667,POINT (-86.6667 36.1449)
20190240574,03/28/2019 12:50:00 PM,2,0,0,,N,716886,3,REAR-TO-REAR,21,CLEAR,1,DAYLIGHT,14,PARKED MOTOR VEHICLE,PIN HOOK RD & PIN OAK DR,ANTIOCH,TN,37013,8971,SOUTH,36.0472,-86.59,POINT (-86.59 36.0472)
20190502457,07/03/2019 06:01:00 PM,2,0,0,,Y,161946,11,Front to Rear,21,CLEAR,1,DAYLIGHT,12,MOTOR VEHICLE IN TRANSPORT,BRILEY PKWY E ENT RAMP & BRILEY PKWY E E,NASHVILLE,TN,37218,3109,NORTH,36.2278,-86.8367,POINT (-86.8367 36.2278)
20190335632,05/01/2019 04:57:00 PM,2,0,0,,N,807326,11,Front to Rear,22,CLOUDY,1,DAYLIGHT,12,MOTOR VEHICLE IN TRANSPORT,MM 49 3 I 24,NASHVILLE,TN,37206,10040,EAST,36.1629,-86.7614,POINT (-86.7614 36.1629)
20190345341,05/05/2019 06:10:00 PM,2,0,0,,N,256386,11,Front to Rear,21,CLEAR,1,DAYLIGHT,12,MOTOR VEHICLE IN TRANSPORT,BELL RD & STEWARTS FERRY PIKE,NASHVILLE,TN,37214,8955,HERMIT,36.1522,-86.625,POINT (-86.625 36.1522)
20190103993,02/07/2019 07:45:00 PM,2,3,0,Y,N,429193,11,Front to Rear,2,RAIN,3,DARK - LIGHTED,12;30,MOTOR VEHICLE IN TRANSPORT;UTILITY POLE,CHARLOTTE PK & BROOK HOLLOW RD,NASHVILLE,TN,37209,5009,WEST,36.1359,-86.8852,POINT (-86.8852 36.1359)
20190467802,06/20/2019 10:30:00 AM,2,0,0,,N,352183,4,ANGLE,21,CLEAR,1,DAYLIGHT,12,MOTOR VEHICLE IN TRANSPORT,I440 W EXT RAMP & I 440,NASHVILLE,TN,37210,8101,SOUTH,36.1239,-86.7486,POINT (-86.7486 36.1239)
20190089748,02/02/2019 06:51:00 PM,2,1,0,,N,279208,4,ANGLE,21,CLEAR,7,Dark-Unknown Lighting,12,MOTOR VEHICLE IN TRANSPORT,WEDGEWOOD AV & 17TH AVS,NASHVILLE,TN,37212,6611,MIDTOW,36.1369,-86.7958,POINT (-86.7958 36.1369)
20190436955,06/08/2019 03:36:00 PM,1,0,0,Y,N,311344,0,NOT COLLISION W/MOTOR VEHICLE-TRANSPORT,21,CLEAR,1,DAYLIGHT,40,MAIL BOX,RANDY RD & NEELYS BEND RD,MADISON,TN,37115,1629,MADISO,36.2535,-86.6935,POINT (-86.6935 36.2535)
20190428156,06/05/2019 09:08:00 AM,3,1,0,,N,630627,4,ANGLE,22,CLOUDY,1,DAYLIGHT,12;13,MOTOR VEHICLE IN TRANSPORT;MOTOR VEHICLE IN TRANSPORT-OTHER ROADWAY,WEST END AV & 29TH AVN,NASHVILLE,TN,37212,5815,MIDTOW,36.1444,-86.8134,POINT (-86.8134 36.1444)
20190385378,05/20/2019 03:10:00 PM,2,1,0,,N,267831,11,Front to Rear,21,CLEAR,1,DAYLIGHT,12,MOTOR VEHICLE IN TRANSPORT,HIGHWAY 70S & BELLEVUE CTR PVTDR,NASHVILLE,TN,37221,4811,WEST,36.0785,-86.9508,POINT (-86.9508 36.0785)
20190371484,05/15/2019 08:35:00 AM,2,0,0,,N,876581,11,Front to Rear,2,RAIN,1,DAYLIGHT,12,MOTOR VEHICLE IN TRANSPORT,MM 91 0 I 65,MADISON,TN,37115,20044,MADISO,36.2478,-86.7432,POINT (-86.7432 36.2478)
20190219949,03/21/2019 10:01:00 AM,2,0,0,,N,191578,11,Front to Rear,21,CLEAR,1,DAYLIGHT,12,MOTOR VEHICLE IN TRANSPORT,MM 212 1 I 40,NASHVILLE,TN,37210,90041,HERMIT,36.1463,-86.7422,POINT (-86.7422 36.1463)
20190032956,01/13/2019 07:00:00 PM,2,0,0,,N,633391,11,Front to Rear,22,CLOUDY,3,DARK - LIGHTED,12,MOTOR VEHICLE IN TRANSPORT,HILLSBORO PKE & ABBOTT MARTIN RD,NASHVILLE,TN,37215,6111,WEST,36.1054,-86.8142,POINT (-86.8142 36.1054)
20190208311,03/17/2019 05:00:00 PM,1,0,0,Y,Y,256496,0,NOT COLLISION W/MOTOR VEHICLE-TRANSPORT,99,UNKNOWN,1,DAYLIGHT,40,MAIL BOX,JOHN HAGAR RD & WINDCHASE RUN,HERMITAGE,TN,37076,9515,HERMIT,36.1578,-86.5821,POINT (-86.5821 36.1578)
20190515686,07/10/2019 12:00:00 AM,2,1,0,,N,229888,2,HEAD-ON,21,CLEAR,3,DARK - LIGHTED,12,MOTOR VEHICLE IN TRANSPORT,I65 N EXT RAMP & I65 N ENT RAMP,NASHVILLE,TN,37207,1863,EAST,36.2061,-86.774,POINT (-86.774 36.2061)
20190459864,06/17/2019 02:36:00 PM,2,0,0,,N,414711,11,Front to Rear,21,CLEAR,1,DAYLIGHT,12,MOTOR VEHICLE IN TRANSPORT,WHITE BRIDGE PKE & SAINT MARYS CAMPUS PV,NASHVILLE,TN,37205,5017,WEST,36.1277,-86.8515,POINT (-86.8515 36.1277)
20190270061,04/08/2019 01:02:00 PM,3,3,0,,N,212369,11,Front to Rear,22,CLOUDY,1,DAYLIGHT,12,MOTOR VEHICLE IN TRANSPORT,NOLENSVILLE PKE & APRIL LN,NASHVILLE,TN,37211,8715,SOUTH,36.056,-86.7157,POINT (-86.7157 36.056)
20190035729,01/14/2019 06:35:00 PM,2,0,0,,N,298860,6,SIDESWIPE - OPPOSITE DIRECTION,21,CLEAR,2,DARK - NOT LIGHTED,13,MOTOR VEHICLE IN TRANSPORT-OTHER ROADWAY,LEBANON PKE & OLD HICKORY BLVD,HERMITAGE,TN,37076,9613,HERMIT,36.1756,-86.6154,POINT (-86.6154 36.1756)
20190391950,05/22/2019 12:00:00 AM,2,0,0,,Y,299258,11,Front to Rear,21,CLEAR,1,DAYLIGHT,12,MOTOR VEHICLE IN TRANSPORT,BRILEY PKWYW & BRILEY PKWYE,NASHVILLE,TN,37218,3216,NORTH,36.2254,-86.8638,POINT (-86.8638 36.2254)
20190391932,05/22/2019 06:26:00 PM,3,0,0,,N,109536,5,SIDESWIPE - SAME DIRECTION,21,CLEAR,1,DAYLIGHT,12,MOTOR VEHICLE IN TRANSPORT,GALLATIN PKEN & ODETTE ST,MADISON,TN,37115,1717,MADISO,36.2805,-86.7083,POINT (-86.7083 36.2805)
20190459089,06/17/2019 08:20:00 AM,2,0,0,,N,226622,5,SIDESWIPE - SAME DIRECTION,22,CLOUDY,1,DAYLIGHT,12,MOTOR VEHICLE IN TRANSPORT,I40 E EXT RAMP & I 40,NASHVILLE,TN,37214,8955,HERMIT,36.155,-86.6271,POINT (-86.6271 36.155)
20190417884,06/01/2019 03:34:00 AM,1,0,0,Y,Y,298866,9,UNKNOWN,21,CLEAR,3,DARK - LIGHTED,30;99,UTILITY POLE;UNKNOWN MOST HARMFUL EVENT,ESTES RD & AUBURN LN,NASHVILLE,TN,37215,6103,WEST,36.114,-86.8368,POINT (-86.8368 36.114)
20190093513,02/04/2019 10:30:00 AM,2,1,0,,N,330413,4,ANGLE,22,CLOUDY,1,DAYLIGHT,12,MOTOR VEHICLE IN TRANSPORT,S 5TH ST & SPRING ST,NASHVILLE,TN,37206,1109,EAST,36.1726,-86.7652,POINT (-86.7652 36.1726)
20190490695,06/29/2019 08:35:00 AM,2,0,0,,Y,299247,11,Front to Rear,21,CLEAR,1,DAYLIGHT,12,MOTOR VEHICLE IN TRANSPORT,MASSMAN DR & OAK GROVE DR,NASHVILLE,TN,37217,8887,HERMIT,36.1384,-86.709,POINT (-86.709 36.1384)
20190203497,03/15/2019 12:00:00 AM,2,0,0,,N,279200,11,Front to Rear,22,CLOUDY,1,DAYLIGHT,12,MOTOR VEHICLE IN TRANSPORT,MM 210 8 I 40,NASHVILLE,TN,37210,40080,CENTRA,36.1544,-86.7625,POINT (-86.7625 36.1544)
20190557104,07/26/2019 07:45:00 AM,2,0,0,,N,876573,4,ANGLE,21,CLEAR,1,DAYLIGHT,12,MOTOR VEHICLE IN TRANSPORT,ANDERSON RD & CREEKVIEW DR,ANTIOCH,TN,37013,8979,SOUTH,36.074,-86.6249,POINT (-86.6249 36.074)
20190051050,01/20/2019 07:30:00 AM,1,0,0,,N,714648,0,NOT COLLISION W/MOTOR VEHICLE-TRANSPORT,4,SNOW,1,DAYLIGHT,24,GUARDRAIL FACE,MM 86 5 I 65,NASHVILLE,TN,37207,3006,NORTH,36.1946,-86.7762,POINT (-86.7762 36.1946)
20190384249,05/20/2019 06:55:00 AM,2,0,0,,N,716886,4,ANGLE,21,CLEAR,1,DAYLIGHT,12,MOTOR VEHICLE IN TRANSPORT,PARAGON MILLS RD & DONNA KAY DR,NASHVILLE,TN,37211,8443,SOUTH,36.0871,-86.708,POINT (-86.708 36.0871)
20190132839,02/18/2019 03:00:00 PM,2,0,0,,N,256426,4,ANGLE,21,CLEAR,1,DAYLIGHT,12,MOTOR VEHICLE IN TRANSPORT,LEBANON PKE & LYNMEADE DR,NASHVILLE,TN,37210,9019,HERMIT,36.163,-86.7,POINT (-86.7 36.163)
20190552398,07/24/2019 01:03:00 PM,2,0,0,,N,109534,5,SIDESWIPE - SAME DIRECTION,21,CLEAR,1,DAYLIGHT,12,MOTOR VEHICLE IN TRANSPORT,BRIDGEWAY AV & ENSLEY AV,OLD HICKORY,TN,37138,9701,HERMIT,36.2694,-86.6664,POINT (-86.6664 36.2694)
20190011722,01/05/2019 12:00:00 AM,2,0,0,,Y,429188,9,UNKNOWN,22,CLOUDY,3,DARK - LIGHTED,12;14,MOTOR VEHICLE IN TRANSPORT;PARKED MOTOR VEHICLE,BRIDGECREST DR & BRIDGECREST WAY,ANTIOCH,TN,37013,8861,SOUTH,36.0659,-86.6495,POINT (-86.6495 36.0659)
20190259437,04/04/2019 08:20:00 AM,2,0,0,,N,420034,5,SIDESWIPE - SAME DIRECTION,21,CLEAR,1,DAYLIGHT,12,MOTOR VEHICLE IN TRANSPORT,BRICK CHURCH PKE & AVONDALE CIR,NASHVILLE,TN,37207,3021,NORTH,36.2089,-86.7779,POINT (-86.7779 36.2089)
20190079466,01/30/2019 07:55:00 AM,2,0,0,,N,594473,11,Front to Rear,21,CLEAR,1,DAYLIGHT,12,MOTOR VEHICLE IN TRANSPORT,EDMONDSON PKE & W DURRETT DR,NASHVILLE,TN,37211,8659,MIDTOW,36.0692,-86.7361,POINT (-86.7361 36.0692)
20190384394,05/20/2019 08:09:00 AM,2,0,0,,N,191578,11,Front to Rear,21,CLEAR,1,DAYLIGHT,12,MOTOR VEHICLE IN TRANSPORT,LEBANON PKE & OLD HICKORY BLVD,HERMITAGE,TN,37076,9613,HERMIT,36.1756,-86.6154,POINT (-86.6154 36.1756)
20190114729,02/12/2019 03:23:00 AM,1,0,0,,Y,151122,0,NOT COLLISION W/MOTOR VEHICLE-TRANSPORT,2,RAIN,3,DARK - LIGHTED,34,DITCH,HAYWOOD SQUARE PVTDR & HAYWOOD LN,NASHVILLE,TN,37211,8709,SOUTH,36.0693,-86.6928,POINT (-86.6928 36.0693)
20190145172,02/22/2019 01:23:00 PM,2,0,0,,N,134899,5,SIDESWIPE - SAME DIRECTION,2,RAIN,1,DAYLIGHT,12,MOTOR VEHICLE IN TRANSPORT,MM 212 1 I 40,NASHVILLE,TN,37210,90041,HERMIT,36.1463,-86.7422,POINT (-86.7422 36.1463)
20190510992,07/07/2019 09:01:00 PM,2,2,0,,N,256379,2,HEAD-ON,22,CLOUDY,3,DARK - LIGHTED,12,MOTOR VEHICLE IN TRANSPORT,MM 55 3 I 24,NASHVILLE,TN,37211,8602,SOUTH,36.0913,-86.7043,POINT (-86.7043 36.0913)
20190245673,03/30/2019 05:59:00 AM,2,4,0,,N,279122,4,ANGLE,21,CLEAR,4,DAWN,12,MOTOR VEHICLE IN TRANSPORT,CLARKSVILLE PKE & HARPER RD,JOELTON,TN,37080,3315,NORTH,36.2795,-86.8734,POINT (-86.8734 36.2795)
20190394924,05/23/2019 04:43:00 PM,2,0,0,,N,197070,11,Front to Rear,21,CLEAR,1,DAYLIGHT,12,MOTOR VEHICLE IN TRANSPORT,DR D B TODD JR BLVD & MEHARRY BLVD,NASHVILLE,TN,37208,5327,NORTH,36.1677,-86.8059,POINT (-86.8059 36.1677)
20190012344,01/05/2019 06:25:00 PM,2,0,0,,N,279225,11,Front to Rear,21,CLEAR,2,DARK - NOT LIGHTED,12,MOTOR VEHICLE IN TRANSPORT,THOMPSON PL & PATRICIA DR,NASHVILLE,TN,37217,8821,HERMIT,36.1272,-86.7073,POINT (-86.7073 36.1272)
20190510754,07/07/2019 05:25:00 PM,2,0,0,,N,299241,98,OTHER,21,CLEAR,1,DAYLIGHT,14,PARKED MOTOR VEHICLE,FLEET DR & FLEETWOOD BLVD,HERMITAGE,TN,37076,9503,HERMIT,36.1722,-86.617,POINT (-86.617 36.1722)
20190236768,03/27/2019 07:00:00 AM,3,0,0,,N,876581,5,SIDESWIPE - SAME DIRECTION,21,CLEAR,1,DAYLIGHT,12,MOTOR VEHICLE IN TRANSPORT,I65 S EXT RAMP & I 65,MADISON,TN,37115,20044,MADISO,36.2481,-86.743,POINT (-86.743 36.2481)
20190124937,02/15/2019 08:00:00 AM,2,0,0,,N,572251,5,SIDESWIPE - SAME DIRECTION,21,CLEAR,1,DAYLIGHT,12,MOTOR VEHICLE IN TRANSPORT,MM 91 9 I 65,MADISON,TN,37115,17280,MADISO,36.259,-86.7382,POINT (-86.7382 36.259)
20190223186,03/22/2019 10:10:00 AM,2,0,0,,Y,462474,11,Front to Rear,21,CLEAR,1,DAYLIGHT,12,MOTOR VEHICLE IN TRANSPORT,HARDING PL & NOLENSVILLE PKE,NASHVILLE,TN,37211,8705,SOUTH,36.0797,-86.7261,POINT (-86.7261 36.0797)
20190555880,07/25/2019 06:25:00 PM,2,0,0,,N,320603,11,Front to Rear,21,CLEAR,1,DAYLIGHT,12,MOTOR VEHICLE IN TRANSPORT,HIGHWAY 100 & OLD HICKORY BLVD,NASHVILLE,TN,37221,6213,WEST,36.0609,-86.9153,POINT (-86.9153 36.0609)
20190193661,03/12/2019 07:39:00 AM,2,0,0,,N,330431,5,SIDESWIPE - SAME DIRECTION,21,CLEAR,1,DAYLIGHT,12,MOTOR VEHICLE IN TRANSPORT,OLD HICKORY BLVD & OCTOBER WOODS DR,ANTIOCH,TN,37013,8771,SOUTH,36.0081,-86.6218,POINT (-86.6218 36.0081)
20190277282,04/10/2019 12:00:00 AM,1,0,0,Y,Y,311338,0,NOT COLLISION W/MOTOR VEHICLE-TRANSPORT,22,CLOUDY,3,DARK - LIGHTED,30,UTILITY POLE,CLARKSVILLE PKE & 23RD AVN,NASHVILLE,TN,37208,4485,NORTH,36.1841,-86.8144,POINT (-86.8144 36.1841)
20190443822,06/11/2019 11:46:00 AM,2,0,0,,N,352183,5,SIDESWIPE - SAME DIRECTION,21,CLEAR,1,DAYLIGHT,12,MOTOR VEHICLE IN TRANSPORT,MM 3 8 I 440,NASHVILLE,TN,37212,6502,MIDTOW,36.1163,-86.7919,POINT (-86.7919 36.1163)
20190266712,04/07/2019 03:15:00 AM,2,0,0,,Y,909497,11,Front to Rear,2,RAIN,2,DARK - NOT LIGHTED,12,MOTOR VEHICLE IN TRANSPORT,I40 E EXT RAMP & OLD HICKORY BLVD,HERMITAGE,TN,37076,9527,HERMIT,36.1696,-86.601,POINT (-86.601 36.1696)
20190265154,04/06/2019 11:15:00 AM,2,0,0,,N,110063,5,SIDESWIPE - SAME DIRECTION,21,CLEAR,1,DAYLIGHT,12,MOTOR VEHICLE IN TRANSPORT,MM 87 6 I 65,NASHVILLE,TN,37207,1804,EAST,36.2107,-86.7758,POINT (-86.7758 36.2107)
20190523606,07/12/2019 11:00:00 PM,2,0,0,,N,320590,11,Front to Rear,21,CLEAR,3,DARK - LIGHTED,12,MOTOR VEHICLE IN TRANSPORT,CLARKSVILLE PKE & CLIFF DR,NASHVILLE,TN,37218,3157,NORTH,36.1923,-86.8291,POINT (-86.8291 36.1923)
20190161744,02/28/2019 02:20:00 PM,2,0,0,,Y,716886,4,ANGLE,21,CLEAR,1,DAYLIGHT,12,MOTOR VEHICLE IN TRANSPORT,MCCALL ST & COLBY DR,NASHVILLE,TN,37211,8407,SOUTH,36.0985,-86.7283,POINT (-86.7283 36.0985)
20190363108,05/12/2019 05:15:00 AM,2,1,0,,Y,330438,4,ANGLE,2,RAIN,3,DARK - LIGHTED,12,MOTOR VEHICLE IN TRANSPORT,KERMIT DR & MURFREESBORO PKE,NASHVILLE,TN,37217,8823,HERMIT,36.1219,-86.7047,POINT (-86.7047 36.1219)
20190517036,07/10/2019 11:30:00 AM,2,1,0,,N,109534,11,Front to Rear,21,CLEAR,1,DAYLIGHT,12,MOTOR VEHICLE IN TRANSPORT,LEBANON PKE & OLD HICKORY BLVD,HERMITAGE,TN,37076,9613,HERMIT,36.1756,-86.6154,POINT (-86.6154 36.1756)
20190147122,02/23/2019 07:49:00 AM,1,1,0,,N,834798,0,NOT COLLISION W/MOTOR VEHICLE-TRANSPORT,2,RAIN,1,DAYLIGHT,8,PEDESTRIAN,HILLSBORO PKE & CRESTMOOR RD,NASHVILLE,TN,37215,6413,MIDTOW,36.1091,-86.8119,POINT (-86.8119 36.1091)
20190384242,05/20/2019 12:00:00 AM,2,0,0,,Y,483529,9,UNKNOWN,99,UNKNOWN,9,UNKNOWN,14,PARKED MOTOR VEHICLE,REBECCA ST & MOORE ST,NASHVILLE,TN,37216,1405,EAST,36.1961,-86.7272,POINT (-86.7272 36.1961)
20190420558,06/02/2019 12:02:00 PM,2,1,0,,N,544481,4,ANGLE,21,CLEAR,1,DAYLIGHT,12,MOTOR VEHICLE IN TRANSPORT,DICKERSON PKE & HILLHURST DR,NASHVILLE,TN,37207,1811,EAST,36.2269,-86.7599,POINT (-86.7599 36.2269)
20190506577,07/05/2019 12:49:00 PM,2,0,0,,N,633390,4,ANGLE,22,CLOUDY,1,DAYLIGHT,12,MOTOR VEHICLE IN TRANSPORT,GREENLAND AV & GALLATIN PKE,NASHVILLE,TN,37216,1425,EAST,36.2228,-86.7258,POINT (-86.7258 36.2228)
20190302197,04/19/2019 02:27:00 PM,2,0,0,,N,191578,11,Front to Rear,2,RAIN,1,DAYLIGHT,12,MOTOR VEHICLE IN TRANSPORT,BROOKSBORO PL & MURFREESBORO PKE,NASHVILLE,TN,37217,8937,HERMIT,36.0837,-86.6472,POINT (-86.6472 36.0837)
20190101115,02/06/2019 07:32:00 PM,2,1,0,,Y,256439,5,SIDESWIPE - SAME DIRECTION,2,RAIN,2,DARK - NOT LIGHTED,12,MOTOR VEHICLE IN TRANSPORT,MM 51 5 I 24,NASHVILLE,TN,37210,9004,HERMIT,36.1404,-86.7287,POINT (-86.7287 36.1404)
20190344102,05/05/2019 01:36:00 AM,1,0,0,,N,110064,0,NOT COLLISION W/MOTOR VEHICLE-TRANSPORT,2,RAIN,3,DARK - LIGHTED,18,OTHER OBJECT (NOT FIXED),MM 55 5 I 24,NASHVILLE,TN,37211,8812,SOUTH,36.0886,-86.7019,POINT (-86.7019 36.0886)
20190224493,03/22/2019 07:30:00 PM,1,1,0,,N,256424,0,NOT COLLISION W/MOTOR VEHICLE-TRANSPORT,21,CLEAR,3,DARK - LIGHTED,39,WALL,BELL RD & WOODLAND POINTE DR,NASHVILLE,TN,37214,8943,HERMIT,36.1227,-86.6305,POINT (-86.6305 36.1227)