Accident Number,Date and Time,Number of Motor Vehicles,Number of Injuries,Number of Fatalities,Property Damage,Hit and Run,Reporting Officer,Collision Type Code,Collision Type Description,Weather Code,Weather Description,Illumination Code,Illumination Description,Harmful Code,Harmful Code Description,Street Address,City,State,ZIP,RPA,Precinct,Latitude,Longitude,Mapped Location
20190085903,02/01/2019 08:37:00 AM,2,0,0,,N,191578,4,ANGLE,22,CLOUDY,1,DAYLIGHT,12,MOTOR VEHICLE IN TRANSPORT,FESSLERS LN & LEBANON PKE,NASHVILLE,TN,37210,9011,HERMIT,36.1543,-86.7421,POINT (-86.7421 36.1543)
20190407270,05/28/2019 01:20:00 PM,2,1,0,,N,620072,5,SIDESWIPE - SAME DIRECTION,21,CLEAR,1,DAYLIGHT,12,MOTOR VEHICLE IN TRANSPORT,MUSIC SQE & DIVISION ST,NASHVILLE,TN,37203,6733,MIDTOW,36.1518,-86.7916,POINT (-86.7916 36.1518)
20190177227,03/06/2019 07:06:00 AM,2,0,0,,N,405447,11,Front to Rear,21,CLEAR,1,DAYLIGHT,12,MOTOR VEHICLE IN TRANSPORT,OLD HICKORY BLVD & I65 N ENT RAMP,BRENTWOOD,TN,37027,8619,MIDTOW,36.0401,-86.7807,POINT (-86.7807 36.0401)
20190263329,04/05/2019 05:30:00 PM,2,0,0,,Y,299253,11,Front to Rear,21,CLEAR,1,DAYLIGHT,12,MOTOR VEHICLE IN TRANSPORT,DICKERSON PKE & GATEWOOD AV,NASHVILLE,TN,37207,1861,EAST,36.2009,-86.7697,POINT (-86.7697 36.2009)
20190450595,06/13/2019 06:20:00 PM,2,0,0,,N,226827,5,SIDESWIPE - SAME DIRECTION,21,CLEAR,1,DAYLIGHT,12,MOTOR VEHICLE IN TRANSPORT,GALLATIN PKEN & TWIN HILLS DR,MADISON,TN,37115,1731,MADISO,36.3021,-86.6928,POINT (-86.6928 36.3021)
20190564682,07/29/2019 04:33:00 PM,2,0,0,,N,591934,11,Front to Rear,21,CLEAR,1,DAYLIGHT,12,MOTOR VEHICLE IN TRANSPORT,MURFREESBORO PKE & DELL PKWY,NASHVILLE,TN,37217,8841,SOUTH,36.1084,-86.6782,POINT (-86.6782 36.1084)
20190196683,03/13/2019 08:14:00 AM,2,1,0,,N,191578,4,ANGLE,21,CLEAR,1,DAYLIGHT,12,MOTOR VEHICLE IN TRANSPORT,MCGAVOCK PKE & CENTURY BLVD,NASHVILLE,TN,37214,9115,HERMIT,36.177,-86.5869,POINT (-86.5869 36.177)
20190214341,03/19/2019 05:26:00 PM,1,0,0,,N,256389,0,NOT COLLISION W/MOTOR VEHICLE-TRANSPORT,21,CLEAR,1,DAYLIGHT,34;64,DITCH;Ran Off Road-Left,OLD HICKORY BLVD & GRANNY WHITE PKE,NASHVILLE,TN,37220,7111,MIDTOW,36.04,-86.8156,POINT (-86.8156 36.04)
20190418922,06/01/2019 04:52:00 PM,2,0,0,,Y,161946,16,Rear to Side,21,CLEAR,1,DAYLIGHT,12;14,MOTOR VEHICLE IN TRANSPORT;PARKED MOTOR VEHICLE,LUCAS LN & W TRINITY LN,NASHVILLE,TN,37207,1863,EAST,36.2061,-86.7711,POINT (-86.7711 36.2061)
20190046446,01/18/2019 08:00:00 AM,2,0,0,,N,716886,5,SIDESWIPE - SAME DIRECTION,21,CLEAR,1,DAYLIGHT,12,MOTOR VEHICLE IN TRANSPORT,ANDERSON RD & FOREST TRACE DR,ANTIOCH,TN,37013,8979,SOUTH,36.0744,-86.6296,POINT (-86.6296 36.0744)
20190108462,02/09/2019 02:41:00 PM,3,1,0,,N,256417,11,Front to Rear,21,CLEAR,1,DAYLIGHT,12,MOTOR VEHICLE IN TRANSPORT,LEBANON PKE & LEBANON PKE EB EXT RAMP,HERMITAGE,TN,37076,9531,HERMIT,36.1972,-86.621,POINT (-86.621 36.1972)
20190416146,05/31/2019 12:45:00 PM,2,0,0,,N,311804,4,ANGLE,21,CLEAR,1,DAYLIGHT,12,MOTOR VEHICLE IN TRANSPORT,MM 49 2 I 24,NASHVILLE,TN,37213,1002,CENTRA,36.1637,-86.7625,POINT (-86.7625 36.1637)
20190546714,07/22/2019 12:27:00 PM,2,0,0,,N,140808,4,ANGLE,22,CLOUDY,1,DAYLIGHT,12,MOTOR VEHICLE IN TRANSPORT,FRANKLIN PKE & OLD HICKORY BLVD,NASHVILLE,TN,37220,7111,MIDTOW,36.0377,-86.7865,POINT (-86.7865 36.0377)
20190495890,07/01/2019 02:55:00 PM,3,0,0,Y,N,137872,11,Front to Rear,21,CLEAR,1,DAYLIGHT,12,MOTOR VEHICLE IN TRANSPORT,SMITH SPRINGS RD & RURAL HILL RD,NASHVILLE,TN,37217,8965,HERMIT,36.0899,-86.6248,POINT (-86.6248 36.0899)
20190404867,05/27/2019 04:31:00 PM,2,0,0,,Y,206675,4,ANGLE,21,CLEAR,1,DAYLIGHT,12,MOTOR VEHICLE IN TRANSPORT,NOLENSVILLE PKE & HICKORYVIEW DR,NASHVILLE,TN,37211,8717,SOUTH,36.0488,-86.7137,POINT (-86.7137 36.0488)
20190079267,01/30/2019 07:08:00 AM,2,0,0,,N,278580,11,Front to Rear,4,SNOW,1,DAYLIGHT,12,MOTOR VEHICLE IN TRANSPORT,CHARLOTTE PKE & OLD HICKORY BLVD,NASHVILLE,TN,37209,4701,WEST,36.1177,-86.9218,POINT (-86.9218 36.1177)
20190282419,04/12/2019 05:34:00 PM,2,0,0,,N,256441,11,Front to Rear,21,CLEAR,1,DAYLIGHT,12,MOTOR VEHICLE IN TRANSPORT,OLD HICKORY BLVD & KINGSBURY DR,NASHVILLE,TN,37215,6305,MIDTOW,36.0428,-86.8403,POINT (-86.8403 36.0428)
20190071169,01/27/2019 07:19:00 PM,2,0,0,,N,311333,11,Front to Rear,22,CLOUDY,7,Dark-Unknown Lighting,12,MOTOR VEHICLE IN TRANSPORT,HOBSON PKE & HAMILTON CHURCH RD,ANTIOCH,TN,37013,8907,SOUTH,36.0593,-86.597,POINT (-86.597 36.0593)
20190436655,06/08/2019 12:55:00 PM,3,3,0,,N,633381,11,Front to Rear,21,CLEAR,1,DAYLIGHT,12,MOTOR VEHICLE IN TRANSPORT,COLLINS PARK DR & BELL RD,ANTIOCH,TN,37013,8863,SOUTH,36.046,-86.6581,POINT (-86.6581 36.046)
20190021441,01/09/2019 12:00:00 AM,2,0,0,,Y,200016,2,HEAD-ON,21,CLEAR,3,DARK - LIGHTED,14,PARKED MOTOR VEHICLE,S 6TH ST & SYLVAN ST,NASHVILLE,TN,37206,1043,EAST,36.1672,-86.7597,POINT (-86.7597 36.1672)
20190241041,03/28/2019 03:48:00 PM,2,0,0,,N,693098,11,Front to Rear,21,CLEAR,1,DAYLIGHT,12,MOTOR VEHICLE IN TRANSPORT,BRILEY PKWYN & BRILEY PKWYS,NASHVILLE,TN,37211,8404,SOUTH,36.1092,-86.727,POINT (-86.727 36.1092)
20190547395,07/22/2019 05:52:00 PM,3,0,0,,Y,267831,11,Front to Rear,2,RAIN,1,DAYLIGHT,12,MOTOR VEHICLE IN TRANSPORT,HILLSBORO PKE & ABBOTT MARTIN RD,NASHVILLE,TN,37215,6111,WEST,36.1054,-86.8142,POINT (-86.8142 36.1054)
20190043902,01/17/2019 11:40:00 AM,2,1,0,,N,224955,4,ANGLE,2,RAIN,1,DAYLIGHT,12,MOTOR VEHICLE IN TRANSPORT,OLD HICKORY BLVDW & I65 N ENT RAMP,MADISON,TN,37115,1777,MADISO,36.2643,-86.7361,POINT (-86.7361 36.2643)
20190008361,01/04/2019 02:15:00 AM,2,0,0,,Y,330416,5,SIDESWIPE - SAME DIRECTION,2,RAIN,3,DARK - LIGHTED,12,MOTOR VEHICLE IN TRANSPORT,MM 57 6 I 24,ANTIOCH,TN,37013,87060,SOUTH,36.0629,-86.6829,POINT (-86.6829 36.0629)
20190470956,06/21/2019 11:10:00 AM,2,0,0,,N,134899,11,Front to Rear,21,CLEAR,1,DAYLIGHT,12,MOTOR VEHICLE IN TRANSPORT,BRIDGEWAY AV & ROBINSON RD,OLD HICKORY,TN,37138,9701,HERMIT,36.2674,-86.6695,POINT (-86.6695 36.2674)
20190110501,02/10/2019 02:43:00 PM,2,1,0,,Y,256446,11,Front to Rear,2,RAIN,1,DAYLIGHT,12,MOTOR VEHICLE IN TRANSPORT,HARDING PL & I24 E EXT RAMP,NASHVILLE,TN,37211,8707,SOUTH,36.0855,-86.7016,POINT (-86.7016 36.0855)
20190282561,04/12/2019 07:15:00 PM,2,1,0,,N,256496,11,Front to Rear,21,CLEAR,2,DARK - NOT LIGHTED,14,PARKED MOTOR VEHICLE,MM 219 4 I 40,NASHVILLE,TN,37214,89043,HERMIT,36.1594,-86.6232,POINT (-86.6232 36.1594)
20190325911,04/28/2019 02:36:00 AM,4,5,1,,Y,166477,4,ANGLE,21,CLEAR,2,DARK - NOT LIGHTED,12;24;54,MOTOR VEHICLE IN TRANSPORT;GUARDRAIL FACE;Set In Motion By Motor Vehicle,MM 58 0 I 24,ANTIOCH,TN,37013,88080,SOUTH,36.0584,-86.678,POINT (-86.678 36.0584)
20190473384,06/22/2019 02:08:00 PM,3,3,0,,Y,298877,11,Front to Rear,21,CLEAR,1,DAYLIGHT,12,MOTOR VEHICLE IN TRANSPORT,NOLENSVILLE PKE & WELSHWOOD DR,NASHVILLE,TN,37211,8501,MIDTOW,36.0826,-86.7273,POINT (-86.7273 36.0826)
20190337915,05/02/2019 01:00:00 PM,2,0,0,,N,714641,11,Front to Rear,21,CLEAR,1,DAYLIGHT,12,MOTOR VEHICLE IN TRANSPORT,CHURCH ST & 12TH AVN,NASHVILLE,TN,37203,4119,CENTRA,36.159,-86.7894,POINT (-86.7894 36.159)
20190320400,04/25/2019 07:55:00 PM,2,0,0,,N,594473,11,Front to Rear,2,RAIN,1,DAYLIGHT,12,MOTOR VEHICLE IN TRANSPORT,BROADWAY & 7TH AVN,NASHVILLE,TN,37203,4085,CENTRA,36.1592,-86.7814,POINT (-86.7814 36.1592)
20190193315,03/12/2019 06:30:00 AM,2,5,1,,N,140788,11,Front to Rear,21,CLEAR,4,DAWN,12,MOTOR VEHICLE IN TRANSPORT,MM 39 9 I 24,WHITES CREEK,TN,37189,3314,NORTH,36.2843,-86.8075,POINT (-86.8075 36.2843)
20190021363,01/09/2019 08:15:00 AM,2,2,0,,N,665896,4,ANGLE,21,CLEAR,1,DAYLIGHT,12,MOTOR VEHICLE IN TRANSPORT,DICKERSON PKE & MERIDIAN ST,NASHVILLE,TN,37207,1979,EAST,36.1783,-86.7722,POINT (-86.7722 36.1783)
20190441779,06/10/2019 04:35:00 PM,2,0,0,,N,279214,4,ANGLE,21,CLEAR,1,DAYLIGHT,12,MOTOR VEHICLE IN TRANSPORT,WOODMONT BLVD & BELMONT BLVD,NASHVILLE,TN,37215,6415,MIDTOW,36.113,-86.7998,POINT (-86.7998 36.113)
20190126170,02/09/2019 09:15:00 PM,2,0,0,,Y,493317,5,SIDESWIPE - SAME DIRECTION,21,CLEAR,3,DARK - LIGHTED,12,MOTOR VEHICLE IN TRANSPORT,BELL RD & HICKORY HOLLOW LN,ANTIOCH,TN,37013,8863,SOUTH,36.0492,-86.6517,POINT (-86.6517 36.0492)
20190368329,05/14/2019 08:53:00 AM,2,0,0,,N,769383,4,ANGLE,21,CLEAR,1,DAYLIGHT,13,MOTOR VEHICLE IN TRANSPORT-OTHER ROADWAY,ALBION ST & 44TH AVN,NASHVILLE,TN,37209,4511,WEST,36.1612,-86.8403,POINT (-86.8403 36.1612)
20190115626,02/12/2019 10:30:00 AM,2,0,0,,N,405447,11,Front to Rear,2,RAIN,1,DAYLIGHT,12,MOTOR VEHICLE IN TRANSPORT,OLD HICKORY BLVD & WINDYPINE DR,NASHVILLE,TN,37211,8651,MIDTOW,36.0411,-86.7267,POINT (-86.7267 36.0411)
20190456609,06/16/2019 04:38:00 AM,2,1,0,,N,320578,5,SIDESWIPE - SAME DIRECTION,21,CLEAR,4,DAWN,12;39,MOTOR VEHICLE IN TRANSPORT;WALL,I24 W EXT RAMP & I 24,NASHVILLE,TN,37211,8829,SOUTH,36.1074,-86.7197,POINT (-86.7197 36.1074)
20190569671,07/31/2019 02:57:00 PM,2,0,0,,N,330435,11,Front to Rear,21,CLEAR,1,DAYLIGHT,12,MOTOR VEHICLE IN TRANSPORT,ELLINGTON PKWY N ENT RAMP & E TRINITY LN,NASHVILLE,TN,37216,1821,EAST,36.2047,-86.7497,POINT (-86.7497 36.2047)
20190235239,03/26/2019 05:05:00 PM,2,0,0,,N,279124,11,Front to Rear,21,CLEAR,1,DAYLIGHT,12,MOTOR VEHICLE IN TRANSPORT,BRILEY PKWYS & BRILEY PKWYN,NASHVILLE,TN,37218,3212,NORTH,36.2142,-86.8724,POINT (-86.8724 36.2142)
20190263261,04/05/2019 04:40:00 PM,2,0,0,,N,320597,11,Front to Rear,21,CLEAR,1,DAYLIGHT,12,MOTOR VEHICLE IN TRANSPORT,I24 E EXT RAMP & I 24,NASHVILLE,TN,37207,30080,NORTH,36.2378,-86.7872,POINT (-86.7872 36.2378)
20190126310,02/15/2019 12:00:00 AM,2,0,0,,Y,311333,4,ANGLE,2,RAIN,7,Dark-Unknown Lighting,12,MOTOR VEHICLE IN TRANSPORT,BELL RD & CANE RIDGE RD,ANTIOCH,TN,37013,8753,SOUTH,36.0449,-86.6631,POINT (-86.6631 36.0449)
20190186475,03/09/2019 09:25:00 AM,2,0,0,,Y,226600,4,ANGLE,2,RAIN,1,DAYLIGHT,12,MOTOR VEHICLE IN TRANSPORT,46TH AVN & CHARLOTTE AV,NASHVILLE,TN,37209,5201,WEST,36.1527,-86.8422,POINT (-86.8422 36.1527)
20190009519,01/04/2019 01:12:00 PM,2,0,0,,N,109534,4,ANGLE,22,CLOUDY,1,DAYLIGHT,12,MOTOR VEHICLE IN TRANSPORT,OLD LEBANON PKE & LEBANON PKE,NASHVILLE,TN,37214,9309,HERMIT,36.1699,-86.671,POINT (-86.671 36.1699)
20190267617,04/07/2019 01:56:00 PM,2,0,0,,Y,429193,4,ANGLE,22,CLOUDY,1,DAYLIGHT,12,MOTOR VEHICLE IN TRANSPORT,6670 CHARLOTTE PK & PRIVATE DRIVE,NASHVILLE,TN,37209,5009,WEST,36.1402,-86.8844,POINT (-86.8844 36.1402)
20190184989,03/08/2019 07:12:00 PM,2,0,0,,N,151132,11,Front to Rear,2,RAIN,3,DARK - LIGHTED,12,MOTOR VEHICLE IN TRANSPORT,CONFERENCE DR & THE SHOPPES AT RIVERGATE,MADISON,TN,37115,1737,MADISO,36.3038,-86.6926,POINT (-86.6926 36.3038)
20190411002,05/29/2019 06:43:00 PM,2,0,0,,N,414711,4,ANGLE,21,CLEAR,1,DAYLIGHT,12,MOTOR VEHICLE IN TRANSPORT,HILLSBORO PKE & ABBOTT MARTIN RD,NASHVILLE,TN,37215,6111,WEST,36.1054,-86.8142,POINT (-86.8142 36.1054)
20190204062,03/15/2019 07:25:00 PM,2,0,0,,Y,256389,11,Front to Rear,21,CLEAR,3,DARK - LIGHTED,12,MOTOR VEHICLE IN TRANSPORT,4TH AVS & CHESTNUT ST,NASHVILLE,TN,37210,8169,SOUTH,36.1449,-86.7667,POINT (-86.7667 36.1449)
20190093023,02/04/2019 08:00:00 AM,2,0,0,,Y,224953,5,SIDESWIPE - SAME DIRECTION,22,CLOUDY,1,DAYLIGHT,12,MOTOR VEHICLE IN TRANSPORT,WOODLAND ST & I24 W ENT RAMP,NASHVILLE,TN,37206,1102,EAST,36.1708,-86.7675,POINT (-86.7675 36.1708)
20190447463,06/12/2019 04:49:00 PM,2,1,0,,N,179606,11,Front to Rear,21,CLEAR,1,DAYLIGHT,12,MOTOR VEHICLE IN TRANSPORT,MM 210 1 I 40,NASHVILLE,TN,37203,4006,CENTRA,36.1492,-86.7751,POINT (-86.7751 36.1492)
20190266493,04/07/2019 12:50:00 AM,3,0,0,,N,212335,11,Front to Rear,22,CLOUDY,2,DARK - NOT LIGHTED,12,MOTOR VEHICLE IN TRANSPORT,3RD AVN & UNION ST,NASHVILLE,TN,37201,4137,CENTRA,36.1653,-86.7785,POINT (-86.7785 36.1653)
20180197316,03/13/2019 12:22:00 PM,2,0,0,,N,462494,4,ANGLE,21,CLEAR,1,DAYLIGHT,12,MOTOR VEHICLE IN TRANSPORT,21ST AVS & BLAIR BLVD,NASHVILLE,TN,37212,6607,MIDTOW,36.1304,-86.802,POINT (-86.802 36.1304)
20190442033,06/10/2019 08:00:00 PM,2,1,0,,N,256374,4,ANGLE,22,CLOUDY,5,DUSK,12,MOTOR VEHICLE IN TRANSPORT,BELL RD & BLUE HOLE RD,ANTIOCH,TN,37013,8719,SOUTH,36.0458,-86.6744,POINT (-86.6744 36.0458)
20190053384,01/21/2019 08:00:00 AM,2,0,0,,N,226622,98,OTHER,21,CLEAR,1,DAYLIGHT,12,MOTOR VEHICLE IN TRANSPORT,HIGHWAY 100 & TRACESIDE DR,NASHVILLE,TN,37221,4807,WEST,36.038,-86.9645,POINT (-86.9645 36.038)
20190016401,01/07/2019 01:16:00 PM,2,0,0,,N,375570,11,Front to Rear,22,CLOUDY,1,DAYLIGHT,12,MOTOR VEHICLE IN TRANSPORT,GALLATIN PKES & E OLD HICKORY BLVD,MADISON,TN,37115,1771,MADISO,36.2622,-86.7122,POINT (-86.7122 36.2622)
20190497491,07/02/2019 04:05:00 AM,1,0,0,,N,311343,0,NOT COLLISION W/MOTOR VEHICLE-TRANSPORT,21,CLEAR,3,DARK - LIGHTED,18,OTHER OBJECT (NOT FIXED),MM 3 3 I 440,NASHVILLE,TN,37215,6422,MIDTOW,36.1163,-86.7985,POINT (-86.7985 36.1163)
20190223367,03/22/2019 11:00:00 AM,2,0,0,,N,676834,11,Front to Rear,21,CLEAR,1,DAYLIGHT,12,MOTOR VEHICLE IN TRANSPORT,CLARKSVILLE PKE & ROSA L PARKS BLVD,NASHVILLE,TN,37228,4483,NORTH,36.1889,-86.8231,POINT (-86.8231 36.1889)
20190441400,06/10/2019 02:25:00 PM,1,1,0,,N,161939,0,NOT COLLISION W/MOTOR VEHICLE-TRANSPORT,22,CLOUDY,1,DAYLIGHT,43,OTHER FIXED OBJECTS,ANTIOCH PKE & SPACE PARK SOUTH DR,NASHVILLE,TN,37211,8845,SOUTH,36.0939,-86.6993,POINT (-86.6993 36.0939)
20190289147,04/15/2019 02:48:00 PM,2,2,0,,N,151132,11,Front to Rear,21,CLEAR,1,DAYLIGHT,1;12,MOTOR VEHICLE IN TRANSPORT,CUDE LN & GALLATIN PKEN,MADISON,TN,37115,1731,MADISO,36.2998,-86.6966,POINT (-86.6966 36.2998)
20190037310,01/15/2019 07:58:00 AM,2,0,0,,N,332253,11,Front to Rear,22,CLOUDY,1,DAYLIGHT,12,MOTOR VEHICLE IN TRANSPORT,RIVERGATE STATION PVTDR & GALLATIN PKEN,MADISON,TN,37115,1721,MADISO,36.2931,-86.7024,POINT (-86.7024 36.2931)
20190556351,07/25/2019 11:00:00 PM,2,0,0,,Y,330414,9,UNKNOWN,21,CLEAR,2,DARK - NOT LIGHTED,12;14,MOTOR VEHICLE IN TRANSPORT;PARKED MOTOR VEHICLE,KINSEY BLVD & FARRIS AV,MADISON,TN,37115,1613,MADISO,36.2573,-86.6894,POINT (-86.6894 36.2573)
20190147566,02/23/2019 12:50:00 PM,2,1,0,,N,584947,11,Front to Rear,22,CLOUDY,1,DAYLIGHT,12,MOTOR VEHICLE IN TRANSPORT,OLD HICKORY BLVD & SEVEN SPRINGS WAY,BRENTWOOD,TN,37027,8623,MIDTOW,36.0398,-86.7685,POINT (-86.7685 36.0398)
20190026994,01/11/2019 06:47:00 AM,1,0,0,Y,N,676834,0,NOT COLLISION W/MOTOR VEHICLE-TRANSPORT,21,CLEAR,1,DAYLIGHT,43,OTHER FIXED OBJECTS,1800 ALBION ST,NASHVILLE,TN,37208,5327,NORTH,36.1665,-86.8076,POINT (-86.8076 36.1665)
20190363745,05/12/2019 01:42:00 PM,2,0,0,,N,320603,6,SIDESWIPE - OPPOSITE DIRECTION,21,CLEAR,1,DAYLIGHT,12,MOTOR VEHICLE IN TRANSPORT,0 CHARLOTTE AV,NASHVILLE,TN,37203,5357,NORTH,36.158,-86.8005,POINT (-86.8005 36.158)
20190171591,03/04/2019 01:56:00 PM,2,0,0,,Y,191578,11,Front to Rear,21,CLEAR,1,DAYLIGHT,12,MOTOR VEHICLE IN TRANSPORT,LAFAYETTE ST & FAIRFIELD AV,NASHVILLE,TN,37210,8133,SOUTH,36.1473,-86.7579,POINT (-86.7579 36.1473)
20190289666,04/15/2019 05:13:00 PM,2,0,0,,Y,151132,5,SIDESWIPE - SAME DIRECTION,21,CLEAR,1,DAYLIGHT,12,MOTOR VEHICLE IN TRANSPORT,MM 93 2 I 65,MADISON,TN,37115,17062,MADISO,36.2787,-86.7343,POINT (-86.7343 36.2787)
20190558811,07/26/2019 10:44:00 PM,2,0,0,,Y,197059,5,SIDESWIPE - SAME DIRECTION,21,CLEAR,3,DARK - LIGHTED,12,MOTOR VEHICLE IN TRANSPORT,MM 82 0 I 65,NASHVILLE,TN,37203,80061,MIDTOW,36.1433,-86.7769,POINT (-86.7769 36.1433)
20190502355,07/03/2019 05:45:00 PM,2,0,0,,N,299238,4,ANGLE,21,CLEAR,1,DAYLIGHT,12,MOTOR VEHICLE IN TRANSPORT,LITTON AV & DAVIS AV,NASHVILLE,TN,37216,1403,EAST,36.2023,-86.7383,POINT (-86.7383 36.2023)
20190059536,01/23/2019 12:31:00 PM,2,0,0,,N,224955,4,ANGLE,2,RAIN,1,DAYLIGHT,12,MOTOR VEHICLE IN TRANSPORT,GALLATIN PKEN & RIVERGATE PKWY,MADISON,TN,37115,1731,MADISO,36.2973,-86.6988,POINT (-86.6988 36.2973)
20190227257,03/23/2019 09:40:00 PM,2,0,0,,Y,206672,4,ANGLE,21,CLEAR,3,DARK - LIGHTED,12,MOTOR VEHICLE IN TRANSPORT,DUE WEST AVW & GALLATIN PKES,MADISON,TN,37115,1787,MADISO,36.2481,-86.7214,POINT (-86.7214 36.2481)
20190475720,06/23/2019 07:44:00 PM,2,0,0,,Y,299266,4,ANGLE,21,CLEAR,3,DARK - LIGHTED,12,MOTOR VEHICLE IN TRANSPORT,EZELL PKE & CITATION DR,NASHVILLE,TN,37217,8849,SOUTH,36.1003,-86.6723,POINT (-86.6723 36.1003)
20190511809,07/08/2019 06:15:00 AM,2,0,0,,N,473663,5,SIDESWIPE - SAME DIRECTION,21,CLEAR,1,DAYLIGHT,12,MOTOR VEHICLE IN TRANSPORT,FESSLERS LN & RUNDLE AV,NASHVILLE,TN,37210,8215,HERMIT,36.1467,-86.7438,POINT (-86.7438 36.1467)
20190237025,03/27/2019 08:54:00 AM,2,0,0,,N,140790,11,Front to Rear,21,CLEAR,1,DAYLIGHT,12,MOTOR VEHICLE IN TRANSPORT,MM 218 0 I 40,NASHVILLE,TN,37217,89020,HERMIT,36.1413,-86.667,POINT (-86.667 36.1413)
20190168787,03/03/2019 12:00:00 AM,2,0,0,,N,298865,4,ANGLE,2,RAIN,1,DAYLIGHT,12,MOTOR VEHICLE IN TRANSPORT,MM 92 0 I 65,MADISON,TN,37115,17280,MADISO,36.2612,-86.7382,POINT (-86.7382 36.2612)
20190180342,03/07/2019 05:25:00 AM,1,0,0,Y,N,415780,0,NOT COLLISION W/MOTOR VEHICLE-TRANSPORT,21,CLEAR,1,DAYLIGHT,20;36;64,IMPACT ATTENUATOR;CONCRETE TRAFFIC BARRIER;Ran Off Road-Left,MM 2 5 I 440,NASHVILLE,TN,37215,6008,WEST,36.124,-86.8116,POINT (-86.8116 36.124)
20190419352,06/01/2019 09:31:00 PM,2,0,0,,Y,212346,4,ANGLE,21,CLEAR,3,DARK - LIGHTED,12,MOTOR VEHICLE IN TRANSPORT,3RD AVN & DEADERICK ST,NASHVILLE,TN,37201,4163,CENTRA,36.1663,-86.7791,POINT (-86.7791 36.1663)
20190108235,02/09/2019 11:05:00 AM,2,0,0,,Y,693093,5,SIDESWIPE - SAME DIRECTION,21,CLEAR,1,DAYLIGHT,12,MOTOR VEHICLE IN TRANSPORT,MM 89 2 I 65,NASHVILLE,TN,37207,18062,EAST,36.233,-86.7685,POINT (-86.7685 36.233)
20190186647,03/09/2019 08:59:00 AM,2,0,0,,Y,224797,11,Front to Rear,2,RAIN,1,DAYLIGHT,12,MOTOR VEHICLE IN TRANSPORT,MM 2 6 I 440,NASHVILLE,TN,37212,5902,MIDTOW,36.1233,-86.8069,POINT (-86.8069 36.1233)
20190415875,05/31/2019 10:54:00 AM,2,0,0,,N,834798,5,SIDESWIPE - SAME DIRECTION,21,CLEAR,1,DAYLIGHT,12,MOTOR VEHICLE IN TRANSPORT,HILLSBORO PKE & GRAYBAR LN,NASHVILLE,TN,37215,6105,WEST,36.1112,-86.8113,POINT (-86.8113 36.1112)
20190188962,03/10/2019 02:54:00 PM,2,0,0,,N,299241,4,ANGLE,21,CLEAR,1,DAYLIGHT,12,MOTOR VEHICLE IN TRANSPORT,US HWY 70 & BONNABROOK DR,HERMITAGE,TN,37076,9531,HERMIT,36.1921,-86.6244,POINT (-86.6244 36.1921)
20190339933,05/03/2019 07:41:00 AM,2,0,0,,N,109534,5,SIDESWIPE - SAME DIRECTION,22,CLOUDY,1,DAYLIGHT,12,MOTOR VEHICLE IN TRANSPORT,SHUTE LN & BRANDYWINE DR,OLD HICKORY,TN,37138,9713,HERMIT,36.2321,-86.6228,POINT (-86.6228 36.2321)
20190128113,02/16/2019 03:23:00 PM,2,1,0,,N,256446,4,ANGLE,21,CLEAR,1,DAYLIGHT,12,MOTOR VEHICLE IN TRANSPORT,MASHBURN RD & ENNIS RD,NASHVILLE,TN,37210,8361,SOUTH,36.111,-86.7306,POINT (-86.7306 36.111)
20190110640,02/10/2019 02:21:00 PM,2,0,0,,N,256423,98,OTHER,2,RAIN,1,DAYLIGHT,12,MOTOR VEHICLE IN TRANSPORT,ASHLAND CITY HWY & CLARKSVILLE PKE,NASHVILLE,TN,37218,3121,NORTH,36.1976,-86.8375,POINT (-86.8375 36.1976)
20190059618,01/23/2019 12:56:00 PM,2,0,0,,Y,191578,5,SIDESWIPE - SAME DIRECTION,2,RAIN,1,DAYLIGHT,12,MOTOR VEHICLE IN TRANSPORT,MM 211 1 I 40,NASHVILLE,TN,37210,8008,HERMIT,36.1539,-86.7571,POINT (-86.7571 36.1539)
20190242043,03/28/2019 12:00:00 AM,1,0,0,Y,Y,298859,0,NOT COLLISION W/MOTOR VEHICLE-TRANSPORT,99,UNKNOWN,1,DAYLIGHT,40,MAIL BOX,COLONIAL CIR & MCCAMPBELL AV,NASHVILLE,TN,37214,9401,HERMIT,36.1629,-86.6606,POINT (-86.6606 36.1629)
20190126083,02/15/2019 05:00:00 PM,2,0,0,,Y,240985,11,Front to Rear,2,RAIN,1,DAYLIGHT,12,MOTOR VEHICLE IN TRANSPORT,BLACKMAN RD & EDMONDSON PKE,NASHVILLE,TN,37211,8611,MIDTOW,36.0722,-86.733,POINT (-86.733 36.0722)
20190067715,01/26/2019 03:46:00 AM,2,0,0,,Y,299254,4,ANGLE,21,CLEAR,3,DARK - LIGHTED,12;14,MOTOR VEHICLE IN TRANSPORT;PARKED MOTOR VEHICLE,NOLENSVILLE PKE & HAYWOOD LN,NASHVILLE,TN,37211,8661,MIDTOW,36.0683,-86.7193,POINT (-86.7193 36.0683)
20190520176,07/11/2019 02:44:00 PM,2,0,0,,N,134899,4,ANGLE,21,CLEAR,1,DAYLIGHT,12,MOTOR VEHICLE IN TRANSPORT,LEBANON PKE & HICKORY HILL LN,HERMITAGE,TN,37076,9531,HERMIT,36.1889,-86.6283,POINT (-86.6283 36.1889)
20190004601,01/02/2019 06:37:00 PM,2,0,0,,N,330412,11,Front to Rear,2,RAIN,3,DARK - LIGHTED,12,MOTOR VEHICLE IN TRANSPORT,CHARLOTTE AV & 37TH AVN,NASHVILLE,TN,37209,5229,WEST,36.1527,-86.8294,POINT (-86.8294 36.1527)