Accident Number,Date and Time,Number of Motor Vehicles,Number of Injuries,Number of Fatalities,Property Damage,Hit and Run,Reporting Officer,Collision Type Code,Collision Type Description,Weather Code,Weather Description,Illumination Code,Illumination Description,Harmful Code,Harmful Code Description,Street Address,City,State,ZIP,RPA,Precinct,Latitude,Longitude,Mapped Location
20190432848,06/06/2019 08:15:00 PM,1,1,0,,N,226175,0,NOT COLLISION W/MOTOR VEHICLE-TRANSPORT,2,RAIN,2,DARK - NOT LIGHTED,1,,OLD CHARLOTTE PKE & OLD CHARLOTTE PVTDR,NASHVILLE,TN,37221,4709,WEST,36.1188,-86.9529,POINT (-86.9529 36.1188)
20190250354,04/01/2019 08:30:00 AM,2,0,0,,N,226622,5,SIDESWIPE - SAME DIRECTION,21,CLEAR,1,DAYLIGHT,12,MOTOR VEHICLE IN TRANSPORT,KENNER AV & WOODMONT CIR,NASHVILLE,TN,37205,6021,WEST,36.1203,-86.8414,POINT (-86.8414 36.1203)
20190446088,06/10/2019 09:05:00 AM,2,0,0,,N,224437,4,ANGLE,21,CLEAR,1,DAYLIGHT,12,MOTOR VEHICLE IN TRANSPORT,1417 MURFREESBORO PKE,NASHVILLE,TN,37217,8835,SOUTH,36.114,-86.6918,POINT (-86.6918 36.114)
20190146991,02/23/2019 05:50:00 AM,2,1,0,,N,311336,4,ANGLE,2,RAIN,3,DARK - LIGHTED,12,MOTOR VEHICLE IN TRANSPORT,MM 49 0 I 24,NASHVILLE,TN,37206,10040,EAST,36.1664,-86.7647,POINT (-86.7647 36.1664)
20190577416,08/03/2019 03:11:00 PM,2,0,0,,N,161946,4,ANGLE,21,CLEAR,1,DAYLIGHT,12,MOTOR VEHICLE IN TRANSPORT,W TRINITY LN & LUCAS LN,NASHVILLE,TN,37207,1863,EAST,36.2061,-86.7711,POINT (-86.7711 36.2061)
20190372683,05/15/2019 05:57:00 PM,2,2,0,,N,240955,11,Front to Rear,22,CLOUDY,1,DAYLIGHT,12,MOTOR VEHICLE IN TRANSPORT,BURKITT RD & NOLENSVILLE RD,NOLENSVILLE,TN,37135,8773,SOUTH,35.9912,-86.6831,POINT (-86.6831 35.9912)
20190327702,04/29/2019 12:50:00 AM,2,1,0,,N,298859,11,Front to Rear,99,UNKNOWN,2,DARK - NOT LIGHTED,14,PARKED MOTOR VEHICLE,BELL RD & KOTTAS PL,NASHVILLE,TN,37217,8987,HERMIT,36.1015,-86.6264,POINT (-86.6264 36.1015)
20190486801,06/27/2019 08:08:00 PM,1,1,0,,Y,298858,0,NOT COLLISION W/MOTOR VEHICLE-TRANSPORT,2,RAIN,3,DARK - LIGHTED,8,PEDESTRIAN,6TH AVN & DEADERICK ST,NASHVILLE,TN,37219,4157,CENTRA,36.1644,-86.7826,POINT (-86.7826 36.1644)
20190186110,03/09/2019 05:16:00 AM,1,0,0,,N,298879,0,NOT COLLISION W/MOTOR VEHICLE-TRANSPORT,2,RAIN,2,DARK - NOT LIGHTED,34,DITCH,CUB CREEK RD & CUB CREEK RD PVTDR,NASHVILLE,TN,37209,4707,WEST,36.1798,-86.9812,POINT (-86.9812 36.1798)
20190356142,05/09/2019 11:15:00 AM,1,1,0,Y,N,693093,0,NOT COLLISION W/MOTOR VEHICLE-TRANSPORT,2,RAIN,1,DAYLIGHT,30,UTILITY POLE,200 NESBITT LN,MADISON,TN,37115,1765,MADISO,36.273,-86.7115,POINT (-86.7115 36.273)
20190290136,04/15/2019 10:16:00 PM,2,0,0,,N,197054,4,ANGLE,21,CLEAR,3,DARK - LIGHTED,12,MOTOR VEHICLE IN TRANSPORT,MURFREESBORO PKE & FOOTHILL DR,NASHVILLE,TN,37217,8815,HERMIT,36.1315,-86.7174,POINT (-86.7174 36.1315)
20190413716,05/30/2019 04:49:00 PM,2,0,0,,Y,279208,9,UNKNOWN,21,CLEAR,1,DAYLIGHT,14,PARKED MOTOR VEHICLE,16TH AVS & MCGAVOCK ST,NASHVILLE,TN,37203,5701,MIDTOW,36.153,-86.792,POINT (-86.792 36.153)
20190350391,05/07/2019 11:49:00 AM,3,1,0,,N,226136,4,ANGLE,22,CLOUDY,1,DAYLIGHT,12;7,MOTOR VEHICLE IN TRANSPORT,MM 76 5 I 65,NASHVILLE,TN,37220,71040,MIDTOW,36.0639,-86.7716,POINT (-86.7716 36.0639)
20190480087,06/25/2019 12:25:00 PM,2,0,0,,N,279110,11,Front to Rear,21,CLEAR,1,DAYLIGHT,12,MOTOR VEHICLE IN TRANSPORT,NOLENSVILLE PKE & ELBERTA ST,NASHVILLE,TN,37210,8319,SOUTH,36.1191,-86.7493,POINT (-86.7493 36.1191)
20190315727,04/24/2019 08:10:00 AM,2,0,0,,N,109527,4,ANGLE,21,CLEAR,1,DAYLIGHT,12,MOTOR VEHICLE IN TRANSPORT,THOMPSON PL & MURFREESBORO PKE,NASHVILLE,TN,37217,8821,HERMIT,36.1267,-86.711,POINT (-86.711 36.1267)
20190332333,04/30/2019 03:25:00 PM,1,1,0,,N,151132,0,NOT COLLISION W/MOTOR VEHICLE-TRANSPORT,21,CLEAR,1,DAYLIGHT,1;36;63,CONCRETE TRAFFIC BARRIER;Ran Off Road-Right,BRILEY PKWYE & MOOREWOOD DR,NASHVILLE,TN,37207,20120,MADISO,36.2397,-86.775,POINT (-86.775 36.2397)
20190297135,04/17/2019 10:58:00 PM,2,1,0,,N,256377,11,Front to Rear,21,CLEAR,3,DARK - LIGHTED,12,MOTOR VEHICLE IN TRANSPORT,DONELSON PKE & SHACKLETT DR,NASHVILLE,TN,37214,9411,HERMIT,36.1449,-86.6667,POINT (-86.6667 36.1449)
20190243601,03/29/2019 11:20:00 AM,2,0,0,,N,226136,11,Front to Rear,22,CLOUDY,1,DAYLIGHT,12,MOTOR VEHICLE IN TRANSPORT,MM 209 7 I 40,NASHVILLE,TN,37203,4004,CENTRA,36.1492,-86.7812,POINT (-86.7812 36.1492)
20190009336,01/04/2019 10:39:00 AM,2,0,0,,Y,191578,4,ANGLE,2,RAIN,1,DAYLIGHT,12,MOTOR VEHICLE IN TRANSPORT,MUSIC VALLEY DR & RUDY CIR,NASHVILLE,TN,37214,9213,HERMIT,36.2201,-86.6937,POINT (-86.6937 36.2201)
20190145044,02/22/2019 12:20:00 PM,1,0,0,,N,279227,0,NOT COLLISION W/MOTOR VEHICLE-TRANSPORT,2,RAIN,1,DAYLIGHT,36,CONCRETE TRAFFIC BARRIER,MM 56 3 I 24,NASHVILLE,TN,37211,8708,SOUTH,36.0778,-86.6951,POINT (-86.6951 36.0778)
20190058952,01/23/2019 07:38:00 AM,2,3,0,Y,N,226136,4,ANGLE,22,CLOUDY,1,DAYLIGHT,12,MOTOR VEHICLE IN TRANSPORT,FRANKLIN PKE & NORWOOD DR,NASHVILLE,TN,37204,7013,MIDTOW,36.0988,-86.7721,POINT (-86.7721 36.0988)
20190113239,02/11/2019 03:33:00 PM,2,1,0,,N,179606,11,Front to Rear,2,RAIN,1,DAYLIGHT,12,MOTOR VEHICLE IN TRANSPORT,MM 3 7 I 440,NASHVILLE,TN,37215,6420,MIDTOW,36.116,-86.7951,POINT (-86.7951 36.116)
20190210336,03/18/2019 12:28:00 PM,1,1,0,,N,676834,0,NOT COLLISION W/MOTOR VEHICLE-TRANSPORT,21,CLEAR,1,DAYLIGHT,8,PEDESTRIAN,3900 NORTHSIDE STATION PVTDR,NASHVILLE,TN,37218,3141,NORTH,36.2093,-86.8377,POINT (-86.8377 36.2093)
20190094615,02/04/2019 05:30:00 PM,1,1,0,,Y,279208,0,NOT COLLISION W/MOTOR VEHICLE-TRANSPORT,21,CLEAR,5,DUSK,8,PEDESTRIAN,CHARLOTTE PKE & OCEOLA AV,NASHVILLE,TN,37209,5025,WEST,36.1495,-86.8605,POINT (-86.8605 36.1495)
20190123752,02/14/2019 10:20:00 PM,2,0,0,,N,311800,5,SIDESWIPE - SAME DIRECTION,21,CLEAR,3,DARK - LIGHTED,12,MOTOR VEHICLE IN TRANSPORT,4TH AVS & KOREAN VETERANS BLVD,NASHVILLE,TN,37201,4047,CENTRA,36.1569,-86.7745,POINT (-86.7745 36.1569)
20190482412,06/26/2019 08:41:00 AM,2,1,0,,N,553957,11,Front to Rear,21,CLEAR,1,DAYLIGHT,12,MOTOR VEHICLE IN TRANSPORT,MM 214 1 I 40,NASHVILLE,TN,37210,90062,HERMIT,36.142,-86.7124,POINT (-86.7124 36.142)
20190378629,05/17/2019 12:00:00 AM,4,0,0,,Y,320578,2,HEAD-ON,21,CLEAR,1,DAYLIGHT,14,PARKED MOTOR VEHICLE,BEECHWOOD TER & BELL RD,ANTIOCH,TN,37013,8721,SOUTH,36.0449,-86.6684,POINT (-86.6684 36.0449)
20190434422,06/07/2019 02:10:00 PM,2,0,0,,N,330440,11,Front to Rear,21,CLEAR,1,DAYLIGHT,12,MOTOR VEHICLE IN TRANSPORT,ED TEMPLE BLVD & DR WALTER S DAVIS BLVD,NASHVILLE,TN,37209,4503,NORTH,36.1745,-86.8233,POINT (-86.8233 36.1745)
20190340356,05/03/2019 10:16:00 AM,2,0,0,,N,620072,6,SIDESWIPE - OPPOSITE DIRECTION,22,CLOUDY,1,DAYLIGHT,14,PARKED MOTOR VEHICLE,BELCOURT AV & 19TH AVS,NASHVILLE,TN,37212,6611,MIDTOW,36.1366,-86.7978,POINT (-86.7978 36.1366)
20190260115,04/04/2019 02:00:00 PM,2,0,0,,N,226098,11,Front to Rear,21,CLEAR,1,DAYLIGHT,12,MOTOR VEHICLE IN TRANSPORT,DOUGLAS AV & ROSEDALE AV,NASHVILLE,TN,37207,1905,EAST,36.1937,-86.7576,POINT (-86.7576 36.1937)
20190525999,07/14/2019 03:00:00 AM,1,4,0,,N,330419,0,NOT COLLISION W/MOTOR VEHICLE-TRANSPORT,21,CLEAR,3,DARK - LIGHTED,1,,0 BRILEY PKWYW,NASHVILLE,TN,37207,20141,MADISO,36.2398,-86.7751,POINT (-86.7751 36.2398)
20190354194,05/08/2019 05:44:00 PM,3,0,0,,Y,151132,11,Front to Rear,21,CLEAR,1,DAYLIGHT,12,MOTOR VEHICLE IN TRANSPORT,GALLATIN PKES & BERKLEY DR,MADISON,TN,37115,1519,MADISO,36.247,-86.721,POINT (-86.721 36.247)
20190512726,07/08/2019 06:45:00 PM,2,0,0,,Y,309262,5,SIDESWIPE - SAME DIRECTION,21,CLEAR,1,DAYLIGHT,12,MOTOR VEHICLE IN TRANSPORT,MM 89 0 I 65,NASHVILLE,TN,37207,20020,MADISO,36.2309,-86.7709,POINT (-86.7709 36.2309)
20190175253,03/05/2019 04:35:00 PM,2,1,0,,N,279214,4,ANGLE,21,CLEAR,1,DAYLIGHT,12,MOTOR VEHICLE IN TRANSPORT,BROADWAY & 20TH AVS,NASHVILLE,TN,37203,5711,MIDTOW,36.1496,-86.798,POINT (-86.798 36.1496)
20190062998,01/24/2019 02:42:00 PM,2,0,0,,N,206675,11,Front to Rear,21,CLEAR,1,DAYLIGHT,12,MOTOR VEHICLE IN TRANSPORT,21ST AVS & SCARRITT PL,NASHVILLE,TN,37212,6709,MIDTOW,36.1464,-86.7995,POINT (-86.7995 36.1464)
20190343325,05/04/2019 04:20:00 PM,2,0,0,,N,420040,5,SIDESWIPE - SAME DIRECTION,2,RAIN,1,DAYLIGHT,12,MOTOR VEHICLE IN TRANSPORT,25TH AVN & ELLISTON PL,NASHVILLE,TN,37203,5623,MIDTOW,36.1474,-86.8085,POINT (-86.8085 36.1474)
20190495765,07/01/2019 02:08:00 PM,2,3,0,,N,544481,4,ANGLE,21,CLEAR,1,DAYLIGHT,12,MOTOR VEHICLE IN TRANSPORT,DICKERSON PKE & HILLHURST DR,NASHVILLE,TN,37207,1811,EAST,36.2269,-86.7599,POINT (-86.7599 36.2269)
20190475797,06/23/2019 09:46:00 PM,1,1,0,,N,887598,0,NOT COLLISION W/MOTOR VEHICLE-TRANSPORT,2,RAIN,2,DARK - NOT LIGHTED,36,CONCRETE TRAFFIC BARRIER,BRILEY PKWYW & BRILEY PKWYE,NASHVILLE,TN,37218,3216,NORTH,36.2254,-86.8638,POINT (-86.8638 36.2254)
20190317096,04/24/2019 05:37:00 PM,2,0,0,,N,256419,4,ANGLE,21,CLEAR,1,DAYLIGHT,12,MOTOR VEHICLE IN TRANSPORT,DR D B TODD JR BLVD & MEHARRY BLVD,NASHVILLE,TN,37208,5409,NORTH,36.1677,-86.8059,POINT (-86.8059 36.1677)
20190307014,04/21/2019 06:17:00 PM,1,1,0,,N,256386,9,UNKNOWN,21,CLEAR,1,DAYLIGHT,99,UNKNOWN MOST HARMFUL EVENT,SMITH SPRINGS RD & RURAL HILL RD,NASHVILLE,TN,37217,8965,HERMIT,36.0899,-86.6248,POINT (-86.6248 36.0899)
20190232219,03/25/2019 06:50:00 PM,2,0,0,,Y,240966,11,Front to Rear,21,CLEAR,1,DAYLIGHT,12,MOTOR VEHICLE IN TRANSPORT,HART LN & DICKERSON PKE,NASHVILLE,TN,37207,1887,EAST,36.2217,-86.7617,POINT (-86.7617 36.2217)
20190359652,05/10/2019 03:45:00 PM,2,0,0,,N,256427,11,Front to Rear,22,CLOUDY,1,DAYLIGHT,12,MOTOR VEHICLE IN TRANSPORT,FESSLERS LN & HEATHCOTE AV,NASHVILLE,TN,37210,9011,HERMIT,36.1519,-86.7427,POINT (-86.7427 36.1519)
20190385950,05/20/2019 08:28:00 PM,2,1,0,,N,279124,11,Front to Rear,21,CLEAR,3,DARK - LIGHTED,12,MOTOR VEHICLE IN TRANSPORT,I 24 & I 24,NASHVILLE,TN,37217,8801,SOUTH,36.1318,-86.7265,POINT (-86.7265 36.1318)
20190353433,05/08/2019 12:00:00 PM,2,0,0,,N,676834,4,ANGLE,21,CLEAR,1,DAYLIGHT,12,MOTOR VEHICLE IN TRANSPORT,28TH AVN & HERMAN ST,NASHVILLE,TN,37208,5309,NORTH,36.1616,-86.8192,POINT (-86.8192 36.1616)
20190167435,03/02/2019 07:39:00 PM,2,1,0,,Y,717341,4,ANGLE,21,CLEAR,2,DARK - NOT LIGHTED,12,MOTOR VEHICLE IN TRANSPORT,HARDING PL & JONQUIL DR,NASHVILLE,TN,37211,8705,SOUTH,36.0804,-86.7179,POINT (-86.7179 36.0804)
20190341146,05/03/2019 04:45:00 PM,2,1,0,,N,579971,11,Front to Rear,22,CLOUDY,1,DAYLIGHT,12,MOTOR VEHICLE IN TRANSPORT,BELL RD & THE OVERLOOK PVTDR,ANTIOCH,TN,37013,8865,SOUTH,36.056,-86.6421,POINT (-86.6421 36.056)
20190178653,03/06/2019 04:33:00 PM,2,0,0,,Y,256383,11,Front to Rear,21,CLEAR,1,DAYLIGHT,12,MOTOR VEHICLE IN TRANSPORT,BRILEY PKWY S ENT RAMP & BRILEY PKWYS,NASHVILLE,TN,37217,8811,SOUTH,36.1182,-86.7017,POINT (-86.7017 36.1182)
20190517286,07/10/2019 01:15:00 PM,2,0,0,,N,591936,4,ANGLE,22,CLOUDY,1,DAYLIGHT,12,MOTOR VEHICLE IN TRANSPORT,VAULX LN & INVERNESS AV,NASHVILLE,TN,37204,6953,MIDTOW,36.1239,-86.7813,POINT (-86.7813 36.1239)
20190152760,02/25/2019 01:41:00 PM,2,0,0,,N,256423,11,Front to Rear,21,CLEAR,1,DAYLIGHT,12,MOTOR VEHICLE IN TRANSPORT,I24 E EXT RAMP & I 24,NASHVILLE,TN,37207,30080,NORTH,36.2378,-86.7872,POINT (-86.7872 36.2378)
20190226867,03/23/2019 07:57:00 PM,2,1,0,,N,298858,11,Front to Rear,21,CLEAR,3,DARK - LIGHTED,12,MOTOR VEHICLE IN TRANSPORT,HERMITAGE AV & KOREAN VETERANS BLVD,NASHVILLE,TN,37201,4047,CENTRA,36.1583,-86.7719,POINT (-86.7719 36.1583)
20190005017,01/02/2019 10:17:00 PM,1,1,0,,N,279224,0,NOT COLLISION W/MOTOR VEHICLE-TRANSPORT,2,RAIN,3,DARK - LIGHTED,42;64,TREE;Ran Off Road-Left,I65 N EXT RAMP & I65 N ENT RAMP,NASHVILLE,TN,37207,1863,EAST,36.2061,-86.774,POINT (-86.774 36.2061)
20190412775,05/30/2019 10:51:00 AM,2,0,0,,N,245532,4,ANGLE,22,CLOUDY,1,DAYLIGHT,12,MOTOR VEHICLE IN TRANSPORT,10TH CIRN & JO JOHNSTON AV,NASHVILLE,TN,37203,4207,CENTRA,36.1662,-86.7889,POINT (-86.7889 36.1662)
20190498735,07/02/2019 01:35:00 PM,2,0,0,,Y,420059,9,UNKNOWN,21,CLEAR,1,DAYLIGHT,14;99,PARKED MOTOR VEHICLE;UNKNOWN MOST HARMFUL EVENT,MCNALLY DR & VULCAN DR,NASHVILLE,TN,37211,8511,MIDTOW,36.0929,-86.7464,POINT (-86.7464 36.0929)
20190017350,01/07/2019 07:00:00 PM,2,0,0,,N,725756,11,Front to Rear,22,CLOUDY,2,DARK - NOT LIGHTED,12,MOTOR VEHICLE IN TRANSPORT,MM 197 8 I 40,NASHVILLE,TN,37221,4806,WEST,36.095,-86.9373,POINT (-86.9373 36.095)
20190397326,05/24/2019 11:10:00 AM,2,0,0,,N,419952,5,SIDESWIPE - SAME DIRECTION,21,CLEAR,1,DAYLIGHT,14,PARKED MOTOR VEHICLE,KREITNER DR & HATTERAS WAY,NASHVILLE,TN,37221,4809,WEST,36.0486,-86.9559,POINT (-86.9559 36.0486)
20190491257,06/29/2019 02:51:00 PM,2,0,0,,Y,209184,11,Front to Rear,21,CLEAR,1,DAYLIGHT,12,MOTOR VEHICLE IN TRANSPORT,BELL RD & CANE RIDGE RD,ANTIOCH,TN,37013,8753,SOUTH,36.0449,-86.6631,POINT (-86.6631 36.0449)
20190369601,05/14/2019 06:36:00 PM,2,0,0,,Y,256380,11,Front to Rear,21,CLEAR,1,DAYLIGHT,12,MOTOR VEHICLE IN TRANSPORT,BUCHANAN ST & DR DB TODD JR BLVD,NASHVILLE,TN,37208,4455,NORTH,36.1801,-86.811,POINT (-86.811 36.1801)
20190466056,06/19/2019 08:05:00 PM,1,0,0,,N,420040,0,NOT COLLISION W/MOTOR VEHICLE-TRANSPORT,2,RAIN,2,DARK - NOT LIGHTED,16,THROWN OR FALLING OBJECT,TYNE BLVD & TARA DR,NASHVILLE,TN,37215,6311,MIDTOW,36.0796,-86.822,POINT (-86.822 36.0796)
20190156326,02/26/2019 05:01:00 PM,2,0,0,,N,419972,4,ANGLE,21,CLEAR,1,DAYLIGHT,12,MOTOR VEHICLE IN TRANSPORT,CHARLOTTE PKE & ORLANDO AV,NASHVILLE,TN,37209,5103,WEST,36.1505,-86.8566,POINT (-86.8566 36.1505)
20190280839,04/12/2019 12:00:00 AM,2,1,0,,Y,299265,4,ANGLE,2,RAIN,7,Dark-Unknown Lighting,12,MOTOR VEHICLE IN TRANSPORT,VANDIVER DR & EAGAN CIR,MADISON,TN,37115,1705,MADISO,36.2625,-86.6791,POINT (-86.6791 36.2625)
20190324521,04/27/2019 09:53:00 AM,2,0,0,,N,834798,5,SIDESWIPE - SAME DIRECTION,21,CLEAR,1,DAYLIGHT,12,MOTOR VEHICLE IN TRANSPORT,HARDING PL & FRANKLIN PKE,NASHVILLE,TN,37204,7029,MIDTOW,36.0866,-86.7716,POINT (-86.7716 36.0866)
20190446828,06/12/2019 12:00:00 AM,2,0,0,,Y,633390,9,UNKNOWN,22,CLOUDY,9,UNKNOWN,12;14,MOTOR VEHICLE IN TRANSPORT;PARKED MOTOR VEHICLE,WESLEY AVE & OAKWOOD AVE,NASHVILLE,TN,37207,1835,EAST,36.2062,-86.7551,POINT (-86.7551 36.2062)
20190184072,03/08/2019 11:06:00 AM,1,0,0,Y,N,191578,0,NOT COLLISION W/MOTOR VEHICLE-TRANSPORT,2,RAIN,1,DAYLIGHT,42,TREE,KNOBVIEW DR & TODDWAY CT,NASHVILLE,TN,37214,9307,HERMIT,36.1716,-86.6705,POINT (-86.6705 36.1716)
20190037858,01/15/2019 12:00:00 PM,2,0,0,,N,226622,4,ANGLE,22,CLOUDY,1,DAYLIGHT,12,MOTOR VEHICLE IN TRANSPORT,ABBOTT MARTIN RD & BEDFORD AV,NASHVILLE,TN,37215,6113,WEST,36.1066,-86.8212,POINT (-86.8212 36.1066)
20190256774,04/03/2019 10:00:00 AM,2,0,0,,Y,226098,11,Front to Rear,21,CLEAR,1,DAYLIGHT,14,PARKED MOTOR VEHICLE,306 DUE WEST AVW,MADISON,TN,37115,1779,MADISO,36.2491,-86.7268,POINT (-86.7268 36.2491)
20190030385,01/12/2019 12:17:00 PM,1,0,0,Y,N,493304,0,NOT COLLISION W/MOTOR VEHICLE-TRANSPORT,2,RAIN,1,DAYLIGHT,32;40;63,CULVERT;MAIL BOX;Ran Off Road-Right,MENEES LN & NEELYS BEND RD,MADISON,TN,37115,1621,MADISO,36.2196,-86.6673,POINT (-86.6673 36.2196)
20190363970,05/12/2019 04:50:00 PM,2,0,0,,N,311328,11,Front to Rear,22,CLOUDY,1,DAYLIGHT,12,MOTOR VEHICLE IN TRANSPORT,MM 49 2 I 24,NASHVILLE,TN,37213,1002,CENTRA,36.1637,-86.7625,POINT (-86.7625 36.1637)
20190539676,07/19/2019 10:55:00 AM,2,0,0,,Y,352205,5,SIDESWIPE - SAME DIRECTION,21,CLEAR,1,DAYLIGHT,12,MOTOR VEHICLE IN TRANSPORT,MM 212 0 I 40,NASHVILLE,TN,37210,90041,HERMIT,36.147,-86.7433,POINT (-86.7433 36.147)
20190072952,01/28/2019 10:54:00 AM,3,1,0,,N,279230,11,Front to Rear,21,CLEAR,1,DAYLIGHT,12,MOTOR VEHICLE IN TRANSPORT,HAYWOOD LN & FAULKNER DR,NASHVILLE,TN,37211,8703,SOUTH,36.0682,-86.7107,POINT (-86.7107 36.0682)
20190444260,06/11/2019 02:10:00 PM,2,0,0,,N,420040,11,Front to Rear,21,CLEAR,1,DAYLIGHT,12,MOTOR VEHICLE IN TRANSPORT,21ST AVS & GRAND AV,NASHVILLE,TN,37212,6709,MIDTOW,36.1468,-86.7995,POINT (-86.7995 36.1468)
20190045032,01/17/2019 08:09:00 PM,2,0,0,,N,279224,5,SIDESWIPE - SAME DIRECTION,2,RAIN,3,DARK - LIGHTED,12,MOTOR VEHICLE IN TRANSPORT,FERN AV & WHITES CREEK PKE,NASHVILLE,TN,37207,1867,EAST,36.1955,-86.7751,POINT (-86.7751 36.1955)
20190128174,02/16/2019 01:20:00 PM,2,0,0,,Y,311338,3,REAR-TO-REAR,22,CLOUDY,1,DAYLIGHT,12,MOTOR VEHICLE IN TRANSPORT,0 DR D B TODD JR BLVD,NASHVILLE,TN,37208,5323,NORTH,36.1695,-86.8067,POINT (-86.8067 36.1695)
20190563469,07/29/2019 05:45:00 AM,2,1,0,,N,493301,4,ANGLE,21,CLEAR,4,DAWN,12,MOTOR VEHICLE IN TRANSPORT,TEMPLE RD & HIGHWAY 100,NASHVILLE,TN,37221,4819,WEST,36.0458,-86.9506,POINT (-86.9506 36.0458)
20190471072,06/21/2019 12:06:00 PM,4,1,0,,Y,716886,11,Front to Rear,21,CLEAR,1,DAYLIGHT,12,MOTOR VEHICLE IN TRANSPORT,MM 53 9 I 24,NASHVILLE,TN,37211,88122,SOUTH,36.1073,-86.7197,POINT (-86.7197 36.1073)
20190030640,05/03/2019 12:36:00 PM,2,1,0,,N,620080,5,SIDESWIPE - SAME DIRECTION,22,CLOUDY,1,DAYLIGHT,12,MOTOR VEHICLE IN TRANSPORT,OLD HICKORY BLVD & NOLENSVILLE PKE,ANTIOCH,TN,37013,8757,SOUTH,36.0455,-86.7122,POINT (-86.7122 36.0455)
20190316526,04/24/2019 01:25:00 PM,1,1,0,,Y,620072,0,NOT COLLISION W/MOTOR VEHICLE-TRANSPORT,22,CLOUDY,1,DAYLIGHT,8,PEDESTRIAN,GEORGE L DAVIS BLVD & CHURCH ST,NASHVILLE,TN,37203,4119,CENTRA,36.1584,-86.7906,POINT (-86.7906 36.1584)
20190234369,03/26/2019 11:09:00 AM,2,0,0,,N,191578,4,ANGLE,21,CLEAR,1,DAYLIGHT,12,MOTOR VEHICLE IN TRANSPORT,ELM HILL PKE & MCGAVOCK PKE,NASHVILLE,TN,37214,9115,HERMIT,36.1528,-86.6834,POINT (-86.6834 36.1528)
20190322206,04/26/2019 10:19:00 AM,3,1,0,,N,226622,11,Front to Rear,21,CLEAR,1,DAYLIGHT,12,MOTOR VEHICLE IN TRANSPORT,BOWLING AV & CENTRAL AV,NASHVILLE,TN,37205,5211,WEST,36.137,-86.8264,POINT (-86.8264 36.137)
20190332563,04/30/2019 05:04:00 PM,2,0,0,,N,151132,4,ANGLE,22,CLOUDY,1,DAYLIGHT,12,MOTOR VEHICLE IN TRANSPORT,NESBITT DR & DICKERSON PKE,MADISON,TN,37115,2131,MADISO,36.2776,-86.7508,POINT (-86.7508 36.2776)
20190462408,06/18/2019 02:43:00 PM,4,5,1,,N,352170,11,Front to Rear,21,CLEAR,1,DAYLIGHT,12,MOTOR VEHICLE IN TRANSPORT,MM 2 5 I 440,NASHVILLE,TN,37215,6008,WEST,36.124,-86.8116,POINT (-86.8116 36.124)
20190206975,03/16/2019 10:08:00 PM,2,0,0,,N,110090,5,SIDESWIPE - SAME DIRECTION,21,CLEAR,3,DARK - LIGHTED,12,MOTOR VEHICLE IN TRANSPORT,MT VIEW RD & CROSSINGS BLVD,ANTIOCH,TN,37013,8863,SOUTH,36.0455,-86.6473,POINT (-86.6473 36.0455)
20190211584,03/18/2019 09:38:00 PM,1,0,0,Y,N,429193,0,NOT COLLISION W/MOTOR VEHICLE-TRANSPORT,21,CLEAR,3,DARK - LIGHTED,43,OTHER FIXED OBJECTS,7613 HWY 70 S & HWY 70 S,NASHVILLE,TN,37221,4811,WEST,36.0771,-86.9472,POINT (-86.9472 36.0771)
20190170681,03/04/2019 08:12:00 AM,2,0,0,,N,311804,11,Front to Rear,22,CLOUDY,1,DAYLIGHT,12,MOTOR VEHICLE IN TRANSPORT,INTERSTATE DR & WOODLAND ST,NASHVILLE,TN,37213,1105,CENTRA,36.1705,-86.7684,POINT (-86.7684 36.1705)
20190032500,01/13/2019 01:03:00 PM,1,1,0,Y,N,109527,0,NOT COLLISION W/MOTOR VEHICLE-TRANSPORT,2,RAIN,1,DAYLIGHT,24,GUARDRAIL FACE,I40 E EXT RAMP & I 40,NASHVILLE,TN,37214,8955,HERMIT,36.155,-86.6271,POINT (-86.6271 36.155)
20190011893,01/05/2019 12:40:00 PM,2,1,0,,N,330438,11,Front to Rear,21,CLEAR,1,DAYLIGHT,12,MOTOR VEHICLE IN TRANSPORT,I40 W EXT RAMP & I 40,NASHVILLE,TN,37203,4119,CENTRA,36.1574,-86.79,POINT (-86.79 36.1574)
20190221603,03/21/2019 09:40:00 PM,2,1,0,,N,256412,11,Front to Rear,21,CLEAR,3,DARK - LIGHTED,12,MOTOR VEHICLE IN TRANSPORT,BELL RD & CANE RIDGE RD,ANTIOCH,TN,37013,8753,SOUTH,36.0449,-86.6631,POINT (-86.6631 36.0449)
20190105996,02/08/2019 01:45:00 PM,2,0,0,,N,330431,11,Front to Rear,21,CLEAR,1,DAYLIGHT,12,MOTOR VEHICLE IN TRANSPORT,INTERSTATE DR & JAMES ROBERTSON PKWY,NASHVILLE,TN,37213,1105,CENTRA,36.1714,-86.769,POINT (-86.769 36.1714)
20190019482,01/08/2019 03:36:00 PM,1,0,0,Y,N,161946,0,NOT COLLISION W/MOTOR VEHICLE-TRANSPORT,21,CLEAR,1,DAYLIGHT,24,GUARDRAIL FACE,I24 W ENT RAMP & I 65,NASHVILLE,TN,37207,18041,EAST,36.2216,-86.7738,POINT (-86.7738 36.2216)