Accident Number,Date and Time,Number of Motor Vehicles,Number of Injuries,Number of Fatalities,Property Damage,Hit and Run,Reporting Officer,Collision Type Code,Collision Type Description,Weather Code,Weather Description,Illumination Code,Illumination Description,Harmful Code,Harmful Code Description,Street Address,City,State,ZIP,RPA,Precinct,Latitude,Longitude,Mapped Location
20190072406,01/28/2019 06:39:00 AM,1,0,0,,N,226622,0,NOT COLLISION W/MOTOR VEHICLE-TRANSPORT,21,CLEAR,1,DAYLIGHT,50,DEER (ANIMAL),HIGHWAY 100 & HESTER BEASLEY RD,NASHVILLE,TN,37221,4805,WEST,36.02,-87.0282,POINT (-87.0282 36.02)
20190259719,04/04/2019 11:20:00 AM,3,2,0,,N,716886,11,Front to Rear,21,CLEAR,1,DAYLIGHT,12,MOTOR VEHICLE IN TRANSPORT,I24 W EXT RAMP & I 24,NASHVILLE,TN,37211,8829,SOUTH,36.1074,-86.7197,POINT (-86.7197 36.1074)
20190112466,02/11/2019 03:06:00 AM,1,0,0,Y,Y,311331,0,NOT COLLISION W/MOTOR VEHICLE-TRANSPORT,99,UNKNOWN,3,DARK - LIGHTED,19,BUILDING,MAIN ST & SPRING ST,NASHVILLE,TN,37206,1113,EAST,36.1728,-86.7653,POINT (-86.7653 36.1728)
20190052807,01/21/2019 02:25:00 AM,1,0,0,,Y,279201,0,NOT COLLISION W/MOTOR VEHICLE-TRANSPORT,21,CLEAR,2,DARK - NOT LIGHTED,1,,MM 212 2 I 40,NASHVILLE,TN,37210,90041,HERMIT,36.1458,-86.7414,POINT (-86.7414 36.1458)
20190082702,01/31/2019 07:49:00 AM,2,0,0,,Y,200016,5,SIDESWIPE - SAME DIRECTION,21,CLEAR,1,DAYLIGHT,12,MOTOR VEHICLE IN TRANSPORT,MAIN ST & SPRING ST,NASHVILLE,TN,37206,1113,EAST,36.1728,-86.7653,POINT (-86.7653 36.1728)
20190522488,07/12/2019 01:57:00 PM,1,0,0,Y,N,306231,0,NOT COLLISION W/MOTOR VEHICLE-TRANSPORT,21,CLEAR,1,DAYLIGHT,38,FENCE,ROSA L PARKS BLVD & MAINSTREAM DR,NASHVILLE,TN,37228,4483,NORTH,36.1925,-86.8157,POINT (-86.8157 36.1925)
20190279448,04/11/2019 04:22:00 PM,2,0,0,,N,206675,4,ANGLE,21,CLEAR,1,DAYLIGHT,12,MOTOR VEHICLE IN TRANSPORT,NOLENSVILLE PKE & OLD HICKORY BLVD,NASHVILLE,TN,37211,8717,SOUTH,36.0454,-86.7133,POINT (-86.7133 36.0454)
20190241626,03/28/2019 07:34:00 PM,1,0,0,,N,279124,0,NOT COLLISION W/MOTOR VEHICLE-TRANSPORT,21,CLEAR,2,DARK - NOT LIGHTED,7,,MT VIEW RD & SANTI LN,ANTIOCH,TN,37013,8865,SOUTH,36.0492,-86.6261,POINT (-86.6261 36.0492)
20190175239,03/05/2019 04:36:00 PM,2,0,0,,Y,206964,11,Front to Rear,21,CLEAR,1,DAYLIGHT,12,MOTOR VEHICLE IN TRANSPORT,MM 56 4 I 24,NASHVILLE,TN,37211,8810,SOUTH,36.0776,-86.6947,POINT (-86.6947 36.0776)
20190161033,02/28/2019 08:40:00 AM,4,0,0,,N,429188,11,Front to Rear,21,CLEAR,1,DAYLIGHT,12,MOTOR VEHICLE IN TRANSPORT,MM 58 9 I 24,ANTIOCH,TN,37013,87061,SOUTH,36.0494,-86.6662,POINT (-86.6662 36.0494)
20190405124,05/27/2019 06:25:00 PM,2,1,0,,N,197047,4,ANGLE,21,CLEAR,1,DAYLIGHT,12,MOTOR VEHICLE IN TRANSPORT,ROSEBANK AV & EASTLAND AV,NASHVILLE,TN,37206,1357,EAST,36.1859,-86.7106,POINT (-86.7106 36.1859)
20190064914,01/25/2019 07:15:00 AM,2,0,0,,N,226600,11,Front to Rear,21,CLEAR,1,DAYLIGHT,12,MOTOR VEHICLE IN TRANSPORT,OLD HICKORY BLVD & EDINBURGH DR,NASHVILLE,TN,37221,6215,WEST,36.0514,-86.8855,POINT (-86.8855 36.0514)
20190483371,06/26/2019 03:00:00 PM,2,0,0,,N,212330,5,SIDESWIPE - SAME DIRECTION,2,RAIN,1,DAYLIGHT,12,MOTOR VEHICLE IN TRANSPORT,THOMPSON LN & MASHBURN RD,NASHVILLE,TN,37211,8423,SOUTH,36.1097,-86.731,POINT (-86.731 36.1097)
20190197757,03/13/2019 04:01:00 PM,2,0,0,,N,256426,11,Front to Rear,21,CLEAR,1,DAYLIGHT,12,MOTOR VEHICLE IN TRANSPORT,MM 212 0 I 40,NASHVILLE,TN,37210,90041,HERMIT,36.147,-86.7433,POINT (-86.7433 36.147)
20190285319,04/14/2019 01:20:00 AM,2,0,0,,N,256493,5,SIDESWIPE - SAME DIRECTION,2,RAIN,3,DARK - LIGHTED,12;36,MOTOR VEHICLE IN TRANSPORT;CONCRETE TRAFFIC BARRIER,MM 215 0 I 40,NASHVILLE,TN,37214,91021,HERMIT,36.1444,-86.6948,POINT (-86.6948 36.1444)
20190499103,07/02/2019 04:23:00 PM,2,1,0,,N,256380,4,ANGLE,21,CLEAR,1,DAYLIGHT,12,MOTOR VEHICLE IN TRANSPORT,MM 34 2 I 24,JOELTON,TN,37080,33160,NORTH,36.3259,-86.8824,POINT (-86.8824 36.3259)
20190484092,06/26/2019 09:01:00 PM,2,1,0,,N,256383,5,SIDESWIPE - SAME DIRECTION,2,RAIN,3,DARK - LIGHTED,12,MOTOR VEHICLE IN TRANSPORT,HICKORY HOLLOW MALL PVTDR PL & BELL RD,ANTIOCH,TN,37013,8871,SOUTH,36.0494,-86.6518,POINT (-86.6518 36.0494)
20190181286,03/07/2019 01:01:00 PM,2,0,0,,Y,716886,5,SIDESWIPE - SAME DIRECTION,21,CLEAR,1,DAYLIGHT,12,MOTOR VEHICLE IN TRANSPORT,MM 59 0 I 24,ANTIOCH,TN,37013,8808,SOUTH,36.049,-86.6651,POINT (-86.6651 36.049)
20190148103,02/23/2019 05:25:00 PM,2,0,0,,N,433550,11,Front to Rear,2,RAIN,3,DARK - LIGHTED,12,MOTOR VEHICLE IN TRANSPORT,LEBANON PKE & LEBANON PKE WB EXT RAMP,HERMITAGE,TN,37076,9507,HERMIT,36.1995,-86.6194,POINT (-86.6194 36.1995)
20190122719,02/14/2019 01:59:00 PM,2,0,0,,N,224955,11,Front to Rear,22,CLOUDY,1,DAYLIGHT,12,MOTOR VEHICLE IN TRANSPORT,GALLATIN PKEN & EDGEMEADE BLVD,MADISON,TN,37115,1719,MADISO,36.2829,-86.7072,POINT (-86.7072 36.2829)
20190062547,01/24/2019 11:38:00 AM,2,0,0,,N,414668,5,SIDESWIPE - SAME DIRECTION,21,CLEAR,1,DAYLIGHT,12,MOTOR VEHICLE IN TRANSPORT,MM 87 3 I 65,NASHVILLE,TN,37207,1804,EAST,36.2068,-86.7762,POINT (-86.7762 36.2068)
20190565926,07/30/2019 06:33:00 AM,2,1,0,,N,420035,5,SIDESWIPE - SAME DIRECTION,21,CLEAR,4,DAWN,12,MOTOR VEHICLE IN TRANSPORT,MM 89 2 I 65,NASHVILLE,TN,37207,18062,EAST,36.233,-86.7685,POINT (-86.7685 36.233)
20190082969,01/31/2019 09:45:00 AM,2,0,0,,N,462474,11,Front to Rear,21,CLEAR,1,DAYLIGHT,12,MOTOR VEHICLE IN TRANSPORT,OLD HICKORY BLVD & I65 S EXT RAMP,NASHVILLE,TN,37220,7111,MIDTOW,36.0377,-86.7848,POINT (-86.7848 36.0377)
20190103903,02/07/2019 07:00:00 PM,1,0,0,,N,256427,0,NOT COLLISION W/MOTOR VEHICLE-TRANSPORT,2,RAIN,3,DARK - LIGHTED,34,DITCH,SPENCE LN & ELM HILL PKE,NASHVILLE,TN,37210,9015,HERMIT,36.1427,-86.7219,POINT (-86.7219 36.1427)
20190366567,05/13/2019 05:24:00 PM,2,0,0,,N,256383,5,SIDESWIPE - SAME DIRECTION,22,CLOUDY,1,DAYLIGHT,12,MOTOR VEHICLE IN TRANSPORT,OLD HICKORY BLVD & FIRESTONE PKWY,ANTIOCH,TN,37013,8867,SOUTH,36.017,-86.6199,POINT (-86.6199 36.017)
20190342297,05/04/2019 02:30:00 AM,1,0,0,Y,Y,169414,0,NOT COLLISION W/MOTOR VEHICLE-TRANSPORT,2,RAIN,2,DARK - NOT LIGHTED,42,TREE,CULBERTSON RD & CALDERWOOD DR,ANTIOCH,TN,37013,8767,SOUTH,36.0141,-86.6816,POINT (-86.6816 36.0141)
20190458892,06/16/2019 06:00:00 PM,2,0,0,,Y,279230,11,Front to Rear,21,CLEAR,2,DARK - NOT LIGHTED,14,PARKED MOTOR VEHICLE,FANNING DR & DOWDY DR,ANTIOCH,TN,37013,8899,SOUTH,36.0707,-86.6733,POINT (-86.6733 36.0707)
20190247918,03/31/2019 07:48:00 AM,1,1,0,,N,402660,0,NOT COLLISION W/MOTOR VEHICLE-TRANSPORT,22,CLOUDY,1,DAYLIGHT,72,EMBANKMENT ROCK/STONE/CONCRETE,MM 0 0 I 440,NASHVILLE,TN,37205,5240,WEST,36.1425,-86.8229,POINT (-86.8229 36.1425)
20190355706,05/09/2019 07:00:00 AM,2,0,0,,Y,222047,4,ANGLE,22,CLOUDY,1,DAYLIGHT,12,MOTOR VEHICLE IN TRANSPORT,MURFREESBORO PKE & LAKEVILLA DR,ANTIOCH,TN,37013,8861,SOUTH,36.0767,-86.6409,POINT (-86.6409 36.0767)
20190025554,01/10/2019 05:27:00 PM,2,1,0,,Y,256426,11,Front to Rear,21,CLEAR,3,DARK - LIGHTED,12,MOTOR VEHICLE IN TRANSPORT,MM 212 1 I 40,NASHVILLE,TN,37210,90041,HERMIT,36.1463,-86.7422,POINT (-86.7422 36.1463)
20190449078,06/13/2019 08:02:00 AM,2,0,0,,N,909494,5,SIDESWIPE - SAME DIRECTION,21,CLEAR,1,DAYLIGHT,12,MOTOR VEHICLE IN TRANSPORT,DICKERSON PKE & DICKERSON PKE NB ENT RAM,NASHVILLE,TN,37207,1961,EAST,36.1812,-86.7736,POINT (-86.7736 36.1812)
20190004380,01/02/2019 04:50:00 PM,2,0,0,,N,298837,4,ANGLE,2,RAIN,5,DUSK,12,MOTOR VEHICLE IN TRANSPORT,WOODLAND ST & S 10TH ST,NASHVILLE,TN,37206,1201,EAST,36.177,-86.7512,POINT (-86.7512 36.177)
20190256433,04/03/2019 08:15:00 AM,2,1,0,,N,223502,5,SIDESWIPE - SAME DIRECTION,21,CLEAR,1,DAYLIGHT,12,MOTOR VEHICLE IN TRANSPORT,MURFREESBORO PKE & FESSLERS LN,NASHVILLE,TN,37210,8117,SOUTH,36.1427,-86.744,POINT (-86.744 36.1427)
20190155939,02/26/2019 01:50:00 PM,2,0,0,,N,226600,4,ANGLE,22,CLOUDY,1,DAYLIGHT,12,MOTOR VEHICLE IN TRANSPORT,HARDING PKE & POST RD,NASHVILLE,TN,37205,6123,WEST,36.1043,-86.8692,POINT (-86.8692 36.1043)
20190146643,02/23/2019 12:00:00 AM,1,0,0,Y,Y,197055,0,NOT COLLISION W/MOTOR VEHICLE-TRANSPORT,2,RAIN,3,DARK - LIGHTED,7,,CANE RIDGE RD & OLD FRANKLIN RD,ANTIOCH,TN,37013,8751,SOUTH,36.0316,-86.654,POINT (-86.654 36.0316)
20190334650,05/01/2019 07:50:00 AM,2,0,0,,N,223502,5,SIDESWIPE - SAME DIRECTION,21,CLEAR,1,DAYLIGHT,12,MOTOR VEHICLE IN TRANSPORT,I24 W EXT RAMP & I 24,NASHVILLE,TN,37211,8829,SOUTH,36.1074,-86.7197,POINT (-86.7197 36.1074)
20190534127,07/17/2019 10:02:00 AM,2,1,0,,N,716886,4,ANGLE,2,RAIN,1,DAYLIGHT,12,MOTOR VEHICLE IN TRANSPORT,MM 58 8 I 24,ANTIOCH,TN,37013,87061,SOUTH,36.0506,-86.6683,POINT (-86.6683 36.0506)
20190488932,06/28/2019 02:40:00 PM,1,1,0,,N,299264,0,NOT COLLISION W/MOTOR VEHICLE-TRANSPORT,21,CLEAR,1,DAYLIGHT,8,PEDESTRIAN,5TH AVN & CHARLOTTE AV,NASHVILLE,TN,37219,4203,CENTRA,36.1659,-86.7819,POINT (-86.7819 36.1659)
20190104299,02/07/2019 10:19:00 PM,2,0,0,,Y,256377,5,SIDESWIPE - SAME DIRECTION,21,CLEAR,3,DARK - LIGHTED,12,MOTOR VEHICLE IN TRANSPORT,MM 51 4 I 24,NASHVILLE,TN,37210,82061,HERMIT,36.1388,-86.7284,POINT (-86.7284 36.1388)
20190228542,03/24/2019 03:21:00 PM,2,0,0,,N,179583,11,Front to Rear,21,CLEAR,1,DAYLIGHT,12,MOTOR VEHICLE IN TRANSPORT,MM 51 5 I 24,NASHVILLE,TN,37210,9004,HERMIT,36.1404,-86.7287,POINT (-86.7287 36.1404)
20190206025,03/16/2019 04:18:00 PM,2,1,0,,N,279214,11,Front to Rear,21,CLEAR,1,DAYLIGHT,12,MOTOR VEHICLE IN TRANSPORT,GRANDVIEW AV & MELROSE AV,NASHVILLE,TN,37211,8309,MIDTOW,36.1212,-86.7517,POINT (-86.7517 36.1212)
20190340645,05/03/2019 12:30:00 PM,1,1,0,,N,262766,0,NOT COLLISION W/MOTOR VEHICLE-TRANSPORT,2,RAIN,1,DAYLIGHT,42,TREE,RIVER ROAD PKE & RIVER ROAD PKE PVTDR,NASHVILLE,TN,37209,4705,WEST,36.2021,-86.9796,POINT (-86.9796 36.2021)
20190100343,02/06/2019 01:23:00 PM,2,0,0,,Y,330431,5,SIDESWIPE - SAME DIRECTION,2,RAIN,1,DAYLIGHT,12,MOTOR VEHICLE IN TRANSPORT,MM 49 6 I 24,NASHVILLE,TN,37210,4008,CENTRA,36.1571,-86.7604,POINT (-86.7604 36.1571)
20190127201,02/16/2019 04:00:00 AM,1,0,0,Y,N,320598,0,NOT COLLISION W/MOTOR VEHICLE-TRANSPORT,22,CLOUDY,3,DARK - LIGHTED,38,FENCE,MCMURRAY DR & TUSCULUM RD,NASHVILLE,TN,37211,8659,MIDTOW,36.0587,-86.7227,POINT (-86.7227 36.0587)
20190304248,04/20/2019 10:29:00 AM,1,0,0,Y,N,110063,0,NOT COLLISION W/MOTOR VEHICLE-TRANSPORT,2,RAIN,1,DAYLIGHT,24,GUARDRAIL FACE,MM 88 8 I 65,NASHVILLE,TN,37207,20021,MADISO,36.2285,-86.7727,POINT (-86.7727 36.2285)
20190278604,04/11/2019 11:06:00 AM,2,0,0,,N,267831,5,SIDESWIPE - SAME DIRECTION,22,CLOUDY,1,DAYLIGHT,12,MOTOR VEHICLE IN TRANSPORT,CHARLOTTE AV & 53RD AVN,NASHVILLE,TN,37209,5123,WEST,36.1519,-86.8511,POINT (-86.8511 36.1519)
20190174214,03/05/2019 08:53:00 AM,2,0,0,,N,402653,2,HEAD-ON,21,CLEAR,1,DAYLIGHT,55,Motor Vehicle-In-Motion Outside Trafficw,7TH AVN & UNION ST,NASHVILLE,TN,37219,4143,CENTRA,36.1633,-86.7834,POINT (-86.7834 36.1633)
20190389690,05/22/2019 01:30:00 AM,2,0,0,,N,279201,11,Front to Rear,21,CLEAR,2,DARK - NOT LIGHTED,12,MOTOR VEHICLE IN TRANSPORT,MM 212 4 I 40,NASHVILLE,TN,37210,82060,HERMIT,36.1441,-86.7389,POINT (-86.7389 36.1441)
20190567322,07/30/2019 05:41:00 PM,2,1,0,,N,299257,11,Front to Rear,2,RAIN,1,DAYLIGHT,12,MOTOR VEHICLE IN TRANSPORT,VAULX LN & KIRKWOOD AV,NASHVILLE,TN,37204,6935,MIDTOW,36.1203,-86.7792,POINT (-86.7792 36.1203)
20190545249,07/21/2019 08:54:00 PM,2,0,0,,Y,256383,6,SIDESWIPE - OPPOSITE DIRECTION,21,CLEAR,2,DARK - NOT LIGHTED,12,MOTOR VEHICLE IN TRANSPORT,HICKORY HOLLOW PKWY & MT VIEW RD,ANTIOCH,TN,37013,8861,SOUTH,36.0588,-86.6704,POINT (-86.6704 36.0588)
20190049876,01/19/2019 06:13:00 PM,2,0,0,,Y,320580,11,Front to Rear,2,RAIN,3,DARK - LIGHTED,12,MOTOR VEHICLE IN TRANSPORT,STEWARTS FERRY PKE & HICKORY PL,NASHVILLE,TN,37214,9407,HERMIT,36.1586,-86.6408,POINT (-86.6408 36.1586)
20190011953,01/05/2019 01:41:00 PM,2,0,0,,N,279230,11,Front to Rear,21,CLEAR,1,DAYLIGHT,12,MOTOR VEHICLE IN TRANSPORT,MM 57 6 I 24,ANTIOCH,TN,37013,87060,SOUTH,36.0629,-86.6829,POINT (-86.6829 36.0629)
20190262677,04/05/2019 12:10:00 PM,1,0,0,Y,Y,320592,0,NOT COLLISION W/MOTOR VEHICLE-TRANSPORT,22,CLOUDY,1,DAYLIGHT,40,MAIL BOX,SWINGING BRIDGE RD & HICKERSON ST,OLD HICKORY,TN,37138,9705,HERMIT,36.2776,-86.67,POINT (-86.67 36.2776)
20190185445,03/08/2019 10:55:00 PM,1,0,0,Y,N,256382,0,NOT COLLISION W/MOTOR VEHICLE-TRANSPORT,2,RAIN,3,DARK - LIGHTED,40,MAIL BOX,PLANTATION DR & BONNASPRING DR,HERMITAGE,TN,37076,9615,HERMIT,36.2104,-86.6336,POINT (-86.6336 36.2104)
20190510452,07/07/2019 02:00:00 PM,2,3,0,,N,320575,6,SIDESWIPE - OPPOSITE DIRECTION,21,CLEAR,1,DAYLIGHT,12,MOTOR VEHICLE IN TRANSPORT,RURAL HILL RD & TOOK DR,ANTIOCH,TN,37013,8861,SOUTH,36.0687,-86.6398,POINT (-86.6398 36.0687)
20190143567,02/22/2019 02:03:00 AM,1,0,0,,N,330414,0,NOT COLLISION W/MOTOR VEHICLE-TRANSPORT,21,CLEAR,2,DARK - NOT LIGHTED,8,PEDESTRIAN,4TH AVS & SYMPHONY PL,NASHVILLE,TN,37203,4091,CENTRA,36.1603,-86.7768,POINT (-86.7768 36.1603)
20190074010,01/28/2019 06:37:00 PM,2,2,0,,N,256411,4,ANGLE,2,RAIN,3,DARK - LIGHTED,12,MOTOR VEHICLE IN TRANSPORT,28TH AVN & JOHN A MERRITT BLVD,NASHVILLE,TN,37209,4521,NORTH,36.1678,-86.8208,POINT (-86.8208 36.1678)
20190469618,06/20/2019 11:00:00 PM,2,1,0,,N,256492,5,SIDESWIPE - SAME DIRECTION,21,CLEAR,3,DARK - LIGHTED,12,MOTOR VEHICLE IN TRANSPORT,MM 211 7 I 40,NASHVILLE,TN,37210,82042,HERMIT,36.1499,-86.7483,POINT (-86.7483 36.1499)
20190410522,05/29/2019 02:51:00 PM,2,0,0,,Y,206675,5,SIDESWIPE - SAME DIRECTION,21,CLEAR,1,DAYLIGHT,12,MOTOR VEHICLE IN TRANSPORT,NOLENSVILLE PKE & HARDING PL,NASHVILLE,TN,37211,8501,MIDTOW,36.0807,-86.7267,POINT (-86.7267 36.0807)
20190030771,01/12/2019 05:40:00 PM,2,0,0,,N,311328,4,ANGLE,2,RAIN,3,DARK - LIGHTED,12,MOTOR VEHICLE IN TRANSPORT,8TH AVS & LAFAYETTE ST,NASHVILLE,TN,37203,4043,CENTRA,36.1546,-86.7792,POINT (-86.7792 36.1546)
20190418433,06/01/2019 11:09:00 AM,1,1,0,,N,834798,0,NOT COLLISION W/MOTOR VEHICLE-TRANSPORT,21,CLEAR,1,DAYLIGHT,8,PEDESTRIAN,ACKLEN AV & ELLIOTT AV,NASHVILLE,TN,37204,6917,MIDTOW,36.133,-86.7841,POINT (-86.7841 36.133)
20190383588,05/19/2019 10:20:00 PM,2,0,0,,Y,279216,11,Front to Rear,21,CLEAR,3,DARK - LIGHTED,12,MOTOR VEHICLE IN TRANSPORT,BRILEY PKWY W EXT RAMP & BRILEY PKWY W E,NASHVILLE,TN,37207,2033,MADISO,36.2392,-86.7799,POINT (-86.7799 36.2392)
20190543739,07/21/2019 02:44:00 AM,2,0,0,,N,298871,2,HEAD-ON,21,CLEAR,3,DARK - LIGHTED,12,MOTOR VEHICLE IN TRANSPORT,CHURCH ST & 16TH AVN,NASHVILLE,TN,37203,5519,MIDTOW,36.1562,-86.7953,POINT (-86.7953 36.1562)
20190344356,05/05/2019 05:10:00 AM,1,1,0,,N,169414,0,NOT COLLISION W/MOTOR VEHICLE-TRANSPORT,22,CLOUDY,2,DARK - NOT LIGHTED,24;36,GUARDRAIL FACE;CONCRETE TRAFFIC BARRIER,MM 62 0 I24,ANTIOCH,TN,37013,87040,SOUTH,36.0176,-86.6244,POINT (-86.6244 36.0176)
20190216342,03/20/2019 07:52:00 AM,1,1,0,,N,191578,0,NOT COLLISION W/MOTOR VEHICLE-TRANSPORT,21,CLEAR,1,DAYLIGHT,9,,LEBANON PKE & HICKORY HILL LN,HERMITAGE,TN,37076,9531,HERMIT,36.1889,-86.6283,POINT (-86.6283 36.1889)
20190391155,05/22/2019 12:42:00 PM,2,0,0,,N,676834,11,Front to Rear,21,CLEAR,1,DAYLIGHT,12,MOTOR VEHICLE IN TRANSPORT,CHARLOTTE AV & 17TH AVN,NASHVILLE,TN,37203,5503,MIDTOW,36.1588,-86.7982,POINT (-86.7982 36.1588)
20190415508,05/31/2019 08:00:00 AM,1,1,0,,Y,191578,0,NOT COLLISION W/MOTOR VEHICLE-TRANSPORT,21,CLEAR,1,DAYLIGHT,8,PEDESTRIAN,MURFREESBORO PKE & THOMPSON PL,NASHVILLE,TN,37217,8817,HERMIT,36.1266,-86.7111,POINT (-86.7111 36.1266)
20190194051,03/12/2019 11:45:00 AM,2,0,0,,N,223502,4,ANGLE,21,CLEAR,1,DAYLIGHT,12,MOTOR VEHICLE IN TRANSPORT,MM 6 8 I 440,NASHVILLE,TN,37210,81040,SOUTH,36.1244,-86.7398,POINT (-86.7398 36.1244)
20190164822,03/01/2019 05:22:00 PM,2,2,0,,N,151132,4,ANGLE,2,RAIN,1,DAYLIGHT,12,MOTOR VEHICLE IN TRANSPORT,DICKERSON PKE & TUCKAHOE DR,MADISON,TN,37115,2019,MADISO,36.2604,-86.7577,POINT (-86.7577 36.2604)
20190362686,05/12/2019 12:22:00 AM,2,1,0,,N,110064,5,SIDESWIPE - SAME DIRECTION,2,RAIN,3,DARK - LIGHTED,12,MOTOR VEHICLE IN TRANSPORT,BRILEY PKWYN & EAST THOMPSON LN,NASHVILLE,TN,37211,8423,SOUTH,36.1095,-86.7281,POINT (-86.7281 36.1095)
20190514218,07/09/2019 10:25:00 AM,2,2,0,,N,633385,4,ANGLE,21,CLEAR,1,DAYLIGHT,12,MOTOR VEHICLE IN TRANSPORT,MM 57 3 I 24,ANTIOCH,TN,37013,88080,SOUTH,36.0663,-86.6861,POINT (-86.6861 36.0663)
20190254690,04/02/2019 06:42:00 PM,3,0,0,Y,Y,256380,98,OTHER,21,CLEAR,3,DARK - LIGHTED,12;14,MOTOR VEHICLE IN TRANSPORT;PARKED MOTOR VEHICLE,VIKING RD & LEAWOOD DR,NASHVILLE,TN,37218,3173,NORTH,36.1792,-86.8356,POINT (-86.8356 36.1792)
20190464709,06/19/2019 09:51:00 AM,2,0,0,,N,474557,11,Front to Rear,22,CLOUDY,1,DAYLIGHT,12,MOTOR VEHICLE IN TRANSPORT,NOLENSVILLE PKE & FLORA MAXWELL RD,NASHVILLE,TN,37211,8701,SOUTH,36.0751,-86.7249,POINT (-86.7249 36.0751)
20190493678,06/30/2019 05:13:00 PM,2,2,0,,N,579971,11,Front to Rear,21,CLEAR,1,DAYLIGHT,12,MOTOR VEHICLE IN TRANSPORT,HAYWOOD LN & EAST RIDGE DR,NASHVILLE,TN,37211,8707,SOUTH,36.07,-86.6985,POINT (-86.6985 36.07)
20190522818,07/12/2019 04:21:00 PM,2,0,0,,N,299266,11,Front to Rear,21,CLEAR,1,DAYLIGHT,12,MOTOR VEHICLE IN TRANSPORT,MM 57 6 I 24,ANTIOCH,TN,37013,87060,SOUTH,36.0629,-86.6829,POINT (-86.6829 36.0629)
20190343848,05/04/2019 11:00:00 PM,2,0,0,,N,279117,11,Front to Rear,2,RAIN,2,DARK - NOT LIGHTED,12,MOTOR VEHICLE IN TRANSPORT,MM 86 6 I 65,NASHVILLE,TN,37207,3002,NORTH,36.1959,-86.7761,POINT (-86.7761 36.1959)
20190089640,02/02/2019 05:50:00 PM,2,0,0,,N,311328,5,SIDESWIPE - SAME DIRECTION,21,CLEAR,3,DARK - LIGHTED,12,MOTOR VEHICLE IN TRANSPORT,2ND AVN & CHURCH ST,NASHVILLE,TN,37201,4133,CENTRA,36.1646,-86.7769,POINT (-86.7769 36.1646)
20190446484,06/12/2019 08:15:00 AM,2,0,0,,N,279206,4,ANGLE,22,CLOUDY,1,DAYLIGHT,12,MOTOR VEHICLE IN TRANSPORT,BIG HORN CT & BIG HORN DR,OLD HICKORY,TN,37138,9729,HERMIT,36.2218,-86.586,POINT (-86.586 36.2218)
20190162188,02/28/2019 05:42:00 PM,2,0,0,,N,151132,11,Front to Rear,22,CLOUDY,5,DUSK,12,MOTOR VEHICLE IN TRANSPORT,DICKERSON PKE & BARNETT DR,NASHVILLE,TN,37207,2035,MADISO,36.2685,-86.756,POINT (-86.756 36.2685)
20190368110,05/14/2019 07:13:00 AM,1,0,0,Y,N,110063,0,NOT COLLISION W/MOTOR VEHICLE-TRANSPORT,21,CLEAR,1,DAYLIGHT,31,"OTHER POST, POLE, SUPP.",MM 87 6 I 65,NASHVILLE,TN,37207,1804,EAST,36.2107,-86.7758,POINT (-86.7758 36.2107)
20190563689,07/29/2019 08:15:00 AM,2,0,0,,N,620057,11,Front to Rear,21,CLEAR,1,DAYLIGHT,12,MOTOR VEHICLE IN TRANSPORT,N DUPONT AV & MYATT DR,MADISON,TN,37115,1705,MADISO,36.2665,-86.6901,POINT (-86.6901 36.2665)
20190145953,02/22/2019 07:43:00 PM,2,0,0,,N,579971,11,Front to Rear,2,RAIN,3,DARK - LIGHTED,12,MOTOR VEHICLE IN TRANSPORT,CROSSINGS BLVD & MT VIEW RD,ANTIOCH,TN,37013,8863,SOUTH,36.0455,-86.6473,POINT (-86.6473 36.0455)
20190101035,02/06/2019 06:46:00 PM,1,0,0,,N,607047,0,NOT COLLISION W/MOTOR VEHICLE-TRANSPORT,2,RAIN,3,DARK - LIGHTED,3,,BROOK HOLLOW RD & JOCELYN HOLLOW RD,NASHVILLE,TN,37205,4907,WEST,36.1042,-86.8841,POINT (-86.8841 36.1042)
20190288620,04/15/2019 08:22:00 AM,2,0,0,,Y,226622,4,ANGLE,21,CLEAR,1,DAYLIGHT,12,MOTOR VEHICLE IN TRANSPORT,CLOFTON DR & OLD HARDING PKE,NASHVILLE,TN,37221,4819,WEST,36.0638,-86.9397,POINT (-86.9397 36.0638)
20190562831,07/28/2019 10:22:00 PM,2,1,0,,N,224437,0,NOT COLLISION W/MOTOR VEHICLE-TRANSPORT,21,CLEAR,3,DARK - LIGHTED,12;24;63,MOTOR VEHICLE IN TRANSPORT;GUARDRAIL FACE;Ran Off Road-Right,200 HAYWOOD LN,NASHVILLE,TN,37211,8707,SOUTH,36.0697,-86.694,POINT (-86.694 36.0697)
20190348063,05/06/2019 05:05:00 PM,2,0,0,,N,579971,4,ANGLE,21,CLEAR,1,DAYLIGHT,12,MOTOR VEHICLE IN TRANSPORT,ANTIOCH PKE & JANSING DR,NASHVILLE,TN,37211,8889,SOUTH,36.0839,-86.6895,POINT (-86.6895 36.0839)
20190565461,07/30/2019 12:00:00 AM,2,0,0,,N,330419,11,Front to Rear,21,CLEAR,3,DARK - LIGHTED,12,MOTOR VEHICLE IN TRANSPORT,I65 S EXT RAMP & I 65,MADISON,TN,37115,20044,MADISO,36.2481,-86.743,POINT (-86.743 36.2481)
20190300286,04/18/2019 10:08:00 PM,2,1,0,,Y,676824,11,Front to Rear,2,RAIN,3,DARK - LIGHTED,12;14,MOTOR VEHICLE IN TRANSPORT;PARKED MOTOR VEHICLE,1800 DR D B TODD JR BLVD,NASHVILLE,TN,37208,4413,NORTH,36.1801,-86.811,POINT (-86.811 36.1801)