Accident Number,Date and Time,Number of Motor Vehicles,Number of Injuries,Number of Fatalities,Property Damage,Hit and Run,Reporting Officer,Collision Type Code,Collision Type Description,Weather Code,Weather Description,Illumination Code,Illumination Description,Harmful Code,Harmful Code Description,Street Address,City,State,ZIP,RPA,Precinct,Latitude,Longitude,Mapped Location
20190140002,02/20/2019 11:12:00 PM,2,1,0,,N,660929,4,ANGLE,21,CLEAR,3,DARK - LIGHTED,12,MOTOR VEHICLE IN TRANSPORT,EDMONDSON PKE & WALLACE RD,NASHVILLE,TN,37211,8661,MIDTOW,36.0771,-86.7256,POINT (-86.7256 36.0771)
20190354187,05/08/2019 05:32:00 PM,2,1,0,,N,179606,98,OTHER,21,CLEAR,1,DAYLIGHT,12,MOTOR VEHICLE IN TRANSPORT,LOUISE DR & THOMPSON LN,NASHVILLE,TN,37211,8313,MIDTOW,36.1111,-86.7474,POINT (-86.7474 36.1111)
20190038630,01/15/2019 05:50:00 PM,2,1,0,,N,212330,11,Front to Rear,21,CLEAR,3,DARK - LIGHTED,12,MOTOR VEHICLE IN TRANSPORT,MM 51 3 I 24,NASHVILLE,TN,37210,8102,SOUTH,36.137,-86.7273,POINT (-86.7273 36.137)
20190357670,05/09/2019 11:40:00 PM,1,0,0,Y,N,330422,0,NOT COLLISION W/MOTOR VEHICLE-TRANSPORT,21,CLEAR,3,DARK - LIGHTED,24,GUARDRAIL FACE,I24 E ENT RAMP & I 65,NASHVILLE,TN,37207,1910,CENTRA,36.1906,-86.7776,POINT (-86.7776 36.1906)
20190410422,05/29/2019 02:09:00 PM,2,0,0,,N,807326,11,Front to Rear,21,CLEAR,1,DAYLIGHT,12,MOTOR VEHICLE IN TRANSPORT,MM 49 6 I 24,NASHVILLE,TN,37210,4008,CENTRA,36.1571,-86.7604,POINT (-86.7604 36.1571)
20190517809,07/10/2019 05:20:00 PM,2,0,0,,N,420040,11,Front to Rear,22,CLOUDY,1,DAYLIGHT,12,MOTOR VEHICLE IN TRANSPORT,DIVISION ST & DEMONBREUN ST,NASHVILLE,TN,37203,5701,MIDTOW,36.1522,-86.7914,POINT (-86.7914 36.1522)
20190203596,03/15/2019 03:57:00 PM,2,0,0,,Y,279124,4,ANGLE,21,CLEAR,1,DAYLIGHT,12,MOTOR VEHICLE IN TRANSPORT,MM 52 0 I 24,NASHVILLE,TN,37217,8816,SOUTH,36.1329,-86.7267,POINT (-86.7267 36.1329)
20190314807,04/24/2019 01:52:00 AM,1,0,0,,Y,279203,0,NOT COLLISION W/MOTOR VEHICLE-TRANSPORT,21,CLEAR,2,DARK - NOT LIGHTED,33,CURB,JAMES ROBERTSON PKWY & 4TH AVN,NASHVILLE,TN,37219,4203,CENTRA,36.1673,-86.7811,POINT (-86.7811 36.1673)
20190295558,04/17/2019 11:18:00 AM,2,0,0,,N,191578,11,Front to Rear,21,CLEAR,1,DAYLIGHT,14,PARKED MOTOR VEHICLE,SUNFLOWER & FERN VALLEY,HERMITAGE,TN,37076,9503,HERMIT,36.1717,-86.6247,POINT (-86.6247 36.1717)
20190159213,02/27/2019 04:42:00 PM,3,0,0,,N,256424,11,Front to Rear,21,CLEAR,1,DAYLIGHT,12,MOTOR VEHICLE IN TRANSPORT,STEWARTS FERRY PKE & I40 W EXT RAMP,NASHVILLE,TN,37214,9413,HERMIT,36.1565,-86.6313,POINT (-86.6313 36.1565)
20190246497,03/30/2019 04:20:00 PM,2,1,0,,N,299238,11,Front to Rear,22,CLOUDY,1,DAYLIGHT,12,MOTOR VEHICLE IN TRANSPORT,MM 48 7 I 24,NASHVILLE,TN,37213,1104,CENTRA,36.1696,-86.7668,POINT (-86.7668 36.1696)
20190042039,01/16/2019 07:03:00 PM,2,0,0,,Y,725756,6,SIDESWIPE - OPPOSITE DIRECTION,21,CLEAR,2,DARK - NOT LIGHTED,12,MOTOR VEHICLE IN TRANSPORT,SUMMERLY DR & FLEETWOOD DR,NASHVILLE,TN,37205,5013,WEST,36.1349,-86.8794,POINT (-86.8794 36.1349)
20190572239,08/01/2019 02:47:00 PM,2,0,0,,N,256380,11,Front to Rear,21,CLEAR,1,DAYLIGHT,12,MOTOR VEHICLE IN TRANSPORT,W TRINITY LN & WHITES CREEK PKE,NASHVILLE,TN,37207,3009,NORTH,36.207,-86.7916,POINT (-86.7916 36.207)
20190426727,06/04/2019 08:11:00 PM,2,0,0,,Y,298867,9,UNKNOWN,21,CLEAR,3,DARK - LIGHTED,14,PARKED MOTOR VEHICLE,JOYCE LN & GRINSTEAD PL,NASHVILLE,TN,37216,1801,EAST,36.2338,-86.729,POINT (-86.729 36.2338)
20190453986,06/14/2019 11:30:00 PM,3,0,0,,N,197067,11,Front to Rear,21,CLEAR,3,DARK - LIGHTED,12,MOTOR VEHICLE IN TRANSPORT,11TH AVS & DEMONBREUN ST,NASHVILLE,TN,37203,4019,CENTRA,36.1551,-86.7851,POINT (-86.7851 36.1551)
20190065998,01/25/2019 02:15:00 PM,2,0,0,,N,299238,4,ANGLE,21,CLEAR,1,DAYLIGHT,12,MOTOR VEHICLE IN TRANSPORT,WOODLAND ST & S 7TH ST,NASHVILLE,TN,37206,1117,EAST,36.1735,-86.7603,POINT (-86.7603 36.1735)
20190260334,04/04/2019 02:46:00 PM,2,0,0,,N,240955,5,SIDESWIPE - SAME DIRECTION,22,CLOUDY,1,DAYLIGHT,12,MOTOR VEHICLE IN TRANSPORT,BELL RD & HICKORY HOLLOW PKWY,ANTIOCH,TN,37013,8863,SOUTH,36.0896,-86.6884,POINT (-86.6884 36.0896)
20190389404,05/21/2019 11:25:00 PM,2,0,0,,Y,240964,5,SIDESWIPE - SAME DIRECTION,21,CLEAR,3,DARK - LIGHTED,12,MOTOR VEHICLE IN TRANSPORT,OLD HICKORY BLVD & FIELDS DR,OLD HICKORY,TN,37138,9723,HERMIT,36.2362,-86.6273,POINT (-86.6273 36.2362)
20190033173,01/13/2019 09:50:00 PM,2,0,0,,Y,298858,5,SIDESWIPE - SAME DIRECTION,21,CLEAR,3,DARK - LIGHTED,12,MOTOR VEHICLE IN TRANSPORT,MM 49 6 I 24,NASHVILLE,TN,37210,4008,CENTRA,36.1571,-86.7604,POINT (-86.7604 36.1571)
20190288246,04/15/2019 07:58:00 AM,2,0,0,,N,676834,11,Front to Rear,21,CLEAR,1,DAYLIGHT,12,MOTOR VEHICLE IN TRANSPORT,CLARKSVILLE PKE & KINGS LN,NASHVILLE,TN,37218,3141,NORTH,36.2167,-86.8375,POINT (-86.8375 36.2167)
20190453383,06/14/2019 05:53:00 PM,2,2,0,,N,887592,4,ANGLE,21,CLEAR,1,DAYLIGHT,12,MOTOR VEHICLE IN TRANSPORT,TAYLOR ST & ROSA L PARKS BLVD,NASHVILLE,TN,37208,4323,NORTH,36.1771,-86.7933,POINT (-86.7933 36.1771)
20190536903,07/18/2019 10:02:00 AM,2,0,0,,N,665896,11,Front to Rear,21,CLEAR,1,DAYLIGHT,12,MOTOR VEHICLE IN TRANSPORT,SPRING ST & I24 W EXT RAMP,NASHVILLE,TN,37207,1983,EAST,36.1767,-86.7723,POINT (-86.7723 36.1767)
20190486620,06/27/2019 05:27:00 PM,2,1,0,,N,240957,4,ANGLE,2,RAIN,5,DUSK,12,MOTOR VEHICLE IN TRANSPORT,CONCORD RD & NOLENSVILLE PKE,NASHVILLE,TN,37211,8651,MIDTOW,35.997,-86.6899,POINT (-86.6899 35.997)
20190118557,02/13/2019 06:29:00 AM,2,0,0,,N,212325,11,Front to Rear,21,CLEAR,1,DAYLIGHT,12,MOTOR VEHICLE IN TRANSPORT,OLD HICKORY BLVDW & N MARTHONA RD,MADISON,TN,37115,1745,MADISO,36.2644,-86.7292,POINT (-86.7292 36.2644)
20190025807,01/10/2019 07:40:00 PM,2,1,0,,N,217537,11,Front to Rear,21,CLEAR,3,DARK - LIGHTED,12,MOTOR VEHICLE IN TRANSPORT,I40 E ENT RAMP & I 40,NASHVILLE,TN,37205,4903,WEST,36.1109,-86.922,POINT (-86.922 36.1109)
20190146824,02/23/2019 03:50:00 AM,1,0,0,,N,320584,0,NOT COLLISION W/MOTOR VEHICLE-TRANSPORT,2,RAIN,3,DARK - LIGHTED,36,CONCRETE TRAFFIC BARRIER,MM 53 8 I 24,NASHVILLE,TN,37211,8402,SOUTH,36.1083,-86.7209,POINT (-86.7209 36.1083)
20190412571,05/30/2019 09:26:00 AM,1,1,0,,N,538214,0,NOT COLLISION W/MOTOR VEHICLE-TRANSPORT,21,CLEAR,1,DAYLIGHT,8,PEDESTRIAN,8TH AVS & ALLISON ST,NASHVILLE,TN,37203,4009,CENTRA,36.1504,-86.7792,POINT (-86.7792 36.1504)
20190309864,04/22/2019 05:36:00 PM,2,0,0,,N,279124,11,Front to Rear,21,CLEAR,1,DAYLIGHT,12,MOTOR VEHICLE IN TRANSPORT,UNA ANTIOCH PKE & PICCADILLY ROW,ANTIOCH,TN,37013,8891,SOUTH,36.0822,-86.652,POINT (-86.652 36.0822)
20190128368,02/16/2019 06:18:00 PM,4,1,0,,N,206676,11,Front to Rear,22,CLOUDY,3,DARK - LIGHTED,12,MOTOR VEHICLE IN TRANSPORT,GALLATIN PKES & DUE WEST AVW,MADISON,TN,37115,1519,MADISO,36.2475,-86.7207,POINT (-86.7207 36.2475)
20190575414,08/02/2019 06:22:00 PM,2,0,0,,N,298863,4,ANGLE,21,CLEAR,1,DAYLIGHT,12,MOTOR VEHICLE IN TRANSPORT,8TH AVS & LAFAYETTE ST,NASHVILLE,TN,37203,4043,CENTRA,36.1546,-86.7792,POINT (-86.7792 36.1546)
20190561044,07/28/2019 12:48:00 AM,2,0,0,,Y,110094,11,Front to Rear,21,CLEAR,3,DARK - LIGHTED,12,MOTOR VEHICLE IN TRANSPORT,MM 49 1 I 24,NASHVILLE,TN,37206,10040,EAST,36.1647,-86.7634,POINT (-86.7634 36.1647)
20190238153,03/27/2019 04:56:00 PM,3,3,0,,N,240976,11,Front to Rear,21,CLEAR,1,DAYLIGHT,12,MOTOR VEHICLE IN TRANSPORT,ELLINGTON PKWYN & ELLINGTON PKWY N ENT R,NASHVILLE,TN,37216,1821,EAST,36.2069,-86.7496,POINT (-86.7496 36.2069)
20190197973,03/13/2019 04:18:00 PM,2,0,0,,N,256386,98,OTHER,21,CLEAR,1,DAYLIGHT,12,MOTOR VEHICLE IN TRANSPORT,RAMP & BELL RD,HERMITAGE,TN,37076,9527,HERMIT,36.1614,-86.5975,POINT (-86.5975 36.1614)
20190256810,04/03/2019 11:05:00 AM,2,0,0,,N,330411,11,Front to Rear,21,CLEAR,1,DAYLIGHT,12,MOTOR VEHICLE IN TRANSPORT,MM 212 2 I 40,NASHVILLE,TN,37210,90041,HERMIT,36.1458,-86.7414,POINT (-86.7414 36.1458)
20190186789,03/09/2019 01:42:00 PM,1,0,0,,N,834798,0,NOT COLLISION W/MOTOR VEHICLE-TRANSPORT,2,RAIN,1,DAYLIGHT,24;39,GUARDRAIL FACE;WALL,MM 78 1 I 65,NASHVILLE,TN,37204,7002,MIDTOW,36.0868,-86.7632,POINT (-86.7632 36.0868)
20190120026,02/13/2019 05:15:00 PM,2,0,0,,Y,714641,11,Front to Rear,21,CLEAR,1,DAYLIGHT,12,MOTOR VEHICLE IN TRANSPORT,ROSA L PARKS BLVD & ROSA L PARKS AV,NASHVILLE,TN,37203,4147,CENTRA,36.1618,-86.7842,POINT (-86.7842 36.1618)
20190372524,05/15/2019 04:42:00 PM,2,0,0,,N,429193,11,Front to Rear,22,CLOUDY,1,DAYLIGHT,12,MOTOR VEHICLE IN TRANSPORT,OLD HICKORY BLVD & HWY 70 S,NASHVILLE,TN,37205,4903,WEST,36.0747,-86.9209,POINT (-86.9209 36.0747)
20190360402,05/10/2019 09:16:00 PM,2,0,0,,N,256380,11,Front to Rear,2,RAIN,1,DAYLIGHT,12,MOTOR VEHICLE IN TRANSPORT,MADISON ST & US HWY 41 ALT,NASHVILLE,TN,37208,4305,NORTH,36.1739,-86.7913,POINT (-86.7913 36.1739)
20190323299,04/26/2019 07:08:00 PM,2,0,0,,N,212346,5,SIDESWIPE - SAME DIRECTION,21,CLEAR,1,DAYLIGHT,12,MOTOR VEHICLE IN TRANSPORT,JAMES ROBERTSON PKWY & 3RD AVN,NASHVILLE,TN,37201,4201,CENTRA,36.1673,-86.7792,POINT (-86.7792 36.1673)
20190559172,07/27/2019 01:40:00 AM,1,0,0,,N,179603,0,NOT COLLISION W/MOTOR VEHICLE-TRANSPORT,21,CLEAR,2,DARK - NOT LIGHTED,34;41;42;63,DITCH;SHRUBBERY;TREE;Ran Off Road-Right,DRY CREEK RD & BRICK CHURCH PKE,GOODLETTSVILLE,TN,37072,2139,MADISO,36.3252,-86.7687,POINT (-86.7687 36.3252)
20190463292,06/18/2019 08:35:00 PM,2,1,0,,N,717341,4,ANGLE,21,CLEAR,1,DAYLIGHT,12,MOTOR VEHICLE IN TRANSPORT,GLENROSE AV & GLENMONT DR,NASHVILLE,TN,37210,8805,SOUTH,36.1152,-86.721,POINT (-86.721 36.1152)
20190455299,06/15/2019 01:11:00 PM,2,0,0,,N,414711,11,Front to Rear,21,CLEAR,1,DAYLIGHT,12,MOTOR VEHICLE IN TRANSPORT,HILLSBORO PKE & RICHARD JONES RD,NASHVILLE,TN,37215,6405,MIDTOW,36.1045,-86.8149,POINT (-86.8149 36.1045)
20190460603,06/17/2019 09:41:00 PM,2,0,0,,Y,298867,5,SIDESWIPE - SAME DIRECTION,2,RAIN,3,DARK - LIGHTED,14,PARKED MOTOR VEHICLE,DELLWAY VILLA RD & DICKERSON PKE,NASHVILLE,TN,37207,1831,EAST,36.2128,-86.7608,POINT (-86.7608 36.2128)
20190065242,01/25/2019 12:00:00 AM,2,0,0,,Y,716886,6,SIDESWIPE - OPPOSITE DIRECTION,21,CLEAR,9,UNKNOWN,14,PARKED MOTOR VEHICLE,PEBBLE CREEK DR & SPRINGMORE CT,ANTIOCH,TN,37013,8861,SOUTH,36.0709,-86.6492,POINT (-86.6492 36.0709)
20190029013,01/11/2019 09:39:00 PM,1,0,0,,N,279225,0,NOT COLLISION W/MOTOR VEHICLE-TRANSPORT,3,"SLEET, HAIL",3,DARK - LIGHTED,25,GUARDRAIL END,I40 E EXT RAMP & I 40,NASHVILLE,TN,37214,8955,HERMIT,36.155,-86.6271,POINT (-86.6271 36.155)
20190529607,07/15/2019 04:26:00 PM,3,0,0,,Y,299257,4,ANGLE,21,CLEAR,1,DAYLIGHT,12,MOTOR VEHICLE IN TRANSPORT,CHESTNUT ST & 8TH AVS,NASHVILLE,TN,37203,6941,MIDTOW,36.1417,-86.7787,POINT (-86.7787 36.1417)
20190514424,07/09/2019 12:42:00 PM,2,0,0,,Y,206962,4,ANGLE,21,CLEAR,1,DAYLIGHT,12,MOTOR VEHICLE IN TRANSPORT,GALLATIN PKEN & NESBITT LN,MADISON,TN,37115,1709,MADISO,36.2724,-86.7102,POINT (-86.7102 36.2724)
20190489849,06/28/2019 09:15:00 PM,2,0,0,,N,256376,5,SIDESWIPE - SAME DIRECTION,21,CLEAR,3,DARK - LIGHTED,14,PARKED MOTOR VEHICLE,ROSA L PARKS BLVD & DELTA AV,NASHVILLE,TN,37208,4333,NORTH,36.1775,-86.7943,POINT (-86.7943 36.1775)
20190409728,05/29/2019 09:47:00 AM,2,0,0,,Y,807344,5,SIDESWIPE - SAME DIRECTION,21,CLEAR,1,DAYLIGHT,12;14,MOTOR VEHICLE IN TRANSPORT;PARKED MOTOR VEHICLE,PINE ST & 11TH AVS,NASHVILLE,TN,37203,4019,CENTRA,36.1529,-86.7837,POINT (-86.7837 36.1529)
20190253216,04/02/2019 07:30:00 AM,2,0,0,,N,462474,11,Front to Rear,21,CLEAR,1,DAYLIGHT,12,MOTOR VEHICLE IN TRANSPORT,FRANKLIN PKE & TYNE BLVD,NASHVILLE,TN,37220,7101,MIDTOW,36.0752,-86.7735,POINT (-86.7735 36.0752)
20190432179,06/06/2019 12:00:00 AM,1,0,0,,N,311333,0,NOT COLLISION W/MOTOR VEHICLE-TRANSPORT,22,CLOUDY,1,DAYLIGHT,7,,BABY RUTH LN & WILD OAKS CT,ANTIOCH,TN,37013,8865,SOUTH,36.0486,-86.638,POINT (-86.638 36.0486)
20190484134,06/26/2019 12:00:00 AM,2,0,0,,N,279200,11,Front to Rear,21,CLEAR,3,DARK - LIGHTED,14,PARKED MOTOR VEHICLE,GAY ST & 1ST AVN,NASHVILLE,TN,37201,4201,CENTRA,36.1694,-86.7784,POINT (-86.7784 36.1694)
20190312960,04/23/2019 01:10:00 PM,2,0,0,,N,716886,98,OTHER,21,CLEAR,1,DAYLIGHT,14,PARKED MOTOR VEHICLE,MM 55 7 I 24,NASHVILLE,TN,37211,86020,SOUTH,36.086,-86.7002,POINT (-86.7002 36.086)
20190477844,06/24/2019 05:47:00 PM,2,0,0,,N,330445,5,SIDESWIPE - SAME DIRECTION,21,CLEAR,1,DAYLIGHT,12,MOTOR VEHICLE IN TRANSPORT,16TH AVS & MCGAVOCK ST,NASHVILLE,TN,37203,5701,MIDTOW,36.153,-86.792,POINT (-86.792 36.153)
20190016183,01/07/2019 12:02:00 PM,2,0,0,,Y,716886,5,SIDESWIPE - SAME DIRECTION,21,CLEAR,1,DAYLIGHT,12,MOTOR VEHICLE IN TRANSPORT,NASHBORO BLVD & MURFREESBORO PKE,NASHVILLE,TN,37217,8935,HERMIT,36.0884,-86.6478,POINT (-86.6478 36.0884)
20190276353,04/10/2019 03:44:00 PM,2,0,0,,Y,240976,11,Front to Rear,21,CLEAR,1,DAYLIGHT,12,MOTOR VEHICLE IN TRANSPORT,MM 48 3 I 24,NASHVILLE,TN,37213,11080,CENTRA,36.1722,-86.7689,POINT (-86.7689 36.1722)
20190375745,05/16/2019 05:09:00 PM,2,1,0,,N,267831,4,ANGLE,21,CLEAR,1,DAYLIGHT,12,MOTOR VEHICLE IN TRANSPORT,BOWLING AV & GOLF CLUB LN,NASHVILLE,TN,37215,6015,WEST,36.1193,-86.8267,POINT (-86.8267 36.1193)
20190176095,03/05/2019 11:00:00 PM,1,0,0,Y,N,330422,0,NOT COLLISION W/MOTOR VEHICLE-TRANSPORT,21,CLEAR,3,DARK - LIGHTED,27,H-WAY TRAFFIC SIGNAL POST,I24 W EXT RAMP & I 24,NASHVILLE,TN,37211,8829,SOUTH,36.1074,-86.7197,POINT (-86.7197 36.1074)
20190336313,05/01/2019 10:15:00 PM,2,1,0,,Y,256493,4,ANGLE,21,CLEAR,3,DARK - LIGHTED,12,MOTOR VEHICLE IN TRANSPORT,ELM HILL PKE & ATRIUM WAY,NASHVILLE,TN,37214,9101,HERMIT,36.1532,-86.6877,POINT (-86.6877 36.1532)
20190338794,05/02/2019 08:14:00 PM,2,0,0,,N,807326,4,ANGLE,21,CLEAR,3,DARK - LIGHTED,12,MOTOR VEHICLE IN TRANSPORT,2ND AVS & LINDSLEY AV,NASHVILLE,TN,37210,4005,CENTRA,36.1524,-86.769,POINT (-86.769 36.1524)
20190326518,04/28/2019 10:07:00 AM,2,1,0,,Y,279116,4,ANGLE,22,CLOUDY,1,DAYLIGHT,12,MOTOR VEHICLE IN TRANSPORT,DRAKES BRANCH RD & JUDD DR,NASHVILLE,TN,37218,3127,NORTH,36.2216,-86.8512,POINT (-86.8512 36.2216)
20190510881,07/07/2019 12:00:00 AM,2,0,0,,Y,405418,11,Front to Rear,99,UNKNOWN,1,DAYLIGHT,12,MOTOR VEHICLE IN TRANSPORT,OLD HICKORY BLVD & EDMONDSON PKE,NASHVILLE,TN,37220,8615,MIDTOW,36.04,-86.7435,POINT (-86.7435 36.04)
20190152863,02/25/2019 03:42:00 PM,2,0,0,,N,876597,11,Front to Rear,21,CLEAR,1,DAYLIGHT,12,MOTOR VEHICLE IN TRANSPORT,RANSOM PL & CAPITAL FUNDS CT,NASHVILLE,TN,37217,8853,SOUTH,36.0889,-86.6504,POINT (-86.6504 36.0889)
20190106593,02/08/2019 06:10:00 PM,3,0,0,,Y,320599,11,Front to Rear,21,CLEAR,2,DARK - NOT LIGHTED,12,MOTOR VEHICLE IN TRANSPORT,BELL RD & KOTTAS PL,NASHVILLE,TN,37217,8987,HERMIT,36.1015,-86.6264,POINT (-86.6264 36.1015)
20190224116,03/22/2019 04:00:00 PM,2,0,0,,N,311798,11,Front to Rear,21,CLEAR,1,DAYLIGHT,12,MOTOR VEHICLE IN TRANSPORT,I40 E EXT RAMP & I 40,NASHVILLE,TN,37214,8955,HERMIT,36.155,-86.6271,POINT (-86.6271 36.155)
20190019800,01/08/2019 05:52:00 PM,2,0,0,,N,725756,4,ANGLE,21,CLEAR,2,DARK - NOT LIGHTED,12,MOTOR VEHICLE IN TRANSPORT,HIGHWAY 100 & OLD HICKORY BLVD,NASHVILLE,TN,37221,6213,WEST,36.0609,-86.9153,POINT (-86.9153 36.0609)
20190525284,07/13/2019 05:43:00 PM,1,0,0,,N,420040,0,NOT COLLISION W/MOTOR VEHICLE-TRANSPORT,22,CLOUDY,1,DAYLIGHT,7,,I40 E ENT RAMP & BROADWAY,NASHVILLE,TN,37203,5701,MIDTOW,36.1557,-86.7897,POINT (-86.7897 36.1557)
20190168130,03/03/2019 02:50:00 AM,1,0,0,,Y,256493,0,NOT COLLISION W/MOTOR VEHICLE-TRANSPORT,2,RAIN,3,DARK - LIGHTED,36,CONCRETE TRAFFIC BARRIER,I40 W ENT RAMP & I 40,NASHVILLE,TN,37210,9007,HERMIT,36.1484,-86.7454,POINT (-86.7454 36.1484)
20190432307,06/06/2019 05:35:00 PM,2,1,0,Y,N,717341,4,ANGLE,2,RAIN,1,DAYLIGHT,12,MOTOR VEHICLE IN TRANSPORT,OLD HICKORY BLVD & WHITTEMORE LN,ANTIOCH,TN,37013,8767,SOUTH,36.0021,-86.6535,POINT (-86.6535 36.0021)
20190080688,01/30/2019 04:00:00 PM,2,0,0,,N,311338,11,Front to Rear,21,CLEAR,1,DAYLIGHT,12,MOTOR VEHICLE IN TRANSPORT,MAINSTREAM DR & ROSA L PARKS BLVD,NASHVILLE,TN,37228,4483,NORTH,36.1925,-86.8157,POINT (-86.8157 36.1925)
20190350017,05/07/2019 09:41:00 AM,2,0,0,,N,109534,0,NOT COLLISION W/MOTOR VEHICLE-TRANSPORT,21,CLEAR,1,DAYLIGHT,5,,MM 215 3 I 40,NASHVILLE,TN,37217,89020,HERMIT,36.1436,-86.6894,POINT (-86.6894 36.1436)
20190291335,04/16/2019 07:00:00 AM,2,0,0,,N,716886,5,SIDESWIPE - SAME DIRECTION,21,CLEAR,1,DAYLIGHT,12,MOTOR VEHICLE IN TRANSPORT,SADDLECREEK WAY & HOBSON PKE,ANTIOCH,TN,37013,8867,SOUTH,36.036,-86.6118,POINT (-86.6118 36.036)
20190562131,07/28/2019 01:28:00 PM,2,0,0,,N,161946,4,ANGLE,21,CLEAR,1,DAYLIGHT,12,MOTOR VEHICLE IN TRANSPORT,E TRINITY LN & W TRINITY LN,NASHVILLE,TN,37207,1861,EAST,36.2059,-86.7686,POINT (-86.7686 36.2059)
20190031091,01/12/2019 08:08:00 PM,1,0,0,,N,256417,0,NOT COLLISION W/MOTOR VEHICLE-TRANSPORT,2,RAIN,2,DARK - NOT LIGHTED,50,DEER (ANIMAL),ANDREW JACKSON PKWY & WEMBLEY DR,HERMITAGE,TN,37076,9715,HERMIT,36.2203,-86.5976,POINT (-86.5976 36.2203)
20190024932,01/10/2019 12:28:00 PM,2,0,0,,N,755026,6,SIDESWIPE - OPPOSITE DIRECTION,21,CLEAR,1,DAYLIGHT,12,MOTOR VEHICLE IN TRANSPORT,3RD AVS & MCCANN ST,NASHVILLE,TN,37210,8153,SOUTH,36.1495,-86.7684,POINT (-86.7684 36.1495)
20190243095,03/29/2019 08:05:00 AM,2,0,0,,N,225773,11,Front to Rear,2,RAIN,1,DAYLIGHT,12,MOTOR VEHICLE IN TRANSPORT,BELMONT BLVD & LINDEN AV,NASHVILLE,TN,37212,6515,MIDTOW,36.1275,-86.7943,POINT (-86.7943 36.1275)
20190096085,02/05/2019 07:40:00 AM,2,0,0,,N,226136,4,ANGLE,22,CLOUDY,1,DAYLIGHT,12,MOTOR VEHICLE IN TRANSPORT,MM 81 6 I 65,NASHVILLE,TN,37203,8006,MIDTOW,36.1373,-86.7757,POINT (-86.7757 36.1373)
20190153204,02/25/2019 06:00:00 PM,2,0,0,,N,311328,11,Front to Rear,21,CLEAR,2,DARK - NOT LIGHTED,12,MOTOR VEHICLE IN TRANSPORT,INTERSTATE DR & JAMES ROBERTSON PKWY,NASHVILLE,TN,37213,1993,CENTRA,36.1717,-86.7692,POINT (-86.7692 36.1717)
20190233932,03/26/2019 07:12:00 AM,3,1,0,,Y,716886,11,Front to Rear,21,CLEAR,1,DAYLIGHT,12,MOTOR VEHICLE IN TRANSPORT,MM 57 7 I 24,ANTIOCH,TN,37013,88080,SOUTH,36.061,-86.6807,POINT (-86.6807 36.061)
20190322845,04/26/2019 03:04:00 PM,2,0,0,,N,298867,5,SIDESWIPE - SAME DIRECTION,21,CLEAR,1,DAYLIGHT,12,MOTOR VEHICLE IN TRANSPORT,BRILEY PKWYE & BRILEY PKWYW,NASHVILLE,TN,37207,20120,MADISO,36.2396,-86.7751,POINT (-86.7751 36.2396)
20190471708,06/21/2019 05:36:00 PM,2,0,0,,N,580819,5,SIDESWIPE - SAME DIRECTION,21,CLEAR,1,DAYLIGHT,12,MOTOR VEHICLE IN TRANSPORT,BROADWAY & 10TH AVS,NASHVILLE,TN,37203,4077,CENTRA,36.158,-86.7843,POINT (-86.7843 36.158)
20190006274,01/03/2019 10:00:00 AM,2,0,0,,Y,420035,4,ANGLE,22,CLOUDY,1,DAYLIGHT,12,MOTOR VEHICLE IN TRANSPORT,BRILEY PKWYW & GALLATIN PKES,MADISON,TN,37115,1598,MADISO,36.2352,-86.7247,POINT (-86.7247 36.2352)
20190059149,01/23/2019 09:00:00 AM,4,1,0,,N,191578,11,Front to Rear,2,RAIN,1,DAYLIGHT,12;24;60,MOTOR VEHICLE IN TRANSPORT;GUARDRAIL FACE;Cargo Equip Loss/Shift,ELM HILL PKE & WRIGHT INDUSTRIES PVTDR,NASHVILLE,TN,37210,9017,HERMIT,36.144,-86.7187,POINT (-86.7187 36.144)
20190225427,03/23/2019 03:50:00 AM,2,1,0,,N,280010,2,HEAD-ON,21,CLEAR,3,DARK - LIGHTED,12;68,MOTOR VEHICLE IN TRANSPORT;Cross Center Line,OLD HICKORY BLVD & LOGISTICS WAY,ANTIOCH,TN,37013,8869,SOUTH,36.0286,-86.614,POINT (-86.614 36.0286)
20190356470,05/09/2019 02:21:00 PM,2,0,0,,N,137872,4,ANGLE,21,CLEAR,1,DAYLIGHT,12,MOTOR VEHICLE IN TRANSPORT,MCGAVOCK PKE & PARK DR,NASHVILLE,TN,37214,9307,HERMIT,36.1705,-86.6797,POINT (-86.6797 36.1705)
20190345718,05/05/2019 11:15:00 PM,1,0,0,,N,279216,0,NOT COLLISION W/MOTOR VEHICLE-TRANSPORT,21,CLEAR,3,DARK - LIGHTED,50,DEER (ANIMAL),WHITES CREEK PKE & BRILEY PKWY E ENT RAM,NASHVILLE,TN,37207,3025,NORTH,36.2307,-86.813,POINT (-86.813 36.2307)
20190199640,03/14/2019 06:30:00 AM,1,0,0,,N,419952,0,NOT COLLISION W/MOTOR VEHICLE-TRANSPORT,21,CLEAR,4,DAWN,7,,RIVER ROAD PKE & RIVER ROAD PKE PVTDR,NASHVILLE,TN,37209,4705,WEST,36.2021,-86.9796,POINT (-86.9796 36.2021)