Accident Number,Date and Time,Number of Motor Vehicles,Number of Injuries,Number of Fatalities,Property Damage,Hit and Run,Reporting Officer,Collision Type Code,Collision Type Description,Weather Code,Weather Description,Illumination Code,Illumination Description,Harmful Code,Harmful Code Description,Street Address,City,State,ZIP,RPA,Precinct,Latitude,Longitude,Mapped Location
20190376276,05/16/2019 08:41:00 PM,2,1,0,,Y,197068,11,Front to Rear,21,CLEAR,3,DARK - LIGHTED,12,MOTOR VEHICLE IN TRANSPORT,S 2ND ST & VICTORY AV,NASHVILLE,TN,37213,1103,CENTRA,36.1653,-86.7685,POINT (-86.7685 36.1653)
20190361078,05/11/2019 05:10:00 AM,2,1,0,,N,330411,11,Front to Rear,2,RAIN,4,DAWN,1;14,PARKED MOTOR VEHICLE,OLD MATTHEWS RD & YOKLEY RD,NASHVILLE,TN,37207,3047,NORTH,36.2126,-86.7894,POINT (-86.7894 36.2126)
20190444553,06/11/2019 05:33:00 PM,2,0,0,,Y,151132,4,ANGLE,22,CLOUDY,1,DAYLIGHT,12,MOTOR VEHICLE IN TRANSPORT,STATE RT 45 & GALLATIN PKEN,MADISON,TN,37115,1701,MADISO,36.2631,-86.7119,POINT (-86.7119 36.2631)
20190360656,05/11/2019 12:00:00 AM,1,0,0,Y,Y,197059,0,NOT COLLISION W/MOTOR VEHICLE-TRANSPORT,2,RAIN,3,DARK - LIGHTED,31;99,"OTHER POST, POLE, SUPP.;UNKNOWN MOST HARMFUL EVENT",CHESTNUT ST & 4TH AVS,NASHVILLE,TN,37210,8169,SOUTH,36.1449,-86.7667,POINT (-86.7667 36.1449)
20190447375,06/12/2019 04:22:00 PM,2,1,0,,Y,352212,11,Front to Rear,22,CLOUDY,1,DAYLIGHT,12,MOTOR VEHICLE IN TRANSPORT,LEBANON PKE & CENTRAL PKE,HERMITAGE,TN,37076,9601,HERMIT,36.1452,-86.6246,POINT (-86.6246 36.1452)
20190461562,06/18/2019 07:11:00 AM,3,0,0,,N,676834,11,Front to Rear,2,RAIN,1,DAYLIGHT,12,MOTOR VEHICLE IN TRANSPORT,MM 87 0 I 65,NASHVILLE,TN,37207,18020,EAST,36.2018,-86.7766,POINT (-86.7766 36.2018)
20190124096,02/15/2019 01:32:00 AM,2,0,0,,N,212349,5,SIDESWIPE - SAME DIRECTION,21,CLEAR,3,DARK - LIGHTED,12,MOTOR VEHICLE IN TRANSPORT,MM 212 1 I 40,NASHVILLE,TN,37210,90041,HERMIT,36.1463,-86.7422,POINT (-86.7422 36.1463)
20190178976,03/06/2019 06:40:00 PM,2,1,0,,N,311338,11,Front to Rear,21,CLEAR,3,DARK - LIGHTED,12,MOTOR VEHICLE IN TRANSPORT,CLARKSVILLE PKE & DRY FORK RD,NASHVILLE,TN,37218,3231,NORTH,36.276,-86.868,POINT (-86.868 36.276)
20190304608,04/20/2019 02:03:00 PM,1,0,0,Y,Y,281611,0,NOT COLLISION W/MOTOR VEHICLE-TRANSPORT,22,CLOUDY,1,DAYLIGHT,34,DITCH,CABOT DR & UPTON LN,NASHVILLE,TN,37209,4677,WEST,36.1399,-86.8888,POINT (-86.8888 36.1399)
20190296554,04/17/2019 06:40:00 PM,1,2,0,,N,151132,0,NOT COLLISION W/MOTOR VEHICLE-TRANSPORT,22,CLOUDY,1,DAYLIGHT,1,,BRILEY PKWYE & I24 W EXT RAMP,NASHVILLE,TN,37207,2003,MADISO,36.2381,-86.783,POINT (-86.783 36.2381)
20190065464,01/25/2019 11:10:00 AM,2,2,0,,N,279227,2,HEAD-ON,21,CLEAR,1,DAYLIGHT,12,MOTOR VEHICLE IN TRANSPORT,MT VIEW RD & TRU LONG DR,ANTIOCH,TN,37013,8977,SOUTH,36.0669,-86.5998,POINT (-86.5998 36.0669)
20190365872,05/13/2019 12:25:00 PM,2,0,0,,N,226136,4,ANGLE,22,CLOUDY,1,DAYLIGHT,12,MOTOR VEHICLE IN TRANSPORT,21ST AVS & ACKLEN AV,NASHVILLE,TN,37212,5825,MIDTOW,36.1356,-86.801,POINT (-86.801 36.1356)
20190144932,02/22/2019 11:42:00 AM,2,0,0,,N,633385,11,Front to Rear,2,RAIN,1,DAYLIGHT,12,MOTOR VEHICLE IN TRANSPORT,DONELSON PKE & HARDING PL,NASHVILLE,TN,37217,8841,SOUTH,36.0951,-86.6778,POINT (-86.6778 36.0951)
20190205906,03/16/2019 02:55:00 PM,2,0,0,,Y,414668,4,ANGLE,21,CLEAR,1,DAYLIGHT,12,MOTOR VEHICLE IN TRANSPORT,BROADWAY & 5TH AVS,NASHVILLE,TN,37203,4089,CENTRA,36.1605,-86.7784,POINT (-86.7784 36.1605)
20190254014,04/02/2019 01:15:00 PM,2,0,0,,N,226136,11,Front to Rear,21,CLEAR,1,DAYLIGHT,12,MOTOR VEHICLE IN TRANSPORT,ELLISTON PL & REIDHURST AV,NASHVILLE,TN,37203,5615,MIDTOW,36.1482,-86.8077,POINT (-86.8077 36.1482)
20190145395,02/22/2019 04:02:00 PM,2,2,0,,N,212338,2,HEAD-ON,2,RAIN,1,DAYLIGHT,12;6,MOTOR VEHICLE IN TRANSPORT,HARDING PL & DANBY DR,NASHVILLE,TN,37211,8607,MIDTOW,36.0786,-86.7452,POINT (-86.7452 36.0786)
20190577762,08/03/2019 06:20:00 PM,2,1,0,,N,429188,11,Front to Rear,2,RAIN,5,DUSK,12,MOTOR VEHICLE IN TRANSPORT,CANE RIDGE RD & BELL RD,ANTIOCH,TN,37013,8721,SOUTH,36.0857,-86.6998,POINT (-86.6998 36.0857)
20190439224,06/09/2019 06:58:00 PM,2,0,0,,N,256446,11,Front to Rear,2,RAIN,1,DAYLIGHT,12,MOTOR VEHICLE IN TRANSPORT,MM 59 8 I 24,ANTIOCH,TN,37013,88060,SOUTH,36.0422,-86.6533,POINT (-86.6533 36.0422)
20190038440,01/15/2019 04:12:00 PM,2,0,0,,N,151132,4,ANGLE,22,CLOUDY,1,DAYLIGHT,12,MOTOR VEHICLE IN TRANSPORT,BRILEY PKWY W EXT RAMP & BRICK CHURCH PK,NASHVILLE,TN,37207,2033,MADISO,36.2397,-86.7808,POINT (-86.7808 36.2397)
20190328776,04/29/2019 10:47:00 AM,2,0,0,,Y,311339,0,NOT COLLISION W/MOTOR VEHICLE-TRANSPORT,21,CLEAR,1,DAYLIGHT,60,Cargo Equip Loss/Shift,I24 W ENT RAMP & I 65,NASHVILLE,TN,37207,18041,EAST,36.2216,-86.7738,POINT (-86.7738 36.2216)
20190173669,03/05/2019 05:48:00 AM,2,1,0,,N,311341,4,ANGLE,21,CLEAR,1,DAYLIGHT,12,MOTOR VEHICLE IN TRANSPORT,BRILEY PKWY & I40 W EXT RAMP,NASHVILLE,TN,37209,4696,WEST,36.153,-86.8576,POINT (-86.8576 36.153)
20190411823,05/30/2019 02:33:00 AM,1,0,0,,N,212321,0,NOT COLLISION W/MOTOR VEHICLE-TRANSPORT,21,CLEAR,2,DARK - NOT LIGHTED,39,WALL,I24 E EXT RAMP & I 24,NASHVILLE,TN,37207,30080,NORTH,36.2378,-86.7872,POINT (-86.7872 36.2378)
20190449822,06/13/2019 01:37:00 PM,2,0,0,,N,267831,4,ANGLE,21,CLEAR,1,DAYLIGHT,12,MOTOR VEHICLE IN TRANSPORT,WHITE BRIDGE PKE & OBRIEN AV,NASHVILLE,TN,37209,5101,WEST,36.1505,-86.8579,POINT (-86.8579 36.1505)
20190248700,03/31/2019 05:05:00 PM,2,1,0,,N,256441,11,Front to Rear,21,CLEAR,1,DAYLIGHT,12,MOTOR VEHICLE IN TRANSPORT,HARDING PL & SIDCO DR,NASHVILLE,TN,37220,8601,MIDTOW,36.0819,-86.7612,POINT (-86.7612 36.0819)
20190443422,06/11/2019 08:13:00 AM,2,0,0,,Y,224955,5,SIDESWIPE - SAME DIRECTION,22,CLOUDY,1,DAYLIGHT,12,MOTOR VEHICLE IN TRANSPORT,MM 88 0 I 65,NASHVILLE,TN,37207,18041,EAST,36.2165,-86.775,POINT (-86.775 36.2165)
20190316826,04/24/2019 03:56:00 PM,2,0,0,,N,905011,4,ANGLE,21,CLEAR,1,DAYLIGHT,12,MOTOR VEHICLE IN TRANSPORT,MM 204 8 I 40,NASHVILLE,TN,37209,45020,WEST,36.1539,-86.8425,POINT (-86.8425 36.1539)
20190458870,06/17/2019 06:42:00 AM,2,0,0,,N,109534,11,Front to Rear,21,CLEAR,1,DAYLIGHT,14,PARKED MOTOR VEHICLE,RAINTREE DR & RAINTREE PL,HERMITAGE,TN,37076,9557,HERMIT,36.1781,-86.6032,POINT (-86.6032 36.1781)
20190394583,05/23/2019 01:13:00 PM,2,0,0,,N,352201,16,Rear to Side,21,CLEAR,1,DAYLIGHT,14,PARKED MOTOR VEHICLE,JAMES AV & FRANKLIN DR,NASHVILLE,TN,37209,4645,WEST,36.1596,-86.876,POINT (-86.876 36.1596)
20190335159,05/01/2019 01:23:00 PM,2,0,0,,N,109534,4,ANGLE,21,CLEAR,1,DAYLIGHT,12;34,MOTOR VEHICLE IN TRANSPORT;DITCH,OLD HICKORY BLVD & HERMITAGE WOODS DR,HERMITAGE,TN,37076,9561,HERMIT,36.1773,-86.6042,POINT (-86.6042 36.1773)
20190012966,01/06/2019 12:51:00 AM,2,0,0,,Y,309263,5,SIDESWIPE - SAME DIRECTION,21,CLEAR,3,DARK - LIGHTED,12,MOTOR VEHICLE IN TRANSPORT,RIVERSIDE DR & ESSEX AV,NASHVILLE,TN,37216,1407,EAST,36.1992,-86.723,POINT (-86.723 36.1992)
20190022337,01/09/2019 03:02:00 PM,1,0,0,,N,676824,0,NOT COLLISION W/MOTOR VEHICLE-TRANSPORT,21,CLEAR,1,DAYLIGHT,29,LUMINAIRE/LIGHT SUPPORT,1200 CHARLOTTE AV,NASHVILLE,TN,37203,4205,CENTRA,36.1612,-86.7927,POINT (-86.7927 36.1612)
20190560840,07/27/2019 09:29:00 PM,2,0,0,,N,298871,11,Front to Rear,21,CLEAR,3,DARK - LIGHTED,12,MOTOR VEHICLE IN TRANSPORT,BROADWAY & 14TH AVS,NASHVILLE,TN,37203,5701,MIDTOW,36.1557,-86.7897,POINT (-86.7897 36.1557)
20190142707,02/21/2019 06:25:00 PM,2,2,0,,N,256412,11,Front to Rear,2,RAIN,2,DARK - NOT LIGHTED,12,MOTOR VEHICLE IN TRANSPORT,MURFREESBORO PKE & PARKS RETREAT DR,ANTIOCH,TN,37013,8869,SOUTH,36.0316,-86.5941,POINT (-86.5941 36.0316)
20190449839,06/13/2019 01:30:00 PM,2,0,0,,Y,235761,98,OTHER,21,CLEAR,1,DAYLIGHT,14,PARKED MOTOR VEHICLE,CENTENNIAL BLVD & LOUISIANA AV,NASHVILLE,TN,37209,4509,WEST,36.1623,-86.8477,POINT (-86.8477 36.1623)
20190075690,01/29/2019 06:44:00 AM,1,0,0,,N,191578,0,NOT COLLISION W/MOTOR VEHICLE-TRANSPORT,21,CLEAR,4,DAWN,33,CURB,BELL RD & BELL RD PVTDR,HERMITAGE,TN,37076,9501,HERMIT,36.1571,-86.6179,POINT (-86.6179 36.1571)
20190327944,04/29/2019 03:10:00 AM,2,0,0,,Y,279198,11,Front to Rear,21,CLEAR,3,DARK - LIGHTED,14,PARKED MOTOR VEHICLE,DAVIDSON ST & DAVIDSON STREET BIKE CNCTR,NASHVILLE,TN,37213,1017,EAST,36.1612,-86.7574,POINT (-86.7574 36.1612)
20190477167,06/24/2019 12:12:00 PM,2,0,0,,N,665896,11,Front to Rear,22,CLOUDY,1,DAYLIGHT,12,MOTOR VEHICLE IN TRANSPORT,GALLATIN PKE & E TRINITY LN,NASHVILLE,TN,37216,1837,EAST,36.205,-86.7376,POINT (-86.7376 36.205)
20190335119,05/01/2019 01:00:00 PM,2,0,0,,N,693093,5,SIDESWIPE - SAME DIRECTION,21,CLEAR,1,DAYLIGHT,12,MOTOR VEHICLE IN TRANSPORT,MYATT DR & SPRING BRANCH DR,MADISON,TN,37115,1731,MADISO,36.2939,-86.6965,POINT (-86.6965 36.2939)
20190499239,07/02/2019 05:40:00 PM,2,0,0,,Y,206675,11,Front to Rear,21,CLEAR,1,DAYLIGHT,12;13,MOTOR VEHICLE IN TRANSPORT;MOTOR VEHICLE IN TRANSPORT-OTHER ROADWAY,MM 7 0 I 440,NASHVILLE,TN,37210,83042,SOUTH,36.1243,-86.738,POINT (-86.738 36.1243)
20190329877,04/29/2019 06:06:00 PM,2,0,0,,N,206675,4,ANGLE,21,CLEAR,1,DAYLIGHT,14,PARKED MOTOR VEHICLE,WEST END AV & 30TH AVN,NASHVILLE,TN,37212,5815,MIDTOW,36.1437,-86.8142,POINT (-86.8142 36.1437)
20190078808,01/30/2019 12:00:00 AM,2,0,0,,N,279221,5,SIDESWIPE - SAME DIRECTION,4,SNOW,2,DARK - NOT LIGHTED,12,MOTOR VEHICLE IN TRANSPORT,STATE RT 45 & GALLATIN PKEN,MADISON,TN,37115,1701,MADISO,36.2631,-86.7119,POINT (-86.7119 36.2631)
20190212865,03/19/2019 07:30:00 AM,4,0,0,,N,676834,11,Front to Rear,21,CLEAR,1,DAYLIGHT,12,MOTOR VEHICLE IN TRANSPORT,MM 41 3 I 24,WHITES CREEK,TN,37189,3226,NORTH,36.2679,-86.7926,POINT (-86.7926 36.2679)
20190110783,02/10/2019 05:49:00 PM,2,0,0,,Y,161946,5,SIDESWIPE - SAME DIRECTION,2,RAIN,3,DARK - LIGHTED,12,MOTOR VEHICLE IN TRANSPORT,MM 49 3 I 24,NASHVILLE,TN,37206,10040,EAST,36.1629,-86.7614,POINT (-86.7614 36.1629)
20190061438,01/24/2019 03:13:00 AM,2,0,0,,Y,212310,5,SIDESWIPE - SAME DIRECTION,22,CLOUDY,3,DARK - LIGHTED,12,MOTOR VEHICLE IN TRANSPORT,MM 87 1 I 65,NASHVILLE,TN,37207,18020,EAST,36.2041,-86.7765,POINT (-86.7765 36.2041)
20190482258,06/26/2019 07:37:00 AM,2,0,0,,N,109534,11,Front to Rear,21,CLEAR,1,DAYLIGHT,12,MOTOR VEHICLE IN TRANSPORT,LEBANON PKE & OMOHUNDRO PL,NASHVILLE,TN,37210,9011,HERMIT,36.1545,-86.7398,POINT (-86.7398 36.1545)
20190364331,05/12/2019 09:08:00 PM,2,2,0,,N,298860,11,Front to Rear,21,CLEAR,2,DARK - NOT LIGHTED,12,MOTOR VEHICLE IN TRANSPORT,MCCRORY CREEK RD & BOULDER PARK DR,NASHVILLE,TN,37214,9413,HERMIT,36.1491,-86.6523,POINT (-86.6523 36.1491)
20190291598,04/16/2019 09:10:00 AM,2,0,0,,N,676834,11,Front to Rear,21,CLEAR,1,DAYLIGHT,12,MOTOR VEHICLE IN TRANSPORT,FRENCH LANDING DR & VANTAGE WAY,NASHVILLE,TN,37208,4403,NORTH,36.1911,-86.7972,POINT (-86.7972 36.1911)
20190479757,06/25/2019 09:43:00 AM,2,0,0,,N,191578,5,SIDESWIPE - SAME DIRECTION,21,CLEAR,1,DAYLIGHT,12,MOTOR VEHICLE IN TRANSPORT,MM 212 6 I 40,NASHVILLE,TN,37210,90040,HERMIT,36.1439,-86.7382,POINT (-86.7382 36.1439)
20190201146,03/14/2019 07:44:00 PM,2,2,0,,Y,728059,11,Front to Rear,22,CLOUDY,3,DARK - LIGHTED,12,MOTOR VEHICLE IN TRANSPORT,CHARLOTTE PKE & HILLWOOD PRIVATE CV,NASHVILLE,TN,37205,5007,WEST,36.1341,-86.8896,POINT (-86.8896 36.1341)
20190174396,03/05/2019 11:06:00 AM,2,0,0,,N,584947,11,Front to Rear,21,CLEAR,1,DAYLIGHT,12,MOTOR VEHICLE IN TRANSPORT,FRANKLIN PKE & HARDING PL,NASHVILLE,TN,37204,7027,MIDTOW,36.0866,-86.772,POINT (-86.772 36.0866)
20190495815,07/01/2019 02:30:00 PM,2,0,0,,N,256502,3,REAR-TO-REAR,21,CLEAR,1,DAYLIGHT,14,PARKED MOTOR VEHICLE,21ST AVN & FORMOSA ST,NASHVILLE,TN,37208,4469,NORTH,36.1744,-86.8106,POINT (-86.8106 36.1744)
20190496214,07/01/2019 05:00:00 PM,2,0,0,,N,151132,11,Front to Rear,21,CLEAR,1,DAYLIGHT,12,MOTOR VEHICLE IN TRANSPORT,GALLATIN PKEN & EDENWOLD RD,MADISON,TN,37115,1721,MADISO,36.2885,-86.7047,POINT (-86.7047 36.2885)
20190443633,06/10/2019 10:15:00 PM,2,0,0,,Y,352155,4,ANGLE,21,CLEAR,2,DARK - NOT LIGHTED,12,MOTOR VEHICLE IN TRANSPORT,PARK TERRACE LN & GRACE POINT LN,ANTIOCH,TN,37013,8771,SOUTH,35.9824,-86.6149,POINT (-86.6149 35.9824)
20190558630,07/26/2019 09:00:00 PM,1,0,0,Y,N,330436,0,NOT COLLISION W/MOTOR VEHICLE-TRANSPORT,21,CLEAR,3,DARK - LIGHTED,19,BUILDING,4TH AVN & BROADWAY,NASHVILLE,TN,37203,4091,CENTRA,36.161,-86.7772,POINT (-86.7772 36.161)
20190287263,04/14/2019 11:15:00 PM,2,0,0,,Y,299254,5,SIDESWIPE - SAME DIRECTION,21,CLEAR,3,DARK - LIGHTED,12;14,MOTOR VEHICLE IN TRANSPORT;PARKED MOTOR VEHICLE,MM 59 4 I 24,ANTIOCH,TN,37013,8808,SOUTH,36.0454,-86.659,POINT (-86.659 36.0454)
20190194345,03/12/2019 01:39:00 PM,2,0,0,,N,109534,5,SIDESWIPE - SAME DIRECTION,21,CLEAR,1,DAYLIGHT,12,MOTOR VEHICLE IN TRANSPORT,MM 218 4 I 40,NASHVILLE,TN,37214,89062,HERMIT,36.1504,-86.6376,POINT (-86.6376 36.1504)
20190572549,08/01/2019 04:03:00 PM,2,0,0,,Y,169425,4,ANGLE,21,CLEAR,1,DAYLIGHT,55,Motor Vehicle-In-Motion Outside Trafficw,DEMONBREUN ST & MUSIC CIRE,NASHVILLE,TN,37203,6721,MIDTOW,36.1528,-86.79,POINT (-86.79 36.1528)
20190557842,07/26/2019 02:53:00 PM,2,1,0,,N,267831,11,Front to Rear,21,CLEAR,1,DAYLIGHT,12,MOTOR VEHICLE IN TRANSPORT,MM 192 4 I 40,NASHVILLE,TN,37221,4702,WEST,36.0771,-87.0215,POINT (-87.0215 36.0771)
20190200746,03/14/2019 03:24:00 PM,2,0,0,,Y,197054,2,HEAD-ON,21,CLEAR,1,DAYLIGHT,12,MOTOR VEHICLE IN TRANSPORT,THOMPSON PL & MURFREESBORO PKE,NASHVILLE,TN,37217,8821,HERMIT,36.1267,-86.711,POINT (-86.711 36.1267)
20190517384,07/10/2019 12:58:00 PM,2,0,0,,N,279211,11,Front to Rear,21,CLEAR,1,DAYLIGHT,12,MOTOR VEHICLE IN TRANSPORT,ELLINGTON PKWY N EXT RAMP & DOUGLAS AV,NASHVILLE,TN,37206,1933,EAST,36.1933,-86.7519,POINT (-86.7519 36.1933)
20190323645,04/26/2019 10:12:00 PM,2,0,0,,N,311336,4,ANGLE,21,CLEAR,3,DARK - LIGHTED,12,MOTOR VEHICLE IN TRANSPORT,GALLATIN AV & SHARPE AV,NASHVILLE,TN,37206,1901,EAST,36.1888,-86.7462,POINT (-86.7462 36.1888)
20190394421,05/23/2019 12:28:00 PM,2,1,0,,N,620072,5,SIDESWIPE - SAME DIRECTION,22,CLOUDY,1,DAYLIGHT,12,MOTOR VEHICLE IN TRANSPORT,17TH AVS & DOROTHY PL,NASHVILLE,TN,37212,6621,MIDTOW,36.1383,-86.7954,POINT (-86.7954 36.1383)
20190330064,04/29/2019 08:20:00 PM,2,0,0,,Y,256414,11,Front to Rear,21,CLEAR,3,DARK - LIGHTED,14,PARKED MOTOR VEHICLE,HAMILTON CHURCH RD & HOBSON PKE,ANTIOCH,TN,37013,8905,SOUTH,36.0586,-86.5978,POINT (-86.5978 36.0586)
20190514968,07/09/2019 05:30:00 PM,3,2,0,,N,298867,6,SIDESWIPE - OPPOSITE DIRECTION,21,CLEAR,1,DAYLIGHT,12,MOTOR VEHICLE IN TRANSPORT,DICKERSON PKE & MERIDIAN ST,NASHVILLE,TN,37207,1979,EAST,36.1783,-86.7722,POINT (-86.7722 36.1783)
20190241297,03/28/2019 05:24:00 PM,3,1,0,,N,206675,11,Front to Rear,21,CLEAR,1,DAYLIGHT,12,MOTOR VEHICLE IN TRANSPORT,WOODLAWN DR & SHARONDALE DR,NASHVILLE,TN,37215,6001,WEST,36.1253,-86.8156,POINT (-86.8156 36.1253)
20190472014,06/21/2019 08:36:00 PM,2,0,0,,N,299267,11,Front to Rear,2,RAIN,3,DARK - LIGHTED,12,MOTOR VEHICLE IN TRANSPORT,HOLT RD & WINFIELD DR,NASHVILLE,TN,37211,8651,MIDTOW,36.0151,-86.7356,POINT (-86.7356 36.0151)
20190431562,06/06/2019 12:50:00 PM,2,0,0,,N,226306,11,Front to Rear,22,CLOUDY,98,OTHER,12,MOTOR VEHICLE IN TRANSPORT,WHITE BRIDGE PKE & POST PL,NASHVILLE,TN,37209,5107,WEST,36.1145,-86.8161,POINT (-86.8161 36.1145)
20190126186,02/15/2019 05:29:00 PM,2,0,0,,N,320580,5,SIDESWIPE - SAME DIRECTION,2,RAIN,3,DARK - LIGHTED,12,MOTOR VEHICLE IN TRANSPORT,LEBANON PKE & EDDINGS LN,NASHVILLE,TN,37214,9401,HERMIT,36.1672,-86.6619,POINT (-86.6619 36.1672)
20190434884,06/07/2019 05:30:00 PM,3,3,0,,N,405418,11,Front to Rear,21,CLEAR,1,DAYLIGHT,12,MOTOR VEHICLE IN TRANSPORT,BONNIE BRIDGE RD & EDMONDSON PKE,BRENTWOOD,TN,37027,8621,MIDTOW,36.0381,-86.7435,POINT (-86.7435 36.0381)
20190103994,02/07/2019 12:00:00 AM,2,0,0,,N,279196,4,ANGLE,2,RAIN,3,DARK - LIGHTED,12,MOTOR VEHICLE IN TRANSPORT,SKYLINE MEMORIAL CT & DICKERSON PKE,MADISON,TN,37115,2009,MADISO,36.2439,-86.7566,POINT (-86.7566 36.2439)
20190418847,06/01/2019 04:11:00 PM,3,3,0,,N,433550,6,SIDESWIPE - OPPOSITE DIRECTION,21,CLEAR,1,DAYLIGHT,13,MOTOR VEHICLE IN TRANSPORT-OTHER ROADWAY,HERMITAGE MARKETPLACE PVTDR & OLD HICKOR,HERMITAGE,TN,37076,9507,HERMIT,36.1944,-86.618,POINT (-86.618 36.1944)
20190099417,02/06/2019 07:18:00 AM,2,0,0,,N,279230,5,SIDESWIPE - SAME DIRECTION,22,CLOUDY,1,DAYLIGHT,12,MOTOR VEHICLE IN TRANSPORT,MM 54 4 I 24,NASHVILLE,TN,37211,84020,SOUTH,36.1017,-86.7129,POINT (-86.7129 36.1017)
20190258233,04/03/2019 10:34:00 PM,2,0,0,,N,415780,11,Front to Rear,21,CLEAR,3,DARK - LIGHTED,12,MOTOR VEHICLE IN TRANSPORT,HARDING PL & BINKLEY DR,NASHVILLE,TN,37211,8501,MIDTOW,36.0773,-86.7391,POINT (-86.7391 36.0773)
20190305508,04/21/2019 12:36:00 AM,1,0,0,,N,110090,0,NOT COLLISION W/MOTOR VEHICLE-TRANSPORT,21,CLEAR,2,DARK - NOT LIGHTED,25,GUARDRAIL END,I24 W ENT RAMP & I 24,NASHVILLE,TN,37206,1009,EAST,36.1666,-86.7638,POINT (-86.7638 36.1666)
20190130427,02/17/2019 05:15:00 PM,2,0,0,,Y,320594,6,SIDESWIPE - OPPOSITE DIRECTION,2,RAIN,4,DAWN,12,MOTOR VEHICLE IN TRANSPORT,SMITH SPRINGS RD & CASTLEGATE DR,NASHVILLE,TN,37217,8929,HERMIT,36.0891,-86.6149,POINT (-86.6149 36.0891)
20190044937,01/17/2019 07:12:00 PM,2,0,0,,N,256496,11,Front to Rear,2,RAIN,2,DARK - NOT LIGHTED,12,MOTOR VEHICLE IN TRANSPORT,I40 E EXT RAMP & I 40,NASHVILLE,TN,37214,8955,HERMIT,36.155,-86.6271,POINT (-86.6271 36.155)
20190164657,03/01/2019 03:49:00 PM,2,0,0,,N,267831,11,Front to Rear,22,CLOUDY,1,DAYLIGHT,12,MOTOR VEHICLE IN TRANSPORT,HARDING PL & WELLINGTON PARK CT,NASHVILLE,TN,37215,6203,WEST,36.0919,-86.8347,POINT (-86.8347 36.0919)
20190162118,02/28/2019 05:13:00 PM,3,0,0,,N,197070,11,Front to Rear,21,CLEAR,1,DAYLIGHT,12,MOTOR VEHICLE IN TRANSPORT,28TH AVN & ALBION ST,NASHVILLE,TN,37208,4525,NORTH,36.1637,-86.8198,POINT (-86.8198 36.1637)
20190337683,05/02/2019 10:14:00 AM,2,0,0,,N,693093,3,REAR-TO-REAR,21,CLEAR,1,DAYLIGHT,14,PARKED MOTOR VEHICLE,500 OLD HICKORY BLVDW,MADISON,TN,37115,1765,MADISO,36.2642,-86.7244,POINT (-86.7244 36.2642)
20190532136,07/16/2019 04:45:00 PM,2,0,0,,Y,309262,11,Front to Rear,21,CLEAR,1,DAYLIGHT,12,MOTOR VEHICLE IN TRANSPORT,CHESAPEAKE DR & MOOREWOOD DR,NASHVILLE,TN,37207,2033,MADISO,36.2538,-86.7741,POINT (-86.7741 36.2538)
20190010021,01/04/2019 05:34:00 PM,3,1,0,,N,256383,11,Front to Rear,22,CLOUDY,3,DARK - LIGHTED,12,MOTOR VEHICLE IN TRANSPORT,MM 6 3 I 440,NASHVILLE,TN,37210,8304,SOUTH,36.1229,-86.751,POINT (-86.751 36.1229)
20190398518,05/24/2019 04:02:00 PM,1,0,0,,N,320580,0,NOT COLLISION W/MOTOR VEHICLE-TRANSPORT,21,CLEAR,1,DAYLIGHT,16,THROWN OR FALLING OBJECT,PENNINGTON BEND RD & LOCK TWO RD,NASHVILLE,TN,37214,9301,HERMIT,36.2337,-86.6995,POINT (-86.6995 36.2337)
20190299525,04/18/2019 03:46:00 PM,2,1,0,,Y,240989,6,SIDESWIPE - OPPOSITE DIRECTION,21,CLEAR,1,DAYLIGHT,12,MOTOR VEHICLE IN TRANSPORT,ALTUS AV & CRESTVIEW DR,MADISON,TN,37115,1757,MADISO,36.2913,-86.7058,POINT (-86.7058 36.2913)
20190261890,04/05/2019 05:57:00 AM,2,0,0,,N,414668,4,ANGLE,2,RAIN,3,DARK - LIGHTED,12,MOTOR VEHICLE IN TRANSPORT,INTERSTATE DR & WOODLAND ST,NASHVILLE,TN,37213,1105,CENTRA,36.1705,-86.7684,POINT (-86.7684 36.1705)
20190283949,04/13/2019 11:17:00 AM,2,0,0,,N,212325,4,ANGLE,22,CLOUDY,1,DAYLIGHT,12,MOTOR VEHICLE IN TRANSPORT,WOODRUFF ST & DOUGLAS ST,MADISON,TN,37115,1781,MADISO,36.2605,-86.7156,POINT (-86.7156 36.2605)
20190149673,02/24/2019 09:43:00 AM,2,1,0,,N,279206,4,ANGLE,21,CLEAR,1,DAYLIGHT,12,MOTOR VEHICLE IN TRANSPORT,LEBANON PKE & COTTAGE LN,NASHVILLE,TN,37214,9027,HERMIT,36.1679,-86.6925,POINT (-86.6925 36.1679)
20190489703,06/28/2019 09:00:00 PM,3,0,0,,Y,240968,11,Front to Rear,21,CLEAR,3,DARK - LIGHTED,12,MOTOR VEHICLE IN TRANSPORT,BELL RD & WOODLAND POINTE DR,NASHVILLE,TN,37214,8943,HERMIT,36.1227,-86.6305,POINT (-86.6305 36.1227)
20190126006,02/15/2019 03:25:00 PM,2,0,0,,N,179582,4,ANGLE,2,RAIN,1,DAYLIGHT,12,MOTOR VEHICLE IN TRANSPORT,HAYWOOD LN & BAKERTOWN RD,NASHVILLE,TN,37211,8851,SOUTH,36.07,-86.6856,POINT (-86.6856 36.07)
20190481057,06/25/2019 08:25:00 PM,2,0,0,,Y,311327,6,SIDESWIPE - OPPOSITE DIRECTION,21,CLEAR,1,DAYLIGHT,12,MOTOR VEHICLE IN TRANSPORT,STROUSE AV & GALLATIN AV,NASHVILLE,TN,37206,1883,EAST,36.194,-86.7439,POINT (-86.7439 36.194)