Accident Number,Date and Time,Number of Motor Vehicles,Number of Injuries,Number of Fatalities,Property Damage,Hit and Run,Reporting Officer,Collision Type Code,Collision Type Description,Weather Code,Weather Description,Illumination Code,Illumination Description,Harmful Code,Harmful Code Description,Street Address,City,State,ZIP,RPA,Precinct,Latitude,Longitude,Mapped Location
20190096171,02/01/2019 12:00:00 AM,1,0,0,Y,Y,226600,0,NOT COLLISION W/MOTOR VEHICLE-TRANSPORT,99,UNKNOWN,9,UNKNOWN,38,FENCE,TRIMBLE RD & LA VISTA DR,NASHVILLE,TN,37215,6115,WEST,36.0941,-86.831,POINT (-86.831 36.0941)
20190239348,03/28/2019 03:00:00 AM,1,1,0,Y,Y,330425,0,NOT COLLISION W/MOTOR VEHICLE-TRANSPORT,21,CLEAR,2,DARK - NOT LIGHTED,25,GUARDRAIL END,ELLINGTON PKWYN & ELLINGTON PKWYS,NASHVILLE,TN,37216,1890,EAST,36.2227,-86.7464,POINT (-86.7464 36.2227)
20190091529,02/03/2019 04:49:00 PM,2,0,0,,N,212343,0,NOT COLLISION W/MOTOR VEHICLE-TRANSPORT,21,CLEAR,5,DUSK,18,OTHER OBJECT (NOT FIXED),MADISON ST & 4TH AVN,NASHVILLE,TN,37208,4309,NORTH,36.1756,-86.7873,POINT (-86.7873 36.1756)
20190230129,03/25/2019 05:23:00 AM,2,0,0,,N,320591,5,SIDESWIPE - SAME DIRECTION,2,RAIN,3,DARK - LIGHTED,12,MOTOR VEHICLE IN TRANSPORT,I440 W ENT RAMP & I 24,NASHVILLE,TN,37217,8801,SOUTH,36.1232,-86.7263,POINT (-86.7263 36.1232)
20190480025,06/25/2019 12:30:00 PM,2,0,0,,N,223502,5,SIDESWIPE - SAME DIRECTION,21,CLEAR,1,DAYLIGHT,12,MOTOR VEHICLE IN TRANSPORT,0 I 24,NASHVILLE,TN,37211,8709,SOUTH,36.0692,-86.6897,POINT (-86.6897 36.0692)
20190163517,03/01/2019 07:03:00 AM,2,0,0,,Y,226136,4,ANGLE,22,CLOUDY,1,DAYLIGHT,12;14,MOTOR VEHICLE IN TRANSPORT;PARKED MOTOR VEHICLE,PATTERSON ST & 17TH AVN,NASHVILLE,TN,37203,5503,MIDTOW,36.1582,-86.7977,POINT (-86.7977 36.1582)
20190480875,06/25/2019 06:33:00 PM,2,1,0,,N,256446,4,ANGLE,21,CLEAR,1,DAYLIGHT,12,MOTOR VEHICLE IN TRANSPORT,5400 BELL RD,ANTIOCH,TN,37013,8865,SOUTH,36.0508,-86.6459,POINT (-86.6459 36.0508)
20190162650,02/28/2019 09:43:00 PM,2,0,0,,N,151132,11,Front to Rear,22,CLOUDY,3,DARK - LIGHTED,12,MOTOR VEHICLE IN TRANSPORT,I65 S ENT RAMP & OLD HICKORY BLVDW,MADISON,TN,37115,2101,MADISO,36.2651,-86.7385,POINT (-86.7385 36.2651)
20190257884,04/03/2019 07:15:00 PM,1,1,0,,N,256427,0,NOT COLLISION W/MOTOR VEHICLE-TRANSPORT,21,CLEAR,3,DARK - LIGHTED,8,PEDESTRIAN,LAFAYETTE ST & CLAIBORNE ST,NASHVILLE,TN,37210,8147,SOUTH,36.1483,-86.7609,POINT (-86.7609 36.1483)
20190547837,07/22/2019 09:26:00 PM,2,1,0,,N,429193,4,ANGLE,2,RAIN,3,DARK - LIGHTED,12,MOTOR VEHICLE IN TRANSPORT,CHARLOTTE PK & I 40 E ENTRANCE RAMP,NASHVILLE,TN,37205,5007,WEST,36.1317,-86.8958,POINT (-86.8958 36.1317)
20190437012,06/08/2019 05:09:00 PM,2,0,0,,Y,299257,4,ANGLE,21,CLEAR,1,DAYLIGHT,12,MOTOR VEHICLE IN TRANSPORT,NOLENSVILLE PKE & MOORE AV,NASHVILLE,TN,37203,8011,MIDTOW,36.1364,-86.7606,POINT (-86.7606 36.1364)
20190288803,04/15/2019 11:59:00 AM,3,2,0,,N,191578,5,SIDESWIPE - SAME DIRECTION,21,CLEAR,1,DAYLIGHT,12,MOTOR VEHICLE IN TRANSPORT,OLD HICKORY BLVD & HADLEY AV,OLD HICKORY,TN,37138,9609,HERMIT,36.2525,-86.6478,POINT (-86.6478 36.2525)
20190547185,07/22/2019 03:18:00 PM,2,0,0,,Y,256411,4,ANGLE,2,RAIN,1,DAYLIGHT,55,Motor Vehicle-In-Motion Outside Trafficw,NORTHSIDE STATION PVTDR & CLARKSVILLE PK,NASHVILLE,TN,37218,3141,NORTH,36.211,-86.8389,POINT (-86.8389 36.211)
20190116752,02/12/2019 05:51:00 PM,4,1,0,,N,151132,11,Front to Rear,21,CLEAR,5,DUSK,12,MOTOR VEHICLE IN TRANSPORT,GALLATIN PKEN & NORTHSIDE DR,MADISON,TN,37115,1721,MADISO,36.3059,-86.6872,POINT (-86.6872 36.3059)
20190072664,01/28/2019 08:38:00 AM,2,0,0,,N,279110,11,Front to Rear,21,CLEAR,1,DAYLIGHT,12,MOTOR VEHICLE IN TRANSPORT,THOMPSON LN & SIMMONS AV,NASHVILLE,TN,37211,8425,SOUTH,36.1106,-86.7413,POINT (-86.7413 36.1106)
20190384241,05/20/2019 06:00:00 AM,1,0,0,,Y,235761,0,NOT COLLISION W/MOTOR VEHICLE-TRANSPORT,21,CLEAR,1,DAYLIGHT,42,TREE,CHICKERING RD & PAGE RD,NASHVILLE,TN,37215,6205,WEST,36.0708,-86.8716,POINT (-86.8716 36.0708)
20190203015,03/15/2019 11:15:00 AM,2,0,0,,N,226136,4,ANGLE,22,CLOUDY,1,DAYLIGHT,12,MOTOR VEHICLE IN TRANSPORT,MUSIC SQW & CHET ATKINS PL,NASHVILLE,TN,37203,6715,MIDTOW,36.1492,-86.7934,POINT (-86.7934 36.1492)
20190302505,04/19/2019 05:21:00 PM,2,0,0,,N,240955,11,Front to Rear,22,CLOUDY,1,DAYLIGHT,12,MOTOR VEHICLE IN TRANSPORT,BELL RD & BELL CREST DR,ANTIOCH,TN,37013,8865,SOUTH,36.0632,-86.6375,POINT (-86.6375 36.0632)
20190329191,04/29/2019 02:13:00 PM,1,1,0,,N,716886,0,NOT COLLISION W/MOTOR VEHICLE-TRANSPORT,21,CLEAR,1,DAYLIGHT,34,DITCH,HOBSON PKE & WALKER RD,HERMITAGE,TN,37076,8909,SOUTH,36.0882,-86.5623,POINT (-86.5623 36.0882)
20190147519,02/23/2019 12:05:00 PM,2,0,0,,N,628640,11,Front to Rear,2,RAIN,1,DAYLIGHT,12,MOTOR VEHICLE IN TRANSPORT,BRILEY PKWYN & BRILEY PKWYS,NASHVILLE,TN,37211,8404,SOUTH,36.1092,-86.727,POINT (-86.727 36.1092)
20190455607,06/15/2019 04:47:00 PM,2,0,0,,N,311332,4,ANGLE,21,CLEAR,1,DAYLIGHT,12,MOTOR VEHICLE IN TRANSPORT,CHARLOTTE PKE & HIGHWAY 70S,NASHVILLE,TN,37221,4709,WEST,36.0918,-86.98,POINT (-86.98 36.0918)
20190477516,06/24/2019 01:59:00 PM,2,0,0,,N,240957,11,Front to Rear,21,CLEAR,1,DAYLIGHT,12,MOTOR VEHICLE IN TRANSPORT,EDMONDSON PKE & OLD HICKORY BLVD,NASHVILLE,TN,37211,8651,MIDTOW,36.04,-86.7435,POINT (-86.7435 36.04)
20190092113,02/04/2019 12:11:00 AM,2,0,0,,Y,240981,4,ANGLE,21,CLEAR,3,DARK - LIGHTED,12,MOTOR VEHICLE IN TRANSPORT,SHELBY AV & S 10TH ST,NASHVILLE,TN,37206,1031,EAST,36.1713,-86.7525,POINT (-86.7525 36.1713)
20190248459,03/31/2019 02:01:00 PM,2,0,0,,N,429193,11,Front to Rear,21,CLEAR,1,DAYLIGHT,12,MOTOR VEHICLE IN TRANSPORT,I 40 W EXIT RAMP & CHARLOTTE PK,NASHVILLE,TN,37209,4677,WEST,36.1304,-86.9001,POINT (-86.9001 36.1304)
20190158215,02/27/2019 09:48:00 AM,2,0,0,,N,902543,11,Front to Rear,21,CLEAR,1,DAYLIGHT,12,MOTOR VEHICLE IN TRANSPORT,BROADMOOR DR & GRA MAR DR,NASHVILLE,TN,37216,1841,EAST,36.2298,-86.7348,POINT (-86.7348 36.2298)
20190452575,06/14/2019 12:04:00 PM,2,0,0,,Y,716886,11,Front to Rear,21,CLEAR,1,DAYLIGHT,12,MOTOR VEHICLE IN TRANSPORT,MM 53 7 I 24,NASHVILLE,TN,37211,88122,SOUTH,36.1097,-86.7216,POINT (-86.7216 36.1097)
20190263000,04/05/2019 02:37:00 PM,2,0,0,,Y,298867,5,SIDESWIPE - SAME DIRECTION,21,CLEAR,1,DAYLIGHT,12,MOTOR VEHICLE IN TRANSPORT,WILBURN ST & MERIDIAN ST,NASHVILLE,TN,37207,1947,EAST,36.1856,-86.7669,POINT (-86.7669 36.1856)
20190544534,07/21/2019 01:21:00 PM,2,2,0,,N,311804,4,ANGLE,2,RAIN,1,DAYLIGHT,12,MOTOR VEHICLE IN TRANSPORT,SPRING ST & N 1ST ST,NASHVILLE,TN,37213,1985,CENTRA,36.177,-86.7746,POINT (-86.7746 36.177)
20190359514,05/10/2019 03:01:00 PM,2,0,0,,N,299267,11,Front to Rear,21,CLEAR,1,DAYLIGHT,12,MOTOR VEHICLE IN TRANSPORT,OAKES DR & HEALTH PARK DR,BRENTWOOD,TN,37027,8623,MIDTOW,36.0408,-86.7735,POINT (-86.7735 36.0408)
20190558223,07/26/2019 06:06:00 PM,1,0,0,,N,834813,0,NOT COLLISION W/MOTOR VEHICLE-TRANSPORT,22,CLOUDY,1,DAYLIGHT,57,Cable Barrier,MM 38 0 I 24,WHITES CREEK,TN,37189,2212,NORTH,36.3083,-86.8217,POINT (-86.8217 36.3083)
20190157919,02/27/2019 08:00:00 AM,2,0,0,,Y,224955,11,Front to Rear,21,CLEAR,1,DAYLIGHT,12,MOTOR VEHICLE IN TRANSPORT,OLD HICKORY BLVDW & GIBSON DR,MADISON,TN,37115,1773,MADISO,36.2637,-86.7182,POINT (-86.7182 36.2637)
20190254411,04/02/2019 04:30:00 PM,2,1,0,,N,714641,4,ANGLE,21,CLEAR,1,DAYLIGHT,12,MOTOR VEHICLE IN TRANSPORT,LAFAYETTE ST & ASH ST,NASHVILLE,TN,37210,4005,CENTRA,36.1521,-86.7721,POINT (-86.7721 36.1521)
20190293260,04/16/2019 06:59:00 PM,2,0,0,,Y,151132,3,REAR-TO-REAR,21,CLEAR,5,DUSK,12,MOTOR VEHICLE IN TRANSPORT,DICKERSON PKE & WESTCHESTER DR,NASHVILLE,TN,37207,2021,MADISO,36.2631,-86.7573,POINT (-86.7573 36.2631)
20190365263,05/13/2019 06:55:00 AM,2,0,0,,N,279122,11,Front to Rear,21,CLEAR,1,DAYLIGHT,12,MOTOR VEHICLE IN TRANSPORT,CLARKSVILLE PKE & W HAMILTON RD,NASHVILLE,TN,37218,3141,NORTH,36.2091,-86.8394,POINT (-86.8394 36.2091)
20190040292,01/16/2019 06:52:00 AM,1,1,0,,N,676834,0,NOT COLLISION W/MOTOR VEHICLE-TRANSPORT,21,CLEAR,1,DAYLIGHT,8,PEDESTRIAN,W TRINITY LN & MONTICELLO ST,NASHVILLE,TN,37207,3009,NORTH,36.2079,-86.7866,POINT (-86.7866 36.2079)
20190003573,01/02/2019 11:30:00 AM,2,0,0,,N,226136,4,ANGLE,22,CLOUDY,1,DAYLIGHT,12,MOTOR VEHICLE IN TRANSPORT,OLD HICKORY BLVD & EDMONDSON PKE,NASHVILLE,TN,37220,8615,MIDTOW,36.04,-86.7435,POINT (-86.7435 36.04)
20190021191,01/09/2019 06:30:00 AM,2,0,0,,N,191578,11,Front to Rear,21,CLEAR,1,DAYLIGHT,12,MOTOR VEHICLE IN TRANSPORT,LEBANON PKE & BONNABROOK DR,HERMITAGE,TN,37076,9601,HERMIT,36.1917,-86.6248,POINT (-86.6248 36.1917)
20190204455,03/15/2019 10:46:00 PM,2,5,1,,N,620080,4,ANGLE,21,CLEAR,3,DARK - LIGHTED,12,MOTOR VEHICLE IN TRANSPORT,E TRINITY LN & W TRINITY LN,NASHVILLE,TN,37207,1861,EAST,36.2059,-86.7686,POINT (-86.7686 36.2059)
20190417040,05/31/2019 12:00:00 AM,3,0,0,,N,298877,11,Front to Rear,21,CLEAR,1,DAYLIGHT,12,MOTOR VEHICLE IN TRANSPORT,NOLENSVILLE PKE & CHILTON ST,NASHVILLE,TN,37211,8515,MIDTOW,36.1005,-86.7399,POINT (-86.7399 36.1005)
20190576311,08/03/2019 12:45:00 AM,1,1,0,Y,Y,311800,0,NOT COLLISION W/MOTOR VEHICLE-TRANSPORT,21,CLEAR,3,DARK - LIGHTED,18;33,OTHER OBJECT (NOT FIXED);CURB,8TH AVS & LAFAYETTE ST,NASHVILLE,TN,37203,4043,CENTRA,36.1546,-86.7792,POINT (-86.7792 36.1546)
20190278056,04/11/2019 06:31:00 AM,2,0,0,,N,109534,11,Front to Rear,21,CLEAR,1,DAYLIGHT,12,MOTOR VEHICLE IN TRANSPORT,I40 W ENT RAMP & I 40,NASHVILLE,TN,37210,9007,HERMIT,36.1484,-86.7454,POINT (-86.7454 36.1484)
20190060224,01/23/2019 05:23:00 PM,2,0,0,,N,212343,11,Front to Rear,2,RAIN,3,DARK - LIGHTED,12,MOTOR VEHICLE IN TRANSPORT,SPRING ST & N 1ST ST,NASHVILLE,TN,37213,1985,CENTRA,36.177,-86.7746,POINT (-86.7746 36.177)
20190441820,06/10/2019 06:00:00 PM,2,0,0,,Y,311327,5,SIDESWIPE - SAME DIRECTION,21,CLEAR,1,DAYLIGHT,12,MOTOR VEHICLE IN TRANSPORT,GALLATIN AV & DOUGLAS AV,NASHVILLE,TN,37206,1325,EAST,36.193,-86.7442,POINT (-86.7442 36.193)
20190559991,07/27/2019 12:00:00 AM,4,0,0,,N,298877,11,Front to Rear,21,CLEAR,1,DAYLIGHT,12,MOTOR VEHICLE IN TRANSPORT,MM 5 8 I 440,NASHVILLE,TN,37204,83062,MIDTOW,36.1217,-86.7596,POINT (-86.7596 36.1217)
20190170532,03/04/2019 07:10:00 AM,2,0,0,,N,402660,11,Front to Rear,21,CLEAR,1,DAYLIGHT,12,MOTOR VEHICLE IN TRANSPORT,BRILEY PKWY S EXT RAMP & CENTENNIAL BLVD,NASHVILLE,TN,37209,4651,WEST,36.1713,-86.871,POINT (-86.871 36.1713)
20190267795,04/07/2019 04:26:00 PM,2,0,0,,Y,330435,11,Front to Rear,2,RAIN,1,DAYLIGHT,12,MOTOR VEHICLE IN TRANSPORT,MM 87 0 I 65,NASHVILLE,TN,37207,18020,EAST,36.2018,-86.7766,POINT (-86.7766 36.2018)
20190356337,05/09/2019 12:57:00 PM,2,0,0,,N,279110,98,OTHER,2,RAIN,1,DAYLIGHT,12,MOTOR VEHICLE IN TRANSPORT,NOLENSVILLE PKE & ANTIOCH PKE,NASHVILLE,TN,37211,8427,SOUTH,36.1018,-86.7406,POINT (-86.7406 36.1018)
20190413839,05/30/2019 06:28:00 PM,2,0,0,,N,320585,4,ANGLE,21,CLEAR,1,DAYLIGHT,12,MOTOR VEHICLE IN TRANSPORT,LEBANON PKE & ANDREW JACKSON PKWY,HERMITAGE,TN,37076,9537,HERMIT,36.2151,-86.5962,POINT (-86.5962 36.2151)
20190535252,07/17/2019 05:14:00 PM,2,0,0,,N,256383,11,Front to Rear,21,CLEAR,1,DAYLIGHT,12,MOTOR VEHICLE IN TRANSPORT,MURFREESBORO PKE & HAMILTON CROSSINGS,ANTIOCH,TN,37013,8865,SOUTH,36.0655,-86.6292,POINT (-86.6292 36.0655)
20190028238,01/11/2019 03:45:00 PM,2,0,0,,Y,579971,11,Front to Rear,21,CLEAR,1,DAYLIGHT,12,MOTOR VEHICLE IN TRANSPORT,BELL RD & BLUE HOLE RD,ANTIOCH,TN,37013,8753,SOUTH,36.0458,-86.6744,POINT (-86.6744 36.0458)
20190022472,01/09/2019 03:41:00 PM,2,0,0,,N,256389,4,ANGLE,21,CLEAR,1,DAYLIGHT,12,MOTOR VEHICLE IN TRANSPORT,31ST AVS & VANDERBILT PL,NASHVILLE,TN,37212,5813,MIDTOW,36.1412,-86.8145,POINT (-86.8145 36.1412)
20190205190,03/16/2019 06:59:00 AM,2,0,0,,N,320586,5,SIDESWIPE - SAME DIRECTION,21,CLEAR,1,DAYLIGHT,12,MOTOR VEHICLE IN TRANSPORT,MURFREESBORO PKE & SPENCE LN,NASHVILLE,TN,37217,8801,SOUTH,36.1357,-86.7249,POINT (-86.7249 36.1357)
20190257814,04/03/2019 05:34:00 PM,2,1,0,,N,256379,4,ANGLE,21,CLEAR,1,DAYLIGHT,12,MOTOR VEHICLE IN TRANSPORT,LUTIE ST & STERLING BOONE DR,NASHVILLE,TN,37210,8329,SOUTH,36.1169,-86.7387,POINT (-86.7387 36.1169)
20190154849,02/26/2019 07:04:00 AM,2,1,0,,N,191578,11,Front to Rear,21,CLEAR,1,DAYLIGHT,12,MOTOR VEHICLE IN TRANSPORT,MM 218 5 I 40,NASHVILLE,TN,37214,9404,HERMIT,36.1522,-86.6352,POINT (-86.6352 36.1522)
20190325247,04/27/2019 06:45:00 PM,2,0,0,,N,299253,11,Front to Rear,22,CLOUDY,1,DAYLIGHT,12,MOTOR VEHICLE IN TRANSPORT,E TRINITY LN & LISCHEY AV,NASHVILLE,TN,37207,1859,EAST,36.2054,-86.7615,POINT (-86.7615 36.2054)
20190069842,01/27/2019 03:46:00 AM,2,0,0,,N,110094,4,ANGLE,21,CLEAR,3,DARK - LIGHTED,12,MOTOR VEHICLE IN TRANSPORT,ROSA L PARKS BLVD & ROSA L PARKS AV,NASHVILLE,TN,37203,4147,CENTRA,36.1618,-86.7842,POINT (-86.7842 36.1618)
20190223587,03/22/2019 12:15:00 PM,1,0,0,Y,N,223502,0,NOT COLLISION W/MOTOR VEHICLE-TRANSPORT,21,CLEAR,1,DAYLIGHT,33,CURB,VALERIA ST & WICKSON AV,NASHVILLE,TN,37210,8323,SOUTH,36.1213,-86.7465,POINT (-86.7465 36.1213)
20190107361,02/09/2019 01:09:00 AM,4,3,0,,N,109542,11,Front to Rear,21,CLEAR,3,DARK - LIGHTED,12,MOTOR VEHICLE IN TRANSPORT,I40 W ENT RAMP & I 40,NASHVILLE,TN,37210,9007,HERMIT,36.1484,-86.7454,POINT (-86.7454 36.1484)
20190203909,03/15/2019 06:14:00 PM,2,0,0,,N,197070,11,Front to Rear,21,CLEAR,1,DAYLIGHT,12,MOTOR VEHICLE IN TRANSPORT,ROSA L PARKS BLVD & I65 N EXT RAMP,NASHVILLE,TN,37208,4353,NORTH,36.1825,-86.7977,POINT (-86.7977 36.1825)
20190362003,05/11/2019 04:37:00 PM,2,3,0,,N,579971,2,HEAD-ON,22,CLOUDY,1,DAYLIGHT,12,MOTOR VEHICLE IN TRANSPORT,HAMILTON CHURCH RD & LAVERGNE COUCHVILLE,ANTIOCH,TN,37013,8999,SOUTH,36.0542,-86.5731,POINT (-86.5731 36.0542)
20190275257,04/10/2019 08:09:00 AM,2,1,0,,N,332216,11,Front to Rear,21,CLEAR,1,DAYLIGHT,12,MOTOR VEHICLE IN TRANSPORT,I 24 & I40 W ENT RAMP,NASHVILLE,TN,37210,4008,CENTRA,36.1573,-86.7604,POINT (-86.7604 36.1573)
20190236334,03/27/2019 12:34:00 AM,1,0,0,,Y,110090,0,NOT COLLISION W/MOTOR VEHICLE-TRANSPORT,21,CLEAR,3,DARK - LIGHTED,34;41,DITCH;SHRUBBERY,PETTUS RD & OLD HICKORY BLVD,ANTIOCH,TN,37013,8761,SOUTH,36.051,-86.6743,POINT (-86.6743 36.051)
20190468053,06/20/2019 12:11:00 PM,2,0,0,,Y,474557,11,Front to Rear,21,CLEAR,1,DAYLIGHT,12,MOTOR VEHICLE IN TRANSPORT,MM 5 4 I 440,NASHVILLE,TN,37204,83060,MIDTOW,36.1198,-86.7662,POINT (-86.7662 36.1198)
20190371531,05/15/2019 08:16:00 AM,2,0,0,,N,191578,11,Front to Rear,2,RAIN,1,DAYLIGHT,12,MOTOR VEHICLE IN TRANSPORT,OLD HICKORY BLVD & ANDREW JACKSON PKWY,HERMITAGE,TN,37076,9561,HERMIT,36.1836,-86.6107,POINT (-86.6107 36.1836)
20190564927,07/29/2019 06:53:00 PM,2,1,0,,N,309262,5,SIDESWIPE - SAME DIRECTION,21,CLEAR,3,DARK - LIGHTED,12,MOTOR VEHICLE IN TRANSPORT,MM 94 0 I 65,GOODLETTSVILLE,TN,37072,17061,MADISO,36.2879,-86.7259,POINT (-86.7259 36.2879)
20190024016,01/10/2019 05:32:00 AM,2,2,0,,N,212342,11,Front to Rear,21,CLEAR,3,DARK - LIGHTED,12,MOTOR VEHICLE IN TRANSPORT,MURFREESBORO PKE & DONELSON PKE,NASHVILLE,TN,37217,8841,SOUTH,36.1062,-86.6731,POINT (-86.6731 36.1062)
20190184645,03/08/2019 03:33:00 PM,2,0,0,,N,206675,4,ANGLE,2,RAIN,1,DAYLIGHT,12,MOTOR VEHICLE IN TRANSPORT,NOLENSVILLE PKE & WELSHWOOD DR,NASHVILLE,TN,37211,8501,MIDTOW,36.0826,-86.7273,POINT (-86.7273 36.0826)
20190308835,04/22/2019 11:21:00 AM,2,0,0,,N,716886,5,SIDESWIPE - SAME DIRECTION,21,CLEAR,1,DAYLIGHT,12,MOTOR VEHICLE IN TRANSPORT,2ND AVS & HART ST,NASHVILLE,TN,37210,8167,SOUTH,36.1422,-86.7624,POINT (-86.7624 36.1422)
20190008779,01/04/2019 06:24:00 AM,2,0,0,,N,716886,5,SIDESWIPE - SAME DIRECTION,2,RAIN,4,DAWN,12,MOTOR VEHICLE IN TRANSPORT,MM 53 7 I 24,NASHVILLE,TN,37211,88122,SOUTH,36.1097,-86.7216,POINT (-86.7216 36.1097)
20190400251,05/25/2019 01:12:00 PM,2,0,0,,N,620072,4,ANGLE,21,CLEAR,1,DAYLIGHT,12,MOTOR VEHICLE IN TRANSPORT,BROADWAY & 15TH AVN,NASHVILLE,TN,37203,5701,MIDTOW,36.1552,-86.7907,POINT (-86.7907 36.1552)
20190162602,02/28/2019 09:04:00 PM,1,0,0,,N,256426,0,NOT COLLISION W/MOTOR VEHICLE-TRANSPORT,21,CLEAR,3,DARK - LIGHTED,18,OTHER OBJECT (NOT FIXED),MM 212 7 I 40,NASHVILLE,TN,37210,82060,HERMIT,36.143,-86.737,POINT (-86.737 36.143)
20190292463,04/16/2019 02:48:00 PM,2,1,0,,Y,320599,4,ANGLE,22,CLOUDY,1,DAYLIGHT,12,MOTOR VEHICLE IN TRANSPORT,RURAL HILL RD & SMITH SPRINGS RD,NASHVILLE,TN,37217,8987,HERMIT,36.0896,-86.6221,POINT (-86.6221 36.0896)
20190547193,07/22/2019 04:10:00 PM,2,1,0,,N,256379,4,ANGLE,2,RAIN,1,DAYLIGHT,12,MOTOR VEHICLE IN TRANSPORT,EAST THOMPSON LN & LAWNDALE DR,NASHVILLE,TN,37217,8879,SOUTH,36.1223,-86.7176,POINT (-86.7176 36.1223)
20190317668,04/24/2019 10:54:00 PM,2,0,0,,Y,330433,4,ANGLE,21,CLEAR,2,DARK - NOT LIGHTED,12,MOTOR VEHICLE IN TRANSPORT,CHESAPEAKE DR & MOOREWOOD DR,NASHVILLE,TN,37207,2033,MADISO,36.2538,-86.7741,POINT (-86.7741 36.2538)
20190162952,03/01/2019 12:00:00 AM,1,0,0,Y,Y,206680,9,UNKNOWN,2,RAIN,3,DARK - LIGHTED,99,UNKNOWN MOST HARMFUL EVENT,EWING DR & EWING LN,NASHVILLE,TN,37207,3029,NORTH,36.2324,-86.7869,POINT (-86.7869 36.2324)
20190115982,02/12/2019 12:59:00 PM,2,0,0,,N,716886,11,Front to Rear,2,RAIN,1,DAYLIGHT,12,MOTOR VEHICLE IN TRANSPORT,I40 E EXT RAMP & I 40,NASHVILLE,TN,37214,8955,HERMIT,36.155,-86.6271,POINT (-86.6271 36.155)
20190272873,04/09/2019 12:56:00 PM,2,0,0,,Y,320574,5,SIDESWIPE - SAME DIRECTION,21,CLEAR,1,DAYLIGHT,12,MOTOR VEHICLE IN TRANSPORT,2800 OPRYLAND DR,NASHVILLE,TN,37214,9209,HERMIT,36.2129,-86.6946,POINT (-86.6946 36.2129)
20190438783,06/09/2019 01:00:00 PM,3,2,0,,N,633381,4,ANGLE,21,CLEAR,1,DAYLIGHT,12,MOTOR VEHICLE IN TRANSPORT,MM 62 3 I 24,ANTIOCH,TN,37013,8806,SOUTH,36.0177,-86.6241,POINT (-86.6241 36.0177)
20190579480,08/04/2019 02:05:00 PM,1,1,0,,N,584947,0,NOT COLLISION W/MOTOR VEHICLE-TRANSPORT,2,RAIN,1,DAYLIGHT,8,PEDESTRIAN,23RD AVN & ELLISTON PL,NASHVILLE,TN,37203,5615,MIDTOW,36.1501,-86.8055,POINT (-86.8055 36.1501)
20190047322,01/18/2019 02:27:00 PM,2,0,0,,N,320580,5,SIDESWIPE - SAME DIRECTION,22,CLOUDY,1,DAYLIGHT,12,MOTOR VEHICLE IN TRANSPORT,MM 215 5 I 40,NASHVILLE,TN,37217,89020,HERMIT,36.1432,-86.6865,POINT (-86.6865 36.1432)
20190162449,02/28/2019 07:56:00 PM,2,0,0,,N,909486,4,ANGLE,21,CLEAR,3,DARK - LIGHTED,12,MOTOR VEHICLE IN TRANSPORT,NOLENSVILLE PKE & WELSHWOOD DR,NASHVILLE,TN,37211,8501,MIDTOW,36.0826,-86.7273,POINT (-86.7273 36.0826)
20190301727,04/19/2019 10:46:00 AM,2,1,0,,N,584947,2,HEAD-ON,2,RAIN,1,DAYLIGHT,12,MOTOR VEHICLE IN TRANSPORT,HARDING PL & OVERCREST DR,NASHVILLE,TN,37211,8609,MIDTOW,36.0772,-86.7336,POINT (-86.7336 36.0772)
20190365702,05/13/2019 10:50:00 AM,2,0,0,,N,402660,11,Front to Rear,21,CLEAR,1,DAYLIGHT,12,MOTOR VEHICLE IN TRANSPORT,HARDING PKE & KENNER AV,NASHVILLE,TN,37205,6021,WEST,36.1261,-86.8461,POINT (-86.8461 36.1261)
20190331256,04/30/2019 07:05:00 AM,2,0,0,,N,716886,4,ANGLE,21,CLEAR,1,DAYLIGHT,12,MOTOR VEHICLE IN TRANSPORT,HARDING PL & TRAVELERS INN DR,NASHVILLE,TN,37211,8705,SOUTH,36.085,-86.7031,POINT (-86.7031 36.085)
20190523885,07/13/2019 01:48:00 AM,2,0,0,,Y,169414,11,Front to Rear,21,CLEAR,3,DARK - LIGHTED,14,PARKED MOTOR VEHICLE,EAGLE VIEW BLVD & BELL RD,ANTIOCH,TN,37013,8865,SOUTH,36.0486,-86.6461,POINT (-86.6461 36.0486)
20190079506,01/30/2019 09:09:00 AM,2,0,0,,N,109534,11,Front to Rear,22,CLOUDY,1,DAYLIGHT,12,MOTOR VEHICLE IN TRANSPORT,MM 211 8 I 40,NASHVILLE,TN,37210,90022,HERMIT,36.149,-86.7465,POINT (-86.7465 36.149)
20190010208,01/04/2019 07:00:00 PM,2,0,0,,N,311328,11,Front to Rear,2,RAIN,2,DARK - NOT LIGHTED,12,MOTOR VEHICLE IN TRANSPORT,GEORGE L DAVIS BLVD & CHARLOTTE AV,NASHVILLE,TN,37203,4205,CENTRA,36.1612,-86.7927,POINT (-86.7927 36.1612)
20190504140,07/04/2019 12:09:00 PM,2,1,0,,N,332216,5,SIDESWIPE - SAME DIRECTION,22,CLOUDY,1,DAYLIGHT,12,MOTOR VEHICLE IN TRANSPORT,2ND AVS & LINDSLEY AV,NASHVILLE,TN,37210,4005,CENTRA,36.1524,-86.769,POINT (-86.769 36.1524)