Accident Number,Date and Time,Number of Motor Vehicles,Number of Injuries,Number of Fatalities,Property Damage,Hit and Run,Reporting Officer,Collision Type Code,Collision Type Description,Weather Code,Weather Description,Illumination Code,Illumination Description,Harmful Code,Harmful Code Description,Street Address,City,State,ZIP,RPA,Precinct,Latitude,Longitude,Mapped Location
20190502705,07/03/2019 09:12:00 PM,2,0,0,,Y,256386,5,SIDESWIPE - SAME DIRECTION,2,RAIN,3,DARK - LIGHTED,12,MOTOR VEHICLE IN TRANSPORT,BELL RD & -UNKNOWN RAMP/ROAD -,NASHVILLE,TN,37214,8959,HERMIT,36.1561,-86.6191,POINT (-86.6191 36.1561)
20190370078,05/14/2019 07:13:00 PM,3,0,0,,Y,298867,2,HEAD-ON,21,CLEAR,3,DARK - LIGHTED,12;14,MOTOR VEHICLE IN TRANSPORT;PARKED MOTOR VEHICLE,501 PICTURE RIDGE TER,NASHVILLE,TN,37216,1813,EAST,36.2209,-86.7436,POINT (-86.7436 36.2209)
20190308510,04/22/2019 08:25:00 AM,2,0,0,,N,481573,4,ANGLE,21,CLEAR,1,DAYLIGHT,12,MOTOR VEHICLE IN TRANSPORT,14TH AVS & BROADWAY,NASHVILLE,TN,37203,5701,MIDTOW,36.1557,-86.7897,POINT (-86.7897 36.1557)
20190477777,06/24/2019 04:45:00 PM,2,0,0,,Y,299253,5,SIDESWIPE - SAME DIRECTION,21,CLEAR,1,DAYLIGHT,12,MOTOR VEHICLE IN TRANSPORT,ELLINGTON PKWYS & APEX ST,NASHVILLE,TN,37206,1992,EAST,36.1872,-86.7569,POINT (-86.7569 36.1872)
20190155020,02/26/2019 07:35:00 AM,2,0,0,,Y,226622,16,Rear to Side,21,CLEAR,1,DAYLIGHT,14,PARKED MOTOR VEHICLE,JAMES AV & NASHUA LN,NASHVILLE,TN,37209,4659,WEST,36.1629,-86.8715,POINT (-86.8715 36.1629)
20190344712,05/05/2019 12:00:00 AM,2,0,0,,Y,279206,5,SIDESWIPE - SAME DIRECTION,99,UNKNOWN,9,UNKNOWN,12;14,MOTOR VEHICLE IN TRANSPORT;PARKED MOTOR VEHICLE,CLAIBORNE ST & CANNON ST,NASHVILLE,TN,37210,8209,HERMIT,36.15,-86.7609,POINT (-86.7609 36.15)
20190195239,03/12/2019 08:40:00 PM,1,0,0,Y,N,256383,0,NOT COLLISION W/MOTOR VEHICLE-TRANSPORT,22,CLOUDY,3,DARK - LIGHTED,18,OTHER OBJECT (NOT FIXED),26 TUSCULUM RD,ANTIOCH,TN,37013,8713,SOUTH,36.0529,-86.6746,POINT (-86.6746 36.0529)
20190030623,01/12/2019 03:42:00 PM,2,0,0,,N,299266,11,Front to Rear,2,RAIN,1,DAYLIGHT,12,MOTOR VEHICLE IN TRANSPORT,ANTIOCH PKE & REEVES RD,ANTIOCH,TN,37013,8893,SOUTH,36.0655,-86.68,POINT (-86.68 36.0655)
20190369472,05/14/2019 03:34:00 PM,2,0,0,,N,256383,11,Front to Rear,21,CLEAR,1,DAYLIGHT,12,MOTOR VEHICLE IN TRANSPORT,HARDING PL & LINBAR DR,NASHVILLE,TN,37211,8705,SOUTH,36.0841,-86.7059,POINT (-86.7059 36.0841)
20190263741,04/05/2019 08:18:00 PM,2,1,0,,N,299266,4,ANGLE,22,CLOUDY,2,DARK - NOT LIGHTED,12,MOTOR VEHICLE IN TRANSPORT,BELL RD & MT VIEW RD,ANTIOCH,TN,37013,8865,SOUTH,36.05,-86.6496,POINT (-86.6496 36.05)
20190211092,03/18/2019 05:59:00 PM,2,1,0,,N,433550,11,Front to Rear,21,CLEAR,1,DAYLIGHT,12,MOTOR VEHICLE IN TRANSPORT,LEBANON PKE & OLD HICKORY BLVD,HERMITAGE,TN,37076,9613,HERMIT,36.1756,-86.6154,POINT (-86.6154 36.1756)
20190110108,02/10/2019 08:30:00 AM,2,0,0,,Y,468030,9,UNKNOWN,2,RAIN,1,DAYLIGHT,14,PARKED MOTOR VEHICLE,GRANADA AV & BAILEY ST,NASHVILLE,TN,37206,1927,EAST,36.1885,-86.7484,POINT (-86.7484 36.1885)
20190115159,02/12/2019 07:09:00 AM,2,0,0,,N,110063,11,Front to Rear,2,RAIN,1,DAYLIGHT,12,MOTOR VEHICLE IN TRANSPORT,MM 36 6 I 24,WHITES CREEK,TN,37189,33180,NORTH,36.3184,-86.8427,POINT (-86.8427 36.3184)
20190250160,04/01/2019 06:05:00 AM,2,0,0,,N,311804,4,ANGLE,21,CLEAR,1,DAYLIGHT,12,MOTOR VEHICLE IN TRANSPORT,INTERSTATE DR & JAMES ROBERTSON PKWY,NASHVILLE,TN,37213,1105,CENTRA,36.1714,-86.769,POINT (-86.769 36.1714)
20190544744,07/21/2019 03:12:00 PM,3,0,0,,Y,298858,11,Front to Rear,21,CLEAR,1,DAYLIGHT,12,MOTOR VEHICLE IN TRANSPORT,MM 49 0 I 24,NASHVILLE,TN,37206,10040,EAST,36.1664,-86.7647,POINT (-86.7647 36.1664)
20190388110,05/21/2019 01:22:00 PM,2,0,0,,N,267831,4,ANGLE,21,CLEAR,1,DAYLIGHT,12,MOTOR VEHICLE IN TRANSPORT,POST PL & LIONS HEAD CONDOMINIUMS PVTDR,NASHVILLE,TN,37209,5107,WEST,36.1291,-86.8516,POINT (-86.8516 36.1291)
20190282282,04/12/2019 12:00:00 AM,2,0,0,,N,298868,5,SIDESWIPE - SAME DIRECTION,21,CLEAR,1,DAYLIGHT,12,MOTOR VEHICLE IN TRANSPORT,I40 E EXT RAMP & I 40,NASHVILLE,TN,37214,8955,HERMIT,36.155,-86.6271,POINT (-86.6271 36.155)
20190415896,05/31/2019 11:02:00 AM,2,1,0,,N,462474,4,ANGLE,21,CLEAR,1,DAYLIGHT,12,MOTOR VEHICLE IN TRANSPORT,TYNE BLVD & BEAUREGARD DR,NASHVILLE,TN,37215,6309,MIDTOW,36.0711,-86.8267,POINT (-86.8267 36.0711)
20190292830,04/16/2019 12:00:00 AM,2,2,0,,N,256419,2,HEAD-ON,21,CLEAR,1,DAYLIGHT,12,MOTOR VEHICLE IN TRANSPORT,16TH AVN & JEFFERSON ST,NASHVILLE,TN,37208,5413,NORTH,36.1707,-86.8029,POINT (-86.8029 36.1707)
20190378540,05/17/2019 03:56:00 PM,2,0,0,,N,240966,4,ANGLE,21,CLEAR,1,DAYLIGHT,14,PARKED MOTOR VEHICLE,WILBURN ST & MERIDIAN ST,NASHVILLE,TN,37207,1947,EAST,36.1856,-86.7669,POINT (-86.7669 36.1856)
20190027866,01/11/2019 01:20:00 PM,2,0,0,,N,109534,11,Front to Rear,22,CLOUDY,1,DAYLIGHT,12,MOTOR VEHICLE IN TRANSPORT,MURFREESBORO PKE & MILLWOOD DR,NASHVILLE,TN,37217,8815,HERMIT,36.1295,-86.7147,POINT (-86.7147 36.1295)
20190467280,06/20/2019 12:00:00 AM,1,0,0,Y,Y,716886,0,NOT COLLISION W/MOTOR VEHICLE-TRANSPORT,99,UNKNOWN,9,UNKNOWN,40,MAIL BOX,BILLINGSGATE CT & BILLINGSGATE RD,ANTIOCH,TN,37013,8897,SOUTH,36.0765,-86.6641,POINT (-86.6641 36.0765)
20190263794,04/05/2019 09:05:00 PM,2,0,0,,Y,279124,11,Front to Rear,21,CLEAR,3,DARK - LIGHTED,12,MOTOR VEHICLE IN TRANSPORT,I24 E ENT RAMP & I 24,NASHVILLE,TN,37213,1007,CENTRA,36.1662,-86.7659,POINT (-86.7659 36.1662)
20190287341,04/14/2019 08:15:00 PM,2,0,0,,Y,256376,5,SIDESWIPE - SAME DIRECTION,21,CLEAR,3,DARK - LIGHTED,12;14,MOTOR VEHICLE IN TRANSPORT;PARKED MOTOR VEHICLE,IRELAND ST & 14TH AVN,NASHVILLE,TN,37208,5427,NORTH,36.1674,-86.7985,POINT (-86.7985 36.1674)
20190170645,03/04/2019 08:00:00 AM,3,0,0,,Y,212369,11,Front to Rear,21,CLEAR,1,DAYLIGHT,12,MOTOR VEHICLE IN TRANSPORT,FRANKLIN PKE & N CURTISWOOD LN,NASHVILLE,TN,37204,7015,MIDTOW,36.0899,-86.7716,POINT (-86.7716 36.0899)
20190452811,06/14/2019 01:39:00 PM,2,1,0,,N,262749,11,Front to Rear,21,CLEAR,1,DAYLIGHT,12,MOTOR VEHICLE IN TRANSPORT,LEBANON PKE & DANYACREST DR,NASHVILLE,TN,37214,9403,HERMIT,36.1786,-86.6447,POINT (-86.6447 36.1786)
20190549663,07/23/2019 02:10:00 PM,3,0,0,,N,161952,4,ANGLE,21,CLEAR,1,DAYLIGHT,12,MOTOR VEHICLE IN TRANSPORT,2107 BUENA VISTA PKE,NASHVILLE,TN,37218,3155,NORTH,36.1946,-86.8304,POINT (-86.8304 36.1946)
20190060027,01/23/2019 04:11:00 PM,2,0,0,,N,197070,4,ANGLE,2,RAIN,1,DAYLIGHT,12,MOTOR VEHICLE IN TRANSPORT,JEFFERSON ST & 21ST AVN,NASHVILLE,TN,37208,5351,NORTH,36.1688,-86.8114,POINT (-86.8114 36.1688)
20190253191,04/02/2019 06:45:00 AM,1,0,0,,N,226622,0,NOT COLLISION W/MOTOR VEHICLE-TRANSPORT,21,CLEAR,1,DAYLIGHT,50,DEER (ANIMAL),HIGHWAY 70 & BEVERLY HILLS DR,NASHVILLE,TN,37221,4713,WEST,36.0965,-87.0345,POINT (-87.0345 36.0965)
20190519824,07/11/2019 12:35:00 PM,2,1,0,,Y,594473,11,Front to Rear,21,CLEAR,1,DAYLIGHT,12,MOTOR VEHICLE IN TRANSPORT,WEDGEWOOD AV & MAGNOLIA BLVD,NASHVILLE,TN,37212,6619,MIDTOW,36.1366,-86.7952,POINT (-86.7952 36.1366)
20190493838,06/30/2019 07:10:00 PM,2,0,0,,N,311328,11,Front to Rear,21,CLEAR,1,DAYLIGHT,12,MOTOR VEHICLE IN TRANSPORT,COMMERCE ST & 5TH AVN,NASHVILLE,TN,37219,4107,CENTRA,36.1619,-86.7793,POINT (-86.7793 36.1619)
20190531238,07/16/2019 09:28:00 AM,2,0,0,,N,109534,5,SIDESWIPE - SAME DIRECTION,21,CLEAR,1,DAYLIGHT,12,MOTOR VEHICLE IN TRANSPORT,MM 211 1 I 40,NASHVILLE,TN,37210,8008,HERMIT,36.1539,-86.7571,POINT (-86.7571 36.1539)
20190209779,03/18/2019 08:45:00 AM,2,1,0,,N,665896,4,ANGLE,21,CLEAR,1,DAYLIGHT,12,MOTOR VEHICLE IN TRANSPORT,HANCOCK ST & MERIDIAN ST,NASHVILLE,TN,37207,1965,EAST,36.1838,-86.7685,POINT (-86.7685 36.1838)
20190428643,06/05/2019 12:38:00 PM,2,0,0,,N,226622,6,SIDESWIPE - OPPOSITE DIRECTION,22,CLOUDY,1,DAYLIGHT,12,MOTOR VEHICLE IN TRANSPORT,HIGHWAY 100 & NOTTINGHAM PL,NASHVILLE,TN,37221,4807,WEST,36.0566,-86.9247,POINT (-86.9247 36.0566)
20190246942,03/30/2019 12:00:00 AM,3,2,0,,Y,311333,11,Front to Rear,2,RAIN,2,DARK - NOT LIGHTED,12,MOTOR VEHICLE IN TRANSPORT,MURFREESBORO PKE & HOBSON PKE,ANTIOCH,TN,37013,8927,SOUTH,36.043,-86.6066,POINT (-86.6066 36.043)
20190324770,04/27/2019 02:11:00 PM,2,3,0,,N,429185,11,Front to Rear,21,CLEAR,1,DAYLIGHT,12,MOTOR VEHICLE IN TRANSPORT,OLD HICKORY BLVD & ANDREW JACKSON WAY,HERMITAGE,TN,37076,9561,HERMIT,36.1826,-86.6084,POINT (-86.6084 36.1826)
20190529981,07/15/2019 10:20:00 PM,3,0,0,,N,279124,5,SIDESWIPE - SAME DIRECTION,21,CLEAR,3,DARK - LIGHTED,12,MOTOR VEHICLE IN TRANSPORT,MM 62 1 I 24,ANTIOCH,TN,37013,8806,SOUTH,36.0195,-86.626,POINT (-86.626 36.0195)
20190222336,03/22/2019 02:44:00 AM,1,0,0,,N,279201,0,NOT COLLISION W/MOTOR VEHICLE-TRANSPORT,21,CLEAR,3,DARK - LIGHTED,7,,MM 212 4 I 40,NASHVILLE,TN,37210,82060,HERMIT,36.1441,-86.7389,POINT (-86.7389 36.1441)
20190406965,05/28/2019 11:30:00 AM,1,0,0,Y,N,676834,0,NOT COLLISION W/MOTOR VEHICLE-TRANSPORT,21,CLEAR,1,DAYLIGHT,30,UTILITY POLE,BUCHANAN ST & 25TH AVN,NASHVILLE,TN,37208,4463,NORTH,36.1804,-86.8179,POINT (-86.8179 36.1804)
20190394820,05/23/2019 12:00:00 AM,2,0,0,,N,887598,11,Front to Rear,21,CLEAR,1,DAYLIGHT,12,MOTOR VEHICLE IN TRANSPORT,MM 85 5 I 65,NASHVILLE,TN,37208,4304,CENTRA,36.1888,-86.793,POINT (-86.793 36.1888)
20190138896,02/20/2019 02:00:00 PM,2,0,0,,Y,665896,2,HEAD-ON,22,CLOUDY,1,DAYLIGHT,12;14;33,MOTOR VEHICLE IN TRANSPORT;PARKED MOTOR VEHICLE;CURB,LISCHEY AV & VAUGHN ST,NASHVILLE,TN,37207,1921,EAST,36.1881,-86.7642,POINT (-86.7642 36.1881)
20190239811,03/28/2019 07:11:00 AM,3,0,0,,N,179602,11,Front to Rear,21,CLEAR,1,DAYLIGHT,12,MOTOR VEHICLE IN TRANSPORT,MM 36 4 I 24,WHITES CREEK,TN,37189,33180,NORTH,36.3184,-86.8433,POINT (-86.8433 36.3184)
20190516624,07/10/2019 08:13:00 AM,3,0,0,,N,676834,11,Front to Rear,21,CLEAR,1,DAYLIGHT,12,MOTOR VEHICLE IN TRANSPORT,MM 85 0 I 65,NASHVILLE,TN,37208,43021,NORTH,36.1799,-86.8005,POINT (-86.8005 36.1799)
20190325686,04/27/2019 11:15:00 PM,2,1,0,,N,311800,98,OTHER,21,CLEAR,3,DARK - LIGHTED,12,MOTOR VEHICLE IN TRANSPORT,2ND AVS & LEA AV,NASHVILLE,TN,37210,4033,CENTRA,36.1554,-86.7709,POINT (-86.7709 36.1554)
20190174358,03/05/2019 10:45:00 AM,2,0,0,,Y,226098,4,ANGLE,21,CLEAR,1,DAYLIGHT,12,MOTOR VEHICLE IN TRANSPORT,OSAGE ST & 23RD AVN,NASHVILLE,TN,37208,4467,NORTH,36.1766,-86.8137,POINT (-86.8137 36.1766)
20190119004,02/13/2019 10:00:00 AM,4,0,0,,Y,716886,11,Front to Rear,21,CLEAR,1,DAYLIGHT,12,MOTOR VEHICLE IN TRANSPORT,BELL RD & CANE RIDGE RD,ANTIOCH,TN,37013,8753,SOUTH,36.0449,-86.6631,POINT (-86.6631 36.0449)
20190342711,05/04/2019 09:43:00 AM,2,0,0,,N,226306,4,ANGLE,22,CLOUDY,98,OTHER,13,MOTOR VEHICLE IN TRANSPORT-OTHER ROADWAY,BELLEVUE CTR PVTDR & HIGHWAY 70S,NASHVILLE,TN,37221,4813,WEST,36.0787,-86.9507,POINT (-86.9507 36.0787)
20190272430,04/09/2019 07:23:00 AM,1,0,0,Y,Y,311799,0,NOT COLLISION W/MOTOR VEHICLE-TRANSPORT,22,CLOUDY,1,DAYLIGHT,43,OTHER FIXED OBJECTS,BARBARA DR & VANTREASE RD,MADISON,TN,37115,1779,MADISO,36.253,-86.7247,POINT (-86.7247 36.253)
20190362321,05/11/2019 08:22:00 PM,1,0,0,,N,320585,0,NOT COLLISION W/MOTOR VEHICLE-TRANSPORT,2,RAIN,3,DARK - LIGHTED,11,OTHER ANIMAL,ELM HILL PKE & EMERY DR,NASHVILLE,TN,37214,9103,HERMIT,36.1517,-86.677,POINT (-86.677 36.1517)
20190080896,01/30/2019 06:22:00 PM,3,2,0,,N,834813,11,Front to Rear,21,CLEAR,3,DARK - LIGHTED,12,MOTOR VEHICLE IN TRANSPORT,ASHLAND CITY HWY & HYDESDALE LN,NASHVILLE,TN,37218,3167,NORTH,36.2066,-86.8558,POINT (-86.8558 36.2066)
20190057303,01/22/2019 05:11:00 PM,2,0,0,,N,298874,4,ANGLE,22,CLOUDY,5,DUSK,12,MOTOR VEHICLE IN TRANSPORT,S 5TH ST & RUSSELL ST,NASHVILLE,TN,37206,1113,EAST,36.1708,-86.7642,POINT (-86.7642 36.1708)
20190476755,06/24/2019 08:05:00 AM,1,0,0,,N,468030,0,NOT COLLISION W/MOTOR VEHICLE-TRANSPORT,2,RAIN,1,DAYLIGHT,71,EMBANKMENT EARTH,MM 86 5 I 65,NASHVILLE,TN,37207,3006,NORTH,36.1946,-86.7762,POINT (-86.7762 36.1946)
20190034396,01/14/2019 08:27:00 AM,2,0,0,,N,594473,11,Front to Rear,22,CLOUDY,1,DAYLIGHT,12,MOTOR VEHICLE IN TRANSPORT,HOLT RD & WINFIELD DR,NASHVILLE,TN,37211,8651,MIDTOW,36.0151,-86.7356,POINT (-86.7356 36.0151)
20190443755,06/11/2019 09:45:00 AM,2,0,0,,N,665896,5,SIDESWIPE - SAME DIRECTION,21,CLEAR,1,DAYLIGHT,12,MOTOR VEHICLE IN TRANSPORT,GALLATIN AV & STRATTON AV,NASHVILLE,TN,37206,1243,EAST,36.1824,-86.749,POINT (-86.749 36.1824)
20190097773,02/05/2019 06:14:00 PM,3,0,0,,N,169425,11,Front to Rear,21,CLEAR,3,DARK - LIGHTED,12,MOTOR VEHICLE IN TRANSPORT,WEDGEWOOD AV & 16TH AVS,NASHVILLE,TN,37212,6613,MIDTOW,36.1363,-86.7945,POINT (-86.7945 36.1363)
20190505142,07/04/2019 10:27:00 PM,2,0,0,Y,N,197075,4,ANGLE,21,CLEAR,3,DARK - LIGHTED,12;38;63,MOTOR VEHICLE IN TRANSPORT;FENCE;Ran Off Road-Right,EWING DR & BRICK CHURCH PKE,NASHVILLE,TN,37207,2031,MADISO,36.025,-86.721,POINT (-86.721 36.025)
20190081514,01/30/2019 11:15:00 PM,2,0,0,,Y,109531,3,REAR-TO-REAR,21,CLEAR,3,DARK - LIGHTED,14;55,PARKED MOTOR VEHICLE;Motor Vehicle-In-Motion Outside Trafficw,MCFERRIN AV & WOODLAND ST,NASHVILLE,TN,37206,1131,EAST,36.176,-86.7551,POINT (-86.7551 36.176)
20190520730,07/11/2019 08:25:00 PM,2,1,0,,N,240968,11,Front to Rear,21,CLEAR,3,DARK - LIGHTED,12,MOTOR VEHICLE IN TRANSPORT,ANDERSON RD & EDGEWATER DR,NASHVILLE,TN,37217,8985,HERMIT,36.0933,-86.6055,POINT (-86.6055 36.0933)
20190015493,01/07/2019 05:45:00 AM,4,0,0,Y,N,212321,11,Front to Rear,21,CLEAR,4,DAWN,12,MOTOR VEHICLE IN TRANSPORT,OLD HICKORY BLVD & EULALA DR,ANTIOCH,TN,37013,8757,SOUTH,36.0454,-86.7036,POINT (-86.7036 36.0454)
20190534791,07/17/2019 02:15:00 PM,2,0,0,,Y,320577,6,SIDESWIPE - OPPOSITE DIRECTION,21,CLEAR,1,DAYLIGHT,12,MOTOR VEHICLE IN TRANSPORT,BATTERY LN & WATERSWOOD DR,NASHVILLE,TN,37220,7103,MIDTOW,36.0881,-86.7856,POINT (-86.7856 36.0881)
20190135261,02/19/2019 10:19:00 AM,1,1,0,,N,226136,0,NOT COLLISION W/MOTOR VEHICLE-TRANSPORT,22,CLOUDY,1,DAYLIGHT,32;63,CULVERT;Ran Off Road-Right,HARDING PL & DANBY DR,NASHVILLE,TN,37211,8607,MIDTOW,36.0786,-86.7452,POINT (-86.7452 36.0786)
20190036019,01/14/2019 09:05:00 PM,2,0,0,,N,433550,5,SIDESWIPE - SAME DIRECTION,21,CLEAR,2,DARK - NOT LIGHTED,12,MOTOR VEHICLE IN TRANSPORT,MM 220 2 I 40,HERMITAGE,TN,37076,94021,HERMIT,36.1665,-86.6122,POINT (-86.6122 36.1665)
20190452293,06/14/2019 09:21:00 AM,2,0,0,,N,553957,11,Front to Rear,21,CLEAR,1,DAYLIGHT,12,MOTOR VEHICLE IN TRANSPORT,MM 212 3 I 40,NASHVILLE,TN,37210,8206,HERMIT,36.1447,-86.7399,POINT (-86.7399 36.1447)
20190005835,01/03/2019 06:04:00 AM,2,0,0,,Y,109534,5,SIDESWIPE - SAME DIRECTION,22,CLOUDY,3,DARK - LIGHTED,12;99,MOTOR VEHICLE IN TRANSPORT;UNKNOWN MOST HARMFUL EVENT,MM 59 6 I 24,ANTIOCH,TN,37013,88060,SOUTH,36.0438,-86.6561,POINT (-86.6561 36.0438)
20190332177,04/30/2019 02:23:00 PM,2,0,0,,N,109534,11,Front to Rear,21,CLEAR,1,DAYLIGHT,12,MOTOR VEHICLE IN TRANSPORT,ANDREW JACKSON PKWY & JACKSON PASS,HERMITAGE,TN,37076,9561,HERMIT,36.1873,-86.6083,POINT (-86.6083 36.1873)
20190356351,05/09/2019 01:10:00 PM,2,1,0,,N,462474,2,HEAD-ON,2,RAIN,1,DAYLIGHT,12,MOTOR VEHICLE IN TRANSPORT,NOLENSVILLE PKE & ELYSIAN FIELDS CT,NASHVILLE,TN,37211,8501,MIDTOW,36.0869,-86.7302,POINT (-86.7302 36.0869)
20190238536,03/27/2019 08:00:00 PM,2,0,0,,N,429193,4,ANGLE,21,CLEAR,3,DARK - LIGHTED,12,MOTOR VEHICLE IN TRANSPORT,PERCY WARNER BLVD & HARDING PK,NASHVILLE,TN,37205,4911,WEST,36.0848,-86.8944,POINT (-86.8944 36.0848)
20190187054,03/09/2019 04:21:00 PM,3,0,0,,N,256423,11,Front to Rear,2,RAIN,1,DAYLIGHT,12,MOTOR VEHICLE IN TRANSPORT,CLARKSVILLE PKE & OLD HICKORY BLVD,NASHVILLE,TN,37218,3231,NORTH,36.2764,-86.8688,POINT (-86.8688 36.2764)
20190050654,01/20/2019 01:47:00 AM,1,0,0,Y,N,345098,0,NOT COLLISION W/MOTOR VEHICLE-TRANSPORT,21,CLEAR,2,DARK - NOT LIGHTED,42;63;64;65,TREE;Ran Off Road-Right;Ran Off Road-Left;Cross Median,ANDREW JACKSON PKWY & HIGHLAND VIEW DR,HERMITAGE,TN,37076,9509,HERMIT,36.2069,-86.6056,POINT (-86.6056 36.2069)
20190542494,07/20/2019 01:11:00 PM,2,0,0,,Y,620072,3,REAR-TO-REAR,21,CLEAR,1,DAYLIGHT,12;14,MOTOR VEHICLE IN TRANSPORT;PARKED MOTOR VEHICLE,15TH AVN & BROADWAY,NASHVILLE,TN,37203,5701,MIDTOW,36.1552,-86.7907,POINT (-86.7907 36.1552)
20190332938,04/30/2019 07:43:00 PM,2,1,0,,N,256380,4,ANGLE,21,CLEAR,3,DARK - LIGHTED,12,MOTOR VEHICLE IN TRANSPORT,28TH AVE N & CLIFTON AVE,NASHVILLE,TN,37209,5345,NORTH,36.1587,-86.8185,POINT (-86.8185 36.1587)
20190347478,05/06/2019 01:38:00 PM,2,0,0,,N,226622,5,SIDESWIPE - SAME DIRECTION,21,CLEAR,1,DAYLIGHT,12,MOTOR VEHICLE IN TRANSPORT,HARDING PKE & KENNER AV,NASHVILLE,TN,37205,6021,WEST,36.1261,-86.8461,POINT (-86.8461 36.1261)
20190432012,06/06/2019 04:07:00 PM,3,0,0,,N,405418,4,ANGLE,22,CLOUDY,1,DAYLIGHT,12;14,MOTOR VEHICLE IN TRANSPORT;PARKED MOTOR VEHICLE,LYNN DR & DANBY DR,NASHVILLE,TN,37211,8501,MIDTOW,36.0812,-86.7448,POINT (-86.7448 36.0812)
20190126695,02/15/2019 09:10:00 PM,2,0,0,,Y,212337,11,Front to Rear,2,RAIN,3,DARK - LIGHTED,12,MOTOR VEHICLE IN TRANSPORT,MM 85 0 I 65,NASHVILLE,TN,37208,43021,NORTH,36.1799,-86.8005,POINT (-86.8005 36.1799)
20190557066,07/26/2019 07:31:00 AM,1,0,0,,N,225773,0,NOT COLLISION W/MOTOR VEHICLE-TRANSPORT,21,CLEAR,1,DAYLIGHT,36,CONCRETE TRAFFIC BARRIER,MM 79 4 I 65,NASHVILLE,TN,37204,70042,MIDTOW,36.105,-86.7672,POINT (-86.7672 36.105)
20190077616,01/29/2019 06:49:00 PM,2,0,0,,N,429193,4,ANGLE,21,CLEAR,2,DARK - NOT LIGHTED,12,MOTOR VEHICLE IN TRANSPORT,OLD HICKORY BLVD & CHARLOTTE PKE,NASHVILLE,TN,37209,4701,WEST,36.1167,-86.9233,POINT (-86.9233 36.1167)
20190453335,06/14/2019 05:30:00 PM,2,2,0,,N,256389,11,Front to Rear,21,CLEAR,1,DAYLIGHT,12,MOTOR VEHICLE IN TRANSPORT,MM 78 2 I 65,NASHVILLE,TN,37204,7002,MIDTOW,36.0883,-86.763,POINT (-86.763 36.0883)
20190025076,01/10/2019 02:00:00 PM,2,0,0,,Y,109534,11,Front to Rear,21,CLEAR,1,DAYLIGHT,12;99,MOTOR VEHICLE IN TRANSPORT;UNKNOWN MOST HARMFUL EVENT,KAREN DR & BRILEY PKWY,NASHVILLE,TN,37217,8827,HERMIT,36.1395,-86.7005,POINT (-86.7005 36.1395)
20190486498,06/27/2019 03:17:00 PM,2,0,0,,N,352159,4,ANGLE,21,CLEAR,1,DAYLIGHT,12,MOTOR VEHICLE IN TRANSPORT,ELM HILL PKE & MASSMAN DR,NASHVILLE,TN,37210,9017,HERMIT,36.1449,-86.711,POINT (-86.711 36.1449)
20190190305,03/11/2019 06:17:00 AM,2,0,0,,N,298859,11,Front to Rear,21,CLEAR,3,DARK - LIGHTED,12,MOTOR VEHICLE IN TRANSPORT,EDGE O LAKE DR & BROADVIEW DR,NASHVILLE,TN,37217,8939,HERMIT,36.08,-86.6437,POINT (-86.6437 36.08)
20190340889,05/03/2019 02:15:00 PM,2,0,0,,Y,151132,5,SIDESWIPE - SAME DIRECTION,22,CLOUDY,1,DAYLIGHT,14,PARKED MOTOR VEHICLE,HUNTERS LN & DICKERSON PKE,MADISON,TN,37115,2131,MADISO,36.2776,-86.7513,POINT (-86.7513 36.2776)
20190075743,01/29/2019 07:14:00 AM,2,0,0,,N,332216,5,SIDESWIPE - SAME DIRECTION,21,CLEAR,1,DAYLIGHT,12,MOTOR VEHICLE IN TRANSPORT,I 24 & I40 E ENT RAMP,NASHVILLE,TN,37217,8816,SOUTH,36.1367,-86.7267,POINT (-86.7267 36.1367)
20190537813,07/18/2019 05:41:00 PM,2,2,0,,N,320581,4,ANGLE,21,CLEAR,1,DAYLIGHT,12,MOTOR VEHICLE IN TRANSPORT,DOMINICAN DR & ROSA L PARKS BLVD,NASHVILLE,TN,37208,4403,NORTH,36.1879,-86.7985,POINT (-86.7985 36.1879)
20190096350,02/05/2019 09:27:00 AM,2,0,0,,Y,544481,11,Front to Rear,22,CLOUDY,1,DAYLIGHT,12,MOTOR VEHICLE IN TRANSPORT,JAMES ROBERTSON PKWY & ELLINGTON PKWY N,NASHVILLE,TN,37206,1109,EAST,36.1718,-86.768,POINT (-86.768 36.1718)
20190579295,08/04/2019 11:15:00 AM,2,0,0,,Y,474557,4,ANGLE,21,CLEAR,1,DAYLIGHT,12,MOTOR VEHICLE IN TRANSPORT,BELL RD & CANE RIDGE RD,ANTIOCH,TN,37013,8753,SOUTH,36.0449,-86.6631,POINT (-86.6631 36.0449)
20190566252,07/30/2019 08:45:00 AM,2,0,0,,N,414730,11,Front to Rear,22,CLOUDY,1,DAYLIGHT,12,MOTOR VEHICLE IN TRANSPORT,OLD HICKORY BLVD & ROCKY LN,NASHVILLE,TN,37221,4815,WEST,36.1078,-86.9224,POINT (-86.9224 36.1078)
20190047798,01/18/2019 12:00:00 AM,2,0,0,,N,197070,11,Front to Rear,21,CLEAR,3,DARK - LIGHTED,12,MOTOR VEHICLE IN TRANSPORT,MM 85 2 I 65,NASHVILLE,TN,37208,4404,NORTH,36.1833,-86.7989,POINT (-86.7989 36.1833)
20190151631,02/25/2019 06:50:00 AM,1,1,0,Y,N,223502,0,NOT COLLISION W/MOTOR VEHICLE-TRANSPORT,22,CLOUDY,1,DAYLIGHT,31;43,"OTHER POST, POLE, SUPP.;OTHER FIXED OBJECTS",2ND AVS & CHESTNUT ST,NASHVILLE,TN,37210,8141,SOUTH,36.1457,-86.7647,POINT (-86.7647 36.1457)