Accident Number,Date and Time,Number of Motor Vehicles,Number of Injuries,Number of Fatalities,Property Damage,Hit and Run,Reporting Officer,Collision Type Code,Collision Type Description,Weather Code,Weather Description,Illumination Code,Illumination Description,Harmful Code,Harmful Code Description,Street Address,City,State,ZIP,RPA,Precinct,Latitude,Longitude,Mapped Location
20190521451,07/12/2019 03:16:00 AM,2,0,0,,Y,173951,11,Front to Rear,21,CLEAR,3,DARK - LIGHTED,12,MOTOR VEHICLE IN TRANSPORT,ROSA L PARKS BLVD & I65 S ENT RAMP,NASHVILLE,TN,37208,4403,NORTH,36.1846,-86.7981,POINT (-86.7981 36.1846)
20190439287,06/09/2019 06:36:00 PM,1,0,0,,N,279124,0,NOT COLLISION W/MOTOR VEHICLE-TRANSPORT,2,RAIN,1,DAYLIGHT,36;64,CONCRETE TRAFFIC BARRIER;Ran Off Road-Left,MM 55 6 I 24,NASHVILLE,TN,37211,86020,SOUTH,36.0877,-86.7015,POINT (-86.7015 36.0877)
20190304524,04/20/2019 02:09:00 PM,2,2,0,,N,352183,11,Front to Rear,22,CLOUDY,1,DAYLIGHT,12,MOTOR VEHICLE IN TRANSPORT,SAWYER BROWN RD & HIGHWAY 70S,NASHVILLE,TN,37221,4811,WEST,36.0768,-86.9453,POINT (-86.9453 36.0768)
20190160740,02/28/2019 06:12:00 AM,2,2,0,,N,311325,4,ANGLE,21,CLEAR,5,DUSK,1;12;24,MOTOR VEHICLE IN TRANSPORT;GUARDRAIL FACE,OLD HICKORY BLVD & HADLEY AV,OLD HICKORY,TN,37138,9609,HERMIT,36.2525,-86.6478,POINT (-86.6478 36.2525)
20190209524,03/18/2019 06:43:00 AM,3,4,0,,N,161952,11,Front to Rear,21,CLEAR,4,DAWN,12,MOTOR VEHICLE IN TRANSPORT,MM 87 1 I 65,NASHVILLE,TN,37207,18020,EAST,36.2041,-86.7765,POINT (-86.7765 36.2041)
20190089555,02/02/2019 05:08:00 PM,1,0,0,,N,206676,0,NOT COLLISION W/MOTOR VEHICLE-TRANSPORT,22,CLOUDY,1,DAYLIGHT,36,CONCRETE TRAFFIC BARRIER,MM 93 7 I 65,GOODLETTSVILLE,TN,37072,17061,MADISO,36.2845,-86.7293,POINT (-86.7293 36.2845)
20190195418,03/12/2019 11:03:00 PM,2,0,0,,N,468098,4,ANGLE,21,CLEAR,3,DARK - LIGHTED,12,MOTOR VEHICLE IN TRANSPORT,BELL RD & CANE RIDGE RD,ANTIOCH,TN,37013,8753,SOUTH,36.0449,-86.6631,POINT (-86.6631 36.0449)
20190101066,02/06/2019 07:01:00 PM,3,0,0,,Y,206675,11,Front to Rear,2,RAIN,2,DARK - NOT LIGHTED,12,MOTOR VEHICLE IN TRANSPORT,I440 ENT RAMP & I440 ENT RAMP,NASHVILLE,TN,37204,7018,MIDTOW,36.1131,-86.7719,POINT (-86.7719 36.1131)
20190439119,06/09/2019 04:52:00 PM,3,0,0,,N,320585,11,Front to Rear,2,RAIN,1,DAYLIGHT,55,Motor Vehicle-In-Motion Outside Trafficw,MM 211 8 I 40,NASHVILLE,TN,37210,90022,HERMIT,36.149,-86.7465,POINT (-86.7465 36.149)
20190230857,03/25/2019 10:45:00 AM,2,0,0,,N,191578,5,SIDESWIPE - SAME DIRECTION,22,CLOUDY,1,DAYLIGHT,12,MOTOR VEHICLE IN TRANSPORT,OLD HICKORY BLVD & ANDREW JACKSON WAY,HERMITAGE,TN,37076,9561,HERMIT,36.1826,-86.6084,POINT (-86.6084 36.1826)
20190012995,01/06/2019 12:46:00 AM,2,0,0,,N,134867,11,Front to Rear,21,CLEAR,3,DARK - LIGHTED,12,MOTOR VEHICLE IN TRANSPORT,BROADWAY & I40 W ENT RAMP,NASHVILLE,TN,37203,4081,CENTRA,36.156,-86.7889,POINT (-86.7889 36.156)
20190405428,05/27/2019 08:24:00 PM,2,0,0,,N,169425,5,SIDESWIPE - SAME DIRECTION,21,CLEAR,3,DARK - LIGHTED,12,MOTOR VEHICLE IN TRANSPORT,WEDGEWOOD AV & 21ST AVS,NASHVILLE,TN,37212,5825,MIDTOW,36.1376,-86.8008,POINT (-86.8008 36.1376)
20190379159,05/17/2019 08:18:00 PM,2,2,0,,N,579971,4,ANGLE,21,CLEAR,3,DARK - LIGHTED,12,MOTOR VEHICLE IN TRANSPORT,OCALA DR & NOLENSVILLE PKE,NASHVILLE,TN,37211,8717,SOUTH,36.0516,-86.714,POINT (-86.714 36.0516)
20190378628,05/17/2019 03:40:00 PM,2,0,0,,Y,256427,11,Front to Rear,21,CLEAR,1,DAYLIGHT,12,MOTOR VEHICLE IN TRANSPORT,700 CANNON ST,NASHVILLE,TN,37210,8209,HERMIT,36.1503,-86.7587,POINT (-86.7587 36.1503)
20190162117,02/28/2019 04:07:00 PM,2,0,0,,N,256389,4,ANGLE,21,CLEAR,1,DAYLIGHT,12,MOTOR VEHICLE IN TRANSPORT,HUBBS ALY & 19TH AVN,NASHVILLE,TN,37203,5511,MIDTOW,36.1544,-86.8001,POINT (-86.8001 36.1544)
20190569536,07/31/2019 01:52:00 PM,2,1,0,,N,299243,11,Front to Rear,21,CLEAR,1,DAYLIGHT,12,MOTOR VEHICLE IN TRANSPORT,MM 47 7 I 24,NASHVILLE,TN,37207,19020,EAST,36.179,-86.7737,POINT (-86.7737 36.179)
20190158929,02/27/2019 02:27:00 PM,2,0,0,,N,240960,11,Front to Rear,21,CLEAR,1,DAYLIGHT,12,MOTOR VEHICLE IN TRANSPORT,DICKERSON PKE & N 1ST ST,NASHVILLE,TN,37207,1961,EAST,36.1817,-86.7741,POINT (-86.7741 36.1817)
20190449274,06/13/2019 09:34:00 AM,2,0,0,,Y,191578,6,SIDESWIPE - OPPOSITE DIRECTION,21,CLEAR,1,DAYLIGHT,12,MOTOR VEHICLE IN TRANSPORT,ELM HILL PKE & SPENCE LN,NASHVILLE,TN,37210,9017,HERMIT,36.144,-86.7226,POINT (-86.7226 36.144)
20190049150,01/19/2019 09:20:00 AM,1,0,0,,N,693093,0,NOT COLLISION W/MOTOR VEHICLE-TRANSPORT,2,RAIN,1,DAYLIGHT,34,DITCH,MM 41 2 I 24,WHITES CREEK,TN,37189,3226,NORTH,36.2687,-86.7931,POINT (-86.7931 36.2687)
20190347959,05/06/2019 04:52:00 PM,2,0,0,,N,320585,5,SIDESWIPE - SAME DIRECTION,21,CLEAR,1,DAYLIGHT,12,MOTOR VEHICLE IN TRANSPORT,MM 211 6 I 40,NASHVILLE,TN,37210,82042,HERMIT,36.1508,-86.7502,POINT (-86.7502 36.1508)
20190161409,02/28/2019 11:50:00 AM,1,0,0,,N,267831,0,NOT COLLISION W/MOTOR VEHICLE-TRANSPORT,22,CLOUDY,1,DAYLIGHT,33,CURB,HIGHWAY 70S & COLICE JEANNE RD,NASHVILLE,TN,37221,4811,WEST,36.074,-86.9353,POINT (-86.9353 36.074)
20190132982,02/18/2019 04:32:00 PM,2,0,0,,N,311333,4,ANGLE,21,CLEAR,1,DAYLIGHT,12,MOTOR VEHICLE IN TRANSPORT,HICKORY HOLLOW LN & BELL RD,ANTIOCH,TN,37013,8863,SOUTH,36.0491,-86.6517,POINT (-86.6517 36.0491)
20190524728,07/13/2019 12:52:00 PM,2,0,0,,N,267831,11,Front to Rear,21,CLEAR,1,DAYLIGHT,12,MOTOR VEHICLE IN TRANSPORT,I40 E EXT RAMP & I 40,NASHVILLE,TN,37214,8955,HERMIT,36.155,-86.6271,POINT (-86.6271 36.155)
20190483542,06/26/2019 04:02:00 PM,2,0,0,,N,197068,11,Front to Rear,21,CLEAR,1,DAYLIGHT,12,MOTOR VEHICLE IN TRANSPORT,MM 47 1 I 24,NASHVILLE,TN,37207,1904,CENTRA,36.187,-86.776,POINT (-86.776 36.187)
20190572980,08/01/2019 08:21:00 PM,1,0,0,Y,N,320579,0,NOT COLLISION W/MOTOR VEHICLE-TRANSPORT,21,CLEAR,3,DARK - LIGHTED,1;33;34;38,CURB;DITCH;FENCE,HAYSBORO AV & TANGLEWOOD DR,NASHVILLE,TN,37216,1515,EAST,36.2313,-86.7173,POINT (-86.7173 36.2313)
20190251323,04/01/2019 02:39:00 PM,2,0,0,,N,256383,4,ANGLE,21,CLEAR,1,DAYLIGHT,12,MOTOR VEHICLE IN TRANSPORT,MURFREESBORO PKE & HOBSON PKE,ANTIOCH,TN,37013,8927,SOUTH,36.043,-86.6066,POINT (-86.6066 36.043)
20190302210,04/19/2019 02:44:00 PM,1,1,0,,N,256423,0,NOT COLLISION W/MOTOR VEHICLE-TRANSPORT,2,RAIN,1,DAYLIGHT,36,CONCRETE TRAFFIC BARRIER,BRILEY PKWY E EXT RAMP & BRILEY PKWYE,NASHVILLE,TN,37207,3025,NORTH,36.2331,-86.8211,POINT (-86.8211 36.2331)
20190498104,07/02/2019 09:40:00 AM,2,0,0,,Y,473670,6,SIDESWIPE - OPPOSITE DIRECTION,21,CLEAR,1,DAYLIGHT,12,MOTOR VEHICLE IN TRANSPORT,FORREST AV & N 14TH ST,NASHVILLE,TN,37206,1217,EAST,36.1781,-86.7456,POINT (-86.7456 36.1781)
20190115124,02/12/2019 06:25:00 AM,2,0,0,,N,226136,11,Front to Rear,2,RAIN,3,DARK - LIGHTED,12,MOTOR VEHICLE IN TRANSPORT,MM 79 5 I 65,NASHVILLE,TN,37204,70042,MIDTOW,36.106,-86.7678,POINT (-86.7678 36.106)
20190240082,03/28/2019 09:22:00 AM,2,0,0,,N,191578,4,ANGLE,21,CLEAR,1,DAYLIGHT,12,MOTOR VEHICLE IN TRANSPORT,BELL RD & SMITH SPRINGS RD,NASHVILLE,TN,37217,8987,HERMIT,36.0904,-86.6264,POINT (-86.6264 36.0904)
20190177069,03/06/2019 05:54:00 AM,1,0,0,,N,405424,0,NOT COLLISION W/MOTOR VEHICLE-TRANSPORT,98,OTHER (NARRATIVE),4,DAWN,36,CONCRETE TRAFFIC BARRIER,BELL RD & STEWARTS FERRY PIKE,NASHVILLE,TN,37214,8955,HERMIT,36.1522,-86.625,POINT (-86.625 36.1522)
20190316485,04/24/2019 01:08:00 PM,2,0,0,,N,620080,11,Front to Rear,21,CLEAR,1,DAYLIGHT,12,MOTOR VEHICLE IN TRANSPORT,LIONS HEAD VILLAGE PVTDR & WHITE BRIDGE,NASHVILLE,TN,37209,5107,WEST,36.1297,-86.8526,POINT (-86.8526 36.1297)
20190576896,08/03/2019 08:25:00 AM,2,0,0,,N,473670,4,ANGLE,21,CLEAR,4,DAWN,14,PARKED MOTOR VEHICLE,MM 0 0 CRESCENT HILL ROAD,NASHVILLE,TN,37206,1357,EAST,36.1874,-86.7094,POINT (-86.7094 36.1874)
20190350365,05/07/2019 11:25:00 AM,2,0,0,,Y,716886,3,REAR-TO-REAR,21,CLEAR,1,DAYLIGHT,12,MOTOR VEHICLE IN TRANSPORT,NOLENSVILLE PKE & WELSHWOOD DR,NASHVILLE,TN,37211,8501,MIDTOW,36.0826,-86.7273,POINT (-86.7273 36.0826)
20190068352,01/26/2019 11:27:00 AM,2,0,0,,N,320575,4,ANGLE,21,CLEAR,1,DAYLIGHT,12,MOTOR VEHICLE IN TRANSPORT,RANSOM CT & RANSOM PL,NASHVILLE,TN,37217,8853,SOUTH,36.0882,-86.6524,POINT (-86.6524 36.0882)
20190493157,06/30/2019 11:29:00 AM,2,2,0,,Y,352199,11,Front to Rear,21,CLEAR,1,DAYLIGHT,12,MOTOR VEHICLE IN TRANSPORT,OLD HICKORY BLVD & FRIST BLVD,HERMITAGE,TN,37076,9561,HERMIT,36.1821,-86.6076,POINT (-86.6076 36.1821)
20190260755,04/04/2019 04:58:00 PM,2,0,0,,N,197054,4,ANGLE,21,CLEAR,1,DAYLIGHT,12,MOTOR VEHICLE IN TRANSPORT,DONELSON PKE & I40 W ENT RAMP,NASHVILLE,TN,37214,9103,HERMIT,36.143,-86.6667,POINT (-86.6667 36.143)
20190540412,07/19/2019 04:44:00 PM,2,2,0,,Y,256380,11,Front to Rear,21,CLEAR,1,DAYLIGHT,12,MOTOR VEHICLE IN TRANSPORT,ED TEMPLE BLVD & JEFFERSON ST,NASHVILLE,TN,37208,4523,NORTH,36.1678,-86.8208,POINT (-86.8208 36.1678)
20190217645,03/20/2019 04:10:00 PM,2,0,0,,N,256427,11,Front to Rear,21,CLEAR,1,DAYLIGHT,12,MOTOR VEHICLE IN TRANSPORT,MM 212 0 I 40,NASHVILLE,TN,37210,90041,HERMIT,36.147,-86.7433,POINT (-86.7433 36.147)
20190550106,07/23/2019 05:34:00 PM,2,0,0,,N,690942,4,ANGLE,21,CLEAR,1,DAYLIGHT,12,MOTOR VEHICLE IN TRANSPORT,8TH AVS & 8TH AVS,NASHVILLE,TN,37203,4041,CENTRA,36.1545,-86.7796,POINT (-86.7796 36.1545)
20190552882,07/24/2019 04:40:00 PM,3,5,1,,N,298861,2,HEAD-ON,21,CLEAR,1,DAYLIGHT,12,MOTOR VEHICLE IN TRANSPORT,MM 217 1 I 40,NASHVILLE,TN,37214,89062,HERMIT,36.1452,-86.646,POINT (-86.646 36.1452)
20190625766,08/01/2019 12:00:00 AM,1,1,0,,N,352204,0,NOT COLLISION W/MOTOR VEHICLE-TRANSPORT,21,CLEAR,2,DARK - NOT LIGHTED,8,PEDESTRIAN,GENERAL GEORGE PATTON RD & HARPETH RIV M,NASHVILLE,TN,37221,4811,WEST,36.0686,-86.9513,POINT (-86.9513 36.0686)
20190004393,01/02/2019 05:05:00 PM,4,0,0,,N,256383,11,Front to Rear,22,CLOUDY,3,DARK - LIGHTED,12,MOTOR VEHICLE IN TRANSPORT,MM 54 5 I 24,NASHVILLE,TN,37211,84021,SOUTH,36.0999,-86.7113,POINT (-86.7113 36.0999)
20190044399,01/17/2019 03:38:00 PM,2,0,0,,Y,151132,11,Front to Rear,2,RAIN,1,DAYLIGHT,12,MOTOR VEHICLE IN TRANSPORT,CREEKWOOD DR & SKYLINE VILLAGE PVTDR,NASHVILLE,TN,37207,2005,MADISO,36.2326,-86.7699,POINT (-86.7699 36.2326)
20190148915,02/24/2019 01:14:00 AM,2,0,0,,Y,299254,11,Front to Rear,21,CLEAR,3,DARK - LIGHTED,12,MOTOR VEHICLE IN TRANSPORT,HAYWOOD LN & ANTIOCH PKE,NASHVILLE,TN,37211,8851,SOUTH,36.0702,-86.6848,POINT (-86.6848 36.0702)
20190354473,05/08/2019 08:06:00 PM,2,1,0,,N,240955,4,ANGLE,21,CLEAR,3,DARK - LIGHTED,12,MOTOR VEHICLE IN TRANSPORT,MURFREESBORO PKE & FOREST VIEW DR,ANTIOCH,TN,37013,8865,SOUTH,36.0674,-86.6313,POINT (-86.6313 36.0674)
20190005849,01/03/2019 06:53:00 AM,2,0,0,,N,226673,11,Front to Rear,22,CLOUDY,1,DAYLIGHT,12,MOTOR VEHICLE IN TRANSPORT,MM 209 4 I 40,NASHVILLE,TN,37203,40041,CENTRA,36.1519,-86.7866,POINT (-86.7866 36.1519)
20190532146,07/16/2019 04:15:00 PM,2,0,0,,N,420040,11,Front to Rear,22,CLOUDY,1,DAYLIGHT,12,MOTOR VEHICLE IN TRANSPORT,14TH AVS & BROADWAY,NASHVILLE,TN,37203,5701,MIDTOW,36.1557,-86.7897,POINT (-86.7897 36.1557)
20190426961,06/04/2019 12:00:00 AM,2,0,0,,Y,256493,9,UNKNOWN,99,UNKNOWN,3,DARK - LIGHTED,14,PARKED MOTOR VEHICLE,800 GLASTONBURY RD,NASHVILLE,TN,37217,8825,HERMIT,36.1355,-86.7016,POINT (-86.7016 36.1355)
20190156973,02/26/2019 06:30:00 PM,2,0,0,,Y,256493,4,ANGLE,21,CLEAR,3,DARK - LIGHTED,14,PARKED MOTOR VEHICLE,LONGHUNTER LN & LONGHUNTER CT,NASHVILLE,TN,37217,8935,HERMIT,36.0931,-86.6431,POINT (-86.6431 36.0931)
20190360792,05/11/2019 02:30:00 AM,2,0,0,,Y,320598,11,Front to Rear,2,RAIN,3,DARK - LIGHTED,14,PARKED MOTOR VEHICLE,5242 ELLINGTON CIR,NASHVILLE,TN,37211,8657,MIDTOW,36.0577,-86.7399,POINT (-86.7399 36.0577)
20190556273,07/25/2019 11:26:00 PM,3,6,1,,N,330420,11,Front to Rear,21,CLEAR,3,DARK - LIGHTED,12;36,MOTOR VEHICLE IN TRANSPORT;CONCRETE TRAFFIC BARRIER,MM 214 5 I 40,NASHVILLE,TN,37217,88022,HERMIT,36.1434,-86.7031,POINT (-86.7031 36.1434)
20190262424,04/08/2019 07:50:00 AM,2,0,0,,N,693093,11,Front to Rear,2,RAIN,1,DAYLIGHT,12,MOTOR VEHICLE IN TRANSPORT,GALLATIN PKEN & RIVERGATE MARKETPLACE PV,MADISON,TN,37115,1731,MADISO,36.3044,-86.6895,POINT (-86.6895 36.3044)
20190321896,04/26/2019 08:52:00 AM,2,0,0,,N,462501,5,SIDESWIPE - SAME DIRECTION,21,CLEAR,1,DAYLIGHT,12,MOTOR VEHICLE IN TRANSPORT,CHARLOTTE AV & 5TH AVN,NASHVILLE,TN,37219,4203,CENTRA,36.1659,-86.7819,POINT (-86.7819 36.1659)
20190389040,05/21/2019 06:43:00 PM,2,0,0,,Y,151132,6,SIDESWIPE - OPPOSITE DIRECTION,21,CLEAR,1,DAYLIGHT,12;14,MOTOR VEHICLE IN TRANSPORT;PARKED MOTOR VEHICLE,GALLATIN PKEN & TWIN HILLS DR,MADISON,TN,37115,1731,MADISO,36.3021,-86.6928,POINT (-86.6928 36.3021)
20190561925,07/28/2019 12:14:00 PM,2,0,0,,N,320574,11,Front to Rear,21,CLEAR,1,DAYLIGHT,12,MOTOR VEHICLE IN TRANSPORT,MCGAVOCK PKE & LEBANON PKE,NASHVILLE,TN,37214,9307,HERMIT,36.1697,-86.6798,POINT (-86.6798 36.1697)
20190296256,04/17/2019 05:03:00 PM,3,1,0,,N,256448,11,Front to Rear,21,CLEAR,1,DAYLIGHT,12,MOTOR VEHICLE IN TRANSPORT,BRILEY PKWYW & BRILEY PKWYE,NASHVILLE,TN,37218,3216,NORTH,36.2254,-86.8638,POINT (-86.8638 36.2254)
20190285716,04/14/2019 05:13:00 AM,1,0,0,Y,N,311341,0,NOT COLLISION W/MOTOR VEHICLE-TRANSPORT,2,RAIN,3,DARK - LIGHTED,30;71,UTILITY POLE;EMBANKMENT EARTH,400 OLD HICKORY BLVD,MADISON,TN,37115,1743,MADISO,36.2637,-86.7178,POINT (-86.7178 36.2637)
20190021523,01/09/2019 09:33:00 AM,2,0,0,,Y,320586,11,Front to Rear,21,CLEAR,1,DAYLIGHT,12,MOTOR VEHICLE IN TRANSPORT,MURFREESBORO PKE & DONELSON PKE,NASHVILLE,TN,37217,8841,SOUTH,36.1062,-86.6731,POINT (-86.6731 36.1062)
20190574629,08/02/2019 12:08:00 PM,2,0,0,,N,716886,11,Front to Rear,21,CLEAR,1,DAYLIGHT,12,MOTOR VEHICLE IN TRANSPORT,OLD HICKORY BLVD & HOBSON PKE,ANTIOCH,TN,37013,8867,SOUTH,36.036,-86.611,POINT (-86.611 36.036)
20190422566,06/03/2019 10:05:00 AM,2,0,0,,N,352173,11,Front to Rear,21,CLEAR,1,DAYLIGHT,12,MOTOR VEHICLE IN TRANSPORT,SMITH SPRINGS RD & CLEARLAKE DRW,NASHVILLE,TN,37217,8929,HERMIT,36.0891,-86.6143,POINT (-86.6143 36.0891)
20190292162,04/16/2019 12:40:00 PM,2,0,0,,N,807344,4,ANGLE,21,CLEAR,1,DAYLIGHT,12,MOTOR VEHICLE IN TRANSPORT,BROADWAY & I40 W ENT RAMP,NASHVILLE,TN,37203,4081,CENTRA,36.156,-86.7889,POINT (-86.7889 36.156)
20190178228,03/06/2019 01:21:00 PM,2,0,0,,N,226136,4,ANGLE,21,CLEAR,1,DAYLIGHT,12,MOTOR VEHICLE IN TRANSPORT,VANDERBILT PL & NATCHEZ TRC RAMP,NASHVILLE,TN,37212,5813,MIDTOW,36.1432,-86.8104,POINT (-86.8104 36.1432)
20190560245,07/27/2019 05:14:00 PM,2,0,0,,N,320585,0,NOT COLLISION W/MOTOR VEHICLE-TRANSPORT,21,CLEAR,1,DAYLIGHT,18,OTHER OBJECT (NOT FIXED),BRILEY PKWYS & OPRYLAND DR,NASHVILLE,TN,37214,9209,HERMIT,36.2067,-86.6906,POINT (-86.6906 36.2067)
20190344756,05/05/2019 12:00:00 AM,3,0,0,,Y,481573,5,SIDESWIPE - SAME DIRECTION,99,UNKNOWN,9,UNKNOWN,12;14,MOTOR VEHICLE IN TRANSPORT;PARKED MOTOR VEHICLE,18TH AVS & CHET ATKINS PL,NASHVILLE,TN,37203,6715,MIDTOW,36.149,-86.7947,POINT (-86.7947 36.149)
20190204981,03/16/2019 03:58:00 AM,1,0,0,,N,298875,0,NOT COLLISION W/MOTOR VEHICLE-TRANSPORT,21,CLEAR,2,DARK - NOT LIGHTED,18,OTHER OBJECT (NOT FIXED),APACHE TRL & HAYWOOD SQUARE PVTDR,NASHVILLE,TN,37211,8709,SOUTH,36.0687,-86.6939,POINT (-86.6939 36.0687)
20190203442,03/15/2019 02:44:00 PM,2,1,0,,N,579971,4,ANGLE,21,CLEAR,1,DAYLIGHT,12,MOTOR VEHICLE IN TRANSPORT,MURFREESBORO PKE & HURRICANE CREEK BLVD,ANTIOCH,TN,37013,8869,SOUTH,36.0302,-86.5926,POINT (-86.5926 36.0302)
20190303360,04/20/2019 12:30:00 AM,1,0,0,,N,332215,0,NOT COLLISION W/MOTOR VEHICLE-TRANSPORT,2,RAIN,3,DARK - LIGHTED,36,CONCRETE TRAFFIC BARRIER,MM 3 6 I 440,NASHVILLE,TN,37212,6502,MIDTOW,36.1161,-86.7967,POINT (-86.7967 36.1161)
20190147210,02/23/2019 08:57:00 AM,1,1,0,Y,N,909494,0,NOT COLLISION W/MOTOR VEHICLE-TRANSPORT,2,RAIN,1,DAYLIGHT,30,UTILITY POLE,ALHAMBRA CIR & DICKERSON PKE,NASHVILLE,TN,37207,1823,EAST,36.22,-86.7623,POINT (-86.7623 36.22)
20190569552,07/31/2019 12:00:00 AM,2,0,0,,Y,137872,4,ANGLE,21,CLEAR,1,DAYLIGHT,14,PARKED MOTOR VEHICLE,LEBANON PKE & BONNABROOK DR,HERMITAGE,TN,37076,9531,HERMIT,36.1917,-86.6248,POINT (-86.6248 36.1917)
20190538829,07/19/2019 02:30:00 AM,1,0,0,,Y,320578,0,NOT COLLISION W/MOTOR VEHICLE-TRANSPORT,21,CLEAR,2,DARK - NOT LIGHTED,32,CULVERT,0 I24 E ENT RAMP,ANTIOCH,TN,37013,8751,SOUTH,36.0451,-86.6602,POINT (-86.6602 36.0451)
20190207242,03/17/2019 03:40:00 AM,2,0,0,,Y,320578,4,ANGLE,21,CLEAR,3,DARK - LIGHTED,12,MOTOR VEHICLE IN TRANSPORT,HAYWOOD LN & EZELL RD,NASHVILLE,TN,37211,8709,SOUTH,36.0696,-86.6944,POINT (-86.6944 36.0696)
20190359091,05/10/2019 11:35:00 AM,2,0,0,,Y,716877,5,SIDESWIPE - SAME DIRECTION,21,CLEAR,1,DAYLIGHT,12,MOTOR VEHICLE IN TRANSPORT,MM 55 4 I 24,NASHVILLE,TN,37211,8812,SOUTH,36.0901,-86.7031,POINT (-86.7031 36.0901)
20190276615,04/10/2019 06:22:00 PM,2,0,0,,N,807326,5,SIDESWIPE - SAME DIRECTION,21,CLEAR,1,DAYLIGHT,12,MOTOR VEHICLE IN TRANSPORT,LAFAYETTE ST & ASH ST,NASHVILLE,TN,37210,4005,CENTRA,36.1521,-86.7721,POINT (-86.7721 36.1521)
20190472437,06/22/2019 12:00:00 AM,1,0,0,,N,212336,0,NOT COLLISION W/MOTOR VEHICLE-TRANSPORT,2,RAIN,3,DARK - LIGHTED,36,CONCRETE TRAFFIC BARRIER,BRILEY PKWYE & BRILEY PKWYW,NASHVILLE,TN,37207,20120,MADISO,36.2396,-86.7751,POINT (-86.7751 36.2396)
20190483788,06/26/2019 05:40:00 PM,2,0,0,,Y,320603,11,Front to Rear,21,CLEAR,1,DAYLIGHT,12,MOTOR VEHICLE IN TRANSPORT,HIGHWAY 100 & PASQUO RD,NASHVILLE,TN,37221,4807,WEST,36.0354,-86.9682,POINT (-86.9682 36.0354)
20190395071,05/23/2019 05:40:00 PM,2,1,0,,N,206675,11,Front to Rear,21,CLEAR,1,DAYLIGHT,12,MOTOR VEHICLE IN TRANSPORT,WAUFORD DR & HARDING PL,NASHVILLE,TN,37211,8605,MIDTOW,36.0805,-86.7518,POINT (-86.7518 36.0805)
20190569745,07/31/2019 02:54:00 PM,2,0,0,,N,580819,4,ANGLE,22,CLOUDY,1,DAYLIGHT,12,MOTOR VEHICLE IN TRANSPORT,DEMONBREUN ST & 13TH AVS,NASHVILLE,TN,37203,4081,CENTRA,36.154,-86.7876,POINT (-86.7876 36.154)
20190459319,06/17/2019 10:07:00 AM,2,0,0,,N,137872,5,SIDESWIPE - SAME DIRECTION,21,CLEAR,1,DAYLIGHT,12,MOTOR VEHICLE IN TRANSPORT,CALHOUN AV & FESSLERS LN PVTDR,NASHVILLE,TN,37210,9007,HERMIT,36.1493,-86.7441,POINT (-86.7441 36.1493)
20190577484,08/03/2019 03:49:00 PM,1,1,0,Y,N,320599,0,NOT COLLISION W/MOTOR VEHICLE-TRANSPORT,22,CLOUDY,1,DAYLIGHT,27;33;41;63,H-WAY TRAFFIC SIGNAL POST;CURB;SHRUBBERY;Ran Off Road-Right,CALLYWOOD CT & RAMBLING RD,NASHVILLE,TN,37217,8935,HERMIT,36.0906,-86.6474,POINT (-86.6474 36.0906)
20190388906,05/21/2019 12:00:00 AM,1,1,0,,Y,212344,0,NOT COLLISION W/MOTOR VEHICLE-TRANSPORT,21,CLEAR,1,DAYLIGHT,8,PEDESTRIAN,S 7TH ST & LENORE ST,NASHVILLE,TN,37206,1019,EAST,36.1647,-86.7552,POINT (-86.7552 36.1647)
20190488652,06/28/2019 12:10:00 PM,2,0,0,,N,191578,11,Front to Rear,21,CLEAR,1,DAYLIGHT,13;14,MOTOR VEHICLE IN TRANSPORT-OTHER ROADWAY;PARKED MOTOR VEHICLE,ROYAL PKWY & PERIMETER PLACE DR,NASHVILLE,TN,37214,9103,HERMIT,36.1494,-86.675,POINT (-86.675 36.1494)
20190260506,04/04/2019 05:14:00 PM,2,0,0,,N,311333,11,Front to Rear,22,CLOUDY,1,DAYLIGHT,12,MOTOR VEHICLE IN TRANSPORT,OLD HICKORY BLVD & I24 E EXT RAMP,WHITES CREEK,TN,37189,3227,NORTH,36.2768,-86.801,POINT (-86.801 36.2768)
20190304337,04/20/2019 12:20:00 PM,2,0,0,,N,462501,5,SIDESWIPE - SAME DIRECTION,21,CLEAR,1,DAYLIGHT,12,MOTOR VEHICLE IN TRANSPORT,CHURCH ST & 4TH AVN,NASHVILLE,TN,37219,4129,CENTRA,36.1635,-86.7793,POINT (-86.7793 36.1635)
20190335382,05/01/2019 03:00:00 PM,2,0,0,,Y,714641,0,NOT COLLISION W/MOTOR VEHICLE-TRANSPORT,21,CLEAR,1,DAYLIGHT,33,CURB,BROADWAY & 12TH AVS,NASHVILLE,TN,37203,4079,CENTRA,36.1566,-86.7875,POINT (-86.7875 36.1566)
20190126026,02/15/2019 03:48:00 PM,2,0,0,,N,256422,4,ANGLE,2,RAIN,1,DAYLIGHT,12,MOTOR VEHICLE IN TRANSPORT,12TH AVN & HERMAN ST,NASHVILLE,TN,37203,5421,NORTH,36.1672,-86.7964,POINT (-86.7964 36.1672)
20190385697,05/20/2019 05:20:00 PM,2,1,0,,N,633391,11,Front to Rear,21,CLEAR,1,DAYLIGHT,12,MOTOR VEHICLE IN TRANSPORT,WHITE BRIDGE PKE & CHARLOTTE PKE,NASHVILLE,TN,37209,5033,WEST,36.1494,-86.8579,POINT (-86.8579 36.1494)