Accident Number,Date and Time,Number of Motor Vehicles,Number of Injuries,Number of Fatalities,Property Damage,Hit and Run,Reporting Officer,Collision Type Code,Collision Type Description,Weather Code,Weather Description,Illumination Code,Illumination Description,Harmful Code,Harmful Code Description,Street Address,City,State,ZIP,RPA,Precinct,Latitude,Longitude,Mapped Location
20190461710,06/18/2019 07:59:00 AM,3,0,0,,Y,546012,5,SIDESWIPE - SAME DIRECTION,2,RAIN,1,DAYLIGHT,12;36,MOTOR VEHICLE IN TRANSPORT;CONCRETE TRAFFIC BARRIER,BRILEY PKWYW & DOVERSIDE DR,NASHVILLE,TN,37207,20141,MADISO,36.2393,-86.7768,POINT (-86.7768 36.2393)
20190501322,07/03/2019 10:48:00 AM,2,0,0,,N,109534,5,SIDESWIPE - SAME DIRECTION,22,CLOUDY,1,DAYLIGHT,12,MOTOR VEHICLE IN TRANSPORT,MM 211 8 I 40,NASHVILLE,TN,37210,90022,HERMIT,36.149,-86.7465,POINT (-86.7465 36.149)
20190273361,04/09/2019 04:16:00 PM,2,1,0,,N,256389,4,ANGLE,21,CLEAR,1,DAYLIGHT,12,MOTOR VEHICLE IN TRANSPORT,HOGAN RD & FRANKLIN PKE,NASHVILLE,TN,37220,7111,MIDTOW,36.0663,-86.7742,POINT (-86.7742 36.0663)
20190106131,02/08/2019 02:35:00 PM,2,0,0,,Y,420040,5,SIDESWIPE - SAME DIRECTION,21,CLEAR,1,DAYLIGHT,12,MOTOR VEHICLE IN TRANSPORT,14TH AVN & I40 E EXT RAMP,NASHVILLE,TN,37203,5425,NORTH,36.1611,-86.7937,POINT (-86.7937 36.1611)
20190063548,01/24/2019 06:40:00 PM,2,0,0,,N,320577,11,Front to Rear,21,CLEAR,3,DARK - LIGHTED,12,MOTOR VEHICLE IN TRANSPORT,WOODMONT BLVD & HILLSBORO PKE,NASHVILLE,TN,37215,6105,WEST,36.114,-86.8109,POINT (-86.8109 36.114)
20190319888,04/25/2019 04:04:00 PM,2,1,0,,N,256423,5,SIDESWIPE - SAME DIRECTION,21,CLEAR,1,DAYLIGHT,12,MOTOR VEHICLE IN TRANSPORT,MM 85 3 I 65,NASHVILLE,TN,37208,43042,NORTH,36.1847,-86.7977,POINT (-86.7977 36.1847)
20190203394,03/15/2019 02:25:00 PM,2,0,0,,N,267831,11,Front to Rear,21,CLEAR,1,DAYLIGHT,12,MOTOR VEHICLE IN TRANSPORT,CHARLOTTE AV & 35TH AVN,NASHVILLE,TN,37209,5237,WEST,36.1528,-86.826,POINT (-86.826 36.1528)
20190031496,01/13/2019 12:26:00 AM,1,1,0,,N,299261,0,NOT COLLISION W/MOTOR VEHICLE-TRANSPORT,2,RAIN,3,DARK - LIGHTED,43,OTHER FIXED OBJECTS,I440 W ENT RAMP & I 65,NASHVILLE,TN,37204,7018,MIDTOW,36.1157,-86.7732,POINT (-86.7732 36.1157)
20190117504,02/12/2019 11:10:00 PM,2,0,0,,N,299269,4,ANGLE,21,CLEAR,2,DARK - NOT LIGHTED,12,MOTOR VEHICLE IN TRANSPORT,WHITES CREEK PKE & KNIGHT DR,WHITES CREEK,TN,37189,3227,NORTH,36.2641,-86.8308,POINT (-86.8308 36.2641)
20190421451,06/02/2019 10:09:00 PM,2,2,0,,N,330445,4,ANGLE,21,CLEAR,3,DARK - LIGHTED,1;12,MOTOR VEHICLE IN TRANSPORT,HARDING PL & TROUSDALE DR,NASHVILLE,TN,37220,8601,MIDTOW,36.0811,-86.7584,POINT (-86.7584 36.0811)
20190254560,04/02/2019 05:03:00 PM,2,0,0,,Y,151132,5,SIDESWIPE - SAME DIRECTION,21,CLEAR,1,DAYLIGHT,12,MOTOR VEHICLE IN TRANSPORT,MM 41 4 I 24,WHITES CREEK,TN,37189,20161,MADISO,36.2659,-86.7912,POINT (-86.7912 36.2659)
20190429417,06/05/2019 06:40:00 PM,1,0,0,,N,256389,0,NOT COLLISION W/MOTOR VEHICLE-TRANSPORT,21,CLEAR,1,DAYLIGHT,39,WALL,GRANNY WHITE PKE & CARL SEYFERT MEMORIAL,NASHVILLE,TN,37220,7111,MIDTOW,36.0597,-86.815,POINT (-86.815 36.0597)
20190304375,04/20/2019 12:28:00 PM,2,0,0,,N,109527,11,Front to Rear,2,RAIN,1,DAYLIGHT,12,MOTOR VEHICLE IN TRANSPORT,MURFREESBORO PKE & EDGE O LAKE DR,ANTIOCH,TN,37013,8891,SOUTH,36.0795,-86.6446,POINT (-86.6446 36.0795)
20190139630,02/20/2019 06:08:00 PM,2,0,0,,N,212330,11,Front to Rear,2,RAIN,3,DARK - LIGHTED,12,MOTOR VEHICLE IN TRANSPORT,MURFREESBORO PKE & I24 W EXT RAMP,NASHVILLE,TN,37217,8801,SOUTH,36.1348,-86.7236,POINT (-86.7236 36.1348)
20190123276,02/14/2019 06:02:00 PM,2,0,0,,N,151132,4,ANGLE,21,CLEAR,1,DAYLIGHT,12,MOTOR VEHICLE IN TRANSPORT,GALLATIN PKES & E OLD HICKORY BLVD,MADISON,TN,37115,1771,MADISO,36.2622,-86.7122,POINT (-86.7122 36.2622)
20190523186,07/12/2019 05:00:00 PM,2,0,0,,Y,161939,4,ANGLE,21,CLEAR,1,DAYLIGHT,12,MOTOR VEHICLE IN TRANSPORT,STATE HWY 254 & EULALA DR,NASHVILLE,TN,37211,8717,SOUTH,36.0455,-86.7036,POINT (-86.7036 36.0455)
20190103138,02/07/2019 01:16:00 PM,2,1,0,,Y,267831,5,SIDESWIPE - SAME DIRECTION,21,CLEAR,1,DAYLIGHT,12,MOTOR VEHICLE IN TRANSPORT,CHARLOTTE AV & 52ND AVN,NASHVILLE,TN,37209,5123,WEST,36.1519,-86.8495,POINT (-86.8495 36.1519)
20190183079,03/08/2019 02:41:00 AM,1,1,0,,N,110064,0,NOT COLLISION W/MOTOR VEHICLE-TRANSPORT,2,RAIN,3,DARK - LIGHTED,36,CONCRETE TRAFFIC BARRIER,MM 54 1 I 24,NASHVILLE,TN,37211,84020,SOUTH,36.1045,-86.7166,POINT (-86.7166 36.1045)
20190544617,07/21/2019 01:30:00 PM,2,0,0,,N,311332,4,ANGLE,22,CLOUDY,1,DAYLIGHT,12,MOTOR VEHICLE IN TRANSPORT,BROOKMONT TER & HARDING PKE,NASHVILLE,TN,37205,4903,WEST,36.0894,-86.8916,POINT (-86.8916 36.0894)
20190332809,04/30/2019 06:33:00 PM,2,0,0,,N,161946,5,SIDESWIPE - SAME DIRECTION,21,CLEAR,1,DAYLIGHT,12,MOTOR VEHICLE IN TRANSPORT,I24 W ENT RAMP & I 65,NASHVILLE,TN,37207,18041,EAST,36.2216,-86.7738,POINT (-86.7738 36.2216)
20190090437,02/03/2019 01:35:00 AM,1,0,0,Y,N,256382,0,NOT COLLISION W/MOTOR VEHICLE-TRANSPORT,21,CLEAR,3,DARK - LIGHTED,40,MAIL BOX,DONELSON PKE & WHITLAND CROSSING DR,NASHVILLE,TN,37214,9409,HERMIT,36.1538,-86.6655,POINT (-86.6655 36.1538)
20190391018,05/22/2019 11:39:00 AM,2,0,0,,N,834798,5,SIDESWIPE - SAME DIRECTION,21,CLEAR,1,DAYLIGHT,14,PARKED MOTOR VEHICLE,19TH AVS & BLAIR BLVD,NASHVILLE,TN,37212,6607,MIDTOW,36.1304,-86.7988,POINT (-86.7988 36.1304)
20190071357,01/27/2019 10:09:00 PM,1,0,0,,Y,693098,0,NOT COLLISION W/MOTOR VEHICLE-TRANSPORT,21,CLEAR,3,DARK - LIGHTED,34;42;67,DITCH;TREE;Vehicle Airborne,800 HILLWOOD BLVD,NASHVILLE,TN,37209,5021,WEST,36.1326,-86.8696,POINT (-86.8696 36.1326)
20190013900,01/06/2019 12:33:00 PM,2,0,0,,N,256502,11,Front to Rear,21,CLEAR,1,DAYLIGHT,12,MOTOR VEHICLE IN TRANSPORT,I40 E EXT RAMP & JEFFERSON ST,NASHVILLE,TN,37208,5321,NORTH,36.1685,-86.814,POINT (-86.814 36.1685)
20190512290,07/08/2019 01:55:00 PM,1,0,0,,Y,493309,0,NOT COLLISION W/MOTOR VEHICLE-TRANSPORT,21,CLEAR,1,DAYLIGHT,1;24,GUARDRAIL FACE,I65 N ENT RAMP & I 65,NASHVILLE,TN,37207,1829,EAST,36.209,-86.7759,POINT (-86.7759 36.209)
20190044244,01/17/2019 02:23:00 PM,2,1,0,,N,267831,11,Front to Rear,22,CLOUDY,1,DAYLIGHT,12,MOTOR VEHICLE IN TRANSPORT,MM 2 3 I 440,NASHVILLE,TN,37215,6006,WEST,36.1262,-86.8146,POINT (-86.8146 36.1262)
20190217796,03/20/2019 06:13:00 PM,2,1,0,,N,693098,4,ANGLE,21,CLEAR,1,DAYLIGHT,12,MOTOR VEHICLE IN TRANSPORT,EDSEL DR & ANNEX AV,NASHVILLE,TN,37209,4687,WEST,36.1554,-86.8807,POINT (-86.8807 36.1554)
20190246101,03/30/2019 11:50:00 AM,2,0,0,,N,462474,11,Front to Rear,22,CLOUDY,1,DAYLIGHT,12,MOTOR VEHICLE IN TRANSPORT,OLD HICKORY BLVD & HEARTHSTONE LN,BRENTWOOD,TN,37027,8619,MIDTOW,36.0397,-86.7628,POINT (-86.7628 36.0397)
20190489266,06/28/2019 05:23:00 PM,2,0,0,,N,664196,11,Front to Rear,21,CLEAR,1,DAYLIGHT,12,MOTOR VEHICLE IN TRANSPORT,OLD HICKORY BLVD & EDMONDSON PKE,NASHVILLE,TN,37220,8615,MIDTOW,36.04,-86.7435,POINT (-86.7435 36.04)
20190031351,01/12/2019 09:50:00 PM,2,0,0,Y,Y,256377,0,NOT COLLISION W/MOTOR VEHICLE-TRANSPORT,2,RAIN,2,DARK - NOT LIGHTED,14;40,PARKED MOTOR VEHICLE;MAIL BOX,SOMERSET DR & RAVINE DR,NASHVILLE,TN,37217,8937,HERMIT,36.084,-86.6347,POINT (-86.6347 36.084)
20190298322,04/18/2019 08:00:00 AM,2,1,0,,N,235761,11,Front to Rear,21,CLEAR,1,DAYLIGHT,12,MOTOR VEHICLE IN TRANSPORT,WHITE BRIDGE PKE & OBRIEN AV,NASHVILLE,TN,37209,5101,WEST,36.1505,-86.8579,POINT (-86.8579 36.1505)
20190090217,02/03/2019 12:00:00 AM,2,0,0,,N,279195,4,ANGLE,21,CLEAR,3,DARK - LIGHTED,13,MOTOR VEHICLE IN TRANSPORT-OTHER ROADWAY,OLD HICKORY BLVD & ANDREW JACKSON PKWY,HERMITAGE,TN,37076,9561,HERMIT,36.1836,-86.6107,POINT (-86.6107 36.1836)
20190329432,04/24/2019 04:00:00 PM,2,0,0,,N,256380,11,Front to Rear,21,CLEAR,1,DAYLIGHT,12,MOTOR VEHICLE IN TRANSPORT,MM 207 1 I 40,NASHVILLE,TN,37208,54020,NORTH,36.1698,-86.8093,POINT (-86.8093 36.1698)
20190390558,05/22/2019 08:10:00 AM,3,0,0,,Y,402660,11,Front to Rear,21,CLEAR,1,DAYLIGHT,12,MOTOR VEHICLE IN TRANSPORT,MM 1 2 I 440,NASHVILLE,TN,37205,5234,WEST,36.1466,-86.8223,POINT (-86.8223 36.1466)
20190072735,01/28/2019 09:09:00 AM,3,1,0,,N,439917,11,Front to Rear,21,CLEAR,1,DAYLIGHT,12,MOTOR VEHICLE IN TRANSPORT,MM 85 4 I 65,NASHVILLE,TN,37208,43042,NORTH,36.1875,-86.7947,POINT (-86.7947 36.1875)
20190462989,06/18/2019 05:25:00 PM,2,0,0,,N,311328,2,HEAD-ON,21,CLEAR,1,DAYLIGHT,12,MOTOR VEHICLE IN TRANSPORT,S 2ND ST & VICTORY AV,NASHVILLE,TN,37213,1103,CENTRA,36.1653,-86.7685,POINT (-86.7685 36.1653)
20190125925,02/15/2019 03:44:00 PM,2,0,0,,N,311333,5,SIDESWIPE - SAME DIRECTION,2,RAIN,1,DAYLIGHT,12,MOTOR VEHICLE IN TRANSPORT,MM 57 8 I 24,ANTIOCH,TN,37013,87060,SOUTH,36.06,-86.6798,POINT (-86.6798 36.06)
20190085768,02/01/2019 07:20:00 AM,2,0,0,,N,224824,6,SIDESWIPE - OPPOSITE DIRECTION,2,RAIN,1,DAYLIGHT,12,MOTOR VEHICLE IN TRANSPORT,LEBANON PKE & HERMITAGE RD,OLD HICKORY,TN,37138,9739,HERMIT,36.2003,-86.6186,POINT (-86.6186 36.2003)
20190523363,07/12/2019 08:46:00 PM,2,0,0,,N,299266,4,ANGLE,21,CLEAR,3,DARK - LIGHTED,12,MOTOR VEHICLE IN TRANSPORT,TRAVELERS INN DR & HARDING PL,NASHVILLE,TN,37211,8705,SOUTH,36.0849,-86.7034,POINT (-86.7034 36.0849)
20190322334,04/26/2019 10:50:00 AM,2,1,0,,N,330411,4,ANGLE,21,CLEAR,1,DAYLIGHT,12,MOTOR VEHICLE IN TRANSPORT,23RD AVN & MURPHY AV,NASHVILLE,TN,37203,5609,MIDTOW,36.1537,-86.8082,POINT (-86.8082 36.1537)
20190278003,04/11/2019 05:59:00 AM,1,1,0,Y,N,146772,0,NOT COLLISION W/MOTOR VEHICLE-TRANSPORT,21,CLEAR,4,DAWN,1;32;63;67;71,CULVERT;Ran Off Road-Right;Vehicle Airborne;EMBANKMENT EARTH,OLD HICKORY BLVD & DICKERSON PKE,NASHVILLE,TN,37207,2133,MADISO,36.2694,-86.7564,POINT (-86.7564 36.2694)
20190282009,04/12/2019 04:01:00 PM,2,0,0,,N,267831,5,SIDESWIPE - SAME DIRECTION,22,CLOUDY,1,DAYLIGHT,12,MOTOR VEHICLE IN TRANSPORT,MM 205 1 I 40,NASHVILLE,TN,37209,45020,WEST,36.1541,-86.8373,POINT (-86.8373 36.1541)
20190579948,08/04/2019 08:37:00 PM,2,1,0,,Y,352169,4,ANGLE,21,CLEAR,3,DARK - LIGHTED,12,MOTOR VEHICLE IN TRANSPORT,MYATT DR & N DUPONT AV,MADISON,TN,37115,1705,MADISO,36.2662,-86.6901,POINT (-86.6901 36.2662)
20190501939,07/03/2019 03:14:00 PM,2,1,0,Y,N,420040,4,ANGLE,2,RAIN,1,DAYLIGHT,12,MOTOR VEHICLE IN TRANSPORT,NATCHEZ TRC & BLAIR BLVD,NASHVILLE,TN,37212,5909,MIDTOW,36.1315,-86.8118,POINT (-86.8118 36.1315)
20190426365,06/04/2019 05:06:00 PM,2,2,0,,N,240957,4,ANGLE,21,CLEAR,1,DAYLIGHT,1;12,MOTOR VEHICLE IN TRANSPORT,STONE BROOK DR & OLD HICKORY BLVD,BRENTWOOD,TN,37027,8623,MIDTOW,36.0409,-86.7794,POINT (-86.7794 36.0409)
20190458063,06/16/2019 11:00:00 PM,2,0,0,,N,320583,11,Front to Rear,21,CLEAR,3,DARK - LIGHTED,12,MOTOR VEHICLE IN TRANSPORT,NOLENSVILLE PKE & BREWER DR,NASHVILLE,TN,37211,8715,SOUTH,36.0535,-86.715,POINT (-86.715 36.0535)
20190275067,04/10/2019 06:56:00 AM,2,0,0,,Y,191578,5,SIDESWIPE - SAME DIRECTION,21,CLEAR,1,DAYLIGHT,12,MOTOR VEHICLE IN TRANSPORT,MM 221 2 I 40,HERMITAGE,TN,37076,95020,HERMIT,36.1701,-86.5944,POINT (-86.5944 36.1701)
20190105334,02/08/2019 08:05:00 AM,2,0,0,,N,226600,11,Front to Rear,21,CLEAR,1,DAYLIGHT,12,MOTOR VEHICLE IN TRANSPORT,HILLSBORO PKE & OLD HICKORY BLVD,BRENTWOOD,TN,37027,6301,MIDTOW,36.0471,-86.863,POINT (-86.863 36.0471)
20190472831,06/22/2019 05:51:00 AM,2,1,0,,N,330438,4,ANGLE,21,CLEAR,1,DAYLIGHT,12,MOTOR VEHICLE IN TRANSPORT,CENTRAL PKE & DODSON CHAPEL RD,HERMITAGE,TN,37076,9503,HERMIT,36.1721,-86.6147,POINT (-86.6147 36.1721)
20190276768,04/10/2019 07:08:00 PM,2,0,0,,N,299267,4,ANGLE,21,CLEAR,3,DARK - LIGHTED,12,MOTOR VEHICLE IN TRANSPORT,BROADWAY & 19TH AVS,NASHVILLE,TN,37203,5705,MIDTOW,36.1511,-86.7964,POINT (-86.7964 36.1511)
20190047049,01/18/2019 12:30:00 PM,2,0,0,,Y,665896,11,Front to Rear,22,CLOUDY,1,DAYLIGHT,12,MOTOR VEHICLE IN TRANSPORT,S 9TH ST & MAIN ST,NASHVILLE,TN,37206,1119,EAST,36.1759,-86.7572,POINT (-86.7572 36.1759)
20190340926,05/03/2019 02:46:00 PM,2,0,0,,N,256383,4,ANGLE,22,CLOUDY,1,DAYLIGHT,12,MOTOR VEHICLE IN TRANSPORT,MURFREESBORO PKE & BELL RD,NASHVILLE,TN,37217,8939,HERMIT,36.0901,-86.6581,POINT (-86.6581 36.0901)
20190397539,05/24/2019 01:12:00 PM,2,0,0,,N,320575,11,Front to Rear,21,CLEAR,1,DAYLIGHT,12,MOTOR VEHICLE IN TRANSPORT,MM 56 7 I 24,NASHVILLE,TN,37211,8810,SOUTH,36.0726,-86.6916,POINT (-86.6916 36.0726)
20190317918,04/25/2019 12:35:00 AM,2,0,0,,Y,299261,4,ANGLE,21,CLEAR,3,DARK - LIGHTED,12,MOTOR VEHICLE IN TRANSPORT,SHACKLEFORD RD & ORIOLE PL,NASHVILLE,TN,37215,6407,MIDTOW,36.1019,-86.8074,POINT (-86.8074 36.1019)
20190144353,02/22/2019 08:09:00 AM,2,0,0,,N,109534,11,Front to Rear,2,RAIN,1,DAYLIGHT,12,MOTOR VEHICLE IN TRANSPORT,BRILEY PKWY N EXT RAMP & ELM HILL PKE,NASHVILLE,TN,37214,9107,HERMIT,36.1523,-86.6905,POINT (-86.6905 36.1523)
20190371983,05/15/2019 12:20:00 PM,2,0,0,,Y,402660,11,Front to Rear,22,CLOUDY,1,DAYLIGHT,12,MOTOR VEHICLE IN TRANSPORT,CHARLOTTE AV & RICHLAND CREEK SHOPPING C,NASHVILLE,TN,37209,5115,WEST,36.151,-86.8542,POINT (-86.8542 36.151)
20190342386,05/04/2019 12:00:00 AM,1,0,0,,Y,320591,9,UNKNOWN,2,RAIN,3,DARK - LIGHTED,99,UNKNOWN MOST HARMFUL EVENT,I24 E EXT RAMP & I 24,NASHVILLE,TN,37207,30080,NORTH,36.2378,-86.7872,POINT (-86.7872 36.2378)
20190329304,04/29/2019 02:51:00 PM,2,0,0,,Y,714641,11,Front to Rear,21,CLEAR,1,DAYLIGHT,12,MOTOR VEHICLE IN TRANSPORT,ROSA L PARKS BLVD & JAMES ROBERTSON PKWY,NASHVILLE,TN,37219,4203,CENTRA,36.1667,-86.7874,POINT (-86.7874 36.1667)
20190532298,07/16/2019 06:20:00 PM,2,1,0,,N,717341,11,Front to Rear,21,CLEAR,1,DAYLIGHT,12,MOTOR VEHICLE IN TRANSPORT,BELL RD & BENZING RD,ANTIOCH,TN,37013,8755,SOUTH,36.0453,-86.7017,POINT (-86.7017 36.0453)
20190166657,03/02/2019 12:00:00 AM,2,0,0,,Y,298865,4,ANGLE,21,CLEAR,9,UNKNOWN,14,PARKED MOTOR VEHICLE,MAY DR & LE MANS APTS PVTDR,MADISON,TN,37115,1715,MADISO,36.2781,-86.6967,POINT (-86.6967 36.2781)
20190522399,07/12/2019 01:18:00 PM,3,0,0,,N,352183,11,Front to Rear,21,CLEAR,1,DAYLIGHT,12,MOTOR VEHICLE IN TRANSPORT,MM 3 1 I 440,NASHVILLE,TN,37215,6424,MIDTOW,36.1182,-86.8009,POINT (-86.8009 36.1182)
20190270567,04/08/2019 05:15:00 PM,2,0,0,,N,320580,5,SIDESWIPE - SAME DIRECTION,22,CLOUDY,1,DAYLIGHT,12,MOTOR VEHICLE IN TRANSPORT,MM 211 2 I 40,NASHVILLE,TN,37210,8008,HERMIT,36.1535,-86.7564,POINT (-86.7564 36.1535)
20190004993,01/02/2019 09:32:00 PM,2,0,0,,N,256386,5,SIDESWIPE - SAME DIRECTION,2,RAIN,3,DARK - LIGHTED,12,MOTOR VEHICLE IN TRANSPORT,I 40 & UNKNOWN RAMP,NASHVILLE,TN,37210,9041,HERMIT,36.144,-86.7013,POINT (-86.7013 36.144)
20190066635,01/25/2019 06:39:00 PM,2,0,0,,N,714641,98,OTHER,21,CLEAR,3,DARK - LIGHTED,12,MOTOR VEHICLE IN TRANSPORT,12TH AVS & DEMONBREUN ST,NASHVILLE,TN,37203,4015,CENTRA,36.1546,-86.7862,POINT (-86.7862 36.1546)
20190088965,02/02/2019 10:29:00 AM,2,0,0,,N,298878,4,ANGLE,21,CLEAR,1,DAYLIGHT,12,MOTOR VEHICLE IN TRANSPORT,3RD AVN & JAMES ROBERTSON PKWY,NASHVILLE,TN,37201,4201,CENTRA,36.1674,-86.7797,POINT (-86.7797 36.1674)
20190560843,07/27/2019 09:44:00 PM,3,1,0,,Y,240944,11,Front to Rear,21,CLEAR,3,DARK - LIGHTED,12,MOTOR VEHICLE IN TRANSPORT,BELL RD & CANE RIDGE RD,ANTIOCH,TN,37013,8753,SOUTH,36.0449,-86.6631,POINT (-86.6631 36.0449)
20190496011,07/01/2019 03:45:00 PM,3,1,0,,N,279224,11,Front to Rear,21,CLEAR,1,DAYLIGHT,12,MOTOR VEHICLE IN TRANSPORT,MM 48 8 I 24,NASHVILLE,TN,37213,1104,CENTRA,36.1682,-86.7659,POINT (-86.7659 36.1682)
20190009390,01/04/2019 11:53:00 AM,2,0,0,,N,676834,11,Front to Rear,2,RAIN,1,DAYLIGHT,12,MOTOR VEHICLE IN TRANSPORT,MM 87 0 I 65,NASHVILLE,TN,37207,18020,EAST,36.2018,-86.7766,POINT (-86.7766 36.2018)
20190301521,04/19/2019 09:39:00 AM,2,0,0,,N,109534,11,Front to Rear,2,RAIN,1,DAYLIGHT,12,MOTOR VEHICLE IN TRANSPORT,MM 212 8 I 40,NASHVILLE,TN,37210,90040,HERMIT,36.1425,-86.7353,POINT (-86.7353 36.1425)
20190304983,04/20/2019 07:30:00 PM,1,1,0,Y,N,524985,0,NOT COLLISION W/MOTOR VEHICLE-TRANSPORT,21,CLEAR,5,DUSK,19;63,BUILDING;Ran Off Road-Right,HYDES FERRY RD & VIKING RD,NASHVILLE,TN,37218,3173,NORTH,36.1791,-86.8347,POINT (-86.8347 36.1791)
20190511781,07/08/2019 07:57:00 AM,2,0,0,,N,544481,4,ANGLE,21,CLEAR,1,DAYLIGHT,14,PARKED MOTOR VEHICLE,PRINCE AV & SULTANA AV,NASHVILLE,TN,37207,1833,EAST,36.2066,-86.7656,POINT (-86.7656 36.2066)
20190450423,06/13/2019 05:05:00 PM,2,0,0,,Y,299266,4,ANGLE,21,CLEAR,1,DAYLIGHT,12,MOTOR VEHICLE IN TRANSPORT,WILLOW POINTE PVTDR & HICKORY HOLLOW TER,ANTIOCH,TN,37013,8861,SOUTH,36.0518,-86.6479,POINT (-86.6479 36.0518)
20190439130,06/09/2019 05:20:00 PM,2,2,0,,N,206964,4,ANGLE,2,RAIN,1,DAYLIGHT,12,MOTOR VEHICLE IN TRANSPORT,CHESTNUT ST & 2ND AVS,NASHVILLE,TN,37210,8167,SOUTH,36.146,-86.7641,POINT (-86.7641 36.146)
20190511873,07/08/2019 08:49:00 AM,2,0,0,,N,140808,5,SIDESWIPE - SAME DIRECTION,21,CLEAR,1,DAYLIGHT,12,MOTOR VEHICLE IN TRANSPORT,MM 49 4 I 24,NASHVILLE,TN,37206,10040,EAST,36.1613,-86.7604,POINT (-86.7604 36.1613)
20190045812,01/18/2019 02:55:00 AM,5,0,0,,Y,206680,11,Front to Rear,2,RAIN,3,DARK - LIGHTED,14,PARKED MOTOR VEHICLE,BUENA VISTA PKE & HILLMORE DR,NASHVILLE,TN,37207,3043,NORTH,36.2154,-86.8182,POINT (-86.8182 36.2154)
20190320897,04/25/2019 11:47:00 PM,2,2,0,,N,191573,4,ANGLE,2,RAIN,3,DARK - LIGHTED,12;13,MOTOR VEHICLE IN TRANSPORT;MOTOR VEHICLE IN TRANSPORT-OTHER ROADWAY,5TH AVS & DEMONBREUN ST,NASHVILLE,TN,37203,4055,CENTRA,36.1585,-86.7771,POINT (-86.7771 36.1585)
20190574138,08/02/2019 08:39:00 AM,2,0,0,,N,594473,4,ANGLE,21,CLEAR,1,DAYLIGHT,12,MOTOR VEHICLE IN TRANSPORT,8TH AVS & EAST ARGYLE AV,NASHVILLE,TN,37203,6901,MIDTOW,36.1347,-86.7791,POINT (-86.7791 36.1347)
20190373111,05/15/2019 09:23:00 PM,2,0,0,,N,151132,4,ANGLE,22,CLOUDY,3,DARK - LIGHTED,12,MOTOR VEHICLE IN TRANSPORT,SHEPHERD HILLS DR & GALLATIN PKEN,GOODLETTSVILLE,TN,37072,1751,MADISO,36.3008,-86.6948,POINT (-86.6948 36.3008)
20190407165,05/28/2019 12:52:00 PM,2,0,0,,N,212369,4,ANGLE,21,CLEAR,1,DAYLIGHT,12,MOTOR VEHICLE IN TRANSPORT,HARDING PL & HILLSBORO PKE,NASHVILLE,TN,37215,6311,MIDTOW,36.0914,-86.8285,POINT (-86.8285 36.0914)
20190222581,03/22/2019 05:18:00 AM,2,0,0,,N,299274,5,SIDESWIPE - SAME DIRECTION,21,CLEAR,3,DARK - LIGHTED,12,MOTOR VEHICLE IN TRANSPORT,MM 212 0 I 40,NASHVILLE,TN,37210,90041,HERMIT,36.147,-86.7433,POINT (-86.7433 36.147)
20190309723,04/22/2019 03:00:00 PM,2,0,0,,Y,330413,11,Front to Rear,21,CLEAR,1,DAYLIGHT,12,MOTOR VEHICLE IN TRANSPORT,OLD HICKORY BLVD & SEVEN SPRINGS WAY,BRENTWOOD,TN,37027,8619,MIDTOW,36.0403,-86.7684,POINT (-86.7684 36.0403)
20190102848,02/07/2019 11:03:00 AM,2,0,0,,N,226136,11,Front to Rear,22,CLOUDY,1,DAYLIGHT,12,MOTOR VEHICLE IN TRANSPORT,WEDGEWOOD AV & 17TH AVS,NASHVILLE,TN,37212,6611,MIDTOW,36.1369,-86.7958,POINT (-86.7958 36.1369)
20190346490,05/06/2019 06:36:00 AM,2,2,0,,N,109534,4,ANGLE,21,CLEAR,1,DAYLIGHT,12,MOTOR VEHICLE IN TRANSPORT,MURFREESBORO PKE & UNA ANTIOCH PKE,NASHVILLE,TN,37217,8937,HERMIT,36.0854,-86.6479,POINT (-86.6479 36.0854)
20190422022,06/03/2019 05:38:00 AM,2,1,0,,N,156308,4,ANGLE,21,CLEAR,1,DAYLIGHT,12,MOTOR VEHICLE IN TRANSPORT,OLD HICKORY BLVD & ASHLAND CITY HWY,NASHVILLE,TN,37218,3235,NORTH,36.2115,-86.921,POINT (-86.921 36.2115)
20190142519,02/21/2019 05:15:00 PM,2,0,0,,Y,151132,6,SIDESWIPE - OPPOSITE DIRECTION,2,RAIN,5,DUSK,12,MOTOR VEHICLE IN TRANSPORT,NORTHSIDE FESTIVAL PVTDR & LIBERTY LN,MADISON,TN,37115,1731,MADISO,36.3047,-86.689,POINT (-86.689 36.3047)
20190062093,01/24/2019 07:32:00 AM,2,0,0,,Y,716886,5,SIDESWIPE - SAME DIRECTION,21,CLEAR,1,DAYLIGHT,12,MOTOR VEHICLE IN TRANSPORT,CANE RIDGE RD & OLD FRANKLIN RD,ANTIOCH,TN,37013,8765,SOUTH,36.0288,-86.6489,POINT (-86.6489 36.0288)
20190014281,01/06/2019 05:01:00 PM,3,2,0,,N,311334,2,HEAD-ON,21,CLEAR,3,DARK - LIGHTED,12,MOTOR VEHICLE IN TRANSPORT,8TH AVS & DEMONBREUN ST,NASHVILLE,TN,37203,4041,CENTRA,36.1569,-86.7808,POINT (-86.7808 36.1569)
20190265470,04/06/2019 03:23:00 PM,2,0,0,,Y,279204,4,ANGLE,21,CLEAR,1,DAYLIGHT,12,MOTOR VEHICLE IN TRANSPORT,TAYLOR ST & 9TH AVN,NASHVILLE,TN,37208,4325,NORTH,36.1761,-86.7948,POINT (-86.7948 36.1761)