Accident Number,Date and Time,Number of Motor Vehicles,Number of Injuries,Number of Fatalities,Property Damage,Hit and Run,Reporting Officer,Collision Type Code,Collision Type Description,Weather Code,Weather Description,Illumination Code,Illumination Description,Harmful Code,Harmful Code Description,Street Address,City,State,ZIP,RPA,Precinct,Latitude,Longitude,Mapped Location
20190039529,01/15/2019 11:00:00 PM,2,0,0,,Y,187882,5,SIDESWIPE - SAME DIRECTION,21,CLEAR,3,DARK - LIGHTED,12;14,MOTOR VEHICLE IN TRANSPORT;PARKED MOTOR VEHICLE,GREENWOOD AV & CHAPEL AV,NASHVILLE,TN,37206,1323,EAST,36.1897,-86.7394,POINT (-86.7394 36.1897)
20190505756,07/05/2019 04:55:00 AM,1,0,0,Y,N,146772,0,NOT COLLISION W/MOTOR VEHICLE-TRANSPORT,5,FOG,4,DAWN,47,FIRE HYDRANT,GREER RD & DIVIDING RIDGE RD,GOODLETTSVILLE,TN,37072,2203,MADISO,36.3716,-86.7917,POINT (-86.7917 36.3716)
20190335838,05/01/2019 06:10:00 PM,2,1,0,,N,279214,11,Front to Rear,2,RAIN,1,DAYLIGHT,12,MOTOR VEHICLE IN TRANSPORT,WOODMONT BLVD & MCNAIRY LN,NASHVILLE,TN,37204,7009,MIDTOW,36.1104,-86.7828,POINT (-86.7828 36.1104)
20190189386,03/10/2019 08:20:00 PM,2,1,0,,N,256386,11,Front to Rear,21,CLEAR,3,DARK - LIGHTED,12,MOTOR VEHICLE IN TRANSPORT,MM 217 3 I 40,NASHVILLE,TN,37214,9404,HERMIT,36.1436,-86.6491,POINT (-86.6491 36.1436)
20190091059,02/03/2019 12:00:00 AM,1,0,0,Y,Y,799013,0,NOT COLLISION W/MOTOR VEHICLE-TRANSPORT,21,CLEAR,1,DAYLIGHT,30;40;63,UTILITY POLE;MAIL BOX;Ran Off Road-Right,DONELSON PKE & WHITLAND CROSSING DR,NASHVILLE,TN,37214,9409,HERMIT,36.1538,-86.6655,POINT (-86.6655 36.1538)
20190096059,02/05/2019 07:44:00 AM,2,1,0,,N,405447,4,ANGLE,22,CLOUDY,1,DAYLIGHT,12,MOTOR VEHICLE IN TRANSPORT,NOLENSVILLE PKE & CHILTON ST,NASHVILLE,TN,37211,8427,SOUTH,36.1005,-86.7399,POINT (-86.7399 36.1005)
20190351304,05/07/2019 04:00:00 PM,2,0,0,,Y,420040,11,Front to Rear,21,CLEAR,1,DAYLIGHT,12,MOTOR VEHICLE IN TRANSPORT,BROADWAY & 15TH AVN,NASHVILLE,TN,37203,5701,MIDTOW,36.1552,-86.7907,POINT (-86.7907 36.1552)
20190338318,05/02/2019 03:55:00 PM,1,0,0,Y,N,256380,0,NOT COLLISION W/MOTOR VEHICLE-TRANSPORT,21,CLEAR,1,DAYLIGHT,1,,JENNIE BROWN LN & STATE HWY 12,NASHVILLE,TN,37218,3211,NORTH,36.2103,-86.8785,POINT (-86.8785 36.2103)
20190432511,06/06/2019 08:15:00 PM,3,1,0,,N,352159,6,SIDESWIPE - OPPOSITE DIRECTION,2,RAIN,3,DARK - LIGHTED,12,MOTOR VEHICLE IN TRANSPORT,MOSS ROSE DR & MORGANMEADE DR,NASHVILLE,TN,37216,1451,EAST,36.2035,-86.6986,POINT (-86.6986 36.2035)
20190438888,06/09/2019 12:00:00 AM,2,5,1,Y,N,256441,4,ANGLE,21,CLEAR,1,DAYLIGHT,12,MOTOR VEHICLE IN TRANSPORT,HOGAN RD & FRANKLIN PKE,NASHVILLE,TN,37220,7111,MIDTOW,36.0663,-86.7742,POINT (-86.7742 36.0663)
20190543000,07/20/2019 07:38:00 PM,2,0,0,,N,320585,11,Front to Rear,21,CLEAR,1,DAYLIGHT,12,MOTOR VEHICLE IN TRANSPORT,STEWARTS FERRY PKE & I40 W EXT RAMP,NASHVILLE,TN,37214,9413,HERMIT,36.1565,-86.6313,POINT (-86.6313 36.1565)
20190000864,01/01/2019 12:00:00 AM,1,0,0,Y,Y,166478,0,NOT COLLISION W/MOTOR VEHICLE-TRANSPORT,22,CLOUDY,4,DAWN,71,EMBANKMENT EARTH,IRELAND ST & 10TH AVN,NASHVILLE,TN,37208,4229,NORTH,36.1696,-86.7924,POINT (-86.7924 36.1696)
20190171213,03/04/2019 11:42:00 AM,2,0,0,,Y,267831,5,SIDESWIPE - SAME DIRECTION,21,CLEAR,1,DAYLIGHT,12,MOTOR VEHICLE IN TRANSPORT,CENTENNIAL BLVD & BRILEY PKWY N ENT RAMP,NASHVILLE,TN,37209,4623,WEST,36.1722,-86.8651,POINT (-86.8651 36.1722)
20190460287,06/17/2019 05:35:00 PM,2,1,0,,N,320577,4,ANGLE,21,CLEAR,1,DAYLIGHT,12,MOTOR VEHICLE IN TRANSPORT,MM 209 7 I 40,NASHVILLE,TN,37203,4004,CENTRA,36.1492,-86.7812,POINT (-86.7812 36.1492)
20190254196,04/02/2019 02:19:00 PM,2,0,0,,N,256380,4,ANGLE,21,CLEAR,1,DAYLIGHT,12,MOTOR VEHICLE IN TRANSPORT,CHARLOTTE AV & 15TH AVN,NASHVILLE,TN,37203,5501,MIDTOW,36.1603,-86.7946,POINT (-86.7946 36.1603)
20190553595,07/24/2019 10:24:00 PM,2,0,0,,N,320581,11,Front to Rear,21,CLEAR,3,DARK - LIGHTED,12,MOTOR VEHICLE IN TRANSPORT,JEFFERSON ST & 28TH AVE N,NASHVILLE,TN,37208,4523,NORTH,36.1677,-86.8203,POINT (-86.8203 36.1677)
20190172116,03/04/2019 12:00:00 AM,2,0,0,,N,212344,4,ANGLE,21,CLEAR,1,DAYLIGHT,12,MOTOR VEHICLE IN TRANSPORT,GALLATIN PKE & HAYSBORO AV,NASHVILLE,TN,37216,1503,EAST,36.2316,-86.7249,POINT (-86.7249 36.2316)
20190139441,02/20/2019 04:20:00 PM,2,0,0,,Y,161948,5,SIDESWIPE - SAME DIRECTION,2,RAIN,1,DAYLIGHT,12,MOTOR VEHICLE IN TRANSPORT,BRILEY PKWYS & MUSIC VALLEY DR,NASHVILLE,TN,37214,9284,HERMIT,36.2205,-86.6935,POINT (-86.6935 36.2205)
20190327183,04/28/2019 12:00:00 AM,1,0,0,,Y,298868,0,NOT COLLISION W/MOTOR VEHICLE-TRANSPORT,21,CLEAR,1,DAYLIGHT,33,CURB,38TH AVN & CLARE AV,NASHVILLE,TN,37209,4567,NORTH,36.1615,-86.8319,POINT (-86.8319 36.1615)
20190353708,05/08/2019 02:30:00 PM,2,1,0,,N,716877,4,ANGLE,21,CLEAR,1,DAYLIGHT,12,MOTOR VEHICLE IN TRANSPORT,ANTIOCH PKE & PERIMETER HILL DR,NASHVILLE,TN,37211,8889,SOUTH,36.0859,-86.6911,POINT (-86.6911 36.0859)
20190267027,04/07/2019 06:25:00 AM,2,0,0,,Y,262757,5,SIDESWIPE - SAME DIRECTION,2,RAIN,1,DAYLIGHT,12,MOTOR VEHICLE IN TRANSPORT,LEBANON PKE & FAIRWAY DR,NASHVILLE,TN,37214,9109,HERMIT,36.1691,-86.6824,POINT (-86.6824 36.1691)
20190236861,03/27/2019 07:35:00 AM,2,0,0,,N,665896,11,Front to Rear,21,CLEAR,1,DAYLIGHT,12,MOTOR VEHICLE IN TRANSPORT,E TRINITY LN & EDWIN ST,NASHVILLE,TN,37207,1855,EAST,36.2048,-86.7533,POINT (-86.7533 36.2048)
20190435391,06/07/2019 11:18:00 PM,2,0,0,,N,879558,11,Front to Rear,21,CLEAR,3,DARK - LIGHTED,12,MOTOR VEHICLE IN TRANSPORT,BRILEY PKWYN & BRILEY PKWYS,NASHVILLE,TN,37211,8404,SOUTH,36.1092,-86.727,POINT (-86.727 36.1092)
20190396822,05/24/2019 08:02:00 AM,2,2,0,,N,191578,4,ANGLE,21,CLEAR,1,DAYLIGHT,55,Motor Vehicle-In-Motion Outside Trafficw,CRYSTAL SPRING LN & I40 W ENT RAMP,HERMITAGE,TN,37076,9529,HERMIT,36.1706,-86.6085,POINT (-86.6085 36.1706)
20190050264,01/19/2019 09:50:00 PM,2,0,0,,N,256412,11,Front to Rear,2,RAIN,3,DARK - LIGHTED,12,MOTOR VEHICLE IN TRANSPORT,0 OLD HICKORY BLVD,NASHVILLE,TN,37211,8717,SOUTH,36.0457,-86.7122,POINT (-86.7122 36.0457)
20190156005,02/26/2019 02:00:00 PM,2,0,0,,N,161948,4,ANGLE,21,CLEAR,1,DAYLIGHT,12,MOTOR VEHICLE IN TRANSPORT,MCGAVOCK PKE & PLEASANT GREEN RD,NASHVILLE,TN,37214,9211,HERMIT,36.2135,-86.6878,POINT (-86.6878 36.2135)
20190473175,06/22/2019 11:24:00 AM,2,0,0,,N,299264,11,Front to Rear,2,RAIN,1,DAYLIGHT,12,MOTOR VEHICLE IN TRANSPORT,GOLF CLUB LN & HILLSBORO PKE,NASHVILLE,TN,37215,6419,MIDTOW,36.1179,-86.81,POINT (-86.81 36.1179)
20190557579,07/26/2019 12:00:00 PM,2,0,0,,Y,267831,5,SIDESWIPE - SAME DIRECTION,21,CLEAR,1,DAYLIGHT,12;14,MOTOR VEHICLE IN TRANSPORT;PARKED MOTOR VEHICLE,WOODMONT BLVD & HARDING PKE,NASHVILLE,TN,37205,6101,WEST,36.1245,-86.8472,POINT (-86.8472 36.1245)
20190562075,07/28/2019 12:00:00 AM,2,0,0,,Y,156307,9,UNKNOWN,21,CLEAR,1,DAYLIGHT,12;14,MOTOR VEHICLE IN TRANSPORT;PARKED MOTOR VEHICLE,6TH AVN & MADISON ST,NASHVILLE,TN,37208,4305,NORTH,36.175,-86.7894,POINT (-86.7894 36.175)
20190200391,03/14/2019 01:40:00 PM,3,2,0,,N,902543,11,Front to Rear,2,RAIN,1,DAYLIGHT,12,MOTOR VEHICLE IN TRANSPORT,MM 48 8 I 24,NASHVILLE,TN,37213,1104,CENTRA,36.1682,-86.7659,POINT (-86.7659 36.1682)
20190185500,03/08/2019 10:42:00 PM,2,0,0,,N,110064,4,ANGLE,2,RAIN,3,DARK - LIGHTED,12,MOTOR VEHICLE IN TRANSPORT,MM 54 2 I 24,NASHVILLE,TN,37211,88122,SOUTH,36.1038,-86.7151,POINT (-86.7151 36.1038)
20190144640,02/22/2019 09:45:00 AM,2,0,0,,N,420035,4,ANGLE,22,CLOUDY,1,DAYLIGHT,12,MOTOR VEHICLE IN TRANSPORT,ANDERSON LN & MYATT DR,MADISON,TN,37115,1713,MADISO,36.2721,-86.689,POINT (-86.689 36.2721)
20190331725,04/30/2019 10:55:00 AM,2,1,0,Y,N,330411,6,SIDESWIPE - OPPOSITE DIRECTION,21,CLEAR,1,DAYLIGHT,12,MOTOR VEHICLE IN TRANSPORT,WEDGEWOOD AV & 18TH AVS,NASHVILLE,TN,37212,6621,MIDTOW,36.1372,-86.7968,POINT (-86.7968 36.1372)
20190485084,06/27/2019 05:39:00 AM,1,1,0,Y,N,110090,0,NOT COLLISION W/MOTOR VEHICLE-TRANSPORT,21,CLEAR,9,UNKNOWN,38;41,FENCE;SHRUBBERY,BATTLE RD & BURKITT RD,ANTIOCH,TN,37013,8771,SOUTH,35.995,-86.6244,POINT (-86.6244 35.995)
20190572066,08/01/2019 01:13:00 PM,2,0,0,,Y,716886,4,ANGLE,21,CLEAR,1,DAYLIGHT,12,MOTOR VEHICLE IN TRANSPORT,NOLENSVILLE PKE & ELBERTA ST,NASHVILLE,TN,37210,8319,SOUTH,36.1191,-86.7493,POINT (-86.7493 36.1191)
20190375380,05/16/2019 03:24:00 PM,2,1,0,,N,134899,11,Front to Rear,21,CLEAR,1,DAYLIGHT,12,MOTOR VEHICLE IN TRANSPORT,LEBANON PKE & COTTAGE LN,NASHVILLE,TN,37214,9027,HERMIT,36.1679,-86.6925,POINT (-86.6925 36.1679)
20190306448,04/21/2019 12:05:00 PM,2,0,0,,N,481573,11,Front to Rear,21,CLEAR,1,DAYLIGHT,12,MOTOR VEHICLE IN TRANSPORT,CHURCH ST & 20TH AVN,NASHVILLE,TN,37203,5525,MIDTOW,36.1538,-86.8001,POINT (-86.8001 36.1538)
20190120270,02/13/2019 07:08:00 PM,2,0,0,,Y,299267,4,ANGLE,21,CLEAR,3,DARK - LIGHTED,12,MOTOR VEHICLE IN TRANSPORT,20TH AVN & PATTERSON ST,NASHVILLE,TN,37203,5509,MIDTOW,36.1553,-86.8022,POINT (-86.8022 36.1553)
20190288482,04/15/2019 03:52:00 AM,1,0,0,,N,381709,0,NOT COLLISION W/MOTOR VEHICLE-TRANSPORT,21,CLEAR,3,DARK - LIGHTED,30,UTILITY POLE,5TH AVS & BROADWAY,NASHVILLE,TN,37203,4089,CENTRA,36.1605,-86.7784,POINT (-86.7784 36.1605)
20190257497,04/03/2019 03:23:00 PM,2,0,0,,N,256389,5,SIDESWIPE - SAME DIRECTION,21,CLEAR,1,DAYLIGHT,12,MOTOR VEHICLE IN TRANSPORT,ASHWOOD AV & 21ST AVS,NASHVILLE,TN,37212,6605,MIDTOW,36.1292,-86.8026,POINT (-86.8026 36.1292)
20190112283,02/11/2019 08:35:00 AM,4,1,0,Y,N,343522,6,SIDESWIPE - OPPOSITE DIRECTION,22,CLOUDY,1,DAYLIGHT,12;30,MOTOR VEHICLE IN TRANSPORT;UTILITY POLE,CABOT DR & I40 W ENT RAMP,NASHVILLE,TN,37209,4677,WEST,36.1307,-86.9003,POINT (-86.9003 36.1307)
20190539636,07/19/2019 10:35:00 AM,2,0,0,,N,352184,11,Front to Rear,21,CLEAR,1,DAYLIGHT,12,MOTOR VEHICLE IN TRANSPORT,I24 E ENT RAMP & I 24,NASHVILLE,TN,37213,1007,CENTRA,36.1662,-86.7659,POINT (-86.7659 36.1662)
20190496369,07/01/2019 06:50:00 PM,2,0,0,,Y,206675,5,SIDESWIPE - SAME DIRECTION,21,CLEAR,1,DAYLIGHT,12,MOTOR VEHICLE IN TRANSPORT,EDMONDSON PKE & EDMONSON CIR,NASHVILLE,TN,37211,8657,MIDTOW,36.0607,-86.7408,POINT (-86.7408 36.0607)
20190035589,01/14/2019 05:25:00 PM,3,0,0,,N,267831,11,Front to Rear,22,CLOUDY,3,DARK - LIGHTED,12,MOTOR VEHICLE IN TRANSPORT,MM 2 3 I 440,NASHVILLE,TN,37215,6006,WEST,36.1262,-86.8146,POINT (-86.8146 36.1262)
20190135937,02/19/2019 02:00:00 PM,2,0,0,,N,716886,11,Front to Rear,21,CLEAR,1,DAYLIGHT,12,MOTOR VEHICLE IN TRANSPORT,HAYWOOD LN & EZELL RD,NASHVILLE,TN,37211,8709,SOUTH,36.0696,-86.6944,POINT (-86.6944 36.0696)
20190537628,07/18/2019 03:34:00 PM,2,0,0,,N,256380,11,Front to Rear,21,CLEAR,1,DAYLIGHT,12,MOTOR VEHICLE IN TRANSPORT,WHITES CREEK PKE & GREEN LN,NASHVILLE,TN,37207,3221,NORTH,36.2367,-86.8173,POINT (-86.8173 36.2367)
20190269082,04/08/2019 04:28:00 AM,2,0,0,,Y,256382,5,SIDESWIPE - SAME DIRECTION,2,RAIN,3,DARK - LIGHTED,12,MOTOR VEHICLE IN TRANSPORT,MM 212 0 I 40,NASHVILLE,TN,37210,90041,HERMIT,36.147,-86.7433,POINT (-86.7433 36.147)
20190471257,06/21/2019 12:00:00 AM,2,0,0,,N,278580,11,Front to Rear,21,CLEAR,1,DAYLIGHT,12,MOTOR VEHICLE IN TRANSPORT,MM 207 7 I 40,NASHVILLE,TN,37208,54021,NORTH,36.1729,-86.8012,POINT (-86.8012 36.1729)
20190148405,02/23/2019 07:20:00 PM,2,1,0,,N,279214,4,ANGLE,2,RAIN,3,DARK - LIGHTED,12,MOTOR VEHICLE IN TRANSPORT,CALDWELL AV & 15TH AVS,NASHVILLE,TN,37212,6601,MIDTOW,36.1336,-86.7921,POINT (-86.7921 36.1336)
20190054016,01/21/2019 01:20:00 PM,2,0,0,,Y,109534,3,REAR-TO-REAR,21,CLEAR,1,DAYLIGHT,12;99,MOTOR VEHICLE IN TRANSPORT;UNKNOWN MOST HARMFUL EVENT,MCGAVOCK PKE & CROSSFIELD DR,NASHVILLE,TN,37214,9109,HERMIT,36.1662,-86.6804,POINT (-86.6804 36.1662)
20190213293,03/19/2019 09:28:00 AM,2,0,0,,N,320601,4,ANGLE,21,CLEAR,1,DAYLIGHT,12,MOTOR VEHICLE IN TRANSPORT,MURFREESBORO PKE & BRITISH WOODS DR,NASHVILLE,TN,37217,8853,SOUTH,36.0914,-86.6514,POINT (-86.6514 36.0914)
20190226275,03/23/2019 02:08:00 PM,2,0,0,,N,110063,4,ANGLE,21,CLEAR,1,DAYLIGHT,12;13,MOTOR VEHICLE IN TRANSPORT;MOTOR VEHICLE IN TRANSPORT-OTHER ROADWAY,CLARKSVILLE PKE & BUENA VISTA PKE,NASHVILLE,TN,37218,3135,NORTH,36.1935,-86.8309,POINT (-86.8309 36.1935)
20190040686,01/16/2019 09:30:00 AM,2,0,0,,N,330444,5,SIDESWIPE - SAME DIRECTION,22,CLOUDY,1,DAYLIGHT,12,MOTOR VEHICLE IN TRANSPORT,MM 87 0 I 65,NASHVILLE,TN,37207,18020,EAST,36.2018,-86.7766,POINT (-86.7766 36.2018)
20190009988,01/04/2019 03:53:00 PM,1,0,0,,N,306231,0,NOT COLLISION W/MOTOR VEHICLE-TRANSPORT,2,RAIN,1,DAYLIGHT,50,DEER (ANIMAL),BRILEY PKWYE & BRILEY PKWYW,NASHVILLE,TN,37207,20120,MADISO,36.2396,-86.7751,POINT (-86.7751 36.2396)
20190353967,05/08/2019 03:55:00 PM,1,1,0,Y,N,352199,0,NOT COLLISION W/MOTOR VEHICLE-TRANSPORT,21,CLEAR,1,DAYLIGHT,30,UTILITY POLE,HARDING PL & DANBY DR,NASHVILLE,TN,37211,8607,MIDTOW,36.0786,-86.7452,POINT (-86.7452 36.0786)
20190111009,02/10/2019 09:07:00 PM,2,0,0,,N,299266,4,ANGLE,2,RAIN,3,DARK - LIGHTED,12,MOTOR VEHICLE IN TRANSPORT,MURFREESBORO PKE & RURAL HILL RD,ANTIOCH,TN,37013,8861,SOUTH,36.0745,-86.6387,POINT (-86.6387 36.0745)
20190027383,01/11/2019 09:36:00 AM,1,0,0,Y,N,676834,0,NOT COLLISION W/MOTOR VEHICLE-TRANSPORT,21,CLEAR,1,DAYLIGHT,25,GUARDRAIL END,MM 86 4 I 65,NASHVILLE,TN,37207,19060,EAST,36.1937,-86.7758,POINT (-86.7758 36.1937)
20190175536,03/05/2019 06:00:00 PM,2,0,0,,N,279214,11,Front to Rear,21,CLEAR,3,DARK - LIGHTED,12,MOTOR VEHICLE IN TRANSPORT,MM 80 1 I 65,NASHVILLE,TN,37204,7018,MIDTOW,36.1151,-86.773,POINT (-86.773 36.1151)
20190438623,06/09/2019 10:55:00 AM,2,0,0,,Y,474557,4,ANGLE,,,9,UNKNOWN,14,PARKED MOTOR VEHICLE,FAULKNER PL & FAULKNER DR,NASHVILLE,TN,37211,8703,SOUTH,36.0702,-86.7103,POINT (-86.7103 36.0702)
20190132520,02/18/2019 12:55:00 PM,3,0,0,,N,594473,11,Front to Rear,22,CLOUDY,1,DAYLIGHT,12,MOTOR VEHICLE IN TRANSPORT,JOYNER AV & NOLENSVILLE PKE,NASHVILLE,TN,37210,8317,SOUTH,36.1165,-86.7481,POINT (-86.7481 36.1165)
20190559705,07/27/2019 09:58:00 AM,1,1,0,,N,262757,0,NOT COLLISION W/MOTOR VEHICLE-TRANSPORT,21,CLEAR,1,DAYLIGHT,36,CONCRETE TRAFFIC BARRIER,MM 215 7 I 40,NASHVILLE,TN,37217,89020,HERMIT,36.1426,-86.6823,POINT (-86.6823 36.1426)
20190422438,06/03/2019 09:15:00 AM,2,0,0,,N,224953,11,Front to Rear,21,CLEAR,1,DAYLIGHT,12,MOTOR VEHICLE IN TRANSPORT,2ND AVS & BROADWAY,NASHVILLE,TN,37201,4093,CENTRA,36.1619,-86.7752,POINT (-86.7752 36.1619)
20190430660,06/06/2019 05:25:00 AM,1,0,0,,N,156308,0,NOT COLLISION W/MOTOR VEHICLE-TRANSPORT,21,CLEAR,4,DAWN,50,DEER (ANIMAL),ASHLAND CITY HWY & WWCR AV,NASHVILLE,TN,37218,3235,NORTH,36.2103,-86.8813,POINT (-86.8813 36.2103)
20190537666,07/18/2019 04:26:00 PM,3,1,0,,Y,580819,11,Front to Rear,22,CLOUDY,1,DAYLIGHT,12,MOTOR VEHICLE IN TRANSPORT,1ST AVS & 1ST AVN,NASHVILLE,TN,37201,4095,CENTRA,36.1622,-86.7744,POINT (-86.7744 36.1622)
20190343692,05/04/2019 08:40:00 PM,2,0,0,,N,420040,11,Front to Rear,2,RAIN,3,DARK - LIGHTED,12,MOTOR VEHICLE IN TRANSPORT,WEST END AV & NATCHEZ TRC,NASHVILLE,TN,37212,5801,MIDTOW,36.1463,-86.8098,POINT (-86.8098 36.1463)
20190292265,04/16/2019 01:23:00 PM,2,0,0,,N,580819,3,REAR-TO-REAR,21,CLEAR,1,DAYLIGHT,14,PARKED MOTOR VEHICLE,600 COMMERCE ST,NASHVILLE,TN,37219,4125,CENTRA,36.1613,-86.7807,POINT (-86.7807 36.1613)
20190112684,02/11/2019 11:48:00 AM,2,0,0,,N,109534,5,SIDESWIPE - SAME DIRECTION,22,CLOUDY,1,DAYLIGHT,12,MOTOR VEHICLE IN TRANSPORT,ELM HILL PKE & DONELSON PKE,NASHVILLE,TN,37214,9411,HERMIT,36.1485,-86.6651,POINT (-86.6651 36.1485)
20190235913,03/26/2019 12:00:00 AM,2,0,0,,Y,240964,9,UNKNOWN,21,CLEAR,1,DAYLIGHT,14;55,PARKED MOTOR VEHICLE;Motor Vehicle-In-Motion Outside Trafficw,5900 COLCHESTER DR,HERMITAGE,TN,37076,9513,HERMIT,36.1824,-86.5847,POINT (-86.5847 36.1824)
20190102494,02/07/2019 08:10:00 AM,2,0,0,,N,226136,11,Front to Rear,22,CLOUDY,1,DAYLIGHT,12,MOTOR VEHICLE IN TRANSPORT,BLAIR BLVD & 21ST AVS,NASHVILLE,TN,37212,5909,MIDTOW,36.1303,-86.802,POINT (-86.802 36.1303)
20190244135,03/29/2019 03:26:00 PM,2,2,0,,N,256448,4,ANGLE,21,CLEAR,1,DAYLIGHT,12,MOTOR VEHICLE IN TRANSPORT,DONELSON PKE & I40 W ENT RAMP,NASHVILLE,TN,37214,9103,HERMIT,36.143,-86.6667,POINT (-86.6667 36.143)
20190076489,01/29/2019 12:49:00 PM,2,0,0,,N,191578,4,ANGLE,21,CLEAR,1,DAYLIGHT,12,MOTOR VEHICLE IN TRANSPORT,ROYAL PKWY & EMERY DR,NASHVILLE,TN,37214,9103,HERMIT,36.1513,-86.677,POINT (-86.677 36.1513)
20190068785,01/26/2019 03:09:00 PM,2,0,0,,N,212331,4,ANGLE,21,CLEAR,1,DAYLIGHT,12,MOTOR VEHICLE IN TRANSPORT,GALLATIN PKEN & ELMORE AV,MADISON,TN,37115,1717,MADISO,36.2798,-86.7086,POINT (-86.7086 36.2798)
20190321369,04/26/2019 12:00:00 AM,1,0,0,Y,Y,197059,0,NOT COLLISION W/MOTOR VEHICLE-TRANSPORT,2,RAIN,9,UNKNOWN,30,UTILITY POLE,4TH AVS & CHESTNUT ST,NASHVILLE,TN,37210,8169,SOUTH,36.1449,-86.7667,POINT (-86.7667 36.1449)
20190480619,06/25/2019 04:24:00 PM,2,0,0,,N,352159,5,SIDESWIPE - SAME DIRECTION,21,CLEAR,1,DAYLIGHT,12,MOTOR VEHICLE IN TRANSPORT,BRILEY PKWYS & BRILEY PKWYN,NASHVILLE,TN,37218,3212,NORTH,36.2142,-86.8724,POINT (-86.8724 36.2142)
20190175554,03/05/2019 06:26:00 PM,2,0,0,,N,226827,5,SIDESWIPE - SAME DIRECTION,21,CLEAR,3,DARK - LIGHTED,12,MOTOR VEHICLE IN TRANSPORT,CONFERENCE DR & GALLATIN PKEN,GOODLETTSVILLE,TN,37072,1751,MADISO,36.3028,-86.6919,POINT (-86.6919 36.3028)
20190422351,06/03/2019 08:35:00 AM,2,0,0,,N,279230,5,SIDESWIPE - SAME DIRECTION,21,CLEAR,1,DAYLIGHT,12,MOTOR VEHICLE IN TRANSPORT,BELL RD & COLLINS PARK DR,ANTIOCH,TN,37013,8863,SOUTH,36.2189,-86.8464,POINT (-86.8464 36.2189)
20190434579,06/07/2019 03:45:00 PM,1,1,0,Y,N,299253,0,NOT COLLISION W/MOTOR VEHICLE-TRANSPORT,2,RAIN,1,DAYLIGHT,36,CONCRETE TRAFFIC BARRIER,ELLINGTON PKWYS & BROADMOOR DR,NASHVILLE,TN,37216,1880,EAST,36.2307,-86.7477,POINT (-86.7477 36.2307)
20190548831,07/23/2019 07:20:00 AM,2,0,0,,N,262757,4,ANGLE,21,CLEAR,1,DAYLIGHT,12,MOTOR VEHICLE IN TRANSPORT,LEWIS ST & LAFAYETTE ST,NASHVILLE,TN,37210,8145,SOUTH,36.1083,-86.7324,POINT (-86.7324 36.1083)
20190381604,05/18/2019 11:46:00 PM,2,2,0,,Y,352179,11,Front to Rear,21,CLEAR,3,DARK - LIGHTED,14;55,PARKED MOTOR VEHICLE;Motor Vehicle-In-Motion Outside Trafficw,BELL RD & MURFREESBORO PKE,ANTIOCH,TN,37013,8865,SOUTH,36.0719,-86.6362,POINT (-86.6362 36.0719)
20190184621,03/08/2019 02:57:00 PM,2,0,0,,N,197070,11,Front to Rear,2,RAIN,1,DAYLIGHT,12,MOTOR VEHICLE IN TRANSPORT,DR D B TODD JR BLVD & ALBION ST,NASHVILLE,TN,37208,5329,NORTH,36.1663,-86.8054,POINT (-86.8054 36.1663)
20190121926,02/14/2019 08:46:00 AM,2,1,0,,N,572251,2,HEAD-ON,21,CLEAR,1,DAYLIGHT,12,MOTOR VEHICLE IN TRANSPORT,S GRAYCROFT AV & CHADWELL DR,MADISON,TN,37115,1777,MADISO,36.2549,-86.7336,POINT (-86.7336 36.2549)
20190048910,01/19/2019 07:09:00 AM,1,2,0,,N,419952,0,NOT COLLISION W/MOTOR VEHICLE-TRANSPORT,2,RAIN,1,DAYLIGHT,36,CONCRETE TRAFFIC BARRIER,MM 201 0 I 40,NASHVILLE,TN,37209,4708,WEST,36.1301,-86.8994,POINT (-86.8994 36.1301)
20190141219,02/21/2019 08:15:00 AM,2,0,0,,N,676834,5,SIDESWIPE - SAME DIRECTION,21,CLEAR,1,DAYLIGHT,12,MOTOR VEHICLE IN TRANSPORT,14TH AVN & CHARLOTTE AV,NASHVILLE,TN,37203,5501,MIDTOW,36.1608,-86.7937,POINT (-86.7937 36.1608)
20190275297,04/10/2019 09:30:00 AM,2,0,0,,N,716877,6,SIDESWIPE - OPPOSITE DIRECTION,21,CLEAR,1,DAYLIGHT,12,MOTOR VEHICLE IN TRANSPORT,OLD HICKORY BLVD & CANE RIDGE RD,ANTIOCH,TN,37013,8769,SOUTH,36.0002,-86.6356,POINT (-86.6356 36.0002)
20190226899,03/23/2019 12:00:00 AM,2,0,0,,N,279200,11,Front to Rear,21,CLEAR,3,DARK - LIGHTED,12,MOTOR VEHICLE IN TRANSPORT,CHURCH ST & CAPITOL BLVD,NASHVILLE,TN,37219,4125,CENTRA,36.1623,-86.7821,POINT (-86.7821 36.1623)
20190449215,06/12/2019 11:50:00 AM,1,1,0,,N,716886,0,NOT COLLISION W/MOTOR VEHICLE-TRANSPORT,21,CLEAR,1,DAYLIGHT,8,PEDESTRIAN,CHURCH ST & 5TH AVN,NASHVILLE,TN,37219,4129,CENTRA,36.1632,-86.7801,POINT (-86.7801 36.1632)
20190553778,07/25/2019 12:05:00 AM,2,0,0,,Y,279216,0,NOT COLLISION W/MOTOR VEHICLE-TRANSPORT,21,CLEAR,3,DARK - LIGHTED,16,THROWN OR FALLING OBJECT,MM 42 8 I 24,WHITES CREEK,TN,37189,3226,NORTH,36.2473,-86.7841,POINT (-86.7841 36.2473)