Accident Number,Date and Time,Number of Motor Vehicles,Number of Injuries,Number of Fatalities,Property Damage,Hit and Run,Reporting Officer,Collision Type Code,Collision Type Description,Weather Code,Weather Description,Illumination Code,Illumination Description,Harmful Code,Harmful Code Description,Street Address,City,State,ZIP,RPA,Precinct,Latitude,Longitude,Mapped Location
20190235006,03/26/2019 03:00:00 PM,2,0,0,,N,311328,11,Front to Rear,21,CLEAR,1,DAYLIGHT,12,MOTOR VEHICLE IN TRANSPORT,CHURCH ST & 12TH AVN,NASHVILLE,TN,37203,4119,CENTRA,36.159,-86.7894,POINT (-86.7894 36.159)
20190465748,06/19/2019 12:00:00 AM,1,1,0,,N,256427,0,NOT COLLISION W/MOTOR VEHICLE-TRANSPORT,22,CLOUDY,1,DAYLIGHT,31,"OTHER POST, POLE, SUPP.",ROBERTSON ST & LEWIS ST,NASHVILLE,TN,37210,8209,HERMIT,36.1495,-86.7583,POINT (-86.7583 36.1495)
20190161677,02/28/2019 01:35:00 PM,2,0,0,,N,676834,6,SIDESWIPE - OPPOSITE DIRECTION,2,RAIN,1,DAYLIGHT,12,MOTOR VEHICLE IN TRANSPORT,WHITES CREEK PKE & OLD CLARKSVILLE PKE,JOELTON,TN,37080,3307,NORTH,36.312,-86.8602,POINT (-86.8602 36.312)
20190425610,06/04/2019 10:51:00 AM,2,0,0,,N,591936,4,ANGLE,21,CLEAR,1,DAYLIGHT,12,MOTOR VEHICLE IN TRANSPORT,14TH AVS & BROADWAY,NASHVILLE,TN,37203,5701,MIDTOW,36.1557,-86.7897,POINT (-86.7897 36.1557)
20190234826,03/26/2019 02:27:00 PM,2,0,0,,N,134899,4,ANGLE,21,CLEAR,1,DAYLIGHT,12,MOTOR VEHICLE IN TRANSPORT,WINDEMERE CIR & KNOBDALE RD,NASHVILLE,TN,37214,9317,HERMIT,36.1814,-86.6733,POINT (-86.6733 36.1814)
20190394677,05/23/2019 01:40:00 PM,2,1,0,,N,320581,11,Front to Rear,22,CLOUDY,1,DAYLIGHT,12,MOTOR VEHICLE IN TRANSPORT,MM 85 4 I 65,NASHVILLE,TN,37208,43042,NORTH,36.1875,-86.7947,POINT (-86.7947 36.1875)
20190581193,08/05/2019 09:47:00 AM,2,2,0,,N,191578,4,ANGLE,21,CLEAR,1,DAYLIGHT,12,MOTOR VEHICLE IN TRANSPORT,LEBANON PKE & BRILEY PKWY N ENT RAMP,NASHVILLE,TN,37214,9121,HERMIT,36.1685,-86.6872,POINT (-86.6872 36.1685)
20190205712,03/16/2019 12:13:00 PM,2,0,0,,N,256502,11,Front to Rear,21,CLEAR,1,DAYLIGHT,12,MOTOR VEHICLE IN TRANSPORT,24TH AVN & ROSA L PARKS BLVD,NASHVILLE,TN,37208,4489,NORTH,36.1922,-86.8156,POINT (-86.8156 36.1922)
20190251481,04/01/2019 04:35:00 PM,2,0,0,,N,579971,11,Front to Rear,21,CLEAR,1,DAYLIGHT,12,MOTOR VEHICLE IN TRANSPORT,OLD HICKORY BLVD & I24 W EXT RAMP,ANTIOCH,TN,37013,8869,SOUTH,36.0158,-86.6201,POINT (-86.6201 36.0158)
20190142286,02/21/2019 03:39:00 PM,2,0,0,,N,579971,11,Front to Rear,2,RAIN,1,DAYLIGHT,12,MOTOR VEHICLE IN TRANSPORT,BELL RD & CEDAR POINTE PKWY,ANTIOCH,TN,37013,8753,SOUTH,36.0449,-86.6671,POINT (-86.6671 36.0449)
20190528445,07/15/2019 07:48:00 AM,1,0,0,Y,N,633385,0,NOT COLLISION W/MOTOR VEHICLE-TRANSPORT,22,CLOUDY,1,DAYLIGHT,24,GUARDRAIL FACE,MT VIEW RD & HICKORY HOLLOW PKWY,ANTIOCH,TN,37013,8859,SOUTH,36.0588,-86.6705,POINT (-86.6705 36.0588)
20190017075,01/07/2019 06:02:00 PM,2,3,0,,Y,279124,2,HEAD-ON,21,CLEAR,3,DARK - LIGHTED,12,MOTOR VEHICLE IN TRANSPORT,PARAGON MILLS RD & ASTER DR,NASHVILLE,TN,37211,8421,SOUTH,36.0894,-86.7199,POINT (-86.7199 36.0894)
20190130240,02/17/2019 02:10:00 PM,2,0,0,,N,161939,11,Front to Rear,2,RAIN,1,DAYLIGHT,12,MOTOR VEHICLE IN TRANSPORT,I24 E EXT RAMP & I 24,NASHVILLE,TN,37207,30080,NORTH,36.2378,-86.7872,POINT (-86.7872 36.2378)
20190222901,03/22/2019 08:15:00 AM,2,0,0,,N,676834,11,Front to Rear,21,CLEAR,1,DAYLIGHT,12,MOTOR VEHICLE IN TRANSPORT,I65 S EXT RAMP & ROSA L PARKS BLVD,NASHVILLE,TN,37208,4403,NORTH,36.1853,-86.7982,POINT (-86.7982 36.1853)
20190460273,06/17/2019 05:55:00 PM,2,0,0,,Y,279211,4,ANGLE,22,CLOUDY,1,DAYLIGHT,12,MOTOR VEHICLE IN TRANSPORT,EWING DR & BRICK CHURCH PKE,NASHVILLE,TN,37207,2031,MADISO,36.025,-86.721,POINT (-86.721 36.025)
20190283533,04/13/2019 06:23:00 AM,2,4,0,,N,110062,4,ANGLE,2,RAIN,4,DAWN,12;33;46,MOTOR VEHICLE IN TRANSPORT;CURB;TRAFFIC SIGNAL SUPPORT,S 1ST ST & WOODLAND ST,NASHVILLE,TN,37213,1133,CENTRA,36.1691,-86.7723,POINT (-86.7723 36.1691)
20190301984,04/19/2019 12:21:00 PM,1,0,0,,N,320601,0,NOT COLLISION W/MOTOR VEHICLE-TRANSPORT,22,CLOUDY,1,DAYLIGHT,50,DEER (ANIMAL),HAMILTON CHURCH RD & S SHORE DR,ANTIOCH,TN,37013,8905,SOUTH,36.0554,-86.5841,POINT (-86.5841 36.0554)
20190356282,05/09/2019 12:19:00 PM,2,0,0,,Y,462474,4,ANGLE,2,RAIN,1,DAYLIGHT,12,MOTOR VEHICLE IN TRANSPORT,I65 N EXT RAMP & HARDING PL,NASHVILLE,TN,37220,8601,MIDTOW,36.0821,-86.7617,POINT (-86.7617 36.0821)
20190269287,04/08/2019 06:55:00 AM,2,0,0,,N,226622,11,Front to Rear,2,RAIN,1,DAYLIGHT,12,MOTOR VEHICLE IN TRANSPORT,HIGHWAY 100 & TRACESIDE DR,NASHVILLE,TN,37221,4807,WEST,36.038,-86.9645,POINT (-86.9645 36.038)
20190327233,04/28/2019 06:20:00 PM,1,0,0,,Y,240966,0,NOT COLLISION W/MOTOR VEHICLE-TRANSPORT,21,CLEAR,3,DARK - LIGHTED,34,DITCH,MARIE ST & LISCHEY AV,NASHVILLE,TN,37207,1871,EAST,36.1967,-86.763,POINT (-86.763 36.1967)
20190429147,06/05/2019 04:40:00 PM,3,1,0,Y,N,240960,4,ANGLE,21,CLEAR,1,DAYLIGHT,12;14,MOTOR VEHICLE IN TRANSPORT;PARKED MOTOR VEHICLE,GALLATIN PKE & MALQUIN DR,NASHVILLE,TN,37216,1513,EAST,36.2306,-86.725,POINT (-86.725 36.2306)
20190465567,06/19/2019 04:20:00 PM,2,0,0,,N,311337,11,Front to Rear,21,CLEAR,1,DAYLIGHT,12,MOTOR VEHICLE IN TRANSPORT,LEBANON PKE & OLD HICKORY BLVD,HERMITAGE,TN,37076,9613,HERMIT,36.1756,-86.6154,POINT (-86.6154 36.1756)
20190234082,03/26/2019 08:33:00 AM,3,0,0,,N,462474,11,Front to Rear,21,CLEAR,1,DAYLIGHT,12,MOTOR VEHICLE IN TRANSPORT,MM 77 0 I 65,NASHVILLE,TN,37220,86042,MIDTOW,36.0708,-86.7697,POINT (-86.7697 36.0708)
20190017727,01/08/2019 12:31:00 AM,1,0,0,Y,N,212342,0,NOT COLLISION W/MOTOR VEHICLE-TRANSPORT,21,CLEAR,3,DARK - LIGHTED,33;40,CURB;MAIL BOX,PENNINGTON BEND RD & VALLEY BEND DR,NASHVILLE,TN,37214,9215,HERMIT,36.2233,-86.6887,POINT (-86.6887 36.2233)
20190398561,05/24/2019 08:14:00 PM,2,0,0,,N,330436,4,ANGLE,21,CLEAR,3,DARK - LIGHTED,12,MOTOR VEHICLE IN TRANSPORT,4TH AVS & KOREAN VETERANS BLVD,NASHVILLE,TN,37201,4047,CENTRA,36.1569,-86.7745,POINT (-86.7745 36.1569)
20190380570,05/18/2019 11:35:00 AM,1,1,0,,N,633390,0,NOT COLLISION W/MOTOR VEHICLE-TRANSPORT,21,CLEAR,1,DAYLIGHT,15,OTHER TYPE NON-MOTORIST,I24 W ENT RAMP & I 24,NASHVILLE,TN,37206,1009,EAST,36.1666,-86.7638,POINT (-86.7638 36.1666)
20190331556,04/30/2019 09:30:00 AM,2,0,0,,Y,223502,11,Front to Rear,21,CLEAR,1,DAYLIGHT,12,MOTOR VEHICLE IN TRANSPORT,MM 210 0 I 40,NASHVILLE,TN,37203,8002,MIDTOW,36.1484,-86.7771,POINT (-86.7771 36.1484)
20190011740,01/05/2019 12:00:00 AM,2,0,0,Y,Y,140804,9,UNKNOWN,99,UNKNOWN,9,UNKNOWN,12;14,MOTOR VEHICLE IN TRANSPORT;PARKED MOTOR VEHICLE,S 11TH ST & LILLIAN ST,NASHVILLE,TN,37206,1205,EAST,36.1729,-86.7505,POINT (-86.7505 36.1729)
20190268009,04/07/2019 06:54:00 PM,2,0,0,,N,693098,5,SIDESWIPE - SAME DIRECTION,21,CLEAR,5,DUSK,12,MOTOR VEHICLE IN TRANSPORT,ROBERTSON AV & STEVENSON ST,NASHVILLE,TN,37209,4649,WEST,36.1565,-86.8653,POINT (-86.8653 36.1565)
20190242289,03/29/2019 12:15:00 AM,1,0,0,,N,197055,9,UNKNOWN,21,CLEAR,3,DARK - LIGHTED,99,UNKNOWN MOST HARMFUL EVENT,DOVE CREEK RD & QUAISE MOORE,ANTIOCH,TN,37013,8925,SOUTH,36.0723,-86.5983,POINT (-86.5983 36.0723)
20190004088,01/02/2019 03:20:00 PM,2,0,0,,N,714641,4,ANGLE,22,CLOUDY,1,DAYLIGHT,12,MOTOR VEHICLE IN TRANSPORT,2ND AVN & JUNIOR GILLIAM WAY,NASHVILLE,TN,37201,4231,CENTRA,36.1743,-86.7829,POINT (-86.7829 36.1743)
20190492009,06/29/2019 10:23:00 PM,1,0,0,Y,N,179583,0,NOT COLLISION W/MOTOR VEHICLE-TRANSPORT,21,CLEAR,3,DARK - LIGHTED,25,GUARDRAIL END,I24 E ENT RAMP & I 440,NASHVILLE,TN,37210,83043,SOUTH,36.1254,-86.7296,POINT (-86.7296 36.1254)
20190471733,06/21/2019 04:25:00 PM,2,0,0,,N,256380,11,Front to Rear,21,CLEAR,1,DAYLIGHT,12,MOTOR VEHICLE IN TRANSPORT,CLARKSVILLE PKE & W SUMMITT AV,NASHVILLE,TN,37218,3161,NORTH,36.195,-86.8334,POINT (-86.8334 36.195)
20190109465,02/10/2019 01:22:00 AM,2,0,0,,N,279232,4,ANGLE,21,CLEAR,3,DARK - LIGHTED,12,MOTOR VEHICLE IN TRANSPORT,3RD AVS & DEMONBREUN ST,NASHVILLE,TN,37201,4065,CENTRA,36.16,-86.7747,POINT (-86.7747 36.16)
20190517557,07/10/2019 03:45:00 PM,2,1,0,,N,309262,5,SIDESWIPE - SAME DIRECTION,21,CLEAR,1,DAYLIGHT,12,MOTOR VEHICLE IN TRANSPORT,MM 90 6 I 65,MADISON,TN,37115,17020,MADISO,36.2435,-86.7481,POINT (-86.7481 36.2435)
20190410740,05/29/2019 04:58:00 PM,2,0,0,,N,320579,11,Front to Rear,21,CLEAR,1,DAYLIGHT,12,MOTOR VEHICLE IN TRANSPORT,SPRING ST & ELLINGTON PKWY N ENT RAMP,NASHVILLE,TN,37206,1997,EAST,36.1755,-86.7659,POINT (-86.7659 36.1755)
20190087876,02/01/2019 06:20:00 PM,2,0,0,,Y,608786,4,ANGLE,21,CLEAR,3,DARK - LIGHTED,12,MOTOR VEHICLE IN TRANSPORT,ANDERSON LN & MYATT DR,MADISON,TN,37115,1715,MADISO,36.2721,-86.6896,POINT (-86.6896 36.2721)
20190107173,02/08/2019 11:29:00 PM,1,0,0,,N,212321,0,NOT COLLISION W/MOTOR VEHICLE-TRANSPORT,22,CLOUDY,3,DARK - LIGHTED,7,,MM 51 4 I 24,NASHVILLE,TN,37210,82061,HERMIT,36.1388,-86.7284,POINT (-86.7284 36.1388)
20190180817,03/07/2019 09:22:00 AM,1,0,0,Y,N,226622,0,NOT COLLISION W/MOTOR VEHICLE-TRANSPORT,22,CLOUDY,1,DAYLIGHT,38,FENCE,5300 CHARLOTTE AV,NASHVILLE,TN,37209,5121,WEST,36.1519,-86.8512,POINT (-86.8512 36.1519)
20190070538,01/27/2019 11:37:00 AM,2,1,0,,N,240952,4,ANGLE,21,CLEAR,1,DAYLIGHT,12,MOTOR VEHICLE IN TRANSPORT,MURFREESBORO PKE & HOBSON PKE,ANTIOCH,TN,37013,8927,SOUTH,36.043,-86.6066,POINT (-86.6066 36.043)
20190435270,06/07/2019 07:35:00 PM,3,0,0,,Y,330440,11,Front to Rear,2,RAIN,3,DARK - LIGHTED,12,MOTOR VEHICLE IN TRANSPORT,ALBION ST & 32ND AVN,NASHVILLE,TN,37209,4529,NORTH,36.1635,-86.8248,POINT (-86.8248 36.1635)
20190527082,07/14/2019 04:07:00 PM,2,0,0,,Y,579971,2,HEAD-ON,22,CLOUDY,1,DAYLIGHT,12,MOTOR VEHICLE IN TRANSPORT,PEBBLE CREEK DR & UNA ANTIOCH PKE,ANTIOCH,TN,37013,8861,SOUTH,36.0741,-86.6633,POINT (-86.6633 36.0741)
20190186851,03/09/2019 02:46:00 PM,1,1,0,,N,311332,0,NOT COLLISION W/MOTOR VEHICLE-TRANSPORT,2,RAIN,1,DAYLIGHT,16,THROWN OR FALLING OBJECT,HIGHWAY 100 & HIGHWAY 96,NASHVILLE,TN,37221,4805,WEST,36.0128,-87.0451,POINT (-87.0451 36.0128)
20190053980,01/21/2019 01:08:00 PM,2,1,0,,N,474557,11,Front to Rear,21,CLEAR,1,DAYLIGHT,12,MOTOR VEHICLE IN TRANSPORT,I24 E ENT RAMP & I 24,NASHVILLE,TN,37213,1007,CENTRA,36.1662,-86.7659,POINT (-86.7659 36.1662)
20190372579,05/15/2019 05:09:00 PM,2,2,0,,N,580819,4,ANGLE,22,CLOUDY,1,DAYLIGHT,12,MOTOR VEHICLE IN TRANSPORT,S 2ND ST & SHELBY AV,NASHVILLE,TN,37213,1007,CENTRA,36.1649,-86.7679,POINT (-86.7679 36.1649)
20190517581,07/10/2019 03:57:00 PM,3,1,0,,Y,580819,11,Front to Rear,22,CLOUDY,1,DAYLIGHT,12,MOTOR VEHICLE IN TRANSPORT,SPRING ST & COWAN ST,NASHVILLE,TN,37207,1955,CENTRA,36.1769,-86.7762,POINT (-86.7762 36.1769)
20190101421,02/06/2019 11:00:00 PM,2,0,0,,N,109531,16,Rear to Side,2,RAIN,3,DARK - LIGHTED,12,MOTOR VEHICLE IN TRANSPORT,LITTON AV & GALLATIN PKE,NASHVILLE,TN,37216,1403,EAST,36.2024,-86.7392,POINT (-86.7392 36.2024)
20190281440,04/12/2019 11:13:00 AM,4,4,0,,N,109534,5,SIDESWIPE - SAME DIRECTION,22,CLOUDY,1,DAYLIGHT,12;39,MOTOR VEHICLE IN TRANSPORT;WALL,MM 52 1 I 24,NASHVILLE,TN,37217,8816,SOUTH,36.1343,-86.7267,POINT (-86.7267 36.1343)
20190298489,04/18/2019 09:11:00 AM,1,0,0,Y,N,226622,0,NOT COLLISION W/MOTOR VEHICLE-TRANSPORT,22,CLOUDY,1,DAYLIGHT,57;64,Cable Barrier;Ran Off Road-Left,MM 194 3 I 40,NASHVILLE,TN,37221,4804,WEST,36.0778,-86.9887,POINT (-86.9887 36.0778)
20190010158,01/04/2019 12:00:00 AM,1,0,0,,N,298861,0,NOT COLLISION W/MOTOR VEHICLE-TRANSPORT,22,CLOUDY,2,DARK - NOT LIGHTED,11,OTHER ANIMAL,LEBANON PKE & LEBANON PIKE CIR,NASHVILLE,TN,37210,9021,HERMIT,36.1536,-86.7179,POINT (-86.7179 36.1536)
20190551230,07/24/2019 12:00:00 AM,2,0,0,,N,191572,4,ANGLE,21,CLEAR,3,DARK - LIGHTED,12,MOTOR VEHICLE IN TRANSPORT,OLD HICKORY BLVD & SEVEN SPRINGS WAY,BRENTWOOD,TN,37027,8619,MIDTOW,36.0403,-86.7684,POINT (-86.7684 36.0403)
20190207049,03/17/2019 02:45:00 AM,1,0,0,Y,N,320598,0,NOT COLLISION W/MOTOR VEHICLE-TRANSPORT,21,CLEAR,3,DARK - LIGHTED,30,UTILITY POLE,21ST AVN & WEST END AV,NASHVILLE,TN,37203,5601,MIDTOW,36.1506,-86.8013,POINT (-86.8013 36.1506)
20190381444,05/18/2019 09:40:00 PM,2,0,0,,N,320597,11,Front to Rear,21,CLEAR,3,DARK - LIGHTED,12,MOTOR VEHICLE IN TRANSPORT,BELL RD & HICKORY PARK DR,ANTIOCH,TN,37013,8753,SOUTH,36.0449,-86.6704,POINT (-86.6704 36.0449)
20190138294,02/20/2019 09:40:00 AM,2,1,0,,N,226136,11,Front to Rear,2,RAIN,1,DAYLIGHT,12,MOTOR VEHICLE IN TRANSPORT,CLOVERLAND DR & VALLEY VIEW RD,BRENTWOOD,TN,37027,8623,MIDTOW,36.0352,-86.7687,POINT (-86.7687 36.0352)
20190408023,05/28/2019 05:34:00 PM,2,0,0,,N,256380,4,ANGLE,21,CLEAR,1,DAYLIGHT,12,MOTOR VEHICLE IN TRANSPORT,I65 N ENT RAMP & I 40,NASHVILLE,TN,37208,44041,NORTH,36.1734,-86.8012,POINT (-86.8012 36.1734)
20190083995,01/31/2019 04:23:00 PM,2,0,0,,Y,279124,11,Front to Rear,21,CLEAR,1,DAYLIGHT,12,MOTOR VEHICLE IN TRANSPORT,MM 55 2 I 24,NASHVILLE,TN,37211,8812,SOUTH,36.0923,-86.7049,POINT (-86.7049 36.0923)
20190096483,02/05/2019 10:25:00 AM,2,0,0,,N,676834,11,Front to Rear,21,CLEAR,1,DAYLIGHT,12,MOTOR VEHICLE IN TRANSPORT,DOMINICAN DR & ROSA L PARKS BLVD,NASHVILLE,TN,37228,4445,NORTH,36.1879,-86.7985,POINT (-86.7985 36.1879)
20190404383,05/27/2019 11:00:00 AM,1,0,0,Y,Y,226405,0,NOT COLLISION W/MOTOR VEHICLE-TRANSPORT,21,CLEAR,1,DAYLIGHT,18,OTHER OBJECT (NOT FIXED),2613 WEST END AV,NASHVILLE,TN,37212,5815,MIDTOW,36.1446,-86.8107,POINT (-86.8107 36.1446)
20190357386,05/09/2019 09:09:00 PM,2,0,0,,N,256383,4,ANGLE,21,CLEAR,3,DARK - LIGHTED,12,MOTOR VEHICLE IN TRANSPORT,HARDING PL & METROPLEX DR,NASHVILLE,TN,37211,8889,SOUTH,36.0868,-86.6959,POINT (-86.6959 36.0868)
20190397563,05/24/2019 01:30:00 PM,2,0,0,,N,799013,4,ANGLE,21,CLEAR,1,DAYLIGHT,12,MOTOR VEHICLE IN TRANSPORT,LEBANON PKE & GUILL CT,NASHVILLE,TN,37214,9403,HERMIT,36.17,-86.6545,POINT (-86.6545 36.17)
20190093064,02/04/2019 08:45:00 AM,2,0,0,,Y,191578,11,Front to Rear,22,CLOUDY,1,DAYLIGHT,12,MOTOR VEHICLE IN TRANSPORT,OLD HICKORY BLVD & HOBSON DR,ANTIOCH,TN,37013,8765,SOUTH,36.0119,-86.621,POINT (-86.621 36.0119)
20190217229,03/20/2019 01:45:00 PM,2,3,0,,N,676834,11,Front to Rear,21,CLEAR,1,DAYLIGHT,12,MOTOR VEHICLE IN TRANSPORT,ROSA L PARKS BLVD & VANTAGE WAY,NASHVILLE,TN,37228,4445,NORTH,36.191,-86.7989,POINT (-86.7989 36.191)
20190382718,05/19/2019 12:11:00 PM,2,0,0,,N,474557,5,SIDESWIPE - SAME DIRECTION,22,CLOUDY,1,DAYLIGHT,12,MOTOR VEHICLE IN TRANSPORT,MM 53 9 I 24,NASHVILLE,TN,37211,88122,SOUTH,36.1073,-86.7197,POINT (-86.7197 36.1073)
20190531410,07/16/2019 10:46:00 AM,2,0,0,,Y,109534,4,ANGLE,21,CLEAR,1,DAYLIGHT,12;99,MOTOR VEHICLE IN TRANSPORT;UNKNOWN MOST HARMFUL EVENT,ELM HILL PKE & ERMAC DR,NASHVILLE,TN,37214,9101,HERMIT,36.1534,-86.6867,POINT (-86.6867 36.1534)
20190063166,01/24/2019 02:12:00 PM,1,0,0,,N,320585,0,NOT COLLISION W/MOTOR VEHICLE-TRANSPORT,21,CLEAR,1,DAYLIGHT,18,OTHER OBJECT (NOT FIXED),BRILEY PKWYS & CRAIGMEADE DR,NASHVILLE,TN,37214,9096,HERMIT,36.1583,-86.6926,POINT (-86.6926 36.1583)
20190126476,02/15/2019 08:41:00 PM,2,0,0,,N,256422,5,SIDESWIPE - SAME DIRECTION,2,RAIN,3,DARK - LIGHTED,12,MOTOR VEHICLE IN TRANSPORT,MM 207 9 I 40,NASHVILLE,TN,37208,54022,NORTH,36.1693,-86.7972,POINT (-86.7972 36.1693)
20190291571,04/16/2019 09:02:00 AM,2,0,0,,N,591936,11,Front to Rear,21,CLEAR,1,DAYLIGHT,12,MOTOR VEHICLE IN TRANSPORT,I440 ENT RAMP & I 65,NASHVILLE,TN,37204,7018,MIDTOW,36.1117,-86.7713,POINT (-86.7713 36.1117)
20190237935,03/27/2019 03:30:00 PM,2,0,0,,N,256386,11,Front to Rear,21,CLEAR,1,DAYLIGHT,12,MOTOR VEHICLE IN TRANSPORT,HERMITAGE PARK LN & OLD HICKORY BLVD,HERMITAGE,TN,37076,9543,HERMIT,36.1668,-86.599,POINT (-86.599 36.1668)
20190474129,06/22/2019 12:00:00 AM,2,0,0,,Y,279118,4,ANGLE,21,CLEAR,3,DARK - LIGHTED,12,MOTOR VEHICLE IN TRANSPORT,MT VIEW RD & CROSSINGS BLVD,ANTIOCH,TN,37013,8863,SOUTH,36.0455,-86.6473,POINT (-86.6473 36.0455)
20190138599,02/20/2019 11:43:00 AM,1,0,0,,N,909494,0,NOT COLLISION W/MOTOR VEHICLE-TRANSPORT,2,RAIN,1,DAYLIGHT,36,CONCRETE TRAFFIC BARRIER,MM 49 0 I 24,NASHVILLE,TN,37206,10040,EAST,36.1664,-86.7647,POINT (-86.7647 36.1664)
20190283270,04/13/2019 03:03:00 AM,1,0,0,,N,345098,0,NOT COLLISION W/MOTOR VEHICLE-TRANSPORT,22,CLOUDY,2,DARK - NOT LIGHTED,42;64,TREE;Ran Off Road-Left,ALVIN SPERRY RD & EARHART RD,MOUNT JULIET,TN,37122,9551,HERMIT,36.1384,-86.5638,POINT (-86.5638 36.1384)
20190295880,04/17/2019 01:32:00 PM,2,3,0,,N,191578,4,ANGLE,21,CLEAR,1,DAYLIGHT,12,MOTOR VEHICLE IN TRANSPORT,BELL RD & STEWARTS FERRY PKE,NASHVILLE,TN,37214,8959,HERMIT,36.1522,-86.6251,POINT (-86.6251 36.1522)
20190308281,04/22/2019 07:00:00 AM,2,0,0,,N,224464,11,Front to Rear,21,CLEAR,1,DAYLIGHT,12,MOTOR VEHICLE IN TRANSPORT,I40 W ENT RAMP & I 40,NASHVILLE,TN,37210,9007,HERMIT,36.1484,-86.7454,POINT (-86.7454 36.1484)
20190249010,03/31/2019 09:22:00 PM,3,1,0,,N,212346,4,ANGLE,21,CLEAR,3,DARK - LIGHTED,14,PARKED MOTOR VEHICLE,5TH AVN & JUNIOR GILLIAM WAY,NASHVILLE,TN,37219,4235,CENTRA,36.173,-86.7866,POINT (-86.7866 36.173)
20190221117,03/21/2019 05:35:00 PM,2,0,0,,N,714641,4,ANGLE,21,CLEAR,1,DAYLIGHT,12,MOTOR VEHICLE IN TRANSPORT,8TH AVS & LAFAYETTE ST,NASHVILLE,TN,37203,4043,CENTRA,36.1546,-86.7792,POINT (-86.7792 36.1546)
20190562344,07/28/2019 04:45:00 PM,2,0,0,,N,206682,5,SIDESWIPE - SAME DIRECTION,21,CLEAR,1,DAYLIGHT,12,MOTOR VEHICLE IN TRANSPORT,OLD HICKORY BLVDW & DOUGLAS ST,MADISON,TN,37115,1771,MADISO,36.2633,-86.7146,POINT (-86.7146 36.2633)
20190219506,03/21/2019 06:32:00 AM,2,0,0,,N,191578,5,SIDESWIPE - SAME DIRECTION,21,CLEAR,4,DAWN,12,MOTOR VEHICLE IN TRANSPORT,I40 E EXT RAMP & OLD HICKORY BLVD,HERMITAGE,TN,37076,9527,HERMIT,36.1696,-86.601,POINT (-86.601 36.1696)
20190457248,06/16/2019 01:47:00 PM,2,0,0,,N,876581,11,Front to Rear,21,CLEAR,1,DAYLIGHT,12,MOTOR VEHICLE IN TRANSPORT,GALLATIN PKEN & LIBERTY LN,MADISON,TN,37115,1731,MADISO,36.3051,-86.6884,POINT (-86.6884 36.3051)
20190110169,02/10/2019 10:30:00 AM,2,3,0,,N,630627,4,ANGLE,2,RAIN,1,DAYLIGHT,12,MOTOR VEHICLE IN TRANSPORT,PORTLAND AV & MAGNOLIA BLVD,NASHVILLE,TN,37212,6607,MIDTOW,36.1332,-86.8013,POINT (-86.8013 36.1332)
20190578886,08/04/2019 05:07:00 AM,1,0,0,,N,909497,0,NOT COLLISION W/MOTOR VEHICLE-TRANSPORT,21,CLEAR,2,DARK - NOT LIGHTED,36,CONCRETE TRAFFIC BARRIER,MM 221 8 I 40,HERMITAGE,TN,37076,9502,HERMIT,36.1695,-86.5827,POINT (-86.5827 36.1695)
20190368854,05/14/2019 01:00:00 PM,2,0,0,,N,352204,4,ANGLE,21,CLEAR,1,DAYLIGHT,12,MOTOR VEHICLE IN TRANSPORT,OVERHILL DR & HILLSBORO PKE,NASHVILLE,TN,37215,6405,MIDTOW,36.1009,-86.8187,POINT (-86.8187 36.1009)
20190126327,02/15/2019 07:00:00 PM,2,0,0,,Y,256384,5,SIDESWIPE - SAME DIRECTION,2,RAIN,3,DARK - LIGHTED,12,MOTOR VEHICLE IN TRANSPORT,NOLENSVILLE PKE & RAYMOND ST,NASHVILLE,TN,37211,8431,SOUTH,36.0988,-86.739,POINT (-86.739 36.0988)
20190171927,03/04/2019 03:56:00 PM,2,0,0,,N,279208,4,ANGLE,21,CLEAR,1,DAYLIGHT,12,MOTOR VEHICLE IN TRANSPORT,MURPHY RD & WEST END AV,NASHVILLE,TN,37203,5629,MIDTOW,36.1394,-86.8198,POINT (-86.8198 36.1394)
20190049645,01/19/2019 03:56:00 PM,2,0,0,,N,281611,11,Front to Rear,2,RAIN,1,DAYLIGHT,12,MOTOR VEHICLE IN TRANSPORT,CHARLOTTE PKE & I40 E ENT RAMP,NASHVILLE,TN,37205,5007,WEST,36.1319,-86.8955,POINT (-86.8955 36.1319)
20190453837,06/14/2019 08:24:00 PM,2,0,0,,Y,311337,4,ANGLE,21,CLEAR,1,DAYLIGHT,14,PARKED MOTOR VEHICLE,ELM HILL PKE & PATRIOT WAY,NASHVILLE,TN,37214,9411,HERMIT,36.1482,-86.6644,POINT (-86.6644 36.1482)
20190286996,04/14/2019 06:23:00 PM,2,0,0,,Y,747556,5,SIDESWIPE - SAME DIRECTION,21,CLEAR,5,DUSK,12,MOTOR VEHICLE IN TRANSPORT,OLD HICKORY BLVD & BRENTWOOD MEADOWS CIR,BRENTWOOD,TN,37027,8621,MIDTOW,36.0411,-86.7464,POINT (-86.7464 36.0411)
20190564970,07/29/2019 05:01:00 PM,2,0,0,,N,256380,4,ANGLE,21,CLEAR,1,DAYLIGHT,12,MOTOR VEHICLE IN TRANSPORT,STOKERS LN & BUENA VISTA PKE,NASHVILLE,TN,37218,3035,NORTH,36.2114,-86.8174,POINT (-86.8174 36.2114)
20190262112,04/05/2019 08:20:00 AM,2,0,0,,N,311331,5,SIDESWIPE - SAME DIRECTION,22,CLOUDY,1,DAYLIGHT,12,MOTOR VEHICLE IN TRANSPORT,CHAPEL AV & GREENWOOD AV,NASHVILLE,TN,37206,1323,EAST,36.19,-86.7388,POINT (-86.7388 36.19)