Accident Number,Date and Time,Number of Motor Vehicles,Number of Injuries,Number of Fatalities,Property Damage,Hit and Run,Reporting Officer,Collision Type Code,Collision Type Description,Weather Code,Weather Description,Illumination Code,Illumination Description,Harmful Code,Harmful Code Description,Street Address,City,State,ZIP,RPA,Precinct,Latitude,Longitude,Mapped Location
20190468867,06/20/2019 05:02:00 PM,2,0,0,,Y,240957,5,SIDESWIPE - SAME DIRECTION,21,CLEAR,1,DAYLIGHT,12,MOTOR VEHICLE IN TRANSPORT,MM 81 1 I 65,NASHVILLE,TN,37204,80040,MIDTOW,36.1313,-86.7738,POINT (-86.7738 36.1313)
20190266687,04/07/2019 12:00:00 AM,1,0,0,,Y,320588,0,NOT COLLISION W/MOTOR VEHICLE-TRANSPORT,2,RAIN,2,DARK - NOT LIGHTED,2;42;63,TREE;Ran Off Road-Right,WHITES CREEK PKE & TOM AUSTIN HWY,GOODLETTSVILLE,TN,37072,2315,NORTH,36.3882,-86.8983,POINT (-86.8983 36.3882)
20190393740,05/23/2019 08:30:00 AM,3,1,0,,Y,169414,11,Front to Rear,21,CLEAR,1,DAYLIGHT,12,MOTOR VEHICLE IN TRANSPORT,ANTIOCH PKE & PERIMETER HILL DR,NASHVILLE,TN,37211,8889,SOUTH,36.0859,-86.6911,POINT (-86.6911 36.0859)
20190436502,06/08/2019 10:46:00 AM,2,0,0,,N,902543,11,Front to Rear,22,CLOUDY,1,DAYLIGHT,12,MOTOR VEHICLE IN TRANSPORT,W TRINITY LN & E TRINITY LN,NASHVILLE,TN,37207,1863,EAST,36.2059,-86.7688,POINT (-86.7688 36.2059)
20190224050,03/22/2019 03:35:00 PM,2,0,0,,Y,256427,11,Front to Rear,21,CLEAR,1,DAYLIGHT,12,MOTOR VEHICLE IN TRANSPORT,MM 213 8 I 40,NASHVILLE,TN,37217,8802,HERMIT,36.1413,-86.7163,POINT (-86.7163 36.1413)
20190514664,07/09/2019 03:00:00 PM,2,0,0,,N,224824,5,SIDESWIPE - SAME DIRECTION,21,CLEAR,1,DAYLIGHT,12,MOTOR VEHICLE IN TRANSPORT,OLD HICKORY BLVD & CENTRAL PKE,HERMITAGE,TN,37076,9557,HERMIT,36.1676,-86.7787,POINT (-86.7787 36.1676)
20190194796,03/12/2019 04:56:00 PM,2,1,0,,N,179583,4,ANGLE,21,CLEAR,1,DAYLIGHT,12,MOTOR VEHICLE IN TRANSPORT,MT VIEW RD & BELL FORGE LNE,ANTIOCH,TN,37013,8863,SOUTH,36.0471,-86.648,POINT (-86.648 36.0471)
20190362545,05/11/2019 09:35:00 PM,2,0,0,,Y,320598,11,Front to Rear,21,CLEAR,3,DARK - LIGHTED,12,MOTOR VEHICLE IN TRANSPORT,NOLENSVILLE PKE & ALLIED DR,NASHVILLE,TN,37211,8511,MIDTOW,36.0962,-86.7377,POINT (-86.7377 36.0962)
20190525090,07/13/2019 05:04:00 PM,1,1,0,,Y,197435,0,NOT COLLISION W/MOTOR VEHICLE-TRANSPORT,21,CLEAR,1,DAYLIGHT,8,PEDESTRIAN,JOSEPH AV & LANE GARDEN APTS PVTDR,NASHVILLE,TN,37207,1963,EAST,36.1828,-86.7726,POINT (-86.7726 36.1828)
20190388495,05/21/2019 03:42:00 PM,2,2,0,,N,690942,11,Front to Rear,21,CLEAR,1,DAYLIGHT,12,MOTOR VEHICLE IN TRANSPORT,3RD AVN & JEFFERSON ST,NASHVILLE,TN,37201,4233,CENTRA,36.175,-86.7847,POINT (-86.7847 36.175)
20190463413,06/18/2019 12:00:00 AM,2,0,0,,Y,206675,5,SIDESWIPE - SAME DIRECTION,21,CLEAR,3,DARK - LIGHTED,14,PARKED MOTOR VEHICLE,NOLENSVILLE PKE & ELBERTA ST,NASHVILLE,TN,37210,8319,SOUTH,36.1191,-86.7493,POINT (-86.7493 36.1191)
20190529226,07/15/2019 02:54:00 PM,2,0,0,,Y,151132,0,NOT COLLISION W/MOTOR VEHICLE-TRANSPORT,22,CLOUDY,1,DAYLIGHT,16;7,THROWN OR FALLING OBJECT,MM 93 2 I 65,MADISON,TN,37115,17062,MADISO,36.2787,-86.7343,POINT (-86.7343 36.2787)
20190382033,05/19/2019 03:50:00 AM,1,0,0,Y,N,320578,0,NOT COLLISION W/MOTOR VEHICLE-TRANSPORT,21,CLEAR,3,DARK - LIGHTED,32;33,CULVERT;CURB,BELL RD & BROOK VIEW ESTATES DR,ANTIOCH,TN,37013,8755,SOUTH,36.0439,-86.6933,POINT (-86.6933 36.0439)
20190313565,04/23/2019 03:18:00 PM,2,0,0,,Y,524985,9,UNKNOWN,21,CLEAR,1,DAYLIGHT,14;55,PARKED MOTOR VEHICLE;Motor Vehicle-In-Motion Outside Trafficw,CHARLOTTE AV & 52ND AVN,NASHVILLE,TN,37209,5123,WEST,36.1519,-86.8495,POINT (-86.8495 36.1519)
20190508850,07/06/2019 01:45:00 PM,2,0,0,,Y,320582,98,OTHER,21,CLEAR,1,DAYLIGHT,12,MOTOR VEHICLE IN TRANSPORT,OAK VALLEY DR & DICKERSON PKE,NASHVILLE,TN,37207,1807,EAST,36.2315,-86.7605,POINT (-86.7605 36.2315)
20190089260,02/02/2019 02:25:00 PM,2,0,0,,N,192871,4,ANGLE,21,CLEAR,1,DAYLIGHT,12,MOTOR VEHICLE IN TRANSPORT,MYATT DR & ANDERSON LN,MADISON,TN,37115,1715,MADISO,36.2728,-86.6895,POINT (-86.6895 36.2728)
20190253331,04/02/2019 08:23:00 AM,2,1,0,,N,330431,4,ANGLE,21,CLEAR,1,DAYLIGHT,12,MOTOR VEHICLE IN TRANSPORT,HOBSON PKE & LONDONVIEW PL,ANTIOCH,TN,37013,8907,SOUTH,36.0785,-86.5698,POINT (-86.5698 36.0785)
20190106493,02/08/2019 04:53:00 PM,2,0,0,,N,299266,11,Front to Rear,21,CLEAR,1,DAYLIGHT,12,MOTOR VEHICLE IN TRANSPORT,MM 54 2 I 24,NASHVILLE,TN,37211,88122,SOUTH,36.1038,-86.7151,POINT (-86.7151 36.1038)
20190409424,05/29/2019 07:30:00 AM,3,0,0,,N,245532,11,Front to Rear,21,CLEAR,1,DAYLIGHT,12,MOTOR VEHICLE IN TRANSPORT,MM 48 8 I 24,NASHVILLE,TN,37213,1104,CENTRA,36.1682,-86.7659,POINT (-86.7659 36.1682)
20190289472,04/15/2019 04:12:00 PM,2,0,0,,N,299266,4,ANGLE,21,CLEAR,1,DAYLIGHT,12,MOTOR VEHICLE IN TRANSPORT,MURFREESBORO PKE & FOREST VIEW DR,ANTIOCH,TN,37013,8865,SOUTH,36.0674,-86.6313,POINT (-86.6313 36.0674)
20190577555,08/03/2019 12:00:00 AM,2,0,0,,N,298861,11,Front to Rear,22,CLOUDY,1,DAYLIGHT,12,MOTOR VEHICLE IN TRANSPORT,MM 215 5 I 40,NASHVILLE,TN,37217,89020,HERMIT,36.1432,-86.6865,POINT (-86.6865 36.1432)
20190300623,04/19/2019 01:16:00 AM,2,0,0,Y,N,352186,0,NOT COLLISION W/MOTOR VEHICLE-TRANSPORT,2,RAIN,3,DARK - LIGHTED,7,,COLEMONT DR & DELVIN DR,NASHVILLE,TN,37211,8717,SOUTH,36.0544,-86.7005,POINT (-86.7005 36.0544)
20190160848,02/28/2019 07:07:00 AM,2,0,0,,N,179602,4,ANGLE,22,CLOUDY,1,DAYLIGHT,12,MOTOR VEHICLE IN TRANSPORT,W TRINITY LN & SCRUGGS LN,NASHVILLE,TN,37207,3007,NORTH,36.2068,-86.7805,POINT (-86.7805 36.2068)
20190265132,04/06/2019 11:45:00 AM,2,0,0,,N,279122,11,Front to Rear,21,CLEAR,1,DAYLIGHT,12,MOTOR VEHICLE IN TRANSPORT,CHARLOTTE AV & 39TH AVN,NASHVILLE,TN,37209,5229,WEST,36.1522,-86.8334,POINT (-86.8334 36.1522)
20190483708,06/26/2019 05:44:00 PM,2,1,0,,Y,256446,11,Front to Rear,21,CLEAR,1,DAYLIGHT,12,MOTOR VEHICLE IN TRANSPORT,MURFREESBORO PKE & MENZLER RD,NASHVILLE,TN,37210,8159,SOUTH,36.1402,-86.7363,POINT (-86.7363 36.1402)
20190269283,04/08/2019 06:59:00 AM,2,0,0,,N,191578,5,SIDESWIPE - SAME DIRECTION,2,RAIN,1,DAYLIGHT,12,MOTOR VEHICLE IN TRANSPORT,MM 212 1 I 40,NASHVILLE,TN,37210,90041,HERMIT,36.1463,-86.7422,POINT (-86.7422 36.1463)
20190059582,01/23/2019 12:55:00 PM,2,0,0,,N,226622,4,ANGLE,2,RAIN,1,DAYLIGHT,12,MOTOR VEHICLE IN TRANSPORT,URBANDALE AV & BRILEY PKWYN,NASHVILLE,TN,37209,4637,WEST,36.1539,-86.8575,POINT (-86.8575 36.1539)
20190515566,07/09/2019 11:12:00 PM,1,1,0,,N,256492,0,NOT COLLISION W/MOTOR VEHICLE-TRANSPORT,21,CLEAR,3,DARK - LIGHTED,30,UTILITY POLE,LAFAYETTE ST & FAIRFIELD AV,NASHVILLE,TN,37210,8133,SOUTH,36.1473,-86.7579,POINT (-86.7579 36.1473)
20190269518,04/08/2019 08:55:00 AM,2,0,0,,N,320592,5,SIDESWIPE - SAME DIRECTION,2,RAIN,1,DAYLIGHT,12,MOTOR VEHICLE IN TRANSPORT,BRILEY PKWYS & BRILEY PKWYN,NASHVILLE,TN,37218,3212,NORTH,36.2142,-86.8724,POINT (-86.8724 36.2142)
20190532010,07/16/2019 03:26:00 PM,2,0,0,,Y,580819,11,Front to Rear,22,CLOUDY,1,DAYLIGHT,12,MOTOR VEHICLE IN TRANSPORT,MM 48 9 I 24,NASHVILLE,TN,37213,1104,CENTRA,36.1676,-86.7656,POINT (-86.7656 36.1676)
20190256812,04/03/2019 09:30:00 AM,2,0,0,,Y,1,9,UNKNOWN,21,CLEAR,1,DAYLIGHT,14,PARKED MOTOR VEHICLE,OBRIEN AV & MIDLAND AV,NASHVILLE,TN,37209,5031,WEST,36.1506,-86.8604,POINT (-86.8604 36.1506)
20190244718,03/29/2019 08:04:00 PM,2,0,0,,N,256380,4,ANGLE,21,CLEAR,3,DARK - LIGHTED,12,MOTOR VEHICLE IN TRANSPORT,W TRINITY LN & BRICK CHURCH PKE,NASHVILLE,TN,37207,3003,NORTH,36.2066,-86.7779,POINT (-86.7779 36.2066)
20190108233,02/09/2019 09:48:00 AM,2,0,0,,Y,110063,4,ANGLE,21,CLEAR,1,DAYLIGHT,14;99,PARKED MOTOR VEHICLE;UNKNOWN MOST HARMFUL EVENT,EWINGDALE DR & WOODPOINT DR,NASHVILLE,TN,37207,3045,NORTH,36.2353,-86.7935,POINT (-86.7935 36.2353)
20190387410,05/21/2019 08:00:00 AM,2,0,0,,N,352204,11,Front to Rear,21,CLEAR,1,DAYLIGHT,12,MOTOR VEHICLE IN TRANSPORT,MM 77 9 I 65,NASHVILLE,TN,37204,8502,MIDTOW,36.0832,-86.7636,POINT (-86.7636 36.0832)
20190339958,05/03/2019 07:41:00 AM,2,0,0,,N,834798,5,SIDESWIPE - SAME DIRECTION,21,CLEAR,1,DAYLIGHT,12,MOTOR VEHICLE IN TRANSPORT,GALE LN & FRANKLIN PKE,NASHVILLE,TN,37204,6957,MIDTOW,36.1195,-86.7754,POINT (-86.7754 36.1195)
20190429368,06/05/2019 05:55:00 PM,2,0,0,,N,256426,11,Front to Rear,21,CLEAR,1,DAYLIGHT,12,MOTOR VEHICLE IN TRANSPORT,I24E & I24 W ENT RAMP,NASHVILLE,TN,37210,82061,HERMIT,36.1386,-86.7273,POINT (-86.7273 36.1386)
20190434123,06/07/2019 12:03:00 PM,2,0,0,,N,109534,5,SIDESWIPE - SAME DIRECTION,21,CLEAR,1,DAYLIGHT,12,MOTOR VEHICLE IN TRANSPORT,MCGAVOCK PKE & MUSIC VALLEY DR,NASHVILLE,TN,37214,9213,HERMIT,36.217,-86.6951,POINT (-86.6951 36.217)
20190239998,03/28/2019 08:47:00 AM,1,0,0,,N,140790,0,NOT COLLISION W/MOTOR VEHICLE-TRANSPORT,21,CLEAR,1,DAYLIGHT,34;36,DITCH;CONCRETE TRAFFIC BARRIER,MM 218 3 I 40,NASHVILLE,TN,37214,9404,HERMIT,36.1498,-86.6391,POINT (-86.6391 36.1498)
20190404966,05/27/2019 04:19:00 PM,1,1,0,Y,N,256501,0,NOT COLLISION W/MOTOR VEHICLE-TRANSPORT,21,CLEAR,1,DAYLIGHT,40,MAIL BOX,REVELS DR & WOODWARD DR,NASHVILLE,TN,37207,3025,NORTH,36.2237,-86.8124,POINT (-86.8124 36.2237)
20190467464,06/20/2019 08:00:00 AM,2,0,0,,N,279227,4,ANGLE,2,RAIN,1,DAYLIGHT,12,MOTOR VEHICLE IN TRANSPORT,HARDING PL & METROPLEX DR,NASHVILLE,TN,37211,8845,SOUTH,36.0868,-86.6949,POINT (-86.6949 36.0868)
20190502034,07/03/2019 05:09:00 PM,3,0,0,,Y,267831,5,SIDESWIPE - SAME DIRECTION,21,CLEAR,1,DAYLIGHT,12,MOTOR VEHICLE IN TRANSPORT,MM 204 8 I 40,NASHVILLE,TN,37209,45020,WEST,36.1539,-86.8425,POINT (-86.8425 36.1539)
20190188573,03/10/2019 10:13:00 AM,1,0,0,,N,630627,0,NOT COLLISION W/MOTOR VEHICLE-TRANSPORT,21,CLEAR,1,DAYLIGHT,30,UTILITY POLE,GRAND AV & 20TH AVS,NASHVILLE,TN,37212,6709,MIDTOW,36.1474,-86.7987,POINT (-86.7987 36.1474)
20190144389,02/22/2019 08:00:00 AM,2,0,0,Y,N,110067,11,Front to Rear,2,RAIN,1,DAYLIGHT,12,MOTOR VEHICLE IN TRANSPORT,DONELSON PKE & HANGAR LN,NASHVILLE,TN,37214,8953,HERMIT,36.1212,-86.6664,POINT (-86.6664 36.1212)
20190262567,04/05/2019 10:23:00 AM,2,0,0,,N,179602,4,ANGLE,22,CLOUDY,1,DAYLIGHT,14,PARKED MOTOR VEHICLE,OLD MATTHEWS RD & DYNE CT,NASHVILLE,TN,37207,3047,NORTH,36.2196,-86.7926,POINT (-86.7926 36.2196)
20190548994,07/23/2019 08:49:00 AM,2,0,0,,N,169421,11,Front to Rear,21,CLEAR,1,DAYLIGHT,12,MOTOR VEHICLE IN TRANSPORT,I40 E EXT RAMP & I 40,NASHVILLE,TN,37214,8955,HERMIT,36.155,-86.6271,POINT (-86.6271 36.155)
20190095386,02/05/2019 01:05:00 AM,2,0,0,,Y,256382,11,Front to Rear,21,CLEAR,3,DARK - LIGHTED,12,MOTOR VEHICLE IN TRANSPORT,MM 213 0 I 40,NASHVILLE,TN,37210,8219,HERMIT,36.1407,-86.7323,POINT (-86.7323 36.1407)
20190559842,07/27/2019 12:00:00 PM,2,1,0,,N,279206,5,SIDESWIPE - SAME DIRECTION,21,CLEAR,1,DAYLIGHT,12,MOTOR VEHICLE IN TRANSPORT,MM 211 1 I 40,NASHVILLE,TN,37210,8008,HERMIT,36.1539,-86.7571,POINT (-86.7571 36.1539)
20190316395,04/24/2019 12:24:00 PM,2,0,0,,N,620067,5,SIDESWIPE - SAME DIRECTION,21,CLEAR,1,DAYLIGHT,12,MOTOR VEHICLE IN TRANSPORT,MURFREESBORO PKE & RURAL HILL RD,ANTIOCH,TN,37013,8861,SOUTH,36.0745,-86.6387,POINT (-86.6387 36.0745)
20190420307,06/02/2019 08:20:00 AM,2,0,0,,Y,320595,4,ANGLE,21,CLEAR,1,DAYLIGHT,12,MOTOR VEHICLE IN TRANSPORT,I40 E EXT RAMP & I 40,NASHVILLE,TN,37214,8955,HERMIT,36.155,-86.6271,POINT (-86.6271 36.155)
20190374480,05/16/2019 08:42:00 AM,2,0,0,,N,755026,11,Front to Rear,21,CLEAR,1,DAYLIGHT,12,MOTOR VEHICLE IN TRANSPORT,MM 54 3 I 24,NASHVILLE,TN,37211,84020,SOUTH,36.1034,-86.7148,POINT (-86.7148 36.1034)
20190338347,05/02/2019 04:05:00 PM,2,0,0,,N,299257,11,Front to Rear,21,CLEAR,1,DAYLIGHT,12,MOTOR VEHICLE IN TRANSPORT,MM 82 2 I 65,NASHVILLE,TN,37203,6804,MIDTOW,36.1456,-86.7776,POINT (-86.7776 36.1456)
20190010671,01/04/2019 11:25:00 PM,2,0,0,,N,191782,5,SIDESWIPE - SAME DIRECTION,2,RAIN,2,DARK - NOT LIGHTED,12,MOTOR VEHICLE IN TRANSPORT,FRANKLIN PKE & NORWOOD DR,NASHVILLE,TN,37204,7013,MIDTOW,36.0988,-86.7721,POINT (-86.7721 36.0988)
20190307138,04/21/2019 06:55:00 PM,3,0,0,,N,633391,11,Front to Rear,21,CLEAR,1,DAYLIGHT,12,MOTOR VEHICLE IN TRANSPORT,HARDING PKE & WOODMONT BLVD,NASHVILLE,TN,37205,6021,WEST,36.1253,-86.8472,POINT (-86.8472 36.1253)
20190232130,03/25/2019 05:40:00 PM,2,0,0,,N,320585,2,HEAD-ON,21,CLEAR,1,DAYLIGHT,12,MOTOR VEHICLE IN TRANSPORT,BELL RD & MOSSDALE DR,NASHVILLE,TN,37217,8937,HERMIT,36.0828,-86.6287,POINT (-86.6287 36.0828)
20190051592,01/20/2019 02:21:00 PM,2,1,0,,N,179583,4,ANGLE,21,CLEAR,1,DAYLIGHT,12,MOTOR VEHICLE IN TRANSPORT,4TH AVS & I40 E EXT RAMP,NASHVILLE,TN,37210,8153,SOUTH,36.1505,-86.7704,POINT (-86.7704 36.1505)
20190221649,03/21/2019 10:07:00 PM,2,1,0,,N,240955,11,Front to Rear,21,CLEAR,2,DARK - NOT LIGHTED,12;63,MOTOR VEHICLE IN TRANSPORT;Ran Off Road-Right,MM 62 8 I 24,ANTIOCH,TN,37013,8804,SOUTH,36.0118,-86.6175,POINT (-86.6175 36.0118)
20190267787,04/07/2019 04:15:00 PM,2,0,0,,N,197068,11,Front to Rear,2,RAIN,1,DAYLIGHT,12,MOTOR VEHICLE IN TRANSPORT,MM 49 2 I 24,NASHVILLE,TN,37213,1002,CENTRA,36.1637,-86.7625,POINT (-86.7625 36.1637)
20190577309,08/03/2019 02:19:00 PM,2,0,0,,N,320594,11,Front to Rear,21,CLEAR,1,DAYLIGHT,12,MOTOR VEHICLE IN TRANSPORT,OLD HICKORY BLVD & HERMITAGE WOODS DR,HERMITAGE,TN,37076,9561,HERMIT,36.1773,-86.6042,POINT (-86.6042 36.1773)
20190285764,04/14/2019 06:02:00 AM,2,1,0,,N,320578,11,Front to Rear,21,CLEAR,1,DAYLIGHT,12,MOTOR VEHICLE IN TRANSPORT,MM 57 6 I 24,ANTIOCH,TN,37013,87060,SOUTH,36.0629,-86.6829,POINT (-86.6829 36.0629)
20190411516,05/29/2019 12:00:00 AM,2,0,0,,Y,146772,9,UNKNOWN,21,CLEAR,3,DARK - LIGHTED,12;14,MOTOR VEHICLE IN TRANSPORT;PARKED MOTOR VEHICLE,600 MYATT DR,MADISON,TN,37115,1721,MADISO,36.2924,-86.6948,POINT (-86.6948 36.2924)
20190294967,04/17/2019 08:15:00 AM,2,0,0,,N,226622,11,Front to Rear,21,CLEAR,1,DAYLIGHT,12,MOTOR VEHICLE IN TRANSPORT,HILLSBORO CIR & HILLSBORO DR,NASHVILLE,TN,37215,6111,WEST,36.1023,-86.8195,POINT (-86.8195 36.1023)
20190034422,01/14/2019 08:39:00 AM,2,0,0,,N,299257,4,ANGLE,22,CLOUDY,1,DAYLIGHT,12,MOTOR VEHICLE IN TRANSPORT,ROSEDALE AV & NOLENSVILLE PKE,NASHVILLE,TN,37211,8043,MIDTOW,36.125,-86.7522,POINT (-86.7522 36.125)
20190231372,03/25/2019 02:04:00 PM,2,1,0,Y,N,332253,0,NOT COLLISION W/MOTOR VEHICLE-TRANSPORT,22,CLOUDY,1,DAYLIGHT,12;36,MOTOR VEHICLE IN TRANSPORT;CONCRETE TRAFFIC BARRIER,MM 89 6 I 65,NASHVILLE,TN,37207,2002,MADISO,36.2363,-86.7626,POINT (-86.7626 36.2363)
20190523413,07/12/2019 08:52:00 PM,2,0,0,,N,212346,5,SIDESWIPE - SAME DIRECTION,21,CLEAR,3,DARK - LIGHTED,12,MOTOR VEHICLE IN TRANSPORT,PRINTERS ALY & CHURCH ST,NASHVILLE,TN,37201,4137,CENTRA,36.164,-86.7784,POINT (-86.7784 36.164)
20190326125,04/28/2019 04:27:00 AM,2,0,0,,N,169414,5,SIDESWIPE - SAME DIRECTION,21,CLEAR,2,DARK - NOT LIGHTED,12,MOTOR VEHICLE IN TRANSPORT,HOBSON & PIN HOOK,ANTIOCH,TN,37013,8905,SOUTH,36.0495,-86.5999,POINT (-86.5999 36.0495)
20190050445,01/19/2019 11:03:00 PM,2,0,0,,Y,279201,11,Front to Rear,2,RAIN,3,DARK - LIGHTED,12,MOTOR VEHICLE IN TRANSPORT,LEBANON PKE & FAIRWAY DR,NASHVILLE,TN,37214,9109,HERMIT,36.1691,-86.6824,POINT (-86.6824 36.1691)
20190368277,05/14/2019 08:30:00 AM,2,1,0,,N,887592,11,Front to Rear,21,CLEAR,1,DAYLIGHT,12,MOTOR VEHICLE IN TRANSPORT,I65 S EXT RAMP & I 65,MADISON,TN,37115,20044,MADISO,36.2481,-86.743,POINT (-86.743 36.2481)
20190419675,06/02/2019 01:00:00 AM,2,3,0,,N,179603,11,Front to Rear,21,CLEAR,7,Dark-Unknown Lighting,12,MOTOR VEHICLE IN TRANSPORT,MM 44 1 I 24,NASHVILLE,TN,37207,20100,MADISO,36.2313,-86.7826,POINT (-86.7826 36.2313)
20190280970,04/12/2019 07:41:00 AM,2,0,0,,N,179602,3,REAR-TO-REAR,2,RAIN,1,DAYLIGHT,12,MOTOR VEHICLE IN TRANSPORT,MM 32 3 I 24,JOELTON,TN,37080,3316,NORTH,36.3362,-86.9115,POINT (-86.9115 36.3362)
20190469543,06/20/2019 10:02:00 PM,2,0,0,Y,Y,717341,4,ANGLE,21,CLEAR,3,DARK - LIGHTED,12,MOTOR VEHICLE IN TRANSPORT,TAMPA DR & HARDING PL,NASHVILLE,TN,37211,8705,SOUTH,36.0827,-86.7105,POINT (-86.7105 36.0827)
20190292284,04/16/2019 12:45:00 PM,2,0,0,,Y,676834,5,SIDESWIPE - SAME DIRECTION,21,CLEAR,1,DAYLIGHT,12;14,MOTOR VEHICLE IN TRANSPORT;PARKED MOTOR VEHICLE,1900 CHARLOTTE AV,NASHVILLE,TN,37203,5357,NORTH,36.1576,-86.8015,POINT (-86.8015 36.1576)
20190486439,06/27/2019 12:00:00 AM,2,1,0,,N,298861,11,Front to Rear,21,CLEAR,1,DAYLIGHT,12,MOTOR VEHICLE IN TRANSPORT,MM 212 8 I 40,NASHVILLE,TN,37210,90040,HERMIT,36.1425,-86.7353,POINT (-86.7353 36.1425)
20190121776,02/14/2019 07:40:00 AM,2,0,0,,N,226306,11,Front to Rear,21,CLEAR,1,DAYLIGHT,12,MOTOR VEHICLE IN TRANSPORT,HIGHWAY 100 & HARPETH TRACE DR,NASHVILLE,TN,37221,6211,WEST,36.0698,-86.8974,POINT (-86.8974 36.0698)
20190432592,06/06/2019 08:45:00 PM,2,0,0,,N,256412,4,ANGLE,2,RAIN,2,DARK - NOT LIGHTED,12,MOTOR VEHICLE IN TRANSPORT,NOLENSVILLE PKE & I440 E ENT RAMP,NASHVILLE,TN,37210,8319,SOUTH,36.1203,-86.7499,POINT (-86.7499 36.1203)
20190544863,07/21/2019 05:21:00 PM,2,0,0,,N,299266,11,Front to Rear,21,CLEAR,1,DAYLIGHT,12,MOTOR VEHICLE IN TRANSPORT,ANTIOCH PKE & BLUE HOLE RD,ANTIOCH,TN,37013,8857,SOUTH,36.06,-86.6721,POINT (-86.6721 36.06)
20190574180,08/02/2019 08:57:00 AM,2,0,0,,N,299243,11,Front to Rear,21,CLEAR,1,DAYLIGHT,12,MOTOR VEHICLE IN TRANSPORT,JAMES ROBERTSON PKWY & 7TH AVN,NASHVILLE,TN,37219,4203,CENTRA,36.1679,-86.7863,POINT (-86.7863 36.1679)
20190388991,05/21/2019 07:27:00 PM,1,1,0,Y,N,429193,0,NOT COLLISION W/MOTOR VEHICLE-TRANSPORT,21,CLEAR,5,DUSK,36,CONCRETE TRAFFIC BARRIER,MM 195 9 I 40,NASHVILLE,TN,37221,4804,WEST,36.0777,-86.9636,POINT (-86.9636 36.0777)
20190217597,03/20/2019 04:29:00 PM,2,1,0,,N,256439,4,ANGLE,21,CLEAR,1,DAYLIGHT,12,MOTOR VEHICLE IN TRANSPORT,LAFAYETTE ST & 2ND AVS,NASHVILLE,TN,37210,8201,HERMIT,36.1507,-86.768,POINT (-86.768 36.1507)
20190094341,02/04/2019 05:10:00 PM,2,2,0,,N,298861,11,Front to Rear,22,CLOUDY,5,DUSK,12,MOTOR VEHICLE IN TRANSPORT,MM 217 8 I 40,NASHVILLE,TN,37214,8906,HERMIT,36.141,-86.6569,POINT (-86.6569 36.141)
20190422638,06/03/2019 10:46:00 AM,2,0,0,,Y,298864,11,Front to Rear,21,CLEAR,1,DAYLIGHT,12,MOTOR VEHICLE IN TRANSPORT,RIVERGATE MARKETPLACE PVTDR & GALLATIN P,MADISON,TN,37115,1731,MADISO,36.3037,-86.6898,POINT (-86.6898 36.3037)
20190296572,04/17/2019 05:14:00 PM,2,0,0,,N,179606,5,SIDESWIPE - SAME DIRECTION,21,CLEAR,1,DAYLIGHT,12,MOTOR VEHICLE IN TRANSPORT,BLACKMAN RD & DARLINGTON DR,NASHVILLE,TN,37211,8611,MIDTOW,36.0743,-86.7393,POINT (-86.7393 36.0743)
20190282308,04/12/2019 07:01:00 PM,2,0,0,,N,345098,0,NOT COLLISION W/MOTOR VEHICLE-TRANSPORT,21,CLEAR,5,DUSK,1;24;63;7;72,GUARDRAIL FACE;Ran Off Road-Right;EMBANKMENT ROCK/STONE/CONCRETE,MM 1 7 I 440,NASHVILLE,TN,37209,5312,NORTH,36.1536,-86.8226,POINT (-86.8226 36.1536)
20190461925,06/18/2019 10:22:00 AM,1,1,0,,N,311799,0,NOT COLLISION W/MOTOR VEHICLE-TRANSPORT,22,CLOUDY,1,DAYLIGHT,1,,UNION HILL RD & LUSTER RD,GOODLETTSVILLE,TN,37072,2203,MADISO,36.3367,-86.782,POINT (-86.782 36.3367)
20190156687,02/26/2019 08:00:00 PM,2,0,0,,N,725756,11,Front to Rear,21,CLEAR,3,DARK - LIGHTED,12,MOTOR VEHICLE IN TRANSPORT,I40 W EXT RAMP & I 40,NASHVILLE,TN,37203,4119,CENTRA,36.1574,-86.79,POINT (-86.79 36.1574)
20190339774,05/03/2019 02:20:00 AM,1,0,0,,N,224437,0,NOT COLLISION W/MOTOR VEHICLE-TRANSPORT,21,CLEAR,2,DARK - NOT LIGHTED,24;64,GUARDRAIL FACE;Ran Off Road-Left,I24 E EXT RAMP & I 24,NASHVILLE,TN,37207,30080,NORTH,36.2378,-86.7872,POINT (-86.7872 36.2378)
20190541024,07/19/2019 09:30:00 PM,2,2,0,,N,256389,2,HEAD-ON,21,CLEAR,3,DARK - LIGHTED,12,MOTOR VEHICLE IN TRANSPORT,EDMONDSON PKE & HUNTINGTON PKWY,NASHVILLE,TN,37211,8653,MIDTOW,36.0511,-86.7433,POINT (-86.7433 36.0511)
20190514148,07/09/2019 08:55:00 AM,2,0,0,,Y,462474,11,Front to Rear,21,CLEAR,1,DAYLIGHT,12,MOTOR VEHICLE IN TRANSPORT,21ST AVS & BLAIR BLVD,NASHVILLE,TN,37212,6607,MIDTOW,36.1304,-86.802,POINT (-86.802 36.1304)
20190101761,02/06/2019 06:45:00 PM,2,0,0,,N,280010,4,ANGLE,2,RAIN,3,DARK - LIGHTED,12,MOTOR VEHICLE IN TRANSPORT,EDGE O LAKE DR & MARTWAY DR,ANTIOCH,TN,37013,8891,SOUTH,36.0789,-86.6452,POINT (-86.6452 36.0789)