Accident Number,Date and Time,Number of Motor Vehicles,Number of Injuries,Number of Fatalities,Property Damage,Hit and Run,Reporting Officer,Collision Type Code,Collision Type Description,Weather Code,Weather Description,Illumination Code,Illumination Description,Harmful Code,Harmful Code Description,Street Address,City,State,ZIP,RPA,Precinct,Latitude,Longitude,Mapped Location
20190180574,03/07/2019 07:35:00 AM,2,0,0,,N,191578,4,ANGLE,21,CLEAR,1,DAYLIGHT,12,MOTOR VEHICLE IN TRANSPORT,OLD HICKORY BLVD & SELLS DR,HERMITAGE,TN,37076,9543,HERMIT,36.1684,-86.6002,POINT (-86.6002 36.1684)
20190256609,04/03/2019 08:05:00 AM,2,0,0,,N,330431,11,Front to Rear,21,CLEAR,1,DAYLIGHT,12,MOTOR VEHICLE IN TRANSPORT,BELL RD & BRITTANY PARK DR,ANTIOCH,TN,37013,8719,SOUTH,36.0469,-86.6794,POINT (-86.6794 36.0469)
20190063983,01/24/2019 11:11:00 PM,2,0,0,,N,311341,11,Front to Rear,21,CLEAR,3,DARK - LIGHTED,12,MOTOR VEHICLE IN TRANSPORT,MM 2 0 I 440,NASHVILLE,TN,37205,6004,WEST,36.13,-86.8171,POINT (-86.8171 36.13)
20190393435,05/23/2019 05:55:00 AM,2,0,0,,N,405424,4,ANGLE,21,CLEAR,4,DAWN,12,MOTOR VEHICLE IN TRANSPORT,PITTS AV & 32ND ST,OLD HICKORY,TN,37138,9607,HERMIT,36.2448,-86.6379,POINT (-86.6379 36.2448)
20190417131,05/31/2019 08:21:00 PM,2,2,0,,N,256423,98,OTHER,21,CLEAR,3,DARK - LIGHTED,12,MOTOR VEHICLE IN TRANSPORT,3RD AVN & MADISON ST,NASHVILLE,TN,37208,4309,NORTH,36.1763,-86.7855,POINT (-86.7855 36.1763)
20190100382,02/06/2019 01:41:00 PM,2,1,0,,N,320586,4,ANGLE,2,RAIN,1,DAYLIGHT,12,MOTOR VEHICLE IN TRANSPORT,NOLENSVILLE PKE & ZOO RD,NASHVILLE,TN,37211,8509,MIDTOW,36.0886,-86.732,POINT (-86.732 36.0886)
20190400283,05/25/2019 12:45:00 PM,2,0,0,,Y,320603,11,Front to Rear,21,CLEAR,1,DAYLIGHT,12,MOTOR VEHICLE IN TRANSPORT,0 SNYDER AV,NASHVILLE,TN,37209,4663,WEST,36.1547,-86.8601,POINT (-86.8601 36.1547)
20190147698,02/23/2019 01:59:00 PM,2,1,0,,N,320586,11,Front to Rear,2,RAIN,1,DAYLIGHT,12,MOTOR VEHICLE IN TRANSPORT,BELL RD & BLUE HOLE RD,ANTIOCH,TN,37013,8719,SOUTH,36.0458,-86.6744,POINT (-86.6744 36.0458)
20190536679,07/18/2019 08:00:00 AM,2,0,0,,N,226306,11,Front to Rear,22,CLOUDY,1,DAYLIGHT,12,MOTOR VEHICLE IN TRANSPORT,OLD HICKORY BLVD & HIGHWAY 100,NASHVILLE,TN,37221,6211,WEST,36.0623,-86.9046,POINT (-86.9046 36.0623)
20190463162,06/18/2019 07:31:00 PM,2,2,0,,Y,206675,11,Front to Rear,21,CLEAR,1,DAYLIGHT,12,MOTOR VEHICLE IN TRANSPORT,THOMPSON LN & NOLENSVILLE PKE,NASHVILLE,TN,37211,8425,SOUTH,36.1109,-86.7447,POINT (-86.7447 36.1109)
20190566262,07/30/2019 09:26:00 AM,2,0,0,,N,109534,11,Front to Rear,21,CLEAR,1,DAYLIGHT,12,MOTOR VEHICLE IN TRANSPORT,I40 E EXT RAMP & I 40,NASHVILLE,TN,37214,8955,HERMIT,36.155,-86.6271,POINT (-86.6271 36.155)
20190301797,04/19/2019 11:09:00 AM,2,0,0,,N,191578,11,Front to Rear,2,RAIN,1,DAYLIGHT,12,MOTOR VEHICLE IN TRANSPORT,OLD HICKORY BLVD & JUAREZ DR,HERMITAGE,TN,37076,9531,HERMIT,36.1919,-86.6157,POINT (-86.6157 36.1919)
20190338117,05/02/2019 12:00:00 AM,2,0,0,,Y,299265,11,Front to Rear,21,CLEAR,1,DAYLIGHT,12,MOTOR VEHICLE IN TRANSPORT,MM 48 1 I 24,NASHVILLE,TN,37207,1106,EAST,36.1742,-86.7706,POINT (-86.7706 36.1742)
20190216502,03/20/2019 08:55:00 AM,2,0,0,,N,876573,11,Front to Rear,21,CLEAR,1,DAYLIGHT,12,MOTOR VEHICLE IN TRANSPORT,BELL RD & BLUE HOLE RD,ANTIOCH,TN,37013,8719,SOUTH,36.0458,-86.6744,POINT (-86.6744 36.0458)
20190420633,06/02/2019 12:59:00 PM,2,0,0,,N,279113,98,OTHER,21,CLEAR,1,DAYLIGHT,12,MOTOR VEHICLE IN TRANSPORT,MURFREESBORO PKE & BROOKSBORO PL,ANTIOCH,TN,37013,8891,SOUTH,36.0837,-86.6472,POINT (-86.6472 36.0837)
20190286367,04/14/2019 01:10:00 PM,2,1,0,,N,240952,4,ANGLE,21,CLEAR,1,DAYLIGHT,12;34,MOTOR VEHICLE IN TRANSPORT;DITCH,BURKITT RD & WHITTEMORE LN,NOLENSVILLE,TN,37135,8773,SOUTH,35.9919,-86.6548,POINT (-86.6548 35.9919)
20190112303,02/11/2019 07:50:00 AM,2,0,0,,Y,402660,5,SIDESWIPE - SAME DIRECTION,22,CLOUDY,1,DAYLIGHT,12,MOTOR VEHICLE IN TRANSPORT,MM 205 2 I 40,NASHVILLE,TN,37209,52027,WEST,36.154,-86.835,POINT (-86.835 36.154)
20190398645,05/24/2019 07:02:00 PM,2,0,0,,N,256386,5,SIDESWIPE - SAME DIRECTION,21,CLEAR,1,DAYLIGHT,12,MOTOR VEHICLE IN TRANSPORT,STATE HWY 45 & ANDREW JACKSON WAY,HERMITAGE,TN,37076,9561,HERMIT,36.1824,-86.6082,POINT (-86.6082 36.1824)
20190010294,01/04/2019 06:52:00 PM,2,0,0,,Y,876597,11,Front to Rear,22,CLOUDY,2,DARK - NOT LIGHTED,12,MOTOR VEHICLE IN TRANSPORT,HICKORY HOLLOW PKWY & HICKORY HOLLOW MAL,ANTIOCH,TN,37013,8859,SOUTH,36.0484,-86.6593,POINT (-86.6593 36.0484)
20190206816,03/17/2019 12:12:00 AM,2,1,0,,Y,420040,11,Front to Rear,21,CLEAR,3,DARK - LIGHTED,12,MOTOR VEHICLE IN TRANSPORT,BROADWAY & 16TH AVS,NASHVILLE,TN,37203,5701,MIDTOW,36.1543,-86.7929,POINT (-86.7929 36.1543)
20190383458,05/19/2019 09:35:00 PM,2,2,0,,N,320580,4,ANGLE,21,CLEAR,3,DARK - LIGHTED,12,MOTOR VEHICLE IN TRANSPORT,LEBANON PKE & GRAYLYNN DR,NASHVILLE,TN,37214,9113,HERMIT,36.1699,-86.6744,POINT (-86.6744 36.1699)
20190102879,02/07/2019 11:13:00 AM,3,0,0,,N,620072,11,Front to Rear,22,CLOUDY,1,DAYLIGHT,12,MOTOR VEHICLE IN TRANSPORT,CHARLOTTE AV & 17TH AVN,NASHVILLE,TN,37203,5425,NORTH,36.1591,-86.7976,POINT (-86.7976 36.1591)
20190384951,05/20/2019 12:10:00 PM,2,0,0,,N,591933,11,Front to Rear,21,CLEAR,1,DAYLIGHT,12,MOTOR VEHICLE IN TRANSPORT,NOLENSVILLE PKE & OCALA DR,NASHVILLE,TN,37211,8715,SOUTH,36.0508,-86.7144,POINT (-86.7144 36.0508)
20190220238,03/21/2019 11:47:00 AM,2,0,0,,N,714641,4,ANGLE,21,CLEAR,1,DAYLIGHT,12,MOTOR VEHICLE IN TRANSPORT,4TH AVS & ELM ST,NASHVILLE,TN,37210,4005,CENTRA,36.1533,-86.7722,POINT (-86.7722 36.1533)
20190498726,07/02/2019 01:45:00 PM,2,0,0,,N,665896,4,ANGLE,21,CLEAR,1,DAYLIGHT,12,MOTOR VEHICLE IN TRANSPORT,STRATFORD AV & GALLATIN PKE,NASHVILLE,TN,37216,1441,EAST,36.2145,-86.7305,POINT (-86.7305 36.2145)
20190423935,06/03/2019 09:53:00 PM,1,0,0,,N,256380,0,NOT COLLISION W/MOTOR VEHICLE-TRANSPORT,21,CLEAR,2,DARK - NOT LIGHTED,50,DEER (ANIMAL),COUNTY HOSPITAL RD & -UNKNOWN RAMP/ROAD,NASHVILLE,TN,37218,3133,NORTH,36.1872,-86.8612,POINT (-86.8612 36.1872)
20190097578,02/05/2019 04:40:00 PM,2,0,0,,Y,169425,5,SIDESWIPE - SAME DIRECTION,22,CLOUDY,1,DAYLIGHT,12,MOTOR VEHICLE IN TRANSPORT,DEMONBREUN ST & I40 E ENT RAMP,NASHVILLE,TN,37203,4015,CENTRA,36.1539,-86.7878,POINT (-86.7878 36.1539)
20190226988,03/23/2019 08:17:00 PM,2,0,0,,N,206964,11,Front to Rear,21,CLEAR,3,DARK - LIGHTED,54,Set In Motion By Motor Vehicle,DOVER GLEN DR & DOVER GLEN PVTDR,ANTIOCH,TN,37013,8861,SOUTH,36.0768,-86.642,POINT (-86.642 36.0768)
20190039667,01/16/2019 01:15:00 AM,1,0,0,,N,134867,0,NOT COLLISION W/MOTOR VEHICLE-TRANSPORT,21,CLEAR,3,DARK - LIGHTED,33,CURB,UNION ST & UNION ST EXT RAMP,NASHVILLE,TN,37201,4135,CENTRA,36.1659,-86.7779,POINT (-86.7779 36.1659)
20190009210,01/04/2019 10:00:00 AM,2,0,0,,N,109534,11,Front to Rear,22,CLOUDY,1,DAYLIGHT,12,MOTOR VEHICLE IN TRANSPORT,MM 220 0 I 40,HERMITAGE,TN,37076,94021,HERMIT,36.1643,-86.6157,POINT (-86.6157 36.1643)
20190015457,01/07/2019 05:10:00 AM,2,0,0,,Y,151125,5,SIDESWIPE - SAME DIRECTION,21,CLEAR,3,DARK - LIGHTED,12,MOTOR VEHICLE IN TRANSPORT,NEELYS BEND RD & CANDLEWOOD DR,MADISON,TN,37115,1633,MADISO,36.2512,-86.6906,POINT (-86.6906 36.2512)
20190343807,05/04/2019 08:39:00 PM,1,0,0,Y,N,420040,0,NOT COLLISION W/MOTOR VEHICLE-TRANSPORT,2,RAIN,3,DARK - LIGHTED,31,"OTHER POST, POLE, SUPP.",DEMONBREUN ST & 14TH AVS,NASHVILLE,TN,37203,6721,MIDTOW,36.1536,-86.7884,POINT (-86.7884 36.1536)
20190325299,04/27/2019 07:22:00 PM,2,1,0,,N,279225,4,ANGLE,21,CLEAR,1,DAYLIGHT,12,MOTOR VEHICLE IN TRANSPORT,MURFREESBORO PKE & BELL RD,ANTIOCH,TN,37013,8865,SOUTH,36.072,-86.636,POINT (-86.636 36.072)
20190368096,05/14/2019 07:00:00 AM,2,0,0,,N,224824,11,Front to Rear,21,CLEAR,1,DAYLIGHT,12,MOTOR VEHICLE IN TRANSPORT,MM 217 7 I 40,NASHVILLE,TN,37214,94040,HERMIT,36.1415,-86.6551,POINT (-86.6551 36.1415)
20190000180,01/01/2019 01:00:00 AM,1,0,0,,N,660929,0,NOT COLLISION W/MOTOR VEHICLE-TRANSPORT,21,CLEAR,3,DARK - LIGHTED,36,CONCRETE TRAFFIC BARRIER,WOODMONT BLVD & THOMPSON LN,NASHVILLE,TN,37204,7011,MIDTOW,36.1103,-86.7733,POINT (-86.7733 36.1103)
20190141645,02/21/2019 11:10:00 AM,2,0,0,,N,716886,4,ANGLE,21,CLEAR,1,DAYLIGHT,12,MOTOR VEHICLE IN TRANSPORT,PERIMETER HILL DR & ANTIOCH PKE,NASHVILLE,TN,37211,8847,SOUTH,36.0855,-86.6908,POINT (-86.6908 36.0855)
20190535129,07/17/2019 05:50:00 PM,2,0,0,,N,179583,4,ANGLE,21,CLEAR,1,DAYLIGHT,12;33,MOTOR VEHICLE IN TRANSPORT;CURB,4TH AVS & OAK ST,NASHVILLE,TN,37210,8153,SOUTH,36.1492,-86.7695,POINT (-86.7695 36.1492)
20190227003,03/23/2019 08:55:00 PM,2,0,0,,N,212344,4,ANGLE,21,CLEAR,3,DARK - LIGHTED,14,PARKED MOTOR VEHICLE,RUSSELL ST & S 10TH ST,NASHVILLE,TN,37206,1129,EAST,36.1759,-86.7517,POINT (-86.7517 36.1759)
20190390557,05/22/2019 08:10:00 AM,2,0,0,,N,262749,11,Front to Rear,21,CLEAR,1,DAYLIGHT,12,MOTOR VEHICLE IN TRANSPORT,LEBANON PKE & DANYACREST DR,NASHVILLE,TN,37214,9403,HERMIT,36.1786,-86.6447,POINT (-86.6447 36.1786)
20190496113,07/01/2019 04:48:00 PM,2,4,0,,N,256380,4,ANGLE,21,CLEAR,1,DAYLIGHT,12,MOTOR VEHICLE IN TRANSPORT,WHITES CREEK PKE & I24 E ENT RAMP,JOELTON,TN,37080,3311,NORTH,36.3237,-86.8683,POINT (-86.8683 36.3237)
20190372684,05/15/2019 05:59:00 PM,2,0,0,,Y,151132,11,Front to Rear,22,CLOUDY,1,DAYLIGHT,12,MOTOR VEHICLE IN TRANSPORT,DICKERSON PKE & WESTCHESTER DR,NASHVILLE,TN,37207,2043,MADISO,36.2632,-86.7573,POINT (-86.7573 36.2632)
20190196874,03/13/2019 10:00:00 AM,2,1,0,,N,225777,11,Front to Rear,22,CLOUDY,1,DAYLIGHT,12,MOTOR VEHICLE IN TRANSPORT,MM 199 5 I 40,NASHVILLE,TN,37209,4708,WEST,36.1149,-86.9181,POINT (-86.9181 36.1149)
20190419090,06/01/2019 05:27:00 PM,2,0,0,,N,298858,4,ANGLE,21,CLEAR,1,DAYLIGHT,12,MOTOR VEHICLE IN TRANSPORT,3RD AVS & BROADWAY,NASHVILLE,TN,37201,4105,CENTRA,36.1615,-86.776,POINT (-86.776 36.1615)
20190246040,03/30/2019 11:07:00 AM,2,0,0,,N,212369,4,ANGLE,21,CLEAR,1,DAYLIGHT,12,MOTOR VEHICLE IN TRANSPORT,OLD HICKORY BLVD & KNOLLS PL,NASHVILLE,TN,37211,8651,MIDTOW,36.0453,-86.717,POINT (-86.717 36.0453)
20190255092,04/02/2019 09:45:00 PM,2,0,0,,Y,676828,5,SIDESWIPE - SAME DIRECTION,21,CLEAR,3,DARK - LIGHTED,12,MOTOR VEHICLE IN TRANSPORT,GEORGE L DAVIS BLVD & CHURCH ST,NASHVILLE,TN,37203,4119,CENTRA,36.1584,-86.7906,POINT (-86.7906 36.1584)
20190465597,06/19/2019 04:37:00 PM,2,0,0,,N,279208,5,SIDESWIPE - SAME DIRECTION,21,CLEAR,1,DAYLIGHT,12,MOTOR VEHICLE IN TRANSPORT,20TH AVN & WEST END AV,NASHVILLE,TN,37203,5527,MIDTOW,36.1516,-86.7995,POINT (-86.7995 36.1516)
20190440594,06/10/2019 08:31:00 AM,2,1,0,,N,191578,16,Rear to Side,21,CLEAR,1,DAYLIGHT,14;55,PARKED MOTOR VEHICLE;Motor Vehicle-In-Motion Outside Trafficw,MURFREESBORO PKE & MARTWAY DR,ANTIOCH,TN,37013,8891,SOUTH,36.0783,-86.643,POINT (-86.643 36.0783)
20190407872,05/28/2019 05:50:00 PM,2,1,0,,N,151132,4,ANGLE,21,CLEAR,1,DAYLIGHT,12,MOTOR VEHICLE IN TRANSPORT,BRIARVILLE RD & WORTH ST,MADISON,TN,37115,1799,MADISO,36.2425,-86.7366,POINT (-86.7366 36.2425)
20190029733,01/12/2019 03:55:00 AM,2,1,0,,Y,192378,11,Front to Rear,22,CLOUDY,3,DARK - LIGHTED,12,MOTOR VEHICLE IN TRANSPORT,MURFREESBORO PKE & THOMPSON PL,NASHVILLE,TN,37217,8879,SOUTH,36.1267,-86.7111,POINT (-86.7111 36.1267)
20190237052,03/27/2019 09:09:00 AM,2,1,0,,N,419983,4,ANGLE,21,CLEAR,1,DAYLIGHT,12,MOTOR VEHICLE IN TRANSPORT,OLDHAM ST & N 1ST ST,NASHVILLE,TN,37213,1985,CENTRA,36.1744,-86.7741,POINT (-86.7741 36.1744)
20190314327,04/23/2019 09:06:00 PM,2,2,0,,Y,256383,4,ANGLE,21,CLEAR,3,DARK - LIGHTED,12,MOTOR VEHICLE IN TRANSPORT,NOLENSVILLE PKE & TUSCULUM RD,NASHVILLE,TN,37211,8715,SOUTH,36.0587,-86.7162,POINT (-86.7162 36.0587)
20190009464,01/04/2019 12:44:00 PM,1,0,0,Y,N,226622,0,NOT COLLISION W/MOTOR VEHICLE-TRANSPORT,2,RAIN,1,DAYLIGHT,72,EMBANKMENT ROCK/STONE/CONCRETE,BOWLING AV & CHALMETTE CT,NASHVILLE,TN,37215,6001,WEST,36.1213,-86.8267,POINT (-86.8267 36.1213)
20190416622,05/31/2019 04:00:00 PM,3,2,0,,N,212330,11,Front to Rear,22,CLOUDY,1,DAYLIGHT,12,MOTOR VEHICLE IN TRANSPORT,MM 52 1 I 24,NASHVILLE,TN,37217,8816,SOUTH,36.1343,-86.7267,POINT (-86.7267 36.1343)
20190120092,02/13/2019 05:48:00 PM,2,1,0,,N,169425,4,ANGLE,21,CLEAR,1,DAYLIGHT,12,MOTOR VEHICLE IN TRANSPORT,17TH AVS & BROADWAY,NASHVILLE,TN,37203,5705,MIDTOW,36.1533,-86.794,POINT (-86.794 36.1533)
20190525952,07/14/2019 02:25:00 AM,3,0,0,,Y,311340,11,Front to Rear,21,CLEAR,3,DARK - LIGHTED,12,MOTOR VEHICLE IN TRANSPORT,14TH AVN & GRUNDY ST,NASHVILLE,TN,37203,5517,MIDTOW,36.1566,-86.7904,POINT (-86.7904 36.1566)
20190163591,03/01/2019 07:50:00 AM,3,2,0,,N,226600,11,Front to Rear,2,RAIN,1,DAYLIGHT,12,MOTOR VEHICLE IN TRANSPORT,OLD HICKORY BLVD & CHICKERING MEADOW,NASHVILLE,TN,37221,6215,WEST,36.0493,-86.8699,POINT (-86.8699 36.0493)
20190156322,02/26/2019 05:06:00 PM,3,1,0,,N,256383,4,ANGLE,21,CLEAR,1,DAYLIGHT,12,MOTOR VEHICLE IN TRANSPORT,I24 W EXT RAMP & I 24,NASHVILLE,TN,37211,8829,SOUTH,36.1074,-86.7197,POINT (-86.7197 36.1074)
20190528555,07/15/2019 09:24:00 AM,1,0,0,,N,279230,0,NOT COLLISION W/MOTOR VEHICLE-TRANSPORT,2,RAIN,1,DAYLIGHT,43,OTHER FIXED OBJECTS,1300 RURAL HILL RD,ANTIOCH,TN,37013,8861,SOUTH,36.0591,-86.6452,POINT (-86.6452 36.0591)
20190553154,07/24/2019 05:46:00 PM,2,0,0,,N,298858,5,SIDESWIPE - SAME DIRECTION,21,CLEAR,1,DAYLIGHT,12,MOTOR VEHICLE IN TRANSPORT,MM 207 9 I 40,NASHVILLE,TN,37208,54022,NORTH,36.1693,-86.7972,POINT (-86.7972 36.1693)
20190396706,05/24/2019 06:00:00 AM,2,0,0,,N,279122,11,Front to Rear,21,CLEAR,1,DAYLIGHT,12,MOTOR VEHICLE IN TRANSPORT,MM 87 0 I 65,NASHVILLE,TN,37207,18020,EAST,36.2018,-86.7766,POINT (-86.7766 36.2018)
20190321499,04/26/2019 04:20:00 AM,2,0,0,,N,320602,4,ANGLE,21,CLEAR,3,DARK - LIGHTED,13,MOTOR VEHICLE IN TRANSPORT-OTHER ROADWAY,JUAREZ DR & LEBANON PKE,HERMITAGE,TN,37076,9531,HERMIT,36.1817,-86.6721,POINT (-86.6721 36.1817)
20190151927,02/25/2019 09:20:00 AM,2,0,0,,N,224437,5,SIDESWIPE - SAME DIRECTION,,,1,DAYLIGHT,12,MOTOR VEHICLE IN TRANSPORT,HERMITAGE AV & KOREAN VETERANS BLVD,NASHVILLE,TN,37201,4047,CENTRA,36.1583,-86.7719,POINT (-86.7719 36.1583)
20190540022,07/19/2019 02:05:00 PM,3,1,0,,N,279206,5,SIDESWIPE - SAME DIRECTION,21,CLEAR,1,DAYLIGHT,12,MOTOR VEHICLE IN TRANSPORT,BRILEY PKWY S EXT RAMP & I40 W ENT RAMP,NASHVILLE,TN,37209,46120,WEST,36.1558,-86.8585,POINT (-86.8585 36.1558)
20190426920,06/04/2019 10:20:00 PM,1,0,0,,N,330417,0,NOT COLLISION W/MOTOR VEHICLE-TRANSPORT,21,CLEAR,2,DARK - NOT LIGHTED,34,DITCH,BRICK CHURCH PKE & BELLSHIRE DR,NASHVILLE,TN,37207,2037,MADISO,36.2622,-86.776,POINT (-86.776 36.2622)
20190003482,01/02/2019 11:00:00 AM,2,0,0,,Y,330431,5,SIDESWIPE - SAME DIRECTION,22,CLOUDY,1,DAYLIGHT,12,MOTOR VEHICLE IN TRANSPORT,MM 213 0 I 40,NASHVILLE,TN,37210,8219,HERMIT,36.1407,-86.7323,POINT (-86.7323 36.1407)
20190553517,07/24/2019 09:31:00 PM,2,1,0,,Y,298858,5,SIDESWIPE - SAME DIRECTION,21,CLEAR,3,DARK - LIGHTED,12,MOTOR VEHICLE IN TRANSPORT,MM 49 6 I 24,NASHVILLE,TN,37210,4008,CENTRA,36.1571,-86.7604,POINT (-86.7604 36.1571)
20190412739,05/30/2019 10:31:00 AM,3,1,0,,N,620072,11,Front to Rear,22,CLOUDY,1,DAYLIGHT,1;12,MOTOR VEHICLE IN TRANSPORT,MM 1 7 I 440,NASHVILLE,TN,37209,5312,NORTH,36.1536,-86.8226,POINT (-86.8226 36.1536)
20190205907,03/16/2019 12:00:00 AM,2,1,0,,Y,212344,11,Front to Rear,21,CLEAR,1,DAYLIGHT,12,MOTOR VEHICLE IN TRANSPORT,N 16TH ST & EASTLAND AV,NASHVILLE,TN,37206,1231,EAST,36.1829,-86.741,POINT (-86.741 36.1829)
20190285409,04/14/2019 02:13:00 AM,3,0,0,,Y,197053,4,ANGLE,2,RAIN,2,DARK - NOT LIGHTED,12,MOTOR VEHICLE IN TRANSPORT,I24 W EXT RAMP & I 24,NASHVILLE,TN,37211,8829,SOUTH,36.1074,-86.7197,POINT (-86.7197 36.1074)
20190012567,01/05/2019 08:00:00 PM,2,1,0,,N,161939,11,Front to Rear,21,CLEAR,3,DARK - LIGHTED,12,MOTOR VEHICLE IN TRANSPORT,NOLENSVILLE PKE & APRIL LN,NASHVILLE,TN,37211,8715,SOUTH,36.056,-86.7157,POINT (-86.7157 36.056)
20190500887,07/03/2019 08:00:00 AM,2,0,0,,N,799013,11,Front to Rear,22,CLOUDY,1,DAYLIGHT,12,MOTOR VEHICLE IN TRANSPORT,MCGAVOCK PKE & MUSIC VALLEY DR,NASHVILLE,TN,37214,9213,HERMIT,36.217,-86.6951,POINT (-86.6951 36.217)
20190268387,04/07/2019 11:18:00 PM,2,0,0,,N,166477,11,Front to Rear,21,CLEAR,3,DARK - LIGHTED,12,MOTOR VEHICLE IN TRANSPORT,I24 E ENT RAMP & I 24,NASHVILLE,TN,37213,1007,CENTRA,36.1662,-86.7659,POINT (-86.7659 36.1662)
20190337521,05/02/2019 09:08:00 AM,2,0,0,,N,191578,5,SIDESWIPE - SAME DIRECTION,21,CLEAR,1,DAYLIGHT,12,MOTOR VEHICLE IN TRANSPORT,ANDREW JACKSON PKWY & OLD HICKORY BLVD,HERMITAGE,TN,37076,9561,HERMIT,36.1835,-86.6108,POINT (-86.6108 36.1835)
20190108403,02/09/2019 01:35:00 PM,4,1,0,,N,320601,11,Front to Rear,21,CLEAR,1,DAYLIGHT,12,MOTOR VEHICLE IN TRANSPORT,EAST THOMPSON LN & MURFREESBORO PKE,NASHVILLE,TN,37217,8879,SOUTH,36.1267,-86.7111,POINT (-86.7111 36.1267)
20190109987,02/10/2019 08:15:00 AM,1,0,0,Y,N,279122,0,NOT COLLISION W/MOTOR VEHICLE-TRANSPORT,2,RAIN,1,DAYLIGHT,24,GUARDRAIL FACE,MM 33 3 I 24,JOELTON,TN,37080,23040,NORTH,36.3298,-86.8958,POINT (-86.8958 36.3298)
20190129669,02/17/2019 07:35:00 AM,2,0,0,,N,769379,4,ANGLE,2,RAIN,1,DAYLIGHT,12,MOTOR VEHICLE IN TRANSPORT,HARDING PL & METROPLEX DR,NASHVILLE,TN,37211,8889,SOUTH,36.0868,-86.6959,POINT (-86.6959 36.0868)
20190302785,04/19/2019 06:24:00 PM,3,0,0,,Y,256383,5,SIDESWIPE - SAME DIRECTION,2,RAIN,1,DAYLIGHT,12,MOTOR VEHICLE IN TRANSPORT,CANE RIDGE RD & BELL HOLLOW APTS PVTDR,ANTIOCH,TN,37013,8751,SOUTH,36.043,-86.6616,POINT (-86.6616 36.043)
20190108706,02/09/2019 05:10:00 PM,2,1,0,,N,179583,4,ANGLE,21,CLEAR,1,DAYLIGHT,12,MOTOR VEHICLE IN TRANSPORT,JOYNER AV & NOLENSVILLE PKE,NASHVILLE,TN,37210,8317,SOUTH,36.1165,-86.7481,POINT (-86.7481 36.1165)
20190177424,03/06/2019 08:25:00 AM,2,0,0,,N,330431,11,Front to Rear,21,CLEAR,1,DAYLIGHT,12,MOTOR VEHICLE IN TRANSPORT,NOLENSVILLE PKE & OLD HICKORY BLVD,NASHVILLE,TN,37211,8717,SOUTH,36.0454,-86.7133,POINT (-86.7133 36.0454)
20190005053,01/02/2019 09:40:00 PM,2,0,0,,N,191573,4,ANGLE,2,RAIN,3,DARK - LIGHTED,14,PARKED MOTOR VEHICLE,COMMERCE ST & 4TH AVN,NASHVILLE,TN,37219,4107,CENTRA,36.1622,-86.7785,POINT (-86.7785 36.1622)
20190317052,04/24/2019 05:00:00 PM,2,0,0,,N,352201,11,Front to Rear,21,CLEAR,1,DAYLIGHT,12,MOTOR VEHICLE IN TRANSPORT,CHARLOTTE AV & 54TH AVN,NASHVILLE,TN,37209,5119,WEST,36.1512,-86.8534,POINT (-86.8534 36.1512)
20190385523,05/20/2019 04:00:00 PM,2,0,0,,N,330428,4,ANGLE,21,CLEAR,1,DAYLIGHT,12,MOTOR VEHICLE IN TRANSPORT,OCEOLA AV & CHARLOTTE PKE,NASHVILLE,TN,37209,5033,WEST,36.1497,-86.8599,POINT (-86.8599 36.1497)
20190429199,06/05/2019 04:45:00 PM,2,0,0,,N,151132,11,Front to Rear,22,CLOUDY,1,DAYLIGHT,12,MOTOR VEHICLE IN TRANSPORT,SHEPHERD HILLS DR & GALLATIN PKEN,GOODLETTSVILLE,TN,37072,1751,MADISO,36.3008,-86.6948,POINT (-86.6948 36.3008)
20190384525,05/20/2019 09:05:00 AM,3,0,0,,Y,716886,4,ANGLE,21,CLEAR,1,DAYLIGHT,14,PARKED MOTOR VEHICLE,HICKORY HOLLOW PKWY & HICKORY HOLLOW MAL,ANTIOCH,TN,37013,8859,SOUTH,36.0484,-86.6593,POINT (-86.6593 36.0484)
20190344227,05/05/2019 03:15:00 AM,2,0,0,,N,311800,4,ANGLE,22,CLOUDY,3,DARK - LIGHTED,12,MOTOR VEHICLE IN TRANSPORT,6TH AVN & CHURCH ST,NASHVILLE,TN,37219,4125,CENTRA,36.1626,-86.7814,POINT (-86.7814 36.1626)
20190443582,06/11/2019 09:15:00 AM,2,0,0,,N,716886,11,Front to Rear,21,CLEAR,1,DAYLIGHT,12,MOTOR VEHICLE IN TRANSPORT,HARDING PL & TAMPA DR,NASHVILLE,TN,37211,8705,SOUTH,36.0827,-86.7105,POINT (-86.7105 36.0827)
20190017122,01/07/2019 06:27:00 PM,4,1,0,,Y,279225,11,Front to Rear,21,CLEAR,3,DARK - LIGHTED,12,MOTOR VEHICLE IN TRANSPORT,JUAREZ DR & HERMITAGE MARKETPLACE PVTDR,HERMITAGE,TN,37076,9507,HERMIT,36.1924,-86.6162,POINT (-86.6162 36.1924)
20190197780,03/13/2019 04:05:00 PM,1,1,0,,N,419972,0,NOT COLLISION W/MOTOR VEHICLE-TRANSPORT,21,CLEAR,1,DAYLIGHT,36;64,CONCRETE TRAFFIC BARRIER;Ran Off Road-Left,BRILEY PKWYS & BRILEY PKWY S ENT RAMP,NASHVILLE,TN,37211,88962,SOUTH,36.1103,-86.7197,POINT (-86.7197 36.1103)