Accident Number,Date and Time,Number of Motor Vehicles,Number of Injuries,Number of Fatalities,Property Damage,Hit and Run,Reporting Officer,Collision Type Code,Collision Type Description,Weather Code,Weather Description,Illumination Code,Illumination Description,Harmful Code,Harmful Code Description,Street Address,City,State,ZIP,RPA,Precinct,Latitude,Longitude,Mapped Location
20190130191,02/17/2019 02:30:00 PM,5,0,0,,N,909485,11,Front to Rear,2,RAIN,1,DAYLIGHT,12,MOTOR VEHICLE IN TRANSPORT,MM 79 6 I 65,NASHVILLE,TN,37204,8504,MIDTOW,36.109,-86.7696,POINT (-86.7696 36.109)
20190435701,06/08/2019 01:35:00 AM,1,1,0,,Y,110062,0,NOT COLLISION W/MOTOR VEHICLE-TRANSPORT,21,CLEAR,3,DARK - LIGHTED,8,PEDESTRIAN,S 2ND ST & SHELBY AV,NASHVILLE,TN,37213,1007,CENTRA,36.1649,-86.7679,POINT (-86.7679 36.1649)
20190174737,03/05/2019 01:22:00 PM,2,0,0,,Y,620067,11,Front to Rear,21,CLEAR,1,DAYLIGHT,12,MOTOR VEHICLE IN TRANSPORT,I24 E EXT RAMP & I 24,NASHVILLE,TN,37207,30080,NORTH,36.2378,-86.7872,POINT (-86.7872 36.2378)
20190030419,01/12/2019 01:27:00 PM,1,1,0,,N,834798,0,NOT COLLISION W/MOTOR VEHICLE-TRANSPORT,2,RAIN,1,DAYLIGHT,9,,DIVISION ST & MUSIC SQE,NASHVILLE,TN,37203,6719,MIDTOW,36.1519,-86.7914,POINT (-86.7914 36.1519)
20190346989,05/06/2019 10:49:00 AM,2,0,0,,N,134899,4,ANGLE,21,CLEAR,1,DAYLIGHT,12,MOTOR VEHICLE IN TRANSPORT,MURFREESBORO PKE & EZELL PKE,NASHVILLE,TN,37217,8849,SOUTH,36.1047,-86.6695,POINT (-86.6695 36.1047)
20190014548,01/06/2019 08:33:00 PM,2,0,0,Y,Y,299263,4,ANGLE,21,CLEAR,3,DARK - LIGHTED,12,MOTOR VEHICLE IN TRANSPORT,COURTNEY AV & CURTIS ST,NASHVILLE,TN,37218,3115,NORTH,36.2005,-86.8337,POINT (-86.8337 36.2005)
20190148359,02/23/2019 07:27:00 PM,2,1,0,,N,330435,11,Front to Rear,2,RAIN,2,DARK - NOT LIGHTED,12,MOTOR VEHICLE IN TRANSPORT,ELLINGTON PKWYS & ELLINGTON PKWYN,NASHVILLE,TN,37207,1995,EAST,36.1758,-86.7666,POINT (-86.7666 36.1758)
20190135629,02/19/2019 12:00:00 AM,2,0,0,,Y,109534,5,SIDESWIPE - SAME DIRECTION,22,CLOUDY,1,DAYLIGHT,14;99,PARKED MOTOR VEHICLE;UNKNOWN MOST HARMFUL EVENT,MURFREESBORO PKE & FESSLERS LN,NASHVILLE,TN,37210,8117,SOUTH,36.1427,-86.744,POINT (-86.744 36.1427)
20190112386,02/11/2019 09:32:00 AM,2,2,0,,N,544481,5,SIDESWIPE - SAME DIRECTION,22,CLOUDY,1,DAYLIGHT,12;36,MOTOR VEHICLE IN TRANSPORT;CONCRETE TRAFFIC BARRIER,MM 87 1 I 65,NASHVILLE,TN,37207,18020,EAST,36.2041,-86.7765,POINT (-86.7765 36.2041)
20190094095,02/04/2019 03:32:00 PM,1,0,0,,N,151132,0,NOT COLLISION W/MOTOR VEHICLE-TRANSPORT,22,CLOUDY,1,DAYLIGHT,34;63,DITCH;Ran Off Road-Right,OLD DUE WEST AV & SKYLINE MEMORIAL CT,MADISON,TN,37115,2009,MADISO,36.2493,-86.7464,POINT (-86.7464 36.2493)
20190235281,03/26/2019 05:32:00 PM,2,0,0,,N,279225,5,SIDESWIPE - SAME DIRECTION,21,CLEAR,1,DAYLIGHT,12,MOTOR VEHICLE IN TRANSPORT,AIRWAYS BLVD & BRILEY PKWYN,NASHVILLE,TN,37217,8998,HERMIT,36.1299,-86.6951,POINT (-86.6951 36.1299)
20190284525,04/13/2019 12:00:00 AM,1,0,0,Y,Y,279200,0,NOT COLLISION W/MOTOR VEHICLE-TRANSPORT,2,RAIN,98,OTHER,19,BUILDING,6TH AVS & PEABODY ST,NASHVILLE,TN,37203,4039,CENTRA,36.1549,-86.7767,POINT (-86.7767 36.1549)
20190349754,05/07/2019 08:00:00 AM,1,1,0,,N,429185,0,NOT COLLISION W/MOTOR VEHICLE-TRANSPORT,21,CLEAR,1,DAYLIGHT,25,GUARDRAIL END,4121 LEBANON PKE PVTDR,HERMITAGE,TN,37076,9507,HERMIT,36.1997,-86.6181,POINT (-86.6181 36.1997)
20190104245,02/07/2019 10:23:00 PM,1,0,0,,N,279124,9,UNKNOWN,22,CLOUDY,2,DARK - NOT LIGHTED,99,UNKNOWN MOST HARMFUL EVENT,MM 59 0 I 24,ANTIOCH,TN,37013,8808,SOUTH,36.049,-86.6651,POINT (-86.6651 36.049)
20190310190,04/22/2019 04:55:00 PM,2,0,0,,N,279225,11,Front to Rear,21,CLEAR,1,DAYLIGHT,12,MOTOR VEHICLE IN TRANSPORT,KAREN DR & BRILEY PKWY,NASHVILLE,TN,37217,8827,HERMIT,36.1395,-86.7005,POINT (-86.7005 36.1395)
20190070526,01/27/2019 11:27:00 AM,2,1,0,,N,299265,5,SIDESWIPE - SAME DIRECTION,21,CLEAR,1,DAYLIGHT,12,MOTOR VEHICLE IN TRANSPORT,GALLATIN PKES & MADISON BLVD,MADISON,TN,37115,1623,MADISO,36.2547,-86.7155,POINT (-86.7155 36.2547)
20190512459,07/08/2019 04:11:00 PM,2,0,0,,N,197435,11,Front to Rear,21,CLEAR,1,DAYLIGHT,12,MOTOR VEHICLE IN TRANSPORT,MM 48 2 I 24,NASHVILLE,TN,37207,1106,EAST,36.1729,-86.7693,POINT (-86.7693 36.1729)
20190473465,06/22/2019 12:00:00 AM,2,0,0,,Y,197056,11,Front to Rear,21,CLEAR,1,DAYLIGHT,12,MOTOR VEHICLE IN TRANSPORT,MURFREESBORO PKE & DELL PKWY,NASHVILLE,TN,37217,8841,SOUTH,36.1084,-86.6782,POINT (-86.6782 36.1084)
20190462543,06/18/2019 02:48:00 PM,2,0,0,,N,429193,4,ANGLE,21,CLEAR,1,DAYLIGHT,12,MOTOR VEHICLE IN TRANSPORT,HIGHWAY 70S & SAWYER BROWN RD,NASHVILLE,TN,37221,4815,WEST,36.0769,-86.9452,POINT (-86.9452 36.0769)
20190217377,03/20/2019 02:36:00 PM,2,0,0,,N,197068,4,ANGLE,21,CLEAR,1,DAYLIGHT,12,MOTOR VEHICLE IN TRANSPORT,COMMERCE ST & 3RD AVN,NASHVILLE,TN,37201,4103,CENTRA,36.1629,-86.7769,POINT (-86.7769 36.1629)
20190362751,05/12/2019 01:00:00 AM,1,0,0,,N,179603,0,NOT COLLISION W/MOTOR VEHICLE-TRANSPORT,22,CLOUDY,3,DARK - LIGHTED,1;64,Ran Off Road-Left,I24 W ENT RAMP & I 24,NASHVILLE,TN,37206,1009,EAST,36.1666,-86.7638,POINT (-86.7638 36.1666)
20190260013,04/04/2019 01:43:00 PM,2,0,0,,N,298864,4,ANGLE,21,CLEAR,1,DAYLIGHT,14,PARKED MOTOR VEHICLE,3800 DICKERSON PKE,NASHVILLE,TN,37207,2043,MADISO,36.2664,-86.757,POINT (-86.757 36.2664)
20190225377,03/23/2019 03:25:00 AM,2,0,0,,N,311336,4,ANGLE,21,CLEAR,3,DARK - LIGHTED,12;14,MOTOR VEHICLE IN TRANSPORT;PARKED MOTOR VEHICLE,GRANADA AV & SHARPE AV,NASHVILLE,TN,37206,1927,EAST,36.189,-86.7537,POINT (-86.7537 36.189)
20190104297,02/07/2019 11:05:00 PM,2,2,0,,N,320578,4,ANGLE,21,CLEAR,3,DARK - LIGHTED,12,MOTOR VEHICLE IN TRANSPORT,COLLINS PARK DR & BELL RD,ANTIOCH,TN,37013,8863,SOUTH,36.046,-86.6581,POINT (-86.6581 36.046)
20190382314,05/19/2019 01:45:00 AM,2,0,0,,Y,279230,4,ANGLE,21,CLEAR,2,DARK - NOT LIGHTED,12,MOTOR VEHICLE IN TRANSPORT,1326 ANTIOCH PKE,NASHVILLE,TN,37211,8889,SOUTH,36.0842,-86.6897,POINT (-86.6897 36.0842)
20190150166,02/24/2019 03:41:00 PM,2,0,0,,N,256446,5,SIDESWIPE - SAME DIRECTION,21,CLEAR,1,DAYLIGHT,12,MOTOR VEHICLE IN TRANSPORT,NOLENSVILLE PKE & I440 W EXT RAMP,NASHVILLE,TN,37211,8043,MIDTOW,36.1241,-86.7517,POINT (-86.7517 36.1241)
20190145588,02/22/2019 04:45:00 PM,2,0,0,,Y,320577,11,Front to Rear,2,RAIN,5,DUSK,12,MOTOR VEHICLE IN TRANSPORT,NOLENSVILLE PKE & OLD HICKORY BLVD,NASHVILLE,TN,37211,8717,SOUTH,36.0454,-86.7133,POINT (-86.7133 36.0454)
20190508927,07/06/2019 03:50:00 PM,2,2,0,,N,352198,4,ANGLE,2,RAIN,1,DAYLIGHT,12,MOTOR VEHICLE IN TRANSPORT,HIGHWAY 96 & FOX VALE LN,NASHVILLE,TN,37221,4805,WEST,36.0105,-87.0282,POINT (-87.0282 36.0105)
20190167237,03/02/2019 05:36:00 PM,2,0,0,,N,596389,11,Front to Rear,21,CLEAR,5,DUSK,12,MOTOR VEHICLE IN TRANSPORT,HIGHWAY 70S & BELLEVUE RD,NASHVILLE,TN,37221,4811,WEST,36.0755,-86.9404,POINT (-86.9404 36.0755)
20190452630,06/14/2019 11:00:00 AM,2,0,0,,Y,676834,5,SIDESWIPE - SAME DIRECTION,21,CLEAR,1,DAYLIGHT,12;14,MOTOR VEHICLE IN TRANSPORT;PARKED MOTOR VEHICLE,CURTIS ST & ALPINE AV,NASHVILLE,TN,37218,3155,NORTH,36.1993,-86.8288,POINT (-86.8288 36.1993)
20190372671,05/15/2019 05:46:00 PM,2,1,0,,N,279224,4,ANGLE,21,CLEAR,1,DAYLIGHT,12,MOTOR VEHICLE IN TRANSPORT,E TRINITY LN & KEELING AV,NASHVILLE,TN,37216,1851,EAST,36.2044,-86.7463,POINT (-86.7463 36.2044)
20190499397,07/02/2019 07:10:00 PM,2,1,0,,N,256389,4,ANGLE,21,CLEAR,1,DAYLIGHT,12,MOTOR VEHICLE IN TRANSPORT,POWELL AV & OLD POWELL AV,NASHVILLE,TN,37204,8525,MIDTOW,36.1109,-86.7672,POINT (-86.7672 36.1109)
20190396996,05/24/2019 09:29:00 AM,2,0,0,,N,834798,4,ANGLE,21,CLEAR,1,DAYLIGHT,12,MOTOR VEHICLE IN TRANSPORT,MONTROSE AV & 10TH AVS,NASHVILLE,TN,37204,6927,MIDTOW,36.1234,-86.7864,POINT (-86.7864 36.1234)
20190457686,06/16/2019 04:00:00 PM,1,0,0,Y,N,887598,0,NOT COLLISION W/MOTOR VEHICLE-TRANSPORT,21,CLEAR,1,DAYLIGHT,30,UTILITY POLE,MANCHESTER AV & CLARKSVILLE PKE,NASHVILLE,TN,37218,3161,NORTH,36.1954,-86.834,POINT (-86.834 36.1954)
20190572065,08/01/2019 01:05:00 PM,2,0,0,,N,352168,5,SIDESWIPE - SAME DIRECTION,21,CLEAR,1,DAYLIGHT,12,MOTOR VEHICLE IN TRANSPORT,HILLSBORO PKE & I440 E ENT RAMP,NASHVILLE,TN,37215,6419,MIDTOW,36.1216,-86.8074,POINT (-86.8074 36.1216)
20190246592,03/30/2019 04:40:00 PM,2,0,0,,N,633391,2,HEAD-ON,22,CLOUDY,1,DAYLIGHT,12,MOTOR VEHICLE IN TRANSPORT,CHARLOTTE PKE & OLD HICKORY BLVD,NASHVILLE,TN,37209,4701,WEST,36.1177,-86.9218,POINT (-86.9218 36.1177)
20190427842,06/05/2019 06:32:00 AM,1,0,0,,N,723488,0,NOT COLLISION W/MOTOR VEHICLE-TRANSPORT,21,CLEAR,4,DAWN,24,GUARDRAIL FACE,MM 42 4 I 24,WHITES CREEK,TN,37189,3226,NORTH,36.2529,-86.7856,POINT (-86.7856 36.2529)
20190186287,03/09/2019 07:53:00 AM,1,0,0,,N,799013,0,NOT COLLISION W/MOTOR VEHICLE-TRANSPORT,2,RAIN,1,DAYLIGHT,36,CONCRETE TRAFFIC BARRIER,I24E & I24 W ENT RAMP,NASHVILLE,TN,37210,82061,HERMIT,36.1386,-86.7273,POINT (-86.7273 36.1386)
20190141238,02/21/2019 08:30:00 AM,2,0,0,,N,224953,4,ANGLE,21,CLEAR,1,DAYLIGHT,12,MOTOR VEHICLE IN TRANSPORT,MM 209 6 I 40,NASHVILLE,TN,37203,40040,CENTRA,36.1497,-86.7832,POINT (-86.7832 36.1497)
20190329107,04/29/2019 01:05:00 PM,2,1,0,,N,109527,4,ANGLE,21,CLEAR,1,DAYLIGHT,12,MOTOR VEHICLE IN TRANSPORT,BLACKWOOD DR & STEWARTS FERRY PKE,NASHVILLE,TN,37214,8955,HERMIT,36.1526,-86.6255,POINT (-86.6255 36.1526)
20190259738,04/04/2019 11:00:00 AM,2,0,0,,N,538214,0,NOT COLLISION W/MOTOR VEHICLE-TRANSPORT,22,CLOUDY,1,DAYLIGHT,18,OTHER OBJECT (NOT FIXED),JEFFERSON ST & 1ST AVN,NASHVILLE,TN,37201,4231,CENTRA,36.176,-86.7806,POINT (-86.7806 36.176)
20190542855,07/20/2019 05:25:00 PM,2,0,0,,Y,306230,4,ANGLE,21,CLEAR,1,DAYLIGHT,12,MOTOR VEHICLE IN TRANSPORT,DR D B TODD JR BLVD & 17TH AVN,NASHVILLE,TN,37208,4457,NORTH,36.1796,-86.8109,POINT (-86.8109 36.1796)
20190192877,03/12/2019 12:23:00 AM,1,1,0,Y,N,405424,0,NOT COLLISION W/MOTOR VEHICLE-TRANSPORT,21,CLEAR,3,DARK - LIGHTED,1;32;34;40,CULVERT;DITCH;MAIL BOX,3545 BELL RD,NASHVILLE,TN,37214,8957,HERMIT,36.1438,-86.6264,POINT (-86.6264 36.1438)
20190022210,01/09/2019 01:31:00 PM,2,0,0,,N,256426,0,NOT COLLISION W/MOTOR VEHICLE-TRANSPORT,21,CLEAR,1,DAYLIGHT,18,OTHER OBJECT (NOT FIXED),MM 51 5 I 24,NASHVILLE,TN,37210,9004,HERMIT,36.1404,-86.7287,POINT (-86.7287 36.1404)
20190539450,07/19/2019 09:38:00 AM,2,1,0,,N,459522,4,ANGLE,21,CLEAR,1,DAYLIGHT,12,MOTOR VEHICLE IN TRANSPORT,3RD AVN & COMMERCE ST,NASHVILLE,TN,37201,4105,CENTRA,36.1627,-86.7767,POINT (-86.7767 36.1627)
20190185065,03/08/2019 12:00:00 AM,2,0,0,,N,320580,4,ANGLE,2,RAIN,3,DARK - LIGHTED,12,MOTOR VEHICLE IN TRANSPORT,LEBANON PKE & OLD LEBANON PKE,NASHVILLE,TN,37214,9125,HERMIT,36.1678,-86.6637,POINT (-86.6637 36.1678)
20190136489,02/19/2019 05:45:00 PM,2,0,0,,N,298874,4,ANGLE,2,RAIN,3,DARK - LIGHTED,12,MOTOR VEHICLE IN TRANSPORT,HOLLY ST & S 12TH ST,NASHVILLE,TN,37206,1209,EAST,36.1761,-86.7487,POINT (-86.7487 36.1761)
20190142361,02/21/2019 04:00:00 PM,1,1,0,,N,256412,0,NOT COLLISION W/MOTOR VEHICLE-TRANSPORT,2,RAIN,1,DAYLIGHT,8,PEDESTRIAN,0 BELL RD,ANTIOCH,TN,37013,8979,SOUTH,36.0724,-86.6356,POINT (-86.6356 36.0724)
20190329114,04/29/2019 01:12:00 PM,2,0,0,,N,716886,4,ANGLE,21,CLEAR,1,DAYLIGHT,12,MOTOR VEHICLE IN TRANSPORT,AIRPARK CENTER DR & DONELSON PKE,NASHVILLE,TN,37217,8841,SOUTH,36.0955,-86.6802,POINT (-86.6802 36.0955)
20190547379,07/22/2019 05:13:00 PM,3,3,0,,Y,320585,11,Front to Rear,2,RAIN,1,DAYLIGHT,12,MOTOR VEHICLE IN TRANSPORT,I40 W EXT RAMP & I 40,NASHVILLE,TN,37203,4119,CENTRA,36.1574,-86.79,POINT (-86.79 36.1574)
20190304031,04/20/2019 08:12:00 AM,1,1,0,,N,594473,0,NOT COLLISION W/MOTOR VEHICLE-TRANSPORT,2,RAIN,1,DAYLIGHT,34,DITCH,I440 E EXT RAMP & I 440,NASHVILLE,TN,37205,5249,WEST,36.1366,-86.8221,POINT (-86.8221 36.1366)
20190079384,01/30/2019 08:16:00 AM,1,0,0,Y,N,676834,0,NOT COLLISION W/MOTOR VEHICLE-TRANSPORT,4,SNOW,1,DAYLIGHT,19,BUILDING,500 CATO RD,NASHVILLE,TN,37218,3211,NORTH,36.2196,-86.8746,POINT (-86.8746 36.2196)
20190243063,03/29/2019 07:50:00 AM,2,2,0,,N,225777,4,ANGLE,2,RAIN,1,DAYLIGHT,12,MOTOR VEHICLE IN TRANSPORT,DAVIDSON RD & BROOK HOLLOW RD,NASHVILLE,TN,37205,4905,WEST,36.1176,-86.8874,POINT (-86.8874 36.1176)
20190173850,03/05/2019 07:20:00 AM,2,0,0,,N,591936,11,Front to Rear,21,CLEAR,1,DAYLIGHT,12,MOTOR VEHICLE IN TRANSPORT,MM 3 6 I 440,NASHVILLE,TN,37212,6502,MIDTOW,36.1161,-86.7967,POINT (-86.7967 36.1161)
20190460232,06/17/2019 05:35:00 PM,1,0,0,Y,N,256383,0,NOT COLLISION W/MOTOR VEHICLE-TRANSPORT,22,CLOUDY,1,DAYLIGHT,32;34;38;41,CULVERT;DITCH;FENCE;SHRUBBERY,ENNIS RD & MASHBURN RD,NASHVILLE,TN,37210,8359,SOUTH,36.1159,-86.7293,POINT (-86.7293 36.1159)
20190469159,06/20/2019 04:30:00 PM,2,0,0,,N,256426,11,Front to Rear,21,CLEAR,1,DAYLIGHT,12,MOTOR VEHICLE IN TRANSPORT,MM 215 8 I 40,NASHVILLE,TN,37217,89020,HERMIT,36.1424,-86.6815,POINT (-86.6815 36.1424)
20190385811,05/20/2019 06:49:00 PM,2,0,0,,N,279124,4,ANGLE,21,CLEAR,1,DAYLIGHT,12,MOTOR VEHICLE IN TRANSPORT,ANTIOCH PKE & HAYSTACK LN,NASHVILLE,TN,37211,8851,SOUTH,36.0709,-86.6844,POINT (-86.6844 36.0709)
20190195011,03/12/2019 06:30:00 PM,2,0,0,,N,311328,5,SIDESWIPE - SAME DIRECTION,21,CLEAR,3,DARK - LIGHTED,14,PARKED MOTOR VEHICLE,5TH AVN & GAY ST,NASHVILLE,TN,37219,4203,CENTRA,36.1679,-86.7832,POINT (-86.7832 36.1679)
20190332567,04/30/2019 04:48:00 PM,2,0,0,,N,212330,5,SIDESWIPE - SAME DIRECTION,21,CLEAR,1,DAYLIGHT,12,MOTOR VEHICLE IN TRANSPORT,MM 56 6 I 24,NASHVILLE,TN,37211,8810,SOUTH,36.0742,-86.6927,POINT (-86.6927 36.0742)
20190439165,06/09/2019 05:00:00 PM,2,0,0,,N,279214,4,ANGLE,21,CLEAR,1,DAYLIGHT,12,MOTOR VEHICLE IN TRANSPORT,MONTROSE AV & 12TH AVS,NASHVILLE,TN,37204,6949,MIDTOW,36.1237,-86.7898,POINT (-86.7898 36.1237)
20190397759,05/24/2019 02:34:00 PM,2,0,0,,Y,352162,4,ANGLE,21,CLEAR,1,DAYLIGHT,12,MOTOR VEHICLE IN TRANSPORT,BROOK HOLLOW RD & CHARLOTTE PKE,NASHVILLE,TN,37205,5013,WEST,36.1358,-86.8852,POINT (-86.8852 36.1358)
20190009812,01/04/2019 04:00:00 PM,2,0,0,,N,420040,5,SIDESWIPE - SAME DIRECTION,22,CLOUDY,1,DAYLIGHT,12,MOTOR VEHICLE IN TRANSPORT,BROADWAY & 14TH AVS,NASHVILLE,TN,37203,5701,MIDTOW,36.1557,-86.7897,POINT (-86.7897 36.1557)
20190276749,04/10/2019 06:20:00 PM,2,0,0,,Y,,11,Front to Rear,21,CLEAR,3,DARK - LIGHTED,12,MOTOR VEHICLE IN TRANSPORT,3RD AVN & COMMERCE ST,NASHVILLE,TN,37201,4105,CENTRA,36.1627,-86.7767,POINT (-86.7767 36.1627)
20190018108,01/08/2019 04:50:00 AM,2,0,0,,N,109531,5,SIDESWIPE - SAME DIRECTION,21,CLEAR,3,DARK - LIGHTED,12,MOTOR VEHICLE IN TRANSPORT,GALLATIN PKE SB EXT RAMP & GALLATIN PKE,NASHVILLE,TN,37216,1503,EAST,36.2336,-86.7245,POINT (-86.7245 36.2336)
20190114090,02/11/2019 12:00:00 AM,1,1,0,Y,Y,299269,0,NOT COLLISION W/MOTOR VEHICLE-TRANSPORT,2,RAIN,2,DARK - NOT LIGHTED,30,UTILITY POLE,BUENA VISTA PKE & BRILEY PKWYE,NASHVILLE,TN,37218,3217,NORTH,36.2326,-86.8252,POINT (-86.8252 36.2326)
20190355650,05/09/2019 06:50:00 AM,2,0,0,,N,693102,11,Front to Rear,22,CLOUDY,1,DAYLIGHT,12,MOTOR VEHICLE IN TRANSPORT,KAREN DR & BRILEY PKWY,NASHVILLE,TN,37217,8827,HERMIT,36.1395,-86.7005,POINT (-86.7005 36.1395)
20190212450,03/19/2019 12:00:00 AM,1,0,0,,Y,320602,0,NOT COLLISION W/MOTOR VEHICLE-TRANSPORT,21,CLEAR,3,DARK - LIGHTED,34,DITCH,OLD HICKORY BLVD & HERMITAGE MARKETPLACE,HERMITAGE,TN,37076,9531,HERMIT,36.1885,-86.6143,POINT (-86.6143 36.1885)
20190315481,04/24/2019 06:18:00 AM,2,0,0,,N,197053,11,Front to Rear,21,CLEAR,1,DAYLIGHT,12,MOTOR VEHICLE IN TRANSPORT,MM 51 2 I 24,NASHVILLE,TN,37210,81020,SOUTH,36.1299,-86.7278,POINT (-86.7278 36.1299)
20190321795,04/26/2019 07:33:00 AM,2,0,0,,N,716886,11,Front to Rear,21,CLEAR,1,DAYLIGHT,12,MOTOR VEHICLE IN TRANSPORT,MM 54 6 I 24,NASHVILLE,TN,37211,84021,SOUTH,36.0994,-86.7109,POINT (-86.7109 36.0994)
20190053866,01/21/2019 12:12:00 PM,2,0,0,,Y,212325,11,Front to Rear,22,CLOUDY,1,DAYLIGHT,12,MOTOR VEHICLE IN TRANSPORT,GALLATIN PKES & DUE WEST AVW,MADISON,TN,37115,1519,MADISO,36.2475,-86.7207,POINT (-86.7207 36.2475)
20190402410,05/26/2019 02:50:00 PM,1,2,0,,N,256501,0,NOT COLLISION W/MOTOR VEHICLE-TRANSPORT,21,CLEAR,1,DAYLIGHT,34,DITCH,WHITES CREEK PKE & OLD CLARKSVILLE PKE,JOELTON,TN,37080,3307,NORTH,36.312,-86.8602,POINT (-86.8602 36.312)
20190267311,04/07/2019 12:00:00 AM,2,0,0,,Y,887591,9,UNKNOWN,99,UNKNOWN,3,DARK - LIGHTED,12;14,MOTOR VEHICLE IN TRANSPORT;PARKED MOTOR VEHICLE,PRESERVE BLVD & SHALLOWBROOK TRLN,ANTIOCH,TN,37013,8867,SOUTH,36.0324,-86.6172,POINT (-86.6172 36.0324)
20190362673,05/12/2019 12:10:00 AM,2,0,0,,N,311340,4,ANGLE,21,CLEAR,3,DARK - LIGHTED,12,MOTOR VEHICLE IN TRANSPORT,CHARLOTTE AV & 14TH AVN,NASHVILLE,TN,37203,5501,MIDTOW,36.1606,-86.7941,POINT (-86.7941 36.1606)
20190319493,04/25/2019 12:50:00 PM,2,0,0,,N,352209,5,SIDESWIPE - SAME DIRECTION,21,CLEAR,1,DAYLIGHT,12,MOTOR VEHICLE IN TRANSPORT,MM 212 1 I 40,NASHVILLE,TN,37210,90041,HERMIT,36.1463,-86.7422,POINT (-86.7422 36.1463)
20190249697,04/01/2019 03:00:00 AM,1,1,0,Y,N,320602,0,NOT COLLISION W/MOTOR VEHICLE-TRANSPORT,21,CLEAR,2,DARK - NOT LIGHTED,24,GUARDRAIL FACE,MM 220 9 I 40,HERMITAGE,TN,37076,95020,HERMIT,36.1704,-86.5995,POINT (-86.5995 36.1704)
20190276273,04/10/2019 03:41:00 PM,2,0,0,,N,311337,11,Front to Rear,21,CLEAR,1,DAYLIGHT,12,MOTOR VEHICLE IN TRANSPORT,MURFREESBORO PKE & PARRIS AV,NASHVILLE,TN,37210,8117,SOUTH,36.1438,-86.7473,POINT (-86.7473 36.1438)
20190182496,03/07/2019 10:28:00 PM,2,0,0,,N,256426,11,Front to Rear,22,CLOUDY,3,DARK - LIGHTED,12,MOTOR VEHICLE IN TRANSPORT,MM 210 4 I 40,NASHVILLE,TN,37210,80022,SOUTH,36.1511,-86.7695,POINT (-86.7695 36.1511)
20190223780,03/22/2019 01:55:00 PM,2,0,0,,N,320601,11,Front to Rear,21,CLEAR,1,DAYLIGHT,12,MOTOR VEHICLE IN TRANSPORT,BELL RD & CANE RIDGE RD,ANTIOCH,TN,37013,8721,SOUTH,36.0447,-86.6615,POINT (-86.6615 36.0447)
20190462593,06/18/2019 03:54:00 PM,2,0,0,,N,429193,11,Front to Rear,21,CLEAR,1,DAYLIGHT,12,MOTOR VEHICLE IN TRANSPORT,MM 202 0 I 40,NASHVILLE,TN,37209,46027,WEST,36.1401,-86.8875,POINT (-86.8875 36.1401)
20190491293,06/29/2019 01:20:00 PM,2,0,0,,N,298868,11,Front to Rear,21,CLEAR,1,DAYLIGHT,12,MOTOR VEHICLE IN TRANSPORT,CHARLOTTE PKE & EASTBORO DR,NASHVILLE,TN,37209,5027,WEST,36.1482,-86.8674,POINT (-86.8674 36.1482)
20190376879,05/17/2019 02:00:00 AM,1,0,0,Y,N,352186,0,NOT COLLISION W/MOTOR VEHICLE-TRANSPORT,21,CLEAR,3,DARK - LIGHTED,30;38;63,UTILITY POLE;FENCE;Ran Off Road-Right,DRUMMOND DR & DOVER RD,NASHVILLE,TN,37211,8877,SOUTH,36.1129,-86.7156,POINT (-86.7156 36.1129)
20190517521,07/10/2019 03:40:00 PM,3,0,0,,N,256412,11,Front to Rear,21,CLEAR,1,DAYLIGHT,12,MOTOR VEHICLE IN TRANSPORT,MM 52 6 I 24,NASHVILLE,TN,37210,81022,SOUTH,36.1244,-86.7281,POINT (-86.7281 36.1244)
20190270439,04/08/2019 04:20:00 PM,2,2,0,,N,110092,11,Front to Rear,2,RAIN,1,DAYLIGHT,12,MOTOR VEHICLE IN TRANSPORT,OLD HICKORY BLVD & IRIS AV,OLD HICKORY,TN,37138,9607,HERMIT,36.2415,-86.6336,POINT (-86.6336 36.2415)
20190083720,01/31/2019 02:55:00 PM,2,1,0,,Y,876597,4,ANGLE,21,CLEAR,1,DAYLIGHT,12,MOTOR VEHICLE IN TRANSPORT,HAMILTON CHURCH RD & MURFREESBORO PKE,ANTIOCH,TN,37013,8865,SOUTH,36.0645,-86.6288,POINT (-86.6288 36.0645)
20190578833,08/04/2019 04:50:00 AM,2,1,0,,Y,212342,11,Front to Rear,21,CLEAR,3,DARK - LIGHTED,12,MOTOR VEHICLE IN TRANSPORT,US HWY 41 & MCGAVOCK PIKE,NASHVILLE,TN,37217,8951,HERMIT,36.113,-86.689,POINT (-86.689 36.113)
20190148333,02/23/2019 07:05:00 PM,1,0,0,Y,N,179606,0,NOT COLLISION W/MOTOR VEHICLE-TRANSPORT,2,RAIN,3,DARK - LIGHTED,24,GUARDRAIL FACE,I65 S EXT RAMP & I 65,NASHVILLE,TN,37204,7013,MIDTOW,36.0889,-86.7631,POINT (-86.7631 36.0889)
20190047088,01/18/2019 12:55:00 PM,2,1,0,,N,332253,11,Front to Rear,22,CLOUDY,1,DAYLIGHT,12,MOTOR VEHICLE IN TRANSPORT,SKYLINE MEMORIAL CT & DICKERSON PKE,MADISON,TN,37115,2009,MADISO,36.2439,-86.7566,POINT (-86.7566 36.2439)
20190220903,03/21/2019 03:50:00 PM,5,0,0,,N,320582,11,Front to Rear,21,CLEAR,1,DAYLIGHT,12,MOTOR VEHICLE IN TRANSPORT,ELLINGTON PKWYS & ELLINGTON PKWYN,NASHVILLE,TN,37207,1995,EAST,36.1758,-86.7666,POINT (-86.7666 36.1758)