Accident Number,Date and Time,Number of Motor Vehicles,Number of Injuries,Number of Fatalities,Property Damage,Hit and Run,Reporting Officer,Collision Type Code,Collision Type Description,Weather Code,Weather Description,Illumination Code,Illumination Description,Harmful Code,Harmful Code Description,Street Address,City,State,ZIP,RPA,Precinct,Latitude,Longitude,Mapped Location
20190176518,03/06/2019 01:43:00 AM,2,0,0,,N,608786,11,Front to Rear,21,CLEAR,3,DARK - LIGHTED,12,MOTOR VEHICLE IN TRANSPORT,GALLATIN PKES & DUE WEST AVE,MADISON,TN,37115,1507,MADISO,36.2487,-86.7199,POINT (-86.7199 36.2487)
20190313454,04/23/2019 03:35:00 PM,2,0,0,,N,179606,11,Front to Rear,21,CLEAR,1,DAYLIGHT,12,MOTOR VEHICLE IN TRANSPORT,MM 209 7 I 40,NASHVILLE,TN,37203,4004,CENTRA,36.1492,-86.7812,POINT (-86.7812 36.1492)
20190448385,06/13/2019 01:30:00 AM,1,0,0,,Y,156308,0,NOT COLLISION W/MOTOR VEHICLE-TRANSPORT,21,CLEAR,2,DARK - NOT LIGHTED,32;63,CULVERT;Ran Off Road-Right,DRAKES BRANCH RD & JUDD DR,NASHVILLE,TN,37218,3127,NORTH,36.2216,-86.8512,POINT (-86.8512 36.2216)
20190248983,03/31/2019 12:00:00 AM,2,1,0,,N,311333,4,ANGLE,21,CLEAR,2,DARK - NOT LIGHTED,12,MOTOR VEHICLE IN TRANSPORT,MURFREESBORO PKE & MOUNTAIN SPRINGS RD,ANTIOCH,TN,37013,8927,SOUTH,36.0478,-86.6121,POINT (-86.6121 36.0478)
20190551776,07/24/2019 08:20:00 AM,2,0,0,,N,402660,11,Front to Rear,21,CLEAR,1,DAYLIGHT,12,MOTOR VEHICLE IN TRANSPORT,WESTLAWN DR & SLOAN RD,NASHVILLE,TN,37209,5207,WEST,36.1394,-86.8402,POINT (-86.8402 36.1394)
20190377193,05/17/2019 04:25:00 AM,1,0,0,,N,330414,0,NOT COLLISION W/MOTOR VEHICLE-TRANSPORT,21,CLEAR,2,DARK - NOT LIGHTED,33,CURB,GALLATIN PKES & GALLATIN PKE,MADISON,TN,37115,1517,MADISO,36.2383,-86.724,POINT (-86.724 36.2383)
20190234508,03/26/2019 12:11:00 PM,2,1,0,,N,716886,4,ANGLE,21,CLEAR,1,DAYLIGHT,12,MOTOR VEHICLE IN TRANSPORT,WELCH RD & TRAVIS DR,NASHVILLE,TN,37211,8421,SOUTH,36.0833,-86.726,POINT (-86.726 36.0833)
20190116163,02/12/2019 01:58:00 PM,2,4,0,,N,226673,4,ANGLE,22,CLOUDY,1,DAYLIGHT,12,MOTOR VEHICLE IN TRANSPORT,ROSA L PARKS BLVD & 10TH CIRN,NASHVILLE,TN,37203,4209,CENTRA,36.1678,-86.7879,POINT (-86.7879 36.1678)
20190251568,04/01/2019 05:42:00 PM,2,0,0,,N,690942,4,ANGLE,21,CLEAR,1,DAYLIGHT,12,MOTOR VEHICLE IN TRANSPORT,5TH AVS & KOREAN VETERANS BLVD,NASHVILLE,TN,37203,4057,CENTRA,36.157,-86.7762,POINT (-86.7762 36.157)
20190163613,03/01/2019 08:04:00 AM,3,1,0,,N,225777,4,ANGLE,22,CLOUDY,1,DAYLIGHT,12,MOTOR VEHICLE IN TRANSPORT,PERCY WARNER BLVD & SHADOWOOD DR,NASHVILLE,TN,37205,4911,WEST,36.0839,-86.8917,POINT (-86.8917 36.0839)
20190021594,01/09/2019 10:01:00 AM,2,0,0,,N,594473,16,Rear to Side,21,CLEAR,1,DAYLIGHT,12,MOTOR VEHICLE IN TRANSPORT,13TH AVS & SIGLER ST,NASHVILLE,TN,37203,6719,MIDTOW,36.1495,-86.7866,POINT (-86.7866 36.1495)
20190018388,01/08/2019 07:56:00 AM,1,1,0,,N,226136,0,NOT COLLISION W/MOTOR VEHICLE-TRANSPORT,22,CLOUDY,1,DAYLIGHT,9,,LEALAND LN & KIRKWOOD AV,NASHVILLE,TN,37204,6935,MIDTOW,36.1197,-86.7873,POINT (-86.7873 36.1197)
20190575306,08/02/2019 05:28:00 PM,2,0,0,,Y,240955,4,ANGLE,21,CLEAR,1,DAYLIGHT,12,MOTOR VEHICLE IN TRANSPORT,MURFREESBORO PKE & MOUNTAIN SPRINGS RD,ANTIOCH,TN,37013,8927,SOUTH,36.0478,-86.6121,POINT (-86.6121 36.0478)
20190380467,05/18/2019 10:07:00 AM,2,0,0,,N,462474,5,SIDESWIPE - SAME DIRECTION,21,CLEAR,1,DAYLIGHT,12,MOTOR VEHICLE IN TRANSPORT,TROUSDALE DR & HARDING PL,NASHVILLE,TN,37220,8601,MIDTOW,36.0811,-86.7584,POINT (-86.7584 36.0811)
20190488250,06/28/2019 09:05:00 AM,2,0,0,,Y,352168,4,ANGLE,21,CLEAR,1,DAYLIGHT,12,MOTOR VEHICLE IN TRANSPORT,MM 211 1 I 40,NASHVILLE,TN,37210,8008,HERMIT,36.1539,-86.7571,POINT (-86.7571 36.1539)
20190520113,07/11/2019 03:11:00 PM,2,0,0,,N,151132,11,Front to Rear,21,CLEAR,1,DAYLIGHT,12,MOTOR VEHICLE IN TRANSPORT,GALLATIN PKES & GALLATIN PKE,MADISON,TN,37115,1517,MADISO,36.2383,-86.724,POINT (-86.724 36.2383)
20190234120,03/26/2019 08:50:00 AM,3,0,0,,N,716886,11,Front to Rear,21,CLEAR,1,DAYLIGHT,12,MOTOR VEHICLE IN TRANSPORT,MM 54 9 I 24,NASHVILLE,TN,37211,8812,SOUTH,36.0962,-86.7081,POINT (-86.7081 36.0962)
20190203768,03/15/2019 05:12:00 PM,2,1,0,,N,256389,4,ANGLE,21,CLEAR,1,DAYLIGHT,12,MOTOR VEHICLE IN TRANSPORT,HARDING PL & TROUSDALE DR,NASHVILLE,TN,37220,8601,MIDTOW,36.0811,-86.7584,POINT (-86.7584 36.0811)
20190312384,04/23/2019 10:00:00 AM,2,0,0,,N,676834,4,ANGLE,21,CLEAR,1,DAYLIGHT,12,MOTOR VEHICLE IN TRANSPORT,MEHARRY BLVD & DR D B TODD JR BLVD,NASHVILLE,TN,37208,5327,NORTH,36.1681,-86.8078,POINT (-86.8078 36.1681)
20190243872,03/29/2019 12:42:00 PM,2,0,0,,Y,414668,11,Front to Rear,22,CLOUDY,1,DAYLIGHT,12,MOTOR VEHICLE IN TRANSPORT,COWAN ST & SPRING ST,NASHVILLE,TN,37213,1987,CENTRA,36.177,-86.7761,POINT (-86.7761 36.177)
20190522701,07/12/2019 03:25:00 PM,3,1,0,,Y,256412,11,Front to Rear,21,CLEAR,1,DAYLIGHT,12,MOTOR VEHICLE IN TRANSPORT,BELL RD & COLLINS PARK DR,ANTIOCH,TN,37013,8863,SOUTH,36.2189,-86.8464,POINT (-86.8464 36.2189)
20190540531,07/19/2019 06:00:00 PM,2,1,0,,N,256386,0,NOT COLLISION W/MOTOR VEHICLE-TRANSPORT,21,CLEAR,1,DAYLIGHT,18,OTHER OBJECT (NOT FIXED),MM 215 0 I 40,NASHVILLE,TN,37214,91021,HERMIT,36.1444,-86.6948,POINT (-86.6948 36.1444)
20190329676,04/29/2019 05:41:00 PM,2,0,0,,N,887598,11,Front to Rear,21,CLEAR,1,DAYLIGHT,12,MOTOR VEHICLE IN TRANSPORT,MM 48 9 I 24,NASHVILLE,TN,37213,1104,CENTRA,36.1676,-86.7656,POINT (-86.7656 36.1676)
20190406499,05/28/2019 07:55:00 AM,2,1,0,,N,223502,11,Front to Rear,21,CLEAR,1,DAYLIGHT,12,MOTOR VEHICLE IN TRANSPORT,HAMILTON CHURCH RD & MURFREESBORO PKE,ANTIOCH,TN,37013,8865,SOUTH,36.0645,-86.6288,POINT (-86.6288 36.0645)
20190309186,04/22/2019 01:40:00 PM,2,1,0,,N,716886,11,Front to Rear,21,CLEAR,1,DAYLIGHT,12,MOTOR VEHICLE IN TRANSPORT,MURFREESBORO PKE & HARDING PL,NASHVILLE,TN,37217,8947,HERMIT,36.0982,-86.6587,POINT (-86.6587 36.0982)
20190569923,07/31/2019 04:55:00 PM,2,1,0,,N,240968,4,ANGLE,21,CLEAR,1,DAYLIGHT,12,MOTOR VEHICLE IN TRANSPORT,MURFREESBORO PKE & BRITISH WOODS DR,NASHVILLE,TN,37217,8853,SOUTH,36.0914,-86.6514,POINT (-86.6514 36.0914)
20190274154,04/09/2019 10:48:00 PM,2,0,0,,N,151122,11,Front to Rear,21,CLEAR,2,DARK - NOT LIGHTED,12,MOTOR VEHICLE IN TRANSPORT,MM 62 0 I1,ANTIOCH,TN,37013,8804,SOUTH,36.0109,-86.6163,POINT (-86.6163 36.0109)
20190514377,07/09/2019 11:30:00 AM,2,0,0,,N,716886,11,Front to Rear,21,CLEAR,1,DAYLIGHT,12,MOTOR VEHICLE IN TRANSPORT,BELL RD & MT VIEW RD,ANTIOCH,TN,37013,8861,SOUTH,36.05,-86.6495,POINT (-86.6495 36.05)
20190247673,03/31/2019 04:05:00 AM,2,1,0,,N,299274,2,HEAD-ON,22,CLOUDY,3,DARK - LIGHTED,12,MOTOR VEHICLE IN TRANSPORT,LAFAYETTE ST & 2ND AVS,NASHVILLE,TN,37210,8201,HERMIT,36.1507,-86.768,POINT (-86.768 36.1507)
20190279820,04/11/2019 08:38:00 PM,2,0,0,,N,256380,4,ANGLE,21,CLEAR,1,DAYLIGHT,12,MOTOR VEHICLE IN TRANSPORT,W TRINITY LN & WHITES CREEK PKE,NASHVILLE,TN,37207,3009,NORTH,36.207,-86.7916,POINT (-86.7916 36.207)
20190025447,01/10/2019 04:22:00 PM,2,0,0,,N,267831,11,Front to Rear,21,CLEAR,5,DUSK,12,MOTOR VEHICLE IN TRANSPORT,MM 204 0 I 40,NASHVILLE,TN,37209,50024,WEST,36.1522,-86.8581,POINT (-86.8581 36.1522)
20190457187,06/16/2019 12:45:00 PM,2,0,0,,N,279122,5,SIDESWIPE - SAME DIRECTION,21,CLEAR,1,DAYLIGHT,12,MOTOR VEHICLE IN TRANSPORT,MM 34 0 I 24,JOELTON,TN,37080,33160,NORTH,36.3264,-86.8859,POINT (-86.8859 36.3264)
20190293256,04/16/2019 06:45:00 PM,2,0,0,,Y,256448,11,Front to Rear,21,CLEAR,1,DAYLIGHT,12,MOTOR VEHICLE IN TRANSPORT,MM 214 5 I 40,NASHVILLE,TN,37217,88022,HERMIT,36.1434,-86.7031,POINT (-86.7031 36.1434)
20190389421,05/21/2019 11:20:00 PM,2,0,0,,N,109531,4,ANGLE,21,CLEAR,2,DARK - NOT LIGHTED,14;55,PARKED MOTOR VEHICLE;Motor Vehicle-In-Motion Outside Trafficw,N 11TH ST & WOODLAND ST,NASHVILLE,TN,37206,1241,EAST,36.1779,-86.7499,POINT (-86.7499 36.1779)
20190577556,08/03/2019 12:00:00 AM,2,0,0,,N,298861,11,Front to Rear,22,CLOUDY,1,DAYLIGHT,12,MOTOR VEHICLE IN TRANSPORT,MM 215 4 I 40,NASHVILLE,TN,37217,89020,HERMIT,36.1434,-86.6882,POINT (-86.6882 36.1434)
20190123970,02/15/2019 12:01:00 AM,2,0,0,,Y,169414,3,REAR-TO-REAR,21,CLEAR,3,DARK - LIGHTED,14,PARKED MOTOR VEHICLE,3829 LOGISTICS & OLD HICKORY,ANTIOCH,TN,37013,8869,SOUTH,36.0264,-86.6053,POINT (-86.6053 36.0264)
20190101183,02/06/2019 08:20:00 PM,2,2,0,,N,206675,4,ANGLE,2,RAIN,3,DARK - LIGHTED,12,MOTOR VEHICLE IN TRANSPORT,NOLENSVILLE PKE & PARAGON MILLS RD,NASHVILLE,TN,37211,8421,SOUTH,36.0848,-86.7281,POINT (-86.7281 36.0848)
20190189016,03/10/2019 02:23:00 PM,2,0,0,,N,240957,11,Front to Rear,21,CLEAR,1,DAYLIGHT,12,MOTOR VEHICLE IN TRANSPORT,OTTER CREEK RD & GRANNY WHITE PKE,NASHVILLE,TN,37220,7111,MIDTOW,36.0656,-86.8127,POINT (-86.8127 36.0656)
20190324405,04/27/2019 07:51:00 AM,2,1,0,,N,332216,4,ANGLE,21,CLEAR,1,DAYLIGHT,12,MOTOR VEHICLE IN TRANSPORT,2ND AVS & LEA AV,NASHVILLE,TN,37210,4033,CENTRA,36.1554,-86.7709,POINT (-86.7709 36.1554)
20190138547,02/20/2019 11:27:00 AM,2,0,0,,Y,834798,5,SIDESWIPE - SAME DIRECTION,2,RAIN,1,DAYLIGHT,12,MOTOR VEHICLE IN TRANSPORT,HILLSBORO PKE & RICHARD JONES RD,NASHVILLE,TN,37215,6111,WEST,36.105,-86.8152,POINT (-86.8152 36.105)
20190103747,02/07/2019 04:55:00 PM,3,0,0,,Y,256448,11,Front to Rear,2,RAIN,1,DAYLIGHT,12,MOTOR VEHICLE IN TRANSPORT,BRILEY PKWYN & BRILEY PKWY N ENT RAMP,NASHVILLE,TN,37214,9203,HERMIT,36.1716,-86.6885,POINT (-86.6885 36.1716)
20190272651,04/09/2019 12:00:00 AM,2,0,0,,Y,716886,9,UNKNOWN,21,CLEAR,1,DAYLIGHT,14,PARKED MOTOR VEHICLE,LEESHAN CT & TUSCULUM RD,ANTIOCH,TN,37013,8713,SOUTH,36.0528,-86.686,POINT (-86.686 36.0528)
20190227384,03/24/2019 12:30:00 AM,2,0,0,,Y,197067,4,ANGLE,21,CLEAR,3,DARK - LIGHTED,12,MOTOR VEHICLE IN TRANSPORT,2ND AVS & BROADWAY,NASHVILLE,TN,37201,4093,CENTRA,36.1619,-86.7752,POINT (-86.7752 36.1619)
20190342146,05/04/2019 02:08:00 AM,1,1,0,,N,240947,0,NOT COLLISION W/MOTOR VEHICLE-TRANSPORT,22,CLOUDY,2,DARK - NOT LIGHTED,38;64,FENCE;Ran Off Road-Left,BRIDGEWAY AV & ROBINSON RD,OLD HICKORY,TN,37138,9701,HERMIT,36.2674,-86.6695,POINT (-86.6695 36.2674)
20190183873,03/08/2019 09:40:00 AM,3,0,0,,N,330412,11,Front to Rear,2,RAIN,1,DAYLIGHT,12,MOTOR VEHICLE IN TRANSPORT,MM 213 5 I 40,NASHVILLE,TN,37210,90062,HERMIT,36.1406,-86.7215,POINT (-86.7215 36.1406)
20190510360,07/07/2019 12:29:00 PM,2,1,0,,N,653629,11,Front to Rear,21,CLEAR,1,DAYLIGHT,12,MOTOR VEHICLE IN TRANSPORT,OLD HICKORY BLVD & OLD LEBANON DIRT RD,HERMITAGE,TN,37076,9531,HERMIT,36.1911,-86.6155,POINT (-86.6155 36.1911)
20190085841,02/01/2019 08:00:00 AM,2,0,0,,N,676834,11,Front to Rear,2,RAIN,1,DAYLIGHT,12,MOTOR VEHICLE IN TRANSPORT,28TH AVN & CLIFTON AV,NASHVILLE,TN,37209,5345,NORTH,36.1585,-86.8186,POINT (-86.8186 36.1585)
20190511659,07/08/2019 06:39:00 AM,2,0,0,,N,109534,5,SIDESWIPE - SAME DIRECTION,21,CLEAR,1,DAYLIGHT,12,MOTOR VEHICLE IN TRANSPORT,MM 218 4 I 40,NASHVILLE,TN,37214,89062,HERMIT,36.1504,-86.6376,POINT (-86.6376 36.1504)
20190525062,07/13/2019 04:46:00 PM,1,1,0,Y,N,299257,0,NOT COLLISION W/MOTOR VEHICLE-TRANSPORT,21,CLEAR,1,DAYLIGHT,8,PEDESTRIAN,OVERHILL DR & HOOD AV,NASHVILLE,TN,37215,6405,MIDTOW,36.0989,-86.8159,POINT (-86.8159 36.0989)
20190359833,05/10/2019 05:40:00 PM,2,0,0,,N,299253,4,ANGLE,22,CLOUDY,1,DAYLIGHT,12,MOTOR VEHICLE IN TRANSPORT,CLEVELAND ST & DICKERSON PKE,NASHVILLE,TN,37207,1919,EAST,36.1875,-86.7734,POINT (-86.7734 36.1875)
20190029910,01/12/2019 06:30:00 AM,1,0,0,,N,161952,0,NOT COLLISION W/MOTOR VEHICLE-TRANSPORT,2,RAIN,4,DAWN,50,DEER (ANIMAL),CLARKSVILLE PKE & DRY FORK RD,NASHVILLE,TN,37218,3231,NORTH,36.276,-86.868,POINT (-86.868 36.276)
20190461351,06/18/2019 05:04:00 AM,1,0,0,,N,197075,0,NOT COLLISION W/MOTOR VEHICLE-TRANSPORT,2,RAIN,3,DARK - LIGHTED,36;64,CONCRETE TRAFFIC BARRIER;Ran Off Road-Left,MM 89 6 I 65,NASHVILLE,TN,37207,2002,MADISO,36.2363,-86.7626,POINT (-86.7626 36.2363)
20190439716,06/09/2019 11:45:00 PM,1,0,0,,N,189243,0,NOT COLLISION W/MOTOR VEHICLE-TRANSPORT,21,CLEAR,2,DARK - NOT LIGHTED,32;64,CULVERT;Ran Off Road-Left,I24 E EXT RAMP & I 24,NASHVILLE,TN,37207,30080,NORTH,36.2378,-86.7872,POINT (-86.7872 36.2378)
20190377687,05/17/2019 08:47:00 AM,2,0,0,,N,134899,11,Front to Rear,21,CLEAR,1,DAYLIGHT,12,MOTOR VEHICLE IN TRANSPORT,ANDREW JACKSON PKWY & OLD HICKORY BLVD,HERMITAGE,TN,37076,9561,HERMIT,36.1835,-86.6108,POINT (-86.6108 36.1835)
20190556525,07/26/2019 01:30:00 AM,2,0,0,,N,330441,5,SIDESWIPE - SAME DIRECTION,21,CLEAR,2,DARK - NOT LIGHTED,12,MOTOR VEHICLE IN TRANSPORT,MM 6 6 I 440,NASHVILLE,TN,37210,81040,SOUTH,36.1243,-86.7447,POINT (-86.7447 36.1243)
20190308645,04/22/2019 12:00:00 AM,2,0,0,,Y,156307,9,UNKNOWN,21,CLEAR,3,DARK - LIGHTED,12;14,MOTOR VEHICLE IN TRANSPORT;PARKED MOTOR VEHICLE,PONDER PL & VILLAS AT METROCENTER PVTDR,NASHVILLE,TN,37228,4445,NORTH,36.1908,-86.8055,POINT (-86.8055 36.1908)
20190460420,06/17/2019 07:16:00 PM,2,1,0,,N,240957,4,ANGLE,2,RAIN,2,DARK - NOT LIGHTED,12,MOTOR VEHICLE IN TRANSPORT,EDMONDSON PKE & HOLT RD,BRENTWOOD,TN,37027,8623,MIDTOW,36.0138,-86.7383,POINT (-86.7383 36.0138)
20190337195,05/02/2019 07:55:00 AM,2,0,0,,N,676834,5,SIDESWIPE - SAME DIRECTION,21,CLEAR,1,DAYLIGHT,12,MOTOR VEHICLE IN TRANSPORT,CLARKSVILLE PKE & ROSA L PARKS BLVD,NASHVILLE,TN,37228,4483,NORTH,36.1889,-86.8231,POINT (-86.8231 36.1889)
20190120038,02/13/2019 05:19:00 PM,1,0,0,,N,834813,0,NOT COLLISION W/MOTOR VEHICLE-TRANSPORT,21,CLEAR,2,DARK - NOT LIGHTED,18,OTHER OBJECT (NOT FIXED),MM 34 2 I 24,JOELTON,TN,37080,33160,NORTH,36.3259,-86.8824,POINT (-86.8824 36.3259)
20190289528,04/15/2019 05:01:00 PM,2,0,0,,N,330443,4,ANGLE,21,CLEAR,1,DAYLIGHT,12,MOTOR VEHICLE IN TRANSPORT,HARDING PL & HARDING INDUSTRIAL DR,NASHVILLE,TN,37211,8847,SOUTH,36.0898,-86.6882,POINT (-86.6882 36.0898)
20190495568,07/01/2019 12:32:00 PM,2,0,0,,Y,306231,5,SIDESWIPE - SAME DIRECTION,21,CLEAR,1,DAYLIGHT,12,MOTOR VEHICLE IN TRANSPORT,JEFFERSON ST & 21ST AVN,NASHVILLE,TN,37208,5351,NORTH,36.1688,-86.8114,POINT (-86.8114 36.1688)
20190520706,07/11/2019 07:47:00 PM,2,1,0,,N,887598,11,Front to Rear,21,CLEAR,3,DARK - LIGHTED,12,MOTOR VEHICLE IN TRANSPORT,VANTAGE WAY & FRENCH LANDING DR,NASHVILLE,TN,37228,4499,NORTH,36.1912,-86.7971,POINT (-86.7971 36.1912)
20190363963,05/12/2019 04:26:00 PM,2,0,0,,N,311334,9,UNKNOWN,22,CLOUDY,1,DAYLIGHT,99,UNKNOWN MOST HARMFUL EVENT,COMMERCE ST & 7TH AVN,NASHVILLE,TN,37203,4123,CENTRA,36.1608,-86.7818,POINT (-86.7818 36.1608)
20190572729,08/01/2019 06:16:00 PM,3,1,0,,N,256380,4,ANGLE,21,CLEAR,1,DAYLIGHT,12,MOTOR VEHICLE IN TRANSPORT,EATONS CREEK RD & OLD CLARKSVILLE PKE,JOELTON,TN,37080,3331,NORTH,36.3188,-86.876,POINT (-86.876 36.3188)
20190395308,05/23/2019 06:40:00 PM,2,0,0,,N,320585,0,NOT COLLISION W/MOTOR VEHICLE-TRANSPORT,21,CLEAR,1,DAYLIGHT,7,,MM 219 9 I 40,HERMITAGE,TN,37076,94021,HERMIT,36.1635,-86.6169,POINT (-86.6169 36.1635)
20190236676,03/27/2019 05:55:00 AM,1,0,0,,N,414668,0,NOT COLLISION W/MOTOR VEHICLE-TRANSPORT,21,CLEAR,3,DARK - LIGHTED,18,OTHER OBJECT (NOT FIXED),I24 W EXT RAMP & I 24,NASHVILLE,TN,37211,8829,SOUTH,36.1074,-86.7197,POINT (-86.7197 36.1074)
20190423377,06/03/2019 05:03:00 PM,2,0,0,,Y,197054,5,SIDESWIPE - SAME DIRECTION,21,CLEAR,1,DAYLIGHT,12,MOTOR VEHICLE IN TRANSPORT,PEACHTREE ST & FOSTER AV,NASHVILLE,TN,37210,8327,SOUTH,36.1202,-86.743,POINT (-86.743 36.1202)
20190004419,01/02/2019 04:57:00 PM,2,1,0,,N,267831,11,Front to Rear,22,CLOUDY,5,DUSK,12,MOTOR VEHICLE IN TRANSPORT,HIGHWAY 70S & HICKS RD,NASHVILLE,TN,37221,4811,WEST,36.0739,-86.9263,POINT (-86.9263 36.0739)
20190299444,04/18/2019 03:03:00 PM,2,2,0,,N,151132,11,Front to Rear,22,CLOUDY,1,DAYLIGHT,12,MOTOR VEHICLE IN TRANSPORT,GALLATIN PKEN & CONFERENCE DR,MADISON,TN,37115,1731,MADISO,36.3026,-86.692,POINT (-86.692 36.3026)
20190416102,05/31/2019 12:24:00 PM,2,2,0,,N,834798,4,ANGLE,21,CLEAR,1,DAYLIGHT,1;12,MOTOR VEHICLE IN TRANSPORT,OLD HICKORY BLVD & EDMONDSON PKE,NASHVILLE,TN,37220,8615,MIDTOW,36.04,-86.7435,POINT (-86.7435 36.04)
20190269799,04/08/2019 12:00:00 AM,2,0,0,,Y,429205,4,ANGLE,2,RAIN,1,DAYLIGHT,12,MOTOR VEHICLE IN TRANSPORT,5TH AVN & JAMES ROBERTSON PKWY,NASHVILLE,TN,37219,4203,CENTRA,36.1689,-86.7838,POINT (-86.7838 36.1689)
20190426130,06/04/2019 02:59:00 PM,2,0,0,,N,717341,11,Front to Rear,21,CLEAR,1,DAYLIGHT,12,MOTOR VEHICLE IN TRANSPORT,I24 E EXT RAMP & I 24,NASHVILLE,TN,37207,30080,NORTH,36.2378,-86.7872,POINT (-86.7872 36.2378)
20190043335,01/17/2019 07:15:00 AM,2,0,0,,N,279227,11,Front to Rear,2,RAIN,1,DAYLIGHT,12,MOTOR VEHICLE IN TRANSPORT,ANTIOCH PKE & HARDING PL,NASHVILLE,TN,37211,8847,SOUTH,36.0874,-86.6922,POINT (-86.6922 36.0874)
20190007885,01/03/2019 11:00:00 PM,3,0,0,Y,Y,309263,11,Front to Rear,21,CLEAR,3,DARK - LIGHTED,12;14,MOTOR VEHICLE IN TRANSPORT;PARKED MOTOR VEHICLE,STRAIGHTWAY AV & LITTLE AV,NASHVILLE,TN,37206,1329,EAST,36.1932,-86.739,POINT (-86.739 36.1932)
20190139408,02/20/2019 05:51:00 PM,2,0,0,,N,256439,11,Front to Rear,2,RAIN,1,DAYLIGHT,12,MOTOR VEHICLE IN TRANSPORT,ELM HILL PKE & HENEY DR,NASHVILLE,TN,37214,9103,HERMIT,36.1515,-86.6729,POINT (-86.6729 36.1515)
20190251469,04/01/2019 04:55:00 PM,2,0,0,,N,256411,11,Front to Rear,21,CLEAR,1,DAYLIGHT,12,MOTOR VEHICLE IN TRANSPORT,12TH AVN & MEHARRY BLVD,NASHVILLE,TN,37208,5429,NORTH,36.1709,-86.7989,POINT (-86.7989 36.1709)
20190212906,03/19/2019 07:40:00 AM,3,0,0,,N,716886,11,Front to Rear,21,CLEAR,1,DAYLIGHT,12,MOTOR VEHICLE IN TRANSPORT,BELL RD & CANE RIDGE RD,ANTIOCH,TN,37013,8753,SOUTH,36.0449,-86.6631,POINT (-86.6631 36.0449)
20190507902,07/06/2019 01:39:00 AM,2,0,0,,Y,298871,4,ANGLE,21,CLEAR,3,DARK - LIGHTED,12,MOTOR VEHICLE IN TRANSPORT,17TH AVS & BROADWAY,NASHVILLE,TN,37203,5705,MIDTOW,36.1533,-86.794,POINT (-86.794 36.1533)
20190152046,02/25/2019 10:15:00 AM,1,0,0,,N,298864,0,NOT COLLISION W/MOTOR VEHICLE-TRANSPORT,21,CLEAR,1,DAYLIGHT,18,OTHER OBJECT (NOT FIXED),MM 93 1 I 65,MADISON,TN,37115,17062,MADISO,36.2769,-86.7351,POINT (-86.7351 36.2769)
20190394298,05/23/2019 12:35:00 PM,2,0,0,,N,462474,11,Front to Rear,21,CLEAR,1,DAYLIGHT,12,MOTOR VEHICLE IN TRANSPORT,NOLENSVILLE PKE & ELYSIAN FIELDS CT,NASHVILLE,TN,37211,8501,MIDTOW,36.0869,-86.7302,POINT (-86.7302 36.0869)
20190517472,07/10/2019 03:10:00 PM,2,0,0,,N,134899,16,Rear to Side,21,CLEAR,1,DAYLIGHT,14,PARKED MOTOR VEHICLE,SMITH SPRINGS RD & ANDERSON RD,NASHVILLE,TN,37217,8931,HERMIT,36.0878,-86.6079,POINT (-86.6079 36.0878)
20190110630,02/10/2019 03:55:00 PM,2,3,0,,N,256374,4,ANGLE,2,RAIN,1,DAYLIGHT,12,MOTOR VEHICLE IN TRANSPORT,HAMILTON CHURCH RD & MURFREESBORO PKE,ANTIOCH,TN,37013,8865,SOUTH,36.0645,-86.6288,POINT (-86.6288 36.0645)
20190251657,04/01/2019 06:35:00 PM,1,1,0,,N,320577,0,NOT COLLISION W/MOTOR VEHICLE-TRANSPORT,21,CLEAR,1,DAYLIGHT,8,PEDESTRIAN,21ST AVS & ACKLEN AV,NASHVILLE,TN,37212,5825,MIDTOW,36.1356,-86.801,POINT (-86.801 36.1356)
20190039321,01/15/2019 10:22:00 PM,2,1,0,,N,279124,11,Front to Rear,21,CLEAR,2,DARK - NOT LIGHTED,12,MOTOR VEHICLE IN TRANSPORT,MM 59 2 I 24,ANTIOCH,TN,37013,87061,SOUTH,36.0467,-86.6614,POINT (-86.6614 36.0467)
20190113498,02/11/2019 05:32:00 PM,2,0,0,,N,240968,4,ANGLE,2,RAIN,5,DUSK,12,MOTOR VEHICLE IN TRANSPORT,NASHBORO BLVD & NASHBORO BLVD PVTDR,NASHVILLE,TN,37217,8937,HERMIT,36.0887,-86.6439,POINT (-86.6439 36.0887)
20190326543,04/28/2019 10:26:00 AM,2,0,0,,N,311331,11,Front to Rear,21,CLEAR,1,DAYLIGHT,12,MOTOR VEHICLE IN TRANSPORT,DICKERSON PKE & HOMESTEAD RD,NASHVILLE,TN,37207,1807,EAST,36.2356,-86.7583,POINT (-86.7583 36.2356)
20190164601,03/01/2019 03:23:00 PM,2,2,0,,N,256386,11,Front to Rear,21,CLEAR,1,DAYLIGHT,12,MOTOR VEHICLE IN TRANSPORT,STATE HWY 155 & KAREN DR,NASHVILLE,TN,37217,88940,HERMIT,36.1395,-86.7003,POINT (-86.7003 36.1395)
20190566253,07/30/2019 08:54:00 AM,2,0,0,,N,226673,11,Front to Rear,22,CLOUDY,1,DAYLIGHT,12,MOTOR VEHICLE IN TRANSPORT,MM 48 9 I 24,NASHVILLE,TN,37213,1104,CENTRA,36.1676,-86.7656,POINT (-86.7656 36.1676)
20190459870,06/17/2019 02:08:00 PM,2,0,0,,N,725756,2,HEAD-ON,22,CLOUDY,1,DAYLIGHT,12,MOTOR VEHICLE IN TRANSPORT,OLD HICKORY BLVD & TIDWELL RD,NASHVILLE,TN,37209,4701,WEST,36.1145,-86.923,POINT (-86.923 36.1145)