Accident Number,Date and Time,Number of Motor Vehicles,Number of Injuries,Number of Fatalities,Property Damage,Hit and Run,Reporting Officer,Collision Type Code,Collision Type Description,Weather Code,Weather Description,Illumination Code,Illumination Description,Harmful Code,Harmful Code Description,Street Address,City,State,ZIP,RPA,Precinct,Latitude,Longitude,Mapped Location
20190202920,03/15/2019 10:54:00 AM,2,0,0,,N,191578,11,Front to Rear,21,CLEAR,1,DAYLIGHT,12,MOTOR VEHICLE IN TRANSPORT,WOODLAND POINTE DR & BELL RD,NASHVILLE,TN,37214,8943,HERMIT,36.1227,-86.6305,POINT (-86.6305 36.1227)
20190075573,01/29/2019 05:25:00 AM,2,0,0,,Y,320598,4,ANGLE,21,CLEAR,3,DARK - LIGHTED,12,MOTOR VEHICLE IN TRANSPORT,JOYNER AV & NOLENSVILLE PKE,NASHVILLE,TN,37210,8317,SOUTH,36.1165,-86.7481,POINT (-86.7481 36.1165)
20190519232,07/11/2019 07:47:00 AM,2,0,0,,N,676834,11,Front to Rear,21,CLEAR,1,DAYLIGHT,12,MOTOR VEHICLE IN TRANSPORT,ED TEMPLE BLVD & DR WALTER S DAVIS BLVD,NASHVILLE,TN,37209,4503,NORTH,36.1745,-86.8233,POINT (-86.8233 36.1745)
20190505004,07/04/2019 12:00:00 AM,1,1,0,,N,311333,0,NOT COLLISION W/MOTOR VEHICLE-TRANSPORT,2,RAIN,2,DARK - NOT LIGHTED,41,SHRUBBERY,CANE RIDGE RD & CANE SPRINGS RD,ANTIOCH,TN,37013,8765,SOUTH,36.0181,-86.6414,POINT (-86.6414 36.0181)
20190068898,01/26/2019 06:00:00 PM,2,1,0,,N,298860,2,HEAD-ON,21,CLEAR,2,DARK - NOT LIGHTED,12,MOTOR VEHICLE IN TRANSPORT,FERNBROOK LN & MCGAVOCK PKE,NASHVILLE,TN,37214,9317,HERMIT,36.1859,-86.6762,POINT (-86.6762 36.1859)
20190536556,07/18/2019 07:21:00 AM,3,0,0,,Y,716886,11,Front to Rear,21,CLEAR,1,DAYLIGHT,12,MOTOR VEHICLE IN TRANSPORT,NOLENSVILLE PKE & MORTON AV,NASHVILLE,TN,37211,8405,SOUTH,36.1062,-86.7428,POINT (-86.7428 36.1062)
20190164476,03/01/2019 02:22:00 PM,2,1,0,,N,179602,11,Front to Rear,22,CLOUDY,1,DAYLIGHT,12,MOTOR VEHICLE IN TRANSPORT,I24 W EXT RAMP & I 24,NASHVILLE,TN,37211,8829,SOUTH,36.1074,-86.7197,POINT (-86.7197 36.1074)
20190037881,01/15/2019 12:17:00 PM,2,0,0,,N,200016,4,ANGLE,21,CLEAR,1,DAYLIGHT,13,MOTOR VEHICLE IN TRANSPORT-OTHER ROADWAY,HOLLY ST & S 15TH ST,NASHVILLE,TN,37206,1219,EAST,36.1756,-86.7438,POINT (-86.7438 36.1756)
20190024783,01/10/2019 11:48:00 AM,2,2,0,,N,311339,4,ANGLE,21,CLEAR,1,DAYLIGHT,12,MOTOR VEHICLE IN TRANSPORT,11TH AVS & LAUREL ST,NASHVILLE,TN,37203,4017,CENTRA,36.1539,-86.7843,POINT (-86.7843 36.1539)
20190185078,03/08/2019 07:35:00 PM,2,0,0,,N,197047,4,ANGLE,2,RAIN,3,DARK - LIGHTED,12,MOTOR VEHICLE IN TRANSPORT,GALLATIN AV & PETWAY AV,NASHVILLE,TN,37206,1319,EAST,36.1869,-86.747,POINT (-86.747 36.1869)
20190441150,06/10/2019 12:44:00 PM,2,1,0,,N,191578,11,Front to Rear,21,CLEAR,1,DAYLIGHT,12,MOTOR VEHICLE IN TRANSPORT,RIVER HILLS DR & SHELBY WILDLIFE CROSSIN,NASHVILLE,TN,37210,9023,HERMIT,36.1655,-86.7134,POINT (-86.7134 36.1655)
20190218096,03/20/2019 08:28:00 PM,2,0,0,,N,330415,5,SIDESWIPE - SAME DIRECTION,21,CLEAR,3,DARK - LIGHTED,12,MOTOR VEHICLE IN TRANSPORT,I40 W EXT RAMP & I 40,NASHVILLE,TN,37203,4119,CENTRA,36.1574,-86.79,POINT (-86.79 36.1574)
20190347861,05/06/2019 04:13:00 PM,2,0,0,,N,299257,4,ANGLE,21,CLEAR,1,DAYLIGHT,12,MOTOR VEHICLE IN TRANSPORT,GALE LN & GALE PARK LN,NASHVILLE,TN,37204,6957,MIDTOW,36.1184,-86.776,POINT (-86.776 36.1184)
20190434723,06/07/2019 04:45:00 PM,2,0,0,,N,279224,2,HEAD-ON,2,RAIN,1,DAYLIGHT,12,MOTOR VEHICLE IN TRANSPORT,S 5TH ST & SHELBY AV,NASHVILLE,TN,37206,1009,EAST,36.1676,-86.7622,POINT (-86.7622 36.1676)
20190522219,07/12/2019 11:42:00 AM,2,0,0,,N,311804,4,ANGLE,21,CLEAR,1,DAYLIGHT,12,MOTOR VEHICLE IN TRANSPORT,HERMITAGE AV & ROLLING MILL HILL GRNWY,NASHVILLE,TN,37210,4029,CENTRA,36.1552,-86.7648,POINT (-86.7648 36.1552)
20190538212,07/18/2019 08:57:00 PM,1,0,0,,N,151132,0,NOT COLLISION W/MOTOR VEHICLE-TRANSPORT,21,CLEAR,2,DARK - NOT LIGHTED,50,DEER (ANIMAL),SPRINGFIELD HWY & BAKER STATION RD,GOODLETTSVILLE,TN,37072,2215,MADISO,36.3771,-86.7492,POINT (-86.7492 36.3771)
20190171928,03/04/2019 04:13:00 PM,3,0,0,,Y,206675,11,Front to Rear,21,CLEAR,1,DAYLIGHT,12,MOTOR VEHICLE IN TRANSPORT,OLD HICKORY BLVD & HILL RD,NASHVILLE,TN,37220,8615,MIDTOW,36.0397,-86.7436,POINT (-86.7436 36.0397)
20190380334,05/18/2019 08:04:00 AM,2,0,0,,N,299243,5,SIDESWIPE - SAME DIRECTION,21,CLEAR,1,DAYLIGHT,12,MOTOR VEHICLE IN TRANSPORT,JAMES ROBERTSON PKWY & GAY ST,NASHVILLE,TN,37219,4203,CENTRA,36.192,-86.7173,POINT (-86.7173 36.192)
20190353310,05/08/2019 11:11:00 AM,2,0,0,,N,212369,5,SIDESWIPE - SAME DIRECTION,21,CLEAR,1,DAYLIGHT,12,MOTOR VEHICLE IN TRANSPORT,17TH AVS & HORTON AV,NASHVILLE,TN,37212,6621,MIDTOW,36.1394,-86.7952,POINT (-86.7952 36.1394)
20190527870,07/15/2019 02:25:00 AM,1,1,0,,N,256493,0,NOT COLLISION W/MOTOR VEHICLE-TRANSPORT,21,CLEAR,3,DARK - LIGHTED,30;32,UTILITY POLE;CULVERT,400 RURAL HILL RD,NASHVILLE,TN,37217,8963,HERMIT,36.0787,-86.63,POINT (-86.63 36.0787)
20190574996,08/02/2019 03:17:00 PM,2,1,0,,N,311337,11,Front to Rear,21,CLEAR,1,DAYLIGHT,12,MOTOR VEHICLE IN TRANSPORT,OLD HICKORY BLVD & CENTRAL PKE,HERMITAGE,TN,37076,9557,HERMIT,36.1676,-86.7787,POINT (-86.7787 36.1676)
20190488913,06/28/2019 02:15:00 PM,2,0,0,,N,580819,5,SIDESWIPE - SAME DIRECTION,21,CLEAR,1,DAYLIGHT,12,MOTOR VEHICLE IN TRANSPORT,ASH ST & DIVISION ST,NASHVILLE,TN,37203,4007,CENTRA,36.1521,-86.7722,POINT (-86.7722 36.1521)
20190101479,02/06/2019 11:00:00 PM,1,0,0,,N,608786,0,NOT COLLISION W/MOTOR VEHICLE-TRANSPORT,2,RAIN,2,DARK - NOT LIGHTED,34,DITCH,DELAWARE AV & BURWOOD AV,MADISON,TN,37115,1703,MADISO,36.2642,-86.7044,POINT (-86.7044 36.2642)
20190359716,05/10/2019 04:33:00 PM,2,1,0,,N,169425,5,SIDESWIPE - SAME DIRECTION,21,CLEAR,1,DAYLIGHT,12,MOTOR VEHICLE IN TRANSPORT,17TH AVN & CHARLOTTE AV,NASHVILLE,TN,37203,5503,MIDTOW,36.1588,-86.7982,POINT (-86.7982 36.1588)
20190493299,06/30/2019 01:30:00 PM,2,0,0,,Y,224953,5,SIDESWIPE - SAME DIRECTION,21,CLEAR,1,DAYLIGHT,12,MOTOR VEHICLE IN TRANSPORT,I24 E ENT RAMP & SPRING ST,NASHVILLE,TN,37213,1985,CENTRA,36.1767,-86.7739,POINT (-86.7739 36.1767)
20190323174,04/26/2019 06:09:00 PM,3,1,0,,N,311332,11,Front to Rear,21,CLEAR,1,DAYLIGHT,12,MOTOR VEHICLE IN TRANSPORT,TRACESIDE DR & HIGHWAY 100,NASHVILLE,TN,37221,4807,WEST,36.0379,-86.9643,POINT (-86.9643 36.0379)
20190356865,05/09/2019 03:00:00 PM,2,0,0,,N,206675,4,ANGLE,21,CLEAR,1,DAYLIGHT,12,MOTOR VEHICLE IN TRANSPORT,MORTON AV & MEADE AV,NASHVILLE,TN,37211,8517,MIDTOW,36.1063,-86.7446,POINT (-86.7446 36.1063)
20190542169,07/20/2019 09:33:00 AM,2,0,0,,N,812949,4,ANGLE,21,CLEAR,1,DAYLIGHT,12,MOTOR VEHICLE IN TRANSPORT,ROSA L PARKS BLVD & MONROE ST,NASHVILLE,TN,37208,4303,NORTH,36.1749,-86.7924,POINT (-86.7924 36.1749)
20190184138,03/08/2019 11:40:00 AM,1,1,0,,N,676834,0,NOT COLLISION W/MOTOR VEHICLE-TRANSPORT,2,RAIN,1,DAYLIGHT,36,CONCRETE TRAFFIC BARRIER,BRILEY PKWYW & BRILEY PKWYE,NASHVILLE,TN,37218,3216,NORTH,36.2254,-86.8638,POINT (-86.8638 36.2254)
20190450865,06/13/2019 08:40:00 PM,2,1,0,,N,352167,11,Front to Rear,21,CLEAR,3,DARK - LIGHTED,12,MOTOR VEHICLE IN TRANSPORT,BROADWAY & 5TH AVS,NASHVILLE,TN,37203,4089,CENTRA,36.1605,-86.7784,POINT (-86.7784 36.1605)
20190528554,07/15/2019 08:25:00 AM,1,0,0,,N,343522,0,NOT COLLISION W/MOTOR VEHICLE-TRANSPORT,22,CLOUDY,1,DAYLIGHT,50,DEER (ANIMAL),MM 192 1 I 40,NASHVILLE,TN,37221,4802,WEST,36.0768,-87.0278,POINT (-87.0278 36.0768)
20190532333,07/16/2019 06:48:00 PM,2,0,0,,N,462474,16,Rear to Side,21,CLEAR,1,DAYLIGHT,14;55,PARKED MOTOR VEHICLE;Motor Vehicle-In-Motion Outside Trafficw,HARDING PL & TROUSDALE DR,NASHVILLE,TN,37220,8601,MIDTOW,36.0811,-86.7584,POINT (-86.7584 36.0811)
20190434281,06/07/2019 01:00:00 PM,2,0,0,,N,223502,11,Front to Rear,21,CLEAR,1,DAYLIGHT,12,MOTOR VEHICLE IN TRANSPORT,MM 52 0 I 24,NASHVILLE,TN,37217,8816,SOUTH,36.1329,-86.7267,POINT (-86.7267 36.1329)
20190447619,06/12/2019 06:45:00 PM,1,0,0,,N,256380,0,NOT COLLISION W/MOTOR VEHICLE-TRANSPORT,21,CLEAR,1,DAYLIGHT,17,BOULDER,7TH AVN & COFFEE ST,NASHVILLE,TN,37208,4353,NORTH,36.1846,-86.7968,POINT (-86.7968 36.1846)
20190156467,02/26/2019 06:12:00 PM,2,0,0,,N,279194,98,OTHER,21,CLEAR,5,DUSK,45,WORKING MOTOR VEHICLE,22ND CTN & BATAVIA ST,NASHVILLE,TN,37208,5319,NORTH,36.1612,-86.8111,POINT (-86.8111 36.1612)
20190571898,08/01/2019 11:52:00 AM,2,2,0,,N,191578,11,Front to Rear,21,CLEAR,1,DAYLIGHT,12,MOTOR VEHICLE IN TRANSPORT,LEBANON PKE & OLD LEBANON PKE,NASHVILLE,TN,37214,9125,HERMIT,36.1678,-86.6637,POINT (-86.6637 36.1678)
20190237233,03/27/2019 10:32:00 AM,2,0,0,,N,191578,5,SIDESWIPE - SAME DIRECTION,21,CLEAR,1,DAYLIGHT,12,MOTOR VEHICLE IN TRANSPORT,MM 212 1 I 40,NASHVILLE,TN,37210,90041,HERMIT,36.1463,-86.7422,POINT (-86.7422 36.1463)
20190356975,05/09/2019 04:45:00 PM,2,0,0,,N,807326,11,Front to Rear,22,CLOUDY,1,DAYLIGHT,12,MOTOR VEHICLE IN TRANSPORT,8TH AVS & DEMONBREUN ST,NASHVILLE,TN,37203,4041,CENTRA,36.1569,-86.7808,POINT (-86.7808 36.1569)
20190382984,05/19/2019 03:30:00 PM,2,0,0,,N,330428,4,ANGLE,22,CLOUDY,1,DAYLIGHT,12,MOTOR VEHICLE IN TRANSPORT,BRILEY PKWY & I40 W EXT RAMP,NASHVILLE,TN,37209,4696,WEST,36.153,-86.8576,POINT (-86.8576 36.153)
20190441647,06/10/2019 04:54:00 PM,3,0,0,,N,179606,11,Front to Rear,21,CLEAR,1,DAYLIGHT,12,MOTOR VEHICLE IN TRANSPORT,MM 81 5 I 65,NASHVILLE,TN,37203,8006,MIDTOW,36.1361,-86.7756,POINT (-86.7756 36.1361)
20190475790,06/23/2019 12:00:00 AM,1,0,0,,N,298868,0,NOT COLLISION W/MOTOR VEHICLE-TRANSPORT,2,RAIN,3,DARK - LIGHTED,39,WALL,MM 203 8 I 40,NASHVILLE,TN,37209,4602,WEST,36.1517,-86.8607,POINT (-86.8607 36.1517)
20190532636,07/16/2019 09:41:00 PM,2,1,0,,N,320594,11,Front to Rear,21,CLEAR,3,DARK - LIGHTED,12,MOTOR VEHICLE IN TRANSPORT,OLD HICKORY BLVD & 2ND ST,OLD HICKORY,TN,37138,9717,HERMIT,36.2168,-86.6235,POINT (-86.6235 36.2168)
20190184121,03/08/2019 11:30:00 AM,1,0,0,,N,212318,0,NOT COLLISION W/MOTOR VEHICLE-TRANSPORT,2,RAIN,1,DAYLIGHT,36,CONCRETE TRAFFIC BARRIER,I440 W ENT RAMP & I 65,NASHVILLE,TN,37204,7018,MIDTOW,36.1157,-86.7732,POINT (-86.7732 36.1157)
20190342905,05/04/2019 12:03:00 PM,1,0,0,,N,834798,0,NOT COLLISION W/MOTOR VEHICLE-TRANSPORT,21,CLEAR,1,DAYLIGHT,46,TRAFFIC SIGNAL SUPPORT,HILLSBORO PKE & CRESTMOOR RD,NASHVILLE,TN,37215,6413,MIDTOW,36.1091,-86.8119,POINT (-86.8119 36.1091)
20190067291,01/26/2019 12:29:00 AM,1,0,0,,N,212321,0,NOT COLLISION W/MOTOR VEHICLE-TRANSPORT,22,CLOUDY,3,DARK - LIGHTED,36,CONCRETE TRAFFIC BARRIER,COLLINS PARK DR & BELL RD,ANTIOCH,TN,37013,8863,SOUTH,36.046,-86.6581,POINT (-86.6581 36.046)
20190263278,04/05/2019 05:01:00 PM,4,0,0,,N,311803,11,Front to Rear,21,CLEAR,1,DAYLIGHT,12,MOTOR VEHICLE IN TRANSPORT,I440 W ENT RAMP & I 65,NASHVILLE,TN,37204,7018,MIDTOW,36.1157,-86.7732,POINT (-86.7732 36.1157)
20190199382,03/14/2019 05:36:00 AM,2,1,0,,N,320600,11,Front to Rear,21,CLEAR,3,DARK - LIGHTED,12,MOTOR VEHICLE IN TRANSPORT,BRILEY PKWY S EXT RAMP & CENTENNIAL BLVD,NASHVILLE,TN,37209,4651,WEST,36.1713,-86.871,POINT (-86.871 36.1713)
20190439617,06/09/2019 06:50:00 PM,2,0,0,,N,415780,11,Front to Rear,21,CLEAR,1,DAYLIGHT,12,MOTOR VEHICLE IN TRANSPORT,MCMURRAY DR & AMALIE DR,NASHVILLE,TN,37211,8657,MIDTOW,36.0545,-86.7253,POINT (-86.7253 36.0545)
20190567065,07/30/2019 03:36:00 PM,2,0,0,,N,192871,4,ANGLE,21,CLEAR,1,DAYLIGHT,12,MOTOR VEHICLE IN TRANSPORT,STATE HWY 45 & US HWY 31E,MADISON,TN,37115,1701,MADISO,36.2631,-86.7119,POINT (-86.7119 36.2631)
20190374351,05/16/2019 07:35:00 AM,2,0,0,,N,716886,11,Front to Rear,21,CLEAR,1,DAYLIGHT,12,MOTOR VEHICLE IN TRANSPORT,MM 55 0 I 24,NASHVILLE,TN,37211,8812,SOUTH,36.0948,-86.7069,POINT (-86.7069 36.0948)
20190579862,08/04/2019 07:03:00 PM,1,1,0,,N,306708,0,NOT COLLISION W/MOTOR VEHICLE-TRANSPORT,21,CLEAR,1,DAYLIGHT,8,PEDESTRIAN,GALLATIN PKES & E WEBSTER ST,MADISON,TN,37115,1507,MADISO,36.2525,-86.7173,POINT (-86.7173 36.2525)
20190253322,04/02/2019 08:15:00 AM,2,0,0,,N,420034,11,Front to Rear,21,CLEAR,1,DAYLIGHT,12,MOTOR VEHICLE IN TRANSPORT,BUENA VISTA PKE & MATTIE ST,NASHVILLE,TN,37218,3101,NORTH,36.2,-86.8253,POINT (-86.8253 36.2)
20190180712,03/07/2019 08:33:00 AM,2,1,0,,N,591936,11,Front to Rear,21,CLEAR,1,DAYLIGHT,12,MOTOR VEHICLE IN TRANSPORT,MM 4 2 I 440,NASHVILLE,TN,37204,7012,MIDTOW,36.116,-86.7861,POINT (-86.7861 36.116)
20190025573,01/10/2019 05:50:00 PM,2,0,0,,N,240955,6,SIDESWIPE - OPPOSITE DIRECTION,21,CLEAR,3,DARK - LIGHTED,12;14,MOTOR VEHICLE IN TRANSPORT;PARKED MOTOR VEHICLE,BELL RD & HICKORY HIGHLANDS DR,ANTIOCH,TN,37013,8865,SOUTH,36.0606,-86.64,POINT (-86.64 36.0606)
20190412516,05/30/2019 08:31:00 AM,2,0,0,,Y,462474,5,SIDESWIPE - SAME DIRECTION,22,CLOUDY,1,DAYLIGHT,12,MOTOR VEHICLE IN TRANSPORT,OLD HICKORY BLVD & EDMONDSON PKE,NASHVILLE,TN,37220,8615,MIDTOW,36.04,-86.7435,POINT (-86.7435 36.04)
20190449146,06/13/2019 08:30:00 AM,2,1,0,,N,665896,11,Front to Rear,21,CLEAR,1,DAYLIGHT,12,MOTOR VEHICLE IN TRANSPORT,W KIRKLAND AV & GALLATIN PKE,NASHVILLE,TN,37216,1837,EAST,36.2088,-86.735,POINT (-86.735 36.2088)
20190238014,03/27/2019 03:55:00 PM,2,0,0,,Y,240955,11,Front to Rear,21,CLEAR,1,DAYLIGHT,12,MOTOR VEHICLE IN TRANSPORT,HAMILTON CHURCH RD & MURFREESBORO PKE,ANTIOCH,TN,37013,8865,SOUTH,36.0645,-86.6288,POINT (-86.6288 36.0645)
20190167546,03/02/2019 08:48:00 PM,2,1,0,,N,256443,2,HEAD-ON,21,CLEAR,3,DARK - LIGHTED,1;12,MOTOR VEHICLE IN TRANSPORT,DICKERSON PKE & SKYLINE COMMONS PVTDR,NASHVILLE,TN,37207,2011,MADISO,36.2475,-86.7568,POINT (-86.7568 36.2475)
20190153337,02/25/2019 07:17:00 PM,2,1,0,,Y,240959,4,ANGLE,21,CLEAR,3,DARK - LIGHTED,12,MOTOR VEHICLE IN TRANSPORT,ARDEE AV & GALLATIN PKE,NASHVILLE,TN,37216,1425,EAST,36.2196,-86.7274,POINT (-86.7274 36.2196)
20190044026,01/17/2019 12:24:00 PM,2,0,0,,N,267831,11,Front to Rear,2,RAIN,1,DAYLIGHT,12,MOTOR VEHICLE IN TRANSPORT,MURPHY RD & BOWLING AV,NASHVILLE,TN,37205,5249,WEST,36.1401,-86.8268,POINT (-86.8268 36.1401)
20190300228,04/18/2019 09:29:00 PM,1,0,0,,N,256426,0,NOT COLLISION W/MOTOR VEHICLE-TRANSPORT,2,RAIN,2,DARK - NOT LIGHTED,33,CURB,MCGAVOCK PKE & OLD ELM HILL PKE,NASHVILLE,TN,37214,9115,HERMIT,36.1521,-86.6839,POINT (-86.6839 36.1521)
20190384346,05/20/2019 07:45:00 AM,2,0,0,,N,212325,4,ANGLE,21,CLEAR,1,DAYLIGHT,12,MOTOR VEHICLE IN TRANSPORT,RIVERGATE MARKETPLACE PVTDR & GALLATIN P,MADISON,TN,37115,1731,MADISO,36.3037,-86.6898,POINT (-86.6898 36.3037)
20190346796,05/06/2019 09:15:00 AM,2,0,0,,N,420035,4,ANGLE,21,CLEAR,1,DAYLIGHT,12,MOTOR VEHICLE IN TRANSPORT,STATE RT 45 & ARCHWOOD DR,MADISON,TN,37115,1705,MADISO,36.2636,-86.686,POINT (-86.686 36.2636)
20190288816,04/15/2019 12:07:00 PM,2,0,0,,Y,298864,5,SIDESWIPE - SAME DIRECTION,21,CLEAR,1,DAYLIGHT,12,MOTOR VEHICLE IN TRANSPORT,MM 43 5 I 24,NASHVILLE,TN,37207,2014,MADISO,36.2381,-86.786,POINT (-86.786 36.2381)
20190359336,05/10/2019 01:45:00 PM,2,0,0,,N,226136,4,ANGLE,22,CLOUDY,1,DAYLIGHT,12,MOTOR VEHICLE IN TRANSPORT,EDMONDSON PKE & DERBY TRC,NASHVILLE,TN,37211,8653,MIDTOW,36.0442,-86.7441,POINT (-86.7441 36.0442)
20190263976,04/05/2019 10:00:00 PM,2,0,0,,N,197059,11,Front to Rear,21,CLEAR,3,DARK - LIGHTED,14,PARKED MOTOR VEHICLE,CRUZEN ST & MELROSE AV,NASHVILLE,TN,37211,8307,MIDTOW,36.1196,-86.7536,POINT (-86.7536 36.1196)
20190398233,05/24/2019 06:03:00 PM,1,0,0,,Y,240955,0,NOT COLLISION W/MOTOR VEHICLE-TRANSPORT,21,CLEAR,1,DAYLIGHT,39,WALL,MM 62 5 I 24,ANTIOCH,TN,37013,8804,SOUTH,36.0143,-86.6203,POINT (-86.6203 36.0143)
20190339854,05/03/2019 06:54:00 AM,2,2,0,,N,834798,4,ANGLE,21,CLEAR,1,DAYLIGHT,12,MOTOR VEHICLE IN TRANSPORT,MM 79 9 I 65,NASHVILLE,TN,37204,7018,MIDTOW,36.1122,-86.7718,POINT (-86.7718 36.1122)
20190449564,06/13/2019 11:30:00 AM,2,0,0,,Y,352189,11,Front to Rear,21,CLEAR,1,DAYLIGHT,12,MOTOR VEHICLE IN TRANSPORT,MM 81 6 I 65,NASHVILLE,TN,37203,8006,MIDTOW,36.1373,-86.7757,POINT (-86.7757 36.1373)
20190549978,07/23/2019 04:38:00 PM,2,1,0,,N,240957,4,ANGLE,21,CLEAR,1,DAYLIGHT,12,MOTOR VEHICLE IN TRANSPORT,NOLENSVILLE PKE & WHEELER AV,NASHVILLE,TN,37211,8435,SOUTH,36.0948,-86.737,POINT (-86.737 36.0948)
20190379144,05/17/2019 08:06:00 PM,2,0,0,,Y,905011,4,ANGLE,21,CLEAR,2,DARK - NOT LIGHTED,12,MOTOR VEHICLE IN TRANSPORT,53RD AVN & ALABAMA AV,NASHVILLE,TN,37209,5121,WEST,36.153,-86.8512,POINT (-86.8512 36.153)
20190155992,02/26/2019 02:30:00 PM,2,0,0,,N,256374,11,Front to Rear,21,CLEAR,1,DAYLIGHT,12,MOTOR VEHICLE IN TRANSPORT,I24 E EXT RAMP & I 24,NASHVILLE,TN,37207,30080,NORTH,36.2378,-86.7872,POINT (-86.7872 36.2378)
20190188134,03/09/2019 11:12:00 PM,2,1,0,,Y,169414,2,HEAD-ON,2,RAIN,3,DARK - LIGHTED,12,MOTOR VEHICLE IN TRANSPORT,OCALA DR & BESS CTS,NASHVILLE,TN,37211,8717,SOUTH,36.0504,-86.6914,POINT (-86.6914 36.0504)
20190564369,07/29/2019 01:00:00 PM,2,0,0,,N,420035,11,Front to Rear,22,CLOUDY,1,DAYLIGHT,12,MOTOR VEHICLE IN TRANSPORT,MYATT DR & MYATT CENTER LN,MADISON,TN,37115,1715,MADISO,36.2468,-86.6694,POINT (-86.6694 36.2468)
20190140995,02/21/2019 12:00:00 AM,1,0,0,,Y,109534,0,NOT COLLISION W/MOTOR VEHICLE-TRANSPORT,22,CLOUDY,9,UNKNOWN,42,TREE,NASHBORO BLVD & FAIRWAY POINTE PVTDR,NASHVILLE,TN,37217,8937,HERMIT,36.0895,-86.6293,POINT (-86.6293 36.0895)
20190540108,07/19/2019 02:40:00 PM,2,0,0,,N,212322,4,ANGLE,21,CLEAR,1,DAYLIGHT,12,MOTOR VEHICLE IN TRANSPORT,UNA ANTIOCH PKE & RANSOM VILLAGE WAY,ANTIOCH,TN,37013,8891,SOUTH,36.0841,-86.65,POINT (-86.65 36.0841)
20190239784,03/28/2019 07:13:00 AM,1,0,0,,N,876581,0,NOT COLLISION W/MOTOR VEHICLE-TRANSPORT,21,CLEAR,1,DAYLIGHT,50,DEER (ANIMAL),DICKERSON PKES & OLD DICKERSON PKE,GOODLETTSVILLE,TN,37072,2111,MADISO,36.2892,-86.7417,POINT (-86.7417 36.2892)
20190382055,05/19/2019 04:10:00 AM,1,0,0,Y,N,299245,0,NOT COLLISION W/MOTOR VEHICLE-TRANSPORT,21,CLEAR,7,Dark-Unknown Lighting,27,H-WAY TRAFFIC SIGNAL POST,FOSTER ST & FOSTER PL,NASHVILLE,TN,37207,1981,EAST,36.1789,-86.7675,POINT (-86.7675 36.1789)
20190532147,07/16/2019 05:00:00 PM,2,1,0,,N,256448,4,ANGLE,21,CLEAR,1,DAYLIGHT,12,MOTOR VEHICLE IN TRANSPORT,DONELSON PKE & I40 W ENT RAMP,NASHVILLE,TN,37214,9103,HERMIT,36.143,-86.6667,POINT (-86.6667 36.143)
20190457727,06/16/2019 06:36:00 PM,3,1,0,,N,240955,11,Front to Rear,21,CLEAR,1,DAYLIGHT,12,MOTOR VEHICLE IN TRANSPORT,BELL RD & CANE RIDGE RD,ANTIOCH,TN,37013,8751,SOUTH,36.0447,-86.6615,POINT (-86.6615 36.0447)
20190273653,04/09/2019 06:14:00 PM,2,0,0,,Y,197070,5,SIDESWIPE - SAME DIRECTION,21,CLEAR,1,DAYLIGHT,12,MOTOR VEHICLE IN TRANSPORT,CHARLOTTE AV & GEORGE L DAVIS BLVD,NASHVILLE,TN,37203,4205,CENTRA,36.1612,-86.7927,POINT (-86.7927 36.1612)
20190253996,04/02/2019 12:00:00 AM,2,0,0,,Y,109534,5,SIDESWIPE - SAME DIRECTION,21,CLEAR,1,DAYLIGHT,14;99,PARKED MOTOR VEHICLE;UNKNOWN MOST HARMFUL EVENT,LEBANON PKE & THE CROSSINGS PVTDR,NASHVILLE,TN,37214,9121,HERMIT,36.169,-86.6833,POINT (-86.6833 36.169)
20190476907,06/24/2019 09:22:00 AM,1,0,0,,N,716886,0,NOT COLLISION W/MOTOR VEHICLE-TRANSPORT,2,RAIN,1,DAYLIGHT,24,GUARDRAIL FACE,MM 54 2 I 24,NASHVILLE,TN,37211,88122,SOUTH,36.1038,-86.7151,POINT (-86.7151 36.1038)
20190160333,02/28/2019 02:23:00 AM,2,0,0,,N,279221,5,SIDESWIPE - SAME DIRECTION,21,CLEAR,3,DARK - LIGHTED,12,MOTOR VEHICLE IN TRANSPORT,DICKERSON PKE & I65 S ENT RAMP,MADISON,TN,37115,2007,MADISO,36.2392,-86.7577,POINT (-86.7577 36.2392)
20190152554,02/25/2019 01:46:00 PM,3,0,0,,N,267831,11,Front to Rear,21,CLEAR,1,DAYLIGHT,12,MOTOR VEHICLE IN TRANSPORT,WOODMONT BLVD & HARDING PKE,NASHVILLE,TN,37205,6021,WEST,36.1245,-86.8472,POINT (-86.8472 36.1245)
20190267419,04/07/2019 11:39:00 AM,2,1,0,,N,584947,11,Front to Rear,2,RAIN,1,DAYLIGHT,12,MOTOR VEHICLE IN TRANSPORT,EDMONDSON PKE & WEXFORD DOWNS LN,NASHVILLE,TN,37211,8651,MIDTOW,36.0198,-86.7421,POINT (-86.7421 36.0198)
20190360367,05/10/2019 09:48:00 PM,2,0,0,,N,298867,5,SIDESWIPE - SAME DIRECTION,2,RAIN,3,DARK - LIGHTED,12,MOTOR VEHICLE IN TRANSPORT,MM 86 5 I 65,NASHVILLE,TN,37207,3006,NORTH,36.1946,-86.7762,POINT (-86.7762 36.1946)