Accident Number,Date and Time,Number of Motor Vehicles,Number of Injuries,Number of Fatalities,Property Damage,Hit and Run,Reporting Officer,Collision Type Code,Collision Type Description,Weather Code,Weather Description,Illumination Code,Illumination Description,Harmful Code,Harmful Code Description,Street Address,City,State,ZIP,RPA,Precinct,Latitude,Longitude,Mapped Location
20190283500,04/13/2019 05:51:00 AM,2,0,0,,Y,279117,6,SIDESWIPE - OPPOSITE DIRECTION,2,RAIN,4,DAWN,12,MOTOR VEHICLE IN TRANSPORT,DICKERSON PKE & HANCOCK ST,NASHVILLE,TN,37207,1963,EAST,36.1843,-86.7737,POINT (-86.7737 36.1843)
20190211758,03/18/2019 10:55:00 PM,2,0,0,,N,330414,5,SIDESWIPE - SAME DIRECTION,21,CLEAR,3,DARK - LIGHTED,12,MOTOR VEHICLE IN TRANSPORT,ROSA L PARKS BLVD & BROADWAY,NASHVILLE,TN,37203,4115,CENTRA,36.1593,-86.7824,POINT (-86.7824 36.1593)
20190413414,05/30/2019 03:55:00 PM,2,0,0,,N,352184,5,SIDESWIPE - SAME DIRECTION,21,CLEAR,1,DAYLIGHT,12,MOTOR VEHICLE IN TRANSPORT,MM 212 1 I 40,NASHVILLE,TN,37210,90041,HERMIT,36.1463,-86.7422,POINT (-86.7422 36.1463)
20190456176,06/15/2019 10:12:00 PM,2,0,0,,Y,298875,5,SIDESWIPE - SAME DIRECTION,21,CLEAR,3,DARK - LIGHTED,12,MOTOR VEHICLE IN TRANSPORT,BELL RD & MURFREESBORO PKE,ANTIOCH,TN,37013,8861,SOUTH,36.072,-86.636,POINT (-86.636 36.072)
20190259247,04/04/2019 07:15:00 AM,2,0,0,,N,571313,11,Front to Rear,21,CLEAR,1,DAYLIGHT,12,MOTOR VEHICLE IN TRANSPORT,MM 214 5 I 40,NASHVILLE,TN,37217,88022,HERMIT,36.1434,-86.7031,POINT (-86.7031 36.1434)
20190012597,01/05/2019 08:21:00 PM,2,0,0,,N,281611,11,Front to Rear,21,CLEAR,2,DARK - NOT LIGHTED,12,MOTOR VEHICLE IN TRANSPORT,MM 204 0 I 40,NASHVILLE,TN,37209,50024,WEST,36.1522,-86.8581,POINT (-86.8581 36.1522)
20190124923,02/15/2019 07:30:00 AM,2,0,0,,Y,225773,11,Front to Rear,22,CLOUDY,1,DAYLIGHT,12,MOTOR VEHICLE IN TRANSPORT,MM 210 5 I 40,NASHVILLE,TN,37210,8202,HERMIT,36.1522,-86.7669,POINT (-86.7669 36.1522)
20190329986,04/29/2019 08:01:00 PM,1,1,0,,N,256383,0,NOT COLLISION W/MOTOR VEHICLE-TRANSPORT,21,CLEAR,2,DARK - NOT LIGHTED,40;42,MAIL BOX;TREE,LAVERGNE COUCHVILLE PKE & OLD HICKORY BL,ANTIOCH,TN,37013,8901,SOUTH,36.0441,-86.5844,POINT (-86.5844 36.0441)
20190065089,01/25/2019 08:37:00 AM,2,0,0,,N,299243,4,ANGLE,21,CLEAR,1,DAYLIGHT,12,MOTOR VEHICLE IN TRANSPORT,COWAN ST & I24 E ENT RAMP,NASHVILLE,TN,37207,1957,CENTRA,36.1877,-86.7777,POINT (-86.7777 36.1877)
20190167874,03/03/2019 12:37:00 AM,1,0,0,,N,212342,0,NOT COLLISION W/MOTOR VEHICLE-TRANSPORT,21,CLEAR,3,DARK - LIGHTED,1;72,EMBANKMENT ROCK/STONE/CONCRETE,MM 212 2 I 40,NASHVILLE,TN,37210,90041,HERMIT,36.1458,-86.7414,POINT (-86.7414 36.1458)
20190320479,04/25/2019 08:27:00 PM,1,0,0,Y,N,299267,0,NOT COLLISION W/MOTOR VEHICLE-TRANSPORT,2,RAIN,3,DARK - LIGHTED,39,WALL,COPPERFIELD WAY & OLD HICKORY BLVD,BRENTWOOD,TN,37027,8621,MIDTOW,36.0413,-86.7486,POINT (-86.7486 36.0413)
20190378060,05/17/2019 11:52:00 AM,2,0,0,,Y,226673,98,OTHER,21,CLEAR,1,DAYLIGHT,12,MOTOR VEHICLE IN TRANSPORT,HERMITAGE AV & KOREAN VETERANS BLVD,NASHVILLE,TN,37201,4047,CENTRA,36.1583,-86.7719,POINT (-86.7719 36.1583)
20190340215,05/03/2019 09:30:00 AM,2,0,0,,N,226306,11,Front to Rear,22,CLOUDY,98,OTHER,12,MOTOR VEHICLE IN TRANSPORT,SAWYER BROWN RD & HIGHWAY 70S,NASHVILLE,TN,37221,4811,WEST,36.0768,-86.9453,POINT (-86.9453 36.0768)
20190510530,07/07/2019 03:14:00 PM,2,1,0,Y,N,256441,0,NOT COLLISION W/MOTOR VEHICLE-TRANSPORT,21,CLEAR,1,DAYLIGHT,14;7,PARKED MOTOR VEHICLE,EDMONDSON PKE & W DURRETT DR,NASHVILLE,TN,37211,8659,MIDTOW,36.0692,-86.7361,POINT (-86.7361 36.0692)
20190155298,02/26/2019 10:05:00 AM,2,0,0,,N,226622,4,ANGLE,21,CLEAR,1,DAYLIGHT,12,MOTOR VEHICLE IN TRANSPORT,WHITE BRIDGE PKE & VINE RIDGE DR,NASHVILLE,TN,37209,5021,WEST,36.1354,-86.8583,POINT (-86.8583 36.1354)
20190222953,03/22/2019 08:22:00 AM,3,0,0,,N,226622,11,Front to Rear,21,CLEAR,1,DAYLIGHT,12,MOTOR VEHICLE IN TRANSPORT,MM 205 8 I 40,NASHVILLE,TN,37209,52042,WEST,36.1565,-86.8248,POINT (-86.8248 36.1565)
20190105147,02/08/2019 07:15:00 AM,2,0,0,,N,235761,11,Front to Rear,21,CLEAR,1,DAYLIGHT,12,MOTOR VEHICLE IN TRANSPORT,BRILEY PKWY S EXT RAMP & CENTENNIAL BLVD,NASHVILLE,TN,37209,4651,WEST,36.1713,-86.871,POINT (-86.871 36.1713)
20190490848,06/29/2019 10:35:00 AM,1,0,0,Y,N,352199,0,NOT COLLISION W/MOTOR VEHICLE-TRANSPORT,21,CLEAR,1,DAYLIGHT,24,GUARDRAIL FACE,MM 218 5 I 40,NASHVILLE,TN,37214,9404,HERMIT,36.1522,-86.6352,POINT (-86.6352 36.1522)
20190491734,06/29/2019 07:27:00 PM,2,3,0,,N,311332,11,Front to Rear,21,CLEAR,5,DUSK,12,MOTOR VEHICLE IN TRANSPORT,HARDING PKE & OLD HARDING PKE,NASHVILLE,TN,37205,4913,WEST,36.0972,-86.8759,POINT (-86.8759 36.0972)
20190191818,03/11/2019 04:50:00 PM,2,0,0,,N,279225,5,SIDESWIPE - SAME DIRECTION,21,CLEAR,1,DAYLIGHT,12,MOTOR VEHICLE IN TRANSPORT,MURFREESBORO PKE & SMITH SPRINGS RD,NASHVILLE,TN,37217,8849,SOUTH,36.0962,-86.6556,POINT (-86.6556 36.0962)
20190269080,04/08/2019 04:33:00 AM,1,0,0,Y,N,311341,0,NOT COLLISION W/MOTOR VEHICLE-TRANSPORT,2,RAIN,3,DARK - LIGHTED,38,FENCE,38TH AVN & SUSANNAH CT,NASHVILLE,TN,37209,5235,WEST,36.1475,-86.831,POINT (-86.831 36.1475)
20190378056,05/17/2019 11:41:00 AM,1,0,0,,Y,716886,0,NOT COLLISION W/MOTOR VEHICLE-TRANSPORT,21,CLEAR,1,DAYLIGHT,34,DITCH,I24 W EXT RAMP & I 24,NASHVILLE,TN,37211,8829,SOUTH,36.1074,-86.7197,POINT (-86.7197 36.1074)
20190400781,05/25/2019 06:50:00 PM,2,0,0,,Y,279214,5,SIDESWIPE - SAME DIRECTION,21,CLEAR,1,DAYLIGHT,12,MOTOR VEHICLE IN TRANSPORT,I65 ENT RAMP & I 440,NASHVILLE,TN,37204,81061,MIDTOW,36.1189,-86.7675,POINT (-86.7675 36.1189)
20190118099,02/13/2019 03:11:00 AM,2,0,0,,Y,298871,98,OTHER,21,CLEAR,3,DARK - LIGHTED,14,PARKED MOTOR VEHICLE,HORTON AV & 14TH AVS,NASHVILLE,TN,37212,6617,MIDTOW,36.1402,-86.7899,POINT (-86.7899 36.1402)
20190220754,03/21/2019 02:21:00 PM,2,0,0,,Y,320582,3,REAR-TO-REAR,21,CLEAR,1,DAYLIGHT,14;55,PARKED MOTOR VEHICLE;Motor Vehicle-In-Motion Outside Trafficw,DICKERSON PKE & MAPLEWOOD TRC,NASHVILLE,TN,37216,1805,EAST,36.2333,-86.7586,POINT (-86.7586 36.2333)
20190047754,01/18/2019 05:45:00 PM,2,0,0,,N,330414,11,Front to Rear,21,CLEAR,2,DARK - NOT LIGHTED,12,MOTOR VEHICLE IN TRANSPORT,HIGHWAY 100 & GILMAN AV,NASHVILLE,TN,37205,6209,WEST,36.0956,-86.8744,POINT (-86.8744 36.0956)
20190410907,05/29/2019 06:13:00 PM,1,0,0,Y,N,151132,0,NOT COLLISION W/MOTOR VEHICLE-TRANSPORT,21,CLEAR,1,DAYLIGHT,40,MAIL BOX,OLD HICKORY BLVDW & HEAD DR,MADISON,TN,37115,1777,MADISO,36.2642,-86.7346,POINT (-86.7346 36.2642)
20190334672,05/01/2019 09:48:00 AM,2,0,0,,N,109534,11,Front to Rear,22,CLOUDY,1,DAYLIGHT,12,MOTOR VEHICLE IN TRANSPORT,MM 211 8 I 40,NASHVILLE,TN,37210,90022,HERMIT,36.149,-86.7465,POINT (-86.7465 36.149)
20190226598,03/23/2019 04:23:00 PM,2,0,0,,N,256505,4,ANGLE,21,CLEAR,1,DAYLIGHT,12,MOTOR VEHICLE IN TRANSPORT,MM 208 4 I 40,NASHVILLE,TN,37203,54024,NORTH,36.165,-86.7943,POINT (-86.7943 36.165)
20190060524,01/23/2019 07:58:00 PM,2,0,0,,Y,179606,11,Front to Rear,2,RAIN,3,DARK - LIGHTED,12,MOTOR VEHICLE IN TRANSPORT,MM 4 7 I 440,NASHVILLE,TN,37204,7014,MIDTOW,36.1157,-86.7771,POINT (-86.7771 36.1157)
20190447401,06/12/2019 05:02:00 PM,1,1,0,,N,714641,0,NOT COLLISION W/MOTOR VEHICLE-TRANSPORT,21,CLEAR,1,DAYLIGHT,15,OTHER TYPE NON-MOTORIST,4TH AVN & COMMERCE ST,NASHVILLE,TN,37201,4105,CENTRA,36.1624,-86.7781,POINT (-86.7781 36.1624)
20190451993,06/14/2019 06:21:00 AM,2,0,0,,N,716886,5,SIDESWIPE - SAME DIRECTION,21,CLEAR,1,DAYLIGHT,12,MOTOR VEHICLE IN TRANSPORT,OLD HICKORY BLVD & PETTUS RD,ANTIOCH,TN,37013,8767,SOUTH,36.0109,-86.6654,POINT (-86.6654 36.0109)
20190381540,05/18/2019 08:15:00 PM,2,0,0,,N,311338,5,SIDESWIPE - SAME DIRECTION,22,CLOUDY,3,DARK - LIGHTED,14,PARKED MOTOR VEHICLE,DELK AV & 26TH AVN,NASHVILLE,TN,37208,4465,NORTH,36.1784,-86.8199,POINT (-86.8199 36.1784)
20190054275,01/21/2019 03:30:00 PM,2,0,0,,N,179606,5,SIDESWIPE - SAME DIRECTION,21,CLEAR,1,DAYLIGHT,12,MOTOR VEHICLE IN TRANSPORT,I65 S ENT RAMP & I 65,NASHVILLE,TN,37207,3007,NORTH,36.2057,-86.778,POINT (-86.778 36.2057)
20190514944,07/09/2019 05:10:00 PM,2,0,0,,N,256448,4,ANGLE,21,CLEAR,1,DAYLIGHT,12,MOTOR VEHICLE IN TRANSPORT,DONELSON PKE & SHACKLETT DR,NASHVILLE,TN,37214,9411,HERMIT,36.1449,-86.6667,POINT (-86.6667 36.1449)
20190198019,03/13/2019 05:54:00 PM,2,0,0,,N,279124,11,Front to Rear,21,CLEAR,1,DAYLIGHT,12,MOTOR VEHICLE IN TRANSPORT,MM 55 4 I 24,NASHVILLE,TN,37211,8812,SOUTH,36.0901,-86.7031,POINT (-86.7031 36.0901)
20190310113,04/22/2019 05:18:00 PM,2,0,0,,N,299257,4,ANGLE,21,CLEAR,3,DARK - LIGHTED,12,MOTOR VEHICLE IN TRANSPORT,FRANKLIN PKE & CALDWELL LN,NASHVILLE,TN,37204,7011,MIDTOW,36.1059,-86.7728,POINT (-86.7728 36.1059)
20190066502,01/25/2019 05:36:00 PM,2,0,0,,N,206675,11,Front to Rear,21,CLEAR,3,DARK - LIGHTED,12,MOTOR VEHICLE IN TRANSPORT,I65 S ENT RAMP & I 65,NASHVILLE,TN,37207,3007,NORTH,36.2057,-86.778,POINT (-86.778 36.2057)
20190224033,03/22/2019 03:42:00 PM,2,0,0,,Y,693098,4,ANGLE,21,CLEAR,1,DAYLIGHT,12;34,MOTOR VEHICLE IN TRANSPORT;DITCH,ROBERTSON AV & JAMES AV,NASHVILLE,TN,37209,4683,WEST,36.1581,-86.877,POINT (-86.877 36.1581)
20190494983,07/01/2019 08:00:00 AM,2,1,0,,N,262757,4,ANGLE,21,CLEAR,1,DAYLIGHT,12,MOTOR VEHICLE IN TRANSPORT,LEBANON PKE & SHADY GROVE RD,NASHVILLE,TN,37214,9113,HERMIT,36.1699,-86.6736,POINT (-86.6736 36.1699)
20190323979,04/27/2019 01:50:00 AM,2,0,0,,N,279213,4,ANGLE,21,CLEAR,3,DARK - LIGHTED,12;14,MOTOR VEHICLE IN TRANSPORT;PARKED MOTOR VEHICLE,MYATT DR PVTDR & MYATT DR,MADISON,TN,37115,1731,MADISO,36.2952,-86.6971,POINT (-86.6971 36.2952)
20190495126,07/01/2019 09:00:00 AM,2,0,0,,N,306231,11,Front to Rear,21,CLEAR,1,DAYLIGHT,12,MOTOR VEHICLE IN TRANSPORT,MM 86 9 I 65,NASHVILLE,TN,37207,3002,NORTH,36.2009,-86.7768,POINT (-86.7768 36.2009)
20190467717,06/20/2019 09:10:00 AM,2,0,0,,N,223502,11,Front to Rear,22,CLOUDY,1,DAYLIGHT,12,MOTOR VEHICLE IN TRANSPORT,NOLENSVILLE PKE & MORTON AV,NASHVILLE,TN,37211,8405,SOUTH,36.1062,-86.7428,POINT (-86.7428 36.1062)
20190450557,06/13/2019 12:00:00 AM,2,0,0,,Y,267831,5,SIDESWIPE - SAME DIRECTION,21,CLEAR,1,DAYLIGHT,12;14,MOTOR VEHICLE IN TRANSPORT;PARKED MOTOR VEHICLE,41ST AVN & INDIANA AV,NASHVILLE,TN,37209,4533,WEST,36.157,-86.836,POINT (-86.836 36.157)
20190230815,03/25/2019 10:16:00 AM,2,0,0,,N,225773,11,Front to Rear,22,CLOUDY,1,DAYLIGHT,12,MOTOR VEHICLE IN TRANSPORT,8TH AVS & FRANKLIN PKE,NASHVILLE,TN,37204,6919,MIDTOW,36.1295,-86.7782,POINT (-86.7782 36.1295)
20190304167,04/20/2019 09:50:00 AM,2,0,0,,N,690942,4,ANGLE,2,RAIN,1,DAYLIGHT,12,MOTOR VEHICLE IN TRANSPORT,CHARLOTTE AV & GEORGE L DAVIS BLVD,NASHVILLE,TN,37203,4205,CENTRA,36.1612,-86.7927,POINT (-86.7927 36.1612)
20190272789,04/09/2019 12:26:00 PM,2,2,0,,N,191578,4,ANGLE,21,CLEAR,1,DAYLIGHT,55,Motor Vehicle-In-Motion Outside Trafficw,LEBANON PKE & JACKSON DOWNS BLVD,NASHVILLE,TN,37214,9403,HERMIT,36.1854,-86.6362,POINT (-86.6362 36.1854)
20190165607,03/01/2019 11:28:00 PM,2,0,0,,N,298871,4,ANGLE,21,CLEAR,3,DARK - LIGHTED,12,MOTOR VEHICLE IN TRANSPORT,17TH AVS & BROADWAY,NASHVILLE,TN,37203,5705,MIDTOW,36.1533,-86.794,POINT (-86.794 36.1533)
20190302026,04/19/2019 12:29:00 PM,2,1,0,,N,834798,5,SIDESWIPE - SAME DIRECTION,2,RAIN,1,DAYLIGHT,12,MOTOR VEHICLE IN TRANSPORT,THOMPSON LN & EUGENIA AV,NASHVILLE,TN,37204,8523,MIDTOW,36.1111,-86.7548,POINT (-86.7548 36.1111)
20190207440,03/17/2019 07:50:00 AM,1,1,0,,N,405391,0,NOT COLLISION W/MOTOR VEHICLE-TRANSPORT,21,CLEAR,1,DAYLIGHT,1,,MM 201 3 I 40,NASHVILLE,TN,37209,46027,WEST,36.1339,-86.8958,POINT (-86.8958 36.1339)
20190057050,01/22/2019 03:20:00 PM,2,0,0,,Y,240970,4,ANGLE,22,CLOUDY,1,DAYLIGHT,12,MOTOR VEHICLE IN TRANSPORT,HARDING PL & METROPLEX DR,NASHVILLE,TN,37211,8889,SOUTH,36.0868,-86.6959,POINT (-86.6959 36.0868)
20190386400,05/21/2019 12:11:00 AM,2,1,0,,N,468098,5,SIDESWIPE - SAME DIRECTION,21,CLEAR,3,DARK - LIGHTED,12,MOTOR VEHICLE IN TRANSPORT,MURFREESBORO PKE & BELL RD,ANTIOCH,TN,37013,8865,SOUTH,36.072,-86.636,POINT (-86.636 36.072)
20190317813,04/24/2019 10:30:00 PM,2,0,0,,N,727203,5,SIDESWIPE - SAME DIRECTION,21,CLEAR,3,DARK - LIGHTED,12,MOTOR VEHICLE IN TRANSPORT,INTERSTATE DR & JAMES ROBERTSON PKWY,NASHVILLE,TN,37213,1105,CENTRA,36.1714,-86.769,POINT (-86.769 36.1714)
20190163836,03/01/2019 09:55:00 AM,2,0,0,,N,226136,4,ANGLE,22,CLOUDY,1,DAYLIGHT,12,MOTOR VEHICLE IN TRANSPORT,MM 4 8 I 440,NASHVILLE,TN,37204,6930,MIDTOW,36.1159,-86.7752,POINT (-86.7752 36.1159)
20190362521,05/11/2019 12:00:00 AM,2,0,0,,N,299269,4,ANGLE,2,RAIN,3,DARK - LIGHTED,12,MOTOR VEHICLE IN TRANSPORT,CLARKSVILLE PKE & W HAMILTON AV,NASHVILLE,TN,37218,3103,NORTH,36.2072,-86.8399,POINT (-86.8399 36.2072)
20190320132,04/25/2019 05:57:00 PM,2,0,0,,N,151132,2,HEAD-ON,22,CLOUDY,1,DAYLIGHT,12,MOTOR VEHICLE IN TRANSPORT,GALLATIN PKES & MAPLE ST,MADISON,TN,37115,1607,MADISO,36.2617,-86.7124,POINT (-86.7124 36.2617)
20190556989,07/26/2019 06:15:00 AM,2,0,0,,N,332216,5,SIDESWIPE - SAME DIRECTION,22,CLOUDY,1,DAYLIGHT,14,PARKED MOTOR VEHICLE,LEA AV & 5TH AVS,NASHVILLE,TN,37203,4037,CENTRA,36.1544,-86.7737,POINT (-86.7737 36.1544)
20190299941,04/18/2019 06:00:00 PM,1,0,0,Y,Y,109545,0,NOT COLLISION W/MOTOR VEHICLE-TRANSPORT,21,CLEAR,1,DAYLIGHT,38,FENCE,0 VISCO DR,NASHVILLE,TN,37210,9009,HERMIT,36.1589,-86.7403,POINT (-86.7403 36.1589)
20190349606,05/07/2019 06:50:00 AM,2,0,0,,N,226136,4,ANGLE,22,CLOUDY,1,DAYLIGHT,12,MOTOR VEHICLE IN TRANSPORT,EDMONDSON PKE & SEVEN MILE CREEK GRNWY,NASHVILLE,TN,37211,8657,MIDTOW,36.0585,-86.7416,POINT (-86.7416 36.0585)
20190468035,06/20/2019 12:06:00 PM,2,1,0,,Y,716886,11,Front to Rear,21,CLEAR,1,DAYLIGHT,12,MOTOR VEHICLE IN TRANSPORT,ZELIDA AV & BELL RD,ANTIOCH,TN,37013,8865,SOUTH,36.0549,-86.6425,POINT (-86.6425 36.0549)
20190126419,02/15/2019 08:12:00 PM,2,0,0,,Y,256383,11,Front to Rear,2,RAIN,2,DARK - NOT LIGHTED,12,MOTOR VEHICLE IN TRANSPORT,EAST THOMPSON LN & DRUMMOND DR,NASHVILLE,TN,37211,8877,SOUTH,36.1144,-86.7198,POINT (-86.7198 36.1144)
20190366565,05/13/2019 05:27:00 PM,2,0,0,,N,311332,11,Front to Rear,21,CLEAR,1,DAYLIGHT,12,MOTOR VEHICLE IN TRANSPORT,I40 W EXT RAMP & I 40,NASHVILLE,TN,37203,4119,CENTRA,36.1574,-86.79,POINT (-86.79 36.1574)
20190423248,06/03/2019 03:50:00 PM,3,0,0,,N,320577,11,Front to Rear,21,CLEAR,1,DAYLIGHT,12,MOTOR VEHICLE IN TRANSPORT,HARDING PL & SHYS HILL RD,NASHVILLE,TN,37215,6401,MIDTOW,36.09,-86.8095,POINT (-86.8095 36.09)
20190440345,06/10/2019 05:55:00 AM,2,2,0,,N,468098,4,ANGLE,21,CLEAR,1,DAYLIGHT,12,MOTOR VEHICLE IN TRANSPORT,ANTIOCH PKE & CHEROKEE HILLS DR,ANTIOCH,TN,37013,8899,SOUTH,36.0796,-86.6848,POINT (-86.6848 36.0796)
20190135495,02/19/2019 11:45:00 AM,2,0,0,,Y,676834,11,Front to Rear,22,CLOUDY,1,DAYLIGHT,12,MOTOR VEHICLE IN TRANSPORT,BRILEY PKWYN & BRILEY PKWYS,NASHVILLE,TN,37211,8404,SOUTH,36.1092,-86.727,POINT (-86.727 36.1092)
20190088823,02/02/2019 12:00:00 AM,1,0,0,Y,Y,320586,0,NOT COLLISION W/MOTOR VEHICLE-TRANSPORT,99,UNKNOWN,9,UNKNOWN,38,FENCE,LAFAYETTE ST & FAIRFIELD AV,NASHVILLE,TN,37210,8133,SOUTH,36.1473,-86.7579,POINT (-86.7579 36.1473)
20190008753,01/04/2019 06:16:00 AM,2,0,0,,N,298871,4,ANGLE,2,RAIN,3,DARK - LIGHTED,12,MOTOR VEHICLE IN TRANSPORT,DIVISION ST & MUSIC SQW,NASHVILLE,TN,37203,6733,MIDTOW,36.152,-86.7929,POINT (-86.7929 36.152)
20190551661,07/24/2019 08:00:00 AM,2,0,0,,N,226622,4,ANGLE,21,CLEAR,1,DAYLIGHT,12,MOTOR VEHICLE IN TRANSPORT,MM 3 0 I 440,NASHVILLE,TN,37215,6424,MIDTOW,36.1201,-86.8026,POINT (-86.8026 36.1201)
20190581049,08/05/2019 08:43:00 AM,1,1,0,,Y,459522,0,NOT COLLISION W/MOTOR VEHICLE-TRANSPORT,21,CLEAR,1,DAYLIGHT,8,PEDESTRIAN,9TH AVN & CHURCH ST,NASHVILLE,TN,37203,4121,CENTRA,36.1613,-86.7845,POINT (-86.7845 36.1613)
20190012179,01/05/2019 04:04:00 PM,2,0,0,,N,206682,2,HEAD-ON,21,CLEAR,1,DAYLIGHT,12,MOTOR VEHICLE IN TRANSPORT,OLD TIME VILLAGE PVTDR & GALLATIN PKEN,MADISON,TN,37115,1763,MADISO,36.2644,-86.7118,POINT (-86.7118 36.2644)
20190321636,04/26/2019 05:55:00 AM,3,0,0,,N,320590,11,Front to Rear,22,CLOUDY,4,DAWN,12,MOTOR VEHICLE IN TRANSPORT,MM 87 0 I 65,NASHVILLE,TN,37207,18020,EAST,36.2018,-86.7766,POINT (-86.7766 36.2018)
20190043371,01/17/2019 07:42:00 AM,1,0,0,,N,179602,0,NOT COLLISION W/MOTOR VEHICLE-TRANSPORT,2,RAIN,4,DAWN,50,DEER (ANIMAL),ASHLAND CITY HWY & LIBBLE RD,NASHVILLE,TN,37218,3325,NORTH,36.2163,-86.9622,POINT (-86.9622 36.2163)
20190018329,01/08/2019 06:40:00 AM,2,1,0,,N,226098,5,SIDESWIPE - SAME DIRECTION,22,CLOUDY,1,DAYLIGHT,12,MOTOR VEHICLE IN TRANSPORT,MM 44 0 I 24,NASHVILLE,TN,37207,32240,NORTH,36.232,-86.7836,POINT (-86.7836 36.232)
20190436772,06/08/2019 02:20:00 PM,2,0,0,,N,320577,11,Front to Rear,21,CLEAR,1,DAYLIGHT,12,MOTOR VEHICLE IN TRANSPORT,BATTERY LN & GRANNY WHITE PKE,NASHVILLE,TN,37215,6313,MIDTOW,36.0894,-86.8029,POINT (-86.8029 36.0894)
20190211198,03/18/2019 06:03:00 PM,2,1,0,,Y,151132,11,Front to Rear,21,CLEAR,1,DAYLIGHT,12,MOTOR VEHICLE IN TRANSPORT,S GRAYCROFT AV & DUE WEST AVW,MADISON,TN,37115,1779,MADISO,36.2504,-86.7343,POINT (-86.7343 36.2504)
20190177259,03/06/2019 07:31:00 AM,2,0,0,,N,109527,11,Front to Rear,21,CLEAR,1,DAYLIGHT,12,MOTOR VEHICLE IN TRANSPORT,DODSON CHAPEL RD & ALTA LAKE GRNWY,HERMITAGE,TN,37076,9501,HERMIT,36.1641,-86.6143,POINT (-86.6143 36.1641)
20190551549,07/24/2019 06:50:00 AM,2,0,0,,N,332216,5,SIDESWIPE - SAME DIRECTION,21,CLEAR,1,DAYLIGHT,12,MOTOR VEHICLE IN TRANSPORT,CHURCH ST & 9TH AVN,NASHVILLE,TN,37203,4121,CENTRA,36.1613,-86.7845,POINT (-86.7845 36.1613)
20190118411,02/13/2019 05:33:00 AM,2,2,0,,N,191786,4,ANGLE,21,CLEAR,2,DARK - NOT LIGHTED,12,MOTOR VEHICLE IN TRANSPORT,ROSA L PARKS BLVD & GREAT CIRCLE RD,NASHVILLE,TN,37228,4443,NORTH,36.1937,-86.807,POINT (-86.807 36.1937)
20190189005,03/10/2019 03:56:00 PM,2,0,0,,N,256417,11,Front to Rear,21,CLEAR,1,DAYLIGHT,12,MOTOR VEHICLE IN TRANSPORT,LEBANON PKE & HICKORY HILL LN,HERMITAGE,TN,37076,9531,HERMIT,36.1889,-86.6283,POINT (-86.6283 36.1889)
20190482877,06/26/2019 11:52:00 AM,2,1,0,,N,665896,11,Front to Rear,21,CLEAR,1,DAYLIGHT,12,MOTOR VEHICLE IN TRANSPORT,DICKERSON PKE & RICHARDSON AV,NASHVILLE,TN,37207,1911,EAST,36.1916,-86.7727,POINT (-86.7727 36.1916)
20190388920,05/21/2019 06:37:00 PM,4,0,0,,N,352197,11,Front to Rear,21,CLEAR,1,DAYLIGHT,12,MOTOR VEHICLE IN TRANSPORT,MM 59 2 I 24,ANTIOCH,TN,37013,87061,SOUTH,36.0467,-86.6614,POINT (-86.6614 36.0467)
20190471701,06/21/2019 04:55:00 PM,3,0,0,,N,226827,11,Front to Rear,21,CLEAR,1,DAYLIGHT,12,MOTOR VEHICLE IN TRANSPORT,MM 40 8 I 24,WHITES CREEK,TN,37189,3226,NORTH,36.2733,-86.7966,POINT (-86.7966 36.2733)
20190487848,06/28/2019 05:32:00 AM,2,0,0,,N,110094,4,ANGLE,21,CLEAR,1,DAYLIGHT,12,MOTOR VEHICLE IN TRANSPORT,4TH AVN & CHARLOTTE AV,NASHVILLE,TN,37201,4161,CENTRA,36.1664,-86.7807,POINT (-86.7807 36.1664)
20190071125,01/27/2019 06:50:00 PM,2,0,0,,N,279208,5,SIDESWIPE - SAME DIRECTION,21,CLEAR,7,Dark-Unknown Lighting,12,MOTOR VEHICLE IN TRANSPORT,21ST AVS & SCARRITT PL,NASHVILLE,TN,37212,6709,MIDTOW,36.1464,-86.7995,POINT (-86.7995 36.1464)
20190073091,01/28/2019 11:20:00 AM,2,0,0,,Y,320601,4,ANGLE,22,CLOUDY,1,DAYLIGHT,12,MOTOR VEHICLE IN TRANSPORT,MM 62 1 I 24,ANTIOCH,TN,37013,8806,SOUTH,36.0195,-86.626,POINT (-86.626 36.0195)
20190141013,02/21/2019 06:52:00 AM,2,1,0,,N,226136,11,Front to Rear,22,CLOUDY,1,DAYLIGHT,12,MOTOR VEHICLE IN TRANSPORT,MM 78 0 I 65,NASHVILLE,TN,37204,8502,MIDTOW,36.0856,-86.7632,POINT (-86.7632 36.0856)
20190275217,04/10/2019 08:00:00 AM,2,0,0,,N,226600,4,ANGLE,21,CLEAR,1,DAYLIGHT,12,MOTOR VEHICLE IN TRANSPORT,WHITE BRIDGE PKE & KNOB RD,NASHVILLE,TN,37209,5105,WEST,36.1384,-86.8576,POINT (-86.8576 36.1384)
20190073371,01/28/2019 01:59:00 PM,3,3,0,,N,226136,11,Front to Rear,22,CLOUDY,1,DAYLIGHT,12,MOTOR VEHICLE IN TRANSPORT,WOODMONT BLVD & BELMONT BLVD,NASHVILLE,TN,37215,6415,MIDTOW,36.113,-86.7998,POINT (-86.7998 36.113)
20190098690,02/06/2019 01:30:00 AM,2,0,0,,N,212336,11,Front to Rear,21,CLEAR,3,DARK - LIGHTED,12,MOTOR VEHICLE IN TRANSPORT,MM 89 8 I 65,NASHVILLE,TN,37207,2002,MADISO,36.237,-86.7602,POINT (-86.7602 36.237)