Accident Number,Date and Time,Number of Motor Vehicles,Number of Injuries,Number of Fatalities,Property Damage,Hit and Run,Reporting Officer,Collision Type Code,Collision Type Description,Weather Code,Weather Description,Illumination Code,Illumination Description,Harmful Code,Harmful Code Description,Street Address,City,State,ZIP,RPA,Precinct,Latitude,Longitude,Mapped Location
20190085795,02/01/2019 07:22:00 AM,2,0,0,,Y,226622,5,SIDESWIPE - SAME DIRECTION,2,RAIN,1,DAYLIGHT,12,MOTOR VEHICLE IN TRANSPORT,WHITE BRIDGE PKE & CHARLOTTE PKE,NASHVILLE,TN,37209,5033,WEST,36.1494,-86.8579,POINT (-86.8579 36.1494)
20190562308,07/28/2019 04:38:00 PM,2,1,0,,N,633391,4,ANGLE,21,CLEAR,1,DAYLIGHT,12,MOTOR VEHICLE IN TRANSPORT,DELAWARE AV & 51ST AVN,NASHVILLE,TN,37209,4543,WEST,36.1543,-86.8483,POINT (-86.8483 36.1543)
20190148674,02/23/2019 11:14:00 PM,2,0,0,,N,320584,5,SIDESWIPE - SAME DIRECTION,2,RAIN,3,DARK - LIGHTED,12,MOTOR VEHICLE IN TRANSPORT,MM 52 1 I 24,NASHVILLE,TN,37217,8816,SOUTH,36.1343,-86.7267,POINT (-86.7267 36.1343)
20190208026,03/17/2019 02:00:00 PM,2,0,0,,N,311344,11,Front to Rear,21,CLEAR,1,DAYLIGHT,12,MOTOR VEHICLE IN TRANSPORT,GALLATIN PKES & MOVING CENTER CT,MADISON,TN,37115,1507,MADISO,36.2509,-86.7184,POINT (-86.7184 36.2509)
20190259444,04/04/2019 08:57:00 AM,2,0,0,,N,320586,5,SIDESWIPE - SAME DIRECTION,21,CLEAR,1,DAYLIGHT,12,MOTOR VEHICLE IN TRANSPORT,MM 56 6 I 24,NASHVILLE,TN,37211,8810,SOUTH,36.0742,-86.6927,POINT (-86.6927 36.0742)
20190466244,06/19/2019 09:27:00 PM,1,0,0,Y,N,256383,0,NOT COLLISION W/MOTOR VEHICLE-TRANSPORT,2,RAIN,2,DARK - NOT LIGHTED,25;64,GUARDRAIL END;Ran Off Road-Left,I24 E ENT RAMP & I 440,NASHVILLE,TN,37210,83043,SOUTH,36.1254,-86.7296,POINT (-86.7296 36.1254)
20190564020,07/29/2019 10:36:00 AM,2,0,0,,N,109534,11,Front to Rear,21,CLEAR,1,DAYLIGHT,12,MOTOR VEHICLE IN TRANSPORT,OLD HICKORY BLVD & ANDREW JACKSON PKWY,HERMITAGE,TN,37076,9561,HERMIT,36.1836,-86.6107,POINT (-86.6107 36.1836)
20190428775,06/05/2019 01:40:00 PM,1,0,0,,N,212347,0,NOT COLLISION W/MOTOR VEHICLE-TRANSPORT,21,CLEAR,1,DAYLIGHT,1;63;7,Ran Off Road-Right,MM 203 8 I 40,NASHVILLE,TN,37209,4602,WEST,36.1517,-86.8607,POINT (-86.8607 36.1517)
20190264555,04/06/2019 03:43:00 AM,2,4,0,,N,110062,11,Front to Rear,21,CLEAR,3,DARK - LIGHTED,12,MOTOR VEHICLE IN TRANSPORT,GEORGE L DAVIS BLVD & I40 W EXT RAMP,NASHVILLE,TN,37203,4119,CENTRA,36.1582,-86.7904,POINT (-86.7904 36.1582)
20190167136,03/02/2019 02:52:00 PM,2,0,0,,N,209184,11,Front to Rear,21,CLEAR,1,DAYLIGHT,12,MOTOR VEHICLE IN TRANSPORT,MURFREESBORO PKE & HAMILTON CHURCH RD,ANTIOCH,TN,37013,8865,SOUTH,36.0649,-86.6286,POINT (-86.6286 36.0649)
20190350968,05/07/2019 03:51:00 PM,2,1,0,,N,151132,11,Front to Rear,21,CLEAR,1,DAYLIGHT,12,MOTOR VEHICLE IN TRANSPORT,E OLD HICKORY BLVD & 3RD AV,MADISON,TN,37115,1607,MADISO,36.2625,-86.709,POINT (-86.709 36.2625)
20190362576,05/11/2019 11:16:00 PM,2,4,0,,N,212321,2,HEAD-ON,22,CLOUDY,3,DARK - LIGHTED,12,MOTOR VEHICLE IN TRANSPORT,0000 MT VIEW RD,ANTIOCH,TN,37013,8865,SOUTH,36.044,-86.6297,POINT (-86.6297 36.044)
20190466048,06/19/2019 08:02:00 PM,1,0,0,,N,607047,0,NOT COLLISION W/MOTOR VEHICLE-TRANSPORT,2,RAIN,3,DARK - LIGHTED,24,GUARDRAIL FACE,MM 205 5 I 40,NASHVILLE,TN,37209,52040,WEST,36.1549,-86.8305,POINT (-86.8305 36.1549)
20190254759,04/02/2019 07:29:00 PM,1,1,0,Y,N,298874,0,NOT COLLISION W/MOTOR VEHICLE-TRANSPORT,21,CLEAR,3,DARK - LIGHTED,27;30,H-WAY TRAFFIC SIGNAL POST;UTILITY POLE,ELLINGTON PKWYN & ELLINGTON PKWY N ENT R,NASHVILLE,TN,37216,1821,EAST,36.2069,-86.7496,POINT (-86.7496 36.2069)
20190375836,05/16/2019 05:43:00 PM,3,1,0,,N,429193,11,Front to Rear,21,CLEAR,1,DAYLIGHT,12,MOTOR VEHICLE IN TRANSPORT,HIGHWAY 70S & CHARLOTTE PKE,NASHVILLE,TN,37221,4709,WEST,36.0917,-86.9812,POINT (-86.9812 36.0917)
20180312134,04/23/2019 08:20:00 AM,1,1,0,,N,676834,0,NOT COLLISION W/MOTOR VEHICLE-TRANSPORT,21,CLEAR,1,DAYLIGHT,41,SHRUBBERY,CLARKSVILLE PKE & FAIRMEADE DR,NASHVILLE,TN,37218,3109,NORTH,36.2243,-86.8381,POINT (-86.8381 36.2243)
20190004547,01/02/2019 06:16:00 PM,3,2,0,,N,240955,11,Front to Rear,2,RAIN,3,DARK - LIGHTED,12,MOTOR VEHICLE IN TRANSPORT,HAMILTON CHURCH RD & MURFREESBORO PKE,ANTIOCH,TN,37013,8865,SOUTH,36.0645,-86.6288,POINT (-86.6288 36.0645)
20190203966,03/15/2019 06:15:00 PM,2,0,0,,Y,299253,5,SIDESWIPE - SAME DIRECTION,21,CLEAR,5,DUSK,12,MOTOR VEHICLE IN TRANSPORT,BRILEY PKWYE & BRILEY PKWYW,NASHVILLE,TN,37207,20120,MADISO,36.2396,-86.7751,POINT (-86.7751 36.2396)
20190464343,06/19/2019 07:07:00 AM,2,0,0,,N,109534,11,Front to Rear,22,CLOUDY,1,DAYLIGHT,12,MOTOR VEHICLE IN TRANSPORT,KNAPP BLVD & DONELSON PKE,NASHVILLE,TN,37217,8951,HERMIT,36.1097,-86.6715,POINT (-86.6715 36.1097)
20190248222,03/31/2019 10:56:00 AM,2,0,0,,Y,311331,6,SIDESWIPE - OPPOSITE DIRECTION,21,CLEAR,1,DAYLIGHT,12;14,MOTOR VEHICLE IN TRANSPORT;PARKED MOTOR VEHICLE,MAPLEWOOD TRC & HILLSIDE RD,NASHVILLE,TN,37207,1845,EAST,36.2324,-86.7537,POINT (-86.7537 36.2324)
20190214002,03/19/2019 03:02:00 PM,2,1,0,,N,320599,4,ANGLE,21,CLEAR,1,DAYLIGHT,12,MOTOR VEHICLE IN TRANSPORT,OLD MURFREESBORO PKE & FAIRCLOTH LN,NASHVILLE,TN,37217,8947,HERMIT,36.1036,-86.6665,POINT (-86.6665 36.1036)
20190486625,06/27/2019 06:01:00 PM,2,0,0,,N,197054,11,Front to Rear,22,CLOUDY,1,DAYLIGHT,12,MOTOR VEHICLE IN TRANSPORT,I40 E ENT RAMP & I 40,NASHVILLE,TN,37205,4903,WEST,36.1109,-86.922,POINT (-86.922 36.1109)
20190353521,05/08/2019 12:10:00 PM,2,0,0,,N,420059,11,Front to Rear,21,CLEAR,1,DAYLIGHT,12,MOTOR VEHICLE IN TRANSPORT,HARDING PL & TROUSDALE DR,NASHVILLE,TN,37220,8601,MIDTOW,36.0811,-86.7584,POINT (-86.7584 36.0811)
20190495050,07/01/2019 12:00:00 AM,2,0,0,,Y,755026,9,UNKNOWN,21,CLEAR,3,DARK - LIGHTED,14,PARKED MOTOR VEHICLE,I24 W EXT RAMP & I 24,NASHVILLE,TN,37211,8829,SOUTH,36.1074,-86.7197,POINT (-86.7197 36.1074)
20190167411,03/02/2019 07:14:00 PM,2,0,0,,N,212331,11,Front to Rear,21,CLEAR,1,DAYLIGHT,12,MOTOR VEHICLE IN TRANSPORT,NEELYS BEND RD & FLORENCE CIR,MADISON,TN,37115,1629,MADISO,36.2524,-86.6945,POINT (-86.6945 36.2524)
20190066346,01/25/2019 04:02:00 PM,2,0,0,,N,256499,4,ANGLE,21,CLEAR,1,DAYLIGHT,12,MOTOR VEHICLE IN TRANSPORT,17TH AVS & MCGAVOCK ST,NASHVILLE,TN,37203,5703,MIDTOW,36.1527,-86.7935,POINT (-86.7935 36.1527)
20190034334,01/14/2019 07:45:00 AM,2,0,0,,Y,226622,4,ANGLE,22,CLOUDY,1,DAYLIGHT,12,MOTOR VEHICLE IN TRANSPORT,ILLINOIS AV & 47TH AVN,NASHVILLE,TN,37209,4575,WEST,36.1578,-86.8433,POINT (-86.8433 36.1578)
20190477824,06/24/2019 05:08:00 PM,3,0,0,,Y,309262,11,Front to Rear,21,CLEAR,1,DAYLIGHT,12,MOTOR VEHICLE IN TRANSPORT,MYATT DR & MYATT CENTER LN,MADISON,TN,37115,1715,MADISO,36.2468,-86.6694,POINT (-86.6694 36.2468)
20190577278,08/03/2019 01:53:00 PM,4,2,0,,N,462474,11,Front to Rear,21,CLEAR,1,DAYLIGHT,12,MOTOR VEHICLE IN TRANSPORT,NOLENSVILLE PKE & WELSHWOOD DR,NASHVILLE,TN,37211,8445,SOUTH,36.0824,-86.7272,POINT (-86.7272 36.0824)
20190537162,07/18/2019 12:21:00 PM,2,1,0,,N,665896,11,Front to Rear,22,CLOUDY,1,DAYLIGHT,12,MOTOR VEHICLE IN TRANSPORT,CAHAL AV & NORTHVIEW AV,NASHVILLE,TN,37206,1333,EAST,36.1961,-86.7361,POINT (-86.7361 36.1961)
20190579489,08/04/2019 02:10:00 PM,1,1,0,,N,337276,0,NOT COLLISION W/MOTOR VEHICLE-TRANSPORT,2,RAIN,1,DAYLIGHT,39,WALL,MM 89 0 I 65,NASHVILLE,TN,37207,20020,MADISO,36.2309,-86.7709,POINT (-86.7709 36.2309)
20190125874,02/15/2019 03:22:00 PM,2,0,0,,N,279208,11,Front to Rear,2,RAIN,1,DAYLIGHT,12,MOTOR VEHICLE IN TRANSPORT,MM 209 1 I 40,NASHVILLE,TN,37203,4002,CENTRA,36.1558,-86.7892,POINT (-86.7892 36.1558)
20190288412,04/15/2019 09:15:00 AM,2,0,0,,N,665896,4,ANGLE,21,CLEAR,1,DAYLIGHT,12,MOTOR VEHICLE IN TRANSPORT,PETWAY AV & GALLATIN AV,NASHVILLE,TN,37206,1319,EAST,36.1866,-86.7471,POINT (-86.7471 36.1866)
20190486904,06/27/2019 08:20:00 PM,2,0,0,,N,330443,5,SIDESWIPE - SAME DIRECTION,2,RAIN,3,DARK - LIGHTED,12,MOTOR VEHICLE IN TRANSPORT,E MARTHONA RD & VANTREASE RD,MADISON,TN,37115,1749,MADISO,36.2575,-86.7281,POINT (-86.7281 36.2575)
20190055783,01/22/2019 06:56:00 AM,2,0,0,,N,405447,11,Front to Rear,21,CLEAR,1,DAYLIGHT,12,MOTOR VEHICLE IN TRANSPORT,NOLENSVILLE PKE & BRENTWOOD EAST DR,NASHVILLE,TN,37211,8651,MIDTOW,36.0442,-86.7131,POINT (-86.7131 36.0442)
20190346107,05/06/2019 03:26:00 AM,1,0,0,,Y,415780,0,NOT COLLISION W/MOTOR VEHICLE-TRANSPORT,21,CLEAR,3,DARK - LIGHTED,20,IMPACT ATTENUATOR,NORTHCREST DR & NOLENSVILLE PKE,NASHVILLE,TN,37211,8711,SOUTH,36.0667,-86.7179,POINT (-86.7179 36.0667)
20190128015,02/16/2019 12:00:00 AM,2,0,0,,Y,298874,9,UNKNOWN,22,CLOUDY,1,DAYLIGHT,12,MOTOR VEHICLE IN TRANSPORT,OTAY ST & SCOTT AV,NASHVILLE,TN,37216,1431,EAST,36.199,-86.7331,POINT (-86.7331 36.199)
20190080063,01/30/2019 12:48:00 PM,2,0,0,,N,716886,5,SIDESWIPE - SAME DIRECTION,21,CLEAR,1,DAYLIGHT,12,MOTOR VEHICLE IN TRANSPORT,BELL RD & HICKORY HOLLOW PKWY,ANTIOCH,TN,37013,8871,SOUTH,36.0779,-86.6875,POINT (-86.6875 36.0779)
20190087336,02/01/2019 12:00:00 AM,2,0,0,,N,298877,11,Front to Rear,21,CLEAR,1,DAYLIGHT,12,MOTOR VEHICLE IN TRANSPORT,MM 54 1 I 24,NASHVILLE,TN,37211,84020,SOUTH,36.1045,-86.7166,POINT (-86.7166 36.1045)
20190133151,02/18/2019 05:23:00 PM,2,0,0,,N,909486,11,Front to Rear,21,CLEAR,3,DARK - LIGHTED,12,MOTOR VEHICLE IN TRANSPORT,FRANKLIN PKE & OLD HICKORY BLVD,NASHVILLE,TN,37220,7111,MIDTOW,36.0377,-86.7865,POINT (-86.7865 36.0377)
20190090022,02/02/2019 09:40:00 PM,1,0,0,Y,N,256384,0,NOT COLLISION W/MOTOR VEHICLE-TRANSPORT,21,CLEAR,2,DARK - NOT LIGHTED,32,CULVERT,GLENGARRY DR & MCDONALD DR,NASHVILLE,TN,37217,8879,SOUTH,36.115,-86.7096,POINT (-86.7096 36.115)
20190285478,04/14/2019 02:50:00 AM,3,1,0,,N,352156,5,SIDESWIPE - SAME DIRECTION,2,RAIN,3,DARK - LIGHTED,12,MOTOR VEHICLE IN TRANSPORT,MM 57 8 I 24,ANTIOCH,TN,37013,87060,SOUTH,36.06,-86.6798,POINT (-86.6798 36.06)
20190350908,05/07/2019 03:23:00 PM,2,0,0,,N,134899,11,Front to Rear,21,CLEAR,1,DAYLIGHT,12,MOTOR VEHICLE IN TRANSPORT,BELL RD & TRAILS CIR,NASHVILLE,TN,37214,8995,HERMIT,36.1473,-86.6259,POINT (-86.6259 36.1473)
20190479803,06/25/2019 10:11:00 AM,2,0,0,,N,594473,5,SIDESWIPE - SAME DIRECTION,21,CLEAR,1,DAYLIGHT,12,MOTOR VEHICLE IN TRANSPORT,17TH AVN & CHARLOTTE AV,NASHVILLE,TN,37203,5503,MIDTOW,36.1588,-86.7982,POINT (-86.7982 36.1588)
20190086229,02/01/2019 10:00:00 AM,2,0,0,,Y,311339,4,ANGLE,22,CLOUDY,1,DAYLIGHT,14,PARKED MOTOR VEHICLE,LAFAYETTE ST & LEA AV,NASHVILLE,TN,37203,4025,CENTRA,36.1535,-86.7762,POINT (-86.7762 36.1535)
20190126169,02/15/2019 05:47:00 PM,2,2,0,,N,279225,11,Front to Rear,2,RAIN,3,DARK - LIGHTED,12,MOTOR VEHICLE IN TRANSPORT,OLD MURFREESBORO PKE & SMITH SPRINGS RD,NASHVILLE,TN,37217,8947,HERMIT,36.0975,-86.6552,POINT (-86.6552 36.0975)
20190578120,08/03/2019 08:58:00 PM,2,0,0,,N,299266,4,ANGLE,2,RAIN,2,DARK - NOT LIGHTED,12,MOTOR VEHICLE IN TRANSPORT,HAYWOOD LN & KEELEY DR,NASHVILLE,TN,37211,8709,SOUTH,36.0698,-86.6959,POINT (-86.6959 36.0698)
20190306920,04/21/2019 02:09:00 PM,2,0,0,,Y,433550,9,UNKNOWN,21,CLEAR,1,DAYLIGHT,12,MOTOR VEHICLE IN TRANSPORT,WYNTERGRACE FARM RD & AUTUMN SPRINGS LN,HERMITAGE,TN,37076,9727,HERMIT,36.2268,-86.5961,POINT (-86.5961 36.2268)
20190399704,05/25/2019 04:54:00 AM,2,0,0,,Y,769379,11,Front to Rear,21,CLEAR,2,DARK - NOT LIGHTED,14,PARKED MOTOR VEHICLE,METROPLEX DR & HARDING PL,NASHVILLE,TN,37211,8845,SOUTH,36.0873,-86.6959,POINT (-86.6959 36.0873)
20190056213,01/22/2019 10:15:00 AM,2,1,0,,N,716886,11,Front to Rear,21,CLEAR,1,DAYLIGHT,12,MOTOR VEHICLE IN TRANSPORT,I24 W EXT RAMP & I 24,NASHVILLE,TN,37211,8829,SOUTH,36.1074,-86.7197,POINT (-86.7197 36.1074)
20190269438,04/08/2019 08:17:00 AM,2,0,0,,N,109495,11,Front to Rear,2,RAIN,1,DAYLIGHT,12,MOTOR VEHICLE IN TRANSPORT,BLAKEMORE AV & 26TH AVS,NASHVILLE,TN,37212,5821,MIDTOW,36.1384,-86.8086,POINT (-86.8086 36.1384)
20190349688,05/07/2019 07:27:00 AM,2,0,0,,N,279113,98,OTHER,21,CLEAR,1,DAYLIGHT,12,MOTOR VEHICLE IN TRANSPORT,I24 W EXT RAMP & SPENCE LN,NASHVILLE,TN,37217,8801,SOUTH,36.1358,-86.725,POINT (-86.725 36.1358)
20190093979,02/04/2019 02:48:00 PM,2,0,0,,N,134899,11,Front to Rear,21,CLEAR,1,DAYLIGHT,12,MOTOR VEHICLE IN TRANSPORT,BRILEY PKWYN & I40 E ENT RAMP,NASHVILLE,TN,37217,8998,HERMIT,36.1392,-86.7002,POINT (-86.7002 36.1392)
20190423165,06/03/2019 03:07:00 PM,2,0,0,,N,240955,11,Front to Rear,21,CLEAR,1,DAYLIGHT,12,MOTOR VEHICLE IN TRANSPORT,PIN HOOK RD & CLOUDFALLS TRC,ANTIOCH,TN,37013,8905,SOUTH,36.0479,-86.5923,POINT (-86.5923 36.0479)
20190569812,07/31/2019 04:00:00 PM,2,0,0,,N,311337,4,ANGLE,21,CLEAR,1,DAYLIGHT,12,MOTOR VEHICLE IN TRANSPORT,MURFREESBORO PKE & BELL RD,ANTIOCH,TN,37013,8861,SOUTH,36.072,-86.636,POINT (-86.636 36.072)
20190022792,01/09/2019 06:00:00 PM,2,0,0,,N,212344,11,Front to Rear,21,CLEAR,3,DARK - LIGHTED,12,MOTOR VEHICLE IN TRANSPORT,SHELBY AV & S 6TH ST,NASHVILLE,TN,37206,1043,EAST,36.1664,-86.8056,POINT (-86.8056 36.1664)
20190517020,07/10/2019 11:30:00 AM,3,0,0,,Y,676834,11,Front to Rear,21,CLEAR,1,DAYLIGHT,12,MOTOR VEHICLE IN TRANSPORT,CHARLOTTE AV & 14TH AVN,NASHVILLE,TN,37203,5425,NORTH,36.1605,-86.7942,POINT (-86.7942 36.1605)
20190426801,06/04/2019 06:40:00 PM,2,0,0,,N,298874,5,SIDESWIPE - SAME DIRECTION,21,CLEAR,1,DAYLIGHT,12,MOTOR VEHICLE IN TRANSPORT,SHELBY AV & S 4TH ST,NASHVILLE,TN,37206,1009,EAST,36.167,-86.7637,POINT (-86.7637 36.167)
20190161793,02/28/2019 02:37:00 PM,2,0,0,,N,151132,5,SIDESWIPE - SAME DIRECTION,22,CLOUDY,1,DAYLIGHT,12,MOTOR VEHICLE IN TRANSPORT,MM 92 4 I 65,MADISON,TN,37115,1704,MADISO,36.2667,-86.7371,POINT (-86.7371 36.2667)
20190059653,01/23/2019 01:13:00 PM,2,2,0,,N,166478,11,Front to Rear,2,RAIN,1,DAYLIGHT,12,MOTOR VEHICLE IN TRANSPORT,I40 E EXT RAMP & I 40,NASHVILLE,TN,37214,8955,HERMIT,36.155,-86.6271,POINT (-86.6271 36.155)
20190385410,05/20/2019 02:50:00 PM,2,0,0,,N,579971,11,Front to Rear,21,CLEAR,1,DAYLIGHT,12,MOTOR VEHICLE IN TRANSPORT,I24 E EXT RAMP & I 24,NASHVILLE,TN,37207,30080,NORTH,36.2378,-86.7872,POINT (-86.7872 36.2378)
20190260306,04/04/2019 03:16:00 PM,2,0,0,,N,267831,11,Front to Rear,22,CLOUDY,1,DAYLIGHT,12,MOTOR VEHICLE IN TRANSPORT,CHARLOTTE AV & 36TH AVN,NASHVILLE,TN,37209,5241,WEST,36.1527,-86.8278,POINT (-86.8278 36.1527)
20190269538,04/08/2019 08:39:00 AM,2,0,0,,N,591936,11,Front to Rear,2,RAIN,1,DAYLIGHT,12,MOTOR VEHICLE IN TRANSPORT,WOODMONT BLVD & HILLSBORO PKE,NASHVILLE,TN,37215,6105,WEST,36.114,-86.8109,POINT (-86.8109 36.114)
20190352641,05/08/2019 06:00:00 AM,2,0,0,,N,109522,5,SIDESWIPE - SAME DIRECTION,21,CLEAR,1,DAYLIGHT,12,MOTOR VEHICLE IN TRANSPORT,MM 202 4 I 40,NASHVILLE,TN,37209,50022,WEST,36.1439,-86.882,POINT (-86.882 36.1439)
20190444683,06/11/2019 06:41:00 PM,2,0,0,,N,256424,4,ANGLE,21,CLEAR,1,DAYLIGHT,12,MOTOR VEHICLE IN TRANSPORT,I40 E ENT RAMP & I 40,NASHVILLE,TN,37205,4903,WEST,36.1109,-86.922,POINT (-86.922 36.1109)
20190076188,01/29/2019 10:05:00 AM,2,0,0,,N,222047,4,ANGLE,21,CLEAR,1,DAYLIGHT,12,MOTOR VEHICLE IN TRANSPORT,MURFREESBORO PKE & NASHBORO BLVD,ANTIOCH,TN,37013,8891,SOUTH,36.0869,-86.6487,POINT (-86.6487 36.0869)
20190194074,03/12/2019 12:00:00 PM,2,0,0,,Y,226622,9,UNKNOWN,21,CLEAR,1,DAYLIGHT,12,MOTOR VEHICLE IN TRANSPORT,IVY ST & CROLEY DR,NASHVILLE,TN,37209,4685,WEST,36.1542,-86.874,POINT (-86.874 36.1542)
20190065531,01/25/2019 11:48:00 AM,2,0,0,,N,191578,4,ANGLE,21,CLEAR,1,DAYLIGHT,12,MOTOR VEHICLE IN TRANSPORT,ELM HILL PKE & NELSON PL,NASHVILLE,TN,37214,9105,HERMIT,36.1493,-86.6678,POINT (-86.6678 36.1493)
20190547912,07/22/2019 10:30:00 PM,2,1,0,,N,633391,5,SIDESWIPE - SAME DIRECTION,2,RAIN,2,DARK - NOT LIGHTED,12,MOTOR VEHICLE IN TRANSPORT,MM 198 3 I 40,NASHVILLE,TN,37221,4706,WEST,36.1016,-86.9343,POINT (-86.9343 36.1016)
20190110904,02/10/2019 07:30:00 PM,3,2,0,,N,256499,11,Front to Rear,2,RAIN,3,DARK - LIGHTED,12,MOTOR VEHICLE IN TRANSPORT,16TH AVS & BROADWAY,NASHVILLE,TN,37203,5701,MIDTOW,36.1543,-86.7929,POINT (-86.7929 36.1543)
20190444082,06/11/2019 01:34:00 PM,2,0,0,,N,462474,11,Front to Rear,22,CLOUDY,1,DAYLIGHT,12,MOTOR VEHICLE IN TRANSPORT,MM 209 3 I 40,NASHVILLE,TN,37203,40041,CENTRA,36.1537,-86.7878,POINT (-86.7878 36.1537)
20190128792,02/16/2019 09:49:00 PM,2,0,0,,N,134867,11,Front to Rear,21,CLEAR,3,DARK - LIGHTED,12,MOTOR VEHICLE IN TRANSPORT,9TH AVN & CHURCH ST,NASHVILLE,TN,37203,4121,CENTRA,36.1613,-86.7845,POINT (-86.7845 36.1613)
20190335551,05/01/2019 04:40:00 PM,2,0,0,,N,352153,4,ANGLE,21,CLEAR,1,DAYLIGHT,12,MOTOR VEHICLE IN TRANSPORT,MADISON BLVD & GALLATIN PKES,MADISON,TN,37115,1625,MADISO,36.255,-86.7152,POINT (-86.7152 36.255)
20190089873,02/02/2019 05:17:00 PM,2,0,0,,Y,256383,11,Front to Rear,21,CLEAR,2,DARK - NOT LIGHTED,12,MOTOR VEHICLE IN TRANSPORT,MM 59 9 I 24,ANTIOCH,TN,37013,8704,SOUTH,36.041,-86.6518,POINT (-86.6518 36.041)
20190356253,05/09/2019 11:30:00 AM,2,0,0,,N,222047,11,Front to Rear,2,RAIN,1,DAYLIGHT,12,MOTOR VEHICLE IN TRANSPORT,OLD HICKORY BLVD & I40 E EXT RAMP,HERMITAGE,TN,37076,9561,HERMIT,36.178,-86.6051,POINT (-86.6051 36.178)
20190241320,03/28/2019 05:16:00 PM,2,0,0,,N,256383,11,Front to Rear,21,CLEAR,1,DAYLIGHT,12,MOTOR VEHICLE IN TRANSPORT,MM 57 8 I 24,ANTIOCH,TN,37013,87060,SOUTH,36.06,-86.6798,POINT (-86.6798 36.06)
20190159559,02/27/2019 07:05:00 PM,2,0,0,,N,109536,5,SIDESWIPE - SAME DIRECTION,21,CLEAR,3,DARK - LIGHTED,12,MOTOR VEHICLE IN TRANSPORT,BRILEY PKWYE & I24 W EXT RAMP,NASHVILLE,TN,37207,2003,MADISO,36.2381,-86.783,POINT (-86.783 36.2381)
20190151662,02/25/2019 07:18:00 AM,2,0,0,,N,212325,11,Front to Rear,21,CLEAR,1,DAYLIGHT,12,MOTOR VEHICLE IN TRANSPORT,STATE RT 45 & RIO VISTA DR,MADISON,TN,37115,1705,MADISO,36.2628,-86.681,POINT (-86.681 36.2628)
20190521524,07/12/2019 05:16:00 AM,2,0,0,,Y,468098,11,Front to Rear,21,CLEAR,4,DAWN,12,MOTOR VEHICLE IN TRANSPORT,MURFREESBORO PKE & DONELSON PKE,NASHVILLE,TN,37217,8841,SOUTH,36.1062,-86.6731,POINT (-86.6731 36.1062)
20190063539,01/24/2019 06:30:00 PM,2,0,0,,N,330411,11,Front to Rear,21,CLEAR,3,DARK - LIGHTED,12,MOTOR VEHICLE IN TRANSPORT,LEBANON PKE & BRILEY PKWY N ENT RAMP,NASHVILLE,TN,37214,9121,HERMIT,36.1685,-86.6872,POINT (-86.6872 36.1685)
20190502452,07/03/2019 07:35:00 PM,2,0,0,,N,299267,4,ANGLE,21,CLEAR,1,DAYLIGHT,12,MOTOR VEHICLE IN TRANSPORT,ROSEDALE AV & NOLENSVILLE PKE,NASHVILLE,TN,37211,8043,MIDTOW,36.125,-86.7522,POINT (-86.7522 36.125)
20190431695,06/06/2019 01:50:00 PM,2,0,0,,N,429188,11,Front to Rear,22,CLOUDY,1,DAYLIGHT,12,MOTOR VEHICLE IN TRANSPORT,BLUE HOLE RD & BELL RD,ANTIOCH,TN,37013,8719,SOUTH,36.0458,-86.6744,POINT (-86.6744 36.0458)
20190051102,01/20/2019 08:15:00 AM,1,0,0,Y,N,375570,0,NOT COLLISION W/MOTOR VEHICLE-TRANSPORT,4,SNOW,1,DAYLIGHT,38,FENCE,MYATT DR & MYATT CENTER LN,MADISON,TN,37115,1715,MADISO,36.2468,-86.6694,POINT (-86.6694 36.2468)
20190273249,04/09/2019 02:50:00 PM,2,1,0,,N,134871,4,ANGLE,21,CLEAR,1,DAYLIGHT,12,MOTOR VEHICLE IN TRANSPORT,8TH AVS & LAFAYETTE ST,NASHVILLE,TN,37203,4043,CENTRA,36.1546,-86.7792,POINT (-86.7792 36.1546)
20190194710,03/12/2019 04:04:00 PM,2,0,0,,N,179606,5,SIDESWIPE - SAME DIRECTION,21,CLEAR,1,DAYLIGHT,12,MOTOR VEHICLE IN TRANSPORT,MM 210 5 I 40,NASHVILLE,TN,37210,8202,HERMIT,36.1522,-86.7669,POINT (-86.7669 36.1522)
20190340604,05/03/2019 12:15:00 PM,3,0,0,,Y,419952,11,Front to Rear,22,CLOUDY,1,DAYLIGHT,12,MOTOR VEHICLE IN TRANSPORT,HIGHWAY 70S & SAWYER BROWN RD,NASHVILLE,TN,37221,4815,WEST,36.0769,-86.9452,POINT (-86.9452 36.0769)
20190475149,06/23/2019 01:28:00 PM,2,1,0,,N,320601,11,Front to Rear,21,CLEAR,1,DAYLIGHT,12,MOTOR VEHICLE IN TRANSPORT,MM 54 9 I 24,NASHVILLE,TN,37211,8812,SOUTH,36.0962,-86.7081,POINT (-86.7081 36.0962)
20190327299,04/28/2019 08:18:00 PM,4,4,0,,N,717341,9,UNKNOWN,21,CLEAR,3,DARK - LIGHTED,12,MOTOR VEHICLE IN TRANSPORT,MM 53 4 I 24,NASHVILLE,TN,37210,88141,SOUTH,36.1127,-86.7234,POINT (-86.7234 36.1127)
20190276579,04/10/2019 05:24:00 PM,2,0,0,,Y,256384,4,ANGLE,21,CLEAR,1,DAYLIGHT,13,MOTOR VEHICLE IN TRANSPORT-OTHER ROADWAY,POLK AV & HUTTON DR,NASHVILLE,TN,37210,8155,SOUTH,36.131,-86.7504,POINT (-86.7504 36.131)