Accident Number,Date and Time,Number of Motor Vehicles,Number of Injuries,Number of Fatalities,Property Damage,Hit and Run,Reporting Officer,Collision Type Code,Collision Type Description,Weather Code,Weather Description,Illumination Code,Illumination Description,Harmful Code,Harmful Code Description,Street Address,City,State,ZIP,RPA,Precinct,Latitude,Longitude,Mapped Location
20190155406,02/26/2019 10:45:00 AM,1,0,0,,N,226136,0,NOT COLLISION W/MOTOR VEHICLE-TRANSPORT,21,CLEAR,1,DAYLIGHT,8,PEDESTRIAN,WEST END AV & 27TH AVN,NASHVILLE,TN,37212,5815,MIDTOW,36.1458,-86.8108,POINT (-86.8108 36.1458)
20190354139,05/08/2019 05:12:00 PM,2,1,0,,N,256424,11,Front to Rear,21,CLEAR,1,DAYLIGHT,12,MOTOR VEHICLE IN TRANSPORT,MM 215 6 I 40,NASHVILLE,TN,37214,9102,HERMIT,36.1431,-86.6845,POINT (-86.6845 36.1431)
20190108024,02/09/2019 12:00:00 AM,2,0,0,,Y,544481,9,UNKNOWN,21,CLEAR,9,UNKNOWN,14;55,PARKED MOTOR VEHICLE;Motor Vehicle-In-Motion Outside Trafficw,SEYMOUR AV & SEYMOUR AV,NASHVILLE,TN,37206,1927,EAST,36.186,-86.7513,POINT (-86.7513 36.186)
20190365853,05/13/2019 11:03:00 AM,2,0,0,,N,206962,5,SIDESWIPE - SAME DIRECTION,22,CLOUDY,1,DAYLIGHT,12,MOTOR VEHICLE IN TRANSPORT,GALLATIN PKEN & RIVERGATE PKWY,MADISON,TN,37115,1731,MADISO,36.2973,-86.6988,POINT (-86.6988 36.2973)
20190278527,04/11/2019 10:30:00 AM,2,0,0,,N,226098,5,SIDESWIPE - SAME DIRECTION,21,CLEAR,1,DAYLIGHT,12,MOTOR VEHICLE IN TRANSPORT,MM 41 0 I 24,WHITES CREEK,TN,37189,3226,NORTH,36.2715,-86.7951,POINT (-86.7951 36.2715)
20190215864,03/20/2019 04:00:00 AM,1,0,0,,N,109495,0,NOT COLLISION W/MOTOR VEHICLE-TRANSPORT,21,CLEAR,3,DARK - LIGHTED,30,UTILITY POLE,OAKLEY DR & PRESERVE AT BRENTWOOD PVTDR,NASHVILLE,TN,37220,8615,MIDTOW,36.0554,-86.7451,POINT (-86.7451 36.0554)
20190391869,05/22/2019 05:59:00 PM,3,0,0,,N,256383,11,Front to Rear,21,CLEAR,1,DAYLIGHT,12,MOTOR VEHICLE IN TRANSPORT,BRILEY PKWYN & BRILEY PKWYS,NASHVILLE,TN,37211,8404,SOUTH,36.1092,-86.727,POINT (-86.727 36.1092)
20190332863,04/30/2019 07:07:00 PM,2,0,0,,N,311333,4,ANGLE,21,CLEAR,1,DAYLIGHT,12,MOTOR VEHICLE IN TRANSPORT,MM 58 6 I 24,ANTIOCH,TN,37013,8808,SOUTH,36.0518,-86.67,POINT (-86.67 36.0518)
20190526696,07/14/2019 12:40:00 PM,2,5,1,,N,262757,2,HEAD-ON,22,CLOUDY,1,DAYLIGHT,12,MOTOR VEHICLE IN TRANSPORT,ANDREW JACKSON PKWY & STONERS GLEN DR,HERMITAGE,TN,37076,9511,HERMIT,36.1915,-86.6066,POINT (-86.6066 36.1915)
20190149025,02/24/2019 02:15:00 AM,2,0,0,,N,320598,4,ANGLE,21,CLEAR,3,DARK - LIGHTED,12,MOTOR VEHICLE IN TRANSPORT,NOLENSVILLE PKE & HARDING PL,NASHVILLE,TN,37211,8445,SOUTH,36.0809,-86.7267,POINT (-86.7267 36.0809)
20190318844,04/25/2019 08:25:00 AM,2,0,0,,N,226136,11,Front to Rear,22,CLOUDY,1,DAYLIGHT,12,MOTOR VEHICLE IN TRANSPORT,SIDCO DR & NORRIS AV,NASHVILLE,TN,37204,8523,MIDTOW,36.1059,-86.7559,POINT (-86.7559 36.1059)
20190378193,05/17/2019 01:15:00 PM,2,0,0,,Y,420034,9,UNKNOWN,21,CLEAR,1,DAYLIGHT,14,PARKED MOTOR VEHICLE,CLARKSVILLE PKE & BUENA VISTA PKE,NASHVILLE,TN,37218,3135,NORTH,36.1935,-86.8309,POINT (-86.8309 36.1935)
20190184559,03/08/2019 01:50:00 PM,2,0,0,,N,320581,11,Front to Rear,2,RAIN,1,DAYLIGHT,12,MOTOR VEHICLE IN TRANSPORT,MM 39 3 I 24,WHITES CREEK,TN,37189,3314,NORTH,36.2925,-86.8105,POINT (-86.8105 36.2925)
20190334973,05/01/2019 12:00:00 AM,2,2,0,,N,429205,11,Front to Rear,21,CLEAR,1,DAYLIGHT,12,MOTOR VEHICLE IN TRANSPORT,DEMONBREUN ST & 11TH AVS,NASHVILLE,TN,37203,4017,CENTRA,36.155,-86.7852,POINT (-86.7852 36.155)
20190261121,04/04/2019 10:45:00 PM,2,0,0,,Y,299274,5,SIDESWIPE - SAME DIRECTION,2,RAIN,2,DARK - NOT LIGHTED,12,MOTOR VEHICLE IN TRANSPORT,MM 212 8 I 40,NASHVILLE,TN,37210,90040,HERMIT,36.1425,-86.7353,POINT (-86.7353 36.1425)
20190214492,03/19/2019 05:53:00 PM,3,0,0,,N,256389,4,ANGLE,21,CLEAR,1,DAYLIGHT,12,MOTOR VEHICLE IN TRANSPORT,NOLENSVILLE PKE & TUSCULUM RD,NASHVILLE,TN,37211,8715,SOUTH,36.0587,-86.7162,POINT (-86.7162 36.0587)
20190118849,02/13/2019 08:30:00 AM,2,0,0,,N,226136,11,Front to Rear,21,CLEAR,1,DAYLIGHT,12,MOTOR VEHICLE IN TRANSPORT,MM 75 0 I 65,BRENTWOOD,TN,37027,86040,MIDTOW,36.0442,-86.7806,POINT (-86.7806 36.0442)
20190350317,05/07/2019 11:25:00 AM,2,1,0,,N,607049,4,ANGLE,21,CLEAR,1,DAYLIGHT,12;14;8,MOTOR VEHICLE IN TRANSPORT;PARKED MOTOR VEHICLE;PEDESTRIAN,MYATT DR & ANDERSON LN,MADISON,TN,37115,1715,MADISO,36.2728,-86.6895,POINT (-86.6895 36.2728)
20190475864,06/23/2019 10:21:00 PM,2,0,0,Y,Y,309263,11,Front to Rear,2,RAIN,3,DARK - LIGHTED,12;14,MOTOR VEHICLE IN TRANSPORT;PARKED MOTOR VEHICLE,GREENWOOD AV & GENTRY AV,NASHVILLE,TN,37206,1311,EAST,36.1889,-86.7305,POINT (-86.7305 36.1889)
20190033061,01/13/2019 08:33:00 PM,2,1,0,,Y,299238,2,HEAD-ON,21,CLEAR,3,DARK - LIGHTED,12,MOTOR VEHICLE IN TRANSPORT,S 5TH ST & WOODLAND ST,NASHVILLE,TN,37206,1109,EAST,36.1718,-86.7648,POINT (-86.7648 36.1718)
20190055684,01/22/2019 05:40:00 AM,2,3,0,,N,716886,4,ANGLE,21,CLEAR,3,DARK - LIGHTED,12,MOTOR VEHICLE IN TRANSPORT,BELL RD & MT VIEW RD,ANTIOCH,TN,37013,8865,SOUTH,36.05,-86.6496,POINT (-86.6496 36.05)
20190432249,06/06/2019 04:50:00 PM,2,0,0,,N,420040,5,SIDESWIPE - SAME DIRECTION,2,RAIN,1,DAYLIGHT,12,MOTOR VEHICLE IN TRANSPORT,14TH AVS & DEMONBREUN ST,NASHVILLE,TN,37203,6721,MIDTOW,36.1536,-86.7884,POINT (-86.7884 36.1536)
20190291400,04/16/2019 07:45:00 AM,2,0,0,,N,320601,11,Front to Rear,21,CLEAR,1,DAYLIGHT,12,MOTOR VEHICLE IN TRANSPORT,BELL RD & BLUE HOLE RD,ANTIOCH,TN,37013,8719,SOUTH,36.0458,-86.6744,POINT (-86.6744 36.0458)
20190303401,04/20/2019 12:00:00 AM,1,0,0,Y,Y,320578,0,NOT COLLISION W/MOTOR VEHICLE-TRANSPORT,2,RAIN,2,DARK - NOT LIGHTED,71,EMBANKMENT EARTH,0 DREWRY DR,ANTIOCH,TN,37013,8899,SOUTH,36.0686,-86.6762,POINT (-86.6762 36.0686)
20190025540,01/10/2019 05:05:00 PM,2,0,0,,Y,256386,11,Front to Rear,21,CLEAR,1,DAYLIGHT,12,MOTOR VEHICLE IN TRANSPORT,STATE HWY 155 & CONNECTING ROAD,MADISON,TN,37115,15940,MADISO,36.2379,-86.7365,POINT (-86.7365 36.2379)
20190499427,07/02/2019 07:22:00 PM,2,0,0,,N,256417,11,Front to Rear,21,CLEAR,1,DAYLIGHT,12,MOTOR VEHICLE IN TRANSPORT,CENTRAL PKE & CENTRAL CT,HERMITAGE,TN,37076,9557,HERMIT,36.1727,-86.6003,POINT (-86.6003 36.1727)
20190340458,05/03/2019 11:10:00 AM,2,2,0,,N,226136,11,Front to Rear,22,CLOUDY,1,DAYLIGHT,12,MOTOR VEHICLE IN TRANSPORT,MM 82 0 I 65,NASHVILLE,TN,37203,80061,MIDTOW,36.1433,-86.7769,POINT (-86.7769 36.1433)
20190234276,03/26/2019 10:25:00 AM,3,1,0,,N,191578,11,Front to Rear,21,CLEAR,1,DAYLIGHT,12,MOTOR VEHICLE IN TRANSPORT,MM 211 6 I 40,NASHVILLE,TN,37210,82042,HERMIT,36.1508,-86.7502,POINT (-86.7502 36.1508)
20190357088,05/09/2019 06:15:00 PM,2,2,0,,N,206675,4,ANGLE,21,CLEAR,1,DAYLIGHT,12,MOTOR VEHICLE IN TRANSPORT,31ST AVN & PARK PLZ,NASHVILLE,TN,37203,5623,MIDTOW,36.1497,-86.8177,POINT (-86.8177 36.1497)
20190097841,02/05/2019 06:22:00 PM,2,0,0,,Y,140788,6,SIDESWIPE - OPPOSITE DIRECTION,21,CLEAR,3,DARK - LIGHTED,12;14,MOTOR VEHICLE IN TRANSPORT;PARKED MOTOR VEHICLE,DELTA AV & COFFEE ST,NASHVILLE,TN,37208,4405,NORTH,36.1828,-86.8011,POINT (-86.8011 36.1828)
20190329576,04/29/2019 04:45:00 PM,2,0,0,,N,714641,11,Front to Rear,21,CLEAR,1,DAYLIGHT,12,MOTOR VEHICLE IN TRANSPORT,HERMITAGE AV & PEABODY ST,NASHVILLE,TN,37201,4047,CENTRA,36.1522,-86.7531,POINT (-86.7531 36.1522)
20190462344,06/18/2019 02:05:00 PM,2,0,0,,N,716886,5,SIDESWIPE - SAME DIRECTION,21,CLEAR,1,DAYLIGHT,12,MOTOR VEHICLE IN TRANSPORT,I440 E ENT RAMP & I 440,NASHVILLE,TN,37205,6007,WEST,36.1346,-86.8203,POINT (-86.8203 36.1346)
20190033484,01/14/2019 12:05:00 AM,2,0,0,,N,177282,4,ANGLE,21,CLEAR,3,DARK - LIGHTED,12,MOTOR VEHICLE IN TRANSPORT,CROSSINGS BLVD & MT VIEW RD,ANTIOCH,TN,37013,8863,SOUTH,36.0455,-86.6473,POINT (-86.6473 36.0455)
20190115127,02/12/2019 06:39:00 AM,1,0,0,,N,716886,0,NOT COLLISION W/MOTOR VEHICLE-TRANSPORT,2,RAIN,1,DAYLIGHT,36,CONCRETE TRAFFIC BARRIER,MM 53 7 I 24,NASHVILLE,TN,37211,88122,SOUTH,36.1097,-86.7216,POINT (-86.7216 36.1097)
20190337157,05/02/2019 07:37:00 AM,3,2,0,,N,226136,4,ANGLE,22,CLOUDY,1,DAYLIGHT,12,MOTOR VEHICLE IN TRANSPORT,TROUSDALE DR & ARROWWOOD DR,NASHVILLE,TN,37220,8601,MIDTOW,36.0701,-86.7587,POINT (-86.7587 36.0701)
20190379196,05/17/2019 08:30:00 PM,2,3,0,,Y,212322,2,HEAD-ON,21,CLEAR,2,DARK - NOT LIGHTED,12,MOTOR VEHICLE IN TRANSPORT,HAYWOOD LN & ANTIOCH PKE,NASHVILLE,TN,37211,8851,SOUTH,36.0702,-86.6848,POINT (-86.6848 36.0702)
20190282120,04/12/2019 05:04:00 PM,2,2,0,,N,267831,4,ANGLE,22,CLOUDY,1,DAYLIGHT,12,MOTOR VEHICLE IN TRANSPORT,46TH AVN & ELKINS AV,NASHVILLE,TN,37209,5133,WEST,36.1498,-86.8421,POINT (-86.8421 36.1498)
20190454869,06/15/2019 09:06:00 AM,1,0,0,,N,352199,0,NOT COLLISION W/MOTOR VEHICLE-TRANSPORT,21,CLEAR,1,DAYLIGHT,1,,I40 E ENT RAMP & I40 E EXT RAMP,NASHVILLE,TN,37214,8953,HERMIT,36.1396,-86.6648,POINT (-86.6648 36.1396)
20190186758,03/09/2019 01:04:00 PM,2,0,0,,N,630627,5,SIDESWIPE - SAME DIRECTION,2,RAIN,1,DAYLIGHT,12,MOTOR VEHICLE IN TRANSPORT,MM 209 5 I 40,NASHVILLE,TN,37203,40040,CENTRA,36.1502,-86.7844,POINT (-86.7844 36.1502)
20190512550,07/08/2019 04:42:00 PM,2,0,0,,N,179583,11,Front to Rear,21,CLEAR,1,DAYLIGHT,12,MOTOR VEHICLE IN TRANSPORT,I24 W EXT RAMP & I 24,NASHVILLE,TN,37211,8829,SOUTH,36.1074,-86.7197,POINT (-86.7197 36.1074)
20190038231,01/15/2019 02:35:00 PM,2,2,0,Y,Y,690942,4,ANGLE,21,CLEAR,1,DAYLIGHT,12;19;38,MOTOR VEHICLE IN TRANSPORT;BUILDING;FENCE,7TH AVN & COMMERCE ST,NASHVILLE,TN,37203,4109,CENTRA,36.1607,-86.7817,POINT (-86.7817 36.1607)
20190388007,05/21/2019 12:38:00 PM,2,0,0,,Y,690942,4,ANGLE,21,CLEAR,1,DAYLIGHT,12;99,MOTOR VEHICLE IN TRANSPORT;UNKNOWN MOST HARMFUL EVENT,9 HERMITAGE AV,NASHVILLE,TN,37210,4033,CENTRA,36.1572,-86.77,POINT (-86.77 36.1572)
20190299333,04/18/2019 02:27:00 PM,2,0,0,,N,191578,5,SIDESWIPE - SAME DIRECTION,21,CLEAR,1,DAYLIGHT,12,MOTOR VEHICLE IN TRANSPORT,MM 212 6 I 40,NASHVILLE,TN,37210,90040,HERMIT,36.1439,-86.7382,POINT (-86.7382 36.1439)
20190269387,04/08/2019 07:51:00 AM,2,0,0,,N,109527,11,Front to Rear,2,RAIN,1,DAYLIGHT,12,MOTOR VEHICLE IN TRANSPORT,MM 222 0 I 40,HERMITAGE,TN,37076,9502,HERMIT,36.1694,-86.5791,POINT (-86.5791 36.1694)
20190390308,05/22/2019 06:09:00 AM,2,1,0,,N,191578,5,SIDESWIPE - SAME DIRECTION,21,CLEAR,4,DAWN,1;12;36,MOTOR VEHICLE IN TRANSPORT;CONCRETE TRAFFIC BARRIER,MM 212 2 I 40,NASHVILLE,TN,37210,90041,HERMIT,36.1458,-86.7414,POINT (-86.7414 36.1458)
20190244352,03/29/2019 05:02:00 PM,2,0,0,,N,134903,4,ANGLE,21,CLEAR,1,DAYLIGHT,12,MOTOR VEHICLE IN TRANSPORT,OLD HICKORY BLVD & LEBANON PKE WB EXT RA,OLD HICKORY,TN,37138,9739,HERMIT,36.1998,-86.6207,POINT (-86.6207 36.1998)
20190256498,04/03/2019 08:35:00 AM,2,1,0,,N,716886,4,ANGLE,21,CLEAR,1,DAYLIGHT,14,PARKED MOTOR VEHICLE,CHUTNEY DR & DEERHAVEN DR,ANTIOCH,TN,37013,8901,SOUTH,36.0424,-86.5768,POINT (-86.5768 36.0424)
20190499191,07/02/2019 05:22:00 PM,3,1,0,,N,256426,11,Front to Rear,21,CLEAR,1,DAYLIGHT,12,MOTOR VEHICLE IN TRANSPORT,MM 215 6 I 40,NASHVILLE,TN,37214,9102,HERMIT,36.1431,-86.6845,POINT (-86.6845 36.1431)
20190270632,04/08/2019 05:07:00 PM,2,0,0,,Y,299257,4,ANGLE,21,CLEAR,1,DAYLIGHT,12,MOTOR VEHICLE IN TRANSPORT,21ST AVS & GRAND AV,NASHVILLE,TN,37212,6709,MIDTOW,36.1468,-86.7995,POINT (-86.7995 36.1468)
20190433488,06/07/2019 06:23:00 AM,1,0,0,,N,330438,0,NOT COLLISION W/MOTOR VEHICLE-TRANSPORT,2,RAIN,4,DAWN,24,GUARDRAIL FACE,MM 213 0 I 40,NASHVILLE,TN,37210,8219,HERMIT,36.1407,-86.7323,POINT (-86.7323 36.1407)
20190041888,01/16/2019 05:53:00 PM,2,2,0,,N,725756,4,ANGLE,22,CLOUDY,3,DARK - LIGHTED,12,MOTOR VEHICLE IN TRANSPORT,CHARLOTTE PKE & CHARLOTTE PKE,NASHVILLE,TN,37209,5103,WEST,36.1504,-86.8569,POINT (-86.8569 36.1504)
20190079030,01/30/2019 04:57:00 AM,2,0,0,,N,212342,4,ANGLE,4,SNOW,3,DARK - LIGHTED,12,MOTOR VEHICLE IN TRANSPORT,MURFREESBORO PKE & MCGAVOCK PKE,NASHVILLE,TN,37217,8841,SOUTH,36.1129,-86.689,POINT (-86.689 36.1129)
20190157926,02/27/2019 07:44:00 AM,2,1,0,Y,N,226622,4,ANGLE,21,CLEAR,1,DAYLIGHT,12;18,MOTOR VEHICLE IN TRANSPORT;OTHER OBJECT (NOT FIXED),INDIANA AV & 47TH AVN,NASHVILLE,TN,37209,4543,WEST,36.1567,-86.8441,POINT (-86.8441 36.1567)
20190531466,07/16/2019 11:15:00 AM,2,0,0,,N,676834,11,Front to Rear,21,CLEAR,1,DAYLIGHT,12,MOTOR VEHICLE IN TRANSPORT,CLARKSVILLE PKE & KINGS LN,NASHVILLE,TN,37218,3141,NORTH,36.2167,-86.8375,POINT (-86.8375 36.2167)
20190086540,02/01/2019 12:57:00 PM,2,0,0,,N,109534,11,Front to Rear,22,CLOUDY,1,DAYLIGHT,12,MOTOR VEHICLE IN TRANSPORT,BRILEY PKWY N EXT RAMP & BRILEY PKWYN,NASHVILLE,TN,37214,9223,HERMIT,36.1966,-86.6876,POINT (-86.6876 36.1966)
20190554800,07/25/2019 10:27:00 AM,2,0,0,,Y,580819,5,SIDESWIPE - SAME DIRECTION,21,CLEAR,1,DAYLIGHT,14,PARKED MOTOR VEHICLE,SHELBY AV & INTERSTATE DR,NASHVILLE,TN,37213,1007,CENTRA,36.1662,-86.7658,POINT (-86.7658 36.1662)
20190234305,03/26/2019 09:50:00 AM,2,0,0,,N,330411,16,Rear to Side,21,CLEAR,1,DAYLIGHT,12,MOTOR VEHICLE IN TRANSPORT,19TH AVS & BROADWAY,NASHVILLE,TN,37203,5705,MIDTOW,36.151,-86.7965,POINT (-86.7965 36.151)
20190501420,07/03/2019 11:32:00 AM,1,0,0,Y,N,716886,0,NOT COLLISION W/MOTOR VEHICLE-TRANSPORT,21,CLEAR,1,DAYLIGHT,18,OTHER OBJECT (NOT FIXED),MURFREESBORO PKE & MOUNTAIN SPRINGS RD,ANTIOCH,TN,37013,8927,SOUTH,36.0478,-86.6121,POINT (-86.6121 36.0478)
20190201484,03/14/2019 09:10:00 PM,2,0,0,,Y,110090,4,ANGLE,21,CLEAR,3,DARK - LIGHTED,12,MOTOR VEHICLE IN TRANSPORT,HAMILTON CHURCH RD & MURFREESBORO PKE,ANTIOCH,TN,37013,8865,SOUTH,36.0645,-86.6288,POINT (-86.6288 36.0645)
20190518380,07/10/2019 09:30:00 PM,2,0,0,,Y,493301,11,Front to Rear,21,CLEAR,3,DARK - LIGHTED,12,MOTOR VEHICLE IN TRANSPORT,BELLEVUE CTR PVTDR & BELLEVUE CTR PVTDR,NASHVILLE,TN,37221,4811,WEST,36.0785,-86.9508,POINT (-86.9508 36.0785)
20190224466,03/22/2019 07:21:00 PM,2,0,0,,Y,279232,11,Front to Rear,21,CLEAR,1,DAYLIGHT,12,MOTOR VEHICLE IN TRANSPORT,DEMONBREUN ST & 5TH AVS,NASHVILLE,TN,37203,4057,CENTRA,36.1582,-86.7777,POINT (-86.7777 36.1582)
20190509501,07/06/2019 10:40:00 PM,1,1,0,Y,N,330422,0,NOT COLLISION W/MOTOR VEHICLE-TRANSPORT,21,CLEAR,3,DARK - LIGHTED,19,BUILDING,AUGUSTA DR & DUNBAR DR,NASHVILLE,TN,37207,3025,NORTH,36.2208,-86.8167,POINT (-86.8167 36.2208)
20190558766,07/26/2019 09:45:00 PM,2,0,0,,N,807927,11,Front to Rear,21,CLEAR,3,DARK - LIGHTED,12,MOTOR VEHICLE IN TRANSPORT,MM 211 0 I 40,NASHVILLE,TN,37210,82020,HERMIT,36.1544,-86.7598,POINT (-86.7598 36.1544)
20190452987,06/14/2019 02:58:00 PM,1,1,0,,Y,298861,0,NOT COLLISION W/MOTOR VEHICLE-TRANSPORT,21,CLEAR,1,DAYLIGHT,8,PEDESTRIAN,CANNON ST & CLAIBORNE ST,NASHVILLE,TN,37210,8205,HERMIT,36.1509,-86.7608,POINT (-86.7608 36.1509)
20190509875,07/07/2019 04:25:00 AM,2,0,0,,Y,330416,2,HEAD-ON,21,CLEAR,3,DARK - LIGHTED,12,MOTOR VEHICLE IN TRANSPORT,ORIEL AV & WICKSON AV,NASHVILLE,TN,37210,8323,SOUTH,36.1223,-86.7468,POINT (-86.7468 36.1223)
20190572496,08/01/2019 04:25:00 PM,2,0,0,,N,714641,5,SIDESWIPE - SAME DIRECTION,21,CLEAR,1,DAYLIGHT,12,MOTOR VEHICLE IN TRANSPORT,7TH AVN & CHURCH ST,NASHVILLE,TN,37219,4125,CENTRA,36.1621,-86.7827,POINT (-86.7827 36.1621)
20190153029,02/25/2019 04:50:00 PM,2,0,0,,N,420040,2,HEAD-ON,21,CLEAR,1,DAYLIGHT,12,MOTOR VEHICLE IN TRANSPORT,ACKLEN AV & 14TH AVS,NASHVILLE,TN,37212,6601,MIDTOW,36.1346,-86.7907,POINT (-86.7907 36.1346)
20190569371,07/31/2019 12:00:00 AM,2,2,0,,N,620072,11,Front to Rear,21,CLEAR,1,DAYLIGHT,12,MOTOR VEHICLE IN TRANSPORT,17TH AVE N & US HWY 70,NASHVILLE,TN,37203,5505,MIDTOW,36.1588,-86.7982,POINT (-86.7982 36.1588)
20190083967,01/31/2019 04:45:00 PM,1,1,0,,N,212330,0,NOT COLLISION W/MOTOR VEHICLE-TRANSPORT,21,CLEAR,1,DAYLIGHT,71,EMBANKMENT EARTH,I24 W ENT RAMP & BRILEY PKWYN,NASHVILLE,TN,37211,8877,SOUTH,36.111,-86.7138,POINT (-86.7138 36.111)
20190387429,05/21/2019 08:39:00 AM,2,1,0,,N,352214,11,Front to Rear,21,CLEAR,1,DAYLIGHT,12,MOTOR VEHICLE IN TRANSPORT,OLD HICKORY BLVD & HERMITAGE PARK DR,HERMITAGE,TN,37076,9527,HERMIT,36.1658,-86.5983,POINT (-86.5983 36.1658)
20190350584,05/07/2019 01:00:00 PM,2,2,0,,N,109495,11,Front to Rear,21,CLEAR,1,DAYLIGHT,12,MOTOR VEHICLE IN TRANSPORT,MM 6 2 I 440,NASHVILLE,TN,37211,83061,MIDTOW,36.1225,-86.7522,POINT (-86.7522 36.1225)
20190011516,01/05/2019 08:09:00 AM,1,0,0,Y,N,902543,0,NOT COLLISION W/MOTOR VEHICLE-TRANSPORT,21,CLEAR,1,DAYLIGHT,40,MAIL BOX,DICKERSON PKE & LORRAINE AV,NASHVILLE,TN,37207,1827,EAST,36.2175,-86.7632,POINT (-86.7632 36.2175)
20190465414,06/19/2019 01:10:00 PM,2,0,0,,Y,256446,4,ANGLE,21,CLEAR,1,DAYLIGHT,14,PARKED MOTOR VEHICLE,1500 SILVERSTREAM PT,ANTIOCH,TN,37013,8927,SOUTH,36.0514,-86.6036,POINT (-86.6036 36.0514)
20190471243,06/21/2019 01:20:00 PM,3,0,0,,N,876581,4,ANGLE,21,CLEAR,1,DAYLIGHT,12,MOTOR VEHICLE IN TRANSPORT,WELWORTH ST & GALLATIN PKEN,MADISON,TN,37115,1717,MADISO,36.2822,-86.7075,POINT (-86.7075 36.2822)
20190457387,06/16/2019 02:08:00 PM,2,0,0,,N,887598,11,Front to Rear,21,CLEAR,1,DAYLIGHT,12,MOTOR VEHICLE IN TRANSPORT,MM 44 2 I 24,NASHVILLE,TN,37207,32242,NORTH,36.2297,-86.7813,POINT (-86.7813 36.2297)
20190116627,02/12/2019 05:09:00 PM,1,1,0,,N,433550,0,NOT COLLISION W/MOTOR VEHICLE-TRANSPORT,21,CLEAR,1,DAYLIGHT,31,"OTHER POST, POLE, SUPP.",HOLLYWOOD DR & TYNE BLVD,OLD HICKORY,TN,37138,,,36.233,-86.5881,POINT (-86.5881 36.233)
20190281079,04/12/2019 08:46:00 AM,2,2,0,,N,191578,11,Front to Rear,22,CLOUDY,1,DAYLIGHT,12,MOTOR VEHICLE IN TRANSPORT,TRAILS END LN & ELM HILL PKE,NASHVILLE,TN,37214,8991,HERMIT,36.1419,-86.6372,POINT (-86.6372 36.1419)
20190282137,04/12/2019 05:35:00 PM,2,1,0,,N,311327,0,NOT COLLISION W/MOTOR VEHICLE-TRANSPORT,21,CLEAR,1,DAYLIGHT,5;7,,WOODLAND ST & S 9TH ST,NASHVILLE,TN,37206,1119,EAST,36.1749,-86.7569,POINT (-86.7569 36.1749)
20190087224,02/01/2019 05:04:00 PM,2,0,0,,Y,256411,11,Front to Rear,21,CLEAR,5,DUSK,12,MOTOR VEHICLE IN TRANSPORT,DR D B TODD JR BLVD & WHELESS ST,NASHVILLE,TN,37208,4471,NORTH,36.176,-86.8093,POINT (-86.8093 36.176)
20190382968,05/19/2019 02:50:00 PM,2,0,0,,N,405418,4,ANGLE,22,CLOUDY,1,DAYLIGHT,12,MOTOR VEHICLE IN TRANSPORT,14TH AVS & BROADWAY,NASHVILLE,TN,37203,5701,MIDTOW,36.1557,-86.7897,POINT (-86.7897 36.1557)
20190148786,02/23/2019 11:55:00 PM,2,0,0,,Y,415780,16,Rear to Side,21,CLEAR,3,DARK - LIGHTED,12,MOTOR VEHICLE IN TRANSPORT,0 OLD HICKORY BLVD,NASHVILLE,TN,37211,8717,SOUTH,36.0457,-86.7122,POINT (-86.7122 36.0457)
20190362153,05/11/2019 06:45:00 PM,2,0,0,,Y,887598,4,ANGLE,2,RAIN,1,DAYLIGHT,12,MOTOR VEHICLE IN TRANSPORT,GALLATIN PKE & ZOPHI ST,NASHVILLE,TN,37216,1415,EAST,36.2044,-86.7381,POINT (-86.7381 36.2044)
20190072647,01/28/2019 07:30:00 AM,2,0,0,,N,109534,5,SIDESWIPE - SAME DIRECTION,21,CLEAR,1,DAYLIGHT,12,MOTOR VEHICLE IN TRANSPORT,LEBANON PKE & SHUTE LN,HERMITAGE,TN,37076,9535,HERMIT,36.2146,-86.6047,POINT (-86.6047 36.2146)
20190251219,04/01/2019 02:05:00 PM,2,0,0,,Y,256380,11,Front to Rear,21,CLEAR,1,DAYLIGHT,12,MOTOR VEHICLE IN TRANSPORT,MM 86 6 I 65,NASHVILLE,TN,37207,3002,NORTH,36.1959,-86.7761,POINT (-86.7761 36.1959)
20190535027,07/17/2019 04:17:00 PM,2,0,0,,N,169425,11,Front to Rear,21,CLEAR,1,DAYLIGHT,12,MOTOR VEHICLE IN TRANSPORT,MURPHY RD & WEST END AV EXT RAMP,NASHVILLE,TN,37203,5629,MIDTOW,36.1396,-86.8216,POINT (-86.8216 36.1396)
20190456575,06/16/2019 03:04:00 AM,2,2,0,,N,299254,11,Front to Rear,21,CLEAR,3,DARK - LIGHTED,12,MOTOR VEHICLE IN TRANSPORT,MM 53 1 I 24,NASHVILLE,TN,37210,88142,SOUTH,36.1172,-86.7256,POINT (-86.7256 36.1172)
20190443283,06/11/2019 07:16:00 AM,1,2,0,Y,N,226622,0,NOT COLLISION W/MOTOR VEHICLE-TRANSPORT,21,CLEAR,1,DAYLIGHT,1;30;63;71,UTILITY POLE;Ran Off Road-Right;EMBANKMENT EARTH,CHARLOTTE PKE & CHARLOTTE PKE PVTDR,NASHVILLE,TN,37209,4703,WEST,36.1293,-86.9044,POINT (-86.9044 36.1293)
20190359630,05/10/2019 03:55:00 PM,1,0,0,,N,256383,0,NOT COLLISION W/MOTOR VEHICLE-TRANSPORT,22,CLOUDY,1,DAYLIGHT,24;36,GUARDRAIL FACE;CONCRETE TRAFFIC BARRIER,MM 62 3 I 24,ANTIOCH,TN,37013,8806,SOUTH,36.0177,-86.6241,POINT (-86.6241 36.0177)