Accident Number,Date and Time,Number of Motor Vehicles,Number of Injuries,Number of Fatalities,Property Damage,Hit and Run,Reporting Officer,Collision Type Code,Collision Type Description,Weather Code,Weather Description,Illumination Code,Illumination Description,Harmful Code,Harmful Code Description,Street Address,City,State,ZIP,RPA,Precinct,Latitude,Longitude,Mapped Location
20190077253,01/29/2019 04:58:00 PM,4,1,0,,N,256448,11,Front to Rear,21,CLEAR,1,DAYLIGHT,12,MOTOR VEHICLE IN TRANSPORT,ELM HILL PKE & HURT DR,NASHVILLE,TN,37214,9411,HERMIT,36.1445,-86.6572,POINT (-86.6572 36.1445)
20190489151,06/28/2019 04:16:00 PM,2,0,0,,N,256386,5,SIDESWIPE - SAME DIRECTION,21,CLEAR,1,DAYLIGHT,12,MOTOR VEHICLE IN TRANSPORT,MM 214 0 I 40,NASHVILLE,TN,37217,88020,HERMIT,36.1417,-86.7137,POINT (-86.7137 36.1417)
20190473160,06/22/2019 10:55:00 AM,2,1,0,,N,320595,11,Front to Rear,22,CLOUDY,1,DAYLIGHT,12,MOTOR VEHICLE IN TRANSPORT,MURFREESBORO PKE & OLD HICKORY BLVD,ANTIOCH,TN,37013,8867,SOUTH,36.0413,-86.6051,POINT (-86.6051 36.0413)
20190045208,01/17/2019 09:15:00 PM,2,0,0,,Y,256383,6,SIDESWIPE - OPPOSITE DIRECTION,22,CLOUDY,3,DARK - LIGHTED,12,MOTOR VEHICLE IN TRANSPORT,BELL FORGE LNE & BELL RD,ANTIOCH,TN,37013,8865,SOUTH,36.0505,-86.6468,POINT (-86.6468 36.0505)
20190326457,04/28/2019 12:00:00 AM,2,0,0,,Y,876581,9,UNKNOWN,22,CLOUDY,9,UNKNOWN,14,PARKED MOTOR VEHICLE,BRICKMONT DR & BRICKMONT CT,NASHVILLE,TN,37207,2033,MADISO,36.247,-86.7755,POINT (-86.7755 36.247)
20190289860,04/15/2019 12:00:00 AM,2,0,0,,N,226827,4,ANGLE,21,CLEAR,3,DARK - LIGHTED,12,MOTOR VEHICLE IN TRANSPORT,RIVERGATE PKWY & GLANCY ST,GOODLETTSVILLE,TN,37072,1751,MADISO,36.2995,-86.7004,POINT (-86.7004 36.2995)
20190486377,06/27/2019 04:00:00 PM,1,0,0,,N,299253,0,NOT COLLISION W/MOTOR VEHICLE-TRANSPORT,21,CLEAR,1,DAYLIGHT,1,,I65 N ENT RAMP & I 65,NASHVILLE,TN,37207,1829,EAST,36.209,-86.7759,POINT (-86.7759 36.209)
20190060225,01/23/2019 05:43:00 PM,2,0,0,,N,299267,4,ANGLE,2,RAIN,3,DARK - LIGHTED,12,MOTOR VEHICLE IN TRANSPORT,WEST END AV & LOUISE AV,NASHVILLE,TN,37203,5715,MIDTOW,36.1497,-86.8029,POINT (-86.8029 36.1497)
20190054846,01/21/2019 08:42:00 PM,3,2,0,,Y,596389,6,SIDESWIPE - OPPOSITE DIRECTION,22,CLOUDY,2,DARK - NOT LIGHTED,12,MOTOR VEHICLE IN TRANSPORT,OLD HARDING PKE & SOUTH COLONY DR,NASHVILLE,TN,37221,4809,WEST,36.0523,-86.9522,POINT (-86.9522 36.0523)
20190580866,08/05/2019 06:56:00 AM,2,0,0,,N,320575,4,ANGLE,21,CLEAR,1,DAYLIGHT,12,MOTOR VEHICLE IN TRANSPORT,BRILEY PKWYS & BRILEY PKWY S EXT RAMP,NASHVILLE,TN,37210,9098,HERMIT,36.148,-86.6929,POINT (-86.6929 36.148)
20190200680,03/14/2019 03:54:00 PM,2,3,0,,N,876597,4,ANGLE,21,CLEAR,1,DAYLIGHT,12,MOTOR VEHICLE IN TRANSPORT,NOLENSVILLE PKE & HARDING PL,NASHVILLE,TN,37211,8445,SOUTH,36.0809,-86.7267,POINT (-86.7267 36.0809)
20190351639,05/07/2019 07:55:00 PM,2,0,0,,Y,420040,5,SIDESWIPE - SAME DIRECTION,21,CLEAR,3,DARK - LIGHTED,14,PARKED MOTOR VEHICLE,BELMONT BLVD & GALE LN,NASHVILLE,TN,37212,6501,MIDTOW,36.1175,-86.7973,POINT (-86.7973 36.1175)
20190285909,04/14/2019 08:00:00 AM,1,0,0,,N,311325,0,NOT COLLISION W/MOTOR VEHICLE-TRANSPORT,2,RAIN,1,DAYLIGHT,36,CONCRETE TRAFFIC BARRIER,I24E & I40 E ENT RAMP,NASHVILLE,TN,37210,82061,HERMIT,36.1381,-86.7274,POINT (-86.7274 36.1381)
20190527529,07/14/2019 10:55:00 PM,1,0,0,,N,179603,0,NOT COLLISION W/MOTOR VEHICLE-TRANSPORT,22,CLOUDY,3,DARK - LIGHTED,36;64,CONCRETE TRAFFIC BARRIER;Ran Off Road-Left,BRILEY PKWYW & BRICK CHURCH PKE,NASHVILLE,TN,37207,2014,MADISO,36.2384,-86.7816,POINT (-86.7816 36.2384)
20190542914,07/20/2019 06:49:00 PM,2,1,0,,N,352198,11,Front to Rear,22,CLOUDY,1,DAYLIGHT,12,MOTOR VEHICLE IN TRANSPORT,WOODMONT BLVD & HILLDALE DR,NASHVILLE,TN,37215,6103,WEST,36.1156,-86.8275,POINT (-86.8275 36.1156)
20190031294,01/12/2019 12:00:00 AM,1,1,0,,N,279221,0,NOT COLLISION W/MOTOR VEHICLE-TRANSPORT,2,RAIN,2,DARK - NOT LIGHTED,23,BRIDGE RAIL,BRICK CHURCH PKE & NORTHBROOK DR,NASHVILLE,TN,37207,2027,MADISO,36.2498,-86.7767,POINT (-86.7767 36.2498)
20190336114,05/01/2019 08:54:00 PM,1,2,0,,N,151132,0,NOT COLLISION W/MOTOR VEHICLE-TRANSPORT,22,CLOUDY,2,DARK - NOT LIGHTED,34;42;64,DITCH;TREE;Ran Off Road-Left,BRICK CHURCH PKE & DRY CREEK RD,GOODLETTSVILLE,TN,37072,2125,MADISO,36.328,-86.7648,POINT (-86.7648 36.328)
20190579796,08/04/2019 06:00:00 PM,2,1,0,,N,330443,4,ANGLE,21,CLEAR,1,DAYLIGHT,12,MOTOR VEHICLE IN TRANSPORT,N GRAYCROFT AV & CONNARE DR,MADISON,TN,37115,1759,MADISO,36.285,-86.7153,POINT (-86.7153 36.285)
20190298217,04/18/2019 06:37:00 AM,2,0,0,,N,179602,5,SIDESWIPE - SAME DIRECTION,22,CLOUDY,4,DAWN,12,MOTOR VEHICLE IN TRANSPORT,MM 38 0 I 24,WHITES CREEK,TN,37189,2212,NORTH,36.3083,-86.8217,POINT (-86.8217 36.3083)
20190322978,04/26/2019 04:10:00 PM,2,0,0,,N,414711,4,ANGLE,21,CLEAR,1,DAYLIGHT,12,MOTOR VEHICLE IN TRANSPORT,WAYLAND DR & LYNNWOOD BLVD,NASHVILLE,TN,37215,6203,WEST,36.0915,-86.8493,POINT (-86.8493 36.0915)
20190286407,04/14/2019 01:37:00 PM,2,0,0,,N,876581,11,Front to Rear,22,CLOUDY,1,DAYLIGHT,12,MOTOR VEHICLE IN TRANSPORT,OLD HICKORY BLVD & I24 E ENT RAMP,ANTIOCH,TN,37013,8771,SOUTH,36.0134,-86.6207,POINT (-86.6207 36.0134)
20190449239,06/13/2019 08:58:00 AM,1,0,0,,N,834798,0,NOT COLLISION W/MOTOR VEHICLE-TRANSPORT,21,CLEAR,1,DAYLIGHT,33,CURB,OLD HICKORY BLVD & AMALIE DR,NASHVILLE,TN,37211,8655,MIDTOW,36.045,-86.7243,POINT (-86.7243 36.045)
20190542029,07/20/2019 12:00:00 AM,1,0,0,Y,Y,320586,0,NOT COLLISION W/MOTOR VEHICLE-TRANSPORT,99,UNKNOWN,9,UNKNOWN,43,OTHER FIXED OBJECTS,NATCHEZ CT & NOLENSVILLE PKE,NASHVILLE,TN,37211,8435,SOUTH,36.0935,-86.7361,POINT (-86.7361 36.0935)
20190103483,02/07/2019 03:49:00 PM,2,0,0,,N,212343,5,SIDESWIPE - SAME DIRECTION,22,CLOUDY,1,DAYLIGHT,14,PARKED MOTOR VEHICLE,3RD AVN & COMMERCE ST,NASHVILLE,TN,37201,4105,CENTRA,36.1627,-86.7767,POINT (-86.7767 36.1627)
20190521457,07/12/2019 12:00:00 AM,1,0,0,Y,Y,197055,0,NOT COLLISION W/MOTOR VEHICLE-TRANSPORT,21,CLEAR,3,DARK - LIGHTED,30;33;7,UTILITY POLE;CURB,PHILHALL PKWY & SCENIC LAKE CT,ANTIOCH,TN,37013,8997,SOUTH,36.0796,-86.5948,POINT (-86.5948 36.0796)
20190030647,01/12/2019 03:47:00 PM,2,0,0,,N,256505,4,ANGLE,2,RAIN,1,DAYLIGHT,12,MOTOR VEHICLE IN TRANSPORT,FAIRFAX AV & 24TH AVS,NASHVILLE,TN,37212,5901,MIDTOW,36.1346,-86.8055,POINT (-86.8055 36.1346)
20190341240,05/03/2019 05:00:00 PM,2,1,0,,N,256424,11,Front to Rear,22,CLOUDY,1,DAYLIGHT,12,MOTOR VEHICLE IN TRANSPORT,BRILEY PKWY S EXT RAMP & BRILEY PKWYS,NASHVILLE,TN,37214,9209,HERMIT,36.1924,-86.6874,POINT (-86.6874 36.1924)
20190040469,01/16/2019 07:50:00 AM,4,0,0,,N,226622,11,Front to Rear,21,CLEAR,1,DAYLIGHT,12,MOTOR VEHICLE IN TRANSPORT,HIGHWAY 100 & WARNER NATURE CTR PVTDR,NASHVILLE,TN,37221,6213,WEST,36.0611,-86.9131,POINT (-86.9131 36.0611)
20190338014,05/02/2019 01:42:00 PM,2,0,0,,N,716886,5,SIDESWIPE - SAME DIRECTION,21,CLEAR,1,DAYLIGHT,12,MOTOR VEHICLE IN TRANSPORT,MM 7 2 I 440,NASHVILLE,TN,37210,83043,SOUTH,36.1251,-86.7339,POINT (-86.7339 36.1251)
20190359932,05/10/2019 12:00:00 AM,2,0,0,,N,298877,11,Front to Rear,21,CLEAR,1,DAYLIGHT,12,MOTOR VEHICLE IN TRANSPORT,I24E & I24 W EXT RAMP,NASHVILLE,TN,37210,8102,SOUTH,36.1336,-86.7269,POINT (-86.7269 36.1336)
20190144770,02/22/2019 10:35:00 AM,1,0,0,Y,N,320595,0,NOT COLLISION W/MOTOR VEHICLE-TRANSPORT,2,RAIN,1,DAYLIGHT,30,UTILITY POLE,STATE HWY 155 & VULTEE BLVD,NASHVILLE,TN,37217,8823,HERMIT,36.1243,-86.6964,POINT (-86.6964 36.1243)
20190547026,07/22/2019 02:20:00 PM,2,0,0,,N,169425,5,SIDESWIPE - SAME DIRECTION,22,CLOUDY,1,DAYLIGHT,12,MOTOR VEHICLE IN TRANSPORT,14TH AVN & CHARLOTTE AV,NASHVILLE,TN,37203,5501,MIDTOW,36.1608,-86.7937,POINT (-86.7937 36.1608)
20190028659,01/11/2019 06:10:00 PM,2,0,0,,N,279124,11,Front to Rear,21,CLEAR,3,DARK - LIGHTED,12,MOTOR VEHICLE IN TRANSPORT,MM 56 0 I 24,NASHVILLE,TN,37211,8708,SOUTH,36.0818,-86.6975,POINT (-86.6975 36.0818)
20190517067,07/10/2019 11:45:00 AM,2,1,0,,N,226673,98,OTHER,22,CLOUDY,1,DAYLIGHT,14,PARKED MOTOR VEHICLE,DEADERICK ST & 5TH AVN,NASHVILLE,TN,37219,4159,CENTRA,36.1655,-86.7812,POINT (-86.7812 36.1655)
20190394951,05/23/2019 04:50:00 PM,2,0,0,,N,298858,11,Front to Rear,21,CLEAR,1,DAYLIGHT,12,MOTOR VEHICLE IN TRANSPORT,MM 48 1 I 24,NASHVILLE,TN,37207,1106,EAST,36.1742,-86.7706,POINT (-86.7706 36.1742)
20190468697,06/20/2019 04:16:00 PM,2,2,0,,N,330425,6,SIDESWIPE - OPPOSITE DIRECTION,21,CLEAR,1,DAYLIGHT,1;12,MOTOR VEHICLE IN TRANSPORT,MCARTHUR DR & E OLD HICKORY BLVD,MADISON,TN,37115,1705,MADISO,36.2633,-86.6916,POINT (-86.6916 36.2633)
20190189939,03/11/2019 02:25:00 AM,2,1,0,,N,320584,11,Front to Rear,21,CLEAR,3,DARK - LIGHTED,12,MOTOR VEHICLE IN TRANSPORT,MM 55 4 I 24,NASHVILLE,TN,37211,8812,SOUTH,36.0901,-86.7031,POINT (-86.7031 36.0901)
20190138194,02/20/2019 08:33:00 AM,2,0,0,,N,226622,4,ANGLE,2,RAIN,1,DAYLIGHT,12,MOTOR VEHICLE IN TRANSPORT,OLD HICKORY BLVD & SONYA DR,NASHVILLE,TN,37205,4903,WEST,36.1355,-86.8861,POINT (-86.8861 36.1355)
20190024302,01/10/2019 08:10:00 AM,2,1,0,,N,222047,4,ANGLE,21,CLEAR,1,DAYLIGHT,12,MOTOR VEHICLE IN TRANSPORT,BELL RD & MURFREESBORO PKE,ANTIOCH,TN,37013,8865,SOUTH,36.0719,-86.6362,POINT (-86.6362 36.0719)
20190184778,03/08/2019 04:59:00 PM,2,0,0,,Y,807344,5,SIDESWIPE - SAME DIRECTION,2,RAIN,1,DAYLIGHT,12,MOTOR VEHICLE IN TRANSPORT,JAMES ROBERTSON PKWY & PUBLIC SQ,NASHVILLE,TN,37201,4163,CENTRA,36.1677,-86.7784,POINT (-86.7784 36.1677)
20190246872,03/30/2019 07:10:00 PM,3,0,0,,N,298860,11,Front to Rear,2,RAIN,2,DARK - NOT LIGHTED,12,MOTOR VEHICLE IN TRANSPORT,ANDREW JACKSON PKWY & TYLER DR,HERMITAGE,TN,37076,9509,HERMIT,36.1974,-86.6086,POINT (-86.6086 36.1974)
20190331078,04/30/2019 05:42:00 AM,2,0,0,,N,299261,4,ANGLE,21,CLEAR,4,DAWN,12,MOTOR VEHICLE IN TRANSPORT,NOLENSVILLE PKE & POLK AV,NASHVILLE,TN,37210,8109,SOUTH,36.1302,-86.755,POINT (-86.755 36.1302)
20190363786,05/12/2019 02:20:00 PM,2,0,0,,N,161946,11,Front to Rear,21,CLEAR,1,DAYLIGHT,14,PARKED MOTOR VEHICLE,LUCAS LN & W TRINITY LN,NASHVILLE,TN,37207,1863,EAST,36.2061,-86.7711,POINT (-86.7711 36.2061)
20190483759,06/26/2019 05:25:00 PM,2,0,0,,N,717341,4,ANGLE,21,CLEAR,1,DAYLIGHT,12,MOTOR VEHICLE IN TRANSPORT,NOLENSVILLE PKE & WHITSETT RD,NASHVILLE,TN,37210,8317,SOUTH,36.0773,-86.7253,POINT (-86.7253 36.0773)
20190169117,03/03/2019 04:10:00 PM,3,1,0,,Y,433550,11,Front to Rear,21,CLEAR,5,DUSK,12;14,MOTOR VEHICLE IN TRANSPORT;PARKED MOTOR VEHICLE,ARBOR LAKE BLVD & BELL RD,HERMITAGE,TN,37076,9527,HERMIT,36.1638,-86.5992,POINT (-86.5992 36.1638)
20190388317,05/21/2019 12:00:00 AM,1,0,0,Y,N,298868,0,NOT COLLISION W/MOTOR VEHICLE-TRANSPORT,21,CLEAR,1,DAYLIGHT,30,UTILITY POLE,CENTENNIAL BLVD & 61ST AVN,NASHVILLE,TN,37209,4617,WEST,36.1679,-86.8596,POINT (-86.8596 36.1679)
20190276161,04/10/2019 01:30:00 PM,2,1,0,,Y,256380,11,Front to Rear,21,CLEAR,1,DAYLIGHT,12,MOTOR VEHICLE IN TRANSPORT,21ST AVN & OSAGE ST,NASHVILLE,TN,37208,4469,NORTH,36.1764,-86.8111,POINT (-86.8111 36.1764)
20190443304,06/11/2019 07:31:00 AM,2,0,0,,Y,553957,11,Front to Rear,21,CLEAR,1,DAYLIGHT,12,MOTOR VEHICLE IN TRANSPORT,MM 210 4 I 40,NASHVILLE,TN,37210,80022,SOUTH,36.1511,-86.7695,POINT (-86.7695 36.1511)
20190379852,05/18/2019 12:00:00 AM,2,1,0,,Y,311343,11,Front to Rear,21,CLEAR,3,DARK - LIGHTED,12,MOTOR VEHICLE IN TRANSPORT,MELROSE AV & I440 E ENT RAMP,NASHVILLE,TN,37211,8343,MIDTOW,36.1205,-86.7501,POINT (-86.7501 36.1205)
20190511802,07/08/2019 08:07:00 AM,2,0,0,,N,352178,5,SIDESWIPE - SAME DIRECTION,21,CLEAR,1,DAYLIGHT,12,MOTOR VEHICLE IN TRANSPORT,MM 209 6 I 40,NASHVILLE,TN,37203,68021,MIDTOW,36.1494,-86.7836,POINT (-86.7836 36.1494)
20190446349,06/12/2019 08:40:00 AM,2,1,0,,N,676834,4,ANGLE,22,CLOUDY,1,DAYLIGHT,12,MOTOR VEHICLE IN TRANSPORT,ASHLAND CITY HWY WB ENT RAMP & ASHLAND C,NASHVILLE,TN,37218,3205,NORTH,36.2096,-86.8704,POINT (-86.8704 36.2096)
20190173580,03/05/2019 03:30:00 AM,1,0,0,,N,279117,0,NOT COLLISION W/MOTOR VEHICLE-TRANSPORT,21,CLEAR,3,DARK - LIGHTED,18,OTHER OBJECT (NOT FIXED),ELLINGTON PKWYS & ELLINGTON PKWYN,NASHVILLE,TN,37207,1995,EAST,36.1758,-86.7666,POINT (-86.7666 36.1758)
20190517174,07/10/2019 12:19:00 PM,2,0,0,,N,134899,11,Front to Rear,21,CLEAR,1,DAYLIGHT,12,MOTOR VEHICLE IN TRANSPORT,LEBANON PKE & OLD HICKORY BLVD,HERMITAGE,TN,37076,9613,HERMIT,36.1756,-86.6154,POINT (-86.6154 36.1756)
20190035324,01/14/2019 03:28:00 PM,2,0,0,,N,299241,11,Front to Rear,21,CLEAR,1,DAYLIGHT,12,MOTOR VEHICLE IN TRANSPORT,SMITH SPRINGS RD & REYNOLDS RD,NASHVILLE,TN,37217,8941,HERMIT,36.0968,-86.6533,POINT (-86.6533 36.0968)
20190368961,05/14/2019 02:00:00 PM,1,1,0,,N,716886,0,NOT COLLISION W/MOTOR VEHICLE-TRANSPORT,21,CLEAR,1,DAYLIGHT,34;43,DITCH;OTHER FIXED OBJECTS,BELL FORGE LNE & MT VIEW RD,ANTIOCH,TN,37013,8865,SOUTH,36.0472,-86.6477,POINT (-86.6477 36.0472)
20190362497,05/11/2019 10:00:00 PM,3,1,0,,N,256412,11,Front to Rear,21,CLEAR,7,Dark-Unknown Lighting,12,MOTOR VEHICLE IN TRANSPORT,0 EDMONDSON PKE,NASHVILLE,TN,37211,8651,MIDTOW,36.0243,-86.7424,POINT (-86.7424 36.0243)
20190447524,06/12/2019 03:09:00 PM,2,1,0,,Y,256383,4,ANGLE,21,CLEAR,1,DAYLIGHT,12,MOTOR VEHICLE IN TRANSPORT,BELL TRACE DR & HICKORY PARK DR,ANTIOCH,TN,37013,8753,SOUTH,36.0422,-86.6713,POINT (-86.6713 36.0422)
20190567561,07/30/2019 07:33:00 PM,2,0,0,,N,267831,11,Front to Rear,21,CLEAR,1,DAYLIGHT,12,MOTOR VEHICLE IN TRANSPORT,CHARLOTTE PKE & BROOK HOLLOW RD,NASHVILLE,TN,37205,5011,WEST,36.1354,-86.8864,POINT (-86.8864 36.1354)
20190213050,03/19/2019 08:10:00 AM,2,0,0,,N,628640,4,ANGLE,21,CLEAR,1,DAYLIGHT,12,MOTOR VEHICLE IN TRANSPORT,PEACHTREE ST & AUSTIN AV,NASHVILLE,TN,37210,8319,SOUTH,36.1205,-86.749,POINT (-86.749 36.1205)
20190263209,04/05/2019 03:24:00 PM,3,0,0,,N,579971,11,Front to Rear,22,CLOUDY,1,DAYLIGHT,12,MOTOR VEHICLE IN TRANSPORT,BLUE HOLE RD & CRYSTAL BROOK DR,ANTIOCH,TN,37013,8753,SOUTH,36.0389,-86.6774,POINT (-86.6774 36.0389)
20190184271,03/08/2019 12:40:00 PM,1,0,0,,N,267831,0,NOT COLLISION W/MOTOR VEHICLE-TRANSPORT,2,RAIN,1,DAYLIGHT,24,GUARDRAIL FACE,MCCRORY LN & BEAUTIFUL VALLEY DR,NASHVILLE,TN,37221,4713,WEST,36.0831,-87.024,POINT (-87.024 36.0831)
20190248461,03/31/2019 02:35:00 PM,2,0,0,,N,279214,4,ANGLE,21,CLEAR,1,DAYLIGHT,12,MOTOR VEHICLE IN TRANSPORT,CALDWELL AV & 12TH AVS,NASHVILLE,TN,37212,6601,MIDTOW,36.1334,-86.79,POINT (-86.79 36.1334)
20190084198,01/31/2019 06:01:00 PM,2,1,0,,N,725756,11,Front to Rear,21,CLEAR,3,DARK - LIGHTED,12,MOTOR VEHICLE IN TRANSPORT,SAWYER BROWN RD & PLANTATION CT,NASHVILLE,TN,37221,4811,WEST,36.0742,-86.9462,POINT (-86.9462 36.0742)
20190119605,02/13/2019 02:05:00 PM,4,2,0,,N,226136,11,Front to Rear,21,CLEAR,1,DAYLIGHT,12,MOTOR VEHICLE IN TRANSPORT,MM 3 7 I 440,NASHVILLE,TN,37215,6420,MIDTOW,36.116,-86.7951,POINT (-86.7951 36.116)
20190523158,07/12/2019 05:23:00 PM,2,0,0,,N,267831,11,Front to Rear,21,CLEAR,1,DAYLIGHT,12,MOTOR VEHICLE IN TRANSPORT,CHARLOTTE AV & 46TH AVN,NASHVILLE,TN,37209,5203,WEST,36.1522,-86.8422,POINT (-86.8422 36.1522)
20190263211,04/05/2019 03:03:00 PM,2,0,0,,N,206675,11,Front to Rear,21,CLEAR,1,DAYLIGHT,12,MOTOR VEHICLE IN TRANSPORT,OLD HICKORY BLVD & BRENTWOOD COMMONS WAY,BRENTWOOD,TN,37027,8623,MIDTOW,36.0412,-86.7766,POINT (-86.7766 36.0412)
20190438847,06/09/2019 02:15:00 PM,2,0,0,,N,343522,11,Front to Rear,21,CLEAR,1,DAYLIGHT,12,MOTOR VEHICLE IN TRANSPORT,OLD HICKORY BLVD & HIGHWAY 100,NASHVILLE,TN,37221,6211,WEST,36.0623,-86.9046,POINT (-86.9046 36.0623)
20190480697,06/25/2019 04:30:00 PM,2,0,0,,Y,420040,5,SIDESWIPE - SAME DIRECTION,21,CLEAR,1,DAYLIGHT,12,MOTOR VEHICLE IN TRANSPORT,14TH AVS & DEMONBREUN ST,NASHVILLE,TN,37203,6721,MIDTOW,36.1536,-86.7884,POINT (-86.7884 36.1536)
20190184726,03/08/2019 04:37:00 PM,2,0,0,,N,876597,4,ANGLE,2,RAIN,1,DAYLIGHT,12,MOTOR VEHICLE IN TRANSPORT,MURFREESBORO PKE & UNA ANTIOCH PKE,NASHVILLE,TN,37217,8937,HERMIT,36.0854,-86.6479,POINT (-86.6479 36.0854)
20190354755,05/08/2019 10:26:00 PM,2,1,0,,Y,169414,4,ANGLE,21,CLEAR,2,DARK - NOT LIGHTED,12,MOTOR VEHICLE IN TRANSPORT,HAMILTON CHURCH & MT VIEW,ANTIOCH,TN,37013,8925,SOUTH,36.0628,-86.6082,POINT (-86.6082 36.0628)
20190208290,03/17/2019 05:11:00 PM,2,0,0,,N,579971,11,Front to Rear,21,CLEAR,5,DUSK,12,MOTOR VEHICLE IN TRANSPORT,ILAWOOD DR & ILAWOOD CT,ANTIOCH,TN,37013,8757,SOUTH,36.0404,-86.7064,POINT (-86.7064 36.0404)
20190564671,07/29/2019 04:20:00 PM,3,1,0,,N,279224,11,Front to Rear,21,CLEAR,1,DAYLIGHT,12,MOTOR VEHICLE IN TRANSPORT,MM 49 1 I 24,NASHVILLE,TN,37206,10040,EAST,36.1647,-86.7634,POINT (-86.7634 36.1647)
20190341015,05/03/2019 03:26:00 PM,2,0,0,,N,834813,11,Front to Rear,22,CLOUDY,1,DAYLIGHT,12,MOTOR VEHICLE IN TRANSPORT,MM 35 0 I 24,JOELTON,TN,37080,3318,NORTH,36.3239,-86.867,POINT (-86.867 36.3239)
20190077641,01/29/2019 07:53:00 PM,3,0,0,,Y,256389,11,Front to Rear,21,CLEAR,3,DARK - LIGHTED,12,MOTOR VEHICLE IN TRANSPORT,MM 209 7 I 40,NASHVILLE,TN,37203,4004,CENTRA,36.1492,-86.7812,POINT (-86.7812 36.1492)
20190281825,04/12/2019 02:52:00 PM,2,0,0,,Y,580819,4,ANGLE,22,CLOUDY,1,DAYLIGHT,14,PARKED MOTOR VEHICLE,2ND AVN & JAMES ROBERTSON PKWY,NASHVILLE,TN,37201,4201,CENTRA,36.1681,-86.779,POINT (-86.779 36.1681)
20190170528,03/04/2019 12:00:00 AM,3,0,0,,N,298865,4,ANGLE,21,CLEAR,1,DAYLIGHT,14,PARKED MOTOR VEHICLE,CREEKWOOD DR & LARKSPUR DR,NASHVILLE,TN,37207,2005,MADISO,36.2347,-86.767,POINT (-86.767 36.2347)
20190115963,02/12/2019 12:52:00 PM,2,0,0,,N,620072,5,SIDESWIPE - SAME DIRECTION,2,RAIN,1,DAYLIGHT,12,MOTOR VEHICLE IN TRANSPORT,20TH AVN & MURPHY AV,NASHVILLE,TN,37203,5507,MIDTOW,36.1562,-86.8029,POINT (-86.8029 36.1562)
20190241275,03/28/2019 04:15:00 PM,2,0,0,,N,320577,4,ANGLE,21,CLEAR,1,DAYLIGHT,12,MOTOR VEHICLE IN TRANSPORT,GRAYBAR LN & BELMONT BLVD,NASHVILLE,TN,37215,6415,MIDTOW,36.1103,-86.8004,POINT (-86.8004 36.1103)
20190088579,02/02/2019 12:00:00 AM,2,0,0,,N,240947,11,Front to Rear,21,CLEAR,2,DARK - NOT LIGHTED,14,PARKED MOTOR VEHICLE,ELLISTON ST & 15TH ST,OLD HICKORY,TN,37138,9735,HERMIT,36.248,-86.7189,POINT (-86.7189 36.248)
20190431000,06/06/2019 08:46:00 AM,2,0,0,,N,716886,5,SIDESWIPE - SAME DIRECTION,21,CLEAR,1,DAYLIGHT,12,MOTOR VEHICLE IN TRANSPORT,MURFREESBORO PKE & MOUNTAIN SPRINGS RD,ANTIOCH,TN,37013,8927,SOUTH,36.0478,-86.6121,POINT (-86.6121 36.0478)
20190328624,04/29/2019 09:24:00 AM,2,1,0,,N,166478,11,Front to Rear,21,CLEAR,1,DAYLIGHT,12,MOTOR VEHICLE IN TRANSPORT,MM 85 5 I 65,NASHVILLE,TN,37208,4304,CENTRA,36.1888,-86.793,POINT (-86.793 36.1888)
20190028973,01/11/2019 12:00:00 AM,2,0,0,,N,279200,5,SIDESWIPE - SAME DIRECTION,2,RAIN,3,DARK - LIGHTED,12,MOTOR VEHICLE IN TRANSPORT,3RD AVN & BROADWAY,NASHVILLE,TN,37201,4105,CENTRA,36.1621,-86.7764,POINT (-86.7764 36.1621)
20190171339,03/04/2019 12:18:00 PM,2,0,0,,N,580819,5,SIDESWIPE - SAME DIRECTION,21,CLEAR,1,DAYLIGHT,12,MOTOR VEHICLE IN TRANSPORT,2ND AVS & SHELBY ST PEDESTRIAN BRIDGE GR,NASHVILLE,TN,37201,4063,CENTRA,36.1608,-86.7745,POINT (-86.7745 36.1608)
20190519940,07/11/2019 01:28:00 PM,3,1,0,Y,N,267831,4,ANGLE,21,CLEAR,1,DAYLIGHT,12,MOTOR VEHICLE IN TRANSPORT,HIGHWAY 70S & BELLEVUE CTR PVTDR,NASHVILLE,TN,37221,4811,WEST,36.0785,-86.9508,POINT (-86.9508 36.0785)
20190246044,03/30/2019 11:00:00 AM,2,1,0,,N,140790,4,ANGLE,22,CLOUDY,1,DAYLIGHT,12,MOTOR VEHICLE IN TRANSPORT,LEBANON PKE & SPENCE ENCLAVE CT,NASHVILLE,TN,37210,9019,HERMIT,36.1537,-86.7185,POINT (-86.7185 36.1537)
20190476800,06/24/2019 08:40:00 AM,1,0,0,,N,332253,0,NOT COLLISION W/MOTOR VEHICLE-TRANSPORT,2,RAIN,1,DAYLIGHT,36,CONCRETE TRAFFIC BARRIER,MM 91 0 I 65,MADISON,TN,37115,20044,MADISO,36.2478,-86.7432,POINT (-86.7432 36.2478)
20190460157,06/17/2019 04:15:00 PM,2,0,0,,N,256448,4,ANGLE,21,CLEAR,1,DAYLIGHT,12,MOTOR VEHICLE IN TRANSPORT,MM 211 5 I 40,NASHVILLE,TN,37210,8204,HERMIT,36.1514,-86.7517,POINT (-86.7517 36.1514)
20190237690,03/27/2019 01:29:00 PM,2,0,0,,Y,676834,11,Front to Rear,21,CLEAR,1,DAYLIGHT,12,MOTOR VEHICLE IN TRANSPORT,28TH AVN & I40 W EXT RAMP,NASHVILLE,TN,37209,4521,NORTH,36.1652,-86.8201,POINT (-86.8201 36.1652)