Accident Number,Date and Time,Number of Motor Vehicles,Number of Injuries,Number of Fatalities,Property Damage,Hit and Run,Reporting Officer,Collision Type Code,Collision Type Description,Weather Code,Weather Description,Illumination Code,Illumination Description,Harmful Code,Harmful Code Description,Street Address,City,State,ZIP,RPA,Precinct,Latitude,Longitude,Mapped Location
20190044160,01/17/2019 01:36:00 PM,2,0,0,,N,320575,4,ANGLE,22,CLOUDY,1,DAYLIGHT,12,MOTOR VEHICLE IN TRANSPORT,MURFREESBORO PKE & BRITISH WOODS DR,NASHVILLE,TN,37217,8853,SOUTH,36.0914,-86.6514,POINT (-86.6514 36.0914)
20190463502,06/18/2019 10:25:00 PM,2,1,0,,N,240957,11,Front to Rear,21,CLEAR,1,DAYLIGHT,12,MOTOR VEHICLE IN TRANSPORT,EDMONDSON PKE & BRIARWOOD DR,NASHVILLE,TN,37211,8659,MIDTOW,36.0682,-86.737,POINT (-86.737 36.0682)
20190125598,02/15/2019 01:13:00 PM,1,0,0,Y,Y,716886,0,NOT COLLISION W/MOTOR VEHICLE-TRANSPORT,21,CLEAR,1,DAYLIGHT,47,FIRE HYDRANT,GRACE FALLS DR & PIN OAK DR,ANTIOCH,TN,37013,8905,SOUTH,36.0551,-86.5898,POINT (-86.5898 36.0551)
20190569370,07/31/2019 12:35:00 PM,2,0,0,,N,594473,11,Front to Rear,21,CLEAR,1,DAYLIGHT,12,MOTOR VEHICLE IN TRANSPORT,14TH AVS & BROADWAY,NASHVILLE,TN,37203,5701,MIDTOW,36.1557,-86.7897,POINT (-86.7897 36.1557)
20190083310,01/31/2019 11:55:00 AM,2,0,0,,Y,226136,16,Rear to Side,21,CLEAR,1,DAYLIGHT,12,MOTOR VEHICLE IN TRANSPORT,THOMPSON LN & FOSTER AV,NASHVILLE,TN,37211,8425,SOUTH,36.1108,-86.7433,POINT (-86.7433 36.1108)
20190233886,03/26/2019 06:41:00 AM,2,0,0,,N,226134,5,SIDESWIPE - SAME DIRECTION,21,CLEAR,1,DAYLIGHT,12,MOTOR VEHICLE IN TRANSPORT,LUKER LN & HILL BENNETT CIR,ANTIOCH,TN,37013,8713,SOUTH,36.0554,-86.6912,POINT (-86.6912 36.0554)
20190090226,02/03/2019 12:03:00 AM,2,2,0,,N,405404,4,ANGLE,21,CLEAR,3,DARK - LIGHTED,12,MOTOR VEHICLE IN TRANSPORT,NOLENSVILLE PKE & PARAGON MILLS RD,NASHVILLE,TN,37211,8421,SOUTH,36.0848,-86.7281,POINT (-86.7281 36.0848)
20190189399,03/10/2019 08:24:00 PM,2,1,0,,N,240979,2,HEAD-ON,21,CLEAR,3,DARK - LIGHTED,12,MOTOR VEHICLE IN TRANSPORT,OLD HICKORY BLVDW & E MARTHONA RD,MADISON,TN,37115,1749,MADISO,36.2642,-86.7272,POINT (-86.7272 36.2642)
20190299830,04/18/2019 06:10:00 PM,2,0,0,,N,299257,4,ANGLE,21,CLEAR,1,DAYLIGHT,12,MOTOR VEHICLE IN TRANSPORT,OLD HICKORY BLVD & SEVEN SPRINGS WAY,BRENTWOOD,TN,37027,8619,MIDTOW,36.0403,-86.7684,POINT (-86.7684 36.0403)
20190567200,07/30/2019 04:35:00 PM,2,0,0,,N,352213,11,Front to Rear,21,CLEAR,1,DAYLIGHT,12,MOTOR VEHICLE IN TRANSPORT,MM 2 3 I 440,NASHVILLE,TN,37215,6006,WEST,36.1262,-86.8146,POINT (-86.8146 36.1262)
20190123739,02/14/2019 10:10:00 PM,2,0,0,,Y,240959,4,ANGLE,21,CLEAR,3,DARK - LIGHTED,12,MOTOR VEHICLE IN TRANSPORT,GALLATIN PKE & MAYNOR AV,NASHVILLE,TN,37216,1417,EAST,36.2069,-86.7362,POINT (-86.7362 36.2069)
20190399785,05/25/2019 07:10:00 AM,2,1,0,,N,166478,11,Front to Rear,21,CLEAR,1,DAYLIGHT,14,PARKED MOTOR VEHICLE,BUENA VISTA PKE & HILLMORE DR,NASHVILLE,TN,37207,3043,NORTH,36.2154,-86.8182,POINT (-86.8182 36.2154)
20190332303,04/30/2019 03:14:00 PM,2,0,0,,N,405404,11,Front to Rear,21,CLEAR,1,DAYLIGHT,12,MOTOR VEHICLE IN TRANSPORT,GALLATIN PKES & E PALESTINE AV,MADISON,TN,37115,1507,MADISO,36.2491,-86.7196,POINT (-86.7196 36.2491)
20190418642,06/01/2019 11:53:00 AM,2,1,0,,N,240952,5,SIDESWIPE - SAME DIRECTION,21,CLEAR,1,DAYLIGHT,12,MOTOR VEHICLE IN TRANSPORT,OLD HICKORY BLVD & I24 W EXT RAMP,ANTIOCH,TN,37013,8869,SOUTH,36.0158,-86.6201,POINT (-86.6201 36.0158)
20190197603,03/13/2019 02:00:00 PM,2,1,0,,N,633391,4,ANGLE,21,CLEAR,1,DAYLIGHT,12,MOTOR VEHICLE IN TRANSPORT,HIGHWAY 70S & BELLEVUE CTR PVTDR,NASHVILLE,TN,37221,4811,WEST,36.0785,-86.9508,POINT (-86.9508 36.0785)
20190206179,03/16/2019 03:55:00 PM,2,0,0,,N,299244,11,Front to Rear,21,CLEAR,1,DAYLIGHT,12,MOTOR VEHICLE IN TRANSPORT,MM 48 1 I 24,NASHVILLE,TN,37207,1106,EAST,36.1742,-86.7706,POINT (-86.7706 36.1742)
20190072336,01/28/2019 05:40:00 AM,2,1,0,,N,320592,98,OTHER,21,CLEAR,1,DAYLIGHT,12,MOTOR VEHICLE IN TRANSPORT,LEBANON PKE & OMOHUNDRO PL,NASHVILLE,TN,37210,9011,HERMIT,36.1545,-86.7398,POINT (-86.7398 36.1545)
20190376347,05/16/2019 09:45:00 PM,1,1,0,,Y,256412,0,NOT COLLISION W/MOTOR VEHICLE-TRANSPORT,21,CLEAR,2,DARK - NOT LIGHTED,8,PEDESTRIAN,0 NOLENSVILLE PKE,NASHVILLE,TN,37211,8445,SOUTH,36.082,-86.7269,POINT (-86.7269 36.082)
20190290142,04/15/2019 10:19:00 PM,1,0,0,Y,Y,256383,0,NOT COLLISION W/MOTOR VEHICLE-TRANSPORT,21,CLEAR,2,DARK - NOT LIGHTED,30;41;42,UTILITY POLE;SHRUBBERY;TREE,MT VIEW RD & SANTI LN,ANTIOCH,TN,37013,8865,SOUTH,36.0492,-86.6261,POINT (-86.6261 36.0492)
20190384503,05/20/2019 09:00:00 AM,2,0,0,,N,226136,11,Front to Rear,22,CLOUDY,1,DAYLIGHT,12,MOTOR VEHICLE IN TRANSPORT,WEDGEWOOD AV & ACKLEN AV,NASHVILLE,TN,37203,6905,MIDTOW,36.1343,-86.781,POINT (-86.781 36.1343)
20190187713,03/09/2019 10:45:00 PM,2,0,0,,N,311800,11,Front to Rear,22,CLOUDY,3,DARK - LIGHTED,12,MOTOR VEHICLE IN TRANSPORT,JAMES ROBERTSON PKWY & GAY ST,NASHVILLE,TN,37219,4203,CENTRA,36.192,-86.7173,POINT (-86.7173 36.192)
20190032485,01/13/2019 01:04:00 PM,2,1,0,,N,375570,4,ANGLE,22,CLOUDY,1,DAYLIGHT,12,MOTOR VEHICLE IN TRANSPORT,GALLATIN PKEN & OLD TIME VILLAGE PVTDR,MADISON,TN,37115,1701,MADISO,36.2638,-86.7117,POINT (-86.7117 36.2638)
20190450386,06/13/2019 04:24:00 PM,2,0,0,,N,342952,11,Front to Rear,21,CLEAR,1,DAYLIGHT,12,MOTOR VEHICLE IN TRANSPORT,NOLENSVILLE PKE & NORTHCREST DR,NASHVILLE,TN,37211,8711,SOUTH,36.0667,-86.7179,POINT (-86.7179 36.0667)
20190537616,07/18/2019 04:00:00 PM,1,1,0,,N,419972,0,NOT COLLISION W/MOTOR VEHICLE-TRANSPORT,2,RAIN,1,DAYLIGHT,36,CONCRETE TRAFFIC BARRIER,MM 205 3 I 40,NASHVILLE,TN,37209,45045,WEST,36.1543,-86.8337,POINT (-86.8337 36.1543)
20190112611,02/11/2019 11:15:00 AM,2,0,0,,N,690942,11,Front to Rear,22,CLOUDY,1,DAYLIGHT,12,MOTOR VEHICLE IN TRANSPORT,12TH AVS & LAUREL ST,NASHVILLE,TN,37203,4015,CENTRA,36.1531,-86.7853,POINT (-86.7853 36.1531)
20190181898,03/07/2019 05:24:00 PM,2,0,0,,Y,298858,11,Front to Rear,21,CLEAR,3,DARK - LIGHTED,12,MOTOR VEHICLE IN TRANSPORT,1ST AVS & KOREAN VETERANS BLVD,NASHVILLE,TN,37201,4051,CENTRA,36.1584,-86.772,POINT (-86.772 36.1584)
20190538023,07/18/2019 05:18:00 PM,2,2,0,Y,N,405418,4,ANGLE,2,RAIN,1,DAYLIGHT,12;7,MOTOR VEHICLE IN TRANSPORT,BLACKMAN RD & SHADESCREST DR,NASHVILLE,TN,37211,8611,MIDTOW,36.0742,-86.7378,POINT (-86.7378 36.0742)
20190025324,01/10/2019 02:41:00 PM,2,0,0,,N,579971,4,ANGLE,21,CLEAR,1,DAYLIGHT,12,MOTOR VEHICLE IN TRANSPORT,BELL RD & BEECHWOOD TER,ANTIOCH,TN,37013,8753,SOUTH,36.0449,-86.6684,POINT (-86.6684 36.0449)
20190244014,03/29/2019 02:40:00 PM,2,1,0,,N,620080,11,Front to Rear,21,CLEAR,1,DAYLIGHT,12,MOTOR VEHICLE IN TRANSPORT,MURFREESBORO PKE & DELL PKWY,NASHVILLE,TN,37217,8841,SOUTH,36.1084,-86.6782,POINT (-86.6782 36.1084)
20190565428,07/29/2019 11:59:00 PM,2,0,0,,N,330416,11,Front to Rear,21,CLEAR,3,DARK - LIGHTED,12,MOTOR VEHICLE IN TRANSPORT,MM 93 2 I 65,MADISON,TN,37115,17062,MADISO,36.2787,-86.7343,POINT (-86.7343 36.2787)
20190397948,05/24/2019 02:40:00 PM,2,0,0,,N,240955,4,ANGLE,21,CLEAR,1,DAYLIGHT,12,MOTOR VEHICLE IN TRANSPORT,W OAK HIGHLAND DR & BLUE HOLE RD,ANTIOCH,TN,37013,8755,SOUTH,36.0352,-86.676,POINT (-86.676 36.0352)
20190200145,03/14/2019 12:10:00 PM,2,0,0,,N,226136,11,Front to Rear,22,CLOUDY,1,DAYLIGHT,12,MOTOR VEHICLE IN TRANSPORT,OLD HICKORY BLVD & I65 N EXT RAMP,BRENTWOOD,TN,37027,8623,MIDTOW,36.0399,-86.781,POINT (-86.781 36.0399)
20190488772,06/28/2019 01:00:00 PM,2,0,0,,N,279227,11,Front to Rear,21,CLEAR,1,DAYLIGHT,12,MOTOR VEHICLE IN TRANSPORT,MM 58 4 I 24,ANTIOCH,TN,37013,8857,SOUTH,36.0537,-86.6728,POINT (-86.6728 36.0537)
20190474077,06/22/2019 09:03:00 PM,2,0,0,,Y,212346,4,ANGLE,21,CLEAR,3,DARK - LIGHTED,12,MOTOR VEHICLE IN TRANSPORT,5TH AVS & BROADWAY,NASHVILLE,TN,37203,4089,CENTRA,36.1605,-86.7784,POINT (-86.7784 36.1605)
20190514672,07/09/2019 12:40:00 PM,2,0,0,,Y,834813,5,SIDESWIPE - SAME DIRECTION,21,CLEAR,1,DAYLIGHT,12,MOTOR VEHICLE IN TRANSPORT,MM 42 8 I 24,WHITES CREEK,TN,37189,3226,NORTH,36.2473,-86.7841,POINT (-86.7841 36.2473)
20190413828,05/30/2019 06:14:00 PM,2,0,0,,N,151132,11,Front to Rear,21,CLEAR,1,DAYLIGHT,12,MOTOR VEHICLE IN TRANSPORT,MM 40 5 I 24,WHITES CREEK,TN,37189,3314,NORTH,36.2776,-86.8006,POINT (-86.8006 36.2776)
20190032989,01/13/2019 07:20:00 PM,2,0,0,,N,299238,5,SIDESWIPE - SAME DIRECTION,21,CLEAR,3,DARK - LIGHTED,12,MOTOR VEHICLE IN TRANSPORT,WOODLAND ST & N 11TH ST,NASHVILLE,TN,37206,1201,EAST,36.1773,-86.7505,POINT (-86.7505 36.1773)
20190550795,07/23/2019 10:00:00 PM,1,0,0,Y,N,156308,0,NOT COLLISION W/MOTOR VEHICLE-TRANSPORT,21,CLEAR,3,DARK - LIGHTED,32;40;41,CULVERT;MAIL BOX;SHRUBBERY,S HAMILTON RD & HYDES FERRY RD,NASHVILLE,TN,37218,3117,NORTH,36.1889,-86.8363,POINT (-86.8363 36.1889)
20190403366,05/27/2019 01:27:00 AM,1,1,0,Y,N,299254,0,NOT COLLISION W/MOTOR VEHICLE-TRANSPORT,21,CLEAR,3,DARK - LIGHTED,30;63,UTILITY POLE;Ran Off Road-Right,LEWIS ST & N HILL ST,NASHVILLE,TN,37210,8135,SOUTH,36.145,-86.759,POINT (-86.759 36.145)
20190030566,01/12/2019 03:00:00 PM,2,0,0,,N,633391,4,ANGLE,22,CLOUDY,1,DAYLIGHT,12,MOTOR VEHICLE IN TRANSPORT,HIGHWAY 100 & OLD HICKORY BLVD,NASHVILLE,TN,37221,6213,WEST,36.0609,-86.9153,POINT (-86.9153 36.0609)
20190383920,05/20/2019 03:00:00 AM,2,0,0,,Y,197067,11,Front to Rear,21,CLEAR,3,DARK - LIGHTED,12;14,MOTOR VEHICLE IN TRANSPORT;PARKED MOTOR VEHICLE,MM 0 0 PARKING LOT,NASHVILLE,TN,37201,4093,CENTRA,36.1608,-86.7763,POINT (-86.7763 36.1608)
20190268180,04/07/2019 08:27:00 PM,2,1,0,,N,212346,4,ANGLE,22,CLOUDY,3,DARK - LIGHTED,12,MOTOR VEHICLE IN TRANSPORT,2ND AVN & MONROE ST,NASHVILLE,TN,37208,4315,CENTRA,36.1782,-86.7855,POINT (-86.7855 36.1782)
20190082707,01/31/2019 07:50:00 AM,2,0,0,,N,226136,4,ANGLE,21,CLEAR,1,DAYLIGHT,12,MOTOR VEHICLE IN TRANSPORT,WEST END AV & 33RD AVS,NASHVILLE,TN,37212,5817,MIDTOW,36.1413,-86.8169,POINT (-86.8169 36.1413)
20190341878,05/03/2019 11:25:00 PM,2,0,0,,N,311800,4,ANGLE,21,CLEAR,3,DARK - LIGHTED,12,MOTOR VEHICLE IN TRANSPORT,CHARLOTTE AV & 7TH AVN,NASHVILLE,TN,37219,4157,CENTRA,36.1648,-86.7844,POINT (-86.7844 36.1648)
20190425662,06/04/2019 11:45:00 AM,2,0,0,,N,665896,4,ANGLE,22,CLOUDY,1,DAYLIGHT,12,MOTOR VEHICLE IN TRANSPORT,DOUGLAS AV & GALLATIN AV,NASHVILLE,TN,37206,1325,EAST,36.1927,-86.7444,POINT (-86.7444 36.1927)
20190544807,07/21/2019 04:43:00 PM,2,0,0,,Y,240957,11,Front to Rear,21,CLEAR,1,DAYLIGHT,12,MOTOR VEHICLE IN TRANSPORT,OLD HICKORY BLVD & BRENTWOOD EAST DR,NASHVILLE,TN,37211,8651,MIDTOW,36.0452,-86.7154,POINT (-86.7154 36.0452)
20190048980,01/19/2019 06:50:00 AM,1,1,0,,N,279227,0,NOT COLLISION W/MOTOR VEHICLE-TRANSPORT,2,RAIN,1,DAYLIGHT,1;71,EMBANKMENT EARTH,300 EAST THOMPSON LN,NASHVILLE,TN,37211,8803,SOUTH,36.1264,-86.7131,POINT (-86.7131 36.1264)
20190084081,01/31/2019 05:30:00 PM,3,0,0,,N,320581,11,Front to Rear,21,CLEAR,3,DARK - LIGHTED,12,MOTOR VEHICLE IN TRANSPORT,MM 80 1 I 65,NASHVILLE,TN,37204,7018,MIDTOW,36.1151,-86.773,POINT (-86.773 36.1151)
20190534880,07/17/2019 03:50:00 PM,6,2,0,,N,717341,4,ANGLE,21,CLEAR,1,DAYLIGHT,12,MOTOR VEHICLE IN TRANSPORT,MURFREESBORO PKE & EZELL PKE,NASHVILLE,TN,37217,8841,SOUTH,36.1057,-86.6719,POINT (-86.6719 36.1057)
20190120350,02/13/2019 06:41:00 PM,2,0,0,,N,169425,5,SIDESWIPE - SAME DIRECTION,21,CLEAR,3,DARK - LIGHTED,12,MOTOR VEHICLE IN TRANSPORT,FRANKLIN PKE & HARDING PL,NASHVILLE,TN,37204,7027,MIDTOW,36.0866,-86.772,POINT (-86.772 36.0866)
20190250556,04/01/2019 10:02:00 AM,1,1,0,,N,225773,0,NOT COLLISION W/MOTOR VEHICLE-TRANSPORT,22,CLOUDY,1,DAYLIGHT,8,PEDESTRIAN,2000 GRAYBAR LN,NASHVILLE,TN,37215,6413,MIDTOW,36.111,-86.8106,POINT (-86.8106 36.111)
20190413063,05/30/2019 01:23:00 PM,2,1,0,,N,225777,4,ANGLE,22,CLOUDY,1,DAYLIGHT,12,MOTOR VEHICLE IN TRANSPORT,BRILEY PKWY & I40 W EXT RAMP,NASHVILLE,TN,37209,4696,WEST,36.153,-86.8576,POINT (-86.8576 36.153)
20190576089,08/02/2019 10:31:00 PM,2,0,0,,N,405418,11,Front to Rear,22,CLOUDY,3,DARK - LIGHTED,12,MOTOR VEHICLE IN TRANSPORT,MM 209 8 I 40,NASHVILLE,TN,37203,4004,CENTRA,36.149,-86.7794,POINT (-86.7794 36.149)
20190270095,04/08/2019 01:29:00 PM,2,0,0,Y,N,320592,2,HEAD-ON,22,CLOUDY,1,DAYLIGHT,13;40,MOTOR VEHICLE IN TRANSPORT-OTHER ROADWAY;MAIL BOX,MCGAVOCK PKE & CROSSFIELD DR,NASHVILLE,TN,37214,9109,HERMIT,36.1662,-86.6804,POINT (-86.6804 36.1662)
20190322266,04/26/2019 10:30:00 AM,2,0,0,,Y,226673,11,Front to Rear,21,CLEAR,1,DAYLIGHT,12,MOTOR VEHICLE IN TRANSPORT,SPRING ST & N 1ST ST,NASHVILLE,TN,37213,1985,CENTRA,36.177,-86.7746,POINT (-86.7746 36.177)
20190558163,07/26/2019 05:20:00 PM,2,0,0,,N,151132,5,SIDESWIPE - SAME DIRECTION,21,CLEAR,1,DAYLIGHT,12,MOTOR VEHICLE IN TRANSPORT,BRILEY PKWYW & BRUSH HILL RD,MADISON,TN,37115,1598,MADISO,36.2349,-86.7155,POINT (-86.7155 36.2349)
20190341811,05/03/2019 10:54:00 PM,2,1,0,,Y,309263,5,SIDESWIPE - SAME DIRECTION,21,CLEAR,3,DARK - LIGHTED,12,MOTOR VEHICLE IN TRANSPORT,MAIN ST & N 8TH ST,NASHVILLE,TN,37206,1119,EAST,36.1753,-86.7588,POINT (-86.7588 36.1753)
20190136368,02/19/2019 05:02:00 PM,2,0,0,,Y,256383,11,Front to Rear,2,RAIN,3,DARK - LIGHTED,12,MOTOR VEHICLE IN TRANSPORT,391 WALLACE RD,NASHVILLE,TN,37211,8701,SOUTH,36.0771,-86.721,POINT (-86.721 36.0771)
20190557659,07/26/2019 12:53:00 PM,3,4,0,,N,459522,11,Front to Rear,21,CLEAR,1,DAYLIGHT,12,MOTOR VEHICLE IN TRANSPORT,MM 49 0 I 24,NASHVILLE,TN,37206,10040,EAST,36.1664,-86.7647,POINT (-86.7647 36.1664)
20190279321,04/11/2019 03:55:00 PM,2,0,0,,Y,279124,5,SIDESWIPE - SAME DIRECTION,21,CLEAR,1,DAYLIGHT,12,MOTOR VEHICLE IN TRANSPORT,HAMILTON CHURCH RD & HOBSON PKE,ANTIOCH,TN,37013,8905,SOUTH,36.0586,-86.5978,POINT (-86.5978 36.0586)
20190151677,02/25/2019 07:28:00 AM,2,2,0,,N,298864,11,Front to Rear,21,CLEAR,1,DAYLIGHT,12;6,MOTOR VEHICLE IN TRANSPORT,S GRAYCROFT AV & FAIROAKS DR,MADISON,TN,37115,1779,MADISO,36.2531,-86.7339,POINT (-86.7339 36.2531)
20190254619,04/02/2019 06:00:00 PM,2,1,0,,N,279214,5,SIDESWIPE - SAME DIRECTION,21,CLEAR,1,DAYLIGHT,12,MOTOR VEHICLE IN TRANSPORT,MM 1 4 I 440,NASHVILLE,TN,37212,5908,MIDTOW,36.1368,-86.8213,POINT (-86.8213 36.1368)
20190236836,03/27/2019 07:31:00 AM,7,8,2,,N,109527,11,Front to Rear,21,CLEAR,1,DAYLIGHT,12,MOTOR VEHICLE IN TRANSPORT,ELM HILL PKE & NEILWORTH LN,NASHVILLE,TN,37214,9411,HERMIT,36.1431,-86.6518,POINT (-86.6518 36.1431)
20190455493,06/15/2019 12:00:00 AM,1,1,0,,N,212337,0,NOT COLLISION W/MOTOR VEHICLE-TRANSPORT,21,CLEAR,1,DAYLIGHT,7,,MM 88 0 I 65,NASHVILLE,TN,37207,18041,EAST,36.2165,-86.775,POINT (-86.775 36.2165)
20190222883,03/22/2019 08:09:00 AM,2,0,0,,N,225773,11,Front to Rear,21,CLEAR,1,DAYLIGHT,12,MOTOR VEHICLE IN TRANSPORT,I440 W ENT RAMP & I 440,NASHVILLE,TN,37210,81021,SOUTH,36.1259,-86.7322,POINT (-86.7322 36.1259)
20190338578,05/02/2019 05:53:00 PM,3,0,0,,N,299257,11,Front to Rear,21,CLEAR,1,DAYLIGHT,12,MOTOR VEHICLE IN TRANSPORT,FRANKLIN PKE & S CURTISWOOD LN,NASHVILLE,TN,37204,7027,MIDTOW,36.0881,-86.7718,POINT (-86.7718 36.0881)
20190149857,02/24/2019 12:00:00 AM,1,2,0,,N,320575,0,NOT COLLISION W/MOTOR VEHICLE-TRANSPORT,21,CLEAR,1,DAYLIGHT,42;64,TREE;Ran Off Road-Left,UNA ANTIOCH PKE & HUNTERS GREEN CIR,ANTIOCH,TN,37013,8861,SOUTH,36.0757,-86.661,POINT (-86.661 36.0757)
20190369407,05/14/2019 04:54:00 PM,3,2,0,,N,151132,2,HEAD-ON,21,CLEAR,1,DAYLIGHT,12,MOTOR VEHICLE IN TRANSPORT,EWING DR & BRICK CHURCH PKE,NASHVILLE,TN,37207,2031,MADISO,36.025,-86.721,POINT (-86.721 36.025)
20190044490,01/17/2019 04:20:00 PM,1,0,0,,N,281611,0,NOT COLLISION W/MOTOR VEHICLE-TRANSPORT,2,RAIN,1,DAYLIGHT,34,DITCH,MCCRORY LN & RUSSELL RD,NASHVILLE,TN,37221,4801,WEST,36.0544,-86.9885,POINT (-86.9885 36.0544)
20190049848,01/19/2019 06:07:00 PM,2,0,0,,N,279224,11,Front to Rear,2,RAIN,3,DARK - LIGHTED,12,MOTOR VEHICLE IN TRANSPORT,MAPLEWOOD TRC & W MAPLEWOOD LN,NASHVILLE,TN,37207,1807,EAST,36.2331,-86.7587,POINT (-86.7587 36.2331)
20190522826,07/12/2019 04:27:00 PM,2,2,0,,N,151132,4,ANGLE,21,CLEAR,1,DAYLIGHT,12,MOTOR VEHICLE IN TRANSPORT,CHESAPEAKE DR & BRICK CHURCH PKE,NASHVILLE,TN,37207,2033,MADISO,36.2462,-86.7793,POINT (-86.7793 36.2462)
20190183571,03/08/2019 07:45:00 AM,2,1,0,,N,594473,4,ANGLE,2,RAIN,1,DAYLIGHT,12,MOTOR VEHICLE IN TRANSPORT,CHARLOTTE AV & FISK ST,NASHVILLE,TN,37203,5401,NORTH,36.1586,-86.7987,POINT (-86.7987 36.1586)
20190458914,06/17/2019 07:15:00 AM,2,1,0,,N,279110,11,Front to Rear,21,CLEAR,1,DAYLIGHT,12,MOTOR VEHICLE IN TRANSPORT,THOMPSON LN & NOLENSVILLE PKE,NASHVILLE,TN,37211,8519,MIDTOW,36.1109,-86.7452,POINT (-86.7452 36.1109)
20190234794,03/26/2019 02:20:00 PM,3,2,0,,N,772946,5,SIDESWIPE - SAME DIRECTION,21,CLEAR,1,DAYLIGHT,12,MOTOR VEHICLE IN TRANSPORT,10TH AVN & JEFFERSON ST,NASHVILLE,TN,37208,4243,NORTH,36.1724,-86.7948,POINT (-86.7948 36.1724)
20190470924,06/21/2019 10:45:00 AM,2,0,0,,N,223502,11,Front to Rear,21,CLEAR,1,DAYLIGHT,12,MOTOR VEHICLE IN TRANSPORT,THOMPSON LN & SIMMONS AV,NASHVILLE,TN,37211,8425,SOUTH,36.1106,-86.7413,POINT (-86.7413 36.1106)
20190072621,01/28/2019 08:15:00 AM,3,0,0,,N,320601,11,Front to Rear,21,CLEAR,1,DAYLIGHT,12,MOTOR VEHICLE IN TRANSPORT,MM 52 0 I 24,NASHVILLE,TN,37217,8816,SOUTH,36.1329,-86.7267,POINT (-86.7267 36.1329)
20190361588,05/11/2019 11:40:00 AM,2,0,0,,Y,887591,11,Front to Rear,22,CLOUDY,1,DAYLIGHT,12,MOTOR VEHICLE IN TRANSPORT,HARDING PL & METROPLEX DR,NASHVILLE,TN,37211,8889,SOUTH,36.0868,-86.6959,POINT (-86.6959 36.0868)
20190505242,07/04/2019 11:20:00 PM,2,0,0,,Y,156308,11,Front to Rear,21,CLEAR,2,DARK - NOT LIGHTED,14,PARKED MOTOR VEHICLE,LEAWOOD DR & HINKLE DR,NASHVILLE,TN,37218,3173,NORTH,36.1815,-86.8351,POINT (-86.8351 36.1815)
20190187931,03/10/2019 01:10:00 AM,3,0,0,,Y,212335,5,SIDESWIPE - SAME DIRECTION,22,CLOUDY,2,DARK - NOT LIGHTED,14,PARKED MOTOR VEHICLE,UNION ST EXT RAMP & UNION ST,NASHVILLE,TN,37201,4135,CENTRA,36.166,-86.7778,POINT (-86.7778 36.166)
20190313802,04/23/2019 04:19:00 PM,2,0,0,,N,179606,5,SIDESWIPE - SAME DIRECTION,21,CLEAR,1,DAYLIGHT,12,MOTOR VEHICLE IN TRANSPORT,MM 79 5 I 65,NASHVILLE,TN,37204,70042,MIDTOW,36.106,-86.7678,POINT (-86.7678 36.106)
20190460893,06/17/2019 11:40:00 PM,2,0,0,,N,320598,4,ANGLE,2,RAIN,3,DARK - LIGHTED,12,MOTOR VEHICLE IN TRANSPORT,HARDING PL & HILLSBORO PKE,NASHVILLE,TN,37215,6311,MIDTOW,36.0914,-86.8285,POINT (-86.8285 36.0914)
20190041508,01/16/2019 02:30:00 PM,2,0,0,,N,311338,5,SIDESWIPE - SAME DIRECTION,22,CLOUDY,1,DAYLIGHT,12,MOTOR VEHICLE IN TRANSPORT,ATHENS WAY & GREAT CIRCLE RD,NASHVILLE,TN,37228,4499,NORTH,36.199,-86.7982,POINT (-86.7982 36.199)
20190135735,02/19/2019 01:02:00 PM,2,0,0,,N,665896,4,ANGLE,22,CLOUDY,1,DAYLIGHT,12,MOTOR VEHICLE IN TRANSPORT,GALLATIN AV & FORREST AV,NASHVILLE,TN,37206,1241,EAST,36.1803,-86.7498,POINT (-86.7498 36.1803)
20190564814,07/29/2019 05:03:00 PM,2,0,0,,N,256380,4,ANGLE,21,CLEAR,1,DAYLIGHT,12,MOTOR VEHICLE IN TRANSPORT,I65 N EXT RAMP & I 65,NASHVILLE,TN,37207,1863,EAST,36.2057,-86.7747,POINT (-86.7747 36.2057)
20190565096,07/29/2019 08:36:00 PM,1,1,0,,N,256380,0,NOT COLLISION W/MOTOR VEHICLE-TRANSPORT,21,CLEAR,2,DARK - NOT LIGHTED,8,PEDESTRIAN,GARFIELD ST & DELTA AV,NASHVILLE,TN,37208,4347,NORTH,36.1798,-86.7987,POINT (-86.7987 36.1798)
20190430068,06/06/2019 12:35:00 AM,2,0,0,,N,320583,11,Front to Rear,21,CLEAR,3,DARK - LIGHTED,12,MOTOR VEHICLE IN TRANSPORT,WEST END AV & 24TH AVN,NASHVILLE,TN,37203,5715,MIDTOW,36.1482,-86.8059,POINT (-86.8059 36.1482)
20190175107,03/05/2019 03:24:00 PM,2,0,0,,N,256379,4,ANGLE,21,CLEAR,1,DAYLIGHT,12,MOTOR VEHICLE IN TRANSPORT,GLENROSE AV & WHITSETT RD,NASHVILLE,TN,37210,8359,SOUTH,36.1194,-86.7301,POINT (-86.7301 36.1194)
20190347720,05/06/2019 02:30:00 PM,2,0,0,,N,151132,11,Front to Rear,21,CLEAR,1,DAYLIGHT,12,MOTOR VEHICLE IN TRANSPORT,GALLATIN PKEN & ONE MILE PKWY,MADISON,TN,37115,1717,MADISO,36.2794,-86.7088,POINT (-86.7088 36.2794)