Accident Number,Date and Time,Number of Motor Vehicles,Number of Injuries,Number of Fatalities,Property Damage,Hit and Run,Reporting Officer,Collision Type Code,Collision Type Description,Weather Code,Weather Description,Illumination Code,Illumination Description,Harmful Code,Harmful Code Description,Street Address,City,State,ZIP,RPA,Precinct,Latitude,Longitude,Mapped Location
20190137005,02/19/2019 11:10:00 PM,2,1,0,,Y,197060,11,Front to Rear,2,RAIN,3,DARK - LIGHTED,12,MOTOR VEHICLE IN TRANSPORT,0 I 65,NASHVILLE,TN,37207,3002,NORTH,36.2047,-86.7767,POINT (-86.7767 36.2047)
20190301428,04/19/2019 08:47:00 AM,2,0,0,,N,109534,11,Front to Rear,2,RAIN,1,DAYLIGHT,12,MOTOR VEHICLE IN TRANSPORT,DONELSON PKE & HANGAR LN,NASHVILLE,TN,37214,8953,HERMIT,36.1212,-86.6664,POINT (-86.6664 36.1212)
20190365527,05/13/2019 09:05:00 AM,2,2,0,,N,262749,98,OTHER,21,CLEAR,1,DAYLIGHT,12,MOTOR VEHICLE IN TRANSPORT,MM 51 6 I 24,NASHVILLE,TN,37210,82061,HERMIT,36.1403,-86.7313,POINT (-86.7313 36.1403)
20190334330,05/01/2019 07:15:00 AM,1,0,0,,Y,224824,0,NOT COLLISION W/MOTOR VEHICLE-TRANSPORT,21,CLEAR,1,DAYLIGHT,42,TREE,15TH ST & DODSON ST,OLD HICKORY,TN,37138,9709,HERMIT,36.2554,-86.6486,POINT (-86.6486 36.2554)
20190531146,07/16/2019 09:00:00 AM,2,0,0,,N,352155,11,Front to Rear,22,CLOUDY,1,DAYLIGHT,12,MOTOR VEHICLE IN TRANSPORT,OLD HICKORY BLVD & NOLENSVILLE PKE,ANTIOCH,TN,37013,8757,SOUTH,36.0455,-86.7122,POINT (-86.7122 36.0455)
20190262584,04/05/2019 11:50:00 AM,2,0,0,,N,256428,5,SIDESWIPE - SAME DIRECTION,22,CLOUDY,1,DAYLIGHT,12,MOTOR VEHICLE IN TRANSPORT,MM 86 5 I 65,NASHVILLE,TN,37207,3006,NORTH,36.1946,-86.7762,POINT (-86.7762 36.1946)
20190366422,05/13/2019 04:25:00 PM,2,0,0,,Y,299253,6,SIDESWIPE - OPPOSITE DIRECTION,21,CLEAR,1,DAYLIGHT,12,MOTOR VEHICLE IN TRANSPORT,N 9TH ST & MANSFIELD ST,NASHVILLE,TN,37206,1915,EAST,36.1826,-86.7586,POINT (-86.7586 36.1826)
20190010550,01/04/2019 09:57:00 PM,1,1,0,,Y,256448,0,NOT COLLISION W/MOTOR VEHICLE-TRANSPORT,2,RAIN,2,DARK - NOT LIGHTED,8,PEDESTRIAN,MURFREESBORO PKE & NANCE LN,NASHVILLE,TN,37210,8119,SOUTH,36.1438,-86.7486,POINT (-86.7486 36.1438)
20190398574,05/24/2019 08:37:00 PM,3,1,0,,N,240968,11,Front to Rear,21,CLEAR,2,DARK - NOT LIGHTED,12,MOTOR VEHICLE IN TRANSPORT,BELL RD & NED SHELTON RD,NASHVILLE,TN,37217,8987,HERMIT,36.1048,-86.6285,POINT (-86.6285 36.1048)
20190009643,01/04/2019 02:30:00 PM,2,0,0,,N,267831,4,ANGLE,2,RAIN,1,DAYLIGHT,12,MOTOR VEHICLE IN TRANSPORT,HARDING PKE & RIDGEFIELD WAY,NASHVILLE,TN,37205,6021,WEST,36.1264,-86.8456,POINT (-86.8456 36.1264)
20190036984,01/15/2019 04:44:00 AM,1,0,0,,N,256382,0,NOT COLLISION W/MOTOR VEHICLE-TRANSPORT,21,CLEAR,3,DARK - LIGHTED,50,DEER (ANIMAL),ELM HILL PKE & MCGAVOCK PKE,NASHVILLE,TN,37214,9115,HERMIT,36.1528,-86.6834,POINT (-86.6834 36.1528)
20190559138,07/27/2019 12:10:00 AM,2,0,0,,Y,311338,9,UNKNOWN,21,CLEAR,3,DARK - LIGHTED,14,PARKED MOTOR VEHICLE,10TH AVN & BUCHANAN ST,NASHVILLE,TN,37208,4451,NORTH,36.18,-86.8027,POINT (-86.8027 36.18)
20190323321,04/26/2019 07:20:00 PM,2,1,0,,N,330415,11,Front to Rear,21,CLEAR,3,DARK - LIGHTED,12,MOTOR VEHICLE IN TRANSPORT,CHURCH ST & 15TH AVN,NASHVILLE,TN,37203,5517,MIDTOW,36.1574,-86.7926,POINT (-86.7926 36.1574)
20190289322,04/15/2019 03:40:00 PM,2,0,0,,N,298867,11,Front to Rear,21,CLEAR,1,DAYLIGHT,12,MOTOR VEHICLE IN TRANSPORT,S 5TH ST & WOODLAND ST,NASHVILLE,TN,37206,1109,EAST,36.1718,-86.7648,POINT (-86.7648 36.1718)
20190191359,03/11/2019 02:10:00 PM,3,0,0,,N,134899,11,Front to Rear,21,CLEAR,1,DAYLIGHT,12,MOTOR VEHICLE IN TRANSPORT,MURFREESBORO PKE & RANSOM PL,NASHVILLE,TN,37217,8853,SOUTH,36.0892,-86.6501,POINT (-86.6501 36.0892)
20190322616,04/26/2019 01:04:00 PM,2,0,0,,N,716886,5,SIDESWIPE - SAME DIRECTION,21,CLEAR,1,DAYLIGHT,12,MOTOR VEHICLE IN TRANSPORT,MM 60 4 I 24,ANTIOCH,TN,37013,88060,SOUTH,36.0364,-86.6449,POINT (-86.6449 36.0364)
20190435278,06/07/2019 10:07:00 PM,2,1,0,,N,311337,4,ANGLE,21,CLEAR,2,DARK - NOT LIGHTED,12,MOTOR VEHICLE IN TRANSPORT,LEBANON PKE & COTTAGE LN,NASHVILLE,TN,37214,9027,HERMIT,36.1679,-86.6925,POINT (-86.6925 36.1679)
20190027772,01/11/2019 12:39:00 PM,2,0,0,,N,109534,4,ANGLE,22,CLOUDY,1,DAYLIGHT,12,MOTOR VEHICLE IN TRANSPORT,OLD LEBANON PKE & J B ESTILLE DR,NASHVILLE,TN,37214,9309,HERMIT,36.1697,-86.6666,POINT (-86.6666 36.1697)
20190561114,07/28/2019 01:33:00 AM,2,0,0,,Y,309263,6,SIDESWIPE - OPPOSITE DIRECTION,21,CLEAR,3,DARK - LIGHTED,12;14,MOTOR VEHICLE IN TRANSPORT;PARKED MOTOR VEHICLE,FORREST AV & GALLATIN AV,NASHVILLE,TN,37206,1241,EAST,36.1786,-86.7508,POINT (-86.7508 36.1786)
20190011902,01/05/2019 12:54:00 PM,3,0,0,,Y,110063,11,Front to Rear,21,CLEAR,1,DAYLIGHT,12,MOTOR VEHICLE IN TRANSPORT,MM 87 3 I 65,NASHVILLE,TN,37207,1804,EAST,36.2068,-86.7762,POINT (-86.7762 36.2068)
20190364210,05/12/2019 07:40:00 PM,2,2,0,,N,298868,4,ANGLE,21,CLEAR,3,DARK - LIGHTED,12,MOTOR VEHICLE IN TRANSPORT,WEST END AV & BOWLING AV,NASHVILLE,TN,37205,6005,WEST,36.1347,-86.8251,POINT (-86.8251 36.1347)
20190265422,04/06/2019 03:02:00 PM,1,0,0,Y,N,320599,0,NOT COLLISION W/MOTOR VEHICLE-TRANSPORT,21,CLEAR,1,DAYLIGHT,37,Other Traffic Barrier,GOODBAR DR & THOMPSON PL,NASHVILLE,TN,37217,8821,HERMIT,36.1272,-86.7006,POINT (-86.7006 36.1272)
20190441921,06/10/2019 03:19:00 PM,2,1,0,,N,320585,4,ANGLE,21,CLEAR,1,DAYLIGHT,13,MOTOR VEHICLE IN TRANSPORT-OTHER ROADWAY,LAFAYETTE ST & FAIRFIELD AV,NASHVILLE,TN,37210,8133,SOUTH,36.1473,-86.7579,POINT (-86.7579 36.1473)
20190362343,05/11/2019 08:00:00 PM,2,0,0,,N,161939,11,Front to Rear,2,RAIN,3,DARK - LIGHTED,12,MOTOR VEHICLE IN TRANSPORT,HAMILTON CHURCH RD & MURFREESBORO PKE,ANTIOCH,TN,37013,8865,SOUTH,36.0645,-86.6288,POINT (-86.6288 36.0645)
20190148255,02/23/2019 06:17:00 PM,2,0,0,,N,311333,4,ANGLE,2,RAIN,2,DARK - NOT LIGHTED,12,MOTOR VEHICLE IN TRANSPORT,NOLENSVILLE PKE & OLD HICKORY BLVD,NASHVILLE,TN,37211,8717,SOUTH,36.0454,-86.7133,POINT (-86.7133 36.0454)
20190205009,03/16/2019 04:22:00 AM,1,1,0,,N,256382,0,NOT COLLISION W/MOTOR VEHICLE-TRANSPORT,21,CLEAR,3,DARK - LIGHTED,33,CURB,WRIGHT INDUSTRIES PVTDR & ELM HILL PKE,NASHVILLE,TN,37210,9019,HERMIT,36.1441,-86.7194,POINT (-86.7194 36.1441)
20190168326,03/03/2019 05:20:00 AM,3,0,0,Y,N,332253,9,UNKNOWN,2,RAIN,9,UNKNOWN,12;14;40,MOTOR VEHICLE IN TRANSPORT;PARKED MOTOR VEHICLE;MAIL BOX,COBBLESTONE CREEK DR & RYAN ALLEN CIR,WHITES CREEK,TN,37189,2105,MADISO,36.2793,-86.7895,POINT (-86.7895 36.2793)
20190196824,03/13/2019 09:36:00 AM,2,1,0,,N,109534,5,SIDESWIPE - SAME DIRECTION,21,CLEAR,1,DAYLIGHT,12;39,MOTOR VEHICLE IN TRANSPORT;WALL,MM 218 0 I 40,NASHVILLE,TN,37217,89020,HERMIT,36.1413,-86.667,POINT (-86.667 36.1413)
20190455176,06/15/2019 01:05:00 PM,2,0,0,,N,279113,98,OTHER,21,CLEAR,1,DAYLIGHT,12,MOTOR VEHICLE IN TRANSPORT,WILLOWBRANCH DR & DEERPATH DR,NASHVILLE,TN,37217,8939,HERMIT,36.0808,-86.6378,POINT (-86.6378 36.0808)
20190166689,03/02/2019 12:45:00 PM,2,0,0,,N,330411,5,SIDESWIPE - SAME DIRECTION,21,CLEAR,1,DAYLIGHT,12,MOTOR VEHICLE IN TRANSPORT,ELLISTON PL & 22ND AVN,NASHVILLE,TN,37203,5601,MIDTOW,36.1517,-86.8037,POINT (-86.8037 36.1517)
20190292854,04/16/2019 05:04:00 PM,3,2,0,,N,256446,11,Front to Rear,21,CLEAR,1,DAYLIGHT,12,MOTOR VEHICLE IN TRANSPORT,HOBSON PKE & MURFREESBORO PKE,ANTIOCH,TN,37013,8867,SOUTH,36.043,-86.6066,POINT (-86.6066 36.043)
20190564628,07/29/2019 12:00:00 AM,2,0,0,,N,279200,5,SIDESWIPE - SAME DIRECTION,21,CLEAR,1,DAYLIGHT,12,MOTOR VEHICLE IN TRANSPORT,CHARLOTTE AV & NATIONSBANK PLZ,NASHVILLE,TN,37219,4159,CENTRA,36.1662,-86.7812,POINT (-86.7812 36.1662)
20190368135,05/14/2019 07:23:00 AM,2,0,0,,Y,716886,4,ANGLE,21,CLEAR,1,DAYLIGHT,12,MOTOR VEHICLE IN TRANSPORT,PARAGON MILLS RD & BENITA DR,NASHVILLE,TN,37211,8419,SOUTH,36.0886,-86.7171,POINT (-86.7171 36.0886)
20190141887,02/21/2019 12:40:00 PM,2,0,0,,N,714641,16,Rear to Side,21,CLEAR,1,DAYLIGHT,14,PARKED MOTOR VEHICLE,MCGAVOCK ST & 9TH AVS,NASHVILLE,TN,37203,4075,CENTRA,36.1576,-86.7822,POINT (-86.7822 36.1576)
20190380934,05/18/2019 04:27:00 PM,1,1,0,,N,405418,0,NOT COLLISION W/MOTOR VEHICLE-TRANSPORT,21,CLEAR,1,DAYLIGHT,37,Other Traffic Barrier,MM 1 2 I 440,NASHVILLE,TN,37205,5234,WEST,36.1466,-86.8223,POINT (-86.8223 36.1466)
20190049728,01/19/2019 04:45:00 PM,2,0,0,,N,311328,11,Front to Rear,2,RAIN,1,DAYLIGHT,12,MOTOR VEHICLE IN TRANSPORT,CHURCH ST & 7TH AVN,NASHVILLE,TN,37219,4125,CENTRA,36.1622,-86.7825,POINT (-86.7825 36.1622)
20190492162,06/29/2019 11:44:00 PM,1,1,0,Y,N,493312,0,NOT COLLISION W/MOTOR VEHICLE-TRANSPORT,21,CLEAR,2,DARK - NOT LIGHTED,30,UTILITY POLE,5120 FRANKLIN PKE,NASHVILLE,TN,37220,7111,MIDTOW,36.0633,-86.7743,POINT (-86.7743 36.0633)
20190151289,02/25/2019 03:47:00 AM,1,0,0,,Y,212342,0,NOT COLLISION W/MOTOR VEHICLE-TRANSPORT,21,CLEAR,3,DARK - LIGHTED,38;71,FENCE;EMBANKMENT EARTH,1000 MURFREESBORO PKE,NASHVILLE,TN,37217,8817,HERMIT,36.129,-86.714,POINT (-86.714 36.129)
20190219471,03/21/2019 06:18:00 AM,1,0,0,,N,151122,0,NOT COLLISION W/MOTOR VEHICLE-TRANSPORT,22,CLOUDY,4,DAWN,36;64,CONCRETE TRAFFIC BARRIER;Ran Off Road-Left,MM 54 6 I 24,NASHVILLE,TN,37211,84021,SOUTH,36.0994,-86.7109,POINT (-86.7109 36.0994)
20190390641,05/22/2019 08:48:00 AM,2,0,0,,Y,212325,5,SIDESWIPE - SAME DIRECTION,21,CLEAR,1,DAYLIGHT,12,MOTOR VEHICLE IN TRANSPORT,GALLATIN PKEN & OLD TIME VILLAGE PVTDR,MADISON,TN,37115,1701,MADISO,36.2638,-86.7117,POINT (-86.7117 36.2638)
20190318903,04/25/2019 08:58:00 AM,2,0,0,,N,630627,5,SIDESWIPE - SAME DIRECTION,22,CLOUDY,1,DAYLIGHT,12,MOTOR VEHICLE IN TRANSPORT,21ST AVS & EDGEHILL AV,NASHVILLE,TN,37203,5715,MIDTOW,36.144,-86.7999,POINT (-86.7999 36.144)
20190246503,03/30/2019 04:38:00 PM,2,0,0,,N,240979,16,Rear to Side,21,CLEAR,1,DAYLIGHT,12,MOTOR VEHICLE IN TRANSPORT,CHESAPEAKE DR & TRAILWAY CIR,NASHVILLE,TN,37207,2033,MADISO,36.2442,-86.7676,POINT (-86.7676 36.2442)
20190379908,05/18/2019 01:00:00 AM,2,0,0,,N,191573,5,SIDESWIPE - SAME DIRECTION,21,CLEAR,3,DARK - LIGHTED,12,MOTOR VEHICLE IN TRANSPORT,144 2ND AVN,NASHVILLE,TN,37201,4101,CENTRA,36.1631,-86.776,POINT (-86.776 36.1631)
20190152779,02/25/2019 03:10:00 PM,2,0,0,,Y,134899,11,Front to Rear,21,CLEAR,1,DAYLIGHT,12,MOTOR VEHICLE IN TRANSPORT,I24 W ENT RAMP & I 40,NASHVILLE,TN,37217,8818,HERMIT,36.1397,-86.7275,POINT (-86.7275 36.1397)
20190404292,05/27/2019 10:26:00 AM,2,0,0,,Y,224955,6,SIDESWIPE - OPPOSITE DIRECTION,22,CLOUDY,1,DAYLIGHT,12,MOTOR VEHICLE IN TRANSPORT,RAINWOOD DR & HAWKWOOD LN,NASHVILLE,TN,37207,2033,MADISO,36.2441,-86.7706,POINT (-86.7706 36.2441)
20190038575,01/15/2019 04:53:00 PM,2,0,0,,N,256383,11,Front to Rear,21,CLEAR,1,DAYLIGHT,12,MOTOR VEHICLE IN TRANSPORT,ANTIOCH PKE & HAYWOOD LN,ANTIOCH,TN,37013,8899,SOUTH,36.0703,-86.6845,POINT (-86.6845 36.0703)
20190540196,07/19/2019 12:00:00 AM,2,1,0,,N,256427,11,Front to Rear,21,CLEAR,1,DAYLIGHT,12,MOTOR VEHICLE IN TRANSPORT,MM 214 1 I 40,NASHVILLE,TN,37210,90062,HERMIT,36.142,-86.7124,POINT (-86.7124 36.142)
20190428577,06/05/2019 12:15:00 PM,2,0,0,,N,580819,5,SIDESWIPE - SAME DIRECTION,21,CLEAR,1,DAYLIGHT,12,MOTOR VEHICLE IN TRANSPORT,4TH AVN & COMMERCE ST,NASHVILLE,TN,37201,4105,CENTRA,36.1624,-86.7781,POINT (-86.7781 36.1624)
20190001513,01/01/2019 03:11:00 PM,2,1,0,,Y,151132,0,NOT COLLISION W/MOTOR VEHICLE-TRANSPORT,21,CLEAR,5,DUSK,12;8,MOTOR VEHICLE IN TRANSPORT;PEDESTRIAN,GALLATIN PKES & NEELYS BEND RD,MADISON,TN,37115,1605,MADISO,36.2566,-86.7142,POINT (-86.7142 36.2566)
20190238165,03/27/2019 03:29:00 PM,2,0,0,,N,693098,4,ANGLE,21,CLEAR,1,DAYLIGHT,12,MOTOR VEHICLE IN TRANSPORT,WOODLAWN DR & WILSON BLVDS,NASHVILLE,TN,37215,6015,WEST,36.1244,-86.8333,POINT (-86.8333 36.1244)
20190162051,02/28/2019 04:39:00 PM,3,4,0,Y,N,267831,5,SIDESWIPE - SAME DIRECTION,22,CLOUDY,1,DAYLIGHT,12,MOTOR VEHICLE IN TRANSPORT,HIGHWAY 100 & DORSHIRE LN,NASHVILLE,TN,37221,4807,WEST,36.0553,-86.9273,POINT (-86.9273 36.0553)
20190241288,03/28/2019 04:58:00 PM,3,2,0,,N,747556,4,ANGLE,21,CLEAR,1,DAYLIGHT,12,MOTOR VEHICLE IN TRANSPORT,WINFORD AV & MELROSE AV,NASHVILLE,TN,37204,8305,MIDTOW,36.1192,-86.7548,POINT (-86.7548 36.1192)
20190052795,01/21/2019 02:17:00 AM,2,0,0,,Y,311340,16,Rear to Side,21,CLEAR,3,DARK - LIGHTED,14;55,PARKED MOTOR VEHICLE;Motor Vehicle-In-Motion Outside Trafficw,19TH AVS & DIVISION ST,NASHVILLE,TN,37203,5711,MIDTOW,36.1505,-86.7961,POINT (-86.7961 36.1505)
20190068278,01/26/2019 10:35:00 AM,2,0,0,,N,226306,4,ANGLE,21,CLEAR,1,DAYLIGHT,14,PARKED MOTOR VEHICLE,EASTWICK LN & AMESBURY LN,NASHVILLE,TN,37221,4811,WEST,36.0752,-86.9862,POINT (-86.9862 36.0752)
20190340805,05/03/2019 01:53:00 PM,2,0,0,,N,665896,11,Front to Rear,22,CLOUDY,1,DAYLIGHT,12,MOTOR VEHICLE IN TRANSPORT,MM 48 9 I 24,NASHVILLE,TN,37213,1104,CENTRA,36.1676,-86.7656,POINT (-86.7656 36.1676)
20190525543,07/13/2019 09:11:00 PM,1,0,0,,N,579971,0,NOT COLLISION W/MOTOR VEHICLE-TRANSPORT,22,CLOUDY,3,DARK - LIGHTED,7,,MURFREESBORO PKE & DELL PKWY,NASHVILLE,TN,37217,8841,SOUTH,36.1084,-86.6782,POINT (-86.6782 36.1084)
20190001923,01/01/2019 09:00:00 PM,2,0,0,,N,807344,11,Front to Rear,22,CLOUDY,3,DARK - LIGHTED,12,MOTOR VEHICLE IN TRANSPORT,5TH AVS & BROADWAY,NASHVILLE,TN,37203,4089,CENTRA,36.1605,-86.7784,POINT (-86.7784 36.1605)
20190409581,05/29/2019 07:55:00 AM,2,0,0,,Y,226136,11,Front to Rear,22,CLOUDY,1,DAYLIGHT,12,MOTOR VEHICLE IN TRANSPORT,I440 E EXT RAMP & I 440,NASHVILLE,TN,37205,5249,WEST,36.1366,-86.8221,POINT (-86.8221 36.1366)
20190468637,06/20/2019 03:11:00 PM,2,0,0,,N,308295,11,Front to Rear,21,CLEAR,1,DAYLIGHT,14,PARKED MOTOR VEHICLE,6700 CENTENNIAL BLVD,NASHVILLE,TN,37209,4651,WEST,36.1714,-86.8715,POINT (-86.8715 36.1714)
20190259795,04/04/2019 12:00:00 PM,2,0,0,,Y,676834,11,Front to Rear,21,CLEAR,1,DAYLIGHT,12,MOTOR VEHICLE IN TRANSPORT,W TRINITY LN & BRICK CHURCH PKE,NASHVILLE,TN,37207,3003,NORTH,36.2066,-86.7779,POINT (-86.7779 36.2066)
20190040378,01/16/2019 07:30:00 AM,2,0,0,,N,693093,11,Front to Rear,21,CLEAR,1,DAYLIGHT,12,MOTOR VEHICLE IN TRANSPORT,MM 93 8 I 65,MADISON,TN,37115,17042,MADISO,36.2854,-86.7282,POINT (-86.7282 36.2854)
20190568747,07/31/2019 07:45:00 AM,2,0,0,,N,352168,11,Front to Rear,21,CLEAR,1,DAYLIGHT,12,MOTOR VEHICLE IN TRANSPORT,WOODMONT BLVD & GRANNY WHITE PKE,NASHVILLE,TN,37204,7007,MIDTOW,36.1116,-86.7926,POINT (-86.7926 36.1116)
20190019772,01/08/2019 05:35:00 PM,2,0,0,,N,330414,4,ANGLE,21,CLEAR,7,Dark-Unknown Lighting,12,MOTOR VEHICLE IN TRANSPORT,HOBBS RD & HILLSBORO CIR,NASHVILLE,TN,37215,6111,WEST,36.1011,-86.8198,POINT (-86.8198 36.1011)
20190372338,05/15/2019 03:30:00 PM,2,0,0,,Y,134899,11,Front to Rear,21,CLEAR,1,DAYLIGHT,12,MOTOR VEHICLE IN TRANSPORT,BRILEY PKWY & KERMIT DR,NASHVILLE,TN,37217,8998,HERMIT,36.1256,-86.6962,POINT (-86.6962 36.1256)
20190068494,01/26/2019 01:46:00 PM,3,1,0,,N,299257,11,Front to Rear,21,CLEAR,1,DAYLIGHT,12,MOTOR VEHICLE IN TRANSPORT,I65 N EXT RAMP & SIDCO DR,NASHVILLE,TN,37220,8601,MIDTOW,36.082,-86.7617,POINT (-86.7617 36.082)
20190007030,01/03/2019 01:50:00 PM,2,0,0,,N,240955,4,ANGLE,22,CLOUDY,1,DAYLIGHT,12,MOTOR VEHICLE IN TRANSPORT,NOLENSVILLE PKE & CONCORD RD,NASHVILLE,TN,37211,8651,MIDTOW,36.0042,-86.6916,POINT (-86.6916 36.0042)
20190534976,07/17/2019 04:56:00 PM,2,0,0,,N,565785,4,ANGLE,21,CLEAR,1,DAYLIGHT,12,MOTOR VEHICLE IN TRANSPORT,MELROSE AV & EUGENIA AV,NASHVILLE,TN,37204,8305,MIDTOW,36.1189,-86.7559,POINT (-86.7559 36.1189)
20190159362,02/27/2019 05:50:00 PM,2,0,0,,Y,580819,5,SIDESWIPE - SAME DIRECTION,22,CLOUDY,2,DARK - NOT LIGHTED,12,MOTOR VEHICLE IN TRANSPORT,BROADWAY & 14TH AVS,NASHVILLE,TN,37203,5701,MIDTOW,36.1557,-86.7897,POINT (-86.7897 36.1557)
20190258029,04/03/2019 06:43:00 PM,2,0,0,,Y,279124,98,OTHER,21,CLEAR,1,DAYLIGHT,14,PARKED MOTOR VEHICLE,REISCHA SUE CIR & REISCHA DR,NASHVILLE,TN,37211,8441,SOUTH,36.0877,-86.7047,POINT (-86.7047 36.0877)
20190335364,05/01/2019 01:58:00 PM,2,0,0,,N,311333,11,Front to Rear,21,CLEAR,1,DAYLIGHT,12,MOTOR VEHICLE IN TRANSPORT,FIRESTONE PKWY & OLD HICKORY BLVD,ANTIOCH,TN,37013,8869,SOUTH,36.0168,-86.6199,POINT (-86.6199 36.0168)
20190463305,06/18/2019 08:41:00 PM,2,0,0,,N,279211,4,ANGLE,22,CLOUDY,3,DARK - LIGHTED,12,MOTOR VEHICLE IN TRANSPORT,MM 41 7 I 24,WHITES CREEK,TN,37189,20161,MADISO,36.2616,-86.7889,POINT (-86.7889 36.2616)
20190338129,05/02/2019 02:44:00 PM,4,1,0,,N,352205,11,Front to Rear,21,CLEAR,1,DAYLIGHT,12,MOTOR VEHICLE IN TRANSPORT,GALLATIN PKE & IVERSON AV,NASHVILLE,TN,37216,1837,EAST,36.2075,-86.7357,POINT (-86.7357 36.2075)
20190523407,07/12/2019 01:46:00 PM,2,0,0,,Y,109533,11,Front to Rear,21,CLEAR,1,DAYLIGHT,14,PARKED MOTOR VEHICLE,1321 MURFREESBORO PKE,NASHVILLE,TN,37217,8835,SOUTH,36.1161,-86.6969,POINT (-86.6969 36.1161)
20190269746,04/08/2019 07:39:00 AM,2,0,0,,Y,169421,11,Front to Rear,2,RAIN,1,DAYLIGHT,12,MOTOR VEHICLE IN TRANSPORT,18TH AVN & MCDANIEL ST,NASHVILLE,TN,37208,4485,NORTH,36.1836,-86.8123,POINT (-86.8123 36.1836)
20190526891,07/14/2019 02:22:00 PM,2,0,0,,N,320599,11,Front to Rear,22,CLOUDY,1,DAYLIGHT,12,MOTOR VEHICLE IN TRANSPORT,I40 E EXT RAMP & DONELSON PKE,NASHVILLE,TN,37214,8953,HERMIT,36.1404,-86.6664,POINT (-86.6664 36.1404)
20190466612,06/19/2019 12:00:00 AM,6,1,0,,N,212336,0,NOT COLLISION W/MOTOR VEHICLE-TRANSPORT,2,RAIN,3,DARK - LIGHTED,14;7,PARKED MOTOR VEHICLE,LEMONT DR & MAPLE PL,NASHVILLE,TN,37216,1813,EAST,36.2277,-86.7443,POINT (-86.7443 36.2277)
20190328362,04/29/2019 07:10:00 AM,2,0,0,,Y,693093,5,SIDESWIPE - SAME DIRECTION,21,CLEAR,1,DAYLIGHT,12,MOTOR VEHICLE IN TRANSPORT,MM 92 1 I 65,MADISON,TN,37115,17280,MADISO,36.263,-86.7378,POINT (-86.7378 36.263)
20190353004,05/08/2019 09:00:00 AM,2,0,0,,N,693102,5,SIDESWIPE - SAME DIRECTION,21,CLEAR,1,DAYLIGHT,12,MOTOR VEHICLE IN TRANSPORT,MM 214 1 I 40,NASHVILLE,TN,37210,90062,HERMIT,36.142,-86.7124,POINT (-86.7124 36.142)
20190411971,05/30/2019 02:50:00 AM,2,0,0,,N,110062,4,ANGLE,21,CLEAR,3,DARK - LIGHTED,12,MOTOR VEHICLE IN TRANSPORT,INTERSTATE DR & JAMES ROBERTSON PKWY,NASHVILLE,TN,37213,1105,CENTRA,36.1714,-86.769,POINT (-86.769 36.1714)
20190547847,07/22/2019 12:00:00 AM,1,0,0,,Y,320580,0,NOT COLLISION W/MOTOR VEHICLE-TRANSPORT,2,RAIN,3,DARK - LIGHTED,34,DITCH,ELM HILL PKE & ELM HILL PKE EB EXT RAMP,NASHVILLE,TN,37210,9041,HERMIT,36.1513,-86.6916,POINT (-86.6916 36.1513)
20190097700,02/05/2019 05:40:00 PM,2,0,0,,N,909486,4,ANGLE,21,CLEAR,5,DUSK,12,MOTOR VEHICLE IN TRANSPORT,NOLENSVILLE PKE & BRENTWOOD EAST DR,ANTIOCH,TN,37013,8757,SOUTH,36.0438,-86.7131,POINT (-86.7131 36.0438)
20190400658,05/25/2019 04:39:00 PM,2,0,0,,Y,299241,4,ANGLE,21,CLEAR,1,DAYLIGHT,12,MOTOR VEHICLE IN TRANSPORT,STEWARTS FERRY PKE & S NEW HOPE RD,HERMITAGE,TN,37076,9519,HERMIT,36.1437,-86.5853,POINT (-86.5853 36.1437)
20190164841,03/01/2019 05:10:00 PM,2,0,0,,N,320577,4,ANGLE,21,CLEAR,5,DUSK,12,MOTOR VEHICLE IN TRANSPORT,WEDGEWOOD AV & 15TH AVS,NASHVILLE,TN,37212,6615,MIDTOW,36.136,-86.7919,POINT (-86.7919 36.136)
20190048710,01/19/2019 03:05:00 AM,2,0,0,,N,279201,5,SIDESWIPE - SAME DIRECTION,2,RAIN,3,DARK - LIGHTED,12,MOTOR VEHICLE IN TRANSPORT,I40 W EXT RAMP & I 40,NASHVILLE,TN,37203,4119,CENTRA,36.1574,-86.79,POINT (-86.79 36.1574)
20190131040,02/17/2019 11:20:00 PM,2,0,0,,Y,197067,2,HEAD-ON,21,CLEAR,3,DARK - LIGHTED,12,MOTOR VEHICLE IN TRANSPORT,,NASHVILLE,TN,37203,4121,CENTRA,36.161,-86.7835,POINT (-86.7835 36.161)
20190180511,03/07/2019 07:11:00 AM,3,0,0,,N,191578,4,ANGLE,21,CLEAR,1,DAYLIGHT,12,MOTOR VEHICLE IN TRANSPORT,DONELSON PKE S ENT RAMP & DONELSON PKES,NASHVILLE,TN,37217,8951,HERMIT,36.1325,-86.6646,POINT (-86.6646 36.1325)
20190536796,07/18/2019 09:25:00 AM,2,1,0,,N,676834,11,Front to Rear,21,CLEAR,1,DAYLIGHT,12,MOTOR VEHICLE IN TRANSPORT,JEFFERSON ST & 14TH AVN,NASHVILLE,TN,37208,5415,NORTH,36.1707,-86.8018,POINT (-86.8018 36.1707)
20190055918,01/22/2019 07:55:00 AM,2,0,0,,N,226306,6,SIDESWIPE - OPPOSITE DIRECTION,21,CLEAR,1,DAYLIGHT,12,MOTOR VEHICLE IN TRANSPORT,MM 204 1 I 40,NASHVILLE,TN,37209,45024,WEST,36.1529,-86.8557,POINT (-86.8557 36.1529)