Accident Number,Date and Time,Number of Motor Vehicles,Number of Injuries,Number of Fatalities,Property Damage,Hit and Run,Reporting Officer,Collision Type Code,Collision Type Description,Weather Code,Weather Description,Illumination Code,Illumination Description,Harmful Code,Harmful Code Description,Street Address,City,State,ZIP,RPA,Precinct,Latitude,Longitude,Mapped Location
20190343843,05/04/2019 10:05:00 PM,2,0,0,,N,299274,0,NOT COLLISION W/MOTOR VEHICLE-TRANSPORT,2,RAIN,3,DARK - LIGHTED,12;25;63,MOTOR VEHICLE IN TRANSPORT;GUARDRAIL END;Ran Off Road-Right,I24 W ENT RAMP & I 40,NASHVILLE,TN,37217,8818,HERMIT,36.1397,-86.7275,POINT (-86.7275 36.1397)
20190025782,01/10/2019 07:30:00 PM,2,0,0,,N,206675,11,Front to Rear,21,CLEAR,2,DARK - NOT LIGHTED,12,MOTOR VEHICLE IN TRANSPORT,MM 3 9 I 440,NASHVILLE,TN,37204,7010,MIDTOW,36.1161,-86.7913,POINT (-86.7913 36.1161)
20190217057,03/20/2019 12:30:00 PM,2,0,0,,N,226136,11,Front to Rear,21,CLEAR,1,DAYLIGHT,12,MOTOR VEHICLE IN TRANSPORT,HARDING PL & NOLENSVILLE PKE,NASHVILLE,TN,37211,8705,SOUTH,36.0797,-86.7261,POINT (-86.7261 36.0797)
20190175359,03/05/2019 05:29:00 PM,2,0,0,Y,N,279211,4,ANGLE,21,CLEAR,1,DAYLIGHT,12,MOTOR VEHICLE IN TRANSPORT,OLD HICKORY BLVD & MARYDALE DR,NASHVILLE,TN,37207,2025,MADISO,36.2718,-86.7615,POINT (-86.7615 36.2718)
20190410048,05/29/2019 12:00:00 PM,2,0,0,,N,109495,5,SIDESWIPE - SAME DIRECTION,21,CLEAR,1,DAYLIGHT,12,MOTOR VEHICLE IN TRANSPORT,WEDGEWOOD AV & 8TH AVS,NASHVILLE,TN,37204,6919,MIDTOW,36.1343,-86.7796,POINT (-86.7796 36.1343)
20190019023,01/08/2019 12:35:00 PM,3,1,0,,N,110063,11,Front to Rear,21,CLEAR,1,DAYLIGHT,12,MOTOR VEHICLE IN TRANSPORT,MM 86 7 I 65,NASHVILLE,TN,37207,3002,NORTH,36.1972,-86.7762,POINT (-86.7762 36.1972)
20190391981,05/22/2019 06:48:00 PM,2,0,0,,Y,320597,11,Front to Rear,21,CLEAR,1,DAYLIGHT,12,MOTOR VEHICLE IN TRANSPORT,MM 57 8 I 24,ANTIOCH,TN,37013,87060,SOUTH,36.06,-86.6798,POINT (-86.6798 36.06)
20190573992,08/02/2019 06:50:00 AM,2,0,0,,N,876581,4,ANGLE,21,CLEAR,1,DAYLIGHT,12,MOTOR VEHICLE IN TRANSPORT,US HWY 31E & LIBERTY LN,MADISON,TN,37115,1731,MADISO,36.3047,-86.689,POINT (-86.689 36.3047)
20190493252,06/30/2019 12:30:00 PM,2,1,0,,N,352164,11,Front to Rear,21,CLEAR,1,DAYLIGHT,12,MOTOR VEHICLE IN TRANSPORT,ORLANDO AV & CHARLOTTE PKE,NASHVILLE,TN,37209,5103,WEST,36.15,-86.8573,POINT (-86.8573 36.15)
20190052161,01/20/2019 08:55:00 PM,2,0,0,,Y,299263,11,Front to Rear,21,CLEAR,3,DARK - LIGHTED,12,MOTOR VEHICLE IN TRANSPORT,ROSA L PARKS BLVD & HUME ST,NASHVILLE,TN,37208,4343,NORTH,36.1788,-86.7952,POINT (-86.7952 36.1788)
20190236872,03/27/2019 07:51:00 AM,2,0,0,,N,462474,0,NOT COLLISION W/MOTOR VEHICLE-TRANSPORT,21,CLEAR,1,DAYLIGHT,12;36;55,MOTOR VEHICLE IN TRANSPORT;CONCRETE TRAFFIC BARRIER;Motor Vehicle-In-Motion Outside Trafficw,MM 75 1 I 65,BRENTWOOD,TN,37027,86040,MIDTOW,36.0452,-86.7791,POINT (-86.7791 36.0452)
20190019609,01/08/2019 04:17:00 PM,2,0,0,,N,206675,4,ANGLE,21,CLEAR,1,DAYLIGHT,12,MOTOR VEHICLE IN TRANSPORT,14TH AVN & CHURCH ST,NASHVILLE,TN,37203,5517,MIDTOW,36.1579,-86.7916,POINT (-86.7916 36.1579)
20190503857,07/04/2019 10:00:00 AM,2,0,0,,Y,716886,11,Front to Rear,21,CLEAR,1,DAYLIGHT,12,MOTOR VEHICLE IN TRANSPORT,NOLENSVILLE PKE & MCNALLY DR,NASHVILLE,TN,37211,8511,MIDTOW,36.0933,-86.7362,POINT (-86.7362 36.0933)
20190530880,07/16/2019 06:39:00 AM,2,0,0,,Y,716886,5,SIDESWIPE - SAME DIRECTION,21,CLEAR,1,DAYLIGHT,12,MOTOR VEHICLE IN TRANSPORT,I24E & I24 E ENT RAMP,NASHVILLE,TN,37210,8102,SOUTH,36.1363,-86.727,POINT (-86.727 36.1363)
20190318379,04/25/2019 04:23:00 AM,2,2,0,,N,279233,4,ANGLE,21,CLEAR,3,DARK - LIGHTED,12,MOTOR VEHICLE IN TRANSPORT,I40 W EXT RAMP & BRILEY PKWY S EXT RAMP,NASHVILLE,TN,37209,4696,WEST,36.1535,-86.8575,POINT (-86.8575 36.1535)
20190283950,04/13/2019 11:19:00 AM,2,2,0,,N,812949,11,Front to Rear,22,CLOUDY,1,DAYLIGHT,12,MOTOR VEHICLE IN TRANSPORT,24TH AVN & CLARKSVILLE PKE,NASHVILLE,TN,37208,4417,NORTH,36.1847,-86.8157,POINT (-86.8157 36.1847)
20190417202,05/31/2019 08:43:00 PM,2,0,0,,Y,420040,5,SIDESWIPE - SAME DIRECTION,21,CLEAR,3,DARK - LIGHTED,14,PARKED MOTOR VEHICLE,1900 ACKLEN AV,NASHVILLE,TN,37212,6607,MIDTOW,36.1357,-86.7986,POINT (-86.7986 36.1357)
20190470975,06/21/2019 11:20:00 AM,2,0,0,,N,191578,11,Front to Rear,21,CLEAR,1,DAYLIGHT,12,MOTOR VEHICLE IN TRANSPORT,MURFREESBORO PKE & SPENCE LN,NASHVILLE,TN,37217,8801,SOUTH,36.1357,-86.7249,POINT (-86.7249 36.1357)
20190431443,06/06/2019 12:00:00 PM,2,1,0,,N,538214,11,Front to Rear,22,CLOUDY,1,DAYLIGHT,12,MOTOR VEHICLE IN TRANSPORT,3RD AVS & BROADWAY,NASHVILLE,TN,37201,4105,CENTRA,36.1615,-86.776,POINT (-86.776 36.1615)
20190363000,05/12/2019 12:00:00 AM,1,0,0,,Y,279217,0,NOT COLLISION W/MOTOR VEHICLE-TRANSPORT,21,CLEAR,3,DARK - LIGHTED,36,CONCRETE TRAFFIC BARRIER,MM 207 8 I 40,NASHVILLE,TN,37208,54021,NORTH,36.1721,-86.8004,POINT (-86.8004 36.1721)
20190375589,05/16/2019 03:57:00 PM,2,0,0,,N,299267,4,ANGLE,21,CLEAR,1,DAYLIGHT,12,MOTOR VEHICLE IN TRANSPORT,BRENTWOOD TRC & OLD HICKORY BLVD,BRENTWOOD,TN,37027,8623,MIDTOW,36.0411,-86.7762,POINT (-86.7762 36.0411)
20190449299,06/13/2019 09:46:00 AM,2,0,0,,N,630627,11,Front to Rear,21,CLEAR,1,DAYLIGHT,12,MOTOR VEHICLE IN TRANSPORT,CHURCH ST & 19TH AVN,NASHVILLE,TN,37203,5525,MIDTOW,36.1542,-86.7992,POINT (-86.7992 36.1542)
20190327889,04/29/2019 03:00:00 AM,3,0,0,,Y,226175,5,SIDESWIPE - SAME DIRECTION,21,CLEAR,2,DARK - NOT LIGHTED,12,MOTOR VEHICLE IN TRANSPORT,MM 202 4 I 40,NASHVILLE,TN,37209,50022,WEST,36.1439,-86.882,POINT (-86.882 36.1439)
20190548808,07/23/2019 07:08:00 AM,2,0,0,,Y,485261,5,SIDESWIPE - SAME DIRECTION,21,CLEAR,1,DAYLIGHT,14,PARKED MOTOR VEHICLE,N 1ST ST & MAIN ST,NASHVILLE,TN,37213,1133,CENTRA,36.1701,-86.7728,POINT (-86.7728 36.1701)
20190465160,06/19/2019 01:40:00 PM,2,0,0,Y,N,716886,4,ANGLE,21,CLEAR,1,DAYLIGHT,12,MOTOR VEHICLE IN TRANSPORT,MURFREESBORO PKE & LAKEVILLA DR,ANTIOCH,TN,37013,8861,SOUTH,36.0767,-86.6409,POINT (-86.6409 36.0767)
20190354410,05/08/2019 07:25:00 PM,3,0,0,,N,279224,11,Front to Rear,21,CLEAR,1,DAYLIGHT,12,MOTOR VEHICLE IN TRANSPORT,SHELBY AV & S 7TH ST,NASHVILLE,TN,37206,1023,EAST,36.1693,-86.7578,POINT (-86.7578 36.1693)
20190265050,04/06/2019 10:25:00 AM,2,0,0,,N,320601,4,ANGLE,21,CLEAR,1,DAYLIGHT,12,MOTOR VEHICLE IN TRANSPORT,I24 W EXT RAMP & I 24,NASHVILLE,TN,37211,8829,SOUTH,36.1074,-86.7197,POINT (-86.7197 36.1074)
20190012831,01/05/2019 11:34:00 PM,2,0,0,,Y,298871,4,ANGLE,21,CLEAR,3,DARK - LIGHTED,12,MOTOR VEHICLE IN TRANSPORT,DEMONBREUN ST & MUSIC CIRE,NASHVILLE,TN,37203,6721,MIDTOW,36.1528,-86.79,POINT (-86.79 36.1528)
20190471219,06/21/2019 01:08:00 PM,1,0,0,,N,834798,0,NOT COLLISION W/MOTOR VEHICLE-TRANSPORT,21,CLEAR,1,DAYLIGHT,30,UTILITY POLE,21ST AVS & SUNSET PL,NASHVILLE,TN,37212,6605,MIDTOW,36.1287,-86.8029,POINT (-86.8029 36.1287)
20190211012,03/18/2019 04:29:00 PM,2,0,0,,N,330413,4,ANGLE,21,CLEAR,1,DAYLIGHT,12,MOTOR VEHICLE IN TRANSPORT,SIDCO DR & POWELL AV,NASHVILLE,TN,37204,8531,MIDTOW,36.0943,-86.7582,POINT (-86.7582 36.0943)
20190501298,07/03/2019 10:15:00 AM,2,0,0,,Y,665896,6,SIDESWIPE - OPPOSITE DIRECTION,22,CLOUDY,1,DAYLIGHT,12,MOTOR VEHICLE IN TRANSPORT,JONES AV & CHICKASAW AV,NASHVILLE,TN,37207,1875,EAST,36.201,-86.7583,POINT (-86.7583 36.201)
20190233975,03/26/2019 07:31:00 AM,2,0,0,,N,109527,4,ANGLE,21,CLEAR,1,DAYLIGHT,12,MOTOR VEHICLE IN TRANSPORT,MCGAVOCK PKE & LEBANON PKE,NASHVILLE,TN,37214,9307,HERMIT,36.1697,-86.6798,POINT (-86.6798 36.1697)
20190431332,06/06/2019 11:09:00 AM,2,1,0,,N,834798,11,Front to Rear,21,CLEAR,1,DAYLIGHT,12,MOTOR VEHICLE IN TRANSPORT,MM 3 8 I 440,NASHVILLE,TN,37212,6502,MIDTOW,36.1163,-86.7919,POINT (-86.7919 36.1163)
20190507393,07/05/2019 08:53:00 PM,3,1,0,,N,206675,11,Front to Rear,21,CLEAR,3,DARK - LIGHTED,12,MOTOR VEHICLE IN TRANSPORT,EDGEHILL AV & 12TH AVS,NASHVILLE,TN,37203,6807,MIDTOW,36.1427,-86.787,POINT (-86.787 36.1427)
20190172216,03/04/2019 06:32:00 PM,2,0,0,,Y,320585,11,Front to Rear,21,CLEAR,3,DARK - LIGHTED,12,MOTOR VEHICLE IN TRANSPORT,LEBANON PKE & EDDINGS LN,NASHVILLE,TN,37214,9401,HERMIT,36.1672,-86.6619,POINT (-86.6619 36.1672)
20190048318,01/18/2019 10:50:00 PM,1,0,0,,N,298879,0,NOT COLLISION W/MOTOR VEHICLE-TRANSPORT,22,CLOUDY,2,DARK - NOT LIGHTED,50,DEER (ANIMAL),RIVER ROAD PKE & RIVER ROAD PKE PVTDR,NASHVILLE,TN,37209,4705,WEST,36.2021,-86.9796,POINT (-86.9796 36.2021)
20190305233,04/20/2019 09:00:00 PM,1,0,0,Y,N,717341,0,NOT COLLISION W/MOTOR VEHICLE-TRANSPORT,21,CLEAR,3,DARK - LIGHTED,40;63,MAIL BOX;Ran Off Road-Right,PARAGON MILLS RD & LINBAR DR,NASHVILLE,TN,37211,8441,SOUTH,36.087,-86.7067,POINT (-86.7067 36.087)
20190428234,06/05/2019 09:37:00 AM,2,0,0,,N,834798,5,SIDESWIPE - SAME DIRECTION,21,CLEAR,1,DAYLIGHT,12,MOTOR VEHICLE IN TRANSPORT,I440 E ENT RAMP & I 440,NASHVILLE,TN,37205,6007,WEST,36.1346,-86.8203,POINT (-86.8203 36.1346)
20190509622,07/07/2019 12:23:00 AM,3,0,0,,Y,298879,5,SIDESWIPE - SAME DIRECTION,21,CLEAR,3,DARK - LIGHTED,12,MOTOR VEHICLE IN TRANSPORT,3RD AVN & BROADWAY,NASHVILLE,TN,37201,4105,CENTRA,36.1621,-86.7764,POINT (-86.7764 36.1621)
20190312624,04/23/2019 10:48:00 AM,2,0,0,,N,226136,4,ANGLE,22,CLOUDY,1,DAYLIGHT,12,MOTOR VEHICLE IN TRANSPORT,CHURCH ST & I40 W ENT RAMP,NASHVILLE,TN,37203,4119,CENTRA,36.1582,-86.791,POINT (-86.791 36.1582)
20190112780,02/11/2019 12:30:00 PM,2,0,0,,N,714641,11,Front to Rear,22,CLOUDY,1,DAYLIGHT,12,MOTOR VEHICLE IN TRANSPORT,8TH AVS & LAFAYETTE ST,NASHVILLE,TN,37203,4043,CENTRA,36.1546,-86.7792,POINT (-86.7792 36.1546)
20190388070,05/21/2019 12:04:00 PM,2,0,0,,N,462474,11,Front to Rear,21,CLEAR,1,DAYLIGHT,12,MOTOR VEHICLE IN TRANSPORT,MM 76 5 I 65,NASHVILLE,TN,37220,71040,MIDTOW,36.0639,-86.7716,POINT (-86.7716 36.0639)
20190542636,07/20/2019 03:00:00 PM,2,0,0,,Y,330413,4,ANGLE,21,CLEAR,1,DAYLIGHT,12;14,MOTOR VEHICLE IN TRANSPORT;PARKED MOTOR VEHICLE,CENTENNIAL PARK PVTDR & 25TH AVN,NASHVILLE,TN,37203,5623,MIDTOW,36.1503,-86.8111,POINT (-86.8111 36.1503)
20190273593,04/09/2019 06:07:00 PM,2,0,0,,N,876597,4,ANGLE,21,CLEAR,1,DAYLIGHT,12,MOTOR VEHICLE IN TRANSPORT,RICE RD & EDGE O LAKE DR,ANTIOCH,TN,37013,8861,SOUTH,36.0694,-86.6407,POINT (-86.6407 36.0694)
20190010393,01/04/2019 08:33:00 PM,2,2,0,,Y,134871,11,Front to Rear,2,RAIN,3,DARK - LIGHTED,12,MOTOR VEHICLE IN TRANSPORT,I24 E EXT RAMP & SHELBY AV,NASHVILLE,TN,37213,1007,CENTRA,36.1661,-86.7658,POINT (-86.7658 36.1661)
20190434907,06/07/2019 04:17:00 PM,2,0,0,Y,Y,281611,4,ANGLE,2,RAIN,1,DAYLIGHT,12,MOTOR VEHICLE IN TRANSPORT,CHARLOTTE PKE & W HILLWOOD DR,NASHVILLE,TN,37209,5009,WEST,36.1347,-86.8881,POINT (-86.8881 36.1347)
20190003993,01/02/2019 02:41:00 PM,3,1,0,,Y,279124,11,Front to Rear,21,CLEAR,1,DAYLIGHT,12,MOTOR VEHICLE IN TRANSPORT,OLD HICKORY BLVD & HOBSON PKE,ANTIOCH,TN,37013,8867,SOUTH,36.0415,-86.6052,POINT (-86.6052 36.0415)
20190504490,07/04/2019 03:38:00 PM,2,1,0,,Y,197435,4,ANGLE,22,CLOUDY,1,DAYLIGHT,12,MOTOR VEHICLE IN TRANSPORT,FERN AV & WHITES CREEK PKE,NASHVILLE,TN,37207,1867,EAST,36.1955,-86.7751,POINT (-86.7751 36.1955)
20190557534,07/26/2019 11:30:00 AM,3,1,0,,N,226622,11,Front to Rear,21,CLEAR,1,DAYLIGHT,12,MOTOR VEHICLE IN TRANSPORT,HILLSBORO PKE & GLEN ECHO RD,NASHVILLE,TN,37215,6107,WEST,36.1087,-86.8121,POINT (-86.8121 36.1087)
20190349819,05/07/2019 08:24:00 AM,2,5,1,,N,226136,4,ANGLE,21,CLEAR,1,DAYLIGHT,12,MOTOR VEHICLE IN TRANSPORT,NOLENSVILLE PKE & MOORE AV,NASHVILLE,TN,37203,8011,MIDTOW,36.1364,-86.7606,POINT (-86.7606 36.1364)
20190477327,06/24/2019 01:39:00 PM,2,0,0,,Y,352189,5,SIDESWIPE - SAME DIRECTION,22,CLOUDY,1,DAYLIGHT,12,MOTOR VEHICLE IN TRANSPORT,MM 3 8 I 440,NASHVILLE,TN,37212,6502,MIDTOW,36.1163,-86.7919,POINT (-86.7919 36.1163)
20190534151,07/17/2019 09:26:00 AM,2,0,0,,N,676834,11,Front to Rear,22,CLOUDY,1,DAYLIGHT,12,MOTOR VEHICLE IN TRANSPORT,MM 46 7 I 24,NASHVILLE,TN,37207,19060,EAST,36.1922,-86.7755,POINT (-86.7755 36.1922)
20190444448,06/11/2019 04:48:00 PM,2,0,0,,N,524985,11,Front to Rear,21,CLEAR,1,DAYLIGHT,12,MOTOR VEHICLE IN TRANSPORT,MM 85 0 I 65,NASHVILLE,TN,37208,43021,NORTH,36.1799,-86.8005,POINT (-86.8005 36.1799)
20190517568,07/10/2019 04:12:00 PM,2,0,0,,N,524985,4,ANGLE,21,CLEAR,1,DAYLIGHT,12,MOTOR VEHICLE IN TRANSPORT,FERN AV & BRICK CHURCH PKE,NASHVILLE,TN,37207,3003,NORTH,36.1956,-86.7764,POINT (-86.7764 36.1956)
20190259119,04/04/2019 06:11:00 AM,2,0,0,,Y,212307,4,ANGLE,21,CLEAR,1,DAYLIGHT,12,MOTOR VEHICLE IN TRANSPORT,MM 47 6 I 24,NASHVILLE,TN,37207,1904,CENTRA,36.1803,-86.7744,POINT (-86.7744 36.1803)
20190574977,08/02/2019 03:00:00 PM,2,0,0,,N,352213,11,Front to Rear,21,CLEAR,1,DAYLIGHT,12,MOTOR VEHICLE IN TRANSPORT,HARDING PKE & WEST END AV,NASHVILLE,TN,37205,6019,WEST,36.1303,-86.8378,POINT (-86.8378 36.1303)
20190405575,05/27/2019 09:49:00 PM,2,0,0,,Y,330420,2,HEAD-ON,21,CLEAR,3,DARK - LIGHTED,14,PARKED MOTOR VEHICLE,CRYSTAL SPRING LN & CENTRAL PKE EXIT RAM,HERMITAGE,TN,37076,9529,HERMIT,36.1717,-86.6084,POINT (-86.6084 36.1717)
20190116799,02/12/2019 05:57:00 PM,2,0,0,,N,279211,4,ANGLE,22,CLOUDY,3,DARK - LIGHTED,12,MOTOR VEHICLE IN TRANSPORT,GALLATIN PKES & MAPLE ST,MADISON,TN,37115,1607,MADISO,36.2617,-86.7124,POINT (-86.7124 36.2617)
20190514991,07/09/2019 05:42:00 PM,2,1,0,,N,834813,6,SIDESWIPE - OPPOSITE DIRECTION,21,CLEAR,1,DAYLIGHT,12,MOTOR VEHICLE IN TRANSPORT,LICKTON PKE & CLAY LICK CT,WHITES CREEK,TN,37189,2105,MADISO,36.3008,-86.8103,POINT (-86.8103 36.3008)
20190335009,05/01/2019 12:14:00 PM,2,2,0,,N,414731,11,Front to Rear,21,CLEAR,1,DAYLIGHT,12,MOTOR VEHICLE IN TRANSPORT,MURFREESBORO PKE & SPENCE LN,NASHVILLE,TN,37217,8801,SOUTH,36.1357,-86.7249,POINT (-86.7249 36.1357)
20190197870,03/13/2019 04:49:00 PM,3,0,0,,N,580819,11,Front to Rear,21,CLEAR,1,DAYLIGHT,12,MOTOR VEHICLE IN TRANSPORT,1ST AVS & KOREAN VETERANS BLVD,NASHVILLE,TN,37201,4051,CENTRA,36.1584,-86.772,POINT (-86.772 36.1584)
20190310177,04/22/2019 07:42:00 PM,2,0,0,,N,524985,11,Front to Rear,21,CLEAR,3,DARK - LIGHTED,12,MOTOR VEHICLE IN TRANSPORT,WHITES CREEK PKE & GREEN LN,NASHVILLE,TN,37207,3221,NORTH,36.2367,-86.8173,POINT (-86.8173 36.2367)
20190370756,05/15/2019 03:17:00 AM,2,1,0,,Y,166477,2,HEAD-ON,21,CLEAR,3,DARK - LIGHTED,12;68,MOTOR VEHICLE IN TRANSPORT;Cross Center Line,ANTIOCH PKE & MILL CREEK BLUE HOLE GRNWY,ANTIOCH,TN,37013,8857,SOUTH,36.0662,-86.6811,POINT (-86.6811 36.0662)
20190096087,02/05/2019 08:10:00 AM,1,0,0,,N,693093,0,NOT COLLISION W/MOTOR VEHICLE-TRANSPORT,21,CLEAR,1,DAYLIGHT,31,"OTHER POST, POLE, SUPP.",BRILEY PKWY W EXT RAMP & ELLINGTON PKWY,MADISON,TN,37115,15941,MADISO,36.2385,-86.7373,POINT (-86.7373 36.2385)
20190134769,02/19/2019 07:15:00 AM,2,0,0,,N,665896,5,SIDESWIPE - SAME DIRECTION,21,CLEAR,1,DAYLIGHT,12,MOTOR VEHICLE IN TRANSPORT,SHELBY AV & S 4TH ST,NASHVILLE,TN,37206,1009,EAST,36.167,-86.7637,POINT (-86.7637 36.167)
20190126653,02/15/2019 10:17:00 PM,3,2,0,,Y,163667,5,SIDESWIPE - SAME DIRECTION,2,RAIN,3,DARK - LIGHTED,12,MOTOR VEHICLE IN TRANSPORT,MM 80 6 I 65,NASHVILLE,TN,37204,80040,MIDTOW,36.1235,-86.7729,POINT (-86.7729 36.1235)
20190536253,07/18/2019 04:03:00 AM,1,1,0,,N,769384,0,NOT COLLISION W/MOTOR VEHICLE-TRANSPORT,21,CLEAR,3,DARK - LIGHTED,8,PEDESTRIAN,3RD AVS & DEMONBREUN ST,NASHVILLE,TN,37201,4065,CENTRA,36.16,-86.7747,POINT (-86.7747 36.16)
20190543334,07/20/2019 10:29:00 PM,2,0,0,,Y,279124,4,ANGLE,2,RAIN,2,DARK - NOT LIGHTED,12,MOTOR VEHICLE IN TRANSPORT,MM 58 8 I 24,ANTIOCH,TN,37013,87061,SOUTH,36.0506,-86.6683,POINT (-86.6683 36.0506)
20190554629,07/25/2019 08:53:00 AM,2,0,0,,N,225773,4,ANGLE,21,CLEAR,1,DAYLIGHT,12,MOTOR VEHICLE IN TRANSPORT,THOMPSON LN & KRAFT DR,NASHVILLE,TN,37204,8525,MIDTOW,36.1114,-86.758,POINT (-86.758 36.1114)
20190420898,06/02/2019 03:45:00 PM,2,0,0,,N,429193,4,ANGLE,21,CLEAR,1,DAYLIGHT,12,MOTOR VEHICLE IN TRANSPORT,CHARLOTTE PKE & W HILLWOOD DR,NASHVILLE,TN,37209,5009,WEST,36.1347,-86.8881,POINT (-86.8881 36.1347)
20190433965,06/07/2019 10:50:00 AM,2,0,0,,N,716886,11,Front to Rear,2,RAIN,1,DAYLIGHT,12,MOTOR VEHICLE IN TRANSPORT,BELL RD & CANE RIDGE RD,ANTIOCH,TN,37013,8721,SOUTH,36.0447,-86.6615,POINT (-86.6615 36.0447)
20190467684,06/20/2019 09:45:00 AM,2,0,0,,N,224824,6,SIDESWIPE - OPPOSITE DIRECTION,2,RAIN,1,DAYLIGHT,14,PARKED MOTOR VEHICLE,LEBANON PKE & BONNASPRING DR,HERMITAGE,TN,37076,9613,HERMIT,36.1776,-86.6059,POINT (-86.6059 36.1776)
20190261743,04/05/2019 04:17:00 AM,1,1,0,Y,N,299254,0,NOT COLLISION W/MOTOR VEHICLE-TRANSPORT,21,CLEAR,3,DARK - LIGHTED,30;63,UTILITY POLE;Ran Off Road-Right,HAYWOOD LN & HOPEDALE DR,NASHVILLE,TN,37211,8711,SOUTH,36.0688,-86.7175,POINT (-86.7175 36.0688)
20190162359,02/28/2019 07:05:00 PM,2,1,0,,N,256505,11,Front to Rear,21,CLEAR,3,DARK - LIGHTED,12,MOTOR VEHICLE IN TRANSPORT,BLAKEMORE AV & 25TH AVS,NASHVILLE,TN,37212,5823,MIDTOW,36.1381,-86.806,POINT (-86.806 36.1381)
20190550295,07/23/2019 06:30:00 PM,2,0,0,,N,352156,11,Front to Rear,21,CLEAR,1,DAYLIGHT,12,MOTOR VEHICLE IN TRANSPORT,0 MURFREESBORO PKE,NASHVILLE,TN,37217,8849,SOUTH,36.0988,-86.6597,POINT (-86.6597 36.0988)
20190571014,08/01/2019 01:55:00 AM,1,0,0,,N,166477,0,NOT COLLISION W/MOTOR VEHICLE-TRANSPORT,21,CLEAR,2,DARK - NOT LIGHTED,24;63,GUARDRAIL FACE;Ran Off Road-Right,MM 56 8 I 24,NASHVILLE,TN,37211,8810,SOUTH,36.0721,-86.6914,POINT (-86.6914 36.0721)
20190433672,06/07/2019 08:17:00 AM,1,1,0,,N,876581,0,NOT COLLISION W/MOTOR VEHICLE-TRANSPORT,2,RAIN,1,DAYLIGHT,36,CONCRETE TRAFFIC BARRIER,BRILEY PKWYW & BRILEY PKWY W ENT RAMP,MADISON,TN,37115,1594,MADISO,36.2363,-86.7274,POINT (-86.7274 36.2363)
20190117378,02/12/2019 09:24:00 PM,2,0,0,,N,161946,5,SIDESWIPE - SAME DIRECTION,21,CLEAR,3,DARK - LIGHTED,12,MOTOR VEHICLE IN TRANSPORT,MM 86 6 I 65,NASHVILLE,TN,37207,3002,NORTH,36.1959,-86.7761,POINT (-86.7761 36.1959)
20190266132,04/06/2019 09:28:00 PM,2,2,0,,N,320579,11,Front to Rear,21,CLEAR,3,DARK - LIGHTED,12,MOTOR VEHICLE IN TRANSPORT,CLEVELAND ST & N 9TH ST,NASHVILLE,TN,37206,1925,EAST,36.1847,-86.7583,POINT (-86.7583 36.1847)
20190397595,05/24/2019 12:55:00 PM,2,0,0,,N,594473,11,Front to Rear,21,CLEAR,1,DAYLIGHT,12,MOTOR VEHICLE IN TRANSPORT,EDGEHILL AV & 16TH AVS,NASHVILLE,TN,37212,6629,MIDTOW,36.1433,-86.7925,POINT (-86.7925 36.1433)
20190338878,05/02/2019 09:01:00 PM,2,2,0,,N,134871,4,ANGLE,21,CLEAR,3,DARK - LIGHTED,12,MOTOR VEHICLE IN TRANSPORT,8TH AVS & LAFAYETTE ST,NASHVILLE,TN,37203,4043,CENTRA,36.1546,-86.7792,POINT (-86.7792 36.1546)
20190304574,04/20/2019 03:10:00 PM,2,0,0,,N,279224,4,ANGLE,22,CLOUDY,1,DAYLIGHT,12,MOTOR VEHICLE IN TRANSPORT,SHELBY AV & S 4TH ST,NASHVILLE,TN,37206,1009,EAST,36.167,-86.7637,POINT (-86.7637 36.167)
20190139361,02/20/2019 04:30:00 PM,2,0,0,,Y,320581,5,SIDESWIPE - SAME DIRECTION,22,CLOUDY,1,DAYLIGHT,12,MOTOR VEHICLE IN TRANSPORT,BUENA VISTA PKE & CLIFF DR,NASHVILLE,TN,37218,3135,NORTH,36.1971,-86.8281,POINT (-86.8281 36.1971)
20190124505,02/15/2019 04:12:00 AM,2,0,0,,N,311336,11,Front to Rear,21,CLEAR,3,DARK - LIGHTED,12;14,MOTOR VEHICLE IN TRANSPORT;PARKED MOTOR VEHICLE,N 7TH ST & VERNON WINFREY AV,NASHVILLE,TN,37207,1923,EAST,36.1885,-86.7601,POINT (-86.7601 36.1885)
20190127774,02/16/2019 11:37:00 AM,2,0,0,,N,279113,6,SIDESWIPE - OPPOSITE DIRECTION,21,CLEAR,1,DAYLIGHT,12,MOTOR VEHICLE IN TRANSPORT,DOVER GLEN DR & MURFREESBORO PKE,ANTIOCH,TN,37013,8861,SOUTH,36.0771,-86.6415,POINT (-86.6415 36.0771)
20190250870,04/01/2019 12:25:00 PM,2,0,0,,Y,191578,11,Front to Rear,21,CLEAR,1,DAYLIGHT,12;55,MOTOR VEHICLE IN TRANSPORT;Motor Vehicle-In-Motion Outside Trafficw,FESSLERS LN & MURFREESBORO PKE,NASHVILLE,TN,37210,8217,HERMIT,36.1428,-86.7444,POINT (-86.7444 36.1428)
20190014239,01/06/2019 04:05:00 PM,2,0,0,,N,420040,4,ANGLE,22,CLOUDY,1,DAYLIGHT,12,MOTOR VEHICLE IN TRANSPORT,PORTLAND AV & 20TH AVS,NASHVILLE,TN,37212,6607,MIDTOW,36.1331,-86.8,POINT (-86.8 36.1331)
20190290025,04/15/2019 06:45:00 PM,2,0,0,,Y,320581,11,Front to Rear,21,CLEAR,3,DARK - LIGHTED,12,MOTOR VEHICLE IN TRANSPORT,19TH AVN & CHARLOTTE AV,NASHVILLE,TN,37203,5357,NORTH,36.1576,-86.8014,POINT (-86.8014 36.1576)