Accident Number,Date and Time,Number of Motor Vehicles,Number of Injuries,Number of Fatalities,Property Damage,Hit and Run,Reporting Officer,Collision Type Code,Collision Type Description,Weather Code,Weather Description,Illumination Code,Illumination Description,Harmful Code,Harmful Code Description,Street Address,City,State,ZIP,RPA,Precinct,Latitude,Longitude,Mapped Location
20190103049,02/07/2019 12:33:00 PM,2,0,0,,N,191578,5,SIDESWIPE - SAME DIRECTION,22,CLOUDY,1,DAYLIGHT,12,MOTOR VEHICLE IN TRANSPORT,LEBANON PKE & OLD HICKORY BLVD,HERMITAGE,TN,37076,9507,HERMIT,36.1983,-86.6201,POINT (-86.6201 36.1983)
20190362945,05/12/2019 03:15:00 AM,2,0,0,,N,192378,11,Front to Rear,22,CLOUDY,3,DARK - LIGHTED,12,MOTOR VEHICLE IN TRANSPORT,MM 54 6 I 24,NASHVILLE,TN,37211,84021,SOUTH,36.0994,-86.7109,POINT (-86.7109 36.0994)
20190099418,02/06/2019 07:19:00 AM,2,0,0,,N,405447,4,ANGLE,22,CLOUDY,1,DAYLIGHT,12,MOTOR VEHICLE IN TRANSPORT,TROUSDALE DR & BRIARWOOD DR,NASHVILLE,TN,37220,8601,MIDTOW,36.0775,-86.7589,POINT (-86.7589 36.0775)
20190102766,02/07/2019 11:23:00 AM,1,0,0,,N,191578,0,NOT COLLISION W/MOTOR VEHICLE-TRANSPORT,21,CLEAR,1,DAYLIGHT,16,THROWN OR FALLING OBJECT,MURFREESBORO PKE & I24 W ENT RAMP,NASHVILLE,TN,37217,8801,SOUTH,36.1358,-86.725,POINT (-86.725 36.1358)
20190007547,01/03/2019 06:48:00 PM,2,0,0,,N,240955,4,ANGLE,22,CLOUDY,3,DARK - LIGHTED,12,MOTOR VEHICLE IN TRANSPORT,PIN HOOK RD & GROVEDALE TRC,ANTIOCH,TN,37013,8927,SOUTH,36.05,-86.606,POINT (-86.606 36.05)
20190257500,04/03/2019 02:39:00 PM,2,0,0,,N,197068,5,SIDESWIPE - SAME DIRECTION,21,CLEAR,1,DAYLIGHT,12,MOTOR VEHICLE IN TRANSPORT,MM 208 8 I 40,NASHVILLE,TN,37203,4102,CENTRA,36.1597,-86.7923,POINT (-86.7923 36.1597)
20190013738,01/06/2019 10:16:00 AM,1,0,0,Y,Y,109527,0,NOT COLLISION W/MOTOR VEHICLE-TRANSPORT,99,UNKNOWN,1,DAYLIGHT,18,OTHER OBJECT (NOT FIXED),HARBORWOOD CIR & QUAIL VIEW DR,NASHVILLE,TN,37214,8991,HERMIT,36.1337,-86.6366,POINT (-86.6366 36.1337)
20190554495,07/25/2019 07:59:00 AM,2,1,0,,N,716886,11,Front to Rear,21,CLEAR,1,DAYLIGHT,12,MOTOR VEHICLE IN TRANSPORT,MM 60 4 I 24,ANTIOCH,TN,37013,88060,SOUTH,36.0364,-86.6449,POINT (-86.6449 36.0364)
20190214112,03/19/2019 03:40:00 PM,2,3,0,,N,419972,11,Front to Rear,21,CLEAR,1,DAYLIGHT,12,MOTOR VEHICLE IN TRANSPORT,CHARLOTTE PKE & AMERICAN RD,NASHVILLE,TN,37209,5027,WEST,36.1444,-86.8727,POINT (-86.8727 36.1444)
20190508750,07/06/2019 12:35:00 PM,2,0,0,,N,224824,11,Front to Rear,21,CLEAR,1,DAYLIGHT,12,MOTOR VEHICLE IN TRANSPORT,ANDREW JACKSON WAY & OLD HICKORY BLVD,HERMITAGE,TN,37076,9557,HERMIT,36.1823,-86.608,POINT (-86.608 36.1823)
20190552476,07/24/2019 01:45:00 PM,2,0,0,,N,591933,11,Front to Rear,21,CLEAR,1,DAYLIGHT,12,MOTOR VEHICLE IN TRANSPORT,BELL RD & CANE RIDGE RD,ANTIOCH,TN,37013,8753,SOUTH,36.0449,-86.6631,POINT (-86.6631 36.0449)
20190022483,01/09/2019 03:50:00 PM,2,0,0,,N,807344,11,Front to Rear,21,CLEAR,1,DAYLIGHT,12,MOTOR VEHICLE IN TRANSPORT,3RD AVN & JEFFERSON ST,NASHVILLE,TN,37201,4233,CENTRA,36.175,-86.7847,POINT (-86.7847 36.175)
20190418926,06/01/2019 04:00:00 PM,2,0,0,,Y,299253,4,ANGLE,21,CLEAR,1,DAYLIGHT,12,MOTOR VEHICLE IN TRANSPORT,GALLATIN PKE & DOZIER PL,NASHVILLE,TN,37216,1851,EAST,36.2017,-86.7395,POINT (-86.7395 36.2017)
20190494074,06/30/2019 09:50:00 PM,2,0,0,,N,330431,5,SIDESWIPE - SAME DIRECTION,21,CLEAR,2,DARK - NOT LIGHTED,12,MOTOR VEHICLE IN TRANSPORT,MM 36 0 I 24,WHITES CREEK,TN,37189,33180,NORTH,36.3201,-86.8502,POINT (-86.8502 36.3201)
20190294253,04/17/2019 02:45:00 AM,3,0,0,,N,311340,4,ANGLE,21,CLEAR,3,DARK - LIGHTED,14;55,PARKED MOTOR VEHICLE;Motor Vehicle-In-Motion Outside Trafficw,15TH AVS & CALDWELL AV,NASHVILLE,TN,37212,6613,MIDTOW,36.1336,-86.7921,POINT (-86.7921 36.1336)
20190106283,02/08/2019 03:50:00 PM,3,2,0,,N,311328,11,Front to Rear,21,CLEAR,1,DAYLIGHT,12,MOTOR VEHICLE IN TRANSPORT,MM 208 6 I 40,NASHVILLE,TN,37203,42020,CENTRA,36.1629,-86.7935,POINT (-86.7935 36.1629)
20190129966,02/17/2019 11:06:00 AM,2,0,0,,Y,279116,4,ANGLE,2,RAIN,1,DAYLIGHT,12,MOTOR VEHICLE IN TRANSPORT,LOMBARDY AV & HILLSBORO PKE,NASHVILLE,TN,,6001,WEST,,,
20190121318,02/14/2019 03:15:00 AM,1,0,0,,N,156308,0,NOT COLLISION W/MOTOR VEHICLE-TRANSPORT,21,CLEAR,2,DARK - NOT LIGHTED,50,DEER (ANIMAL),HARPER RD & CLARKSVILLE PKE,JOELTON,TN,37080,3315,NORTH,36.1868,-86.8189,POINT (-86.8189 36.1868)
20190440627,06/10/2019 08:43:00 AM,2,0,0,,N,544482,11,Front to Rear,21,CLEAR,1,DAYLIGHT,12,MOTOR VEHICLE IN TRANSPORT,MM 211 9 I 40,NASHVILLE,TN,37210,90022,HERMIT,36.1487,-86.7459,POINT (-86.7459 36.1487)
20190039150,07/19/2019 06:47:00 AM,2,0,0,,N,544482,4,ANGLE,21,CLEAR,1,DAYLIGHT,12,MOTOR VEHICLE IN TRANSPORT,25TH AVN & PARK PLZ,NASHVILLE,TN,37203,5623,MIDTOW,36.1542,-86.8125,POINT (-86.8125 36.1542)
20190433128,06/07/2019 12:00:00 AM,1,1,0,,N,311800,0,NOT COLLISION W/MOTOR VEHICLE-TRANSPORT,2,RAIN,3,DARK - LIGHTED,8,PEDESTRIAN,BROADWAY & 7TH AVN,NASHVILLE,TN,37203,4085,CENTRA,36.1592,-86.7814,POINT (-86.7814 36.1592)
20190165040,03/01/2019 06:20:00 PM,3,0,0,,Y,298860,11,Front to Rear,21,CLEAR,2,DARK - NOT LIGHTED,12,MOTOR VEHICLE IN TRANSPORT,ANDREW JACKSON PKWY & JACKSON PASS,HERMITAGE,TN,37076,9561,HERMIT,36.1873,-86.6083,POINT (-86.6083 36.1873)
20190021059,01/09/2019 05:19:00 AM,2,1,0,,N,240947,11,Front to Rear,21,CLEAR,3,DARK - LIGHTED,12,MOTOR VEHICLE IN TRANSPORT,LEBANON PKE & CENTRAL PKE,HERMITAGE,TN,37076,9531,HERMIT,36.1868,-86.6316,POINT (-86.6316 36.1868)
20190271051,04/08/2019 09:06:00 PM,1,0,0,,N,320585,0,NOT COLLISION W/MOTOR VEHICLE-TRANSPORT,21,CLEAR,3,DARK - LIGHTED,34,DITCH,ELM HILL PKE & MCCRORY CREEK RD,NASHVILLE,TN,37214,9413,HERMIT,36.1437,-86.6553,POINT (-86.6553 36.1437)
20190387381,05/21/2019 08:12:00 AM,2,0,0,,N,462474,5,SIDESWIPE - SAME DIRECTION,21,CLEAR,1,DAYLIGHT,12,MOTOR VEHICLE IN TRANSPORT,MM 75 3 I 65,NASHVILLE,TN,37220,71040,MIDTOW,36.0483,-86.7762,POINT (-86.7762 36.0483)
20190371768,05/15/2019 11:05:00 AM,2,0,0,,N,620072,5,SIDESWIPE - SAME DIRECTION,2,RAIN,1,DAYLIGHT,12,MOTOR VEHICLE IN TRANSPORT,14TH AVN & GRUNDY ST,NASHVILLE,TN,37203,5517,MIDTOW,36.1566,-86.7904,POINT (-86.7904 36.1566)
20190094725,02/04/2019 07:12:00 PM,2,0,0,,N,311333,4,ANGLE,22,CLOUDY,2,DARK - NOT LIGHTED,14,PARKED MOTOR VEHICLE,SUE CT & ROXANNE DR,NASHVILLE,TN,37211,8717,SOUTH,36.0485,-86.6956,POINT (-86.6956 36.0485)
20190480689,06/25/2019 05:05:00 PM,2,0,0,,N,330435,4,ANGLE,21,CLEAR,1,DAYLIGHT,12,MOTOR VEHICLE IN TRANSPORT,WALTON LN & MAPLEWOOD TRC,NASHVILLE,TN,37216,1899,EAST,36.2342,-86.7506,POINT (-86.7506 36.2342)
20190224262,03/22/2019 05:25:00 PM,2,0,0,,N,320594,5,SIDESWIPE - SAME DIRECTION,21,CLEAR,1,DAYLIGHT,12,MOTOR VEHICLE IN TRANSPORT,LEBANON PKE & BIG HORN DR,HERMITAGE,TN,37076,9525,HERMIT,36.1676,-86.7787,POINT (-86.7787 36.1676)
20190461718,06/18/2019 08:30:00 AM,1,0,0,,N,462474,0,NOT COLLISION W/MOTOR VEHICLE-TRANSPORT,2,RAIN,1,DAYLIGHT,55;72,Motor Vehicle-In-Motion Outside Trafficw;EMBANKMENT ROCK/STONE/CONCRETE,I65 S EXT RAMP & I 65,MADISON,TN,37115,20044,MADISO,36.2481,-86.743,POINT (-86.743 36.2481)
20190145979,02/22/2019 07:59:00 PM,2,0,0,,Y,281611,11,Front to Rear,2,RAIN,2,DARK - NOT LIGHTED,12,MOTOR VEHICLE IN TRANSPORT,MCCRORY LN & NEWSOM STATION RD,NASHVILLE,TN,37221,4713,WEST,36.0784,-87.0219,POINT (-87.0219 36.0784)
20190208837,03/17/2019 10:33:00 PM,2,1,0,,Y,212349,11,Front to Rear,21,CLEAR,3,DARK - LIGHTED,12,MOTOR VEHICLE IN TRANSPORT,MM 49 1 I 24,NASHVILLE,TN,37206,10040,EAST,36.1647,-86.7634,POINT (-86.7634 36.1647)
20190138797,02/20/2019 01:27:00 PM,2,1,0,Y,N,226622,4,ANGLE,22,CLOUDY,1,DAYLIGHT,12;57;71,MOTOR VEHICLE IN TRANSPORT;Cable Barrier;EMBANKMENT EARTH,MM 193 2 I 40,NASHVILLE,TN,37221,4804,WEST,36.0772,-87.0078,POINT (-87.0078 36.0772)
20190529948,07/15/2019 08:55:00 PM,2,0,0,,N,717341,4,ANGLE,21,CLEAR,3,DARK - LIGHTED,12,MOTOR VEHICLE IN TRANSPORT,MM 54 1 I 24,NASHVILLE,TN,37211,84020,SOUTH,36.1045,-86.7166,POINT (-86.7166 36.1045)
20190366298,05/13/2019 02:00:00 PM,2,0,0,,Y,330445,9,UNKNOWN,21,CLEAR,1,DAYLIGHT,12;14,MOTOR VEHICLE IN TRANSPORT;PARKED MOTOR VEHICLE,ACKLEN AV & 21ST AVS,NASHVILLE,TN,37212,6607,MIDTOW,36.1358,-86.801,POINT (-86.801 36.1358)
20190365179,05/13/2019 06:39:00 AM,1,0,0,,N,716886,0,NOT COLLISION W/MOTOR VEHICLE-TRANSPORT,21,CLEAR,1,DAYLIGHT,50,DEER (ANIMAL),MM 57 2 I 24,NASHVILLE,TN,37211,8706,SOUTH,36.0675,-86.6877,POINT (-86.6877 36.0675)
20190524660,07/13/2019 11:50:00 AM,2,0,0,,Y,299247,5,SIDESWIPE - SAME DIRECTION,21,CLEAR,1,DAYLIGHT,12,MOTOR VEHICLE IN TRANSPORT,MM 214 5 I 40,NASHVILLE,TN,37217,88022,HERMIT,36.1434,-86.7031,POINT (-86.7031 36.1434)
20190084398,01/31/2019 07:06:00 PM,2,0,0,,Y,725756,9,UNKNOWN,21,CLEAR,3,DARK - LIGHTED,14;55,PARKED MOTOR VEHICLE;Motor Vehicle-In-Motion Outside Trafficw,VAUGHNS GAP RD & HIGHWAY 100,NASHVILLE,TN,37205,4913,WEST,36.0791,-86.8855,POINT (-86.8855 36.0791)
20190381992,05/19/2019 12:00:00 AM,2,1,0,,Y,298875,11,Front to Rear,21,CLEAR,3,DARK - LIGHTED,12,MOTOR VEHICLE IN TRANSPORT,OLD HICKORY BLVD & I24 E EXT RAMP,WHITES CREEK,TN,37189,3227,NORTH,36.2768,-86.801,POINT (-86.801 36.2768)
20190322810,04/26/2019 03:01:00 PM,2,0,0,,Y,206958,11,Front to Rear,21,CLEAR,1,DAYLIGHT,12,MOTOR VEHICLE IN TRANSPORT,OAK VALLEY DR & OAK RIDGE DR,NASHVILLE,TN,37207,1807,EAST,36.2316,-86.7617,POINT (-86.7617 36.2316)
20190425944,06/04/2019 01:04:00 PM,2,0,0,,N,352168,5,SIDESWIPE - SAME DIRECTION,22,CLOUDY,1,DAYLIGHT,14,PARKED MOTOR VEHICLE,S 5TH ST & SUMMER PL,NASHVILLE,TN,37206,1013,EAST,36.1655,-86.761,POINT (-86.761 36.1655)
20190459052,06/17/2019 08:05:00 AM,4,0,0,,Y,676834,11,Front to Rear,21,CLEAR,1,DAYLIGHT,12,MOTOR VEHICLE IN TRANSPORT,MM 86 5 I 65,NASHVILLE,TN,37207,3006,NORTH,36.1946,-86.7762,POINT (-86.7762 36.1946)
20190569928,07/31/2019 04:25:00 PM,2,0,0,,N,330444,5,SIDESWIPE - SAME DIRECTION,21,CLEAR,1,DAYLIGHT,14,PARKED MOTOR VEHICLE,GRAND AV & 18TH AVS,NASHVILLE,TN,37212,6709,MIDTOW,36.1471,-86.7956,POINT (-86.7956 36.1471)
20190298293,04/18/2019 07:25:00 AM,2,0,0,,N,462474,11,Front to Rear,22,CLOUDY,1,DAYLIGHT,12,MOTOR VEHICLE IN TRANSPORT,OLD HICKORY BLVD & BRENTWOOD CHASE DR,BRENTWOOD,TN,37027,8621,MIDTOW,36.0402,-86.7523,POINT (-86.7523 36.0402)
20190101576,02/06/2019 06:53:00 PM,2,0,0,,Y,468098,4,ANGLE,2,RAIN,3,DARK - LIGHTED,12,MOTOR VEHICLE IN TRANSPORT,ANTIOCH PKE & CHEROKEE PL,ANTIOCH,TN,37013,8899,SOUTH,36.0804,-86.6857,POINT (-86.6857 36.0804)
20190489278,06/28/2019 05:38:00 PM,2,1,0,,N,330428,11,Front to Rear,21,CLEAR,1,DAYLIGHT,12,MOTOR VEHICLE IN TRANSPORT,URBANDALE AV & BRILEY PKWYN,NASHVILLE,TN,37209,4637,WEST,36.1539,-86.8575,POINT (-86.8575 36.1539)
20190324812,04/27/2019 02:50:00 PM,2,0,0,,N,579971,4,ANGLE,21,CLEAR,1,DAYLIGHT,12,MOTOR VEHICLE IN TRANSPORT,I24 W EXT RAMP & I 24,NASHVILLE,TN,37211,8829,SOUTH,36.1074,-86.7197,POINT (-86.7197 36.1074)
20190014295,01/06/2019 05:15:00 PM,2,2,0,,N,179606,11,Front to Rear,21,CLEAR,3,DARK - LIGHTED,12,MOTOR VEHICLE IN TRANSPORT,MM 3 8 I 440,NASHVILLE,TN,37212,6502,MIDTOW,36.1163,-86.7919,POINT (-86.7919 36.1163)
20190520081,07/11/2019 02:57:00 PM,2,1,0,,N,256426,4,ANGLE,21,CLEAR,1,DAYLIGHT,12,MOTOR VEHICLE IN TRANSPORT,ELM HILL PKE & ARLINGTON AV,NASHVILLE,TN,37210,9013,HERMIT,36.1437,-86.7319,POINT (-86.7319 36.1437)
20190363731,05/12/2019 01:38:00 PM,2,0,0,,N,468030,6,SIDESWIPE - OPPOSITE DIRECTION,22,CLOUDY,1,DAYLIGHT,12,MOTOR VEHICLE IN TRANSPORT,GALLATIN AV & W EASTLAND AV,NASHVILLE,TN,37206,1243,EAST,36.1836,-86.7485,POINT (-86.7485 36.1836)
20190564803,07/29/2019 05:34:00 PM,2,0,0,,N,169425,11,Front to Rear,21,CLEAR,1,DAYLIGHT,12,MOTOR VEHICLE IN TRANSPORT,I440 W EXT RAMP & I 440,NASHVILLE,TN,37212,6501,MIDTOW,36.122,-86.804,POINT (-86.804 36.122)
20190230706,03/25/2019 09:31:00 AM,2,1,0,,N,320574,11,Front to Rear,22,CLOUDY,1,DAYLIGHT,12,MOTOR VEHICLE IN TRANSPORT,ELM HILL PKE & TWIN ELMS CT,NASHVILLE,TN,37210,9013,HERMIT,36.1438,-86.7344,POINT (-86.7344 36.1438)
20190137871,02/20/2019 06:04:00 AM,2,0,0,,N,299269,5,SIDESWIPE - SAME DIRECTION,2,RAIN,3,DARK - LIGHTED,12,MOTOR VEHICLE IN TRANSPORT,MM 87 6 I 65,NASHVILLE,TN,37207,1804,EAST,36.2107,-86.7758,POINT (-86.7758 36.2107)
20190516488,07/10/2019 07:00:00 AM,2,0,0,,N,226306,4,ANGLE,21,CLEAR,1,DAYLIGHT,12,MOTOR VEHICLE IN TRANSPORT,OLD HICKORY BLVD & BELLE FOREST SHOPPING,NASHVILLE,TN,37205,4903,WEST,36.0756,-86.921,POINT (-86.921 36.0756)
20190463016,06/18/2019 05:01:00 PM,2,0,0,,Y,352167,11,Front to Rear,21,CLEAR,1,DAYLIGHT,12,MOTOR VEHICLE IN TRANSPORT,2ND AVN & MADISON ST,NASHVILLE,TN,37208,4315,CENTRA,36.1769,-86.7846,POINT (-86.7846 36.1769)
20190473184,06/22/2019 11:42:00 AM,1,0,0,Y,N,279122,0,NOT COLLISION W/MOTOR VEHICLE-TRANSPORT,22,CLOUDY,1,DAYLIGHT,1;34;63,DITCH;Ran Off Road-Right,LICKTON PKE & WHITES CREEK PKE PVTDR,WHITES CREEK,TN,37189,3301,NORTH,36.2813,-86.8151,POINT (-86.8151 36.2813)
20190496340,07/01/2019 06:31:00 PM,2,0,0,,N,267831,4,ANGLE,21,CLEAR,1,DAYLIGHT,12,MOTOR VEHICLE IN TRANSPORT,MORROW RD & DELRAY DR,NASHVILLE,TN,37209,4637,WEST,36.1586,-86.855,POINT (-86.855 36.1586)
20190243815,03/29/2019 01:02:00 PM,2,0,0,,N,191578,5,SIDESWIPE - SAME DIRECTION,21,CLEAR,1,DAYLIGHT,12,MOTOR VEHICLE IN TRANSPORT,MCGAVOCK PKE EB ENT RAMP & BRILEY PKWYS,NASHVILLE,TN,37214,92840,HERMIT,36.2168,-86.6927,POINT (-86.6927 36.2168)
20190100907,02/06/2019 05:18:00 PM,2,0,0,,N,256505,11,Front to Rear,2,RAIN,3,DARK - LIGHTED,12,MOTOR VEHICLE IN TRANSPORT,MM 209 7 I 40,NASHVILLE,TN,37203,4004,CENTRA,36.1492,-86.7812,POINT (-86.7812 36.1492)
20190366970,05/13/2019 09:05:00 PM,2,0,0,,N,330440,11,Front to Rear,21,CLEAR,3,DARK - LIGHTED,12,MOTOR VEHICLE IN TRANSPORT,DR D B TODD JR BLVD & BUCHANAN ST,NASHVILLE,TN,37208,4413,NORTH,36.1805,-86.8112,POINT (-86.8112 36.1805)
20190138735,02/20/2019 12:45:00 PM,2,1,0,,N,571313,11,Front to Rear,2,RAIN,1,DAYLIGHT,12,MOTOR VEHICLE IN TRANSPORT,WEDGEWOOD AV & 12TH AVS,NASHVILLE,TN,37203,6913,MIDTOW,36.1361,-86.7879,POINT (-86.7879 36.1361)
20190153976,02/26/2019 12:09:00 AM,1,0,0,Y,N,151122,0,NOT COLLISION W/MOTOR VEHICLE-TRANSPORT,21,CLEAR,3,DARK - LIGHTED,34;47;63,DITCH;FIRE HYDRANT;Ran Off Road-Right,EZELL PKE & HARDING PL,NASHVILLE,TN,37211,8847,SOUTH,36.0896,-86.6885,POINT (-86.6885 36.0896)
20190058911,01/23/2019 07:22:00 AM,2,0,0,,N,226622,11,Front to Rear,22,CLOUDY,1,DAYLIGHT,12,MOTOR VEHICLE IN TRANSPORT,CENTENNIAL BLVD & BRILEY PKWY S EXT RAMP,NASHVILLE,TN,37209,4641,WEST,36.1713,-86.871,POINT (-86.871 36.1713)
20190173939,03/05/2019 07:52:00 AM,2,0,0,,N,109534,11,Front to Rear,21,CLEAR,1,DAYLIGHT,12,MOTOR VEHICLE IN TRANSPORT,LEBANON PKE & OLD HICKORY BLVD,HERMITAGE,TN,37076,9613,HERMIT,36.1756,-86.6154,POINT (-86.6154 36.1756)
20190297085,04/17/2019 10:40:00 PM,2,0,0,,N,197067,5,SIDESWIPE - SAME DIRECTION,21,CLEAR,2,DARK - NOT LIGHTED,12,MOTOR VEHICLE IN TRANSPORT,MM 208 7 I 40,NASHVILLE,TN,37203,4202,CENTRA,36.1613,-86.7932,POINT (-86.7932 36.1613)
20190337659,05/02/2019 11:15:00 AM,2,2,0,,N,224824,11,Front to Rear,21,CLEAR,1,DAYLIGHT,12,MOTOR VEHICLE IN TRANSPORT,MM 215 5 I 40,NASHVILLE,TN,37217,89020,HERMIT,36.1432,-86.6865,POINT (-86.6865 36.1432)
20190009959,01/04/2019 05:09:00 PM,2,0,0,,N,279225,11,Front to Rear,2,RAIN,3,DARK - LIGHTED,12,MOTOR VEHICLE IN TRANSPORT,SMITH SPRINGS RD & OLD SMITH SPRINGS RD,NASHVILLE,TN,37217,8935,HERMIT,36.0921,-86.631,POINT (-86.631 36.0921)
20190132528,02/18/2019 12:46:00 PM,2,0,0,,N,311804,4,ANGLE,22,CLOUDY,1,DAYLIGHT,12,MOTOR VEHICLE IN TRANSPORT,JO JOHNSTON AV & GEORGE L DAVIS BLVD,NASHVILLE,TN,37203,4207,CENTRA,36.1643,-86.7932,POINT (-86.7932 36.1643)
20190025356,01/10/2019 03:37:00 PM,3,0,0,,N,256505,11,Front to Rear,21,CLEAR,1,DAYLIGHT,12,MOTOR VEHICLE IN TRANSPORT,CHARLOTTE AV & SHORTVIEW AV,NASHVILLE,TN,,5339,NORTH,,,
20190234694,03/26/2019 12:00:00 AM,2,0,0,,Y,580819,9,UNKNOWN,21,CLEAR,1,DAYLIGHT,14,PARKED MOTOR VEHICLE,CLINTON ST & 11TH AVN,NASHVILLE,TN,37203,4209,CENTRA,36.1657,-86.7929,POINT (-86.7929 36.1657)
20190001008,01/01/2019 12:00:00 PM,2,0,0,,N,716886,11,Front to Rear,21,CLEAR,1,DAYLIGHT,12,MOTOR VEHICLE IN TRANSPORT,HAMILTON CHURCH RD & OWENDALE DR,ANTIOCH,TN,37013,8927,SOUTH,36.0648,-86.6221,POINT (-86.6221 36.0648)
20190119433,02/13/2019 11:42:00 AM,3,0,0,,Y,876573,11,Front to Rear,21,CLEAR,1,DAYLIGHT,12,MOTOR VEHICLE IN TRANSPORT,HICKORY HOLLOW PKWY & BELL RD,ANTIOCH,TN,37013,8863,SOUTH,36.0475,-86.656,POINT (-86.656 36.0475)
20190052126,01/20/2019 12:00:00 AM,1,2,0,,N,311333,0,NOT COLLISION W/MOTOR VEHICLE-TRANSPORT,4,SNOW,2,DARK - NOT LIGHTED,42,TREE,OLD HICKORY BLVD & RED APPLE RD,ANTIOCH,TN,37013,8769,SOUTH,36.0029,-86.6301,POINT (-86.6301 36.0029)
20190190728,03/11/2019 09:47:00 AM,2,0,0,,Y,716886,5,SIDESWIPE - SAME DIRECTION,2,RAIN,1,DAYLIGHT,12,MOTOR VEHICLE IN TRANSPORT,MM 53 9 I 24,NASHVILLE,TN,37211,88122,SOUTH,36.1073,-86.7197,POINT (-86.7197 36.1073)
20190068622,01/26/2019 02:10:00 PM,2,1,0,,N,320577,11,Front to Rear,21,CLEAR,1,DAYLIGHT,12,MOTOR VEHICLE IN TRANSPORT,NOLENSVILLE PKE & ROSEDALE AV,NASHVILLE,TN,37210,8101,SOUTH,36.1253,-86.7523,POINT (-86.7523 36.1253)
20190304407,04/20/2019 12:55:00 PM,3,0,0,,Y,298864,11,Front to Rear,2,RAIN,1,DAYLIGHT,12,MOTOR VEHICLE IN TRANSPORT,ANDERSON LN & MYATT DR,MADISON,TN,37115,1713,MADISO,36.2721,-86.689,POINT (-86.689 36.2721)
20190241228,03/28/2019 03:34:00 PM,2,0,0,,N,717341,11,Front to Rear,21,CLEAR,1,DAYLIGHT,12,MOTOR VEHICLE IN TRANSPORT,MM 52 8 I 24,NASHVILLE,TN,37210,81022,SOUTH,36.1212,-86.7272,POINT (-86.7272 36.1212)
20190184611,03/08/2019 03:20:00 PM,2,0,0,,N,256380,11,Front to Rear,2,RAIN,1,DAYLIGHT,12,MOTOR VEHICLE IN TRANSPORT,CLARKSVILLE PKE & STENBERG RD,WHITES CREEK,TN,37189,3229,NORTH,36.2661,-86.8582,POINT (-86.8582 36.2661)
20190044766,01/17/2019 06:00:00 PM,2,0,0,,N,320581,4,ANGLE,2,RAIN,3,DARK - LIGHTED,12,MOTOR VEHICLE IN TRANSPORT,POWELL AV & OLD POWELL AV,NASHVILLE,TN,37204,8525,MIDTOW,36.1109,-86.7672,POINT (-86.7672 36.1109)
20190005915,01/03/2019 07:31:00 AM,2,0,0,,N,716886,11,Front to Rear,22,CLOUDY,1,DAYLIGHT,12,MOTOR VEHICLE IN TRANSPORT,MM 53 2 I 24,NASHVILLE,TN,37210,83020,SOUTH,36.116,-86.7253,POINT (-86.7253 36.116)
20190565227,07/29/2019 06:53:00 PM,2,1,0,,N,309262,5,SIDESWIPE - SAME DIRECTION,21,CLEAR,3,DARK - LIGHTED,12,MOTOR VEHICLE IN TRANSPORT,MM 94 0 I 65,GOODLETTSVILLE,TN,37072,17061,MADISO,36.2879,-86.7259,POINT (-86.7259 36.2879)
20190378738,05/17/2019 04:09:00 PM,2,0,0,,N,728059,4,ANGLE,21,CLEAR,1,DAYLIGHT,12,MOTOR VEHICLE IN TRANSPORT,50TH AVN & PARK AV,NASHVILLE,TN,37209,5131,WEST,36.1509,-86.8471,POINT (-86.8471 36.1509)
20190287086,04/14/2019 08:39:00 PM,1,0,0,Y,Y,306230,0,NOT COLLISION W/MOTOR VEHICLE-TRANSPORT,21,CLEAR,3,DARK - LIGHTED,1;30,UTILITY POLE,WHITES CREEK PKE & AUGUSTA DR,NASHVILLE,TN,37207,3027,NORTH,36.2283,-86.8111,POINT (-86.8111 36.2283)
20190308766,04/22/2019 10:44:00 AM,2,3,0,,N,580819,4,ANGLE,21,CLEAR,1,DAYLIGHT,12,MOTOR VEHICLE IN TRANSPORT,100 TITANS WAY,NASHVILLE,TN,37213,1101,CENTRA,36.1654,-86.7734,POINT (-86.7734 36.1654)
20190388601,05/21/2019 04:30:00 PM,2,0,0,,N,714641,11,Front to Rear,21,CLEAR,1,DAYLIGHT,12,MOTOR VEHICLE IN TRANSPORT,COMMERCE ST & PRINTERS ALY,NASHVILLE,TN,37201,4105,CENTRA,36.1626,-86.7775,POINT (-86.7775 36.1626)
20190064886,01/25/2019 07:10:00 AM,3,1,0,,N,716886,11,Front to Rear,21,CLEAR,1,DAYLIGHT,12,MOTOR VEHICLE IN TRANSPORT,MM 62 1 I 24,ANTIOCH,TN,37013,8806,SOUTH,36.0195,-86.626,POINT (-86.626 36.0195)
20190195317,03/12/2019 09:30:00 PM,2,0,0,,N,206675,4,ANGLE,21,CLEAR,3,DARK - LIGHTED,12,MOTOR VEHICLE IN TRANSPORT,4TH AVS & OAK ST,NASHVILLE,TN,37210,8153,SOUTH,36.1492,-86.7695,POINT (-86.7695 36.1492)
20190574960,08/02/2019 03:03:00 PM,2,1,0,,N,151132,4,ANGLE,21,CLEAR,1,DAYLIGHT,12,MOTOR VEHICLE IN TRANSPORT,VAILVIEW DR & OAKVIEW DR,NASHVILLE,TN,37207,2005,MADISO,36.2398,-86.7664,POINT (-86.7664 36.2398)