Accident Number,Date and Time,Number of Motor Vehicles,Number of Injuries,Number of Fatalities,Property Damage,Hit and Run,Reporting Officer,Collision Type Code,Collision Type Description,Weather Code,Weather Description,Illumination Code,Illumination Description,Harmful Code,Harmful Code Description,Street Address,City,State,ZIP,RPA,Precinct,Latitude,Longitude,Mapped Location
20190177973,03/06/2019 12:11:00 PM,1,1,0,,N,299264,0,NOT COLLISION W/MOTOR VEHICLE-TRANSPORT,21,CLEAR,1,DAYLIGHT,18,OTHER OBJECT (NOT FIXED),MM 81 4 I 65,NASHVILLE,TN,37203,68042,MIDTOW,36.1348,-86.7756,POINT (-86.7756 36.1348)
20190006931,01/03/2019 02:29:00 PM,2,0,0,,Y,256389,11,Front to Rear,21,CLEAR,1,DAYLIGHT,12,MOTOR VEHICLE IN TRANSPORT,MM 75 0 I 65,BRENTWOOD,TN,37027,86040,MIDTOW,36.0442,-86.7806,POINT (-86.7806 36.0442)
20190166576,03/02/2019 11:04:00 AM,2,0,0,,N,553957,98,OTHER,22,CLOUDY,1,DAYLIGHT,12,MOTOR VEHICLE IN TRANSPORT,MM 212 6 I 40,NASHVILLE,TN,37210,90040,HERMIT,36.1439,-86.7382,POINT (-86.7382 36.1439)
20190154936,02/26/2019 07:40:00 AM,3,0,0,,N,191578,11,Front to Rear,21,CLEAR,1,DAYLIGHT,12,MOTOR VEHICLE IN TRANSPORT,MURFREESBORO PKE & POLK AV,NASHVILLE,TN,37210,8117,SOUTH,36.1424,-86.7432,POINT (-86.7432 36.1424)
20190577138,08/03/2019 11:28:00 AM,4,5,1,,N,109495,11,Front to Rear,21,CLEAR,1,DAYLIGHT,12,MOTOR VEHICLE IN TRANSPORT,MM 79 7 I 65,NASHVILLE,TN,37204,8504,MIDTOW,36.1092,-86.7698,POINT (-86.7698 36.1092)
20190566010,07/30/2019 06:50:00 AM,2,1,0,,N,109495,11,Front to Rear,21,CLEAR,1,DAYLIGHT,12,MOTOR VEHICLE IN TRANSPORT,THOMPSON LN & NOLENSVILLE PKE,NASHVILLE,TN,37211,8519,MIDTOW,36.1109,-86.7452,POINT (-86.7452 36.1109)
20190353690,05/08/2019 02:00:00 PM,2,0,0,,N,468031,6,SIDESWIPE - OPPOSITE DIRECTION,21,CLEAR,1,DAYLIGHT,14,PARKED MOTOR VEHICLE,RAMSEY ST & N 7TH ST,NASHVILLE,TN,37206,1999,EAST,36.1757,-86.7611,POINT (-86.7611 36.1757)
20190528292,07/15/2019 07:15:00 AM,2,0,0,,N,462494,4,ANGLE,2,RAIN,1,DAYLIGHT,12,MOTOR VEHICLE IN TRANSPORT,MUSIC CIRE & DIVISION ST,NASHVILLE,TN,37203,6721,MIDTOW,36.1522,-86.7888,POINT (-86.7888 36.1522)
20190147140,02/23/2019 07:56:00 AM,1,0,0,,N,630627,0,NOT COLLISION W/MOTOR VEHICLE-TRANSPORT,2,RAIN,1,DAYLIGHT,36,CONCRETE TRAFFIC BARRIER,MM 208 9 I 40,NASHVILLE,TN,37203,4102,CENTRA,36.1587,-86.7915,POINT (-86.7915 36.1587)
20190449990,06/13/2019 02:51:00 PM,1,1,0,,N,240976,0,NOT COLLISION W/MOTOR VEHICLE-TRANSPORT,21,CLEAR,1,DAYLIGHT,9,,CLEVELAND ST & N 9TH ST,NASHVILLE,TN,37206,1925,EAST,36.1847,-86.7583,POINT (-86.7583 36.1847)
20190542883,07/20/2019 06:29:00 PM,2,1,0,Y,N,212322,2,HEAD-ON,2,RAIN,1,DAYLIGHT,12,MOTOR VEHICLE IN TRANSPORT,PEBBLE CREEK DR & MOUNTAIN LAUREL DR,ANTIOCH,TN,37013,8861,SOUTH,36.0719,-86.6581,POINT (-86.6581 36.0719)
20190265643,04/06/2019 05:00:00 PM,2,0,0,,N,579971,4,ANGLE,21,CLEAR,1,DAYLIGHT,12,MOTOR VEHICLE IN TRANSPORT,HAMILTON CHURCH RD & MURFREESBORO PKE,ANTIOCH,TN,37013,8865,SOUTH,36.0645,-86.6288,POINT (-86.6288 36.0645)
20190510699,07/07/2019 05:05:00 PM,2,0,0,,N,161939,4,ANGLE,21,CLEAR,1,DAYLIGHT,12,MOTOR VEHICLE IN TRANSPORT,GROVEDALE TRC & PIN HOOK RD,ANTIOCH,TN,37013,8927,SOUTH,36.0502,-86.606,POINT (-86.606 36.0502)
20190119207,02/13/2019 11:26:00 AM,2,0,0,,N,462474,4,ANGLE,21,CLEAR,1,DAYLIGHT,12,MOTOR VEHICLE IN TRANSPORT,FRANKLIN PKE & SHADOWSTONE PL,NASHVILLE,TN,37220,7111,MIDTOW,36.0616,-86.7743,POINT (-86.7743 36.0616)
20190096762,02/05/2019 11:50:00 AM,2,0,0,,Y,226136,4,ANGLE,22,CLOUDY,1,DAYLIGHT,12;14,MOTOR VEHICLE IN TRANSPORT;PARKED MOTOR VEHICLE,GRANDVIEW AV & WOODBINE ST,NASHVILLE,TN,37211,8343,MIDTOW,36.1163,-86.7493,POINT (-86.7493 36.1163)
20190261140,04/04/2019 11:12:00 PM,2,0,0,,N,299257,4,ANGLE,2,RAIN,3,DARK - LIGHTED,12,MOTOR VEHICLE IN TRANSPORT,HILLSBORO PKE & ABBOTT MARTIN RD,NASHVILLE,TN,37215,6111,WEST,36.1054,-86.8142,POINT (-86.8142 36.1054)
20190579499,08/04/2019 01:58:00 PM,2,0,0,,Y,299267,4,ANGLE,2,RAIN,1,DAYLIGHT,12,MOTOR VEHICLE IN TRANSPORT,MM 208 6 I 40,NASHVILLE,TN,37203,42020,CENTRA,36.1629,-86.7935,POINT (-86.7935 36.1629)
20190025696,01/10/2019 06:26:00 PM,2,0,0,,N,909486,4,ANGLE,21,CLEAR,3,DARK - LIGHTED,12,MOTOR VEHICLE IN TRANSPORT,WHISPERING HILLS DR & EDMONDSON PKE,NASHVILLE,TN,37211,8659,MIDTOW,36.0721,-86.7329,POINT (-86.7329 36.0721)
20190401158,05/25/2019 10:40:00 PM,2,0,0,,N,175719,4,ANGLE,22,CLOUDY,3,DARK - LIGHTED,12,MOTOR VEHICLE IN TRANSPORT,MCFERRIN AV & MAIN ST,NASHVILLE,TN,37206,1131,EAST,36.1765,-86.7557,POINT (-86.7557 36.1765)
20190163516,03/01/2019 06:05:00 AM,2,0,0,,N,320575,6,SIDESWIPE - OPPOSITE DIRECTION,2,RAIN,1,DAYLIGHT,12,MOTOR VEHICLE IN TRANSPORT,FRANKLIN LIMESTONE RD & RICE AV,NASHVILLE,TN,37217,8853,SOUTH,36.0942,-86.654,POINT (-86.654 36.0942)
20190186163,03/09/2019 05:57:00 AM,1,1,0,,N,284059,0,NOT COLLISION W/MOTOR VEHICLE-TRANSPORT,2,RAIN,5,DUSK,36,CONCRETE TRAFFIC BARRIER,MM 88 0 I 65,NASHVILLE,TN,37207,18041,EAST,36.2165,-86.775,POINT (-86.775 36.2165)
20190350651,05/07/2019 01:33:00 PM,2,0,0,,N,633370,11,Front to Rear,21,CLEAR,1,DAYLIGHT,12,MOTOR VEHICLE IN TRANSPORT,MM 210 3 I 40,NASHVILLE,TN,37203,80021,MIDTOW,36.15,-86.7719,POINT (-86.7719 36.15)
20190385670,05/20/2019 05:45:00 PM,2,0,0,,N,151132,4,ANGLE,21,CLEAR,1,DAYLIGHT,12,MOTOR VEHICLE IN TRANSPORT,STATE RT 45 & RIO VISTA DR,MADISON,TN,37115,1705,MADISO,36.2628,-86.681,POINT (-86.681 36.2628)
20190477293,06/22/2019 04:30:00 PM,2,0,0,,Y,546012,11,Front to Rear,2,RAIN,1,DAYLIGHT,12,MOTOR VEHICLE IN TRANSPORT,DUE WEST AVW & S GRAYCROFT AV,MADISON,TN,37115,1799,MADISO,36.2492,-86.7345,POINT (-86.7345 36.2492)
20190446173,06/12/2019 07:20:00 AM,2,0,0,,N,716886,5,SIDESWIPE - SAME DIRECTION,21,CLEAR,1,DAYLIGHT,12,MOTOR VEHICLE IN TRANSPORT,MM 56 7 I 24,NASHVILLE,TN,37211,8810,SOUTH,36.0726,-86.6916,POINT (-86.6916 36.0726)
20190203645,03/15/2019 01:30:00 PM,2,0,0,,Y,256412,5,SIDESWIPE - SAME DIRECTION,21,CLEAR,1,DAYLIGHT,12,MOTOR VEHICLE IN TRANSPORT,0 CROSSINGS PL,ANTIOCH,TN,37013,8863,SOUTH,36.044,-86.6505,POINT (-86.6505 36.044)
20190344568,05/05/2019 08:25:00 AM,2,0,0,,N,212325,11,Front to Rear,22,CLOUDY,1,DAYLIGHT,12,MOTOR VEHICLE IN TRANSPORT,GALLATIN PKES & GALLATIN PKE,MADISON,TN,37115,1517,MADISO,36.2383,-86.724,POINT (-86.724 36.2383)
20190068253,01/26/2019 10:20:00 AM,2,0,0,,Y,226673,5,SIDESWIPE - SAME DIRECTION,21,CLEAR,1,DAYLIGHT,12,MOTOR VEHICLE IN TRANSPORT,ROSA L PARKS BLVD & JAMES ROBERTSON PKWY,NASHVILLE,TN,37219,4203,CENTRA,36.1667,-86.7874,POINT (-86.7874 36.1667)
20190093268,02/04/2019 10:10:00 AM,2,0,0,,N,222047,4,ANGLE,22,CLOUDY,1,DAYLIGHT,12,MOTOR VEHICLE IN TRANSPORT,CASTLEGATE DR & SMITH SPRINGS RD,NASHVILLE,TN,37217,8929,HERMIT,36.0892,-86.6148,POINT (-86.6148 36.0892)
20190397902,05/24/2019 03:46:00 PM,3,0,0,,N,330444,4,ANGLE,21,CLEAR,1,DAYLIGHT,12,MOTOR VEHICLE IN TRANSPORT,17TH AVN & CHURCH ST,NASHVILLE,TN,37203,5519,MIDTOW,36.1558,-86.7959,POINT (-86.7959 36.1558)
20190077353,01/29/2019 05:34:00 PM,2,0,0,,N,320597,11,Front to Rear,21,CLEAR,3,DARK - LIGHTED,12,MOTOR VEHICLE IN TRANSPORT,MURFREESBORO PKE & MOUNTAIN SPRINGS RD,ANTIOCH,TN,37013,8927,SOUTH,36.0478,-86.6121,POINT (-86.6121 36.0478)
20190422313,06/03/2019 08:20:00 AM,2,0,0,,Y,716886,4,ANGLE,21,CLEAR,1,DAYLIGHT,12,MOTOR VEHICLE IN TRANSPORT,ANTIOCH PKE & HARDING PL,NASHVILLE,TN,37211,8847,SOUTH,36.0874,-86.6922,POINT (-86.6922 36.0874)
20190103272,02/07/2019 02:18:00 PM,3,4,0,,N,716886,4,ANGLE,21,CLEAR,1,DAYLIGHT,12,MOTOR VEHICLE IN TRANSPORT,MURFREESBORO PKE & UNA ANTIOCH PKE,NASHVILLE,TN,37217,8937,HERMIT,36.0854,-86.6479,POINT (-86.6479 36.0854)
20190023536,01/10/2019 12:00:00 AM,1,0,0,Y,N,240981,0,NOT COLLISION W/MOTOR VEHICLE-TRANSPORT,21,CLEAR,3,DARK - LIGHTED,33;34;38,CURB;DITCH;FENCE,2400 CHESTER AV,NASHVILLE,TN,37206,1363,EAST,36.1945,-86.7423,POINT (-86.7423 36.1945)
20190419017,06/01/2019 12:00:00 AM,2,0,0,,Y,311332,9,UNKNOWN,21,CLEAR,1,DAYLIGHT,14,PARKED MOTOR VEHICLE,BELLEVUE VALLEY PLAZA PVTDR & OLD HICKOR,NASHVILLE,TN,37221,4901,WEST,36.0734,-86.9202,POINT (-86.9202 36.0734)
20190305449,04/21/2019 12:09:00 AM,1,1,0,,Y,311341,0,NOT COLLISION W/MOTOR VEHICLE-TRANSPORT,21,CLEAR,3,DARK - LIGHTED,8,PEDESTRIAN,I40 W EXT RAMP & I 40,NASHVILLE,TN,37203,4119,CENTRA,36.1574,-86.79,POINT (-86.79 36.1574)
20190147350,02/23/2019 10:25:00 AM,1,1,0,,N,140790,0,NOT COLLISION W/MOTOR VEHICLE-TRANSPORT,2,RAIN,1,DAYLIGHT,42;63,TREE;Ran Off Road-Right,TULIP GROVE RD & BAYHILL CT,HERMITAGE,TN,37076,9513,HERMIT,36.197,-86.5929,POINT (-86.5929 36.197)
20190168727,03/03/2019 12:00:00 PM,1,1,0,Y,N,256502,0,NOT COLLISION W/MOTOR VEHICLE-TRANSPORT,2,RAIN,1,DAYLIGHT,36,CONCRETE TRAFFIC BARRIER,MM 86 2 I 65,NASHVILLE,TN,37207,1910,CENTRA,36.1919,-86.7812,POINT (-86.7812 36.1919)
20190329688,04/29/2019 12:00:00 AM,3,0,0,,N,298868,11,Front to Rear,21,CLEAR,1,DAYLIGHT,12,MOTOR VEHICLE IN TRANSPORT,MM 205 3 I 40,NASHVILLE,TN,37209,45045,WEST,36.1543,-86.8337,POINT (-86.8337 36.1543)
20190196444,03/13/2019 06:07:00 AM,2,0,0,,N,332216,5,SIDESWIPE - SAME DIRECTION,21,CLEAR,3,DARK - LIGHTED,12,MOTOR VEHICLE IN TRANSPORT,I40 W ENT RAMP & I 40,NASHVILLE,TN,37210,9007,HERMIT,36.1484,-86.7454,POINT (-86.7454 36.1484)
20190238389,03/27/2019 06:43:00 PM,2,1,0,,Y,279124,11,Front to Rear,21,CLEAR,1,DAYLIGHT,12,MOTOR VEHICLE IN TRANSPORT,MM 59 6 I 24,ANTIOCH,TN,37013,88060,SOUTH,36.0438,-86.6561,POINT (-86.6561 36.0438)
20190477300,06/24/2019 01:29:00 PM,2,2,0,,N,468030,4,ANGLE,22,CLOUDY,1,DAYLIGHT,12,MOTOR VEHICLE IN TRANSPORT,RIVERSIDE DR & MCKENNELL DR,NASHVILLE,TN,37206,1351,EAST,36.1916,-86.7258,POINT (-86.7258 36.1916)
20190128348,02/16/2019 05:56:00 PM,2,0,0,,Y,279225,5,SIDESWIPE - SAME DIRECTION,22,CLOUDY,3,DARK - LIGHTED,12,MOTOR VEHICLE IN TRANSPORT,MURFREESBORO PKE & LAKEVILLA DR,ANTIOCH,TN,37013,8861,SOUTH,36.0767,-86.6409,POINT (-86.6409 36.0767)
20190142681,02/21/2019 06:28:00 PM,3,0,0,,N,330413,11,Front to Rear,2,RAIN,3,DARK - LIGHTED,12,MOTOR VEHICLE IN TRANSPORT,MM 79 7 I 65,NASHVILLE,TN,37204,8504,MIDTOW,36.1092,-86.7698,POINT (-86.7698 36.1092)
20190432295,06/06/2019 06:19:00 PM,2,2,0,,N,151132,11,Front to Rear,2,RAIN,1,DAYLIGHT,12,MOTOR VEHICLE IN TRANSPORT,STATE RT 45 & KATE ST,MADISON,TN,37115,1701,MADISO,36.2639,-86.7074,POINT (-86.7074 36.2639)
20190081093,01/30/2019 08:04:00 PM,2,0,0,,N,330414,4,ANGLE,21,CLEAR,3,DARK - LIGHTED,12,MOTOR VEHICLE IN TRANSPORT,HIGHWAY 70S & BELLEVUE CTR PVTDR,NASHVILLE,TN,37221,4811,WEST,36.0785,-86.9508,POINT (-86.9508 36.0785)
20190187272,03/09/2019 06:39:00 PM,2,1,0,,N,298858,4,ANGLE,2,RAIN,3,DARK - LIGHTED,12,MOTOR VEHICLE IN TRANSPORT,INTERSTATE DR & JAMES ROBERTSON PKWY,NASHVILLE,TN,37213,1105,CENTRA,36.1714,-86.769,POINT (-86.769 36.1714)
20190502100,07/03/2019 03:05:00 PM,2,0,0,,N,256383,16,Rear to Side,22,CLOUDY,1,DAYLIGHT,55,Motor Vehicle-In-Motion Outside Trafficw,NOLENSVILLE PKE & HAYWOOD LN,NASHVILLE,TN,37211,8661,MIDTOW,36.0683,-86.7193,POINT (-86.7193 36.0683)
20190114031,02/11/2019 10:50:00 PM,2,2,0,,Y,660929,11,Front to Rear,22,CLOUDY,3,DARK - LIGHTED,12;6,MOTOR VEHICLE IN TRANSPORT,NOLENSVILLE PKE & TAYLOR RD,NASHVILLE,TN,37211,8701,SOUTH,36.0692,-86.7203,POINT (-86.7203 36.0692)
20190327053,04/28/2019 04:56:00 PM,2,1,0,,N,279225,5,SIDESWIPE - SAME DIRECTION,21,CLEAR,1,DAYLIGHT,12,MOTOR VEHICLE IN TRANSPORT,I40 E ENT RAMP & I 40,NASHVILLE,TN,37205,4903,WEST,36.1109,-86.922,POINT (-86.922 36.1109)
20190379057,05/17/2019 06:08:00 PM,2,0,0,,Y,299257,11,Front to Rear,21,CLEAR,1,DAYLIGHT,12,MOTOR VEHICLE IN TRANSPORT,4TH AVS & I40 E EXT RAMP,NASHVILLE,TN,37210,8153,SOUTH,36.1505,-86.7704,POINT (-86.7704 36.1505)
20190265265,04/06/2019 01:02:00 PM,2,0,0,,N,834798,5,SIDESWIPE - SAME DIRECTION,21,CLEAR,1,DAYLIGHT,12,MOTOR VEHICLE IN TRANSPORT,MM 5 4 I 440,NASHVILLE,TN,37204,83060,MIDTOW,36.1198,-86.7662,POINT (-86.7662 36.1198)
20190537641,07/18/2019 04:10:00 PM,2,0,0,,N,299253,4,ANGLE,22,CLOUDY,1,DAYLIGHT,12,MOTOR VEHICLE IN TRANSPORT,CURDWOOD BLVD & GALLATIN PKE,NASHVILLE,TN,37216,1817,EAST,36.2197,-86.7276,POINT (-86.7276 36.2197)
20190480919,06/25/2019 06:26:00 PM,2,0,0,,N,299257,4,ANGLE,21,CLEAR,1,DAYLIGHT,12,MOTOR VEHICLE IN TRANSPORT,14TH AVS & BROADWAY,NASHVILLE,TN,37203,5701,MIDTOW,36.1557,-86.7897,POINT (-86.7897 36.1557)
20190102447,02/07/2019 07:52:00 AM,2,2,0,,N,320595,4,ANGLE,22,CLOUDY,1,DAYLIGHT,12,MOTOR VEHICLE IN TRANSPORT,MURFREESBORO PKE & UNA ANTIOCH PKE,NASHVILLE,TN,37217,8937,HERMIT,36.0854,-86.6479,POINT (-86.6479 36.0854)
20190553471,07/24/2019 08:04:00 PM,2,0,0,,Y,256386,11,Front to Rear,21,CLEAR,3,DARK - LIGHTED,12,MOTOR VEHICLE IN TRANSPORT,I 40 & UNKNOWN RAMP,NASHVILLE,TN,37210,9041,HERMIT,36.144,-86.7013,POINT (-86.7013 36.144)
20190076735,01/29/2019 01:41:00 PM,2,0,0,,N,134899,11,Front to Rear,21,CLEAR,1,DAYLIGHT,12,MOTOR VEHICLE IN TRANSPORT,OLD HICKORY BLVD & HERMITAGE MARKETPLACE,HERMITAGE,TN,37076,9531,HERMIT,36.1885,-86.6143,POINT (-86.6143 36.1885)
20190001645,01/01/2019 06:39:00 PM,1,0,0,,N,197054,0,NOT COLLISION W/MOTOR VEHICLE-TRANSPORT,21,CLEAR,3,DARK - LIGHTED,34;39,DITCH;WALL,BRILEY PKWYN & GLASTONBURY RD,NASHVILLE,TN,37217,8998,HERMIT,36.1372,-86.6996,POINT (-86.6996 36.1372)
20190219801,03/21/2019 08:57:00 AM,3,0,0,,N,225773,11,Front to Rear,21,CLEAR,1,DAYLIGHT,12,MOTOR VEHICLE IN TRANSPORT,MM 79 6 I 65,NASHVILLE,TN,37204,8504,MIDTOW,36.109,-86.7696,POINT (-86.7696 36.109)
20190429635,06/05/2019 08:29:00 PM,2,0,0,,N,212322,5,SIDESWIPE - SAME DIRECTION,21,CLEAR,3,DARK - LIGHTED,12,MOTOR VEHICLE IN TRANSPORT,ANTIOCH PKE & RICHARDS RD,ANTIOCH,TN,37013,8857,SOUTH,36.0688,-86.6774,POINT (-86.6774 36.0688)
20190331834,04/30/2019 12:01:00 PM,2,0,0,,Y,109534,5,SIDESWIPE - SAME DIRECTION,21,CLEAR,1,DAYLIGHT,12;99,MOTOR VEHICLE IN TRANSPORT;UNKNOWN MOST HARMFUL EVENT,ELM HILL PKE & TIMBER VALLEY DR,NASHVILLE,TN,37214,8991,HERMIT,36.1419,-86.64,POINT (-86.64 36.1419)
20190390833,05/22/2019 10:12:00 AM,2,0,0,,N,191578,11,Front to Rear,21,CLEAR,1,DAYLIGHT,12,MOTOR VEHICLE IN TRANSPORT,LEBANON PKE & OLD HICKORY BLVD,HERMITAGE,TN,37076,9613,HERMIT,36.1756,-86.6154,POINT (-86.6154 36.1756)
20190228316,03/24/2019 12:23:00 PM,2,0,0,,N,161952,5,SIDESWIPE - SAME DIRECTION,2,RAIN,1,DAYLIGHT,14,PARKED MOTOR VEHICLE,3152 EWINGDALE DR,NASHVILLE,TN,37207,3029,NORTH,36.2341,-86.7902,POINT (-86.7902 36.2341)
20190467161,06/20/2019 12:00:00 AM,1,0,0,Y,Y,192379,0,NOT COLLISION W/MOTOR VEHICLE-TRANSPORT,2,RAIN,2,DARK - NOT LIGHTED,38;64,FENCE;Ran Off Road-Left,16TH AVN & CENTURY ST,NASHVILLE,TN,37208,4455,NORTH,36.1786,-86.8084,POINT (-86.8084 36.1786)
20190302267,04/19/2019 03:00:00 PM,1,0,0,Y,N,256380,0,NOT COLLISION W/MOTOR VEHICLE-TRANSPORT,2,RAIN,1,DAYLIGHT,30,UTILITY POLE,STEWARTS LN & BRILEY PKWYN,NASHVILLE,TN,37218,3133,NORTH,36.2056,-86.8609,POINT (-86.8609 36.2056)
20190508690,07/06/2019 11:41:00 AM,2,0,0,,N,419952,11,Front to Rear,22,CLOUDY,1,DAYLIGHT,12,MOTOR VEHICLE IN TRANSPORT,CHARLOTTE PKE & I40 W EXT RAMP,NASHVILLE,TN,37209,4701,WEST,36.1302,-86.9002,POINT (-86.9002 36.1302)
20190110271,02/10/2019 11:51:00 AM,2,0,0,,N,299249,11,Front to Rear,2,RAIN,1,DAYLIGHT,12,MOTOR VEHICLE IN TRANSPORT,SAUNDERSVILLE RD & SHUTE LN,OLD HICKORY,TN,37138,9721,HERMIT,36.2263,-86.6032,POINT (-86.6032 36.2263)
20190324338,04/27/2019 06:10:00 AM,2,0,0,,N,429188,5,SIDESWIPE - SAME DIRECTION,21,CLEAR,4,DAWN,12;14,MOTOR VEHICLE IN TRANSPORT;PARKED MOTOR VEHICLE,DOVER GLEN DR & SPLIT OAK TRL,ANTIOCH,TN,37013,8891,SOUTH,36.0753,-86.6547,POINT (-86.6547 36.0753)
20190447217,06/12/2019 03:45:00 PM,2,0,0,,N,179582,11,Front to Rear,21,CLEAR,1,DAYLIGHT,12,MOTOR VEHICLE IN TRANSPORT,MM 55 4 I 24,NASHVILLE,TN,37211,8812,SOUTH,36.0901,-86.7031,POINT (-86.7031 36.0901)
20190115134,02/12/2019 06:45:00 AM,3,0,0,,Y,226134,11,Front to Rear,2,RAIN,1,DAYLIGHT,12,MOTOR VEHICLE IN TRANSPORT,NOLENSVILLE PKE & WALLACE RD,NASHVILLE,TN,37211,8705,SOUTH,36.0782,-86.7259,POINT (-86.7259 36.0782)
20190348208,05/06/2019 04:55:00 PM,2,0,0,,N,330413,5,SIDESWIPE - SAME DIRECTION,21,CLEAR,1,DAYLIGHT,12,MOTOR VEHICLE IN TRANSPORT,WEST END AV & 27TH AVN,NASHVILLE,TN,37212,5815,MIDTOW,36.1458,-86.8108,POINT (-86.8108 36.1458)
20190125704,02/15/2019 02:00:00 PM,2,0,0,,N,620072,5,SIDESWIPE - SAME DIRECTION,2,RAIN,1,DAYLIGHT,12,MOTOR VEHICLE IN TRANSPORT,14TH AVN & I40 E EXT RAMP,NASHVILLE,TN,37203,5425,NORTH,36.1611,-86.7937,POINT (-86.7937 36.1611)
20190286725,04/14/2019 04:40:00 PM,1,0,0,Y,Y,109536,0,NOT COLLISION W/MOTOR VEHICLE-TRANSPORT,22,CLOUDY,1,DAYLIGHT,34,DITCH,GREER RD & VALLEY VIEW CT,GOODLETTSVILLE,TN,37072,2203,MADISO,36.3823,-86.7839,POINT (-86.7839 36.3823)
20190223436,03/22/2019 11:45:00 AM,2,0,0,,N,134899,5,SIDESWIPE - SAME DIRECTION,21,CLEAR,1,DAYLIGHT,12,MOTOR VEHICLE IN TRANSPORT,RUDY CIR & MUSIC VALLEY DR,NASHVILLE,TN,37214,9213,HERMIT,36.2202,-86.6945,POINT (-86.6945 36.2202)
20190105652,02/08/2019 11:06:00 AM,1,0,0,,N,414668,0,NOT COLLISION W/MOTOR VEHICLE-TRANSPORT,21,CLEAR,1,DAYLIGHT,36,CONCRETE TRAFFIC BARRIER,I24 W ENT RAMP & I 40,NASHVILLE,TN,37217,8818,HERMIT,36.1397,-86.7275,POINT (-86.7275 36.1397)
20190505076,07/04/2019 09:52:00 PM,2,0,0,,Y,887598,11,Front to Rear,22,CLOUDY,3,DARK - LIGHTED,14,PARKED MOTOR VEHICLE,EVERGREEN AV & FERN AV,NASHVILLE,TN,37207,3001,NORTH,36.1956,-86.7778,POINT (-86.7778 36.1956)
20190425117,06/04/2019 07:44:00 AM,2,0,0,,N,716886,11,Front to Rear,21,CLEAR,1,DAYLIGHT,12,MOTOR VEHICLE IN TRANSPORT,HARDING PL & I24 W EXT RAMP,NASHVILLE,TN,37211,8889,SOUTH,36.0864,-86.6989,POINT (-86.6989 36.0864)
20190535045,07/17/2019 05:00:00 PM,3,0,0,,N,206675,11,Front to Rear,21,CLEAR,1,DAYLIGHT,12,MOTOR VEHICLE IN TRANSPORT,OLD HICKORY BLVD & CROMWELL DR,NASHVILLE,TN,37215,6303,MIDTOW,36.0451,-86.8524,POINT (-86.8524 36.0451)
20190534534,07/17/2019 12:45:00 PM,2,0,0,,N,352189,11,Front to Rear,22,CLOUDY,1,DAYLIGHT,12,MOTOR VEHICLE IN TRANSPORT,HILLSBORO PKE & STOKES LN,NASHVILLE,TN,37215,6419,MIDTOW,36.1194,-86.8089,POINT (-86.8089 36.1194)
20190441524,06/10/2019 03:53:00 PM,2,2,0,,N,544482,11,Front to Rear,22,CLOUDY,1,DAYLIGHT,12,MOTOR VEHICLE IN TRANSPORT,BLAKEMORE AV & 23RD AVS,NASHVILLE,TN,37212,5825,MIDTOW,36.1379,-86.803,POINT (-86.803 36.1379)
20190402446,05/26/2019 01:35:00 PM,2,0,0,,Y,256441,11,Front to Rear,21,CLEAR,1,DAYLIGHT,12,MOTOR VEHICLE IN TRANSPORT,OLD HICKORY BLVD & BRIGHT HOUR FARM PVTD,NASHVILLE,TN,37220,7111,MIDTOW,36.0387,-86.8068,POINT (-86.8068 36.0387)
20190338286,05/02/2019 03:20:00 PM,2,0,0,,N,134899,4,ANGLE,22,CLOUDY,1,DAYLIGHT,12,MOTOR VEHICLE IN TRANSPORT,LEBANON PKE & DONELSON PKE,NASHVILLE,TN,37214,9311,HERMIT,36.1676,-86.6633,POINT (-86.6633 36.1676)
20190118618,02/13/2019 07:23:00 AM,3,0,0,,N,462501,11,Front to Rear,21,CLEAR,1,DAYLIGHT,12,MOTOR VEHICLE IN TRANSPORT,JAMES ROBERTSON PKWY & ROSA L PARKS BLVD,NASHVILLE,TN,37219,4203,CENTRA,36.1671,-86.7871,POINT (-86.7871 36.1671)
20190383081,05/19/2019 12:30:00 PM,1,0,0,Y,Y,256441,0,NOT COLLISION W/MOTOR VEHICLE-TRANSPORT,99,UNKNOWN,1,DAYLIGHT,7,,BLACKMAN RD & TIMBERHILL DR,NASHVILLE,TN,37220,8613,MIDTOW,36.0747,-86.7548,POINT (-86.7548 36.0747)
20190040698,01/16/2019 09:00:00 AM,2,0,0,,N,628640,11,Front to Rear,22,CLOUDY,1,DAYLIGHT,12,MOTOR VEHICLE IN TRANSPORT,MM 53 1 I 24,NASHVILLE,TN,37210,88142,SOUTH,36.1172,-86.7256,POINT (-86.7256 36.1172)
20190524239,07/13/2019 07:05:00 AM,1,1,0,,N,179602,0,NOT COLLISION W/MOTOR VEHICLE-TRANSPORT,22,CLOUDY,1,DAYLIGHT,9,,LITTLE MARROWBONE RD & GRAYS POINT RD,ASHLAND CITY,TN,37015,3343,NORTH,36.2735,-86.9129,POINT (-86.9129 36.2735)
20190066577,01/25/2019 12:00:00 AM,2,0,0,,N,298877,11,Front to Rear,21,CLEAR,3,DARK - LIGHTED,12,MOTOR VEHICLE IN TRANSPORT,MM 52 1 I 24,NASHVILLE,TN,37217,8816,SOUTH,36.1343,-86.7267,POINT (-86.7267 36.1343)
20190511092,07/07/2019 09:53:00 PM,2,1,0,,N,179583,11,Front to Rear,2,RAIN,3,DARK - LIGHTED,12,MOTOR VEHICLE IN TRANSPORT,MM 54 0 I 24,NASHVILLE,TN,37211,88122,SOUTH,36.1064,-86.7188,POINT (-86.7188 36.1064)