Accident Number,Date and Time,Number of Motor Vehicles,Number of Injuries,Number of Fatalities,Property Damage,Hit and Run,Reporting Officer,Collision Type Code,Collision Type Description,Weather Code,Weather Description,Illumination Code,Illumination Description,Harmful Code,Harmful Code Description,Street Address,City,State,ZIP,RPA,Precinct,Latitude,Longitude,Mapped Location
20190257492,04/03/2019 01:00:00 AM,1,0,0,Y,Y,240955,0,NOT COLLISION W/MOTOR VEHICLE-TRANSPORT,21,CLEAR,3,DARK - LIGHTED,33;42,CURB;TREE,LAKEWALK DR & HOBSON PKE,ANTIOCH,TN,37013,8905,SOUTH,36.0528,-86.5992,POINT (-86.5992 36.0528)
20190121617,02/14/2019 05:55:00 AM,2,0,0,,N,220884,11,Front to Rear,21,CLEAR,3,DARK - LIGHTED,12,MOTOR VEHICLE IN TRANSPORT,GALLATIN PKES & GALLATIN PKE,MADISON,TN,37115,1517,MADISO,36.2383,-86.724,POINT (-86.724 36.2383)
20190109227,02/09/2019 08:29:00 PM,2,0,0,,N,197055,11,Front to Rear,22,CLOUDY,3,DARK - LIGHTED,12,MOTOR VEHICLE IN TRANSPORT,MURFREESBORO PKE & LAVERGNE COUCHVILLE P,ANTIOCH,TN,37013,8869,SOUTH,36.0279,-86.5899,POINT (-86.5899 36.0279)
20190126187,02/15/2019 04:00:00 PM,2,0,0,,N,320594,11,Front to Rear,2,RAIN,5,DUSK,12,MOTOR VEHICLE IN TRANSPORT,I40 E EXT RAMP & OLD HICKORY BLVD,HERMITAGE,TN,37076,9527,HERMIT,36.1696,-86.601,POINT (-86.601 36.1696)
20190178879,03/06/2019 05:59:00 PM,2,0,0,,N,151132,11,Front to Rear,21,CLEAR,2,DARK - NOT LIGHTED,12,MOTOR VEHICLE IN TRANSPORT,MM 41 2 I 24,WHITES CREEK,TN,37189,3226,NORTH,36.2687,-86.7931,POINT (-86.7931 36.2687)
20190391590,05/22/2019 03:59:00 PM,2,0,0,,N,206675,11,Front to Rear,21,CLEAR,1,DAYLIGHT,12,MOTOR VEHICLE IN TRANSPORT,NOLENSVILLE PKE & ROSEDALE CT,NASHVILLE,TN,37211,8057,MIDTOW,36.1261,-86.7527,POINT (-86.7527 36.1261)
20190294902,04/17/2019 07:50:00 AM,2,0,0,,N,191578,11,Front to Rear,21,CLEAR,1,DAYLIGHT,12,MOTOR VEHICLE IN TRANSPORT,MURFREESBORO PKE & MILLWOOD DR,NASHVILLE,TN,37217,8815,HERMIT,36.1295,-86.7147,POINT (-86.7147 36.1295)
20190103861,02/07/2019 06:37:00 PM,2,0,0,,N,311803,4,ANGLE,2,RAIN,2,DARK - NOT LIGHTED,13,MOTOR VEHICLE IN TRANSPORT-OTHER ROADWAY,GALE LN & GRANNY WHITE PKE,NASHVILLE,TN,37204,6933,MIDTOW,36.1171,-86.7916,POINT (-86.7916 36.1171)
20190272596,04/09/2019 11:00:00 AM,2,1,0,,N,226622,11,Front to Rear,21,CLEAR,1,DAYLIGHT,12,MOTOR VEHICLE IN TRANSPORT,CENTENNIAL BLVD & LINDER INDUSTRIAL DR,NASHVILLE,TN,37209,4617,WEST,36.1692,-86.8619,POINT (-86.8619 36.1692)
20190348713,05/06/2019 11:45:00 PM,2,0,0,Y,Y,226175,0,NOT COLLISION W/MOTOR VEHICLE-TRANSPORT,21,CLEAR,2,DARK - NOT LIGHTED,30,UTILITY POLE,ACHIEVEMENT DR & THUNDERBIRD DR,NASHVILLE,TN,37209,4691,WEST,36.1475,-86.8801,POINT (-86.8801 36.1475)
20190176935,03/06/2019 04:48:00 AM,2,0,0,,N,330445,6,SIDESWIPE - OPPOSITE DIRECTION,21,CLEAR,2,DARK - NOT LIGHTED,12;14,MOTOR VEHICLE IN TRANSPORT;PARKED MOTOR VEHICLE,470 MORTON,NASHVILLE,TN,37211,8517,MIDTOW,36.1052,-86.7423,POINT (-86.7423 36.1052)
20190511979,07/08/2019 09:45:00 AM,2,0,0,,N,279116,11,Front to Rear,22,CLOUDY,1,DAYLIGHT,12,MOTOR VEHICLE IN TRANSPORT,WOODMONT BLVD & GRANNY WHITE PKE,NASHVILLE,TN,37204,7007,MIDTOW,36.1116,-86.7926,POINT (-86.7926 36.1116)
20190326898,04/28/2019 03:09:00 PM,2,0,0,,N,887598,4,ANGLE,21,CLEAR,1,DAYLIGHT,12,MOTOR VEHICLE IN TRANSPORT,GALLATIN AV & SEYMOUR AV,NASHVILLE,TN,37206,1319,EAST,36.1857,-86.7476,POINT (-86.7476 36.1857)
20190200490,03/14/2019 01:48:00 PM,3,0,0,,N,134899,11,Front to Rear,21,CLEAR,1,DAYLIGHT,12,MOTOR VEHICLE IN TRANSPORT,SHUTE LN & SAUNDERSVILLE RD,OLD HICKORY,TN,37138,9717,HERMIT,36.2267,-86.6032,POINT (-86.6032 36.2267)
20190413443,05/30/2019 12:00:00 AM,2,1,0,,Y,299258,11,Front to Rear,21,CLEAR,1,DAYLIGHT,12,MOTOR VEHICLE IN TRANSPORT,29TH AVN & BOOKER ST,NASHVILLE,TN,37209,5305,NORTH,36.1598,-86.82,POINT (-86.82 36.1598)
20190221045,03/21/2019 05:27:00 PM,2,0,0,,N,717341,11,Front to Rear,21,CLEAR,1,DAYLIGHT,12,MOTOR VEHICLE IN TRANSPORT,MM 7 1 I 440,NASHVILLE,TN,37210,8104,SOUTH,36.1249,-86.7355,POINT (-86.7355 36.1249)
20190200053,03/14/2019 12:00:00 AM,2,0,0,,Y,226098,4,ANGLE,22,CLOUDY,1,DAYLIGHT,12;14,MOTOR VEHICLE IN TRANSPORT;PARKED MOTOR VEHICLE,315 W TRINITY LN,NASHVILLE,TN,37207,3019,NORTH,36.2068,-86.781,POINT (-86.781 36.2068)
20190240151,03/28/2019 09:51:00 AM,2,0,0,,N,330412,11,Front to Rear,21,CLEAR,1,DAYLIGHT,12,MOTOR VEHICLE IN TRANSPORT,MM 211 0 I 40,NASHVILLE,TN,37210,82020,HERMIT,36.1544,-86.7598,POINT (-86.7598 36.1544)
20190059965,01/23/2019 03:40:00 PM,2,0,0,,N,256422,11,Front to Rear,2,RAIN,1,DAYLIGHT,12,MOTOR VEHICLE IN TRANSPORT,ROSA L PARKS BLVD & DOMINICAN DR,NASHVILLE,TN,37208,4403,NORTH,36.1879,-86.7985,POINT (-86.7985 36.1879)
20190446812,06/12/2019 12:32:00 PM,1,1,0,,Y,665896,0,NOT COLLISION W/MOTOR VEHICLE-TRANSPORT,22,CLOUDY,1,DAYLIGHT,9,,2700 GALLATIN PKE,NASHVILLE,TN,37216,1401,EAST,36.199,-86.7409,POINT (-86.7409 36.199)
20190273164,04/09/2019 03:00:00 PM,2,0,0,,N,279214,4,ANGLE,21,CLEAR,1,DAYLIGHT,12,MOTOR VEHICLE IN TRANSPORT,BENTON AV & 8TH AVS,NASHVILLE,TN,37204,6919,MIDTOW,36.1325,-86.7793,POINT (-86.7793 36.1325)
20190497981,07/02/2019 08:45:00 AM,2,0,0,,N,226622,11,Front to Rear,21,CLEAR,1,DAYLIGHT,12,MOTOR VEHICLE IN TRANSPORT,WHITE BRIDGE PKE & CHARLOTTE PKE,NASHVILLE,TN,37209,5033,WEST,36.1494,-86.8579,POINT (-86.8579 36.1494)
20190437858,06/09/2019 12:06:00 AM,3,0,0,,Y,299254,11,Front to Rear,21,CLEAR,3,DARK - LIGHTED,12;14,MOTOR VEHICLE IN TRANSPORT;PARKED MOTOR VEHICLE,JESSIE DR & JASMIN DR,NASHVILLE,TN,37211,8417,SOUTH,36.0917,-86.7111,POINT (-86.7111 36.0917)
20190361766,05/11/2019 02:54:00 PM,2,1,0,,N,298877,4,ANGLE,2,RAIN,1,DAYLIGHT,12,MOTOR VEHICLE IN TRANSPORT,PARAGON MILLS RD & DONNA KAY DR,NASHVILLE,TN,37211,8443,SOUTH,36.0871,-86.708,POINT (-86.708 36.0871)
20190262205,04/05/2019 09:12:00 AM,2,0,0,,N,109534,5,SIDESWIPE - SAME DIRECTION,21,CLEAR,1,DAYLIGHT,12,MOTOR VEHICLE IN TRANSPORT,I40 W ENT RAMP & I 40,NASHVILLE,TN,37210,9007,HERMIT,36.1484,-86.7454,POINT (-86.7454 36.1484)
20190049607,01/19/2019 03:30:00 PM,2,0,0,,Y,311328,11,Front to Rear,2,RAIN,1,DAYLIGHT,12,MOTOR VEHICLE IN TRANSPORT,MM 47 4 I 24,NASHVILLE,TN,37207,1904,CENTRA,36.1827,-86.7752,POINT (-86.7752 36.1827)
20190259506,04/04/2019 07:57:00 AM,2,0,0,,N,909494,11,Front to Rear,22,CLOUDY,1,DAYLIGHT,12,MOTOR VEHICLE IN TRANSPORT,E TRINITY LN & EDWIN ST,NASHVILLE,TN,37207,1855,EAST,36.2048,-86.7533,POINT (-86.7533 36.2048)
20190282149,04/12/2019 12:00:00 AM,2,0,0,,Y,298877,9,UNKNOWN,21,CLEAR,1,DAYLIGHT,14;99,PARKED MOTOR VEHICLE;UNKNOWN MOST HARMFUL EVENT,PLUS PARK BLVD & PAVILION BLVD,NASHVILLE,TN,37217,8801,SOUTH,36.1321,-86.7237,POINT (-86.7237 36.1321)
20190103831,02/07/2019 06:25:00 PM,2,0,0,,N,320582,2,HEAD-ON,2,RAIN,3,DARK - LIGHTED,12,MOTOR VEHICLE IN TRANSPORT,MAIN ST & N 6TH ST,NASHVILLE,TN,37206,1117,EAST,36.1738,-86.7628,POINT (-86.7628 36.1738)
20190535856,07/18/2019 12:10:00 AM,1,0,0,Y,N,352214,0,NOT COLLISION W/MOTOR VEHICLE-TRANSPORT,21,CLEAR,3,DARK - LIGHTED,30,UTILITY POLE,GALLATIN PKE & GALLATIN PKE NB EXT RAMP,NASHVILLE,TN,37216,1801,EAST,36.2325,-86.7248,POINT (-86.7248 36.2325)
20190405050,05/27/2019 06:00:00 PM,2,0,0,,Y,279214,0,NOT COLLISION W/MOTOR VEHICLE-TRANSPORT,21,CLEAR,1,DAYLIGHT,71,EMBANKMENT EARTH,VAULX LN & INVERNESS AV,NASHVILLE,TN,37204,6953,MIDTOW,36.1239,-86.7813,POINT (-86.7813 36.1239)
20190461996,06/18/2019 11:03:00 AM,2,0,0,,N,109534,11,Front to Rear,22,CLOUDY,1,DAYLIGHT,12,MOTOR VEHICLE IN TRANSPORT,MM 221 3 I 40,HERMITAGE,TN,37076,95020,HERMIT,36.1701,-86.5928,POINT (-86.5928 36.1701)
20190559780,07/27/2019 10:52:00 AM,4,0,0,,N,468030,11,Front to Rear,22,CLOUDY,1,DAYLIGHT,12,MOTOR VEHICLE IN TRANSPORT,CAHAL AV & CHESTER AV,NASHVILLE,TN,37206,1333,EAST,36.1961,-86.7368,POINT (-86.7368 36.1961)
20190095927,02/05/2019 06:27:00 AM,2,0,0,,N,109534,4,ANGLE,22,CLOUDY,3,DARK - LIGHTED,12,MOTOR VEHICLE IN TRANSPORT,ELM HILL PKE & POPLAR ST,NASHVILLE,TN,37210,9015,HERMIT,36.1438,-86.7276,POINT (-86.7276 36.1438)
20190460274,06/17/2019 05:02:00 PM,2,0,0,,N,212322,11,Front to Rear,21,CLEAR,1,DAYLIGHT,12,MOTOR VEHICLE IN TRANSPORT,ANTIOCH PKE & HARDING PL,NASHVILLE,TN,37211,8847,SOUTH,36.0874,-86.6922,POINT (-86.6922 36.0874)
20190567941,07/30/2019 11:10:00 PM,1,1,0,,N,298879,0,NOT COLLISION W/MOTOR VEHICLE-TRANSPORT,21,CLEAR,2,DARK - NOT LIGHTED,1,,RIVER ROAD PKE & RIVER ROAD PKE PVTDR,NASHVILLE,TN,37209,4705,WEST,36.2021,-86.9796,POINT (-86.9796 36.2021)
20190004407,01/02/2019 05:15:00 PM,2,0,0,,N,179606,4,ANGLE,2,RAIN,3,DARK - LIGHTED,12,MOTOR VEHICLE IN TRANSPORT,ROSEDALE AV & NOLENSVILLE PKE,NASHVILLE,TN,37211,8043,MIDTOW,36.125,-86.7522,POINT (-86.7522 36.125)
20190046396,01/18/2019 08:17:00 AM,2,1,0,,N,665896,4,ANGLE,22,CLOUDY,1,DAYLIGHT,12,MOTOR VEHICLE IN TRANSPORT,BROADMOOR DR & LEMONT DR,NASHVILLE,TN,37216,1803,EAST,36.2303,-86.7438,POINT (-86.7438 36.2303)
20190123162,02/14/2019 05:06:00 PM,2,0,0,,N,256499,4,ANGLE,21,CLEAR,3,DARK - LIGHTED,12,MOTOR VEHICLE IN TRANSPORT,MAGNOLIA BLVD & 17TH AVS,NASHVILLE,TN,37212,6611,MIDTOW,36.1355,-86.7972,POINT (-86.7972 36.1355)
20190442273,06/10/2019 09:45:00 PM,2,0,0,,N,226827,4,ANGLE,22,CLOUDY,3,DARK - LIGHTED,12,MOTOR VEHICLE IN TRANSPORT,GALLATIN PKEN & CONFERENCE DR,MADISON,TN,37115,1731,MADISO,36.3026,-86.692,POINT (-86.692 36.3026)
20190275279,04/10/2019 08:36:00 AM,5,1,0,,Y,191578,6,SIDESWIPE - OPPOSITE DIRECTION,21,CLEAR,1,DAYLIGHT,12,MOTOR VEHICLE IN TRANSPORT,SMITH SPRINGS RD & CLEARLAKE DRW,NASHVILLE,TN,37217,8929,HERMIT,36.0891,-86.6143,POINT (-86.6143 36.0891)
20190260571,04/04/2019 04:37:00 PM,1,0,0,,N,279211,0,NOT COLLISION W/MOTOR VEHICLE-TRANSPORT,22,CLOUDY,1,DAYLIGHT,34;61,DITCH;Equip Failure,BRICK CHURCH PKE & CHESAPEAKE DR,NASHVILLE,TN,37207,2037,MADISO,36.2459,-86.7795,POINT (-86.7795 36.2459)
20190422922,06/03/2019 01:37:00 PM,2,0,0,,N,591936,5,SIDESWIPE - SAME DIRECTION,21,CLEAR,1,DAYLIGHT,12,MOTOR VEHICLE IN TRANSPORT,FRANKLIN PKE & BERRY RD,NASHVILLE,TN,37204,6957,MIDTOW,36.1195,-86.7748,POINT (-86.7748 36.1195)
20190105120,02/08/2019 12:00:00 AM,1,0,0,Y,Y,226136,0,NOT COLLISION W/MOTOR VEHICLE-TRANSPORT,99,UNKNOWN,9,UNKNOWN,43;63,OTHER FIXED OBJECTS;Ran Off Road-Right,31ST AVS & VANDERBILT PL,NASHVILLE,TN,37212,5813,MIDTOW,36.1412,-86.8145,POINT (-86.8145 36.1412)
20190380609,05/18/2019 11:45:00 AM,2,0,0,,Y,212325,11,Front to Rear,21,CLEAR,1,DAYLIGHT,12,MOTOR VEHICLE IN TRANSPORT,0 MOVING CENTER CT,MADISON,TN,37115,1785,MADISO,36.2508,-86.7185,POINT (-86.7185 36.2508)
20190029432,01/12/2019 01:28:00 AM,4,2,0,,N,256382,2,HEAD-ON,21,CLEAR,3,DARK - LIGHTED,12;16,MOTOR VEHICLE IN TRANSPORT;THROWN OR FALLING OBJECT,MM 212 9 I 40,NASHVILLE,TN,37210,82061,HERMIT,36.1404,-86.7312,POINT (-86.7312 36.1404)
20190544506,07/21/2019 12:58:00 PM,2,0,0,,N,140790,5,SIDESWIPE - SAME DIRECTION,2,RAIN,1,DAYLIGHT,12,MOTOR VEHICLE IN TRANSPORT,ELM HILL PKE & BELL RD,NASHVILLE,TN,37214,8995,HERMIT,36.1412,-86.6284,POINT (-86.6284 36.1412)
20190174341,03/05/2019 10:30:00 AM,2,0,0,,Y,226405,11,Front to Rear,21,CLEAR,1,DAYLIGHT,12,MOTOR VEHICLE IN TRANSPORT,25TH AVN & WEST END AV,NASHVILLE,TN,37203,5615,MIDTOW,36.1471,-86.8086,POINT (-86.8086 36.1471)
20190314122,04/23/2019 06:40:00 PM,2,0,0,,Y,256427,4,ANGLE,21,CLEAR,1,DAYLIGHT,12,MOTOR VEHICLE IN TRANSPORT,CHARLES E DAVIS BLVD & GREEN ST,NASHVILLE,TN,37210,8205,HERMIT,36.1527,-86.7619,POINT (-86.7619 36.1527)
20190278413,04/11/2019 09:30:00 AM,1,0,0,,Y,226136,4,ANGLE,22,CLOUDY,1,DAYLIGHT,12,MOTOR VEHICLE IN TRANSPORT,MM 4 4 I 440,NASHVILLE,TN,37204,7014,MIDTOW,36.1158,-86.7827,POINT (-86.7827 36.1158)
20190490873,06/29/2019 11:07:00 AM,1,0,0,,N,320575,0,NOT COLLISION W/MOTOR VEHICLE-TRANSPORT,21,CLEAR,1,DAYLIGHT,11;33,OTHER ANIMAL;CURB,LINBAR DR & MELMACK DR,NASHVILLE,TN,37211,8707,SOUTH,36.0732,-86.6931,POINT (-86.6931 36.0732)
20190390383,05/22/2019 07:00:00 AM,2,0,0,,N,676834,11,Front to Rear,21,CLEAR,1,DAYLIGHT,12,MOTOR VEHICLE IN TRANSPORT,MM 87 1 I 65,NASHVILLE,TN,37207,18020,EAST,36.2041,-86.7765,POINT (-86.7765 36.2041)
20190103760,02/07/2019 05:45:00 PM,2,0,0,,N,279224,4,ANGLE,2,RAIN,3,DARK - LIGHTED,12,MOTOR VEHICLE IN TRANSPORT,MM 86 6 I 65,NASHVILLE,TN,37207,3002,NORTH,36.1959,-86.7761,POINT (-86.7761 36.1959)
20190016396,01/07/2019 09:15:00 AM,1,0,0,,N,224437,0,NOT COLLISION W/MOTOR VEHICLE-TRANSPORT,21,CLEAR,1,DAYLIGHT,7,,MM 204 3 I 40,NASHVILLE,TN,37209,45023,WEST,36.1534,-86.8525,POINT (-86.8525 36.1534)
20190101152,02/06/2019 07:58:00 PM,2,2,0,,N,429193,4,ANGLE,2,RAIN,3,DARK - LIGHTED,12,MOTOR VEHICLE IN TRANSPORT,HWY 70 S & HICKS RD,NASHVILLE,TN,37221,4811,WEST,36.0739,-86.9265,POINT (-86.9265 36.0739)
20190382804,05/19/2019 01:22:00 PM,1,0,0,Y,N,279113,0,NOT COLLISION W/MOTOR VEHICLE-TRANSPORT,21,CLEAR,1,DAYLIGHT,42,TREE,BROOKSBORO PL & MURFREESBORO PKE,NASHVILLE,TN,37217,8937,HERMIT,36.0837,-86.6472,POINT (-86.6472 36.0837)
20190395493,05/23/2019 08:32:00 PM,2,0,0,,N,151132,11,Front to Rear,21,CLEAR,3,DARK - LIGHTED,12,MOTOR VEHICLE IN TRANSPORT,GALLATIN PKEN & CONFERENCE DR,MADISON,TN,37115,1731,MADISO,36.3026,-86.692,POINT (-86.692 36.3026)
20190123421,02/14/2019 06:10:00 PM,2,0,0,,N,256386,11,Front to Rear,21,CLEAR,3,DARK - LIGHTED,12,MOTOR VEHICLE IN TRANSPORT,ANDREW JACKSON PKWY & RAMP,HERMITAGE,TN,37076,9537,HERMIT,36.2146,-86.5977,POINT (-86.5977 36.2146)
20190506948,07/05/2019 03:26:00 PM,2,0,0,,N,256383,4,ANGLE,21,CLEAR,1,DAYLIGHT,14,PARKED MOTOR VEHICLE,GLENROSE AV & WHITNEY AV,NASHVILLE,TN,37210,8101,SOUTH,36.1258,-86.7516,POINT (-86.7516 36.1258)
20190079207,01/30/2019 06:52:00 AM,1,1,0,,N,419952,0,NOT COLLISION W/MOTOR VEHICLE-TRANSPORT,4,SNOW,1,DAYLIGHT,36,CONCRETE TRAFFIC BARRIER,MM 200 7 I 40,NASHVILLE,TN,37205,49024,WEST,36.1267,-86.9026,POINT (-86.9026 36.1267)
20190221229,03/21/2019 06:32:00 PM,2,0,0,,N,311337,4,ANGLE,21,CLEAR,1,DAYLIGHT,12,MOTOR VEHICLE IN TRANSPORT,SMITH SPRINGS RD & BELL RD,NASHVILLE,TN,37217,8965,HERMIT,36.0903,-86.6265,POINT (-86.6265 36.0903)
20190132714,02/18/2019 02:46:00 PM,2,0,0,,N,256501,4,ANGLE,21,CLEAR,1,DAYLIGHT,12,MOTOR VEHICLE IN TRANSPORT,CLARKSVILLE PKE & ASHLAND CITY HWY,NASHVILLE,TN,37218,3121,NORTH,36.1976,-86.8373,POINT (-86.8373 36.1976)
20190219643,03/21/2019 07:55:00 AM,2,1,0,,N,226622,11,Front to Rear,21,CLEAR,1,DAYLIGHT,12,MOTOR VEHICLE IN TRANSPORT,MM 205 5 I 40,NASHVILLE,TN,37209,52040,WEST,36.1549,-86.8305,POINT (-86.8305 36.1549)
20190231700,03/25/2019 03:53:00 PM,2,1,0,,Y,206675,11,Front to Rear,21,CLEAR,1,DAYLIGHT,12,MOTOR VEHICLE IN TRANSPORT,MM 79 4 I 65,NASHVILLE,TN,37204,70042,MIDTOW,36.105,-86.7672,POINT (-86.7672 36.105)
20190200702,03/14/2019 06:48:00 PM,2,2,0,,N,330413,11,Front to Rear,22,CLOUDY,1,DAYLIGHT,12,MOTOR VEHICLE IN TRANSPORT,MM 80 1 I 65,NASHVILLE,TN,37204,7018,MIDTOW,36.1151,-86.773,POINT (-86.773 36.1151)
20190302136,04/19/2019 01:28:00 PM,2,0,0,,N,414731,98,OTHER,2,RAIN,1,DAYLIGHT,55,Motor Vehicle-In-Motion Outside Trafficw,MURFREESBORO PKE & FOREST VIEW DR,ANTIOCH,TN,37013,8865,SOUTH,36.0674,-86.6313,POINT (-86.6313 36.0674)
20190189084,03/10/2019 03:32:00 PM,2,0,0,,Y,256446,5,SIDESWIPE - SAME DIRECTION,21,CLEAR,1,DAYLIGHT,12,MOTOR VEHICLE IN TRANSPORT,HARDING PL & ANTIOCH PKE,NASHVILLE,TN,37211,8847,SOUTH,36.0875,-86.6921,POINT (-86.6921 36.0875)
20190270652,04/08/2019 06:10:00 PM,3,2,0,,Y,240966,11,Front to Rear,21,CLEAR,1,DAYLIGHT,12,MOTOR VEHICLE IN TRANSPORT,DICKERSON PKE & DOUGLAS AV,NASHVILLE,TN,37207,1911,EAST,36.1944,-86.7724,POINT (-86.7724 36.1944)
20190364437,05/12/2019 11:00:00 PM,1,0,0,,N,209173,0,NOT COLLISION W/MOTOR VEHICLE-TRANSPORT,21,CLEAR,2,DARK - NOT LIGHTED,11,OTHER ANIMAL,RIVER ROAD PKE & CUB CREEK RD,NASHVILLE,TN,37209,4707,WEST,36.1925,-86.9623,POINT (-86.9623 36.1925)
20190263555,04/05/2019 06:50:00 PM,2,0,0,,N,725756,4,ANGLE,21,CLEAR,3,DARK - LIGHTED,12,MOTOR VEHICLE IN TRANSPORT,WHITE BRIDGE PKE & LIONS HEAD VILLAGE PV,NASHVILLE,TN,37205,5017,WEST,36.1284,-86.8526,POINT (-86.8526 36.1284)
20190429001,06/05/2019 03:20:00 PM,2,0,0,,N,352207,5,SIDESWIPE - SAME DIRECTION,21,CLEAR,1,DAYLIGHT,12,MOTOR VEHICLE IN TRANSPORT,RIDGEFIELD WAY & HARDING PKE,NASHVILLE,TN,37205,6021,WEST,36.1265,-86.8454,POINT (-86.8454 36.1265)
20190525182,07/13/2019 05:20:00 PM,2,0,0,,N,256386,11,Front to Rear,22,CLOUDY,1,DAYLIGHT,12,MOTOR VEHICLE IN TRANSPORT,STATE HWY 255 & EXIT 216C,NASHVILLE,TN,37214,8953,HERMIT,36.1405,-86.6664,POINT (-86.6664 36.1405)
20190175503,03/05/2019 06:29:00 PM,2,0,0,,N,256391,4,ANGLE,21,CLEAR,3,DARK - LIGHTED,12,MOTOR VEHICLE IN TRANSPORT,BRICK CHURCH PKE & BRICK CHURCH PARK DR,NASHVILLE,TN,37207,3047,NORTH,36.2242,-86.7822,POINT (-86.7822 36.2242)
20190103386,02/07/2019 12:00:00 AM,2,0,0,,Y,298877,4,ANGLE,21,CLEAR,1,DAYLIGHT,12,MOTOR VEHICLE IN TRANSPORT,NOLENSVILLE PKE & WHEELER AV,NASHVILLE,TN,37211,8435,SOUTH,36.0948,-86.737,POINT (-86.737 36.0948)
20190313799,04/23/2019 05:00:00 PM,2,0,0,,N,311798,11,Front to Rear,21,CLEAR,1,DAYLIGHT,12,MOTOR VEHICLE IN TRANSPORT,HERMAN ST & 17TH AVN,NASHVILLE,TN,37203,5405,NORTH,36.1646,-86.8023,POINT (-86.8023 36.1646)
20190209116,03/18/2019 02:24:00 AM,2,0,0,,N,298875,11,Front to Rear,21,CLEAR,3,DARK - LIGHTED,12,MOTOR VEHICLE IN TRANSPORT,MM 62 0 I 24,ANTIOCH,TN,37013,87040,SOUTH,36.0208,-86.6278,POINT (-86.6278 36.0208)
20190328805,04/29/2019 11:00:00 AM,2,1,0,,N,584947,4,ANGLE,21,CLEAR,1,DAYLIGHT,55,Motor Vehicle-In-Motion Outside Trafficw,100 E PARK DR,NASHVILLE,TN,37220,7111,MIDTOW,36.0408,-86.7845,POINT (-86.7845 36.0408)
20190506522,07/05/2019 12:10:00 PM,2,0,0,,N,665896,4,ANGLE,21,CLEAR,1,DAYLIGHT,12,MOTOR VEHICLE IN TRANSPORT,S 5TH ST & SPRING ST,NASHVILLE,TN,37206,1109,EAST,36.1726,-86.7652,POINT (-86.7652 36.1726)
20190079326,01/30/2019 07:45:00 AM,1,0,0,Y,N,665896,0,NOT COLLISION W/MOTOR VEHICLE-TRANSPORT,21,CLEAR,1,DAYLIGHT,19,BUILDING,GALLATIN AV & DOUGLAS AV,NASHVILLE,TN,37206,1325,EAST,36.193,-86.7442,POINT (-86.7442 36.193)
20190061917,01/24/2019 07:10:00 AM,2,2,0,Y,N,226136,4,ANGLE,22,CLOUDY,1,DAYLIGHT,12,MOTOR VEHICLE IN TRANSPORT,WEST END AV & 24TH AVN,NASHVILLE,TN,37203,5715,MIDTOW,36.1482,-86.8059,POINT (-86.8059 36.1482)
20190009128,01/04/2019 08:50:00 AM,2,0,0,,N,620072,11,Front to Rear,2,RAIN,1,DAYLIGHT,12,MOTOR VEHICLE IN TRANSPORT,WEST END AV & I440 W EXT RAMP,NASHVILLE,TN,37212,5905,MIDTOW,36.1379,-86.8206,POINT (-86.8206 36.1379)
20190027277,01/11/2019 08:59:00 AM,2,1,0,,N,716886,4,ANGLE,21,CLEAR,1,DAYLIGHT,12,MOTOR VEHICLE IN TRANSPORT,HARDING PL & ANTIOCH PKE,NASHVILLE,TN,37211,8843,SOUTH,36.0878,-86.6914,POINT (-86.6914 36.0878)
20190240805,03/28/2019 02:30:00 PM,2,0,0,,N,206675,4,ANGLE,21,CLEAR,1,DAYLIGHT,1;12,MOTOR VEHICLE IN TRANSPORT,14TH AVS & DEMONBREUN ST,NASHVILLE,TN,37203,6721,MIDTOW,36.1536,-86.7884,POINT (-86.7884 36.1536)
20190132394,02/18/2019 12:10:00 PM,1,0,0,Y,N,716886,0,NOT COLLISION W/MOTOR VEHICLE-TRANSPORT,21,CLEAR,1,DAYLIGHT,24,GUARDRAIL FACE,CURREY RD & FINLEY DR,NASHVILLE,TN,37217,8831,SOUTH,36.1093,-86.7091,POINT (-86.7091 36.1093)
20190089213,02/02/2019 01:38:00 PM,2,1,0,,N,320601,4,ANGLE,21,CLEAR,1,DAYLIGHT,12,MOTOR VEHICLE IN TRANSPORT,MT VIEW RD & HAMILTON CHURCH RD,ANTIOCH,TN,37013,8927,SOUTH,36.0594,-86.5997,POINT (-86.5997 36.0594)
20190170751,03/01/2019 04:30:00 AM,1,0,0,Y,Y,481573,0,NOT COLLISION W/MOTOR VEHICLE-TRANSPORT,99,UNKNOWN,9,UNKNOWN,38,FENCE,MUSIC SQE & CHET ATKINS PL,NASHVILLE,TN,37203,6715,MIDTOW,36.1484,-86.7922,POINT (-86.7922 36.1484)
20190248292,03/31/2019 12:43:00 PM,3,0,0,,N,311799,11,Front to Rear,21,CLEAR,1,DAYLIGHT,12,MOTOR VEHICLE IN TRANSPORT,MM 94 0 I 65,GOODLETTSVILLE,TN,37072,17061,MADISO,36.2879,-86.7259,POINT (-86.7259 36.2879)
20190489398,06/28/2019 06:45:00 PM,2,0,0,,N,279224,11,Front to Rear,21,CLEAR,1,DAYLIGHT,12,MOTOR VEHICLE IN TRANSPORT,S 4TH ST & SHELBY AV,NASHVILLE,TN,37206,1009,EAST,36.1668,-86.7636,POINT (-86.7636 36.1668)