Accident Number,Date and Time,Number of Motor Vehicles,Number of Injuries,Number of Fatalities,Property Damage,Hit and Run,Reporting Officer,Collision Type Code,Collision Type Description,Weather Code,Weather Description,Illumination Code,Illumination Description,Harmful Code,Harmful Code Description,Street Address,City,State,ZIP,RPA,Precinct,Latitude,Longitude,Mapped Location
20190267340,04/07/2019 10:36:00 AM,1,0,0,,N,419997,0,NOT COLLISION W/MOTOR VEHICLE-TRANSPORT,2,RAIN,1,DAYLIGHT,36,CONCRETE TRAFFIC BARRIER,BRILEY PKWYN & BRILEY PKWYS,NASHVILLE,TN,37211,8404,SOUTH,36.1092,-86.727,POINT (-86.727 36.1092)
20190426174,06/04/2019 03:38:00 PM,1,1,0,Y,N,267831,0,NOT COLLISION W/MOTOR VEHICLE-TRANSPORT,21,CLEAR,1,DAYLIGHT,1;30;34;39,UTILITY POLE;DITCH;WALL,CABOT DR & UPTON LN,NASHVILLE,TN,37209,4677,WEST,36.1399,-86.8888,POINT (-86.8888 36.1399)
20190540515,07/19/2019 05:21:00 PM,2,1,0,,N,320599,11,Front to Rear,22,CLOUDY,1,DAYLIGHT,12,MOTOR VEHICLE IN TRANSPORT,MM 214 3 I 40,NASHVILLE,TN,37217,88021,HERMIT,36.1425,-86.7089,POINT (-86.7089 36.1425)
20190019176,01/08/2019 01:33:00 PM,2,0,0,,N,109534,11,Front to Rear,21,CLEAR,1,DAYLIGHT,12,MOTOR VEHICLE IN TRANSPORT,ROYAL PKWY & PERIMETER PLACE DR,NASHVILLE,TN,37214,9103,HERMIT,36.1494,-86.675,POINT (-86.675 36.1494)
20190392110,05/22/2019 07:48:00 PM,2,0,0,,N,256383,11,Front to Rear,21,CLEAR,2,DARK - NOT LIGHTED,14,PARKED MOTOR VEHICLE,CATHY JO CIR & SEVENMILE CT,NASHVILLE,TN,37211,8439,SOUTH,36.0959,-86.7176,POINT (-86.7176 36.0959)
20190016376,01/07/2019 01:07:00 PM,2,0,0,,N,420059,11,Front to Rear,21,CLEAR,1,DAYLIGHT,12,MOTOR VEHICLE IN TRANSPORT,ELYSIAN FIELDS RD & DANBY DR,NASHVILLE,TN,37211,8501,MIDTOW,36.0846,-86.7445,POINT (-86.7445 36.0846)
20190563520,07/29/2019 06:17:00 AM,2,0,0,,N,240944,4,ANGLE,21,CLEAR,1,DAYLIGHT,12,MOTOR VEHICLE IN TRANSPORT,EAST THOMPSON LN & MURFREESBORO PKE,NASHVILLE,TN,37217,8879,SOUTH,36.1267,-86.7111,POINT (-86.7111 36.1267)
20190243281,03/29/2019 09:24:00 AM,3,0,0,,N,594473,11,Front to Rear,21,CLEAR,1,DAYLIGHT,12,MOTOR VEHICLE IN TRANSPORT,WEST END AV & 23RD AVN,NASHVILLE,TN,37203,5715,MIDTOW,36.1489,-86.8046,POINT (-86.8046 36.1489)
20190368872,05/14/2019 01:10:00 PM,2,0,0,,N,405404,4,ANGLE,21,CLEAR,1,DAYLIGHT,12,MOTOR VEHICLE IN TRANSPORT,LAFAYETTE ST & CLAIBORNE ST,NASHVILLE,TN,37210,8147,SOUTH,36.1483,-86.7609,POINT (-86.7609 36.1483)
20190177467,03/06/2019 08:50:00 AM,2,0,0,,N,330420,5,SIDESWIPE - SAME DIRECTION,21,CLEAR,1,DAYLIGHT,12,MOTOR VEHICLE IN TRANSPORT,MM 214 3 I 40,NASHVILLE,TN,37217,88021,HERMIT,36.1425,-86.7089,POINT (-86.7089 36.1425)
20190434719,06/07/2019 04:34:00 PM,3,0,0,,Y,279225,11,Front to Rear,2,RAIN,1,DAYLIGHT,12,MOTOR VEHICLE IN TRANSPORT,MM 215 0 I 40,NASHVILLE,TN,37214,91021,HERMIT,36.1444,-86.6948,POINT (-86.6948 36.1444)
20190171974,03/04/2019 04:37:00 PM,2,1,0,,Y,279225,5,SIDESWIPE - SAME DIRECTION,21,CLEAR,1,DAYLIGHT,12,MOTOR VEHICLE IN TRANSPORT,BELL RD & WOODLAND POINTE DR,NASHVILLE,TN,37214,8943,HERMIT,36.1227,-86.6305,POINT (-86.6305 36.1227)
20190224247,03/22/2019 12:00:00 AM,2,0,0,,N,279200,11,Front to Rear,21,CLEAR,1,DAYLIGHT,12,MOTOR VEHICLE IN TRANSPORT,11TH AVS & MCGAVOCK ST,NASHVILLE,TN,37203,4079,CENTRA,36.1561,-86.7855,POINT (-86.7855 36.1561)
20190092871,02/04/2019 07:15:00 AM,2,0,0,,N,223502,11,Front to Rear,21,CLEAR,1,DAYLIGHT,12,MOTOR VEHICLE IN TRANSPORT,MM 55 7 I 24,NASHVILLE,TN,37211,86020,SOUTH,36.086,-86.7002,POINT (-86.7002 36.086)
20190590417,08/01/2019 07:00:00 PM,2,0,0,,Y,298860,5,SIDESWIPE - SAME DIRECTION,21,CLEAR,2,DARK - NOT LIGHTED,14,PARKED MOTOR VEHICLE,LEBANON PKE & ANDREW JACKSON PKWY,HERMITAGE,TN,37076,9537,HERMIT,36.2151,-86.5962,POINT (-86.5962 36.2151)
20190480843,06/25/2019 12:00:00 AM,2,0,0,,Y,226827,98,OTHER,22,CLOUDY,1,DAYLIGHT,14;55,PARKED MOTOR VEHICLE;Motor Vehicle-In-Motion Outside Trafficw,US HWY 31E & ELMORE AVE,MADISON,TN,37115,1717,MADISO,36.2799,-86.7086,POINT (-86.7086 36.2799)
20190557397,07/26/2019 10:12:00 AM,2,0,0,,N,134899,11,Front to Rear,21,CLEAR,1,DAYLIGHT,12,MOTOR VEHICLE IN TRANSPORT,ANDERSON RD & SMITH SPRINGS RD,NASHVILLE,TN,37217,8929,HERMIT,36.0875,-86.6072,POINT (-86.6072 36.0875)
20190032688,01/13/2019 03:49:00 PM,2,1,0,,N,320585,11,Front to Rear,22,CLOUDY,1,DAYLIGHT,12;30,MOTOR VEHICLE IN TRANSPORT;UTILITY POLE,STEWARTS FERRY PKE & MCCRORY CREEK RD,NASHVILLE,TN,37214,9415,HERMIT,36.1572,-86.6346,POINT (-86.6346 36.1572)
20190126161,02/15/2019 12:00:00 AM,2,1,0,,N,298868,11,Front to Rear,2,RAIN,3,DARK - LIGHTED,12,MOTOR VEHICLE IN TRANSPORT,WHITE BRIDGE PKE & SAINT MARYS CAMPUS PV,NASHVILLE,TN,37205,5017,WEST,36.1277,-86.8515,POINT (-86.8515 36.1277)
20190009488,01/04/2019 01:00:00 PM,2,0,0,,N,226136,4,ANGLE,2,RAIN,1,DAYLIGHT,12,MOTOR VEHICLE IN TRANSPORT,MM 5 3 I 440,NASHVILLE,TN,37204,81061,MIDTOW,36.1194,-86.7669,POINT (-86.7669 36.1194)
20190550010,07/23/2019 03:54:00 PM,4,0,0,,N,206675,11,Front to Rear,21,CLEAR,1,DAYLIGHT,12,MOTOR VEHICLE IN TRANSPORT,OLD HICKORY BLVD & BRIDLEWOOD LN,NASHVILLE,TN,37215,6305,MIDTOW,36.0424,-86.8309,POINT (-86.8309 36.0424)
20190160843,02/28/2019 07:15:00 AM,2,0,0,,N,909494,11,Front to Rear,21,CLEAR,1,DAYLIGHT,12,MOTOR VEHICLE IN TRANSPORT,ELLINGTON PKWYS & SPRING ST ENT RAMP,NASHVILLE,TN,37207,19961,EAST,36.1766,-86.7658,POINT (-86.7658 36.1766)
20190302942,04/19/2019 09:13:00 PM,3,1,0,,Y,240987,11,Front to Rear,21,CLEAR,1,DAYLIGHT,12,MOTOR VEHICLE IN TRANSPORT,NOLENSVILLE PKE & WHEELER AV,NASHVILLE,TN,37211,8511,MIDTOW,36.0957,-86.7374,POINT (-86.7374 36.0957)
20190165686,03/02/2019 12:22:00 AM,2,1,0,,N,298879,4,ANGLE,21,CLEAR,3,DARK - LIGHTED,12,MOTOR VEHICLE IN TRANSPORT,HIGHWAY 70S & CLUB PKWY,NASHVILLE,TN,37221,4811,WEST,36.0739,-86.9283,POINT (-86.9283 36.0739)
20190527611,07/14/2019 12:00:00 AM,2,0,0,,N,468098,4,ANGLE,21,CLEAR,3,DARK - LIGHTED,12,MOTOR VEHICLE IN TRANSPORT,SHIRE DR & SILVERMOON DR,ANTIOCH,TN,37013,8753,SOUTH,36.0338,-86.6708,POINT (-86.6708 36.0338)
20190282303,04/12/2019 06:50:00 PM,2,0,0,Y,N,240976,4,ANGLE,21,CLEAR,5,DUSK,12,MOTOR VEHICLE IN TRANSPORT,CRUTCHER ST & S 5TH ST,NASHVILLE,TN,37206,1009,EAST,36.1624,-86.7593,POINT (-86.7593 36.1624)
20190337777,05/02/2019 11:50:00 AM,2,0,0,,N,676834,6,SIDESWIPE - OPPOSITE DIRECTION,21,CLEAR,1,DAYLIGHT,12,MOTOR VEHICLE IN TRANSPORT,DR D B TODD JR BLVD & UNDERWOOD ST,NASHVILLE,TN,37208,4475,NORTH,36.1733,-86.8083,POINT (-86.8083 36.1733)
20190312061,04/23/2019 07:51:00 AM,2,0,0,,Y,109534,11,Front to Rear,21,CLEAR,1,DAYLIGHT,12;99,MOTOR VEHICLE IN TRANSPORT;UNKNOWN MOST HARMFUL EVENT,MM 213 9 I 40,NASHVILLE,TN,37217,8802,HERMIT,36.1415,-86.7148,POINT (-86.7148 36.1415)
20190059096,01/23/2019 08:34:00 AM,2,1,0,,N,620072,11,Front to Rear,2,RAIN,1,DAYLIGHT,12,MOTOR VEHICLE IN TRANSPORT,MM 6 8 I 440,NASHVILLE,TN,37210,81040,SOUTH,36.1244,-86.7398,POINT (-86.7398 36.1244)
20190415835,05/31/2019 10:15:00 AM,2,0,0,,N,225777,5,SIDESWIPE - SAME DIRECTION,21,CLEAR,1,DAYLIGHT,12,MOTOR VEHICLE IN TRANSPORT,HIGHWAY 70S & OLD HARDING PKE RAMP,NASHVILLE,TN,37221,4811,WEST,36.074,-86.9232,POINT (-86.9232 36.074)
20190426629,06/04/2019 06:10:00 PM,2,0,0,,N,279204,4,ANGLE,21,CLEAR,1,DAYLIGHT,12,MOTOR VEHICLE IN TRANSPORT,16TH AVN & JACKSON ST,NASHVILLE,TN,37208,5419,NORTH,36.1671,-86.8014,POINT (-86.8014 36.1671)
20190179233,03/06/2019 08:34:00 PM,2,0,0,,N,876597,11,Front to Rear,21,CLEAR,3,DARK - LIGHTED,12,MOTOR VEHICLE IN TRANSPORT,MM 59 2 I 24,ANTIOCH,TN,37013,87061,SOUTH,36.0467,-86.6614,POINT (-86.6614 36.0467)
20190553086,07/24/2019 06:09:00 PM,2,0,0,,N,256426,98,OTHER,21,CLEAR,1,DAYLIGHT,12,MOTOR VEHICLE IN TRANSPORT,MCGAVOCK PKE & CROSSFIELD DR,NASHVILLE,TN,37214,9109,HERMIT,36.1662,-86.6804,POINT (-86.6804 36.1662)
20190475764,06/23/2019 09:18:00 PM,1,0,0,,N,429193,0,NOT COLLISION W/MOTOR VEHICLE-TRANSPORT,2,RAIN,2,DARK - NOT LIGHTED,72,EMBANKMENT ROCK/STONE/CONCRETE,MM 201 4 I 40,NASHVILLE,TN,37209,46027,WEST,36.1343,-86.8953,POINT (-86.8953 36.1343)
20190206677,03/17/2019 12:00:00 AM,2,1,0,,N,279221,2,HEAD-ON,21,CLEAR,3,DARK - LIGHTED,12,MOTOR VEHICLE IN TRANSPORT,OLD HICKORY BLVDW & I65 N ENT RAMP,MADISON,TN,37115,1777,MADISO,36.2643,-86.7361,POINT (-86.7361 36.2643)
20190103741,02/07/2019 05:36:00 PM,2,0,0,,N,256383,11,Front to Rear,22,CLOUDY,3,DARK - LIGHTED,12,MOTOR VEHICLE IN TRANSPORT,BELL RD & HICKORY HOLLOW LN,ANTIOCH,TN,37013,8863,SOUTH,36.0492,-86.6517,POINT (-86.6517 36.0492)
20190434112,06/07/2019 11:50:00 AM,2,0,0,,N,352173,11,Front to Rear,22,CLOUDY,1,DAYLIGHT,12,MOTOR VEHICLE IN TRANSPORT,MURFREESBORO PKE & HARDING PL,NASHVILLE,TN,37217,8947,HERMIT,36.0982,-86.6587,POINT (-86.6587 36.0982)
20190321155,04/26/2019 01:45:00 AM,2,0,0,,Y,727203,5,SIDESWIPE - SAME DIRECTION,2,RAIN,3,DARK - LIGHTED,12,MOTOR VEHICLE IN TRANSPORT,MM 49 1 I 24,NASHVILLE,TN,37206,10040,EAST,36.1647,-86.7634,POINT (-86.7634 36.1647)
20190377613,05/17/2019 08:25:00 AM,2,0,0,,N,538214,5,SIDESWIPE - SAME DIRECTION,21,CLEAR,1,DAYLIGHT,12,MOTOR VEHICLE IN TRANSPORT,LEA AV & 7TH AVS,NASHVILLE,TN,37203,4023,CENTRA,36.1539,-86.778,POINT (-86.778 36.1539)
20190050352,01/19/2019 10:52:00 PM,2,2,0,Y,N,197067,4,ANGLE,4,SNOW,3,DARK - LIGHTED,12;29;43;47;8,MOTOR VEHICLE IN TRANSPORT;LUMINAIRE/LIGHT SUPPORT;OTHER FIXED OBJECTS;FIRE HYDRANT;PEDESTRIAN,ROSA L PARKS BLVD & BROADWAY,NASHVILLE,TN,37203,4115,CENTRA,36.1593,-86.7824,POINT (-86.7824 36.1593)
20190113066,02/11/2019 02:43:00 PM,1,0,0,,N,279110,0,NOT COLLISION W/MOTOR VEHICLE-TRANSPORT,21,CLEAR,1,DAYLIGHT,72,EMBANKMENT ROCK/STONE/CONCRETE,I440 W ENT RAMP & I 440,NASHVILLE,TN,37210,81021,SOUTH,36.1259,-86.7322,POINT (-86.7322 36.1259)
20190265376,04/06/2019 12:00:00 AM,2,0,0,,N,279200,5,SIDESWIPE - SAME DIRECTION,21,CLEAR,1,DAYLIGHT,12,MOTOR VEHICLE IN TRANSPORT,MM 210 2 I 40,NASHVILLE,TN,37203,4006,CENTRA,36.1499,-86.7726,POINT (-86.7726 36.1499)
20190260322,04/04/2019 03:29:00 PM,2,0,0,,Y,226576,5,SIDESWIPE - SAME DIRECTION,22,CLOUDY,1,DAYLIGHT,12,MOTOR VEHICLE IN TRANSPORT,I24 E ENT RAMP & I 24,NASHVILLE,TN,37213,1007,CENTRA,36.1662,-86.7659,POINT (-86.7659 36.1662)
20190569199,07/31/2019 10:47:00 AM,2,0,0,,N,594473,5,SIDESWIPE - SAME DIRECTION,21,CLEAR,1,DAYLIGHT,12,MOTOR VEHICLE IN TRANSPORT,WEST END AV & 29TH AVN,NASHVILLE,TN,37212,5815,MIDTOW,36.1444,-86.8134,POINT (-86.8134 36.1444)
20190516162,07/10/2019 01:30:00 AM,1,0,0,Y,N,256493,0,NOT COLLISION W/MOTOR VEHICLE-TRANSPORT,21,CLEAR,3,DARK - LIGHTED,19,BUILDING,2800 SMITH SPRINGS RD,NASHVILLE,TN,37217,8931,HERMIT,36.0887,-86.6124,POINT (-86.6124 36.0887)
20190267952,04/07/2019 12:00:00 AM,2,0,0,,N,279200,5,SIDESWIPE - SAME DIRECTION,21,CLEAR,1,DAYLIGHT,14,PARKED MOTOR VEHICLE,9TH AVS & CLARK PL,NASHVILLE,TN,37203,4041,CENTRA,36.1553,-86.7811,POINT (-86.7811 36.1553)
20190315718,04/24/2019 08:05:00 AM,2,0,0,,N,665896,4,ANGLE,21,CLEAR,1,DAYLIGHT,12,MOTOR VEHICLE IN TRANSPORT,N 6TH ST & CLEVELAND ST,NASHVILLE,TN,37207,1923,EAST,36.1859,-86.7619,POINT (-86.7619 36.1859)
20190200559,03/14/2019 03:03:00 PM,3,0,0,,N,110092,11,Front to Rear,22,CLOUDY,1,DAYLIGHT,12,MOTOR VEHICLE IN TRANSPORT,ANDREW JACKSON PKWY & WEMBLEY DR,HERMITAGE,TN,37076,9727,HERMIT,36.2201,-86.5976,POINT (-86.5976 36.2201)
20190443132,06/11/2019 05:49:00 AM,2,0,0,,N,660929,4,ANGLE,21,CLEAR,1,DAYLIGHT,12,MOTOR VEHICLE IN TRANSPORT,4900 EDMONDSON,NASHVILLE,TN,37211,8659,MIDTOW,36.0721,-86.7329,POINT (-86.7329 36.0721)
20190439306,06/09/2019 12:00:00 AM,2,0,0,,N,311333,4,ANGLE,2,RAIN,1,DAYLIGHT,12,MOTOR VEHICLE IN TRANSPORT,NOLENSVILLE PKE & HICKORYVIEW DR,NASHVILLE,TN,37211,8717,SOUTH,36.0488,-86.7137,POINT (-86.7137 36.0488)
20190296228,04/17/2019 03:20:00 PM,2,0,0,,N,256424,0,NOT COLLISION W/MOTOR VEHICLE-TRANSPORT,21,CLEAR,1,DAYLIGHT,16,THROWN OR FALLING OBJECT,MM 217 8 I 40,NASHVILLE,TN,37214,8906,HERMIT,36.141,-86.6569,POINT (-86.6569 36.141)
20190455106,06/15/2019 12:12:00 PM,2,0,0,,N,571316,4,ANGLE,21,CLEAR,1,DAYLIGHT,12,MOTOR VEHICLE IN TRANSPORT,S 16TH ST & SHELBY AV,NASHVILLE,TN,37206,1223,EAST,36.1705,-86.7429,POINT (-86.7429 36.1705)
20190193688,03/12/2019 09:30:00 AM,1,0,0,,N,212325,0,NOT COLLISION W/MOTOR VEHICLE-TRANSPORT,22,CLOUDY,1,DAYLIGHT,50,DEER (ANIMAL),E OLD HICKORY BLVD & LARKIN SPRINGS RD,MADISON,TN,37115,1705,MADISO,36.2627,-86.6844,POINT (-86.6844 36.2627)
20190532234,07/16/2019 05:30:00 PM,2,0,0,,N,311344,11,Front to Rear,21,CLEAR,1,DAYLIGHT,12,MOTOR VEHICLE IN TRANSPORT,E WEBSTER ST & GALLATIN PKES,MADISON,TN,37115,1507,MADISO,36.2518,-86.7174,POINT (-86.7174 36.2518)
20190181260,03/07/2019 12:30:00 PM,2,0,0,,N,225773,16,Rear to Side,22,CLOUDY,1,DAYLIGHT,12,MOTOR VEHICLE IN TRANSPORT,THOMPSON LN & W IRIS DR,NASHVILLE,TN,37204,8527,MIDTOW,36.1124,-86.768,POINT (-86.768 36.1124)
20190170777,03/04/2019 08:49:00 AM,4,4,0,,N,420059,11,Front to Rear,21,CLEAR,1,DAYLIGHT,12,MOTOR VEHICLE IN TRANSPORT,FRANKLIN PKE & OLD HICKORY BLVD,NASHVILLE,TN,37220,7111,MIDTOW,36.0377,-86.7865,POINT (-86.7865 36.0377)
20190307406,04/21/2019 11:12:00 PM,1,1,0,Y,Y,151122,0,NOT COLLISION W/MOTOR VEHICLE-TRANSPORT,21,CLEAR,3,DARK - LIGHTED,1;30,UTILITY POLE,TUSCULUM RD & MADELINE DR,NASHVILLE,TN,37211,8715,SOUTH,36.0591,-86.7115,POINT (-86.7115 36.0591)
20180127887,02/16/2019 01:44:00 PM,3,2,0,,N,262766,3,REAR-TO-REAR,21,CLEAR,1,DAYLIGHT,12,MOTOR VEHICLE IN TRANSPORT,WATTS LN & CHARLOTTE PKE,NASHVILLE,TN,37209,5025,WEST,36.1441,-86.8731,POINT (-86.8731 36.1441)
20190007641,01/03/2019 07:57:00 PM,2,0,0,,N,256426,11,Front to Rear,21,CLEAR,3,DARK - LIGHTED,12,MOTOR VEHICLE IN TRANSPORT,MM 211 9 I 40,NASHVILLE,TN,37210,90022,HERMIT,36.1487,-86.7459,POINT (-86.7459 36.1487)
20190419124,06/01/2019 06:43:00 PM,2,0,0,,Y,320577,5,SIDESWIPE - SAME DIRECTION,21,CLEAR,1,DAYLIGHT,12,MOTOR VEHICLE IN TRANSPORT,MM 209 7 I 40,NASHVILLE,TN,37203,4004,CENTRA,36.1492,-86.7812,POINT (-86.7812 36.1492)
20190570602,07/31/2019 09:14:00 PM,3,0,0,,N,110090,11,Front to Rear,21,CLEAR,3,DARK - LIGHTED,12,MOTOR VEHICLE IN TRANSPORT,BURKITT RD & BATTLE RD,ANTIOCH,TN,37013,8771,SOUTH,36.0435,-86.6308,POINT (-86.6308 36.0435)
20190274655,04/09/2019 09:05:00 PM,2,0,0,,Y,256377,11,Front to Rear,21,CLEAR,3,DARK - LIGHTED,12,MOTOR VEHICLE IN TRANSPORT,MM 211 9 I 40,NASHVILLE,TN,37210,90022,HERMIT,36.1487,-86.7459,POINT (-86.7459 36.1487)
20190257032,04/03/2019 12:39:00 PM,2,0,0,,N,633385,11,Front to Rear,21,CLEAR,1,DAYLIGHT,12,MOTOR VEHICLE IN TRANSPORT,HARDING PL & OLD EZELL RD,NASHVILLE,TN,37211,8847,SOUTH,36.0901,-86.6877,POINT (-86.6877 36.0901)
20190263213,04/05/2019 04:08:00 PM,2,1,0,,N,212330,2,HEAD-ON,22,CLOUDY,1,DAYLIGHT,12,MOTOR VEHICLE IN TRANSPORT,MM 52 5 I 24,NASHVILLE,TN,37217,8816,SOUTH,36.1256,-86.7279,POINT (-86.7279 36.1256)
20190523195,07/12/2019 07:22:00 PM,3,1,0,,N,311332,4,ANGLE,21,CLEAR,1,DAYLIGHT,12,MOTOR VEHICLE IN TRANSPORT,HARDING PKE & VAUGHNS GAP RD,NASHVILLE,TN,37205,4913,WEST,36.0926,-86.8854,POINT (-86.8854 36.0926)
20190147585,02/23/2019 01:02:00 PM,2,1,0,,N,109534,11,Front to Rear,2,RAIN,1,DAYLIGHT,12,MOTOR VEHICLE IN TRANSPORT,I40 W ENT RAMP & I 40,NASHVILLE,TN,37210,9007,HERMIT,36.1484,-86.7454,POINT (-86.7454 36.1484)
20190012094,01/05/2019 03:15:00 PM,2,0,0,,Y,279124,11,Front to Rear,21,CLEAR,1,DAYLIGHT,12,MOTOR VEHICLE IN TRANSPORT,MM 59 0 I 24,ANTIOCH,TN,37013,8808,SOUTH,36.049,-86.6651,POINT (-86.6651 36.049)
20190410009,05/29/2019 11:29:00 AM,2,0,0,,N,299243,4,ANGLE,21,CLEAR,1,DAYLIGHT,12,MOTOR VEHICLE IN TRANSPORT,MM 48 2 I 24,NASHVILLE,TN,37207,1106,EAST,36.1729,-86.7693,POINT (-86.7693 36.1729)
20190044689,01/17/2019 05:24:00 PM,2,1,0,,N,279124,11,Front to Rear,2,RAIN,3,DARK - LIGHTED,12,MOTOR VEHICLE IN TRANSPORT,THOMPSON LN & BRILEY PKWYN,NASHVILLE,TN,37211,8423,SOUTH,36.1095,-86.7283,POINT (-86.7283 36.1095)
20190243100,03/29/2019 08:04:00 AM,1,0,0,,N,140790,0,NOT COLLISION W/MOTOR VEHICLE-TRANSPORT,2,RAIN,1,DAYLIGHT,24,GUARDRAIL FACE,I40 E EXT RAMP & I 40,NASHVILLE,TN,37214,8955,HERMIT,36.155,-86.6271,POINT (-86.6271 36.155)
20190085583,02/01/2019 05:43:00 AM,3,0,0,,N,212321,11,Front to Rear,22,CLOUDY,4,DAWN,12,MOTOR VEHICLE IN TRANSPORT,MM 55 3 I 24,NASHVILLE,TN,37211,8602,SOUTH,36.0913,-86.7043,POINT (-86.7043 36.0913)
20190468339,06/20/2019 02:05:00 PM,2,0,0,,N,212369,4,ANGLE,21,CLEAR,1,DAYLIGHT,12,MOTOR VEHICLE IN TRANSPORT,OLD HICKORY BLVD & S HILLVIEW DR,NASHVILLE,TN,37220,7111,MIDTOW,36.0375,-86.791,POINT (-86.791 36.0375)
20190129597,02/17/2019 06:20:00 AM,1,0,0,,N,169414,0,NOT COLLISION W/MOTOR VEHICLE-TRANSPORT,2,RAIN,1,DAYLIGHT,36,CONCRETE TRAFFIC BARRIER,MM 55 4 I 24,NASHVILLE,TN,37211,8812,SOUTH,36.0901,-86.7031,POINT (-86.7031 36.0901)
20190563927,07/29/2019 10:10:00 AM,2,0,0,,N,137872,4,ANGLE,21,CLEAR,1,DAYLIGHT,13,MOTOR VEHICLE IN TRANSPORT-OTHER ROADWAY,NEW JOHN HAGAR RD & EARHART RD,HERMITAGE,TN,37076,9515,HERMIT,36.159,-86.5693,POINT (-86.5693 36.159)
20190432715,06/06/2019 10:07:00 PM,2,1,0,,Y,281611,11,Front to Rear,2,RAIN,2,DARK - NOT LIGHTED,12,MOTOR VEHICLE IN TRANSPORT,MM 204 2 I 40,NASHVILLE,TN,37209,45023,WEST,36.1532,-86.8539,POINT (-86.8539 36.1532)
20190451584,06/14/2019 12:00:00 AM,2,1,0,,Y,212337,2,HEAD-ON,21,CLEAR,3,DARK - LIGHTED,12,MOTOR VEHICLE IN TRANSPORT,GARFIELD ST & NASSAU ST,NASHVILLE,TN,37208,4343,NORTH,36.1801,-86.7976,POINT (-86.7976 36.1801)
20190003806,01/02/2019 01:25:00 PM,2,1,0,,N,676834,2,HEAD-ON,22,CLOUDY,1,DAYLIGHT,12,MOTOR VEHICLE IN TRANSPORT,W HEIMAN ST & ED TEMPLE BLVD,NASHVILLE,TN,37209,4503,NORTH,36.1697,-86.8213,POINT (-86.8213 36.1697)
20190251519,04/01/2019 05:19:00 PM,5,1,0,,N,110092,11,Front to Rear,21,CLEAR,1,DAYLIGHT,12,MOTOR VEHICLE IN TRANSPORT,LEBANON PKE & OLD HICKORY BLVD,HERMITAGE,TN,37076,9507,HERMIT,36.1983,-86.6201,POINT (-86.6201 36.1983)
20190086430,02/01/2019 12:07:00 PM,2,1,0,,N,332216,11,Front to Rear,22,CLOUDY,1,DAYLIGHT,12,MOTOR VEHICLE IN TRANSPORT,I40 E ENT RAMP & I 40,NASHVILLE,TN,37205,4903,WEST,36.1109,-86.922,POINT (-86.922 36.1109)
20190119217,02/13/2019 11:00:00 AM,2,0,0,,N,716877,11,Front to Rear,21,CLEAR,1,DAYLIGHT,12,MOTOR VEHICLE IN TRANSPORT,I24 W EXT RAMP & I 24,NASHVILLE,TN,37211,8829,SOUTH,36.1074,-86.7197,POINT (-86.7197 36.1074)
20190237011,03/27/2019 08:30:00 AM,2,0,0,,N,224953,5,SIDESWIPE - SAME DIRECTION,21,CLEAR,1,DAYLIGHT,12,MOTOR VEHICLE IN TRANSPORT,5TH AVN & UNION ST,NASHVILLE,TN,37219,4141,CENTRA,36.1643,-86.7809,POINT (-86.7809 36.1643)
20190227695,03/24/2019 03:00:00 AM,2,0,0,,N,110094,11,Front to Rear,21,CLEAR,3,DARK - LIGHTED,12,MOTOR VEHICLE IN TRANSPORT,I40 W EXT RAMP & I 40,NASHVILLE,TN,37203,4119,CENTRA,36.1574,-86.79,POINT (-86.79 36.1574)
20190383360,05/19/2019 08:15:00 PM,2,0,0,,N,279225,4,ANGLE,21,CLEAR,2,DARK - NOT LIGHTED,12,MOTOR VEHICLE IN TRANSPORT,OLD MURFREESBORO PKE & SMITH SPRINGS RD,NASHVILLE,TN,37217,8947,HERMIT,36.0975,-86.6552,POINT (-86.6552 36.0975)
20190513661,07/09/2019 12:00:00 AM,1,0,0,Y,Y,352185,0,NOT COLLISION W/MOTOR VEHICLE-TRANSPORT,21,CLEAR,4,DAWN,24,GUARDRAIL FACE,MM 7 4 I 440,NASHVILLE,TN,37210,83043,SOUTH,36.1258,-86.7306,POINT (-86.7306 36.1258)
20190528849,07/15/2019 11:58:00 AM,2,0,0,,N,109534,11,Front to Rear,22,CLOUDY,1,DAYLIGHT,12,MOTOR VEHICLE IN TRANSPORT,LEBANON PKE & OLD HICKORY BLVD,HERMITAGE,TN,37076,9613,HERMIT,36.1756,-86.6154,POINT (-86.6154 36.1756)
20190165267,03/01/2019 06:05:00 PM,2,0,0,,N,256496,0,NOT COLLISION W/MOTOR VEHICLE-TRANSPORT,21,CLEAR,3,DARK - LIGHTED,16,THROWN OR FALLING OBJECT,STEWARTS FERRY PKE & I40 E EXT RAMP,NASHVILLE,TN,37214,8955,HERMIT,36.1549,-86.6269,POINT (-86.6269 36.1549)
20190390487,05/22/2019 08:00:00 AM,2,0,0,,N,226622,4,ANGLE,21,CLEAR,1,DAYLIGHT,12,MOTOR VEHICLE IN TRANSPORT,OLD CHARLOTTE PKE & OLD CHARLOTTE PVTDR,NASHVILLE,TN,37221,4709,WEST,36.1188,-86.9529,POINT (-86.9529 36.1188)
20190141862,02/21/2019 12:31:00 PM,1,0,0,,N,109534,0,NOT COLLISION W/MOTOR VEHICLE-TRANSPORT,22,CLOUDY,1,DAYLIGHT,18,OTHER OBJECT (NOT FIXED),MM 221 1 I 40,HERMITAGE,TN,37076,9504,HERMIT,36.17,-86.5958,POINT (-86.5958 36.17)