Accident Number,Date and Time,Number of Motor Vehicles,Number of Injuries,Number of Fatalities,Property Damage,Hit and Run,Reporting Officer,Collision Type Code,Collision Type Description,Weather Code,Weather Description,Illumination Code,Illumination Description,Harmful Code,Harmful Code Description,Street Address,City,State,ZIP,RPA,Precinct,Latitude,Longitude,Mapped Location
20190502253,07/03/2019 04:55:00 PM,2,0,0,,N,240979,5,SIDESWIPE - SAME DIRECTION,21,CLEAR,1,DAYLIGHT,12,MOTOR VEHICLE IN TRANSPORT,S GRAYCROFT AV & OLD HICKORY BLVDW,MADISON,TN,37115,1775,MADISO,36.2634,-86.7324,POINT (-86.7324 36.2634)
20190281801,04/12/2019 01:30:00 PM,2,0,0,,N,256383,6,SIDESWIPE - OPPOSITE DIRECTION,21,CLEAR,1,DAYLIGHT,12,MOTOR VEHICLE IN TRANSPORT,FRANKLIN LIMESTONE RD & ANTIOCH PKE,ANTIOCH,TN,37013,8899,SOUTH,36.0808,-86.6845,POINT (-86.6845 36.0808)
20190187042,07/22/2019 08:24:00 AM,2,0,0,,N,414668,11,Front to Rear,22,CLOUDY,1,DAYLIGHT,12,MOTOR VEHICLE IN TRANSPORT,CENTRAL PKE & LEBANON PKE,HERMITAGE,TN,37076,9505,HERMIT,36.1776,-86.6167,POINT (-86.6167 36.1776)
20190228707,03/24/2019 02:22:00 PM,3,0,0,,N,330435,5,SIDESWIPE - SAME DIRECTION,21,CLEAR,1,DAYLIGHT,12,MOTOR VEHICLE IN TRANSPORT,MM 87 0 I 65,NASHVILLE,TN,37207,18020,EAST,36.2018,-86.7766,POINT (-86.7766 36.2018)
20190307010,04/21/2019 06:12:00 PM,1,1,0,Y,N,633391,0,NOT COLLISION W/MOTOR VEHICLE-TRANSPORT,21,CLEAR,1,DAYLIGHT,30,UTILITY POLE,HILLSBORO PKE & ABBOTT MARTIN RD,NASHVILLE,TN,37215,6111,WEST,36.1054,-86.8142,POINT (-86.8142 36.1054)
20190061223,01/23/2019 10:08:00 PM,1,0,0,,N,330420,0,NOT COLLISION W/MOTOR VEHICLE-TRANSPORT,2,RAIN,2,DARK - NOT LIGHTED,33,CURB,BELL RD & BROOK VIEW ESTATES DR,ANTIOCH,TN,37013,8755,SOUTH,36.0439,-86.6933,POINT (-86.6933 36.0439)
20190373123,05/15/2019 09:53:00 PM,1,1,0,,N,807326,0,NOT COLLISION W/MOTOR VEHICLE-TRANSPORT,21,CLEAR,3,DARK - LIGHTED,1;39,WALL,12TH AVS & DEMONBREUN ST,NASHVILLE,TN,37203,4015,CENTRA,36.1546,-86.7862,POINT (-86.7862 36.1546)
20190436715,06/08/2019 01:45:00 PM,3,1,0,,N,402660,4,ANGLE,2,RAIN,1,DAYLIGHT,12,MOTOR VEHICLE IN TRANSPORT,PAGE RD & HARDING PKE,NASHVILLE,TN,37205,6201,WEST,36.1002,-86.8707,POINT (-86.8707 36.1002)
20190273397,04/09/2019 04:35:00 PM,2,2,0,,N,311328,2,HEAD-ON,21,CLEAR,1,DAYLIGHT,12,MOTOR VEHICLE IN TRANSPORT,5TH AVN & JAMES ROBERTSON PKWY,NASHVILLE,TN,37219,4203,CENTRA,36.1689,-86.7838,POINT (-86.7838 36.1689)
20190187012,03/09/2019 12:00:00 AM,2,0,0,,N,298868,11,Front to Rear,2,RAIN,1,DAYLIGHT,12,MOTOR VEHICLE IN TRANSPORT,HIGHWAY 70S & BELLEVUE CTR PVTDR,NASHVILLE,TN,37221,4811,WEST,36.0785,-86.9508,POINT (-86.9508 36.0785)
20190574378,08/02/2019 10:17:00 AM,2,0,0,,N,191578,5,SIDESWIPE - SAME DIRECTION,21,CLEAR,1,DAYLIGHT,12,MOTOR VEHICLE IN TRANSPORT,ELM HILL PKE & FESSLERS LN,NASHVILLE,TN,37210,8217,HERMIT,36.1447,-86.744,POINT (-86.744 36.1447)
20190241860,03/28/2019 09:18:00 PM,2,0,0,,N,256389,4,ANGLE,21,CLEAR,3,DARK - LIGHTED,12,MOTOR VEHICLE IN TRANSPORT,4TH AVS & MCCANN ST,NASHVILLE,TN,37203,8003,MIDTOW,36.1496,-86.7698,POINT (-86.7698 36.1496)
20190260909,04/04/2019 07:01:00 PM,2,0,0,,N,197070,11,Front to Rear,21,CLEAR,1,DAYLIGHT,12,MOTOR VEHICLE IN TRANSPORT,MM 85 1 I 65,NASHVILLE,TN,37208,43023,NORTH,36.1815,-86.7999,POINT (-86.7999 36.1815)
20190126103,02/15/2019 05:21:00 PM,2,0,0,,N,807344,4,ANGLE,2,RAIN,3,DARK - LIGHTED,12,MOTOR VEHICLE IN TRANSPORT,S 2ND ST & WOODLAND ST,NASHVILLE,TN,37213,1133,CENTRA,36.1695,-86.771,POINT (-86.771 36.1695)
20190022521,01/09/2019 12:00:00 AM,2,0,0,,Y,279118,11,Front to Rear,21,CLEAR,1,DAYLIGHT,12,MOTOR VEHICLE IN TRANSPORT,I 24 E & I 24 EXIT E,NASHVILLE,TN,37207,1904,CENTRA,36.182,-86.775,POINT (-86.775 36.182)
20190141187,02/21/2019 07:57:00 AM,2,0,0,,N,226136,4,ANGLE,22,CLOUDY,1,DAYLIGHT,12,MOTOR VEHICLE IN TRANSPORT,NOLENSVILLE PKE & ROSEDALE AV,NASHVILLE,TN,37211,8043,MIDTOW,36.125,-86.7522,POINT (-86.7522 36.125)
20190351201,05/07/2019 05:20:00 PM,2,0,0,,N,298874,5,SIDESWIPE - SAME DIRECTION,21,CLEAR,1,DAYLIGHT,14,PARKED MOTOR VEHICLE,LENORE ST & S 6TH ST,NASHVILLE,TN,37206,1019,EAST,36.1637,-86.7576,POINT (-86.7576 36.1637)
20190248884,03/31/2019 04:10:00 PM,2,0,0,,Y,320599,5,SIDESWIPE - SAME DIRECTION,21,CLEAR,1,DAYLIGHT,12,MOTOR VEHICLE IN TRANSPORT,LEBANON PKE & ANDREW JACKSON PKWY,HERMITAGE,TN,37076,9537,HERMIT,36.2151,-86.5962,POINT (-86.5962 36.2151)
20190472094,06/21/2019 06:00:00 PM,2,0,0,,Y,320580,5,SIDESWIPE - SAME DIRECTION,21,CLEAR,1,DAYLIGHT,12,MOTOR VEHICLE IN TRANSPORT,LEBANON PKE & LISA LN,NASHVILLE,TN,37210,9025,HERMIT,36.1594,-86.704,POINT (-86.704 36.1594)
20190243901,03/29/2019 01:42:00 PM,1,0,0,Y,N,571313,0,NOT COLLISION W/MOTOR VEHICLE-TRANSPORT,21,CLEAR,1,DAYLIGHT,43,OTHER FIXED OBJECTS,NOLENSVILLE PKE & WELSHWOOD DR,NASHVILLE,TN,37211,8501,MIDTOW,36.0826,-86.7273,POINT (-86.7273 36.0826)
20190078006,01/29/2019 10:31:00 PM,2,0,0,,N,166477,5,SIDESWIPE - SAME DIRECTION,21,CLEAR,3,DARK - LIGHTED,12,MOTOR VEHICLE IN TRANSPORT,HICKORY HIGHLANDS DR & BELL RD,ANTIOCH,TN,37013,8861,SOUTH,36.0607,-86.6401,POINT (-86.6401 36.0607)
20190356681,05/09/2019 03:44:00 PM,2,0,0,,N,330435,11,Front to Rear,21,CLEAR,1,DAYLIGHT,12,MOTOR VEHICLE IN TRANSPORT,ELLINGTON PKWY N EXT RAMP & ELLINGTON PK,NASHVILLE,TN,37207,18982,EAST,36.2046,-86.7497,POINT (-86.7497 36.2046)
20190391819,05/22/2019 05:19:00 PM,2,0,0,,Y,690942,4,ANGLE,21,CLEAR,1,DAYLIGHT,12,MOTOR VEHICLE IN TRANSPORT,8TH AVS & BROADWAY,NASHVILLE,TN,37203,4085,CENTRA,36.1588,-86.782,POINT (-86.782 36.1588)
20190217512,03/20/2019 03:30:00 PM,2,0,0,,N,169425,5,SIDESWIPE - SAME DIRECTION,21,CLEAR,1,DAYLIGHT,12,MOTOR VEHICLE IN TRANSPORT,WEST END AV & 21ST AVN,NASHVILLE,TN,37203,5715,MIDTOW,36.1503,-86.8016,POINT (-86.8016 36.1503)
20190269647,04/08/2019 09:30:00 AM,2,0,0,,N,224955,5,SIDESWIPE - SAME DIRECTION,2,RAIN,1,DAYLIGHT,12,MOTOR VEHICLE IN TRANSPORT,MM 212 0 I 40,NASHVILLE,TN,37210,90041,HERMIT,36.147,-86.7433,POINT (-86.7433 36.147)
20190079454,01/30/2019 08:30:00 AM,2,0,0,,N,665896,11,Front to Rear,21,CLEAR,1,DAYLIGHT,12,MOTOR VEHICLE IN TRANSPORT,MCCLURKAN AV & CHESTER AV,NASHVILLE,TN,37206,1883,EAST,36.1952,-86.7438,POINT (-86.7438 36.1952)
20190317356,04/24/2019 08:03:00 PM,2,0,0,,Y,330443,6,SIDESWIPE - OPPOSITE DIRECTION,21,CLEAR,3,DARK - LIGHTED,12,MOTOR VEHICLE IN TRANSPORT,ANTIOCH PKE & RICHARDS RD,ANTIOCH,TN,37013,8899,SOUTH,36.0692,-86.6838,POINT (-86.6838 36.0692)
20190106943,02/08/2019 09:12:00 PM,2,0,0,,N,240985,5,SIDESWIPE - SAME DIRECTION,21,CLEAR,2,DARK - NOT LIGHTED,12,MOTOR VEHICLE IN TRANSPORT,MM 74 5 I 65,NASHVILLE,TN,37220,71040,MIDTOW,36.0503,-86.7756,POINT (-86.7756 36.0503)
20190316928,04/24/2019 04:45:00 PM,2,0,0,,N,807326,5,SIDESWIPE - SAME DIRECTION,21,CLEAR,1,DAYLIGHT,12,MOTOR VEHICLE IN TRANSPORT,8TH AVS & DEMONBREUN ST,NASHVILLE,TN,37203,4041,CENTRA,36.1569,-86.7808,POINT (-86.7808 36.1569)
20190410700,05/29/2019 04:34:00 PM,3,1,0,,N,256379,11,Front to Rear,21,CLEAR,1,DAYLIGHT,12,MOTOR VEHICLE IN TRANSPORT,MM 54 3 I 24,NASHVILLE,TN,37211,84020,SOUTH,36.1034,-86.7148,POINT (-86.7148 36.1034)
20190285124,04/13/2019 11:14:00 PM,1,1,0,,N,256377,0,NOT COLLISION W/MOTOR VEHICLE-TRANSPORT,2,RAIN,3,DARK - LIGHTED,36,CONCRETE TRAFFIC BARRIER,MM 215 9 I 40,NASHVILLE,TN,37217,89020,HERMIT,36.1421,-86.6786,POINT (-86.6786 36.1421)
20190145054,02/22/2019 12:25:00 PM,2,0,0,,N,320575,5,SIDESWIPE - SAME DIRECTION,2,RAIN,1,DAYLIGHT,12,MOTOR VEHICLE IN TRANSPORT,BELL RD & MURFREESBORO PKE,ANTIOCH,TN,37013,8865,SOUTH,36.0719,-86.6362,POINT (-86.6362 36.0719)
20190062741,01/24/2019 01:07:00 PM,2,0,0,,N,267831,5,SIDESWIPE - SAME DIRECTION,21,CLEAR,1,DAYLIGHT,12,MOTOR VEHICLE IN TRANSPORT,HILLSBORO CIR & BANDYWOOD DR,NASHVILLE,TN,37215,6111,WEST,36.1039,-86.8196,POINT (-86.8196 36.1039)
20190306513,04/21/2019 12:35:00 PM,3,0,0,,Y,320601,11,Front to Rear,21,CLEAR,1,DAYLIGHT,12,MOTOR VEHICLE IN TRANSPORT,NOLENSVILLE PKE & MILL CREEK WHITTEMORE,ANTIOCH,TN,37013,8757,SOUTH,36.04,-86.7128,POINT (-86.7128 36.04)
20190100309,02/06/2019 01:02:00 PM,2,0,0,,N,226136,4,ANGLE,2,RAIN,1,DAYLIGHT,12,MOTOR VEHICLE IN TRANSPORT,21ST AVS & ASHWOOD AV,NASHVILLE,TN,37212,6605,MIDTOW,36.129,-86.8028,POINT (-86.8028 36.129)
20190510897,07/07/2019 07:34:00 PM,2,0,0,,N,298867,11,Front to Rear,2,RAIN,1,DAYLIGHT,12,MOTOR VEHICLE IN TRANSPORT,MM 47 4 I 24,NASHVILLE,TN,37207,1904,CENTRA,36.1827,-86.7752,POINT (-86.7752 36.1827)
20190213616,03/19/2019 12:26:00 PM,2,2,0,,N,226136,4,ANGLE,21,CLEAR,1,DAYLIGHT,12,MOTOR VEHICLE IN TRANSPORT,HARDING PL & TROUSDALE DR,NASHVILLE,TN,37220,8601,MIDTOW,36.0811,-86.7584,POINT (-86.7584 36.0811)
20190563580,07/29/2019 07:20:00 AM,2,0,0,,Y,405427,11,Front to Rear,21,CLEAR,1,DAYLIGHT,12,MOTOR VEHICLE IN TRANSPORT,JAMES ROBERTSON PKWY & 7TH AVN,NASHVILLE,TN,37219,4203,CENTRA,36.1679,-86.7863,POINT (-86.7863 36.1679)
20190260025,04/04/2019 01:00:00 PM,2,0,0,,Y,330427,5,SIDESWIPE - SAME DIRECTION,21,CLEAR,1,DAYLIGHT,12,MOTOR VEHICLE IN TRANSPORT,MM 210 0 I 40,NASHVILLE,TN,37203,8002,MIDTOW,36.1484,-86.7771,POINT (-86.7771 36.1484)
20190543877,07/21/2019 03:10:00 AM,2,0,0,,N,110097,4,ANGLE,22,CLOUDY,3,DARK - LIGHTED,12,MOTOR VEHICLE IN TRANSPORT,MURFREESBORO PKE & RURAL HILL RD,ANTIOCH,TN,37013,8861,SOUTH,36.0745,-86.6387,POINT (-86.6387 36.0745)
20190207099,03/16/2019 11:00:00 PM,2,0,0,,Y,330422,4,ANGLE,21,CLEAR,3,DARK - LIGHTED,14,PARKED MOTOR VEHICLE,HARRISON ST & SANFORD AV,NASHVILLE,TN,37211,8431,SOUTH,36.0984,-86.7365,POINT (-86.7365 36.0984)
20190083489,01/31/2019 01:06:00 PM,2,0,0,,Y,226673,98,OTHER,21,CLEAR,1,DAYLIGHT,12,MOTOR VEHICLE IN TRANSPORT,BROADWAY & 4TH AVN,NASHVILLE,TN,37203,4091,CENTRA,36.161,-86.7772,POINT (-86.7772 36.161)
20190355734,05/09/2019 07:38:00 AM,2,0,0,,N,166477,5,SIDESWIPE - SAME DIRECTION,21,CLEAR,1,DAYLIGHT,12,MOTOR VEHICLE IN TRANSPORT,MM 53 7 I 24,NASHVILLE,TN,37211,88122,SOUTH,36.1097,-86.7216,POINT (-86.7216 36.1097)
20190356390,05/09/2019 01:30:00 PM,2,0,0,,Y,352204,5,SIDESWIPE - SAME DIRECTION,22,CLOUDY,1,DAYLIGHT,12;36,MOTOR VEHICLE IN TRANSPORT;CONCRETE TRAFFIC BARRIER,MM 78 2 I 65,NASHVILLE,TN,37204,7002,MIDTOW,36.0883,-86.763,POINT (-86.763 36.0883)
20190256367,04/03/2019 07:44:00 AM,2,0,0,,N,330431,11,Front to Rear,21,CLEAR,1,DAYLIGHT,12,MOTOR VEHICLE IN TRANSPORT,FOREST VIEW DR & KOTHE WAY,ANTIOCH,TN,37013,8979,SOUTH,36.0683,-86.6299,POINT (-86.6299 36.0683)
20190245314,03/30/2019 01:00:00 AM,2,0,0,,Y,279213,4,ANGLE,21,CLEAR,3,DARK - LIGHTED,12,MOTOR VEHICLE IN TRANSPORT,BRICK CHURCH PKE & OLD HICKORY BLVD,WHITES CREEK,TN,37189,2015,MADISO,36.2796,-86.7836,POINT (-86.7836 36.2796)
20190102352,02/07/2019 06:10:00 AM,2,0,0,,Y,320586,5,SIDESWIPE - SAME DIRECTION,22,CLOUDY,1,DAYLIGHT,12,MOTOR VEHICLE IN TRANSPORT,MM 59 3 I 24,ANTIOCH,TN,37013,87061,SOUTH,36.0459,-86.6601,POINT (-86.6601 36.0459)
20190251796,04/01/2019 07:40:00 PM,3,3,0,,N,256383,11,Front to Rear,21,CLEAR,3,DARK - LIGHTED,12,MOTOR VEHICLE IN TRANSPORT,MURFREESBORO PKE & BELL RD,ANTIOCH,TN,37013,8865,SOUTH,36.072,-86.636,POINT (-86.636 36.072)
20190429670,06/05/2019 08:59:00 PM,2,1,0,,Y,352212,11,Front to Rear,21,CLEAR,3,DARK - LIGHTED,12,MOTOR VEHICLE IN TRANSPORT,LEBANON PKE & OLD HICKORY BLVD,HERMITAGE,TN,37076,9613,HERMIT,36.1756,-86.6154,POINT (-86.6154 36.1756)
20190028323,01/11/2019 04:13:00 PM,2,0,0,,N,212343,4,ANGLE,21,CLEAR,5,DUSK,12,MOTOR VEHICLE IN TRANSPORT,SPRING ST & COWAN ST,NASHVILLE,TN,37207,1955,CENTRA,36.1769,-86.7762,POINT (-86.7762 36.1769)
20190444348,06/11/2019 03:48:00 PM,2,1,0,,Y,137872,4,ANGLE,21,CLEAR,1,DAYLIGHT,12;14;17,MOTOR VEHICLE IN TRANSPORT;PARKED MOTOR VEHICLE;BOULDER,LONGHUNTER CT & LONGHUNTER LN,NASHVILLE,TN,37217,8935,HERMIT,36.0925,-86.642,POINT (-86.642 36.0925)
20190412965,05/30/2019 12:19:00 PM,2,0,0,,N,226622,0,NOT COLLISION W/MOTOR VEHICLE-TRANSPORT,22,CLOUDY,1,DAYLIGHT,18,OTHER OBJECT (NOT FIXED),HIGHWAY 70S & HARPETH VALLEY RD,NASHVILLE,TN,37221,4713,WEST,36.0823,-86.9605,POINT (-86.9605 36.0823)
20190267154,04/07/2019 07:20:00 AM,3,0,0,,Y,311331,4,ANGLE,22,CLOUDY,1,DAYLIGHT,14;55,PARKED MOTOR VEHICLE;Motor Vehicle-In-Motion Outside Trafficw,SUMMER PL & S 5TH ST,NASHVILLE,TN,37206,1013,EAST,36.1655,-86.7601,POINT (-86.7601 36.1655)
20190396880,05/24/2019 08:32:00 AM,2,1,0,,N,812949,6,SIDESWIPE - OPPOSITE DIRECTION,21,CLEAR,1,DAYLIGHT,12,MOTOR VEHICLE IN TRANSPORT,WHITES CREEK PKE & MOORMANS ARM RD,NASHVILLE,TN,37207,3033,NORTH,36.2182,-86.8035,POINT (-86.8035 36.2182)
20190193597,03/12/2019 08:45:00 AM,2,0,0,,N,676834,11,Front to Rear,21,CLEAR,1,DAYLIGHT,12,MOTOR VEHICLE IN TRANSPORT,FARMVIEW DR & BOYD DR,NASHVILLE,TN,37218,3107,NORTH,36.2251,-86.8266,POINT (-86.8266 36.2251)
20190563237,07/29/2019 03:00:00 AM,1,0,0,,N,320584,0,NOT COLLISION W/MOTOR VEHICLE-TRANSPORT,21,CLEAR,3,DARK - LIGHTED,41,SHRUBBERY,HAYWOOD LN & HOPEDALE DR,NASHVILLE,TN,37211,8711,SOUTH,36.0688,-86.7175,POINT (-86.7175 36.0688)
20190414253,05/30/2019 06:59:00 PM,2,1,0,,Y,279211,4,ANGLE,22,CLOUDY,1,DAYLIGHT,12,MOTOR VEHICLE IN TRANSPORT,MULBERRY DOWNS CIR & MULBERRY WAY,NASHVILLE,TN,37207,2027,MADISO,36.2518,-86.7657,POINT (-86.7657 36.2518)
20190417608,05/31/2019 11:10:00 PM,2,0,0,,N,311338,11,Front to Rear,22,CLOUDY,3,DARK - LIGHTED,12,MOTOR VEHICLE IN TRANSPORT,17TH AVN & CHARLOTTE AV,NASHVILLE,TN,37203,5503,MIDTOW,36.1588,-86.7982,POINT (-86.7982 36.1588)
20190531951,07/16/2019 03:14:00 PM,2,0,0,,Y,565785,5,SIDESWIPE - SAME DIRECTION,21,CLEAR,1,DAYLIGHT,12,MOTOR VEHICLE IN TRANSPORT,POWELL AV & POWELL PL,NASHVILLE,TN,37204,8527,MIDTOW,36.1065,-86.7646,POINT (-86.7646 36.1065)
20190027450,01/11/2019 10:22:00 AM,2,0,0,,N,226622,11,Front to Rear,22,CLOUDY,1,DAYLIGHT,12,MOTOR VEHICLE IN TRANSPORT,I40 W EXT RAMP & I 40,NASHVILLE,TN,37203,4119,CENTRA,36.1574,-86.79,POINT (-86.79 36.1574)
20190086187,02/01/2019 10:34:00 AM,2,0,0,,N,109534,11,Front to Rear,22,CLOUDY,1,DAYLIGHT,12,MOTOR VEHICLE IN TRANSPORT,OLD HICKORY BLVD & ANDREW JACKSON PKWY,HERMITAGE,TN,37076,9561,HERMIT,36.1836,-86.6107,POINT (-86.6107 36.1836)
20190049593,01/19/2019 02:02:00 PM,3,0,0,,N,256505,4,ANGLE,2,RAIN,1,DAYLIGHT,12,MOTOR VEHICLE IN TRANSPORT,21ST AVS & BEECHWOOD AV,NASHVILLE,TN,37212,6509,MIDTOW,36.1268,-86.8042,POINT (-86.8042 36.1268)
20190234960,03/26/2019 03:24:00 PM,2,0,0,,Y,267831,11,Front to Rear,21,CLEAR,1,DAYLIGHT,12,MOTOR VEHICLE IN TRANSPORT,SAWYER BROWN RD & HIGHWAY 70S,NASHVILLE,TN,37221,4811,WEST,36.0768,-86.9453,POINT (-86.9453 36.0768)
20190510574,07/07/2019 03:40:00 PM,3,0,0,,Y,197054,4,ANGLE,22,CLOUDY,1,DAYLIGHT,14;55,PARKED MOTOR VEHICLE;Motor Vehicle-In-Motion Outside Trafficw,MURFREESBORO PKE & PLUS PARK BLVD,NASHVILLE,TN,37217,8815,HERMIT,36.1337,-86.722,POINT (-86.722 36.1337)
20190073974,01/28/2019 06:11:00 PM,2,2,0,,N,279124,11,Front to Rear,21,CLEAR,3,DARK - LIGHTED,12,MOTOR VEHICLE IN TRANSPORT,HARDING PL & DONELSON PKE,NASHVILLE,TN,37217,8841,SOUTH,36.0928,-86.6789,POINT (-86.6789 36.0928)
20190342806,05/04/2019 10:50:00 AM,2,2,0,,N,140790,11,Front to Rear,22,CLOUDY,1,DAYLIGHT,12,MOTOR VEHICLE IN TRANSPORT,SHUTE LN & CHASE BLVD,OLD HICKORY,TN,37138,9717,HERMIT,36.2256,-86.6033,POINT (-86.6033 36.2256)
20190285215,04/14/2019 12:08:00 AM,2,0,0,,N,309263,11,Front to Rear,2,RAIN,3,DARK - LIGHTED,12,MOTOR VEHICLE IN TRANSPORT,HOLLY ST & S 14TH ST,NASHVILLE,TN,37206,1219,EAST,36.1758,-86.746,POINT (-86.746 36.1758)
20190091375,02/03/2019 02:55:00 PM,2,0,0,,N,212344,4,ANGLE,21,CLEAR,1,DAYLIGHT,12,MOTOR VEHICLE IN TRANSPORT,WOODLAND ST & S 9TH ST,NASHVILLE,TN,37206,1119,EAST,36.1749,-86.7569,POINT (-86.7569 36.1749)
20190478031,06/24/2019 06:30:00 PM,2,0,0,,N,330443,11,Front to Rear,21,CLEAR,1,DAYLIGHT,12,MOTOR VEHICLE IN TRANSPORT,DOUGLAS ST & OLD HICKORY BLVDW,MADISON,TN,37115,1771,MADISO,36.2631,-86.7147,POINT (-86.7147 36.2631)
20190571411,08/01/2019 07:36:00 AM,2,0,0,,N,352178,11,Front to Rear,21,CLEAR,1,DAYLIGHT,12,MOTOR VEHICLE IN TRANSPORT,MM 86 6 I 65,NASHVILLE,TN,37207,3002,NORTH,36.1959,-86.7761,POINT (-86.7761 36.1959)
20190183774,03/08/2019 09:00:00 AM,2,0,0,,Y,665896,4,ANGLE,22,CLOUDY,1,DAYLIGHT,12,MOTOR VEHICLE IN TRANSPORT,GRACE ST & JOSEPH AV,NASHVILLE,TN,37207,1963,EAST,36.183,-86.7722,POINT (-86.7722 36.183)
20190128328,02/16/2019 05:25:00 PM,3,0,0,,Y,256427,11,Front to Rear,21,CLEAR,3,DARK - LIGHTED,12,MOTOR VEHICLE IN TRANSPORT,MM 211 1 I 40,NASHVILLE,TN,37210,8008,HERMIT,36.1539,-86.7571,POINT (-86.7571 36.1539)
20190014346,01/06/2019 06:00:00 PM,2,1,0,,N,161939,4,ANGLE,21,CLEAR,3,DARK - LIGHTED,12,MOTOR VEHICLE IN TRANSPORT,BELL RD & HICKORY HOLLOW LN,ANTIOCH,TN,37013,8863,SOUTH,36.0492,-86.6517,POINT (-86.6517 36.0492)
20190224596,03/22/2019 08:20:00 PM,2,2,0,,N,311328,3,REAR-TO-REAR,21,CLEAR,3,DARK - LIGHTED,12,MOTOR VEHICLE IN TRANSPORT,2ND AVS & MOLLOY ST,NASHVILLE,TN,37201,4051,CENTRA,36.1591,-86.7734,POINT (-86.7734 36.1591)
20190105078,02/08/2019 06:35:00 AM,2,2,0,,N,299264,4,ANGLE,21,CLEAR,1,DAYLIGHT,12,MOTOR VEHICLE IN TRANSPORT,NOLENSVILLE PKE & HARDING PL,NASHVILLE,TN,37211,8501,MIDTOW,36.0807,-86.7267,POINT (-86.7267 36.0807)
20190439723,06/10/2019 12:00:00 AM,1,1,0,,Y,240981,0,NOT COLLISION W/MOTOR VEHICLE-TRANSPORT,21,CLEAR,3,DARK - LIGHTED,30,UTILITY POLE,NORVEL AV & OXFORD ST,NASHVILLE,TN,37216,1445,EAST,36.2154,-86.7236,POINT (-86.7236 36.2154)
20190091224,02/03/2019 12:46:00 PM,2,1,0,,N,755026,4,ANGLE,21,CLEAR,1,DAYLIGHT,12,MOTOR VEHICLE IN TRANSPORT,BELL RD & BLUE HOLE RD,ANTIOCH,TN,37013,8719,SOUTH,36.0458,-86.6744,POINT (-86.6744 36.0458)
20190391282,05/22/2019 01:17:00 PM,2,0,0,,N,834798,11,Front to Rear,21,CLEAR,1,DAYLIGHT,12,MOTOR VEHICLE IN TRANSPORT,MM 3 1 I 440,NASHVILLE,TN,37215,6424,MIDTOW,36.1182,-86.8009,POINT (-86.8009 36.1182)
20190581007,08/05/2019 08:10:00 AM,2,0,0,,Y,222047,4,ANGLE,21,CLEAR,1,DAYLIGHT,14,PARKED MOTOR VEHICLE,OLD MURFREESBORO PKE & MURFREESBORO PKE,NASHVILLE,TN,37217,8935,HERMIT,36.0953,-86.6537,POINT (-86.6537 36.0953)
20190194268,03/12/2019 01:00:00 PM,2,0,0,,N,226622,11,Front to Rear,21,CLEAR,1,DAYLIGHT,12,MOTOR VEHICLE IN TRANSPORT,OLD HICKORY BLVD & HILLSBORO PKE,BRENTWOOD,TN,37027,6301,MIDTOW,36.0473,-86.8627,POINT (-86.8627 36.0473)
20190221346,03/21/2019 07:35:00 PM,2,0,0,,N,330443,5,SIDESWIPE - SAME DIRECTION,21,CLEAR,2,DARK - NOT LIGHTED,12,MOTOR VEHICLE IN TRANSPORT,DABBS AV & LAURINDA DR,NASHVILLE,TN,37217,8887,HERMIT,36.1424,-86.7042,POINT (-86.7042 36.1424)
20190288675,04/15/2019 11:15:00 AM,1,0,0,Y,Y,716886,0,NOT COLLISION W/MOTOR VEHICLE-TRANSPORT,21,CLEAR,1,DAYLIGHT,40,MAIL BOX,FOREST VIEW DR & KOTHE WAY,ANTIOCH,TN,37013,8979,SOUTH,36.0683,-86.6299,POINT (-86.6299 36.0683)
20190460108,06/17/2019 12:00:00 AM,3,0,0,,Y,298877,11,Front to Rear,21,CLEAR,1,DAYLIGHT,12,MOTOR VEHICLE IN TRANSPORT,I24E & I24 W EXT RAMP,NASHVILLE,TN,37210,8102,SOUTH,36.1336,-86.7269,POINT (-86.7269 36.1336)
20190151619,02/25/2019 06:45:00 AM,3,1,0,,N,405391,11,Front to Rear,21,CLEAR,1,DAYLIGHT,12,MOTOR VEHICLE IN TRANSPORT,MM 194 7 I 40,NASHVILLE,TN,37221,4704,WEST,36.076,-86.9817,POINT (-86.9817 36.076)
20190224296,03/22/2019 06:02:00 PM,3,2,0,,N,256448,4,ANGLE,21,CLEAR,1,DAYLIGHT,12;16;33,MOTOR VEHICLE IN TRANSPORT;THROWN OR FALLING OBJECT;CURB,MCGAVOCK PKE & MUSIC VALLEY DR,NASHVILLE,TN,37214,9213,HERMIT,36.217,-86.6951,POINT (-86.6951 36.217)
20190104098,02/07/2019 08:44:00 PM,2,0,0,,N,256422,4,ANGLE,2,RAIN,3,DARK - LIGHTED,12,MOTOR VEHICLE IN TRANSPORT,GARFIELD ST & 9TH AVN,NASHVILLE,TN,37208,4347,NORTH,36.179,-86.7992,POINT (-86.7992 36.179)
20190416305,05/31/2019 01:57:00 PM,3,0,0,,N,690942,11,Front to Rear,21,CLEAR,1,DAYLIGHT,12,MOTOR VEHICLE IN TRANSPORT,8TH AVS & BROADWAY,NASHVILLE,TN,37203,4085,CENTRA,36.1588,-86.782,POINT (-86.782 36.1588)
20190145659,02/22/2019 05:21:00 PM,1,0,0,,N,256389,0,NOT COLLISION W/MOTOR VEHICLE-TRANSPORT,2,RAIN,3,DARK - LIGHTED,32;63,CULVERT;Ran Off Road-Right,OLD HICKORY BLVD & AGINCOURT WAY,NASHVILLE,TN,37215,6305,MIDTOW,36.0426,-86.8271,POINT (-86.8271 36.0426)