Accident Number,Date and Time,Number of Motor Vehicles,Number of Injuries,Number of Fatalities,Property Damage,Hit and Run,Reporting Officer,Collision Type Code,Collision Type Description,Weather Code,Weather Description,Illumination Code,Illumination Description,Harmful Code,Harmful Code Description,Street Address,City,State,ZIP,RPA,Precinct,Latitude,Longitude,Mapped Location
20190325893,04/28/2019 02:14:00 AM,2,1,0,,N,109522,4,ANGLE,21,CLEAR,3,DARK - LIGHTED,12,MOTOR VEHICLE IN TRANSPORT,WHITE BRIDGE PKE & CHARLOTTE PKE,NASHVILLE,TN,37209,5033,WEST,36.1494,-86.8579,POINT (-86.8579 36.1494)
20190149909,02/24/2019 12:16:00 PM,2,0,0,,Y,405391,4,ANGLE,21,CLEAR,1,DAYLIGHT,14,PARKED MOTOR VEHICLE,RIVER RD & RIVER RD PVTDR,NASHVILLE,TN,37209,4701,WEST,36.1301,-86.9135,POINT (-86.9135 36.1301)
20190100866,02/06/2019 05:24:00 PM,1,0,0,,N,256380,0,NOT COLLISION W/MOTOR VEHICLE-TRANSPORT,2,RAIN,3,DARK - LIGHTED,1,,BRILEY PKWY S EXT RAMP & BRILEY PKWYS,NASHVILLE,TN,37214,9209,HERMIT,36.1924,-86.6874,POINT (-86.6874 36.1924)
20190109889,02/10/2019 05:33:00 AM,2,0,0,,Y,298864,4,ANGLE,2,RAIN,3,DARK - LIGHTED,14,PARKED MOTOR VEHICLE,700 DUE WEST AVN,MADISON,TN,37115,2017,MADISO,36.2506,-86.7425,POINT (-86.7425 36.2506)
20190099354,02/06/2019 06:45:00 AM,2,0,0,,N,226306,11,Front to Rear,22,CLOUDY,98,OTHER,12,MOTOR VEHICLE IN TRANSPORT,MM 192 8 I 40,NASHVILLE,TN,37221,4804,WEST,36.077,-87.0154,POINT (-87.0154 36.077)
20190117021,02/12/2019 07:40:00 PM,1,1,0,,N,279124,0,NOT COLLISION W/MOTOR VEHICLE-TRANSPORT,21,CLEAR,2,DARK - NOT LIGHTED,36;61,CONCRETE TRAFFIC BARRIER;Equip Failure,MM 62 0 I 24,ANTIOCH,TN,37013,87040,SOUTH,36.0208,-86.6278,POINT (-86.6278 36.0208)
20190522074,07/12/2019 10:15:00 AM,2,0,0,,N,140808,11,Front to Rear,21,CLEAR,1,DAYLIGHT,12,MOTOR VEHICLE IN TRANSPORT,STERLING OAKS DR & STERLING OAKS CV,BRENTWOOD,TN,37027,8621,MIDTOW,36.0317,-86.7473,POINT (-86.7473 36.0317)
20190283467,04/13/2019 05:10:00 AM,1,0,0,,N,279216,0,NOT COLLISION W/MOTOR VEHICLE-TRANSPORT,2,RAIN,3,DARK - LIGHTED,24,GUARDRAIL FACE,MM 86 4 I 65,NASHVILLE,TN,37207,19060,EAST,36.1937,-86.7758,POINT (-86.7758 36.1937)
20190156696,02/26/2019 08:13:00 PM,4,2,0,,N,206675,11,Front to Rear,21,CLEAR,3,DARK - LIGHTED,12,MOTOR VEHICLE IN TRANSPORT,MM 1 5 I 440,NASHVILLE,TN,37212,5908,MIDTOW,36.1357,-86.8206,POINT (-86.8206 36.1357)
20190105833,02/08/2019 12:29:00 PM,2,2,0,Y,N,676834,2,HEAD-ON,21,CLEAR,1,DAYLIGHT,12;19,MOTOR VEHICLE IN TRANSPORT;BUILDING,CLARKSVILLE PKE & 23RD AVN,NASHVILLE,TN,37208,4485,NORTH,36.1841,-86.8144,POINT (-86.8144 36.1841)
20190433729,06/07/2019 08:49:00 AM,2,0,0,,Y,191578,4,ANGLE,2,RAIN,1,DAYLIGHT,12,MOTOR VEHICLE IN TRANSPORT,I40 W ENT RAMP & DONELSON PKE,NASHVILLE,TN,37214,9103,HERMIT,36.1423,-86.6667,POINT (-86.6667 36.1423)
20190111011,02/10/2019 08:58:00 PM,2,0,0,,N,109536,5,SIDESWIPE - SAME DIRECTION,2,RAIN,3,DARK - LIGHTED,12,MOTOR VEHICLE IN TRANSPORT,GALLATIN PKEN & RIVERGATE PKWY,MADISON,TN,37115,1731,MADISO,36.2973,-86.6988,POINT (-86.6988 36.2973)
20190565943,07/30/2019 06:17:00 AM,1,1,0,,N,311799,0,NOT COLLISION W/MOTOR VEHICLE-TRANSPORT,22,CLOUDY,1,DAYLIGHT,1,,BRILEY PKWYE & I24 W EXT RAMP,NASHVILLE,TN,37207,2003,MADISO,36.2381,-86.783,POINT (-86.783 36.2381)
20190547611,07/22/2019 07:32:00 PM,2,0,0,,N,151132,5,SIDESWIPE - SAME DIRECTION,22,CLOUDY,5,DUSK,12,MOTOR VEHICLE IN TRANSPORT,NEELYS BEND RD & COGGIN PASS,MADISON,TN,37115,1633,MADISO,36.2437,-86.6776,POINT (-86.6776 36.2437)
20190171805,03/04/2019 03:24:00 PM,2,0,0,,N,267831,11,Front to Rear,21,CLEAR,1,DAYLIGHT,12,MOTOR VEHICLE IN TRANSPORT,HIGHWAY 100 & WILLOUGHBY WAY,NASHVILLE,TN,37221,4807,WEST,36.059,-86.9202,POINT (-86.9202 36.059)
20190539701,07/19/2019 11:30:00 AM,1,1,0,,N,420035,0,NOT COLLISION W/MOTOR VEHICLE-TRANSPORT,21,CLEAR,1,DAYLIGHT,8,PEDESTRIAN,OLD TIME VILLAGE PVTDR & OLD HICKORY BLV,MADISON,TN,37115,1763,MADISO,36.264,-86.7136,POINT (-86.7136 36.264)
20190391603,05/22/2019 12:00:00 AM,2,0,0,,Y,256427,5,SIDESWIPE - SAME DIRECTION,21,CLEAR,1,DAYLIGHT,12,MOTOR VEHICLE IN TRANSPORT,MM 212 1 I 40,NASHVILLE,TN,37210,90041,HERMIT,36.1463,-86.7422,POINT (-86.7422 36.1463)
20190371367,05/15/2019 08:07:00 AM,2,0,0,,N,591936,4,ANGLE,22,CLOUDY,1,DAYLIGHT,12,MOTOR VEHICLE IN TRANSPORT,WOODMONT BLVD & GENERAL BATE DR,NASHVILLE,TN,37204,7009,MIDTOW,36.1105,-86.7837,POINT (-86.7837 36.1105)
20190275462,04/10/2019 10:03:00 AM,2,1,0,,N,902543,2,HEAD-ON,21,CLEAR,1,DAYLIGHT,12,MOTOR VEHICLE IN TRANSPORT,S 5TH ST & WOODLAND ST,NASHVILLE,TN,37206,1109,EAST,36.1718,-86.7648,POINT (-86.7648 36.1718)
20190502236,07/03/2019 03:38:00 PM,2,0,0,,N,197435,4,ANGLE,2,RAIN,1,DAYLIGHT,12,MOTOR VEHICLE IN TRANSPORT,E TRINITY LN & DOCTOR RICHARD G ADAMS DR,NASHVILLE,TN,37207,1853,EAST,36.2045,-86.7475,POINT (-86.7475 36.2045)
20190004465,01/02/2019 05:35:00 PM,3,1,0,,N,714641,11,Front to Rear,2,RAIN,3,DARK - LIGHTED,12,MOTOR VEHICLE IN TRANSPORT,SHELBY AV & I24 E EXT RAMP,NASHVILLE,TN,37213,1007,CENTRA,36.1664,-86.7654,POINT (-86.7654 36.1664)
20190400030,05/25/2019 10:22:00 AM,2,0,0,,N,212325,11,Front to Rear,21,CLEAR,1,DAYLIGHT,12,MOTOR VEHICLE IN TRANSPORT,GALLATIN PKES & DUE WEST AVW,MADISON,TN,37115,1519,MADISO,36.2475,-86.7207,POINT (-86.7207 36.2475)
20190197856,03/13/2019 03:43:00 PM,2,0,0,,N,429193,4,ANGLE,21,CLEAR,1,DAYLIGHT,12,MOTOR VEHICLE IN TRANSPORT,HILLWOOD BLVD & FORESTWOOD DR,NASHVILLE,TN,37209,5021,WEST,36.134,-86.8727,POINT (-86.8727 36.134)
20190461428,06/18/2019 05:49:00 AM,2,1,0,,N,299254,11,Front to Rear,2,RAIN,1,DAYLIGHT,12;36;7,MOTOR VEHICLE IN TRANSPORT;CONCRETE TRAFFIC BARRIER,MM 56 0 I 24,NASHVILLE,TN,37211,8708,SOUTH,36.0818,-86.6975,POINT (-86.6975 36.0818)
20190304103,04/20/2019 09:05:00 AM,2,0,0,,N,462501,4,ANGLE,2,RAIN,1,DAYLIGHT,12,MOTOR VEHICLE IN TRANSPORT,ELM ST & 3RD AVS,NASHVILLE,TN,37210,4005,CENTRA,36.1537,-86.7712,POINT (-86.7712 36.1537)
20190503299,07/04/2019 01:53:00 AM,2,0,0,,N,110094,4,ANGLE,21,CLEAR,3,DARK - LIGHTED,12;14,MOTOR VEHICLE IN TRANSPORT;PARKED MOTOR VEHICLE,3RD AVN & BROADWAY,NASHVILLE,TN,37201,4105,CENTRA,36.1621,-86.7764,POINT (-86.7764 36.1621)
20190112059,02/11/2019 07:00:00 AM,2,0,0,,N,716877,11,Front to Rear,22,CLOUDY,4,DAWN,12,MOTOR VEHICLE IN TRANSPORT,BELL RD & EAGLE VIEW BLVD,ANTIOCH,TN,37013,8865,SOUTH,36.0522,-86.6449,POINT (-86.6449 36.0522)
20190422119,06/03/2019 07:00:00 AM,2,0,0,,N,676834,11,Front to Rear,21,CLEAR,1,DAYLIGHT,12,MOTOR VEHICLE IN TRANSPORT,MM 207 7 I 40,NASHVILLE,TN,37208,54021,NORTH,36.1729,-86.8012,POINT (-86.8012 36.1729)
20190552407,07/24/2019 12:02:00 PM,2,1,0,,N,225773,11,Front to Rear,21,CLEAR,1,DAYLIGHT,12,MOTOR VEHICLE IN TRANSPORT,8TH AVS & EAST ARGYLE AV,NASHVILLE,TN,37203,6901,MIDTOW,36.1347,-86.7791,POINT (-86.7791 36.1347)
20190011188,01/05/2019 03:31:00 AM,1,1,0,,N,879558,0,NOT COLLISION W/MOTOR VEHICLE-TRANSPORT,21,CLEAR,3,DARK - LIGHTED,39,WALL,BRILEY PKWYE & BRILEY PKWYW,NASHVILLE,TN,37207,20120,MADISO,36.2396,-86.7751,POINT (-86.7751 36.2396)
20190581552,08/05/2019 12:00:00 PM,2,0,0,,Y,405427,9,UNKNOWN,21,CLEAR,1,DAYLIGHT,12,MOTOR VEHICLE IN TRANSPORT,1ST AVN & GAY ST,NASHVILLE,TN,37201,4211,CENTRA,36.1701,-86.7789,POINT (-86.7789 36.1701)
20190038643,01/15/2019 05:20:00 PM,4,0,0,,N,330414,11,Front to Rear,21,CLEAR,2,DARK - NOT LIGHTED,12,MOTOR VEHICLE IN TRANSPORT,HILLSBORO PKE & HEMINGWAY DR,NASHVILLE,TN,,6203,WEST,36.0797,-86.8361,POINT (-86.8361 36.0797)
20190396699,05/24/2019 06:48:00 AM,2,1,0,Y,N,109534,2,HEAD-ON,21,CLEAR,1,DAYLIGHT,12;18,MOTOR VEHICLE IN TRANSPORT;OTHER OBJECT (NOT FIXED),ELM HILL PKE & POPLAR ST,NASHVILLE,TN,37210,9015,HERMIT,36.1438,-86.7276,POINT (-86.7276 36.1438)
20190495392,07/01/2019 11:18:00 AM,1,2,0,Y,N,909494,0,NOT COLLISION W/MOTOR VEHICLE-TRANSPORT,21,CLEAR,1,DAYLIGHT,19,BUILDING,DICKERSON PKE & CLEVELAND ST,NASHVILLE,TN,37207,1919,EAST,36.1875,-86.7734,POINT (-86.7734 36.1875)
20190092855,02/04/2019 07:10:00 AM,2,0,0,,N,584947,11,Front to Rear,22,CLOUDY,1,DAYLIGHT,12,MOTOR VEHICLE IN TRANSPORT,OLD HICKORY BLVD & I65 N ENT RAMP,BRENTWOOD,TN,37027,8619,MIDTOW,36.0401,-86.7807,POINT (-86.7807 36.0401)
20190449093,06/13/2019 06:58:00 AM,2,0,0,,Y,352178,4,ANGLE,21,CLEAR,1,DAYLIGHT,12,MOTOR VEHICLE IN TRANSPORT,I440 W ENT RAMP & I 440,NASHVILLE,TN,37210,81021,SOUTH,36.1259,-86.7322,POINT (-86.7322 36.1259)
20190433614,06/07/2019 07:45:00 AM,1,1,0,,N,420035,0,NOT COLLISION W/MOTOR VEHICLE-TRANSPORT,2,RAIN,1,DAYLIGHT,36,CONCRETE TRAFFIC BARRIER,MM 91 3 I 65,MADISON,TN,37115,2006,MADISO,36.2514,-86.7406,POINT (-86.7406 36.2514)
20190261978,04/05/2019 07:24:00 AM,1,1,0,,N,179602,0,NOT COLLISION W/MOTOR VEHICLE-TRANSPORT,2,RAIN,1,DAYLIGHT,50,DEER (ANIMAL),BUENA VISTA PKE & EAST LN,NASHVILLE,TN,37218,3101,NORTH,36.2012,-86.8224,POINT (-86.8224 36.2012)
20190395174,05/23/2019 06:17:00 PM,2,0,0,,N,714641,6,SIDESWIPE - OPPOSITE DIRECTION,21,CLEAR,1,DAYLIGHT,12,MOTOR VEHICLE IN TRANSPORT,MCGAVOCK ST & 9TH AVS,NASHVILLE,TN,37203,4075,CENTRA,36.1576,-86.7822,POINT (-86.7822 36.1576)
20190482624,06/26/2019 09:57:00 AM,3,0,0,,N,206962,4,ANGLE,22,CLOUDY,1,DAYLIGHT,12,MOTOR VEHICLE IN TRANSPORT,STATE RT 45 & RIO VISTA DR,MADISON,TN,37115,1705,MADISO,36.2628,-86.681,POINT (-86.681 36.2628)
20190575496,08/02/2019 05:56:00 PM,2,0,0,,N,320585,9,UNKNOWN,21,CLEAR,1,DAYLIGHT,12,MOTOR VEHICLE IN TRANSPORT,MM 211 6 I 40,NASHVILLE,TN,37210,82042,HERMIT,36.1508,-86.7502,POINT (-86.7502 36.1508)
20190469971,06/21/2019 01:51:00 AM,1,2,0,,N,299254,0,NOT COLLISION W/MOTOR VEHICLE-TRANSPORT,21,CLEAR,3,DARK - LIGHTED,1;24;63,GUARDRAIL FACE;Ran Off Road-Right,MM 53 3 I 24,NASHVILLE,TN,37210,88141,SOUTH,36.1146,-86.7245,POINT (-86.7245 36.1146)
20190223002,03/22/2019 08:56:00 AM,2,0,0,,N,716886,11,Front to Rear,21,CLEAR,1,DAYLIGHT,12,MOTOR VEHICLE IN TRANSPORT,I24 W EXT RAMP & I 24,NASHVILLE,TN,37211,8829,SOUTH,36.1074,-86.7197,POINT (-86.7197 36.1074)
20190136086,02/19/2019 02:56:00 PM,2,1,0,,N,524985,11,Front to Rear,2,RAIN,1,DAYLIGHT,12,MOTOR VEHICLE IN TRANSPORT,BRILEY PKWYN & BRILEY PKWYS,NASHVILLE,TN,37211,8404,SOUTH,36.1092,-86.727,POINT (-86.727 36.1092)
20190390594,05/22/2019 08:20:00 AM,3,1,0,,Y,352172,11,Front to Rear,21,CLEAR,1,DAYLIGHT,12;99,MOTOR VEHICLE IN TRANSPORT;UNKNOWN MOST HARMFUL EVENT,MM 210 1 I 40,NASHVILLE,TN,37203,4006,CENTRA,36.1492,-86.7751,POINT (-86.7751 36.1492)
20190298625,04/18/2019 10:02:00 AM,2,1,0,,N,716886,4,ANGLE,21,CLEAR,1,DAYLIGHT,12,MOTOR VEHICLE IN TRANSPORT,EAST THOMPSON LN & BRILEY PKWYS,NASHVILLE,TN,37211,8337,SOUTH,36.1098,-86.7278,POINT (-86.7278 36.1098)
20190062127,01/24/2019 08:47:00 AM,1,1,0,,N,191578,0,NOT COLLISION W/MOTOR VEHICLE-TRANSPORT,21,CLEAR,1,DAYLIGHT,8,PEDESTRIAN,DONELSON PKE & ROYAL PKWY,NASHVILLE,TN,37214,9411,HERMIT,36.1472,-86.6664,POINT (-86.6664 36.1472)
20190152147,02/25/2019 10:58:00 AM,5,3,0,,N,591936,5,SIDESWIPE - SAME DIRECTION,21,CLEAR,1,DAYLIGHT,12,MOTOR VEHICLE IN TRANSPORT,MM 4 2 I 440,NASHVILLE,TN,37204,7012,MIDTOW,36.116,-86.7861,POINT (-86.7861 36.116)
20190164951,03/01/2019 05:48:00 PM,2,0,0,,N,320599,11,Front to Rear,21,CLEAR,3,DARK - LIGHTED,12,MOTOR VEHICLE IN TRANSPORT,LEBANON PKE & SHUTE LN,HERMITAGE,TN,37076,9535,HERMIT,36.2146,-86.6047,POINT (-86.6047 36.2146)
20190346740,05/06/2019 08:50:00 AM,2,0,0,,N,812949,5,SIDESWIPE - SAME DIRECTION,21,CLEAR,1,DAYLIGHT,12,MOTOR VEHICLE IN TRANSPORT,MM 37 8 I 24,WHITES CREEK,TN,37189,33181,NORTH,36.3095,-86.8254,POINT (-86.8254 36.3095)
20190060075,01/23/2019 04:25:00 PM,2,0,0,,N,267831,11,Front to Rear,2,RAIN,1,DAYLIGHT,12,MOTOR VEHICLE IN TRANSPORT,HARDING PKE & WOODMONT BLVD,NASHVILLE,TN,37205,6021,WEST,36.1253,-86.8472,POINT (-86.8472 36.1253)
20190226374,03/23/2019 01:30:00 PM,2,0,0,,Y,212344,11,Front to Rear,21,CLEAR,1,DAYLIGHT,12,MOTOR VEHICLE IN TRANSPORT,ELLINGTON PKWY N EXT RAMP & ELLINGTON PK,NASHVILLE,TN,37207,18982,EAST,36.2046,-86.7497,POINT (-86.7497 36.2046)
20190203492,03/15/2019 03:05:00 PM,2,0,0,,Y,299253,11,Front to Rear,22,CLOUDY,1,DAYLIGHT,12,MOTOR VEHICLE IN TRANSPORT,BROADMOOR DR & DICKERSON PKE,NASHVILLE,TN,37207,1811,EAST,36.2293,-86.7591,POINT (-86.7591 36.2293)
20190301815,04/19/2019 11:20:00 AM,2,1,0,,N,109534,11,Front to Rear,2,RAIN,1,DAYLIGHT,12,MOTOR VEHICLE IN TRANSPORT,OLD HICKORY BLVD & ANDREW JACKSON PKWY,HERMITAGE,TN,37076,9561,HERMIT,36.1836,-86.6107,POINT (-86.6107 36.1836)
20190264941,04/06/2019 09:18:00 AM,2,0,0,,N,462474,11,Front to Rear,21,CLEAR,1,DAYLIGHT,12,MOTOR VEHICLE IN TRANSPORT,OLD HICKORY BLVD & I65 N EXT RAMP,BRENTWOOD,TN,37027,8623,MIDTOW,36.0399,-86.781,POINT (-86.781 36.0399)
20190398156,05/24/2019 12:00:00 AM,2,0,0,,Y,298877,11,Front to Rear,21,CLEAR,1,DAYLIGHT,14,PARKED MOTOR VEHICLE,REISCHA DR & HOPE HILL CT,NASHVILLE,TN,37211,8441,SOUTH,36.0895,-86.705,POINT (-86.705 36.0895)
20190042808,01/17/2019 01:51:00 AM,1,1,0,,N,212349,0,NOT COLLISION W/MOTOR VEHICLE-TRANSPORT,21,CLEAR,3,DARK - LIGHTED,25,GUARDRAIL END,MM 210 7 I 40,NASHVILLE,TN,37210,8202,HERMIT,36.1532,-86.7644,POINT (-86.7644 36.1532)
20190188813,03/10/2019 01:33:00 PM,2,1,0,,N,419997,11,Front to Rear,21,CLEAR,1,DAYLIGHT,12,MOTOR VEHICLE IN TRANSPORT,ELAINE AV & STERLING ST,NASHVILLE,TN,37209,4649,WEST,36.156,-86.8635,POINT (-86.8635 36.156)
20190378312,05/17/2019 03:40:00 PM,2,0,0,,Y,134899,5,SIDESWIPE - SAME DIRECTION,21,CLEAR,1,DAYLIGHT,12,MOTOR VEHICLE IN TRANSPORT,I40 E ENT RAMP & I40 E ENT RAMP,NASHVILLE,TN,37208,44041,NORTH,36.1753,-86.8013,POINT (-86.8013 36.1753)
20190116142,02/12/2019 01:46:00 PM,1,0,0,,N,226136,11,Front to Rear,22,CLOUDY,1,DAYLIGHT,12,MOTOR VEHICLE IN TRANSPORT,OLD HICKORY BLVD & HEALTH PARK DR,BRENTWOOD,TN,37027,8623,MIDTOW,36.0408,-86.7735,POINT (-86.7735 36.0408)
20190329027,04/29/2019 12:25:00 PM,1,0,0,Y,N,352204,0,NOT COLLISION W/MOTOR VEHICLE-TRANSPORT,21,CLEAR,1,DAYLIGHT,18,OTHER OBJECT (NOT FIXED),STONEWALL DR & SEWANEE RD,NASHVILLE,TN,37220,7107,MIDTOW,36.086,-86.7987,POINT (-86.7987 36.086)
20190309604,04/22/2019 04:00:00 PM,2,0,0,,N,256446,4,ANGLE,21,CLEAR,1,DAYLIGHT,12,MOTOR VEHICLE IN TRANSPORT,MURFREESBORO PKE & BELL RD,ANTIOCH,TN,37013,8861,SOUTH,36.072,-86.636,POINT (-86.636 36.072)
20190021625,01/09/2019 10:11:00 AM,2,0,0,,Y,676834,6,SIDESWIPE - OPPOSITE DIRECTION,21,CLEAR,1,DAYLIGHT,12,MOTOR VEHICLE IN TRANSPORT,CLARKSVILLE PKE & STEVENS LN,NASHVILLE,TN,37218,3219,NORTH,36.2388,-86.8307,POINT (-86.8307 36.2388)
20190289779,04/15/2019 12:00:00 AM,2,0,0,,N,311333,4,ANGLE,22,CLOUDY,2,DARK - NOT LIGHTED,12,MOTOR VEHICLE IN TRANSPORT,ROSEDALE AV & NOLENSVILLE PKE,NASHVILLE,TN,37211,8043,MIDTOW,36.125,-86.7522,POINT (-86.7522 36.125)
20190555088,07/25/2019 12:58:00 PM,1,1,0,Y,N,905011,0,NOT COLLISION W/MOTOR VEHICLE-TRANSPORT,21,CLEAR,1,DAYLIGHT,30;63,UTILITY POLE;Ran Off Road-Right,BUENA VISTA PKE & HORACE MANN DR,NASHVILLE,TN,37207,3221,NORTH,36.2449,-86.8288,POINT (-86.8288 36.2449)
20190241666,03/28/2019 08:02:00 PM,2,1,0,,Y,256380,11,Front to Rear,21,CLEAR,3,DARK - LIGHTED,12,MOTOR VEHICLE IN TRANSPORT,WHITES CREEK PKE & MOORMANS ARM RD,NASHVILLE,TN,37207,3033,NORTH,36.2182,-86.8035,POINT (-86.8035 36.2182)
20190120746,02/13/2019 10:05:00 PM,2,0,0,,N,909497,11,Front to Rear,21,CLEAR,2,DARK - NOT LIGHTED,14,PARKED MOTOR VEHICLE,MERRITT ST & RIVERWAY DR,OLD HICKORY,TN,37138,9609,HERMIT,36.2469,-86.6567,POINT (-86.6567 36.2469)
20190393730,05/23/2019 08:41:00 AM,2,1,0,,N,630627,11,Front to Rear,21,CLEAR,1,DAYLIGHT,12,MOTOR VEHICLE IN TRANSPORT,31ST AVS & 31ST AVN,NASHVILLE,TN,37212,5815,MIDTOW,36.1424,-86.8153,POINT (-86.8153 36.1424)
20190360041,05/10/2019 07:10:00 PM,2,0,0,,N,320599,4,ANGLE,22,CLOUDY,5,DUSK,12,MOTOR VEHICLE IN TRANSPORT,MURFREESBORO PKE & DONELSON PKE,NASHVILLE,TN,37217,8841,SOUTH,36.1062,-86.6731,POINT (-86.6731 36.1062)
20190420667,06/02/2019 12:00:00 AM,2,0,0,,Y,306231,11,Front to Rear,99,UNKNOWN,9,UNKNOWN,14;99,PARKED MOTOR VEHICLE;UNKNOWN MOST HARMFUL EVENT,BOOKER ST & 25TH AVN,NASHVILLE,TN,37208,5317,NORTH,36.1608,-86.814,POINT (-86.814 36.1608)
20190141462,02/20/2019 09:45:00 PM,2,0,0,,Y,212318,11,Front to Rear,99,UNKNOWN,9,UNKNOWN,14,PARKED MOTOR VEHICLE,BLAIR BLVD & 25TH AVS,NASHVILLE,TN,37212,5909,MIDTOW,36.131,-86.8074,POINT (-86.8074 36.131)
20190238227,03/27/2019 05:38:00 PM,2,0,0,,N,212322,4,ANGLE,21,CLEAR,1,DAYLIGHT,12,MOTOR VEHICLE IN TRANSPORT,HARDING PL & OLD EZELL RD,NASHVILLE,TN,37211,8843,SOUTH,36.0903,-86.6875,POINT (-86.6875 36.0903)
20190422981,06/03/2019 01:41:00 PM,2,2,0,,N,594473,11,Front to Rear,21,CLEAR,1,DAYLIGHT,12,MOTOR VEHICLE IN TRANSPORT,21ST AVS & WESTWOOD AV,NASHVILLE,TN,37212,6509,MIDTOW,36.1264,-86.8046,POINT (-86.8046 36.1264)
20190366213,05/13/2019 03:06:00 PM,2,0,0,,N,256383,4,ANGLE,22,CLOUDY,1,DAYLIGHT,12,MOTOR VEHICLE IN TRANSPORT,HAYWOOD LN & HOPEDALE DR,NASHVILLE,TN,37211,8711,SOUTH,36.0688,-86.7175,POINT (-86.7175 36.0688)
20190372405,05/15/2019 03:44:00 PM,2,0,0,,N,240955,4,ANGLE,22,CLOUDY,1,DAYLIGHT,12,MOTOR VEHICLE IN TRANSPORT,CROSSINGS BLVD & CROSSINGS PL,ANTIOCH,TN,37013,8863,SOUTH,36.0897,-86.6881,POINT (-86.6881 36.0897)
20190472368,06/21/2019 11:34:00 PM,2,0,0,,N,298877,4,ANGLE,21,CLEAR,2,DARK - NOT LIGHTED,12,MOTOR VEHICLE IN TRANSPORT,HAMILTON CHURCH RD & MURFREESBORO PKE,ANTIOCH,TN,37013,8865,SOUTH,36.0645,-86.6288,POINT (-86.6288 36.0645)
20190335446,05/01/2019 03:19:00 PM,2,0,0,,N,179606,11,Front to Rear,21,CLEAR,1,DAYLIGHT,12,MOTOR VEHICLE IN TRANSPORT,WOODMONT BLVD & AMANDA AV,NASHVILLE,TN,37215,6413,MIDTOW,36.1133,-86.8031,POINT (-86.8031 36.1133)
20190282051,04/12/2019 04:38:00 PM,2,0,0,,N,352199,4,ANGLE,21,CLEAR,1,DAYLIGHT,12,MOTOR VEHICLE IN TRANSPORT,HARDING PL & COVENTRY DR,NASHVILLE,TN,37211,8609,MIDTOW,36.0789,-86.7284,POINT (-86.7284 36.0789)
20190145866,02/22/2019 06:40:00 PM,3,1,0,,N,256427,11,Front to Rear,2,RAIN,3,DARK - LIGHTED,12,MOTOR VEHICLE IN TRANSPORT,FESSLERS LN & LEBANON PKE,NASHVILLE,TN,37210,9011,HERMIT,36.1543,-86.7421,POINT (-86.7421 36.1543)
20190167336,03/02/2019 06:18:00 PM,2,1,0,,N,311332,11,Front to Rear,21,CLEAR,2,DARK - NOT LIGHTED,12,MOTOR VEHICLE IN TRANSPORT,HIGHWAY 70S & SADDLE RIDGE CT,NASHVILLE,TN,37221,4713,WEST,36.0865,-86.9726,POINT (-86.9726 36.0865)
20190464821,06/19/2019 10:45:00 AM,2,0,0,,N,716886,11,Front to Rear,21,CLEAR,1,DAYLIGHT,12,MOTOR VEHICLE IN TRANSPORT,NOLENSVILLE PKE & BREWER DR,NASHVILLE,TN,37211,8715,SOUTH,36.0535,-86.715,POINT (-86.715 36.0535)
20190230340,03/25/2019 07:11:00 AM,3,1,0,,N,716886,11,Front to Rear,21,CLEAR,1,DAYLIGHT,12,MOTOR VEHICLE IN TRANSPORT,MM 53 6 I 24,NASHVILLE,TN,37211,83021,SOUTH,36.1114,-86.7229,POINT (-86.7229 36.1114)
20190112532,02/11/2019 10:45:00 AM,1,1,0,,Y,717625,0,NOT COLLISION W/MOTOR VEHICLE-TRANSPORT,22,CLOUDY,1,DAYLIGHT,30,UTILITY POLE,WHELESS ST & 14TH AVN,NASHVILLE,TN,37208,4471,NORTH,36.1781,-86.8054,POINT (-86.8054 36.1781)
20190476704,06/24/2019 12:00:00 AM,2,0,0,,Y,166478,5,SIDESWIPE - SAME DIRECTION,99,UNKNOWN,9,UNKNOWN,14,PARKED MOTOR VEHICLE,4TH AVN & MONROE ST,NASHVILLE,TN,37208,4317,NORTH,36.1771,-86.7877,POINT (-86.7877 36.1771)
20190551573,07/24/2019 07:00:00 AM,2,1,0,,N,352201,4,ANGLE,21,CLEAR,1,DAYLIGHT,12,MOTOR VEHICLE IN TRANSPORT,MURFREESBORO PKE & BELL RD,NASHVILLE,TN,37217,8939,HERMIT,36.0901,-86.6581,POINT (-86.6581 36.0901)
20190053712,01/21/2019 11:08:00 AM,2,0,0,,N,191578,11,Front to Rear,21,CLEAR,1,DAYLIGHT,12,MOTOR VEHICLE IN TRANSPORT,CENTRAL PKE & LEBANON PKE,HERMITAGE,TN,37076,9505,HERMIT,36.1776,-86.6167,POINT (-86.6167 36.1776)
20190315984,04/24/2019 09:39:00 AM,1,0,0,,N,716886,0,NOT COLLISION W/MOTOR VEHICLE-TRANSPORT,21,CLEAR,1,DAYLIGHT,18,OTHER OBJECT (NOT FIXED),MM 60 4 I 24,ANTIOCH,TN,37013,88060,SOUTH,36.0364,-86.6449,POINT (-86.6449 36.0364)
20190047371,01/18/2019 03:15:00 PM,1,2,0,,N,256427,0,NOT COLLISION W/MOTOR VEHICLE-TRANSPORT,22,CLOUDY,1,DAYLIGHT,71,EMBANKMENT EARTH,REVERE PL & BLUE HILLS CT,NASHVILLE,TN,37214,9203,HERMIT,36.1711,-86.6877,POINT (-86.6877 36.1711)