Accident Number,Date and Time,Number of Motor Vehicles,Number of Injuries,Number of Fatalities,Property Damage,Hit and Run,Reporting Officer,Collision Type Code,Collision Type Description,Weather Code,Weather Description,Illumination Code,Illumination Description,Harmful Code,Harmful Code Description,Street Address,City,State,ZIP,RPA,Precinct,Latitude,Longitude,Mapped Location
20190210403,03/18/2019 01:20:00 PM,2,0,0,,N,191578,11,Front to Rear,21,CLEAR,1,DAYLIGHT,12,MOTOR VEHICLE IN TRANSPORT,CREEKSTONE CIR & STEWARTS FERRY PKE,NASHVILLE,TN,37214,9407,HERMIT,36.1616,-86.6466,POINT (-86.6466 36.1616)
20190338614,05/02/2019 06:51:00 PM,1,1,0,,Y,151132,0,NOT COLLISION W/MOTOR VEHICLE-TRANSPORT,22,CLOUDY,1,DAYLIGHT,8,PEDESTRIAN,WESTCHESTER DR & MEADOW CT,NASHVILLE,TN,37207,2045,MADISO,36.2536,-86.773,POINT (-86.773 36.2536)
20190181417,03/07/2019 01:47:00 PM,3,0,0,,N,580819,5,SIDESWIPE - SAME DIRECTION,22,CLOUDY,1,DAYLIGHT,12,MOTOR VEHICLE IN TRANSPORT,I40 W EXT RAMP & I 40,NASHVILLE,TN,37203,4119,CENTRA,36.1574,-86.79,POINT (-86.79 36.1574)
20190471572,06/21/2019 02:45:00 PM,2,0,0,,Y,256441,0,NOT COLLISION W/MOTOR VEHICLE-TRANSPORT,21,CLEAR,1,DAYLIGHT,16,THROWN OR FALLING OBJECT,MM 77 7 I 65,NASHVILLE,TN,37220,86042,MIDTOW,36.0804,-86.7642,POINT (-86.7642 36.0804)
20190331946,04/30/2019 12:50:00 PM,2,3,0,,N,226098,11,Front to Rear,21,CLEAR,1,DAYLIGHT,12,MOTOR VEHICLE IN TRANSPORT,WHITES CREEK PKE & JACKMAN RD,JOELTON,TN,37080,2311,NORTH,36.3575,-86.8826,POINT (-86.8826 36.3575)
20190121693,02/14/2019 06:55:00 AM,2,1,0,,N,226136,11,Front to Rear,22,CLOUDY,1,DAYLIGHT,12,MOTOR VEHICLE IN TRANSPORT,MM 3 8 I 440,NASHVILLE,TN,37212,6502,MIDTOW,36.1163,-86.7919,POINT (-86.7919 36.1163)
20190336952,05/02/2019 05:29:00 AM,2,1,0,,Y,161945,4,ANGLE,21,CLEAR,4,DAWN,12,MOTOR VEHICLE IN TRANSPORT,NOLENSVILLE PKE & TUSCULUM RD,NASHVILLE,TN,37211,8715,SOUTH,36.0587,-86.7162,POINT (-86.7162 36.0587)
20190566939,07/30/2019 12:09:00 PM,2,2,0,,N,151132,4,ANGLE,2,RAIN,1,DAYLIGHT,12,MOTOR VEHICLE IN TRANSPORT,BRICK CHURCH PKE & JACKSON RD,WHITES CREEK,TN,37189,2105,MADISO,36.2959,-86.782,POINT (-86.782 36.2959)
20190484596,06/27/2019 01:25:00 AM,1,0,0,,N,212335,0,NOT COLLISION W/MOTOR VEHICLE-TRANSPORT,22,CLOUDY,2,DARK - NOT LIGHTED,18,OTHER OBJECT (NOT FIXED),CRUTCHER ST & S 3RD ST,NASHVILLE,TN,37213,1005,CENTRA,36.1625,-86.764,POINT (-86.764 36.1625)
20190065716,01/25/2019 12:39:00 PM,2,0,0,,N,267831,11,Front to Rear,21,CLEAR,1,DAYLIGHT,12,MOTOR VEHICLE IN TRANSPORT,MM 2 2 I 440,NASHVILLE,TN,37215,6006,WEST,36.1272,-86.8152,POINT (-86.8152 36.1272)
20190506192,07/05/2019 09:40:00 AM,2,0,0,,Y,633383,5,SIDESWIPE - SAME DIRECTION,21,CLEAR,1,DAYLIGHT,12,MOTOR VEHICLE IN TRANSPORT,MM 209 7 I 40,NASHVILLE,TN,37203,4004,CENTRA,36.1492,-86.7812,POINT (-86.7812 36.1492)
20190174593,03/05/2019 12:30:00 PM,5,2,0,,N,212325,11,Front to Rear,21,CLEAR,1,DAYLIGHT,12,MOTOR VEHICLE IN TRANSPORT,GALLATIN PKES & HICKORY ST,MADISON,TN,37115,1605,MADISO,36.2604,-86.7129,POINT (-86.7129 36.2604)
20190284115,04/13/2019 12:54:00 PM,2,0,0,,N,279116,4,ANGLE,22,CLOUDY,1,DAYLIGHT,12,MOTOR VEHICLE IN TRANSPORT,HILLSBORO PKE & HAMPTON AV,NASHVILLE,TN,37215,6013,WEST,36.1161,-86.8106,POINT (-86.8106 36.1161)
20190058746,01/23/2019 05:35:00 AM,2,0,0,,Y,311340,11,Front to Rear,21,CLEAR,3,DARK - LIGHTED,12,MOTOR VEHICLE IN TRANSPORT,MM 2 2 I 440,NASHVILLE,TN,37215,6006,WEST,36.1272,-86.8152,POINT (-86.8152 36.1272)
20190459244,06/17/2019 09:25:00 AM,2,0,0,,Y,212369,9,UNKNOWN,99,UNKNOWN,9,UNKNOWN,99,UNKNOWN MOST HARMFUL EVENT,15TH AVS & EDGEHILL AV,NASHVILLE,TN,37212,6629,MIDTOW,36.1418,-86.7909,POINT (-86.7909 36.1418)
20190547360,07/22/2019 05:00:00 PM,2,0,0,,N,330440,11,Front to Rear,2,RAIN,1,DAYLIGHT,12,MOTOR VEHICLE IN TRANSPORT,CLARKSVILLE PKE & ROSA L PARKS BLVD,NASHVILLE,TN,37228,4483,NORTH,36.1889,-86.8231,POINT (-86.8231 36.1889)
20190389192,05/21/2019 09:02:00 PM,2,1,0,,N,240989,11,Front to Rear,21,CLEAR,3,DARK - LIGHTED,12,MOTOR VEHICLE IN TRANSPORT,E PALESTINE AV & GALLATIN PKES,MADISON,TN,37115,1507,MADISO,36.2491,-86.718,POINT (-86.718 36.2491)
20190136437,02/19/2019 12:00:00 AM,2,1,0,,N,279200,4,ANGLE,2,RAIN,3,DARK - LIGHTED,12,MOTOR VEHICLE IN TRANSPORT,COWAN ST & SPRING ST,NASHVILLE,TN,37213,1987,CENTRA,36.177,-86.7761,POINT (-86.7761 36.177)
20190050705,01/20/2019 02:38:00 AM,1,0,0,,Y,212334,0,NOT COLLISION W/MOTOR VEHICLE-TRANSPORT,4,SNOW,2,DARK - NOT LIGHTED,1;34;64,DITCH;Ran Off Road-Left,OLD CLARKSVILLE PKE & CLARKSVILLE PKE,JOELTON,TN,37080,3317,NORTH,36.3229,-86.9105,POINT (-86.9105 36.3229)
20190278686,04/11/2019 11:58:00 AM,1,1,0,,N,633390,0,NOT COLLISION W/MOTOR VEHICLE-TRANSPORT,21,CLEAR,1,DAYLIGHT,15,OTHER TYPE NON-MOTORIST,GALLATIN PKE & BROADMOOR DR,NASHVILLE,TN,37216,1513,EAST,36.2295,-86.7251,POINT (-86.7251 36.2295)
20190347904,05/06/2019 03:56:00 PM,2,0,0,,Y,299244,11,Front to Rear,21,CLEAR,1,DAYLIGHT,12,MOTOR VEHICLE IN TRANSPORT,MM 86 2 I 65,NASHVILLE,TN,37207,1910,CENTRA,36.1919,-86.7812,POINT (-86.7812 36.1919)
20190256908,04/03/2019 11:52:00 AM,2,1,0,,N,690942,11,Front to Rear,21,CLEAR,1,DAYLIGHT,12,MOTOR VEHICLE IN TRANSPORT,8TH AVS & DIVISION ST,NASHVILLE,TN,37203,4009,CENTRA,36.1497,-86.7792,POINT (-86.7792 36.1497)
20190495876,07/01/2019 02:36:00 PM,2,0,0,,N,169425,11,Front to Rear,21,CLEAR,1,DAYLIGHT,12,MOTOR VEHICLE IN TRANSPORT,23RD AVN & CHARLOTTE AV,NASHVILLE,TN,37209,5339,NORTH,36.1558,-86.8097,POINT (-86.8097 36.1558)
20190185111,03/08/2019 08:01:00 PM,1,0,0,Y,N,320599,0,NOT COLLISION W/MOTOR VEHICLE-TRANSPORT,2,RAIN,2,DARK - NOT LIGHTED,30;34;41;42;64,UTILITY POLE;DITCH;SHRUBBERY;TREE;Ran Off Road-Left,SHUTE LN & WILLOW BOUGH LN,OLD HICKORY,TN,37138,9717,HERMIT,36.231,-86.6111,POINT (-86.6111 36.231)
20190432139,06/06/2019 05:00:00 PM,2,1,0,,N,717341,11,Front to Rear,22,CLOUDY,1,DAYLIGHT,12,MOTOR VEHICLE IN TRANSPORT,MURFREESBORO PKE & HURRICANE CREEK BLVD,ANTIOCH,TN,37013,8869,SOUTH,36.0302,-86.5926,POINT (-86.5926 36.0302)
20190019593,01/08/2019 04:31:00 PM,2,0,0,,N,197068,4,ANGLE,21,CLEAR,1,DAYLIGHT,12,MOTOR VEHICLE IN TRANSPORT,8TH AVS & BROADWAY,NASHVILLE,TN,37203,4085,CENTRA,36.1588,-86.782,POINT (-86.782 36.1588)
20190070448,01/27/2019 10:16:00 AM,2,0,0,,Y,474557,98,OTHER,21,CLEAR,1,DAYLIGHT,12,MOTOR VEHICLE IN TRANSPORT,HAYWOOD LN & CHAMBERS DR,NASHVILLE,TN,37211,8707,SOUTH,36.0684,-86.7074,POINT (-86.7074 36.0684)
20190521809,07/12/2019 08:02:00 AM,4,1,0,Y,N,716886,11,Front to Rear,21,CLEAR,1,DAYLIGHT,12;37,MOTOR VEHICLE IN TRANSPORT;Other Traffic Barrier,MM 6 4 I 440,NASHVILLE,TN,37210,83040,SOUTH,36.1239,-86.7466,POINT (-86.7466 36.1239)
20190084439,01/31/2019 08:21:00 PM,2,1,0,,Y,306230,4,ANGLE,21,CLEAR,3,DARK - LIGHTED,12,MOTOR VEHICLE IN TRANSPORT,W TRINITY LN & HAMPTON ST,NASHVILLE,TN,37207,3007,NORTH,36.2067,-86.7784,POINT (-86.7784 36.2067)
20190575039,08/02/2019 03:39:00 PM,2,1,0,,N,807344,11,Front to Rear,21,CLEAR,1,DAYLIGHT,12,MOTOR VEHICLE IN TRANSPORT,KOREAN VETERANS BLVD & 2ND AVS,NASHVILLE,TN,37201,4047,CENTRA,36.158,-86.7726,POINT (-86.7726 36.158)
20190412342,05/30/2019 07:30:00 AM,2,0,0,Y,Y,716877,4,ANGLE,21,CLEAR,1,DAYLIGHT,14,PARKED MOTOR VEHICLE,OAK TIMBER DR & LAKE TOWNE DR,ANTIOCH,TN,37013,8925,SOUTH,36.067,-86.6096,POINT (-86.6096 36.067)
20190425239,06/04/2019 12:00:00 AM,1,0,0,Y,Y,591936,0,NOT COLLISION W/MOTOR VEHICLE-TRANSPORT,99,UNKNOWN,9,UNKNOWN,14;38,PARKED MOTOR VEHICLE;FENCE,MELROSE AV & GRANDVIEW AV,NASHVILLE,TN,37211,8343,MIDTOW,36.1205,-86.7504,POINT (-86.7504 36.1205)
20190533613,07/17/2019 05:41:00 AM,1,0,0,Y,N,299261,0,NOT COLLISION W/MOTOR VEHICLE-TRANSPORT,21,CLEAR,4,DAWN,7,,LEALAND LN & ST ANDREWS PL,NASHVILLE,TN,37204,7019,MIDTOW,36.0984,-86.7907,POINT (-86.7907 36.0984)
20190353146,05/08/2019 10:00:00 AM,2,0,0,,Y,676834,0,NOT COLLISION W/MOTOR VEHICLE-TRANSPORT,21,CLEAR,1,DAYLIGHT,16,THROWN OR FALLING OBJECT,BRILEY PKWYS & CATO RD,NASHVILLE,TN,37218,3212,NORTH,36.2192,-86.872,POINT (-86.872 36.2192)
20190235569,03/26/2019 07:28:00 PM,2,2,0,,N,256426,5,SIDESWIPE - SAME DIRECTION,21,CLEAR,3,DARK - LIGHTED,12,MOTOR VEHICLE IN TRANSPORT,MM 213 0 I 40,NASHVILLE,TN,37210,8219,HERMIT,36.1407,-86.7323,POINT (-86.7323 36.1407)
20190019449,01/08/2019 12:00:00 AM,2,1,0,,N,279200,11,Front to Rear,21,CLEAR,1,DAYLIGHT,12,MOTOR VEHICLE IN TRANSPORT,SPRING ST & N 1ST ST,NASHVILLE,TN,37213,1985,CENTRA,36.177,-86.7746,POINT (-86.7746 36.177)
20190026778,01/11/2019 04:05:00 AM,1,0,0,,N,332215,0,NOT COLLISION W/MOTOR VEHICLE-TRANSPORT,21,CLEAR,2,DARK - NOT LIGHTED,42,TREE,CHICKERING RD & PAGE RD,NASHVILLE,TN,37215,6205,WEST,36.0708,-86.8716,POINT (-86.8716 36.0708)
20190557729,07/26/2019 01:33:00 PM,4,1,0,,N,225773,11,Front to Rear,21,CLEAR,1,DAYLIGHT,12,MOTOR VEHICLE IN TRANSPORT,MM 6 2 I 440,NASHVILLE,TN,37211,83061,MIDTOW,36.1225,-86.7522,POINT (-86.7522 36.1225)
20190363878,05/12/2019 03:33:00 PM,2,0,0,,N,279208,4,ANGLE,22,CLOUDY,1,DAYLIGHT,12,MOTOR VEHICLE IN TRANSPORT,21ST AVS & WOODLAWN DR,NASHVILLE,TN,37212,6507,MIDTOW,36.1252,-86.8057,POINT (-86.8057 36.1252)
20190227175,03/23/2019 11:43:00 PM,2,2,0,,N,299261,4,ANGLE,21,CLEAR,3,DARK - LIGHTED,12,MOTOR VEHICLE IN TRANSPORT,WOODMONT BLVD & GRANNY WHITE PKE,NASHVILLE,TN,37204,7007,MIDTOW,36.1116,-86.7926,POINT (-86.7926 36.1116)
20190385051,05/20/2019 12:49:00 PM,2,1,0,,N,191578,11,Front to Rear,21,CLEAR,1,DAYLIGHT,12,MOTOR VEHICLE IN TRANSPORT,ANDERSON & COUNTRY WAY,NASHVILLE,TN,37217,8929,HERMIT,36.0781,-86.6072,POINT (-86.6072 36.0781)
20190129478,02/17/2019 04:45:00 AM,3,1,0,,Y,311800,9,UNKNOWN,2,RAIN,3,DARK - LIGHTED,12,MOTOR VEHICLE IN TRANSPORT,MM 48 3 I 24,NASHVILLE,TN,37213,11080,CENTRA,36.1722,-86.7689,POINT (-86.7689 36.1722)
20190512717,07/08/2019 12:00:00 AM,2,1,0,,N,279118,11,Front to Rear,21,CLEAR,1,DAYLIGHT,12,MOTOR VEHICLE IN TRANSPORT,MURFREESBORO PKE & MOUNTAIN SPRINGS RD,ANTIOCH,TN,37013,8927,SOUTH,36.0478,-86.6121,POINT (-86.6121 36.0478)
20190326640,04/28/2019 12:00:00 PM,2,1,0,,N,343522,2,HEAD-ON,21,CLEAR,1,DAYLIGHT,12,MOTOR VEHICLE IN TRANSPORT,MCCRORY LN & AVONDALE PARK BLVD,NASHVILLE,TN,37221,4801,WEST,36.0665,-86.9977,POINT (-86.9977 36.0665)
20190443315,06/11/2019 07:37:00 AM,2,0,0,,N,462474,11,Front to Rear,21,CLEAR,1,DAYLIGHT,12,MOTOR VEHICLE IN TRANSPORT,OLD HICKORY BLVD & FRANKLIN PKE,NASHVILLE,TN,37220,7111,MIDTOW,36.0374,-86.7864,POINT (-86.7864 36.0374)
20190519371,07/11/2019 09:05:00 AM,2,0,0,,N,320586,11,Front to Rear,21,CLEAR,1,DAYLIGHT,12,MOTOR VEHICLE IN TRANSPORT,GLENROSE AV & SADLER AV,NASHVILLE,TN,37210,8101,SOUTH,36.1256,-86.7482,POINT (-86.7482 36.1256)
20190028494,01/11/2019 05:40:00 PM,2,0,0,,N,256448,4,ANGLE,21,CLEAR,3,DARK - LIGHTED,12,MOTOR VEHICLE IN TRANSPORT,LEBANON PKE & BONNABROOK DR,HERMITAGE,TN,37076,9531,HERMIT,36.1917,-86.6248,POINT (-86.6248 36.1917)
20190161955,02/28/2019 03:51:00 PM,2,0,0,,N,169425,11,Front to Rear,22,CLOUDY,1,DAYLIGHT,12,MOTOR VEHICLE IN TRANSPORT,MM 209 0 I 40,NASHVILLE,TN,37203,4104,CENTRA,36.1574,-86.7903,POINT (-86.7903 36.1574)
20190469219,06/20/2019 07:29:00 PM,2,0,0,,N,206675,4,ANGLE,21,CLEAR,1,DAYLIGHT,12,MOTOR VEHICLE IN TRANSPORT,19TH AVN & HAYES ST,NASHVILLE,TN,37203,5523,MIDTOW,36.1533,-86.7982,POINT (-86.7982 36.1533)
20190559075,07/27/2019 01:15:00 AM,1,1,0,,N,330411,0,NOT COLLISION W/MOTOR VEHICLE-TRANSPORT,21,CLEAR,3,DARK - LIGHTED,30,UTILITY POLE,WHITES CREEK PKE & BEAR HOLLOW RD PVTDR,JOELTON,TN,37080,3307,NORTH,36.305,-86.8597,POINT (-86.8597 36.305)
20190463049,06/18/2019 06:27:00 PM,2,0,0,,N,330445,5,SIDESWIPE - SAME DIRECTION,21,CLEAR,1,DAYLIGHT,12,MOTOR VEHICLE IN TRANSPORT,MM 6 3 I 440,NASHVILLE,TN,37211,8106,MIDTOW,36.1231,-86.7512,POINT (-86.7512 36.1231)
20190529353,07/15/2019 04:00:00 PM,1,0,0,Y,N,256380,0,NOT COLLISION W/MOTOR VEHICLE-TRANSPORT,21,CLEAR,1,DAYLIGHT,38,FENCE,28TH AVN & ALAMEDA ST,NASHVILLE,TN,37209,4521,NORTH,36.1655,-86.8202,POINT (-86.8202 36.1655)
20190276052,04/10/2019 02:15:00 PM,2,2,0,,N,299243,11,Front to Rear,21,CLEAR,1,DAYLIGHT,12,MOTOR VEHICLE IN TRANSPORT,MM 48 4 I 24,NASHVILLE,TN,37206,1102,EAST,36.1715,-86.768,POINT (-86.768 36.1715)
20190246251,03/30/2019 01:52:00 PM,2,1,0,,N,584947,4,ANGLE,22,CLOUDY,1,DAYLIGHT,12,MOTOR VEHICLE IN TRANSPORT,8TH AVS & WEDGEWOOD AV,NASHVILLE,TN,37203,6959,MIDTOW,36.1345,-86.7791,POINT (-86.7791 36.1345)
20190069433,01/26/2019 11:43:00 PM,4,0,0,,Y,166477,11,Front to Rear,21,CLEAR,3,DARK - LIGHTED,12;54,MOTOR VEHICLE IN TRANSPORT;Set In Motion By Motor Vehicle,BLUE HOLE RD & BELL RD,ANTIOCH,TN,37013,8721,SOUTH,36.0458,-86.6744,POINT (-86.6744 36.0458)
20190167700,03/02/2019 11:00:00 PM,2,0,0,,N,197067,4,ANGLE,21,CLEAR,3,DARK - LIGHTED,12,MOTOR VEHICLE IN TRANSPORT,3RD AVS & KOREAN VETERANS BLVD,NASHVILLE,TN,37201,4053,CENTRA,36.1579,-86.7736,POINT (-86.7736 36.1579)
20190334539,05/01/2019 08:45:00 AM,2,0,0,,N,834798,11,Front to Rear,21,CLEAR,1,DAYLIGHT,12,MOTOR VEHICLE IN TRANSPORT,MM 81 7 I 65,NASHVILLE,TN,37203,8006,MIDTOW,36.1384,-86.7758,POINT (-86.7758 36.1384)
20190110945,02/10/2019 06:45:00 PM,2,0,0,,Y,311803,5,SIDESWIPE - SAME DIRECTION,2,RAIN,2,DARK - NOT LIGHTED,12,MOTOR VEHICLE IN TRANSPORT,NOLENSVILLE PKE & PROVIDENCE HTS,NASHVILLE,TN,37211,8661,MIDTOW,36.0734,-86.7245,POINT (-86.7245 36.0734)
20190152774,02/25/2019 02:40:00 PM,2,0,0,,N,299266,11,Front to Rear,21,CLEAR,1,DAYLIGHT,12,MOTOR VEHICLE IN TRANSPORT,RANSOM PL & MURFREESBORO PKE,NASHVILLE,TN,37217,8853,SOUTH,36.0694,-86.6409,POINT (-86.6409 36.0694)
20190316684,04/24/2019 02:48:00 PM,2,2,0,,N,256424,11,Front to Rear,21,CLEAR,1,DAYLIGHT,12,MOTOR VEHICLE IN TRANSPORT,BELL RD & ELM HILL PKE,NASHVILLE,TN,37214,8995,HERMIT,36.1411,-86.628,POINT (-86.628 36.1411)
20190536964,07/18/2019 10:40:00 AM,2,2,0,,N,481573,4,ANGLE,21,CLEAR,1,DAYLIGHT,12,MOTOR VEHICLE IN TRANSPORT,17TH AVS & WEST END AV,NASHVILLE,TN,37203,5707,MIDTOW,36.1538,-86.7944,POINT (-86.7944 36.1538)
20190100989,02/06/2019 06:04:00 PM,2,0,0,,N,197435,11,Front to Rear,2,RAIN,3,DARK - LIGHTED,12;14,MOTOR VEHICLE IN TRANSPORT;PARKED MOTOR VEHICLE,GALLATIN PKE & HART LN,NASHVILLE,TN,37216,1441,EAST,36.2116,-86.7326,POINT (-86.7326 36.2116)
20190296470,04/17/2019 06:12:00 PM,2,0,0,,Y,330435,11,Front to Rear,21,CLEAR,1,DAYLIGHT,12,MOTOR VEHICLE IN TRANSPORT,GALLATIN PKE & LELAND AV,NASHVILLE,TN,37216,1415,EAST,36.2039,-86.7383,POINT (-86.7383 36.2039)
20190038127,01/15/2019 01:55:00 PM,2,0,0,,N,226622,11,Front to Rear,22,CLOUDY,1,DAYLIGHT,12,MOTOR VEHICLE IN TRANSPORT,I440 E EXT RAMP & I 440,NASHVILLE,TN,37205,5249,WEST,36.1366,-86.8221,POINT (-86.8221 36.1366)
20190441141,06/10/2019 12:36:00 PM,2,0,0,,N,267831,4,ANGLE,22,CLOUDY,1,DAYLIGHT,12,MOTOR VEHICLE IN TRANSPORT,OLD HICKORY BLVD & TIDWELL RD,NASHVILLE,TN,37221,4711,WEST,36.1144,-86.923,POINT (-86.923 36.1144)
20190206382,03/16/2019 07:42:00 PM,2,0,0,,N,311327,5,SIDESWIPE - SAME DIRECTION,21,CLEAR,3,DARK - LIGHTED,12,MOTOR VEHICLE IN TRANSPORT,MM 48 8 I 24,NASHVILLE,TN,37213,1104,CENTRA,36.1682,-86.7659,POINT (-86.7659 36.1682)
20190413352,05/30/2019 03:38:00 PM,3,1,0,,Y,256380,11,Front to Rear,21,CLEAR,1,DAYLIGHT,12,MOTOR VEHICLE IN TRANSPORT,28TH AVN & JEFFERSON ST,NASHVILLE,TN,37208,4525,NORTH,36.1672,-86.8206,POINT (-86.8206 36.1672)
20190015633,01/07/2019 07:20:00 AM,1,0,0,Y,N,538214,0,NOT COLLISION W/MOTOR VEHICLE-TRANSPORT,21,CLEAR,1,DAYLIGHT,38,FENCE,BROADWAY & 5TH AVS,NASHVILLE,TN,37203,4089,CENTRA,36.1605,-86.7784,POINT (-86.7784 36.1605)
20190487926,06/28/2019 06:53:00 AM,3,1,0,,N,109534,11,Front to Rear,21,CLEAR,1,DAYLIGHT,12,MOTOR VEHICLE IN TRANSPORT,MM 211 8 I 40,NASHVILLE,TN,37210,90022,HERMIT,36.149,-86.7465,POINT (-86.7465 36.149)
20190145540,02/22/2019 03:40:00 PM,2,0,0,,N,716875,4,ANGLE,2,RAIN,1,DAYLIGHT,12,MOTOR VEHICLE IN TRANSPORT,SNYDER AV & MAXON AV,NASHVILLE,TN,37209,4663,WEST,36.1535,-86.8608,POINT (-86.8608 36.1535)
20190550878,07/24/2019 12:17:00 AM,1,3,0,Y,N,197060,0,NOT COLLISION W/MOTOR VEHICLE-TRANSPORT,21,CLEAR,3,DARK - LIGHTED,19,BUILDING,1801 GALLATIN PKEN,MADISON,TN,37115,1731,MADISO,36.2969,-86.6991,POINT (-86.6991 36.2969)
20190136371,02/19/2019 05:18:00 PM,2,0,0,,N,279124,11,Front to Rear,2,RAIN,1,DAYLIGHT,12,MOTOR VEHICLE IN TRANSPORT,BLUE HOLE RD & TUSCULUM RD,ANTIOCH,TN,37013,8719,SOUTH,36.0526,-86.673,POINT (-86.673 36.0526)
20190110650,02/10/2019 04:11:00 PM,1,0,0,,N,256417,0,NOT COLLISION W/MOTOR VEHICLE-TRANSPORT,2,RAIN,1,DAYLIGHT,24,GUARDRAIL FACE,I40 E EXT RAMP & I 40,NASHVILLE,TN,37214,8955,HERMIT,36.155,-86.6271,POINT (-86.6271 36.155)
20190059063,01/23/2019 08:20:00 AM,2,0,0,,N,716886,11,Front to Rear,2,RAIN,1,DAYLIGHT,12,MOTOR VEHICLE IN TRANSPORT,MM 54 8 I 24,NASHVILLE,TN,37211,8812,SOUTH,36.0968,-86.7085,POINT (-86.7085 36.0968)
20190057089,01/22/2019 03:43:00 PM,2,0,0,,N,256505,11,Front to Rear,21,CLEAR,1,DAYLIGHT,12,MOTOR VEHICLE IN TRANSPORT,EDGEHILL AV & 17TH AVS,NASHVILLE,TN,37212,6627,MIDTOW,36.1435,-86.7944,POINT (-86.7944 36.1435)
20190340061,05/03/2019 08:45:00 AM,2,0,0,,N,676834,5,SIDESWIPE - SAME DIRECTION,22,CLOUDY,1,DAYLIGHT,12,MOTOR VEHICLE IN TRANSPORT,W TRINITY LN & BRICK CHURCH PKE,NASHVILLE,TN,37207,3003,NORTH,36.2066,-86.7779,POINT (-86.7779 36.2066)
20190155182,02/26/2019 09:16:00 AM,2,3,0,,N,161952,11,Front to Rear,21,CLEAR,1,DAYLIGHT,12,MOTOR VEHICLE IN TRANSPORT,I24 E EXT RAMP & WHITES CREEK PKE,JOELTON,TN,37080,3331,NORTH,36.3222,-86.868,POINT (-86.868 36.3222)
20190561959,07/28/2019 12:37:00 PM,2,0,0,,N,212325,4,ANGLE,22,CLOUDY,1,DAYLIGHT,12,MOTOR VEHICLE IN TRANSPORT,OLD HICKORY BLVDW & OLD TIME VILLAGE PVT,MADISON,TN,37115,1771,MADISO,36.2632,-86.7131,POINT (-86.7131 36.2632)
20190577378,08/03/2019 12:00:00 AM,2,0,0,,Y,279200,11,Front to Rear,21,CLEAR,1,DAYLIGHT,12,MOTOR VEHICLE IN TRANSPORT,3RD AVS & KOREAN VETERANS BLVD,NASHVILLE,TN,37201,4053,CENTRA,36.1579,-86.7736,POINT (-86.7736 36.1579)
20190279409,04/11/2019 05:27:00 PM,2,1,0,,N,267831,11,Front to Rear,21,CLEAR,1,DAYLIGHT,12,MOTOR VEHICLE IN TRANSPORT,HIGHWAY 70S & BELLE FOREST CIR,NASHVILLE,TN,37221,4811,WEST,36.074,-86.9248,POINT (-86.9248 36.074)
20190071013,01/27/2019 12:00:00 AM,3,0,0,,N,311333,11,Front to Rear,22,CLOUDY,2,DARK - NOT LIGHTED,12,MOTOR VEHICLE IN TRANSPORT,MM 56 0 I 24,NASHVILLE,TN,37211,8708,SOUTH,36.0818,-86.6975,POINT (-86.6975 36.0818)
20190304090,04/20/2019 08:50:00 AM,1,0,0,Y,N,166478,0,NOT COLLISION W/MOTOR VEHICLE-TRANSPORT,2,RAIN,1,DAYLIGHT,24;71,GUARDRAIL FACE;EMBANKMENT EARTH,I65 S ENT RAMP & I 65,NASHVILLE,TN,37207,3007,NORTH,36.2057,-86.778,POINT (-86.778 36.2057)
20190378164,05/17/2019 12:45:00 PM,2,0,0,,Y,226136,11,Front to Rear,22,CLOUDY,1,DAYLIGHT,12,MOTOR VEHICLE IN TRANSPORT,BLAIR BLVD & 21ST AVS,NASHVILLE,TN,37212,5909,MIDTOW,36.1303,-86.802,POINT (-86.802 36.1303)
20190552723,07/24/2019 03:34:00 PM,2,0,0,,N,256389,4,ANGLE,21,CLEAR,1,DAYLIGHT,12,MOTOR VEHICLE IN TRANSPORT,THOMPSON LN & KRAFT DR,NASHVILLE,TN,37204,8525,MIDTOW,36.1114,-86.758,POINT (-86.758 36.1114)
20190408000,05/28/2019 06:51:00 PM,2,2,0,,N,206682,4,ANGLE,21,CLEAR,1,DAYLIGHT,12,MOTOR VEHICLE IN TRANSPORT,GALLATIN PKES & STATE RT 45,MADISON,TN,37115,1701,MADISO,36.2628,-86.712,POINT (-86.712 36.2628)
20190388919,05/21/2019 06:40:00 AM,1,1,0,,N,330417,0,NOT COLLISION W/MOTOR VEHICLE-TRANSPORT,21,CLEAR,1,DAYLIGHT,30,UTILITY POLE,GRAPEVINE AV & SHADY STONEWAY,MADISON,TN,37115,1505,MADISO,36.2446,-86.7116,POINT (-86.7116 36.2446)
20190226171,03/23/2019 12:57:00 PM,2,0,0,,N,140790,4,ANGLE,21,CLEAR,1,DAYLIGHT,14,PARKED MOTOR VEHICLE,ROBINSON RD & MARTINGALE DR,OLD HICKORY,TN,37138,9619,HERMIT,36.2562,-86.6545,POINT (-86.6545 36.2562)
20190273351,04/09/2019 12:00:00 AM,2,0,0,,N,279200,11,Front to Rear,21,CLEAR,1,DAYLIGHT,12,MOTOR VEHICLE IN TRANSPORT,5TH AVN & JEFFERSON ST,NASHVILLE,TN,37219,4235,CENTRA,36.1743,-86.7874,POINT (-86.7874 36.1743)