Accident Number,Date and Time,Number of Motor Vehicles,Number of Injuries,Number of Fatalities,Property Damage,Hit and Run,Reporting Officer,Collision Type Code,Collision Type Description,Weather Code,Weather Description,Illumination Code,Illumination Description,Harmful Code,Harmful Code Description,Street Address,City,State,ZIP,RPA,Precinct,Latitude,Longitude,Mapped Location
20190184528,03/08/2019 02:05:00 PM,2,0,0,,N,311338,11,Front to Rear,2,RAIN,1,DAYLIGHT,12,MOTOR VEHICLE IN TRANSPORT,MM 85 0 I 65,NASHVILLE,TN,37208,43021,NORTH,36.1799,-86.8005,POINT (-86.8005 36.1799)
20190295294,04/17/2019 10:15:00 AM,2,0,0,,N,665896,5,SIDESWIPE - SAME DIRECTION,21,CLEAR,1,DAYLIGHT,12,MOTOR VEHICLE IN TRANSPORT,SPRING ST & JAMES ROBERTSON PKWY,NASHVILLE,TN,37206,1113,EAST,36.1728,-86.7653,POINT (-86.7653 36.1728)
20190149896,02/24/2019 11:40:00 AM,2,0,0,,N,481573,4,ANGLE,21,CLEAR,1,DAYLIGHT,12,MOTOR VEHICLE IN TRANSPORT,HILLSBORO PKE & ENCLAVE AT HILLSBORO VIL,NASHVILLE,TN,37212,6507,MIDTOW,36.1253,-86.8056,POINT (-86.8056 36.1253)
20190191746,03/11/2019 05:00:00 PM,2,1,0,,N,311328,11,Front to Rear,21,CLEAR,1,DAYLIGHT,12,MOTOR VEHICLE IN TRANSPORT,MM 208 0 I 40,NASHVILLE,TN,37208,54022,NORTH,36.1707,-86.7983,POINT (-86.7983 36.1707)
20190397714,05/24/2019 01:15:00 PM,2,0,0,,Y,299238,5,SIDESWIPE - SAME DIRECTION,21,CLEAR,1,DAYLIGHT,12,MOTOR VEHICLE IN TRANSPORT,MM 46 7 I 24,NASHVILLE,TN,37207,19060,EAST,36.1922,-86.7755,POINT (-86.7755 36.1922)
20190447483,06/12/2019 05:22:00 PM,2,0,0,,Y,206675,4,ANGLE,21,CLEAR,1,DAYLIGHT,12,MOTOR VEHICLE IN TRANSPORT,THOMPSON LN & FOSTER CREIGHTON DR,NASHVILLE,TN,37204,8305,MIDTOW,36.111,-86.754,POINT (-86.754 36.111)
20190537220,07/18/2019 12:50:00 PM,3,0,0,,N,544481,11,Front to Rear,22,CLOUDY,1,DAYLIGHT,12,MOTOR VEHICLE IN TRANSPORT,MM 49 0 I 24,NASHVILLE,TN,37206,10040,EAST,36.1664,-86.7647,POINT (-86.7647 36.1664)
20190267467,04/07/2019 12:25:00 PM,2,2,0,,N,591933,11,Front to Rear,22,CLOUDY,1,DAYLIGHT,12,MOTOR VEHICLE IN TRANSPORT,OLD HICKORY BLVD & FIRESTONE PKWY,ANTIOCH,TN,37013,8867,SOUTH,36.017,-86.6199,POINT (-86.6199 36.017)
20190153731,02/25/2019 12:00:00 AM,2,1,0,,N,240981,4,ANGLE,21,CLEAR,3,DARK - LIGHTED,12,MOTOR VEHICLE IN TRANSPORT,EASTLAND AV & GALLATIN AV,NASHVILLE,TN,37206,1243,EAST,36.1838,-86.7484,POINT (-86.7484 36.1838)
20190157840,02/27/2019 07:04:00 AM,2,0,0,,N,109534,11,Front to Rear,21,CLEAR,1,DAYLIGHT,12,MOTOR VEHICLE IN TRANSPORT,KNIGHTS OF COLUMBUS BLVD & I40 E ENT RAM,NASHVILLE,TN,37217,8951,HERMIT,36.1422,-86.6967,POINT (-86.6967 36.1422)
20190510921,07/07/2019 08:00:00 PM,1,0,0,Y,N,320579,0,NOT COLLISION W/MOTOR VEHICLE-TRANSPORT,2,RAIN,5,DUSK,29;65,LUMINAIRE/LIGHT SUPPORT;Cross Median,BRILEY PKWYE & BRILEY PKWYW,NASHVILLE,TN,37207,20120,MADISO,36.2396,-86.7751,POINT (-86.7751 36.2396)
20190410804,05/29/2019 05:26:00 PM,2,1,0,,N,256426,11,Front to Rear,21,CLEAR,1,DAYLIGHT,12,MOTOR VEHICLE IN TRANSPORT,2ND AVS & LAFAYETTE ST,NASHVILLE,TN,37210,8201,HERMIT,36.1512,-86.7682,POINT (-86.7682 36.1512)
20190016891,01/07/2019 04:12:00 PM,2,0,0,,N,256383,6,SIDESWIPE - OPPOSITE DIRECTION,22,CLOUDY,1,DAYLIGHT,12,MOTOR VEHICLE IN TRANSPORT,MCGAVOCK PKE & CURREY RD,NASHVILLE,TN,37217,8839,SOUTH,36.1019,-86.6921,POINT (-86.6921 36.1019)
20190234008,03/26/2019 07:45:00 AM,2,0,0,,Y,226405,5,SIDESWIPE - SAME DIRECTION,21,CLEAR,1,DAYLIGHT,12,MOTOR VEHICLE IN TRANSPORT,14TH AVN & CHARLOTTE AV,NASHVILLE,TN,37203,5501,MIDTOW,36.1608,-86.7937,POINT (-86.7937 36.1608)
20190496672,07/01/2019 09:15:00 PM,2,2,0,,N,717341,2,HEAD-ON,21,CLEAR,3,DARK - LIGHTED,12,MOTOR VEHICLE IN TRANSPORT,BLUE HOLE RD & BELL RD,ANTIOCH,TN,37013,8721,SOUTH,36.0458,-86.6744,POINT (-86.6744 36.0458)
20190228991,03/24/2019 06:55:00 PM,2,0,0,,Y,579971,4,ANGLE,21,CLEAR,3,DARK - LIGHTED,12,MOTOR VEHICLE IN TRANSPORT,CHIMNEYTOP DR & MOUNTAINHIGH DR,ANTIOCH,TN,37013,8753,SOUTH,36.0398,-86.6619,POINT (-86.6619 36.0398)
20190040291,01/16/2019 06:04:00 AM,2,0,0,,N,716886,5,SIDESWIPE - SAME DIRECTION,21,CLEAR,1,DAYLIGHT,12,MOTOR VEHICLE IN TRANSPORT,MM 58 8 I 24,ANTIOCH,TN,37013,87061,SOUTH,36.0506,-86.6683,POINT (-86.6683 36.0506)
20190051686,01/20/2019 03:48:00 PM,2,0,0,,N,311328,5,SIDESWIPE - SAME DIRECTION,21,CLEAR,1,DAYLIGHT,12,MOTOR VEHICLE IN TRANSPORT,UNION ST & 6TH AVN,NASHVILLE,TN,37219,4141,CENTRA,36.164,-86.7823,POINT (-86.7823 36.164)
20190458466,06/17/2019 02:00:00 AM,1,0,0,Y,N,151122,0,NOT COLLISION W/MOTOR VEHICLE-TRANSPORT,2,RAIN,3,DARK - LIGHTED,38;41;64,FENCE;SHRUBBERY;Ran Off Road-Left,DOWDY DR & XAVIER DR,ANTIOCH,TN,37013,8899,SOUTH,36.0694,-86.6743,POINT (-86.6743 36.0694)
20190339078,05/02/2019 11:18:00 PM,2,2,0,,N,311336,11,Front to Rear,21,CLEAR,3,DARK - LIGHTED,12,MOTOR VEHICLE IN TRANSPORT,I24 W EXT RAMP & I 24,NASHVILLE,TN,37211,8829,SOUTH,36.1074,-86.7197,POINT (-86.7197 36.1074)
20190474835,06/23/2019 08:12:00 AM,1,0,0,Y,Y,352199,0,NOT COLLISION W/MOTOR VEHICLE-TRANSPORT,21,CLEAR,1,DAYLIGHT,30,UTILITY POLE,MCGAVOCK PKE & TWO RIVERS PKWY,NASHVILLE,TN,37214,9317,HERMIT,36.1832,-86.6775,POINT (-86.6775 36.1832)
20190371847,05/15/2019 11:20:00 AM,2,0,0,,Y,481573,98,OTHER,22,CLOUDY,1,DAYLIGHT,14,PARKED MOTOR VEHICLE,NOLENSVILLE PKE & WHEELER AV,NASHVILLE,TN,37211,8435,SOUTH,36.0948,-86.737,POINT (-86.737 36.0948)
20190510922,07/07/2019 07:56:00 PM,2,0,0,,N,179583,11,Front to Rear,2,RAIN,3,DARK - LIGHTED,12,MOTOR VEHICLE IN TRANSPORT,I24E & I24 W EXT RAMP,NASHVILLE,TN,37210,8102,SOUTH,36.1336,-86.7269,POINT (-86.7269 36.1336)
20190168020,03/03/2019 01:44:00 AM,2,3,0,,N,134867,11,Front to Rear,2,RAIN,3,DARK - LIGHTED,12,MOTOR VEHICLE IN TRANSPORT,MONROE ST & 3RD AVN,NASHVILLE,TN,37208,4317,NORTH,36.1776,-86.787,POINT (-86.787 36.1776)
20190184110,03/08/2019 11:30:00 AM,2,1,0,,N,226136,11,Front to Rear,2,RAIN,1,DAYLIGHT,12,MOTOR VEHICLE IN TRANSPORT,MM 4 0 I 440,NASHVILLE,TN,37204,7010,MIDTOW,36.1161,-86.7901,POINT (-86.7901 36.1161)
20190429052,06/05/2019 03:49:00 PM,3,3,0,,N,256389,2,HEAD-ON,21,CLEAR,1,DAYLIGHT,12,MOTOR VEHICLE IN TRANSPORT,BATTLEFIELD DR & STOKES LN,NASHVILLE,TN,37215,6419,MIDTOW,36.1159,-86.7986,POINT (-86.7986 36.1159)
20190401282,05/25/2019 11:45:00 PM,1,0,0,Y,N,330438,0,NOT COLLISION W/MOTOR VEHICLE-TRANSPORT,21,CLEAR,2,DARK - NOT LIGHTED,27;34,H-WAY TRAFFIC SIGNAL POST;DITCH,N NEW HOPE RD & OLD LEBANON DIRT RD,HERMITAGE,TN,37076,9513,HERMIT,36.1917,-86.5819,POINT (-86.5819 36.1917)
20190478126,06/24/2019 07:15:00 PM,2,0,0,,N,279214,11,Front to Rear,21,CLEAR,1,DAYLIGHT,12,MOTOR VEHICLE IN TRANSPORT,LOMBARDY AV & HILLSBORO PKE,NASHVILLE,TN,,6001,WEST,,,
20190034612,01/14/2019 10:22:00 AM,2,0,0,,N,226136,11,Front to Rear,22,CLOUDY,1,DAYLIGHT,12,MOTOR VEHICLE IN TRANSPORT,FRANKLIN PKE & CRAIGHEAD ST,NASHVILLE,TN,37204,6921,MIDTOW,36.1266,-86.7772,POINT (-86.7772 36.1266)
20190239736,03/28/2019 06:54:00 AM,2,0,0,,N,191578,11,Front to Rear,21,CLEAR,1,DAYLIGHT,12,MOTOR VEHICLE IN TRANSPORT,MURFREESBORO PKE & EDGE O LAKE DR,ANTIOCH,TN,37013,8891,SOUTH,36.0795,-86.6446,POINT (-86.6446 36.0795)
20190032641,01/13/2019 03:03:00 PM,2,0,0,,N,279204,4,ANGLE,22,CLOUDY,5,DUSK,12,MOTOR VEHICLE IN TRANSPORT,ROSA L PARKS BLVD & I65 N ENT RAMP,NASHVILLE,TN,37208,4353,NORTH,36.184,-86.798,POINT (-86.798 36.184)
20190465515,06/19/2019 04:13:00 PM,1,1,0,,N,256380,0,NOT COLLISION W/MOTOR VEHICLE-TRANSPORT,21,CLEAR,1,DAYLIGHT,34,DITCH,OLD CLARKSVILLE PKE & EATONS CREEK RD,JOELTON,TN,37080,3307,NORTH,36.3163,-86.8766,POINT (-86.8766 36.3163)
20190073914,01/28/2019 05:29:00 PM,2,0,0,,N,320581,5,SIDESWIPE - SAME DIRECTION,22,CLOUDY,3,DARK - LIGHTED,12,MOTOR VEHICLE IN TRANSPORT,MM 79 5 I 65,NASHVILLE,TN,37204,70042,MIDTOW,36.106,-86.7678,POINT (-86.7678 36.106)
20190070690,01/27/2019 01:30:00 PM,3,0,0,,Y,279227,98,OTHER,21,CLEAR,1,DAYLIGHT,12,MOTOR VEHICLE IN TRANSPORT,MURFREESBORO PKE & HOBSON PKE,ANTIOCH,TN,37013,8927,SOUTH,36.043,-86.6066,POINT (-86.6066 36.043)
20190439284,06/09/2019 07:20:00 PM,2,0,0,,Y,330427,11,Front to Rear,21,CLEAR,1,DAYLIGHT,14,PARKED MOTOR VEHICLE,GWYNNWOOD DR & MCCARTHY PARK LN,NASHVILLE,TN,37207,3023,NORTH,36.2305,-86.7925,POINT (-86.7925 36.2305)
20190339817,05/03/2019 06:48:00 AM,2,0,0,,N,716886,4,ANGLE,21,CLEAR,1,DAYLIGHT,12,MOTOR VEHICLE IN TRANSPORT,GLENROSE AV & FOSTER AV,NASHVILLE,TN,37210,8105,SOUTH,36.1254,-86.7424,POINT (-86.7424 36.1254)
20190264801,04/06/2019 07:30:00 AM,2,0,0,Y,N,279227,4,ANGLE,21,CLEAR,1,DAYLIGHT,12,MOTOR VEHICLE IN TRANSPORT,MM 55 5 I 24,NASHVILLE,TN,37211,8812,SOUTH,36.0886,-86.7019,POINT (-86.7019 36.0886)
20190377430,05/17/2019 06:58:00 AM,2,1,0,Y,N,191578,2,HEAD-ON,21,CLEAR,1,DAYLIGHT,12;30,MOTOR VEHICLE IN TRANSPORT;UTILITY POLE,LEBANON PKE & SPENCE LN,NASHVILLE,TN,37210,9019,HERMIT,36.1537,-86.7214,POINT (-86.7214 36.1537)
20190363581,05/12/2019 11:15:00 AM,2,1,0,,N,256502,4,ANGLE,21,CLEAR,1,DAYLIGHT,13,MOTOR VEHICLE IN TRANSPORT-OTHER ROADWAY,21ST AVN & HEIMAN ST,NASHVILLE,TN,37208,4481,NORTH,36.1711,-86.8099,POINT (-86.8099 36.1711)
20190136558,02/19/2019 06:50:00 PM,1,1,0,,N,311798,0,NOT COLLISION W/MOTOR VEHICLE-TRANSPORT,2,RAIN,2,DARK - NOT LIGHTED,36,CONCRETE TRAFFIC BARRIER,ROSA L PARKS BLVD & LOCKLAYER ST,NASHVILLE,TN,37208,4239,NORTH,36.1714,-86.7902,POINT (-86.7902 36.1714)
20190416811,05/31/2019 05:30:00 PM,4,0,0,,Y,256386,11,Front to Rear,21,CLEAR,1,DAYLIGHT,12,MOTOR VEHICLE IN TRANSPORT,I 24 & UNKNOWN RAMP,NASHVILLE,TN,37210,9004,HERMIT,36.1402,-86.7258,POINT (-86.7258 36.1402)
20190295993,04/17/2019 02:27:00 PM,2,1,0,,N,226136,11,Front to Rear,22,CLOUDY,1,DAYLIGHT,12,MOTOR VEHICLE IN TRANSPORT,WEST END AV & 20TH AVN,NASHVILLE,TN,37203,5709,MIDTOW,36.1514,-86.7993,POINT (-86.7993 36.1514)
20190145267,02/22/2019 02:00:00 PM,1,0,0,,N,267831,0,NOT COLLISION W/MOTOR VEHICLE-TRANSPORT,2,RAIN,1,DAYLIGHT,7,,RIVER ROAD PKE & RIVER ROAD PKE PVTDR,NASHVILLE,TN,37209,4705,WEST,36.2021,-86.9796,POINT (-86.9796 36.2021)
20190374396,05/16/2019 07:55:00 AM,2,0,0,,N,223502,5,SIDESWIPE - SAME DIRECTION,21,CLEAR,1,DAYLIGHT,12,MOTOR VEHICLE IN TRANSPORT,MM 52 0 I 24,NASHVILLE,TN,37217,8816,SOUTH,36.1329,-86.7267,POINT (-86.7267 36.1329)
20190528738,07/15/2019 11:00:00 AM,1,0,0,Y,N,226622,0,NOT COLLISION W/MOTOR VEHICLE-TRANSPORT,22,CLOUDY,1,DAYLIGHT,34;40;63,DITCH;MAIL BOX;Ran Off Road-Right,OLD CHARLOTTE PIKE & GOWER RD,NASHVILLE,TN,37221,4709,WEST,36.1221,-86.9309,POINT (-86.9309 36.1221)
20190186123,03/09/2019 12:00:00 AM,1,1,0,,N,320602,0,NOT COLLISION W/MOTOR VEHICLE-TRANSPORT,2,RAIN,3,DARK - LIGHTED,36,CONCRETE TRAFFIC BARRIER,I 40 & UNKNOWN RAMP,NASHVILLE,TN,37210,9041,HERMIT,36.144,-86.7013,POINT (-86.7013 36.144)
20190522727,07/12/2019 03:36:00 PM,2,2,0,,N,330440,11,Front to Rear,21,CLEAR,1,DAYLIGHT,12,MOTOR VEHICLE IN TRANSPORT,MM 85 5 I 65,NASHVILLE,TN,37208,4304,CENTRA,36.1888,-86.793,POINT (-86.793 36.1888)
20190373017,05/15/2019 09:01:00 PM,2,2,0,,N,240955,4,ANGLE,22,CLOUDY,3,DARK - LIGHTED,12,MOTOR VEHICLE IN TRANSPORT,HAMILTON CHURCH RD & HOBSON PKE,ANTIOCH,TN,37013,8905,SOUTH,36.0586,-86.5978,POINT (-86.5978 36.0586)
20190465002,06/19/2019 12:17:00 PM,2,0,0,,N,191578,5,SIDESWIPE - SAME DIRECTION,21,CLEAR,1,DAYLIGHT,12,MOTOR VEHICLE IN TRANSPORT,MM 212 3 I 40,NASHVILLE,TN,37210,8206,HERMIT,36.1447,-86.7399,POINT (-86.7399 36.1447)
20190566976,07/30/2019 02:40:00 PM,3,0,0,,Y,279214,11,Front to Rear,21,CLEAR,1,DAYLIGHT,12,MOTOR VEHICLE IN TRANSPORT,8TH AVS & SOUTH DOUGLAS AV,NASHVILLE,TN,37204,6945,MIDTOW,36.1312,-86.7788,POINT (-86.7788 36.1312)
20190024505,01/10/2019 09:49:00 AM,2,0,0,,Y,716886,11,Front to Rear,21,CLEAR,1,DAYLIGHT,12,MOTOR VEHICLE IN TRANSPORT,NOLENSVILLE PKE & JOYNER AV,NASHVILLE,TN,37210,8317,SOUTH,36.1165,-86.7481,POINT (-86.7481 36.1165)
20190380909,05/18/2019 03:15:00 PM,2,0,0,,N,330413,5,SIDESWIPE - SAME DIRECTION,21,CLEAR,1,DAYLIGHT,12,MOTOR VEHICLE IN TRANSPORT,OLD HICKORY BLVD & HICKORY SPRINGS RD,NASHVILLE,TN,37215,6305,MIDTOW,36.0413,-86.822,POINT (-86.822 36.0413)
20190347979,05/06/2019 12:00:00 AM,2,1,0,,N,298861,5,SIDESWIPE - SAME DIRECTION,21,CLEAR,1,DAYLIGHT,12,MOTOR VEHICLE IN TRANSPORT,CHARLES E DAVIS BLVD & CANNON ST,NASHVILLE,TN,37210,8205,HERMIT,36.1512,-86.7621,POINT (-86.7621 36.1512)
20190170914,03/04/2019 09:45:00 AM,2,0,0,,N,717625,5,SIDESWIPE - SAME DIRECTION,22,CLOUDY,1,DAYLIGHT,12,MOTOR VEHICLE IN TRANSPORT,21ST AVN & MEHARRY BLVD,NASHVILLE,TN,37208,5327,NORTH,36.1679,-86.8094,POINT (-86.8094 36.1679)
20190097774,02/05/2019 05:50:00 PM,2,0,0,,Y,240968,6,SIDESWIPE - OPPOSITE DIRECTION,21,CLEAR,1,DAYLIGHT,12,MOTOR VEHICLE IN TRANSPORT,MURFREESBORO PKE & BROOKSBORO PL,ANTIOCH,TN,37013,8891,SOUTH,36.0837,-86.6472,POINT (-86.6472 36.0837)
20190101099,02/06/2019 12:00:00 AM,2,0,0,,N,212343,11,Front to Rear,2,RAIN,7,Dark-Unknown Lighting,12,MOTOR VEHICLE IN TRANSPORT,MM 48 0 I 24,NASHVILLE,TN,37213,1908,CENTRA,36.1759,-86.7721,POINT (-86.7721 36.1759)
20190074373,01/28/2019 09:07:00 PM,2,0,0,,N,320581,11,Front to Rear,2,RAIN,3,DARK - LIGHTED,12,MOTOR VEHICLE IN TRANSPORT,MM 4 0 I 440,NASHVILLE,TN,37204,7010,MIDTOW,36.1161,-86.7901,POINT (-86.7901 36.1161)
20190321959,04/26/2019 08:02:00 AM,2,0,0,,N,311799,5,SIDESWIPE - SAME DIRECTION,21,CLEAR,1,DAYLIGHT,12,MOTOR VEHICLE IN TRANSPORT,I65 N EXT RAMP & OLD HICKORY BLVDW,MADISON,TN,37115,1777,MADISO,36.2642,-86.7356,POINT (-86.7356 36.2642)
20190122867,02/14/2019 03:05:00 PM,2,0,0,,N,134899,4,ANGLE,21,CLEAR,1,DAYLIGHT,12,MOTOR VEHICLE IN TRANSPORT,LEBANON PKE & THE CROSSINGS PVTDR,NASHVILLE,TN,37214,9121,HERMIT,36.169,-86.6833,POINT (-86.6833 36.169)
20190177110,03/06/2019 06:10:00 AM,3,0,0,,N,225819,4,ANGLE,21,CLEAR,1,DAYLIGHT,12,MOTOR VEHICLE IN TRANSPORT,OLD HICKORY BLVD & I 24,ANTIOCH,TN,37013,8765,SOUTH,36.0134,-86.6207,POINT (-86.6207 36.0134)
20190506535,07/05/2019 12:23:00 PM,1,0,0,Y,N,572251,0,NOT COLLISION W/MOTOR VEHICLE-TRANSPORT,21,CLEAR,1,DAYLIGHT,24,GUARDRAIL FACE,MYATT DR & EDENWOLD RD,MADISON,TN,37115,1721,MADISO,36.2917,-86.6943,POINT (-86.6943 36.2917)
20190220750,03/21/2019 02:59:00 PM,2,0,0,,N,197054,4,ANGLE,21,CLEAR,1,DAYLIGHT,12,MOTOR VEHICLE IN TRANSPORT,MURFREESBORO PKE & KERMIT DR,NASHVILLE,TN,37217,8823,HERMIT,36.1215,-86.7045,POINT (-86.7045 36.1215)
20190022321,01/09/2019 02:26:00 PM,2,0,0,,N,580819,4,ANGLE,21,CLEAR,1,DAYLIGHT,12,MOTOR VEHICLE IN TRANSPORT,RUSSELL ST & S 1ST ST,NASHVILLE,TN,37213,1133,CENTRA,36.168,-86.7716,POINT (-86.7716 36.168)
20190471823,06/21/2019 06:55:00 PM,3,1,0,,N,256380,11,Front to Rear,21,CLEAR,1,DAYLIGHT,12,MOTOR VEHICLE IN TRANSPORT,MM 85 0 I 65,NASHVILLE,TN,37208,43021,NORTH,36.1799,-86.8005,POINT (-86.8005 36.1799)
20190192339,03/11/2019 10:40:00 PM,2,0,0,,N,109536,11,Front to Rear,21,CLEAR,3,DARK - LIGHTED,12,MOTOR VEHICLE IN TRANSPORT,OLD HICKORY BLVDW & HEAD DR,MADISON,TN,37115,1777,MADISO,36.2642,-86.7346,POINT (-86.7346 36.2642)
20190447623,06/12/2019 06:10:00 PM,2,1,0,,Y,839054,5,SIDESWIPE - SAME DIRECTION,21,CLEAR,1,DAYLIGHT,12,MOTOR VEHICLE IN TRANSPORT,EZELL PKE & MURFREESBORO PKE,NASHVILLE,TN,37217,8849,SOUTH,36.1044,-86.6719,POINT (-86.6719 36.1044)
20190039182,01/15/2019 09:00:00 PM,2,0,0,,N,140806,5,SIDESWIPE - SAME DIRECTION,21,CLEAR,3,DARK - LIGHTED,12,MOTOR VEHICLE IN TRANSPORT,EDMONDSON PKE & MCMURRAY DR,NASHVILLE,TN,37220,8615,MIDTOW,36.0579,-86.7418,POINT (-86.7418 36.0579)
20190350366,05/07/2019 10:17:00 AM,2,0,0,,N,311804,4,ANGLE,21,CLEAR,1,DAYLIGHT,12,MOTOR VEHICLE IN TRANSPORT,BROADWAY & 11TH AVN,NASHVILLE,TN,37203,4077,CENTRA,36.1574,-86.7856,POINT (-86.7856 36.1574)
20190517501,07/10/2019 02:50:00 PM,3,0,0,,N,256374,11,Front to Rear,22,CLOUDY,1,DAYLIGHT,12,MOTOR VEHICLE IN TRANSPORT,BELL RD & BRENTRIDGE DR,ANTIOCH,TN,37013,8719,SOUTH,36.047,-86.6815,POINT (-86.6815 36.047)
20190070675,01/27/2019 01:27:00 PM,2,1,0,,Y,591936,4,ANGLE,21,CLEAR,1,DAYLIGHT,12,MOTOR VEHICLE IN TRANSPORT,ORLEANS DR & WEST END AV,NASHVILLE,TN,37212,5819,MIDTOW,36.1393,-86.8189,POINT (-86.8189 36.1393)
20190445030,06/11/2019 07:46:00 PM,2,2,0,,N,330436,4,ANGLE,21,CLEAR,1,DAYLIGHT,12,MOTOR VEHICLE IN TRANSPORT,2ND AVN & MADISON ST,NASHVILLE,TN,37208,4315,CENTRA,36.1769,-86.7846,POINT (-86.7846 36.1769)
20190046116,01/18/2019 05:23:00 AM,2,1,0,,N,279233,4,ANGLE,21,CLEAR,3,DARK - LIGHTED,12,MOTOR VEHICLE IN TRANSPORT,CHARLOTTE AV & 46TH AVN,NASHVILLE,TN,37209,5203,WEST,36.1522,-86.8422,POINT (-86.8422 36.1522)
20190382325,05/19/2019 06:00:00 AM,1,0,0,,Y,405391,0,NOT COLLISION W/MOTOR VEHICLE-TRANSPORT,21,CLEAR,2,DARK - NOT LIGHTED,34;42,DITCH;TREE,HIGHWAY 100 & FAIRVIEW BLVD,NASHVILLE,TN,37221,4805,WEST,36.0143,-87.0404,POINT (-87.0404 36.0143)
20190485872,06/27/2019 11:58:00 AM,2,1,0,,N,134899,4,ANGLE,21,CLEAR,1,DAYLIGHT,12,MOTOR VEHICLE IN TRANSPORT,BRILEY PKWYN & CORPORATE DR,NASHVILLE,TN,37217,8998,HERMIT,36.1343,-86.6974,POINT (-86.6974 36.1343)
20190474388,06/23/2019 12:00:00 AM,2,0,0,,N,676828,5,SIDESWIPE - SAME DIRECTION,21,CLEAR,3,DARK - LIGHTED,12,MOTOR VEHICLE IN TRANSPORT,20TH AVN & STATE ST,NASHVILLE,TN,37203,5509,MIDTOW,36.1543,-86.8015,POINT (-86.8015 36.1543)
20190560732,07/27/2019 08:45:00 PM,1,0,0,,N,320598,0,NOT COLLISION W/MOTOR VEHICLE-TRANSPORT,21,CLEAR,2,DARK - NOT LIGHTED,30;34,UTILITY POLE;DITCH,EDMONDSON PKE & CLOVERLAND DR,NASHVILLE,TN,37211,8651,MIDTOW,36.0295,-86.7441,POINT (-86.7441 36.0295)
20190483773,06/26/2019 06:22:00 PM,2,0,0,,N,212330,11,Front to Rear,22,CLOUDY,1,DAYLIGHT,12,MOTOR VEHICLE IN TRANSPORT,MM 54 8 I 24,NASHVILLE,TN,37211,8812,SOUTH,36.0968,-86.7085,POINT (-86.7085 36.0968)
20190301606,04/19/2019 10:10:00 AM,2,0,0,,N,226136,11,Front to Rear,2,RAIN,1,DAYLIGHT,12,MOTOR VEHICLE IN TRANSPORT,MM 209 1 I 40,NASHVILLE,TN,37203,4002,CENTRA,36.1558,-86.7892,POINT (-86.7892 36.1558)
20190420246,06/02/2019 06:30:00 AM,2,0,0,Y,Y,320574,11,Front to Rear,21,CLEAR,4,DAWN,12;30,MOTOR VEHICLE IN TRANSPORT;UTILITY POLE,1800 DONELSON PKE,NASHVILLE,TN,37214,9409,HERMIT,36.1526,-86.6659,POINT (-86.6659 36.1526)
20190579272,08/04/2019 10:45:00 AM,2,0,0,,N,299243,5,SIDESWIPE - SAME DIRECTION,21,CLEAR,1,DAYLIGHT,14,PARKED MOTOR VEHICLE,6TH AVN & CHURCH ST,NASHVILLE,TN,37219,4125,CENTRA,36.1626,-86.7814,POINT (-86.7814 36.1626)
20190187909,03/10/2019 01:43:00 AM,2,0,0,,Y,298875,5,SIDESWIPE - SAME DIRECTION,21,CLEAR,3,DARK - LIGHTED,12,MOTOR VEHICLE IN TRANSPORT,MURFREESBORO PKE & HAMILTON GLEN PL,ANTIOCH,TN,37013,8865,SOUTH,36.0602,-86.6234,POINT (-86.6234 36.0602)
20190082836,01/31/2019 08:45:00 AM,2,1,0,,N,226098,4,ANGLE,21,CLEAR,1,DAYLIGHT,12,MOTOR VEHICLE IN TRANSPORT,CLARKSVILLE PKE & STEVENS LN,NASHVILLE,TN,37218,3219,NORTH,36.2388,-86.8307,POINT (-86.8307 36.2388)
20190074211,01/28/2019 08:08:00 PM,2,0,0,,N,330422,4,ANGLE,2,RAIN,3,DARK - LIGHTED,12,MOTOR VEHICLE IN TRANSPORT,DOUGLAS AV & GALLATIN AV,NASHVILLE,TN,37206,1325,EAST,36.1927,-86.7444,POINT (-86.7444 36.1927)
20190323437,04/26/2019 08:26:00 PM,2,0,0,,Y,256380,11,Front to Rear,21,CLEAR,1,DAYLIGHT,12,MOTOR VEHICLE IN TRANSPORT,MM 34 8 I 24,JOELTON,TN,37080,33160,NORTH,36.3243,-86.8707,POINT (-86.8707 36.3243)
20190073646,01/28/2019 03:15:00 PM,2,0,0,,N,299266,4,ANGLE,22,CLOUDY,1,DAYLIGHT,12,MOTOR VEHICLE IN TRANSPORT,ANTIOCH PKE & RICHARDS RD,ANTIOCH,TN,37013,8899,SOUTH,36.0692,-86.6838,POINT (-86.6838 36.0692)
20190177210,03/06/2019 07:11:00 AM,2,0,0,,N,224955,11,Front to Rear,21,CLEAR,1,DAYLIGHT,12,MOTOR VEHICLE IN TRANSPORT,SKYLINE MEMORIAL CT & DICKERSON PKE,MADISON,TN,37115,2009,MADISO,36.2439,-86.7566,POINT (-86.7566 36.2439)
20190329510,04/29/2019 04:09:00 PM,2,0,0,,Y,909485,5,SIDESWIPE - SAME DIRECTION,21,CLEAR,1,DAYLIGHT,12,MOTOR VEHICLE IN TRANSPORT,MM 6 0 I 440,NASHVILLE,TN,37211,81060,MIDTOW,36.1217,-86.7565,POINT (-86.7565 36.1217)
20190275886,04/10/2019 01:01:00 PM,2,0,0,,N,591936,11,Front to Rear,21,CLEAR,1,DAYLIGHT,12,MOTOR VEHICLE IN TRANSPORT,WEDGEWOOD AV & ELLIOTT AV,NASHVILLE,TN,37203,6915,MIDTOW,36.1345,-86.7824,POINT (-86.7824 36.1345)