Accident Number,Date and Time,Number of Motor Vehicles,Number of Injuries,Number of Fatalities,Property Damage,Hit and Run,Reporting Officer,Collision Type Code,Collision Type Description,Weather Code,Weather Description,Illumination Code,Illumination Description,Harmful Code,Harmful Code Description,Street Address,City,State,ZIP,RPA,Precinct,Latitude,Longitude,Mapped Location
20190437180,06/08/2019 07:08:00 PM,1,0,0,Y,N,256423,0,NOT COLLISION W/MOTOR VEHICLE-TRANSPORT,21,CLEAR,1,DAYLIGHT,43,OTHER FIXED OBJECTS,CLARKSVILLE PKE & OLD HICKORY BLVD,NASHVILLE,TN,37218,3231,NORTH,36.2764,-86.8688,POINT (-86.8688 36.2764)
20190018654,01/08/2019 09:55:00 AM,2,0,0,,N,226622,11,Front to Rear,22,CLOUDY,1,DAYLIGHT,12,MOTOR VEHICLE IN TRANSPORT,51ST AVN & ALABAMA AV,NASHVILLE,TN,37209,5121,WEST,36.1531,-86.8486,POINT (-86.8486 36.1531)
20190037141,01/15/2019 06:54:00 AM,2,0,0,,N,226673,11,Front to Rear,22,CLOUDY,1,DAYLIGHT,12,MOTOR VEHICLE IN TRANSPORT,I40 W EXT RAMP & I 40,NASHVILLE,TN,37203,4119,CENTRA,36.1574,-86.79,POINT (-86.79 36.1574)
20190449023,06/13/2019 07:19:00 AM,1,1,0,Y,N,226622,0,NOT COLLISION W/MOTOR VEHICLE-TRANSPORT,21,CLEAR,1,DAYLIGHT,43,OTHER FIXED OBJECTS,TDOT PVTDR & CENTENNIAL BLVD,NASHVILLE,TN,37209,4641,WEST,36.17,-86.8731,POINT (-86.8731 36.17)
20190402914,05/26/2019 07:23:00 PM,2,1,0,,N,330428,4,ANGLE,21,CLEAR,1,DAYLIGHT,12,MOTOR VEHICLE IN TRANSPORT,HIGHWAY 70S & BELLEVUE CTR PVTDR,NASHVILLE,TN,37221,4811,WEST,36.0785,-86.9508,POINT (-86.9508 36.0785)
20190527045,07/14/2019 05:27:00 PM,2,3,0,,N,306708,4,ANGLE,21,CLEAR,1,DAYLIGHT,12,MOTOR VEHICLE IN TRANSPORT,EWING DR & BRICK CHURCH PKE,NASHVILLE,TN,37207,2031,MADISO,36.025,-86.721,POINT (-86.721 36.025)
20190498229,07/02/2019 10:30:00 AM,2,0,0,,N,676834,5,SIDESWIPE - SAME DIRECTION,21,CLEAR,1,DAYLIGHT,12,MOTOR VEHICLE IN TRANSPORT,ATHENS WAY & FRENCH LANDING DR,NASHVILLE,TN,37228,4499,NORTH,36.1963,-86.7994,POINT (-86.7994 36.1963)
20190238088,03/27/2019 04:25:00 PM,3,1,0,,N,256505,11,Front to Rear,21,CLEAR,1,DAYLIGHT,12,MOTOR VEHICLE IN TRANSPORT,MM 5 3 I 440,NASHVILLE,TN,37204,81061,MIDTOW,36.1194,-86.7669,POINT (-86.7669 36.1194)
20190079902,01/30/2019 11:39:00 AM,2,0,0,,N,109534,16,Rear to Side,21,CLEAR,1,DAYLIGHT,12,MOTOR VEHICLE IN TRANSPORT,ANDREW JACKSON PKWY & LEBANON PKE,HERMITAGE,TN,37076,9537,HERMIT,36.2146,-86.5977,POINT (-86.5977 36.2146)
20190126879,02/16/2019 12:20:00 AM,2,2,0,,N,311336,4,ANGLE,2,RAIN,2,DARK - NOT LIGHTED,12,MOTOR VEHICLE IN TRANSPORT,MM 86 5 I 65,NASHVILLE,TN,37207,3006,NORTH,36.1946,-86.7762,POINT (-86.7762 36.1946)
20190237232,03/27/2019 09:42:00 AM,1,0,0,Y,N,474557,0,NOT COLLISION W/MOTOR VEHICLE-TRANSPORT,21,CLEAR,1,DAYLIGHT,40,MAIL BOX,BARNES RD & COTTAGE GROVE CT,ANTIOCH,TN,37013,8757,SOUTH,36.0313,-86.7007,POINT (-86.7007 36.0313)
20190116370,02/12/2019 03:03:00 PM,2,0,0,,N,169425,5,SIDESWIPE - SAME DIRECTION,21,CLEAR,1,DAYLIGHT,12,MOTOR VEHICLE IN TRANSPORT,14TH AVS & BROADWAY,NASHVILLE,TN,37203,5701,MIDTOW,36.1557,-86.7897,POINT (-86.7897 36.1557)
20190310645,04/22/2019 09:00:00 PM,1,0,0,,N,299248,0,NOT COLLISION W/MOTOR VEHICLE-TRANSPORT,21,CLEAR,2,DARK - NOT LIGHTED,11,OTHER ANIMAL,PETTUS RD & OLD HICKORY BLVD,ANTIOCH,TN,37013,8763,SOUTH,36.0269,-86.6808,POINT (-86.6808 36.0269)
20190247057,03/30/2019 10:40:00 PM,2,0,0,,N,299257,11,Front to Rear,2,RAIN,3,DARK - LIGHTED,12,MOTOR VEHICLE IN TRANSPORT,BURTON HILLS BLVD & HILLSBORO PKE,NASHVILLE,TN,37215,6403,MIDTOW,36.0956,-86.8254,POINT (-86.8254 36.0956)
20190491646,06/29/2019 09:48:00 PM,2,1,0,,N,330425,11,Front to Rear,21,CLEAR,3,DARK - LIGHTED,12,MOTOR VEHICLE IN TRANSPORT,BRILEY PKWYW & BRUSH HILL RD,MADISON,TN,37115,1598,MADISO,36.2349,-86.7155,POINT (-86.7155 36.2349)
20190476680,06/24/2019 07:26:00 AM,2,0,0,,N,311325,4,ANGLE,2,RAIN,1,DAYLIGHT,13,MOTOR VEHICLE IN TRANSPORT-OTHER ROADWAY,MCCAMPBELL AV & STEWARTS FERRY PKE,NASHVILLE,TN,37214,9401,HERMIT,36.1646,-86.6513,POINT (-86.6513 36.1646)
20190455403,06/15/2019 03:17:00 PM,2,1,0,,N,330435,11,Front to Rear,21,CLEAR,1,DAYLIGHT,12,MOTOR VEHICLE IN TRANSPORT,DOUGLAS AV & ELLINGTON PKWY S EXT RAMP,NASHVILLE,TN,37207,1875,EAST,36.1934,-86.7538,POINT (-86.7538 36.1934)
20190042030,01/16/2019 06:45:00 PM,2,0,0,,Y,256412,4,ANGLE,21,CLEAR,2,DARK - NOT LIGHTED,12,MOTOR VEHICLE IN TRANSPORT,0 MT VIEW RD,ANTIOCH,TN,37013,8865,SOUTH,36.0435,-86.6308,POINT (-86.6308 36.0435)
20190320064,04/25/2019 05:28:00 PM,2,0,0,,N,279124,4,ANGLE,21,CLEAR,1,DAYLIGHT,12,MOTOR VEHICLE IN TRANSPORT,MURFREESBORO PKE & RURAL HILL RD,ANTIOCH,TN,37013,8861,SOUTH,36.0745,-86.6387,POINT (-86.6387 36.0745)
20190202385,03/15/2019 06:41:00 AM,2,0,0,,N,716886,11,Front to Rear,21,CLEAR,1,DAYLIGHT,12,MOTOR VEHICLE IN TRANSPORT,OLD HICKORY BLVD & FIRESTONE PKWY,ANTIOCH,TN,37013,8867,SOUTH,36.017,-86.6199,POINT (-86.6199 36.017)
20190393699,05/23/2019 08:20:00 AM,1,1,0,,N,693093,0,NOT COLLISION W/MOTOR VEHICLE-TRANSPORT,21,CLEAR,1,DAYLIGHT,11,OTHER ANIMAL,SPRINGFIELD HWY & WILLIAMSON RD,GOODLETTSVILLE,TN,37072,2219,MADISO,36.3575,-86.7248,POINT (-86.7248 36.3575)
20190088418,02/02/2019 02:20:00 AM,2,0,0,,Y,299262,11,Front to Rear,21,CLEAR,3,DARK - LIGHTED,12,MOTOR VEHICLE IN TRANSPORT,BROADWAY & 5TH AVS,NASHVILLE,TN,37203,4089,CENTRA,36.1605,-86.7784,POINT (-86.7784 36.1605)
20190338545,05/02/2019 06:10:00 PM,1,0,0,Y,N,320577,0,NOT COLLISION W/MOTOR VEHICLE-TRANSPORT,21,CLEAR,1,DAYLIGHT,39,WALL,GRAYBAR LN & BELMONT BLVD,NASHVILLE,TN,37215,6415,MIDTOW,36.1103,-86.8004,POINT (-86.8004 36.1103)
20190172334,03/04/2019 07:38:00 PM,2,2,0,,N,151132,11,Front to Rear,21,CLEAR,3,DARK - LIGHTED,12,MOTOR VEHICLE IN TRANSPORT,OLD HICKORY BLVD & DALEMERE DR,NASHVILLE,TN,37207,2133,MADISO,36.2782,-86.772,POINT (-86.772 36.2782)
20190243894,03/29/2019 12:00:00 AM,2,0,0,,Y,226673,4,ANGLE,22,CLOUDY,1,DAYLIGHT,12;14,MOTOR VEHICLE IN TRANSPORT;PARKED MOTOR VEHICLE,514 CHURCH ST,NASHVILLE,TN,37219,4141,CENTRA,36.1631,-86.7804,POINT (-86.7804 36.1631)
20190270171,04/08/2019 02:08:00 PM,2,0,0,,N,716886,11,Front to Rear,22,CLOUDY,1,DAYLIGHT,12,MOTOR VEHICLE IN TRANSPORT,BELL RD & BLUE HOLE RD,ANTIOCH,TN,37013,8719,SOUTH,36.0458,-86.6744,POINT (-86.6744 36.0458)
20190548869,07/23/2019 07:47:00 AM,2,0,0,,Y,716886,5,SIDESWIPE - SAME DIRECTION,21,CLEAR,1,DAYLIGHT,12,MOTOR VEHICLE IN TRANSPORT,NOLENSVILLE PKE & WHEELER AV,NASHVILLE,TN,37211,8435,SOUTH,36.0948,-86.737,POINT (-86.737 36.0948)
20190283924,04/13/2019 11:01:00 AM,2,0,0,,N,298878,11,Front to Rear,2,RAIN,1,DAYLIGHT,12,MOTOR VEHICLE IN TRANSPORT,JAMES ROBERTSON PKWY & ELLINGTON PKWY N,NASHVILLE,TN,37206,1109,EAST,36.1718,-86.768,POINT (-86.768 36.1718)
20190249015,03/31/2019 09:00:00 PM,2,0,0,,Y,320577,4,ANGLE,21,CLEAR,3,DARK - LIGHTED,14;55,PARKED MOTOR VEHICLE;Motor Vehicle-In-Motion Outside Trafficw,WEST END AV & MURPHY RD,NASHVILLE,TN,37212,5819,MIDTOW,36.1382,-86.8203,POINT (-86.8203 36.1382)
20190441016,06/10/2019 11:41:00 AM,2,1,0,,N,240952,11,Front to Rear,21,CLEAR,1,DAYLIGHT,12,MOTOR VEHICLE IN TRANSPORT,FIRESTONE PKWY & OLD HICKORY BLVD,ANTIOCH,TN,37013,8869,SOUTH,36.0168,-86.6199,POINT (-86.6199 36.0168)
20190402762,05/26/2019 06:40:00 PM,2,2,0,,N,717341,4,ANGLE,21,CLEAR,1,DAYLIGHT,12,MOTOR VEHICLE IN TRANSPORT,CURREY RD & EAST THOMPSON LN,NASHVILLE,TN,37211,8809,SOUTH,36.1189,-86.7186,POINT (-86.7186 36.1189)
20190291373,04/16/2019 07:48:00 AM,2,0,0,,N,212369,11,Front to Rear,21,CLEAR,1,DAYLIGHT,12,MOTOR VEHICLE IN TRANSPORT,FRANKLIN PKE SB ENT RAMP & FRANKLIN PKE,NASHVILLE,TN,37204,7011,MIDTOW,36.109,-86.7734,POINT (-86.7734 36.109)
20190577370,08/03/2019 02:12:00 PM,2,1,0,,N,240979,4,ANGLE,21,CLEAR,1,DAYLIGHT,12,MOTOR VEHICLE IN TRANSPORT,GALLATIN PKEN & OLD TIME VILLAGE PVTDR,MADISON,TN,37115,1701,MADISO,36.2638,-86.7117,POINT (-86.7117 36.2638)
20190556228,07/25/2019 12:00:00 AM,3,2,0,,N,240944,11,Front to Rear,21,CLEAR,3,DARK - LIGHTED,12,MOTOR VEHICLE IN TRANSPORT,MM 60 8 I 24,ANTIOCH,TN,37013,88060,SOUTH,36.0325,-86.6406,POINT (-86.6406 36.0325)
20190385813,05/20/2019 07:10:00 PM,2,0,0,,N,256383,4,ANGLE,21,CLEAR,1,DAYLIGHT,12,MOTOR VEHICLE IN TRANSPORT,WALLACE RD & BROOKRIDGE TRL,NASHVILLE,TN,37211,8701,SOUTH,36.0791,-86.7208,POINT (-86.7208 36.0791)
20190051171,01/20/2019 08:00:00 AM,1,1,0,,N,279122,0,NOT COLLISION W/MOTOR VEHICLE-TRANSPORT,4,SNOW,1,DAYLIGHT,34,DITCH,RIDGEWOOD RD & GREENBRIER RD,GOODLETTSVILLE,TN,37072,2301,NORTH,36.3669,-86.8551,POINT (-86.8551 36.3669)
20190406540,05/28/2019 08:15:00 AM,2,0,0,,N,462501,5,SIDESWIPE - SAME DIRECTION,21,CLEAR,1,DAYLIGHT,12,MOTOR VEHICLE IN TRANSPORT,N 1ST ST & SPRING ST,NASHVILLE,TN,37213,1987,CENTRA,36.1726,-86.7659,POINT (-86.7659 36.1726)
20190308576,04/22/2019 09:12:00 AM,2,0,0,Y,N,620067,11,Front to Rear,21,CLEAR,1,DAYLIGHT,12;47,MOTOR VEHICLE IN TRANSPORT;FIRE HYDRANT,MM 62 4 I 24,ANTIOCH,TN,37013,8806,SOUTH,36.0157,-86.6218,POINT (-86.6218 36.0157)
20190360455,05/10/2019 10:47:00 PM,2,1,0,,N,109542,11,Front to Rear,2,RAIN,3,DARK - LIGHTED,12,MOTOR VEHICLE IN TRANSPORT,INTERSTATE DR & JAMES ROBERTSON PKWY,NASHVILLE,TN,37213,1105,CENTRA,36.1714,-86.769,POINT (-86.769 36.1714)
20190347741,05/06/2019 03:25:00 PM,2,1,0,,N,240966,0,NOT COLLISION W/MOTOR VEHICLE-TRANSPORT,21,CLEAR,1,DAYLIGHT,14;55;8,PARKED MOTOR VEHICLE;Motor Vehicle-In-Motion Outside Trafficw;PEDESTRIAN,MAIN ST & N 8TH ST,NASHVILLE,TN,37206,1119,EAST,36.1753,-86.7588,POINT (-86.7588 36.1753)
20190436914,06/08/2019 04:10:00 PM,2,0,0,,N,714641,5,SIDESWIPE - SAME DIRECTION,22,CLOUDY,1,DAYLIGHT,12,MOTOR VEHICLE IN TRANSPORT,3RD AVS & KOREAN VETERANS BLVD,NASHVILLE,TN,37201,4053,CENTRA,36.1579,-86.7736,POINT (-86.7736 36.1579)
20190450053,06/13/2019 03:13:00 PM,3,0,0,,N,267831,11,Front to Rear,21,CLEAR,1,DAYLIGHT,12,MOTOR VEHICLE IN TRANSPORT,WHITE BRIDGE PKE & WHITE BRIDGE PL,NASHVILLE,TN,37209,5101,WEST,36.1512,-86.8578,POINT (-86.8578 36.1512)
20190505284,07/04/2019 11:40:00 PM,2,0,0,,N,320583,4,ANGLE,21,CLEAR,3,DARK - LIGHTED,12,MOTOR VEHICLE IN TRANSPORT,CHARLOTTE AV & 18TH AVN,NASHVILLE,TN,37203,5505,MIDTOW,36.1581,-86.7999,POINT (-86.7999 36.1581)
20190340558,05/03/2019 11:51:00 AM,2,0,0,,Y,332253,5,SIDESWIPE - SAME DIRECTION,22,CLOUDY,1,DAYLIGHT,12,MOTOR VEHICLE IN TRANSPORT,MM 40 1 I 24,WHITES CREEK,TN,37189,2210,MADISO,36.2821,-86.8045,POINT (-86.8045 36.2821)
20190138071,02/20/2019 07:52:00 AM,1,0,0,,N,902543,0,NOT COLLISION W/MOTOR VEHICLE-TRANSPORT,2,RAIN,1,DAYLIGHT,42,TREE,BEN ALLEN RD & PICTURE RIDGE TER,NASHVILLE,TN,37216,1821,EAST,36.2213,-86.7453,POINT (-86.7453 36.2213)
20190388974,05/21/2019 06:00:00 PM,2,0,0,,N,298874,5,SIDESWIPE - SAME DIRECTION,21,CLEAR,1,DAYLIGHT,12,MOTOR VEHICLE IN TRANSPORT,MAIN ST ENT RAMP & SPRING ST,NASHVILLE,TN,37207,1995,EAST,36.1732,-86.7657,POINT (-86.7657 36.1732)
20190290411,04/16/2019 12:00:00 AM,2,0,0,,Y,298871,5,SIDESWIPE - SAME DIRECTION,21,CLEAR,3,DARK - LIGHTED,12,MOTOR VEHICLE IN TRANSPORT,MM 209 2 I 40,NASHVILLE,TN,37203,4002,CENTRA,36.1553,-86.7889,POINT (-86.7889 36.1553)
20190045440,01/17/2019 11:30:00 PM,2,0,0,,Y,206680,9,UNKNOWN,2,RAIN,2,DARK - NOT LIGHTED,14,PARKED MOTOR VEHICLE,311 W TRINITY LN,NASHVILLE,TN,37207,3019,NORTH,36.207,-86.781,POINT (-86.781 36.207)
20190115102,02/12/2019 12:00:00 AM,1,0,0,Y,Y,226622,0,NOT COLLISION W/MOTOR VEHICLE-TRANSPORT,99,UNKNOWN,9,UNKNOWN,18;64,OTHER OBJECT (NOT FIXED);Ran Off Road-Left,MM 193 0 I 40,NASHVILLE,TN,37221,4804,WEST,36.0771,-87.0122,POINT (-87.0122 36.0771)
20190145130,02/22/2019 01:02:00 PM,2,1,0,,N,109534,11,Front to Rear,2,RAIN,1,DAYLIGHT,12,MOTOR VEHICLE IN TRANSPORT,CENTRAL PKE & LAKESIDE PL,HERMITAGE,TN,37076,9503,HERMIT,36.1756,-86.6154,POINT (-86.6154 36.1756)
20190179128,03/06/2019 07:51:00 PM,1,2,0,,N,197435,0,NOT COLLISION W/MOTOR VEHICLE-TRANSPORT,21,CLEAR,3,DARK - LIGHTED,36,CONCRETE TRAFFIC BARRIER,I65 S EXT RAMP & I 65,MADISON,TN,37115,20044,MADISO,36.2481,-86.743,POINT (-86.743 36.2481)
20190338386,05/02/2019 04:30:00 PM,2,1,0,,Y,206675,11,Front to Rear,21,CLEAR,1,DAYLIGHT,12,MOTOR VEHICLE IN TRANSPORT,EDGEHILL AV & 8TH AVS,NASHVILLE,TN,37203,6903,MIDTOW,36.1418,-86.7794,POINT (-86.7794 36.1418)
20190071002,01/27/2019 05:30:00 PM,2,0,0,,Y,279204,11,Front to Rear,21,CLEAR,3,DARK - LIGHTED,12,MOTOR VEHICLE IN TRANSPORT,28TH AVN & HERMAN ST,NASHVILLE,TN,37208,5309,NORTH,36.1616,-86.8192,POINT (-86.8192 36.1616)
20190485669,06/27/2019 10:24:00 AM,2,0,0,,N,716886,11,Front to Rear,21,CLEAR,1,DAYLIGHT,12,MOTOR VEHICLE IN TRANSPORT,MM 56 8 I 24,NASHVILLE,TN,37211,8810,SOUTH,36.0721,-86.6914,POINT (-86.6914 36.0721)
20190306561,04/21/2019 01:51:00 PM,2,0,0,,N,311799,4,ANGLE,21,CLEAR,1,DAYLIGHT,12,MOTOR VEHICLE IN TRANSPORT,OLD HICKORY BLVDW & NESBITT DR,MADISON,TN,37115,2039,MADISO,36.2671,-86.7453,POINT (-86.7453 36.2671)
20190113542,02/11/2019 06:14:00 PM,3,0,0,,N,240987,11,Front to Rear,21,CLEAR,1,DAYLIGHT,12,MOTOR VEHICLE IN TRANSPORT,MM 5 9 I 440,NASHVILLE,TN,37204,83062,MIDTOW,36.1215,-86.7578,POINT (-86.7578 36.1215)
20190354094,05/08/2019 04:54:00 PM,2,0,0,,N,240976,5,SIDESWIPE - SAME DIRECTION,21,CLEAR,1,DAYLIGHT,12,MOTOR VEHICLE IN TRANSPORT,DICKERSON PKE & E TRINITY LN,NASHVILLE,TN,37207,1861,EAST,36.2055,-86.7684,POINT (-86.7684 36.2055)
20190470671,06/21/2019 08:59:00 AM,2,2,0,,N,716886,11,Front to Rear,21,CLEAR,1,DAYLIGHT,12,MOTOR VEHICLE IN TRANSPORT,MT VIEW RD & HICKORY HOLLOW PL,ANTIOCH,TN,37013,8871,SOUTH,36.0544,-86.6596,POINT (-86.6596 36.0544)
20190324745,04/27/2019 01:45:00 PM,4,1,0,,Y,240952,11,Front to Rear,21,CLEAR,1,DAYLIGHT,12,MOTOR VEHICLE IN TRANSPORT,HICKORY HOLLOW PKWY & BELL RD,ANTIOCH,TN,37013,8863,SOUTH,36.0475,-86.656,POINT (-86.656 36.0475)
20190472793,06/22/2019 12:00:00 AM,1,0,0,,Y,330411,9,UNKNOWN,21,CLEAR,1,DAYLIGHT,99,UNKNOWN MOST HARMFUL EVENT,MM 35 0 I 24,JOELTON,TN,37080,3318,NORTH,36.3239,-86.867,POINT (-86.867 36.3239)
20190320555,04/25/2019 09:00:00 PM,1,0,0,,Y,191571,9,UNKNOWN,2,RAIN,3,DARK - LIGHTED,1;99,UNKNOWN MOST HARMFUL EVENT,MM 86 6 I 65,NASHVILLE,TN,37207,3002,NORTH,36.1959,-86.7761,POINT (-86.7761 36.1959)
20190067160,01/25/2019 11:08:00 PM,2,0,0,,Y,299254,4,ANGLE,21,CLEAR,3,DARK - LIGHTED,12;14,MOTOR VEHICLE IN TRANSPORT;PARKED MOTOR VEHICLE,HAYWOOD LN & EZELL RD,NASHVILLE,TN,37211,8709,SOUTH,36.0696,-86.6944,POINT (-86.6944 36.0696)
20190244288,03/29/2019 04:31:00 PM,2,0,0,,N,580819,5,SIDESWIPE - SAME DIRECTION,22,CLOUDY,1,DAYLIGHT,12,MOTOR VEHICLE IN TRANSPORT,MM 209 1 I 40,NASHVILLE,TN,37203,4002,CENTRA,36.1558,-86.7892,POINT (-86.7892 36.1558)
20190042492,01/16/2019 11:42:00 PM,2,0,0,,N,330436,4,ANGLE,21,CLEAR,3,DARK - LIGHTED,12,MOTOR VEHICLE IN TRANSPORT,CHURCH ST & 16TH AVN,NASHVILLE,TN,37203,5519,MIDTOW,36.1562,-86.7953,POINT (-86.7953 36.1562)
20190517008,07/10/2019 11:10:00 AM,2,2,0,,N,226306,11,Front to Rear,21,CLEAR,1,DAYLIGHT,12,MOTOR VEHICLE IN TRANSPORT,HIGHWAY 100 & ALTON RD,NASHVILLE,TN,37205,6209,WEST,36.093,-86.8766,POINT (-86.8766 36.093)
20190443507,06/11/2019 08:46:00 AM,1,0,0,,N,553957,0,NOT COLLISION W/MOTOR VEHICLE-TRANSPORT,21,CLEAR,1,DAYLIGHT,30,UTILITY POLE,SPENCE LN & MARWOOD LN,NASHVILLE,TN,37210,9019,HERMIT,36.1482,-86.7222,POINT (-86.7222 36.1482)
20190366723,05/13/2019 05:59:00 PM,2,0,0,,N,267831,5,SIDESWIPE - SAME DIRECTION,22,CLOUDY,1,DAYLIGHT,12,MOTOR VEHICLE IN TRANSPORT,HIGHWAY 70S & COLEY DAVIS RD,NASHVILLE,TN,37221,4811,WEST,36.0796,-86.9536,POINT (-86.9536 36.0796)
20190333445,04/30/2019 11:55:00 PM,1,0,0,Y,N,134892,0,NOT COLLISION W/MOTOR VEHICLE-TRANSPORT,21,CLEAR,3,DARK - LIGHTED,19,BUILDING,112 HILLCREST PL,NASHVILLE,TN,37203,5627,MIDTOW,36.1428,-86.8182,POINT (-86.8182 36.1428)
20190468129,06/20/2019 12:36:00 PM,1,0,0,Y,N,352189,0,NOT COLLISION W/MOTOR VEHICLE-TRANSPORT,22,CLOUDY,1,DAYLIGHT,30,UTILITY POLE,3900 HILLSBORO PKE,NASHVILLE,TN,37215,6411,MIDTOW,36.1058,-86.8138,POINT (-86.8138 36.1058)
20190126556,02/15/2019 08:36:00 PM,2,0,0,,N,256383,4,ANGLE,2,RAIN,3,DARK - LIGHTED,12,MOTOR VEHICLE IN TRANSPORT,ANTIOCH PKE & PERIMETER HILL DR,NASHVILLE,TN,37211,8889,SOUTH,36.0859,-86.6911,POINT (-86.6911 36.0859)
20190181562,03/07/2019 02:35:00 PM,2,0,0,,N,206675,4,ANGLE,21,CLEAR,1,DAYLIGHT,12,MOTOR VEHICLE IN TRANSPORT,I440 E ENT RAMP & I 440,NASHVILLE,TN,37215,6419,MIDTOW,36.1216,-86.8066,POINT (-86.8066 36.1216)
20190235065,03/26/2019 04:03:00 PM,2,0,0,,N,256380,11,Front to Rear,21,CLEAR,1,DAYLIGHT,12,MOTOR VEHICLE IN TRANSPORT,MM 207 9 I 40,NASHVILLE,TN,37208,54022,NORTH,36.1693,-86.7972,POINT (-86.7972 36.1693)
20190022715,01/09/2019 05:25:00 PM,2,1,0,,N,320581,11,Front to Rear,21,CLEAR,3,DARK - LIGHTED,12,MOTOR VEHICLE IN TRANSPORT,8TH AVS & SOUTH DOUGLAS AV,NASHVILLE,TN,37204,6945,MIDTOW,36.1312,-86.7788,POINT (-86.7788 36.1312)
20190245128,03/29/2019 11:30:00 PM,2,1,0,,Y,298871,4,ANGLE,21,CLEAR,3,DARK - LIGHTED,12,MOTOR VEHICLE IN TRANSPORT,BROADWAY & I40 W ENT RAMP,NASHVILLE,TN,37203,4081,CENTRA,36.156,-86.7889,POINT (-86.7889 36.156)
20190397710,05/24/2019 02:51:00 PM,2,1,0,,N,240966,11,Front to Rear,21,CLEAR,1,DAYLIGHT,12,MOTOR VEHICLE IN TRANSPORT,MM 47 1 I 24,NASHVILLE,TN,37207,1904,CENTRA,36.187,-86.776,POINT (-86.776 36.187)
20190015573,01/07/2019 06:21:00 AM,2,0,0,,N,633389,5,SIDESWIPE - SAME DIRECTION,21,CLEAR,1,DAYLIGHT,12,MOTOR VEHICLE IN TRANSPORT,MM 35 4 I 24,WHITES CREEK,TN,37189,2212,NORTH,36.3227,-86.8596,POINT (-86.8596 36.3227)
20190257736,04/03/2019 05:53:00 PM,2,0,0,,Y,212330,5,SIDESWIPE - SAME DIRECTION,21,CLEAR,1,DAYLIGHT,12,MOTOR VEHICLE IN TRANSPORT,BRILEY PKWYN & EAST THOMPSON LN,NASHVILLE,TN,37211,8423,SOUTH,36.1095,-86.7281,POINT (-86.7281 36.1095)
20190122956,02/14/2019 03:35:00 PM,2,0,0,,N,197054,5,SIDESWIPE - SAME DIRECTION,21,CLEAR,1,DAYLIGHT,12,MOTOR VEHICLE IN TRANSPORT,SPENCE LN & MURFREESBORO PKE,NASHVILLE,TN,37217,8815,HERMIT,36.1359,-86.725,POINT (-86.725 36.1359)
20190566271,07/30/2019 12:00:00 AM,3,0,0,,N,429205,11,Front to Rear,22,CLOUDY,1,DAYLIGHT,12,MOTOR VEHICLE IN TRANSPORT,MM 48 8 I 24,NASHVILLE,TN,37213,1104,CENTRA,36.1682,-86.7659,POINT (-86.7659 36.1682)
20190542173,07/20/2019 09:45:00 AM,2,0,0,,Y,320592,11,Front to Rear,21,CLEAR,1,DAYLIGHT,12,MOTOR VEHICLE IN TRANSPORT,BRILEY PKWYS & BRILEY PKWYN,NASHVILLE,TN,37218,3212,NORTH,36.2142,-86.8724,POINT (-86.8724 36.2142)
20190097795,02/05/2019 06:00:00 PM,2,0,0,,N,279214,5,SIDESWIPE - SAME DIRECTION,21,CLEAR,3,DARK - LIGHTED,12,MOTOR VEHICLE IN TRANSPORT,OLD HICKORY BLVD & I65 N EXT RAMP,BRENTWOOD,TN,37027,8623,MIDTOW,36.0399,-86.781,POINT (-86.781 36.0399)
20190493970,06/30/2019 05:55:00 PM,2,0,0,,N,352204,5,SIDESWIPE - SAME DIRECTION,21,CLEAR,5,DUSK,12,MOTOR VEHICLE IN TRANSPORT,BRILEY PKWY W EXT RAMP & BRICK CHURCH PK,NASHVILLE,TN,37207,2033,MADISO,36.2397,-86.7808,POINT (-86.7808 36.2397)
20190380561,05/18/2019 11:19:00 AM,2,0,0,,N,876581,11,Front to Rear,21,CLEAR,1,DAYLIGHT,12,MOTOR VEHICLE IN TRANSPORT,OLD HICKORY BLVD & DALEMERE DR,NASHVILLE,TN,37207,2133,MADISO,36.2782,-86.772,POINT (-86.772 36.2782)
20190486676,06/27/2019 06:43:00 PM,2,0,0,,N,591934,4,ANGLE,2,RAIN,1,DAYLIGHT,12,MOTOR VEHICLE IN TRANSPORT,BELL RD & ARBOR LAKE BLVD,HERMITAGE,TN,37076,9527,HERMIT,36.1627,-86.6001,POINT (-86.6001 36.1627)
20190108084,02/09/2019 12:00:00 AM,1,0,0,Y,Y,212325,0,NOT COLLISION W/MOTOR VEHICLE-TRANSPORT,21,CLEAR,9,UNKNOWN,12;40,MOTOR VEHICLE IN TRANSPORT;MAIL BOX,NEELYS BEND RD & MENEES LN,MADISON,TN,37115,1637,MADISO,36.2214,-86.6673,POINT (-86.6673 36.2214)
20190573266,08/01/2019 09:50:00 PM,3,0,0,,Y,197059,11,Front to Rear,21,CLEAR,3,DARK - LIGHTED,14,PARKED MOTOR VEHICLE,1604 8TH AVS,NASHVILLE,TN,37203,6901,MIDTOW,36.1369,-86.7784,POINT (-86.7784 36.1369)
20190289674,04/15/2019 04:43:00 PM,2,0,0,,N,197054,11,Front to Rear,21,CLEAR,1,DAYLIGHT,12,MOTOR VEHICLE IN TRANSPORT,MM 215 7 I 40,NASHVILLE,TN,37217,89020,HERMIT,36.1426,-86.6823,POINT (-86.6823 36.1426)
20190055898,01/22/2019 07:19:00 AM,1,0,0,Y,N,226600,0,NOT COLLISION W/MOTOR VEHICLE-TRANSPORT,21,CLEAR,1,DAYLIGHT,30,UTILITY POLE,OLD HICKORY BLVD & GAUCHO ROAD PVTDR,NASHVILLE,TN,37221,6213,WEST,36.0543,-86.8997,POINT (-86.8997 36.0543)