Accident Number,Date and Time,Number of Motor Vehicles,Number of Injuries,Number of Fatalities,Property Damage,Hit and Run,Reporting Officer,Collision Type Code,Collision Type Description,Weather Code,Weather Description,Illumination Code,Illumination Description,Harmful Code,Harmful Code Description,Street Address,City,State,ZIP,RPA,Precinct,Latitude,Longitude,Mapped Location
20190060344,01/23/2019 06:42:00 PM,2,1,0,,N,414711,11,Front to Rear,2,RAIN,3,DARK - LIGHTED,12,MOTOR VEHICLE IN TRANSPORT,OLD FARM ROAD & BELLS BEND LOOP TRAIL,NASHVILLE,TN,37218,3345,NORTH,36.1532,-86.935,POINT (-86.935 36.1532)
20190502386,07/03/2019 06:47:00 PM,2,0,0,,Y,256383,5,SIDESWIPE - SAME DIRECTION,21,CLEAR,1,DAYLIGHT,12,MOTOR VEHICLE IN TRANSPORT,HICKORY PARK DR & LEISURE CT,ANTIOCH,TN,37013,8753,SOUTH,36.043,-86.6707,POINT (-86.6707 36.043)
20190432082,06/06/2019 03:40:00 PM,2,0,0,,Y,298860,11,Front to Rear,21,CLEAR,1,DAYLIGHT,12,MOTOR VEHICLE IN TRANSPORT,LINDSLEY AV & ANTHES DR,NASHVILLE,TN,37210,4003,CENTRA,36.1548,-86.7634,POINT (-86.7634 36.1548)
20190327517,04/28/2019 11:23:00 PM,2,0,0,,Y,197067,9,UNKNOWN,21,CLEAR,3,DARK - LIGHTED,12;36;99,MOTOR VEHICLE IN TRANSPORT;CONCRETE TRAFFIC BARRIER;UNKNOWN MOST HARMFUL EVENT,MM 47 4 I 24,NASHVILLE,TN,37207,1904,CENTRA,36.1827,-86.7752,POINT (-86.7752 36.1827)
20190027185,01/11/2019 08:19:00 AM,2,0,0,,N,462474,4,ANGLE,22,CLOUDY,1,DAYLIGHT,12,MOTOR VEHICLE IN TRANSPORT,ALLIED DR & NOLENSVILLE PKE,NASHVILLE,TN,37211,8511,MIDTOW,36.0962,-86.7377,POINT (-86.7377 36.0962)
20190364339,05/12/2019 12:00:00 AM,2,0,0,,N,212344,4,ANGLE,21,CLEAR,3,DARK - LIGHTED,12,MOTOR VEHICLE IN TRANSPORT,GALLATIN PKE & LELAND AV,NASHVILLE,TN,37216,1415,EAST,36.2039,-86.7383,POINT (-86.7383 36.2039)
20190011279,01/05/2019 01:50:00 AM,2,0,0,,Y,280010,11,Front to Rear,2,RAIN,3,DARK - LIGHTED,14,PARKED MOTOR VEHICLE,TRIMBLE ST & CLAIBORNE ST,NASHVILLE,TN,37210,8137,SOUTH,36.1463,-86.7615,POINT (-86.7615 36.1463)
20190529277,07/15/2019 03:20:00 PM,3,0,0,,Y,311328,5,SIDESWIPE - SAME DIRECTION,22,CLOUDY,1,DAYLIGHT,12,MOTOR VEHICLE IN TRANSPORT,MM 48 8 I 24,NASHVILLE,TN,37213,1104,CENTRA,36.1682,-86.7659,POINT (-86.7659 36.1682)
20190146305,02/22/2019 12:00:00 AM,2,0,0,,N,212337,4,ANGLE,2,RAIN,2,DARK - NOT LIGHTED,12,MOTOR VEHICLE IN TRANSPORT,GARFIELD ST & ROSA L PARKS BLVD,NASHVILLE,TN,37208,4343,NORTH,36.1806,-86.7963,POINT (-86.7963 36.1806)
20190252645,04/02/2019 01:50:00 AM,2,0,0,,Y,206672,4,ANGLE,21,CLEAR,3,DARK - LIGHTED,12;14,MOTOR VEHICLE IN TRANSPORT;PARKED MOTOR VEHICLE,200 3RD AV,MADISON,TN,37115,1607,MADISO,36.2624,-86.7077,POINT (-86.7077 36.2624)
20190383147,05/19/2019 03:42:00 PM,2,0,0,,N,320585,11,Front to Rear,2,RAIN,1,DAYLIGHT,12,MOTOR VEHICLE IN TRANSPORT,MM 219 2 I 40,NASHVILLE,TN,37214,89043,HERMIT,36.1575,-86.6263,POINT (-86.6263 36.1575)
20190459107,06/17/2019 08:22:00 AM,2,0,0,,N,591933,5,SIDESWIPE - SAME DIRECTION,21,CLEAR,1,DAYLIGHT,12,MOTOR VEHICLE IN TRANSPORT,I24 E ENT RAMP & I 24,NASHVILLE,TN,37213,1007,CENTRA,36.1662,-86.7659,POINT (-86.7659 36.1662)
20190159438,02/27/2019 06:25:00 PM,2,0,0,,N,834813,4,ANGLE,21,CLEAR,1,DAYLIGHT,12,MOTOR VEHICLE IN TRANSPORT,MM 38 2 I 24,WHITES CREEK,TN,37189,2212,NORTH,36.3069,-86.8181,POINT (-86.8181 36.3069)
20190466322,06/19/2019 10:15:00 PM,1,0,0,,N,256448,0,NOT COLLISION W/MOTOR VEHICLE-TRANSPORT,2,RAIN,2,DARK - NOT LIGHTED,36,CONCRETE TRAFFIC BARRIER,BRILEY PKWYN & MUSIC CITY CIR,NASHVILLE,TN,37214,92860,HERMIT,36.2266,-86.6959,POINT (-86.6959 36.2266)
20190049737,01/19/2019 04:56:00 PM,3,0,0,,N,281611,11,Front to Rear,2,RAIN,1,DAYLIGHT,12,MOTOR VEHICLE IN TRANSPORT,CHARLOTTE PKE & I40 W ENT RAMP,NASHVILLE,TN,37209,4701,WEST,36.1304,-86.8994,POINT (-86.8994 36.1304)
20190161701,02/28/2019 01:55:00 PM,2,1,0,,N,226092,4,ANGLE,22,CLOUDY,1,DAYLIGHT,12,MOTOR VEHICLE IN TRANSPORT,BRICK CHURCH PKE & BRICK CHURCH PARK DR,NASHVILLE,TN,37207,3047,NORTH,36.2242,-86.7822,POINT (-86.7822 36.2242)
20190284737,04/13/2019 07:29:00 PM,2,0,0,,N,256505,11,Front to Rear,2,RAIN,3,DARK - LIGHTED,12,MOTOR VEHICLE IN TRANSPORT,BROADWAY & 18TH AVS,NASHVILLE,TN,37203,5705,MIDTOW,36.1521,-86.7953,POINT (-86.7953 36.1521)
20190256509,04/03/2019 08:53:00 AM,2,0,0,,N,191578,11,Front to Rear,21,CLEAR,1,DAYLIGHT,12,MOTOR VEHICLE IN TRANSPORT,BELL RD & LINCOYA BAY DR,NASHVILLE,TN,37214,8957,HERMIT,36.1455,-86.6262,POINT (-86.6262 36.1455)
20190576213,08/02/2019 11:29:00 PM,2,0,0,,N,298871,11,Front to Rear,21,CLEAR,3,DARK - LIGHTED,12,MOTOR VEHICLE IN TRANSPORT,MM 209 3 I 40,NASHVILLE,TN,37203,40041,CENTRA,36.1537,-86.7878,POINT (-86.7878 36.1537)
20190309612,04/22/2019 03:41:00 PM,3,1,0,,N,256379,11,Front to Rear,21,CLEAR,1,DAYLIGHT,12,MOTOR VEHICLE IN TRANSPORT,MM 6 5 I 440,NASHVILLE,TN,37210,81040,SOUTH,36.1242,-86.7451,POINT (-86.7451 36.1242)
20190452746,06/14/2019 01:04:00 PM,1,1,0,,Y,630627,0,NOT COLLISION W/MOTOR VEHICLE-TRANSPORT,21,CLEAR,1,DAYLIGHT,8,PEDESTRIAN,13TH AV CIR & 14TH AVN,NASHVILLE,TN,37203,5501,MIDTOW,36.16,-86.7941,POINT (-86.7941 36.16)
20190385576,05/20/2019 04:36:00 PM,2,1,0,,N,256389,11,Front to Rear,21,CLEAR,1,DAYLIGHT,12,MOTOR VEHICLE IN TRANSPORT,MM 82 0 I 65,NASHVILLE,TN,37203,80061,MIDTOW,36.1433,-86.7769,POINT (-86.7769 36.1433)
20190166821,03/02/2019 01:36:00 PM,2,0,0,,N,179602,5,SIDESWIPE - SAME DIRECTION,22,CLOUDY,1,DAYLIGHT,12,MOTOR VEHICLE IN TRANSPORT,MM 86 2 I 65,NASHVILLE,TN,37207,1910,CENTRA,36.1919,-86.7812,POINT (-86.7812 36.1919)
20190378587,05/17/2019 02:10:00 PM,2,0,0,,Y,717341,4,ANGLE,21,CLEAR,1,DAYLIGHT,12,MOTOR VEHICLE IN TRANSPORT,MM 5 3 I 440,NASHVILLE,TN,37204,81061,MIDTOW,36.1194,-86.7669,POINT (-86.7669 36.1194)
20190118902,02/13/2019 09:00:00 AM,2,0,0,,N,226136,5,SIDESWIPE - SAME DIRECTION,21,CLEAR,1,DAYLIGHT,12,MOTOR VEHICLE IN TRANSPORT,MM 2 3 I 440,NASHVILLE,TN,37212,5902,MIDTOW,36.1258,-86.814,POINT (-86.814 36.1258)
20190415583,05/31/2019 09:06:00 AM,2,0,0,,N,191578,11,Front to Rear,21,CLEAR,1,DAYLIGHT,12,MOTOR VEHICLE IN TRANSPORT,MM 210 7 I 40,NASHVILLE,TN,37210,8202,HERMIT,36.1532,-86.7644,POINT (-86.7644 36.1532)
20190507233,07/05/2019 07:23:00 PM,3,3,0,,N,256423,98,OTHER,21,CLEAR,1,DAYLIGHT,12,MOTOR VEHICLE IN TRANSPORT,CLARKSVILLE PKE & MANCHESTER AV,NASHVILLE,TN,37218,3115,NORTH,36.1956,-86.8345,POINT (-86.8345 36.1956)
20190030884,01/12/2019 06:45:00 PM,2,1,0,,N,717341,4,ANGLE,2,RAIN,3,DARK - LIGHTED,12,MOTOR VEHICLE IN TRANSPORT,NOLENSVILLE PKE & PARAGON MILLS RD,NASHVILLE,TN,37211,8421,SOUTH,36.0848,-86.7281,POINT (-86.7281 36.0848)
20190112986,02/11/2019 10:00:00 AM,1,0,0,Y,N,279116,0,NOT COLLISION W/MOTOR VEHICLE-TRANSPORT,22,CLOUDY,1,DAYLIGHT,39,WALL,18TH AVS & HORTON AV,NASHVILLE,TN,37212,6621,MIDTOW,36.1402,-86.7963,POINT (-86.7963 36.1402)
20190555708,07/25/2019 06:17:00 PM,2,0,0,,N,298863,5,SIDESWIPE - SAME DIRECTION,21,CLEAR,1,DAYLIGHT,12,MOTOR VEHICLE IN TRANSPORT,0 8TH AVS,NASHVILLE,TN,37203,4043,CENTRA,36.1549,-86.7792,POINT (-86.7792 36.1549)
20190564662,07/29/2019 04:07:00 PM,1,1,0,Y,N,419972,0,NOT COLLISION W/MOTOR VEHICLE-TRANSPORT,21,CLEAR,1,DAYLIGHT,41,SHRUBBERY,WOODLAWN DR & WORTHAM AV,NASHVILLE,TN,37215,6001,WEST,36.1235,-86.8176,POINT (-86.8176 36.1235)
20190232591,03/25/2019 10:32:00 PM,2,3,0,,N,433550,11,Front to Rear,21,CLEAR,3,DARK - LIGHTED,12,MOTOR VEHICLE IN TRANSPORT,JUAREZ DR & PANAMA DR,HERMITAGE,TN,37076,9531,HERMIT,36.1923,-86.6211,POINT (-86.6211 36.1923)
20190089556,02/02/2019 04:00:00 PM,2,0,0,,N,298867,6,SIDESWIPE - OPPOSITE DIRECTION,21,CLEAR,1,DAYLIGHT,12,MOTOR VEHICLE IN TRANSPORT,I40 W EXT RAMP & I 40,NASHVILLE,TN,37203,4119,CENTRA,36.1574,-86.79,POINT (-86.79 36.1574)
20190356287,05/09/2019 12:15:00 PM,2,0,0,,N,352204,5,SIDESWIPE - SAME DIRECTION,2,RAIN,1,DAYLIGHT,12,MOTOR VEHICLE IN TRANSPORT,I65 ENT RAMP & I 440,NASHVILLE,TN,37204,81061,MIDTOW,36.1189,-86.7675,POINT (-86.7675 36.1189)
20190251450,04/01/2019 04:16:00 PM,2,0,0,,Y,256389,11,Front to Rear,21,CLEAR,1,DAYLIGHT,12,MOTOR VEHICLE IN TRANSPORT,NOLENSVILLE PKE & ALLIED DR,NASHVILLE,TN,37211,8511,MIDTOW,36.0962,-86.7377,POINT (-86.7377 36.0962)
20190335949,05/01/2019 05:52:00 PM,3,0,0,,Y,256379,5,SIDESWIPE - SAME DIRECTION,2,RAIN,1,DAYLIGHT,12,MOTOR VEHICLE IN TRANSPORT,THOMPSON LN & HARTFORD DR,NASHVILLE,TN,37211,8423,SOUTH,36.1098,-86.7335,POINT (-86.7335 36.1098)
20190108352,02/09/2019 12:52:00 PM,1,0,0,,N,887591,0,NOT COLLISION W/MOTOR VEHICLE-TRANSPORT,21,CLEAR,1,DAYLIGHT,25,GUARDRAIL END,HICKORY HOLLOW PKWY & I24 W ENT RAMP,ANTIOCH,TN,37013,8863,SOUTH,36.0421,-86.6494,POINT (-86.6494 36.0421)
20190032264,01/13/2019 09:59:00 AM,1,0,0,Y,N,256502,0,NOT COLLISION W/MOTOR VEHICLE-TRANSPORT,2,RAIN,1,DAYLIGHT,36,CONCRETE TRAFFIC BARRIER,BRILEY PKWYW & BRILEY PKWYE,NASHVILLE,TN,37218,3216,NORTH,36.2254,-86.8638,POINT (-86.8638 36.2254)
20190125869,02/15/2019 02:48:00 PM,2,0,0,,N,256499,11,Front to Rear,2,RAIN,1,DAYLIGHT,12,MOTOR VEHICLE IN TRANSPORT,WEST END AV & 18TH AVS,NASHVILLE,TN,37203,5707,MIDTOW,36.1531,-86.7959,POINT (-86.7959 36.1531)
20190133320,02/18/2019 06:09:00 PM,2,0,0,,Y,197068,11,Front to Rear,21,CLEAR,3,DARK - LIGHTED,14,PARKED MOTOR VEHICLE,CHURCH ST & 2ND AVN,NASHVILLE,TN,37201,4101,CENTRA,36.1646,-86.7768,POINT (-86.7768 36.1646)
20190214320,03/19/2019 04:59:00 PM,2,0,0,,N,279124,11,Front to Rear,21,CLEAR,1,DAYLIGHT,12,MOTOR VEHICLE IN TRANSPORT,OLD HICKORY BLVD & FIRESTONE PKWY,ANTIOCH,TN,37013,8867,SOUTH,36.017,-86.6199,POINT (-86.6199 36.017)
20190161654,02/27/2019 10:45:00 PM,1,0,0,Y,Y,224955,0,NOT COLLISION W/MOTOR VEHICLE-TRANSPORT,22,CLOUDY,3,DARK - LIGHTED,18,OTHER OBJECT (NOT FIXED),MYATT DR & EDENWOLD RD,MADISON,TN,37115,1721,MADISO,36.2917,-86.6943,POINT (-86.6943 36.2917)
20190243774,03/29/2019 12:10:00 PM,2,0,0,,Y,226136,5,SIDESWIPE - SAME DIRECTION,22,CLOUDY,1,DAYLIGHT,12,MOTOR VEHICLE IN TRANSPORT,WEST END AV & 25TH AVN,NASHVILLE,TN,37212,5801,MIDTOW,36.1467,-86.8089,POINT (-86.8089 36.1467)
20190452125,06/14/2019 08:11:00 AM,2,1,0,Y,N,572251,4,ANGLE,21,CLEAR,1,DAYLIGHT,12,MOTOR VEHICLE IN TRANSPORT,OLD HICKORY BLVD & BRICK CHURCH PKE,WHITES CREEK,TN,37189,2015,MADISO,36.2796,-86.7836,POINT (-86.7836 36.2796)
20190153291,02/25/2019 06:42:00 PM,2,2,0,,N,256389,11,Front to Rear,21,CLEAR,3,DARK - LIGHTED,12,MOTOR VEHICLE IN TRANSPORT,MM 3 6 I 440,NASHVILLE,TN,37212,6502,MIDTOW,36.1161,-86.7967,POINT (-86.7967 36.1161)
20190562474,07/28/2019 06:35:00 PM,1,1,0,,N,330443,0,NOT COLLISION W/MOTOR VEHICLE-TRANSPORT,21,CLEAR,1,DAYLIGHT,34,DITCH,INGRAM RD & LICKTON PKE,WHITES CREEK,TN,37189,2105,MADISO,36.295,-86.8097,POINT (-86.8097 36.295)
20190245524,03/30/2019 03:50:00 AM,2,0,0,,N,240964,0,NOT COLLISION W/MOTOR VEHICLE-TRANSPORT,21,CLEAR,2,DARK - NOT LIGHTED,50,DEER (ANIMAL),LEBANON PKE & HIGHLAND VIEW DR,HERMITAGE,TN,37076,9535,HERMIT,36.2078,-86.6114,POINT (-86.6114 36.2078)
20190407492,05/28/2019 01:52:00 PM,2,0,0,,N,151132,11,Front to Rear,21,CLEAR,1,DAYLIGHT,12,MOTOR VEHICLE IN TRANSPORT,GALLATIN PKES & NEELYS BEND RD,MADISON,TN,37115,1605,MADISO,36.2566,-86.7142,POINT (-86.7142 36.2566)
20190184369,03/08/2019 01:34:00 PM,1,0,0,Y,N,320601,0,NOT COLLISION W/MOTOR VEHICLE-TRANSPORT,2,RAIN,1,DAYLIGHT,24,GUARDRAIL FACE,HICKORY HOLLOW PKWY & UNA ANTIOCH PKE,ANTIOCH,TN,37013,8859,SOUTH,36.0597,-86.671,POINT (-86.671 36.0597)
20190208004,03/17/2019 02:58:00 PM,2,1,0,,Y,197435,2,HEAD-ON,21,CLEAR,1,DAYLIGHT,12,MOTOR VEHICLE IN TRANSPORT,MAPLEWOOD TRC & W MAPLEWOOD LN,NASHVILLE,TN,37207,1807,EAST,36.2331,-86.7587,POINT (-86.7587 36.2331)
20190126254,02/15/2019 06:30:00 PM,2,0,0,,N,256427,11,Front to Rear,2,RAIN,3,DARK - LIGHTED,12,MOTOR VEHICLE IN TRANSPORT,MM 211 7 I 40,NASHVILLE,TN,37210,82042,HERMIT,36.1499,-86.7483,POINT (-86.7483 36.1499)
20190537590,07/18/2019 03:40:00 PM,2,0,0,,Y,716886,5,SIDESWIPE - SAME DIRECTION,21,CLEAR,1,DAYLIGHT,12,MOTOR VEHICLE IN TRANSPORT,BRILEY PKWYN & BRILEY PKWYS,NASHVILLE,TN,37211,8404,SOUTH,36.1092,-86.727,POINT (-86.727 36.1092)
20190360295,05/10/2019 05:10:00 PM,1,1,0,,Y,330427,0,NOT COLLISION W/MOTOR VEHICLE-TRANSPORT,21,CLEAR,1,DAYLIGHT,9,,0 SCRUGGS LN,NASHVILLE,TN,37207,3007,NORTH,36.2063,-86.7813,POINT (-86.7813 36.2063)
20190434295,06/07/2019 01:15:00 PM,2,1,0,,N,306231,11,Front to Rear,22,CLOUDY,1,DAYLIGHT,12,MOTOR VEHICLE IN TRANSPORT,MM 35 0 I 24,JOELTON,TN,37080,3318,NORTH,36.3239,-86.867,POINT (-86.867 36.3239)
20190085957,02/01/2019 09:00:00 AM,1,1,0,Y,Y,876573,0,NOT COLLISION W/MOTOR VEHICLE-TRANSPORT,21,CLEAR,1,DAYLIGHT,17;42,BOULDER;TREE,COUNTRY WAY RD & SEBETHA CT,ANTIOCH,TN,37013,8925,SOUTH,36.0737,-86.5972,POINT (-86.5972 36.0737)
20190481958,06/26/2019 04:33:00 AM,2,0,0,,Y,352213,4,ANGLE,21,CLEAR,3,DARK - LIGHTED,12,MOTOR VEHICLE IN TRANSPORT,CHURCH ST & 7TH AVN,NASHVILLE,TN,37219,4125,CENTRA,36.1622,-86.7825,POINT (-86.7825 36.1622)
20190010096,01/04/2019 06:05:00 PM,2,2,0,,N,330445,4,ANGLE,21,CLEAR,3,DARK - LIGHTED,12,MOTOR VEHICLE IN TRANSPORT,4TH AVS & I40 W EXT RAMP,NASHVILLE,TN,37203,4007,CENTRA,36.1509,-86.7706,POINT (-86.7706 36.1509)
20190008851,01/04/2019 07:39:00 AM,2,0,0,,N,716886,11,Front to Rear,2,RAIN,1,DAYLIGHT,12,MOTOR VEHICLE IN TRANSPORT,MM 56 8 I 24,NASHVILLE,TN,37211,8810,SOUTH,36.0721,-86.6914,POINT (-86.6914 36.0721)
20190483702,06/26/2019 03:40:00 PM,2,0,0,,N,420040,5,SIDESWIPE - SAME DIRECTION,21,CLEAR,1,DAYLIGHT,12,MOTOR VEHICLE IN TRANSPORT,MAGNOLIA BLVD & 20TH AVS,NASHVILLE,TN,37212,6607,MIDTOW,36.1345,-86.8001,POINT (-86.8001 36.1345)
20190203502,03/15/2019 03:18:00 PM,4,2,0,,Y,240955,4,ANGLE,21,CLEAR,1,DAYLIGHT,12,MOTOR VEHICLE IN TRANSPORT,MM 59 4 I 24,ANTIOCH,TN,37013,8808,SOUTH,36.0454,-86.659,POINT (-86.659 36.0454)
20190035652,01/14/2019 06:01:00 PM,2,1,0,,N,807344,11,Front to Rear,21,CLEAR,3,DARK - LIGHTED,12,MOTOR VEHICLE IN TRANSPORT,4TH AVS & LAFAYETTE ST,NASHVILLE,TN,37203,4007,CENTRA,36.1515,-86.7711,POINT (-86.7711 36.1515)
20190319938,04/25/2019 04:38:00 PM,2,0,0,,N,905011,4,ANGLE,21,CLEAR,1,DAYLIGHT,12,MOTOR VEHICLE IN TRANSPORT,51ST AVN & ALABAMA AV,NASHVILLE,TN,37209,5121,WEST,36.1531,-86.8486,POINT (-86.8486 36.1531)
20190457082,06/16/2019 11:00:00 AM,2,0,0,,N,352164,11,Front to Rear,21,CLEAR,1,DAYLIGHT,12,MOTOR VEHICLE IN TRANSPORT,WHITE BRIDGE PKE & CHARLOTTE PKE,NASHVILLE,TN,37209,5033,WEST,36.1494,-86.8579,POINT (-86.8579 36.1494)
20190229910,03/25/2019 12:00:00 AM,1,0,0,,Y,299254,0,NOT COLLISION W/MOTOR VEHICLE-TRANSPORT,2,RAIN,3,DARK - LIGHTED,1,,EZELL PKE & HARDING PL,NASHVILLE,TN,37211,8847,SOUTH,36.0896,-86.6885,POINT (-86.6885 36.0896)
20190533315,07/17/2019 12:00:00 AM,1,0,0,Y,N,352185,9,UNKNOWN,21,CLEAR,3,DARK - LIGHTED,99,UNKNOWN MOST HARMFUL EVENT,0 I440 W ENT RAMP,NASHVILLE,TN,37217,8816,SOUTH,36.125,-86.7271,POINT (-86.7271 36.125)
20190270474,04/08/2019 04:35:00 PM,1,1,0,Y,N,256379,0,NOT COLLISION W/MOTOR VEHICLE-TRANSPORT,21,CLEAR,1,DAYLIGHT,24,GUARDRAIL FACE,MM 7 5 I 440,NASHVILLE,TN,37210,81022,SOUTH,36.1264,-86.7287,POINT (-86.7287 36.1264)
20190459777,06/17/2019 01:45:00 PM,2,0,0,,N,676834,5,SIDESWIPE - SAME DIRECTION,21,CLEAR,1,DAYLIGHT,12,MOTOR VEHICLE IN TRANSPORT,GREAT CIRCLE RD & ATHENS WAY,NASHVILLE,TN,37228,4443,NORTH,36.1991,-86.7983,POINT (-86.7983 36.1991)
20190045686,01/18/2019 01:45:00 AM,2,0,0,,N,299270,11,Front to Rear,5,FOG,3,DARK - LIGHTED,12,MOTOR VEHICLE IN TRANSPORT,CHURCH ST & 4TH AVN,NASHVILLE,TN,37219,4129,CENTRA,36.1635,-86.7793,POINT (-86.7793 36.1635)
20190357252,05/09/2019 08:13:00 PM,3,0,0,,N,240955,11,Front to Rear,22,CLOUDY,3,DARK - LIGHTED,12,MOTOR VEHICLE IN TRANSPORT,HAMILTON CHURCH RD & MURFREESBORO PKE,ANTIOCH,TN,37013,8865,SOUTH,36.0645,-86.6288,POINT (-86.6288 36.0645)
20190481436,06/25/2019 11:45:00 PM,2,2,0,,N,298875,4,ANGLE,21,CLEAR,3,DARK - LIGHTED,12,MOTOR VEHICLE IN TRANSPORT,RANSOM PL & MURFREESBORO PKE,NASHVILLE,TN,37217,8853,SOUTH,36.0694,-86.6409,POINT (-86.6409 36.0694)
20190577499,08/03/2019 03:50:00 PM,2,1,0,,Y,330443,11,Front to Rear,21,CLEAR,1,DAYLIGHT,12,MOTOR VEHICLE IN TRANSPORT,BELLSHIRE DR & TUCKAHOE DR,NASHVILLE,TN,37207,2035,MADISO,36.2604,-86.7627,POINT (-86.7627 36.2604)
20190346587,05/06/2019 07:37:00 AM,2,0,0,,N,352158,11,Front to Rear,21,CLEAR,1,DAYLIGHT,12,MOTOR VEHICLE IN TRANSPORT,HOLT RD & WINFIELD DR,NASHVILLE,TN,37211,8651,MIDTOW,36.0151,-86.7356,POINT (-86.7356 36.0151)
20190401522,05/26/2019 02:51:00 AM,1,0,0,Y,N,298871,0,NOT COLLISION W/MOTOR VEHICLE-TRANSPORT,21,CLEAR,3,DARK - LIGHTED,30,UTILITY POLE,4TH AVS & HUMPHREYS ST,NASHVILLE,TN,37210,8127,SOUTH,36.1411,-86.7642,POINT (-86.7642 36.1411)
20190445538,06/12/2019 01:25:00 AM,2,0,0,,N,224437,4,ANGLE,21,CLEAR,3,DARK - LIGHTED,12,MOTOR VEHICLE IN TRANSPORT,MM 54 6 I 24,NASHVILLE,TN,37211,84021,SOUTH,36.0994,-86.7109,POINT (-86.7109 36.0994)
20190239009,03/27/2019 11:55:00 PM,2,0,0,,N,311338,4,ANGLE,22,CLOUDY,3,DARK - LIGHTED,12,MOTOR VEHICLE IN TRANSPORT,JEFFERSON ST & DR D B TODD JR BLVD,NASHVILLE,TN,37208,5325,NORTH,36.1694,-86.807,POINT (-86.807 36.1694)
20190328560,04/29/2019 08:49:00 AM,2,0,0,,Y,812949,3,REAR-TO-REAR,21,CLEAR,1,DAYLIGHT,14,PARKED MOTOR VEHICLE,HAMPTON ST & W TRINITY LN,NASHVILLE,TN,37207,3019,NORTH,36.2074,-86.7786,POINT (-86.7786 36.2074)
20190247382,03/31/2019 01:20:00 AM,2,0,0,,N,191573,2,HEAD-ON,21,CLEAR,3,DARK - LIGHTED,12,MOTOR VEHICLE IN TRANSPORT,2ND AVS & PEABODY ST,NASHVILLE,TN,37201,4047,CENTRA,36.1568,-86.7719,POINT (-86.7719 36.1568)
20190299253,04/18/2019 01:39:00 PM,3,1,0,,N,226622,11,Front to Rear,22,CLOUDY,1,DAYLIGHT,12,MOTOR VEHICLE IN TRANSPORT,WHITE BRIDGE PKE & OBRIEN AV,NASHVILLE,TN,37209,5101,WEST,36.1505,-86.8579,POINT (-86.8579 36.1505)
20190203721,03/15/2019 04:57:00 PM,3,0,0,,N,299266,4,ANGLE,21,CLEAR,1,DAYLIGHT,12,MOTOR VEHICLE IN TRANSPORT,MM 57 4 I 24,ANTIOCH,TN,37013,88080,SOUTH,36.0649,-86.6847,POINT (-86.6847 36.0649)
20190249367,04/01/2019 12:14:00 AM,2,0,0,,Y,240981,4,ANGLE,21,CLEAR,3,DARK - LIGHTED,12,MOTOR VEHICLE IN TRANSPORT,GARFIELD ST & ROSA L PARKS BLVD,NASHVILLE,TN,37208,4343,NORTH,36.1806,-86.7963,POINT (-86.7963 36.1806)
20190186948,03/09/2019 03:25:00 PM,2,0,0,,N,256417,4,ANGLE,2,RAIN,1,DAYLIGHT,12,MOTOR VEHICLE IN TRANSPORT,LEBANON PKE & ANDREW JACKSON PKWY,HERMITAGE,TN,37076,9537,HERMIT,36.2151,-86.5962,POINT (-86.5962 36.2151)
20190116552,02/12/2019 04:28:00 PM,2,0,0,,Y,256439,4,ANGLE,21,CLEAR,1,DAYLIGHT,12,MOTOR VEHICLE IN TRANSPORT,ROYAL PKWY & CLARIDGE DR,NASHVILLE,TN,37214,9103,HERMIT,36.1461,-86.6676,POINT (-86.6676 36.1461)
20190227207,03/23/2019 11:00:00 PM,2,0,0,,Y,197067,4,ANGLE,21,CLEAR,3,DARK - LIGHTED,12,MOTOR VEHICLE IN TRANSPORT,3RD AVN & COMMERCE ST,NASHVILLE,TN,37201,4105,CENTRA,36.1627,-86.7767,POINT (-86.7767 36.1627)
20190123472,02/14/2019 07:48:00 PM,1,0,0,,N,151132,0,NOT COLLISION W/MOTOR VEHICLE-TRANSPORT,21,CLEAR,2,DARK - NOT LIGHTED,34;42;63,DITCH;TREE;Ran Off Road-Right,MM 41 2 I 24,WHITES CREEK,TN,37189,3226,NORTH,36.2687,-86.7931,POINT (-86.7931 36.2687)
20190146731,02/23/2019 02:50:00 AM,2,0,0,,Y,330414,4,ANGLE,21,CLEAR,2,DARK - NOT LIGHTED,12,MOTOR VEHICLE IN TRANSPORT,CHARLOTTE AV & GEORGE L DAVIS BLVD,NASHVILLE,TN,37203,4205,CENTRA,36.1612,-86.7927,POINT (-86.7927 36.1612)
20190161082,02/28/2019 08:50:00 AM,3,0,0,,N,226306,11,Front to Rear,21,CLEAR,1,DAYLIGHT,12,MOTOR VEHICLE IN TRANSPORT,MM 202 0 I 40,NASHVILLE,TN,37209,46027,WEST,36.1401,-86.8875,POINT (-86.8875 36.1401)
20190184226,03/08/2019 12:24:00 PM,3,0,0,,N,414731,11,Front to Rear,22,CLOUDY,1,DAYLIGHT,12,MOTOR VEHICLE IN TRANSPORT,MM 52 2 I 24,NASHVILLE,TN,37217,8816,SOUTH,36.1359,-86.7267,POINT (-86.7267 36.1359)
20190368191,05/14/2019 07:40:00 AM,2,0,0,,N,166478,5,SIDESWIPE - SAME DIRECTION,21,CLEAR,1,DAYLIGHT,12,MOTOR VEHICLE IN TRANSPORT,I65 S EXT RAMP & I 65,MADISON,TN,37115,20044,MADISO,36.2481,-86.743,POINT (-86.743 36.2481)