Accident Number,Date and Time,Number of Motor Vehicles,Number of Injuries,Number of Fatalities,Property Damage,Hit and Run,Reporting Officer,Collision Type Code,Collision Type Description,Weather Code,Weather Description,Illumination Code,Illumination Description,Harmful Code,Harmful Code Description,Street Address,City,State,ZIP,RPA,Precinct,Latitude,Longitude,Mapped Location
20190449666,06/13/2019 12:27:00 PM,2,1,0,,N,834798,5,SIDESWIPE - SAME DIRECTION,21,CLEAR,1,DAYLIGHT,12,MOTOR VEHICLE IN TRANSPORT,CHARLOTTE AV & 14TH AVN,NASHVILLE,TN,37203,5501,MIDTOW,36.1606,-86.7941,POINT (-86.7941 36.1606)
20190455671,06/15/2019 06:16:00 PM,2,0,0,,Y,352198,5,SIDESWIPE - SAME DIRECTION,21,CLEAR,1,DAYLIGHT,12,MOTOR VEHICLE IN TRANSPORT,SAWYER BROWN RD & GENERAL GEORGE PATTON,NASHVILLE,TN,37221,4811,WEST,36.0683,-86.9493,POINT (-86.9493 36.0683)
20190127736,02/16/2019 11:15:00 AM,2,0,0,,Y,226306,4,ANGLE,22,CLOUDY,98,OTHER,14,PARKED MOTOR VEHICLE,BELLEVUE CTR PVTDR & HIGHWAY 70S,NASHVILLE,TN,37221,4813,WEST,36.0787,-86.9507,POINT (-86.9507 36.0787)
20190368769,05/14/2019 12:22:00 PM,2,1,0,Y,N,134899,11,Front to Rear,21,CLEAR,1,DAYLIGHT,12;14;40,MOTOR VEHICLE IN TRANSPORT;PARKED MOTOR VEHICLE;MAIL BOX,DOVE CREEK RD & BLUEWATER DR,ANTIOCH,TN,37013,8925,SOUTH,36.0723,-86.5983,POINT (-86.5983 36.0723)
20190044582,01/17/2019 04:56:00 PM,1,0,0,,N,279194,0,NOT COLLISION W/MOTOR VEHICLE-TRANSPORT,22,CLOUDY,1,DAYLIGHT,34,DITCH,BRILEY PKWYN & BRILEY PKWYE,NASHVILLE,TN,37218,3248,NORTH,36.2239,-86.8677,POINT (-86.8677 36.2239)
20190205791,03/16/2019 01:40:00 PM,2,0,0,,N,584947,11,Front to Rear,21,CLEAR,1,DAYLIGHT,12,MOTOR VEHICLE IN TRANSPORT,FRANKLIN PKE & OLD HICKORY BLVD,NASHVILLE,TN,37220,7111,MIDTOW,36.0377,-86.7865,POINT (-86.7865 36.0377)
20190251368,04/01/2019 03:50:00 PM,2,2,0,,N,311344,4,ANGLE,21,CLEAR,1,DAYLIGHT,12;37,MOTOR VEHICLE IN TRANSPORT;Other Traffic Barrier,GALLATIN PKES & GALLATIN PKE,MADISON,TN,37115,1517,MADISO,36.2383,-86.724,POINT (-86.724 36.2383)
20190073768,01/28/2019 12:00:00 AM,2,0,0,,Y,134869,4,ANGLE,21,CLEAR,1,DAYLIGHT,14,PARKED MOTOR VEHICLE,2300 WEST END AV,NASHVILLE,TN,37203,5615,MIDTOW,36.1486,-86.8061,POINT (-86.8061 36.1486)
20190265519,04/06/2019 03:50:00 PM,2,0,0,,Y,256505,4,ANGLE,21,CLEAR,1,DAYLIGHT,12,MOTOR VEHICLE IN TRANSPORT,FAIRFAX AV & MARLBOROUGH AV,NASHVILLE,TN,37212,5905,MIDTOW,36.1358,-86.8171,POINT (-86.8171 36.1358)
20190313985,04/23/2019 05:43:00 PM,2,0,0,,Y,256383,6,SIDESWIPE - OPPOSITE DIRECTION,21,CLEAR,1,DAYLIGHT,12,MOTOR VEHICLE IN TRANSPORT,MURFREESBORO PKE & FOREST VIEW DR,ANTIOCH,TN,37013,8865,SOUTH,36.0674,-86.6313,POINT (-86.6313 36.0674)
20190234697,03/26/2019 12:48:00 PM,2,0,0,,N,343522,11,Front to Rear,21,CLEAR,1,DAYLIGHT,12,MOTOR VEHICLE IN TRANSPORT,CENTENNIAL BLVD & LOUISIANA AV,NASHVILLE,TN,37209,4509,WEST,36.1623,-86.8477,POINT (-86.8477 36.1623)
20190044379,01/17/2019 03:30:00 PM,2,1,0,,N,206675,11,Front to Rear,21,CLEAR,1,DAYLIGHT,12,MOTOR VEHICLE IN TRANSPORT,MM 74 9 I 65,NASHVILLE,TN,37220,71040,MIDTOW,36.0438,-86.7814,POINT (-86.7814 36.0438)
20190572262,08/01/2019 12:00:00 AM,2,0,0,,N,298877,11,Front to Rear,21,CLEAR,1,DAYLIGHT,12,MOTOR VEHICLE IN TRANSPORT,HARDING PL & WHISPERING OAKS PL,NASHVILLE,TN,37211,8705,SOUTH,36.0817,-86.7137,POINT (-86.7137 36.0817)
20190554735,07/25/2019 09:50:00 AM,2,0,0,,N,279122,5,SIDESWIPE - SAME DIRECTION,21,CLEAR,1,DAYLIGHT,12,MOTOR VEHICLE IN TRANSPORT,MM 42 3 I 24,NASHVILLE,TN,37207,20160,MADISO,36.2535,-86.7852,POINT (-86.7852 36.2535)
20190177203,03/06/2019 07:03:00 AM,2,0,0,,N,665896,4,ANGLE,21,CLEAR,1,DAYLIGHT,12,MOTOR VEHICLE IN TRANSPORT,PINE RIDGE DR & DICKERSON PKE,NASHVILLE,TN,37207,1823,EAST,36.2212,-86.7618,POINT (-86.7618 36.2212)
20190222783,03/22/2019 07:26:00 AM,2,1,0,,N,311325,2,HEAD-ON,21,CLEAR,1,DAYLIGHT,12,MOTOR VEHICLE IN TRANSPORT,LEBANON PKE & QUINN CIR,NASHVILLE,TN,37210,9019,HERMIT,36.1602,-86.7029,POINT (-86.7029 36.1602)
20190457972,06/16/2019 10:00:00 PM,2,0,0,,N,197067,5,SIDESWIPE - SAME DIRECTION,21,CLEAR,2,DARK - NOT LIGHTED,12,MOTOR VEHICLE IN TRANSPORT,2ND AVS & I40 W EXT RAMP,NASHVILLE,TN,37210,4003,CENTRA,36.1518,-86.7686,POINT (-86.7686 36.1518)
20190366458,05/13/2019 12:00:00 AM,2,0,0,,Y,352189,5,SIDESWIPE - SAME DIRECTION,22,CLOUDY,1,DAYLIGHT,12,MOTOR VEHICLE IN TRANSPORT,BETHWOOD DR & ALLENWOOD DR,NASHVILLE,TN,37207,1887,EAST,36.2134,-86.7511,POINT (-86.7511 36.2134)
20190576434,08/03/2019 01:48:00 AM,2,0,0,,N,279203,11,Front to Rear,21,CLEAR,3,DARK - LIGHTED,12,MOTOR VEHICLE IN TRANSPORT,LAFAYETTE ST & 5TH AVS,NASHVILLE,TN,37203,4027,CENTRA,36.1525,-86.7733,POINT (-86.7733 36.1525)
20190359301,05/10/2019 01:27:00 PM,2,1,0,,N,352212,4,ANGLE,21,CLEAR,1,DAYLIGHT,12,MOTOR VEHICLE IN TRANSPORT,BELL RD & BLUE HOLE RD,ANTIOCH,TN,37013,8719,SOUTH,36.0458,-86.6744,POINT (-86.6744 36.0458)
20190061992,01/24/2019 06:45:00 AM,2,0,0,,Y,462501,11,Front to Rear,21,CLEAR,1,DAYLIGHT,12,MOTOR VEHICLE IN TRANSPORT,MM 49 2 I 24,NASHVILLE,TN,37213,1002,CENTRA,36.1637,-86.7625,POINT (-86.7625 36.1637)
20190531556,07/16/2019 11:54:00 AM,2,2,0,,N,137872,11,Front to Rear,21,CLEAR,1,DAYLIGHT,12,MOTOR VEHICLE IN TRANSPORT,LEBANON PKE & HERMITAGE RD,OLD HICKORY,TN,37138,9739,HERMIT,36.2003,-86.6186,POINT (-86.6186 36.2003)
20190254649,04/02/2019 05:11:00 PM,2,0,0,,N,226136,11,Front to Rear,21,CLEAR,1,DAYLIGHT,12,MOTOR VEHICLE IN TRANSPORT,HILLSBORO PKE & ENCLAVE AT HILLSBORO VIL,NASHVILLE,TN,37212,6507,MIDTOW,36.1253,-86.8056,POINT (-86.8056 36.1253)
20190201608,03/14/2019 11:42:00 PM,2,1,0,,N,320584,4,ANGLE,21,CLEAR,3,DARK - LIGHTED,12,MOTOR VEHICLE IN TRANSPORT,MELROSE AV & I440 E ENT RAMP,NASHVILLE,TN,37211,8343,MIDTOW,36.1205,-86.7501,POINT (-86.7501 36.1205)
20190289345,04/15/2019 03:30:00 PM,2,0,0,,N,320577,4,ANGLE,21,CLEAR,1,DAYLIGHT,12,MOTOR VEHICLE IN TRANSPORT,8TH AVS & SOUTH ST,NASHVILLE,TN,37203,6803,MIDTOW,36.1472,-86.7791,POINT (-86.7791 36.1472)
20190415383,05/31/2019 06:59:00 AM,2,2,0,,N,834798,4,ANGLE,21,CLEAR,1,DAYLIGHT,12,MOTOR VEHICLE IN TRANSPORT,MCMURRAY DR & ASHLEY DR,NASHVILLE,TN,37211,8657,MIDTOW,36.0551,-86.7319,POINT (-86.7319 36.0551)
20190495749,07/01/2019 01:30:00 PM,2,0,0,,N,224953,11,Front to Rear,21,CLEAR,1,DAYLIGHT,12,MOTOR VEHICLE IN TRANSPORT,MM 49 0 I 24,NASHVILLE,TN,37206,10040,EAST,36.1664,-86.7647,POINT (-86.7647 36.1664)
20190529693,07/15/2019 06:00:00 PM,2,0,0,,N,256448,4,ANGLE,21,CLEAR,1,DAYLIGHT,12,MOTOR VEHICLE IN TRANSPORT,ELM HILL PKE & EMERY DR,NASHVILLE,TN,37214,9103,HERMIT,36.1517,-86.677,POINT (-86.677 36.1517)
20190375361,05/16/2019 02:38:00 PM,2,0,0,,Y,352201,11,Front to Rear,21,CLEAR,1,DAYLIGHT,12,MOTOR VEHICLE IN TRANSPORT,WOODMONT BLVD & WOODMONT LN,NASHVILLE,TN,37205,6021,WEST,36.1168,-86.8396,POINT (-86.8396 36.1168)
20190544753,07/21/2019 12:00:00 AM,2,0,0,,Y,279118,11,Front to Rear,21,CLEAR,1,DAYLIGHT,14,PARKED MOTOR VEHICLE,HICKORY HOLLOW MALL PVTDR PL & BELL RD,ANTIOCH,TN,37013,8871,SOUTH,36.0494,-86.6518,POINT (-86.6518 36.0494)
20190479659,06/25/2019 09:02:00 AM,2,1,0,,N,584947,11,Front to Rear,21,CLEAR,1,DAYLIGHT,12,MOTOR VEHICLE IN TRANSPORT,FRANKLIN PKE & OLD HICKORY BLVD,NASHVILLE,TN,37220,7111,MIDTOW,36.0377,-86.7865,POINT (-86.7865 36.0377)
20190157058,02/26/2019 11:36:00 PM,2,1,0,,N,311343,11,Front to Rear,21,CLEAR,3,DARK - LIGHTED,1;14,PARKED MOTOR VEHICLE,NATCHEZ TRC & WOODLAWN DR,NASHVILLE,TN,37212,5911,MIDTOW,36.1261,-86.8125,POINT (-86.8125 36.1261)
20190520240,07/11/2019 02:10:00 PM,2,0,0,,Y,161939,11,Front to Rear,21,CLEAR,1,DAYLIGHT,12,MOTOR VEHICLE IN TRANSPORT,FOREST POINTE PL & FOREST VIEW DR,ANTIOCH,TN,37013,8979,SOUTH,36.0685,-86.6297,POINT (-86.6297 36.0685)
20190254617,04/02/2019 05:46:00 PM,2,1,0,,N,240970,11,Front to Rear,21,CLEAR,1,DAYLIGHT,12,MOTOR VEHICLE IN TRANSPORT,BRILEY PKWYN & EAST THOMPSON LN,NASHVILLE,TN,37211,8423,SOUTH,36.1095,-86.7281,POINT (-86.7281 36.1095)
20190356858,05/09/2019 05:09:00 PM,2,1,0,,N,330413,5,SIDESWIPE - SAME DIRECTION,22,CLOUDY,1,DAYLIGHT,12,MOTOR VEHICLE IN TRANSPORT,HILLSBORO PKE & WARFIELD DR,NASHVILLE,TN,37215,6405,MIDTOW,36.1034,-86.8161,POINT (-86.8161 36.1034)
20190511158,07/06/2019 09:27:00 PM,2,0,0,Y,Y,240944,0,NOT COLLISION W/MOTOR VEHICLE-TRANSPORT,22,CLOUDY,3,DARK - LIGHTED,12;14;43,MOTOR VEHICLE IN TRANSPORT;PARKED MOTOR VEHICLE;OTHER FIXED OBJECTS,SOUTHLAKE DR & SOUTHLAKE CT,NASHVILLE,TN,37211,8423,SOUTH,36.1034,-86.7301,POINT (-86.7301 36.1034)
20190261080,04/04/2019 06:10:00 PM,2,0,0,,Y,161945,11,Front to Rear,21,CLEAR,1,DAYLIGHT,12,MOTOR VEHICLE IN TRANSPORT,MM 74 3 I 65,BRENTWOOD,TN,37027,8623,MIDTOW,36.0352,-86.783,POINT (-86.783 36.0352)
20190372266,05/15/2019 01:05:00 PM,2,0,0,,N,256380,11,Front to Rear,21,CLEAR,1,DAYLIGHT,12,MOTOR VEHICLE IN TRANSPORT,LANE DR & US HWY 431,NASHVILLE,TN,37207,3023,NORTH,36.2232,-86.8059,POINT (-86.8059 36.2232)
20190019729,01/08/2019 12:00:00 AM,2,1,0,,N,212344,11,Front to Rear,21,CLEAR,3,DARK - LIGHTED,12,MOTOR VEHICLE IN TRANSPORT,MM 49 3 I 24,NASHVILLE,TN,37206,10040,EAST,36.1629,-86.7614,POINT (-86.7614 36.1629)
20190100626,02/06/2019 03:00:00 PM,2,0,0,,N,256422,11,Front to Rear,2,RAIN,1,DAYLIGHT,12,MOTOR VEHICLE IN TRANSPORT,MM 208 6 I 40,NASHVILLE,TN,37203,42020,CENTRA,36.1629,-86.7935,POINT (-86.7935 36.1629)
20190108917,02/09/2019 07:30:00 PM,2,1,0,,N,179606,2,HEAD-ON,21,CLEAR,3,DARK - LIGHTED,12,MOTOR VEHICLE IN TRANSPORT,MOORE AV & ENSLEY BLVD,NASHVILLE,TN,37203,8011,MIDTOW,36.1364,-86.7606,POINT (-86.7606 36.1364)
20190169580,03/03/2019 10:19:00 PM,2,0,0,,N,311336,5,SIDESWIPE - SAME DIRECTION,21,CLEAR,3,DARK - LIGHTED,12,MOTOR VEHICLE IN TRANSPORT,W TRINITY LN & I65 S ENT RAMP,NASHVILLE,TN,37207,3002,NORTH,36.2065,-86.7765,POINT (-86.7765 36.2065)
20190115547,02/12/2019 09:58:00 AM,2,0,0,,Y,109534,9,UNKNOWN,99,UNKNOWN,98,OTHER,14,PARKED MOTOR VEHICLE,ELM HILL PKE & EMERY DR,NASHVILLE,TN,37214,9103,HERMIT,36.1517,-86.677,POINT (-86.677 36.1517)
20190341181,05/03/2019 03:50:00 PM,2,0,0,,Y,299257,4,ANGLE,21,CLEAR,1,DAYLIGHT,12,MOTOR VEHICLE IN TRANSPORT,MM 81 1 I 65,NASHVILLE,TN,37204,80040,MIDTOW,36.1313,-86.7738,POINT (-86.7738 36.1313)
20190359107,05/10/2019 12:00:00 PM,2,0,0,,N,420035,4,ANGLE,22,CLOUDY,1,DAYLIGHT,12,MOTOR VEHICLE IN TRANSPORT,GALLATIN PKEN & DUPONT AV,MADISON,TN,37115,1701,MADISO,36.2668,-86.7109,POINT (-86.7109 36.2668)
20190050367,01/19/2019 07:30:00 PM,2,0,0,,N,151122,5,SIDESWIPE - SAME DIRECTION,2,RAIN,3,DARK - LIGHTED,12,MOTOR VEHICLE IN TRANSPORT,BELL RD & MT VIEW RD,ANTIOCH,TN,37013,8865,SOUTH,36.05,-86.6496,POINT (-86.6496 36.05)
20190024175,01/10/2019 07:01:00 AM,2,0,0,,N,716886,11,Front to Rear,21,CLEAR,1,DAYLIGHT,12,MOTOR VEHICLE IN TRANSPORT,MM 57 3 I 24,ANTIOCH,TN,37013,88080,SOUTH,36.0663,-86.6861,POINT (-86.6861 36.0663)
20190387855,05/21/2019 11:09:00 AM,2,0,0,,N,226092,4,ANGLE,21,CLEAR,1,DAYLIGHT,12,MOTOR VEHICLE IN TRANSPORT,21ST AVN & JEFFERSON ST,NASHVILLE,TN,37208,5325,NORTH,36.1691,-86.8096,POINT (-86.8096 36.1691)
20190491091,06/29/2019 12:00:00 AM,2,0,0,,Y,462474,16,Rear to Side,21,CLEAR,1,DAYLIGHT,12;14,MOTOR VEHICLE IN TRANSPORT;PARKED MOTOR VEHICLE,BENTON AV & BRANSFORD AV,NASHVILLE,TN,37204,8031,MIDTOW,36.1317,-86.7684,POINT (-86.7684 36.1317)
20190073073,01/28/2019 11:41:00 AM,2,1,0,,N,474557,11,Front to Rear,21,CLEAR,1,DAYLIGHT,12,MOTOR VEHICLE IN TRANSPORT,MURFREESBORO PKE & MOUNTAIN SPRINGS RD,ANTIOCH,TN,37013,8927,SOUTH,36.0478,-86.6121,POINT (-86.6121 36.0478)
20190256775,04/03/2019 10:51:00 AM,2,0,0,,N,109534,5,SIDESWIPE - SAME DIRECTION,21,CLEAR,1,DAYLIGHT,12,MOTOR VEHICLE IN TRANSPORT,LEBANON PKE & DANYACREST DR,NASHVILLE,TN,37214,9403,HERMIT,36.1786,-86.6447,POINT (-86.6447 36.1786)
20190204107,03/15/2019 08:02:00 PM,1,0,0,,N,212346,0,NOT COLLISION W/MOTOR VEHICLE-TRANSPORT,21,CLEAR,3,DARK - LIGHTED,33,CURB,JAMES ROBERTSON PKWY & 6TH AVN,NASHVILLE,TN,37219,4203,CENTRA,36.1687,-86.7847,POINT (-86.7847 36.1687)
20190437926,06/09/2019 02:02:00 AM,2,0,0,,N,134867,5,SIDESWIPE - SAME DIRECTION,21,CLEAR,3,DARK - LIGHTED,12,MOTOR VEHICLE IN TRANSPORT,JAMES ROBERTSON PKWY & INTERSTATE DR,NASHVILLE,TN,37213,1105,CENTRA,36.1714,-86.769,POINT (-86.769 36.1714)
20190118649,02/13/2019 07:41:00 AM,2,0,0,,N,485261,4,ANGLE,21,CLEAR,1,DAYLIGHT,12,MOTOR VEHICLE IN TRANSPORT,BROADWAY & 8TH AVS,NASHVILLE,TN,37203,4083,CENTRA,36.1589,-86.7821,POINT (-86.7821 36.1589)
20190361738,05/11/2019 02:20:00 PM,2,1,0,,N,799013,2,HEAD-ON,2,RAIN,1,DAYLIGHT,12,MOTOR VEHICLE IN TRANSPORT,BRILEY PKWYW & BRILEY PKWYE,NASHVILLE,TN,37218,3216,NORTH,36.2254,-86.8638,POINT (-86.8638 36.2254)
20190022580,01/09/2019 04:30:00 PM,2,3,0,,N,256505,11,Front to Rear,21,CLEAR,1,DAYLIGHT,12,MOTOR VEHICLE IN TRANSPORT,CHURCH ST & 19TH AVN,NASHVILLE,TN,37203,5525,MIDTOW,36.1542,-86.7992,POINT (-86.7992 36.1542)
20190555420,07/25/2019 03:37:00 PM,2,0,0,,N,299253,5,SIDESWIPE - SAME DIRECTION,21,CLEAR,1,DAYLIGHT,12,MOTOR VEHICLE IN TRANSPORT,MM 47 0 I 24,NASHVILLE,TN,37207,1910,CENTRA,36.1886,-86.7761,POINT (-86.7761 36.1886)
20190321928,04/26/2019 08:15:00 AM,2,0,0,,N,665896,4,ANGLE,21,CLEAR,1,DAYLIGHT,12,MOTOR VEHICLE IN TRANSPORT,MCGAVOCK PKE & RIVERSIDE DR,NASHVILLE,TN,37216,1437,EAST,36.2048,-86.7244,POINT (-86.7244 36.2048)
20190035286,01/14/2019 03:15:00 PM,2,2,0,,N,151132,5,SIDESWIPE - SAME DIRECTION,22,CLOUDY,1,DAYLIGHT,12,MOTOR VEHICLE IN TRANSPORT,GALLATIN PKES & GALLATIN PKE,MADISON,TN,37115,1517,MADISO,36.2383,-86.724,POINT (-86.724 36.2383)
20190080234,01/30/2019 01:05:00 PM,2,0,0,,N,330438,11,Front to Rear,21,CLEAR,1,DAYLIGHT,12,MOTOR VEHICLE IN TRANSPORT,CENTENNIAL BLVD & CENTENNIAL BLVD ACCESS,NASHVILLE,TN,37209,4619,WEST,36.1702,-86.8626,POINT (-86.8626 36.1702)
20190220816,03/21/2019 03:28:00 PM,2,0,0,,N,256446,11,Front to Rear,21,CLEAR,1,DAYLIGHT,12,MOTOR VEHICLE IN TRANSPORT,MM 52 8 I 24,NASHVILLE,TN,37210,81022,SOUTH,36.1212,-86.7272,POINT (-86.7272 36.1212)
20190122045,02/14/2019 09:54:00 AM,2,2,0,,N,226622,2,HEAD-ON,22,CLOUDY,1,DAYLIGHT,12,MOTOR VEHICLE IN TRANSPORT,CURRYWOOD DR & WINDROWE DR,NASHVILLE,TN,37205,4905,WEST,36.1184,-86.9029,POINT (-86.9029 36.1184)
20190281284,04/12/2019 09:21:00 AM,2,0,0,,Y,299243,11,Front to Rear,21,CLEAR,1,DAYLIGHT,12,MOTOR VEHICLE IN TRANSPORT,3RD AVN & JEFFERSON ST,NASHVILLE,TN,37201,4233,CENTRA,36.175,-86.7847,POINT (-86.7847 36.175)
20190193317,03/12/2019 06:50:00 AM,2,0,0,,N,109534,5,SIDESWIPE - SAME DIRECTION,21,CLEAR,1,DAYLIGHT,12,MOTOR VEHICLE IN TRANSPORT,MM 213 4 I 40,NASHVILLE,TN,37217,8818,HERMIT,36.1399,-86.7253,POINT (-86.7253 36.1399)
20190371951,05/15/2019 12:42:00 PM,2,1,0,,Y,223502,4,ANGLE,21,CLEAR,1,DAYLIGHT,12,MOTOR VEHICLE IN TRANSPORT,MM 59 6 I 24,ANTIOCH,TN,37013,88060,SOUTH,36.0438,-86.6561,POINT (-86.6561 36.0438)
20190118664,02/13/2019 07:38:00 AM,2,0,0,,N,235761,5,SIDESWIPE - SAME DIRECTION,21,CLEAR,1,DAYLIGHT,12,MOTOR VEHICLE IN TRANSPORT,MM 193 4 I 40,NASHVILLE,TN,37221,4804,WEST,36.0773,-87.0049,POINT (-87.0049 36.0773)
20190178535,03/06/2019 03:44:00 PM,5,2,0,,N,109536,11,Front to Rear,21,CLEAR,1,DAYLIGHT,12,MOTOR VEHICLE IN TRANSPORT,MM 92 8 I 65,MADISON,TN,37115,17062,MADISO,36.2724,-86.7362,POINT (-86.7362 36.2724)
20190235575,03/26/2019 08:20:00 PM,2,2,0,,N,256380,4,ANGLE,21,CLEAR,3,DARK - LIGHTED,12,MOTOR VEHICLE IN TRANSPORT,EWING DR & EWING LN,NASHVILLE,TN,37207,3029,NORTH,36.2324,-86.7869,POINT (-86.7869 36.2324)
20190331479,04/30/2019 09:04:00 AM,2,0,0,,Y,134899,11,Front to Rear,21,CLEAR,1,DAYLIGHT,12,MOTOR VEHICLE IN TRANSPORT,CENTRAL PKE ENT RAMP & CENTRAL PKE,HERMITAGE,TN,37076,95100,HERMIT,36.174,-86.6054,POINT (-86.6054 36.174)
20190113069,02/11/2019 02:21:00 PM,1,0,0,,N,151132,0,NOT COLLISION W/MOTOR VEHICLE-TRANSPORT,22,CLOUDY,1,DAYLIGHT,63;71,Ran Off Road-Right;EMBANKMENT EARTH,I24 W EXT RAMP & I 24,NASHVILLE,TN,37211,8829,SOUTH,36.1074,-86.7197,POINT (-86.7197 36.1074)
20190400477,05/25/2019 03:37:00 PM,2,0,0,,Y,279194,11,Front to Rear,21,CLEAR,1,DAYLIGHT,12,MOTOR VEHICLE IN TRANSPORT,DR D B TODD JR BLVD & BUCHANAN ST,NASHVILLE,TN,37208,4413,NORTH,36.1805,-86.8112,POINT (-86.8112 36.1805)
20190273448,04/09/2019 04:55:00 PM,2,3,0,,N,240979,11,Front to Rear,21,CLEAR,1,DAYLIGHT,12,MOTOR VEHICLE IN TRANSPORT,HEAD DR & OLD HICKORY BLVDW,MADISON,TN,37115,1777,MADISO,36.2642,-86.7339,POINT (-86.7339 36.2642)
20190040645,01/16/2019 08:30:00 AM,2,0,0,,N,693093,11,Front to Rear,21,CLEAR,1,DAYLIGHT,12,MOTOR VEHICLE IN TRANSPORT,MM 94 0 I 65,GOODLETTSVILLE,TN,37072,17061,MADISO,36.2879,-86.7259,POINT (-86.7259 36.2879)
20190564315,07/29/2019 01:19:00 PM,2,1,0,,Y,306231,11,Front to Rear,21,CLEAR,1,DAYLIGHT,12,MOTOR VEHICLE IN TRANSPORT,MM 35 6 I 24,WHITES CREEK,TN,37189,33180,NORTH,36.3217,-86.8568,POINT (-86.8568 36.3217)
20190191980,03/11/2019 12:00:00 AM,2,0,0,,N,320580,3,REAR-TO-REAR,21,CLEAR,3,DARK - LIGHTED,14;55,PARKED MOTOR VEHICLE;Motor Vehicle-In-Motion Outside Trafficw,THE CROSSINGS PVTDR & FAIRWAY DR,NASHVILLE,TN,37214,9201,HERMIT,36.1704,-86.6825,POINT (-86.6825 36.1704)
20190318708,04/25/2019 07:08:00 AM,2,0,0,,N,169421,5,SIDESWIPE - SAME DIRECTION,21,CLEAR,1,DAYLIGHT,12,MOTOR VEHICLE IN TRANSPORT,MM 207 1 I 40,NASHVILLE,TN,37208,54020,NORTH,36.1698,-86.8093,POINT (-86.8093 36.1698)
20190473331,06/22/2019 01:29:00 PM,2,0,0,,Y,876581,11,Front to Rear,21,CLEAR,1,DAYLIGHT,55,Motor Vehicle-In-Motion Outside Trafficw,RIVERGATE MALL PVTDR & SHEPHERD HILLS DR,GOODLETTSVILLE,TN,37072,1751,MADISO,36.3013,-86.6952,POINT (-86.6952 36.3013)
20190341040,05/03/2019 03:45:00 PM,2,0,0,,N,420040,5,SIDESWIPE - SAME DIRECTION,22,CLOUDY,1,DAYLIGHT,14,PARKED MOTOR VEHICLE,30TH AVS & WEST END AV,NASHVILLE,TN,37212,5815,MIDTOW,36.1435,-86.8144,POINT (-86.8144 36.1435)
20190049443,01/19/2019 12:33:00 PM,1,0,0,Y,N,109527,0,NOT COLLISION W/MOTOR VEHICLE-TRANSPORT,2,RAIN,1,DAYLIGHT,36,CONCRETE TRAFFIC BARRIER,I40 E EXT RAMP & I 40,NASHVILLE,TN,37214,8955,HERMIT,36.155,-86.6271,POINT (-86.6271 36.155)
20190224630,03/22/2019 12:00:00 AM,2,1,0,,N,299258,11,Front to Rear,21,CLEAR,3,DARK - LIGHTED,12,MOTOR VEHICLE IN TRANSPORT,MM 87 0 I 65,NASHVILLE,TN,37207,18020,EAST,36.2018,-86.7766,POINT (-86.7766 36.2018)
20190439388,06/09/2019 09:00:00 PM,2,0,0,,N,256412,4,ANGLE,21,CLEAR,2,DARK - NOT LIGHTED,12,MOTOR VEHICLE IN TRANSPORT,MURFREESBORO PKE & NASHBORO BLVD,ANTIOCH,TN,37013,8891,SOUTH,36.0869,-86.6487,POINT (-86.6487 36.0869)
20190063101,01/24/2019 03:37:00 PM,4,2,0,,Y,279124,11,Front to Rear,21,CLEAR,1,DAYLIGHT,12,MOTOR VEHICLE IN TRANSPORT,BELL RD & EAGLE VIEW BLVD,ANTIOCH,TN,37013,8865,SOUTH,36.0522,-86.6449,POINT (-86.6449 36.0522)
20190453196,06/14/2019 04:34:00 PM,2,0,0,,Y,690942,4,ANGLE,21,CLEAR,1,DAYLIGHT,12;99,MOTOR VEHICLE IN TRANSPORT;UNKNOWN MOST HARMFUL EVENT,8TH AVS & 8TH AVS,NASHVILLE,TN,37203,4041,CENTRA,36.1545,-86.7796,POINT (-86.7796 36.1545)
20190254249,04/02/2019 03:08:00 PM,2,2,0,,N,226136,4,ANGLE,21,CLEAR,1,DAYLIGHT,12,MOTOR VEHICLE IN TRANSPORT,HARDING PL & NOLENSVILLE PKE,NASHVILLE,TN,37211,8705,SOUTH,36.0797,-86.7261,POINT (-86.7261 36.0797)
20190385075,05/20/2019 12:54:00 PM,2,0,0,,N,591936,4,ANGLE,21,CLEAR,1,DAYLIGHT,12,MOTOR VEHICLE IN TRANSPORT,10TH AVS & WALDKIRCH AV,NASHVILLE,TN,37204,6925,MIDTOW,36.1269,-86.7862,POINT (-86.7862 36.1269)
20190375834,05/16/2019 05:49:00 PM,2,0,0,,Y,151132,4,ANGLE,21,CLEAR,1,DAYLIGHT,12,MOTOR VEHICLE IN TRANSPORT,DICKERSON PKE & WESTCHESTER DR,NASHVILLE,TN,37207,2043,MADISO,36.2632,-86.7573,POINT (-86.7573 36.2632)
20190235258,03/26/2019 05:15:00 PM,2,0,0,,Y,179606,5,SIDESWIPE - SAME DIRECTION,21,CLEAR,1,DAYLIGHT,12,MOTOR VEHICLE IN TRANSPORT,MM 87 4 I 65,NASHVILLE,TN,37207,1804,EAST,36.2081,-86.7761,POINT (-86.7761 36.2081)
20190451549,06/14/2019 01:37:00 AM,2,0,0,,N,256377,11,Front to Rear,21,CLEAR,3,DARK - LIGHTED,12,MOTOR VEHICLE IN TRANSPORT,MM 212 2 I 40,NASHVILLE,TN,37210,90041,HERMIT,36.1458,-86.7414,POINT (-86.7414 36.1458)