Accident Number,Date and Time,Number of Motor Vehicles,Number of Injuries,Number of Fatalities,Property Damage,Hit and Run,Reporting Officer,Collision Type Code,Collision Type Description,Weather Code,Weather Description,Illumination Code,Illumination Description,Harmful Code,Harmful Code Description,Street Address,City,State,ZIP,RPA,Precinct,Latitude,Longitude,Mapped Location
20190368928,05/14/2019 01:35:00 PM,2,1,0,,N,468031,6,SIDESWIPE - OPPOSITE DIRECTION,21,CLEAR,1,DAYLIGHT,12,MOTOR VEHICLE IN TRANSPORT,GALLATIN PKE & DELMAS AV,NASHVILLE,TN,37216,1401,EAST,36.1992,-86.7409,POINT (-86.7409 36.1992)
20190569673,07/31/2019 01:00:00 PM,2,0,0,,N,580819,5,SIDESWIPE - SAME DIRECTION,22,CLOUDY,1,DAYLIGHT,14,PARKED MOTOR VEHICLE,THE ARCADE & ARCADE ALY,NASHVILLE,TN,37219,4139,CENTRA,36.1643,-86.7801,POINT (-86.7801 36.1643)
20190379409,05/17/2019 10:23:00 PM,2,0,0,,N,330435,11,Front to Rear,21,CLEAR,3,DARK - LIGHTED,12,MOTOR VEHICLE IN TRANSPORT,MM 47 1 I 24,NASHVILLE,TN,37207,1904,CENTRA,36.187,-86.776,POINT (-86.776 36.187)
20190189319,03/10/2019 07:50:00 PM,3,0,0,,Y,240955,11,Front to Rear,21,CLEAR,3,DARK - LIGHTED,12,MOTOR VEHICLE IN TRANSPORT,OLD HICKORY BLVD & EULALA DR,NASHVILLE,TN,37211,8717,SOUTH,36.0455,-86.7039,POINT (-86.7039 36.0455)
20190286680,04/14/2019 04:00:00 PM,2,0,0,,Y,311798,4,ANGLE,2,RAIN,1,DAYLIGHT,12,MOTOR VEHICLE IN TRANSPORT,JEFFERSON ST & DR D B TODD JR BLVD,NASHVILLE,TN,37208,5325,NORTH,36.1694,-86.807,POINT (-86.807 36.1694)
20190172097,03/04/2019 05:32:00 PM,3,0,0,,N,197054,11,Front to Rear,21,CLEAR,1,DAYLIGHT,12,MOTOR VEHICLE IN TRANSPORT,MM 214 3 I 40,NASHVILLE,TN,37217,88021,HERMIT,36.1425,-86.7089,POINT (-86.7089 36.1425)
20190150047,02/24/2019 02:39:00 PM,3,0,0,,N,212346,11,Front to Rear,21,CLEAR,1,DAYLIGHT,12,MOTOR VEHICLE IN TRANSPORT,MM 49 2 I 24,NASHVILLE,TN,37213,1002,CENTRA,36.1637,-86.7625,POINT (-86.7625 36.1637)
20190243614,03/29/2019 11:42:00 AM,3,0,0,,N,226576,5,SIDESWIPE - SAME DIRECTION,22,CLOUDY,1,DAYLIGHT,12,MOTOR VEHICLE IN TRANSPORT,MM 210 7 I 40,NASHVILLE,TN,37210,8202,HERMIT,36.1532,-86.7644,POINT (-86.7644 36.1532)
20190202791,03/15/2019 09:35:00 AM,2,0,0,,N,538214,4,ANGLE,22,CLOUDY,1,DAYLIGHT,12,MOTOR VEHICLE IN TRANSPORT,ROSA L PARKS BLVD & BROADWAY,NASHVILLE,TN,37203,4115,CENTRA,36.1593,-86.7824,POINT (-86.7824 36.1593)
20190480488,06/25/2019 12:00:00 AM,1,0,0,Y,Y,212344,0,NOT COLLISION W/MOTOR VEHICLE-TRANSPORT,21,CLEAR,1,DAYLIGHT,31,"OTHER POST, POLE, SUPP.",BUSHNELL ST & ORDWAY PL,NASHVILLE,TN,37206,1261,EAST,36.1796,-86.7349,POINT (-86.7349 36.1796)
20190436695,06/08/2019 12:45:00 PM,2,0,0,,N,140808,4,ANGLE,22,CLOUDY,1,DAYLIGHT,12,MOTOR VEHICLE IN TRANSPORT,NOLENSVILLE PKE & HAYWOOD LN,NASHVILLE,TN,37211,8661,MIDTOW,36.0683,-86.7193,POINT (-86.7193 36.0683)
20190250277,04/01/2019 07:50:00 AM,2,0,0,,N,665896,5,SIDESWIPE - SAME DIRECTION,21,CLEAR,1,DAYLIGHT,12,MOTOR VEHICLE IN TRANSPORT,GALLATIN PKE & LITTON AV,NASHVILLE,TN,37216,1415,EAST,36.2027,-86.739,POINT (-86.739 36.2027)
20190216385,03/20/2019 08:06:00 AM,2,0,0,,N,716886,11,Front to Rear,21,CLEAR,1,DAYLIGHT,12,MOTOR VEHICLE IN TRANSPORT,MM 57 4 I 24,ANTIOCH,TN,37013,88080,SOUTH,36.0649,-86.6847,POINT (-86.6847 36.0649)
20190119766,02/13/2019 02:43:00 PM,2,0,0,,N,240968,4,ANGLE,21,CLEAR,1,DAYLIGHT,12,MOTOR VEHICLE IN TRANSPORT,SMITH SPRINGS RD & CASTLEGATE DR,NASHVILLE,TN,37217,8929,HERMIT,36.0891,-86.6149,POINT (-86.6149 36.0891)
20190028094,01/11/2019 02:11:00 PM,2,0,0,,N,206675,4,ANGLE,21,CLEAR,1,DAYLIGHT,12,MOTOR VEHICLE IN TRANSPORT,OLD HICKORY BLVD & BRENTWOOD TRC,BRENTWOOD,TN,37027,8623,MIDTOW,36.0411,-86.7762,POINT (-86.7762 36.0411)
20190390922,05/22/2019 10:45:00 AM,1,0,0,Y,N,468031,0,NOT COLLISION W/MOTOR VEHICLE-TRANSPORT,21,CLEAR,1,DAYLIGHT,24,GUARDRAIL FACE,ELLINGTON PKWYS & ELLINGTON PKWYN,NASHVILLE,TN,37207,1995,EAST,36.1758,-86.7666,POINT (-86.7666 36.1758)
20190356967,05/09/2019 12:00:00 AM,2,0,0,,N,298877,11,Front to Rear,21,CLEAR,1,DAYLIGHT,12,MOTOR VEHICLE IN TRANSPORT,MM 54 4 I 24,NASHVILLE,TN,37211,84020,SOUTH,36.1017,-86.7129,POINT (-86.7129 36.1017)
20190068671,01/26/2019 03:38:00 PM,3,0,0,,N,279214,5,SIDESWIPE - SAME DIRECTION,21,CLEAR,1,DAYLIGHT,12,MOTOR VEHICLE IN TRANSPORT,MM 4 0 I 440,NASHVILLE,TN,37204,7010,MIDTOW,36.1161,-86.7901,POINT (-86.7901 36.1161)
20190482544,06/26/2019 09:00:00 AM,2,0,0,,N,799013,98,OTHER,21,CLEAR,1,DAYLIGHT,12,MOTOR VEHICLE IN TRANSPORT,ELM HILL PKE & FESSLERS LN,NASHVILLE,TN,37210,8217,HERMIT,36.1447,-86.744,POINT (-86.744 36.1447)
20190091802,02/03/2019 06:32:00 PM,2,0,0,,Y,676824,6,SIDESWIPE - OPPOSITE DIRECTION,21,CLEAR,3,DARK - LIGHTED,14,PARKED MOTOR VEHICLE,9TH AVN & GOFF ST,NASHVILLE,TN,37228,4445,NORTH,36.1855,-86.8036,POINT (-86.8036 36.1855)
20190037658,01/15/2019 10:30:00 AM,4,0,0,,Y,226136,11,Front to Rear,22,CLOUDY,1,DAYLIGHT,12,MOTOR VEHICLE IN TRANSPORT,MM 3 9 I 440,NASHVILLE,TN,37204,7010,MIDTOW,36.1161,-86.7913,POINT (-86.7913 36.1161)
20190325670,04/27/2019 10:45:00 PM,1,2,0,,Y,311340,0,NOT COLLISION W/MOTOR VEHICLE-TRANSPORT,21,CLEAR,3,DARK - LIGHTED,8,PEDESTRIAN,DEMONBREUN ST & MUSIC CIRE,NASHVILLE,TN,37203,6721,MIDTOW,36.1528,-86.79,POINT (-86.79 36.1528)
20190169063,03/03/2019 03:50:00 PM,2,0,0,,N,298868,11,Front to Rear,22,CLOUDY,1,DAYLIGHT,12,MOTOR VEHICLE IN TRANSPORT,MURPHY RD & 42ND AVN,NASHVILLE,TN,37209,5205,WEST,36.141,-86.8367,POINT (-86.8367 36.141)
20190492795,06/30/2019 05:40:00 AM,2,0,0,,Y,320575,5,SIDESWIPE - SAME DIRECTION,21,CLEAR,1,DAYLIGHT,12,MOTOR VEHICLE IN TRANSPORT,MM 56 7 I 24,NASHVILLE,TN,37211,8810,SOUTH,36.0726,-86.6916,POINT (-86.6916 36.0726)
20190068047,01/26/2019 12:00:00 AM,2,0,0,,Y,240952,9,UNKNOWN,99,UNKNOWN,9,UNKNOWN,14;99,PARKED MOTOR VEHICLE;UNKNOWN MOST HARMFUL EVENT,GLENROSE AV & GLENMONT DR,NASHVILLE,TN,37210,8807,SOUTH,36.1152,-86.7211,POINT (-86.7211 36.1152)
20190110560,02/10/2019 12:00:00 AM,2,3,0,,N,279200,9,UNKNOWN,2,RAIN,1,DAYLIGHT,12,MOTOR VEHICLE IN TRANSPORT,MM 208 9 I 40,NASHVILLE,TN,37203,4102,CENTRA,36.1587,-86.7915,POINT (-86.7915 36.1587)
20190450513,06/13/2019 05:12:00 PM,2,1,0,,N,256383,6,SIDESWIPE - OPPOSITE DIRECTION,21,CLEAR,1,DAYLIGHT,12,MOTOR VEHICLE IN TRANSPORT,MURFREESBORO PKE & HAMILTON CROSSINGS,ANTIOCH,TN,37013,8865,SOUTH,36.0655,-86.6292,POINT (-86.6292 36.0655)
20190153290,02/25/2019 05:07:00 PM,2,1,0,,N,306231,11,Front to Rear,21,CLEAR,2,DARK - NOT LIGHTED,12,MOTOR VEHICLE IN TRANSPORT,WHITES CREEK PKE & JUDY CREEK RD,WHITES CREEK,TN,37189,3227,NORTH,36.2651,-86.8309,POINT (-86.8309 36.2651)
20190400245,05/25/2019 01:15:00 PM,2,0,0,,N,887591,6,SIDESWIPE - OPPOSITE DIRECTION,21,CLEAR,1,DAYLIGHT,12,MOTOR VEHICLE IN TRANSPORT,MT VIEW RD & CALUMET DR,ANTIOCH,TN,37013,8977,SOUTH,36.0669,-86.5998,POINT (-86.5998 36.0669)
20190156233,02/26/2019 03:18:00 PM,2,0,0,,N,299266,5,SIDESWIPE - SAME DIRECTION,21,CLEAR,1,DAYLIGHT,12,MOTOR VEHICLE IN TRANSPORT,MURFREESBORO PKE & OLD HICKORY BLVD,ANTIOCH,TN,37013,8867,SOUTH,36.0413,-86.6051,POINT (-86.6051 36.0413)
20190224161,03/22/2019 04:47:00 PM,2,1,0,,N,256424,4,ANGLE,21,CLEAR,1,DAYLIGHT,12,MOTOR VEHICLE IN TRANSPORT,ELM HILL PKE & TRAILS END LN,NASHVILLE,TN,37214,8991,HERMIT,36.1419,-86.6372,POINT (-86.6372 36.1419)
20190158201,02/27/2019 09:50:00 AM,2,1,0,,N,676834,11,Front to Rear,21,CLEAR,1,DAYLIGHT,12,MOTOR VEHICLE IN TRANSPORT,CHARLOTTE AV & 22ND AVN,NASHVILLE,TN,37209,5339,NORTH,36.1562,-86.8078,POINT (-86.8078 36.1562)
20190574902,08/02/2019 02:30:00 PM,3,1,0,Y,Y,420035,4,ANGLE,21,CLEAR,1,DAYLIGHT,12;38,MOTOR VEHICLE IN TRANSPORT;FENCE,N DUPONT AV & NASHWOOD PARK APTS PVTDR,MADISON,TN,37115,1705,MADISO,36.266,-86.6834,POINT (-86.6834 36.266)
20190056068,01/22/2019 09:04:00 AM,1,0,0,,N,224437,0,NOT COLLISION W/MOTOR VEHICLE-TRANSPORT,21,CLEAR,1,DAYLIGHT,7;74,Occupant Struck By Own Vehicle,600 S 8TH ST,NASHVILLE,TN,37206,1023,EAST,36.1679,-86.755,POINT (-86.755 36.1679)
20190257186,04/03/2019 01:45:00 PM,2,0,0,,N,279230,5,SIDESWIPE - SAME DIRECTION,21,CLEAR,1,DAYLIGHT,12,MOTOR VEHICLE IN TRANSPORT,BELL RD & I24 E EXT RAMP,ANTIOCH,TN,37013,8751,SOUTH,36.0451,-86.6593,POINT (-86.6593 36.0451)
20190492639,06/30/2019 12:00:00 AM,1,0,0,,Y,279201,0,NOT COLLISION W/MOTOR VEHICLE-TRANSPORT,21,CLEAR,2,DARK - NOT LIGHTED,24,GUARDRAIL FACE,MM 213 5 I 40,NASHVILLE,TN,37210,90062,HERMIT,36.1406,-86.7215,POINT (-86.7215 36.1406)
20190080735,01/30/2019 04:57:00 PM,2,4,0,,N,279124,11,Front to Rear,21,CLEAR,1,DAYLIGHT,12,MOTOR VEHICLE IN TRANSPORT,MM 53 2 I 24,NASHVILLE,TN,37210,83020,SOUTH,36.116,-86.7253,POINT (-86.7253 36.116)
20190368036,05/14/2019 06:36:00 AM,3,1,0,,N,262749,11,Front to Rear,21,CLEAR,1,DAYLIGHT,12,MOTOR VEHICLE IN TRANSPORT,MM 212 1 I 40,NASHVILLE,TN,37210,90041,HERMIT,36.1463,-86.7422,POINT (-86.7422 36.1463)
20190103363,02/07/2019 02:49:00 PM,1,0,0,Y,N,580819,0,NOT COLLISION W/MOTOR VEHICLE-TRANSPORT,22,CLOUDY,1,DAYLIGHT,31,"OTHER POST, POLE, SUPP.",DIVISION ST & MAGAZINE ST,NASHVILLE,TN,37203,4019,CENTRA,36.151,-86.7831,POINT (-86.7831 36.151)
20190315542,04/24/2019 06:55:00 AM,2,0,0,,N,716886,11,Front to Rear,21,CLEAR,1,DAYLIGHT,12,MOTOR VEHICLE IN TRANSPORT,MM 52 6 I 24,NASHVILLE,TN,37210,81022,SOUTH,36.1244,-86.7281,POINT (-86.7281 36.1244)
20190066580,01/25/2019 06:05:00 PM,2,0,0,,N,717341,11,Front to Rear,21,CLEAR,3,DARK - LIGHTED,12,MOTOR VEHICLE IN TRANSPORT,MM 56 6 I 24,NASHVILLE,TN,37211,8810,SOUTH,36.0742,-86.6927,POINT (-86.6927 36.0742)
20190184491,03/08/2019 02:48:00 PM,2,1,0,,N,134899,2,HEAD-ON,2,RAIN,1,DAYLIGHT,12,MOTOR VEHICLE IN TRANSPORT,SHUTE LN & SWEETWATER CIR,OLD HICKORY,TN,37138,9717,HERMIT,36.221,-86.604,POINT (-86.604 36.221)
20190109233,02/09/2019 12:00:00 AM,1,0,0,,Y,284059,0,NOT COLLISION W/MOTOR VEHICLE-TRANSPORT,21,CLEAR,2,DARK - NOT LIGHTED,63;71,Ran Off Road-Right;EMBANKMENT EARTH,OLD HICKORY BLVD & OLD HYDES FERRY PKE,NASHVILLE,TN,37218,3235,NORTH,36.2092,-86.922,POINT (-86.922 36.2092)
20190413439,05/30/2019 01:46:00 PM,2,0,0,,N,524985,5,SIDESWIPE - SAME DIRECTION,21,CLEAR,1,DAYLIGHT,12,MOTOR VEHICLE IN TRANSPORT,MM 87 4 I 65,NASHVILLE,TN,37207,1804,EAST,36.2081,-86.7761,POINT (-86.7761 36.2081)
20190522306,07/12/2019 12:28:00 PM,2,1,0,,N,459522,4,ANGLE,21,CLEAR,1,DAYLIGHT,12,MOTOR VEHICLE IN TRANSPORT,HERMITAGE AV & MIDDLETON ST,NASHVILLE,TN,37210,4033,CENTRA,36.1559,-86.767,POINT (-86.767 36.1559)
20190041834,01/16/2019 05:17:00 PM,2,0,0,,Y,169425,11,Front to Rear,21,CLEAR,1,DAYLIGHT,12,MOTOR VEHICLE IN TRANSPORT,21ST AVN & HAYES ST,NASHVILLE,TN,37203,5527,MIDTOW,36.1511,-86.8017,POINT (-86.8017 36.1511)
20190308347,04/22/2019 07:29:00 AM,2,0,0,,N,226622,11,Front to Rear,21,CLEAR,1,DAYLIGHT,12,MOTOR VEHICLE IN TRANSPORT,CENTENNIAL BLVD & LINDER INDUSTRIAL DR,NASHVILLE,TN,37209,4617,WEST,36.1692,-86.8619,POINT (-86.8619 36.1692)
20190059379,01/23/2019 11:00:00 AM,1,1,0,,N,224955,0,NOT COLLISION W/MOTOR VEHICLE-TRANSPORT,2,RAIN,1,DAYLIGHT,36,CONCRETE TRAFFIC BARRIER,MM 93 8 I 65,MADISON,TN,37115,17042,MADISO,36.2854,-86.7282,POINT (-86.7282 36.2854)
20190272239,04/09/2019 08:19:00 AM,2,1,0,,N,633385,11,Front to Rear,21,CLEAR,1,DAYLIGHT,12,MOTOR VEHICLE IN TRANSPORT,MM 56 0 I 24,NASHVILLE,TN,37211,8708,SOUTH,36.0818,-86.6975,POINT (-86.6975 36.0818)
20190471029,06/21/2019 11:45:00 AM,2,0,0,,N,834798,11,Front to Rear,21,CLEAR,1,DAYLIGHT,12,MOTOR VEHICLE IN TRANSPORT,MM 6 3 I 440,NASHVILLE,TN,37210,8304,SOUTH,36.1229,-86.751,POINT (-86.751 36.1229)
20190056465,01/22/2019 11:54:00 AM,3,1,0,,N,493304,11,Front to Rear,21,CLEAR,1,DAYLIGHT,12,MOTOR VEHICLE IN TRANSPORT,E PALESTINE AV & GALLATIN PKES,MADISON,TN,37115,1507,MADISO,36.2491,-86.718,POINT (-86.718 36.2491)
20190560016,07/27/2019 02:45:00 PM,2,0,0,,Y,256384,5,SIDESWIPE - SAME DIRECTION,21,CLEAR,1,DAYLIGHT,12,MOTOR VEHICLE IN TRANSPORT,I440 W ENT RAMP & I 24,NASHVILLE,TN,37217,8801,SOUTH,36.1232,-86.7263,POINT (-86.7263 36.1232)
20190360678,05/11/2019 12:43:00 AM,2,0,0,,Y,256377,4,ANGLE,21,CLEAR,3,DARK - LIGHTED,12,MOTOR VEHICLE IN TRANSPORT,MM 215 5 I 40,NASHVILLE,TN,37217,89020,HERMIT,36.1432,-86.6865,POINT (-86.6865 36.1432)
20190154870,02/26/2019 07:16:00 AM,3,0,0,,Y,902543,11,Front to Rear,21,CLEAR,1,DAYLIGHT,12,MOTOR VEHICLE IN TRANSPORT,ELLINGTON PKWYS & PETWAY AV,NASHVILLE,TN,37206,1992,EAST,36.1876,-86.7563,POINT (-86.7563 36.1876)
20190514764,07/09/2019 12:00:00 AM,2,3,0,,N,256441,4,ANGLE,21,CLEAR,1,DAYLIGHT,12,MOTOR VEHICLE IN TRANSPORT,BLACKMAN RD & OVERCREST DR,NASHVILLE,TN,37211,8611,MIDTOW,36.074,-86.7349,POINT (-86.7349 36.074)
20190041551,01/16/2019 03:22:00 PM,1,0,0,,N,161946,0,NOT COLLISION W/MOTOR VEHICLE-TRANSPORT,21,CLEAR,1,DAYLIGHT,17;72,BOULDER;EMBANKMENT ROCK/STONE/CONCRETE,0 ELLINGTON PKWYS,NASHVILLE,TN,37207,18960,EAST,36.198,-86.7524,POINT (-86.7524 36.198)
20190542712,07/20/2019 12:00:00 AM,2,0,0,,Y,279214,9,UNKNOWN,21,CLEAR,1,DAYLIGHT,14,PARKED MOTOR VEHICLE,PARIS AV & 12TH AVS,NASHVILLE,TN,37204,6953,MIDTOW,36.1217,-86.7903,POINT (-86.7903 36.1217)
20190362021,05/11/2019 05:15:00 PM,2,0,0,,Y,405418,4,ANGLE,22,CLOUDY,1,DAYLIGHT,12,MOTOR VEHICLE IN TRANSPORT,MUSIC SQS & MUSIC SQW,NASHVILLE,TN,37212,6705,MIDTOW,36.1469,-86.7938,POINT (-86.7938 36.1469)
20190376678,05/17/2019 12:00:00 AM,2,0,0,,Y,179603,98,OTHER,21,CLEAR,3,DARK - LIGHTED,14;55,PARKED MOTOR VEHICLE;Motor Vehicle-In-Motion Outside Trafficw,LIBERTY LN & VIETNAM VETERANS BLVDN,MADISON,TN,37115,1737,MADISO,36.3078,-86.6909,POINT (-86.6909 36.3078)
20190407914,05/28/2019 04:00:00 PM,1,1,0,,N,433550,0,NOT COLLISION W/MOTOR VEHICLE-TRANSPORT,21,CLEAR,1,DAYLIGHT,9,,FRANKFORT DR & ATLANTA DR,HERMITAGE,TN,37076,9509,HERMIT,36.2055,-86.5938,POINT (-86.5938 36.2055)
20190358828,05/10/2019 09:50:00 AM,2,1,0,,N,226092,5,SIDESWIPE - SAME DIRECTION,22,CLOUDY,1,DAYLIGHT,12,MOTOR VEHICLE IN TRANSPORT,MM 87 4 I 65,NASHVILLE,TN,37207,1804,EAST,36.2081,-86.7761,POINT (-86.7761 36.2081)
20190260390,04/04/2019 04:03:00 PM,2,1,0,,N,256426,4,ANGLE,21,CLEAR,1,DAYLIGHT,12,MOTOR VEHICLE IN TRANSPORT,ELM HILL PKE EB EXT RAMP & ELM HILL PKE,NASHVILLE,TN,37210,9039,HERMIT,36.1513,-86.6916,POINT (-86.6916 36.1513)
20190100822,02/06/2019 04:48:00 PM,2,0,0,,N,206964,4,ANGLE,2,RAIN,5,DUSK,12,MOTOR VEHICLE IN TRANSPORT,MURFREESBORO PKE & DONELSON PKE,NASHVILLE,TN,37217,8841,SOUTH,36.1062,-86.6731,POINT (-86.6731 36.1062)
20190489097,06/28/2019 03:57:00 PM,2,2,0,,N,330445,11,Front to Rear,21,CLEAR,1,DAYLIGHT,12,MOTOR VEHICLE IN TRANSPORT,BROADWAY & WEST END AV,NASHVILLE,TN,37203,5701,MIDTOW,36.1543,-86.7929,POINT (-86.7929 36.1543)
20190095071,02/04/2019 11:43:00 PM,1,0,0,Y,N,320584,0,NOT COLLISION W/MOTOR VEHICLE-TRANSPORT,21,CLEAR,3,DARK - LIGHTED,30,UTILITY POLE,TRAVIS DR & PARAGON MILLS RD,NASHVILLE,TN,37211,8415,SOUTH,36.0854,-86.7271,POINT (-86.7271 36.0854)
20190358514,05/10/2019 07:45:00 AM,2,0,0,,N,420035,4,ANGLE,22,CLOUDY,1,DAYLIGHT,12,MOTOR VEHICLE IN TRANSPORT,GALLATIN PKES & BRINK HAVEN AV,MADISON,TN,37115,1507,MADISO,36.2511,-86.7182,POINT (-86.7182 36.2511)
20190395061,05/23/2019 05:15:00 PM,3,0,0,,Y,330428,11,Front to Rear,21,CLEAR,1,DAYLIGHT,12,MOTOR VEHICLE IN TRANSPORT,HIGHWAY 70S & I40 W EXT RAMP,NASHVILLE,TN,37221,4711,WEST,36.0817,-86.9571,POINT (-86.9571 36.0817)
20190012368,01/05/2019 12:00:00 AM,1,0,0,,N,298868,0,NOT COLLISION W/MOTOR VEHICLE-TRANSPORT,21,CLEAR,3,DARK - LIGHTED,27;34;41;63,H-WAY TRAFFIC SIGNAL POST;DITCH;SHRUBBERY;Ran Off Road-Right,ANNEX AV & PREMIER DR,NASHVILLE,TN,37209,5009,WEST,36.1409,-86.8831,POINT (-86.8831 36.1409)
20190473100,06/22/2019 10:25:00 AM,1,1,0,Y,N,320575,0,NOT COLLISION W/MOTOR VEHICLE-TRANSPORT,22,CLOUDY,1,DAYLIGHT,43;63;71,OTHER FIXED OBJECTS;Ran Off Road-Right;EMBANKMENT EARTH,MM 58 0 I 24,ANTIOCH,TN,37013,88080,SOUTH,36.0584,-86.678,POINT (-86.678 36.0584)
20190422335,06/03/2019 08:29:00 AM,2,1,0,,N,665896,4,ANGLE,21,CLEAR,1,DAYLIGHT,12,MOTOR VEHICLE IN TRANSPORT,CAHAL AV & SCOTT AV,NASHVILLE,TN,37216,1431,EAST,36.1959,-86.7337,POINT (-86.7337 36.1959)
20190449900,06/13/2019 02:06:00 PM,2,0,0,,N,191578,5,SIDESWIPE - SAME DIRECTION,21,CLEAR,1,DAYLIGHT,12,MOTOR VEHICLE IN TRANSPORT,I40 E EXT RAMP & I 40,NASHVILLE,TN,37214,8955,HERMIT,36.155,-86.6271,POINT (-86.6271 36.155)
20190319822,04/25/2019 03:37:00 PM,2,0,0,,N,134899,4,ANGLE,21,CLEAR,1,DAYLIGHT,12,MOTOR VEHICLE IN TRANSPORT,FESSLERS LN & RUNDLE AV,NASHVILLE,TN,37210,8215,HERMIT,36.1467,-86.7438,POINT (-86.7438 36.1467)
20190205852,03/16/2019 02:20:00 PM,2,1,0,Y,N,256427,0,NOT COLLISION W/MOTOR VEHICLE-TRANSPORT,21,CLEAR,1,DAYLIGHT,18;30,OTHER OBJECT (NOT FIXED);UTILITY POLE,MCGAVOCK PKE & ELM HILL PKE,NASHVILLE,TN,37214,9115,HERMIT,36.1528,-86.6834,POINT (-86.6834 36.1528)
20190566257,07/30/2019 08:00:00 AM,2,0,0,,N,352201,11,Front to Rear,22,CLOUDY,2,DARK - NOT LIGHTED,12,MOTOR VEHICLE IN TRANSPORT,BRILEY PKWYS & BRILEY PKWY S EXT RAMP,NASHVILLE,TN,37210,9098,HERMIT,36.148,-86.6929,POINT (-86.6929 36.148)
20190076044,01/29/2019 09:20:00 AM,2,1,0,,N,716886,11,Front to Rear,21,CLEAR,1,DAYLIGHT,12,MOTOR VEHICLE IN TRANSPORT,NOLENSVILLE PKE & TUSCULUM RD,NASHVILLE,TN,37211,8715,SOUTH,36.0587,-86.7162,POINT (-86.7162 36.0587)
20190384876,05/20/2019 11:36:00 AM,2,0,0,,N,311331,4,ANGLE,21,CLEAR,1,DAYLIGHT,12,MOTOR VEHICLE IN TRANSPORT,EWING DR & BROADMOOR DR,NASHVILLE,TN,37207,1807,EAST,36.23,-86.7626,POINT (-86.7626 36.23)
20190209656,03/18/2019 07:45:00 AM,1,0,0,Y,N,320595,0,NOT COLLISION W/MOTOR VEHICLE-TRANSPORT,22,CLOUDY,1,DAYLIGHT,24,GUARDRAIL FACE,SMITH SPRINGS RD & RURAL HILL RD,NASHVILLE,TN,37217,8965,HERMIT,36.0899,-86.6248,POINT (-86.6248 36.0899)
20190021425,01/09/2019 08:40:00 AM,2,1,0,,N,330438,11,Front to Rear,21,CLEAR,1,DAYLIGHT,12,MOTOR VEHICLE IN TRANSPORT,OLD HICKORY BLVD & BELLEVUE RD,NASHVILLE,TN,37221,4819,WEST,36.0631,-86.9169,POINT (-86.9169 36.0631)
20190030510,01/12/2019 02:20:00 PM,2,0,0,,N,420040,5,SIDESWIPE - SAME DIRECTION,2,RAIN,1,DAYLIGHT,12,MOTOR VEHICLE IN TRANSPORT,WEST END AV & 28TH AVS,NASHVILLE,TN,37212,5815,MIDTOW,36.1453,-86.8118,POINT (-86.8118 36.1453)
20190335311,05/01/2019 02:32:00 PM,2,0,0,,N,267831,98,OTHER,22,CLOUDY,1,DAYLIGHT,12;14,MOTOR VEHICLE IN TRANSPORT;PARKED MOTOR VEHICLE,CEDAR PLACE ROW & CEDAR PLACE BND,NASHVILLE,TN,37221,4813,WEST,36.1022,-86.9323,POINT (-86.9323 36.1022)
20190369572,05/14/2019 06:24:00 PM,4,1,0,,Y,110092,11,Front to Rear,21,CLEAR,1,DAYLIGHT,12,MOTOR VEHICLE IN TRANSPORT,OLD HICKORY BLVD & 24TH ST,OLD HICKORY,TN,37138,9607,HERMIT,36.2475,-86.6413,POINT (-86.6413 36.2475)
20190288996,04/15/2019 01:21:00 PM,2,0,0,,N,267831,5,SIDESWIPE - SAME DIRECTION,21,CLEAR,1,DAYLIGHT,12,MOTOR VEHICLE IN TRANSPORT,CHARLOTTE PKE & ORLANDO AV,NASHVILLE,TN,37209,5103,WEST,36.1505,-86.8566,POINT (-86.8566 36.1505)
20190529033,07/15/2019 01:00:00 PM,2,0,0,,N,226622,11,Front to Rear,22,CLOUDY,1,DAYLIGHT,12,MOTOR VEHICLE IN TRANSPORT,US HWY 70 & MIDLAND AVE,NASHVILLE,TN,37209,5033,WEST,36.1499,-86.8589,POINT (-86.8589 36.1499)
20190512627,07/08/2019 05:50:00 PM,2,0,0,,N,330440,5,SIDESWIPE - SAME DIRECTION,21,CLEAR,1,DAYLIGHT,12,MOTOR VEHICLE IN TRANSPORT,ED TEMPLE BLVD & ROSA L PARKS BLVD,NASHVILLE,TN,37228,4483,NORTH,36.188,-86.8216,POINT (-86.8216 36.188)
20190159411,02/27/2019 06:12:00 PM,4,0,0,,N,267831,11,Front to Rear,21,CLEAR,3,DARK - LIGHTED,12,MOTOR VEHICLE IN TRANSPORT,HARDING PKE & WOODLAWN DR,NASHVILLE,TN,37205,6021,WEST,36.1274,-86.8442,POINT (-86.8442 36.1274)
20190560606,07/27/2019 07:39:00 PM,2,0,0,,Y,320585,11,Front to Rear,21,CLEAR,1,DAYLIGHT,12,MOTOR VEHICLE IN TRANSPORT,OPRY MILLS DR & MOSS ROSE DR,NASHVILLE,TN,37214,9209,HERMIT,36.2029,-86.6947,POINT (-86.6947 36.2029)
20190381670,05/19/2019 12:15:00 AM,2,0,0,,N,330441,4,ANGLE,21,CLEAR,2,DARK - NOT LIGHTED,12;55,MOTOR VEHICLE IN TRANSPORT;Motor Vehicle-In-Motion Outside Trafficw,NOLENSVILLE PKE & WINGROVE ST,NASHVILLE,TN,37210,8127,SOUTH,36.1355,-86.76,POINT (-86.76 36.1355)
20190142833,02/21/2019 07:25:00 PM,2,1,0,,N,212330,11,Front to Rear,2,RAIN,3,DARK - LIGHTED,12,MOTOR VEHICLE IN TRANSPORT,MM 53 0 I 24,NASHVILLE,TN,37210,8302,SOUTH,36.1189,-86.7264,POINT (-86.7264 36.1189)