Accident Number,Date and Time,Number of Motor Vehicles,Number of Injuries,Number of Fatalities,Property Damage,Hit and Run,Reporting Officer,Collision Type Code,Collision Type Description,Weather Code,Weather Description,Illumination Code,Illumination Description,Harmful Code,Harmful Code Description,Street Address,City,State,ZIP,RPA,Precinct,Latitude,Longitude,Mapped Location
20190090622,02/03/2019 12:00:00 AM,1,1,0,,N,279233,0,NOT COLLISION W/MOTOR VEHICLE-TRANSPORT,21,CLEAR,3,DARK - LIGHTED,30;34,UTILITY POLE;DITCH,VALLEY BROOK TOWNHOMES PVTDR & ZERMATT A,NASHVILLE,TN,37211,8651,MIDTOW,36.0424,-86.7216,POINT (-86.7216 36.0424)
20190383699,05/20/2019 12:24:00 AM,1,1,0,,Y,197067,0,NOT COLLISION W/MOTOR VEHICLE-TRANSPORT,21,CLEAR,2,DARK - NOT LIGHTED,8,PEDESTRIAN,MM 0 0 ALLEY,NASHVILLE,TN,37219,4107,CENTRA,36.1609,-86.7783,POINT (-86.7783 36.1609)
20190477647,06/24/2019 03:20:00 PM,2,0,0,,N,256426,5,SIDESWIPE - SAME DIRECTION,21,CLEAR,1,DAYLIGHT,12,MOTOR VEHICLE IN TRANSPORT,MM 210 8 I 40,NASHVILLE,TN,37210,40080,CENTRA,36.1544,-86.7625,POINT (-86.7625 36.1544)
20190217705,03/20/2019 05:23:00 PM,2,0,0,,N,256389,5,SIDESWIPE - SAME DIRECTION,21,CLEAR,1,DAYLIGHT,12,MOTOR VEHICLE IN TRANSPORT,HARDING PL & MILNER DR,NASHVILLE,TN,37211,8609,MIDTOW,36.0781,-86.7307,POINT (-86.7307 36.0781)
20190158793,02/27/2019 01:41:00 PM,2,0,0,,N,140805,11,Front to Rear,21,CLEAR,1,DAYLIGHT,12,MOTOR VEHICLE IN TRANSPORT,SHELBY AV & S 6TH ST,NASHVILLE,TN,37206,1043,EAST,36.1664,-86.8056,POINT (-86.8056 36.1664)
20190490424,06/29/2019 05:10:00 AM,2,0,0,,N,405424,4,ANGLE,21,CLEAR,4,DAWN,12;14,MOTOR VEHICLE IN TRANSPORT;PARKED MOTOR VEHICLE,MURFREESBORO PKE & KERMIT DR,NASHVILLE,TN,37217,8811,SOUTH,36.122,-86.7051,POINT (-86.7051 36.122)
20190049288,01/19/2019 10:58:00 AM,2,0,0,,N,212369,98,OTHER,2,RAIN,1,DAYLIGHT,12,MOTOR VEHICLE IN TRANSPORT,NORTHCREST DR & NOLENSVILLE PKE,NASHVILLE,TN,37211,8711,SOUTH,36.0667,-86.7179,POINT (-86.7179 36.0667)
20190057225,01/22/2019 04:40:00 PM,2,0,0,,Y,580819,5,SIDESWIPE - SAME DIRECTION,22,CLOUDY,1,DAYLIGHT,12,MOTOR VEHICLE IN TRANSPORT,15TH AVN & CHURCH ST,NASHVILLE,TN,37203,5517,MIDTOW,36.1574,-86.7927,POINT (-86.7927 36.1574)
20190302443,04/19/2019 04:35:00 PM,2,0,0,,N,320579,4,ANGLE,2,RAIN,1,DAYLIGHT,12,MOTOR VEHICLE IN TRANSPORT,GALLATIN PKE & MAYNOR AV,NASHVILLE,TN,37216,1417,EAST,36.2069,-86.7362,POINT (-86.7362 36.2069)
20190491383,06/29/2019 04:36:00 PM,2,0,0,,Y,298858,98,OTHER,21,CLEAR,1,DAYLIGHT,14;55,PARKED MOTOR VEHICLE;Motor Vehicle-In-Motion Outside Trafficw,2ND AVN & COMMERCE ST,NASHVILLE,TN,37201,4101,CENTRA,36.163,-86.7759,POINT (-86.7759 36.163)
20190433414,06/07/2019 05:36:00 AM,1,0,0,,N,197075,0,NOT COLLISION W/MOTOR VEHICLE-TRANSPORT,2,RAIN,2,DARK - NOT LIGHTED,36;64,CONCRETE TRAFFIC BARRIER;Ran Off Road-Left,BRILEY PKWYW & BRILEY PKWYE,NASHVILLE,TN,37218,3216,NORTH,36.2254,-86.8638,POINT (-86.8638 36.2254)
20190189610,03/10/2019 11:00:00 PM,3,0,0,,Y,206672,11,Front to Rear,21,CLEAR,3,DARK - LIGHTED,12,MOTOR VEHICLE IN TRANSPORT,GALLATIN PKES & STATE RT 45,MADISON,TN,37115,1701,MADISO,36.2628,-86.712,POINT (-86.712 36.2628)
20190477819,06/24/2019 05:35:00 PM,1,0,0,Y,Y,298860,0,NOT COLLISION W/MOTOR VEHICLE-TRANSPORT,21,CLEAR,1,DAYLIGHT,17,BOULDER,STONE HALL BLVD & CENTRAL PKE,HERMITAGE,TN,37076,9601,HERMIT,36.1885,-86.6345,POINT (-86.6345 36.1885)
20190452671,06/14/2019 12:45:00 PM,2,0,0,,N,716886,5,SIDESWIPE - SAME DIRECTION,21,CLEAR,1,DAYLIGHT,12,MOTOR VEHICLE IN TRANSPORT,I440 W ENT RAMP & I 24,NASHVILLE,TN,37217,8801,SOUTH,36.1232,-86.7263,POINT (-86.7263 36.1232)
20190032374,01/13/2019 11:13:00 AM,1,2,0,,N,212369,0,NOT COLLISION W/MOTOR VEHICLE-TRANSPORT,2,RAIN,1,DAYLIGHT,72,EMBANKMENT ROCK/STONE/CONCRETE,I440 E EXT RAMP & I 440,NASHVILLE,TN,37205,5249,WEST,36.1366,-86.8221,POINT (-86.8221 36.1366)
20190062264,01/24/2019 10:00:00 AM,2,0,0,,N,226136,4,ANGLE,22,CLOUDY,1,DAYLIGHT,12,MOTOR VEHICLE IN TRANSPORT,NOLENSVILLE PKE & ASH GROVE DR,NASHVILLE,TN,37211,8717,SOUTH,36.0494,-86.7138,POINT (-86.7138 36.0494)
20190497911,07/02/2019 08:00:00 AM,2,0,0,,Y,299264,5,SIDESWIPE - SAME DIRECTION,21,CLEAR,1,DAYLIGHT,12,MOTOR VEHICLE IN TRANSPORT,I40 E EXT RAMP & I 40,NASHVILLE,TN,37214,8955,HERMIT,36.155,-86.6271,POINT (-86.6271 36.155)
20190210959,03/18/2019 04:47:00 PM,2,0,0,,Y,256380,4,ANGLE,21,CLEAR,1,DAYLIGHT,12,MOTOR VEHICLE IN TRANSPORT,BUCHANAN ST & 22ND AVN,NASHVILLE,TN,37208,4459,NORTH,36.1801,-86.8128,POINT (-86.8128 36.1801)
20190240419,03/28/2019 11:42:00 AM,2,0,0,,Y,226136,5,SIDESWIPE - SAME DIRECTION,22,CLOUDY,1,DAYLIGHT,12,MOTOR VEHICLE IN TRANSPORT,MM 74 7 I 65,NASHVILLE,TN,37220,71040,MIDTOW,36.0415,-86.7825,POINT (-86.7825 36.0415)
20190524919,07/13/2019 02:34:00 PM,4,0,0,,N,330415,11,Front to Rear,21,CLEAR,1,DAYLIGHT,12,MOTOR VEHICLE IN TRANSPORT,0 I 65,NASHVILLE,TN,37207,3002,NORTH,36.2047,-86.7767,POINT (-86.7767 36.2047)
20190425325,06/04/2019 09:01:00 AM,2,0,0,,N,716886,11,Front to Rear,21,CLEAR,1,DAYLIGHT,12,MOTOR VEHICLE IN TRANSPORT,MURFREESBORO PKE & HOBSON PKE,ANTIOCH,TN,37013,8927,SOUTH,36.043,-86.6066,POINT (-86.6066 36.043)
20190483333,06/26/2019 03:05:00 PM,2,2,0,,N,311337,5,SIDESWIPE - SAME DIRECTION,21,CLEAR,1,DAYLIGHT,1;12,MOTOR VEHICLE IN TRANSPORT,OLD HICKORY BLVD & OVERTON ST,OLD HICKORY,TN,37138,9609,HERMIT,36.249,-86.6433,POINT (-86.6433 36.249)
20190558040,07/26/2019 03:09:00 PM,2,0,0,,N,320599,11,Front to Rear,21,CLEAR,1,DAYLIGHT,12,MOTOR VEHICLE IN TRANSPORT,BELL RD & RURAL HILL RD,NASHVILLE,TN,37217,8939,HERMIT,36.0759,-86.6368,POINT (-86.6368 36.0759)
20190171300,03/04/2019 12:37:00 PM,2,1,0,,N,716886,11,Front to Rear,21,CLEAR,1,DAYLIGHT,12,MOTOR VEHICLE IN TRANSPORT,NOLENSVILLE PKE & OLD HICKORY BLVD,NASHVILLE,TN,37211,8717,SOUTH,36.0454,-86.7133,POINT (-86.7133 36.0454)
20190185425,03/08/2019 10:25:00 PM,2,0,0,,Y,299274,11,Front to Rear,2,RAIN,3,DARK - LIGHTED,12;24,MOTOR VEHICLE IN TRANSPORT;GUARDRAIL FACE,MM 211 9 I 40,NASHVILLE,TN,37210,90022,HERMIT,36.1487,-86.7459,POINT (-86.7459 36.1487)
20190220014,03/21/2019 10:25:00 AM,2,0,0,,N,134899,4,ANGLE,21,CLEAR,1,DAYLIGHT,12,MOTOR VEHICLE IN TRANSPORT,QUINN CIR & LEBANON PKE,NASHVILLE,TN,37210,9019,HERMIT,36.1593,-86.7042,POINT (-86.7042 36.1593)
20190437527,06/08/2019 12:00:00 AM,2,0,0,,Y,177482,6,SIDESWIPE - OPPOSITE DIRECTION,21,CLEAR,3,DARK - LIGHTED,14,PARKED MOTOR VEHICLE,NEBRASKA AV & 47TH AVN,NASHVILLE,TN,37209,5135,WEST,36.1433,-86.843,POINT (-86.843 36.1433)
20190139161,02/20/2019 03:58:00 PM,2,1,0,,Y,256383,11,Front to Rear,22,CLOUDY,1,DAYLIGHT,12;42,MOTOR VEHICLE IN TRANSPORT;TREE,HICKORY VISTA DR & ROUND ROCK DR,ANTIOCH,TN,37013,8967,SOUTH,36.0348,-86.5866,POINT (-86.5866 36.0348)
20190086934,02/01/2019 03:09:00 PM,2,0,0,,Y,240970,4,ANGLE,21,CLEAR,1,DAYLIGHT,12,MOTOR VEHICLE IN TRANSPORT,HARDING PL & METROPLEX DR,NASHVILLE,TN,37211,8889,SOUTH,36.0868,-86.6959,POINT (-86.6959 36.0868)
20190151774,02/25/2019 08:10:00 AM,2,0,0,,N,225886,11,Front to Rear,21,CLEAR,1,DAYLIGHT,12,MOTOR VEHICLE IN TRANSPORT,CHANDLER RD & CHANDLERS PASS CT,HERMITAGE,TN,37076,9523,HERMIT,36.1893,-86.6062,POINT (-86.6062 36.1893)
20190269250,04/08/2019 06:03:00 AM,2,0,0,,N,109534,5,SIDESWIPE - SAME DIRECTION,2,RAIN,3,DARK - LIGHTED,12,MOTOR VEHICLE IN TRANSPORT,DONELSON PKE & MURFREESBORO PKE,NASHVILLE,TN,37217,8841,SOUTH,36.1062,-86.6731,POINT (-86.6731 36.1062)
20190164188,03/01/2019 11:51:00 AM,2,0,0,,N,594473,5,SIDESWIPE - SAME DIRECTION,22,CLOUDY,1,DAYLIGHT,12,MOTOR VEHICLE IN TRANSPORT,21ST AVS & GRAND AV,NASHVILLE,TN,37212,6709,MIDTOW,36.1468,-86.7995,POINT (-86.7995 36.1468)
20190213685,03/19/2019 12:45:00 PM,2,0,0,,N,226622,5,SIDESWIPE - SAME DIRECTION,21,CLEAR,1,DAYLIGHT,12,MOTOR VEHICLE IN TRANSPORT,MM 1 8 I 440,NASHVILLE,TN,37205,6004,WEST,36.1322,-86.8186,POINT (-86.8186 36.1322)
20190564214,07/29/2019 01:02:00 PM,2,0,0,,N,716886,11,Front to Rear,21,CLEAR,1,DAYLIGHT,12,MOTOR VEHICLE IN TRANSPORT,BELL RD & MT VIEW RD,ANTIOCH,TN,37013,8861,SOUTH,36.05,-86.6495,POINT (-86.6495 36.05)
20190150989,02/25/2019 12:00:00 AM,3,1,0,Y,N,177482,4,ANGLE,21,CLEAR,3,DARK - LIGHTED,14;31;54,"PARKED MOTOR VEHICLE;OTHER POST, POLE, SUPP.;Set In Motion By Motor Vehicle",NEBRASKA AV & 44TH AVN,NASHVILLE,TN,37209,5205,WEST,36.1434,-86.8382,POINT (-86.8382 36.1434)
20190453848,06/14/2019 09:29:00 PM,2,0,0,,N,256386,5,SIDESWIPE - SAME DIRECTION,21,CLEAR,3,DARK - LIGHTED,12,MOTOR VEHICLE IN TRANSPORT,MM 215 0 I 40,NASHVILLE,TN,37214,91021,HERMIT,36.1444,-86.6948,POINT (-86.6948 36.1444)
20190276984,04/10/2019 09:35:00 PM,3,0,0,,Y,256389,11,Front to Rear,21,CLEAR,1,DAYLIGHT,12,MOTOR VEHICLE IN TRANSPORT,MM 4 2 I 440,NASHVILLE,TN,37204,7012,MIDTOW,36.116,-86.7861,POINT (-86.7861 36.116)
20190322568,04/26/2019 12:34:00 PM,2,0,0,,N,693102,11,Front to Rear,21,CLEAR,1,DAYLIGHT,12,MOTOR VEHICLE IN TRANSPORT,BELL RD & ELM HILL PKE,NASHVILLE,TN,37214,8995,HERMIT,36.1411,-86.628,POINT (-86.628 36.1411)
20190405306,05/27/2019 12:00:00 AM,2,3,0,,Y,298877,4,ANGLE,21,CLEAR,3,DARK - LIGHTED,12,MOTOR VEHICLE IN TRANSPORT,TAMPA DR & HARDING PL,NASHVILLE,TN,37211,8443,SOUTH,36.0829,-86.7107,POINT (-86.7107 36.0829)
20190441743,06/10/2019 05:47:00 PM,1,1,0,,N,240966,0,NOT COLLISION W/MOTOR VEHICLE-TRANSPORT,21,CLEAR,1,DAYLIGHT,8,PEDESTRIAN,DOUGLAS AV & N 7TH ST,NASHVILLE,TN,37207,1905,EAST,36.1938,-86.7592,POINT (-86.7592 36.1938)
20190057496,01/22/2019 06:21:00 PM,1,0,0,,N,151132,0,NOT COLLISION W/MOTOR VEHICLE-TRANSPORT,22,CLOUDY,2,DARK - NOT LIGHTED,50,DEER (ANIMAL),BRICK CHURCH PKE & HITT LN,GOODLETTSVILLE,TN,37072,2125,MADISO,36.3319,-86.7335,POINT (-86.7335 36.3319)
20190006750,01/03/2019 01:10:00 PM,2,0,0,,N,468031,98,OTHER,21,CLEAR,1,DAYLIGHT,12,MOTOR VEHICLE IN TRANSPORT,MERIDIAN ST & EASTMORELAND ST,NASHVILLE,TN,37207,1871,EAST,36.195,-86.7673,POINT (-86.7673 36.195)
20190515117,07/09/2019 06:31:00 PM,2,1,0,,N,429193,11,Front to Rear,21,CLEAR,1,DAYLIGHT,12,MOTOR VEHICLE IN TRANSPORT,CHARLOTTE PKE & OLD HICKORY BLVD,NASHVILLE,TN,37209,4701,WEST,36.1177,-86.9218,POINT (-86.9218 36.1177)
20190270082,04/08/2019 01:15:00 PM,2,0,0,,N,693093,4,ANGLE,21,CLEAR,1,DAYLIGHT,12,MOTOR VEHICLE IN TRANSPORT,SHEPHERD HILLS DR & GALLATIN PKEN,GOODLETTSVILLE,TN,37072,1751,MADISO,36.3008,-86.6948,POINT (-86.6948 36.3008)
20190567362,07/30/2019 05:10:00 PM,2,0,0,,Y,256448,4,ANGLE,21,CLEAR,1,DAYLIGHT,12,MOTOR VEHICLE IN TRANSPORT,LEBANON PKE & MCGAVOCK PKE,NASHVILLE,TN,37214,9201,HERMIT,36.1694,-86.6799,POINT (-86.6799 36.1694)
20190020144,01/08/2019 07:37:00 PM,2,0,0,,Y,279124,4,ANGLE,21,CLEAR,3,DARK - LIGHTED,12,MOTOR VEHICLE IN TRANSPORT,MM 56 1 I 24,NASHVILLE,TN,37211,88100,SOUTH,36.0813,-86.697,POINT (-86.697 36.0813)
20190120105,02/13/2019 06:03:00 PM,3,0,0,,N,240957,11,Front to Rear,21,CLEAR,5,DUSK,12,MOTOR VEHICLE IN TRANSPORT,EDMONDSON PKE & FRONTIER LN,NASHVILLE,TN,37211,8651,MIDTOW,36.0344,-86.7436,POINT (-86.7436 36.0344)
20190241538,03/28/2019 06:11:00 PM,2,1,0,,Y,311337,11,Front to Rear,21,CLEAR,1,DAYLIGHT,12,MOTOR VEHICLE IN TRANSPORT,SAUNDERSVILLE RD & SHUTE LN,OLD HICKORY,TN,37138,9721,HERMIT,36.2263,-86.6032,POINT (-86.6032 36.2263)
20190299137,04/18/2019 12:17:00 PM,2,0,0,,N,493304,4,ANGLE,22,CLOUDY,1,DAYLIGHT,12,MOTOR VEHICLE IN TRANSPORT,STATE RT 45 & RIO VISTA DR,MADISON,TN,37115,1705,MADISO,36.2628,-86.681,POINT (-86.681 36.2628)
20190567458,07/30/2019 06:49:00 PM,2,0,0,,N,151132,16,Rear to Side,21,CLEAR,1,DAYLIGHT,12,MOTOR VEHICLE IN TRANSPORT,GALLATIN PKES & MAPLE ST,MADISON,TN,37115,1607,MADISO,36.2617,-86.7124,POINT (-86.7124 36.2617)
20190238680,03/27/2019 09:10:00 PM,1,0,0,Y,N,298858,0,NOT COLLISION W/MOTOR VEHICLE-TRANSPORT,21,CLEAR,3,DARK - LIGHTED,31,"OTHER POST, POLE, SUPP.",6TH AVN & UNION ST,NASHVILLE,TN,37219,4141,CENTRA,36.164,-86.7823,POINT (-86.7823 36.164)
20190441741,06/10/2019 05:24:00 PM,4,2,0,,N,256389,11,Front to Rear,21,CLEAR,1,DAYLIGHT,12,MOTOR VEHICLE IN TRANSPORT,MM 6 0 I 440,NASHVILLE,TN,37211,81060,MIDTOW,36.1217,-86.7565,POINT (-86.7565 36.1217)
20190257615,04/03/2019 04:26:00 PM,2,1,0,,N,256417,11,Front to Rear,21,CLEAR,1,DAYLIGHT,12,MOTOR VEHICLE IN TRANSPORT,OLD HICKORY BLVD & SELLS DR,HERMITAGE,TN,37076,9543,HERMIT,36.1684,-86.6002,POINT (-86.6002 36.1684)
20190471660,06/21/2019 05:09:00 PM,3,3,0,,Y,320585,4,ANGLE,21,CLEAR,1,DAYLIGHT,12,MOTOR VEHICLE IN TRANSPORT,LEBANON PKE & THE CROSSINGS PVTDR,NASHVILLE,TN,37214,9121,HERMIT,36.169,-86.6833,POINT (-86.6833 36.169)
20190323811,04/26/2019 11:35:00 PM,1,0,0,Y,N,299269,0,NOT COLLISION W/MOTOR VEHICLE-TRANSPORT,21,CLEAR,2,DARK - NOT LIGHTED,40,MAIL BOX,LICKTON PKE & OLD HICKORY BLVD,WHITES CREEK,TN,37189,3301,NORTH,36.2736,-86.8173,POINT (-86.8173 36.2736)
20190520334,07/11/2019 05:09:00 PM,2,0,0,,N,690942,4,ANGLE,21,CLEAR,1,DAYLIGHT,12,MOTOR VEHICLE IN TRANSPORT,8TH AVS & BROADWAY,NASHVILLE,TN,37203,4085,CENTRA,36.1588,-86.782,POINT (-86.782 36.1588)
20190578275,08/03/2019 10:54:00 PM,2,0,0,,N,256376,4,ANGLE,22,CLOUDY,3,DARK - LIGHTED,12,MOTOR VEHICLE IN TRANSPORT,MM 85 4 I 65,NASHVILLE,TN,37208,43042,NORTH,36.1875,-86.7947,POINT (-86.7947 36.1875)
20190519070,07/11/2019 06:01:00 AM,2,2,0,Y,N,191578,5,SIDESWIPE - SAME DIRECTION,21,CLEAR,1,DAYLIGHT,12;24,MOTOR VEHICLE IN TRANSPORT;GUARDRAIL FACE,MM 214 4 I 40,NASHVILLE,TN,37210,90061,HERMIT,36.1431,-86.7063,POINT (-86.7063 36.1431)
20190162021,02/28/2019 04:25:00 PM,3,0,0,,N,151132,11,Front to Rear,22,CLOUDY,1,DAYLIGHT,12,MOTOR VEHICLE IN TRANSPORT,MM 91 0 I 65,MADISON,TN,37115,20044,MADISO,36.2478,-86.7432,POINT (-86.7432 36.2478)
20190203237,03/15/2019 01:00:00 PM,2,0,0,,N,468160,11,Front to Rear,21,CLEAR,1,DAYLIGHT,12,MOTOR VEHICLE IN TRANSPORT,MM 78 2 I 65,NASHVILLE,TN,37204,7002,MIDTOW,36.0883,-86.763,POINT (-86.763 36.0883)
20190464505,06/19/2019 08:00:00 AM,2,0,0,,N,224953,5,SIDESWIPE - SAME DIRECTION,21,CLEAR,1,DAYLIGHT,12,MOTOR VEHICLE IN TRANSPORT,MM 48 1 I 24,NASHVILLE,TN,37207,1106,EAST,36.1742,-86.7706,POINT (-86.7706 36.1742)
20190093456,02/04/2019 11:30:00 AM,2,2,0,Y,N,161952,4,ANGLE,22,CLOUDY,1,DAYLIGHT,1;12;38,MOTOR VEHICLE IN TRANSPORT;FENCE,2827 KNIGHT DR,NASHVILLE,TN,37207,3023,NORTH,36.224,-86.8062,POINT (-86.8062 36.224)
20190340749,05/03/2019 01:18:00 PM,2,0,0,,N,716886,4,ANGLE,21,CLEAR,1,DAYLIGHT,12,MOTOR VEHICLE IN TRANSPORT,MT VIEW RD & BELL RD,ANTIOCH,TN,37013,8865,SOUTH,36.05,-86.6496,POINT (-86.6496 36.05)
20190130778,02/17/2019 09:47:00 PM,1,1,0,,N,197435,0,NOT COLLISION W/MOTOR VEHICLE-TRANSPORT,22,CLOUDY,3,DARK - LIGHTED,8,PEDESTRIAN,GALLATIN PKE & MAYNOR AV,NASHVILLE,TN,37216,1417,EAST,36.2069,-86.7362,POINT (-86.7362 36.2069)
20190483615,06/26/2019 05:04:00 PM,2,0,0,,N,267831,4,ANGLE,21,CLEAR,1,DAYLIGHT,12,MOTOR VEHICLE IN TRANSPORT,HARDING PKE & RIDGEFIELD WAY,NASHVILLE,TN,37205,6021,WEST,36.1264,-86.8456,POINT (-86.8456 36.1264)
20190434506,06/07/2019 03:00:00 PM,3,1,0,,N,717341,4,ANGLE,2,RAIN,1,DAYLIGHT,12,MOTOR VEHICLE IN TRANSPORT,WESTCOTT LN & FREWIN ST,NOLENSVILLE,TN,37135,8773,SOUTH,35.9902,-86.6664,POINT (-86.6664 35.9902)
20190359685,05/10/2019 12:00:00 AM,2,0,0,,N,298868,11,Front to Rear,22,CLOUDY,1,DAYLIGHT,12,MOTOR VEHICLE IN TRANSPORT,MM 191 8 I 40,NASHVILLE,TN,37221,4702,WEST,36.0777,-87.0333,POINT (-87.0333 36.0777)
20190579455,08/04/2019 12:40:00 PM,4,0,0,,N,352168,11,Front to Rear,22,CLOUDY,1,DAYLIGHT,12;14,MOTOR VEHICLE IN TRANSPORT;PARKED MOTOR VEHICLE,MM 3 0 I 440,NASHVILLE,TN,37215,6424,MIDTOW,36.1201,-86.8026,POINT (-86.8026 36.1201)
20190169167,03/03/2019 05:43:00 PM,2,0,0,,Y,209184,11,Front to Rear,21,CLEAR,1,DAYLIGHT,12,MOTOR VEHICLE IN TRANSPORT,OLD HICKORY BLVDW & DICKERSON PKE,MADISON,TN,37115,2039,MADISO,36.2692,-86.7556,POINT (-86.7556 36.2692)
20190547119,07/22/2019 03:31:00 PM,2,0,0,,N,524985,11,Front to Rear,2,RAIN,1,DAYLIGHT,12,MOTOR VEHICLE IN TRANSPORT,MM 87 6 I 65,NASHVILLE,TN,37207,1804,EAST,36.2107,-86.7758,POINT (-86.7758 36.2107)
20190561420,07/28/2019 05:07:00 AM,2,1,0,Y,N,279117,11,Front to Rear,21,CLEAR,4,DAWN,12;14;18;38,MOTOR VEHICLE IN TRANSPORT;PARKED MOTOR VEHICLE;OTHER OBJECT (NOT FIXED);FENCE,2800 OAKWOOD AV,NASHVILLE,TN,37207,1887,EAST,36.2175,-86.7531,POINT (-86.7531 36.2175)
20190304761,04/20/2019 04:27:00 PM,2,0,0,,Y,298867,4,ANGLE,21,CLEAR,1,DAYLIGHT,12,MOTOR VEHICLE IN TRANSPORT,DELLWAY VILLA RD & GORDON TER,NASHVILLE,TN,37207,1831,EAST,36.213,-86.7613,POINT (-86.7613 36.213)
20190543708,07/21/2019 02:24:00 AM,3,1,0,,N,256493,2,HEAD-ON,21,CLEAR,2,DARK - NOT LIGHTED,1;12,MOTOR VEHICLE IN TRANSPORT,MM 217 0 I 40,NASHVILLE,TN,37214,9404,HERMIT,36.1463,-86.6447,POINT (-86.6447 36.1463)
20190091696,02/03/2019 07:00:00 PM,2,1,0,,Y,311338,5,SIDESWIPE - SAME DIRECTION,21,CLEAR,3,DARK - LIGHTED,12;36,MOTOR VEHICLE IN TRANSPORT;CONCRETE TRAFFIC BARRIER,MM 207 0 I 40,NASHVILLE,TN,37208,44021,NORTH,36.1696,-86.8114,POINT (-86.8114 36.1696)
20190247140,03/30/2019 10:20:00 PM,2,0,0,,N,256569,11,Front to Rear,22,CLOUDY,2,DARK - NOT LIGHTED,12,MOTOR VEHICLE IN TRANSPORT,HIGHLAND CIR & E CAMPBELL RD,MADISON,TN,37115,1759,MADISO,36.2769,-86.7151,POINT (-86.7151 36.2769)
20190423562,06/03/2019 12:00:00 AM,2,1,0,,N,298868,11,Front to Rear,21,CLEAR,1,DAYLIGHT,12,MOTOR VEHICLE IN TRANSPORT,HARDING PKE & VINE CT,NASHVILLE,TN,37205,6019,WEST,36.1296,-86.8398,POINT (-86.8398 36.1296)
20190191402,03/11/2019 02:30:00 PM,2,0,0,,N,226136,4,ANGLE,22,CLOUDY,1,DAYLIGHT,12,MOTOR VEHICLE IN TRANSPORT,SEVEN SPRINGS WAY & SEVEN SPRINGS WAY PV,BRENTWOOD,TN,37027,8619,MIDTOW,36.042,-86.7681,POINT (-86.7681 36.042)
20190186697,03/09/2019 12:34:00 PM,2,0,0,,Y,493304,11,Front to Rear,2,RAIN,1,DAYLIGHT,12,MOTOR VEHICLE IN TRANSPORT,STATE RT 45 & RIO VISTA DR,MADISON,TN,37115,1705,MADISO,36.2628,-86.681,POINT (-86.681 36.2628)
20190479927,06/25/2019 11:20:00 AM,2,0,0,,N,716886,5,SIDESWIPE - SAME DIRECTION,21,CLEAR,1,DAYLIGHT,12,MOTOR VEHICLE IN TRANSPORT,MM 52 9 I 24,NASHVILLE,TN,37217,8816,SOUTH,36.1206,-86.7268,POINT (-86.7268 36.1206)
20190299638,04/18/2019 04:39:00 PM,2,0,0,,N,256383,5,SIDESWIPE - SAME DIRECTION,22,CLOUDY,1,DAYLIGHT,12,MOTOR VEHICLE IN TRANSPORT,MM 53 9 I 24,NASHVILLE,TN,37211,88122,SOUTH,36.1073,-86.7197,POINT (-86.7197 36.1073)
20190316728,04/24/2019 02:13:00 PM,3,0,0,,N,256380,4,ANGLE,21,CLEAR,1,DAYLIGHT,12,MOTOR VEHICLE IN TRANSPORT,MM 207 1 I 40,NASHVILLE,TN,37208,54020,NORTH,36.1698,-86.8093,POINT (-86.8093 36.1698)
20190183482,03/08/2019 07:00:00 AM,2,0,0,,N,191578,4,ANGLE,2,RAIN,1,DAYLIGHT,12,MOTOR VEHICLE IN TRANSPORT,SHUTE LN & BRANDYWINE POINTE BLVD,OLD HICKORY,TN,37138,9717,HERMIT,36.2305,-86.6061,POINT (-86.6061 36.2305)
20190043695,01/17/2019 10:04:00 AM,2,0,0,,N,226136,4,ANGLE,2,RAIN,1,DAYLIGHT,12,MOTOR VEHICLE IN TRANSPORT,MM 79 5 I 65,NASHVILLE,TN,37204,70042,MIDTOW,36.106,-86.7678,POINT (-86.7678 36.106)
20190344921,05/05/2019 12:00:00 AM,2,0,0,,N,429205,11,Front to Rear,22,CLOUDY,1,DAYLIGHT,12,MOTOR VEHICLE IN TRANSPORT,MM 85 6 I 65,NASHVILLE,TN,37208,43042,NORTH,36.1872,-86.7951,POINT (-86.7951 36.1872)
20190248843,03/31/2019 07:16:00 PM,2,2,0,,N,299266,4,ANGLE,21,CLEAR,2,DARK - NOT LIGHTED,12,MOTOR VEHICLE IN TRANSPORT,BELL RD & I24 E ENT RAMP,ANTIOCH,TN,37013,8751,SOUTH,36.0449,-86.6597,POINT (-86.6597 36.0449)
20190432704,06/06/2019 12:00:00 AM,1,1,0,,N,887598,0,NOT COLLISION W/MOTOR VEHICLE-TRANSPORT,2,RAIN,3,DARK - LIGHTED,24,GUARDRAIL FACE,I65 S ENT RAMP & I 65,NASHVILLE,TN,37207,3007,NORTH,36.2057,-86.778,POINT (-86.778 36.2057)
20190447026,06/12/2019 02:25:00 PM,1,1,0,,N,676834,0,NOT COLLISION W/MOTOR VEHICLE-TRANSPORT,21,CLEAR,1,DAYLIGHT,8,PEDESTRIAN,CLARKSVILLE PKE & 25TH AVN,NASHVILLE,TN,37208,4419,NORTH,36.1855,-86.8172,POINT (-86.8172 36.1855)
20190230355,03/25/2019 07:10:00 AM,3,2,0,,N,226098,11,Front to Rear,22,CLOUDY,1,DAYLIGHT,12,MOTOR VEHICLE IN TRANSPORT,MM 39 4 I 24,WHITES CREEK,TN,37189,3314,NORTH,36.2912,-86.8102,POINT (-86.8102 36.2912)