Accident Number,Date and Time,Number of Motor Vehicles,Number of Injuries,Number of Fatalities,Property Damage,Hit and Run,Reporting Officer,Collision Type Code,Collision Type Description,Weather Code,Weather Description,Illumination Code,Illumination Description,Harmful Code,Harmful Code Description,Street Address,City,State,ZIP,RPA,Precinct,Latitude,Longitude,Mapped Location
20190388349,05/21/2019 02:50:00 PM,2,1,0,,N,256414,4,ANGLE,21,CLEAR,1,DAYLIGHT,12,MOTOR VEHICLE IN TRANSPORT,MURFREESBORO PKE & MOUNTAIN SPRINGS RD,ANTIOCH,TN,37013,8927,SOUTH,36.0478,-86.6121,POINT (-86.6121 36.0478)
20190127014,02/16/2019 01:38:00 AM,1,0,0,Y,N,311340,0,NOT COLLISION W/MOTOR VEHICLE-TRANSPORT,2,RAIN,3,DARK - LIGHTED,19;30;43,BUILDING;UTILITY POLE;OTHER FIXED OBJECTS,WEST END AV & 28TH AVN,NASHVILLE,TN,37203,5625,MIDTOW,36.1451,-86.8124,POINT (-86.8124 36.1451)
20190292866,04/16/2019 04:43:00 PM,2,0,0,,N,279124,11,Front to Rear,21,CLEAR,1,DAYLIGHT,12,MOTOR VEHICLE IN TRANSPORT,MM 52 1 I 24,NASHVILLE,TN,37217,8816,SOUTH,36.1343,-86.7267,POINT (-86.7267 36.1343)
20190075564,01/29/2019 12:00:00 AM,1,0,0,Y,Y,311340,0,NOT COLLISION W/MOTOR VEHICLE-TRANSPORT,21,CLEAR,3,DARK - LIGHTED,19;43,BUILDING;OTHER FIXED OBJECTS,CHURCH ST & 16TH AVN,NASHVILLE,TN,37203,5519,MIDTOW,36.1562,-86.7953,POINT (-86.7953 36.1562)
20190045041,01/17/2019 06:55:00 PM,2,0,0,,N,197054,11,Front to Rear,22,CLOUDY,1,DAYLIGHT,12,MOTOR VEHICLE IN TRANSPORT,DONELSON PKE & I40 E ENT RAMP,NASHVILLE,TN,37214,8953,HERMIT,36.1396,-86.6662,POINT (-86.6662 36.1396)
20190194835,03/12/2019 05:30:00 PM,2,0,0,,N,633391,11,Front to Rear,21,CLEAR,1,DAYLIGHT,12,MOTOR VEHICLE IN TRANSPORT,WOODMONT BLVD & NICHOLS CT,NASHVILLE,TN,37205,6101,WEST,36.1216,-86.8445,POINT (-86.8445 36.1216)
20190341898,05/03/2019 08:20:00 PM,2,0,0,,N,320602,4,ANGLE,21,CLEAR,3,DARK - LIGHTED,12,MOTOR VEHICLE IN TRANSPORT,SAUNDERSVILLE RD & SHUTE LN,OLD HICKORY,TN,37138,9721,HERMIT,36.2263,-86.6032,POINT (-86.6032 36.2263)
20190302320,04/19/2019 03:19:00 PM,2,0,0,,N,256389,11,Front to Rear,2,RAIN,1,DAYLIGHT,12,MOTOR VEHICLE IN TRANSPORT,MM 74 4 I 65,BRENTWOOD,TN,37027,8604,MIDTOW,36.0363,-86.7829,POINT (-86.7829 36.0363)
20190251078,04/01/2019 01:43:00 PM,2,1,0,,N,134899,11,Front to Rear,21,CLEAR,1,DAYLIGHT,12,MOTOR VEHICLE IN TRANSPORT,MURFREESBORO PKE & NASHBORO BLVD,ANTIOCH,TN,37013,8891,SOUTH,36.0869,-86.6487,POINT (-86.6487 36.0869)
20190314605,04/23/2019 11:53:00 PM,2,0,0,,Y,284059,0,NOT COLLISION W/MOTOR VEHICLE-TRANSPORT,21,CLEAR,3,DARK - LIGHTED,18,OTHER OBJECT (NOT FIXED),MM 88 1 I 65,NASHVILLE,TN,37207,18041,EAST,36.2169,-86.775,POINT (-86.775 36.2169)
20190390697,05/22/2019 09:13:00 AM,2,3,0,,N,352167,11,Front to Rear,21,CLEAR,1,DAYLIGHT,12,MOTOR VEHICLE IN TRANSPORT,MM 35 0 I 24,JOELTON,TN,37080,3318,NORTH,36.3239,-86.867,POINT (-86.867 36.3239)
20190096269,02/05/2019 08:31:00 AM,2,0,0,,N,405447,5,SIDESWIPE - SAME DIRECTION,22,CLOUDY,1,DAYLIGHT,12,MOTOR VEHICLE IN TRANSPORT,NOLENSVILLE PKE & BRENTWOOD EAST DR,NASHVILLE,TN,37211,8651,MIDTOW,36.0442,-86.7131,POINT (-86.7131 36.0442)
20190210135,03/18/2019 11:15:00 AM,2,0,0,,N,226136,11,Front to Rear,21,CLEAR,1,DAYLIGHT,12,MOTOR VEHICLE IN TRANSPORT,CHET ATKINS PL & 18TH AVS,NASHVILLE,TN,37212,6713,MIDTOW,36.1486,-86.7948,POINT (-86.7948 36.1486)
20190428510,06/05/2019 11:44:00 AM,2,0,0,,N,620072,5,SIDESWIPE - SAME DIRECTION,21,CLEAR,1,DAYLIGHT,12,MOTOR VEHICLE IN TRANSPORT,DIVISION ST & MUSIC SQE,NASHVILLE,TN,37203,6719,MIDTOW,36.1519,-86.7914,POINT (-86.7914 36.1519)
20190037176,01/15/2019 12:00:00 AM,2,0,0,,N,620072,0,NOT COLLISION W/MOTOR VEHICLE-TRANSPORT,22,CLOUDY,1,DAYLIGHT,60,Cargo Equip Loss/Shift,BRILEY PKWYS & BRILEY PKWY N EXT RAMP,NASHVILLE,TN,37218,3208,NORTH,36.185,-86.8638,POINT (-86.8638 36.185)
20190401130,05/25/2019 12:00:00 AM,1,0,0,,N,279221,0,NOT COLLISION W/MOTOR VEHICLE-TRANSPORT,21,CLEAR,2,DARK - NOT LIGHTED,30,UTILITY POLE,OLD SPRINGFIELD PKE & LICKTON PKE,GOODLETTSVILLE,TN,37072,2127,MADISO,36.3465,-86.7268,POINT (-86.7268 36.3465)
20190138661,02/20/2019 12:00:00 PM,2,0,0,,N,226622,4,ANGLE,2,RAIN,1,DAYLIGHT,12,MOTOR VEHICLE IN TRANSPORT,OCEOLA AV & LENOX AV,NASHVILLE,TN,37209,5033,WEST,36.148,-86.8597,POINT (-86.8597 36.148)
20190253261,04/02/2019 07:55:00 AM,2,0,0,,Y,224797,11,Front to Rear,21,CLEAR,1,DAYLIGHT,12,MOTOR VEHICLE IN TRANSPORT,MM 205 6 I 40,NASHVILLE,TN,37209,5228,WEST,36.1559,-86.8271,POINT (-86.8271 36.1559)
20190275165,04/10/2019 07:40:00 AM,3,2,0,,N,262749,11,Front to Rear,21,CLEAR,1,DAYLIGHT,12,MOTOR VEHICLE IN TRANSPORT,ROBINSON RD & MERRITT ST,OLD HICKORY,TN,37138,9609,HERMIT,36.2556,-86.6536,POINT (-86.6536 36.2556)
20190412685,05/30/2019 10:00:00 AM,2,0,0,,Y,226622,11,Front to Rear,22,CLOUDY,1,DAYLIGHT,12,MOTOR VEHICLE IN TRANSPORT,CENTENNIAL BLVD & BRILEY PKWY S EXT RAMP,NASHVILLE,TN,37209,4641,WEST,36.1713,-86.871,POINT (-86.871 36.1713)
20190324693,04/27/2019 12:56:00 PM,2,0,0,,N,330419,11,Front to Rear,22,CLOUDY,1,DAYLIGHT,12,MOTOR VEHICLE IN TRANSPORT,GALLATIN AV & DOUGLAS AV,NASHVILLE,TN,37206,1325,EAST,36.193,-86.7442,POINT (-86.7442 36.193)
20190291704,04/16/2019 08:21:00 AM,2,0,0,,Y,633385,4,ANGLE,21,CLEAR,1,DAYLIGHT,12,MOTOR VEHICLE IN TRANSPORT,I24 W EXT RAMP & I 24,NASHVILLE,TN,37211,8829,SOUTH,36.1074,-86.7197,POINT (-86.7197 36.1074)
20190530195,07/16/2019 12:00:00 AM,3,0,0,,N,352185,11,Front to Rear,22,CLOUDY,2,DARK - NOT LIGHTED,12,MOTOR VEHICLE IN TRANSPORT,MM 61 6 I 24,ANTIOCH,TN,37013,87040,SOUTH,36.0252,-86.6327,POINT (-86.6327 36.0252)
20190380752,05/18/2019 02:13:00 PM,2,2,0,,N,320575,4,ANGLE,21,CLEAR,1,DAYLIGHT,12,MOTOR VEHICLE IN TRANSPORT,MURFREESBORO PKE & RURAL HILL RD,ANTIOCH,TN,37013,8861,SOUTH,36.0745,-86.6387,POINT (-86.6387 36.0745)
20190199761,03/14/2019 09:20:00 AM,2,0,0,,N,405447,4,ANGLE,22,CLOUDY,1,DAYLIGHT,12,MOTOR VEHICLE IN TRANSPORT,OLD HICKORY BLVD & EDMONDSON PKE,NASHVILLE,TN,37220,8615,MIDTOW,36.04,-86.7435,POINT (-86.7435 36.04)
20190083803,01/31/2019 03:28:00 PM,2,2,0,,N,429193,11,Front to Rear,21,CLEAR,1,DAYLIGHT,12,MOTOR VEHICLE IN TRANSPORT,MM 201 2 I 40,NASHVILLE,TN,37209,46027,WEST,36.132,-86.8976,POINT (-86.8976 36.132)
20190473913,06/22/2019 07:50:00 PM,1,1,0,,N,311337,0,NOT COLLISION W/MOTOR VEHICLE-TRANSPORT,21,CLEAR,1,DAYLIGHT,18,OTHER OBJECT (NOT FIXED),CENTRAL PKE & JAMES KAY LN,HERMITAGE,TN,37076,9511,HERMIT,36.1775,-86.6167,POINT (-86.6167 36.1775)
20190446547,06/12/2019 09:41:00 AM,2,0,0,,N,109534,6,SIDESWIPE - OPPOSITE DIRECTION,22,CLOUDY,1,DAYLIGHT,12,MOTOR VEHICLE IN TRANSPORT,SELLS DR & OLD HICKORY BLVD,HERMITAGE,TN,37076,9543,HERMIT,36.1687,-86.5998,POINT (-86.5998 36.1687)
20190488958,06/28/2019 12:37:00 PM,2,0,0,,N,256380,11,Front to Rear,21,CLEAR,1,DAYLIGHT,12,MOTOR VEHICLE IN TRANSPORT,CHARLOTTE AV & 26TH AVN,NASHVILLE,TN,37209,5341,MIDTOW,36.1545,-86.8156,POINT (-86.8156 36.1545)
20190217361,03/20/2019 02:00:00 PM,2,0,0,,Y,256380,4,ANGLE,21,CLEAR,1,DAYLIGHT,12,MOTOR VEHICLE IN TRANSPORT,JEFFERSON ST & I40 E ENT RAMP,NASHVILLE,TN,37208,4245,NORTH,36.1715,-86.7985,POINT (-86.7985 36.1715)
20190276610,04/10/2019 05:44:00 PM,2,0,0,,N,256383,5,SIDESWIPE - SAME DIRECTION,21,CLEAR,1,DAYLIGHT,12,MOTOR VEHICLE IN TRANSPORT,NOLENSVILLE PKE & STRASSER DR,NASHVILLE,TN,37211,8711,SOUTH,36.0601,-86.7164,POINT (-86.7164 36.0601)
20190170430,03/04/2019 06:03:00 AM,2,1,0,,N,279201,11,Front to Rear,21,CLEAR,1,DAYLIGHT,12,MOTOR VEHICLE IN TRANSPORT,MM 213 5 I 40,NASHVILLE,TN,37210,90062,HERMIT,36.1406,-86.7215,POINT (-86.7215 36.1406)
20190194488,03/12/2019 02:53:00 PM,1,1,0,Y,N,256439,0,NOT COLLISION W/MOTOR VEHICLE-TRANSPORT,21,CLEAR,1,DAYLIGHT,24,GUARDRAIL FACE,BRILEY PKWYS & BRILEY PKWYN,NASHVILLE,TN,37218,3212,NORTH,36.2142,-86.8724,POINT (-86.8724 36.2142)
20190106580,02/08/2019 05:00:00 PM,2,0,0,,Y,206675,5,SIDESWIPE - SAME DIRECTION,21,CLEAR,1,DAYLIGHT,12,MOTOR VEHICLE IN TRANSPORT,LEBANON PKE & SPENCE LN,NASHVILLE,TN,37210,9019,HERMIT,36.1537,-86.7214,POINT (-86.7214 36.1537)
20190184924,03/08/2019 06:20:00 PM,2,0,0,,N,311338,11,Front to Rear,2,RAIN,3,DARK - LIGHTED,12,MOTOR VEHICLE IN TRANSPORT,DR D B TODD JR BLVD & 17TH AVN,NASHVILLE,TN,37208,4457,NORTH,36.1796,-86.8109,POINT (-86.8109 36.1796)
20190463034,06/18/2019 12:00:00 AM,2,0,0,,N,197056,11,Front to Rear,21,CLEAR,1,DAYLIGHT,12,MOTOR VEHICLE IN TRANSPORT,MM 213 7 I 40,NASHVILLE,TN,37217,8802,HERMIT,36.1408,-86.7194,POINT (-86.7194 36.1408)
20190034203,01/14/2019 07:08:00 AM,2,3,0,,N,716886,11,Front to Rear,21,CLEAR,1,DAYLIGHT,12,MOTOR VEHICLE IN TRANSPORT,I440 W ENT RAMP & I 24,NASHVILLE,TN,37217,8801,SOUTH,36.1232,-86.7263,POINT (-86.7263 36.1232)
20190443873,06/11/2019 11:30:00 AM,3,0,0,,N,278580,4,ANGLE,21,CLEAR,1,DAYLIGHT,12,MOTOR VEHICLE IN TRANSPORT,MM 87 9 I 65,NASHVILLE,TN,37207,30041,NORTH,36.2151,-86.7754,POINT (-86.7754 36.2151)
20190288147,04/15/2019 07:11:00 AM,3,0,0,,N,226622,11,Front to Rear,21,CLEAR,1,DAYLIGHT,12,MOTOR VEHICLE IN TRANSPORT,WEST END AV & I440 E ENT RAMP,NASHVILLE,TN,37205,6007,WEST,36.1364,-86.822,POINT (-86.822 36.1364)
20190362247,05/11/2019 07:40:00 PM,1,1,0,,N,256384,0,NOT COLLISION W/MOTOR VEHICLE-TRANSPORT,2,RAIN,2,DARK - NOT LIGHTED,47,FIRE HYDRANT,DRUMMOND DR & DOVER RD,NASHVILLE,TN,37211,8877,SOUTH,36.1129,-86.7156,POINT (-86.7156 36.1129)
20190413734,05/30/2019 05:40:00 PM,2,0,0,,Y,717341,4,ANGLE,21,CLEAR,1,DAYLIGHT,12,MOTOR VEHICLE IN TRANSPORT,NOLENSVILLE PKE & RADNOR ST,NASHVILLE,TN,37211,8405,SOUTH,36.1053,-86.7423,POINT (-86.7423 36.1053)
20190258228,04/04/2019 01:00:00 AM,1,0,0,,N,320600,0,NOT COLLISION W/MOTOR VEHICLE-TRANSPORT,21,CLEAR,3,DARK - LIGHTED,37,Other Traffic Barrier,MM 1 1 I 440,NASHVILLE,TN,37203,5624,MIDTOW,36.1447,-86.8222,POINT (-86.8222 36.1447)
20190527056,07/14/2019 05:21:00 PM,2,1,0,,N,320599,11,Front to Rear,22,CLOUDY,1,DAYLIGHT,12,MOTOR VEHICLE IN TRANSPORT,MURFREESBORO PKE & SHUMATE LN,ANTIOCH,TN,37013,8891,SOUTH,36.083,-86.6469,POINT (-86.6469 36.083)
20190534928,07/17/2019 03:24:00 PM,2,0,0,,N,134869,4,ANGLE,21,CLEAR,1,DAYLIGHT,12,MOTOR VEHICLE IN TRANSPORT,CHET ATKINS PL & MUSIC SQW,NASHVILLE,TN,37212,6713,MIDTOW,36.1485,-86.7935,POINT (-86.7935 36.1485)
20190455432,06/15/2019 01:34:00 PM,3,1,0,,N,299267,11,Front to Rear,21,CLEAR,1,DAYLIGHT,12,MOTOR VEHICLE IN TRANSPORT,EDGEHILL AV & 12TH AVS,NASHVILLE,TN,37203,6807,MIDTOW,36.1427,-86.787,POINT (-86.787 36.1427)
20190361249,05/11/2019 07:01:00 AM,2,0,0,,Y,429185,5,SIDESWIPE - SAME DIRECTION,22,CLOUDY,1,DAYLIGHT,12,MOTOR VEHICLE IN TRANSPORT,5430 OLD HICKORY BLVD,HERMITAGE,TN,37076,9561,HERMIT,36.1833,-86.6098,POINT (-86.6098 36.1833)
20190224098,03/22/2019 01:15:00 PM,2,0,0,,Y,256419,5,SIDESWIPE - SAME DIRECTION,21,CLEAR,1,DAYLIGHT,12,MOTOR VEHICLE IN TRANSPORT,CHARLOTTE AV & 19TH AVN,NASHVILLE,TN,37203,5507,MIDTOW,36.1576,-86.8016,POINT (-86.8016 36.1576)
20190035779,01/14/2019 06:59:00 PM,2,0,0,,N,311333,4,ANGLE,22,CLOUDY,7,Dark-Unknown Lighting,12,MOTOR VEHICLE IN TRANSPORT,BELL RD & MURFREESBORO PKE,ANTIOCH,TN,37013,8865,SOUTH,36.0719,-86.6362,POINT (-86.6362 36.0719)
20190087316,02/01/2019 05:40:00 PM,2,0,0,,Y,580819,5,SIDESWIPE - SAME DIRECTION,21,CLEAR,3,DARK - LIGHTED,12,MOTOR VEHICLE IN TRANSPORT,I40 E EXT RAMP & I40 E EXT RAMP,NASHVILLE,TN,37203,5425,NORTH,36.1611,-86.7933,POINT (-86.7933 36.1611)
20190462072,06/18/2019 11:49:00 AM,3,1,0,,N,191578,11,Front to Rear,22,CLOUDY,1,DAYLIGHT,12,MOTOR VEHICLE IN TRANSPORT,OLD HICKORY BLVD & CENTRAL PKE,HERMITAGE,TN,37076,9557,HERMIT,36.1676,-86.7787,POINT (-86.7787 36.1676)
20190168185,03/03/2019 03:36:00 AM,2,1,0,,Y,212342,11,Front to Rear,21,CLEAR,3,DARK - LIGHTED,12,MOTOR VEHICLE IN TRANSPORT,KNIGHTS OF COLUMBUS BLVD & I40 E ENT RAM,NASHVILLE,TN,37217,8951,HERMIT,36.1422,-86.6967,POINT (-86.6967 36.1422)
20190166294,03/02/2019 07:15:00 AM,1,0,0,,Y,876573,0,NOT COLLISION W/MOTOR VEHICLE-TRANSPORT,21,CLEAR,1,DAYLIGHT,33,CURB,BRITTANY PARK DR & BRENTRIDGE CIR,ANTIOCH,TN,37013,8719,SOUTH,36.0481,-86.6788,POINT (-86.6788 36.0481)
20190225832,03/23/2019 08:50:00 AM,2,0,0,,N,226306,11,Front to Rear,21,CLEAR,1,DAYLIGHT,12,MOTOR VEHICLE IN TRANSPORT,ANNEX AV & PREMIER DR,NASHVILLE,TN,37209,5009,WEST,36.1409,-86.8831,POINT (-86.8831 36.1409)
20190434900,06/07/2019 06:42:00 PM,2,0,0,,N,714641,5,SIDESWIPE - SAME DIRECTION,22,CLOUDY,5,DUSK,12,MOTOR VEHICLE IN TRANSPORT,KOREAN VETERANS BLVD & 4TH AVS,NASHVILLE,TN,37203,4055,CENTRA,36.1569,-86.7752,POINT (-86.7752 36.1569)
20190485288,06/27/2019 06:52:00 AM,2,0,0,,N,320586,11,Front to Rear,21,CLEAR,1,DAYLIGHT,12,MOTOR VEHICLE IN TRANSPORT,GLENROSE AV & OLD GLENROSE AV,NASHVILLE,TN,37210,8355,SOUTH,36.1195,-86.7302,POINT (-86.7302 36.1195)
20190495864,07/01/2019 02:57:00 PM,2,0,0,,N,256380,4,ANGLE,21,CLEAR,1,DAYLIGHT,12,MOTOR VEHICLE IN TRANSPORT,W TRINITY LN & HAMPTON ST,NASHVILLE,TN,37207,3007,NORTH,36.2067,-86.7784,POINT (-86.7784 36.2067)
20190175118,03/05/2019 03:45:00 PM,2,0,0,,N,169425,5,SIDESWIPE - SAME DIRECTION,21,CLEAR,1,DAYLIGHT,12,MOTOR VEHICLE IN TRANSPORT,CHURCH ST & MCMILLIN ST,NASHVILLE,TN,37203,5515,MIDTOW,36.1571,-86.7934,POINT (-86.7934 36.1571)
20190468228,06/20/2019 01:28:00 PM,2,0,0,,Y,714641,5,SIDESWIPE - SAME DIRECTION,21,CLEAR,1,DAYLIGHT,12,MOTOR VEHICLE IN TRANSPORT,I40 E EXT RAMP & I 40,NASHVILLE,TN,37214,8955,HERMIT,36.155,-86.6271,POINT (-86.6271 36.155)
20190489784,06/28/2019 10:10:00 PM,1,1,0,Y,N,420040,0,NOT COLLISION W/MOTOR VEHICLE-TRANSPORT,22,CLOUDY,3,DARK - LIGHTED,20,IMPACT ATTENUATOR,MM 5 0 I 440,NASHVILLE,TN,37204,8306,MIDTOW,36.1164,-86.7714,POINT (-86.7714 36.1164)
20190533872,07/17/2019 08:07:00 AM,2,0,0,,N,716886,11,Front to Rear,21,CLEAR,1,DAYLIGHT,12,MOTOR VEHICLE IN TRANSPORT,MM 53 3 I 24,NASHVILLE,TN,37210,88141,SOUTH,36.1146,-86.7245,POINT (-86.7245 36.1146)
20190501533,07/03/2019 12:23:00 PM,2,0,0,,N,267831,11,Front to Rear,21,CLEAR,1,DAYLIGHT,12,MOTOR VEHICLE IN TRANSPORT,I40 E EXT RAMP & CHARLOTTE PKE,NASHVILLE,TN,37205,5005,WEST,36.131,-86.8978,POINT (-86.8978 36.131)
20190347697,05/06/2019 02:59:00 PM,1,1,0,,N,299241,0,NOT COLLISION W/MOTOR VEHICLE-TRANSPORT,,,1,DAYLIGHT,71,EMBANKMENT EARTH,OPRY MILLS DR & OPRYLAND DR,NASHVILLE,TN,37214,9209,HERMIT,36.2116,-86.7002,POINT (-86.7002 36.2116)
20190062823,01/24/2019 01:11:00 PM,2,0,0,,Y,320575,3,REAR-TO-REAR,21,CLEAR,1,DAYLIGHT,14,PARKED MOTOR VEHICLE,NOLENSVILLE PKE & ZOO RD,NASHVILLE,TN,37211,8415,SOUTH,36.0887,-86.7322,POINT (-86.7322 36.0887)
20190283922,04/13/2019 10:40:00 AM,2,1,0,,N,161952,11,Front to Rear,2,RAIN,1,DAYLIGHT,12,MOTOR VEHICLE IN TRANSPORT,MM 87 0 I 65,NASHVILLE,TN,37207,18020,EAST,36.2018,-86.7766,POINT (-86.7766 36.2018)
20190040485,01/16/2019 08:04:00 AM,2,0,0,,N,212325,11,Front to Rear,22,CLOUDY,1,DAYLIGHT,12,MOTOR VEHICLE IN TRANSPORT,I65 N EXT RAMP & OLD HICKORY BLVDW,MADISON,TN,37115,1777,MADISO,36.2642,-86.7356,POINT (-86.7356 36.2642)
20190349228,05/07/2019 03:25:00 AM,1,0,0,Y,N,330420,0,NOT COLLISION W/MOTOR VEHICLE-TRANSPORT,21,CLEAR,3,DARK - LIGHTED,38,FENCE,LEBANON PKE & FESSLERS LN,NASHVILLE,TN,37210,9007,HERMIT,36.1543,-86.7422,POINT (-86.7422 36.1543)
20190309268,04/22/2019 02:09:00 PM,2,0,0,,N,226136,4,ANGLE,21,CLEAR,1,DAYLIGHT,12,MOTOR VEHICLE IN TRANSPORT,WOODMONT BLVD & NOELTON AV,NASHVILLE,TN,37215,6415,MIDTOW,36.1122,-86.7943,POINT (-86.7943 36.1122)
20190102600,02/07/2019 09:02:00 AM,2,0,0,,N,191578,11,Front to Rear,22,CLOUDY,1,DAYLIGHT,12,MOTOR VEHICLE IN TRANSPORT,LEBANON PKE & EDDINGS LN,NASHVILLE,TN,37214,9401,HERMIT,36.1672,-86.6619,POINT (-86.6619 36.1672)
20190146066,02/22/2019 09:05:00 PM,2,0,0,,N,151132,4,ANGLE,2,RAIN,3,DARK - LIGHTED,12,MOTOR VEHICLE IN TRANSPORT,OLD HICKORY BLVDW & I65 N ENT RAMP,MADISON,TN,37115,1777,MADISO,36.2643,-86.7361,POINT (-86.7361 36.2643)
20190126077,02/15/2019 04:40:00 PM,2,0,0,,N,256439,11,Front to Rear,2,RAIN,1,DAYLIGHT,12,MOTOR VEHICLE IN TRANSPORT,LEBANON PKE & SPENCE LN,NASHVILLE,TN,37210,9019,HERMIT,36.1537,-86.7214,POINT (-86.7214 36.1537)
20190573804,08/02/2019 04:16:00 AM,1,0,0,,N,279233,0,NOT COLLISION W/MOTOR VEHICLE-TRANSPORT,21,CLEAR,3,DARK - LIGHTED,18,OTHER OBJECT (NOT FIXED),MM 203 2 I 40,NASHVILLE,TN,37209,46022,WEST,36.1501,-86.8701,POINT (-86.8701 36.1501)
20190139582,02/20/2019 07:19:00 PM,2,2,0,,N,151132,4,ANGLE,22,CLOUDY,3,DARK - LIGHTED,1;12,MOTOR VEHICLE IN TRANSPORT,DICKERSON PKE & WESTCHESTER DR,NASHVILLE,TN,37207,2021,MADISO,36.2631,-86.7573,POINT (-86.7573 36.2631)
20190483259,06/26/2019 01:47:00 PM,2,0,0,,N,256380,11,Front to Rear,21,CLEAR,1,DAYLIGHT,12,MOTOR VEHICLE IN TRANSPORT,JEFFERSON ST & 10TH AVN,NASHVILLE,TN,37208,4243,NORTH,36.1724,-86.7948,POINT (-86.7948 36.1724)
20190566496,07/30/2019 10:40:00 AM,2,0,0,,Y,493309,11,Front to Rear,21,CLEAR,1,DAYLIGHT,12,MOTOR VEHICLE IN TRANSPORT,GALLATIN PIKE N & NORTHSIDE MARKETPLACE,MADISON,TN,37115,1721,MADISO,36.3082,-86.6827,POINT (-86.6827 36.3082)
20190433127,06/07/2019 02:41:00 AM,1,3,0,,N,311336,0,NOT COLLISION W/MOTOR VEHICLE-TRANSPORT,3,"SLEET, HAIL",3,DARK - LIGHTED,30,UTILITY POLE,DICKERSON PKE & DELLWAY VILLA RD,NASHVILLE,TN,37207,1831,EAST,36.2136,-86.7645,POINT (-86.7645 36.2136)
20190547602,07/22/2019 06:00:00 PM,2,0,0,,N,179582,11,Front to Rear,2,RAIN,1,DAYLIGHT,12,MOTOR VEHICLE IN TRANSPORT,MM 56 7 I 24,NASHVILLE,TN,37211,8810,SOUTH,36.0726,-86.6916,POINT (-86.6916 36.0726)
20190250351,04/01/2019 08:20:00 AM,2,0,0,,N,716886,11,Front to Rear,21,CLEAR,1,DAYLIGHT,12,MOTOR VEHICLE IN TRANSPORT,SOUTHLAKE DR & NEESE DR,NASHVILLE,TN,37211,8423,SOUTH,36.108,-86.7286,POINT (-86.7286 36.108)
20190059513,01/23/2019 12:10:00 PM,2,0,0,,Y,439917,11,Front to Rear,2,RAIN,1,DAYLIGHT,12,MOTOR VEHICLE IN TRANSPORT,W TRINITY LN & I65 S ENT RAMP,NASHVILLE,TN,37207,3002,NORTH,36.2065,-86.7765,POINT (-86.7765 36.2065)
20190436709,06/08/2019 01:10:00 PM,2,0,0,,N,224824,11,Front to Rear,2,RAIN,1,DAYLIGHT,12,MOTOR VEHICLE IN TRANSPORT,LEBANON PKE & LEBANON PKE EB EXT RAMP,HERMITAGE,TN,37076,9531,HERMIT,36.1972,-86.621,POINT (-86.621 36.1972)
20190491156,06/29/2019 02:40:00 PM,1,0,0,,Y,433550,9,UNKNOWN,21,CLEAR,1,DAYLIGHT,99,UNKNOWN MOST HARMFUL EVENT,MM 220 6 I 40,HERMITAGE,TN,37076,89042,HERMIT,36.1693,-86.6057,POINT (-86.6057 36.1693)
20190579983,08/04/2019 05:13:00 PM,2,0,0,,Y,299266,4,ANGLE,22,CLOUDY,1,DAYLIGHT,12,MOTOR VEHICLE IN TRANSPORT,ANTIOCH PKE & HAYWOOD LN,ANTIOCH,TN,37013,8899,SOUTH,36.0703,-86.6845,POINT (-86.6845 36.0703)
20190322853,04/26/2019 03:24:00 PM,2,0,0,,N,311333,11,Front to Rear,21,CLEAR,1,DAYLIGHT,12,MOTOR VEHICLE IN TRANSPORT,MURFREESBORO PKE & PARKS RETREAT DR,ANTIOCH,TN,37013,8869,SOUTH,36.0316,-86.5941,POINT (-86.5941 36.0316)
20190328301,04/29/2019 06:40:00 AM,2,0,0,,N,226136,11,Front to Rear,22,CLOUDY,1,DAYLIGHT,12,MOTOR VEHICLE IN TRANSPORT,OLD HICKORY BLVD & HILL RD,NASHVILLE,TN,37220,8615,MIDTOW,36.0397,-86.7436,POINT (-86.7436 36.0397)
20190136909,02/19/2019 10:05:00 PM,2,0,0,,N,320581,11,Front to Rear,2,RAIN,3,DARK - LIGHTED,12;36,MOTOR VEHICLE IN TRANSPORT;CONCRETE TRAFFIC BARRIER,MM 85 6 I 65,NASHVILLE,TN,37208,43042,NORTH,36.1872,-86.7951,POINT (-86.7951 36.1872)
20190023177,01/09/2019 08:45:00 PM,2,1,0,,N,330411,4,ANGLE,21,CLEAR,3,DARK - LIGHTED,12,MOTOR VEHICLE IN TRANSPORT,DONELSON PKE & COLONIAL CIR,NASHVILLE,TN,37214,9113,HERMIT,36.1634,-86.664,POINT (-86.664 36.1634)
20190534290,07/17/2019 11:10:00 AM,2,0,0,,N,352189,5,SIDESWIPE - SAME DIRECTION,22,CLOUDY,1,DAYLIGHT,12,MOTOR VEHICLE IN TRANSPORT,MM 209 7 I 40,NASHVILLE,TN,37203,4004,CENTRA,36.1492,-86.7812,POINT (-86.7812 36.1492)
20190280038,04/11/2019 10:59:00 PM,1,1,0,,Y,197075,0,NOT COLLISION W/MOTOR VEHICLE-TRANSPORT,21,CLEAR,2,DARK - NOT LIGHTED,1;34;63,DITCH;Ran Off Road-Right,LICKTON PKE & LICKTON PKE PVTDR,WHITES CREEK,TN,37189,3301,NORTH,36.2923,-86.811,POINT (-86.811 36.2923)