Accident Number,Date and Time,Number of Motor Vehicles,Number of Injuries,Number of Fatalities,Property Damage,Hit and Run,Reporting Officer,Collision Type Code,Collision Type Description,Weather Code,Weather Description,Illumination Code,Illumination Description,Harmful Code,Harmful Code Description,Street Address,City,State,ZIP,RPA,Precinct,Latitude,Longitude,Mapped Location
20190402193,05/26/2019 11:54:00 AM,2,1,0,Y,N,225886,4,ANGLE,21,CLEAR,1,DAYLIGHT,12,MOTOR VEHICLE IN TRANSPORT,OLD HICKORY BLVD & CENTER ST,OLD HICKORY,TN,37138,9717,HERMIT,36.2252,-86.6256,POINT (-86.6256 36.2252)
20190031057,01/12/2019 07:55:00 PM,2,1,0,,N,299238,11,Front to Rear,2,RAIN,3,DARK - LIGHTED,12;14,MOTOR VEHICLE IN TRANSPORT;PARKED MOTOR VEHICLE,ROSEBANK AV & COLBERT DR,NASHVILLE,TN,37206,1357,EAST,36.1908,-86.709,POINT (-86.709 36.1908)
20190013657,01/06/2019 09:00:00 AM,1,1,0,,N,299264,0,NOT COLLISION W/MOTOR VEHICLE-TRANSPORT,21,CLEAR,1,DAYLIGHT,9,,22ND AVN & STATE ST,NASHVILLE,TN,37203,5613,MIDTOW,36.1522,-86.8041,POINT (-86.8041 36.1522)
20190142419,02/21/2019 04:50:00 PM,2,0,0,,N,212330,5,SIDESWIPE - SAME DIRECTION,2,RAIN,1,DAYLIGHT,12,MOTOR VEHICLE IN TRANSPORT,MM 212 9 I 40,NASHVILLE,TN,37210,82061,HERMIT,36.1404,-86.7312,POINT (-86.7312 36.1404)
20190545615,07/22/2019 01:50:00 AM,3,0,0,Y,Y,299269,98,OTHER,21,CLEAR,2,DARK - NOT LIGHTED,14;63,PARKED MOTOR VEHICLE;Ran Off Road-Right,COUNTY HOSPITAL RD & HOSPITAL LN,NASHVILLE,TN,37218,3173,NORTH,36.1827,-86.8457,POINT (-86.8457 36.1827)
20190302296,04/19/2019 01:47:00 PM,2,0,0,,Y,320597,11,Front to Rear,2,RAIN,1,DAYLIGHT,12,MOTOR VEHICLE IN TRANSPORT,HAYWOOD LN & HOPEDALE DR,NASHVILLE,TN,37211,8711,SOUTH,36.0688,-86.7175,POINT (-86.7175 36.0688)
20190458849,06/17/2019 06:24:00 AM,3,1,0,,N,197060,11,Front to Rear,21,CLEAR,1,DAYLIGHT,12,MOTOR VEHICLE IN TRANSPORT,0 I65 S EXT RAMP,MADISON,TN,37115,20044,MADISO,36.2481,-86.743,POINT (-86.743 36.2481)
20190243415,03/29/2019 10:20:00 AM,2,0,0,,N,676834,5,SIDESWIPE - SAME DIRECTION,22,CLOUDY,1,DAYLIGHT,12,MOTOR VEHICLE IN TRANSPORT,MM 88 0 I 65,NASHVILLE,TN,37207,18041,EAST,36.2165,-86.775,POINT (-86.775 36.2165)
20190086981,02/01/2019 03:54:00 PM,2,0,0,,N,151132,4,ANGLE,21,CLEAR,1,DAYLIGHT,12;34,MOTOR VEHICLE IN TRANSPORT;DITCH,MARLIN PASS & JOE PYRON DR,MADISON,TN,37115,1617,MADISO,36.2384,-86.6714,POINT (-86.6714 36.2384)
20190048842,01/19/2019 12:05:00 AM,2,0,0,,Y,169414,4,ANGLE,2,RAIN,3,DARK - LIGHTED,14,PARKED MOTOR VEHICLE,NOLENSVILLE PKE & ZOO RD,NASHVILLE,TN,37211,8509,MIDTOW,36.0886,-86.732,POINT (-86.732 36.0886)
20190312198,04/23/2019 08:35:00 AM,2,1,0,,N,402660,11,Front to Rear,21,CLEAR,1,DAYLIGHT,12,MOTOR VEHICLE IN TRANSPORT,MM 2 0 I 440,NASHVILLE,TN,37205,6004,WEST,36.13,-86.8171,POINT (-86.8171 36.13)
20190520371,07/11/2019 02:22:00 PM,2,0,0,,N,298877,4,ANGLE,21,CLEAR,1,DAYLIGHT,12,MOTOR VEHICLE IN TRANSPORT,POLK AV & WOODYCREST AV,NASHVILLE,TN,37210,8161,SOUTH,36.1351,-86.7453,POINT (-86.7453 36.1351)
20190000263,01/01/2019 01:45:00 AM,2,2,0,,N,332298,4,ANGLE,22,CLOUDY,3,DARK - LIGHTED,12,MOTOR VEHICLE IN TRANSPORT,14TH AVN & CHARLOTTE AV,NASHVILLE,TN,37203,5501,MIDTOW,36.1608,-86.7937,POINT (-86.7937 36.1608)
20190253772,04/02/2019 11:48:00 AM,1,0,0,Y,N,109534,0,NOT COLLISION W/MOTOR VEHICLE-TRANSPORT,21,CLEAR,1,DAYLIGHT,34;40;64,DITCH;MAIL BOX;Ran Off Road-Left,JACKSONIAN DR & PLANTATION DR,HERMITAGE,TN,37076,9601,HERMIT,36.2011,-86.6331,POINT (-86.6331 36.2011)
20190049918,01/19/2019 06:53:00 PM,2,2,0,,N,320599,11,Front to Rear,2,RAIN,3,DARK - LIGHTED,12,MOTOR VEHICLE IN TRANSPORT,BRILEY PKWY & GLASTONBURY RD,NASHVILLE,TN,37217,88943,HERMIT,36.1372,-86.6997,POINT (-86.6997 36.1372)
20190434779,06/07/2019 12:00:00 AM,1,1,0,,N,887598,0,NOT COLLISION W/MOTOR VEHICLE-TRANSPORT,22,CLOUDY,1,DAYLIGHT,42,TREE,OLD HICKORY BLVD & BLUE BERRY HILL RD,ASHLAND CITY,TN,37015,3343,NORTH,36.2505,-86.9006,POINT (-86.9006 36.2505)
20190523994,07/13/2019 12:00:00 AM,1,0,0,Y,N,177482,0,NOT COLLISION W/MOTOR VEHICLE-TRANSPORT,21,CLEAR,3,DARK - LIGHTED,43;63,OTHER FIXED OBJECTS;Ran Off Road-Right,I40 W EXT RAMP & I 40,NASHVILLE,TN,37203,4119,CENTRA,36.1574,-86.79,POINT (-86.79 36.1574)
20190415773,05/31/2019 10:00:00 AM,2,0,0,,N,109534,11,Front to Rear,21,CLEAR,1,DAYLIGHT,12,MOTOR VEHICLE IN TRANSPORT,MM 213 9 I 40,NASHVILLE,TN,37217,8802,HERMIT,36.1415,-86.7148,POINT (-86.7148 36.1415)
20190275154,04/10/2019 07:39:00 AM,2,1,0,,N,191578,11,Front to Rear,21,CLEAR,1,DAYLIGHT,12,MOTOR VEHICLE IN TRANSPORT,BELL RD & ANDERSON RD,NASHVILLE,TN,37217,8939,HERMIT,36.0748,-86.6351,POINT (-86.6351 36.0748)
20190236888,03/27/2019 07:55:00 AM,3,0,0,,N,717625,11,Front to Rear,21,CLEAR,1,DAYLIGHT,12,MOTOR VEHICLE IN TRANSPORT,MM 86 5 I 65,NASHVILLE,TN,37207,3006,NORTH,36.1946,-86.7762,POINT (-86.7762 36.1946)
20190087120,02/01/2019 04:07:00 PM,3,1,0,,N,725756,11,Front to Rear,21,CLEAR,1,DAYLIGHT,12,MOTOR VEHICLE IN TRANSPORT,CHARLOTTE PKE & BROOK HOLLOW RD,NASHVILLE,TN,37205,5011,WEST,36.1354,-86.8864,POINT (-86.8864 36.1354)
20190312228,04/23/2019 08:54:00 AM,2,0,0,Y,N,191578,4,ANGLE,21,CLEAR,1,DAYLIGHT,12,MOTOR VEHICLE IN TRANSPORT,OLD HICKORY BLVD & RACHELS LN,OLD HICKORY,TN,37138,9739,HERMIT,36.2125,-86.6227,POINT (-86.6227 36.2125)
20190266566,04/07/2019 01:29:00 AM,1,0,0,,N,280010,0,NOT COLLISION W/MOTOR VEHICLE-TRANSPORT,2,RAIN,3,DARK - LIGHTED,1;72,EMBANKMENT ROCK/STONE/CONCRETE,MM 52 2 I 24,NASHVILLE,TN,37217,8816,SOUTH,36.1359,-86.7267,POINT (-86.7267 36.1359)
20190243079,03/29/2019 07:20:00 AM,2,0,0,,N,320601,5,SIDESWIPE - SAME DIRECTION,2,RAIN,1,DAYLIGHT,12,MOTOR VEHICLE IN TRANSPORT,HICKORY HOLLOW PKWY & BELL RD,ANTIOCH,TN,37013,8863,SOUTH,36.0475,-86.656,POINT (-86.656 36.0475)
20190542707,07/20/2019 04:31:00 PM,1,0,0,Y,N,320585,0,NOT COLLISION W/MOTOR VEHICLE-TRANSPORT,21,CLEAR,1,DAYLIGHT,30,UTILITY POLE,ELM HILL PKE & ELM TREE DR,NASHVILLE,TN,37210,9031,HERMIT,36.1455,-86.7064,POINT (-86.7064 36.1455)
20190139322,02/20/2019 05:04:00 PM,2,0,0,,N,197047,5,SIDESWIPE - SAME DIRECTION,22,CLOUDY,1,DAYLIGHT,14,PARKED MOTOR VEHICLE,PETWAY AV & GALLATIN AV,NASHVILLE,TN,37206,1319,EAST,36.1866,-86.7471,POINT (-86.7471 36.1866)
20190397360,05/24/2019 12:06:00 PM,3,0,0,,Y,352170,11,Front to Rear,21,CLEAR,1,DAYLIGHT,12,MOTOR VEHICLE IN TRANSPORT,MM 209 0 I 40,NASHVILLE,TN,37203,4104,CENTRA,36.1574,-86.7903,POINT (-86.7903 36.1574)
20190268016,04/07/2019 05:18:00 PM,1,0,0,,N,240955,0,NOT COLLISION W/MOTOR VEHICLE-TRANSPORT,2,RAIN,1,DAYLIGHT,31,"OTHER POST, POLE, SUPP.",PETTUS RD & PRESTON RD,ANTIOCH,TN,37013,8763,SOUTH,36.0207,-86.665,POINT (-86.665 36.0207)
20190046665,01/18/2019 09:58:00 AM,2,0,0,,Y,716886,4,ANGLE,21,CLEAR,1,DAYLIGHT,12,MOTOR VEHICLE IN TRANSPORT,SANDPIPER LN & KESTENBAUM CT,ANTIOCH,TN,37013,8867,SOUTH,36.0457,-86.6154,POINT (-86.6154 36.0457)
20190555172,07/25/2019 12:37:00 PM,3,0,0,,Y,462474,11,Front to Rear,21,CLEAR,1,DAYLIGHT,12,MOTOR VEHICLE IN TRANSPORT,OLD HICKORY BLVD & OAKES DR,BRENTWOOD,TN,37027,8623,MIDTOW,36.0408,-86.7735,POINT (-86.7735 36.0408)
20190144179,02/22/2019 06:55:00 AM,1,1,0,,N,299249,0,NOT COLLISION W/MOTOR VEHICLE-TRANSPORT,2,RAIN,1,DAYLIGHT,24,GUARDRAIL FACE,I40 E EXT RAMP & I 40,NASHVILLE,TN,37214,8955,HERMIT,36.155,-86.6271,POINT (-86.6271 36.155)
20190187519,03/09/2019 06:51:00 PM,2,0,0,,N,299266,4,ANGLE,2,RAIN,3,DARK - LIGHTED,12,MOTOR VEHICLE IN TRANSPORT,BELL RD & MT VIEW RD,ANTIOCH,TN,37013,8861,SOUTH,36.05,-86.6495,POINT (-86.6495 36.05)
20190147539,02/23/2019 12:25:00 PM,2,0,0,,Y,279230,11,Front to Rear,2,RAIN,1,DAYLIGHT,12,MOTOR VEHICLE IN TRANSPORT,NOLENSVILLE PKE & HAYWOOD LN,NASHVILLE,TN,37211,8711,SOUTH,36.0681,-86.719,POINT (-86.719 36.0681)
20190431387,06/06/2019 11:31:00 AM,2,0,0,,N,834798,11,Front to Rear,21,CLEAR,1,DAYLIGHT,12,MOTOR VEHICLE IN TRANSPORT,MM 3 8 I 440,NASHVILLE,TN,37212,6502,MIDTOW,36.1163,-86.7919,POINT (-86.7919 36.1163)
20190436550,06/08/2019 11:36:00 AM,2,2,0,,N,140790,4,ANGLE,22,CLOUDY,1,DAYLIGHT,12,MOTOR VEHICLE IN TRANSPORT,LEBANON PKE & OLD LEBANON PKE,NASHVILLE,TN,37214,9125,HERMIT,36.1678,-86.6637,POINT (-86.6637 36.1678)
20190259256,04/04/2019 07:35:00 AM,3,0,0,,N,755026,11,Front to Rear,21,CLEAR,1,DAYLIGHT,12,MOTOR VEHICLE IN TRANSPORT,MM 62 1 I 24,ANTIOCH,TN,37013,8806,SOUTH,36.0195,-86.626,POINT (-86.626 36.0195)
20190423733,06/03/2019 07:33:00 PM,2,0,0,Y,N,256380,4,ANGLE,21,CLEAR,1,DAYLIGHT,12,MOTOR VEHICLE IN TRANSPORT,BRICK CHURCH PIKE & WEAKLEY AVE,NASHVILLE,TN,37207,3003,NORTH,36.1987,-86.777,POINT (-86.777 36.1987)
20190241471,03/28/2019 06:45:00 PM,2,1,0,,N,279124,11,Front to Rear,21,CLEAR,1,DAYLIGHT,12,MOTOR VEHICLE IN TRANSPORT,MURFREESBORO PKE & MILL CREEK RD,NASHVILLE,TN,37211,8803,SOUTH,36.1288,-86.7138,POINT (-86.7138 36.1288)
20190035458,01/14/2019 04:17:00 PM,2,0,0,Y,N,330419,5,SIDESWIPE - SAME DIRECTION,21,CLEAR,5,DUSK,12;18;31,"MOTOR VEHICLE IN TRANSPORT;OTHER OBJECT (NOT FIXED);OTHER POST, POLE, SUPP.",SAWYER BROWN RD & HIGHWAY 70S,NASHVILLE,TN,37221,4811,WEST,36.0768,-86.9453,POINT (-86.9453 36.0768)
20190422809,06/03/2019 11:39:00 AM,2,0,0,,N,225212,11,Front to Rear,21,CLEAR,1,DAYLIGHT,12,MOTOR VEHICLE IN TRANSPORT,GALLATIN PKEN & RIVERGATE PKWY,MADISON,TN,37115,1731,MADISO,36.2973,-86.6988,POINT (-86.6988 36.2973)
20190007465,01/03/2019 06:05:00 PM,2,0,0,,N,256448,4,ANGLE,21,CLEAR,3,DARK - LIGHTED,12,MOTOR VEHICLE IN TRANSPORT,ALLEN RD & DONELSON PKE,NASHVILLE,TN,37214,9423,HERMIT,36.1507,-86.6666,POINT (-86.6666 36.1507)
20190323777,04/26/2019 11:45:00 PM,2,1,0,,N,320598,11,Front to Rear,21,CLEAR,3,DARK - LIGHTED,12,MOTOR VEHICLE IN TRANSPORT,NOLENSVILLE PKE & BRENTWOOD HIGHLANDS DR,NASHVILLE,TN,37211,8651,MIDTOW,36.0355,-86.7133,POINT (-86.7133 36.0355)
20190080630,01/30/2019 04:17:00 PM,1,0,0,Y,N,179606,0,NOT COLLISION W/MOTOR VEHICLE-TRANSPORT,21,CLEAR,1,DAYLIGHT,30,UTILITY POLE,NOLENSVILLE PKE & I440 W EXT RAMP,NASHVILLE,TN,37211,8043,MIDTOW,36.1241,-86.7517,POINT (-86.7517 36.1241)
20190550607,07/23/2019 09:39:00 PM,2,2,0,,N,279225,4,ANGLE,21,CLEAR,2,DARK - NOT LIGHTED,12,MOTOR VEHICLE IN TRANSPORT,BELL RD & PRIEST WOODS DR,NASHVILLE,TN,37214,8989,HERMIT,36.1275,-86.6296,POINT (-86.6296 36.1275)
20190100511,02/06/2019 02:38:00 PM,1,1,0,,N,267831,0,NOT COLLISION W/MOTOR VEHICLE-TRANSPORT,2,RAIN,1,DAYLIGHT,39,WALL,MM 200 6 I 40,NASHVILLE,TN,37209,4708,WEST,36.1261,-86.904,POINT (-86.904 36.1261)
20190418576,06/01/2019 12:50:00 PM,2,0,0,,N,630627,5,SIDESWIPE - SAME DIRECTION,22,CLOUDY,1,DAYLIGHT,14,PARKED MOTOR VEHICLE,BELCOURT AV & ACKLEN AV,NASHVILLE,TN,37212,5825,MIDTOW,36.1368,-86.8025,POINT (-86.8025 36.1368)
20190164315,03/01/2019 12:53:00 PM,2,0,0,,N,902543,4,ANGLE,22,CLOUDY,1,DAYLIGHT,12,MOTOR VEHICLE IN TRANSPORT,OAKWOOD AV & ALLENWOOD DR,NASHVILLE,TN,37207,1887,EAST,36.2118,-86.7536,POINT (-86.7536 36.2118)
20190570028,07/31/2019 05:43:00 PM,2,2,0,,N,206964,4,ANGLE,21,CLEAR,1,DAYLIGHT,12,MOTOR VEHICLE IN TRANSPORT,ANTIOCH PKE & LUNA DR,NASHVILLE,TN,37211,8889,SOUTH,36.0775,-86.6823,POINT (-86.6823 36.0775)
20190241470,03/28/2019 06:35:00 PM,3,0,0,,N,151132,11,Front to Rear,21,CLEAR,1,DAYLIGHT,12,MOTOR VEHICLE IN TRANSPORT,MM 92 3 I 65,MADISON,TN,37115,1704,MADISO,36.2653,-86.7374,POINT (-86.7374 36.2653)
20190130508,02/17/2019 05:45:00 PM,2,0,0,,Y,256426,6,SIDESWIPE - OPPOSITE DIRECTION,2,RAIN,3,DARK - LIGHTED,12,MOTOR VEHICLE IN TRANSPORT,BRILEY PKWYS & BRILEY PKWY S ENT RAMP,NASHVILLE,TN,37211,88962,SOUTH,36.1103,-86.7197,POINT (-86.7197 36.1103)
20190292645,04/16/2019 03:49:00 PM,2,1,0,,N,151132,11,Front to Rear,21,CLEAR,1,DAYLIGHT,12,MOTOR VEHICLE IN TRANSPORT,BRILEY PKWYE & BRILEY PKWYW,NASHVILLE,TN,37207,20120,MADISO,36.2396,-86.7751,POINT (-86.7751 36.2396)
20190539237,07/19/2019 07:42:00 AM,2,0,0,,N,320574,11,Front to Rear,21,CLEAR,1,DAYLIGHT,12,MOTOR VEHICLE IN TRANSPORT,MM 213 8 I 40,NASHVILLE,TN,37217,8802,HERMIT,36.1413,-86.7163,POINT (-86.7163 36.1413)
20190232740,03/25/2019 12:00:00 AM,1,0,0,Y,N,330440,0,NOT COLLISION W/MOTOR VEHICLE-TRANSPORT,21,CLEAR,2,DARK - NOT LIGHTED,42,TREE,GREENFIELD AV & OXFORD ST,NASHVILLE,TN,37216,1421,EAST,36.2099,-86.7255,POINT (-86.7255 36.2099)
20190538405,07/18/2019 10:40:00 PM,4,0,0,,Y,191786,11,Front to Rear,21,CLEAR,3,DARK - LIGHTED,12,MOTOR VEHICLE IN TRANSPORT,DR D B TODD JR BLVD & JEFFERSON ST,NASHVILLE,TN,37208,5325,NORTH,36.1695,-86.8067,POINT (-86.8067 36.1695)
20190052453,01/20/2019 11:50:00 PM,2,0,0,,N,769384,5,SIDESWIPE - SAME DIRECTION,21,CLEAR,3,DARK - LIGHTED,12,MOTOR VEHICLE IN TRANSPORT,4TH AVN & BROADWAY,NASHVILLE,TN,37203,4091,CENTRA,36.161,-86.7772,POINT (-86.7772 36.161)
20190262804,04/05/2019 01:21:00 PM,2,1,0,,N,320574,11,Front to Rear,22,CLOUDY,1,DAYLIGHT,12,MOTOR VEHICLE IN TRANSPORT,OLD HICKORY BLVD & LEBANON PKE EB EXT RA,HERMITAGE,TN,37076,9531,HERMIT,36.1964,-86.6198,POINT (-86.6198 36.1964)
20190284087,04/13/2019 12:25:00 PM,2,0,0,,N,256502,11,Front to Rear,21,CLEAR,1,DAYLIGHT,12,MOTOR VEHICLE IN TRANSPORT,YOUNGS LN & W TRINITY LN,NASHVILLE,TN,37207,3037,NORTH,36.2061,-86.811,POINT (-86.811 36.2061)
20190115731,02/12/2019 11:15:00 AM,2,1,0,,N,226136,11,Front to Rear,22,CLOUDY,1,DAYLIGHT,12,MOTOR VEHICLE IN TRANSPORT,CHARLOTTE AV & 24TH AVN,NASHVILLE,TN,37209,5339,NORTH,36.1557,-86.8102,POINT (-86.8102 36.1557)
20190030188,04/19/2019 10:15:00 PM,2,0,0,,Y,110090,2,HEAD-ON,2,RAIN,2,DARK - NOT LIGHTED,14;55,PARKED MOTOR VEHICLE;Motor Vehicle-In-Motion Outside Trafficw,BELL RD & MURFREESBORO PKE,ANTIOCH,TN,37013,8979,SOUTH,36.0729,-86.6357,POINT (-86.6357 36.0729)
20190162614,02/28/2019 06:35:00 PM,2,0,0,,N,429193,4,ANGLE,21,CLEAR,2,DARK - NOT LIGHTED,12,MOTOR VEHICLE IN TRANSPORT,COLEY DAVIS RD & HWY 70 S,NASHVILLE,TN,37221,4811,WEST,36.0803,-86.9542,POINT (-86.9542 36.0803)
20190514032,07/09/2019 08:30:00 AM,2,0,0,,N,352184,11,Front to Rear,21,CLEAR,1,DAYLIGHT,12,MOTOR VEHICLE IN TRANSPORT,MIDDLETON ST & ROLLING MILL HILL GRNWY,NASHVILLE,TN,37210,4001,CENTRA,36.1555,-86.7647,POINT (-86.7647 36.1555)
20190572389,08/01/2019 03:48:00 PM,2,0,0,,Y,420040,11,Front to Rear,22,CLOUDY,1,DAYLIGHT,12,MOTOR VEHICLE IN TRANSPORT,BLAIR BLVD & 21ST AVS,NASHVILLE,TN,37212,5909,MIDTOW,36.1303,-86.802,POINT (-86.802 36.1303)
20190410493,05/28/2019 03:30:00 PM,2,0,0,,Y,110092,4,ANGLE,99,UNKNOWN,1,DAYLIGHT,55,Motor Vehicle-In-Motion Outside Trafficw,OLD HICKORY BLVD & JUAREZ DR,HERMITAGE,TN,37076,9531,HERMIT,36.1919,-86.6157,POINT (-86.6157 36.1919)
20190461747,06/18/2019 08:45:00 AM,2,0,0,,N,693093,5,SIDESWIPE - SAME DIRECTION,22,CLOUDY,1,DAYLIGHT,12,MOTOR VEHICLE IN TRANSPORT,OLD TIME VILLAGE PVTDR & GALLATIN PKEN,MADISON,TN,37115,1763,MADISO,36.2644,-86.7118,POINT (-86.7118 36.2644)
20190254460,04/02/2019 04:24:00 PM,2,1,0,,N,256380,11,Front to Rear,21,CLEAR,1,DAYLIGHT,12,MOTOR VEHICLE IN TRANSPORT,MM 206 6 I 40,NASHVILLE,TN,37208,53124,NORTH,36.1664,-86.8171,POINT (-86.8171 36.1664)
20190504578,07/04/2019 04:45:00 PM,2,1,0,,N,299258,4,ANGLE,2,RAIN,1,DAYLIGHT,12,MOTOR VEHICLE IN TRANSPORT,22ND AVN & UNDERWOOD ST,NASHVILLE,TN,37208,4467,NORTH,36.1729,-86.8116,POINT (-86.8116 36.1729)
20190049700,01/19/2019 12:14:00 PM,2,0,0,,Y,309262,5,SIDESWIPE - SAME DIRECTION,2,RAIN,1,DAYLIGHT,12,MOTOR VEHICLE IN TRANSPORT,GALLATIN PKEN & SHEPHERD HILLS DR,MADISON,TN,37115,1731,MADISO,36.3009,-86.6946,POINT (-86.6946 36.3009)
20190524642,07/13/2019 10:42:00 AM,2,0,0,Y,N,179602,0,NOT COLLISION W/MOTOR VEHICLE-TRANSPORT,22,CLOUDY,1,DAYLIGHT,27,H-WAY TRAFFIC SIGNAL POST,EWING DR & GWYNNWOOD DR,NASHVILLE,TN,37207,3029,NORTH,36.2315,-86.7925,POINT (-86.7925 36.2315)
20190284994,04/13/2019 12:00:00 AM,2,0,0,,Y,311333,11,Front to Rear,2,RAIN,2,DARK - NOT LIGHTED,12,MOTOR VEHICLE IN TRANSPORT,MM 62 8 I 24,ANTIOCH,TN,37013,8804,SOUTH,36.0118,-86.6175,POINT (-86.6175 36.0118)
20190032070,01/13/2019 05:29:00 AM,2,0,0,,Y,474557,4,ANGLE,2,RAIN,7,Dark-Unknown Lighting,14,PARKED MOTOR VEHICLE,BARELLA DR & APACHE TRL,ANTIOCH,TN,37013,8713,SOUTH,36.0612,-86.6835,POINT (-86.6835 36.0612)
20190460506,06/17/2019 06:31:00 PM,2,0,0,,Y,320599,11,Front to Rear,22,CLOUDY,1,DAYLIGHT,12,MOTOR VEHICLE IN TRANSPORT,I40 E EXT RAMP & I 40,NASHVILLE,TN,37214,8955,HERMIT,36.155,-86.6271,POINT (-86.6271 36.155)
20190110423,02/10/2019 12:42:00 PM,2,0,0,,N,256428,11,Front to Rear,2,RAIN,1,DAYLIGHT,14,PARKED MOTOR VEHICLE,STANVID DR & GRAYCROFT AV,NASHVILLE,TN,37216,1803,EAST,36.2318,-86.7395,POINT (-86.7395 36.2318)
20190168406,03/03/2019 07:41:00 AM,1,1,0,Y,N,439917,0,NOT COLLISION W/MOTOR VEHICLE-TRANSPORT,2,RAIN,1,DAYLIGHT,57,Cable Barrier,MM 34 4 I 24,JOELTON,TN,37080,33160,NORTH,36.3254,-86.8784,POINT (-86.8784 36.3254)
20190524877,07/13/2019 02:59:00 PM,2,2,0,,N,887598,0,NOT COLLISION W/MOTOR VEHICLE-TRANSPORT,21,CLEAR,1,DAYLIGHT,18;24;36;60;61,OTHER OBJECT (NOT FIXED);GUARDRAIL FACE;CONCRETE TRAFFIC BARRIER;Cargo Equip Loss/Shift;Equip Failure,BRILEY PKWYW & BRILEY PKWYE,NASHVILLE,TN,37218,3216,NORTH,36.2254,-86.8638,POINT (-86.8638 36.2254)
20190512613,07/08/2019 05:01:00 PM,2,0,0,,Y,320585,11,Front to Rear,21,CLEAR,1,DAYLIGHT,12,MOTOR VEHICLE IN TRANSPORT,FAIN ST & MAURY ST,NASHVILLE,TN,37210,8205,HERMIT,36.1519,-86.7593,POINT (-86.7593 36.1519)
20190123316,02/14/2019 06:36:00 PM,2,0,0,,N,714641,5,SIDESWIPE - SAME DIRECTION,21,CLEAR,3,DARK - LIGHTED,12,MOTOR VEHICLE IN TRANSPORT,KOREAN VETERANS BLVD & 3RD AVS,NASHVILLE,TN,37201,4047,CENTRA,36.1578,-86.7732,POINT (-86.7732 36.1578)
20190265485,04/06/2019 02:37:00 PM,2,0,0,,N,212315,5,SIDESWIPE - SAME DIRECTION,21,CLEAR,1,DAYLIGHT,12,MOTOR VEHICLE IN TRANSPORT,12TH AVS & DEMONBREUN ST,NASHVILLE,TN,37203,4015,CENTRA,36.1546,-86.7862,POINT (-86.7862 36.1546)
20190486012,06/27/2019 01:00:00 PM,1,0,0,,N,226622,0,NOT COLLISION W/MOTOR VEHICLE-TRANSPORT,22,CLOUDY,1,DAYLIGHT,33,CURB,CHARLOTTE PKE & CHARLOTTE AV,NASHVILLE,TN,37209,5103,WEST,36.151,-86.8546,POINT (-86.8546 36.151)
20190413570,05/30/2019 04:53:00 PM,2,0,0,,N,256426,4,ANGLE,21,CLEAR,1,DAYLIGHT,12,MOTOR VEHICLE IN TRANSPORT,DONELSON PKE & I40 W ENT RAMP,NASHVILLE,TN,37214,9103,HERMIT,36.143,-86.6667,POINT (-86.6667 36.143)
20190581544,08/05/2019 12:28:00 PM,2,0,0,,N,267831,11,Front to Rear,21,CLEAR,1,DAYLIGHT,12,MOTOR VEHICLE IN TRANSPORT,ESTES RD & AUBURN LN,NASHVILLE,TN,37215,6103,WEST,36.114,-86.8368,POINT (-86.8368 36.114)
20190524951,07/13/2019 03:24:00 PM,2,0,0,,N,299257,11,Front to Rear,21,CLEAR,1,DAYLIGHT,12,MOTOR VEHICLE IN TRANSPORT,I40 E EXT RAMP & I 40,NASHVILLE,TN,37214,8955,HERMIT,36.155,-86.6271,POINT (-86.6271 36.155)
20190012776,01/05/2019 11:00:00 PM,3,0,0,,N,299245,11,Front to Rear,21,CLEAR,3,DARK - LIGHTED,12,MOTOR VEHICLE IN TRANSPORT,MAIN ST & JAMES ROBERTSON PKWY,NASHVILLE,TN,37213,1991,CENTRA,36.1696,-86.7744,POINT (-86.7744 36.1696)
20190512171,07/08/2019 12:16:00 PM,2,1,0,,N,109534,11,Front to Rear,21,CLEAR,1,DAYLIGHT,12,MOTOR VEHICLE IN TRANSPORT,MCGAVOCK PKE & MAPLECREST DR,NASHVILLE,TN,37214,9201,HERMIT,36.1769,-86.6786,POINT (-86.6786 36.1769)
20190547042,07/22/2019 02:58:00 PM,3,2,0,,Y,256389,11,Front to Rear,2,RAIN,1,DAYLIGHT,12,MOTOR VEHICLE IN TRANSPORT,I65 S EXT RAMP & I 65,MADISON,TN,37115,20044,MADISO,36.2481,-86.743,POINT (-86.743 36.2481)
20190549508,07/23/2019 12:51:00 PM,2,0,0,,N,225773,11,Front to Rear,21,CLEAR,1,DAYLIGHT,12,MOTOR VEHICLE IN TRANSPORT,POWELL AV & ARMORY DR ENT RAMP,NASHVILLE,TN,37204,8525,MIDTOW,36.1049,-86.7633,POINT (-86.7633 36.1049)
20190059911,01/23/2019 02:50:00 PM,1,0,0,Y,Y,256422,0,NOT COLLISION W/MOTOR VEHICLE-TRANSPORT,2,RAIN,1,DAYLIGHT,40,MAIL BOX,EATONS CREEK RD & FORTE RD,JOELTON,TN,37080,3245,NORTH,36.2897,-86.8869,POINT (-86.8869 36.2897)
20190509013,07/06/2019 04:45:00 PM,3,2,0,,N,161939,4,ANGLE,2,RAIN,1,DAYLIGHT,12,MOTOR VEHICLE IN TRANSPORT,CANE RIDGE RD & BLAIRFIELD DR,ANTIOCH,TN,37013,8765,SOUTH,36.0134,-86.6404,POINT (-86.6404 36.0134)
20190426052,06/04/2019 02:33:00 PM,3,1,0,,N,544482,4,ANGLE,22,CLOUDY,1,DAYLIGHT,12;14,MOTOR VEHICLE IN TRANSPORT;PARKED MOTOR VEHICLE,MUSIC CIRN & MUSIC CIRE,NASHVILLE,TN,37203,6719,MIDTOW,36.1506,-86.7906,POINT (-86.7906 36.1506)