Accident Number,Date and Time,Number of Motor Vehicles,Number of Injuries,Number of Fatalities,Property Damage,Hit and Run,Reporting Officer,Collision Type Code,Collision Type Description,Weather Code,Weather Description,Illumination Code,Illumination Description,Harmful Code,Harmful Code Description,Street Address,City,State,ZIP,RPA,Precinct,Latitude,Longitude,Mapped Location
20190106555,02/08/2019 05:45:00 PM,2,0,0,,N,420040,11,Front to Rear,21,CLEAR,5,DUSK,12,MOTOR VEHICLE IN TRANSPORT,MM 3 8 I 440,NASHVILLE,TN,37212,6502,MIDTOW,36.1163,-86.7919,POINT (-86.7919 36.1163)
20190375104,05/16/2019 01:23:00 PM,2,2,0,,N,876581,4,ANGLE,21,CLEAR,1,DAYLIGHT,12,MOTOR VEHICLE IN TRANSPORT,DICKERSON PKE & BRILEY PKWY W ENT RAMP,MADISON,TN,37115,20143,MADISO,36.2414,-86.7572,POINT (-86.7572 36.2414)
20190087893,02/01/2019 10:25:00 PM,2,0,0,,Y,191573,5,SIDESWIPE - SAME DIRECTION,21,CLEAR,3,DARK - LIGHTED,12,MOTOR VEHICLE IN TRANSPORT,MM 53 0 I 24,NASHVILLE,TN,37210,8302,SOUTH,36.1189,-86.7264,POINT (-86.7264 36.1189)
20190428395,06/05/2019 10:20:00 AM,2,0,0,,N,166478,11,Front to Rear,22,CLOUDY,1,DAYLIGHT,12,MOTOR VEHICLE IN TRANSPORT,ROSA L PARKS BLVD & JEFFERSON ST,NASHVILLE,TN,37208,4237,CENTRA,36.1733,-86.7914,POINT (-86.7914 36.1733)
20190334337,05/01/2019 06:54:00 AM,2,0,0,,N,279230,5,SIDESWIPE - SAME DIRECTION,21,CLEAR,1,DAYLIGHT,12,MOTOR VEHICLE IN TRANSPORT,STATE HWY 255 & US HWY 41,NASHVILLE,TN,37217,8951,HERMIT,36.1065,-86.6738,POINT (-86.6738 36.1065)
20190293513,04/16/2019 09:41:00 PM,2,1,0,,N,256383,4,ANGLE,21,CLEAR,3,DARK - LIGHTED,12,MOTOR VEHICLE IN TRANSPORT,CROSSINGS BLVD & CROSSINGS PL,ANTIOCH,TN,37013,8863,SOUTH,36.0897,-86.6881,POINT (-86.6881 36.0897)
20190085631,02/01/2019 06:08:00 AM,2,1,0,,N,405424,4,ANGLE,2,RAIN,2,DARK - NOT LIGHTED,12,MOTOR VEHICLE IN TRANSPORT,TRAILS END LN & ELM HILL PKE,NASHVILLE,TN,37214,8991,HERMIT,36.1419,-86.6372,POINT (-86.6372 36.1419)
20190281880,04/12/2019 03:16:00 PM,2,1,0,,Y,151132,5,SIDESWIPE - SAME DIRECTION,22,CLOUDY,1,DAYLIGHT,12,MOTOR VEHICLE IN TRANSPORT,OLD HICKORY BLVDW & WALKER ST,MADISON,TN,37115,1743,MADISO,36.2638,-86.7194,POINT (-86.7194 36.2638)
20190003042,01/02/2019 07:40:00 AM,3,0,0,,Y,594473,11,Front to Rear,22,CLOUDY,1,DAYLIGHT,12,MOTOR VEHICLE IN TRANSPORT,MM 208 3 I 40,NASHVILLE,TN,37203,54024,NORTH,36.166,-86.7949,POINT (-86.7949 36.166)
20190407101,05/28/2019 12:29:00 PM,2,0,0,,N,320601,11,Front to Rear,21,CLEAR,1,DAYLIGHT,12,MOTOR VEHICLE IN TRANSPORT,ANTIOCH PKE & RICHARDS RD,ANTIOCH,TN,37013,8899,SOUTH,36.0692,-86.6838,POINT (-86.6838 36.0692)
20190380697,05/18/2019 12:45:00 PM,2,0,0,,N,256502,11,Front to Rear,21,CLEAR,1,DAYLIGHT,14,PARKED MOTOR VEHICLE,BUCHANAN ST & 25TH AVN,NASHVILLE,TN,37208,4463,NORTH,36.1804,-86.8179,POINT (-86.8179 36.1804)
20190537894,07/18/2019 04:37:00 PM,2,0,0,,N,256389,4,ANGLE,2,RAIN,1,DAYLIGHT,12,MOTOR VEHICLE IN TRANSPORT,LEALAND LN & GALE LN,NASHVILLE,TN,37204,6933,MIDTOW,36.1168,-86.787,POINT (-86.787 36.1168)
20190299683,04/18/2019 04:33:00 PM,2,0,0,,N,352197,4,ANGLE,21,CLEAR,1,DAYLIGHT,12,MOTOR VEHICLE IN TRANSPORT,EDGE O LAKE DR & DOVER GLEN DR,ANTIOCH,TN,37013,8891,SOUTH,36.0765,-86.6409,POINT (-86.6409 36.0765)
20190398189,05/24/2019 05:40:00 PM,2,0,0,,N,279124,4,ANGLE,21,CLEAR,1,DAYLIGHT,12,MOTOR VEHICLE IN TRANSPORT,BLAIRFIELD DR & CAMILLE DR,ANTIOCH,TN,37013,8763,SOUTH,36.0199,-86.6497,POINT (-86.6497 36.0199)
20190037353,01/15/2019 08:15:00 AM,2,1,0,,N,226136,6,SIDESWIPE - OPPOSITE DIRECTION,22,CLOUDY,1,DAYLIGHT,12,MOTOR VEHICLE IN TRANSPORT,GRANNY WHITE PKE & MORROW AV,NASHVILLE,TN,37204,7021,MIDTOW,36.1061,-86.7952,POINT (-86.7952 36.1061)
20190441977,06/10/2019 07:31:00 PM,3,1,0,,Y,311332,11,Front to Rear,21,CLEAR,1,DAYLIGHT,12,MOTOR VEHICLE IN TRANSPORT,I40 W EXT RAMP & I 40,NASHVILLE,TN,37203,4119,CENTRA,36.1574,-86.79,POINT (-86.79 36.1574)
20190228975,03/24/2019 07:14:00 PM,1,1,0,,N,212315,0,NOT COLLISION W/MOTOR VEHICLE-TRANSPORT,21,CLEAR,3,DARK - LIGHTED,9,,JAMES ROBERTSON PKWY & GAY ST,NASHVILLE,TN,37219,4203,CENTRA,36.192,-86.7173,POINT (-86.7173 36.192)
20190087722,02/01/2019 07:48:00 PM,2,0,0,,Y,330420,5,SIDESWIPE - SAME DIRECTION,21,CLEAR,3,DARK - LIGHTED,12,MOTOR VEHICLE IN TRANSPORT,I24 E EXT RAMP & I 24,NASHVILLE,TN,37207,30080,NORTH,36.2378,-86.7872,POINT (-86.7872 36.2378)
20190149436,02/24/2019 07:20:00 AM,2,0,0,,N,279206,5,SIDESWIPE - SAME DIRECTION,21,CLEAR,1,DAYLIGHT,12,MOTOR VEHICLE IN TRANSPORT,MM 211 2 I 40,NASHVILLE,TN,37210,8008,HERMIT,36.1535,-86.7564,POINT (-86.7564 36.1535)
20190312641,04/23/2019 11:18:00 AM,2,0,0,,N,191578,5,SIDESWIPE - SAME DIRECTION,21,CLEAR,1,DAYLIGHT,12,MOTOR VEHICLE IN TRANSPORT,MM 213 8 I 40,NASHVILLE,TN,37217,8802,HERMIT,36.1413,-86.7163,POINT (-86.7163 36.1413)
20190054614,01/21/2019 06:25:00 PM,2,2,0,,N,256417,4,ANGLE,21,CLEAR,3,DARK - LIGHTED,12,MOTOR VEHICLE IN TRANSPORT,OLD HICKORY BLVD & CENTRAL PKE,HERMITAGE,TN,37076,9557,HERMIT,36.1676,-86.7787,POINT (-86.7787 36.1676)
20190415426,05/31/2019 07:21:00 AM,2,0,0,,N,716886,11,Front to Rear,21,CLEAR,1,DAYLIGHT,12,MOTOR VEHICLE IN TRANSPORT,I24 W EXT RAMP & I 24,NASHVILLE,TN,37211,8829,SOUTH,36.1074,-86.7197,POINT (-86.7197 36.1074)
20190325752,04/27/2019 09:51:00 PM,2,0,0,,Y,151122,5,SIDESWIPE - SAME DIRECTION,21,CLEAR,3,DARK - LIGHTED,12,MOTOR VEHICLE IN TRANSPORT,MT VIEW RD & BELL FORGE PKWY,ANTIOCH,TN,37013,8863,SOUTH,36.0449,-86.6456,POINT (-86.6456 36.0449)
20190178876,03/06/2019 05:00:00 PM,2,0,0,,Y,206675,6,SIDESWIPE - OPPOSITE DIRECTION,21,CLEAR,1,DAYLIGHT,12,MOTOR VEHICLE IN TRANSPORT,OLD HICKORY BLVD & BRENTWOOD EAST DR,NASHVILLE,TN,37211,8651,MIDTOW,36.0452,-86.7154,POINT (-86.7154 36.0452)
20190130435,02/17/2019 04:57:00 PM,3,0,0,,N,179606,11,Front to Rear,2,RAIN,5,DUSK,12,MOTOR VEHICLE IN TRANSPORT,MM 3 8 I 440,NASHVILLE,TN,37212,6502,MIDTOW,36.1163,-86.7919,POINT (-86.7919 36.1163)
20190302717,04/19/2019 06:45:00 PM,2,0,0,,N,352199,4,ANGLE,2,RAIN,2,DARK - NOT LIGHTED,12,MOTOR VEHICLE IN TRANSPORT,NOLENSVILLE PKE & HAYWOOD LN,NASHVILLE,TN,37211,8661,MIDTOW,36.0683,-86.7193,POINT (-86.7193 36.0683)
20190246278,03/30/2019 02:13:00 PM,2,0,0,,N,279122,4,ANGLE,22,CLOUDY,1,DAYLIGHT,12,MOTOR VEHICLE IN TRANSPORT,MM 35 0 I 24,JOELTON,TN,37080,3318,NORTH,36.3239,-86.867,POINT (-86.867 36.3239)
20190012003,01/05/2019 02:29:00 PM,2,2,0,,N,834813,11,Front to Rear,21,CLEAR,1,DAYLIGHT,12,MOTOR VEHICLE IN TRANSPORT,CATO RD & GILMORE CROSSING LN,NASHVILLE,TN,37218,3247,NORTH,36.2172,-86.8685,POINT (-86.8685 36.2172)
20190305583,04/21/2019 01:08:00 AM,2,0,0,,Y,256382,11,Front to Rear,21,CLEAR,3,DARK - LIGHTED,12,MOTOR VEHICLE IN TRANSPORT,LEBANON PKE & DONELSON PKE,NASHVILLE,TN,37214,9311,HERMIT,36.1676,-86.6633,POINT (-86.6633 36.1676)
20190181038,03/07/2019 10:57:00 AM,2,0,0,,N,553957,5,SIDESWIPE - SAME DIRECTION,22,CLOUDY,1,DAYLIGHT,12,MOTOR VEHICLE IN TRANSPORT,MM 212 9 I 40,NASHVILLE,TN,37210,82061,HERMIT,36.1404,-86.7312,POINT (-86.7312 36.1404)
20190434881,06/07/2019 06:12:00 PM,2,0,0,Y,N,240955,11,Front to Rear,21,CLEAR,1,DAYLIGHT,12,MOTOR VEHICLE IN TRANSPORT,I24 E EXT RAMP & I 24,NASHVILLE,TN,37207,30080,NORTH,36.2378,-86.7872,POINT (-86.7872 36.2378)
20190302445,04/19/2019 04:49:00 PM,2,1,0,,N,887592,5,SIDESWIPE - SAME DIRECTION,2,RAIN,1,DAYLIGHT,12,MOTOR VEHICLE IN TRANSPORT,GALLATIN PKE & MAYNOR AV,NASHVILLE,TN,37216,1417,EAST,36.2069,-86.7362,POINT (-86.7362 36.2069)
20190093091,02/04/2019 12:00:00 AM,2,0,0,Y,Y,343522,0,NOT COLLISION W/MOTOR VEHICLE-TRANSPORT,21,CLEAR,9,UNKNOWN,40,MAIL BOX,COLT DR & COLT CT,NASHVILLE,TN,37221,4813,WEST,36.0899,-86.9391,POINT (-86.9391 36.0899)
20190558042,07/26/2019 03:45:00 PM,2,0,0,,N,151132,5,SIDESWIPE - SAME DIRECTION,21,CLEAR,1,DAYLIGHT,12,MOTOR VEHICLE IN TRANSPORT,BRILEY PKWYE & BRILEY PKWY W EXT RAMP,NASHVILLE,TN,37216,15920,EAST,36.2374,-86.7339,POINT (-86.7339 36.2374)
20190082644,01/31/2019 07:25:00 AM,2,0,0,,N,226092,5,SIDESWIPE - SAME DIRECTION,21,CLEAR,1,DAYLIGHT,12,MOTOR VEHICLE IN TRANSPORT,14TH AVN & UNDERWOOD ST,NASHVILLE,TN,37208,4473,NORTH,36.1748,-86.8035,POINT (-86.8035 36.1748)
20190113486,02/11/2019 05:30:00 PM,2,0,0,,N,134869,11,Front to Rear,2,RAIN,3,DARK - LIGHTED,12,MOTOR VEHICLE IN TRANSPORT,12TH AVS & HORTON AV,NASHVILLE,TN,37203,6939,MIDTOW,36.14,-86.7876,POINT (-86.7876 36.14)
20190006962,01/03/2019 03:10:00 PM,2,1,0,,N,256389,11,Front to Rear,21,CLEAR,1,DAYLIGHT,12,MOTOR VEHICLE IN TRANSPORT,TROUSDALE DR & HARDING PL,NASHVILLE,TN,37211,8507,MIDTOW,36.0823,-86.7582,POINT (-86.7582 36.0823)
20190427897,06/05/2019 07:13:00 AM,2,0,0,,N,191578,4,ANGLE,22,CLOUDY,1,DAYLIGHT,12,MOTOR VEHICLE IN TRANSPORT,OLD HICKORY BLVD & BRIDGEWAY AV,OLD HICKORY,TN,37138,9611,HERMIT,36.2699,-86.6604,POINT (-86.6604 36.2699)
20190209653,03/18/2019 08:05:00 AM,2,0,0,,N,676834,5,SIDESWIPE - SAME DIRECTION,21,CLEAR,1,DAYLIGHT,12,MOTOR VEHICLE IN TRANSPORT,BUENA VISTA PKE & CLARKSVILLE PKE,NASHVILLE,TN,37218,3161,NORTH,36.1937,-86.8312,POINT (-86.8312 36.1937)
20190354333,05/08/2019 06:45:00 PM,1,0,0,,N,620080,0,NOT COLLISION W/MOTOR VEHICLE-TRANSPORT,21,CLEAR,1,DAYLIGHT,8,PEDESTRIAN,900 OLD HICKORY BLVDW,MADISON,TN,37115,2039,MADISO,36.2685,-86.7523,POINT (-86.7523 36.2685)
20190500722,07/03/2019 06:52:00 AM,2,0,0,,Y,109534,5,SIDESWIPE - SAME DIRECTION,22,CLOUDY,1,DAYLIGHT,12;99,MOTOR VEHICLE IN TRANSPORT;UNKNOWN MOST HARMFUL EVENT,MURFREESBORO PKE & DONELSON PKE,NASHVILLE,TN,37217,8841,SOUTH,36.1062,-86.6731,POINT (-86.6731 36.1062)
20190410621,05/29/2019 04:08:00 PM,4,0,0,,N,256383,11,Front to Rear,21,CLEAR,1,DAYLIGHT,12,MOTOR VEHICLE IN TRANSPORT,MURFREESBORO PKE & MOUNTAIN SPRINGS RD,ANTIOCH,TN,37013,8927,SOUTH,36.0478,-86.6121,POINT (-86.6121 36.0478)
20190307191,04/21/2019 12:00:00 AM,2,1,0,,N,298861,6,SIDESWIPE - OPPOSITE DIRECTION,21,CLEAR,3,DARK - LIGHTED,12;57,MOTOR VEHICLE IN TRANSPORT;Cable Barrier,HERMITAGE AV & FAIRFIELD AV,NASHVILLE,TN,37210,9005,HERMIT,36.1539,-86.7564,POINT (-86.7564 36.1539)
20190259578,04/04/2019 10:18:00 AM,2,0,0,,N,191578,5,SIDESWIPE - SAME DIRECTION,22,CLOUDY,1,DAYLIGHT,12,MOTOR VEHICLE IN TRANSPORT,MM 51 5 I 24,NASHVILLE,TN,37210,9004,HERMIT,36.1404,-86.7287,POINT (-86.7287 36.1404)
20190233879,03/26/2019 05:55:00 AM,2,0,0,,Y,676834,5,SIDESWIPE - SAME DIRECTION,21,CLEAR,3,DARK - LIGHTED,12,MOTOR VEHICLE IN TRANSPORT,MM 86 5 I 65,NASHVILLE,TN,37207,3006,NORTH,36.1946,-86.7762,POINT (-86.7762 36.1946)
20190498977,07/02/2019 03:00:00 PM,2,0,0,,Y,206682,3,REAR-TO-REAR,21,CLEAR,1,DAYLIGHT,12;14,MOTOR VEHICLE IN TRANSPORT;PARKED MOTOR VEHICLE,GALLATIN PKES & MAPLE ST,MADISON,TN,37115,1607,MADISO,36.2617,-86.7124,POINT (-86.7124 36.2617)
20190178341,03/06/2019 11:00:00 AM,2,0,0,,Y,267831,98,OTHER,21,CLEAR,1,DAYLIGHT,12;14,MOTOR VEHICLE IN TRANSPORT;PARKED MOTOR VEHICLE,HARDING PKE & BROOKMONT TER,NASHVILLE,TN,37221,4901,WEST,36.0809,-86.8996,POINT (-86.8996 36.0809)
20190537330,07/18/2019 02:00:00 PM,1,0,0,Y,N,716886,0,NOT COLLISION W/MOTOR VEHICLE-TRANSPORT,21,CLEAR,1,DAYLIGHT,19,BUILDING,BELL FORGE LNE & MT VIEW RD,ANTIOCH,TN,37013,8865,SOUTH,36.0472,-86.6477,POINT (-86.6477 36.0472)
20190269748,04/08/2019 10:15:00 AM,2,4,0,,N,483529,11,Front to Rear,22,CLOUDY,1,DAYLIGHT,12,MOTOR VEHICLE IN TRANSPORT,STRATFORD AV & KENNEDY AV,NASHVILLE,TN,37216,1443,EAST,36.2132,-86.7217,POINT (-86.7217 36.2132)
20190226594,03/23/2019 03:59:00 PM,2,0,0,,N,320597,11,Front to Rear,21,CLEAR,1,DAYLIGHT,12,MOTOR VEHICLE IN TRANSPORT,UNA ANTIOCH PKE & BILLINGSGATE RD,ANTIOCH,TN,37013,8861,SOUTH,36.0752,-86.6623,POINT (-86.6623 36.0752)
20190305465,04/20/2019 10:30:00 PM,2,0,0,,N,110090,4,ANGLE,21,CLEAR,3,DARK - LIGHTED,12,MOTOR VEHICLE IN TRANSPORT,BELL RD & MURFREESBORO PKE,ANTIOCH,TN,37013,8865,SOUTH,36.0719,-86.6362,POINT (-86.6362 36.0719)
20190126732,02/15/2019 11:12:00 PM,2,0,0,,N,197053,4,ANGLE,2,RAIN,3,DARK - LIGHTED,12,MOTOR VEHICLE IN TRANSPORT,MURFREESBORO PKE & PLUS PARK BLVD,NASHVILLE,TN,37217,8815,HERMIT,36.1337,-86.722,POINT (-86.722 36.1337)
20190433803,06/07/2019 09:32:00 AM,2,0,0,,N,834798,11,Front to Rear,2,RAIN,1,DAYLIGHT,12,MOTOR VEHICLE IN TRANSPORT,WEDGEWOOD AV & ACKLEN AV,NASHVILLE,TN,37203,6905,MIDTOW,36.1343,-86.781,POINT (-86.781 36.1343)
20190100774,02/06/2019 04:25:00 PM,3,0,0,,N,330445,11,Front to Rear,2,RAIN,1,DAYLIGHT,12,MOTOR VEHICLE IN TRANSPORT,HERMITAGE AV & ACADEMY PL,NASHVILLE,TN,37210,4029,CENTRA,36.1556,-86.7662,POINT (-86.7662 36.1556)
20190343524,05/04/2019 07:02:00 PM,2,1,0,,N,579971,11,Front to Rear,2,RAIN,3,DARK - LIGHTED,12,MOTOR VEHICLE IN TRANSPORT,APACHE TRL & HICKORY LAKE APTS PVTDR,NASHVILLE,TN,37211,8709,SOUTH,36.0671,-86.6892,POINT (-86.6892 36.0671)
20190162537,02/28/2019 08:40:00 PM,4,1,0,,N,256427,11,Front to Rear,21,CLEAR,3,DARK - LIGHTED,12;55,MOTOR VEHICLE IN TRANSPORT;Motor Vehicle-In-Motion Outside Trafficw,MM 210 5 I 40,NASHVILLE,TN,37210,8202,HERMIT,36.1522,-86.7669,POINT (-86.7669 36.1522)
20190420930,06/02/2019 03:35:00 PM,1,0,0,Y,N,330440,0,NOT COLLISION W/MOTOR VEHICLE-TRANSPORT,21,CLEAR,1,DAYLIGHT,38,FENCE,26TH AVN & ALAMEDA ST,NASHVILLE,TN,37208,5321,NORTH,36.1664,-86.8164,POINT (-86.8164 36.1664)
20190175516,03/05/2019 05:20:00 PM,3,0,0,,N,179606,11,Front to Rear,21,CLEAR,5,DUSK,12,MOTOR VEHICLE IN TRANSPORT,MM 81 9 I 65,NASHVILLE,TN,37203,80060,MIDTOW,36.1419,-86.7766,POINT (-86.7766 36.1419)
20190577747,08/03/2019 06:20:00 PM,1,0,0,,N,299253,0,NOT COLLISION W/MOTOR VEHICLE-TRANSPORT,2,RAIN,1,DAYLIGHT,24,GUARDRAIL FACE,ELLINGTON PKWYS & CLEVELAND ST,NASHVILLE,TN,37207,1996,EAST,36.1815,-86.7623,POINT (-86.7623 36.1815)
20190116925,02/12/2019 06:42:00 PM,3,0,0,,N,212322,4,ANGLE,21,CLEAR,2,DARK - NOT LIGHTED,12,MOTOR VEHICLE IN TRANSPORT,ROYAL PKWY & DONELSON PKE,NASHVILLE,TN,37214,9103,HERMIT,36.1463,-86.6689,POINT (-86.6689 36.1463)
20190430887,06/06/2019 07:45:00 AM,1,0,0,Y,N,226622,0,NOT COLLISION W/MOTOR VEHICLE-TRANSPORT,22,CLOUDY,1,DAYLIGHT,40,MAIL BOX,GEORGETOWN DR & BROWNLEE DR,NASHVILLE,TN,37205,5003,WEST,36.1194,-86.8835,POINT (-86.8835 36.1194)
20190379217,05/17/2019 06:59:00 PM,2,0,0,,N,330428,4,ANGLE,21,CLEAR,1,DAYLIGHT,12,MOTOR VEHICLE IN TRANSPORT,HIGHWAY 70S & BELLEVUE VALLEY PLAZA PVTD,NASHVILLE,TN,37221,4901,WEST,36.0754,-86.9181,POINT (-86.9181 36.0754)
20190486493,06/27/2019 04:30:00 PM,2,0,0,,N,420040,5,SIDESWIPE - SAME DIRECTION,22,CLOUDY,1,DAYLIGHT,12,MOTOR VEHICLE IN TRANSPORT,21ST AVS & WEDGEWOOD AV,NASHVILLE,TN,37212,6623,MIDTOW,36.138,-86.8007,POINT (-86.8007 36.138)
20190304435,04/20/2019 01:15:00 PM,2,1,0,,N,876581,4,ANGLE,2,RAIN,1,DAYLIGHT,12,MOTOR VEHICLE IN TRANSPORT,GALLATIN PKEN & RIVERGATE PKWY,MADISON,TN,37115,1731,MADISO,36.2973,-86.6988,POINT (-86.6988 36.2973)
20190434485,06/07/2019 03:01:00 PM,3,1,0,,N,256386,11,Front to Rear,22,CLOUDY,1,DAYLIGHT,12,MOTOR VEHICLE IN TRANSPORT,MM 214 2 I 40,NASHVILLE,TN,37210,90062,HERMIT,36.1424,-86.7107,POINT (-86.7107 36.1424)
20190542427,07/20/2019 12:00:00 PM,2,0,0,,N,352164,11,Front to Rear,21,CLEAR,1,DAYLIGHT,12,MOTOR VEHICLE IN TRANSPORT,WHITE BRIDGE PKE & KNOB RD,NASHVILLE,TN,37209,5021,WEST,36.1375,-86.8578,POINT (-86.8578 36.1375)
20190191012,03/11/2019 11:55:00 AM,1,1,0,Y,N,676834,0,NOT COLLISION W/MOTOR VEHICLE-TRANSPORT,21,CLEAR,1,DAYLIGHT,1;25,GUARDRAIL END,MM 88 0 I 65,NASHVILLE,TN,37207,18041,EAST,36.2165,-86.775,POINT (-86.775 36.2165)
20190480476,06/25/2019 02:46:00 PM,2,0,0,,N,256426,11,Front to Rear,21,CLEAR,1,DAYLIGHT,12,MOTOR VEHICLE IN TRANSPORT,I40 W EXT RAMP & I 40,NASHVILLE,TN,37203,4119,CENTRA,36.1574,-86.79,POINT (-86.79 36.1574)
20190577115,08/03/2019 10:30:00 AM,2,0,0,,N,571328,4,ANGLE,21,CLEAR,1,DAYLIGHT,13,MOTOR VEHICLE IN TRANSPORT-OTHER ROADWAY,CAHAL AV & BRANCH ST,NASHVILLE,TN,37206,1335,EAST,36.1949,-86.7261,POINT (-86.7261 36.1949)
20190579538,08/04/2019 12:00:00 AM,2,0,0,,Y,633391,9,UNKNOWN,21,CLEAR,1,DAYLIGHT,55,Motor Vehicle-In-Motion Outside Trafficw,HILLSBORO CIR & HILLSBORO DR,NASHVILLE,TN,37215,6113,WEST,36.102,-86.8195,POINT (-86.8195 36.102)
20190147458,02/23/2019 11:30:00 AM,2,0,0,,N,834798,6,SIDESWIPE - OPPOSITE DIRECTION,2,RAIN,1,DAYLIGHT,12,MOTOR VEHICLE IN TRANSPORT,ACKLEN AV & 10TH AVS,NASHVILLE,TN,37204,6917,MIDTOW,36.1335,-86.7852,POINT (-86.7852 36.1335)
20190345393,05/05/2019 06:55:00 PM,2,1,0,,N,330416,11,Front to Rear,21,CLEAR,1,DAYLIGHT,12,MOTOR VEHICLE IN TRANSPORT,STATE RT 45 & E OLD HICKORY BLVD,MADISON,TN,37115,1635,MADISO,36.2626,-86.6802,POINT (-86.6802 36.2626)
20190184604,03/08/2019 03:38:00 PM,2,0,0,,N,298868,11,Front to Rear,2,RAIN,1,DAYLIGHT,12,MOTOR VEHICLE IN TRANSPORT,BRILEY PKWYS & DRUMMOND DR,NASHVILLE,TN,37211,88962,SOUTH,36.1112,-86.7129,POINT (-86.7129 36.1112)
20190099626,02/06/2019 08:48:00 AM,2,1,0,,N,330431,11,Front to Rear,22,CLOUDY,1,DAYLIGHT,12,MOTOR VEHICLE IN TRANSPORT,KOREAN VETERANS BLVD & 5TH AVS,NASHVILLE,TN,37203,4057,CENTRA,36.1563,-86.7763,POINT (-86.7763 36.1563)
20190295740,04/17/2019 12:35:00 PM,2,0,0,,Y,109495,11,Front to Rear,21,CLEAR,1,DAYLIGHT,12,MOTOR VEHICLE IN TRANSPORT,MM 82 1 I 65,NASHVILLE,TN,37203,80061,MIDTOW,36.1449,-86.777,POINT (-86.777 36.1449)
20190148302,02/23/2019 06:50:00 PM,1,0,0,,N,161946,0,NOT COLLISION W/MOTOR VEHICLE-TRANSPORT,2,RAIN,3,DARK - LIGHTED,24,GUARDRAIL FACE,DICKERSON PKE & I65 N EXT RAMP,NASHVILLE,TN,37216,1805,EAST,36.2366,-86.7581,POINT (-86.7581 36.2366)
20190469001,06/20/2019 05:50:00 PM,2,0,0,,N,405418,4,ANGLE,21,CLEAR,1,DAYLIGHT,12,MOTOR VEHICLE IN TRANSPORT,CRESTRIDGE DR & CALDWELL LN,NASHVILLE,TN,37204,7017,MIDTOW,36.1044,-86.7768,POINT (-86.7768 36.1044)
20190431558,06/06/2019 01:06:00 PM,2,1,0,,N,716886,11,Front to Rear,21,CLEAR,1,DAYLIGHT,12,MOTOR VEHICLE IN TRANSPORT,MURFREESBORO PKE & OLD MURFREESBORO PKE,NASHVILLE,TN,37217,8849,SOUTH,36.1046,-86.6694,POINT (-86.6694 36.1046)
20190416016,05/31/2019 11:48:00 AM,4,2,0,,N,267831,11,Front to Rear,21,CLEAR,1,DAYLIGHT,12,MOTOR VEHICLE IN TRANSPORT,WHITE BRIDGE PKE & KNOB RD,NASHVILLE,TN,37209,5105,WEST,36.1384,-86.8576,POINT (-86.8576 36.1384)
20190351088,05/07/2019 04:45:00 PM,2,0,0,,N,420040,5,SIDESWIPE - SAME DIRECTION,21,CLEAR,1,DAYLIGHT,12,MOTOR VEHICLE IN TRANSPORT,17TH AVS & MCGAVOCK ST,NASHVILLE,TN,37203,5703,MIDTOW,36.1527,-86.7935,POINT (-86.7935 36.1527)
20190332582,04/30/2019 05:09:00 PM,2,0,0,,Y,256426,4,ANGLE,21,CLEAR,1,DAYLIGHT,12,MOTOR VEHICLE IN TRANSPORT,MURFREESBORO PKE & ARLINGTON AV,NASHVILLE,TN,37210,8159,SOUTH,36.1399,-86.7354,POINT (-86.7354 36.1399)
20190520263,07/11/2019 04:24:00 PM,2,0,0,,N,267831,98,OTHER,21,CLEAR,1,DAYLIGHT,12,MOTOR VEHICLE IN TRANSPORT,WOODMONT BLVD & HILLSBORO PKE,NASHVILLE,TN,37215,6105,WEST,36.114,-86.8109,POINT (-86.8109 36.114)
20190316066,04/24/2019 10:14:00 AM,2,1,0,,N,755026,4,ANGLE,21,CLEAR,1,DAYLIGHT,12,MOTOR VEHICLE IN TRANSPORT,MURFREESBORO PKE & MILL CREEK RD,NASHVILLE,TN,37211,8803,SOUTH,36.1288,-86.7138,POINT (-86.7138 36.1288)
20190393536,05/23/2019 07:02:00 AM,2,1,0,,N,226136,2,HEAD-ON,22,CLOUDY,1,DAYLIGHT,12,MOTOR VEHICLE IN TRANSPORT,OLD HICKORY BLVD & NOLENSVILLE PKE,ANTIOCH,TN,37013,8757,SOUTH,36.0455,-86.7122,POINT (-86.7122 36.0455)
20190369629,05/14/2019 06:45:00 PM,2,1,0,,N,256389,11,Front to Rear,21,CLEAR,1,DAYLIGHT,12,MOTOR VEHICLE IN TRANSPORT,MM 78 8 I 65,NASHVILLE,TN,37204,7002,MIDTOW,36.0971,-86.7634,POINT (-86.7634 36.0971)
20190300119,04/18/2019 08:06:00 PM,2,0,0,,N,197070,5,SIDESWIPE - SAME DIRECTION,21,CLEAR,1,DAYLIGHT,12,MOTOR VEHICLE IN TRANSPORT,ROSA L PARKS BLVD & TAYLOR ST,NASHVILLE,TN,37208,4323,NORTH,36.1769,-86.7938,POINT (-86.7938 36.1769)
20190245341,03/30/2019 01:30:00 AM,3,1,0,,Y,320591,98,OTHER,21,CLEAR,2,DARK - NOT LIGHTED,12,MOTOR VEHICLE IN TRANSPORT,MM 58 2 I 24,ANTIOCH,TN,37013,87060,SOUTH,36.0564,-86.6761,POINT (-86.6761 36.0564)