Accident Number,Date and Time,Number of Motor Vehicles,Number of Injuries,Number of Fatalities,Property Damage,Hit and Run,Reporting Officer,Collision Type Code,Collision Type Description,Weather Code,Weather Description,Illumination Code,Illumination Description,Harmful Code,Harmful Code Description,Street Address,City,State,ZIP,RPA,Precinct,Latitude,Longitude,Mapped Location
20190210243,03/18/2019 11:59:00 AM,2,0,0,,N,226136,11,Front to Rear,21,CLEAR,1,DAYLIGHT,12,MOTOR VEHICLE IN TRANSPORT,WOODMONT BLVD & MCNAIRY LN,NASHVILLE,TN,37204,7009,MIDTOW,36.1104,-86.7828,POINT (-86.7828 36.1104)
20190494251,06/30/2019 10:40:00 PM,2,0,0,,N,311340,4,ANGLE,21,CLEAR,3,DARK - LIGHTED,13,MOTOR VEHICLE IN TRANSPORT-OTHER ROADWAY,LYLE AV & BROADWAY,NASHVILLE,TN,37203,5711,MIDTOW,36.1503,-86.7973,POINT (-86.7973 36.1503)
20190253475,04/02/2019 09:22:00 AM,2,0,0,,N,226622,4,ANGLE,21,CLEAR,1,DAYLIGHT,12,MOTOR VEHICLE IN TRANSPORT,MM 204 7 I 40,NASHVILLE,TN,37209,45021,WEST,36.1539,-86.8441,POINT (-86.8441 36.1539)
20190441776,06/10/2019 06:01:00 PM,2,0,0,,N,151132,11,Front to Rear,21,CLEAR,1,DAYLIGHT,12,MOTOR VEHICLE IN TRANSPORT,GALLATIN PKEN & RIVERGATE MARKETPLACE PV,MADISON,TN,37115,1731,MADISO,36.3044,-86.6895,POINT (-86.6895 36.3044)
20190324620,04/27/2019 11:21:00 AM,2,0,0,,N,212325,11,Front to Rear,21,CLEAR,1,DAYLIGHT,12,MOTOR VEHICLE IN TRANSPORT,GALLATIN PKES & E PALESTINE AV,MADISON,TN,37115,1507,MADISO,36.2491,-86.7196,POINT (-86.7196 36.2491)
20190155089,02/26/2019 12:00:00 AM,1,0,0,Y,Y,226306,0,NOT COLLISION W/MOTOR VEHICLE-TRANSPORT,21,CLEAR,9,UNKNOWN,40,MAIL BOX,SETTLERS WAY & BEAUTIFUL VALLEY DR,NASHVILLE,TN,37221,4713,WEST,36.0803,-87.0131,POINT (-87.0131 36.0803)
20190365516,05/13/2019 09:20:00 AM,2,0,0,,N,320574,5,SIDESWIPE - SAME DIRECTION,21,CLEAR,1,DAYLIGHT,12,MOTOR VEHICLE IN TRANSPORT,MCGAVOCK PKE EB ENT RAMP & BRILEY PKWYS,NASHVILLE,TN,37214,92840,HERMIT,36.2168,-86.6927,POINT (-86.6927 36.2168)
20190435179,06/07/2019 09:00:00 PM,2,0,0,,Y,206675,11,Front to Rear,21,CLEAR,3,DARK - LIGHTED,12,MOTOR VEHICLE IN TRANSPORT,STONE BROOK DR & OLD HICKORY BLVD,BRENTWOOD,TN,37027,8623,MIDTOW,36.0409,-86.7794,POINT (-86.7794 36.0409)
20190019698,01/08/2019 05:21:00 PM,2,0,0,,N,279124,0,NOT COLLISION W/MOTOR VEHICLE-TRANSPORT,21,CLEAR,3,DARK - LIGHTED,18,OTHER OBJECT (NOT FIXED),NOLENSVILLE PKE & ELGIN ST,NASHVILLE,TN,37211,8427,SOUTH,36.1001,-86.7397,POINT (-86.7397 36.1001)
20190278179,04/11/2019 07:45:00 AM,2,2,0,,N,799013,4,ANGLE,21,CLEAR,1,DAYLIGHT,12,MOTOR VEHICLE IN TRANSPORT,LEBANON PKE & DOWNEYMEADE DR,NASHVILLE,TN,37214,9403,HERMIT,36.1821,-86.6412,POINT (-86.6412 36.1821)
20190465779,06/19/2019 05:50:00 PM,3,1,0,,N,352167,11,Front to Rear,22,CLOUDY,1,DAYLIGHT,12,MOTOR VEHICLE IN TRANSPORT,2ND AVS & PEABODY ST,NASHVILLE,TN,37201,4047,CENTRA,36.1568,-86.7719,POINT (-86.7719 36.1568)
20190412874,05/30/2019 11:29:00 AM,2,0,0,,N,226622,4,ANGLE,2,RAIN,1,DAYLIGHT,12,MOTOR VEHICLE IN TRANSPORT,HIGHWAY 70S & COLEY DAVIS RD,NASHVILLE,TN,37221,4811,WEST,36.0796,-86.9536,POINT (-86.9536 36.0796)
20190551896,07/24/2019 09:22:00 AM,2,0,0,,N,591936,11,Front to Rear,21,CLEAR,1,DAYLIGHT,14,PARKED MOTOR VEHICLE,BRADFORD AV & 8TH AVS,NASHVILLE,TN,37204,6945,MIDTOW,36.1286,-86.7778,POINT (-86.7778 36.1286)
20190210985,03/18/2019 12:00:00 AM,2,0,0,,N,279200,11,Front to Rear,21,CLEAR,1,DAYLIGHT,12,MOTOR VEHICLE IN TRANSPORT,MM 209 5 I 40,NASHVILLE,TN,37203,40040,CENTRA,36.1502,-86.7844,POINT (-86.7844 36.1502)
20190375069,05/16/2019 12:58:00 PM,2,0,0,,N,834798,5,SIDESWIPE - SAME DIRECTION,21,CLEAR,1,DAYLIGHT,12,MOTOR VEHICLE IN TRANSPORT,4TH AVS & CHESTNUT ST,NASHVILLE,TN,37210,8169,SOUTH,36.1449,-86.7667,POINT (-86.7667 36.1449)
20190457139,06/16/2019 12:00:00 AM,2,0,0,,Y,633381,4,ANGLE,21,CLEAR,1,DAYLIGHT,14,PARKED MOTOR VEHICLE,CEDARVIEW DR & CEDARMONT CIR,ANTIOCH,TN,37013,8757,SOUTH,36.0418,-86.7092,POINT (-86.7092 36.0418)
20190326928,04/28/2019 04:09:00 PM,3,3,0,,N,212315,11,Front to Rear,21,CLEAR,1,DAYLIGHT,12,MOTOR VEHICLE IN TRANSPORT,MM 49 3 I 24,NASHVILLE,TN,37206,10040,EAST,36.1629,-86.7614,POINT (-86.7614 36.1629)
20190200500,03/14/2019 02:46:00 PM,2,0,0,,N,151132,0,NOT COLLISION W/MOTOR VEHICLE-TRANSPORT,2,RAIN,1,DAYLIGHT,12;14;36,MOTOR VEHICLE IN TRANSPORT;PARKED MOTOR VEHICLE;CONCRETE TRAFFIC BARRIER,BRILEY PKWYW & MOOREWOOD DR,NASHVILLE,TN,37207,20141,MADISO,36.2398,-86.773,POINT (-86.773 36.2398)
20190113596,02/11/2019 06:35:00 PM,1,1,0,,Y,690942,0,NOT COLLISION W/MOTOR VEHICLE-TRANSPORT,21,CLEAR,3,DARK - LIGHTED,8,PEDESTRIAN,12TH AVS & MCGAVOCK ST,NASHVILLE,TN,37203,4079,CENTRA,36.1556,-86.7868,POINT (-86.7868 36.1556)
20190414380,05/30/2019 09:50:00 PM,4,2,0,,Y,330415,11,Front to Rear,21,CLEAR,3,DARK - LIGHTED,12,MOTOR VEHICLE IN TRANSPORT,700 BROADWAY,NASHVILLE,TN,37203,4113,CENTRA,36.1596,-86.782,POINT (-86.782 36.1596)
20190263224,04/05/2019 05:25:00 PM,2,0,0,,N,169425,4,ANGLE,22,CLOUDY,1,DAYLIGHT,12,MOTOR VEHICLE IN TRANSPORT,14TH AVS & BROADWAY,NASHVILLE,TN,37203,5701,MIDTOW,36.1557,-86.7897,POINT (-86.7897 36.1557)
20190005993,01/03/2019 08:15:00 AM,2,0,0,,N,594473,11,Front to Rear,22,CLOUDY,1,DAYLIGHT,12,MOTOR VEHICLE IN TRANSPORT,OLD HICKORY BLVD & FRANKLIN PKE,NASHVILLE,TN,37220,7111,MIDTOW,36.0374,-86.7864,POINT (-86.7864 36.0374)
20190388700,05/21/2019 05:00:00 PM,3,2,0,,Y,330413,11,Front to Rear,21,CLEAR,1,DAYLIGHT,12,MOTOR VEHICLE IN TRANSPORT,MM 79 8 I 65,NASHVILLE,TN,37204,7004,MIDTOW,36.1111,-86.7715,POINT (-86.7715 36.1111)
20190378534,05/17/2019 03:53:00 PM,2,0,0,,N,256380,4,ANGLE,21,CLEAR,1,DAYLIGHT,12,MOTOR VEHICLE IN TRANSPORT,W TRINITY LN & BRICK CHURCH PKE,NASHVILLE,TN,37207,3003,NORTH,36.2066,-86.7779,POINT (-86.7779 36.2066)
20190027739,01/11/2019 01:50:00 PM,2,0,0,,N,676834,4,ANGLE,22,CLOUDY,1,DAYLIGHT,12,MOTOR VEHICLE IN TRANSPORT,TAYLOR ST & ROSA L PARKS BLVD,NASHVILLE,TN,37208,4323,NORTH,36.1771,-86.7933,POINT (-86.7933 36.1771)
20190535151,07/17/2019 06:10:00 PM,2,3,0,,N,151132,4,ANGLE,21,CLEAR,1,DAYLIGHT,12,MOTOR VEHICLE IN TRANSPORT,ONE MILE PKWY & CONNARE DR,MADISON,TN,37115,1759,MADISO,36.2801,-86.7137,POINT (-86.7137 36.2801)
20190257601,04/03/2019 04:43:00 PM,2,0,0,,N,256426,11,Front to Rear,21,CLEAR,1,DAYLIGHT,12,MOTOR VEHICLE IN TRANSPORT,MM 213 0 I 40,NASHVILLE,TN,37210,8219,HERMIT,36.1407,-86.7323,POINT (-86.7323 36.1407)
20190125504,02/15/2019 12:26:00 PM,2,0,0,,Y,109534,11,Front to Rear,22,CLOUDY,1,DAYLIGHT,12;99,MOTOR VEHICLE IN TRANSPORT;UNKNOWN MOST HARMFUL EVENT,LEBANON PKE & ANDREW JACKSON PKWY,HERMITAGE,TN,37076,9537,HERMIT,36.2151,-86.5962,POINT (-86.5962 36.2151)
20190549525,07/23/2019 01:10:00 PM,2,0,0,,N,716886,11,Front to Rear,21,CLEAR,1,DAYLIGHT,12,MOTOR VEHICLE IN TRANSPORT,NOLENSVILLE RD & OLD BURKITT RD,ANTIOCH,TN,37013,8767,SOUTH,35.9939,-86.686,POINT (-86.686 35.9939)
20190217688,03/20/2019 05:19:00 PM,2,1,0,,N,580819,11,Front to Rear,21,CLEAR,1,DAYLIGHT,12,MOTOR VEHICLE IN TRANSPORT,6TH AVS & LAFAYETTE ST,NASHVILLE,TN,37203,4027,CENTRA,36.1521,-86.7749,POINT (-86.7749 36.1521)
20190534395,07/17/2019 12:12:00 PM,2,0,0,,N,462474,11,Front to Rear,22,CLOUDY,1,DAYLIGHT,12,MOTOR VEHICLE IN TRANSPORT,OLD HICKORY BLVD & HICKORY PLZ,NASHVILLE,TN,37211,8651,MIDTOW,36.0452,-86.7159,POINT (-86.7159 36.0452)
20190418774,06/01/2019 03:13:00 PM,1,1,0,,Y,633391,0,NOT COLLISION W/MOTOR VEHICLE-TRANSPORT,21,CLEAR,1,DAYLIGHT,9,,VINE CT & HARDING PKE,NASHVILLE,TN,37205,6019,WEST,36.1297,-86.8396,POINT (-86.8396 36.1297)
20190122532,02/14/2019 11:59:00 AM,2,0,0,,Y,676834,4,ANGLE,22,CLOUDY,1,DAYLIGHT,12,MOTOR VEHICLE IN TRANSPORT,VANTAGE WAY CT & VANTAGE WAY,NASHVILLE,TN,37228,4499,NORTH,36.191,-86.799,POINT (-86.799 36.191)
20190384846,05/20/2019 11:23:00 AM,2,1,0,,Y,226136,11,Front to Rear,22,CLOUDY,1,DAYLIGHT,12,MOTOR VEHICLE IN TRANSPORT,I65 N EXT RAMP & SIDCO DR,NASHVILLE,TN,37220,8601,MIDTOW,36.082,-86.7617,POINT (-86.7617 36.082)
20190102989,02/07/2019 12:07:00 PM,2,0,0,,Y,267831,11,Front to Rear,21,CLEAR,1,DAYLIGHT,12,MOTOR VEHICLE IN TRANSPORT,CHARLOTTE PKE & WESTBORO DR,NASHVILLE,TN,37209,5027,WEST,36.1459,-86.871,POINT (-86.871 36.1459)
20190205332,03/16/2019 08:54:00 AM,3,0,0,,N,212325,11,Front to Rear,21,CLEAR,1,DAYLIGHT,12,MOTOR VEHICLE IN TRANSPORT,STATE RT 45 & GALLATIN PKEN,MADISON,TN,37115,1701,MADISO,36.2631,-86.7119,POINT (-86.7119 36.2631)
20190555627,07/25/2019 05:38:00 PM,2,0,0,,N,256380,11,Front to Rear,21,CLEAR,1,DAYLIGHT,12,MOTOR VEHICLE IN TRANSPORT,CLARKSVILLE PKE & NORTH GATE SHOPPING CT,NASHVILLE,TN,37218,3163,NORTH,36.2004,-86.8392,POINT (-86.8392 36.2004)
20190257638,04/03/2019 05:06:00 PM,2,1,0,,N,256426,4,ANGLE,21,CLEAR,1,DAYLIGHT,12,MOTOR VEHICLE IN TRANSPORT,GREEN ST & FAIRFIELD AV,NASHVILLE,TN,37210,8207,HERMIT,36.1528,-86.757,POINT (-86.757 36.1528)
20190020037,01/08/2019 06:42:00 PM,2,0,0,,N,206675,4,ANGLE,21,CLEAR,3,DARK - LIGHTED,12,MOTOR VEHICLE IN TRANSPORT,NOLENSVILLE PKE & ALLIED DR,NASHVILLE,TN,37211,8511,MIDTOW,36.0962,-86.7377,POINT (-86.7377 36.0962)
20190276576,04/10/2019 06:04:00 PM,2,0,0,,N,151132,2,HEAD-ON,21,CLEAR,1,DAYLIGHT,12,MOTOR VEHICLE IN TRANSPORT,NEELYS BEND RD & ARGLE AV,MADISON,TN,37115,1605,MADISO,36.256,-86.7123,POINT (-86.7123 36.256)
20190260132,04/04/2019 02:27:00 PM,2,1,0,,N,109534,5,SIDESWIPE - SAME DIRECTION,21,CLEAR,1,DAYLIGHT,12,MOTOR VEHICLE IN TRANSPORT,MM 221 3 I 40,HERMITAGE,TN,37076,95020,HERMIT,36.1701,-86.5928,POINT (-86.5928 36.1701)
20190371617,05/15/2019 09:34:00 AM,2,0,0,,N,279206,11,Front to Rear,2,RAIN,1,DAYLIGHT,12,MOTOR VEHICLE IN TRANSPORT,MM 212 1 I 40,NASHVILLE,TN,37210,90041,HERMIT,36.1463,-86.7422,POINT (-86.7422 36.1463)
20190319674,04/25/2019 02:30:00 PM,2,2,0,,N,571313,4,ANGLE,22,CLOUDY,1,DAYLIGHT,12,MOTOR VEHICLE IN TRANSPORT,MM 78 6 I 65,NASHVILLE,TN,37204,7002,MIDTOW,36.0936,-86.7628,POINT (-86.7628 36.0936)
20190501875,07/03/2019 02:50:00 PM,2,0,0,,N,279214,11,Front to Rear,2,RAIN,1,DAYLIGHT,12,MOTOR VEHICLE IN TRANSPORT,I65 N ENT RAMP & I 65,NASHVILLE,TN,37207,1829,EAST,36.209,-86.7759,POINT (-86.7759 36.209)
20190055979,01/22/2019 08:28:00 AM,4,2,0,,N,375570,11,Front to Rear,21,CLEAR,1,DAYLIGHT,12,MOTOR VEHICLE IN TRANSPORT,MM 91 0 I 65,MADISON,TN,37115,20044,MADISO,36.2478,-86.7432,POINT (-86.7432 36.2478)
20190387720,05/21/2019 10:35:00 AM,2,2,0,,N,716886,4,ANGLE,21,CLEAR,1,DAYLIGHT,12,MOTOR VEHICLE IN TRANSPORT,BELL RD & HICKORY HOLLOW PKWY,ANTIOCH,TN,37013,8863,SOUTH,36.0896,-86.6884,POINT (-86.6884 36.0896)
20190123055,02/14/2019 04:20:00 PM,2,1,0,,N,299253,11,Front to Rear,22,CLOUDY,1,DAYLIGHT,12,MOTOR VEHICLE IN TRANSPORT,DICKERSON PKE & GATEWOOD AV,NASHVILLE,TN,37207,1861,EAST,36.2009,-86.7697,POINT (-86.7697 36.2009)
20190438270,06/09/2019 06:40:00 AM,1,0,0,,N,481573,0,NOT COLLISION W/MOTOR VEHICLE-TRANSPORT,22,CLOUDY,4,DAWN,47,FIRE HYDRANT,MUSIC CIRE & I40 E ENT RAMP,NASHVILLE,TN,37203,6721,MIDTOW,36.1526,-86.7884,POINT (-86.7884 36.1526)
20190394561,05/23/2019 02:39:00 PM,1,1,0,,N,716886,0,NOT COLLISION W/MOTOR VEHICLE-TRANSPORT,21,CLEAR,1,DAYLIGHT,1;33;34,CURB;DITCH,LOGISTICS WAY & OLD HICKORY BLVD,ANTIOCH,TN,37013,8869,SOUTH,36.0326,-86.6119,POINT (-86.6119 36.0326)
20190459495,06/17/2019 11:28:00 AM,2,0,0,,N,320575,11,Front to Rear,21,CLEAR,1,DAYLIGHT,12,MOTOR VEHICLE IN TRANSPORT,MM 57 8 I 24,ANTIOCH,TN,37013,87060,SOUTH,36.06,-86.6798,POINT (-86.6798 36.06)
20190407151,05/28/2019 12:24:00 PM,2,0,0,,Y,716886,4,ANGLE,21,CLEAR,1,DAYLIGHT,14,PARKED MOTOR VEHICLE,BELL FORGE LNE & MT VIEW RD,ANTIOCH,TN,37013,8865,SOUTH,36.0472,-86.6477,POINT (-86.6477 36.0472)
20190450502,06/13/2019 04:05:00 PM,2,0,0,,N,320580,5,SIDESWIPE - SAME DIRECTION,21,CLEAR,1,DAYLIGHT,12,MOTOR VEHICLE IN TRANSPORT,MM 218 0 I 40,NASHVILLE,TN,37217,89020,HERMIT,36.1413,-86.667,POINT (-86.667 36.1413)
20190291900,04/16/2019 11:05:00 AM,2,0,0,,N,352204,11,Front to Rear,21,CLEAR,1,DAYLIGHT,12,MOTOR VEHICLE IN TRANSPORT,NOLENSVILLE PKE & I440 E EXT RAMP,NASHVILLE,TN,37210,8321,SOUTH,36.1216,-86.7505,POINT (-86.7505 36.1216)
20190464679,06/19/2019 09:32:00 AM,2,0,0,,N,191578,5,SIDESWIPE - SAME DIRECTION,22,CLOUDY,1,DAYLIGHT,12,MOTOR VEHICLE IN TRANSPORT,MM 214 1 I 40,NASHVILLE,TN,37210,90062,HERMIT,36.142,-86.7124,POINT (-86.7124 36.142)
20190388099,05/21/2019 11:59:00 AM,2,0,0,,N,320601,11,Front to Rear,21,CLEAR,1,DAYLIGHT,12,MOTOR VEHICLE IN TRANSPORT,I24 E ENT RAMP & I 24,NASHVILLE,TN,37213,1007,CENTRA,36.1662,-86.7659,POINT (-86.7659 36.1662)
20190185025,03/08/2019 05:36:00 PM,2,0,0,,Y,876597,5,SIDESWIPE - SAME DIRECTION,2,RAIN,3,DARK - LIGHTED,12,MOTOR VEHICLE IN TRANSPORT,OAKWOOD FOREST DR & OAK BARREL LN,ANTIOCH,TN,37013,8891,SOUTH,36.0776,-86.6567,POINT (-86.6567 36.0776)
20190025385,01/10/2019 03:24:00 PM,2,1,0,,N,206675,4,ANGLE,21,CLEAR,1,DAYLIGHT,12,MOTOR VEHICLE IN TRANSPORT,FRANKLIN PKE & S CURTISWOOD LN,NASHVILLE,TN,37204,7027,MIDTOW,36.0881,-86.7718,POINT (-86.7718 36.0881)
20190319665,04/25/2019 02:23:00 PM,2,0,0,,N,151132,11,Front to Rear,22,CLOUDY,1,DAYLIGHT,12,MOTOR VEHICLE IN TRANSPORT,GALLATIN PKEN & SHAKESPEARE AV,MADISON,TN,37115,1757,MADISO,36.286,-86.7058,POINT (-86.7058 36.286)
20190473735,06/22/2019 05:15:00 PM,2,1,0,,N,887598,2,HEAD-ON,2,RAIN,1,DAYLIGHT,12,MOTOR VEHICLE IN TRANSPORT,LICKTON PKE & CLAY LICK CT,WHITES CREEK,TN,37189,2105,MADISO,36.3008,-86.8103,POINT (-86.8103 36.3008)
20190085746,02/01/2019 07:20:00 AM,2,0,0,,N,109534,11,Front to Rear,22,CLOUDY,1,DAYLIGHT,12,MOTOR VEHICLE IN TRANSPORT,SMITH SPRINGS RD & BELL RD,NASHVILLE,TN,37217,8965,HERMIT,36.0903,-86.6265,POINT (-86.6265 36.0903)
20190238041,03/27/2019 02:20:00 PM,3,0,0,,N,206675,4,ANGLE,21,CLEAR,1,DAYLIGHT,12,MOTOR VEHICLE IN TRANSPORT,CHET ATKINS PL & MUSIC SQW,NASHVILLE,TN,37212,6713,MIDTOW,36.1485,-86.7935,POINT (-86.7935 36.1485)
20190283938,04/13/2019 10:03:00 AM,2,0,0,,N,429188,11,Front to Rear,21,CLEAR,1,DAYLIGHT,12,MOTOR VEHICLE IN TRANSPORT,TUSCULUM RD & COLERIDGE DR,NASHVILLE,TN,37211,8717,SOUTH,36.0548,-86.6942,POINT (-86.6942 36.0548)
20190221154,03/21/2019 12:00:00 AM,2,0,0,,N,298877,5,SIDESWIPE - SAME DIRECTION,21,CLEAR,1,DAYLIGHT,12,MOTOR VEHICLE IN TRANSPORT,MURFREESBORO PKE & DONELSON PKE,NASHVILLE,TN,37217,8841,SOUTH,36.1062,-86.6731,POINT (-86.6731 36.1062)
20190446943,06/12/2019 01:28:00 PM,2,1,0,,N,462474,11,Front to Rear,22,CLOUDY,1,DAYLIGHT,12,MOTOR VEHICLE IN TRANSPORT,MM 6 1 I 440,NASHVILLE,TN,37211,8106,MIDTOW,36.1221,-86.7542,POINT (-86.7542 36.1221)
20190127030,02/16/2019 01:45:00 AM,2,0,0,,N,311800,5,SIDESWIPE - SAME DIRECTION,2,RAIN,3,DARK - LIGHTED,12,MOTOR VEHICLE IN TRANSPORT,4TH AVS & I40 W ENT RAMP,NASHVILLE,TN,37203,4007,CENTRA,36.1509,-86.7707,POINT (-86.7707 36.1509)
20190225316,03/23/2019 02:24:00 AM,2,0,0,,Y,279216,3,REAR-TO-REAR,21,CLEAR,3,DARK - LIGHTED,55,Motor Vehicle-In-Motion Outside Trafficw,FERN AV & BRICK CHURCH PKE,NASHVILLE,TN,37207,3003,NORTH,36.1956,-86.7764,POINT (-86.7764 36.1956)
20190014034,01/06/2019 02:45:00 PM,2,0,0,,N,420040,11,Front to Rear,21,CLEAR,1,DAYLIGHT,12,MOTOR VEHICLE IN TRANSPORT,MM 1 7 I 440,NASHVILLE,TN,37209,5312,NORTH,36.1536,-86.8226,POINT (-86.8226 36.1536)
20190158682,02/27/2019 12:52:00 PM,2,0,0,,N,109534,5,SIDESWIPE - SAME DIRECTION,21,CLEAR,1,DAYLIGHT,12,MOTOR VEHICLE IN TRANSPORT,LEBANON PKE & DONELSON PKE,NASHVILLE,TN,37214,9311,HERMIT,36.1676,-86.6633,POINT (-86.6633 36.1676)
20190411421,05/29/2019 10:32:00 PM,2,0,0,,Y,212315,11,Front to Rear,21,CLEAR,3,DARK - LIGHTED,12,MOTOR VEHICLE IN TRANSPORT,KOREAN VETERANS BLVD & 1ST AVS,NASHVILLE,TN,37201,4047,CENTRA,36.1583,-86.7719,POINT (-86.7719 36.1583)
20190477606,06/24/2019 04:00:00 PM,2,0,0,,N,433550,11,Front to Rear,21,CLEAR,1,DAYLIGHT,12,MOTOR VEHICLE IN TRANSPORT,LEBANON PKE & BELINDA DR,HERMITAGE,TN,37076,9719,HERMIT,36.2042,-86.6151,POINT (-86.6151 36.2042)
20190236739,03/27/2019 05:40:00 AM,1,0,0,,N,229888,0,NOT COLLISION W/MOTOR VEHICLE-TRANSPORT,21,CLEAR,4,DAWN,18,OTHER OBJECT (NOT FIXED),MM 49 4 I 24,NASHVILLE,TN,37206,10040,EAST,36.1613,-86.7604,POINT (-86.7604 36.1613)
20190171715,03/04/2019 02:55:00 PM,2,0,0,,N,717341,11,Front to Rear,21,CLEAR,1,DAYLIGHT,12,MOTOR VEHICLE IN TRANSPORT,MM 57 3 I 24,ANTIOCH,TN,37013,88080,SOUTH,36.0663,-86.6861,POINT (-86.6861 36.0663)
20190459975,06/17/2019 03:31:00 PM,2,0,0,,N,240957,11,Front to Rear,22,CLOUDY,1,DAYLIGHT,12,MOTOR VEHICLE IN TRANSPORT,OLD HICKORY BLVD & HILLVIEW DR,NASHVILLE,TN,37220,7111,MIDTOW,36.0376,-86.7933,POINT (-86.7933 36.0376)
20190035983,01/14/2019 08:50:00 PM,2,0,0,,Y,298860,11,Front to Rear,21,CLEAR,2,DARK - NOT LIGHTED,12,MOTOR VEHICLE IN TRANSPORT,OLD HICKORY BLVD & OLD LEBANON DIRT RD,HERMITAGE,TN,37076,9531,HERMIT,36.1911,-86.6155,POINT (-86.6155 36.1911)
20190558014,07/26/2019 04:15:00 PM,3,0,0,,N,169425,4,ANGLE,21,CLEAR,1,DAYLIGHT,12,MOTOR VEHICLE IN TRANSPORT,OLD HICKORY BLVD & BRENTWOOD TRC,BRENTWOOD,TN,37027,8623,MIDTOW,36.0411,-86.7762,POINT (-86.7762 36.0411)
20190378682,05/17/2019 04:53:00 PM,2,0,0,,N,151132,4,ANGLE,21,CLEAR,1,DAYLIGHT,12,MOTOR VEHICLE IN TRANSPORT,OLD HICKORY BLVDW & DOUGLAS ST,MADISON,TN,37115,1771,MADISO,36.2633,-86.7146,POINT (-86.7146 36.2633)
20190334987,05/01/2019 11:38:00 AM,2,0,0,,Y,716886,16,Rear to Side,21,CLEAR,1,DAYLIGHT,14,PARKED MOTOR VEHICLE,HARDING PL & HARDING INDUSTRIAL DR,NASHVILLE,TN,37211,8847,SOUTH,36.0898,-86.6882,POINT (-86.6882 36.0898)
20190267758,04/06/2019 10:15:00 PM,1,0,0,,N,256412,0,NOT COLLISION W/MOTOR VEHICLE-TRANSPORT,21,CLEAR,7,Dark-Unknown Lighting,36,CONCRETE TRAFFIC BARRIER,I24 E EXT RAMP & I 24,NASHVILLE,TN,37207,30080,NORTH,36.2378,-86.7872,POINT (-86.7872 36.2378)
20190072525,01/28/2019 07:40:00 AM,3,0,0,,Y,226092,11,Front to Rear,21,CLEAR,1,DAYLIGHT,12,MOTOR VEHICLE IN TRANSPORT,MM 207 2 I 40,NASHVILLE,TN,37208,54020,NORTH,36.1698,-86.8089,POINT (-86.8089 36.1698)
20190108236,02/09/2019 11:28:00 AM,2,0,0,,N,299257,11,Front to Rear,21,CLEAR,1,DAYLIGHT,12,MOTOR VEHICLE IN TRANSPORT,MM 3 8 I 440,NASHVILLE,TN,37212,6502,MIDTOW,36.1163,-86.7919,POINT (-86.7919 36.1163)
20190315865,04/24/2019 08:45:00 AM,2,0,0,,Y,222047,11,Front to Rear,21,CLEAR,1,DAYLIGHT,12,MOTOR VEHICLE IN TRANSPORT,BELL RD & STEWARTS FERRY PKE,NASHVILLE,TN,37214,8959,HERMIT,36.1522,-86.6251,POINT (-86.6251 36.1522)
20190514489,07/09/2019 01:10:00 PM,2,0,0,,Y,676834,4,ANGLE,21,CLEAR,1,DAYLIGHT,12,MOTOR VEHICLE IN TRANSPORT,CLARKSVILLE PKE & 25TH AVN,NASHVILLE,TN,37208,4419,NORTH,36.1855,-86.8172,POINT (-86.8172 36.1855)
20190437403,06/08/2019 09:20:00 PM,2,0,0,,N,433550,6,SIDESWIPE - OPPOSITE DIRECTION,21,CLEAR,3,DARK - LIGHTED,13,MOTOR VEHICLE IN TRANSPORT-OTHER ROADWAY,LEBANON PKE & ANDREW JACKSON PKWY,HERMITAGE,TN,37076,9537,HERMIT,36.2151,-86.5962,POINT (-86.5962 36.2151)
20190263739,04/05/2019 08:00:00 PM,2,0,0,,Y,311332,9,UNKNOWN,21,CLEAR,3,DARK - LIGHTED,14,PARKED MOTOR VEHICLE,COLEY DAVIS RD & POPLAR RIDGE DR,NASHVILLE,TN,37221,4811,WEST,36.0746,-86.9807,POINT (-86.9807 36.0746)
20190329658,04/29/2019 05:29:00 PM,1,1,0,,N,256383,0,NOT COLLISION W/MOTOR VEHICLE-TRANSPORT,21,CLEAR,1,DAYLIGHT,9,,OLD HICKORY BLVD & OWEN DR,ANTIOCH,TN,37013,8869,SOUTH,36.0183,-86.6196,POINT (-86.6196 36.0183)
20190102416,02/07/2019 07:30:00 AM,2,0,0,,N,429188,5,SIDESWIPE - SAME DIRECTION,22,CLOUDY,1,DAYLIGHT,12,MOTOR VEHICLE IN TRANSPORT,HAYWOOD LN & FAULKNER DR,NASHVILLE,TN,37211,8703,SOUTH,36.0682,-86.7107,POINT (-86.7107 36.0682)
20190016987,01/07/2019 05:25:00 PM,2,1,0,,N,279124,11,Front to Rear,21,CLEAR,3,DARK - LIGHTED,12,MOTOR VEHICLE IN TRANSPORT,BRILEY PKWYN & BRILEY PKWYS,NASHVILLE,TN,37211,8404,SOUTH,36.1092,-86.727,POINT (-86.727 36.1092)
20190313105,04/23/2019 02:00:00 PM,2,0,0,,N,224437,5,SIDESWIPE - SAME DIRECTION,21,CLEAR,1,DAYLIGHT,12,MOTOR VEHICLE IN TRANSPORT,1400 MURFREESBORO PKE,NASHVILLE,TN,37217,8951,HERMIT,36.1151,-86.6943,POINT (-86.6943 36.1151)
20190130209,02/17/2019 02:52:00 PM,3,0,0,,N,311332,5,SIDESWIPE - SAME DIRECTION,2,RAIN,1,DAYLIGHT,12,MOTOR VEHICLE IN TRANSPORT,CHARLOTTE PKE & WHITE BRIDGE PKE,NASHVILLE,TN,37209,5033,WEST,36.15,-86.8584,POINT (-86.8584 36.15)