Accident Number,Date and Time,Number of Motor Vehicles,Number of Injuries,Number of Fatalities,Property Damage,Hit and Run,Reporting Officer,Collision Type Code,Collision Type Description,Weather Code,Weather Description,Illumination Code,Illumination Description,Harmful Code,Harmful Code Description,Street Address,City,State,ZIP,RPA,Precinct,Latitude,Longitude,Mapped Location
20190214654,03/19/2019 07:31:00 PM,2,0,0,,N,179606,11,Front to Rear,21,CLEAR,3,DARK - LIGHTED,12,MOTOR VEHICLE IN TRANSPORT,I440 E ENT RAMP & I 440,NASHVILLE,TN,37215,6419,MIDTOW,36.1216,-86.8066,POINT (-86.8066 36.1216)
20190511013,07/07/2019 08:46:00 PM,2,0,0,,N,206964,4,ANGLE,2,RAIN,3,DARK - LIGHTED,12,MOTOR VEHICLE IN TRANSPORT,BILLINGSGATE RD & BILLINGSGATE CT,ANTIOCH,TN,37013,8897,SOUTH,36.0767,-86.6646,POINT (-86.6646 36.0767)
20190429348,06/05/2019 05:33:00 PM,2,0,0,,N,909486,4,ANGLE,21,CLEAR,1,DAYLIGHT,12,MOTOR VEHICLE IN TRANSPORT,TYNE BLVD & GRANNY WHITE PKE,NASHVILLE,TN,37215,6309,MIDTOW,36.0808,-86.8071,POINT (-86.8071 36.0808)
20190313087,04/23/2019 01:50:00 PM,2,1,0,,N,224949,4,ANGLE,21,CLEAR,1,DAYLIGHT,12,MOTOR VEHICLE IN TRANSPORT,MAIN ST & S 9TH ST,NASHVILLE,TN,37206,1119,EAST,36.1759,-86.7572,POINT (-86.7572 36.1759)
20190398934,05/24/2019 11:40:00 PM,2,1,0,,N,200016,4,ANGLE,21,CLEAR,3,DARK - LIGHTED,12,MOTOR VEHICLE IN TRANSPORT,17TH AVN & CHARLOTTE AV,NASHVILLE,TN,37203,5503,MIDTOW,36.1588,-86.7982,POINT (-86.7982 36.1588)
20190185260,03/08/2019 09:15:00 PM,1,0,0,,N,151132,0,NOT COLLISION W/MOTOR VEHICLE-TRANSPORT,2,RAIN,3,DARK - LIGHTED,34,DITCH,MYATT DR & SPRING BRANCH DR,MADISON,TN,37115,1721,MADISO,36.2938,-86.6964,POINT (-86.6964 36.2938)
20190245489,03/30/2019 12:00:00 AM,2,2,0,,Y,110094,4,ANGLE,21,CLEAR,3,DARK - LIGHTED,1;12,MOTOR VEHICLE IN TRANSPORT,CHURCH ST & 7TH AVN,NASHVILLE,TN,37219,4125,CENTRA,36.1622,-86.7825,POINT (-86.7825 36.1622)
20190329427,04/29/2019 03:45:00 PM,2,2,0,Y,N,579971,0,NOT COLLISION W/MOTOR VEHICLE-TRANSPORT,21,CLEAR,1,DAYLIGHT,14;38;40;55,PARKED MOTOR VEHICLE;FENCE;MAIL BOX;Motor Vehicle-In-Motion Outside Trafficw,MT VIEW RD & ASHEFORD TRC,ANTIOCH,TN,37013,8867,SOUTH,36.0453,-86.6283,POINT (-86.6283 36.0453)
20190226031,03/23/2019 11:10:00 AM,2,1,0,,N,693093,11,Front to Rear,21,CLEAR,1,DAYLIGHT,12,MOTOR VEHICLE IN TRANSPORT,GALLATIN PKEN & RIVERGATE PKWY,MADISON,TN,37115,1731,MADISO,36.2973,-86.6988,POINT (-86.6988 36.2973)
20190296429,04/17/2019 04:40:00 PM,2,1,0,,N,206675,11,Front to Rear,21,CLEAR,1,DAYLIGHT,12,MOTOR VEHICLE IN TRANSPORT,THOMPSON LN & SEABOARD DR,NASHVILLE,TN,37211,8521,MIDTOW,36.1112,-86.7497,POINT (-86.7497 36.1112)
20190166003,03/02/2019 04:12:00 AM,1,1,0,Y,N,212321,0,NOT COLLISION W/MOTOR VEHICLE-TRANSPORT,21,CLEAR,2,DARK - NOT LIGHTED,30,UTILITY POLE,BURKITT RD & BATTLE RD,ANTIOCH,TN,37013,8771,SOUTH,36.0435,-86.6308,POINT (-86.6308 36.0435)
20190471551,06/21/2019 03:46:00 PM,3,0,0,,Y,299266,5,SIDESWIPE - SAME DIRECTION,21,CLEAR,1,DAYLIGHT,14,PARKED MOTOR VEHICLE,ARTELIA DR & RICHARDS RD,ANTIOCH,TN,37013,8899,SOUTH,36.0685,-86.6743,POINT (-86.6743 36.0685)
20190347903,05/06/2019 04:35:00 PM,2,0,0,,N,151132,11,Front to Rear,22,CLOUDY,1,DAYLIGHT,12,MOTOR VEHICLE IN TRANSPORT,MM 92 8 I 65,MADISON,TN,37115,17062,MADISO,36.2724,-86.7362,POINT (-86.7362 36.2724)
20190165102,03/01/2019 06:57:00 PM,2,0,0,,Y,197047,9,UNKNOWN,21,CLEAR,2,DARK - NOT LIGHTED,14,PARKED MOTOR VEHICLE,DOUGLAS AV & N 14TH ST,NASHVILLE,TN,37206,1327,EAST,36.1923,-86.7415,POINT (-86.7415 36.1923)
20190475288,06/23/2019 03:20:00 PM,2,0,0,,N,308295,4,ANGLE,21,CLEAR,1,DAYLIGHT,12,MOTOR VEHICLE IN TRANSPORT,HIGHWAY 100 & OLD HICKORY BLVD,NASHVILLE,TN,37221,6213,WEST,36.0609,-86.9153,POINT (-86.9153 36.0609)
20190097514,02/05/2019 03:40:00 PM,2,0,0,,Y,267831,5,SIDESWIPE - SAME DIRECTION,22,CLOUDY,1,DAYLIGHT,12,MOTOR VEHICLE IN TRANSPORT,MM 200 5 I 40,NASHVILLE,TN,37209,4708,WEST,36.1249,-86.9066,POINT (-86.9066 36.1249)
20190180454,03/07/2019 06:41:00 AM,2,0,0,,N,493304,11,Front to Rear,21,CLEAR,1,DAYLIGHT,12,MOTOR VEHICLE IN TRANSPORT,NEELYS BEND RD & ARGLE AV,MADISON,TN,37115,1605,MADISO,36.256,-86.7123,POINT (-86.7123 36.256)
20190031233,01/12/2019 10:00:00 PM,2,0,0,,N,309262,5,SIDESWIPE - SAME DIRECTION,2,RAIN,3,DARK - LIGHTED,12,MOTOR VEHICLE IN TRANSPORT,GALLATIN PKEN & RIVERGATE PKWY,MADISON,TN,37115,1731,MADISO,36.2973,-86.6988,POINT (-86.6988 36.2973)
20190375645,05/16/2019 04:31:00 PM,2,0,0,,N,714641,11,Front to Rear,21,CLEAR,1,DAYLIGHT,12,MOTOR VEHICLE IN TRANSPORT,HERMITAGE AV & LEA AV,NASHVILLE,TN,37210,4033,CENTRA,36.1566,-86.7687,POINT (-86.7687 36.1566)
20190099352,02/06/2019 06:09:00 AM,2,0,0,,N,226622,11,Front to Rear,22,CLOUDY,1,DAYLIGHT,12,MOTOR VEHICLE IN TRANSPORT,MM 193 5 I 40,NASHVILLE,TN,37221,4804,WEST,36.0774,-87.003,POINT (-87.003 36.0774)
20190244579,03/29/2019 05:53:00 PM,3,0,0,,N,212346,11,Front to Rear,21,CLEAR,3,DARK - LIGHTED,12,MOTOR VEHICLE IN TRANSPORT,CHURCH ST & GULCH GRNWY,NASHVILLE,TN,37203,4117,CENTRA,36.1596,-86.7883,POINT (-86.7883 36.1596)
20190101285,02/06/2019 09:32:00 PM,1,1,0,,N,256439,0,NOT COLLISION W/MOTOR VEHICLE-TRANSPORT,2,RAIN,1,DAYLIGHT,30,UTILITY POLE,LEBANON PKE & FARLEY PL,NASHVILLE,TN,37210,9019,HERMIT,36.1605,-86.7025,POINT (-86.7025 36.1605)
20190288145,04/15/2019 07:05:00 AM,2,1,0,,N,468030,4,ANGLE,21,CLEAR,1,DAYLIGHT,12,MOTOR VEHICLE IN TRANSPORT,EASTLAND AV & GALLATIN AV,NASHVILLE,TN,37206,1243,EAST,36.1838,-86.7484,POINT (-86.7484 36.1838)
20190187011,03/09/2019 03:40:00 PM,2,0,0,,Y,330416,11,Front to Rear,2,RAIN,1,DAYLIGHT,12,MOTOR VEHICLE IN TRANSPORT,WOODLAWN DR & HARDING PKE,NASHVILLE,TN,37205,6019,WEST,36.1276,-86.8439,POINT (-86.8439 36.1276)
20190541754,07/20/2019 03:58:00 AM,1,0,0,,Y,110090,0,NOT COLLISION W/MOTOR VEHICLE-TRANSPORT,21,CLEAR,3,DARK - LIGHTED,39,WALL,I24 E EXT RAMP & I 24,NASHVILLE,TN,37207,30080,NORTH,36.2378,-86.7872,POINT (-86.7872 36.2378)
20190344165,05/05/2019 12:00:00 AM,2,1,0,,N,279233,11,Front to Rear,21,CLEAR,3,DARK - LIGHTED,12,MOTOR VEHICLE IN TRANSPORT,ALABAMA AV & 46TH AVN,NASHVILLE,TN,37209,5201,WEST,36.1533,-86.8427,POINT (-86.8427 36.1533)
20190100189,02/06/2019 12:20:00 PM,1,0,0,,N,225764,0,NOT COLLISION W/MOTOR VEHICLE-TRANSPORT,2,RAIN,1,DAYLIGHT,34,DITCH,HURRICANE CREEK BLVD & OLD HICKORY BLVD,ANTIOCH,TN,37013,8869,SOUTH,36.0267,-86.5958,POINT (-86.5958 36.0267)
20190522634,07/12/2019 02:41:00 PM,2,0,0,,N,405418,11,Front to Rear,21,CLEAR,1,DAYLIGHT,12,MOTOR VEHICLE IN TRANSPORT,NOLENSVILLE PKE & CONCORD RD,ANTIOCH,TN,37013,8767,SOUTH,35.997,-86.6899,POINT (-86.6899 35.997)
20190097655,02/05/2019 05:10:00 PM,2,0,0,,N,212330,11,Front to Rear,22,CLOUDY,3,DARK - LIGHTED,12,MOTOR VEHICLE IN TRANSPORT,MM 7 5 I 440,NASHVILLE,TN,37210,81022,SOUTH,36.1264,-86.7287,POINT (-86.7287 36.1264)
20190322947,04/26/2019 04:21:00 PM,2,1,0,,N,206958,4,ANGLE,21,CLEAR,1,DAYLIGHT,12,MOTOR VEHICLE IN TRANSPORT,DICKERSON PKE & GRIZZARD AV,NASHVILLE,TN,37207,1833,EAST,36.2082,-86.7674,POINT (-86.7674 36.2082)
20190300324,04/18/2019 10:41:00 PM,2,1,0,,N,298871,11,Front to Rear,2,RAIN,3,DARK - LIGHTED,12,MOTOR VEHICLE IN TRANSPORT,DIVISION ST & 19TH AVS,NASHVILLE,TN,37203,6715,MIDTOW,36.1506,-86.7955,POINT (-86.7955 36.1506)
20190345275,05/05/2019 05:29:00 PM,2,0,0,,N,299241,4,ANGLE,21,CLEAR,1,DAYLIGHT,12,MOTOR VEHICLE IN TRANSPORT,ANDREW JACKSON WAY & OLD HICKORY BLVD,HERMITAGE,TN,37076,9561,HERMIT,36.1821,-86.6076,POINT (-86.6076 36.1821)
20190470080,06/21/2019 03:03:00 AM,2,1,0,,Y,279198,9,UNKNOWN,21,CLEAR,3,DARK - LIGHTED,12,MOTOR VEHICLE IN TRANSPORT,MM 48 3 I 24,NASHVILLE,TN,37213,11080,CENTRA,36.1722,-86.7689,POINT (-86.7689 36.1722)
20190147053,02/23/2019 06:38:00 AM,1,0,0,,N,109534,0,NOT COLLISION W/MOTOR VEHICLE-TRANSPORT,2,RAIN,3,DARK - LIGHTED,39,WALL,MM 215 2 I 40,NASHVILLE,TN,37214,91021,HERMIT,36.144,-86.6913,POINT (-86.6913 36.144)
20190353608,05/08/2019 01:27:00 PM,2,0,0,,N,134899,5,SIDESWIPE - SAME DIRECTION,21,CLEAR,1,DAYLIGHT,12,MOTOR VEHICLE IN TRANSPORT,ELM HILL PKE & ELM HILL PKE WB EXT RAMP,NASHVILLE,TN,37210,9041,HERMIT,36.1515,-86.6914,POINT (-86.6914 36.1515)
20190148600,02/23/2019 09:35:00 PM,1,0,0,,N,320599,0,NOT COLLISION W/MOTOR VEHICLE-TRANSPORT,2,RAIN,3,DARK - LIGHTED,44,PAVED SURFACE-IRREGULAR,MM 214 2 I 40,NASHVILLE,TN,37210,90062,HERMIT,36.1424,-86.7107,POINT (-86.7107 36.1424)
20190550238,07/23/2019 05:40:00 PM,2,0,0,,N,524985,4,ANGLE,21,CLEAR,1,DAYLIGHT,12,MOTOR VEHICLE IN TRANSPORT,BUENA VISTA PKE & CLARKSVILLE PKE,NASHVILLE,TN,37218,3161,NORTH,36.1937,-86.8312,POINT (-86.8312 36.1937)
20190027619,01/11/2019 11:27:00 AM,1,0,0,,N,591934,0,NOT COLLISION W/MOTOR VEHICLE-TRANSPORT,21,CLEAR,1,DAYLIGHT,18,OTHER OBJECT (NOT FIXED),MM 57 1 I 24,ANTIOCH,TN,37013,88080,SOUTH,36.0686,-86.6885,POINT (-86.6885 36.0686)
20190047613,01/18/2019 12:00:00 AM,2,1,0,,N,298868,6,SIDESWIPE - OPPOSITE DIRECTION,21,CLEAR,3,DARK - LIGHTED,12,MOTOR VEHICLE IN TRANSPORT,40TH AVN & CLIFTON AV,NASHVILLE,TN,37209,4533,WEST,36.1564,-86.8344,POINT (-86.8344 36.1564)
20190131376,02/18/2019 03:34:00 AM,2,0,0,,Y,151122,11,Front to Rear,22,CLOUDY,3,DARK - LIGHTED,14,PARKED MOTOR VEHICLE,BISHOPSGATE RD & ELIZABETHS CT,ANTIOCH,TN,37013,8895,SOUTH,36.0809,-86.6594,POINT (-86.6594 36.0809)
20190004645,01/02/2019 07:00:00 PM,3,0,0,,Y,134871,5,SIDESWIPE - SAME DIRECTION,2,RAIN,3,DARK - LIGHTED,12,MOTOR VEHICLE IN TRANSPORT,MM 210 0 I 40,NASHVILLE,TN,37203,40060,CENTRA,36.149,-86.7764,POINT (-86.7764 36.149)
20190011177,01/05/2019 03:17:00 AM,2,1,0,,Y,169414,4,ANGLE,22,CLOUDY,3,DARK - LIGHTED,12,MOTOR VEHICLE IN TRANSPORT,TAMPA DR & HARDING PL,NASHVILLE,TN,37211,8705,SOUTH,36.0827,-86.7105,POINT (-86.7105 36.0827)
20190282235,04/12/2019 03:54:00 PM,2,0,0,,N,320585,6,SIDESWIPE - OPPOSITE DIRECTION,21,CLEAR,1,DAYLIGHT,12,MOTOR VEHICLE IN TRANSPORT,AIR LANE DR & I40 E ENT RAMP,NASHVILLE,TN,37210,9041,HERMIT,36.1456,-86.7002,POINT (-86.7002 36.1456)
20190049703,01/19/2019 04:33:00 PM,2,0,0,,N,299266,11,Front to Rear,2,RAIN,1,DAYLIGHT,12,MOTOR VEHICLE IN TRANSPORT,ANTIOCH PIKE & RICHARDS RD,ANTIOCH,TN,37013,8857,SOUTH,36.0692,-86.6838,POINT (-86.6838 36.0692)
20190263252,04/05/2019 04:48:00 PM,2,0,0,,N,151124,11,Front to Rear,22,CLOUDY,1,DAYLIGHT,12,MOTOR VEHICLE IN TRANSPORT,ELLINGTON PKWYN & ELLINGTON PKWYS,NASHVILLE,TN,37216,1890,EAST,36.2227,-86.7464,POINT (-86.7464 36.2227)
20190143065,02/21/2019 09:15:00 PM,3,0,0,,N,320577,11,Front to Rear,2,RAIN,3,DARK - LIGHTED,12,MOTOR VEHICLE IN TRANSPORT,WEDGEWOOD AV & ACKLEN AV,NASHVILLE,TN,37203,6905,MIDTOW,36.1343,-86.781,POINT (-86.781 36.1343)
20190016018,01/07/2019 10:18:00 AM,2,1,0,,N,591936,5,SIDESWIPE - SAME DIRECTION,21,CLEAR,1,DAYLIGHT,12,MOTOR VEHICLE IN TRANSPORT,20TH AVN & MURPHY AV,NASHVILLE,TN,37203,5507,MIDTOW,36.1562,-86.8029,POINT (-86.8029 36.1562)
20190009568,01/04/2019 01:41:00 PM,2,1,0,,N,226136,4,ANGLE,22,CLOUDY,1,DAYLIGHT,12,MOTOR VEHICLE IN TRANSPORT,HARDING PL & SHADESCREST DR,NASHVILLE,TN,37211,8607,MIDTOW,36.0771,-86.7366,POINT (-86.7366 36.0771)
20190132643,02/18/2019 01:51:00 PM,2,0,0,Y,N,212369,4,ANGLE,21,CLEAR,1,DAYLIGHT,12,MOTOR VEHICLE IN TRANSPORT,I65 S ENT RAMP & I65 S EXT RAMP,NASHVILLE,TN,37204,6945,MIDTOW,36.1342,-86.7764,POINT (-86.7764 36.1342)
20190324621,04/27/2019 11:15:00 AM,2,0,0,,N,544481,4,ANGLE,21,CLEAR,1,DAYLIGHT,12,MOTOR VEHICLE IN TRANSPORT,JAMES ROBERTSON PKWY & ELLINGTON PKWY N,NASHVILLE,TN,37206,1109,EAST,36.1718,-86.768,POINT (-86.768 36.1718)
20190342454,05/04/2019 06:40:00 AM,2,1,0,Y,Y,256502,5,SIDESWIPE - SAME DIRECTION,21,CLEAR,1,DAYLIGHT,12;24,MOTOR VEHICLE IN TRANSPORT;GUARDRAIL FACE,I65 S ENT RAMP & I 65,NASHVILLE,TN,37207,3007,NORTH,36.2057,-86.778,POINT (-86.778 36.2057)
20190523105,07/12/2019 06:35:00 PM,2,0,0,,Y,151132,11,Front to Rear,21,CLEAR,1,DAYLIGHT,12,MOTOR VEHICLE IN TRANSPORT,MM 93 1 I 65,MADISON,TN,37115,17062,MADISO,36.2769,-86.7351,POINT (-86.7351 36.2769)
20190188888,03/10/2019 02:54:00 PM,2,0,0,,N,206676,4,ANGLE,21,CLEAR,1,DAYLIGHT,12,MOTOR VEHICLE IN TRANSPORT,GALLATIN PKES & MAPLE ST,MADISON,TN,37115,1607,MADISO,36.2617,-86.7124,POINT (-86.7124 36.2617)
20190547275,07/22/2019 04:44:00 PM,2,0,0,,N,256426,11,Front to Rear,2,RAIN,1,DAYLIGHT,12,MOTOR VEHICLE IN TRANSPORT,ELM HILL PKE & ARLINGTON AV,NASHVILLE,TN,37210,9013,HERMIT,36.1437,-86.7319,POINT (-86.7319 36.1437)
20190282810,04/12/2019 10:41:00 PM,3,0,0,,N,256377,11,Front to Rear,21,CLEAR,3,DARK - LIGHTED,12,MOTOR VEHICLE IN TRANSPORT,JUAREZ DR & LEBANON PKE,HERMITAGE,TN,37076,9531,HERMIT,36.1817,-86.6721,POINT (-86.6721 36.1817)
20190525758,07/13/2019 09:20:00 PM,2,0,0,,N,197055,4,ANGLE,99,UNKNOWN,3,DARK - LIGHTED,12,MOTOR VEHICLE IN TRANSPORT,MURFREESBORO PKE & LAKEVILLA DR,ANTIOCH,TN,37013,8861,SOUTH,36.0767,-86.6409,POINT (-86.6409 36.0767)
20190451424,06/14/2019 01:00:00 AM,1,0,0,,Y,197075,0,NOT COLLISION W/MOTOR VEHICLE-TRANSPORT,21,CLEAR,3,DARK - LIGHTED,1;36,CONCRETE TRAFFIC BARRIER,MM 90 3 I 65,MADISON,TN,37115,20044,MADISO,36.2409,-86.7515,POINT (-86.7515 36.2409)
20190559241,07/27/2019 03:22:00 AM,1,0,0,Y,Y,352170,0,NOT COLLISION W/MOTOR VEHICLE-TRANSPORT,21,CLEAR,3,DARK - LIGHTED,43,OTHER FIXED OBJECTS,PIN HOOK RD & HOBSON PKE,ANTIOCH,TN,37013,8927,SOUTH,36.0493,-86.5999,POINT (-86.5999 36.0493)
20190234687,03/26/2019 12:45:00 PM,2,1,0,,N,179580,11,Front to Rear,21,CLEAR,1,DAYLIGHT,12,MOTOR VEHICLE IN TRANSPORT,MM 87 6 I 65,NASHVILLE,TN,37207,1804,EAST,36.2107,-86.7758,POINT (-86.7758 36.2107)
20190574648,08/02/2019 12:15:00 PM,2,0,0,,Y,225773,6,SIDESWIPE - OPPOSITE DIRECTION,21,CLEAR,1,DAYLIGHT,12;14,MOTOR VEHICLE IN TRANSPORT;PARKED MOTOR VEHICLE,2615 POWELL AV,NASHVILLE,TN,37204,8527,MIDTOW,36.1053,-86.764,POINT (-86.764 36.1053)
20190544448,07/21/2019 12:10:00 PM,1,0,0,,N,405391,0,NOT COLLISION W/MOTOR VEHICLE-TRANSPORT,2,RAIN,1,DAYLIGHT,24,GUARDRAIL FACE,MM 198 3 I 40,NASHVILLE,TN,37221,4706,WEST,36.1016,-86.9343,POINT (-86.9343 36.1016)
20190079292,01/30/2019 07:33:00 AM,2,0,0,,N,226622,4,ANGLE,4,SNOW,1,DAYLIGHT,12,MOTOR VEHICLE IN TRANSPORT,BELLEVUE RD & CREEKSIDE MANOR PVTDR,NASHVILLE,TN,37221,4811,WEST,36.0713,-86.9411,POINT (-86.9411 36.0713)
20190246131,03/30/2019 12:11:00 PM,2,1,0,,Y,161952,11,Front to Rear,22,CLOUDY,1,DAYLIGHT,12,MOTOR VEHICLE IN TRANSPORT,W TRINITY LN & BRICK CHURCH PKE,NASHVILLE,TN,37207,3003,NORTH,36.2066,-86.7779,POINT (-86.7779 36.2066)
20190460172,06/17/2019 04:45:00 PM,2,0,0,,N,256389,4,ANGLE,21,CLEAR,1,DAYLIGHT,12,MOTOR VEHICLE IN TRANSPORT,20TH AVS & 20TH AVN,NASHVILLE,TN,37203,5709,MIDTOW,36.1514,-86.7993,POINT (-86.7993 36.1514)
20190049618,01/19/2019 12:00:00 AM,2,0,0,,N,279118,11,Front to Rear,2,RAIN,1,DAYLIGHT,12,MOTOR VEHICLE IN TRANSPORT,HAYWOOD LN & HOPEDALE DR,NASHVILLE,TN,37211,8711,SOUTH,36.0688,-86.7175,POINT (-86.7175 36.0688)
20190133586,02/18/2019 09:23:00 PM,2,0,0,,N,212346,4,ANGLE,21,CLEAR,3,DARK - LIGHTED,12,MOTOR VEHICLE IN TRANSPORT,CHURCH ST & 7TH AVN,NASHVILLE,TN,37219,4125,CENTRA,36.1622,-86.7825,POINT (-86.7825 36.1622)
20190091315,02/03/2019 12:00:00 AM,1,0,0,,N,279122,0,NOT COLLISION W/MOTOR VEHICLE-TRANSPORT,21,CLEAR,1,DAYLIGHT,31,"OTHER POST, POLE, SUPP.",9TH AVN & GARFIELD ST,NASHVILLE,TN,37208,4327,NORTH,36.1779,-86.7979,POINT (-86.7979 36.1779)
20190421545,06/02/2019 10:20:00 PM,2,0,0,,N,298879,5,SIDESWIPE - SAME DIRECTION,21,CLEAR,3,DARK - LIGHTED,12,MOTOR VEHICLE IN TRANSPORT,HIGHWAY 100 & HARDING PKE,NASHVILLE,TN,37205,6209,WEST,36.0983,-86.8723,POINT (-86.8723 36.0983)
20190566968,07/30/2019 02:12:00 PM,3,2,0,,N,352161,11,Front to Rear,21,CLEAR,1,DAYLIGHT,12,MOTOR VEHICLE IN TRANSPORT,MM 85 9 I 65,NASHVILLE,TN,37228,44060,NORTH,36.1915,-86.7873,POINT (-86.7873 36.1915)
20190053424,01/21/2019 08:49:00 AM,2,0,0,,N,191578,11,Front to Rear,21,CLEAR,1,DAYLIGHT,12,MOTOR VEHICLE IN TRANSPORT,I40 W EXT RAMP & I 40,NASHVILLE,TN,37203,4119,CENTRA,36.1574,-86.79,POINT (-86.79 36.1574)
20190214566,03/19/2019 05:24:00 PM,2,0,0,,Y,279124,11,Front to Rear,21,CLEAR,1,DAYLIGHT,12,MOTOR VEHICLE IN TRANSPORT,BELL RD & BLUE HOLE RD,ANTIOCH,TN,37013,8753,SOUTH,36.0458,-86.6744,POINT (-86.6744 36.0458)
20190479116,06/25/2019 04:13:00 AM,2,0,0,,N,256382,11,Front to Rear,21,CLEAR,3,DARK - LIGHTED,12;39,MOTOR VEHICLE IN TRANSPORT;WALL,MM 212 2 I 40,NASHVILLE,TN,37210,90041,HERMIT,36.1458,-86.7414,POINT (-86.7414 36.1458)
20190432216,06/06/2019 04:56:00 PM,2,0,0,,N,256379,11,Front to Rear,2,RAIN,1,DAYLIGHT,12,MOTOR VEHICLE IN TRANSPORT,BRILEY PKWYN & BRILEY PKWYS,NASHVILLE,TN,37211,8404,SOUTH,36.1092,-86.727,POINT (-86.727 36.1092)
20190385598,05/20/2019 04:58:00 PM,3,0,0,,N,267831,4,ANGLE,21,CLEAR,1,DAYLIGHT,12,MOTOR VEHICLE IN TRANSPORT,HIGHWAY 70S & BELLE FOREST SHOPPING CENT,NASHVILLE,TN,37205,4903,WEST,36.0746,-86.9205,POINT (-86.9205 36.0746)
20190134298,02/19/2019 02:27:00 AM,2,0,0,,Y,225819,6,SIDESWIPE - OPPOSITE DIRECTION,21,CLEAR,3,DARK - LIGHTED,12,MOTOR VEHICLE IN TRANSPORT,MURFREESBORO PKE & HAMILTON CHURCH RD,ANTIOCH,TN,37013,8865,SOUTH,36.0649,-86.6286,POINT (-86.6286 36.0649)
20190557109,07/26/2019 07:50:00 AM,2,0,0,,N,279116,11,Front to Rear,21,CLEAR,1,DAYLIGHT,12,MOTOR VEHICLE IN TRANSPORT,MM 4 0 I 440,NASHVILLE,TN,37204,7010,MIDTOW,36.1161,-86.7901,POINT (-86.7901 36.1161)
20190550025,07/23/2019 04:22:00 PM,2,0,0,,N,420040,5,SIDESWIPE - SAME DIRECTION,22,CLOUDY,1,DAYLIGHT,12,MOTOR VEHICLE IN TRANSPORT,DIVISION ST & MUSIC CIRE,NASHVILLE,TN,37203,6719,MIDTOW,36.1516,-86.7885,POINT (-86.7885 36.1516)
20190387165,05/21/2019 06:40:00 AM,2,2,0,,Y,,11,Front to Rear,21,CLEAR,1,DAYLIGHT,12,MOTOR VEHICLE IN TRANSPORT,GALLATIN PKEN & RIVERGATE PKWY,MADISON,TN,37115,1731,MADISO,36.2973,-86.6988,POINT (-86.6988 36.2973)
20190580037,08/04/2019 09:19:00 PM,2,0,0,Y,N,309262,4,ANGLE,21,CLEAR,2,DARK - NOT LIGHTED,12,MOTOR VEHICLE IN TRANSPORT,VAILVIEW DR & OAKVIEW DR,NASHVILLE,TN,37207,2005,MADISO,36.2398,-86.7664,POINT (-86.7664 36.2398)
20190123238,02/14/2019 05:54:00 PM,2,0,0,,N,909486,6,SIDESWIPE - OPPOSITE DIRECTION,21,CLEAR,3,DARK - LIGHTED,12,MOTOR VEHICLE IN TRANSPORT,OLD HICKORY BLVD & HIGHLAND WAY,NASHVILLE,TN,37211,8651,MIDTOW,36.0398,-86.7409,POINT (-86.7409 36.0398)
20190395811,05/23/2019 10:10:00 PM,2,0,0,,Y,330411,11,Front to Rear,21,CLEAR,3,DARK - LIGHTED,12,MOTOR VEHICLE IN TRANSPORT,BOBEL LN & CLARKSVILLE PKE,WHITES CREEK,TN,37189,3229,NORTH,36.2686,-86.8595,POINT (-86.8595 36.2686)
20190337104,05/02/2019 06:40:00 AM,2,0,0,,N,693093,11,Front to Rear,21,CLEAR,1,DAYLIGHT,12,MOTOR VEHICLE IN TRANSPORT,MM 88 7 I 65,NASHVILLE,TN,37207,20021,MADISO,36.2269,-86.7738,POINT (-86.7738 36.2269)
20190126216,02/15/2019 04:49:00 PM,2,0,0,,N,279208,11,Front to Rear,2,RAIN,1,DAYLIGHT,12,MOTOR VEHICLE IN TRANSPORT,MM 1 4 I 440,NASHVILLE,TN,37212,5908,MIDTOW,36.1368,-86.8213,POINT (-86.8213 36.1368)
20190207091,03/17/2019 03:16:00 AM,1,0,0,,N,212307,0,NOT COLLISION W/MOTOR VEHICLE-TRANSPORT,21,CLEAR,3,DARK - LIGHTED,33,CURB,LAFAYETTE ST & 7TH AVS,NASHVILLE,TN,37203,4023,CENTRA,36.1541,-86.7779,POINT (-86.7779 36.1541)
20190400093,05/25/2019 11:20:00 AM,1,0,0,,N,352169,0,NOT COLLISION W/MOTOR VEHICLE-TRANSPORT,21,CLEAR,1,DAYLIGHT,18,OTHER OBJECT (NOT FIXED),MM 204 2 I 40,NASHVILLE,TN,37209,45023,WEST,36.1532,-86.8539,POINT (-86.8539 36.1532)
20190028471,01/11/2019 05:05:00 PM,2,0,0,,N,256427,11,Front to Rear,21,CLEAR,3,DARK - LIGHTED,12,MOTOR VEHICLE IN TRANSPORT,MM 210 6 I 40,NASHVILLE,TN,37210,8202,HERMIT,36.1526,-86.7659,POINT (-86.7659 36.1526)
20190182485,03/07/2019 12:00:00 AM,1,0,0,,N,197070,0,NOT COLLISION W/MOTOR VEHICLE-TRANSPORT,21,CLEAR,3,DARK - LIGHTED,31,"OTHER POST, POLE, SUPP.",11TH AVN & REV DR ENOCH JONES BLVD,NASHVILLE,TN,37208,4301,NORTH,36.1722,-86.7981,POINT (-86.7981 36.1722)
20190251670,04/01/2019 06:40:00 PM,2,0,0,,N,690942,4,ANGLE,21,CLEAR,1,DAYLIGHT,12,MOTOR VEHICLE IN TRANSPORT,2ND AVN & CHURCH ST,NASHVILLE,TN,37201,4133,CENTRA,36.1646,-86.7769,POINT (-86.7769 36.1646)