Accident Number,Date and Time,Number of Motor Vehicles,Number of Injuries,Number of Fatalities,Property Damage,Hit and Run,Reporting Officer,Collision Type Code,Collision Type Description,Weather Code,Weather Description,Illumination Code,Illumination Description,Harmful Code,Harmful Code Description,Street Address,City,State,ZIP,RPA,Precinct,Latitude,Longitude,Mapped Location
20190398191,05/24/2019 12:00:00 AM,2,0,0,,N,298877,4,ANGLE,21,CLEAR,1,DAYLIGHT,12,MOTOR VEHICLE IN TRANSPORT,CATHY JO CIR & SEVENMILE CT,NASHVILLE,TN,37211,8439,SOUTH,36.0959,-86.7176,POINT (-86.7176 36.0959)
20190493273,06/30/2019 12:37:00 PM,2,0,0,,Y,630627,11,Front to Rear,21,CLEAR,1,DAYLIGHT,12,MOTOR VEHICLE IN TRANSPORT,CHARLOTTE AV & 25TH AVN,NASHVILLE,TN,37203,5619,MIDTOW,36.1553,-86.8121,POINT (-86.8121 36.1553)
20190415843,05/31/2019 10:35:00 AM,2,0,0,,N,320588,11,Front to Rear,21,CLEAR,1,DAYLIGHT,12,MOTOR VEHICLE IN TRANSPORT,MM 38 3 I 24,WHITES CREEK,TN,37189,2212,NORTH,36.3063,-86.8167,POINT (-86.8167 36.3063)
20190566450,07/30/2019 10:30:00 AM,2,0,0,,N,352164,5,SIDESWIPE - SAME DIRECTION,21,CLEAR,1,DAYLIGHT,12,MOTOR VEHICLE IN TRANSPORT,BELL RD & HICKORY HOLLOW PKWY,ANTIOCH,TN,37013,8863,SOUTH,36.0896,-86.6884,POINT (-86.6884 36.0896)
20190270883,04/08/2019 07:55:00 PM,2,0,0,,Y,151132,4,ANGLE,22,CLOUDY,3,DARK - LIGHTED,12,MOTOR VEHICLE IN TRANSPORT,GALLATIN PKES & BERKLEY DR,MADISON,TN,37115,1519,MADISO,36.247,-86.721,POINT (-86.721 36.247)
20190142594,02/21/2019 05:55:00 PM,1,1,0,,N,134871,0,NOT COLLISION W/MOTOR VEHICLE-TRANSPORT,2,RAIN,3,DARK - LIGHTED,8,PEDESTRIAN,8TH AVS & MCGAVOCK ST,NASHVILLE,TN,37203,4075,CENTRA,36.1579,-86.7814,POINT (-86.7814 36.1579)
20190175888,03/05/2019 09:23:00 PM,2,0,0,,N,212315,4,ANGLE,21,CLEAR,3,DARK - LIGHTED,14,PARKED MOTOR VEHICLE,DEMONBREUN ST & 7TH AVS,NASHVILLE,TN,37203,4061,CENTRA,36.1574,-86.7797,POINT (-86.7797 36.1574)
20190043711,01/17/2019 10:13:00 AM,2,0,0,,N,225777,4,ANGLE,2,RAIN,1,DAYLIGHT,12,MOTOR VEHICLE IN TRANSPORT,HEADY DR & HIGHWAY 100,NASHVILLE,TN,37205,4913,WEST,36.0989,-86.8719,POINT (-86.8719 36.0989)
20190429079,06/05/2019 03:46:00 PM,2,0,0,,N,580819,5,SIDESWIPE - SAME DIRECTION,21,CLEAR,1,DAYLIGHT,12,MOTOR VEHICLE IN TRANSPORT,4TH AVS & SYMPHONY PL,NASHVILLE,TN,37203,4091,CENTRA,36.1603,-86.7768,POINT (-86.7768 36.1603)
20190238160,03/27/2019 04:55:00 PM,2,1,0,,N,256380,11,Front to Rear,21,CLEAR,1,DAYLIGHT,12,MOTOR VEHICLE IN TRANSPORT,MM 207 0 I 40,NASHVILLE,TN,37208,44021,NORTH,36.1696,-86.8114,POINT (-86.8114 36.1696)
20190038150,01/15/2019 02:02:00 PM,2,0,0,,Y,716886,4,ANGLE,21,CLEAR,1,DAYLIGHT,12,MOTOR VEHICLE IN TRANSPORT,LINBAR DR & WALLACE RD,NASHVILLE,TN,37211,8707,SOUTH,36.0387,-86.731,POINT (-86.731 36.0387)
20190118598,02/13/2019 07:06:00 AM,2,0,0,,N,716886,11,Front to Rear,21,CLEAR,1,DAYLIGHT,12,MOTOR VEHICLE IN TRANSPORT,OLD HICKORY BLVD & LOGISTICS WAY,ANTIOCH,TN,37013,8869,SOUTH,36.0286,-86.614,POINT (-86.614 36.0286)
20190429353,06/05/2019 06:03:00 PM,2,0,0,,N,580819,5,SIDESWIPE - SAME DIRECTION,22,CLOUDY,1,DAYLIGHT,12,MOTOR VEHICLE IN TRANSPORT,4TH AVN & BROADWAY,NASHVILLE,TN,37203,4091,CENTRA,36.161,-86.7772,POINT (-86.7772 36.161)
20190291230,04/16/2019 06:45:00 AM,2,2,0,,N,716886,11,Front to Rear,21,CLEAR,1,DAYLIGHT,12,MOTOR VEHICLE IN TRANSPORT,I24 E EXT RAMP & I 24,NASHVILLE,TN,37207,30080,NORTH,36.2378,-86.7872,POINT (-86.7872 36.2378)
20190100913,02/06/2019 05:44:00 PM,3,2,0,,N,212322,11,Front to Rear,2,RAIN,2,DARK - NOT LIGHTED,12,MOTOR VEHICLE IN TRANSPORT,OLD EZELL RD & DONELSON PKE,NASHVILLE,TN,37217,8841,SOUTH,36.0984,-86.6773,POINT (-86.6773 36.0984)
20190479526,06/25/2019 08:08:00 AM,2,0,0,,N,109534,5,SIDESWIPE - SAME DIRECTION,21,CLEAR,1,DAYLIGHT,12,MOTOR VEHICLE IN TRANSPORT,SMITH SPRINGS RD & BELL RD,NASHVILLE,TN,37217,8965,HERMIT,36.0903,-86.6265,POINT (-86.6265 36.0903)
20190123218,02/14/2019 05:44:00 PM,1,1,0,,N,256426,0,NOT COLLISION W/MOTOR VEHICLE-TRANSPORT,21,CLEAR,1,DAYLIGHT,5,,MM 212 3 I 40,NASHVILLE,TN,37210,8206,HERMIT,36.1447,-86.7399,POINT (-86.7399 36.1447)
20190149973,02/24/2019 01:15:00 PM,2,0,0,,Y,224953,4,ANGLE,21,CLEAR,1,DAYLIGHT,12,MOTOR VEHICLE IN TRANSPORT,CHARLOTTE AV & ROSA L PARKS BLVD,NASHVILLE,TN,37203,4147,CENTRA,36.1634,-86.7876,POINT (-86.7876 36.1634)
20190579673,08/04/2019 03:46:00 PM,1,3,0,Y,N,256441,0,NOT COLLISION W/MOTOR VEHICLE-TRANSPORT,2,RAIN,1,DAYLIGHT,18;8,OTHER OBJECT (NOT FIXED);PEDESTRIAN,STATE HWY 254 & FRANKLIN PIKE CIR,BRENTWOOD,TN,37027,8623,MIDTOW,36.0407,-86.7795,POINT (-86.7795 36.0407)
20190214287,03/19/2019 04:49:00 PM,2,0,0,,N,690942,4,ANGLE,21,CLEAR,1,DAYLIGHT,12,MOTOR VEHICLE IN TRANSPORT,JEFFERSON ST & 7TH AVN,NASHVILLE,TN,37208,4237,CENTRA,36.1736,-86.7901,POINT (-86.7901 36.1736)
20190273346,04/09/2019 04:14:00 PM,2,1,0,,Y,267831,11,Front to Rear,21,CLEAR,1,DAYLIGHT,12,MOTOR VEHICLE IN TRANSPORT,CHARLOTTE PKE & WHITE BRIDGE PKE,NASHVILLE,TN,37209,5033,WEST,36.15,-86.8584,POINT (-86.8584 36.15)
20190257180,04/03/2019 01:40:00 PM,2,2,0,,N,226098,4,ANGLE,21,CLEAR,1,DAYLIGHT,12,MOTOR VEHICLE IN TRANSPORT,W TRINITY LN & WHITES CREEK PKE,NASHVILLE,TN,37207,3009,NORTH,36.207,-86.7916,POINT (-86.7916 36.207)
20190224855,03/22/2019 06:25:00 PM,2,0,0,,N,405424,11,Front to Rear,21,CLEAR,1,DAYLIGHT,12,MOTOR VEHICLE IN TRANSPORT,SMITH SPRINGS RD & RURAL HILL RD,NASHVILLE,TN,37217,8965,HERMIT,36.0899,-86.6248,POINT (-86.6248 36.0899)
20190104895,02/08/2019 04:36:00 AM,1,0,0,,N,330420,0,NOT COLLISION W/MOTOR VEHICLE-TRANSPORT,21,CLEAR,2,DARK - NOT LIGHTED,18,OTHER OBJECT (NOT FIXED),MM 63 0 I 24,ANTIOCH,TN,37013,8702,SOUTH,36.0094,-86.6151,POINT (-86.6151 36.0094)
20190298537,04/18/2019 08:11:00 AM,2,0,0,,N,109534,4,ANGLE,22,CLOUDY,1,DAYLIGHT,12,MOTOR VEHICLE IN TRANSPORT,OLD HICKORY BLVD & DODSON CHAPEL RD,HERMITAGE,TN,37076,9561,HERMIT,36.1835,-86.6108,POINT (-86.6108 36.1835)
20190092877,02/04/2019 07:32:00 AM,2,0,0,,N,716877,11,Front to Rear,21,CLEAR,1,DAYLIGHT,12,MOTOR VEHICLE IN TRANSPORT,MM 62 5 I 24,ANTIOCH,TN,37013,8804,SOUTH,36.0143,-86.6203,POINT (-86.6203 36.0143)
20190416609,05/31/2019 03:09:00 PM,2,0,0,,Y,330444,11,Front to Rear,21,CLEAR,1,DAYLIGHT,55,Motor Vehicle-In-Motion Outside Trafficw,DIVISION ST & MUSIC CIRE,NASHVILLE,TN,37203,6719,MIDTOW,36.1516,-86.7885,POINT (-86.7885 36.1516)
20190511877,07/08/2019 08:50:00 AM,1,2,0,,N,420035,0,NOT COLLISION W/MOTOR VEHICLE-TRANSPORT,21,CLEAR,1,DAYLIGHT,39;8,WALL;PEDESTRIAN,GALLATIN PKES & GALLATIN PKE,MADISON,TN,37115,1517,MADISO,36.2383,-86.724,POINT (-86.724 36.2383)
20190032621,01/13/2019 03:04:00 PM,2,0,0,,N,306231,4,ANGLE,2,RAIN,1,DAYLIGHT,12,MOTOR VEHICLE IN TRANSPORT,CLARKSVILLE PKE & ASHTON AV,NASHVILLE,TN,37218,3115,NORTH,36.1961,-86.8352,POINT (-86.8352 36.1961)
20190499171,07/02/2019 04:46:00 PM,2,0,0,,N,256383,11,Front to Rear,21,CLEAR,1,DAYLIGHT,12,MOTOR VEHICLE IN TRANSPORT,MM 53 5 I 24,NASHVILLE,TN,37210,88141,SOUTH,36.1122,-86.7232,POINT (-86.7232 36.1122)
20190139219,02/20/2019 04:19:00 PM,2,2,0,,N,197054,4,ANGLE,2,RAIN,1,DAYLIGHT,12,MOTOR VEHICLE IN TRANSPORT,GOODBAR DR & MASSMAN DR,NASHVILLE,TN,37217,8819,HERMIT,36.1302,-86.7002,POINT (-86.7002 36.1302)
20190260709,04/04/2019 07:24:00 PM,2,2,0,,N,728076,11,Front to Rear,22,CLOUDY,3,DARK - LIGHTED,12,MOTOR VEHICLE IN TRANSPORT,GALLATIN PKEN & DULING AV,MADISON,TN,37115,1763,MADISO,36.2664,-86.711,POINT (-86.711 36.2664)
20190034841,01/14/2019 12:11:00 PM,2,1,0,,Y,716886,4,ANGLE,21,CLEAR,1,DAYLIGHT,12,MOTOR VEHICLE IN TRANSPORT,LUTIE ST & NOLENSVILLE PKE,NASHVILLE,TN,37210,8317,SOUTH,36.1178,-86.7486,POINT (-86.7486 36.1178)
20190343887,05/04/2019 12:00:00 AM,2,0,0,Y,Y,320578,5,SIDESWIPE - SAME DIRECTION,2,RAIN,3,DARK - LIGHTED,12,MOTOR VEHICLE IN TRANSPORT,APACHE TRL & HICKORY LAKE APTS PVTDR,NASHVILLE,TN,37211,8709,SOUTH,36.0671,-86.6892,POINT (-86.6892 36.0671)
20190407505,05/28/2019 02:57:00 PM,2,0,0,,Y,330445,11,Front to Rear,21,CLEAR,1,DAYLIGHT,12,MOTOR VEHICLE IN TRANSPORT,MM 2 4 I 440,NASHVILLE,TN,37212,5902,MIDTOW,36.1247,-86.8127,POINT (-86.8127 36.1247)
20190428410,06/05/2019 10:57:00 AM,2,1,0,,N,191578,5,SIDESWIPE - SAME DIRECTION,22,CLOUDY,1,DAYLIGHT,12,MOTOR VEHICLE IN TRANSPORT,LEBANON PKE & OLD HICKORY BLVD,HERMITAGE,TN,37076,9613,HERMIT,36.1756,-86.6154,POINT (-86.6154 36.1756)
20190132898,02/18/2019 03:40:00 PM,2,0,0,,N,279214,11,Front to Rear,21,CLEAR,1,DAYLIGHT,12,MOTOR VEHICLE IN TRANSPORT,WOODMONT BLVD & AMANDA AV,NASHVILLE,TN,37215,6413,MIDTOW,36.1133,-86.8031,POINT (-86.8031 36.1133)
20190351266,05/07/2019 05:56:00 PM,2,3,0,,N,298867,5,SIDESWIPE - SAME DIRECTION,21,CLEAR,1,DAYLIGHT,12,MOTOR VEHICLE IN TRANSPORT,DICKERSON PKE & ALHAMBRA CIR,NASHVILLE,TN,37207,1823,EAST,36.2196,-86.7624,POINT (-86.7624 36.2196)
20190259452,04/04/2019 09:00:00 AM,2,0,0,,N,676834,11,Front to Rear,21,CLEAR,1,DAYLIGHT,12,MOTOR VEHICLE IN TRANSPORT,MM 88 0 I 65,NASHVILLE,TN,37207,18041,EAST,36.2165,-86.775,POINT (-86.775 36.2165)
20190452849,06/14/2019 01:37:00 PM,1,0,0,,N,109534,0,NOT COLLISION W/MOTOR VEHICLE-TRANSPORT,21,CLEAR,1,DAYLIGHT,18,OTHER OBJECT (NOT FIXED),BRILEY PKWYS & BRILEY PKWYN,NASHVILLE,TN,37218,3212,NORTH,36.2142,-86.8724,POINT (-86.8724 36.2142)
20190265443,04/06/2019 12:00:00 AM,2,0,0,,Y,298868,11,Front to Rear,21,CLEAR,1,DAYLIGHT,12,MOTOR VEHICLE IN TRANSPORT,URBANDALE AV & BRILEY PKWYN,NASHVILLE,TN,37209,4637,WEST,36.1539,-86.8575,POINT (-86.8575 36.1539)
20190391763,05/22/2019 05:00:00 PM,2,1,0,,N,311798,11,Front to Rear,21,CLEAR,1,DAYLIGHT,12,MOTOR VEHICLE IN TRANSPORT,12TH AVN & JEFFERSON ST,NASHVILLE,TN,37208,5429,NORTH,36.1713,-86.7992,POINT (-86.7992 36.1713)
20190217507,03/20/2019 03:40:00 PM,2,0,0,,N,151132,11,Front to Rear,21,CLEAR,1,DAYLIGHT,12,MOTOR VEHICLE IN TRANSPORT,MM 90 2 I 65,MADISON,TN,37115,20022,MADISO,36.2398,-86.7532,POINT (-86.7532 36.2398)
20190326067,04/28/2019 04:00:00 AM,2,2,0,,N,256493,11,Front to Rear,21,CLEAR,3,DARK - LIGHTED,12,MOTOR VEHICLE IN TRANSPORT,MURFREESBORO PKE & NASHBORO BLVD,ANTIOCH,TN,37013,8891,SOUTH,36.0869,-86.6487,POINT (-86.6487 36.0869)
20190064615,01/25/2019 04:20:00 AM,1,2,0,,N,405424,0,NOT COLLISION W/MOTOR VEHICLE-TRANSPORT,21,CLEAR,3,DARK - LIGHTED,32,CULVERT,TRAILS END LN & WHITE PINE DR,NASHVILLE,TN,37214,8991,HERMIT,36.1389,-86.6354,POINT (-86.6354 36.1389)
20190432791,06/06/2019 11:10:00 PM,2,3,0,Y,N,191786,4,ANGLE,2,RAIN,3,DARK - LIGHTED,12;30,MOTOR VEHICLE IN TRANSPORT;UTILITY POLE,GARFIELD ST & ROSA L PARKS BLVD,NASHVILLE,TN,37208,4343,NORTH,36.1806,-86.7963,POINT (-86.7963 36.1806)
20190577403,08/03/2019 12:00:00 AM,1,0,0,,Y,256441,0,NOT COLLISION W/MOTOR VEHICLE-TRANSPORT,21,CLEAR,1,DAYLIGHT,7,,HILL RD & RAUSCH DR,BRENTWOOD,TN,37027,8619,MIDTOW,36.0428,-86.7515,POINT (-86.7515 36.0428)
20190427963,06/05/2019 07:40:00 AM,2,1,0,,N,262749,4,ANGLE,21,CLEAR,1,DAYLIGHT,12,MOTOR VEHICLE IN TRANSPORT,LAFAYETTE ST & FAIRFIELD AV,NASHVILLE,TN,37210,8133,SOUTH,36.1473,-86.7579,POINT (-86.7579 36.1473)
20190105240,02/08/2019 08:02:00 AM,2,0,0,,N,320575,11,Front to Rear,21,CLEAR,1,DAYLIGHT,12,MOTOR VEHICLE IN TRANSPORT,MM 59 3 I 24,ANTIOCH,TN,37013,87061,SOUTH,36.0459,-86.6601,POINT (-86.6601 36.0459)
20190156456,02/26/2019 06:01:00 PM,2,2,0,,N,256389,4,ANGLE,21,CLEAR,3,DARK - LIGHTED,12,MOTOR VEHICLE IN TRANSPORT,LYNWOOD AV & 8TH AVS,NASHVILLE,TN,37203,6941,MIDTOW,36.1383,-86.7785,POINT (-86.7785 36.1383)
20190152448,02/25/2019 01:00:00 PM,1,0,0,Y,N,665896,0,NOT COLLISION W/MOTOR VEHICLE-TRANSPORT,21,CLEAR,1,DAYLIGHT,38,FENCE,1400 GARTLAND AV,NASHVILLE,TN,37206,1217,EAST,36.1786,-86.744,POINT (-86.744 36.1786)
20190510917,07/07/2019 07:56:00 PM,2,5,1,,N,524985,4,ANGLE,21,CLEAR,1,DAYLIGHT,1;12,MOTOR VEHICLE IN TRANSPORT,BUENA VISTA PKE & W HAMILTON AV,NASHVILLE,TN,37207,3025,NORTH,36.218,-86.8204,POINT (-86.8204 36.218)
20190100923,02/06/2019 05:52:00 PM,1,1,0,,N,179606,0,NOT COLLISION W/MOTOR VEHICLE-TRANSPORT,2,RAIN,3,DARK - LIGHTED,34,DITCH,EAST THOMPSON LN & GLENROSE AV,NASHVILLE,TN,37211,8809,SOUTH,36.1155,-86.7194,POINT (-86.7194 36.1155)
20190421353,06/02/2019 05:24:00 PM,2,0,0,,Y,279208,4,ANGLE,21,CLEAR,1,DAYLIGHT,12,MOTOR VEHICLE IN TRANSPORT,17TH AVS & MCGAVOCK ST,NASHVILLE,TN,37203,5703,MIDTOW,36.1527,-86.7935,POINT (-86.7935 36.1527)
20190480359,06/25/2019 01:50:00 PM,2,1,0,,N,330417,11,Front to Rear,21,CLEAR,1,DAYLIGHT,12,MOTOR VEHICLE IN TRANSPORT,ODETTE ST & GALLATIN PKEN,MADISON,TN,37115,1717,MADISO,36.2806,-86.708,POINT (-86.708 36.2806)
20190506538,07/05/2019 12:28:00 PM,2,0,0,,N,544482,4,ANGLE,22,CLOUDY,1,DAYLIGHT,12,MOTOR VEHICLE IN TRANSPORT,MUSIC SQW & CHET ATKINS PL,NASHVILLE,TN,37203,6715,MIDTOW,36.1492,-86.7934,POINT (-86.7934 36.1492)
20190462064,06/18/2019 09:09:00 AM,2,1,0,,N,812949,11,Front to Rear,21,CLEAR,1,DAYLIGHT,12,MOTOR VEHICLE IN TRANSPORT,MM 86 4 I 65,NASHVILLE,TN,37207,19060,EAST,36.1937,-86.7758,POINT (-86.7758 36.1937)
20190223075,03/22/2019 09:30:00 AM,3,0,0,,N,225773,11,Front to Rear,21,CLEAR,1,DAYLIGHT,12,MOTOR VEHICLE IN TRANSPORT,WOODMONT BLVD & GRANNY WHITE PKE,NASHVILLE,TN,37204,7007,MIDTOW,36.1116,-86.7926,POINT (-86.7926 36.1116)
20190321623,04/26/2019 05:40:00 AM,2,1,0,,Y,256495,5,SIDESWIPE - SAME DIRECTION,22,CLOUDY,1,DAYLIGHT,12,MOTOR VEHICLE IN TRANSPORT,MM 85 0 I 65,NASHVILLE,TN,37208,43021,NORTH,36.1799,-86.8005,POINT (-86.8005 36.1799)
20190016493,01/07/2019 01:53:00 PM,3,1,0,,N,134899,4,ANGLE,21,CLEAR,1,DAYLIGHT,12,MOTOR VEHICLE IN TRANSPORT,OLD HICKORY BLVD & ANDREW JACKSON WAY,HERMITAGE,TN,37076,9561,HERMIT,36.1826,-86.6084,POINT (-86.6084 36.1826)
20190186100,03/09/2019 05:00:00 AM,1,0,0,,Y,660929,0,NOT COLLISION W/MOTOR VEHICLE-TRANSPORT,2,RAIN,3,DARK - LIGHTED,34,DITCH,380 BLACKMAN,NASHVILLE,TN,37211,8605,MIDTOW,36.0777,-86.7552,POINT (-86.7552 36.0777)
20190196541,03/13/2019 07:30:00 AM,2,0,0,,N,224953,11,Front to Rear,21,CLEAR,1,DAYLIGHT,12,MOTOR VEHICLE IN TRANSPORT,I24 E EXT RAMP & I 24,NASHVILLE,TN,37207,30080,NORTH,36.2378,-86.7872,POINT (-86.7872 36.2378)
20190313670,04/23/2019 04:49:00 PM,3,1,0,,N,633391,11,Front to Rear,22,CLOUDY,1,DAYLIGHT,12,MOTOR VEHICLE IN TRANSPORT,CHARLOTTE PKE & WESTBORO DR,NASHVILLE,TN,37209,5027,WEST,36.1459,-86.871,POINT (-86.871 36.1459)
20190343813,05/04/2019 09:50:00 PM,1,0,0,,N,330440,0,NOT COLLISION W/MOTOR VEHICLE-TRANSPORT,2,RAIN,3,DARK - LIGHTED,24,GUARDRAIL FACE,MM 86 4 I 65,NASHVILLE,TN,37207,19060,EAST,36.1937,-86.7758,POINT (-86.7758 36.1937)
20190368931,05/14/2019 01:30:00 PM,2,0,0,,N,690942,11,Front to Rear,21,CLEAR,1,DAYLIGHT,12,MOTOR VEHICLE IN TRANSPORT,8TH AVS & DIVISION ST,NASHVILLE,TN,37203,4009,CENTRA,36.1497,-86.7792,POINT (-86.7792 36.1497)
20190458033,06/16/2019 11:04:00 PM,1,3,0,Y,N,166477,0,NOT COLLISION W/MOTOR VEHICLE-TRANSPORT,21,CLEAR,3,DARK - LIGHTED,1;39;40;41;63;67,WALL;MAIL BOX;SHRUBBERY;Ran Off Road-Right;Vehicle Airborne,SHIHMEN DR & PENNY BRINK DR,ANTIOCH,TN,37013,8713,SOUTH,36.0544,-86.6812,POINT (-86.6812 36.0544)
20190436684,06/08/2019 01:10:00 PM,2,0,0,,N,343522,5,SIDESWIPE - SAME DIRECTION,22,CLOUDY,1,DAYLIGHT,12,MOTOR VEHICLE IN TRANSPORT,BRESSLYN RD & OLD CHARLOTTE PKE,NASHVILLE,TN,37205,5007,WEST,36.1311,-86.8967,POINT (-86.8967 36.1311)
20190440699,06/10/2019 09:15:00 AM,4,0,0,,N,278580,11,Front to Rear,21,CLEAR,1,DAYLIGHT,12,MOTOR VEHICLE IN TRANSPORT,MM 87 2 I 65,NASHVILLE,TN,37207,18020,EAST,36.2054,-86.7764,POINT (-86.7764 36.2054)
20190235185,03/26/2019 04:55:00 PM,2,0,0,,N,690942,4,ANGLE,21,CLEAR,1,DAYLIGHT,12,MOTOR VEHICLE IN TRANSPORT,8TH AVS & 8TH AVS,NASHVILLE,TN,37203,4041,CENTRA,36.1545,-86.7796,POINT (-86.7796 36.1545)
20190398303,05/24/2019 06:43:00 PM,2,0,0,,N,256383,5,SIDESWIPE - SAME DIRECTION,21,CLEAR,1,DAYLIGHT,12,MOTOR VEHICLE IN TRANSPORT,MM 57 2 I 24,NASHVILLE,TN,37211,8706,SOUTH,36.0675,-86.6877,POINT (-86.6877 36.0675)
20190444681,06/11/2019 07:08:00 PM,3,0,0,,N,256389,3,REAR-TO-REAR,21,CLEAR,1,DAYLIGHT,14,PARKED MOTOR VEHICLE,HALCYON AV & 12TH AVS,NASHVILLE,TN,37204,6949,MIDTOW,36.1226,-86.7896,POINT (-86.7896 36.1226)
20190484053,06/26/2019 08:43:00 PM,4,1,0,,Y,240955,11,Front to Rear,2,RAIN,3,DARK - LIGHTED,12,MOTOR VEHICLE IN TRANSPORT,MURFREESBORO PKE & MOUNTAIN SPRINGS RD,ANTIOCH,TN,37013,8927,SOUTH,36.0478,-86.6121,POINT (-86.6121 36.0478)
20190244443,03/29/2019 04:40:00 PM,2,1,0,,N,717341,11,Front to Rear,21,CLEAR,1,DAYLIGHT,12,MOTOR VEHICLE IN TRANSPORT,MURFREESBORO PKE & MILLWOOD DR,NASHVILLE,TN,37217,8873,SOUTH,36.1296,-86.7149,POINT (-86.7149 36.1296)
20190284715,04/13/2019 06:06:00 PM,3,0,0,,Y,320597,5,SIDESWIPE - SAME DIRECTION,2,RAIN,1,DAYLIGHT,12,MOTOR VEHICLE IN TRANSPORT,MM 57 3 I 24,ANTIOCH,TN,37013,88080,SOUTH,36.0663,-86.6861,POINT (-86.6861 36.0663)
20190554887,07/25/2019 08:30:00 AM,1,0,0,Y,Y,352174,0,NOT COLLISION W/MOTOR VEHICLE-TRANSPORT,21,CLEAR,1,DAYLIGHT,33;40,CURB;MAIL BOX,CHRISTIANSTED LN & CALEDONIAN CT,NASHVILLE,TN,37211,8651,MIDTOW,36.0255,-86.727,POINT (-86.727 36.0255)
20190044629,01/17/2019 05:10:00 PM,2,1,0,,N,256419,4,ANGLE,2,RAIN,3,DARK - LIGHTED,12,MOTOR VEHICLE IN TRANSPORT,HERMAN ST & 17TH AVN,NASHVILLE,TN,37203,5405,NORTH,36.1646,-86.8023,POINT (-86.8023 36.1646)
20190468432,06/20/2019 02:30:00 PM,2,0,0,,N,330444,5,SIDESWIPE - SAME DIRECTION,21,CLEAR,1,DAYLIGHT,12,MOTOR VEHICLE IN TRANSPORT,18TH AVS & WEST END AV,NASHVILLE,TN,37203,5523,MIDTOW,36.153,-86.796,POINT (-86.796 36.153)
20190438287,06/09/2019 06:25:00 AM,2,0,0,,N,320574,5,SIDESWIPE - SAME DIRECTION,22,CLOUDY,1,DAYLIGHT,12,MOTOR VEHICLE IN TRANSPORT,I40 W EXT RAMP & I 40,NASHVILLE,TN,37203,4119,CENTRA,36.1574,-86.79,POINT (-86.79 36.1574)
20190153577,02/25/2019 09:17:00 PM,1,0,0,Y,N,717341,0,NOT COLLISION W/MOTOR VEHICLE-TRANSPORT,21,CLEAR,3,DARK - LIGHTED,24,GUARDRAIL FACE,MM 55 0 I 24,NASHVILLE,TN,37211,8812,SOUTH,36.0948,-86.7069,POINT (-86.7069 36.0948)
20190147744,02/23/2019 02:50:00 PM,2,0,0,,Y,579971,11,Front to Rear,2,RAIN,1,DAYLIGHT,12,MOTOR VEHICLE IN TRANSPORT,BELL RD & MT VIEW RD,ANTIOCH,TN,37013,8865,SOUTH,36.05,-86.6496,POINT (-86.6496 36.05)
20190210466,03/18/2019 12:50:00 PM,2,0,0,,N,226136,11,Front to Rear,22,CLOUDY,1,DAYLIGHT,12,MOTOR VEHICLE IN TRANSPORT,WEST END AV & 30TH AVS,NASHVILLE,TN,37212,5815,MIDTOW,36.143,-86.815,POINT (-86.815 36.143)
20190317599,04/24/2019 10:01:00 PM,2,0,0,,N,279124,4,ANGLE,21,CLEAR,3,DARK - LIGHTED,12,MOTOR VEHICLE IN TRANSPORT,PARAGON MILLS RD & DEWAIN DR,NASHVILLE,TN,37211,8421,SOUTH,36.0891,-86.7207,POINT (-86.7207 36.0891)
20190569332,07/31/2019 12:17:00 PM,3,0,0,,Y,267831,11,Front to Rear,21,CLEAR,1,DAYLIGHT,12,MOTOR VEHICLE IN TRANSPORT,HILLSBORO PKE & CRESTMOOR RD,NASHVILLE,TN,37215,6413,MIDTOW,36.1091,-86.8119,POINT (-86.8119 36.1091)
20190227959,03/24/2019 07:46:00 AM,2,0,0,,Y,633390,0,NOT COLLISION W/MOTOR VEHICLE-TRANSPORT,22,CLOUDY,1,DAYLIGHT,1;12;14,MOTOR VEHICLE IN TRANSPORT;PARKED MOTOR VEHICLE,SHELBY AV & S 9TH ST,NASHVILLE,TN,37206,1031,EAST,36.1708,-86.754,POINT (-86.754 36.1708)
20190175417,03/05/2019 05:54:00 PM,2,0,0,,N,714641,11,Front to Rear,21,CLEAR,1,DAYLIGHT,12,MOTOR VEHICLE IN TRANSPORT,CHURCH ST & YMCA WAY,NASHVILLE,TN,37203,4147,CENTRA,36.1611,-86.7849,POINT (-86.7849 36.1611)
20190417091,05/31/2019 06:15:00 PM,2,0,0,,Y,256412,11,Front to Rear,21,CLEAR,1,DAYLIGHT,12,MOTOR VEHICLE IN TRANSPORT,NOLENSVILLE PKE & MCNALLY DR,NASHVILLE,TN,37211,8511,MIDTOW,36.0933,-86.7362,POINT (-86.7362 36.0933)
20190455035,06/15/2019 11:15:00 AM,2,0,0,,N,109495,4,ANGLE,21,CLEAR,1,DAYLIGHT,12,MOTOR VEHICLE IN TRANSPORT,FORT NEGLEY BLVD & CHESTNUT ST,NASHVILLE,TN,37203,8007,MIDTOW,36.1421,-86.7758,POINT (-86.7758 36.1421)
20190005129,01/02/2019 11:03:00 PM,2,0,0,,Y,279212,4,ANGLE,22,CLOUDY,3,DARK - LIGHTED,12,MOTOR VEHICLE IN TRANSPORT,BAUGH RD & BELLEVUE RD,NASHVILLE,TN,37221,4811,WEST,36.0689,-86.9414,POINT (-86.9414 36.0689)