Accident Number,Date and Time,Number of Motor Vehicles,Number of Injuries,Number of Fatalities,Property Damage,Hit and Run,Reporting Officer,Collision Type Code,Collision Type Description,Weather Code,Weather Description,Illumination Code,Illumination Description,Harmful Code,Harmful Code Description,Street Address,City,State,ZIP,RPA,Precinct,Latitude,Longitude,Mapped Location
20190062635,01/24/2019 12:30:00 PM,2,0,0,,N,200016,4,ANGLE,21,CLEAR,1,DAYLIGHT,12,MOTOR VEHICLE IN TRANSPORT,I24 W ENT RAMP & I 40,NASHVILLE,TN,37217,8818,HERMIT,36.1397,-86.7275,POINT (-86.7275 36.1397)
20190352848,05/08/2019 07:51:00 AM,1,0,0,,N,191578,0,NOT COLLISION W/MOTOR VEHICLE-TRANSPORT,21,CLEAR,1,DAYLIGHT,36,CONCRETE TRAFFIC BARRIER,I40 W EXT RAMP & I 40,NASHVILLE,TN,37203,4119,CENTRA,36.1574,-86.79,POINT (-86.79 36.1574)
20190061944,01/24/2019 07:27:00 AM,2,0,0,,N,716886,11,Front to Rear,21,CLEAR,1,DAYLIGHT,12,MOTOR VEHICLE IN TRANSPORT,MM 56 5 I 24,NASHVILLE,TN,37211,8708,SOUTH,36.0756,-86.6938,POINT (-86.6938 36.0756)
20190008863,01/04/2019 07:55:00 AM,2,2,0,,N,226622,4,ANGLE,2,RAIN,1,DAYLIGHT,12,MOTOR VEHICLE IN TRANSPORT,OLD HICKORY BLVD & BELLEVUE RD,NASHVILLE,TN,37221,4819,WEST,36.0631,-86.9169,POINT (-86.9169 36.0631)
20190193606,03/12/2019 08:53:00 AM,2,0,0,,N,311804,11,Front to Rear,22,CLOUDY,1,DAYLIGHT,12,MOTOR VEHICLE IN TRANSPORT,MM 48 9 I 24,NASHVILLE,TN,37213,1104,CENTRA,36.1676,-86.7656,POINT (-86.7656 36.1676)
20190522791,07/12/2019 04:05:00 PM,3,0,0,,N,690942,11,Front to Rear,21,CLEAR,1,DAYLIGHT,14,PARKED MOTOR VEHICLE,6TH AVN & UNION ST,NASHVILLE,TN,37219,4141,CENTRA,36.164,-86.7823,POINT (-86.7823 36.164)
20190353997,05/08/2019 04:14:00 PM,4,1,0,,N,151132,11,Front to Rear,21,CLEAR,1,DAYLIGHT,12,MOTOR VEHICLE IN TRANSPORT,MM 94 4 I 65,MADISON,TN,37115,17042,MADISO,36.2921,-86.7207,POINT (-86.7207 36.2921)
20190532266,07/16/2019 05:45:00 PM,2,0,0,,Y,140777,11,Front to Rear,21,CLEAR,1,DAYLIGHT,12,MOTOR VEHICLE IN TRANSPORT,MM 80 5 I 65,NASHVILLE,TN,37204,69020,MIDTOW,36.1226,-86.7733,POINT (-86.7733 36.1226)
20190132048,02/18/2019 09:45:00 AM,2,0,0,,N,109534,11,Front to Rear,21,CLEAR,1,DAYLIGHT,12,MOTOR VEHICLE IN TRANSPORT,ELM HILL PKE & FESSLERS LN,NASHVILLE,TN,37210,8217,HERMIT,36.1447,-86.744,POINT (-86.744 36.1447)
20190418871,06/01/2019 04:21:00 PM,1,0,0,Y,N,279124,0,NOT COLLISION W/MOTOR VEHICLE-TRANSPORT,21,CLEAR,1,DAYLIGHT,1,,CREEKSIDE DR & KEELEY DR,NASHVILLE,TN,37211,8709,SOUTH,36.0681,-86.6964,POINT (-86.6964 36.0681)
20190051992,01/20/2019 05:49:00 PM,3,0,0,Y,N,320597,11,Front to Rear,4,SNOW,2,DARK - NOT LIGHTED,14,PARKED MOTOR VEHICLE,DOVER GLEN DR & SPLIT OAK TRL,ANTIOCH,TN,37013,8861,SOUTH,36.0751,-86.654,POINT (-86.654 36.0751)
20190122709,02/14/2019 01:55:00 PM,2,0,0,,N,807344,11,Front to Rear,21,CLEAR,1,DAYLIGHT,12,MOTOR VEHICLE IN TRANSPORT,ROSA L PARKS BLVD & JAMES ROBERTSON PKWY,NASHVILLE,TN,37219,4203,CENTRA,36.1667,-86.7874,POINT (-86.7874 36.1667)
20190373085,05/15/2019 09:04:00 PM,2,0,0,,N,256383,11,Front to Rear,21,CLEAR,3,DARK - LIGHTED,12,MOTOR VEHICLE IN TRANSPORT,HICKORY HOLLOW PKWY & BELL RD,ANTIOCH,TN,37013,8863,SOUTH,36.0475,-86.656,POINT (-86.656 36.0475)
20190422898,06/03/2019 01:02:00 PM,1,1,0,,N,311804,0,NOT COLLISION W/MOTOR VEHICLE-TRANSPORT,21,CLEAR,1,DAYLIGHT,8,PEDESTRIAN,5TH AVN & UNION ST,NASHVILLE,TN,37219,4141,CENTRA,36.1643,-86.7809,POINT (-86.7809 36.1643)
20190172088,03/04/2019 03:53:00 PM,2,0,0,,N,197054,11,Front to Rear,21,CLEAR,1,DAYLIGHT,12,MOTOR VEHICLE IN TRANSPORT,MM 214 3 I 40,NASHVILLE,TN,37217,88021,HERMIT,36.1425,-86.7089,POINT (-86.7089 36.1425)
20190539711,07/19/2019 11:00:00 AM,2,0,0,,N,352189,5,SIDESWIPE - SAME DIRECTION,21,CLEAR,1,DAYLIGHT,14,PARKED MOTOR VEHICLE,LESLIE AV & 22ND AVN,NASHVILLE,TN,37203,5609,MIDTOW,36.1556,-86.807,POINT (-86.807 36.1556)
20190097323,02/05/2019 03:27:00 PM,2,0,0,,N,151132,11,Front to Rear,21,CLEAR,1,DAYLIGHT,12,MOTOR VEHICLE IN TRANSPORT,GALLATIN PKEN & NORTHSIDE DR,MADISON,TN,37115,1721,MADISO,36.3059,-86.6872,POINT (-86.6872 36.3059)
20190141114,02/21/2019 07:45:00 AM,2,1,0,,N,676834,4,ANGLE,21,CLEAR,1,DAYLIGHT,12,MOTOR VEHICLE IN TRANSPORT,BAPTIST WORLD CENTER DR & MEADE AV,NASHVILLE,TN,37207,3005,NORTH,36.2031,-86.7891,POINT (-86.7891 36.2031)
20190524695,07/13/2019 12:14:00 PM,2,0,0,,N,834798,11,Front to Rear,21,CLEAR,1,DAYLIGHT,12,MOTOR VEHICLE IN TRANSPORT,HARDING PL & TROUSDALE DR,NASHVILLE,TN,37220,8601,MIDTOW,36.0811,-86.7584,POINT (-86.7584 36.0811)
20190434632,06/07/2019 04:14:00 PM,3,1,0,,N,240976,11,Front to Rear,2,RAIN,1,DAYLIGHT,12,MOTOR VEHICLE IN TRANSPORT,ELLINGTON PKWY S EXT RAMP & MCFERRIN AV,NASHVILLE,TN,37207,18960,EAST,36.1934,-86.7533,POINT (-86.7533 36.1934)
20190265129,04/06/2019 11:23:00 AM,2,0,0,,N,529877,5,SIDESWIPE - SAME DIRECTION,21,CLEAR,1,DAYLIGHT,12,MOTOR VEHICLE IN TRANSPORT,I24 E ENT RAMP & BELL RD,ANTIOCH,TN,37013,8751,SOUTH,36.0483,-86.6573,POINT (-86.6573 36.0483)
20190544491,07/21/2019 12:40:00 PM,3,0,0,,N,278580,11,Front to Rear,2,RAIN,1,DAYLIGHT,12,MOTOR VEHICLE IN TRANSPORT,I65 S ENT RAMP & I 65,NASHVILLE,TN,37207,3007,NORTH,36.2057,-86.778,POINT (-86.778 36.2057)
20190292057,04/16/2019 12:02:00 PM,2,0,0,,Y,902543,4,ANGLE,21,CLEAR,1,DAYLIGHT,12,MOTOR VEHICLE IN TRANSPORT,I65 N EXT RAMP & I 65,NASHVILLE,TN,37207,1863,EAST,36.2057,-86.7747,POINT (-86.7747 36.2057)
20190359764,05/10/2019 05:00:00 PM,2,1,0,,N,420040,2,HEAD-ON,22,CLOUDY,1,DAYLIGHT,12,MOTOR VEHICLE IN TRANSPORT,EDGEHILL AV & 19TH AVS,NASHVILLE,TN,37212,6625,MIDTOW,36.1439,-86.7977,POINT (-86.7977 36.1439)
20190461499,06/18/2019 06:02:00 AM,2,0,0,,Y,109534,11,Front to Rear,2,RAIN,3,DARK - LIGHTED,12;99,MOTOR VEHICLE IN TRANSPORT;UNKNOWN MOST HARMFUL EVENT,OLD HICKORY BLVD & ANDREW JACKSON WAY,HERMITAGE,TN,37076,9561,HERMIT,36.1826,-86.6084,POINT (-86.6084 36.1826)
20190073827,01/28/2019 05:01:00 PM,1,1,0,,N,279225,0,NOT COLLISION W/MOTOR VEHICLE-TRANSPORT,21,CLEAR,1,DAYLIGHT,8,PEDESTRIAN,OLD SMITH SPRINGS RD & SMITH SPRINGS RD,NASHVILLE,TN,37217,8931,HERMIT,36.0885,-86.6097,POINT (-86.6097 36.0885)
20190241611,03/28/2019 07:00:00 PM,1,1,0,,Y,320582,0,NOT COLLISION W/MOTOR VEHICLE-TRANSPORT,21,CLEAR,3,DARK - LIGHTED,15,OTHER TYPE NON-MOTORIST,SHELBY AV & S 4TH ST,NASHVILLE,TN,37206,1009,EAST,36.167,-86.7637,POINT (-86.7637 36.167)
20190393693,05/23/2019 08:23:00 AM,2,1,0,,N,109534,11,Front to Rear,21,CLEAR,1,DAYLIGHT,12,MOTOR VEHICLE IN TRANSPORT,MM 213 0 I 40,NASHVILLE,TN,37210,8219,HERMIT,36.1407,-86.7323,POINT (-86.7323 36.1407)
20190257521,04/03/2019 03:40:00 PM,3,0,0,,N,330428,11,Front to Rear,21,CLEAR,1,DAYLIGHT,12,MOTOR VEHICLE IN TRANSPORT,ABBOTT MARTIN RD & CROSS CREEK RD,NASHVILLE,TN,37215,6113,WEST,36.1066,-86.8218,POINT (-86.8218 36.1066)
20190101365,02/06/2019 10:26:00 PM,2,0,0,,Y,279212,5,SIDESWIPE - SAME DIRECTION,2,RAIN,3,DARK - LIGHTED,12,MOTOR VEHICLE IN TRANSPORT,MM 203 4 I 40,NASHVILLE,TN,37209,46021,WEST,36.1504,-86.8677,POINT (-86.8677 36.1504)
20190539524,07/19/2019 10:04:00 AM,2,0,0,,Y,306231,5,SIDESWIPE - SAME DIRECTION,21,CLEAR,1,DAYLIGHT,14,PARKED MOTOR VEHICLE,26TH AVN & CLIFTON AV,NASHVILLE,TN,37208,5311,NORTH,36.159,-86.815,POINT (-86.815 36.159)
20190230466,03/25/2019 08:05:00 AM,3,1,0,,N,191578,11,Front to Rear,22,CLOUDY,1,DAYLIGHT,12,MOTOR VEHICLE IN TRANSPORT,DONELSON PKE & I40 E ENT RAMP,NASHVILLE,TN,37214,8953,HERMIT,36.1396,-86.6662,POINT (-86.6662 36.1396)
20190522771,07/12/2019 03:00:00 PM,2,0,0,,N,206675,16,Rear to Side,21,CLEAR,1,DAYLIGHT,12,MOTOR VEHICLE IN TRANSPORT,FAIRFAX AV & MAGNOLIA BLVD,NASHVILLE,TN,37212,5901,MIDTOW,36.1342,-86.8017,POINT (-86.8017 36.1342)
20190375588,05/16/2019 03:40:00 PM,3,6,1,,N,212343,4,ANGLE,21,CLEAR,1,DAYLIGHT,12,MOTOR VEHICLE IN TRANSPORT,COWAN ST & SPRING ST,NASHVILLE,TN,37213,1987,CENTRA,36.177,-86.7761,POINT (-86.7761 36.177)
20190011627,01/05/2019 09:29:00 AM,2,1,0,,Y,473670,4,ANGLE,21,CLEAR,1,DAYLIGHT,12,MOTOR VEHICLE IN TRANSPORT,S 8TH ST & SHELBY AV,NASHVILLE,TN,37206,1023,EAST,36.1699,-86.7562,POINT (-86.7562 36.1699)
20190151615,02/25/2019 12:00:00 AM,1,0,0,,Y,716886,0,NOT COLLISION W/MOTOR VEHICLE-TRANSPORT,21,CLEAR,1,DAYLIGHT,34,DITCH,KINROSS AV & MORTON AV,NASHVILLE,TN,37211,8423,SOUTH,36.1044,-86.7334,POINT (-86.7334 36.1044)
20190300078,04/18/2019 08:06:00 PM,1,0,0,,N,212343,0,NOT COLLISION W/MOTOR VEHICLE-TRANSPORT,2,RAIN,3,DARK - LIGHTED,36,CONCRETE TRAFFIC BARRIER,MM 49 0 I 24,NASHVILLE,TN,37206,10040,EAST,36.1664,-86.7647,POINT (-86.7647 36.1664)
20190281626,04/12/2019 01:06:00 PM,4,1,0,,N,633390,11,Front to Rear,22,CLOUDY,1,DAYLIGHT,12,MOTOR VEHICLE IN TRANSPORT,MM 48 4 I 24,NASHVILLE,TN,37206,1102,EAST,36.1715,-86.768,POINT (-86.768 36.1715)
20190510828,07/07/2019 06:50:00 PM,2,0,0,,Y,298863,5,SIDESWIPE - SAME DIRECTION,22,CLOUDY,1,DAYLIGHT,12,MOTOR VEHICLE IN TRANSPORT,MM 211 1 I 40,NASHVILLE,TN,37210,8008,HERMIT,36.1539,-86.7571,POINT (-86.7571 36.1539)
20190178665,03/06/2019 04:40:00 PM,2,1,0,,N,151132,11,Front to Rear,21,CLEAR,1,DAYLIGHT,12,MOTOR VEHICLE IN TRANSPORT,MM 92 8 I 65,MADISON,TN,37115,17062,MADISO,36.2724,-86.7362,POINT (-86.7362 36.2724)
20190506461,07/05/2019 11:43:00 AM,2,2,0,,N,594473,11,Front to Rear,22,CLOUDY,1,DAYLIGHT,12,MOTOR VEHICLE IN TRANSPORT,MM 78 9 I 65,NASHVILLE,TN,37204,8502,MIDTOW,36.0982,-86.7634,POINT (-86.7634 36.0982)
20190119910,02/13/2019 04:20:00 PM,3,1,0,,N,206675,11,Front to Rear,21,CLEAR,1,DAYLIGHT,12,MOTOR VEHICLE IN TRANSPORT,WEST END AV & 21ST AVN,NASHVILLE,TN,37203,5715,MIDTOW,36.1503,-86.8016,POINT (-86.8016 36.1503)
20190298918,04/18/2019 11:49:00 AM,2,1,0,,N,191578,4,ANGLE,21,CLEAR,1,DAYLIGHT,12,MOTOR VEHICLE IN TRANSPORT,MURFREESBORO PKE & PARRIS AV,NASHVILLE,TN,37210,8117,SOUTH,36.1438,-86.7473,POINT (-86.7473 36.1438)
20190278738,04/11/2019 12:40:00 PM,2,0,0,,N,716886,11,Front to Rear,21,CLEAR,1,DAYLIGHT,12,MOTOR VEHICLE IN TRANSPORT,NOLENSVILLE PKE & CRAIGHEAD ST,NASHVILLE,TN,37210,8125,SOUTH,36.1338,-86.7588,POINT (-86.7588 36.1338)
20190472197,06/21/2019 12:00:00 AM,1,0,0,Y,N,320578,0,NOT COLLISION W/MOTOR VEHICLE-TRANSPORT,21,CLEAR,1,DAYLIGHT,30,UTILITY POLE,HUMBER DR & WALLACE RD,NASHVILLE,TN,37211,8705,SOUTH,36.0795,-86.7145,POINT (-86.7145 36.0795)
20190267949,04/07/2019 06:13:00 PM,1,0,0,Y,N,240955,0,NOT COLLISION W/MOTOR VEHICLE-TRANSPORT,22,CLOUDY,1,DAYLIGHT,34;39;40;63,DITCH;WALL;MAIL BOX;Ran Off Road-Right,PRESTON RD & OLD FRANKLIN RD,ANTIOCH,TN,37013,8753,SOUTH,36.0335,-86.6612,POINT (-86.6612 36.0335)
20190420115,06/02/2019 07:14:00 AM,2,0,0,,N,311799,0,NOT COLLISION W/MOTOR VEHICLE-TRANSPORT,21,CLEAR,1,DAYLIGHT,60,Cargo Equip Loss/Shift,MM 89 2 I 65,NASHVILLE,TN,37207,18062,EAST,36.233,-86.7685,POINT (-86.7685 36.233)
20190444210,06/11/2019 02:32:00 PM,2,1,0,,N,524985,11,Front to Rear,21,CLEAR,1,DAYLIGHT,12,MOTOR VEHICLE IN TRANSPORT,MM 86 3 I 65,NASHVILLE,TN,37207,1910,CENTRA,36.1919,-86.7808,POINT (-86.7808 36.1919)
20190266982,04/07/2019 05:55:00 AM,2,0,0,,N,212321,4,ANGLE,2,RAIN,4,DAWN,12,MOTOR VEHICLE IN TRANSPORT,MURFREESBORO PKE & BELL RD,ANTIOCH,TN,37013,8865,SOUTH,36.072,-86.636,POINT (-86.636 36.072)
20190565825,07/30/2019 04:43:00 AM,2,0,0,,Y,298875,11,Front to Rear,21,CLEAR,4,DAWN,12,MOTOR VEHICLE IN TRANSPORT,MM 59 4 I 24,ANTIOCH,TN,37013,8808,SOUTH,36.0454,-86.659,POINT (-86.659 36.0454)
20190547484,07/22/2019 06:34:00 PM,2,0,0,,N,580819,4,ANGLE,22,CLOUDY,1,DAYLIGHT,12,MOTOR VEHICLE IN TRANSPORT,8TH AVS & LAFAYETTE ST,NASHVILLE,TN,37203,4043,CENTRA,36.1546,-86.7792,POINT (-86.7792 36.1546)
20190156815,02/26/2019 09:15:00 PM,1,0,0,,N,620080,0,NOT COLLISION W/MOTOR VEHICLE-TRANSPORT,21,CLEAR,2,DARK - NOT LIGHTED,8,PEDESTRIAN,HAMILTON CHURCH RD & MURFREESBORO PKE,ANTIOCH,TN,37013,8865,SOUTH,36.0645,-86.6288,POINT (-86.6288 36.0645)
20190420539,06/02/2019 11:45:00 AM,1,0,0,,N,140790,0,NOT COLLISION W/MOTOR VEHICLE-TRANSPORT,21,CLEAR,1,DAYLIGHT,42,TREE,SHUTE LN & SAUNDERSVILLE RD,OLD HICKORY,TN,37138,9717,HERMIT,36.2267,-86.6032,POINT (-86.6032 36.2267)
20190383562,05/19/2019 11:11:00 PM,1,1,0,,N,345098,0,NOT COLLISION W/MOTOR VEHICLE-TRANSPORT,21,CLEAR,3,DARK - LIGHTED,8,PEDESTRIAN,BELL RD & HICKORY HOLLOW MALL PVTDR PL,ANTIOCH,TN,37013,8863,SOUTH,36.0493,-86.6517,POINT (-86.6517 36.0493)
20190156171,02/26/2019 12:00:00 AM,2,0,0,,Y,197047,9,UNKNOWN,21,CLEAR,9,UNKNOWN,12;14,MOTOR VEHICLE IN TRANSPORT;PARKED MOTOR VEHICLE,2000 PORTER RD,NASHVILLE,TN,37206,1375,EAST,36.1959,-86.7172,POINT (-86.7172 36.1959)
20190213291,03/19/2019 10:01:00 AM,2,0,0,,N,420059,11,Front to Rear,21,CLEAR,1,DAYLIGHT,12,MOTOR VEHICLE IN TRANSPORT,FRANKLIN PKE & FRANKLIN RD,NASHVILLE,TN,37220,7111,MIDTOW,36.037,-86.7867,POINT (-86.7867 36.037)
20190044998,01/17/2019 12:00:00 AM,2,0,0,,Y,256499,4,ANGLE,2,RAIN,9,UNKNOWN,14,PARKED MOTOR VEHICLE,MUSIC SQE & CHET ATKINS PL,NASHVILLE,TN,37203,6715,MIDTOW,36.1484,-86.7922,POINT (-86.7922 36.1484)
20190165954,03/02/2019 03:31:00 AM,1,0,0,Y,N,256377,0,NOT COLLISION W/MOTOR VEHICLE-TRANSPORT,21,CLEAR,3,DARK - LIGHTED,33;38;41;63,CURB;FENCE;SHRUBBERY;Ran Off Road-Right,MURFREESBORO PKE & BOROWOOD DR,NASHVILLE,TN,37217,8935,HERMIT,36.091,-86.6511,POINT (-86.6511 36.091)
20190331664,04/30/2019 10:32:00 AM,3,1,0,,N,226136,4,ANGLE,22,CLOUDY,1,DAYLIGHT,12;14,MOTOR VEHICLE IN TRANSPORT;PARKED MOTOR VEHICLE,20TH AVN & CHURCH ST,NASHVILLE,TN,37203,5527,MIDTOW,36.1534,-86.8008,POINT (-86.8008 36.1534)
20190517340,07/10/2019 02:00:00 PM,2,0,0,,Y,716886,11,Front to Rear,21,CLEAR,1,DAYLIGHT,12,MOTOR VEHICLE IN TRANSPORT,CAMERON ST & 3RD AVS,NASHVILLE,TN,37210,8153,SOUTH,36.1481,-86.7676,POINT (-86.7676 36.1481)
20190410509,05/29/2019 03:18:00 PM,2,0,0,,Y,690942,11,Front to Rear,21,CLEAR,1,DAYLIGHT,12;99,MOTOR VEHICLE IN TRANSPORT;UNKNOWN MOST HARMFUL EVENT,MM 47 9 I 24,NASHVILLE,TN,37207,1904,CENTRA,36.1775,-86.7731,POINT (-86.7731 36.1775)
20190285200,04/14/2019 12:00:00 AM,1,0,0,,N,279221,0,NOT COLLISION W/MOTOR VEHICLE-TRANSPORT,2,RAIN,3,DARK - LIGHTED,36,CONCRETE TRAFFIC BARRIER,MM 91 7 I 65,MADISON,TN,37115,2006,MADISO,36.257,-86.7385,POINT (-86.7385 36.257)
20190426533,06/04/2019 06:43:00 PM,2,0,0,,N,717341,4,ANGLE,21,CLEAR,1,DAYLIGHT,12,MOTOR VEHICLE IN TRANSPORT,MM 54 8 I 24,NASHVILLE,TN,37211,8812,SOUTH,36.0968,-86.7085,POINT (-86.7085 36.0968)
20190030379,01/12/2019 11:05:00 AM,2,0,0,,N,224955,5,SIDESWIPE - SAME DIRECTION,22,CLOUDY,1,DAYLIGHT,12,MOTOR VEHICLE IN TRANSPORT,SHAKESPEARE AV & GALLATIN PKEN,MADISON,TN,37115,1719,MADISO,36.286,-86.7056,POINT (-86.7056 36.286)
20190545172,07/21/2019 09:08:00 PM,2,1,0,,Y,256379,11,Front to Rear,21,CLEAR,3,DARK - LIGHTED,12,MOTOR VEHICLE IN TRANSPORT,THOMPSON LN & BRILEY PKWYN,NASHVILLE,TN,37211,8423,SOUTH,36.1095,-86.7283,POINT (-86.7283 36.1095)
20190004183,01/02/2019 03:51:00 PM,2,1,0,,N,279211,4,ANGLE,22,CLOUDY,1,DAYLIGHT,12,MOTOR VEHICLE IN TRANSPORT,ROOSEVELT AV & GALLATIN PKEN,MADISON,TN,37115,1761,MADISO,36.2711,-86.7104,POINT (-86.7104 36.2711)
20190384238,05/20/2019 06:35:00 AM,2,0,0,,N,352188,11,Front to Rear,21,CLEAR,1,DAYLIGHT,12,MOTOR VEHICLE IN TRANSPORT,CHARLOTTE PKE & I40 E EXT RAMP,NASHVILLE,TN,37205,5007,WEST,36.1314,-86.8967,POINT (-86.8967 36.1314)
20190567419,07/30/2019 05:40:00 PM,3,1,0,,N,256384,5,SIDESWIPE - SAME DIRECTION,2,RAIN,1,DAYLIGHT,12,MOTOR VEHICLE IN TRANSPORT,4TH AVS & MILDRED SHUTE AV,NASHVILLE,TN,37210,8143,SOUTH,36.1465,-86.7677,POINT (-86.7677 36.1465)
20190224959,03/22/2019 10:00:00 PM,1,0,0,Y,N,330445,0,NOT COLLISION W/MOTOR VEHICLE-TRANSPORT,21,CLEAR,3,DARK - LIGHTED,34,DITCH,WAUFORD DR & HARDING PL,NASHVILLE,TN,37211,8605,MIDTOW,36.0805,-86.7518,POINT (-86.7518 36.0805)
20190519537,07/11/2019 10:29:00 AM,1,1,0,Y,N,716886,0,NOT COLLISION W/MOTOR VEHICLE-TRANSPORT,21,CLEAR,1,DAYLIGHT,43,OTHER FIXED OBJECTS,PAVILION BLVD & PLUS PARK BLVD,NASHVILLE,TN,37217,8801,SOUTH,36.1326,-86.7232,POINT (-86.7232 36.1326)
20190113270,02/11/2019 03:34:00 PM,3,0,0,,Y,320599,11,Front to Rear,2,RAIN,1,DAYLIGHT,12,MOTOR VEHICLE IN TRANSPORT,NASHBORO BLVD & MURFREESBORO PKE,NASHVILLE,TN,37217,8935,HERMIT,36.0884,-86.6478,POINT (-86.6478 36.0884)
20190285194,04/13/2019 11:59:00 PM,2,0,0,,N,191573,4,ANGLE,2,RAIN,3,DARK - LIGHTED,12,MOTOR VEHICLE IN TRANSPORT,4TH AVS & KOREAN VETERANS BLVD,NASHVILLE,TN,37201,4047,CENTRA,36.1569,-86.7745,POINT (-86.7745 36.1569)
20190449014,06/13/2019 07:15:00 AM,2,0,0,,N,716886,11,Front to Rear,21,CLEAR,1,DAYLIGHT,12,MOTOR VEHICLE IN TRANSPORT,MM 54 9 I 24,NASHVILLE,TN,37211,8812,SOUTH,36.0962,-86.7081,POINT (-86.7081 36.0962)
20190109246,02/09/2019 12:00:00 AM,4,0,0,,Y,166477,11,Front to Rear,21,CLEAR,3,DARK - LIGHTED,12;54,MOTOR VEHICLE IN TRANSPORT;Set In Motion By Motor Vehicle,BELL RD & I24 E EXT RAMP,ANTIOCH,TN,37013,8751,SOUTH,36.0451,-86.6593,POINT (-86.6593 36.0451)
20190172106,03/04/2019 04:52:00 PM,2,0,0,,N,240968,4,ANGLE,21,CLEAR,1,DAYLIGHT,12,MOTOR VEHICLE IN TRANSPORT,MURFREESBORO PKE & RURAL HILL RD,ANTIOCH,TN,37013,8861,SOUTH,36.0745,-86.6387,POINT (-86.6387 36.0745)
20190433588,06/07/2019 07:34:00 AM,1,1,0,,N,191578,0,NOT COLLISION W/MOTOR VEHICLE-TRANSPORT,2,RAIN,1,DAYLIGHT,24,GUARDRAIL FACE,I40 E EXT RAMP & I 40,NASHVILLE,TN,37214,8955,HERMIT,36.155,-86.6271,POINT (-86.6271 36.155)
20190206977,03/16/2019 10:41:00 PM,2,0,0,,Y,256382,6,SIDESWIPE - OPPOSITE DIRECTION,21,CLEAR,3,DARK - LIGHTED,14,PARKED MOTOR VEHICLE,ERMAC DR & MARRIOTT DR,NASHVILLE,TN,37214,9115,HERMIT,36.1449,-86.6899,POINT (-86.6899 36.1449)
20190502113,07/03/2019 04:20:00 PM,2,2,0,,N,256380,11,Front to Rear,21,CLEAR,1,DAYLIGHT,12,MOTOR VEHICLE IN TRANSPORT,MM 85 0 I 65,NASHVILLE,TN,37208,43021,NORTH,36.1799,-86.8005,POINT (-86.8005 36.1799)
20190234021,03/26/2019 08:03:00 AM,2,0,0,,N,462474,11,Front to Rear,21,CLEAR,1,DAYLIGHT,12,MOTOR VEHICLE IN TRANSPORT,MM 74 8 I 65,NASHVILLE,TN,37220,7111,MIDTOW,36.0417,-86.7824,POINT (-86.7824 36.0417)
20190018961,01/08/2019 11:11:00 AM,2,0,0,,N,332253,11,Front to Rear,21,CLEAR,1,DAYLIGHT,12,MOTOR VEHICLE IN TRANSPORT,CONFERENCE DR & VIETNAM VETERANS BLVD NB,MADISON,TN,37115,1737,MADISO,36.3068,-86.6944,POINT (-86.6944 36.3068)
20190498261,07/02/2019 10:43:00 AM,2,0,0,,N,352189,11,Front to Rear,21,CLEAR,1,DAYLIGHT,12,MOTOR VEHICLE IN TRANSPORT,MM 5 8 I 440,NASHVILLE,TN,37204,83062,MIDTOW,36.1217,-86.7596,POINT (-86.7596 36.1217)
20190170706,03/04/2019 08:19:00 AM,2,0,0,,N,620067,11,Front to Rear,21,CLEAR,1,DAYLIGHT,12,MOTOR VEHICLE IN TRANSPORT,MM 56 0 I 24,NASHVILLE,TN,37211,8708,SOUTH,36.0818,-86.6975,POINT (-86.6975 36.0818)
20190024447,01/10/2019 09:10:00 AM,2,0,0,,N,225773,5,SIDESWIPE - SAME DIRECTION,21,CLEAR,1,DAYLIGHT,12,MOTOR VEHICLE IN TRANSPORT,12TH AVS & CALDWELL AV,NASHVILLE,TN,37204,6943,MIDTOW,36.1328,-86.7887,POINT (-86.7887 36.1328)
20190528412,07/15/2019 08:18:00 AM,2,0,0,,N,594473,11,Front to Rear,2,RAIN,1,DAYLIGHT,12,MOTOR VEHICLE IN TRANSPORT,HARDING PL & HILLSBORO PKE,NASHVILLE,TN,37215,6311,MIDTOW,36.0914,-86.8285,POINT (-86.8285 36.0914)
20190248245,03/31/2019 12:05:00 PM,2,0,0,,N,299264,5,SIDESWIPE - SAME DIRECTION,21,CLEAR,1,DAYLIGHT,12,MOTOR VEHICLE IN TRANSPORT,ELLISTON PL & CHURCH ST,NASHVILLE,TN,37203,5601,MIDTOW,36.1524,-86.8029,POINT (-86.8029 36.1524)
20190230419,03/25/2019 07:45:00 AM,2,0,0,,N,665896,11,Front to Rear,22,CLOUDY,1,DAYLIGHT,12,MOTOR VEHICLE IN TRANSPORT,S 4TH ST & SHELBY AV,NASHVILLE,TN,37206,1009,EAST,36.1668,-86.7636,POINT (-86.7636 36.1668)
20190489360,06/28/2019 06:00:00 PM,2,0,0,,N,299238,5,SIDESWIPE - SAME DIRECTION,21,CLEAR,1,DAYLIGHT,12,MOTOR VEHICLE IN TRANSPORT,MM 47 3 I 24,NASHVILLE,TN,37207,19021,EAST,36.1845,-86.7751,POINT (-86.7751 36.1845)
20190083344,01/31/2019 12:20:00 PM,2,0,0,,Y,717625,5,SIDESWIPE - SAME DIRECTION,21,CLEAR,1,DAYLIGHT,12,MOTOR VEHICLE IN TRANSPORT,21ST AVS & LINDEN AV,NASHVILLE,TN,37212,6605,MIDTOW,36.1281,-86.8032,POINT (-86.8032 36.1281)
20190145902,02/22/2019 06:27:00 PM,2,0,0,,N,320597,11,Front to Rear,2,RAIN,3,DARK - LIGHTED,12,MOTOR VEHICLE IN TRANSPORT,I440 W ENT RAMP & I 24,NASHVILLE,TN,37217,8801,SOUTH,36.1232,-86.7263,POINT (-86.7263 36.1232)