Accident Number,Date and Time,Number of Motor Vehicles,Number of Injuries,Number of Fatalities,Property Damage,Hit and Run,Reporting Officer,Collision Type Code,Collision Type Description,Weather Code,Weather Description,Illumination Code,Illumination Description,Harmful Code,Harmful Code Description,Street Address,City,State,ZIP,RPA,Precinct,Latitude,Longitude,Mapped Location
20190356407,05/09/2019 01:40:00 PM,1,0,0,Y,N,420035,0,NOT COLLISION W/MOTOR VEHICLE-TRANSPORT,22,CLOUDY,1,DAYLIGHT,39,WALL,FALLS AV & E PALESTINE AV,MADISON,TN,37115,1521,MADISO,36.2454,-86.7072,POINT (-86.7072 36.2454)
20190199461,03/14/2019 06:52:00 AM,1,1,0,,N,109534,0,NOT COLLISION W/MOTOR VEHICLE-TRANSPORT,22,CLOUDY,3,DARK - LIGHTED,8,PEDESTRIAN,I40 E EXT RAMP & I 40,NASHVILLE,TN,37214,8955,HERMIT,36.155,-86.6271,POINT (-86.6271 36.155)
20190412971,05/30/2019 12:00:00 PM,2,0,0,,N,235761,11,Front to Rear,22,CLOUDY,1,DAYLIGHT,12,MOTOR VEHICLE IN TRANSPORT,VINE CT & HARDING PKE,NASHVILLE,TN,37205,6019,WEST,36.1297,-86.8396,POINT (-86.8396 36.1297)
20190347733,05/06/2019 03:20:00 PM,2,0,0,,N,834813,11,Front to Rear,21,CLEAR,1,DAYLIGHT,12,MOTOR VEHICLE IN TRANSPORT,MM 40 9 I 24,WHITES CREEK,TN,37189,20161,MADISO,36.2725,-86.7951,POINT (-86.7951 36.2725)
20190436892,06/08/2019 04:07:00 PM,2,1,0,Y,N,330445,11,Front to Rear,21,CLEAR,1,DAYLIGHT,12,MOTOR VEHICLE IN TRANSPORT,MM 1 4 I 440,NASHVILLE,TN,37209,52320,WEST,36.1496,-86.8227,POINT (-86.8227 36.1496)
20190417358,05/31/2019 10:18:00 PM,2,1,0,,Y,298877,11,Front to Rear,21,CLEAR,3,DARK - LIGHTED,12,MOTOR VEHICLE IN TRANSPORT,BELL RD & BRENTRIDGE DR,ANTIOCH,TN,37013,8755,SOUTH,36.0465,-86.6834,POINT (-86.6834 36.0465)
20190102472,02/07/2019 08:00:00 AM,2,0,0,,N,769379,11,Front to Rear,2,RAIN,1,DAYLIGHT,12,MOTOR VEHICLE IN TRANSPORT,MURFREESBORO PKE & DONELSON PKE,NASHVILLE,TN,37217,8841,SOUTH,36.1062,-86.6731,POINT (-86.6731 36.1062)
20190184646,03/08/2019 04:04:00 PM,4,0,0,,N,256448,11,Front to Rear,2,RAIN,1,DAYLIGHT,12;41;42,MOTOR VEHICLE IN TRANSPORT;SHRUBBERY;TREE,MM 218 4 I 40,NASHVILLE,TN,37214,89062,HERMIT,36.1504,-86.6376,POINT (-86.6376 36.1504)
20190452718,06/14/2019 12:53:00 PM,2,1,0,,N,352161,4,ANGLE,21,CLEAR,1,DAYLIGHT,12,MOTOR VEHICLE IN TRANSPORT,NOLENSVILLE PKE & TANKSLEY AV,NASHVILLE,TN,37211,8425,SOUTH,36.1091,-86.7443,POINT (-86.7443 36.1091)
20190214449,03/19/2019 06:10:00 PM,2,0,0,,N,633391,4,ANGLE,21,CLEAR,1,DAYLIGHT,12,MOTOR VEHICLE IN TRANSPORT,ROBERTSON AV & JAMES AV,NASHVILLE,TN,37209,4683,WEST,36.1581,-86.877,POINT (-86.877 36.1581)
20190338570,05/02/2019 06:15:00 PM,2,0,0,,Y,330427,5,SIDESWIPE - SAME DIRECTION,21,CLEAR,1,DAYLIGHT,12,MOTOR VEHICLE IN TRANSPORT,JEFFERSON ST & 9TH AVN,NASHVILLE,TN,37208,4239,NORTH,36.1729,-86.7931,POINT (-86.7931 36.1729)
20190506991,07/05/2019 04:48:00 PM,2,0,0,,N,256383,5,SIDESWIPE - SAME DIRECTION,22,CLOUDY,1,DAYLIGHT,12,MOTOR VEHICLE IN TRANSPORT,MURFREESBORO PKE & PAVILION BLVD,NASHVILLE,TN,37217,8815,HERMIT,36.1339,-86.7223,POINT (-86.7223 36.1339)
20190425209,06/04/2019 08:15:00 AM,2,0,0,,Y,676834,11,Front to Rear,21,CLEAR,1,DAYLIGHT,12,MOTOR VEHICLE IN TRANSPORT,HEIMAN ST & 21ST AVN,NASHVILLE,TN,37208,4481,NORTH,36.1712,-86.8088,POINT (-86.8088 36.1712)
20190155053,02/26/2019 08:24:00 AM,3,0,0,,N,716886,11,Front to Rear,21,CLEAR,1,DAYLIGHT,12,MOTOR VEHICLE IN TRANSPORT,MM 60 2 I 24,ANTIOCH,TN,37013,88060,SOUTH,36.038,-86.6467,POINT (-86.6467 36.038)
20190295546,04/17/2019 11:40:00 AM,2,0,0,,N,714641,5,SIDESWIPE - SAME DIRECTION,21,CLEAR,1,DAYLIGHT,14,PARKED MOTOR VEHICLE,RUTLEDGE ST & PEABODY ST,NASHVILLE,TN,37210,4033,CENTRA,36.1569,-86.7701,POINT (-86.7701 36.1569)
20190203611,03/15/2019 04:00:00 PM,2,0,0,,N,717625,5,SIDESWIPE - SAME DIRECTION,21,CLEAR,1,DAYLIGHT,14,PARKED MOTOR VEHICLE,4TH AVN & COMMERCE ST,NASHVILLE,TN,37201,4105,CENTRA,36.1624,-86.7781,POINT (-86.7781 36.1624)
20190485893,06/27/2019 12:00:00 AM,2,0,0,,N,306231,0,NOT COLLISION W/MOTOR VEHICLE-TRANSPORT,21,CLEAR,1,DAYLIGHT,60,Cargo Equip Loss/Shift,MM 85 4 I 65,NASHVILLE,TN,37208,43042,NORTH,36.1875,-86.7947,POINT (-86.7947 36.1875)
20190572301,08/01/2019 03:13:00 PM,2,1,0,,N,212346,4,ANGLE,21,CLEAR,1,DAYLIGHT,12,MOTOR VEHICLE IN TRANSPORT,I40 W ENT RAMP & I 40,NASHVILLE,TN,37210,9007,HERMIT,36.1484,-86.7454,POINT (-86.7454 36.1484)
20190457010,06/16/2019 10:25:00 AM,2,0,0,,N,225886,11,Front to Rear,22,CLOUDY,1,DAYLIGHT,12,MOTOR VEHICLE IN TRANSPORT,CENTRAL PKE & LAKESIDE PL,HERMITAGE,TN,37076,9503,HERMIT,36.1756,-86.6154,POINT (-86.6154 36.1756)
20190091466,02/03/2019 04:00:00 PM,3,0,0,,N,320577,11,Front to Rear,21,CLEAR,1,DAYLIGHT,12,MOTOR VEHICLE IN TRANSPORT,MM 4 0 I 440,NASHVILLE,TN,37204,7010,MIDTOW,36.1161,-86.7901,POINT (-86.7901 36.1161)
20190477986,06/24/2019 05:56:00 PM,2,1,0,Y,N,161946,5,SIDESWIPE - SAME DIRECTION,21,CLEAR,1,DAYLIGHT,12;24;64,MOTOR VEHICLE IN TRANSPORT;GUARDRAIL FACE;Ran Off Road-Left,I65 N EXT RAMP & I 65,NASHVILLE,TN,37207,1863,EAST,36.2057,-86.7747,POINT (-86.7747 36.2057)
20190434693,06/07/2019 03:40:00 PM,2,0,0,,N,161939,11,Front to Rear,2,RAIN,1,DAYLIGHT,12,MOTOR VEHICLE IN TRANSPORT,MM 57 3 I 24,ANTIOCH,TN,37013,88080,SOUTH,36.0663,-86.6861,POINT (-86.6861 36.0663)
20190511885,07/08/2019 08:56:00 AM,2,1,0,,N,716886,4,ANGLE,21,CLEAR,1,DAYLIGHT,12,MOTOR VEHICLE IN TRANSPORT,ANTIOCH PKE & PERIMETER HILL DR,NASHVILLE,TN,37211,8889,SOUTH,36.0859,-86.6911,POINT (-86.6911 36.0859)
20190506927,07/05/2019 04:23:00 PM,2,0,0,,Y,256380,11,Front to Rear,21,CLEAR,1,DAYLIGHT,12,MOTOR VEHICLE IN TRANSPORT,TUCKER RD & W HAMILTON AV,NASHVILLE,TN,37218,3103,NORTH,36.2132,-86.8255,POINT (-86.8255 36.2132)
20190434309,06/07/2019 01:14:00 PM,2,2,0,,N,594473,4,ANGLE,22,CLOUDY,1,DAYLIGHT,12,MOTOR VEHICLE IN TRANSPORT,CHURCH ST & 14TH AVN,NASHVILLE,TN,37203,5517,MIDTOW,36.1579,-86.7916,POINT (-86.7916 36.1579)
20190278564,04/11/2019 10:58:00 AM,2,0,0,,N,224955,4,ANGLE,22,CLOUDY,1,DAYLIGHT,12,MOTOR VEHICLE IN TRANSPORT,DICKERSON PKE & BRILEY PKWY E EXT RAMP,NASHVILLE,TN,37207,2029,MADISO,36.2407,-86.7574,POINT (-86.7574 36.2407)
20190038722,01/15/2019 05:47:00 PM,2,0,0,,Y,876597,5,SIDESWIPE - SAME DIRECTION,21,CLEAR,3,DARK - LIGHTED,12,MOTOR VEHICLE IN TRANSPORT,MM 57 9 I 24,ANTIOCH,TN,37013,88080,SOUTH,36.0597,-86.6792,POINT (-86.6792 36.0597)
20190388608,05/21/2019 04:03:00 PM,2,0,0,,Y,197054,5,SIDESWIPE - SAME DIRECTION,21,CLEAR,1,DAYLIGHT,12,MOTOR VEHICLE IN TRANSPORT,MURFREESBORO PKE & MCGAVOCK PKE,NASHVILLE,TN,37217,8841,SOUTH,36.1129,-86.689,POINT (-86.689 36.1129)
20190237090,03/27/2019 08:58:00 AM,2,0,0,,N,468030,4,ANGLE,21,CLEAR,1,DAYLIGHT,12,MOTOR VEHICLE IN TRANSPORT,PORTER RD & RIVERSIDE DR,NASHVILLE,TN,37206,1369,EAST,36.1954,-86.7234,POINT (-86.7234 36.1954)
20190100345,02/06/2019 01:32:00 PM,1,0,0,,N,419952,0,NOT COLLISION W/MOTOR VEHICLE-TRANSPORT,2,RAIN,1,DAYLIGHT,39;63,WALL;Ran Off Road-Right,MM 1 4 I 440,NASHVILLE,TN,37209,52320,WEST,36.1496,-86.8227,POINT (-86.8227 36.1496)
20190510988,07/07/2019 08:24:00 PM,1,0,0,Y,N,256441,0,NOT COLLISION W/MOTOR VEHICLE-TRANSPORT,99,UNKNOWN,2,DARK - NOT LIGHTED,7,,BLACKMAN RD & TIMBERHILL DR,NASHVILLE,TN,37211,8603,MIDTOW,36.0748,-86.7556,POINT (-86.7556 36.0748)
20190332661,04/30/2019 05:45:00 PM,2,2,0,,N,206675,11,Front to Rear,21,CLEAR,1,DAYLIGHT,12,MOTOR VEHICLE IN TRANSPORT,EDMONDSON PKE & CLOVERLAND DR,NASHVILLE,TN,37211,8651,MIDTOW,36.0295,-86.7441,POINT (-86.7441 36.0295)
20190145148,02/22/2019 12:05:00 PM,1,0,0,,N,110067,0,NOT COLLISION W/MOTOR VEHICLE-TRANSPORT,2,RAIN,1,DAYLIGHT,44,PAVED SURFACE-IRREGULAR,OLD HICKORY BLVD & SELLS DR,HERMITAGE,TN,37076,9543,HERMIT,36.1684,-86.6002,POINT (-86.6002 36.1684)
20190366267,05/13/2019 03:24:00 PM,3,1,0,,N,179583,5,SIDESWIPE - SAME DIRECTION,21,CLEAR,1,DAYLIGHT,12,MOTOR VEHICLE IN TRANSPORT,NOLENSVILLE PKE & CARSON ST,NASHVILLE,TN,37210,8109,SOUTH,36.1291,-86.7543,POINT (-86.7543 36.1291)
20190240845,03/28/2019 02:49:00 PM,2,0,0,,Y,151132,5,SIDESWIPE - SAME DIRECTION,21,CLEAR,1,DAYLIGHT,12,MOTOR VEHICLE IN TRANSPORT,BRILEY PKWY W EXT RAMP & BRICK CHURCH PK,NASHVILLE,TN,37207,2033,MADISO,36.2397,-86.7808,POINT (-86.7808 36.2397)
20190335595,05/01/2019 04:20:00 PM,1,0,0,Y,Y,299238,0,NOT COLLISION W/MOTOR VEHICLE-TRANSPORT,22,CLOUDY,1,DAYLIGHT,30,UTILITY POLE,SCOTT AV & HUFFINE ST,NASHVILLE,TN,37216,1413,EAST,36.2031,-86.7324,POINT (-86.7324 36.2031)
20190307176,04/21/2019 08:24:00 PM,2,0,0,,N,299241,4,ANGLE,21,CLEAR,7,Dark-Unknown Lighting,12,MOTOR VEHICLE IN TRANSPORT,OLD LEBANON DIRT RD & OLD HICKORY BLVD,HERMITAGE,TN,37076,9507,HERMIT,36.1909,-86.6152,POINT (-86.6152 36.1909)
20190128588,02/16/2019 08:06:00 PM,2,0,0,,Y,311803,5,SIDESWIPE - SAME DIRECTION,21,CLEAR,3,DARK - LIGHTED,12,MOTOR VEHICLE IN TRANSPORT,I440 ENT RAMP & I 65,NASHVILLE,TN,37204,7018,MIDTOW,36.1117,-86.7713,POINT (-86.7713 36.1117)
20190056187,01/22/2019 07:16:00 AM,2,0,0,,N,633385,5,SIDESWIPE - SAME DIRECTION,21,CLEAR,1,DAYLIGHT,12,MOTOR VEHICLE IN TRANSPORT,COUNTRY WAY RD & ANDERSON RD,NASHVILLE,TN,37217,8929,HERMIT,36.0736,-86.6091,POINT (-86.6091 36.0736)
20190423295,06/03/2019 02:20:00 PM,2,0,0,,N,320580,4,ANGLE,21,CLEAR,1,DAYLIGHT,12,MOTOR VEHICLE IN TRANSPORT,DONELSON PKE & SHACKLETT DR,NASHVILLE,TN,37214,9411,HERMIT,36.1449,-86.6667,POINT (-86.6667 36.1449)
20190304409,04/20/2019 12:32:00 PM,1,0,0,Y,Y,262766,9,UNKNOWN,99,UNKNOWN,1,DAYLIGHT,99,UNKNOWN MOST HARMFUL EVENT,ANNEX AV & CHARLOTTE PKE,NASHVILLE,TN,37209,5023,WEST,36.1394,-86.8809,POINT (-86.8809 36.1394)
20190343846,05/04/2019 10:57:00 PM,2,1,0,Y,N,311343,11,Front to Rear,2,RAIN,3,DARK - LIGHTED,1;12,MOTOR VEHICLE IN TRANSPORT,MM 78 7 I 65,NASHVILLE,TN,37204,8502,MIDTOW,36.0948,-86.7626,POINT (-86.7626 36.0948)
20190007517,01/03/2019 07:00:00 PM,2,1,0,,N,197054,4,ANGLE,21,CLEAR,3,DARK - LIGHTED,12,MOTOR VEHICLE IN TRANSPORT,MASSMAN DR & MASSMAN MANOR DR,NASHVILLE,TN,37217,8825,HERMIT,36.1324,-86.701,POINT (-86.701 36.1324)
20190047627,01/18/2019 04:50:00 PM,2,0,0,,Y,256389,5,SIDESWIPE - SAME DIRECTION,22,CLOUDY,1,DAYLIGHT,12,MOTOR VEHICLE IN TRANSPORT,MM 82 2 I 65,NASHVILLE,TN,37203,6804,MIDTOW,36.1456,-86.7776,POINT (-86.7776 36.1456)
20190018270,01/08/2019 07:10:00 AM,2,0,0,,N,591936,4,ANGLE,21,CLEAR,1,DAYLIGHT,12,MOTOR VEHICLE IN TRANSPORT,VAULX LN & KIRKWOOD AV,NASHVILLE,TN,37204,6935,MIDTOW,36.1203,-86.7792,POINT (-86.7792 36.1203)
20190416257,05/31/2019 01:35:00 PM,1,1,0,,N,693093,0,NOT COLLISION W/MOTOR VEHICLE-TRANSPORT,21,CLEAR,1,DAYLIGHT,33;72,CURB;EMBANKMENT ROCK/STONE/CONCRETE,SPRINGFIELD HWY & SPRINGFIELD HWY PVTDR,GOODLETTSVILLE,TN,37072,2215,MADISO,36.3848,-86.7546,POINT (-86.7546 36.3848)
20190380553,05/18/2019 11:20:00 AM,2,0,0,,Y,245532,4,ANGLE,21,CLEAR,1,DAYLIGHT,12,MOTOR VEHICLE IN TRANSPORT,4TH AVS & KOREAN VETERANS BLVD,NASHVILLE,TN,37201,4047,CENTRA,36.1569,-86.7745,POINT (-86.7745 36.1569)
20190534009,07/17/2019 08:45:00 AM,1,1,0,,N,224790,0,NOT COLLISION W/MOTOR VEHICLE-TRANSPORT,2,RAIN,1,DAYLIGHT,36,CONCRETE TRAFFIC BARRIER,BRILEY PKWYW & MOOREWOOD DR,NASHVILLE,TN,37207,20141,MADISO,36.2398,-86.773,POINT (-86.773 36.2398)
20190139159,02/19/2019 08:25:00 PM,2,0,0,,Y,197047,4,ANGLE,2,RAIN,2,DARK - NOT LIGHTED,14,PARKED MOTOR VEHICLE,OAK CT & RIVERSIDE DR,NASHVILLE,TN,37206,1353,EAST,36.1833,-86.7252,POINT (-86.7252 36.1833)
20190315843,04/24/2019 08:46:00 AM,2,0,0,,N,352172,11,Front to Rear,21,CLEAR,1,DAYLIGHT,12,MOTOR VEHICLE IN TRANSPORT,MM 210 8 I 40,NASHVILLE,TN,37210,40080,CENTRA,36.1544,-86.7625,POINT (-86.7625 36.1544)
20190522242,07/12/2019 11:54:00 AM,2,0,0,,N,311325,11,Front to Rear,21,CLEAR,1,DAYLIGHT,12,MOTOR VEHICLE IN TRANSPORT,MURFREESBORO PKE & FESSLERS LN,NASHVILLE,TN,37210,8117,SOUTH,36.1427,-86.744,POINT (-86.744 36.1427)
20190467903,06/20/2019 11:00:00 AM,2,0,0,,N,352153,11,Front to Rear,21,CLEAR,1,DAYLIGHT,12,MOTOR VEHICLE IN TRANSPORT,CHARLOTTE AV & 40TH AVN,NASHVILLE,TN,37209,5229,WEST,36.1525,-86.8349,POINT (-86.8349 36.1525)
20190181458,03/07/2019 02:33:00 PM,2,1,0,,N,267831,11,Front to Rear,22,CLOUDY,1,DAYLIGHT,12,MOTOR VEHICLE IN TRANSPORT,SAWYER BROWN RD & GENERAL GEORGE PATTON,NASHVILLE,TN,37221,4811,WEST,36.0683,-86.9493,POINT (-86.9493 36.0683)
20190371355,05/15/2019 07:40:00 AM,2,0,0,,Y,716886,11,Front to Rear,21,CLEAR,1,DAYLIGHT,12,MOTOR VEHICLE IN TRANSPORT,MM 56 1 I 24,NASHVILLE,TN,37211,88100,SOUTH,36.0813,-86.697,POINT (-86.697 36.0813)
20190423381,06/02/2019 03:00:00 PM,2,0,0,,Y,717341,4,ANGLE,21,CLEAR,1,DAYLIGHT,14,PARKED MOTOR VEHICLE,SHASTA DR & WELCH RD,NASHVILLE,TN,37211,8419,SOUTH,36.0813,-86.7169,POINT (-86.7169 36.0813)
20190175173,03/05/2019 03:10:00 PM,2,0,0,,Y,256411,11,Front to Rear,21,CLEAR,1,DAYLIGHT,12,MOTOR VEHICLE IN TRANSPORT,I40 E EXT RAMP & JEFFERSON ST,NASHVILLE,TN,37208,5321,NORTH,36.1685,-86.814,POINT (-86.814 36.1685)
20190308319,04/22/2019 07:20:00 AM,2,0,0,,N,330417,5,SIDESWIPE - SAME DIRECTION,21,CLEAR,1,DAYLIGHT,12,MOTOR VEHICLE IN TRANSPORT,DOVERSIDE DR & DICKERSON PKE,NASHVILLE,TN,37207,2011,MADISO,36.2557,-86.7552,POINT (-86.7552 36.2557)
20190115989,02/12/2019 01:00:00 PM,2,1,0,,N,676834,11,Front to Rear,22,CLOUDY,1,DAYLIGHT,12,MOTOR VEHICLE IN TRANSPORT,DR D B TODD JR BLVD & UNDERWOOD ST,NASHVILLE,TN,37208,4475,NORTH,36.1733,-86.8083,POINT (-86.8083 36.1733)
20190409816,05/29/2019 10:20:00 AM,2,0,0,,N,191578,11,Front to Rear,21,CLEAR,1,DAYLIGHT,12,MOTOR VEHICLE IN TRANSPORT,LEBANON PKE & MCGAVOCK PKE,NASHVILLE,TN,37214,9201,HERMIT,36.1694,-86.6799,POINT (-86.6799 36.1694)
20190200841,03/14/2019 05:22:00 PM,2,0,0,,N,267831,5,SIDESWIPE - SAME DIRECTION,21,CLEAR,1,DAYLIGHT,12,MOTOR VEHICLE IN TRANSPORT,MM 205 4 I 40,NASHVILLE,TN,37209,52040,WEST,36.1546,-86.8315,POINT (-86.8315 36.1546)
20190504731,07/04/2019 06:30:00 PM,3,1,0,,N,206675,4,ANGLE,2,RAIN,1,DAYLIGHT,12,MOTOR VEHICLE IN TRANSPORT,OLD HICKORY BLVD & BRIGHT HOUR FARM PVTD,NASHVILLE,TN,37220,7111,MIDTOW,36.0387,-86.8068,POINT (-86.8068 36.0387)
20190021949,01/09/2019 12:20:00 PM,2,1,0,Y,N,468030,4,ANGLE,21,CLEAR,1,DAYLIGHT,12;30,MOTOR VEHICLE IN TRANSPORT;UTILITY POLE,CHESTER AV & GALLATIN AV,NASHVILLE,TN,37206,1363,EAST,36.195,-86.7432,POINT (-86.7432 36.195)
20190202790,03/15/2019 12:00:00 AM,2,0,0,,Y,332216,5,SIDESWIPE - SAME DIRECTION,22,CLOUDY,1,DAYLIGHT,12;14,MOTOR VEHICLE IN TRANSPORT;PARKED MOTOR VEHICLE,DEMONBREUN ST & 3RD AVS,NASHVILLE,TN,37201,4051,CENTRA,36.1597,-86.7744,POINT (-86.7744 36.1597)
20190191111,03/11/2019 12:19:00 PM,2,0,0,,N,405447,11,Front to Rear,22,CLOUDY,1,DAYLIGHT,12,MOTOR VEHICLE IN TRANSPORT,TYNE BLVD & HILLSBORO PKE,NASHVILLE,TN,37215,6311,MIDTOW,36.0788,-86.837,POINT (-86.837 36.0788)
20190503522,07/04/2019 05:01:00 AM,1,0,0,,N,298871,0,NOT COLLISION W/MOTOR VEHICLE-TRANSPORT,21,CLEAR,1,DAYLIGHT,36;7,CONCRETE TRAFFIC BARRIER,MM 74 7 I 65,NASHVILLE,TN,37220,71040,MIDTOW,36.0415,-86.7825,POINT (-86.7825 36.0415)
20190116350,02/12/2019 03:15:00 PM,3,1,0,,N,256374,11,Front to Rear,21,CLEAR,1,DAYLIGHT,12,MOTOR VEHICLE IN TRANSPORT,BELL RD & BROOK VIEW ESTATES DR,ANTIOCH,TN,37013,8755,SOUTH,36.0439,-86.6933,POINT (-86.6933 36.0439)
20190479913,06/25/2019 11:13:00 AM,2,0,0,,N,676834,4,ANGLE,21,CLEAR,1,DAYLIGHT,12,MOTOR VEHICLE IN TRANSPORT,EATONS CREEK RD & GIFFORD PL,JOELTON,TN,37080,3331,NORTH,36.3211,-86.8674,POINT (-86.8674 36.3211)
20190463171,06/18/2019 07:38:00 PM,2,1,0,Y,Y,212344,2,HEAD-ON,21,CLEAR,1,DAYLIGHT,12;30;40,MOTOR VEHICLE IN TRANSPORT;UTILITY POLE;MAIL BOX,JONES AV & JONES VIEW DR,NASHVILLE,TN,37207,1887,EAST,36.2151,-86.7561,POINT (-86.7561 36.2151)
20190304234,04/20/2019 10:46:00 AM,2,2,0,,N,633390,11,Front to Rear,2,RAIN,1,DAYLIGHT,12,MOTOR VEHICLE IN TRANSPORT,GALLATIN PKE & BURCHWOOD AV,NASHVILLE,TN,37216,1403,EAST,36.201,-86.7399,POINT (-86.7399 36.201)
20190286237,04/14/2019 11:41:00 AM,2,0,0,,N,320601,4,ANGLE,21,CLEAR,1,DAYLIGHT,12,MOTOR VEHICLE IN TRANSPORT,NOLENSVILLE PKE & CONCORD RD,NASHVILLE,TN,37211,8651,MIDTOW,36.0042,-86.6916,POINT (-86.6916 36.0042)
20190092789,02/04/2019 06:47:00 AM,2,1,0,,N,240952,2,HEAD-ON,22,CLOUDY,1,DAYLIGHT,12,MOTOR VEHICLE IN TRANSPORT,OLD HICKORY BLVD & BARNES RD,ANTIOCH,TN,37013,8761,SOUTH,36.0199,-86.681,POINT (-86.681 36.0199)
20190221816,03/21/2019 09:43:00 PM,3,0,0,,N,200016,11,Front to Rear,21,CLEAR,3,DARK - LIGHTED,12,MOTOR VEHICLE IN TRANSPORT,MM 85 2 I 65,NASHVILLE,TN,37208,4404,NORTH,36.1833,-86.7989,POINT (-86.7989 36.1833)
20190341328,05/03/2019 06:15:00 PM,2,0,0,,Y,240976,5,SIDESWIPE - SAME DIRECTION,21,CLEAR,1,DAYLIGHT,12,MOTOR VEHICLE IN TRANSPORT,MAIN ST & N 7TH ST,NASHVILLE,TN,37206,1117,EAST,36.1745,-86.7609,POINT (-86.7609 36.1745)
20190306399,04/21/2019 11:34:00 AM,2,0,0,,Y,212325,4,ANGLE,21,CLEAR,1,DAYLIGHT,12,MOTOR VEHICLE IN TRANSPORT,GALLATIN PKES & MADISON SQ,MADISON,TN,37115,1623,MADISO,36.2541,-86.7161,POINT (-86.7161 36.2541)
20190262159,04/05/2019 08:46:00 AM,1,0,0,Y,Y,716886,0,NOT COLLISION W/MOTOR VEHICLE-TRANSPORT,22,CLOUDY,1,DAYLIGHT,34;42,DITCH;TREE,SOUTHLAKE DR & SOUTHLAKE CT,NASHVILLE,TN,37211,8423,SOUTH,36.1034,-86.7301,POINT (-86.7301 36.1034)
20190279475,04/11/2019 05:56:00 PM,2,0,0,,Y,256439,2,HEAD-ON,21,CLEAR,1,DAYLIGHT,12,MOTOR VEHICLE IN TRANSPORT,DONELSON PKE & NODYNE DR,NASHVILLE,TN,37214,9105,HERMIT,36.1512,-86.6666,POINT (-86.6666 36.1512)
20190488590,06/28/2019 11:44:00 AM,1,0,0,Y,Y,109534,0,NOT COLLISION W/MOTOR VEHICLE-TRANSPORT,21,CLEAR,1,DAYLIGHT,25;34;64,GUARDRAIL END;DITCH;Ran Off Road-Left,TULIP GROVE RD & STROMBURY DR,HERMITAGE,TN,37076,9513,HERMIT,36.1876,-86.5934,POINT (-86.5934 36.1876)
20190407669,05/28/2019 04:14:00 PM,2,0,0,,N,311333,4,ANGLE,21,CLEAR,1,DAYLIGHT,12,MOTOR VEHICLE IN TRANSPORT,FIRESTONE PKWY & OLD HICKORY BLVD,ANTIOCH,TN,37013,8869,SOUTH,36.0168,-86.6199,POINT (-86.6199 36.0168)
20190389086,05/21/2019 08:19:00 PM,2,1,0,,N,256383,11,Front to Rear,21,CLEAR,3,DARK - LIGHTED,12;33;41,MOTOR VEHICLE IN TRANSPORT;CURB;SHRUBBERY,BELL RD & MT VIEW RD,ANTIOCH,TN,37013,8865,SOUTH,36.05,-86.6496,POINT (-86.6496 36.05)
20190381000,05/18/2019 05:08:00 PM,1,1,0,Y,N,206964,0,NOT COLLISION W/MOTOR VEHICLE-TRANSPORT,21,CLEAR,1,DAYLIGHT,25;54;63,GUARDRAIL END;Set In Motion By Motor Vehicle;Ran Off Road-Right,HAYWOOD LN & HAYWOOD CT,NASHVILLE,TN,37211,8711,SOUTH,36.0703,-86.7022,POINT (-86.7022 36.0703)
20190169395,03/03/2019 08:34:00 PM,2,1,0,,N,693098,11,Front to Rear,21,CLEAR,3,DARK - LIGHTED,12,MOTOR VEHICLE IN TRANSPORT,WHITE BRIDGE PKE & CHARLOTTE PKE,NASHVILLE,TN,37209,5033,WEST,36.1494,-86.8579,POINT (-86.8579 36.1494)
20190563621,07/29/2019 07:45:00 AM,2,0,0,,N,716886,11,Front to Rear,21,CLEAR,1,DAYLIGHT,12,MOTOR VEHICLE IN TRANSPORT,I440 W ENT RAMP & I 24,NASHVILLE,TN,37217,8801,SOUTH,36.1232,-86.7263,POINT (-86.7263 36.1232)
20190482696,06/26/2019 10:29:00 AM,2,3,0,,N,299247,11,Front to Rear,21,CLEAR,1,DAYLIGHT,12,MOTOR VEHICLE IN TRANSPORT,BRILEY PKWYN & BRILEY PKWY,NASHVILLE,TN,37217,8998,HERMIT,36.1369,-86.6993,POINT (-86.6993 36.1369)
20190404469,05/27/2019 12:47:00 PM,2,0,0,,Y,227514,5,SIDESWIPE - SAME DIRECTION,21,CLEAR,1,DAYLIGHT,14,PARKED MOTOR VEHICLE,STATE HWY 155 & EXIT 11,NASHVILLE,TN,37214,92920,HERMIT,36.1947,-86.6875,POINT (-86.6875 36.1947)
20190575741,08/02/2019 06:26:00 PM,3,0,0,,Y,256423,98,OTHER,21,CLEAR,1,DAYLIGHT,12,MOTOR VEHICLE IN TRANSPORT,MM 35 3 I 24,JOELTON,TN,37080,22121,NORTH,36.3231,-86.8612,POINT (-86.8612 36.3231)
20190493757,06/30/2019 05:48:00 PM,2,0,0,,N,579971,11,Front to Rear,21,CLEAR,1,DAYLIGHT,12,MOTOR VEHICLE IN TRANSPORT,NOLENSVILLE PKE & SUGAR VALLEY DR,ANTIOCH,TN,37013,8759,SOUTH,36.016,-86.7061,POINT (-86.7061 36.016)
20190499661,07/02/2019 08:50:00 PM,2,1,0,,Y,206964,11,Front to Rear,22,CLOUDY,3,DARK - LIGHTED,12,MOTOR VEHICLE IN TRANSPORT,BRILEY PKWY N EXT RAMP & BRILEY PKWYN,NASHVILLE,TN,37214,9223,HERMIT,36.1966,-86.6876,POINT (-86.6876 36.1966)