Accident Number,Date and Time,Number of Motor Vehicles,Number of Injuries,Number of Fatalities,Property Damage,Hit and Run,Reporting Officer,Collision Type Code,Collision Type Description,Weather Code,Weather Description,Illumination Code,Illumination Description,Harmful Code,Harmful Code Description,Street Address,City,State,ZIP,RPA,Precinct,Latitude,Longitude,Mapped Location
20190304313,04/20/2019 12:00:00 AM,2,0,0,,Y,226600,4,ANGLE,99,UNKNOWN,9,UNKNOWN,14,PARKED MOTOR VEHICLE,ELKINS AV & 54TH AVN,NASHVILLE,TN,37209,5119,WEST,36.1496,-86.8524,POINT (-86.8524 36.1496)
20190136311,02/19/2019 03:30:00 PM,2,0,0,,N,320594,0,NOT COLLISION W/MOTOR VEHICLE-TRANSPORT,2,RAIN,1,DAYLIGHT,34,DITCH,OLD MURFREESBORO PKE & FAIRCLOTH LN,NASHVILLE,TN,37217,8947,HERMIT,36.1036,-86.6665,POINT (-86.6665 36.1036)
20190475953,06/23/2019 11:15:00 PM,2,0,0,,Y,212335,11,Front to Rear,2,RAIN,2,DARK - NOT LIGHTED,12,MOTOR VEHICLE IN TRANSPORT,MM 213 0 I 40,NASHVILLE,TN,37210,8219,HERMIT,36.1407,-86.7323,POINT (-86.7323 36.1407)
20190112427,02/11/2019 10:00:00 AM,2,1,0,,N,594473,11,Front to Rear,22,CLOUDY,1,DAYLIGHT,12,MOTOR VEHICLE IN TRANSPORT,I65 S EXT RAMP & I 65,MADISON,TN,37115,20044,MADISO,36.2481,-86.743,POINT (-86.743 36.2481)
20190260515,04/04/2019 05:05:00 PM,2,1,0,,Y,256389,4,ANGLE,22,CLOUDY,1,DAYLIGHT,12,MOTOR VEHICLE IN TRANSPORT,WEDGEWOOD AV & 12TH AVS,NASHVILLE,TN,37203,6913,MIDTOW,36.1361,-86.7879,POINT (-86.7879 36.1361)
20190241279,03/28/2019 05:15:00 PM,3,1,0,,Y,151132,11,Front to Rear,21,CLEAR,1,DAYLIGHT,12,MOTOR VEHICLE IN TRANSPORT,MM 39 8 I 24,WHITES CREEK,TN,37189,3314,NORTH,36.2853,-86.8083,POINT (-86.8083 36.2853)
20190432598,06/06/2019 09:01:00 PM,3,1,0,,N,330428,2,HEAD-ON,2,RAIN,3,DARK - LIGHTED,12,MOTOR VEHICLE IN TRANSPORT,HILLSBORO PKE & BANCROFT PL,NASHVILLE,TN,37215,6307,MIDTOW,36.0704,-86.8424,POINT (-86.8424 36.0704)
20190188993,03/10/2019 03:45:00 PM,2,0,0,,N,320585,11,Front to Rear,21,CLEAR,1,DAYLIGHT,12,MOTOR VEHICLE IN TRANSPORT,I40 E EXT RAMP & I 40,NASHVILLE,TN,37214,8955,HERMIT,36.155,-86.6271,POINT (-86.6271 36.155)
20190028726,01/11/2019 07:22:00 PM,2,1,0,,N,909486,4,ANGLE,21,CLEAR,3,DARK - LIGHTED,1;12,MOTOR VEHICLE IN TRANSPORT,DANBY DR & LYNN DR,NASHVILLE,TN,37211,8501,MIDTOW,36.0813,-86.7448,POINT (-86.7448 36.0813)
20190022332,01/09/2019 02:52:00 PM,2,0,0,,N,212322,4,ANGLE,21,CLEAR,1,DAYLIGHT,12,MOTOR VEHICLE IN TRANSPORT,ANTIOCH PKE & HAYSTACK LN,NASHVILLE,TN,37211,8851,SOUTH,36.0709,-86.6844,POINT (-86.6844 36.0709)
20190246124,03/30/2019 12:12:00 PM,2,0,0,,N,834798,4,ANGLE,21,CLEAR,1,DAYLIGHT,12,MOTOR VEHICLE IN TRANSPORT,INVERNESS AV & FRANKLIN PKE,NASHVILLE,TN,37204,6921,MIDTOW,36.125,-86.7767,POINT (-86.7767 36.125)
20190173799,03/05/2019 06:58:00 AM,2,0,0,,N,474557,4,ANGLE,21,CLEAR,1,DAYLIGHT,12,MOTOR VEHICLE IN TRANSPORT,CEDAR POINTE PKWY & CANE RIDGE RD,ANTIOCH,TN,37013,8721,SOUTH,36.0479,-86.665,POINT (-86.665 36.0479)
20190241411,03/28/2019 06:09:00 PM,3,0,0,,Y,151132,11,Front to Rear,21,CLEAR,1,DAYLIGHT,12,MOTOR VEHICLE IN TRANSPORT,S GRAYCROFT AV & N GRAYCROFT AV,MADISON,TN,37115,1775,MADISO,36.264,-86.7324,POINT (-86.7324 36.264)
20190320202,04/25/2019 06:23:00 PM,2,1,0,,N,212331,4,ANGLE,21,CLEAR,1,DAYLIGHT,12,MOTOR VEHICLE IN TRANSPORT,NEELYS BEND RD & SIOUX TER,MADISON,TN,37115,1631,MADISO,36.2493,-86.6751,POINT (-86.6751 36.2493)
20190511431,07/08/2019 02:22:00 AM,2,0,0,,Y,279233,11,Front to Rear,21,CLEAR,3,DARK - LIGHTED,14,PARKED MOTOR VEHICLE,CLIFTON AV & 34TH AVN,NASHVILLE,TN,37209,4549,WEST,36.1585,-86.8271,POINT (-86.8271 36.1585)
20190077391,01/29/2019 06:01:00 PM,2,0,0,,Y,256417,4,ANGLE,21,CLEAR,5,DUSK,12,MOTOR VEHICLE IN TRANSPORT,MM 221 0 I 40,HERMITAGE,TN,37076,9504,HERMIT,36.1702,-86.5982,POINT (-86.5982 36.1702)
20190279340,04/11/2019 04:46:00 PM,2,1,0,,N,256380,11,Front to Rear,21,CLEAR,1,DAYLIGHT,12,MOTOR VEHICLE IN TRANSPORT,I40 E EXT RAMP & I 40,NASHVILLE,TN,37214,8955,HERMIT,36.155,-86.6271,POINT (-86.6271 36.155)
20190457340,06/16/2019 02:00:00 PM,3,0,0,,Y,330425,11,Front to Rear,21,CLEAR,1,DAYLIGHT,12,MOTOR VEHICLE IN TRANSPORT,STATE RT 45 & GALLATIN PKEN,MADISON,TN,37115,1701,MADISO,36.2631,-86.7119,POINT (-86.7119 36.2631)
20190364376,05/12/2019 09:57:00 PM,1,0,0,,N,299266,0,NOT COLLISION W/MOTOR VEHICLE-TRANSPORT,21,CLEAR,2,DARK - NOT LIGHTED,24;55,GUARDRAIL FACE;Motor Vehicle-In-Motion Outside Trafficw,MM 58 1 I 24,ANTIOCH,TN,37013,88080,SOUTH,36.0572,-86.6767,POINT (-86.6767 36.0572)
20190483470,06/26/2019 04:03:00 PM,1,1,0,,N,299241,0,NOT COLLISION W/MOTOR VEHICLE-TRANSPORT,2,RAIN,1,DAYLIGHT,8,PEDESTRIAN,FAIRFIELD AV & CANNON ST,NASHVILLE,TN,37210,8223,HERMIT,36.1505,-86.7569,POINT (-86.7569 36.1505)
20190552751,07/24/2019 03:53:00 PM,2,1,0,,N,256380,11,Front to Rear,21,CLEAR,1,DAYLIGHT,12,MOTOR VEHICLE IN TRANSPORT,CLARKSVILLE PKE & FAIRMEADE DR,NASHVILLE,TN,37218,3109,NORTH,36.2243,-86.8381,POINT (-86.8381 36.2243)
20190034427,01/14/2019 08:40:00 AM,2,0,0,,N,343522,11,Front to Rear,22,CLOUDY,1,DAYLIGHT,12,MOTOR VEHICLE IN TRANSPORT,ABBOTT MARTIN RD & SUGARTREE PL,NASHVILLE,TN,37215,6113,WEST,36.1083,-86.8277,POINT (-86.8277 36.1083)
20190407952,05/28/2019 06:14:00 PM,2,0,0,,N,414711,11,Front to Rear,21,CLEAR,1,DAYLIGHT,12,MOTOR VEHICLE IN TRANSPORT,BRILEY PKWY S EXT RAMP & I40 W EXT RAMP,NASHVILLE,TN,37210,9098,HERMIT,36.1461,-86.6957,POINT (-86.6957 36.1461)
20190473597,06/22/2019 12:00:00 AM,3,0,0,,N,320580,11,Front to Rear,21,CLEAR,1,DAYLIGHT,12,MOTOR VEHICLE IN TRANSPORT,MM 52 2 I 24,NASHVILLE,TN,37217,8816,SOUTH,36.1359,-86.7267,POINT (-86.7267 36.1359)
20190016222,01/07/2019 11:44:00 AM,2,0,0,,N,226622,11,Front to Rear,22,CLOUDY,1,DAYLIGHT,12,MOTOR VEHICLE IN TRANSPORT,MM 2 3 I 440,NASHVILLE,TN,37215,6006,WEST,36.1262,-86.8146,POINT (-86.8146 36.1262)
20190248349,03/31/2019 01:11:00 PM,2,1,0,,Y,474557,6,SIDESWIPE - OPPOSITE DIRECTION,21,CLEAR,1,DAYLIGHT,12,MOTOR VEHICLE IN TRANSPORT,UNA ANTIOCH PKE & PICCADILLY ROW,ANTIOCH,TN,37013,8891,SOUTH,36.0822,-86.652,POINT (-86.652 36.0822)
20190292950,04/16/2019 05:43:00 PM,2,0,0,,Y,580819,5,SIDESWIPE - SAME DIRECTION,21,CLEAR,1,DAYLIGHT,14,PARKED MOTOR VEHICLE,5TH AVN & JEFFERSON ST,NASHVILLE,TN,37219,4235,CENTRA,36.1743,-86.7874,POINT (-86.7874 36.1743)
20190368294,05/14/2019 08:22:00 AM,2,0,0,,N,226622,4,ANGLE,21,CLEAR,1,DAYLIGHT,12,MOTOR VEHICLE IN TRANSPORT,DAVIDSON RD & BROOK HOLLOW RD,NASHVILLE,TN,37205,4905,WEST,36.1176,-86.8874,POINT (-86.8874 36.1176)
20190136779,02/19/2019 07:21:00 PM,2,0,0,,N,256383,5,SIDESWIPE - SAME DIRECTION,2,RAIN,3,DARK - LIGHTED,12,MOTOR VEHICLE IN TRANSPORT,HICKORY HOLLOW LN & HICKORY HOLLOW PKWY,ANTIOCH,TN,37013,8863,SOUTH,36.0464,-86.6546,POINT (-86.6546 36.0464)
20190133231,02/18/2019 06:06:00 PM,2,0,0,,Y,226827,11,Front to Rear,22,CLOUDY,3,DARK - LIGHTED,12,MOTOR VEHICLE IN TRANSPORT,GALLATIN PKEN & EDENWOLD RD,MADISON,TN,37115,1721,MADISO,36.2885,-86.7047,POINT (-86.7047 36.2885)
20190486630,06/27/2019 05:03:00 PM,2,0,0,,Y,192871,4,ANGLE,21,CLEAR,1,DAYLIGHT,12,MOTOR VEHICLE IN TRANSPORT,N DUPONT AV & RIO VISTA DR,MADISON,TN,37115,1713,MADISO,36.2658,-86.6806,POINT (-86.6806 36.2658)
20190046457,01/18/2019 08:41:00 AM,1,0,0,,N,109534,0,NOT COLLISION W/MOTOR VEHICLE-TRANSPORT,22,CLOUDY,1,DAYLIGHT,18,OTHER OBJECT (NOT FIXED),MM 218 0 I 40,NASHVILLE,TN,37217,89020,HERMIT,36.1413,-86.667,POINT (-86.667 36.1413)
20190372469,05/15/2019 04:23:00 PM,2,0,0,,N,256380,4,ANGLE,21,CLEAR,1,DAYLIGHT,12,MOTOR VEHICLE IN TRANSPORT,MM 207 1 I 40,NASHVILLE,TN,37208,54020,NORTH,36.1698,-86.8093,POINT (-86.8093 36.1698)
20190495800,07/01/2019 02:28:00 PM,2,1,0,,N,109534,4,ANGLE,21,CLEAR,1,DAYLIGHT,12;33,MOTOR VEHICLE IN TRANSPORT;CURB,STEWARTS FERRY PKE & LEBANON PKE,NASHVILLE,TN,37214,9401,HERMIT,36.1684,-86.6569,POINT (-86.6569 36.1684)
20190447334,06/12/2019 04:30:00 PM,3,1,0,,N,279224,11,Front to Rear,21,CLEAR,1,DAYLIGHT,12,MOTOR VEHICLE IN TRANSPORT,MM 48 9 I 24,NASHVILLE,TN,37213,1104,CENTRA,36.1676,-86.7656,POINT (-86.7656 36.1676)
20190432389,06/06/2019 05:30:00 PM,2,0,0,,N,330444,6,SIDESWIPE - OPPOSITE DIRECTION,2,RAIN,5,DUSK,12,MOTOR VEHICLE IN TRANSPORT,ACKLEN AV & LOVE CIR,NASHVILLE,TN,37212,5819,MIDTOW,36.138,-86.8187,POINT (-86.8187 36.138)
20190108243,02/09/2019 11:34:00 AM,2,0,0,,N,620067,4,ANGLE,21,CLEAR,1,DAYLIGHT,12,MOTOR VEHICLE IN TRANSPORT,NOLENSVILLE PKE & BRENTWOOD EAST DR,ANTIOCH,TN,37013,8757,SOUTH,36.0438,-86.7131,POINT (-86.7131 36.0438)
20190073578,01/28/2019 02:59:00 PM,2,0,0,,N,690942,11,Front to Rear,21,CLEAR,1,DAYLIGHT,12,MOTOR VEHICLE IN TRANSPORT,CHARLOTTE AV & 5TH AVN,NASHVILLE,TN,37219,4203,CENTRA,36.1659,-86.7819,POINT (-86.7819 36.1659)
20190097493,02/05/2019 04:31:00 PM,2,1,0,,N,279225,11,Front to Rear,21,CLEAR,1,DAYLIGHT,12,MOTOR VEHICLE IN TRANSPORT,STEWARTS FERRY PKE & I40 E EXT RAMP,NASHVILLE,TN,37214,8955,HERMIT,36.1549,-86.6269,POINT (-86.6269 36.1549)
20190316355,04/24/2019 12:00:00 PM,2,0,0,,N,191578,6,SIDESWIPE - OPPOSITE DIRECTION,21,CLEAR,1,DAYLIGHT,12,MOTOR VEHICLE IN TRANSPORT,MILL SPRINGS CT & SWEETWATER CIR,HERMITAGE,TN,37076,9715,HERMIT,36.2199,-86.6032,POINT (-86.6032 36.2199)
20190079261,01/30/2019 07:20:00 AM,2,0,0,,N,876573,4,ANGLE,4,SNOW,1,DAYLIGHT,12,MOTOR VEHICLE IN TRANSPORT,BLUE HOLE RD & OAK CHASE DR,ANTIOCH,TN,37013,8755,SOUTH,36.0331,-86.6746,POINT (-86.6746 36.0331)
20190392326,05/22/2019 09:45:00 PM,2,2,0,,N,179606,4,ANGLE,21,CLEAR,3,DARK - LIGHTED,12,MOTOR VEHICLE IN TRANSPORT,WEST END AV & 29TH AVN,NASHVILLE,TN,37212,5815,MIDTOW,36.1444,-86.8134,POINT (-86.8134 36.1444)
20190164937,03/01/2019 06:00:00 PM,2,1,0,,N,212330,11,Front to Rear,22,CLOUDY,3,DARK - LIGHTED,12,MOTOR VEHICLE IN TRANSPORT,MM 52 1 I 24,NASHVILLE,TN,37217,8816,SOUTH,36.1343,-86.7267,POINT (-86.7267 36.1343)
20190145475,02/22/2019 03:54:00 PM,2,0,0,,N,807344,5,SIDESWIPE - SAME DIRECTION,2,RAIN,1,DAYLIGHT,12,MOTOR VEHICLE IN TRANSPORT,MM 47 9 I 24,NASHVILLE,TN,37207,1904,CENTRA,36.1775,-86.7731,POINT (-86.7731 36.1775)
20190139641,02/20/2019 07:20:00 PM,2,0,0,,Y,206675,4,ANGLE,21,CLEAR,3,DARK - LIGHTED,12;14,MOTOR VEHICLE IN TRANSPORT;PARKED MOTOR VEHICLE,WEST END AV & 18TH AVS,NASHVILLE,TN,37203,5707,MIDTOW,36.1531,-86.7959,POINT (-86.7959 36.1531)
20190384984,05/20/2019 12:15:00 PM,2,1,0,,N,665896,11,Front to Rear,21,CLEAR,1,DAYLIGHT,12,MOTOR VEHICLE IN TRANSPORT,EASTLAND AV & N 17TH ST,NASHVILLE,TN,37206,1231,EAST,36.1829,-86.7385,POINT (-86.7385 36.1829)
20190379069,05/17/2019 12:00:00 AM,2,0,0,,Y,279118,11,Front to Rear,21,CLEAR,1,DAYLIGHT,12,MOTOR VEHICLE IN TRANSPORT,ANTIOCH PKE & HAYWOOD LN,ANTIOCH,TN,37013,8899,SOUTH,36.0703,-86.6845,POINT (-86.6845 36.0703)
20190066104,01/25/2019 03:36:00 PM,2,0,0,,Y,256422,11,Front to Rear,21,CLEAR,1,DAYLIGHT,12,MOTOR VEHICLE IN TRANSPORT,28TH AVN & CLIFTON AV,NASHVILLE,TN,37209,5345,NORTH,36.1585,-86.8186,POINT (-86.8186 36.1585)
20190159041,02/27/2019 03:30:00 PM,2,0,0,,Y,256446,11,Front to Rear,21,CLEAR,1,DAYLIGHT,12,MOTOR VEHICLE IN TRANSPORT,GLENROSE AV & WICKSON AV,NASHVILLE,TN,37210,8103,SOUTH,36.1256,-86.7468,POINT (-86.7468 36.1256)
20190313017,04/23/2019 01:27:00 PM,1,1,0,,N,226136,0,NOT COLLISION W/MOTOR VEHICLE-TRANSPORT,22,CLOUDY,1,DAYLIGHT,20,IMPACT ATTENUATOR,MM 1 3 I 440,NASHVILLE,TN,37205,5242,WEST,36.1385,-86.8226,POINT (-86.8226 36.1385)
20190443413,06/11/2019 08:15:00 AM,2,0,0,,N,676834,4,ANGLE,21,CLEAR,1,DAYLIGHT,12,MOTOR VEHICLE IN TRANSPORT,CHARLOTTE AV & DR D B TODD JR BLVD,NASHVILLE,TN,37203,5505,MIDTOW,36.1581,-86.8,POINT (-86.8 36.1581)
20190482288,06/26/2019 07:45:00 AM,2,0,0,,N,676834,4,ANGLE,21,CLEAR,1,DAYLIGHT,12,MOTOR VEHICLE IN TRANSPORT,GREAT CIRCLE RD & CUMBERLAND BND,NASHVILLE,TN,37228,4401,NORTH,36.1929,-86.7909,POINT (-86.7909 36.1929)
20190468426,06/20/2019 02:46:00 PM,3,0,0,,Y,197054,11,Front to Rear,21,CLEAR,1,DAYLIGHT,12,MOTOR VEHICLE IN TRANSPORT,SPENCE LN & I40 W EXT RAMP,NASHVILLE,TN,37210,90062,HERMIT,36.1405,-86.7223,POINT (-86.7223 36.1405)
20190161837,02/28/2019 02:59:00 PM,1,0,0,,N,212322,0,NOT COLLISION W/MOTOR VEHICLE-TRANSPORT,21,CLEAR,1,DAYLIGHT,71,EMBANKMENT EARTH,MM 56 1 I 24,NASHVILLE,TN,37211,88100,SOUTH,36.0813,-86.697,POINT (-86.697 36.0813)
20190540093,07/19/2019 02:50:00 PM,2,0,0,,Y,299238,5,SIDESWIPE - SAME DIRECTION,21,CLEAR,1,DAYLIGHT,12,MOTOR VEHICLE IN TRANSPORT,SHELBY AV & I24 W ENT RAMP,NASHVILLE,TN,37213,1002,CENTRA,36.1666,-86.7649,POINT (-86.7649 36.1666)
20190174940,03/05/2019 02:39:00 PM,2,0,0,,N,151132,5,SIDESWIPE - SAME DIRECTION,21,CLEAR,1,DAYLIGHT,12,MOTOR VEHICLE IN TRANSPORT,OLD HICKORY BLVD & HICKORY HILLS BLVD,WHITES CREEK,TN,37189,2015,MADISO,36.277,-86.7962,POINT (-86.7962 36.277)
20190258184,04/03/2019 10:22:00 PM,2,0,0,,N,419972,5,SIDESWIPE - SAME DIRECTION,21,CLEAR,3,DARK - LIGHTED,12;24,MOTOR VEHICLE IN TRANSPORT;GUARDRAIL FACE,I40 E ENT RAMP & I 40,NASHVILLE,TN,37205,4903,WEST,36.1109,-86.922,POINT (-86.922 36.1109)
20190471988,06/21/2019 08:24:00 PM,2,1,0,,N,320585,11,Front to Rear,2,RAIN,3,DARK - LIGHTED,12,MOTOR VEHICLE IN TRANSPORT,MURFREESBORO PKE & SPENCE LN,NASHVILLE,TN,37217,8801,SOUTH,36.1357,-86.7249,POINT (-86.7249 36.1357)
20190149743,02/24/2019 10:32:00 AM,2,1,0,,N,226095,4,ANGLE,21,CLEAR,1,DAYLIGHT,12;34,MOTOR VEHICLE IN TRANSPORT;DITCH,OLD CLARKSVILLE PKE & EATONS CREEK RD,JOELTON,TN,37080,3307,NORTH,36.3163,-86.8766,POINT (-86.8766 36.3163)
20190314391,04/23/2019 12:00:00 AM,2,0,0,,N,212344,4,ANGLE,21,CLEAR,1,DAYLIGHT,12,MOTOR VEHICLE IN TRANSPORT,S 11TH ST & RUSSELL ST,NASHVILLE,TN,37206,1209,EAST,36.1757,-86.7501,POINT (-86.7501 36.1757)
20190159292,02/27/2019 05:21:00 PM,2,0,0,,N,206675,11,Front to Rear,21,CLEAR,1,DAYLIGHT,12,MOTOR VEHICLE IN TRANSPORT,MM 5 9 I 440,NASHVILLE,TN,37204,83062,MIDTOW,36.1215,-86.7578,POINT (-86.7578 36.1215)
20190232378,03/25/2019 12:00:00 AM,2,0,0,,N,212344,11,Front to Rear,21,CLEAR,3,DARK - LIGHTED,12,MOTOR VEHICLE IN TRANSPORT,MM 49 3 I 24,NASHVILLE,TN,37206,10040,EAST,36.1629,-86.7614,POINT (-86.7614 36.1629)
20190021333,01/09/2019 07:59:00 AM,2,0,0,,N,191578,11,Front to Rear,21,CLEAR,1,DAYLIGHT,12,MOTOR VEHICLE IN TRANSPORT,MURFREESBORO PKE & BRILEY PKWY N EXT RAM,NASHVILLE,TN,37217,8831,SOUTH,36.1178,-86.6997,POINT (-86.6997 36.1178)
20190491027,06/29/2019 12:26:00 PM,2,0,0,,N,352205,11,Front to Rear,21,CLEAR,1,DAYLIGHT,12,MOTOR VEHICLE IN TRANSPORT,I40 W ENT RAMP & I 40,NASHVILLE,TN,37210,9007,HERMIT,36.1484,-86.7454,POINT (-86.7454 36.1484)
20190283911,04/13/2019 10:43:00 AM,2,0,0,,N,311331,11,Front to Rear,22,CLOUDY,1,DAYLIGHT,12,MOTOR VEHICLE IN TRANSPORT,GALLATIN PKE & RIVERWOOD DR,NASHVILLE,TN,37216,1501,EAST,36.2242,-86.7256,POINT (-86.7256 36.2242)
20190570049,07/31/2019 05:50:00 PM,1,1,0,,N,337276,0,NOT COLLISION W/MOTOR VEHICLE-TRANSPORT,21,CLEAR,1,DAYLIGHT,8,PEDESTRIAN,DICKERSON PKE & DELLWAY VILLA RD,NASHVILLE,TN,37207,1831,EAST,36.2136,-86.7645,POINT (-86.7645 36.2136)
20190473030,06/22/2019 09:15:00 AM,2,0,0,,N,481573,4,ANGLE,2,RAIN,1,DAYLIGHT,12,MOTOR VEHICLE IN TRANSPORT,EDGEHILL AV & 16TH AVS,NASHVILLE,TN,37212,6629,MIDTOW,36.1433,-86.7925,POINT (-86.7925 36.1433)
20190328486,04/29/2019 07:55:00 AM,2,0,0,,N,716886,11,Front to Rear,21,CLEAR,1,DAYLIGHT,12,MOTOR VEHICLE IN TRANSPORT,OLD HICKORY BLVD & FIRESTONE PKWY,ANTIOCH,TN,37013,8867,SOUTH,36.017,-86.6199,POINT (-86.6199 36.017)
20190317077,04/24/2019 03:37:00 PM,1,0,0,Y,N,905011,0,NOT COLLISION W/MOTOR VEHICLE-TRANSPORT,21,CLEAR,1,DAYLIGHT,30,UTILITY POLE,51ST AVN & CHARLOTTE AV,NASHVILLE,TN,37209,5121,WEST,36.1525,-86.8486,POINT (-86.8486 36.1525)
20190046403,01/18/2019 07:50:00 AM,3,0,0,,N,279122,11,Front to Rear,22,CLOUDY,5,DUSK,12,MOTOR VEHICLE IN TRANSPORT,MM 88 2 I 65,NASHVILLE,TN,37207,18041,EAST,36.2188,-86.7747,POINT (-86.7747 36.2188)
20190065281,01/25/2019 10:07:00 AM,1,1,0,,N,405447,0,NOT COLLISION W/MOTOR VEHICLE-TRANSPORT,21,CLEAR,1,DAYLIGHT,1,,OLD HICKORY BLVD & HILLSBORO PKE,BRENTWOOD,TN,37027,6301,MIDTOW,36.0473,-86.8627,POINT (-86.8627 36.0473)
20190070320,01/27/2019 08:40:00 AM,2,0,0,,N,714648,4,ANGLE,21,CLEAR,1,DAYLIGHT,12,MOTOR VEHICLE IN TRANSPORT,MERIDIAN ST & MARSHALL ST,NASHVILLE,TN,37207,1861,EAST,36.2014,-86.7664,POINT (-86.7664 36.2014)
20190339025,05/02/2019 10:40:00 PM,3,0,0,,N,110062,11,Front to Rear,21,CLEAR,3,DARK - LIGHTED,12,MOTOR VEHICLE IN TRANSPORT,KOREAN VETERANS BLVD & DAVIDSON STREET B,NASHVILLE,TN,37213,1001,CENTRA,36.162,-86.7691,POINT (-86.7691 36.162)
20190474497,06/23/2019 03:08:00 AM,1,0,0,Y,N,177482,0,NOT COLLISION W/MOTOR VEHICLE-TRANSPORT,21,CLEAR,3,DARK - LIGHTED,33,CURB,CHARLOTTE PKE & OCEOLA AV,NASHVILLE,TN,37209,5025,WEST,36.1495,-86.8605,POINT (-86.8605 36.1495)
20190328809,04/29/2019 10:55:00 AM,2,1,0,,N,226136,11,Front to Rear,22,CLOUDY,1,DAYLIGHT,12,MOTOR VEHICLE IN TRANSPORT,HILLSBORO PKE & RICHARD JONES RD,NASHVILLE,TN,37215,6111,WEST,36.105,-86.8152,POINT (-86.8152 36.105)
20190071317,01/27/2019 09:36:00 PM,1,0,0,,N,468097,0,NOT COLLISION W/MOTOR VEHICLE-TRANSPORT,21,CLEAR,3,DARK - LIGHTED,8,PEDESTRIAN,2ND AVS & LAFAYETTE ST,NASHVILLE,TN,37210,8201,HERMIT,36.1512,-86.7682,POINT (-86.7682 36.1512)
20190017699,01/08/2019 12:14:00 AM,2,2,0,Y,N,279195,4,ANGLE,21,CLEAR,3,DARK - LIGHTED,13,MOTOR VEHICLE IN TRANSPORT-OTHER ROADWAY,DODSON CHAPEL RD & CENTRAL PKE,HERMITAGE,TN,37076,9503,HERMIT,36.1747,-86.6143,POINT (-86.6143 36.1747)
20190528982,07/15/2019 12:28:00 PM,2,0,0,,N,279116,11,Front to Rear,22,CLOUDY,1,DAYLIGHT,12,MOTOR VEHICLE IN TRANSPORT,I65 S ENT RAMP & I 65,NASHVILLE,TN,37207,3007,NORTH,36.2057,-86.778,POINT (-86.778 36.2057)
20190059142,01/23/2019 08:55:00 AM,2,0,0,,N,330431,11,Front to Rear,2,RAIN,1,DAYLIGHT,12,MOTOR VEHICLE IN TRANSPORT,MM 47 9 I 24,NASHVILLE,TN,37207,1904,CENTRA,36.1775,-86.7731,POINT (-86.7731 36.1775)
20190406873,05/28/2019 10:49:00 AM,2,1,0,,N,352158,11,Front to Rear,21,CLEAR,1,DAYLIGHT,12,MOTOR VEHICLE IN TRANSPORT,OCALA DR & NOLENSVILLE PKE,NASHVILLE,TN,37211,8717,SOUTH,36.0516,-86.714,POINT (-86.714 36.0516)
20190562773,07/28/2019 08:33:00 PM,2,0,0,,N,429193,4,ANGLE,21,CLEAR,3,DARK - LIGHTED,12,MOTOR VEHICLE IN TRANSPORT,BROWNLEE DR & BROOK HOLLOW RD,NASHVILLE,TN,37205,4917,WEST,36.1121,-86.8868,POINT (-86.8868 36.1121)
20190291325,04/16/2019 07:22:00 AM,2,0,0,,N,226622,4,ANGLE,21,CLEAR,1,DAYLIGHT,12,MOTOR VEHICLE IN TRANSPORT,ROBERTSON AV & JAMES AV,NASHVILLE,TN,37209,4683,WEST,36.1581,-86.877,POINT (-86.877 36.1581)
20190471830,06/21/2019 05:15:00 PM,2,0,0,,Y,330445,4,ANGLE,21,CLEAR,1,DAYLIGHT,12;14,MOTOR VEHICLE IN TRANSPORT;PARKED MOTOR VEHICLE,29TH AVS & WEST END AV,NASHVILLE,TN,37212,5815,MIDTOW,36.1437,-86.8133,POINT (-86.8133 36.1437)
20190281007,04/12/2019 08:04:00 AM,2,0,0,,N,630627,4,ANGLE,2,RAIN,1,DAYLIGHT,12,MOTOR VEHICLE IN TRANSPORT,21ST AVS & ACKLEN AV,NASHVILLE,TN,37212,5825,MIDTOW,36.1356,-86.801,POINT (-86.801 36.1356)
20190323058,04/26/2019 12:00:00 AM,2,0,0,,N,298877,4,ANGLE,21,CLEAR,1,DAYLIGHT,12,MOTOR VEHICLE IN TRANSPORT,HARDING PL & ANTIOCH PKE,NASHVILLE,TN,37211,8843,SOUTH,36.0878,-86.6914,POINT (-86.6914 36.0878)
20190136428,02/19/2019 05:44:00 PM,2,0,0,,N,690942,4,ANGLE,2,RAIN,3,DARK - LIGHTED,12,MOTOR VEHICLE IN TRANSPORT,6TH AVS & DEMONBREUN ST,NASHVILLE,TN,37203,4061,CENTRA,36.1579,-86.7786,POINT (-86.7786 36.1579)
20190021235,01/09/2019 07:15:00 AM,2,0,0,,N,332215,4,ANGLE,21,CLEAR,1,DAYLIGHT,12,MOTOR VEHICLE IN TRANSPORT,46TH AVN & I40 E ENT RAMP,NASHVILLE,TN,37209,5201,WEST,36.153,-86.8423,POINT (-86.8423 36.153)
20190129564,02/17/2019 06:05:00 AM,1,0,0,Y,N,320578,0,NOT COLLISION W/MOTOR VEHICLE-TRANSPORT,2,RAIN,1,DAYLIGHT,24;39,GUARDRAIL FACE;WALL,MM 57 6 I 24,ANTIOCH,TN,37013,87060,SOUTH,36.0629,-86.6829,POINT (-86.6829 36.0629)
20190476597,06/24/2019 06:49:00 AM,3,1,0,,N,226622,11,Front to Rear,2,RAIN,1,DAYLIGHT,12,MOTOR VEHICLE IN TRANSPORT,MM 193 5 I 40,NASHVILLE,TN,37221,4804,WEST,36.0774,-87.003,POINT (-87.003 36.0774)