Accident Number,Date and Time,Number of Motor Vehicles,Number of Injuries,Number of Fatalities,Property Damage,Hit and Run,Reporting Officer,Collision Type Code,Collision Type Description,Weather Code,Weather Description,Illumination Code,Illumination Description,Harmful Code,Harmful Code Description,Street Address,City,State,ZIP,RPA,Precinct,Latitude,Longitude,Mapped Location
20190528557,07/15/2019 09:24:00 AM,1,0,0,,N,665896,0,NOT COLLISION W/MOTOR VEHICLE-TRANSPORT,2,RAIN,1,DAYLIGHT,36,CONCRETE TRAFFIC BARRIER,MM 87 2 I 65,NASHVILLE,TN,37207,18020,EAST,36.2054,-86.7764,POINT (-86.7764 36.2054)
20190489846,06/28/2019 10:42:00 PM,1,1,0,,N,330422,0,NOT COLLISION W/MOTOR VEHICLE-TRANSPORT,21,CLEAR,3,DARK - LIGHTED,71,EMBANKMENT EARTH,WHITES CREEK PKE & MOORMANS ARM RD,NASHVILLE,TN,37207,3033,NORTH,36.2182,-86.8035,POINT (-86.8035 36.2182)
20190453071,06/14/2019 02:07:00 PM,2,0,0,,N,714641,5,SIDESWIPE - SAME DIRECTION,21,CLEAR,1,DAYLIGHT,12,MOTOR VEHICLE IN TRANSPORT,BROADWAY & 5TH AVS,NASHVILLE,TN,37203,4089,CENTRA,36.1605,-86.7784,POINT (-86.7784 36.1605)
20190253176,04/02/2019 07:16:00 AM,2,2,0,,N,109534,11,Front to Rear,21,CLEAR,1,DAYLIGHT,12,MOTOR VEHICLE IN TRANSPORT,MM 221 9 I 40,HERMITAGE,TN,37076,9502,HERMIT,36.1695,-86.5807,POINT (-86.5807 36.1695)
20190237134,03/27/2019 08:22:00 AM,2,0,0,,Y,226576,6,SIDESWIPE - OPPOSITE DIRECTION,21,CLEAR,1,DAYLIGHT,12,MOTOR VEHICLE IN TRANSPORT,INTERSTATE DR & SHELBY AV,NASHVILLE,TN,37213,1107,CENTRA,36.1668,-86.7661,POINT (-86.7661 36.1668)
20190447465,06/12/2019 05:32:00 PM,2,2,0,,N,620080,4,ANGLE,21,CLEAR,1,DAYLIGHT,12,MOTOR VEHICLE IN TRANSPORT,E OLD HICKORY BLVD & 4TH AV,MADISON,TN,37115,1607,MADISO,36.2627,-86.7057,POINT (-86.7057 36.2627)
20190378375,05/17/2019 02:41:00 PM,2,0,0,,N,905011,11,Front to Rear,21,CLEAR,1,DAYLIGHT,12,MOTOR VEHICLE IN TRANSPORT,MM 205 5 I 40,NASHVILLE,TN,37209,52040,WEST,36.1549,-86.8305,POINT (-86.8305 36.1549)
20190571619,08/01/2019 09:02:00 AM,1,0,0,Y,N,179580,0,NOT COLLISION W/MOTOR VEHICLE-TRANSPORT,21,CLEAR,1,DAYLIGHT,19,BUILDING,5TH AVN & GARFIELD ST,NASHVILLE,TN,37208,4335,NORTH,36.1814,-86.792,POINT (-86.792 36.1814)
20190401143,05/25/2019 09:34:00 PM,2,0,0,,Y,151122,4,ANGLE,21,CLEAR,3,DARK - LIGHTED,12,MOTOR VEHICLE IN TRANSPORT,HAYWOOD LN & EZELL RD,NASHVILLE,TN,37211,8709,SOUTH,36.0696,-86.6944,POINT (-86.6944 36.0696)
20190469070,06/20/2019 06:26:00 PM,2,0,0,,N,240955,4,ANGLE,21,CLEAR,1,DAYLIGHT,12,MOTOR VEHICLE IN TRANSPORT,MURFREESBORO PKE & BELL RD,ANTIOCH,TN,37013,8865,SOUTH,36.072,-86.636,POINT (-86.636 36.072)
20190049870,01/19/2019 06:25:00 PM,1,0,0,Y,Y,240966,0,NOT COLLISION W/MOTOR VEHICLE-TRANSPORT,2,RAIN,3,DARK - LIGHTED,30,UTILITY POLE,DOUGLAS AV & JOSEPH AV,NASHVILLE,TN,37207,1893,EAST,36.1943,-86.7712,POINT (-86.7712 36.1943)
20190139134,02/20/2019 03:58:00 PM,2,1,0,,N,887592,11,Front to Rear,2,RAIN,1,DAYLIGHT,12,MOTOR VEHICLE IN TRANSPORT,BELL RD & LAKERIDGE RUN,NASHVILLE,TN,37214,8995,HERMIT,36.1428,-86.627,POINT (-86.627 36.1428)
20190428434,06/05/2019 10:59:00 AM,3,0,0,,N,620072,5,SIDESWIPE - SAME DIRECTION,21,CLEAR,1,DAYLIGHT,12,MOTOR VEHICLE IN TRANSPORT,HORTON AV & 12TH AVS,NASHVILLE,TN,37203,6939,MIDTOW,36.1398,-86.7876,POINT (-86.7876 36.1398)
20190168609,03/03/2019 10:02:00 AM,2,0,0,,Y,109527,9,UNKNOWN,99,UNKNOWN,9,UNKNOWN,14,PARKED MOTOR VEHICLE,MURFREESBORO PKE & GLENGARRY DR,NASHVILLE,TN,37217,8823,HERMIT,36.1208,-86.7036,POINT (-86.7036 36.1208)
20190409100,05/29/2019 04:25:00 AM,1,0,0,Y,Y,256495,0,NOT COLLISION W/MOTOR VEHICLE-TRANSPORT,21,CLEAR,3,DARK - LIGHTED,30,UTILITY POLE,DR D B TODD JR BLVD & 17TH AVN,NASHVILLE,TN,37208,4457,NORTH,36.1796,-86.8109,POINT (-86.8109 36.1796)
20190474482,06/23/2019 02:45:00 AM,2,0,0,,Y,320583,4,ANGLE,21,CLEAR,3,DARK - LIGHTED,12,MOTOR VEHICLE IN TRANSPORT,OCALA DR & NOLENSVILLE PKE,NASHVILLE,TN,37211,8717,SOUTH,36.0516,-86.714,POINT (-86.714 36.0516)
20190167729,03/02/2019 09:58:00 PM,2,0,0,,N,134867,5,SIDESWIPE - SAME DIRECTION,21,CLEAR,3,DARK - LIGHTED,12,MOTOR VEHICLE IN TRANSPORT,3RD AVN & TAYLOR ST,NASHVILLE,TN,37208,4321,NORTH,36.1793,-86.7874,POINT (-86.7874 36.1793)
20190514939,07/09/2019 04:20:00 PM,2,0,0,,N,256448,4,ANGLE,21,CLEAR,1,DAYLIGHT,12,MOTOR VEHICLE IN TRANSPORT,ROYAL PKWY & CLARIDGE DR,NASHVILLE,TN,37214,9103,HERMIT,36.1461,-86.6676,POINT (-86.6676 36.1461)
20190145428,02/22/2019 02:29:00 PM,2,0,0,,N,256499,11,Front to Rear,2,RAIN,1,DAYLIGHT,12,MOTOR VEHICLE IN TRANSPORT,WEST END AV EXT RAMP & I 440,NASHVILLE,TN,37203,5629,MIDTOW,36.1396,-86.8216,POINT (-86.8216 36.1396)
20190243134,03/29/2019 08:19:00 AM,1,0,0,,N,191578,0,NOT COLLISION W/MOTOR VEHICLE-TRANSPORT,2,RAIN,1,DAYLIGHT,36,CONCRETE TRAFFIC BARRIER,I24E & I 40,NASHVILLE,TN,37210,9004,HERMIT,36.1402,-86.7259,POINT (-86.7259 36.1402)
20190245034,03/29/2019 10:50:00 PM,2,1,0,,N,311800,5,SIDESWIPE - SAME DIRECTION,21,CLEAR,3,DARK - LIGHTED,12,MOTOR VEHICLE IN TRANSPORT,3RD AVN & UNION ST,NASHVILLE,TN,37201,4137,CENTRA,36.1653,-86.7785,POINT (-86.7785 36.1653)
20190054088,01/21/2019 01:50:00 PM,2,0,0,,N,299264,5,SIDESWIPE - SAME DIRECTION,21,CLEAR,1,DAYLIGHT,12,MOTOR VEHICLE IN TRANSPORT,WEDGEWOOD AV & ACKLEN AV,NASHVILLE,TN,37203,6905,MIDTOW,36.1343,-86.781,POINT (-86.781 36.1343)
20190369799,05/14/2019 07:53:00 PM,1,1,0,,N,256383,0,NOT COLLISION W/MOTOR VEHICLE-TRANSPORT,21,CLEAR,3,DARK - LIGHTED,36,CONCRETE TRAFFIC BARRIER,MM 59 9 I 24,ANTIOCH,TN,37013,8704,SOUTH,36.041,-86.6518,POINT (-86.6518 36.041)
20190187617,03/09/2019 12:00:00 AM,2,0,0,,N,298868,6,SIDESWIPE - OPPOSITE DIRECTION,21,CLEAR,2,DARK - NOT LIGHTED,14,PARKED MOTOR VEHICLE,ALTO VISTA DR & CLOUDLAND DR,NASHVILLE,TN,37221,4901,WEST,36.0808,-86.8914,POINT (-86.8914 36.0808)
20190323733,04/26/2019 09:46:00 PM,2,0,0,,N,415780,11,Front to Rear,21,CLEAR,3,DARK - LIGHTED,12,MOTOR VEHICLE IN TRANSPORT,HARDING PL & TROUSDALE DR,NASHVILLE,TN,37220,8601,MIDTOW,36.0811,-86.7584,POINT (-86.7584 36.0811)
20190514030,07/09/2019 08:30:00 AM,2,0,0,,Y,352168,4,ANGLE,21,CLEAR,1,DAYLIGHT,12,MOTOR VEHICLE IN TRANSPORT,W TRINITY LN & I65 N EXT RAMP,NASHVILLE,TN,37207,1863,EAST,36.2062,-86.7736,POINT (-86.7736 36.2062)
20190016609,01/07/2019 02:52:00 PM,2,0,0,,N,256389,11,Front to Rear,21,CLEAR,1,DAYLIGHT,12,MOTOR VEHICLE IN TRANSPORT,MM 3 3 I 440,NASHVILLE,TN,37215,6422,MIDTOW,36.1163,-86.7985,POINT (-86.7985 36.1163)
20190248695,03/31/2019 05:05:00 PM,1,0,0,,N,330413,0,NOT COLLISION W/MOTOR VEHICLE-TRANSPORT,21,CLEAR,1,DAYLIGHT,36,CONCRETE TRAFFIC BARRIER,MM 5 7 I 440,NASHVILLE,TN,37211,81060,MIDTOW,36.122,-86.7605,POINT (-86.7605 36.122)
20190157996,02/27/2019 08:11:00 AM,3,0,0,,Y,212325,11,Front to Rear,22,CLOUDY,1,DAYLIGHT,12,MOTOR VEHICLE IN TRANSPORT,OLD HICKORY BLVDW & I65 S EXT RAMP,MADISON,TN,37115,2041,MADISO,36.2655,-86.7399,POINT (-86.7399 36.2655)
20190388824,05/21/2019 05:38:00 PM,2,1,0,,N,179606,11,Front to Rear,21,CLEAR,1,DAYLIGHT,12,MOTOR VEHICLE IN TRANSPORT,WEDGEWOOD AV & BEECH AV,NASHVILLE,TN,37204,6919,MIDTOW,36.1343,-86.7806,POINT (-86.7806 36.1343)
20190084749,01/31/2019 11:04:00 PM,1,0,0,Y,Y,179603,0,NOT COLLISION W/MOTOR VEHICLE-TRANSPORT,21,CLEAR,7,Dark-Unknown Lighting,40,MAIL BOX,300 SHEPHERD HILLS DR,MADISON,TN,37115,1721,MADISO,36.2948,-86.6915,POINT (-86.6915 36.2948)
20190097733,02/05/2019 05:52:00 PM,2,1,0,,N,580819,11,Front to Rear,21,CLEAR,2,DARK - NOT LIGHTED,12,MOTOR VEHICLE IN TRANSPORT,SPRING ST & I24 E ENT RAMP,NASHVILLE,TN,37213,1985,CENTRA,36.1768,-86.7728,POINT (-86.7728 36.1768)
20190256254,04/03/2019 07:10:00 AM,2,0,0,,N,633385,11,Front to Rear,21,CLEAR,1,DAYLIGHT,12,MOTOR VEHICLE IN TRANSPORT,MM 56 1 I 24,NASHVILLE,TN,37211,88100,SOUTH,36.0813,-86.697,POINT (-86.697 36.0813)
20190200573,03/14/2019 03:12:00 PM,2,0,0,,N,267831,11,Front to Rear,21,CLEAR,1,DAYLIGHT,12,MOTOR VEHICLE IN TRANSPORT,WEST END AV & I440 E ENT RAMP,NASHVILLE,TN,37205,6007,WEST,36.1364,-86.822,POINT (-86.822 36.1364)
20190572631,08/01/2019 05:39:00 PM,2,0,0,,N,169425,11,Front to Rear,21,CLEAR,1,DAYLIGHT,12,MOTOR VEHICLE IN TRANSPORT,16TH AVS & BROADWAY,NASHVILLE,TN,37203,5701,MIDTOW,36.1543,-86.7929,POINT (-86.7929 36.1543)
20190472269,06/21/2019 09:47:00 PM,2,0,0,,N,309263,11,Front to Rear,2,RAIN,3,DARK - LIGHTED,12,MOTOR VEHICLE IN TRANSPORT,MM 48 3 I 24,NASHVILLE,TN,37213,11080,CENTRA,36.1722,-86.7689,POINT (-86.7689 36.1722)
20190373657,05/16/2019 01:57:00 AM,1,1,0,,N,299261,0,NOT COLLISION W/MOTOR VEHICLE-TRANSPORT,21,CLEAR,3,DARK - LIGHTED,30,UTILITY POLE,OAK ST & 6TH AVS,NASHVILLE,TN,37203,8005,MIDTOW,36.1478,-86.7718,POINT (-86.7718 36.1478)
20190061890,01/24/2019 06:47:00 AM,2,0,0,,N,109534,5,SIDESWIPE - SAME DIRECTION,22,CLOUDY,1,DAYLIGHT,12,MOTOR VEHICLE IN TRANSPORT,MM 220 2 I 40,HERMITAGE,TN,37076,94021,HERMIT,36.1665,-86.6122,POINT (-86.6122 36.1665)
20190178990,03/06/2019 06:50:00 PM,2,0,0,,Y,212331,4,ANGLE,21,CLEAR,3,DARK - LIGHTED,12,MOTOR VEHICLE IN TRANSPORT,E OLD HICKORY BLVD & 4TH AV,MADISON,TN,37115,1607,MADISO,36.2627,-86.7057,POINT (-86.7057 36.2627)
20190205112,03/16/2019 12:00:00 AM,1,0,0,Y,Y,320578,0,NOT COLLISION W/MOTOR VEHICLE-TRANSPORT,21,CLEAR,3,DARK - LIGHTED,24,GUARDRAIL FACE,I24 E EXT RAMP & I 24,NASHVILLE,TN,37207,30080,NORTH,36.2378,-86.7872,POINT (-86.7872 36.2378)
20190198337,03/13/2019 08:20:00 PM,2,0,0,,N,772946,4,ANGLE,21,CLEAR,3,DARK - LIGHTED,12,MOTOR VEHICLE IN TRANSPORT,CLARKSVILLE PKE & ED TEMPLE BLVD,NASHVILLE,TN,37208,4423,NORTH,36.188,-86.8216,POINT (-86.8216 36.188)
20190428869,06/05/2019 02:28:00 PM,2,1,0,,N,137872,4,ANGLE,21,CLEAR,1,DAYLIGHT,12,MOTOR VEHICLE IN TRANSPORT,EDGE O LAKE DR & BELL RD,NASHVILLE,TN,37217,8963,HERMIT,36.0794,-86.6326,POINT (-86.6326 36.0794)
20190273446,04/08/2019 04:52:00 PM,2,0,0,,N,279225,11,Front to Rear,21,CLEAR,1,DAYLIGHT,12,MOTOR VEHICLE IN TRANSPORT,INTERNATIONAL PLZ & BRILEY PKWY,NASHVILLE,TN,37217,8951,HERMIT,36.1272,-86.6959,POINT (-86.6959 36.1272)
20190317161,04/24/2019 06:30:00 PM,2,1,0,,N,256496,11,Front to Rear,21,CLEAR,1,DAYLIGHT,12,MOTOR VEHICLE IN TRANSPORT,ANDREW JACKSON PKWY & WEBER RD,HERMITAGE,TN,37076,9509,HERMIT,36.1957,-86.6084,POINT (-86.6084 36.1957)
20190189487,03/10/2019 12:00:00 AM,3,0,0,,N,279118,4,ANGLE,21,CLEAR,7,Dark-Unknown Lighting,12,MOTOR VEHICLE IN TRANSPORT,MURFREESBORO PKE & FOREST VIEW DR,ANTIOCH,TN,37013,8865,SOUTH,36.0674,-86.6313,POINT (-86.6313 36.0674)
20190057767,01/22/2019 08:50:00 PM,1,0,0,Y,N,240959,0,NOT COLLISION W/MOTOR VEHICLE-TRANSPORT,21,CLEAR,3,DARK - LIGHTED,19,BUILDING,1400 GATEWOOD AV,NASHVILLE,TN,37207,1865,EAST,36.2,-86.7694,POINT (-86.7694 36.2)
20190057147,01/22/2019 04:15:00 PM,2,1,0,,N,212322,11,Front to Rear,21,CLEAR,1,DAYLIGHT,12,MOTOR VEHICLE IN TRANSPORT,MURFREESBORO PKE & RURAL HILL RD,ANTIOCH,TN,37013,8861,SOUTH,36.0745,-86.6387,POINT (-86.6387 36.0745)
20190350084,05/07/2019 09:50:00 AM,2,0,0,,N,665896,11,Front to Rear,21,CLEAR,1,DAYLIGHT,12,MOTOR VEHICLE IN TRANSPORT,E TRINITY LN & ELLINGTON PKWY N ENT RAMP,NASHVILLE,TN,37207,1853,EAST,36.2046,-86.7493,POINT (-86.7493 36.2046)
20190531775,07/16/2019 01:05:00 PM,2,0,0,,N,493309,4,ANGLE,21,CLEAR,1,DAYLIGHT,12,MOTOR VEHICLE IN TRANSPORT,GALLATIN PKEN & RIVERGATE PKWY,MADISON,TN,37115,1731,MADISO,36.2973,-86.6988,POINT (-86.6988 36.2973)
20190147781,02/23/2019 03:00:00 PM,2,0,0,,Y,311331,4,ANGLE,22,CLOUDY,1,DAYLIGHT,12;14,MOTOR VEHICLE IN TRANSPORT;PARKED MOTOR VEHICLE,HOWARD AV & KATHERINE ST,NASHVILLE,TN,37216,1421,EAST,36.2116,-86.7283,POINT (-86.7283 36.2116)
20190239188,03/28/2019 12:40:00 AM,1,0,0,Y,N,200016,0,NOT COLLISION W/MOTOR VEHICLE-TRANSPORT,21,CLEAR,3,DARK - LIGHTED,29,LUMINAIRE/LIGHT SUPPORT,1800 DR D B TODD JR BLVD,NASHVILLE,TN,37208,4413,NORTH,36.1801,-86.811,POINT (-86.811 36.1801)
20190069102,01/26/2019 08:24:00 PM,2,0,0,,N,240971,5,SIDESWIPE - SAME DIRECTION,21,CLEAR,3,DARK - LIGHTED,12,MOTOR VEHICLE IN TRANSPORT,ROSA L PARKS AV & ROSA L PARKS BLVD,NASHVILLE,TN,37203,4145,CENTRA,36.1617,-86.7839,POINT (-86.7839 36.1617)
20190142643,02/21/2019 05:45:00 PM,2,0,0,,N,151131,98,OTHER,2,RAIN,3,DARK - LIGHTED,12,MOTOR VEHICLE IN TRANSPORT,CLIFF DR & BUENA VISTA PKE,NASHVILLE,TN,37218,3135,NORTH,36.1957,-86.826,POINT (-86.826 36.1957)
20190300204,04/18/2019 09:16:00 PM,2,0,0,,N,151132,4,ANGLE,2,RAIN,2,DARK - NOT LIGHTED,12,MOTOR VEHICLE IN TRANSPORT,BRILEY PKWYW & MOOREWOOD DR,NASHVILLE,TN,37207,20141,MADISO,36.2398,-86.773,POINT (-86.773 36.2398)
20190485785,06/27/2019 10:24:00 AM,2,0,0,,N,716886,11,Front to Rear,21,CLEAR,1,DAYLIGHT,12,MOTOR VEHICLE IN TRANSPORT,MM 54 7 I 24,NASHVILLE,TN,37211,8602,SOUTH,36.0977,-86.7096,POINT (-86.7096 36.0977)
20190339832,05/03/2019 06:14:00 AM,2,0,0,,N,109534,11,Front to Rear,22,CLOUDY,1,DAYLIGHT,12,MOTOR VEHICLE IN TRANSPORT,TULIP GROVE RD & CHANDLER RD,HERMITAGE,TN,37076,9513,HERMIT,36.1997,-86.592,POINT (-86.592 36.1997)
20190126159,02/15/2019 05:24:00 PM,2,0,0,,Y,256424,4,ANGLE,2,RAIN,3,DARK - LIGHTED,12,MOTOR VEHICLE IN TRANSPORT,MURFREESBORO PKE & THOMPSON PL,NASHVILLE,TN,37217,8879,SOUTH,36.1267,-86.7111,POINT (-86.7111 36.1267)
20190477495,06/24/2019 02:52:00 PM,2,1,0,,N,240968,4,ANGLE,21,CLEAR,1,DAYLIGHT,12,MOTOR VEHICLE IN TRANSPORT,MOSSDALE DR & BELL RD,NASHVILLE,TN,37217,8937,HERMIT,36.0828,-86.6287,POINT (-86.6287 36.0828)
20190489750,06/28/2019 09:00:00 PM,2,0,0,,Y,298858,5,SIDESWIPE - SAME DIRECTION,21,CLEAR,3,DARK - LIGHTED,12,MOTOR VEHICLE IN TRANSPORT,CHURCH ST & 3RD AVN,NASHVILLE,TN,37201,4137,CENTRA,36.1642,-86.7777,POINT (-86.7777 36.1642)
20190107633,02/09/2019 03:52:00 AM,1,3,0,,N,299254,0,NOT COLLISION W/MOTOR VEHICLE-TRANSPORT,21,CLEAR,3,DARK - LIGHTED,30;63,UTILITY POLE;Ran Off Road-Right,APACHE TRL & HICKORY LAKE APTS PVTDR,NASHVILLE,TN,37211,8709,SOUTH,36.0671,-86.6892,POINT (-86.6892 36.0671)
20190267503,04/07/2019 01:03:00 PM,2,0,0,,N,320575,16,Rear to Side,22,CLOUDY,1,DAYLIGHT,12,MOTOR VEHICLE IN TRANSPORT,RICHARDS RD & CUMMINGS PARK DR,ANTIOCH,TN,37013,8899,SOUTH,36.069,-86.6812,POINT (-86.6812 36.069)
20190437071,06/08/2019 04:50:00 PM,1,0,0,,N,256417,0,NOT COLLISION W/MOTOR VEHICLE-TRANSPORT,21,CLEAR,1,DAYLIGHT,7,,MM 221 6 I 40,HERMITAGE,TN,37076,95020,HERMIT,36.1697,-86.5857,POINT (-86.5857 36.1697)
20190558473,07/26/2019 07:30:00 PM,2,0,0,,N,299253,11,Front to Rear,21,CLEAR,1,DAYLIGHT,12,MOTOR VEHICLE IN TRANSPORT,DICKERSON PKE & SPRING ST,NASHVILLE,TN,37207,1979,EAST,36.1765,-86.7702,POINT (-86.7702 36.1765)
20190275855,04/10/2019 12:36:00 PM,2,0,0,,N,267831,4,ANGLE,21,CLEAR,1,DAYLIGHT,12,MOTOR VEHICLE IN TRANSPORT,OLD HICKORY BLVD & BELLE FOREST SHOPPING,NASHVILLE,TN,37205,4903,WEST,36.0756,-86.921,POINT (-86.921 36.0756)
20190040471,01/16/2019 06:35:00 AM,2,0,0,,N,420035,4,ANGLE,21,CLEAR,1,DAYLIGHT,12,MOTOR VEHICLE IN TRANSPORT,OLD HICKORY BLVDW & RONNIE RD,MADISON,TN,37115,1749,MADISO,36.2641,-86.7262,POINT (-86.7262 36.2641)
20190480175,06/25/2019 01:10:00 PM,2,0,0,,N,226622,4,ANGLE,21,CLEAR,1,DAYLIGHT,12,MOTOR VEHICLE IN TRANSPORT,POST RD & OLIVE BRANCH RD,NASHVILLE,TN,37205,4919,WEST,36.1129,-86.8647,POINT (-86.8647 36.1129)
20190177315,03/06/2019 07:50:00 AM,2,0,0,,N,299264,4,ANGLE,21,CLEAR,1,DAYLIGHT,12,MOTOR VEHICLE IN TRANSPORT,WEST END AV & 27TH AVN,NASHVILLE,TN,37212,5815,MIDTOW,36.1458,-86.8108,POINT (-86.8108 36.1458)
20190171029,03/04/2019 10:21:00 AM,2,0,0,,Y,320601,4,ANGLE,21,CLEAR,1,DAYLIGHT,12,MOTOR VEHICLE IN TRANSPORT,MM 55 2 I 24,NASHVILLE,TN,37211,8812,SOUTH,36.0923,-86.7049,POINT (-86.7049 36.0923)
20190371818,05/15/2019 11:37:00 AM,2,1,0,,N,429185,6,SIDESWIPE - OPPOSITE DIRECTION,21,CLEAR,1,DAYLIGHT,12,MOTOR VEHICLE IN TRANSPORT,3901 FRIST BLVD,HERMITAGE,TN,37076,9561,HERMIT,36.1779,-86.6061,POINT (-86.6061 36.1779)
20190206490,03/16/2019 08:10:00 PM,2,1,0,,N,311344,4,ANGLE,21,CLEAR,3,DARK - LIGHTED,12;7,MOTOR VEHICLE IN TRANSPORT,OLD HICKORY BLVDW & N GRAYCROFT AV,MADISON,TN,37115,1777,MADISO,36.2644,-86.7324,POINT (-86.7324 36.2644)
20190334374,05/01/2019 07:40:00 AM,2,0,0,,N,262757,5,SIDESWIPE - SAME DIRECTION,22,CLOUDY,1,DAYLIGHT,12,MOTOR VEHICLE IN TRANSPORT,MM 214 2 I 40,NASHVILLE,TN,37210,90062,HERMIT,36.1424,-86.7107,POINT (-86.7107 36.1424)
20190488983,06/28/2019 03:04:00 PM,2,0,0,,N,279224,11,Front to Rear,21,CLEAR,1,DAYLIGHT,12,MOTOR VEHICLE IN TRANSPORT,SPRING ST & JAMES ROBERTSON PKWY,NASHVILLE,TN,37206,1113,EAST,36.1728,-86.7653,POINT (-86.7653 36.1728)
20190102160,02/07/2019 04:45:00 AM,3,0,0,,N,279216,5,SIDESWIPE - SAME DIRECTION,2,RAIN,3,DARK - LIGHTED,12,MOTOR VEHICLE IN TRANSPORT,MM 88 5 I 65,NASHVILLE,TN,37207,30040,NORTH,36.2237,-86.7746,POINT (-86.7746 36.2237)
20190488025,06/28/2019 07:30:00 AM,1,1,0,,N,420035,0,NOT COLLISION W/MOTOR VEHICLE-TRANSPORT,21,CLEAR,1,DAYLIGHT,30,UTILITY POLE,GALLATIN PKES & NEELYS BEND RD,MADISON,TN,37115,1605,MADISO,36.2566,-86.7142,POINT (-86.7142 36.2566)
20190313423,04/23/2019 03:09:00 PM,1,0,0,Y,Y,352195,0,NOT COLLISION W/MOTOR VEHICLE-TRANSPORT,21,CLEAR,1,DAYLIGHT,7,,DOVERSIDE DR & SKYLINE COMMONS PVTDR,NASHVILLE,TN,37207,2011,MADISO,36.242,-86.7625,POINT (-86.7625 36.242)
20190074501,01/28/2019 09:20:00 PM,2,0,0,,Y,332215,11,Front to Rear,21,CLEAR,3,DARK - LIGHTED,12,MOTOR VEHICLE IN TRANSPORT,ESTES RD & HARDING PL,NASHVILLE,TN,37215,6115,WEST,36.0928,-86.8397,POINT (-86.8397 36.0928)
20190455605,06/15/2019 05:49:00 PM,2,2,0,,N,256386,11,Front to Rear,21,CLEAR,1,DAYLIGHT,12,MOTOR VEHICLE IN TRANSPORT,STATE HWY 155 & GLASTONBURY RD,NASHVILLE,TN,37217,88940,HERMIT,36.1374,-86.6998,POINT (-86.6998 36.1374)
20190210576,03/18/2019 02:25:00 PM,2,0,0,,N,714641,4,ANGLE,21,CLEAR,1,DAYLIGHT,12,MOTOR VEHICLE IN TRANSPORT,2ND AVS & I40 E ENT RAMP,NASHVILLE,TN,37210,8201,HERMIT,36.1514,-86.7683,POINT (-86.7683 36.1514)
20190225822,03/23/2019 08:48:00 AM,2,0,0,,N,156307,16,Rear to Side,21,CLEAR,1,DAYLIGHT,12,MOTOR VEHICLE IN TRANSPORT,ATHENS WAY & DOMINICAN DR,NASHVILLE,TN,37228,4445,NORTH,36.1876,-86.8,POINT (-86.8 36.1876)
20190522273,07/12/2019 12:00:00 PM,2,0,0,,Y,352156,5,SIDESWIPE - SAME DIRECTION,21,CLEAR,1,DAYLIGHT,12;20,MOTOR VEHICLE IN TRANSPORT;IMPACT ATTENUATOR,0 NOLENSVILLE PKE,NASHVILLE,TN,37211,8609,MIDTOW,36.0796,-86.7263,POINT (-86.7263 36.0796)
20190270328,04/08/2019 03:20:00 PM,3,4,0,,N,206675,4,ANGLE,2,RAIN,1,DAYLIGHT,12,MOTOR VEHICLE IN TRANSPORT,11TH AVS & HORTON AV,NASHVILLE,TN,37203,6909,MIDTOW,36.1403,-86.7859,POINT (-86.7859 36.1403)
20190439934,06/10/2019 01:55:00 AM,2,0,0,,N,311340,4,ANGLE,21,CLEAR,3,DARK - LIGHTED,12,MOTOR VEHICLE IN TRANSPORT,17TH AVS & BROADWAY,NASHVILLE,TN,37203,5705,MIDTOW,36.1533,-86.794,POINT (-86.794 36.1533)
20190377988,05/17/2019 11:19:00 AM,2,0,0,,N,493304,11,Front to Rear,21,CLEAR,1,DAYLIGHT,12,MOTOR VEHICLE IN TRANSPORT,GALLATIN PKES & E OLD HICKORY BLVD,MADISON,TN,37115,1771,MADISO,36.2622,-86.7122,POINT (-86.7122 36.2622)
20190359859,05/10/2019 05:31:00 PM,3,0,0,,N,579971,4,ANGLE,22,CLOUDY,1,DAYLIGHT,12,MOTOR VEHICLE IN TRANSPORT,I24 W EXT RAMP & I 24,NASHVILLE,TN,37211,8829,SOUTH,36.1074,-86.7197,POINT (-86.7197 36.1074)
20190191784,03/11/2019 05:29:00 PM,2,0,0,,N,256389,11,Front to Rear,21,CLEAR,1,DAYLIGHT,12,MOTOR VEHICLE IN TRANSPORT,OLD HICKORY BLVD & SEVEN SPRINGS WAY PVT,BRENTWOOD,TN,37027,8623,MIDTOW,36.0406,-86.7711,POINT (-86.7711 36.0406)
20190574418,08/02/2019 10:40:00 AM,1,1,0,,N,676834,0,NOT COLLISION W/MOTOR VEHICLE-TRANSPORT,21,CLEAR,1,DAYLIGHT,8,PEDESTRIAN,W TRINITY LN & HAMPTON ST,NASHVILLE,TN,37207,3007,NORTH,36.2067,-86.7784,POINT (-86.7784 36.2067)
20190324860,04/27/2019 01:00:00 PM,2,0,0,,Y,320577,5,SIDESWIPE - SAME DIRECTION,21,CLEAR,1,DAYLIGHT,12,MOTOR VEHICLE IN TRANSPORT,MM 0 5 I 440,NASHVILLE,TN,37209,5232,WEST,36.1514,-86.8228,POINT (-86.8228 36.1514)
20190198715,03/13/2019 12:00:00 AM,2,0,0,,Y,110090,11,Front to Rear,21,CLEAR,3,DARK - LIGHTED,12,MOTOR VEHICLE IN TRANSPORT,SUMMERCREST TRL & SUMMERCREST BLVD,ANTIOCH,TN,37013,8867,SOUTH,36.0434,-86.6182,POINT (-86.6182 36.0434)