Accident Number,Date and Time,Number of Motor Vehicles,Number of Injuries,Number of Fatalities,Property Damage,Hit and Run,Reporting Officer,Collision Type Code,Collision Type Description,Weather Code,Weather Description,Illumination Code,Illumination Description,Harmful Code,Harmful Code Description,Street Address,City,State,ZIP,RPA,Precinct,Latitude,Longitude,Mapped Location
20190066832,01/25/2019 08:47:00 PM,4,1,0,,Y,256422,98,OTHER,21,CLEAR,3,DARK - LIGHTED,14,PARKED MOTOR VEHICLE,JOHN A MERRITT BLVD & JEFFERSON ST,NASHVILLE,TN,37209,4521,NORTH,36.1678,-86.8208,POINT (-86.8208 36.1678)
20190343402,05/04/2019 12:00:00 AM,2,3,0,,N,256441,9,UNKNOWN,2,RAIN,1,DAYLIGHT,99,UNKNOWN MOST HARMFUL EVENT,MM 77 3 I 65,NASHVILLE,TN,37220,86042,MIDTOW,36.0758,-86.7677,POINT (-86.7677 36.0758)
20190563799,07/29/2019 08:55:00 AM,2,0,0,,N,584947,4,ANGLE,21,CLEAR,1,DAYLIGHT,12,MOTOR VEHICLE IN TRANSPORT,HARDING PL & SIDCO DR,NASHVILLE,TN,37220,8601,MIDTOW,36.0819,-86.7612,POINT (-86.7612 36.0819)
20190251372,04/01/2019 02:31:00 PM,2,0,0,,N,256383,5,SIDESWIPE - SAME DIRECTION,21,CLEAR,1,DAYLIGHT,12,MOTOR VEHICLE IN TRANSPORT,MURFREESBORO PKE & HAMILTON CHURCH RD,ANTIOCH,TN,37013,8865,SOUTH,36.0649,-86.6286,POINT (-86.6286 36.0649)
20190576316,08/03/2019 12:15:00 AM,2,0,0,,Y,256495,9,UNKNOWN,21,CLEAR,3,DARK - LIGHTED,14;99,PARKED MOTOR VEHICLE;UNKNOWN MOST HARMFUL EVENT,25TH AVN & SANTI AV,NASHVILLE,TN,37208,4463,NORTH,36.179,-86.8169,POINT (-86.8169 36.179)
20190544672,07/21/2019 03:09:00 PM,2,0,0,,N,633391,11,Front to Rear,21,CLEAR,1,DAYLIGHT,12,MOTOR VEHICLE IN TRANSPORT,ROYAL OAKS CONDOS PVTDR & HARDING PKE,NASHVILLE,TN,37205,6101,WEST,36.124,-86.849,POINT (-86.849 36.124)
20190064963,01/25/2019 07:40:00 AM,2,0,0,,N,330438,4,ANGLE,21,CLEAR,1,DAYLIGHT,12,MOTOR VEHICLE IN TRANSPORT,51ST AVN & GEORGIA AV,NASHVILLE,TN,37209,4543,WEST,36.1554,-86.8488,POINT (-86.8488 36.1554)
20190047234,01/18/2019 02:21:00 PM,4,2,0,,Y,876577,11,Front to Rear,22,CLOUDY,1,DAYLIGHT,12,MOTOR VEHICLE IN TRANSPORT,I24 W ENT RAMP & I 24,NASHVILLE,TN,37206,1009,EAST,36.1666,-86.7638,POINT (-86.7638 36.1666)
20190533422,07/17/2019 03:48:00 AM,1,0,0,,N,110064,0,NOT COLLISION W/MOTOR VEHICLE-TRANSPORT,21,CLEAR,3,DARK - LIGHTED,72,EMBANKMENT ROCK/STONE/CONCRETE,VIVELLE AV & NOLENSVILLE PKE,NASHVILLE,TN,37211,8057,MIDTOW,36.1269,-86.7531,POINT (-86.7531 36.1269)
20190423607,06/03/2019 05:40:00 PM,2,0,0,,N,717341,11,Front to Rear,21,CLEAR,1,DAYLIGHT,12,MOTOR VEHICLE IN TRANSPORT,BELL RD & HICKORY HOLLOW MALL PVTDR PL,ANTIOCH,TN,37013,8863,SOUTH,36.0493,-86.6517,POINT (-86.6517 36.0493)
20190323067,04/26/2019 05:19:00 PM,2,0,0,,N,352201,11,Front to Rear,21,CLEAR,5,DUSK,12,MOTOR VEHICLE IN TRANSPORT,BRILEY PKWYS & BRILEY PKWY S ENT RAMP,NASHVILLE,TN,37211,88962,SOUTH,36.1103,-86.7197,POINT (-86.7197 36.1103)
20190082862,01/31/2019 08:57:00 AM,2,0,0,,N,481573,11,Front to Rear,21,CLEAR,1,DAYLIGHT,12,MOTOR VEHICLE IN TRANSPORT,MM 2 1 I 440,NASHVILLE,TN,37215,6006,WEST,36.1289,-86.8163,POINT (-86.8163 36.1289)
20190509591,07/06/2019 12:00:00 AM,2,0,0,,Y,240981,16,Rear to Side,21,CLEAR,3,DARK - LIGHTED,14,PARKED MOTOR VEHICLE,500 S 4TH ST,NASHVILLE,TN,37206,1009,EAST,36.1662,-86.7625,POINT (-86.7625 36.1662)
20190406752,05/28/2019 09:48:00 AM,2,0,0,,Y,580819,11,Front to Rear,21,CLEAR,1,DAYLIGHT,12,MOTOR VEHICLE IN TRANSPORT,MM 49 0 I 24,NASHVILLE,TN,37206,10040,EAST,36.1664,-86.7647,POINT (-86.7647 36.1664)
20190308483,04/22/2019 08:45:00 AM,1,0,0,Y,N,235761,0,NOT COLLISION W/MOTOR VEHICLE-TRANSPORT,21,CLEAR,1,DAYLIGHT,27,H-WAY TRAFFIC SIGNAL POST,VERNON AV & JAMES AV,NASHVILLE,TN,37209,4659,WEST,36.1628,-86.8688,POINT (-86.8688 36.1628)
20190450244,06/13/2019 04:02:00 PM,2,0,0,,N,352159,3,REAR-TO-REAR,21,CLEAR,1,DAYLIGHT,12,MOTOR VEHICLE IN TRANSPORT,BRILEY PKWYS & BRILEY PKWYN,NASHVILLE,TN,37218,3212,NORTH,36.2142,-86.8724,POINT (-86.8724 36.2142)
20190213431,03/19/2019 11:03:00 AM,1,0,0,,N,414668,0,NOT COLLISION W/MOTOR VEHICLE-TRANSPORT,21,CLEAR,1,DAYLIGHT,36,CONCRETE TRAFFIC BARRIER,BRILEY PKWYW & BRICK CHURCH PKE,NASHVILLE,TN,37207,2014,MADISO,36.2384,-86.7816,POINT (-86.7816 36.2384)
20190342469,05/04/2019 03:00:00 AM,1,0,0,Y,N,279230,0,NOT COLLISION W/MOTOR VEHICLE-TRANSPORT,21,CLEAR,2,DARK - NOT LIGHTED,39,WALL,SHIHMEN DR & PENNY BRINK DR,ANTIOCH,TN,37013,8713,SOUTH,36.0544,-86.6812,POINT (-86.6812 36.0544)
20190531275,07/16/2019 09:00:00 AM,2,0,0,,Y,352168,4,ANGLE,22,CLOUDY,1,DAYLIGHT,12,MOTOR VEHICLE IN TRANSPORT,S 5TH ST & RUSSELL ST,NASHVILLE,TN,37206,1113,EAST,36.1708,-86.7642,POINT (-86.7642 36.1708)
20190224099,03/22/2019 04:18:00 PM,2,0,0,,N,717341,4,ANGLE,21,CLEAR,1,DAYLIGHT,12,MOTOR VEHICLE IN TRANSPORT,NOLENSVILLE PKE & VIVELLE AV,NASHVILLE,TN,37210,8109,SOUTH,36.1271,-86.7533,POINT (-86.7533 36.1271)
20190375074,05/16/2019 12:00:00 PM,2,0,0,,N,226136,11,Front to Rear,22,CLOUDY,1,DAYLIGHT,12,MOTOR VEHICLE IN TRANSPORT,ELLISTON PL & 25TH AVN,NASHVILLE,TN,37203,5623,MIDTOW,36.1474,-86.8085,POINT (-86.8085 36.1474)
20190032391,01/13/2019 11:08:00 AM,4,1,0,,N,584947,11,Front to Rear,22,CLOUDY,1,DAYLIGHT,12,MOTOR VEHICLE IN TRANSPORT,OLD HICKORY BLVD & I65 N ENT RAMP,BRENTWOOD,TN,37027,8619,MIDTOW,36.0401,-86.7807,POINT (-86.7807 36.0401)
20190237964,03/27/2019 12:00:00 AM,2,0,0,,N,298868,11,Front to Rear,21,CLEAR,1,DAYLIGHT,12,MOTOR VEHICLE IN TRANSPORT,HIGHWAY 100 & WESTHAVEN DR,NASHVILLE,TN,37221,4805,WEST,36.0348,-86.9721,POINT (-86.9721 36.0348)
20190380933,05/18/2019 04:00:00 PM,2,1,0,,N,256412,5,SIDESWIPE - SAME DIRECTION,21,CLEAR,1,DAYLIGHT,12,MOTOR VEHICLE IN TRANSPORT,0 PARAGON MILLS RD,NASHVILLE,TN,37211,8415,SOUTH,36.0854,-86.7271,POINT (-86.7271 36.0854)
20190039744,01/16/2019 01:27:00 AM,1,3,0,,Y,279203,0,NOT COLLISION W/MOTOR VEHICLE-TRANSPORT,21,CLEAR,2,DARK - NOT LIGHTED,36,CONCRETE TRAFFIC BARRIER,I40 W ENT RAMP & ANTHES DR,NASHVILLE,TN,37210,4008,CENTRA,36.1561,-86.7608,POINT (-86.7608 36.1561)
20190228583,03/24/2019 02:30:00 PM,2,0,0,,Y,298858,5,SIDESWIPE - SAME DIRECTION,21,CLEAR,1,DAYLIGHT,12,MOTOR VEHICLE IN TRANSPORT,MM 47 2 I 24,NASHVILLE,TN,37207,19021,EAST,36.1858,-86.7752,POINT (-86.7752 36.1858)
20190019749,01/08/2019 05:15:00 PM,2,0,0,,N,256419,5,SIDESWIPE - SAME DIRECTION,21,CLEAR,3,DARK - LIGHTED,12,MOTOR VEHICLE IN TRANSPORT,CHARLOTTE AV & 14TH AVN,NASHVILLE,TN,37203,5501,MIDTOW,36.1606,-86.7941,POINT (-86.7941 36.1606)
20190437099,06/08/2019 05:38:00 PM,2,1,0,,Y,206964,4,ANGLE,22,CLOUDY,1,DAYLIGHT,12,MOTOR VEHICLE IN TRANSPORT,TUSCULUM RD & LUKER LN,ANTIOCH,TN,37013,8713,SOUTH,36.0539,-86.6912,POINT (-86.6912 36.0539)
20190197304,03/13/2019 12:59:00 PM,3,0,0,,Y,716886,11,Front to Rear,21,CLEAR,1,DAYLIGHT,12,MOTOR VEHICLE IN TRANSPORT,THOMPSON LN & BRILEY PKWYN,NASHVILLE,TN,37211,8423,SOUTH,36.1095,-86.7283,POINT (-86.7283 36.1095)
20190114912,02/12/2019 04:18:00 AM,2,2,0,,N,166477,4,ANGLE,2,RAIN,2,DARK - NOT LIGHTED,12;24,MOTOR VEHICLE IN TRANSPORT;GUARDRAIL FACE,MM 57 6 I 24,ANTIOCH,TN,37013,87060,SOUTH,36.0629,-86.6829,POINT (-86.6829 36.0629)
20190251978,04/01/2019 08:41:00 PM,2,0,0,,Y,330415,11,Front to Rear,21,CLEAR,3,DARK - LIGHTED,12,MOTOR VEHICLE IN TRANSPORT,12TH AVS & 11TH AVS,NASHVILLE,TN,37203,4015,CENTRA,36.1515,-86.7843,POINT (-86.7843 36.1515)
20190066223,01/25/2019 04:23:00 PM,3,0,0,,N,134871,11,Front to Rear,21,CLEAR,1,DAYLIGHT,12,MOTOR VEHICLE IN TRANSPORT,MM 86 0 I 65,NASHVILLE,TN,37208,4304,CENTRA,36.1916,-86.7859,POINT (-86.7859 36.1916)
20190570020,07/31/2019 07:49:00 PM,2,0,0,,N,151132,11,Front to Rear,21,CLEAR,1,DAYLIGHT,12,MOTOR VEHICLE IN TRANSPORT,MM 92 0 I 65,MADISON,TN,37115,17280,MADISO,36.2612,-86.7382,POINT (-86.7382 36.2612)
20190580891,08/05/2019 07:38:00 AM,1,1,0,,N,109534,0,NOT COLLISION W/MOTOR VEHICLE-TRANSPORT,21,CLEAR,1,DAYLIGHT,9,,LEBANON PKE & OMOHUNDRO PL,NASHVILLE,TN,37210,9011,HERMIT,36.1545,-86.7398,POINT (-86.7398 36.1545)
20190116646,02/12/2019 02:25:00 PM,2,0,0,,Y,206964,4,ANGLE,21,CLEAR,1,DAYLIGHT,12,MOTOR VEHICLE IN TRANSPORT,HAMILTON CHURCH RD & HOBSON PKE,ANTIOCH,TN,37013,8905,SOUTH,36.0586,-86.5978,POINT (-86.5978 36.0586)
20190434061,06/07/2019 11:30:00 AM,2,1,0,,N,306231,11,Front to Rear,22,CLOUDY,1,DAYLIGHT,12,MOTOR VEHICLE IN TRANSPORT,VANTAGE WAY CT & VANTAGE WAY,NASHVILLE,TN,37228,4499,NORTH,36.191,-86.799,POINT (-86.799 36.191)
20190299921,04/18/2019 05:37:00 PM,2,0,0,,N,226217,4,ANGLE,22,CLOUDY,1,DAYLIGHT,12,MOTOR VEHICLE IN TRANSPORT,WOODBERRY DR & HIBBITTS RD,NASHVILLE,TN,37214,9119,HERMIT,36.1577,-86.6787,POINT (-86.6787 36.1577)
20190552401,07/24/2019 01:02:00 PM,2,1,0,,N,256428,11,Front to Rear,21,CLEAR,1,DAYLIGHT,12,MOTOR VEHICLE IN TRANSPORT,BRILEY PKWYE & BRILEY PKWYW,NASHVILLE,TN,37207,20120,MADISO,36.2396,-86.7751,POINT (-86.7751 36.2396)
20190455334,06/15/2019 01:49:00 PM,2,0,0,,N,299257,4,ANGLE,21,CLEAR,1,DAYLIGHT,12,MOTOR VEHICLE IN TRANSPORT,I65 S ENT RAMP & I 40,NASHVILLE,TN,37203,6804,MIDTOW,36.1477,-86.7785,POINT (-86.7785 36.1477)
20190470599,06/21/2019 07:55:00 AM,2,1,0,,N,352186,11,Front to Rear,21,CLEAR,1,DAYLIGHT,12,MOTOR VEHICLE IN TRANSPORT,MM 37 2 I 24,WHITES CREEK,TN,37189,2212,NORTH,36.3151,-86.8326,POINT (-86.8326 36.3151)
20190483703,06/26/2019 05:08:00 PM,2,0,0,,Y,299241,4,ANGLE,21,CLEAR,1,DAYLIGHT,12,MOTOR VEHICLE IN TRANSPORT,MM 211 1 I 40,NASHVILLE,TN,37210,8008,HERMIT,36.1539,-86.7571,POINT (-86.7571 36.1539)
20190384250,05/20/2019 06:37:00 AM,2,0,0,,Y,716886,11,Front to Rear,21,CLEAR,1,DAYLIGHT,12,MOTOR VEHICLE IN TRANSPORT,MURFREESBORO PKE & BELL RD,ANTIOCH,TN,37013,8979,SOUTH,36.072,-86.636,POINT (-86.636 36.072)
20190113523,02/11/2019 06:00:00 PM,2,1,0,,N,714641,4,ANGLE,2,RAIN,3,DARK - LIGHTED,12,MOTOR VEHICLE IN TRANSPORT,3RD AVS & KOREAN VETERANS BLVD,NASHVILLE,TN,37201,4053,CENTRA,36.1579,-86.7736,POINT (-86.7736 36.1579)
20190542048,07/20/2019 07:58:00 AM,2,1,0,,N,876573,4,ANGLE,21,CLEAR,1,DAYLIGHT,12,MOTOR VEHICLE IN TRANSPORT,HOBSON PKE & BAKERS GROVE LN,HERMITAGE,TN,37076,8921,SOUTH,36.1032,-86.5516,POINT (-86.5516 36.1032)
20190209801,03/18/2019 08:45:00 AM,2,0,0,,N,330431,11,Front to Rear,21,CLEAR,1,DAYLIGHT,12,MOTOR VEHICLE IN TRANSPORT,OLD HICKORY BLVD & BELL RD,HERMITAGE,TN,37076,9545,HERMIT,36.1613,-86.5971,POINT (-86.5971 36.1613)
20190337933,05/02/2019 12:53:00 PM,2,0,0,,Y,298864,11,Front to Rear,2,RAIN,1,DAYLIGHT,12,MOTOR VEHICLE IN TRANSPORT,MM 87 0 I 65,NASHVILLE,TN,37207,18020,EAST,36.2018,-86.7766,POINT (-86.7766 36.2018)
20190147932,02/23/2019 03:55:00 PM,1,0,0,,N,299238,0,NOT COLLISION W/MOTOR VEHICLE-TRANSPORT,2,RAIN,1,DAYLIGHT,37,Other Traffic Barrier,ELLINGTON PKWYN & SPRING ST,NASHVILLE,TN,37207,1995,EAST,36.1757,-86.7665,POINT (-86.7665 36.1757)
20190475690,06/23/2019 08:07:00 PM,2,0,0,,Y,330435,9,UNKNOWN,21,CLEAR,3,DARK - LIGHTED,14;55,PARKED MOTOR VEHICLE;Motor Vehicle-In-Motion Outside Trafficw,123 EWING DR,NASHVILLE,TN,37207,1809,EAST,36.2294,-86.7596,POINT (-86.7596 36.2294)
20190445125,06/11/2019 10:08:00 PM,3,1,0,,Y,256426,11,Front to Rear,21,CLEAR,3,DARK - LIGHTED,12,MOTOR VEHICLE IN TRANSPORT,LEBANON PKE & SPENCE LN,NASHVILLE,TN,37210,9019,HERMIT,36.1537,-86.7214,POINT (-86.7214 36.1537)
20190559117,07/26/2019 11:55:00 PM,2,0,0,,Y,320584,11,Front to Rear,21,CLEAR,3,DARK - LIGHTED,12,MOTOR VEHICLE IN TRANSPORT,DRUMMOND DR & EAST THOMPSON LN,NASHVILLE,TN,37211,8809,SOUTH,36.1149,-86.7196,POINT (-86.7196 36.1149)
20190223999,03/22/2019 03:24:00 PM,2,0,0,,N,151132,11,Front to Rear,21,CLEAR,1,DAYLIGHT,12,MOTOR VEHICLE IN TRANSPORT,CUNNIFF PKWY & DICKERSON PKES,MADISON,TN,37115,2101,MADISO,36.2843,-86.7464,POINT (-86.7464 36.2843)
20190459653,06/17/2019 12:45:00 PM,2,0,0,,N,676834,5,SIDESWIPE - SAME DIRECTION,21,CLEAR,1,DAYLIGHT,12,MOTOR VEHICLE IN TRANSPORT,MM 87 0 I 65,NASHVILLE,TN,37207,18020,EAST,36.2018,-86.7766,POINT (-86.7766 36.2018)
20190301833,04/19/2019 11:00:00 AM,2,0,0,,N,226136,11,Front to Rear,22,CLOUDY,1,DAYLIGHT,12,MOTOR VEHICLE IN TRANSPORT,WEDGEWOOD AV & STEWART PL,NASHVILLE,TN,37204,8025,MIDTOW,36.1338,-86.7718,POINT (-86.7718 36.1338)
20190137834,02/20/2019 05:30:00 AM,2,1,0,,N,156308,2,HEAD-ON,2,RAIN,3,DARK - LIGHTED,12;68,MOTOR VEHICLE IN TRANSPORT;Cross Center Line,ASHLAND CITY HWY & WWCR AV,NASHVILLE,TN,37218,3235,NORTH,36.2103,-86.8813,POINT (-86.8813 36.2103)
20190086259,02/01/2019 11:05:00 AM,2,0,0,,N,332253,11,Front to Rear,22,CLOUDY,1,DAYLIGHT,12,MOTOR VEHICLE IN TRANSPORT,RIVERGATE MALL PVTDR & GALLATIN PKEN,GOODLETTSVILLE,TN,37072,1751,MADISO,36.3022,-86.6927,POINT (-86.6927 36.3022)
20190200544,03/14/2019 02:54:00 PM,2,0,0,,N,197054,11,Front to Rear,21,CLEAR,1,DAYLIGHT,12,MOTOR VEHICLE IN TRANSPORT,MM 213 5 I 40,NASHVILLE,TN,37210,90062,HERMIT,36.1406,-86.7215,POINT (-86.7215 36.1406)
20190555830,07/25/2019 07:25:00 PM,2,2,0,,N,140804,4,ANGLE,21,CLEAR,1,DAYLIGHT,12,MOTOR VEHICLE IN TRANSPORT,MM 87 7 I 65,NASHVILLE,TN,37207,1804,EAST,36.2114,-86.7757,POINT (-86.7757 36.2114)
20190559960,07/27/2019 01:53:00 PM,3,1,0,,Y,352211,11,Front to Rear,21,CLEAR,1,DAYLIGHT,12,MOTOR VEHICLE IN TRANSPORT,CHARLOTTE AV & 49TH AVN,NASHVILLE,TN,37209,5129,WEST,36.1521,-86.8463,POINT (-86.8463 36.1521)
20190178577,03/06/2019 04:00:00 PM,3,0,0,,Y,206675,11,Front to Rear,21,CLEAR,1,DAYLIGHT,12,MOTOR VEHICLE IN TRANSPORT,MM 3 7 I 440,NASHVILLE,TN,37215,6420,MIDTOW,36.116,-86.7951,POINT (-86.7951 36.116)
20190197560,03/13/2019 01:04:00 PM,2,0,0,,N,109536,5,SIDESWIPE - SAME DIRECTION,21,CLEAR,1,DAYLIGHT,12,MOTOR VEHICLE IN TRANSPORT,MM 90 2 I 65,MADISON,TN,37115,20022,MADISO,36.2398,-86.7532,POINT (-86.7532 36.2398)
20190060320,01/23/2019 04:30:00 PM,1,1,0,,N,197068,0,NOT COLLISION W/MOTOR VEHICLE-TRANSPORT,2,RAIN,5,DUSK,8,PEDESTRIAN,BROADWAY & 4TH AVN,NASHVILLE,TN,37203,4091,CENTRA,36.161,-86.7772,POINT (-86.7772 36.161)
20190493918,06/30/2019 08:09:00 PM,2,0,0,,N,298863,11,Front to Rear,21,CLEAR,7,Dark-Unknown Lighting,12,MOTOR VEHICLE IN TRANSPORT,I24 W EXT RAMP & I 24,NASHVILLE,TN,37211,8829,SOUTH,36.1074,-86.7197,POINT (-86.7197 36.1074)
20190111114,02/10/2019 08:50:00 PM,1,0,0,Y,N,320598,0,NOT COLLISION W/MOTOR VEHICLE-TRANSPORT,22,CLOUDY,2,DARK - NOT LIGHTED,38,FENCE,STILL HOLLOW RD & MOUNTAINVIEW DR,NASHVILLE,TN,37215,6309,MIDTOW,36.0778,-86.817,POINT (-86.817 36.0778)
20190138043,02/20/2019 07:30:00 AM,2,0,0,Y,N,402660,4,ANGLE,2,RAIN,1,DAYLIGHT,12;40,MOTOR VEHICLE IN TRANSPORT;MAIL BOX,WOODMONT BLVD & 23RD AVS,NASHVILLE,TN,37215,6105,WEST,36.1147,-86.8181,POINT (-86.8181 36.1147)
20190228354,03/24/2019 01:17:00 PM,1,0,0,,N,474557,0,NOT COLLISION W/MOTOR VEHICLE-TRANSPORT,2,RAIN,1,DAYLIGHT,33;41,CURB;SHRUBBERY,RECOVERY RD & HARDING PL,NASHVILLE,TN,37211,8705,SOUTH,36.0802,-86.718,POINT (-86.718 36.0802)
20190240747,03/28/2019 01:48:00 PM,2,0,0,,N,191578,4,ANGLE,21,CLEAR,1,DAYLIGHT,12,MOTOR VEHICLE IN TRANSPORT,STEWARTS FERRY PKE & MTMHI PVTDR,NASHVILLE,TN,37214,9407,HERMIT,36.1625,-86.6477,POINT (-86.6477 36.1625)
20190051352,01/20/2019 11:19:00 AM,1,0,0,Y,N,110063,0,NOT COLLISION W/MOTOR VEHICLE-TRANSPORT,22,CLOUDY,1,DAYLIGHT,19;41,BUILDING;SHRUBBERY,ROWAN DR & BONTEMPS DR,NASHVILLE,TN,37207,3025,NORTH,36.2196,-86.8142,POINT (-86.8142 36.2196)
20190368540,05/14/2019 12:00:00 AM,2,0,0,,N,429205,11,Front to Rear,21,CLEAR,1,DAYLIGHT,12,MOTOR VEHICLE IN TRANSPORT,DREXEL ST & 8TH AVS,NASHVILLE,TN,37203,4023,CENTRA,36.1528,-86.7788,POINT (-86.7788 36.1528)
20190221336,03/21/2019 07:31:00 PM,3,1,0,,N,717341,4,ANGLE,21,CLEAR,3,DARK - LIGHTED,12,MOTOR VEHICLE IN TRANSPORT,MM 53 2 I 24,NASHVILLE,TN,37210,83020,SOUTH,36.116,-86.7253,POINT (-86.7253 36.116)
20190315687,04/24/2019 07:50:00 AM,2,0,0,,N,716886,11,Front to Rear,21,CLEAR,1,DAYLIGHT,12,MOTOR VEHICLE IN TRANSPORT,MM 59 4 I 24,ANTIOCH,TN,37013,8808,SOUTH,36.0454,-86.659,POINT (-86.659 36.0454)
20190188342,03/10/2019 07:10:00 AM,1,2,0,,N,279206,0,NOT COLLISION W/MOTOR VEHICLE-TRANSPORT,21,CLEAR,1,DAYLIGHT,24,GUARDRAIL FACE,I24 W ENT RAMP & I 40,NASHVILLE,TN,37217,8818,HERMIT,36.1397,-86.7275,POINT (-86.7275 36.1397)
20190339254,05/03/2019 12:00:00 AM,2,0,0,,Y,279233,9,UNKNOWN,99,UNKNOWN,9,UNKNOWN,12;14,MOTOR VEHICLE IN TRANSPORT;PARKED MOTOR VEHICLE,SETLIFF PL & SUMNER AV,NASHVILLE,TN,37206,1317,EAST,36.1851,-86.7381,POINT (-86.7381 36.1851)
20190532208,07/16/2019 05:35:00 PM,2,1,0,,N,151132,2,HEAD-ON,22,CLOUDY,1,DAYLIGHT,12,MOTOR VEHICLE IN TRANSPORT,RICHMOND HILL DR & SPEARS RD,NASHVILLE,TN,37207,2031,MADISO,36.2358,-86.78,POINT (-86.78 36.2358)
20190238170,03/27/2019 04:45:00 PM,2,0,0,,Y,256386,5,SIDESWIPE - SAME DIRECTION,21,CLEAR,1,DAYLIGHT,12,MOTOR VEHICLE IN TRANSPORT,MM 217 9 I 40,NASHVILLE,TN,37214,94040,HERMIT,36.1411,-86.658,POINT (-86.658 36.1411)
20190146971,02/23/2019 05:36:00 AM,2,0,0,,N,240964,16,Rear to Side,2,RAIN,2,DARK - NOT LIGHTED,14,PARKED MOTOR VEHICLE,MM 220 7 I 40,HERMITAGE,TN,37076,89042,HERMIT,36.1698,-86.6035,POINT (-86.6035 36.1698)
20190407260,05/28/2019 01:10:00 PM,2,0,0,,Y,414731,4,ANGLE,21,CLEAR,1,DAYLIGHT,12,MOTOR VEHICLE IN TRANSPORT,MURFREESBORO & MT VIEW RD,ANTIOCH,TN,37013,8927,SOUTH,36.0549,-86.6192,POINT (-86.6192 36.0549)
20190051623,01/20/2019 12:00:00 AM,2,0,0,,N,279118,2,HEAD-ON,21,CLEAR,1,DAYLIGHT,12,MOTOR VEHICLE IN TRANSPORT,NOLENSVILLE PKE & HARDING PL,NASHVILLE,TN,37211,8445,SOUTH,36.0809,-86.7267,POINT (-86.7267 36.0809)
20190096292,02/05/2019 09:15:00 AM,2,0,0,,N,676834,11,Front to Rear,22,CLOUDY,1,DAYLIGHT,12,MOTOR VEHICLE IN TRANSPORT,MM 208 0 I 40,NASHVILLE,TN,37208,54022,NORTH,36.1707,-86.7983,POINT (-86.7983 36.1707)
20190079408,01/30/2019 08:09:00 AM,2,0,0,,N,191578,4,ANGLE,4,SNOW,1,DAYLIGHT,12,MOTOR VEHICLE IN TRANSPORT,FESSLERS LN & RUNDLE AV,NASHVILLE,TN,37210,8215,HERMIT,36.1467,-86.7438,POINT (-86.7438 36.1467)
20190278715,04/11/2019 12:00:00 PM,2,0,0,,N,676834,5,SIDESWIPE - SAME DIRECTION,21,CLEAR,1,DAYLIGHT,12,MOTOR VEHICLE IN TRANSPORT,16TH AVN & CLINTON ST,NASHVILLE,TN,37203,5423,NORTH,36.1632,-86.7987,POINT (-86.7987 36.1632)
20190142063,02/21/2019 01:55:00 PM,2,1,0,,Y,109534,11,Front to Rear,22,CLOUDY,1,DAYLIGHT,12,MOTOR VEHICLE IN TRANSPORT,MCGAVOCK PKE & PARK DR,NASHVILLE,TN,37214,9307,HERMIT,36.1705,-86.6797,POINT (-86.6797 36.1705)
20190209540,03/18/2019 06:50:00 AM,2,0,0,,N,474557,4,ANGLE,21,CLEAR,1,DAYLIGHT,12,MOTOR VEHICLE IN TRANSPORT,ANTIOCH PKE & RICHARDS RD,ANTIOCH,TN,37013,8899,SOUTH,36.0692,-86.6838,POINT (-86.6838 36.0692)
20190576863,08/03/2019 08:05:00 AM,2,6,1,,N,772946,11,Front to Rear,21,CLEAR,1,DAYLIGHT,12,MOTOR VEHICLE IN TRANSPORT,MM 88 0 I 65,NASHVILLE,TN,37207,18041,EAST,36.2165,-86.775,POINT (-86.775 36.2165)
20190085888,02/01/2019 08:15:00 AM,2,0,0,,N,676834,4,ANGLE,2,RAIN,1,DAYLIGHT,12,MOTOR VEHICLE IN TRANSPORT,WHITES CREEK PKE & GREEN LN,NASHVILLE,TN,37207,3221,NORTH,36.2367,-86.8173,POINT (-86.8173 36.2367)
20190490755,06/29/2019 08:50:00 AM,2,0,0,,N,799013,4,ANGLE,21,CLEAR,1,DAYLIGHT,12;45,MOTOR VEHICLE IN TRANSPORT;WORKING MOTOR VEHICLE,OLD LEBANON PKE & OLD LEBANON PKE PVTDR,NASHVILLE,TN,37214,9309,HERMIT,36.1697,-86.6684,POINT (-86.6684 36.1697)
20190472736,06/22/2019 03:30:00 AM,2,0,0,,Y,311326,4,ANGLE,22,CLOUDY,2,DARK - NOT LIGHTED,12,MOTOR VEHICLE IN TRANSPORT,BRILEY PKWYE & BRILEY PKWYW,NASHVILLE,TN,37207,20120,MADISO,36.2396,-86.7751,POINT (-86.7751 36.2396)
20190547348,07/22/2019 05:20:00 PM,2,1,0,,N,179582,4,ANGLE,2,RAIN,1,DAYLIGHT,12,MOTOR VEHICLE IN TRANSPORT,PARAGON MILLS RD & DONNA KAY DR,NASHVILLE,TN,37211,8443,SOUTH,36.0871,-86.708,POINT (-86.708 36.0871)
20190375680,05/16/2019 04:50:00 PM,2,0,0,,N,169425,11,Front to Rear,21,CLEAR,1,DAYLIGHT,12,MOTOR VEHICLE IN TRANSPORT,MM 5 2 I 440,NASHVILLE,TN,37204,8306,MIDTOW,36.1179,-86.7684,POINT (-86.7684 36.1179)
20190303622,04/20/2019 01:49:00 AM,2,0,0,,Y,256377,4,ANGLE,2,RAIN,3,DARK - LIGHTED,12,MOTOR VEHICLE IN TRANSPORT,ANDERSON RD & COUNTRY WAY RD,NASHVILLE,TN,37217,8929,HERMIT,36.0749,-86.6088,POINT (-86.6088 36.0749)