Accident Number,Date and Time,Number of Motor Vehicles,Number of Injuries,Number of Fatalities,Property Damage,Hit and Run,Reporting Officer,Collision Type Code,Collision Type Description,Weather Code,Weather Description,Illumination Code,Illumination Description,Harmful Code,Harmful Code Description,Street Address,City,State,ZIP,RPA,Precinct,Latitude,Longitude,Mapped Location
20190022147,01/09/2019 01:34:00 PM,2,1,0,,N,191578,4,ANGLE,21,CLEAR,1,DAYLIGHT,12,MOTOR VEHICLE IN TRANSPORT,MURFREESBORO PKE & MCGAVOCK PKE,NASHVILLE,TN,37217,8841,SOUTH,36.1129,-86.689,POINT (-86.689 36.1129)
20190129082,02/17/2019 01:01:00 AM,2,0,0,,N,311343,5,SIDESWIPE - SAME DIRECTION,21,CLEAR,3,DARK - LIGHTED,12,MOTOR VEHICLE IN TRANSPORT,BROWN ST & HOUSTON ST,NASHVILLE,TN,37203,8045,MIDTOW,36.1426,-86.7677,POINT (-86.7677 36.1426)
20190032940,01/13/2019 06:54:00 PM,2,1,0,,Y,206682,11,Front to Rear,21,CLEAR,3,DARK - LIGHTED,12,MOTOR VEHICLE IN TRANSPORT,E OLD HICKORY BLVD & LANIER DR,MADISON,TN,37115,1611,MADISO,36.2634,-86.6965,POINT (-86.6965 36.2634)
20190566177,07/30/2019 08:21:00 AM,2,0,0,,N,320592,11,Front to Rear,21,CLEAR,1,DAYLIGHT,12,MOTOR VEHICLE IN TRANSPORT,MM 211 9 I 40,NASHVILLE,TN,37210,90022,HERMIT,36.1487,-86.7459,POINT (-86.7459 36.1487)
20190030966,01/12/2019 06:31:00 PM,1,0,0,Y,Y,320597,0,NOT COLLISION W/MOTOR VEHICLE-TRANSPORT,2,RAIN,3,DARK - LIGHTED,27,H-WAY TRAFFIC SIGNAL POST,MM 56 0 I 24,NASHVILLE,TN,37211,8708,SOUTH,36.0818,-86.6975,POINT (-86.6975 36.0818)
20190254666,04/02/2019 05:22:00 PM,3,0,0,,N,206675,11,Front to Rear,21,CLEAR,2,DARK - NOT LIGHTED,12,MOTOR VEHICLE IN TRANSPORT,NOLENSVILLE PKE & HIGH POINT TER,ANTIOCH,TN,37013,8767,SOUTH,36.0029,-86.6974,POINT (-86.6974 36.0029)
20190356936,05/09/2019 05:30:00 PM,2,0,0,,N,352184,11,Front to Rear,22,CLOUDY,1,DAYLIGHT,12,MOTOR VEHICLE IN TRANSPORT,MM 212 1 I 40,NASHVILLE,TN,37210,90041,HERMIT,36.1463,-86.7422,POINT (-86.7422 36.1463)
20190279572,04/11/2019 06:30:00 PM,2,0,0,,Y,134871,5,SIDESWIPE - SAME DIRECTION,21,CLEAR,1,DAYLIGHT,12,MOTOR VEHICLE IN TRANSPORT,DIVISION ST & 12TH AVS,NASHVILLE,TN,37203,4013,CENTRA,36.1511,-86.7845,POINT (-86.7845 36.1511)
20190441057,06/10/2019 12:01:00 PM,2,0,0,,N,109534,0,NOT COLLISION W/MOTOR VEHICLE-TRANSPORT,21,CLEAR,1,DAYLIGHT,16,THROWN OR FALLING OBJECT,MURFREESBORO PKE & HARDING PL,NASHVILLE,TN,37217,8947,HERMIT,36.0982,-86.6587,POINT (-86.6587 36.0982)
20190453570,06/14/2019 05:30:00 PM,2,0,0,,N,151132,5,SIDESWIPE - SAME DIRECTION,21,CLEAR,1,DAYLIGHT,12,MOTOR VEHICLE IN TRANSPORT,MM 41 0 I 24,WHITES CREEK,TN,37189,3226,NORTH,36.2715,-86.7951,POINT (-86.7951 36.2715)
20190579387,08/04/2019 12:35:00 PM,2,0,0,,N,212325,2,HEAD-ON,22,CLOUDY,1,DAYLIGHT,12,MOTOR VEHICLE IN TRANSPORT,GALLATIN PKES & MOVING CENTER CT,MADISON,TN,37115,1507,MADISO,36.2509,-86.7184,POINT (-86.7184 36.2509)
20190188037,03/10/2019 03:30:00 AM,2,0,0,,Y,109495,6,SIDESWIPE - OPPOSITE DIRECTION,21,CLEAR,3,DARK - LIGHTED,14,PARKED MOTOR VEHICLE,15TH AVN & CHURCH ST,NASHVILLE,TN,37203,5517,MIDTOW,36.1574,-86.7927,POINT (-86.7927 36.1574)
20190226630,03/23/2019 05:35:00 PM,1,1,0,,N,298868,0,NOT COLLISION W/MOTOR VEHICLE-TRANSPORT,21,CLEAR,1,DAYLIGHT,31;64,"OTHER POST, POLE, SUPP.;Ran Off Road-Left",WOODMONT BLVD & WOODMONT CIR,NASHVILLE,TN,37205,6101,WEST,36.1184,-86.8416,POINT (-86.8416 36.1184)
20190298250,04/18/2019 01:45:00 AM,1,0,0,Y,Y,716886,0,NOT COLLISION W/MOTOR VEHICLE-TRANSPORT,21,CLEAR,3,DARK - LIGHTED,19,BUILDING,MURFREESBORO PKE & I24 W EXT RAMP,NASHVILLE,TN,37217,8801,SOUTH,36.1348,-86.7236,POINT (-86.7236 36.1348)
20190232526,03/25/2019 09:35:00 PM,2,0,0,,Y,717341,4,ANGLE,21,CLEAR,3,DARK - LIGHTED,12,MOTOR VEHICLE IN TRANSPORT,MM 52 7 I 24,NASHVILLE,TN,37210,81022,SOUTH,36.1226,-86.7277,POINT (-86.7277 36.1226)
20190306953,04/21/2019 05:22:00 PM,2,0,0,,Y,330435,98,OTHER,21,CLEAR,1,DAYLIGHT,12,MOTOR VEHICLE IN TRANSPORT,E TRINITY LN & W TRINITY LN,NASHVILLE,TN,37207,1861,EAST,36.2059,-86.7686,POINT (-86.7686 36.2059)
20190477807,06/24/2019 04:25:00 PM,2,1,0,,N,256448,4,ANGLE,22,CLOUDY,1,DAYLIGHT,12,MOTOR VEHICLE IN TRANSPORT,500 ELM HILL PKE,NASHVILLE,TN,37214,9423,HERMIT,36.1488,-86.6663,POINT (-86.6663 36.1488)
20190073659,01/28/2019 03:52:00 PM,2,0,0,Y,N,320585,2,HEAD-ON,22,CLOUDY,1,DAYLIGHT,12,MOTOR VEHICLE IN TRANSPORT,DONELSON PKE & I40 W ENT RAMP,NASHVILLE,TN,37214,9103,HERMIT,36.143,-86.6667,POINT (-86.6667 36.143)
20190103968,02/07/2019 07:34:00 PM,1,0,0,Y,Y,311332,0,NOT COLLISION W/MOTOR VEHICLE-TRANSPORT,2,RAIN,3,DARK - LIGHTED,30,UTILITY POLE,RAMP & PENNSYLVANIA AVE,NASHVILLE,TN,37209,4607,WEST,36.1631,-86.8506,POINT (-86.8506 36.1631)
20190037973,01/15/2019 12:52:00 PM,2,0,0,,N,191578,4,ANGLE,22,CLOUDY,1,DAYLIGHT,12,MOTOR VEHICLE IN TRANSPORT,VULTEE BLVD & KERMIT DR,NASHVILLE,TN,37217,8823,HERMIT,36.1238,-86.7038,POINT (-86.7038 36.1238)
20190236825,03/27/2019 07:11:00 AM,2,0,0,,N,474557,4,ANGLE,21,CLEAR,1,DAYLIGHT,12,MOTOR VEHICLE IN TRANSPORT,MURFREESBORO PKE & EDGE O LAKE DR,ANTIOCH,TN,37013,8891,SOUTH,36.0795,-86.6446,POINT (-86.6446 36.0795)
20190281755,04/12/2019 01:45:00 PM,2,1,0,,N,226098,4,ANGLE,21,CLEAR,1,DAYLIGHT,12,MOTOR VEHICLE IN TRANSPORT,S HAMILTON RD & CLARKSVILLE PKE,NASHVILLE,TN,37218,3157,NORTH,36.1933,-86.8315,POINT (-86.8315 36.1933)
20190164747,03/01/2019 12:00:00 AM,2,0,0,,Y,298868,6,SIDESWIPE - OPPOSITE DIRECTION,22,CLOUDY,1,DAYLIGHT,12,MOTOR VEHICLE IN TRANSPORT,OBRIEN AV & WHITE BRIDGE PKE,NASHVILLE,TN,37209,5035,WEST,36.1507,-86.8583,POINT (-86.8583 36.1507)
20190527160,07/14/2019 06:46:00 PM,3,1,0,,Y,240957,11,Front to Rear,21,CLEAR,1,DAYLIGHT,12,MOTOR VEHICLE IN TRANSPORT,NOLENSVILLE PKE & MILL CREEK WHITTLEMORE,ANTIOCH,TN,37013,8757,SOUTH,36.0431,-86.713,POINT (-86.713 36.0431)
20190267363,04/07/2019 10:50:00 AM,2,2,0,,N,212325,11,Front to Rear,2,RAIN,1,DAYLIGHT,12;14,MOTOR VEHICLE IN TRANSPORT;PARKED MOTOR VEHICLE,BRILEY PKWYW & BRILEY PKWYE,NASHVILLE,TN,37218,3216,NORTH,36.2254,-86.8638,POINT (-86.8638 36.2254)
20190018468,01/08/2019 08:33:00 AM,2,0,0,,N,226622,11,Front to Rear,21,CLEAR,1,DAYLIGHT,12,MOTOR VEHICLE IN TRANSPORT,MM 205 3 I 40,NASHVILLE,TN,37209,45045,WEST,36.1543,-86.8337,POINT (-86.8337 36.1543)
20190145190,02/22/2019 01:30:00 PM,2,0,0,,N,665896,4,ANGLE,2,RAIN,1,DAYLIGHT,12,MOTOR VEHICLE IN TRANSPORT,GALLATIN AV & STROUSE AV,NASHVILLE,TN,37206,1363,EAST,36.194,-86.7437,POINT (-86.7437 36.194)
20190055863,01/22/2019 07:31:00 AM,4,1,0,,Y,311804,11,Front to Rear,21,CLEAR,1,DAYLIGHT,12,MOTOR VEHICLE IN TRANSPORT,MM 49 5 I 24,NASHVILLE,TN,37210,4008,CENTRA,36.1588,-86.7604,POINT (-86.7604 36.1588)
20190245730,03/30/2019 06:52:00 AM,3,0,0,,Y,311331,5,SIDESWIPE - SAME DIRECTION,21,CLEAR,1,DAYLIGHT,12,MOTOR VEHICLE IN TRANSPORT,MM 87 7 I 65,NASHVILLE,TN,37207,1804,EAST,36.2114,-86.7757,POINT (-86.7757 36.2114)
20190363933,05/12/2019 04:15:00 PM,2,0,0,,N,279214,4,ANGLE,21,CLEAR,1,DAYLIGHT,12,MOTOR VEHICLE IN TRANSPORT,MELROSE AV & GRANDVIEW AV,NASHVILLE,TN,37211,8343,MIDTOW,36.1205,-86.7504,POINT (-86.7504 36.1205)
20190249172,03/31/2019 12:00:00 AM,2,0,0,,Y,256495,9,UNKNOWN,21,CLEAR,3,DARK - LIGHTED,99,UNKNOWN MOST HARMFUL EVENT,16TH AVN & BUCHANAN ST,NASHVILLE,TN,37208,4413,NORTH,36.1804,-86.81,POINT (-86.81 36.1804)
20190567415,07/30/2019 06:29:00 PM,1,2,0,,N,256426,0,NOT COLLISION W/MOTOR VEHICLE-TRANSPORT,21,CLEAR,1,DAYLIGHT,1;24,GUARDRAIL FACE,I24 W ENT RAMP & I 40,NASHVILLE,TN,37217,8818,HERMIT,36.1397,-86.7275,POINT (-86.7275 36.1397)
20190325129,04/27/2019 05:47:00 PM,1,0,0,Y,N,279194,0,NOT COLLISION W/MOTOR VEHICLE-TRANSPORT,21,CLEAR,1,DAYLIGHT,19,BUILDING,45 VANTAGE WAY,NASHVILLE,TN,37228,4401,NORTH,36.1911,-86.7965,POINT (-86.7965 36.1911)
20190344114,05/05/2019 01:40:00 AM,2,0,0,,N,279221,4,ANGLE,22,CLOUDY,3,DARK - LIGHTED,12,MOTOR VEHICLE IN TRANSPORT,BRILEY PKWY W EXT RAMP & BRILEY PKWYW,NASHVILLE,TN,37218,3219,NORTH,36.23,-86.8304,POINT (-86.8304 36.23)
20190390184,05/22/2019 12:00:00 AM,2,1,0,,Y,320591,5,SIDESWIPE - SAME DIRECTION,21,CLEAR,1,DAYLIGHT,12,MOTOR VEHICLE IN TRANSPORT,MM 52 8 I 24,NASHVILLE,TN,37210,81022,SOUTH,36.1212,-86.7272,POINT (-86.7272 36.1212)
20190221015,03/21/2019 04:50:00 PM,2,0,0,,Y,725756,11,Front to Rear,21,CLEAR,1,DAYLIGHT,12,MOTOR VEHICLE IN TRANSPORT,BELLEVUE VALLEY PLAZA PVTDR & HIGHWAY 70,NASHVILLE,TN,37221,4901,WEST,36.0746,-86.9195,POINT (-86.9195 36.0746)
20190459216,06/17/2019 09:20:00 AM,2,0,0,,N,311325,11,Front to Rear,22,CLOUDY,1,DAYLIGHT,12,MOTOR VEHICLE IN TRANSPORT,MM 211 9 I 40,NASHVILLE,TN,37210,90022,HERMIT,36.1487,-86.7459,POINT (-86.7459 36.1487)
20190225032,03/22/2019 08:20:00 PM,2,0,0,,Y,309263,9,UNKNOWN,21,CLEAR,3,DARK - LIGHTED,14,PARKED MOTOR VEHICLE,SCOTT AV & DOUGLAS AV,NASHVILLE,TN,37206,1347,EAST,36.1913,-86.7333,POINT (-86.7333 36.1913)
20190112063,02/11/2019 06:20:00 AM,3,0,0,Y,N,716886,11,Front to Rear,2,RAIN,1,DAYLIGHT,14,PARKED MOTOR VEHICLE,BILLINGSGATE RD & BILLINGSGATE CT,ANTIOCH,TN,37013,8897,SOUTH,36.0767,-86.6646,POINT (-86.6646 36.0767)
20190284826,04/13/2019 08:25:00 PM,2,0,0,,N,161939,4,ANGLE,2,RAIN,3,DARK - LIGHTED,12,MOTOR VEHICLE IN TRANSPORT,NOLENSVILLE PKE & BLUFF RD,ANTIOCH,TN,37013,8759,SOUTH,36.0094,-86.7016,POINT (-86.7016 36.0094)
20190244285,03/29/2019 03:57:00 PM,2,0,0,,Y,256383,11,Front to Rear,22,CLOUDY,1,DAYLIGHT,12,MOTOR VEHICLE IN TRANSPORT,MM 53 2 I 24,NASHVILLE,TN,37210,83020,SOUTH,36.116,-86.7253,POINT (-86.7253 36.116)
20190363518,05/12/2019 10:26:00 AM,2,1,0,,N,538214,4,ANGLE,22,CLOUDY,1,DAYLIGHT,12,MOTOR VEHICLE IN TRANSPORT,3RD AVS & ELM ST,NASHVILLE,TN,37210,4031,CENTRA,36.1541,-86.7714,POINT (-86.7714 36.1541)
20190385546,05/20/2019 04:05:00 PM,2,0,0,,Y,212330,5,SIDESWIPE - SAME DIRECTION,21,CLEAR,1,DAYLIGHT,12,MOTOR VEHICLE IN TRANSPORT,SOUTHLAKE DR & BRILEY PKWYN,NASHVILLE,TN,37211,8423,SOUTH,36.1095,-86.7281,POINT (-86.7281 36.1095)
20190517486,07/10/2019 02:51:00 PM,2,0,0,,N,714641,11,Front to Rear,2,RAIN,1,DAYLIGHT,12,MOTOR VEHICLE IN TRANSPORT,I40 W EXT RAMP & I 40,NASHVILLE,TN,37203,4119,CENTRA,36.1574,-86.79,POINT (-86.79 36.1574)
20190453961,06/14/2019 10:45:00 PM,2,0,0,,N,226054,5,SIDESWIPE - SAME DIRECTION,21,CLEAR,2,DARK - NOT LIGHTED,12,MOTOR VEHICLE IN TRANSPORT,MM 199 3 I 40,NASHVILLE,TN,37221,48062,WEST,36.1112,-86.9228,POINT (-86.9228 36.1112)
20190499640,07/02/2019 06:19:00 PM,3,0,0,,Y,206675,11,Front to Rear,21,CLEAR,1,DAYLIGHT,12,MOTOR VEHICLE IN TRANSPORT,NOLENSVILLE PKE & HARDING PL,NASHVILLE,TN,37211,8445,SOUTH,36.0809,-86.7267,POINT (-86.7267 36.0809)
20190263775,04/05/2019 08:50:00 PM,3,3,0,,N,311328,11,Front to Rear,21,CLEAR,2,DARK - NOT LIGHTED,12,MOTOR VEHICLE IN TRANSPORT,SPRING ST & JEFFERSON ST,NASHVILLE,TN,37213,1989,CENTRA,36.1766,-86.7779,POINT (-86.7779 36.1766)
20190008450,01/04/2019 03:21:00 AM,1,1,0,,N,299254,0,NOT COLLISION W/MOTOR VEHICLE-TRANSPORT,2,RAIN,3,DARK - LIGHTED,1;24,GUARDRAIL FACE,FRANKLIN LIMESTONE RD & BILLINGSGATE RD,NASHVILLE,TN,37217,8849,SOUTH,36.0785,-86.6743,POINT (-86.6743 36.0785)
20190545088,07/21/2019 06:30:00 PM,2,0,0,,Y,306230,3,REAR-TO-REAR,21,CLEAR,1,DAYLIGHT,14,PARKED MOTOR VEHICLE,BATAVIA ST & 33RD AVN,NASHVILLE,TN,37209,4551,NORTH,36.1604,-86.825,POINT (-86.825 36.1604)
20190022687,01/09/2019 05:21:00 PM,2,1,0,,N,279211,11,Front to Rear,21,CLEAR,3,DARK - LIGHTED,12,MOTOR VEHICLE IN TRANSPORT,MM 40 3 I 24,WHITES CREEK,TN,37189,2210,MADISO,36.2798,-86.8023,POINT (-86.8023 36.2798)
20190356359,05/09/2019 01:09:00 PM,2,0,0,,N,137872,11,Front to Rear,2,RAIN,1,DAYLIGHT,12,MOTOR VEHICLE IN TRANSPORT,SAUNDERSVILLE RD & SHUTE LN,OLD HICKORY,TN,37138,9721,HERMIT,36.2263,-86.6032,POINT (-86.6032 36.2263)
20190089721,02/02/2019 06:30:00 PM,2,0,0,,N,309262,11,Front to Rear,21,CLEAR,2,DARK - NOT LIGHTED,12,MOTOR VEHICLE IN TRANSPORT,MM 39 4 I 24,WHITES CREEK,TN,37189,3314,NORTH,36.2912,-86.8102,POINT (-86.8102 36.2912)
20190139414,02/20/2019 05:51:00 PM,2,0,0,,N,240960,11,Front to Rear,2,RAIN,3,DARK - LIGHTED,12,MOTOR VEHICLE IN TRANSPORT,MM 47 7 I 24,NASHVILLE,TN,37207,19020,EAST,36.179,-86.7737,POINT (-86.7737 36.179)
20190567351,07/30/2019 03:55:00 PM,2,1,0,,N,256426,11,Front to Rear,21,CLEAR,1,DAYLIGHT,12,MOTOR VEHICLE IN TRANSPORT,OMOHUNDRO PL & FREIGHTLINER DR,NASHVILLE,TN,37210,9001,HERMIT,36.1562,-86.7398,POINT (-86.7398 36.1562)
20190419943,06/02/2019 04:20:00 AM,1,0,0,Y,Y,320598,0,NOT COLLISION W/MOTOR VEHICLE-TRANSPORT,21,CLEAR,3,DARK - LIGHTED,40,MAIL BOX,EDMONDSON PKE & MILNER DR,NASHVILLE,TN,37211,8661,MIDTOW,36.0737,-86.7319,POINT (-86.7319 36.0737)
20190329019,04/29/2019 12:09:00 PM,2,0,0,,Y,134899,16,Rear to Side,21,CLEAR,1,DAYLIGHT,14,PARKED MOTOR VEHICLE,SHADY GROVE RD & OLD LEBANON PKE,NASHVILLE,TN,37214,9307,HERMIT,36.1712,-86.6736,POINT (-86.6736 36.1712)
20190564596,07/29/2019 03:30:00 PM,2,0,0,,N,633391,6,SIDESWIPE - OPPOSITE DIRECTION,21,CLEAR,1,DAYLIGHT,12,MOTOR VEHICLE IN TRANSPORT,THUNDERBIRD DR & AMERICAN RD,NASHVILLE,TN,37209,4671,WEST,36.15,-86.8762,POINT (-86.8762 36.15)
20190122983,02/14/2019 03:51:00 PM,3,0,0,,N,580819,5,SIDESWIPE - SAME DIRECTION,22,CLOUDY,1,DAYLIGHT,12,MOTOR VEHICLE IN TRANSPORT,SPRING ST & N 1ST ST,NASHVILLE,TN,37213,1985,CENTRA,36.177,-86.7746,POINT (-86.7746 36.177)
20190443798,06/11/2019 11:15:00 AM,2,0,0,,N,665896,4,ANGLE,21,CLEAR,1,DAYLIGHT,12,MOTOR VEHICLE IN TRANSPORT,FATHERLAND ST & S 16TH ST,NASHVILLE,TN,37206,1249,EAST,36.1735,-86.7432,POINT (-86.7432 36.1735)
20190412957,05/30/2019 12:28:00 PM,2,0,0,,N,462474,4,ANGLE,22,CLOUDY,1,DAYLIGHT,12,MOTOR VEHICLE IN TRANSPORT,OLD HICKORY BLVD & WILSON PIKE CIR,NASHVILLE,TN,37220,7111,MIDTOW,36.0375,-86.7858,POINT (-86.7858 36.0375)
20190184143,03/08/2019 11:44:00 AM,2,0,0,,N,226622,5,SIDESWIPE - SAME DIRECTION,2,RAIN,1,DAYLIGHT,12,MOTOR VEHICLE IN TRANSPORT,OLD HICKORY BLVD & RIDGELAKE PKWY,NASHVILLE,TN,37205,4903,WEST,36.0974,-86.9249,POINT (-86.9249 36.0974)
20190004463,01/02/2019 05:30:00 PM,2,0,0,,N,256383,4,ANGLE,2,RAIN,3,DARK - LIGHTED,12,MOTOR VEHICLE IN TRANSPORT,EAST THOMPSON LN & MURFREESBORO PKE,NASHVILLE,TN,37217,8879,SOUTH,36.1267,-86.7111,POINT (-86.7111 36.1267)
20130207124,07/23/2019 10:46:00 AM,2,0,0,,N,716886,11,Front to Rear,21,CLEAR,1,DAYLIGHT,12,MOTOR VEHICLE IN TRANSPORT,MM 7 2 I 440,NASHVILLE,TN,37210,83043,SOUTH,36.1251,-86.7339,POINT (-86.7339 36.1251)
20190046389,01/18/2019 08:00:00 AM,2,0,0,,N,876573,4,ANGLE,22,CLOUDY,1,DAYLIGHT,12,MOTOR VEHICLE IN TRANSPORT,MT VIEW RD & TRU LONG DR,ANTIOCH,TN,37013,8977,SOUTH,36.0669,-86.5998,POINT (-86.5998 36.0669)
20190348085,05/06/2019 05:31:00 PM,2,0,0,,N,256383,4,ANGLE,21,CLEAR,1,DAYLIGHT,12,MOTOR VEHICLE IN TRANSPORT,NOLENSVILLE PKE & MCIVER ST,NASHVILLE,TN,37211,8427,SOUTH,36.1035,-86.7414,POINT (-86.7414 36.1035)
20190203671,03/15/2019 04:31:00 PM,2,0,0,,N,151132,4,ANGLE,21,CLEAR,1,DAYLIGHT,12,MOTOR VEHICLE IN TRANSPORT,GALLATIN PKES & BERKLEY DR,MADISON,TN,37115,1519,MADISO,36.247,-86.721,POINT (-86.721 36.247)
20190275260,04/10/2019 08:30:00 AM,2,1,0,,N,716877,11,Front to Rear,21,CLEAR,1,DAYLIGHT,12,MOTOR VEHICLE IN TRANSPORT,PETTUS RD & PRESTON RD,ANTIOCH,TN,37013,8763,SOUTH,36.0207,-86.665,POINT (-86.665 36.0207)
20190572940,08/01/2019 07:52:00 PM,2,0,0,,N,330428,5,SIDESWIPE - SAME DIRECTION,21,CLEAR,5,DUSK,12,MOTOR VEHICLE IN TRANSPORT,I440 E ENT RAMP & I 440,NASHVILLE,TN,37205,6007,WEST,36.1346,-86.8203,POINT (-86.8203 36.1346)
20190431966,06/06/2019 02:55:00 PM,2,0,0,,Y,299266,11,Front to Rear,22,CLOUDY,1,DAYLIGHT,55,Motor Vehicle-In-Motion Outside Trafficw,MURFREESBORO PKE & RURAL HILL RD,ANTIOCH,TN,37013,8861,SOUTH,36.0745,-86.6387,POINT (-86.6387 36.0745)
20190289415,04/15/2019 04:22:00 PM,2,1,0,,N,876597,4,ANGLE,21,CLEAR,1,DAYLIGHT,12,MOTOR VEHICLE IN TRANSPORT,BLUE HOLE RD & BELL RD,ANTIOCH,TN,37013,8721,SOUTH,36.0458,-86.6744,POINT (-86.6744 36.0458)
20190569507,07/31/2019 01:41:00 PM,2,0,0,,N,485261,4,ANGLE,21,CLEAR,1,DAYLIGHT,12,MOTOR VEHICLE IN TRANSPORT,4TH AVS & ELM ST,NASHVILLE,TN,37210,4005,CENTRA,36.1533,-86.7722,POINT (-86.7722 36.1533)
20190146545,02/23/2019 12:09:00 AM,2,0,0,,Y,298871,4,ANGLE,2,RAIN,3,DARK - LIGHTED,55,Motor Vehicle-In-Motion Outside Trafficw,CHARLOTTE AV & 15TH AVN,NASHVILLE,TN,37203,5425,NORTH,36.1602,-86.7948,POINT (-86.7948 36.1602)
20190436804,06/08/2019 01:00:00 PM,2,0,0,,Y,580819,4,ANGLE,22,CLOUDY,1,DAYLIGHT,12,MOTOR VEHICLE IN TRANSPORT,LAFAYETTE ST & 1ST AVS,NASHVILLE,TN,37210,8149,SOUTH,36.1495,-86.7645,POINT (-86.7645 36.1495)
20190020334,01/08/2019 10:30:00 PM,2,0,0,,N,206680,4,ANGLE,21,CLEAR,3,DARK - LIGHTED,12,MOTOR VEHICLE IN TRANSPORT,MALLARD DR & W HAMILTON AV,NASHVILLE,TN,37218,3103,NORTH,36.2161,-86.8222,POINT (-86.8222 36.2161)
20190368548,05/14/2019 10:20:00 AM,2,0,0,,Y,226306,4,ANGLE,21,CLEAR,1,DAYLIGHT,12,MOTOR VEHICLE IN TRANSPORT,HARDING PKE & BOSLEY SPRINGS RD,NASHVILLE,TN,37205,6019,WEST,36.1276,-86.8439,POINT (-86.8439 36.1276)
20190027083,01/11/2019 07:30:00 AM,2,0,0,,N,676834,11,Front to Rear,21,CLEAR,1,DAYLIGHT,12,MOTOR VEHICLE IN TRANSPORT,BRILEY PKWYW & BRILEY PKWY W ENT RAMP,MADISON,TN,37115,1594,MADISO,36.2363,-86.7274,POINT (-86.7274 36.2363)
20190314036,04/23/2019 06:40:00 PM,2,0,0,,N,206675,11,Front to Rear,21,CLEAR,1,DAYLIGHT,12,MOTOR VEHICLE IN TRANSPORT,WEST END AV & ORLEANS DR,NASHVILLE,TN,37212,5819,MIDTOW,36.1388,-86.8197,POINT (-86.8197 36.1388)
20190103135,02/07/2019 01:00:00 PM,2,0,0,,Y,226136,4,ANGLE,22,CLOUDY,1,DAYLIGHT,12,MOTOR VEHICLE IN TRANSPORT,HILLSBORO PKE & STOKES LN,NASHVILLE,TN,37215,6001,WEST,36.1199,-86.8086,POINT (-86.8086 36.1199)
20190378662,05/17/2019 04:41:00 PM,2,0,0,,Y,151132,5,SIDESWIPE - SAME DIRECTION,21,CLEAR,1,DAYLIGHT,12,MOTOR VEHICLE IN TRANSPORT,STATE RT 45 & GALLATIN PKEN,MADISON,TN,37115,1701,MADISO,36.2631,-86.7119,POINT (-86.7119 36.2631)
20190402749,05/26/2019 12:00:00 AM,2,0,0,,Y,298877,11,Front to Rear,21,CLEAR,1,DAYLIGHT,12,MOTOR VEHICLE IN TRANSPORT,MM 53 8 I 24,NASHVILLE,TN,37211,8402,SOUTH,36.1083,-86.7209,POINT (-86.7209 36.1083)
20190567761,07/30/2019 09:11:00 PM,2,4,0,Y,N,151132,4,ANGLE,22,CLOUDY,3,DARK - LIGHTED,12,MOTOR VEHICLE IN TRANSPORT,OLD HICKORY BLVDW & NESBITT LN,MADISON,TN,37115,2041,MADISO,36.2658,-86.7407,POINT (-86.7407 36.2658)
20190222831,03/22/2019 07:45:00 AM,2,0,0,,N,311339,11,Front to Rear,21,CLEAR,1,DAYLIGHT,12,MOTOR VEHICLE IN TRANSPORT,DIVISION ST & 8TH AVS,NASHVILLE,TN,37203,4011,CENTRA,36.1498,-86.7801,POINT (-86.7801 36.1498)
20190320402,04/25/2019 07:56:00 PM,2,4,0,,N,151132,6,SIDESWIPE - OPPOSITE DIRECTION,2,RAIN,2,DARK - NOT LIGHTED,12;24;34,MOTOR VEHICLE IN TRANSPORT;GUARDRAIL FACE;DITCH,OLD HICKORY BLVD & GRANDVILLE BLVD,NASHVILLE,TN,37207,2103,MADISO,36.279,-86.7741,POINT (-86.7741 36.279)
20190273504,04/09/2019 05:31:00 PM,3,2,0,,N,256383,11,Front to Rear,21,CLEAR,1,DAYLIGHT,12,MOTOR VEHICLE IN TRANSPORT,MM 62 2 I 24,ANTIOCH,TN,37013,87040,SOUTH,36.0186,-86.6253,POINT (-86.6253 36.0186)
20190483132,06/26/2019 01:49:00 PM,2,0,0,,Y,267831,4,ANGLE,21,CLEAR,1,DAYLIGHT,12;14,MOTOR VEHICLE IN TRANSPORT;PARKED MOTOR VEHICLE,SHARONDALE DR & ELMINGTON AV,NASHVILLE,TN,37215,6003,WEST,36.1292,-86.8167,POINT (-86.8167 36.1292)
20190509376,07/06/2019 09:14:00 PM,2,1,0,,Y,405418,4,ANGLE,21,CLEAR,3,DARK - LIGHTED,12,MOTOR VEHICLE IN TRANSPORT,WHEELER AV & NOLENSVILLE PKE,NASHVILLE,TN,37211,8435,SOUTH,36.0957,-86.7367,POINT (-86.7367 36.0957)
20190495821,07/01/2019 02:21:00 PM,2,2,0,,N,279225,4,ANGLE,21,CLEAR,1,DAYLIGHT,12,MOTOR VEHICLE IN TRANSPORT,BELL RD & STEWARTS FERRY PKE,NASHVILLE,TN,37214,8959,HERMIT,36.1522,-86.6251,POINT (-86.6251 36.1522)
20190231946,03/25/2019 05:03:00 PM,2,0,0,,N,311328,5,SIDESWIPE - SAME DIRECTION,22,CLOUDY,1,DAYLIGHT,12,MOTOR VEHICLE IN TRANSPORT,DEMONBREUN ST & 3RD AVS,NASHVILLE,TN,37201,4051,CENTRA,36.1597,-86.7744,POINT (-86.7744 36.1597)
20190309388,04/22/2019 03:01:00 PM,2,0,0,,Y,311344,4,ANGLE,21,CLEAR,1,DAYLIGHT,12;36,MOTOR VEHICLE IN TRANSPORT;CONCRETE TRAFFIC BARRIER,MM 91 3 I 65,MADISON,TN,37115,2006,MADISO,36.2514,-86.7406,POINT (-86.7406 36.2514)