Accident Number,Date and Time,Number of Motor Vehicles,Number of Injuries,Number of Fatalities,Property Damage,Hit and Run,Reporting Officer,Collision Type Code,Collision Type Description,Weather Code,Weather Description,Illumination Code,Illumination Description,Harmful Code,Harmful Code Description,Street Address,City,State,ZIP,RPA,Precinct,Latitude,Longitude,Mapped Location
20190190410,03/11/2019 07:17:00 AM,6,0,0,,Y,439917,11,Front to Rear,2,RAIN,1,DAYLIGHT,12,MOTOR VEHICLE IN TRANSPORT,MM 207 1 I 40,NASHVILLE,TN,37208,54020,NORTH,36.1698,-86.8093,POINT (-86.8093 36.1698)
20190481393,06/25/2019 11:12:00 PM,2,0,0,,Y,166477,11,Front to Rear,21,CLEAR,3,DARK - LIGHTED,12,MOTOR VEHICLE IN TRANSPORT,MM 58 0 I 24,ANTIOCH,TN,37013,88080,SOUTH,36.0584,-86.678,POINT (-86.678 36.0584)
20190520055,07/11/2019 02:45:00 PM,2,0,0,,N,267831,2,HEAD-ON,21,CLEAR,1,DAYLIGHT,14,PARKED MOTOR VEHICLE,ALBION ST & DR D B TODD JR BLVD,NASHVILLE,TN,37208,5329,NORTH,36.1663,-86.8054,POINT (-86.8054 36.1663)
20190341224,05/03/2019 04:22:00 PM,2,0,0,,Y,206675,4,ANGLE,21,CLEAR,1,DAYLIGHT,12,MOTOR VEHICLE IN TRANSPORT,FAIRGROUND CT & ROSEDALE AV,NASHVILLE,TN,37211,8039,MIDTOW,36.1254,-86.7648,POINT (-86.7648 36.1254)
20190445421,06/12/2019 12:10:00 AM,1,0,0,,N,279217,0,NOT COLLISION W/MOTOR VEHICLE-TRANSPORT,21,CLEAR,3,DARK - LIGHTED,39,WALL,MORENA ST & 26TH AVN,NASHVILLE,TN,37208,5347,NORTH,36.1633,-86.8158,POINT (-86.8158 36.1633)
20190115740,02/12/2019 11:15:00 AM,2,0,0,,N,226134,5,SIDESWIPE - SAME DIRECTION,2,RAIN,1,DAYLIGHT,14,PARKED MOTOR VEHICLE,BILLINGSGATE RD & CAVENDISH CT,ANTIOCH,TN,37013,8897,SOUTH,36.0774,-86.6657,POINT (-86.6657 36.0774)
20190404031,05/27/2019 08:58:00 AM,2,0,0,,Y,591936,5,SIDESWIPE - SAME DIRECTION,21,CLEAR,1,DAYLIGHT,12,MOTOR VEHICLE IN TRANSPORT,I440 E ENT RAMP & I 440,NASHVILLE,TN,37215,6419,MIDTOW,36.1216,-86.8066,POINT (-86.8066 36.1216)
20190058947,01/23/2019 07:30:00 AM,2,1,0,,Y,224955,11,Front to Rear,2,RAIN,1,DAYLIGHT,12,MOTOR VEHICLE IN TRANSPORT,NEELYS BEND RD & IDLEWILD DR,MADISON,TN,37115,1603,MADISO,36.2555,-86.7058,POINT (-86.7058 36.2555)
20190334214,05/01/2019 06:25:00 AM,1,2,0,,N,309263,0,NOT COLLISION W/MOTOR VEHICLE-TRANSPORT,21,CLEAR,1,DAYLIGHT,36,CONCRETE TRAFFIC BARRIER,BRILEY PKWYE & BRILEY PKWYW,NASHVILLE,TN,37207,20120,MADISO,36.2396,-86.7751,POINT (-86.7751 36.2396)
20190301190,04/19/2019 07:00:00 AM,2,0,0,,N,717625,5,SIDESWIPE - SAME DIRECTION,2,RAIN,1,DAYLIGHT,12,MOTOR VEHICLE IN TRANSPORT,MM 88 3 I 65,NASHVILLE,TN,37207,18041,EAST,36.2201,-86.7743,POINT (-86.7743 36.2201)
20190096105,02/05/2019 08:00:00 AM,2,0,0,,N,191578,4,ANGLE,21,CLEAR,1,DAYLIGHT,12,MOTOR VEHICLE IN TRANSPORT,OLD HICKORY BLVD & SELLS DR,HERMITAGE,TN,37076,9527,HERMIT,36.1683,-86.6002,POINT (-86.6002 36.1683)
20190153329,02/25/2019 06:21:00 PM,2,0,0,,N,240968,11,Front to Rear,21,CLEAR,2,DARK - NOT LIGHTED,12,MOTOR VEHICLE IN TRANSPORT,REYNOLDS RD & COUCHVILLE PKE,NASHVILLE,TN,37217,8947,HERMIT,36.1081,-86.6472,POINT (-86.6472 36.1081)
20190043583,01/17/2019 09:13:00 AM,2,1,0,,N,156307,11,Front to Rear,2,RAIN,1,DAYLIGHT,12,MOTOR VEHICLE IN TRANSPORT,MM 85 0 I 65,NASHVILLE,TN,37208,43021,NORTH,36.1799,-86.8005,POINT (-86.8005 36.1799)
20190072748,01/28/2019 09:05:00 AM,2,0,0,,N,226136,11,Front to Rear,22,CLOUDY,1,DAYLIGHT,12,MOTOR VEHICLE IN TRANSPORT,HARDING PL & HILLSBORO PKE,NASHVILLE,TN,37215,6311,MIDTOW,36.0914,-86.8285,POINT (-86.8285 36.0914)
20190080446,01/30/2019 03:02:00 PM,2,0,0,,N,206675,11,Front to Rear,21,CLEAR,1,DAYLIGHT,12,MOTOR VEHICLE IN TRANSPORT,CHARLOTTE AV & 14TH AVN,NASHVILLE,TN,37203,5501,MIDTOW,36.1606,-86.7941,POINT (-86.7941 36.1606)
20190322161,04/26/2019 09:48:00 AM,2,1,0,,N,716886,11,Front to Rear,21,CLEAR,1,DAYLIGHT,12,MOTOR VEHICLE IN TRANSPORT,I24 E EXT RAMP & I 24,NASHVILLE,TN,37207,30080,NORTH,36.2378,-86.7872,POINT (-86.7872 36.2378)
20190012864,01/05/2019 11:44:00 PM,1,0,0,Y,N,279201,0,NOT COLLISION W/MOTOR VEHICLE-TRANSPORT,21,CLEAR,2,DARK - NOT LIGHTED,18,OTHER OBJECT (NOT FIXED),SELMA AV & FAIRWAY DR,NASHVILLE,TN,37214,9201,HERMIT,36.1752,-86.6807,POINT (-86.6807 36.1752)
20190035809,01/14/2019 07:25:00 PM,1,3,0,,N,320597,0,NOT COLLISION W/MOTOR VEHICLE-TRANSPORT,21,CLEAR,2,DARK - NOT LIGHTED,36,CONCRETE TRAFFIC BARRIER,HICKORY HOLLOW PKWY & I24 W ENT RAMP,ANTIOCH,TN,37013,8863,SOUTH,36.0421,-86.6494,POINT (-86.6494 36.0421)
20190204330,03/15/2019 09:12:00 PM,2,0,0,,N,169425,11,Front to Rear,21,CLEAR,3,DARK - LIGHTED,12,MOTOR VEHICLE IN TRANSPORT,MM 2 4 I 440,NASHVILLE,TN,37212,5902,MIDTOW,36.1247,-86.8127,POINT (-86.8127 36.1247)
20190168268,03/03/2019 03:05:00 AM,2,0,0,,Y,298871,5,SIDESWIPE - SAME DIRECTION,21,CLEAR,3,DARK - LIGHTED,14,PARKED MOTOR VEHICLE,CHURCH ST & 16TH AVN,NASHVILLE,TN,37203,5519,MIDTOW,36.1562,-86.7953,POINT (-86.7953 36.1562)
20190408258,05/28/2019 08:43:00 PM,2,1,0,,N,279194,11,Front to Rear,21,CLEAR,3,DARK - LIGHTED,12,MOTOR VEHICLE IN TRANSPORT,MM 87 4 I 65,NASHVILLE,TN,37207,1804,EAST,36.2081,-86.7761,POINT (-86.7761 36.2081)
20190180455,03/07/2019 05:51:00 AM,2,0,0,,N,226576,11,Front to Rear,21,CLEAR,1,DAYLIGHT,12,MOTOR VEHICLE IN TRANSPORT,INTERSTATE DR & WOODLAND ST,NASHVILLE,TN,37213,1105,CENTRA,36.1705,-86.7684,POINT (-86.7684 36.1705)
20190465444,06/19/2019 03:16:00 PM,2,0,0,,N,206675,11,Front to Rear,21,CLEAR,1,DAYLIGHT,12,MOTOR VEHICLE IN TRANSPORT,CHURCH ST & 18TH AVN,NASHVILLE,TN,37203,5521,MIDTOW,36.155,-86.7975,POINT (-86.7975 36.155)
20190161310,02/28/2019 10:00:00 AM,2,0,0,,N,414730,11,Front to Rear,22,CLOUDY,1,DAYLIGHT,12,MOTOR VEHICLE IN TRANSPORT,HIGHWAY 70S & HICKS RD,NASHVILLE,TN,37221,4811,WEST,36.0739,-86.9263,POINT (-86.9263 36.0739)
20190258395,04/03/2019 11:45:00 PM,2,1,0,,N,279201,11,Front to Rear,21,CLEAR,3,DARK - LIGHTED,12,MOTOR VEHICLE IN TRANSPORT,MM 211 7 I 40,NASHVILLE,TN,37210,82042,HERMIT,36.1499,-86.7483,POINT (-86.7483 36.1499)
20190021377,01/09/2019 08:22:00 AM,2,0,0,,N,633385,11,Front to Rear,21,CLEAR,1,DAYLIGHT,12,MOTOR VEHICLE IN TRANSPORT,WILLARD DR & MARGO LN,NASHVILLE,TN,37211,8707,SOUTH,36.0737,-86.7013,POINT (-86.7013 36.0737)
20190056466,01/22/2019 12:07:00 PM,1,1,0,,N,226622,0,NOT COLLISION W/MOTOR VEHICLE-TRANSPORT,21,CLEAR,1,DAYLIGHT,15,OTHER TYPE NON-MOTORIST,HARDING PKE & BRIXWORTH LN,NASHVILLE,TN,37205,6019,WEST,36.1288,-86.8416,POINT (-86.8416 36.1288)
20190041617,01/16/2019 03:50:00 PM,2,1,0,,N,151132,11,Front to Rear,22,CLOUDY,1,DAYLIGHT,12,MOTOR VEHICLE IN TRANSPORT,BRICK CHURCH PKE & QUAIL RIDGE DR,NASHVILLE,TN,37207,2103,MADISO,36.287,-86.7825,POINT (-86.7825 36.287)
20190338651,05/02/2019 04:54:00 PM,2,0,0,,N,256383,5,SIDESWIPE - SAME DIRECTION,22,CLOUDY,1,DAYLIGHT,12,MOTOR VEHICLE IN TRANSPORT,EDMONDSON PKE & WALLACE RD,NASHVILLE,TN,37211,8661,MIDTOW,36.0771,-86.7256,POINT (-86.7256 36.0771)
20190323114,04/26/2019 04:53:00 PM,2,0,0,,N,352197,11,Front to Rear,21,CLEAR,1,DAYLIGHT,12,MOTOR VEHICLE IN TRANSPORT,MM 55 1 I 24,NASHVILLE,TN,37211,8602,SOUTH,36.0928,-86.7055,POINT (-86.7055 36.0928)
20190147563,02/23/2019 12:40:00 PM,2,0,0,,N,693093,98,OTHER,2,RAIN,1,DAYLIGHT,14,PARKED MOTOR VEHICLE,BRILEY PKWYW & BRILEY PKWY W EXT RAMP,MADISON,TN,37115,1598,MADISO,36.2346,-86.7177,POINT (-86.7177 36.2346)
20190032570,01/13/2019 12:00:00 AM,1,0,0,Y,Y,887591,0,NOT COLLISION W/MOTOR VEHICLE-TRANSPORT,99,UNKNOWN,9,UNKNOWN,40,MAIL BOX,FORRESTAL WAY & TOWNE VILLAGE RD,ANTIOCH,TN,37013,8925,SOUTH,36.0704,-86.599,POINT (-86.599 36.0704)
20190177162,03/06/2019 06:40:00 AM,2,0,0,,Y,755026,5,SIDESWIPE - SAME DIRECTION,21,CLEAR,1,DAYLIGHT,12,MOTOR VEHICLE IN TRANSPORT,HARDING PL & METROPLEX DR,NASHVILLE,TN,37211,8889,SOUTH,36.0868,-86.6959,POINT (-86.6959 36.0868)
20190325581,04/27/2019 10:23:00 PM,2,0,0,,Y,415780,11,Front to Rear,21,CLEAR,3,DARK - LIGHTED,12,MOTOR VEHICLE IN TRANSPORT,NOLENSVILLE PKE & BREWER DR,NASHVILLE,TN,37211,8715,SOUTH,36.0535,-86.715,POINT (-86.715 36.0535)
20190254519,04/02/2019 04:59:00 PM,2,0,0,,N,151132,11,Front to Rear,21,CLEAR,1,DAYLIGHT,12,MOTOR VEHICLE IN TRANSPORT,GALLATIN PKES & E PALESTINE AV,MADISON,TN,37115,1507,MADISO,36.2491,-86.7196,POINT (-86.7196 36.2491)
20190446592,06/12/2019 10:35:00 AM,2,0,0,,N,352184,11,Front to Rear,21,CLEAR,1,DAYLIGHT,12,MOTOR VEHICLE IN TRANSPORT,MM 47 7 I 24,NASHVILLE,TN,37207,19020,EAST,36.179,-86.7737,POINT (-86.7737 36.179)
20190359310,05/10/2019 12:47:00 PM,3,0,0,,N,134899,11,Front to Rear,21,CLEAR,1,DAYLIGHT,12,MOTOR VEHICLE IN TRANSPORT,MM 49 2 I 24,NASHVILLE,TN,37213,1002,CENTRA,36.1637,-86.7625,POINT (-86.7625 36.1637)
20190454738,06/15/2019 07:25:00 AM,2,0,0,,Y,468030,2,HEAD-ON,22,CLOUDY,1,DAYLIGHT,12,MOTOR VEHICLE IN TRANSPORT,N 12TH ST & PETWAY AV,NASHVILLE,TN,37206,1319,EAST,36.1862,-86.7456,POINT (-86.7456 36.1862)
20190112864,02/11/2019 01:00:00 PM,2,0,0,,Y,676834,5,SIDESWIPE - SAME DIRECTION,22,CLOUDY,1,DAYLIGHT,12,MOTOR VEHICLE IN TRANSPORT,MM 88 0 I 65,NASHVILLE,TN,37207,18041,EAST,36.2165,-86.775,POINT (-86.775 36.2165)
20190260361,04/04/2019 03:30:00 PM,2,0,0,,N,320581,4,ANGLE,22,CLOUDY,1,DAYLIGHT,12,MOTOR VEHICLE IN TRANSPORT,STOKERS LN & BUENA VISTA PKE,NASHVILLE,TN,37218,3035,NORTH,36.2114,-86.8174,POINT (-86.8174 36.2114)
20190493235,06/30/2019 10:28:00 AM,2,0,0,,Y,298864,11,Front to Rear,21,CLEAR,1,DAYLIGHT,12,MOTOR VEHICLE IN TRANSPORT,ANDERSON LN & GALLATIN PKEN,MADISON,TN,37115,1709,MADISO,36.2734,-86.71,POINT (-86.71 36.2734)
20190113810,02/11/2019 08:20:00 PM,1,1,0,,N,320580,0,NOT COLLISION W/MOTOR VEHICLE-TRANSPORT,2,RAIN,3,DARK - LIGHTED,72,EMBANKMENT ROCK/STONE/CONCRETE,ELM HILL PKE & EMERY DR,NASHVILLE,TN,37214,9103,HERMIT,36.1517,-86.677,POINT (-86.677 36.1517)
20190184952,03/08/2019 06:35:00 PM,2,0,0,,N,311798,11,Front to Rear,2,RAIN,3,DARK - LIGHTED,12,MOTOR VEHICLE IN TRANSPORT,MM 87 0 I 65,NASHVILLE,TN,37207,18020,EAST,36.2018,-86.7766,POINT (-86.7766 36.2018)
20190564400,07/29/2019 02:05:00 PM,2,1,0,,N,151124,11,Front to Rear,21,CLEAR,1,DAYLIGHT,12,MOTOR VEHICLE IN TRANSPORT,DICKERSON PKE & OLD TRINITY LN,NASHVILLE,TN,37207,1833,EAST,36.2064,-86.7684,POINT (-86.7684 36.2064)
20190375192,05/16/2019 01:49:00 PM,2,0,0,,Y,320575,11,Front to Rear,21,CLEAR,1,DAYLIGHT,12,MOTOR VEHICLE IN TRANSPORT,BELL RD & MT VIEW RD,ANTIOCH,TN,37013,8861,SOUTH,36.05,-86.6495,POINT (-86.6495 36.05)
20190239982,03/28/2019 08:35:00 AM,4,0,0,,Y,665896,11,Front to Rear,21,CLEAR,1,DAYLIGHT,12,MOTOR VEHICLE IN TRANSPORT,SPRING ST & SPRING ST ENT RAMP,NASHVILLE,TN,37207,1979,EAST,36.1764,-86.7677,POINT (-86.7677 36.1764)
20190079230,01/30/2019 07:00:00 AM,2,0,0,,N,769383,11,Front to Rear,4,SNOW,1,DAYLIGHT,12,MOTOR VEHICLE IN TRANSPORT,46TH AVN & CHARLOTTE AV,NASHVILLE,TN,37209,5201,WEST,36.1527,-86.8422,POINT (-86.8422 36.1527)
20190277845,04/11/2019 03:26:00 AM,1,0,0,Y,N,415780,0,NOT COLLISION W/MOTOR VEHICLE-TRANSPORT,21,CLEAR,3,DARK - LIGHTED,20,IMPACT ATTENUATOR,LEALAND LN & KIRKWOOD AV,NASHVILLE,TN,37204,6935,MIDTOW,36.1197,-86.7873,POINT (-86.7873 36.1197)
20190094546,02/04/2019 05:55:00 PM,2,0,0,,Y,311328,5,SIDESWIPE - SAME DIRECTION,21,CLEAR,2,DARK - NOT LIGHTED,12,MOTOR VEHICLE IN TRANSPORT,MM 208 0 I 40,NASHVILLE,TN,37208,54022,NORTH,36.1707,-86.7983,POINT (-86.7983 36.1707)
20190232670,03/25/2019 12:00:00 AM,2,0,0,,Y,299270,9,UNKNOWN,21,CLEAR,9,UNKNOWN,12;99,MOTOR VEHICLE IN TRANSPORT;UNKNOWN MOST HARMFUL EVENT,MOLLOY ST & ALMOND ST,NASHVILLE,TN,37201,4053,CENTRA,36.1585,-86.7748,POINT (-86.7748 36.1585)
20190489048,06/28/2019 12:00:00 PM,1,0,0,Y,Y,834813,0,NOT COLLISION W/MOTOR VEHICLE-TRANSPORT,21,CLEAR,1,DAYLIGHT,40,MAIL BOX,7544 RIDGEWOOD RD,GOODLETTSVILLE,TN,37072,2213,NORTH,36.3438,-86.8354,POINT (-86.8354 36.3438)
20190110267,02/10/2019 12:00:00 AM,2,0,0,,Y,769379,9,UNKNOWN,99,UNKNOWN,9,UNKNOWN,14,PARKED MOTOR VEHICLE,THE OVERLOOK PVTDR & BELL RD,ANTIOCH,TN,37013,8861,SOUTH,36.0551,-86.6426,POINT (-86.6426 36.0551)
20190446516,06/12/2019 10:04:00 AM,2,0,0,,N,909494,5,SIDESWIPE - SAME DIRECTION,22,CLOUDY,1,DAYLIGHT,12,MOTOR VEHICLE IN TRANSPORT,BRILEY PKWYE & BRILEY PKWY E EXT RAMP,NASHVILLE,TN,37216,1588,EAST,36.2394,-86.7439,POINT (-86.7439 36.2394)
20190067959,01/26/2019 06:21:00 AM,2,0,0,,N,299243,5,SIDESWIPE - SAME DIRECTION,21,CLEAR,1,DAYLIGHT,14,PARKED MOTOR VEHICLE,GRUNDY ST & GEORGE L DAVIS BLVD,NASHVILLE,TN,37203,4119,CENTRA,36.1575,-86.7891,POINT (-86.7891 36.1575)
20190113683,02/11/2019 06:55:00 PM,2,0,0,,N,633391,4,ANGLE,2,RAIN,3,DARK - LIGHTED,12,MOTOR VEHICLE IN TRANSPORT,HARDING PKE & PAGE RD,NASHVILLE,TN,37205,6201,WEST,36.1006,-86.871,POINT (-86.871 36.1006)
20190381429,05/18/2019 09:31:00 PM,2,0,0,,N,279225,11,Front to Rear,21,CLEAR,2,DARK - NOT LIGHTED,12,MOTOR VEHICLE IN TRANSPORT,THOMPSON PL & PATRICIA DR,NASHVILLE,TN,37217,8821,HERMIT,36.1272,-86.7073,POINT (-86.7073 36.1272)
20190386041,05/20/2019 08:55:00 PM,2,1,0,,Y,256383,11,Front to Rear,21,CLEAR,2,DARK - NOT LIGHTED,12;20;21,MOTOR VEHICLE IN TRANSPORT;IMPACT ATTENUATOR;BRIDGE PIER/ABUTMENT,BELL RD & I24 E EXT RAMP,ANTIOCH,TN,37013,8751,SOUTH,36.0451,-86.6593,POINT (-86.6593 36.0451)
20190241008,03/28/2019 12:00:00 AM,2,0,0,,Y,311333,11,Front to Rear,21,CLEAR,1,DAYLIGHT,12,MOTOR VEHICLE IN TRANSPORT,OLD HICKORY BLVD & MURFREESBORO PKE,ANTIOCH,TN,37013,8903,SOUTH,36.0395,-86.6029,POINT (-86.6029 36.0395)
20190359033,05/10/2019 11:28:00 AM,2,0,0,,N,191578,5,SIDESWIPE - SAME DIRECTION,22,CLOUDY,1,DAYLIGHT,12,MOTOR VEHICLE IN TRANSPORT,MM 212 6 I 40,NASHVILLE,TN,37210,90040,HERMIT,36.1439,-86.7382,POINT (-86.7382 36.1439)
20190247149,03/30/2019 09:15:00 PM,2,0,0,,Y,212342,11,Front to Rear,21,CLEAR,3,DARK - LIGHTED,12,MOTOR VEHICLE IN TRANSPORT,1900 DABBS AV,NASHVILLE,TN,37217,8887,HERMIT,36.1424,-86.7037,POINT (-86.7037 36.1424)
20190050104,01/19/2019 06:56:00 PM,2,0,0,,Y,109550,5,SIDESWIPE - SAME DIRECTION,22,CLOUDY,3,DARK - LIGHTED,12,MOTOR VEHICLE IN TRANSPORT,BRILEY PKWY W ENT RAMP & GALLATIN PKES,MADISON,TN,37115,1517,MADISO,36.2367,-86.7245,POINT (-86.7245 36.2367)
20190279498,04/11/2019 12:00:00 AM,2,0,0,,Y,311333,4,ANGLE,21,CLEAR,1,DAYLIGHT,12,MOTOR VEHICLE IN TRANSPORT,BELL RD & ARBOR PL,ANTIOCH,TN,37013,8753,SOUTH,36.045,-86.6649,POINT (-86.6649 36.045)
20190498925,07/02/2019 12:00:00 AM,1,1,0,,Y,352179,0,NOT COLLISION W/MOTOR VEHICLE-TRANSPORT,21,CLEAR,1,DAYLIGHT,9,,COLLIER AV & NOLENSVILLE PKE,NASHVILLE,TN,37211,8425,SOUTH,36.1101,-86.7448,POINT (-86.7448 36.1101)
20190035577,01/14/2019 04:30:00 PM,2,0,0,,Y,206675,5,SIDESWIPE - SAME DIRECTION,21,CLEAR,1,DAYLIGHT,12,MOTOR VEHICLE IN TRANSPORT,MM 0 7 I 440,NASHVILLE,TN,37209,5230,WEST,36.1534,-86.8228,POINT (-86.8228 36.1534)
20190241454,03/28/2019 06:33:00 PM,1,1,0,,N,320585,0,NOT COLLISION W/MOTOR VEHICLE-TRANSPORT,21,CLEAR,1,DAYLIGHT,18,OTHER OBJECT (NOT FIXED),SHUTE LN & SAUNDERSVILLE RD,OLD HICKORY,TN,37138,9717,HERMIT,36.2267,-86.6032,POINT (-86.6032 36.2267)
20190391013,05/22/2019 11:34:00 AM,2,0,0,,N,109534,4,ANGLE,21,CLEAR,1,DAYLIGHT,12,MOTOR VEHICLE IN TRANSPORT,SHACKLETT DR & DONELSON PKE,NASHVILLE,TN,37214,9103,HERMIT,36.1452,-86.6669,POINT (-86.6669 36.1452)
20190540954,07/19/2019 06:30:00 PM,2,0,0,,N,226648,11,Front to Rear,21,CLEAR,1,DAYLIGHT,12,MOTOR VEHICLE IN TRANSPORT,MM 4 0 I 440,NASHVILLE,TN,37204,7010,MIDTOW,36.1161,-86.7901,POINT (-86.7901 36.1161)
20190227264,03/23/2019 11:34:00 PM,2,0,0,,N,197075,4,ANGLE,21,CLEAR,3,DARK - LIGHTED,12,MOTOR VEHICLE IN TRANSPORT,EWING DR & BRICK CHURCH PKE,NASHVILLE,TN,37207,2031,MADISO,36.025,-86.721,POINT (-86.721 36.025)
20190338474,05/02/2019 04:45:00 PM,2,0,0,,N,352184,4,ANGLE,21,CLEAR,1,DAYLIGHT,12,MOTOR VEHICLE IN TRANSPORT,DONELSON PKE & MCCAMPBELL AV,NASHVILLE,TN,37214,9419,HERMIT,36.1591,-86.6646,POINT (-86.6646 36.1591)
20190031301,01/12/2019 09:30:00 PM,2,0,0,,Y,299274,5,SIDESWIPE - SAME DIRECTION,2,RAIN,2,DARK - NOT LIGHTED,12,MOTOR VEHICLE IN TRANSPORT,MM 52 2 I 24,NASHVILLE,TN,37217,8816,SOUTH,36.1359,-86.7267,POINT (-86.7267 36.1359)
20190022827,01/09/2019 04:40:00 PM,2,0,0,,Y,161939,5,SIDESWIPE - SAME DIRECTION,21,CLEAR,1,DAYLIGHT,12,MOTOR VEHICLE IN TRANSPORT,MM 56 0 I 24,NASHVILLE,TN,37211,8708,SOUTH,36.0818,-86.6975,POINT (-86.6975 36.0818)
20190520394,07/11/2019 05:20:00 PM,2,0,0,,Y,161948,5,SIDESWIPE - SAME DIRECTION,21,CLEAR,1,DAYLIGHT,12,MOTOR VEHICLE IN TRANSPORT,BRILEY PKWYW & BRILEY PKWYE,NASHVILLE,TN,37218,3216,NORTH,36.2254,-86.8638,POINT (-86.8638 36.2254)
20190371939,05/15/2019 12:20:00 PM,2,0,0,,N,256384,11,Front to Rear,21,CLEAR,1,DAYLIGHT,12,MOTOR VEHICLE IN TRANSPORT,MM 6 5 I 440,NASHVILLE,TN,37210,81040,SOUTH,36.1242,-86.7451,POINT (-86.7451 36.1242)
20190343030,05/04/2019 01:30:00 PM,2,0,0,,N,109495,11,Front to Rear,22,CLOUDY,1,DAYLIGHT,12,MOTOR VEHICLE IN TRANSPORT,NOLENSVILLE PKE & ROSEDALE AV,NASHVILLE,TN,37210,8101,SOUTH,36.1253,-86.7523,POINT (-86.7523 36.1253)
20190512734,07/08/2019 06:55:00 PM,2,0,0,,Y,298877,11,Front to Rear,21,CLEAR,1,DAYLIGHT,12,MOTOR VEHICLE IN TRANSPORT,WELCH RD & JONQUIL DR,NASHVILLE,TN,37211,8445,SOUTH,36.0809,-86.7188,POINT (-86.7188 36.0809)
20190466955,06/20/2019 04:15:00 AM,2,0,0,,Y,279198,4,ANGLE,21,CLEAR,3,DARK - LIGHTED,12,MOTOR VEHICLE IN TRANSPORT,S 6TH ST & WOODLAND ST,NASHVILLE,TN,37206,1117,EAST,36.1726,-86.7628,POINT (-86.7628 36.1726)
20190329222,04/29/2019 02:17:00 PM,2,1,0,,N,584947,2,HEAD-ON,21,CLEAR,1,DAYLIGHT,12,MOTOR VEHICLE IN TRANSPORT,LAMBERT DR & FRANKLIN PKE,NASHVILLE,TN,37220,7101,MIDTOW,36.0786,-86.7721,POINT (-86.7721 36.0786)
20190358962,05/10/2019 10:50:00 AM,2,0,0,,Y,580819,5,SIDESWIPE - SAME DIRECTION,22,CLOUDY,1,DAYLIGHT,14,PARKED MOTOR VEHICLE,6TH AVN & UNION ST,NASHVILLE,TN,37219,4141,CENTRA,36.164,-86.7823,POINT (-86.7823 36.164)
20190206075,03/16/2019 04:58:00 PM,2,1,0,,N,206676,98,OTHER,21,CLEAR,1,DAYLIGHT,12,MOTOR VEHICLE IN TRANSPORT,DUE WEST AVE & GALLATIN PKES,MADISON,TN,37115,1519,MADISO,36.2481,-86.7203,POINT (-86.7203 36.2481)
20190276760,04/10/2019 07:20:00 PM,1,1,0,Y,N,151132,0,NOT COLLISION W/MOTOR VEHICLE-TRANSPORT,21,CLEAR,3,DARK - LIGHTED,1;30;34;63;71,UTILITY POLE;DITCH;Ran Off Road-Right;EMBANKMENT EARTH,DICKERSON PKE & MULBERRY DOWNS CIR,MADISON,TN,37115,2017,MADISO,36.2518,-86.7575,POINT (-86.7575 36.2518)
20190407661,05/28/2019 03:33:00 PM,2,0,0,,Y,212338,,,,,,,12,MOTOR VEHICLE IN TRANSPORT,THOMPSON LN & KRAFT DR,NASHVILLE,TN,37204,8525,MIDTOW,36.1114,-86.758,POINT (-86.758 36.1114)
20190489119,06/28/2019 03:46:00 PM,2,0,0,,Y,320585,5,SIDESWIPE - SAME DIRECTION,21,CLEAR,1,DAYLIGHT,12,MOTOR VEHICLE IN TRANSPORT,MM 211 0 I 40,NASHVILLE,TN,37210,82020,HERMIT,36.1544,-86.7598,POINT (-86.7598 36.1544)
20190434394,06/07/2019 02:13:00 PM,2,0,0,,N,109534,4,ANGLE,22,CLOUDY,1,DAYLIGHT,12,MOTOR VEHICLE IN TRANSPORT,OLD HICKORY BLVD & ANDREW JACKSON PKWY,HERMITAGE,TN,37076,9561,HERMIT,36.1836,-86.6107,POINT (-86.6107 36.1836)
20190222713,03/22/2019 06:32:00 AM,2,0,0,,N,191578,5,SIDESWIPE - SAME DIRECTION,21,CLEAR,4,DAWN,12,MOTOR VEHICLE IN TRANSPORT,MURFREESBORO PKE & DELL PKWY,NASHVILLE,TN,37217,8841,SOUTH,36.1084,-86.6782,POINT (-86.6782 36.1084)
20190269168,04/08/2019 05:05:00 AM,2,0,0,,N,146772,5,SIDESWIPE - SAME DIRECTION,2,RAIN,2,DARK - NOT LIGHTED,12,MOTOR VEHICLE IN TRANSPORT,MM 39 3 I 24,WHITES CREEK,TN,37189,3314,NORTH,36.2925,-86.8105,POINT (-86.8105 36.2925)
20190494886,07/01/2019 12:00:00 AM,2,0,0,,Y,226622,11,Front to Rear,99,UNKNOWN,9,UNKNOWN,12,MOTOR VEHICLE IN TRANSPORT,MORROW RD & 60TH AVN,NASHVILLE,TN,37209,4613,WEST,36.1624,-86.8612,POINT (-86.8612 36.1624)
20190364143,05/12/2019 06:49:00 PM,1,1,0,,N,212346,0,NOT COLLISION W/MOTOR VEHICLE-TRANSPORT,22,CLOUDY,1,DAYLIGHT,8,PEDESTRIAN,CHARLOTTE AV & ROSA L PARKS BLVD,NASHVILLE,TN,37203,4147,CENTRA,36.1634,-86.7876,POINT (-86.7876 36.1634)
20190430851,06/06/2019 07:32:00 AM,1,1,0,,N,834798,0,NOT COLLISION W/MOTOR VEHICLE-TRANSPORT,21,CLEAR,1,DAYLIGHT,23,BRIDGE RAIL,OLD HICKORY BLVD & EDMONDSON PKE,NASHVILLE,TN,37220,8615,MIDTOW,36.04,-86.7435,POINT (-86.7435 36.04)