Accident Number,Date and Time,Number of Motor Vehicles,Number of Injuries,Number of Fatalities,Property Damage,Hit and Run,Reporting Officer,Collision Type Code,Collision Type Description,Weather Code,Weather Description,Illumination Code,Illumination Description,Harmful Code,Harmful Code Description,Street Address,City,State,ZIP,RPA,Precinct,Latitude,Longitude,Mapped Location
20190254113,04/02/2019 02:10:00 PM,2,0,0,,N,716886,16,Rear to Side,21,CLEAR,1,DAYLIGHT,12,MOTOR VEHICLE IN TRANSPORT,TRAVIS DR & WELCH RD,NASHVILLE,TN,37211,8421,SOUTH,36.0834,-86.7256,POINT (-86.7256 36.0834)
20190017286,01/07/2019 07:33:00 PM,2,0,0,,Y,151132,16,Rear to Side,22,CLOUDY,3,DARK - LIGHTED,12,MOTOR VEHICLE IN TRANSPORT,HEAD DR & OLD HICKORY BLVDW,MADISON,TN,37115,1777,MADISO,36.2642,-86.7339,POINT (-86.7339 36.2642)
20190037801,01/15/2019 11:30:00 AM,2,0,0,,N,299264,5,SIDESWIPE - SAME DIRECTION,22,CLOUDY,1,DAYLIGHT,12,MOTOR VEHICLE IN TRANSPORT,MM 209 8 I 40,NASHVILLE,TN,37203,4004,CENTRA,36.149,-86.7794,POINT (-86.7794 36.149)
20190305017,04/20/2019 07:42:00 PM,2,0,0,,Y,299257,4,ANGLE,21,CLEAR,2,DARK - NOT LIGHTED,12,MOTOR VEHICLE IN TRANSPORT,MM 5 4 I 440,NASHVILLE,TN,37204,83060,MIDTOW,36.1198,-86.7662,POINT (-86.7662 36.1198)
20190231079,03/25/2019 12:19:00 PM,2,1,0,,N,226136,4,ANGLE,22,CLOUDY,1,DAYLIGHT,12,MOTOR VEHICLE IN TRANSPORT,THOMPSON LN & KRAFT DR,NASHVILLE,TN,37204,8525,MIDTOW,36.1114,-86.758,POINT (-86.758 36.1114)
20190448972,06/13/2019 06:50:00 AM,2,0,0,,N,223502,5,SIDESWIPE - SAME DIRECTION,21,CLEAR,1,DAYLIGHT,12,MOTOR VEHICLE IN TRANSPORT,0 I 440,NASHVILLE,TN,37210,81040,SOUTH,36.1244,-86.7425,POINT (-86.7425 36.1244)
20190048119,01/18/2019 06:57:00 PM,2,0,0,,N,134869,4,ANGLE,21,CLEAR,1,DAYLIGHT,12,MOTOR VEHICLE IN TRANSPORT,MURPHY RD & PARK DR,NASHVILLE,TN,37203,5629,MIDTOW,36.1394,-86.8197,POINT (-86.8197 36.1394)
20190237824,03/27/2019 02:56:00 PM,2,0,0,,N,256380,11,Front to Rear,21,CLEAR,1,DAYLIGHT,12,MOTOR VEHICLE IN TRANSPORT,MM 87 0 I 65,NASHVILLE,TN,37207,18020,EAST,36.2018,-86.7766,POINT (-86.7766 36.2018)
20190172285,03/04/2019 07:09:00 PM,2,0,0,,N,298867,5,SIDESWIPE - SAME DIRECTION,21,CLEAR,3,DARK - LIGHTED,12,MOTOR VEHICLE IN TRANSPORT,DICKERSON PKE & HANCOCK ST,NASHVILLE,TN,37207,1963,EAST,36.1843,-86.7737,POINT (-86.7737 36.1843)
20190579822,08/04/2019 06:26:00 PM,2,0,0,,N,279204,4,ANGLE,21,CLEAR,1,DAYLIGHT,12,MOTOR VEHICLE IN TRANSPORT,MM 85 4 I 65,NASHVILLE,TN,37208,43042,NORTH,36.1875,-86.7947,POINT (-86.7947 36.1875)
20190041170,01/16/2019 12:55:00 PM,2,0,0,,N,224437,11,Front to Rear,21,CLEAR,1,DAYLIGHT,12,MOTOR VEHICLE IN TRANSPORT,THOMPSON LN & NOLENSVILLE PKE,NASHVILLE,TN,37211,8425,SOUTH,36.1109,-86.7447,POINT (-86.7447 36.1109)
20190560798,07/27/2019 10:00:00 PM,2,1,0,,N,279124,2,HEAD-ON,21,CLEAR,3,DARK - LIGHTED,12,MOTOR VEHICLE IN TRANSPORT,MT VIEW RD & KEVINWOOD CT,ANTIOCH,TN,37013,8861,SOUTH,36.0563,-86.6642,POINT (-86.6642 36.0563)
20190542990,07/20/2019 07:50:00 PM,2,3,0,,Y,330412,11,Front to Rear,21,CLEAR,1,DAYLIGHT,12,MOTOR VEHICLE IN TRANSPORT,OLD HICKORY BLVD & DICKERSON PKE,NASHVILLE,TN,37207,2133,MADISO,36.2694,-86.7564,POINT (-86.7564 36.2694)
20190080858,01/30/2019 05:49:00 PM,2,0,0,,N,596389,4,ANGLE,21,CLEAR,2,DARK - NOT LIGHTED,12,MOTOR VEHICLE IN TRANSPORT,COLICE JEANNE RD & OLD HARDING PKE,NASHVILLE,TN,37221,4817,WEST,36.0687,-86.9329,POINT (-86.9329 36.0687)
20190165323,03/01/2019 08:58:00 PM,2,0,0,,N,151132,11,Front to Rear,22,CLOUDY,3,DARK - LIGHTED,12,MOTOR VEHICLE IN TRANSPORT,GALLATIN PKES & DUE WEST AVW,MADISON,TN,37115,1519,MADISO,36.2475,-86.7207,POINT (-86.7207 36.2475)
20190490363,06/29/2019 02:45:00 AM,2,0,0,Y,N,110062,4,ANGLE,21,CLEAR,3,DARK - LIGHTED,12;14;18,MOTOR VEHICLE IN TRANSPORT;PARKED MOTOR VEHICLE;OTHER OBJECT (NOT FIXED),1ST AVN & DOWNTOWN GRNWY,NASHVILLE,TN,37201,4213,CENTRA,36.1708,-86.7793,POINT (-86.7793 36.1708)
20190426104,06/04/2019 02:43:00 PM,2,0,0,,N,352159,5,SIDESWIPE - SAME DIRECTION,21,CLEAR,1,DAYLIGHT,12,MOTOR VEHICLE IN TRANSPORT,BRILEY PKWYN & BRILEY PKWYS,NASHVILLE,TN,37211,8404,SOUTH,36.1092,-86.727,POINT (-86.727 36.1092)
20190135993,02/19/2019 02:45:00 PM,2,0,0,,Y,690942,4,ANGLE,2,RAIN,1,DAYLIGHT,12;99,MOTOR VEHICLE IN TRANSPORT;UNKNOWN MOST HARMFUL EVENT,7TH AVN & BROADWAY,NASHVILLE,TN,37203,4113,CENTRA,36.1599,-86.7813,POINT (-86.7813 36.1599)
20190184577,03/08/2019 02:08:00 PM,2,0,0,,N,579971,4,ANGLE,2,RAIN,1,DAYLIGHT,12,MOTOR VEHICLE IN TRANSPORT,CROSSINGS PL & CROSSINGS BLVD,ANTIOCH,TN,37013,8863,SOUTH,36.0444,-86.6482,POINT (-86.6482 36.0444)
20190486244,06/27/2019 03:08:00 PM,3,1,0,,N,320580,11,Front to Rear,21,CLEAR,1,DAYLIGHT,12,MOTOR VEHICLE IN TRANSPORT,LAFAYETTE ST & 2ND AVS,NASHVILLE,TN,37210,8201,HERMIT,36.1507,-86.768,POINT (-86.768 36.1507)
20190504723,07/05/2019 05:40:00 AM,2,0,0,,N,109544,11,Front to Rear,21,CLEAR,1,DAYLIGHT,12,MOTOR VEHICLE IN TRANSPORT,10TH AVS & 10TH AVN,NASHVILLE,TN,37203,4077,CENTRA,36.158,-86.7843,POINT (-86.7843 36.158)
20190360600,05/10/2019 11:15:00 PM,2,0,0,,Y,320583,11,Front to Rear,2,RAIN,3,DARK - LIGHTED,14,PARKED MOTOR VEHICLE,0 CAPERS AV,NASHVILLE,TN,37212,6623,MIDTOW,36.1386,-86.8003,POINT (-86.8003 36.1386)
20190555463,07/25/2019 04:09:00 PM,2,0,0,,N,212330,11,Front to Rear,21,CLEAR,1,DAYLIGHT,12,MOTOR VEHICLE IN TRANSPORT,I24E & I24 W EXT RAMP,NASHVILLE,TN,37210,8102,SOUTH,36.1336,-86.7269,POINT (-86.7269 36.1336)
20190243702,03/29/2019 12:08:00 PM,2,0,0,,N,887591,6,SIDESWIPE - OPPOSITE DIRECTION,21,CLEAR,1,DAYLIGHT,12,MOTOR VEHICLE IN TRANSPORT,GOULD BLVD & FIRESTONE PKWY,ANTIOCH,TN,37013,8869,SOUTH,36.0159,-86.6161,POINT (-86.6161 36.0159)
20190515253,07/09/2019 07:44:00 PM,2,0,0,,Y,256417,4,ANGLE,21,CLEAR,1,DAYLIGHT,12,MOTOR VEHICLE IN TRANSPORT,OLD HICKORY BLVD & HERMITAGE PARK DR,HERMITAGE,TN,37076,9527,HERMIT,36.1658,-86.5983,POINT (-86.5983 36.1658)
20190376047,05/16/2019 07:26:00 PM,2,0,0,,Y,151132,11,Front to Rear,21,CLEAR,1,DAYLIGHT,12,MOTOR VEHICLE IN TRANSPORT,GALLATIN PKES & DUE WEST AVE,MADISON,TN,37115,1507,MADISO,36.2487,-86.7199,POINT (-86.7199 36.2487)
20190082604,01/31/2019 07:07:00 AM,2,0,0,,Y,902543,5,SIDESWIPE - SAME DIRECTION,21,CLEAR,1,DAYLIGHT,12,MOTOR VEHICLE IN TRANSPORT,BRILEY PKWY E ENT RAMP & BRILEY PKWYE,NASHVILLE,TN,37216,1503,EAST,36.2342,-86.7207,POINT (-86.7207 36.2342)
20190471018,06/21/2019 11:36:00 AM,1,0,0,,N,109534,0,NOT COLLISION W/MOTOR VEHICLE-TRANSPORT,21,CLEAR,1,DAYLIGHT,30,UTILITY POLE,CENTRAL PKE & WATERFORD HILL DR,HERMITAGE,TN,37076,9503,HERMIT,36.176,-86.6158,POINT (-86.6158 36.176)
20190265499,04/06/2019 03:18:00 PM,2,0,0,,N,197068,5,SIDESWIPE - SAME DIRECTION,21,CLEAR,1,DAYLIGHT,14,PARKED MOTOR VEHICLE,BROADWAY & 2ND AVN,NASHVILLE,TN,37201,4093,CENTRA,36.1618,-86.7754,POINT (-86.7754 36.1618)
20190043228,01/17/2019 06:05:00 AM,2,1,0,,Y,192378,11,Front to Rear,2,RAIN,3,DARK - LIGHTED,12,MOTOR VEHICLE IN TRANSPORT,BRILEY PKWY S ENT RAMP & BRILEY PKWYS,NASHVILLE,TN,37217,8811,SOUTH,36.1182,-86.7017,POINT (-86.7017 36.1182)
20190482392,06/26/2019 08:25:00 AM,2,0,0,,N,716886,11,Front to Rear,21,CLEAR,1,DAYLIGHT,12,MOTOR VEHICLE IN TRANSPORT,NOLENSVILLE PKE & I440 E ENT RAMP,NASHVILLE,TN,37210,8319,SOUTH,36.1203,-86.7499,POINT (-86.7499 36.1203)
20190101074,02/06/2019 04:57:00 PM,2,0,0,,N,279124,4,ANGLE,2,RAIN,1,DAYLIGHT,12,MOTOR VEHICLE IN TRANSPORT,OLD HICKORY BLVD & PETTUS RD,ANTIOCH,TN,37013,8767,SOUTH,36.0109,-86.6654,POINT (-86.6654 36.0109)
20190260083,04/04/2019 01:57:00 PM,1,0,0,,N,225773,0,NOT COLLISION W/MOTOR VEHICLE-TRANSPORT,22,CLOUDY,1,DAYLIGHT,24;36,GUARDRAIL FACE;CONCRETE TRAFFIC BARRIER,MM 6 1 I 440,NASHVILLE,TN,37211,8106,MIDTOW,36.1221,-86.7542,POINT (-86.7542 36.1221)
20190426382,06/04/2019 05:20:00 PM,1,2,0,Y,N,206675,0,NOT COLLISION W/MOTOR VEHICLE-TRANSPORT,21,CLEAR,1,DAYLIGHT,1,,WHISPERING HILLS DR & NORTHCREST DR,NASHVILLE,TN,37211,8659,MIDTOW,36.0652,-86.7272,POINT (-86.7272 36.0652)
20190479713,06/25/2019 09:27:00 AM,2,0,0,,N,109495,4,ANGLE,21,CLEAR,1,DAYLIGHT,12,MOTOR VEHICLE IN TRANSPORT,HARDING PL & NOLENSVILLE PKE,NASHVILLE,TN,37211,8705,SOUTH,36.0797,-86.7261,POINT (-86.7261 36.0797)
20190312812,04/23/2019 12:12:00 PM,2,0,0,,N,716886,11,Front to Rear,21,CLEAR,1,DAYLIGHT,12,MOTOR VEHICLE IN TRANSPORT,HOBSON PKE & MURFREESBORO PKE,ANTIOCH,TN,37013,8971,SOUTH,36.043,-86.6066,POINT (-86.6066 36.043)
20190086805,02/01/2019 02:51:00 PM,2,0,0,,Y,580819,4,ANGLE,21,CLEAR,1,DAYLIGHT,12,MOTOR VEHICLE IN TRANSPORT,GEORGE L DAVIS BLVD & CHURCH ST,NASHVILLE,TN,37203,4119,CENTRA,36.1584,-86.7906,POINT (-86.7906 36.1584)
20190358408,05/10/2019 06:45:00 AM,2,0,0,,N,226092,11,Front to Rear,22,CLOUDY,1,DAYLIGHT,12,MOTOR VEHICLE IN TRANSPORT,CHARLOTTE AV & MCMILLIN ST,NASHVILLE,TN,37203,5503,MIDTOW,36.1596,-86.7962,POINT (-86.7962 36.1596)
20190473511,06/22/2019 01:50:00 PM,2,0,0,,Y,299266,4,ANGLE,21,CLEAR,1,DAYLIGHT,12,MOTOR VEHICLE IN TRANSPORT,BELL RD & THE OVERLOOK PVTDR,ANTIOCH,TN,37013,8865,SOUTH,36.056,-86.6421,POINT (-86.6421 36.056)
20190110824,02/10/2019 06:25:00 PM,2,0,0,,N,309262,5,SIDESWIPE - SAME DIRECTION,2,RAIN,3,DARK - LIGHTED,12,MOTOR VEHICLE IN TRANSPORT,MM 89 4 I 65,NASHVILLE,TN,37207,18062,EAST,36.2348,-86.7656,POINT (-86.7656 36.2348)
20190346664,05/06/2019 07:45:00 AM,2,0,0,,N,676834,11,Front to Rear,21,CLEAR,1,DAYLIGHT,12,MOTOR VEHICLE IN TRANSPORT,I65 S EXT RAMP & I 65,MADISON,TN,37115,20044,MADISO,36.2481,-86.743,POINT (-86.743 36.2481)
20190439439,06/09/2019 07:22:00 PM,2,0,0,,Y,279124,4,ANGLE,21,CLEAR,1,DAYLIGHT,12,MOTOR VEHICLE IN TRANSPORT,LINBAR DR & WALLACE RD,NASHVILLE,TN,37211,8707,SOUTH,36.0387,-86.731,POINT (-86.731 36.0387)
20190517263,07/10/2019 01:22:00 PM,2,0,0,,N,320586,5,SIDESWIPE - SAME DIRECTION,21,CLEAR,1,DAYLIGHT,12,MOTOR VEHICLE IN TRANSPORT,THOMPSON LN & SIMMONS AV,NASHVILLE,TN,37211,8425,SOUTH,36.1106,-86.7413,POINT (-86.7413 36.1106)
20190318595,04/24/2019 11:00:00 PM,2,0,0,,Y,156308,11,Front to Rear,21,CLEAR,3,DARK - LIGHTED,12;14,MOTOR VEHICLE IN TRANSPORT;PARKED MOTOR VEHICLE,KNIGHT DR & BRILEY PKWYW,WHITES CREEK,TN,37189,3223,NORTH,36.2354,-86.8034,POINT (-86.8034 36.2354)
20190525223,07/13/2019 06:25:00 PM,1,1,0,Y,N,320599,0,NOT COLLISION W/MOTOR VEHICLE-TRANSPORT,22,CLOUDY,1,DAYLIGHT,43;64,OTHER FIXED OBJECTS;Ran Off Road-Left,MEREDITH AV & DUNCAN ST,NASHVILLE,TN,37210,8221,HERMIT,36.1502,-86.753,POINT (-86.753 36.1502)
20190047562,01/18/2019 02:50:00 PM,2,0,0,,N,192379,11,Front to Rear,21,CLEAR,1,DAYLIGHT,12,MOTOR VEHICLE IN TRANSPORT,DOMINICAN DR & ROSA L PARKS BLVD,NASHVILLE,TN,37228,4445,NORTH,36.1879,-86.7985,POINT (-86.7985 36.1879)
20190385217,05/20/2019 01:09:00 PM,2,0,0,,N,279124,4,ANGLE,21,CLEAR,1,DAYLIGHT,12,MOTOR VEHICLE IN TRANSPORT,HAMILTON CHURCH & MT VIEW,ANTIOCH,TN,37013,8925,SOUTH,36.0628,-86.6082,POINT (-86.6082 36.0628)
20190162732,02/28/2019 09:00:00 PM,1,0,0,Y,N,161945,0,NOT COLLISION W/MOTOR VEHICLE-TRANSPORT,21,CLEAR,3,DARK - LIGHTED,18,OTHER OBJECT (NOT FIXED),TUSCULUM RD & HASTY DR,NASHVILLE,TN,37211,8655,MIDTOW,36.0585,-86.7193,POINT (-86.7193 36.0585)
20190024246,01/10/2019 06:43:00 AM,3,0,0,,N,474557,11,Front to Rear,21,CLEAR,1,DAYLIGHT,12,MOTOR VEHICLE IN TRANSPORT,NOLENSVILLE PKE & TAYLOR RD,NASHVILLE,TN,37211,8701,SOUTH,36.0692,-86.7203,POINT (-86.7203 36.0692)
20190156136,02/26/2019 03:42:00 PM,1,1,0,Y,N,206675,0,NOT COLLISION W/MOTOR VEHICLE-TRANSPORT,21,CLEAR,1,DAYLIGHT,30,UTILITY POLE,BROADWAY & 17TH AVS,NASHVILLE,TN,37203,5705,MIDTOW,36.1531,-86.7942,POINT (-86.7942 36.1531)
20190073224,01/28/2019 12:55:00 PM,2,0,0,,N,224797,4,ANGLE,22,CLOUDY,1,DAYLIGHT,12,MOTOR VEHICLE IN TRANSPORT,RUSSLEO DR & CHARLOTTE PKE,NASHVILLE,TN,37209,5021,WEST,36.1401,-86.8792,POINT (-86.8792 36.1401)
20190250458,04/01/2019 09:11:00 AM,2,0,0,,N,584947,5,SIDESWIPE - SAME DIRECTION,21,CLEAR,1,DAYLIGHT,12,MOTOR VEHICLE IN TRANSPORT,HARDING PL & FRANKLIN PKE,NASHVILLE,TN,37204,7029,MIDTOW,36.0866,-86.7716,POINT (-86.7716 36.0866)
20190495069,07/01/2019 08:54:00 AM,2,0,0,,N,226622,11,Front to Rear,21,CLEAR,1,DAYLIGHT,12,MOTOR VEHICLE IN TRANSPORT,WOODMONT BLVD & HARDING PKE,NASHVILLE,TN,37205,6101,WEST,36.1245,-86.8472,POINT (-86.8472 36.1245)
20190309264,04/22/2019 01:35:00 PM,2,0,0,,N,311804,11,Front to Rear,21,CLEAR,1,DAYLIGHT,12,MOTOR VEHICLE IN TRANSPORT,MM 86 1 I 65,NASHVILLE,TN,37228,44060,NORTH,36.1918,-86.7835,POINT (-86.7835 36.1918)
20190183559,03/08/2019 07:45:00 AM,2,0,0,,N,716886,11,Front to Rear,2,RAIN,1,DAYLIGHT,12,MOTOR VEHICLE IN TRANSPORT,MM 55 8 I 24,NASHVILLE,TN,37211,88100,SOUTH,36.0854,-86.6996,POINT (-86.6996 36.0854)
20190251310,04/01/2019 03:27:00 PM,2,2,0,,N,197047,4,ANGLE,21,CLEAR,1,DAYLIGHT,12;38,MOTOR VEHICLE IN TRANSPORT;FENCE,S 9TH ST & SHELBY AV,NASHVILLE,TN,37206,1045,EAST,36.1707,-86.7543,POINT (-86.7543 36.1707)
20190118711,02/13/2019 07:55:00 AM,2,0,0,,N,226136,4,ANGLE,21,CLEAR,1,DAYLIGHT,12,MOTOR VEHICLE IN TRANSPORT,NOLENSVILLE PKE & TUSCULUM RD,NASHVILLE,TN,37211,8711,SOUTH,36.0594,-86.7163,POINT (-86.7163 36.0594)
20190049269,01/19/2019 10:00:00 AM,2,0,0,,Y,429188,11,Front to Rear,2,RAIN,1,DAYLIGHT,12,MOTOR VEHICLE IN TRANSPORT,MM 58 6 I 24,ANTIOCH,TN,37013,8808,SOUTH,36.0518,-86.67,POINT (-86.67 36.0518)
20190272315,04/09/2019 08:54:00 AM,3,1,0,,N,474557,11,Front to Rear,21,CLEAR,1,DAYLIGHT,12,MOTOR VEHICLE IN TRANSPORT,BELL RD & CANE RIDGE RD,ANTIOCH,TN,37013,8753,SOUTH,36.0449,-86.6631,POINT (-86.6631 36.0449)
20190323648,04/26/2019 10:46:00 PM,2,0,0,,Y,109542,5,SIDESWIPE - SAME DIRECTION,21,CLEAR,3,DARK - LIGHTED,12,MOTOR VEHICLE IN TRANSPORT,LEA AV & 4TH AVS,NASHVILLE,TN,37203,4037,CENTRA,36.1547,-86.7731,POINT (-86.7731 36.1547)
20190049405,01/19/2019 12:10:00 PM,2,1,0,,N,299264,11,Front to Rear,2,RAIN,1,DAYLIGHT,12,MOTOR VEHICLE IN TRANSPORT,NOLENSVILLE PKE & CONCORD RD,ANTIOCH,TN,37013,8767,SOUTH,35.997,-86.6899,POINT (-86.6899 35.997)
20190452660,06/14/2019 12:29:00 PM,3,1,0,,N,834798,11,Front to Rear,21,CLEAR,1,DAYLIGHT,12,MOTOR VEHICLE IN TRANSPORT,HARDING PL & TROUSDALE DR,NASHVILLE,TN,37220,8601,MIDTOW,36.0811,-86.7584,POINT (-86.7584 36.0811)
20190225049,03/23/2019 12:09:00 AM,2,1,0,,N,909497,4,ANGLE,21,CLEAR,3,DARK - LIGHTED,12,MOTOR VEHICLE IN TRANSPORT,DONELSON PKE & ROYAL PKWY,NASHVILLE,TN,37214,9411,HERMIT,36.1472,-86.6664,POINT (-86.6664 36.1472)
20190524811,07/13/2019 01:50:00 PM,1,0,0,Y,N,876573,0,NOT COLLISION W/MOTOR VEHICLE-TRANSPORT,21,CLEAR,1,DAYLIGHT,40,MAIL BOX,OLE NOTTINGHAM DR & BROOKCHASE CT,ANTIOCH,TN,37013,8907,SOUTH,36.0695,-86.5741,POINT (-86.5741 36.0695)
20190091558,02/03/2019 05:05:00 PM,2,0,0,,Y,633391,5,SIDESWIPE - SAME DIRECTION,21,CLEAR,1,DAYLIGHT,12,MOTOR VEHICLE IN TRANSPORT,GREEN HILLS VILLAGE DR & HILLSBORO PKE,NASHVILLE,TN,37215,6107,WEST,36.1085,-86.8148,POINT (-86.8148 36.1085)
20190396783,05/24/2019 07:40:00 AM,2,0,0,,N,352172,11,Front to Rear,21,CLEAR,1,DAYLIGHT,12,MOTOR VEHICLE IN TRANSPORT,1ST AVS & MOLLOY ST,NASHVILLE,TN,37201,4051,CENTRA,36.1597,-86.7728,POINT (-86.7728 36.1597)
20190047366,01/18/2019 03:12:00 PM,2,0,0,,N,134871,4,ANGLE,21,CLEAR,1,DAYLIGHT,12,MOTOR VEHICLE IN TRANSPORT,I40 E ENT RAMP & FAIRFIELD AV,NASHVILLE,TN,37210,8221,HERMIT,36.1527,-86.7564,POINT (-86.7564 36.1527)
20190138938,02/20/2019 02:28:00 PM,2,1,0,,N,690942,4,ANGLE,22,CLOUDY,1,DAYLIGHT,12,MOTOR VEHICLE IN TRANSPORT,8TH AVS & 8TH AVS,NASHVILLE,TN,37203,4041,CENTRA,36.1545,-86.7796,POINT (-86.7796 36.1545)
20190547240,07/22/2019 04:33:00 PM,2,0,0,,N,256380,4,ANGLE,2,RAIN,1,DAYLIGHT,12,MOTOR VEHICLE IN TRANSPORT,MM 86 2 I 65,NASHVILLE,TN,37207,1910,CENTRA,36.1919,-86.7812,POINT (-86.7812 36.1919)
20190326914,04/28/2019 12:00:00 AM,2,0,0,,N,279200,4,ANGLE,21,CLEAR,1,DAYLIGHT,12,MOTOR VEHICLE IN TRANSPORT,7TH AVS & MIDDLETON ST,NASHVILLE,TN,37203,4025,CENTRA,36.1519,-86.7777,POINT (-86.7777 36.1519)
20190571399,08/01/2019 07:33:00 AM,2,1,0,,N,633390,11,Front to Rear,22,CLOUDY,1,DAYLIGHT,12,MOTOR VEHICLE IN TRANSPORT,ELLINGTON PKWYS & ELLINGTON PKWYN,NASHVILLE,TN,37207,1995,EAST,36.1758,-86.7666,POINT (-86.7666 36.1758)
20190045046,01/17/2019 07:56:00 PM,2,0,0,,N,240955,11,Front to Rear,2,RAIN,3,DARK - LIGHTED,12,MOTOR VEHICLE IN TRANSPORT,BELL RD & COLLINS PARK DR,ANTIOCH,TN,37013,8859,SOUTH,36.0461,-86.6578,POINT (-86.6578 36.0461)
20190457614,06/16/2019 05:14:00 PM,2,0,0,,Y,298874,11,Front to Rear,21,CLEAR,1,DAYLIGHT,12,MOTOR VEHICLE IN TRANSPORT,GREENWOOD AV & PORTER RD,NASHVILLE,TN,37206,1311,EAST,36.1889,-86.7304,POINT (-86.7304 36.1889)
20190353799,05/08/2019 02:58:00 PM,2,0,0,,Y,206675,4,ANGLE,21,CLEAR,1,DAYLIGHT,12,MOTOR VEHICLE IN TRANSPORT,THOMPSON LN & NOLENSVILLE PKE,NASHVILLE,TN,37211,8519,MIDTOW,36.1109,-86.7452,POINT (-86.7452 36.1109)
20190380704,05/18/2019 01:23:00 PM,2,0,0,,N,332253,98,OTHER,21,CLEAR,1,DAYLIGHT,12,MOTOR VEHICLE IN TRANSPORT,DICKERSON PKE & OLD HICKORY BLVD,NASHVILLE,TN,37207,2133,MADISO,36.2693,-86.7557,POINT (-86.7557 36.2693)
20190456219,06/15/2019 11:52:00 PM,2,0,0,,Y,212307,11,Front to Rear,21,CLEAR,3,DARK - LIGHTED,12,MOTOR VEHICLE IN TRANSPORT,2ND AVS & I40 W EXT RAMP,NASHVILLE,TN,37210,4003,CENTRA,36.1518,-86.7686,POINT (-86.7686 36.1518)
20190553217,07/24/2019 07:16:00 PM,2,0,0,,N,151132,11,Front to Rear,21,CLEAR,5,DUSK,12,MOTOR VEHICLE IN TRANSPORT,BUBBLING WELL RD & SANDHURST DR,MADISON,TN,37115,1635,MADISO,36.2602,-86.6789,POINT (-86.6789 36.2602)
20190422473,06/03/2019 09:20:00 AM,2,0,0,,N,402660,6,SIDESWIPE - OPPOSITE DIRECTION,21,CLEAR,1,DAYLIGHT,12,MOTOR VEHICLE IN TRANSPORT,CROSS CREEK RD & VALLEY BROOK RD,NASHVILLE,TN,37215,6105,WEST,36.1103,-86.8209,POINT (-86.8209 36.1103)
20190414866,05/31/2019 12:00:00 AM,2,0,0,,Y,212321,4,ANGLE,21,CLEAR,3,DARK - LIGHTED,12,MOTOR VEHICLE IN TRANSPORT,HAMILTON CHURCH RD & MURFREESBORO PKE,ANTIOCH,TN,37013,8865,SOUTH,36.0645,-86.6288,POINT (-86.6288 36.0645)
20190207720,03/16/2019 02:47:00 PM,1,1,0,,Y,414652,0,NOT COLLISION W/MOTOR VEHICLE-TRANSPORT,21,CLEAR,1,DAYLIGHT,8,PEDESTRIAN,BROADWAY & 4TH AVN,NASHVILLE,TN,37203,4091,CENTRA,36.161,-86.7772,POINT (-86.7772 36.161)
20190079669,01/30/2019 10:16:00 AM,2,0,0,,Y,134899,4,ANGLE,21,CLEAR,1,DAYLIGHT,12,MOTOR VEHICLE IN TRANSPORT,FAIRFIELD AV & CANNON ST,NASHVILLE,TN,37210,8223,HERMIT,36.1505,-86.7569,POINT (-86.7569 36.1505)
20190211460,03/18/2019 08:07:00 PM,2,0,0,,Y,320585,5,SIDESWIPE - SAME DIRECTION,21,CLEAR,3,DARK - LIGHTED,12,MOTOR VEHICLE IN TRANSPORT,LEBANON PKE & THE CROSSINGS PVTDR,NASHVILLE,TN,37214,9121,HERMIT,36.169,-86.6833,POINT (-86.6833 36.169)
20190359544,05/10/2019 03:01:00 PM,2,0,0,,N,169425,11,Front to Rear,21,CLEAR,1,DAYLIGHT,12,MOTOR VEHICLE IN TRANSPORT,31ST AVS & VANDERBILT PL,NASHVILLE,TN,37212,5813,MIDTOW,36.1412,-86.8145,POINT (-86.8145 36.1412)
20190091949,02/03/2019 09:15:00 PM,1,0,0,Y,N,156308,0,NOT COLLISION W/MOTOR VEHICLE-TRANSPORT,21,CLEAR,3,DARK - LIGHTED,40,MAIL BOX,PANORAMA DR & CROWE DR,NASHVILLE,TN,37218,3173,NORTH,36.1818,-86.8411,POINT (-86.8411 36.1818)
20190084396,01/31/2019 05:40:00 PM,2,0,0,,N,298860,4,ANGLE,21,CLEAR,2,DARK - NOT LIGHTED,12,MOTOR VEHICLE IN TRANSPORT,OLD HICKORY BLVD & CENTRAL PKE,HERMITAGE,TN,37076,9557,HERMIT,36.1676,-86.7787,POINT (-86.7787 36.1676)
20190316543,04/24/2019 01:33:00 PM,3,4,0,,N,630627,4,ANGLE,21,CLEAR,1,DAYLIGHT,12,MOTOR VEHICLE IN TRANSPORT,SWEETBRIAR AV & 21ST AVS,NASHVILLE,TN,37212,6507,MIDTOW,36.1259,-86.8051,POINT (-86.8051 36.1259)
20190439049,06/09/2019 04:20:00 PM,2,0,0,,N,206682,4,ANGLE,21,CLEAR,1,DAYLIGHT,12,MOTOR VEHICLE IN TRANSPORT,HARRIS ST & GALLATIN PKES,MADISON,TN,37115,1605,MADISO,36.2584,-86.7135,POINT (-86.7135 36.2584)
20190574766,08/02/2019 01:14:00 PM,2,0,0,,N,212325,4,ANGLE,21,CLEAR,1,DAYLIGHT,12,MOTOR VEHICLE IN TRANSPORT,GALLATIN PKES & HICKORY ST,MADISON,TN,37115,1605,MADISO,36.2604,-86.7129,POINT (-86.7129 36.2604)