Accident Number,Date and Time,Number of Motor Vehicles,Number of Injuries,Number of Fatalities,Property Damage,Hit and Run,Reporting Officer,Collision Type Code,Collision Type Description,Weather Code,Weather Description,Illumination Code,Illumination Description,Harmful Code,Harmful Code Description,Street Address,City,State,ZIP,RPA,Precinct,Latitude,Longitude,Mapped Location
20190099278,02/06/2019 05:53:00 AM,2,2,0,,N,256377,2,HEAD-ON,21,CLEAR,3,DARK - LIGHTED,1;12,MOTOR VEHICLE IN TRANSPORT,LEBANON PKE & OMOHUNDRO DR,NASHVILLE,TN,37210,9019,HERMIT,36.1571,-86.709,POINT (-86.709 36.1571)
20190276357,04/10/2019 04:35:00 PM,2,0,0,,N,267831,11,Front to Rear,21,CLEAR,1,DAYLIGHT,12;14,MOTOR VEHICLE IN TRANSPORT;PARKED MOTOR VEHICLE,OLD HARDING PKE & SAWYER BROWN RD,NASHVILLE,TN,37221,4819,WEST,36.0623,-86.9427,POINT (-86.9427 36.0623)
20190475787,06/23/2019 09:35:00 PM,1,0,0,Y,Y,320594,0,NOT COLLISION W/MOTOR VEHICLE-TRANSPORT,2,RAIN,2,DARK - NOT LIGHTED,38,FENCE,RIVERSIDE RD & 17TH ST,OLD HICKORY,TN,37138,9705,HERMIT,36.2535,-86.6407,POINT (-86.6407 36.2535)
20190369618,05/14/2019 06:41:00 PM,2,2,0,,N,256426,5,SIDESWIPE - SAME DIRECTION,21,CLEAR,1,DAYLIGHT,12,MOTOR VEHICLE IN TRANSPORT,MM 215 4 I 40,NASHVILLE,TN,37217,89020,HERMIT,36.1434,-86.6882,POINT (-86.6882 36.1434)
20190041695,01/16/2019 04:10:00 PM,2,0,0,,N,633391,5,SIDESWIPE - SAME DIRECTION,22,CLOUDY,1,DAYLIGHT,12,MOTOR VEHICLE IN TRANSPORT,WHITE BRIDGE PKE & BURGESS AV,NASHVILLE,TN,37209,5025,WEST,36.1446,-86.8579,POINT (-86.8579 36.1446)
20190567468,07/30/2019 04:20:00 PM,2,0,0,,N,109519,11,Front to Rear,2,RAIN,1,DAYLIGHT,12,MOTOR VEHICLE IN TRANSPORT,HARDING PL & TROUSDALE DR,NASHVILLE,TN,37220,8601,MIDTOW,36.0811,-86.7584,POINT (-86.7584 36.0811)
20190216328,03/20/2019 07:45:00 AM,2,1,0,,N,330412,11,Front to Rear,21,CLEAR,1,DAYLIGHT,12,MOTOR VEHICLE IN TRANSPORT,MM 211 1 I 40,NASHVILLE,TN,37210,8008,HERMIT,36.1539,-86.7571,POINT (-86.7571 36.1539)
20190105933,02/08/2019 01:14:00 PM,2,0,0,,N,226673,11,Front to Rear,21,CLEAR,1,DAYLIGHT,12,MOTOR VEHICLE IN TRANSPORT,DEMONBREUN ST & 12TH AVS,NASHVILLE,TN,37203,4015,CENTRA,36.1545,-86.7865,POINT (-86.7865 36.1545)
20190189870,03/10/2019 09:13:00 PM,2,0,0,,N,468098,98,OTHER,21,CLEAR,2,DARK - NOT LIGHTED,14,PARKED MOTOR VEHICLE,BLUE MOUNTAIN LN & ROCKY MOUNTAIN PKWY,NASHVILLE,TN,37217,8853,SOUTH,36.0845,-86.6564,POINT (-86.6564 36.0845)
20190211014,03/18/2019 05:23:00 PM,2,0,0,,Y,256383,5,SIDESWIPE - SAME DIRECTION,21,CLEAR,1,DAYLIGHT,12,MOTOR VEHICLE IN TRANSPORT,MM 52 8 I 24,NASHVILLE,TN,37210,81022,SOUTH,36.1212,-86.7272,POINT (-86.7272 36.1212)
20190240475,03/28/2019 12:09:00 PM,3,0,0,,N,676834,11,Front to Rear,21,CLEAR,1,DAYLIGHT,12,MOTOR VEHICLE IN TRANSPORT,MM 208 3 I 40,NASHVILLE,TN,37203,54024,NORTH,36.166,-86.7949,POINT (-86.7949 36.166)
20190405150,05/27/2019 06:40:00 PM,2,3,0,Y,N,330431,2,HEAD-ON,21,CLEAR,1,DAYLIGHT,12,MOTOR VEHICLE IN TRANSPORT,CLARKSVILLE PKE & NORTH GATE SHOPPING CT,NASHVILLE,TN,37218,3163,NORTH,36.2004,-86.8392,POINT (-86.8392 36.2004)
20190126331,02/15/2019 07:25:00 PM,1,0,0,Y,N,420040,0,NOT COLLISION W/MOTOR VEHICLE-TRANSPORT,2,RAIN,3,DARK - LIGHTED,18,OTHER OBJECT (NOT FIXED),MM 3 9 I 440,NASHVILLE,TN,37204,7010,MIDTOW,36.1161,-86.7913,POINT (-86.7913 36.1161)
20190579528,08/04/2019 12:00:00 AM,2,0,0,,Y,212344,9,UNKNOWN,99,UNKNOWN,9,UNKNOWN,14,PARKED MOTOR VEHICLE,SEVIER ST & S 12TH ST,NASHVILLE,TN,37206,1047,EAST,36.1677,-86.7499,POINT (-86.7499 36.1677)
20190468140,06/20/2019 12:43:00 PM,2,0,0,,Y,834798,3,REAR-TO-REAR,21,CLEAR,1,DAYLIGHT,14,PARKED MOTOR VEHICLE,BELCOURT AV & 20TH AVS,NASHVILLE,TN,37212,6607,MIDTOW,36.1368,-86.7998,POINT (-86.7998 36.1368)
20190068697,01/26/2019 02:50:00 PM,2,0,0,,N,311798,11,Front to Rear,21,CLEAR,1,DAYLIGHT,12,MOTOR VEHICLE IN TRANSPORT,19TH AVN & HERMAN ST,NASHVILLE,TN,37208,5355,NORTH,36.1636,-86.805,POINT (-86.805 36.1636)
20190093721,02/04/2019 01:11:00 PM,2,1,0,,N,109534,11,Front to Rear,21,CLEAR,1,DAYLIGHT,12,MOTOR VEHICLE IN TRANSPORT,MEADOWOOD DR & MCGAVOCK PKE,NASHVILLE,TN,37214,9221,HERMIT,36.188,-86.6751,POINT (-86.6751 36.188)
20190162768,02/28/2019 09:44:00 PM,2,0,0,,N,110090,5,SIDESWIPE - SAME DIRECTION,21,CLEAR,3,DARK - LIGHTED,12,MOTOR VEHICLE IN TRANSPORT,MM 59 0 I 24,ANTIOCH,TN,37013,8808,SOUTH,36.049,-86.6651,POINT (-86.6651 36.049)
20190076277,01/29/2019 10:45:00 AM,2,0,0,,N,226136,11,Front to Rear,21,CLEAR,1,DAYLIGHT,12,MOTOR VEHICLE IN TRANSPORT,WEDGEWOOD AV & 10TH AVS,NASHVILLE,TN,37203,6913,MIDTOW,36.1349,-86.7849,POINT (-86.7849 36.1349)
20190501670,07/03/2019 01:15:00 PM,2,1,0,,N,420035,11,Front to Rear,22,CLOUDY,1,DAYLIGHT,12,MOTOR VEHICLE IN TRANSPORT,STATE RT 45 & BURWOOD AV,MADISON,TN,37115,1703,MADISO,36.2639,-86.7021,POINT (-86.7021 36.2639)
20190410246,05/29/2019 01:18:00 PM,2,0,0,,N,226673,11,Front to Rear,21,CLEAR,1,DAYLIGHT,12,MOTOR VEHICLE IN TRANSPORT,MM 48 9 I 24,NASHVILLE,TN,37213,1104,CENTRA,36.1676,-86.7656,POINT (-86.7656 36.1676)
20190262770,04/05/2019 12:50:00 PM,2,0,0,,N,226673,4,ANGLE,22,CLOUDY,1,DAYLIGHT,12,MOTOR VEHICLE IN TRANSPORT,12TH AVN & CLINTON ST,NASHVILLE,TN,37203,5423,NORTH,36.1652,-86.795,POINT (-86.795 36.1652)
20190059012,01/23/2019 08:00:00 AM,3,1,0,,N,414668,4,ANGLE,2,RAIN,1,DAYLIGHT,12,MOTOR VEHICLE IN TRANSPORT,MM 86 6 I 65,NASHVILLE,TN,37207,3002,NORTH,36.1959,-86.7761,POINT (-86.7761 36.1959)
20190040517,01/16/2019 08:10:00 AM,3,0,0,,N,665896,4,ANGLE,22,CLOUDY,1,DAYLIGHT,12,MOTOR VEHICLE IN TRANSPORT,GALLATIN AV & EASTLAND AV,NASHVILLE,TN,37206,1243,EAST,36.1838,-86.7484,POINT (-86.7484 36.1838)
20190483694,06/26/2019 04:38:00 PM,2,0,0,,N,240957,4,ANGLE,22,CLOUDY,1,DAYLIGHT,12,MOTOR VEHICLE IN TRANSPORT,CLOVERLAND DR & EDMONDSON PKE,BRENTWOOD,TN,37027,8621,MIDTOW,36.0572,-86.7353,POINT (-86.7353 36.0572)
20190357585,05/09/2019 11:14:00 PM,1,3,0,,N,212321,0,NOT COLLISION W/MOTOR VEHICLE-TRANSPORT,22,CLOUDY,2,DARK - NOT LIGHTED,36,CONCRETE TRAFFIC BARRIER,I24 E EXT RAMP & I 24,NASHVILLE,TN,37207,30080,NORTH,36.2378,-86.7872,POINT (-86.7872 36.2378)
20190510640,07/07/2019 04:23:00 PM,2,2,0,,N,299257,11,Front to Rear,21,CLEAR,1,DAYLIGHT,12,MOTOR VEHICLE IN TRANSPORT,MM 5 9 I 440,NASHVILLE,TN,37204,83062,MIDTOW,36.1215,-86.7578,POINT (-86.7578 36.1215)
20190415588,05/31/2019 08:39:00 AM,4,2,0,,N,834798,11,Front to Rear,21,CLEAR,1,DAYLIGHT,12,MOTOR VEHICLE IN TRANSPORT,I440 E ENT RAMP & I 440,NASHVILLE,TN,37205,6007,WEST,36.1346,-86.8203,POINT (-86.8203 36.1346)
20190438636,06/09/2019 11:00:00 AM,2,0,0,,N,405391,11,Front to Rear,21,CLEAR,1,DAYLIGHT,12,MOTOR VEHICLE IN TRANSPORT,I40 E EXT RAMP & I 40,NASHVILLE,TN,37214,8955,HERMIT,36.155,-86.6271,POINT (-86.6271 36.155)
20190391171,05/22/2019 12:49:00 PM,2,4,0,,N,876581,4,ANGLE,21,CLEAR,1,DAYLIGHT,12,MOTOR VEHICLE IN TRANSPORT,STATE RT 45 & RIO VISTA DR,MADISON,TN,37115,1705,MADISO,36.2628,-86.681,POINT (-86.681 36.2628)
20190351862,05/07/2019 10:46:00 PM,2,0,0,,N,256377,5,SIDESWIPE - SAME DIRECTION,21,CLEAR,3,DARK - LIGHTED,12,MOTOR VEHICLE IN TRANSPORT,DONELSON PKE & DONELSON PKE S ENT RAMP,NASHVILLE,TN,37214,8953,HERMIT,36.1265,-86.6652,POINT (-86.6652 36.1265)
20190150528,02/24/2019 08:04:00 PM,2,0,0,,Y,419972,4,ANGLE,21,CLEAR,3,DARK - LIGHTED,12,MOTOR VEHICLE IN TRANSPORT,HARDING PKE & MONTGOMERY BELL AV,NASHVILLE,TN,37205,6019,WEST,36.13,-86.8387,POINT (-86.8387 36.13)
20190226399,03/23/2019 03:00:00 PM,2,0,0,,N,212330,4,ANGLE,21,CLEAR,1,DAYLIGHT,12,MOTOR VEHICLE IN TRANSPORT,LAWNDALE DR & EAST THOMPSON LN,NASHVILLE,TN,37211,8803,SOUTH,36.1223,-86.7176,POINT (-86.7176 36.1223)
20190480011,06/25/2019 11:55:00 AM,2,0,0,,Y,299264,11,Front to Rear,21,CLEAR,1,DAYLIGHT,12,MOTOR VEHICLE IN TRANSPORT,1 WEDGEWOOD AV,NASHVILLE,TN,37204,8025,MIDTOW,36.1324,-86.7662,POINT (-86.7662 36.1324)
20190170505,03/04/2019 06:57:00 AM,2,0,0,,N,716886,5,SIDESWIPE - SAME DIRECTION,21,CLEAR,1,DAYLIGHT,12,MOTOR VEHICLE IN TRANSPORT,ANTIOCH PKE & PERIMETER HILL DR,NASHVILLE,TN,37211,8889,SOUTH,36.0859,-86.6911,POINT (-86.6911 36.0859)
20190155856,02/26/2019 01:35:00 PM,2,1,0,,Y,716886,5,SIDESWIPE - SAME DIRECTION,21,CLEAR,1,DAYLIGHT,12,MOTOR VEHICLE IN TRANSPORT,MM 53 8 I 24,NASHVILLE,TN,37211,8402,SOUTH,36.1083,-86.7209,POINT (-86.7209 36.1083)
20190037187,01/15/2019 07:21:00 AM,2,0,0,,N,716886,5,SIDESWIPE - SAME DIRECTION,21,CLEAR,4,DAWN,12,MOTOR VEHICLE IN TRANSPORT,MM 56 8 I 24,NASHVILLE,TN,37211,8810,SOUTH,36.0721,-86.6914,POINT (-86.6914 36.0721)
20190361853,05/11/2019 03:44:00 PM,2,1,0,,N,311334,11,Front to Rear,2,RAIN,1,DAYLIGHT,12,MOTOR VEHICLE IN TRANSPORT,2ND AVS & KOREAN VETERANS BLVD,NASHVILLE,TN,37201,4047,CENTRA,36.1576,-86.7724,POINT (-86.7724 36.1576)
20190281386,04/12/2019 10:50:00 AM,3,0,0,,Y,352204,11,Front to Rear,22,CLOUDY,1,DAYLIGHT,12;14,MOTOR VEHICLE IN TRANSPORT;PARKED MOTOR VEHICLE,BELMONT BLVD & DALLAS AV,NASHVILLE,TN,37212,6505,MIDTOW,36.1235,-86.7945,POINT (-86.7945 36.1235)
20190021438,01/09/2019 09:00:00 AM,3,0,0,,N,716877,11,Front to Rear,21,CLEAR,1,DAYLIGHT,12,MOTOR VEHICLE IN TRANSPORT,I24 E ENT RAMP & I 24,NASHVILLE,TN,37213,1007,CENTRA,36.1662,-86.7659,POINT (-86.7659 36.1662)
20190205693,03/16/2019 12:25:00 PM,4,0,0,,N,311331,5,SIDESWIPE - SAME DIRECTION,21,CLEAR,1,DAYLIGHT,12,MOTOR VEHICLE IN TRANSPORT,DICKERSON PKE & E TRINITY LN,NASHVILLE,TN,37207,1861,EAST,36.2055,-86.7684,POINT (-86.7684 36.2055)
20190116797,02/12/2019 06:07:00 PM,3,1,0,,N,330445,11,Front to Rear,21,CLEAR,3,DARK - LIGHTED,12,MOTOR VEHICLE IN TRANSPORT,MM 210 7 I 40,NASHVILLE,TN,37210,8202,HERMIT,36.1532,-86.7644,POINT (-86.7644 36.1532)
20190446988,06/12/2019 01:55:00 PM,2,0,0,,Y,279224,4,ANGLE,21,CLEAR,1,DAYLIGHT,12,MOTOR VEHICLE IN TRANSPORT,BRILEY PKWYW & BRILEY PKWY W ENT RAMP,MADISON,TN,37115,1594,MADISO,36.2363,-86.7274,POINT (-86.7274 36.2363)
20190424999,06/04/2019 06:47:00 AM,2,0,0,,N,109534,11,Front to Rear,21,CLEAR,1,DAYLIGHT,12,MOTOR VEHICLE IN TRANSPORT,LEBANON PKE & BIG HORN DR,HERMITAGE,TN,37076,9525,HERMIT,36.1676,-86.7787,POINT (-86.7787 36.1676)
20190558297,07/26/2019 05:49:00 PM,2,0,0,,N,134871,4,ANGLE,21,CLEAR,1,DAYLIGHT,12,MOTOR VEHICLE IN TRANSPORT,COWAN ST & I24 E ENT RAMP,NASHVILLE,TN,37207,1957,CENTRA,36.1877,-86.7777,POINT (-86.7777 36.1877)
20190158688,02/27/2019 12:55:00 PM,2,0,0,,N,594473,11,Front to Rear,21,CLEAR,1,DAYLIGHT,12,MOTOR VEHICLE IN TRANSPORT,NOLENSVILLE PKE & HOLT RD,ANTIOCH,TN,37013,8759,SOUTH,36.0126,-86.7037,POINT (-86.7037 36.0126)
20190361681,05/11/2019 01:25:00 PM,3,1,0,,N,591933,11,Front to Rear,2,RAIN,1,DAYLIGHT,12,MOTOR VEHICLE IN TRANSPORT,MM 51 3 I 24,NASHVILLE,TN,37210,8102,SOUTH,36.137,-86.7273,POINT (-86.7273 36.137)
20190218509,03/20/2019 11:10:00 PM,2,0,0,,Y,212335,4,ANGLE,22,CLOUDY,3,DARK - LIGHTED,12,MOTOR VEHICLE IN TRANSPORT,CHURCH ST & 3RD AVN,NASHVILLE,TN,37201,4137,CENTRA,36.1642,-86.7777,POINT (-86.7777 36.1642)
20190314976,04/24/2019 03:04:00 AM,1,0,0,,N,330444,0,NOT COLLISION W/MOTOR VEHICLE-TRANSPORT,22,CLOUDY,2,DARK - NOT LIGHTED,1;64,Ran Off Road-Left,LAWNDALE DR & EAST THOMPSON LN,NASHVILLE,TN,37211,8803,SOUTH,36.1223,-86.7176,POINT (-86.7176 36.1223)
20190471547,06/21/2019 04:10:00 PM,2,1,0,,N,299238,4,ANGLE,21,CLEAR,1,DAYLIGHT,12,MOTOR VEHICLE IN TRANSPORT,DICKERSON PKE & BROADMOOR DR,NASHVILLE,TN,37207,1811,EAST,36.2294,-86.7593,POINT (-86.7593 36.2294)
20190485469,06/27/2019 08:37:00 AM,2,0,0,,N,462474,11,Front to Rear,21,CLEAR,1,DAYLIGHT,12,MOTOR VEHICLE IN TRANSPORT,MM 76 5 I 65,NASHVILLE,TN,37220,71040,MIDTOW,36.0639,-86.7716,POINT (-86.7716 36.0639)
20190441575,06/10/2019 04:27:00 PM,2,3,0,,N,256383,4,ANGLE,21,CLEAR,1,DAYLIGHT,12,MOTOR VEHICLE IN TRANSPORT,MURFREESBORO PKE & FOREST VIEW DR,ANTIOCH,TN,37013,8865,SOUTH,36.0674,-86.6313,POINT (-86.6313 36.0674)
20190295907,04/17/2019 01:28:00 PM,2,2,0,,N,224437,4,ANGLE,21,CLEAR,1,DAYLIGHT,12,MOTOR VEHICLE IN TRANSPORT,3700 NOLENSVILLE PKE,NASHVILLE,TN,37211,8435,SOUTH,36.0928,-86.7353,POINT (-86.7353 36.0928)
20190178394,03/06/2019 03:00:00 PM,1,1,0,,N,197047,0,NOT COLLISION W/MOTOR VEHICLE-TRANSPORT,21,CLEAR,1,DAYLIGHT,30,UTILITY POLE,ROSEBANK AV & PORTER RD,NASHVILLE,TN,37206,1375,EAST,36.1874,-86.7297,POINT (-86.7297 36.1874)
20190331563,04/30/2019 09:42:00 AM,2,0,0,,N,474557,4,ANGLE,21,CLEAR,1,DAYLIGHT,12,MOTOR VEHICLE IN TRANSPORT,HARDING PL & HARDING MALL DR,NASHVILLE,TN,37211,8705,SOUTH,36.0804,-86.7218,POINT (-86.7218 36.0804)
20190118493,02/13/2019 06:13:00 AM,1,0,0,,N,226175,0,NOT COLLISION W/MOTOR VEHICLE-TRANSPORT,21,CLEAR,5,DUSK,24,GUARDRAIL FACE,HIGHWAY 70S & CHARLOTTE PKE,NASHVILLE,TN,37221,4709,WEST,36.0917,-86.9812,POINT (-86.9812 36.0917)
20190253206,04/02/2019 07:25:00 AM,2,0,0,,N,226136,4,ANGLE,22,CLOUDY,1,DAYLIGHT,12,MOTOR VEHICLE IN TRANSPORT,LEALAND LN & BATTERY LN,NASHVILLE,TN,37220,7105,MIDTOW,36.0883,-86.791,POINT (-86.791 36.0883)
20190242407,03/29/2019 01:17:00 AM,1,1,0,Y,N,311341,0,NOT COLLISION W/MOTOR VEHICLE-TRANSPORT,21,CLEAR,3,DARK - LIGHTED,1;30,UTILITY POLE,OBRIEN AV & WHITE BRIDGE PKE,NASHVILLE,TN,37209,5035,WEST,36.1507,-86.8583,POINT (-86.8583 36.1507)
20190052232,01/20/2019 09:41:00 PM,1,0,0,,N,320597,0,NOT COLLISION W/MOTOR VEHICLE-TRANSPORT,4,SNOW,2,DARK - NOT LIGHTED,42,TREE,HICKORY HOLLOW PKWY & MT VIEW RD,ANTIOCH,TN,37013,8859,SOUTH,36.0588,-86.6703,POINT (-86.6703 36.0588)
20190062916,01/24/2019 02:10:00 PM,2,0,0,,N,716886,11,Front to Rear,21,CLEAR,1,DAYLIGHT,12,MOTOR VEHICLE IN TRANSPORT,MURFREESBORO PKE & MURFREESBORO PKE EXT,NASHVILLE,TN,37217,8801,SOUTH,36.136,-86.7254,POINT (-86.7254 36.136)
20190453449,06/14/2019 06:10:00 PM,2,0,0,,N,163667,11,Front to Rear,21,CLEAR,1,DAYLIGHT,12,MOTOR VEHICLE IN TRANSPORT,I65 S ENT RAMP & I 65,NASHVILLE,TN,37207,3007,NORTH,36.2057,-86.778,POINT (-86.778 36.2057)
20190291633,04/16/2019 08:50:00 AM,2,0,0,,N,320601,4,ANGLE,21,CLEAR,1,DAYLIGHT,12,MOTOR VEHICLE IN TRANSPORT,NOLENSVILLE PKE & YELTON CT,NASHVILLE,TN,37211,8435,SOUTH,36.0911,-86.7348,POINT (-86.7348 36.0911)
20190194278,03/12/2019 09:48:00 AM,2,0,0,,Y,256379,11,Front to Rear,21,CLEAR,1,DAYLIGHT,14,PARKED MOTOR VEHICLE,MERRY OAKS DR & SPRINGVIEW DR,NASHVILLE,TN,37214,9123,HERMIT,36.1549,-86.6832,POINT (-86.6832 36.1549)
20190397560,05/24/2019 01:38:00 PM,2,1,0,,N,462474,5,SIDESWIPE - SAME DIRECTION,21,CLEAR,1,DAYLIGHT,12,MOTOR VEHICLE IN TRANSPORT,OLD HICKORY BLVD & CLOVERLAND DR,BRENTWOOD,TN,37027,8619,MIDTOW,36.0403,-86.7684,POINT (-86.7684 36.0403)
20190049476,01/19/2019 01:35:00 PM,2,0,0,,N,226306,11,Front to Rear,2,RAIN,98,OTHER,12,MOTOR VEHICLE IN TRANSPORT,SAWYER BROWN RD & HIGHWAY 70S,NASHVILLE,TN,37221,4811,WEST,36.0768,-86.9453,POINT (-86.9453 36.0768)
20190186871,03/09/2019 02:19:00 PM,2,2,0,,N,206676,16,Rear to Side,2,RAIN,1,DAYLIGHT,12,MOTOR VEHICLE IN TRANSPORT,SPRINGFIELD HWY & WILLIAMSON RD,GOODLETTSVILLE,TN,37072,2219,MADISO,36.3575,-86.7248,POINT (-86.7248 36.3575)
20190217232,03/20/2019 01:45:00 PM,2,1,0,,N,402660,11,Front to Rear,21,CLEAR,1,DAYLIGHT,12,MOTOR VEHICLE IN TRANSPORT,WATTS LN & CHARLOTTE PKE,NASHVILLE,TN,37209,5025,WEST,36.1441,-86.8731,POINT (-86.8731 36.1441)
20190372141,05/15/2019 02:05:00 PM,1,2,0,Y,N,591933,0,NOT COLLISION W/MOTOR VEHICLE-TRANSPORT,22,CLOUDY,1,DAYLIGHT,42,TREE,BARNES RD & BARNES COVE DR,ANTIOCH,TN,37013,8759,SOUTH,36.0297,-86.7037,POINT (-86.7037 36.0297)
20190496192,07/01/2019 05:23:00 PM,2,0,0,,N,320585,11,Front to Rear,21,CLEAR,1,DAYLIGHT,12,MOTOR VEHICLE IN TRANSPORT,MM 210 7 I 40,NASHVILLE,TN,37210,8202,HERMIT,36.1532,-86.7644,POINT (-86.7644 36.1532)
20190309903,04/22/2019 05:45:00 PM,2,0,0,,N,352184,11,Front to Rear,21,CLEAR,1,DAYLIGHT,12,MOTOR VEHICLE IN TRANSPORT,MM 211 5 I 40,NASHVILLE,TN,37210,8204,HERMIT,36.1514,-86.7517,POINT (-86.7517 36.1514)
20190460284,06/17/2019 06:00:00 PM,3,0,0,,Y,197068,11,Front to Rear,2,RAIN,1,DAYLIGHT,12,MOTOR VEHICLE IN TRANSPORT,I24 W EXT RAMP & SPRING ST,NASHVILLE,TN,37207,1979,EAST,36.1768,-86.7722,POINT (-86.7722 36.1768)
20190184860,03/08/2019 05:42:00 PM,2,0,0,,N,299266,4,ANGLE,2,RAIN,3,DARK - LIGHTED,12,MOTOR VEHICLE IN TRANSPORT,MURFREESBORO PKE & FOOTHILL DR,NASHVILLE,TN,37217,8801,SOUTH,36.1314,-86.7172,POINT (-86.7172 36.1314)
20190491692,06/29/2019 06:57:00 PM,2,0,0,,N,279211,5,SIDESWIPE - SAME DIRECTION,21,CLEAR,1,DAYLIGHT,12,MOTOR VEHICLE IN TRANSPORT,EWING DR & ANNA CT,NASHVILLE,TN,37207,2001,MADISO,36.2313,-86.7783,POINT (-86.7783 36.2313)
20190228747,03/24/2019 04:46:00 PM,2,1,0,,N,197068,11,Front to Rear,21,CLEAR,1,DAYLIGHT,12,MOTOR VEHICLE IN TRANSPORT,BROADWAY & 1ST AVS,NASHVILLE,TN,37201,4095,CENTRA,36.1622,-86.7744,POINT (-86.7744 36.1622)
20190092010,02/03/2019 11:13:00 PM,3,0,0,,N,309263,5,SIDESWIPE - SAME DIRECTION,21,CLEAR,3,DARK - LIGHTED,12;14,MOTOR VEHICLE IN TRANSPORT;PARKED MOTOR VEHICLE,N 11TH ST & FORREST AV,NASHVILLE,TN,37206,1241,EAST,36.1784,-86.7499,POINT (-86.7499 36.1784)
20190461405,06/18/2019 12:00:00 AM,1,0,0,,Y,468098,0,NOT COLLISION W/MOTOR VEHICLE-TRANSPORT,2,RAIN,2,DARK - NOT LIGHTED,34,DITCH,FRANKLIN LIMESTONE RD & MULLINS RD,ANTIOCH,TN,37013,8899,SOUTH,36.0813,-86.679,POINT (-86.679 36.0813)
20190320047,04/25/2019 05:24:00 PM,2,0,0,,N,179582,11,Front to Rear,21,CLEAR,1,DAYLIGHT,12,MOTOR VEHICLE IN TRANSPORT,MURFREESBORO PKE & BRITISH WOODS DR,NASHVILLE,TN,37217,8853,SOUTH,36.0914,-86.6514,POINT (-86.6514 36.0914)
20190435108,06/07/2019 07:58:00 PM,2,0,0,,Y,240955,4,ANGLE,21,CLEAR,3,DARK - LIGHTED,14;55,PARKED MOTOR VEHICLE;Motor Vehicle-In-Motion Outside Trafficw,MILL CREEK WHITTEMORE GRNWY & CEDARHILL,ANTIOCH,TN,37013,8757,SOUTH,36.0415,-86.711,POINT (-86.711 36.0415)
20190581196,08/05/2019 09:47:00 AM,2,0,0,,N,279116,4,ANGLE,21,CLEAR,1,DAYLIGHT,12,MOTOR VEHICLE IN TRANSPORT,TROUSDALE DR & HARDING PL,NASHVILLE,TN,37211,8507,MIDTOW,36.0823,-86.7582,POINT (-86.7582 36.0823)
20190534747,07/17/2019 02:52:00 PM,2,1,0,,N,206675,4,ANGLE,21,CLEAR,1,DAYLIGHT,12,MOTOR VEHICLE IN TRANSPORT,CHARLOTTE AV & JO JOHNSTON AV,NASHVILLE,TN,37203,5357,NORTH,36.1574,-86.8024,POINT (-86.8024 36.1574)
20190071812,01/27/2019 11:30:00 PM,2,0,0,,Y,256495,9,UNKNOWN,21,CLEAR,3,DARK - LIGHTED,12;14,MOTOR VEHICLE IN TRANSPORT;PARKED MOTOR VEHICLE,23RD AVN & SIMPKINS ST,NASHVILLE,TN,37208,4485,NORTH,36.1855,-86.814,POINT (-86.814 36.1855)
20190289438,04/15/2019 12:00:00 AM,3,0,0,,Y,690942,11,Front to Rear,21,CLEAR,1,DAYLIGHT,12,MOTOR VEHICLE IN TRANSPORT,MM 211 1 I 40,NASHVILLE,TN,37210,8008,HERMIT,36.1539,-86.7571,POINT (-86.7571 36.1539)
20190489396,06/28/2019 05:15:00 PM,1,0,0,,N,717341,0,NOT COLLISION W/MOTOR VEHICLE-TRANSPORT,21,CLEAR,1,DAYLIGHT,41,SHRUBBERY,ANTIOCH PKE & ANTIOCH PKE PVTDR,NASHVILLE,TN,37211,8409,SOUTH,36.099,-86.7146,POINT (-86.7146 36.099)
20190194786,03/12/2019 05:05:00 PM,2,0,0,,N,714641,11,Front to Rear,21,CLEAR,1,DAYLIGHT,12,MOTOR VEHICLE IN TRANSPORT,1ST AVS & KOREAN VETERANS BLVD,NASHVILLE,TN,37201,4051,CENTRA,36.1584,-86.772,POINT (-86.772 36.1584)
20190388189,05/21/2019 01:46:00 PM,2,0,0,,N,134899,2,HEAD-ON,21,CLEAR,1,DAYLIGHT,14,PARKED MOTOR VEHICLE,LIVINGSTON ST & 8TH ST,OLD HICKORY,TN,37138,9611,HERMIT,36.2627,-86.6534,POINT (-86.6534 36.2627)
20190180868,03/07/2019 09:57:00 AM,2,5,1,,N,716886,11,Front to Rear,21,CLEAR,1,DAYLIGHT,12,MOTOR VEHICLE IN TRANSPORT,I24E & I24 W ENT RAMP,NASHVILLE,TN,37210,82061,HERMIT,36.1386,-86.7273,POINT (-86.7273 36.1386)
20190286929,04/14/2019 06:50:00 PM,2,0,0,,N,311333,11,Front to Rear,22,CLOUDY,1,DAYLIGHT,12,MOTOR VEHICLE IN TRANSPORT,CROSSINGS BLVD & MT VIEW RD,ANTIOCH,TN,37013,8863,SOUTH,36.0455,-86.6473,POINT (-86.6473 36.0455)
20190077118,01/29/2019 12:00:00 AM,2,3,0,,N,197070,11,Front to Rear,21,CLEAR,1,DAYLIGHT,12,MOTOR VEHICLE IN TRANSPORT,BUCHANAN ST & DR D B TODD JR BLVD,NASHVILLE,TN,37208,4457,NORTH,36.1801,-86.811,POINT (-86.811 36.1801)
20190166087,03/02/2019 04:15:00 AM,2,0,0,,Y,197053,5,SIDESWIPE - SAME DIRECTION,21,CLEAR,3,DARK - LIGHTED,12,MOTOR VEHICLE IN TRANSPORT,I24 E ENT RAMP & I 24,NASHVILLE,TN,37213,1007,CENTRA,36.1662,-86.7659,POINT (-86.7659 36.1662)