Accident Number,Date and Time,Number of Motor Vehicles,Number of Injuries,Number of Fatalities,Property Damage,Hit and Run,Reporting Officer,Collision Type Code,Collision Type Description,Weather Code,Weather Description,Illumination Code,Illumination Description,Harmful Code,Harmful Code Description,Street Address,City,State,ZIP,RPA,Precinct,Latitude,Longitude,Mapped Location
20190226011,03/23/2019 11:02:00 AM,2,0,0,,N,299243,4,ANGLE,21,CLEAR,1,DAYLIGHT,12,MOTOR VEHICLE IN TRANSPORT,MM 49 1 I 24,NASHVILLE,TN,37206,10040,EAST,36.1647,-86.7634,POINT (-86.7634 36.1647)
20190433333,06/07/2019 04:34:00 AM,1,0,0,Y,N,212334,0,NOT COLLISION W/MOTOR VEHICLE-TRANSPORT,2,RAIN,2,DARK - NOT LIGHTED,30,UTILITY POLE,CLARKSVILLE PKE & ST LAWRENCE DR,JOELTON,TN,37080,3245,NORTH,36.2874,-86.8793,POINT (-86.8793 36.2874)
20190335074,05/01/2019 12:40:00 PM,2,0,0,,N,352198,4,ANGLE,21,CLEAR,1,DAYLIGHT,12,MOTOR VEHICLE IN TRANSPORT,ACKLEN PARK DR & PARK DR,NASHVILLE,TN,37203,5629,MIDTOW,36.1413,-86.818,POINT (-86.818 36.1413)
20190251397,04/01/2019 12:00:00 AM,3,0,0,,Y,256388,11,Front to Rear,21,CLEAR,1,DAYLIGHT,12;13,MOTOR VEHICLE IN TRANSPORT;MOTOR VEHICLE IN TRANSPORT-OTHER ROADWAY,DOUGLAS AV & GALLATIN AV,NASHVILLE,TN,37206,1325,EAST,36.1927,-86.7444,POINT (-86.7444 36.1927)
20190418647,06/01/2019 01:45:00 PM,1,0,0,Y,N,299265,0,NOT COLLISION W/MOTOR VEHICLE-TRANSPORT,21,CLEAR,1,DAYLIGHT,43,OTHER FIXED OBJECTS,MM 94 0 I 65,GOODLETTSVILLE,TN,37072,17061,MADISO,36.2879,-86.7259,POINT (-86.7259 36.2879)
20190399730,05/25/2019 12:00:00 AM,2,0,0,,Y,279122,11,Front to Rear,21,CLEAR,3,DARK - LIGHTED,14,PARKED MOTOR VEHICLE,CREEKWOODN & CREEKWOOD CIR,NASHVILLE,TN,37218,3147,NORTH,36.215,-86.8458,POINT (-86.8458 36.215)
20190519214,07/11/2019 07:42:00 AM,2,1,0,Y,N,716886,5,SIDESWIPE - SAME DIRECTION,21,CLEAR,1,DAYLIGHT,12;24,MOTOR VEHICLE IN TRANSPORT;GUARDRAIL FACE,I24 W ENT RAMP & I 24,NASHVILLE,TN,37206,1009,EAST,36.1666,-86.7638,POINT (-86.7638 36.1666)
20190138586,02/20/2019 11:37:00 AM,1,0,0,Y,N,716886,0,NOT COLLISION W/MOTOR VEHICLE-TRANSPORT,2,RAIN,1,DAYLIGHT,43,OTHER FIXED OBJECTS,NASHBORO BLVD & MURFREESBORO PKE,NASHVILLE,TN,37217,8935,HERMIT,36.0884,-86.6478,POINT (-86.6478 36.0884)
20190039054,01/15/2019 07:58:00 PM,2,0,0,,N,134903,4,ANGLE,22,CLOUDY,2,DARK - NOT LIGHTED,12;71,MOTOR VEHICLE IN TRANSPORT;EMBANKMENT EARTH,OLD HICKORY BLVD & DODSON CHAPEL RD,HERMITAGE,TN,37076,9561,HERMIT,36.1835,-86.6108,POINT (-86.6108 36.1835)
20190519958,07/11/2019 01:30:00 PM,1,0,0,Y,Y,352196,0,NOT COLLISION W/MOTOR VEHICLE-TRANSPORT,22,CLOUDY,1,DAYLIGHT,43,OTHER FIXED OBJECTS,2ND AVN & UNION ST EXT RAMP,NASHVILLE,TN,37201,4135,CENTRA,36.1657,-86.7776,POINT (-86.7776 36.1657)
20190234359,03/26/2019 11:02:00 AM,1,0,0,,Y,716886,0,NOT COLLISION W/MOTOR VEHICLE-TRANSPORT,21,CLEAR,1,DAYLIGHT,34,DITCH,GLENROSE AV & OLD GLENROSE AV,NASHVILLE,TN,37210,8355,SOUTH,36.1195,-86.7302,POINT (-86.7302 36.1195)
20190283192,04/13/2019 01:50:00 AM,2,0,0,,Y,279216,5,SIDESWIPE - SAME DIRECTION,21,CLEAR,3,DARK - LIGHTED,12,MOTOR VEHICLE IN TRANSPORT,BRICK CHURCH PKE & FERN AV,NASHVILLE,TN,37207,3003,NORTH,36.1962,-86.7767,POINT (-86.7767 36.1962)
20190061871,01/24/2019 06:33:00 AM,1,0,0,,N,226622,0,NOT COLLISION W/MOTOR VEHICLE-TRANSPORT,22,CLOUDY,1,DAYLIGHT,42,TREE,OLD CHARLOTTE PKE & BUFFALO RD,NASHVILLE,TN,37209,4707,WEST,36.1175,-86.9661,POINT (-86.9661 36.1175)
20190245162,03/29/2019 11:57:00 PM,2,0,0,,N,620080,4,ANGLE,21,CLEAR,3,DARK - LIGHTED,12,MOTOR VEHICLE IN TRANSPORT,RANSOM PL & MURFREESBORO PKE,NASHVILLE,TN,37217,8853,SOUTH,36.0694,-86.6409,POINT (-86.6409 36.0694)
20190207835,03/17/2019 12:49:00 PM,2,0,0,,N,834798,5,SIDESWIPE - SAME DIRECTION,21,CLEAR,1,DAYLIGHT,12,MOTOR VEHICLE IN TRANSPORT,THOMPSON LN & BRANSFORD AV,NASHVILLE,TN,37204,8525,MIDTOW,36.1123,-86.767,POINT (-86.767 36.1123)
20190531422,07/16/2019 10:55:00 AM,2,0,0,,N,311804,4,ANGLE,21,CLEAR,1,DAYLIGHT,12,MOTOR VEHICLE IN TRANSPORT,I40 W EXT RAMP & I 40,NASHVILLE,TN,37203,4119,CENTRA,36.1574,-86.79,POINT (-86.79 36.1574)
20190273610,04/09/2019 05:33:00 PM,2,0,0,,N,109536,4,ANGLE,21,CLEAR,1,DAYLIGHT,12,MOTOR VEHICLE IN TRANSPORT,BRILEY PKWY E EXT RAMP & DICKERSON PKE,NASHVILLE,TN,37207,2029,MADISO,36.2408,-86.7578,POINT (-86.7578 36.2408)
20190347394,05/06/2019 01:00:00 PM,2,0,0,,N,665896,4,ANGLE,21,CLEAR,1,DAYLIGHT,12,MOTOR VEHICLE IN TRANSPORT,RIVERSIDE DR & MCGAVOCK PKE,NASHVILLE,TN,37216,1437,EAST,36.2048,-86.7244,POINT (-86.7244 36.2048)
20190348783,05/07/2019 12:00:00 AM,1,1,0,,N,161945,0,NOT COLLISION W/MOTOR VEHICLE-TRANSPORT,21,CLEAR,2,DARK - NOT LIGHTED,42,TREE,MM 75 2 I 65,NASHVILLE,TN,37220,71040,MIDTOW,36.0464,-86.7779,POINT (-86.7779 36.0464)
20190130800,02/17/2019 07:54:00 PM,1,0,0,,N,279225,0,NOT COLLISION W/MOTOR VEHICLE-TRANSPORT,2,RAIN,2,DARK - NOT LIGHTED,18,OTHER OBJECT (NOT FIXED),MM 215 0 I 40,NASHVILLE,TN,37214,91021,HERMIT,36.1444,-86.6948,POINT (-86.6948 36.1444)
20190083892,01/31/2019 03:50:00 PM,2,1,0,Y,N,256423,98,OTHER,21,CLEAR,1,DAYLIGHT,12,MOTOR VEHICLE IN TRANSPORT,W TRINITY LN & YOUNGS LN,NASHVILLE,TN,37218,3101,NORTH,36.2043,-86.8178,POINT (-86.8178 36.2043)
20190079340,01/30/2019 07:47:00 AM,2,0,0,,N,405391,4,ANGLE,4,SNOW,1,DAYLIGHT,12,MOTOR VEHICLE IN TRANSPORT,CABOT DR & CHARLOTTE PKE,NASHVILLE,TN,37209,4677,WEST,36.1301,-86.9008,POINT (-86.9008 36.1301)
20190213723,03/19/2019 01:15:00 PM,2,0,0,,N,665896,5,SIDESWIPE - SAME DIRECTION,21,CLEAR,1,DAYLIGHT,12,MOTOR VEHICLE IN TRANSPORT,GALLATIN AV & CHICAMAUGA AV,NASHVILLE,TN,37206,1301,EAST,36.1843,-86.7482,POINT (-86.7482 36.1843)
20190561807,07/28/2019 10:10:00 AM,2,0,0,,Y,429185,16,Rear to Side,21,CLEAR,1,DAYLIGHT,14,PARKED MOTOR VEHICLE,5771 OLD HICKORY BLVD,HERMITAGE,TN,37076,9529,HERMIT,36.1726,-86.6021,POINT (-86.6021 36.1726)
20190260500,04/04/2019 05:12:00 PM,2,2,0,,N,256439,11,Front to Rear,21,CLEAR,1,DAYLIGHT,12,MOTOR VEHICLE IN TRANSPORT,BRILEY PKWYN & MUSIC VALLEY DR,NASHVILLE,TN,37214,92860,HERMIT,36.2225,-86.6937,POINT (-86.6937 36.2225)
20190299701,04/18/2019 04:57:00 PM,3,1,0,,N,197054,11,Front to Rear,21,CLEAR,1,DAYLIGHT,12,MOTOR VEHICLE IN TRANSPORT,MM 214 5 I 40,NASHVILLE,TN,37217,88022,HERMIT,36.1434,-86.7031,POINT (-86.7031 36.1434)
20190429858,06/05/2019 09:59:00 PM,2,0,0,,N,240981,16,Rear to Side,21,CLEAR,3,DARK - LIGHTED,14,PARKED MOTOR VEHICLE,CHAPEL AV & EASTLAND AV,NASHVILLE,TN,37206,1315,EAST,36.1828,-86.7357,POINT (-86.7357 36.1828)
20190033907,01/14/2019 03:40:00 AM,2,1,0,,N,320591,11,Front to Rear,21,CLEAR,3,DARK - LIGHTED,12,MOTOR VEHICLE IN TRANSPORT,MM 53 9 I 24,NASHVILLE,TN,37211,88122,SOUTH,36.1073,-86.7197,POINT (-86.7197 36.1073)
20190344006,05/05/2019 12:20:00 AM,1,0,0,Y,N,298859,0,NOT COLLISION W/MOTOR VEHICLE-TRANSPORT,2,RAIN,3,DARK - LIGHTED,24,GUARDRAIL FACE,I40 E ENT RAMP & I 40,NASHVILLE,TN,37205,4903,WEST,36.1109,-86.922,POINT (-86.922 36.1109)
20190033136,01/13/2019 09:11:00 PM,2,0,0,,Y,320585,11,Front to Rear,21,CLEAR,2,DARK - NOT LIGHTED,12,MOTOR VEHICLE IN TRANSPORT,STEWARTS FERRY PKE & I40 W ENT RAMP,NASHVILLE,TN,37214,9413,HERMIT,36.1566,-86.6319,POINT (-86.6319 36.1566)
20190186865,03/09/2019 02:47:00 PM,1,1,0,,N,240979,0,NOT COLLISION W/MOTOR VEHICLE-TRANSPORT,2,RAIN,1,DAYLIGHT,39,WALL,BRILEY PKWYW & BRILEY PKWYE,NASHVILLE,TN,37218,3216,NORTH,36.2254,-86.8638,POINT (-86.8638 36.2254)
20190526960,07/14/2019 04:22:00 PM,2,0,0,,N,405418,11,Front to Rear,22,CLOUDY,1,DAYLIGHT,12,MOTOR VEHICLE IN TRANSPORT,OLD HICKORY BLVD & COPPERFIELD WAY,BRENTWOOD,TN,37027,8621,MIDTOW,36.0417,-86.7486,POINT (-86.7486 36.0417)
20190015635,01/07/2019 06:23:00 AM,2,0,0,,Y,716886,11,Front to Rear,21,CLEAR,4,DAWN,12,MOTOR VEHICLE IN TRANSPORT,HICKORY HOLLOW PKWY & BELL RD,ANTIOCH,TN,37013,8871,SOUTH,36.0475,-86.656,POINT (-86.656 36.0475)
20190514742,07/09/2019 02:52:00 PM,1,0,0,,N,342952,0,NOT COLLISION W/MOTOR VEHICLE-TRANSPORT,21,CLEAR,1,DAYLIGHT,17,BOULDER,MM 57 3 I 24,ANTIOCH,TN,37013,88080,SOUTH,36.0663,-86.6861,POINT (-86.6861 36.0663)
20190353036,05/08/2019 09:05:00 AM,2,0,0,,N,591936,11,Front to Rear,21,CLEAR,1,DAYLIGHT,12,MOTOR VEHICLE IN TRANSPORT,I440 ENT RAMP & I 65,NASHVILLE,TN,37204,7018,MIDTOW,36.1117,-86.7713,POINT (-86.7713 36.1117)
20190362431,05/11/2019 09:17:00 PM,2,0,0,,Y,834802,4,ANGLE,22,CLOUDY,3,DARK - LIGHTED,12,MOTOR VEHICLE IN TRANSPORT,INTERSTATE DR & WOODLAND ST,NASHVILLE,TN,37213,1105,CENTRA,36.1705,-86.7684,POINT (-86.7684 36.1705)
20190031114,01/12/2019 08:59:00 PM,2,0,0,,Y,693098,6,SIDESWIPE - OPPOSITE DIRECTION,22,CLOUDY,3,DARK - LIGHTED,12,MOTOR VEHICLE IN TRANSPORT,CHARLOTTE PKE & LELLYETT ST,NASHVILLE,TN,37209,5025,WEST,36.1489,-86.8645,POINT (-86.8645 36.1489)
20190422768,06/03/2019 12:04:00 PM,2,0,0,,Y,594473,11,Front to Rear,21,CLEAR,1,DAYLIGHT,12,MOTOR VEHICLE IN TRANSPORT,FRANKLIN PKE & OLD HICKORY BLVD,NASHVILLE,TN,37220,7111,MIDTOW,36.0377,-86.7865,POINT (-86.7865 36.0377)
20190282670,04/12/2019 12:00:00 AM,2,0,0,,Y,240976,5,SIDESWIPE - SAME DIRECTION,21,CLEAR,2,DARK - NOT LIGHTED,12;14,MOTOR VEHICLE IN TRANSPORT;PARKED MOTOR VEHICLE,W EASTLAND AV & N 9TH ST,NASHVILLE,TN,37206,1925,EAST,36.1853,-86.7582,POINT (-86.7582 36.1853)
20190557975,07/26/2019 03:54:00 PM,3,2,0,,N,405418,11,Front to Rear,21,CLEAR,1,DAYLIGHT,12,MOTOR VEHICLE IN TRANSPORT,MT PISGAH RD & EDMONDSON PKE,BRENTWOOD,TN,37027,8623,MIDTOW,36.0243,-86.7424,POINT (-86.7424 36.0243)
20190007090,01/03/2019 03:50:00 PM,2,0,0,,Y,298860,11,Front to Rear,21,CLEAR,1,DAYLIGHT,12,MOTOR VEHICLE IN TRANSPORT,OLD HICKORY BLVD & CENTRAL PKE,HERMITAGE,TN,37076,9557,HERMIT,36.1676,-86.7787,POINT (-86.7787 36.1676)
20190575804,08/02/2019 08:36:00 PM,2,0,0,,N,256444,11,Front to Rear,2,RAIN,3,DARK - LIGHTED,12,MOTOR VEHICLE IN TRANSPORT,MM 212 3 I 40,NASHVILLE,TN,37210,8206,HERMIT,36.1447,-86.7399,POINT (-86.7399 36.1447)
20190302326,04/19/2019 03:40:00 PM,3,2,0,,N,299267,11,Front to Rear,2,RAIN,1,DAYLIGHT,12,MOTOR VEHICLE IN TRANSPORT,MM 209 0 I 40,NASHVILLE,TN,37203,4104,CENTRA,36.1574,-86.7903,POINT (-86.7903 36.1574)
20190030056,01/12/2019 12:00:00 AM,1,0,0,Y,Y,330444,0,NOT COLLISION W/MOTOR VEHICLE-TRANSPORT,99,UNKNOWN,9,UNKNOWN,34,DITCH,2800 OLD MATTHEWS RD,NASHVILLE,TN,37207,3039,NORTH,36.217,-86.7942,POINT (-86.7942 36.217)
20190080746,01/30/2019 03:30:00 PM,2,0,0,,Y,206964,11,Front to Rear,21,CLEAR,1,DAYLIGHT,12,MOTOR VEHICLE IN TRANSPORT,MURFREESBORO PKE & NASHBORO BLVD,ANTIOCH,TN,37013,8891,SOUTH,36.0869,-86.6487,POINT (-86.6487 36.0869)
20190476723,06/24/2019 07:56:00 AM,1,0,0,,N,279113,0,NOT COLLISION W/MOTOR VEHICLE-TRANSPORT,2,RAIN,1,DAYLIGHT,42,TREE,ANDREW JACKSON PKWY & RACHEL DONELSON PA,HERMITAGE,TN,37076,9533,HERMIT,36.2,-86.6081,POINT (-86.6081 36.2)
20190119342,02/13/2019 12:14:00 PM,2,1,0,,N,620067,0,NOT COLLISION W/MOTOR VEHICLE-TRANSPORT,21,CLEAR,1,DAYLIGHT,12;39,MOTOR VEHICLE IN TRANSPORT;WALL,MM 55 0 I 24,NASHVILLE,TN,37211,8812,SOUTH,36.0948,-86.7069,POINT (-86.7069 36.0948)
20190130527,02/17/2019 06:23:00 PM,2,0,0,,Y,579971,11,Front to Rear,2,RAIN,3,DARK - LIGHTED,12,MOTOR VEHICLE IN TRANSPORT,BELL RD & RICE RD,ANTIOCH,TN,37013,8865,SOUTH,36.0731,-86.6358,POINT (-86.6358 36.0731)
20190292558,04/16/2019 03:20:00 PM,2,0,0,,N,256380,11,Front to Rear,21,CLEAR,1,DAYLIGHT,12,MOTOR VEHICLE IN TRANSPORT,I65 N EXT RAMP & I 65,NASHVILLE,TN,37207,1863,EAST,36.2057,-86.7747,POINT (-86.7747 36.2057)
20190284239,04/13/2019 01:30:00 PM,2,0,0,,Y,299238,9,UNKNOWN,22,CLOUDY,1,DAYLIGHT,12;14,MOTOR VEHICLE IN TRANSPORT;PARKED MOTOR VEHICLE,FATHERLAND ST & S 11TH ST,NASHVILLE,TN,37206,1207,EAST,36.1741,-86.7504,POINT (-86.7504 36.1741)
20190106721,02/08/2019 06:47:00 PM,2,0,0,,N,256383,11,Front to Rear,21,CLEAR,3,DARK - LIGHTED,12,MOTOR VEHICLE IN TRANSPORT,MT VIEW RD & BELL FORGE LNE,ANTIOCH,TN,37013,8863,SOUTH,36.0471,-86.648,POINT (-86.648 36.0471)
20190567887,07/30/2019 10:00:00 PM,2,0,0,,N,311343,4,ANGLE,21,CLEAR,3,DARK - LIGHTED,14,PARKED MOTOR VEHICLE,KIRKWOOD AV & 12TH AVS,NASHVILLE,TN,37204,6955,MIDTOW,36.1208,-86.7905,POINT (-86.7905 36.1208)
20190433056,06/07/2019 01:50:00 AM,3,1,0,,N,320590,5,SIDESWIPE - SAME DIRECTION,2,RAIN,3,DARK - LIGHTED,12,MOTOR VEHICLE IN TRANSPORT,MM 86 5 I 65,NASHVILLE,TN,37207,3006,NORTH,36.1946,-86.7762,POINT (-86.7762 36.1946)
20190446107,06/12/2019 06:57:00 AM,3,1,0,,N,306231,11,Front to Rear,22,CLOUDY,1,DAYLIGHT,12,MOTOR VEHICLE IN TRANSPORT,I65 S EXT RAMP & I 65,MADISON,TN,37115,20044,MADISO,36.2481,-86.743,POINT (-86.743 36.2481)
20190523505,07/12/2019 09:41:00 PM,2,0,0,,N,109533,11,Front to Rear,21,CLEAR,3,DARK - LIGHTED,12,MOTOR VEHICLE IN TRANSPORT,MM 52 9 I 24,NASHVILLE,TN,37217,8816,SOUTH,36.1206,-86.7268,POINT (-86.7268 36.1206)
20190226100,03/23/2019 12:07:00 PM,2,0,0,,N,299264,4,ANGLE,21,CLEAR,1,DAYLIGHT,12,MOTOR VEHICLE IN TRANSPORT,FAIRFAX AV & CONVENT PL,NASHVILLE,TN,37212,5901,MIDTOW,36.1344,-86.8037,POINT (-86.8037 36.1344)
20190147296,02/23/2019 09:55:00 AM,1,0,0,Y,N,240952,0,NOT COLLISION W/MOTOR VEHICLE-TRANSPORT,2,RAIN,1,DAYLIGHT,72,EMBANKMENT ROCK/STONE/CONCRETE,HAMILTON CHURCH RD & HOBSON PKE,ANTIOCH,TN,37013,8905,SOUTH,36.0586,-86.5978,POINT (-86.5978 36.0586)
20190102782,02/07/2019 10:28:00 AM,2,0,0,,N,226622,11,Front to Rear,22,CLOUDY,1,DAYLIGHT,12,MOTOR VEHICLE IN TRANSPORT,OLD HICKORY BLVD & CHICKERING RD,NASHVILLE,TN,37221,6215,WEST,36.0505,-86.8767,POINT (-86.8767 36.0505)
20190398102,05/24/2019 05:00:00 PM,2,0,0,,N,299238,4,ANGLE,21,CLEAR,1,DAYLIGHT,12,MOTOR VEHICLE IN TRANSPORT,S 5TH ST & WOODLAND ST,NASHVILLE,TN,37206,1109,EAST,36.1718,-86.7648,POINT (-86.7648 36.1718)
20190299612,04/18/2019 04:08:00 PM,2,0,0,,N,352162,11,Front to Rear,21,CLEAR,1,DAYLIGHT,12,MOTOR VEHICLE IN TRANSPORT,I40 W EXT RAMP & I 40,NASHVILLE,TN,37203,4119,CENTRA,36.1574,-86.79,POINT (-86.79 36.1574)
20190149709,02/24/2019 09:00:00 AM,1,0,0,Y,N,279122,0,NOT COLLISION W/MOTOR VEHICLE-TRANSPORT,21,CLEAR,1,DAYLIGHT,40,MAIL BOX,HILLMORE DR & BUENA VISTA PKE,NASHVILLE,TN,37218,3103,NORTH,36.2149,-86.8205,POINT (-86.8205 36.2149)
20190544880,07/21/2019 12:00:00 AM,3,0,0,,N,279118,11,Front to Rear,21,CLEAR,1,DAYLIGHT,12,MOTOR VEHICLE IN TRANSPORT,I24 E EXT RAMP & I 24,NASHVILLE,TN,37207,30080,NORTH,36.2378,-86.7872,POINT (-86.7872 36.2378)
20190553318,07/24/2019 05:28:00 PM,2,0,0,,N,161946,5,SIDESWIPE - SAME DIRECTION,21,CLEAR,5,DUSK,12,MOTOR VEHICLE IN TRANSPORT,MM 86 5 I 65,NASHVILLE,TN,37207,3006,NORTH,36.1946,-86.7762,POINT (-86.7762 36.1946)
20190139619,02/20/2019 06:40:00 PM,2,0,0,,N,256426,5,SIDESWIPE - SAME DIRECTION,2,RAIN,3,DARK - LIGHTED,12,MOTOR VEHICLE IN TRANSPORT,CENTURY BLVD & MCGAVOCK PKE,NASHVILLE,TN,37214,9115,HERMIT,36.1447,-86.6865,POINT (-86.6865 36.1447)
20190110853,02/10/2019 06:17:00 PM,2,2,0,,N,419972,11,Front to Rear,2,RAIN,3,DARK - LIGHTED,12,MOTOR VEHICLE IN TRANSPORT,WEST END AV & MAYFAIR RD,NASHVILLE,TN,37205,6019,WEST,36.1312,-86.835,POINT (-86.835 36.1312)
20190063569,01/24/2019 07:08:00 PM,2,0,0,,N,320580,4,ANGLE,22,CLOUDY,3,DARK - LIGHTED,13,MOTOR VEHICLE IN TRANSPORT-OTHER ROADWAY,DONELSON PKE & WHITLAND CROSSING DR,NASHVILLE,TN,37214,9409,HERMIT,36.1538,-86.6655,POINT (-86.6655 36.1538)
20190461590,06/18/2019 07:22:00 AM,2,1,0,,N,279230,11,Front to Rear,2,RAIN,1,DAYLIGHT,12,MOTOR VEHICLE IN TRANSPORT,MURFREESBORO PKE & SWEENEY AV,NASHVILLE,TN,37217,8849,SOUTH,36.0954,-86.6545,POINT (-86.6545 36.0954)
20190080166,01/30/2019 12:50:00 PM,2,1,0,,N,226136,11,Front to Rear,21,CLEAR,1,DAYLIGHT,12,MOTOR VEHICLE IN TRANSPORT,LOUISE AV & ELLISTON PL,NASHVILLE,TN,37203,5601,MIDTOW,36.1509,-86.8046,POINT (-86.8046 36.1509)
20190390991,05/22/2019 11:20:00 AM,1,1,0,,N,352202,0,NOT COLLISION W/MOTOR VEHICLE-TRANSPORT,21,CLEAR,1,DAYLIGHT,8,PEDESTRIAN,14TH AVN & CHARLOTTE AV,NASHVILLE,TN,37203,5501,MIDTOW,36.1608,-86.7937,POINT (-86.7937 36.1608)
20190321899,04/26/2019 08:15:00 AM,2,0,0,,N,352172,11,Front to Rear,21,CLEAR,1,DAYLIGHT,12,MOTOR VEHICLE IN TRANSPORT,2ND AVS & LINDSLEY AV,NASHVILLE,TN,37210,4005,CENTRA,36.1524,-86.769,POINT (-86.769 36.1524)
20190187349,03/09/2019 07:27:00 PM,3,0,0,,Y,179606,98,OTHER,2,RAIN,3,DARK - LIGHTED,14,PARKED MOTOR VEHICLE,ALLOWAY ST & RIDLEY BLVD,NASHVILLE,TN,37203,6941,MIDTOW,36.1373,-86.7769,POINT (-86.7769 36.1373)
20190306227,04/21/2019 09:00:00 AM,1,0,0,,N,343522,0,NOT COLLISION W/MOTOR VEHICLE-TRANSPORT,21,CLEAR,1,DAYLIGHT,72,EMBANKMENT ROCK/STONE/CONCRETE,HIGHWAY 100 & OLD HARDING PKE,NASHVILLE,TN,37221,4807,WEST,36.0445,-86.956,POINT (-86.956 36.0445)
20190436481,06/08/2019 10:40:00 AM,1,0,0,Y,N,620057,0,NOT COLLISION W/MOTOR VEHICLE-TRANSPORT,21,CLEAR,1,DAYLIGHT,40;47,MAIL BOX;FIRE HYDRANT,VAILVIEW DR & E VAILVIEW CT,NASHVILLE,TN,37207,2029,MADISO,36.2406,-86.7607,POINT (-86.7607 36.2406)
20190023151,01/09/2019 07:39:00 PM,2,0,0,,Y,256389,4,ANGLE,21,CLEAR,3,DARK - LIGHTED,12,MOTOR VEHICLE IN TRANSPORT,FRANKLIN PKE & TYNE BLVD,NASHVILLE,TN,37220,7101,MIDTOW,36.0752,-86.7735,POINT (-86.7735 36.0752)
20190423543,06/03/2019 06:08:00 PM,2,0,0,,N,256380,4,ANGLE,21,CLEAR,1,DAYLIGHT,12,MOTOR VEHICLE IN TRANSPORT,EXIT 35 & I 24,JOELTON,TN,37080,2309,NORTH,36.3256,-86.867,POINT (-86.867 36.3256)
20190417785,06/01/2019 01:27:00 AM,3,0,0,,Y,299269,5,SIDESWIPE - SAME DIRECTION,21,CLEAR,3,DARK - LIGHTED,12,MOTOR VEHICLE IN TRANSPORT,W TRINITY LN & LIBERIA ST,NASHVILLE,TN,37207,3009,NORTH,36.2077,-86.7856,POINT (-86.7856 36.2077)
20190083644,01/31/2019 02:00:00 PM,2,0,0,,N,226136,11,Front to Rear,22,CLOUDY,1,DAYLIGHT,12,MOTOR VEHICLE IN TRANSPORT,GRANNY WHITE PKE & BATTERY LN,NASHVILLE,TN,37215,6313,MIDTOW,36.0888,-86.8031,POINT (-86.8031 36.0888)
20190566777,07/30/2019 12:55:00 PM,2,0,0,,N,191578,5,SIDESWIPE - SAME DIRECTION,21,CLEAR,1,DAYLIGHT,12,MOTOR VEHICLE IN TRANSPORT,FESSLERS LN & I40 W ENT RAMP,NASHVILLE,TN,37210,9011,HERMIT,36.1478,-86.7435,POINT (-86.7435 36.1478)
20190308223,04/22/2019 06:05:00 AM,2,0,0,,N,660929,11,Front to Rear,21,CLEAR,4,DAWN,12,MOTOR VEHICLE IN TRANSPORT,HARDING PL & DANBY DR,NASHVILLE,TN,37211,8607,MIDTOW,36.0786,-86.7452,POINT (-86.7452 36.0786)
20190153121,02/25/2019 05:35:00 PM,2,2,0,,N,151132,11,Front to Rear,21,CLEAR,1,DAYLIGHT,12,MOTOR VEHICLE IN TRANSPORT,BRILEY PKWY E EXT RAMP & BRICK CHURCH PK,NASHVILLE,TN,37207,2031,MADISO,36.2375,-86.781,POINT (-86.781 36.2375)
20190496082,07/01/2019 03:20:00 PM,2,0,0,,N,151132,11,Front to Rear,21,CLEAR,1,DAYLIGHT,12,MOTOR VEHICLE IN TRANSPORT,DICKERSON PKE ENT RAMP & DICKERSON PKE,MADISON,TN,37115,2009,MADISO,36.242,-86.7568,POINT (-86.7568 36.242)
20190302427,04/19/2019 12:00:00 AM,2,0,0,,N,298861,11,Front to Rear,22,CLOUDY,1,DAYLIGHT,12,MOTOR VEHICLE IN TRANSPORT,MM 215 6 I 40,NASHVILLE,TN,37214,9102,HERMIT,36.1431,-86.6845,POINT (-86.6845 36.1431)
20190394397,05/23/2019 01:10:00 PM,2,0,0,,N,676834,11,Front to Rear,21,CLEAR,1,DAYLIGHT,12,MOTOR VEHICLE IN TRANSPORT,MM 87 6 I 65,NASHVILLE,TN,37207,1804,EAST,36.2107,-86.7758,POINT (-86.7758 36.2107)
20190057346,01/22/2019 05:24:00 PM,2,1,0,,N,267831,11,Front to Rear,22,CLOUDY,3,DARK - LIGHTED,12,MOTOR VEHICLE IN TRANSPORT,MM 2 3 I 440,NASHVILLE,TN,37215,6006,WEST,36.1262,-86.8146,POINT (-86.8146 36.1262)
20190458866,06/17/2019 06:43:00 AM,4,0,0,,Y,279122,11,Front to Rear,21,CLEAR,1,DAYLIGHT,12,MOTOR VEHICLE IN TRANSPORT,MM 39 0 I 24,WHITES CREEK,TN,37189,33181,NORTH,36.2971,-86.8115,POINT (-86.8115 36.2971)
20190417851,06/01/2019 03:05:00 AM,1,0,0,,N,330441,0,NOT COLLISION W/MOTOR VEHICLE-TRANSPORT,21,CLEAR,2,DARK - NOT LIGHTED,12;50,MOTOR VEHICLE IN TRANSPORT;DEER (ANIMAL),MM 78 0 I 65,NASHVILLE,TN,37204,8502,MIDTOW,36.0856,-86.7632,POINT (-86.7632 36.0856)
20190270641,04/08/2019 05:56:00 PM,2,1,0,,Y,279124,4,ANGLE,21,CLEAR,1,DAYLIGHT,12,MOTOR VEHICLE IN TRANSPORT,BELL RD & BRENTRIDGE DR,ANTIOCH,TN,37013,8755,SOUTH,36.0465,-86.6834,POINT (-86.6834 36.0465)