Accident Number,Date and Time,Number of Motor Vehicles,Number of Injuries,Number of Fatalities,Property Damage,Hit and Run,Reporting Officer,Collision Type Code,Collision Type Description,Weather Code,Weather Description,Illumination Code,Illumination Description,Harmful Code,Harmful Code Description,Street Address,City,State,ZIP,RPA,Precinct,Latitude,Longitude,Mapped Location
20190570231,07/31/2019 05:15:00 PM,2,0,0,,N,256427,11,Front to Rear,21,CLEAR,1,DAYLIGHT,12,MOTOR VEHICLE IN TRANSPORT,MCGAVOCK PKE EB ENT RAMP & MCGAVOCK PKE,NASHVILLE,TN,37214,92901,HERMIT,36.2165,-86.6914,POINT (-86.6914 36.2165)
20190385293,05/20/2019 02:00:00 PM,3,1,0,,N,468160,11,Front to Rear,21,CLEAR,1,DAYLIGHT,12,MOTOR VEHICLE IN TRANSPORT,GALLATIN PKES & MOVING CENTER CT,MADISON,TN,37115,1507,MADISO,36.2509,-86.7184,POINT (-86.7184 36.2509)
20190269533,04/08/2019 09:05:00 AM,2,1,0,,N,909494,11,Front to Rear,2,RAIN,1,DAYLIGHT,12,MOTOR VEHICLE IN TRANSPORT,ELLINGTON PKWYS & ELLINGTON PKWY S EXT R,NASHVILLE,TN,37207,18960,EAST,36.1953,-86.7527,POINT (-86.7527 36.1953)
20190000705,01/01/2019 03:18:00 AM,5,0,0,,Y,716886,98,OTHER,21,CLEAR,3,DARK - LIGHTED,14,PARKED MOTOR VEHICLE,APACHE TRL & HICKORY LAKE APTS PVTDR,NASHVILLE,TN,37211,8709,SOUTH,36.0671,-86.6892,POINT (-86.6892 36.0671)
20190123004,02/14/2019 04:09:00 PM,2,1,0,,N,256422,11,Front to Rear,21,CLEAR,1,DAYLIGHT,12,MOTOR VEHICLE IN TRANSPORT,I40 W EXT RAMP & I 40,NASHVILLE,TN,37203,4119,CENTRA,36.1574,-86.79,POINT (-86.79 36.1574)
20190254066,04/02/2019 01:38:00 PM,1,0,0,,N,420059,0,NOT COLLISION W/MOTOR VEHICLE-TRANSPORT,21,CLEAR,1,DAYLIGHT,18,OTHER OBJECT (NOT FIXED),MM 74 7 I 65,NASHVILLE,TN,37220,71040,MIDTOW,36.0415,-86.7825,POINT (-86.7825 36.0415)
20190174213,03/05/2019 10:00:00 AM,2,0,0,,N,462501,5,SIDESWIPE - SAME DIRECTION,21,CLEAR,1,DAYLIGHT,12,MOTOR VEHICLE IN TRANSPORT,2ND AVN & COMMERCE ST,NASHVILLE,TN,37201,4101,CENTRA,36.163,-86.7759,POINT (-86.7759 36.163)
20190145018,02/22/2019 11:30:00 AM,1,1,0,,N,226405,0,NOT COLLISION W/MOTOR VEHICLE-TRANSPORT,2,RAIN,1,DAYLIGHT,8,PEDESTRIAN,330 LESLIE AV,NASHVILLE,TN,37203,5609,MIDTOW,36.1545,-86.808,POINT (-86.808 36.1545)
20190514231,07/09/2019 10:30:00 AM,2,1,0,,N,279230,11,Front to Rear,21,CLEAR,1,DAYLIGHT,12,MOTOR VEHICLE IN TRANSPORT,3000 STATE HWY 171,ANTIOCH,TN,37013,8907,SOUTH,36.0604,-86.5957,POINT (-86.5957 36.0604)
20190411208,05/29/2019 08:32:00 PM,2,1,0,,N,256389,2,HEAD-ON,21,CLEAR,3,DARK - LIGHTED,12,MOTOR VEHICLE IN TRANSPORT,WEDGEWOOD AV & 21ST AVS,NASHVILLE,TN,37212,5825,MIDTOW,36.1376,-86.8008,POINT (-86.8008 36.1376)
20190560865,07/27/2019 10:55:00 PM,2,0,0,,Y,279197,5,SIDESWIPE - SAME DIRECTION,21,CLEAR,3,DARK - LIGHTED,12,MOTOR VEHICLE IN TRANSPORT,MAIN ST & N 10TH ST,NASHVILLE,TN,37206,1939,EAST,36.1781,-86.7517,POINT (-86.7517 36.1781)
20190235352,03/26/2019 06:11:00 PM,1,1,0,,N,345098,0,NOT COLLISION W/MOTOR VEHICLE-TRANSPORT,21,CLEAR,1,DAYLIGHT,8,PEDESTRIAN,600 MURFREESBORO PKE,NASHVILLE,TN,37210,8217,HERMIT,36.1417,-86.7406,POINT (-86.7406 36.1417)
20190487019,06/27/2019 09:35:00 PM,1,0,0,,N,330428,0,NOT COLLISION W/MOTOR VEHICLE-TRANSPORT,2,RAIN,2,DARK - NOT LIGHTED,24,GUARDRAIL FACE,MM 200 6 I 40,NASHVILLE,TN,37209,4708,WEST,36.1261,-86.904,POINT (-86.904 36.1261)
20190304471,04/20/2019 01:40:00 PM,2,2,0,,N,320574,2,HEAD-ON,2,RAIN,1,DAYLIGHT,12,MOTOR VEHICLE IN TRANSPORT,SMITH SPRINGS RD & UNA RECREATION RD,NASHVILLE,TN,37217,8941,HERMIT,36.0967,-86.641,POINT (-86.641 36.0967)
20190229088,03/24/2019 08:26:00 PM,1,0,0,,N,311333,0,NOT COLLISION W/MOTOR VEHICLE-TRANSPORT,21,CLEAR,2,DARK - NOT LIGHTED,34;41;63,DITCH;SHRUBBERY;Ran Off Road-Right,MT VIEW RD & BABY RUTH LN,ANTIOCH,TN,37013,8863,SOUTH,36.0433,-86.6408,POINT (-86.6408 36.0433)
20190473999,06/22/2019 05:48:00 PM,2,0,0,,N,212330,98,OTHER,22,CLOUDY,1,DAYLIGHT,12,MOTOR VEHICLE IN TRANSPORT,MURFREESBORO PKE & MCGAVOCK PKE,NASHVILLE,TN,37217,8841,SOUTH,36.1129,-86.689,POINT (-86.689 36.1129)
20190326809,04/28/2019 02:45:00 PM,2,1,0,,N,352153,4,ANGLE,21,CLEAR,1,DAYLIGHT,12,MOTOR VEHICLE IN TRANSPORT,STATE RT 45 & DELAWARE AV,MADISON,TN,37115,1701,MADISO,36.2637,-86.7045,POINT (-86.7045 36.2637)
20190190281,03/11/2019 06:05:00 AM,1,1,0,,N,197060,0,NOT COLLISION W/MOTOR VEHICLE-TRANSPORT,21,CLEAR,2,DARK - NOT LIGHTED,8,PEDESTRIAN,723 RIVERGATE BUSINESS CENTER PVTD,MADISON,TN,37115,1731,MADISO,36.2956,-86.698,POINT (-86.698 36.2956)
20190302627,04/19/2019 05:49:00 PM,2,0,0,,N,299257,2,HEAD-ON,2,RAIN,3,DARK - LIGHTED,12,MOTOR VEHICLE IN TRANSPORT,HILLSBORO PKE & GREEN HILLS VILLAGE DR,NASHVILLE,TN,37215,6411,MIDTOW,36.107,-86.8132,POINT (-86.8132 36.107)
20190269231,04/08/2019 06:28:00 AM,1,1,0,,N,197075,0,NOT COLLISION W/MOTOR VEHICLE-TRANSPORT,2,RAIN,1,DAYLIGHT,36,CONCRETE TRAFFIC BARRIER,BRILEY PKWYE & DOVERSIDE DR,NASHVILLE,TN,37207,20121,MADISO,36.2401,-86.7694,POINT (-86.7694 36.2401)
20190174477,03/05/2019 11:43:00 AM,2,0,0,,Y,571316,4,ANGLE,21,CLEAR,1,DAYLIGHT,12,MOTOR VEHICLE IN TRANSPORT,DICKERSON PKE & FERN AV,NASHVILLE,TN,37207,1893,EAST,36.1954,-86.7722,POINT (-86.7722 36.1954)
20190261920,04/05/2019 06:45:00 AM,2,0,0,,Y,256428,2,HEAD-ON,22,CLOUDY,98,OTHER,12,MOTOR VEHICLE IN TRANSPORT,DICKERSON PKE & HART LN,NASHVILLE,TN,37207,1887,EAST,36.2227,-86.7613,POINT (-86.7613 36.2227)
20190554648,07/25/2019 09:00:00 AM,2,0,0,,N,876581,11,Front to Rear,21,CLEAR,1,DAYLIGHT,12,MOTOR VEHICLE IN TRANSPORT,STATE HWY 45 & UNKNOWN RAMP,MADISON,TN,37115,1777,MADISO,36.2642,-86.7358,POINT (-86.7358 36.2642)
20190280808,04/12/2019 06:15:00 AM,2,0,0,,N,156308,4,ANGLE,2,RAIN,4,DAWN,12,MOTOR VEHICLE IN TRANSPORT,CLARKSVILLE PKE & BUENA VISTA PKE,NASHVILLE,TN,37218,3135,NORTH,36.1935,-86.8309,POINT (-86.8309 36.1935)
20190062022,01/24/2019 08:00:00 AM,2,0,0,,Y,665896,5,SIDESWIPE - SAME DIRECTION,22,CLOUDY,1,DAYLIGHT,12;14,MOTOR VEHICLE IN TRANSPORT;PARKED MOTOR VEHICLE,1900 JOY AV,NASHVILLE,TN,37207,1857,EAST,36.2037,-86.7607,POINT (-86.7607 36.2037)
20190005306,01/03/2019 12:50:00 AM,1,1,0,Y,N,299261,0,NOT COLLISION W/MOTOR VEHICLE-TRANSPORT,2,RAIN,2,DARK - NOT LIGHTED,19,BUILDING,FARRELL PKWY & LAMBERT DR,NASHVILLE,TN,37220,7101,MIDTOW,36.0747,-86.7692,POINT (-86.7692 36.0747)
20190477030,06/24/2019 11:07:00 AM,2,0,0,,Y,485261,5,SIDESWIPE - SAME DIRECTION,2,RAIN,1,DAYLIGHT,12,MOTOR VEHICLE IN TRANSPORT,I40 E EXT RAMP & I 40,NASHVILLE,TN,37214,8955,HERMIT,36.155,-86.6271,POINT (-86.6271 36.155)
20190127631,02/16/2019 10:06:00 AM,2,0,0,,N,279113,98,OTHER,21,CLEAR,1,DAYLIGHT,12,MOTOR VEHICLE IN TRANSPORT,DONELSON PKE & MURFREESBORO PKE,NASHVILLE,TN,37217,8841,SOUTH,36.1062,-86.6731,POINT (-86.6731 36.1062)
20190265507,04/06/2019 03:56:00 PM,2,2,0,,N,256386,11,Front to Rear,21,CLEAR,1,DAYLIGHT,12,MOTOR VEHICLE IN TRANSPORT,MM 214 5 I 40,NASHVILLE,TN,37217,88022,HERMIT,36.1434,-86.7031,POINT (-86.7031 36.1434)
20190212782,03/19/2019 06:35:00 AM,2,0,0,,N,716886,11,Front to Rear,21,CLEAR,1,DAYLIGHT,12,MOTOR VEHICLE IN TRANSPORT,I24E & I24 W ENT RAMP,NASHVILLE,TN,37210,82061,HERMIT,36.1386,-86.7273,POINT (-86.7273 36.1386)
20190399077,05/25/2019 01:02:00 AM,2,0,0,,Y,256492,0,NOT COLLISION W/MOTOR VEHICLE-TRANSPORT,21,CLEAR,3,DARK - LIGHTED,12;25,MOTOR VEHICLE IN TRANSPORT;GUARDRAIL END,MM 211 0 I 40,NASHVILLE,TN,37210,82020,HERMIT,36.1544,-86.7598,POINT (-86.7598 36.1544)
20190171709,03/04/2019 02:30:00 PM,2,0,0,,Y,299244,11,Front to Rear,21,CLEAR,1,DAYLIGHT,12,MOTOR VEHICLE IN TRANSPORT,HERMITAGE AV & PEABODY ST,NASHVILLE,TN,37201,4047,CENTRA,36.1622,-86.7744,POINT (-86.7744 36.1622)
20190223596,03/22/2019 12:31:00 PM,3,0,0,,N,676834,11,Front to Rear,21,CLEAR,1,DAYLIGHT,12,MOTOR VEHICLE IN TRANSPORT,MM 208 3 I 40,NASHVILLE,TN,37203,54024,NORTH,36.166,-86.7949,POINT (-86.7949 36.166)
20190298808,04/18/2019 12:00:00 PM,1,1,0,Y,N,716886,0,NOT COLLISION W/MOTOR VEHICLE-TRANSPORT,21,CLEAR,1,DAYLIGHT,30;33,UTILITY POLE;CURB,RICE RD & EDGE O LAKE DR,ANTIOCH,TN,37013,8861,SOUTH,36.0694,-86.6407,POINT (-86.6407 36.0694)
20190490055,06/29/2019 12:58:00 AM,2,1,0,,Y,240982,4,ANGLE,21,CLEAR,3,DARK - LIGHTED,14;55;8,PARKED MOTOR VEHICLE;Motor Vehicle-In-Motion Outside Trafficw;PEDESTRIAN,0 S 2ND ST,NASHVILLE,TN,37213,1133,CENTRA,36.1695,-86.771,POINT (-86.771 36.1695)
20190506307,07/05/2019 10:06:00 AM,2,0,0,,N,226622,4,ANGLE,22,CLOUDY,1,DAYLIGHT,12,MOTOR VEHICLE IN TRANSPORT,RIVER RD & RIVER RD PVTDR,NASHVILLE,TN,37209,4701,WEST,36.1301,-86.9135,POINT (-86.9135 36.1301)
20190393656,05/23/2019 08:08:00 AM,2,0,0,,N,134899,11,Front to Rear,21,CLEAR,1,DAYLIGHT,12,MOTOR VEHICLE IN TRANSPORT,FESSLERS LN & LEBANON PKE,NASHVILLE,TN,37210,9011,HERMIT,36.1543,-86.7421,POINT (-86.7421 36.1543)
20190437529,06/08/2019 10:24:00 PM,2,0,0,,N,309263,4,ANGLE,21,CLEAR,3,DARK - LIGHTED,12,MOTOR VEHICLE IN TRANSPORT,FORREST AV & GALLATIN AV,NASHVILLE,TN,37206,1241,EAST,36.1786,-86.7508,POINT (-86.7508 36.1786)
20190306906,04/21/2019 12:00:00 AM,3,0,0,,N,887598,11,Front to Rear,21,CLEAR,1,DAYLIGHT,12;14,MOTOR VEHICLE IN TRANSPORT;PARKED MOTOR VEHICLE,BRILEY PKWYE & BRILEY PKWYW,NASHVILLE,TN,37207,20120,MADISO,36.2396,-86.7751,POINT (-86.7751 36.2396)
20190233834,03/26/2019 06:38:00 AM,3,2,0,,N,256428,2,HEAD-ON,21,CLEAR,1,DAYLIGHT,12,MOTOR VEHICLE IN TRANSPORT,DICKERSON PKE & HANCOCK ST,NASHVILLE,TN,37207,1963,EAST,36.1843,-86.7737,POINT (-86.7737 36.1843)
20190477794,06/24/2019 12:00:00 AM,2,0,0,,N,197056,5,SIDESWIPE - SAME DIRECTION,22,CLOUDY,1,DAYLIGHT,12,MOTOR VEHICLE IN TRANSPORT,MM 52 1 I 24,NASHVILLE,TN,37217,8816,SOUTH,36.1343,-86.7267,POINT (-86.7267 36.1343)
20190555528,07/25/2019 04:42:00 PM,2,1,0,,N,524985,11,Front to Rear,21,CLEAR,1,DAYLIGHT,55,Motor Vehicle-In-Motion Outside Trafficw,SCRUGGS LN & W TRINITY LN,NASHVILLE,TN,37207,3007,NORTH,36.2068,-86.781,POINT (-86.781 36.2068)
20190329774,04/29/2019 06:27:00 PM,2,1,0,,N,279208,11,Front to Rear,21,CLEAR,1,DAYLIGHT,12,MOTOR VEHICLE IN TRANSPORT,MM 209 5 I 40,NASHVILLE,TN,37203,40040,CENTRA,36.1502,-86.7844,POINT (-86.7844 36.1502)
20190486444,06/27/2019 04:27:00 PM,2,1,0,,N,279211,4,ANGLE,21,CLEAR,1,DAYLIGHT,12,MOTOR VEHICLE IN TRANSPORT,BRICK CHURCH PKE & BRILEY PKWY E EXT RAM,NASHVILLE,TN,37207,2003,MADISO,36.2376,-86.781,POINT (-86.781 36.2376)
20190439143,06/09/2019 05:45:00 PM,2,0,0,,Y,256426,11,Front to Rear,2,RAIN,1,DAYLIGHT,12,MOTOR VEHICLE IN TRANSPORT,MM 212 6 I 40,NASHVILLE,TN,37210,90040,HERMIT,36.1439,-86.7382,POINT (-86.7382 36.1439)
20190063129,01/24/2019 03:50:00 PM,2,0,0,,N,151132,5,SIDESWIPE - SAME DIRECTION,21,CLEAR,1,DAYLIGHT,12,MOTOR VEHICLE IN TRANSPORT,DUE WEST AVN & OLD DUE WEST AV,MADISON,TN,37115,2009,MADISO,36.2504,-86.7421,POINT (-86.7421 36.2504)
20190439431,06/09/2019 09:35:00 PM,2,2,0,,N,161939,4,ANGLE,2,RAIN,3,DARK - LIGHTED,12,MOTOR VEHICLE IN TRANSPORT,PIN HOOK RD & LAVERGNE COUCHVILLE PKE,ANTIOCH,TN,37013,8905,SOUTH,36.0464,-86.5835,POINT (-86.5835 36.0464)
20190383167,05/19/2019 05:30:00 PM,1,1,0,,N,330427,0,NOT COLLISION W/MOTOR VEHICLE-TRANSPORT,2,RAIN,1,DAYLIGHT,36,CONCRETE TRAFFIC BARRIER,MM 208 0 I 40,NASHVILLE,TN,37208,54022,NORTH,36.1707,-86.7983,POINT (-86.7983 36.1707)
20190387519,05/21/2019 09:00:00 AM,2,1,0,,N,493309,11,Front to Rear,21,CLEAR,1,DAYLIGHT,12,MOTOR VEHICLE IN TRANSPORT,I65 N EXT RAMP & OLD HICKORY BLVDW,MADISON,TN,37115,1777,MADISO,36.2642,-86.7356,POINT (-86.7356 36.2642)
20190371666,05/15/2019 09:56:00 AM,2,3,0,,N,755026,4,ANGLE,2,RAIN,1,DAYLIGHT,12,MOTOR VEHICLE IN TRANSPORT,BELL RD & BRITTANY PARK DR,ANTIOCH,TN,37013,8755,SOUTH,36.0469,-86.6794,POINT (-86.6794 36.0469)
20190440587,06/10/2019 08:15:00 AM,2,0,0,,N,299264,5,SIDESWIPE - SAME DIRECTION,21,CLEAR,1,DAYLIGHT,12,MOTOR VEHICLE IN TRANSPORT,MM 208 8 I 40,NASHVILLE,TN,37203,4102,CENTRA,36.1597,-86.7923,POINT (-86.7923 36.1597)
20190296245,04/17/2019 04:15:00 PM,2,0,0,,N,299241,11,Front to Rear,21,CLEAR,1,DAYLIGHT,12,MOTOR VEHICLE IN TRANSPORT,OLD HICKORY BLVD & PLANTATION DR,HERMITAGE,TN,37076,9613,HERMIT,36.2006,-86.6209,POINT (-86.6209 36.2006)
20190319630,04/25/2019 01:47:00 PM,2,2,0,,N,630627,4,ANGLE,22,CLOUDY,1,DAYLIGHT,12,MOTOR VEHICLE IN TRANSPORT,ELLISTON PL & 24TH AVN,NASHVILLE,TN,37203,5615,MIDTOW,36.1487,-86.807,POINT (-86.807 36.1487)
20190294850,04/17/2019 07:25:00 AM,2,0,0,,N,109534,5,SIDESWIPE - SAME DIRECTION,21,CLEAR,1,DAYLIGHT,12,MOTOR VEHICLE IN TRANSPORT,FESSLERS PKWY & FESSLERS LN,NASHVILLE,TN,37210,9011,HERMIT,36.1492,-86.7432,POINT (-86.7432 36.1492)
20190331258,04/30/2019 07:30:00 AM,2,1,0,,N,235761,5,SIDESWIPE - SAME DIRECTION,21,CLEAR,1,DAYLIGHT,12,MOTOR VEHICLE IN TRANSPORT,MM 203 6 I 40,NASHVILLE,TN,37209,46020,WEST,36.1512,-86.8632,POINT (-86.8632 36.1512)
20190283959,04/13/2019 11:28:00 AM,1,0,0,,N,109534,0,NOT COLLISION W/MOTOR VEHICLE-TRANSPORT,2,RAIN,1,DAYLIGHT,39,WALL,I40 E ENT RAMP & I 40,NASHVILLE,TN,37205,4903,WEST,36.1109,-86.922,POINT (-86.922 36.1109)
20190429089,06/05/2019 03:55:00 PM,1,1,0,,Y,414731,0,NOT COLLISION W/MOTOR VEHICLE-TRANSPORT,21,CLEAR,1,DAYLIGHT,12;8,MOTOR VEHICLE IN TRANSPORT;PEDESTRIAN,DEMONBREUN ST & 7TH AVS,NASHVILLE,TN,37203,4061,CENTRA,36.1574,-86.7797,POINT (-86.7797 36.1574)
20190529585,07/15/2019 05:48:00 PM,2,0,0,,N,151132,11,Front to Rear,22,CLOUDY,1,DAYLIGHT,12,MOTOR VEHICLE IN TRANSPORT,MM 94 2 I 65,GOODLETTSVILLE,TN,37072,17061,MADISO,36.2904,-86.723,POINT (-86.723 36.2904)
20190391699,05/22/2019 04:30:00 PM,2,1,0,,Y,306230,11,Front to Rear,21,CLEAR,1,DAYLIGHT,12,MOTOR VEHICLE IN TRANSPORT,MM 207 1 I 40,NASHVILLE,TN,37208,54020,NORTH,36.1698,-86.8093,POINT (-86.8093 36.1698)
20190384296,05/20/2019 07:20:00 AM,2,0,0,,N,109534,5,SIDESWIPE - SAME DIRECTION,21,CLEAR,1,DAYLIGHT,12,MOTOR VEHICLE IN TRANSPORT,I40 W EXT RAMP & I 40,NASHVILLE,TN,37203,4119,CENTRA,36.1574,-86.79,POINT (-86.79 36.1574)
20190130463,02/17/2019 05:15:00 PM,2,0,0,,Y,419972,11,Front to Rear,2,RAIN,3,DARK - LIGHTED,12,MOTOR VEHICLE IN TRANSPORT,MM 202 4 I 40,NASHVILLE,TN,37209,50022,WEST,36.1439,-86.882,POINT (-86.882 36.1439)
20190482977,06/26/2019 12:33:00 PM,2,0,0,,N,134899,4,ANGLE,21,CLEAR,1,DAYLIGHT,12,MOTOR VEHICLE IN TRANSPORT,OLD HICKORY BLVD & OLD HICKORY BLVD PVTD,HERMITAGE,TN,37076,9531,HERMIT,36.1959,-86.6196,POINT (-86.6196 36.1959)
20190031722,01/13/2019 02:30:00 AM,2,0,0,,Y,279195,5,SIDESWIPE - SAME DIRECTION,2,RAIN,2,DARK - NOT LIGHTED,12,MOTOR VEHICLE IN TRANSPORT,I40 E EXT RAMP & I 40,NASHVILLE,TN,37214,8955,HERMIT,36.155,-86.6271,POINT (-86.6271 36.155)
20190579619,08/04/2019 12:00:00 AM,3,1,0,,N,311333,11,Front to Rear,2,RAIN,1,DAYLIGHT,12,MOTOR VEHICLE IN TRANSPORT,MURFREESBORO PKE & MOUNTAIN SPRINGS RD,ANTIOCH,TN,37013,8927,SOUTH,36.0478,-86.6121,POINT (-86.6121 36.0478)
20190059352,01/23/2019 11:10:00 AM,2,0,0,,N,716886,5,SIDESWIPE - SAME DIRECTION,2,RAIN,1,DAYLIGHT,12,MOTOR VEHICLE IN TRANSPORT,MM 54 2 I 24,NASHVILLE,TN,37211,88122,SOUTH,36.1038,-86.7151,POINT (-86.7151 36.1038)
20190091081,02/03/2019 10:41:00 AM,1,0,0,,N,544481,0,NOT COLLISION W/MOTOR VEHICLE-TRANSPORT,21,CLEAR,1,DAYLIGHT,24;32;42;64,GUARDRAIL FACE;CULVERT;TREE;Ran Off Road-Left,I24 W EXT RAMP & I 24,NASHVILLE,TN,37211,8829,SOUTH,36.1074,-86.7197,POINT (-86.7197 36.1074)
20190388718,05/21/2019 04:49:00 PM,2,1,0,,N,330445,4,ANGLE,21,CLEAR,1,DAYLIGHT,12,MOTOR VEHICLE IN TRANSPORT,STONE BROOK DR & OLD HICKORY BLVD,BRENTWOOD,TN,37027,8623,MIDTOW,36.0409,-86.7794,POINT (-86.7794 36.0409)
20190376739,05/16/2019 09:20:00 PM,2,0,0,,Y,240964,11,Front to Rear,21,CLEAR,3,DARK - LIGHTED,12,MOTOR VEHICLE IN TRANSPORT,MM 211 7 I 40,NASHVILLE,TN,37210,82042,HERMIT,36.1499,-86.7483,POINT (-86.7483 36.1499)
20190246342,03/30/2019 03:00:00 PM,3,6,1,,N,298861,11,Front to Rear,22,CLOUDY,1,DAYLIGHT,12,MOTOR VEHICLE IN TRANSPORT,BRILEY PKWYS & OPRYLAND DR,NASHVILLE,TN,37214,9209,HERMIT,36.2067,-86.6906,POINT (-86.6906 36.2067)
20190134895,02/19/2019 08:00:00 AM,2,1,0,,N,226098,11,Front to Rear,22,CLOUDY,1,DAYLIGHT,12,MOTOR VEHICLE IN TRANSPORT,I40 W ENT RAMP & I 65,NASHVILLE,TN,37208,44040,NORTH,36.1768,-86.801,POINT (-86.801 36.1768)
20190214199,03/19/2019 04:18:00 PM,2,0,0,,N,909486,11,Front to Rear,21,CLEAR,1,DAYLIGHT,12,MOTOR VEHICLE IN TRANSPORT,THOMPSON LN & GRANDVIEW AV,NASHVILLE,TN,37211,8519,MIDTOW,36.111,-86.7471,POINT (-86.7471 36.111)
20190418892,06/01/2019 04:05:00 PM,2,1,0,,N,579971,2,HEAD-ON,21,CLEAR,1,DAYLIGHT,12,MOTOR VEHICLE IN TRANSPORT,MT VIEW RD & TRU LONG DR,ANTIOCH,TN,37013,8977,SOUTH,36.0669,-86.5998,POINT (-86.5998 36.0669)
20190460084,06/17/2019 03:15:00 PM,2,0,0,,Y,256389,9,UNKNOWN,22,CLOUDY,1,DAYLIGHT,14,PARKED MOTOR VEHICLE,HAYES ST & LOUISE AV,NASHVILLE,TN,37203,5601,MIDTOW,36.1508,-86.8033,POINT (-86.8033 36.1508)
20190230295,03/25/2019 06:40:00 AM,2,0,0,,N,320592,11,Front to Rear,22,CLOUDY,1,DAYLIGHT,12,MOTOR VEHICLE IN TRANSPORT,MM 213 8 I 40,NASHVILLE,TN,37217,8802,HERMIT,36.1413,-86.7163,POINT (-86.7163 36.1413)
20190272217,04/09/2019 08:12:00 AM,2,0,0,,N,109527,11,Front to Rear,21,CLEAR,1,DAYLIGHT,12,MOTOR VEHICLE IN TRANSPORT,LEBANON PKE & CEDARSTONE WAY,NASHVILLE,TN,37214,9403,HERMIT,36.1693,-86.6556,POINT (-86.6556 36.1693)
20190238612,03/27/2019 08:42:00 PM,2,0,0,,Y,212343,4,ANGLE,21,CLEAR,3,DARK - LIGHTED,12,MOTOR VEHICLE IN TRANSPORT,INTERSTATE DR & SHELBY AV,NASHVILLE,TN,37213,1107,CENTRA,36.1668,-86.7661,POINT (-86.7661 36.1668)
20190500623,07/03/2019 05:31:00 AM,1,1,0,,N,279117,0,NOT COLLISION W/MOTOR VEHICLE-TRANSPORT,21,CLEAR,4,DAWN,8,PEDESTRIAN,3100 W MAPLEWOOD LN,NASHVILLE,TN,37207,1807,EAST,36.2329,-86.7591,POINT (-86.7591 36.2329)
20190436417,06/08/2019 09:53:00 AM,2,0,0,,N,402660,4,ANGLE,21,CLEAR,1,DAYLIGHT,12,MOTOR VEHICLE IN TRANSPORT,CHARLOTTE PKE & MIDLAND AV,NASHVILLE,TN,37209,5033,WEST,36.1499,-86.8591,POINT (-86.8591 36.1499)
20190460049,06/17/2019 04:10:00 PM,4,2,0,,Y,256446,11,Front to Rear,21,CLEAR,1,DAYLIGHT,12,MOTOR VEHICLE IN TRANSPORT,MURFREESBORO PKE & HICKORY WOODS DR,ANTIOCH,TN,37013,8967,SOUTH,36.0264,-86.5884,POINT (-86.5884 36.0264)
20190113336,02/11/2019 04:31:00 PM,2,1,0,,N,279204,4,ANGLE,2,RAIN,1,DAYLIGHT,12,MOTOR VEHICLE IN TRANSPORT,CHEATHAM PL & ARTHUR AV,NASHVILLE,TN,37208,4327,NORTH,36.175,-86.7987,POINT (-86.7987 36.175)
20190308365,04/22/2019 07:46:00 AM,2,0,0,,N,716886,5,SIDESWIPE - SAME DIRECTION,21,CLEAR,1,DAYLIGHT,14,PARKED MOTOR VEHICLE,SWEETBERRY DR & SWEETBERRY CT,ANTIOCH,TN,37013,8759,SOUTH,36.0203,-86.6975,POINT (-86.6975 36.0203)
20190059836,01/23/2019 02:15:00 PM,2,0,0,,N,134871,6,SIDESWIPE - OPPOSITE DIRECTION,2,RAIN,1,DAYLIGHT,12,MOTOR VEHICLE IN TRANSPORT,YMCA WAY & CHARLOTTE AV,NASHVILLE,TN,37203,4147,CENTRA,36.1639,-86.7866,POINT (-86.7866 36.1639)
20190257940,04/03/2019 07:23:00 PM,2,0,0,,Y,256380,6,SIDESWIPE - OPPOSITE DIRECTION,21,CLEAR,2,DARK - NOT LIGHTED,12;14,MOTOR VEHICLE IN TRANSPORT;PARKED MOTOR VEHICLE,15TH AVN & BUCHANAN ST,NASHVILLE,TN,37208,4411,NORTH,36.1816,-86.8094,POINT (-86.8094 36.1816)
20190547235,07/22/2019 03:20:00 PM,2,0,0,,N,352166,5,SIDESWIPE - SAME DIRECTION,2,RAIN,1,DAYLIGHT,12,MOTOR VEHICLE IN TRANSPORT,8TH AVS & PALMER PL,NASHVILLE,TN,37203,4041,CENTRA,36.1547,-86.7798,POINT (-86.7798 36.1547)
20190230113,03/25/2019 05:30:00 AM,2,0,0,,N,279201,5,SIDESWIPE - SAME DIRECTION,21,CLEAR,3,DARK - LIGHTED,12,MOTOR VEHICLE IN TRANSPORT,I40 W EXT RAMP & I 40,NASHVILLE,TN,37203,4119,CENTRA,36.1574,-86.79,POINT (-86.79 36.1574)
20190194312,03/12/2019 01:35:00 PM,3,0,0,,N,716886,5,SIDESWIPE - SAME DIRECTION,21,CLEAR,1,DAYLIGHT,12,MOTOR VEHICLE IN TRANSPORT,MM 52 1 I 24,NASHVILLE,TN,37217,8816,SOUTH,36.1343,-86.7267,POINT (-86.7267 36.1343)
20190181972,03/07/2019 05:57:00 PM,2,0,0,,Y,151132,5,SIDESWIPE - SAME DIRECTION,22,CLOUDY,3,DARK - LIGHTED,12,MOTOR VEHICLE IN TRANSPORT,GALLATIN PKES & DUE WEST AVW,MADISON,TN,37115,1519,MADISO,36.2475,-86.7207,POINT (-86.7207 36.2475)
20190375070,05/16/2019 01:10:00 PM,2,0,0,,Y,191578,5,SIDESWIPE - SAME DIRECTION,21,CLEAR,1,DAYLIGHT,12,MOTOR VEHICLE IN TRANSPORT,MM 211 1 I 40,NASHVILLE,TN,37210,8008,HERMIT,36.1539,-86.7571,POINT (-86.7571 36.1539)