Accident Number,Date and Time,Number of Motor Vehicles,Number of Injuries,Number of Fatalities,Property Damage,Hit and Run,Reporting Officer,Collision Type Code,Collision Type Description,Weather Code,Weather Description,Illumination Code,Illumination Description,Harmful Code,Harmful Code Description,Street Address,City,State,ZIP,RPA,Precinct,Latitude,Longitude,Mapped Location
20190175567,03/05/2019 06:25:00 PM,2,0,0,,Y,330435,4,ANGLE,21,CLEAR,3,DARK - LIGHTED,12,MOTOR VEHICLE IN TRANSPORT,I65 N EXT RAMP & I65 N ENT RAMP,NASHVILLE,TN,37207,1863,EAST,36.2061,-86.774,POINT (-86.774 36.2061)
20190330643,04/30/2019 01:28:00 AM,1,1,0,,N,197060,0,NOT COLLISION W/MOTOR VEHICLE-TRANSPORT,21,CLEAR,2,DARK - NOT LIGHTED,8,PEDESTRIAN,723 MYATT,MADISON,TN,37115,1731,MADISO,36.2954,-86.6979,POINT (-86.6979 36.2954)
20190100740,02/06/2019 04:16:00 PM,2,0,0,,Y,299267,9,UNKNOWN,2,RAIN,1,DAYLIGHT,14,PARKED MOTOR VEHICLE,29TH AVN & WEST END AV,NASHVILLE,TN,37203,5625,MIDTOW,36.1447,-86.8132,POINT (-86.8132 36.1447)
20190220538,03/21/2019 01:30:00 PM,2,0,0,,Y,226136,11,Front to Rear,22,CLOUDY,1,DAYLIGHT,12,MOTOR VEHICLE IN TRANSPORT,I440 W ENT RAMP & I 440,NASHVILLE,TN,37210,81021,SOUTH,36.1259,-86.7322,POINT (-86.7322 36.1259)
20190160883,02/28/2019 07:32:00 AM,2,0,0,,N,224955,4,ANGLE,22,CLOUDY,1,DAYLIGHT,12,MOTOR VEHICLE IN TRANSPORT,DICKERSON PKES & HILLCREST RD,GOODLETTSVILLE,TN,37072,2111,MADISO,36.2864,-86.7451,POINT (-86.7451 36.2864)
20190380682,05/18/2019 01:15:00 PM,1,1,0,,N,620072,0,NOT COLLISION W/MOTOR VEHICLE-TRANSPORT,21,CLEAR,1,DAYLIGHT,15,OTHER TYPE NON-MOTORIST,WEST END AV & 21ST AVN,NASHVILLE,TN,37203,5715,MIDTOW,36.1503,-86.8016,POINT (-86.8016 36.1503)
20190504315,07/04/2019 01:53:00 PM,2,2,0,,N,191578,4,ANGLE,2,RAIN,1,DAYLIGHT,12,MOTOR VEHICLE IN TRANSPORT,MM 217 9 I 40,NASHVILLE,TN,37214,94040,HERMIT,36.1411,-86.658,POINT (-86.658 36.1411)
20190119801,02/13/2019 12:00:00 AM,2,0,0,,N,279204,11,Front to Rear,21,CLEAR,1,DAYLIGHT,12,MOTOR VEHICLE IN TRANSPORT,28TH AVN & CLARE AV,NASHVILLE,TN,37208,5347,NORTH,36.162,-86.8193,POINT (-86.8193 36.162)
20190208551,03/17/2019 08:17:00 PM,2,0,0,,Y,298867,11,Front to Rear,21,CLEAR,3,DARK - LIGHTED,12,MOTOR VEHICLE IN TRANSPORT,I65 N EXT RAMP & I 65,NASHVILLE,TN,37207,1863,EAST,36.2057,-86.7747,POINT (-86.7747 36.2057)
20190254455,04/02/2019 04:43:00 PM,2,4,0,,N,240979,4,ANGLE,21,CLEAR,1,DAYLIGHT,12,MOTOR VEHICLE IN TRANSPORT,E CAMPBELL RD & HIGHLAND CIR,MADISON,TN,37115,1759,MADISO,36.2763,-86.7108,POINT (-86.7108 36.2763)
20190019324,01/08/2019 02:44:00 PM,2,0,0,,N,256379,4,ANGLE,21,CLEAR,1,DAYLIGHT,12,MOTOR VEHICLE IN TRANSPORT,TRAVELERS INN DR & HARDING PL,NASHVILLE,TN,37211,8705,SOUTH,36.0849,-86.7034,POINT (-86.7034 36.0849)
20190046772,01/18/2019 10:43:00 AM,2,0,0,,N,298864,11,Front to Rear,21,CLEAR,1,DAYLIGHT,12,MOTOR VEHICLE IN TRANSPORT,STATE RT 45 & GALLATIN PKEN,MADISON,TN,37115,1701,MADISO,36.2631,-86.7119,POINT (-86.7119 36.2631)
20190464678,06/19/2019 08:54:00 AM,2,1,0,,N,191578,5,SIDESWIPE - SAME DIRECTION,21,CLEAR,1,DAYLIGHT,12,MOTOR VEHICLE IN TRANSPORT,MM 212 3 I 40,NASHVILLE,TN,37210,8206,HERMIT,36.1447,-86.7399,POINT (-86.7399 36.1447)
20190426267,06/04/2019 04:40:00 PM,1,0,0,Y,Y,352212,0,NOT COLLISION W/MOTOR VEHICLE-TRANSPORT,21,CLEAR,1,DAYLIGHT,40,MAIL BOX,HICKORY HILL LN & CENTRAL PKE,HERMITAGE,TN,37076,9601,HERMIT,36.1899,-86.6307,POINT (-86.6307 36.1899)
20190400353,05/25/2019 02:20:00 PM,2,0,0,,N,298858,4,ANGLE,21,CLEAR,1,DAYLIGHT,12,MOTOR VEHICLE IN TRANSPORT,N 1ST ST & I24 E EXT RAMP,NASHVILLE,TN,37207,1955,CENTRA,36.1784,-86.7744,POINT (-86.7744 36.1784)
20190540356,07/19/2019 05:00:00 PM,2,0,0,,N,352167,4,ANGLE,21,CLEAR,1,DAYLIGHT,12,MOTOR VEHICLE IN TRANSPORT,LINDSLEY AV & ANTHES DR,NASHVILLE,TN,37210,4003,CENTRA,36.1548,-86.7634,POINT (-86.7634 36.1548)
20190195192,03/12/2019 04:05:00 PM,2,1,0,,N,320597,11,Front to Rear,21,CLEAR,1,DAYLIGHT,12,MOTOR VEHICLE IN TRANSPORT,NOLENSVILLE PKE & OLD HICKORY BLVD,NASHVILLE,TN,37211,8717,SOUTH,36.0454,-86.7133,POINT (-86.7133 36.0454)
20190158119,02/27/2019 09:04:00 AM,1,0,0,,N,226136,0,NOT COLLISION W/MOTOR VEHICLE-TRANSPORT,22,CLOUDY,1,DAYLIGHT,64;71,Ran Off Road-Left;EMBANKMENT EARTH,MM 81 2 I 65,NASHVILLE,TN,37204,8033,MIDTOW,36.1317,-86.7741,POINT (-86.7741 36.1317)
20190262994,04/05/2019 02:40:00 PM,2,1,0,,N,256380,11,Front to Rear,21,CLEAR,1,DAYLIGHT,12,MOTOR VEHICLE IN TRANSPORT,21ST AVN & JEFFERSON ST,NASHVILLE,TN,37208,5325,NORTH,36.1691,-86.8096,POINT (-86.8096 36.1691)
20190123418,02/14/2019 07:23:00 PM,2,0,0,,N,330445,11,Front to Rear,21,CLEAR,3,DARK - LIGHTED,12,MOTOR VEHICLE IN TRANSPORT,MM 49 2 I 24,NASHVILLE,TN,37213,1002,CENTRA,36.1637,-86.7625,POINT (-86.7625 36.1637)
20190579913,08/04/2019 06:04:00 PM,2,0,0,,N,109533,4,ANGLE,2,RAIN,1,DAYLIGHT,12,MOTOR VEHICLE IN TRANSPORT,ANTIOCH PKE & CHEROKEE HILLS DR,ANTIOCH,TN,37013,8899,SOUTH,36.0796,-86.6848,POINT (-86.6848 36.0796)
20190302592,04/19/2019 05:20:00 PM,2,0,0,,N,330443,11,Front to Rear,22,CLOUDY,1,DAYLIGHT,12,MOTOR VEHICLE IN TRANSPORT,MM 55 7 I 24,NASHVILLE,TN,37211,86020,SOUTH,36.086,-86.7002,POINT (-86.7002 36.086)
20190103224,02/07/2019 01:55:00 PM,2,0,0,,N,226622,11,Front to Rear,22,CLOUDY,1,DAYLIGHT,12,MOTOR VEHICLE IN TRANSPORT,CHARLOTTE PKE & LELLYETT ST,NASHVILLE,TN,37209,5025,WEST,36.1489,-86.8645,POINT (-86.8645 36.1489)
20190109177,02/09/2019 12:00:00 AM,2,0,0,,Y,240981,5,SIDESWIPE - SAME DIRECTION,21,CLEAR,3,DARK - LIGHTED,12,MOTOR VEHICLE IN TRANSPORT,WOODLAND ST & N 11TH ST,NASHVILLE,TN,37206,1201,EAST,36.1773,-86.7505,POINT (-86.7505 36.1773)
20190092421,02/04/2019 02:24:00 AM,2,0,0,,Y,320584,5,SIDESWIPE - SAME DIRECTION,21,CLEAR,3,DARK - LIGHTED,12,MOTOR VEHICLE IN TRANSPORT,MM 54 7 I 24,NASHVILLE,TN,37211,8602,SOUTH,36.0977,-86.7096,POINT (-86.7096 36.0977)
20190128403,02/16/2019 01:30:00 PM,2,0,0,,Y,256412,5,SIDESWIPE - SAME DIRECTION,21,CLEAR,1,DAYLIGHT,14,PARKED MOTOR VEHICLE,STREAMDALE PTE & CREEKEDGE CT,ANTIOCH,TN,37013,8755,SOUTH,36.0313,-86.6795,POINT (-86.6795 36.0313)
20190471164,06/21/2019 11:50:00 AM,2,0,0,,N,140808,5,SIDESWIPE - SAME DIRECTION,21,CLEAR,1,DAYLIGHT,12,MOTOR VEHICLE IN TRANSPORT,4TH AVS & MILDRED SHUTE AV,NASHVILLE,TN,37210,8143,SOUTH,36.1465,-86.7677,POINT (-86.7677 36.1465)
20190343094,05/04/2019 02:52:00 PM,2,1,0,,N,256443,98,OTHER,21,CLEAR,1,DAYLIGHT,12,MOTOR VEHICLE IN TRANSPORT,DOVERSIDE DR & SKYLINE COMMONS PVTDR,NASHVILLE,TN,37207,2011,MADISO,36.242,-86.7625,POINT (-86.7625 36.242)
20190089477,02/02/2019 03:44:00 PM,2,0,0,,N,256505,11,Front to Rear,21,CLEAR,1,DAYLIGHT,12,MOTOR VEHICLE IN TRANSPORT,WEDGEWOOD AV & 17TH AVS,NASHVILLE,TN,37212,6611,MIDTOW,36.1369,-86.7958,POINT (-86.7958 36.1369)
20190425414,06/04/2019 09:57:00 AM,2,0,0,,Y,212369,6,SIDESWIPE - OPPOSITE DIRECTION,21,CLEAR,1,DAYLIGHT,13,MOTOR VEHICLE IN TRANSPORT-OTHER ROADWAY,FAIRMONT DR & PARK DR,NASHVILLE,TN,37203,5629,MIDTOW,36.1397,-86.8199,POINT (-86.8199 36.1397)
20190418681,06/01/2019 02:14:00 PM,2,3,0,,N,298868,4,ANGLE,21,CLEAR,1,DAYLIGHT,12,MOTOR VEHICLE IN TRANSPORT,WHITE BRIDGE PKE & CHARLOTTE PKE,NASHVILLE,TN,37209,5033,WEST,36.1494,-86.8579,POINT (-86.8579 36.1494)
20190115280,02/12/2019 08:06:00 AM,2,0,0,,N,109534,11,Front to Rear,2,RAIN,1,DAYLIGHT,12,MOTOR VEHICLE IN TRANSPORT,MM 221 3 I 40,HERMITAGE,TN,37076,95020,HERMIT,36.1701,-86.5928,POINT (-86.5928 36.1701)
20190431129,06/06/2019 09:20:00 AM,2,0,0,,N,352161,11,Front to Rear,22,CLOUDY,1,DAYLIGHT,12,MOTOR VEHICLE IN TRANSPORT,MM 52 7 I 24,NASHVILLE,TN,37210,81022,SOUTH,36.1226,-86.7277,POINT (-86.7277 36.1226)
20190508376,07/06/2019 08:48:00 AM,2,1,0,,N,311339,4,ANGLE,21,CLEAR,1,DAYLIGHT,12,MOTOR VEHICLE IN TRANSPORT,4TH AVS & MOLLOY ST,NASHVILLE,TN,37203,4055,CENTRA,36.1585,-86.7756,POINT (-86.7756 36.1585)
20190361872,05/11/2019 03:48:00 PM,2,0,0,,N,179606,11,Front to Rear,2,RAIN,1,DAYLIGHT,12,MOTOR VEHICLE IN TRANSPORT,MM 210 2 I 40,NASHVILLE,TN,37203,80021,MIDTOW,36.1493,-86.7736,POINT (-86.7736 36.1493)
20190500998,07/03/2019 08:44:00 AM,2,0,0,,N,594473,4,ANGLE,21,CLEAR,1,DAYLIGHT,12,MOTOR VEHICLE IN TRANSPORT,29TH AVN & WEST END AV,NASHVILLE,TN,37203,5625,MIDTOW,36.1447,-86.8132,POINT (-86.8132 36.1447)
20190257700,04/03/2019 05:38:00 PM,2,1,0,,N,279124,4,ANGLE,21,CLEAR,1,DAYLIGHT,12,MOTOR VEHICLE IN TRANSPORT,NOLENSVILLE PKE & STRASSER DR,NASHVILLE,TN,37211,8659,MIDTOW,36.0601,-86.7164,POINT (-86.7164 36.0601)
20190537290,07/18/2019 01:15:00 PM,2,0,0,,N,876581,4,ANGLE,22,CLOUDY,1,DAYLIGHT,12,MOTOR VEHICLE IN TRANSPORT,MYATT DR & SPRING BRANCH DR,MADISON,TN,37115,1721,MADISO,36.2938,-86.6964,POINT (-86.6964 36.2938)
20190268220,04/07/2019 08:50:00 PM,1,0,0,,Y,109543,9,UNKNOWN,,,3,DARK - LIGHTED,99,UNKNOWN MOST HARMFUL EVENT,BELLE ARBOR DR & BRICK CHURCH PKE,NASHVILLE,TN,37207,2045,MADISO,36.2575,-86.7768,POINT (-86.7768 36.2575)
20190065228,01/25/2019 09:45:00 AM,2,0,0,,N,716886,98,OTHER,21,CLEAR,1,DAYLIGHT,12,MOTOR VEHICLE IN TRANSPORT,MM 56 9 I 24,NASHVILLE,TN,37211,8810,SOUTH,36.0705,-86.6903,POINT (-86.6903 36.0705)
20190289663,04/15/2019 06:15:00 PM,4,0,0,,N,320580,11,Front to Rear,21,CLEAR,1,DAYLIGHT,12,MOTOR VEHICLE IN TRANSPORT,MM 210 5 I 40,NASHVILLE,TN,37210,8202,HERMIT,36.1522,-86.7669,POINT (-86.7669 36.1522)
20190329711,04/29/2019 05:13:00 PM,2,1,0,,Y,151132,11,Front to Rear,21,CLEAR,1,DAYLIGHT,12,MOTOR VEHICLE IN TRANSPORT,GALLATIN PKES & E PALESTINE AV,MADISON,TN,37115,1507,MADISO,36.2491,-86.7196,POINT (-86.7196 36.2491)
20190079475,01/30/2019 08:49:00 AM,2,0,0,,Y,330431,4,ANGLE,21,CLEAR,1,DAYLIGHT,12,MOTOR VEHICLE IN TRANSPORT,JAMES ROBERTSON PKWY & MAIN ST,NASHVILLE,TN,37213,1105,CENTRA,36.1713,-86.7694,POINT (-86.7694 36.1713)
20190050205,01/19/2019 09:09:00 PM,2,0,0,,N,212343,5,SIDESWIPE - SAME DIRECTION,2,RAIN,3,DARK - LIGHTED,12,MOTOR VEHICLE IN TRANSPORT,ROSA L PARKS BLVD & ROSA L PARKS AV,NASHVILLE,TN,37203,4147,CENTRA,36.1618,-86.7842,POINT (-86.7842 36.1618)
20190312029,04/23/2019 07:37:00 AM,2,0,0,,N,226136,4,ANGLE,22,CLOUDY,1,DAYLIGHT,12,MOTOR VEHICLE IN TRANSPORT,NOLENSVILLE PKE & ROSEDALE AV,NASHVILLE,TN,37211,8043,MIDTOW,36.125,-86.7522,POINT (-86.7522 36.125)
20190421691,06/03/2019 12:45:00 AM,1,0,0,,Y,330416,0,NOT COLLISION W/MOTOR VEHICLE-TRANSPORT,21,CLEAR,3,DARK - LIGHTED,32,CULVERT,NORTHGATE BUSINESS PKWY & MYATT DR,MADISON,TN,37115,1715,MADISO,36.2838,-86.6912,POINT (-86.6912 36.2838)
20190253437,04/02/2019 09:10:00 AM,2,0,0,,N,320601,11,Front to Rear,21,CLEAR,1,DAYLIGHT,12,MOTOR VEHICLE IN TRANSPORT,MM 6 4 I 440,NASHVILLE,TN,37210,83040,SOUTH,36.1239,-86.7466,POINT (-86.7466 36.1239)
20190356306,05/09/2019 12:46:00 PM,1,0,0,Y,N,320586,0,NOT COLLISION W/MOTOR VEHICLE-TRANSPORT,2,RAIN,1,DAYLIGHT,1,,OLD HICKORY BLVD & LOGISTICS WAY,ANTIOCH,TN,37013,8869,SOUTH,36.0286,-86.614,POINT (-86.614 36.0286)
20190148552,02/23/2019 09:59:00 PM,2,1,0,,N,330435,4,ANGLE,2,RAIN,3,DARK - LIGHTED,12,MOTOR VEHICLE IN TRANSPORT,SPRING ST & DICKERSON PKE,NASHVILLE,TN,37207,1979,EAST,36.1765,-86.7702,POINT (-86.7702 36.1765)
20190445120,06/11/2019 12:00:00 AM,1,0,0,Y,Y,279204,0,NOT COLLISION W/MOTOR VEHICLE-TRANSPORT,21,CLEAR,3,DARK - LIGHTED,30;63,UTILITY POLE;Ran Off Road-Right,W TRINITY LN & DAY ST,NASHVILLE,TN,37207,3037,NORTH,36.2073,-86.806,POINT (-86.806 36.2073)
20190087344,02/01/2019 04:26:00 PM,2,0,0,,Y,279208,4,ANGLE,21,CLEAR,1,DAYLIGHT,12,MOTOR VEHICLE IN TRANSPORT,11TH AVS & ARGYLE AV,NASHVILLE,TN,37203,6911,MIDTOW,36.1377,-86.7864,POINT (-86.7864 36.1377)
20190553389,07/24/2019 08:32:00 PM,2,0,0,,N,405418,4,ANGLE,21,CLEAR,3,DARK - LIGHTED,12,MOTOR VEHICLE IN TRANSPORT,OLD HICKORY BLVD & EDMONDSON PKE,NASHVILLE,TN,37220,8615,MIDTOW,36.04,-86.7435,POINT (-86.7435 36.04)
20190394500,05/23/2019 02:00:00 PM,1,1,0,Y,N,226136,0,NOT COLLISION W/MOTOR VEHICLE-TRANSPORT,22,CLOUDY,1,DAYLIGHT,31,"OTHER POST, POLE, SUPP.",WEST END AV & 29TH AVN,NASHVILLE,TN,37212,5815,MIDTOW,36.1444,-86.8134,POINT (-86.8134 36.1444)
20190041033,01/16/2019 12:00:00 PM,2,0,0,,N,224955,4,ANGLE,22,CLOUDY,1,DAYLIGHT,12,MOTOR VEHICLE IN TRANSPORT,DICKERSON PKE & SKYLINE COMMONS PVTDR,NASHVILLE,TN,37207,2011,MADISO,36.2475,-86.7568,POINT (-86.7568 36.2475)
20190407135,05/28/2019 12:40:00 PM,1,0,0,,N,591933,0,NOT COLLISION W/MOTOR VEHICLE-TRANSPORT,21,CLEAR,1,DAYLIGHT,7,,MM 61 0 I 24,ANTIOCH,TN,37013,8806,SOUTH,36.0297,-86.6374,POINT (-86.6374 36.0297)
20190537914,07/18/2019 06:14:00 PM,1,0,0,,N,298858,0,NOT COLLISION W/MOTOR VEHICLE-TRANSPORT,21,CLEAR,1,DAYLIGHT,16,THROWN OR FALLING OBJECT,MM 48 1 I 24,NASHVILLE,TN,37207,1106,EAST,36.1742,-86.7706,POINT (-86.7706 36.1742)
20190551987,07/24/2019 08:45:00 AM,2,0,0,,Y,352174,4,ANGLE,21,CLEAR,1,DAYLIGHT,12,MOTOR VEHICLE IN TRANSPORT,MM 78 4 I 65,NASHVILLE,TN,37204,8502,MIDTOW,36.0916,-86.7624,POINT (-86.7624 36.0916)
20190193756,03/12/2019 07:30:00 AM,2,0,0,,Y,591933,4,ANGLE,21,CLEAR,1,DAYLIGHT,12,MOTOR VEHICLE IN TRANSPORT,DANA WAY & CROSSINGS BLVD,ANTIOCH,TN,37013,8867,SOUTH,36.0353,-86.6362,POINT (-86.6362 36.0353)
20190562324,07/28/2019 12:00:00 AM,2,0,0,,Y,279204,9,UNKNOWN,21,CLEAR,1,DAYLIGHT,12,MOTOR VEHICLE IN TRANSPORT,4TH AVN & MADISON ST,NASHVILLE,TN,37208,4309,NORTH,36.1758,-86.7868,POINT (-86.7868 36.1758)
20190054566,01/21/2019 05:50:00 PM,2,0,0,,N,256417,11,Front to Rear,21,CLEAR,3,DARK - LIGHTED,12,MOTOR VEHICLE IN TRANSPORT,ANDREW JACKSON PKWY & RACHEL DONELSON PA,HERMITAGE,TN,37076,9533,HERMIT,36.2,-86.6081,POINT (-86.6081 36.2)
20190572377,08/01/2019 03:29:00 PM,2,0,0,,N,256379,4,ANGLE,21,CLEAR,1,DAYLIGHT,12,MOTOR VEHICLE IN TRANSPORT,CHESTNUT ST & 2ND AVS,NASHVILLE,TN,37210,8167,SOUTH,36.146,-86.7641,POINT (-86.7641 36.146)
20190283732,04/13/2019 09:00:00 AM,2,0,0,,N,538214,5,SIDESWIPE - SAME DIRECTION,22,CLOUDY,1,DAYLIGHT,12,MOTOR VEHICLE IN TRANSPORT,2ND AVS & ASH ST,NASHVILLE,TN,37210,4029,CENTRA,36.1533,-86.7696,POINT (-86.7696 36.1533)
20190214922,03/19/2019 09:21:00 PM,2,0,0,,N,909486,11,Front to Rear,21,CLEAR,3,DARK - LIGHTED,12,MOTOR VEHICLE IN TRANSPORT,OLD HICKORY BLVD & BRENTWOOD BLVD,NASHVILLE,TN,37220,7111,MIDTOW,36.0377,-86.7948,POINT (-86.7948 36.0377)
20190396794,05/24/2019 07:40:00 AM,2,0,0,,N,212347,4,ANGLE,21,CLEAR,1,DAYLIGHT,12,MOTOR VEHICLE IN TRANSPORT,NEWSOM STATION RD & ARBOR VISTA DR,NASHVILLE,TN,37221,4713,WEST,36.0834,-86.9984,POINT (-86.9984 36.0834)
20190244013,03/29/2019 02:40:00 PM,3,2,0,Y,N,240955,4,ANGLE,22,CLOUDY,1,DAYLIGHT,12;13;47;55;63,MOTOR VEHICLE IN TRANSPORT;MOTOR VEHICLE IN TRANSPORT-OTHER ROADWAY;FIRE HYDRANT;Motor Vehicle-In-Motion Outside Trafficw;Ran Off Road-Right,MURFREESBORO PKE & HAMILTON CHURCH RD,ANTIOCH,TN,37013,8865,SOUTH,36.0649,-86.6286,POINT (-86.6286 36.0649)
20190486454,06/27/2019 04:44:00 PM,2,1,0,,N,299266,4,ANGLE,21,CLEAR,1,DAYLIGHT,12,MOTOR VEHICLE IN TRANSPORT,ANTIOCH PKE & EZELL PKE,NASHVILLE,TN,37211,8889,SOUTH,36.0773,-86.7253,POINT (-86.7253 36.0773)
20190309677,04/22/2019 04:30:00 PM,1,0,0,Y,N,676824,0,NOT COLLISION W/MOTOR VEHICLE-TRANSPORT,21,CLEAR,1,DAYLIGHT,1,,2054 VANTAGE WAY CT,NASHVILLE,TN,37228,4499,NORTH,36.191,-86.799,POINT (-86.799 36.191)
20190283900,04/13/2019 10:39:00 AM,2,0,0,,N,620072,4,ANGLE,22,CLOUDY,1,DAYLIGHT,12,MOTOR VEHICLE IN TRANSPORT,ROY ACUFF PL & 18TH AVS,NASHVILLE,TN,37203,6715,MIDTOW,36.1503,-86.7943,POINT (-86.7943 36.1503)
20190428671,06/05/2019 12:40:00 PM,2,0,0,,Y,226673,5,SIDESWIPE - SAME DIRECTION,21,CLEAR,1,DAYLIGHT,12,MOTOR VEHICLE IN TRANSPORT,MM 48 9 I 24,NASHVILLE,TN,37213,1104,CENTRA,36.1676,-86.7656,POINT (-86.7656 36.1676)
20190175242,03/05/2019 04:20:00 PM,2,0,0,,N,179606,11,Front to Rear,21,CLEAR,1,DAYLIGHT,12,MOTOR VEHICLE IN TRANSPORT,WEST END AV & MURPHY RD,NASHVILLE,TN,37212,5819,MIDTOW,36.1382,-86.8203,POINT (-86.8203 36.1382)
20190105274,02/08/2019 09:15:00 AM,2,1,0,,N,485261,4,ANGLE,21,CLEAR,1,DAYLIGHT,12,MOTOR VEHICLE IN TRANSPORT,CHURCH ST & 12TH AVN,NASHVILLE,TN,37203,4119,CENTRA,36.159,-86.7894,POINT (-86.7894 36.159)
20190520957,07/11/2019 10:22:00 PM,1,0,0,,N,212322,0,NOT COLLISION W/MOTOR VEHICLE-TRANSPORT,21,CLEAR,2,DARK - NOT LIGHTED,30,UTILITY POLE,LINBAR DR & MELMACK DR,NASHVILLE,TN,37211,8707,SOUTH,36.0732,-86.6931,POINT (-86.6931 36.0732)
20190329367,04/29/2019 01:47:00 PM,2,0,0,,N,256391,4,ANGLE,21,CLEAR,1,DAYLIGHT,12,MOTOR VEHICLE IN TRANSPORT,BAPTIST WORLD CENTER DR & VASHTI ST,NASHVILLE,TN,37207,3001,NORTH,36.1949,-86.7798,POINT (-86.7798 36.1949)
20190308794,04/22/2019 11:05:00 AM,2,0,0,,N,716886,4,ANGLE,21,CLEAR,1,DAYLIGHT,12,MOTOR VEHICLE IN TRANSPORT,I24 W ENT RAMP & I 24,NASHVILLE,TN,37206,1009,EAST,36.1666,-86.7638,POINT (-86.7638 36.1666)
20190491406,06/29/2019 03:05:00 PM,2,0,0,,Y,320585,9,UNKNOWN,21,CLEAR,1,DAYLIGHT,14,PARKED MOTOR VEHICLE,OPRY MILLS DR & MOSS ROSE DR,NASHVILLE,TN,37214,9209,HERMIT,36.2029,-86.6947,POINT (-86.6947 36.2029)
20190150013,02/24/2019 01:49:00 PM,2,0,0,,N,109527,5,SIDESWIPE - SAME DIRECTION,21,CLEAR,1,DAYLIGHT,12,MOTOR VEHICLE IN TRANSPORT,OLD HICKORY BLVD & CROSSHILL WAY,HERMITAGE,TN,37076,9527,HERMIT,36.1668,-86.5991,POINT (-86.5991 36.1668)
20190534314,07/17/2019 11:23:00 AM,2,0,0,,Y,716886,11,Front to Rear,21,CLEAR,1,DAYLIGHT,12,MOTOR VEHICLE IN TRANSPORT,NOLENSVILLE PKE & CRAIGHEAD ST,NASHVILLE,TN,37210,8125,SOUTH,36.1338,-86.7588,POINT (-86.7588 36.1338)
20190446721,06/12/2019 11:22:00 AM,2,0,0,,N,462474,11,Front to Rear,22,CLOUDY,1,DAYLIGHT,12,MOTOR VEHICLE IN TRANSPORT,MM 6 3 I 440,NASHVILLE,TN,37211,8106,MIDTOW,36.1231,-86.7512,POINT (-86.7512 36.1231)
20190250108,04/01/2019 06:05:00 AM,1,0,0,,N,493301,0,NOT COLLISION W/MOTOR VEHICLE-TRANSPORT,21,CLEAR,4,DAWN,34,DITCH,COLICE JEANNE RD & HIGHWAY 70S,NASHVILLE,TN,37221,4811,WEST,36.074,-86.9353,POINT (-86.9353 36.074)
20190099395,02/06/2019 06:29:00 AM,2,1,0,,Y,716886,11,Front to Rear,2,RAIN,4,DAWN,12,MOTOR VEHICLE IN TRANSPORT,UNA ANTIOCH PKE & BILLINGSGATE RD,ANTIOCH,TN,37013,8861,SOUTH,36.0752,-86.6623,POINT (-86.6623 36.0752)
20190338688,05/02/2019 04:56:00 PM,2,0,0,,Y,256383,6,SIDESWIPE - OPPOSITE DIRECTION,22,CLOUDY,1,DAYLIGHT,12,MOTOR VEHICLE IN TRANSPORT,MT VIEW RD & HOMEY DR,ANTIOCH,TN,37013,8977,SOUTH,36.0677,-86.5981,POINT (-86.5981 36.0677)
20190541940,07/20/2019 06:40:00 AM,2,0,0,,N,320588,11,Front to Rear,21,CLEAR,1,DAYLIGHT,12,MOTOR VEHICLE IN TRANSPORT,MM 206 6 I 40,NASHVILLE,TN,37208,53124,NORTH,36.1664,-86.8171,POINT (-86.8171 36.1664)
20190509200,07/06/2019 07:00:00 PM,2,0,0,,Y,320585,4,ANGLE,21,CLEAR,1,DAYLIGHT,14,PARKED MOTOR VEHICLE,OPRY MILLS DR & MOSS ROSE DR,NASHVILLE,TN,37214,9209,HERMIT,36.2029,-86.6947,POINT (-86.6947 36.2029)
20190324380,04/27/2019 12:00:00 AM,1,0,0,,Y,279122,0,NOT COLLISION W/MOTOR VEHICLE-TRANSPORT,99,UNKNOWN,9,UNKNOWN,32,CULVERT,EWINGDALE DR & GWYNNWOOD DR,NASHVILLE,TN,37207,3029,NORTH,36.2333,-86.7924,POINT (-86.7924 36.2333)
20190369734,05/14/2019 07:21:00 PM,2,0,0,,N,151132,5,SIDESWIPE - SAME DIRECTION,21,CLEAR,5,DUSK,12,MOTOR VEHICLE IN TRANSPORT,GALLATIN PKEN & ONE MILE PKWY,MADISON,TN,37115,1717,MADISO,36.2794,-86.7088,POINT (-86.7088 36.2794)
20190432499,06/06/2019 08:10:00 PM,1,1,0,,N,414731,0,NOT COLLISION W/MOTOR VEHICLE-TRANSPORT,2,RAIN,3,DARK - LIGHTED,15,OTHER TYPE NON-MOTORIST,KOREAN VETERANS BLVD & S 2ND ST,NASHVILLE,TN,37213,1007,CENTRA,36.1649,-86.7679,POINT (-86.7679 36.1649)
20190205598,03/16/2019 11:20:00 AM,2,0,0,,Y,299265,11,Front to Rear,21,CLEAR,1,DAYLIGHT,12,MOTOR VEHICLE IN TRANSPORT,RIO VISTA DR & N DUPONT AV,MADISON,TN,37115,1705,MADISO,36.2655,-86.6806,POINT (-86.6806 36.2655)
20190391007,05/22/2019 11:10:00 AM,2,1,0,,N,402660,11,Front to Rear,21,CLEAR,1,DAYLIGHT,12,MOTOR VEHICLE IN TRANSPORT,CHARLOTTE AV & 35TH AVN,NASHVILLE,TN,37209,5237,WEST,36.1528,-86.826,POINT (-86.826 36.1528)
20190307536,04/22/2019 12:16:00 AM,2,0,0,,N,298875,11,Front to Rear,21,CLEAR,3,DARK - LIGHTED,12,MOTOR VEHICLE IN TRANSPORT,HAMILTON CHURCH RD & MURFREESBORO PKE,ANTIOCH,TN,37013,8865,SOUTH,36.0645,-86.6288,POINT (-86.6288 36.0645)