Accident Number,Date and Time,Number of Motor Vehicles,Number of Injuries,Number of Fatalities,Property Damage,Hit and Run,Reporting Officer,Collision Type Code,Collision Type Description,Weather Code,Weather Description,Illumination Code,Illumination Description,Harmful Code,Harmful Code Description,Street Address,City,State,ZIP,RPA,Precinct,Latitude,Longitude,Mapped Location
20190128213,02/16/2019 04:45:00 PM,1,0,0,Y,N,420040,0,NOT COLLISION W/MOTOR VEHICLE-TRANSPORT,22,CLOUDY,1,DAYLIGHT,38,FENCE,NOLENSVILLE PKE & GOINS RD,NASHVILLE,TN,37211,8661,MIDTOW,36.0743,-86.7247,POINT (-86.7247 36.0743)
20190054735,01/21/2019 07:32:00 PM,2,0,0,,N,298867,2,HEAD-ON,21,CLEAR,3,DARK - LIGHTED,12,MOTOR VEHICLE IN TRANSPORT,E TRINITY LN & W TRINITY LN,NASHVILLE,TN,37207,1861,EAST,36.2059,-86.7686,POINT (-86.7686 36.2059)
20190300079,04/18/2019 07:48:00 PM,2,0,0,,N,256386,4,ANGLE,2,RAIN,3,DARK - LIGHTED,12,MOTOR VEHICLE IN TRANSPORT,STEWARTS FERRY PIKE & PERCY PRIEST DR,NASHVILLE,TN,37214,8955,HERMIT,36.1545,-86.6261,POINT (-86.6261 36.1545)
20190504187,07/04/2019 12:32:00 PM,2,0,0,,N,267831,4,ANGLE,22,CLOUDY,1,DAYLIGHT,12,MOTOR VEHICLE IN TRANSPORT,OLD HICKORY BLVD & HIGHWAY 70S,NASHVILLE,TN,37221,4901,WEST,36.0742,-86.9208,POINT (-86.9208 36.0742)
20190441925,06/10/2019 07:00:00 PM,2,0,0,,Y,151132,11,Front to Rear,21,CLEAR,1,DAYLIGHT,12,MOTOR VEHICLE IN TRANSPORT,GALLATIN PKES & DUE WEST AVE,MADISON,TN,37115,1507,MADISO,36.2487,-86.7199,POINT (-86.7199 36.2487)
20190168825,03/03/2019 01:32:00 PM,2,1,0,,Y,179602,4,ANGLE,2,RAIN,1,DAYLIGHT,12,MOTOR VEHICLE IN TRANSPORT,W TRINITY LN & BRICK CHURCH PKE,NASHVILLE,TN,37207,3003,NORTH,36.2066,-86.7779,POINT (-86.7779 36.2066)
20190245633,03/30/2019 12:00:00 AM,2,0,0,,Y,320598,11,Front to Rear,21,CLEAR,3,DARK - LIGHTED,12,MOTOR VEHICLE IN TRANSPORT,FRANKLIN PKE & OLD HICKORY BLVD,NASHVILLE,TN,37220,7111,MIDTOW,36.0377,-86.7865,POINT (-86.7865 36.0377)
20190162544,02/28/2019 07:30:00 PM,2,0,0,,Y,151132,11,Front to Rear,22,CLOUDY,2,DARK - NOT LIGHTED,12,MOTOR VEHICLE IN TRANSPORT,OLD HICKORY BLVD & GOODMORNING DR,NASHVILLE,TN,37207,2133,MADISO,36.2772,-86.7692,POINT (-86.7692 36.2772)
20190365701,05/13/2019 10:54:00 AM,2,0,0,,N,320601,11,Front to Rear,22,CLOUDY,1,DAYLIGHT,12,MOTOR VEHICLE IN TRANSPORT,MM 60 2 I 24,ANTIOCH,TN,37013,88060,SOUTH,36.038,-86.6467,POINT (-86.6467 36.038)
20190131038,02/18/2019 12:39:00 AM,2,0,0,,Y,298879,4,ANGLE,22,CLOUDY,3,DARK - LIGHTED,12,MOTOR VEHICLE IN TRANSPORT,PERCY WARNER BLVD & HARDING PKE,NASHVILLE,TN,37221,4901,WEST,36.0848,-86.8946,POINT (-86.8946 36.0848)
20190397345,05/24/2019 11:44:00 AM,2,0,0,,N,716886,4,ANGLE,21,CLEAR,1,DAYLIGHT,12,MOTOR VEHICLE IN TRANSPORT,BELL RD & MURFREESBORO PKE,ANTIOCH,TN,37013,8861,SOUTH,36.072,-86.636,POINT (-86.636 36.072)
20190291717,04/16/2019 09:50:00 AM,2,0,0,,N,223502,5,SIDESWIPE - SAME DIRECTION,21,CLEAR,1,DAYLIGHT,12,MOTOR VEHICLE IN TRANSPORT,MM 6 4 I 440,NASHVILLE,TN,37210,83040,SOUTH,36.1239,-86.7466,POINT (-86.7466 36.1239)
20190407100,05/28/2019 12:11:00 PM,2,0,0,,N,485261,5,SIDESWIPE - SAME DIRECTION,21,CLEAR,1,DAYLIGHT,12,MOTOR VEHICLE IN TRANSPORT,LAFAYETTE ST & 8TH AVS,NASHVILLE,TN,37203,4043,CENTRA,36.1546,-86.7792,POINT (-86.7792 36.1546)
20190100721,02/06/2019 03:40:00 PM,2,0,0,,Y,197070,4,ANGLE,2,RAIN,1,DAYLIGHT,12,MOTOR VEHICLE IN TRANSPORT,GARFIELD ST & DELTA AV,NASHVILLE,TN,37208,4347,NORTH,36.1798,-86.7987,POINT (-86.7987 36.1798)
20190528764,07/14/2019 09:19:00 AM,1,0,0,Y,Y,320575,0,NOT COLLISION W/MOTOR VEHICLE-TRANSPORT,21,CLEAR,1,DAYLIGHT,43,OTHER FIXED OBJECTS,OAK BARREL DR & OAK BARREL LN,ANTIOCH,TN,37013,8891,SOUTH,36.0801,-86.6521,POINT (-86.6521 36.0801)
20190530254,07/15/2019 10:25:00 PM,2,0,0,,Y,352197,11,Front to Rear,21,CLEAR,3,DARK - LIGHTED,14;55,PARKED MOTOR VEHICLE;Motor Vehicle-In-Motion Outside Trafficw,400 STATE HWY 254,NASHVILLE,TN,37220,8615,MIDTOW,36.0407,-86.7445,POINT (-86.7445 36.0407)
20190063224,01/24/2019 03:19:00 PM,2,0,0,,N,256422,11,Front to Rear,21,CLEAR,1,DAYLIGHT,12,MOTOR VEHICLE IN TRANSPORT,BUENA VISTA PKE & CURTIS ST,NASHVILLE,TN,37218,3135,NORTH,36.198,-86.8273,POINT (-86.8273 36.198)
20190005077,01/02/2019 12:00:00 AM,2,0,0,,Y,177482,11,Front to Rear,21,CLEAR,3,DARK - LIGHTED,14,PARKED MOTOR VEHICLE,CHARLOTTE PKE PVTDR & BROOKMEADE GRNWY,NASHVILLE,TN,37209,4703,WEST,36.1316,-86.9061,POINT (-86.9061 36.1316)
20190025168,01/10/2019 02:44:00 PM,2,0,0,,N,580819,5,SIDESWIPE - SAME DIRECTION,21,CLEAR,1,DAYLIGHT,12,MOTOR VEHICLE IN TRANSPORT,BROADWAY & 12TH AVS,NASHVILLE,TN,37203,4079,CENTRA,36.1566,-86.7875,POINT (-86.7875 36.1566)
20190236822,03/27/2019 07:26:00 AM,2,1,0,,N,140788,11,Front to Rear,21,CLEAR,1,DAYLIGHT,12,MOTOR VEHICLE IN TRANSPORT,MM 85 5 I 65,NASHVILLE,TN,37208,4304,CENTRA,36.1888,-86.793,POINT (-86.793 36.1888)
20190185409,03/08/2019 10:25:00 PM,1,1,0,,N,240947,0,NOT COLLISION W/MOTOR VEHICLE-TRANSPORT,2,RAIN,2,DARK - NOT LIGHTED,24;36,GUARDRAIL FACE;CONCRETE TRAFFIC BARRIER,I40 E EXT RAMP & I 40,NASHVILLE,TN,37214,8955,HERMIT,36.155,-86.6271,POINT (-86.6271 36.155)
20190245684,03/30/2019 12:00:00 AM,2,0,0,,Y,320591,11,Front to Rear,21,CLEAR,3,DARK - LIGHTED,14,PARKED MOTOR VEHICLE,PEBBLE CREEK DR & SPRINGMORE CT,ANTIOCH,TN,37013,8861,SOUTH,36.0709,-86.6492,POINT (-86.6492 36.0709)
20190574334,08/02/2019 10:00:00 AM,2,0,0,,N,226622,5,SIDESWIPE - SAME DIRECTION,22,CLOUDY,1,DAYLIGHT,12,MOTOR VEHICLE IN TRANSPORT,HILLSBORO PKE & HAMPTON PL,NASHVILLE,TN,37215,6419,MIDTOW,36.1152,-86.8107,POINT (-86.8107 36.1152)
20190296988,04/17/2019 08:15:00 PM,2,0,0,,N,256380,4,ANGLE,21,CLEAR,1,DAYLIGHT,12,MOTOR VEHICLE IN TRANSPORT,9TH AVN & REV DR ENOCH JONES BLVD,NASHVILLE,TN,37208,4303,NORTH,36.1735,-86.7928,POINT (-86.7928 36.1735)
20190535329,07/17/2019 07:42:00 PM,1,0,0,,N,429193,0,NOT COLLISION W/MOTOR VEHICLE-TRANSPORT,21,CLEAR,1,DAYLIGHT,34;72,DITCH;EMBANKMENT ROCK/STONE/CONCRETE,CHARLOTTE PKE & FORREST VALLEY DR,NASHVILLE,TN,37221,4711,WEST,36.1052,-86.9441,POINT (-86.9441 36.1052)
20190393909,05/23/2019 09:44:00 AM,3,0,0,,N,226622,11,Front to Rear,21,CLEAR,1,DAYLIGHT,12;41,MOTOR VEHICLE IN TRANSPORT;SHRUBBERY,CHARLOTTE PKE & W HILLWOOD DR,NASHVILLE,TN,37209,5009,WEST,36.1347,-86.8881,POINT (-86.8881 36.1347)
20190099498,02/06/2019 07:41:00 AM,1,0,0,Y,N,716886,0,NOT COLLISION W/MOTOR VEHICLE-TRANSPORT,2,RAIN,1,DAYLIGHT,30,UTILITY POLE,OLD HICKORY BLVD & PETTUS RD,ANTIOCH,TN,37013,8767,SOUTH,36.0109,-86.6654,POINT (-86.6654 36.0109)
20190144069,02/22/2019 05:28:00 AM,2,0,0,,N,405424,5,SIDESWIPE - SAME DIRECTION,22,CLOUDY,3,DARK - LIGHTED,12,MOTOR VEHICLE IN TRANSPORT,MM 211 1 I 40,NASHVILLE,TN,37210,8008,HERMIT,36.1539,-86.7571,POINT (-86.7571 36.1539)
20190549636,07/23/2019 01:54:00 PM,1,1,0,,N,553957,0,NOT COLLISION W/MOTOR VEHICLE-TRANSPORT,22,CLOUDY,1,DAYLIGHT,24,GUARDRAIL FACE,MM 215 5 I 40,NASHVILLE,TN,37217,89020,HERMIT,36.1432,-86.6865,POINT (-86.6865 36.1432)
20190152283,02/25/2019 12:00:00 PM,2,0,0,,Y,676834,4,ANGLE,21,CLEAR,1,DAYLIGHT,14,PARKED MOTOR VEHICLE,2800 JOHN A MERRITT BLVD,NASHVILLE,TN,37209,4503,NORTH,36.1682,-86.8209,POINT (-86.8209 36.1682)
20190468897,06/20/2019 05:30:00 PM,1,1,0,,N,714641,0,NOT COLLISION W/MOTOR VEHICLE-TRANSPORT,21,CLEAR,1,DAYLIGHT,9,,KOREAN VETERANS BLVD & S 2ND ST,NASHVILLE,TN,37213,1003,CENTRA,36.161,-86.7694,POINT (-86.7694 36.161)
20190126400,02/15/2019 07:25:00 PM,1,0,0,Y,N,420040,0,NOT COLLISION W/MOTOR VEHICLE-TRANSPORT,2,RAIN,3,DARK - LIGHTED,18,OTHER OBJECT (NOT FIXED),MM 3 9 I 440,NASHVILLE,TN,37204,7010,MIDTOW,36.1161,-86.7913,POINT (-86.7913 36.1161)
20190431592,06/06/2019 12:50:00 PM,2,0,0,,N,223502,11,Front to Rear,22,CLOUDY,1,DAYLIGHT,12,MOTOR VEHICLE IN TRANSPORT,HARDING PL & SEVEN MILE CREEK HARDING MA,NASHVILLE,TN,37211,8705,SOUTH,36.0801,-86.7245,POINT (-86.7245 36.0801)
20190097411,02/05/2019 04:01:00 PM,2,2,0,,N,151132,2,HEAD-ON,22,CLOUDY,1,DAYLIGHT,12,MOTOR VEHICLE IN TRANSPORT,DUE WEST AVN & DICKERSON PKE,MADISON,TN,37115,2019,MADISO,36.2562,-86.7572,POINT (-86.7572 36.2562)
20190525134,07/13/2019 03:53:00 PM,2,0,0,,N,352198,11,Front to Rear,21,CLEAR,1,DAYLIGHT,12,MOTOR VEHICLE IN TRANSPORT,OLD HARDING PKE & MORTON MILL RD,NASHVILLE,TN,37221,4819,WEST,36.0575,-86.946,POINT (-86.946 36.0575)
20190384610,05/20/2019 10:00:00 AM,1,1,0,,N,676834,0,NOT COLLISION W/MOTOR VEHICLE-TRANSPORT,21,CLEAR,1,DAYLIGHT,8,PEDESTRIAN,ROSA L PARKS BLVD & MONROE ST,NASHVILLE,TN,37208,4303,NORTH,36.1749,-86.7924,POINT (-86.7924 36.1749)
20190122895,02/14/2019 01:31:00 PM,2,0,0,,N,256384,4,ANGLE,21,CLEAR,1,DAYLIGHT,12,MOTOR VEHICLE IN TRANSPORT,WHEELER AV & NORMA DR,NASHVILLE,TN,37211,8437,SOUTH,36.0952,-86.7303,POINT (-86.7303 36.0952)
20190072552,01/28/2019 08:00:00 AM,2,0,0,,N,676834,4,ANGLE,21,CLEAR,1,DAYLIGHT,12,MOTOR VEHICLE IN TRANSPORT,HENRY HALE BLVD & PEARL ST,NASHVILLE,TN,37203,5425,NORTH,36.1607,-86.7977,POINT (-86.7977 36.1607)
20190136540,02/19/2019 06:44:00 PM,2,0,0,,N,834802,5,SIDESWIPE - SAME DIRECTION,2,RAIN,2,DARK - NOT LIGHTED,12,MOTOR VEHICLE IN TRANSPORT,MURFREESBORO PKE & DELL PKWY,NASHVILLE,TN,37217,8841,SOUTH,36.1084,-86.6782,POINT (-86.6782 36.1084)
20190302349,04/19/2019 02:20:00 PM,2,0,0,,Y,256411,11,Front to Rear,2,RAIN,1,DAYLIGHT,12,MOTOR VEHICLE IN TRANSPORT,I40 W EXT RAMP & I 40,NASHVILLE,TN,37203,4119,CENTRA,36.1574,-86.79,POINT (-86.79 36.1574)
20190441526,06/10/2019 02:36:00 PM,2,1,0,,N,256426,11,Front to Rear,21,CLEAR,1,DAYLIGHT,12,MOTOR VEHICLE IN TRANSPORT,LEBANON PKE & DONELSON HILLS DR,NASHVILLE,TN,37214,9027,HERMIT,36.1655,-86.697,POINT (-86.697 36.1655)
20190388879,05/21/2019 03:09:00 PM,2,0,0,,Y,256383,5,SIDESWIPE - SAME DIRECTION,21,CLEAR,1,DAYLIGHT,12,MOTOR VEHICLE IN TRANSPORT,MURFREESBORO PKE & NASHBORO BLVD,ANTIOCH,TN,37013,8891,SOUTH,36.0869,-86.6487,POINT (-86.6487 36.0869)
20190230356,03/25/2019 07:11:00 AM,2,1,0,,N,591933,4,ANGLE,21,CLEAR,1,DAYLIGHT,12,MOTOR VEHICLE IN TRANSPORT,HOBSON PKE & LAKEWALK DR,ANTIOCH,TN,37013,8905,SOUTH,36.0533,-86.5992,POINT (-86.5992 36.0533)
20190345389,05/05/2019 06:20:00 PM,2,0,0,,Y,320580,11,Front to Rear,21,CLEAR,1,DAYLIGHT,12,MOTOR VEHICLE IN TRANSPORT,MM 211 1 I 40,NASHVILLE,TN,37210,8008,HERMIT,36.1539,-86.7571,POINT (-86.7571 36.1539)
20190471305,06/21/2019 02:05:00 PM,2,0,0,,N,191578,11,Front to Rear,21,CLEAR,1,DAYLIGHT,12,MOTOR VEHICLE IN TRANSPORT,MURFREESBORO PKE & PLUS PARK BLVD,NASHVILLE,TN,37217,8815,HERMIT,36.1337,-86.722,POINT (-86.722 36.1337)
20190366499,05/13/2019 12:00:00 AM,2,1,0,,N,212344,11,Front to Rear,21,CLEAR,1,DAYLIGHT,12,MOTOR VEHICLE IN TRANSPORT,ARDEE AV & GALLATIN PKE,NASHVILLE,TN,37216,1425,EAST,36.2196,-86.7274,POINT (-86.7274 36.2196)
20190510345,07/07/2019 12:10:00 PM,2,0,0,,N,584947,11,Front to Rear,21,CLEAR,1,DAYLIGHT,12,MOTOR VEHICLE IN TRANSPORT,OLD HICKORY BLVD & BRENTWOOD BLVD,NASHVILLE,TN,37220,7111,MIDTOW,36.0377,-86.7948,POINT (-86.7948 36.0377)
20190319350,04/25/2019 11:50:00 AM,2,0,0,,N,226622,4,ANGLE,22,CLOUDY,1,DAYLIGHT,12,MOTOR VEHICLE IN TRANSPORT,KENNER AV & HARDING PKE,NASHVILLE,TN,37205,6021,WEST,36.1258,-86.8465,POINT (-86.8465 36.1258)
20190285522,04/14/2019 03:35:00 AM,2,1,0,,N,299248,11,Front to Rear,2,RAIN,3,DARK - LIGHTED,12,MOTOR VEHICLE IN TRANSPORT,MM 54 7 I 24,NASHVILLE,TN,37211,8602,SOUTH,36.0977,-86.7096,POINT (-86.7096 36.0977)
20190186546,03/09/2019 08:34:00 AM,2,0,0,,Y,630627,3,REAR-TO-REAR,99,UNKNOWN,1,DAYLIGHT,14;55,PARKED MOTOR VEHICLE;Motor Vehicle-In-Motion Outside Trafficw,WEST END AV & NATCHEZ TRC,NASHVILLE,TN,37212,5801,MIDTOW,36.1463,-86.8098,POINT (-86.8098 36.1463)
20190521970,07/12/2019 09:03:00 AM,2,0,0,,N,716886,11,Front to Rear,21,CLEAR,1,DAYLIGHT,12,MOTOR VEHICLE IN TRANSPORT,BELL RD & BRENTRIDGE DR,ANTIOCH,TN,37013,8755,SOUTH,36.0465,-86.6834,POINT (-86.6834 36.0465)
20190561527,07/28/2019 06:50:00 AM,1,0,0,,N,109495,0,NOT COLLISION W/MOTOR VEHICLE-TRANSPORT,21,CLEAR,1,DAYLIGHT,23,BRIDGE RAIL,MM 5 1 I 440,NASHVILLE,TN,37204,81061,MIDTOW,36.1176,-86.7692,POINT (-86.7692 36.1176)
20190324677,04/27/2019 12:37:00 PM,2,2,0,,N,419983,5,SIDESWIPE - SAME DIRECTION,21,CLEAR,1,DAYLIGHT,12,MOTOR VEHICLE IN TRANSPORT,JAMES ROBERTSON PKWY & WOODLAND ST,NASHVILLE,TN,37213,1101,CENTRA,36.1686,-86.7763,POINT (-86.7763 36.1686)
20190355234,05/09/2019 03:04:00 AM,1,2,0,,N,197060,0,NOT COLLISION W/MOTOR VEHICLE-TRANSPORT,21,CLEAR,3,DARK - LIGHTED,72,EMBANKMENT ROCK/STONE/CONCRETE,2088 GALLATIN PKEN,GOODLETTSVILLE,TN,37072,1751,MADISO,36.3028,-86.6922,POINT (-86.6922 36.3028)
20190106168,02/08/2019 03:15:00 PM,1,0,0,Y,N,311325,0,NOT COLLISION W/MOTOR VEHICLE-TRANSPORT,21,CLEAR,1,DAYLIGHT,34,DITCH,FREEMAN HOLLOW RD & LICKTON PKE,GOODLETTSVILLE,TN,37072,2221,MADISO,36.3437,-86.7562,POINT (-86.7562 36.3437)
20190345025,05/05/2019 03:00:00 PM,3,1,0,,N,330431,5,SIDESWIPE - SAME DIRECTION,21,CLEAR,1,DAYLIGHT,1;12;34,MOTOR VEHICLE IN TRANSPORT;DITCH,WHITES CREEK PKE & GREEN LN,NASHVILLE,TN,37207,3221,NORTH,36.2367,-86.8173,POINT (-86.8173 36.2367)
20190068381,01/26/2019 12:03:00 PM,1,0,0,Y,N,481573,0,NOT COLLISION W/MOTOR VEHICLE-TRANSPORT,21,CLEAR,1,DAYLIGHT,30;33,UTILITY POLE;CURB,HAYES ST & 19TH AVN,NASHVILLE,TN,37203,5525,MIDTOW,36.1532,-86.7985,POINT (-86.7985 36.1532)
20190521948,07/12/2019 09:11:00 AM,1,0,0,Y,N,299243,0,NOT COLLISION W/MOTOR VEHICLE-TRANSPORT,21,CLEAR,1,DAYLIGHT,43,OTHER FIXED OBJECTS,5TH AVN & CHARLOTTE AV,NASHVILLE,TN,37219,4203,CENTRA,36.1659,-86.7819,POINT (-86.7819 36.1659)
20190222008,03/22/2019 12:50:00 AM,2,0,0,,Y,279201,11,Front to Rear,21,CLEAR,2,DARK - NOT LIGHTED,14,PARKED MOTOR VEHICLE,JUNE DR & DEARBORN DR,NASHVILLE,TN,37214,9205,HERMIT,36.1674,-86.702,POINT (-86.702 36.1674)
20190456482,06/16/2019 03:04:00 AM,2,0,0,,Y,245532,4,ANGLE,21,CLEAR,3,DARK - LIGHTED,12,MOTOR VEHICLE IN TRANSPORT,BELL RD & BRENTRIDGE DR,ANTIOCH,TN,37013,8755,SOUTH,36.0465,-86.6834,POINT (-86.6834 36.0465)
20190542395,07/20/2019 12:30:00 PM,1,0,0,Y,Y,343522,0,NOT COLLISION W/MOTOR VEHICLE-TRANSPORT,21,CLEAR,1,DAYLIGHT,30,UTILITY POLE,HIGHWAY 70S & OLD HICKORY BLVD,NASHVILLE,TN,37205,4903,WEST,36.0745,-86.9209,POINT (-86.9209 36.0745)
20190126508,02/15/2019 08:57:00 PM,1,0,0,,N,209184,0,NOT COLLISION W/MOTOR VEHICLE-TRANSPORT,2,RAIN,3,DARK - LIGHTED,43,OTHER FIXED OBJECTS,HICKORY PARK DR & RIVENDELL CT,ANTIOCH,TN,37013,8753,SOUTH,36.0379,-86.6722,POINT (-86.6722 36.0379)
20190267812,04/07/2019 04:38:00 PM,2,0,0,,N,693098,11,Front to Rear,2,RAIN,1,DAYLIGHT,12,MOTOR VEHICLE IN TRANSPORT,CHARLOTTE PKE & AMERICAN RD,NASHVILLE,TN,37209,5027,WEST,36.1444,-86.8727,POINT (-86.8727 36.1444)
20190473850,06/22/2019 05:47:00 PM,2,0,0,,Y,320585,4,ANGLE,21,CLEAR,1,DAYLIGHT,12,MOTOR VEHICLE IN TRANSPORT,I40 W ENT RAMP & I 40,NASHVILLE,TN,37210,9007,HERMIT,36.1484,-86.7454,POINT (-86.7454 36.1484)
20190506769,07/05/2019 02:51:00 PM,2,1,0,,N,580819,98,OTHER,22,CLOUDY,1,DAYLIGHT,12,MOTOR VEHICLE IN TRANSPORT,4TH AVS & LEA AV,NASHVILLE,TN,37203,4037,CENTRA,36.1547,-86.7731,POINT (-86.7731 36.1547)
20190329379,04/29/2019 03:07:00 PM,2,0,0,,N,352197,11,Front to Rear,21,CLEAR,1,DAYLIGHT,12,MOTOR VEHICLE IN TRANSPORT,MM 59 7 I 24,ANTIOCH,TN,37013,88060,SOUTH,36.0428,-86.6545,POINT (-86.6545 36.0428)
20190012264,01/05/2019 05:26:00 PM,3,0,0,,Y,279194,5,SIDESWIPE - SAME DIRECTION,21,CLEAR,3,DARK - LIGHTED,12,MOTOR VEHICLE IN TRANSPORT,MM 86 7 I 65,NASHVILLE,TN,37207,3002,NORTH,36.1972,-86.7762,POINT (-86.7762 36.1972)
20190187089,03/09/2019 04:48:00 PM,3,0,0,,N,320585,11,Front to Rear,2,RAIN,1,DAYLIGHT,12,MOTOR VEHICLE IN TRANSPORT,MM 52 2 I 24,NASHVILLE,TN,37217,8816,SOUTH,36.1359,-86.7267,POINT (-86.7267 36.1359)
20190210723,03/18/2019 03:23:00 PM,2,0,0,,Y,579971,5,SIDESWIPE - SAME DIRECTION,21,CLEAR,1,DAYLIGHT,12,MOTOR VEHICLE IN TRANSPORT,MURFREESBORO PKE & MT VIEW RD,ANTIOCH,TN,37013,8865,SOUTH,36.0543,-86.6186,POINT (-86.6186 36.0543)
20190410707,05/29/2019 04:35:00 PM,2,0,0,,N,151132,11,Front to Rear,21,CLEAR,1,DAYLIGHT,12,MOTOR VEHICLE IN TRANSPORT,MM 94 1 I 65,MADISON,TN,37115,17042,MADISO,36.2893,-86.724,POINT (-86.724 36.2893)
20190475626,06/23/2019 05:19:00 PM,2,0,0,,N,299267,11,Front to Rear,21,CLEAR,1,DAYLIGHT,12,MOTOR VEHICLE IN TRANSPORT,OLD HICKORY BLVD & HILLSBORO PKE,NASHVILLE,TN,37221,6215,WEST,36.0476,-86.8637,POINT (-86.8637 36.0476)
20190512310,07/08/2019 02:17:00 PM,2,0,0,,N,267831,4,ANGLE,21,CLEAR,1,DAYLIGHT,12,MOTOR VEHICLE IN TRANSPORT,RICHLAND CREEK GRNWY & MCCABE PARK PVTDR,NASHVILLE,TN,37209,5113,WEST,36.14,-86.8422,POINT (-86.8422 36.14)
20190089188,02/02/2019 01:13:00 PM,2,0,0,,N,493304,4,ANGLE,22,CLOUDY,1,DAYLIGHT,12,MOTOR VEHICLE IN TRANSPORT,NEELYS BEND RD & IDLEWILD AV,MADISON,TN,37115,1625,MADISO,36.2556,-86.7073,POINT (-86.7073 36.2556)
20190371585,05/15/2019 09:19:00 AM,2,0,0,,Y,279230,6,SIDESWIPE - OPPOSITE DIRECTION,2,RAIN,1,DAYLIGHT,12,MOTOR VEHICLE IN TRANSPORT,4027 LAVERGNE COUCHVILLE PKE,ANTIOCH,TN,37013,8999,SOUTH,36.0524,-86.5701,POINT (-86.5701 36.0524)
20190292822,04/16/2019 04:08:00 PM,2,0,0,,N,311327,4,ANGLE,21,CLEAR,1,DAYLIGHT,12,MOTOR VEHICLE IN TRANSPORT,E TRINITY LN & GALLATIN PKE,NASHVILLE,TN,37216,1851,EAST,36.2037,-86.7399,POINT (-86.7399 36.2037)
20190414105,05/30/2019 05:32:00 PM,2,0,0,,N,524985,11,Front to Rear,2,RAIN,1,DAYLIGHT,12,MOTOR VEHICLE IN TRANSPORT,US HWY 41 ALT & ED TEMPLE BLVD,NASHVILLE,TN,37228,4483,NORTH,36.1894,-86.824,POINT (-86.824 36.1894)
20190322766,04/26/2019 02:56:00 PM,1,0,0,Y,N,887592,0,NOT COLLISION W/MOTOR VEHICLE-TRANSPORT,21,CLEAR,1,DAYLIGHT,38;42;63;7,FENCE;TREE;Ran Off Road-Right,3800 ASHLAND CITY HWY EB ENT RAMP,NASHVILLE,TN,37218,3205,NORTH,36.2091,-86.87,POINT (-86.87 36.2091)
20190263342,04/05/2019 05:34:00 PM,2,1,0,,Y,256383,11,Front to Rear,22,CLOUDY,1,DAYLIGHT,12,MOTOR VEHICLE IN TRANSPORT,MURFREESBORO PKE & RURAL HILL RD,ANTIOCH,TN,37013,8861,SOUTH,36.0745,-86.6387,POINT (-86.6387 36.0745)
20190343945,05/04/2019 11:50:00 PM,1,0,0,,N,175719,0,NOT COLLISION W/MOTOR VEHICLE-TRANSPORT,2,RAIN,3,DARK - LIGHTED,36,CONCRETE TRAFFIC BARRIER,I24 W EXT RAMP & I 24,NASHVILLE,TN,37211,8829,SOUTH,36.1074,-86.7197,POINT (-86.7197 36.1074)
20190100022,02/06/2019 11:38:00 AM,2,0,0,,Y,375570,11,Front to Rear,2,RAIN,1,DAYLIGHT,12,MOTOR VEHICLE IN TRANSPORT,STATE RT 45 & RIO VISTA DR,MADISON,TN,37115,1705,MADISO,36.2628,-86.681,POINT (-86.681 36.2628)
20190101120,02/06/2019 07:19:00 PM,2,0,0,,N,110092,4,ANGLE,2,RAIN,2,DARK - NOT LIGHTED,12,MOTOR VEHICLE IN TRANSPORT,BELL RD & DODSON CHAPEL RD,HERMITAGE,TN,37076,9501,HERMIT,36.1632,-86.6131,POINT (-86.6131 36.1632)
20190394739,05/23/2019 10:30:00 AM,1,0,0,Y,Y,151132,0,NOT COLLISION W/MOTOR VEHICLE-TRANSPORT,21,CLEAR,1,DAYLIGHT,40,MAIL BOX,WARRIOR RD & MALLOW DR,MADISON,TN,37115,1635,MADISO,36.2586,-86.6798,POINT (-86.6798 36.2586)
20190217276,03/20/2019 02:04:00 PM,2,0,0,,N,429193,4,ANGLE,21,CLEAR,1,DAYLIGHT,12,MOTOR VEHICLE IN TRANSPORT,NEWSOM STATION RD & RIVERVALLEY DR,NASHVILLE,TN,37221,4713,WEST,36.083,-87.0046,POINT (-87.0046 36.083)
20190102362,02/07/2019 07:13:00 AM,2,1,0,,N,716886,4,ANGLE,22,CLOUDY,1,DAYLIGHT,1;12;34,MOTOR VEHICLE IN TRANSPORT;DITCH,TREETOP DR & UNA ANTIOCH PKE,ANTIOCH,TN,37013,8861,SOUTH,36.0759,-86.66,POINT (-86.66 36.0759)
20190017044,01/07/2019 05:48:00 PM,5,0,0,,N,151132,11,Front to Rear,22,CLOUDY,5,DUSK,12,MOTOR VEHICLE IN TRANSPORT,GALLATIN PKES & GALLATIN PKE,MADISON,TN,37115,1517,MADISO,36.2383,-86.724,POINT (-86.724 36.2383)
20190019840,01/08/2019 06:21:00 PM,1,1,0,,N,633391,0,NOT COLLISION W/MOTOR VEHICLE-TRANSPORT,21,CLEAR,3,DARK - LIGHTED,8,PEDESTRIAN,CHARLOTTE PKE & OCEOLA AV,NASHVILLE,TN,37209,5025,WEST,36.1495,-86.8605,POINT (-86.8605 36.1495)
20190130316,02/17/2019 03:58:00 PM,1,0,0,Y,Y,179583,0,NOT COLLISION W/MOTOR VEHICLE-TRANSPORT,2,RAIN,1,DAYLIGHT,30,UTILITY POLE,RURAL HILL RD & TOOK DR,ANTIOCH,TN,37013,8861,SOUTH,36.0687,-86.6398,POINT (-86.6398 36.0687)