Accident Number,Date and Time,Number of Motor Vehicles,Number of Injuries,Number of Fatalities,Property Damage,Hit and Run,Reporting Officer,Collision Type Code,Collision Type Description,Weather Code,Weather Description,Illumination Code,Illumination Description,Harmful Code,Harmful Code Description,Street Address,City,State,ZIP,RPA,Precinct,Latitude,Longitude,Mapped Location
20190302074,04/19/2019 12:03:00 PM,2,0,0,,N,226136,11,Front to Rear,22,CLOUDY,1,DAYLIGHT,12,MOTOR VEHICLE IN TRANSPORT,21ST AVS & ACKLEN AV,NASHVILLE,TN,37212,5825,MIDTOW,36.1356,-86.801,POINT (-86.801 36.1356)
20190056059,01/22/2019 08:39:00 AM,2,0,0,,N,716886,11,Front to Rear,21,CLEAR,1,DAYLIGHT,12,MOTOR VEHICLE IN TRANSPORT,NOLENSVILLE PKE & CONCORD RD,NASHVILLE,TN,37211,8651,MIDTOW,36.0042,-86.6916,POINT (-86.6916 36.0042)
20190278114,04/11/2019 07:00:00 AM,3,1,0,,N,109534,11,Front to Rear,21,CLEAR,1,DAYLIGHT,12,MOTOR VEHICLE IN TRANSPORT,LEBANON PKE & THE CROSSINGS PVTDR,NASHVILLE,TN,37214,9121,HERMIT,36.169,-86.6833,POINT (-86.6833 36.169)
20190319857,04/25/2019 03:55:00 PM,2,2,0,,N,594473,11,Front to Rear,21,CLEAR,1,DAYLIGHT,12,MOTOR VEHICLE IN TRANSPORT,KOREAN VETERANS BLVD & EAST BANK GRNWY,NASHVILLE,TN,37213,1001,CENTRA,36.1609,-86.7694,POINT (-86.7694 36.1609)
20190045436,01/17/2019 11:39:00 PM,1,0,0,,N,177282,0,NOT COLLISION W/MOTOR VEHICLE-TRANSPORT,2,RAIN,3,DARK - LIGHTED,38,FENCE,TAMPA DR & HARDING PL,NASHVILLE,TN,37211,8705,SOUTH,36.0827,-86.7105,POINT (-86.7105 36.0827)
20190438573,06/09/2019 10:22:00 AM,1,1,0,,N,473670,0,NOT COLLISION W/MOTOR VEHICLE-TRANSPORT,2,RAIN,1,DAYLIGHT,8,PEDESTRIAN,MCGAVOCK PKE & MAXEY LN,NASHVILLE,TN,37216,1437,EAST,36.204,-86.7262,POINT (-86.7262 36.204)
20190050810,01/20/2019 03:15:00 AM,1,0,0,,Y,212321,0,NOT COLLISION W/MOTOR VEHICLE-TRANSPORT,22,CLOUDY,2,DARK - NOT LIGHTED,18,OTHER OBJECT (NOT FIXED),EULALA DR & EULALA CIR,NASHVILLE,TN,37211,8717,SOUTH,36.0542,-86.7037,POINT (-86.7037 36.0542)
20190075708,01/29/2019 06:49:00 AM,2,0,0,,N,716886,4,ANGLE,21,CLEAR,1,DAYLIGHT,12,MOTOR VEHICLE IN TRANSPORT,NOLENSVILLE PKE & MCNALLY DR,NASHVILLE,TN,37211,8511,MIDTOW,36.0933,-86.7362,POINT (-86.7362 36.0933)
20190266887,04/07/2019 04:56:00 AM,1,0,0,,Y,256382,9,UNKNOWN,2,RAIN,3,DARK - LIGHTED,99,UNKNOWN MOST HARMFUL EVENT,DONELSON PKE & SHACKLETT DR,NASHVILLE,TN,37214,9411,HERMIT,36.1449,-86.6667,POINT (-86.6667 36.1449)
20190347377,05/06/2019 01:03:00 PM,2,0,0,,N,267831,4,ANGLE,21,CLEAR,1,DAYLIGHT,12,MOTOR VEHICLE IN TRANSPORT,WEST END AV & ELMINGTON AV,NASHVILLE,TN,37205,6005,WEST,36.1349,-86.8245,POINT (-86.8245 36.1349)
20190102559,02/07/2019 08:50:00 AM,2,0,0,,N,311325,11,Front to Rear,22,CLOUDY,1,DAYLIGHT,12,MOTOR VEHICLE IN TRANSPORT,MM 212 9 I 40,NASHVILLE,TN,37210,82061,HERMIT,36.1404,-86.7312,POINT (-86.7312 36.1404)
20190480576,06/25/2019 04:04:00 PM,2,0,0,,N,256380,4,ANGLE,21,CLEAR,1,DAYLIGHT,12,MOTOR VEHICLE IN TRANSPORT,NORTHSIDE STATION PVTDR & CLARKSVILLE PK,NASHVILLE,TN,37218,3141,NORTH,36.211,-86.8389,POINT (-86.8389 36.211)
20190345567,05/05/2019 07:53:00 PM,2,0,0,,N,281611,11,Front to Rear,21,CLEAR,2,DARK - NOT LIGHTED,12,MOTOR VEHICLE IN TRANSPORT,HIGHWAY 70S & I40 E ENT RAMP,NASHVILLE,TN,37221,4813,WEST,36.0808,-86.9556,POINT (-86.9556 36.0808)
20190375323,05/16/2019 02:49:00 PM,3,0,0,,N,256380,11,Front to Rear,21,CLEAR,1,DAYLIGHT,12,MOTOR VEHICLE IN TRANSPORT,MM 207 9 I 40,NASHVILLE,TN,37208,54022,NORTH,36.1693,-86.7972,POINT (-86.7972 36.1693)
20190269884,04/08/2019 11:44:00 AM,2,2,0,,N,716886,4,ANGLE,2,RAIN,1,DAYLIGHT,12,MOTOR VEHICLE IN TRANSPORT,TUSCULUM RD & ROBERT YOEST DR,ANTIOCH,TN,37013,8713,SOUTH,36.0531,-86.6897,POINT (-86.6897 36.0531)
20190135189,02/19/2019 09:45:00 AM,2,0,0,,N,665896,11,Front to Rear,22,CLOUDY,1,DAYLIGHT,12,MOTOR VEHICLE IN TRANSPORT,GALLATIN AV & N 11TH ST,NASHVILLE,TN,37206,1939,EAST,36.1793,-86.7503,POINT (-86.7503 36.1793)
20190165138,03/01/2019 07:27:00 PM,2,1,0,,Y,716875,4,ANGLE,21,CLEAR,3,DARK - LIGHTED,12,MOTOR VEHICLE IN TRANSPORT,WHITE BRIDGE PKE & I40 E ENT RAMP,NASHVILLE,TN,37209,5004,WEST,36.1516,-86.8577,POINT (-86.8577 36.1516)
20190554365,07/25/2019 06:47:00 AM,2,0,0,,N,262749,11,Front to Rear,21,CLEAR,1,DAYLIGHT,12,MOTOR VEHICLE IN TRANSPORT,MM 219 7 I 40,HERMITAGE,TN,37076,94021,HERMIT,36.1618,-86.6197,POINT (-86.6197 36.1618)
20190351342,05/07/2019 04:30:00 PM,2,0,0,,Y,256380,4,ANGLE,21,CLEAR,1,DAYLIGHT,14,PARKED MOTOR VEHICLE,17TH AVE N & COCKRILL ST,NASHVILLE,TN,37208,4471,NORTH,36.1755,-86.8074,POINT (-86.8074 36.1755)
20190049131,01/19/2019 09:03:00 AM,1,0,0,,N,439917,0,NOT COLLISION W/MOTOR VEHICLE-TRANSPORT,2,RAIN,1,DAYLIGHT,24,GUARDRAIL FACE,I65 S ENT RAMP & I 65,NASHVILLE,TN,37207,3007,NORTH,36.2057,-86.778,POINT (-86.778 36.2057)
20190158875,02/27/2019 02:17:00 PM,2,0,0,,N,140790,11,Front to Rear,21,CLEAR,1,DAYLIGHT,12,MOTOR VEHICLE IN TRANSPORT,ANDREW JACKSON PKWY & OLD HICKORY BLVD,HERMITAGE,TN,37076,9561,HERMIT,36.1835,-86.6108,POINT (-86.6108 36.1835)
20190426880,06/04/2019 12:00:00 AM,2,1,0,,N,279204,98,OTHER,21,CLEAR,3,DARK - LIGHTED,14,PARKED MOTOR VEHICLE,11TH AVN & REV DR ENOCH JONES BLVD,NASHVILLE,TN,37208,4301,NORTH,36.1722,-86.7981,POINT (-86.7981 36.1722)
20190467516,06/20/2019 08:35:00 AM,2,0,0,,N,462474,11,Front to Rear,2,RAIN,1,DAYLIGHT,12,MOTOR VEHICLE IN TRANSPORT,I65 N EXT RAMP & HARDING PL,NASHVILLE,TN,37220,8601,MIDTOW,36.0821,-86.7617,POINT (-86.7617 36.0821)
20190156575,02/26/2019 07:07:00 PM,3,0,0,,N,256424,11,Front to Rear,21,CLEAR,,,12,MOTOR VEHICLE IN TRANSPORT,BELL RD & TRAILS CIR,NASHVILLE,TN,37214,8995,HERMIT,36.1473,-86.6259,POINT (-86.6259 36.1473)
20190558246,07/26/2019 12:00:00 AM,1,0,0,Y,Y,256423,0,NOT COLLISION W/MOTOR VEHICLE-TRANSPORT,21,CLEAR,1,DAYLIGHT,40,MAIL BOX,W HAMILTON AV & HAYNES PARK DR,NASHVILLE,TN,37218,3103,NORTH,36.2082,-86.8343,POINT (-86.8343 36.2082)
20190502346,07/03/2019 05:45:00 PM,3,1,0,,N,807326,11,Front to Rear,21,CLEAR,1,DAYLIGHT,12,MOTOR VEHICLE IN TRANSPORT,MM 210 7 I 40,NASHVILLE,TN,37210,8202,HERMIT,36.1532,-86.7644,POINT (-86.7644 36.1532)
20190303412,04/20/2019 12:24:00 AM,1,0,0,,Y,110090,0,NOT COLLISION W/MOTOR VEHICLE-TRANSPORT,2,RAIN,3,DARK - LIGHTED,34,DITCH,ASHEFORD TRC & SUMMERCREST BLVD,ANTIOCH,TN,37013,8867,SOUTH,36.0419,-86.6216,POINT (-86.6216 36.0419)
20190128517,02/16/2019 06:45:00 PM,1,0,0,,N,717341,0,NOT COLLISION W/MOTOR VEHICLE-TRANSPORT,21,CLEAR,3,DARK - LIGHTED,11;34;63,OTHER ANIMAL;DITCH;Ran Off Road-Right,RURAL HILL RD & RICE RD,ANTIOCH,TN,37013,8861,SOUTH,36.0673,-86.6424,POINT (-86.6424 36.0673)
20190100983,02/06/2019 06:20:00 PM,3,1,0,,N,580819,4,ANGLE,2,RAIN,3,DARK - LIGHTED,12,MOTOR VEHICLE IN TRANSPORT,10TH AVS & DEMONBREUN ST,NASHVILLE,TN,37203,4041,CENTRA,36.1561,-86.7828,POINT (-86.7828 36.1561)
20190299568,04/18/2019 03:33:00 PM,2,0,0,,Y,579971,11,Front to Rear,22,CLOUDY,1,DAYLIGHT,12,MOTOR VEHICLE IN TRANSPORT,THOMPSON LN & NOLENSVILLE PKE,NASHVILLE,TN,37211,8425,SOUTH,36.1109,-86.7447,POINT (-86.7447 36.1109)
20190470430,06/21/2019 07:00:00 AM,2,1,0,,N,226622,4,ANGLE,21,CLEAR,1,DAYLIGHT,12,MOTOR VEHICLE IN TRANSPORT,CHARLOTTE AV & 46TH AVN,NASHVILLE,TN,37209,5203,WEST,36.1522,-86.8422,POINT (-86.8422 36.1522)
20190521220,07/12/2019 12:43:00 AM,2,1,0,,Y,348631,11,Front to Rear,21,CLEAR,7,Dark-Unknown Lighting,12,MOTOR VEHICLE IN TRANSPORT,RIVER RD & RIVER RD PVTDR,NASHVILLE,TN,37209,4701,WEST,36.1301,-86.9135,POINT (-86.9135 36.1301)
20190108505,02/09/2019 03:02:00 PM,2,2,0,,N,298858,11,Front to Rear,21,CLEAR,1,DAYLIGHT,12,MOTOR VEHICLE IN TRANSPORT,KOREAN VETERANS BLVD & S 1ST ST,NASHVILLE,TN,37213,1001,CENTRA,36.1629,-86.7687,POINT (-86.7687 36.1629)
20190416195,05/31/2019 12:55:00 PM,2,0,0,,N,223502,11,Front to Rear,21,CLEAR,1,DAYLIGHT,12,MOTOR VEHICLE IN TRANSPORT,MM 56 8 I 24,NASHVILLE,TN,37211,8810,SOUTH,36.0721,-86.6914,POINT (-86.6914 36.0721)
20190185884,03/09/2019 02:27:00 AM,2,0,0,,N,110062,4,ANGLE,21,CLEAR,3,DARK - LIGHTED,12,MOTOR VEHICLE IN TRANSPORT,INTERSTATE DR & WOODLAND ST,NASHVILLE,TN,37213,1105,CENTRA,36.1705,-86.7684,POINT (-86.7684 36.1705)
20190372932,05/15/2019 08:07:00 PM,2,1,0,,N,151132,2,HEAD-ON,22,CLOUDY,3,DARK - LIGHTED,12,MOTOR VEHICLE IN TRANSPORT,GALLATIN PKES & GALLATIN PKE,MADISON,TN,37115,1517,MADISO,36.2383,-86.724,POINT (-86.724 36.2383)
20190512232,07/08/2019 12:50:00 PM,2,0,0,,N,166478,5,SIDESWIPE - SAME DIRECTION,21,CLEAR,1,DAYLIGHT,12,MOTOR VEHICLE IN TRANSPORT,I65 N ENT RAMP & I 40,NASHVILLE,TN,37208,44041,NORTH,36.1734,-86.8012,POINT (-86.8012 36.1734)
20190285711,04/14/2019 05:12:00 AM,1,1,0,Y,N,166477,0,NOT COLLISION W/MOTOR VEHICLE-TRANSPORT,2,RAIN,3,DARK - LIGHTED,24;36;44;63;64,GUARDRAIL FACE;CONCRETE TRAFFIC BARRIER;PAVED SURFACE-IRREGULAR;Ran Off Road-Right;Ran Off Road-Left,MM 57 5 I 24,ANTIOCH,TN,37013,87060,SOUTH,36.0636,-86.6836,POINT (-86.6836 36.0636)
20190555357,07/25/2019 02:19:00 PM,2,0,0,,N,134899,11,Front to Rear,21,CLEAR,1,DAYLIGHT,12,MOTOR VEHICLE IN TRANSPORT,ANDREW JACKSON PKWY & JACKSON PASS,HERMITAGE,TN,37076,9561,HERMIT,36.1873,-86.6083,POINT (-86.6083 36.1873)
20190473807,06/22/2019 12:00:00 AM,2,0,0,,N,197056,11,Front to Rear,22,CLOUDY,1,DAYLIGHT,55,Motor Vehicle-In-Motion Outside Trafficw,OLD HICKORY BLVD & MILLS RD,HERMITAGE,TN,37076,9527,HERMIT,36.1695,-86.6011,POINT (-86.6011 36.1695)
20190400249,05/25/2019 12:00:00 PM,2,0,0,,Y,311339,4,ANGLE,21,CLEAR,1,DAYLIGHT,14,PARKED MOTOR VEHICLE,4TH AVS & 4TH AVN,NASHVILLE,TN,37203,4091,CENTRA,36.1607,-86.777,POINT (-86.777 36.1607)
20190395112,05/23/2019 05:43:00 PM,2,0,0,,N,240960,4,ANGLE,21,CLEAR,1,DAYLIGHT,12,MOTOR VEHICLE IN TRANSPORT,GALLATIN PKE & ZOPHI ST,NASHVILLE,TN,37216,1415,EAST,36.2044,-86.7381,POINT (-86.7381 36.2044)
20190300806,04/19/2019 12:47:00 AM,1,0,0,Y,N,240947,0,NOT COLLISION W/MOTOR VEHICLE-TRANSPORT,2,RAIN,2,DARK - NOT LIGHTED,32;40;47;64,CULVERT;MAIL BOX;FIRE HYDRANT;Ran Off Road-Left,SHUTE LN & MONTCHANIN TER,OLD HICKORY,TN,37138,9717,HERMIT,36.2315,-86.6168,POINT (-86.6168 36.2315)
20190502169,07/03/2019 04:05:00 PM,2,0,0,,N,717341,4,ANGLE,21,CLEAR,1,DAYLIGHT,12,MOTOR VEHICLE IN TRANSPORT,EZELL RD & LINBAR DR,NASHVILLE,TN,37211,8707,SOUTH,36.0742,-86.6934,POINT (-86.6934 36.0742)
20190231762,03/25/2019 03:45:00 PM,3,0,0,,Y,256446,11,Front to Rear,21,CLEAR,1,DAYLIGHT,12,MOTOR VEHICLE IN TRANSPORT,MM 54 6 I 24,NASHVILLE,TN,37211,84021,SOUTH,36.0994,-86.7109,POINT (-86.7109 36.0994)
20190354470,05/08/2019 08:08:00 PM,2,3,0,,N,212331,4,ANGLE,21,CLEAR,3,DARK - LIGHTED,12;31;41,"MOTOR VEHICLE IN TRANSPORT;OTHER POST, POLE, SUPP.;SHRUBBERY",WESTCHESTER DR & DICKERSON PKE,MADISON,TN,37115,2019,MADISO,36.2632,-86.7573,POINT (-86.7573 36.2632)
20190109187,02/09/2019 10:25:00 PM,1,0,0,Y,N,298859,0,NOT COLLISION W/MOTOR VEHICLE-TRANSPORT,21,CLEAR,3,DARK - LIGHTED,30,UTILITY POLE,LEBANON PKE & FAIRWAY DR,NASHVILLE,TN,37214,9109,HERMIT,36.1691,-86.6824,POINT (-86.6824 36.1691)
20190456746,06/16/2019 06:50:00 AM,2,0,0,,N,352196,5,SIDESWIPE - SAME DIRECTION,22,CLOUDY,1,DAYLIGHT,14,PARKED MOTOR VEHICLE,KOREAN VETERANS BLVD & ALMOND ST,NASHVILLE,TN,37201,4053,CENTRA,36.1575,-86.7738,POINT (-86.7738 36.1575)
20190006127,01/03/2019 07:00:00 AM,2,0,0,,N,676834,11,Front to Rear,22,CLOUDY,1,DAYLIGHT,12,MOTOR VEHICLE IN TRANSPORT,ROSA L PARKS BLVD & I65 S EXT RAMP,NASHVILLE,TN,37208,4405,NORTH,36.1861,-86.7984,POINT (-86.7984 36.1861)
20190245028,03/29/2019 08:56:00 PM,1,0,0,,N,279216,0,NOT COLLISION W/MOTOR VEHICLE-TRANSPORT,21,CLEAR,2,DARK - NOT LIGHTED,50,DEER (ANIMAL),ASHLAND CITY HWY & BULL RUN RD,NASHVILLE,TN,37218,3325,NORTH,36.2114,-86.9212,POINT (-86.9212 36.2114)
20190538987,07/19/2019 03:30:00 AM,1,0,0,,N,110090,0,NOT COLLISION W/MOTOR VEHICLE-TRANSPORT,21,CLEAR,3,DARK - LIGHTED,34;41,DITCH;SHRUBBERY,MM 59 0 I 24,ANTIOCH,TN,37013,8808,SOUTH,36.049,-86.6651,POINT (-86.6651 36.049)
20190306496,04/21/2019 12:59:00 PM,2,0,0,,N,109495,11,Front to Rear,21,CLEAR,1,DAYLIGHT,12,MOTOR VEHICLE IN TRANSPORT,WOODMONT BLVD & GRANNY WHITE PKE,NASHVILLE,TN,37204,7007,MIDTOW,36.1116,-86.7926,POINT (-86.7926 36.1116)
20190484346,06/26/2019 11:51:00 PM,1,0,0,,N,256382,0,NOT COLLISION W/MOTOR VEHICLE-TRANSPORT,2,RAIN,3,DARK - LIGHTED,25;39,GUARDRAIL END;WALL,MM 212 0 I 40,NASHVILLE,TN,37210,90041,HERMIT,36.147,-86.7433,POINT (-86.7433 36.147)
20190304577,04/20/2019 02:15:00 PM,2,0,0,,N,161939,4,ANGLE,2,RAIN,1,DAYLIGHT,12,MOTOR VEHICLE IN TRANSPORT,BELL RD & CANE RIDGE RD,ANTIOCH,TN,37013,8751,SOUTH,36.0447,-86.6615,POINT (-86.6615 36.0447)
20190043873,01/17/2019 11:27:00 AM,2,1,0,,N,420059,11,Front to Rear,22,CLOUDY,1,DAYLIGHT,12,MOTOR VEHICLE IN TRANSPORT,HARDING PL & TIMBERHILL DR,NASHVILLE,TN,37211,8605,MIDTOW,36.0812,-86.7545,POINT (-86.7545 36.0812)
20190217642,03/20/2019 03:56:00 PM,1,0,0,Y,N,279194,0,NOT COLLISION W/MOTOR VEHICLE-TRANSPORT,21,CLEAR,1,DAYLIGHT,47,FIRE HYDRANT,ATHENS WAY & PONDER PL,NASHVILLE,TN,37228,4445,NORTH,36.1922,-86.8023,POINT (-86.8023 36.1922)
20190388931,05/21/2019 06:44:00 PM,1,1,0,,N,151132,0,NOT COLLISION W/MOTOR VEHICLE-TRANSPORT,21,CLEAR,1,DAYLIGHT,50,DEER (ANIMAL),MM 41 4 I 24,WHITES CREEK,TN,37189,20161,MADISO,36.2659,-86.7912,POINT (-86.7912 36.2659)
20190296421,04/17/2019 05:04:00 PM,2,0,0,,N,179606,11,Front to Rear,21,CLEAR,1,DAYLIGHT,12,MOTOR VEHICLE IN TRANSPORT,I65 S ENT RAMP & I 65,NASHVILLE,TN,37207,3007,NORTH,36.2057,-86.778,POINT (-86.778 36.2057)
20190568546,07/31/2019 05:45:00 AM,3,0,0,,Y,109531,0,NOT COLLISION W/MOTOR VEHICLE-TRANSPORT,21,CLEAR,1,DAYLIGHT,12;18,MOTOR VEHICLE IN TRANSPORT;OTHER OBJECT (NOT FIXED),MM 49 3 I 24,NASHVILLE,TN,37206,10040,EAST,36.1629,-86.7614,POINT (-86.7614 36.1629)
20190309421,04/22/2019 12:00:00 AM,2,1,0,,N,298861,4,ANGLE,21,CLEAR,1,DAYLIGHT,12,MOTOR VEHICLE IN TRANSPORT,MM 212 2 I 40,NASHVILLE,TN,37210,90041,HERMIT,36.1458,-86.7414,POINT (-86.7414 36.1458)
20190520179,07/11/2019 03:37:00 PM,2,0,0,,N,320585,11,Front to Rear,21,CLEAR,1,DAYLIGHT,12,MOTOR VEHICLE IN TRANSPORT,HERMITAGE AV & DECATUR AV,NASHVILLE,TN,37210,9005,HERMIT,36.1536,-86.7536,POINT (-86.7536 36.1536)
20190432003,06/06/2019 03:57:00 PM,2,1,0,,Y,206675,11,Front to Rear,21,CLEAR,1,DAYLIGHT,12,MOTOR VEHICLE IN TRANSPORT,THOMPSON LN & SIDCO DR,NASHVILLE,TN,37204,8525,MIDTOW,36.1112,-86.7559,POINT (-86.7559 36.1112)
20190323422,04/26/2019 05:56:00 PM,2,0,0,,N,256380,11,Front to Rear,21,CLEAR,1,DAYLIGHT,12,MOTOR VEHICLE IN TRANSPORT,MM 34 8 I 24,JOELTON,TN,37080,33160,NORTH,36.3243,-86.8707,POINT (-86.8707 36.3243)
20190196435,03/13/2019 06:47:00 AM,3,1,0,,N,109534,11,Front to Rear,21,CLEAR,1,DAYLIGHT,12,MOTOR VEHICLE IN TRANSPORT,MM 215 2 I 40,NASHVILLE,TN,37214,91021,HERMIT,36.144,-86.6913,POINT (-86.6913 36.144)
20190117448,02/12/2019 10:49:00 PM,2,1,0,,N,212349,5,SIDESWIPE - SAME DIRECTION,21,CLEAR,3,DARK - LIGHTED,12,MOTOR VEHICLE IN TRANSPORT,0 I 40,NASHVILLE,TN,37210,9002,HERMIT,36.1532,-86.7556,POINT (-86.7556 36.1532)
20190374377,05/16/2019 07:55:00 AM,2,0,0,,N,226622,11,Front to Rear,21,CLEAR,1,DAYLIGHT,12,MOTOR VEHICLE IN TRANSPORT,MM 198 6 I 40,NASHVILLE,TN,37221,4806,WEST,36.1042,-86.9319,POINT (-86.9319 36.1042)
20190429492,06/05/2019 07:15:00 PM,2,0,0,,N,212344,4,ANGLE,22,CLOUDY,1,DAYLIGHT,14,PARKED MOTOR VEHICLE,0 S 11TH ST,NASHVILLE,TN,37206,1203,EAST,36.1742,-86.7504,POINT (-86.7504 36.1742)
20190546876,07/22/2019 11:33:00 AM,1,1,0,,N,109534,0,NOT COLLISION W/MOTOR VEHICLE-TRANSPORT,22,CLOUDY,1,DAYLIGHT,39,WALL,MM 210 5 I 40,NASHVILLE,TN,37210,8202,HERMIT,36.1522,-86.7669,POINT (-86.7669 36.1522)
20190139439,02/20/2019 06:05:00 PM,2,1,0,,Y,256383,11,Front to Rear,2,RAIN,2,DARK - NOT LIGHTED,12;17,MOTOR VEHICLE IN TRANSPORT;BOULDER,HICKORY HOLLOW PKWY & MT VIEW RD,ANTIOCH,TN,37013,8861,SOUTH,36.0588,-86.6704,POINT (-86.6704 36.0588)
20190385647,05/20/2019 05:29:00 PM,2,0,0,,N,299241,11,Front to Rear,21,CLEAR,1,DAYLIGHT,12,MOTOR VEHICLE IN TRANSPORT,MM 214 6 I 40,NASHVILLE,TN,37210,90060,HERMIT,36.1437,-86.7027,POINT (-86.7027 36.1437)
20190267618,04/07/2019 01:40:00 PM,2,0,0,,N,240979,11,Front to Rear,2,RAIN,1,DAYLIGHT,12,MOTOR VEHICLE IN TRANSPORT,MM 91 2 I 65,MADISON,TN,37115,2006,MADISO,36.2503,-86.7413,POINT (-86.7413 36.2503)
20190246186,03/30/2019 12:00:00 PM,2,0,0,,N,320601,5,SIDESWIPE - SAME DIRECTION,21,CLEAR,1,DAYLIGHT,12,MOTOR VEHICLE IN TRANSPORT,NOLENSVILLE PKE & FLORA MAXWELL RD,NASHVILLE,TN,37211,8701,SOUTH,36.0751,-86.7249,POINT (-86.7249 36.0751)
20190312398,04/23/2019 09:58:00 AM,2,1,0,,N,110063,5,SIDESWIPE - SAME DIRECTION,21,CLEAR,1,DAYLIGHT,12,MOTOR VEHICLE IN TRANSPORT,W TRINITY LN & BRICK CHURCH PKE,NASHVILLE,TN,37207,3003,NORTH,36.2066,-86.7779,POINT (-86.7779 36.2066)
20190552286,07/24/2019 12:21:00 PM,2,4,0,,N,493304,2,HEAD-ON,21,CLEAR,1,DAYLIGHT,12,MOTOR VEHICLE IN TRANSPORT,4TH AV & E OLD HICKORY BLVD,MADISON,TN,37115,1607,MADISO,36.2626,-86.7063,POINT (-86.7063 36.2626)
20190282045,04/12/2019 04:09:00 PM,2,0,0,,N,420040,5,SIDESWIPE - SAME DIRECTION,22,CLOUDY,1,DAYLIGHT,12,MOTOR VEHICLE IN TRANSPORT,OLD HICKORY BLVD & BRENTWOOD EAST DR,NASHVILLE,TN,37211,8651,MIDTOW,36.0452,-86.7154,POINT (-86.7154 36.0452)
20190119558,02/13/2019 01:38:00 PM,2,0,0,,Y,676834,6,SIDESWIPE - OPPOSITE DIRECTION,21,CLEAR,1,DAYLIGHT,12,MOTOR VEHICLE IN TRANSPORT,CLARKSVILLE PKE & BUENA VISTA PKE,NASHVILLE,TN,37218,3135,NORTH,36.1935,-86.8309,POINT (-86.8309 36.1935)
20190128132,02/16/2019 03:54:00 PM,2,2,0,,N,311803,11,Front to Rear,21,CLEAR,1,DAYLIGHT,12,MOTOR VEHICLE IN TRANSPORT,FRANKLIN PKE & ELYSIAN FIELDS RD,NASHVILLE,TN,37204,7029,MIDTOW,36.0914,-86.7714,POINT (-86.7714 36.0914)
20190264788,04/06/2019 07:20:00 AM,2,0,0,,N,320574,16,Rear to Side,21,CLEAR,4,DAWN,12,MOTOR VEHICLE IN TRANSPORT,MERCER DR & WILL PL,HERMITAGE,TN,37076,9509,HERMIT,36.1993,-86.6011,POINT (-86.6011 36.1993)
20190263425,04/05/2019 05:05:00 PM,2,0,0,,N,226827,11,Front to Rear,22,CLOUDY,1,DAYLIGHT,12,MOTOR VEHICLE IN TRANSPORT,W MARTHONA RD & OLD HICKORY BLVDW,MADISON,TN,37115,1775,MADISO,36.2645,-86.7302,POINT (-86.7302 36.2645)
20190085695,02/01/2019 06:52:00 AM,1,0,0,Y,N,902543,0,NOT COLLISION W/MOTOR VEHICLE-TRANSPORT,2,RAIN,1,DAYLIGHT,29,LUMINAIRE/LIGHT SUPPORT,ELLINGTON PKWYN & ELLINGTON PKWY N ENT R,NASHVILLE,TN,37216,1821,EAST,36.2069,-86.7496,POINT (-86.7496 36.2069)
20190532114,07/16/2019 04:24:00 PM,2,0,0,,N,267831,11,Front to Rear,22,CLOUDY,1,DAYLIGHT,12,MOTOR VEHICLE IN TRANSPORT,HIGHWAY 100 & OLD HICKORY BLVD,NASHVILLE,TN,37221,6213,WEST,36.0609,-86.9153,POINT (-86.9153 36.0609)
20190155152,02/26/2019 09:04:00 AM,2,0,0,,N,493304,11,Front to Rear,21,CLEAR,1,DAYLIGHT,12,MOTOR VEHICLE IN TRANSPORT,NEELYS BEND RD & RANDY RD,MADISON,TN,37115,1631,MADISO,36.2523,-86.6938,POINT (-86.6938 36.2523)
20190089031,02/02/2019 10:24:00 AM,2,0,0,,N,909494,5,SIDESWIPE - SAME DIRECTION,22,CLOUDY,1,DAYLIGHT,12,MOTOR VEHICLE IN TRANSPORT,DICKERSON PKE & DICKERSON PKE,NASHVILLE,TN,37207,1835,EAST,36.205,-86.7553,POINT (-86.7553 36.205)
20190419369,06/01/2019 09:36:00 PM,2,0,0,,N,256384,4,ANGLE,21,CLEAR,3,DARK - LIGHTED,12,MOTOR VEHICLE IN TRANSPORT,NOLENSVILLE PKE & ELYSIAN FIELDS RD,NASHVILLE,TN,37211,8501,MIDTOW,36.0859,-86.7291,POINT (-86.7291 36.0859)
20190047039,01/18/2019 12:33:00 PM,1,1,0,Y,N,481573,0,NOT COLLISION W/MOTOR VEHICLE-TRANSPORT,22,CLOUDY,1,DAYLIGHT,24;27,GUARDRAIL FACE;H-WAY TRAFFIC SIGNAL POST,OLD HICKORY BLVD & I65 N EXT RAMP,BRENTWOOD,TN,37027,8623,MIDTOW,36.0399,-86.781,POINT (-86.781 36.0399)
20190193294,03/12/2019 06:25:00 AM,3,3,0,,N,420059,11,Front to Rear,21,CLEAR,3,DARK - LIGHTED,12,MOTOR VEHICLE IN TRANSPORT,I65 ENT RAMP & I 440,NASHVILLE,TN,37204,81061,MIDTOW,36.1189,-86.7675,POINT (-86.7675 36.1189)
20190339948,05/03/2019 07:15:00 AM,1,0,0,Y,N,223502,0,NOT COLLISION W/MOTOR VEHICLE-TRANSPORT,2,RAIN,1,DAYLIGHT,19,BUILDING,PEACHTREE ST & BURBANK AV,NASHVILLE,TN,37210,8347,SOUTH,36.1202,-86.7453,POINT (-86.7453 36.1202)