Accident Number,Date and Time,Number of Motor Vehicles,Number of Injuries,Number of Fatalities,Property Damage,Hit and Run,Reporting Officer,Collision Type Code,Collision Type Description,Weather Code,Weather Description,Illumination Code,Illumination Description,Harmful Code,Harmful Code Description,Street Address,City,State,ZIP,RPA,Precinct,Latitude,Longitude,Mapped Location
20190121852,02/14/2019 08:20:00 AM,2,0,0,,N,226136,11,Front to Rear,22,CLOUDY,1,DAYLIGHT,12,MOTOR VEHICLE IN TRANSPORT,14TH AVN & I40 E EXT RAMP,NASHVILLE,TN,37203,5425,NORTH,36.1611,-86.7937,POINT (-86.7937 36.1611)
20190004306,01/02/2019 03:20:00 PM,2,0,0,,N,256427,11,Front to Rear,21,CLEAR,5,DUSK,12,MOTOR VEHICLE IN TRANSPORT,MM 210 4 I 40,NASHVILLE,TN,37210,80022,SOUTH,36.1511,-86.7695,POINT (-86.7695 36.1511)
20190059512,01/23/2019 12:18:00 PM,1,1,0,,N,191578,0,NOT COLLISION W/MOTOR VEHICLE-TRANSPORT,2,RAIN,1,DAYLIGHT,36,CONCRETE TRAFFIC BARRIER,BRILEY PKWYN & BRILEY PKWYS,NASHVILLE,TN,37211,8404,SOUTH,36.1092,-86.727,POINT (-86.727 36.1092)
20190511793,07/08/2019 06:06:00 AM,2,0,0,,Y,716886,11,Front to Rear,21,CLEAR,1,DAYLIGHT,12,MOTOR VEHICLE IN TRANSPORT,I24 W ENT RAMP & I 24,NASHVILLE,TN,37206,1009,EAST,36.1666,-86.7638,POINT (-86.7638 36.1666)
20190216797,03/20/2019 10:15:00 AM,2,0,0,,Y,226136,4,ANGLE,21,CLEAR,1,DAYLIGHT,13;14,MOTOR VEHICLE IN TRANSPORT-OTHER ROADWAY;PARKED MOTOR VEHICLE,5TH AVS & CARROLL ST,NASHVILLE,TN,37203,8003,MIDTOW,36.1491,-86.7711,POINT (-86.7711 36.1491)
20190178035,03/02/2019 11:41:00 PM,1,0,0,Y,Y,716886,0,NOT COLLISION W/MOTOR VEHICLE-TRANSPORT,21,CLEAR,3,DARK - LIGHTED,24;42,GUARDRAIL FACE;TREE,OWEN DR & OLD HICKORY BLVD,ANTIOCH,TN,37013,8867,SOUTH,36.0185,-86.6213,POINT (-86.6213 36.0185)
20190524055,07/13/2019 03:38:00 AM,2,0,0,,Y,311343,4,ANGLE,21,CLEAR,3,DARK - LIGHTED,12,MOTOR VEHICLE IN TRANSPORT,LEALAND LN & KIRKWOOD AV,NASHVILLE,TN,37204,6935,MIDTOW,36.1197,-86.7873,POINT (-86.7873 36.1197)
20190173855,03/05/2019 07:05:00 AM,2,0,0,,N,429188,11,Front to Rear,21,CLEAR,1,DAYLIGHT,12,MOTOR VEHICLE IN TRANSPORT,BELL RD & THE OVERLOOK PVTDR,ANTIOCH,TN,37013,8865,SOUTH,36.056,-86.6421,POINT (-86.6421 36.056)
20190129322,02/17/2019 03:05:00 AM,2,2,0,,N,320578,4,ANGLE,2,RAIN,2,DARK - NOT LIGHTED,12,MOTOR VEHICLE IN TRANSPORT,HAYWOOD LN & EZELL RD,NASHVILLE,TN,37211,8709,SOUTH,36.0696,-86.6944,POINT (-86.6944 36.0696)
20190422536,06/03/2019 10:00:00 AM,2,0,0,,N,226622,4,ANGLE,21,CLEAR,1,DAYLIGHT,12,MOTOR VEHICLE IN TRANSPORT,HARDING PKE & KENNER AV,NASHVILLE,TN,37205,6021,WEST,36.1261,-86.8461,POINT (-86.8461 36.1261)
20190005218,01/03/2019 12:11:00 AM,2,0,0,,N,879558,4,ANGLE,2,RAIN,3,DARK - LIGHTED,12;39,MOTOR VEHICLE IN TRANSPORT;WALL,BRILEY PKWYN & BRILEY PKWYS,NASHVILLE,TN,37211,8404,SOUTH,36.1092,-86.727,POINT (-86.727 36.1092)
20190352913,05/08/2019 08:16:00 AM,2,0,0,,N,299243,4,ANGLE,21,CLEAR,1,DAYLIGHT,12,MOTOR VEHICLE IN TRANSPORT,MM 48 1 I 24,NASHVILLE,TN,37207,1106,EAST,36.1742,-86.7706,POINT (-86.7706 36.1742)
20190540120,07/19/2019 01:11:00 PM,1,0,0,Y,Y,311327,0,NOT COLLISION W/MOTOR VEHICLE-TRANSPORT,21,CLEAR,1,DAYLIGHT,40,MAIL BOX,MCGAVOCK PKE & RIVERSIDE DR,NASHVILLE,TN,37216,1437,EAST,36.2048,-86.7244,POINT (-86.7244 36.2048)
20190548824,07/23/2019 12:00:00 AM,1,0,0,,Y,262749,0,NOT COLLISION W/MOTOR VEHICLE-TRANSPORT,99,UNKNOWN,9,UNKNOWN,1,,MILLS RD & OLD HICKORY BLVD,HERMITAGE,TN,37076,9527,HERMIT,36.1685,-86.6003,POINT (-86.6003 36.1685)
20190012022,01/05/2019 11:00:00 AM,2,0,0,,Y,330419,5,SIDESWIPE - SAME DIRECTION,21,CLEAR,1,DAYLIGHT,14,PARKED MOTOR VEHICLE,BELLEVUE CTR PVTDR & HIGHWAY 70S,NASHVILLE,TN,37221,4813,WEST,36.0787,-86.9507,POINT (-86.9507 36.0787)
20190009240,01/04/2019 10:38:00 AM,1,0,0,Y,N,191578,0,NOT COLLISION W/MOTOR VEHICLE-TRANSPORT,2,RAIN,1,DAYLIGHT,24,GUARDRAIL FACE,I40 W EXT RAMP & BRILEY PKWYN,NASHVILLE,TN,37214,91021,HERMIT,36.1465,-86.6942,POINT (-86.6942 36.1465)
20190215141,03/19/2019 12:00:00 AM,1,0,0,,Y,212336,9,UNKNOWN,21,CLEAR,2,DARK - NOT LIGHTED,99,UNKNOWN MOST HARMFUL EVENT,ELLINGTON PKWY N ENT RAMP & HART LN,NASHVILLE,TN,37216,1821,EAST,36.218,-86.7465,POINT (-86.7465 36.218)
20190353307,05/08/2019 11:11:00 AM,2,1,0,,N,212369,4,ANGLE,21,CLEAR,1,DAYLIGHT,12,MOTOR VEHICLE IN TRANSPORT,19TH AVS & WEDGEWOOD AV,NASHVILLE,TN,37212,6611,MIDTOW,36.1373,-86.7981,POINT (-86.7981 36.1373)
20190063287,01/24/2019 04:50:00 PM,2,0,0,,N,281611,11,Front to Rear,21,CLEAR,1,DAYLIGHT,12,MOTOR VEHICLE IN TRANSPORT,HIGHWAY 100 & HIGHWAY 96,NASHVILLE,TN,37221,4805,WEST,36.0128,-87.0451,POINT (-87.0451 36.0128)
20190089932,02/02/2019 08:40:00 PM,2,0,0,,N,298874,2,HEAD-ON,21,CLEAR,3,DARK - LIGHTED,14,PARKED MOTOR VEHICLE,DALEBROOK CT & DALEBROOK LN,NASHVILLE,TN,37206,1353,EAST,36.1835,-86.7225,POINT (-86.7225 36.1835)
20190417101,05/31/2019 07:21:00 PM,2,0,0,,N,206675,11,Front to Rear,21,CLEAR,1,DAYLIGHT,12,MOTOR VEHICLE IN TRANSPORT,OLD HICKORY BLVD & SEVEN SPRINGS WAY PVT,BRENTWOOD,TN,37027,8623,MIDTOW,36.0406,-86.7711,POINT (-86.7711 36.0406)
20190167515,03/02/2019 08:33:00 PM,2,0,0,,N,311803,11,Front to Rear,21,CLEAR,3,DARK - LIGHTED,12,MOTOR VEHICLE IN TRANSPORT,DIVISION ST & 8TH AVS,NASHVILLE,TN,37203,4011,CENTRA,36.1498,-86.7801,POINT (-86.7801 36.1498)
20190439114,06/09/2019 05:13:00 PM,2,3,0,,N,429193,4,ANGLE,21,CLEAR,1,DAYLIGHT,12,MOTOR VEHICLE IN TRANSPORT,HWY 100 & TEMPLE RD,NASHVILLE,TN,37221,4807,WEST,36.0458,-86.949,POINT (-86.949 36.0458)
20190119723,02/13/2019 03:06:00 PM,2,0,0,,N,256426,4,ANGLE,21,CLEAR,1,DAYLIGHT,12,MOTOR VEHICLE IN TRANSPORT,LEBANON PKE & SPENCE LN,NASHVILLE,TN,37210,9019,HERMIT,36.1537,-86.7214,POINT (-86.7214 36.1537)
20190338261,05/02/2019 03:30:00 PM,2,0,0,,N,256389,11,Front to Rear,2,RAIN,1,DAYLIGHT,12,MOTOR VEHICLE IN TRANSPORT,NOLENSVILLE PKE & PARAGON MILLS RD,NASHVILLE,TN,37211,8421,SOUTH,36.0848,-86.7281,POINT (-86.7281 36.0848)
20190316903,04/24/2019 04:20:00 PM,2,0,0,,N,414711,11,Front to Rear,21,CLEAR,1,DAYLIGHT,12,MOTOR VEHICLE IN TRANSPORT,HIGHWAY 100 & OLD HICKORY BLVD,NASHVILLE,TN,37221,6213,WEST,36.0609,-86.9153,POINT (-86.9153 36.0609)
20190423384,06/03/2019 05:05:00 PM,2,0,0,,N,330436,11,Front to Rear,21,CLEAR,1,DAYLIGHT,12,MOTOR VEHICLE IN TRANSPORT,MM 86 1 I 65,NASHVILLE,TN,37228,44060,NORTH,36.1918,-86.7835,POINT (-86.7835 36.1918)
20190327738,04/29/2019 01:20:00 AM,1,1,0,Y,N,151122,0,NOT COLLISION W/MOTOR VEHICLE-TRANSPORT,21,CLEAR,2,DARK - NOT LIGHTED,1;2;24,GUARDRAIL FACE,MM 60 1 I 24,ANTIOCH,TN,37013,88060,SOUTH,36.0397,-86.6491,POINT (-86.6491 36.0397)
20190439020,06/09/2019 12:00:00 AM,2,2,0,,Y,279200,11,Front to Rear,21,CLEAR,1,DAYLIGHT,12,MOTOR VEHICLE IN TRANSPORT,12TH AVS & 11TH AVS,NASHVILLE,TN,37203,4015,CENTRA,36.1515,-86.7843,POINT (-86.7843 36.1515)
20190388793,05/21/2019 05:13:00 PM,3,2,0,,N,206675,4,ANGLE,21,CLEAR,1,DAYLIGHT,12,MOTOR VEHICLE IN TRANSPORT,21ST AVS & WESTWOOD AV,NASHVILLE,TN,37212,6509,MIDTOW,36.1264,-86.8046,POINT (-86.8046 36.1264)
20190043438,01/17/2019 08:10:00 AM,2,1,0,,N,191578,11,Front to Rear,21,CLEAR,1,DAYLIGHT,12,MOTOR VEHICLE IN TRANSPORT,EAST THOMPSON LN & MURFREESBORO PKE,NASHVILLE,TN,37217,8879,SOUTH,36.1267,-86.7111,POINT (-86.7111 36.1267)
20190482538,06/26/2019 09:20:00 AM,2,0,0,,N,352184,4,ANGLE,21,CLEAR,1,DAYLIGHT,12,MOTOR VEHICLE IN TRANSPORT,MM 209 8 I 40,NASHVILLE,TN,37203,4004,CENTRA,36.149,-86.7794,POINT (-86.7794 36.149)
20190432516,06/06/2019 08:14:00 PM,2,1,0,,N,676824,4,ANGLE,2,RAIN,3,DARK - LIGHTED,12,MOTOR VEHICLE IN TRANSPORT,2600 I40 W ENT RAMP,NASHVILLE,TN,37208,4525,NORTH,36.1681,-86.8164,POINT (-86.8164 36.1681)
20190577408,08/03/2019 03:11:00 PM,2,0,0,,N,161946,4,ANGLE,21,CLEAR,1,DAYLIGHT,12,MOTOR VEHICLE IN TRANSPORT,W TRINITY LN & LUCAS LN,NASHVILLE,TN,37207,1863,EAST,36.2061,-86.7711,POINT (-86.7711 36.2061)
20190118900,02/13/2019 09:16:00 AM,2,0,0,,N,716886,5,SIDESWIPE - SAME DIRECTION,21,CLEAR,1,DAYLIGHT,12,MOTOR VEHICLE IN TRANSPORT,HARDING PL & JONQUIL DR,NASHVILLE,TN,37211,8705,SOUTH,36.0804,-86.7179,POINT (-86.7179 36.0804)
20190465523,06/19/2019 04:17:00 PM,2,0,0,,N,690942,4,ANGLE,21,CLEAR,1,DAYLIGHT,12,MOTOR VEHICLE IN TRANSPORT,JEFFERSON ST & 5TH AVN,NASHVILLE,TN,37219,4235,CENTRA,36.1743,-86.7874,POINT (-86.7874 36.1743)
20190270192,04/08/2019 02:13:00 PM,1,0,0,Y,N,299244,0,NOT COLLISION W/MOTOR VEHICLE-TRANSPORT,21,CLEAR,1,DAYLIGHT,75,Bridge/Overhead Structure,8TH AVS & GLEAVES ST,NASHVILLE,TN,37203,4009,CENTRA,36.1518,-86.7793,POINT (-86.7793 36.1518)
20190004572,01/02/2019 06:25:00 PM,2,0,0,,N,256423,6,SIDESWIPE - OPPOSITE DIRECTION,2,RAIN,3,DARK - LIGHTED,12,MOTOR VEHICLE IN TRANSPORT,ROSA L PARKS BLVD & GREAT CIRCLE RD,NASHVILLE,TN,37228,4443,NORTH,36.1937,-86.807,POINT (-86.807 36.1937)
20190009569,01/04/2019 12:00:00 PM,2,0,0,Y,Y,330444,98,OTHER,2,RAIN,1,DAYLIGHT,14;55,PARKED MOTOR VEHICLE;Motor Vehicle-In-Motion Outside Trafficw,CURTIS ST & ALPINE AV,NASHVILLE,TN,37218,3155,NORTH,36.1993,-86.8288,POINT (-86.8288 36.1993)
20190387117,05/21/2019 06:00:00 AM,2,1,0,,N,299270,11,Front to Rear,21,CLEAR,1,DAYLIGHT,12,MOTOR VEHICLE IN TRANSPORT,I65 S EXT RAMP & WEDGEWOOD AV,NASHVILLE,TN,37203,6901,MIDTOW,36.1345,-86.7763,POINT (-86.7763 36.1345)
20190552644,07/24/2019 02:43:00 PM,2,0,0,,N,690942,4,ANGLE,21,CLEAR,1,DAYLIGHT,12,MOTOR VEHICLE IN TRANSPORT,8TH AVS & 8TH AVS,NASHVILLE,TN,37203,4041,CENTRA,36.1545,-86.7796,POINT (-86.7796 36.1545)
20190161012,02/28/2019 08:15:00 AM,2,0,0,,N,279227,5,SIDESWIPE - SAME DIRECTION,21,CLEAR,1,DAYLIGHT,12,MOTOR VEHICLE IN TRANSPORT,I24E & I24 E ENT RAMP,NASHVILLE,TN,37210,8102,SOUTH,36.1363,-86.727,POINT (-86.727 36.1363)
20190554971,07/25/2019 11:55:00 AM,3,1,0,,N,483529,2,HEAD-ON,21,CLEAR,1,DAYLIGHT,12,MOTOR VEHICLE IN TRANSPORT,GALLATIN AV & CHICAMAUGA AV,NASHVILLE,TN,37206,1301,EAST,36.1843,-86.7482,POINT (-86.7482 36.1843)
20190256671,04/03/2019 10:03:00 AM,2,0,0,,Y,630627,5,SIDESWIPE - SAME DIRECTION,21,CLEAR,1,DAYLIGHT,12;14,MOTOR VEHICLE IN TRANSPORT;PARKED MOTOR VEHICLE,19TH AVS & BELCOURT AV,NASHVILLE,TN,37212,6611,MIDTOW,36.1369,-86.7982,POINT (-86.7982 36.1369)
20190156358,02/26/2019 04:32:00 PM,2,0,0,,N,206675,5,SIDESWIPE - SAME DIRECTION,21,CLEAR,1,DAYLIGHT,12,MOTOR VEHICLE IN TRANSPORT,21ST AVS & BLAIR BLVD,NASHVILLE,TN,37212,6607,MIDTOW,36.1304,-86.802,POINT (-86.802 36.1304)
20190341018,05/03/2019 02:27:00 PM,2,0,0,,N,714641,5,SIDESWIPE - SAME DIRECTION,22,CLOUDY,1,DAYLIGHT,12,MOTOR VEHICLE IN TRANSPORT,SPRING ST & N 1ST ST,NASHVILLE,TN,37207,1955,CENTRA,36.177,-86.7746,POINT (-86.7746 36.177)
20190433975,06/07/2019 11:00:00 AM,2,0,0,,N,352155,4,ANGLE,2,RAIN,1,DAYLIGHT,12,MOTOR VEHICLE IN TRANSPORT,BELL RD & HICKORY HOLLOW LN,ANTIOCH,TN,37013,8863,SOUTH,36.0492,-86.6517,POINT (-86.6517 36.0492)
20190387223,05/21/2019 07:12:00 AM,2,0,0,,N,109534,5,SIDESWIPE - SAME DIRECTION,21,CLEAR,1,DAYLIGHT,12,MOTOR VEHICLE IN TRANSPORT,MM 211 6 I 40,NASHVILLE,TN,37210,82042,HERMIT,36.1508,-86.7502,POINT (-86.7502 36.1508)
20190304074,04/20/2019 08:42:00 AM,2,0,0,,Y,544481,5,SIDESWIPE - SAME DIRECTION,2,RAIN,1,DAYLIGHT,12,MOTOR VEHICLE IN TRANSPORT,MM 86 6 I 65,NASHVILLE,TN,37207,3002,NORTH,36.1959,-86.7761,POINT (-86.7761 36.1959)
20190444535,06/11/2019 06:17:00 PM,2,0,0,,Y,352167,5,SIDESWIPE - SAME DIRECTION,21,CLEAR,1,DAYLIGHT,12,MOTOR VEHICLE IN TRANSPORT,MM 80 8 I 65,NASHVILLE,TN,37204,80040,MIDTOW,36.127,-86.7725,POINT (-86.7725 36.127)
20190574006,08/02/2019 07:00:00 AM,2,0,0,,Y,278580,11,Front to Rear,21,CLEAR,1,DAYLIGHT,12,MOTOR VEHICLE IN TRANSPORT,W TRINITY LN & WHITES CREEK PKE,NASHVILLE,TN,37207,3009,NORTH,36.207,-86.7916,POINT (-86.7916 36.207)
20190094405,02/04/2019 05:36:00 PM,2,0,0,,N,151132,11,Front to Rear,22,CLOUDY,5,DUSK,12,MOTOR VEHICLE IN TRANSPORT,MM 92 7 I 65,MADISON,TN,37115,17062,MADISO,36.2709,-86.7365,POINT (-86.7365 36.2709)
20190447908,06/12/2019 06:25:00 PM,2,0,0,,N,206675,11,Front to Rear,21,CLEAR,1,DAYLIGHT,14,PARKED MOTOR VEHICLE,GALE LN & BELMONT BLVD,NASHVILLE,TN,37212,6503,MIDTOW,36.1175,-86.7972,POINT (-86.7972 36.1175)
20190041825,01/16/2019 12:00:00 AM,2,0,0,,Y,240976,4,ANGLE,21,CLEAR,1,DAYLIGHT,12,MOTOR VEHICLE IN TRANSPORT,MARINA ST & MYRTLE ST,NASHVILLE,TN,37206,1943,EAST,36.1804,-86.7572,POINT (-86.7572 36.1804)
20190134759,02/19/2019 08:15:00 AM,2,0,0,,Y,876573,11,Front to Rear,21,CLEAR,1,DAYLIGHT,12,MOTOR VEHICLE IN TRANSPORT,BLUE HOLE RD & OAK CHASE DR,ANTIOCH,TN,37013,8753,SOUTH,36.0332,-86.6747,POINT (-86.6747 36.0332)
20190460341,06/17/2019 05:40:00 PM,2,1,0,,N,256380,11,Front to Rear,21,CLEAR,1,DAYLIGHT,12,MOTOR VEHICLE IN TRANSPORT,WHITES CREEK PKE & BAXTER RD,JOELTON,TN,37080,2305,NORTH,36.3513,-86.8788,POINT (-86.8788 36.3513)
20190259255,04/04/2019 07:21:00 AM,2,1,0,,N,676834,11,Front to Rear,21,CLEAR,1,DAYLIGHT,12,MOTOR VEHICLE IN TRANSPORT,W TRINITY LN & HAMPTON ST,NASHVILLE,TN,37207,3007,NORTH,36.2067,-86.7784,POINT (-86.7784 36.2067)
20190543013,07/20/2019 12:00:00 AM,2,0,0,,N,279118,4,ANGLE,2,RAIN,1,DAYLIGHT,12,MOTOR VEHICLE IN TRANSPORT,BEECHWOOD TER & BELL RD,ANTIOCH,TN,37013,8721,SOUTH,36.0449,-86.6684,POINT (-86.6684 36.0449)
20190309823,04/22/2019 05:15:00 PM,2,0,0,,Y,279124,11,Front to Rear,21,CLEAR,1,DAYLIGHT,12,MOTOR VEHICLE IN TRANSPORT,OLD HICKORY BLVD & NOLENSVILLE PKE,ANTIOCH,TN,37013,8757,SOUTH,36.0455,-86.7122,POINT (-86.7122 36.0455)
20190025492,01/10/2019 04:13:00 PM,2,0,0,,N,311333,5,SIDESWIPE - SAME DIRECTION,21,CLEAR,1,DAYLIGHT,12,MOTOR VEHICLE IN TRANSPORT,MM 59 2 I 24,ANTIOCH,TN,37013,87061,SOUTH,36.0467,-86.6614,POINT (-86.6614 36.0467)
20190000686,01/01/2019 12:00:00 AM,1,0,0,,N,405447,0,NOT COLLISION W/MOTOR VEHICLE-TRANSPORT,99,UNKNOWN,3,DARK - LIGHTED,36,CONCRETE TRAFFIC BARRIER,I65 S EXT RAMP & I 65,MADISON,TN,37115,20044,MADISO,36.2481,-86.743,POINT (-86.743 36.2481)
20190070521,01/27/2019 11:25:00 AM,2,1,0,,N,332253,4,ANGLE,22,CLOUDY,1,DAYLIGHT,12,MOTOR VEHICLE IN TRANSPORT,OLD HICKORY BLVD & HICKORY HILLS BLVD,WHITES CREEK,TN,37189,2015,MADISO,36.277,-86.7962,POINT (-86.7962 36.277)
20190197207,03/13/2019 12:21:00 PM,2,1,0,,N,580819,4,ANGLE,21,CLEAR,1,DAYLIGHT,12,MOTOR VEHICLE IN TRANSPORT,LEA AV & 4TH AVS,NASHVILLE,TN,37203,4037,CENTRA,36.1547,-86.7731,POINT (-86.7731 36.1547)
20190495990,07/01/2019 03:43:00 PM,2,1,0,,N,717341,11,Front to Rear,21,CLEAR,1,DAYLIGHT,12,MOTOR VEHICLE IN TRANSPORT,NOLENSVILLE PKE & CARSON ST,NASHVILLE,TN,37210,8109,SOUTH,36.1291,-86.7543,POINT (-86.7543 36.1291)
20190581537,08/05/2019 12:37:00 PM,2,0,0,,Y,191578,5,SIDESWIPE - SAME DIRECTION,21,CLEAR,1,DAYLIGHT,12,MOTOR VEHICLE IN TRANSPORT,MM 86 8 I 65,NASHVILLE,TN,37207,3002,NORTH,36.1987,-86.7764,POINT (-86.7764 36.1987)
20190232291,03/25/2019 07:33:00 PM,2,0,0,,N,887592,5,SIDESWIPE - SAME DIRECTION,21,CLEAR,3,DARK - LIGHTED,12,MOTOR VEHICLE IN TRANSPORT,NOLENSVILLE PKE & MILL CREEK WHITTLEMORE,ANTIOCH,TN,37013,8757,SOUTH,36.0431,-86.713,POINT (-86.713 36.0431)
20190317075,04/24/2019 05:37:00 PM,2,0,0,,N,134903,11,Front to Rear,21,CLEAR,1,DAYLIGHT,12,MOTOR VEHICLE IN TRANSPORT,TULIP GROVE RD & LEBANON PKE,HERMITAGE,TN,37076,9525,HERMIT,36.2146,-86.5887,POINT (-86.5887 36.2146)
20190460094,06/17/2019 12:00:00 AM,2,0,0,,Y,212344,9,UNKNOWN,21,CLEAR,1,DAYLIGHT,14,PARKED MOTOR VEHICLE,S 11TH ST & HOLLY ST,NASHVILLE,TN,37206,1201,EAST,36.1768,-86.75,POINT (-86.75 36.1768)
20190285433,04/14/2019 02:30:00 AM,1,0,0,,N,166477,0,NOT COLLISION W/MOTOR VEHICLE-TRANSPORT,2,RAIN,2,DARK - NOT LIGHTED,42;63,TREE;Ran Off Road-Right,RICE RD & EDGE O LAKE DR,ANTIOCH,TN,37013,8861,SOUTH,36.0694,-86.6407,POINT (-86.6407 36.0694)
20190537723,07/18/2019 04:50:00 PM,2,0,0,,N,330443,5,SIDESWIPE - SAME DIRECTION,21,CLEAR,1,DAYLIGHT,12,MOTOR VEHICLE IN TRANSPORT,GALLATIN PKEN & MCHENRY CENTER PVTDR,GOODLETTSVILLE,TN,37072,1753,MADISO,36.2949,-86.7009,POINT (-86.7009 36.2949)
20190431104,06/06/2019 09:10:00 AM,2,1,0,,N,352184,11,Front to Rear,22,CLOUDY,1,DAYLIGHT,12,MOTOR VEHICLE IN TRANSPORT,INTERSTATE DR & JAMES ROBERTSON PKWY,NASHVILLE,TN,37213,1105,CENTRA,36.1714,-86.769,POINT (-86.769 36.1714)
20190379168,05/17/2019 08:00:00 PM,3,3,0,,N,352164,11,Front to Rear,21,CLEAR,3,DARK - LIGHTED,12,MOTOR VEHICLE IN TRANSPORT,MURFREESBORO PKE & LAKEVILLA DR,ANTIOCH,TN,37013,8861,SOUTH,36.0767,-86.6409,POINT (-86.6409 36.0767)
20190320679,04/25/2019 09:54:00 PM,2,0,0,,N,330415,6,SIDESWIPE - OPPOSITE DIRECTION,2,RAIN,3,DARK - LIGHTED,12,MOTOR VEHICLE IN TRANSPORT,3RD AVS & PEABODY ST,NASHVILLE,TN,37210,4035,CENTRA,36.1565,-86.7727,POINT (-86.7727 36.1565)
20190235103,03/26/2019 04:25:00 PM,2,2,0,,N,267831,11,Front to Rear,21,CLEAR,1,DAYLIGHT,12,MOTOR VEHICLE IN TRANSPORT,DAVIDSON RD & CLOSE LN,NASHVILLE,TN,37205,4919,WEST,36.1157,-86.8659,POINT (-86.8659 36.1157)
20190368407,05/14/2019 09:10:00 AM,2,0,0,,Y,320601,11,Front to Rear,21,CLEAR,1,DAYLIGHT,12,MOTOR VEHICLE IN TRANSPORT,MM 57 5 I 24,ANTIOCH,TN,37013,87060,SOUTH,36.0636,-86.6836,POINT (-86.6836 36.0636)
20190280956,04/12/2019 07:35:00 AM,3,1,0,,Y,226134,11,Front to Rear,2,RAIN,1,DAYLIGHT,12,MOTOR VEHICLE IN TRANSPORT,MM 56 2 I 24,NASHVILLE,TN,37211,88100,SOUTH,36.0799,-86.6961,POINT (-86.6961 36.0799)
20190058058,01/22/2019 11:18:00 PM,2,0,0,,Y,197053,11,Front to Rear,21,CLEAR,3,DARK - LIGHTED,12,MOTOR VEHICLE IN TRANSPORT,MM 54 4 I 24,NASHVILLE,TN,37211,84020,SOUTH,36.1017,-86.7129,POINT (-86.7129 36.1017)
20190035101,01/14/2019 01:45:00 PM,2,0,0,,N,716886,4,ANGLE,21,CLEAR,1,DAYLIGHT,12,MOTOR VEHICLE IN TRANSPORT,JOYNER AV & FOSTER AV,NASHVILLE,TN,37210,8317,SOUTH,36.1163,-86.7435,POINT (-86.7435 36.1163)
20190030369,01/12/2019 12:37:00 PM,2,0,0,,N,212369,5,SIDESWIPE - SAME DIRECTION,2,RAIN,1,DAYLIGHT,12,MOTOR VEHICLE IN TRANSPORT,FRANKLIN PKE & N CURTISWOOD LN,NASHVILLE,TN,37204,7015,MIDTOW,36.0899,-86.7716,POINT (-86.7716 36.0899)
20190264414,04/06/2019 02:18:00 AM,2,0,0,,N,311326,4,ANGLE,21,CLEAR,3,DARK - LIGHTED,12,MOTOR VEHICLE IN TRANSPORT,DR D B TODD JR BLVD & JEFFERSON ST,NASHVILLE,TN,37208,5325,NORTH,36.1695,-86.8067,POINT (-86.8067 36.1695)
20190292126,04/16/2019 12:30:00 PM,2,0,0,,N,267831,11,Front to Rear,21,CLEAR,1,DAYLIGHT,12,MOTOR VEHICLE IN TRANSPORT,CHARLOTTE AV & 33RD AVN,NASHVILLE,TN,37209,5237,WEST,36.1528,-86.8242,POINT (-86.8242 36.1528)
20190378762,05/17/2019 12:00:00 AM,4,1,0,,Y,320580,11,Front to Rear,21,CLEAR,1,DAYLIGHT,12,MOTOR VEHICLE IN TRANSPORT,LEBANON PKE & MUNN RD,NASHVILLE,TN,37214,9401,HERMIT,36.1684,-86.6569,POINT (-86.6569 36.1684)
20190435430,06/06/2019 08:19:00 PM,2,0,0,,Y,330422,11,Front to Rear,22,CLOUDY,1,DAYLIGHT,12,MOTOR VEHICLE IN TRANSPORT,W TRINITY LN & OLD MATTHEWS RD,NASHVILLE,TN,37207,3017,NORTH,36.2083,-86.7889,POINT (-86.7889 36.2083)
20190491896,06/29/2019 09:12:00 PM,2,2,0,,N,298877,11,Front to Rear,21,CLEAR,3,DARK - LIGHTED,12,MOTOR VEHICLE IN TRANSPORT,HARDING PL & I24 W ENT RAMP,NASHVILLE,TN,37211,8889,SOUTH,36.0868,-86.6977,POINT (-86.6977 36.0868)
20190327245,04/28/2019 06:41:00 PM,2,0,0,,Y,570084,0,NOT COLLISION W/MOTOR VEHICLE-TRANSPORT,21,CLEAR,5,DUSK,18,OTHER OBJECT (NOT FIXED),MM 55 0 I 24,NASHVILLE,TN,37211,8812,SOUTH,36.0948,-86.7069,POINT (-86.7069 36.0948)
20190324525,04/27/2019 09:55:00 AM,2,0,0,,N,298864,5,SIDESWIPE - SAME DIRECTION,21,CLEAR,1,DAYLIGHT,12,MOTOR VEHICLE IN TRANSPORT,MM 91 0 I 65,MADISON,TN,37115,20044,MADISO,36.2478,-86.7432,POINT (-86.7432 36.2478)
20190142574,02/21/2019 05:37:00 PM,2,0,0,,N,807344,4,ANGLE,2,RAIN,3,DARK - LIGHTED,12,MOTOR VEHICLE IN TRANSPORT,DEMONBREUN ST & 10TH AVS,NASHVILLE,TN,37203,4019,CENTRA,36.156,-86.7829,POINT (-86.7829 36.156)
20190210352,03/18/2019 12:26:00 PM,2,0,0,,N,212369,11,Front to Rear,21,CLEAR,1,DAYLIGHT,12,MOTOR VEHICLE IN TRANSPORT,CLOVERLAND DR & COPPERFIELD CT,BRENTWOOD,TN,37027,8621,MIDTOW,36.0311,-86.7515,POINT (-86.7515 36.0311)
20190102828,02/07/2019 10:56:00 AM,1,1,0,Y,N,375570,0,NOT COLLISION W/MOTOR VEHICLE-TRANSPORT,22,CLOUDY,1,DAYLIGHT,30;63,UTILITY POLE;Ran Off Road-Right,GALLATIN PKES & DUE WEST AVW,MADISON,TN,37115,1519,MADISO,36.2475,-86.7207,POINT (-86.7207 36.2475)