Accident Number,Date and Time,Number of Motor Vehicles,Number of Injuries,Number of Fatalities,Property Damage,Hit and Run,Reporting Officer,Collision Type Code,Collision Type Description,Weather Code,Weather Description,Illumination Code,Illumination Description,Harmful Code,Harmful Code Description,Street Address,City,State,ZIP,RPA,Precinct,Latitude,Longitude,Mapped Location
20190325912,04/28/2019 02:35:00 AM,2,2,0,,N,173951,4,ANGLE,21,CLEAR,3,DARK - LIGHTED,12,MOTOR VEHICLE IN TRANSPORT,E PALESTINE AV & GALLATIN PKES,MADISON,TN,37115,1507,MADISO,36.2491,-86.718,POINT (-86.718 36.2491)
20190262110,04/05/2019 08:08:00 AM,2,0,0,,N,902543,11,Front to Rear,22,CLOUDY,1,DAYLIGHT,12,MOTOR VEHICLE IN TRANSPORT,I24 W EXT RAMP & I 24,NASHVILLE,TN,37211,8829,SOUTH,36.1074,-86.7197,POINT (-86.7197 36.1074)
20190132572,02/18/2019 01:11:00 PM,2,1,0,,N,584947,4,ANGLE,21,CLEAR,1,DAYLIGHT,12,MOTOR VEHICLE IN TRANSPORT,19TH AVN & HAYES ST,NASHVILLE,TN,37203,5523,MIDTOW,36.1533,-86.7982,POINT (-86.7982 36.1533)
20190428529,06/05/2019 12:00:00 AM,1,0,0,,N,109534,0,NOT COLLISION W/MOTOR VEHICLE-TRANSPORT,21,CLEAR,1,DAYLIGHT,18,OTHER OBJECT (NOT FIXED),BRILEY PKWYS & BRILEY PKWYN,NASHVILLE,TN,37218,3212,NORTH,36.2142,-86.8724,POINT (-86.8724 36.2142)
20190343718,05/04/2019 09:05:00 PM,2,0,0,,Y,433550,11,Front to Rear,2,RAIN,3,DARK - LIGHTED,12,MOTOR VEHICLE IN TRANSPORT,ANDREW JACKSON PKWY & LEXINGTON WAY,OLD HICKORY,TN,37138,9721,HERMIT,36.2256,-86.5978,POINT (-86.5978 36.2256)
20190526737,07/14/2019 01:12:00 PM,2,0,0,,N,633390,5,SIDESWIPE - SAME DIRECTION,22,CLOUDY,1,DAYLIGHT,12,MOTOR VEHICLE IN TRANSPORT,MM 87 8 I 65,NASHVILLE,TN,37207,1804,EAST,36.2138,-86.7754,POINT (-86.7754 36.2138)
20190528443,07/15/2019 07:50:00 AM,2,0,0,,N,755026,11,Front to Rear,2,RAIN,1,DAYLIGHT,12,MOTOR VEHICLE IN TRANSPORT,MM 54 7 I 24,NASHVILLE,TN,37211,8602,SOUTH,36.0977,-86.7096,POINT (-86.7096 36.0977)
20190390446,05/22/2019 07:21:00 AM,3,0,0,,Y,110063,11,Front to Rear,21,CLEAR,1,DAYLIGHT,12,MOTOR VEHICLE IN TRANSPORT,MM 41 0 I 24,WHITES CREEK,TN,37189,3226,NORTH,36.2715,-86.7951,POINT (-86.7951 36.2715)
20190040599,01/16/2019 09:11:00 AM,2,0,0,,N,485261,4,ANGLE,21,CLEAR,1,DAYLIGHT,12,MOTOR VEHICLE IN TRANSPORT,3RD AVS & BROADWAY,NASHVILLE,TN,37201,4105,CENTRA,36.1615,-86.776,POINT (-86.776 36.1615)
20190513872,07/09/2019 07:33:00 AM,2,3,0,,Y,320586,11,Front to Rear,21,CLEAR,1,DAYLIGHT,12,MOTOR VEHICLE IN TRANSPORT,MM 52 0 I 24,NASHVILLE,TN,37217,8816,SOUTH,36.1329,-86.7267,POINT (-86.7267 36.1329)
20190009795,01/04/2019 03:56:00 PM,2,1,0,,N,240970,4,ANGLE,22,CLOUDY,1,DAYLIGHT,12,MOTOR VEHICLE IN TRANSPORT,NOLENSVILLE PKE & PARAGON MILLS RD,NASHVILLE,TN,37211,8421,SOUTH,36.0848,-86.7281,POINT (-86.7281 36.0848)
20190087218,02/01/2019 04:46:00 PM,2,0,0,,N,256389,11,Front to Rear,21,CLEAR,1,DAYLIGHT,12,MOTOR VEHICLE IN TRANSPORT,TROUSDALE DR & LYNN DR,NASHVILLE,TN,37211,8507,MIDTOW,36.0846,-86.7561,POINT (-86.7561 36.0846)
20190522777,07/12/2019 03:07:00 PM,3,1,0,,Y,298877,11,Front to Rear,21,CLEAR,1,DAYLIGHT,12,MOTOR VEHICLE IN TRANSPORT,MURFREESBORO PKE & LAVERGNE COUCHVILLE P,ANTIOCH,TN,37013,8869,SOUTH,36.0279,-86.5899,POINT (-86.5899 36.0279)
20190172117,03/04/2019 05:21:00 PM,2,0,0,,N,524985,4,ANGLE,21,CLEAR,3,DARK - LIGHTED,12,MOTOR VEHICLE IN TRANSPORT,NORTHSIDE STATION PVTDR & CLARKSVILLE PK,NASHVILLE,TN,37218,3141,NORTH,36.211,-86.8389,POINT (-86.8389 36.211)
20190082796,01/31/2019 08:30:00 AM,3,2,0,,N,223502,11,Front to Rear,21,CLEAR,1,DAYLIGHT,12,MOTOR VEHICLE IN TRANSPORT,MM 52 0 I 24,NASHVILLE,TN,37217,8816,SOUTH,36.1329,-86.7267,POINT (-86.7267 36.1329)
20190114124,02/11/2019 12:00:00 AM,2,0,0,,Y,109531,5,SIDESWIPE - SAME DIRECTION,2,RAIN,3,DARK - LIGHTED,14,PARKED MOTOR VEHICLE,JANIE AV & MURRAY PL,NASHVILLE,TN,37216,1447,EAST,36.2141,-86.7152,POINT (-86.7152 36.2141)
20190514788,07/09/2019 04:00:00 PM,2,0,0,,N,240953,11,Front to Rear,21,CLEAR,1,DAYLIGHT,12,MOTOR VEHICLE IN TRANSPORT,DOMINICAN DR & ROSA L PARKS BLVD,NASHVILLE,TN,37228,4445,NORTH,36.1879,-86.7985,POINT (-86.7985 36.1879)
20190488188,06/28/2019 12:00:00 AM,2,0,0,,Y,306231,9,UNKNOWN,99,UNKNOWN,9,UNKNOWN,14,PARKED MOTOR VEHICLE,HEIMAN ST & 17TH AVN,NASHVILLE,TN,37208,4475,NORTH,36.172,-86.805,POINT (-86.805 36.172)
20190381578,05/18/2019 11:20:00 PM,2,0,0,,Y,189243,11,Front to Rear,21,CLEAR,7,Dark-Unknown Lighting,12,MOTOR VEHICLE IN TRANSPORT,LYLE LN & FOSTER AV,NASHVILLE,TN,37210,8111,SOUTH,36.1284,-86.742,POINT (-86.742 36.1284)
20190303382,04/19/2019 10:35:00 PM,2,0,0,,Y,240964,5,SIDESWIPE - SAME DIRECTION,2,RAIN,2,DARK - NOT LIGHTED,12,MOTOR VEHICLE IN TRANSPORT,CENTRAL PKE & TULIP GROVE RD,HERMITAGE,TN,37076,9557,HERMIT,36.09,-86.6401,POINT (-86.6401 36.09)
20190382053,05/19/2019 04:09:00 AM,1,1,0,,N,197053,0,NOT COLLISION W/MOTOR VEHICLE-TRANSPORT,21,CLEAR,3,DARK - LIGHTED,36,CONCRETE TRAFFIC BARRIER,MM 56 5 I 24,NASHVILLE,TN,37211,8708,SOUTH,36.0756,-86.6938,POINT (-86.6938 36.0756)
20190089255,02/02/2019 02:10:00 PM,3,6,1,,N,620080,11,Front to Rear,22,CLOUDY,1,DAYLIGHT,12,MOTOR VEHICLE IN TRANSPORT,MM 76 8 I 65,NASHVILLE,TN,37220,86042,MIDTOW,36.0684,-86.7703,POINT (-86.7703 36.0684)
20190440950,06/10/2019 11:00:00 AM,2,1,0,,N,591936,5,SIDESWIPE - SAME DIRECTION,21,CLEAR,1,DAYLIGHT,12,MOTOR VEHICLE IN TRANSPORT,MM 80 6 I 65,NASHVILLE,TN,37204,80040,MIDTOW,36.1235,-86.7729,POINT (-86.7729 36.1235)
20190355770,05/09/2019 08:08:00 AM,2,0,0,,N,352158,11,Front to Rear,22,CLOUDY,1,DAYLIGHT,12,MOTOR VEHICLE IN TRANSPORT,OLD HICKORY BLVD & EDMONDSON PKE,NASHVILLE,TN,37220,8615,MIDTOW,36.04,-86.7435,POINT (-86.7435 36.04)
20190129646,02/17/2019 06:28:00 AM,2,0,0,,Y,320575,5,SIDESWIPE - SAME DIRECTION,2,RAIN,3,DARK - LIGHTED,12,MOTOR VEHICLE IN TRANSPORT,MM 57 2 I 24,NASHVILLE,TN,37211,8706,SOUTH,36.0675,-86.6877,POINT (-86.6877 36.0675)
20190363783,05/12/2019 12:00:00 AM,2,0,0,,N,298877,11,Front to Rear,21,CLEAR,1,DAYLIGHT,12,MOTOR VEHICLE IN TRANSPORT,I24E & I24 W EXT RAMP,NASHVILLE,TN,37210,8102,SOUTH,36.1336,-86.7269,POINT (-86.7269 36.1336)
20190248036,03/31/2019 09:24:00 AM,2,0,0,,N,298864,4,ANGLE,21,CLEAR,1,DAYLIGHT,12,MOTOR VEHICLE IN TRANSPORT,MADISON BLVD & GALLATIN PKES,MADISON,TN,37115,1625,MADISO,36.255,-86.7152,POINT (-86.7152 36.255)
20190356261,05/09/2019 12:16:00 PM,2,1,0,,N,256428,4,ANGLE,2,RAIN,98,OTHER,12,MOTOR VEHICLE IN TRANSPORT,W TRINITY LN & E TRINITY LN,NASHVILLE,TN,37207,1863,EAST,36.2059,-86.7688,POINT (-86.7688 36.2059)
20190499056,07/02/2019 04:26:00 PM,3,1,0,,N,807344,11,Front to Rear,21,CLEAR,1,DAYLIGHT,12,MOTOR VEHICLE IN TRANSPORT,JAMES ROBERTSON PKWY & GAY ST,NASHVILLE,TN,37219,4203,CENTRA,36.192,-86.7173,POINT (-86.7173 36.192)
20190021129,01/09/2019 06:06:00 AM,2,0,0,,N,414668,11,Front to Rear,21,CLEAR,3,DARK - LIGHTED,12,MOTOR VEHICLE IN TRANSPORT,CARTWRIGHT ST & LONG HOLLOW PKE,GOODLETTSVILLE,TN,37072,2135,MADISO,36.3234,-86.7076,POINT (-86.7076 36.3234)
20190246649,03/30/2019 05:59:00 PM,1,0,0,,N,256505,0,NOT COLLISION W/MOTOR VEHICLE-TRANSPORT,21,CLEAR,1,DAYLIGHT,16,THROWN OR FALLING OBJECT,MM 3 2 I 440,NASHVILLE,TN,37215,6422,MIDTOW,36.1177,-86.8005,POINT (-86.8005 36.1177)
20190254792,04/02/2019 07:40:00 PM,2,2,0,,Y,240976,4,ANGLE,21,CLEAR,3,DARK - LIGHTED,12,MOTOR VEHICLE IN TRANSPORT,S 9TH ST & SHELBY AV,NASHVILLE,TN,37206,1045,EAST,36.1707,-86.7543,POINT (-86.7543 36.1707)
20190056839,01/22/2019 02:20:00 PM,2,0,0,,Y,226136,4,ANGLE,22,CLOUDY,1,DAYLIGHT,12,MOTOR VEHICLE IN TRANSPORT,NOLENSVILLE PKE & COLEMAN ST,NASHVILLE,TN,37210,8109,SOUTH,36.1276,-86.7535,POINT (-86.7535 36.1276)
20190270460,04/08/2019 04:30:00 PM,2,1,0,,N,151132,4,ANGLE,22,CLOUDY,1,DAYLIGHT,12,MOTOR VEHICLE IN TRANSPORT,EDGEMEADE BLVD & GALLATIN PKEN,MADISON,TN,37115,1719,MADISO,36.2834,-86.707,POINT (-86.707 36.2834)
20190551745,07/24/2019 08:14:00 AM,2,0,0,,N,110063,4,ANGLE,21,CLEAR,1,DAYLIGHT,13,MOTOR VEHICLE IN TRANSPORT-OTHER ROADWAY,EWING DR & GWYNNWOOD DR,NASHVILLE,TN,37207,3029,NORTH,36.2315,-86.7925,POINT (-86.7925 36.2315)
20190113283,02/11/2019 03:46:00 PM,2,0,0,,N,197435,5,SIDESWIPE - SAME DIRECTION,2,RAIN,1,DAYLIGHT,12,MOTOR VEHICLE IN TRANSPORT,GALLATIN PKE & MCCHESNEY AV,NASHVILLE,TN,37216,1441,EAST,36.2135,-86.7313,POINT (-86.7313 36.2135)
20190331859,04/30/2019 11:00:00 AM,2,0,0,,N,278580,5,SIDESWIPE - SAME DIRECTION,21,CLEAR,1,DAYLIGHT,12,MOTOR VEHICLE IN TRANSPORT,MM 88 5 I 65,NASHVILLE,TN,37207,30040,NORTH,36.2237,-86.7746,POINT (-86.7746 36.2237)
20190347122,05/06/2019 11:24:00 AM,2,0,0,,N,267831,5,SIDESWIPE - SAME DIRECTION,21,CLEAR,1,DAYLIGHT,12,MOTOR VEHICLE IN TRANSPORT,WEST END AV & CHEROKEE RD,NASHVILLE,TN,37205,6019,WEST,36.1304,-86.8376,POINT (-86.8376 36.1304)
20190531901,07/16/2019 02:08:00 PM,2,0,0,,N,352188,6,SIDESWIPE - OPPOSITE DIRECTION,21,CLEAR,1,DAYLIGHT,14,PARKED MOTOR VEHICLE,MERIDIAN ST & CLEVELAND ST,NASHVILLE,TN,37207,1949,EAST,36.1864,-86.7681,POINT (-86.7681 36.1864)
20190517760,07/10/2019 05:51:00 PM,2,0,0,,N,256389,4,ANGLE,21,CLEAR,1,DAYLIGHT,12,MOTOR VEHICLE IN TRANSPORT,MM 5 7 I 440,NASHVILLE,TN,37211,81060,MIDTOW,36.122,-86.7605,POINT (-86.7605 36.122)
20190537579,07/18/2019 03:33:00 PM,2,0,0,,N,299266,4,ANGLE,2,RAIN,1,DAYLIGHT,12,MOTOR VEHICLE IN TRANSPORT,MURFREESBORO PKE & DONELSON PKE,NASHVILLE,TN,37217,8841,SOUTH,36.1062,-86.6731,POINT (-86.6731 36.1062)
20190012284,01/05/2019 03:10:00 PM,2,0,0,,Y,320585,3,REAR-TO-REAR,21,CLEAR,1,DAYLIGHT,14,PARKED MOTOR VEHICLE,OPRY MILLS DR & BRILEY PKWYS,NASHVILLE,TN,37214,9209,HERMIT,36.2033,-86.6899,POINT (-86.6899 36.2033)
20190163525,03/01/2019 07:10:00 AM,2,0,0,,N,226673,5,SIDESWIPE - SAME DIRECTION,2,RAIN,1,DAYLIGHT,12,MOTOR VEHICLE IN TRANSPORT,CHARLOTTE AV & 6TH AVN,NASHVILLE,TN,37219,4157,CENTRA,36.1656,-86.7826,POINT (-86.7826 36.1656)
20190142175,02/21/2019 02:28:00 PM,3,1,0,,N,240970,11,Front to Rear,2,RAIN,1,DAYLIGHT,12,MOTOR VEHICLE IN TRANSPORT,MM 54 7 I 24,NASHVILLE,TN,37211,8602,SOUTH,36.0977,-86.7096,POINT (-86.7096 36.0977)
20190187222,03/09/2019 12:00:00 AM,2,1,0,,Y,279118,4,ANGLE,2,RAIN,7,Dark-Unknown Lighting,12,MOTOR VEHICLE IN TRANSPORT,I24 E EXT RAMP & HAYWOOD LN,NASHVILLE,TN,37211,8707,SOUTH,36.0693,-86.6922,POINT (-86.6922 36.0693)
20190213240,03/19/2019 09:58:00 AM,2,0,0,,N,191578,11,Front to Rear,21,CLEAR,1,DAYLIGHT,12,MOTOR VEHICLE IN TRANSPORT,MM 212 1 I 40,NASHVILLE,TN,37210,90041,HERMIT,36.1463,-86.7422,POINT (-86.7422 36.1463)
20190154825,02/26/2019 06:30:00 AM,3,0,0,,N,693093,11,Front to Rear,21,CLEAR,1,DAYLIGHT,12,MOTOR VEHICLE IN TRANSPORT,GALLATIN PKES & GALLATIN PKE SB EXT RAMP,MADISON,TN,37115,1509,MADISO,36.2379,-86.7241,POINT (-86.7241 36.2379)
20190369296,05/14/2019 04:17:00 PM,2,2,0,,N,414711,4,ANGLE,21,CLEAR,1,DAYLIGHT,12,MOTOR VEHICLE IN TRANSPORT,CHARLOTTE AV & 37TH AVN,NASHVILLE,TN,37209,5229,WEST,36.1527,-86.8294,POINT (-86.8294 36.1527)
20190489611,06/28/2019 08:30:00 PM,2,0,0,,Y,352167,11,Front to Rear,21,CLEAR,3,DARK - LIGHTED,12,MOTOR VEHICLE IN TRANSPORT,INTERSTATE DR & JAMES ROBERTSON PKWY,NASHVILLE,TN,37213,1993,CENTRA,36.1717,-86.7692,POINT (-86.7692 36.1717)
20190223996,03/22/2019 03:30:00 PM,2,0,0,,N,807344,4,ANGLE,21,CLEAR,1,DAYLIGHT,14,PARKED MOTOR VEHICLE,PRINTERS ALY & CHURCH ST,NASHVILLE,TN,37201,4137,CENTRA,36.164,-86.7784,POINT (-86.7784 36.164)
20190440514,06/10/2019 07:45:00 AM,2,0,0,,Y,256502,5,SIDESWIPE - SAME DIRECTION,21,CLEAR,1,DAYLIGHT,12,MOTOR VEHICLE IN TRANSPORT,I40 E ENT RAMP & I 40,NASHVILLE,TN,37205,4903,WEST,36.1109,-86.922,POINT (-86.922 36.1109)
20190498614,07/02/2019 01:07:00 PM,2,0,0,,Y,109534,5,SIDESWIPE - SAME DIRECTION,22,CLOUDY,1,DAYLIGHT,12;99,MOTOR VEHICLE IN TRANSPORT;UNKNOWN MOST HARMFUL EVENT,ELM HILL PKE & DONELSON PKE,NASHVILLE,TN,37214,9411,HERMIT,36.1485,-86.6651,POINT (-86.6651 36.1485)
20190140791,02/21/2019 03:47:00 AM,2,0,0,,N,330422,11,Front to Rear,5,FOG,3,DARK - LIGHTED,12,MOTOR VEHICLE IN TRANSPORT,WOODMERE DR & ROBERT BURNS DR,NASHVILLE,TN,37217,8879,SOUTH,36.1203,-86.7109,POINT (-86.7109 36.1203)
20190385834,05/20/2019 06:00:00 PM,2,0,0,,Y,352164,11,Front to Rear,21,CLEAR,3,DARK - LIGHTED,12,MOTOR VEHICLE IN TRANSPORT,OLD SMITH SPRINGS RD & SMITH SPRINGS RD,NASHVILLE,TN,37217,8935,HERMIT,36.0933,-86.6329,POINT (-86.6329 36.0933)
20190234230,03/26/2019 08:20:00 AM,2,0,0,,Y,212325,5,SIDESWIPE - SAME DIRECTION,21,CLEAR,1,DAYLIGHT,14,PARKED MOTOR VEHICLE,MARGARET ST & NEELYS BEND RD,MADISON,TN,37115,1627,MADISO,36.2554,-86.7037,POINT (-86.7037 36.2554)
20190070605,01/27/2019 12:35:00 PM,2,1,0,,N,419952,11,Front to Rear,21,CLEAR,1,DAYLIGHT,12,MOTOR VEHICLE IN TRANSPORT,CHARLOTTE PKE & I40 W EXT RAMP,NASHVILLE,TN,37209,4701,WEST,36.1302,-86.9002,POINT (-86.9002 36.1302)
20190433734,06/07/2019 08:44:00 AM,2,0,0,,N,716886,4,ANGLE,2,RAIN,1,DAYLIGHT,12,MOTOR VEHICLE IN TRANSPORT,MM 57 5 I 24,ANTIOCH,TN,37013,87060,SOUTH,36.0636,-86.6836,POINT (-86.6836 36.0636)
20190325450,04/27/2019 09:13:00 PM,2,0,0,,N,905011,4,ANGLE,21,CLEAR,3,DARK - LIGHTED,12,MOTOR VEHICLE IN TRANSPORT,WHITE BRIDGE PKE & CHARLOTTE PKE,NASHVILLE,TN,37209,5033,WEST,36.1494,-86.8579,POINT (-86.8579 36.1494)
20190256475,04/03/2019 08:33:00 AM,2,0,0,,N,591936,11,Front to Rear,21,CLEAR,1,DAYLIGHT,12,MOTOR VEHICLE IN TRANSPORT,I440 W EXT RAMP & I 440,NASHVILLE,TN,37212,6501,MIDTOW,36.122,-86.804,POINT (-86.804 36.122)
20190555980,07/25/2019 08:39:00 PM,2,1,0,,Y,352213,4,ANGLE,21,CLEAR,2,DARK - NOT LIGHTED,12,MOTOR VEHICLE IN TRANSPORT,3600 BOWLING AV,NASHVILLE,TN,37205,6009,WEST,36.1346,-86.8253,POINT (-86.8253 36.1346)
20190145934,02/22/2019 07:43:00 PM,2,0,0,,N,256424,4,ANGLE,2,RAIN,3,DARK - LIGHTED,12,MOTOR VEHICLE IN TRANSPORT,MURFREESBORO PKE & THOMPSON PL,NASHVILLE,TN,37217,8879,SOUTH,36.1267,-86.7111,POINT (-86.7111 36.1267)
20190268020,04/07/2019 06:30:00 PM,3,0,0,,N,279214,11,Front to Rear,2,RAIN,1,DAYLIGHT,12,MOTOR VEHICLE IN TRANSPORT,WEDGEWOOD AV & 10TH AVS,NASHVILLE,TN,37203,6913,MIDTOW,36.1349,-86.7849,POINT (-86.7849 36.1349)
20190025672,01/10/2019 05:23:00 PM,2,0,0,,N,206675,5,SIDESWIPE - SAME DIRECTION,21,CLEAR,3,DARK - LIGHTED,12,MOTOR VEHICLE IN TRANSPORT,31ST AVN & BELWOOD ST,NASHVILLE,TN,37203,5625,MIDTOW,36.1452,-86.8165,POINT (-86.8165 36.1452)
20190010228,01/04/2019 12:00:00 AM,2,1,0,,Y,279200,4,ANGLE,21,CLEAR,3,DARK - LIGHTED,12,MOTOR VEHICLE IN TRANSPORT,3RD AVN & JAMES ROBERTSON PKWY,NASHVILLE,TN,37201,4201,CENTRA,36.1674,-86.7797,POINT (-86.7797 36.1674)
20190494937,07/01/2019 07:25:00 AM,2,0,0,,N,343522,4,ANGLE,21,CLEAR,1,DAYLIGHT,12,MOTOR VEHICLE IN TRANSPORT,MCCRORY LN & NEWSOM STATION RD,NASHVILLE,TN,37221,4713,WEST,36.0784,-87.0219,POINT (-87.0219 36.0784)
20190506286,07/05/2019 10:20:00 AM,2,1,0,,N,109534,4,ANGLE,21,CLEAR,1,DAYLIGHT,12,MOTOR VEHICLE IN TRANSPORT,DONELSON PKE & WOODBERRY DR,NASHVILLE,TN,37214,9113,HERMIT,36.1605,-86.6645,POINT (-86.6645 36.1605)
20190126480,02/15/2019 08:38:00 PM,2,0,0,,N,299267,4,ANGLE,2,RAIN,3,DARK - LIGHTED,12,MOTOR VEHICLE IN TRANSPORT,I40 E EXT RAMP & I 40,NASHVILLE,TN,37214,8955,HERMIT,36.155,-86.6271,POINT (-86.6271 36.155)
20190293046,04/16/2019 06:21:00 PM,2,1,0,,N,212331,4,ANGLE,21,CLEAR,1,DAYLIGHT,12,MOTOR VEHICLE IN TRANSPORT,GALLATIN PKEN & CUDE LN,MADISON,TN,37115,1731,MADISO,36.2998,-86.6965,POINT (-86.6965 36.2998)
20190408396,05/28/2019 10:00:00 PM,1,0,0,Y,N,717341,0,NOT COLLISION W/MOTOR VEHICLE-TRANSPORT,21,CLEAR,3,DARK - LIGHTED,36,CONCRETE TRAFFIC BARRIER,MM 58 7 I 24,ANTIOCH,TN,37013,8808,SOUTH,36.0513,-86.6692,POINT (-86.6692 36.0513)
20190443500,06/11/2019 08:50:00 AM,2,0,0,,N,462474,5,SIDESWIPE - SAME DIRECTION,21,CLEAR,1,DAYLIGHT,12,MOTOR VEHICLE IN TRANSPORT,31ST AVN & HEDRICK ST,NASHVILLE,TN,37203,5627,MIDTOW,36.1431,-86.8159,POINT (-86.8159 36.1431)
20190065024,01/25/2019 08:00:00 AM,2,0,0,,Y,716886,5,SIDESWIPE - SAME DIRECTION,21,CLEAR,1,DAYLIGHT,12,MOTOR VEHICLE IN TRANSPORT,MM 60 0 I 24,ANTIOCH,TN,37013,88060,SOUTH,36.0403,-86.6502,POINT (-86.6502 36.0403)
20190017150,01/07/2019 06:13:00 PM,2,0,0,,N,206675,4,ANGLE,21,CLEAR,3,DARK - LIGHTED,12,MOTOR VEHICLE IN TRANSPORT,31ST AVS & VANDERBILT PL,NASHVILLE,TN,37212,5813,MIDTOW,36.1412,-86.8145,POINT (-86.8145 36.1412)
20190103808,02/07/2019 06:12:00 PM,2,0,0,,N,279124,11,Front to Rear,2,RAIN,3,DARK - LIGHTED,12,MOTOR VEHICLE IN TRANSPORT,MM 55 8 I 24,NASHVILLE,TN,37211,88100,SOUTH,36.0854,-86.6996,POINT (-86.6996 36.0854)
20190130232,02/17/2019 02:20:00 PM,2,0,0,Y,N,420040,0,NOT COLLISION W/MOTOR VEHICLE-TRANSPORT,2,RAIN,1,DAYLIGHT,40,MAIL BOX,RAYMOND ST & SAINDON ST,NASHVILLE,TN,37211,8513,MIDTOW,36.099,-86.7433,POINT (-86.7433 36.099)
20190394487,05/23/2019 12:55:00 PM,2,0,0,,N,267831,5,SIDESWIPE - SAME DIRECTION,21,CLEAR,1,DAYLIGHT,12,MOTOR VEHICLE IN TRANSPORT,OLD HICKORY BLVD & BELLEVUE VALLEY PLAZA,NASHVILLE,TN,37221,4901,WEST,36.0734,-86.9207,POINT (-86.9207 36.0734)
20190346677,05/06/2019 08:17:00 AM,3,0,0,,N,109495,11,Front to Rear,21,CLEAR,1,DAYLIGHT,12,MOTOR VEHICLE IN TRANSPORT,8TH AVS & EDGEHILL AV,NASHVILLE,TN,37203,6811,MIDTOW,36.1424,-86.7788,POINT (-86.7788 36.1424)
20190446726,06/12/2019 11:57:00 AM,2,0,0,,N,414731,4,ANGLE,22,CLOUDY,1,DAYLIGHT,12,MOTOR VEHICLE IN TRANSPORT,CORRECTIONS CENTER PVTDR & EZELL PARK PV,NASHVILLE,TN,37211,8847,SOUTH,36.0874,-86.6845,POINT (-86.6845 36.0874)
20190295420,04/17/2019 10:55:00 AM,2,1,0,,Y,226136,11,Front to Rear,22,CLOUDY,1,DAYLIGHT,12,MOTOR VEHICLE IN TRANSPORT,MM 81 0 I 65,NASHVILLE,TN,37204,80040,MIDTOW,36.1299,-86.7731,POINT (-86.7731 36.1299)
20190148327,02/23/2019 07:06:00 PM,1,1,0,,N,306231,0,NOT COLLISION W/MOTOR VEHICLE-TRANSPORT,2,RAIN,3,DARK - LIGHTED,34,DITCH,CLARKSVILLE PKE & NORTHSIDE STATION PVTD,NASHVILLE,TN,37218,3141,NORTH,36.2113,-86.8389,POINT (-86.8389 36.2113)
20190310272,04/22/2019 08:20:00 PM,2,0,0,,Y,320581,11,Front to Rear,21,CLEAR,1,DAYLIGHT,12,MOTOR VEHICLE IN TRANSPORT,DR WALTER S DAVIS BLVD & ED TEMPLE BLVD,NASHVILLE,TN,37209,4503,NORTH,36.1738,-86.8226,POINT (-86.8226 36.1738)
20190112229,02/11/2019 08:17:00 AM,1,0,0,,N,224797,0,NOT COLLISION W/MOTOR VEHICLE-TRANSPORT,22,CLOUDY,1,DAYLIGHT,72,EMBANKMENT ROCK/STONE/CONCRETE,HILLSBORO PKE & BRIDLEWAY TRL,NASHVILLE,TN,37215,6205,WEST,36.0517,-86.8591,POINT (-86.8591 36.0517)
20190420906,06/02/2019 01:09:00 PM,2,0,0,,N,299241,4,ANGLE,21,CLEAR,1,DAYLIGHT,12,MOTOR VEHICLE IN TRANSPORT,LEBANON PKE & ANDREW JACKSON PKWY,HERMITAGE,TN,37076,9537,HERMIT,36.2151,-86.5962,POINT (-86.5962 36.2151)
20190101785,02/06/2019 10:52:00 PM,1,0,0,,N,206683,0,NOT COLLISION W/MOTOR VEHICLE-TRANSPORT,2,RAIN,2,DARK - NOT LIGHTED,7,,MM 54 9 I 24,NASHVILLE,TN,37211,8812,SOUTH,36.0962,-86.7081,POINT (-86.7081 36.0962)
20190472115,06/21/2019 09:34:00 PM,3,0,0,,Y,240955,11,Front to Rear,2,RAIN,2,DARK - NOT LIGHTED,12,MOTOR VEHICLE IN TRANSPORT,MM 58 5 I 24,ANTIOCH,TN,37013,87061,SOUTH,36.0527,-86.6719,POINT (-86.6719 36.0527)
20190286094,04/14/2019 03:00:00 AM,1,0,0,,Y,179602,0,NOT COLLISION W/MOTOR VEHICLE-TRANSPORT,2,RAIN,2,DARK - NOT LIGHTED,34;38,DITCH;FENCE,BRILEY PKWYE & BRILEY PKWYW,NASHVILLE,TN,37207,20120,MADISO,36.2396,-86.7751,POINT (-86.7751 36.2396)
20190195129,03/12/2019 07:25:00 PM,2,0,0,,Y,256389,11,Front to Rear,21,CLEAR,3,DARK - LIGHTED,12,MOTOR VEHICLE IN TRANSPORT,HARDING PL & SIDCO DR,NASHVILLE,TN,37220,8601,MIDTOW,36.0819,-86.7612,POINT (-86.7612 36.0819)
20190315395,04/24/2019 05:40:00 AM,3,0,0,,N,156308,11,Front to Rear,21,CLEAR,4,DAWN,12,MOTOR VEHICLE IN TRANSPORT,MM 40 8 I 24,WHITES CREEK,TN,37189,3226,NORTH,36.2733,-86.7966,POINT (-86.7966 36.2733)
20190360237,05/10/2019 08:43:00 PM,2,0,0,,N,256383,11,Front to Rear,2,RAIN,2,DARK - NOT LIGHTED,12,MOTOR VEHICLE IN TRANSPORT,HOBSON PKE & HILL RIDGE DR,ANTIOCH,TN,37013,8907,SOUTH,36.0651,-86.5903,POINT (-86.5903 36.0651)