Accident Number,Date and Time,Number of Motor Vehicles,Number of Injuries,Number of Fatalities,Property Damage,Hit and Run,Reporting Officer,Collision Type Code,Collision Type Description,Weather Code,Weather Description,Illumination Code,Illumination Description,Harmful Code,Harmful Code Description,Street Address,City,State,ZIP,RPA,Precinct,Latitude,Longitude,Mapped Location
20190368354,05/14/2019 07:15:00 AM,2,0,0,,N,226136,5,SIDESWIPE - SAME DIRECTION,22,CLOUDY,1,DAYLIGHT,12,MOTOR VEHICLE IN TRANSPORT,NOLENSVILLE PKE & TANKSLEY AV,NASHVILLE,TN,37211,8519,MIDTOW,36.1091,-86.7443,POINT (-86.7443 36.1091)
20190372522,05/15/2019 04:46:00 PM,2,1,0,,N,256417,11,Front to Rear,21,CLEAR,1,DAYLIGHT,12,MOTOR VEHICLE IN TRANSPORT,OLD HICKORY BLVD & FRIST BLVD,HERMITAGE,TN,37076,9561,HERMIT,36.1821,-86.6076,POINT (-86.6076 36.1821)
20190288379,04/15/2019 08:58:00 AM,2,0,0,,N,716886,5,SIDESWIPE - SAME DIRECTION,21,CLEAR,1,DAYLIGHT,12,MOTOR VEHICLE IN TRANSPORT,MURFREESBORO PKE & I24 W EXT RAMP,NASHVILLE,TN,37217,8801,SOUTH,36.1348,-86.7236,POINT (-86.7236 36.1348)
20190407817,05/28/2019 04:40:00 PM,2,0,0,,Y,330445,11,Front to Rear,21,CLEAR,1,DAYLIGHT,12,MOTOR VEHICLE IN TRANSPORT,DEMONBREUN ST & I40 W EXT RAMP,NASHVILLE,TN,37203,4015,CENTRA,36.1539,-86.7878,POINT (-86.7878 36.1539)
20190273100,04/09/2019 02:59:00 PM,2,0,0,,Y,206675,4,ANGLE,21,CLEAR,1,DAYLIGHT,12,MOTOR VEHICLE IN TRANSPORT,RADNOR ST & NOLENSVILLE PKE,NASHVILLE,TN,37211,8427,SOUTH,36.1051,-86.7415,POINT (-86.7415 36.1051)
20190010794,01/04/2019 11:55:00 PM,1,0,0,,N,256377,0,NOT COLLISION W/MOTOR VEHICLE-TRANSPORT,2,RAIN,3,DARK - LIGHTED,30,UTILITY POLE,MURFREESBORO PKE & NASHBORO BLVD,ANTIOCH,TN,37013,8891,SOUTH,36.0869,-86.6487,POINT (-86.6487 36.0869)
20190251434,04/01/2019 04:34:00 PM,2,0,0,,N,279124,11,Front to Rear,21,CLEAR,1,DAYLIGHT,12,MOTOR VEHICLE IN TRANSPORT,MM 6 8 I 440,NASHVILLE,TN,37210,81040,SOUTH,36.1244,-86.7398,POINT (-86.7398 36.1244)
20190150394,02/24/2019 06:08:00 PM,2,0,0,,N,281611,11,Front to Rear,21,CLEAR,2,DARK - NOT LIGHTED,12,MOTOR VEHICLE IN TRANSPORT,WHITE BRIDGE PKE & CHARLOTTE PKE,NASHVILLE,TN,37209,5033,WEST,36.1494,-86.8579,POINT (-86.8579 36.1494)
20190508777,07/06/2019 01:52:00 PM,2,0,0,,N,256441,11,Front to Rear,21,CLEAR,1,DAYLIGHT,12,MOTOR VEHICLE IN TRANSPORT,OLD HICKORY BLVD & COPPERFIELD WAY,BRENTWOOD,TN,37027,8621,MIDTOW,36.0417,-86.7486,POINT (-86.7486 36.0417)
20190402604,05/26/2019 04:55:00 PM,2,0,0,,Y,717341,4,ANGLE,21,CLEAR,1,DAYLIGHT,12,MOTOR VEHICLE IN TRANSPORT,4TH AVS & CAMERON ST,NASHVILLE,TN,37210,8153,SOUTH,36.1477,-86.7685,POINT (-86.7685 36.1477)
20190053882,01/21/2019 01:00:00 PM,2,1,0,,N,594473,4,ANGLE,21,CLEAR,1,DAYLIGHT,12,MOTOR VEHICLE IN TRANSPORT,DEMONBREUN ST & 13TH AVS,NASHVILLE,TN,37203,4081,CENTRA,36.154,-86.7876,POINT (-86.7876 36.154)
20190372537,05/15/2019 04:52:00 PM,2,0,0,,N,714641,11,Front to Rear,21,CLEAR,1,DAYLIGHT,12,MOTOR VEHICLE IN TRANSPORT,COMMERCE ST & 7TH AVN,NASHVILLE,TN,37203,4123,CENTRA,36.1608,-86.7818,POINT (-86.7818 36.1608)
20190279812,04/11/2019 07:50:00 PM,2,0,0,,Y,206675,11,Front to Rear,21,CLEAR,3,DARK - LIGHTED,12,MOTOR VEHICLE IN TRANSPORT,MM 77 9 I 65,NASHVILLE,TN,37204,8502,MIDTOW,36.0832,-86.7636,POINT (-86.7636 36.0832)
20190353464,05/08/2019 12:15:00 PM,2,0,0,,N,474557,11,Front to Rear,21,CLEAR,1,DAYLIGHT,12,MOTOR VEHICLE IN TRANSPORT,BELL RD & I24 E EXT RAMP,ANTIOCH,TN,37013,8751,SOUTH,36.0451,-86.6593,POINT (-86.6593 36.0451)
20190243832,03/29/2019 01:00:00 PM,2,0,0,,Y,278580,4,ANGLE,21,CLEAR,1,DAYLIGHT,12,MOTOR VEHICLE IN TRANSPORT,W TRINITY LN & WHITES CREEK PKE,NASHVILLE,TN,37207,3009,NORTH,36.207,-86.7916,POINT (-86.7916 36.207)
20190145770,02/22/2019 06:02:00 PM,4,1,0,,N,320599,11,Front to Rear,2,RAIN,3,DARK - LIGHTED,12,MOTOR VEHICLE IN TRANSPORT,MM 214 5 I 40,NASHVILLE,TN,37217,88022,HERMIT,36.1434,-86.7031,POINT (-86.7031 36.1434)
20190576181,08/02/2019 10:42:00 PM,2,0,0,,N,330420,11,Front to Rear,21,CLEAR,3,DARK - LIGHTED,12,MOTOR VEHICLE IN TRANSPORT,I40 E EXT RAMP & OLD HICKORY BLVD,HERMITAGE,TN,37076,9527,HERMIT,36.1696,-86.601,POINT (-86.601 36.1696)
20190093050,02/04/2019 08:42:00 AM,3,6,1,,N,538214,11,Front to Rear,2,RAIN,1,DAYLIGHT,12,MOTOR VEHICLE IN TRANSPORT,JAMES ROBERTSON PKWY & MAIN ST,NASHVILLE,TN,37207,1109,EAST,36.1726,-86.7659,POINT (-86.7659 36.1726)
20190101242,02/06/2019 09:02:00 PM,2,1,0,,N,240957,11,Front to Rear,2,RAIN,3,DARK - LIGHTED,12,MOTOR VEHICLE IN TRANSPORT,NOLENSVILLE PKE & HARDING PL,NASHVILLE,TN,37211,8445,SOUTH,36.0809,-86.7267,POINT (-86.7267 36.0809)
20190336293,05/01/2019 10:47:00 PM,2,0,0,,Y,197053,5,SIDESWIPE - SAME DIRECTION,21,CLEAR,3,DARK - LIGHTED,12,MOTOR VEHICLE IN TRANSPORT,MM 55 0 I 24,NASHVILLE,TN,37211,8812,SOUTH,36.0948,-86.7069,POINT (-86.7069 36.0948)
20190207133,03/17/2019 02:40:00 AM,1,0,0,,N,110090,0,NOT COLLISION W/MOTOR VEHICLE-TRANSPORT,21,CLEAR,3,DARK - LIGHTED,30,UTILITY POLE,HAMILTON CHURCH RD & MURFREESBORO PKE,ANTIOCH,TN,37013,8865,SOUTH,36.0645,-86.6288,POINT (-86.6288 36.0645)
20190308301,04/22/2019 07:10:00 AM,2,0,0,,N,179580,11,Front to Rear,21,CLEAR,1,DAYLIGHT,12,MOTOR VEHICLE IN TRANSPORT,MM 87 7 I 65,NASHVILLE,TN,37207,1804,EAST,36.2114,-86.7757,POINT (-86.7757 36.2114)
20190275349,04/10/2019 09:12:00 AM,2,1,0,,N,337277,11,Front to Rear,21,CLEAR,1,DAYLIGHT,12,MOTOR VEHICLE IN TRANSPORT,I40 W EXT RAMP & I 40,NASHVILLE,TN,37203,4119,CENTRA,36.1574,-86.79,POINT (-86.79 36.1574)
20190469627,06/20/2019 11:00:00 PM,3,1,0,Y,N,330422,11,Front to Rear,21,CLEAR,3,DARK - LIGHTED,14,PARKED MOTOR VEHICLE,OLD MATTHEWS RD & E NOCTURNE DR,NASHVILLE,TN,37207,3047,NORTH,36.2155,-86.7948,POINT (-86.7948 36.2155)
20190138435,02/20/2019 10:29:00 AM,1,0,0,Y,N,676834,0,NOT COLLISION W/MOTOR VEHICLE-TRANSPORT,2,RAIN,1,DAYLIGHT,30,UTILITY POLE,BUCHANAN ST & 25TH AVN,NASHVILLE,TN,37208,4463,NORTH,36.1804,-86.8179,POINT (-86.8179 36.1804)
20190269519,04/08/2019 08:42:00 AM,2,0,0,,N,716886,5,SIDESWIPE - SAME DIRECTION,2,RAIN,1,DAYLIGHT,12,MOTOR VEHICLE IN TRANSPORT,MM 52 1 I 24,NASHVILLE,TN,37217,8816,SOUTH,36.1343,-86.7267,POINT (-86.7267 36.1343)
20190286344,04/14/2019 12:35:00 PM,2,0,0,,Y,161952,9,UNKNOWN,99,UNKNOWN,9,UNKNOWN,12;14,MOTOR VEHICLE IN TRANSPORT;PARKED MOTOR VEHICLE,3217 HOLLAND LN,NASHVILLE,TN,37218,3173,NORTH,36.181,-86.8429,POINT (-86.8429 36.181)
20190510460,07/07/2019 02:17:00 PM,2,0,0,,N,298864,11,Front to Rear,21,CLEAR,1,DAYLIGHT,12,MOTOR VEHICLE IN TRANSPORT,MCARTHUR DR & E OLD HICKORY BLVD,MADISON,TN,37115,1705,MADISO,36.2633,-86.6916,POINT (-86.6916 36.2633)
20190524205,07/13/2019 06:30:00 AM,2,1,0,,N,262757,5,SIDESWIPE - SAME DIRECTION,22,CLOUDY,1,DAYLIGHT,12,MOTOR VEHICLE IN TRANSPORT,BRILEY PKWYS & MUSIC VALLEY DR,NASHVILLE,TN,37214,9284,HERMIT,36.2205,-86.6935,POINT (-86.6935 36.2205)
20190377507,05/17/2019 07:36:00 AM,2,0,0,,N,320586,4,ANGLE,21,CLEAR,1,DAYLIGHT,12,MOTOR VEHICLE IN TRANSPORT,GLENROSE AV & WHITNEY AV,NASHVILLE,TN,37210,8101,SOUTH,36.1258,-86.7516,POINT (-86.7516 36.1258)
20190341992,05/04/2019 12:25:00 AM,2,0,0,,N,191573,4,ANGLE,21,CLEAR,3,DARK - LIGHTED,12,MOTOR VEHICLE IN TRANSPORT,MM 49 5 I 24,NASHVILLE,TN,37210,4008,CENTRA,36.1588,-86.7604,POINT (-86.7604 36.1588)
20190313413,04/23/2019 03:15:00 PM,2,0,0,,Y,134899,5,SIDESWIPE - SAME DIRECTION,21,CLEAR,1,DAYLIGHT,12,MOTOR VEHICLE IN TRANSPORT,LEBANON PKE & ANDREW JACKSON PKWY,HERMITAGE,TN,37076,9537,HERMIT,36.2151,-86.5962,POINT (-86.5962 36.2151)
20190463762,06/19/2019 12:38:00 AM,2,0,0,,Y,256382,5,SIDESWIPE - SAME DIRECTION,21,CLEAR,3,DARK - LIGHTED,12,MOTOR VEHICLE IN TRANSPORT,I40 W EXT RAMP & I 40,NASHVILLE,TN,37203,4119,CENTRA,36.1574,-86.79,POINT (-86.79 36.1574)
20190547617,07/22/2019 05:44:00 PM,2,0,0,,Y,256383,11,Front to Rear,2,RAIN,1,DAYLIGHT,12,MOTOR VEHICLE IN TRANSPORT,MURFREESBORO PKE & BRITISH WOODS DR,NASHVILLE,TN,37217,8853,SOUTH,36.0914,-86.6514,POINT (-86.6514 36.0914)
20190460923,06/18/2019 12:44:00 AM,2,0,0,,N,212307,4,ANGLE,2,RAIN,3,DARK - LIGHTED,12,MOTOR VEHICLE IN TRANSPORT,I40 W EXT RAMP & I 40,NASHVILLE,TN,37203,4119,CENTRA,36.1574,-86.79,POINT (-86.79 36.1574)
20190349699,05/07/2019 07:38:00 AM,2,0,0,,N,212369,11,Front to Rear,21,CLEAR,1,DAYLIGHT,12,MOTOR VEHICLE IN TRANSPORT,TYNE BLVD & GRANNY WHITE PKE,NASHVILLE,TN,37215,6309,MIDTOW,36.0808,-86.8071,POINT (-86.8071 36.0808)
20190304073,04/20/2019 10:29:00 AM,1,0,0,Y,N,110063,0,NOT COLLISION W/MOTOR VEHICLE-TRANSPORT,2,RAIN,1,DAYLIGHT,24,GUARDRAIL FACE,MM 88 8 I 65,NASHVILLE,TN,37207,20021,MADISO,36.2285,-86.7727,POINT (-86.7727 36.2285)
20190029718,01/12/2019 03:55:00 AM,1,1,0,Y,N,206672,0,NOT COLLISION W/MOTOR VEHICLE-TRANSPORT,21,CLEAR,3,DARK - LIGHTED,1;34;64,DITCH;Ran Off Road-Left,LANIER DR & NEELYS BEND RD,MADISON,TN,37115,1611,MADISO,36.2548,-86.7019,POINT (-86.7019 36.2548)
20190337202,05/02/2019 07:40:00 AM,2,0,0,,N,716886,5,SIDESWIPE - SAME DIRECTION,21,CLEAR,1,DAYLIGHT,12,MOTOR VEHICLE IN TRANSPORT,MURFREESBORO PKE & HAMILTON CHURCH RD,ANTIOCH,TN,37013,8865,SOUTH,36.0649,-86.6286,POINT (-86.6286 36.0649)
20190479464,06/25/2019 07:40:00 AM,2,3,0,,N,109534,11,Front to Rear,21,CLEAR,1,DAYLIGHT,12,MOTOR VEHICLE IN TRANSPORT,SMITH SPRINGS RD & BELL RD,NASHVILLE,TN,37217,8965,HERMIT,36.0903,-86.6265,POINT (-86.6265 36.0903)
20190575330,08/02/2019 05:11:00 PM,2,0,0,,N,169425,11,Front to Rear,21,CLEAR,1,DAYLIGHT,12,MOTOR VEHICLE IN TRANSPORT,MM 1 5 I 440,NASHVILLE,TN,37209,5232,WEST,36.1508,-86.8228,POINT (-86.8228 36.1508)
20190332749,04/30/2019 06:11:00 PM,2,0,0,,Y,151132,4,ANGLE,21,CLEAR,1,DAYLIGHT,14,PARKED MOTOR VEHICLE,GALLATIN PKEN & NORTHSIDE MARKETPLACE PV,MADISON,TN,37115,1721,MADISO,36.3073,-86.6849,POINT (-86.6849 36.3073)
20190544405,07/21/2019 10:50:00 AM,2,0,0,,Y,799013,4,ANGLE,22,CLOUDY,1,DAYLIGHT,14;55,PARKED MOTOR VEHICLE;Motor Vehicle-In-Motion Outside Trafficw,OPRYLAND DR & OPRY MILLS DR,NASHVILLE,TN,37214,9209,HERMIT,36.2116,-86.7002,POINT (-86.7002 36.2116)
20190434750,06/07/2019 05:16:00 PM,2,0,0,,N,256386,11,Front to Rear,2,RAIN,1,DAYLIGHT,12,MOTOR VEHICLE IN TRANSPORT,MM 215 0 I 40,NASHVILLE,TN,37214,91021,HERMIT,36.1444,-86.6948,POINT (-86.6948 36.1444)
20190120072,02/13/2019 05:37:00 PM,2,0,0,,N,690942,4,ANGLE,21,CLEAR,5,DUSK,12,MOTOR VEHICLE IN TRANSPORT,2ND AVS & LINDSLEY AV,NASHVILLE,TN,37210,4005,CENTRA,36.1524,-86.769,POINT (-86.769 36.1524)
20190469096,06/20/2019 04:50:00 PM,3,0,0,,N,298860,11,Front to Rear,21,CLEAR,1,DAYLIGHT,12,MOTOR VEHICLE IN TRANSPORT,ANDREW JACKSON PKWY & JACKSON PASS,HERMITAGE,TN,37076,9561,HERMIT,36.1873,-86.6083,POINT (-86.6083 36.1873)
20190572892,08/01/2019 06:45:00 PM,2,0,0,,N,256380,11,Front to Rear,21,CLEAR,1,DAYLIGHT,12,MOTOR VEHICLE IN TRANSPORT,I65 S EXT RAMP & I 65,MADISON,TN,37115,20044,MADISO,36.2481,-86.743,POINT (-86.743 36.2481)
20190312578,04/23/2019 10:45:00 AM,2,0,0,,N,352202,16,Rear to Side,21,CLEAR,1,DAYLIGHT,12,MOTOR VEHICLE IN TRANSPORT,MM 86 5 I 65,NASHVILLE,TN,37207,3006,NORTH,36.1946,-86.7762,POINT (-86.7762 36.1946)
20190475157,06/23/2019 01:34:00 PM,2,1,0,,Y,876581,5,SIDESWIPE - SAME DIRECTION,21,CLEAR,1,DAYLIGHT,12,MOTOR VEHICLE IN TRANSPORT,GALLATIN PKEN & RIVERGATE MARKETPLACE PV,MADISON,TN,37115,1731,MADISO,36.3044,-86.6895,POINT (-86.6895 36.3044)
20190253365,04/02/2019 08:28:00 AM,2,0,0,,N,676834,4,ANGLE,21,CLEAR,1,DAYLIGHT,12,MOTOR VEHICLE IN TRANSPORT,10TH AVN & JEFFERSON ST,NASHVILLE,TN,37208,4243,NORTH,36.1724,-86.7948,POINT (-86.7948 36.1724)
20190397732,05/24/2019 02:22:00 PM,2,0,0,,N,240960,5,SIDESWIPE - SAME DIRECTION,21,CLEAR,1,DAYLIGHT,12,MOTOR VEHICLE IN TRANSPORT,GALLATIN PKE & FAIRWIN AV,NASHVILLE,TN,37216,1401,EAST,36.1977,-86.7417,POINT (-86.7417 36.1977)
20190423325,06/03/2019 04:34:00 PM,2,1,0,,Y,151132,5,SIDESWIPE - SAME DIRECTION,21,CLEAR,1,DAYLIGHT,12,MOTOR VEHICLE IN TRANSPORT,GALLATIN PKES & MOVING CENTER CT,MADISON,TN,37115,1507,MADISO,36.2509,-86.7184,POINT (-86.7184 36.2509)
20190499829,07/02/2019 10:26:00 PM,2,2,0,,N,256383,11,Front to Rear,21,CLEAR,3,DARK - LIGHTED,12,MOTOR VEHICLE IN TRANSPORT,MM 54 9 I 24,NASHVILLE,TN,37211,8812,SOUTH,36.0962,-86.7081,POINT (-86.7081 36.0962)
20190269070,04/08/2019 04:30:00 AM,2,0,0,,N,279212,5,SIDESWIPE - SAME DIRECTION,2,RAIN,3,DARK - LIGHTED,12;36,MOTOR VEHICLE IN TRANSPORT;CONCRETE TRAFFIC BARRIER,MM 200 8 I 40,NASHVILLE,TN,37209,4708,WEST,36.1281,-86.9012,POINT (-86.9012 36.1281)
20190444487,06/11/2019 05:06:00 PM,1,0,0,Y,N,256426,0,NOT COLLISION W/MOTOR VEHICLE-TRANSPORT,21,CLEAR,1,DAYLIGHT,27,H-WAY TRAFFIC SIGNAL POST,BRILEY PKWYS & BRILEY PKWY S EXT RAMP,NASHVILLE,TN,37210,9098,HERMIT,36.148,-86.6929,POINT (-86.6929 36.148)
20190266677,04/07/2019 12:00:00 AM,2,0,0,,Y,299262,5,SIDESWIPE - SAME DIRECTION,2,RAIN,3,DARK - LIGHTED,12,MOTOR VEHICLE IN TRANSPORT,DEMONBREUN ST & 2ND AVS,NASHVILLE,TN,37201,4051,CENTRA,36.1599,-86.7739,POINT (-86.7739 36.1599)
20190018280,01/08/2019 07:32:00 AM,3,2,0,,N,676834,11,Front to Rear,22,CLOUDY,1,DAYLIGHT,12,MOTOR VEHICLE IN TRANSPORT,MM 38 7 I 24,WHITES CREEK,TN,37189,33181,NORTH,36.3004,-86.8122,POINT (-86.8122 36.3004)
20190548236,07/23/2019 01:50:00 AM,1,1,0,,N,320598,0,NOT COLLISION W/MOTOR VEHICLE-TRANSPORT,2,RAIN,2,DARK - NOT LIGHTED,36,CONCRETE TRAFFIC BARRIER,MM 77 1 I 65,NASHVILLE,TN,37220,7104,MIDTOW,36.0722,-86.7696,POINT (-86.7696 36.0722)
20190232628,03/25/2019 10:38:00 PM,2,0,0,,Y,110090,11,Front to Rear,21,CLEAR,3,DARK - LIGHTED,12;36,MOTOR VEHICLE IN TRANSPORT;CONCRETE TRAFFIC BARRIER,HICKORY HOLLOW PKWY & I24 W ENT RAMP,ANTIOCH,TN,37013,8863,SOUTH,36.0421,-86.6494,POINT (-86.6494 36.0421)
20190447381,06/12/2019 04:50:00 PM,1,0,0,,N,256374,0,NOT COLLISION W/MOTOR VEHICLE-TRANSPORT,22,CLOUDY,1,DAYLIGHT,64;7,Ran Off Road-Left,S MOUNT JULIET RD & COUCHVILLE PKE,HERMITAGE,TN,37076,8913,SOUTH,36.1043,-86.5282,POINT (-86.5282 36.1043)
20190223888,03/22/2019 02:48:00 PM,2,0,0,,N,212343,11,Front to Rear,21,CLEAR,1,DAYLIGHT,12,MOTOR VEHICLE IN TRANSPORT,MM 86 0 I 65,NASHVILLE,TN,37208,4304,CENTRA,36.1916,-86.7859,POINT (-86.7859 36.1916)
20190176063,03/05/2019 10:30:00 PM,2,0,0,,Y,191573,11,Front to Rear,21,CLEAR,3,DARK - LIGHTED,12,MOTOR VEHICLE IN TRANSPORT,KOREAN VETERANS BLVD & SHELBY AV,NASHVILLE,TN,37213,1003,CENTRA,36.1644,-86.7682,POINT (-86.7682 36.1644)
20190559716,07/27/2019 10:00:00 AM,2,0,0,,Y,591933,4,ANGLE,21,CLEAR,1,DAYLIGHT,12;14,MOTOR VEHICLE IN TRANSPORT;PARKED MOTOR VEHICLE,HAMILTON CROSSINGS & HAMILTON CHURCH RD,ANTIOCH,TN,37013,8865,SOUTH,36.0628,-86.6309,POINT (-86.6309 36.0628)
20190049653,01/19/2019 03:55:00 PM,2,0,0,,Y,330414,4,ANGLE,2,RAIN,1,DAYLIGHT,12,MOTOR VEHICLE IN TRANSPORT,HILLSBORO PKE & CRESTMOOR RD,NASHVILLE,TN,37215,6413,MIDTOW,36.1091,-86.8119,POINT (-86.8119 36.1091)
20190491312,06/29/2019 02:19:00 PM,2,0,0,,Y,256446,5,SIDESWIPE - SAME DIRECTION,21,CLEAR,1,DAYLIGHT,14,PARKED MOTOR VEHICLE,OLD TUSCULUM RD & TUSCULUM RD,ANTIOCH,TN,37013,8713,SOUTH,36.0534,-86.6906,POINT (-86.6906 36.0534)
20190265165,04/06/2019 12:06:00 PM,2,0,0,,N,834798,11,Front to Rear,21,CLEAR,1,DAYLIGHT,12,MOTOR VEHICLE IN TRANSPORT,I440 E ENT RAMP & I440 ENT RAMP,NASHVILLE,TN,37204,6930,MIDTOW,36.1182,-86.7746,POINT (-86.7746 36.1182)
20190572326,08/01/2019 03:24:00 PM,3,3,0,,N,524985,4,ANGLE,21,CLEAR,1,DAYLIGHT,12,MOTOR VEHICLE IN TRANSPORT,BRICK CHURCH PKE & FERNCO DR,NASHVILLE,TN,37207,3047,NORTH,36.2206,-86.7824,POINT (-86.7824 36.2206)
20190346892,05/06/2019 09:35:00 AM,2,0,0,,N,226136,4,ANGLE,21,CLEAR,1,DAYLIGHT,12,MOTOR VEHICLE IN TRANSPORT,OLD HICKORY BLVD & BRENTWOOD EAST DR,NASHVILLE,TN,37211,8651,MIDTOW,36.0452,-86.7154,POINT (-86.7154 36.0452)
20190203668,03/15/2019 03:54:00 PM,2,0,0,Y,Y,256424,11,Front to Rear,21,CLEAR,1,DAYLIGHT,12;40,MOTOR VEHICLE IN TRANSPORT;MAIL BOX,FORRESTAL WAY & ANDERSON RD,ANTIOCH,TN,37013,8925,SOUTH,36.0704,-86.599,POINT (-86.599 36.0704)
20190410083,05/29/2019 11:25:00 AM,2,0,0,,N,352204,11,Front to Rear,21,CLEAR,1,DAYLIGHT,12,MOTOR VEHICLE IN TRANSPORT,FRANKLIN PKE & HARDING PL,NASHVILLE,TN,37204,7027,MIDTOW,36.0866,-86.772,POINT (-86.772 36.0866)
20190306558,04/21/2019 01:45:00 PM,3,2,0,,N,799013,11,Front to Rear,21,CLEAR,1,DAYLIGHT,12;54,MOTOR VEHICLE IN TRANSPORT;Set In Motion By Motor Vehicle,DONELSON PKE & I40 W EXT RAMP,NASHVILLE,TN,37214,9103,HERMIT,36.1415,-86.6666,POINT (-86.6666 36.1415)
20190163788,03/01/2019 09:28:00 AM,2,0,0,Y,N,716886,6,SIDESWIPE - OPPOSITE DIRECTION,2,RAIN,1,DAYLIGHT,14,PARKED MOTOR VEHICLE,ANTIOCH PKE & MCCOMBS AV,NASHVILLE,TN,37211,8427,SOUTH,36.1017,-86.739,POINT (-86.739 36.1017)
20190021488,01/09/2019 09:09:00 AM,2,0,0,,N,212369,2,HEAD-ON,21,CLEAR,1,DAYLIGHT,12;13,MOTOR VEHICLE IN TRANSPORT;MOTOR VEHICLE IN TRANSPORT-OTHER ROADWAY,SIDCO DR & KENILWOOD DR,NASHVILLE,TN,37204,8531,MIDTOW,36.0899,-86.7621,POINT (-86.7621 36.0899)
20190257540,04/03/2019 04:11:00 PM,2,1,0,,N,256374,11,Front to Rear,21,CLEAR,1,DAYLIGHT,12,MOTOR VEHICLE IN TRANSPORT,APOLLO DR & UNA ANTIOCH PKE,ANTIOCH,TN,37013,8897,SOUTH,36.0716,-86.6643,POINT (-86.6643 36.0716)
20190581634,08/05/2019 01:08:00 PM,2,1,0,,N,279116,11,Front to Rear,22,CLOUDY,1,DAYLIGHT,12,MOTOR VEHICLE IN TRANSPORT,I65 N EXT RAMP & I 65,NASHVILLE,TN,37207,1863,EAST,36.2057,-86.7747,POINT (-86.7747 36.2057)
20190296574,04/17/2019 06:25:00 PM,2,0,0,,N,256386,11,Front to Rear,21,CLEAR,1,DAYLIGHT,12,MOTOR VEHICLE IN TRANSPORT,US HWY 41 & BROOKSBORO TER,NASHVILLE,TN,37217,8937,HERMIT,36.0837,-86.6472,POINT (-86.6472 36.0837)
20190065413,01/25/2019 10:59:00 AM,2,0,0,,N,279116,4,ANGLE,21,CLEAR,1,DAYLIGHT,12,MOTOR VEHICLE IN TRANSPORT,HAMILTON AV & MARTIN ST,NASHVILLE,TN,37203,8049,MIDTOW,36.1387,-86.7697,POINT (-86.7697 36.1387)
20190024865,01/10/2019 12:28:00 PM,2,0,0,,N,191578,0,NOT COLLISION W/MOTOR VEHICLE-TRANSPORT,21,CLEAR,1,DAYLIGHT,60,Cargo Equip Loss/Shift,MM 215 7 I 40,NASHVILLE,TN,37217,89020,HERMIT,36.1426,-86.6823,POINT (-86.6823 36.1426)
20190243094,03/29/2019 08:04:00 AM,2,1,0,,N,676834,11,Front to Rear,2,RAIN,1,DAYLIGHT,12,MOTOR VEHICLE IN TRANSPORT,CLARKSVILLE PKE & KINGS LN,NASHVILLE,TN,37218,3141,NORTH,36.2167,-86.8375,POINT (-86.8375 36.2167)
20190168120,03/03/2019 02:47:00 AM,1,0,0,Y,Y,197075,0,NOT COLLISION W/MOTOR VEHICLE-TRANSPORT,21,CLEAR,3,DARK - LIGHTED,24;64,GUARDRAIL FACE;Ran Off Road-Left,I24 W ENT RAMP & I 65,NASHVILLE,TN,37207,18041,EAST,36.2216,-86.7738,POINT (-86.7738 36.2216)
20190579954,08/04/2019 08:20:00 PM,3,1,0,,N,571321,11,Front to Rear,21,CLEAR,3,DARK - LIGHTED,12,MOTOR VEHICLE IN TRANSPORT,MM 85 6 I 65,NASHVILLE,TN,37208,43042,NORTH,36.1872,-86.7951,POINT (-86.7951 36.1872)
20190054454,01/21/2019 04:24:00 PM,2,0,0,,N,725756,11,Front to Rear,21,CLEAR,5,DUSK,12,MOTOR VEHICLE IN TRANSPORT,TODD PREIS DR & SAWYER BROWN RD,NASHVILLE,TN,37221,4811,WEST,36.0711,-86.9471,POINT (-86.9471 36.0711)
20190107149,02/08/2019 12:00:00 AM,1,0,0,Y,N,212337,0,NOT COLLISION W/MOTOR VEHICLE-TRANSPORT,21,CLEAR,3,DARK - LIGHTED,42;63;7,TREE;Ran Off Road-Right,1622 ROSA L PARKS BLVD,NASHVILLE,TN,37208,4335,NORTH,36.1803,-86.7958,POINT (-86.7958 36.1803)
20190248760,03/31/2019 05:55:00 PM,2,4,0,,N,110092,4,ANGLE,21,CLEAR,1,DAYLIGHT,12,MOTOR VEHICLE IN TRANSPORT,MARTINGALE DR & ROBINSON RD,OLD HICKORY,TN,37138,9619,HERMIT,36.2579,-86.6569,POINT (-86.6569 36.2579)
20190337204,05/02/2019 07:30:00 AM,2,0,0,,N,716877,5,SIDESWIPE - SAME DIRECTION,21,CLEAR,1,DAYLIGHT,12,MOTOR VEHICLE IN TRANSPORT,HICKORY HOLLOW PKWY & I24 W EXT RAMP,ANTIOCH,TN,37013,8863,SOUTH,36.0401,-86.6491,POINT (-86.6491 36.0401)
20190224119,03/22/2019 04:04:00 PM,2,0,0,,N,690942,4,ANGLE,21,CLEAR,1,DAYLIGHT,12,MOTOR VEHICLE IN TRANSPORT,COMMERCE ST & 4TH AVN,NASHVILLE,TN,37219,4107,CENTRA,36.1622,-86.7785,POINT (-86.7785 36.1622)
20190112371,02/11/2019 09:32:00 AM,3,1,0,,N,716886,11,Front to Rear,22,CLOUDY,1,DAYLIGHT,12,MOTOR VEHICLE IN TRANSPORT,I24E & I24 E ENT RAMP,NASHVILLE,TN,37210,8102,SOUTH,36.1363,-86.727,POINT (-86.727 36.1363)