Accident Number,Date and Time,Number of Motor Vehicles,Number of Injuries,Number of Fatalities,Property Damage,Hit and Run,Reporting Officer,Collision Type Code,Collision Type Description,Weather Code,Weather Description,Illumination Code,Illumination Description,Harmful Code,Harmful Code Description,Street Address,City,State,ZIP,RPA,Precinct,Latitude,Longitude,Mapped Location
20190471744,06/21/2019 05:43:00 PM,3,2,0,,N,298867,11,Front to Rear,21,CLEAR,1,DAYLIGHT,12,MOTOR VEHICLE IN TRANSPORT,MM 47 8 I 24,NASHVILLE,TN,37207,1904,CENTRA,36.1775,-86.7731,POINT (-86.7731 36.1775)
20190512583,07/08/2019 05:00:00 PM,2,0,0,,N,330413,4,ANGLE,21,CLEAR,1,DAYLIGHT,12,MOTOR VEHICLE IN TRANSPORT,I40 E EXT RAMP & I 40,NASHVILLE,TN,37214,8955,HERMIT,36.155,-86.6271,POINT (-86.6271 36.155)
20190205899,03/16/2019 03:00:00 PM,2,0,0,,N,320580,0,NOT COLLISION W/MOTOR VEHICLE-TRANSPORT,21,CLEAR,1,DAYLIGHT,47,FIRE HYDRANT,ELM HILL PKE & PATRIOT WAY,NASHVILLE,TN,37214,9411,HERMIT,36.1482,-86.6644,POINT (-86.6644 36.1482)
20190403651,05/27/2019 04:39:00 AM,1,1,0,Y,N,468098,0,NOT COLLISION W/MOTOR VEHICLE-TRANSPORT,21,CLEAR,3,DARK - LIGHTED,2;33;43;46;63,CURB;OTHER FIXED OBJECTS;TRAFFIC SIGNAL SUPPORT;Ran Off Road-Right,OLD MURFREESBORO PKE & MURFREESBORO PKE,NASHVILLE,TN,37217,8947,HERMIT,36.0983,-86.6563,POINT (-86.6563 36.0983)
20190059192,01/23/2019 09:16:00 AM,1,1,0,,N,716886,0,NOT COLLISION W/MOTOR VEHICLE-TRANSPORT,2,RAIN,1,DAYLIGHT,42,TREE,CANE RIDGE RD & HEARTHSIDE WAY,ANTIOCH,TN,37013,8765,SOUTH,36.025,-86.6463,POINT (-86.6463 36.025)
20190348553,05/06/2019 12:00:00 AM,1,1,0,,Y,179606,0,NOT COLLISION W/MOTOR VEHICLE-TRANSPORT,21,CLEAR,3,DARK - LIGHTED,8,PEDESTRIAN,NOLENSVILLE PKE & ROSEDALE AV,NASHVILLE,TN,37210,8101,SOUTH,36.1253,-86.7523,POINT (-86.7523 36.1253)
20190035345,01/14/2019 12:00:00 AM,2,0,0,,N,311333,11,Front to Rear,22,CLOUDY,1,DAYLIGHT,12,MOTOR VEHICLE IN TRANSPORT,OLD HICKORY BLVD & OWEN DR,ANTIOCH,TN,37013,8869,SOUTH,36.0183,-86.6196,POINT (-86.6196 36.0183)
20190317204,04/24/2019 05:55:00 PM,2,0,0,,N,330416,11,Front to Rear,21,CLEAR,1,DAYLIGHT,12,MOTOR VEHICLE IN TRANSPORT,MM 200 0 I 40,NASHVILLE,TN,37209,4708,WEST,36.1189,-86.9133,POINT (-86.9133 36.1189)
20190066034,01/25/2019 03:05:00 PM,2,1,0,,N,320580,4,ANGLE,21,CLEAR,1,DAYLIGHT,13,MOTOR VEHICLE IN TRANSPORT-OTHER ROADWAY,LEBANON PKE & MCGAVOCK PKE,NASHVILLE,TN,37214,9201,HERMIT,36.1694,-86.6799,POINT (-86.6799 36.1694)
20190507278,07/05/2019 06:15:00 PM,2,0,0,,Y,299266,4,ANGLE,21,CLEAR,1,DAYLIGHT,14,PARKED MOTOR VEHICLE,MURFREESBORO PKE & RURAL HILL RD,ANTIOCH,TN,37013,8861,SOUTH,36.0745,-86.6387,POINT (-86.6387 36.0745)
20190182279,03/07/2019 07:51:00 PM,2,0,0,,N,169425,5,SIDESWIPE - SAME DIRECTION,21,CLEAR,3,DARK - LIGHTED,12,MOTOR VEHICLE IN TRANSPORT,EDGEHILL AV & 21ST AVS,NASHVILLE,TN,37203,5715,MIDTOW,36.1441,-86.7999,POINT (-86.7999 36.1441)
20190438091,06/09/2019 04:00:00 AM,1,0,0,,N,405424,0,NOT COLLISION W/MOTOR VEHICLE-TRANSPORT,22,CLOUDY,2,DARK - NOT LIGHTED,50,DEER (ANIMAL),COUCHVILLE PKE & REYNOLDS RD,NASHVILLE,TN,37217,8947,HERMIT,36.1157,-86.6501,POINT (-86.6501 36.1157)
20190517524,07/10/2019 03:36:00 PM,3,0,0,,N,267831,11,Front to Rear,22,CLOUDY,1,DAYLIGHT,12,MOTOR VEHICLE IN TRANSPORT,BOWLING AV & WOODLAWN DR,NASHVILLE,TN,37215,6001,WEST,36.1235,-86.8266,POINT (-86.8266 36.1235)
20190447821,06/12/2019 08:14:00 PM,1,0,0,,N,256386,0,NOT COLLISION W/MOTOR VEHICLE-TRANSPORT,21,CLEAR,3,DARK - LIGHTED,50,DEER (ANIMAL),US HWY 41 & HARDING PL,NASHVILLE,TN,37217,8849,SOUTH,36.1005,-86.6624,POINT (-86.6624 36.1005)
20190486014,06/27/2019 12:00:00 AM,2,0,0,,Y,109534,5,SIDESWIPE - SAME DIRECTION,21,CLEAR,1,DAYLIGHT,14;99,PARKED MOTOR VEHICLE;UNKNOWN MOST HARMFUL EVENT,HARBOR LIGHTS DR & TINNEY PL,NASHVILLE,TN,37217,8935,HERMIT,36.0956,-86.6312,POINT (-86.6312 36.0956)
20190450582,06/13/2019 06:19:00 PM,2,1,0,,N,151132,11,Front to Rear,21,CLEAR,1,DAYLIGHT,12,MOTOR VEHICLE IN TRANSPORT,MYATT DR & ANDERSON LN,MADISON,TN,37115,1715,MADISO,36.2728,-86.6895,POINT (-86.6895 36.2728)
20190088969,02/02/2019 10:13:00 AM,2,0,0,,N,212325,4,ANGLE,22,CLOUDY,1,DAYLIGHT,12,MOTOR VEHICLE IN TRANSPORT,BELLE ARBOR DR & BRICK CHURCH PKE,NASHVILLE,TN,37207,2045,MADISO,36.2575,-86.7768,POINT (-86.7768 36.2575)
20190574591,08/02/2019 11:53:00 AM,2,0,0,,N,134899,11,Front to Rear,21,CLEAR,1,DAYLIGHT,12,MOTOR VEHICLE IN TRANSPORT,ANDREW JACKSON PKWY & WINDSOR CHASE WAY,HERMITAGE,TN,37076,9727,HERMIT,36.2197,-86.5976,POINT (-86.5976 36.2197)
20190474466,06/23/2019 12:00:00 AM,1,0,0,Y,Y,191572,0,NOT COLLISION W/MOTOR VEHICLE-TRANSPORT,21,CLEAR,3,DARK - LIGHTED,38,FENCE,BLUE SPRING DR & PARAGON MILLS RD,NASHVILLE,TN,37211,8419,SOUTH,36.0871,-86.7128,POINT (-86.7128 36.0871)
20190038476,01/15/2019 04:24:00 PM,2,1,0,,N,212344,4,ANGLE,22,CLOUDY,1,DAYLIGHT,1;12,MOTOR VEHICLE IN TRANSPORT,MAIN ST & S 9TH ST,NASHVILLE,TN,37206,1999,EAST,36.176,-86.7572,POINT (-86.7572 36.176)
20190459905,06/17/2019 02:58:00 PM,3,0,0,,N,405404,4,ANGLE,21,CLEAR,1,DAYLIGHT,12,MOTOR VEHICLE IN TRANSPORT,LOUISE DR & MORTON AV,NASHVILLE,TN,37211,8517,MIDTOW,36.1066,-86.7476,POINT (-86.7476 36.1066)
20190434188,06/07/2019 12:31:00 PM,3,0,0,,N,834798,11,Front to Rear,21,CLEAR,1,DAYLIGHT,12,MOTOR VEHICLE IN TRANSPORT,BRANSFORD AV & BERRY RD,NASHVILLE,TN,37211,8037,MIDTOW,36.292,-86.8838,POINT (-86.8838 36.292)
20190564104,07/29/2019 11:39:00 AM,3,2,0,,N,140808,11,Front to Rear,21,CLEAR,1,DAYLIGHT,12,MOTOR VEHICLE IN TRANSPORT,OLD HICKORY BLVD & SEVEN SPRINGS WAY,BRENTWOOD,TN,37027,8623,MIDTOW,36.0398,-86.7685,POINT (-86.7685 36.0398)
20190300721,04/19/2019 02:06:00 AM,2,0,0,,N,187882,98,OTHER,21,CLEAR,3,DARK - LIGHTED,12,MOTOR VEHICLE IN TRANSPORT,DOUGLAS AV & GALLATIN AV,NASHVILLE,TN,37206,1325,EAST,36.1927,-86.7444,POINT (-86.7444 36.1927)
20190505350,07/04/2019 12:00:00 AM,2,0,0,,Y,192379,11,Front to Rear,2,RAIN,3,DARK - LIGHTED,14;55,PARKED MOTOR VEHICLE;Motor Vehicle-In-Motion Outside Trafficw,2000 2ND AVS,NASHVILLE,TN,37210,4033,CENTRA,36.1562,-86.7709,POINT (-86.7709 36.1562)
20190538649,07/19/2019 12:45:00 AM,2,1,0,,N,330441,4,ANGLE,21,CLEAR,3,DARK - LIGHTED,12,MOTOR VEHICLE IN TRANSPORT,THOMPSON LN & NOLENSVILLE PKE,NASHVILLE,TN,37211,8519,MIDTOW,36.1109,-86.7452,POINT (-86.7452 36.1109)
20190516688,07/10/2019 08:28:00 AM,2,0,0,,N,299247,5,SIDESWIPE - SAME DIRECTION,21,CLEAR,1,DAYLIGHT,12,MOTOR VEHICLE IN TRANSPORT,MURFREESBORO PKE & DONELSON PKE,NASHVILLE,TN,37217,8841,SOUTH,36.1062,-86.6731,POINT (-86.6731 36.1062)
20190199462,03/14/2019 06:51:00 AM,2,0,0,,N,834798,11,Front to Rear,21,CLEAR,1,DAYLIGHT,12,MOTOR VEHICLE IN TRANSPORT,I65 N EXT RAMP & I65 N ENT RAMP,NASHVILLE,TN,37207,1863,EAST,36.2061,-86.774,POINT (-86.774 36.2061)
20190164428,03/01/2019 01:20:00 PM,2,0,0,,Y,226136,6,SIDESWIPE - OPPOSITE DIRECTION,22,CLOUDY,1,DAYLIGHT,12,MOTOR VEHICLE IN TRANSPORT,24TH AVN & WEST END AV,NASHVILLE,TN,37203,5615,MIDTOW,36.1481,-86.8066,POINT (-86.8066 36.1481)
20190252084,04/01/2019 09:48:00 PM,2,1,0,,Y,151132,4,ANGLE,21,CLEAR,3,DARK - LIGHTED,12,MOTOR VEHICLE IN TRANSPORT,NEELYS BEND RD & RANDY RD,MADISON,TN,37115,1631,MADISO,36.2523,-86.6938,POINT (-86.6938 36.2523)
20190374304,05/16/2019 07:12:00 AM,2,0,0,,N,191578,4,ANGLE,21,CLEAR,1,DAYLIGHT,12,MOTOR VEHICLE IN TRANSPORT,LEBANON PKE & MCGAVOCK PKE,NASHVILLE,TN,37214,9201,HERMIT,36.1694,-86.6799,POINT (-86.6799 36.1694)
20190180607,03/07/2019 07:50:00 AM,2,1,0,,N,429188,11,Front to Rear,21,CLEAR,1,DAYLIGHT,12,MOTOR VEHICLE IN TRANSPORT,MURFREESBORO PKE & BRITISH WOODS DR,NASHVILLE,TN,37217,8853,SOUTH,36.0914,-86.6514,POINT (-86.6514 36.0914)
20190577216,08/03/2019 12:48:00 PM,2,0,0,,N,834798,5,SIDESWIPE - SAME DIRECTION,21,CLEAR,1,DAYLIGHT,12,MOTOR VEHICLE IN TRANSPORT,MM 82 2 I 65,NASHVILLE,TN,37203,6804,MIDTOW,36.1456,-86.7776,POINT (-86.7776 36.1456)
20190395317,05/23/2019 06:50:00 PM,2,0,0,,Y,330440,5,SIDESWIPE - SAME DIRECTION,21,CLEAR,1,DAYLIGHT,12,MOTOR VEHICLE IN TRANSPORT,21ST AVN & HEIMAN ST,NASHVILLE,TN,37208,4481,NORTH,36.1711,-86.8099,POINT (-86.8099 36.1711)
20190188970,03/10/2019 12:00:00 AM,2,0,0,,N,298877,4,ANGLE,21,CLEAR,1,DAYLIGHT,12,MOTOR VEHICLE IN TRANSPORT,LEWIS ST & LAFAYETTE ST,NASHVILLE,TN,37210,8209,HERMIT,36.1476,-86.7586,POINT (-86.7586 36.1476)
20190184302,03/08/2019 12:04:00 PM,2,0,0,,N,191578,4,ANGLE,2,RAIN,1,DAYLIGHT,12,MOTOR VEHICLE IN TRANSPORT,LEBANON PKE & PARK DR,NASHVILLE,TN,37214,9307,HERMIT,36.1697,-86.677,POINT (-86.677 36.1697)
20190359675,05/10/2019 04:14:00 PM,2,0,0,,N,240955,4,ANGLE,22,CLOUDY,1,DAYLIGHT,55,Motor Vehicle-In-Motion Outside Trafficw,MOUNTAINHIGH DR & PRESTON RD,ANTIOCH,TN,37013,8753,SOUTH,36.0372,-86.6619,POINT (-86.6619 36.0372)
20190454981,06/15/2019 10:36:00 AM,2,0,0,,N,311799,11,Front to Rear,21,CLEAR,1,DAYLIGHT,12,MOTOR VEHICLE IN TRANSPORT,MOOREWOOD DR & RICHMOND HILL DR,NASHVILLE,TN,37207,2031,MADISO,36.2348,-86.7756,POINT (-86.7756 36.2348)
20190356477,05/09/2019 02:12:00 PM,2,0,0,,N,352204,11,Front to Rear,22,CLOUDY,1,DAYLIGHT,12,MOTOR VEHICLE IN TRANSPORT,WEDGEWOOD AV & 8TH AVS,NASHVILLE,TN,37204,6919,MIDTOW,36.1343,-86.7796,POINT (-86.7796 36.1343)
20190188465,03/10/2019 08:32:00 AM,2,0,0,,N,834798,4,ANGLE,21,CLEAR,1,DAYLIGHT,12,MOTOR VEHICLE IN TRANSPORT,WEDGEWOOD AV & 8TH AVS,NASHVILLE,TN,37204,6919,MIDTOW,36.1343,-86.7796,POINT (-86.7796 36.1343)
20190475240,06/23/2019 02:37:00 PM,2,0,0,,N,330412,5,SIDESWIPE - SAME DIRECTION,21,CLEAR,1,DAYLIGHT,12,MOTOR VEHICLE IN TRANSPORT,GALLATIN PKEN & SHEPHERD HILLS DR,MADISON,TN,37115,1731,MADISO,36.3009,-86.6946,POINT (-86.6946 36.3009)
20190467531,06/20/2019 08:42:00 AM,1,1,0,Y,N,633390,0,NOT COLLISION W/MOTOR VEHICLE-TRANSPORT,2,RAIN,1,DAYLIGHT,31;64,"OTHER POST, POLE, SUPP.;Ran Off Road-Left",DICKERSON PKE & PINE RIDGE DR,NASHVILLE,TN,37207,1823,EAST,36.2212,-86.7618,POINT (-86.7618 36.2212)
20190124899,02/15/2019 07:47:00 AM,2,1,0,,N,109534,11,Front to Rear,22,CLOUDY,1,DAYLIGHT,12,MOTOR VEHICLE IN TRANSPORT,LEBANON PKE & OLD HICKORY BLVD,HERMITAGE,TN,37076,9613,HERMIT,36.1756,-86.6154,POINT (-86.6154 36.1756)
20190479825,06/25/2019 09:35:00 AM,2,0,0,,Y,352205,5,SIDESWIPE - SAME DIRECTION,21,CLEAR,1,DAYLIGHT,12,MOTOR VEHICLE IN TRANSPORT,DEMONBREUN ST & 1ST AVS,NASHVILLE,TN,37201,4051,CENTRA,36.1601,-86.7734,POINT (-86.7734 36.1601)
20190201193,03/14/2019 07:33:00 PM,2,0,0,,N,298837,11,Front to Rear,21,CLEAR,3,DARK - LIGHTED,12,MOTOR VEHICLE IN TRANSPORT,MM 49 2 I 24,NASHVILLE,TN,37213,1002,CENTRA,36.1637,-86.7625,POINT (-86.7625 36.1637)
20190096049,02/05/2019 07:39:00 AM,2,0,0,,N,226622,11,Front to Rear,22,CLOUDY,1,DAYLIGHT,12,MOTOR VEHICLE IN TRANSPORT,ESTES RD & DARTMOUTH AV,NASHVILLE,TN,37215,6103,WEST,36.1153,-86.8366,POINT (-86.8366 36.1153)
20190042162,01/16/2019 08:20:00 PM,2,0,0,,N,151132,4,ANGLE,22,CLOUDY,3,DARK - LIGHTED,12,MOTOR VEHICLE IN TRANSPORT,E OLD HICKORY BLVD & MYATT DR,MADISON,TN,37115,1629,MADISO,36.2631,-86.6905,POINT (-86.6905 36.2631)
20190105259,02/08/2019 07:34:00 AM,2,0,0,,N,887591,11,Front to Rear,21,CLEAR,1,DAYLIGHT,12,MOTOR VEHICLE IN TRANSPORT,MURFREESBORO PKE & MT VIEW CIR,ANTIOCH,TN,37013,8927,SOUTH,36.0478,-86.6121,POINT (-86.6121 36.0478)
20190164648,03/01/2019 03:46:00 PM,2,1,0,,Y,212346,11,Front to Rear,21,CLEAR,1,DAYLIGHT,12;8,MOTOR VEHICLE IN TRANSPORT;PEDESTRIAN,DIVISION ST & 9TH AVS,NASHVILLE,TN,37203,4011,CENTRA,36.1502,-86.7809,POINT (-86.7809 36.1502)
20190572025,08/01/2019 11:00:00 AM,2,0,0,,N,676834,11,Front to Rear,21,CLEAR,1,DAYLIGHT,12,MOTOR VEHICLE IN TRANSPORT,MM 86 9 I 65,NASHVILLE,TN,37207,3002,NORTH,36.2009,-86.7768,POINT (-86.7768 36.2009)
20190012976,01/06/2019 01:03:00 AM,2,1,0,,N,197075,4,ANGLE,21,CLEAR,3,DARK - LIGHTED,12,MOTOR VEHICLE IN TRANSPORT,EWING DR & BRICK CHURCH PKE,NASHVILLE,TN,37207,2031,MADISO,36.025,-86.721,POINT (-86.721 36.025)
20190342958,05/04/2019 12:44:00 PM,2,5,1,,Y,571328,4,ANGLE,22,CLOUDY,1,DAYLIGHT,12,MOTOR VEHICLE IN TRANSPORT,SHELBY AV & S 8TH ST,NASHVILLE,TN,37206,1123,EAST,36.1698,-86.7565,POINT (-86.7565 36.1698)
20190173581,03/05/2019 04:49:00 AM,1,0,0,,N,311336,0,NOT COLLISION W/MOTOR VEHICLE-TRANSPORT,21,CLEAR,2,DARK - NOT LIGHTED,18,OTHER OBJECT (NOT FIXED),ELLINGTON PKWYS & BROADMOOR DR,NASHVILLE,TN,37216,1880,EAST,36.2307,-86.7477,POINT (-86.7477 36.2307)
20190362324,05/11/2019 12:00:00 AM,2,1,0,Y,N,206964,4,ANGLE,2,RAIN,3,DARK - LIGHTED,12,MOTOR VEHICLE IN TRANSPORT,I24 E EXT RAMP & I 24,NASHVILLE,TN,37207,30080,NORTH,36.2378,-86.7872,POINT (-86.7872 36.2378)
20190032742,01/13/2019 04:52:00 PM,2,0,0,,N,256501,6,SIDESWIPE - OPPOSITE DIRECTION,2,RAIN,1,DAYLIGHT,14,PARKED MOTOR VEHICLE,W NOCTURNE DR & GARDNER LN,NASHVILLE,TN,37207,3037,NORTH,36.2108,-86.8021,POINT (-86.8021 36.2108)
20190490952,06/29/2019 11:35:00 AM,2,0,0,,N,633381,11,Front to Rear,21,CLEAR,1,DAYLIGHT,12,MOTOR VEHICLE IN TRANSPORT,OLD HICKORY BLVD & EULALA DR,ANTIOCH,TN,37013,8757,SOUTH,36.0454,-86.7036,POINT (-86.7036 36.0454)
20190312080,04/23/2019 07:52:00 AM,2,0,0,,N,212369,11,Front to Rear,21,CLEAR,1,DAYLIGHT,12,MOTOR VEHICLE IN TRANSPORT,HILLSBORO PKE & OLD HICKORY BLVD,BRENTWOOD,TN,37027,6301,MIDTOW,36.0471,-86.863,POINT (-86.863 36.0471)
20190075699,01/29/2019 06:45:00 AM,2,0,0,,N,109534,5,SIDESWIPE - SAME DIRECTION,22,CLOUDY,3,DARK - LIGHTED,12,MOTOR VEHICLE IN TRANSPORT,ROBINSON RD & MARTINGALE DR,OLD HICKORY,TN,37138,9619,HERMIT,36.2562,-86.6545,POINT (-86.6545 36.2562)
20190354611,05/08/2019 09:19:00 PM,2,0,0,,Y,256380,4,ANGLE,21,CLEAR,3,DARK - LIGHTED,14,PARKED MOTOR VEHICLE,BOOKER ST & LENA ST,NASHVILLE,TN,37208,5311,NORTH,36.1604,-86.8179,POINT (-86.8179 36.1604)
20190287274,04/14/2019 11:20:00 PM,1,1,0,,N,212342,0,NOT COLLISION W/MOTOR VEHICLE-TRANSPORT,21,CLEAR,3,DARK - LIGHTED,36,CONCRETE TRAFFIC BARRIER,MM 214 5 I 40,NASHVILLE,TN,37217,88022,HERMIT,36.1434,-86.7031,POINT (-86.7031 36.1434)
20190507728,07/06/2019 12:00:00 AM,2,0,0,,Y,620082,5,SIDESWIPE - SAME DIRECTION,21,CLEAR,1,DAYLIGHT,14;55,PARKED MOTOR VEHICLE;Motor Vehicle-In-Motion Outside Trafficw,DEADERICK ST & 4TH AVN,NASHVILLE,TN,37201,4161,CENTRA,36.1658,-86.7803,POINT (-86.7803 36.1658)
20190047671,01/18/2019 05:08:00 PM,2,0,0,,N,256383,5,SIDESWIPE - SAME DIRECTION,22,CLOUDY,3,DARK - LIGHTED,12,MOTOR VEHICLE IN TRANSPORT,MM 53 4 I 24,NASHVILLE,TN,37210,88141,SOUTH,36.1127,-86.7234,POINT (-86.7234 36.1127)
20190570181,07/31/2019 07:02:00 PM,2,0,0,,N,169425,11,Front to Rear,21,CLEAR,1,DAYLIGHT,55,Motor Vehicle-In-Motion Outside Trafficw,BENTON AV & 8TH AVS,NASHVILLE,TN,37204,6919,MIDTOW,36.1325,-86.7793,POINT (-86.7793 36.1325)
20190381233,05/18/2019 07:46:00 PM,2,0,0,,N,299257,4,ANGLE,21,CLEAR,3,DARK - LIGHTED,12,MOTOR VEHICLE IN TRANSPORT,WEDGEWOOD AV & I65 N ENT RAMP,NASHVILLE,TN,37204,8027,MIDTOW,36.1343,-86.7747,POINT (-86.7747 36.1343)
20190273695,04/09/2019 06:58:00 PM,2,0,0,,N,306230,4,ANGLE,21,CLEAR,1,DAYLIGHT,12,MOTOR VEHICLE IN TRANSPORT,HYDES FERRY RD & COUNTY HOSPITAL RD,NASHVILLE,TN,37218,3131,NORTH,36.1895,-86.8377,POINT (-86.8377 36.1895)
20190362307,05/11/2019 08:22:00 PM,2,1,0,,N,306708,4,ANGLE,2,RAIN,3,DARK - LIGHTED,12,MOTOR VEHICLE IN TRANSPORT,NEELYS BEND RD & GALLATIN PKES,MADISON,TN,37115,1783,MADISO,36.2562,-86.7144,POINT (-86.7144 36.2562)
20190267388,04/07/2019 11:05:00 AM,2,2,0,,N,311339,11,Front to Rear,2,RAIN,1,DAYLIGHT,12,MOTOR VEHICLE IN TRANSPORT,KOREAN VETERANS BLVD & HERMITAGE AV,NASHVILLE,TN,37201,4047,CENTRA,36.1583,-86.7719,POINT (-86.7719 36.1583)
20190374540,05/16/2019 09:20:00 AM,2,0,0,,N,419952,4,ANGLE,21,CLEAR,1,DAYLIGHT,12,MOTOR VEHICLE IN TRANSPORT,MURPHY RD & 40TH AVN,NASHVILLE,TN,37209,5207,WEST,36.1407,-86.8332,POINT (-86.8332 36.1407)
20190018871,01/08/2019 11:33:00 AM,2,0,0,,N,109534,5,SIDESWIPE - SAME DIRECTION,21,CLEAR,1,DAYLIGHT,12,MOTOR VEHICLE IN TRANSPORT,I40 W EXT RAMP & I 40,NASHVILLE,TN,37203,4119,CENTRA,36.1574,-86.79,POINT (-86.79 36.1574)
20190273074,04/09/2019 02:02:00 PM,2,0,0,,N,256380,11,Front to Rear,21,CLEAR,1,DAYLIGHT,12,MOTOR VEHICLE IN TRANSPORT,17TH AVN & CHARLOTTE AV,NASHVILLE,TN,37203,5503,MIDTOW,36.1588,-86.7982,POINT (-86.7982 36.1588)
20190034361,01/14/2019 08:15:00 AM,2,1,0,,N,212318,11,Front to Rear,21,CLEAR,1,DAYLIGHT,12,MOTOR VEHICLE IN TRANSPORT,I65 S EXT RAMP & I 65,MADISON,TN,37115,20044,MADISO,36.2481,-86.743,POINT (-86.743 36.2481)
20190191454,03/11/2019 03:01:00 PM,2,1,0,,N,256383,11,Front to Rear,21,CLEAR,1,DAYLIGHT,12,MOTOR VEHICLE IN TRANSPORT,MM 53 0 I 24,NASHVILLE,TN,37210,8302,SOUTH,36.1189,-86.7264,POINT (-86.7264 36.1189)
20190406353,05/28/2019 06:55:00 AM,2,0,0,,N,716886,11,Front to Rear,21,CLEAR,1,DAYLIGHT,12,MOTOR VEHICLE IN TRANSPORT,I24 E ENT RAMP & I 24,NASHVILLE,TN,37213,1007,CENTRA,36.1662,-86.7659,POINT (-86.7659 36.1662)
20190077091,01/29/2019 04:05:00 PM,2,0,0,,N,807344,11,Front to Rear,21,CLEAR,1,DAYLIGHT,12,MOTOR VEHICLE IN TRANSPORT,DIVISION ST & 8TH AVS,NASHVILLE,TN,37203,4011,CENTRA,36.1498,-86.7801,POINT (-86.7801 36.1498)
20190307441,04/21/2019 11:26:00 PM,2,0,0,,Y,177482,11,Front to Rear,21,CLEAR,3,DARK - LIGHTED,12,MOTOR VEHICLE IN TRANSPORT,WHITE BRIDGE PKE & LENOX AV,NASHVILLE,TN,37209,5103,WEST,36.1493,-86.8579,POINT (-86.8579 36.1493)
20190535645,07/17/2019 11:00:00 PM,2,0,0,,N,197060,4,ANGLE,21,CLEAR,3,DARK - LIGHTED,12,MOTOR VEHICLE IN TRANSPORT,860 OLD HICKORY BLVDW,MADISON,TN,37115,2145,MADISO,36.2712,-86.7503,POINT (-86.7503 36.2712)
20190273206,04/09/2019 02:04:00 PM,2,0,0,,N,267831,11,Front to Rear,21,CLEAR,1,DAYLIGHT,12,MOTOR VEHICLE IN TRANSPORT,51ST AVN & DELAWARE AV,NASHVILLE,TN,37209,4543,WEST,36.1544,-86.8487,POINT (-86.8487 36.1544)
20190163897,03/01/2019 10:15:00 AM,2,0,0,,N,330411,5,SIDESWIPE - SAME DIRECTION,22,CLOUDY,1,DAYLIGHT,12,MOTOR VEHICLE IN TRANSPORT,MUSIC SQE & SOUTH ST,NASHVILLE,TN,37212,6729,MIDTOW,36.1478,-86.7923,POINT (-86.7923 36.1478)
20190327163,04/28/2019 06:22:00 PM,2,0,0,,N,212315,11,Front to Rear,21,CLEAR,1,DAYLIGHT,14,PARKED MOTOR VEHICLE,11TH AVS & PINE ST,NASHVILLE,TN,37203,4019,CENTRA,36.1532,-86.7838,POINT (-86.7838 36.1532)
20190038977,01/15/2019 07:00:00 PM,2,0,0,,Y,256448,5,SIDESWIPE - SAME DIRECTION,21,CLEAR,3,DARK - LIGHTED,12,MOTOR VEHICLE IN TRANSPORT,MM 209 5 I 40,NASHVILLE,TN,37203,40040,CENTRA,36.1502,-86.7844,POINT (-86.7844 36.1502)
20190270522,04/08/2019 05:00:00 PM,2,1,0,,N,134871,11,Front to Rear,22,CLOUDY,1,DAYLIGHT,12,MOTOR VEHICLE IN TRANSPORT,BROADWAY & 9TH AVS,NASHVILLE,TN,37203,4083,CENTRA,36.1583,-86.7834,POINT (-86.7834 36.1583)
20190524948,07/13/2019 12:00:00 AM,1,1,0,,N,579971,0,NOT COLLISION W/MOTOR VEHICLE-TRANSPORT,21,CLEAR,1,DAYLIGHT,63;7,Ran Off Road-Right,MM 56 8 I 24,NASHVILLE,TN,37211,8810,SOUTH,36.0721,-86.6914,POINT (-86.6914 36.0721)
20190344332,05/05/2019 04:53:00 AM,1,0,0,Y,N,200016,0,NOT COLLISION W/MOTOR VEHICLE-TRANSPORT,2,RAIN,3,DARK - LIGHTED,19,BUILDING,CLARKSVILLE PKE & 18TH AVN,NASHVILLE,TN,37208,4415,NORTH,36.1828,-86.8124,POINT (-86.8124 36.1828)
20190241369,03/28/2019 05:30:00 PM,2,0,0,,N,240976,5,SIDESWIPE - SAME DIRECTION,21,CLEAR,1,DAYLIGHT,12,MOTOR VEHICLE IN TRANSPORT,DICKERSON PKE & MAPLEWOOD TRC,NASHVILLE,TN,37216,1805,EAST,36.2333,-86.7586,POINT (-86.7586 36.2333)
20190148648,02/23/2019 10:20:00 PM,2,0,0,,Y,279201,11,Front to Rear,21,CLEAR,3,DARK - LIGHTED,12,MOTOR VEHICLE IN TRANSPORT,LEBANON PKE & PARK DR,NASHVILLE,TN,37214,9307,HERMIT,36.1697,-86.677,POINT (-86.677 36.1697)
20190448000,06/12/2019 12:00:00 AM,2,0,0,,N,298861,5,SIDESWIPE - SAME DIRECTION,21,CLEAR,2,DARK - NOT LIGHTED,12,MOTOR VEHICLE IN TRANSPORT,MM 211 1 I 40,NASHVILLE,TN,37210,8008,HERMIT,36.1539,-86.7571,POINT (-86.7571 36.1539)
20190113489,02/11/2019 05:39:00 PM,2,1,0,,N,151132,11,Front to Rear,2,RAIN,1,DAYLIGHT,12,MOTOR VEHICLE IN TRANSPORT,MM 92 9 I 65,MADISON,TN,37115,17040,MADISO,36.2744,-86.7356,POINT (-86.7356 36.2744)