Accident Number,Date and Time,Number of Motor Vehicles,Number of Injuries,Number of Fatalities,Property Damage,Hit and Run,Reporting Officer,Collision Type Code,Collision Type Description,Weather Code,Weather Description,Illumination Code,Illumination Description,Harmful Code,Harmful Code Description,Street Address,City,State,ZIP,RPA,Precinct,Latitude,Longitude,Mapped Location
20190022061,01/09/2019 01:05:00 PM,2,0,0,,N,665896,5,SIDESWIPE - SAME DIRECTION,21,CLEAR,1,DAYLIGHT,12,MOTOR VEHICLE IN TRANSPORT,EASTLAND AV & GALLATIN AV,NASHVILLE,TN,37206,1243,EAST,36.1838,-86.7484,POINT (-86.7484 36.1838)
20190356793,05/09/2019 04:22:00 PM,2,0,0,,N,405418,4,ANGLE,22,CLOUDY,1,DAYLIGHT,12,MOTOR VEHICLE IN TRANSPORT,OMAN ST & PARTHENON AV,NASHVILLE,TN,37203,5627,MIDTOW,36.1466,-86.82,POINT (-86.82 36.1466)
20190094204,02/04/2019 04:09:00 PM,2,0,0,,N,279208,5,SIDESWIPE - SAME DIRECTION,21,CLEAR,1,DAYLIGHT,12,MOTOR VEHICLE IN TRANSPORT,WEST END AV & ORLEANS DR,NASHVILLE,TN,37212,5819,MIDTOW,36.1388,-86.8197,POINT (-86.8197 36.1388)
20190349653,05/07/2019 07:19:00 AM,3,0,0,,N,226622,4,ANGLE,21,CLEAR,1,DAYLIGHT,12,MOTOR VEHICLE IN TRANSPORT,CENTENNIAL BLVD & CENTENNIAL PL,NASHVILLE,TN,37209,4653,WEST,36.1753,-86.8753,POINT (-86.8753 36.1753)
20190485546,06/27/2019 09:24:00 AM,2,1,0,,N,352178,11,Front to Rear,21,CLEAR,1,DAYLIGHT,12,MOTOR VEHICLE IN TRANSPORT,WOODMONT BLVD & GRANNY WHITE PKE,NASHVILLE,TN,37204,7007,MIDTOW,36.1116,-86.7926,POINT (-86.7926 36.1116)
20190078529,01/30/2019 02:12:00 AM,2,0,0,,N,279117,11,Front to Rear,21,CLEAR,3,DARK - LIGHTED,14,PARKED MOTOR VEHICLE,S 11TH ST & RUSSELL ST,NASHVILLE,TN,37206,1209,EAST,36.1757,-86.7501,POINT (-86.7501 36.1757)
20190137935,02/20/2019 05:58:00 AM,2,0,0,,N,279227,11,Front to Rear,2,RAIN,4,DAWN,12,MOTOR VEHICLE IN TRANSPORT,LOGISTICS WAY & OLD HICKORY BLVD,ANTIOCH,TN,37013,8869,SOUTH,36.0326,-86.6119,POINT (-86.6119 36.0326)
20190203075,03/15/2019 11:57:00 AM,3,0,0,,N,267831,11,Front to Rear,22,CLOUDY,1,DAYLIGHT,12,MOTOR VEHICLE IN TRANSPORT,CHARLOTTE PKE & OLD CHARLOTTE PKE,NASHVILLE,TN,37209,5009,WEST,36.1318,-86.8958,POINT (-86.8958 36.1318)
20190208115,03/17/2019 04:08:00 PM,2,0,0,,N,433550,5,SIDESWIPE - SAME DIRECTION,21,CLEAR,1,DAYLIGHT,12,MOTOR VEHICLE IN TRANSPORT,DONELSON PKE & HANGAR LN,NASHVILLE,TN,37214,8953,HERMIT,36.1212,-86.6664,POINT (-86.6664 36.1212)
20190343468,05/04/2019 12:00:00 AM,2,0,0,,N,279200,5,SIDESWIPE - SAME DIRECTION,2,RAIN,98,OTHER,12,MOTOR VEHICLE IN TRANSPORT,4TH AVN & DEADERICK ST,NASHVILLE,TN,37219,4159,CENTRA,36.1655,-86.7801,POINT (-86.7801 36.1655)
20190544587,07/21/2019 02:27:00 PM,1,0,0,Y,N,591936,0,NOT COLLISION W/MOTOR VEHICLE-TRANSPORT,21,CLEAR,1,DAYLIGHT,29,LUMINAIRE/LIGHT SUPPORT,8TH AVS & PRENTICE AV,NASHVILLE,TN,37204,6919,MIDTOW,36.1296,-86.7782,POINT (-86.7782 36.1296)
20190248425,03/31/2019 02:04:00 PM,2,1,0,,N,161952,4,ANGLE,21,CLEAR,1,DAYLIGHT,12,MOTOR VEHICLE IN TRANSPORT,2836 HYDES FERRY RD,NASHVILLE,TN,37218,3173,NORTH,36.1819,-86.8341,POINT (-86.8341 36.1819)
20190471922,06/21/2019 07:30:00 PM,2,0,0,,N,716886,11,Front to Rear,21,CLEAR,1,DAYLIGHT,12,MOTOR VEHICLE IN TRANSPORT,CHARLOTTE PKE & OCEOLA AV,NASHVILLE,TN,37209,5025,WEST,36.1495,-86.8605,POINT (-86.8605 36.1495)
20190077438,01/29/2019 04:48:00 PM,2,0,0,,N,256411,11,Front to Rear,21,CLEAR,5,DUSK,12,MOTOR VEHICLE IN TRANSPORT,MM 1 6 I 440,NASHVILLE,TN,37209,5310,MIDTOW,36.1525,-86.8225,POINT (-86.8225 36.1525)
20190532113,07/16/2019 04:37:00 PM,2,0,0,,N,179583,11,Front to Rear,21,CLEAR,1,DAYLIGHT,12,MOTOR VEHICLE IN TRANSPORT,MM 55 4 I 24,NASHVILLE,TN,37211,8812,SOUTH,36.0901,-86.7031,POINT (-86.7031 36.0901)
20190321743,04/26/2019 07:00:00 AM,1,0,0,Y,Y,352204,0,NOT COLLISION W/MOTOR VEHICLE-TRANSPORT,21,CLEAR,1,DAYLIGHT,19,BUILDING,4100 OVERHILL DR,NASHVILLE,TN,37215,6405,MIDTOW,36.1008,-86.8178,POINT (-86.8178 36.1008)
20190204917,03/15/2019 11:00:00 PM,1,1,0,Y,N,298871,0,NOT COLLISION W/MOTOR VEHICLE-TRANSPORT,21,CLEAR,3,DARK - LIGHTED,27;30;33;7,H-WAY TRAFFIC SIGNAL POST;UTILITY POLE;CURB,17TH AVN & HAYES ST,NASHVILLE,TN,37203,5519,MIDTOW,36.1544,-86.7948,POINT (-86.7948 36.1544)
20190090036,02/02/2019 09:47:00 PM,4,0,0,,N,311332,0,NOT COLLISION W/MOTOR VEHICLE-TRANSPORT,21,CLEAR,2,DARK - NOT LIGHTED,18,OTHER OBJECT (NOT FIXED),MM 199 0 I 40,NASHVILLE,TN,37221,48062,WEST,36.1081,-86.927,POINT (-86.927 36.1081)
20190157951,02/27/2019 07:52:00 AM,2,1,0,,N,191578,11,Front to Rear,21,CLEAR,1,DAYLIGHT,12,MOTOR VEHICLE IN TRANSPORT,MM 220 7 I 40,HERMITAGE,TN,37076,89042,HERMIT,36.1698,-86.6035,POINT (-86.6035 36.1698)
20190462438,06/18/2019 02:14:00 PM,2,0,0,,Y,311344,5,SIDESWIPE - SAME DIRECTION,21,CLEAR,1,DAYLIGHT,12,MOTOR VEHICLE IN TRANSPORT,GALLATIN PKES & GALLATIN PKE,MADISON,TN,37115,1517,MADISO,36.2383,-86.724,POINT (-86.724 36.2383)
20190275853,04/10/2019 11:55:00 AM,2,0,0,,N,226136,4,ANGLE,21,CLEAR,1,DAYLIGHT,12,MOTOR VEHICLE IN TRANSPORT,WEST END AV & LYLE AV,NASHVILLE,TN,37203,5709,MIDTOW,36.1518,-86.7985,POINT (-86.7985 36.1518)
20190380088,05/18/2019 04:44:00 AM,1,1,0,,N,299274,0,NOT COLLISION W/MOTOR VEHICLE-TRANSPORT,21,CLEAR,4,DAWN,1,,I40 W EXT RAMP & I 40,NASHVILLE,TN,37203,4119,CENTRA,36.1574,-86.79,POINT (-86.79 36.1574)
20190052219,01/20/2019 08:08:00 PM,1,1,0,,N,256426,0,NOT COLLISION W/MOTOR VEHICLE-TRANSPORT,4,SNOW,2,DARK - NOT LIGHTED,24,GUARDRAIL FACE,BELL RD & ARBOR LAKE BLVD,HERMITAGE,TN,37076,9527,HERMIT,36.1627,-86.6001,POINT (-86.6001 36.1627)
20190535496,07/17/2019 09:21:00 PM,1,0,0,Y,N,240957,0,NOT COLLISION W/MOTOR VEHICLE-TRANSPORT,21,CLEAR,3,DARK - LIGHTED,47,FIRE HYDRANT,NOLENSVILLE PKE & FAIRLANE DR,NASHVILLE,TN,37211,8711,SOUTH,36.0645,-86.7172,POINT (-86.7172 36.0645)
20190514894,07/09/2019 04:45:00 PM,1,1,0,,N,714641,0,NOT COLLISION W/MOTOR VEHICLE-TRANSPORT,21,CLEAR,1,DAYLIGHT,15,OTHER TYPE NON-MOTORIST,CHURCH ST & YMCA WAY,NASHVILLE,TN,37203,4121,CENTRA,36.1611,-86.7849,POINT (-86.7849 36.1611)
20190337530,05/02/2019 10:00:00 AM,2,0,0,,Y,665896,5,SIDESWIPE - SAME DIRECTION,21,CLEAR,1,DAYLIGHT,12;14,MOTOR VEHICLE IN TRANSPORT;PARKED MOTOR VEHICLE,N 5TH ST & CLEVELAND ST,NASHVILLE,TN,37207,1921,EAST,36.1862,-86.7632,POINT (-86.7632 36.1862)
20190178985,03/06/2019 06:42:00 PM,2,0,0,,N,109536,11,Front to Rear,21,CLEAR,3,DARK - LIGHTED,12,MOTOR VEHICLE IN TRANSPORT,GALLATIN PKEN & RIVERGATE SQUARE PVTDR,MADISON,TN,37115,1757,MADISO,36.2915,-86.7032,POINT (-86.7032 36.2915)
20190557850,07/26/2019 02:55:00 PM,2,0,0,,N,169425,4,ANGLE,21,CLEAR,1,DAYLIGHT,55,Motor Vehicle-In-Motion Outside Trafficw,HILLSBORO PKE & ABBOTT MARTIN RD,NASHVILLE,TN,37215,6111,WEST,36.1054,-86.8142,POINT (-86.8142 36.1054)
20190267329,04/07/2019 10:24:00 AM,2,3,0,,N,332253,11,Front to Rear,2,RAIN,1,DAYLIGHT,12,MOTOR VEHICLE IN TRANSPORT,OLD HICKORY BLVD & HICKORY HILLS BLVD,WHITES CREEK,TN,37189,2015,MADISO,36.277,-86.7962,POINT (-86.7962 36.277)
20190066378,01/25/2019 05:05:00 PM,3,0,0,,Y,299263,11,Front to Rear,21,CLEAR,1,DAYLIGHT,12,MOTOR VEHICLE IN TRANSPORT,MM 208 5 I 40,NASHVILLE,TN,37203,42020,CENTRA,36.1639,-86.7937,POINT (-86.7937 36.1639)
20190323808,04/27/2019 12:01:00 AM,2,0,0,,N,267831,3,REAR-TO-REAR,21,CLEAR,3,DARK - LIGHTED,12;14,MOTOR VEHICLE IN TRANSPORT;PARKED MOTOR VEHICLE,6TH AVS & KOREAN VETERANS BLVD,NASHVILLE,TN,37203,4043,CENTRA,36.1555,-86.7771,POINT (-86.7771 36.1555)
20190103711,02/07/2019 12:00:00 AM,2,1,0,,N,279196,4,ANGLE,2,RAIN,3,DARK - LIGHTED,12,MOTOR VEHICLE IN TRANSPORT,BRICK CHURCH PKE & EWING DR,NASHVILLE,TN,37207,2031,MADISO,36.2316,-86.7815,POINT (-86.7815 36.2316)
20190559952,07/27/2019 01:30:00 PM,2,0,0,,N,429215,11,Front to Rear,21,CLEAR,1,DAYLIGHT,12,MOTOR VEHICLE IN TRANSPORT,FIRESTONE PKWY & OLD HICKORY BLVD,ANTIOCH,TN,37013,8869,SOUTH,36.0168,-86.6199,POINT (-86.6199 36.0168)
20190436930,06/08/2019 12:00:00 AM,2,0,0,,N,298877,4,ANGLE,21,CLEAR,1,DAYLIGHT,12,MOTOR VEHICLE IN TRANSPORT,EAST THOMPSON LN & OLD GLENROSE AV,NASHVILLE,TN,37211,8809,SOUTH,36.1165,-86.7193,POINT (-86.7193 36.1165)
20190259168,04/04/2019 06:20:00 AM,2,0,0,,Y,226136,4,ANGLE,22,CLOUDY,4,DAWN,12,MOTOR VEHICLE IN TRANSPORT,HARDING PL & NOLENSVILLE PKE,NASHVILLE,TN,37211,8705,SOUTH,36.0797,-86.7261,POINT (-86.7261 36.0797)
20190360947,05/11/2019 03:21:00 AM,1,1,0,Y,N,311343,0,NOT COLLISION W/MOTOR VEHICLE-TRANSPORT,2,RAIN,2,DARK - NOT LIGHTED,39;64,WALL;Ran Off Road-Left,HILLSBORO PKE & STOKES LN,NASHVILLE,TN,37215,6001,WEST,36.1199,-86.8086,POINT (-86.8086 36.1199)
20190493471,06/30/2019 03:11:00 PM,2,1,0,,Y,352198,11,Front to Rear,21,CLEAR,1,DAYLIGHT,12,MOTOR VEHICLE IN TRANSPORT,PASQUO RD & UNION BRIDGE RD,NASHVILLE,TN,37221,4807,WEST,36.0319,-86.9679,POINT (-86.9679 36.0319)
20190225614,03/23/2019 05:53:00 AM,1,1,0,Y,N,256377,0,NOT COLLISION W/MOTOR VEHICLE-TRANSPORT,21,CLEAR,2,DARK - NOT LIGHTED,25;63,GUARDRAIL END;Ran Off Road-Right,ELM HILL PKE & MCCRORY CREEK RD,NASHVILLE,TN,37214,9413,HERMIT,36.1437,-86.6553,POINT (-86.6553 36.1437)
20190455586,06/15/2019 05:00:00 PM,2,0,0,,N,330428,4,ANGLE,21,CLEAR,1,DAYLIGHT,12,MOTOR VEHICLE IN TRANSPORT,46TH AVN & I40 E ENT RAMP,NASHVILLE,TN,37209,5201,WEST,36.153,-86.8423,POINT (-86.8423 36.153)
20190210683,03/18/2019 03:00:00 PM,2,0,0,,N,161939,0,NOT COLLISION W/MOTOR VEHICLE-TRANSPORT,21,CLEAR,1,DAYLIGHT,18,OTHER OBJECT (NOT FIXED),MM 59 6 I 24,ANTIOCH,TN,37013,88060,SOUTH,36.0438,-86.6561,POINT (-86.6561 36.0438)
20190481239,06/25/2019 10:01:00 PM,1,2,0,Y,N,717341,0,NOT COLLISION W/MOTOR VEHICLE-TRANSPORT,21,CLEAR,3,DARK - LIGHTED,18,OTHER OBJECT (NOT FIXED),LOCUSTWOOD DR & HAYWOOD LN,NASHVILLE,TN,37211,8711,SOUTH,36.069,-86.7032,POINT (-86.7032 36.069)
20190519693,07/11/2019 11:40:00 AM,2,0,0,,N,267831,11,Front to Rear,21,CLEAR,1,DAYLIGHT,12,MOTOR VEHICLE IN TRANSPORT,BRILEY PKWY S EXT RAMP & CENTENNIAL BLVD,NASHVILLE,TN,37209,4651,WEST,36.1713,-86.871,POINT (-86.871 36.1713)
20190330380,04/29/2019 10:35:00 PM,2,0,0,,Y,493301,5,SIDESWIPE - SAME DIRECTION,21,CLEAR,2,DARK - NOT LIGHTED,12,MOTOR VEHICLE IN TRANSPORT,I 40 & I40 W ENT RAMP,NASHVILLE,TN,37210,9007,HERMIT,36.1483,-86.7452,POINT (-86.7452 36.1483)
20190200300,03/14/2019 01:00:00 PM,2,0,0,,N,226136,11,Front to Rear,22,CLOUDY,1,DAYLIGHT,12,MOTOR VEHICLE IN TRANSPORT,OLD HICKORY BLVD & NOLENSVILLE PKE,ANTIOCH,TN,37013,8757,SOUTH,36.0455,-86.7122,POINT (-86.7122 36.0455)
20190048900,01/19/2019 05:38:00 AM,1,0,0,,N,197059,0,NOT COLLISION W/MOTOR VEHICLE-TRANSPORT,2,RAIN,3,DARK - LIGHTED,24,GUARDRAIL FACE,MM 81 7 I 65,NASHVILLE,TN,37203,8006,MIDTOW,36.1384,-86.7758,POINT (-86.7758 36.1384)
20190428986,06/05/2019 03:15:00 PM,2,0,0,,N,169425,5,SIDESWIPE - SAME DIRECTION,21,CLEAR,1,DAYLIGHT,12,MOTOR VEHICLE IN TRANSPORT,WEST END AV & 25TH AVN,NASHVILLE,TN,37212,5801,MIDTOW,36.1467,-86.8089,POINT (-86.8089 36.1467)
20190341885,05/03/2019 11:27:00 PM,2,1,0,,N,415780,98,OTHER,21,CLEAR,3,DARK - LIGHTED,12,MOTOR VEHICLE IN TRANSPORT,WOODMONT BLVD & GRANNY WHITE PKE,NASHVILLE,TN,37204,7007,MIDTOW,36.1116,-86.7926,POINT (-86.7926 36.1116)
20190251668,04/01/2019 05:48:00 PM,2,0,0,,N,179606,11,Front to Rear,21,CLEAR,1,DAYLIGHT,12,MOTOR VEHICLE IN TRANSPORT,I440 E EXT RAMP & I 440,NASHVILLE,TN,37205,5249,WEST,36.1366,-86.8221,POINT (-86.8221 36.1366)
20190288898,04/15/2019 11:50:00 AM,2,0,0,,N,591933,11,Front to Rear,21,CLEAR,1,DAYLIGHT,12,MOTOR VEHICLE IN TRANSPORT,CROSSINGS BLVD & MT VIEW RD,ANTIOCH,TN,37013,8863,SOUTH,36.0455,-86.6473,POINT (-86.6473 36.0455)
20190398238,05/24/2019 06:14:00 PM,2,1,0,,N,256386,4,ANGLE,21,CLEAR,1,DAYLIGHT,12,MOTOR VEHICLE IN TRANSPORT,US HWY 41 & MILLWOOD DR,NASHVILLE,TN,37217,8815,HERMIT,36.1295,-86.7146,POINT (-86.7146 36.1295)
20190237310,03/27/2019 10:59:00 AM,2,0,0,,N,140790,11,Front to Rear,21,CLEAR,1,DAYLIGHT,12,MOTOR VEHICLE IN TRANSPORT,STEWARTS FERRY PKE & I40 E EXT RAMP,NASHVILLE,TN,37214,8955,HERMIT,36.1549,-86.6269,POINT (-86.6269 36.1549)
20190528622,07/15/2019 10:02:00 AM,2,0,0,,N,279113,98,OTHER,2,RAIN,1,DAYLIGHT,12,MOTOR VEHICLE IN TRANSPORT,MM 212 9 I 40,NASHVILLE,TN,37210,82061,HERMIT,36.1404,-86.7312,POINT (-86.7312 36.1404)
20190423276,06/03/2019 04:05:00 PM,1,1,0,Y,N,717341,0,NOT COLLISION W/MOTOR VEHICLE-TRANSPORT,21,CLEAR,1,DAYLIGHT,24;29,GUARDRAIL FACE;LUMINAIRE/LIGHT SUPPORT,MM 55 3 I 24,NASHVILLE,TN,37211,8602,SOUTH,36.0913,-86.7043,POINT (-86.7043 36.0913)
20190466189,06/19/2019 09:00:00 PM,2,1,0,,N,352198,5,SIDESWIPE - SAME DIRECTION,22,CLOUDY,2,DARK - NOT LIGHTED,12;36,MOTOR VEHICLE IN TRANSPORT;CONCRETE TRAFFIC BARRIER,MM 197 3 I 40,NASHVILLE,TN,37221,4806,WEST,36.0888,-86.9417,POINT (-86.9417 36.0888)
20190163925,03/01/2019 10:00:00 AM,2,0,0,,Y,235761,98,OTHER,21,CLEAR,1,DAYLIGHT,14,PARKED MOTOR VEHICLE,BANDYWOOD DR & ABBOTT MARTIN RD,NASHVILLE,TN,37215,6111,WEST,36.1048,-86.8165,POINT (-86.8165 36.1048)
20190564064,07/30/2019 10:22:00 AM,1,0,0,,N,279112,0,NOT COLLISION W/MOTOR VEHICLE-TRANSPORT,21,CLEAR,1,DAYLIGHT,18,OTHER OBJECT (NOT FIXED),MM 205 1 I 40,NASHVILLE,TN,37209,45020,WEST,36.1541,-86.8373,POINT (-86.8373 36.1541)
20190070910,01/27/2019 04:14:00 PM,2,0,0,,Y,212338,4,ANGLE,21,CLEAR,1,DAYLIGHT,14,PARKED MOTOR VEHICLE,HICKORY TRACE DR PVTDR & HICKORY TRACE D,NASHVILLE,TN,37211,8655,MIDTOW,36.0462,-86.7182,POINT (-86.7182 36.0462)
20190410152,05/29/2019 12:00:00 AM,2,0,0,,Y,179602,5,SIDESWIPE - SAME DIRECTION,21,CLEAR,1,DAYLIGHT,12,MOTOR VEHICLE IN TRANSPORT,BROADWAY & 12TH AVS,NASHVILLE,TN,37203,4079,CENTRA,36.1566,-86.7875,POINT (-86.7875 36.1566)
20190477388,06/24/2019 02:08:00 PM,1,0,0,Y,N,191578,0,NOT COLLISION W/MOTOR VEHICLE-TRANSPORT,21,CLEAR,1,DAYLIGHT,24,GUARDRAIL FACE,MM 211 7 I 40,NASHVILLE,TN,37210,82042,HERMIT,36.1499,-86.7483,POINT (-86.7483 36.1499)
20190231402,03/25/2019 02:00:00 PM,2,0,0,,Y,716886,11,Front to Rear,21,CLEAR,1,DAYLIGHT,12,MOTOR VEHICLE IN TRANSPORT,WHISPERING OAKS PL & HARDING PL,NASHVILLE,TN,37211,8419,SOUTH,36.0817,-86.7137,POINT (-86.7137 36.0817)
20190239901,03/28/2019 07:39:00 AM,2,0,0,,N,716886,11,Front to Rear,21,CLEAR,1,DAYLIGHT,12,MOTOR VEHICLE IN TRANSPORT,HARDING PL & LINBAR DR,NASHVILLE,TN,37211,8705,SOUTH,36.0841,-86.7059,POINT (-86.7059 36.0841)
20190484099,06/26/2019 09:07:00 PM,2,1,0,,N,279214,4,ANGLE,21,CLEAR,3,DARK - LIGHTED,12,MOTOR VEHICLE IN TRANSPORT,I65 S ENT RAMP & I65 S EXT RAMP,NASHVILLE,TN,37204,6945,MIDTOW,36.1342,-86.7764,POINT (-86.7764 36.1342)
20190125945,02/15/2019 03:33:00 PM,2,0,0,,Y,311332,11,Front to Rear,2,RAIN,1,DAYLIGHT,12,MOTOR VEHICLE IN TRANSPORT,CHARLOTTE PKE & MIDLAND AV,NASHVILLE,TN,37209,5033,WEST,36.1499,-86.8591,POINT (-86.8591 36.1499)
20190032581,01/13/2019 02:35:00 PM,3,3,0,,Y,161946,4,ANGLE,2,RAIN,1,DAYLIGHT,12,MOTOR VEHICLE IN TRANSPORT,GORDON TER & DICKERSON PKE,NASHVILLE,TN,37207,1831,EAST,36.2127,-86.7648,POINT (-86.7648 36.2127)
20190494808,07/01/2019 06:08:00 AM,2,0,0,,N,240972,4,ANGLE,21,CLEAR,1,DAYLIGHT,12,MOTOR VEHICLE IN TRANSPORT,LAFAYETTE ST & 4TH AVS,NASHVILLE,TN,37210,4005,CENTRA,36.1518,-86.7713,POINT (-86.7713 36.1518)
20190413917,05/30/2019 06:50:00 PM,2,1,0,,N,905011,4,ANGLE,21,CLEAR,1,DAYLIGHT,12,MOTOR VEHICLE IN TRANSPORT,51ST AVN & ELKINS AV,NASHVILLE,TN,37209,5131,WEST,36.1497,-86.8484,POINT (-86.8484 36.1497)
20190535080,07/17/2019 05:15:00 PM,2,1,0,,N,352198,11,Front to Rear,21,CLEAR,1,DAYLIGHT,12,MOTOR VEHICLE IN TRANSPORT,HIGHWAY 100 & OLD HARDING PKE,NASHVILLE,TN,37221,4807,WEST,36.0445,-86.956,POINT (-86.956 36.0445)
20190477607,06/24/2019 04:02:00 PM,3,1,0,Y,N,330445,4,ANGLE,21,CLEAR,1,DAYLIGHT,12;30,MOTOR VEHICLE IN TRANSPORT;UTILITY POLE,17TH AVS & BROADWAY,NASHVILLE,TN,37203,5705,MIDTOW,36.1533,-86.794,POINT (-86.794 36.1533)
20190292256,04/16/2019 02:05:00 PM,1,0,0,,N,544482,0,NOT COLLISION W/MOTOR VEHICLE-TRANSPORT,21,CLEAR,1,DAYLIGHT,16,THROWN OR FALLING OBJECT,MM 75 4 I 65,NASHVILLE,TN,37220,71040,MIDTOW,36.0619,-86.7721,POINT (-86.7721 36.0619)
20190356938,05/09/2019 05:39:00 PM,2,0,0,,N,429193,11,Front to Rear,22,CLOUDY,1,DAYLIGHT,12,MOTOR VEHICLE IN TRANSPORT,CHARLOTTE PKE & WESTBORO DR,NASHVILLE,TN,37209,5027,WEST,36.1459,-86.871,POINT (-86.871 36.1459)
20190299917,04/18/2019 12:00:00 AM,2,0,0,,Y,676824,4,ANGLE,22,CLOUDY,1,DAYLIGHT,14,PARKED MOTOR VEHICLE,1730 24TH AVN,NASHVILLE,TN,37208,4463,NORTH,36.1785,-86.8155,POINT (-86.8155 36.1785)
20190375952,05/16/2019 12:00:00 AM,3,1,0,,N,197070,4,ANGLE,21,CLEAR,1,DAYLIGHT,12,MOTOR VEHICLE IN TRANSPORT,9TH AVN & JEFFERSON ST,NASHVILLE,TN,37208,4239,NORTH,36.173,-86.7924,POINT (-86.7924 36.173)
20190572768,08/01/2019 05:50:00 PM,2,0,0,,N,256426,4,ANGLE,21,CLEAR,1,DAYLIGHT,12,MOTOR VEHICLE IN TRANSPORT,AIR LANE DR & I40 W ENT RAMP,NASHVILLE,TN,37210,9041,HERMIT,36.1477,-86.6972,POINT (-86.6972 36.1477)
20190569605,07/31/2019 02:37:00 PM,3,0,0,,N,169425,11,Front to Rear,21,CLEAR,1,DAYLIGHT,12,MOTOR VEHICLE IN TRANSPORT,MM 1 0 I 440,NASHVILLE,TN,37205,5234,WEST,36.1438,-86.8226,POINT (-86.8226 36.1438)
20190452615,06/14/2019 11:55:00 AM,2,0,0,,N,109534,3,REAR-TO-REAR,21,CLEAR,1,DAYLIGHT,14,PARKED MOTOR VEHICLE,LEBANON PKE & ANDREW JACKSON PKWY,HERMITAGE,TN,37076,9537,HERMIT,36.2151,-86.5962,POINT (-86.5962 36.2151)
20190579631,08/04/2019 02:55:00 PM,2,0,0,,Y,429193,4,ANGLE,2,RAIN,1,DAYLIGHT,12,MOTOR VEHICLE IN TRANSPORT,FLEETWOOD DR & SUMMERLY DR,NASHVILLE,TN,37205,5013,WEST,36.1345,-86.8787,POINT (-86.8787 36.1345)
20190177597,03/06/2019 09:29:00 AM,2,0,0,,N,226622,11,Front to Rear,21,CLEAR,1,DAYLIGHT,12,MOTOR VEHICLE IN TRANSPORT,MM 202 0 I 40,NASHVILLE,TN,37209,46027,WEST,36.1401,-86.8875,POINT (-86.8875 36.1401)
20190110133,02/10/2019 09:59:00 AM,2,1,0,,N,224797,5,SIDESWIPE - SAME DIRECTION,2,RAIN,1,DAYLIGHT,12;36,MOTOR VEHICLE IN TRANSPORT;CONCRETE TRAFFIC BARRIER,MM 204 4 I140,NASHVILLE,TN,37209,52022,WEST,36.1535,-86.8506,POINT (-86.8506 36.1535)
20190388113,05/21/2019 01:25:00 PM,2,0,0,,N,109534,11,Front to Rear,21,CLEAR,1,DAYLIGHT,12,MOTOR VEHICLE IN TRANSPORT,OLD HICKORY BLVD & HERMITAGE MARKETPLACE,HERMITAGE,TN,37076,9531,HERMIT,36.1885,-86.6143,POINT (-86.6143 36.1885)
20190060200,01/23/2019 05:18:00 PM,2,0,0,,N,109536,4,ANGLE,2,RAIN,2,DARK - NOT LIGHTED,12,MOTOR VEHICLE IN TRANSPORT,SPRINGFIELD HWY & GAYLEMORE DR,GOODLETTSVILLE,TN,37072,2219,MADISO,36.3648,-86.733,POINT (-86.733 36.3648)
20190350850,05/07/2019 02:45:00 PM,2,0,0,,Y,206675,4,ANGLE,21,CLEAR,1,DAYLIGHT,12,MOTOR VEHICLE IN TRANSPORT,CALHOUN AV & PORTLAND AV,NASHVILLE,TN,37212,5901,MIDTOW,36.1335,-86.8029,POINT (-86.8029 36.1335)
20190341954,05/03/2019 12:00:00 AM,2,0,0,,Y,311800,11,Front to Rear,21,CLEAR,3,DARK - LIGHTED,12,MOTOR VEHICLE IN TRANSPORT,3RD AVN & CHARLOTTE AV,NASHVILLE,TN,37201,4163,CENTRA,36.1669,-86.7794,POINT (-86.7794 36.1669)
20190427149,06/05/2019 12:10:00 AM,1,0,0,,N,279201,0,NOT COLLISION W/MOTOR VEHICLE-TRANSPORT,21,CLEAR,3,DARK - LIGHTED,11,OTHER ANIMAL,MCGAVOCK PKE & GRAYLYNN DR,NASHVILLE,TN,37214,9123,HERMIT,36.1589,-86.6812,POINT (-86.6812 36.1589)
20190038584,01/15/2019 04:07:00 PM,2,0,0,,Y,161946,5,SIDESWIPE - SAME DIRECTION,21,CLEAR,5,DUSK,12,MOTOR VEHICLE IN TRANSPORT,MM 49 6 I 24,NASHVILLE,TN,37210,4008,CENTRA,36.1571,-86.7604,POINT (-86.7604 36.1571)
20190085794,02/01/2019 07:38:00 AM,2,0,0,,N,551975,5,SIDESWIPE - SAME DIRECTION,22,CLOUDY,1,DAYLIGHT,12,MOTOR VEHICLE IN TRANSPORT,MM 85 5 I 65,NASHVILLE,TN,37208,4304,CENTRA,36.1888,-86.793,POINT (-86.793 36.1888)
20190563298,07/28/2019 03:00:00 PM,2,0,0,,Y,240944,9,UNKNOWN,21,CLEAR,1,DAYLIGHT,14,PARKED MOTOR VEHICLE,COUNTRYSIDE DR & RADER RIDGE RD,ANTIOCH,TN,37013,8861,SOUTH,36.0727,-86.6624,POINT (-86.6624 36.0727)
20190577966,08/03/2019 08:13:00 PM,1,1,0,,N,298877,0,NOT COLLISION W/MOTOR VEHICLE-TRANSPORT,2,RAIN,3,DARK - LIGHTED,42;8,TREE;PEDESTRIAN,ANTIOCH PKE & CHEROKEE PL,ANTIOCH,TN,37013,8899,SOUTH,36.0804,-86.6857,POINT (-86.6857 36.0804)
20190069816,01/27/2019 03:15:00 AM,2,0,0,,Y,212336,2,HEAD-ON,21,CLEAR,3,DARK - LIGHTED,12,MOTOR VEHICLE IN TRANSPORT,BROADMOOR DR & DICKERSON PKE,NASHVILLE,TN,37207,1809,EAST,36.2294,-86.7593,POINT (-86.7593 36.2294)