Accident Number,Date and Time,Number of Motor Vehicles,Number of Injuries,Number of Fatalities,Property Damage,Hit and Run,Reporting Officer,Collision Type Code,Collision Type Description,Weather Code,Weather Description,Illumination Code,Illumination Description,Harmful Code,Harmful Code Description,Street Address,City,State,ZIP,RPA,Precinct,Latitude,Longitude,Mapped Location
20190052488,01/20/2019 12:00:00 AM,1,0,0,,Y,279217,9,UNKNOWN,21,CLEAR,3,DARK - LIGHTED,99,UNKNOWN MOST HARMFUL EVENT,W HEIMAN ST & W H DAVIS DR,NASHVILLE,TN,37208,4523,NORTH,36.1701,-86.8174,POINT (-86.8174 36.1701)
20190304181,04/20/2019 07:45:00 AM,2,0,0,,N,343522,2,HEAD-ON,2,RAIN,1,DAYLIGHT,12,MOTOR VEHICLE IN TRANSPORT,ILLINOIS AV & 48TH AVN,NASHVILLE,TN,37209,4575,WEST,36.1578,-86.845,POINT (-86.845 36.1578)
20190107408,02/09/2019 01:12:00 AM,2,0,0,,Y,256569,11,Front to Rear,21,CLEAR,3,DARK - LIGHTED,12;14;55,MOTOR VEHICLE IN TRANSPORT;PARKED MOTOR VEHICLE;Motor Vehicle-In-Motion Outside Trafficw,GALLATIN PKEN & STATE RT 45,MADISON,TN,37115,1701,MADISO,36.2644,-86.7115,POINT (-86.7115 36.2644)
20190439078,06/09/2019 04:57:00 PM,1,0,0,Y,N,299257,0,NOT COLLISION W/MOTOR VEHICLE-TRANSPORT,22,CLOUDY,1,DAYLIGHT,25,GUARDRAIL END,MM 1 4 I 440,NASHVILLE,TN,37209,52320,WEST,36.1496,-86.8227,POINT (-86.8227 36.1496)
20190273034,04/09/2019 01:59:00 PM,2,0,0,,Y,405447,11,Front to Rear,21,CLEAR,1,DAYLIGHT,12,MOTOR VEHICLE IN TRANSPORT,THOMPSON LN & SEABOARD DR,NASHVILLE,TN,37211,8521,MIDTOW,36.1112,-86.7497,POINT (-86.7497 36.1112)
20190166749,03/02/2019 01:03:00 PM,2,0,0,,Y,716886,5,SIDESWIPE - SAME DIRECTION,22,CLOUDY,1,DAYLIGHT,12,MOTOR VEHICLE IN TRANSPORT,JAMES ROBERTSON PKWY & INTERSTATE DR,NASHVILLE,TN,37213,1105,CENTRA,36.1714,-86.769,POINT (-86.769 36.1714)
20190183700,03/08/2019 08:37:00 AM,2,1,0,,N,676834,4,ANGLE,2,RAIN,1,DAYLIGHT,12,MOTOR VEHICLE IN TRANSPORT,CHEATHAM PL & ARTHUR AV,NASHVILLE,TN,37208,4327,NORTH,36.175,-86.7987,POINT (-86.7987 36.175)
20190221179,03/21/2019 04:29:00 PM,2,0,0,,N,256383,16,Rear to Side,21,CLEAR,1,DAYLIGHT,55,Motor Vehicle-In-Motion Outside Trafficw,TANGLEWOOD CT & WHISPERING OAKS PL,NASHVILLE,TN,37211,8419,SOUTH,36.0824,-86.7145,POINT (-86.7145 36.0824)
20190209526,03/18/2019 06:30:00 AM,2,0,0,,Y,311325,4,ANGLE,21,CLEAR,3,DARK - LIGHTED,12,MOTOR VEHICLE IN TRANSPORT,SPENCE LN & LEBANON PKE,NASHVILLE,TN,37210,9019,HERMIT,36.1537,-86.7216,POINT (-86.7216 36.1537)
20190157810,02/27/2019 06:51:00 AM,2,1,0,,N,716886,11,Front to Rear,21,CLEAR,1,DAYLIGHT,12,MOTOR VEHICLE IN TRANSPORT,MM 56 4 I 24,NASHVILLE,TN,37211,8810,SOUTH,36.0776,-86.6947,POINT (-86.6947 36.0776)
20190371454,05/15/2019 08:12:00 AM,2,1,0,,N,481573,11,Front to Rear,2,RAIN,1,DAYLIGHT,12,MOTOR VEHICLE IN TRANSPORT,OLD HICKORY BLVD & WOODWARD HILLS PL,NASHVILLE,TN,37220,7111,MIDTOW,36.038,-86.7978,POINT (-86.7978 36.038)
20190263800,04/05/2019 09:08:00 PM,2,0,0,,N,298867,2,HEAD-ON,21,CLEAR,3,DARK - LIGHTED,12,MOTOR VEHICLE IN TRANSPORT,GALLATIN PKE & NORVEL AV,NASHVILLE,TN,37216,1445,EAST,36.218,-86.7283,POINT (-86.7283 36.218)
20190524772,07/13/2019 12:43:00 PM,2,0,0,,N,468030,11,Front to Rear,22,CLOUDY,1,DAYLIGHT,12,MOTOR VEHICLE IN TRANSPORT,GALLATIN PKE & BURCHWOOD AV,NASHVILLE,TN,37216,1403,EAST,36.201,-86.7399,POINT (-86.7399 36.201)
20190287076,04/14/2019 08:32:00 PM,1,1,0,,N,887598,0,NOT COLLISION W/MOTOR VEHICLE-TRANSPORT,21,CLEAR,3,DARK - LIGHTED,8,PEDESTRIAN,CLEARVIEW AV & S 10TH ST,NASHVILLE,TN,37206,1201,EAST,36.1779,-86.7512,POINT (-86.7512 36.1779)
20190318758,04/25/2019 07:35:00 AM,2,0,0,Y,N,223502,4,ANGLE,22,CLOUDY,1,DAYLIGHT,12;27,MOTOR VEHICLE IN TRANSPORT;H-WAY TRAFFIC SIGNAL POST,2ND AVS & CAMERON ST,NASHVILLE,TN,37210,8153,SOUTH,36.1485,-86.7665,POINT (-86.7665 36.1485)
20190192213,03/11/2019 07:55:00 PM,2,0,0,,N,298860,11,Front to Rear,21,CLEAR,2,DARK - NOT LIGHTED,12,MOTOR VEHICLE IN TRANSPORT,OLD HICKORY BLVD & CENTRAL PKE,HERMITAGE,TN,37076,9557,HERMIT,36.1676,-86.7787,POINT (-86.7787 36.1676)
20190401332,05/25/2019 10:19:00 PM,1,0,0,,N,352156,0,NOT COLLISION W/MOTOR VEHICLE-TRANSPORT,21,CLEAR,3,DARK - LIGHTED,34,DITCH,FOREST VIEW DR & MURFREESBORO PKE,ANTIOCH,TN,37013,8979,SOUTH,36.0677,-86.6309,POINT (-86.6309 36.0677)
20190559669,07/27/2019 09:31:00 AM,2,0,0,,N,493304,11,Front to Rear,21,CLEAR,1,DAYLIGHT,12,MOTOR VEHICLE IN TRANSPORT,NEELYS BEND RD & HIDDEN ACRES DR,MADISON,TN,37115,1637,MADISO,36.2296,-86.6689,POINT (-86.6689 36.2296)
20190097169,02/05/2019 02:35:00 PM,1,0,0,Y,N,267831,0,NOT COLLISION W/MOTOR VEHICLE-TRANSPORT,21,CLEAR,1,DAYLIGHT,30;39,UTILITY POLE;WALL,HILLSBORO PKE & WOODMONT BLVD,NASHVILLE,TN,37215,6105,WEST,36.114,-86.8109,POINT (-86.8109 36.114)
20190566314,07/30/2019 08:37:00 AM,2,0,0,,Y,485261,4,ANGLE,21,CLEAR,1,DAYLIGHT,12,MOTOR VEHICLE IN TRANSPORT,HERMITAGE AV & PEABODY ST,NASHVILLE,TN,37201,4047,CENTRA,36.1622,-86.7744,POINT (-86.7744 36.1622)
20190337891,05/02/2019 01:00:00 PM,3,0,0,,N,676834,11,Front to Rear,21,CLEAR,1,DAYLIGHT,12,MOTOR VEHICLE IN TRANSPORT,DOMINICAN DR & ROSA L PARKS BLVD,NASHVILLE,TN,37228,4445,NORTH,36.1879,-86.7985,POINT (-86.7985 36.1879)
20190178621,03/06/2019 04:14:00 PM,2,0,0,,N,256391,11,Front to Rear,21,CLEAR,1,DAYLIGHT,12,MOTOR VEHICLE IN TRANSPORT,BRILEY PKWYE & BRILEY PKWYW,NASHVILLE,TN,37207,20120,MADISO,36.2396,-86.7751,POINT (-86.7751 36.2396)
20190337110,05/02/2019 06:58:00 AM,2,0,0,,N,311339,4,ANGLE,21,CLEAR,1,DAYLIGHT,12,MOTOR VEHICLE IN TRANSPORT,12TH AVS & BROADWAY,NASHVILLE,TN,37203,4081,CENTRA,36.1563,-86.7873,POINT (-86.7873 36.1563)
20190432057,06/06/2019 04:23:00 PM,2,3,0,,N,256389,2,HEAD-ON,2,RAIN,1,DAYLIGHT,12,MOTOR VEHICLE IN TRANSPORT,EDMONDSON PKE & EDMONDSON PIKE,NASHVILLE,TN,37211,8651,MIDTOW,36.0134,-86.7385,POINT (-86.7385 36.0134)
20190395252,05/23/2019 12:00:00 AM,2,0,0,,Y,256388,5,SIDESWIPE - SAME DIRECTION,21,CLEAR,1,DAYLIGHT,12;14,MOTOR VEHICLE IN TRANSPORT;PARKED MOTOR VEHICLE,23RD AVN & FORMOSA ST,NASHVILLE,TN,37208,4463,NORTH,36.1736,-86.813,POINT (-86.813 36.1736)
20190119906,02/13/2019 04:00:00 PM,2,1,0,,N,279204,11,Front to Rear,21,CLEAR,1,DAYLIGHT,12,MOTOR VEHICLE IN TRANSPORT,MONROE ST & ROSA L PARKS BLVD,NASHVILLE,TN,37208,4303,NORTH,36.1753,-86.7927,POINT (-86.7927 36.1753)
20190518862,07/10/2019 10:45:00 PM,3,0,0,,N,807927,4,ANGLE,21,CLEAR,3,DARK - LIGHTED,12,MOTOR VEHICLE IN TRANSPORT,4100 MURFREESBORO,ANTIOCH,TN,37013,8867,SOUTH,36.0431,-86.6068,POINT (-86.6068 36.0431)
20190018238,01/08/2019 05:45:00 AM,2,0,0,,Y,223502,4,ANGLE,22,CLOUDY,1,DAYLIGHT,12,MOTOR VEHICLE IN TRANSPORT,THOMPSON LN & FOSTER AV,NASHVILLE,TN,37211,8425,SOUTH,36.1108,-86.7433,POINT (-86.7433 36.1108)
20190160721,02/28/2019 06:05:00 AM,1,1,0,,N,109495,0,NOT COLLISION W/MOTOR VEHICLE-TRANSPORT,22,CLOUDY,4,DAWN,9,,EDGEHILL AV & 9TH AVS,NASHVILLE,TN,37203,6907,MIDTOW,36.1419,-86.7811,POINT (-86.7811 36.1419)
20190551324,07/24/2019 04:30:00 AM,1,0,0,Y,N,212334,0,NOT COLLISION W/MOTOR VEHICLE-TRANSPORT,21,CLEAR,3,DARK - LIGHTED,50,DEER (ANIMAL),WHITES CREEK PKE & LAWS RD,WHITES CREEK,TN,37189,3305,NORTH,36.2876,-86.8432,POINT (-86.8432 36.2876)
20190189069,03/10/2019 04:43:00 PM,2,0,0,,N,311803,4,ANGLE,21,CLEAR,1,DAYLIGHT,12,MOTOR VEHICLE IN TRANSPORT,WEDGEWOOD AV & I65 S EXT RAMP,NASHVILLE,TN,37204,6945,MIDTOW,36.1342,-86.7764,POINT (-86.7764 36.1342)
20190482805,06/26/2019 11:23:00 AM,1,0,0,,N,716886,0,NOT COLLISION W/MOTOR VEHICLE-TRANSPORT,21,CLEAR,1,DAYLIGHT,18,OTHER OBJECT (NOT FIXED),MM 55 5 I 24,NASHVILLE,TN,37211,8812,SOUTH,36.0886,-86.7019,POINT (-86.7019 36.0886)
20190240694,03/28/2019 01:33:00 PM,2,2,0,,N,226136,4,ANGLE,21,CLEAR,1,DAYLIGHT,12,MOTOR VEHICLE IN TRANSPORT,HICKORYVIEW DR & HICKORY PLZ,NASHVILLE,TN,37211,8655,MIDTOW,36.0489,-86.7154,POINT (-86.7154 36.0489)
20190235661,03/26/2019 09:06:00 PM,1,0,0,,N,161955,0,NOT COLLISION W/MOTOR VEHICLE-TRANSPORT,21,CLEAR,3,DARK - LIGHTED,18,OTHER OBJECT (NOT FIXED),DICKERSON PKE & BROADMOOR DR,NASHVILLE,TN,37207,1809,EAST,36.2277,-86.7596,POINT (-86.7596 36.2277)
20190495277,07/01/2019 10:21:00 AM,2,1,0,,N,109527,11,Front to Rear,21,CLEAR,1,DAYLIGHT,12,MOTOR VEHICLE IN TRANSPORT,MURFREESBORO PKE & GLENGARRY DR,NASHVILLE,TN,37217,8823,HERMIT,36.1208,-86.7036,POINT (-86.7036 36.1208)
20190298477,04/18/2019 09:05:00 AM,2,0,0,,N,262766,11,Front to Rear,21,CLEAR,1,DAYLIGHT,12,MOTOR VEHICLE IN TRANSPORT,KNOB RD & WHITE BRIDGE PKE,NASHVILLE,TN,37209,5105,WEST,36.1379,-86.8577,POINT (-86.8577 36.1379)
20190271876,04/09/2019 04:51:00 AM,1,0,0,Y,Y,197075,0,NOT COLLISION W/MOTOR VEHICLE-TRANSPORT,5,FOG,2,DARK - NOT LIGHTED,40,MAIL BOX,KATHERINE CT & BIRDWELL DR,GOODLETTSVILLE,TN,37072,2109,MADISO,36.2908,-86.7465,POINT (-86.7465 36.2908)
20190085967,02/01/2019 12:00:00 AM,2,0,0,,Y,191578,5,SIDESWIPE - SAME DIRECTION,22,CLOUDY,1,DAYLIGHT,12,MOTOR VEHICLE IN TRANSPORT,MM 217 7 I 40,NASHVILLE,TN,37214,94040,HERMIT,36.1415,-86.6551,POINT (-86.6551 36.1415)
20190300141,04/18/2019 08:45:00 PM,2,2,0,,N,299238,4,ANGLE,2,RAIN,3,DARK - LIGHTED,12,MOTOR VEHICLE IN TRANSPORT,S 5TH ST & FATHERLAND ST,NASHVILLE,TN,37206,1115,EAST,36.1691,-86.7631,POINT (-86.7631 36.1691)
20190158898,02/27/2019 02:35:00 PM,1,0,0,Y,N,240959,0,NOT COLLISION W/MOTOR VEHICLE-TRANSPORT,21,CLEAR,1,DAYLIGHT,30,UTILITY POLE,1800 MCGAVOCK PKE,NASHVILLE,TN,37216,1449,EAST,36.21,-86.713,POINT (-86.713 36.21)
20190155629,02/26/2019 11:55:00 AM,2,0,0,,Y,223502,11,Front to Rear,21,CLEAR,1,DAYLIGHT,12,MOTOR VEHICLE IN TRANSPORT,I440 W EXT RAMP & NOLENSVILLE PKE,NASHVILLE,TN,37211,8043,MIDTOW,36.1241,-86.7517,POINT (-86.7517 36.1241)
20190207650,03/17/2019 09:15:00 AM,1,0,0,Y,N,140790,0,NOT COLLISION W/MOTOR VEHICLE-TRANSPORT,21,CLEAR,1,DAYLIGHT,34;64,DITCH;Ran Off Road-Left,S NEW HOPE RD & MARA VISTA,HERMITAGE,TN,37076,9547,HERMIT,36.1525,-86.5849,POINT (-86.5849 36.1525)
20190176557,03/06/2019 01:54:00 AM,2,0,0,Y,Y,279117,11,Front to Rear,21,CLEAR,2,DARK - NOT LIGHTED,14;40,PARKED MOTOR VEHICLE;MAIL BOX,THOMAS AV & ANDERSON PL,NASHVILLE,TN,37216,1837,EAST,36.2054,-86.7417,POINT (-86.7417 36.2054)
20190416295,05/31/2019 02:00:00 PM,3,2,0,,N,716886,4,ANGLE,21,CLEAR,1,DAYLIGHT,12,MOTOR VEHICLE IN TRANSPORT,BELL RD & THE OVERLOOK PVTDR,ANTIOCH,TN,37013,8865,SOUTH,36.056,-86.6421,POINT (-86.6421 36.056)
20190526721,07/14/2019 01:00:00 PM,3,1,0,,N,298864,11,Front to Rear,21,CLEAR,1,DAYLIGHT,12;13;54,MOTOR VEHICLE IN TRANSPORT;MOTOR VEHICLE IN TRANSPORT-OTHER ROADWAY;Set In Motion By Motor Vehicle,MYATT DR & MADISON INDUSTRIAL RD,MADISON,TN,37115,1715,MADISO,36.2781,-86.6904,POINT (-86.6904 36.2781)
20190209794,03/18/2019 08:50:00 AM,1,1,0,,N,161952,0,NOT COLLISION W/MOTOR VEHICLE-TRANSPORT,21,CLEAR,1,DAYLIGHT,8,PEDESTRIAN,HUME ST & ROSA L PARKS BLVD,NASHVILLE,TN,37208,4333,NORTH,36.1789,-86.7952,POINT (-86.7952 36.1789)
20190564090,07/29/2019 11:34:00 AM,2,0,0,,Y,279113,5,SIDESWIPE - SAME DIRECTION,21,CLEAR,1,DAYLIGHT,12,MOTOR VEHICLE IN TRANSPORT,FESSLERS LN & I40 W ENT RAMP,NASHVILLE,TN,37210,9011,HERMIT,36.1478,-86.7435,POINT (-86.7435 36.1478)
20190491322,06/29/2019 12:00:00 AM,2,0,0,,Y,279200,11,Front to Rear,21,CLEAR,1,DAYLIGHT,14,PARKED MOTOR VEHICLE,BROADWAY & 2ND AVN,NASHVILLE,TN,37201,4093,CENTRA,36.1618,-86.7754,POINT (-86.7754 36.1618)
20190030570,01/12/2019 03:07:00 PM,2,0,0,,Y,256417,4,ANGLE,2,RAIN,1,DAYLIGHT,12,MOTOR VEHICLE IN TRANSPORT,SAUNDERSVILLE RD & SHUTE LN,OLD HICKORY,TN,37138,9721,HERMIT,36.2263,-86.6032,POINT (-86.6032 36.2263)
20190086125,02/01/2019 10:07:00 AM,2,0,0,,N,481573,4,ANGLE,22,CLOUDY,1,DAYLIGHT,12,MOTOR VEHICLE IN TRANSPORT,CENTENNIAL PARK PVTDR & PATTERSON ST,NASHVILLE,TN,37203,5623,MIDTOW,36.151,-86.8112,POINT (-86.8112 36.151)
20190038905,01/15/2019 06:30:00 PM,2,0,0,,N,320581,5,SIDESWIPE - SAME DIRECTION,22,CLOUDY,3,DARK - LIGHTED,14,PARKED MOTOR VEHICLE,CALDWELL AV & 15TH AVS,NASHVILLE,TN,37212,6601,MIDTOW,36.1336,-86.7921,POINT (-86.7921 36.1336)
20190580881,08/05/2019 07:33:00 AM,2,0,0,,N,191578,5,SIDESWIPE - SAME DIRECTION,21,CLEAR,1,DAYLIGHT,12,MOTOR VEHICLE IN TRANSPORT,MM 213 3 I 40,NASHVILLE,TN,37210,9004,HERMIT,36.1407,-86.7259,POINT (-86.7259 36.1407)
20190214366,03/19/2019 05:37:00 PM,2,1,0,,N,179606,11,Front to Rear,21,CLEAR,1,DAYLIGHT,12,MOTOR VEHICLE IN TRANSPORT,NOLENSVILLE PKE & POLK AV,NASHVILLE,TN,37210,8109,SOUTH,36.1302,-86.755,POINT (-86.755 36.1302)
20190311947,04/23/2019 07:01:00 AM,2,0,0,,N,474557,4,ANGLE,21,CLEAR,1,DAYLIGHT,12,MOTOR VEHICLE IN TRANSPORT,BELL RD & HICKORY HOLLOW PKWY,ANTIOCH,TN,37013,8863,SOUTH,36.0896,-86.6884,POINT (-86.6884 36.0896)
20190496258,07/01/2019 05:12:00 PM,2,0,0,,Y,256383,11,Front to Rear,21,CLEAR,1,DAYLIGHT,14,PARKED MOTOR VEHICLE,S SHORE DR & HAMILTON CHURCH RD,ANTIOCH,TN,37013,8907,SOUTH,36.0554,-86.5841,POINT (-86.5841 36.0554)
20190560552,07/27/2019 12:00:00 AM,3,0,0,,Y,298868,11,Front to Rear,21,CLEAR,1,DAYLIGHT,12,MOTOR VEHICLE IN TRANSPORT,CHARLOTTE AV & 42ND AVN,NASHVILLE,TN,37209,5217,WEST,36.1524,-86.8366,POINT (-86.8366 36.1524)
20190025009,01/10/2019 01:50:00 PM,3,1,0,,N,716886,4,ANGLE,21,CLEAR,1,DAYLIGHT,12,MOTOR VEHICLE IN TRANSPORT,BELL RD & CEDAR POINTE PKWY,ANTIOCH,TN,37013,8753,SOUTH,36.0449,-86.6671,POINT (-86.6671 36.0449)
20190272032,04/09/2019 06:37:00 AM,2,0,0,,Y,332253,5,SIDESWIPE - SAME DIRECTION,99,UNKNOWN,9,UNKNOWN,12,MOTOR VEHICLE IN TRANSPORT,MM 44 6 I 24,NASHVILLE,TN,37207,32242,NORTH,36.2276,-86.7791,POINT (-86.7791 36.2276)
20190025484,01/10/2019 04:51:00 PM,2,0,0,,Y,256383,11,Front to Rear,21,CLEAR,1,DAYLIGHT,12,MOTOR VEHICLE IN TRANSPORT,GLENROSE AV & FOSTER AV,NASHVILLE,TN,37210,8105,SOUTH,36.1254,-86.7424,POINT (-86.7424 36.1254)
20190316488,04/24/2019 01:05:00 PM,2,0,0,,N,633385,2,HEAD-ON,21,CLEAR,1,DAYLIGHT,12,MOTOR VEHICLE IN TRANSPORT,MAX CT & BAKERTOWN RD,NASHVILLE,TN,37211,8851,SOUTH,36.0766,-86.6902,POINT (-86.6902 36.0766)
20190402396,05/26/2019 02:50:00 PM,2,1,0,,Y,256386,4,ANGLE,21,CLEAR,1,DAYLIGHT,12,MOTOR VEHICLE IN TRANSPORT,BLACKWOOD DR & BELL RD,NASHVILLE,TN,37214,8959,HERMIT,36.1523,-86.6251,POINT (-86.6251 36.1523)
20190443703,06/11/2019 09:52:00 AM,1,1,0,,Y,352196,0,NOT COLLISION W/MOTOR VEHICLE-TRANSPORT,21,CLEAR,1,DAYLIGHT,8,PEDESTRIAN,LAFAYETTE ST & LEA AV,NASHVILLE,TN,37203,4025,CENTRA,36.1535,-86.7762,POINT (-86.7762 36.1535)
20190125022,02/15/2019 08:30:00 AM,2,0,0,,Y,676834,5,SIDESWIPE - SAME DIRECTION,22,CLOUDY,3,DARK - LIGHTED,12,MOTOR VEHICLE IN TRANSPORT,MM 89 0 I 65,NASHVILLE,TN,37207,20020,MADISO,36.2309,-86.7709,POINT (-86.7709 36.2309)
20190394803,05/23/2019 04:00:00 PM,2,0,0,,N,256386,11,Front to Rear,21,CLEAR,1,DAYLIGHT,12,MOTOR VEHICLE IN TRANSPORT,BLACKWOOD DR & STEWARTS FERRY PIKE,NASHVILLE,TN,37214,8955,HERMIT,36.1522,-86.625,POINT (-86.625 36.1522)
20190019682,01/08/2019 04:48:00 PM,2,0,0,,N,256448,4,ANGLE,21,CLEAR,1,DAYLIGHT,12,MOTOR VEHICLE IN TRANSPORT,ROYAL PKWY & CLARIDGE DR,NASHVILLE,TN,37214,9103,HERMIT,36.1461,-86.6676,POINT (-86.6676 36.1461)
20190549312,07/23/2019 11:43:00 AM,2,2,0,,N,676834,4,ANGLE,21,CLEAR,1,DAYLIGHT,12,MOTOR VEHICLE IN TRANSPORT,CHARLOTTE AV & 25TH AVN,NASHVILLE,TN,37203,5619,MIDTOW,36.1553,-86.8121,POINT (-86.8121 36.1553)
20180006619,01/28/2019 07:00:00 PM,2,0,0,,N,493312,11,Front to Rear,21,CLEAR,3,DARK - LIGHTED,12,MOTOR VEHICLE IN TRANSPORT,HARDING PL & SIDCO DR,NASHVILLE,TN,37220,8601,MIDTOW,36.0819,-86.7612,POINT (-86.7612 36.0819)
20190063426,01/24/2019 05:48:00 PM,2,1,0,,N,267831,11,Front to Rear,21,CLEAR,3,DARK - LIGHTED,12,MOTOR VEHICLE IN TRANSPORT,CHARLOTTE PKE & AMERICAN RD,NASHVILLE,TN,37209,5029,WEST,36.1448,-86.8724,POINT (-86.8724 36.1448)
20190177391,03/06/2019 08:14:00 AM,2,1,0,,N,109527,11,Front to Rear,21,CLEAR,1,DAYLIGHT,12,MOTOR VEHICLE IN TRANSPORT,MM 213 6 I 40,NASHVILLE,TN,37217,8802,HERMIT,36.1406,-86.7202,POINT (-86.7202 36.1406)
20190115085,02/12/2019 06:15:00 AM,2,0,0,Y,Y,279117,11,Front to Rear,2,RAIN,4,DAWN,12,MOTOR VEHICLE IN TRANSPORT,S 14TH ST & SHELBY AV,NASHVILLE,TN,37206,1035,EAST,36.169,-86.7471,POINT (-86.7471 36.169)
20190444137,06/11/2019 01:52:00 PM,2,0,0,,N,716886,6,SIDESWIPE - OPPOSITE DIRECTION,21,CLEAR,1,DAYLIGHT,12,MOTOR VEHICLE IN TRANSPORT,PETTUS RD & PRESTON RD,ANTIOCH,TN,37013,8761,SOUTH,36.0225,-86.6648,POINT (-86.6648 36.0225)
20190379139,05/17/2019 08:09:00 PM,2,1,0,,Y,330445,5,SIDESWIPE - SAME DIRECTION,21,CLEAR,3,DARK - LIGHTED,12,MOTOR VEHICLE IN TRANSPORT,I40 E EXT RAMP & CHARLOTTE AV,NASHVILLE,TN,37203,5425,NORTH,36.1613,-86.7938,POINT (-86.7938 36.1613)
20190413450,05/30/2019 03:20:00 PM,2,0,0,,N,352199,4,ANGLE,21,CLEAR,1,DAYLIGHT,12,MOTOR VEHICLE IN TRANSPORT,TROUSDALE DR & HARDING PL,NASHVILLE,TN,37220,8601,MIDTOW,36.0811,-86.7584,POINT (-86.7584 36.0811)
20190528994,07/15/2019 12:55:00 PM,2,0,0,,N,298864,0,NOT COLLISION W/MOTOR VEHICLE-TRANSPORT,22,CLOUDY,1,DAYLIGHT,7,,VIETNAM VETERANS BLVDN & VIETNAM VETERAN,MADISON,TN,37115,1718,MADISO,36.3096,-86.6885,POINT (-86.6885 36.3096)
20190133014,02/18/2019 04:42:00 PM,1,1,0,,N,725756,0,NOT COLLISION W/MOTOR VEHICLE-TRANSPORT,21,CLEAR,1,DAYLIGHT,42,TREE,GREELEY DR & STARLIT RD,NASHVILLE,TN,37205,5003,WEST,36.1264,-86.8821,POINT (-86.8821 36.1264)
20190539896,07/19/2019 12:55:00 PM,1,0,0,,Y,226622,0,NOT COLLISION W/MOTOR VEHICLE-TRANSPORT,21,CLEAR,1,DAYLIGHT,7,,I40 W ENT RAMP & I 40,NASHVILLE,TN,37210,9007,HERMIT,36.1484,-86.7454,POINT (-86.7454 36.1484)
20190077498,01/29/2019 06:24:00 PM,2,0,0,,Y,256383,5,SIDESWIPE - SAME DIRECTION,21,CLEAR,3,DARK - LIGHTED,12,MOTOR VEHICLE IN TRANSPORT,HAMILTON CHURCH RD & MURFREESBORO PKE,ANTIOCH,TN,37013,8865,SOUTH,36.0645,-86.6288,POINT (-86.6288 36.0645)
20190081181,01/30/2019 08:44:00 PM,2,1,0,,N,240959,4,ANGLE,21,CLEAR,3,DARK - LIGHTED,12,MOTOR VEHICLE IN TRANSPORT,OTAY ST & SCOTT AV,NASHVILLE,TN,37216,1431,EAST,36.199,-86.7331,POINT (-86.7331 36.199)
20190560752,07/27/2019 09:39:00 PM,2,2,0,,N,298866,16,Rear to Side,21,CLEAR,3,DARK - LIGHTED,12,MOTOR VEHICLE IN TRANSPORT,CHARLOTTE PKE & I40 E ENT RAMP,NASHVILLE,TN,37205,5007,WEST,36.1319,-86.8955,POINT (-86.8955 36.1319)
20190384468,05/20/2019 08:28:00 AM,1,0,0,Y,N,191578,0,NOT COLLISION W/MOTOR VEHICLE-TRANSPORT,21,CLEAR,1,DAYLIGHT,19,BUILDING,LEBANON PKE & JUAREZ DR,HERMITAGE,TN,37076,9531,HERMIT,36.1927,-86.6237,POINT (-86.6237 36.1927)
20190259321,04/04/2019 08:10:00 AM,2,1,0,,N,676834,11,Front to Rear,21,CLEAR,1,DAYLIGHT,12,MOTOR VEHICLE IN TRANSPORT,MM 85 4 I 65,NASHVILLE,TN,37208,43042,NORTH,36.1875,-86.7947,POINT (-86.7947 36.1875)
20190021590,01/09/2019 10:02:00 AM,2,0,0,,N,191578,5,SIDESWIPE - SAME DIRECTION,21,CLEAR,1,DAYLIGHT,12,MOTOR VEHICLE IN TRANSPORT,MM 51 4 I 24,NASHVILLE,TN,37210,82061,HERMIT,36.1388,-86.7284,POINT (-86.7284 36.1388)
20190333047,04/30/2019 08:17:00 PM,2,0,0,,N,256383,4,ANGLE,21,CLEAR,2,DARK - NOT LIGHTED,12,MOTOR VEHICLE IN TRANSPORT,MURFREESBORO PKE & OLD HICKORY BLVD,ANTIOCH,TN,37013,8867,SOUTH,36.0413,-86.6051,POINT (-86.6051 36.0413)
20190294785,04/17/2019 06:45:00 AM,3,0,0,,N,665896,5,SIDESWIPE - SAME DIRECTION,21,CLEAR,1,DAYLIGHT,12;14,MOTOR VEHICLE IN TRANSPORT;PARKED MOTOR VEHICLE,W GREENWOOD AV & BAILEY ST,NASHVILLE,TN,37206,1901,EAST,36.1906,-86.7472,POINT (-86.7472 36.1906)
20190216252,03/20/2019 07:08:00 AM,2,2,0,,N,414668,11,Front to Rear,21,CLEAR,1,DAYLIGHT,12,MOTOR VEHICLE IN TRANSPORT,I24 E ENT RAMP & S LYLE LN,NASHVILLE,TN,37210,8111,SOUTH,36.1252,-86.7342,POINT (-86.7342 36.1252)
20190557064,07/26/2019 07:22:00 AM,2,0,0,,N,716886,5,SIDESWIPE - SAME DIRECTION,21,CLEAR,1,DAYLIGHT,12,MOTOR VEHICLE IN TRANSPORT,POLK AV & MURFREESBORO PKE,NASHVILLE,TN,37210,8161,SOUTH,36.1424,-86.7429,POINT (-86.7429 36.1424)
20190499235,07/02/2019 05:41:00 PM,2,1,0,,N,256389,4,ANGLE,21,CLEAR,1,DAYLIGHT,12,MOTOR VEHICLE IN TRANSPORT,GRAYBAR LN & BELMONT BLVD,NASHVILLE,TN,37215,6415,MIDTOW,36.1103,-86.8004,POINT (-86.8004 36.1103)