Accident Number,Date and Time,Number of Motor Vehicles,Number of Injuries,Number of Fatalities,Property Damage,Hit and Run,Reporting Officer,Collision Type Code,Collision Type Description,Weather Code,Weather Description,Illumination Code,Illumination Description,Harmful Code,Harmful Code Description,Street Address,City,State,ZIP,RPA,Precinct,Latitude,Longitude,Mapped Location
20190282529,04/12/2019 08:51:00 PM,2,0,0,Y,N,281611,4,ANGLE,21,CLEAR,2,DARK - NOT LIGHTED,14,PARKED MOTOR VEHICLE,46TH AVN & PARK AV,NASHVILLE,TN,37209,5129,WEST,36.1516,-86.8422,POINT (-86.8422 36.1516)
20190023042,01/09/2019 06:44:00 PM,2,0,0,,N,197054,11,Front to Rear,21,CLEAR,3,DARK - LIGHTED,12,MOTOR VEHICLE IN TRANSPORT,BRILEY PKWYN & BRILEY PKWYS,NASHVILLE,TN,37211,8404,SOUTH,36.1092,-86.727,POINT (-86.727 36.1092)
20190578293,08/03/2019 10:00:00 PM,2,0,0,,N,311343,11,Front to Rear,22,CLOUDY,3,DARK - LIGHTED,12,MOTOR VEHICLE IN TRANSPORT,EDGEHILL AV & 12TH AVS,NASHVILLE,TN,37203,6807,MIDTOW,36.1427,-86.787,POINT (-86.787 36.1427)
20190261086,04/04/2019 08:05:00 PM,2,0,0,,N,415780,5,SIDESWIPE - SAME DIRECTION,21,CLEAR,3,DARK - LIGHTED,12,MOTOR VEHICLE IN TRANSPORT,ENCLAVE CIR & OLD HICKORY BLVD,NASHVILLE,TN,37211,8653,MIDTOW,36.0443,-86.7246,POINT (-86.7246 36.0443)
20190028501,01/11/2019 05:38:00 PM,2,0,0,,N,206675,4,ANGLE,21,CLEAR,1,DAYLIGHT,12,MOTOR VEHICLE IN TRANSPORT,SIDCO DR & CSX DR,NASHVILLE,TN,37204,8531,MIDTOW,36.0836,-86.7616,POINT (-86.7616 36.0836)
20190428185,06/05/2019 09:10:00 AM,2,1,0,,N,179602,11,Front to Rear,22,CLOUDY,1,DAYLIGHT,12,MOTOR VEHICLE IN TRANSPORT,MM 85 8 I 65,NASHVILLE,TN,37208,4304,CENTRA,36.191,-86.7885,POINT (-86.7885 36.191)
20190356423,05/09/2019 01:25:00 PM,2,0,0,,N,179602,11,Front to Rear,2,RAIN,1,DAYLIGHT,12,MOTOR VEHICLE IN TRANSPORT,MM 87 2 I 65,NASHVILLE,TN,37207,18020,EAST,36.2054,-86.7764,POINT (-86.7764 36.2054)
20190536430,07/18/2019 06:11:00 AM,1,1,0,,N,212307,0,NOT COLLISION W/MOTOR VEHICLE-TRANSPORT,21,CLEAR,1,DAYLIGHT,7,,MM 210 2 I 40,NASHVILLE,TN,37203,4006,CENTRA,36.1499,-86.7726,POINT (-86.7726 36.1499)
20190551765,07/24/2019 08:15:00 AM,2,0,0,,N,332215,4,ANGLE,21,CLEAR,1,DAYLIGHT,12,MOTOR VEHICLE IN TRANSPORT,HARDING PKE & PAGE RD,NASHVILLE,TN,37205,4915,WEST,36.1002,-86.8712,POINT (-86.8712 36.1002)
20190275768,04/10/2019 12:00:00 AM,2,0,0,,N,429205,5,SIDESWIPE - SAME DIRECTION,21,CLEAR,1,DAYLIGHT,12,MOTOR VEHICLE IN TRANSPORT,MM 47 8 I 24,NASHVILLE,TN,37207,1904,CENTRA,36.1775,-86.7731,POINT (-86.7731 36.1775)
20190350378,05/07/2019 11:49:00 AM,2,0,0,,N,191578,5,SIDESWIPE - SAME DIRECTION,21,CLEAR,1,DAYLIGHT,12,MOTOR VEHICLE IN TRANSPORT,LEBANON PKE & BRILEY PKWY N EXT RAMP,NASHVILLE,TN,37214,9121,HERMIT,36.1684,-86.688,POINT (-86.688 36.1684)
20190405792,05/28/2019 12:43:00 AM,2,1,0,Y,Y,298871,4,ANGLE,21,CLEAR,3,DARK - LIGHTED,12;33;38,MOTOR VEHICLE IN TRANSPORT;CURB;FENCE,17TH AVN & HAYES ST,NASHVILLE,TN,37203,5519,MIDTOW,36.1544,-86.7948,POINT (-86.7948 36.1544)
20190214078,03/19/2019 02:20:00 PM,2,0,0,,Y,256374,98,OTHER,21,CLEAR,1,DAYLIGHT,14,PARKED MOTOR VEHICLE,BELL RD & BRENTRIDGE DR,ANTIOCH,TN,37013,8719,SOUTH,36.047,-86.6815,POINT (-86.6815 36.047)
20190420384,06/02/2019 09:49:00 AM,2,0,0,,N,755026,11,Front to Rear,21,CLEAR,1,DAYLIGHT,12,MOTOR VEHICLE IN TRANSPORT,MURFREESBORO PKE & MCGAVOCK PKE,NASHVILLE,TN,37217,8841,SOUTH,36.1129,-86.689,POINT (-86.689 36.1129)
20190332035,04/30/2019 01:29:00 PM,1,0,0,,N,279113,0,NOT COLLISION W/MOTOR VEHICLE-TRANSPORT,21,CLEAR,1,DAYLIGHT,50,DEER (ANIMAL),HARBOR LIGHTS DR & BELL RD,NASHVILLE,TN,37217,8935,HERMIT,36.0939,-86.6249,POINT (-86.6249 36.0939)
20190227085,03/23/2019 06:50:00 PM,2,0,0,,Y,311328,5,SIDESWIPE - SAME DIRECTION,21,CLEAR,3,DARK - LIGHTED,12;14,MOTOR VEHICLE IN TRANSPORT;PARKED MOTOR VEHICLE,3RD AVN & DEADERICK ST,NASHVILLE,TN,37201,4163,CENTRA,36.1663,-86.7791,POINT (-86.7791 36.1663)
20190151610,02/25/2019 06:45:00 AM,2,0,0,,N,716886,11,Front to Rear,21,CLEAR,1,DAYLIGHT,12,MOTOR VEHICLE IN TRANSPORT,I24 E EXT RAMP & I 24,NASHVILLE,TN,37207,30080,NORTH,36.2378,-86.7872,POINT (-86.7872 36.2378)
20190329796,04/29/2019 05:00:00 PM,2,0,0,,N,330413,4,ANGLE,21,CLEAR,1,DAYLIGHT,12,MOTOR VEHICLE IN TRANSPORT,FRANKLIN PKE & FRANKLIN PIKE CIR,NASHVILLE,TN,37220,7111,MIDTOW,36.0471,-86.7777,POINT (-86.7777 36.0471)
20190055753,01/22/2019 06:30:00 AM,2,0,0,,N,226136,5,SIDESWIPE - SAME DIRECTION,21,CLEAR,2,DARK - NOT LIGHTED,12,MOTOR VEHICLE IN TRANSPORT,MM 1 8 I 440,NASHVILLE,TN,37205,6004,WEST,36.1322,-86.8186,POINT (-86.8186 36.1322)
20190281788,04/12/2019 02:29:00 PM,2,1,0,,N,109534,4,ANGLE,22,CLOUDY,1,DAYLIGHT,12,MOTOR VEHICLE IN TRANSPORT,LEBANON PKE & SHUTE LN,HERMITAGE,TN,37076,9535,HERMIT,36.2146,-86.6047,POINT (-86.6047 36.2146)
20190322423,04/26/2019 11:45:00 AM,2,0,0,,N,665896,5,SIDESWIPE - SAME DIRECTION,21,CLEAR,1,DAYLIGHT,12,MOTOR VEHICLE IN TRANSPORT,WOODLAND ST & N 11TH ST,NASHVILLE,TN,37206,1201,EAST,36.1773,-86.7505,POINT (-86.7505 36.1773)
20190502819,07/03/2019 09:25:00 PM,2,0,0,,N,429193,0,NOT COLLISION W/MOTOR VEHICLE-TRANSPORT,2,RAIN,2,DARK - NOT LIGHTED,34;7;71,DITCH;EMBANKMENT EARTH,RIVER ROAD PKE & INDIAN CREEK RD,NASHVILLE,TN,37209,4707,WEST,36.1387,-86.9512,POINT (-86.9512 36.1387)
20190431855,06/06/2019 02:35:00 PM,3,1,0,,N,717341,11,Front to Rear,22,CLOUDY,1,DAYLIGHT,12,MOTOR VEHICLE IN TRANSPORT,MM 61 4 I 24,ANTIOCH,TN,37013,87040,SOUTH,36.0259,-86.6335,POINT (-86.6335 36.0259)
20190236769,03/27/2019 06:59:00 AM,2,0,0,,N,320586,4,ANGLE,21,CLEAR,1,DAYLIGHT,12,MOTOR VEHICLE IN TRANSPORT,ARTELIA DR & RICHARDS RD,ANTIOCH,TN,37013,8899,SOUTH,36.0685,-86.6743,POINT (-86.6743 36.0685)
20190140902,02/21/2019 05:32:00 AM,2,1,0,,N,197053,5,SIDESWIPE - SAME DIRECTION,21,CLEAR,3,DARK - LIGHTED,12,MOTOR VEHICLE IN TRANSPORT,THOMPSON LN & SIMMONS AV,NASHVILLE,TN,37211,8425,SOUTH,36.1106,-86.7413,POINT (-86.7413 36.1106)
20190275262,04/10/2019 08:10:00 AM,2,0,0,,N,109527,4,ANGLE,21,CLEAR,1,DAYLIGHT,12,MOTOR VEHICLE IN TRANSPORT,OLD HICKORY BLVD & ARBOR LAKE BLVD,HERMITAGE,TN,37076,9527,HERMIT,36.164,-86.5975,POINT (-86.5975 36.164)
20190550019,07/23/2019 04:54:00 PM,2,0,0,,N,256426,11,Front to Rear,21,CLEAR,1,DAYLIGHT,12,MOTOR VEHICLE IN TRANSPORT,MM 213 0 I 40,NASHVILLE,TN,37210,8219,HERMIT,36.1407,-86.7323,POINT (-86.7323 36.1407)
20190195433,03/12/2019 11:00:00 PM,2,0,0,,Y,109531,11,Front to Rear,21,CLEAR,3,DARK - LIGHTED,12,MOTOR VEHICLE IN TRANSPORT,GALLATIN PKES & BRILEY PKWYW,MADISON,TN,37115,1598,MADISO,36.2352,-86.7247,POINT (-86.7247 36.2352)
20190325275,04/27/2019 07:14:00 PM,3,2,0,,N,299266,11,Front to Rear,21,CLEAR,5,DUSK,12,MOTOR VEHICLE IN TRANSPORT,UNA ANTIOCH PKE & APOLLO DR,ANTIOCH,TN,37013,8897,SOUTH,36.0715,-86.6643,POINT (-86.6643 36.0715)
20190365856,05/13/2019 12:18:00 PM,2,0,0,,N,320603,5,SIDESWIPE - SAME DIRECTION,21,CLEAR,1,DAYLIGHT,12,MOTOR VEHICLE IN TRANSPORT,OLD HICKORY BLVD & HIGHWAY 70S,NASHVILLE,TN,37221,4901,WEST,36.0742,-86.9208,POINT (-86.9208 36.0742)
20190231005,03/25/2019 11:18:00 AM,2,1,0,,N,330419,4,ANGLE,22,CLOUDY,1,DAYLIGHT,1;12,MOTOR VEHICLE IN TRANSPORT,EASTLAND AV & GALLATIN AV,NASHVILLE,TN,37206,1243,EAST,36.1838,-86.7484,POINT (-86.7484 36.1838)
20190391941,05/22/2019 06:32:00 PM,2,0,0,,N,299267,4,ANGLE,21,CLEAR,1,DAYLIGHT,12,MOTOR VEHICLE IN TRANSPORT,FRANKLIN PKE & TYNE BLVD,NASHVILLE,TN,37220,7101,MIDTOW,36.0752,-86.7735,POINT (-86.7735 36.0752)
20190224521,03/22/2019 07:50:00 PM,2,0,0,,N,279194,11,Front to Rear,21,CLEAR,3,DARK - LIGHTED,12,MOTOR VEHICLE IN TRANSPORT,MM 85 5 I 65,NASHVILLE,TN,37208,4304,CENTRA,36.1888,-86.793,POINT (-86.793 36.1888)
20190490585,06/29/2019 07:00:00 AM,2,0,0,,N,279227,11,Front to Rear,21,CLEAR,1,DAYLIGHT,12,MOTOR VEHICLE IN TRANSPORT,HARDING PL & I24 E ENT RAMP,NASHVILLE,TN,37211,8707,SOUTH,36.0855,-86.7014,POINT (-86.7014 36.0855)
20190569079,07/31/2019 10:00:00 AM,2,0,0,,Y,166478,5,SIDESWIPE - SAME DIRECTION,21,CLEAR,1,DAYLIGHT,12,MOTOR VEHICLE IN TRANSPORT,MM 88 0 I 65,NASHVILLE,TN,37207,18041,EAST,36.2165,-86.775,POINT (-86.775 36.2165)
20190461393,06/18/2019 05:25:00 AM,2,1,0,,N,493301,0,NOT COLLISION W/MOTOR VEHICLE-TRANSPORT,2,RAIN,4,DAWN,12;36,MOTOR VEHICLE IN TRANSPORT;CONCRETE TRAFFIC BARRIER,MM 198 9 I 40,NASHVILLE,TN,37221,48062,WEST,36.1075,-86.9278,POINT (-86.9278 36.1075)
20190029904,01/12/2019 06:45:00 AM,2,0,0,,N,330431,4,ANGLE,22,CLOUDY,1,DAYLIGHT,12,MOTOR VEHICLE IN TRANSPORT,8TH AVS & DEMONBREUN ST,NASHVILLE,TN,37203,4041,CENTRA,36.1569,-86.7808,POINT (-86.7808 36.1569)
20190576699,08/03/2019 05:47:00 AM,2,0,0,,N,320590,11,Front to Rear,21,CLEAR,4,DAWN,12,MOTOR VEHICLE IN TRANSPORT,MM 86 6 I 65,NASHVILLE,TN,37207,3002,NORTH,36.1959,-86.7761,POINT (-86.7761 36.1959)
20190094289,02/04/2019 03:27:00 PM,2,0,0,,N,299266,11,Front to Rear,22,CLOUDY,5,DUSK,12,MOTOR VEHICLE IN TRANSPORT,BELL RD & CEDAR POINTE PKWY,ANTIOCH,TN,37013,8753,SOUTH,36.0449,-86.6671,POINT (-86.6671 36.0449)
20190249072,03/31/2019 12:00:00 AM,1,1,0,,N,320580,0,NOT COLLISION W/MOTOR VEHICLE-TRANSPORT,21,CLEAR,2,DARK - NOT LIGHTED,30,UTILITY POLE,MCCRORY CREEK RD & BOULDER PARK DR,NASHVILLE,TN,37214,9413,HERMIT,36.1491,-86.6523,POINT (-86.6523 36.1491)
20190540396,07/19/2019 03:52:00 PM,2,0,0,,N,620080,11,Front to Rear,21,CLEAR,1,DAYLIGHT,12,MOTOR VEHICLE IN TRANSPORT,MM 210 7 I 40,NASHVILLE,TN,37210,8202,HERMIT,36.1532,-86.7644,POINT (-86.7644 36.1532)
20190363258,05/12/2019 07:14:00 AM,2,0,0,,N,299249,4,ANGLE,2,RAIN,1,DAYLIGHT,12,MOTOR VEHICLE IN TRANSPORT,MM 211 2 I 40,NASHVILLE,TN,37210,8008,HERMIT,36.1535,-86.7564,POINT (-86.7564 36.1535)
20190139864,02/20/2019 09:09:00 PM,1,0,0,,N,299241,0,NOT COLLISION W/MOTOR VEHICLE-TRANSPORT,2,RAIN,3,DARK - LIGHTED,50,DEER (ANIMAL),CENTURY BLVD & CONNECTING ROAD,NASHVILLE,TN,37214,9115,HERMIT,36.148,-86.6857,POINT (-86.6857 36.148)
20190118996,02/13/2019 09:46:00 AM,2,0,0,,N,591936,5,SIDESWIPE - SAME DIRECTION,21,CLEAR,1,DAYLIGHT,12,MOTOR VEHICLE IN TRANSPORT,MM 81 3 I 65,NASHVILLE,TN,37204,80041,MIDTOW,36.1337,-86.7752,POINT (-86.7752 36.1337)
20190378496,05/17/2019 03:40:00 PM,2,0,0,,Y,134899,5,SIDESWIPE - SAME DIRECTION,21,CLEAR,1,DAYLIGHT,12,MOTOR VEHICLE IN TRANSPORT,I40 E ENT RAMP & I40 E ENT RAMP,NASHVILLE,TN,37208,44041,NORTH,36.1753,-86.8013,POINT (-86.8013 36.1753)
20190385490,05/20/2019 03:19:00 PM,2,0,0,,N,714641,11,Front to Rear,21,CLEAR,1,DAYLIGHT,12,MOTOR VEHICLE IN TRANSPORT,N 1ST ST & SPRING ST,NASHVILLE,TN,37213,1985,CENTRA,36.177,-86.7746,POINT (-86.7746 36.177)
20190352786,05/08/2019 07:00:00 AM,2,0,0,,N,716877,4,ANGLE,21,CLEAR,1,DAYLIGHT,12,MOTOR VEHICLE IN TRANSPORT,CROSSINGS BLVD & MT VIEW RD,ANTIOCH,TN,37013,8863,SOUTH,36.0455,-86.6473,POINT (-86.6473 36.0455)
20190216988,03/20/2019 12:09:00 PM,2,0,0,,N,191578,11,Front to Rear,21,CLEAR,1,DAYLIGHT,12,MOTOR VEHICLE IN TRANSPORT,I40 W ENT RAMP & I 40,NASHVILLE,TN,37210,9007,HERMIT,36.1484,-86.7454,POINT (-86.7454 36.1484)
20190067710,01/26/2019 03:40:00 AM,2,0,0,,N,134867,4,ANGLE,21,CLEAR,3,DARK - LIGHTED,12,MOTOR VEHICLE IN TRANSPORT,3RD AVN & UNION ST,NASHVILLE,TN,37201,4137,CENTRA,36.1653,-86.7785,POINT (-86.7785 36.1653)
20190364057,05/12/2019 05:43:00 PM,2,0,0,,N,330428,4,ANGLE,21,CLEAR,1,DAYLIGHT,12,MOTOR VEHICLE IN TRANSPORT,HIGHWAY 70S & SAWYER BROWN RD,NASHVILLE,TN,37221,4815,WEST,36.0769,-86.9452,POINT (-86.9452 36.0769)
20190071144,01/27/2019 07:15:00 PM,2,0,0,,Y,311332,6,SIDESWIPE - OPPOSITE DIRECTION,21,CLEAR,2,DARK - NOT LIGHTED,14,PARKED MOTOR VEHICLE,WESTOVER AV & WINDSOR DR,NASHVILLE,TN,37205,6123,WEST,36.0997,-86.8611,POINT (-86.8611 36.0997)
20190322315,04/26/2019 11:00:00 AM,1,0,0,Y,N,224464,0,NOT COLLISION W/MOTOR VEHICLE-TRANSPORT,21,CLEAR,1,DAYLIGHT,31,"OTHER POST, POLE, SUPP.",S 2ND ST & VICTORY AV,NASHVILLE,TN,37213,1103,CENTRA,36.1653,-86.7685,POINT (-86.7685 36.1653)
20190453012,06/14/2019 03:24:00 PM,2,0,0,,N,320599,11,Front to Rear,22,CLOUDY,1,DAYLIGHT,12,MOTOR VEHICLE IN TRANSPORT,MM 214 1 I 40,NASHVILLE,TN,37210,90062,HERMIT,36.142,-86.7124,POINT (-86.7124 36.142)
20190386224,05/20/2019 10:42:00 PM,2,0,0,,Y,279197,5,SIDESWIPE - SAME DIRECTION,21,CLEAR,2,DARK - NOT LIGHTED,12;14,MOTOR VEHICLE IN TRANSPORT;PARKED MOTOR VEHICLE,LENORE ST & S 11TH ST,NASHVILLE,TN,37206,1027,EAST,36.1653,-86.7515,POINT (-86.7515 36.1653)
20190068447,01/26/2019 01:00:00 PM,3,1,0,,N,226600,4,ANGLE,21,CLEAR,1,DAYLIGHT,12,MOTOR VEHICLE IN TRANSPORT,WOODMONT BLVD & VALLEY BROOK RD,NASHVILLE,TN,37215,6105,WEST,36.1141,-86.8121,POINT (-86.8121 36.1141)
20190241027,03/28/2019 03:44:00 PM,2,1,0,,N,330436,4,ANGLE,21,CLEAR,1,DAYLIGHT,12,MOTOR VEHICLE IN TRANSPORT,NOLENSVILLE PKE & OLD HICKORY BLVD,NASHVILLE,TN,37211,8717,SOUTH,36.0454,-86.7133,POINT (-86.7133 36.0454)
20190186579,03/09/2019 11:09:00 AM,2,0,0,,N,628640,5,SIDESWIPE - SAME DIRECTION,22,CLOUDY,1,DAYLIGHT,12,MOTOR VEHICLE IN TRANSPORT,I24 W EXT RAMP & I 24,NASHVILLE,TN,37211,8829,SOUTH,36.1074,-86.7197,POINT (-86.7197 36.1074)
20190375257,05/16/2019 01:39:00 PM,2,0,0,,N,414731,4,ANGLE,21,CLEAR,1,DAYLIGHT,12,MOTOR VEHICLE IN TRANSPORT,FIRESTONE PKWY & OLD HICKORY BLVD,ANTIOCH,TN,37013,8869,SOUTH,36.0168,-86.6199,POINT (-86.6199 36.0168)
20190351427,05/07/2019 07:12:00 PM,3,0,0,,N,179582,4,ANGLE,21,CLEAR,1,DAYLIGHT,12,MOTOR VEHICLE IN TRANSPORT,MURFREESBORO PKE & OLD MURFREESBORO PKE,NASHVILLE,TN,37217,8849,SOUTH,36.1046,-86.6694,POINT (-86.6694 36.1046)
20190526828,07/14/2019 02:50:00 PM,2,0,0,,N,320577,11,Front to Rear,21,CLEAR,1,DAYLIGHT,12,MOTOR VEHICLE IN TRANSPORT,NOLENSVILLE PKE & LUTIE ST,NASHVILLE,TN,37210,8319,SOUTH,36.0773,-86.7253,POINT (-86.7253 36.0773)
20190498109,07/02/2019 09:45:00 AM,2,0,0,,N,493304,5,SIDESWIPE - SAME DIRECTION,21,CLEAR,1,DAYLIGHT,12,MOTOR VEHICLE IN TRANSPORT,STATE RT 45 & MYATT DR,MADISON,TN,37115,1705,MADISO,36.2641,-86.6903,POINT (-86.6903 36.2641)
20190406951,05/28/2019 10:22:00 AM,2,0,0,,Y,226622,4,ANGLE,21,CLEAR,1,DAYLIGHT,12,MOTOR VEHICLE IN TRANSPORT,MM 1 8 I 440,NASHVILLE,TN,37212,5906,MIDTOW,36.1328,-86.8186,POINT (-86.8186 36.1328)
20190196649,03/13/2019 08:19:00 AM,4,1,0,,N,226136,11,Front to Rear,22,CLOUDY,1,DAYLIGHT,12,MOTOR VEHICLE IN TRANSPORT,MM 77 0 I 65,NASHVILLE,TN,37220,86042,MIDTOW,36.0708,-86.7697,POINT (-86.7697 36.0708)
20190336205,05/01/2019 07:52:00 PM,2,1,0,,Y,352207,11,Front to Rear,21,CLEAR,3,DARK - LIGHTED,12,MOTOR VEHICLE IN TRANSPORT,MM 52 0 I 24,NASHVILLE,TN,37217,8816,SOUTH,36.1329,-86.7267,POINT (-86.7267 36.1329)
20190029230,01/11/2019 11:45:00 PM,2,1,0,,N,311800,98,OTHER,22,CLOUDY,3,DARK - LIGHTED,12,MOTOR VEHICLE IN TRANSPORT,CHARLOTTE AV & DR D B TODD JR BLVD,NASHVILLE,TN,37203,5505,MIDTOW,36.1581,-86.8,POINT (-86.8 36.1581)
20190282116,04/12/2019 05:18:00 PM,2,2,0,,N,240955,4,ANGLE,22,CLOUDY,1,DAYLIGHT,12,MOTOR VEHICLE IN TRANSPORT,GLENROSE AV & WHITNEY AV,NASHVILLE,TN,37210,8101,SOUTH,36.1258,-86.7516,POINT (-86.7516 36.1258)
20190326305,04/28/2019 07:45:00 AM,2,0,0,,Y,330411,9,UNKNOWN,22,CLOUDY,1,DAYLIGHT,14,PARKED MOTOR VEHICLE,23RD AVN & MURPHY AV,NASHVILLE,TN,37203,5609,MIDTOW,36.1537,-86.8082,POINT (-86.8082 36.1537)
20190441626,06/10/2019 04:36:00 PM,3,0,0,,N,206964,11,Front to Rear,22,CLOUDY,1,DAYLIGHT,12,MOTOR VEHICLE IN TRANSPORT,MM 54 6 I 24,NASHVILLE,TN,37211,84021,SOUTH,36.0994,-86.7109,POINT (-86.7109 36.0994)
20190148789,02/24/2019 12:05:00 AM,2,0,0,,N,311340,11,Front to Rear,21,CLEAR,3,DARK - LIGHTED,12,MOTOR VEHICLE IN TRANSPORT,DIVISION ST & LYLE AV,NASHVILLE,TN,37212,6711,MIDTOW,36.1501,-86.7964,POINT (-86.7964 36.1501)
20190485319,06/27/2019 07:45:00 AM,2,0,0,,N,676834,4,ANGLE,21,CLEAR,1,DAYLIGHT,12,MOTOR VEHICLE IN TRANSPORT,DOMINICAN DR & ROSA L PARKS BLVD,NASHVILLE,TN,37208,4403,NORTH,36.1879,-86.7985,POINT (-86.7985 36.1879)
20190319170,04/25/2019 10:24:00 AM,1,0,0,Y,N,179602,0,NOT COLLISION W/MOTOR VEHICLE-TRANSPORT,22,CLOUDY,1,DAYLIGHT,40,MAIL BOX,CLAYMILLE CT & CLAYMILLE BLVD,NASHVILLE,TN,37207,3023,NORTH,36.2298,-86.8021,POINT (-86.8021 36.2298)
20190441419,06/10/2019 01:15:00 PM,2,0,0,,Y,151132,4,ANGLE,22,CLOUDY,1,DAYLIGHT,12,MOTOR VEHICLE IN TRANSPORT,EWING DR & BRICK CHURCH PKE,NASHVILLE,TN,37207,2001,MADISO,36.2316,-86.7815,POINT (-86.7815 36.2316)
20190041953,01/16/2019 06:19:00 PM,2,0,0,,Y,197070,6,SIDESWIPE - OPPOSITE DIRECTION,21,CLEAR,1,DAYLIGHT,14,PARKED MOTOR VEHICLE,MEHARRY BLVD & 28TH AVN,NASHVILLE,TN,37208,4525,NORTH,36.1666,-86.8203,POINT (-86.8203 36.1666)
20190337946,05/02/2019 01:16:00 PM,2,0,0,,N,267831,11,Front to Rear,22,CLOUDY,1,DAYLIGHT,12,MOTOR VEHICLE IN TRANSPORT,HILLSBORO PKE & GREEN HILLS VILLAGE DR,NASHVILLE,TN,37215,6411,MIDTOW,36.107,-86.8132,POINT (-86.8132 36.107)
20190358409,05/10/2019 12:00:00 AM,2,0,0,,Y,676834,5,SIDESWIPE - SAME DIRECTION,99,UNKNOWN,9,UNKNOWN,12;14,MOTOR VEHICLE IN TRANSPORT;PARKED MOTOR VEHICLE,CHEATHAM PL & 9TH AVN,NASHVILLE,TN,37208,4329,NORTH,36.1769,-86.7965,POINT (-86.7965 36.1769)
20190208271,03/17/2019 05:48:00 PM,2,0,0,,N,240957,4,ANGLE,21,CLEAR,1,DAYLIGHT,12,MOTOR VEHICLE IN TRANSPORT,OLD HICKORY BLVD & YOUNG BROADCASTING PV,NASHVILLE,TN,37215,6305,MIDTOW,36.0425,-86.8301,POINT (-86.8301 36.0425)
20190060289,01/23/2019 06:15:00 PM,1,1,0,,Y,240970,0,NOT COLLISION W/MOTOR VEHICLE-TRANSPORT,2,RAIN,3,DARK - LIGHTED,8,PEDESTRIAN,NOLENSVILLE PKE & ANTIOCH PKE,NASHVILLE,TN,37211,8427,SOUTH,36.1018,-86.7406,POINT (-86.7406 36.1018)
20190487121,06/27/2019 10:50:00 PM,2,1,0,,Y,109542,11,Front to Rear,21,CLEAR,3,DARK - LIGHTED,12;14,MOTOR VEHICLE IN TRANSPORT;PARKED MOTOR VEHICLE,BROADWAY & 5TH AVS,NASHVILLE,TN,37203,4089,CENTRA,36.1605,-86.7784,POINT (-86.7784 36.1605)
20190501712,07/03/2019 01:31:00 PM,2,0,0,,N,352156,11,Front to Rear,21,CLEAR,1,DAYLIGHT,12,MOTOR VEHICLE IN TRANSPORT,I65 N EXT RAMP & I 65,NASHVILLE,TN,37207,1863,EAST,36.2057,-86.7747,POINT (-86.7747 36.2057)
20190564703,07/29/2019 04:30:00 PM,2,0,0,,N,320597,5,SIDESWIPE - SAME DIRECTION,21,CLEAR,1,DAYLIGHT,12,MOTOR VEHICLE IN TRANSPORT,MT VIEW RD & BELL RD,ANTIOCH,TN,37013,8865,SOUTH,36.05,-86.6496,POINT (-86.6496 36.05)
20190489181,06/28/2019 04:49:00 PM,2,0,0,,N,279211,5,SIDESWIPE - SAME DIRECTION,21,CLEAR,1,DAYLIGHT,12,MOTOR VEHICLE IN TRANSPORT,STATE RT 45 & GALLATIN PKEN,MADISON,TN,37115,1701,MADISO,36.2631,-86.7119,POINT (-86.7119 36.2631)
20190517934,07/10/2019 07:30:00 PM,1,0,0,Y,Y,206964,0,NOT COLLISION W/MOTOR VEHICLE-TRANSPORT,22,CLOUDY,5,DUSK,12;43,MOTOR VEHICLE IN TRANSPORT;OTHER FIXED OBJECTS,LEGATE CT & VALLEY RIDGE DR,NASHVILLE,TN,37211,8415,SOUTH,36.0907,-86.7243,POINT (-86.7243 36.0907)
20190553470,07/24/2019 04:43:00 PM,2,0,0,,N,747556,5,SIDESWIPE - SAME DIRECTION,21,CLEAR,1,DAYLIGHT,12,MOTOR VEHICLE IN TRANSPORT,CLARKSVILLE PKE & CLIFF DR,NASHVILLE,TN,37218,3157,NORTH,36.1923,-86.8291,POINT (-86.8291 36.1923)
20190010383,01/04/2019 08:40:00 PM,2,0,0,,N,299238,2,HEAD-ON,21,CLEAR,3,DARK - LIGHTED,12,MOTOR VEHICLE IN TRANSPORT,SHELBY AV & S 4TH ST,NASHVILLE,TN,37206,1009,EAST,36.167,-86.7637,POINT (-86.7637 36.167)
20190246897,03/30/2019 08:12:00 PM,2,0,0,,Y,299267,11,Front to Rear,2,RAIN,3,DARK - LIGHTED,12,MOTOR VEHICLE IN TRANSPORT,NOLENSVILLE PKE & BREWER DR,NASHVILLE,TN,37211,8715,SOUTH,36.0535,-86.715,POINT (-86.715 36.0535)
20190363722,05/12/2019 01:40:00 PM,2,0,0,,Y,591933,11,Front to Rear,21,CLEAR,1,DAYLIGHT,12,MOTOR VEHICLE IN TRANSPORT,OLD HICKORY BLVD & NOLENSVILLE PKE,ANTIOCH,TN,37013,8757,SOUTH,36.0455,-86.7122,POINT (-86.7122 36.0455)
20190171888,03/04/2019 01:55:00 PM,1,0,0,,N,151132,0,NOT COLLISION W/MOTOR VEHICLE-TRANSPORT,21,CLEAR,1,DAYLIGHT,25;63,GUARDRAIL END;Ran Off Road-Right,MYATT DR & EDENWOLD RD,MADISON,TN,37115,1721,MADISO,36.2917,-86.6943,POINT (-86.6943 36.2917)
20190575392,08/02/2019 04:14:00 PM,2,0,0,,N,151132,11,Front to Rear,21,CLEAR,1,DAYLIGHT,12,MOTOR VEHICLE IN TRANSPORT,MM 93 0 I 65,MADISON,TN,37115,17040,MADISO,36.2752,-86.7354,POINT (-86.7354 36.2752)