Accident Number,Date and Time,Number of Motor Vehicles,Number of Injuries,Number of Fatalities,Property Damage,Hit and Run,Reporting Officer,Collision Type Code,Collision Type Description,Weather Code,Weather Description,Illumination Code,Illumination Description,Harmful Code,Harmful Code Description,Street Address,City,State,ZIP,RPA,Precinct,Latitude,Longitude,Mapped Location
20190191308,03/11/2019 01:46:00 PM,2,0,0,,N,109534,11,Front to Rear,21,CLEAR,1,DAYLIGHT,12,MOTOR VEHICLE IN TRANSPORT,BRILEY PKWYN & BRILEY PKWY,NASHVILLE,TN,37217,8998,HERMIT,36.1369,-86.6993,POINT (-86.6993 36.1369)
20190094498,02/04/2019 06:26:00 PM,2,2,0,,N,256422,9,UNKNOWN,22,CLOUDY,3,DARK - LIGHTED,12,MOTOR VEHICLE IN TRANSPORT,MM 85 4 I 65,NASHVILLE,TN,37208,43042,NORTH,36.1875,-86.7947,POINT (-86.7947 36.1875)
20190037251,01/15/2019 07:55:00 AM,2,0,0,,N,226622,11,Front to Rear,22,CLOUDY,1,DAYLIGHT,12,MOTOR VEHICLE IN TRANSPORT,HIGHWAY 100 & HAMPSHIRE PL,NASHVILLE,TN,37221,4807,WEST,36.0577,-86.9226,POINT (-86.9226 36.0577)
20190087966,02/01/2019 11:20:00 PM,2,0,0,,N,320598,4,ANGLE,21,CLEAR,3,DARK - LIGHTED,12,MOTOR VEHICLE IN TRANSPORT,NOLENSVILLE PKE & OLD HICKORY BLVD,NASHVILLE,TN,37211,8717,SOUTH,36.0454,-86.7133,POINT (-86.7133 36.0454)
20190384500,05/18/2019 12:00:00 AM,1,0,0,Y,Y,179580,0,NOT COLLISION W/MOTOR VEHICLE-TRANSPORT,99,UNKNOWN,9,UNKNOWN,19;31,"BUILDING;OTHER POST, POLE, SUPP.",LEBANON PKE & MCGAVOCK PKE,NASHVILLE,TN,37214,9201,HERMIT,36.1694,-86.6799,POINT (-86.6799 36.1694)
20190538303,07/18/2019 09:11:00 PM,2,0,0,,Y,256426,5,SIDESWIPE - SAME DIRECTION,21,CLEAR,3,DARK - LIGHTED,12,MOTOR VEHICLE IN TRANSPORT,MM 7 2 I 440,NASHVILLE,TN,37210,83043,SOUTH,36.1251,-86.7339,POINT (-86.7339 36.1251)
20190387392,05/21/2019 08:16:00 AM,3,5,1,,N,226136,11,Front to Rear,22,CLOUDY,1,DAYLIGHT,12,MOTOR VEHICLE IN TRANSPORT,OLD HICKORY BLVD & BRENTWOOD CHASE DR,BRENTWOOD,TN,37027,8621,MIDTOW,36.0402,-86.7523,POINT (-86.7523 36.0402)
20190575542,08/02/2019 07:00:00 PM,2,0,0,,Y,299238,5,SIDESWIPE - SAME DIRECTION,21,CLEAR,1,DAYLIGHT,12,MOTOR VEHICLE IN TRANSPORT,S 7TH ST & CAYCE PLACE PVTDR,NASHVILLE,TN,37206,1023,EAST,36.1677,-86.757,POINT (-86.757 36.1677)
20190051539,01/20/2019 01:47:00 PM,2,0,0,,N,299249,4,ANGLE,21,CLEAR,1,DAYLIGHT,12,MOTOR VEHICLE IN TRANSPORT,JACKSONIAN DR & BONNAVENT DR,HERMITAGE,TN,37076,9603,HERMIT,36.2096,-86.6358,POINT (-86.6358 36.2096)
20190560266,07/27/2019 05:23:00 PM,2,0,0,,Y,298874,9,UNKNOWN,21,CLEAR,1,DAYLIGHT,12;14,MOTOR VEHICLE IN TRANSPORT;PARKED MOTOR VEHICLE,CHAPEL AV & EASTLAND AV,NASHVILLE,TN,37206,1315,EAST,36.1828,-86.7357,POINT (-86.7357 36.1828)
20190497679,07/02/2019 05:56:00 AM,2,0,0,,N,405447,11,Front to Rear,21,CLEAR,1,DAYLIGHT,12,MOTOR VEHICLE IN TRANSPORT,I440 W ENT RAMP & I 24,NASHVILLE,TN,37217,8801,SOUTH,36.1232,-86.7263,POINT (-86.7263 36.1232)
20190270608,04/08/2019 05:15:00 PM,2,1,0,,N,299241,4,ANGLE,21,CLEAR,1,DAYLIGHT,12,MOTOR VEHICLE IN TRANSPORT,MM 221 4 I 40,HERMITAGE,TN,37076,95020,HERMIT,36.17,-86.5912,POINT (-86.5912 36.17)
20190013920,01/06/2019 12:55:00 PM,2,0,0,,N,330438,5,SIDESWIPE - SAME DIRECTION,21,CLEAR,1,DAYLIGHT,12,MOTOR VEHICLE IN TRANSPORT,HIGHWAY 100 & WARNER NATURE CTR PVTDR,NASHVILLE,TN,37221,6213,WEST,36.0611,-86.9131,POINT (-86.9131 36.0611)
20190465291,06/19/2019 02:00:00 PM,3,0,0,,N,256380,4,ANGLE,21,CLEAR,1,DAYLIGHT,12,MOTOR VEHICLE IN TRANSPORT,CHARLOTTE AV & 21ST AVN,NASHVILLE,TN,37203,5607,MIDTOW,36.1565,-86.8064,POINT (-86.8064 36.1565)
20190527444,07/14/2019 09:51:00 PM,2,1,0,,N,256386,11,Front to Rear,21,CLEAR,3,DARK - LIGHTED,12,MOTOR VEHICLE IN TRANSPORT,BELL RD & DODSON CHAPEL RD,HERMITAGE,TN,37076,9501,HERMIT,36.1632,-86.6131,POINT (-86.6131 36.1632)
20190471069,06/21/2019 11:17:00 AM,2,0,0,,N,834798,5,SIDESWIPE - SAME DIRECTION,21,CLEAR,1,DAYLIGHT,12,MOTOR VEHICLE IN TRANSPORT,DIVISION ST & DEMONBREUN ST,NASHVILLE,TN,37203,5701,MIDTOW,36.1522,-86.7914,POINT (-86.7914 36.1522)
20190489251,06/28/2019 05:24:00 PM,2,1,0,,N,256380,11,Front to Rear,21,CLEAR,1,DAYLIGHT,12,MOTOR VEHICLE IN TRANSPORT,ROSA L PARKS BLVD & I65 N ENT RAMP,NASHVILLE,TN,37208,4353,NORTH,36.184,-86.798,POINT (-86.798 36.184)
20190281077,04/12/2019 08:25:00 AM,2,0,0,,N,665896,4,ANGLE,2,RAIN,1,DAYLIGHT,12,MOTOR VEHICLE IN TRANSPORT,EDWIN ST & LISCHEY AV,NASHVILLE,TN,37207,1857,EAST,36.2042,-86.7606,POINT (-86.7606 36.2042)
20190568928,07/31/2019 08:45:00 AM,2,0,0,,N,156307,4,ANGLE,21,CLEAR,1,DAYLIGHT,12,MOTOR VEHICLE IN TRANSPORT,MM 208 0 I 40,NASHVILLE,TN,37208,54022,NORTH,36.1707,-86.7983,POINT (-86.7983 36.1707)
20190250872,04/01/2019 12:20:00 PM,2,0,0,,N,267831,4,ANGLE,21,CLEAR,1,DAYLIGHT,12,MOTOR VEHICLE IN TRANSPORT,CHARLOTTE AV & 54TH AVN,NASHVILLE,TN,37209,5119,WEST,36.1512,-86.8534,POINT (-86.8534 36.1512)
20190493785,06/30/2019 04:40:00 PM,2,0,0,,N,433550,11,Front to Rear,21,CLEAR,1,DAYLIGHT,14,PARKED MOTOR VEHICLE,OLD HICKORY BLVD & RACHELS LN,OLD HICKORY,TN,37138,9739,HERMIT,36.2125,-86.6227,POINT (-86.6227 36.2125)
20190410294,05/29/2019 01:35:00 PM,2,2,0,,N,343522,11,Front to Rear,21,CLEAR,1,DAYLIGHT,12,MOTOR VEHICLE IN TRANSPORT,MCCRORY LN & NEWSOM STATION RD,NASHVILLE,TN,37221,4713,WEST,36.0784,-87.0219,POINT (-87.0219 36.0784)
20190114033,02/11/2019 10:00:00 PM,2,0,0,,N,608786,4,ANGLE,2,RAIN,3,DARK - LIGHTED,12,MOTOR VEHICLE IN TRANSPORT,DUPONT AV & GALLATIN PKEN,MADISON,TN,37115,1701,MADISO,36.2669,-86.7109,POINT (-86.7109 36.2669)
20190211024,03/18/2019 12:00:00 AM,2,0,0,,Y,311333,4,ANGLE,99,UNKNOWN,9,UNKNOWN,14,PARKED MOTOR VEHICLE,1 INTERSTATE DR,NASHVILLE,TN,37213,1105,CENTRA,36.1706,-86.7689,POINT (-86.7689 36.1706)
20190275191,04/10/2019 07:10:00 AM,2,1,0,,N,226134,4,ANGLE,21,CLEAR,1,DAYLIGHT,12,MOTOR VEHICLE IN TRANSPORT,BELL RD & CEDAR POINTE PKWY,ANTIOCH,TN,37013,8753,SOUTH,36.0449,-86.6671,POINT (-86.6671 36.0449)
20190063504,01/24/2019 06:30:00 PM,2,0,0,,N,419972,11,Front to Rear,21,CLEAR,3,DARK - LIGHTED,12,MOTOR VEHICLE IN TRANSPORT,MM 2 3 I 440,NASHVILLE,TN,37215,6006,WEST,36.1262,-86.8146,POINT (-86.8146 36.1262)
20190200811,03/14/2019 04:19:00 PM,2,0,0,,Y,311803,5,SIDESWIPE - SAME DIRECTION,21,CLEAR,1,DAYLIGHT,12,MOTOR VEHICLE IN TRANSPORT,I40 W EXT RAMP & I 40,NASHVILLE,TN,37203,4119,CENTRA,36.1574,-86.79,POINT (-86.79 36.1574)
20190030720,01/12/2019 05:11:00 PM,3,2,0,,N,161946,4,ANGLE,2,RAIN,3,DARK - LIGHTED,12;13;14,MOTOR VEHICLE IN TRANSPORT;MOTOR VEHICLE IN TRANSPORT-OTHER ROADWAY;PARKED MOTOR VEHICLE,SPRING ST & N 1ST ST,NASHVILLE,TN,37213,1985,CENTRA,36.177,-86.7746,POINT (-86.7746 36.177)
20190024331,01/10/2019 08:25:00 AM,2,0,0,,N,191578,11,Front to Rear,21,CLEAR,1,DAYLIGHT,12,MOTOR VEHICLE IN TRANSPORT,LEBANON PKE & WILOWEN DR,NASHVILLE,TN,37210,9019,HERMIT,36.159,-86.7047,POINT (-86.7047 36.159)
20190115796,02/12/2019 11:56:00 AM,1,1,0,,N,716886,0,NOT COLLISION W/MOTOR VEHICLE-TRANSPORT,2,RAIN,1,DAYLIGHT,9,,MCGAVOCK PKE & MURFREESBORO PKE,NASHVILLE,TN,37217,8835,SOUTH,36.1119,-86.6892,POINT (-86.6892 36.1119)
20190055705,01/22/2019 12:00:00 AM,1,0,0,,Y,256495,0,NOT COLLISION W/MOTOR VEHICLE-TRANSPORT,21,CLEAR,3,DARK - LIGHTED,42,TREE,BATAVIA ST & 30TH AVN,NASHVILLE,TN,37209,45041,NORTH,36.161,-86.8211,POINT (-86.8211 36.161)
20190309731,04/22/2019 04:50:00 PM,3,1,0,,N,887598,4,ANGLE,21,CLEAR,1,DAYLIGHT,12,MOTOR VEHICLE IN TRANSPORT,JONES AV & DELLWAY DR,NASHVILLE,TN,37207,1831,EAST,36.2138,-86.7565,POINT (-86.7565 36.2138)
20190350397,05/07/2019 12:01:00 PM,2,0,0,,N,716886,98,OTHER,21,CLEAR,1,DAYLIGHT,12,MOTOR VEHICLE IN TRANSPORT,MM 60 3 I 24,ANTIOCH,TN,37013,8704,SOUTH,36.037,-86.6459,POINT (-86.6459 36.037)
20190171184,03/04/2019 11:42:00 AM,2,0,0,,N,551975,5,SIDESWIPE - SAME DIRECTION,21,CLEAR,1,DAYLIGHT,12,MOTOR VEHICLE IN TRANSPORT,JEFFERSON ST & ROSA L PARKS BLVD,NASHVILLE,TN,37208,4239,NORTH,36.1733,-86.7914,POINT (-86.7914 36.1733)
20190313198,04/23/2019 02:45:00 PM,2,0,0,,N,279224,11,Front to Rear,21,CLEAR,1,DAYLIGHT,12,MOTOR VEHICLE IN TRANSPORT,JAMES ROBERTSON PKWY & ELLINGTON PKWY N,NASHVILLE,TN,37206,1109,EAST,36.1718,-86.768,POINT (-86.768 36.1718)
20190519847,07/11/2019 12:30:00 PM,2,0,0,,N,352156,11,Front to Rear,21,CLEAR,1,DAYLIGHT,12,MOTOR VEHICLE IN TRANSPORT,0 NOLENSVILLE PKE,NASHVILLE,TN,37211,8661,MIDTOW,36.0769,-86.7255,POINT (-86.7255 36.0769)
20190370330,05/15/2019 12:25:00 AM,2,0,0,,Y,191786,4,ANGLE,21,CLEAR,3,DARK - LIGHTED,12;14,MOTOR VEHICLE IN TRANSPORT;PARKED MOTOR VEHICLE,27TH AVN & HERMAN ST,NASHVILLE,TN,37208,5347,NORTH,36.1624,-86.8175,POINT (-86.8175 36.1624)
20190245958,03/30/2019 10:00:00 AM,2,1,0,,N,256502,4,ANGLE,21,CLEAR,1,DAYLIGHT,12,MOTOR VEHICLE IN TRANSPORT,ROSA L PARKS BLVD & I65 S EXT RAMP,NASHVILLE,TN,37208,4405,NORTH,36.1861,-86.7984,POINT (-86.7984 36.1861)
20190189111,03/10/2019 05:17:00 PM,3,3,0,,N,298867,11,Front to Rear,21,CLEAR,1,DAYLIGHT,12,MOTOR VEHICLE IN TRANSPORT,MM 49 5 I 24,NASHVILLE,TN,37210,4008,CENTRA,36.1588,-86.7604,POINT (-86.7604 36.1588)
20190356145,05/09/2019 11:15:00 AM,2,3,0,,N,137872,4,ANGLE,2,RAIN,1,DAYLIGHT,12,MOTOR VEHICLE IN TRANSPORT,DONELSON PKE & I40 W ENT RAMP,NASHVILLE,TN,37214,9103,HERMIT,36.143,-86.6667,POINT (-86.6667 36.143)
20190313581,04/23/2019 04:27:00 PM,2,0,0,,N,267831,4,ANGLE,21,CLEAR,1,DAYLIGHT,12,MOTOR VEHICLE IN TRANSPORT,CHARLOTTE PKE & I40 E ENT RAMP,NASHVILLE,TN,37205,5007,WEST,36.1319,-86.8955,POINT (-86.8955 36.1319)
20190161613,02/28/2019 01:15:00 PM,2,0,0,,Y,716886,5,SIDESWIPE - SAME DIRECTION,21,CLEAR,1,DAYLIGHT,12,MOTOR VEHICLE IN TRANSPORT,MM 55 4 I 24,NASHVILLE,TN,37211,8812,SOUTH,36.0901,-86.7031,POINT (-86.7031 36.0901)
20190250389,04/01/2019 08:35:00 AM,2,0,0,,N,311799,4,ANGLE,21,CLEAR,1,DAYLIGHT,12,MOTOR VEHICLE IN TRANSPORT,CHADWELL DR & S GRAYCROFT AV,MADISON,TN,37115,1779,MADISO,36.2549,-86.733,POINT (-86.733 36.2549)
20190309037,04/22/2019 12:44:00 PM,1,0,0,,N,544481,0,NOT COLLISION W/MOTOR VEHICLE-TRANSPORT,21,CLEAR,1,DAYLIGHT,24;30;63,GUARDRAIL FACE;UTILITY POLE;Ran Off Road-Right,MM 48 3 I 24,NASHVILLE,TN,37213,11080,CENTRA,36.1722,-86.7689,POINT (-86.7689 36.1722)
20190402970,05/26/2019 09:14:00 PM,2,1,0,,N,345098,4,ANGLE,21,CLEAR,2,DARK - NOT LIGHTED,12,MOTOR VEHICLE IN TRANSPORT,MURFREESBORO PKE & HOBSON PKE,ANTIOCH,TN,37013,8927,SOUTH,36.043,-86.6066,POINT (-86.6066 36.043)
20190048821,01/19/2019 04:28:00 AM,1,1,0,,N,109522,0,NOT COLLISION W/MOTOR VEHICLE-TRANSPORT,2,RAIN,3,DARK - LIGHTED,36,CONCRETE TRAFFIC BARRIER,MM 202 7 I 40,NASHVILLE,TN,37209,50022,WEST,36.1468,-86.8781,POINT (-86.8781 36.1468)
20190491370,06/29/2019 03:33:00 PM,2,0,0,,Y,352188,5,SIDESWIPE - SAME DIRECTION,21,CLEAR,1,DAYLIGHT,12,MOTOR VEHICLE IN TRANSPORT,MM 47 0 I 24,NASHVILLE,TN,37207,1910,CENTRA,36.1886,-86.7761,POINT (-86.7761 36.1886)
20190269432,04/08/2019 08:10:00 AM,3,0,0,,N,225773,4,ANGLE,2,RAIN,1,DAYLIGHT,12,MOTOR VEHICLE IN TRANSPORT,HARDING PL & SIDCO DR,NASHVILLE,TN,37220,8601,MIDTOW,36.0819,-86.7612,POINT (-86.7612 36.0819)
20190041228,01/16/2019 01:20:00 PM,2,0,0,,N,716886,11,Front to Rear,21,CLEAR,1,DAYLIGHT,12,MOTOR VEHICLE IN TRANSPORT,I24 E ENT RAMP & I 24,NASHVILLE,TN,37213,1007,CENTRA,36.1662,-86.7659,POINT (-86.7659 36.1662)
20190286513,04/14/2019 02:49:00 PM,2,0,0,,N,299266,11,Front to Rear,22,CLOUDY,1,DAYLIGHT,12,MOTOR VEHICLE IN TRANSPORT,PACKARD DR & TUSCULUM RD,ANTIOCH,TN,37013,8713,SOUTH,36.0594,-86.7075,POINT (-86.7075 36.0594)
20190019998,01/08/2019 07:47:00 PM,1,1,0,,N,151132,0,NOT COLLISION W/MOTOR VEHICLE-TRANSPORT,21,CLEAR,3,DARK - LIGHTED,42;63,TREE;Ran Off Road-Right,HUDSON RD & MENEES LN,MADISON,TN,37115,1637,MADISO,36.2176,-86.6532,POINT (-86.6532 36.2176)
20190056104,01/22/2019 09:24:00 AM,2,0,0,,N,212369,11,Front to Rear,21,CLEAR,1,DAYLIGHT,12,MOTOR VEHICLE IN TRANSPORT,MM 82 1 I 65,NASHVILLE,TN,37203,80061,MIDTOW,36.1449,-86.777,POINT (-86.777 36.1449)
20190515680,07/09/2019 09:35:00 PM,2,0,0,,Y,212342,11,Front to Rear,21,CLEAR,3,DARK - LIGHTED,12,MOTOR VEHICLE IN TRANSPORT,KAREN DR & BRILEY PKWY,NASHVILLE,TN,37217,8827,HERMIT,36.1395,-86.7005,POINT (-86.7005 36.1395)
20190165482,03/01/2019 09:50:00 PM,2,0,0,,N,279117,4,ANGLE,21,CLEAR,2,DARK - NOT LIGHTED,12,MOTOR VEHICLE IN TRANSPORT,E TRINITY LN & OAKWOOD AV,NASHVILLE,TN,37207,1887,EAST,36.2048,-86.7524,POINT (-86.7524 36.2048)
20190335782,05/01/2019 06:21:00 PM,1,4,0,,N,224437,0,NOT COLLISION W/MOTOR VEHICLE-TRANSPORT,21,CLEAR,3,DARK - LIGHTED,32;42,CULVERT;TREE,3500 DOVE CREEK RD,ANTIOCH,TN,37013,8925,SOUTH,36.0735,-86.5987,POINT (-86.5987 36.0735)
20190150219,02/24/2019 12:00:00 AM,2,0,0,,N,298877,4,ANGLE,21,CLEAR,1,DAYLIGHT,12,MOTOR VEHICLE IN TRANSPORT,THOMPSON LN & LOGAN ST,NASHVILLE,TN,37211,8425,SOUTH,36.1107,-86.7419,POINT (-86.7419 36.1107)
20190354225,05/08/2019 05:50:00 PM,2,1,0,,N,256427,4,ANGLE,21,CLEAR,1,DAYLIGHT,12,MOTOR VEHICLE IN TRANSPORT,CLAIBORNE ST & CANNON ST,NASHVILLE,TN,37210,8209,HERMIT,36.15,-86.7609,POINT (-86.7609 36.15)
20190422030,06/03/2019 05:47:00 AM,2,1,0,,Y,256382,11,Front to Rear,21,CLEAR,3,DARK - LIGHTED,12,MOTOR VEHICLE IN TRANSPORT,MM 212 8 I 40,NASHVILLE,TN,37210,90040,HERMIT,36.1425,-86.7353,POINT (-86.7353 36.1425)
20190473002,06/22/2019 08:30:00 AM,2,1,0,,N,799013,11,Front to Rear,22,CLOUDY,1,DAYLIGHT,12,MOTOR VEHICLE IN TRANSPORT,WILFORD DR & MCGAVOCK PKE,NASHVILLE,TN,37214,9211,HERMIT,36.2029,-86.6782,POINT (-86.6782 36.2029)
20190473591,06/22/2019 04:15:00 PM,2,0,0,,N,298877,11,Front to Rear,21,CLEAR,1,DAYLIGHT,12,MOTOR VEHICLE IN TRANSPORT,MURFREESBORO PKE & OLD MURFREESBORO PKE,NASHVILLE,TN,37217,8849,SOUTH,36.1046,-86.6694,POINT (-86.6694 36.1046)
20190318076,04/25/2019 01:47:00 AM,1,1,0,,N,192378,0,NOT COLLISION W/MOTOR VEHICLE-TRANSPORT,22,CLOUDY,3,DARK - LIGHTED,1;64,Ran Off Road-Left,0 I24 E EXT RAMP,NASHVILLE,TN,37211,8443,SOUTH,36.0868,-86.701,POINT (-86.701 36.0868)
20190077275,01/29/2019 05:20:00 PM,2,0,0,,N,330422,11,Front to Rear,21,CLEAR,5,DUSK,12,MOTOR VEHICLE IN TRANSPORT,GALLATIN AV & STRAIGHTWAY AV,NASHVILLE,TN,37206,1325,EAST,36.1935,-86.744,POINT (-86.744 36.1935)
20190100836,02/06/2019 05:08:00 PM,2,0,0,,N,690942,4,ANGLE,2,RAIN,5,DUSK,1;12,MOTOR VEHICLE IN TRANSPORT,WOODLAND ST & S 2ND ST,NASHVILLE,TN,37213,1105,CENTRA,36.1698,-86.7703,POINT (-86.7703 36.1698)
20190181713,03/07/2019 04:07:00 PM,2,0,0,,N,206675,4,ANGLE,21,CLEAR,1,DAYLIGHT,12,MOTOR VEHICLE IN TRANSPORT,EAST ARGYLE AV & 8TH AVS,NASHVILLE,TN,37203,6905,MIDTOW,36.1362,-86.7789,POINT (-86.7789 36.1362)
20190434871,06/07/2019 12:00:00 AM,2,0,0,,Y,320577,11,Front to Rear,21,CLEAR,1,DAYLIGHT,14,PARKED MOTOR VEHICLE,MAGNOLIA RD & HONEYSUCKLE RD,NASHVILLE,TN,37204,8033,MIDTOW,36.1312,-86.7715,POINT (-86.7715 36.1312)
20190509954,07/07/2019 06:15:00 AM,1,0,0,,N,110064,0,NOT COLLISION W/MOTOR VEHICLE-TRANSPORT,21,CLEAR,1,DAYLIGHT,72,EMBANKMENT ROCK/STONE/CONCRETE,MURFREESBORO PKE & KERMIT DR,NASHVILLE,TN,37217,8823,HERMIT,36.1215,-86.7045,POINT (-86.7045 36.1215)
20190446269,06/12/2019 08:00:00 AM,2,0,0,,N,352184,11,Front to Rear,21,CLEAR,1,DAYLIGHT,12,MOTOR VEHICLE IN TRANSPORT,SHELBY AV & I24 W ENT RAMP,NASHVILLE,TN,37213,1002,CENTRA,36.1666,-86.7649,POINT (-86.7649 36.1666)
20190464487,06/19/2019 08:06:00 AM,2,0,0,,N,462474,11,Front to Rear,22,CLOUDY,1,DAYLIGHT,12,MOTOR VEHICLE IN TRANSPORT,FRANKLIN PKE & LAMBERT DR,NASHVILLE,TN,37220,7101,MIDTOW,36.0802,-86.7728,POINT (-86.7728 36.0802)
20190184064,03/08/2019 11:00:00 AM,2,1,0,,Y,256428,5,SIDESWIPE - SAME DIRECTION,2,RAIN,98,OTHER,12,MOTOR VEHICLE IN TRANSPORT,W TRINITY LN & E TRINITY LN,NASHVILLE,TN,37207,1863,EAST,36.2059,-86.7688,POINT (-86.7688 36.2059)
20190426979,06/04/2019 10:20:00 PM,2,0,0,,N,311343,4,ANGLE,21,CLEAR,3,DARK - LIGHTED,12,MOTOR VEHICLE IN TRANSPORT,MM 3 2 I 440,NASHVILLE,TN,37215,6422,MIDTOW,36.1177,-86.8005,POINT (-86.8005 36.1177)
20190511784,07/08/2019 07:56:00 AM,2,0,0,,N,140808,5,SIDESWIPE - SAME DIRECTION,21,CLEAR,1,DAYLIGHT,12,MOTOR VEHICLE IN TRANSPORT,KOREAN VETERANS BLVD & 1ST AVS,NASHVILLE,TN,37201,4047,CENTRA,36.1583,-86.7719,POINT (-86.7719 36.1583)
20190546053,07/22/2019 06:55:00 AM,3,1,0,,N,109534,11,Front to Rear,22,CLOUDY,1,DAYLIGHT,12,MOTOR VEHICLE IN TRANSPORT,ROBINSON RD & MARTINGALE DR,OLD HICKORY,TN,37138,9619,HERMIT,36.2562,-86.6545,POINT (-86.6545 36.2562)
20190543179,07/20/2019 09:00:00 PM,2,1,0,,Y,299266,11,Front to Rear,2,RAIN,3,DARK - LIGHTED,12,MOTOR VEHICLE IN TRANSPORT,MURFREESBORO PKE & MOUNTAIN SPRINGS RD,ANTIOCH,TN,37013,8927,SOUTH,36.0478,-86.6121,POINT (-86.6121 36.0478)
20190471203,06/21/2019 01:06:00 PM,2,1,0,,N,665896,11,Front to Rear,21,CLEAR,1,DAYLIGHT,12,MOTOR VEHICLE IN TRANSPORT,DICKERSON PKE & OAK VALLEY DR,NASHVILLE,TN,37207,1811,EAST,36.2305,-86.7591,POINT (-86.7591 36.2305)
20190172258,03/04/2019 06:51:00 PM,2,1,0,,N,151132,5,SIDESWIPE - SAME DIRECTION,21,CLEAR,3,DARK - LIGHTED,12,MOTOR VEHICLE IN TRANSPORT,BRILEY PKWYW & PENNINGTON BEND RD,NASHVILLE,TN,37214,92860,HERMIT,36.2357,-86.71,POINT (-86.71 36.2357)
20190340298,05/03/2019 10:18:00 AM,2,0,0,,N,109534,11,Front to Rear,2,RAIN,1,DAYLIGHT,12,MOTOR VEHICLE IN TRANSPORT,MM 211 8 I 40,NASHVILLE,TN,37210,90022,HERMIT,36.149,-86.7465,POINT (-86.7465 36.149)
20190371901,05/15/2019 12:12:00 PM,2,0,0,,N,352169,11,Front to Rear,21,CLEAR,1,DAYLIGHT,12,MOTOR VEHICLE IN TRANSPORT,HILLSBORO PKE & HEMINGWAY DR,NASHVILLE,TN,37215,6203,WEST,36.0797,-86.8361,POINT (-86.8361 36.0797)
20190213070,03/19/2019 08:49:00 AM,2,0,0,,N,226673,98,OTHER,21,CLEAR,1,DAYLIGHT,12,MOTOR VEHICLE IN TRANSPORT,UNION ST & CAPITOL BLVD,NASHVILLE,TN,37219,4143,CENTRA,36.1637,-86.7829,POINT (-86.7829 36.1637)
20190471090,06/21/2019 12:10:00 PM,2,0,0,,Y,352205,5,SIDESWIPE - SAME DIRECTION,21,CLEAR,1,DAYLIGHT,12,MOTOR VEHICLE IN TRANSPORT,I40 E EXT RAMP & BROADWAY,NASHVILLE,TN,37203,5701,MIDTOW,36.1557,-86.7897,POINT (-86.7897 36.1557)
20190486206,06/27/2019 02:30:00 PM,2,0,0,,N,298863,4,ANGLE,21,CLEAR,1,DAYLIGHT,12,MOTOR VEHICLE IN TRANSPORT,4TH AVS & KOREAN VETERANS BLVD,NASHVILLE,TN,37201,4047,CENTRA,36.1569,-86.7745,POINT (-86.7745 36.1569)
20190127820,02/16/2019 12:05:00 PM,2,1,0,,N,212318,11,Front to Rear,21,CLEAR,1,DAYLIGHT,12,MOTOR VEHICLE IN TRANSPORT,OLD HICKORY BLVD & I65 N EXT RAMP,BRENTWOOD,TN,37027,8623,MIDTOW,36.0399,-86.781,POINT (-86.781 36.0399)
20190167002,03/02/2019 03:15:00 PM,3,1,0,,N,256446,11,Front to Rear,21,CLEAR,1,DAYLIGHT,12,MOTOR VEHICLE IN TRANSPORT,ANTIOCH PKE & METROPLEX DR,NASHVILLE,TN,37211,8845,SOUTH,36.0959,-86.7022,POINT (-86.7022 36.0959)
20190475793,06/23/2019 09:50:00 PM,2,0,0,Y,Y,320577,4,ANGLE,2,RAIN,3,DARK - LIGHTED,1;12;30,MOTOR VEHICLE IN TRANSPORT;UTILITY POLE,MCMURRAY DR & AMALIE DR,NASHVILLE,TN,37211,8657,MIDTOW,36.0545,-86.7253,POINT (-86.7253 36.0545)
20190524929,07/13/2019 03:21:00 PM,2,0,0,,Y,279225,11,Front to Rear,21,CLEAR,1,DAYLIGHT,12,MOTOR VEHICLE IN TRANSPORT,WILHAGAN RD & MURFREESBORO PKE,NASHVILLE,TN,37217,8815,HERMIT,36.0833,-86.702,POINT (-86.702 36.0833)
20190343177,05/04/2019 03:39:00 PM,2,0,0,,Y,330435,11,Front to Rear,22,CLOUDY,1,DAYLIGHT,12;14,MOTOR VEHICLE IN TRANSPORT;PARKED MOTOR VEHICLE,DICKERSON PKE & GATEWOOD AV,NASHVILLE,TN,37207,1861,EAST,36.2009,-86.7697,POINT (-86.7697 36.2009)
20190382960,05/19/2019 03:20:00 PM,2,1,0,,N,209184,4,ANGLE,2,RAIN,1,DAYLIGHT,12,MOTOR VEHICLE IN TRANSPORT,OLD HICKORY BLVD & LOGISTICS WAY,ANTIOCH,TN,37013,8869,SOUTH,36.0286,-86.614,POINT (-86.614 36.0286)
20190508743,07/06/2019 01:20:00 PM,1,1,0,Y,N,279230,0,NOT COLLISION W/MOTOR VEHICLE-TRANSPORT,21,CLEAR,1,DAYLIGHT,30,UTILITY POLE,ANTIOCH PIKE & DUMAS DR,NASHVILLE,TN,37211,8429,SOUTH,36.1009,-86.7243,POINT (-86.7243 36.1009)
20190324928,04/27/2019 03:52:00 PM,2,0,0,,N,256417,4,ANGLE,21,CLEAR,1,DAYLIGHT,12,MOTOR VEHICLE IN TRANSPORT,I40 E EXT RAMP & I 40,NASHVILLE,TN,37214,8955,HERMIT,36.155,-86.6271,POINT (-86.6271 36.155)
20190014235,01/06/2019 04:35:00 PM,3,0,0,,N,429193,11,Front to Rear,21,CLEAR,5,DUSK,12,MOTOR VEHICLE IN TRANSPORT,HWY 100 & PRIVATE DR,NASHVILLE,TN,37221,4819,WEST,36.0599,-86.9187,POINT (-86.9187 36.0599)