Accident Number,Date and Time,Number of Motor Vehicles,Number of Injuries,Number of Fatalities,Property Damage,Hit and Run,Reporting Officer,Collision Type Code,Collision Type Description,Weather Code,Weather Description,Illumination Code,Illumination Description,Harmful Code,Harmful Code Description,Street Address,City,State,ZIP,RPA,Precinct,Latitude,Longitude,Mapped Location
20190199538,03/13/2019 12:00:00 AM,2,0,0,,Y,665896,9,UNKNOWN,99,UNKNOWN,9,UNKNOWN,12;14,MOTOR VEHICLE IN TRANSPORT;PARKED MOTOR VEHICLE,6500 HARDING PKE,NASHVILLE,TN,37205,4911,WEST,36.09,-86.8905,POINT (-86.8905 36.09)
20190522303,07/12/2019 12:00:00 AM,1,0,0,Y,Y,306231,0,NOT COLLISION W/MOTOR VEHICLE-TRANSPORT,99,UNKNOWN,9,UNKNOWN,38,FENCE,BUENA VISTA PKE & MATTIE ST,NASHVILLE,TN,37218,3101,NORTH,36.2,-86.8253,POINT (-86.8253 36.2)
20190341215,05/03/2019 04:34:00 PM,2,0,0,,N,299257,4,ANGLE,21,CLEAR,1,DAYLIGHT,12,MOTOR VEHICLE IN TRANSPORT,I65 S ENT RAMP & I65 S EXT RAMP,NASHVILLE,TN,37204,6945,MIDTOW,36.1342,-86.7764,POINT (-86.7764 36.1342)
20190086775,02/01/2019 02:00:00 PM,2,0,0,,N,309262,4,ANGLE,21,CLEAR,1,DAYLIGHT,12,MOTOR VEHICLE IN TRANSPORT,MYATT DR & ANDERSON LN,MADISON,TN,37115,1715,MADISO,36.2728,-86.6895,POINT (-86.6895 36.2728)
20190279293,04/11/2019 04:25:00 PM,2,2,0,,N,256439,4,ANGLE,21,CLEAR,1,DAYLIGHT,12,MOTOR VEHICLE IN TRANSPORT,ELM HILL PKE & NELSON PL,NASHVILLE,TN,37214,9105,HERMIT,36.1493,-86.6678,POINT (-86.6678 36.1493)
20190326684,04/28/2019 12:25:00 PM,2,1,0,,N,343522,11,Front to Rear,21,CLEAR,1,DAYLIGHT,12,MOTOR VEHICLE IN TRANSPORT,OLD HICKORY BLVD & TIDWELL RD,NASHVILLE,TN,37209,4701,WEST,36.1145,-86.923,POINT (-86.923 36.1145)
20190277085,04/10/2019 08:36:00 PM,2,1,0,,N,256446,4,ANGLE,21,CLEAR,3,DARK - LIGHTED,12,MOTOR VEHICLE IN TRANSPORT,NOLENSVILLE PKE & OLD HICKORY BLVD,NASHVILLE,TN,37211,8717,SOUTH,36.0454,-86.7133,POINT (-86.7133 36.0454)
20190265700,04/06/2019 05:55:00 PM,2,0,0,,N,279214,11,Front to Rear,21,CLEAR,1,DAYLIGHT,12,MOTOR VEHICLE IN TRANSPORT,I65 N EXT RAMP & I 65,NASHVILLE,TN,37207,1863,EAST,36.2057,-86.7747,POINT (-86.7747 36.2057)
20190069426,01/26/2019 11:20:00 PM,2,0,0,,N,299269,4,ANGLE,21,CLEAR,2,DARK - NOT LIGHTED,12,MOTOR VEHICLE IN TRANSPORT,KINGVIEW DR & KINGVIEW CT,NASHVILLE,TN,37218,3141,NORTH,36.2151,-86.8355,POINT (-86.8355 36.2151)
20190144639,02/22/2019 09:57:00 AM,1,0,0,,N,311804,0,NOT COLLISION W/MOTOR VEHICLE-TRANSPORT,2,RAIN,1,DAYLIGHT,33,CURB,UNION ST & 1ST AVN,NASHVILLE,TN,37201,4163,CENTRA,36.1667,-86.7772,POINT (-86.7772 36.1667)
20190468687,06/20/2019 04:05:00 PM,2,0,0,,N,299257,4,ANGLE,21,CLEAR,1,DAYLIGHT,12,MOTOR VEHICLE IN TRANSPORT,FORT NEGLEY BLVD & CHESTNUT ST,NASHVILLE,TN,37203,8007,MIDTOW,36.1421,-86.7758,POINT (-86.7758 36.1421)
20190309535,04/22/2019 02:55:00 PM,2,0,0,,Y,151132,5,SIDESWIPE - SAME DIRECTION,21,CLEAR,1,DAYLIGHT,12,MOTOR VEHICLE IN TRANSPORT,GALLATIN PKEN & RIVERGATE MARKETPLACE PV,MADISON,TN,37115,1731,MADISO,36.3044,-86.6895,POINT (-86.6895 36.3044)
20190546841,07/22/2019 01:22:00 PM,2,0,0,,N,140808,4,ANGLE,22,CLOUDY,1,DAYLIGHT,12,MOTOR VEHICLE IN TRANSPORT,OLD HICKORY BLVD & S HILLVIEW DR,NASHVILLE,TN,37220,7111,MIDTOW,36.0375,-86.791,POINT (-86.791 36.0375)
20190571299,08/01/2019 06:31:00 AM,1,3,0,,N,716886,0,NOT COLLISION W/MOTOR VEHICLE-TRANSPORT,21,CLEAR,1,DAYLIGHT,1;34,DITCH,MURFREESBORO PKE & HAMILTON CHURCH RD,ANTIOCH,TN,37013,8865,SOUTH,36.0649,-86.6286,POINT (-86.6286 36.0649)
20190346506,05/06/2019 06:45:00 AM,6,0,0,,N,226092,5,SIDESWIPE - SAME DIRECTION,21,CLEAR,1,DAYLIGHT,12;7,MOTOR VEHICLE IN TRANSPORT,MM 207 1 I 40,NASHVILLE,TN,37208,54020,NORTH,36.1698,-86.8093,POINT (-86.8093 36.1698)
20190017269,01/07/2019 06:36:00 PM,2,0,0,,N,256383,5,SIDESWIPE - SAME DIRECTION,21,CLEAR,3,DARK - LIGHTED,12,MOTOR VEHICLE IN TRANSPORT,CANE RIDGE RD & CANEWOOD DR,ANTIOCH,TN,37013,8751,SOUTH,36.0439,-86.6616,POINT (-86.6616 36.0439)
20190352256,05/08/2019 01:13:00 AM,1,0,0,Y,N,298875,0,NOT COLLISION W/MOTOR VEHICLE-TRANSPORT,21,CLEAR,3,DARK - LIGHTED,11;40;63;72,OTHER ANIMAL;MAIL BOX;Ran Off Road-Right;EMBANKMENT ROCK/STONE/CONCRETE,OLD FRANKLIN RD & CANE RIDGE RD,ANTIOCH,TN,37013,8763,SOUTH,36.0287,-86.6494,POINT (-86.6494 36.0287)
20190138206,02/20/2019 08:55:00 AM,1,1,0,,N,279230,0,NOT COLLISION W/MOTOR VEHICLE-TRANSPORT,2,RAIN,98,OTHER,36,CONCRETE TRAFFIC BARRIER,MM 56 1 I 24,NASHVILLE,TN,37211,88100,SOUTH,36.0813,-86.697,POINT (-86.697 36.0813)
20190323377,04/26/2019 06:25:00 PM,2,1,0,,N,256380,11,Front to Rear,21,CLEAR,1,DAYLIGHT,12,MOTOR VEHICLE IN TRANSPORT,MM 34 8 I 24,JOELTON,TN,37080,33160,NORTH,36.3243,-86.8707,POINT (-86.8707 36.3243)
20190391153,05/22/2019 12:38:00 PM,3,0,0,,N,834798,4,ANGLE,21,CLEAR,1,DAYLIGHT,12,MOTOR VEHICLE IN TRANSPORT,GLENROSE AV & NOLENSVILLE PKE,NASHVILLE,TN,37210,8109,SOUTH,36.1258,-86.7526,POINT (-86.7526 36.1258)
20190259701,04/04/2019 11:05:00 AM,2,0,0,,N,665896,5,SIDESWIPE - SAME DIRECTION,21,CLEAR,1,DAYLIGHT,12,MOTOR VEHICLE IN TRANSPORT,AMBROSE AV & E TRINITY LN,NASHVILLE,TN,37216,1821,EAST,36.2052,-86.7483,POINT (-86.7483 36.2052)
20190415544,05/31/2019 08:19:00 AM,2,0,0,,N,834798,4,ANGLE,21,CLEAR,1,DAYLIGHT,12,MOTOR VEHICLE IN TRANSPORT,ALLIED DR & TROUSDALE DR,NASHVILLE,TN,37204,8533,MIDTOW,36.0967,-86.7495,POINT (-86.7495 36.0967)
20190193934,03/12/2019 11:15:00 AM,2,0,0,,N,191578,5,SIDESWIPE - SAME DIRECTION,21,CLEAR,1,DAYLIGHT,12,MOTOR VEHICLE IN TRANSPORT,MM 212 3 I 40,NASHVILLE,TN,37210,8206,HERMIT,36.1447,-86.7399,POINT (-86.7399 36.1447)
20190491596,06/29/2019 06:21:00 PM,2,0,0,,N,433550,5,SIDESWIPE - SAME DIRECTION,21,CLEAR,1,DAYLIGHT,12,MOTOR VEHICLE IN TRANSPORT,LEBANON PKE & BONNABROOK DR,HERMITAGE,TN,37076,9531,HERMIT,36.1917,-86.6248,POINT (-86.6248 36.1917)
20190143811,02/22/2019 12:31:00 AM,2,0,0,,Y,405424,5,SIDESWIPE - SAME DIRECTION,2,RAIN,3,DARK - LIGHTED,12;14,MOTOR VEHICLE IN TRANSPORT;PARKED MOTOR VEHICLE,683 LONGHUNTER CT,NASHVILLE,TN,37217,8935,HERMIT,36.0957,-86.6389,POINT (-86.6389 36.0957)
20190372339,05/15/2019 02:28:00 PM,2,0,0,,Y,151132,11,Front to Rear,21,CLEAR,1,DAYLIGHT,12,MOTOR VEHICLE IN TRANSPORT,MYATT DR & GALLATIN PKEN,MADISON,TN,37115,1731,MADISO,36.2967,-86.699,POINT (-86.699 36.2967)
20190488775,06/28/2019 01:08:00 PM,1,1,0,Y,N,716886,0,NOT COLLISION W/MOTOR VEHICLE-TRANSPORT,21,CLEAR,1,DAYLIGHT,30,UTILITY POLE,CANE RIDGE RD & OLD FRANKLIN RD,ANTIOCH,TN,37013,8751,SOUTH,36.0316,-86.654,POINT (-86.654 36.0316)
20190309971,04/22/2019 06:19:00 PM,2,2,0,,N,429193,11,Front to Rear,21,CLEAR,1,DAYLIGHT,12,MOTOR VEHICLE IN TRANSPORT,OLD HARDING PKE & SOUTH COLONY DR,NASHVILLE,TN,37221,4809,WEST,36.0523,-86.9522,POINT (-86.9522 36.0523)
20190037736,01/15/2019 10:55:00 AM,2,0,0,,N,226622,11,Front to Rear,22,CLOUDY,1,DAYLIGHT,12,MOTOR VEHICLE IN TRANSPORT,HILLSBORO PKE & GREEN HILLS VILLAGE DR,NASHVILLE,TN,37215,6411,MIDTOW,36.107,-86.8132,POINT (-86.8132 36.107)
20190055978,01/22/2019 08:24:00 AM,2,1,0,,N,594473,4,ANGLE,21,CLEAR,1,DAYLIGHT,12,MOTOR VEHICLE IN TRANSPORT,LAWRENCE AV & 10TH AVS,NASHVILLE,TN,37204,6947,MIDTOW,36.1289,-86.786,POINT (-86.786 36.1289)
20190474381,06/22/2019 10:00:00 PM,1,0,0,,N,330419,0,NOT COLLISION W/MOTOR VEHICLE-TRANSPORT,21,CLEAR,3,DARK - LIGHTED,18,OTHER OBJECT (NOT FIXED),MM 93 2 I 65,MADISON,TN,37115,17062,MADISO,36.2787,-86.7343,POINT (-86.7343 36.2787)
20190340646,05/03/2019 12:37:00 PM,2,0,0,,N,584947,4,ANGLE,22,CLOUDY,1,DAYLIGHT,12,MOTOR VEHICLE IN TRANSPORT,MCMURRAY DR & EDMONDSON PKE,NASHVILLE,TN,37211,8657,MIDTOW,36.0547,-86.7416,POINT (-86.7416 36.0547)
20190298227,04/18/2019 07:06:00 AM,2,3,0,,N,226136,4,ANGLE,22,CLOUDY,1,DAYLIGHT,12,MOTOR VEHICLE IN TRANSPORT,OLD HICKORY BLVD & HIGHLAND WAY,NASHVILLE,TN,37211,8651,MIDTOW,36.0398,-86.7409,POINT (-86.7409 36.0398)
20190567150,07/30/2019 04:15:00 PM,2,0,0,,Y,298874,11,Front to Rear,22,CLOUDY,1,DAYLIGHT,12,MOTOR VEHICLE IN TRANSPORT,BRILEY PKWYE & BRILEY PKWY E EXT RAMP,NASHVILLE,TN,37216,1588,EAST,36.2394,-86.7439,POINT (-86.7439 36.2394)
20190377725,05/17/2019 09:29:00 AM,2,0,0,,Y,716886,4,ANGLE,21,CLEAR,1,DAYLIGHT,12,MOTOR VEHICLE IN TRANSPORT,MURFREESBORO PKE & NASHBORO BLVD,ANTIOCH,TN,37013,8891,SOUTH,36.0869,-86.6487,POINT (-86.6487 36.0869)
20190072950,01/28/2019 10:55:00 AM,2,0,0,,N,716886,11,Front to Rear,21,CLEAR,1,DAYLIGHT,12,MOTOR VEHICLE IN TRANSPORT,THOMPSON LN & ST EDWARDS DR,NASHVILLE,TN,37211,8403,SOUTH,36.1103,-86.7383,POINT (-86.7383 36.1103)
20190460622,06/17/2019 09:45:00 PM,2,0,0,,Y,320577,11,Front to Rear,2,RAIN,3,DARK - LIGHTED,12;36,MOTOR VEHICLE IN TRANSPORT;CONCRETE TRAFFIC BARRIER,MM 209 8 I 40,NASHVILLE,TN,37203,4004,CENTRA,36.149,-86.7794,POINT (-86.7794 36.149)
20190300005,04/18/2019 07:08:00 PM,2,0,0,,Y,279194,6,SIDESWIPE - OPPOSITE DIRECTION,2,RAIN,3,DARK - LIGHTED,12,MOTOR VEHICLE IN TRANSPORT,12TH AVN & JEFFERSON ST,NASHVILLE,TN,37208,5429,NORTH,36.1713,-86.7992,POINT (-86.7992 36.1713)
20190425560,06/04/2019 11:01:00 AM,2,1,0,,Y,690942,11,Front to Rear,21,CLEAR,1,DAYLIGHT,12;99,MOTOR VEHICLE IN TRANSPORT;UNKNOWN MOST HARMFUL EVENT,JEFFERSON ST & COWAN ST,NASHVILLE,TN,37213,1987,CENTRA,36.1769,-86.7762,POINT (-86.7762 36.1769)
20190014328,01/06/2019 05:25:00 PM,2,1,0,,N,320577,11,Front to Rear,21,CLEAR,3,DARK - LIGHTED,12,MOTOR VEHICLE IN TRANSPORT,MM 4 7 I 440,NASHVILLE,TN,37204,7014,MIDTOW,36.1157,-86.7771,POINT (-86.7771 36.1157)
20190287985,04/15/2019 05:13:00 AM,2,0,0,,N,256382,5,SIDESWIPE - SAME DIRECTION,21,CLEAR,3,DARK - LIGHTED,12,MOTOR VEHICLE IN TRANSPORT,DONELSON PKE & ROYAL PKWY,NASHVILLE,TN,37214,9411,HERMIT,36.1472,-86.6664,POINT (-86.6664 36.1472)
20190135936,02/19/2019 02:08:00 PM,2,0,0,,N,620072,5,SIDESWIPE - SAME DIRECTION,22,CLOUDY,1,DAYLIGHT,12,MOTOR VEHICLE IN TRANSPORT,16TH AVS & BROADWAY,NASHVILLE,TN,37203,5701,MIDTOW,36.1543,-86.7929,POINT (-86.7929 36.1543)
20190418115,06/01/2019 06:50:00 AM,2,0,0,,N,224824,5,SIDESWIPE - SAME DIRECTION,21,CLEAR,1,DAYLIGHT,12,MOTOR VEHICLE IN TRANSPORT,MM 212 3 I 40,NASHVILLE,TN,37210,8206,HERMIT,36.1447,-86.7399,POINT (-86.7399 36.1447)
20190228614,03/24/2019 03:52:00 PM,2,1,0,,N,206682,11,Front to Rear,21,CLEAR,1,DAYLIGHT,12,MOTOR VEHICLE IN TRANSPORT,GALLATIN PKES & BERKLEY DR,MADISON,TN,37115,1519,MADISO,36.247,-86.721,POINT (-86.721 36.247)
20190183436,03/08/2019 06:23:00 AM,2,0,0,,N,414668,11,Front to Rear,2,RAIN,3,DARK - LIGHTED,12,MOTOR VEHICLE IN TRANSPORT,MM 86 9 I 65,NASHVILLE,TN,37207,3002,NORTH,36.2009,-86.7768,POINT (-86.7768 36.2009)
20190340637,05/03/2019 12:15:00 PM,2,0,0,,Y,420035,11,Front to Rear,21,CLEAR,1,DAYLIGHT,12,MOTOR VEHICLE IN TRANSPORT,GALLATIN PKES & HARRIS ST,MADISON,TN,37115,1605,MADISO,36.2586,-86.7135,POINT (-86.7135 36.2586)
20190564722,07/29/2019 04:49:00 PM,2,0,0,,N,256389,11,Front to Rear,21,CLEAR,1,DAYLIGHT,12,MOTOR VEHICLE IN TRANSPORT,I65 N EXT RAMP & I 65,NASHVILLE,TN,37207,1863,EAST,36.2057,-86.7747,POINT (-86.7747 36.2057)
20190520477,07/11/2019 05:36:00 PM,3,2,0,,N,151132,11,Front to Rear,21,CLEAR,1,DAYLIGHT,12,MOTOR VEHICLE IN TRANSPORT,DUE WEST AVW & S GRAYCROFT AV,MADISON,TN,37115,1799,MADISO,36.2492,-86.7345,POINT (-86.7345 36.2492)
20190505591,07/05/2019 02:35:00 AM,1,0,0,,N,240944,0,NOT COLLISION W/MOTOR VEHICLE-TRANSPORT,21,CLEAR,3,DARK - LIGHTED,24,GUARDRAIL FACE,HAYWOOD LN & I24 E EXT RAMP,NASHVILLE,TN,37211,8709,SOUTH,36.0691,-86.6911,POINT (-86.6911 36.0691)
20190148187,02/23/2019 05:40:00 PM,2,0,0,,N,179606,11,Front to Rear,2,RAIN,3,DARK - LIGHTED,12,MOTOR VEHICLE IN TRANSPORT,MM 81 7 I 65,NASHVILLE,TN,37203,8006,MIDTOW,36.1384,-86.7758,POINT (-86.7758 36.1384)
20190384441,05/20/2019 08:36:00 AM,2,0,0,,N,320595,11,Front to Rear,21,CLEAR,1,DAYLIGHT,12,MOTOR VEHICLE IN TRANSPORT,MURFREESBORO PKE & FOOTHILL DR,NASHVILLE,TN,37217,8815,HERMIT,36.1315,-86.7174,POINT (-86.7174 36.1315)
20190322289,04/26/2019 10:10:00 AM,2,0,0,,N,226136,11,Front to Rear,21,CLEAR,1,DAYLIGHT,12,MOTOR VEHICLE IN TRANSPORT,BROOKLAWN DR & NOLENSVILLE PKE,ANTIOCH,TN,37013,8759,SOUTH,36.0183,-86.7083,POINT (-86.7083 36.0183)
20190575934,08/02/2019 09:15:00 PM,2,0,0,,N,298874,4,ANGLE,22,CLOUDY,3,DARK - LIGHTED,12,MOTOR VEHICLE IN TRANSPORT,WOODLAND ST & S 9TH ST,NASHVILLE,TN,37206,1119,EAST,36.1749,-86.7569,POINT (-86.7569 36.1749)
20190434370,06/07/2019 01:55:00 PM,1,1,0,Y,N,462494,0,NOT COLLISION W/MOTOR VEHICLE-TRANSPORT,22,CLOUDY,1,DAYLIGHT,15,OTHER TYPE NON-MOTORIST,SOUTHSIDE CT & SOUTHSIDE PL,NASHVILLE,TN,37203,6805,MIDTOW,36.1463,-86.7832,POINT (-86.7832 36.1463)
20190473145,06/22/2019 11:11:00 AM,2,0,0,,N,320575,5,SIDESWIPE - SAME DIRECTION,22,CLOUDY,1,DAYLIGHT,12,MOTOR VEHICLE IN TRANSPORT,MM 58 0 I 24,ANTIOCH,TN,37013,88080,SOUTH,36.0584,-86.678,POINT (-86.678 36.0584)
20190076557,01/29/2019 12:46:00 PM,3,2,0,,N,137982,11,Front to Rear,21,CLEAR,1,DAYLIGHT,12,MOTOR VEHICLE IN TRANSPORT,MURFREESBORO PKE & EDGE O LAKE DR,ANTIOCH,TN,37013,8891,SOUTH,36.0795,-86.6446,POINT (-86.6446 36.0795)
20190387623,05/21/2019 10:04:00 AM,2,0,0,,N,571328,11,Front to Rear,21,CLEAR,1,DAYLIGHT,12,MOTOR VEHICLE IN TRANSPORT,S 10TH ST & WOODLAND ST,NASHVILLE,TN,37206,1131,EAST,36.177,-86.7514,POINT (-86.7514 36.177)
20190093815,02/04/2019 01:44:00 PM,2,1,0,,N,279230,11,Front to Rear,21,CLEAR,1,DAYLIGHT,12,MOTOR VEHICLE IN TRANSPORT,BELL RD & HICKORY HOLLOW MALL PVTDR PL,ANTIOCH,TN,37013,8863,SOUTH,36.0493,-86.6517,POINT (-86.6517 36.0493)
20190262629,04/05/2019 12:10:00 PM,2,0,0,,N,876581,11,Front to Rear,21,CLEAR,1,DAYLIGHT,12,MOTOR VEHICLE IN TRANSPORT,CUDE LN & GALLATIN PKEN,MADISON,TN,37115,1731,MADISO,36.2998,-86.6966,POINT (-86.6966 36.2998)
20190274821,04/10/2019 04:17:00 AM,1,0,0,,N,279197,0,NOT COLLISION W/MOTOR VEHICLE-TRANSPORT,21,CLEAR,2,DARK - NOT LIGHTED,34,DITCH,ELLINGTON PKWYN & ELLINGTON PKWYS,NASHVILLE,TN,37216,1890,EAST,36.2227,-86.7464,POINT (-86.7464 36.2227)
20190053172,01/21/2019 06:35:00 AM,3,1,0,,Y,320578,5,SIDESWIPE - SAME DIRECTION,21,CLEAR,1,DAYLIGHT,12,MOTOR VEHICLE IN TRANSPORT,MM 53 8 I 24,NASHVILLE,TN,37211,8402,SOUTH,36.1083,-86.7209,POINT (-86.7209 36.1083)
20190244178,03/29/2019 03:46:00 PM,1,0,0,,N,279124,0,NOT COLLISION W/MOTOR VEHICLE-TRANSPORT,21,CLEAR,1,DAYLIGHT,34,DITCH,MURFREESBORO PKE & LAVERGNE COUCHVILLE P,ANTIOCH,TN,37013,8869,SOUTH,36.0279,-86.5899,POINT (-86.5899 36.0279)
20190430672,06/06/2019 05:46:00 AM,1,0,0,,N,134867,0,NOT COLLISION W/MOTOR VEHICLE-TRANSPORT,21,CLEAR,1,DAYLIGHT,31,"OTHER POST, POLE, SUPP.",GAY ST & 1ST AVN,NASHVILLE,TN,37201,4201,CENTRA,36.1694,-86.7784,POINT (-86.7784 36.1694)
20190285284,04/14/2019 12:50:00 AM,1,0,0,,N,179603,0,NOT COLLISION W/MOTOR VEHICLE-TRANSPORT,2,RAIN,3,DARK - LIGHTED,36;63,CONCRETE TRAFFIC BARRIER;Ran Off Road-Right,MM 91 7 I 65,MADISON,TN,37115,2006,MADISO,36.257,-86.7385,POINT (-86.7385 36.257)
20190427721,06/05/2019 05:00:00 AM,2,0,0,,N,279117,4,ANGLE,21,CLEAR,4,DAWN,12,MOTOR VEHICLE IN TRANSPORT,DICKERSON PKE & I65 N EXT RAMP,NASHVILLE,TN,37216,1805,EAST,36.2366,-86.7581,POINT (-86.7581 36.2366)
20190339066,05/02/2019 09:44:00 PM,2,0,0,,N,240972,4,ANGLE,21,CLEAR,3,DARK - LIGHTED,12,MOTOR VEHICLE IN TRANSPORT,MM 49 2 I 24,NASHVILLE,TN,37213,1002,CENTRA,36.1637,-86.7625,POINT (-86.7625 36.1637)
20190381292,05/18/2019 08:16:00 PM,2,4,0,,N,311344,4,ANGLE,21,CLEAR,3,DARK - LIGHTED,12,MOTOR VEHICLE IN TRANSPORT,DULING AV & GALLATIN PKEN,MADISON,TN,37115,1701,MADISO,36.2659,-86.711,POINT (-86.711 36.2659)
20190237393,03/27/2019 11:40:00 AM,2,0,0,,N,343522,4,ANGLE,21,CLEAR,1,DAYLIGHT,12,MOTOR VEHICLE IN TRANSPORT,46TH AVN & PARK AV,NASHVILLE,TN,37209,5129,WEST,36.1516,-86.8422,POINT (-86.8422 36.1516)
20190394482,05/23/2019 01:40:00 PM,2,0,0,,N,690942,4,ANGLE,21,CLEAR,1,DAYLIGHT,12,MOTOR VEHICLE IN TRANSPORT,OLDHAM ST & N 1ST ST,NASHVILLE,TN,37213,1985,CENTRA,36.1744,-86.7741,POINT (-86.7741 36.1744)
20190175376,03/05/2019 04:52:00 PM,2,0,0,,N,256419,11,Front to Rear,21,CLEAR,1,DAYLIGHT,12,MOTOR VEHICLE IN TRANSPORT,JEFFERSON ST & 16TH AVN,NASHVILLE,TN,37208,5415,NORTH,36.1705,-86.8026,POINT (-86.8026 36.1705)
20190054048,01/21/2019 01:30:00 PM,2,0,0,,Y,226622,11,Front to Rear,21,CLEAR,1,DAYLIGHT,12,MOTOR VEHICLE IN TRANSPORT,OLD HICKORY BLVD & HIGHWAY 70S,NASHVILLE,TN,37221,4901,WEST,36.0742,-86.9208,POINT (-86.9208 36.0742)
20190447192,06/12/2019 03:39:00 PM,1,0,0,Y,N,405418,0,NOT COLLISION W/MOTOR VEHICLE-TRANSPORT,22,CLOUDY,1,DAYLIGHT,42;63,TREE;Ran Off Road-Right,GRANNY WHITE PKE & OLD HICKORY BLVD,NASHVILLE,TN,37220,7111,MIDTOW,36.0397,-86.8164,POINT (-86.8164 36.0397)
20190575771,08/02/2019 12:00:00 AM,2,0,0,,N,298861,4,ANGLE,22,CLOUDY,3,DARK - LIGHTED,12,MOTOR VEHICLE IN TRANSPORT,BERMUDA DR & BROOKVIEW DR,NASHVILLE,TN,37214,9219,HERMIT,36.1753,-86.6964,POINT (-86.6964 36.1753)
20190062519,01/24/2019 11:35:00 AM,2,0,0,,N,226098,5,SIDESWIPE - SAME DIRECTION,21,CLEAR,1,DAYLIGHT,12,MOTOR VEHICLE IN TRANSPORT,WHITES CREEK PKE & BRILEY PKWY E ENT RAM,NASHVILLE,TN,37207,3025,NORTH,36.2307,-86.813,POINT (-86.813 36.2307)
20190083014,01/31/2019 10:40:00 AM,2,0,0,,N,716886,11,Front to Rear,21,CLEAR,1,DAYLIGHT,12,MOTOR VEHICLE IN TRANSPORT,NOLENSVILLE PKE & OLD HICKORY BLVD,NASHVILLE,TN,37211,8717,SOUTH,36.0454,-86.7133,POINT (-86.7133 36.0454)
20190127210,02/16/2019 04:09:00 AM,2,0,0,,N,298879,11,Front to Rear,22,CLOUDY,3,DARK - LIGHTED,12,MOTOR VEHICLE IN TRANSPORT,I40 E ENT RAMP & I 40,NASHVILLE,TN,37205,4903,WEST,36.1109,-86.922,POINT (-86.922 36.1109)
20190402047,05/26/2019 08:57:00 AM,2,0,0,,N,887591,4,ANGLE,21,CLEAR,1,DAYLIGHT,12,MOTOR VEHICLE IN TRANSPORT,LAVERGNE COUCHVILLE PKE & ROCKLAND TRL,ANTIOCH,TN,37013,8967,SOUTH,36.033,-86.5873,POINT (-86.5873 36.033)
20190135033,02/19/2019 08:27:00 AM,2,0,0,,N,591936,5,SIDESWIPE - SAME DIRECTION,21,CLEAR,1,DAYLIGHT,12,MOTOR VEHICLE IN TRANSPORT,HILLSBORO PKE & LOMBARDY AV,NASHVILLE,TN,37215,6419,MIDTOW,36.1207,-86.808,POINT (-86.808 36.1207)
20190389761,05/22/2019 02:27:00 AM,1,0,0,Y,Y,200016,0,NOT COLLISION W/MOTOR VEHICLE-TRANSPORT,21,CLEAR,3,DARK - LIGHTED,30;63,UTILITY POLE;Ran Off Road-Right,DR D B TODD JR BLVD & FORMOSA ST,NASHVILLE,TN,37208,4471,NORTH,36.1743,-86.8087,POINT (-86.8087 36.1743)
20190036008,01/14/2019 04:49:00 PM,2,0,0,,N,299263,,,,,,,12,MOTOR VEHICLE IN TRANSPORT,OLD CLARKSVILLE PKE & CLARKSVILLE PKE,JOELTON,TN,37080,3317,NORTH,36.3229,-86.9105,POINT (-86.9105 36.3229)
20190105990,02/08/2019 01:48:00 PM,2,0,0,,N,299257,11,Front to Rear,21,CLEAR,1,DAYLIGHT,12,MOTOR VEHICLE IN TRANSPORT,WOODMONT BLVD & BELMONT BLVD,NASHVILLE,TN,37215,6415,MIDTOW,36.113,-86.7998,POINT (-86.7998 36.113)
20190141958,02/21/2019 01:10:00 PM,1,1,0,,N,665896,0,NOT COLLISION W/MOTOR VEHICLE-TRANSPORT,22,CLOUDY,1,DAYLIGHT,18,OTHER OBJECT (NOT FIXED),GALLATIN PKE & MALQUIN DR,NASHVILLE,TN,37216,1513,EAST,36.2306,-86.725,POINT (-86.725 36.2306)
20190206098,03/16/2019 04:27:00 PM,2,0,0,,N,256423,0,NOT COLLISION W/MOTOR VEHICLE-TRANSPORT,21,CLEAR,1,DAYLIGHT,7,,BRILEY PKWYN & BRILEY PKWY N EXT RAMP,NASHVILLE,TN,37214,9294,HERMIT,36.1977,-86.688,POINT (-86.688 36.1977)
20190072363,01/28/2019 06:22:00 AM,2,0,0,,N,256382,11,Front to Rear,21,CLEAR,1,DAYLIGHT,12,MOTOR VEHICLE IN TRANSPORT,MM 218 0 I 40,NASHVILLE,TN,37217,89020,HERMIT,36.1413,-86.667,POINT (-86.667 36.1413)
20190120263,02/13/2019 07:18:00 PM,2,0,0,,N,179582,4,ANGLE,21,CLEAR,3,DARK - LIGHTED,12,MOTOR VEHICLE IN TRANSPORT,WALLACE RD & TURLEY DR,NASHVILLE,TN,37211,8707,SOUTH,36.0791,-86.7082,POINT (-86.7082 36.0791)
20190072600,01/28/2019 08:11:00 AM,2,1,0,,N,320574,11,Front to Rear,21,CLEAR,4,DAWN,12,MOTOR VEHICLE IN TRANSPORT,MM 219 6 I 40,HERMITAGE,TN,37076,94021,HERMIT,36.1613,-86.6205,POINT (-86.6205 36.1613)
20190476167,06/24/2019 02:08:00 AM,1,0,0,Y,Y,256382,0,NOT COLLISION W/MOTOR VEHICLE-TRANSPORT,21,CLEAR,3,DARK - LIGHTED,25,GUARDRAIL END,MM 211 1 I 40,NASHVILLE,TN,37210,8008,HERMIT,36.1539,-86.7571,POINT (-86.7571 36.1539)