Accident Number,Date and Time,Number of Motor Vehicles,Number of Injuries,Number of Fatalities,Property Damage,Hit and Run,Reporting Officer,Collision Type Code,Collision Type Description,Weather Code,Weather Description,Illumination Code,Illumination Description,Harmful Code,Harmful Code Description,Street Address,City,State,ZIP,RPA,Precinct,Latitude,Longitude,Mapped Location
20190064935,01/25/2019 07:12:00 AM,2,0,0,,Y,320575,5,SIDESWIPE - SAME DIRECTION,21,CLEAR,1,DAYLIGHT,12,MOTOR VEHICLE IN TRANSPORT,LARGO DR & LINBAR DR,NASHVILLE,TN,37211,8705,SOUTH,36.0837,-86.7057,POINT (-86.7057 36.0837)
20190155945,02/26/2019 02:00:00 PM,2,1,0,,Y,226098,5,SIDESWIPE - SAME DIRECTION,21,CLEAR,1,DAYLIGHT,12,MOTOR VEHICLE IN TRANSPORT,ROSA L PARKS BLVD & CLARKSVILLE PKE,NASHVILLE,TN,37228,4483,NORTH,36.1888,-86.822,POINT (-86.822 36.1888)
20190215769,03/20/2019 03:20:00 AM,1,1,0,,N,256382,0,NOT COLLISION W/MOTOR VEHICLE-TRANSPORT,21,CLEAR,2,DARK - NOT LIGHTED,42,TREE,STEWARTS FERRY PIKE & HICKORY PL,NASHVILLE,TN,37214,9405,HERMIT,36.1588,-86.6414,POINT (-86.6414 36.1588)
20190557606,07/26/2019 12:06:00 PM,2,0,0,,N,580819,5,SIDESWIPE - SAME DIRECTION,22,CLOUDY,1,DAYLIGHT,12,MOTOR VEHICLE IN TRANSPORT,UNION ST & PRINTERS ALY,NASHVILLE,TN,37201,4137,CENTRA,36.1652,-86.7795,POINT (-86.7795 36.1652)
20190276377,04/10/2019 04:44:00 PM,2,0,0,,N,256384,4,ANGLE,21,CLEAR,1,DAYLIGHT,12,MOTOR VEHICLE IN TRANSPORT,MURFREESBORO PKE & ARLINGTON AV,NASHVILLE,TN,37210,8159,SOUTH,36.1399,-86.7354,POINT (-86.7354 36.1399)
20190480596,06/25/2019 04:23:00 PM,2,1,0,,N,197054,0,NOT COLLISION W/MOTOR VEHICLE-TRANSPORT,21,CLEAR,1,DAYLIGHT,1;18;39;63,OTHER OBJECT (NOT FIXED);WALL;Ran Off Road-Right,MURFREESBORO PKE & HARDING PL,NASHVILLE,TN,37217,8947,HERMIT,36.0982,-86.6587,POINT (-86.6587 36.0982)
20190433272,06/07/2019 12:00:00 AM,1,0,0,,Y,298859,0,NOT COLLISION W/MOTOR VEHICLE-TRANSPORT,2,RAIN,3,DARK - LIGHTED,33,CURB,MURFREESBORO PKE & NASHBORO BLVD,ANTIOCH,TN,37013,8891,SOUTH,36.0869,-86.6487,POINT (-86.6487 36.0869)
20190200370,03/14/2019 01:30:00 PM,2,0,0,,Y,311325,11,Front to Rear,2,RAIN,1,DAYLIGHT,12,MOTOR VEHICLE IN TRANSPORT,RANSOM PL & MURFREESBORO PKE,NASHVILLE,TN,37217,8853,SOUTH,36.0694,-86.6409,POINT (-86.6409 36.0694)
20190068529,01/26/2019 02:09:00 PM,2,0,0,,N,279230,11,Front to Rear,21,CLEAR,1,DAYLIGHT,12,MOTOR VEHICLE IN TRANSPORT,NOLENSVILLE PKE & ZOO RD,NASHVILLE,TN,37211,8509,MIDTOW,36.0886,-86.732,POINT (-86.732 36.0886)
20190457802,06/16/2019 06:31:00 PM,2,0,0,,Y,352159,11,Front to Rear,21,CLEAR,1,DAYLIGHT,12,MOTOR VEHICLE IN TRANSPORT,ELM HILL PKE & MCGAVOCK PKE,NASHVILLE,TN,37214,9115,HERMIT,36.1528,-86.6834,POINT (-86.6834 36.1528)
20190480916,06/25/2019 05:13:00 PM,2,0,0,,N,345098,11,Front to Rear,21,CLEAR,1,DAYLIGHT,12,MOTOR VEHICLE IN TRANSPORT,LEBANON PKE & CENTRAL PKE,HERMITAGE,TN,37076,9601,HERMIT,36.1868,-86.6316,POINT (-86.6316 36.1868)
20190174112,03/05/2019 08:55:00 AM,2,1,0,,N,544481,11,Front to Rear,21,CLEAR,1,DAYLIGHT,12,MOTOR VEHICLE IN TRANSPORT,JAMES ROBERTSON PKWY ENT RAMP & ELLINGTO,NASHVILLE,TN,37207,1995,EAST,36.175,-86.7675,POINT (-86.7675 36.175)
20190325653,04/27/2019 11:24:00 PM,2,2,0,,N,151122,11,Front to Rear,21,CLEAR,3,DARK - LIGHTED,12,MOTOR VEHICLE IN TRANSPORT,MURFREESBORO PKE & RANSOM PL,NASHVILLE,TN,37217,8853,SOUTH,36.0892,-86.6501,POINT (-86.6501 36.0892)
20190404219,05/27/2019 10:40:00 AM,1,0,0,,N,320601,0,NOT COLLISION W/MOTOR VEHICLE-TRANSPORT,21,CLEAR,1,DAYLIGHT,18,OTHER OBJECT (NOT FIXED),MM 62 3 I 24,ANTIOCH,TN,37013,8806,SOUTH,36.0177,-86.6241,POINT (-86.6241 36.0177)
20190301323,04/19/2019 08:00:00 AM,3,1,0,,N,676834,11,Front to Rear,2,RAIN,1,DAYLIGHT,12,MOTOR VEHICLE IN TRANSPORT,MM 86 0 I 65,NASHVILLE,TN,37208,4304,CENTRA,36.1916,-86.7859,POINT (-86.7859 36.1916)
20190565540,07/30/2019 12:00:00 AM,1,0,0,Y,Y,352196,0,NOT COLLISION W/MOTOR VEHICLE-TRANSPORT,22,CLOUDY,3,DARK - LIGHTED,30;55,UTILITY POLE;Motor Vehicle-In-Motion Outside Trafficw,LINBAR DR & MELMACK DR,NASHVILLE,TN,37211,8707,SOUTH,36.0732,-86.6931,POINT (-86.6931 36.0732)
20190375780,05/16/2019 05:25:00 PM,2,1,0,,N,256380,4,ANGLE,21,CLEAR,1,DAYLIGHT,12,MOTOR VEHICLE IN TRANSPORT,10TH AVN & REV DR ENOCH JONES BLVD,NASHVILLE,TN,37208,4303,NORTH,36.173,-86.7952,POINT (-86.7952 36.173)
20190098319,02/05/2019 07:55:00 PM,2,0,0,,Y,284059,11,Front to Rear,21,CLEAR,2,DARK - NOT LIGHTED,12,MOTOR VEHICLE IN TRANSPORT,MM 37 6 I 24,WHITES CREEK,TN,37189,33181,NORTH,36.3105,-86.8277,POINT (-86.8277 36.3105)
20190446353,06/12/2019 08:30:00 AM,2,0,0,,N,226622,4,ANGLE,21,CLEAR,1,DAYLIGHT,12,MOTOR VEHICLE IN TRANSPORT,HIGHWAY 100 & COLLINS RD,NASHVILLE,TN,37221,4807,WEST,36.0438,-86.9589,POINT (-86.9589 36.0438)
20190462832,06/18/2019 05:31:00 PM,2,1,0,,N,298867,11,Front to Rear,21,CLEAR,1,DAYLIGHT,12,MOTOR VEHICLE IN TRANSPORT,E TRINITY LN & W TRINITY LN,NASHVILLE,TN,37207,1861,EAST,36.2059,-86.7686,POINT (-86.7686 36.2059)
20190162226,02/28/2019 05:40:00 PM,2,0,0,,Y,179575,98,OTHER,21,CLEAR,3,DARK - LIGHTED,14,PARKED MOTOR VEHICLE,5500 OLD HICKORY BLVD,HERMITAGE,TN,37076,9561,HERMIT,36.179,-86.6055,POINT (-86.6055 36.179)
20190568365,07/31/2019 07:10:00 AM,2,0,0,,N,676834,11,Front to Rear,21,CLEAR,1,DAYLIGHT,12,MOTOR VEHICLE IN TRANSPORT,MM 207 2 I 40,NASHVILLE,TN,37208,54020,NORTH,36.1698,-86.8089,POINT (-86.8089 36.1698)
20190449063,06/13/2019 07:45:00 AM,2,0,0,,N,665896,11,Front to Rear,21,CLEAR,1,DAYLIGHT,12,MOTOR VEHICLE IN TRANSPORT,ELLINGTON PKWYS & SPRING ST ENT RAMP,NASHVILLE,TN,37207,19961,EAST,36.1766,-86.7658,POINT (-86.7658 36.1766)
20190083972,01/31/2019 04:19:00 PM,2,0,0,,N,429193,11,Front to Rear,21,CLEAR,1,DAYLIGHT,12,MOTOR VEHICLE IN TRANSPORT,BELLE FOREST CIR & HWY 70 S,NASHVILLE,TN,37221,4815,WEST,36.0739,-86.9277,POINT (-86.9277 36.0739)
20190226525,03/23/2019 03:49:00 PM,2,0,0,,N,311334,5,SIDESWIPE - SAME DIRECTION,21,CLEAR,1,DAYLIGHT,12,MOTOR VEHICLE IN TRANSPORT,11TH AVS & LAUREL ST,NASHVILLE,TN,37203,4017,CENTRA,36.1539,-86.7843,POINT (-86.7843 36.1539)
20190564883,07/29/2019 05:22:00 PM,2,0,0,,N,256380,11,Front to Rear,21,CLEAR,1,DAYLIGHT,12,MOTOR VEHICLE IN TRANSPORT,W TRINITY LN & FREE SILVER RD,NASHVILLE,TN,37207,3013,NORTH,36.2072,-86.796,POINT (-86.796 36.2072)
20190281456,04/12/2019 11:21:00 AM,2,1,0,,N,320575,11,Front to Rear,22,CLOUDY,1,DAYLIGHT,1;12,MOTOR VEHICLE IN TRANSPORT,GARWOOD DR & STIRTON RD,NASHVILLE,TN,37210,8331,SOUTH,36.1239,-86.7325,POINT (-86.7325 36.1239)
20190550793,07/23/2019 11:35:00 PM,2,0,0,,N,334981,11,Front to Rear,21,CLEAR,3,DARK - LIGHTED,12,MOTOR VEHICLE IN TRANSPORT,BROADWAY & 7TH AVN,NASHVILLE,TN,37203,4085,CENTRA,36.1592,-86.7814,POINT (-86.7814 36.1592)
20190354130,05/08/2019 05:13:00 PM,2,0,0,,N,279194,11,Front to Rear,21,CLEAR,1,DAYLIGHT,12,MOTOR VEHICLE IN TRANSPORT,MM 208 3 I 40,NASHVILLE,TN,37203,54024,NORTH,36.166,-86.7949,POINT (-86.7949 36.166)
20190300467,04/18/2019 10:35:00 PM,1,0,0,Y,N,240964,0,NOT COLLISION W/MOTOR VEHICLE-TRANSPORT,2,RAIN,3,DARK - LIGHTED,31;64,"OTHER POST, POLE, SUPP.;Ran Off Road-Left",OLD HICKORY BLVD & OLD LEBANON DIRT RD,HERMITAGE,TN,37076,9507,HERMIT,36.1911,-86.6152,POINT (-86.6152 36.1911)
20190449733,06/13/2019 01:10:00 PM,2,0,0,,N,716886,4,ANGLE,21,CLEAR,1,DAYLIGHT,12,MOTOR VEHICLE IN TRANSPORT,HARDING PL & JONQUIL DR,NASHVILLE,TN,37211,8705,SOUTH,36.0804,-86.7179,POINT (-86.7179 36.0804)
20190541610,07/20/2019 02:35:00 AM,2,2,0,,N,320578,2,HEAD-ON,21,CLEAR,3,DARK - LIGHTED,12,MOTOR VEHICLE IN TRANSPORT,HAMILTON CHURCH RD & MURFREESBORO PKE,ANTIOCH,TN,37013,8865,SOUTH,36.0645,-86.6288,POINT (-86.6288 36.0645)
20190536959,07/18/2019 10:08:00 AM,2,0,0,,N,834798,11,Front to Rear,21,CLEAR,1,DAYLIGHT,12,MOTOR VEHICLE IN TRANSPORT,MM 80 7 I 65,NASHVILLE,TN,37204,69020,MIDTOW,36.1252,-86.7728,POINT (-86.7728 36.1252)
20190562844,07/28/2019 10:42:00 PM,2,0,0,,N,299261,5,SIDESWIPE - SAME DIRECTION,21,CLEAR,3,DARK - LIGHTED,12,MOTOR VEHICLE IN TRANSPORT,I65 S EXT RAMP & HARDING PL,NASHVILLE,TN,37220,7101,MIDTOW,36.0827,-86.7651,POINT (-86.7651 36.0827)
20190197840,03/13/2019 04:07:00 PM,2,0,0,,Y,279124,4,ANGLE,21,CLEAR,1,DAYLIGHT,12,MOTOR VEHICLE IN TRANSPORT,MURFREESBORO PKE & HAMILTON CHURCH RD,ANTIOCH,TN,37013,8865,SOUTH,36.0649,-86.6286,POINT (-86.6286 36.0649)
20190256826,04/03/2019 11:04:00 AM,2,0,0,,N,716886,5,SIDESWIPE - SAME DIRECTION,21,CLEAR,1,DAYLIGHT,12,MOTOR VEHICLE IN TRANSPORT,MM 60 0 I 24,ANTIOCH,TN,37013,88060,SOUTH,36.0403,-86.6502,POINT (-86.6502 36.0403)
20190141312,02/21/2019 09:04:00 AM,2,0,0,,N,110063,11,Front to Rear,21,CLEAR,1,DAYLIGHT,12,MOTOR VEHICLE IN TRANSPORT,MM 86 4 I 65,NASHVILLE,TN,37207,19060,EAST,36.1937,-86.7758,POINT (-86.7758 36.1937)
20190180756,03/07/2019 09:04:00 AM,2,0,0,,Y,240952,5,SIDESWIPE - SAME DIRECTION,22,CLOUDY,1,DAYLIGHT,12,MOTOR VEHICLE IN TRANSPORT,CROSSINGS BLVD & MT VIEW RD,ANTIOCH,TN,37013,8863,SOUTH,36.0455,-86.6473,POINT (-86.6473 36.0455)
20190226481,03/23/2019 12:00:00 AM,2,1,0,,Y,279196,4,ANGLE,21,CLEAR,1,DAYLIGHT,12,MOTOR VEHICLE IN TRANSPORT,BELLSHIRE DR & DICKERSON PKE,NASHVILLE,TN,37207,2035,MADISO,36.2593,-86.7581,POINT (-86.7581 36.2593)
20190371270,05/15/2019 07:00:00 AM,2,0,0,,N,279230,11,Front to Rear,21,CLEAR,1,DAYLIGHT,12,MOTOR VEHICLE IN TRANSPORT,DONELSON PKE & HARDING PL,NASHVILLE,TN,37217,8841,SOUTH,36.0951,-86.6778,POINT (-86.6778 36.0951)
20190457194,06/16/2019 01:14:00 PM,2,1,0,,N,240952,11,Front to Rear,21,CLEAR,1,DAYLIGHT,12,MOTOR VEHICLE IN TRANSPORT,MURFREESBORO PKE & MARTWAY DR,ANTIOCH,TN,37013,8891,SOUTH,36.0783,-86.643,POINT (-86.643 36.0783)
20190410865,05/29/2019 05:10:00 PM,2,0,0,,Y,352184,5,SIDESWIPE - SAME DIRECTION,21,CLEAR,1,DAYLIGHT,12,MOTOR VEHICLE IN TRANSPORT,OPRY MILLS DR & GAYLORD DR,NASHVILLE,TN,37214,9209,HERMIT,36.1976,-86.6915,POINT (-86.6915 36.1976)
20190246469,03/30/2019 03:48:00 PM,2,2,0,,Y,279204,4,ANGLE,22,CLOUDY,1,DAYLIGHT,12,MOTOR VEHICLE IN TRANSPORT,CREEKWAY CT & TIMOTHY DR,NASHVILLE,TN,37218,3147,NORTH,36.2137,-86.8452,POINT (-86.8452 36.2137)
20190103351,02/07/2019 02:54:00 PM,3,0,0,,N,240957,11,Front to Rear,21,CLEAR,1,DAYLIGHT,12,MOTOR VEHICLE IN TRANSPORT,OLD HICKORY BLVD & BRENTWOOD TRC,BRENTWOOD,TN,37027,8623,MIDTOW,36.0411,-86.7762,POINT (-86.7762 36.0411)
20190087360,02/01/2019 06:18:00 PM,3,0,0,,N,299253,11,Front to Rear,21,CLEAR,2,DARK - NOT LIGHTED,12,MOTOR VEHICLE IN TRANSPORT,BROADMOOR DR & GRA MAR DR,NASHVILLE,TN,37216,1841,EAST,36.2298,-86.7348,POINT (-86.7348 36.2298)
20190040386,01/16/2019 07:35:00 AM,2,1,0,Y,N,716886,11,Front to Rear,21,CLEAR,1,DAYLIGHT,12,MOTOR VEHICLE IN TRANSPORT,BURKITT RD & BATTLE RD,ANTIOCH,TN,37013,8771,SOUTH,36.0435,-86.6308,POINT (-86.6308 36.0435)
20190526689,07/14/2019 11:49:00 AM,2,0,0,,N,755026,11,Front to Rear,21,CLEAR,1,DAYLIGHT,14,PARKED MOTOR VEHICLE,LONEY DR & SCOBEY DR,NASHVILLE,TN,37210,8157,SOUTH,36.1284,-86.7344,POINT (-86.7344 36.1284)
20190164785,03/01/2019 04:45:00 PM,2,0,0,,N,256384,11,Front to Rear,21,CLEAR,1,DAYLIGHT,12,MOTOR VEHICLE IN TRANSPORT,LEWIS ST & PERKINS ST,NASHVILLE,TN,37210,8145,SOUTH,36.1471,-86.7588,POINT (-86.7588 36.1471)
20190026014,01/10/2019 09:57:00 PM,2,0,0,,N,320581,5,SIDESWIPE - SAME DIRECTION,21,CLEAR,3,DARK - LIGHTED,12,MOTOR VEHICLE IN TRANSPORT,MM 77 0 I 65,NASHVILLE,TN,37220,86042,MIDTOW,36.0708,-86.7697,POINT (-86.7697 36.0708)
20190112701,02/11/2019 11:59:00 AM,2,0,0,,N,716886,6,SIDESWIPE - OPPOSITE DIRECTION,21,CLEAR,1,DAYLIGHT,12,MOTOR VEHICLE IN TRANSPORT,SMITH SPRINGS PKWY & MT VIEW RD,ANTIOCH,TN,37013,8977,SOUTH,36.0721,-86.5887,POINT (-86.5887 36.0721)
20190203382,03/15/2019 02:18:00 PM,2,0,0,,N,538214,11,Front to Rear,22,CLOUDY,1,DAYLIGHT,12,MOTOR VEHICLE IN TRANSPORT,5TH AVS & PEABODY ST,NASHVILLE,TN,37203,4039,CENTRA,36.1556,-86.7752,POINT (-86.7752 36.1556)
20190531080,07/16/2019 08:15:00 AM,2,0,0,,N,256502,4,ANGLE,21,CLEAR,1,DAYLIGHT,12,MOTOR VEHICLE IN TRANSPORT,DOMINICAN DR & FRENCH LANDING DR,NASHVILLE,TN,37208,4403,NORTH,36.1884,-86.7963,POINT (-86.7963 36.1884)
20190186788,03/09/2019 01:41:00 PM,1,0,0,,N,572251,0,NOT COLLISION W/MOTOR VEHICLE-TRANSPORT,2,RAIN,1,DAYLIGHT,36,CONCRETE TRAFFIC BARRIER,MM 91 0 I 65,MADISON,TN,37115,20044,MADISO,36.2478,-86.7432,POINT (-86.7432 36.2478)
20190409425,05/29/2019 07:25:00 AM,2,0,0,,N,110063,11,Front to Rear,21,CLEAR,1,DAYLIGHT,12,MOTOR VEHICLE IN TRANSPORT,I24 E EXT RAMP & I 24,NASHVILLE,TN,37207,30080,NORTH,36.2378,-86.7872,POINT (-86.7872 36.2378)
20190289396,04/15/2019 04:10:00 PM,2,1,0,Y,N,279124,4,ANGLE,21,CLEAR,1,DAYLIGHT,12,MOTOR VEHICLE IN TRANSPORT,HAYWOOD LN & EAST RIDGE DR,NASHVILLE,TN,37211,8707,SOUTH,36.07,-86.6985,POINT (-86.6985 36.07)
20190580828,08/05/2019 07:07:00 AM,2,1,0,,N,212369,11,Front to Rear,21,CLEAR,1,DAYLIGHT,12,MOTOR VEHICLE IN TRANSPORT,CHARLOTTE AV & 16TH AVN,NASHVILLE,TN,37203,5503,MIDTOW,36.1595,-86.7964,POINT (-86.7964 36.1595)
20190121634,02/14/2019 06:08:00 AM,2,0,0,,Y,212349,5,SIDESWIPE - SAME DIRECTION,21,CLEAR,4,DAWN,12,MOTOR VEHICLE IN TRANSPORT,I40 E EXT RAMP & I 40,NASHVILLE,TN,37214,8955,HERMIT,36.155,-86.6271,POINT (-86.6271 36.155)
20190273551,04/09/2019 05:50:00 PM,2,1,0,,N,256441,11,Front to Rear,21,CLEAR,1,DAYLIGHT,12,MOTOR VEHICLE IN TRANSPORT,MM 74 4 I 65,BRENTWOOD,TN,37027,8604,MIDTOW,36.0363,-86.7829,POINT (-86.7829 36.0363)
20190261221,04/04/2019 10:50:00 PM,2,0,0,,Y,212337,6,SIDESWIPE - OPPOSITE DIRECTION,2,RAIN,3,DARK - LIGHTED,12,MOTOR VEHICLE IN TRANSPORT,10TH AVN & JEFFERSON ST,NASHVILLE,TN,37208,4243,NORTH,36.1724,-86.7948,POINT (-86.7948 36.1724)
20190211265,03/18/2019 06:40:00 PM,3,0,0,,N,151132,5,SIDESWIPE - SAME DIRECTION,21,CLEAR,5,DUSK,12,MOTOR VEHICLE IN TRANSPORT,OLD HICKORY BLVDW & STATE RT 45,MADISON,TN,37115,1771,MADISO,36.2631,-86.7122,POINT (-86.7122 36.2631)
20190561012,07/28/2019 12:29:00 AM,2,2,0,,N,311343,11,Front to Rear,21,CLEAR,3,DARK - LIGHTED,12,MOTOR VEHICLE IN TRANSPORT,NOLENSVILLE PKE & NATCHEZ CT,NASHVILLE,TN,37211,8511,MIDTOW,36.0944,-86.7367,POINT (-86.7367 36.0944)
20190286062,04/14/2019 09:51:00 AM,2,0,0,,Y,320574,11,Front to Rear,21,CLEAR,1,DAYLIGHT,12,MOTOR VEHICLE IN TRANSPORT,MURFREESBORO PKE & NASHBORO BLVD,ANTIOCH,TN,37013,8891,SOUTH,36.0869,-86.6487,POINT (-86.6487 36.0869)
20190535016,07/17/2019 05:08:00 PM,2,2,0,,N,256379,4,ANGLE,21,CLEAR,1,DAYLIGHT,12,MOTOR VEHICLE IN TRANSPORT,MURFREESBORO PKE & MCGAVOCK PKE,NASHVILLE,TN,37217,8841,SOUTH,36.1129,-86.689,POINT (-86.689 36.1129)
20190432765,06/06/2019 12:00:00 AM,1,0,0,Y,N,197075,0,NOT COLLISION W/MOTOR VEHICLE-TRANSPORT,2,RAIN,3,DARK - LIGHTED,24;64,GUARDRAIL FACE;Ran Off Road-Left,MM 88 6 I 65,NASHVILLE,TN,37207,3004,EAST,36.2251,-86.7745,POINT (-86.7745 36.2251)
20190148189,02/23/2019 05:45:00 PM,1,0,0,Y,N,320577,0,NOT COLLISION W/MOTOR VEHICLE-TRANSPORT,2,RAIN,3,DARK - LIGHTED,31;33;42,"OTHER POST, POLE, SUPP.;CURB;TREE",GRANNY WHITE PKE & MAPLEHURST AV,NASHVILLE,TN,37204,7021,MIDTOW,36.1041,-86.7967,POINT (-86.7967 36.1041)
20190529392,07/15/2019 03:26:00 PM,2,0,0,,Y,206675,11,Front to Rear,21,CLEAR,1,DAYLIGHT,12,MOTOR VEHICLE IN TRANSPORT,NOLENSVILLE PKE & VIVELLE AV,NASHVILLE,TN,37210,8109,SOUTH,36.1271,-86.7533,POINT (-86.7533 36.1271)
20190514985,07/09/2019 03:30:00 PM,2,0,0,,Y,330445,5,SIDESWIPE - SAME DIRECTION,21,CLEAR,1,DAYLIGHT,12,MOTOR VEHICLE IN TRANSPORT,MM 209 2 I 40,NASHVILLE,TN,37203,4002,CENTRA,36.1553,-86.7889,POINT (-86.7889 36.1553)
20190292681,04/16/2019 04:00:00 PM,2,0,0,,N,279214,11,Front to Rear,21,CLEAR,1,DAYLIGHT,12,MOTOR VEHICLE IN TRANSPORT,WEDGEWOOD AV & 15TH AVS,NASHVILLE,TN,37212,6615,MIDTOW,36.136,-86.7919,POINT (-86.7919 36.136)
20190159605,02/27/2019 07:00:00 PM,2,0,0,,N,206675,11,Front to Rear,21,CLEAR,2,DARK - NOT LIGHTED,12,MOTOR VEHICLE IN TRANSPORT,NOLENSVILLE PKE & WOODYCREST AV,NASHVILLE,TN,37211,8041,MIDTOW,36.1312,-86.7562,POINT (-86.7562 36.1312)
20190166614,03/02/2019 11:23:00 AM,2,1,0,,N,330427,11,Front to Rear,22,CLOUDY,1,DAYLIGHT,12,MOTOR VEHICLE IN TRANSPORT,HARDING PL & I24 W ENT RAMP,NASHVILLE,TN,37211,8889,SOUTH,36.0868,-86.6977,POINT (-86.6977 36.0868)
20190006935,01/03/2019 02:46:00 PM,2,0,0,,N,206675,4,ANGLE,21,CLEAR,1,DAYLIGHT,12,MOTOR VEHICLE IN TRANSPORT,CHILDRENS WAY & 21ST AVS,NASHVILLE,TN,37212,5809,MIDTOW,36.1387,-86.8011,POINT (-86.8011 36.1387)
20190338247,05/02/2019 03:18:00 PM,2,0,0,,N,267831,11,Front to Rear,22,CLOUDY,1,DAYLIGHT,12,MOTOR VEHICLE IN TRANSPORT,HARDING PL & HILLSBORO PKE,NASHVILLE,TN,37215,6115,WEST,36.0914,-86.8287,POINT (-86.8287 36.0914)
20190558306,07/26/2019 05:55:00 PM,2,1,0,,Y,579971,11,Front to Rear,21,CLEAR,1,DAYLIGHT,12,MOTOR VEHICLE IN TRANSPORT,BOWWOOD CT & MURFREESBORO PKE,NASHVILLE,TN,37217,8811,SOUTH,36.1256,-86.7098,POINT (-86.7098 36.1256)
20190390880,05/22/2019 10:31:00 AM,2,0,0,,N,109519,5,SIDESWIPE - SAME DIRECTION,21,CLEAR,1,DAYLIGHT,12,MOTOR VEHICLE IN TRANSPORT,US HWY 31 ALT & PATTERSON ST,NASHVILLE,TN,37211,8515,MIDTOW,36.1026,-86.741,POINT (-86.741 36.1026)
20190295920,04/17/2019 01:50:00 PM,2,2,0,,N,279206,4,ANGLE,21,CLEAR,1,DAYLIGHT,12,MOTOR VEHICLE IN TRANSPORT,DANYACREST DR & JENRY DR,NASHVILLE,TN,37214,9311,HERMIT,36.181,-86.6463,POINT (-86.6463 36.181)
20190218751,03/21/2019 12:30:00 AM,2,0,0,,N,330414,11,Front to Rear,21,CLEAR,3,DARK - LIGHTED,12,MOTOR VEHICLE IN TRANSPORT,BROADWAY & 4TH AVN,NASHVILLE,TN,37203,4091,CENTRA,36.161,-86.7772,POINT (-86.7772 36.161)
20190433534,06/07/2019 07:08:00 AM,1,1,0,,N,544481,0,NOT COLLISION W/MOTOR VEHICLE-TRANSPORT,2,RAIN,1,DAYLIGHT,39,WALL,MM 90 1 I 65,MADISON,TN,37115,20022,MADISO,36.239,-86.7548,POINT (-86.7548 36.239)
20190109560,02/10/2019 01:09:00 AM,2,0,0,,Y,256377,11,Front to Rear,21,CLEAR,3,DARK - LIGHTED,12;17;63,MOTOR VEHICLE IN TRANSPORT;BOULDER;Ran Off Road-Right,BELL RD & PLEASANT HILL RD,NASHVILLE,TN,37214,8943,HERMIT,36.1238,-86.6304,POINT (-86.6304 36.1238)
20190492055,06/29/2019 10:26:00 PM,2,0,0,,N,309263,5,SIDESWIPE - SAME DIRECTION,21,CLEAR,3,DARK - LIGHTED,12,MOTOR VEHICLE IN TRANSPORT,SHARPE AV & GALLATIN AV,NASHVILLE,TN,37206,1319,EAST,36.1891,-86.7455,POINT (-86.7455 36.1891)
20190249027,03/31/2019 09:31:00 PM,4,0,0,,N,320597,6,SIDESWIPE - OPPOSITE DIRECTION,21,CLEAR,2,DARK - NOT LIGHTED,12,MOTOR VEHICLE IN TRANSPORT,UNA ANTIOCH PKE & ANTIOCH WOODS WAY,ANTIOCH,TN,37013,8861,SOUTH,36.06,-86.6674,POINT (-86.6674 36.06)
20190234426,03/26/2019 11:24:00 AM,2,0,0,,N,807344,4,ANGLE,21,CLEAR,1,DAYLIGHT,12,MOTOR VEHICLE IN TRANSPORT,GAY ST & JAMES ROBERTSON PKWY,NASHVILLE,TN,37219,4203,CENTRA,36.1682,-86.7821,POINT (-86.7821 36.1682)
20190285152,04/13/2019 12:00:00 AM,1,1,0,,N,320598,0,NOT COLLISION W/MOTOR VEHICLE-TRANSPORT,2,RAIN,7,Dark-Unknown Lighting,34,DITCH,HICKORY SPRINGS RD & OLD HICKORY BLVD,NASHVILLE,TN,37215,6305,MIDTOW,36.0412,-86.8214,POINT (-86.8214 36.0412)
20190365393,05/13/2019 07:53:00 AM,2,1,0,,N,166478,11,Front to Rear,21,CLEAR,1,DAYLIGHT,12,MOTOR VEHICLE IN TRANSPORT,MM 208 0 I 40,NASHVILLE,TN,37208,54022,NORTH,36.1707,-86.7983,POINT (-86.7983 36.1707)
20190242938,03/29/2019 06:45:00 AM,2,3,0,,N,191578,4,ANGLE,21,CLEAR,1,DAYLIGHT,12,MOTOR VEHICLE IN TRANSPORT,LEBANON PKE & OLD LEBANON PKE,NASHVILLE,TN,37214,9125,HERMIT,36.1678,-86.6637,POINT (-86.6637 36.1678)
20190048192,01/18/2019 09:50:00 PM,1,1,0,,N,279201,0,NOT COLLISION W/MOTOR VEHICLE-TRANSPORT,21,CLEAR,3,DARK - LIGHTED,24,GUARDRAIL FACE,I24 W ENT RAMP & I 40,NASHVILLE,TN,37217,8818,HERMIT,36.1397,-86.7275,POINT (-86.7275 36.1397)
20190380090,05/18/2019 04:00:00 AM,1,1,0,,Y,299262,0,NOT COLLISION W/MOTOR VEHICLE-TRANSPORT,21,CLEAR,3,DARK - LIGHTED,8,PEDESTRIAN,JAMES ROBERTSON PKWY & N 1ST ST,NASHVILLE,TN,37213,1101,CENTRA,36.1701,-86.7728,POINT (-86.7728 36.1701)
20190001587,01/01/2019 06:01:00 PM,2,0,0,,Y,298867,5,SIDESWIPE - SAME DIRECTION,21,CLEAR,3,DARK - LIGHTED,12,MOTOR VEHICLE IN TRANSPORT,DOUGLAS AV & DICKERSON PKE,NASHVILLE,TN,37207,1911,EAST,36.1945,-86.7723,POINT (-86.7723 36.1945)