Accident Number,Date and Time,Number of Motor Vehicles,Number of Injuries,Number of Fatalities,Property Damage,Hit and Run,Reporting Officer,Collision Type Code,Collision Type Description,Weather Code,Weather Description,Illumination Code,Illumination Description,Harmful Code,Harmful Code Description,Street Address,City,State,ZIP,RPA,Precinct,Latitude,Longitude,Mapped Location
20190216771,03/20/2019 10:39:00 AM,2,0,0,,N,191578,11,Front to Rear,21,CLEAR,1,DAYLIGHT,12,MOTOR VEHICLE IN TRANSPORT,MM 212 1 I 40,NASHVILLE,TN,37210,90041,HERMIT,36.1463,-86.7422,POINT (-86.7422 36.1463)
20190511066,07/07/2019 12:00:00 AM,2,0,0,,N,298877,11,Front to Rear,2,RAIN,3,DARK - LIGHTED,12,MOTOR VEHICLE IN TRANSPORT,MM 55 3 I 24,NASHVILLE,TN,37211,8602,SOUTH,36.0913,-86.7043,POINT (-86.7043 36.0913)
20190001649,01/01/2019 06:40:00 PM,2,1,0,,N,311337,11,Front to Rear,21,CLEAR,3,DARK - LIGHTED,12,MOTOR VEHICLE IN TRANSPORT,MURFREESBORO PKE & DONELSON PKE,NASHVILLE,TN,37217,8841,SOUTH,36.1062,-86.6731,POINT (-86.6731 36.1062)
20190398821,05/24/2019 10:20:00 PM,2,0,0,,N,299270,4,ANGLE,21,CLEAR,3,DARK - LIGHTED,12,MOTOR VEHICLE IN TRANSPORT,WEST END AV & I440 W EXT RAMP,NASHVILLE,TN,37212,5905,MIDTOW,36.1379,-86.8206,POINT (-86.8206 36.1379)
20190236844,03/27/2019 07:35:00 AM,2,5,1,,N,676834,4,ANGLE,21,CLEAR,1,DAYLIGHT,12,MOTOR VEHICLE IN TRANSPORT,ASHLAND CITY HWY & EATONS CREEK RD,NASHVILLE,TN,37218,3207,NORTH,36.2088,-86.8626,POINT (-86.8626 36.2088)
20190302596,04/19/2019 06:07:00 PM,2,0,0,,N,311333,4,ANGLE,2,RAIN,1,DAYLIGHT,12,MOTOR VEHICLE IN TRANSPORT,OLD HICKORY BLVD & I24 E ENT RAMP,ANTIOCH,TN,37013,8771,SOUTH,36.0134,-86.6207,POINT (-86.6207 36.0134)
20190568070,07/30/2019 09:50:00 PM,2,0,0,,Y,405424,4,ANGLE,21,CLEAR,3,DARK - LIGHTED,12,MOTOR VEHICLE IN TRANSPORT,SMITH SPRINGS RD & CASTLEGATE DR,NASHVILLE,TN,37217,8929,HERMIT,36.0891,-86.6149,POINT (-86.6149 36.0891)
20190522326,07/12/2019 10:10:00 AM,2,0,0,,Y,320575,98,OTHER,21,CLEAR,1,DAYLIGHT,14,PARKED MOTOR VEHICLE,MCGAVOCK PKE & HARDING INDUSTRIAL DR,NASHVILLE,TN,37217,8839,SOUTH,36.0957,-86.6908,POINT (-86.6908 36.0957)
20190177202,03/06/2019 07:04:00 AM,2,0,0,,N,468030,4,ANGLE,21,CLEAR,1,DAYLIGHT,12,MOTOR VEHICLE IN TRANSPORT,BRANCH ST & PORTER TER,NASHVILLE,TN,37206,1335,EAST,36.1943,-86.7261,POINT (-86.7261 36.1943)
20190493144,06/30/2019 11:22:00 AM,3,1,0,,N,212325,4,ANGLE,22,CLOUDY,1,DAYLIGHT,12,MOTOR VEHICLE IN TRANSPORT,STATE RT 45 & MYATT DR,MADISON,TN,37115,1705,MADISO,36.2641,-86.6903,POINT (-86.6903 36.2641)
20190184342,03/08/2019 01:10:00 PM,2,1,0,,N,298864,4,ANGLE,2,RAIN,1,DAYLIGHT,12,MOTOR VEHICLE IN TRANSPORT,RICHMOND HILL DR & SPEARS RD,NASHVILLE,TN,37207,2031,MADISO,36.2358,-86.78,POINT (-86.78 36.2358)
20190329724,04/29/2019 06:05:00 PM,2,0,0,,N,714641,11,Front to Rear,21,CLEAR,1,DAYLIGHT,12,MOTOR VEHICLE IN TRANSPORT,HERMITAGE AV & ACADEMY PL,NASHVILLE,TN,37210,4029,CENTRA,36.1556,-86.7662,POINT (-86.7662 36.1556)
20190400642,05/25/2019 12:00:00 AM,2,0,0,,Y,298868,4,ANGLE,21,CLEAR,1,DAYLIGHT,14,PARKED MOTOR VEHICLE,HIGHWAY 70S & BELLEVUE CTR PVTDR,NASHVILLE,TN,37221,4811,WEST,36.0785,-86.9508,POINT (-86.9508 36.0785)
20190041883,01/16/2019 05:45:00 PM,4,1,0,,N,876597,5,SIDESWIPE - SAME DIRECTION,21,CLEAR,2,DARK - NOT LIGHTED,12,MOTOR VEHICLE IN TRANSPORT,MURFREESBORO PKE & DELL PKWY,NASHVILLE,TN,37217,8841,SOUTH,36.1084,-86.6782,POINT (-86.6782 36.1084)
20190006370,01/03/2019 10:37:00 AM,2,1,0,,N,716886,5,SIDESWIPE - SAME DIRECTION,21,CLEAR,1,DAYLIGHT,12;24,MOTOR VEHICLE IN TRANSPORT;GUARDRAIL FACE,MM 56 1 I 24,NASHVILLE,TN,37211,88100,SOUTH,36.0813,-86.697,POINT (-86.697 36.0813)
20190158535,02/27/2019 11:58:00 AM,1,1,0,,N,676834,0,NOT COLLISION W/MOTOR VEHICLE-TRANSPORT,21,CLEAR,1,DAYLIGHT,5,,BRICK CHURCH PKE & BAPTIST WORLD CENTER,NASHVILLE,TN,37207,3001,NORTH,36.1942,-86.777,POINT (-86.777 36.1942)
20190465119,06/19/2019 01:16:00 PM,2,2,0,,N,109534,4,ANGLE,22,CLOUDY,1,DAYLIGHT,12,MOTOR VEHICLE IN TRANSPORT,OLD LEBANON DIRT RD & OLD HICKORY BLVD,HERMITAGE,TN,37076,9507,HERMIT,36.1909,-86.6152,POINT (-86.6152 36.1909)
20190099806,02/06/2019 10:15:00 AM,2,0,0,,N,902543,4,ANGLE,22,CLOUDY,1,DAYLIGHT,12,MOTOR VEHICLE IN TRANSPORT,JAMES ROBERTSON PKWY & INTERSTATE DR,NASHVILLE,TN,37213,1105,CENTRA,36.1714,-86.769,POINT (-86.769 36.1714)
20190233900,03/26/2019 07:05:00 AM,2,1,0,,N,330438,4,ANGLE,21,CLEAR,1,DAYLIGHT,12,MOTOR VEHICLE IN TRANSPORT,SMITH SPRINGS RD & RURAL HILL RD,NASHVILLE,TN,37217,8965,HERMIT,36.0899,-86.6248,POINT (-86.6248 36.0899)
20190471527,06/21/2019 03:48:00 PM,2,0,0,,Y,405418,5,SIDESWIPE - SAME DIRECTION,22,CLOUDY,1,DAYLIGHT,12;33,MOTOR VEHICLE IN TRANSPORT;CURB,OAKES DR & HEALTH PARK DR,BRENTWOOD,TN,37027,8623,MIDTOW,36.0408,-86.7735,POINT (-86.7735 36.0408)
20190136499,02/19/2019 06:14:00 PM,2,0,0,,N,311327,11,Front to Rear,2,RAIN,3,DARK - LIGHTED,12,MOTOR VEHICLE IN TRANSPORT,GALLATIN PKE & LELAND AV,NASHVILLE,TN,37216,1415,EAST,36.2039,-86.7383,POINT (-86.7383 36.2039)
20190083750,01/31/2019 02:39:00 PM,2,0,0,,N,311333,11,Front to Rear,21,CLEAR,1,DAYLIGHT,12,MOTOR VEHICLE IN TRANSPORT,MM 62 4 I 24,ANTIOCH,TN,37013,8806,SOUTH,36.0157,-86.6218,POINT (-86.6218 36.0157)
20190131084,02/18/2019 12:00:00 AM,2,0,0,,Y,279233,11,Front to Rear,21,CLEAR,3,DARK - LIGHTED,12,MOTOR VEHICLE IN TRANSPORT,MM 205 9 I 40,NASHVILLE,TN,37209,45042,NORTH,36.1578,-86.8233,POINT (-86.8233 36.1578)
20190420817,06/02/2019 02:00:00 PM,2,0,0,,N,279214,4,ANGLE,21,CLEAR,1,DAYLIGHT,12,MOTOR VEHICLE IN TRANSPORT,VAULX LN & INVERNESS AV,NASHVILLE,TN,37204,6953,MIDTOW,36.1239,-86.7813,POINT (-86.7813 36.1239)
20190137899,02/20/2019 12:00:00 AM,1,0,0,Y,N,284059,0,NOT COLLISION W/MOTOR VEHICLE-TRANSPORT,2,RAIN,3,DARK - LIGHTED,30;64,UTILITY POLE;Ran Off Road-Left,MM 88 5 I 65,NASHVILLE,TN,37207,30040,NORTH,36.2237,-86.7746,POINT (-86.7746 36.2237)
20190055889,01/22/2019 07:43:00 AM,2,0,0,,N,225773,11,Front to Rear,21,CLEAR,1,DAYLIGHT,12,MOTOR VEHICLE IN TRANSPORT,MM 79 4 I 65,NASHVILLE,TN,37204,70042,MIDTOW,36.105,-86.7672,POINT (-86.7672 36.105)
20190433752,06/07/2019 09:00:00 AM,1,0,0,,N,306231,0,NOT COLLISION W/MOTOR VEHICLE-TRANSPORT,2,RAIN,1,DAYLIGHT,36,CONCRETE TRAFFIC BARRIER,BRILEY PKWYS & BRILEY PKWYN,NASHVILLE,TN,37218,3212,NORTH,36.2142,-86.8724,POINT (-86.8724 36.2142)
20190387863,05/21/2019 11:36:00 AM,2,0,0,,N,352158,4,ANGLE,21,CLEAR,1,DAYLIGHT,12,MOTOR VEHICLE IN TRANSPORT,NOLENSVILLE PKE & HARDING PL,NASHVILLE,TN,37211,8445,SOUTH,36.0809,-86.7267,POINT (-86.7267 36.0809)
20190341060,05/03/2019 03:55:00 PM,1,0,0,Y,Y,298874,0,NOT COLLISION W/MOTOR VEHICLE-TRANSPORT,22,CLOUDY,1,DAYLIGHT,30;31,"UTILITY POLE;OTHER POST, POLE, SUPP.",VERNON WINFREY AV & LISCHEY AV,NASHVILLE,TN,37207,1921,EAST,36.1885,-86.764,POINT (-86.764 36.1885)
20190371720,05/15/2019 10:42:00 AM,2,0,0,,N,191578,11,Front to Rear,2,RAIN,1,DAYLIGHT,12,MOTOR VEHICLE IN TRANSPORT,MM 215 6 I 40,NASHVILLE,TN,37214,9102,HERMIT,36.1431,-86.6845,POINT (-86.6845 36.1431)
20190453265,06/14/2019 04:03:00 PM,2,0,0,,N,240955,11,Front to Rear,21,CLEAR,1,DAYLIGHT,12,MOTOR VEHICLE IN TRANSPORT,EULALA DR & OLD HICKORY BLVD,NASHVILLE,TN,37211,8717,SOUTH,36.0454,-86.7036,POINT (-86.7036 36.0454)
20190421517,06/02/2019 09:24:00 PM,2,0,0,,N,110090,4,ANGLE,21,CLEAR,3,DARK - LIGHTED,12,MOTOR VEHICLE IN TRANSPORT,I24 E ENT RAMP & I 24,NASHVILLE,TN,37213,1007,CENTRA,36.1662,-86.7659,POINT (-86.7659 36.1662)
20190271014,04/08/2019 08:22:00 PM,2,0,0,,Y,279124,4,ANGLE,21,CLEAR,3,DARK - LIGHTED,12,MOTOR VEHICLE IN TRANSPORT,ANTIOCH PKE & CANDY LN,NASHVILLE,TN,37211,8845,SOUTH,36.0918,-86.697,POINT (-86.697 36.0918)
20190332677,04/30/2019 12:00:00 AM,2,2,0,,N,256379,4,ANGLE,21,CLEAR,1,DAYLIGHT,12,MOTOR VEHICLE IN TRANSPORT,NOLENSVILLE PKE & PATTERSON ST,NASHVILLE,TN,37211,8427,SOUTH,36.1031,-86.7412,POINT (-86.7412 36.1031)
20190094863,02/04/2019 10:08:00 PM,2,0,0,,N,279208,11,Front to Rear,22,CLOUDY,7,Dark-Unknown Lighting,12,MOTOR VEHICLE IN TRANSPORT,MM 2 0 I 440,NASHVILLE,TN,37205,6004,WEST,36.13,-86.8171,POINT (-86.8171 36.13)
20190009811,01/04/2019 03:34:00 PM,2,0,0,,N,267831,11,Front to Rear,2,RAIN,1,DAYLIGHT,12,MOTOR VEHICLE IN TRANSPORT,MM 1 6 I 440,NASHVILLE,TN,37209,5230,WEST,36.1531,-86.8228,POINT (-86.8228 36.1531)
20190460550,06/17/2019 09:10:00 PM,2,1,0,,N,330440,5,SIDESWIPE - SAME DIRECTION,2,RAIN,3,DARK - LIGHTED,1;12;24,MOTOR VEHICLE IN TRANSPORT;GUARDRAIL FACE,MM 86 2 I 65,NASHVILLE,TN,37207,1910,CENTRA,36.1919,-86.7812,POINT (-86.7812 36.1919)
20190350741,05/07/2019 02:09:00 PM,2,0,0,,Y,267831,11,Front to Rear,21,CLEAR,1,DAYLIGHT,12,MOTOR VEHICLE IN TRANSPORT,CHARLOTTE PKE & OCEOLA AV,NASHVILLE,TN,37209,5025,WEST,36.1495,-86.8605,POINT (-86.8605 36.1495)
20190261874,04/05/2019 06:08:00 AM,2,1,0,,N,110090,4,ANGLE,21,CLEAR,3,DARK - LIGHTED,12,MOTOR VEHICLE IN TRANSPORT,MURFREESBORO PKE & MOUNTAIN SPRINGS RD,ANTIOCH,TN,37013,8927,SOUTH,36.0478,-86.6121,POINT (-86.6121 36.0478)
20190504962,07/04/2019 08:45:00 PM,2,1,0,,N,299253,2,HEAD-ON,8,"SMOG, SMOKE",2,DARK - NOT LIGHTED,12;14,MOTOR VEHICLE IN TRANSPORT;PARKED MOTOR VEHICLE,MERIDIAN ST & RICHARDSON AV,NASHVILLE,TN,37207,1909,EAST,36.1913,-86.7675,POINT (-86.7675 36.1913)
20190049454,01/19/2019 01:10:00 PM,1,1,0,Y,N,320601,0,NOT COLLISION W/MOTOR VEHICLE-TRANSPORT,2,RAIN,1,DAYLIGHT,30,UTILITY POLE,KIDD RD & MCFARLIN RD,NOLENSVILLE,TN,37135,8773,SOUTH,35.9754,-86.6459,POINT (-86.6459 35.9754)
20190382699,05/19/2019 11:52:00 AM,2,0,0,,N,876581,11,Front to Rear,22,CLOUDY,1,DAYLIGHT,12,MOTOR VEHICLE IN TRANSPORT,GALLATIN PKEN & SHEPHERD HILLS DR,MADISON,TN,37115,1731,MADISO,36.3009,-86.6946,POINT (-86.6946 36.3009)
20190418937,06/01/2019 05:00:00 PM,2,0,0,,N,330415,5,SIDESWIPE - SAME DIRECTION,21,CLEAR,1,DAYLIGHT,12,MOTOR VEHICLE IN TRANSPORT,4TH AVS & PEABODY ST,NASHVILLE,TN,37201,4047,CENTRA,36.1566,-86.7744,POINT (-86.7744 36.1566)
20190468598,06/20/2019 03:40:00 PM,2,0,0,,N,281611,4,ANGLE,21,CLEAR,1,DAYLIGHT,12,MOTOR VEHICLE IN TRANSPORT,MM 199 6 I 40,NASHVILLE,TN,37209,4708,WEST,36.1154,-86.9174,POINT (-86.9174 36.1154)
20190542506,07/20/2019 02:05:00 PM,1,0,0,Y,N,262757,0,NOT COLLISION W/MOTOR VEHICLE-TRANSPORT,21,CLEAR,1,DAYLIGHT,25,GUARDRAIL END,I24 W ENT RAMP & I 40,NASHVILLE,TN,37217,8818,HERMIT,36.1397,-86.7275,POINT (-86.7275 36.1397)
20190061446,01/24/2019 03:13:00 AM,2,1,0,,Y,151122,0,NOT COLLISION W/MOTOR VEHICLE-TRANSPORT,22,CLOUDY,3,DARK - LIGHTED,41;64;99,SHRUBBERY;Ran Off Road-Left;UNKNOWN MOST HARMFUL EVENT,PACKARD DR & BRENDA LN,ANTIOCH,TN,37013,8713,SOUTH,36.0633,-86.6904,POINT (-86.6904 36.0633)
20190297021,04/17/2019 09:26:00 PM,2,0,0,,N,429193,11,Front to Rear,21,CLEAR,3,DARK - LIGHTED,12,MOTOR VEHICLE IN TRANSPORT,CHARLOTTE PKE & TRAEMOOR VILLAGE DR,NASHVILLE,TN,37221,4711,WEST,36.1154,-86.9252,POINT (-86.9252 36.1154)
20190265892,04/06/2019 07:15:00 PM,2,0,0,,Y,320585,6,SIDESWIPE - OPPOSITE DIRECTION,21,CLEAR,1,DAYLIGHT,12,MOTOR VEHICLE IN TRANSPORT,I40 E ENT RAMP & I 40,NASHVILLE,TN,37205,4903,WEST,36.1109,-86.922,POINT (-86.922 36.1109)
20190123980,02/15/2019 12:15:00 AM,2,0,0,Y,N,279213,4,ANGLE,21,CLEAR,2,DARK - NOT LIGHTED,14,PARKED MOTOR VEHICLE,VILLAGE TRL & RIDGESIDE DR,NASHVILLE,TN,37207,2011,MADISO,36.2477,-86.7716,POINT (-86.7716 36.2477)
20190198870,03/13/2019 10:55:00 PM,2,0,0,,N,405424,11,Front to Rear,21,CLEAR,3,DARK - LIGHTED,12,MOTOR VEHICLE IN TRANSPORT,2308 MURFREESBORO PKE,NASHVILLE,TN,37217,8937,HERMIT,36.0866,-86.6485,POINT (-86.6485 36.0866)
20190205737,03/16/2019 12:59:00 PM,5,1,0,,N,553957,11,Front to Rear,21,CLEAR,1,DAYLIGHT,12,MOTOR VEHICLE IN TRANSPORT,MM 52 2 I 24,NASHVILLE,TN,37217,8816,SOUTH,36.1359,-86.7267,POINT (-86.7267 36.1359)
20190417387,05/31/2019 10:06:00 PM,2,0,0,,N,212321,5,SIDESWIPE - SAME DIRECTION,21,CLEAR,3,DARK - LIGHTED,12,MOTOR VEHICLE IN TRANSPORT,MURFREESBORO PKE & DONELSON PKE,NASHVILLE,TN,37217,8841,SOUTH,36.1062,-86.6731,POINT (-86.6731 36.1062)
20190383128,05/19/2019 02:45:00 PM,2,0,0,,N,197054,11,Front to Rear,22,CLOUDY,1,DAYLIGHT,12,MOTOR VEHICLE IN TRANSPORT,BRILEY PKWY & GLASTONBURY RD,NASHVILLE,TN,37217,88940,HERMIT,36.1373,-86.6997,POINT (-86.6997 36.1373)
20190234652,03/26/2019 01:08:00 PM,2,0,0,,N,279230,5,SIDESWIPE - SAME DIRECTION,21,CLEAR,1,DAYLIGHT,12,MOTOR VEHICLE IN TRANSPORT,BELL RD & CANE RIDGE RD,ANTIOCH,TN,37013,8751,SOUTH,36.0447,-86.6615,POINT (-86.6615 36.0447)
20190273250,04/09/2019 03:40:00 PM,2,0,0,,N,161948,4,ANGLE,21,CLEAR,1,DAYLIGHT,12,MOTOR VEHICLE IN TRANSPORT,WINDEMERE CIR & GLENOAKS DR,NASHVILLE,TN,37214,9317,HERMIT,36.1856,-86.6714,POINT (-86.6714 36.1856)
20190431536,06/06/2019 12:19:00 PM,2,0,0,,N,226622,4,ANGLE,22,CLOUDY,1,DAYLIGHT,12,MOTOR VEHICLE IN TRANSPORT,CHARLOTTE PKE & OLD CHARLOTTE PKE,NASHVILLE,TN,37209,5009,WEST,36.1318,-86.8958,POINT (-86.8958 36.1318)
20190425096,06/04/2019 07:30:00 AM,2,0,0,,Y,716886,5,SIDESWIPE - SAME DIRECTION,21,CLEAR,1,DAYLIGHT,12,MOTOR VEHICLE IN TRANSPORT,HARDING PL & ANTIOCH PKE,NASHVILLE,TN,37211,8843,SOUTH,36.0878,-86.6914,POINT (-86.6914 36.0878)
20190476969,06/24/2019 10:25:00 AM,2,1,0,,N,311799,5,SIDESWIPE - SAME DIRECTION,22,CLOUDY,1,DAYLIGHT,12,MOTOR VEHICLE IN TRANSPORT,DICKERSON PKE ENT RAMP & DICKERSON PKE,MADISON,TN,37115,2009,MADISO,36.242,-86.7568,POINT (-86.7568 36.242)
20190244359,03/29/2019 04:59:00 PM,2,0,0,,N,212346,5,SIDESWIPE - SAME DIRECTION,21,CLEAR,1,DAYLIGHT,12,MOTOR VEHICLE IN TRANSPORT,SHELBY AV & I24 W ENT RAMP,NASHVILLE,TN,37213,1002,CENTRA,36.1666,-86.7649,POINT (-86.7649 36.1666)
20190142918,02/21/2019 06:10:00 PM,1,0,0,Y,N,256386,0,NOT COLLISION W/MOTOR VEHICLE-TRANSPORT,2,RAIN,3,DARK - LIGHTED,34,DITCH,ANDERSON RD & DEL CREST DR,NASHVILLE,TN,37217,8985,HERMIT,36.0954,-86.6043,POINT (-86.6043 36.0954)
20190534824,07/17/2019 02:07:00 PM,2,0,0,,N,299257,11,Front to Rear,21,CLEAR,1,DAYLIGHT,12,MOTOR VEHICLE IN TRANSPORT,MM 4 4 I 440,NASHVILLE,TN,37204,7014,MIDTOW,36.1158,-86.7827,POINT (-86.7827 36.1158)
20190352994,05/08/2019 08:38:00 AM,3,0,0,,N,320575,11,Front to Rear,21,CLEAR,1,DAYLIGHT,12,MOTOR VEHICLE IN TRANSPORT,MM 54 0 I 24,NASHVILLE,TN,37211,88122,SOUTH,36.1064,-86.7188,POINT (-86.7188 36.1064)
20190413106,05/30/2019 12:00:00 AM,2,0,0,,N,429205,11,Front to Rear,22,CLOUDY,1,DAYLIGHT,12,MOTOR VEHICLE IN TRANSPORT,MM 49 3 I 24,NASHVILLE,TN,37206,10040,EAST,36.1629,-86.7614,POINT (-86.7614 36.1629)
20190180573,03/07/2019 07:31:00 AM,2,0,0,,N,716886,11,Front to Rear,21,CLEAR,1,DAYLIGHT,12,MOTOR VEHICLE IN TRANSPORT,MM 7 2 I 440,NASHVILLE,TN,37210,83043,SOUTH,36.1251,-86.7339,POINT (-86.7339 36.1251)
20190152971,02/25/2019 04:29:00 PM,3,0,0,,N,212346,11,Front to Rear,21,CLEAR,1,DAYLIGHT,12,MOTOR VEHICLE IN TRANSPORT,MM 48 9 I 24,NASHVILLE,TN,37213,1104,CENTRA,36.1676,-86.7656,POINT (-86.7656 36.1676)
20190325770,04/28/2019 12:20:00 AM,2,0,0,,Y,330422,3,REAR-TO-REAR,21,CLEAR,3,DARK - LIGHTED,14,PARKED MOTOR VEHICLE,APACHE TRL & HAYWOOD LN,NASHVILLE,TN,37211,8709,SOUTH,36.0696,-86.6939,POINT (-86.6939 36.0696)
20190480918,06/25/2019 06:25:00 PM,2,0,0,,N,256448,11,Front to Rear,21,CLEAR,1,DAYLIGHT,12,MOTOR VEHICLE IN TRANSPORT,BRILEY PKWYN & BRILEY PKWYS,NASHVILLE,TN,37211,8404,SOUTH,36.1092,-86.727,POINT (-86.727 36.1092)
20190510190,07/07/2019 09:30:00 AM,4,1,0,,N,320601,11,Front to Rear,21,CLEAR,1,DAYLIGHT,12,MOTOR VEHICLE IN TRANSPORT,MM 54 9 I 24,NASHVILLE,TN,37211,8812,SOUTH,36.0962,-86.7081,POINT (-86.7081 36.0962)
20190575358,08/02/2019 05:29:00 PM,2,0,0,,Y,579971,4,ANGLE,21,CLEAR,1,DAYLIGHT,12,MOTOR VEHICLE IN TRANSPORT,BELL RD & RICE RD,ANTIOCH,TN,37013,8865,SOUTH,36.0731,-86.6358,POINT (-86.6358 36.0731)
20190334121,05/01/2019 05:42:00 AM,2,0,0,,N,279203,4,ANGLE,21,CLEAR,4,DAWN,12,MOTOR VEHICLE IN TRANSPORT,11TH AVN & CHARLOTTE AV,NASHVILLE,TN,37203,4151,CENTRA,36.1621,-86.7906,POINT (-86.7906 36.1621)
20190254720,04/02/2019 07:03:00 PM,2,0,0,,N,151132,11,Front to Rear,21,CLEAR,5,DUSK,12,MOTOR VEHICLE IN TRANSPORT,CONFERENCE DR & RIVERGATE MARKETPLACE PV,GOODLETTSVILLE,TN,37072,1751,MADISO,36.3035,-86.6924,POINT (-86.6924 36.3035)
20190296211,04/17/2019 03:49:00 PM,2,0,0,,N,256384,11,Front to Rear,21,CLEAR,1,DAYLIGHT,12,MOTOR VEHICLE IN TRANSPORT,BRILEY PKWYS & I24 W EXT RAMP,NASHVILLE,TN,37211,88962,SOUTH,36.11,-86.7208,POINT (-86.7208 36.11)
20190525413,07/13/2019 07:50:00 PM,2,0,0,,N,279214,5,SIDESWIPE - SAME DIRECTION,21,CLEAR,1,DAYLIGHT,12,MOTOR VEHICLE IN TRANSPORT,8TH AVS & EAST ARGYLE AV,NASHVILLE,TN,37203,6901,MIDTOW,36.1347,-86.7791,POINT (-86.7791 36.1347)
20190269277,04/08/2019 06:37:00 AM,2,0,0,,Y,161952,6,SIDESWIPE - OPPOSITE DIRECTION,2,RAIN,1,DAYLIGHT,12,MOTOR VEHICLE IN TRANSPORT,OLD HICKORY BLVD & LICKTON PKE,WHITES CREEK,TN,37189,3227,NORTH,36.2736,-86.8173,POINT (-86.8173 36.2736)
20190416411,05/31/2019 12:00:00 AM,2,0,0,,N,299258,11,Front to Rear,21,CLEAR,1,DAYLIGHT,12,MOTOR VEHICLE IN TRANSPORT,I65 S EXT RAMP & I 65,MADISON,TN,37115,20044,MADISO,36.2481,-86.743,POINT (-86.743 36.2481)
20190283624,04/13/2019 07:48:00 AM,1,0,0,,N,110063,0,NOT COLLISION W/MOTOR VEHICLE-TRANSPORT,2,RAIN,1,DAYLIGHT,24,GUARDRAIL FACE,MM 86 5 I 65,NASHVILLE,TN,37207,3006,NORTH,36.1946,-86.7762,POINT (-86.7762 36.1946)
20190400525,05/25/2019 04:10:00 PM,2,1,0,,N,298874,4,ANGLE,21,CLEAR,1,DAYLIGHT,12,MOTOR VEHICLE IN TRANSPORT,FORREST AV & N 14TH ST,NASHVILLE,TN,37206,1217,EAST,36.1781,-86.7456,POINT (-86.7456 36.1781)
20190003087,01/02/2019 06:37:00 AM,2,0,0,,N,419983,11,Front to Rear,22,CLOUDY,1,DAYLIGHT,12,MOTOR VEHICLE IN TRANSPORT,MM 210 7 I 40,NASHVILLE,TN,37210,8202,HERMIT,36.1532,-86.7644,POINT (-86.7644 36.1532)
20190027552,01/11/2019 11:26:00 AM,2,0,0,,N,109534,5,SIDESWIPE - SAME DIRECTION,22,CLOUDY,1,DAYLIGHT,12,MOTOR VEHICLE IN TRANSPORT,MM 211 7 I 40,NASHVILLE,TN,37210,82042,HERMIT,36.1499,-86.7483,POINT (-86.7483 36.1499)
20190366045,05/13/2019 01:36:00 PM,2,0,0,,N,716886,5,SIDESWIPE - SAME DIRECTION,21,CLEAR,1,DAYLIGHT,12,MOTOR VEHICLE IN TRANSPORT,I24 E ENT RAMP & I 24,NASHVILLE,TN,37213,1007,CENTRA,36.1662,-86.7659,POINT (-86.7659 36.1662)
20190355413,05/09/2019 12:00:00 AM,1,0,0,,Y,320586,0,NOT COLLISION W/MOTOR VEHICLE-TRANSPORT,99,UNKNOWN,9,UNKNOWN,34;42,DITCH;TREE,BURKITT RD & BATTLE RD,ANTIOCH,TN,37013,8771,SOUTH,36.0594,-86.7161,POINT (-86.7161 36.0594)
20190454444,06/15/2019 12:00:00 AM,2,0,0,,Y,320591,11,Front to Rear,21,CLEAR,3,DARK - LIGHTED,12,MOTOR VEHICLE IN TRANSPORT,HICKORY HOLLOW LN & BELL RD,ANTIOCH,TN,37013,8863,SOUTH,36.0491,-86.6517,POINT (-86.6517 36.0491)
20190412708,05/30/2019 10:19:00 AM,2,0,0,,N,352198,3,REAR-TO-REAR,21,CLEAR,1,DAYLIGHT,14,PARKED MOTOR VEHICLE,FAIRFAX AV & 25TH AVS,NASHVILLE,TN,37212,5823,MIDTOW,36.1348,-86.8074,POINT (-86.8074 36.1348)
20190397907,05/24/2019 04:01:00 PM,1,1,0,Y,N,151132,0,NOT COLLISION W/MOTOR VEHICLE-TRANSPORT,21,CLEAR,1,DAYLIGHT,30;63,UTILITY POLE;Ran Off Road-Right,BUBBLING WELL RD & SANDHURST DR,MADISON,TN,37115,1635,MADISO,36.2602,-86.6789,POINT (-86.6789 36.2602)
20190436122,06/08/2019 06:00:00 AM,2,0,0,Y,N,284059,4,ANGLE,21,CLEAR,1,DAYLIGHT,12,MOTOR VEHICLE IN TRANSPORT,BUENA VISTA PKE & SHAWNWOOD CIR,NASHVILLE,TN,37218,3035,NORTH,36.2085,-86.8194,POINT (-86.8194 36.2085)
20190405544,05/27/2019 10:40:00 PM,2,0,0,,Y,311800,11,Front to Rear,21,CLEAR,3,DARK - LIGHTED,12,MOTOR VEHICLE IN TRANSPORT,LAFAYETTE ST & ASH ST,NASHVILLE,TN,37210,4005,CENTRA,36.1521,-86.7721,POINT (-86.7721 36.1521)
20190468409,06/20/2019 12:00:00 AM,2,0,0,,Y,298877,5,SIDESWIPE - SAME DIRECTION,21,CLEAR,1,DAYLIGHT,12,MOTOR VEHICLE IN TRANSPORT,MM 51 2 I 24,NASHVILLE,TN,37210,81020,SOUTH,36.1299,-86.7278,POINT (-86.7278 36.1299)
20190142723,02/21/2019 12:00:00 AM,2,0,0,,N,298877,11,Front to Rear,2,RAIN,3,DARK - LIGHTED,12,MOTOR VEHICLE IN TRANSPORT,MM 7 1 I 440,NASHVILLE,TN,37210,8104,SOUTH,36.1249,-86.7355,POINT (-86.7355 36.1249)