Accident Number,Date and Time,Number of Motor Vehicles,Number of Injuries,Number of Fatalities,Property Damage,Hit and Run,Reporting Officer,Collision Type Code,Collision Type Description,Weather Code,Weather Description,Illumination Code,Illumination Description,Harmful Code,Harmful Code Description,Street Address,City,State,ZIP,RPA,Precinct,Latitude,Longitude,Mapped Location
20190284997,04/13/2019 09:45:00 PM,2,2,0,,Y,279214,4,ANGLE,2,RAIN,3,DARK - LIGHTED,12,MOTOR VEHICLE IN TRANSPORT,MCMURRAY DR & HILSON RD,NASHVILLE,TN,37211,8657,MIDTOW,36.0549,-86.729,POINT (-86.729 36.0549)
20190106726,02/08/2019 07:33:00 PM,2,0,0,,Y,256380,4,ANGLE,21,CLEAR,3,DARK - LIGHTED,12,MOTOR VEHICLE IN TRANSPORT,BUENA VISTA PKE & CURTIS ST,NASHVILLE,TN,37218,3135,NORTH,36.198,-86.8273,POINT (-86.8273 36.198)
20190223268,03/22/2019 10:30:00 AM,2,0,0,,N,223502,11,Front to Rear,21,CLEAR,1,DAYLIGHT,12,MOTOR VEHICLE IN TRANSPORT,MM 7 0 I 440,NASHVILLE,TN,37210,83042,SOUTH,36.1243,-86.738,POINT (-86.738 36.1243)
20190076076,01/29/2019 09:00:00 AM,2,0,0,,Y,693093,4,ANGLE,21,CLEAR,1,DAYLIGHT,12,MOTOR VEHICLE IN TRANSPORT,DOVERSIDE DR & MOOREWOOD DR,NASHVILLE,TN,37207,2033,MADISO,36.2404,-86.773,POINT (-86.773 36.2404)
20190524497,07/13/2019 10:11:00 AM,2,0,0,,N,462474,4,ANGLE,22,CLOUDY,1,DAYLIGHT,12,MOTOR VEHICLE IN TRANSPORT,EDMONDSON PKE & OLD HICKORY BLVD,NASHVILLE,TN,37211,8651,MIDTOW,36.04,-86.7435,POINT (-86.7435 36.04)
20190137983,02/20/2019 07:05:00 AM,2,1,0,,N,226136,4,ANGLE,2,RAIN,1,DAYLIGHT,12,MOTOR VEHICLE IN TRANSPORT,HILLSBORO PKE & OLD HICKORY BLVD,BRENTWOOD,TN,37027,6301,MIDTOW,36.0471,-86.863,POINT (-86.863 36.0471)
20190483340,06/26/2019 02:18:00 PM,2,1,0,,N,308295,4,ANGLE,21,CLEAR,1,DAYLIGHT,12,MOTOR VEHICLE IN TRANSPORT,MM 205 3 I 40,NASHVILLE,TN,37209,45045,WEST,36.1543,-86.8337,POINT (-86.8337 36.1543)
20190320022,04/25/2019 03:49:00 PM,2,0,0,,N,414668,11,Front to Rear,22,CLOUDY,1,DAYLIGHT,12,MOTOR VEHICLE IN TRANSPORT,W TRINITY LN & BRICK CHURCH PKE,NASHVILLE,TN,37207,3003,NORTH,36.2066,-86.7779,POINT (-86.7779 36.2066)
20190163489,03/01/2019 06:40:00 AM,2,1,0,,N,279122,11,Front to Rear,2,RAIN,1,DAYLIGHT,12,MOTOR VEHICLE IN TRANSPORT,BUENA VISTA PKE & CLARKSVILLE PKE,NASHVILLE,TN,37218,3161,NORTH,36.1937,-86.8312,POINT (-86.8312 36.1937)
20190473474,06/22/2019 03:18:00 PM,2,4,0,,N,311337,11,Front to Rear,21,CLEAR,1,DAYLIGHT,12,MOTOR VEHICLE IN TRANSPORT,KNAPP BLVD & DONELSON PKE,NASHVILLE,TN,37217,8951,HERMIT,36.1097,-86.6715,POINT (-86.6715 36.1097)
20190051001,01/20/2019 06:53:00 AM,2,0,0,,N,474557,5,SIDESWIPE - SAME DIRECTION,21,CLEAR,1,DAYLIGHT,12,MOTOR VEHICLE IN TRANSPORT,BELL RD & CANE RIDGE RD,ANTIOCH,TN,37013,8753,SOUTH,36.0449,-86.6631,POINT (-86.6631 36.0449)
20190433792,06/07/2019 09:26:00 AM,2,2,0,,N,876581,11,Front to Rear,2,RAIN,1,DAYLIGHT,12,MOTOR VEHICLE IN TRANSPORT,STATE RT 45 & RIO VISTA DR,MADISON,TN,37115,1705,MADISO,36.2628,-86.681,POINT (-86.681 36.2628)
20190199510,03/14/2019 07:28:00 AM,2,0,0,,N,620072,5,SIDESWIPE - SAME DIRECTION,22,CLOUDY,1,DAYLIGHT,12,MOTOR VEHICLE IN TRANSPORT,DIVISION ST & MUSIC SQW,NASHVILLE,TN,37203,6733,MIDTOW,36.152,-86.7929,POINT (-86.7929 36.152)
20190345220,05/05/2019 04:45:00 PM,2,2,0,,N,311798,11,Front to Rear,21,CLEAR,1,DAYLIGHT,12,MOTOR VEHICLE IN TRANSPORT,JEFFERSON ST & 14TH AVN,NASHVILLE,TN,37208,5415,NORTH,36.1707,-86.8018,POINT (-86.8018 36.1707)
20190152776,02/25/2019 02:57:00 PM,2,0,0,,N,197070,5,SIDESWIPE - SAME DIRECTION,21,CLEAR,1,DAYLIGHT,12,MOTOR VEHICLE IN TRANSPORT,MM 85 1 I 65,NASHVILLE,TN,37208,43023,NORTH,36.1815,-86.7999,POINT (-86.7999 36.1815)
20190319455,04/25/2019 12:37:00 PM,1,0,0,Y,Y,240952,0,NOT COLLISION W/MOTOR VEHICLE-TRANSPORT,21,CLEAR,1,DAYLIGHT,19,BUILDING,OLD HICKORY BLVD & FIRESTONE PKWY,ANTIOCH,TN,37013,8867,SOUTH,36.017,-86.6199,POINT (-86.6199 36.017)
20190547167,07/22/2019 04:10:00 PM,1,0,0,,N,330417,0,NOT COLLISION W/MOTOR VEHICLE-TRANSPORT,2,RAIN,1,DAYLIGHT,24,GUARDRAIL FACE,MADISON BLVD & NEELYS BEND RD,MADISON,TN,37115,1625,MADISO,36.2556,-86.7073,POINT (-86.7073 36.2556)
20190012342,01/05/2019 06:24:00 PM,2,1,0,,N,330414,4,ANGLE,21,CLEAR,2,DARK - NOT LIGHTED,12,MOTOR VEHICLE IN TRANSPORT,ANNEX AV & CABOT DR,NASHVILLE,TN,37209,4677,WEST,36.1419,-86.8859,POINT (-86.8859 36.1419)
20190023900,01/10/2019 04:08:00 AM,4,0,0,Y,N,279201,11,Front to Rear,21,CLEAR,3,DARK - LIGHTED,14,PARKED MOTOR VEHICLE,ELM HILL PKE & ACORN DR,NASHVILLE,TN,37210,9033,HERMIT,36.1497,-86.7021,POINT (-86.7021 36.1497)
20190385841,05/20/2019 12:00:00 AM,2,0,0,,Y,676824,5,SIDESWIPE - SAME DIRECTION,21,CLEAR,3,DARK - LIGHTED,14,PARKED MOTOR VEHICLE,2400 DOWLAN ST,NASHVILLE,TN,37208,4433,NORTH,36.1883,-86.8156,POINT (-86.8156 36.1883)
20190168772,03/03/2019 12:41:00 PM,1,0,0,Y,N,179602,0,NOT COLLISION W/MOTOR VEHICLE-TRANSPORT,2,RAIN,1,DAYLIGHT,34,DITCH,MOORMANS ARM RD & CROUCH DR,NASHVILLE,TN,37207,3015,NORTH,36.2158,-86.8141,POINT (-86.8141 36.2158)
20190506625,07/05/2019 01:10:00 PM,2,1,0,,N,902543,11,Front to Rear,22,CLOUDY,1,DAYLIGHT,12,MOTOR VEHICLE IN TRANSPORT,DICKERSON PKE & HILLHURST DR,NASHVILLE,TN,37207,1811,EAST,36.2269,-86.7599,POINT (-86.7599 36.2269)
20190449519,06/13/2019 11:30:00 AM,2,0,0,,N,352155,11,Front to Rear,21,CLEAR,1,DAYLIGHT,12,MOTOR VEHICLE IN TRANSPORT,NOLENSVILLE RD & BURKITT RD,NOLENSVILLE,TN,37135,8773,SOUTH,35.9912,-86.6835,POINT (-86.6835 35.9912)
20190158878,02/27/2019 01:55:00 PM,2,0,0,,N,716886,11,Front to Rear,21,CLEAR,1,DAYLIGHT,12,MOTOR VEHICLE IN TRANSPORT,NOLENSVILLE PKE & MORTON AV,NASHVILLE,TN,37211,8405,SOUTH,36.1062,-86.7428,POINT (-86.7428 36.1062)
20190407921,05/27/2019 08:30:00 PM,2,0,0,,Y,212344,9,UNKNOWN,99,UNKNOWN,3,DARK - LIGHTED,14,PARKED MOTOR VEHICLE,FATHERLAND ST & S 17TH ST,NASHVILLE,TN,37206,1223,EAST,36.1732,-86.74,POINT (-86.74 36.1732)
20190371494,05/15/2019 08:30:00 AM,2,0,0,,N,474557,11,Front to Rear,2,RAIN,1,DAYLIGHT,12,MOTOR VEHICLE IN TRANSPORT,NOLENSVILLE PKE & ALLIED DR,NASHVILLE,TN,37211,8511,MIDTOW,36.0962,-86.7377,POINT (-86.7377 36.0962)
20190390476,05/22/2019 07:39:00 AM,2,0,0,,N,546012,11,Front to Rear,21,CLEAR,1,DAYLIGHT,12,MOTOR VEHICLE IN TRANSPORT,SPRINGFIELD HWY & EAST END RD,GOODLETTSVILLE,TN,37072,2217,MADISO,36.3943,-86.7643,POINT (-86.7643 36.3943)
20190263352,04/05/2019 05:48:00 PM,2,1,0,,N,834813,11,Front to Rear,22,CLOUDY,1,DAYLIGHT,12,MOTOR VEHICLE IN TRANSPORT,MM 36 7 I 24,WHITES CREEK,TN,37189,33180,NORTH,36.3184,-86.8397,POINT (-86.8397 36.3184)
20190105805,02/08/2019 11:45:00 AM,2,0,0,,Y,332253,11,Front to Rear,21,CLEAR,1,DAYLIGHT,12,MOTOR VEHICLE IN TRANSPORT,MM 87 3 I 65,NASHVILLE,TN,37207,1804,EAST,36.2068,-86.7762,POINT (-86.7762 36.2068)
20190101164,02/06/2019 07:06:00 PM,2,0,0,,N,256422,5,SIDESWIPE - SAME DIRECTION,2,RAIN,3,DARK - LIGHTED,12,MOTOR VEHICLE IN TRANSPORT,MM 84 8 I 65,NASHVILLE,TN,37208,43021,NORTH,36.1768,-86.8008,POINT (-86.8008 36.1768)
20190072455,01/28/2019 07:15:00 AM,2,0,0,,N,279110,4,ANGLE,21,CLEAR,1,DAYLIGHT,13,MOTOR VEHICLE IN TRANSPORT-OTHER ROADWAY,NOLENSVILLE PKE & PARAGON MILLS RD,NASHVILLE,TN,37211,8421,SOUTH,36.0848,-86.7281,POINT (-86.7281 36.0848)
20190477080,06/24/2019 08:10:00 AM,1,0,0,,N,191578,0,NOT COLLISION W/MOTOR VEHICLE-TRANSPORT,2,RAIN,1,DAYLIGHT,18,OTHER OBJECT (NOT FIXED),ANDREW JACKSON PKWY & TYLER DR,HERMITAGE,TN,37076,9507,HERMIT,36.1974,-86.6086,POINT (-86.6086 36.1974)
20190394150,05/23/2019 11:19:00 AM,2,1,0,,N,191578,5,SIDESWIPE - SAME DIRECTION,21,CLEAR,1,DAYLIGHT,12,MOTOR VEHICLE IN TRANSPORT,ELM HILL PKE & ATRIUM WAY,NASHVILLE,TN,37214,9101,HERMIT,36.1532,-86.6877,POINT (-86.6877 36.1532)
20190401815,05/26/2019 06:30:00 AM,1,0,0,Y,Y,225886,0,NOT COLLISION W/MOTOR VEHICLE-TRANSPORT,21,CLEAR,1,DAYLIGHT,30;34,UTILITY POLE;DITCH,MURFREESBORO PKE & HARDING PL,NASHVILLE,TN,37217,8947,HERMIT,36.0982,-86.6587,POINT (-86.6587 36.0982)
20190019817,01/08/2019 05:45:00 PM,2,0,0,,N,330445,11,Front to Rear,21,CLEAR,3,DARK - LIGHTED,12,MOTOR VEHICLE IN TRANSPORT,KOREAN VETERANS BLVD & 1ST AVS,NASHVILLE,TN,37201,4047,CENTRA,36.1583,-86.7719,POINT (-86.7719 36.1583)
20190342634,05/04/2019 08:57:00 AM,3,0,0,,N,110063,11,Front to Rear,2,RAIN,1,DAYLIGHT,12,MOTOR VEHICLE IN TRANSPORT,MM 87 1 I 65,NASHVILLE,TN,37207,18020,EAST,36.2041,-86.7765,POINT (-86.7765 36.2041)
20190256192,04/03/2019 06:21:00 AM,2,0,0,,N,109534,5,SIDESWIPE - SAME DIRECTION,21,CLEAR,1,DAYLIGHT,12,MOTOR VEHICLE IN TRANSPORT,MM 213 0 I 40,NASHVILLE,TN,37210,8219,HERMIT,36.1407,-86.7323,POINT (-86.7323 36.1407)
20190312756,04/23/2019 12:15:00 PM,3,0,0,,N,665896,98,OTHER,21,CLEAR,1,DAYLIGHT,55,Motor Vehicle-In-Motion Outside Trafficw,100 OAK VALLEY DR,NASHVILLE,TN,37207,1807,EAST,36.2312,-86.7591,POINT (-86.7591 36.2312)
20190019745,01/08/2019 04:32:00 PM,2,0,0,,Y,206676,4,ANGLE,22,CLOUDY,1,DAYLIGHT,12,MOTOR VEHICLE IN TRANSPORT,APACHE LN & E CEDAR LN,MADISON,TN,37115,1617,MADISO,36.2436,-86.6689,POINT (-86.6689 36.2436)
20190412104,05/30/2019 04:42:00 AM,1,0,0,,N,187882,0,NOT COLLISION W/MOTOR VEHICLE-TRANSPORT,21,CLEAR,3,DARK - LIGHTED,23,BRIDGE RAIL,ELLINGTON PKWY N ENT RAMP & SPRING ST,NASHVILLE,TN,37207,1995,EAST,36.1749,-86.7659,POINT (-86.7659 36.1749)
20190579838,08/04/2019 06:46:00 PM,2,1,0,,N,693098,11,Front to Rear,21,CLEAR,1,DAYLIGHT,12,MOTOR VEHICLE IN TRANSPORT,WEST END AV & BOWLING AV,NASHVILLE,TN,37205,6005,WEST,36.1347,-86.8251,POINT (-86.8251 36.1347)
20190110779,02/10/2019 05:30:00 PM,4,0,0,,N,579971,4,ANGLE,2,RAIN,3,DARK - LIGHTED,12;13;33,MOTOR VEHICLE IN TRANSPORT;MOTOR VEHICLE IN TRANSPORT-OTHER ROADWAY;CURB,BELL RD & HICKORY HOLLOW LN,ANTIOCH,TN,37013,8863,SOUTH,36.0492,-86.6517,POINT (-86.6517 36.0492)
20190037937,01/15/2019 12:34:00 PM,2,0,0,,Y,1,4,ANGLE,22,CLOUDY,1,DAYLIGHT,12,MOTOR VEHICLE IN TRANSPORT,WEDGEWOOD AV & VILLA PL,NASHVILLE,TN,37212,6613,MIDTOW,36.1362,-86.7935,POINT (-86.7935 36.1362)
20190185051,03/08/2019 07:41:00 PM,1,0,0,Y,N,716875,0,NOT COLLISION W/MOTOR VEHICLE-TRANSPORT,2,RAIN,3,DARK - LIGHTED,42;64,TREE;Ran Off Road-Left,MORROW RD & ILLINOIS AV,NASHVILLE,TN,37209,4603,WEST,36.1575,-86.8534,POINT (-86.8534 36.1575)
20190146040,02/22/2019 08:03:00 PM,2,0,0,,N,197070,4,ANGLE,2,RAIN,3,DARK - LIGHTED,12,MOTOR VEHICLE IN TRANSPORT,ALBION ST & 32ND AVN,NASHVILLE,TN,37209,4529,NORTH,36.1635,-86.8248,POINT (-86.8248 36.1635)
20190246886,03/30/2019 08:20:00 PM,2,1,0,,N,299266,4,ANGLE,2,RAIN,2,DARK - NOT LIGHTED,12,MOTOR VEHICLE IN TRANSPORT,UNA ANTIOCH PKE & STREAMFIELD PASS,ANTIOCH,TN,37013,8861,SOUTH,36.0704,-86.6638,POINT (-86.6638 36.0704)
20190322855,04/26/2019 03:20:00 PM,2,0,0,,Y,306231,9,UNKNOWN,21,CLEAR,1,DAYLIGHT,12;99,MOTOR VEHICLE IN TRANSPORT;UNKNOWN MOST HARMFUL EVENT,UNION HILL RD & I24 W EXT RAMP,WHITES CREEK,TN,37189,33180,NORTH,36.3227,-86.8611,POINT (-86.8611 36.3227)
20190569658,07/31/2019 02:55:00 PM,2,0,0,,Y,267831,11,Front to Rear,21,CLEAR,1,DAYLIGHT,12;14,MOTOR VEHICLE IN TRANSPORT;PARKED MOTOR VEHICLE,HIGHWAY 70S & BELLEVUE CTR PVTDR,NASHVILLE,TN,37221,4811,WEST,36.0785,-86.9508,POINT (-86.9508 36.0785)
20190149904,02/24/2019 11:51:00 AM,1,0,0,Y,Y,179602,0,NOT COLLISION W/MOTOR VEHICLE-TRANSPORT,21,CLEAR,1,DAYLIGHT,19,BUILDING,VASHTI ST & BAPTIST WORLD CENTER DR,NASHVILLE,TN,37207,3001,NORTH,36.1947,-86.7799,POINT (-86.7799 36.1947)
20190493651,06/30/2019 03:32:00 PM,2,0,0,,Y,197054,11,Front to Rear,21,CLEAR,1,DAYLIGHT,12,MOTOR VEHICLE IN TRANSPORT,BRILEY PKWY & I40 E ENT RAMP,NASHVILLE,TN,37217,88940,HERMIT,36.1398,-86.7003,POINT (-86.7003 36.1398)
20190449157,06/13/2019 08:19:00 AM,2,0,0,,N,279116,4,ANGLE,21,CLEAR,1,DAYLIGHT,12,MOTOR VEHICLE IN TRANSPORT,MM 79 7 I 65,NASHVILLE,TN,37204,8504,MIDTOW,36.1092,-86.7698,POINT (-86.7698 36.1092)
20190224038,03/22/2019 03:45:00 PM,2,0,0,,N,256439,11,Front to Rear,21,CLEAR,1,DAYLIGHT,12,MOTOR VEHICLE IN TRANSPORT,BRILEY PKWYS & BRILEY PKWY S EXT RAMP,NASHVILLE,TN,37210,9098,HERMIT,36.148,-86.6929,POINT (-86.6929 36.148)
20190230888,03/25/2019 12:00:00 AM,1,1,0,,Y,665896,0,NOT COLLISION W/MOTOR VEHICLE-TRANSPORT,22,CLOUDY,1,DAYLIGHT,8,PEDESTRIAN,DICKERSON PKE & HOMESTEAD RD,NASHVILLE,TN,37216,1805,EAST,36.2351,-86.7584,POINT (-86.7584 36.2351)
20190534033,07/17/2019 09:13:00 AM,2,0,0,,N,109534,11,Front to Rear,2,RAIN,1,DAYLIGHT,12,MOTOR VEHICLE IN TRANSPORT,DONELSON PKE & MURFREESBORO PKE,NASHVILLE,TN,37217,8841,SOUTH,36.1062,-86.6731,POINT (-86.6731 36.1062)
20190477324,06/24/2019 01:37:00 PM,2,0,0,,N,267831,11,Front to Rear,22,CLOUDY,1,DAYLIGHT,12,MOTOR VEHICLE IN TRANSPORT,HIGHWAY 100 & HARDING PKE,NASHVILLE,TN,37205,6209,WEST,36.0983,-86.8723,POINT (-86.8723 36.0983)
20190542729,07/20/2019 04:16:00 PM,2,0,0,,N,279204,4,ANGLE,21,CLEAR,1,DAYLIGHT,12,MOTOR VEHICLE IN TRANSPORT,9TH AVN & JEFFERSON ST,NASHVILLE,TN,37208,4239,NORTH,36.173,-86.7924,POINT (-86.7924 36.173)
20190171938,03/04/2019 04:15:00 PM,3,0,0,,N,267831,11,Front to Rear,21,CLEAR,1,DAYLIGHT,12,MOTOR VEHICLE IN TRANSPORT,WHITE BRIDGE PKE & LENOX AV,NASHVILLE,TN,37209,5103,WEST,36.1493,-86.8579,POINT (-86.8579 36.1493)
20190237350,03/27/2019 10:45:00 AM,2,0,0,,N,226673,11,Front to Rear,21,CLEAR,1,DAYLIGHT,12,MOTOR VEHICLE IN TRANSPORT,I24 W EXT RAMP & I 24,NASHVILLE,TN,37211,8829,SOUTH,36.1074,-86.7197,POINT (-86.7197 36.1074)
20190283953,04/13/2019 11:18:00 AM,3,0,0,,N,109495,5,SIDESWIPE - SAME DIRECTION,2,RAIN,1,DAYLIGHT,12,MOTOR VEHICLE IN TRANSPORT,HARDING PL & I65 S ENT RAMP,NASHVILLE,TN,37220,7101,MIDTOW,36.0827,-86.7651,POINT (-86.7651 36.0827)
20190542991,07/20/2019 07:30:00 PM,2,0,0,,N,330440,5,SIDESWIPE - SAME DIRECTION,21,CLEAR,1,DAYLIGHT,12,MOTOR VEHICLE IN TRANSPORT,CLARKSVILLE PKE & ROSA L PARKS BLVD,NASHVILLE,TN,37228,4483,NORTH,36.1889,-86.8231,POINT (-86.8231 36.1889)
20190172243,03/04/2019 06:40:00 PM,2,0,0,,Y,256412,11,Front to Rear,21,CLEAR,2,DARK - NOT LIGHTED,12,MOTOR VEHICLE IN TRANSPORT,MM 51 4 I 24,NASHVILLE,TN,37210,82061,HERMIT,36.1388,-86.7284,POINT (-86.7284 36.1388)
20190347832,05/06/2019 04:02:00 PM,2,2,0,,N,267831,4,ANGLE,21,CLEAR,1,DAYLIGHT,12,MOTOR VEHICLE IN TRANSPORT,MCCRORY LN & I40 E ENT RAMP,NASHVILLE,TN,37221,4801,WEST,36.0742,-87.0122,POINT (-87.0122 36.0742)
20190126018,02/15/2019 03:50:00 PM,2,0,0,,N,909486,11,Front to Rear,2,RAIN,1,DAYLIGHT,12,MOTOR VEHICLE IN TRANSPORT,FREDERICKSBURG WAYW & CLOVERLAND DR,BRENTWOOD,TN,37027,8621,MIDTOW,36.0375,-86.7686,POINT (-86.7686 36.0375)
20190394321,05/23/2019 12:39:00 PM,2,0,0,,N,462474,4,ANGLE,21,CLEAR,1,DAYLIGHT,12,MOTOR VEHICLE IN TRANSPORT,ALLIED DR & NOLENSVILLE PKE,NASHVILLE,TN,37211,8511,MIDTOW,36.0962,-86.7377,POINT (-86.7377 36.0962)
20190128018,02/16/2019 02:30:00 PM,2,0,0,,Y,256412,5,SIDESWIPE - SAME DIRECTION,21,CLEAR,1,DAYLIGHT,14,PARKED MOTOR VEHICLE,0 HARDING PL,NASHVILLE,TN,37211,8845,SOUTH,36.0872,-86.6938,POINT (-86.6938 36.0872)
20190441153,06/10/2019 12:40:00 PM,2,0,0,,N,279116,4,ANGLE,22,CLOUDY,1,DAYLIGHT,12,MOTOR VEHICLE IN TRANSPORT,POWELL AV & POWELL PL,NASHVILLE,TN,37204,8527,MIDTOW,36.1065,-86.7646,POINT (-86.7646 36.1065)
20190434738,06/07/2019 05:01:00 PM,2,0,0,,N,240955,4,ANGLE,22,CLOUDY,1,DAYLIGHT,12,MOTOR VEHICLE IN TRANSPORT,PETTUS RD & PRESTON RD,ANTIOCH,TN,37013,8763,SOUTH,36.0207,-86.665,POINT (-86.665 36.0207)
20190233993,03/26/2019 07:20:00 AM,2,0,0,,N,716886,4,ANGLE,21,CLEAR,1,DAYLIGHT,12,MOTOR VEHICLE IN TRANSPORT,CROSSINGS BLVD & I24 E ENT RAMP,ANTIOCH,TN,37013,8863,SOUTH,36.0389,-86.6451,POINT (-86.6451 36.0389)
20190217107,03/20/2019 12:55:00 PM,1,1,0,Y,N,226622,0,NOT COLLISION W/MOTOR VEHICLE-TRANSPORT,21,CLEAR,1,DAYLIGHT,19,BUILDING,SAINT MARYS CAMPUS PVTDR & WHITE BRIDGE,NASHVILLE,TN,37209,5107,WEST,36.1279,-86.851,POINT (-86.851 36.1279)
20190106642,02/08/2019 04:14:00 PM,2,0,0,,N,151132,4,ANGLE,21,CLEAR,5,DUSK,12,MOTOR VEHICLE IN TRANSPORT,GALLATIN PKES & MADISON BLVD,MADISON,TN,37115,1623,MADISO,36.2547,-86.7155,POINT (-86.7155 36.2547)
20190532570,07/16/2019 09:09:00 PM,2,1,0,,N,728059,11,Front to Rear,22,CLOUDY,3,DARK - LIGHTED,12,MOTOR VEHICLE IN TRANSPORT,CHARLOTTE PKE & CHARLOTTE PKE PVTDR,NASHVILLE,TN,37209,4703,WEST,36.1293,-86.9044,POINT (-86.9044 36.1293)
20190258234,04/03/2019 10:55:00 PM,2,0,0,,N,299245,11,Front to Rear,21,CLEAR,2,DARK - NOT LIGHTED,12,MOTOR VEHICLE IN TRANSPORT,ELLINGTON PKWYS & ELLINGTON PKWY S ENT R,NASHVILLE,TN,37207,1996,EAST,36.1828,-86.7615,POINT (-86.7615 36.1828)
20190187283,03/09/2019 06:50:00 PM,2,0,0,,N,240976,4,ANGLE,2,RAIN,2,DARK - NOT LIGHTED,12,MOTOR VEHICLE IN TRANSPORT,DELLWAY DR & DICKERSON PKE,NASHVILLE,TN,37207,1831,EAST,36.2151,-86.764,POINT (-86.764 36.2151)
20190025840,01/10/2019 07:27:00 PM,2,0,0,,N,212330,11,Front to Rear,21,CLEAR,3,DARK - LIGHTED,12,MOTOR VEHICLE IN TRANSPORT,I24 E EXT RAMP & I 24,NASHVILLE,TN,37207,30080,NORTH,36.2378,-86.7872,POINT (-86.7872 36.2378)
20190579742,08/04/2019 05:27:00 PM,2,2,0,,N,579971,4,ANGLE,2,RAIN,1,DAYLIGHT,12,MOTOR VEHICLE IN TRANSPORT,HAYWOOD LN & HAYWOOD CT,NASHVILLE,TN,37211,8711,SOUTH,36.0703,-86.7022,POINT (-86.7022 36.0703)
20190401181,05/25/2019 11:13:00 PM,2,3,0,,N,330419,11,Front to Rear,21,CLEAR,3,DARK - LIGHTED,12,MOTOR VEHICLE IN TRANSPORT,N GRAYCROFT AV & WILLIAMS AV,MADISON,TN,37115,1745,MADISO,36.2693,-86.73,POINT (-86.73 36.2693)
20190550616,07/23/2019 09:45:00 PM,2,0,0,,N,151132,2,HEAD-ON,21,CLEAR,3,DARK - LIGHTED,12,MOTOR VEHICLE IN TRANSPORT,E OLD HICKORY BLVD & LARKIN SPRINGS RD,MADISON,TN,37115,1705,MADISO,36.2627,-86.6844,POINT (-86.6844 36.2627)
20190279386,04/11/2019 04:30:00 PM,2,0,0,,N,256505,4,ANGLE,21,CLEAR,1,DAYLIGHT,12,MOTOR VEHICLE IN TRANSPORT,MM 209 4 I 40,NASHVILLE,TN,37203,40041,CENTRA,36.1519,-86.7866,POINT (-86.7866 36.1519)
20190241632,03/28/2019 06:40:00 PM,2,0,0,,N,419972,5,SIDESWIPE - SAME DIRECTION,21,CLEAR,3,DARK - LIGHTED,12,MOTOR VEHICLE IN TRANSPORT,WHITE BRIDGE PKE & BURGESS AV,NASHVILLE,TN,37209,5025,WEST,36.1446,-86.8579,POINT (-86.8579 36.1446)
20190433138,06/07/2019 02:17:00 AM,1,0,0,,Y,110090,0,NOT COLLISION W/MOTOR VEHICLE-TRANSPORT,2,RAIN,3,DARK - LIGHTED,36,CONCRETE TRAFFIC BARRIER,MM 60 3 I 24,ANTIOCH,TN,37013,8704,SOUTH,36.037,-86.6459,POINT (-86.6459 36.037)
20190019038,01/08/2019 12:45:00 PM,2,0,0,,N,330425,11,Front to Rear,21,CLEAR,1,DAYLIGHT,12,MOTOR VEHICLE IN TRANSPORT,WEST END AV & ORLEANS DR,NASHVILLE,TN,37212,5819,MIDTOW,36.1388,-86.8197,POINT (-86.8197 36.1388)
20190296623,04/17/2019 06:25:00 PM,2,0,0,,N,256380,4,ANGLE,21,CLEAR,1,DAYLIGHT,12,MOTOR VEHICLE IN TRANSPORT,ED TEMPLE BLVD & W HEIMAN ST,NASHVILLE,TN,37209,4503,NORTH,36.1697,-86.8213,POINT (-86.8213 36.1697)
20190124867,02/15/2019 07:55:00 AM,2,0,0,,N,226622,11,Front to Rear,22,CLOUDY,1,DAYLIGHT,12,MOTOR VEHICLE IN TRANSPORT,MM 204 1 I 40,NASHVILLE,TN,37209,45024,WEST,36.1529,-86.8557,POINT (-86.8557 36.1529)
20190028979,01/11/2019 09:23:00 PM,2,0,0,,N,240976,4,ANGLE,3,"SLEET, HAIL",3,DARK - LIGHTED,12,MOTOR VEHICLE IN TRANSPORT,GALLATIN PKE & E TRINITY LN,NASHVILLE,TN,37216,1837,EAST,36.205,-86.7376,POINT (-86.7376 36.205)
20190495805,07/01/2019 02:32:00 PM,2,1,0,,N,887592,4,ANGLE,21,CLEAR,1,DAYLIGHT,12,MOTOR VEHICLE IN TRANSPORT,MT VIEW RD & HIGHLANDER DR,ANTIOCH,TN,37013,8861,SOUTH,36.055,-86.6623,POINT (-86.6623 36.055)
20190236865,03/27/2019 07:48:00 AM,2,0,0,,N,716886,5,SIDESWIPE - SAME DIRECTION,21,CLEAR,1,DAYLIGHT,12,MOTOR VEHICLE IN TRANSPORT,DONELSON PKE & HARDING PL,NASHVILLE,TN,37217,8841,SOUTH,36.0951,-86.6778,POINT (-86.6778 36.0951)
20190501270,07/03/2019 10:15:00 AM,2,0,0,,N,676834,11,Front to Rear,22,CLOUDY,1,DAYLIGHT,12,MOTOR VEHICLE IN TRANSPORT,DR D B TODD JR BLVD & JEFFERSON ST,NASHVILLE,TN,37208,5325,NORTH,36.1695,-86.8067,POINT (-86.8067 36.1695)
20190431380,06/06/2019 11:20:00 AM,2,0,0,,N,538214,11,Front to Rear,22,CLOUDY,1,DAYLIGHT,12,MOTOR VEHICLE IN TRANSPORT,4TH AVS & SYMPHONY PL,NASHVILLE,TN,37203,4091,CENTRA,36.1603,-86.7768,POINT (-86.7768 36.1603)
20190030941,01/12/2019 06:50:00 PM,2,0,0,,Y,299253,11,Front to Rear,2,RAIN,3,DARK - LIGHTED,12,MOTOR VEHICLE IN TRANSPORT,MAIN ST & N 8TH ST,NASHVILLE,TN,37206,1999,EAST,36.1754,-86.7588,POINT (-86.7588 36.1754)