Accident Number,Date and Time,Number of Motor Vehicles,Number of Injuries,Number of Fatalities,Property Damage,Hit and Run,Reporting Officer,Collision Type Code,Collision Type Description,Weather Code,Weather Description,Illumination Code,Illumination Description,Harmful Code,Harmful Code Description,Street Address,City,State,ZIP,RPA,Precinct,Latitude,Longitude,Mapped Location
20190359670,05/10/2019 04:12:00 PM,2,0,0,,N,807326,5,SIDESWIPE - SAME DIRECTION,22,CLOUDY,1,DAYLIGHT,12,MOTOR VEHICLE IN TRANSPORT,BROADWAY & 9TH AVN,NASHVILLE,TN,37203,4083,CENTRA,36.1586,-86.7828,POINT (-86.7828 36.1586)
20190439282,06/09/2019 06:45:00 PM,2,0,0,,Y,298860,11,Front to Rear,2,RAIN,1,DAYLIGHT,12,MOTOR VEHICLE IN TRANSPORT,BELL RD & GLEN COVE TRL,HERMITAGE,TN,37076,9545,HERMIT,36.1613,-86.5931,POINT (-86.5931 36.1613)
20190458319,06/17/2019 01:47:00 AM,1,1,0,,N,311336,0,NOT COLLISION W/MOTOR VEHICLE-TRANSPORT,21,CLEAR,3,DARK - LIGHTED,33,CURB,MM 88 4 I 65,NASHVILLE,TN,37207,30040,NORTH,36.2217,-86.7746,POINT (-86.7746 36.2217)
20190106523,02/08/2019 05:50:00 PM,2,0,0,,N,309262,11,Front to Rear,21,CLEAR,3,DARK - LIGHTED,12,MOTOR VEHICLE IN TRANSPORT,OLD HICKORY BLVDW & BOYDS HILLTOP DR,MADISON,TN,37115,1777,MADISO,36.2642,-86.7355,POINT (-86.7355 36.2642)
20190151675,02/25/2019 07:03:00 AM,2,0,0,,N,161952,5,SIDESWIPE - SAME DIRECTION,21,CLEAR,1,DAYLIGHT,12,MOTOR VEHICLE IN TRANSPORT,6597 CLARKSVILLE PKE,JOELTON,TN,37080,3315,NORTH,36.325,-86.915,POINT (-86.915 36.325)
20190309556,04/22/2019 03:44:00 PM,2,1,0,,N,179582,11,Front to Rear,21,CLEAR,1,DAYLIGHT,12,MOTOR VEHICLE IN TRANSPORT,MM 54 6 I 24,NASHVILLE,TN,37211,84021,SOUTH,36.0994,-86.7109,POINT (-86.7109 36.0994)
20190305178,04/20/2019 09:00:00 PM,1,1,0,,Y,212343,0,NOT COLLISION W/MOTOR VEHICLE-TRANSPORT,21,CLEAR,3,DARK - LIGHTED,8,PEDESTRIAN,LAFAYETTE ST & 7TH AVS,NASHVILLE,TN,37203,4023,CENTRA,36.1541,-86.7779,POINT (-86.7779 36.1541)
20190101445,02/06/2019 11:10:00 PM,2,1,0,,N,330436,4,ANGLE,2,RAIN,3,DARK - LIGHTED,12,MOTOR VEHICLE IN TRANSPORT,ELLISTON PL & 24TH AVN,NASHVILLE,TN,37203,5615,MIDTOW,36.1487,-86.807,POINT (-86.807 36.1487)
20190547062,07/22/2019 03:06:00 PM,1,0,0,,N,151132,0,NOT COLLISION W/MOTOR VEHICLE-TRANSPORT,2,RAIN,1,DAYLIGHT,34;63;72,DITCH;Ran Off Road-Right;EMBANKMENT ROCK/STONE/CONCRETE,MM 41 6 I 24,WHITES CREEK,TN,37189,3226,NORTH,36.2635,-86.7904,POINT (-86.7904 36.2635)
20190340080,05/03/2019 08:45:00 AM,2,0,0,,N,352209,11,Front to Rear,22,CLOUDY,1,DAYLIGHT,12,MOTOR VEHICLE IN TRANSPORT,LEBANON PKE & DOWNEYMEADE DR,NASHVILLE,TN,37214,9403,HERMIT,36.1821,-86.6412,POINT (-86.6412 36.1821)
20190483089,06/26/2019 01:34:00 PM,2,0,0,,N,420059,4,ANGLE,21,CLEAR,1,DAYLIGHT,12,MOTOR VEHICLE IN TRANSPORT,EDMONDSON PKE & WALLACE RD,NASHVILLE,TN,37211,8661,MIDTOW,36.0771,-86.7256,POINT (-86.7256 36.0771)
20190299650,04/18/2019 04:42:00 PM,2,0,0,,N,714641,5,SIDESWIPE - SAME DIRECTION,22,CLOUDY,1,DAYLIGHT,12,MOTOR VEHICLE IN TRANSPORT,KOREAN VETERANS BLVD & 1ST AVS,NASHVILLE,TN,37201,4047,CENTRA,36.1583,-86.7719,POINT (-86.7719 36.1583)
20190116770,02/12/2019 05:56:00 PM,3,2,0,,N,298868,11,Front to Rear,21,CLEAR,3,DARK - LIGHTED,12,MOTOR VEHICLE IN TRANSPORT,WHITE BRIDGE PKE & SAINT MARYS CAMPUS PV,NASHVILLE,TN,37205,5017,WEST,36.1277,-86.8515,POINT (-86.8515 36.1277)
20190007260,01/03/2019 04:45:00 PM,2,0,0,,N,579971,11,Front to Rear,21,CLEAR,1,DAYLIGHT,12,MOTOR VEHICLE IN TRANSPORT,OLD HICKORY BLVD & EULALA DR,ANTIOCH,TN,37013,8757,SOUTH,36.0454,-86.7036,POINT (-86.7036 36.0454)
20190387923,05/21/2019 12:03:00 PM,2,0,0,Y,Y,332253,0,NOT COLLISION W/MOTOR VEHICLE-TRANSPORT,21,CLEAR,1,DAYLIGHT,16;30,THROWN OR FALLING OBJECT;UTILITY POLE,SPRINGFIELD HWY & WILLIAMSON RD,GOODLETTSVILLE,TN,37072,2221,MADISO,36.3572,-86.7247,POINT (-86.7247 36.3572)
20190110845,02/10/2019 06:48:00 PM,1,1,0,,N,311332,0,NOT COLLISION W/MOTOR VEHICLE-TRANSPORT,2,RAIN,2,DARK - NOT LIGHTED,24;64,GUARDRAIL FACE;Ran Off Road-Left,PASQUO RD & UNION BRIDGE RD,NASHVILLE,TN,37221,4807,WEST,36.0319,-86.9679,POINT (-86.9679 36.0319)
20190142706,02/21/2019 06:32:00 PM,2,0,0,,N,414668,11,Front to Rear,2,RAIN,3,DARK - LIGHTED,12,MOTOR VEHICLE IN TRANSPORT,PEABODY ST & 2ND AVS,NASHVILLE,TN,37201,4047,CENTRA,36.1568,-86.7719,POINT (-86.7719 36.1568)
20190059064,01/23/2019 08:15:00 AM,2,0,0,,N,343522,11,Front to Rear,2,RAIN,1,DAYLIGHT,12,MOTOR VEHICLE IN TRANSPORT,MM 201 2 I 40,NASHVILLE,TN,37209,46027,WEST,36.132,-86.8976,POINT (-86.8976 36.132)
20190525319,07/13/2019 07:10:00 PM,2,1,0,,N,299266,4,ANGLE,21,CLEAR,5,DUSK,12,MOTOR VEHICLE IN TRANSPORT,APACHE TRL & PACKARD DR,NASHVILLE,TN,37211,8709,SOUTH,36.065,-86.6858,POINT (-86.6858 36.065)
20190510116,07/07/2019 12:00:00 AM,1,0,0,Y,Y,584947,0,NOT COLLISION W/MOTOR VEHICLE-TRANSPORT,99,UNKNOWN,7,Dark-Unknown Lighting,40;99,MAIL BOX;UNKNOWN MOST HARMFUL EVENT,CROMWELL DR & GARDENDALE DR,NASHVILLE,TN,37215,6303,MIDTOW,36.0571,-86.8509,POINT (-86.8509 36.0571)
20190550496,07/23/2019 08:53:00 PM,2,2,0,,N,240968,4,ANGLE,21,CLEAR,3,DARK - LIGHTED,12,MOTOR VEHICLE IN TRANSPORT,RANSOM PL & MURFREESBORO PKE,NASHVILLE,TN,37217,8853,SOUTH,36.0694,-86.6409,POINT (-86.6409 36.0694)
20190164880,03/01/2019 05:22:00 PM,2,0,0,,Y,151132,11,Front to Rear,2,RAIN,1,DAYLIGHT,12,MOTOR VEHICLE IN TRANSPORT,DICKERSON PKE & DUE WEST AVN,MADISON,TN,37115,2017,MADISO,36.2563,-86.7579,POINT (-86.7579 36.2563)
20190221039,03/21/2019 04:02:00 PM,2,0,0,,Y,169425,0,NOT COLLISION W/MOTOR VEHICLE-TRANSPORT,21,CLEAR,1,DAYLIGHT,16,THROWN OR FALLING OBJECT,MM 208 5 I 40,NASHVILLE,TN,37203,42020,CENTRA,36.1639,-86.7937,POINT (-86.7937 36.1639)
20190489672,06/28/2019 02:35:00 PM,2,0,0,,Y,256380,4,ANGLE,21,CLEAR,1,DAYLIGHT,12;14,MOTOR VEHICLE IN TRANSPORT;PARKED MOTOR VEHICLE,33RD AVN & CLARE AV,NASHVILLE,TN,37209,4565,NORTH,36.162,-86.8257,POINT (-86.8257 36.162)
20190288847,04/15/2019 12:09:00 PM,2,0,0,,Y,109534,5,SIDESWIPE - SAME DIRECTION,21,CLEAR,1,DAYLIGHT,12,MOTOR VEHICLE IN TRANSPORT,NASHBORO BLVD & LONGHUNTER CT,NASHVILLE,TN,37217,8935,HERMIT,36.0919,-86.642,POINT (-86.642 36.0919)
20190433713,06/07/2019 08:44:00 AM,1,0,0,,N,716886,0,NOT COLLISION W/MOTOR VEHICLE-TRANSPORT,2,RAIN,1,DAYLIGHT,36,CONCRETE TRAFFIC BARRIER,MM 57 5 I 24,ANTIOCH,TN,37013,87060,SOUTH,36.0636,-86.6836,POINT (-86.6836 36.0636)
20190332551,04/30/2019 04:49:00 PM,2,0,0,,Y,279225,5,SIDESWIPE - SAME DIRECTION,21,CLEAR,1,DAYLIGHT,12,MOTOR VEHICLE IN TRANSPORT,OLD MURFREESBORO PKE & FAIRCLOTH LN,NASHVILLE,TN,37217,8947,HERMIT,36.1036,-86.6665,POINT (-86.6665 36.1036)
20190234000,03/26/2019 07:50:00 AM,2,0,0,,N,343522,11,Front to Rear,21,CLEAR,1,DAYLIGHT,12,MOTOR VEHICLE IN TRANSPORT,MM 1 0 I 440,NASHVILLE,TN,37205,5234,WEST,36.1438,-86.8226,POINT (-86.8226 36.1438)
20190228957,03/24/2019 06:48:00 PM,2,0,0,,Y,279194,5,SIDESWIPE - SAME DIRECTION,21,CLEAR,1,DAYLIGHT,12,MOTOR VEHICLE IN TRANSPORT,17TH AVN & WHELESS ST,NASHVILLE,TN,37208,4471,NORTH,36.1756,-86.8075,POINT (-86.8075 36.1756)
20190397544,05/24/2019 01:03:00 PM,2,0,0,,N,226673,11,Front to Rear,21,CLEAR,1,DAYLIGHT,12,MOTOR VEHICLE IN TRANSPORT,CHARLOTTE AV & 11TH AVN,NASHVILLE,TN,37203,4205,CENTRA,36.1627,-86.7894,POINT (-86.7894 36.1627)
20190139768,02/19/2019 06:58:00 AM,2,0,0,,N,676834,11,Front to Rear,21,CLEAR,1,DAYLIGHT,12,MOTOR VEHICLE IN TRANSPORT,ASHLAND CITY HWY & OLD HICKORY BLVD,NASHVILLE,TN,37218,3237,NORTH,36.2114,-86.9212,POINT (-86.9212 36.2114)
20190131679,02/18/2019 06:31:00 AM,2,0,0,,N,279216,11,Front to Rear,21,CLEAR,1,DAYLIGHT,12,MOTOR VEHICLE IN TRANSPORT,MM 87 2 I 65,NASHVILLE,TN,37207,18020,EAST,36.2054,-86.7764,POINT (-86.7764 36.2054)
20190346793,05/06/2019 09:10:00 AM,2,1,0,Y,Y,226622,4,ANGLE,21,CLEAR,1,DAYLIGHT,12;24,MOTOR VEHICLE IN TRANSPORT;GUARDRAIL FACE,MM 200 7 I 40,NASHVILLE,TN,37205,49024,WEST,36.1267,-86.9026,POINT (-86.9026 36.1267)
20190581513,08/05/2019 12:02:00 PM,2,0,0,,Y,179580,11,Front to Rear,21,CLEAR,1,DAYLIGHT,12,MOTOR VEHICLE IN TRANSPORT,MM 87 2 I 65,NASHVILLE,TN,37207,18020,EAST,36.2054,-86.7764,POINT (-86.7764 36.2054)
20190179115,03/06/2019 06:58:00 PM,2,1,0,,N,151132,6,SIDESWIPE - OPPOSITE DIRECTION,21,CLEAR,3,DARK - LIGHTED,12,MOTOR VEHICLE IN TRANSPORT,MYATT DR & SPRING BRANCH DR,MADISON,TN,37115,1721,MADISO,36.2938,-86.6964,POINT (-86.6964 36.2938)
20190433963,06/07/2019 10:49:00 AM,2,0,0,,N,224955,5,SIDESWIPE - SAME DIRECTION,2,RAIN,1,DAYLIGHT,12,MOTOR VEHICLE IN TRANSPORT,MM 91 0 I 65,MADISON,TN,37115,20044,MADISO,36.2478,-86.7432,POINT (-86.7432 36.2478)
20190240526,03/28/2019 12:25:00 PM,2,1,0,,N,225773,11,Front to Rear,21,CLEAR,1,DAYLIGHT,12,MOTOR VEHICLE IN TRANSPORT,THOMPSON LN & E IRIS DR,NASHVILLE,TN,37204,8525,MIDTOW,36.1117,-86.7607,POINT (-86.7607 36.1117)
20190099425,02/06/2019 07:21:00 AM,2,0,0,,N,716886,11,Front to Rear,2,RAIN,4,DAWN,12,MOTOR VEHICLE IN TRANSPORT,MM 59 6 I 24,ANTIOCH,TN,37013,88060,SOUTH,36.0438,-86.6561,POINT (-86.6561 36.0438)
20190239790,03/28/2019 07:16:00 AM,2,5,1,,N,676834,4,ANGLE,21,CLEAR,1,DAYLIGHT,12,MOTOR VEHICLE IN TRANSPORT,EATONS CREEK RD & QUEENS LN,NASHVILLE,TN,37218,3209,NORTH,36.2103,-86.8631,POINT (-86.8631 36.2103)
20190088020,02/01/2019 10:50:00 PM,2,0,0,,Y,660929,11,Front to Rear,21,CLEAR,3,DARK - LIGHTED,12,MOTOR VEHICLE IN TRANSPORT,CLOVERBROOK DR & CLOVERBROOK CT,BRENTWOOD,TN,37027,8623,MIDTOW,36.0297,-86.7622,POINT (-86.7622 36.0297)
20190014089,01/06/2019 03:16:00 PM,1,0,0,,N,197068,0,NOT COLLISION W/MOTOR VEHICLE-TRANSPORT,21,CLEAR,1,DAYLIGHT,31,"OTHER POST, POLE, SUPP.",2ND AVN & CHURCH ST,NASHVILLE,TN,37201,4133,CENTRA,36.1646,-86.7769,POINT (-86.7769 36.1646)
20190300248,04/18/2019 09:16:00 PM,2,0,0,,Y,109536,4,ANGLE,2,RAIN,3,DARK - LIGHTED,12,MOTOR VEHICLE IN TRANSPORT,OLD HICKORY BLVDW & I65 S EXT RAMP,MADISON,TN,37115,2041,MADISO,36.2655,-86.7399,POINT (-86.7399 36.2655)
20190194761,03/12/2019 04:17:00 PM,2,0,0,,N,256383,11,Front to Rear,22,CLOUDY,1,DAYLIGHT,12,MOTOR VEHICLE IN TRANSPORT,MM 54 8 I 24,NASHVILLE,TN,37211,8812,SOUTH,36.0968,-86.7085,POINT (-86.7085 36.0968)
20190361039,05/11/2019 12:00:00 AM,1,0,0,,Y,109522,0,NOT COLLISION W/MOTOR VEHICLE-TRANSPORT,21,CLEAR,2,DARK - NOT LIGHTED,33,CURB,OLD HICKORY BLVD & BELLEVUE RD,NASHVILLE,TN,37221,4819,WEST,36.0631,-86.9169,POINT (-86.9169 36.0631)
20190524538,07/13/2019 10:41:00 AM,2,0,0,,N,320586,11,Front to Rear,21,CLEAR,1,DAYLIGHT,12,MOTOR VEHICLE IN TRANSPORT,MM 53 0 I 24,NASHVILLE,TN,37210,8302,SOUTH,36.1189,-86.7264,POINT (-86.7264 36.1189)
20190096232,02/05/2019 08:20:00 AM,2,0,0,,Y,320601,5,SIDESWIPE - SAME DIRECTION,22,CLOUDY,1,DAYLIGHT,12,MOTOR VEHICLE IN TRANSPORT,LINBAR DR & HARDING PL,NASHVILLE,TN,37211,8705,SOUTH,36.0842,-86.7059,POINT (-86.7059 36.0842)
20190265998,04/06/2019 08:15:00 PM,3,2,0,,N,633391,4,ANGLE,21,CLEAR,3,DARK - LIGHTED,12,MOTOR VEHICLE IN TRANSPORT,CHARLOTTE PKE & WHITE BRIDGE PKE,NASHVILLE,TN,37209,5033,WEST,36.15,-86.8584,POINT (-86.8584 36.15)
20190339099,05/02/2019 08:32:00 PM,2,0,0,,N,212321,11,Front to Rear,22,CLOUDY,3,DARK - LIGHTED,12,MOTOR VEHICLE IN TRANSPORT,MURFREESBORO PKE & DONELSON PKE,NASHVILLE,TN,37217,8841,SOUTH,36.1062,-86.6731,POINT (-86.6731 36.1062)
20190031964,01/13/2019 05:44:00 AM,1,1,0,Y,N,192378,0,NOT COLLISION W/MOTOR VEHICLE-TRANSPORT,22,CLOUDY,3,DARK - LIGHTED,18;36;63,OTHER OBJECT (NOT FIXED);CONCRETE TRAFFIC BARRIER;Ran Off Road-Right,EAST THOMPSON LN & LAWNDALE DR,NASHVILLE,TN,37217,8879,SOUTH,36.1223,-86.7176,POINT (-86.7176 36.1223)
20190022501,01/09/2019 03:55:00 PM,3,0,0,Y,N,633391,5,SIDESWIPE - SAME DIRECTION,21,CLEAR,1,DAYLIGHT,12;36,MOTOR VEHICLE IN TRANSPORT;CONCRETE TRAFFIC BARRIER,MM 200 7 I 40,NASHVILLE,TN,37205,49024,WEST,36.1267,-86.9026,POINT (-86.9026 36.1267)
20190407502,05/28/2019 03:29:00 PM,2,0,0,,Y,151132,11,Front to Rear,21,CLEAR,1,DAYLIGHT,12;14,MOTOR VEHICLE IN TRANSPORT;PARKED MOTOR VEHICLE,SKYLINE COMMONS PVTDR & DOVERSIDE DR,NASHVILLE,TN,37207,2011,MADISO,36.2442,-86.7622,POINT (-86.7622 36.2442)
20190528743,07/15/2019 10:40:00 AM,1,0,0,,N,716886,0,NOT COLLISION W/MOTOR VEHICLE-TRANSPORT,2,RAIN,1,DAYLIGHT,34,DITCH,BARNES RD & RED JACKET DR,ANTIOCH,TN,37013,8757,SOUTH,36.0305,-86.7059,POINT (-86.7059 36.0305)
20190577854,08/03/2019 06:07:00 PM,2,0,0,,N,693098,11,Front to Rear,22,CLOUDY,1,DAYLIGHT,12,MOTOR VEHICLE IN TRANSPORT,HILLSBORO PKE & GREEN HILLS VILLAGE DR,NASHVILLE,TN,37215,6411,MIDTOW,36.107,-86.8132,POINT (-86.8132 36.107)
20190375134,05/16/2019 01:36:00 PM,2,0,0,,N,352172,5,SIDESWIPE - SAME DIRECTION,21,CLEAR,1,DAYLIGHT,12,MOTOR VEHICLE IN TRANSPORT,4TH AVS & I40 W EXT RAMP,NASHVILLE,TN,37203,4007,CENTRA,36.1509,-86.7706,POINT (-86.7706 36.1509)
20190301513,04/19/2019 09:36:00 AM,1,1,0,,N,191578,0,NOT COLLISION W/MOTOR VEHICLE-TRANSPORT,2,RAIN,1,DAYLIGHT,36,CONCRETE TRAFFIC BARRIER,I40 E EXT RAMP & I40 E ENT RAMP,NASHVILLE,TN,37217,8998,HERMIT,36.1429,-86.6975,POINT (-86.6975 36.1429)
20190461408,06/18/2019 05:30:00 AM,3,0,0,,N,330411,11,Front to Rear,2,RAIN,4,DAWN,12,MOTOR VEHICLE IN TRANSPORT,MM 35 0 I 24,JOELTON,TN,37080,3318,NORTH,36.3239,-86.867,POINT (-86.867 36.3239)
20190105180,02/08/2019 07:22:00 AM,2,1,0,,N,262749,11,Front to Rear,21,CLEAR,1,DAYLIGHT,12,MOTOR VEHICLE IN TRANSPORT,ARLINGTON AV & ELM HILL PKE,NASHVILLE,TN,37210,9015,HERMIT,36.1438,-86.7305,POINT (-86.7305 36.1438)
20190334460,05/01/2019 06:50:00 AM,3,1,0,,Y,665896,5,SIDESWIPE - SAME DIRECTION,21,CLEAR,1,DAYLIGHT,12,MOTOR VEHICLE IN TRANSPORT,W TRINITY LN & I65 S ENT RAMP,NASHVILLE,TN,37207,3002,NORTH,36.2065,-86.7765,POINT (-86.7765 36.2065)
20190494935,07/01/2019 07:54:00 AM,1,0,0,,N,716886,0,NOT COLLISION W/MOTOR VEHICLE-TRANSPORT,21,CLEAR,1,DAYLIGHT,42,TREE,BARNES RD & COTTAGE GROVE CT,ANTIOCH,TN,37013,8757,SOUTH,36.0313,-86.7007,POINT (-86.7007 36.0313)
20190544567,07/21/2019 01:43:00 PM,2,0,0,,Y,256428,11,Front to Rear,21,CLEAR,1,DAYLIGHT,12;14,MOTOR VEHICLE IN TRANSPORT;PARKED MOTOR VEHICLE,N 2ND ST & RICHARDSON AV,NASHVILLE,TN,37207,1911,EAST,36.1909,-86.7704,POINT (-86.7704 36.1909)
20190269079,04/08/2019 04:38:00 AM,1,1,0,Y,N,279216,0,NOT COLLISION W/MOTOR VEHICLE-TRANSPORT,2,RAIN,2,DARK - NOT LIGHTED,2;24;4,GUARDRAIL FACE,MM 39 3 I 24,WHITES CREEK,TN,37189,3314,NORTH,36.2925,-86.8105,POINT (-86.8105 36.2925)
20190195237,03/12/2019 08:50:00 PM,2,1,0,,N,179582,11,Front to Rear,21,CLEAR,3,DARK - LIGHTED,12,MOTOR VEHICLE IN TRANSPORT,RICHARDS RD & WAIKIKI BLVD,ANTIOCH,TN,37013,8899,SOUTH,36.0682,-86.6699,POINT (-86.6699 36.0682)
20190118457,02/13/2019 05:47:00 AM,2,1,0,,N,284059,0,NOT COLLISION W/MOTOR VEHICLE-TRANSPORT,21,CLEAR,5,DUSK,18,OTHER OBJECT (NOT FIXED),ASHLAND CITY HWY & OLD HYDES FERRY PKE,NASHVILLE,TN,37218,3341,NORTH,36.2072,-86.9369,POINT (-86.9369 36.2072)
20190366321,05/13/2019 02:11:00 PM,2,0,0,,N,256389,4,ANGLE,21,CLEAR,1,DAYLIGHT,12,MOTOR VEHICLE IN TRANSPORT,BRANSFORD AV & THOMPSON LN,NASHVILLE,TN,37204,8525,MIDTOW,36.1123,-86.767,POINT (-86.767 36.1123)
20190514986,07/09/2019 05:24:00 PM,2,0,0,,N,256383,5,SIDESWIPE - SAME DIRECTION,21,CLEAR,1,DAYLIGHT,12,MOTOR VEHICLE IN TRANSPORT,EAST THOMPSON LN & OLD GLENROSE AV,NASHVILLE,TN,37211,8809,SOUTH,36.1165,-86.7193,POINT (-86.7193 36.1165)
20190269710,04/08/2019 10:13:00 AM,2,0,0,,N,591936,11,Front to Rear,2,RAIN,1,DAYLIGHT,12,MOTOR VEHICLE IN TRANSPORT,MM 80 0 I 65,NASHVILLE,TN,37204,7018,MIDTOW,36.1134,-86.7724,POINT (-86.7724 36.1134)
20190418811,06/01/2019 03:40:00 PM,2,2,0,,N,311344,11,Front to Rear,21,CLEAR,1,DAYLIGHT,12,MOTOR VEHICLE IN TRANSPORT,I65 S EXT RAMP & I 65,MADISON,TN,37115,20044,MADISO,36.2481,-86.743,POINT (-86.743 36.2481)
20190490416,06/29/2019 04:40:00 AM,2,0,0,,Y,109542,5,SIDESWIPE - SAME DIRECTION,21,CLEAR,3,DARK - LIGHTED,12;14,MOTOR VEHICLE IN TRANSPORT;PARKED MOTOR VEHICLE,2ND AVN & BROADWAY,NASHVILLE,TN,37201,4101,CENTRA,36.1623,-86.7755,POINT (-86.7755 36.1623)
20190007608,01/03/2019 06:34:00 PM,4,3,0,Y,Y,642287,5,SIDESWIPE - SAME DIRECTION,21,CLEAR,3,DARK - LIGHTED,12;14;30,MOTOR VEHICLE IN TRANSPORT;PARKED MOTOR VEHICLE;UTILITY POLE,SHELBY AV & S 9TH ST,NASHVILLE,TN,37206,1031,EAST,36.1708,-86.754,POINT (-86.754 36.1708)
20190329992,04/29/2019 07:55:00 PM,2,0,0,,Y,429193,4,ANGLE,21,CLEAR,3,DARK - LIGHTED,14,PARKED MOTOR VEHICLE,8075 SAWYER BROWN RD & SAWYER BROWN RD,NASHVILLE,TN,37221,4813,WEST,36.082,-86.9452,POINT (-86.9452 36.082)
20190060536,01/23/2019 08:25:00 PM,2,1,0,,Y,279118,2,HEAD-ON,2,RAIN,2,DARK - NOT LIGHTED,1;12,MOTOR VEHICLE IN TRANSPORT,PACKARD DR & BRENDA LN,ANTIOCH,TN,37013,8713,SOUTH,36.0633,-86.6904,POINT (-86.6904 36.0633)
20190013356,01/06/2019 05:17:00 AM,2,1,0,,N,299248,11,Front to Rear,21,CLEAR,3,DARK - LIGHTED,12,MOTOR VEHICLE IN TRANSPORT,MM 53 0 I 24,NASHVILLE,TN,37210,8302,SOUTH,36.1189,-86.7264,POINT (-86.7264 36.1189)
20190248362,03/31/2019 01:15:00 PM,2,0,0,,N,591933,11,Front to Rear,21,CLEAR,1,DAYLIGHT,12,MOTOR VEHICLE IN TRANSPORT,HAMILTON CHURCH RD & MURFREESBORO PKE,ANTIOCH,TN,37013,8865,SOUTH,36.0645,-86.6288,POINT (-86.6288 36.0645)
20190549515,07/23/2019 12:05:00 PM,2,0,0,,N,352174,4,ANGLE,21,CLEAR,1,DAYLIGHT,12,MOTOR VEHICLE IN TRANSPORT,NOLENSVILLE PKE & ELYSIAN FIELDS CT,NASHVILLE,TN,37211,8415,SOUTH,36.0873,-86.7307,POINT (-86.7307 36.0873)
20190417184,05/31/2019 08:45:00 PM,3,1,0,,N,320577,9,UNKNOWN,21,CLEAR,3,DARK - LIGHTED,12;18;36,MOTOR VEHICLE IN TRANSPORT;OTHER OBJECT (NOT FIXED);CONCRETE TRAFFIC BARRIER,MM 80 1 I 65,NASHVILLE,TN,37204,7018,MIDTOW,36.1151,-86.773,POINT (-86.773 36.1151)
20190577056,08/03/2019 10:35:00 AM,2,0,0,,Y,224824,4,ANGLE,21,CLEAR,1,DAYLIGHT,12,MOTOR VEHICLE IN TRANSPORT,BELL RD & MILLS RD,HERMITAGE,TN,37076,9527,HERMIT,36.165,-86.6027,POINT (-86.6027 36.165)
20190490753,06/29/2019 09:12:00 AM,2,0,0,,N,352183,11,Front to Rear,21,CLEAR,1,DAYLIGHT,12,MOTOR VEHICLE IN TRANSPORT,CHARLOTTE AV & 22ND AVN,NASHVILLE,TN,37203,5609,MIDTOW,36.1562,-86.8077,POINT (-86.8077 36.1562)
20190113473,02/11/2019 05:32:00 PM,2,0,0,,N,320585,4,ANGLE,2,RAIN,3,DARK - LIGHTED,13,MOTOR VEHICLE IN TRANSPORT-OTHER ROADWAY,LEBANON PKE & MCGAVOCK PKE,NASHVILLE,TN,37214,9201,HERMIT,36.1694,-86.6799,POINT (-86.6799 36.1694)
20190406539,05/28/2019 08:14:00 AM,2,0,0,,N,191578,4,ANGLE,21,CLEAR,1,DAYLIGHT,12,MOTOR VEHICLE IN TRANSPORT,BELL RD & SMITH SPRINGS RD,NASHVILLE,TN,37217,8935,HERMIT,36.0903,-86.6265,POINT (-86.6265 36.0903)
20190102915,02/07/2019 11:23:00 AM,2,0,0,,N,191578,11,Front to Rear,21,CLEAR,1,DAYLIGHT,12,MOTOR VEHICLE IN TRANSPORT,LEBANON PKE & OLD HICKORY BLVD,HERMITAGE,TN,37076,9613,HERMIT,36.1756,-86.6154,POINT (-86.6154 36.1756)
20190334637,05/01/2019 09:35:00 AM,2,0,0,,N,109534,11,Front to Rear,21,CLEAR,1,DAYLIGHT,12,MOTOR VEHICLE IN TRANSPORT,MM 211 8 I 40,NASHVILLE,TN,37210,90022,HERMIT,36.149,-86.7465,POINT (-86.7465 36.149)
20190384598,05/20/2019 09:49:00 AM,2,5,1,,N,161952,4,ANGLE,21,CLEAR,1,DAYLIGHT,12,MOTOR VEHICLE IN TRANSPORT,WHITES CREEK PKE & I24 W ENT RAMP,JOELTON,TN,37080,2305,NORTH,36.3256,-86.8689,POINT (-86.8689 36.3256)
20190065142,01/25/2019 08:59:00 AM,2,2,0,,N,226136,4,ANGLE,21,CLEAR,1,DAYLIGHT,12,MOTOR VEHICLE IN TRANSPORT,NOLENSVILLE PKE & PARAGON MILLS RD,NASHVILLE,TN,37211,8421,SOUTH,36.0848,-86.7281,POINT (-86.7281 36.0848)
20190423493,06/04/2019 10:35:00 AM,2,2,0,,N,676834,11,Front to Rear,21,CLEAR,1,DAYLIGHT,12,MOTOR VEHICLE IN TRANSPORT,CLARKSVILLE PKE & ROSA L PARKS BLVD,NASHVILLE,TN,37228,4483,NORTH,36.1889,-86.8231,POINT (-86.8231 36.1889)
20190208675,03/17/2019 11:03:00 PM,2,0,0,,N,468098,5,SIDESWIPE - SAME DIRECTION,21,CLEAR,2,DARK - NOT LIGHTED,12,MOTOR VEHICLE IN TRANSPORT,MM 58 2 I 24,ANTIOCH,TN,37013,87060,SOUTH,36.0564,-86.6761,POINT (-86.6761 36.0564)
20190453133,06/14/2019 04:10:00 PM,2,0,0,,Y,299253,11,Front to Rear,21,CLEAR,1,DAYLIGHT,12,MOTOR VEHICLE IN TRANSPORT,MM 47 4 I 24,NASHVILLE,TN,37207,1904,CENTRA,36.1827,-86.7752,POINT (-86.7752 36.1827)