Accident Number,Date and Time,Number of Motor Vehicles,Number of Injuries,Number of Fatalities,Property Damage,Hit and Run,Reporting Officer,Collision Type Code,Collision Type Description,Weather Code,Weather Description,Illumination Code,Illumination Description,Harmful Code,Harmful Code Description,Street Address,City,State,ZIP,RPA,Precinct,Latitude,Longitude,Mapped Location
20190122842,02/14/2019 02:40:00 PM,2,0,0,,N,256427,11,Front to Rear,22,CLOUDY,1,DAYLIGHT,12,MOTOR VEHICLE IN TRANSPORT,I40 E EXT RAMP & I 40,NASHVILLE,TN,37214,8955,HERMIT,36.155,-86.6271,POINT (-86.6271 36.155)
20190455771,06/15/2019 05:30:00 PM,2,0,0,,N,299266,11,Front to Rear,21,CLEAR,1,DAYLIGHT,12,MOTOR VEHICLE IN TRANSPORT,BELL RD & COLLINS PARK DR,ANTIOCH,TN,37013,8863,SOUTH,36.2189,-86.8464,POINT (-86.8464 36.2189)
20190093366,02/04/2019 12:00:00 AM,2,0,0,,Y,676834,9,UNKNOWN,99,UNKNOWN,9,UNKNOWN,12;14,MOTOR VEHICLE IN TRANSPORT;PARKED MOTOR VEHICLE,26TH AVN & DOWLAN ST,NASHVILLE,TN,37208,4431,NORTH,36.1891,-86.8181,POINT (-86.8181 36.1891)
20190332513,04/30/2019 12:00:00 AM,2,0,0,,N,311333,4,ANGLE,21,CLEAR,1,DAYLIGHT,12,MOTOR VEHICLE IN TRANSPORT,MURFREESBORO PKE & HOBSON PKE,ANTIOCH,TN,37013,8927,SOUTH,36.043,-86.6066,POINT (-86.6066 36.043)
20190094596,02/04/2019 07:19:00 PM,2,0,0,,N,279124,5,SIDESWIPE - SAME DIRECTION,21,CLEAR,2,DARK - NOT LIGHTED,12,MOTOR VEHICLE IN TRANSPORT,MM 58 4 I 24,ANTIOCH,TN,37013,8857,SOUTH,36.0537,-86.6728,POINT (-86.6728 36.0537)
20190480713,06/25/2019 05:08:00 PM,2,0,0,,N,256383,4,ANGLE,21,CLEAR,1,DAYLIGHT,12,MOTOR VEHICLE IN TRANSPORT,MURFREESBORO PKE & FOREST VIEW DR,ANTIOCH,TN,37013,8865,SOUTH,36.0674,-86.6313,POINT (-86.6313 36.0674)
20190324774,04/27/2019 02:20:00 PM,2,1,0,,Y,320575,4,ANGLE,21,CLEAR,1,DAYLIGHT,12,MOTOR VEHICLE IN TRANSPORT,MM 0 0 PIN HOOK ROAD,ANTIOCH,TN,37013,8927,SOUTH,36.0508,-86.6136,POINT (-86.6136 36.0508)
20190230608,03/25/2019 08:50:00 AM,2,0,0,,N,665896,4,ANGLE,22,CLOUDY,1,DAYLIGHT,12,MOTOR VEHICLE IN TRANSPORT,GALLATIN AV & N 11TH ST,NASHVILLE,TN,37206,1241,EAST,36.1796,-86.7502,POINT (-86.7502 36.1796)
20190262708,04/05/2019 12:40:00 PM,2,1,0,,N,226136,4,ANGLE,22,CLOUDY,1,DAYLIGHT,12,MOTOR VEHICLE IN TRANSPORT,MM 79 5 I 65,NASHVILLE,TN,37204,70042,MIDTOW,36.106,-86.7678,POINT (-86.7678 36.106)
20190425853,06/04/2019 12:57:00 PM,3,1,0,,N,191578,4,ANGLE,21,CLEAR,1,DAYLIGHT,12,MOTOR VEHICLE IN TRANSPORT,ELM HILL PKE & ATRIUM WAY,NASHVILLE,TN,37214,9101,HERMIT,36.1532,-86.6877,POINT (-86.6877 36.1532)
20190337658,05/02/2019 11:17:00 AM,2,0,0,,N,109534,11,Front to Rear,21,CLEAR,1,DAYLIGHT,12,MOTOR VEHICLE IN TRANSPORT,MM 215 4 I 40,NASHVILLE,TN,37217,89020,HERMIT,36.1434,-86.6882,POINT (-86.6882 36.1434)
20190207550,03/17/2019 09:15:00 AM,1,1,0,,N,591933,0,NOT COLLISION W/MOTOR VEHICLE-TRANSPORT,21,CLEAR,1,DAYLIGHT,5,,COUNTRY WAY RD & SEBETHA CT,ANTIOCH,TN,37013,8925,SOUTH,36.0737,-86.5972,POINT (-86.5972 36.0737)
20190165074,03/01/2019 06:51:00 PM,2,1,0,,Y,279124,5,SIDESWIPE - SAME DIRECTION,21,CLEAR,3,DARK - LIGHTED,12,MOTOR VEHICLE IN TRANSPORT,MURFREESBORO PKE & DOVER GLEN PVTDR,ANTIOCH,TN,37013,8891,SOUTH,36.0778,-86.6423,POINT (-86.6423 36.0778)
20190459557,06/17/2019 11:55:00 AM,2,0,0,,N,716886,11,Front to Rear,21,CLEAR,1,DAYLIGHT,12,MOTOR VEHICLE IN TRANSPORT,MM 59 6 I 24,ANTIOCH,TN,37013,88060,SOUTH,36.0438,-86.6561,POINT (-86.6561 36.0438)
20190385107,05/20/2019 01:15:00 PM,2,0,0,,N,109534,5,SIDESWIPE - SAME DIRECTION,21,CLEAR,1,DAYLIGHT,12,MOTOR VEHICLE IN TRANSPORT,LEBANON PKE & TYLER DR,HERMITAGE,TN,37076,9719,HERMIT,36.1776,-86.6167,POINT (-86.6167 36.1776)
20190071000,01/27/2019 05:30:00 PM,4,0,0,,Y,161939,5,SIDESWIPE - SAME DIRECTION,21,CLEAR,3,DARK - LIGHTED,12,MOTOR VEHICLE IN TRANSPORT,MM 55 4 I 24,NASHVILLE,TN,37211,8812,SOUTH,36.0901,-86.7031,POINT (-86.7031 36.0901)
20190567164,07/30/2019 04:25:00 PM,2,0,0,,N,311327,11,Front to Rear,21,CLEAR,1,DAYLIGHT,12,MOTOR VEHICLE IN TRANSPORT,MM 49 2 I 24,NASHVILLE,TN,37213,1002,CENTRA,36.1637,-86.7625,POINT (-86.7625 36.1637)
20190109996,02/10/2019 08:22:00 AM,2,0,0,,N,311325,5,SIDESWIPE - SAME DIRECTION,2,RAIN,1,DAYLIGHT,12,MOTOR VEHICLE IN TRANSPORT,FESSLERS LN & LEBANON PKE,NASHVILLE,TN,37210,9011,HERMIT,36.1543,-86.7421,POINT (-86.7421 36.1543)
20190455436,06/15/2019 03:56:00 PM,3,1,0,Y,N,330412,6,SIDESWIPE - OPPOSITE DIRECTION,21,CLEAR,1,DAYLIGHT,12,MOTOR VEHICLE IN TRANSPORT,SPRINGFIELD HWY & SPRINGFIELD HWY PVTDR,GOODLETTSVILLE,TN,37072,2215,MADISO,36.3848,-86.7546,POINT (-86.7546 36.3848)
20190537169,07/18/2019 12:20:00 PM,2,0,0,,N,716886,11,Front to Rear,21,CLEAR,1,DAYLIGHT,12,MOTOR VEHICLE IN TRANSPORT,NOLENSVILLE PKE & HAYWOOD LN,NASHVILLE,TN,37211,8661,MIDTOW,36.0683,-86.7193,POINT (-86.7193 36.0683)
20190023638,01/10/2019 01:25:00 AM,1,0,0,Y,N,909497,0,NOT COLLISION W/MOTOR VEHICLE-TRANSPORT,21,CLEAR,2,DARK - NOT LIGHTED,40,MAIL BOX,640 OLD LEBANON DIRT RD,HERMITAGE,TN,37076,9559,HERMIT,36.1888,-86.5952,POINT (-86.5952 36.1888)
20190516625,07/10/2019 08:05:00 AM,2,0,0,,N,109534,11,Front to Rear,21,CLEAR,1,DAYLIGHT,12,MOTOR VEHICLE IN TRANSPORT,MM 214 1 I 40,NASHVILLE,TN,37210,90062,HERMIT,36.142,-86.7124,POINT (-86.7124 36.142)
20190210274,03/18/2019 12:00:00 PM,2,0,0,,N,226622,4,ANGLE,21,CLEAR,1,DAYLIGHT,12,MOTOR VEHICLE IN TRANSPORT,HARDING PL & LINDAWOOD DR,NASHVILLE,TN,37215,6203,WEST,36.0915,-86.8323,POINT (-86.8323 36.0915)
20190059990,01/23/2019 03:49:00 PM,2,0,0,,N,256422,11,Front to Rear,2,RAIN,9,UNKNOWN,12,MOTOR VEHICLE IN TRANSPORT,VASHTI ST & COWAN ST,NASHVILLE,TN,37207,3001,NORTH,36.1932,-86.7812,POINT (-86.7812 36.1932)
20190272133,04/09/2019 07:45:00 AM,2,0,0,,N,226136,11,Front to Rear,22,CLOUDY,1,DAYLIGHT,12,MOTOR VEHICLE IN TRANSPORT,HARDING PL & SHYS HILL RD,NASHVILLE,TN,37215,6313,MIDTOW,36.09,-86.8099,POINT (-86.8099 36.09)
20190001104,01/01/2019 12:50:00 PM,1,4,0,,N,620080,0,NOT COLLISION W/MOTOR VEHICLE-TRANSPORT,22,CLOUDY,1,DAYLIGHT,42,TREE,CROSSINGS BLVD & CROSSINGS PL,ANTIOCH,TN,37013,8863,SOUTH,36.0897,-86.6881,POINT (-86.6881 36.0897)
20190320149,04/25/2019 05:26:00 PM,2,0,0,Y,N,453088,4,ANGLE,21,CLEAR,1,DAYLIGHT,12;13,MOTOR VEHICLE IN TRANSPORT;MOTOR VEHICLE IN TRANSPORT-OTHER ROADWAY,WOODMONT BLVD & HOPKINS ST,NASHVILLE,TN,37215,6413,MIDTOW,36.1136,-86.8062,POINT (-86.8062 36.1136)
20190200408,03/14/2019 01:42:00 PM,2,1,0,,N,755026,5,SIDESWIPE - SAME DIRECTION,21,CLEAR,1,DAYLIGHT,12,MOTOR VEHICLE IN TRANSPORT,MM 6 8 I 440,NASHVILLE,TN,37210,81040,SOUTH,36.1244,-86.7398,POINT (-86.7398 36.1244)
20190132505,02/18/2019 12:45:00 PM,3,0,0,,N,414730,11,Front to Rear,21,CLEAR,1,DAYLIGHT,12;39,MOTOR VEHICLE IN TRANSPORT;WALL,OLD HICKORY BLVD & EDINBURGH DR,NASHVILLE,TN,37221,6215,WEST,36.0514,-86.8855,POINT (-86.8855 36.0514)
20190051621,01/20/2019 12:00:00 AM,2,0,0,,Y,279196,11,Front to Rear,21,CLEAR,1,DAYLIGHT,12,MOTOR VEHICLE IN TRANSPORT,OLD TIME VILLAGE PVTDR & OLD HICKORY BLV,MADISON,TN,37115,1763,MADISO,36.264,-86.7136,POINT (-86.7136 36.264)
20190057234,01/22/2019 03:28:00 PM,2,0,0,,Y,197054,4,ANGLE,21,CLEAR,1,DAYLIGHT,12,MOTOR VEHICLE IN TRANSPORT,PATRICIA DR & KAREN DR,NASHVILLE,TN,37217,8887,HERMIT,36.1387,-86.7057,POINT (-86.7057 36.1387)
20190343203,05/04/2019 03:30:00 PM,2,0,0,,N,311333,11,Front to Rear,2,RAIN,1,DAYLIGHT,12,MOTOR VEHICLE IN TRANSPORT,MM 62 3 I 24,ANTIOCH,TN,37013,8806,SOUTH,36.0177,-86.6241,POINT (-86.6241 36.0177)
20190165824,03/02/2019 12:00:00 AM,2,0,0,,Y,256377,4,ANGLE,21,CLEAR,3,DARK - LIGHTED,12,MOTOR VEHICLE IN TRANSPORT,EAST THOMPSON LN & MURFREESBORO PKE,NASHVILLE,TN,37217,8879,SOUTH,36.1267,-86.7111,POINT (-86.7111 36.1267)
20190138747,02/20/2019 12:50:00 PM,1,0,0,Y,Y,807344,0,NOT COLLISION W/MOTOR VEHICLE-TRANSPORT,2,RAIN,1,DAYLIGHT,27,H-WAY TRAFFIC SIGNAL POST,S 2ND ST & SHELBY AV,NASHVILLE,TN,37213,1007,CENTRA,36.1649,-86.7679,POINT (-86.7679 36.1649)
20190401180,05/25/2019 11:07:00 PM,2,1,0,,N,330420,6,SIDESWIPE - OPPOSITE DIRECTION,21,CLEAR,2,DARK - NOT LIGHTED,12,MOTOR VEHICLE IN TRANSPORT,BELL RD & REELFOOT DR,NASHVILLE,TN,37214,8989,HERMIT,36.1362,-86.6298,POINT (-86.6298 36.1362)
20190329511,04/29/2019 03:46:00 PM,2,0,0,,N,419972,5,SIDESWIPE - SAME DIRECTION,21,CLEAR,1,DAYLIGHT,12,MOTOR VEHICLE IN TRANSPORT,WEST END AV & BOWLING AV,NASHVILLE,TN,37205,6005,WEST,36.1347,-86.8251,POINT (-86.8251 36.1347)
20190520894,07/11/2019 09:48:00 PM,2,2,0,,N,279211,4,ANGLE,21,CLEAR,3,DARK - LIGHTED,12,MOTOR VEHICLE IN TRANSPORT,EWING DR & BRICK CHURCH PKE,NASHVILLE,TN,37207,2001,MADISO,36.2316,-86.7815,POINT (-86.7815 36.2316)
20190496336,07/01/2019 06:29:00 PM,2,0,0,,N,311327,11,Front to Rear,21,CLEAR,1,DAYLIGHT,12,MOTOR VEHICLE IN TRANSPORT,MM 49 3 I 24,NASHVILLE,TN,37206,10040,EAST,36.1629,-86.7614,POINT (-86.7614 36.1629)
20190045253,01/17/2019 09:55:00 PM,1,0,0,Y,Y,256380,9,UNKNOWN,2,RAIN,3,DARK - LIGHTED,99,UNKNOWN MOST HARMFUL EVENT,CATO RD & BRILEY PKWY N ENT RAMP,NASHVILLE,TN,37218,3247,NORTH,36.2146,-86.8671,POINT (-86.8671 36.2146)
20190374650,05/16/2019 12:00:00 AM,2,0,0,,Y,279122,3,REAR-TO-REAR,99,UNKNOWN,9,UNKNOWN,14,PARKED MOTOR VEHICLE,3300 FEDEX DR,WHITES CREEK,TN,37189,3225,NORTH,36.2361,-86.8004,POINT (-86.8004 36.2361)
20190126429,02/15/2019 08:21:00 PM,2,0,0,,N,320585,5,SIDESWIPE - SAME DIRECTION,2,RAIN,2,DARK - NOT LIGHTED,12,MOTOR VEHICLE IN TRANSPORT,I40 W ENT RAMP & I 40,NASHVILLE,TN,37210,9007,HERMIT,36.1484,-86.7454,POINT (-86.7454 36.1484)
20190103353,02/07/2019 02:50:00 PM,3,0,0,,Y,311803,11,Front to Rear,21,CLEAR,1,DAYLIGHT,12,MOTOR VEHICLE IN TRANSPORT,I40 E EXT RAMP & I 40,NASHVILLE,TN,37214,8955,HERMIT,36.155,-86.6271,POINT (-86.6271 36.155)
20190376079,05/16/2019 05:48:00 PM,2,0,0,,Y,267831,4,ANGLE,21,CLEAR,1,DAYLIGHT,12;14,MOTOR VEHICLE IN TRANSPORT;PARKED MOTOR VEHICLE,AMERICAN RD & MERCOMATIC DR,NASHVILLE,TN,37209,5023,WEST,36.1455,-86.8734,POINT (-86.8734 36.1455)
20190526710,07/14/2019 12:55:00 PM,2,1,0,Y,N,468030,0,NOT COLLISION W/MOTOR VEHICLE-TRANSPORT,22,CLOUDY,1,DAYLIGHT,31;7,"OTHER POST, POLE, SUPP.",MAIN ST & N 10TH ST,NASHVILLE,TN,37206,1939,EAST,36.1781,-86.7517,POINT (-86.7517 36.1781)
20190353935,05/08/2019 02:28:00 PM,2,0,0,,N,256383,11,Front to Rear,21,CLEAR,1,DAYLIGHT,12,MOTOR VEHICLE IN TRANSPORT,MURFREESBORO PKE & HAMILTON CHURCH RD,ANTIOCH,TN,37013,8865,SOUTH,36.0649,-86.6286,POINT (-86.6286 36.0649)
20190416345,05/31/2019 02:09:00 PM,2,0,0,,N,279116,4,ANGLE,22,CLOUDY,1,DAYLIGHT,12,MOTOR VEHICLE IN TRANSPORT,ACKLEN AV & 12TH AVS,NASHVILLE,TN,37204,6943,MIDTOW,36.1338,-86.7888,POINT (-86.7888 36.1338)
20190002719,01/02/2019 04:20:00 AM,2,0,0,,N,332298,5,SIDESWIPE - SAME DIRECTION,21,CLEAR,3,DARK - LIGHTED,12,MOTOR VEHICLE IN TRANSPORT,OLD HICKORY BLVD & EDMONDSON PKE,NASHVILLE,TN,37220,8615,MIDTOW,36.04,-86.7435,POINT (-86.7435 36.04)
20190226129,03/23/2019 12:23:00 PM,2,2,0,,N,462474,4,ANGLE,21,CLEAR,1,DAYLIGHT,12;34;63,MOTOR VEHICLE IN TRANSPORT;DITCH;Ran Off Road-Right,BLACKMAN RD & BRIARWOOD DR,NASHVILLE,TN,37211,8611,MIDTOW,36.0746,-86.7505,POINT (-86.7505 36.0746)
20190308682,04/22/2019 10:16:00 AM,3,0,0,,N,279113,98,OTHER,21,CLEAR,1,DAYLIGHT,12,MOTOR VEHICLE IN TRANSPORT,MCGAVOCK PKE & MUSIC VALLEY DR,NASHVILLE,TN,37214,9213,HERMIT,36.217,-86.6951,POINT (-86.6951 36.217)
20190207917,03/17/2019 01:37:00 PM,1,0,0,,N,330427,0,NOT COLLISION W/MOTOR VEHICLE-TRANSPORT,21,CLEAR,1,DAYLIGHT,23,BRIDGE RAIL,SPACE PARK SOUTH DR & ANTIOCH PKE,NASHVILLE,TN,37211,8843,SOUTH,36.0974,-86.7067,POINT (-86.7067 36.0974)
20190196418,03/13/2019 06:15:00 AM,1,0,0,,N,156308,0,NOT COLLISION W/MOTOR VEHICLE-TRANSPORT,21,CLEAR,2,DARK - NOT LIGHTED,50,DEER (ANIMAL),BULL RUN RD & ASHLAND CITY HWY,ASHLAND CITY,TN,37015,3323,NORTH,36.2189,-86.9772,POINT (-86.9772 36.2189)
20190119216,02/13/2019 11:12:00 AM,2,1,0,,Y,320586,11,Front to Rear,21,CLEAR,1,DAYLIGHT,12,MOTOR VEHICLE IN TRANSPORT,HARDING PL & HARDING MALL DR,NASHVILLE,TN,37211,8705,SOUTH,36.0804,-86.7218,POINT (-86.7218 36.0804)
20190163437,03/01/2019 06:05:00 AM,3,0,0,,Y,212321,11,Front to Rear,5,FOG,4,DAWN,12,MOTOR VEHICLE IN TRANSPORT,I24 W EXT RAMP & I 24,NASHVILLE,TN,37211,8829,SOUTH,36.1074,-86.7197,POINT (-86.7197 36.1074)
20190090186,02/02/2019 09:40:00 PM,2,0,0,,N,320591,5,SIDESWIPE - SAME DIRECTION,21,CLEAR,2,DARK - NOT LIGHTED,12,MOTOR VEHICLE IN TRANSPORT,MM 58 9 I 24,ANTIOCH,TN,37013,87061,SOUTH,36.0494,-86.6662,POINT (-86.6662 36.0494)
20190565951,07/30/2019 06:50:00 AM,2,0,0,,Y,716886,11,Front to Rear,21,CLEAR,1,DAYLIGHT,12,MOTOR VEHICLE IN TRANSPORT,MM 56 7 I 24,NASHVILLE,TN,37211,8810,SOUTH,36.0726,-86.6916,POINT (-86.6916 36.0726)
20190378543,05/17/2019 03:53:00 PM,2,0,0,,N,330428,5,SIDESWIPE - SAME DIRECTION,21,CLEAR,1,DAYLIGHT,12,MOTOR VEHICLE IN TRANSPORT,MM 194 9 I 40,NASHVILLE,TN,37221,4804,WEST,36.0747,-86.9786,POINT (-86.9786 36.0747)
20190184586,03/08/2019 03:28:00 PM,2,1,0,,N,256389,11,Front to Rear,2,RAIN,1,DAYLIGHT,12,MOTOR VEHICLE IN TRANSPORT,BATTERY LN & CHURCHWOOD DR,NASHVILLE,TN,37220,7103,MIDTOW,36.0871,-86.7795,POINT (-86.7795 36.0871)
20190371611,05/15/2019 09:35:00 AM,2,0,0,,N,352204,11,Front to Rear,2,RAIN,1,DAYLIGHT,12,MOTOR VEHICLE IN TRANSPORT,I440 E EXT RAMP & I 440,NASHVILLE,TN,37205,5249,WEST,36.1366,-86.8221,POINT (-86.8221 36.1366)
20190431734,06/06/2019 02:08:00 PM,2,1,0,,N,256389,4,ANGLE,2,RAIN,1,DAYLIGHT,12,MOTOR VEHICLE IN TRANSPORT,I65 S ENT RAMP & I65 S EXT RAMP,NASHVILLE,TN,37204,6945,MIDTOW,36.1342,-86.7764,POINT (-86.7764 36.1342)
20190265813,04/06/2019 05:25:00 PM,2,0,0,,Y,161939,4,ANGLE,21,CLEAR,1,DAYLIGHT,12,MOTOR VEHICLE IN TRANSPORT,ARBOR RIDGE DR & ARBOR PL,ANTIOCH,TN,37013,8753,SOUTH,36.0433,-86.6651,POINT (-86.6651 36.0433)
20190508607,07/06/2019 11:51:00 AM,2,0,0,,N,462474,5,SIDESWIPE - SAME DIRECTION,21,CLEAR,1,DAYLIGHT,12,MOTOR VEHICLE IN TRANSPORT,OLD HICKORY BLVD & I65 N ENT RAMP,BRENTWOOD,TN,37027,8619,MIDTOW,36.0401,-86.7807,POINT (-86.7807 36.0401)
20190103056,02/07/2019 12:36:00 PM,1,1,0,,N,716886,0,NOT COLLISION W/MOTOR VEHICLE-TRANSPORT,21,CLEAR,1,DAYLIGHT,36,CONCRETE TRAFFIC BARRIER,MM 61 7 I 24,ANTIOCH,TN,37013,8806,SOUTH,36.0236,-86.6306,POINT (-86.6306 36.0236)
20190486607,06/27/2019 06:07:00 PM,2,1,0,,N,240979,11,Front to Rear,21,CLEAR,1,DAYLIGHT,12,MOTOR VEHICLE IN TRANSPORT,DUE WEST AVW & FREDA VILLA,MADISON,TN,37115,1789,MADISO,36.2483,-86.7245,POINT (-86.7245 36.2483)
20190564792,07/29/2019 05:32:00 PM,2,0,0,,N,299266,11,Front to Rear,21,CLEAR,1,DAYLIGHT,12,MOTOR VEHICLE IN TRANSPORT,MURFREESBORO PKE & EDGE O LAKE DR,ANTIOCH,TN,37013,8891,SOUTH,36.0795,-86.6446,POINT (-86.6446 36.0795)
20190209793,03/18/2019 08:49:00 AM,2,2,0,,N,191578,11,Front to Rear,21,CLEAR,1,DAYLIGHT,12,MOTOR VEHICLE IN TRANSPORT,MM 214 4 I 40,NASHVILLE,TN,37210,90061,HERMIT,36.1431,-86.7063,POINT (-86.7063 36.1431)
20190090111,02/02/2019 09:34:00 PM,1,0,0,,N,109543,0,NOT COLLISION W/MOTOR VEHICLE-TRANSPORT,21,CLEAR,3,DARK - LIGHTED,50,DEER (ANIMAL),TULIP GROVE RD & CHANDLER RD,HERMITAGE,TN,37076,9513,HERMIT,36.1997,-86.592,POINT (-86.592 36.1997)
20190422246,06/03/2019 07:43:00 AM,2,0,0,,N,716886,11,Front to Rear,21,CLEAR,1,DAYLIGHT,12,MOTOR VEHICLE IN TRANSPORT,I24 E EXT RAMP & I 24,NASHVILLE,TN,37207,30080,NORTH,36.2378,-86.7872,POINT (-86.7872 36.2378)
20190189122,03/10/2019 04:47:00 PM,2,0,0,,N,256446,11,Front to Rear,21,CLEAR,1,DAYLIGHT,12,MOTOR VEHICLE IN TRANSPORT,EAST THOMPSON LN & LAWNDALE DR,NASHVILLE,TN,37211,8803,SOUTH,36.1254,-86.7134,POINT (-86.7134 36.1254)
20190300793,04/18/2019 10:00:00 PM,2,0,0,,Y,320584,5,SIDESWIPE - SAME DIRECTION,2,RAIN,3,DARK - LIGHTED,12,MOTOR VEHICLE IN TRANSPORT,OLD HICKORY BLVD & FRIST BLVD,HERMITAGE,TN,37076,9561,HERMIT,36.1776,-86.6059,POINT (-86.6059 36.1776)
20190432512,06/06/2019 06:19:00 PM,1,0,0,Y,Y,725756,0,NOT COLLISION W/MOTOR VEHICLE-TRANSPORT,2,RAIN,1,DAYLIGHT,23,BRIDGE RAIL,OLD HICKORY BLVD & CHARLOTTE PKE,NASHVILLE,TN,37209,4701,WEST,36.1167,-86.9233,POINT (-86.9233 36.1167)
20190390542,05/22/2019 08:06:00 AM,3,0,0,,N,716886,11,Front to Rear,21,CLEAR,1,DAYLIGHT,12,MOTOR VEHICLE IN TRANSPORT,MM 58 6 I 24,ANTIOCH,TN,37013,8808,SOUTH,36.0518,-86.67,POINT (-86.67 36.0518)
20190399571,05/25/2019 04:50:00 AM,2,0,0,,Y,298875,11,Front to Rear,21,CLEAR,4,DAWN,12;14,MOTOR VEHICLE IN TRANSPORT;PARKED MOTOR VEHICLE,BELL RD & CANE RIDGE RD,ANTIOCH,TN,37013,8753,SOUTH,36.0449,-86.6631,POINT (-86.6631 36.0449)
20190027200,01/11/2019 08:20:00 AM,2,0,0,,N,226136,4,ANGLE,21,CLEAR,1,DAYLIGHT,12,MOTOR VEHICLE IN TRANSPORT,EDMONDSON PKE & WEXFORD DOWNS LN,NASHVILLE,TN,37211,8651,MIDTOW,36.0198,-86.7421,POINT (-86.7421 36.0198)
20190110359,02/10/2019 12:46:00 PM,2,0,0,,N,538214,4,ANGLE,2,RAIN,1,DAYLIGHT,12,MOTOR VEHICLE IN TRANSPORT,4TH AVS & LAFAYETTE ST,NASHVILLE,TN,37203,4007,CENTRA,36.1515,-86.7711,POINT (-86.7711 36.1515)
20190037130,01/15/2019 06:45:00 AM,3,0,0,,N,109534,11,Front to Rear,22,CLOUDY,3,DARK - LIGHTED,12,MOTOR VEHICLE IN TRANSPORT,STEWARTS FERRY PKE & I40 W EXT RAMP,NASHVILLE,TN,37214,9413,HERMIT,36.1565,-86.6313,POINT (-86.6313 36.1565)
20190251358,04/01/2019 03:15:00 PM,2,0,0,,N,330413,4,ANGLE,22,CLOUDY,1,DAYLIGHT,12,MOTOR VEHICLE IN TRANSPORT,MCMURRAY DR & TUSCULUM RD,NASHVILLE,TN,37211,8659,MIDTOW,36.0587,-86.7227,POINT (-86.7227 36.0587)
20190519795,07/11/2019 12:16:00 PM,2,0,0,,N,306231,16,Rear to Side,21,CLEAR,1,DAYLIGHT,12,MOTOR VEHICLE IN TRANSPORT,19TH AVN & CHARLOTTE AV,NASHVILLE,TN,37203,5357,NORTH,36.1576,-86.8014,POINT (-86.8014 36.1576)
20190080999,01/30/2019 07:15:00 PM,2,0,0,,N,693098,4,ANGLE,21,CLEAR,3,DARK - LIGHTED,12,MOTOR VEHICLE IN TRANSPORT,MURPHY RD & PARK CIR,NASHVILLE,TN,37205,5249,WEST,36.1398,-86.8242,POINT (-86.8242 36.1398)
20190153277,02/25/2019 06:42:00 PM,2,0,0,,N,134871,5,SIDESWIPE - SAME DIRECTION,21,CLEAR,3,DARK - LIGHTED,12,MOTOR VEHICLE IN TRANSPORT,5TH AVS & BROADWAY,NASHVILLE,TN,37203,4089,CENTRA,36.1605,-86.7784,POINT (-86.7784 36.1605)
20190176992,03/06/2019 05:06:00 AM,2,2,0,Y,N,298871,4,ANGLE,21,CLEAR,3,DARK - LIGHTED,12;30;33,MOTOR VEHICLE IN TRANSPORT;UTILITY POLE;CURB,17TH AVS & BROADWAY,NASHVILLE,TN,37203,5705,MIDTOW,36.1533,-86.794,POINT (-86.794 36.1533)
20190263679,04/05/2019 07:57:00 PM,2,0,0,,N,279124,11,Front to Rear,21,CLEAR,3,DARK - LIGHTED,12,MOTOR VEHICLE IN TRANSPORT,NOLENSVILLE PKE & WHEELER AV,NASHVILLE,TN,37211,8435,SOUTH,36.0948,-86.737,POINT (-86.737 36.0948)
20190473629,06/22/2019 04:48:00 PM,2,1,0,,N,256380,11,Front to Rear,2,RAIN,1,DAYLIGHT,12,MOTOR VEHICLE IN TRANSPORT,W TRINITY LN & BRICK CHURCH PKE,NASHVILLE,TN,37207,3003,NORTH,36.2066,-86.7779,POINT (-86.7779 36.2066)
20190234496,03/26/2019 10:40:00 AM,2,0,0,,N,330431,4,ANGLE,21,CLEAR,1,DAYLIGHT,12,MOTOR VEHICLE IN TRANSPORT,NOLENSVILLE PKE & HARDING PL,NASHVILLE,TN,37211,8445,SOUTH,36.0809,-86.7267,POINT (-86.7267 36.0809)
20190283835,04/13/2019 09:50:00 AM,2,0,0,,Y,179602,4,ANGLE,2,RAIN,1,DAYLIGHT,12,MOTOR VEHICLE IN TRANSPORT,I65 S ENT RAMP & I 65,NASHVILLE,TN,37207,3007,NORTH,36.2057,-86.778,POINT (-86.778 36.2057)
20190459454,06/17/2019 11:23:00 AM,2,0,0,,N,716886,11,Front to Rear,21,CLEAR,1,DAYLIGHT,12,MOTOR VEHICLE IN TRANSPORT,HOBSON PKE & COUCHVILLE PKE,HERMITAGE,TN,37076,8909,SOUTH,36.1565,-86.7372,POINT (-86.7372 36.1565)
20190112768,02/11/2019 12:27:00 PM,2,1,0,,Y,665896,5,SIDESWIPE - SAME DIRECTION,22,CLOUDY,1,DAYLIGHT,12;36,MOTOR VEHICLE IN TRANSPORT;CONCRETE TRAFFIC BARRIER,BRILEY PKWY E ENT RAMP & ELLINGTON PKWYN,NASHVILLE,TN,37216,1882,EAST,36.2363,-86.7437,POINT (-86.7437 36.2363)
20190086042,02/01/2019 09:25:00 AM,2,0,0,,N,717625,11,Front to Rear,21,CLEAR,1,DAYLIGHT,12,MOTOR VEHICLE IN TRANSPORT,MM 208 3 I 40,NASHVILLE,TN,37203,54024,NORTH,36.166,-86.7949,POINT (-86.7949 36.166)
20190128357,02/16/2019 05:50:00 PM,2,0,0,,N,420040,4,ANGLE,22,CLOUDY,2,DARK - NOT LIGHTED,12,MOTOR VEHICLE IN TRANSPORT,NOLENSVILLE PKE & HARDING PL,NASHVILLE,TN,37211,8445,SOUTH,36.0809,-86.7267,POINT (-86.7267 36.0809)