Accident Number,Date and Time,Number of Motor Vehicles,Number of Injuries,Number of Fatalities,Property Damage,Hit and Run,Reporting Officer,Collision Type Code,Collision Type Description,Weather Code,Weather Description,Illumination Code,Illumination Description,Harmful Code,Harmful Code Description,Street Address,City,State,ZIP,RPA,Precinct,Latitude,Longitude,Mapped Location
20190338528,05/02/2019 05:30:00 PM,2,1,0,,Y,212330,4,ANGLE,22,CLOUDY,1,DAYLIGHT,12,MOTOR VEHICLE IN TRANSPORT,10TH AVN & CHEATHAM PL,NASHVILLE,TN,37208,4327,NORTH,36.1765,-86.7979,POINT (-86.7979 36.1765)
20190219575,03/21/2019 07:24:00 AM,2,0,0,,N,716886,5,SIDESWIPE - SAME DIRECTION,21,CLEAR,1,DAYLIGHT,12,MOTOR VEHICLE IN TRANSPORT,NOLENSVILLE PKE & CRAIGHEAD ST,NASHVILLE,TN,37210,8125,SOUTH,36.1338,-86.7588,POINT (-86.7588 36.1338)
20190092340,02/03/2019 10:10:00 PM,2,0,0,,Y,468098,6,SIDESWIPE - OPPOSITE DIRECTION,21,CLEAR,3,DARK - LIGHTED,12,MOTOR VEHICLE IN TRANSPORT,HAYWOOD LN & LOCUSTWOOD DR,NASHVILLE,TN,37211,8711,SOUTH,36.0689,-86.7031,POINT (-86.7031 36.0689)
20190541812,07/20/2019 03:30:00 AM,2,0,0,,Y,240944,11,Front to Rear,21,CLEAR,3,DARK - LIGHTED,12,MOTOR VEHICLE IN TRANSPORT,MM 59 4 I 24,ANTIOCH,TN,37013,8808,SOUTH,36.0454,-86.659,POINT (-86.659 36.0454)
20190352669,05/08/2019 06:11:00 AM,2,1,0,,N,311343,4,ANGLE,21,CLEAR,1,DAYLIGHT,12,MOTOR VEHICLE IN TRANSPORT,THOMPSON LN & KRAFT DR,NASHVILLE,TN,37204,8525,MIDTOW,36.1114,-86.758,POINT (-86.758 36.1114)
20190415606,05/31/2019 08:46:00 AM,2,0,0,,N,693102,11,Front to Rear,21,CLEAR,1,DAYLIGHT,12,MOTOR VEHICLE IN TRANSPORT,MM 213 0 I 40,NASHVILLE,TN,37210,8219,HERMIT,36.1407,-86.7323,POINT (-86.7323 36.1407)
20190286942,04/14/2019 04:30:00 PM,2,0,0,,Y,717341,98,OTHER,22,CLOUDY,1,DAYLIGHT,55,Motor Vehicle-In-Motion Outside Trafficw,EAST THOMPSON LN & LAWNDALE DR,NASHVILLE,TN,37217,8879,SOUTH,36.1223,-86.7176,POINT (-86.7176 36.1223)
20190303015,04/19/2019 09:52:00 PM,2,0,0,,N,209184,2,HEAD-ON,2,RAIN,2,DARK - NOT LIGHTED,12,MOTOR VEHICLE IN TRANSPORT,ANDERSON RD & OWENDALE DR,NASHVILLE,TN,37217,8963,HERMIT,36.0739,-86.6236,POINT (-86.6236 36.0739)
20190491573,06/29/2019 05:53:00 PM,2,0,0,,N,887598,11,Front to Rear,21,CLEAR,1,DAYLIGHT,12,MOTOR VEHICLE IN TRANSPORT,MM 40 3 I 24,WHITES CREEK,TN,37189,2210,MADISO,36.2798,-86.8023,POINT (-86.8023 36.2798)
20190522514,07/12/2019 02:04:00 PM,2,0,0,,N,553957,4,ANGLE,21,CLEAR,1,DAYLIGHT,12,MOTOR VEHICLE IN TRANSPORT,I40 W EXT RAMP & I 40,NASHVILLE,TN,37203,4119,CENTRA,36.1574,-86.79,POINT (-86.79 36.1574)
20190537753,07/18/2019 05:05:00 PM,1,1,0,,N,330443,0,NOT COLLISION W/MOTOR VEHICLE-TRANSPORT,21,CLEAR,1,DAYLIGHT,8,PEDESTRIAN,GALLATIN PKEN & RIVERGATE STATION PVTDR,MADISON,TN,37115,1721,MADISO,36.2949,-86.6998,POINT (-86.6998 36.2949)
20190253093,04/02/2019 06:13:00 AM,2,0,0,,N,414668,11,Front to Rear,22,CLOUDY,3,DARK - LIGHTED,12,MOTOR VEHICLE IN TRANSPORT,MM 87 0 I 65,NASHVILLE,TN,37207,18020,EAST,36.2018,-86.7766,POINT (-86.7766 36.2018)
20190466324,06/19/2019 10:22:00 PM,2,1,0,,Y,161955,4,ANGLE,21,CLEAR,3,DARK - LIGHTED,12,MOTOR VEHICLE IN TRANSPORT,I40 W EXT RAMP & I 40,NASHVILLE,TN,37203,4119,CENTRA,36.1574,-86.79,POINT (-86.79 36.1574)
20190344487,05/05/2019 07:10:00 AM,2,0,0,,Y,311804,4,ANGLE,22,CLOUDY,1,DAYLIGHT,12,MOTOR VEHICLE IN TRANSPORT,14TH AVN & CHARLOTTE AV,NASHVILLE,TN,37203,5501,MIDTOW,36.1608,-86.7937,POINT (-86.7937 36.1608)
20190505199,07/04/2019 10:15:00 PM,2,0,0,,N,109531,5,SIDESWIPE - SAME DIRECTION,21,CLEAR,3,DARK - LIGHTED,12,MOTOR VEHICLE IN TRANSPORT,S 4TH ST & I24 W ENT RAMP,NASHVILLE,TN,37206,1009,EAST,36.1658,-86.763,POINT (-86.763 36.1658)
20190254573,04/02/2019 05:40:00 PM,2,0,0,,Y,256380,4,ANGLE,21,CLEAR,1,DAYLIGHT,12,MOTOR VEHICLE IN TRANSPORT,JEFFERSON ST & ED TEMPLE BLVD,NASHVILLE,TN,37209,4521,NORTH,36.1678,-86.8208,POINT (-86.8208 36.1678)
20190069784,01/27/2019 03:10:00 AM,2,2,0,,Y,177282,11,Front to Rear,21,CLEAR,3,DARK - LIGHTED,1;12,MOTOR VEHICLE IN TRANSPORT,MM 56 8 I 24,NASHVILLE,TN,37211,8810,SOUTH,36.0721,-86.6914,POINT (-86.6914 36.0721)
20190321937,04/26/2019 08:40:00 AM,2,0,0,,N,226136,11,Front to Rear,21,CLEAR,1,DAYLIGHT,12,MOTOR VEHICLE IN TRANSPORT,WOODMONT BLVD & GRANNY WHITE PKE,NASHVILLE,TN,37204,7007,MIDTOW,36.1116,-86.7926,POINT (-86.7926 36.1116)
20190257758,04/03/2019 06:10:00 PM,2,0,0,,N,256386,5,SIDESWIPE - SAME DIRECTION,21,CLEAR,1,DAYLIGHT,12,MOTOR VEHICLE IN TRANSPORT,BLACKWOOD DR & CONNECTING ROAD,NASHVILLE,TN,37214,8955,HERMIT,36.1523,-86.6258,POINT (-86.6258 36.1523)
20190025257,01/10/2019 01:42:00 PM,2,1,0,,Y,256411,11,Front to Rear,21,CLEAR,1,DAYLIGHT,12,MOTOR VEHICLE IN TRANSPORT,DR D B TODD JR BLVD & OSAGE ST,NASHVILLE,TN,37208,4455,NORTH,36.1771,-86.8098,POINT (-86.8098 36.1771)
20190096417,02/05/2019 10:05:00 AM,2,2,0,,N,226136,4,ANGLE,22,CLOUDY,1,DAYLIGHT,12,MOTOR VEHICLE IN TRANSPORT,WEST END AV & 33RD AVS,NASHVILLE,TN,37212,5817,MIDTOW,36.1413,-86.8169,POINT (-86.8169 36.1413)
20190294971,04/17/2019 08:10:00 AM,2,1,0,,N,330431,11,Front to Rear,22,CLOUDY,1,DAYLIGHT,12,MOTOR VEHICLE IN TRANSPORT,NOLENSVILLE PKE & HICKORYVIEW DR,NASHVILLE,TN,37211,8717,SOUTH,36.0488,-86.7137,POINT (-86.7137 36.0488)
20190153298,02/25/2019 06:48:00 PM,2,0,0,,N,279124,11,Front to Rear,21,CLEAR,2,DARK - NOT LIGHTED,12,MOTOR VEHICLE IN TRANSPORT,MM 54 9 I 24,NASHVILLE,TN,37211,8812,SOUTH,36.0962,-86.7081,POINT (-86.7081 36.0962)
20190348335,05/06/2019 12:00:00 AM,3,0,0,,N,197070,4,ANGLE,21,CLEAR,1,DAYLIGHT,12,MOTOR VEHICLE IN TRANSPORT,28TH AVN & CHARLOTTE AV,NASHVILLE,TN,37209,5341,MIDTOW,36.154,-86.8182,POINT (-86.8182 36.154)
20190340575,05/03/2019 12:00:00 PM,2,0,0,,N,226622,4,ANGLE,22,CLOUDY,1,DAYLIGHT,12,MOTOR VEHICLE IN TRANSPORT,WHITE BRIDGE PKE & TARGET PVTDR,NASHVILLE,TN,37205,5019,WEST,36.1295,-86.8546,POINT (-86.8546 36.1295)
20190347947,05/06/2019 05:00:00 PM,2,1,0,,Y,279214,11,Front to Rear,21,CLEAR,1,DAYLIGHT,12,MOTOR VEHICLE IN TRANSPORT,I65 ENT RAMP & I 440,NASHVILLE,TN,37204,81061,MIDTOW,36.1189,-86.7675,POINT (-86.7675 36.1189)
20190356377,05/09/2019 01:20:00 PM,2,0,0,,N,352198,11,Front to Rear,2,RAIN,1,DAYLIGHT,12,MOTOR VEHICLE IN TRANSPORT,BROADWAY & 21ST AVS,NASHVILLE,TN,37212,6711,MIDTOW,36.1482,-86.7992,POINT (-86.7992 36.1482)
20190133036,02/18/2019 04:50:00 PM,2,0,0,,Y,633391,5,SIDESWIPE - SAME DIRECTION,21,CLEAR,1,DAYLIGHT,12,MOTOR VEHICLE IN TRANSPORT,WHITE BRIDGE PKE & OBRIEN AV,NASHVILLE,TN,37209,5101,WEST,36.1505,-86.8579,POINT (-86.8579 36.1505)
20190418713,06/01/2019 12:00:00 AM,2,0,0,,N,279200,11,Front to Rear,21,CLEAR,3,DARK - LIGHTED,12,MOTOR VEHICLE IN TRANSPORT,MM 210 3 I 40,NASHVILLE,TN,37203,4006,CENTRA,36.15,-86.7724,POINT (-86.7724 36.15)
20190226020,03/23/2019 11:12:00 AM,2,0,0,,N,240952,4,ANGLE,21,CLEAR,1,DAYLIGHT,12,MOTOR VEHICLE IN TRANSPORT,BELL RD & CANE RIDGE RD,ANTIOCH,TN,37013,8753,SOUTH,36.0449,-86.6631,POINT (-86.6631 36.0449)
20190052273,01/20/2019 12:00:00 AM,1,0,0,,Y,320580,9,UNKNOWN,22,CLOUDY,3,DARK - LIGHTED,99,UNKNOWN MOST HARMFUL EVENT,IRONWOOD DR & LAKELAND DR,NASHVILLE,TN,37214,9421,HERMIT,36.154,-86.6511,POINT (-86.6511 36.154)
20190476825,06/24/2019 08:00:00 AM,2,1,0,,N,262757,4,ANGLE,2,RAIN,1,DAYLIGHT,12,MOTOR VEHICLE IN TRANSPORT,HIGHLAND VIEW DR & ANDREW JACKSON PKWY,HERMITAGE,TN,37076,9509,HERMIT,36.2069,-86.6056,POINT (-86.6056 36.2069)
20190356281,05/09/2019 11:38:00 AM,2,0,0,,Y,268046,11,Front to Rear,2,RAIN,1,DAYLIGHT,12,MOTOR VEHICLE IN TRANSPORT,MM 53 1 I 24,NASHVILLE,TN,37210,88142,SOUTH,36.1172,-86.7256,POINT (-86.7256 36.1172)
20190214105,03/19/2019 02:15:00 PM,2,0,0,,N,311328,5,SIDESWIPE - SAME DIRECTION,21,CLEAR,1,DAYLIGHT,12,MOTOR VEHICLE IN TRANSPORT,MM 48 0 I 24,NASHVILLE,TN,37213,1908,CENTRA,36.1759,-86.7721,POINT (-86.7721 36.1759)
20190216258,03/20/2019 07:20:00 AM,2,0,0,,N,716886,4,ANGLE,21,CLEAR,1,DAYLIGHT,12,MOTOR VEHICLE IN TRANSPORT,MURFREESBORO PKE & MOUNTAIN SPRINGS RD,ANTIOCH,TN,37013,8927,SOUTH,36.0478,-86.6121,POINT (-86.6121 36.0478)
20190382728,05/19/2019 12:22:00 PM,2,1,0,,N,279230,11,Front to Rear,21,CLEAR,1,DAYLIGHT,12,MOTOR VEHICLE IN TRANSPORT,OLD HICKORY BLVD & NOLENSVILLE PKE,ANTIOCH,TN,37013,8757,SOUTH,36.0455,-86.7122,POINT (-86.7122 36.0455)
20190155473,02/26/2019 10:45:00 AM,2,0,0,,N,212369,11,Front to Rear,21,CLEAR,1,DAYLIGHT,12,MOTOR VEHICLE IN TRANSPORT,WEDGEWOOD AV & E BELMONT CIR,NASHVILLE,TN,37212,6613,MIDTOW,36.1362,-86.794,POINT (-86.794 36.1362)
20190354138,05/08/2019 05:10:00 PM,2,0,0,,N,256384,11,Front to Rear,21,CLEAR,1,DAYLIGHT,12,MOTOR VEHICLE IN TRANSPORT,GLENROSE AV & HESTER AV,NASHVILLE,TN,37210,8101,SOUTH,36.1258,-86.7509,POINT (-86.7509 36.1258)
20190109019,02/09/2019 08:40:00 PM,2,1,0,,N,161939,4,ANGLE,21,CLEAR,3,DARK - LIGHTED,12,MOTOR VEHICLE IN TRANSPORT,I24 E ENT RAMP & I 24,NASHVILLE,TN,37213,1007,CENTRA,36.1662,-86.7659,POINT (-86.7659 36.1662)
20190425135,06/04/2019 07:51:00 AM,2,0,0,,N,620072,11,Front to Rear,21,CLEAR,1,DAYLIGHT,12,MOTOR VEHICLE IN TRANSPORT,WEST END AV & 33RD AVS,NASHVILLE,TN,37212,5817,MIDTOW,36.1413,-86.8169,POINT (-86.8169 36.1413)
20190402329,05/26/2019 01:20:00 PM,2,0,0,,N,279206,4,ANGLE,21,CLEAR,1,DAYLIGHT,12,MOTOR VEHICLE IN TRANSPORT,BRILEY PKWYN & BRILEY PKWY N EXT RAMP,NASHVILLE,TN,37214,9294,HERMIT,36.1977,-86.688,POINT (-86.688 36.1977)
20190510272,07/07/2019 10:57:00 AM,4,1,0,,N,311339,11,Front to Rear,21,CLEAR,1,DAYLIGHT,12,MOTOR VEHICLE IN TRANSPORT,MM 86 2 I 65,NASHVILLE,TN,37207,1910,CENTRA,36.1919,-86.7812,POINT (-86.7812 36.1919)
20190282080,04/12/2019 05:03:00 PM,2,0,0,,N,279124,11,Front to Rear,21,CLEAR,1,DAYLIGHT,12,MOTOR VEHICLE IN TRANSPORT,MURFREESBORO PKE & HURRICANE CREEK BLVD,ANTIOCH,TN,37013,8869,SOUTH,36.0302,-86.5926,POINT (-86.5926 36.0302)
20190553907,07/25/2019 01:20:00 AM,2,0,0,,N,352215,6,SIDESWIPE - OPPOSITE DIRECTION,21,CLEAR,3,DARK - LIGHTED,12,MOTOR VEHICLE IN TRANSPORT,11TH AVS & MCGAVOCK ST,NASHVILLE,TN,37203,4079,CENTRA,36.1561,-86.7855,POINT (-86.7855 36.1561)
20190079759,01/30/2019 10:49:00 AM,2,0,0,,N,109534,11,Front to Rear,21,CLEAR,1,DAYLIGHT,12,MOTOR VEHICLE IN TRANSPORT,BAYPOINTE DR & S NEW HOPE RD,HERMITAGE,TN,37076,9515,HERMIT,36.1606,-86.5854,POINT (-86.5854 36.1606)
20190342761,05/04/2019 10:17:00 AM,2,1,0,,N,279122,4,ANGLE,2,RAIN,1,DAYLIGHT,12,MOTOR VEHICLE IN TRANSPORT,MM 34 9 I 24,JOELTON,TN,37080,33160,NORTH,36.3241,-86.8687,POINT (-86.8687 36.3241)
20190378206,05/17/2019 01:25:00 PM,2,2,0,,N,226600,11,Front to Rear,21,CLEAR,1,DAYLIGHT,12,MOTOR VEHICLE IN TRANSPORT,WOODMONT BLVD & WOODMONT HALL PL,NASHVILLE,TN,37205,6101,WEST,36.1167,-86.8378,POINT (-86.8378 36.1167)
20190485356,06/27/2019 07:40:00 AM,2,1,0,,N,226673,11,Front to Rear,21,CLEAR,1,DAYLIGHT,12,MOTOR VEHICLE IN TRANSPORT,10TH AVN & 10TH CIRN,NASHVILLE,TN,37219,4203,CENTRA,36.1634,-86.7878,POINT (-86.7878 36.1634)
20190345609,05/05/2019 09:41:00 PM,2,1,0,,Y,887598,5,SIDESWIPE - SAME DIRECTION,21,CLEAR,3,DARK - LIGHTED,12,MOTOR VEHICLE IN TRANSPORT,GALLATIN PKE & E TRINITY LN,NASHVILLE,TN,37216,1837,EAST,36.205,-86.7376,POINT (-86.7376 36.205)
20190076561,01/29/2019 12:49:00 PM,2,1,0,,N,191578,5,SIDESWIPE - SAME DIRECTION,21,CLEAR,1,DAYLIGHT,12,MOTOR VEHICLE IN TRANSPORT,MM 52 2 I 24,NASHVILLE,TN,37217,8816,SOUTH,36.1359,-86.7267,POINT (-86.7267 36.1359)
20190100146,02/06/2019 12:18:00 PM,2,0,0,,N,191578,4,ANGLE,2,RAIN,1,DAYLIGHT,12,MOTOR VEHICLE IN TRANSPORT,PERCY PRIEST DR & STEWARTS FERRY PKE,NASHVILLE,TN,37214,8955,HERMIT,36.1539,-86.6257,POINT (-86.6257 36.1539)
20190332919,04/30/2019 07:17:00 PM,2,0,0,,N,320597,11,Front to Rear,21,CLEAR,1,DAYLIGHT,12,MOTOR VEHICLE IN TRANSPORT,HAYWOOD LN & BAKERTOWN RD,NASHVILLE,TN,37211,8851,SOUTH,36.07,-86.6856,POINT (-86.6856 36.07)
20190272538,04/09/2019 10:30:00 AM,2,1,0,,N,226600,4,ANGLE,21,CLEAR,1,DAYLIGHT,12,MOTOR VEHICLE IN TRANSPORT,HARDING PKE & RIDGEFIELD WAY,NASHVILLE,TN,37205,6021,WEST,36.1264,-86.8456,POINT (-86.8456 36.1264)
20190493790,06/30/2019 06:15:00 PM,2,0,0,,N,330413,11,Front to Rear,21,CLEAR,1,DAYLIGHT,12,MOTOR VEHICLE IN TRANSPORT,HILLSBORO PKE & I440 E ENT RAMP,NASHVILLE,TN,37215,6001,WEST,36.1219,-86.8072,POINT (-86.8072 36.1219)
20190480558,06/25/2019 04:04:00 PM,2,0,0,,N,690942,11,Front to Rear,21,CLEAR,1,DAYLIGHT,12,MOTOR VEHICLE IN TRANSPORT,DIVISION ST & 8TH AVS,NASHVILLE,TN,37203,4011,CENTRA,36.1498,-86.7801,POINT (-86.7801 36.1498)
20190010125,01/04/2019 06:10:00 PM,2,1,0,,Y,240976,4,ANGLE,2,RAIN,2,DARK - NOT LIGHTED,12,MOTOR VEHICLE IN TRANSPORT,DELMAS AV & FAIRWIN AV,NASHVILLE,TN,37216,1851,EAST,36.1999,-86.7435,POINT (-86.7435 36.1999)
20190247081,03/30/2019 12:00:00 AM,2,0,0,,N,240981,4,ANGLE,2,RAIN,3,DARK - LIGHTED,12,MOTOR VEHICLE IN TRANSPORT,WOODLAND ST & S 9TH ST,NASHVILLE,TN,37206,1119,EAST,36.1749,-86.7569,POINT (-86.7569 36.1749)
20190547886,07/22/2019 10:15:00 PM,2,1,0,,Y,279204,5,SIDESWIPE - SAME DIRECTION,2,RAIN,3,DARK - LIGHTED,12,MOTOR VEHICLE IN TRANSPORT,MM 86 2 I 65,NASHVILLE,TN,37207,1910,CENTRA,36.1919,-86.7812,POINT (-86.7812 36.1919)
20190178841,03/06/2019 05:50:00 PM,1,1,0,,N,209184,0,NOT COLLISION W/MOTOR VEHICLE-TRANSPORT,21,CLEAR,1,DAYLIGHT,34,DITCH,MURFREESBORO PKE & HURRICANE CREEK BLVD,ANTIOCH,TN,37013,8869,SOUTH,36.0302,-86.5926,POINT (-86.5926 36.0302)
20190390368,05/22/2019 06:50:00 AM,2,0,0,,N,716886,11,Front to Rear,21,CLEAR,1,DAYLIGHT,12,MOTOR VEHICLE IN TRANSPORT,NOLENSVILLE PKE & WALLACE RD,NASHVILLE,TN,37211,8705,SOUTH,36.0782,-86.7259,POINT (-86.7259 36.0782)
20190542199,07/20/2019 10:15:00 AM,2,3,0,,N,459522,4,ANGLE,21,CLEAR,1,DAYLIGHT,12,MOTOR VEHICLE IN TRANSPORT,3RD AVN & UNION ST,NASHVILLE,TN,37201,4137,CENTRA,36.1653,-86.7785,POINT (-86.7785 36.1653)
20190564620,07/29/2019 03:52:00 PM,2,0,0,Y,N,429193,11,Front to Rear,21,CLEAR,1,DAYLIGHT,12;37,MOTOR VEHICLE IN TRANSPORT;Other Traffic Barrier,MM 192 1 I 40,NASHVILLE,TN,37221,4802,WEST,36.0768,-87.0278,POINT (-87.0278 36.0768)
20190579255,08/04/2019 10:45:00 AM,1,0,0,,N,320575,0,NOT COLLISION W/MOTOR VEHICLE-TRANSPORT,21,CLEAR,1,DAYLIGHT,36,CONCRETE TRAFFIC BARRIER,MM 58 0 I 24,ANTIOCH,TN,37013,88080,SOUTH,36.0584,-86.678,POINT (-86.678 36.0584)
20190306723,04/21/2019 02:55:00 PM,2,1,0,,N,279204,4,ANGLE,21,CLEAR,1,DAYLIGHT,12,MOTOR VEHICLE IN TRANSPORT,CHEATHAM PL & ARTHUR AV,NASHVILLE,TN,37208,4327,NORTH,36.175,-86.7987,POINT (-86.7987 36.175)
20190398913,05/24/2019 10:28:00 PM,2,0,0,,Y,240979,16,Rear to Side,21,CLEAR,3,DARK - LIGHTED,12;14,MOTOR VEHICLE IN TRANSPORT;PARKED MOTOR VEHICLE,LOVELL ST & GALLATIN PKEN,MADISON,TN,37115,1761,MADISO,36.2685,-86.7107,POINT (-86.7107 36.2685)
20190328379,04/29/2019 07:25:00 AM,2,1,0,,Y,665896,5,SIDESWIPE - SAME DIRECTION,21,CLEAR,1,DAYLIGHT,12,MOTOR VEHICLE IN TRANSPORT,MM 95 5 I 65,GOODLETTSVILLE,TN,37072,2106,MADISO,36.3047,-86.7077,POINT (-86.7077 36.3047)
20190514455,07/09/2019 12:50:00 PM,2,0,0,,N,665896,11,Front to Rear,21,CLEAR,1,DAYLIGHT,12,MOTOR VEHICLE IN TRANSPORT,DAVIDSON STREET BIKE CNCTR & DAVIDSON ST,NASHVILLE,TN,37213,1001,CENTRA,36.1615,-86.766,POINT (-86.766 36.1615)
20190438633,06/09/2019 10:39:00 AM,1,0,0,Y,Y,420059,0,NOT COLLISION W/MOTOR VEHICLE-TRANSPORT,21,CLEAR,1,DAYLIGHT,32,CULVERT,MCMURRAY DR & PARISHWOOD CT,NASHVILLE,TN,37211,8659,MIDTOW,36.0561,-86.7229,POINT (-86.7229 36.0561)
20190505952,07/05/2019 07:40:00 AM,2,0,0,,N,191578,5,SIDESWIPE - SAME DIRECTION,21,CLEAR,1,DAYLIGHT,12,MOTOR VEHICLE IN TRANSPORT,OLD HICKORY BLVD & I40 E EXT RAMP,HERMITAGE,TN,37076,9561,HERMIT,36.178,-86.6051,POINT (-86.6051 36.178)
20190351027,05/07/2019 04:50:00 PM,2,0,0,,N,352195,5,SIDESWIPE - SAME DIRECTION,21,CLEAR,1,DAYLIGHT,12,MOTOR VEHICLE IN TRANSPORT,I65 S EXT RAMP & I 65,MADISON,TN,37115,20044,MADISO,36.2481,-86.743,POINT (-86.743 36.2481)
20190219731,03/21/2019 12:00:00 AM,2,0,0,,Y,676834,9,UNKNOWN,99,UNKNOWN,9,UNKNOWN,12;14,MOTOR VEHICLE IN TRANSPORT;PARKED MOTOR VEHICLE,SCOVEL ST & DR D B TODD JR BLVD,NASHVILLE,TN,37208,4475,NORTH,36.1705,-86.807,POINT (-86.807 36.1705)
20190199005,03/14/2019 12:00:00 AM,1,0,0,,N,177482,0,NOT COLLISION W/MOTOR VEHICLE-TRANSPORT,21,CLEAR,3,DARK - LIGHTED,18,OTHER OBJECT (NOT FIXED),MM 202 0 I 40,NASHVILLE,TN,37209,46027,WEST,36.1401,-86.8875,POINT (-86.8875 36.1401)
20190263991,04/04/2019 10:25:00 PM,1,0,0,,Y,279201,0,NOT COLLISION W/MOTOR VEHICLE-TRANSPORT,21,CLEAR,3,DARK - LIGHTED,32,CULVERT,PUMPING STATION RD & VISCO DR,NASHVILLE,TN,37210,9009,HERMIT,36.1599,-86.7319,POINT (-86.7319 36.1599)
20190055917,01/22/2019 07:56:00 AM,1,0,0,Y,N,226136,0,NOT COLLISION W/MOTOR VEHICLE-TRANSPORT,21,CLEAR,1,DAYLIGHT,31;64,"OTHER POST, POLE, SUPP.;Ran Off Road-Left",WEST END AV & ELLISTON PL,NASHVILLE,TN,37212,5717,MIDTOW,36.1475,-86.8074,POINT (-86.8074 36.1475)
20190342619,05/04/2019 08:46:00 AM,2,0,0,,Y,834798,4,ANGLE,21,CLEAR,1,DAYLIGHT,12,MOTOR VEHICLE IN TRANSPORT,MONTROSE AV & 10TH AVS,NASHVILLE,TN,37204,6927,MIDTOW,36.1234,-86.7864,POINT (-86.7864 36.1234)
20190353565,05/08/2019 01:18:00 PM,2,0,0,,N,876581,11,Front to Rear,21,CLEAR,1,DAYLIGHT,12,MOTOR VEHICLE IN TRANSPORT,GALLATIN PKEN & RIVERGATE PKWY,MADISON,TN,37115,1731,MADISO,36.2973,-86.6988,POINT (-86.6988 36.2973)
20190498034,07/02/2019 09:00:00 AM,2,0,0,,Y,224955,11,Front to Rear,21,CLEAR,1,DAYLIGHT,12,MOTOR VEHICLE IN TRANSPORT,BRIARVILLE RD & WORTH ST,MADISON,TN,37115,1791,MADISO,36.2426,-86.7365,POINT (-86.7365 36.2426)
20190269321,04/08/2019 06:58:00 AM,2,0,0,,N,755026,11,Front to Rear,2,RAIN,1,DAYLIGHT,12,MOTOR VEHICLE IN TRANSPORT,MM 54 6 I 24,NASHVILLE,TN,37211,84021,SOUTH,36.0994,-86.7109,POINT (-86.7109 36.0994)
20190483705,06/26/2019 05:43:00 PM,2,0,0,,N,256426,11,Front to Rear,21,CLEAR,1,DAYLIGHT,12,MOTOR VEHICLE IN TRANSPORT,MM 211 7 I 40,NASHVILLE,TN,37210,82042,HERMIT,36.1499,-86.7483,POINT (-86.7483 36.1499)
20190420356,06/02/2019 09:36:00 AM,1,1,0,,N,419952,0,NOT COLLISION W/MOTOR VEHICLE-TRANSPORT,21,CLEAR,1,DAYLIGHT,7,,OLD HICKORY BLVD & THE RESERVE PVTDR,NASHVILLE,TN,37221,4815,WEST,36.0963,-86.9246,POINT (-86.9246 36.0963)
20190234624,03/26/2019 12:54:00 PM,1,0,0,Y,Y,584947,0,NOT COLLISION W/MOTOR VEHICLE-TRANSPORT,21,CLEAR,1,DAYLIGHT,18,OTHER OBJECT (NOT FIXED),OVERTON LEA RD & LEALAND LN,NASHVILLE,TN,37220,7109,MIDTOW,36.0769,-86.7911,POINT (-86.7911 36.0769)
20190224731,03/22/2019 07:25:00 PM,2,0,0,,N,320599,5,SIDESWIPE - SAME DIRECTION,21,CLEAR,3,DARK - LIGHTED,12,MOTOR VEHICLE IN TRANSPORT,MURFREESBORO PKE & BELL RD,ANTIOCH,TN,37013,8865,SOUTH,36.072,-86.636,POINT (-86.636 36.072)
20190577551,08/03/2019 04:10:00 PM,2,0,0,,N,279124,11,Front to Rear,21,CLEAR,1,DAYLIGHT,12,MOTOR VEHICLE IN TRANSPORT,NOLENSVILLE PKE & WALLACE RD,NASHVILLE,TN,37211,8705,SOUTH,36.0782,-86.7259,POINT (-86.7259 36.0782)
20190488657,06/28/2019 12:20:00 PM,2,0,0,,N,226622,98,OTHER,21,CLEAR,1,DAYLIGHT,12,MOTOR VEHICLE IN TRANSPORT,MM 199 0 I 40,NASHVILLE,TN,37221,48062,WEST,36.1081,-86.927,POINT (-86.927 36.1081)
20190051586,01/20/2019 02:32:00 PM,2,0,0,,N,212343,4,ANGLE,22,CLOUDY,1,DAYLIGHT,12,MOTOR VEHICLE IN TRANSPORT,JO JOHNSTON AV & GEORGE L DAVIS BLVD,NASHVILLE,TN,37203,4207,CENTRA,36.1643,-86.7932,POINT (-86.7932 36.1643)
20190385829,05/20/2019 05:05:00 PM,2,0,0,,N,311333,4,ANGLE,21,CLEAR,1,DAYLIGHT,12,MOTOR VEHICLE IN TRANSPORT,BELL RD & MURFREESBORO PKE,ANTIOCH,TN,37013,8979,SOUTH,36.0729,-86.6357,POINT (-86.6357 36.0729)
20190467609,06/20/2019 09:16:00 AM,2,0,0,,N,544481,11,Front to Rear,2,RAIN,1,DAYLIGHT,12,MOTOR VEHICLE IN TRANSPORT,MM 47 8 I 24,NASHVILLE,TN,37207,1904,CENTRA,36.1775,-86.7731,POINT (-86.7731 36.1775)
20190116660,02/12/2019 05:11:00 PM,2,0,0,,N,256383,5,SIDESWIPE - SAME DIRECTION,22,CLOUDY,1,DAYLIGHT,12,MOTOR VEHICLE IN TRANSPORT,MT VIEW RD & BELL FORGE LNE,ANTIOCH,TN,37013,8863,SOUTH,36.0471,-86.648,POINT (-86.648 36.0471)
20190380578,05/18/2019 11:44:00 AM,3,2,0,Y,N,320575,4,ANGLE,21,CLEAR,1,DAYLIGHT,12,MOTOR VEHICLE IN TRANSPORT,FAIRLANE DR & YORKTOWN RD,NASHVILLE,TN,37211,8711,SOUTH,36.0634,-86.7071,POINT (-86.7071 36.0634)