Accident Number,Date and Time,Number of Motor Vehicles,Number of Injuries,Number of Fatalities,Property Damage,Hit and Run,Reporting Officer,Collision Type Code,Collision Type Description,Weather Code,Weather Description,Illumination Code,Illumination Description,Harmful Code,Harmful Code Description,Street Address,City,State,ZIP,RPA,Precinct,Latitude,Longitude,Mapped Location
20190100001,02/06/2019 11:29:00 AM,3,0,0,,Y,676834,11,Front to Rear,2,RAIN,1,DAYLIGHT,12,MOTOR VEHICLE IN TRANSPORT,MM 87 3 I 65,NASHVILLE,TN,37207,1804,EAST,36.2068,-86.7762,POINT (-86.7762 36.2068)
20190117593,02/12/2019 11:40:00 PM,2,1,0,Y,N,284059,5,SIDESWIPE - SAME DIRECTION,21,CLEAR,3,DARK - LIGHTED,1;12;24;34,MOTOR VEHICLE IN TRANSPORT;GUARDRAIL FACE;DITCH,MM 46 6 I 24,NASHVILLE,TN,37207,3006,NORTH,36.1936,-86.7762,POINT (-86.7762 36.1936)
20190061731,01/24/2019 05:30:00 AM,3,1,0,,N,197067,5,SIDESWIPE - SAME DIRECTION,21,CLEAR,3,DARK - LIGHTED,12,MOTOR VEHICLE IN TRANSPORT,MM 47 1 I 24,NASHVILLE,TN,37207,1904,CENTRA,36.187,-86.776,POINT (-86.776 36.187)
20190180318,03/07/2019 12:00:00 AM,2,0,0,,Y,161945,98,OTHER,21,CLEAR,3,DARK - LIGHTED,14,PARKED MOTOR VEHICLE,WHISPERING HILLS DR & WHISPERING HILLS C,NASHVILLE,TN,37211,8661,MIDTOW,36.0663,-86.7296,POINT (-86.7296 36.0663)
20190285931,04/14/2019 08:10:00 AM,2,0,0,,N,299264,5,SIDESWIPE - SAME DIRECTION,21,CLEAR,1,DAYLIGHT,12,MOTOR VEHICLE IN TRANSPORT,WEST END AV & 21ST AVN,NASHVILLE,TN,37203,5715,MIDTOW,36.1503,-86.8016,POINT (-86.8016 36.1503)
20190123102,02/14/2019 04:47:00 PM,2,2,0,,N,579971,2,HEAD-ON,21,CLEAR,1,DAYLIGHT,12,MOTOR VEHICLE IN TRANSPORT,MURFREESBORO PKE & HAMILTON GLEN PL,ANTIOCH,TN,37013,8865,SOUTH,36.0602,-86.6234,POINT (-86.6234 36.0602)
20190429382,06/05/2019 06:07:00 PM,2,0,0,,N,352159,4,ANGLE,2,RAIN,1,DAYLIGHT,12,MOTOR VEHICLE IN TRANSPORT,LEBANON PKE & MCGAVOCK PKE,NASHVILLE,TN,37214,9201,HERMIT,36.1694,-86.6799,POINT (-86.6799 36.1694)
20190270935,04/08/2019 06:15:00 PM,2,0,0,,N,256383,5,SIDESWIPE - SAME DIRECTION,22,CLOUDY,1,DAYLIGHT,12,MOTOR VEHICLE IN TRANSPORT,MM 52 7 I 24,NASHVILLE,TN,37210,81022,SOUTH,36.1226,-86.7277,POINT (-86.7277 36.1226)
20190554905,07/25/2019 10:50:00 AM,2,0,0,,Y,140790,11,Front to Rear,21,CLEAR,1,DAYLIGHT,12,MOTOR VEHICLE IN TRANSPORT,OLD HICKORY BLVD & CENTRAL PKE,HERMITAGE,TN,37076,9557,HERMIT,36.1676,-86.7787,POINT (-86.7787 36.1676)
20190387309,05/21/2019 07:40:00 AM,2,0,0,,N,226136,11,Front to Rear,22,CLOUDY,1,DAYLIGHT,12,MOTOR VEHICLE IN TRANSPORT,CHARLOTTE AV & CITY AV,NASHVILLE,TN,37209,5313,NORTH,36.1537,-86.8195,POINT (-86.8195 36.1537)
20190149063,02/24/2019 02:45:00 AM,1,1,0,,N,299254,0,NOT COLLISION W/MOTOR VEHICLE-TRANSPORT,21,CLEAR,3,DARK - LIGHTED,30,UTILITY POLE,DONELSON PKE & MURFREESBORO PKE,NASHVILLE,TN,37217,8841,SOUTH,36.1062,-86.6731,POINT (-86.6731 36.1062)
20190534940,07/17/2019 04:23:00 PM,3,1,0,,N,279124,11,Front to Rear,21,CLEAR,1,DAYLIGHT,12,MOTOR VEHICLE IN TRANSPORT,MM 55 3 I 24,NASHVILLE,TN,37211,8602,SOUTH,36.0913,-86.7043,POINT (-86.7043 36.0913)
20190103828,02/07/2019 06:26:00 PM,2,0,0,,N,580819,11,Front to Rear,2,RAIN,3,DARK - LIGHTED,12,MOTOR VEHICLE IN TRANSPORT,BROADWAY & 10TH AVS,NASHVILLE,TN,37203,4077,CENTRA,36.158,-86.7843,POINT (-86.7843 36.158)
20190467357,06/20/2019 07:33:00 AM,1,0,0,Y,N,298864,0,NOT COLLISION W/MOTOR VEHICLE-TRANSPORT,2,RAIN,1,DAYLIGHT,30;64,UTILITY POLE;Ran Off Road-Left,WESTCHESTER DR & DICKERSON PKE,MADISON,TN,37115,2019,MADISO,36.2632,-86.7573,POINT (-86.7573 36.2632)
20190541212,07/19/2019 09:24:00 PM,2,0,0,,N,110062,5,SIDESWIPE - SAME DIRECTION,21,CLEAR,3,DARK - LIGHTED,12,MOTOR VEHICLE IN TRANSPORT,JAMES ROBERTSON PKWY & INTERSTATE DR,NASHVILLE,TN,37213,1105,CENTRA,36.1714,-86.769,POINT (-86.769 36.1714)
20190143214,02/21/2019 10:45:00 PM,2,0,0,,N,299245,11,Front to Rear,2,RAIN,3,DARK - LIGHTED,14,PARKED MOTOR VEHICLE,DAVIDSON STREET BIKE CNCTR & DAVIDSON ST,NASHVILLE,TN,37213,1001,CENTRA,36.1615,-86.766,POINT (-86.766 36.1615)
20190209202,03/18/2019 02:38:00 AM,1,0,0,,N,279201,0,NOT COLLISION W/MOTOR VEHICLE-TRANSPORT,21,CLEAR,3,DARK - LIGHTED,11,OTHER ANIMAL,HILLS LN & OLD HICKORY BLVD,OLD HICKORY,TN,37138,9739,HERMIT,36.2057,-86.6224,POINT (-86.6224 36.2057)
20190169598,03/03/2019 10:50:00 PM,2,2,0,,N,311800,4,ANGLE,22,CLOUDY,3,DARK - LIGHTED,12,MOTOR VEHICLE IN TRANSPORT,DIVISION ST & 8TH AVS,NASHVILLE,TN,37203,4011,CENTRA,36.1498,-86.7801,POINT (-86.7801 36.1498)
20190263523,04/05/2019 06:11:00 PM,2,0,0,,N,256380,4,ANGLE,21,CLEAR,1,DAYLIGHT,12,MOTOR VEHICLE IN TRANSPORT,9TH AVN & JEFFERSON ST,NASHVILLE,TN,37208,4239,NORTH,36.173,-86.7924,POINT (-86.7924 36.173)
20190501403,07/03/2019 11:30:00 AM,2,1,0,,Y,676834,11,Front to Rear,21,CLEAR,1,DAYLIGHT,12,MOTOR VEHICLE IN TRANSPORT,HYDES FERRY RD & ASHTON AV,NASHVILLE,TN,37218,3119,NORTH,36.1921,-86.8394,POINT (-86.8394 36.1921)
20190375224,05/16/2019 02:20:00 PM,4,0,0,,N,538214,11,Front to Rear,21,CLEAR,1,DAYLIGHT,12,MOTOR VEHICLE IN TRANSPORT,ROLLING MILL HILL GRNWY & MIDDLETON ST,NASHVILLE,TN,37210,4001,CENTRA,36.1576,-86.7657,POINT (-86.7657 36.1576)
20190115932,02/07/2019 05:15:00 PM,2,0,0,,Y,462501,11,Front to Rear,21,CLEAR,1,DAYLIGHT,12,MOTOR VEHICLE IN TRANSPORT,INTERSTATE DR & WOODLAND ST,NASHVILLE,TN,37213,1105,CENTRA,36.1705,-86.7684,POINT (-86.7684 36.1705)
20190086591,02/01/2019 01:00:00 PM,2,0,0,,N,420035,11,Front to Rear,21,CLEAR,1,DAYLIGHT,12,MOTOR VEHICLE IN TRANSPORT,GALLATIN PKES & HARRINGTON AV,MADISON,TN,37115,1605,MADISO,36.2578,-86.7138,POINT (-86.7138 36.2578)
20190019824,01/08/2019 06:12:00 PM,2,0,0,,N,256389,4,ANGLE,21,CLEAR,3,DARK - LIGHTED,12,MOTOR VEHICLE IN TRANSPORT,MM 81 2 I 65,NASHVILLE,TN,37204,8033,MIDTOW,36.1317,-86.7741,POINT (-86.7741 36.1317)
20190064131,01/25/2019 12:00:00 AM,2,0,0,,Y,405424,5,SIDESWIPE - SAME DIRECTION,21,CLEAR,3,DARK - LIGHTED,12,MOTOR VEHICLE IN TRANSPORT,OLD HICKORY BLVD & I40 E EXT RAMP,HERMITAGE,TN,37076,9561,HERMIT,36.178,-86.6051,POINT (-86.6051 36.178)
20190080722,01/30/2019 04:55:00 PM,2,0,0,,Y,240957,4,ANGLE,21,CLEAR,1,DAYLIGHT,12,MOTOR VEHICLE IN TRANSPORT,MCMURRAY DR & CHERRYWOOD DR,NASHVILLE,TN,37211,8659,MIDTOW,36.0592,-86.7225,POINT (-86.7225 36.0592)
20190083662,01/31/2019 02:25:00 PM,2,0,0,,N,151132,11,Front to Rear,21,CLEAR,1,DAYLIGHT,12,MOTOR VEHICLE IN TRANSPORT,HAMBLEN DR & APPLE VALLEY RD,MADISON,TN,37115,1741,MADISO,36.2833,-86.7268,POINT (-86.7268 36.2833)
20190362102,05/11/2019 06:15:00 PM,2,0,0,,Y,693106,11,Front to Rear,2,RAIN,1,DAYLIGHT,12,MOTOR VEHICLE IN TRANSPORT,DICKERSON PKE & DOVERSIDE DR,MADISON,TN,37115,2009,MADISO,36.2412,-86.7572,POINT (-86.7572 36.2412)
20190568712,07/31/2019 12:00:00 AM,2,0,0,,N,429205,5,SIDESWIPE - SAME DIRECTION,21,CLEAR,1,DAYLIGHT,12,MOTOR VEHICLE IN TRANSPORT,4TH AVS & ELM ST,NASHVILLE,TN,37210,4005,CENTRA,36.1533,-86.7722,POINT (-86.7722 36.1533)
20190511762,07/08/2019 07:46:00 AM,3,1,0,,N,109495,11,Front to Rear,21,CLEAR,1,DAYLIGHT,12,MOTOR VEHICLE IN TRANSPORT,MM 80 5 I 65,NASHVILLE,TN,37204,69020,MIDTOW,36.1226,-86.7733,POINT (-86.7733 36.1226)
20190280987,04/12/2019 07:40:00 AM,2,0,0,,N,226424,4,ANGLE,2,RAIN,1,DAYLIGHT,12,MOTOR VEHICLE IN TRANSPORT,CLARKSVILLE PKE & CLIFF DR,NASHVILLE,TN,37218,3157,NORTH,36.1923,-86.8291,POINT (-86.8291 36.1923)
20190045211,01/17/2019 09:20:00 PM,3,0,0,,N,256389,11,Front to Rear,2,RAIN,3,DARK - LIGHTED,12,MOTOR VEHICLE IN TRANSPORT,OLD HICKORY BLVD & HEALTH PARK DR,BRENTWOOD,TN,37027,8623,MIDTOW,36.0408,-86.7735,POINT (-86.7735 36.0408)
20190525176,07/13/2019 05:50:00 PM,2,0,0,,N,240979,11,Front to Rear,2,RAIN,1,DAYLIGHT,12,MOTOR VEHICLE IN TRANSPORT,I65 S EXT RAMP & I 65,MADISON,TN,37115,20044,MADISO,36.2481,-86.743,POINT (-86.743 36.2481)
20190103781,02/07/2019 05:55:00 PM,2,0,0,,N,256448,11,Front to Rear,2,RAIN,3,DARK - LIGHTED,12,MOTOR VEHICLE IN TRANSPORT,MM 215 7 I 40,NASHVILLE,TN,37217,89020,HERMIT,36.1426,-86.6823,POINT (-86.6823 36.1426)
20190148620,02/23/2019 12:00:00 AM,1,0,0,Y,N,320578,0,NOT COLLISION W/MOTOR VEHICLE-TRANSPORT,2,RAIN,3,DARK - LIGHTED,34,DITCH,MM 57 3 I 24,ANTIOCH,TN,37013,88080,SOUTH,36.0663,-86.6861,POINT (-86.6861 36.0663)
20190127721,02/16/2019 11:00:00 AM,1,1,0,,N,481573,0,NOT COLLISION W/MOTOR VEHICLE-TRANSPORT,22,CLOUDY,1,DAYLIGHT,8,PEDESTRIAN,WEST END AV & 23RD AVN,NASHVILLE,TN,37203,5715,MIDTOW,36.1489,-86.8046,POINT (-86.8046 36.1489)
20190313696,04/23/2019 04:55:00 PM,2,0,0,,Y,311327,4,ANGLE,21,CLEAR,1,DAYLIGHT,12,MOTOR VEHICLE IN TRANSPORT,GALLATIN PKE SB EXT RAMP & GALLATIN PKE,NASHVILLE,TN,37216,1503,EAST,36.2336,-86.7245,POINT (-86.7245 36.2336)
20190471246,06/21/2019 01:20:00 PM,2,1,0,,N,352161,11,Front to Rear,21,CLEAR,1,DAYLIGHT,12,MOTOR VEHICLE IN TRANSPORT,I24 E EXT RAMP & I24 E ENT RAMP,NASHVILLE,TN,37211,8443,SOUTH,36.0853,-86.7025,POINT (-86.7025 36.0853)
20190180676,03/07/2019 07:42:00 AM,2,0,0,,N,594473,11,Front to Rear,21,CLEAR,1,DAYLIGHT,12,MOTOR VEHICLE IN TRANSPORT,MM 82 1 I 65,NASHVILLE,TN,37203,80061,MIDTOW,36.1449,-86.777,POINT (-86.777 36.1449)
20190572444,08/01/2019 04:11:00 PM,2,1,0,,N,279211,11,Front to Rear,21,CLEAR,1,DAYLIGHT,12,MOTOR VEHICLE IN TRANSPORT,OLD HICKORY BLVDW & HEAD DR,MADISON,TN,37115,1777,MADISO,36.2642,-86.7346,POINT (-86.7346 36.2642)
20190302928,04/19/2019 08:55:00 PM,3,0,0,,N,298874,4,ANGLE,2,RAIN,3,DARK - LIGHTED,12;14,MOTOR VEHICLE IN TRANSPORT;PARKED MOTOR VEHICLE,GALLATIN AV & FORREST AV,NASHVILLE,TN,37206,1241,EAST,36.1803,-86.7498,POINT (-86.7498 36.1803)
20190265491,04/06/2019 03:48:00 PM,2,0,0,,N,311803,11,Front to Rear,21,CLEAR,1,DAYLIGHT,12,MOTOR VEHICLE IN TRANSPORT,MM 210 3 I 40,NASHVILLE,TN,37203,80021,MIDTOW,36.15,-86.7719,POINT (-86.7719 36.15)
20190247034,03/30/2019 09:50:00 PM,2,0,0,,N,279214,4,ANGLE,2,RAIN,3,DARK - LIGHTED,12,MOTOR VEHICLE IN TRANSPORT,HILLSBORO PKE & CRESTMOOR RD,NASHVILLE,TN,37215,6413,MIDTOW,36.1091,-86.8119,POINT (-86.8119 36.1091)
20190244788,03/29/2019 08:31:00 PM,2,0,0,,Y,151132,2,HEAD-ON,22,CLOUDY,2,DARK - NOT LIGHTED,12,MOTOR VEHICLE IN TRANSPORT,FALL DR & SUMMERTIME DR,WHITES CREEK,TN,37189,2105,MADISO,36.2856,-86.7891,POINT (-86.7891 36.2856)
20190024261,01/10/2019 07:49:00 AM,2,0,0,,N,179602,11,Front to Rear,21,CLEAR,1,DAYLIGHT,12,MOTOR VEHICLE IN TRANSPORT,BRILEY PKWYW & I24 E ENT RAMP,WHITES CREEK,TN,37189,3202,NORTH,36.2372,-86.7904,POINT (-86.7904 36.2372)
20190390605,05/22/2019 08:27:00 AM,4,0,0,,Y,320586,11,Front to Rear,21,CLEAR,1,DAYLIGHT,12,MOTOR VEHICLE IN TRANSPORT,MM 52 0 I 24,NASHVILLE,TN,37217,8816,SOUTH,36.1329,-86.7267,POINT (-86.7267 36.1329)
20190461926,06/18/2019 10:18:00 AM,2,0,0,,N,225773,11,Front to Rear,22,CLOUDY,1,DAYLIGHT,12,MOTOR VEHICLE IN TRANSPORT,GRANNY WHITE PKE & PARKVIEW CIR,NASHVILLE,TN,37204,7021,MIDTOW,36.1021,-86.798,POINT (-86.798 36.1021)
20190281954,04/12/2019 03:59:00 PM,2,1,0,,N,279194,11,Front to Rear,21,CLEAR,1,DAYLIGHT,12,MOTOR VEHICLE IN TRANSPORT,ARTHUR AV & GARFIELD ST,NASHVILLE,TN,37208,4327,NORTH,36.1768,-86.8003,POINT (-86.8003 36.1768)
20190527641,07/14/2019 11:30:00 PM,2,0,0,,Y,299274,5,SIDESWIPE - SAME DIRECTION,22,CLOUDY,3,DARK - LIGHTED,12,MOTOR VEHICLE IN TRANSPORT,LAFAYETTE ST & I40 E EXT RAMP,NASHVILLE,TN,37210,8153,SOUTH,36.151,-86.7689,POINT (-86.7689 36.151)
20190343787,05/04/2019 09:53:00 PM,2,0,0,,Y,212315,5,SIDESWIPE - SAME DIRECTION,2,RAIN,3,DARK - LIGHTED,12,MOTOR VEHICLE IN TRANSPORT,5TH AVS & BROADWAY,NASHVILLE,TN,37203,4089,CENTRA,36.1605,-86.7784,POINT (-86.7784 36.1605)
20190260481,04/04/2019 04:47:00 PM,2,1,0,,N,256426,5,SIDESWIPE - SAME DIRECTION,22,CLOUDY,1,DAYLIGHT,12,MOTOR VEHICLE IN TRANSPORT,LEBANON PKE & BRILEY PKWY S ENT RAMP,NASHVILLE,TN,37214,9027,HERMIT,36.1683,-86.6887,POINT (-86.6887 36.1683)
20190175924,03/05/2019 09:42:00 PM,2,1,0,,Y,179583,4,ANGLE,21,CLEAR,3,DARK - LIGHTED,12,MOTOR VEHICLE IN TRANSPORT,4TH AVS & I40 E EXT RAMP,NASHVILLE,TN,37210,8153,SOUTH,36.1505,-86.7704,POINT (-86.7704 36.1505)
20190377605,05/17/2019 08:20:00 AM,2,0,0,,N,352204,11,Front to Rear,21,CLEAR,1,DAYLIGHT,12,MOTOR VEHICLE IN TRANSPORT,WOODMONT BLVD & GRANNY WHITE PKE,NASHVILLE,TN,37204,7007,MIDTOW,36.1116,-86.7926,POINT (-86.7926 36.1116)
20190512249,07/08/2019 01:25:00 PM,2,0,0,,Y,140808,4,ANGLE,21,CLEAR,1,DAYLIGHT,12,MOTOR VEHICLE IN TRANSPORT,8TH AVS & LAFAYETTE ST,NASHVILLE,TN,37203,4043,CENTRA,36.1546,-86.7792,POINT (-86.7792 36.1546)
20190540384,07/19/2019 04:27:00 PM,2,1,0,,N,256383,4,ANGLE,21,CLEAR,1,DAYLIGHT,12,MOTOR VEHICLE IN TRANSPORT,MURFREESBORO PKE & FOREST VIEW DR,ANTIOCH,TN,37013,8865,SOUTH,36.0674,-86.6313,POINT (-86.6313 36.0674)
20190426253,06/04/2019 04:14:00 PM,2,0,0,,N,690942,11,Front to Rear,21,CLEAR,1,DAYLIGHT,12,MOTOR VEHICLE IN TRANSPORT,ROSA L PARKS BLVD & COMMERCE ST,NASHVILLE,TN,37203,4115,CENTRA,36.1603,-86.783,POINT (-86.783 36.1603)
20190580625,08/05/2019 04:38:00 AM,2,0,0,,N,110064,11,Front to Rear,5,FOG,3,DARK - LIGHTED,12,MOTOR VEHICLE IN TRANSPORT,NOLENSVILLE PKE & WHEELER AV,NASHVILLE,TN,37211,8435,SOUTH,36.0948,-86.737,POINT (-86.737 36.0948)
20190187278,03/09/2019 06:05:00 PM,2,0,0,,N,414711,4,ANGLE,2,RAIN,3,DARK - LIGHTED,12,MOTOR VEHICLE IN TRANSPORT,HIGHWAY 100 & HARDING PKE,NASHVILLE,TN,37205,6209,WEST,36.0983,-86.8723,POINT (-86.8723 36.0983)
20190501984,07/03/2019 03:34:00 PM,1,1,0,,N,320582,0,NOT COLLISION W/MOTOR VEHICLE-TRANSPORT,2,RAIN,1,DAYLIGHT,15,OTHER TYPE NON-MOTORIST,CLEVELAND ST & HART AV,NASHVILLE,TN,37206,1943,EAST,36.1844,-86.7557,POINT (-86.7557 36.1844)
20190325430,04/27/2019 09:00:00 PM,2,0,0,,N,714641,5,SIDESWIPE - SAME DIRECTION,21,CLEAR,3,DARK - LIGHTED,12,MOTOR VEHICLE IN TRANSPORT,BROADWAY & 5TH AVS,NASHVILLE,TN,37203,4089,CENTRA,36.1605,-86.7784,POINT (-86.7784 36.1605)
20190028998,01/11/2019 02:15:00 PM,3,3,0,,N,267831,11,Front to Rear,22,CLOUDY,1,DAYLIGHT,12,MOTOR VEHICLE IN TRANSPORT,HARDING PKE & WOODLAWN DR,NASHVILLE,TN,37205,6021,WEST,36.1274,-86.8442,POINT (-86.8442 36.1274)
20190286413,04/14/2019 01:09:00 PM,2,1,0,,N,544481,11,Front to Rear,10,SEVERE CROSSWIND,1,DAYLIGHT,12,MOTOR VEHICLE IN TRANSPORT,STRATFORD AV & MCGAVOCK PKE,NASHVILLE,TN,37216,1411,EAST,36.1982,-86.7119,POINT (-86.7119 36.1982)
20190028376,01/11/2019 12:00:00 AM,2,0,0,,N,298877,4,ANGLE,21,CLEAR,1,DAYLIGHT,12,MOTOR VEHICLE IN TRANSPORT,MM 54 0 I 24,NASHVILLE,TN,37211,88122,SOUTH,36.1064,-86.7188,POINT (-86.7188 36.1064)
20190019523,01/08/2019 03:50:00 PM,2,0,0,,Y,134871,5,SIDESWIPE - SAME DIRECTION,21,CLEAR,1,DAYLIGHT,12,MOTOR VEHICLE IN TRANSPORT,PINE ST & 11TH AVS,NASHVILLE,TN,37203,4019,CENTRA,36.1529,-86.7837,POINT (-86.7837 36.1529)
20190463290,06/18/2019 07:19:00 PM,2,0,0,,N,240976,11,Front to Rear,21,CLEAR,1,DAYLIGHT,12,MOTOR VEHICLE IN TRANSPORT,MM 88 2 I 65,NASHVILLE,TN,37207,18041,EAST,36.2188,-86.7747,POINT (-86.7747 36.2188)
20190169038,03/03/2019 04:18:00 PM,2,0,0,,N,320581,5,SIDESWIPE - SAME DIRECTION,22,CLOUDY,1,DAYLIGHT,12,MOTOR VEHICLE IN TRANSPORT,I65 S ENT RAMP & I 65,NASHVILLE,TN,37207,3007,NORTH,36.2057,-86.778,POINT (-86.778 36.2057)
20190275929,04/10/2019 01:19:00 PM,2,0,0,,N,876573,11,Front to Rear,21,CLEAR,1,DAYLIGHT,12,MOTOR VEHICLE IN TRANSPORT,OLD HICKORY BLVD & OWEN DR,ANTIOCH,TN,37013,8869,SOUTH,36.0183,-86.6196,POINT (-86.6196 36.0183)
20190394947,05/23/2019 04:44:00 PM,2,0,0,,Y,151132,5,SIDESWIPE - SAME DIRECTION,21,CLEAR,1,DAYLIGHT,12,MOTOR VEHICLE IN TRANSPORT,MM 91 2 I 65,MADISON,TN,37115,2006,MADISO,36.2503,-86.7413,POINT (-86.7413 36.2503)
20190492716,06/30/2019 05:45:00 AM,1,2,0,Y,N,330441,0,NOT COLLISION W/MOTOR VEHICLE-TRANSPORT,21,CLEAR,1,DAYLIGHT,20;37,IMPACT ATTENUATOR;Other Traffic Barrier,MM 2 0 I 440,NASHVILLE,TN,37212,5906,MIDTOW,36.1302,-86.8169,POINT (-86.8169 36.1302)
20190313772,04/23/2019 04:20:00 PM,2,0,0,,Y,256383,11,Front to Rear,21,CLEAR,1,DAYLIGHT,12,MOTOR VEHICLE IN TRANSPORT,MM 51 4 I 24,NASHVILLE,TN,37210,82061,HERMIT,36.1388,-86.7284,POINT (-86.7284 36.1388)
20190468825,06/20/2019 04:21:00 PM,2,0,0,,Y,256386,4,ANGLE,21,CLEAR,1,DAYLIGHT,12,MOTOR VEHICLE IN TRANSPORT,KAREN DR & STATE HWY 155,NASHVILLE,TN,37217,8951,HERMIT,36.1395,-86.7002,POINT (-86.7002 36.1395)
20190022769,01/09/2019 05:40:00 PM,2,0,0,,Y,179606,11,Front to Rear,21,CLEAR,3,DARK - LIGHTED,12,MOTOR VEHICLE IN TRANSPORT,MM 210 2 I 40,NASHVILLE,TN,37203,80021,MIDTOW,36.1493,-86.7736,POINT (-86.7736 36.1493)
20190352902,05/08/2019 08:17:00 AM,2,0,0,,N,462474,5,SIDESWIPE - SAME DIRECTION,21,CLEAR,1,DAYLIGHT,12,MOTOR VEHICLE IN TRANSPORT,OLD HICKORY BLVD & I65 N EXT RAMP,BRENTWOOD,TN,37027,8623,MIDTOW,36.0399,-86.781,POINT (-86.781 36.0399)
20190298207,04/18/2019 06:59:00 AM,2,1,0,,N,572251,11,Front to Rear,21,CLEAR,1,DAYLIGHT,12,MOTOR VEHICLE IN TRANSPORT,OLD HICKORY BLVDW & GRAY AV,MADISON,TN,37115,1749,MADISO,36.264,-86.7221,POINT (-86.7221 36.264)
20190423393,06/03/2019 05:09:00 PM,2,0,0,,N,690942,11,Front to Rear,21,CLEAR,1,DAYLIGHT,12,MOTOR VEHICLE IN TRANSPORT,S 2ND ST & SHELBY AV,NASHVILLE,TN,37213,1007,CENTRA,36.1649,-86.7679,POINT (-86.7679 36.1649)
20190471779,06/21/2019 06:23:00 PM,2,0,0,,N,256383,11,Front to Rear,22,CLOUDY,1,DAYLIGHT,12;42,MOTOR VEHICLE IN TRANSPORT;TREE,HOBSON PKE & OLE NOTTINGHAM DR,ANTIOCH,TN,37013,8907,SOUTH,36.0715,-86.5767,POINT (-86.5767 36.0715)
20190463487,06/18/2019 10:10:00 PM,1,0,0,Y,N,717341,0,NOT COLLISION W/MOTOR VEHICLE-TRANSPORT,21,CLEAR,3,DARK - LIGHTED,11;25,OTHER ANIMAL;GUARDRAIL END,OLD HICKORY BLVD & BARNES RD,ANTIOCH,TN,37013,8761,SOUTH,36.0199,-86.681,POINT (-86.681 36.0199)
20190125915,02/15/2019 03:24:00 PM,2,0,0,,N,226827,11,Front to Rear,2,RAIN,1,DAYLIGHT,12,MOTOR VEHICLE IN TRANSPORT,MM 92 6 I 65,MADISON,TN,37115,1704,MADISO,36.2702,-86.7364,POINT (-86.7364 36.2702)
20190369220,05/14/2019 02:42:00 PM,2,0,0,,N,256446,5,SIDESWIPE - SAME DIRECTION,21,CLEAR,1,DAYLIGHT,12,MOTOR VEHICLE IN TRANSPORT,MURFREESBORO PKE & HAMILTON CHURCH RD,ANTIOCH,TN,37013,8865,SOUTH,36.0649,-86.6286,POINT (-86.6286 36.0649)
20190144682,02/22/2019 10:00:00 AM,2,0,0,,Y,226136,4,ANGLE,2,RAIN,1,DAYLIGHT,12,MOTOR VEHICLE IN TRANSPORT,POWELL AV & POWELL PL,NASHVILLE,TN,37204,8527,MIDTOW,36.1065,-86.7646,POINT (-86.7646 36.1065)
20190379911,05/18/2019 12:00:00 AM,1,0,0,,Y,279221,0,NOT COLLISION W/MOTOR VEHICLE-TRANSPORT,22,CLOUDY,3,DARK - LIGHTED,40,MAIL BOX,N GRAYCROFT AV & OLD HICKORY BLVDW,MADISON,TN,37115,1745,MADISO,36.2648,-86.7323,POINT (-86.7323 36.2648)
20190241927,03/28/2019 09:27:00 PM,2,0,0,,Y,151132,6,SIDESWIPE - OPPOSITE DIRECTION,21,CLEAR,3,DARK - LIGHTED,12,MOTOR VEHICLE IN TRANSPORT,GALLATIN PKES & WOODRUFF ST,MADISON,TN,37115,1605,MADISO,36.2599,-86.7131,POINT (-86.7131 36.2599)
20190371920,05/15/2019 12:29:00 PM,1,0,0,Y,N,665896,0,NOT COLLISION W/MOTOR VEHICLE-TRANSPORT,21,CLEAR,1,DAYLIGHT,31,"OTHER POST, POLE, SUPP.",WOODLAND ST & N 14TH ST,NASHVILLE,TN,37206,1239,EAST,36.1771,-86.7459,POINT (-86.7459 36.1771)
20190260623,04/04/2019 06:23:00 PM,2,2,0,,N,320579,11,Front to Rear,2,RAIN,5,DUSK,12;36,MOTOR VEHICLE IN TRANSPORT;CONCRETE TRAFFIC BARRIER,DICKERSON PKE & I65 N ENT RAMP,NASHVILLE,TN,37216,1805,EAST,36.2361,-86.7582,POINT (-86.7582 36.2361)
20190506590,07/05/2019 12:04:00 PM,2,0,0,,N,716886,4,ANGLE,21,CLEAR,1,DAYLIGHT,12,MOTOR VEHICLE IN TRANSPORT,NOLENSVILLE PKE & LUTIE ST,NASHVILLE,TN,37210,8319,SOUTH,36.1178,-86.7487,POINT (-86.7487 36.1178)
20190416691,05/31/2019 04:20:00 PM,2,0,0,,N,206675,11,Front to Rear,21,CLEAR,1,DAYLIGHT,12,MOTOR VEHICLE IN TRANSPORT,CHURCH STE & PLUM ORCHARD DR,BRENTWOOD,TN,37027,8623,MIDTOW,36.0331,-86.7742,POINT (-86.7742 36.0331)
20190138142,02/20/2019 08:27:00 AM,2,0,0,,N,191578,11,Front to Rear,2,RAIN,1,DAYLIGHT,12,MOTOR VEHICLE IN TRANSPORT,I40 W ENT RAMP & I 40,NASHVILLE,TN,37210,9007,HERMIT,36.1484,-86.7454,POINT (-86.7454 36.1484)