Accident Number,Date and Time,Number of Motor Vehicles,Number of Injuries,Number of Fatalities,Property Damage,Hit and Run,Reporting Officer,Collision Type Code,Collision Type Description,Weather Code,Weather Description,Illumination Code,Illumination Description,Harmful Code,Harmful Code Description,Street Address,City,State,ZIP,RPA,Precinct,Latitude,Longitude,Mapped Location
20190395156,05/23/2019 05:38:00 PM,2,0,0,,N,256386,11,Front to Rear,21,CLEAR,1,DAYLIGHT,12,MOTOR VEHICLE IN TRANSPORT,SMITH SPRINGS RD & OLD SMITH SPRINGS RD,NASHVILLE,TN,37217,8935,HERMIT,36.0921,-86.631,POINT (-86.631 36.0921)
20190424220,06/03/2019 10:53:00 PM,2,1,0,Y,Y,468098,11,Front to Rear,21,CLEAR,3,DARK - LIGHTED,12;30,MOTOR VEHICLE IN TRANSPORT;UTILITY POLE,LINBAR DR & WALLACE RD,NASHVILLE,TN,37211,8707,SOUTH,36.0387,-86.731,POINT (-86.731 36.0387)
20190371644,05/15/2019 10:02:00 AM,2,1,0,,N,166478,11,Front to Rear,2,RAIN,1,DAYLIGHT,12,MOTOR VEHICLE IN TRANSPORT,ROSA L PARKS BLVD & LOCKLAYER ST,NASHVILLE,TN,37208,4239,NORTH,36.1714,-86.7902,POINT (-86.7902 36.1714)
20190343821,05/04/2019 08:32:00 PM,2,0,0,,Y,299266,11,Front to Rear,2,RAIN,5,DUSK,12,MOTOR VEHICLE IN TRANSPORT,HARDING PL & I24 E ENT RAMP,NASHVILLE,TN,37211,8707,SOUTH,36.0855,-86.7014,POINT (-86.7014 36.0855)
20190301809,04/19/2019 11:05:00 AM,1,0,0,,N,665896,0,NOT COLLISION W/MOTOR VEHICLE-TRANSPORT,22,CLOUDY,1,DAYLIGHT,33,CURB,S 10TH ST & FATHERLAND ST,NASHVILLE,TN,37206,1205,EAST,36.1742,-86.752,POINT (-86.752 36.1742)
20190212975,03/19/2019 08:05:00 AM,2,0,0,,N,665896,4,ANGLE,21,CLEAR,1,DAYLIGHT,12;40,MOTOR VEHICLE IN TRANSPORT;MAIL BOX,EASTMORELAND ST & MERIDIAN ST,NASHVILLE,TN,37207,1893,EAST,36.195,-86.7673,POINT (-86.7673 36.195)
20190419252,06/01/2019 08:02:00 PM,2,0,0,,N,197068,4,ANGLE,21,CLEAR,3,DARK - LIGHTED,12,MOTOR VEHICLE IN TRANSPORT,BROADWAY & 2ND AVN,NASHVILLE,TN,37201,4093,CENTRA,36.1618,-86.7754,POINT (-86.7754 36.1618)
20190383354,05/19/2019 08:07:00 PM,1,1,0,,N,352201,0,NOT COLLISION W/MOTOR VEHICLE-TRANSPORT,21,CLEAR,2,DARK - NOT LIGHTED,38;42,FENCE;TREE,POST RD & HILL PLACE DR,NASHVILLE,TN,37205,5001,WEST,36.1169,-86.8613,POINT (-86.8613 36.1169)
20190396723,05/24/2019 06:45:00 AM,2,0,0,,N,352158,11,Front to Rear,21,CLEAR,1,DAYLIGHT,12,MOTOR VEHICLE IN TRANSPORT,HARDING PL & TROUSDALE DR,NASHVILLE,TN,37220,8601,MIDTOW,36.0811,-86.7584,POINT (-86.7584 36.0811)
20190552914,07/24/2019 04:58:00 PM,3,1,0,,N,267831,11,Front to Rear,21,CLEAR,1,DAYLIGHT,12,MOTOR VEHICLE IN TRANSPORT,MM 2 0 I 440,NASHVILLE,TN,37205,6004,WEST,36.13,-86.8171,POINT (-86.8171 36.13)
20190547778,07/22/2019 09:06:00 PM,2,1,0,,N,256380,2,HEAD-ON,2,RAIN,3,DARK - LIGHTED,12,MOTOR VEHICLE IN TRANSPORT,W TRINITY LN & LIBERIA ST,NASHVILLE,TN,37207,3009,NORTH,36.2077,-86.7856,POINT (-86.7856 36.2077)
20190019657,01/08/2019 04:18:00 PM,2,1,0,,N,256389,4,ANGLE,21,CLEAR,1,DAYLIGHT,12,MOTOR VEHICLE IN TRANSPORT,SIDCO DR & HARDING PL,NASHVILLE,TN,37204,8529,MIDTOW,36.0828,-86.7616,POINT (-86.7616 36.0828)
20190359826,05/10/2019 12:00:00 AM,2,0,0,,Y,320580,2,HEAD-ON,22,CLOUDY,1,DAYLIGHT,12,MOTOR VEHICLE IN TRANSPORT,FARLEY PL & MEADOW CLIFF,NASHVILLE,TN,37210,9025,HERMIT,36.1623,-86.7017,POINT (-86.7017 36.1623)
20190010159,01/04/2019 06:38:00 PM,2,1,0,,Y,320597,11,Front to Rear,22,CLOUDY,3,DARK - LIGHTED,12,MOTOR VEHICLE IN TRANSPORT,MM 58 7 I 24,ANTIOCH,TN,37013,8808,SOUTH,36.0513,-86.6692,POINT (-86.6692 36.0513)
20190121810,02/14/2019 07:40:00 AM,2,0,0,,N,320588,11,Front to Rear,22,CLOUDY,1,DAYLIGHT,12,MOTOR VEHICLE IN TRANSPORT,STEWARTS LN & ASHLAND CITY HWY,NASHVILLE,TN,37218,3207,NORTH,36.2083,-86.8606,POINT (-86.8606 36.2083)
20190141654,02/21/2019 11:14:00 AM,2,1,0,,Y,109534,11,Front to Rear,21,CLEAR,1,DAYLIGHT,12;99,MOTOR VEHICLE IN TRANSPORT;UNKNOWN MOST HARMFUL EVENT,I40 W EXT RAMP & I 40,NASHVILLE,TN,37203,4119,CENTRA,36.1574,-86.79,POINT (-86.79 36.1574)
20190153032,02/25/2019 04:54:00 PM,2,0,0,,N,151132,11,Front to Rear,21,CLEAR,1,DAYLIGHT,12,MOTOR VEHICLE IN TRANSPORT,MM 93 0 I 65,MADISON,TN,37115,17040,MADISO,36.2752,-86.7354,POINT (-86.7354 36.2752)
20190154887,02/26/2019 07:22:00 AM,2,0,0,,N,716886,11,Front to Rear,21,CLEAR,1,DAYLIGHT,12,MOTOR VEHICLE IN TRANSPORT,I24 W EXT RAMP & I 24,NASHVILLE,TN,37211,8829,SOUTH,36.1074,-86.7197,POINT (-86.7197 36.1074)
20190263016,04/05/2019 03:00:00 PM,2,2,0,,N,206675,11,Front to Rear,21,CLEAR,1,DAYLIGHT,1;12,MOTOR VEHICLE IN TRANSPORT,OLD HICKORY BLVD & FRANKLIN PIKE CIR,BRENTWOOD,TN,37027,8623,MIDTOW,36.0405,-86.7801,POINT (-86.7801 36.0405)
20190387398,05/21/2019 08:19:00 AM,2,0,0,,N,279113,98,OTHER,21,CLEAR,1,DAYLIGHT,12,MOTOR VEHICLE IN TRANSPORT,OLD HICKORY BLVD & IRIS AV,OLD HICKORY,TN,37138,9607,HERMIT,36.2415,-86.6336,POINT (-86.6336 36.2415)
20190544536,07/21/2019 01:00:00 PM,2,0,0,,N,224953,11,Front to Rear,2,RAIN,1,DAYLIGHT,12,MOTOR VEHICLE IN TRANSPORT,SHELBY AV & I24 E ENT RAMP,NASHVILLE,TN,37213,1007,CENTRA,36.1662,-86.7658,POINT (-86.7658 36.1662)
20190049296,01/19/2019 11:00:00 AM,2,1,0,,N,256428,4,ANGLE,2,RAIN,1,DAYLIGHT,1;12;63;7,MOTOR VEHICLE IN TRANSPORT;Ran Off Road-Right,MM 87 6 I 65,NASHVILLE,TN,37207,1804,EAST,36.2107,-86.7758,POINT (-86.7758 36.2107)
20190465538,06/19/2019 04:25:00 PM,3,4,0,,N,419972,11,Front to Rear,21,CLEAR,1,DAYLIGHT,12,MOTOR VEHICLE IN TRANSPORT,SHARONDALE DR & WOODLAWN DR,NASHVILLE,TN,37215,6003,WEST,36.1251,-86.8161,POINT (-86.8161 36.1251)
20190390507,05/22/2019 07:53:00 AM,2,0,0,,N,834798,5,SIDESWIPE - SAME DIRECTION,21,CLEAR,1,DAYLIGHT,12,MOTOR VEHICLE IN TRANSPORT,WEDGEWOOD AV & BEECH AV,NASHVILLE,TN,37204,6919,MIDTOW,36.1343,-86.7806,POINT (-86.7806 36.1343)
20190273389,04/09/2019 04:20:00 PM,2,0,0,,Y,279214,5,SIDESWIPE - SAME DIRECTION,21,CLEAR,1,DAYLIGHT,12,MOTOR VEHICLE IN TRANSPORT,I440 E ENT RAMP & I 65,NASHVILLE,TN,37204,7018,MIDTOW,36.1138,-86.7719,POINT (-86.7719 36.1138)
20190341053,05/03/2019 03:07:00 PM,1,0,0,Y,N,690942,0,NOT COLLISION W/MOTOR VEHICLE-TRANSPORT,21,CLEAR,1,DAYLIGHT,29,LUMINAIRE/LIGHT SUPPORT,5TH AVS & KOREAN VETERANS BLVD,NASHVILLE,TN,37203,4057,CENTRA,36.157,-86.7762,POINT (-86.7762 36.157)
20190373131,05/15/2019 09:28:00 PM,2,0,0,,N,468098,11,Front to Rear,21,CLEAR,3,DARK - LIGHTED,12,MOTOR VEHICLE IN TRANSPORT,HARDING PL & EZELL PKE,NASHVILLE,TN,37211,8847,SOUTH,36.0892,-86.6874,POINT (-86.6874 36.0892)
20190233836,03/26/2019 06:42:00 AM,2,0,0,,N,191578,5,SIDESWIPE - SAME DIRECTION,21,CLEAR,1,DAYLIGHT,12,MOTOR VEHICLE IN TRANSPORT,MM 212 8 I 40,NASHVILLE,TN,37210,90040,HERMIT,36.1425,-86.7353,POINT (-86.7353 36.1425)
20190177480,03/06/2019 08:27:00 AM,2,0,0,,N,226673,6,SIDESWIPE - OPPOSITE DIRECTION,21,CLEAR,1,DAYLIGHT,12,MOTOR VEHICLE IN TRANSPORT,CHARLOTTE AV & 12TH AVN,NASHVILLE,TN,37203,4151,CENTRA,36.1621,-86.7906,POINT (-86.7906 36.1621)
20190090295,02/03/2019 12:09:00 AM,2,0,0,,Y,298871,5,SIDESWIPE - SAME DIRECTION,21,CLEAR,3,DARK - LIGHTED,12,MOTOR VEHICLE IN TRANSPORT,WEST END AV & 18TH AVS,NASHVILLE,TN,37203,5707,MIDTOW,36.1531,-86.7959,POINT (-86.7959 36.1531)
20190281855,04/12/2019 02:52:00 PM,2,0,0,,Y,197047,4,ANGLE,21,CLEAR,1,DAYLIGHT,12,MOTOR VEHICLE IN TRANSPORT,GREENWOOD AV & PORTER RD,NASHVILLE,TN,37206,1311,EAST,36.1889,-86.7304,POINT (-86.7304 36.1889)
20190431329,06/06/2019 10:45:00 AM,2,0,0,,N,226622,0,NOT COLLISION W/MOTOR VEHICLE-TRANSPORT,22,CLOUDY,1,DAYLIGHT,18,OTHER OBJECT (NOT FIXED),MM 205 6 I 40,NASHVILLE,TN,37209,5228,WEST,36.1559,-86.8271,POINT (-86.8271 36.1559)
20190096874,02/05/2019 12:42:00 PM,2,0,0,,N,226136,11,Front to Rear,22,CLOUDY,1,DAYLIGHT,12,MOTOR VEHICLE IN TRANSPORT,TROUSDALE DR & GRASSMERE PK,NASHVILLE,TN,37211,8509,MIDTOW,36.0866,-86.7539,POINT (-86.7539 36.0866)
20190338350,05/02/2019 04:11:00 PM,2,1,0,,N,240949,4,ANGLE,21,CLEAR,1,DAYLIGHT,12;6,MOTOR VEHICLE IN TRANSPORT,NOLENSVILLE PKE & NORTHCREST DR,NASHVILLE,TN,37211,8711,SOUTH,36.0667,-86.7179,POINT (-86.7179 36.0667)
20190558141,07/27/2019 04:55:00 PM,2,0,0,,N,311332,5,SIDESWIPE - SAME DIRECTION,21,CLEAR,1,DAYLIGHT,12,MOTOR VEHICLE IN TRANSPORT,OLD HICKORY BLVD & BELLE FOREST SHOPPING,NASHVILLE,TN,37205,4903,WEST,36.0756,-86.921,POINT (-86.921 36.0756)
20190574789,08/02/2019 01:25:00 PM,2,0,0,,N,716886,4,ANGLE,21,CLEAR,1,DAYLIGHT,12,MOTOR VEHICLE IN TRANSPORT,HAMILTON CHURCH RD & HAMILTON CROSSINGS,ANTIOCH,TN,37013,8865,SOUTH,36.0629,-86.6291,POINT (-86.6291 36.0629)
20190354672,05/08/2019 10:04:00 PM,2,0,0,,Y,226175,11,Front to Rear,21,CLEAR,2,DARK - NOT LIGHTED,14,PARKED MOTOR VEHICLE,MORTON MILL RD & HARPETH RIV MORTON MILL,NASHVILLE,TN,37221,4811,WEST,36.0618,-86.9513,POINT (-86.9513 36.0618)
20190385109,05/20/2019 01:00:00 PM,2,0,0,,N,226622,4,ANGLE,21,CLEAR,1,DAYLIGHT,12,MOTOR VEHICLE IN TRANSPORT,CHARLOTTE AV & 46TH AVN,NASHVILLE,TN,37209,5203,WEST,36.1522,-86.8422,POINT (-86.8422 36.1522)
20190466582,06/20/2019 12:49:00 AM,2,2,0,,N,279233,4,ANGLE,2,RAIN,3,DARK - LIGHTED,12,MOTOR VEHICLE IN TRANSPORT,51ST AVN & CHARLOTTE AV,NASHVILLE,TN,37209,5121,WEST,36.1525,-86.8486,POINT (-86.8486 36.1525)
20190030600,01/12/2019 03:54:00 PM,2,0,0,,N,311803,11,Front to Rear,2,RAIN,1,DAYLIGHT,12,MOTOR VEHICLE IN TRANSPORT,MM 3 2 I 440,NASHVILLE,TN,37215,6422,MIDTOW,36.1177,-86.8005,POINT (-86.8005 36.1177)
20190181296,03/07/2019 01:00:00 PM,2,0,0,,N,571316,4,ANGLE,21,CLEAR,1,DAYLIGHT,12,MOTOR VEHICLE IN TRANSPORT,SHELBY AV & S 14TH ST,NASHVILLE,TN,37206,1035,EAST,36.1708,-86.7468,POINT (-86.7468 36.1708)
20190045729,01/18/2019 02:14:00 AM,1,1,0,,N,212334,0,NOT COLLISION W/MOTOR VEHICLE-TRANSPORT,22,CLOUDY,2,DARK - NOT LIGHTED,1;32,CULVERT,WHITES CREEK PKE & GREENBRIER RD,JOELTON,TN,37080,2303,NORTH,36.3421,-86.8717,POINT (-86.8717 36.3421)
20190003438,01/02/2019 10:50:00 AM,2,0,0,,Y,109534,5,SIDESWIPE - SAME DIRECTION,22,CLOUDY,1,DAYLIGHT,12;99,MOTOR VEHICLE IN TRANSPORT;UNKNOWN MOST HARMFUL EVENT,I40 W EXT RAMP & I 40,NASHVILLE,TN,37203,4119,CENTRA,36.1574,-86.79,POINT (-86.79 36.1574)
20190250794,04/01/2019 11:52:00 AM,2,0,0,,N,279116,11,Front to Rear,22,CLOUDY,1,DAYLIGHT,12,MOTOR VEHICLE IN TRANSPORT,MM 5 8 I 440,NASHVILLE,TN,37204,83062,MIDTOW,36.1217,-86.7596,POINT (-86.7596 36.1217)
20190154865,02/26/2019 07:05:00 AM,2,0,0,,N,226136,2,HEAD-ON,21,CLEAR,1,DAYLIGHT,14,PARKED MOTOR VEHICLE,BARTON AV & 25TH AVS,NASHVILLE,TN,37212,5903,MIDTOW,36.1336,-86.8079,POINT (-86.8079 36.1336)
20190108578,02/09/2019 03:53:00 PM,2,0,0,,N,256380,11,Front to Rear,21,CLEAR,1,DAYLIGHT,12,MOTOR VEHICLE IN TRANSPORT,BRILEY PKWY N EXT RAMP & COUNTY HOSPITAL,NASHVILLE,TN,37218,3133,NORTH,36.1869,-86.8613,POINT (-86.8613 36.1869)
20190269580,04/08/2019 09:20:00 AM,2,0,0,,N,584947,5,SIDESWIPE - SAME DIRECTION,22,CLOUDY,1,DAYLIGHT,12,MOTOR VEHICLE IN TRANSPORT,TROUSDALE DR & HARDING PL,NASHVILLE,TN,37211,8603,MIDTOW,36.0808,-86.7584,POINT (-86.7584 36.0808)
20190309096,04/22/2019 12:46:00 PM,2,0,0,,Y,134899,11,Front to Rear,21,CLEAR,1,DAYLIGHT,12;14,MOTOR VEHICLE IN TRANSPORT;PARKED MOTOR VEHICLE,LEBANON PKE & STONES RIVER GRNWY,NASHVILLE,TN,37214,9403,HERMIT,36.1855,-86.6359,POINT (-86.6359 36.1855)
20190403016,05/26/2019 09:45:00 PM,2,0,0,,Y,405418,5,SIDESWIPE - SAME DIRECTION,21,CLEAR,3,DARK - LIGHTED,12;14,MOTOR VEHICLE IN TRANSPORT;PARKED MOTOR VEHICLE,OLD HICKORY BLVD & HICKORY TRACE DR,NASHVILLE,TN,37211,8651,MIDTOW,36.0454,-86.7185,POINT (-86.7185 36.0454)
20190004980,01/02/2019 10:00:00 PM,1,0,0,,N,299238,0,NOT COLLISION W/MOTOR VEHICLE-TRANSPORT,2,RAIN,3,DARK - LIGHTED,36,CONCRETE TRAFFIC BARRIER,MM 49 1 I 24,NASHVILLE,TN,37206,10040,EAST,36.1647,-86.7634,POINT (-86.7634 36.1647)
20190190278,03/11/2019 06:00:00 AM,2,0,0,,N,311340,5,SIDESWIPE - SAME DIRECTION,21,CLEAR,3,DARK - LIGHTED,12,MOTOR VEHICLE IN TRANSPORT,BROADWAY & 16TH AVS,NASHVILLE,TN,37203,5701,MIDTOW,36.1543,-86.7929,POINT (-86.7929 36.1543)
20190246032,03/30/2019 10:48:00 AM,2,1,0,,N,402660,11,Front to Rear,21,CLEAR,1,DAYLIGHT,12,MOTOR VEHICLE IN TRANSPORT,WEST END AV & BOWLING AV,NASHVILLE,TN,37205,6005,WEST,36.1347,-86.8251,POINT (-86.8251 36.1347)
20190550332,07/23/2019 07:34:00 PM,1,1,0,Y,N,179583,0,NOT COLLISION W/MOTOR VEHICLE-TRANSPORT,21,CLEAR,1,DAYLIGHT,19;33,BUILDING;CURB,DOVER GLEN DR & SEPTO CT,ANTIOCH,TN,37013,8861,SOUTH,36.0745,-86.6511,POINT (-86.6511 36.0745)
20190573126,08/01/2019 12:00:00 AM,2,0,0,,N,298868,5,SIDESWIPE - SAME DIRECTION,21,CLEAR,3,DARK - LIGHTED,12,MOTOR VEHICLE IN TRANSPORT,I40 E ENT RAMP & I 40,NASHVILLE,TN,37205,4903,WEST,36.1109,-86.922,POINT (-86.922 36.1109)
20190487679,06/28/2019 03:48:00 AM,2,1,0,,N,299248,4,ANGLE,21,CLEAR,3,DARK - LIGHTED,12,MOTOR VEHICLE IN TRANSPORT,BELL RD & HICKORY PARK DR,ANTIOCH,TN,37013,8753,SOUTH,36.0449,-86.6704,POINT (-86.6704 36.0449)
20190496019,07/01/2019 04:04:00 PM,2,0,0,,N,320585,11,Front to Rear,21,CLEAR,1,DAYLIGHT,12,MOTOR VEHICLE IN TRANSPORT,MM 211 8 I 40,NASHVILLE,TN,37210,90022,HERMIT,36.149,-86.7465,POINT (-86.7465 36.149)
20190208390,03/17/2019 05:30:00 PM,1,0,0,Y,N,256374,0,NOT COLLISION W/MOTOR VEHICLE-TRANSPORT,21,CLEAR,1,DAYLIGHT,63;7,Ran Off Road-Right,PETTUS RD & OLD HICKORY BLVD,ANTIOCH,TN,37013,8763,SOUTH,36.0269,-86.6808,POINT (-86.6808 36.0269)
20190376402,05/16/2019 09:40:00 PM,2,0,0,,N,660929,5,SIDESWIPE - SAME DIRECTION,21,CLEAR,3,DARK - LIGHTED,12,MOTOR VEHICLE IN TRANSPORT,4900 EDMONDSON,NASHVILLE,TN,37211,8659,MIDTOW,36.0721,-86.7329,POINT (-86.7329 36.0721)
20190410698,05/29/2019 04:30:00 PM,2,1,0,,N,352164,11,Front to Rear,21,CLEAR,1,DAYLIGHT,12,MOTOR VEHICLE IN TRANSPORT,MM 214 2 I 40,NASHVILLE,TN,37210,90062,HERMIT,36.1424,-86.7107,POINT (-86.7107 36.1424)
20190057262,01/22/2019 04:45:00 PM,2,0,0,,N,256441,11,Front to Rear,21,CLEAR,1,DAYLIGHT,12,MOTOR VEHICLE IN TRANSPORT,MM 74 7 I 65,NASHVILLE,TN,37220,71040,MIDTOW,36.0415,-86.7825,POINT (-86.7825 36.0415)
20190443591,06/11/2019 09:09:00 AM,2,0,0,,N,226673,98,OTHER,22,CLOUDY,1,DAYLIGHT,14,PARKED MOTOR VEHICLE,1ST AVN & 1ST AVS,NASHVILLE,TN,37201,4101,CENTRA,36.1625,-86.7745,POINT (-86.7745 36.1625)
20190306478,04/21/2019 12:35:00 PM,2,0,0,,N,224797,11,Front to Rear,21,CLEAR,1,DAYLIGHT,12,MOTOR VEHICLE IN TRANSPORT,OLD HICKORY BLVD & CHICKERING CIR,NASHVILLE,TN,37221,6215,WEST,36.0512,-86.8831,POINT (-86.8831 36.0512)
20190433437,06/07/2019 05:46:00 AM,1,0,0,,N,311336,0,NOT COLLISION W/MOTOR VEHICLE-TRANSPORT,2,RAIN,2,DARK - NOT LIGHTED,33,CURB,SPRING ST & DICKERSON PKE,NASHVILLE,TN,37207,1979,EAST,36.1765,-86.7702,POINT (-86.7702 36.1765)
20190285221,04/13/2019 11:59:00 PM,1,0,0,,N,299261,0,NOT COLLISION W/MOTOR VEHICLE-TRANSPORT,2,RAIN,2,DARK - NOT LIGHTED,7,,MM 76 6 I 65,NASHVILLE,TN,37220,86042,MIDTOW,36.0662,-86.7708,POINT (-86.7708 36.0662)
20190054107,01/21/2019 02:00:00 PM,2,2,0,,N,690942,4,ANGLE,21,CLEAR,1,DAYLIGHT,12,MOTOR VEHICLE IN TRANSPORT,CHARLOTTE AV & GEORGE L DAVIS BLVD,NASHVILLE,TN,37203,4205,CENTRA,36.1612,-86.7927,POINT (-86.7927 36.1612)
20190262065,04/05/2019 08:10:00 AM,3,1,0,,N,256502,11,Front to Rear,21,CLEAR,1,DAYLIGHT,12,MOTOR VEHICLE IN TRANSPORT,MM 86 2 I 65,NASHVILLE,TN,37207,1910,CENTRA,36.1919,-86.7812,POINT (-86.7812 36.1919)
20190267041,04/07/2019 06:48:00 AM,1,0,0,Y,Y,474557,0,NOT COLLISION W/MOTOR VEHICLE-TRANSPORT,2,RAIN,4,DAWN,30,UTILITY POLE,BENZING RD & TUSCULUM RD,ANTIOCH,TN,37013,8713,SOUTH,36.0527,-86.6826,POINT (-86.6826 36.0527)
20190396829,05/24/2019 08:06:00 AM,2,0,0,,N,226673,4,ANGLE,21,CLEAR,1,DAYLIGHT,12,MOTOR VEHICLE IN TRANSPORT,12TH AVN & CHURCH ST,NASHVILLE,TN,37203,4151,CENTRA,36.1593,-86.7898,POINT (-86.7898 36.1593)
20190112450,02/11/2019 08:58:00 AM,2,0,0,,N,665896,11,Front to Rear,22,CLOUDY,1,DAYLIGHT,12,MOTOR VEHICLE IN TRANSPORT,DICKERSON PKE & BROADMOOR DR,NASHVILLE,TN,37207,1809,EAST,36.2277,-86.7596,POINT (-86.7596 36.2277)
20190076820,01/29/2019 02:16:00 PM,4,2,0,Y,N,716886,5,SIDESWIPE - SAME DIRECTION,21,CLEAR,1,DAYLIGHT,12;14;18,MOTOR VEHICLE IN TRANSPORT;PARKED MOTOR VEHICLE;OTHER OBJECT (NOT FIXED),ANTIOCH PKE & SPACE PARK SOUTH DR,NASHVILLE,TN,37211,8845,SOUTH,36.0939,-86.6993,POINT (-86.6993 36.0939)
20190136466,02/19/2019 12:00:00 AM,2,0,0,,N,298868,5,SIDESWIPE - SAME DIRECTION,2,RAIN,3,DARK - LIGHTED,12,MOTOR VEHICLE IN TRANSPORT,HARDING PKE & RIDGEFIELD WAY,NASHVILLE,TN,37205,6021,WEST,36.1264,-86.8456,POINT (-86.8456 36.1264)
20190537789,07/18/2019 05:30:00 PM,3,0,0,,Y,320577,11,Front to Rear,21,CLEAR,1,DAYLIGHT,12,MOTOR VEHICLE IN TRANSPORT,MM 81 0 I 65,NASHVILLE,TN,37204,80040,MIDTOW,36.1299,-86.7731,POINT (-86.7731 36.1299)
20190257827,04/03/2019 06:19:00 PM,2,0,0,,N,267831,4,ANGLE,21,CLEAR,1,DAYLIGHT,12,MOTOR VEHICLE IN TRANSPORT,WOODLAWN DR & MONTGOMERY BELL AV,NASHVILLE,TN,37205,6021,WEST,36.1248,-86.8385,POINT (-86.8385 36.1248)
20190485590,06/27/2019 09:15:00 AM,2,0,0,,N,352184,4,ANGLE,21,CLEAR,1,DAYLIGHT,14;99,PARKED MOTOR VEHICLE;UNKNOWN MOST HARMFUL EVENT,2ND AVN & COMMERCE ST,NASHVILLE,TN,37201,4101,CENTRA,36.163,-86.7759,POINT (-86.7759 36.163)
20190307312,04/21/2019 12:00:00 AM,1,0,0,,N,298868,0,NOT COLLISION W/MOTOR VEHICLE-TRANSPORT,21,CLEAR,2,DARK - NOT LIGHTED,39;63,WALL;Ran Off Road-Right,MM 197 7 I 40,NASHVILLE,TN,37221,4706,WEST,36.0945,-86.9377,POINT (-86.9377 36.0945)
20190217390,03/20/2019 02:39:00 PM,2,0,0,,N,311803,4,ANGLE,21,CLEAR,1,DAYLIGHT,13,MOTOR VEHICLE IN TRANSPORT-OTHER ROADWAY,WEST END AV & 19TH AVN,NASHVILLE,TN,37203,5707,MIDTOW,36.1526,-86.7968,POINT (-86.7968 36.1526)
20190240433,03/28/2019 11:54:00 AM,2,2,0,,N,419952,11,Front to Rear,21,CLEAR,1,DAYLIGHT,12,MOTOR VEHICLE IN TRANSPORT,BOWLING AV & WHITLAND AV,NASHVILLE,TN,37205,6005,WEST,36.1333,-86.8255,POINT (-86.8255 36.1333)
20190510867,07/07/2019 06:30:00 PM,2,1,0,,Y,256441,11,Front to Rear,99,UNKNOWN,1,DAYLIGHT,12,MOTOR VEHICLE IN TRANSPORT,OLD HICKORY BLVD & SEVEN SPRINGS WAY,BRENTWOOD,TN,37027,8619,MIDTOW,36.0403,-86.7684,POINT (-86.7684 36.0403)
20190474026,06/22/2019 09:04:00 PM,1,0,0,,N,320603,0,NOT COLLISION W/MOTOR VEHICLE-TRANSPORT,21,CLEAR,3,DARK - LIGHTED,24,GUARDRAIL FACE,0 ILLINOIS AV,NASHVILLE,TN,37209,4637,WEST,36.1574,-86.8535,POINT (-86.8535 36.1574)
20190087440,02/01/2019 06:17:00 PM,2,0,0,,N,299266,4,ANGLE,21,CLEAR,1,DAYLIGHT,12,MOTOR VEHICLE IN TRANSPORT,HARDING PL & LINBAR DR,NASHVILLE,TN,37211,8705,SOUTH,36.0841,-86.7059,POINT (-86.7059 36.0841)
20190413151,05/30/2019 01:43:00 PM,2,0,0,,Y,109534,5,SIDESWIPE - SAME DIRECTION,21,CLEAR,1,DAYLIGHT,12,MOTOR VEHICLE IN TRANSPORT,I40 W EXT RAMP & I 40,NASHVILLE,TN,37203,4119,CENTRA,36.1574,-86.79,POINT (-86.79 36.1574)
20190491440,06/29/2019 04:26:00 PM,2,1,0,,N,420040,11,Front to Rear,21,CLEAR,1,DAYLIGHT,12,MOTOR VEHICLE IN TRANSPORT,21ST AVS & WEDGEWOOD AV,NASHVILLE,TN,37212,6623,MIDTOW,36.138,-86.8007,POINT (-86.8007 36.138)
20190268105,04/07/2019 07:50:00 PM,2,0,0,,N,320577,4,ANGLE,21,CLEAR,3,DARK - LIGHTED,12,MOTOR VEHICLE IN TRANSPORT,31ST AVN & POSTON AV,NASHVILLE,TN,37203,5625,MIDTOW,36.1443,-86.8165,POINT (-86.8165 36.1443)
20190112627,02/11/2019 11:29:00 AM,2,1,0,,N,580819,11,Front to Rear,22,CLOUDY,1,DAYLIGHT,12,MOTOR VEHICLE IN TRANSPORT,SHELBY AV & I24 E EXT RAMP,NASHVILLE,TN,37213,1007,CENTRA,36.1664,-86.7654,POINT (-86.7654 36.1664)
20190475291,06/23/2019 12:00:00 AM,2,0,0,,N,320580,11,Front to Rear,21,CLEAR,1,DAYLIGHT,12,MOTOR VEHICLE IN TRANSPORT,MM 210 5 I 40,NASHVILLE,TN,37210,8202,HERMIT,36.1522,-86.7669,POINT (-86.7669 36.1522)
20190244107,03/29/2019 03:15:00 PM,2,0,0,,N,134899,11,Front to Rear,21,CLEAR,1,DAYLIGHT,12,MOTOR VEHICLE IN TRANSPORT,LEBANON PKE & MCGAVOCK PKE,NASHVILLE,TN,37214,9201,HERMIT,36.1694,-86.6799,POINT (-86.6799 36.1694)
20190136269,02/19/2019 02:20:00 PM,2,0,0,,N,633391,11,Front to Rear,2,RAIN,1,DAYLIGHT,12,MOTOR VEHICLE IN TRANSPORT,MM 1 0 I 440,NASHVILLE,TN,37205,5234,WEST,36.1438,-86.8226,POINT (-86.8226 36.1438)
20190529139,07/15/2019 02:00:00 PM,3,2,0,,N,579971,11,Front to Rear,22,CLOUDY,1,DAYLIGHT,12,MOTOR VEHICLE IN TRANSPORT,MM 5 3 I 440,NASHVILLE,TN,37204,81061,MIDTOW,36.1194,-86.7669,POINT (-86.7669 36.1194)