Accident Number,Date and Time,Number of Motor Vehicles,Number of Injuries,Number of Fatalities,Property Damage,Hit and Run,Reporting Officer,Collision Type Code,Collision Type Description,Weather Code,Weather Description,Illumination Code,Illumination Description,Harmful Code,Harmful Code Description,Street Address,City,State,ZIP,RPA,Precinct,Latitude,Longitude,Mapped Location
20190159565,02/27/2019 06:13:00 PM,2,0,0,,N,725756,4,ANGLE,21,CLEAR,3,DARK - LIGHTED,12,MOTOR VEHICLE IN TRANSPORT,CHARLOTTE PKE & RUSSLEO DR,NASHVILLE,TN,37209,5021,WEST,36.1401,-86.8793,POINT (-86.8793 36.1401)
20190162066,02/28/2019 04:45:00 PM,2,2,0,,N,240970,4,ANGLE,22,CLOUDY,1,DAYLIGHT,12,MOTOR VEHICLE IN TRANSPORT,HARDING PL & METROPLEX DR,NASHVILLE,TN,37211,8845,SOUTH,36.0868,-86.6949,POINT (-86.6949 36.0868)
20190200168,03/14/2019 12:10:00 PM,2,0,0,,Y,714641,11,Front to Rear,22,CLOUDY,1,DAYLIGHT,12,MOTOR VEHICLE IN TRANSPORT,10TH AVN & 10TH CIRN,NASHVILLE,TN,37219,4203,CENTRA,36.1634,-86.7878,POINT (-86.7878 36.1634)
20190576203,08/02/2019 09:22:00 PM,2,0,0,,N,299274,98,OTHER,22,CLOUDY,3,DARK - LIGHTED,12,MOTOR VEHICLE IN TRANSPORT,LAFAYETTE ST & I40 E EXT RAMP,NASHVILLE,TN,37210,8153,SOUTH,36.151,-86.7689,POINT (-86.7689 36.151)
20190193260,03/12/2019 06:04:00 AM,2,0,0,,Y,161945,4,ANGLE,21,CLEAR,3,DARK - LIGHTED,12,MOTOR VEHICLE IN TRANSPORT,OLD HICKORY BLVD & EDMONDSON PKE,NASHVILLE,TN,37220,8615,MIDTOW,36.04,-86.7435,POINT (-86.7435 36.04)
20190416279,05/31/2019 01:45:00 PM,2,0,0,,N,320588,4,ANGLE,21,CLEAR,1,DAYLIGHT,12,MOTOR VEHICLE IN TRANSPORT,GARFIELD ST & ROSA L PARKS BLVD,NASHVILLE,TN,37208,4343,NORTH,36.1806,-86.7963,POINT (-86.7963 36.1806)
20190513946,07/09/2019 07:57:00 AM,2,0,0,,N,462474,5,SIDESWIPE - SAME DIRECTION,21,CLEAR,1,DAYLIGHT,12,MOTOR VEHICLE IN TRANSPORT,ARMORY DR ENT RAMP & POWELL AV,NASHVILLE,TN,37204,8527,MIDTOW,36.1048,-86.7633,POINT (-86.7633 36.1048)
20190439340,06/09/2019 05:08:00 PM,2,0,0,,Y,197056,4,ANGLE,22,CLOUDY,3,DARK - LIGHTED,55,Motor Vehicle-In-Motion Outside Trafficw,LEBANON PKE & HICKORY HILL LN,HERMITAGE,TN,37076,9531,HERMIT,36.1889,-86.6283,POINT (-86.6283 36.1889)
20190184848,03/08/2019 12:00:00 AM,2,3,0,,N,298877,11,Front to Rear,2,RAIN,1,DAYLIGHT,12,MOTOR VEHICLE IN TRANSPORT,BRILEY PKWYS & BRILEY PKWYN,NASHVILLE,TN,37218,3212,NORTH,36.2142,-86.8724,POINT (-86.8724 36.2142)
20190158794,02/27/2019 01:42:00 PM,2,0,0,,N,110063,5,SIDESWIPE - SAME DIRECTION,21,CLEAR,1,DAYLIGHT,12,MOTOR VEHICLE IN TRANSPORT,GWYNNWOOD DR & EWINGDALE DR,NASHVILLE,TN,37207,3029,NORTH,36.2338,-86.7924,POINT (-86.7924 36.2338)
20190062696,01/24/2019 12:41:00 PM,2,0,0,,N,493304,11,Front to Rear,21,CLEAR,1,DAYLIGHT,12,MOTOR VEHICLE IN TRANSPORT,GALLATIN PKES & MAPLE ST,MADISON,TN,37115,1607,MADISO,36.2617,-86.7124,POINT (-86.7124 36.2617)
20190422117,06/03/2019 06:55:00 AM,1,0,0,,N,665896,0,NOT COLLISION W/MOTOR VEHICLE-TRANSPORT,21,CLEAR,1,DAYLIGHT,50,DEER (ANIMAL),HART LN & BEN ALLEN RD,NASHVILLE,TN,37216,1821,EAST,36.2175,-86.7435,POINT (-86.7435 36.2175)
20190505288,07/04/2019 11:15:00 PM,2,0,0,,N,462485,5,SIDESWIPE - SAME DIRECTION,8,"SMOG, SMOKE",3,DARK - LIGHTED,14,PARKED MOTOR VEHICLE,CRUTCHER ST & S 2ND ST,NASHVILLE,TN,37213,1005,CENTRA,36.1627,-86.7654,POINT (-86.7654 36.1627)
20190329103,04/29/2019 01:06:00 PM,3,3,0,,N,226136,11,Front to Rear,22,CLOUDY,1,DAYLIGHT,12,MOTOR VEHICLE IN TRANSPORT,MM 81 9 I 65,NASHVILLE,TN,37203,80060,MIDTOW,36.1419,-86.7766,POINT (-86.7766 36.1419)
20190283423,04/13/2019 04:49:00 AM,2,0,0,Y,N,197059,5,SIDESWIPE - SAME DIRECTION,2,RAIN,3,DARK - LIGHTED,12,MOTOR VEHICLE IN TRANSPORT,MM 82 1 I 65,NASHVILLE,TN,37203,80061,MIDTOW,36.1449,-86.777,POINT (-86.777 36.1449)
20190225386,03/23/2019 03:29:00 AM,1,0,0,Y,Y,320600,0,NOT COLLISION W/MOTOR VEHICLE-TRANSPORT,21,CLEAR,3,DARK - LIGHTED,31,"OTHER POST, POLE, SUPP.",AMERICAN RD & MERCOMATIC DR,NASHVILLE,TN,37209,5029,WEST,36.1455,-86.8734,POINT (-86.8734 36.1455)
20190290926,04/15/2019 07:52:00 PM,2,0,0,,Y,197055,5,SIDESWIPE - SAME DIRECTION,21,CLEAR,3,DARK - LIGHTED,14,PARKED MOTOR VEHICLE,OLD HICKORY BLVD & FIRESTONE PKWY,ANTIOCH,TN,37013,8867,SOUTH,36.017,-86.6199,POINT (-86.6199 36.017)
20190492215,06/29/2019 08:50:00 PM,2,0,0,,N,311343,11,Front to Rear,21,CLEAR,3,DARK - LIGHTED,14,PARKED MOTOR VEHICLE,PARIS AV & 12TH AVS,NASHVILLE,TN,37204,6953,MIDTOW,36.1217,-86.7903,POINT (-86.7903 36.1217)
20190141265,02/21/2019 08:37:00 AM,2,0,0,,N,226576,11,Front to Rear,21,CLEAR,1,DAYLIGHT,12,MOTOR VEHICLE IN TRANSPORT,ROSA L PARKS BLVD & HARRISON ST,NASHVILLE,TN,37208,4219,CENTRA,36.1685,-86.7883,POINT (-86.7883 36.1685)
20190151056,02/25/2019 12:00:00 AM,1,0,0,,N,179603,0,NOT COLLISION W/MOTOR VEHICLE-TRANSPORT,22,CLOUDY,3,DARK - LIGHTED,63;72,Ran Off Road-Right;EMBANKMENT ROCK/STONE/CONCRETE,I65 N ENT RAMP & I 65,NASHVILLE,TN,37207,1829,EAST,36.209,-86.7759,POINT (-86.7759 36.209)
20190235373,03/26/2019 03:28:00 PM,2,0,0,,N,256384,4,ANGLE,21,CLEAR,1,DAYLIGHT,13,MOTOR VEHICLE IN TRANSPORT-OTHER ROADWAY,NOLENSVILLE PKE & ZOO RD,NASHVILLE,TN,37211,8509,MIDTOW,36.0886,-86.732,POINT (-86.732 36.0886)
20190542779,07/20/2019 05:10:00 PM,2,0,0,,Y,320582,5,SIDESWIPE - SAME DIRECTION,21,CLEAR,1,DAYLIGHT,12,MOTOR VEHICLE IN TRANSPORT,MM 88 0 I 65,NASHVILLE,TN,37207,18041,EAST,36.2165,-86.775,POINT (-86.775 36.2165)
20190276599,04/10/2019 06:20:00 PM,2,1,0,,N,279124,0,NOT COLLISION W/MOTOR VEHICLE-TRANSPORT,21,CLEAR,1,DAYLIGHT,12;50,MOTOR VEHICLE IN TRANSPORT;DEER (ANIMAL),MT VIEW RD & BABY RUTH LN,ANTIOCH,TN,37013,8863,SOUTH,36.0433,-86.6408,POINT (-86.6408 36.0433)
20190502409,07/03/2019 04:20:00 PM,2,0,0,,N,197054,11,Front to Rear,21,CLEAR,1,DAYLIGHT,12,MOTOR VEHICLE IN TRANSPORT,THOMPSON PL & MURFREESBORO PKE,NASHVILLE,TN,37217,8821,HERMIT,36.1267,-86.711,POINT (-86.711 36.1267)
20190397986,05/24/2019 02:30:00 PM,1,0,0,Y,N,352162,0,NOT COLLISION W/MOTOR VEHICLE-TRANSPORT,21,CLEAR,1,DAYLIGHT,31;41,"OTHER POST, POLE, SUPP.;SHRUBBERY",PERCY WARNER BLVD & LAUREL PARK DR,NASHVILLE,TN,37205,4911,WEST,36.0844,-86.8936,POINT (-86.8936 36.0844)
20190549711,07/23/2019 02:16:00 PM,2,0,0,,N,429193,11,Front to Rear,21,CLEAR,1,DAYLIGHT,12,MOTOR VEHICLE IN TRANSPORT,I40 W EXT RAMP & I 40,NASHVILLE,TN,37203,4119,CENTRA,36.1574,-86.79,POINT (-86.79 36.1574)
20190048993,01/19/2019 07:00:00 AM,1,0,0,,N,591933,0,NOT COLLISION W/MOTOR VEHICLE-TRANSPORT,2,RAIN,1,DAYLIGHT,72,EMBANKMENT ROCK/STONE/CONCRETE,OLD HICKORY BLVD & LOGISTICS WAY,ANTIOCH,TN,37013,8869,SOUTH,36.0286,-86.614,POINT (-86.614 36.0286)
20190460198,06/17/2019 05:31:00 PM,2,1,0,,N,256446,4,ANGLE,21,CLEAR,1,DAYLIGHT,12,MOTOR VEHICLE IN TRANSPORT,MURFREESBORO PKE & HURRICANE CREEK BLVD,ANTIOCH,TN,37013,8869,SOUTH,36.0302,-86.5926,POINT (-86.5926 36.0302)
20190106940,02/08/2019 09:13:00 PM,2,0,0,,Y,151132,9,UNKNOWN,21,CLEAR,2,DARK - NOT LIGHTED,14,PARKED MOTOR VEHICLE,BRICKMONT DR & CHESAPEAKE DR,NASHVILLE,TN,37207,2033,MADISO,36.2454,-86.769,POINT (-86.769 36.2454)
20190399928,05/25/2019 09:15:00 AM,2,1,0,,Y,279227,98,OTHER,21,CLEAR,1,DAYLIGHT,12,MOTOR VEHICLE IN TRANSPORT,MURFREESBORO PKE & BELL RD,ANTIOCH,TN,37013,8865,SOUTH,36.072,-86.636,POINT (-86.636 36.072)
20190120355,02/13/2019 06:49:00 PM,2,0,0,,Y,279124,4,ANGLE,21,CLEAR,3,DARK - LIGHTED,14,PARKED MOTOR VEHICLE,SUNDOWN DR & NIGHTFALL CT,ANTIOCH,TN,37013,8761,SOUTH,36.0156,-86.6668,POINT (-86.6668 36.0156)
20190142200,02/21/2019 01:05:00 PM,1,0,0,,N,151132,0,NOT COLLISION W/MOTOR VEHICLE-TRANSPORT,22,CLOUDY,1,DAYLIGHT,18;34;64,OTHER OBJECT (NOT FIXED);DITCH;Ran Off Road-Left,ELLINGTON PKWYN & BRILEY PKWYW,MADISON,TN,37115,1878,MADISO,36.2388,-86.7408,POINT (-86.7408 36.2388)
20190091144,02/03/2019 11:29:00 AM,1,1,0,,N,320575,0,NOT COLLISION W/MOTOR VEHICLE-TRANSPORT,21,CLEAR,1,DAYLIGHT,34;63,DITCH;Ran Off Road-Right,MT VIEW RD & BELL FORGE PKWY,ANTIOCH,TN,37013,8863,SOUTH,36.0449,-86.6456,POINT (-86.6456 36.0449)
20190299160,04/18/2019 01:10:00 PM,2,1,0,,N,453871,4,ANGLE,21,CLEAR,1,DAYLIGHT,12,MOTOR VEHICLE IN TRANSPORT,OLD HICKORY BLVD & HIGHWAY 70S,NASHVILLE,TN,37221,4901,WEST,36.0742,-86.9208,POINT (-86.9208 36.0742)
20190467893,06/20/2019 11:00:00 AM,1,1,0,,N,876581,0,NOT COLLISION W/MOTOR VEHICLE-TRANSPORT,22,CLOUDY,1,DAYLIGHT,1,,LICKTON PKE & CLAY LICK RD,WHITES CREEK,TN,37189,2209,NORTH,36.3331,-86.7848,POINT (-86.7848 36.3331)
20190236842,03/27/2019 07:34:00 AM,3,3,0,,N,414668,11,Front to Rear,21,CLEAR,1,DAYLIGHT,12,MOTOR VEHICLE IN TRANSPORT,BRILEY PKWYW & BUENA VISTA PKE,NASHVILLE,TN,37218,3220,NORTH,36.2325,-86.8259,POINT (-86.8259 36.2325)
20190173887,03/05/2019 07:30:00 AM,2,0,0,,Y,628640,4,ANGLE,21,CLEAR,1,DAYLIGHT,12,MOTOR VEHICLE IN TRANSPORT,BRILEY PKWYS & BRILEY PKWYN,NASHVILLE,TN,37218,3212,NORTH,36.2142,-86.8724,POINT (-86.8724 36.2142)
20190388516,05/21/2019 03:39:00 PM,2,0,0,,N,206675,6,SIDESWIPE - OPPOSITE DIRECTION,21,CLEAR,1,DAYLIGHT,12,MOTOR VEHICLE IN TRANSPORT,THOMPSON LN & LOUISE DR,NASHVILLE,TN,37211,8521,MIDTOW,36.1111,-86.7479,POINT (-86.7479 36.1111)
20190319469,04/25/2019 12:43:00 PM,4,1,0,,N,876581,4,ANGLE,22,CLOUDY,1,DAYLIGHT,12,MOTOR VEHICLE IN TRANSPORT,TWIN HILLS DR & GALLATIN PKEN,MADISON,TN,37115,1731,MADISO,36.3021,-86.6927,POINT (-86.6927 36.3021)
20190377411,05/17/2019 06:55:00 AM,2,0,0,,N,226622,11,Front to Rear,21,CLEAR,1,DAYLIGHT,12,MOTOR VEHICLE IN TRANSPORT,MM 193 2 I 40,NASHVILLE,TN,37221,4804,WEST,36.0772,-87.0078,POINT (-87.0078 36.0772)
20190145670,02/22/2019 05:26:00 PM,2,0,0,,N,184870,4,ANGLE,2,RAIN,3,DARK - LIGHTED,12,MOTOR VEHICLE IN TRANSPORT,SHARONDALE DR & WOODLAWN DR,NASHVILLE,TN,37215,6001,WEST,36.1251,-86.816,POINT (-86.816 36.1251)
20190369376,05/14/2019 04:49:00 PM,2,1,0,,N,330413,4,ANGLE,21,CLEAR,1,DAYLIGHT,12,MOTOR VEHICLE IN TRANSPORT,HARDING PL & TROUSDALE DR,NASHVILLE,TN,37220,8601,MIDTOW,36.0811,-86.7584,POINT (-86.7584 36.0811)
20190356388,05/09/2019 01:34:00 PM,4,2,0,,N,320575,11,Front to Rear,5,FOG,1,DAYLIGHT,12,MOTOR VEHICLE IN TRANSPORT,MM 56 5 I 24,NASHVILLE,TN,37211,8708,SOUTH,36.0756,-86.6938,POINT (-86.6938 36.0756)
20190145801,02/22/2019 06:24:00 PM,3,1,0,,N,620080,11,Front to Rear,2,RAIN,3,DARK - LIGHTED,12,MOTOR VEHICLE IN TRANSPORT,I24E & I24 E ENT RAMP,NASHVILLE,TN,37210,8102,SOUTH,36.1363,-86.727,POINT (-86.727 36.1363)
20190564284,07/29/2019 01:02:00 PM,1,0,0,Y,N,109534,0,NOT COLLISION W/MOTOR VEHICLE-TRANSPORT,21,CLEAR,1,DAYLIGHT,18,OTHER OBJECT (NOT FIXED),EMERY DR & COLFAX DR,NASHVILLE,TN,37214,9421,HERMIT,36.1562,-86.6586,POINT (-86.6586 36.1562)
20190550686,07/23/2019 10:25:00 PM,2,0,0,,N,429193,4,ANGLE,21,CLEAR,3,DARK - LIGHTED,12,MOTOR VEHICLE IN TRANSPORT,MM 203 4 I 40 W,NASHVILLE,TN,37209,4679,WEST,36.1507,-86.8675,POINT (-86.8675 36.1507)
20190462893,06/18/2019 05:40:00 PM,2,0,0,,Y,206675,11,Front to Rear,21,CLEAR,1,DAYLIGHT,12,MOTOR VEHICLE IN TRANSPORT,MM 3 2 I 440,NASHVILLE,TN,37215,6422,MIDTOW,36.1177,-86.8005,POINT (-86.8005 36.1177)
20190565039,07/29/2019 07:42:00 PM,1,0,0,Y,N,206958,0,NOT COLLISION W/MOTOR VEHICLE-TRANSPORT,21,CLEAR,5,DUSK,40,MAIL BOX,CARTER AV & PRESTON DR,NASHVILLE,TN,37206,1359,EAST,36.1884,-86.7179,POINT (-86.7179 36.1884)
20190308302,04/22/2019 07:13:00 AM,2,0,0,,N,191578,11,Front to Rear,21,CLEAR,1,DAYLIGHT,12,MOTOR VEHICLE IN TRANSPORT,MM 211 7 I 40,NASHVILLE,TN,37210,82042,HERMIT,36.1499,-86.7483,POINT (-86.7483 36.1499)
20190175110,03/05/2019 03:45:00 PM,2,0,0,,N,267831,4,ANGLE,21,CLEAR,1,DAYLIGHT,12,MOTOR VEHICLE IN TRANSPORT,HARDING PKE & PAGE RD,NASHVILLE,TN,37205,6201,WEST,36.1006,-86.871,POINT (-86.871 36.1006)
20190520138,07/11/2019 03:18:00 PM,2,0,0,,N,134899,11,Front to Rear,21,CLEAR,1,DAYLIGHT,12,MOTOR VEHICLE IN TRANSPORT,BRILEY PKWY N EXT RAMP & LEBANON PKE,NASHVILLE,TN,37214,9121,HERMIT,36.1684,-86.688,POINT (-86.688 36.1684)
20190037134,01/15/2019 06:30:00 AM,2,0,0,,Y,226136,11,Front to Rear,22,CLOUDY,7,Dark-Unknown Lighting,12,MOTOR VEHICLE IN TRANSPORT,NOLENSVILLE PKE & BREWER DR,NASHVILLE,TN,37211,8715,SOUTH,36.0535,-86.715,POINT (-86.715 36.0535)
20190575438,08/02/2019 05:07:00 PM,2,0,0,,N,151132,4,ANGLE,21,CLEAR,1,DAYLIGHT,12,MOTOR VEHICLE IN TRANSPORT,DICKERSON PKE & OLD HICKORY BLVD,NASHVILLE,TN,37207,2133,MADISO,36.2693,-86.7557,POINT (-86.7557 36.2693)
20190289371,04/15/2019 03:55:00 PM,2,0,0,,Y,311344,4,ANGLE,21,CLEAR,1,DAYLIGHT,12,MOTOR VEHICLE IN TRANSPORT,CHEYENNE BLVD & MANZANO RD,MADISON,TN,37115,1635,MADISO,36.2575,-86.6777,POINT (-86.6777 36.2575)
20190166265,03/02/2019 07:32:00 AM,1,1,0,Y,N,468030,0,NOT COLLISION W/MOTOR VEHICLE-TRANSPORT,22,CLOUDY,1,DAYLIGHT,72,EMBANKMENT ROCK/STONE/CONCRETE,PORTER RD & ROSEBANK AV,NASHVILLE,TN,37206,1375,EAST,36.1955,-86.7089,POINT (-86.7089 36.1955)
20190526969,07/14/2019 04:28:00 PM,1,1,0,,Y,299257,0,NOT COLLISION W/MOTOR VEHICLE-TRANSPORT,21,CLEAR,1,DAYLIGHT,8,PEDESTRIAN,SUMMIT AV & 12TH AVS,NASHVILLE,TN,37203,6911,MIDTOW,36.1387,-86.7875,POINT (-86.7875 36.1387)
20190010031,01/04/2019 05:43:00 PM,3,1,0,,N,212343,11,Front to Rear,21,CLEAR,7,Dark-Unknown Lighting,12,MOTOR VEHICLE IN TRANSPORT,MM 86 3 I 65,NASHVILLE,TN,37207,1910,CENTRA,36.1919,-86.7808,POINT (-86.7808 36.1919)
20190347640,05/06/2019 02:30:00 PM,2,0,0,,N,134871,4,ANGLE,21,CLEAR,1,DAYLIGHT,12,MOTOR VEHICLE IN TRANSPORT,5TH AVS & KOREAN VETERANS BLVD,NASHVILLE,TN,37203,4057,CENTRA,36.157,-86.7762,POINT (-86.7762 36.157)
20190540593,07/19/2019 06:25:00 PM,3,0,0,,Y,311337,4,ANGLE,21,CLEAR,1,DAYLIGHT,12,MOTOR VEHICLE IN TRANSPORT,MM 215 0 I 40,NASHVILLE,TN,37214,91021,HERMIT,36.1444,-86.6948,POINT (-86.6948 36.1444)
20190365482,05/13/2019 08:50:00 AM,2,0,0,,N,352159,4,ANGLE,21,CLEAR,1,DAYLIGHT,12,MOTOR VEHICLE IN TRANSPORT,3RD AVN & JAMES ROBERTSON PKWY,NASHVILLE,TN,37201,4201,CENTRA,36.1674,-86.7797,POINT (-86.7797 36.1674)
20190205103,03/16/2019 05:28:00 AM,1,1,0,,N,299274,0,NOT COLLISION W/MOTOR VEHICLE-TRANSPORT,22,CLOUDY,2,DARK - NOT LIGHTED,8,PEDESTRIAN,LAFAYETTE ST & CLAIBORNE ST,NASHVILLE,TN,37210,8147,SOUTH,36.1483,-86.7609,POINT (-86.7609 36.1483)
20190149887,02/24/2019 12:15:00 PM,2,1,0,,N,572251,4,ANGLE,21,CLEAR,1,DAYLIGHT,12,MOTOR VEHICLE IN TRANSPORT,BRIARVILLE RD & LEWIS RD,MADISON,TN,37115,1791,MADISO,36.2446,-86.7362,POINT (-86.7362 36.2446)
20190009700,01/04/2019 12:00:00 AM,2,0,0,,N,279200,5,SIDESWIPE - SAME DIRECTION,22,CLOUDY,1,DAYLIGHT,14,PARKED MOTOR VEHICLE,BROADWAY & 5TH AVS,NASHVILLE,TN,37203,4089,CENTRA,36.1605,-86.7784,POINT (-86.7784 36.1605)
20190488433,06/28/2019 10:30:00 AM,3,1,0,,Y,320601,11,Front to Rear,21,CLEAR,1,DAYLIGHT,12,MOTOR VEHICLE IN TRANSPORT,I440 W ENT RAMP & I 24,NASHVILLE,TN,37217,8801,SOUTH,36.1232,-86.7263,POINT (-86.7263 36.1232)
20190568721,07/31/2019 07:40:00 AM,2,1,0,,N,676834,11,Front to Rear,21,CLEAR,1,DAYLIGHT,12,MOTOR VEHICLE IN TRANSPORT,ROSA L PARKS BLVD & I65 S EXT RAMP,NASHVILLE,TN,37208,4405,NORTH,36.1861,-86.7984,POINT (-86.7984 36.1861)
20190364215,05/12/2019 07:53:00 PM,2,1,0,,N,240989,11,Front to Rear,21,CLEAR,3,DARK - LIGHTED,12,MOTOR VEHICLE IN TRANSPORT,GALLATIN PKEN & ONE MILE PKWY,MADISON,TN,37115,1717,MADISO,36.2794,-86.7088,POINT (-86.7088 36.2794)
20190539496,07/19/2019 09:59:00 AM,2,3,0,,N,299243,4,ANGLE,21,CLEAR,1,DAYLIGHT,12,MOTOR VEHICLE IN TRANSPORT,ROSA L PARKS BLVD & 10TH CIRN,NASHVILLE,TN,37203,4209,CENTRA,36.1678,-86.7879,POINT (-86.7879 36.1678)
20190292883,04/16/2019 05:14:00 PM,2,1,0,,Y,151132,11,Front to Rear,21,CLEAR,1,DAYLIGHT,12,MOTOR VEHICLE IN TRANSPORT,BRILEY PKWY W EXT RAMP & BRICK CHURCH PK,NASHVILLE,TN,37207,2033,MADISO,36.2397,-86.7808,POINT (-86.7808 36.2397)
20190087032,02/01/2019 04:09:00 PM,2,0,0,,N,256389,11,Front to Rear,21,CLEAR,1,DAYLIGHT,12,MOTOR VEHICLE IN TRANSPORT,MM 209 7 I 40,NASHVILLE,TN,37203,4004,CENTRA,36.1492,-86.7812,POINT (-86.7812 36.1492)
20190041431,01/16/2019 02:35:00 PM,2,0,0,,N,226136,11,Front to Rear,22,CLOUDY,1,DAYLIGHT,12,MOTOR VEHICLE IN TRANSPORT,HORTON AV & 17TH AVS,NASHVILLE,TN,37212,6627,MIDTOW,36.1409,-86.7949,POINT (-86.7949 36.1409)
20190547128,07/22/2019 03:31:00 PM,2,0,0,,N,256380,11,Front to Rear,2,RAIN,1,DAYLIGHT,12,MOTOR VEHICLE IN TRANSPORT,VANTAGE WAY & FRENCH LANDING DR,NASHVILLE,TN,37228,4499,NORTH,36.1912,-86.7971,POINT (-86.7971 36.1912)
20190564748,07/29/2019 05:08:00 PM,2,5,1,,N,690942,4,ANGLE,21,CLEAR,1,DAYLIGHT,12,MOTOR VEHICLE IN TRANSPORT,4TH AVS & ELM ST,NASHVILLE,TN,37210,4005,CENTRA,36.1533,-86.7722,POINT (-86.7722 36.1533)
20190434976,06/07/2019 07:02:00 PM,2,0,0,,N,330428,4,ANGLE,22,CLOUDY,1,DAYLIGHT,14,PARKED MOTOR VEHICLE,CLIFTON AV & 40TH AVN,NASHVILLE,TN,37209,4547,WEST,36.1571,-86.8343,POINT (-86.8343 36.1571)
20190393746,05/23/2019 08:40:00 AM,3,0,0,,Y,320595,4,ANGLE,21,CLEAR,1,DAYLIGHT,12,MOTOR VEHICLE IN TRANSPORT,BRILEY PKWYN & BRILEY PKWYW,NASHVILLE,TN,37214,92860,HERMIT,36.2318,-86.7003,POINT (-86.7003 36.2318)
20190340712,05/03/2019 01:03:00 PM,2,1,0,,N,352158,4,ANGLE,22,CLOUDY,1,DAYLIGHT,12,MOTOR VEHICLE IN TRANSPORT,SAINDON ST & HIGH ST,NASHVILLE,TN,37211,8515,MIDTOW,36.1005,-86.7431,POINT (-86.7431 36.1005)
20190040484,01/16/2019 08:00:00 AM,2,0,0,,Y,166478,4,ANGLE,21,CLEAR,1,DAYLIGHT,12,MOTOR VEHICLE IN TRANSPORT,10TH AVN & CHEATHAM PL,NASHVILLE,TN,37208,4327,NORTH,36.1765,-86.7979,POINT (-86.7979 36.1765)
20190152197,02/25/2019 11:15:00 AM,2,0,0,,N,226622,11,Front to Rear,21,CLEAR,1,DAYLIGHT,12,MOTOR VEHICLE IN TRANSPORT,HARDING PKE & RIDGEFIELD WAY,NASHVILLE,TN,37205,6021,WEST,36.1264,-86.8456,POINT (-86.8456 36.1264)
20190542491,07/20/2019 01:56:00 PM,2,1,0,,N,584947,4,ANGLE,21,CLEAR,1,DAYLIGHT,12,MOTOR VEHICLE IN TRANSPORT,WOODETT DR & ASHLEY DR,NASHVILLE,TN,37211,8653,MIDTOW,36.0533,-86.732,POINT (-86.732 36.0533)
20190018373,01/08/2019 07:55:00 AM,1,1,0,,N,676834,0,NOT COLLISION W/MOTOR VEHICLE-TRANSPORT,22,CLOUDY,1,DAYLIGHT,1,,ROSA L PARKS BLVD & DOMINICAN DR,NASHVILLE,TN,37208,4403,NORTH,36.1879,-86.7985,POINT (-86.7985 36.1879)
20190489346,06/28/2019 06:15:00 PM,2,1,0,,N,330413,4,ANGLE,21,CLEAR,1,DAYLIGHT,12,MOTOR VEHICLE IN TRANSPORT,HIGHWAY 100 & OLD HICKORY BLVD,NASHVILLE,TN,37221,6213,WEST,36.0609,-86.9153,POINT (-86.9153 36.0609)
20190048336,01/18/2019 11:20:00 PM,2,0,0,,Y,320578,11,Front to Rear,21,CLEAR,3,DARK - LIGHTED,14,PARKED MOTOR VEHICLE,CEDAR POINTE PKWY & BELL RD,ANTIOCH,TN,37013,8721,SOUTH,36.0451,-86.6671,POINT (-86.6671 36.0451)
20190406483,05/28/2019 07:48:00 AM,2,0,0,,N,279230,2,HEAD-ON,21,CLEAR,1,DAYLIGHT,12,MOTOR VEHICLE IN TRANSPORT,ANTIOCH PKE & HAYWOOD LN,ANTIOCH,TN,37013,8899,SOUTH,36.0703,-86.6845,POINT (-86.6845 36.0703)
20190091412,02/03/2019 03:00:00 PM,2,0,0,,N,299266,11,Front to Rear,21,CLEAR,1,DAYLIGHT,12,MOTOR VEHICLE IN TRANSPORT,I24 E EXT RAMP & I 24,NASHVILLE,TN,37207,30080,NORTH,36.2378,-86.7872,POINT (-86.7872 36.2378)
20190236757,03/27/2019 06:15:00 AM,5,0,0,,Y,226098,11,Front to Rear,21,CLEAR,1,DAYLIGHT,12,MOTOR VEHICLE IN TRANSPORT,MM 41 0 I 24,WHITES CREEK,TN,37189,3226,NORTH,36.2715,-86.7951,POINT (-86.7951 36.2715)
20190009698,01/04/2019 02:24:00 PM,2,0,0,,Y,206675,11,Front to Rear,21,CLEAR,1,DAYLIGHT,12,MOTOR VEHICLE IN TRANSPORT,MM 4 0 I 440,NASHVILLE,TN,37204,7010,MIDTOW,36.1161,-86.7901,POINT (-86.7901 36.1161)
20190404211,05/27/2019 10:30:00 AM,2,0,0,,Y,343522,5,SIDESWIPE - SAME DIRECTION,21,CLEAR,1,DAYLIGHT,12,MOTOR VEHICLE IN TRANSPORT,MM 196 1 I 40,NASHVILLE,TN,37221,4704,WEST,36.0797,-86.9598,POINT (-86.9598 36.0797)
20190457159,06/16/2019 12:33:00 PM,2,0,0,,Y,320601,11,Front to Rear,21,CLEAR,1,DAYLIGHT,12,MOTOR VEHICLE IN TRANSPORT,MT VIEW RD & BELL RD,ANTIOCH,TN,37013,8865,SOUTH,36.05,-86.6496,POINT (-86.6496 36.05)
20190203493,03/15/2019 02:53:00 PM,2,0,0,,N,717341,11,Front to Rear,21,CLEAR,1,DAYLIGHT,12,MOTOR VEHICLE IN TRANSPORT,THOMPSON LN & SIMMONS AV,NASHVILLE,TN,37211,8425,SOUTH,36.1106,-86.7413,POINT (-86.7413 36.1106)
20190375462,05/16/2019 03:11:00 PM,2,0,0,,N,579971,11,Front to Rear,21,CLEAR,1,DAYLIGHT,12,MOTOR VEHICLE IN TRANSPORT,I24 E ENT RAMP & I24 E EXT RAMP,NASHVILLE,TN,37211,8707,SOUTH,36.0852,-86.7023,POINT (-86.7023 36.0852)