Accident Number,Date and Time,Number of Motor Vehicles,Number of Injuries,Number of Fatalities,Property Damage,Hit and Run,Reporting Officer,Collision Type Code,Collision Type Description,Weather Code,Weather Description,Illumination Code,Illumination Description,Harmful Code,Harmful Code Description,Street Address,City,State,ZIP,RPA,Precinct,Latitude,Longitude,Mapped Location
20190577817,08/03/2019 12:00:00 AM,2,0,0,,Y,298868,4,ANGLE,2,RAIN,1,DAYLIGHT,12,MOTOR VEHICLE IN TRANSPORT,53RD AVN & CHARLOTTE AV,NASHVILLE,TN,37209,5121,WEST,36.1519,-86.8512,POINT (-86.8512 36.1519)
20190068299,01/26/2019 10:54:00 AM,2,0,0,,N,591933,2,HEAD-ON,21,CLEAR,1,DAYLIGHT,12,MOTOR VEHICLE IN TRANSPORT,MURFREESBORO PKE & MOUNTAIN SPRINGS RD,ANTIOCH,TN,37013,8927,SOUTH,36.0478,-86.6121,POINT (-86.6121 36.0478)
20190230275,03/25/2019 06:45:00 AM,2,3,0,,N,224955,4,ANGLE,22,CLOUDY,1,DAYLIGHT,12,MOTOR VEHICLE IN TRANSPORT,NESBITT DR & DICKERSON PKE,MADISON,TN,37115,2131,MADISO,36.2776,-86.7508,POINT (-86.7508 36.2776)
20190138898,02/20/2019 02:08:00 PM,1,2,0,,N,109534,0,NOT COLLISION W/MOTOR VEHICLE-TRANSPORT,22,CLOUDY,1,DAYLIGHT,25;34,GUARDRAIL END;DITCH,SMITH SPRINGS RD & UNA RECREATION RD,NASHVILLE,TN,37217,8941,HERMIT,36.0967,-86.641,POINT (-86.641 36.0967)
20190379728,05/18/2019 01:10:00 AM,2,0,0,,N,229888,11,Front to Rear,21,CLEAR,3,DARK - LIGHTED,12,MOTOR VEHICLE IN TRANSPORT,GALLATIN AV & CAHAL AV,NASHVILLE,TN,37206,1331,EAST,36.196,-86.7426,POINT (-86.7426 36.196)
20190441386,06/10/2019 02:53:00 PM,2,0,0,,N,267831,4,ANGLE,22,CLOUDY,1,DAYLIGHT,12,MOTOR VEHICLE IN TRANSPORT,WOODMONT BLVD & VALLEY BROOK RD,NASHVILLE,TN,37215,6105,WEST,36.1141,-86.8121,POINT (-86.8121 36.1141)
20190533938,07/17/2019 08:25:00 AM,2,1,0,,N,402660,11,Front to Rear,22,CLOUDY,1,DAYLIGHT,12,MOTOR VEHICLE IN TRANSPORT,WEST END AV & CRAIGHEAD AV,NASHVILLE,TN,37205,5211,WEST,36.134,-86.827,POINT (-86.827 36.134)
20190284088,04/13/2019 12:55:00 PM,2,2,0,,Y,572251,4,ANGLE,22,CLOUDY,1,DAYLIGHT,12,MOTOR VEHICLE IN TRANSPORT,GALLATIN PKEN & ANDERSON LN,MADISON,TN,37115,1729,MADISO,36.2736,-86.71,POINT (-86.71 36.2736)
20190428657,06/05/2019 11:52:00 AM,2,0,0,,N,665896,11,Front to Rear,21,CLEAR,1,DAYLIGHT,12,MOTOR VEHICLE IN TRANSPORT,SPRING ST & S 5TH ST,NASHVILLE,TN,37206,1113,EAST,36.1728,-86.7653,POINT (-86.7653 36.1728)
20190326541,04/28/2019 12:30:00 AM,1,0,0,Y,Y,343522,0,NOT COLLISION W/MOTOR VEHICLE-TRANSPORT,21,CLEAR,3,DARK - LIGHTED,40,MAIL BOX,BASSWOOD AV & FORDOMATIC DR,NASHVILLE,TN,37209,4689,WEST,36.1524,-86.8857,POINT (-86.8857 36.1524)
20190001260,01/01/2019 02:56:00 PM,2,0,0,,N,206675,11,Front to Rear,21,CLEAR,1,DAYLIGHT,12,MOTOR VEHICLE IN TRANSPORT,20TH AVS & 20TH AVN,NASHVILLE,TN,37203,5709,MIDTOW,36.1514,-86.7993,POINT (-86.7993 36.1514)
20190212932,03/19/2019 07:52:00 AM,2,0,0,,Y,330419,5,SIDESWIPE - SAME DIRECTION,21,CLEAR,1,DAYLIGHT,12,MOTOR VEHICLE IN TRANSPORT,SHELBY AV & S 6TH ST,NASHVILLE,TN,37206,1043,EAST,36.1664,-86.8056,POINT (-86.8056 36.1664)
20190112481,02/11/2019 10:24:00 AM,1,1,0,Y,N,109534,0,NOT COLLISION W/MOTOR VEHICLE-TRANSPORT,22,CLOUDY,1,DAYLIGHT,30;34,UTILITY POLE;DITCH,MURFREESBORO PKE & OLD MURFREESBORO PKE,NASHVILLE,TN,37217,8849,SOUTH,36.1046,-86.6694,POINT (-86.6694 36.1046)
20190436002,06/08/2019 04:26:00 AM,1,0,0,,N,320590,0,NOT COLLISION W/MOTOR VEHICLE-TRANSPORT,21,CLEAR,3,DARK - LIGHTED,24,GUARDRAIL FACE,MM 86 5 I 65,NASHVILLE,TN,37207,3006,NORTH,36.1946,-86.7762,POINT (-86.7762 36.1946)
20190372299,05/15/2019 03:20:00 PM,1,1,0,,N,807344,0,NOT COLLISION W/MOTOR VEHICLE-TRANSPORT,21,CLEAR,1,DAYLIGHT,8,PEDESTRIAN,6TH AVN & CHURCH ST,NASHVILLE,TN,37219,4125,CENTRA,36.1626,-86.7814,POINT (-86.7814 36.1626)
20190095966,02/05/2019 06:52:00 AM,2,0,0,,N,320574,11,Front to Rear,21,CLEAR,4,DAWN,12,MOTOR VEHICLE IN TRANSPORT,ELM HILL PKE & MCCRORY CREEK RD,NASHVILLE,TN,37214,9413,HERMIT,36.1437,-86.6553,POINT (-86.6553 36.1437)
20190265186,04/06/2019 12:25:00 PM,1,1,0,Y,N,402660,0,NOT COLLISION W/MOTOR VEHICLE-TRANSPORT,21,CLEAR,1,DAYLIGHT,32;38,CULVERT;FENCE,MARLIN AV & SHARONDALE DR,NASHVILLE,TN,37215,6003,WEST,36.1261,-86.8164,POINT (-86.8164 36.1261)
20190468475,06/20/2019 03:09:00 PM,2,2,0,,N,256379,11,Front to Rear,21,CLEAR,1,DAYLIGHT,12,MOTOR VEHICLE IN TRANSPORT,MM 53 6 I 24,NASHVILLE,TN,37211,83021,SOUTH,36.1114,-86.7229,POINT (-86.7229 36.1114)
20190544446,07/21/2019 12:18:00 PM,2,0,0,,Y,179602,11,Front to Rear,2,RAIN,1,DAYLIGHT,12,MOTOR VEHICLE IN TRANSPORT,I65 S ENT RAMP & I 65,NASHVILLE,TN,37207,3007,NORTH,36.2057,-86.778,POINT (-86.778 36.2057)
20190485146,06/27/2019 06:11:00 AM,2,2,0,,N,716886,4,ANGLE,21,CLEAR,1,DAYLIGHT,12,MOTOR VEHICLE IN TRANSPORT,TAMPA DR & HARDING PL,NASHVILLE,TN,37211,8705,SOUTH,36.0827,-86.7105,POINT (-86.7105 36.0827)
20190013917,01/06/2019 12:58:00 PM,2,0,0,,N,279110,5,SIDESWIPE - SAME DIRECTION,21,CLEAR,1,DAYLIGHT,12,MOTOR VEHICLE IN TRANSPORT,EAST THOMPSON LN & EAST THOMPSON LN PVTD,NASHVILLE,TN,37211,8337,SOUTH,36.1098,-86.7277,POINT (-86.7277 36.1098)
20190447063,06/12/2019 02:33:00 PM,1,0,0,Y,N,676834,0,NOT COLLISION W/MOTOR VEHICLE-TRANSPORT,21,CLEAR,1,DAYLIGHT,30,UTILITY POLE,1600 BUCHANAN ST,NASHVILLE,TN,37208,4413,NORTH,36.1801,-86.8098,POINT (-86.8098 36.1801)
20190102546,02/07/2019 08:45:00 AM,2,0,0,,N,330415,11,Front to Rear,22,CLOUDY,1,DAYLIGHT,12,MOTOR VEHICLE IN TRANSPORT,BRILEY PKWY & I40 E ENT RAMP,NASHVILLE,TN,37217,88940,HERMIT,36.1398,-86.7003,POINT (-86.7003 36.1398)
20190167322,03/02/2019 06:22:00 PM,2,2,0,,N,212346,11,Front to Rear,21,CLEAR,3,DARK - LIGHTED,12,MOTOR VEHICLE IN TRANSPORT,MM 49 2 I 24,NASHVILLE,TN,37213,1002,CENTRA,36.1637,-86.7625,POINT (-86.7625 36.1637)
20190537546,07/18/2019 03:21:00 PM,2,0,0,,Y,151132,11,Front to Rear,22,CLOUDY,1,DAYLIGHT,12,MOTOR VEHICLE IN TRANSPORT,GALLATIN PKEN & EDENWOLD RD,MADISON,TN,37115,1721,MADISO,36.2885,-86.7047,POINT (-86.7047 36.2885)
20190538427,07/18/2019 10:50:00 PM,2,0,0,,N,197067,4,ANGLE,21,CLEAR,3,DARK - LIGHTED,12,MOTOR VEHICLE IN TRANSPORT,8TH AVS & DEMONBREUN ST,NASHVILLE,TN,37203,4041,CENTRA,36.1569,-86.7808,POINT (-86.7808 36.1569)
20190335244,05/01/2019 01:55:00 PM,2,1,0,,N,352159,4,ANGLE,22,CLOUDY,1,DAYLIGHT,12,MOTOR VEHICLE IN TRANSPORT,2ND AVS & DEMONBREUN ST,NASHVILLE,TN,37201,4063,CENTRA,36.16,-86.7739,POINT (-86.7739 36.16)
20190503795,07/04/2019 09:18:00 AM,1,0,0,,N,462474,0,NOT COLLISION W/MOTOR VEHICLE-TRANSPORT,21,CLEAR,1,DAYLIGHT,36,CONCRETE TRAFFIC BARRIER,MM 1 3 I 440,NASHVILLE,TN,37205,5242,WEST,36.1385,-86.8226,POINT (-86.8226 36.1385)
20190302449,04/19/2019 03:31:00 PM,1,0,0,Y,N,256383,0,NOT COLLISION W/MOTOR VEHICLE-TRANSPORT,2,RAIN,1,DAYLIGHT,38,FENCE,LEESHAN CT & TUSCULUM RD,ANTIOCH,TN,37013,8713,SOUTH,36.0528,-86.686,POINT (-86.686 36.0528)
20190520413,07/11/2019 09:00:00 AM,2,0,0,,Y,299238,9,UNKNOWN,21,CLEAR,1,DAYLIGHT,12;14,MOTOR VEHICLE IN TRANSPORT;PARKED MOTOR VEHICLE,BOSCOBEL ST & PROSPECT ST,NASHVILLE,TN,37206,1125,EAST,36.1723,-86.7534,POINT (-86.7534 36.1723)
20190521771,07/12/2019 07:47:00 AM,2,3,0,,N,665896,11,Front to Rear,21,CLEAR,1,DAYLIGHT,12,MOTOR VEHICLE IN TRANSPORT,GALLATIN PKE & FAIRWIN AV,NASHVILLE,TN,37216,1401,EAST,36.1977,-86.7417,POINT (-86.7417 36.1977)
20190021330,01/09/2019 07:57:00 AM,2,0,0,,N,226673,11,Front to Rear,21,CLEAR,1,DAYLIGHT,12,MOTOR VEHICLE IN TRANSPORT,BROADWAY & 11TH AVN,NASHVILLE,TN,37203,4077,CENTRA,36.1574,-86.7856,POINT (-86.7856 36.1574)
20190243478,03/29/2019 10:46:00 AM,2,0,0,,N,716886,11,Front to Rear,21,CLEAR,1,DAYLIGHT,12,MOTOR VEHICLE IN TRANSPORT,HOBSON PKE & MURFREESBORO PKE,ANTIOCH,TN,37013,8867,SOUTH,36.043,-86.6066,POINT (-86.6066 36.043)
20190046735,01/18/2019 10:34:00 AM,2,1,0,,N,769379,5,SIDESWIPE - SAME DIRECTION,21,CLEAR,1,DAYLIGHT,12,MOTOR VEHICLE IN TRANSPORT,HARDING PL & NOLENSVILLE PKE,NASHVILLE,TN,37211,8705,SOUTH,36.0797,-86.7261,POINT (-86.7261 36.0797)
20190251663,04/01/2019 06:16:00 PM,2,0,0,,N,256448,4,ANGLE,21,CLEAR,1,DAYLIGHT,12,MOTOR VEHICLE IN TRANSPORT,LEBANON PKE & BONNASPRING DR,HERMITAGE,TN,37076,9613,HERMIT,36.1776,-86.6059,POINT (-86.6059 36.1776)
20190102776,02/07/2019 10:30:00 AM,2,0,0,,N,630627,11,Front to Rear,22,CLOUDY,1,DAYLIGHT,12,MOTOR VEHICLE IN TRANSPORT,WEST END AV & 23RD AVN,NASHVILLE,TN,37203,5715,MIDTOW,36.1489,-86.8046,POINT (-86.8046 36.1489)
20190487935,06/28/2019 06:55:00 AM,2,0,0,,N,876581,5,SIDESWIPE - SAME DIRECTION,21,CLEAR,1,DAYLIGHT,12,MOTOR VEHICLE IN TRANSPORT,I65 N EXT RAMP & I65 N ENT RAMP,NASHVILLE,TN,37207,1863,EAST,36.2061,-86.774,POINT (-86.774 36.2061)
20190505009,07/04/2019 12:00:00 AM,2,0,0,,N,298877,5,SIDESWIPE - SAME DIRECTION,21,CLEAR,3,DARK - LIGHTED,12,MOTOR VEHICLE IN TRANSPORT,NOLENSVILLE PKE & I440 E ENT RAMP,NASHVILLE,TN,37210,8319,SOUTH,36.1203,-86.7499,POINT (-86.7499 36.1203)
20190296231,04/17/2019 04:08:00 PM,2,0,0,,Y,330435,4,ANGLE,21,CLEAR,1,DAYLIGHT,12,MOTOR VEHICLE IN TRANSPORT,GALLATIN PKE & GILLOCK ST,NASHVILLE,TN,37216,1817,EAST,36.2141,-86.7308,POINT (-86.7308 36.2141)
20190261190,04/04/2019 12:00:00 AM,2,0,0,,Y,191573,98,OTHER,22,CLOUDY,3,DARK - LIGHTED,12;14,MOTOR VEHICLE IN TRANSPORT;PARKED MOTOR VEHICLE,7TH AVS & MIDDLETON ST,NASHVILLE,TN,37203,4025,CENTRA,36.1519,-86.7777,POINT (-86.7777 36.1519)
20190235494,03/26/2019 07:30:00 PM,2,0,0,Y,N,256374,4,ANGLE,21,CLEAR,3,DARK - LIGHTED,12;19;38,MOTOR VEHICLE IN TRANSPORT;BUILDING;FENCE,HICKORY PARK DR & SYCAMORE CT,ANTIOCH,TN,37013,8753,SOUTH,36.043,-86.6707,POINT (-86.6707 36.043)
20190068810,01/26/2019 05:00:00 PM,2,0,0,,Y,212330,9,UNKNOWN,21,CLEAR,5,DUSK,12;14,MOTOR VEHICLE IN TRANSPORT;PARKED MOTOR VEHICLE,REISCHA DR & PARAGON MILLS RD,NASHVILLE,TN,37211,8443,SOUTH,36.0868,-86.7047,POINT (-86.7047 36.0868)
20190045925,06/17/2019 02:02:00 PM,2,0,0,,Y,690942,4,ANGLE,21,CLEAR,1,DAYLIGHT,12;99,MOTOR VEHICLE IN TRANSPORT;UNKNOWN MOST HARMFUL EVENT,PINE ST & 12TH AVS,NASHVILLE,TN,37203,4015,CENTRA,36.1522,-86.7858,POINT (-86.7858 36.1522)
20190130832,02/17/2019 10:26:00 PM,2,1,0,,Y,256391,11,Front to Rear,21,CLEAR,3,DARK - LIGHTED,12,MOTOR VEHICLE IN TRANSPORT,MM 88 4 I 65,NASHVILLE,TN,37207,30040,NORTH,36.2217,-86.7746,POINT (-86.7746 36.2217)
20190529426,07/15/2019 12:00:00 AM,2,0,0,,Y,256379,11,Front to Rear,2,RAIN,1,DAYLIGHT,12,MOTOR VEHICLE IN TRANSPORT,THOMPSON LN & ELIZABETH ST,NASHVILLE,TN,37211,8519,MIDTOW,36.111,-86.7459,POINT (-86.7459 36.111)
20190536800,07/18/2019 09:22:00 AM,2,0,0,,Y,481573,4,ANGLE,21,CLEAR,1,DAYLIGHT,12,MOTOR VEHICLE IN TRANSPORT,W LINDEN AV & 26TH AVS,NASHVILLE,TN,37212,5911,MIDTOW,36.1282,-86.8103,POINT (-86.8103 36.1282)
20190463005,06/18/2019 06:25:00 PM,2,2,0,,N,717341,4,ANGLE,21,CLEAR,1,DAYLIGHT,12,MOTOR VEHICLE IN TRANSPORT,NOLENSVILLE PKE & PARAGON MILLS RD,NASHVILLE,TN,37211,8421,SOUTH,36.0848,-86.7281,POINT (-86.7281 36.0848)
20190395388,05/23/2019 06:55:00 PM,2,0,0,,N,579971,5,SIDESWIPE - SAME DIRECTION,21,CLEAR,1,DAYLIGHT,12,MOTOR VEHICLE IN TRANSPORT,BELL RD & CEDAR POINTE PKWY,ANTIOCH,TN,37013,8753,SOUTH,36.0449,-86.6671,POINT (-86.6671 36.0449)
20190530979,07/16/2019 07:19:00 AM,2,0,0,,N,226622,98,OTHER,22,CLOUDY,1,DAYLIGHT,12,MOTOR VEHICLE IN TRANSPORT,OLD HICKORY BLVD & I40 E EXT RAMP,HERMITAGE,TN,37076,9561,HERMIT,36.178,-86.6051,POINT (-86.6051 36.178)
20190139375,02/20/2019 05:21:00 PM,2,0,0,,Y,197054,11,Front to Rear,2,RAIN,1,DAYLIGHT,12,MOTOR VEHICLE IN TRANSPORT,MM 215 5 I 40,NASHVILLE,TN,37217,89020,HERMIT,36.1432,-86.6865,POINT (-86.6865 36.1432)
20190139496,02/20/2019 06:15:00 PM,2,0,0,,Y,267831,98,OTHER,22,CLOUDY,3,DARK - LIGHTED,12,MOTOR VEHICLE IN TRANSPORT,WEST END AV & ACKLEN PARK DR,NASHVILLE,TN,37203,5627,MIDTOW,36.1409,-86.8174,POINT (-86.8174 36.1409)
20190004044,01/02/2019 03:00:00 PM,2,0,0,,N,151132,4,ANGLE,22,CLOUDY,1,DAYLIGHT,12,MOTOR VEHICLE IN TRANSPORT,GALLATIN PKES & LAKEWOOD DR,MADISON,TN,37115,1517,MADISO,36.2434,-86.7229,POINT (-86.7229 36.2434)
20190180598,03/07/2019 07:51:00 AM,2,2,0,,N,676834,4,ANGLE,21,CLEAR,1,DAYLIGHT,12,MOTOR VEHICLE IN TRANSPORT,EATONS CREEK RD & CLARKSVILLE PKE,JOELTON,TN,37080,3329,NORTH,36.3016,-86.8835,POINT (-86.8835 36.3016)
20190566437,07/30/2019 10:32:00 AM,2,0,0,,N,633381,4,ANGLE,21,CLEAR,1,DAYLIGHT,12,MOTOR VEHICLE IN TRANSPORT,BELL RD & CEDAR POINTE PKWY,ANTIOCH,TN,37013,8753,SOUTH,36.0449,-86.6671,POINT (-86.6671 36.0449)
20190012815,01/05/2019 11:20:00 PM,2,0,0,,Y,320591,98,OTHER,21,CLEAR,3,DARK - LIGHTED,12,MOTOR VEHICLE IN TRANSPORT,HAMILTON CHURCH RD & MURFREESBORO PKE,ANTIOCH,TN,37013,8865,SOUTH,36.0645,-86.6288,POINT (-86.6288 36.0645)
20190422745,06/03/2019 11:54:00 AM,1,1,0,,N,352199,0,NOT COLLISION W/MOTOR VEHICLE-TRANSPORT,21,CLEAR,1,DAYLIGHT,34;63,DITCH;Ran Off Road-Right,MURFREESBORO PKE & OLD MURFREESBORO PKE,NASHVILLE,TN,37217,8849,SOUTH,36.1046,-86.6694,POINT (-86.6694 36.1046)
20190037417,01/15/2019 08:40:00 AM,2,1,0,,N,405447,11,Front to Rear,22,CLOUDY,1,DAYLIGHT,12,MOTOR VEHICLE IN TRANSPORT,ARMORY DR & POWELL AV RAMP,NASHVILLE,TN,37204,8527,MIDTOW,36.1025,-86.7602,POINT (-86.7602 36.1025)
20190381274,05/18/2019 08:04:00 PM,2,2,0,,N,256446,11,Front to Rear,21,CLEAR,3,DARK - LIGHTED,12,MOTOR VEHICLE IN TRANSPORT,MURFREESBORO PKE & HAMILTON GLEN PL,ANTIOCH,TN,37013,8865,SOUTH,36.0602,-86.6234,POINT (-86.6234 36.0602)
20190218073,03/20/2019 08:39:00 PM,4,6,1,,N,429193,4,ANGLE,21,CLEAR,3,DARK - LIGHTED,12,MOTOR VEHICLE IN TRANSPORT,CHARLOTTE PK & CABOT DR,NASHVILLE,TN,37209,4677,WEST,36.1325,-86.8975,POINT (-86.8975 36.1325)
20190385044,05/20/2019 12:48:00 PM,2,0,0,,Y,267831,11,Front to Rear,21,CLEAR,1,DAYLIGHT,12,MOTOR VEHICLE IN TRANSPORT,ROBERTSON AV & VERNON AV,NASHVILLE,TN,37209,4679,WEST,36.1569,-86.8686,POINT (-86.8686 36.1569)
20190354404,05/08/2019 06:38:00 PM,2,0,0,,N,256383,4,ANGLE,21,CLEAR,1,DAYLIGHT,12,MOTOR VEHICLE IN TRANSPORT,BLUE HOLE RD & BELL RD,ANTIOCH,TN,37013,8721,SOUTH,36.0458,-86.6744,POINT (-86.6744 36.0458)
20190375517,05/16/2019 03:54:00 PM,3,1,0,,N,256386,11,Front to Rear,21,CLEAR,1,DAYLIGHT,12;55,MOTOR VEHICLE IN TRANSPORT;Motor Vehicle-In-Motion Outside Trafficw,MM 52 2 I 24,NASHVILLE,TN,37217,8816,SOUTH,36.1359,-86.7267,POINT (-86.7267 36.1359)
20190118904,02/13/2019 08:43:00 AM,2,0,0,,N,493309,11,Front to Rear,21,CLEAR,1,DAYLIGHT,12,MOTOR VEHICLE IN TRANSPORT,MM 91 2 I 65,MADISON,TN,37115,2006,MADISO,36.2503,-86.7413,POINT (-86.7413 36.2503)
20190421305,06/02/2019 08:19:00 PM,2,1,0,,N,299267,4,ANGLE,21,CLEAR,3,DARK - LIGHTED,12,MOTOR VEHICLE IN TRANSPORT,OCALA DR & NOLENSVILLE PKE,NASHVILLE,TN,37211,8717,SOUTH,36.0516,-86.714,POINT (-86.714 36.0516)
20190398988,05/25/2019 12:00:00 AM,2,0,0,,N,299270,4,ANGLE,21,CLEAR,3,DARK - LIGHTED,12,MOTOR VEHICLE IN TRANSPORT,CHARLOTTE AV & DR D B TODD JR BLVD,NASHVILLE,TN,37203,5505,MIDTOW,36.1581,-86.8,POINT (-86.8 36.1581)
20190250352,04/01/2019 08:15:00 AM,2,0,0,,N,481573,11,Front to Rear,21,CLEAR,1,DAYLIGHT,12,MOTOR VEHICLE IN TRANSPORT,BELCOURT AV & 21ST AVS,NASHVILLE,TN,37212,6607,MIDTOW,36.1369,-86.8005,POINT (-86.8005 36.1369)
20190353370,05/08/2019 11:05:00 AM,2,0,0,,N,902543,0,NOT COLLISION W/MOTOR VEHICLE-TRANSPORT,21,CLEAR,1,DAYLIGHT,60,Cargo Equip Loss/Shift,MM 47 9 I 24,NASHVILLE,TN,37207,1904,CENTRA,36.1775,-86.7731,POINT (-86.7731 36.1775)
20190048705,01/19/2019 03:08:00 AM,1,0,0,,N,298879,0,NOT COLLISION W/MOTOR VEHICLE-TRANSPORT,2,RAIN,2,DARK - NOT LIGHTED,34,DITCH,CHARLOTTE PKE & CABOT DR,NASHVILLE,TN,37209,4677,WEST,36.2336,-86.7283,POINT (-86.7283 36.2336)
20190566259,07/30/2019 08:57:00 AM,2,0,0,,N,109534,5,SIDESWIPE - SAME DIRECTION,22,CLOUDY,1,DAYLIGHT,12,MOTOR VEHICLE IN TRANSPORT,I40 W EXT RAMP & I 40,NASHVILLE,TN,37203,4119,CENTRA,36.1574,-86.79,POINT (-86.79 36.1574)
20190400688,05/25/2019 05:12:00 PM,2,0,0,,N,206964,4,ANGLE,21,CLEAR,1,DAYLIGHT,12,MOTOR VEHICLE IN TRANSPORT,TUSCULUM RD & PACKARD DR,NASHVILLE,TN,37211,8715,SOUTH,36.0589,-86.7089,POINT (-86.7089 36.0589)
20190156901,02/26/2019 10:04:00 PM,1,0,0,,N,256423,0,NOT COLLISION W/MOTOR VEHICLE-TRANSPORT,21,CLEAR,2,DARK - NOT LIGHTED,50,DEER (ANIMAL),CLARKSVILLE PKE & ST LAWRENCE DR,JOELTON,TN,37080,3245,NORTH,36.2874,-86.8793,POINT (-86.8793 36.2874)
20190418609,06/01/2019 01:17:00 PM,2,0,0,,N,311325,5,SIDESWIPE - SAME DIRECTION,21,CLEAR,1,DAYLIGHT,12,MOTOR VEHICLE IN TRANSPORT,MM 214 5 I 40,NASHVILLE,TN,37217,88022,HERMIT,36.1434,-86.7031,POINT (-86.7031 36.1434)
20190356605,05/09/2019 04:45:00 PM,2,0,0,,N,714641,11,Front to Rear,22,CLOUDY,1,DAYLIGHT,12,MOTOR VEHICLE IN TRANSPORT,GEORGE L DAVIS BLVD & JO JOHNSTON AV,NASHVILLE,TN,37203,4209,CENTRA,36.1642,-86.7933,POINT (-86.7933 36.1642)
20190447669,06/12/2019 06:45:00 PM,1,0,0,Y,N,256380,0,NOT COLLISION W/MOTOR VEHICLE-TRANSPORT,21,CLEAR,1,DAYLIGHT,47,FIRE HYDRANT,I65 N EXT RAMP & I 65,NASHVILLE,TN,37207,1863,EAST,36.2057,-86.7747,POINT (-86.7747 36.2057)
20190511146,07/07/2019 10:55:00 PM,2,1,0,,N,175719,98,OTHER,22,CLOUDY,3,DARK - LIGHTED,12;14,MOTOR VEHICLE IN TRANSPORT;PARKED MOTOR VEHICLE,W EASTLAND AV & LAURENT ST,NASHVILLE,TN,37206,1937,EAST,36.1841,-86.7525,POINT (-86.7525 36.1841)
20190262796,04/05/2019 01:16:00 PM,1,0,0,Y,Y,468031,0,NOT COLLISION W/MOTOR VEHICLE-TRANSPORT,22,CLOUDY,1,DAYLIGHT,30,UTILITY POLE,OAKWOOD AV & SLAYDON DR,NASHVILLE,TN,37207,1887,EAST,36.2106,-86.7537,POINT (-86.7537 36.2106)
20190454976,06/15/2019 10:29:00 AM,2,1,0,,N,279116,0,NOT COLLISION W/MOTOR VEHICLE-TRANSPORT,21,CLEAR,1,DAYLIGHT,14;8,PARKED MOTOR VEHICLE;PEDESTRIAN,BOXMERE PL & SEVEN HILLS BLVD,NASHVILLE,TN,37215,6403,MIDTOW,36.0942,-86.8181,POINT (-86.8181 36.0942)
20190425039,06/04/2019 07:11:00 AM,2,0,0,,Y,212369,5,SIDESWIPE - SAME DIRECTION,21,CLEAR,1,DAYLIGHT,12,MOTOR VEHICLE IN TRANSPORT,12TH AVN & JEFFERSON ST,NASHVILLE,TN,37208,5429,NORTH,36.1713,-86.7992,POINT (-86.7992 36.1713)
20190411029,05/29/2019 06:55:00 PM,2,0,0,,Y,299238,9,UNKNOWN,21,CLEAR,1,DAYLIGHT,12;14,MOTOR VEHICLE IN TRANSPORT;PARKED MOTOR VEHICLE,S 9TH ST & SYLVAN ST,NASHVILLE,TN,37206,1045,EAST,36.1701,-86.754,POINT (-86.754 36.1701)
20190523641,07/12/2019 11:25:00 PM,1,1,0,,N,330438,0,NOT COLLISION W/MOTOR VEHICLE-TRANSPORT,21,CLEAR,2,DARK - NOT LIGHTED,24,GUARDRAIL FACE,OLD HICKORY DAM GRNWY & CINDER RD,OLD HICKORY,TN,37138,9703,HERMIT,36.2903,-86.663,POINT (-86.663 36.2903)
20190539351,07/19/2019 08:33:00 AM,2,0,0,,N,716886,4,ANGLE,21,CLEAR,1,DAYLIGHT,12,MOTOR VEHICLE IN TRANSPORT,MURFREESBORO PKE & FOREST VIEW DR,ANTIOCH,TN,37013,8865,SOUTH,36.0674,-86.6313,POINT (-86.6313 36.0674)
20190138615,02/20/2019 11:51:00 AM,2,1,0,,N,267831,11,Front to Rear,22,CLOUDY,1,DAYLIGHT,12,MOTOR VEHICLE IN TRANSPORT,HILLSBORO PKE & WOODMONT BLVD,NASHVILLE,TN,37215,6419,MIDTOW,36.114,-86.8109,POINT (-86.8109 36.114)
20190000481,01/01/2019 03:10:00 AM,1,0,0,Y,Y,226175,0,NOT COLLISION W/MOTOR VEHICLE-TRANSPORT,21,CLEAR,2,DARK - NOT LIGHTED,40,MAIL BOX,CHARLOTTE PKE & BREWBOCK CT,NASHVILLE,TN,37221,4711,WEST,36.0952,-86.9717,POINT (-86.9717 36.0952)
20190342897,05/04/2019 11:45:00 AM,2,1,0,,N,693102,2,HEAD-ON,22,CLOUDY,1,DAYLIGHT,12,MOTOR VEHICLE IN TRANSPORT,BLACKWOOD DR & NORWALK CT,NASHVILLE,TN,37214,8955,HERMIT,36.1496,-86.6298,POINT (-86.6298 36.1496)
20190167569,03/02/2019 08:59:00 PM,4,0,0,,N,320585,11,Front to Rear,21,CLEAR,1,DAYLIGHT,12,MOTOR VEHICLE IN TRANSPORT,MM 212 6 I 40,NASHVILLE,TN,37210,90040,HERMIT,36.1439,-86.7382,POINT (-86.7382 36.1439)
20190547476,07/22/2019 04:02:00 PM,2,0,0,,Y,690942,11,Front to Rear,99,UNKNOWN,9,UNKNOWN,12,MOTOR VEHICLE IN TRANSPORT,222 DEMONBREUN ST,NASHVILLE,TN,37201,4051,CENTRA,36.16,-86.7733,POINT (-86.7733 36.16)
20190070225,01/27/2019 07:44:00 AM,2,0,0,,N,306708,11,Front to Rear,21,CLEAR,1,DAYLIGHT,12,MOTOR VEHICLE IN TRANSPORT,MM 49 3 I 24,NASHVILLE,TN,37206,10040,EAST,36.1629,-86.7614,POINT (-86.7614 36.1629)