Accident Number,Date and Time,Number of Motor Vehicles,Number of Injuries,Number of Fatalities,Property Damage,Hit and Run,Reporting Officer,Collision Type Code,Collision Type Description,Weather Code,Weather Description,Illumination Code,Illumination Description,Harmful Code,Harmful Code Description,Street Address,City,State,ZIP,RPA,Precinct,Latitude,Longitude,Mapped Location
20190057028,01/22/2019 03:35:00 PM,2,1,0,,Y,320597,5,SIDESWIPE - SAME DIRECTION,22,CLOUDY,1,DAYLIGHT,12;71,MOTOR VEHICLE IN TRANSPORT;EMBANKMENT EARTH,MM 58 1 I 24,ANTIOCH,TN,37013,88080,SOUTH,36.0572,-86.6767,POINT (-86.6767 36.0572)
20190508964,07/06/2019 04:10:00 PM,2,0,0,,Y,311327,4,ANGLE,21,CLEAR,1,DAYLIGHT,12,MOTOR VEHICLE IN TRANSPORT,BRANCH ST & CAHAL AV,NASHVILLE,TN,37206,1335,EAST,36.1949,-86.726,POINT (-86.726 36.1949)
20190097704,02/05/2019 05:44:00 PM,2,1,0,,N,256379,11,Front to Rear,21,CLEAR,3,DARK - LIGHTED,12,MOTOR VEHICLE IN TRANSPORT,WALLACE RD & HUMBER DR,NASHVILLE,TN,37211,8703,SOUTH,36.0795,-86.7145,POINT (-86.7145 36.0795)
20190152710,02/25/2019 02:40:00 PM,2,1,0,,N,725756,4,ANGLE,21,CLEAR,1,DAYLIGHT,12,MOTOR VEHICLE IN TRANSPORT,URBANDALE AV & BRILEY PKWYN,NASHVILLE,TN,37209,4637,WEST,36.1539,-86.8575,POINT (-86.8575 36.1539)
20190164283,03/01/2019 12:49:00 PM,2,2,0,,N,462474,4,ANGLE,22,CLOUDY,1,DAYLIGHT,12,MOTOR VEHICLE IN TRANSPORT,FRANKLIN PKE & HOGAN RD,NASHVILLE,TN,37220,7101,MIDTOW,36.0668,-86.7742,POINT (-86.7742 36.0668)
20190378131,05/17/2019 12:38:00 PM,2,1,0,,N,226092,11,Front to Rear,21,CLEAR,1,DAYLIGHT,12,MOTOR VEHICLE IN TRANSPORT,MM 208 3 I 40,NASHVILLE,TN,37203,54024,NORTH,36.166,-86.7949,POINT (-86.7949 36.166)
20190554419,07/25/2019 07:17:00 AM,2,0,0,,N,109534,11,Front to Rear,21,CLEAR,1,DAYLIGHT,12,MOTOR VEHICLE IN TRANSPORT,LEBANON PKE & SHUTE LN,HERMITAGE,TN,37076,9535,HERMIT,36.2146,-86.6047,POINT (-86.6047 36.2146)
20190256907,04/03/2019 11:40:00 AM,2,1,0,,N,693093,11,Front to Rear,21,CLEAR,1,DAYLIGHT,12,MOTOR VEHICLE IN TRANSPORT,GALLATIN PKES & E OLD HICKORY BLVD,MADISON,TN,37115,1771,MADISO,36.2622,-86.7122,POINT (-86.7122 36.2622)
20190140959,02/21/2019 12:00:00 AM,1,0,0,,N,212336,0,NOT COLLISION W/MOTOR VEHICLE-TRANSPORT,2,RAIN,5,DUSK,44,PAVED SURFACE-IRREGULAR,ELLINGTON PKWYS & ELLINGTON PKWYN,NASHVILLE,TN,37207,1995,EAST,36.1758,-86.7666,POINT (-86.7666 36.1758)
20190292655,04/16/2019 03:47:00 PM,2,0,0,,Y,256446,5,SIDESWIPE - SAME DIRECTION,21,CLEAR,1,DAYLIGHT,12,MOTOR VEHICLE IN TRANSPORT,MM 62 1 I 24,ANTIOCH,TN,37013,8806,SOUTH,36.0195,-86.626,POINT (-86.626 36.0195)
20190547590,07/22/2019 05:55:00 PM,2,0,0,,Y,279214,11,Front to Rear,2,RAIN,1,DAYLIGHT,12,MOTOR VEHICLE IN TRANSPORT,MM 81 9 I 65,NASHVILLE,TN,37203,80060,MIDTOW,36.1419,-86.7766,POINT (-86.7766 36.1419)
20190295913,04/17/2019 06:32:00 AM,1,0,0,Y,Y,690942,0,NOT COLLISION W/MOTOR VEHICLE-TRANSPORT,21,CLEAR,1,DAYLIGHT,18,OTHER OBJECT (NOT FIXED),300 JEFFERSON ST,NASHVILLE,TN,37208,4309,NORTH,36.1751,-86.7847,POINT (-86.7847 36.1751)
20190475422,06/23/2019 12:00:00 AM,4,3,0,,N,279200,11,Front to Rear,21,CLEAR,3,DARK - LIGHTED,12,MOTOR VEHICLE IN TRANSPORT,MM 49 0 I 24,NASHVILLE,TN,37206,10040,EAST,36.1664,-86.7647,POINT (-86.7647 36.1664)
20190052294,01/20/2019 10:05:00 PM,2,0,0,,N,279115,11,Front to Rear,21,CLEAR,3,DARK - LIGHTED,12,MOTOR VEHICLE IN TRANSPORT,NOLENSVILLE PKE & MCMURRAY DR,NASHVILLE,TN,37211,8711,SOUTH,36.0611,-86.7166,POINT (-86.7166 36.0611)
20190014905,01/07/2019 12:00:00 AM,5,0,0,,Y,161945,98,OTHER,21,CLEAR,3,DARK - LIGHTED,14,PARKED MOTOR VEHICLE,5242 EDMONDSON PKE,NASHVILLE,TN,37211,8657,MIDTOW,36.0571,-86.742,POINT (-86.742 36.0571)
20190504571,07/04/2019 04:35:00 PM,1,0,0,Y,N,299253,0,NOT COLLISION W/MOTOR VEHICLE-TRANSPORT,2,RAIN,1,DAYLIGHT,37,Other Traffic Barrier,ELLINGTON PKWYN & SPRING ST,NASHVILLE,TN,37207,1995,EAST,36.1757,-86.7665,POINT (-86.7665 36.1757)
20190549796,07/23/2019 03:20:00 PM,2,0,0,,N,330435,5,SIDESWIPE - SAME DIRECTION,21,CLEAR,1,DAYLIGHT,12,MOTOR VEHICLE IN TRANSPORT,MM 49 6 I 24,NASHVILLE,TN,37210,4008,CENTRA,36.1571,-86.7604,POINT (-86.7604 36.1571)
20190384348,05/20/2019 07:27:00 AM,3,0,0,,Y,352202,11,Front to Rear,21,CLEAR,1,DAYLIGHT,12,MOTOR VEHICLE IN TRANSPORT,MM 85 4 I 65,NASHVILLE,TN,37208,43042,NORTH,36.1875,-86.7947,POINT (-86.7947 36.1875)
20190275743,04/10/2019 11:57:00 AM,1,1,0,,N,633390,0,NOT COLLISION W/MOTOR VEHICLE-TRANSPORT,21,CLEAR,1,DAYLIGHT,41;71;72,SHRUBBERY;EMBANKMENT EARTH;EMBANKMENT ROCK/STONE/CONCRETE,I24 W EXT RAMP & I 24,NASHVILLE,TN,37211,8829,SOUTH,36.1074,-86.7197,POINT (-86.7197 36.1074)
20190339837,05/03/2019 06:53:00 AM,2,1,0,,N,769379,5,SIDESWIPE - SAME DIRECTION,22,CLOUDY,4,DAWN,12,MOTOR VEHICLE IN TRANSPORT,PARAGON MILLS RD & BENITA DR,NASHVILLE,TN,37211,8419,SOUTH,36.0886,-86.7171,POINT (-86.7171 36.0886)
20190447474,06/12/2019 05:20:00 PM,2,0,0,,N,279214,11,Front to Rear,21,CLEAR,1,DAYLIGHT,12,MOTOR VEHICLE IN TRANSPORT,LINDEN AV & 12TH AVS,NASHVILLE,TN,37212,6601,MIDTOW,36.1277,-86.7901,POINT (-86.7901 36.1277)
20190224264,03/22/2019 05:00:00 PM,2,0,0,,Y,256427,4,ANGLE,21,CLEAR,1,DAYLIGHT,12,MOTOR VEHICLE IN TRANSPORT,FAIN ST & CLAIBORNE ST,NASHVILLE,TN,37210,8205,HERMIT,36.0797,-86.6066,POINT (-86.6066 36.0797)
20190152358,02/25/2019 12:00:00 AM,1,0,0,Y,Y,240952,0,NOT COLLISION W/MOTOR VEHICLE-TRANSPORT,99,UNKNOWN,9,UNKNOWN,24,GUARDRAIL FACE,MM 60 2 I 24,ANTIOCH,TN,37013,88060,SOUTH,36.038,-86.6467,POINT (-86.6467 36.038)
20190310158,04/22/2019 07:35:00 PM,3,1,0,,N,298867,11,Front to Rear,21,CLEAR,3,DARK - LIGHTED,12,MOTOR VEHICLE IN TRANSPORT,E TRINITY LN & GALLATIN PKE,NASHVILLE,TN,37216,1851,EAST,36.2037,-86.7399,POINT (-86.7399 36.2037)
20190273666,04/09/2019 06:15:00 PM,2,2,0,,N,179606,11,Front to Rear,21,CLEAR,1,DAYLIGHT,12,MOTOR VEHICLE IN TRANSPORT,THOMPSON LN & KRAFT DR,NASHVILLE,TN,37204,8525,MIDTOW,36.1114,-86.758,POINT (-86.758 36.1114)
20190410903,05/29/2019 05:25:00 PM,2,0,0,,N,256424,11,Front to Rear,21,CLEAR,1,DAYLIGHT,12,MOTOR VEHICLE IN TRANSPORT,I40 E EXT RAMP & I 40,NASHVILLE,TN,37214,8955,HERMIT,36.155,-86.6271,POINT (-86.6271 36.155)
20190362936,05/12/2019 03:45:00 AM,1,0,0,,N,330411,0,NOT COLLISION W/MOTOR VEHICLE-TRANSPORT,21,CLEAR,2,DARK - NOT LIGHTED,36,CONCRETE TRAFFIC BARRIER,MM 41 6 I 24,WHITES CREEK,TN,37189,3226,NORTH,36.2635,-86.7904,POINT (-86.7904 36.2635)
20190244483,03/29/2019 04:44:00 PM,2,0,0,,Y,256383,5,SIDESWIPE - SAME DIRECTION,22,CLOUDY,1,DAYLIGHT,12,MOTOR VEHICLE IN TRANSPORT,MM 62 7 I 24,ANTIOCH,TN,37013,8804,SOUTH,36.0129,-86.6187,POINT (-86.6187 36.0129)
20190405981,05/27/2019 10:32:00 PM,2,0,0,,Y,468098,4,ANGLE,21,CLEAR,3,DARK - LIGHTED,12;14,MOTOR VEHICLE IN TRANSPORT;PARKED MOTOR VEHICLE,LONG BR & XAVIER DR,ANTIOCH,TN,37013,8899,SOUTH,36.0741,-86.6707,POINT (-86.6707 36.0741)
20190118542,02/13/2019 06:45:00 AM,2,1,0,,N,483529,11,Front to Rear,21,CLEAR,1,DAYLIGHT,12,MOTOR VEHICLE IN TRANSPORT,BRILEY PKWY E ENT RAMP & BRILEY PKWYE,NASHVILLE,TN,37216,1503,EAST,36.2342,-86.7207,POINT (-86.7207 36.2342)
20190319784,04/25/2019 02:34:00 PM,2,0,0,,N,299244,11,Front to Rear,21,CLEAR,1,DAYLIGHT,12,MOTOR VEHICLE IN TRANSPORT,BROADWAY & I40 W ENT RAMP,NASHVILLE,TN,37203,4081,CENTRA,36.156,-86.7889,POINT (-86.7889 36.156)
20190486000,06/27/2019 12:55:00 PM,1,0,0,,N,716886,0,NOT COLLISION W/MOTOR VEHICLE-TRANSPORT,21,CLEAR,1,DAYLIGHT,50,DEER (ANIMAL),NOLENSVILLE RD & BURKITT RD,NOLENSVILLE,TN,37135,8773,SOUTH,35.9912,-86.6835,POINT (-86.6835 35.9912)
20190324103,04/27/2019 02:00:00 AM,1,0,0,,Y,256376,0,NOT COLLISION W/MOTOR VEHICLE-TRANSPORT,21,CLEAR,3,DARK - LIGHTED,38,FENCE,BURCH ST & 24TH AVN,NASHVILLE,TN,37208,4463,NORTH,36.174,-86.8161,POINT (-86.8161 36.174)
20190030266,01/12/2019 11:18:00 AM,2,0,0,,Y,109527,4,ANGLE,21,CLEAR,1,DAYLIGHT,12,MOTOR VEHICLE IN TRANSPORT,BELL RD & STEWARTS FERRY PKE,NASHVILLE,TN,37214,8959,HERMIT,36.1522,-86.6251,POINT (-86.6251 36.1522)
20190532269,07/15/2019 08:00:00 PM,2,0,0,Y,N,267831,0,NOT COLLISION W/MOTOR VEHICLE-TRANSPORT,21,CLEAR,1,DAYLIGHT,38,FENCE,0 40TH AVN,NASHVILLE,TN,37209,5221,WEST,36.1528,-86.835,POINT (-86.835 36.1528)
20190360361,05/10/2019 09:30:00 PM,2,0,0,,N,420040,11,Front to Rear,2,RAIN,3,DARK - LIGHTED,12,MOTOR VEHICLE IN TRANSPORT,ELLISTON PL & 23RD AVN,NASHVILLE,TN,37203,5615,MIDTOW,36.1494,-86.8063,POINT (-86.8063 36.1494)
20190415479,05/31/2019 07:46:00 AM,2,1,0,,N,716886,11,Front to Rear,21,CLEAR,1,DAYLIGHT,12,MOTOR VEHICLE IN TRANSPORT,BELL RD & BLUE HOLE RD,ANTIOCH,TN,37013,8719,SOUTH,36.0458,-86.6744,POINT (-86.6744 36.0458)
20190510492,07/07/2019 02:51:00 PM,2,0,0,,Y,279225,4,ANGLE,21,CLEAR,1,DAYLIGHT,12,MOTOR VEHICLE IN TRANSPORT,BELL RD & STEWARTS FERRY PKE,NASHVILLE,TN,37214,8959,HERMIT,36.1522,-86.6251,POINT (-86.6251 36.1522)
20190283531,04/13/2019 05:30:00 AM,2,0,0,,Y,256382,5,SIDESWIPE - SAME DIRECTION,2,RAIN,3,DARK - LIGHTED,12,MOTOR VEHICLE IN TRANSPORT,BRILEY PKWYN & BRILEY PKWYS,NASHVILLE,TN,37211,8404,SOUTH,36.1092,-86.727,POINT (-86.727 36.1092)
20190391747,05/22/2019 04:57:00 PM,2,1,0,,N,299267,11,Front to Rear,21,CLEAR,1,DAYLIGHT,12,MOTOR VEHICLE IN TRANSPORT,CHURCH STE & ANNABEL LN,BRENTWOOD,TN,37027,8623,MIDTOW,36.0328,-86.771,POINT (-86.771 36.0328)
20190566908,07/30/2019 01:35:00 PM,1,0,0,,N,727202,0,NOT COLLISION W/MOTOR VEHICLE-TRANSPORT,21,CLEAR,1,DAYLIGHT,16,THROWN OR FALLING OBJECT,BELL RD & I24 E EXT RAMP,ANTIOCH,TN,37013,8751,SOUTH,36.0451,-86.6593,POINT (-86.6593 36.0451)
20190100830,02/06/2019 04:22:00 PM,2,0,0,,N,298837,5,SIDESWIPE - SAME DIRECTION,2,RAIN,1,DAYLIGHT,12,MOTOR VEHICLE IN TRANSPORT,S 5TH ST & SYLVAN ST,NASHVILLE,TN,37206,1009,EAST,36.1665,-86.7616,POINT (-86.7616 36.1665)
20190543322,07/20/2019 10:18:00 PM,2,0,0,,N,212322,11,Front to Rear,21,CLEAR,1,DAYLIGHT,12,MOTOR VEHICLE IN TRANSPORT,MM 58 3 I 24,ANTIOCH,TN,37013,87060,SOUTH,36.0551,-86.6748,POINT (-86.6748 36.0551)
20190152550,02/25/2019 01:45:00 PM,2,0,0,,N,716886,11,Front to Rear,21,CLEAR,1,DAYLIGHT,12,MOTOR VEHICLE IN TRANSPORT,I24 W EXT RAMP & I 24,NASHVILLE,TN,37211,8829,SOUTH,36.1074,-86.7197,POINT (-86.7197 36.1074)
20190407631,05/28/2019 03:15:00 PM,2,0,0,,N,256383,11,Front to Rear,21,CLEAR,1,DAYLIGHT,12,MOTOR VEHICLE IN TRANSPORT,NOLENSVILLE PKE & BASS AV,NASHVILLE,TN,37211,8701,SOUTH,36.0709,-86.7231,POINT (-86.7231 36.0709)
20190117394,02/12/2019 09:11:00 PM,2,0,0,,N,256422,4,ANGLE,21,CLEAR,3,DARK - LIGHTED,12,MOTOR VEHICLE IN TRANSPORT,BRICK CHURCH PKE & I65 S ENT RAMP,NASHVILLE,TN,37207,3007,NORTH,36.2054,-86.778,POINT (-86.778 36.2054)
20190284483,04/13/2019 05:05:00 PM,2,1,0,,N,717341,4,ANGLE,22,CLOUDY,1,DAYLIGHT,12,MOTOR VEHICLE IN TRANSPORT,HUMBER DR & HARDING PL,NASHVILLE,TN,37211,8705,SOUTH,36.0812,-86.7151,POINT (-86.7151 36.0812)
20190012558,01/05/2019 08:24:00 PM,2,1,0,,Y,256424,4,ANGLE,21,CLEAR,2,DARK - NOT LIGHTED,12,MOTOR VEHICLE IN TRANSPORT,FRANKLIN LIMESTONE RD & MURFREESBORO PKE,NASHVILLE,TN,37217,8853,SOUTH,36.0944,-86.6534,POINT (-86.6534 36.0944)
20190540194,07/19/2019 02:45:00 PM,2,0,0,,N,308295,4,ANGLE,21,CLEAR,1,DAYLIGHT,12,MOTOR VEHICLE IN TRANSPORT,HARDING PKE & ROYAL OAKS CONDOS PVTDR,NASHVILLE,TN,37205,6101,WEST,36.1235,-86.8497,POINT (-86.8497 36.1235)
20190003291,01/02/2019 09:48:00 AM,2,1,0,,N,462501,4,ANGLE,21,CLEAR,1,DAYLIGHT,12,MOTOR VEHICLE IN TRANSPORT,ROSA L PARKS BLVD & JEFFERSON ST,NASHVILLE,TN,37208,4237,CENTRA,36.1733,-86.7914,POINT (-86.7914 36.1733)
20190413475,05/30/2019 03:54:00 PM,2,0,0,,N,209184,11,Front to Rear,21,CLEAR,1,DAYLIGHT,12,MOTOR VEHICLE IN TRANSPORT,MURFREESBORO PKE & HOBSON PKE,ANTIOCH,TN,37013,8927,SOUTH,36.043,-86.6066,POINT (-86.6066 36.043)
20190455981,06/15/2019 10:00:00 PM,2,2,0,,N,298858,4,ANGLE,21,CLEAR,3,DARK - LIGHTED,12,MOTOR VEHICLE IN TRANSPORT,11TH AVN & ELEVEN NORTH APTS PVTDR,NASHVILLE,TN,37203,4151,CENTRA,36.1608,-86.7895,POINT (-86.7895 36.1608)
20190127768,02/16/2019 11:33:00 AM,2,2,0,,N,330428,5,SIDESWIPE - SAME DIRECTION,22,CLOUDY,1,DAYLIGHT,12;42;71,MOTOR VEHICLE IN TRANSPORT;TREE;EMBANKMENT EARTH,MM 58 9 I 24,ANTIOCH,TN,37013,87061,SOUTH,36.0494,-86.6662,POINT (-86.6662 36.0494)
20190428279,06/05/2019 09:58:00 AM,2,0,0,,N,620072,5,SIDESWIPE - SAME DIRECTION,21,CLEAR,1,DAYLIGHT,12,MOTOR VEHICLE IN TRANSPORT,21ST AVN & HAYES ST,NASHVILLE,TN,37203,5527,MIDTOW,36.1511,-86.8017,POINT (-86.8017 36.1511)
20190070912,01/27/2019 04:10:00 PM,2,0,0,,Y,256417,4,ANGLE,21,CLEAR,1,DAYLIGHT,12,MOTOR VEHICLE IN TRANSPORT,ANDREW JACKSON WAY & OLD HICKORY BLVD,HERMITAGE,TN,37076,9561,HERMIT,36.1821,-86.6076,POINT (-86.6076 36.1821)
20190217803,03/20/2019 05:00:00 PM,2,0,0,,N,909486,11,Front to Rear,21,CLEAR,1,DAYLIGHT,12;55,MOTOR VEHICLE IN TRANSPORT;Motor Vehicle-In-Motion Outside Trafficw,OLD HICKORY BLVD & FRANKLIN PIKE CIR,BRENTWOOD,TN,37027,8623,MIDTOW,36.0405,-86.7801,POINT (-86.7801 36.0405)
20190123660,02/14/2019 06:39:00 PM,2,0,0,,Y,240957,11,Front to Rear,21,CLEAR,1,DAYLIGHT,12,MOTOR VEHICLE IN TRANSPORT,NOLENSVILLE PKE & LENOX VILLAGE DR,ANTIOCH,TN,37013,8759,SOUTH,36.026,-86.713,POINT (-86.713 36.026)
20190574611,08/02/2019 11:58:00 AM,2,0,0,,N,109534,5,SIDESWIPE - SAME DIRECTION,21,CLEAR,1,DAYLIGHT,12,MOTOR VEHICLE IN TRANSPORT,OLD LEBANON PKE & LEBANON PKE,NASHVILLE,TN,37214,9309,HERMIT,36.1699,-86.671,POINT (-86.671 36.1699)
20190019492,01/08/2019 03:22:00 PM,2,0,0,,N,267831,11,Front to Rear,21,CLEAR,1,DAYLIGHT,12,MOTOR VEHICLE IN TRANSPORT,HARDING PKE & KENNER AV,NASHVILLE,TN,37205,6021,WEST,36.1261,-86.8461,POINT (-86.8461 36.1261)
20190217526,03/20/2019 03:47:00 PM,2,0,0,,N,256426,11,Front to Rear,21,CLEAR,1,DAYLIGHT,12,MOTOR VEHICLE IN TRANSPORT,MM 212 9 I 40,NASHVILLE,TN,37210,82061,HERMIT,36.1404,-86.7312,POINT (-86.7312 36.1404)
20190168119,03/03/2019 01:51:00 AM,2,0,0,,Y,256493,3,REAR-TO-REAR,2,RAIN,3,DARK - LIGHTED,14,PARKED MOTOR VEHICLE,MURFREESBORO PKE & RURAL HILL RD,ANTIOCH,TN,37013,8861,SOUTH,36.0745,-86.6387,POINT (-86.6387 36.0745)
20190295986,04/17/2019 02:22:00 PM,2,6,1,,N,420059,2,HEAD-ON,21,CLEAR,1,DAYLIGHT,12,MOTOR VEHICLE IN TRANSPORT,NOLENSVILLE PKE & NATCHEZ CT,NASHVILLE,TN,37211,8435,SOUTH,36.094,-86.7366,POINT (-86.7366 36.094)
20190405415,05/27/2019 09:12:00 PM,2,1,0,,Y,197435,4,ANGLE,21,CLEAR,3,DARK - LIGHTED,12,MOTOR VEHICLE IN TRANSPORT,RICH ACRES DR & EWING DR,NASHVILLE,TN,37207,1809,EAST,36.2303,-86.7659,POINT (-86.7659 36.2303)
20190064819,01/25/2019 06:27:00 AM,2,0,0,,Y,191578,4,ANGLE,21,CLEAR,1,DAYLIGHT,12,MOTOR VEHICLE IN TRANSPORT,BRILEY PKWY & KERMIT DR,NASHVILLE,TN,37217,8998,HERMIT,36.1256,-86.6962,POINT (-86.6962 36.1256)
20190129393,02/17/2019 03:55:00 AM,1,0,0,Y,N,192378,0,NOT COLLISION W/MOTOR VEHICLE-TRANSPORT,2,RAIN,2,DARK - NOT LIGHTED,1;30;42;64,UTILITY POLE;TREE;Ran Off Road-Left,FRANKLIN LIMESTONE RD & MULLINS RD,ANTIOCH,TN,37013,8899,SOUTH,36.0813,-86.679,POINT (-86.679 36.0813)
20190271076,04/08/2019 09:00:00 PM,2,1,0,,N,320580,11,Front to Rear,21,CLEAR,3,DARK - LIGHTED,12,MOTOR VEHICLE IN TRANSPORT,LEBANON PKE & FAIRWAY DR,NASHVILLE,TN,37214,9109,HERMIT,36.1691,-86.6824,POINT (-86.6824 36.1691)
20190371759,05/15/2019 11:00:00 AM,1,0,0,,N,352159,0,NOT COLLISION W/MOTOR VEHICLE-TRANSPORT,2,RAIN,1,DAYLIGHT,31,"OTHER POST, POLE, SUPP.",8TH AVS & GLEAVES ST,NASHVILLE,TN,37203,4009,CENTRA,36.1518,-86.7793,POINT (-86.7793 36.1518)
20190191693,03/11/2019 04:30:00 PM,2,0,0,,N,320581,11,Front to Rear,21,CLEAR,1,DAYLIGHT,12,MOTOR VEHICLE IN TRANSPORT,I40 W EXT RAMP & I 40,NASHVILLE,TN,37203,4119,CENTRA,36.1574,-86.79,POINT (-86.79 36.1574)
20190400745,05/25/2019 05:33:00 PM,2,0,0,,N,240960,11,Front to Rear,21,CLEAR,1,DAYLIGHT,12,MOTOR VEHICLE IN TRANSPORT,STRATFORD AV & OXFORD ST,NASHVILLE,TN,37216,1445,EAST,36.2138,-86.7248,POINT (-86.7248 36.2138)
20190506572,07/05/2019 12:37:00 PM,2,0,0,,N,594473,5,SIDESWIPE - SAME DIRECTION,22,CLOUDY,1,DAYLIGHT,12,MOTOR VEHICLE IN TRANSPORT,THOMPSON LN & GRANDVIEW AV,NASHVILLE,TN,37211,8519,MIDTOW,36.111,-86.7471,POINT (-86.7471 36.111)
20190478378,06/24/2019 08:24:00 PM,2,0,0,,Y,240957,4,ANGLE,21,CLEAR,3,DARK - LIGHTED,12,MOTOR VEHICLE IN TRANSPORT,OLD HICKORY BLVD & EDMONDSON PKE,NASHVILLE,TN,37220,8615,MIDTOW,36.04,-86.7435,POINT (-86.7435 36.04)
20190126769,02/15/2019 11:28:00 PM,1,0,0,,N,187882,0,NOT COLLISION W/MOTOR VEHICLE-TRANSPORT,2,RAIN,3,DARK - LIGHTED,36,CONCRETE TRAFFIC BARRIER,MM 49 1 I 24,NASHVILLE,TN,37206,10040,EAST,36.1647,-86.7634,POINT (-86.7634 36.1647)
20190073859,01/28/2019 05:20:00 PM,2,0,0,,Y,320585,11,Front to Rear,21,CLEAR,3,DARK - LIGHTED,12,MOTOR VEHICLE IN TRANSPORT,DONELSON PKE & I40 W ENT RAMP,NASHVILLE,TN,37214,9103,HERMIT,36.143,-86.6667,POINT (-86.6667 36.143)
20190192404,03/11/2019 11:18:00 PM,2,0,0,,Y,256382,6,SIDESWIPE - OPPOSITE DIRECTION,21,CLEAR,3,DARK - LIGHTED,12,MOTOR VEHICLE IN TRANSPORT,ELM HILL PKE & AIRPORT CENTER DR,NASHVILLE,TN,37214,9411,HERMIT,36.1471,-86.6622,POINT (-86.6622 36.1471)
20190054249,01/21/2019 03:19:00 PM,2,0,0,,Y,320597,4,ANGLE,22,CLOUDY,1,DAYLIGHT,12,MOTOR VEHICLE IN TRANSPORT,BELL RD & BLUE HOLE RD,ANTIOCH,TN,37013,8719,SOUTH,36.0458,-86.6744,POINT (-86.6744 36.0458)
20190011253,01/05/2019 12:00:00 AM,1,1,0,,N,197075,0,NOT COLLISION W/MOTOR VEHICLE-TRANSPORT,21,CLEAR,3,DARK - LIGHTED,1;17;63,BOULDER;Ran Off Road-Right,MM 40 8 I 24,WHITES CREEK,TN,37189,3226,NORTH,36.2733,-86.7966,POINT (-86.7966 36.2733)
20190508623,07/06/2019 12:07:00 PM,2,1,0,,N,320574,4,ANGLE,22,CLOUDY,1,DAYLIGHT,12,MOTOR VEHICLE IN TRANSPORT,MURFREESBORO PKE & NASHBORO BLVD,ANTIOCH,TN,37013,8891,SOUTH,36.0869,-86.6487,POINT (-86.6487 36.0869)
20190522712,07/12/2019 03:30:00 PM,2,1,0,,N,320580,4,ANGLE,21,CLEAR,1,DAYLIGHT,1;12,MOTOR VEHICLE IN TRANSPORT,MURFREESBORO PKE & FOSTER AV,NASHVILLE,TN,37210,8161,SOUTH,36.1418,-86.7412,POINT (-86.7412 36.1418)
20190155307,02/26/2019 10:05:00 AM,2,1,0,,N,676834,4,ANGLE,21,CLEAR,1,DAYLIGHT,12,MOTOR VEHICLE IN TRANSPORT,CLARKSVILLE PKE & ROSA L PARKS BLVD,NASHVILLE,TN,37228,4483,NORTH,36.1889,-86.8231,POINT (-86.8231 36.1889)
20190162336,02/28/2019 06:57:00 PM,2,1,0,,N,151132,11,Front to Rear,22,CLOUDY,3,DARK - LIGHTED,12,MOTOR VEHICLE IN TRANSPORT,GALLATIN PKES & GALLATIN PKE,MADISON,TN,37115,1517,MADISO,36.2383,-86.724,POINT (-86.724 36.2383)
20190257346,04/03/2019 02:30:00 PM,2,0,0,,N,299238,5,SIDESWIPE - SAME DIRECTION,21,CLEAR,1,DAYLIGHT,12,MOTOR VEHICLE IN TRANSPORT,SHELBY AV & I24 W ENT RAMP,NASHVILLE,TN,37213,1002,CENTRA,36.1666,-86.7649,POINT (-86.7649 36.1666)
20190285170,04/13/2019 11:15:00 PM,2,0,0,,Y,212337,4,ANGLE,2,RAIN,3,DARK - LIGHTED,12,MOTOR VEHICLE IN TRANSPORT,800 ROSA L PARKS BLVD,NASHVILLE,TN,37208,4219,CENTRA,36.1686,-86.7883,POINT (-86.7883 36.1686)
20190451930,06/14/2019 06:00:00 AM,2,1,0,,N,169414,4,ANGLE,21,CLEAR,1,DAYLIGHT,12,MOTOR VEHICLE IN TRANSPORT,MACAULEY LN & WESTCOTT LN,NOLENSVILLE,TN,37135,8773,SOUTH,35.9862,-86.6682,POINT (-86.6682 35.9862)
20190343535,05/04/2019 07:09:00 PM,2,2,0,Y,Y,224437,0,NOT COLLISION W/MOTOR VEHICLE-TRANSPORT,2,RAIN,3,DARK - LIGHTED,12;2;24;31;39;63;64,"MOTOR VEHICLE IN TRANSPORT;GUARDRAIL FACE;OTHER POST, POLE, SUPP.;WALL;Ran Off Road-Right;Ran Off Road-Left",MM 55 0 I 24,NASHVILLE,TN,37211,8812,SOUTH,36.0948,-86.7069,POINT (-86.7069 36.0948)
20190072991,01/28/2019 11:08:00 AM,1,0,0,Y,N,279116,0,NOT COLLISION W/MOTOR VEHICLE-TRANSPORT,22,CLOUDY,1,DAYLIGHT,18,OTHER OBJECT (NOT FIXED),HART ST & 4TH AVS,NASHVILLE,TN,37210,8169,SOUTH,36.1424,-86.765,POINT (-86.765 36.1424)
20190101349,02/06/2019 12:00:00 AM,1,1,0,,N,226827,0,NOT COLLISION W/MOTOR VEHICLE-TRANSPORT,2,RAIN,3,DARK - LIGHTED,8,PEDESTRIAN,GALLATIN PKEN & MCHENRY CENTER PVTDR,GOODLETTSVILLE,TN,37072,1753,MADISO,36.2949,-86.7009,POINT (-86.7009 36.2949)
20190383207,05/19/2019 12:00:00 AM,2,0,0,,N,212344,11,Front to Rear,21,CLEAR,1,DAYLIGHT,12,MOTOR VEHICLE IN TRANSPORT,I65 N EXT RAMP & I65 N ENT RAMP,NASHVILLE,TN,37207,1863,EAST,36.2061,-86.774,POINT (-86.774 36.2061)