Accident Number,Date and Time,Number of Motor Vehicles,Number of Injuries,Number of Fatalities,Property Damage,Hit and Run,Reporting Officer,Collision Type Code,Collision Type Description,Weather Code,Weather Description,Illumination Code,Illumination Description,Harmful Code,Harmful Code Description,Street Address,City,State,ZIP,RPA,Precinct,Latitude,Longitude,Mapped Location
20190209568,03/18/2019 07:07:00 AM,3,1,0,,N,212325,11,Front to Rear,21,CLEAR,1,DAYLIGHT,12,MOTOR VEHICLE IN TRANSPORT,HARRIS ST & GALLATIN PKES,MADISON,TN,37115,1605,MADISO,36.2584,-86.7135,POINT (-86.7135 36.2584)
20190246309,03/30/2019 02:42:00 PM,3,1,0,,Y,256384,4,ANGLE,21,CLEAR,1,DAYLIGHT,12,MOTOR VEHICLE IN TRANSPORT,MM 54 3 I 24,NASHVILLE,TN,37211,84020,SOUTH,36.1034,-86.7148,POINT (-86.7148 36.1034)
20190475014,06/23/2019 10:49:00 AM,2,0,0,,N,419997,4,ANGLE,21,CLEAR,1,DAYLIGHT,12,MOTOR VEHICLE IN TRANSPORT,ALABAMA AV & 45TH AVN,NASHVILLE,TN,37209,5201,WEST,36.1533,-86.8415,POINT (-86.8415 36.1533)
20190165044,03/01/2019 06:38:00 PM,2,0,0,,Y,279196,11,Front to Rear,21,CLEAR,3,DARK - LIGHTED,12,MOTOR VEHICLE IN TRANSPORT,BRILEY PKWYW & BRILEY PKWY W EXT RAMP,MADISON,TN,37115,1598,MADISO,36.2346,-86.7177,POINT (-86.7177 36.2346)
20190437477,06/08/2019 10:06:00 PM,2,0,0,,N,714641,5,SIDESWIPE - SAME DIRECTION,22,CLOUDY,3,DARK - LIGHTED,12,MOTOR VEHICLE IN TRANSPORT,4TH AVS & DEMONBREUN ST,NASHVILLE,TN,37201,4053,CENTRA,36.1587,-86.7757,POINT (-86.7757 36.1587)
20190329637,04/29/2019 05:19:00 PM,2,0,0,,N,330413,4,ANGLE,21,CLEAR,1,DAYLIGHT,12,MOTOR VEHICLE IN TRANSPORT,BRENTWOOD PL & EDMONDSON PKE,NASHVILLE,TN,37211,8653,MIDTOW,36.0484,-86.7436,POINT (-86.7436 36.0484)
20190146267,02/22/2019 11:00:00 PM,2,1,0,,N,179603,4,ANGLE,2,RAIN,3,DARK - LIGHTED,12,MOTOR VEHICLE IN TRANSPORT,RIVERCHASE BLVD & GALLATIN PKEN,MADISON,TN,37115,1721,MADISO,36.3086,-86.6815,POINT (-86.6815 36.3086)
20190190825,03/11/2019 10:11:00 AM,2,0,0,,Y,109534,5,SIDESWIPE - SAME DIRECTION,22,CLOUDY,1,DAYLIGHT,12;99,MOTOR VEHICLE IN TRANSPORT;UNKNOWN MOST HARMFUL EVENT,THOMPSON PL & PATRICIA DR,NASHVILLE,TN,37217,8821,HERMIT,36.1272,-86.7073,POINT (-86.7073 36.1272)
20190093318,02/04/2019 10:20:00 AM,2,0,0,,N,676834,4,ANGLE,2,RAIN,1,DAYLIGHT,12,MOTOR VEHICLE IN TRANSPORT,28TH AVN & CLIFTON AV,NASHVILLE,TN,37209,5345,NORTH,36.1585,-86.8186,POINT (-86.8186 36.1585)
20190494896,07/01/2019 07:12:00 AM,3,0,0,,N,909494,11,Front to Rear,21,CLEAR,1,DAYLIGHT,12,MOTOR VEHICLE IN TRANSPORT,ELLINGTON PKWYS & APEX ST,NASHVILLE,TN,37206,1992,EAST,36.1872,-86.7569,POINT (-86.7569 36.1872)
20180151927,02/25/2019 09:20:00 AM,2,0,0,,N,224437,5,SIDESWIPE - SAME DIRECTION,,,1,DAYLIGHT,12,MOTOR VEHICLE IN TRANSPORT,HERMITAGE AV & KOREAN VETERANS BLVD,NASHVILLE,TN,37201,4047,CENTRA,36.1583,-86.7719,POINT (-86.7719 36.1583)
20190116310,02/12/2019 03:02:00 PM,2,0,0,,Y,876597,5,SIDESWIPE - SAME DIRECTION,21,CLEAR,1,DAYLIGHT,12,MOTOR VEHICLE IN TRANSPORT,ANTIOCH PKE & LUNA DR,NASHVILLE,TN,37211,8889,SOUTH,36.0775,-86.6823,POINT (-86.6823 36.0775)
20190220668,03/21/2019 02:22:00 PM,1,0,0,Y,N,256389,0,NOT COLLISION W/MOTOR VEHICLE-TRANSPORT,21,CLEAR,1,DAYLIGHT,39,WALL,MM 3 9 I 440,NASHVILLE,TN,37204,7010,MIDTOW,36.1161,-86.7913,POINT (-86.7913 36.1161)
20190041955,01/16/2019 05:25:00 PM,2,0,0,,Y,330419,5,SIDESWIPE - SAME DIRECTION,22,CLOUDY,5,DUSK,14,PARKED MOTOR VEHICLE,COLEY DAVIS RD & HARPETH YOUTH SOCCER PV,NASHVILLE,TN,37221,4811,WEST,36.0787,-86.9559,POINT (-86.9559 36.0787)
20190393504,05/23/2019 06:28:00 AM,2,1,0,,N,594473,11,Front to Rear,21,CLEAR,1,DAYLIGHT,12,MOTOR VEHICLE IN TRANSPORT,MM 5 8 I 440,NASHVILLE,TN,37204,83062,MIDTOW,36.1217,-86.7596,POINT (-86.7596 36.1217)
20190498439,07/02/2019 12:04:00 PM,2,0,0,,N,716886,11,Front to Rear,21,CLEAR,1,DAYLIGHT,12,MOTOR VEHICLE IN TRANSPORT,I24 E ENT RAMP & I 24,NASHVILLE,TN,37213,1007,CENTRA,36.1662,-86.7659,POINT (-86.7659 36.1662)
20190394516,05/23/2019 01:59:00 PM,1,1,0,Y,N,279122,0,NOT COLLISION W/MOTOR VEHICLE-TRANSPORT,21,CLEAR,1,DAYLIGHT,19;38,BUILDING;FENCE,OLD HICKORY BLVD & BULL RUN RD,NASHVILLE,TN,37218,3237,NORTH,36.23,-86.9107,POINT (-86.9107 36.23)
20190469075,06/20/2019 05:59:00 PM,2,0,0,,Y,299266,11,Front to Rear,21,CLEAR,1,DAYLIGHT,12,MOTOR VEHICLE IN TRANSPORT,MURFREESBORO PKE & TOWN PARK DR,NASHVILLE,TN,37217,8947,HERMIT,36.1031,-86.6662,POINT (-86.6662 36.1031)
20190073257,01/28/2019 02:00:00 PM,2,0,0,,N,716886,11,Front to Rear,21,CLEAR,1,DAYLIGHT,12,MOTOR VEHICLE IN TRANSPORT,BELL RD & I24 E EXT RAMP,ANTIOCH,TN,37013,8751,SOUTH,36.0451,-86.6593,POINT (-86.6593 36.0451)
20190245427,03/30/2019 02:32:00 AM,1,1,0,Y,N,256382,0,NOT COLLISION W/MOTOR VEHICLE-TRANSPORT,21,CLEAR,3,DARK - LIGHTED,1;40,MAIL BOX,RURAL HILL RD & RURAL HILL CIR,NASHVILLE,TN,37217,8965,HERMIT,36.0826,-86.6232,POINT (-86.6232 36.0826)
20190349583,05/07/2019 06:32:00 AM,3,2,0,,N,220884,11,Front to Rear,21,CLEAR,1,DAYLIGHT,12,MOTOR VEHICLE IN TRANSPORT,GALLATIN PKES & W WEBSTER ST,MADISON,TN,37115,1507,MADISO,36.2519,-86.7177,POINT (-86.7177 36.2519)
20190044778,01/17/2019 06:14:00 PM,2,2,0,,N,256446,11,Front to Rear,2,RAIN,3,DARK - LIGHTED,12,MOTOR VEHICLE IN TRANSPORT,NOLENSVILLE PKE & WALSH RD,NASHVILLE,TN,37210,8127,SOUTH,36.1348,-86.7595,POINT (-86.7595 36.1348)
20190471882,06/21/2019 04:50:00 PM,3,0,0,,N,161939,11,Front to Rear,22,CLOUDY,1,DAYLIGHT,12,MOTOR VEHICLE IN TRANSPORT,HARDING PL & METROPLEX DR,NASHVILLE,TN,37211,8889,SOUTH,36.0868,-86.6959,POINT (-86.6959 36.0868)
20190147393,02/23/2019 10:32:00 AM,2,0,0,,N,109534,11,Front to Rear,2,RAIN,1,DAYLIGHT,12,MOTOR VEHICLE IN TRANSPORT,SHUTE LN & OLD HICKORY BLVD,OLD HICKORY,TN,37138,9713,HERMIT,36.2323,-86.6247,POINT (-86.6247 36.2323)
20190569675,07/31/2019 02:37:00 PM,2,1,0,,N,240955,11,Front to Rear,21,CLEAR,1,DAYLIGHT,12,MOTOR VEHICLE IN TRANSPORT,HAMILTON CHURCH RD & HOBSON PKE,ANTIOCH,TN,37013,8905,SOUTH,36.0586,-86.5978,POINT (-86.5978 36.0586)
20190440250,06/10/2019 05:07:00 AM,2,1,0,,N,134867,11,Front to Rear,21,CLEAR,3,DARK - LIGHTED,12,MOTOR VEHICLE IN TRANSPORT,TITANS WAY & RUSSELL ST,NASHVILLE,TN,37213,1101,CENTRA,36.167,-86.7741,POINT (-86.7741 36.167)
20190572663,08/01/2019 05:50:00 PM,2,1,0,,N,151132,4,ANGLE,21,CLEAR,1,DAYLIGHT,12,MOTOR VEHICLE IN TRANSPORT,ALTA LOMA RD & RIVERGATE SQUARE PVTDR,MADISON,TN,37115,1757,MADISO,36.2939,-86.704,POINT (-86.704 36.2939)
20190253739,04/02/2019 11:20:00 AM,2,0,0,,N,676834,4,ANGLE,21,CLEAR,1,DAYLIGHT,12,MOTOR VEHICLE IN TRANSPORT,DOMINICAN DR & ROSA L PARKS BLVD,NASHVILLE,TN,37208,4403,NORTH,36.1879,-86.7985,POINT (-86.7985 36.1879)
20190099513,02/06/2019 08:00:00 AM,2,0,0,,N,224437,4,ANGLE,22,CLOUDY,1,DAYLIGHT,12,MOTOR VEHICLE IN TRANSPORT,MANSFIELD ST & GALLATIN AV,NASHVILLE,TN,37206,1213,EAST,36.1813,-86.7494,POINT (-86.7494 36.1813)
20190142618,02/21/2019 05:38:00 PM,2,1,0,,Y,151132,5,SIDESWIPE - SAME DIRECTION,2,RAIN,3,DARK - LIGHTED,12,MOTOR VEHICLE IN TRANSPORT,DICKERSON PKE & SKYLINE MEMORIAL CT,MADISON,TN,37115,2009,MADISO,36.2438,-86.7566,POINT (-86.7566 36.2438)
20190304414,04/20/2019 12:45:00 PM,2,0,0,,Y,226600,11,Front to Rear,2,RAIN,1,DAYLIGHT,12,MOTOR VEHICLE IN TRANSPORT,CHARLOTTE PKE & OCEOLA AV,NASHVILLE,TN,37209,5025,WEST,36.1495,-86.8605,POINT (-86.8605 36.1495)
20190202414,03/15/2019 07:00:00 AM,2,0,0,,N,256502,11,Front to Rear,21,CLEAR,1,DAYLIGHT,12,MOTOR VEHICLE IN TRANSPORT,ED TEMPLE BLVD & ROSA L PARKS BLVD,NASHVILLE,TN,37228,4483,NORTH,36.188,-86.8216,POINT (-86.8216 36.188)
20190448649,06/13/2019 12:00:00 AM,2,1,0,,Y,175719,5,SIDESWIPE - SAME DIRECTION,21,CLEAR,3,DARK - LIGHTED,12;24;34,MOTOR VEHICLE IN TRANSPORT;GUARDRAIL FACE;DITCH,ELLINGTON PKWYN & ELLINGTON PKWYS,NASHVILLE,TN,37216,1890,EAST,36.2227,-86.7464,POINT (-86.7464 36.2227)
20190248972,03/31/2019 08:47:00 PM,1,1,0,,N,320585,0,NOT COLLISION W/MOTOR VEHICLE-TRANSPORT,21,CLEAR,3,DARK - LIGHTED,36,CONCRETE TRAFFIC BARRIER,BRILEY PKWYE & BRILEY PKWYW,NASHVILLE,TN,37207,20120,MADISO,36.2396,-86.7751,POINT (-86.7751 36.2396)
20190247378,03/30/2019 11:00:00 PM,2,4,0,,N,151122,4,ANGLE,21,CLEAR,3,DARK - LIGHTED,12,MOTOR VEHICLE IN TRANSPORT,HOBSON & HAMILTON CHURCH,ANTIOCH,TN,37013,8907,SOUTH,36.0585,-86.5973,POINT (-86.5973 36.0585)
20190321708,04/26/2019 06:20:00 AM,1,0,0,,N,716886,0,NOT COLLISION W/MOTOR VEHICLE-TRANSPORT,21,CLEAR,1,DAYLIGHT,34,DITCH,OLD EZELL RD & EZELL PKE,NASHVILLE,TN,37217,8841,SOUTH,36.0981,-86.6733,POINT (-86.6733 36.0981)
20190297155,04/17/2019 10:35:00 PM,2,0,0,,N,352174,5,SIDESWIPE - SAME DIRECTION,21,CLEAR,3,DARK - LIGHTED,12,MOTOR VEHICLE IN TRANSPORT,6TH AVN & UNION ST,NASHVILLE,TN,37219,4141,CENTRA,36.164,-86.7823,POINT (-86.7823 36.164)
20190043344,01/17/2019 07:50:00 AM,2,0,0,,N,224569,11,Front to Rear,2,RAIN,4,DAWN,12,MOTOR VEHICLE IN TRANSPORT,CHARLOTTE AV & ROSA L PARKS BLVD,NASHVILLE,TN,37203,4147,CENTRA,36.1634,-86.7876,POINT (-86.7876 36.1634)
20190113648,02/11/2019 06:12:00 PM,1,0,0,,N,267831,0,NOT COLLISION W/MOTOR VEHICLE-TRANSPORT,2,RAIN,3,DARK - LIGHTED,44,PAVED SURFACE-IRREGULAR,CHARLOTTE PKE & SUMMERLY DR,NASHVILLE,TN,37209,5009,WEST,36.1375,-86.8831,POINT (-86.8831 36.1375)
20190301996,04/19/2019 12:24:00 PM,2,0,0,,Y,716886,11,Front to Rear,2,RAIN,1,DAYLIGHT,12,MOTOR VEHICLE IN TRANSPORT,THOMPSON LN & MASHBURN RD,NASHVILLE,TN,37211,8423,SOUTH,36.1097,-86.731,POINT (-86.731 36.1097)
20190366979,05/13/2019 09:08:00 PM,1,0,0,Y,N,807326,0,NOT COLLISION W/MOTOR VEHICLE-TRANSPORT,21,CLEAR,3,DARK - LIGHTED,19;38,BUILDING;FENCE,6TH AVS & LAFAYETTE ST,NASHVILLE,TN,37203,4027,CENTRA,36.1521,-86.7749,POINT (-86.7749 36.1521)
20190488952,06/28/2019 02:47:00 PM,2,0,0,,Y,279225,4,ANGLE,21,CLEAR,1,DAYLIGHT,12,MOTOR VEHICLE IN TRANSPORT,MURFREESBORO PKE RAMP & OLD MURFREESBORO,NASHVILLE,TN,37217,8947,HERMIT,36.0955,-86.6538,POINT (-86.6538 36.0955)
20190348415,05/06/2019 07:03:00 PM,2,0,0,,Y,110092,11,Front to Rear,21,CLEAR,3,DARK - LIGHTED,12,MOTOR VEHICLE IN TRANSPORT,LEBANON PKE & ANDREW JACKSON PKWY,HERMITAGE,TN,37076,9537,HERMIT,36.2151,-86.5962,POINT (-86.5962 36.2151)
20190240894,03/28/2019 02:53:00 PM,2,0,0,,N,256380,11,Front to Rear,21,CLEAR,1,DAYLIGHT,12,MOTOR VEHICLE IN TRANSPORT,DR D B TODD JR BLVD & CHARLOTTE AV,NASHVILLE,TN,37203,5357,NORTH,36.1584,-86.8004,POINT (-86.8004 36.1584)
20190539809,07/19/2019 12:21:00 PM,2,0,0,,N,594473,5,SIDESWIPE - SAME DIRECTION,21,CLEAR,1,DAYLIGHT,14,PARKED MOTOR VEHICLE,LYLE AV & BROADWAY,NASHVILLE,TN,37203,5709,MIDTOW,36.1509,-86.7977,POINT (-86.7977 36.1509)
20190127107,02/16/2019 02:30:00 AM,1,2,0,,N,109495,0,NOT COLLISION W/MOTOR VEHICLE-TRANSPORT,2,RAIN,2,DARK - NOT LIGHTED,39,WALL,I440 W ENT RAMP & I 65,NASHVILLE,TN,37204,7018,MIDTOW,36.1157,-86.7732,POINT (-86.7732 36.1157)
20190202608,03/15/2019 08:39:00 AM,2,0,0,,N,279116,11,Front to Rear,22,CLOUDY,1,DAYLIGHT,12,MOTOR VEHICLE IN TRANSPORT,GRANNY WHITE PKE & FERGUSON AV,NASHVILLE,TN,37212,6503,MIDTOW,36.1188,-86.7911,POINT (-86.7911 36.1188)
20190358652,05/10/2019 08:16:00 AM,2,0,0,,N,320586,4,ANGLE,22,CLOUDY,1,DAYLIGHT,12,MOTOR VEHICLE IN TRANSPORT,WHEELER AV & NOLENSVILLE PKE,NASHVILLE,TN,37211,8435,SOUTH,36.0957,-86.7367,POINT (-86.7367 36.0957)
20190300105,04/18/2019 08:00:00 PM,2,0,0,,N,134871,5,SIDESWIPE - SAME DIRECTION,2,RAIN,3,DARK - LIGHTED,12,MOTOR VEHICLE IN TRANSPORT,HARDING PL & NOLENSVILLE PKE,NASHVILLE,TN,37211,8705,SOUTH,36.0797,-86.7261,POINT (-86.7261 36.0797)
20190527137,07/14/2019 06:28:00 PM,1,1,0,,Y,206682,0,NOT COLLISION W/MOTOR VEHICLE-TRANSPORT,21,CLEAR,1,DAYLIGHT,8,PEDESTRIAN,GALLATIN PKES & WOODRUFF ST,MADISON,TN,37115,1605,MADISO,36.2599,-86.7131,POINT (-86.7131 36.2599)
20190325596,04/27/2019 12:00:00 AM,1,0,0,Y,N,177482,0,NOT COLLISION W/MOTOR VEHICLE-TRANSPORT,21,CLEAR,3,DARK - LIGHTED,47,FIRE HYDRANT,NEWTON AV & OBRIEN AV,NASHVILLE,TN,37209,5031,WEST,36.1502,-86.8632,POINT (-86.8632 36.1502)
20190264546,04/06/2019 03:15:00 AM,2,1,0,,N,320588,4,ANGLE,21,CLEAR,3,DARK - LIGHTED,12,MOTOR VEHICLE IN TRANSPORT,CLARKSVILLE PKE & W HAMILTON RD,NASHVILLE,TN,37218,3141,NORTH,36.2091,-86.8394,POINT (-86.8394 36.2091)
20190512088,07/08/2019 11:02:00 AM,2,0,0,,Y,812949,5,SIDESWIPE - SAME DIRECTION,21,CLEAR,1,DAYLIGHT,12,MOTOR VEHICLE IN TRANSPORT,CLARKSVILLE PKE & BUENA VISTA PKE,NASHVILLE,TN,37218,3135,NORTH,36.1935,-86.8309,POINT (-86.8309 36.1935)
20190019891,01/08/2019 06:52:00 PM,2,0,0,,N,279208,11,Front to Rear,21,CLEAR,7,Dark-Unknown Lighting,12,MOTOR VEHICLE IN TRANSPORT,MM 3 8 I 440,NASHVILLE,TN,37212,6502,MIDTOW,36.1163,-86.7919,POINT (-86.7919 36.1163)
20190402768,05/26/2019 05:59:00 PM,2,0,0,,Y,320597,4,ANGLE,21,CLEAR,1,DAYLIGHT,12,MOTOR VEHICLE IN TRANSPORT,HAYWOOD LN & HAYWOOD SQUARE PVTDR,NASHVILLE,TN,37211,8709,SOUTH,36.0694,-86.6927,POINT (-86.6927 36.0694)
20190316055,04/24/2019 10:03:00 AM,3,0,0,,N,462501,11,Front to Rear,21,CLEAR,1,DAYLIGHT,12,MOTOR VEHICLE IN TRANSPORT,8TH AVS & DEMONBREUN ST,NASHVILLE,TN,37203,4041,CENTRA,36.1569,-86.7808,POINT (-86.7808 36.1569)
20190178594,03/06/2019 04:06:00 PM,2,0,0,,Y,256426,11,Front to Rear,21,CLEAR,1,DAYLIGHT,12,MOTOR VEHICLE IN TRANSPORT,MM 213 6 I 40,NASHVILLE,TN,37217,8802,HERMIT,36.1406,-86.7202,POINT (-86.7202 36.1406)
20190226909,03/23/2019 08:24:00 PM,1,0,0,,Y,240979,0,NOT COLLISION W/MOTOR VEHICLE-TRANSPORT,21,CLEAR,3,DARK - LIGHTED,34,DITCH,W MONTICELLO AV & GALLATIN PKEN,MADISON,TN,37115,1757,MADISO,36.288,-86.7079,POINT (-86.7079 36.288)
20190388595,05/21/2019 04:14:00 PM,2,0,0,,N,151132,11,Front to Rear,21,CLEAR,1,DAYLIGHT,12,MOTOR VEHICLE IN TRANSPORT,MM 41 4 I 24,WHITES CREEK,TN,37189,20161,MADISO,36.2659,-86.7912,POINT (-86.7912 36.2659)
20190259429,04/04/2019 08:52:00 AM,2,0,0,,N,191578,11,Front to Rear,22,CLOUDY,1,DAYLIGHT,12,MOTOR VEHICLE IN TRANSPORT,BRILEY PKWY N EXT RAMP & ELM HILL PKE EB,NASHVILLE,TN,37214,9101,HERMIT,36.1523,-86.6904,POINT (-86.6904 36.1523)
20190025290,01/10/2019 03:33:00 PM,3,3,0,,N,240985,98,OTHER,21,CLEAR,1,DAYLIGHT,12,MOTOR VEHICLE IN TRANSPORT,MT PISGAH RD & EDMONDSON PKE,BRENTWOOD,TN,37027,8623,MIDTOW,36.0243,-86.7424,POINT (-86.7424 36.0243)
20190235553,03/26/2019 12:00:00 AM,2,0,0,,N,256441,5,SIDESWIPE - SAME DIRECTION,21,CLEAR,1,DAYLIGHT,12,MOTOR VEHICLE IN TRANSPORT,EDMONDSON PKE & WHISPERING HILLS DR,NASHVILLE,TN,37211,8661,MIDTOW,36.0729,-86.7325,POINT (-86.7325 36.0729)
20190387746,05/21/2019 10:47:00 AM,2,0,0,,N,665896,4,ANGLE,21,CLEAR,1,DAYLIGHT,12,MOTOR VEHICLE IN TRANSPORT,LITTON AV & GALLATIN PKE,NASHVILLE,TN,37216,1403,EAST,36.2024,-86.7392,POINT (-86.7392 36.2024)
20190281606,04/12/2019 12:55:00 PM,2,0,0,,Y,267831,4,ANGLE,22,CLOUDY,1,DAYLIGHT,12,MOTOR VEHICLE IN TRANSPORT,PAGE RD & HARDING PKE,NASHVILLE,TN,37205,6201,WEST,36.1002,-86.8707,POINT (-86.8707 36.1002)
20190477767,06/24/2019 05:01:00 PM,2,0,0,,N,690942,11,Front to Rear,21,CLEAR,1,DAYLIGHT,12,MOTOR VEHICLE IN TRANSPORT,CHARLOTTE AV & 11TH AVN,NASHVILLE,TN,37203,4205,CENTRA,36.1627,-86.7894,POINT (-86.7894 36.1627)
20190362609,05/11/2019 11:30:00 PM,2,1,0,,N,330441,4,ANGLE,2,RAIN,2,DARK - NOT LIGHTED,12;54,MOTOR VEHICLE IN TRANSPORT;Set In Motion By Motor Vehicle,FRANKLIN PKE & HARDING PL,NASHVILLE,TN,37204,7027,MIDTOW,36.0866,-86.772,POINT (-86.772 36.0866)
20190388689,05/21/2019 05:00:00 PM,2,0,0,,N,279214,4,ANGLE,21,CLEAR,1,DAYLIGHT,12,MOTOR VEHICLE IN TRANSPORT,WEDGEWOOD AV & 8TH AVS,NASHVILLE,TN,37204,6919,MIDTOW,36.1343,-86.7796,POINT (-86.7796 36.1343)
20190466049,06/19/2019 08:00:00 PM,1,0,0,,N,419972,0,NOT COLLISION W/MOTOR VEHICLE-TRANSPORT,2,RAIN,3,DARK - LIGHTED,39,WALL,MM 205 2 I 40,NASHVILLE,TN,37209,52027,WEST,36.154,-86.835,POINT (-86.835 36.154)
20190197218,03/13/2019 12:20:00 PM,2,0,0,,Y,468031,11,Front to Rear,21,CLEAR,1,DAYLIGHT,14,PARKED MOTOR VEHICLE,GALLATIN PKE & ELVIRA AV,NASHVILLE,TN,37216,1417,EAST,36.2061,-86.7368,POINT (-86.7368 36.2061)
20190168738,03/03/2019 12:10:00 PM,3,0,0,,N,693093,11,Front to Rear,2,RAIN,1,DAYLIGHT,12,MOTOR VEHICLE IN TRANSPORT,GALLATIN PKEN & LIBERTY LN,MADISON,TN,37115,1731,MADISO,36.3051,-86.6884,POINT (-86.6884 36.3051)
20190434565,06/07/2019 03:30:00 PM,2,0,0,,N,279224,4,ANGLE,2,RAIN,1,DAYLIGHT,12,MOTOR VEHICLE IN TRANSPORT,S 5TH ST & SHELBY AV,NASHVILLE,TN,37206,1009,EAST,36.1676,-86.7622,POINT (-86.7622 36.1676)
20190113591,02/11/2019 06:37:00 PM,2,1,0,,Y,876597,11,Front to Rear,2,RAIN,3,DARK - LIGHTED,12,MOTOR VEHICLE IN TRANSPORT,MURFREESBORO PKE & LAKEVILLA DR,ANTIOCH,TN,37013,8861,SOUTH,36.0767,-86.6409,POINT (-86.6409 36.0767)
20190177213,03/06/2019 07:11:00 AM,4,4,0,,N,420059,11,Front to Rear,21,CLEAR,1,DAYLIGHT,12,MOTOR VEHICLE IN TRANSPORT,FREDERICKSBURG WAY & CLOVERLAND DR,BRENTWOOD,TN,37027,8621,MIDTOW,36.0324,-86.7653,POINT (-86.7653 36.0324)
20190552324,07/24/2019 11:00:00 AM,2,0,0,,N,225773,11,Front to Rear,21,CLEAR,1,DAYLIGHT,12,MOTOR VEHICLE IN TRANSPORT,THOMPSON LN & NOLENSVILLE PKE,NASHVILLE,TN,37211,8519,MIDTOW,36.1109,-86.7452,POINT (-86.7452 36.1109)
20190580804,08/05/2019 06:54:00 AM,2,0,0,,N,191578,11,Front to Rear,21,CLEAR,1,DAYLIGHT,12,MOTOR VEHICLE IN TRANSPORT,MM 213 9 I 40,NASHVILLE,TN,37217,8802,HERMIT,36.1415,-86.7148,POINT (-86.7148 36.1415)
20190548996,07/23/2019 07:45:00 AM,2,1,0,,N,420059,11,Front to Rear,21,CLEAR,1,DAYLIGHT,12,MOTOR VEHICLE IN TRANSPORT,TROUSDALE DR & HARDING PL,NASHVILLE,TN,37211,8507,MIDTOW,36.0823,-86.7582,POINT (-86.7582 36.0823)
20190418823,06/01/2019 02:17:00 PM,2,0,0,,Y,320585,5,SIDESWIPE - SAME DIRECTION,21,CLEAR,1,DAYLIGHT,12,MOTOR VEHICLE IN TRANSPORT,BRILEY PKWYN & BRILEY PKWYS,NASHVILLE,TN,37211,8404,SOUTH,36.1092,-86.727,POINT (-86.727 36.1092)
20190115379,02/12/2019 08:37:00 AM,2,0,0,,N,414731,3,REAR-TO-REAR,2,RAIN,1,DAYLIGHT,12,MOTOR VEHICLE IN TRANSPORT,EISENHOWER DR & LINBAR DR,NASHVILLE,TN,37211,8443,SOUTH,36.0847,-86.7061,POINT (-86.7061 36.0847)
20190334906,05/01/2019 11:14:00 AM,2,0,0,,N,468030,11,Front to Rear,22,CLOUDY,1,DAYLIGHT,12,MOTOR VEHICLE IN TRANSPORT,GALLATIN PKE & LELAND AV,NASHVILLE,TN,37216,1415,EAST,36.2039,-86.7383,POINT (-86.7383 36.2039)
20190248161,03/31/2019 09:37:00 AM,2,0,0,,N,299243,11,Front to Rear,21,CLEAR,1,DAYLIGHT,14,PARKED MOTOR VEHICLE,6TH AVN & CHURCH ST,NASHVILLE,TN,37219,4125,CENTRA,36.1626,-86.7814,POINT (-86.7814 36.1626)
20190152252,02/16/2019 12:00:00 AM,1,0,0,Y,Y,137982,0,NOT COLLISION W/MOTOR VEHICLE-TRANSPORT,99,UNKNOWN,9,UNKNOWN,38,FENCE,THOMPSON PL & PATRICIA DR,NASHVILLE,TN,37217,8821,HERMIT,36.1272,-86.7073,POINT (-86.7073 36.1272)
20190312155,04/23/2019 08:23:00 AM,2,1,0,,N,262749,4,ANGLE,21,CLEAR,1,DAYLIGHT,12,MOTOR VEHICLE IN TRANSPORT,ELM HILL PKE & ARLINGTON AV,NASHVILLE,TN,37210,9013,HERMIT,36.1437,-86.7319,POINT (-86.7319 36.1437)
20190265130,04/06/2019 11:19:00 AM,2,2,0,,N,320575,11,Front to Rear,21,CLEAR,1,DAYLIGHT,12,MOTOR VEHICLE IN TRANSPORT,MM 7 0 I 440,NASHVILLE,TN,37210,83042,SOUTH,36.1243,-86.738,POINT (-86.738 36.1243)
20190234068,03/26/2019 08:10:00 AM,1,0,0,,N,405404,0,NOT COLLISION W/MOTOR VEHICLE-TRANSPORT,21,CLEAR,1,DAYLIGHT,31,"OTHER POST, POLE, SUPP.",MURFREESBORO PKE & MCGAVOCK PKE,NASHVILLE,TN,37217,8841,SOUTH,36.1129,-86.689,POINT (-86.689 36.1129)
20190285467,04/14/2019 02:46:00 AM,3,3,0,,N,468098,5,SIDESWIPE - SAME DIRECTION,2,RAIN,2,DARK - NOT LIGHTED,12,MOTOR VEHICLE IN TRANSPORT,MM 59 4 I 24,ANTIOCH,TN,37013,8808,SOUTH,36.0454,-86.659,POINT (-86.659 36.0454)
20190520251,07/11/2019 04:17:00 PM,2,0,0,,N,298858,11,Front to Rear,21,CLEAR,1,DAYLIGHT,12,MOTOR VEHICLE IN TRANSPORT,MM 210 0 I 40,NASHVILLE,TN,37203,40060,CENTRA,36.149,-86.7764,POINT (-86.7764 36.149)
20190535256,07/17/2019 07:00:00 PM,2,0,0,,Y,345098,11,Front to Rear,21,CLEAR,1,DAYLIGHT,12,MOTOR VEHICLE IN TRANSPORT,MM 211 3 I 40,NASHVILLE,TN,37210,9002,HERMIT,36.1524,-86.7539,POINT (-86.7539 36.1524)
20190006197,01/03/2019 08:51:00 AM,3,0,0,Y,N,191578,4,ANGLE,22,CLOUDY,1,DAYLIGHT,12;14,MOTOR VEHICLE IN TRANSPORT;PARKED MOTOR VEHICLE,TRENTON DR & TRENTON CT,HERMITAGE,TN,37076,9537,HERMIT,36.213,-86.5923,POINT (-86.5923 36.213)