Accident Number,Date and Time,Number of Motor Vehicles,Number of Injuries,Number of Fatalities,Property Damage,Hit and Run,Reporting Officer,Collision Type Code,Collision Type Description,Weather Code,Weather Description,Illumination Code,Illumination Description,Harmful Code,Harmful Code Description,Street Address,City,State,ZIP,RPA,Precinct,Latitude,Longitude,Mapped Location
20190257752,04/03/2019 04:37:00 PM,2,0,0,,Y,311803,6,SIDESWIPE - OPPOSITE DIRECTION,21,CLEAR,1,DAYLIGHT,12,MOTOR VEHICLE IN TRANSPORT,BEECHWOOD AV & 21ST AVS,NASHVILLE,TN,37212,6509,MIDTOW,36.127,-86.8033,POINT (-86.8033 36.127)
20190105288,02/08/2019 08:30:00 AM,2,0,0,,N,676834,5,SIDESWIPE - SAME DIRECTION,21,CLEAR,1,DAYLIGHT,12,MOTOR VEHICLE IN TRANSPORT,MM 208 0 I 40,NASHVILLE,TN,37208,54022,NORTH,36.1707,-86.7983,POINT (-86.7983 36.1707)
20190088023,02/02/2019 12:01:00 AM,2,0,0,,N,299245,11,Front to Rear,21,CLEAR,3,DARK - LIGHTED,12,MOTOR VEHICLE IN TRANSPORT,SPRING ST & DICKERSON PKE,NASHVILLE,TN,37207,1979,EAST,36.1765,-86.7702,POINT (-86.7702 36.1765)
20190502022,07/03/2019 02:52:00 PM,2,0,0,,Y,299241,9,UNKNOWN,21,CLEAR,1,DAYLIGHT,14,PARKED MOTOR VEHICLE,UNIVERSITY CT & CARROLL ST,NASHVILLE,TN,37210,8201,HERMIT,36.1525,-86.7637,POINT (-86.7637 36.1525)
20190346039,05/06/2019 02:29:00 AM,2,2,0,,Y,468098,6,SIDESWIPE - OPPOSITE DIRECTION,21,CLEAR,3,DARK - LIGHTED,12;68,MOTOR VEHICLE IN TRANSPORT;Cross Center Line,UNA ANTIOCH PKE & TREETOP DR,ANTIOCH,TN,37013,8861,SOUTH,36.0759,-86.6599,POINT (-86.6599 36.0759)
20190128221,02/16/2019 04:19:00 PM,2,0,0,,Y,212346,3,REAR-TO-REAR,21,CLEAR,1,DAYLIGHT,14,PARKED MOTOR VEHICLE,5TH AVS & KOREAN VETERANS BLVD,NASHVILLE,TN,37203,4057,CENTRA,36.157,-86.7762,POINT (-86.7762 36.157)
20190545123,07/21/2019 08:28:00 PM,2,0,0,,N,298863,4,ANGLE,21,CLEAR,7,Dark-Unknown Lighting,12,MOTOR VEHICLE IN TRANSPORT,4TH AVS & KOREAN VETERANS BLVD,NASHVILLE,TN,37201,4047,CENTRA,36.1569,-86.7745,POINT (-86.7745 36.1569)
20190322958,04/26/2019 04:20:00 PM,3,1,0,,N,320580,11,Front to Rear,21,CLEAR,1,DAYLIGHT,12,MOTOR VEHICLE IN TRANSPORT,LEBANON PKE & THE CROSSINGS PVTDR,NASHVILLE,TN,37214,9121,HERMIT,36.169,-86.6833,POINT (-86.6833 36.169)
20190577116,08/03/2019 11:23:00 AM,2,1,0,,N,352197,4,ANGLE,21,CLEAR,1,DAYLIGHT,12,MOTOR VEHICLE IN TRANSPORT,OLD HICKORY BLVD & NOLENSVILLE PKE,ANTIOCH,TN,37013,8757,SOUTH,36.0455,-86.7122,POINT (-86.7122 36.0455)
20190555717,07/25/2019 05:51:00 PM,2,0,0,,N,256383,11,Front to Rear,21,CLEAR,1,DAYLIGHT,12,MOTOR VEHICLE IN TRANSPORT,GLENROSE AV & FOSTER AV,NASHVILLE,TN,37210,8105,SOUTH,36.1254,-86.7424,POINT (-86.7424 36.1254)
20190335710,05/01/2019 05:35:00 PM,2,0,0,,N,664196,5,SIDESWIPE - SAME DIRECTION,22,CLOUDY,1,DAYLIGHT,12,MOTOR VEHICLE IN TRANSPORT,OLD HICKORY BLVD & I65 N EXT RAMP,BRENTWOOD,TN,37027,8623,MIDTOW,36.0399,-86.781,POINT (-86.781 36.0399)
20190128736,02/16/2019 09:27:00 PM,2,0,0,,N,298858,4,ANGLE,21,CLEAR,3,DARK - LIGHTED,12,MOTOR VEHICLE IN TRANSPORT,7TH AVS & BROADWAY,NASHVILLE,TN,37203,4085,CENTRA,36.1594,-86.781,POINT (-86.781 36.1594)
20190486528,06/27/2019 05:17:00 PM,2,0,0,,Y,256426,5,SIDESWIPE - SAME DIRECTION,21,CLEAR,1,DAYLIGHT,12,MOTOR VEHICLE IN TRANSPORT,BRILEY PKWYN & BRILEY PKWYS,NASHVILLE,TN,37211,8404,SOUTH,36.1092,-86.727,POINT (-86.727 36.1092)
20190102449,02/07/2019 07:53:00 AM,2,0,0,,N,226136,5,SIDESWIPE - SAME DIRECTION,22,CLOUDY,1,DAYLIGHT,12,MOTOR VEHICLE IN TRANSPORT,SCARRITT PL & 19TH AVS,NASHVILLE,TN,37212,6709,MIDTOW,36.1459,-86.798,POINT (-86.798 36.1459)
20190379353,05/17/2019 06:00:00 PM,2,0,0,,Y,807326,5,SIDESWIPE - SAME DIRECTION,21,CLEAR,1,DAYLIGHT,12,MOTOR VEHICLE IN TRANSPORT,MIDDLETON ST & ROLLING MILL HILL RD,NASHVILLE,TN,37210,4001,CENTRA,36.1566,-86.7667,POINT (-86.7667 36.1566)
20190265243,04/06/2019 01:00:00 PM,1,1,0,,N,279227,0,NOT COLLISION W/MOTOR VEHICLE-TRANSPORT,21,CLEAR,1,DAYLIGHT,36,CONCRETE TRAFFIC BARRIER,MM 61 8 I 24,ANTIOCH,TN,37013,8806,SOUTH,36.0231,-86.6301,POINT (-86.6301 36.0231)
20190260193,04/04/2019 02:48:00 PM,2,0,0,,N,690942,4,ANGLE,22,CLOUDY,1,DAYLIGHT,14,PARKED MOTOR VEHICLE,CHURCH ST & 11TH AVN,NASHVILLE,TN,37203,4119,CENTRA,36.1594,-86.7885,POINT (-86.7885 36.1594)
20190501789,07/03/2019 02:04:00 PM,2,0,0,,N,109495,11,Front to Rear,22,CLOUDY,1,DAYLIGHT,12,MOTOR VEHICLE IN TRANSPORT,MM 82 1 I 65,NASHVILLE,TN,37203,80061,MIDTOW,36.1449,-86.777,POINT (-86.777 36.1449)
20190351040,05/07/2019 03:26:00 PM,3,0,0,,Y,256383,5,SIDESWIPE - SAME DIRECTION,21,CLEAR,1,DAYLIGHT,12,MOTOR VEHICLE IN TRANSPORT,MM 59 4 I 24,ANTIOCH,TN,37013,8808,SOUTH,36.0454,-86.659,POINT (-86.659 36.0454)
20190161724,02/28/2019 02:00:00 PM,2,0,0,,N,538214,5,SIDESWIPE - SAME DIRECTION,22,CLOUDY,1,DAYLIGHT,12,MOTOR VEHICLE IN TRANSPORT,5TH AVS & LEA AV,NASHVILLE,TN,37203,4037,CENTRA,36.1541,-86.7743,POINT (-86.7743 36.1541)
20190159544,02/27/2019 07:25:00 PM,2,0,0,,Y,256383,11,Front to Rear,21,CLEAR,3,DARK - LIGHTED,12,MOTOR VEHICLE IN TRANSPORT,MM 54 7 I 24,NASHVILLE,TN,37211,8602,SOUTH,36.0977,-86.7096,POINT (-86.7096 36.0977)
20190022778,01/09/2019 05:58:00 PM,1,0,0,,N,345098,0,NOT COLLISION W/MOTOR VEHICLE-TRANSPORT,21,CLEAR,2,DARK - NOT LIGHTED,8,PEDESTRIAN,OLD HICKORY BLVD & OLD HICKORY BLVD PVTD,HERMITAGE,TN,37076,9531,HERMIT,36.1959,-86.6196,POINT (-86.6196 36.1959)
20190130511,02/17/2019 06:23:00 PM,3,1,0,Y,N,433550,0,NOT COLLISION W/MOTOR VEHICLE-TRANSPORT,2,RAIN,2,DARK - NOT LIGHTED,18,OTHER OBJECT (NOT FIXED),MM 222 1 I 40,HERMITAGE,TN,37076,9502,HERMIT,36.1693,-86.5778,POINT (-86.5778 36.1693)
20190111111,02/11/2019 10:48:00 PM,2,1,0,,N,620080,2,HEAD-ON,22,CLOUDY,3,DARK - LIGHTED,12,MOTOR VEHICLE IN TRANSPORT,HAYWOOD LN & LOCUSTWOOD DR,NASHVILLE,TN,37211,8711,SOUTH,36.0689,-86.7031,POINT (-86.7031 36.0689)
20190060770,01/23/2019 01:00:00 PM,1,0,0,Y,Y,225819,0,NOT COLLISION W/MOTOR VEHICLE-TRANSPORT,2,RAIN,1,DAYLIGHT,43,OTHER FIXED OBJECTS,DEER VALLEY TRL & BLUFFHOLLOW GAP,ANTIOCH,TN,37013,8755,SOUTH,36.03,-86.6791,POINT (-86.6791 36.03)
20190411453,05/29/2019 10:25:00 PM,2,0,0,,N,191786,11,Front to Rear,21,CLEAR,3,DARK - LIGHTED,12,MOTOR VEHICLE IN TRANSPORT,I65 S EXT RAMP & I 65,MADISON,TN,37115,20044,MADISO,36.2481,-86.743,POINT (-86.743 36.2481)
20190426486,06/04/2019 06:22:00 PM,4,3,0,,N,633391,11,Front to Rear,21,CLEAR,1,DAYLIGHT,12,MOTOR VEHICLE IN TRANSPORT,MM 1 7 I 440,NASHVILLE,TN,37209,5312,NORTH,36.1536,-86.8226,POINT (-86.8226 36.1536)
20190506632,07/05/2019 01:24:00 PM,2,0,0,,N,584947,11,Front to Rear,21,CLEAR,1,DAYLIGHT,12,MOTOR VEHICLE IN TRANSPORT,17TH AVN & CHARLOTTE AV,NASHVILLE,TN,37203,5503,MIDTOW,36.1588,-86.7982,POINT (-86.7982 36.1588)
20190130280,02/17/2019 02:49:00 PM,1,0,0,Y,N,299244,0,NOT COLLISION W/MOTOR VEHICLE-TRANSPORT,2,RAIN,1,DAYLIGHT,36,CONCRETE TRAFFIC BARRIER,MM 208 4 I 40,NASHVILLE,TN,37203,54024,NORTH,36.165,-86.7943,POINT (-86.7943 36.165)
20190273323,04/09/2019 03:23:00 PM,2,0,0,,Y,256380,11,Front to Rear,21,CLEAR,1,DAYLIGHT,12,MOTOR VEHICLE IN TRANSPORT,CLARKSVILLE PKE & CLIFF DR,NASHVILLE,TN,37218,3157,NORTH,36.1923,-86.8291,POINT (-86.8291 36.1923)
20190016971,01/07/2019 05:19:00 PM,2,0,0,,N,298867,11,Front to Rear,21,CLEAR,2,DARK - NOT LIGHTED,12,MOTOR VEHICLE IN TRANSPORT,ELLINGTON PKWYN & ELLINGTON PKWYS,NASHVILLE,TN,37216,1890,EAST,36.2227,-86.7464,POINT (-86.7464 36.2227)
20190450087,06/13/2019 02:45:00 PM,2,1,0,,N,714641,11,Front to Rear,,,1,DAYLIGHT,12,MOTOR VEHICLE IN TRANSPORT,MM 47 7 I 24,NASHVILLE,TN,37207,19020,EAST,36.179,-86.7737,POINT (-86.7737 36.179)
20190051189,01/20/2019 08:00:00 AM,1,0,0,Y,N,332253,0,NOT COLLISION W/MOTOR VEHICLE-TRANSPORT,4,SNOW,1,DAYLIGHT,38;40,FENCE;MAIL BOX,BAKER RD & OLD SPRINGFIELD PKE,GOODLETTSVILLE,TN,37072,2221,MADISO,36.3574,-86.7404,POINT (-86.7404 36.3574)
20190237787,03/27/2019 02:37:00 PM,2,7,1,,N,716886,2,HEAD-ON,21,CLEAR,1,DAYLIGHT,12,MOTOR VEHICLE IN TRANSPORT,BLUE HOLE RD & HONEY GROVE DR,ANTIOCH,TN,37013,8753,SOUTH,36.0377,-86.6773,POINT (-86.6773 36.0377)
20190143060,02/21/2019 08:45:00 PM,2,0,0,,N,134871,4,ANGLE,2,RAIN,3,DARK - LIGHTED,12,MOTOR VEHICLE IN TRANSPORT,12TH AVS & DEMONBREUN ST,NASHVILLE,TN,37203,4015,CENTRA,36.1546,-86.7862,POINT (-86.7862 36.1546)
20190508261,07/06/2019 06:40:00 AM,2,0,0,,N,876581,4,ANGLE,2,RAIN,1,DAYLIGHT,12,MOTOR VEHICLE IN TRANSPORT,MM 92 0 I 65,MADISON,TN,37115,17280,MADISO,36.2612,-86.7382,POINT (-86.7382 36.2612)
20190094572,02/04/2019 06:18:00 PM,2,0,0,,N,179606,11,Front to Rear,2,RAIN,3,DARK - LIGHTED,12,MOTOR VEHICLE IN TRANSPORT,MM 75 0 I 65,BRENTWOOD,TN,37027,86040,MIDTOW,36.0442,-86.7806,POINT (-86.7806 36.0442)
20190573950,08/02/2019 06:34:00 AM,2,0,0,,N,320574,11,Front to Rear,21,CLEAR,4,DAWN,12,MOTOR VEHICLE IN TRANSPORT,BELL RD & STEWARTS FERRY PKE,NASHVILLE,TN,37214,8959,HERMIT,36.1522,-86.6251,POINT (-86.6251 36.1522)
20190443999,06/11/2019 01:00:00 PM,1,2,0,,N,224955,0,NOT COLLISION W/MOTOR VEHICLE-TRANSPORT,22,CLOUDY,1,DAYLIGHT,31,"OTHER POST, POLE, SUPP.",SKYLINE COMMONS PVTDR & DICKERSON PKE,NASHVILLE,TN,37207,2011,MADISO,36.2466,-86.7569,POINT (-86.7569 36.2466)
20190210893,03/18/2019 04:35:00 PM,2,2,0,Y,N,580819,4,ANGLE,21,CLEAR,1,DAYLIGHT,12,MOTOR VEHICLE IN TRANSPORT,HARRISON ST & ROSA L PARKS BLVD,NASHVILLE,TN,37203,4209,CENTRA,36.1685,-86.7883,POINT (-86.7883 36.1685)
20190421001,06/02/2019 04:43:00 PM,1,0,0,,N,352201,0,NOT COLLISION W/MOTOR VEHICLE-TRANSPORT,21,CLEAR,1,DAYLIGHT,24,GUARDRAIL FACE,TUNE AIRPORT DR & HERMITAGE PLZ,NASHVILLE,TN,37209,4653,WEST,36.1792,-86.8834,POINT (-86.8834 36.1792)
20190097362,02/05/2019 03:41:00 PM,3,2,0,Y,N,206675,4,ANGLE,21,CLEAR,1,DAYLIGHT,12,MOTOR VEHICLE IN TRANSPORT,21ST AVS & GRAND AV,NASHVILLE,TN,37212,6709,MIDTOW,36.1468,-86.7995,POINT (-86.7995 36.1468)
20190483387,06/26/2019 02:52:00 PM,2,0,0,,N,134899,11,Front to Rear,2,RAIN,1,DAYLIGHT,12,MOTOR VEHICLE IN TRANSPORT,BRILEY PKWY & INTERNATIONAL PLZ,NASHVILLE,TN,37217,8998,HERMIT,36.1272,-86.6959,POINT (-86.6959 36.1272)
20190385449,05/20/2019 02:59:00 PM,2,0,0,,N,134899,11,Front to Rear,21,CLEAR,1,DAYLIGHT,12,MOTOR VEHICLE IN TRANSPORT,BELL RD & NASHBORO BLVD,NASHVILLE,TN,37217,8965,HERMIT,36.0895,-86.6273,POINT (-86.6273 36.0895)
20190371522,05/15/2019 08:50:00 AM,2,1,0,,N,352188,4,ANGLE,2,RAIN,1,DAYLIGHT,12,MOTOR VEHICLE IN TRANSPORT,WHITE BRIDGE PKE & TARGET PVTDR,NASHVILLE,TN,37205,5019,WEST,36.1295,-86.8546,POINT (-86.8546 36.1295)
20190361833,05/11/2019 02:46:00 PM,3,0,0,,N,299241,5,SIDESWIPE - SAME DIRECTION,2,RAIN,1,DAYLIGHT,12,MOTOR VEHICLE IN TRANSPORT,SHUTE LN & SAUNDERSVILLE RD,OLD HICKORY,TN,37138,9717,HERMIT,36.2267,-86.6032,POINT (-86.6032 36.2267)
20190497819,07/02/2019 07:32:00 AM,4,1,0,,N,224955,11,Front to Rear,21,CLEAR,1,DAYLIGHT,12,MOTOR VEHICLE IN TRANSPORT,EWING DR & BRICK CHURCH PKE,NASHVILLE,TN,37207,2031,MADISO,36.025,-86.721,POINT (-86.721 36.025)
20190327379,04/28/2019 08:18:00 PM,2,0,0,,Y,299244,11,Front to Rear,21,CLEAR,3,DARK - LIGHTED,12,MOTOR VEHICLE IN TRANSPORT,BROADWAY & I40 W ENT RAMP,NASHVILLE,TN,37203,4081,CENTRA,36.156,-86.7889,POINT (-86.7889 36.156)
20190147142,02/23/2019 08:00:00 AM,2,0,0,,N,179602,4,ANGLE,2,RAIN,1,DAYLIGHT,12,MOTOR VEHICLE IN TRANSPORT,3RD AVN & JEFFERSON ST,NASHVILLE,TN,37201,4233,CENTRA,36.175,-86.7847,POINT (-86.7847 36.175)
20190055745,01/22/2019 06:30:00 AM,4,0,0,,N,879558,11,Front to Rear,21,CLEAR,4,DAWN,12,MOTOR VEHICLE IN TRANSPORT,BRILEY PKWYS & BRILEY PKWY S ENT RAMP,NASHVILLE,TN,37211,88962,SOUTH,36.1103,-86.7197,POINT (-86.7197 36.1103)
20190303692,04/20/2019 12:00:00 AM,1,0,0,Y,Y,879558,0,NOT COLLISION W/MOTOR VEHICLE-TRANSPORT,2,RAIN,3,DARK - LIGHTED,29,LUMINAIRE/LIGHT SUPPORT,MUSIC VALLEY DR & BRILEY PKWYS,NASHVILLE,TN,37214,9213,HERMIT,36.2278,-86.6976,POINT (-86.6976 36.2278)
20190205785,03/16/2019 01:34:00 PM,2,0,0,,Y,330427,5,SIDESWIPE - SAME DIRECTION,21,CLEAR,1,DAYLIGHT,12,MOTOR VEHICLE IN TRANSPORT,MM 52 0 I 24,NASHVILLE,TN,37217,8816,SOUTH,36.1329,-86.7267,POINT (-86.7267 36.1329)
20190251414,04/01/2019 04:20:00 PM,2,0,0,,N,690942,4,ANGLE,21,CLEAR,1,DAYLIGHT,12,MOTOR VEHICLE IN TRANSPORT,2ND AVS & I40 W EXT RAMP,NASHVILLE,TN,37210,4003,CENTRA,36.1518,-86.7686,POINT (-86.7686 36.1518)
20190241295,03/28/2019 05:22:00 PM,2,1,0,,N,192871,6,SIDESWIPE - OPPOSITE DIRECTION,21,CLEAR,1,DAYLIGHT,12,MOTOR VEHICLE IN TRANSPORT,CONNARE DR & ONE MILE PKWY,MADISON,TN,37115,1759,MADISO,36.28,-86.7133,POINT (-86.7133 36.28)
20190136503,02/19/2019 06:20:00 PM,1,0,0,,N,320594,0,NOT COLLISION W/MOTOR VEHICLE-TRANSPORT,2,RAIN,2,DARK - NOT LIGHTED,36,CONCRETE TRAFFIC BARRIER,I40 E EXT RAMP & I 40,NASHVILLE,TN,37214,8955,HERMIT,36.155,-86.6271,POINT (-86.6271 36.155)
20190345203,05/05/2019 04:35:00 PM,2,0,0,,N,887598,6,SIDESWIPE - OPPOSITE DIRECTION,21,CLEAR,1,DAYLIGHT,14,PARKED MOTOR VEHICLE,N 2ND ST & HANCOCK ST,NASHVILLE,TN,37207,1963,EAST,36.1842,-86.7713,POINT (-86.7713 36.1842)
20190184382,03/08/2019 01:41:00 PM,2,1,0,,N,320575,4,ANGLE,2,RAIN,1,DAYLIGHT,12,MOTOR VEHICLE IN TRANSPORT,ARBOR COMMON & BEECHWOOD TER,ANTIOCH,TN,37013,8753,SOUTH,36.0449,-86.6684,POINT (-86.6684 36.0449)
20190569863,07/31/2019 04:20:00 PM,3,0,0,,N,468160,11,Front to Rear,21,CLEAR,1,DAYLIGHT,12,MOTOR VEHICLE IN TRANSPORT,STATE HWY 255 & CONNECTING ROAD,NASHVILLE,TN,37214,8953,HERMIT,36.1387,-86.6654,POINT (-86.6654 36.1387)
20190493634,06/30/2019 05:00:00 PM,2,0,0,,N,311328,4,ANGLE,21,CLEAR,1,DAYLIGHT,12,MOTOR VEHICLE IN TRANSPORT,CHARLOTTE AV & ROSA L PARKS BLVD,NASHVILLE,TN,37203,4147,CENTRA,36.1634,-86.7876,POINT (-86.7876 36.1634)
20190579670,08/04/2019 04:04:00 PM,1,0,0,,N,299241,0,NOT COLLISION W/MOTOR VEHICLE-TRANSPORT,2,RAIN,1,DAYLIGHT,36,CONCRETE TRAFFIC BARRIER,I40 E EXT RAMP & I 40,NASHVILLE,TN,37214,8955,HERMIT,36.155,-86.6271,POINT (-86.6271 36.155)
20190259508,04/04/2019 08:03:00 AM,2,2,0,,N,414731,11,Front to Rear,21,CLEAR,1,DAYLIGHT,12,MOTOR VEHICLE IN TRANSPORT,RICHARDS RD & ANTIOCH PKE,ANTIOCH,TN,37013,8893,SOUTH,36.0692,-86.6838,POINT (-86.6838 36.0692)
20190296287,04/17/2019 04:32:00 PM,2,0,0,,N,267831,4,ANGLE,22,CLOUDY,1,DAYLIGHT,12,MOTOR VEHICLE IN TRANSPORT,OLD HICKORY BLVD & BELLE FOREST CIR,NASHVILLE,TN,37221,4815,WEST,36.0768,-86.9205,POINT (-86.9205 36.0768)
20190339609,05/03/2019 04:50:00 AM,2,0,0,,N,352207,5,SIDESWIPE - SAME DIRECTION,2,RAIN,3,DARK - LIGHTED,12,MOTOR VEHICLE IN TRANSPORT,MURFREESBORO PKE & HAMILTON CROSSINGS,ANTIOCH,TN,37013,8865,SOUTH,36.0655,-86.6292,POINT (-86.6292 36.0655)
20190335231,05/01/2019 12:00:00 AM,2,0,0,,Y,429205,5,SIDESWIPE - SAME DIRECTION,21,CLEAR,1,DAYLIGHT,12,MOTOR VEHICLE IN TRANSPORT,MM 49 3 I 24,NASHVILLE,TN,37206,10040,EAST,36.1629,-86.7614,POINT (-86.7614 36.1629)
20190552871,07/24/2019 04:38:00 PM,2,0,0,,N,298858,5,SIDESWIPE - SAME DIRECTION,21,CLEAR,1,DAYLIGHT,12,MOTOR VEHICLE IN TRANSPORT,HERMITAGE AV & KOREAN VETERANS BLVD,NASHVILLE,TN,37201,4047,CENTRA,36.1583,-86.7719,POINT (-86.7719 36.1583)
20190158866,02/27/2019 02:12:00 PM,2,1,0,,N,197047,4,ANGLE,21,CLEAR,1,DAYLIGHT,12,MOTOR VEHICLE IN TRANSPORT,SHELBY AV & S 4TH ST,NASHVILLE,TN,37206,1009,EAST,36.167,-86.7637,POINT (-86.7637 36.167)
20190033869,01/14/2019 03:23:00 AM,1,0,0,,N,256493,0,NOT COLLISION W/MOTOR VEHICLE-TRANSPORT,21,CLEAR,3,DARK - LIGHTED,32,CULVERT,SMITH SPRINGS RD & OLD SMITH SPRINGS RD,NASHVILLE,TN,37217,8935,HERMIT,36.0921,-86.631,POINT (-86.631 36.0921)
20190035694,01/14/2019 06:10:00 PM,2,0,0,,N,267831,4,ANGLE,22,CLOUDY,3,DARK - LIGHTED,12,MOTOR VEHICLE IN TRANSPORT,HIGHWAY 70S & BELLEVUE CTR PVTDR,NASHVILLE,TN,37221,4811,WEST,36.0785,-86.9508,POINT (-86.9508 36.0785)
20190188935,03/10/2019 03:19:00 PM,2,0,0,,N,306231,11,Front to Rear,21,CLEAR,1,DAYLIGHT,12,MOTOR VEHICLE IN TRANSPORT,DOMINICAN DR & ROSA L PARKS BLVD,NASHVILLE,TN,37208,4403,NORTH,36.1879,-86.7985,POINT (-86.7985 36.1879)
20190457046,06/16/2019 11:00:00 AM,2,0,0,,N,320575,11,Front to Rear,21,CLEAR,1,DAYLIGHT,12,MOTOR VEHICLE IN TRANSPORT,ANTIOCH PKE & HARDING PL,NASHVILLE,TN,37211,8847,SOUTH,36.0874,-86.6922,POINT (-86.6922 36.0874)
20190471501,06/21/2019 03:43:00 PM,2,0,0,,N,352167,4,ANGLE,21,CLEAR,1,DAYLIGHT,12,MOTOR VEHICLE IN TRANSPORT,2ND AVS & LEA AV,NASHVILLE,TN,37210,4033,CENTRA,36.1554,-86.7709,POINT (-86.7709 36.1554)
20190214435,03/19/2019 05:48:00 PM,2,0,0,,N,419972,11,Front to Rear,21,CLEAR,1,DAYLIGHT,12,MOTOR VEHICLE IN TRANSPORT,WEST END AV & I440 WEST END AV ENT RAMP,NASHVILLE,TN,37205,6007,WEST,36.1357,-86.8229,POINT (-86.8229 36.1357)
20190499406,07/02/2019 07:16:00 PM,2,1,0,,N,320597,4,ANGLE,21,CLEAR,1,DAYLIGHT,12;36,MOTOR VEHICLE IN TRANSPORT;CONCRETE TRAFFIC BARRIER,MM 56 3 I 24,NASHVILLE,TN,37211,8708,SOUTH,36.0778,-86.6951,POINT (-86.6951 36.0778)
20190407634,05/28/2019 01:51:00 PM,2,0,0,,N,256383,11,Front to Rear,21,CLEAR,1,DAYLIGHT,12,MOTOR VEHICLE IN TRANSPORT,MM 56 7 I 24,NASHVILLE,TN,37211,8810,SOUTH,36.0726,-86.6916,POINT (-86.6916 36.0726)
20190105705,02/08/2019 11:29:00 AM,3,0,0,,N,179602,11,Front to Rear,21,CLEAR,1,DAYLIGHT,12,MOTOR VEHICLE IN TRANSPORT,MM 86 7 I 65,NASHVILLE,TN,37207,3002,NORTH,36.1972,-86.7762,POINT (-86.7762 36.1972)
20190350272,05/07/2019 11:20:00 AM,2,0,0,,N,716886,4,ANGLE,21,CLEAR,1,DAYLIGHT,12,MOTOR VEHICLE IN TRANSPORT,THOMPSON LN & FOSTER AV,NASHVILLE,TN,37211,8425,SOUTH,36.1108,-86.7433,POINT (-86.7433 36.1108)
20190112451,02/11/2019 09:58:00 AM,2,0,0,,N,212369,4,ANGLE,22,CLOUDY,1,DAYLIGHT,12,MOTOR VEHICLE IN TRANSPORT,WEST END AV & 31ST AVN,NASHVILLE,TN,37212,5815,MIDTOW,36.1426,-86.8155,POINT (-86.8155 36.1426)
20190391518,05/22/2019 03:51:00 PM,2,0,0,,N,212330,5,SIDESWIPE - SAME DIRECTION,21,CLEAR,1,DAYLIGHT,12,MOTOR VEHICLE IN TRANSPORT,AVERITT EXPRESS DR & BRILEY PKWY N EXT R,NASHVILLE,TN,37211,8829,SOUTH,36.1104,-86.7164,POINT (-86.7164 36.1104)
20190359789,05/10/2019 05:18:00 PM,1,0,0,,N,256386,0,NOT COLLISION W/MOTOR VEHICLE-TRANSPORT,22,CLOUDY,1,DAYLIGHT,33,CURB,STATE HWY 155 & GLASTONBURY RD,NASHVILLE,TN,37217,88940,HERMIT,36.1374,-86.6998,POINT (-86.6998 36.1374)
20190489707,06/28/2019 09:13:00 PM,2,1,0,,Y,140806,5,SIDESWIPE - SAME DIRECTION,21,CLEAR,3,DARK - LIGHTED,12,MOTOR VEHICLE IN TRANSPORT,MM 7 2 I 440,NASHVILLE,TN,37210,83043,SOUTH,36.1251,-86.7339,POINT (-86.7339 36.1251)
20190140977,02/21/2019 06:20:00 AM,1,1,0,Y,N,224793,0,NOT COLLISION W/MOTOR VEHICLE-TRANSPORT,21,CLEAR,4,DAWN,29,LUMINAIRE/LIGHT SUPPORT,12848 OLD HICKORY,ANTIOCH,TN,37013,8867,SOUTH,36.0272,-86.6179,POINT (-86.6179 36.0272)
20190156118,02/26/2019 01:00:00 AM,2,0,0,,Y,206675,11,Front to Rear,21,CLEAR,2,DARK - NOT LIGHTED,14,PARKED MOTOR VEHICLE,15TH AVN & HYNES ST,NASHVILLE,TN,37203,5503,MIDTOW,36.1587,-86.794,POINT (-86.794 36.1587)
20190532753,07/16/2019 09:42:00 PM,2,0,0,,N,352197,11,Front to Rear,21,CLEAR,2,DARK - NOT LIGHTED,12,MOTOR VEHICLE IN TRANSPORT,ZERMATT AVE & SWISS AVE,NASHVILLE,TN,37211,8651,MIDTOW,36.0435,-86.7197,POINT (-86.7197 36.0435)
20190262194,04/05/2019 09:08:00 AM,2,0,0,,N,299243,11,Front to Rear,21,CLEAR,1,DAYLIGHT,12,MOTOR VEHICLE IN TRANSPORT,LAFAYETTE ST & 7TH AVS,NASHVILLE,TN,37203,4023,CENTRA,36.1541,-86.7779,POINT (-86.7779 36.1541)
20190537632,07/18/2019 04:11:00 PM,2,4,0,,N,212322,11,Front to Rear,2,RAIN,1,DAYLIGHT,12,MOTOR VEHICLE IN TRANSPORT,FRANKLIN LIMESTONE RD & MULLINS RD,ANTIOCH,TN,37013,8899,SOUTH,36.0813,-86.679,POINT (-86.679 36.0813)
20190255591,04/03/2019 01:38:00 AM,1,0,0,,N,330433,0,NOT COLLISION W/MOTOR VEHICLE-TRANSPORT,21,CLEAR,2,DARK - NOT LIGHTED,32,CULVERT,LICKTON PKE & LICKTON PKE PVTDR,WHITES CREEK,TN,37189,3301,NORTH,36.2923,-86.811,POINT (-86.811 36.2923)
20190329721,04/29/2019 04:45:00 PM,2,0,0,,N,352162,4,ANGLE,21,CLEAR,1,DAYLIGHT,12,MOTOR VEHICLE IN TRANSPORT,HARDING PKE & PAGE RD,NASHVILLE,TN,37205,6201,WEST,36.1006,-86.871,POINT (-86.871 36.1006)
20190462305,06/18/2019 01:40:00 PM,2,0,0,,N,594473,11,Front to Rear,21,CLEAR,1,DAYLIGHT,12,MOTOR VEHICLE IN TRANSPORT,DEMONBREUN ST & I40 W EXT RAMP,NASHVILLE,TN,37203,4015,CENTRA,36.1539,-86.7878,POINT (-86.7878 36.1539)