Accident Number,Date and Time,Number of Motor Vehicles,Number of Injuries,Number of Fatalities,Property Damage,Hit and Run,Reporting Officer,Collision Type Code,Collision Type Description,Weather Code,Weather Description,Illumination Code,Illumination Description,Harmful Code,Harmful Code Description,Street Address,City,State,ZIP,RPA,Precinct,Latitude,Longitude,Mapped Location
20190331820,04/30/2019 11:20:00 AM,2,0,0,,N,330411,11,Front to Rear,21,CLEAR,1,DAYLIGHT,12,MOTOR VEHICLE IN TRANSPORT,23RD AVN & WEST END AV,NASHVILLE,TN,37203,5615,MIDTOW,36.1493,-86.8049,POINT (-86.8049 36.1493)
20190040680,01/16/2019 09:00:00 AM,3,0,0,,N,676834,11,Front to Rear,21,CLEAR,1,DAYLIGHT,12,MOTOR VEHICLE IN TRANSPORT,MM 87 0 I 65,NASHVILLE,TN,37207,18020,EAST,36.2018,-86.7766,POINT (-86.7766 36.2018)
20190549264,07/23/2019 11:41:00 AM,2,0,0,,N,716886,11,Front to Rear,21,CLEAR,1,DAYLIGHT,12,MOTOR VEHICLE IN TRANSPORT,NOLENSVILLE RD & PETTUS RD,ANTIOCH,TN,37013,8767,SOUTH,35.9952,-86.6876,POINT (-86.6876 35.9952)
20190063417,01/24/2019 05:57:00 PM,2,0,0,,Y,330445,5,SIDESWIPE - SAME DIRECTION,21,CLEAR,3,DARK - LIGHTED,12,MOTOR VEHICLE IN TRANSPORT,LAFAYETTE ST & ASH ST,NASHVILLE,TN,37210,4005,CENTRA,36.1521,-86.7721,POINT (-86.7721 36.1521)
20190249494,04/01/2019 01:10:00 AM,2,2,0,Y,N,311341,11,Front to Rear,21,CLEAR,3,DARK - LIGHTED,13;14,MOTOR VEHICLE IN TRANSPORT-OTHER ROADWAY;PARKED MOTOR VEHICLE,HARDING PKE & BONAVENTURE PL,NASHVILLE,TN,37205,6121,WEST,36.117,-86.8587,POINT (-86.8587 36.117)
20190441235,06/10/2019 01:28:00 PM,3,2,0,,N,109534,4,ANGLE,21,CLEAR,1,DAYLIGHT,12;18,MOTOR VEHICLE IN TRANSPORT;OTHER OBJECT (NOT FIXED),BRILEY PKWYS & BRILEY PKWY,NASHVILLE,TN,37217,8998,HERMIT,36.1215,-86.6967,POINT (-86.6967 36.1215)
20190433497,06/07/2019 06:06:00 AM,3,0,0,,Y,256492,4,ANGLE,2,RAIN,1,DAYLIGHT,12,MOTOR VEHICLE IN TRANSPORT,MURFREESBORO PKE & MILLWOOD DR,NASHVILLE,TN,37217,8815,HERMIT,36.1295,-86.7147,POINT (-86.7147 36.1295)
20190156115,02/26/2019 03:33:00 PM,2,0,0,,N,429193,11,Front to Rear,21,CLEAR,1,DAYLIGHT,12,MOTOR VEHICLE IN TRANSPORT,OLD HICKORY BLVD & TOLBERT RD,NASHVILLE,TN,37205,4903,WEST,36.1064,-86.9223,POINT (-86.9223 36.1064)
20190345330,05/05/2019 05:45:00 PM,2,0,0,,N,330416,4,ANGLE,21,CLEAR,1,DAYLIGHT,12,MOTOR VEHICLE IN TRANSPORT,N DUPONT AV & RIO VISTA DR,MADISON,TN,37115,1713,MADISO,36.2658,-86.6806,POINT (-86.6806 36.2658)
20190282034,04/12/2019 04:35:00 PM,2,3,0,,N,306231,4,ANGLE,21,CLEAR,1,DAYLIGHT,12,MOTOR VEHICLE IN TRANSPORT,BUENA VISTA PKE & RESHA LN,NASHVILLE,TN,37218,3135,NORTH,36.1941,-86.8308,POINT (-86.8308 36.1941)
20190300573,04/19/2019 01:00:00 AM,1,0,0,,N,909497,0,NOT COLLISION W/MOTOR VEHICLE-TRANSPORT,2,RAIN,2,DARK - NOT LIGHTED,24,GUARDRAIL FACE,I40 W ENT RAMP & I 40,NASHVILLE,TN,37210,9007,HERMIT,36.1484,-86.7454,POINT (-86.7454 36.1484)
20190239989,03/28/2019 08:43:00 AM,2,0,0,,N,402653,4,ANGLE,21,CLEAR,1,DAYLIGHT,12,MOTOR VEHICLE IN TRANSPORT,GAY ST & 3RD AVN,NASHVILLE,TN,37219,4203,CENTRA,36.1687,-86.7809,POINT (-86.7809 36.1687)
20190346679,05/06/2019 08:02:00 AM,2,0,0,,N,348631,11,Front to Rear,21,CLEAR,1,DAYLIGHT,12,MOTOR VEHICLE IN TRANSPORT,W TRINITY LN & WHITES CREEK PKE,NASHVILLE,TN,37207,3009,NORTH,36.207,-86.7916,POINT (-86.7916 36.207)
20190043872,01/17/2019 11:24:00 AM,2,0,0,,N,676834,2,HEAD-ON,2,RAIN,1,DAYLIGHT,12,MOTOR VEHICLE IN TRANSPORT,JEFFERSON ST & ROSA L PARKS BLVD,NASHVILLE,TN,37208,4239,NORTH,36.1733,-86.7914,POINT (-86.7914 36.1733)
20190335942,05/01/2019 07:33:00 PM,2,0,0,,N,169425,11,Front to Rear,22,CLOUDY,3,DARK - LIGHTED,12,MOTOR VEHICLE IN TRANSPORT,ACKLEN PARK DR & WEST END AV EXT RAMP,NASHVILLE,TN,37203,5629,MIDTOW,36.143,-86.8225,POINT (-86.8225 36.143)
20190479723,06/25/2019 09:30:00 AM,2,1,0,,N,226622,11,Front to Rear,21,CLEAR,1,DAYLIGHT,12,MOTOR VEHICLE IN TRANSPORT,OLD HICKORY BLVD & I40 W EXT RAMP,HERMITAGE,TN,37076,9557,HERMIT,36.1708,-86.6016,POINT (-86.6016 36.1708)
20190201165,03/14/2019 07:50:00 PM,2,1,0,,N,256505,11,Front to Rear,21,CLEAR,3,DARK - LIGHTED,12,MOTOR VEHICLE IN TRANSPORT,14TH AVN & I40 E EXT RAMP,NASHVILLE,TN,37203,5425,NORTH,36.1611,-86.7937,POINT (-86.7937 36.1611)
20190145775,02/22/2019 06:01:00 PM,2,1,0,,N,320585,4,ANGLE,2,RAIN,3,DARK - LIGHTED,12,MOTOR VEHICLE IN TRANSPORT,STATE HWY 255 & ROYAL PKWY,NASHVILLE,TN,37214,9411,HERMIT,36.146,-86.6665,POINT (-86.6665 36.146)
20190515907,07/10/2019 01:25:00 AM,2,0,0,,Y,109531,6,SIDESWIPE - OPPOSITE DIRECTION,21,CLEAR,2,DARK - NOT LIGHTED,14,PARKED MOTOR VEHICLE,SHELTON AV & WINDSOR AV,NASHVILLE,TN,37216,1439,EAST,36.2094,-86.7304,POINT (-86.7304 36.2094)
20190299237,04/18/2019 01:38:00 PM,1,1,0,Y,N,405391,0,NOT COLLISION W/MOTOR VEHICLE-TRANSPORT,22,CLOUDY,1,DAYLIGHT,39,WALL,PREMIER DR & COUGAR DR,NASHVILLE,TN,37209,5023,WEST,36.1462,-86.8775,POINT (-86.8775 36.1462)
20190288220,04/15/2019 07:45:00 AM,2,0,0,,N,299264,4,ANGLE,21,CLEAR,1,DAYLIGHT,12,MOTOR VEHICLE IN TRANSPORT,21ST AVN & CHURCH ST,NASHVILLE,TN,37203,5527,MIDTOW,36.152,-86.8024,POINT (-86.8024 36.152)
20190531677,07/16/2019 12:44:00 PM,2,0,0,,N,226622,4,ANGLE,21,CLEAR,1,DAYLIGHT,12,MOTOR VEHICLE IN TRANSPORT,WHITE BRIDGE PKE & OBRIEN AV,NASHVILLE,TN,37209,5101,WEST,36.1505,-86.8579,POINT (-86.8579 36.1505)
20190339952,05/03/2019 07:49:00 AM,2,0,0,,N,693102,6,SIDESWIPE - OPPOSITE DIRECTION,2,RAIN,1,DAYLIGHT,12,MOTOR VEHICLE IN TRANSPORT,OLD MURFREESBORO PKE & SMITH SPRINGS RD,NASHVILLE,TN,37217,8947,HERMIT,36.0975,-86.6552,POINT (-86.6552 36.0975)
20190214282,03/19/2019 04:54:00 PM,2,0,0,,N,256383,11,Front to Rear,21,CLEAR,1,DAYLIGHT,12,MOTOR VEHICLE IN TRANSPORT,MURFREESBORO PKE & JUPITER DR,NASHVILLE,TN,37217,8823,HERMIT,36.1196,-86.7019,POINT (-86.7019 36.1196)
20190100813,02/06/2019 04:55:00 PM,2,2,0,,Y,299238,4,ANGLE,2,RAIN,1,DAYLIGHT,12,MOTOR VEHICLE IN TRANSPORT,DICKERSON PKE & GRIZZARD AV,NASHVILLE,TN,37207,1833,EAST,36.2082,-86.7674,POINT (-86.7674 36.2082)
20190497075,07/02/2019 12:59:00 AM,1,0,0,,Y,345098,0,NOT COLLISION W/MOTOR VEHICLE-TRANSPORT,21,CLEAR,2,DARK - NOT LIGHTED,8,PEDESTRIAN,LAFAYETTE ST & CLAIBORNE ST,NASHVILLE,TN,37210,8147,SOUTH,36.1483,-86.7609,POINT (-86.7609 36.1483)
20190368344,05/14/2019 08:50:00 AM,2,0,0,,N,224437,5,SIDESWIPE - SAME DIRECTION,21,CLEAR,1,DAYLIGHT,12,MOTOR VEHICLE IN TRANSPORT,MM 213 6 I 40,NASHVILLE,TN,37217,8802,HERMIT,36.1406,-86.7202,POINT (-86.7202 36.1406)
20190460156,06/17/2019 04:30:00 PM,2,0,0,,N,151131,11,Front to Rear,21,CLEAR,1,DAYLIGHT,12,MOTOR VEHICLE IN TRANSPORT,DOMINICAN DR & ROSA L PARKS BLVD,NASHVILLE,TN,37228,4445,NORTH,36.1879,-86.7985,POINT (-86.7985 36.1879)
20190002994,01/02/2019 07:12:00 AM,2,0,0,,N,109534,4,ANGLE,22,CLOUDY,1,DAYLIGHT,12,MOTOR VEHICLE IN TRANSPORT,BELL RD & STEWARTS FERRY PKE,NASHVILLE,TN,37214,8959,HERMIT,36.1522,-86.6251,POINT (-86.6251 36.1522)
20190079202,01/30/2019 06:41:00 AM,2,0,0,,N,405391,4,ANGLE,4,SNOW,1,DAYLIGHT,12,MOTOR VEHICLE IN TRANSPORT,CHARLOTTE PKE & DAVIDSON DR,NASHVILLE,TN,37209,4701,WEST,36.1295,-86.9033,POINT (-86.9033 36.1295)
20190490644,06/29/2019 08:02:00 AM,1,0,0,Y,N,902543,0,NOT COLLISION W/MOTOR VEHICLE-TRANSPORT,21,CLEAR,1,DAYLIGHT,47,FIRE HYDRANT,E TRINITY LN & DOZIER PL,NASHVILLE,TN,37216,1851,EAST,36.2041,-86.7431,POINT (-86.7431 36.2041)
20190089211,02/02/2019 01:40:00 PM,1,0,0,,N,262757,0,NOT COLLISION W/MOTOR VEHICLE-TRANSPORT,21,CLEAR,1,DAYLIGHT,33,CURB,OPRY MILLS DR & BRILEY PKWY S EXT RAMP,NASHVILLE,TN,37214,9209,HERMIT,36.1978,-86.6913,POINT (-86.6913 36.1978)
20190239764,03/28/2019 12:00:00 AM,3,0,0,,Y,226136,2,HEAD-ON,21,CLEAR,9,UNKNOWN,12;14,MOTOR VEHICLE IN TRANSPORT;PARKED MOTOR VEHICLE,CALDWELL AV & 12TH AVS,NASHVILLE,TN,37212,6601,MIDTOW,36.1334,-86.79,POINT (-86.79 36.1334)
20190404783,05/27/2019 03:50:00 PM,2,3,0,,N,256383,6,SIDESWIPE - OPPOSITE DIRECTION,21,CLEAR,1,DAYLIGHT,12,MOTOR VEHICLE IN TRANSPORT,SOUTHLAKE DR & ELKMONT DR,NASHVILLE,TN,37211,8423,SOUTH,36.1022,-86.7304,POINT (-86.7304 36.1022)
20190484162,06/26/2019 12:00:00 AM,2,1,0,,N,256379,6,SIDESWIPE - OPPOSITE DIRECTION,22,CLOUDY,3,DARK - LIGHTED,13,MOTOR VEHICLE IN TRANSPORT-OTHER ROADWAY,SOUTHLAKE DR & NEESE DR,NASHVILLE,TN,37211,8423,SOUTH,36.108,-86.7286,POINT (-86.7286 36.108)
20190555389,07/25/2019 03:13:00 PM,2,0,0,,N,240979,4,ANGLE,21,CLEAR,1,DAYLIGHT,12,MOTOR VEHICLE IN TRANSPORT,GALLATIN PKES & MAPLE ST,MADISON,TN,37115,1607,MADISO,36.2617,-86.7124,POINT (-86.7124 36.2617)
20190568884,07/31/2019 08:45:00 AM,2,0,0,,N,224824,11,Front to Rear,21,CLEAR,1,DAYLIGHT,12,MOTOR VEHICLE IN TRANSPORT,LEBANON PKE & OLD HICKORY BLVD,HERMITAGE,TN,37076,9613,HERMIT,36.1756,-86.6154,POINT (-86.6154 36.1756)
20190157095,02/26/2019 11:51:00 PM,2,0,0,,Y,226175,11,Front to Rear,21,CLEAR,3,DARK - LIGHTED,12,MOTOR VEHICLE IN TRANSPORT,MM 201 1 I 40,NASHVILLE,TN,37209,46027,WEST,36.1314,-86.8982,POINT (-86.8982 36.1314)
20190502297,07/03/2019 05:40:00 PM,1,1,0,,N,279200,0,NOT COLLISION W/MOTOR VEHICLE-TRANSPORT,21,CLEAR,1,DAYLIGHT,39,WALL,MM 86 2 I 65,NASHVILLE,TN,37207,1910,CENTRA,36.1919,-86.7812,POINT (-86.7812 36.1919)
20190407983,05/28/2019 05:45:00 PM,2,0,0,,Y,717341,4,ANGLE,21,CLEAR,1,DAYLIGHT,12,MOTOR VEHICLE IN TRANSPORT,UNA ANTIOCH PKE & MURFREESBORO PKE,ANTIOCH,TN,37013,8891,SOUTH,36.086,-86.6491,POINT (-86.6491 36.086)
20190368693,05/14/2019 11:46:00 AM,2,0,0,,N,137872,4,ANGLE,21,CLEAR,1,DAYLIGHT,12,MOTOR VEHICLE IN TRANSPORT,LEBANON PKE & BONNASPRING DR,HERMITAGE,TN,37076,9613,HERMIT,36.1776,-86.6059,POINT (-86.6059 36.1776)
20190314477,04/23/2019 10:53:00 PM,2,0,0,,N,769384,16,Rear to Side,21,CLEAR,3,DARK - LIGHTED,14,PARKED MOTOR VEHICLE,600 KOREAN VETERANS BLVD,NASHVILLE,TN,37203,4043,CENTRA,36.1553,-86.7784,POINT (-86.7784 36.1553)
20190321066,04/26/2019 12:46:00 AM,1,0,0,Y,Y,405424,0,NOT COLLISION W/MOTOR VEHICLE-TRANSPORT,2,RAIN,3,DARK - LIGHTED,30;40,UTILITY POLE;MAIL BOX,522 RURAL HILL RD,NASHVILLE,TN,37217,8981,HERMIT,36.0829,-86.6232,POINT (-86.6232 36.0829)
20190089074,02/02/2019 11:55:00 AM,2,0,0,,N,212369,4,ANGLE,21,CLEAR,1,DAYLIGHT,12,MOTOR VEHICLE IN TRANSPORT,THOMPSON LN & KRAFT DR,NASHVILLE,TN,37204,8525,MIDTOW,36.1114,-86.758,POINT (-86.758 36.1114)
20190374536,05/16/2019 08:46:00 AM,2,0,0,,N,226136,11,Front to Rear,21,CLEAR,1,DAYLIGHT,12,MOTOR VEHICLE IN TRANSPORT,31ST AVN & PARK PLZ,NASHVILLE,TN,37203,5623,MIDTOW,36.1497,-86.8177,POINT (-86.8177 36.1497)
20190157966,02/27/2019 07:45:00 AM,2,0,0,,N,676834,11,Front to Rear,21,CLEAR,1,DAYLIGHT,12,MOTOR VEHICLE IN TRANSPORT,ASHLAND CITY HWY & CLARKSVILLE PKE,NASHVILLE,TN,37218,3121,NORTH,36.1976,-86.8375,POINT (-86.8375 36.1976)
20190108119,02/09/2019 09:50:00 AM,2,1,0,,N,179602,11,Front to Rear,21,CLEAR,1,DAYLIGHT,12,MOTOR VEHICLE IN TRANSPORT,BRICK CHURCH PKE & W TRINITY LN,NASHVILLE,TN,37207,3003,NORTH,36.2064,-86.7779,POINT (-86.7779 36.2064)
20190446816,06/12/2019 12:27:00 PM,3,0,0,,Y,834798,4,ANGLE,21,CLEAR,1,DAYLIGHT,12;33,MOTOR VEHICLE IN TRANSPORT;CURB,SOUTH ST & SOUTHSIDE AV,NASHVILLE,TN,37203,6801,MIDTOW,36.1471,-86.7828,POINT (-86.7828 36.1471)
20190307133,04/21/2019 06:45:00 PM,2,0,0,,Y,279225,11,Front to Rear,21,CLEAR,3,DARK - LIGHTED,12,MOTOR VEHICLE IN TRANSPORT,BELL RD & STEWARTS FERRY PKE,NASHVILLE,TN,37214,8959,HERMIT,36.1522,-86.6251,POINT (-86.6251 36.1522)
20190359473,05/10/2019 01:38:00 PM,2,0,0,,N,240955,4,ANGLE,22,CLOUDY,1,DAYLIGHT,12,MOTOR VEHICLE IN TRANSPORT,HICKORY PARK LN & HICKORY PARK DR,ANTIOCH,TN,37013,8753,SOUTH,36.0438,-86.6706,POINT (-86.6706 36.0438)
20190525938,07/14/2019 02:19:00 AM,2,1,0,,Y,256376,11,Front to Rear,21,CLEAR,3,DARK - LIGHTED,12,MOTOR VEHICLE IN TRANSPORT,I65 N ENT RAMP & I 40,NASHVILLE,TN,37208,44041,NORTH,36.1734,-86.8012,POINT (-86.8012 36.1734)
20190118690,02/13/2019 07:40:00 AM,2,0,0,,N,714648,5,SIDESWIPE - SAME DIRECTION,21,CLEAR,1,DAYLIGHT,12,MOTOR VEHICLE IN TRANSPORT,I24 W ENT RAMP & I 24,NASHVILLE,TN,37206,1009,EAST,36.1666,-86.7638,POINT (-86.7638 36.1666)
20190251193,04/01/2019 02:13:00 PM,2,0,0,,N,320585,11,Front to Rear,21,CLEAR,1,DAYLIGHT,12,MOTOR VEHICLE IN TRANSPORT,I40 W EXT RAMP & I 40,NASHVILLE,TN,37203,4119,CENTRA,36.1574,-86.79,POINT (-86.79 36.1574)
20190235689,03/26/2019 08:40:00 PM,2,0,0,,N,279211,4,ANGLE,21,CLEAR,2,DARK - NOT LIGHTED,12,MOTOR VEHICLE IN TRANSPORT,MOOREWOOD DR & RICHMOND HILL DR,NASHVILLE,TN,37207,2031,MADISO,36.2348,-86.7756,POINT (-86.7756 36.2348)
20190161159,02/28/2019 09:43:00 AM,2,0,0,,N,320575,11,Front to Rear,22,CLOUDY,1,DAYLIGHT,12,MOTOR VEHICLE IN TRANSPORT,MM 62 0 I24 E,ANTIOCH,TN,37013,87040,SOUTH,36.019,-86.6257,POINT (-86.6257 36.019)
20190456492,06/16/2019 03:20:00 AM,2,1,0,,N,330441,11,Front to Rear,21,CLEAR,2,DARK - NOT LIGHTED,12,MOTOR VEHICLE IN TRANSPORT,OLD HICKORY BLVD & NOLENSVILLE PKE,ANTIOCH,TN,37013,8757,SOUTH,36.0455,-86.7122,POINT (-86.7122 36.0455)
20190410231,05/29/2019 12:00:00 AM,2,0,0,,Y,109534,9,UNKNOWN,99,UNKNOWN,9,UNKNOWN,14;99,PARKED MOTOR VEHICLE;UNKNOWN MOST HARMFUL EVENT,PERCY PRIEST DR & I40 E EXT RAMP,NASHVILLE,TN,37214,8955,HERMIT,36.1529,-86.6283,POINT (-86.6283 36.1529)
20190110069,02/10/2019 12:00:00 AM,2,0,0,,Y,799013,11,Front to Rear,99,UNKNOWN,9,UNKNOWN,12;14,MOTOR VEHICLE IN TRANSPORT;PARKED MOTOR VEHICLE,MCKEIGE DR & WELLMAN DR,NASHVILLE,TN,37214,9105,HERMIT,36.1544,-86.6698,POINT (-86.6698 36.1544)
20190515356,07/09/2019 09:04:00 PM,2,2,0,,N,151132,2,HEAD-ON,21,CLEAR,3,DARK - LIGHTED,12,MOTOR VEHICLE IN TRANSPORT,BRICK CHURCH PKE & EWING LN,NASHVILLE,TN,37207,2031,MADISO,36.2326,-86.7814,POINT (-86.7814 36.2326)
20190015861,01/07/2019 09:09:00 AM,2,0,0,,N,716886,11,Front to Rear,21,CLEAR,1,DAYLIGHT,12,MOTOR VEHICLE IN TRANSPORT,OLD HICKORY BLVD & EULALA DR,ANTIOCH,TN,37013,8757,SOUTH,36.0454,-86.7036,POINT (-86.7036 36.0454)
20190200781,03/14/2019 04:45:00 PM,2,0,0,,N,256383,6,SIDESWIPE - OPPOSITE DIRECTION,21,CLEAR,1,DAYLIGHT,12,MOTOR VEHICLE IN TRANSPORT,MURFREESBORO PKE & OLD MURFREESBORO PKE,NASHVILLE,TN,37217,8849,SOUTH,36.1046,-86.6694,POINT (-86.6694 36.1046)
20190243921,03/29/2019 09:28:00 AM,2,0,0,,N,226673,4,ANGLE,22,CLOUDY,1,DAYLIGHT,12,MOTOR VEHICLE IN TRANSPORT,5TH AVN & UNION ST,NASHVILLE,TN,37219,4141,CENTRA,36.1643,-86.7809,POINT (-86.7809 36.1643)
20190065367,01/25/2019 10:20:00 AM,2,0,0,,Y,161952,4,ANGLE,21,CLEAR,1,DAYLIGHT,12;14,MOTOR VEHICLE IN TRANSPORT;PARKED MOTOR VEHICLE,400 E NOCTURNE DR,NASHVILLE,TN,37207,3039,NORTH,36.2143,-86.794,POINT (-86.794 36.2143)
20190511775,07/08/2019 06:35:00 AM,2,0,0,,N,716886,11,Front to Rear,21,CLEAR,1,DAYLIGHT,12,MOTOR VEHICLE IN TRANSPORT,MM 60 5 I 24,ANTIOCH,TN,37013,88060,SOUTH,36.0349,-86.6432,POINT (-86.6432 36.0349)
20190282346,04/12/2019 06:58:00 PM,2,0,0,,Y,320599,4,ANGLE,21,CLEAR,1,DAYLIGHT,12,MOTOR VEHICLE IN TRANSPORT,4000 OLD HICKORY BLVD,OLD HICKORY,TN,37138,9713,HERMIT,36.2345,-86.6258,POINT (-86.6258 36.2345)
20190222789,03/22/2019 07:29:00 AM,2,0,0,,N,299243,4,ANGLE,21,CLEAR,1,DAYLIGHT,12,MOTOR VEHICLE IN TRANSPORT,N 1ST ST & MAIN ST,NASHVILLE,TN,37213,1133,CENTRA,36.1701,-86.7728,POINT (-86.7728 36.1701)
20190035364,01/14/2019 03:45:00 PM,3,3,0,,N,909486,11,Front to Rear,22,CLOUDY,1,DAYLIGHT,12,MOTOR VEHICLE IN TRANSPORT,HILLSBORO PKE & OLD HICKORY BLVD,NASHVILLE,TN,37221,6215,WEST,36.0448,-86.8649,POINT (-86.8649 36.0448)
20190443272,06/11/2019 07:16:00 AM,3,0,0,,N,161952,11,Front to Rear,21,CLEAR,1,DAYLIGHT,12,MOTOR VEHICLE IN TRANSPORT,MM 87 8 I 65,NASHVILLE,TN,37207,1804,EAST,36.2138,-86.7754,POINT (-86.7754 36.2138)
20190493261,06/30/2019 12:00:00 AM,2,1,0,,N,278580,11,Front to Rear,21,CLEAR,1,DAYLIGHT,12,MOTOR VEHICLE IN TRANSPORT,MM 87 3 I 65,NASHVILLE,TN,37207,1804,EAST,36.2068,-86.7762,POINT (-86.7762 36.2068)
20190115584,02/12/2019 10:14:00 AM,2,0,0,,N,191578,4,ANGLE,2,RAIN,1,DAYLIGHT,12,MOTOR VEHICLE IN TRANSPORT,AUTUMN CHASE DR & MCGAVOCK PKE,NASHVILLE,TN,37214,9317,HERMIT,36.192,-86.6737,POINT (-86.6737 36.192)
20190281319,04/12/2019 10:03:00 AM,2,0,0,,N,245532,11,Front to Rear,22,CLOUDY,1,DAYLIGHT,12,MOTOR VEHICLE IN TRANSPORT,CHURCH ST & 6TH AVN,NASHVILLE,TN,37219,4125,CENTRA,36.1626,-86.7814,POINT (-86.7814 36.1626)
20190405827,05/28/2019 12:00:00 AM,1,0,0,Y,N,240981,0,NOT COLLISION W/MOTOR VEHICLE-TRANSPORT,21,CLEAR,3,DARK - LIGHTED,30,UTILITY POLE,RIVERWOOD DR & OLGA AV,NASHVILLE,TN,37216,1449,EAST,36.2142,-86.7095,POINT (-86.7095 36.2142)
20190423278,06/03/2019 03:24:00 PM,2,0,0,,N,419972,11,Front to Rear,21,CLEAR,1,DAYLIGHT,12,MOTOR VEHICLE IN TRANSPORT,CHARLOTTE PKE & WHITE BRIDGE PKE,NASHVILLE,TN,37209,5033,WEST,36.15,-86.8584,POINT (-86.8584 36.15)
20190011523,01/05/2019 08:10:00 AM,2,0,0,,Y,909494,16,Rear to Side,21,CLEAR,1,DAYLIGHT,14,PARKED MOTOR VEHICLE,HANCOCK ST & DICKERSON PKE,NASHVILLE,TN,37207,1953,EAST,36.1844,-86.7737,POINT (-86.7737 36.1844)
20190126153,02/15/2019 05:50:00 PM,1,1,0,,Y,179582,0,NOT COLLISION W/MOTOR VEHICLE-TRANSPORT,2,RAIN,1,DAYLIGHT,8,PEDESTRIAN,HAYWOOD LN & HAYWOOD SQUARE PVTDR,NASHVILLE,TN,37211,8709,SOUTH,36.0694,-86.6927,POINT (-86.6927 36.0694)
20190087187,02/01/2019 05:07:00 PM,2,2,0,,N,306231,4,ANGLE,21,CLEAR,1,DAYLIGHT,12,MOTOR VEHICLE IN TRANSPORT,CLARKSVILLE PKE & BUENA VISTA PKE,NASHVILLE,TN,37218,3135,NORTH,36.1935,-86.8309,POINT (-86.8309 36.1935)
20190401691,05/26/2019 03:49:00 AM,1,0,0,Y,Y,330420,0,NOT COLLISION W/MOTOR VEHICLE-TRANSPORT,21,CLEAR,3,DARK - LIGHTED,33;43,CURB;OTHER FIXED OBJECTS,ELM HILL PKE & TIMBER VALLEY DR,NASHVILLE,TN,37214,8991,HERMIT,36.1419,-86.64,POINT (-86.64 36.1419)
20190232092,03/25/2019 05:27:00 PM,2,0,0,,N,267831,4,ANGLE,22,CLOUDY,1,DAYLIGHT,12,MOTOR VEHICLE IN TRANSPORT,40TH AVN & MICHIGAN AV,NASHVILLE,TN,37209,4571,WEST,36.1589,-86.8347,POINT (-86.8347 36.1589)
20190417030,05/31/2019 07:32:00 PM,2,0,0,,Y,151132,11,Front to Rear,21,CLEAR,1,DAYLIGHT,12,MOTOR VEHICLE IN TRANSPORT,MM 41 2 I 24,WHITES CREEK,TN,37189,3226,NORTH,36.2687,-86.7931,POINT (-86.7931 36.2687)
20190172036,03/04/2019 04:45:00 PM,2,0,0,,N,298874,4,ANGLE,21,CLEAR,1,DAYLIGHT,12,MOTOR VEHICLE IN TRANSPORT,WINDING WAY & GALLATIN PKE,NASHVILLE,TN,37216,1501,EAST,36.2264,-86.7251,POINT (-86.7251 36.2264)
20190569499,07/31/2019 01:00:00 PM,2,0,0,,Y,676834,6,SIDESWIPE - OPPOSITE DIRECTION,21,CLEAR,1,DAYLIGHT,12;14,MOTOR VEHICLE IN TRANSPORT;PARKED MOTOR VEHICLE,2100 BUENA VISTA PKE,NASHVILLE,TN,37218,3135,NORTH,36.1937,-86.8311,POINT (-86.8311 36.1937)
20190164751,03/01/2019 04:34:00 PM,3,4,0,,N,693098,11,Front to Rear,21,CLEAR,1,DAYLIGHT,12,MOTOR VEHICLE IN TRANSPORT,I40 W EXT RAMP & BRILEY PKWY,NASHVILLE,TN,37209,4696,WEST,36.153,-86.8574,POINT (-86.8574 36.153)
20190225179,03/23/2019 12:36:00 AM,1,0,0,Y,Y,256376,0,NOT COLLISION W/MOTOR VEHICLE-TRANSPORT,21,CLEAR,3,DARK - LIGHTED,38,FENCE,COFFEE ST & OWEN ST,NASHVILLE,TN,37208,4407,NORTH,36.1826,-86.8047,POINT (-86.8047 36.1826)
20190216439,03/20/2019 08:30:00 AM,3,0,0,,N,909494,11,Front to Rear,21,CLEAR,1,DAYLIGHT,12,MOTOR VEHICLE IN TRANSPORT,SPRING ST ENT RAMP & ELLINGTON PKWYS,NASHVILLE,TN,37207,1977,EAST,36.178,-86.7641,POINT (-86.7641 36.178)
20190119675,02/13/2019 02:48:00 PM,2,0,0,,N,279124,11,Front to Rear,21,CLEAR,1,DAYLIGHT,12,MOTOR VEHICLE IN TRANSPORT,TUSCULUM RD & MADELINE DR,NASHVILLE,TN,37211,8715,SOUTH,36.0591,-86.7115,POINT (-86.7115 36.0591)
20190069011,01/26/2019 06:08:00 PM,2,0,0,,N,169425,11,Front to Rear,21,CLEAR,3,DARK - LIGHTED,12,MOTOR VEHICLE IN TRANSPORT,25TH AVS & WEST END AV,NASHVILLE,TN,37212,5717,MIDTOW,36.1468,-86.8082,POINT (-86.8082 36.1468)
20190167402,03/02/2019 07:13:00 PM,2,0,0,,N,256505,11,Front to Rear,21,CLEAR,3,DARK - LIGHTED,12,MOTOR VEHICLE IN TRANSPORT,MM 209 5 I 40,NASHVILLE,TN,37203,40040,CENTRA,36.1502,-86.7844,POINT (-86.7844 36.1502)
20190420618,06/02/2019 12:46:00 PM,3,0,0,,N,584947,11,Front to Rear,21,CLEAR,1,DAYLIGHT,12,MOTOR VEHICLE IN TRANSPORT,NOLENSVILLE PKE & HOLT RD,NASHVILLE,TN,37211,8651,MIDTOW,36.0125,-86.7036,POINT (-86.7036 36.0125)