Accident Number,Date and Time,Number of Motor Vehicles,Number of Injuries,Number of Fatalities,Property Damage,Hit and Run,Reporting Officer,Collision Type Code,Collision Type Description,Weather Code,Weather Description,Illumination Code,Illumination Description,Harmful Code,Harmful Code Description,Street Address,City,State,ZIP,RPA,Precinct,Latitude,Longitude,Mapped Location
20190346699,05/06/2019 08:17:00 AM,2,0,0,,N,109534,5,SIDESWIPE - SAME DIRECTION,21,CLEAR,1,DAYLIGHT,12,MOTOR VEHICLE IN TRANSPORT,BRILEY PKWY & VENUS DR,NASHVILLE,TN,37217,8998,HERMIT,36.1229,-86.6965,POINT (-86.6965 36.1229)
20190200980,03/14/2019 04:16:00 PM,2,0,0,,Y,256380,4,ANGLE,21,CLEAR,1,DAYLIGHT,12,MOTOR VEHICLE IN TRANSPORT,CLARKSVILLE PKE & W HAMILTON RD,NASHVILLE,TN,37218,3141,NORTH,36.2091,-86.8394,POINT (-86.8394 36.2091)
20190224796,03/22/2019 10:03:00 PM,3,0,0,,N,433550,11,Front to Rear,21,CLEAR,3,DARK - LIGHTED,12,MOTOR VEHICLE IN TRANSPORT,ROBINSON RD & MARTINGALE DR,OLD HICKORY,TN,37138,9619,HERMIT,36.2562,-86.6545,POINT (-86.6545 36.2562)
20190400158,05/25/2019 12:15:00 PM,3,0,0,,N,591933,11,Front to Rear,21,CLEAR,1,DAYLIGHT,12,MOTOR VEHICLE IN TRANSPORT,NOLENSVILLE RD & OLD BURKITT RD,ANTIOCH,TN,37013,8767,SOUTH,35.9939,-86.686,POINT (-86.686 35.9939)
20190289145,04/15/2019 02:32:00 PM,2,0,0,,N,256383,11,Front to Rear,21,CLEAR,1,DAYLIGHT,12,MOTOR VEHICLE IN TRANSPORT,NOLENSVILLE PKE & NORTHCREST DR,NASHVILLE,TN,37211,8711,SOUTH,36.0667,-86.7179,POINT (-86.7179 36.0667)
20190056134,01/22/2019 09:33:00 AM,2,0,0,,N,419983,5,SIDESWIPE - SAME DIRECTION,21,CLEAR,1,DAYLIGHT,12,MOTOR VEHICLE IN TRANSPORT,I40 E ENT RAMP & I 40,NASHVILLE,TN,37205,4903,WEST,36.1109,-86.922,POINT (-86.922 36.1109)
20190035317,01/14/2019 03:20:00 PM,2,0,0,,N,206675,11,Front to Rear,21,CLEAR,1,DAYLIGHT,12,MOTOR VEHICLE IN TRANSPORT,MM 209 7 I 40,NASHVILLE,TN,37203,4004,CENTRA,36.1492,-86.7812,POINT (-86.7812 36.1492)
20190356438,05/09/2019 02:03:00 PM,2,1,0,,N,226136,4,ANGLE,22,CLOUDY,1,DAYLIGHT,12,MOTOR VEHICLE IN TRANSPORT,NOLENSVILLE PKE & ELYSIAN FIELDS CT,NASHVILLE,TN,37211,8415,SOUTH,36.0873,-86.7307,POINT (-86.7307 36.0873)
20190009193,01/04/2019 10:19:00 AM,2,0,0,,N,902543,11,Front to Rear,2,RAIN,1,DAYLIGHT,12,MOTOR VEHICLE IN TRANSPORT,ELLINGTON PKWYS & ELLINGTON PKWY S ENT R,NASHVILLE,TN,37207,1996,EAST,36.1828,-86.7615,POINT (-86.7615 36.1828)
20190455119,06/15/2019 12:22:00 PM,2,2,0,,N,311331,4,ANGLE,21,CLEAR,1,DAYLIGHT,12,MOTOR VEHICLE IN TRANSPORT,DICKERSON PKE & E TRINITY LN,NASHVILLE,TN,37207,1861,EAST,36.2055,-86.7684,POINT (-86.7684 36.2055)
20190113075,02/11/2019 02:44:00 PM,2,1,0,,Y,267831,11,Front to Rear,22,CLOUDY,1,DAYLIGHT,12,MOTOR VEHICLE IN TRANSPORT,OLD HICKORY BLVD & CHICKERING RD,NASHVILLE,TN,37221,6215,WEST,36.0505,-86.8767,POINT (-86.8767 36.0505)
20190227049,03/23/2019 09:25:00 PM,2,0,0,,N,420040,5,SIDESWIPE - SAME DIRECTION,21,CLEAR,3,DARK - LIGHTED,12,MOTOR VEHICLE IN TRANSPORT,MM 78 3 I 65,NASHVILLE,TN,37204,8502,MIDTOW,36.0895,-86.7626,POINT (-86.7626 36.0895)
20190112090,02/11/2019 07:02:00 AM,2,0,0,,N,716886,4,ANGLE,2,RAIN,1,DAYLIGHT,12,MOTOR VEHICLE IN TRANSPORT,MURFREESBORO PKE & NASHBORO BLVD,ANTIOCH,TN,37013,8891,SOUTH,36.0869,-86.6487,POINT (-86.6487 36.0869)
20190500874,07/03/2019 07:59:00 AM,3,1,0,,N,262749,11,Front to Rear,21,CLEAR,1,DAYLIGHT,12,MOTOR VEHICLE IN TRANSPORT,MM 212 1 I 40,NASHVILLE,TN,37210,90041,HERMIT,36.1463,-86.7422,POINT (-86.7422 36.1463)
20190079279,01/30/2019 07:23:00 AM,2,0,0,,N,405447,4,ANGLE,4,SNOW,1,DAYLIGHT,12,MOTOR VEHICLE IN TRANSPORT,OLD HICKORY BLVD & WESTPARK DR,NASHVILLE,TN,37220,7111,MIDTOW,36.0382,-86.8009,POINT (-86.8009 36.0382)
20190517322,07/10/2019 01:00:00 PM,2,0,0,,N,876581,11,Front to Rear,2,RAIN,1,DAYLIGHT,12,MOTOR VEHICLE IN TRANSPORT,GALLATIN PKEN & SHEPHERD HILLS DR,MADISON,TN,37115,1731,MADISO,36.3009,-86.6946,POINT (-86.6946 36.3009)
20190246873,03/30/2019 07:20:00 PM,2,2,0,,Y,256427,4,ANGLE,22,CLOUDY,3,DARK - LIGHTED,12,MOTOR VEHICLE IN TRANSPORT,GREEN ST & CHARLES E DAVIS BLVD,NASHVILLE,TN,37210,8205,HERMIT,36.1532,-86.7618,POINT (-86.7618 36.1532)
20190562432,07/28/2019 04:39:00 PM,2,0,0,,Y,240957,11,Front to Rear,21,CLEAR,1,DAYLIGHT,12,MOTOR VEHICLE IN TRANSPORT,NOLENSVILLE PKE & NORTHCREST DR,NASHVILLE,TN,37211,8711,SOUTH,36.0667,-86.7179,POINT (-86.7179 36.0667)
20190147657,02/23/2019 01:59:00 PM,2,0,0,,N,584947,11,Front to Rear,22,CLOUDY,1,DAYLIGHT,12,MOTOR VEHICLE IN TRANSPORT,HARDING PL & HILLSBORO PKE,NASHVILLE,TN,37215,6311,MIDTOW,36.0914,-86.8285,POINT (-86.8285 36.0914)
20190060273,01/23/2019 05:25:00 PM,2,0,0,,N,330412,11,Front to Rear,2,RAIN,3,DARK - LIGHTED,12,MOTOR VEHICLE IN TRANSPORT,MM 203 2 I 40,NASHVILLE,TN,37209,46022,WEST,36.1501,-86.8701,POINT (-86.8701 36.1501)
20190436683,06/08/2019 12:45:00 PM,2,2,0,,Y,212325,11,Front to Rear,2,RAIN,1,DAYLIGHT,12,MOTOR VEHICLE IN TRANSPORT,GALLATIN PKES & MADISON SQ,MADISON,TN,37115,1623,MADISO,36.2541,-86.7161,POINT (-86.7161 36.2541)
20190502030,07/03/2019 03:59:00 PM,2,0,0,,N,299238,11,Front to Rear,2,RAIN,1,DAYLIGHT,12,MOTOR VEHICLE IN TRANSPORT,MM 49 3 I 24,NASHVILLE,TN,37206,10040,EAST,36.1629,-86.7614,POINT (-86.7614 36.1629)
20190231406,03/25/2019 02:10:00 PM,2,0,0,,N,161952,11,Front to Rear,21,CLEAR,1,DAYLIGHT,12,MOTOR VEHICLE IN TRANSPORT,MM 86 7 I 65,NASHVILLE,TN,37207,3002,NORTH,36.1972,-86.7762,POINT (-86.7762 36.1972)
20190256205,04/03/2019 06:47:00 AM,2,0,0,,N,191578,11,Front to Rear,21,CLEAR,1,DAYLIGHT,12,MOTOR VEHICLE IN TRANSPORT,LEBANON PKE & PARK DR,NASHVILLE,TN,37214,9307,HERMIT,36.1697,-86.677,POINT (-86.677 36.1697)
20190029738,01/12/2019 03:53:00 AM,1,0,0,Y,N,240947,0,NOT COLLISION W/MOTOR VEHICLE-TRANSPORT,2,RAIN,3,DARK - LIGHTED,31,"OTHER POST, POLE, SUPP.",OLD HICKORY BLVD & 2ND ST,OLD HICKORY,TN,37138,9717,HERMIT,36.2168,-86.6235,POINT (-86.6235 36.2168)
20190509424,07/06/2019 10:00:00 PM,2,1,0,,Y,320577,11,Front to Rear,21,CLEAR,3,DARK - LIGHTED,12,MOTOR VEHICLE IN TRANSPORT,OLD HICKORY BLVD & SEVEN SPRINGS WAY,BRENTWOOD,TN,37027,8619,MIDTOW,36.0403,-86.7684,POINT (-86.7684 36.0403)
20190286593,04/14/2019 03:31:00 PM,2,1,0,,N,256426,4,ANGLE,21,CLEAR,1,DAYLIGHT,12,MOTOR VEHICLE IN TRANSPORT,ELM HILL PKE & MCGAVOCK PKE,NASHVILLE,TN,37214,9115,HERMIT,36.1528,-86.6834,POINT (-86.6834 36.1528)
20190083141,01/31/2019 10:45:00 AM,2,0,0,,N,481573,4,ANGLE,21,CLEAR,1,DAYLIGHT,12,MOTOR VEHICLE IN TRANSPORT,WEST END AV & 29TH AVN,NASHVILLE,TN,37212,5815,MIDTOW,36.1444,-86.8134,POINT (-86.8134 36.1444)
20190546770,07/22/2019 12:50:00 PM,2,0,0,,N,109534,5,SIDESWIPE - SAME DIRECTION,21,CLEAR,1,DAYLIGHT,12,MOTOR VEHICLE IN TRANSPORT,I40 E ENT RAMP & I40 W ENT RAMP,NASHVILLE,TN,37208,44041,NORTH,36.1742,-86.8012,POINT (-86.8012 36.1742)
20190142507,02/21/2019 05:12:00 PM,2,1,0,,N,909486,11,Front to Rear,2,RAIN,5,DUSK,12,MOTOR VEHICLE IN TRANSPORT,HARDING PL & TROUSDALE DR,NASHVILLE,TN,37220,8601,MIDTOW,36.0811,-86.7584,POINT (-86.7584 36.0811)
20190351164,05/07/2019 05:19:00 PM,2,1,0,,N,714641,11,Front to Rear,21,CLEAR,1,DAYLIGHT,12,MOTOR VEHICLE IN TRANSPORT,CHURCH ST & GULCH GRNWY,NASHVILLE,TN,37203,4117,CENTRA,36.1596,-86.7883,POINT (-86.7883 36.1596)
20190113479,02/11/2019 05:45:00 PM,1,0,0,Y,N,311798,0,NOT COLLISION W/MOTOR VEHICLE-TRANSPORT,2,RAIN,3,DARK - LIGHTED,34;39,DITCH;WALL,0 W HAMILTON AV,NASHVILLE,TN,37218,3103,NORTH,36.2098,-86.832,POINT (-86.832 36.2098)
20190184739,03/08/2019 04:45:00 PM,2,1,0,,Y,309262,4,ANGLE,2,RAIN,1,DAYLIGHT,12,MOTOR VEHICLE IN TRANSPORT,RIO VISTA DR & ANDERSON LN,MADISON,TN,37115,1713,MADISO,36.2718,-86.6845,POINT (-86.6845 36.2718)
20190489080,06/28/2019 03:50:00 PM,3,2,0,,N,330428,11,Front to Rear,21,CLEAR,1,DAYLIGHT,12,MOTOR VEHICLE IN TRANSPORT,MM 0 2 I 440,NASHVILLE,TN,37205,5240,WEST,36.1403,-86.8231,POINT (-86.8231 36.1403)
20190025538,01/10/2019 05:21:00 PM,2,0,0,,N,320585,11,Front to Rear,21,CLEAR,3,DARK - LIGHTED,12,MOTOR VEHICLE IN TRANSPORT,MM 212 0 I 40,NASHVILLE,TN,37210,90041,HERMIT,36.147,-86.7433,POINT (-86.7433 36.147)
20190391751,05/22/2019 05:13:00 PM,2,0,0,,N,772946,5,SIDESWIPE - SAME DIRECTION,21,CLEAR,1,DAYLIGHT,12,MOTOR VEHICLE IN TRANSPORT,ATHENS WAY & ROSA L PARKS BLVD,NASHVILLE,TN,37228,4445,NORTH,36.1928,-86.8017,POINT (-86.8017 36.1928)
20190447070,06/12/2019 02:49:00 PM,4,1,0,,N,256383,4,ANGLE,21,CLEAR,1,DAYLIGHT,12,MOTOR VEHICLE IN TRANSPORT,CROSSINGS PL & CROSSINGS BLVD,ANTIOCH,TN,37013,8863,SOUTH,36.0444,-86.6482,POINT (-86.6482 36.0444)
20190432567,06/06/2019 07:34:00 PM,2,0,0,,Y,206675,4,ANGLE,2,RAIN,3,DARK - LIGHTED,12,MOTOR VEHICLE IN TRANSPORT,20TH AVN & PATTERSON ST,NASHVILLE,TN,37203,5509,MIDTOW,36.1553,-86.8022,POINT (-86.8022 36.1553)
20190400839,05/25/2019 07:13:00 PM,2,0,0,,N,311337,11,Front to Rear,21,CLEAR,1,DAYLIGHT,12,MOTOR VEHICLE IN TRANSPORT,BRILEY PKWYS & BRILEY PKWY,NASHVILLE,TN,37217,8998,HERMIT,36.1215,-86.6967,POINT (-86.6967 36.1215)
20190007316,01/03/2019 05:17:00 PM,2,0,0,,N,580819,2,HEAD-ON,22,CLOUDY,5,DUSK,12,MOTOR VEHICLE IN TRANSPORT,CHURCH ST & 3RD AVN,NASHVILLE,TN,37201,4137,CENTRA,36.1642,-86.7777,POINT (-86.7777 36.1642)
20190438841,06/09/2019 02:08:00 PM,2,1,0,,N,306231,4,ANGLE,21,CLEAR,1,DAYLIGHT,12,MOTOR VEHICLE IN TRANSPORT,ROSA L PARKS BLVD & GREAT CIRCLE RD,NASHVILLE,TN,37228,4443,NORTH,36.1937,-86.807,POINT (-86.807 36.1937)
20190173520,03/05/2019 04:28:00 AM,1,0,0,,N,330440,0,NOT COLLISION W/MOTOR VEHICLE-TRANSPORT,21,CLEAR,2,DARK - NOT LIGHTED,18,OTHER OBJECT (NOT FIXED),ELLINGTON PKWYS & ELLINGTON PKWYN,NASHVILLE,TN,37207,1995,EAST,36.1758,-86.7666,POINT (-86.7666 36.1758)
20190260030,04/04/2019 01:45:00 PM,2,1,0,,N,235761,11,Front to Rear,22,CLOUDY,1,DAYLIGHT,12,MOTOR VEHICLE IN TRANSPORT,MM 203 5 I 40,NASHVILLE,TN,37209,46020,WEST,36.1509,-86.8647,POINT (-86.8647 36.1509)
20190341167,05/03/2019 04:55:00 PM,2,0,0,,N,690942,4,ANGLE,21,CLEAR,1,DAYLIGHT,12,MOTOR VEHICLE IN TRANSPORT,S 2ND ST & SHELBY AV,NASHVILLE,TN,37213,1007,CENTRA,36.1649,-86.7679,POINT (-86.7679 36.1649)
20190515561,07/09/2019 12:00:00 AM,1,0,0,Y,Y,299269,0,NOT COLLISION W/MOTOR VEHICLE-TRANSPORT,21,CLEAR,9,UNKNOWN,47,FIRE HYDRANT,BUENA VISTA PKE & MATTIE ST,NASHVILLE,TN,37218,3101,NORTH,36.2,-86.8253,POINT (-86.8253 36.2)
20190428472,06/05/2019 12:00:00 AM,1,0,0,,N,109534,0,NOT COLLISION W/MOTOR VEHICLE-TRANSPORT,21,CLEAR,,,18,OTHER OBJECT (NOT FIXED),BRILEY PKWYS & BRILEY PKWYN,NASHVILLE,TN,37218,3212,NORTH,36.2142,-86.8724,POINT (-86.8724 36.2142)
20190563777,07/29/2019 08:44:00 AM,2,0,0,,N,716886,5,SIDESWIPE - SAME DIRECTION,21,CLEAR,1,DAYLIGHT,12,MOTOR VEHICLE IN TRANSPORT,HARDING PL & ANTIOCH PKE,NASHVILLE,TN,37211,8843,SOUTH,36.0878,-86.6914,POINT (-86.6914 36.0878)
20190558903,07/26/2019 10:15:00 PM,2,0,0,,Y,320583,98,OTHER,21,CLEAR,3,DARK - LIGHTED,14,PARKED MOTOR VEHICLE,19TH AVS & BROADWAY,NASHVILLE,TN,37203,5705,MIDTOW,36.151,-86.7965,POINT (-86.7965 36.151)
20190211130,03/18/2019 06:05:00 PM,2,0,0,,N,197054,4,ANGLE,21,CLEAR,1,DAYLIGHT,12,MOTOR VEHICLE IN TRANSPORT,MURFREESBORO PKE & KERMIT DR,NASHVILLE,TN,37217,8823,HERMIT,36.1215,-86.7045,POINT (-86.7045 36.1215)
20190077530,01/29/2019 06:50:00 PM,2,0,0,,N,298868,11,Front to Rear,21,CLEAR,3,DARK - LIGHTED,12,MOTOR VEHICLE IN TRANSPORT,WEST END AV & BOWLING AV,NASHVILLE,TN,37205,6005,WEST,36.1347,-86.8251,POINT (-86.8251 36.1347)
20190358543,05/10/2019 08:05:00 AM,2,0,0,,N,110063,4,ANGLE,21,CLEAR,1,DAYLIGHT,12;36,MOTOR VEHICLE IN TRANSPORT;CONCRETE TRAFFIC BARRIER,BRILEY PKWYS & BRILEY PKWYN,NASHVILLE,TN,37218,3212,NORTH,36.2142,-86.8724,POINT (-86.8724 36.2142)
20190236988,03/27/2019 08:39:00 AM,2,1,0,,N,419952,11,Front to Rear,21,CLEAR,1,DAYLIGHT,12,MOTOR VEHICLE IN TRANSPORT,URBANDALE AV & BRILEY PKWYN,NASHVILLE,TN,37209,4637,WEST,36.1539,-86.8575,POINT (-86.8575 36.1539)
20190108617,02/09/2019 12:00:00 AM,2,0,0,,N,298877,9,UNKNOWN,21,CLEAR,1,DAYLIGHT,12,MOTOR VEHICLE IN TRANSPORT,MURFREESBORO PKE & LAKEVILLA DR,ANTIOCH,TN,37013,8861,SOUTH,36.0767,-86.6409,POINT (-86.6409 36.0767)
20190275913,04/10/2019 01:00:00 PM,2,3,0,,N,226622,4,ANGLE,21,CLEAR,1,DAYLIGHT,12,MOTOR VEHICLE IN TRANSPORT,51ST AVN & ALABAMA AV,NASHVILLE,TN,37209,5121,WEST,36.1531,-86.8486,POINT (-86.8486 36.1531)
20190419445,06/01/2019 10:19:00 PM,2,0,0,,Y,299245,98,OTHER,21,CLEAR,3,DARK - LIGHTED,12,MOTOR VEHICLE IN TRANSPORT,DICKERSON PKE & OAK VALLEY DR,NASHVILLE,TN,37207,1811,EAST,36.2305,-86.7591,POINT (-86.7591 36.2305)
20190528585,07/15/2019 09:19:00 AM,2,0,0,,Y,716886,4,ANGLE,2,RAIN,1,DAYLIGHT,12,MOTOR VEHICLE IN TRANSPORT,HARDING PL & METROPLEX DR,NASHVILLE,TN,37211,8889,SOUTH,36.0868,-86.6959,POINT (-86.6959 36.0868)
20190295863,04/17/2019 01:20:00 PM,2,0,0,,N,352204,4,ANGLE,21,CLEAR,1,DAYLIGHT,12,MOTOR VEHICLE IN TRANSPORT,FRANKLIN PKE & 8TH AVS,NASHVILLE,TN,37204,6929,MIDTOW,36.1286,-86.7779,POINT (-86.7779 36.1286)
20190442126,06/10/2019 08:48:00 PM,1,0,0,,N,151132,0,NOT COLLISION W/MOTOR VEHICLE-TRANSPORT,21,CLEAR,2,DARK - NOT LIGHTED,50,DEER (ANIMAL),BRICK CHURCH PKE & BELL GRIMES LN,NASHVILLE,TN,37207,2025,MADISO,36.2721,-86.7754,POINT (-86.7754 36.2721)
20190563864,07/29/2019 09:39:00 AM,2,2,0,,N,134899,4,ANGLE,21,CLEAR,1,DAYLIGHT,12,MOTOR VEHICLE IN TRANSPORT,LEBANON PKE & OLD LEBANON PKE,NASHVILLE,TN,37214,9125,HERMIT,36.1678,-86.6637,POINT (-86.6637 36.1678)
20190324616,04/27/2019 10:20:00 AM,2,0,0,,Y,226600,6,SIDESWIPE - OPPOSITE DIRECTION,21,CLEAR,1,DAYLIGHT,14,PARKED MOTOR VEHICLE,HILLSBORO PKE & ABBOTT MARTIN RD,NASHVILLE,TN,37215,6111,WEST,36.1054,-86.8142,POINT (-86.8142 36.1054)
20190131889,02/18/2019 08:30:00 AM,2,0,0,,N,594473,11,Front to Rear,22,CLOUDY,1,DAYLIGHT,12,MOTOR VEHICLE IN TRANSPORT,MM 78 5 I 65,NASHVILLE,TN,37204,7002,MIDTOW,36.0918,-86.7627,POINT (-86.7627 36.0918)
20190285334,04/14/2019 01:28:00 AM,2,0,0,,Y,279198,4,ANGLE,2,RAIN,3,DARK - LIGHTED,12,MOTOR VEHICLE IN TRANSPORT,MM 48 3 I 24,NASHVILLE,TN,37213,11080,CENTRA,36.1722,-86.7689,POINT (-86.7689 36.1722)
20190430962,06/06/2019 08:23:00 AM,2,0,0,,N,191578,5,SIDESWIPE - SAME DIRECTION,22,CLOUDY,1,DAYLIGHT,12,MOTOR VEHICLE IN TRANSPORT,MURFREESBORO PKE & POLK AV,NASHVILLE,TN,37210,8117,SOUTH,36.1424,-86.7432,POINT (-86.7432 36.1424)
20190454640,06/14/2019 08:00:00 PM,2,0,0,,Y,245532,11,Front to Rear,21,CLEAR,3,DARK - LIGHTED,12,MOTOR VEHICLE IN TRANSPORT,MURFREESBORO PKE & FOREST VIEW DR,ANTIOCH,TN,37013,8865,SOUTH,36.0674,-86.6313,POINT (-86.6313 36.0674)
20190187689,03/09/2019 10:50:00 PM,4,0,0,,N,299270,11,Front to Rear,22,CLOUDY,3,DARK - LIGHTED,12;14;55,MOTOR VEHICLE IN TRANSPORT;PARKED MOTOR VEHICLE;Motor Vehicle-In-Motion Outside Trafficw,4TH AVS & ELM ST,NASHVILLE,TN,37210,4005,CENTRA,36.1533,-86.7722,POINT (-86.7722 36.1533)
20190328628,04/29/2019 09:20:00 AM,2,1,0,,N,352209,4,ANGLE,21,CLEAR,1,DAYLIGHT,12,MOTOR VEHICLE IN TRANSPORT,SMITH SPRINGS RD & OLD SMITH SPRINGS RD,NASHVILLE,TN,37217,8935,HERMIT,36.0921,-86.631,POINT (-86.631 36.0921)
20190343336,05/04/2019 05:10:00 PM,2,0,0,,Y,256443,6,SIDESWIPE - OPPOSITE DIRECTION,22,CLOUDY,1,DAYLIGHT,14,PARKED MOTOR VEHICLE,DOVERSIDE DR & SKYLINE COMMONS PVTDR,NASHVILLE,TN,37207,2011,MADISO,36.242,-86.7625,POINT (-86.7625 36.242)
20190041511,01/16/2019 03:08:00 PM,2,0,0,,N,725756,11,Front to Rear,22,CLOUDY,1,DAYLIGHT,12,MOTOR VEHICLE IN TRANSPORT,I40 E ENT RAMP & I 40,NASHVILLE,TN,37205,4903,WEST,36.1109,-86.922,POINT (-86.922 36.1109)
20190256593,04/03/2019 09:33:00 AM,1,1,0,,N,226622,0,NOT COLLISION W/MOTOR VEHICLE-TRANSPORT,21,CLEAR,1,DAYLIGHT,8,PEDESTRIAN,HILLSBORO CIR & HILLSBORO DR,NASHVILLE,TN,37215,6113,WEST,36.102,-86.8195,POINT (-86.8195 36.102)
20190022901,01/09/2019 05:13:00 PM,2,0,0,,Y,197054,11,Front to Rear,21,CLEAR,1,DAYLIGHT,12,MOTOR VEHICLE IN TRANSPORT,BRILEY PKWY & GLASTONBURY RD,NASHVILLE,TN,37217,88943,HERMIT,36.1372,-86.6997,POINT (-86.6997 36.1372)
20190412745,05/30/2019 10:30:00 AM,2,0,0,,N,224955,11,Front to Rear,22,CLOUDY,1,DAYLIGHT,12,MOTOR VEHICLE IN TRANSPORT,DICKERSON PKE & SKYLINE COMMONS PVTDR,NASHVILLE,TN,37207,2011,MADISO,36.2475,-86.7568,POINT (-86.7568 36.2475)
20190487130,06/26/2019 09:00:00 AM,1,1,0,,N,298871,0,NOT COLLISION W/MOTOR VEHICLE-TRANSPORT,21,CLEAR,1,DAYLIGHT,9,,17TH AVS & HORTON AV,NASHVILLE,TN,37212,6621,MIDTOW,36.1394,-86.7952,POINT (-86.7952 36.1394)
20190156350,02/26/2019 05:16:00 PM,2,0,0,,N,240957,11,Front to Rear,21,CLEAR,1,DAYLIGHT,12,MOTOR VEHICLE IN TRANSPORT,MM 74 9 I 65,NASHVILLE,TN,37220,71040,MIDTOW,36.0438,-86.7814,POINT (-86.7814 36.0438)
20190407642,05/28/2019 03:59:00 PM,2,0,0,,N,299257,11,Front to Rear,21,CLEAR,1,DAYLIGHT,12,MOTOR VEHICLE IN TRANSPORT,GRANNY WHITE PKE & BATTERY LN,NASHVILLE,TN,37215,6313,MIDTOW,36.0888,-86.8031,POINT (-86.8031 36.0888)
20190371468,05/15/2019 08:25:00 AM,2,1,0,,N,279230,11,Front to Rear,2,RAIN,1,DAYLIGHT,12,MOTOR VEHICLE IN TRANSPORT,BELL RD & CEDAR POINTE PKWY,ANTIOCH,TN,37013,8721,SOUTH,36.0447,-86.6639,POINT (-86.6639 36.0447)
20190213537,03/19/2019 12:00:00 PM,2,0,0,,N,134899,4,ANGLE,21,CLEAR,1,DAYLIGHT,12,MOTOR VEHICLE IN TRANSPORT,DONELSON PKE & ROYAL PKWY,NASHVILLE,TN,37214,9411,HERMIT,36.1472,-86.6664,POINT (-86.6664 36.1472)
20190322273,04/26/2019 10:29:00 AM,2,0,0,,N,468031,5,SIDESWIPE - SAME DIRECTION,21,CLEAR,1,DAYLIGHT,12,MOTOR VEHICLE IN TRANSPORT,SPRING ST & MAIN ST ENT RAMP,NASHVILLE,TN,37206,1997,EAST,36.173,-86.7654,POINT (-86.7654 36.173)
20190578287,08/03/2019 10:48:00 PM,2,0,0,,N,212307,5,SIDESWIPE - SAME DIRECTION,21,CLEAR,3,DARK - LIGHTED,12,MOTOR VEHICLE IN TRANSPORT,14TH AVS & BROADWAY,NASHVILLE,TN,37203,5701,MIDTOW,36.1557,-86.7897,POINT (-86.7897 36.1557)
20190472181,06/21/2019 10:15:00 PM,1,1,0,,N,330440,0,NOT COLLISION W/MOTOR VEHICLE-TRANSPORT,2,RAIN,3,DARK - LIGHTED,25,GUARDRAIL END,MM 32 1 I 24,JOELTON,TN,37080,3316,NORTH,36.3376,-86.9139,POINT (-86.9139 36.3376)
20190477548,06/24/2019 03:30:00 PM,1,0,0,Y,N,279214,0,NOT COLLISION W/MOTOR VEHICLE-TRANSPORT,21,CLEAR,1,DAYLIGHT,36,CONCRETE TRAFFIC BARRIER,MM 4 0 I 440,NASHVILLE,TN,37204,7010,MIDTOW,36.1161,-86.7901,POINT (-86.7901 36.1161)
20190197484,03/13/2019 01:55:00 PM,2,0,0,,Y,676834,4,ANGLE,21,CLEAR,1,DAYLIGHT,12,MOTOR VEHICLE IN TRANSPORT,DOMINICAN DR & ROSA L PARKS BLVD,NASHVILLE,TN,37228,4445,NORTH,36.1879,-86.7985,POINT (-86.7985 36.1879)
20190355836,05/09/2019 07:50:00 AM,2,0,0,,Y,279122,11,Front to Rear,2,RAIN,1,DAYLIGHT,12,MOTOR VEHICLE IN TRANSPORT,ASHTON AV & JOHN MALLETTE DR,NASHVILLE,TN,37218,3119,NORTH,36.1944,-86.837,POINT (-86.837 36.1944)
20190567264,07/30/2019 12:00:00 AM,2,0,0,,N,206674,11,Front to Rear,2,RAIN,1,DAYLIGHT,12,MOTOR VEHICLE IN TRANSPORT,I24 W EXT RAMP & I 24,NASHVILLE,TN,37211,8829,SOUTH,36.1074,-86.7197,POINT (-86.7197 36.1074)
20190189582,03/10/2019 10:10:00 PM,2,0,0,,Y,493301,11,Front to Rear,21,CLEAR,3,DARK - LIGHTED,12,MOTOR VEHICLE IN TRANSPORT,HIGHWAY 70S & COLEY DAVIS RD,NASHVILLE,TN,37221,4811,WEST,36.0796,-86.9536,POINT (-86.9536 36.0796)
20190477857,06/24/2019 05:30:00 PM,2,0,0,,N,299253,11,Front to Rear,21,CLEAR,1,DAYLIGHT,12,MOTOR VEHICLE IN TRANSPORT,SPRING ST & I24 W ENT RAMP,NASHVILLE,TN,37213,1908,CENTRA,36.1768,-86.7726,POINT (-86.7726 36.1768)
20190309981,04/22/2019 05:05:00 PM,2,0,0,,N,256411,11,Front to Rear,21,CLEAR,1,DAYLIGHT,12,MOTOR VEHICLE IN TRANSPORT,BUCHANAN ST & DR D B TODD JR BLVD,NASHVILLE,TN,37208,4457,NORTH,36.1801,-86.811,POINT (-86.811 36.1801)
20190354292,05/08/2019 12:00:00 AM,2,0,0,,N,212344,4,ANGLE,21,CLEAR,1,DAYLIGHT,12,MOTOR VEHICLE IN TRANSPORT,CALVIN AV & GALLATIN AV,NASHVILLE,TN,37206,1213,EAST,36.1817,-86.7493,POINT (-86.7493 36.1817)
20190581060,08/05/2019 07:55:00 AM,2,0,0,,N,352168,4,ANGLE,21,CLEAR,1,DAYLIGHT,12,MOTOR VEHICLE IN TRANSPORT,PRENTICE AV & GRANTLAND AV,NASHVILLE,TN,37204,6945,MIDTOW,36.1308,-86.7772,POINT (-86.7772 36.1308)