Accident Number,Date and Time,Number of Motor Vehicles,Number of Injuries,Number of Fatalities,Property Damage,Hit and Run,Reporting Officer,Collision Type Code,Collision Type Description,Weather Code,Weather Description,Illumination Code,Illumination Description,Harmful Code,Harmful Code Description,Street Address,City,State,ZIP,RPA,Precinct,Latitude,Longitude,Mapped Location
20190483873,06/26/2019 05:02:00 PM,3,0,0,,N,909486,11,Front to Rear,21,CLEAR,1,DAYLIGHT,12,MOTOR VEHICLE IN TRANSPORT,EDMONDSON PKE & WALLACE RD,NASHVILLE,TN,37211,8661,MIDTOW,36.0771,-86.7256,POINT (-86.7256 36.0771)
20190181737,03/07/2019 04:26:00 PM,2,0,0,,Y,279124,11,Front to Rear,21,CLEAR,1,DAYLIGHT,12,MOTOR VEHICLE IN TRANSPORT,HARDING PL & EZELL PKE,NASHVILLE,TN,37211,8847,SOUTH,36.0892,-86.6874,POINT (-86.6874 36.0892)
20190104362,02/07/2019 11:21:00 PM,2,0,0,,N,299254,4,ANGLE,21,CLEAR,3,DARK - LIGHTED,12,MOTOR VEHICLE IN TRANSPORT,LINBAR DR & HARDING PL,NASHVILLE,TN,37211,8705,SOUTH,36.0842,-86.7059,POINT (-86.7059 36.0842)
20190464784,06/19/2019 10:29:00 AM,2,0,0,,N,352189,4,ANGLE,21,CLEAR,1,DAYLIGHT,12,MOTOR VEHICLE IN TRANSPORT,LONE OAK RD & BELMONT PARK TER,NASHVILLE,TN,37215,6401,MIDTOW,36.094,-86.8059,POINT (-86.8059 36.094)
20190413835,05/30/2019 06:26:00 PM,2,0,0,,N,151132,11,Front to Rear,22,CLOUDY,1,DAYLIGHT,12,MOTOR VEHICLE IN TRANSPORT,MM 41 2 I 24,WHITES CREEK,TN,37189,3226,NORTH,36.2687,-86.7931,POINT (-86.7931 36.2687)
20190288993,04/15/2019 01:07:00 PM,2,3,0,,N,716886,11,Front to Rear,21,CLEAR,1,DAYLIGHT,12,MOTOR VEHICLE IN TRANSPORT,OLD HICKORY BLVD & OWEN DR,ANTIOCH,TN,37013,8867,SOUTH,36.0183,-86.6196,POINT (-86.6196 36.0183)
20190420251,06/13/2019 04:15:00 PM,2,0,0,,N,714641,11,Front to Rear,21,CLEAR,1,DAYLIGHT,12,MOTOR VEHICLE IN TRANSPORT,I65 S ENT RAMP & I 65,NASHVILLE,TN,37207,3007,NORTH,36.2057,-86.778,POINT (-86.778 36.2057)
20190570210,07/31/2019 07:15:00 PM,2,0,0,,N,299238,11,Front to Rear,21,CLEAR,1,DAYLIGHT,12,MOTOR VEHICLE IN TRANSPORT,MM 48 7 I 24,NASHVILLE,TN,37213,1104,CENTRA,36.1696,-86.7668,POINT (-86.7668 36.1696)
20190462479,06/18/2019 03:04:00 PM,2,0,0,,N,206964,4,ANGLE,21,CLEAR,1,DAYLIGHT,12;14,MOTOR VEHICLE IN TRANSPORT;PARKED MOTOR VEHICLE,DOWDY DR & TERRAGON TRL,ANTIOCH,TN,37013,8899,SOUTH,36.071,-86.6715,POINT (-86.6715 36.071)
20190174755,03/05/2019 01:30:00 PM,2,0,0,,N,226136,11,Front to Rear,21,CLEAR,1,DAYLIGHT,12,MOTOR VEHICLE IN TRANSPORT,MM 3 2 I 440,NASHVILLE,TN,37215,6422,MIDTOW,36.1177,-86.8005,POINT (-86.8005 36.1177)
20190338529,05/02/2019 05:50:00 PM,2,0,0,,N,320580,4,ANGLE,21,CLEAR,1,DAYLIGHT,12,MOTOR VEHICLE IN TRANSPORT,LEBANON PKE & MCGAVOCK PKE,NASHVILLE,TN,37214,9201,HERMIT,36.1694,-86.6799,POINT (-86.6799 36.1694)
20190517394,07/10/2019 02:40:00 PM,1,1,0,,N,267831,0,NOT COLLISION W/MOTOR VEHICLE-TRANSPORT,2,RAIN,1,DAYLIGHT,39,WALL,MM 201 0 I 40,NASHVILLE,TN,37209,4708,WEST,36.1301,-86.8994,POINT (-86.8994 36.1301)
20190228565,03/24/2019 02:41:00 PM,2,0,0,,N,256499,5,SIDESWIPE - SAME DIRECTION,22,CLOUDY,1,DAYLIGHT,12,MOTOR VEHICLE IN TRANSPORT,20TH AVN & STATE ST,NASHVILLE,TN,37203,5509,MIDTOW,36.1543,-86.8015,POINT (-86.8015 36.1543)
20190344299,05/05/2019 04:27:00 AM,1,0,0,,N,256382,0,NOT COLLISION W/MOTOR VEHICLE-TRANSPORT,21,CLEAR,3,DARK - LIGHTED,39,WALL,I40 W ENT RAMP & BRILEY PKWY S EXT RAMP,NASHVILLE,TN,37210,9098,HERMIT,36.1456,-86.6964,POINT (-86.6964 36.1456)
20190204506,03/15/2019 11:10:00 PM,2,2,0,,N,279201,11,Front to Rear,21,CLEAR,3,DARK - LIGHTED,12,MOTOR VEHICLE IN TRANSPORT,ROYAL PKWY & RACHEL DR,NASHVILLE,TN,37214,9103,HERMIT,36.147,-86.6722,POINT (-86.6722 36.147)
20190100271,02/06/2019 01:07:00 PM,2,1,0,,Y,909494,11,Front to Rear,2,RAIN,1,DAYLIGHT,12,MOTOR VEHICLE IN TRANSPORT,GALLATIN AV & W EASTLAND AV,NASHVILLE,TN,37206,1243,EAST,36.1836,-86.7485,POINT (-86.7485 36.1836)
20190441431,06/10/2019 12:00:00 AM,2,0,0,,Y,212344,4,ANGLE,22,CLOUDY,1,DAYLIGHT,12,MOTOR VEHICLE IN TRANSPORT,MAIN ST & N 10TH ST,NASHVILLE,TN,37206,1131,EAST,36.1782,-86.7517,POINT (-86.7517 36.1782)
20190047594,01/18/2019 05:00:00 PM,2,0,0,,N,311328,4,ANGLE,21,CLEAR,3,DARK - LIGHTED,13,MOTOR VEHICLE IN TRANSPORT-OTHER ROADWAY,11TH AVN & CHARLOTTE AV,NASHVILLE,TN,37203,4151,CENTRA,36.1621,-86.7906,POINT (-86.7906 36.1621)
20190476149,06/23/2019 09:40:00 PM,2,0,0,,Y,200016,4,ANGLE,2,RAIN,3,DARK - LIGHTED,12,MOTOR VEHICLE IN TRANSPORT,MM 209 1 I 40,NASHVILLE,TN,37203,4002,CENTRA,36.1558,-86.7892,POINT (-86.7892 36.1558)
20190552259,07/24/2019 12:10:00 PM,2,1,0,,N,693093,6,SIDESWIPE - OPPOSITE DIRECTION,21,CLEAR,1,DAYLIGHT,12,MOTOR VEHICLE IN TRANSPORT,UNION HILL RD & LICKTON PKE,GOODLETTSVILLE,TN,37072,2225,MADISO,36.3366,-86.7805,POINT (-86.7805 36.3366)
20190507813,07/06/2019 12:53:00 AM,1,1,0,,N,311336,0,NOT COLLISION W/MOTOR VEHICLE-TRANSPORT,21,CLEAR,3,DARK - LIGHTED,42,TREE,PIEDMONT AV & FERNWOOD DR,NASHVILLE,TN,37216,1409,EAST,36.2012,-86.7145,POINT (-86.7145 36.2012)
20190489609,06/28/2019 08:33:00 PM,3,1,0,,N,299266,4,ANGLE,21,CLEAR,2,DARK - NOT LIGHTED,12,MOTOR VEHICLE IN TRANSPORT,MURFREESBORO PKE & OLD MURFREESBORO PKE,NASHVILLE,TN,37217,8849,SOUTH,36.1046,-86.6694,POINT (-86.6694 36.1046)
20190079400,01/30/2019 08:22:00 AM,2,0,0,,N,225773,11,Front to Rear,4,SNOW,1,DAYLIGHT,12,MOTOR VEHICLE IN TRANSPORT,SHACKLEFORD RD & BELMONT BLVD,NASHVILLE,TN,37215,6411,MIDTOW,36.1014,-86.8025,POINT (-86.8025 36.1014)
20190514422,07/09/2019 12:39:00 PM,2,2,0,,N,462474,2,HEAD-ON,21,CLEAR,1,DAYLIGHT,12,MOTOR VEHICLE IN TRANSPORT,BLAKEMORE AV & 25TH AVS,NASHVILLE,TN,37212,5823,MIDTOW,36.1381,-86.806,POINT (-86.806 36.1381)
20190030512,01/12/2019 02:18:00 PM,2,0,0,,N,256505,11,Front to Rear,2,RAIN,1,DAYLIGHT,12,MOTOR VEHICLE IN TRANSPORT,BELMONT BLVD & PARIS AV,NASHVILLE,TN,37212,6505,MIDTOW,36.122,-86.7948,POINT (-86.7948 36.122)
20190342155,05/04/2019 02:16:00 AM,2,2,0,,N,405424,11,Front to Rear,22,CLOUDY,2,DARK - NOT LIGHTED,12,MOTOR VEHICLE IN TRANSPORT,RACHELS LN & OLD HICKORY BLVD,OLD HICKORY,TN,37138,9739,HERMIT,36.2111,-86.6209,POINT (-86.6209 36.2111)
20190430037,06/06/2019 12:21:00 AM,1,0,0,,N,320600,0,NOT COLLISION W/MOTOR VEHICLE-TRANSPORT,21,CLEAR,2,DARK - NOT LIGHTED,2,,MM 87 0 I 65,NASHVILLE,TN,37207,18020,EAST,36.2018,-86.7766,POINT (-86.7766 36.2018)
20190191691,03/11/2019 02:17:00 PM,2,0,0,,Y,524985,11,Front to Rear,21,CLEAR,1,DAYLIGHT,12,MOTOR VEHICLE IN TRANSPORT,CLARKSVILLE PKE & KINGS LN,NASHVILLE,TN,37218,3141,NORTH,36.2167,-86.8375,POINT (-86.8375 36.2167)
20190491694,06/29/2019 07:08:00 PM,1,0,0,Y,N,240979,0,NOT COLLISION W/MOTOR VEHICLE-TRANSPORT,21,CLEAR,1,DAYLIGHT,27,H-WAY TRAFFIC SIGNAL POST,I65 N EXT RAMP & I 65,NASHVILLE,TN,37207,1863,EAST,36.2057,-86.7747,POINT (-86.7747 36.2057)
20190276934,04/10/2019 08:58:00 PM,2,1,0,,Y,256496,11,Front to Rear,21,CLEAR,3,DARK - LIGHTED,12,MOTOR VEHICLE IN TRANSPORT,OLD HICKORY BLVD & PLANTATION DR,HERMITAGE,TN,37076,9613,HERMIT,36.2006,-86.6209,POINT (-86.6209 36.2006)
20190341823,05/03/2019 10:45:00 PM,2,0,0,,N,311343,11,Front to Rear,21,CLEAR,3,DARK - LIGHTED,12,MOTOR VEHICLE IN TRANSPORT,MM 3 8 I 440,NASHVILLE,TN,37212,6502,MIDTOW,36.1163,-86.7919,POINT (-86.7919 36.1163)
20190246557,03/30/2019 04:48:00 PM,2,0,0,,N,320581,11,Front to Rear,21,CLEAR,1,DAYLIGHT,12,MOTOR VEHICLE IN TRANSPORT,DOMINICAN DR & ROSA L PARKS BLVD,NASHVILLE,TN,37228,4445,NORTH,36.1879,-86.7985,POINT (-86.7985 36.1879)
20190104291,02/07/2019 11:01:00 PM,1,0,0,Y,Y,299254,0,NOT COLLISION W/MOTOR VEHICLE-TRANSPORT,21,CLEAR,3,DARK - LIGHTED,40,MAIL BOX,WILLARD DR & EZELL RD,NASHVILLE,TN,37211,8707,SOUTH,36.071,-86.6948,POINT (-86.6948 36.071)
20190428915,06/05/2019 06:00:00 AM,3,0,0,,Y,206675,11,Front to Rear,21,CLEAR,1,DAYLIGHT,12;14,MOTOR VEHICLE IN TRANSPORT;PARKED MOTOR VEHICLE,BELCOURT AV & 18TH AVS,NASHVILLE,TN,37212,6611,MIDTOW,36.1365,-86.7967,POINT (-86.7967 36.1365)
20190471729,06/21/2019 05:00:00 PM,2,0,0,,Y,240955,4,ANGLE,21,CLEAR,1,DAYLIGHT,55,Motor Vehicle-In-Motion Outside Trafficw,BLUE HOLE RD & BELL RD,ANTIOCH,TN,37013,8721,SOUTH,36.0458,-86.6744,POINT (-86.6744 36.0458)
20190241414,03/28/2019 06:12:00 PM,2,1,0,,Y,279124,11,Front to Rear,21,CLEAR,1,DAYLIGHT,12,MOTOR VEHICLE IN TRANSPORT,CANE RIDGE RD & BELL RD,ANTIOCH,TN,37013,8721,SOUTH,36.0174,-86.6643,POINT (-86.6643 36.0174)
20190251901,04/01/2019 08:10:00 PM,2,0,0,,N,281611,4,ANGLE,21,CLEAR,3,DARK - LIGHTED,12,MOTOR VEHICLE IN TRANSPORT,HARDING PKE & ROYAL OAKS CONDOS PVTDR,NASHVILLE,TN,37205,6101,WEST,36.1235,-86.8497,POINT (-86.8497 36.1235)
20190560414,07/27/2019 06:50:00 PM,2,0,0,,N,311344,11,Front to Rear,21,CLEAR,1,DAYLIGHT,12,MOTOR VEHICLE IN TRANSPORT,STATE RT 45 & RIO VISTA DR,MADISON,TN,37115,1705,MADISO,36.2628,-86.681,POINT (-86.681 36.2628)
20190304019,04/20/2019 08:00:00 AM,1,0,0,,N,279206,0,NOT COLLISION W/MOTOR VEHICLE-TRANSPORT,2,RAIN,3,DARK - LIGHTED,36,CONCRETE TRAFFIC BARRIER,MM 213 5 I 40,NASHVILLE,TN,37210,90062,HERMIT,36.1406,-86.7215,POINT (-86.7215 36.1406)
20190355648,05/09/2019 07:00:00 AM,2,2,0,,Y,493309,5,SIDESWIPE - SAME DIRECTION,22,CLOUDY,1,DAYLIGHT,12,MOTOR VEHICLE IN TRANSPORT,MM 94 4 I 65,MADISON,TN,37115,17042,MADISO,36.2921,-86.7207,POINT (-86.7207 36.2921)
20190112419,02/11/2019 12:00:00 AM,2,0,0,,Y,665896,9,UNKNOWN,99,UNKNOWN,9,UNKNOWN,12;14,MOTOR VEHICLE IN TRANSPORT;PARKED MOTOR VEHICLE,JOY CIR & JOY AV,NASHVILLE,TN,37207,1857,EAST,36.203,-86.7604,POINT (-86.7604 36.203)
20190494944,07/01/2019 07:18:00 AM,2,0,0,,N,109534,11,Front to Rear,21,CLEAR,1,DAYLIGHT,12,MOTOR VEHICLE IN TRANSPORT,I40 W EXT RAMP & I 40,NASHVILLE,TN,37203,4119,CENTRA,36.1574,-86.79,POINT (-86.79 36.1574)
20190403227,05/27/2019 12:00:00 AM,1,0,0,,Y,240981,0,NOT COLLISION W/MOTOR VEHICLE-TRANSPORT,21,CLEAR,3,DARK - LIGHTED,8,PEDESTRIAN,MCFERRIN AV & WOODLAND ST,NASHVILLE,TN,37206,1131,EAST,36.176,-86.7551,POINT (-86.7551 36.176)
20190454023,06/14/2019 11:34:00 PM,2,0,0,,N,134867,4,ANGLE,21,CLEAR,3,DARK - LIGHTED,12,MOTOR VEHICLE IN TRANSPORT,UNION ST EXT RAMP & UNION ST,NASHVILLE,TN,37201,4135,CENTRA,36.166,-86.7778,POINT (-86.7778 36.166)
20190051192,01/20/2019 09:04:00 AM,2,0,0,,Y,109515,4,ANGLE,22,CLOUDY,1,DAYLIGHT,12,MOTOR VEHICLE IN TRANSPORT,GALLATIN PKES & E PALESTINE AV,MADISON,TN,37115,1507,MADISO,36.2491,-86.7196,POINT (-86.7196 36.2491)
20190148455,02/23/2019 06:55:00 PM,1,0,0,,N,402630,0,NOT COLLISION W/MOTOR VEHICLE-TRANSPORT,2,RAIN,9,UNKNOWN,36,CONCRETE TRAFFIC BARRIER,BRILEY PKWYE & BRILEY PKWYW,NASHVILLE,TN,37207,20120,MADISO,36.2396,-86.7751,POINT (-86.7751 36.2396)
20190524942,07/13/2019 02:31:00 PM,2,0,0,,N,298868,4,ANGLE,21,CLEAR,1,DAYLIGHT,12,MOTOR VEHICLE IN TRANSPORT,52ND AVN & MICHIGAN AV,NASHVILLE,TN,37209,4603,WEST,36.1587,-86.8503,POINT (-86.8503 36.1587)
20190105970,02/08/2019 01:38:00 PM,3,0,0,,N,311339,11,Front to Rear,21,CLEAR,1,DAYLIGHT,12,MOTOR VEHICLE IN TRANSPORT,MM 49 2 I 24,NASHVILLE,TN,37213,1002,CENTRA,36.1637,-86.7625,POINT (-86.7625 36.1637)
20190221420,03/21/2019 08:15:00 PM,2,0,0,,N,256383,11,Front to Rear,21,CLEAR,2,DARK - NOT LIGHTED,12,MOTOR VEHICLE IN TRANSPORT,I440 W ENT RAMP & I 440,NASHVILLE,TN,37210,81021,SOUTH,36.1259,-86.7322,POINT (-86.7322 36.1259)
20190375719,05/16/2019 04:59:00 PM,2,0,0,,Y,256383,0,NOT COLLISION W/MOTOR VEHICLE-TRANSPORT,21,CLEAR,1,DAYLIGHT,60,Cargo Equip Loss/Shift,BLUE HOLE RD & PETTUS RD,ANTIOCH,TN,37013,8753,SOUTH,36.0283,-86.6727,POINT (-86.6727 36.0283)
20190223789,03/22/2019 01:57:00 PM,2,0,0,,N,184870,4,ANGLE,21,CLEAR,1,DAYLIGHT,12,MOTOR VEHICLE IN TRANSPORT,CHARLOTTE AV & 39TH AVN,NASHVILLE,TN,37209,5229,WEST,36.1522,-86.8334,POINT (-86.8334 36.1522)
20190391170,05/22/2019 12:48:00 PM,2,0,0,,Y,191578,2,HEAD-ON,21,CLEAR,1,DAYLIGHT,55,Motor Vehicle-In-Motion Outside Trafficw,OLD HICKORY BLVD & ANDREW JACKSON WAY,HERMITAGE,TN,37076,9561,HERMIT,36.1826,-86.6084,POINT (-86.6084 36.1826)
20190534870,07/17/2019 03:46:00 PM,2,0,0,,N,240960,4,ANGLE,21,CLEAR,1,DAYLIGHT,12,MOTOR VEHICLE IN TRANSPORT,LITTON AV & BRONTE AV,NASHVILLE,TN,37216,1401,EAST,36.202,-86.7357,POINT (-86.7357 36.202)
20190304823,04/20/2019 05:00:00 PM,2,0,0,,Y,887598,16,Rear to Side,21,CLEAR,1,DAYLIGHT,14,PARKED MOTOR VEHICLE,LUCAS LN & W TRINITY LN,NASHVILLE,TN,37207,1863,EAST,36.2061,-86.7711,POINT (-86.7711 36.2061)
20190323739,04/26/2019 10:47:00 PM,2,0,0,,Y,309263,5,SIDESWIPE - SAME DIRECTION,21,CLEAR,3,DARK - LIGHTED,12,MOTOR VEHICLE IN TRANSPORT,MM 48 9 I 24,NASHVILLE,TN,37213,1104,CENTRA,36.1676,-86.7656,POINT (-86.7656 36.1676)
20190488380,06/28/2019 10:21:00 AM,2,0,0,,N,676834,6,SIDESWIPE - OPPOSITE DIRECTION,21,CLEAR,1,DAYLIGHT,12,MOTOR VEHICLE IN TRANSPORT,DR D B TODD JR BLVD & WHELESS ST,NASHVILLE,TN,37208,4471,NORTH,36.176,-86.8093,POINT (-86.8093 36.176)
20190385786,05/20/2019 06:30:00 PM,2,0,0,,Y,298860,11,Front to Rear,21,CLEAR,1,DAYLIGHT,12,MOTOR VEHICLE IN TRANSPORT,OLD HICKORY BLVD & FRIST BLVD,HERMITAGE,TN,37076,9561,HERMIT,36.1821,-86.6076,POINT (-86.6076 36.1821)
20190214830,03/19/2019 12:00:00 AM,2,0,0,,Y,279200,11,Front to Rear,21,CLEAR,3,DARK - LIGHTED,12,MOTOR VEHICLE IN TRANSPORT,CHARLOTTE AV & 18TH AVN,NASHVILLE,TN,37203,5505,MIDTOW,36.1581,-86.7999,POINT (-86.7999 36.1581)
20190321805,04/26/2019 07:25:00 AM,2,0,0,,N,876581,11,Front to Rear,21,CLEAR,1,DAYLIGHT,12,MOTOR VEHICLE IN TRANSPORT,I65 S EXT RAMP & I 65,MADISON,TN,37115,20044,MADISO,36.2481,-86.743,POINT (-86.743 36.2481)
20190299968,04/18/2019 07:13:00 PM,2,0,0,,N,256380,11,Front to Rear,2,RAIN,2,DARK - NOT LIGHTED,12,MOTOR VEHICLE IN TRANSPORT,WHITES CREEK PKE & MORGAN RD,JOELTON,TN,37080,2309,NORTH,36.3526,-86.8806,POINT (-86.8806 36.3526)
20190164343,03/01/2019 01:14:00 PM,2,0,0,,Y,109534,16,Rear to Side,22,CLOUDY,1,DAYLIGHT,12;99,MOTOR VEHICLE IN TRANSPORT;UNKNOWN MOST HARMFUL EVENT,OPRY MILLS DR & OPRYLAND DR,NASHVILLE,TN,37214,9209,HERMIT,36.2116,-86.7002,POINT (-86.7002 36.2116)
20190361532,05/11/2019 11:12:00 AM,3,0,0,,N,462474,11,Front to Rear,22,CLOUDY,1,DAYLIGHT,12,MOTOR VEHICLE IN TRANSPORT,BATTERY LN & FRANKLIN PKE,NASHVILLE,TN,37204,7027,MIDTOW,36.0866,-86.7725,POINT (-86.7725 36.0866)
20190130705,02/17/2019 08:15:00 PM,2,0,0,,N,256446,4,ANGLE,2,RAIN,3,DARK - LIGHTED,12,MOTOR VEHICLE IN TRANSPORT,LAFAYETTE ST & CLAIBORNE ST,NASHVILLE,TN,37210,8147,SOUTH,36.1483,-86.7609,POINT (-86.7609 36.1483)
20190383854,05/20/2019 02:30:00 AM,1,0,0,,N,299245,0,NOT COLLISION W/MOTOR VEHICLE-TRANSPORT,21,CLEAR,3,DARK - LIGHTED,33,CURB,MAIN ST & N 8TH ST,NASHVILLE,TN,37206,1119,EAST,36.1753,-86.7588,POINT (-86.7588 36.1753)
20190501690,07/03/2019 01:23:00 PM,2,0,0,,N,462474,11,Front to Rear,22,CLOUDY,1,DAYLIGHT,12,MOTOR VEHICLE IN TRANSPORT,I40 E ENT RAMP & I 40,NASHVILLE,TN,37205,4903,WEST,36.1109,-86.922,POINT (-86.922 36.1109)
20190468309,06/20/2019 01:51:00 PM,2,1,0,,N,352205,5,SIDESWIPE - SAME DIRECTION,22,CLOUDY,1,DAYLIGHT,12,MOTOR VEHICLE IN TRANSPORT,MM 210 9 I 40,NASHVILLE,TN,37210,8008,HERMIT,36.1547,-86.7615,POINT (-86.7615 36.1547)
20190040501,01/16/2019 07:50:00 AM,2,0,0,,N,876577,11,Front to Rear,21,CLEAR,1,DAYLIGHT,12,MOTOR VEHICLE IN TRANSPORT,BELL RD & THE OVERLOOK PVTDR,ANTIOCH,TN,37013,8865,SOUTH,36.056,-86.6421,POINT (-86.6421 36.056)
20190237529,03/27/2019 11:35:00 AM,2,0,0,,N,235761,5,SIDESWIPE - SAME DIRECTION,21,CLEAR,1,DAYLIGHT,12,MOTOR VEHICLE IN TRANSPORT,WOODMONT BLVD & HARDING PKE,NASHVILLE,TN,37205,6101,WEST,36.1245,-86.8472,POINT (-86.8472 36.1245)
20190315434,04/24/2019 05:44:00 AM,2,0,0,,N,284059,11,Front to Rear,21,CLEAR,1,DAYLIGHT,12,MOTOR VEHICLE IN TRANSPORT,MM 40 8 I 24,WHITES CREEK,TN,37189,3226,NORTH,36.2733,-86.7966,POINT (-86.7966 36.2733)
20190363961,05/12/2019 04:30:00 PM,2,0,0,,N,352201,11,Front to Rear,22,CLOUDY,1,DAYLIGHT,12,MOTOR VEHICLE IN TRANSPORT,CHARLOTTE PKE & OCEOLA AV,NASHVILLE,TN,37209,5025,WEST,36.1495,-86.8605,POINT (-86.8605 36.1495)
20190452759,06/14/2019 12:40:00 PM,2,0,0,,Y,633385,11,Front to Rear,21,CLEAR,1,DAYLIGHT,12,MOTOR VEHICLE IN TRANSPORT,ZELIDA AV & BELL RD,ANTIOCH,TN,37013,8865,SOUTH,36.0549,-86.6425,POINT (-86.6425 36.0549)
20190270426,04/08/2019 04:10:00 PM,2,0,0,,N,212315,11,Front to Rear,2,RAIN,1,DAYLIGHT,12,MOTOR VEHICLE IN TRANSPORT,8TH AVS & LAFAYETTE ST,NASHVILLE,TN,37203,4043,CENTRA,36.1546,-86.7792,POINT (-86.7792 36.1546)
20190083740,01/31/2019 02:52:00 PM,2,0,0,,N,256496,11,Front to Rear,22,CLOUDY,1,DAYLIGHT,12,MOTOR VEHICLE IN TRANSPORT,ANDREW JACKSON PKWY & LEXINGTON WAY,OLD HICKORY,TN,37138,9721,HERMIT,36.2256,-86.5978,POINT (-86.5978 36.2256)
20190068510,01/26/2019 01:58:00 PM,2,1,0,,Y,320586,11,Front to Rear,21,CLEAR,1,DAYLIGHT,12,MOTOR VEHICLE IN TRANSPORT,HARDING PL & METROPLEX DR,NASHVILLE,TN,37211,8889,SOUTH,36.0868,-86.6959,POINT (-86.6959 36.0868)
20190116133,02/12/2019 01:51:00 PM,2,0,0,,N,279230,6,SIDESWIPE - OPPOSITE DIRECTION,2,RAIN,1,DAYLIGHT,12,MOTOR VEHICLE IN TRANSPORT,925 HICKORY HOLLOW MALL PVTDR PL,ANTIOCH,TN,37013,8871,SOUTH,36.0495,-86.6527,POINT (-86.6527 36.0495)
20190275203,04/10/2019 08:10:00 AM,2,0,0,,N,676834,11,Front to Rear,21,CLEAR,1,DAYLIGHT,12,MOTOR VEHICLE IN TRANSPORT,MM 206 6 I 40,NASHVILLE,TN,37208,53124,NORTH,36.1664,-86.8171,POINT (-86.8171 36.1664)
20190307520,04/21/2019 11:59:00 PM,1,0,0,Y,Y,166477,0,NOT COLLISION W/MOTOR VEHICLE-TRANSPORT,21,CLEAR,3,DARK - LIGHTED,38;42;64;68,FENCE;TREE;Ran Off Road-Left;Cross Center Line,TUSCULUM RD & HICKORY GLADE DR,NASHVILLE,TN,37211,8715,SOUTH,36.0597,-86.7049,POINT (-86.7049 36.0597)
20190276238,04/10/2019 03:25:00 PM,2,0,0,,N,580819,4,ANGLE,21,CLEAR,1,DAYLIGHT,12,MOTOR VEHICLE IN TRANSPORT,DIVISION ST & 9TH AVS,NASHVILLE,TN,37203,4011,CENTRA,36.1502,-86.7809,POINT (-86.7809 36.1502)
20190339271,05/03/2019 12:15:00 AM,2,0,0,,Y,320583,98,OTHER,21,CLEAR,3,DARK - LIGHTED,12,MOTOR VEHICLE IN TRANSPORT,MM 78 1 I 65,NASHVILLE,TN,37204,7002,MIDTOW,36.0868,-86.7632,POINT (-86.7632 36.0868)
20190491101,06/29/2019 01:42:00 PM,2,1,0,,N,179602,11,Front to Rear,21,CLEAR,1,DAYLIGHT,12,MOTOR VEHICLE IN TRANSPORT,WHITES CREEK PKE & REVELS DR,NASHVILLE,TN,37207,3023,NORTH,36.2219,-86.8051,POINT (-86.8051 36.2219)
20190168193,03/03/2019 03:45:00 AM,1,2,0,,N,299274,0,NOT COLLISION W/MOTOR VEHICLE-TRANSPORT,2,RAIN,3,DARK - LIGHTED,1;25;63,GUARDRAIL END;Ran Off Road-Right,BRILEY PKWYN & BRILEY PKWYS,NASHVILLE,TN,37211,8404,SOUTH,36.1092,-86.727,POINT (-86.727 36.1092)
20190560137,07/27/2019 12:00:00 AM,2,0,0,,Y,320580,5,SIDESWIPE - SAME DIRECTION,21,CLEAR,1,DAYLIGHT,12,MOTOR VEHICLE IN TRANSPORT,MM 212 3 I 40,NASHVILLE,TN,37210,8206,HERMIT,36.1447,-86.7399,POINT (-86.7399 36.1447)
20190323411,04/26/2019 07:40:00 PM,2,0,0,,N,311328,5,SIDESWIPE - SAME DIRECTION,21,CLEAR,3,DARK - LIGHTED,12,MOTOR VEHICLE IN TRANSPORT,8TH AVS & DEMONBREUN ST,NASHVILLE,TN,37203,4041,CENTRA,36.1569,-86.7808,POINT (-86.7808 36.1569)
20190077313,01/29/2019 12:00:00 AM,2,0,0,,Y,298861,11,Front to Rear,21,CLEAR,5,DUSK,12,MOTOR VEHICLE IN TRANSPORT,LAKELAND DR & DONELSON PKE,NASHVILLE,TN,37214,9105,HERMIT,36.1551,-86.6661,POINT (-86.6661 36.1551)
20190449775,06/13/2019 01:17:00 PM,2,1,0,,N,665896,4,ANGLE,21,CLEAR,1,DAYLIGHT,12,MOTOR VEHICLE IN TRANSPORT,STRATFORD AV & KATHERINE ST,NASHVILLE,TN,37216,1421,EAST,36.2141,-86.7277,POINT (-86.7277 36.2141)
20190234524,03/26/2019 12:18:00 PM,2,0,0,,N,267831,5,SIDESWIPE - SAME DIRECTION,21,CLEAR,1,DAYLIGHT,12,MOTOR VEHICLE IN TRANSPORT,CHARLOTTE PKE & OLD CHARLOTTE PKE,NASHVILLE,TN,37209,5009,WEST,36.1318,-86.8958,POINT (-86.8958 36.1318)
20190073668,01/28/2019 04:01:00 PM,2,0,0,,Y,151132,11,Front to Rear,22,CLOUDY,1,DAYLIGHT,12,MOTOR VEHICLE IN TRANSPORT,MM 92 6 I 65,MADISON,TN,37115,1704,MADISO,36.2702,-86.7364,POINT (-86.7364 36.2702)
20190525516,07/13/2019 08:53:00 PM,2,1,0,,N,330440,6,SIDESWIPE - OPPOSITE DIRECTION,2,RAIN,3,DARK - LIGHTED,12,MOTOR VEHICLE IN TRANSPORT,BUCHANAN ST & 15TH AVN,NASHVILLE,TN,37208,4455,NORTH,36.1801,-86.8087,POINT (-86.8087 36.1801)