Accident Number,Date and Time,Number of Motor Vehicles,Number of Injuries,Number of Fatalities,Property Damage,Hit and Run,Reporting Officer,Collision Type Code,Collision Type Description,Weather Code,Weather Description,Illumination Code,Illumination Description,Harmful Code,Harmful Code Description,Street Address,City,State,ZIP,RPA,Precinct,Latitude,Longitude,Mapped Location
20190251621,04/01/2019 05:45:00 PM,2,0,0,,N,676824,16,Rear to Side,21,CLEAR,1,DAYLIGHT,12,MOTOR VEHICLE IN TRANSPORT,16TH AVN & BUCHANAN ST,NASHVILLE,TN,37208,4413,NORTH,36.1804,-86.81,POINT (-86.81 36.1804)
20190567452,07/30/2019 06:45:00 PM,2,0,0,,N,714641,4,ANGLE,21,CLEAR,1,DAYLIGHT,12,MOTOR VEHICLE IN TRANSPORT,8TH AVS & LAFAYETTE ST,NASHVILLE,TN,37203,4043,CENTRA,36.1546,-86.7792,POINT (-86.7792 36.1546)
20190380883,05/18/2019 02:35:00 PM,2,0,0,,Y,330440,4,ANGLE,21,CLEAR,1,DAYLIGHT,14,PARKED MOTOR VEHICLE,NORTHSIDE STATION PVTDR & CLARKSVILLE PK,NASHVILLE,TN,37218,3141,NORTH,36.211,-86.8389,POINT (-86.8389 36.211)
20190136981,02/19/2019 11:00:00 PM,2,1,0,,Y,240947,11,Front to Rear,2,RAIN,3,DARK - LIGHTED,12,MOTOR VEHICLE IN TRANSPORT,ANDREW JACKSON PKWY & LEBANON PKE,HERMITAGE,TN,37076,9537,HERMIT,36.2146,-86.5977,POINT (-86.5977 36.2146)
20190044566,01/17/2019 04:24:00 PM,1,0,0,,N,212322,0,NOT COLLISION W/MOTOR VEHICLE-TRANSPORT,21,CLEAR,1,DAYLIGHT,43,OTHER FIXED OBJECTS,HARDING PL & ANTIOCH PKE,NASHVILLE,TN,37211,8847,SOUTH,36.0875,-86.6921,POINT (-86.6921 36.0875)
20190551551,07/24/2019 06:54:00 AM,2,0,0,,N,462474,11,Front to Rear,21,CLEAR,1,DAYLIGHT,12,MOTOR VEHICLE IN TRANSPORT,OLD HICKORY BLVD & SEVEN SPRINGS WAY,BRENTWOOD,TN,37027,8619,MIDTOW,36.0403,-86.7684,POINT (-86.7684 36.0403)
20190322604,04/26/2019 01:00:00 PM,3,1,0,,N,279227,11,Front to Rear,21,CLEAR,1,DAYLIGHT,12,MOTOR VEHICLE IN TRANSPORT,BELL RD & EAGLE VIEW BLVD,ANTIOCH,TN,37013,8861,SOUTH,36.0522,-86.6449,POINT (-86.6449 36.0522)
20190435446,06/07/2019 10:00:00 PM,1,0,0,Y,Y,330414,0,NOT COLLISION W/MOTOR VEHICLE-TRANSPORT,21,CLEAR,2,DARK - NOT LIGHTED,14;39,PARKED MOTOR VEHICLE;WALL,BUBBLING WELL RD & WEYMOUTH DR,MADISON,TN,37115,1617,MADISO,36.2604,-86.6761,POINT (-86.6761 36.2604)
20190011920,01/05/2019 12:58:00 PM,2,0,0,,N,320592,98,OTHER,21,CLEAR,1,DAYLIGHT,12,MOTOR VEHICLE IN TRANSPORT,I40 E EXT RAMP & I 40,NASHVILLE,TN,37214,8955,HERMIT,36.155,-86.6271,POINT (-86.6271 36.155)
20190249800,04/01/2019 02:48:00 AM,3,0,0,,Y,320584,6,SIDESWIPE - OPPOSITE DIRECTION,21,CLEAR,3,DARK - LIGHTED,12,MOTOR VEHICLE IN TRANSPORT,CROSSINGS BLVD & MT VIEW RD,ANTIOCH,TN,37013,8863,SOUTH,36.0455,-86.6473,POINT (-86.6473 36.0455)
20190527360,07/14/2019 09:05:00 PM,2,3,0,,N,161939,4,ANGLE,21,CLEAR,2,DARK - NOT LIGHTED,12,MOTOR VEHICLE IN TRANSPORT,US HWY 31 ALT & CONCORD HILLS DR,NASHVILLE,TN,37211,8651,MIDTOW,35.9994,-86.6935,POINT (-86.6935 35.9994)
20190182586,03/07/2019 11:24:00 PM,2,0,0,,N,212349,11,Front to Rear,21,CLEAR,3,DARK - LIGHTED,12,MOTOR VEHICLE IN TRANSPORT,MM 210 5 I 40,NASHVILLE,TN,37210,8202,HERMIT,36.1522,-86.7669,POINT (-86.7669 36.1522)
20190372112,05/15/2019 01:30:00 PM,2,0,0,,Y,226622,5,SIDESWIPE - SAME DIRECTION,22,CLOUDY,1,DAYLIGHT,12,MOTOR VEHICLE IN TRANSPORT,HARDING PKE & WOODMONT BLVD,NASHVILLE,TN,37205,6021,WEST,36.1253,-86.8472,POINT (-86.8472 36.1253)
20190495638,07/01/2019 01:05:00 PM,2,0,0,,N,311804,11,Front to Rear,21,CLEAR,1,DAYLIGHT,12,MOTOR VEHICLE IN TRANSPORT,MM 49 6 I 24,NASHVILLE,TN,37210,4008,CENTRA,36.1571,-86.7604,POINT (-86.7604 36.1571)
20190336434,05/02/2019 12:00:00 AM,2,0,0,,N,191573,5,SIDESWIPE - SAME DIRECTION,21,CLEAR,3,DARK - LIGHTED,12,MOTOR VEHICLE IN TRANSPORT,MM 210 7 I 40,NASHVILLE,TN,37210,8202,HERMIT,36.1532,-86.7644,POINT (-86.7644 36.1532)
20190101214,02/06/2019 08:23:00 PM,2,0,0,,N,256505,4,ANGLE,2,RAIN,3,DARK - LIGHTED,12,MOTOR VEHICLE IN TRANSPORT,16TH AVS & MCGAVOCK ST,NASHVILLE,TN,37203,5701,MIDTOW,36.153,-86.792,POINT (-86.792 36.153)
20190187994,03/10/2019 12:00:00 AM,1,0,0,Y,Y,320578,0,NOT COLLISION W/MOTOR VEHICLE-TRANSPORT,21,CLEAR,3,DARK - LIGHTED,33,CURB,LINBAR DR & WALLACE RD,NASHVILLE,TN,37211,8707,SOUTH,36.0387,-86.731,POINT (-86.731 36.0387)
20190281217,04/12/2019 08:22:00 AM,2,0,0,,N,716886,4,ANGLE,2,RAIN,1,DAYLIGHT,12,MOTOR VEHICLE IN TRANSPORT,BLUE HOLE RD & PETTUS RD,ANTIOCH,TN,37013,8753,SOUTH,36.0283,-86.6727,POINT (-86.6727 36.0283)
20190247679,03/31/2019 04:08:00 AM,1,0,0,Y,Y,151122,0,NOT COLLISION W/MOTOR VEHICLE-TRANSPORT,21,CLEAR,3,DARK - LIGHTED,19,BUILDING,LINBAR DR & WALLACE RD,NASHVILLE,TN,37211,8707,SOUTH,36.0387,-86.731,POINT (-86.731 36.0387)
20190279803,04/11/2019 08:30:00 PM,2,0,0,,N,226506,5,SIDESWIPE - SAME DIRECTION,21,CLEAR,3,DARK - LIGHTED,12,MOTOR VEHICLE IN TRANSPORT,8TH AVS & KOREAN VETERANS BLVD,NASHVILLE,TN,37203,4043,CENTRA,36.1549,-86.7792,POINT (-86.7792 36.1549)
20190400935,05/25/2019 12:00:00 AM,2,0,0,,N,279200,4,ANGLE,21,CLEAR,1,DAYLIGHT,12,MOTOR VEHICLE IN TRANSPORT,3RD AVS & SHELBY ST PEDESTRIAN BRIDGE GR,NASHVILLE,TN,37201,4065,CENTRA,36.1605,-86.7753,POINT (-86.7753 36.1605)
20190275170,04/10/2019 07:46:00 AM,3,2,0,,N,109534,5,SIDESWIPE - SAME DIRECTION,21,CLEAR,1,DAYLIGHT,12;39,MOTOR VEHICLE IN TRANSPORT;WALL,MM 215 0 I 40,NASHVILLE,TN,37214,91021,HERMIT,36.1444,-86.6948,POINT (-86.6948 36.1444)
20190555141,07/25/2019 12:58:00 PM,2,0,0,,N,226673,4,ANGLE,21,CLEAR,1,DAYLIGHT,12,MOTOR VEHICLE IN TRANSPORT,CHURCH ST & GEORGE L DAVIS BLVD,NASHVILLE,TN,37203,4119,CENTRA,36.1587,-86.79,POINT (-86.79 36.1587)
20190395193,05/23/2019 06:11:00 PM,2,0,0,,N,905011,4,ANGLE,21,CLEAR,1,DAYLIGHT,12,MOTOR VEHICLE IN TRANSPORT,51ST AVN & ALABAMA AV,NASHVILLE,TN,37209,5121,WEST,36.1531,-86.8486,POINT (-86.8486 36.1531)
20190456767,06/16/2019 07:11:00 AM,1,0,0,,N,279113,0,NOT COLLISION W/MOTOR VEHICLE-TRANSPORT,21,CLEAR,1,DAYLIGHT,33,CURB,SMITH SPRINGS RD & SMITH SPRINGS CT,NASHVILLE,TN,37217,8941,HERMIT,36.0955,-86.6361,POINT (-86.6361 36.0955)
20190543759,07/21/2019 03:06:00 AM,2,1,0,,N,311326,4,ANGLE,21,CLEAR,3,DARK - LIGHTED,12,MOTOR VEHICLE IN TRANSPORT,JEFFERSON ST & DR D B TODD JR BLVD,NASHVILLE,TN,37208,5325,NORTH,36.1694,-86.807,POINT (-86.807 36.1694)
20190371289,05/15/2019 07:11:00 AM,3,1,0,,N,191578,11,Front to Rear,22,CLOUDY,1,DAYLIGHT,12;24,MOTOR VEHICLE IN TRANSPORT;GUARDRAIL FACE,MM 212 9 I 40,NASHVILLE,TN,37210,82061,HERMIT,36.1404,-86.7312,POINT (-86.7312 36.1404)
20190170114,03/04/2019 02:55:00 AM,1,0,0,,N,311340,0,NOT COLLISION W/MOTOR VEHICLE-TRANSPORT,21,CLEAR,3,DARK - LIGHTED,44,PAVED SURFACE-IRREGULAR,18TH AVS & BROADWAY,NASHVILLE,TN,37203,5707,MIDTOW,36.1526,-86.7957,POINT (-86.7957 36.1526)
20190558101,07/26/2019 05:00:00 PM,3,1,0,,N,320579,11,Front to Rear,21,CLEAR,1,DAYLIGHT,12,MOTOR VEHICLE IN TRANSPORT,JAMES ROBERTSON PKWY & GAY ST,NASHVILLE,TN,37219,4203,CENTRA,36.192,-86.7173,POINT (-86.7173 36.192)
20190299440,04/18/2019 03:07:00 PM,2,0,0,,N,580819,11,Front to Rear,22,CLOUDY,1,DAYLIGHT,12,MOTOR VEHICLE IN TRANSPORT,DEMONBREUN ST & I40 W EXT RAMP,NASHVILLE,TN,37203,4015,CENTRA,36.1539,-86.7878,POINT (-86.7878 36.1539)
20190318873,04/25/2019 08:43:00 AM,2,0,0,,N,462474,11,Front to Rear,22,CLOUDY,1,DAYLIGHT,12,MOTOR VEHICLE IN TRANSPORT,HARDING PL & SIDCO DR,NASHVILLE,TN,37220,8601,MIDTOW,36.0819,-86.7612,POINT (-86.7612 36.0819)
20190293321,04/16/2019 06:37:00 PM,2,0,0,,Y,256505,4,ANGLE,21,CLEAR,1,DAYLIGHT,12,MOTOR VEHICLE IN TRANSPORT,21ST AVS & MEDICAL CENTER DR,NASHVILLE,TN,37240,5805,MIDTOW,36.1425,-86.8001,POINT (-86.8001 36.1425)
20190471439,06/21/2019 03:11:00 PM,2,0,0,,N,298877,11,Front to Rear,21,CLEAR,1,DAYLIGHT,12,MOTOR VEHICLE IN TRANSPORT,MM 54 5 I 24,NASHVILLE,TN,37211,84021,SOUTH,36.0999,-86.7113,POINT (-86.7113 36.0999)
20190188565,03/10/2019 10:00:00 AM,2,1,0,,N,279110,2,HEAD-ON,21,CLEAR,1,DAYLIGHT,12,MOTOR VEHICLE IN TRANSPORT,3RD AVS & CAMERON ST,NASHVILLE,TN,37210,8153,SOUTH,36.1482,-86.7675,POINT (-86.7675 36.1482)
20190389325,05/21/2019 10:25:00 PM,2,0,0,,N,493301,11,Front to Rear,21,CLEAR,3,DARK - LIGHTED,12,MOTOR VEHICLE IN TRANSPORT,HIGHWAY 70S & BELLEVUE CTR PVTDR,NASHVILLE,TN,37221,4811,WEST,36.0785,-86.9508,POINT (-86.9508 36.0785)
20190296461,04/17/2019 05:02:00 PM,2,1,0,,N,524985,11,Front to Rear,21,CLEAR,1,DAYLIGHT,12,MOTOR VEHICLE IN TRANSPORT,MM 85 4 I 65,NASHVILLE,TN,37208,43042,NORTH,36.1875,-86.7947,POINT (-86.7947 36.1875)
20190388184,05/21/2019 01:44:00 PM,2,1,0,,N,320592,11,Front to Rear,21,CLEAR,1,DAYLIGHT,12,MOTOR VEHICLE IN TRANSPORT,MM 212 8 I 40,NASHVILLE,TN,37210,90040,HERMIT,36.1425,-86.7353,POINT (-86.7353 36.1425)
20190052728,01/21/2019 01:29:00 AM,2,0,0,,Y,256382,11,Front to Rear,21,CLEAR,3,DARK - LIGHTED,12,MOTOR VEHICLE IN TRANSPORT,DICKERSON PKE & I65 N ENT RAMP,NASHVILLE,TN,37216,1805,EAST,36.2361,-86.7582,POINT (-86.7582 36.2361)
20190018315,01/08/2019 07:20:00 AM,2,0,0,,N,628640,11,Front to Rear,22,CLOUDY,1,DAYLIGHT,12,MOTOR VEHICLE IN TRANSPORT,BRILEY PKWYN & BRILEY PKWYS,NASHVILLE,TN,37211,8404,SOUTH,36.1092,-86.727,POINT (-86.727 36.1092)
20190167747,03/02/2019 11:23:00 PM,2,0,0,,N,240981,11,Front to Rear,21,CLEAR,3,DARK - LIGHTED,12,MOTOR VEHICLE IN TRANSPORT,N 11TH ST & GALLATIN AV,NASHVILLE,TN,37206,1241,EAST,36.1801,-86.7499,POINT (-86.7499 36.1801)
20190518066,07/10/2019 09:03:00 PM,2,0,0,,Y,256383,5,SIDESWIPE - SAME DIRECTION,21,CLEAR,3,DARK - LIGHTED,12;36,MOTOR VEHICLE IN TRANSPORT;CONCRETE TRAFFIC BARRIER,MM 59 4 I 24,ANTIOCH,TN,37013,8808,SOUTH,36.0454,-86.659,POINT (-86.659 36.0454)
20190362239,05/11/2019 07:40:00 PM,2,0,0,,N,320582,5,SIDESWIPE - SAME DIRECTION,22,CLOUDY,5,DUSK,12,MOTOR VEHICLE IN TRANSPORT,E TRINITY LN & W TRINITY LN,NASHVILLE,TN,37207,1861,EAST,36.2059,-86.7686,POINT (-86.7686 36.2059)
20190168511,03/03/2019 05:30:00 AM,1,0,0,Y,N,887591,0,NOT COLLISION W/MOTOR VEHICLE-TRANSPORT,99,UNKNOWN,9,UNKNOWN,30,UTILITY POLE,MURFREESBORO PKE & HOBSON PKE,ANTIOCH,TN,37013,8927,SOUTH,36.043,-86.6066,POINT (-86.6066 36.043)
20190234391,03/26/2019 11:15:00 AM,2,1,0,,N,330411,11,Front to Rear,21,CLEAR,1,DAYLIGHT,12,MOTOR VEHICLE IN TRANSPORT,WEST END AV & I440 E EXT RAMP,NASHVILLE,TN,37205,6007,WEST,36.1363,-86.8222,POINT (-86.8222 36.1363)
20190285994,04/14/2019 12:00:00 AM,1,0,0,Y,Y,474557,0,NOT COLLISION W/MOTOR VEHICLE-TRANSPORT,2,RAIN,1,DAYLIGHT,38,FENCE,HAYWOOD LN & NOLENSVILLE PKE,NASHVILLE,TN,37211,8711,SOUTH,36.0683,-86.7189,POINT (-86.7189 36.0683)
20190423356,06/03/2019 04:51:00 PM,2,0,0,,N,330428,11,Front to Rear,21,CLEAR,1,DAYLIGHT,12,MOTOR VEHICLE IN TRANSPORT,HIGHWAY 100 & OLD HICKORY BLVD,NASHVILLE,TN,37221,6213,WEST,36.0609,-86.9153,POINT (-86.9153 36.0609)
20190004379,01/02/2019 04:57:00 PM,3,0,0,Y,N,725756,0,NOT COLLISION W/MOTOR VEHICLE-TRANSPORT,2,RAIN,5,DUSK,12;13;41,MOTOR VEHICLE IN TRANSPORT;MOTOR VEHICLE IN TRANSPORT-OTHER ROADWAY;SHRUBBERY,HIGHWAY 70S & OLD HICKORY BLVD,NASHVILLE,TN,37205,4903,WEST,36.0745,-86.9209,POINT (-86.9209 36.0745)
20190561120,07/28/2019 01:25:00 AM,2,0,0,,N,212335,5,SIDESWIPE - SAME DIRECTION,22,CLOUDY,3,DARK - LIGHTED,12,MOTOR VEHICLE IN TRANSPORT,4TH AVN & COMMERCE ST,NASHVILLE,TN,37201,4105,CENTRA,36.1624,-86.7781,POINT (-86.7781 36.1624)
20190563166,07/28/2019 11:50:00 PM,2,0,0,,Y,468098,4,ANGLE,21,CLEAR,2,DARK - NOT LIGHTED,14,PARKED MOTOR VEHICLE,BAKERTOWN RD & BAKERTOWN CT,NASHVILLE,TN,37211,8851,SOUTH,36.0755,-86.6897,POINT (-86.6897 36.0755)
20190418553,06/01/2019 12:00:00 PM,2,1,0,,N,473670,11,Front to Rear,21,CLEAR,1,DAYLIGHT,12,MOTOR VEHICLE IN TRANSPORT,CAYCE PLACE PVTDR & S 7TH ST,NASHVILLE,TN,37206,1021,EAST,36.1671,-86.7568,POINT (-86.7568 36.1671)
20190385448,05/20/2019 03:34:00 PM,1,1,0,,N,345098,0,NOT COLLISION W/MOTOR VEHICLE-TRANSPORT,21,CLEAR,1,DAYLIGHT,21;64;72,BRIDGE PIER/ABUTMENT;Ran Off Road-Left;EMBANKMENT ROCK/STONE/CONCRETE,I40 E ENT RAMP & I 40,NASHVILLE,TN,37205,4903,WEST,36.1109,-86.922,POINT (-86.922 36.1109)
20190474024,06/22/2019 09:03:00 PM,2,0,0,,Y,209184,4,ANGLE,21,CLEAR,3,DARK - LIGHTED,12,MOTOR VEHICLE IN TRANSPORT,HAMILTON CHURCH RD & HOBSON PKE,ANTIOCH,TN,37013,8905,SOUTH,36.0586,-86.5978,POINT (-86.5978 36.0586)
20190225958,03/23/2019 09:30:00 AM,3,1,0,,N,402660,11,Front to Rear,21,CLEAR,1,DAYLIGHT,12,MOTOR VEHICLE IN TRANSPORT,WOODMONT BLVD & HILLSBORO PKE,NASHVILLE,TN,37215,6105,WEST,36.114,-86.8109,POINT (-86.8109 36.114)
20190289808,04/15/2019 05:01:00 PM,2,0,0,,N,256439,4,ANGLE,21,CLEAR,1,DAYLIGHT,12,MOTOR VEHICLE IN TRANSPORT,LAFAYETTE ST & 1ST AVS,NASHVILLE,TN,37210,8149,SOUTH,36.1495,-86.7645,POINT (-86.7645 36.1495)
20190110644,02/10/2019 04:00:00 PM,2,0,0,,N,299266,4,ANGLE,2,RAIN,1,DAYLIGHT,12,MOTOR VEHICLE IN TRANSPORT,HICKORY HOLLOW MALL PVTDR PL & HICKORY H,ANTIOCH,TN,37013,8871,SOUTH,36.0495,-86.6594,POINT (-86.6594 36.0495)
20190276265,04/10/2019 12:00:00 AM,2,0,0,,Y,212344,9,UNKNOWN,21,CLEAR,1,DAYLIGHT,14,PARKED MOTOR VEHICLE,S 11TH ST & LILLIAN ST,NASHVILLE,TN,37206,1207,EAST,36.1735,-86.7504,POINT (-86.7504 36.1735)
20190575344,08/02/2019 12:00:00 AM,2,1,0,,N,298861,4,ANGLE,21,CLEAR,1,DAYLIGHT,12,MOTOR VEHICLE IN TRANSPORT,LEBANON PKE & SPENCE LN,NASHVILLE,TN,37210,9019,HERMIT,36.1537,-86.7214,POINT (-86.7214 36.1537)
20190196706,03/13/2019 08:30:00 AM,2,0,0,,Y,799013,11,Front to Rear,22,CLOUDY,1,DAYLIGHT,12,MOTOR VEHICLE IN TRANSPORT,MM 213 3 I 40,NASHVILLE,TN,37210,9004,HERMIT,36.1407,-86.7259,POINT (-86.7259 36.1407)
20190522452,07/12/2019 01:40:00 PM,2,0,0,,N,224790,11,Front to Rear,21,CLEAR,1,DAYLIGHT,12,MOTOR VEHICLE IN TRANSPORT,3RD AVN & JAMES ROBERTSON PKWY,NASHVILLE,TN,37201,4201,CENTRA,36.1674,-86.7797,POINT (-86.7797 36.1674)
20190278681,04/11/2019 11:58:00 AM,2,0,0,,N,620072,4,ANGLE,21,CLEAR,1,DAYLIGHT,12,MOTOR VEHICLE IN TRANSPORT,MURPHY RD & PARK DR,NASHVILLE,TN,37203,5629,MIDTOW,36.1394,-86.8197,POINT (-86.8197 36.1394)
20190522679,07/12/2019 03:09:00 PM,2,0,0,,N,151132,11,Front to Rear,21,CLEAR,1,DAYLIGHT,12,MOTOR VEHICLE IN TRANSPORT,MM 93 8 I 65,MADISON,TN,37115,17042,MADISO,36.2854,-86.7282,POINT (-86.7282 36.2854)
20190347250,05/06/2019 11:18:00 AM,2,0,0,,N,226136,4,ANGLE,21,CLEAR,1,DAYLIGHT,12,MOTOR VEHICLE IN TRANSPORT,FRANKLIN PKE & OLD HICKORY BLVD,NASHVILLE,TN,37220,7111,MIDTOW,36.0377,-86.7865,POINT (-86.7865 36.0377)
20190006990,01/03/2019 01:30:00 PM,1,0,0,Y,N,256412,0,NOT COLLISION W/MOTOR VEHICLE-TRANSPORT,21,CLEAR,1,DAYLIGHT,30,UTILITY POLE,MURFREESBORO PKE & LAVERGNE COUCHVILLE P,ANTIOCH,TN,37013,8869,SOUTH,36.0279,-86.5899,POINT (-86.5899 36.0279)
20190547390,07/22/2019 04:59:00 PM,3,0,0,,N,298863,11,Front to Rear,21,CLEAR,1,DAYLIGHT,12,MOTOR VEHICLE IN TRANSPORT,8TH AVS & MCGAVOCK ST,NASHVILLE,TN,37203,4075,CENTRA,36.1579,-86.7814,POINT (-86.7814 36.1579)
20190022051,01/09/2019 12:56:00 PM,2,0,0,,N,676834,5,SIDESWIPE - SAME DIRECTION,21,CLEAR,1,DAYLIGHT,12,MOTOR VEHICLE IN TRANSPORT,ROSA L PARKS BLVD & VANTAGE WAY CT,NASHVILLE,TN,37228,4445,NORTH,36.1923,-86.8001,POINT (-86.8001 36.1923)
20190184146,03/08/2019 09:45:00 AM,1,0,0,,N,716886,0,NOT COLLISION W/MOTOR VEHICLE-TRANSPORT,2,RAIN,1,DAYLIGHT,34,DITCH,FRANKLIN LIMESTONE RD & MULLINS RD,ANTIOCH,TN,37013,8899,SOUTH,36.0813,-86.679,POINT (-86.679 36.0813)
20190510362,07/07/2019 12:30:00 PM,2,0,0,,N,473670,11,Front to Rear,21,CLEAR,1,DAYLIGHT,12,MOTOR VEHICLE IN TRANSPORT,MM 49 0 I 24,NASHVILLE,TN,37206,10040,EAST,36.1664,-86.7647,POINT (-86.7647 36.1664)
20190080659,01/30/2019 04:25:00 PM,2,0,0,,N,299238,11,Front to Rear,21,CLEAR,1,DAYLIGHT,12,MOTOR VEHICLE IN TRANSPORT,MM 44 3 I 24,NASHVILLE,TN,37207,32242,NORTH,36.229,-86.7805,POINT (-86.7805 36.229)
20190326555,04/28/2019 10:25:00 AM,2,0,0,,N,481573,5,SIDESWIPE - SAME DIRECTION,21,CLEAR,1,DAYLIGHT,12,MOTOR VEHICLE IN TRANSPORT,MM 209 0 I 40,NASHVILLE,TN,37203,4104,CENTRA,36.1574,-86.7903,POINT (-86.7903 36.1574)
20190561932,07/28/2019 12:20:00 PM,2,0,0,,N,140808,5,SIDESWIPE - SAME DIRECTION,21,CLEAR,1,DAYLIGHT,12,MOTOR VEHICLE IN TRANSPORT,NOLENSVILLE PKE & MCMURRAY DR,NASHVILLE,TN,37211,8711,SOUTH,36.0611,-86.7166,POINT (-86.7166 36.0611)
20190024859,01/10/2019 12:28:00 PM,1,1,0,Y,N,179602,0,NOT COLLISION W/MOTOR VEHICLE-TRANSPORT,21,CLEAR,1,DAYLIGHT,1;34,DITCH,WHITES CREEK PKE & JACKMAN RD,JOELTON,TN,37080,2311,NORTH,36.3575,-86.8826,POINT (-86.8826 36.3575)
20190534260,07/17/2019 10:50:00 AM,2,0,0,,Y,109534,11,Front to Rear,22,CLOUDY,1,DAYLIGHT,12,MOTOR VEHICLE IN TRANSPORT,TYLER DR & LEBANON PKE,HERMITAGE,TN,37076,9507,HERMIT,36.2237,-86.5898,POINT (-86.5898 36.2237)
20190030954,01/12/2019 07:42:00 PM,2,1,0,,Y,311327,4,ANGLE,21,CLEAR,3,DARK - LIGHTED,12,MOTOR VEHICLE IN TRANSPORT,CLEVELAND ST & ELLINGTON PKWY S ENT RAMP,NASHVILLE,TN,37207,1945,EAST,36.1852,-86.7603,POINT (-86.7603 36.1852)
20190184112,03/08/2019 11:32:00 AM,2,0,0,,N,584947,4,ANGLE,2,RAIN,1,DAYLIGHT,12,MOTOR VEHICLE IN TRANSPORT,GRASSMERE PK & TROUSDALE DR,NASHVILLE,TN,37211,8509,MIDTOW,36.0897,-86.7506,POINT (-86.7506 36.0897)
20190241270,03/28/2019 05:01:00 PM,2,0,0,,N,197435,5,SIDESWIPE - SAME DIRECTION,21,CLEAR,1,DAYLIGHT,12,MOTOR VEHICLE IN TRANSPORT,MM 89 7 I 65,NASHVILLE,TN,37207,2002,MADISO,36.2365,-86.7618,POINT (-86.7618 36.2365)
20190199245,03/14/2019 03:55:00 AM,2,1,0,,N,110094,4,ANGLE,21,CLEAR,3,DARK - LIGHTED,12,MOTOR VEHICLE IN TRANSPORT,CHARLOTTE AV & 7TH AVN,NASHVILLE,TN,37219,4157,CENTRA,36.1648,-86.7844,POINT (-86.7844 36.1648)
20190386139,05/20/2019 09:15:00 PM,2,0,0,,N,109543,4,ANGLE,21,CLEAR,3,DARK - LIGHTED,12,MOTOR VEHICLE IN TRANSPORT,LEBANON PKE & DONELSON PKE,NASHVILLE,TN,37214,9311,HERMIT,36.1676,-86.6633,POINT (-86.6633 36.1676)
20190216915,03/20/2019 11:40:00 AM,2,2,0,,N,226622,4,ANGLE,21,CLEAR,1,DAYLIGHT,12,MOTOR VEHICLE IN TRANSPORT,HIGHWAY 70S & BELLE FOREST CIR,NASHVILLE,TN,37221,4811,WEST,36.074,-86.9248,POINT (-86.9248 36.074)
20190253304,04/02/2019 08:17:00 AM,2,0,0,,N,676834,5,SIDESWIPE - SAME DIRECTION,21,CLEAR,1,DAYLIGHT,12,MOTOR VEHICLE IN TRANSPORT,I65 N EXT RAMP & I65 N ENT RAMP,NASHVILLE,TN,37207,1863,EAST,36.2061,-86.774,POINT (-86.774 36.2061)
20190039102,01/15/2019 08:23:00 PM,2,0,0,,Y,256446,4,ANGLE,21,CLEAR,3,DARK - LIGHTED,12,MOTOR VEHICLE IN TRANSPORT,MURFREESBORO PKE & HOBSON PKE,ANTIOCH,TN,37013,8927,SOUTH,36.043,-86.6066,POINT (-86.6066 36.043)
20190482108,06/26/2019 06:00:00 AM,2,1,0,,N,320586,11,Front to Rear,21,CLEAR,1,DAYLIGHT,12,MOTOR VEHICLE IN TRANSPORT,MM 55 5 I 24,NASHVILLE,TN,37211,8812,SOUTH,36.0886,-86.7019,POINT (-86.7019 36.0886)
20190495793,07/01/2019 02:25:00 PM,2,1,0,,N,716886,11,Front to Rear,21,CLEAR,1,DAYLIGHT,12,MOTOR VEHICLE IN TRANSPORT,MURFREESBORO PKE & MOUNTAIN SPRINGS RD,ANTIOCH,TN,37013,8927,SOUTH,36.0478,-86.6121,POINT (-86.6121 36.0478)
20190309283,04/22/2019 02:08:00 PM,2,0,0,,N,320601,4,ANGLE,21,CLEAR,1,DAYLIGHT,12,MOTOR VEHICLE IN TRANSPORT,HARDING PL & METROPLEX DR,NASHVILLE,TN,37211,8845,SOUTH,36.0868,-86.6949,POINT (-86.6949 36.0868)
20190402231,05/26/2019 11:39:00 AM,2,0,0,,Y,887591,5,SIDESWIPE - SAME DIRECTION,21,CLEAR,1,DAYLIGHT,12;14,MOTOR VEHICLE IN TRANSPORT;PARKED MOTOR VEHICLE,13011 OLD HICKORY BLVD,ANTIOCH,TN,37013,8869,SOUTH,36.0166,-86.6199,POINT (-86.6199 36.0166)
20190229409,03/24/2019 12:00:00 AM,2,0,0,,Y,197075,9,UNKNOWN,21,CLEAR,3,DARK - LIGHTED,14;55,PARKED MOTOR VEHICLE;Motor Vehicle-In-Motion Outside Trafficw,3050 EWING DR,NASHVILLE,TN,37207,2003,MADISO,36.2315,-86.7819,POINT (-86.7819 36.2315)
20190185101,03/08/2019 08:02:00 PM,2,1,0,,N,298867,11,Front to Rear,2,RAIN,3,DARK - LIGHTED,12,MOTOR VEHICLE IN TRANSPORT,W TRINITY LN & I65 N ENT RAMP,NASHVILLE,TN,37207,1863,EAST,36.2063,-86.7735,POINT (-86.7735 36.2063)
20190312746,04/23/2019 11:53:00 AM,1,1,0,,N,812949,0,NOT COLLISION W/MOTOR VEHICLE-TRANSPORT,21,CLEAR,1,DAYLIGHT,31,"OTHER POST, POLE, SUPP.",DR D B TODD JR BLVD & UNDERWOOD ST,NASHVILLE,TN,37208,4475,NORTH,36.1733,-86.8083,POINT (-86.8083 36.1733)
20190528454,07/15/2019 08:42:00 AM,1,0,0,Y,Y,716886,0,NOT COLLISION W/MOTOR VEHICLE-TRANSPORT,2,RAIN,1,DAYLIGHT,24,GUARDRAIL FACE,PACKARD DR & EAST RIDGE DR,ANTIOCH,TN,37013,8713,SOUTH,36.0632,-86.7,POINT (-86.7 36.0632)