Accident Number,Date and Time,Number of Motor Vehicles,Number of Injuries,Number of Fatalities,Property Damage,Hit and Run,Reporting Officer,Collision Type Code,Collision Type Description,Weather Code,Weather Description,Illumination Code,Illumination Description,Harmful Code,Harmful Code Description,Street Address,City,State,ZIP,RPA,Precinct,Latitude,Longitude,Mapped Location
20190493329,06/30/2019 01:39:00 PM,2,2,0,,N,402660,11,Front to Rear,21,CLEAR,1,DAYLIGHT,12,MOTOR VEHICLE IN TRANSPORT,WEST END AV & I440 WEST END AV ENT RAMP,NASHVILLE,TN,37205,6007,WEST,36.1357,-86.8229,POINT (-86.8229 36.1357)
20190253801,04/02/2019 11:50:00 AM,2,0,0,,N,330411,11,Front to Rear,21,CLEAR,1,DAYLIGHT,12,MOTOR VEHICLE IN TRANSPORT,MM 209 3 I 40,NASHVILLE,TN,37203,40041,CENTRA,36.1537,-86.7878,POINT (-86.7878 36.1537)
20190074332,01/28/2019 09:09:00 PM,2,1,0,,N,256389,4,ANGLE,2,RAIN,3,DARK - LIGHTED,12,MOTOR VEHICLE IN TRANSPORT,MM 209 8 I 40,NASHVILLE,TN,37203,4004,CENTRA,36.149,-86.7794,POINT (-86.7794 36.149)
20190359711,05/10/2019 04:30:00 PM,3,1,0,,N,330436,11,Front to Rear,21,CLEAR,1,DAYLIGHT,12,MOTOR VEHICLE IN TRANSPORT,GLEAVES ST & 8TH AVS,NASHVILLE,TN,37203,4019,CENTRA,36.1518,-86.7794,POINT (-86.7794 36.1518)
20190144899,02/22/2019 11:23:00 AM,2,0,0,,Y,109534,5,SIDESWIPE - SAME DIRECTION,2,RAIN,1,DAYLIGHT,12;99,MOTOR VEHICLE IN TRANSPORT;UNKNOWN MOST HARMFUL EVENT,VULTEE BLVD & MURFREESBORO PKE,NASHVILLE,TN,37217,8879,SOUTH,36.1261,-86.7104,POINT (-86.7104 36.1261)
20190415771,05/31/2019 09:55:00 AM,2,1,0,,N,311799,0,NOT COLLISION W/MOTOR VEHICLE-TRANSPORT,21,CLEAR,1,DAYLIGHT,12;60,MOTOR VEHICLE IN TRANSPORT;Cargo Equip Loss/Shift,MM 90 0 I 65,MADISON,TN,37115,20022,MADISO,36.2383,-86.7563,POINT (-86.7563 36.2383)
20190407960,05/28/2019 06:31:00 PM,2,0,0,,N,256389,4,ANGLE,21,CLEAR,1,DAYLIGHT,12,MOTOR VEHICLE IN TRANSPORT,OLD HICKORY BLVD & EDMONDSON PKE,NASHVILLE,TN,37220,8615,MIDTOW,36.04,-86.7435,POINT (-86.7435 36.04)
20190115089,02/12/2019 06:34:00 AM,2,0,0,,N,191578,11,Front to Rear,2,RAIN,4,DAWN,12,MOTOR VEHICLE IN TRANSPORT,MM 213 9 I 40,NASHVILLE,TN,37217,8802,HERMIT,36.1415,-86.7148,POINT (-86.7148 36.1415)
20190322375,04/26/2019 11:20:00 AM,2,0,0,,N,320574,11,Front to Rear,21,CLEAR,1,DAYLIGHT,12,MOTOR VEHICLE IN TRANSPORT,I24 W ENT RAMP & I 40,NASHVILLE,TN,37217,8818,HERMIT,36.1397,-86.7275,POINT (-86.7275 36.1397)
20190226808,03/23/2019 07:30:00 PM,2,1,0,,N,320580,11,Front to Rear,21,CLEAR,3,DARK - LIGHTED,12,MOTOR VEHICLE IN TRANSPORT,MCGAVOCK PKE & TWO RIVERS PKWY,NASHVILLE,TN,37214,9317,HERMIT,36.1832,-86.6775,POINT (-86.6775 36.1832)
20190243011,03/29/2019 07:25:00 AM,2,1,0,,N,226136,11,Front to Rear,22,CLOUDY,1,DAYLIGHT,12,MOTOR VEHICLE IN TRANSPORT,HARDING PL & HILLSBORO PKE,NASHVILLE,TN,37215,6311,MIDTOW,36.0914,-86.8285,POINT (-86.8285 36.0914)
20190328290,04/29/2019 06:46:00 AM,2,0,0,,Y,206962,11,Front to Rear,21,CLEAR,1,DAYLIGHT,12,MOTOR VEHICLE IN TRANSPORT,N GRAYCROFT AV & N MARTHONA RD,MADISON,TN,37115,1745,MADISO,36.2645,-86.7323,POINT (-86.7323 36.2645)
20190561026,07/28/2019 12:27:00 AM,2,0,0,,Y,197059,5,SIDESWIPE - SAME DIRECTION,21,CLEAR,3,DARK - LIGHTED,12;24,MOTOR VEHICLE IN TRANSPORT;GUARDRAIL FACE,MM 210 1 I 40,NASHVILLE,TN,37203,4006,CENTRA,36.1492,-86.7751,POINT (-86.7751 36.1492)
20190496835,07/01/2019 10:18:00 PM,2,0,0,,N,146772,11,Front to Rear,21,CLEAR,2,DARK - NOT LIGHTED,12,MOTOR VEHICLE IN TRANSPORT,MM 41 6 I 24,WHITES CREEK,TN,37189,3226,NORTH,36.2635,-86.7904,POINT (-86.7904 36.2635)
20190194898,03/12/2019 05:56:00 PM,2,0,0,,N,311327,4,ANGLE,21,CLEAR,1,DAYLIGHT,12,MOTOR VEHICLE IN TRANSPORT,ORDWAY PL & GALLATIN AV,NASHVILLE,TN,37206,1241,EAST,36.1806,-86.749,POINT (-86.749 36.1806)
20190547357,07/22/2019 12:00:00 AM,2,0,0,,N,298877,11,Front to Rear,2,RAIN,1,DAYLIGHT,12,MOTOR VEHICLE IN TRANSPORT,ANTIOCH PKE & SOUTHLAKE DR,NASHVILLE,TN,37211,8407,SOUTH,36.1009,-86.7307,POINT (-86.7307 36.1009)
20190461634,06/18/2019 07:38:00 AM,2,1,0,,Y,223502,11,Front to Rear,2,RAIN,1,DAYLIGHT,12,MOTOR VEHICLE IN TRANSPORT,0 I 440,NASHVILLE,TN,37210,81040,SOUTH,36.1244,-86.7425,POINT (-86.7425 36.1244)
20190569982,07/31/2019 05:23:00 PM,2,0,0,,Y,267831,11,Front to Rear,21,CLEAR,1,DAYLIGHT,12;60,MOTOR VEHICLE IN TRANSPORT;Cargo Equip Loss/Shift,BRILEY PKWYN & 63RD AVN,NASHVILLE,TN,37209,4616,WEST,36.1659,-86.8692,POINT (-86.8692 36.1659)
20190275141,04/10/2019 07:35:00 AM,2,5,1,,N,665896,2,HEAD-ON,21,CLEAR,1,DAYLIGHT,12;14,MOTOR VEHICLE IN TRANSPORT;PARKED MOTOR VEHICLE,W GREENWOOD AV & GALLATIN AV,NASHVILLE,TN,37206,1933,EAST,36.1905,-86.7461,POINT (-86.7461 36.1905)
20190066063,01/25/2019 03:15:00 PM,2,0,0,,N,279224,4,ANGLE,21,CLEAR,1,DAYLIGHT,12,MOTOR VEHICLE IN TRANSPORT,JONES AV & JONES CIR,NASHVILLE,TN,37207,1891,EAST,36.2063,-86.7579,POINT (-86.7579 36.2063)
20190334529,05/01/2019 08:42:00 AM,2,0,0,,N,591936,5,SIDESWIPE - SAME DIRECTION,21,CLEAR,1,DAYLIGHT,12,MOTOR VEHICLE IN TRANSPORT,MM 4 4 I 440,NASHVILLE,TN,37204,7014,MIDTOW,36.1158,-86.7827,POINT (-86.7827 36.1158)
20190347963,05/06/2019 04:34:00 PM,2,1,0,,N,240957,4,ANGLE,21,CLEAR,1,DAYLIGHT,12,MOTOR VEHICLE IN TRANSPORT,ALLIED DR & KEYSTONE AV,NASHVILLE,TN,37211,8511,MIDTOW,36.096,-86.7426,POINT (-86.7426 36.096)
20190437282,06/08/2019 11:00:00 AM,2,0,0,,Y,330444,5,SIDESWIPE - SAME DIRECTION,21,CLEAR,1,DAYLIGHT,14;99,PARKED MOTOR VEHICLE;UNKNOWN MOST HARMFUL EVENT,12TH AVS & HORTON AV,NASHVILLE,TN,37203,6939,MIDTOW,36.14,-86.7876,POINT (-86.7876 36.14)
20190074753,01/29/2019 12:10:00 AM,1,0,0,,N,240964,0,NOT COLLISION W/MOTOR VEHICLE-TRANSPORT,21,CLEAR,3,DARK - LIGHTED,30;63,UTILITY POLE;Ran Off Road-Right,OLD HICKORY BLVD & FELLOWSHIP LN,OLD HICKORY,TN,37138,9607,HERMIT,36.238,-86.6291,POINT (-86.6291 36.238)
20190183368,03/08/2019 05:45:00 AM,3,0,0,,N,156308,11,Front to Rear,2,RAIN,4,DAWN,12,MOTOR VEHICLE IN TRANSPORT,I24 E EXT RAMP & I 24,NASHVILLE,TN,37207,30080,NORTH,36.2378,-86.7872,POINT (-86.7872 36.2378)
20190433117,06/07/2019 01:50:00 AM,1,0,0,,N,156308,0,NOT COLLISION W/MOTOR VEHICLE-TRANSPORT,2,RAIN,3,DARK - LIGHTED,36,CONCRETE TRAFFIC BARRIER,MM 86 5 I 65,NASHVILLE,TN,37207,3006,NORTH,36.1946,-86.7762,POINT (-86.7762 36.1946)
20190472001,06/21/2019 08:27:00 PM,2,1,0,,N,330435,5,SIDESWIPE - SAME DIRECTION,2,RAIN,3,DARK - LIGHTED,1;12,MOTOR VEHICLE IN TRANSPORT,MM 86 5 I 65,NASHVILLE,TN,37207,3006,NORTH,36.1946,-86.7762,POINT (-86.7762 36.1946)
20190412275,05/30/2019 06:52:00 AM,2,0,0,,N,109534,4,ANGLE,21,CLEAR,1,DAYLIGHT,12,MOTOR VEHICLE IN TRANSPORT,SPENCE LN & LEBANON PKE,NASHVILLE,TN,37210,9019,HERMIT,36.1537,-86.7216,POINT (-86.7216 36.1537)
20190538418,07/18/2019 10:10:00 PM,2,0,0,,N,110062,4,ANGLE,21,CLEAR,2,DARK - NOT LIGHTED,12,MOTOR VEHICLE IN TRANSPORT,2ND AVN & TAYLOR ST,NASHVILLE,TN,37208,4319,CENTRA,36.1797,-86.7864,POINT (-86.7864 36.1797)
20190073532,01/28/2019 02:43:00 PM,2,0,0,,N,206675,6,SIDESWIPE - OPPOSITE DIRECTION,21,CLEAR,1,DAYLIGHT,12,MOTOR VEHICLE IN TRANSPORT,FRANKLIN PKE & S CURTISWOOD LN,NASHVILLE,TN,37204,7027,MIDTOW,36.0881,-86.7718,POINT (-86.7718 36.0881)
20190282423,04/12/2019 08:03:00 PM,2,1,0,,N,298858,5,SIDESWIPE - SAME DIRECTION,21,CLEAR,3,DARK - LIGHTED,12,MOTOR VEHICLE IN TRANSPORT,4TH AVS & LEA AV,NASHVILLE,TN,37203,4037,CENTRA,36.1547,-86.7731,POINT (-86.7731 36.1547)
20190100499,02/06/2019 02:26:00 PM,1,0,0,,N,256446,0,NOT COLLISION W/MOTOR VEHICLE-TRANSPORT,2,RAIN,1,DAYLIGHT,31;36,"OTHER POST, POLE, SUPP.;CONCRETE TRAFFIC BARRIER",MM 7 2 I 440,NASHVILLE,TN,37210,83043,SOUTH,36.1251,-86.7339,POINT (-86.7339 36.1251)
20190080874,01/30/2019 06:02:00 PM,2,0,0,,Y,110092,4,ANGLE,22,CLOUDY,7,Dark-Unknown Lighting,12;14,MOTOR VEHICLE IN TRANSPORT;PARKED MOTOR VEHICLE,DEBOW ST & 13TH ST,OLD HICKORY,TN,37138,9735,HERMIT,36.2567,-86.6491,POINT (-86.6491 36.2567)
20190318395,04/25/2019 04:20:00 AM,1,0,0,,N,212335,0,NOT COLLISION W/MOTOR VEHICLE-TRANSPORT,22,CLOUDY,3,DARK - LIGHTED,37,Other Traffic Barrier,3RD AVN & COMMERCE ST,NASHVILLE,TN,37201,4105,CENTRA,36.1627,-86.7767,POINT (-86.7767 36.1627)
20190570334,07/31/2019 06:19:00 PM,2,0,0,,Y,299267,4,ANGLE,21,CLEAR,3,DARK - LIGHTED,12;14,MOTOR VEHICLE IN TRANSPORT;PARKED MOTOR VEHICLE,BELCOURT AV & 21ST AVS,NASHVILLE,TN,37212,6607,MIDTOW,36.1369,-86.8005,POINT (-86.8005 36.1369)
20190177370,03/06/2019 08:10:00 AM,3,0,0,,N,429185,11,Front to Rear,21,CLEAR,1,DAYLIGHT,12,MOTOR VEHICLE IN TRANSPORT,LEBANON PKE & THE CROSSINGS PVTDR,NASHVILLE,TN,37214,9121,HERMIT,36.169,-86.6833,POINT (-86.6833 36.169)
20190578096,08/03/2019 09:09:00 PM,2,0,0,,N,330412,11,Front to Rear,2,RAIN,2,DARK - NOT LIGHTED,12,MOTOR VEHICLE IN TRANSPORT,SPRINGFIELD HWY & GRACELAND DR,GOODLETTSVILLE,TN,37072,2201,MADISO,36.3678,-86.7373,POINT (-86.7373 36.3678)
20190146090,02/22/2019 09:10:00 PM,1,0,0,Y,Y,256389,0,NOT COLLISION W/MOTOR VEHICLE-TRANSPORT,2,RAIN,2,DARK - NOT LIGHTED,47;64,FIRE HYDRANT;Ran Off Road-Left,MCMURRAY DR & MCMURRAY CT,NASHVILLE,TN,37211,8653,MIDTOW,36.0549,-86.7351,POINT (-86.7351 36.0549)
20190365847,05/13/2019 12:10:00 PM,2,1,0,,N,278580,0,NOT COLLISION W/MOTOR VEHICLE-TRANSPORT,21,CLEAR,1,DAYLIGHT,50,DEER (ANIMAL),MM 36 8 I 24,WHITES CREEK,TN,37189,2212,NORTH,36.319,-86.839,POINT (-86.839 36.319)
20190575775,08/02/2019 08:28:00 PM,2,1,0,,Y,330444,11,Front to Rear,22,CLOUDY,3,DARK - LIGHTED,12,MOTOR VEHICLE IN TRANSPORT,MM 209 3 I 40,NASHVILLE,TN,37203,40041,CENTRA,36.1537,-86.7878,POINT (-86.7878 36.1537)
20190007402,01/03/2019 05:55:00 PM,1,1,0,,N,807344,0,NOT COLLISION W/MOTOR VEHICLE-TRANSPORT,21,CLEAR,3,DARK - LIGHTED,8,PEDESTRIAN,HERMITAGE AV & KOREAN VETERANS BLVD,NASHVILLE,TN,37201,4047,CENTRA,36.1583,-86.7719,POINT (-86.7719 36.1583)
20190276655,04/10/2019 06:47:00 PM,2,1,0,,N,256383,4,ANGLE,21,CLEAR,1,DAYLIGHT,12,MOTOR VEHICLE IN TRANSPORT,PETTUS RD & PRESTON RD,ANTIOCH,TN,37013,8763,SOUTH,36.0207,-86.665,POINT (-86.665 36.0207)
20190284008,04/13/2019 12:15:00 PM,2,0,0,,Y,343522,11,Front to Rear,2,RAIN,1,DAYLIGHT,12,MOTOR VEHICLE IN TRANSPORT,MM 200 0 I 40,NASHVILLE,TN,37209,4708,WEST,36.1189,-86.9133,POINT (-86.9133 36.1189)
20190349805,05/07/2019 08:19:00 AM,2,1,0,,N,298878,11,Front to Rear,21,CLEAR,1,DAYLIGHT,12,MOTOR VEHICLE IN TRANSPORT,ROSA L PARKS BLVD & JAMES ROBERTSON PKWY,NASHVILLE,TN,37219,4203,CENTRA,36.1667,-86.7874,POINT (-86.7874 36.1667)
20190445235,06/11/2019 04:26:00 PM,1,0,0,Y,N,320591,0,NOT COLLISION W/MOTOR VEHICLE-TRANSPORT,21,CLEAR,1,DAYLIGHT,7,,DOVE CREEK RD & QUAISE MOORW,ANTIOCH,TN,37013,8925,SOUTH,36.0723,-86.5983,POINT (-86.5983 36.0723)
20190224111,03/22/2019 04:15:00 PM,2,0,0,,N,212322,4,ANGLE,21,CLEAR,1,DAYLIGHT,12,MOTOR VEHICLE IN TRANSPORT,HAYWOOD LN & I24 E EXT RAMP,NASHVILLE,TN,37211,8709,SOUTH,36.0691,-86.6911,POINT (-86.6911 36.0691)
20190039875,01/16/2019 02:52:00 AM,2,0,0,,N,166477,6,SIDESWIPE - OPPOSITE DIRECTION,21,CLEAR,3,DARK - LIGHTED,14,PARKED MOTOR VEHICLE,RICE RD & BELL RD,ANTIOCH,TN,37013,8865,SOUTH,36.1676,-86.7787,POINT (-86.7787 36.1676)
20190253183,04/02/2019 07:20:00 AM,2,0,0,,N,109495,11,Front to Rear,21,CLEAR,1,DAYLIGHT,12,MOTOR VEHICLE IN TRANSPORT,MM 82 2 I 65,NASHVILLE,TN,37203,6804,MIDTOW,36.1456,-86.7776,POINT (-86.7776 36.1456)
20190350149,05/07/2019 10:25:00 AM,1,1,0,Y,N,352167,0,NOT COLLISION W/MOTOR VEHICLE-TRANSPORT,21,CLEAR,1,DAYLIGHT,18;38;40,OTHER OBJECT (NOT FIXED);FENCE;MAIL BOX,BAPTIST WORLD CENTER DR & SEMINARY ST,NASHVILLE,TN,37207,3007,NORTH,36.1998,-86.7857,POINT (-86.7857 36.1998)
20190458767,06/17/2019 05:25:00 AM,1,0,0,,N,146772,0,NOT COLLISION W/MOTOR VEHICLE-TRANSPORT,21,CLEAR,1,DAYLIGHT,7,,OLD HICKORY BLVD & GRANDVILLE BLVD,NASHVILLE,TN,37207,2103,MADISO,36.279,-86.7741,POINT (-86.7741 36.279)
20190425407,06/04/2019 09:50:00 AM,2,0,0,,N,262757,5,SIDESWIPE - SAME DIRECTION,21,CLEAR,1,DAYLIGHT,12,MOTOR VEHICLE IN TRANSPORT,2ND AVS & MCCANN ST,NASHVILLE,TN,37210,8201,HERMIT,36.151,-86.7681,POINT (-86.7681 36.151)
20190515063,07/09/2019 05:38:00 PM,2,0,0,,Y,256383,16,Rear to Side,21,CLEAR,1,DAYLIGHT,12,MOTOR VEHICLE IN TRANSPORT,LUTIE DR & LUTIE ST,NASHVILLE,TN,37210,8355,SOUTH,36.1167,-86.7356,POINT (-86.7356 36.1167)
20190492404,06/30/2019 01:45:00 AM,2,1,0,,N,330441,4,ANGLE,21,CLEAR,2,DARK - NOT LIGHTED,12,MOTOR VEHICLE IN TRANSPORT,CHURCH ST & 18TH AVN,NASHVILLE,TN,37203,5521,MIDTOW,36.155,-86.7975,POINT (-86.7975 36.155)
20190087485,02/01/2019 07:11:00 PM,2,0,0,,N,240960,5,SIDESWIPE - SAME DIRECTION,21,CLEAR,3,DARK - LIGHTED,12,MOTOR VEHICLE IN TRANSPORT,I65 N EXT RAMP & I 65,NASHVILLE,TN,37207,1863,EAST,36.2057,-86.7747,POINT (-86.7747 36.2057)
20190370141,05/14/2019 10:30:00 PM,3,0,0,,N,256382,11,Front to Rear,21,CLEAR,3,DARK - LIGHTED,12,MOTOR VEHICLE IN TRANSPORT,LEBANON PKE & DONELSON PKE,NASHVILLE,TN,37214,9311,HERMIT,36.1676,-86.6633,POINT (-86.6633 36.1676)
20190476654,06/24/2019 07:11:00 AM,2,0,0,,N,462494,11,Front to Rear,2,RAIN,1,DAYLIGHT,12,MOTOR VEHICLE IN TRANSPORT,WEDGEWOOD AV & 18TH AVS,NASHVILLE,TN,37212,6621,MIDTOW,36.1372,-86.7968,POINT (-86.7968 36.1372)
20190204028,03/15/2019 06:59:00 PM,2,0,0,,Y,151132,5,SIDESWIPE - SAME DIRECTION,21,CLEAR,3,DARK - LIGHTED,12,MOTOR VEHICLE IN TRANSPORT,RIVERGATE MALL PVTDR & CONFERENCE DR,GOODLETTSVILLE,TN,37072,1751,MADISO,36.3042,-86.6943,POINT (-86.6943 36.3042)
20190391185,05/22/2019 01:02:00 PM,2,0,0,,N,716886,11,Front to Rear,21,CLEAR,1,DAYLIGHT,12,MOTOR VEHICLE IN TRANSPORT,BELL RD & MT VIEW RD,ANTIOCH,TN,37013,8861,SOUTH,36.05,-86.6495,POINT (-86.6495 36.05)
20190067626,01/26/2019 02:50:00 AM,1,0,0,,Y,279201,0,NOT COLLISION W/MOTOR VEHICLE-TRANSPORT,21,CLEAR,2,DARK - NOT LIGHTED,17,BOULDER,MM 212 9 I 40,NASHVILLE,TN,37210,82061,HERMIT,36.1404,-86.7312,POINT (-86.7312 36.1404)
20190153367,02/25/2019 07:34:00 PM,2,0,0,,N,728059,0,NOT COLLISION W/MOTOR VEHICLE-TRANSPORT,21,CLEAR,2,DARK - NOT LIGHTED,18;32;37;64,OTHER OBJECT (NOT FIXED);CULVERT;Other Traffic Barrier;Ran Off Road-Left,MM 193 0 I 40,NASHVILLE,TN,37221,4804,WEST,36.0771,-87.0122,POINT (-87.0122 36.0771)
20190105906,02/08/2019 01:04:00 PM,2,0,0,,N,191578,5,SIDESWIPE - SAME DIRECTION,21,CLEAR,1,DAYLIGHT,12,MOTOR VEHICLE IN TRANSPORT,ELM HILL PKE & NELSON PL,NASHVILLE,TN,37214,9105,HERMIT,36.1493,-86.6678,POINT (-86.6678 36.1493)
20190304129,04/20/2019 09:28:00 AM,2,0,0,,N,110063,11,Front to Rear,2,RAIN,1,DAYLIGHT,12,MOTOR VEHICLE IN TRANSPORT,MM 86 4 I 65,NASHVILLE,TN,37207,19060,EAST,36.1937,-86.7758,POINT (-86.7758 36.1937)
20190297333,04/18/2019 12:00:00 AM,2,2,0,,Y,240978,4,ANGLE,21,CLEAR,3,DARK - LIGHTED,12,MOTOR VEHICLE IN TRANSPORT,CLEVELAND ST & LISCHEY AV,NASHVILLE,TN,37207,1921,EAST,36.1867,-86.7645,POINT (-86.7645 36.1867)
20190254415,04/02/2019 04:30:00 PM,2,0,0,,N,151132,11,Front to Rear,21,CLEAR,1,DAYLIGHT,12,MOTOR VEHICLE IN TRANSPORT,MM 39 8 I 24,WHITES CREEK,TN,37189,3314,NORTH,36.2853,-86.8083,POINT (-86.8083 36.2853)
20190220855,03/21/2019 03:35:00 PM,2,0,0,,N,240959,11,Front to Rear,21,CLEAR,1,DAYLIGHT,12,MOTOR VEHICLE IN TRANSPORT,MM 48 8 I 24,NASHVILLE,TN,37213,1104,CENTRA,36.1682,-86.7659,POINT (-86.7659 36.1682)
20190134704,02/19/2019 06:27:00 AM,2,0,0,,N,191578,5,SIDESWIPE - SAME DIRECTION,21,CLEAR,4,DAWN,12,MOTOR VEHICLE IN TRANSPORT,BRILEY PKWYS & BRILEY PKWYN,NASHVILLE,TN,37218,3212,NORTH,36.2142,-86.8724,POINT (-86.8724 36.2142)
20190359470,05/10/2019 02:32:00 PM,2,1,0,,Y,299266,11,Front to Rear,21,CLEAR,1,DAYLIGHT,12,MOTOR VEHICLE IN TRANSPORT,I24 E EXT RAMP & I 24,NASHVILLE,TN,37207,30080,NORTH,36.2378,-86.7872,POINT (-86.7872 36.2378)
20190284557,04/13/2019 12:00:00 AM,2,0,0,,Y,298877,11,Front to Rear,2,RAIN,1,DAYLIGHT,12,MOTOR VEHICLE IN TRANSPORT,MM 55 4 I 24,NASHVILLE,TN,37211,8812,SOUTH,36.0901,-86.7031,POINT (-86.7031 36.0901)
20190248738,03/31/2019 05:13:00 PM,2,0,0,,N,212346,4,ANGLE,21,CLEAR,1,DAYLIGHT,12,MOTOR VEHICLE IN TRANSPORT,5TH AVN & JUNIOR GILLIAM WAY,NASHVILLE,TN,37219,4235,CENTRA,36.173,-86.7866,POINT (-86.7866 36.173)
20190279404,04/11/2019 05:27:00 PM,2,2,0,,Y,197070,11,Front to Rear,21,CLEAR,1,DAYLIGHT,12,MOTOR VEHICLE IN TRANSPORT,10TH AVN & MONROE ST,NASHVILLE,TN,37208,4325,NORTH,36.1752,-86.7961,POINT (-86.7961 36.1752)
20190460488,06/17/2019 06:44:00 PM,2,0,0,,N,256383,11,Front to Rear,21,CLEAR,1,DAYLIGHT,12,MOTOR VEHICLE IN TRANSPORT,BELL RD & HICKORY HOLLOW PKWY,ANTIOCH,TN,37013,8863,SOUTH,36.0896,-86.6884,POINT (-86.6884 36.0896)
20190028654,01/11/2019 06:40:00 PM,1,1,0,,N,330440,0,NOT COLLISION W/MOTOR VEHICLE-TRANSPORT,21,CLEAR,3,DARK - LIGHTED,42;63,TREE;Ran Off Road-Right,PEBBLE CREEK DR & SPRINGMORE CT,ANTIOCH,TN,37013,8861,SOUTH,36.0709,-86.6492,POINT (-86.6492 36.0709)
20190013716,01/06/2019 09:53:00 AM,2,0,0,,N,279116,4,ANGLE,21,CLEAR,1,DAYLIGHT,12,MOTOR VEHICLE IN TRANSPORT,WEDGEWOOD AV & 12TH AVS,NASHVILLE,TN,37203,6913,MIDTOW,36.1361,-86.7879,POINT (-86.7879 36.1361)
20190476871,06/24/2019 09:03:00 AM,2,0,0,,N,311325,11,Front to Rear,2,RAIN,1,DAYLIGHT,12,MOTOR VEHICLE IN TRANSPORT,MM 215 6 I 40,NASHVILLE,TN,37214,9102,HERMIT,36.1431,-86.6845,POINT (-86.6845 36.1431)
20190510962,07/07/2019 08:00:00 PM,1,0,0,,Y,330425,0,NOT COLLISION W/MOTOR VEHICLE-TRANSPORT,22,CLOUDY,2,DARK - NOT LIGHTED,47,FIRE HYDRANT,E WEBSTER ST & E PALESTINE AV,MADISON,TN,37115,1507,MADISO,36.2496,-86.7132,POINT (-86.7132 36.2496)
20190086749,02/01/2019 02:23:00 PM,2,0,0,,N,807344,4,ANGLE,21,CLEAR,1,DAYLIGHT,12,MOTOR VEHICLE IN TRANSPORT,INTERSTATE DR & WOODLAND ST,NASHVILLE,TN,37213,1105,CENTRA,36.1705,-86.7684,POINT (-86.7684 36.1705)
20190439252,06/09/2019 07:11:00 PM,1,0,0,,N,279208,0,NOT COLLISION W/MOTOR VEHICLE-TRANSPORT,2,RAIN,1,DAYLIGHT,41,SHRUBBERY,MM 75 0 I 65,BRENTWOOD,TN,37027,86040,MIDTOW,36.0442,-86.7806,POINT (-86.7806 36.0442)
20190557969,07/26/2019 03:40:00 PM,2,0,0,,N,690942,4,ANGLE,21,CLEAR,5,DUSK,12,MOTOR VEHICLE IN TRANSPORT,2ND AVS & ASH ST,NASHVILLE,TN,37210,4029,CENTRA,36.1533,-86.7696,POINT (-86.7696 36.1533)
20190480973,06/25/2019 07:30:00 PM,1,1,0,,Y,279214,0,NOT COLLISION W/MOTOR VEHICLE-TRANSPORT,21,CLEAR,1,DAYLIGHT,9,,WEST END AV & 21ST AVN,NASHVILLE,TN,37203,5715,MIDTOW,36.1503,-86.8016,POINT (-86.8016 36.1503)
20190144486,02/22/2019 08:55:00 AM,2,0,0,,N,226136,4,ANGLE,2,RAIN,1,DAYLIGHT,12,MOTOR VEHICLE IN TRANSPORT,MM 5 5 I 440,NASHVILLE,TN,37204,83062,MIDTOW,36.1211,-86.7641,POINT (-86.7641 36.1211)
20190363661,05/12/2019 12:30:00 PM,2,0,0,,Y,311331,4,ANGLE,22,CLOUDY,1,DAYLIGHT,12,MOTOR VEHICLE IN TRANSPORT,CLEVELAND ST & LISCHEY AV,NASHVILLE,TN,37207,1921,EAST,36.1867,-86.7645,POINT (-86.7645 36.1867)
20190156011,02/26/2019 02:47:00 PM,2,0,0,,N,298867,11,Front to Rear,21,CLEAR,1,DAYLIGHT,12,MOTOR VEHICLE IN TRANSPORT,DICKERSON PKE & WHITES CREEK PKE,NASHVILLE,TN,37207,1919,EAST,36.1887,-86.7732,POINT (-86.7732 36.1887)
20190184102,03/08/2019 11:30:00 AM,2,0,0,,N,224437,4,ANGLE,8,"SMOG, SMOKE",1,DAYLIGHT,12,MOTOR VEHICLE IN TRANSPORT,BURCH AV & 29TH AVN,NASHVILLE,TN,37203,5625,MIDTOW,36.1469,-86.8151,POINT (-86.8151 36.1469)
20190443331,06/11/2019 07:40:00 AM,3,2,0,,N,352173,4,ANGLE,21,CLEAR,1,DAYLIGHT,12,MOTOR VEHICLE IN TRANSPORT,OLD MURFREESBORO PKE & FAIRCLOTH LN,NASHVILLE,TN,37217,8947,HERMIT,36.1036,-86.6665,POINT (-86.6665 36.1036)
20190320462,04/25/2019 08:20:00 PM,2,0,0,,N,279124,11,Front to Rear,2,RAIN,3,DARK - LIGHTED,12,MOTOR VEHICLE IN TRANSPORT,COLLINS PARK DR & BELL RD,ANTIOCH,TN,37013,8863,SOUTH,36.046,-86.6581,POINT (-86.6581 36.046)
20190157992,02/27/2019 08:10:00 AM,2,1,0,,N,834798,11,Front to Rear,21,CLEAR,1,DAYLIGHT,12,MOTOR VEHICLE IN TRANSPORT,WEDGEWOOD AV & I65 N ENT RAMP,NASHVILLE,TN,37204,8027,MIDTOW,36.1343,-86.7747,POINT (-86.7747 36.1343)
20190340200,05/03/2019 09:16:00 AM,2,0,0,,N,584947,11,Front to Rear,22,CLOUDY,1,DAYLIGHT,12,MOTOR VEHICLE IN TRANSPORT,EDMONDSON PKE & WALLACE RD,NASHVILLE,TN,37211,8661,MIDTOW,36.0771,-86.7256,POINT (-86.7256 36.0771)