Accident Number,Date and Time,Number of Motor Vehicles,Number of Injuries,Number of Fatalities,Property Damage,Hit and Run,Reporting Officer,Collision Type Code,Collision Type Description,Weather Code,Weather Description,Illumination Code,Illumination Description,Harmful Code,Harmful Code Description,Street Address,City,State,ZIP,RPA,Precinct,Latitude,Longitude,Mapped Location
20190198370,03/13/2019 07:45:00 PM,2,0,0,,Y,256412,5,SIDESWIPE - SAME DIRECTION,21,CLEAR,2,DARK - NOT LIGHTED,12,MOTOR VEHICLE IN TRANSPORT,MURFREESBORO PKE & MOUNTAIN SPRINGS RD,ANTIOCH,TN,37013,8927,SOUTH,36.0478,-86.6121,POINT (-86.6121 36.0478)
20190524773,07/13/2019 11:35:00 AM,2,0,0,,N,876581,11,Front to Rear,21,CLEAR,1,DAYLIGHT,12,MOTOR VEHICLE IN TRANSPORT,CUDE LN & GALLATIN PKEN,MADISON,TN,37115,1731,MADISO,36.2998,-86.6966,POINT (-86.6966 36.2998)
20190299667,04/18/2019 04:30:00 PM,1,0,0,Y,Y,256427,0,NOT COLLISION W/MOTOR VEHICLE-TRANSPORT,21,CLEAR,1,DAYLIGHT,38,FENCE,130 GREEN ST,NASHVILLE,TN,37210,8221,HERMIT,36.1519,-86.7549,POINT (-86.7549 36.1519)
20190398602,05/24/2019 05:35:00 PM,2,0,0,,N,256383,5,SIDESWIPE - SAME DIRECTION,21,CLEAR,1,DAYLIGHT,12,MOTOR VEHICLE IN TRANSPORT,I24 W ENT RAMP & I 24,NASHVILLE,TN,37206,1009,EAST,36.1666,-86.7638,POINT (-86.7638 36.1666)
20190226595,03/23/2019 05:00:00 PM,2,1,0,,Y,298860,11,Front to Rear,21,CLEAR,1,DAYLIGHT,12,MOTOR VEHICLE IN TRANSPORT,EAST THOMPSON LN & MURFREESBORO PKE,NASHVILLE,TN,37217,8879,SOUTH,36.1267,-86.7111,POINT (-86.7111 36.1267)
20190532189,07/16/2019 05:22:00 PM,4,3,0,,N,256426,98,OTHER,21,CLEAR,1,DAYLIGHT,12,MOTOR VEHICLE IN TRANSPORT,MM 215 5 I 40,NASHVILLE,TN,37217,89020,HERMIT,36.1432,-86.6865,POINT (-86.6865 36.1432)
20190149305,02/24/2019 05:30:00 AM,1,0,0,Y,N,279217,0,NOT COLLISION W/MOTOR VEHICLE-TRANSPORT,21,CLEAR,3,DARK - LIGHTED,29,LUMINAIRE/LIGHT SUPPORT,ATHENS WAY & DOMINICAN DR,NASHVILLE,TN,37228,4445,NORTH,36.1876,-86.8,POINT (-86.8 36.1876)
20190209697,03/18/2019 08:09:00 AM,2,0,0,,N,716886,4,ANGLE,21,CLEAR,1,DAYLIGHT,12,MOTOR VEHICLE IN TRANSPORT,HAYWOOD LN & BAKERTOWN RD,NASHVILLE,TN,37211,8851,SOUTH,36.07,-86.6856,POINT (-86.6856 36.07)
20190457782,06/16/2019 06:35:00 PM,2,0,0,,N,352198,11,Front to Rear,21,CLEAR,1,DAYLIGHT,12,MOTOR VEHICLE IN TRANSPORT,I40 E EXT RAMP & I 40,NASHVILLE,TN,37214,8955,HERMIT,36.155,-86.6271,POINT (-86.6271 36.155)
20190007033,01/03/2019 03:30:00 PM,2,1,0,,N,311798,4,ANGLE,21,CLEAR,1,DAYLIGHT,12,MOTOR VEHICLE IN TRANSPORT,BUENA VISTA PKE & MATTIE ST,NASHVILLE,TN,37218,3101,NORTH,36.2,-86.8253,POINT (-86.8253 36.2)
20190308401,04/22/2019 07:45:00 AM,2,0,0,,N,693093,4,ANGLE,21,CLEAR,1,DAYLIGHT,12,MOTOR VEHICLE IN TRANSPORT,OLD HICKORY BLVDW & GIBSON DR,MADISON,TN,37115,1773,MADISO,36.2637,-86.7182,POINT (-86.7182 36.2637)
20190026775,01/11/2019 04:20:00 AM,2,0,0,Y,N,330436,0,NOT COLLISION W/MOTOR VEHICLE-TRANSPORT,21,CLEAR,3,DARK - LIGHTED,29;42;63;99,LUMINAIRE/LIGHT SUPPORT;TREE;Ran Off Road-Right;UNKNOWN MOST HARMFUL EVENT,28TH AVN & CITY BLVD,NASHVILLE,TN,37209,5341,MIDTOW,36.1525,-86.8185,POINT (-86.8185 36.1525)
20190382625,05/19/2019 10:08:00 AM,2,0,0,,Y,320586,11,Front to Rear,21,CLEAR,1,DAYLIGHT,12,MOTOR VEHICLE IN TRANSPORT,OLD HICKORY BLVD & FIRESTONE PKWY,ANTIOCH,TN,37013,8867,SOUTH,36.017,-86.6199,POINT (-86.6199 36.017)
20190302514,04/19/2019 04:45:00 PM,3,0,0,,N,320580,98,OTHER,2,RAIN,1,DAYLIGHT,12;34,MOTOR VEHICLE IN TRANSPORT;DITCH,PARK DR & MCGAVOCK PKE,NASHVILLE,TN,37214,9307,HERMIT,36.1716,-86.6795,POINT (-86.6795 36.1716)
20190301629,04/19/2019 10:18:00 AM,2,0,0,,N,137982,4,ANGLE,2,RAIN,1,DAYLIGHT,12,MOTOR VEHICLE IN TRANSPORT,STEWARTS FERRY PKE & I40 W EXT RAMP,NASHVILLE,TN,37214,9413,HERMIT,36.1565,-86.6313,POINT (-86.6313 36.1565)
20190449629,06/13/2019 11:45:00 AM,2,0,0,,N,493304,4,ANGLE,21,CLEAR,1,DAYLIGHT,12,MOTOR VEHICLE IN TRANSPORT,GALLATIN PKES & E OLD HICKORY BLVD,MADISON,TN,37115,1771,MADISO,36.2622,-86.7122,POINT (-86.7122 36.2622)
20190244043,03/29/2019 02:18:00 PM,2,1,0,,N,256380,11,Front to Rear,21,CLEAR,1,DAYLIGHT,12,MOTOR VEHICLE IN TRANSPORT,ED TEMPLE BLVD & SCHRADER LN,NASHVILLE,TN,37209,4503,NORTH,36.1697,-86.8213,POINT (-86.8213 36.1697)
20190239859,03/28/2019 06:41:00 AM,2,0,0,,N,420059,11,Front to Rear,21,CLEAR,1,DAYLIGHT,12,MOTOR VEHICLE IN TRANSPORT,EDMONDSON PKE & HUNTINGTON PKWY,NASHVILLE,TN,37211,8653,MIDTOW,36.0511,-86.7433,POINT (-86.7433 36.0511)
20190440615,06/10/2019 08:41:00 AM,2,0,0,,N,109534,5,SIDESWIPE - SAME DIRECTION,21,CLEAR,1,DAYLIGHT,12,MOTOR VEHICLE IN TRANSPORT,MM 51 6 I 24,NASHVILLE,TN,37210,82061,HERMIT,36.1403,-86.7313,POINT (-86.7313 36.1403)
20190564969,07/29/2019 06:40:00 PM,2,1,0,,N,320577,11,Front to Rear,21,CLEAR,1,DAYLIGHT,12,MOTOR VEHICLE IN TRANSPORT,POWELL AV & POWELL PL,NASHVILLE,TN,37204,8527,MIDTOW,36.1065,-86.7646,POINT (-86.7646 36.1065)
20190004917,01/02/2019 09:15:00 PM,1,1,0,,N,256424,0,NOT COLLISION W/MOTOR VEHICLE-TRANSPORT,2,RAIN,3,DARK - LIGHTED,34,DITCH,ROBINSON RD & HADLEY AV,OLD HICKORY,TN,37138,9609,HERMIT,36.253,-86.6485,POINT (-86.6485 36.253)
20190538125,07/18/2019 07:30:00 PM,2,0,0,,N,298861,5,SIDESWIPE - SAME DIRECTION,21,CLEAR,2,DARK - NOT LIGHTED,12,MOTOR VEHICLE IN TRANSPORT,MM 212 1 I 40,NASHVILLE,TN,37210,90041,HERMIT,36.1463,-86.7422,POINT (-86.7422 36.1463)
20190498870,07/02/2019 02:59:00 PM,3,0,0,,N,137872,11,Front to Rear,21,CLEAR,1,DAYLIGHT,12,MOTOR VEHICLE IN TRANSPORT,LEBANON PKE & CENTRAL PKE,HERMITAGE,TN,37076,9601,HERMIT,36.1868,-86.6316,POINT (-86.6316 36.1868)
20190130425,02/17/2019 05:02:00 PM,2,1,0,,N,256499,4,ANGLE,2,RAIN,3,DARK - LIGHTED,12,MOTOR VEHICLE IN TRANSPORT,19TH AVN & CHURCH ST,NASHVILLE,TN,37203,5513,MIDTOW,36.1546,-86.7991,POINT (-86.7991 36.1546)
20190302639,04/19/2019 06:40:00 PM,1,0,0,,N,311328,0,NOT COLLISION W/MOTOR VEHICLE-TRANSPORT,2,RAIN,1,DAYLIGHT,36,CONCRETE TRAFFIC BARRIER,MM 208 4 I 40,NASHVILLE,TN,37203,54024,NORTH,36.165,-86.7943,POINT (-86.7943 36.165)
20190398209,05/24/2019 06:03:00 PM,2,1,0,,N,299267,4,ANGLE,21,CLEAR,1,DAYLIGHT,12,MOTOR VEHICLE IN TRANSPORT,OLD HICKORY BLVD & BRENTWOOD BLVD,NASHVILLE,TN,37220,7111,MIDTOW,36.0377,-86.7948,POINT (-86.7948 36.0377)
20190022178,01/09/2019 01:43:00 PM,2,1,0,,N,110083,11,Front to Rear,21,CLEAR,1,DAYLIGHT,12,MOTOR VEHICLE IN TRANSPORT,ASHLAND CITY HWY WB ENT RAMP & BRILEY PK,NASHVILLE,TN,37218,3211,NORTH,36.2103,-86.8727,POINT (-86.8727 36.2103)
20190538000,07/18/2019 04:35:00 PM,2,0,0,,N,256380,4,ANGLE,21,CLEAR,1,DAYLIGHT,12,MOTOR VEHICLE IN TRANSPORT,28TH AVN & MEHARRY BLVD,NASHVILLE,TN,37209,4559,NORTH,36.1666,-86.8204,POINT (-86.8204 36.1666)
20190229042,03/24/2019 07:45:00 PM,2,0,0,,Y,676824,16,Rear to Side,21,CLEAR,3,DARK - LIGHTED,12,MOTOR VEHICLE IN TRANSPORT,2600 JEFFERSON ST,NASHVILLE,TN,37208,4525,NORTH,36.1681,-86.8172,POINT (-86.8172 36.1681)
20190124891,02/15/2019 07:34:00 AM,2,0,0,,Y,716886,5,SIDESWIPE - SAME DIRECTION,21,CLEAR,1,DAYLIGHT,12,MOTOR VEHICLE IN TRANSPORT,MT VIEW RD & BELL FORGE PKWY,ANTIOCH,TN,37013,8863,SOUTH,36.0449,-86.6456,POINT (-86.6456 36.0449)
20190113477,02/11/2019 05:24:00 PM,2,0,0,,N,179606,4,ANGLE,2,RAIN,3,DARK - LIGHTED,12,MOTOR VEHICLE IN TRANSPORT,TROUSDALE DR & HARDING PL,NASHVILLE,TN,37211,8507,MIDTOW,36.0823,-86.7582,POINT (-86.7582 36.0823)
20190410600,05/29/2019 03:59:00 PM,1,1,0,Y,N,256414,0,NOT COLLISION W/MOTOR VEHICLE-TRANSPORT,21,CLEAR,1,DAYLIGHT,30,UTILITY POLE,MURFREESBORO PKE & PIN HOOK RD,ANTIOCH,TN,37013,8927,SOUTH,36.0505,-86.6147,POINT (-86.6147 36.0505)
20190433814,06/07/2019 09:30:00 AM,2,1,0,,N,799013,11,Front to Rear,2,RAIN,1,DAYLIGHT,12,MOTOR VEHICLE IN TRANSPORT,BRILEY PKWYS & BRILEY PKWY S EXT RAMP,NASHVILLE,TN,37210,9098,HERMIT,36.148,-86.6929,POINT (-86.6929 36.148)
20190434877,06/07/2019 06:32:00 PM,2,0,0,,N,206675,11,Front to Rear,2,RAIN,1,DAYLIGHT,12,MOTOR VEHICLE IN TRANSPORT,WOODMONT BLVD & LEALAND LN,NASHVILLE,TN,37204,7007,MIDTOW,36.1111,-86.7884,POINT (-86.7884 36.1111)
20190414190,05/30/2019 07:25:00 PM,2,0,0,,N,725756,11,Front to Rear,21,CLEAR,3,DARK - LIGHTED,12,MOTOR VEHICLE IN TRANSPORT,HIGHWAY 70S & BELLEVUE VALLEY PLAZA PVTD,NASHVILLE,TN,37221,4901,WEST,36.0754,-86.9181,POINT (-86.9181 36.0754)
20190082666,01/31/2019 07:30:00 AM,2,0,0,,N,594473,11,Front to Rear,21,CLEAR,1,DAYLIGHT,12,MOTOR VEHICLE IN TRANSPORT,OLD HICKORY BLVD & TOWNHOMES OF FREDERIC,BRENTWOOD,TN,37027,8621,MIDTOW,36.0397,-86.7582,POINT (-86.7582 36.0397)
20190235358,03/26/2019 05:38:00 PM,2,0,0,,N,256446,11,Front to Rear,21,CLEAR,1,DAYLIGHT,12,MOTOR VEHICLE IN TRANSPORT,HARTFORD DR & THOMPSON LN,NASHVILLE,TN,37210,8333,SOUTH,36.1101,-86.7335,POINT (-86.7335 36.1101)
20190323736,04/26/2019 03:00:00 PM,2,0,0,,Y,309263,9,UNKNOWN,21,CLEAR,1,DAYLIGHT,12;14,MOTOR VEHICLE IN TRANSPORT;PARKED MOTOR VEHICLE,S 9TH ST & BOSCOBEL ST,NASHVILLE,TN,37206,1121,EAST,36.172,-86.7551,POINT (-86.7551 36.172)
20190059466,01/23/2019 11:19:00 AM,2,0,0,,Y,109534,5,SIDESWIPE - SAME DIRECTION,2,RAIN,1,DAYLIGHT,12;99,MOTOR VEHICLE IN TRANSPORT;UNKNOWN MOST HARMFUL EVENT,FESSLERS LN & I40 W ENT RAMP,NASHVILLE,TN,37210,9011,HERMIT,36.1478,-86.7435,POINT (-86.7435 36.1478)
20190226470,03/23/2019 04:01:00 PM,2,4,0,,N,240979,11,Front to Rear,21,CLEAR,1,DAYLIGHT,12,MOTOR VEHICLE IN TRANSPORT,RIVERGATE MALL PVTDR & SHEPHERD HILLS DR,GOODLETTSVILLE,TN,37072,1751,MADISO,36.3013,-86.6952,POINT (-86.6952 36.3013)
20190305275,04/20/2019 10:22:00 PM,1,0,0,Y,N,256382,0,NOT COLLISION W/MOTOR VEHICLE-TRANSPORT,21,CLEAR,3,DARK - LIGHTED,40,MAIL BOX,MCCRORY CREEK RD & LAUREL FOREST DR,NASHVILLE,TN,37214,9413,HERMIT,36.1514,-86.6466,POINT (-86.6466 36.1514)
20190046152,01/18/2019 05:25:00 AM,2,0,0,,Y,330436,4,ANGLE,21,CLEAR,3,DARK - LIGHTED,12,MOTOR VEHICLE IN TRANSPORT,HARDING PKE & BROOK HOLLOW RD,NASHVILLE,TN,37205,4913,WEST,36.095,-86.8804,POINT (-86.8804 36.095)
20190305716,04/21/2019 02:15:00 AM,2,0,0,,N,179603,5,SIDESWIPE - SAME DIRECTION,5,FOG,3,DARK - LIGHTED,12,MOTOR VEHICLE IN TRANSPORT,DICKERSON PKE & BARNETT DR,NASHVILLE,TN,37207,2035,MADISO,36.2685,-86.756,POINT (-86.756 36.2685)
20190189012,03/10/2019 04:05:00 PM,3,1,0,,N,320582,11,Front to Rear,21,CLEAR,1,DAYLIGHT,12,MOTOR VEHICLE IN TRANSPORT,MM 47 8 I 24,NASHVILLE,TN,37207,1904,CENTRA,36.1775,-86.7731,POINT (-86.7731 36.1775)
20190205550,03/16/2019 08:47:00 AM,2,0,0,,N,298864,11,Front to Rear,21,CLEAR,1,DAYLIGHT,12,MOTOR VEHICLE IN TRANSPORT,PARKWOOD VILLA APTS PVTDR & BRICK CHURCH,NASHVILLE,TN,37207,2003,MADISO,36.2359,-86.7813,POINT (-86.7813 36.2359)
20190576491,08/03/2019 02:42:00 AM,2,1,0,,N,298871,4,ANGLE,21,CLEAR,3,DARK - LIGHTED,1;12,MOTOR VEHICLE IN TRANSPORT,CHET ATKINS PL & MUSIC SQW,NASHVILLE,TN,37212,6713,MIDTOW,36.1485,-86.7935,POINT (-86.7935 36.1485)
20190171426,03/04/2019 12:21:00 PM,1,0,0,Y,N,298878,0,NOT COLLISION W/MOTOR VEHICLE-TRANSPORT,21,CLEAR,1,DAYLIGHT,24,GUARDRAIL FACE,I40 W ENT RAMP & I 40,NASHVILLE,TN,37210,9007,HERMIT,36.1484,-86.7454,POINT (-86.7454 36.1484)
20190320134,04/25/2019 05:45:00 PM,2,0,0,,N,311337,11,Front to Rear,21,CLEAR,1,DAYLIGHT,12,MOTOR VEHICLE IN TRANSPORT,MURFREESBORO PKE & FAIRCLOTH LN,NASHVILLE,TN,37217,8947,HERMIT,36.1032,-86.6665,POINT (-86.6665 36.1032)
20190200388,03/14/2019 01:15:00 PM,2,0,0,,N,330411,4,ANGLE,2,RAIN,1,DAYLIGHT,12,MOTOR VEHICLE IN TRANSPORT,20TH AVN & HAYES ST,NASHVILLE,TN,37203,5527,MIDTOW,36.1524,-86.8001,POINT (-86.8001 36.1524)
20190464326,06/19/2019 06:56:00 AM,2,0,0,,N,352196,4,ANGLE,22,CLOUDY,1,DAYLIGHT,12,MOTOR VEHICLE IN TRANSPORT,8TH AVS & BROADWAY,NASHVILLE,TN,37203,4085,CENTRA,36.1588,-86.782,POINT (-86.782 36.1588)
20190379061,05/17/2019 07:17:00 PM,1,0,0,Y,N,256389,0,NOT COLLISION W/MOTOR VEHICLE-TRANSPORT,21,CLEAR,1,DAYLIGHT,30;40,UTILITY POLE;MAIL BOX,HILL RD & OLD HICKORY BLVD,NASHVILLE,TN,37220,8615,MIDTOW,36.0416,-86.7492,POINT (-86.7492 36.0416)
20190556098,07/25/2019 12:00:00 AM,2,0,0,,N,320580,11,Front to Rear,21,CLEAR,3,DARK - LIGHTED,12,MOTOR VEHICLE IN TRANSPORT,MM 212 2 I 40,NASHVILLE,TN,37210,90041,HERMIT,36.1458,-86.7414,POINT (-86.7414 36.1458)
20190138821,02/20/2019 01:25:00 PM,1,0,0,Y,N,909494,0,NOT COLLISION W/MOTOR VEHICLE-TRANSPORT,2,RAIN,1,DAYLIGHT,18;64,OTHER OBJECT (NOT FIXED);Ran Off Road-Left,MM 48 3 I 24,NASHVILLE,TN,37213,11080,CENTRA,36.1722,-86.7689,POINT (-86.7689 36.1722)
20190042634,01/16/2019 07:00:00 PM,2,0,0,,Y,256377,11,Front to Rear,21,CLEAR,3,DARK - LIGHTED,12,MOTOR VEHICLE IN TRANSPORT,OLD HICKORY BLVD & SHUTE LN,OLD HICKORY,TN,37138,9605,HERMIT,36.2323,-86.6247,POINT (-86.6247 36.2323)
20190441825,06/10/2019 06:17:00 PM,2,1,0,,N,330428,4,ANGLE,21,CLEAR,1,DAYLIGHT,12,MOTOR VEHICLE IN TRANSPORT,BRILEY PKWY & I40 W EXT RAMP,NASHVILLE,TN,37209,4696,WEST,36.153,-86.8576,POINT (-86.8576 36.153)
20190431549,06/06/2019 01:00:00 PM,2,4,0,,N,676834,4,ANGLE,22,CLOUDY,1,DAYLIGHT,12,MOTOR VEHICLE IN TRANSPORT,BUCHANAN ST & 11TH AVN,NASHVILLE,TN,37208,4451,NORTH,36.1803,-86.8045,POINT (-86.8045 36.1803)
20190079424,01/30/2019 08:32:00 AM,5,2,0,,N,109527,11,Front to Rear,21,CLEAR,1,DAYLIGHT,12,MOTOR VEHICLE IN TRANSPORT,MM 215 5 I 40,NASHVILLE,TN,37217,89020,HERMIT,36.1432,-86.6865,POINT (-86.6865 36.1432)
20190103429,02/07/2019 02:20:00 PM,2,0,0,,Y,212330,5,SIDESWIPE - SAME DIRECTION,22,CLOUDY,1,DAYLIGHT,12,MOTOR VEHICLE IN TRANSPORT,MM 213 0 I 40,NASHVILLE,TN,37210,8219,HERMIT,36.1407,-86.7323,POINT (-86.7323 36.1407)
20190468066,06/20/2019 12:05:00 PM,2,0,0,,N,352161,11,Front to Rear,21,CLEAR,1,DAYLIGHT,12,MOTOR VEHICLE IN TRANSPORT,HARDING PL & WHISPERING OAKS PL,NASHVILLE,TN,37211,8705,SOUTH,36.0817,-86.7137,POINT (-86.7137 36.0817)
20190463298,06/18/2019 05:00:00 PM,2,0,0,,Y,352207,4,ANGLE,21,CLEAR,3,DARK - LIGHTED,12,MOTOR VEHICLE IN TRANSPORT,BALMY AV & CHARLOTTE PKE,NASHVILLE,TN,37209,5027,WEST,36.1481,-86.8674,POINT (-86.8674 36.1481)
20190341957,05/03/2019 11:55:00 PM,2,0,0,,N,879558,4,ANGLE,21,CLEAR,3,DARK - LIGHTED,12,MOTOR VEHICLE IN TRANSPORT,ELM HILL PKE & MCCRORY CREEK RD,NASHVILLE,TN,37214,9413,HERMIT,36.1437,-86.6553,POINT (-86.6553 36.1437)
20190276744,04/10/2019 07:28:00 PM,2,0,0,,N,279211,4,ANGLE,21,CLEAR,2,DARK - NOT LIGHTED,12,MOTOR VEHICLE IN TRANSPORT,I24 W ENT RAMP & I 24,NASHVILLE,TN,37206,1009,EAST,36.1666,-86.7638,POINT (-86.7638 36.1666)
20190010085,01/04/2019 06:10:00 AM,2,0,0,,N,281611,4,ANGLE,2,RAIN,2,DARK - NOT LIGHTED,12,MOTOR VEHICLE IN TRANSPORT,CHARLOTTE PKE & CABOT DR,NASHVILLE,TN,37209,4677,WEST,36.2336,-86.7283,POINT (-86.7283 36.2336)
20190135419,02/19/2019 11:17:00 AM,2,0,0,,N,468030,4,ANGLE,22,CLOUDY,1,DAYLIGHT,12,MOTOR VEHICLE IN TRANSPORT,MAIN ST & FINN ST,NASHVILLE,TN,37206,1131,EAST,36.1772,-86.754,POINT (-86.754 36.1772)
20190388845,05/21/2019 06:00:00 PM,2,1,0,,N,279124,4,ANGLE,21,CLEAR,1,DAYLIGHT,12,MOTOR VEHICLE IN TRANSPORT,ANTIOCH PKE & HARDING PL,NASHVILLE,TN,37211,8847,SOUTH,36.0874,-86.6922,POINT (-86.6922 36.0874)
20190216112,03/20/2019 05:48:00 AM,3,1,0,,N,212349,11,Front to Rear,21,CLEAR,4,DAWN,12,MOTOR VEHICLE IN TRANSPORT,I24 W ENT RAMP & I 40,NASHVILLE,TN,37217,8818,HERMIT,36.1397,-86.7275,POINT (-86.7275 36.1397)
20190410382,05/29/2019 02:25:00 PM,3,1,0,,N,676834,11,Front to Rear,21,CLEAR,1,DAYLIGHT,12;7,MOTOR VEHICLE IN TRANSPORT,CHARLOTTE AV & 14TH AVN,NASHVILLE,TN,37203,5501,MIDTOW,36.1606,-86.7941,POINT (-86.7941 36.1606)
20190068480,01/26/2019 02:12:00 PM,2,0,0,,N,212369,11,Front to Rear,21,CLEAR,1,DAYLIGHT,12,MOTOR VEHICLE IN TRANSPORT,NOLENSVILLE PKE & GOINS RD,NASHVILLE,TN,37211,8661,MIDTOW,36.0743,-86.7247,POINT (-86.7247 36.0743)
20190365208,05/13/2019 06:53:00 AM,2,0,0,,N,191578,11,Front to Rear,21,CLEAR,1,DAYLIGHT,12,MOTOR VEHICLE IN TRANSPORT,MM 221 6 I 40,HERMITAGE,TN,37076,95020,HERMIT,36.1697,-86.5857,POINT (-86.5857 36.1697)
20190325503,04/27/2019 09:38:00 PM,2,1,0,,N,256443,11,Front to Rear,21,CLEAR,3,DARK - LIGHTED,12,MOTOR VEHICLE IN TRANSPORT,OLD HICKORY BLVDW & DICKERSON PKE,MADISON,TN,37115,2039,MADISO,36.2692,-86.7556,POINT (-86.7556 36.2692)
20190329586,04/29/2019 04:06:00 PM,2,0,0,,N,151132,5,SIDESWIPE - SAME DIRECTION,21,CLEAR,1,DAYLIGHT,12,MOTOR VEHICLE IN TRANSPORT,MM 91 1 I 65,MADISON,TN,37115,17021,MADISO,36.2485,-86.7424,POINT (-86.7424 36.2485)
20190376116,05/16/2019 06:30:00 PM,3,0,0,,N,256424,4,ANGLE,21,CLEAR,1,DAYLIGHT,12,MOTOR VEHICLE IN TRANSPORT,BELL RD & PRIEST WOODS DR,NASHVILLE,TN,37214,8989,HERMIT,36.1275,-86.6296,POINT (-86.6296 36.1275)
20190085781,02/01/2019 07:30:00 AM,2,0,0,,N,462474,11,Front to Rear,22,CLOUDY,1,DAYLIGHT,12,MOTOR VEHICLE IN TRANSPORT,HARDING PL & GENERAL LOWREY DR,NASHVILLE,TN,37215,6313,MIDTOW,36.0903,-86.8127,POINT (-86.8127 36.0903)
20190230798,03/25/2019 10:34:00 AM,2,1,0,,N,716886,11,Front to Rear,21,CLEAR,1,DAYLIGHT,12,MOTOR VEHICLE IN TRANSPORT,I24 W EXT RAMP & I 24,NASHVILLE,TN,37211,8829,SOUTH,36.1074,-86.7197,POINT (-86.7197 36.1074)
20190325146,04/27/2019 05:50:00 PM,2,1,0,,N,306230,4,ANGLE,21,CLEAR,1,DAYLIGHT,12,MOTOR VEHICLE IN TRANSPORT,KNIGHT DR & GREEN LN,WHITES CREEK,TN,37189,3223,NORTH,36.2362,-86.8033,POINT (-86.8033 36.2362)
20190101050,02/06/2019 06:57:00 PM,1,0,0,,N,212344,0,NOT COLLISION W/MOTOR VEHICLE-TRANSPORT,2,RAIN,3,DARK - LIGHTED,36,CONCRETE TRAFFIC BARRIER,MM 48 8 I 24,NASHVILLE,TN,37213,1104,CENTRA,36.1682,-86.7659,POINT (-86.7659 36.1682)
20190455455,06/15/2019 03:20:00 PM,2,0,0,,Y,551975,6,SIDESWIPE - OPPOSITE DIRECTION,21,CLEAR,1,DAYLIGHT,12;54;55,MOTOR VEHICLE IN TRANSPORT;Set In Motion By Motor Vehicle;Motor Vehicle-In-Motion Outside Trafficw,WHITES CREEK PKE & LANE DR,NASHVILLE,TN,37207,3025,NORTH,36.2234,-86.806,POINT (-86.806 36.2234)
20190575095,08/02/2019 04:00:00 PM,2,3,0,,N,330440,2,HEAD-ON,2,RAIN,1,DAYLIGHT,12,MOTOR VEHICLE IN TRANSPORT,CLARKSVILLE PKE & ROSA L PARKS BLVD,NASHVILLE,TN,37228,4483,NORTH,36.1889,-86.8231,POINT (-86.8231 36.1889)
20190071033,01/27/2019 05:49:00 PM,1,1,0,,N,299267,0,NOT COLLISION W/MOTOR VEHICLE-TRANSPORT,21,CLEAR,3,DARK - LIGHTED,7,,MCMURRAY DR & MCMURRAY CT,NASHVILLE,TN,37211,8653,MIDTOW,36.0549,-86.7351,POINT (-86.7351 36.0549)
20190560123,07/27/2019 12:00:00 AM,2,0,0,Y,N,298858,0,NOT COLLISION W/MOTOR VEHICLE-TRANSPORT,21,CLEAR,1,DAYLIGHT,12;20,MOTOR VEHICLE IN TRANSPORT;IMPACT ATTENUATOR,I40 W ENT RAMP & I 24,NASHVILLE,TN,37210,4008,CENTRA,36.1572,-86.7604,POINT (-86.7604 36.1572)
20190576917,08/03/2019 12:00:00 AM,1,0,0,Y,Y,799013,0,NOT COLLISION W/MOTOR VEHICLE-TRANSPORT,21,CLEAR,7,Dark-Unknown Lighting,40,MAIL BOX,STEAMBOAT DR & STEAMBOAT CT,NASHVILLE,TN,37214,9301,HERMIT,36.2357,-86.6973,POINT (-86.6973 36.2357)
20190119224,02/13/2019 11:30:00 AM,2,0,0,,N,299264,5,SIDESWIPE - SAME DIRECTION,21,CLEAR,1,DAYLIGHT,12,MOTOR VEHICLE IN TRANSPORT,14TH AVN & CHARLOTTE AV,NASHVILLE,TN,37203,5501,MIDTOW,36.1608,-86.7937,POINT (-86.7937 36.1608)
20190283615,04/13/2019 07:32:00 AM,1,0,0,Y,Y,299249,0,NOT COLLISION W/MOTOR VEHICLE-TRANSPORT,2,RAIN,3,DARK - LIGHTED,42,TREE,TULIP GROVE RD & TULIP GROVE LN,HERMITAGE,TN,37076,9513,HERMIT,36.1925,-86.5925,POINT (-86.5925 36.1925)
20190365660,05/13/2019 10:34:00 AM,2,2,0,,N,887591,11,Front to Rear,21,CLEAR,1,DAYLIGHT,12,MOTOR VEHICLE IN TRANSPORT,MM 58 6 I 24,ANTIOCH,TN,37013,8808,SOUTH,36.0518,-86.67,POINT (-86.67 36.0518)
20190416026,05/31/2019 11:56:00 AM,2,3,0,,N,224437,4,ANGLE,21,CLEAR,1,DAYLIGHT,12,MOTOR VEHICLE IN TRANSPORT,MM 56 6 I 24,NASHVILLE,TN,37211,8810,SOUTH,36.0742,-86.6927,POINT (-86.6927 36.0742)
20190278152,04/11/2019 07:34:00 AM,3,3,0,,N,226136,11,Front to Rear,22,CLOUDY,1,DAYLIGHT,12,MOTOR VEHICLE IN TRANSPORT,CHARLOTTE AV & 23RD AVN,NASHVILLE,TN,37203,5619,MIDTOW,36.1557,-86.8099,POINT (-86.8099 36.1557)
20190282712,04/12/2019 12:00:00 AM,2,1,0,,Y,298868,11,Front to Rear,21,CLEAR,7,Dark-Unknown Lighting,12,MOTOR VEHICLE IN TRANSPORT,MM 206 0 I 40,NASHVILLE,TN,37209,45042,NORTH,36.1586,-86.8226,POINT (-86.8226 36.1586)