Accident Number,Date and Time,Number of Motor Vehicles,Number of Injuries,Number of Fatalities,Property Damage,Hit and Run,Reporting Officer,Collision Type Code,Collision Type Description,Weather Code,Weather Description,Illumination Code,Illumination Description,Harmful Code,Harmful Code Description,Street Address,City,State,ZIP,RPA,Precinct,Latitude,Longitude,Mapped Location
20190276296,04/10/2019 04:00:00 PM,2,0,0,,Y,240970,11,Front to Rear,21,CLEAR,1,DAYLIGHT,12,MOTOR VEHICLE IN TRANSPORT,HARDING PL & HARDING MALL DR,NASHVILLE,TN,37211,8705,SOUTH,36.0804,-86.7218,POINT (-86.7218 36.0804)
20190378755,05/17/2019 04:36:00 PM,2,0,0,,N,299267,4,ANGLE,21,CLEAR,1,DAYLIGHT,12,MOTOR VEHICLE IN TRANSPORT,OLD HICKORY BLVD & EDMONDSON PKE,NASHVILLE,TN,37220,8615,MIDTOW,36.04,-86.7435,POINT (-86.7435 36.04)
20190428751,06/05/2019 01:36:00 PM,2,0,0,,N,156307,11,Front to Rear,21,CLEAR,1,DAYLIGHT,12,MOTOR VEHICLE IN TRANSPORT,BUENA VISTA PKE & CLARKSVILLE PKE,NASHVILLE,TN,37218,3161,NORTH,36.1937,-86.8312,POINT (-86.8312 36.1937)
20190166543,03/02/2019 10:35:00 AM,2,0,0,,N,580819,5,SIDESWIPE - SAME DIRECTION,22,CLOUDY,1,DAYLIGHT,12,MOTOR VEHICLE IN TRANSPORT,SHELBY AV & S 2ND ST,NASHVILLE,TN,37213,1103,CENTRA,36.1653,-86.7682,POINT (-86.7682 36.1653)
20190477664,06/24/2019 04:29:00 PM,4,5,1,,N,320599,11,Front to Rear,22,CLOUDY,1,DAYLIGHT,12,MOTOR VEHICLE IN TRANSPORT,MM 214 0 I 40,NASHVILLE,TN,37217,88020,HERMIT,36.1417,-86.7137,POINT (-86.7137 36.1417)
20190480479,06/25/2019 03:22:00 PM,2,0,0,,N,299241,4,ANGLE,21,CLEAR,1,DAYLIGHT,12,MOTOR VEHICLE IN TRANSPORT,MM 210 1 I 40,NASHVILLE,TN,37203,4006,CENTRA,36.1492,-86.7751,POINT (-86.7751 36.1492)
20190066322,01/25/2019 04:05:00 PM,2,0,0,,N,690942,11,Front to Rear,21,CLEAR,1,DAYLIGHT,12,MOTOR VEHICLE IN TRANSPORT,BRILEY PKWY W EXT RAMP & BRICK CHURCH PK,NASHVILLE,TN,37207,2033,MADISO,36.2397,-86.7808,POINT (-86.7808 36.2397)
20190485578,06/27/2019 09:41:00 AM,2,0,0,,N,109534,5,SIDESWIPE - SAME DIRECTION,21,CLEAR,1,DAYLIGHT,12,MOTOR VEHICLE IN TRANSPORT,ELM HILL PKE & ELM HILL PKE EB EXT RAMP,NASHVILLE,TN,37210,9041,HERMIT,36.1513,-86.6916,POINT (-86.6916 36.1513)
20190009965,01/04/2019 04:53:00 PM,2,0,0,,Y,109550,5,SIDESWIPE - SAME DIRECTION,2,RAIN,5,DUSK,12,MOTOR VEHICLE IN TRANSPORT,GALLATIN PKES & NEELYS BEND RD,MADISON,TN,37115,1605,MADISO,36.2566,-86.7142,POINT (-86.7142 36.2566)
20190210611,03/18/2019 12:00:00 AM,1,0,0,Y,N,298868,0,NOT COLLISION W/MOTOR VEHICLE-TRANSPORT,21,CLEAR,1,DAYLIGHT,38,FENCE,INDIANA AV & 41ST AVN,NASHVILLE,TN,37209,4533,WEST,36.1569,-86.836,POINT (-86.836 36.1569)
20190470674,06/21/2019 08:54:00 AM,2,1,0,,Y,191578,11,Front to Rear,21,CLEAR,1,DAYLIGHT,12,MOTOR VEHICLE IN TRANSPORT,MM 211 7 I 40,NASHVILLE,TN,37210,82042,HERMIT,36.1499,-86.7483,POINT (-86.7483 36.1499)
20190103053,02/07/2019 12:25:00 PM,2,0,0,,N,580819,11,Front to Rear,22,CLOUDY,1,DAYLIGHT,12,MOTOR VEHICLE IN TRANSPORT,12TH AVN & CHARLOTTE AV,NASHVILLE,TN,37203,4153,CENTRA,36.1616,-86.7918,POINT (-86.7918 36.1616)
20190272737,04/09/2019 11:58:00 AM,2,0,0,,N,225773,11,Front to Rear,21,CLEAR,1,DAYLIGHT,12,MOTOR VEHICLE IN TRANSPORT,MAPLEHURST AV & GRANNY WHITE PKE,NASHVILLE,TN,37204,7021,MIDTOW,36.1042,-86.7944,POINT (-86.7944 36.1042)
20190546377,07/22/2019 09:36:00 AM,3,1,0,,N,306231,11,Front to Rear,22,CLOUDY,1,DAYLIGHT,12,MOTOR VEHICLE IN TRANSPORT,MM 86 7 I 65,NASHVILLE,TN,37207,3002,NORTH,36.1972,-86.7762,POINT (-86.7762 36.1972)
20190070686,01/27/2019 01:33:00 PM,2,4,0,Y,N,332253,4,ANGLE,21,CLEAR,1,DAYLIGHT,12;19,MOTOR VEHICLE IN TRANSPORT;BUILDING,DICKERSON PKE & DARBYTOWN DR,MADISON,TN,37115,2039,MADISO,36.266,-86.7569,POINT (-86.7569 36.266)
20190261195,04/04/2019 11:39:00 PM,2,2,0,,N,225819,4,ANGLE,2,RAIN,3,DARK - LIGHTED,12,MOTOR VEHICLE IN TRANSPORT,BELL RD & OLD HICKORY BLVD,ANTIOCH,TN,37013,8755,SOUTH,36.0453,-86.7017,POINT (-86.7017 36.0453)
20190338625,05/02/2019 04:29:00 PM,2,0,0,,N,256386,11,Front to Rear,2,RAIN,1,DAYLIGHT,12,MOTOR VEHICLE IN TRANSPORT,STATE HWY 255 & SHACKLETT DR,NASHVILLE,TN,37214,9103,HERMIT,36.1454,-86.6668,POINT (-86.6668 36.1454)
20190076196,01/29/2019 10:10:00 AM,2,0,0,,N,665896,4,ANGLE,21,CLEAR,1,DAYLIGHT,12,MOTOR VEHICLE IN TRANSPORT,MM 47 1 I 24,NASHVILLE,TN,37207,1904,CENTRA,36.187,-86.776,POINT (-86.776 36.187)
20190069600,02/01/2019 12:30:00 AM,2,2,0,,Y,279195,11,Front to Rear,22,CLOUDY,2,DARK - NOT LIGHTED,12,MOTOR VEHICLE IN TRANSPORT,4000 S NEW HOPE RD,HERMITAGE,TN,37076,9541,HERMIT,36.1728,-86.5849,POINT (-86.5849 36.1728)
20190186228,03/09/2019 06:21:00 AM,2,0,0,,N,320586,4,ANGLE,2,RAIN,1,DAYLIGHT,12,MOTOR VEHICLE IN TRANSPORT,MM 54 6 I 24,NASHVILLE,TN,37211,84021,SOUTH,36.0994,-86.7109,POINT (-86.7109 36.0994)
20190335824,05/01/2019 06:42:00 PM,3,3,0,,N,807326,11,Front to Rear,2,RAIN,1,DAYLIGHT,12,MOTOR VEHICLE IN TRANSPORT,6TH AVS & KOREAN VETERANS BLVD,NASHVILLE,TN,37203,4043,CENTRA,36.1555,-86.7771,POINT (-86.7771 36.1555)
20190350987,05/07/2019 03:50:00 PM,2,0,0,,Y,420040,5,SIDESWIPE - SAME DIRECTION,21,CLEAR,1,DAYLIGHT,12,MOTOR VEHICLE IN TRANSPORT,MM 208 9 I 40,NASHVILLE,TN,37203,4102,CENTRA,36.1587,-86.7915,POINT (-86.7915 36.1587)
20190353661,05/08/2019 02:00:00 PM,2,1,0,,N,137872,4,ANGLE,21,CLEAR,1,DAYLIGHT,12,MOTOR VEHICLE IN TRANSPORT,BELL RD & STEWARTS FERRY PKE,NASHVILLE,TN,37214,8959,HERMIT,36.1522,-86.6251,POINT (-86.6251 36.1522)
20190293274,04/16/2019 12:00:00 AM,2,1,0,,N,298868,4,ANGLE,21,CLEAR,3,DARK - LIGHTED,12;2,MOTOR VEHICLE IN TRANSPORT,ROBERTSON AV & BRILEY PKWY/ROBERTSON AV,NASHVILLE,TN,37209,4698,WEST,36.1539,-86.8576,POINT (-86.8576 36.1539)
20190213984,03/19/2019 03:00:00 PM,2,0,0,,N,134899,5,SIDESWIPE - SAME DIRECTION,21,CLEAR,1,DAYLIGHT,12,MOTOR VEHICLE IN TRANSPORT,BRILEY PKWY & INTERNATIONAL PLZ,NASHVILLE,TN,37217,8998,HERMIT,36.1272,-86.6959,POINT (-86.6959 36.1272)
20190118222,02/13/2019 04:10:00 AM,1,0,0,Y,N,279217,0,NOT COLLISION W/MOTOR VEHICLE-TRANSPORT,21,CLEAR,3,DARK - LIGHTED,47,FIRE HYDRANT,GREAT CIRCLE RD & ATHENS WAY,NASHVILLE,TN,37228,4443,NORTH,36.1991,-86.7983,POINT (-86.7983 36.1991)
20190356136,05/09/2019 11:17:00 AM,3,2,0,,Y,226136,2,HEAD-ON,2,RAIN,1,DAYLIGHT,12,MOTOR VEHICLE IN TRANSPORT,CHESTNUT ST & FORT NEGLEY BLVD,NASHVILLE,TN,37203,8017,MIDTOW,36.1421,-86.7758,POINT (-86.7758 36.1421)
20190077367,01/29/2019 05:48:00 PM,2,0,0,,N,256389,4,ANGLE,21,CLEAR,3,DARK - LIGHTED,12,MOTOR VEHICLE IN TRANSPORT,MM 209 2 I 40,NASHVILLE,TN,37203,5702,MIDTOW,36.1554,-86.7891,POINT (-86.7891 36.1554)
20190154962,02/26/2019 07:45:00 AM,3,0,0,,N,330438,11,Front to Rear,21,CLEAR,1,DAYLIGHT,12,MOTOR VEHICLE IN TRANSPORT,I40 W ENT RAMP & I 40,NASHVILLE,TN,37210,9007,HERMIT,36.1484,-86.7454,POINT (-86.7454 36.1484)
20190263304,04/05/2019 05:14:00 PM,1,1,0,Y,N,256380,0,NOT COLLISION W/MOTOR VEHICLE-TRANSPORT,21,CLEAR,1,DAYLIGHT,19,BUILDING,7TH AVN & MONROE ST,NASHVILLE,TN,37208,4305,NORTH,36.1757,-86.7915,POINT (-86.7915 36.1757)
20190283926,04/13/2019 11:06:00 AM,1,0,0,Y,N,109527,0,NOT COLLISION W/MOTOR VEHICLE-TRANSPORT,22,CLOUDY,1,DAYLIGHT,36,CONCRETE TRAFFIC BARRIER,I24E & I40 E ENT RAMP,NASHVILLE,TN,37210,82061,HERMIT,36.1381,-86.7274,POINT (-86.7274 36.1381)
20190457543,06/16/2019 12:00:00 AM,3,1,0,,N,279200,11,Front to Rear,21,CLEAR,1,DAYLIGHT,12,MOTOR VEHICLE IN TRANSPORT,MM 49 4 I 24,NASHVILLE,TN,37206,10040,EAST,36.1613,-86.7604,POINT (-86.7604 36.1613)
20190384804,05/20/2019 11:05:00 AM,2,1,0,,N,109534,5,SIDESWIPE - SAME DIRECTION,21,CLEAR,1,DAYLIGHT,12;34,MOTOR VEHICLE IN TRANSPORT;DITCH,ELM HILL PKE & AIR LANE DR,NASHVILLE,TN,37210,9031,HERMIT,36.1457,-86.7061,POINT (-86.7061 36.1457)
20190354092,05/08/2019 04:53:00 PM,2,0,0,,Y,256380,4,ANGLE,21,CLEAR,1,DAYLIGHT,12,MOTOR VEHICLE IN TRANSPORT,26TH AVE N & JEFFERSON ST,NASHVILLE,TN,37208,4523,NORTH,36.1681,-86.8168,POINT (-86.8168 36.1681)
20190060156,01/23/2019 05:10:00 PM,1,1,0,,N,298858,0,NOT COLLISION W/MOTOR VEHICLE-TRANSPORT,2,RAIN,3,DARK - LIGHTED,8,PEDESTRIAN,CHARLOTTE AV & ROSA L PARKS BLVD,NASHVILLE,TN,37203,4147,CENTRA,36.1634,-86.7876,POINT (-86.7876 36.1634)
20190079919,01/30/2019 11:56:00 AM,3,1,0,,N,191578,11,Front to Rear,21,CLEAR,1,DAYLIGHT,12;60,MOTOR VEHICLE IN TRANSPORT;Cargo Equip Loss/Shift,BRILEY PKWYN & BRILEY PKWYS,NASHVILLE,TN,37211,8404,SOUTH,36.1092,-86.727,POINT (-86.727 36.1092)
20190096736,02/05/2019 11:55:00 AM,2,0,0,,N,226622,4,ANGLE,22,CLOUDY,1,DAYLIGHT,12,MOTOR VEHICLE IN TRANSPORT,WHITE BRIDGE PKE & CHARLOTTE PKE,NASHVILLE,TN,37209,5033,WEST,36.1494,-86.8579,POINT (-86.8579 36.1494)
20190579472,08/04/2019 01:50:00 PM,2,1,0,,N,320601,11,Front to Rear,2,RAIN,1,DAYLIGHT,12,MOTOR VEHICLE IN TRANSPORT,BRILEY PKWYN & BRILEY PKWY,NASHVILLE,TN,37217,8998,HERMIT,36.1369,-86.6993,POINT (-86.6993 36.1369)
20190345486,05/05/2019 07:30:00 PM,2,0,0,,Y,330427,5,SIDESWIPE - SAME DIRECTION,21,CLEAR,2,DARK - NOT LIGHTED,12,MOTOR VEHICLE IN TRANSPORT,MM 35 0 I 24,JOELTON,TN,37080,3318,NORTH,36.3239,-86.867,POINT (-86.867 36.3239)
20190166899,03/02/2019 03:00:00 PM,2,1,0,,N,212330,2,HEAD-ON,22,CLOUDY,1,DAYLIGHT,12,MOTOR VEHICLE IN TRANSPORT,MT VIEW RD & HICKORY HOLLOW PKWY,ANTIOCH,TN,37013,8859,SOUTH,36.0588,-86.6705,POINT (-86.6705 36.0588)
20190025284,01/10/2019 03:24:00 PM,2,0,0,,N,256384,11,Front to Rear,21,CLEAR,1,DAYLIGHT,12,MOTOR VEHICLE IN TRANSPORT,MM 6 5 I 440,NASHVILLE,TN,37210,81040,SOUTH,36.1242,-86.7451,POINT (-86.7451 36.1242)
20190097835,02/05/2019 06:23:00 PM,3,1,0,,N,267831,11,Front to Rear,21,CLEAR,1,DAYLIGHT,12,MOTOR VEHICLE IN TRANSPORT,HIGHWAY 100 & CHAFFIN DR,NASHVILLE,TN,37221,4807,WEST,36.0422,-86.9605,POINT (-86.9605 36.0422)
20190085735,02/01/2019 07:13:00 AM,2,0,0,,N,544481,11,Front to Rear,2,RAIN,1,DAYLIGHT,12,MOTOR VEHICLE IN TRANSPORT,JAMES ROBERTSON PKWY & JAMES ROBERTSON P,NASHVILLE,TN,37206,1109,EAST,36.1724,-86.7665,POINT (-86.7665 36.1724)
20190161580,02/28/2019 12:55:00 PM,2,0,0,,N,665896,5,SIDESWIPE - SAME DIRECTION,22,CLOUDY,1,DAYLIGHT,12,MOTOR VEHICLE IN TRANSPORT,GALLATIN AV & DOUGLAS AV,NASHVILLE,TN,37206,1325,EAST,36.193,-86.7442,POINT (-86.7442 36.193)
20190300481,04/18/2019 11:45:00 PM,2,0,0,,N,240978,2,HEAD-ON,2,RAIN,2,DARK - NOT LIGHTED,14,PARKED MOTOR VEHICLE,REVELS DR & US HWY 431,NASHVILLE,TN,37207,3047,NORTH,36.2211,-86.8049,POINT (-86.8049 36.2211)
20190507043,07/05/2019 12:00:00 AM,2,0,0,,Y,256414,5,SIDESWIPE - SAME DIRECTION,21,CLEAR,1,DAYLIGHT,14,PARKED MOTOR VEHICLE,HICKORY WAY & LAVERGNE COUCHVILLE PKE,ANTIOCH,TN,37013,8903,SOUTH,36.0306,-86.5893,POINT (-86.5893 36.0306)
20190407149,05/28/2019 12:20:00 PM,2,0,0,,Y,468031,11,Front to Rear,21,CLEAR,1,DAYLIGHT,12,MOTOR VEHICLE IN TRANSPORT,W TRINITY LN & LUCAS LN,NASHVILLE,TN,37207,1863,EAST,36.2061,-86.7711,POINT (-86.7711 36.2061)
20190245141,03/29/2019 11:25:00 PM,2,0,0,,N,608786,6,SIDESWIPE - OPPOSITE DIRECTION,21,CLEAR,3,DARK - LIGHTED,12;14,MOTOR VEHICLE IN TRANSPORT;PARKED MOTOR VEHICLE,BARRY DR & ARGLE AV,MADISON,TN,37115,1505,MADISO,36.2466,-86.7155,POINT (-86.7155 36.2466)
20190278201,04/11/2019 07:49:00 AM,2,0,0,,N,279116,4,ANGLE,22,CLOUDY,1,DAYLIGHT,12,MOTOR VEHICLE IN TRANSPORT,WEST END AV & 27TH AVN,NASHVILLE,TN,37212,5815,MIDTOW,36.1458,-86.8108,POINT (-86.8108 36.1458)
20190291850,04/16/2019 10:45:00 AM,2,0,0,,N,212325,4,ANGLE,21,CLEAR,1,DAYLIGHT,12,MOTOR VEHICLE IN TRANSPORT,DICKERSON PKE & TUCKAHOE DR,MADISON,TN,37115,2019,MADISO,36.2604,-86.7577,POINT (-86.7577 36.2604)
20190111045,02/10/2019 07:44:00 PM,2,0,0,,Y,256379,5,SIDESWIPE - SAME DIRECTION,2,RAIN,3,DARK - LIGHTED,12,MOTOR VEHICLE IN TRANSPORT,MM 53 3 I 24,NASHVILLE,TN,37210,88141,SOUTH,36.1146,-86.7245,POINT (-86.7245 36.1146)
20190387901,05/21/2019 11:54:00 AM,2,0,0,Y,N,226136,4,ANGLE,22,CLOUDY,1,DAYLIGHT,12,MOTOR VEHICLE IN TRANSPORT,MM 77 4 I 65,NASHVILLE,TN,37220,86042,MIDTOW,36.0772,-86.7665,POINT (-86.7665 36.0772)
20190077538,01/29/2019 06:20:00 PM,2,0,0,,N,256383,11,Front to Rear,21,CLEAR,3,DARK - LIGHTED,12,MOTOR VEHICLE IN TRANSPORT,NOLENSVILLE PKE & TUSCULUM RD,NASHVILLE,TN,37211,8715,SOUTH,36.0587,-86.7162,POINT (-86.7162 36.0587)
20190132978,02/18/2019 04:25:00 PM,2,0,0,,N,240979,5,SIDESWIPE - SAME DIRECTION,21,CLEAR,1,DAYLIGHT,12,MOTOR VEHICLE IN TRANSPORT,OLD HICKORY BLVDW & I65 N ENT RAMP,MADISON,TN,37115,1777,MADISO,36.2643,-86.7361,POINT (-86.7361 36.2643)
20190236745,03/27/2019 05:40:00 AM,1,0,0,,N,330440,0,NOT COLLISION W/MOTOR VEHICLE-TRANSPORT,21,CLEAR,3,DARK - LIGHTED,18,OTHER OBJECT (NOT FIXED),I24 W EXT RAMP & I 24,NASHVILLE,TN,37211,8829,SOUTH,36.1074,-86.7197,POINT (-86.7197 36.1074)
20190238454,03/27/2019 06:55:00 PM,2,0,0,,Y,330413,11,Front to Rear,21,CLEAR,3,DARK - LIGHTED,12;7,MOTOR VEHICLE IN TRANSPORT,MONTROSE AV & 10TH AVS,NASHVILLE,TN,37204,6927,MIDTOW,36.1234,-86.7864,POINT (-86.7864 36.1234)
20190194064,03/12/2019 12:08:00 PM,2,0,0,,N,267831,4,ANGLE,21,CLEAR,1,DAYLIGHT,12,MOTOR VEHICLE IN TRANSPORT,CHARLOTTE PKE & MIDLAND AV,NASHVILLE,TN,37209,5033,WEST,36.1499,-86.8591,POINT (-86.8591 36.1499)
20190569471,07/31/2019 01:26:00 PM,2,1,0,,N,876573,4,ANGLE,21,CLEAR,1,DAYLIGHT,12;14;30,MOTOR VEHICLE IN TRANSPORT;PARKED MOTOR VEHICLE;UTILITY POLE,MT VIEW RD & TRU LONG DR,ANTIOCH,TN,37013,8977,SOUTH,36.0669,-86.5998,POINT (-86.5998 36.0669)
20190438540,06/09/2019 10:00:00 AM,3,4,0,,N,299249,4,ANGLE,21,CLEAR,1,DAYLIGHT,12,MOTOR VEHICLE IN TRANSPORT,OLD HICKORY BLVD & LEBANON PKE WB EXT RA,OLD HICKORY,TN,37138,9739,HERMIT,36.1998,-86.6207,POINT (-86.6207 36.1998)
20190516710,07/10/2019 08:46:00 AM,2,0,0,,N,226168,4,ANGLE,21,CLEAR,1,DAYLIGHT,12,MOTOR VEHICLE IN TRANSPORT,MURFREESBORO PKE & MURFREESBORO PKE RAMP,NASHVILLE,TN,37217,8849,SOUTH,36.0951,-86.6541,POINT (-86.6541 36.0951)
20190036156,01/14/2019 08:00:00 PM,2,0,0,,N,330427,11,Front to Rear,21,CLEAR,2,DARK - NOT LIGHTED,12;24,MOTOR VEHICLE IN TRANSPORT;GUARDRAIL FACE,ELLINGTON PKWYN & ELLINGTON PKWYS,NASHVILLE,TN,37216,1890,EAST,36.2227,-86.7464,POINT (-86.7464 36.2227)
20190296662,04/17/2019 05:58:00 PM,2,0,0,,Y,240957,4,ANGLE,21,CLEAR,5,DUSK,12,MOTOR VEHICLE IN TRANSPORT,EDMONDSON PKE & BONNIE BRIDGE RD,NASHVILLE,TN,37211,8651,MIDTOW,36.039,-86.7434,POINT (-86.7434 36.039)
20190441709,06/10/2019 05:12:00 PM,2,1,0,,N,206675,11,Front to Rear,21,CLEAR,1,DAYLIGHT,12,MOTOR VEHICLE IN TRANSPORT,MM 82 2 I 65,NASHVILLE,TN,37203,6804,MIDTOW,36.1456,-86.7776,POINT (-86.7776 36.1456)
20190477617,06/24/2019 04:00:00 PM,3,0,0,,Y,330435,5,SIDESWIPE - SAME DIRECTION,21,CLEAR,1,DAYLIGHT,12,MOTOR VEHICLE IN TRANSPORT,JEFFERSON ST & 1ST AVN,NASHVILLE,TN,37201,4231,CENTRA,36.176,-86.7806,POINT (-86.7806 36.176)
20190453941,06/14/2019 10:47:00 PM,2,1,0,Y,Y,299254,0,NOT COLLISION W/MOTOR VEHICLE-TRANSPORT,21,CLEAR,3,DARK - LIGHTED,12;18;40,MOTOR VEHICLE IN TRANSPORT;OTHER OBJECT (NOT FIXED);MAIL BOX,PICCADILLY ROW & WOBURN WAY,NASHVILLE,TN,37217,8853,SOUTH,36.0814,-86.6635,POINT (-86.6635 36.0814)
20190443716,06/11/2019 10:30:00 AM,1,0,0,,N,676834,0,NOT COLLISION W/MOTOR VEHICLE-TRANSPORT,21,CLEAR,1,DAYLIGHT,16,THROWN OR FALLING OBJECT,MM 40 2 I 24,WHITES CREEK,TN,37189,3314,NORTH,36.2809,-86.804,POINT (-86.804 36.2809)
20190177125,03/06/2019 06:13:00 AM,2,0,0,,N,405424,6,SIDESWIPE - OPPOSITE DIRECTION,98,OTHER (NARRATIVE),4,DAWN,12;33,MOTOR VEHICLE IN TRANSPORT;CURB,BELL RD & STEWARTS FERRY PIKE,NASHVILLE,TN,37214,8955,HERMIT,36.1522,-86.625,POINT (-86.625 36.1522)
20190142059,02/21/2019 01:50:00 PM,2,1,0,,N,714648,11,Front to Rear,22,CLOUDY,1,DAYLIGHT,12,MOTOR VEHICLE IN TRANSPORT,DELLWAY VILLA RD & DICKERSON PKE,NASHVILLE,TN,37207,1831,EAST,36.2128,-86.7608,POINT (-86.7608 36.2128)
20190049696,01/19/2019 05:15:00 PM,2,0,0,,N,279200,5,SIDESWIPE - SAME DIRECTION,22,CLOUDY,3,DARK - LIGHTED,14,PARKED MOTOR VEHICLE,PINE ST & 12TH AVS,NASHVILLE,TN,37203,4015,CENTRA,36.1522,-86.7858,POINT (-86.7858 36.1522)
20190559845,07/27/2019 12:00:00 PM,2,1,0,,N,278580,11,Front to Rear,21,CLEAR,1,DAYLIGHT,12,MOTOR VEHICLE IN TRANSPORT,MM 37 8 I 24,WHITES CREEK,TN,37189,33181,NORTH,36.3095,-86.8254,POINT (-86.8254 36.3095)
20190236893,03/27/2019 07:55:00 AM,4,0,0,,Y,330431,11,Front to Rear,21,CLEAR,1,DAYLIGHT,12,MOTOR VEHICLE IN TRANSPORT,MM 6 0 I 440,NASHVILLE,TN,37211,81060,MIDTOW,36.1217,-86.7565,POINT (-86.7565 36.1217)
20190060814,01/22/2019 07:44:00 PM,2,0,0,,Y,240947,4,ANGLE,2,RAIN,3,DARK - LIGHTED,12,MOTOR VEHICLE IN TRANSPORT,LEBANON PKE & LADY NASHVILLE DR,HERMITAGE,TN,37076,9525,HERMIT,36.2159,-86.5862,POINT (-86.5862 36.2159)
20190529318,07/15/2019 03:07:00 PM,2,0,0,,N,352188,11,Front to Rear,21,CLEAR,1,DAYLIGHT,12,MOTOR VEHICLE IN TRANSPORT,GALLATIN PKE & E TRINITY LN,NASHVILLE,TN,37216,1837,EAST,36.205,-86.7376,POINT (-86.7376 36.205)
20190534552,07/17/2019 01:30:00 PM,2,0,0,,N,224953,11,Front to Rear,21,CLEAR,1,DAYLIGHT,12,MOTOR VEHICLE IN TRANSPORT,MM 48 8 I 24,NASHVILLE,TN,37213,1104,CENTRA,36.1682,-86.7659,POINT (-86.7659 36.1682)
20190194809,03/12/2019 03:10:00 PM,2,0,0,,Y,256383,11,Front to Rear,22,CLOUDY,1,DAYLIGHT,55,Motor Vehicle-In-Motion Outside Trafficw,13000 OLD HICKORY BLVD,ANTIOCH,TN,37013,8867,SOUTH,36.0168,-86.6199,POINT (-86.6199 36.0168)
20190267530,04/07/2019 01:27:00 PM,2,0,0,,Y,375570,4,ANGLE,22,CLOUDY,1,DAYLIGHT,12,MOTOR VEHICLE IN TRANSPORT,STATE RT 45 & DELAWARE AV,MADISON,TN,37115,1701,MADISO,36.2637,-86.7045,POINT (-86.7045 36.2637)
20190390912,05/22/2019 10:10:00 AM,2,0,0,,N,226600,4,ANGLE,22,CLOUDY,1,DAYLIGHT,14,PARKED MOTOR VEHICLE,BALDWIN ARBOR & HOBBS RD,NASHVILLE,TN,37215,6113,WEST,36.1023,-86.825,POINT (-86.825 36.1023)
20190512394,07/08/2019 03:10:00 PM,2,4,0,,N,151131,11,Front to Rear,21,CLEAR,1,DAYLIGHT,12,MOTOR VEHICLE IN TRANSPORT,I40 E EXT RAMP & I 40,NASHVILLE,TN,37214,8955,HERMIT,36.155,-86.6271,POINT (-86.6271 36.155)
20190032245,01/13/2019 09:43:00 AM,2,0,0,,N,240952,11,Front to Rear,22,CLOUDY,1,DAYLIGHT,12,MOTOR VEHICLE IN TRANSPORT,BELL RD & BROOK VIEW ESTATES DR,ANTIOCH,TN,37013,8719,SOUTH,36.0439,-86.6933,POINT (-86.6933 36.0439)
20190466479,06/19/2019 11:48:00 PM,2,2,0,,N,256382,4,ANGLE,2,RAIN,3,DARK - LIGHTED,12,MOTOR VEHICLE IN TRANSPORT,ELM HILL PKE & FESSLERS LN,NASHVILLE,TN,37210,8217,HERMIT,36.1447,-86.744,POINT (-86.744 36.1447)
20190302597,04/19/2019 03:10:00 PM,2,0,0,,Y,226136,11,Front to Rear,2,RAIN,1,DAYLIGHT,12,MOTOR VEHICLE IN TRANSPORT,NOLENSVILLE PKE & HARDING PL,NASHVILLE,TN,37211,8445,SOUTH,36.0809,-86.7267,POINT (-86.7267 36.0809)
20190014019,01/06/2019 02:37:00 PM,3,8,2,,N,262757,4,ANGLE,21,CLEAR,1,DAYLIGHT,12,MOTOR VEHICLE IN TRANSPORT,OLD MURFREESBORO PKE & FAIRCLOTH LN,NASHVILLE,TN,37217,8947,HERMIT,36.1036,-86.6665,POINT (-86.6665 36.1036)
20190378311,05/17/2019 02:30:00 PM,2,2,0,,N,330440,4,ANGLE,21,CLEAR,1,DAYLIGHT,12,MOTOR VEHICLE IN TRANSPORT,JEFFERSON ST & 14TH AVN,NASHVILLE,TN,37208,5415,NORTH,36.1707,-86.8018,POINT (-86.8018 36.1707)
20190313082,04/23/2019 01:50:00 PM,2,0,0,,N,414731,11,Front to Rear,21,CLEAR,1,DAYLIGHT,12,MOTOR VEHICLE IN TRANSPORT,HICKORY HOLLOW PKWY & MT VIEW RD,ANTIOCH,TN,37013,8859,SOUTH,36.0588,-86.6703,POINT (-86.6703 36.0588)
20190185229,03/08/2019 08:50:00 PM,2,0,0,,Y,240976,11,Front to Rear,21,CLEAR,3,DARK - LIGHTED,12,MOTOR VEHICLE IN TRANSPORT,TREVECCA AV & STROUSE AV,NASHVILLE,TN,37206,1895,EAST,36.194,-86.7452,POINT (-86.7452 36.194)
20190123256,02/14/2019 06:05:00 PM,1,2,0,Y,N,330411,0,NOT COLLISION W/MOTOR VEHICLE-TRANSPORT,21,CLEAR,3,DARK - LIGHTED,1;25;63,GUARDRAIL END;Ran Off Road-Right,BRILEY PKWYW & BRILEY PKWYE,NASHVILLE,TN,37218,3216,NORTH,36.2254,-86.8638,POINT (-86.8638 36.2254)
20190556908,07/26/2019 05:55:00 AM,3,1,0,,N,169414,11,Front to Rear,21,CLEAR,1,DAYLIGHT,12,MOTOR VEHICLE IN TRANSPORT,BRILEY PKWYS & BRILEY PKWYN,NASHVILLE,TN,37218,3212,NORTH,36.2142,-86.8724,POINT (-86.8724 36.2142)
20190089591,02/02/2019 05:24:00 PM,2,0,0,Y,Y,256383,11,Front to Rear,21,CLEAR,2,DARK - NOT LIGHTED,12;27,MOTOR VEHICLE IN TRANSPORT;H-WAY TRAFFIC SIGNAL POST,MM 61 0 I 24,ANTIOCH,TN,37013,8806,SOUTH,36.0297,-86.6374,POINT (-86.6374 36.0297)