Accident Number,Date and Time,Number of Motor Vehicles,Number of Injuries,Number of Fatalities,Property Damage,Hit and Run,Reporting Officer,Collision Type Code,Collision Type Description,Weather Code,Weather Description,Illumination Code,Illumination Description,Harmful Code,Harmful Code Description,Street Address,City,State,ZIP,RPA,Precinct,Latitude,Longitude,Mapped Location
20190313055,04/23/2019 01:40:00 PM,2,1,0,,N,134899,4,ANGLE,21,CLEAR,1,DAYLIGHT,12,MOTOR VEHICLE IN TRANSPORT,STEWARTS FERRY PKE & I40 E EXT RAMP,NASHVILLE,TN,37214,8955,HERMIT,36.1549,-86.6269,POINT (-86.6269 36.1549)
20190186954,03/09/2019 03:38:00 PM,2,2,0,,N,281611,4,ANGLE,2,RAIN,1,DAYLIGHT,12,MOTOR VEHICLE IN TRANSPORT,CHARLOTTE PKE & HIGHWAY 70S,NASHVILLE,TN,37221,4709,WEST,36.0918,-86.98,POINT (-86.98 36.0918)
20190103871,02/07/2019 06:43:00 PM,2,0,0,,N,311334,4,ANGLE,2,RAIN,3,DARK - LIGHTED,12,MOTOR VEHICLE IN TRANSPORT,BROADWAY & 7TH AVN,NASHVILLE,TN,37203,4085,CENTRA,36.1592,-86.7814,POINT (-86.7814 36.1592)
20190195532,03/12/2019 11:41:00 PM,1,0,0,Y,Y,320600,0,NOT COLLISION W/MOTOR VEHICLE-TRANSPORT,21,CLEAR,2,DARK - NOT LIGHTED,57,Cable Barrier,BRILEY PKWYS & BRILEY PKWYN,NASHVILLE,TN,37218,3212,NORTH,36.2142,-86.8724,POINT (-86.8724 36.2142)
20190348151,05/06/2019 04:45:00 PM,2,0,0,,N,256441,11,Front to Rear,21,CLEAR,1,DAYLIGHT,12,MOTOR VEHICLE IN TRANSPORT,OLD HICKORY BLVD & HICKORY SPRINGS RD,NASHVILLE,TN,37215,6305,MIDTOW,36.0413,-86.822,POINT (-86.822 36.0413)
20190243685,03/29/2019 12:10:00 PM,3,0,0,,N,676834,11,Front to Rear,22,CLOUDY,1,DAYLIGHT,12,MOTOR VEHICLE IN TRANSPORT,MM 208 2 I 40,NASHVILLE,TN,37208,54023,NORTH,36.1681,-86.7964,POINT (-86.7964 36.1681)
20190421887,06/03/2019 12:00:00 AM,1,3,0,,N,298859,0,NOT COLLISION W/MOTOR VEHICLE-TRANSPORT,21,CLEAR,2,DARK - NOT LIGHTED,1;34,DITCH,BELL RD & ELM HILL PKE,NASHVILLE,TN,37214,8995,HERMIT,36.1411,-86.628,POINT (-86.628 36.1411)
20190205921,03/16/2019 03:15:00 PM,2,0,0,,N,320577,4,ANGLE,21,CLEAR,1,DAYLIGHT,12,MOTOR VEHICLE IN TRANSPORT,MILL CREEK WHITTLEMORE GRNWY & SWISS AV,ANTIOCH,TN,37013,8757,SOUTH,36.0424,-86.7129,POINT (-86.7129 36.0424)
20190452147,06/14/2019 08:24:00 AM,2,1,0,,N,538214,4,ANGLE,21,CLEAR,1,DAYLIGHT,12,MOTOR VEHICLE IN TRANSPORT,10TH CIRN & ROSA L PARKS BLVD,NASHVILLE,TN,37219,4203,CENTRA,36.1673,-86.7882,POINT (-86.7882 36.1673)
20190324815,04/27/2019 12:15:00 PM,2,0,0,,Y,240966,6,SIDESWIPE - OPPOSITE DIRECTION,21,CLEAR,1,DAYLIGHT,12,MOTOR VEHICLE IN TRANSPORT,DICKERSON PKE & GORDON TER,NASHVILLE,TN,37207,1831,EAST,36.2127,-86.7648,POINT (-86.7648 36.2127)
20190115137,02/12/2019 06:50:00 AM,2,0,0,,N,224960,98,OTHER,2,RAIN,1,DAYLIGHT,12;14,MOTOR VEHICLE IN TRANSPORT;PARKED MOTOR VEHICLE,WALTON LN & MAPLEWOOD TRC,NASHVILLE,TN,37216,1899,EAST,36.2342,-86.7506,POINT (-86.7506 36.2342)
20190004354,01/02/2019 04:05:00 PM,1,0,0,,N,256386,0,NOT COLLISION W/MOTOR VEHICLE-TRANSPORT,21,CLEAR,5,DUSK,50,DEER (ANIMAL),BELL RD & HARBORWOOD DR,NASHVILLE,TN,37214,8989,HERMIT,36.1327,-86.6292,POINT (-86.6292 36.1327)
20190524096,07/13/2019 04:40:00 AM,1,1,0,Y,N,320598,0,NOT COLLISION W/MOTOR VEHICLE-TRANSPORT,21,CLEAR,2,DARK - NOT LIGHTED,30,UTILITY POLE,NOLENSVILLE PKE & PETTUS RD,ANTIOCH,TN,37013,8767,SOUTH,35.9955,-86.6879,POINT (-86.6879 35.9955)
20190049070,01/19/2019 08:17:00 AM,1,0,0,Y,N,320586,0,NOT COLLISION W/MOTOR VEHICLE-TRANSPORT,2,RAIN,1,DAYLIGHT,30;38,UTILITY POLE;FENCE,ANTIOCH PKE & HARDING PL,NASHVILLE,TN,37211,8843,SOUTH,36.088,-86.6927,POINT (-86.6927 36.088)
20190364022,05/12/2019 04:05:00 PM,2,0,0,,N,240955,4,ANGLE,22,CLOUDY,1,DAYLIGHT,13,MOTOR VEHICLE IN TRANSPORT-OTHER ROADWAY,NOLENSVILLE PKE & CONCORD RD,NASHVILLE,TN,37211,8651,MIDTOW,36.0042,-86.6916,POINT (-86.6916 36.0042)
20190147288,02/23/2019 09:50:00 AM,2,0,0,,N,343522,11,Front to Rear,2,RAIN,1,DAYLIGHT,12,MOTOR VEHICLE IN TRANSPORT,OLD HICKORY BLVD & SONYA DR,NASHVILLE,TN,37205,4903,WEST,36.1355,-86.8861,POINT (-86.8861 36.1355)
20190289555,04/15/2019 05:27:00 PM,2,0,0,,N,267831,11,Front to Rear,21,CLEAR,1,DAYLIGHT,12,MOTOR VEHICLE IN TRANSPORT,HIGHWAY 100 & OLD HICKORY BLVD,NASHVILLE,TN,37221,6213,WEST,36.0609,-86.9153,POINT (-86.9153 36.0609)
20190409334,05/29/2019 06:54:00 AM,2,1,0,,N,226622,11,Front to Rear,21,CLEAR,1,DAYLIGHT,12,MOTOR VEHICLE IN TRANSPORT,COCKRILL BEND BLVD & WESTBELT DR,NASHVILLE,TN,37209,4641,WEST,36.1709,-86.8773,POINT (-86.8773 36.1709)
20190502652,07/03/2019 08:00:00 PM,2,0,0,,Y,206675,11,Front to Rear,21,CLEAR,3,DARK - LIGHTED,12,MOTOR VEHICLE IN TRANSPORT,31ST AVN & POSTON AV,NASHVILLE,TN,37203,5625,MIDTOW,36.1443,-86.8165,POINT (-86.8165 36.1443)
20190110354,02/10/2019 12:26:00 PM,2,0,0,,N,320601,11,Front to Rear,2,RAIN,1,DAYLIGHT,12,MOTOR VEHICLE IN TRANSPORT,BELL FORGE LNE & BELL RD,ANTIOCH,TN,37013,8865,SOUTH,36.0505,-86.6468,POINT (-86.6468 36.0505)
20190340411,05/03/2019 10:57:00 AM,3,3,0,,N,769379,11,Front to Rear,22,CLOUDY,1,DAYLIGHT,12,MOTOR VEHICLE IN TRANSPORT,MM 54 8 I 24,NASHVILLE,TN,37211,8812,SOUTH,36.0968,-86.7085,POINT (-86.7085 36.0968)
20190344219,05/05/2019 12:00:00 AM,1,0,0,Y,Y,284059,0,NOT COLLISION W/MOTOR VEHICLE-TRANSPORT,2,RAIN,3,DARK - LIGHTED,40;42,MAIL BOX;TREE,MOORMANS ARM RD & CRAVATH DR,NASHVILLE,TN,37207,3033,NORTH,36.2177,-86.8078,POINT (-86.8078 36.2177)
20190526704,07/14/2019 12:30:00 PM,2,0,0,,Y,224464,5,SIDESWIPE - SAME DIRECTION,21,CLEAR,1,DAYLIGHT,12,MOTOR VEHICLE IN TRANSPORT,17TH AVN & DR D B TODD JR BLVD,NASHVILLE,TN,37208,4455,NORTH,36.1789,-86.8103,POINT (-86.8103 36.1789)
20190118657,02/13/2019 07:33:00 AM,2,0,0,,N,343522,11,Front to Rear,21,CLEAR,1,DAYLIGHT,12,MOTOR VEHICLE IN TRANSPORT,HIGHWAY 100 & HARPETH RIV HARPETH BEND G,NASHVILLE,TN,37221,4807,WEST,36.0516,-86.9343,POINT (-86.9343 36.0516)
20190580080,08/04/2019 08:15:00 PM,1,1,0,,N,352161,0,NOT COLLISION W/MOTOR VEHICLE-TRANSPORT,22,CLOUDY,3,DARK - LIGHTED,7,,MM 85 5 I 65,NASHVILLE,TN,37208,4304,CENTRA,36.1888,-86.793,POINT (-86.793 36.1888)
20190247358,03/31/2019 12:30:00 AM,2,0,0,,Y,311338,4,ANGLE,22,CLOUDY,3,DARK - LIGHTED,14,PARKED MOTOR VEHICLE,MORENA ST & 21ST AVN,NASHVILLE,TN,37208,5331,NORTH,36.1648,-86.8081,POINT (-86.8081 36.1648)
20190568049,07/30/2019 10:37:00 PM,2,0,0,,Y,110090,2,HEAD-ON,21,CLEAR,2,DARK - NOT LIGHTED,12;39,MOTOR VEHICLE IN TRANSPORT;WALL,CULBERTSON RD & MILL CREEK LENOX VILLAGE,ANTIOCH,TN,37013,8767,SOUTH,36.0123,-86.6879,POINT (-86.6879 36.0123)
20190093981,02/04/2019 02:48:00 PM,2,0,0,,N,330422,4,ANGLE,22,CLOUDY,1,DAYLIGHT,12,MOTOR VEHICLE IN TRANSPORT,ARDEE AV & KENNEDY AV,NASHVILLE,TN,37216,1423,EAST,36.2155,-86.7197,POINT (-86.7197 36.2155)
20190223536,03/22/2019 12:00:00 PM,2,0,0,,N,330411,11,Front to Rear,21,CLEAR,1,DAYLIGHT,12,MOTOR VEHICLE IN TRANSPORT,ACKLEN AV & 21ST AVS,NASHVILLE,TN,37212,6607,MIDTOW,36.1358,-86.801,POINT (-86.801 36.1358)
20190107289,02/09/2019 12:15:00 AM,3,0,0,,N,311800,11,Front to Rear,21,CLEAR,3,DARK - LIGHTED,12,MOTOR VEHICLE IN TRANSPORT,2ND AVS & LEA AV,NASHVILLE,TN,37210,4033,CENTRA,36.1554,-86.7709,POINT (-86.7709 36.1554)
20190033143,01/13/2019 08:50:00 PM,2,0,0,,N,197054,2,HEAD-ON,21,CLEAR,3,DARK - LIGHTED,12,MOTOR VEHICLE IN TRANSPORT,MURFREESBORO PKE & MILLWOOD DR,NASHVILLE,TN,37217,8815,HERMIT,36.1295,-86.7147,POINT (-86.7147 36.1295)
20190207436,03/17/2019 07:52:00 AM,1,0,0,,Y,279116,0,NOT COLLISION W/MOTOR VEHICLE-TRANSPORT,21,CLEAR,1,DAYLIGHT,39,WALL,MM 81 7 I 65,NASHVILLE,TN,37203,8006,MIDTOW,36.1384,-86.7758,POINT (-86.7758 36.1384)
20190288130,04/15/2019 07:03:00 AM,2,0,0,,N,212369,11,Front to Rear,21,CLEAR,1,DAYLIGHT,12,MOTOR VEHICLE IN TRANSPORT,NOLENSVILLE PKE & WELSHWOOD DR,NASHVILLE,TN,37211,8501,MIDTOW,36.0826,-86.7273,POINT (-86.7273 36.0826)
20190186729,03/09/2019 12:53:00 PM,2,2,0,,N,240952,4,ANGLE,2,RAIN,1,DAYLIGHT,12,MOTOR VEHICLE IN TRANSPORT,CANE RIDGE RD & TARGET DR,ANTIOCH,TN,37013,8753,SOUTH,36.0428,-86.6616,POINT (-86.6616 36.0428)
20190459701,06/17/2019 01:19:00 PM,2,0,0,,N,594473,11,Front to Rear,21,CLEAR,1,DAYLIGHT,12,MOTOR VEHICLE IN TRANSPORT,NOLENSVILLE PKE & HARDING PL,NASHVILLE,TN,37211,8445,SOUTH,36.0809,-86.7267,POINT (-86.7267 36.0809)
20190231713,03/25/2019 12:00:00 AM,2,0,0,,N,298868,11,Front to Rear,22,CLOUDY,1,DAYLIGHT,12,MOTOR VEHICLE IN TRANSPORT,MM 7 2 I 440,NASHVILLE,TN,37210,83043,SOUTH,36.1251,-86.7339,POINT (-86.7339 36.1251)
20190566218,07/30/2019 08:37:00 AM,2,0,0,,Y,485261,4,ANGLE,21,CLEAR,1,DAYLIGHT,12,MOTOR VEHICLE IN TRANSPORT,HERMITAGE AV & PEABODY ST,NASHVILLE,TN,37201,4047,CENTRA,36.1622,-86.7744,POINT (-86.7744 36.1622)
20190520486,07/11/2019 06:07:00 PM,2,0,0,,Y,716884,4,ANGLE,21,CLEAR,1,DAYLIGHT,12,MOTOR VEHICLE IN TRANSPORT,ROSA L PARKS BLVD & GREAT CIRCLE RD,NASHVILLE,TN,37228,4443,NORTH,36.1937,-86.807,POINT (-86.807 36.1937)
20190304321,04/20/2019 11:51:00 AM,1,0,0,Y,N,110063,0,NOT COLLISION W/MOTOR VEHICLE-TRANSPORT,2,RAIN,1,DAYLIGHT,24,GUARDRAIL FACE,MM 86 4 I 65,NASHVILLE,TN,37207,19060,EAST,36.1937,-86.7758,POINT (-86.7758 36.1937)
20190516498,07/10/2019 07:07:00 AM,2,0,0,Y,Y,716886,5,SIDESWIPE - SAME DIRECTION,21,CLEAR,1,DAYLIGHT,12;24,MOTOR VEHICLE IN TRANSPORT;GUARDRAIL FACE,I24 E ENT RAMP & I 24,NASHVILLE,TN,37213,1007,CENTRA,36.1662,-86.7659,POINT (-86.7659 36.1662)
20190184602,03/08/2019 03:39:00 PM,2,0,0,,N,256439,11,Front to Rear,2,RAIN,1,DAYLIGHT,12,MOTOR VEHICLE IN TRANSPORT,MM 211 2 I 40,NASHVILLE,TN,37210,8008,HERMIT,36.1535,-86.7564,POINT (-86.7564 36.1535)
20190385578,05/20/2019 04:29:00 PM,2,0,0,,Y,690942,4,ANGLE,21,CLEAR,1,DAYLIGHT,12;99,MOTOR VEHICLE IN TRANSPORT;UNKNOWN MOST HARMFUL EVENT,105 1ST AVS,NASHVILLE,TN,37201,4095,CENTRA,36.162,-86.7744,POINT (-86.7744 36.162)
20190024113,01/10/2019 06:16:00 AM,4,0,0,,N,212310,11,Front to Rear,21,CLEAR,4,DAWN,12,MOTOR VEHICLE IN TRANSPORT,MM 88 2 I 65,NASHVILLE,TN,37207,18041,EAST,36.2188,-86.7747,POINT (-86.7747 36.2188)
20190148772,02/23/2019 11:54:00 PM,1,0,0,,N,311326,0,NOT COLLISION W/MOTOR VEHICLE-TRANSPORT,2,RAIN,3,DARK - LIGHTED,33,CURB,CHARLOTTE AV & DR D B TODD JR BLVD,NASHVILLE,TN,37203,5505,MIDTOW,36.1581,-86.8,POINT (-86.8 36.1581)
20190554902,07/25/2019 11:30:00 AM,1,1,0,,N,693093,0,NOT COLLISION W/MOTOR VEHICLE-TRANSPORT,21,CLEAR,1,DAYLIGHT,17;72,BOULDER;EMBANKMENT ROCK/STONE/CONCRETE,ELLINGTON PKWY S EXT RAMP & ELLINGTON PK,NASHVILLE,TN,37207,1896,EAST,36.2036,-86.7507,POINT (-86.7507 36.2036)
20190144295,02/22/2019 07:45:00 AM,2,2,0,,N,628640,11,Front to Rear,2,RAIN,1,DAYLIGHT,12,MOTOR VEHICLE IN TRANSPORT,MM 56 2 I 24,NASHVILLE,TN,37211,88100,SOUTH,36.0799,-86.6961,POINT (-86.6961 36.0799)
20190532009,07/16/2019 03:15:00 PM,2,0,0,,Y,664196,11,Front to Rear,2,RAIN,1,DAYLIGHT,12,MOTOR VEHICLE IN TRANSPORT,NOLENSVILLE PKE & NORTHCREST DR,NASHVILLE,TN,37211,8711,SOUTH,36.0667,-86.7179,POINT (-86.7179 36.0667)
20190044431,01/17/2019 03:18:00 PM,2,0,0,,N,267831,11,Front to Rear,2,RAIN,1,DAYLIGHT,12,MOTOR VEHICLE IN TRANSPORT,HILLSBORO PKE & I440 E ENT RAMP,NASHVILLE,TN,37215,6419,MIDTOW,36.1216,-86.8074,POINT (-86.8074 36.1216)
20190467282,06/20/2019 06:31:00 AM,2,0,0,,N,109534,11,Front to Rear,22,CLOUDY,1,DAYLIGHT,12,MOTOR VEHICLE IN TRANSPORT,MM 213 9 I 40,NASHVILLE,TN,37217,8802,HERMIT,36.1415,-86.7148,POINT (-86.7148 36.1415)
20190244527,03/29/2019 06:40:00 PM,2,0,0,,N,320577,11,Front to Rear,21,CLEAR,1,DAYLIGHT,12,MOTOR VEHICLE IN TRANSPORT,FRANKLIN PKE & HARDING PL,NASHVILLE,TN,37204,7027,MIDTOW,36.0866,-86.772,POINT (-86.772 36.0866)
20190276431,04/10/2019 05:09:00 PM,3,0,0,,N,256389,11,Front to Rear,21,CLEAR,1,DAYLIGHT,12,MOTOR VEHICLE IN TRANSPORT,NOLENSVILLE PKE & WHITSETT RD,NASHVILLE,TN,37210,8317,SOUTH,36.0773,-86.7253,POINT (-86.7253 36.0773)
20190171757,03/04/2019 12:00:00 AM,3,0,0,,N,298877,11,Front to Rear,21,CLEAR,1,DAYLIGHT,12,MOTOR VEHICLE IN TRANSPORT,MURFREESBORO PKE & MOUNTAIN SPRINGS RD,ANTIOCH,TN,37013,8927,SOUTH,36.0478,-86.6121,POINT (-86.6121 36.0478)
20190160868,02/28/2019 07:22:00 AM,2,5,1,Y,N,716886,5,SIDESWIPE - SAME DIRECTION,21,CLEAR,1,DAYLIGHT,12;30;38,MOTOR VEHICLE IN TRANSPORT;UTILITY POLE;FENCE,MURFREESBORO PKE & MOUNTAIN SPRINGS RD,ANTIOCH,TN,37013,8927,SOUTH,36.0478,-86.6121,POINT (-86.6121 36.0478)
20190265142,04/06/2019 11:55:00 AM,2,2,0,,N,887591,4,ANGLE,21,CLEAR,1,DAYLIGHT,12,MOTOR VEHICLE IN TRANSPORT,CROSSINGS BLVD & MT VIEW RD,ANTIOCH,TN,37013,8863,SOUTH,36.0455,-86.6473,POINT (-86.6473 36.0455)
20190415359,05/31/2019 06:50:00 AM,2,0,0,,N,665896,4,ANGLE,21,CLEAR,1,DAYLIGHT,12,MOTOR VEHICLE IN TRANSPORT,RIVERSIDE DR & MCGAVOCK PKE,NASHVILLE,TN,37216,1437,EAST,36.2048,-86.7244,POINT (-86.7244 36.2048)
20190175595,03/05/2019 07:10:00 PM,2,0,0,,N,256417,11,Front to Rear,21,CLEAR,2,DARK - NOT LIGHTED,12,MOTOR VEHICLE IN TRANSPORT,CENTRAL PKE & LAKESIDE PL,HERMITAGE,TN,37076,9503,HERMIT,36.1756,-86.6154,POINT (-86.6154 36.1756)
20190266278,04/06/2019 12:00:00 AM,2,0,0,,N,240981,4,ANGLE,21,CLEAR,2,DARK - NOT LIGHTED,12,MOTOR VEHICLE IN TRANSPORT,S 5TH ST & DAVIDSON ST,NASHVILLE,TN,37213,1017,EAST,36.161,-86.7585,POINT (-86.7585 36.161)
20190224502,03/22/2019 07:15:00 PM,2,0,0,,Y,299238,5,SIDESWIPE - SAME DIRECTION,21,CLEAR,1,DAYLIGHT,12,MOTOR VEHICLE IN TRANSPORT,SPRING ST & N 1ST ST,NASHVILLE,TN,37213,1985,CENTRA,36.177,-86.7746,POINT (-86.7746 36.177)
20190422901,06/03/2019 01:10:00 PM,2,0,0,,N,716886,4,ANGLE,21,CLEAR,1,DAYLIGHT,12,MOTOR VEHICLE IN TRANSPORT,HARDING PL & ANTIOCH PKE,NASHVILLE,TN,37211,8843,SOUTH,36.0878,-86.6914,POINT (-86.6914 36.0878)
20190260588,04/04/2019 05:07:00 PM,2,0,0,,Y,256426,11,Front to Rear,22,CLOUDY,1,DAYLIGHT,12,MOTOR VEHICLE IN TRANSPORT,LEBANON PKE & BRILEY PKWY N ENT RAMP,NASHVILLE,TN,37214,9121,HERMIT,36.1685,-86.6872,POINT (-86.6872 36.1685)
20190223997,03/22/2019 12:00:00 AM,2,0,0,,N,299258,11,Front to Rear,21,CLEAR,1,DAYLIGHT,12,MOTOR VEHICLE IN TRANSPORT,MM 87 3 I 65,NASHVILLE,TN,37207,1804,EAST,36.2068,-86.7762,POINT (-86.7762 36.2068)
20190066471,01/25/2019 05:52:00 PM,2,1,0,,N,256422,4,ANGLE,21,CLEAR,3,DARK - LIGHTED,12,MOTOR VEHICLE IN TRANSPORT,JEFFERSON ST & 3RD AVN,NASHVILLE,TN,37201,4233,CENTRA,36.175,-86.7847,POINT (-86.7847 36.175)
20190177194,03/06/2019 07:02:00 AM,2,0,0,,N,834798,4,ANGLE,21,CLEAR,1,DAYLIGHT,12,MOTOR VEHICLE IN TRANSPORT,ROSEDALE AV & UTOPIA AV,NASHVILLE,TN,37211,8037,MIDTOW,36.1247,-86.7565,POINT (-86.7565 36.1247)
20190476826,06/24/2019 08:56:00 AM,2,0,0,,N,665896,11,Front to Rear,2,RAIN,1,DAYLIGHT,12,MOTOR VEHICLE IN TRANSPORT,MM 46 7 I 24,NASHVILLE,TN,37207,19060,EAST,36.1922,-86.7755,POINT (-86.7755 36.1922)
20190426162,06/04/2019 03:23:00 PM,2,0,0,,N,137872,11,Front to Rear,21,CLEAR,1,DAYLIGHT,12,MOTOR VEHICLE IN TRANSPORT,ROBINSON RD & INDUSTRIAL DR PVTDR,OLD HICKORY,TN,37138,9619,HERMIT,36.2655,-86.6642,POINT (-86.6642 36.2655)
20190320015,04/25/2019 04:43:00 PM,2,0,0,,N,256383,5,SIDESWIPE - SAME DIRECTION,22,CLOUDY,1,DAYLIGHT,12,MOTOR VEHICLE IN TRANSPORT,MM 55 5 I 24,NASHVILLE,TN,37211,8812,SOUTH,36.0886,-86.7019,POINT (-86.7019 36.0886)
20190465081,06/19/2019 01:00:00 PM,2,0,0,,N,299243,11,Front to Rear,21,CLEAR,1,DAYLIGHT,12,MOTOR VEHICLE IN TRANSPORT,MM 210 4 I 40,NASHVILLE,TN,37210,80022,SOUTH,36.1511,-86.7695,POINT (-86.7695 36.1511)
20190103764,02/07/2019 05:42:00 PM,2,0,0,,Y,151132,5,SIDESWIPE - SAME DIRECTION,2,RAIN,3,DARK - LIGHTED,12,MOTOR VEHICLE IN TRANSPORT,MM 92 3 I 65,MADISON,TN,37115,1704,MADISO,36.2653,-86.7374,POINT (-86.7374 36.2653)
20190506803,07/05/2019 03:13:00 PM,2,0,0,,N,352212,5,SIDESWIPE - SAME DIRECTION,21,CLEAR,1,DAYLIGHT,12,MOTOR VEHICLE IN TRANSPORT,OLD HICKORY BLVD & PRENTISS DR,OLD HICKORY,TN,37138,9711,HERMIT,36.2405,-86.6323,POINT (-86.6323 36.2405)
20190012372,01/05/2019 06:40:00 PM,2,2,0,,N,279208,11,Front to Rear,21,CLEAR,7,Dark-Unknown Lighting,12,MOTOR VEHICLE IN TRANSPORT,NOLENSVILLE PKE & BREWER DR,NASHVILLE,TN,37211,8715,SOUTH,36.0535,-86.715,POINT (-86.715 36.0535)
20190382769,05/19/2019 12:55:00 PM,2,2,0,,N,299243,4,ANGLE,21,CLEAR,1,DAYLIGHT,12,MOTOR VEHICLE IN TRANSPORT,13TH AVS & BROADWAY,NASHVILLE,TN,37203,4081,CENTRA,36.1557,-86.7887,POINT (-86.7887 36.1557)
20190072434,01/28/2019 07:00:00 AM,3,1,0,,N,320595,4,ANGLE,21,CLEAR,1,DAYLIGHT,12,MOTOR VEHICLE IN TRANSPORT,MURFREESBORO PKE & PLUS PARK BLVD,NASHVILLE,TN,37217,8815,HERMIT,36.1337,-86.722,POINT (-86.722 36.1337)
20190050133,01/19/2019 07:00:00 PM,2,0,0,,Y,330412,16,Rear to Side,2,RAIN,2,DARK - NOT LIGHTED,12,MOTOR VEHICLE IN TRANSPORT,INDIANA AV & 52ND AVN,NASHVILLE,TN,37209,4601,WEST,36.1564,-86.8512,POINT (-86.8512 36.1564)
20190269541,04/08/2019 08:50:00 AM,2,0,0,,N,222047,4,ANGLE,2,RAIN,1,DAYLIGHT,12,MOTOR VEHICLE IN TRANSPORT,I40 E ENT RAMP & I 40,NASHVILLE,TN,37205,4903,WEST,36.1109,-86.922,POINT (-86.922 36.1109)
20190449600,06/13/2019 11:48:00 AM,2,0,0,,N,834798,5,SIDESWIPE - SAME DIRECTION,21,CLEAR,1,DAYLIGHT,12,MOTOR VEHICLE IN TRANSPORT,MM 3 0 I 440,NASHVILLE,TN,37215,6424,MIDTOW,36.1201,-86.8026,POINT (-86.8026 36.1201)
20190392950,05/23/2019 02:35:00 AM,1,0,0,,Y,240964,0,NOT COLLISION W/MOTOR VEHICLE-TRANSPORT,21,CLEAR,2,DARK - NOT LIGHTED,30;40;64,UTILITY POLE;MAIL BOX;Ran Off Road-Left,OLD HICKORY BLVD & STEWARTS FERRY PKE,HERMITAGE,TN,37076,9555,HERMIT,36.1464,-86.5956,POINT (-86.5956 36.1464)
20190514967,07/09/2019 02:55:00 PM,2,0,0,,N,197070,5,SIDESWIPE - SAME DIRECTION,21,CLEAR,1,DAYLIGHT,12,MOTOR VEHICLE IN TRANSPORT,MM 208 2 I 40,NASHVILLE,TN,37208,54023,NORTH,36.1681,-86.7964,POINT (-86.7964 36.1681)
20190031341,01/12/2019 10:25:00 PM,2,0,0,,N,320578,11,Front to Rear,21,CLEAR,2,DARK - NOT LIGHTED,12,MOTOR VEHICLE IN TRANSPORT,BELL RD & CEDAR POINTE PKWY,ANTIOCH,TN,37013,8753,SOUTH,36.0449,-86.6671,POINT (-86.6671 36.0449)
20190116543,02/12/2019 04:30:00 PM,1,1,0,,N,240957,0,NOT COLLISION W/MOTOR VEHICLE-TRANSPORT,21,CLEAR,1,DAYLIGHT,34;36,DITCH;CONCRETE TRAFFIC BARRIER,I440 W EXT RAMP & I 440,NASHVILLE,TN,37212,6501,MIDTOW,36.122,-86.804,POINT (-86.804 36.122)
20190457954,06/16/2019 09:48:00 PM,2,0,0,,N,415780,11,Front to Rear,21,CLEAR,3,DARK - LIGHTED,12,MOTOR VEHICLE IN TRANSPORT,THOMPSON LN & NOLENSVILLE PKE,NASHVILLE,TN,37211,8519,MIDTOW,36.1109,-86.7452,POINT (-86.7452 36.1109)
20190031789,01/13/2019 12:00:00 AM,1,0,0,Y,Y,320578,0,NOT COLLISION W/MOTOR VEHICLE-TRANSPORT,2,RAIN,3,DARK - LIGHTED,24,GUARDRAIL FACE,TUSCULUM RD & HICKORY GLADE DR,NASHVILLE,TN,37211,8715,SOUTH,36.0597,-86.7049,POINT (-86.7049 36.0597)
20190072713,01/28/2019 09:02:00 AM,3,3,0,,N,665896,11,Front to Rear,21,CLEAR,1,DAYLIGHT,12,MOTOR VEHICLE IN TRANSPORT,ELLINGTON PKWYS & SPRING ST ENT RAMP,NASHVILLE,TN,37207,19961,EAST,36.1766,-86.7658,POINT (-86.7658 36.1766)
20190563538,07/29/2019 06:22:00 AM,3,0,0,,N,716886,11,Front to Rear,21,CLEAR,1,DAYLIGHT,12,MOTOR VEHICLE IN TRANSPORT,MM 60 5 I 24,ANTIOCH,TN,37013,88060,SOUTH,36.0349,-86.6432,POINT (-86.6432 36.0349)
20190061855,01/24/2019 06:38:00 AM,2,0,0,,N,224955,4,ANGLE,22,CLOUDY,2,DARK - NOT LIGHTED,12,MOTOR VEHICLE IN TRANSPORT,MYATT DR & SPRING BRANCH DR,MADISON,TN,37115,1721,MADISO,36.2938,-86.6964,POINT (-86.6964 36.2938)
20190095660,02/05/2019 03:55:00 AM,2,0,0,,Y,279213,5,SIDESWIPE - SAME DIRECTION,2,RAIN,3,DARK - LIGHTED,12,MOTOR VEHICLE IN TRANSPORT,MM 95 1 I 65,GOODLETTSVILLE,TN,37072,1706,MADISO,36.2999,-86.7119,POINT (-86.7119 36.2999)
20190073759,01/28/2019 12:00:00 AM,2,1,0,,N,256419,11,Front to Rear,21,CLEAR,1,DAYLIGHT,12,MOTOR VEHICLE IN TRANSPORT,JEFFERSON ST & 17TH AVN,NASHVILLE,TN,37208,5409,NORTH,36.1697,-86.8056,POINT (-86.8056 36.1697)
20190341057,05/03/2019 03:50:00 PM,2,1,0,,N,206675,11,Front to Rear,21,CLEAR,1,DAYLIGHT,12,MOTOR VEHICLE IN TRANSPORT,OLD HICKORY BLVD & FRANKLIN PIKE CIR,BRENTWOOD,TN,37027,8623,MIDTOW,36.0405,-86.7801,POINT (-86.7801 36.0405)
20190359090,05/10/2019 11:46:00 AM,2,0,0,Y,N,191578,4,ANGLE,22,CLOUDY,1,DAYLIGHT,12;24,MOTOR VEHICLE IN TRANSPORT;GUARDRAIL FACE,MM 215 9 I 40,NASHVILLE,TN,37217,89020,HERMIT,36.1421,-86.6786,POINT (-86.6786 36.1421)