Accident Number,Date and Time,Number of Motor Vehicles,Number of Injuries,Number of Fatalities,Property Damage,Hit and Run,Reporting Officer,Collision Type Code,Collision Type Description,Weather Code,Weather Description,Illumination Code,Illumination Description,Harmful Code,Harmful Code Description,Street Address,City,State,ZIP,RPA,Precinct,Latitude,Longitude,Mapped Location
20190522905,07/12/2019 05:07:00 PM,2,0,0,,N,279225,11,Front to Rear,21,CLEAR,1,DAYLIGHT,12,MOTOR VEHICLE IN TRANSPORT,BRILEY PKWYN & CORPORATE DR,NASHVILLE,TN,37217,8998,HERMIT,36.1343,-86.6974,POINT (-86.6974 36.1343)
20190388368,05/21/2019 11:19:00 AM,2,0,0,,N,352205,4,ANGLE,21,CLEAR,1,DAYLIGHT,12,MOTOR VEHICLE IN TRANSPORT,GALLATIN AV & MCKENNIE AV,NASHVILLE,TN,37206,1321,EAST,36.1916,-86.745,POINT (-86.745 36.1916)
20190052371,01/19/2019 12:00:00 AM,2,0,0,,Y,279117,2,HEAD-ON,99,UNKNOWN,9,UNKNOWN,12,MOTOR VEHICLE IN TRANSPORT,LENORE ST & CAYCE PLACE PVTDR,NASHVILLE,TN,37206,1027,EAST,36.1654,-86.7525,POINT (-86.7525 36.1654)
20190295001,04/17/2019 08:25:00 AM,1,0,0,,N,224955,0,NOT COLLISION W/MOTOR VEHICLE-TRANSPORT,22,CLOUDY,1,DAYLIGHT,30,UTILITY POLE,NESBITT LN & NESBITT LN PVTDR,MADISON,TN,37115,1765,MADISO,36.2732,-86.7142,POINT (-86.7142 36.2732)
20190390293,05/22/2019 05:58:00 AM,2,0,0,,N,169414,4,ANGLE,21,CLEAR,1,DAYLIGHT,12,MOTOR VEHICLE IN TRANSPORT,MURFREESBORO PKE & BELL RD,ANTIOCH,TN,37013,8865,SOUTH,36.072,-86.636,POINT (-86.636 36.072)
20190260542,04/04/2019 05:32:00 PM,2,1,0,,N,267831,4,ANGLE,22,CLOUDY,1,DAYLIGHT,12,MOTOR VEHICLE IN TRANSPORT,WOODLAWN DR & WILSON BLVDS,NASHVILLE,TN,37215,6015,WEST,36.1244,-86.8333,POINT (-86.8333 36.1244)
20190449228,06/13/2019 08:56:00 AM,2,0,0,,Y,462494,11,Front to Rear,21,CLEAR,1,DAYLIGHT,12,MOTOR VEHICLE IN TRANSPORT,HARDING PL & I65 S ENT RAMP,NASHVILLE,TN,37220,7101,MIDTOW,36.0827,-86.7651,POINT (-86.7651 36.0827)
20190489165,06/28/2019 04:25:00 PM,2,0,0,,N,298868,11,Front to Rear,21,CLEAR,1,DAYLIGHT,12,MOTOR VEHICLE IN TRANSPORT,HARDING PKE & HIGHWAY 100,NASHVILLE,TN,37205,6209,WEST,36.0997,-86.8714,POINT (-86.8714 36.0997)
20190050361,01/19/2019 10:59:00 PM,1,1,0,,N,298879,0,NOT COLLISION W/MOTOR VEHICLE-TRANSPORT,4,SNOW,2,DARK - NOT LIGHTED,50,DEER (ANIMAL),HIGHWAY 100 & FAIRVIEW BLVD,NASHVILLE,TN,37221,4805,WEST,36.0143,-87.0404,POINT (-87.0404 36.0143)
20190189289,03/10/2019 06:37:00 PM,2,0,0,,Y,320585,11,Front to Rear,21,CLEAR,3,DARK - LIGHTED,12,MOTOR VEHICLE IN TRANSPORT,BRILEY PKWY S EXT RAMP & BRILEY PKWYS,NASHVILLE,TN,37214,9209,HERMIT,36.1924,-86.6874,POINT (-86.6874 36.1924)
20190246102,03/30/2019 11:45:00 AM,2,0,0,,N,584947,5,SIDESWIPE - SAME DIRECTION,22,CLOUDY,1,DAYLIGHT,12,MOTOR VEHICLE IN TRANSPORT,4TH AVS & CARNEY ST,NASHVILLE,TN,37210,8127,SOUTH,36.1388,-86.7625,POINT (-86.7625 36.1388)
20190496005,07/01/2019 03:25:00 PM,2,0,0,,N,309262,11,Front to Rear,21,CLEAR,1,DAYLIGHT,12,MOTOR VEHICLE IN TRANSPORT,OLD HICKORY BLVDW & N GRAYCROFT AV,MADISON,TN,37115,1777,MADISO,36.2644,-86.7324,POINT (-86.7324 36.2644)
20190073032,01/28/2019 11:39:00 AM,1,1,0,,N,716886,0,NOT COLLISION W/MOTOR VEHICLE-TRANSPORT,21,CLEAR,1,DAYLIGHT,8,PEDESTRIAN,MURFREESBORO PKE & MILLWOOD DR,NASHVILLE,TN,37217,8873,SOUTH,36.1296,-86.7149,POINT (-86.7149 36.1296)
20190309236,04/22/2019 01:54:00 PM,2,2,0,,N,330431,4,ANGLE,21,CLEAR,1,DAYLIGHT,12,MOTOR VEHICLE IN TRANSPORT,HICKORY HOLLOW PKWY & HICKORY HOLLOW LN,ANTIOCH,TN,37013,8863,SOUTH,36.0465,-86.6546,POINT (-86.6546 36.0465)
20190254561,04/02/2019 05:05:00 PM,2,0,0,,N,256441,4,ANGLE,21,CLEAR,1,DAYLIGHT,12,MOTOR VEHICLE IN TRANSPORT,I65 S EXT RAMP & OLD HICKORY BLVD,NASHVILLE,TN,37220,7111,MIDTOW,36.0378,-86.7847,POINT (-86.7847 36.0378)
20190165974,03/02/2019 12:00:00 AM,2,0,0,,Y,311340,5,SIDESWIPE - SAME DIRECTION,21,CLEAR,3,DARK - LIGHTED,12;14,MOTOR VEHICLE IN TRANSPORT;PARKED MOTOR VEHICLE,CHURCH ST & 18TH AVN,NASHVILLE,TN,37203,5521,MIDTOW,36.155,-86.7975,POINT (-86.7975 36.155)
20190542326,07/20/2019 12:00:00 AM,1,0,0,Y,Y,320586,0,NOT COLLISION W/MOTOR VEHICLE-TRANSPORT,99,UNKNOWN,9,UNKNOWN,38,FENCE,TAYLOR RD & OLD GOINS RD,NASHVILLE,TN,37211,8701,SOUTH,36.0734,-86.7203,POINT (-86.7203 36.0734)
20180009081,01/04/2019 09:17:00 AM,2,0,0,,N,676834,11,Front to Rear,2,RAIN,1,DAYLIGHT,12,MOTOR VEHICLE IN TRANSPORT,MM 87 7 I 65,NASHVILLE,TN,37207,1804,EAST,36.2114,-86.7757,POINT (-86.7757 36.2114)
20190178465,03/06/2019 03:13:00 PM,2,0,0,,N,151132,11,Front to Rear,21,CLEAR,1,DAYLIGHT,12,MOTOR VEHICLE IN TRANSPORT,RIVERCHASE BLVD & GALLATIN PKEN,MADISON,TN,37115,1721,MADISO,36.3086,-86.6815,POINT (-86.6815 36.3086)
20190141556,02/21/2019 10:35:00 AM,2,0,0,,N,676834,5,SIDESWIPE - SAME DIRECTION,21,CLEAR,1,DAYLIGHT,12,MOTOR VEHICLE IN TRANSPORT,CLARKSVILLE PKE & CLIFF DR,NASHVILLE,TN,37218,3157,NORTH,36.1923,-86.8291,POINT (-86.8291 36.1923)
20190557399,07/26/2019 10:20:00 AM,2,0,0,,N,716886,11,Front to Rear,21,CLEAR,1,DAYLIGHT,12,MOTOR VEHICLE IN TRANSPORT,ANTIOCH PKE & BLUE HOLE RD,ANTIOCH,TN,37013,8859,SOUTH,36.0899,-86.6342,POINT (-86.6342 36.0899)
20190488835,06/28/2019 12:00:00 PM,2,0,0,,N,226622,4,ANGLE,21,CLEAR,1,DAYLIGHT,12,MOTOR VEHICLE IN TRANSPORT,BRILEY PKWY & I40 W EXT RAMP,NASHVILLE,TN,37209,4696,WEST,36.153,-86.8576,POINT (-86.8576 36.153)
20190356965,05/09/2019 05:10:00 PM,2,0,0,,N,320580,5,SIDESWIPE - SAME DIRECTION,21,CLEAR,1,DAYLIGHT,12,MOTOR VEHICLE IN TRANSPORT,MM 51 6 I 24,NASHVILLE,TN,37210,82061,HERMIT,36.1403,-86.7313,POINT (-86.7313 36.1403)
20190420756,06/02/2019 02:34:00 PM,2,1,0,,N,584947,2,HEAD-ON,21,CLEAR,1,DAYLIGHT,12,MOTOR VEHICLE IN TRANSPORT,17TH AVN & CHARLOTTE AV,NASHVILLE,TN,37203,5503,MIDTOW,36.1588,-86.7982,POINT (-86.7982 36.1588)
20190101286,02/06/2019 03:12:00 PM,2,0,0,,N,279124,11,Front to Rear,2,RAIN,1,DAYLIGHT,12,MOTOR VEHICLE IN TRANSPORT,THOMPSON LN & SIMMONS AV,NASHVILLE,TN,37211,8425,SOUTH,36.1106,-86.7413,POINT (-86.7413 36.1106)
20190549918,07/23/2019 04:12:00 PM,3,0,0,,Y,212331,4,ANGLE,21,CLEAR,1,DAYLIGHT,12,MOTOR VEHICLE IN TRANSPORT,ANDERSON LN & MAY DR,MADISON,TN,37115,1727,MADISO,36.2726,-86.6947,POINT (-86.6947 36.2726)
20190108930,02/09/2019 07:40:00 PM,3,4,0,,N,279214,11,Front to Rear,21,CLEAR,3,DARK - LIGHTED,12,MOTOR VEHICLE IN TRANSPORT,8TH AVS & SOUTH DOUGLAS AV,NASHVILLE,TN,37204,6945,MIDTOW,36.1312,-86.7788,POINT (-86.7788 36.1312)
20190177591,03/06/2019 08:50:00 AM,2,0,0,,Y,693093,16,Rear to Side,21,CLEAR,1,DAYLIGHT,14,PARKED MOTOR VEHICLE,2100 THE SHOPPES AT RIVERGATE PVTDR,MADISON,TN,37115,1737,MADISO,36.3052,-86.6925,POINT (-86.6925 36.3052)
20190273318,04/09/2019 04:03:00 PM,2,1,0,Y,N,212344,4,ANGLE,21,CLEAR,1,DAYLIGHT,12,MOTOR VEHICLE IN TRANSPORT,S 17TH ST & SHELBY AV,NASHVILLE,TN,37206,1223,EAST,36.1707,-86.7402,POINT (-86.7402 36.1707)
20190422722,06/03/2019 11:30:00 AM,2,0,0,,N,676834,11,Front to Rear,21,CLEAR,1,DAYLIGHT,14,PARKED MOTOR VEHICLE,ASHTON AV & JOHN MALLETTE DR,NASHVILLE,TN,37218,3119,NORTH,36.1944,-86.837,POINT (-86.837 36.1944)
20190341030,05/03/2019 03:42:00 PM,3,3,0,,N,240979,11,Front to Rear,21,CLEAR,1,DAYLIGHT,12,MOTOR VEHICLE IN TRANSPORT,MM 90 2 I 65,MADISON,TN,37115,20022,MADISO,36.2398,-86.7532,POINT (-86.7532 36.2398)
20190049441,01/19/2019 12:43:00 PM,2,0,0,,N,572251,6,SIDESWIPE - OPPOSITE DIRECTION,2,RAIN,1,DAYLIGHT,12,MOTOR VEHICLE IN TRANSPORT,BRICK CHURCH PKE & WESTCHESTER DR,NASHVILLE,TN,37207,2027,MADISO,36.2514,-86.7767,POINT (-86.7767 36.2514)
20190248286,03/31/2019 12:38:00 PM,1,1,0,,N,279122,0,NOT COLLISION W/MOTOR VEHICLE-TRANSPORT,21,CLEAR,1,DAYLIGHT,34;41;68;71;72,DITCH;SHRUBBERY;Cross Center Line;EMBANKMENT EARTH;EMBANKMENT ROCK/STONE/CONCRETE,EATONS CREEK RD & SEDGE HILL TRAIL,JOELTON,TN,37080,3233,NORTH,36.264,-86.8929,POINT (-86.8929 36.264)
20190270891,04/08/2019 07:55:00 PM,1,0,0,Y,N,256380,0,NOT COLLISION W/MOTOR VEHICLE-TRANSPORT,21,CLEAR,3,DARK - LIGHTED,34,DITCH,W TRINITY LN & I65 S ENT RAMP,NASHVILLE,TN,37207,3002,NORTH,36.2065,-86.7765,POINT (-86.7765 36.2065)
20190426482,06/04/2019 06:10:00 PM,3,0,0,,N,256448,11,Front to Rear,21,CLEAR,1,DAYLIGHT,12,MOTOR VEHICLE IN TRANSPORT,LEBANON PKE & DANYACREST DR,NASHVILLE,TN,37214,9403,HERMIT,36.1786,-86.6447,POINT (-86.6447 36.1786)
20190331472,04/30/2019 08:55:00 AM,2,1,0,,Y,693093,4,ANGLE,21,CLEAR,1,DAYLIGHT,12,MOTOR VEHICLE IN TRANSPORT,WESTCHESTER DR & DICKERSON PKE,MADISON,TN,37115,2019,MADISO,36.2632,-86.7573,POINT (-86.7573 36.2632)
20190483129,06/26/2019 01:50:00 PM,2,1,0,,N,716886,4,ANGLE,21,CLEAR,1,DAYLIGHT,12,MOTOR VEHICLE IN TRANSPORT,APACHE TRL & HAYWOOD LN,NASHVILLE,TN,37211,8709,SOUTH,36.0696,-86.6939,POINT (-86.6939 36.0696)
20190292232,04/16/2019 01:10:00 PM,1,1,0,,N,226136,0,NOT COLLISION W/MOTOR VEHICLE-TRANSPORT,21,CLEAR,1,DAYLIGHT,8,PEDESTRIAN,GLEN ECHO RD & HILLMONT DR,NASHVILLE,TN,37215,6411,MIDTOW,36.1077,-86.803,POINT (-86.803 36.1077)
20190012095,01/05/2019 03:19:00 PM,2,0,0,,N,299266,4,ANGLE,21,CLEAR,1,DAYLIGHT,12,MOTOR VEHICLE IN TRANSPORT,ANTIOCH PKE & HARDING PL,NASHVILLE,TN,37211,8847,SOUTH,36.0874,-86.6922,POINT (-86.6922 36.0874)
20190343038,05/04/2019 01:54:00 PM,3,1,0,,N,156307,4,ANGLE,21,CLEAR,1,DAYLIGHT,12;13,MOTOR VEHICLE IN TRANSPORT;MOTOR VEHICLE IN TRANSPORT-OTHER ROADWAY,DR D B TODD JR BLVD & BUCHANAN ST,NASHVILLE,TN,37208,4413,NORTH,36.1805,-86.8112,POINT (-86.8112 36.1805)
20190568640,07/31/2019 07:05:00 AM,2,0,0,,N,191578,11,Front to Rear,21,CLEAR,1,DAYLIGHT,12,MOTOR VEHICLE IN TRANSPORT,MM 51 3 I 24,NASHVILLE,TN,37210,8102,SOUTH,36.137,-86.7273,POINT (-86.7273 36.137)
20190517110,07/10/2019 12:13:00 PM,3,1,0,,N,267831,11,Front to Rear,22,CLOUDY,1,DAYLIGHT,12,MOTOR VEHICLE IN TRANSPORT,WOODMONT BLVD & VALLEY BROOK RD,NASHVILLE,TN,37215,6105,WEST,36.1141,-86.8121,POINT (-86.8121 36.1141)
20190220312,03/21/2019 12:14:00 PM,2,0,0,,N,834798,5,SIDESWIPE - SAME DIRECTION,21,CLEAR,1,DAYLIGHT,12,MOTOR VEHICLE IN TRANSPORT,MM 82 0 I 65,NASHVILLE,TN,37203,80061,MIDTOW,36.1433,-86.7769,POINT (-86.7769 36.1433)
20190015344,01/07/2019 04:00:00 AM,2,1,0,,N,279117,11,Front to Rear,21,CLEAR,2,DARK - NOT LIGHTED,12,MOTOR VEHICLE IN TRANSPORT,W TRINITY LN & I65 N ENT RAMP,NASHVILLE,TN,37207,1863,EAST,36.2063,-86.7735,POINT (-86.7735 36.2063)
20190352890,05/08/2019 08:14:00 AM,2,0,0,,N,462474,5,SIDESWIPE - SAME DIRECTION,21,CLEAR,1,DAYLIGHT,12,MOTOR VEHICLE IN TRANSPORT,OLD HICKORY BLVD & I65 N EXT RAMP,BRENTWOOD,TN,37027,8623,MIDTOW,36.0399,-86.781,POINT (-86.781 36.0399)
20190453603,06/14/2019 04:30:00 PM,2,0,0,,Y,834813,5,SIDESWIPE - SAME DIRECTION,21,CLEAR,1,DAYLIGHT,12,MOTOR VEHICLE IN TRANSPORT,MM 41 4 I 24,WHITES CREEK,TN,37189,20161,MADISO,36.2659,-86.7912,POINT (-86.7912 36.2659)
20190254328,04/02/2019 02:45:00 PM,2,0,0,,Y,256505,4,ANGLE,21,CLEAR,1,DAYLIGHT,12,MOTOR VEHICLE IN TRANSPORT,8TH AVS & BROADWAY,NASHVILLE,TN,37203,4085,CENTRA,36.1588,-86.782,POINT (-86.782 36.1588)
20190302645,04/19/2019 06:36:00 PM,2,0,0,,N,226827,11,Front to Rear,2,RAIN,3,DARK - LIGHTED,12,MOTOR VEHICLE IN TRANSPORT,GALLATIN PKEN & SHEPHERD HILLS DR,MADISON,TN,37115,1731,MADISO,36.3009,-86.6946,POINT (-86.6946 36.3009)
20190190913,03/11/2019 12:00:00 AM,2,4,0,,N,483529,5,SIDESWIPE - SAME DIRECTION,22,CLOUDY,1,DAYLIGHT,12,MOTOR VEHICLE IN TRANSPORT,S 7TH ST & CAYCE PLACE PVTDR,NASHVILLE,TN,37206,1023,EAST,36.1677,-86.757,POINT (-86.757 36.1677)
20190499244,07/02/2019 03:21:00 PM,2,0,0,,N,256383,5,SIDESWIPE - SAME DIRECTION,22,CLOUDY,1,DAYLIGHT,12,MOTOR VEHICLE IN TRANSPORT,HOBSON PKE & MURFREESBORO PKE,ANTIOCH,TN,37013,8867,SOUTH,36.043,-86.6066,POINT (-86.6066 36.043)
20190396614,05/24/2019 05:49:00 AM,4,1,0,,N,414668,11,Front to Rear,21,CLEAR,1,DAYLIGHT,12,MOTOR VEHICLE IN TRANSPORT,MM 86 5 I 65,NASHVILLE,TN,37207,3006,NORTH,36.1946,-86.7762,POINT (-86.7762 36.1946)
20190458068,06/16/2019 11:15:00 PM,2,0,0,,N,212307,4,ANGLE,21,CLEAR,3,DARK - LIGHTED,12,MOTOR VEHICLE IN TRANSPORT,BROADWAY & 10TH AVN,NASHVILLE,TN,37203,4077,CENTRA,36.1578,-86.7846,POINT (-86.7846 36.1578)
20190553077,07/24/2019 05:37:00 PM,2,0,0,,N,240968,4,ANGLE,21,CLEAR,1,DAYLIGHT,12,MOTOR VEHICLE IN TRANSPORT,SMITH SPRINGS RD & CLEARLAKE DRW,NASHVILLE,TN,37217,8929,HERMIT,36.0891,-86.6143,POINT (-86.6143 36.0891)
20190004240,01/02/2019 03:45:00 PM,2,0,0,,Y,240955,6,SIDESWIPE - OPPOSITE DIRECTION,22,CLOUDY,1,DAYLIGHT,12,MOTOR VEHICLE IN TRANSPORT,MILL CREEK WHITTEMORE GRNWY & CEDARHILL,ANTIOCH,TN,37013,8757,SOUTH,36.0415,-86.711,POINT (-86.711 36.0415)
20190019357,01/08/2019 02:39:00 PM,2,0,0,,Y,206675,5,SIDESWIPE - SAME DIRECTION,21,CLEAR,1,DAYLIGHT,12,MOTOR VEHICLE IN TRANSPORT,HARDING PL & SHADESCREST DR,NASHVILLE,TN,37211,8607,MIDTOW,36.0771,-86.7366,POINT (-86.7366 36.0771)
20190400519,05/25/2019 03:24:00 PM,2,0,0,,N,320579,4,ANGLE,21,CLEAR,1,DAYLIGHT,12,MOTOR VEHICLE IN TRANSPORT,PADEN DR & RIVERSIDE DR,NASHVILLE,TN,37206,1355,EAST,36.1738,-86.7268,POINT (-86.7268 36.1738)
20190325629,04/27/2019 11:00:00 PM,2,4,0,,N,280010,4,ANGLE,21,CLEAR,3,DARK - LIGHTED,12,MOTOR VEHICLE IN TRANSPORT,EAST THOMPSON LN & OLD GLENROSE AV,NASHVILLE,TN,37211,8809,SOUTH,36.1165,-86.7193,POINT (-86.7193 36.1165)
20190000178,01/01/2019 01:11:00 AM,2,0,0,Y,N,187882,5,SIDESWIPE - SAME DIRECTION,21,CLEAR,3,DARK - LIGHTED,12;14,MOTOR VEHICLE IN TRANSPORT;PARKED MOTOR VEHICLE,CAHAL AV & PENNINGTON AV,NASHVILLE,TN,37206,1335,EAST,36.1953,-86.7308,POINT (-86.7308 36.1953)
20190054878,01/21/2019 08:00:00 PM,2,0,0,,Y,433550,11,Front to Rear,21,CLEAR,3,DARK - LIGHTED,12,MOTOR VEHICLE IN TRANSPORT,CENTRAL PKE & CENTRAL CT,HERMITAGE,TN,37076,9557,HERMIT,36.1727,-86.6003,POINT (-86.6003 36.1727)
20190206301,03/16/2019 07:00:00 PM,2,0,0,,Y,179606,11,Front to Rear,21,CLEAR,1,DAYLIGHT,12,MOTOR VEHICLE IN TRANSPORT,4TH AVS & SYMPHONY PL,NASHVILLE,TN,37203,4091,CENTRA,36.1603,-86.7768,POINT (-86.7768 36.1603)
20190521126,07/11/2019 11:57:00 PM,2,1,0,,N,169414,2,HEAD-ON,21,CLEAR,2,DARK - NOT LIGHTED,12,MOTOR VEHICLE IN TRANSPORT,ANTIOCH PKE & REEVES RD,ANTIOCH,TN,37013,8893,SOUTH,36.0655,-86.68,POINT (-86.68 36.0655)
20190153068,02/25/2019 05:10:00 PM,1,1,0,Y,N,240989,0,NOT COLLISION W/MOTOR VEHICLE-TRANSPORT,21,CLEAR,1,DAYLIGHT,25;40,GUARDRAIL END;MAIL BOX,NEELYS BEND RD & IDLEWILD DR,MADISON,TN,37115,1603,MADISO,36.2555,-86.7058,POINT (-86.7058 36.2555)
20190519927,07/11/2019 01:26:00 PM,2,1,0,,N,109534,11,Front to Rear,21,CLEAR,1,DAYLIGHT,12,MOTOR VEHICLE IN TRANSPORT,MURFREESBORO PKE & MOUNTAIN SPRINGS RD,ANTIOCH,TN,37013,8927,SOUTH,36.0478,-86.6121,POINT (-86.6121 36.0478)
20190390921,05/22/2019 10:46:00 AM,2,1,0,,N,572251,4,ANGLE,21,CLEAR,1,DAYLIGHT,12,MOTOR VEHICLE IN TRANSPORT,BRICK CHURCH PKE & BELLSHIRE DR,NASHVILLE,TN,37207,2037,MADISO,36.2622,-86.776,POINT (-86.776 36.2622)
20190535110,07/17/2019 05:50:00 PM,3,0,0,,N,352167,11,Front to Rear,21,CLEAR,1,DAYLIGHT,12,MOTOR VEHICLE IN TRANSPORT,MM 210 2 I 40,NASHVILLE,TN,37203,4006,CENTRA,36.1499,-86.7726,POINT (-86.7726 36.1499)
20190329600,04/29/2019 02:15:00 PM,2,0,0,,Y,420040,11,Front to Rear,21,CLEAR,1,DAYLIGHT,14,PARKED MOTOR VEHICLE,PATTERSON ST & 25TH AVN,NASHVILLE,TN,37203,5619,MIDTOW,36.1517,-86.8106,POINT (-86.8106 36.1517)
20190224477,03/22/2019 12:00:00 AM,3,0,0,,Y,311333,11,Front to Rear,22,CLOUDY,2,DARK - NOT LIGHTED,12,MOTOR VEHICLE IN TRANSPORT,BELL RD & EAGLE VIEW BLVD,ANTIOCH,TN,37013,8865,SOUTH,36.0522,-86.6449,POINT (-86.6449 36.0522)
20190146475,02/23/2019 12:54:00 AM,1,0,0,Y,N,284059,0,NOT COLLISION W/MOTOR VEHICLE-TRANSPORT,2,RAIN,3,DARK - LIGHTED,24,GUARDRAIL FACE,MM 86 5 I 65,NASHVILLE,TN,37207,3006,NORTH,36.1946,-86.7762,POINT (-86.7762 36.1946)
20190446194,06/12/2019 07:15:00 AM,2,0,0,,Y,462474,3,REAR-TO-REAR,22,CLOUDY,1,DAYLIGHT,14;55,PARKED MOTOR VEHICLE;Motor Vehicle-In-Motion Outside Trafficw,TROUSDALE DR & HARDING PL,NASHVILLE,TN,37211,8507,MIDTOW,36.0823,-86.7582,POINT (-86.7582 36.0823)
20190296100,04/17/2019 03:13:00 PM,2,0,0,,N,256380,11,Front to Rear,21,CLEAR,1,DAYLIGHT,12,MOTOR VEHICLE IN TRANSPORT,19TH AVN & WARNER ST,NASHVILLE,TN,37203,5335,NORTH,36.1605,-86.8034,POINT (-86.8034 36.1605)
20190250266,04/01/2019 07:47:00 AM,2,2,0,,N,676834,4,ANGLE,21,CLEAR,1,DAYLIGHT,12,MOTOR VEHICLE IN TRANSPORT,BRICK CHURCH PKE & AVONDALE CIR,NASHVILLE,TN,37207,3021,NORTH,36.2089,-86.7779,POINT (-86.7779 36.2089)
20190581128,08/05/2019 12:00:00 AM,2,0,0,,Y,716886,9,UNKNOWN,21,CLEAR,1,DAYLIGHT,12;14,MOTOR VEHICLE IN TRANSPORT;PARKED MOTOR VEHICLE,GROVEDALE TRC & PIN HOOK RD,ANTIOCH,TN,37013,8927,SOUTH,36.0502,-86.606,POINT (-86.606 36.0502)
20190557971,07/26/2019 03:51:00 PM,3,1,0,,N,212330,11,Front to Rear,21,CLEAR,1,DAYLIGHT,12,MOTOR VEHICLE IN TRANSPORT,I24 W EXT RAMP & I 24,NASHVILLE,TN,37211,8829,SOUTH,36.1074,-86.7197,POINT (-86.7197 36.1074)
20190534442,07/17/2019 12:16:00 PM,2,0,0,,Y,109534,4,ANGLE,22,CLOUDY,1,DAYLIGHT,12,MOTOR VEHICLE IN TRANSPORT,LEBANON PKE & MCGAVOCK PKE,NASHVILLE,TN,37214,9201,HERMIT,36.1694,-86.6799,POINT (-86.6799 36.1694)
20190570616,07/31/2019 09:50:00 PM,2,0,0,,Y,256569,11,Front to Rear,21,CLEAR,3,DARK - LIGHTED,12,MOTOR VEHICLE IN TRANSPORT,US HWY 31E & ELMORE AVE,MADISON,TN,37115,1717,MADISO,36.2799,-86.7086,POINT (-86.7086 36.2799)
20190086434,02/01/2019 12:05:00 PM,2,0,0,,Y,481573,5,SIDESWIPE - SAME DIRECTION,21,CLEAR,1,DAYLIGHT,12,MOTOR VEHICLE IN TRANSPORT,14TH AVS & BROADWAY,NASHVILLE,TN,37203,5701,MIDTOW,36.1557,-86.7897,POINT (-86.7897 36.1557)
20190243139,03/29/2019 07:58:00 AM,2,0,0,,N,716886,11,Front to Rear,21,CLEAR,1,DAYLIGHT,12,MOTOR VEHICLE IN TRANSPORT,NOLENSVILLE PKE & CARSON ST,NASHVILLE,TN,37210,8109,SOUTH,36.1291,-86.7543,POINT (-86.7543 36.1291)
20190356805,05/09/2019 12:00:00 AM,4,4,0,,N,256379,11,Front to Rear,22,CLOUDY,9,UNKNOWN,12,MOTOR VEHICLE IN TRANSPORT,MM 6 3 I 440,NASHVILLE,TN,37210,8304,SOUTH,36.1229,-86.751,POINT (-86.751 36.1229)
20190211054,03/18/2019 05:43:00 PM,2,1,0,,N,256426,11,Front to Rear,21,CLEAR,1,DAYLIGHT,12,MOTOR VEHICLE IN TRANSPORT,ELM HILL PKE & SANBORN DR,NASHVILLE,TN,37210,9041,HERMIT,36.1508,-86.6927,POINT (-86.6927 36.1508)
20190158312,02/27/2019 10:24:00 AM,1,2,0,,N,206962,0,NOT COLLISION W/MOTOR VEHICLE-TRANSPORT,22,CLOUDY,1,DAYLIGHT,30;64,UTILITY POLE;Ran Off Road-Left,NESBITT LN & N GRAYCROFT AV,MADISON,TN,37115,1767,MADISO,36.273,-86.7298,POINT (-86.7298 36.273)
20190398388,05/24/2019 07:16:00 PM,2,0,0,,N,256389,4,ANGLE,21,CLEAR,1,DAYLIGHT,12,MOTOR VEHICLE IN TRANSPORT,CRAIGHEAD ST & SEMINOLE AV,NASHVILLE,TN,37211,8041,MIDTOW,36.1313,-86.7597,POINT (-86.7597 36.1313)
20190127928,02/16/2019 01:41:00 PM,4,2,0,,N,620067,11,Front to Rear,22,CLOUDY,1,DAYLIGHT,12,MOTOR VEHICLE IN TRANSPORT,BELL RD & HICKORY HOLLOW LN,ANTIOCH,TN,37013,8871,SOUTH,36.0493,-86.6518,POINT (-86.6518 36.0493)
20190037691,01/15/2019 10:35:00 AM,2,1,0,,N,226136,11,Front to Rear,22,CLOUDY,1,DAYLIGHT,12,MOTOR VEHICLE IN TRANSPORT,MM 3 8 I 440,NASHVILLE,TN,37212,6502,MIDTOW,36.1163,-86.7919,POINT (-86.7919 36.1163)
20190394173,05/23/2019 11:40:00 AM,3,1,0,,N,226622,4,ANGLE,21,CLEAR,1,DAYLIGHT,12;14,MOTOR VEHICLE IN TRANSPORT;PARKED MOTOR VEHICLE,HIGHWAY 100 & PERCY WARNER BLVD,NASHVILLE,TN,37221,6211,WEST,36.0842,-86.8829,POINT (-86.8829 36.0842)
20190009409,01/04/2019 12:20:00 PM,2,0,0,,N,716886,5,SIDESWIPE - SAME DIRECTION,2,RAIN,1,DAYLIGHT,12,MOTOR VEHICLE IN TRANSPORT,BELL RD & CANE RIDGE RD,ANTIOCH,TN,37013,8751,SOUTH,36.0447,-86.6615,POINT (-86.6615 36.0447)
20190450440,06/13/2019 05:16:00 PM,2,2,0,,N,151132,11,Front to Rear,21,CLEAR,1,DAYLIGHT,12,MOTOR VEHICLE IN TRANSPORT,BRILEY PKWYE & BRILEY PKWYW,NASHVILLE,TN,37207,20120,MADISO,36.2396,-86.7751,POINT (-86.7751 36.2396)
20190141160,02/21/2019 07:59:00 AM,4,3,0,,N,462474,11,Front to Rear,21,CLEAR,1,DAYLIGHT,12,MOTOR VEHICLE IN TRANSPORT,MM 56 9 I 24,NASHVILLE,TN,37211,8810,SOUTH,36.0705,-86.6903,POINT (-86.6903 36.0705)