Accident Number,Date and Time,Number of Motor Vehicles,Number of Injuries,Number of Fatalities,Property Damage,Hit and Run,Reporting Officer,Collision Type Code,Collision Type Description,Weather Code,Weather Description,Illumination Code,Illumination Description,Harmful Code,Harmful Code Description,Street Address,City,State,ZIP,RPA,Precinct,Latitude,Longitude,Mapped Location
20190486218,06/27/2019 02:16:00 PM,2,0,0,,N,137872,5,SIDESWIPE - SAME DIRECTION,21,CLEAR,1,DAYLIGHT,12,MOTOR VEHICLE IN TRANSPORT,LEBANON PKE & JUAREZ DR,HERMITAGE,TN,37076,9531,HERMIT,36.1927,-86.6237,POINT (-86.6237 36.1927)
20190417355,05/31/2019 10:11:00 PM,2,1,0,,N,887598,11,Front to Rear,21,CLEAR,3,DARK - LIGHTED,12,MOTOR VEHICLE IN TRANSPORT,MM 86 7 I 65,NASHVILLE,TN,37207,3002,NORTH,36.1972,-86.7762,POINT (-86.7762 36.1972)
20190509745,07/07/2019 02:07:00 AM,3,0,0,Y,Y,299261,0,NOT COLLISION W/MOTOR VEHICLE-TRANSPORT,21,CLEAR,3,DARK - LIGHTED,7,,MERRITT AV & LITTLE HAMILTON AV,NASHVILLE,TN,37203,8013,MIDTOW,36.1393,-86.7647,POINT (-86.7647 36.1393)
20190365283,05/13/2019 07:31:00 AM,2,0,0,,Y,320574,5,SIDESWIPE - SAME DIRECTION,21,CLEAR,1,DAYLIGHT,12,MOTOR VEHICLE IN TRANSPORT,I24 W ENT RAMP & I 40,NASHVILLE,TN,37217,8818,HERMIT,36.1397,-86.7275,POINT (-86.7275 36.1397)
20190529682,07/15/2019 06:41:00 PM,2,0,0,,N,197054,4,ANGLE,21,CLEAR,1,DAYLIGHT,12,MOTOR VEHICLE IN TRANSPORT,MM 215 0 I 40,NASHVILLE,TN,37214,91021,HERMIT,36.1444,-86.6948,POINT (-86.6948 36.1444)
20190068604,01/26/2019 12:00:00 AM,2,0,0,,Y,256427,9,UNKNOWN,21,CLEAR,1,DAYLIGHT,14,PARKED MOTOR VEHICLE,FAIN ST & DUNCAN ST,NASHVILLE,TN,37210,8221,HERMIT,36.1514,-86.753,POINT (-86.753 36.1514)
20190284734,04/13/2019 12:00:00 AM,2,0,0,,Y,279118,4,ANGLE,2,RAIN,1,DAYLIGHT,12,MOTOR VEHICLE IN TRANSPORT,MT VIEW RD & HICKORY HOLLOW PKWY,ANTIOCH,TN,37013,8859,SOUTH,36.0588,-86.6705,POINT (-86.6705 36.0588)
20190419107,06/01/2019 06:39:00 PM,1,0,0,,N,240960,0,NOT COLLISION W/MOTOR VEHICLE-TRANSPORT,21,CLEAR,1,DAYLIGHT,30,UTILITY POLE,GALLATIN PKE & BURCHWOOD AV,NASHVILLE,TN,37216,1403,EAST,36.201,-86.7399,POINT (-86.7399 36.201)
20190248800,03/31/2019 03:58:00 PM,1,0,0,Y,Y,256374,0,NOT COLLISION W/MOTOR VEHICLE-TRANSPORT,21,CLEAR,1,DAYLIGHT,14;40,PARKED MOTOR VEHICLE;MAIL BOX,HEARTHSIDE WAY & OHARA DR,ANTIOCH,TN,37013,8763,SOUTH,36.0231,-86.6485,POINT (-86.6485 36.0231)
20190091635,02/03/2019 06:11:00 PM,2,2,0,,Y,279204,6,SIDESWIPE - OPPOSITE DIRECTION,21,CLEAR,3,DARK - LIGHTED,12,MOTOR VEHICLE IN TRANSPORT,ASHLAND CITY HWY & NORTH GATE SHOPPING C,NASHVILLE,TN,37218,3121,NORTH,36.1978,-86.8388,POINT (-86.8388 36.1978)
20190169002,03/03/2019 03:52:00 PM,2,0,0,,Y,298867,5,SIDESWIPE - SAME DIRECTION,22,CLOUDY,1,DAYLIGHT,12,MOTOR VEHICLE IN TRANSPORT,DICKERSON PKE & WHITES CREEK PKE,NASHVILLE,TN,37207,1919,EAST,36.1887,-86.7732,POINT (-86.7732 36.1887)
20190056364,01/22/2019 11:11:00 AM,2,0,0,,Y,716886,5,SIDESWIPE - SAME DIRECTION,21,CLEAR,1,DAYLIGHT,12,MOTOR VEHICLE IN TRANSPORT,MURFREESBORO PKE & HURRICANE CREEK BLVD,ANTIOCH,TN,37013,8869,SOUTH,36.0302,-86.5926,POINT (-86.5926 36.0302)
20190439136,06/09/2019 05:39:00 PM,3,1,0,,N,330428,11,Front to Rear,21,CLEAR,1,DAYLIGHT,12,MOTOR VEHICLE IN TRANSPORT,ROBERTSON AV & ETHEL ST,NASHVILLE,TN,37209,4665,WEST,36.1556,-86.8625,POINT (-86.8625 36.1556)
20190095018,02/04/2019 11:02:00 PM,1,0,0,Y,N,197060,0,NOT COLLISION W/MOTOR VEHICLE-TRANSPORT,2,RAIN,3,DARK - LIGHTED,38,FENCE,322 E CAMPBELL RD,MADISON,TN,37115,1765,MADISO,36.2749,-86.7173,POINT (-86.7173 36.2749)
20190511788,07/08/2019 08:00:00 AM,2,0,0,,N,140808,11,Front to Rear,21,CLEAR,1,DAYLIGHT,12,MOTOR VEHICLE IN TRANSPORT,MM 210 1 I 40,NASHVILLE,TN,37203,4006,CENTRA,36.1492,-86.7751,POINT (-86.7751 36.1492)
20190337304,05/02/2019 08:50:00 AM,2,3,0,,N,179580,4,ANGLE,21,CLEAR,1,DAYLIGHT,12,MOTOR VEHICLE IN TRANSPORT,BRICK CHURCH PKE & BRICK CHURCH PARK DR,NASHVILLE,TN,37207,3047,NORTH,36.2242,-86.7822,POINT (-86.7822 36.2242)
20190361992,05/11/2019 05:05:00 PM,2,0,0,,N,905011,4,ANGLE,2,RAIN,1,DAYLIGHT,12,MOTOR VEHICLE IN TRANSPORT,CHARLOTTE AV & 39TH AVN,NASHVILLE,TN,37209,5229,WEST,36.1522,-86.8334,POINT (-86.8334 36.1522)
20190376507,05/16/2019 11:01:00 PM,2,0,0,,Y,212339,9,UNKNOWN,21,CLEAR,3,DARK - LIGHTED,14,PARKED MOTOR VEHICLE,BRYAN ST & 10TH ST,OLD HICKORY,TN,37138,9611,HERMIT,36.2609,-86.6509,POINT (-86.6509 36.2609)
20190442124,06/10/2019 08:30:00 AM,1,1,0,,N,226175,0,NOT COLLISION W/MOTOR VEHICLE-TRANSPORT,21,CLEAR,2,DARK - NOT LIGHTED,1,,RIVER RD & RIVER ROAD PKE,NASHVILLE,TN,37209,4707,WEST,36.1347,-86.9302,POINT (-86.9302 36.1347)
20190330840,04/30/2019 03:36:00 AM,2,0,0,Y,Y,151122,11,Front to Rear,21,CLEAR,3,DARK - LIGHTED,1;12;30,MOTOR VEHICLE IN TRANSPORT;UTILITY POLE,DOVER GLEN DR & EDGE O LAKE DR,ANTIOCH,TN,37013,8891,SOUTH,36.0756,-86.6478,POINT (-86.6478 36.0756)
20190286411,04/14/2019 01:40:00 PM,2,0,0,,Y,256502,5,SIDESWIPE - SAME DIRECTION,21,CLEAR,1,DAYLIGHT,12,MOTOR VEHICLE IN TRANSPORT,16TH AVN & BUCHANAN ST,NASHVILLE,TN,37208,4413,NORTH,36.1804,-86.81,POINT (-86.81 36.1804)
20190116009,02/12/2019 12:30:00 PM,2,0,0,,Y,226136,4,ANGLE,22,CLOUDY,1,DAYLIGHT,12;14,MOTOR VEHICLE IN TRANSPORT;PARKED MOTOR VEHICLE,BLAIR BLVD & 21ST AVS,NASHVILLE,TN,37212,5909,MIDTOW,36.1303,-86.802,POINT (-86.802 36.1303)
20190471032,06/21/2019 11:45:00 AM,2,1,0,,N,352189,11,Front to Rear,21,CLEAR,1,DAYLIGHT,12,MOTOR VEHICLE IN TRANSPORT,HARDING PL & SIDCO DR,NASHVILLE,TN,37220,8601,MIDTOW,36.0819,-86.7612,POINT (-86.7612 36.0819)
20190388598,05/21/2019 12:00:00 AM,2,0,0,,Y,298861,4,ANGLE,21,CLEAR,1,DAYLIGHT,12,MOTOR VEHICLE IN TRANSPORT,NESTOR ST & HERMITAGE AV,NASHVILLE,TN,37210,9003,HERMIT,36.1544,-86.7572,POINT (-86.7572 36.1544)
20190487137,06/27/2019 10:00:00 PM,2,0,0,,N,262757,5,SIDESWIPE - SAME DIRECTION,22,CLOUDY,3,DARK - LIGHTED,14,PARKED MOTOR VEHICLE,DELMAS AV & FAIRWIN AV,NASHVILLE,TN,37216,1851,EAST,36.1999,-86.7435,POINT (-86.7435 36.1999)
20190024148,01/10/2019 06:33:00 AM,2,0,0,,N,226622,11,Front to Rear,21,CLEAR,1,DAYLIGHT,12,MOTOR VEHICLE IN TRANSPORT,OLD HARDING PKE & POPLAR CREEK RD,NASHVILLE,TN,37221,4819,WEST,36.0541,-86.9506,POINT (-86.9506 36.0541)
20190150087,02/24/2019 02:45:00 PM,1,0,0,,N,299241,0,NOT COLLISION W/MOTOR VEHICLE-TRANSPORT,21,CLEAR,1,DAYLIGHT,50,DEER (ANIMAL),STATE HWY 45 & HILLS LN,OLD HICKORY,TN,37138,9739,HERMIT,36.2047,-86.622,POINT (-86.622 36.2047)
20190394987,05/23/2019 05:04:00 PM,3,1,0,,N,197054,11,Front to Rear,21,CLEAR,1,DAYLIGHT,12,MOTOR VEHICLE IN TRANSPORT,MM 214 1 I 40,NASHVILLE,TN,37210,90062,HERMIT,36.142,-86.7124,POINT (-86.7124 36.142)
20190285773,04/14/2019 05:50:00 AM,2,0,0,,N,311338,4,ANGLE,22,CLOUDY,4,DAWN,12,MOTOR VEHICLE IN TRANSPORT,DOMINICAN DR & ROSA L PARKS BLVD,NASHVILLE,TN,37228,4445,NORTH,36.1879,-86.7985,POINT (-86.7985 36.1879)
20190012598,01/05/2019 12:00:00 AM,2,0,0,,N,298868,6,SIDESWIPE - OPPOSITE DIRECTION,21,CLEAR,3,DARK - LIGHTED,12;31,"MOTOR VEHICLE IN TRANSPORT;OTHER POST, POLE, SUPP.",INDIANA AV & 51ST AVN,NASHVILLE,TN,37209,4601,WEST,36.1565,-86.849,POINT (-86.849 36.1565)
20190356598,05/09/2019 03:20:00 PM,2,0,0,,N,256384,4,ANGLE,21,CLEAR,1,DAYLIGHT,13,MOTOR VEHICLE IN TRANSPORT-OTHER ROADWAY,MURFREESBORO PKE & CLEVELAND AV,NASHVILLE,TN,37210,8161,SOUTH,36.1421,-86.7423,POINT (-86.7423 36.1421)
20190163588,03/01/2019 07:53:00 AM,2,0,0,,N,633385,11,Front to Rear,22,CLOUDY,1,DAYLIGHT,12,MOTOR VEHICLE IN TRANSPORT,I24 W EXT RAMP & I 24,NASHVILLE,TN,37211,8829,SOUTH,36.1074,-86.7197,POINT (-86.7197 36.1074)
20190473280,06/22/2019 12:51:00 PM,2,2,0,,N,630627,4,ANGLE,21,CLEAR,1,DAYLIGHT,12,MOTOR VEHICLE IN TRANSPORT,EDGEHILL AV & 16TH AVS,NASHVILLE,TN,37212,6629,MIDTOW,36.1433,-86.7925,POINT (-86.7925 36.1433)
20190220514,03/21/2019 01:45:00 PM,2,1,0,,N,716886,11,Front to Rear,21,CLEAR,1,DAYLIGHT,12,MOTOR VEHICLE IN TRANSPORT,NOLENSVILLE PKE & MCCLAIN AV,NASHVILLE,TN,37211,8343,MIDTOW,36.1129,-86.7463,POINT (-86.7463 36.1129)
20190095045,02/04/2019 11:31:00 PM,1,1,0,,N,320590,0,NOT COLLISION W/MOTOR VEHICLE-TRANSPORT,2,RAIN,2,DARK - NOT LIGHTED,42;63,TREE;Ran Off Road-Right,MM 37 9 I 24,WHITES CREEK,TN,37189,33181,NORTH,36.3087,-86.8235,POINT (-86.8235 36.3087)
20190130185,02/17/2019 02:23:00 PM,1,0,0,Y,N,834798,0,NOT COLLISION W/MOTOR VEHICLE-TRANSPORT,2,RAIN,1,DAYLIGHT,25,GUARDRAIL END,MM 5 2 I 440,NASHVILLE,TN,37204,8306,MIDTOW,36.1179,-86.7684,POINT (-86.7684 36.1179)
20190017024,01/07/2019 06:14:00 PM,2,0,0,,N,192871,11,Front to Rear,21,CLEAR,3,DARK - LIGHTED,12,MOTOR VEHICLE IN TRANSPORT,MYATT DR & STATE RT 45,MADISON,TN,37115,1705,MADISO,36.2646,-86.6902,POINT (-86.6902 36.2646)
20190502164,07/03/2019 04:51:00 PM,2,0,0,,N,151132,11,Front to Rear,21,CLEAR,1,DAYLIGHT,12,MOTOR VEHICLE IN TRANSPORT,I65 S EXT RAMP & I 65,MADISON,TN,37115,20044,MADISO,36.2481,-86.743,POINT (-86.743 36.2481)
20190384475,05/20/2019 08:52:00 AM,2,0,0,,Y,352198,5,SIDESWIPE - SAME DIRECTION,21,CLEAR,1,DAYLIGHT,12,MOTOR VEHICLE IN TRANSPORT,WEST END AV & 19TH AVS,NASHVILLE,TN,37203,5523,MIDTOW,36.1523,-86.7975,POINT (-86.7975 36.1523)
20190331724,04/30/2019 10:40:00 AM,2,0,0,,Y,716886,0,NOT COLLISION W/MOTOR VEHICLE-TRANSPORT,21,CLEAR,1,DAYLIGHT,18,OTHER OBJECT (NOT FIXED),MM 62 8 I 24,ANTIOCH,TN,37013,8804,SOUTH,36.0118,-86.6175,POINT (-86.6175 36.0118)
20190222964,03/22/2019 08:35:00 AM,2,1,0,,N,226600,11,Front to Rear,21,CLEAR,1,DAYLIGHT,12,MOTOR VEHICLE IN TRANSPORT,MM 1 0 I 440,NASHVILLE,TN,37205,5234,WEST,36.1438,-86.8226,POINT (-86.8226 36.1438)
20190575003,08/02/2019 03:58:00 PM,2,0,0,,N,330415,5,SIDESWIPE - SAME DIRECTION,21,CLEAR,1,DAYLIGHT,12,MOTOR VEHICLE IN TRANSPORT,0 I 65,NASHVILLE,TN,37207,3002,NORTH,36.2047,-86.7767,POINT (-86.7767 36.2047)
20190141985,02/21/2019 01:27:00 PM,2,1,0,,N,224955,4,ANGLE,21,CLEAR,1,DAYLIGHT,12,MOTOR VEHICLE IN TRANSPORT,GALLATIN PKEN & SHEPHERD HILLS DR,MADISON,TN,37115,1731,MADISO,36.3009,-86.6946,POINT (-86.6946 36.3009)
20190217849,03/20/2019 05:30:00 PM,2,0,0,,N,256417,11,Front to Rear,21,CLEAR,1,DAYLIGHT,12,MOTOR VEHICLE IN TRANSPORT,OLD HICKORY BLVD & PLANTATION DR,OLD HICKORY,TN,37138,9739,HERMIT,36.2006,-86.6209,POINT (-86.6209 36.2006)
20190397702,05/24/2019 02:40:00 PM,2,0,0,,N,320585,5,SIDESWIPE - SAME DIRECTION,21,CLEAR,1,DAYLIGHT,12,MOTOR VEHICLE IN TRANSPORT,LEBANON PKE & J B ESTILLE DR,NASHVILLE,TN,37214,9125,HERMIT,36.1687,-86.6669,POINT (-86.6669 36.1687)
20190319823,04/25/2019 03:43:00 PM,2,0,0,,N,256419,4,ANGLE,21,CLEAR,1,DAYLIGHT,12,MOTOR VEHICLE IN TRANSPORT,19TH AVN & PEARL ST,NASHVILLE,TN,37203,5357,NORTH,36.1592,-86.8023,POINT (-86.8023 36.1592)
20190413040,05/30/2019 01:04:00 PM,2,0,0,,N,462474,4,ANGLE,22,CLOUDY,1,DAYLIGHT,12,MOTOR VEHICLE IN TRANSPORT,HARDING PL & I65 N EXT RAMP,NASHVILLE,TN,37220,8601,MIDTOW,36.0821,-86.7617,POINT (-86.7617 36.0821)
20190272195,04/09/2019 08:20:00 AM,2,0,0,,N,716886,4,ANGLE,21,CLEAR,1,DAYLIGHT,12;24,MOTOR VEHICLE IN TRANSPORT;GUARDRAIL FACE,OLD HICKORY BLVD & I24 E EXT RAMP,WHITES CREEK,TN,37189,3227,NORTH,36.2768,-86.801,POINT (-86.801 36.2768)
20190381635,05/19/2019 12:05:00 AM,2,0,0,,N,212321,5,SIDESWIPE - SAME DIRECTION,21,CLEAR,3,DARK - LIGHTED,12,MOTOR VEHICLE IN TRANSPORT,MM 56 5 I 24,NASHVILLE,TN,37211,8708,SOUTH,36.0756,-86.6938,POINT (-86.6938 36.0756)
20190102319,02/07/2019 05:47:00 AM,2,0,0,,N,716886,5,SIDESWIPE - SAME DIRECTION,22,CLOUDY,1,DAYLIGHT,12,MOTOR VEHICLE IN TRANSPORT,MM 57 4 I 24,ANTIOCH,TN,37013,88080,SOUTH,36.0649,-86.6847,POINT (-86.6847 36.0649)
20190537587,07/18/2019 03:42:00 PM,2,0,0,,N,714641,5,SIDESWIPE - SAME DIRECTION,22,CLOUDY,1,DAYLIGHT,12,MOTOR VEHICLE IN TRANSPORT,8TH AVS & LAFAYETTE ST,NASHVILLE,TN,37203,4043,CENTRA,36.1546,-86.7792,POINT (-86.7792 36.1546)
20190028327,01/11/2019 04:26:00 PM,2,0,0,,N,279208,11,Front to Rear,21,CLEAR,1,DAYLIGHT,12,MOTOR VEHICLE IN TRANSPORT,MM 78 0 I 65,NASHVILLE,TN,37204,8502,MIDTOW,36.0856,-86.7632,POINT (-86.7632 36.0856)
20190002067,01/01/2019 10:43:00 PM,1,0,0,,N,151122,0,NOT COLLISION W/MOTOR VEHICLE-TRANSPORT,21,CLEAR,2,DARK - NOT LIGHTED,50,DEER (ANIMAL),MT VIEW & APPLE ORCHARD,ANTIOCH,TN,37013,8927,SOUTH,36.0617,-86.6104,POINT (-86.6104 36.0617)
20190269172,04/08/2019 05:44:00 AM,2,2,0,,N,279212,5,SIDESWIPE - SAME DIRECTION,2,RAIN,3,DARK - LIGHTED,12;36,MOTOR VEHICLE IN TRANSPORT;CONCRETE TRAFFIC BARRIER,MM 200 8 I 40,NASHVILLE,TN,37209,4708,WEST,36.1281,-86.9012,POINT (-86.9012 36.1281)
20190267994,04/07/2019 06:20:00 PM,2,0,0,,Y,330435,11,Front to Rear,21,CLEAR,1,DAYLIGHT,12,MOTOR VEHICLE IN TRANSPORT,2703 DICKERSON PKE,NASHVILLE,TN,37207,1823,EAST,36.2157,-86.7633,POINT (-86.7633 36.2157)
20190021423,01/09/2019 08:40:00 AM,2,0,0,,N,191578,11,Front to Rear,21,CLEAR,1,DAYLIGHT,12,MOTOR VEHICLE IN TRANSPORT,MM 212 3 I 40,NASHVILLE,TN,37210,8206,HERMIT,36.1447,-86.7399,POINT (-86.7399 36.1447)
20190162031,02/28/2019 04:25:00 PM,2,0,0,,N,311332,11,Front to Rear,21,CLEAR,1,DAYLIGHT,12,MOTOR VEHICLE IN TRANSPORT,WOODMONT BLVD & VALLEY BROOK RD,NASHVILLE,TN,37215,6105,WEST,36.1141,-86.8121,POINT (-86.8121 36.1141)
20190335354,05/01/2019 02:28:00 PM,2,0,0,,N,212343,11,Front to Rear,22,CLOUDY,1,DAYLIGHT,12,MOTOR VEHICLE IN TRANSPORT,OLDHAM ST & N 1ST ST,NASHVILLE,TN,37213,1985,CENTRA,36.1744,-86.7741,POINT (-86.7741 36.1744)
20190126344,02/15/2019 07:30:00 PM,2,0,0,,Y,909486,5,SIDESWIPE - SAME DIRECTION,2,RAIN,3,DARK - LIGHTED,12,MOTOR VEHICLE IN TRANSPORT,MM 79 7 I 65,NASHVILLE,TN,37204,8504,MIDTOW,36.1092,-86.7698,POINT (-86.7698 36.1092)
20190369662,05/14/2019 06:20:00 PM,2,0,0,,N,256384,5,SIDESWIPE - SAME DIRECTION,21,CLEAR,1,DAYLIGHT,12,MOTOR VEHICLE IN TRANSPORT,MM 55 3 I 24,NASHVILLE,TN,37211,8602,SOUTH,36.0913,-86.7043,POINT (-86.7043 36.0913)
20190508852,07/06/2019 03:00:00 PM,3,0,0,,N,161939,11,Front to Rear,2,RAIN,1,DAYLIGHT,12,MOTOR VEHICLE IN TRANSPORT,MM 52 1 I 24,NASHVILLE,TN,37217,8816,SOUTH,36.1343,-86.7267,POINT (-86.7267 36.1343)
20190033046,01/13/2019 07:27:00 PM,2,1,0,,Y,299241,4,ANGLE,2,RAIN,2,DARK - NOT LIGHTED,12,MOTOR VEHICLE IN TRANSPORT,OLD LEBANON DIRT RD & CHESNEY GLEN DR,HERMITAGE,TN,37076,9513,HERMIT,36.1897,-86.5845,POINT (-86.5845 36.1897)
20190057455,01/22/2019 05:44:00 PM,2,0,0,,N,206675,4,ANGLE,21,CLEAR,3,DARK - LIGHTED,12,MOTOR VEHICLE IN TRANSPORT,HOLT RD & HITCHING POST LN,NASHVILLE,TN,37211,8651,MIDTOW,36.0155,-86.7391,POINT (-86.7391 36.0155)
20190154829,02/26/2019 06:58:00 AM,2,0,0,,N,109534,4,ANGLE,21,CLEAR,1,DAYLIGHT,12,MOTOR VEHICLE IN TRANSPORT,STEWARTS FERRY PKWY & STONES RIVER CV,NASHVILLE,TN,37214,9415,HERMIT,36.1606,-86.6295,POINT (-86.6295 36.1606)
20190014357,01/06/2019 05:59:00 PM,2,0,0,,N,240979,5,SIDESWIPE - SAME DIRECTION,21,CLEAR,3,DARK - LIGHTED,12,MOTOR VEHICLE IN TRANSPORT,MM 90 6 I 65,MADISON,TN,37115,17020,MADISO,36.2435,-86.7481,POINT (-86.7481 36.2435)
20190167258,03/02/2019 05:50:00 PM,2,0,0,,N,299238,11,Front to Rear,22,CLOUDY,3,DARK - LIGHTED,12,MOTOR VEHICLE IN TRANSPORT,MM 49 4 I 24,NASHVILLE,TN,37206,10040,EAST,36.1613,-86.7604,POINT (-86.7604 36.1613)
20190128258,02/16/2019 05:00:00 PM,2,0,0,,Y,330419,11,Front to Rear,22,CLOUDY,5,DUSK,12,MOTOR VEHICLE IN TRANSPORT,HIGHWAY 70S & OLD HICKORY BLVD,NASHVILLE,TN,37205,4903,WEST,36.0745,-86.9209,POINT (-86.9209 36.0745)
20190188714,03/10/2019 12:12:00 PM,2,1,0,,N,887591,11,Front to Rear,21,CLEAR,1,DAYLIGHT,12,MOTOR VEHICLE IN TRANSPORT,HOBSON PKE & MURFREESBORO PKE,ANTIOCH,TN,37013,8867,SOUTH,36.043,-86.6066,POINT (-86.6066 36.043)
20190497846,07/02/2019 07:50:00 AM,2,0,0,,N,109534,11,Front to Rear,21,CLEAR,1,DAYLIGHT,12,MOTOR VEHICLE IN TRANSPORT,I40 E ENT RAMP & I 24,NASHVILLE,TN,37217,8816,SOUTH,36.1363,-86.7267,POINT (-86.7267 36.1363)
20190295706,04/17/2019 12:29:00 PM,2,0,0,,N,468030,11,Front to Rear,22,CLOUDY,1,DAYLIGHT,12,MOTOR VEHICLE IN TRANSPORT,GALLATIN PKE & DELMAS AV,NASHVILLE,TN,37216,1401,EAST,36.1992,-86.7409,POINT (-86.7409 36.1992)
20190094308,02/04/2019 12:00:00 AM,2,1,0,,N,311333,4,ANGLE,22,CLOUDY,1,DAYLIGHT,12,MOTOR VEHICLE IN TRANSPORT,MURFREESBORO PKE & HAMILTON CROSSINGS,ANTIOCH,TN,37013,8865,SOUTH,36.0655,-86.6292,POINT (-86.6292 36.0655)
20190254938,04/02/2019 08:10:00 PM,2,0,0,,N,311328,5,SIDESWIPE - SAME DIRECTION,21,CLEAR,3,DARK - LIGHTED,12,MOTOR VEHICLE IN TRANSPORT,4TH AVS & ASH ST,NASHVILLE,TN,37210,4005,CENTRA,36.1523,-86.7716,POINT (-86.7716 36.1523)
20190351054,05/07/2019 04:19:00 PM,2,0,0,,Y,279208,11,Front to Rear,21,CLEAR,1,DAYLIGHT,12,MOTOR VEHICLE IN TRANSPORT,12TH AVS & 11TH AVS,NASHVILLE,TN,37203,4015,CENTRA,36.1515,-86.7843,POINT (-86.7843 36.1515)
20190302442,04/19/2019 04:41:00 PM,2,0,0,,N,169425,11,Front to Rear,2,RAIN,1,DAYLIGHT,12,MOTOR VEHICLE IN TRANSPORT,MM 1 4 I 440,NASHVILLE,TN,37209,52320,WEST,36.1496,-86.8227,POINT (-86.8227 36.1496)
20190142818,02/21/2019 07:20:00 PM,3,0,0,,Y,256427,11,Front to Rear,2,RAIN,3,DARK - LIGHTED,12,MOTOR VEHICLE IN TRANSPORT,MM 212 0 I 40,NASHVILLE,TN,37210,90041,HERMIT,36.147,-86.7433,POINT (-86.7433 36.147)
20190091372,02/03/2019 12:00:00 AM,2,0,0,,Y,298868,5,SIDESWIPE - SAME DIRECTION,21,CLEAR,1,DAYLIGHT,12,MOTOR VEHICLE IN TRANSPORT,WHITE BRIDGE PKE & OBRIEN AV,NASHVILLE,TN,37209,5101,WEST,36.1505,-86.8579,POINT (-86.8579 36.1505)
20190315986,04/24/2019 09:40:00 AM,2,0,0,,N,352204,4,ANGLE,21,CLEAR,1,DAYLIGHT,12,MOTOR VEHICLE IN TRANSPORT,POWELL AV & POWELL PL,NASHVILLE,TN,37204,8527,MIDTOW,36.1065,-86.7646,POINT (-86.7646 36.1065)
20190266959,04/07/2019 05:37:00 AM,1,0,0,Y,Y,279203,0,NOT COLLISION W/MOTOR VEHICLE-TRANSPORT,2,RAIN,2,DARK - NOT LIGHTED,29,LUMINAIRE/LIGHT SUPPORT,MM 209 4 I 40,NASHVILLE,TN,37203,40041,CENTRA,36.1519,-86.7866,POINT (-86.7866 36.1519)
20190425729,06/04/2019 12:00:00 PM,2,0,0,,N,676834,11,Front to Rear,22,CLOUDY,1,DAYLIGHT,12,MOTOR VEHICLE IN TRANSPORT,WHITES CREEK PKE & PARMLEY LN,NASHVILLE,TN,37207,3221,NORTH,36.2429,-86.8215,POINT (-86.8215 36.2429)
20190480639,06/25/2019 04:49:00 PM,2,1,0,,N,256414,4,ANGLE,21,CLEAR,1,DAYLIGHT,12,MOTOR VEHICLE IN TRANSPORT,MURFREESBORO PKE & HAMILTON CROSSINGS,ANTIOCH,TN,37013,8865,SOUTH,36.0655,-86.6292,POINT (-86.6292 36.0655)
20190557911,07/26/2019 03:20:00 PM,2,0,0,,N,352184,11,Front to Rear,21,CLEAR,1,DAYLIGHT,12,MOTOR VEHICLE IN TRANSPORT,BRILEY PKWYE & I65 N EXT RAMP,NASHVILLE,TN,37216,18800,EAST,36.2404,-86.749,POINT (-86.749 36.2404)
20190230404,03/25/2019 07:38:00 AM,1,0,0,Y,N,226136,0,NOT COLLISION W/MOTOR VEHICLE-TRANSPORT,22,CLOUDY,1,DAYLIGHT,20;36,IMPACT ATTENUATOR;CONCRETE TRAFFIC BARRIER,MM 5 2 I 440,NASHVILLE,TN,37204,8306,MIDTOW,36.1179,-86.7684,POINT (-86.7684 36.1179)
20190130486,02/17/2019 12:00:00 AM,1,0,0,,Y,298861,0,NOT COLLISION W/MOTOR VEHICLE-TRANSPORT,2,RAIN,3,DARK - LIGHTED,1,,ELM HILL PKE & ACORN DR,NASHVILLE,TN,37210,9033,HERMIT,36.1497,-86.7021,POINT (-86.7021 36.1497)
20190185470,03/08/2019 10:31:00 PM,2,0,0,,Y,298871,5,SIDESWIPE - SAME DIRECTION,2,RAIN,3,DARK - LIGHTED,12,MOTOR VEHICLE IN TRANSPORT,MM 212 1 I 40,NASHVILLE,TN,37210,90041,HERMIT,36.1463,-86.7422,POINT (-86.7422 36.1463)
20190256325,04/03/2019 07:42:00 AM,2,0,0,,N,279230,6,SIDESWIPE - OPPOSITE DIRECTION,21,CLEAR,1,DAYLIGHT,14,PARKED MOTOR VEHICLE,CLAPHAM RD & SPLIT OAK TRL,ANTIOCH,TN,37013,8891,SOUTH,36.0762,-86.6541,POINT (-86.6541 36.0762)
20190109866,02/10/2019 06:00:00 AM,1,0,0,,N,109495,0,NOT COLLISION W/MOTOR VEHICLE-TRANSPORT,2,RAIN,7,Dark-Unknown Lighting,17,BOULDER,12TH AVS & ARGYLE AV,NASHVILLE,TN,37203,6911,MIDTOW,36.1377,-86.7881,POINT (-86.7881 36.1377)
20190101007,02/06/2019 05:38:00 PM,1,0,0,,N,429193,0,NOT COLLISION W/MOTOR VEHICLE-TRANSPORT,2,RAIN,2,DARK - NOT LIGHTED,72,EMBANKMENT ROCK/STONE/CONCRETE,MM 198 2 I 40,NASHVILLE,TN,37221,4806,WEST,36.101,-86.9345,POINT (-86.9345 36.101)
20190436096,06/08/2019 12:00:00 AM,1,0,0,,Y,212336,0,NOT COLLISION W/MOTOR VEHICLE-TRANSPORT,99,UNKNOWN,9,UNKNOWN,57,Cable Barrier,ELLINGTON PKWYN & ELLINGTON PKWY N ENT R,NASHVILLE,TN,37216,1821,EAST,36.2069,-86.7496,POINT (-86.7496 36.2069)