Accident Number,Date and Time,Number of Motor Vehicles,Number of Injuries,Number of Fatalities,Property Damage,Hit and Run,Reporting Officer,Collision Type Code,Collision Type Description,Weather Code,Weather Description,Illumination Code,Illumination Description,Harmful Code,Harmful Code Description,Street Address,City,State,ZIP,RPA,Precinct,Latitude,Longitude,Mapped Location
20190452468,06/14/2019 10:29:00 AM,2,0,0,,N,716886,5,SIDESWIPE - SAME DIRECTION,21,CLEAR,1,DAYLIGHT,12,MOTOR VEHICLE IN TRANSPORT,MURFREESBORO PKE & HOBSON PKE,ANTIOCH,TN,37013,8927,SOUTH,36.043,-86.6066,POINT (-86.6066 36.043)
20190510955,07/07/2019 07:20:00 PM,1,2,0,,N,330443,0,NOT COLLISION W/MOTOR VEHICLE-TRANSPORT,2,RAIN,3,DARK - LIGHTED,36,CONCRETE TRAFFIC BARRIER,MM 91 0 I 65,MADISON,TN,37115,20044,MADISO,36.2478,-86.7432,POINT (-86.7432 36.2478)
20190004659,01/02/2019 05:42:00 PM,2,0,0,,N,197070,11,Front to Rear,21,CLEAR,1,DAYLIGHT,12,MOTOR VEHICLE IN TRANSPORT,I65 N EXT RAMP & I 65,NASHVILLE,TN,37207,1863,EAST,36.2057,-86.7747,POINT (-86.7747 36.2057)
20190171792,03/04/2019 03:21:00 PM,2,0,0,,N,279208,5,SIDESWIPE - SAME DIRECTION,21,CLEAR,1,DAYLIGHT,12,MOTOR VEHICLE IN TRANSPORT,14TH AVN & I40 E ENT RAMP,NASHVILLE,TN,37203,5517,MIDTOW,36.1561,-86.7901,POINT (-86.7901 36.1561)
20190544522,07/21/2019 12:50:00 PM,2,0,0,,N,473670,11,Front to Rear,2,RAIN,1,DAYLIGHT,12,MOTOR VEHICLE IN TRANSPORT,MM 49 0 I 24,NASHVILLE,TN,37206,10040,EAST,36.1664,-86.7647,POINT (-86.7647 36.1664)
20190225385,03/23/2019 03:20:00 AM,1,0,0,,N,330414,0,NOT COLLISION W/MOTOR VEHICLE-TRANSPORT,21,CLEAR,3,DARK - LIGHTED,16,THROWN OR FALLING OBJECT,BROADWAY & 4TH AVN,NASHVILLE,TN,37203,4091,CENTRA,36.161,-86.7772,POINT (-86.7772 36.161)
20190298221,04/18/2019 06:20:00 AM,2,0,0,,Y,676834,5,SIDESWIPE - SAME DIRECTION,21,CLEAR,1,DAYLIGHT,12,MOTOR VEHICLE IN TRANSPORT,WEST END AV & 31ST AVN,NASHVILLE,TN,37212,5815,MIDTOW,36.1426,-86.8155,POINT (-86.8155 36.1426)
20190230547,03/25/2019 08:11:00 AM,2,0,0,,N,279122,11,Front to Rear,22,CLOUDY,1,DAYLIGHT,12,MOTOR VEHICLE IN TRANSPORT,MM 87 8 I 65,NASHVILLE,TN,37207,1804,EAST,36.2138,-86.7754,POINT (-86.7754 36.2138)
20190019972,01/08/2019 07:38:00 PM,3,1,0,,N,256389,11,Front to Rear,21,CLEAR,3,DARK - LIGHTED,12,MOTOR VEHICLE IN TRANSPORT,MM 3 6 I 440,NASHVILLE,TN,37212,6502,MIDTOW,36.1161,-86.7967,POINT (-86.7967 36.1161)
20190010567,01/04/2019 10:04:00 PM,2,0,0,,N,802993,11,Front to Rear,2,RAIN,3,DARK - LIGHTED,12,MOTOR VEHICLE IN TRANSPORT,DICKERSON PKE & BRILEY PKWY W ENT RAMP,MADISON,TN,37115,20143,MADISO,36.2414,-86.7572,POINT (-86.7572 36.2414)
20190434468,06/07/2019 02:44:00 PM,2,0,0,,N,299266,11,Front to Rear,22,CLOUDY,1,DAYLIGHT,12,MOTOR VEHICLE IN TRANSPORT,MM 54 0 I 24,NASHVILLE,TN,37211,88122,SOUTH,36.1064,-86.7188,POINT (-86.7188 36.1064)
20190200021,03/14/2019 11:19:00 AM,2,1,0,Y,Y,226622,4,ANGLE,22,CLOUDY,1,DAYLIGHT,12;57,MOTOR VEHICLE IN TRANSPORT;Cable Barrier,BRILEY PKWYS & VERNON AV,NASHVILLE,TN,37209,4608,WEST,36.162,-86.8674,POINT (-86.8674 36.162)
20190036712,01/15/2019 02:37:00 AM,1,1,0,,N,345098,0,NOT COLLISION W/MOTOR VEHICLE-TRANSPORT,21,CLEAR,2,DARK - NOT LIGHTED,1;34;43;63;64,DITCH;OTHER FIXED OBJECTS;Ran Off Road-Right;Ran Off Road-Left,2600 MUSIC VALLEY DR,NASHVILLE,TN,37214,9213,HERMIT,36.2313,-86.7007,POINT (-86.7007 36.2313)
20190132914,02/18/2019 03:35:00 PM,2,0,0,,N,876597,11,Front to Rear,21,CLEAR,1,DAYLIGHT,12,MOTOR VEHICLE IN TRANSPORT,BELL RD & CANE RIDGE RD,ANTIOCH,TN,37013,8753,SOUTH,36.0449,-86.6631,POINT (-86.6631 36.0449)
20190381502,05/18/2019 10:40:00 PM,2,1,0,,N,279216,4,ANGLE,21,CLEAR,3,DARK - LIGHTED,12,MOTOR VEHICLE IN TRANSPORT,W TRINITY LN & SCRUGGS LN,NASHVILLE,TN,37207,3009,NORTH,36.207,-86.7825,POINT (-86.7825 36.207)
20190441874,06/10/2019 05:41:00 PM,2,0,0,,N,429193,11,Front to Rear,21,CLEAR,1,DAYLIGHT,12,MOTOR VEHICLE IN TRANSPORT,HARDING PL & HILLSBORO PK,NASHVILLE,TN,37215,6203,WEST,36.0911,-86.8289,POINT (-86.8289 36.0911)
20190162649,02/28/2019 09:44:00 PM,2,0,0,,N,240987,11,Front to Rear,21,CLEAR,3,DARK - LIGHTED,12,MOTOR VEHICLE IN TRANSPORT,NOLENSVILLE PKE & MCCALL ST,NASHVILLE,TN,37211,8431,SOUTH,36.0994,-86.7393,POINT (-86.7393 36.0994)
20190458908,06/17/2019 07:00:00 AM,2,0,0,,N,161952,11,Front to Rear,21,CLEAR,1,DAYLIGHT,12,MOTOR VEHICLE IN TRANSPORT,MM 38 9 I 24,WHITES CREEK,TN,37189,33181,NORTH,36.2989,-86.8119,POINT (-86.8119 36.2989)
20190186331,03/09/2019 08:21:00 AM,1,1,0,,N,110063,0,NOT COLLISION W/MOTOR VEHICLE-TRANSPORT,2,RAIN,1,DAYLIGHT,1;36,CONCRETE TRAFFIC BARRIER,MM 43 7 I 24,NASHVILLE,TN,37207,3224,NORTH,36.2351,-86.7856,POINT (-86.7856 36.2351)
20190076087,01/29/2019 09:26:00 AM,2,0,0,,N,902543,11,Front to Rear,21,CLEAR,1,DAYLIGHT,12,MOTOR VEHICLE IN TRANSPORT,ELLINGTON PKWYS & SPRING ST ENT RAMP,NASHVILLE,TN,37207,19961,EAST,36.1766,-86.7658,POINT (-86.7658 36.1766)
20190384912,05/20/2019 11:45:00 AM,2,0,0,Y,Y,468031,11,Front to Rear,21,CLEAR,1,DAYLIGHT,12;18;33,MOTOR VEHICLE IN TRANSPORT;OTHER OBJECT (NOT FIXED);CURB,GREENFIELD AV & GALLATIN PKE,NASHVILLE,TN,37216,1439,EAST,36.2109,-86.7331,POINT (-86.7331 36.2109)
20190175098,03/05/2019 03:26:00 PM,1,0,0,Y,N,212322,0,NOT COLLISION W/MOTOR VEHICLE-TRANSPORT,21,CLEAR,1,DAYLIGHT,25,GUARDRAIL END,I24 E ENT RAMP & I 24,NASHVILLE,TN,37213,1007,CENTRA,36.1662,-86.7659,POINT (-86.7659 36.1662)
20190009891,01/04/2019 04:15:00 PM,2,0,0,,Y,298860,3,REAR-TO-REAR,21,CLEAR,1,DAYLIGHT,12;14,MOTOR VEHICLE IN TRANSPORT;PARKED MOTOR VEHICLE,LEBANON PKE & SHADY GROVE RD,NASHVILLE,TN,37214,9113,HERMIT,36.1699,-86.6736,POINT (-86.6736 36.1699)
20190397527,05/24/2019 01:22:00 PM,2,0,0,,N,352158,5,SIDESWIPE - SAME DIRECTION,21,CLEAR,1,DAYLIGHT,12,MOTOR VEHICLE IN TRANSPORT,OLD HICKORY BLVD & BRENTWOOD MEADOWS CIR,BRENTWOOD,TN,37027,8621,MIDTOW,36.0411,-86.7464,POINT (-86.7464 36.0411)
20190449871,06/13/2019 01:50:00 PM,2,1,0,,N,240952,11,Front to Rear,21,CLEAR,1,DAYLIGHT,12,MOTOR VEHICLE IN TRANSPORT,RICE RD & BELL RD,ANTIOCH,TN,37013,8865,SOUTH,36.1676,-86.7787,POINT (-86.7787 36.1676)
20190135740,02/19/2019 01:01:00 PM,2,0,0,,Y,279230,5,SIDESWIPE - SAME DIRECTION,22,CLOUDY,1,DAYLIGHT,12,MOTOR VEHICLE IN TRANSPORT,MM 53 1 I 24,NASHVILLE,TN,37210,88142,SOUTH,36.1172,-86.7256,POINT (-86.7256 36.1172)
20190288682,04/15/2019 11:05:00 AM,2,0,0,,N,352204,4,ANGLE,21,CLEAR,1,DAYLIGHT,12,MOTOR VEHICLE IN TRANSPORT,NOELTON AV & GRANNY WHITE PKE,NASHVILLE,TN,37204,7005,MIDTOW,36.1129,-86.7924,POINT (-86.7924 36.1129)
20190441682,06/10/2019 05:16:00 PM,2,0,0,,N,279204,11,Front to Rear,21,CLEAR,1,DAYLIGHT,12,MOTOR VEHICLE IN TRANSPORT,MM 208 6 I 40,NASHVILLE,TN,37203,42020,CENTRA,36.1629,-86.7935,POINT (-86.7935 36.1629)
20190257550,04/03/2019 04:16:00 PM,3,0,0,,N,226827,11,Front to Rear,21,CLEAR,1,DAYLIGHT,12,MOTOR VEHICLE IN TRANSPORT,MM 91 2 I 65,MADISON,TN,37115,2006,MADISO,36.2503,-86.7413,POINT (-86.7413 36.2503)
20190404375,05/27/2019 11:50:00 AM,2,0,0,,Y,134899,11,Front to Rear,21,CLEAR,1,DAYLIGHT,12,MOTOR VEHICLE IN TRANSPORT,BRILEY PKWYN & WINDEMERE DR,NASHVILLE,TN,37214,92980,HERMIT,36.1791,-86.6955,POINT (-86.6955 36.1791)
20190269479,04/08/2019 07:52:00 AM,2,0,0,,N,140788,11,Front to Rear,2,RAIN,1,DAYLIGHT,12,MOTOR VEHICLE IN TRANSPORT,MM 84 9 I 65,NASHVILLE,TN,37208,44040,NORTH,36.1782,-86.8009,POINT (-86.8009 36.1782)
20190564299,07/29/2019 01:05:00 PM,1,0,0,,N,405391,0,NOT COLLISION W/MOTOR VEHICLE-TRANSPORT,21,CLEAR,1,DAYLIGHT,34,DITCH,OLD CHARLOTTE PKE & SEARS RD,PEGRAM,TN,37143,4715,WEST,36.1073,-87.0166,POINT (-87.0166 36.1073)
20190053860,01/21/2019 12:00:00 PM,2,0,0,,N,226622,11,Front to Rear,21,CLEAR,1,DAYLIGHT,12,MOTOR VEHICLE IN TRANSPORT,I440 E EXT RAMP & I 440,NASHVILLE,TN,37205,5249,WEST,36.1366,-86.8221,POINT (-86.8221 36.1366)
20190101402,02/06/2019 10:46:00 PM,1,1,0,,N,197053,0,NOT COLLISION W/MOTOR VEHICLE-TRANSPORT,2,RAIN,3,DARK - LIGHTED,24,GUARDRAIL FACE,MM 52 9 I 24,NASHVILLE,TN,37217,8816,SOUTH,36.1206,-86.7268,POINT (-86.7268 36.1206)
20190372626,05/15/2019 05:28:00 PM,2,0,0,,N,279211,4,ANGLE,22,CLOUDY,1,DAYLIGHT,12,MOTOR VEHICLE IN TRANSPORT,BRILEY PKWY W EXT RAMP & BRICK CHURCH PK,NASHVILLE,TN,37207,2033,MADISO,36.2397,-86.7808,POINT (-86.7808 36.2397)
20190099389,02/06/2019 07:01:00 AM,2,0,0,,N,278580,4,ANGLE,22,CLOUDY,1,DAYLIGHT,1;12,MOTOR VEHICLE IN TRANSPORT,HILLSBORO PKE & OVERHILL DR,NASHVILLE,TN,37215,6111,WEST,36.1013,-86.8183,POINT (-86.8183 36.1013)
20190093444,02/04/2019 11:30:00 AM,1,0,0,,Y,676834,0,NOT COLLISION W/MOTOR VEHICLE-TRANSPORT,22,CLOUDY,1,DAYLIGHT,9,,ROSA L PARKS BLVD & I65 S EXT RAMP,NASHVILLE,TN,37208,4405,NORTH,36.1861,-86.7984,POINT (-86.7984 36.1861)
20190564874,07/29/2019 06:13:00 PM,2,1,0,,N,584947,11,Front to Rear,21,CLEAR,1,DAYLIGHT,12,MOTOR VEHICLE IN TRANSPORT,EDMONDSON PKE & BRIARWOOD DR,NASHVILLE,TN,37211,8659,MIDTOW,36.0682,-86.737,POINT (-86.737 36.0682)
20190112236,02/11/2019 08:10:00 AM,2,1,0,,N,222047,11,Front to Rear,22,CLOUDY,1,DAYLIGHT,12,MOTOR VEHICLE IN TRANSPORT,MURFREESBORO PKE & RANSOM PL,NASHVILLE,TN,37217,8853,SOUTH,36.0892,-86.6501,POINT (-86.6501 36.0892)
20190223004,03/22/2019 08:56:00 AM,3,1,0,,N,812949,11,Front to Rear,21,CLEAR,1,DAYLIGHT,12,MOTOR VEHICLE IN TRANSPORT,MM 86 9 I 65,NASHVILLE,TN,37207,3002,NORTH,36.2009,-86.7768,POINT (-86.7768 36.2009)
20190008909,01/04/2019 12:00:00 AM,3,0,0,,N,298865,4,ANGLE,2,RAIN,1,DAYLIGHT,12,MOTOR VEHICLE IN TRANSPORT,DICKERSON PKE & DICKERSON PKE ENT RAMP,MADISON,TN,37115,2009,MADISO,36.242,-86.7571,POINT (-86.7571 36.242)
20190204015,03/15/2019 05:56:00 PM,2,0,0,,Y,256380,11,Front to Rear,21,CLEAR,1,DAYLIGHT,12,MOTOR VEHICLE IN TRANSPORT,N 1ST ST & SPRING ST,NASHVILLE,TN,37207,1955,CENTRA,36.1769,-86.7746,POINT (-86.7746 36.1769)
20190464440,06/19/2019 07:56:00 AM,2,0,0,,N,462474,11,Front to Rear,22,CLOUDY,1,DAYLIGHT,12,MOTOR VEHICLE IN TRANSPORT,MM 76 5 I 65,NASHVILLE,TN,37220,71040,MIDTOW,36.0639,-86.7716,POINT (-86.7716 36.0639)
20190574782,08/02/2019 01:11:00 PM,2,0,0,,N,620072,4,ANGLE,22,CLOUDY,1,DAYLIGHT,12,MOTOR VEHICLE IN TRANSPORT,15TH AVE N & CHURCH ST,NASHVILLE,TN,37203,5501,MIDTOW,36.158,-86.7932,POINT (-86.7932 36.158)
20190503415,07/04/2019 03:05:00 AM,2,2,0,,N,345098,4,ANGLE,21,CLEAR,3,DARK - LIGHTED,12;2;30,MOTOR VEHICLE IN TRANSPORT;UTILITY POLE,WOODLAND ST & INTERSTATE DR,NASHVILLE,TN,37213,1107,CENTRA,36.1705,-86.7685,POINT (-86.7685 36.1705)
20190337880,05/02/2019 12:00:00 AM,2,0,0,,Y,429205,11,Front to Rear,21,CLEAR,1,DAYLIGHT,12;14,MOTOR VEHICLE IN TRANSPORT;PARKED MOTOR VEHICLE,10TH AVN & COMMERCE ST,NASHVILLE,TN,37203,4117,CENTRA,36.1592,-86.785,POINT (-86.785 36.1592)
20190186721,03/09/2019 12:46:00 PM,1,1,0,,N,332253,0,NOT COLLISION W/MOTOR VEHICLE-TRANSPORT,2,RAIN,1,DAYLIGHT,36,CONCRETE TRAFFIC BARRIER,MM 92 1 I 65,MADISON,TN,37115,17280,MADISO,36.263,-86.7378,POINT (-86.7378 36.263)
20190106584,02/08/2019 05:18:00 PM,2,0,0,,Y,256383,11,Front to Rear,21,CLEAR,3,DARK - LIGHTED,12,MOTOR VEHICLE IN TRANSPORT,DONELSON PKE & MURFREESBORO PKE,NASHVILLE,TN,37217,8841,SOUTH,36.1062,-86.6731,POINT (-86.6731 36.1062)
20190556603,07/26/2019 02:26:00 AM,2,0,0,,Y,298871,4,ANGLE,21,CLEAR,3,DARK - LIGHTED,12,MOTOR VEHICLE IN TRANSPORT,WEST END AV & 17TH AVS,NASHVILLE,TN,37203,5707,MIDTOW,36.1538,-86.7944,POINT (-86.7944 36.1538)
20190180854,03/07/2019 09:46:00 AM,2,0,0,,N,191578,5,SIDESWIPE - SAME DIRECTION,22,CLOUDY,1,DAYLIGHT,12,MOTOR VEHICLE IN TRANSPORT,MM 213 5 I 40,NASHVILLE,TN,37210,90062,HERMIT,36.1406,-86.7215,POINT (-86.7215 36.1406)
20190571986,08/01/2019 12:40:00 PM,2,0,0,,N,224437,98,OTHER,21,CLEAR,1,DAYLIGHT,14,PARKED MOTOR VEHICLE,2ND AVN & COMMERCE ST,NASHVILLE,TN,37201,4101,CENTRA,36.163,-86.7759,POINT (-86.7759 36.163)
20190263264,04/05/2019 05:00:00 PM,2,5,1,,N,240979,2,HEAD-ON,21,CLEAR,1,DAYLIGHT,12,MOTOR VEHICLE IN TRANSPORT,DUE WEST AVN & PORT DR,MADISON,TN,37115,2041,MADISO,36.2538,-86.744,POINT (-86.744 36.2538)
20190340802,05/03/2019 01:48:00 PM,2,1,0,,N,226136,11,Front to Rear,22,CLOUDY,1,DAYLIGHT,12,MOTOR VEHICLE IN TRANSPORT,THOMPSON LN & LANDERS AV,NASHVILLE,TN,37211,8521,MIDTOW,36.1112,-86.7487,POINT (-86.7487 36.1112)
20190517562,07/10/2019 04:09:00 PM,2,1,0,,N,256389,11,Front to Rear,22,CLOUDY,1,DAYLIGHT,12,MOTOR VEHICLE IN TRANSPORT,OLD HICKORY BLVD & HILLSBORO PKE,NASHVILLE,TN,37221,6215,WEST,36.0476,-86.8637,POINT (-86.8637 36.0476)
20190281152,04/12/2019 09:00:00 AM,2,0,0,,N,226134,11,Front to Rear,2,RAIN,1,DAYLIGHT,12,MOTOR VEHICLE IN TRANSPORT,MM 56 2 I 24,NASHVILLE,TN,37211,88100,SOUTH,36.0799,-86.6961,POINT (-86.6961 36.0799)
20190469920,06/21/2019 01:13:00 AM,1,0,0,,N,311800,0,NOT COLLISION W/MOTOR VEHICLE-TRANSPORT,21,CLEAR,3,DARK - LIGHTED,33;41,CURB;SHRUBBERY,KOREAN VETERANS BLVD & 8TH AVS,NASHVILLE,TN,37203,4043,CENTRA,36.1553,-86.7783,POINT (-86.7783 36.1553)
20190298771,04/18/2019 09:40:00 AM,1,0,0,Y,Y,299243,0,NOT COLLISION W/MOTOR VEHICLE-TRANSPORT,21,CLEAR,1,DAYLIGHT,19,BUILDING,8TH AVS & DREXEL ST,NASHVILLE,TN,37203,4023,CENTRA,36.1528,-86.7793,POINT (-86.7793 36.1528)
20190226205,03/23/2019 01:20:00 PM,2,0,0,,N,420034,11,Front to Rear,21,CLEAR,1,DAYLIGHT,12,MOTOR VEHICLE IN TRANSPORT,MM 88 5 I 65,NASHVILLE,TN,37207,30040,NORTH,36.2237,-86.7746,POINT (-86.7746 36.2237)
20190145836,02/22/2019 06:32:00 PM,2,0,0,,N,330415,5,SIDESWIPE - SAME DIRECTION,2,RAIN,3,DARK - LIGHTED,12,MOTOR VEHICLE IN TRANSPORT,DIVISION ST & MAGAZINE ST,NASHVILLE,TN,37203,4019,CENTRA,36.151,-86.7831,POINT (-86.7831 36.151)
20190334342,05/01/2019 07:15:00 AM,2,0,0,,N,223502,4,ANGLE,21,CLEAR,1,DAYLIGHT,12,MOTOR VEHICLE IN TRANSPORT,ANTIOCH PKE & HARDING PL,NASHVILLE,TN,37211,8843,SOUTH,36.088,-86.6927,POINT (-86.6927 36.088)
20190404161,05/27/2019 10:15:00 AM,4,0,0,Y,N,594473,0,NOT COLLISION W/MOTOR VEHICLE-TRANSPORT,21,CLEAR,1,DAYLIGHT,12;24,MOTOR VEHICLE IN TRANSPORT;GUARDRAIL FACE,MM 3 6 I 440,NASHVILLE,TN,37212,6502,MIDTOW,36.1161,-86.7967,POINT (-86.7967 36.1161)
20190390565,05/22/2019 08:14:00 AM,2,1,0,,N,156307,11,Front to Rear,21,CLEAR,1,DAYLIGHT,12,MOTOR VEHICLE IN TRANSPORT,MM 85 3 I 65,NASHVILLE,TN,37208,43042,NORTH,36.1847,-86.7977,POINT (-86.7977 36.1847)
20190213262,03/19/2019 10:01:00 AM,3,3,0,,N,279230,11,Front to Rear,21,CLEAR,1,DAYLIGHT,12,MOTOR VEHICLE IN TRANSPORT,HICKORY HOLLOW PKWY & CROSSINGS PL,ANTIOCH,TN,37013,8863,SOUTH,36.0431,-86.6501,POINT (-86.6501 36.0431)
20190449393,06/13/2019 12:00:00 AM,2,0,0,,Y,716886,9,UNKNOWN,21,CLEAR,1,DAYLIGHT,14,PARKED MOTOR VEHICLE,BOWWOOD DR & WOODMERE DR,NASHVILLE,TN,37217,8811,SOUTH,36.122,-86.7123,POINT (-86.7123 36.122)
20190345726,05/05/2019 12:00:00 AM,1,0,0,,Y,330433,0,NOT COLLISION W/MOTOR VEHICLE-TRANSPORT,22,CLOUDY,2,DARK - NOT LIGHTED,36,CONCRETE TRAFFIC BARRIER,I65 S EXT RAMP & I 65,MADISON,TN,37115,20044,MADISO,36.2481,-86.743,POINT (-86.743 36.2481)
20190050507,01/19/2019 04:45:00 PM,1,0,0,Y,N,320591,0,NOT COLLISION W/MOTOR VEHICLE-TRANSPORT,21,CLEAR,1,DAYLIGHT,43,OTHER FIXED OBJECTS,STONEFARM TRL & GRACEWOOD GROVE,ANTIOCH,TN,37013,8927,SOUTH,36.0511,-86.6049,POINT (-86.6049 36.0511)
20190019977,01/08/2019 05:40:00 PM,2,0,0,,Y,279124,5,SIDESWIPE - SAME DIRECTION,21,CLEAR,3,DARK - LIGHTED,12,MOTOR VEHICLE IN TRANSPORT,MURFREESBORO PKE & HAMILTON CHURCH RD,ANTIOCH,TN,37013,8865,SOUTH,36.0649,-86.6286,POINT (-86.6286 36.0649)
20190169160,03/03/2019 05:46:00 PM,2,1,0,,N,596389,11,Front to Rear,3,"SLEET, HAIL",3,DARK - LIGHTED,12,MOTOR VEHICLE IN TRANSPORT,CHARLOTTE PKE & I40 W EXT RAMP,NASHVILLE,TN,37209,4701,WEST,36.1302,-86.9002,POINT (-86.9002 36.1302)
20190409483,05/29/2019 07:54:00 AM,2,1,0,,N,352159,4,ANGLE,21,CLEAR,1,DAYLIGHT,12,MOTOR VEHICLE IN TRANSPORT,HERMITAGE AV & ROLLING MILL HILL GRNWY,NASHVILLE,TN,37210,4029,CENTRA,36.1552,-86.7648,POINT (-86.7648 36.1552)
20190420580,06/02/2019 11:46:00 AM,2,0,0,,Y,474557,11,Front to Rear,21,CLEAR,1,DAYLIGHT,12,MOTOR VEHICLE IN TRANSPORT,MURFREESBORO PKE & RURAL HILL RD,ANTIOCH,TN,37013,8861,SOUTH,36.0745,-86.6387,POINT (-86.6387 36.0745)
20190346829,05/06/2019 08:50:00 AM,2,1,0,,Y,311804,11,Front to Rear,21,CLEAR,1,DAYLIGHT,12,MOTOR VEHICLE IN TRANSPORT,CHARLOTTE AV & ROSA L PARKS BLVD,NASHVILLE,TN,37203,4147,CENTRA,36.1634,-86.7876,POINT (-86.7876 36.1634)
20190575503,08/02/2019 05:21:00 PM,2,0,0,,N,311333,11,Front to Rear,21,CLEAR,1,DAYLIGHT,12,MOTOR VEHICLE IN TRANSPORT,MM 54 6 I 24,NASHVILLE,TN,37211,84021,SOUTH,36.0994,-86.7109,POINT (-86.7109 36.0994)
20190577813,08/03/2019 12:00:00 AM,2,0,0,,N,279200,5,SIDESWIPE - SAME DIRECTION,2,RAIN,98,OTHER,12,MOTOR VEHICLE IN TRANSPORT,BROADWAY & 8TH AVS,NASHVILLE,TN,37203,4083,CENTRA,36.1589,-86.7821,POINT (-86.7821 36.1589)
20190092905,02/04/2019 07:09:00 AM,1,0,0,Y,N,279230,0,NOT COLLISION W/MOTOR VEHICLE-TRANSPORT,2,RAIN,1,DAYLIGHT,19,BUILDING,3321 CLAPHAM RD,ANTIOCH,TN,37013,8891,SOUTH,36.0759,-86.6539,POINT (-86.6539 36.0759)
20190044882,01/17/2019 07:00:00 PM,2,0,0,,Y,267831,5,SIDESWIPE - SAME DIRECTION,22,CLOUDY,3,DARK - LIGHTED,12,MOTOR VEHICLE IN TRANSPORT,MM 200 0 I 40,NASHVILLE,TN,37209,4708,WEST,36.1189,-86.9133,POINT (-86.9133 36.1189)
20190462615,06/18/2019 03:49:00 PM,2,0,0,,N,714641,4,ANGLE,21,CLEAR,1,DAYLIGHT,12,MOTOR VEHICLE IN TRANSPORT,8TH AVS & KOREAN VETERANS BLVD,NASHVILLE,TN,37203,4043,CENTRA,36.1549,-86.7792,POINT (-86.7792 36.1549)
20190139022,02/20/2019 02:53:00 PM,2,0,0,,N,206675,11,Front to Rear,21,CLEAR,1,DAYLIGHT,12,MOTOR VEHICLE IN TRANSPORT,NOLENSVILLE PKE & ROSEDALE AV,NASHVILLE,TN,37210,8101,SOUTH,36.1253,-86.7523,POINT (-86.7523 36.1253)
20190368970,05/14/2019 03:50:00 PM,2,0,0,,N,267831,11,Front to Rear,21,CLEAR,1,DAYLIGHT,12,MOTOR VEHICLE IN TRANSPORT,SAWYER BROWN RD & CROSS TIMBERS DR,NASHVILLE,TN,37221,4813,WEST,36.085,-86.9394,POINT (-86.9394 36.085)
20190581472,08/05/2019 11:52:00 AM,2,2,0,,N,716886,4,ANGLE,21,CLEAR,1,DAYLIGHT,12,MOTOR VEHICLE IN TRANSPORT,MURFREESBORO PKE & BELL RD,ANTIOCH,TN,37013,8979,SOUTH,36.072,-86.636,POINT (-86.636 36.072)
20190267458,04/07/2019 12:00:00 AM,2,0,0,,Y,429205,4,ANGLE,2,RAIN,1,DAYLIGHT,12;14,MOTOR VEHICLE IN TRANSPORT;PARKED MOTOR VEHICLE,4TH AVS & KOREAN VETERANS BLVD,NASHVILLE,TN,37201,4047,CENTRA,36.1569,-86.7745,POINT (-86.7745 36.1569)
20190420840,06/02/2019 12:00:00 AM,2,0,0,,Y,298877,98,OTHER,21,CLEAR,1,DAYLIGHT,12,MOTOR VEHICLE IN TRANSPORT,MM 54 3 I 24,NASHVILLE,TN,37211,84020,SOUTH,36.1034,-86.7148,POINT (-86.7148 36.1034)
20190291455,04/16/2019 08:25:00 AM,2,1,0,,N,352198,98,OTHER,21,CLEAR,1,DAYLIGHT,12,MOTOR VEHICLE IN TRANSPORT,HORTON AV & 17TH AVS,NASHVILLE,TN,37212,6627,MIDTOW,36.1409,-86.7949,POINT (-86.7949 36.1409)
20190338137,05/02/2019 02:40:00 PM,2,0,0,,N,807326,11,Front to Rear,21,CLEAR,1,DAYLIGHT,12,MOTOR VEHICLE IN TRANSPORT,MM 49 4 I 24,NASHVILLE,TN,37206,10040,EAST,36.1613,-86.7604,POINT (-86.7604 36.1613)
20190522107,07/12/2019 10:10:00 AM,2,0,0,,N,716886,11,Front to Rear,21,CLEAR,1,DAYLIGHT,12,MOTOR VEHICLE IN TRANSPORT,DOVER GLEN DR & LAKEVILLA DR,ANTIOCH,TN,37013,8861,SOUTH,36.077,-86.6416,POINT (-86.6416 36.077)
20190047017,01/18/2019 01:00:00 PM,2,0,0,,N,330431,11,Front to Rear,22,CLOUDY,1,DAYLIGHT,12,MOTOR VEHICLE IN TRANSPORT,MM 49 4 I 24,NASHVILLE,TN,37206,10040,EAST,36.1613,-86.7604,POINT (-86.7604 36.1613)
20190428513,06/05/2019 11:44:00 AM,1,1,0,Y,N,191578,0,NOT COLLISION W/MOTOR VEHICLE-TRANSPORT,21,CLEAR,1,DAYLIGHT,23;24,BRIDGE RAIL;GUARDRAIL FACE,CENTRAL PKE & HERMITAGE INDUSTRIAL DR,HERMITAGE,TN,37076,9503,HERMIT,36.184,-86.6246,POINT (-86.6246 36.184)
20190329681,04/29/2019 05:35:00 PM,2,0,0,,N,352184,11,Front to Rear,21,CLEAR,1,DAYLIGHT,12,MOTOR VEHICLE IN TRANSPORT,LEBANON PKE & OLD LEBANON PKE,NASHVILLE,TN,37214,9125,HERMIT,36.1678,-86.6637,POINT (-86.6637 36.1678)
20190378903,05/17/2019 05:01:00 PM,2,0,0,,N,206675,4,ANGLE,21,CLEAR,1,DAYLIGHT,12,MOTOR VEHICLE IN TRANSPORT,17TH AVN & PATTERSON ST,NASHVILLE,TN,37203,5505,MIDTOW,36.1577,-86.7974,POINT (-86.7974 36.1577)