Accident Number,Date and Time,Number of Motor Vehicles,Number of Injuries,Number of Fatalities,Property Damage,Hit and Run,Reporting Officer,Collision Type Code,Collision Type Description,Weather Code,Weather Description,Illumination Code,Illumination Description,Harmful Code,Harmful Code Description,Street Address,City,State,ZIP,RPA,Precinct,Latitude,Longitude,Mapped Location
20190313593,04/23/2019 03:57:00 PM,3,0,0,,Y,279124,4,ANGLE,21,CLEAR,1,DAYLIGHT,12,MOTOR VEHICLE IN TRANSPORT,I24 W ENT RAMP & I 24,NASHVILLE,TN,37206,1009,EAST,36.1666,-86.7638,POINT (-86.7638 36.1666)
20190407902,05/28/2019 12:00:00 AM,2,0,0,,Y,206964,4,ANGLE,21,CLEAR,1,DAYLIGHT,14,PARKED MOTOR VEHICLE,MINERS CV & TRAPPERS RDG,ANTIOCH,TN,37013,8899,SOUTH,36.0706,-86.669,POINT (-86.669 36.0706)
20190194562,03/12/2019 03:10:00 PM,1,0,0,,N,134899,0,NOT COLLISION W/MOTOR VEHICLE-TRANSPORT,21,CLEAR,1,DAYLIGHT,1;32;34;63,CULVERT;DITCH;Ran Off Road-Right,LAKESHORE DR & OLD HICKORY BLVD,OLD HICKORY,TN,37138,9723,HERMIT,36.2388,-86.63,POINT (-86.63 36.2388)
20190578786,08/04/2019 04:10:00 AM,2,1,0,,Y,179603,4,ANGLE,21,CLEAR,2,DARK - NOT LIGHTED,12,MOTOR VEHICLE IN TRANSPORT,MM 42 2 I 24,WHITES CREEK,TN,37189,3226,NORTH,36.2553,-86.7866,POINT (-86.7866 36.2553)
20190404665,05/27/2019 01:07:00 PM,2,0,0,,N,299266,4,ANGLE,21,CLEAR,1,DAYLIGHT,14,PARKED MOTOR VEHICLE,BURWICK PL & WAREHAM CT,ANTIOCH,TN,37013,8997,SOUTH,36.0867,-86.5862,POINT (-86.5862 36.0867)
20190221201,03/21/2019 06:18:00 PM,3,0,0,,Y,151132,11,Front to Rear,22,CLOUDY,1,DAYLIGHT,12,MOTOR VEHICLE IN TRANSPORT,OLD HICKORY BLVDW & HEAD DR,MADISON,TN,37115,1777,MADISO,36.2642,-86.7346,POINT (-86.7346 36.2642)
20190070346,01/27/2019 08:50:00 AM,2,1,0,,N,279227,6,SIDESWIPE - OPPOSITE DIRECTION,21,CLEAR,1,DAYLIGHT,12,MOTOR VEHICLE IN TRANSPORT,CANE RIDGE RD & PRESTON RD,ANTIOCH,TN,37013,8753,SOUTH,36.0357,-86.6569,POINT (-86.6569 36.0357)
20190138478,02/20/2019 10:50:00 AM,2,2,0,,N,109534,5,SIDESWIPE - SAME DIRECTION,2,RAIN,1,DAYLIGHT,12;39,MOTOR VEHICLE IN TRANSPORT;WALL,MM 211 2 I 40,NASHVILLE,TN,37210,8008,HERMIT,36.1535,-86.7564,POINT (-86.7564 36.1535)
20190357142,05/09/2019 07:10:00 PM,2,2,0,,N,240976,4,ANGLE,21,CLEAR,1,DAYLIGHT,12,MOTOR VEHICLE IN TRANSPORT,MAIN ST & N 8TH ST,NASHVILLE,TN,37206,1999,EAST,36.1754,-86.7588,POINT (-86.7588 36.1754)
20190332775,04/30/2019 06:10:00 PM,2,2,0,,Y,352184,5,SIDESWIPE - SAME DIRECTION,21,CLEAR,1,DAYLIGHT,12,MOTOR VEHICLE IN TRANSPORT,BRILEY PKWY N EXT RAMP & MCGAVOCK PKE EB,NASHVILLE,TN,37214,92901,HERMIT,36.2152,-86.6917,POINT (-86.6917 36.2152)
20190446407,06/12/2019 09:11:00 AM,2,3,0,,N,405404,4,ANGLE,21,CLEAR,1,DAYLIGHT,12;24,MOTOR VEHICLE IN TRANSPORT;GUARDRAIL FACE,MURFREESBORO PKE & JUPITER DR,NASHVILLE,TN,37217,8823,HERMIT,36.1196,-86.7019,POINT (-86.7019 36.1196)
20190468828,06/20/2019 04:47:00 PM,2,0,0,,N,352159,11,Front to Rear,21,CLEAR,1,DAYLIGHT,12,MOTOR VEHICLE IN TRANSPORT,BRILEY PKWYS & BRILEY PKWY N ENT RAMP,NASHVILLE,TN,37210,90960,HERMIT,36.1535,-86.6915,POINT (-86.6915 36.1535)
20190126910,02/16/2019 12:38:00 AM,2,0,0,,N,298871,4,ANGLE,2,RAIN,3,DARK - LIGHTED,12,MOTOR VEHICLE IN TRANSPORT,17TH AVS & BROADWAY,NASHVILLE,TN,37203,5705,MIDTOW,36.1533,-86.794,POINT (-86.794 36.1533)
20190286164,04/14/2019 11:08:00 AM,3,0,0,,N,299243,11,Front to Rear,21,CLEAR,1,DAYLIGHT,12,MOTOR VEHICLE IN TRANSPORT,COWAN ST & JEFFERSON ST,NASHVILLE,TN,37213,1989,CENTRA,36.1769,-86.7762,POINT (-86.7762 36.1769)
20190376925,05/17/2019 02:16:00 AM,3,5,1,,N,156308,4,ANGLE,21,CLEAR,3,DARK - LIGHTED,12;13,MOTOR VEHICLE IN TRANSPORT;MOTOR VEHICLE IN TRANSPORT-OTHER ROADWAY,W TRINITY LN & BRICK CHURCH PKE,NASHVILLE,TN,37207,3003,NORTH,36.2066,-86.7779,POINT (-86.7779 36.2066)
20190062725,01/24/2019 01:08:00 PM,1,0,0,,N,716886,0,NOT COLLISION W/MOTOR VEHICLE-TRANSPORT,21,CLEAR,1,DAYLIGHT,34,DITCH,LUNA DR & LUNA CT,NASHVILLE,TN,37211,8851,SOUTH,36.0809,-86.6934,POINT (-86.6934 36.0809)
20190234312,03/26/2019 09:50:00 AM,2,0,0,,Y,405391,11,Front to Rear,21,CLEAR,1,DAYLIGHT,12,MOTOR VEHICLE IN TRANSPORT,SHELBY AV & I24 E ENT RAMP,NASHVILLE,TN,37213,1007,CENTRA,36.1662,-86.7658,POINT (-86.7658 36.1662)
20190525118,07/13/2019 05:17:00 PM,2,1,0,,Y,330444,11,Front to Rear,21,CLEAR,1,DAYLIGHT,12,MOTOR VEHICLE IN TRANSPORT,WEST END AV & ORLEANS DR,NASHVILLE,TN,37212,5819,MIDTOW,36.1388,-86.8197,POINT (-86.8197 36.1388)
20190349532,05/07/2019 05:47:00 AM,2,1,0,,Y,311336,5,SIDESWIPE - SAME DIRECTION,21,CLEAR,1,DAYLIGHT,12,MOTOR VEHICLE IN TRANSPORT,MM 206 0 I 40,NASHVILLE,TN,37209,45042,NORTH,36.1586,-86.8226,POINT (-86.8226 36.1586)
20190463568,06/18/2019 12:00:00 AM,2,0,0,,Y,109531,5,SIDESWIPE - SAME DIRECTION,21,CLEAR,3,DARK - LIGHTED,12,MOTOR VEHICLE IN TRANSPORT,SEYMOUR AV & MCFERRIN AV,NASHVILLE,TN,37206,1929,EAST,36.1863,-86.7538,POINT (-86.7538 36.1863)
20190219665,03/21/2019 08:00:00 AM,3,0,0,,Y,714648,11,Front to Rear,21,CLEAR,1,DAYLIGHT,12,MOTOR VEHICLE IN TRANSPORT,ELLINGTON PKWY & ELLINGTON PKWYN,NASHVILLE,TN,37207,1896,EAST,36.2006,-86.7515,POINT (-86.7515 36.2006)
20190159383,02/27/2019 05:55:00 PM,2,2,0,,N,212338,2,HEAD-ON,21,CLEAR,3,DARK - LIGHTED,12;6,MOTOR VEHICLE IN TRANSPORT,GRANNY WHITE PKE & OLD HICKORY BLVD,NASHVILLE,TN,37220,7111,MIDTOW,36.0397,-86.8164,POINT (-86.8164 36.0397)
20190101070,02/06/2019 07:08:00 PM,2,0,0,,N,256422,4,ANGLE,2,RAIN,3,DARK - LIGHTED,12,MOTOR VEHICLE IN TRANSPORT,12TH AVN & HERMAN ST,NASHVILLE,TN,37203,5421,NORTH,36.1672,-86.7964,POINT (-86.7964 36.1672)
20190043231,01/17/2019 07:25:00 AM,1,1,0,,N,262766,0,NOT COLLISION W/MOTOR VEHICLE-TRANSPORT,2,RAIN,1,DAYLIGHT,36,CONCRETE TRAFFIC BARRIER,MM 202 9 I 40,NASHVILLE,TN,37209,46024,WEST,36.1482,-86.8762,POINT (-86.8762 36.1482)
20190205701,03/16/2019 12:35:00 PM,2,3,0,,N,332253,11,Front to Rear,21,CLEAR,1,DAYLIGHT,12,MOTOR VEHICLE IN TRANSPORT,SPRINGFIELD HWY & SPRINGFIELD HWY PVTDR,GOODLETTSVILLE,TN,37072,2215,MADISO,36.3848,-86.7546,POINT (-86.7546 36.3848)
20190459220,06/17/2019 09:22:00 AM,1,0,0,,N,311799,0,NOT COLLISION W/MOTOR VEHICLE-TRANSPORT,22,CLOUDY,1,DAYLIGHT,24,GUARDRAIL FACE,I24 W ENT RAMP & I 24,NASHVILLE,TN,37206,1009,EAST,36.1666,-86.7638,POINT (-86.7638 36.1666)
20190381461,05/18/2019 09:22:00 PM,2,1,0,,N,299267,11,Front to Rear,21,CLEAR,3,DARK - LIGHTED,12,MOTOR VEHICLE IN TRANSPORT,MM 77 3 I 65,NASHVILLE,TN,37220,86042,MIDTOW,36.0758,-86.7677,POINT (-86.7677 36.0758)
20190027783,01/11/2019 12:42:00 PM,2,0,0,,N,716886,4,ANGLE,21,CLEAR,1,DAYLIGHT,12,MOTOR VEHICLE IN TRANSPORT,ANTIOCH PKE & HARDING PL,NASHVILLE,TN,37211,8847,SOUTH,36.0874,-86.6922,POINT (-86.6922 36.0874)
20190421649,06/03/2019 12:30:00 AM,2,0,0,,Y,225819,11,Front to Rear,21,CLEAR,3,DARK - LIGHTED,12,MOTOR VEHICLE IN TRANSPORT,NOLENSVILLE PKE & OLD HICKORY BLVD,NASHVILLE,TN,37211,8717,SOUTH,36.0454,-86.7133,POINT (-86.7133 36.0454)
20190506150,07/05/2019 09:15:00 AM,2,0,0,,N,665896,5,SIDESWIPE - SAME DIRECTION,21,CLEAR,1,DAYLIGHT,12,MOTOR VEHICLE IN TRANSPORT,GALLATIN PKE & HART LN,NASHVILLE,TN,37216,1441,EAST,36.2116,-86.7326,POINT (-86.7326 36.2116)
20190575952,08/02/2019 08:45:00 PM,2,1,0,,N,579971,11,Front to Rear,2,RAIN,3,DARK - LIGHTED,12,MOTOR VEHICLE IN TRANSPORT,TUSCULUM RD & SHACKLETT LANE CT,ANTIOCH,TN,37013,8713,SOUTH,36.0529,-86.6747,POINT (-86.6747 36.0529)
20190065621,01/25/2019 12:21:00 PM,2,1,0,,N,676834,4,ANGLE,21,CLEAR,1,DAYLIGHT,12,MOTOR VEHICLE IN TRANSPORT,W TRINITY LN & HAMPTON ST,NASHVILLE,TN,37207,3007,NORTH,36.2067,-86.7784,POINT (-86.7784 36.2067)
20190306403,04/21/2019 11:28:00 AM,2,0,0,,N,584947,11,Front to Rear,21,CLEAR,1,DAYLIGHT,12,MOTOR VEHICLE IN TRANSPORT,EDMONDSON PKE & WHISPERING HILLS DR,NASHVILLE,TN,37211,8661,MIDTOW,36.0729,-86.7325,POINT (-86.7325 36.0729)
20190372390,05/15/2019 03:48:00 PM,2,5,1,,N,414668,4,ANGLE,22,CLOUDY,1,DAYLIGHT,12,MOTOR VEHICLE IN TRANSPORT,FERN AV & WHITES CREEK PKE,NASHVILLE,TN,37207,1867,EAST,36.1955,-86.7751,POINT (-86.7751 36.1955)
20190453250,06/14/2019 02:52:00 PM,2,0,0,,N,330445,4,ANGLE,21,CLEAR,1,DAYLIGHT,12,MOTOR VEHICLE IN TRANSPORT,31ST AVN & BURCH AV,NASHVILLE,TN,37203,5625,MIDTOW,36.1464,-86.8164,POINT (-86.8164 36.1464)
20190551768,07/24/2019 08:28:00 AM,2,0,0,,N,262749,4,ANGLE,21,CLEAR,1,DAYLIGHT,12,MOTOR VEHICLE IN TRANSPORT,MM 213 4 I 40,NASHVILLE,TN,37217,8818,HERMIT,36.1399,-86.7253,POINT (-86.7253 36.1399)
20190186955,03/09/2019 03:29:00 PM,2,0,0,,N,717341,4,ANGLE,2,RAIN,1,DAYLIGHT,12,MOTOR VEHICLE IN TRANSPORT,MM 57 3 I 24,ANTIOCH,TN,37013,88080,SOUTH,36.0663,-86.6861,POINT (-86.6861 36.0663)
20190499493,07/02/2019 06:41:00 PM,2,0,0,,Y,256380,11,Front to Rear,21,CLEAR,1,DAYLIGHT,12,MOTOR VEHICLE IN TRANSPORT,DR D B TODD JR BLVD & JEFFERSON ST,NASHVILLE,TN,37208,5325,NORTH,36.1695,-86.8067,POINT (-86.8067 36.1695)
20190257504,04/03/2019 03:50:00 PM,2,0,0,,N,256380,11,Front to Rear,21,CLEAR,1,DAYLIGHT,12,MOTOR VEHICLE IN TRANSPORT,MM 209 0 I 40,NASHVILLE,TN,37203,4104,CENTRA,36.1574,-86.7903,POINT (-86.7903 36.1574)
20190136126,02/19/2019 03:30:00 PM,2,0,0,,N,256384,4,ANGLE,2,RAIN,1,DAYLIGHT,12,MOTOR VEHICLE IN TRANSPORT,MURFREESBORO PKE & FOSTER AV,NASHVILLE,TN,37210,8161,SOUTH,36.1418,-86.7412,POINT (-86.7412 36.1418)
20190038551,01/15/2019 04:55:00 PM,2,0,0,,N,279124,11,Front to Rear,21,CLEAR,1,DAYLIGHT,12,MOTOR VEHICLE IN TRANSPORT,MM 52 1 I 24,NASHVILLE,TN,37217,8816,SOUTH,36.1343,-86.7267,POINT (-86.7267 36.1343)
20190347716,05/06/2019 02:45:00 PM,2,0,0,,N,311333,5,SIDESWIPE - SAME DIRECTION,21,CLEAR,1,DAYLIGHT,12,MOTOR VEHICLE IN TRANSPORT,OLD HICKORY BLVD & I24 W EXT RAMP,ANTIOCH,TN,37013,8869,SOUTH,36.0158,-86.6201,POINT (-86.6201 36.0158)
20190028495,01/11/2019 05:43:00 PM,3,1,0,,N,311344,11,Front to Rear,21,CLEAR,3,DARK - LIGHTED,12,MOTOR VEHICLE IN TRANSPORT,MYATT DR & SPRING BRANCH DR,MADISON,TN,37115,1721,MADISO,36.2938,-86.6964,POINT (-86.6964 36.2938)
20190468439,06/20/2019 02:52:00 PM,2,0,0,,N,298877,11,Front to Rear,21,CLEAR,1,DAYLIGHT,12,MOTOR VEHICLE IN TRANSPORT,MM 53 7 I 24,NASHVILLE,TN,37211,88122,SOUTH,36.1097,-86.7216,POINT (-86.7216 36.1097)
20190540435,07/19/2019 04:52:00 PM,2,0,0,,Y,311327,4,ANGLE,21,CLEAR,1,DAYLIGHT,12;14,MOTOR VEHICLE IN TRANSPORT;PARKED MOTOR VEHICLE,SEVIER CT & VILLAGE CT,NASHVILLE,TN,37206,1037,EAST,36.1678,-86.7461,POINT (-86.7461 36.1678)
20190279246,04/11/2019 03:01:00 PM,2,0,0,,N,299238,4,ANGLE,21,CLEAR,1,DAYLIGHT,12,MOTOR VEHICLE IN TRANSPORT,MAIN ST & NEILL AV,NASHVILLE,TN,37206,1119,EAST,36.1758,-86.7577,POINT (-86.7577 36.1758)
20190354454,05/08/2019 07:25:00 PM,2,0,0,,N,256383,11,Front to Rear,21,CLEAR,2,DARK - NOT LIGHTED,12,MOTOR VEHICLE IN TRANSPORT,MM 58 4 I 24,ANTIOCH,TN,37013,8857,SOUTH,36.0537,-86.6728,POINT (-86.6728 36.0537)
20190210384,03/18/2019 01:11:00 PM,2,1,0,,N,439917,11,Front to Rear,21,CLEAR,1,DAYLIGHT,12,MOTOR VEHICLE IN TRANSPORT,JO JOHNSTON AV & DR D B TODD JR BLVD,NASHVILLE,TN,37203,5357,NORTH,36.1605,-86.8019,POINT (-86.8019 36.1605)
20190521990,07/12/2019 09:20:00 AM,2,0,0,,N,279206,5,SIDESWIPE - SAME DIRECTION,21,CLEAR,1,DAYLIGHT,12,MOTOR VEHICLE IN TRANSPORT,MM 214 1 I 40,NASHVILLE,TN,37210,90062,HERMIT,36.142,-86.7124,POINT (-86.7124 36.142)
20190547472,07/22/2019 06:21:00 PM,1,1,0,,N,524985,0,NOT COLLISION W/MOTOR VEHICLE-TRANSPORT,2,RAIN,1,DAYLIGHT,39;64,WALL;Ran Off Road-Left,MM 43 8 I 24,NASHVILLE,TN,37207,32240,NORTH,36.2337,-86.7849,POINT (-86.7849 36.2337)
20190108567,02/09/2019 03:17:00 PM,1,1,0,,Y,206682,0,NOT COLLISION W/MOTOR VEHICLE-TRANSPORT,21,CLEAR,1,DAYLIGHT,34,DITCH,MYATT DR & SPRING BRANCH DR,MADISON,TN,37115,1721,MADISO,36.2938,-86.6964,POINT (-86.6964 36.2938)
20190052222,01/20/2019 09:40:00 PM,2,1,0,,N,311338,11,Front to Rear,21,CLEAR,3,DARK - LIGHTED,12,MOTOR VEHICLE IN TRANSPORT,DOMINICAN DR & 9TH AVN,NASHVILLE,TN,37228,4445,NORTH,36.1866,-86.804,POINT (-86.804 36.1866)
20190360174,05/10/2019 08:05:00 PM,2,0,0,,N,256380,11,Front to Rear,21,CLEAR,3,DARK - LIGHTED,12,MOTOR VEHICLE IN TRANSPORT,US HWY 41 ALT & DOMINICAN DR,NASHVILLE,TN,37228,4445,NORTH,36.1879,-86.7985,POINT (-86.7985 36.1879)
20190068527,01/27/2019 12:00:00 AM,2,0,0,,N,298865,4,ANGLE,21,CLEAR,1,DAYLIGHT,12,MOTOR VEHICLE IN TRANSPORT,OLD HICKORY BLVDW & BEVERLY DR,MADISON,TN,37115,1749,MADISO,36.2641,-86.7252,POINT (-86.7252 36.2641)
20190292549,04/16/2019 03:16:00 PM,2,2,0,,N,240979,11,Front to Rear,21,CLEAR,1,DAYLIGHT,12,MOTOR VEHICLE IN TRANSPORT,GALLATIN PKE NB EXT RAMP & GALLATIN PKE,NASHVILLE,TN,37216,1503,EAST,36.2335,-86.7241,POINT (-86.7241 36.2335)
20190353117,05/08/2019 09:49:00 AM,2,0,0,,N,226622,11,Front to Rear,21,CLEAR,1,DAYLIGHT,12,MOTOR VEHICLE IN TRANSPORT,MM 205 6 I 40,NASHVILLE,TN,37209,5228,WEST,36.1559,-86.8271,POINT (-86.8271 36.1559)
20190302160,04/19/2019 01:45:00 PM,2,0,0,,N,807344,11,Front to Rear,2,RAIN,1,DAYLIGHT,12,MOTOR VEHICLE IN TRANSPORT,ROSA L PARKS BLVD & JAMES ROBERTSON PKWY,NASHVILLE,TN,37219,4203,CENTRA,36.1667,-86.7874,POINT (-86.7874 36.1667)
20190324383,04/27/2019 07:30:00 AM,2,0,0,,N,887598,3,REAR-TO-REAR,21,CLEAR,1,DAYLIGHT,14,PARKED MOTOR VEHICLE,S 6TH ST & WOODLAND ST,NASHVILLE,TN,37206,1113,EAST,36.1726,-86.7628,POINT (-86.7628 36.1726)
20190460345,06/17/2019 06:58:00 PM,2,1,0,,N,309262,4,ANGLE,2,RAIN,1,DAYLIGHT,12,MOTOR VEHICLE IN TRANSPORT,HERITAGE LN & HERITAGE DR,MADISON,TN,37115,1765,MADISO,36.2722,-86.7218,POINT (-86.7218 36.2722)
20190102648,02/07/2019 09:22:00 AM,2,0,0,,N,226622,11,Front to Rear,22,CLOUDY,1,DAYLIGHT,12,MOTOR VEHICLE IN TRANSPORT,WHITE BRIDGE PKE & CHARLOTTE PKE,NASHVILLE,TN,37209,5033,WEST,36.1494,-86.8579,POINT (-86.8579 36.1494)
20190167705,03/02/2019 11:00:00 PM,2,1,0,,N,256493,11,Front to Rear,21,CLEAR,3,DARK - LIGHTED,12,MOTOR VEHICLE IN TRANSPORT,OLD MURFREESBORO PKE & MURFREESBORO PKE,NASHVILLE,TN,37217,8947,HERMIT,36.0983,-86.6563,POINT (-86.6563 36.0983)
20190168622,03/03/2019 01:00:00 AM,1,0,0,,N,584947,0,NOT COLLISION W/MOTOR VEHICLE-TRANSPORT,99,UNKNOWN,7,Dark-Unknown Lighting,1;42;63,TREE;Ran Off Road-Right,OLD HICKORY BLVD & GRANNY WHITE PKE,NASHVILLE,TN,37220,7111,MIDTOW,36.04,-86.8156,POINT (-86.8156 36.04)
20190529370,07/15/2019 04:09:00 PM,3,2,0,,N,151132,4,ANGLE,22,CLOUDY,1,DAYLIGHT,12,MOTOR VEHICLE IN TRANSPORT,EWING DR & BRICK CHURCH PKE,NASHVILLE,TN,37207,2031,MADISO,36.025,-86.721,POINT (-86.721 36.025)
20190016170,01/07/2019 11:54:00 AM,2,0,0,,N,279116,4,ANGLE,22,CLOUDY,1,DAYLIGHT,12,MOTOR VEHICLE IN TRANSPORT,MM 81 8 I 65,NASHVILLE,TN,37203,68040,MIDTOW,36.1403,-86.7764,POINT (-86.7764 36.1403)
20190276079,04/10/2019 02:15:00 PM,2,0,0,,N,414731,11,Front to Rear,21,CLEAR,1,DAYLIGHT,12,MOTOR VEHICLE IN TRANSPORT,MM 52 1 I 24,NASHVILLE,TN,37217,8816,SOUTH,36.1343,-86.7267,POINT (-86.7267 36.1343)
20190410081,05/29/2019 12:15:00 PM,2,0,0,,N,352214,11,Front to Rear,21,CLEAR,1,DAYLIGHT,12,MOTOR VEHICLE IN TRANSPORT,BOROWOOD DR & MURFREESBORO PKE,NASHVILLE,TN,37217,8935,HERMIT,36.091,-86.6511,POINT (-86.6511 36.091)
20190491159,06/29/2019 02:40:00 PM,1,2,0,,N,352198,0,NOT COLLISION W/MOTOR VEHICLE-TRANSPORT,22,CLOUDY,1,DAYLIGHT,8,PEDESTRIAN,MM 201 8 I 40,NASHVILLE,TN,37209,46027,WEST,36.1385,-86.8896,POINT (-86.8896 36.1385)
20190091364,02/03/2019 02:43:00 PM,4,1,0,,Y,192871,11,Front to Rear,21,CLEAR,1,DAYLIGHT,12,MOTOR VEHICLE IN TRANSPORT,GALLATIN PKES & MADISON BLVD,MADISON,TN,37115,1623,MADISO,36.2547,-86.7155,POINT (-86.7155 36.2547)
20190561091,07/27/2019 01:30:00 AM,1,0,0,,Y,320598,0,NOT COLLISION W/MOTOR VEHICLE-TRANSPORT,21,CLEAR,3,DARK - LIGHTED,30,UTILITY POLE,NOLENSVILLE PKE & THOMPSON LN,NASHVILLE,TN,37211,8425,SOUTH,36.1109,-86.7452,POINT (-86.7452 36.1109)
20190206553,03/16/2019 07:43:00 PM,2,0,0,,Y,212342,11,Front to Rear,21,CLEAR,1,DAYLIGHT,12,MOTOR VEHICLE IN TRANSPORT,MM 55 4 I 24,NASHVILLE,TN,37211,8812,SOUTH,36.0901,-86.7031,POINT (-86.7031 36.0901)
20190144411,02/22/2019 07:00:00 AM,2,1,0,,Y,676834,11,Front to Rear,2,RAIN,1,DAYLIGHT,12,MOTOR VEHICLE IN TRANSPORT,MM 86 1 I 65,NASHVILLE,TN,37228,44060,NORTH,36.1918,-86.7835,POINT (-86.7835 36.1918)
20190425817,06/04/2019 12:00:00 AM,1,0,0,Y,Y,676834,0,NOT COLLISION W/MOTOR VEHICLE-TRANSPORT,21,CLEAR,1,DAYLIGHT,40;71,MAIL BOX;EMBANKMENT EARTH,RIVER DR & RIVERCLIFF DR,NASHVILLE,TN,37218,3157,NORTH,36.1916,-86.8308,POINT (-86.8308 36.1916)
20190129958,02/17/2019 11:00:00 AM,2,2,0,,Y,887591,11,Front to Rear,2,RAIN,1,DAYLIGHT,12;36,MOTOR VEHICLE IN TRANSPORT;CONCRETE TRAFFIC BARRIER,MM 56 6 I 24,NASHVILLE,TN,37211,8810,SOUTH,36.0742,-86.6927,POINT (-86.6927 36.0742)
20190305722,04/21/2019 02:40:00 AM,1,0,0,Y,Y,320590,0,NOT COLLISION W/MOTOR VEHICLE-TRANSPORT,5,FOG,3,DARK - LIGHTED,19;63,BUILDING;Ran Off Road-Right,HYDES FERRY RD & VIKING RD,NASHVILLE,TN,37218,3173,NORTH,36.1791,-86.8347,POINT (-86.8347 36.1791)
20190142485,02/21/2019 04:47:00 PM,1,0,0,Y,Y,212322,0,NOT COLLISION W/MOTOR VEHICLE-TRANSPORT,21,CLEAR,1,DAYLIGHT,40;43,MAIL BOX;OTHER FIXED OBJECTS,HAWAIIAN VIEW & OAKWOOD TERRACE DR,ANTIOCH,TN,37013,8899,SOUTH,36.0737,-86.6744,POINT (-86.6744 36.0737)
20190155250,02/26/2019 09:20:00 AM,2,0,0,,N,226600,4,ANGLE,22,CLOUDY,1,DAYLIGHT,12,MOTOR VEHICLE IN TRANSPORT,HILLSBORO CIR & HOBBS RD,NASHVILLE,TN,37215,6111,WEST,36.1011,-86.8198,POINT (-86.8198 36.1011)
20190557470,07/26/2019 10:50:00 AM,2,1,0,,N,633381,11,Front to Rear,21,CLEAR,1,DAYLIGHT,12,MOTOR VEHICLE IN TRANSPORT,MT VIEW RD & SANTI LN,ANTIOCH,TN,37013,8865,SOUTH,36.0492,-86.6261,POINT (-86.6261 36.0492)
20190025597,01/10/2019 06:01:00 PM,2,0,0,,N,212343,5,SIDESWIPE - SAME DIRECTION,21,CLEAR,3,DARK - LIGHTED,12,MOTOR VEHICLE IN TRANSPORT,WOODLAND ST & S 1ST ST,NASHVILLE,TN,37213,1133,CENTRA,36.1692,-86.7719,POINT (-86.7719 36.1692)
20190070177,01/27/2019 12:00:00 AM,1,0,0,Y,Y,320586,0,NOT COLLISION W/MOTOR VEHICLE-TRANSPORT,99,UNKNOWN,9,UNKNOWN,42,TREE,BRIDGEWAY DR & BRIDGEWAY CIR,NASHVILLE,TN,37211,8409,SOUTH,36.101,-86.7179,POINT (-86.7179 36.101)
20190507466,07/05/2019 09:20:00 PM,1,1,0,,N,161939,0,NOT COLLISION W/MOTOR VEHICLE-TRANSPORT,22,CLOUDY,2,DARK - NOT LIGHTED,36,CONCRETE TRAFFIC BARRIER,MM 60 6 I 24,ANTIOCH,TN,37013,88060,SOUTH,36.0339,-86.6421,POINT (-86.6421 36.0339)
20190204963,03/16/2019 03:29:00 AM,2,0,0,,Y,279233,4,ANGLE,21,CLEAR,3,DARK - LIGHTED,12,MOTOR VEHICLE IN TRANSPORT,DELAWARE AV & 51ST AVN,NASHVILLE,TN,37209,4543,WEST,36.1543,-86.8483,POINT (-86.8483 36.1543)
20190226249,03/23/2019 01:48:00 PM,2,1,0,,N,468030,2,HEAD-ON,21,CLEAR,1,DAYLIGHT,12,MOTOR VEHICLE IN TRANSPORT,GALLATIN PKE & GREENLAND AV,NASHVILLE,TN,37216,1425,EAST,36.2222,-86.7261,POINT (-86.7261 36.2222)
20190465138,06/19/2019 01:35:00 PM,2,1,0,,N,405391,4,ANGLE,21,CLEAR,1,DAYLIGHT,12,MOTOR VEHICLE IN TRANSPORT,HARDING PKE & HIGHWAY 100,NASHVILLE,TN,37205,6209,WEST,36.0997,-86.8714,POINT (-86.8714 36.0997)
20190012751,01/05/2019 10:39:00 PM,3,1,0,Y,Y,320602,11,Front to Rear,21,CLEAR,3,DARK - LIGHTED,12;14,MOTOR VEHICLE IN TRANSPORT;PARKED MOTOR VEHICLE,MURFREESBORO PKE & NANCE LN,NASHVILLE,TN,37210,8119,SOUTH,36.1438,-86.7486,POINT (-86.7486 36.1438)
20190266583,04/07/2019 01:44:00 AM,1,1,0,,N,279117,0,NOT COLLISION W/MOTOR VEHICLE-TRANSPORT,2,RAIN,2,DARK - NOT LIGHTED,36,CONCRETE TRAFFIC BARRIER,MM 90 0 I 65,MADISON,TN,37115,20022,MADISO,36.2383,-86.7563,POINT (-86.7563 36.2383)
20190312197,04/23/2019 08:40:00 AM,2,0,0,,N,109534,11,Front to Rear,21,CLEAR,1,DAYLIGHT,12,MOTOR VEHICLE IN TRANSPORT,MM 213 9 I 40,NASHVILLE,TN,37217,8802,HERMIT,36.1415,-86.7148,POINT (-86.7148 36.1415)
20190450827,06/13/2019 08:00:00 PM,1,0,0,Y,Y,299253,0,NOT COLLISION W/MOTOR VEHICLE-TRANSPORT,21,CLEAR,3,DARK - LIGHTED,36,CONCRETE TRAFFIC BARRIER,KINGSTON ST & DICKERSON PKE,NASHVILLE,TN,37207,1833,EAST,36.2093,-86.7665,POINT (-86.7665 36.2093)
20190573716,08/02/2019 03:37:00 AM,2,0,0,,Y,110094,4,ANGLE,21,CLEAR,3,DARK - LIGHTED,12,MOTOR VEHICLE IN TRANSPORT,5TH AVN & UNION ST,NASHVILLE,TN,37219,4141,CENTRA,36.1643,-86.7809,POINT (-86.7809 36.1643)