Accident Number,Date and Time,Number of Motor Vehicles,Number of Injuries,Number of Fatalities,Property Damage,Hit and Run,Reporting Officer,Collision Type Code,Collision Type Description,Weather Code,Weather Description,Illumination Code,Illumination Description,Harmful Code,Harmful Code Description,Street Address,City,State,ZIP,RPA,Precinct,Latitude,Longitude,Mapped Location
20190162366,02/28/2019 07:11:00 PM,2,1,0,,N,256389,4,ANGLE,21,CLEAR,3,DARK - LIGHTED,12,MOTOR VEHICLE IN TRANSPORT,HILLSBORO PKE & WOODMONT BLVD,NASHVILLE,TN,37215,6419,MIDTOW,36.114,-86.8109,POINT (-86.8109 36.114)
20190269464,04/08/2019 08:24:00 AM,2,1,0,,N,352158,4,ANGLE,2,RAIN,1,DAYLIGHT,12,MOTOR VEHICLE IN TRANSPORT,HARDING PL & SIDCO DR,NASHVILLE,TN,37220,8601,MIDTOW,36.0819,-86.7612,POINT (-86.7612 36.0819)
20190166713,03/02/2019 12:40:00 PM,2,0,0,,N,166478,11,Front to Rear,22,CLOUDY,1,DAYLIGHT,12,MOTOR VEHICLE IN TRANSPORT,MONROE ST & ROSA L PARKS BLVD,NASHVILLE,TN,37208,4303,NORTH,36.1753,-86.7927,POINT (-86.7927 36.1753)
20190354617,05/08/2019 07:40:00 PM,2,0,0,,Y,240955,5,SIDESWIPE - SAME DIRECTION,21,CLEAR,3,DARK - LIGHTED,12,MOTOR VEHICLE IN TRANSPORT,MM 59 1 I 24,ANTIOCH,TN,37013,87061,SOUTH,36.0478,-86.6634,POINT (-86.6634 36.0478)
20190516888,07/10/2019 10:13:00 AM,2,1,0,,Y,462474,11,Front to Rear,21,CLEAR,1,DAYLIGHT,12,MOTOR VEHICLE IN TRANSPORT,OLD HICKORY BLVD & HEARTHSTONE LN,BRENTWOOD,TN,37027,8619,MIDTOW,36.0397,-86.7628,POINT (-86.7628 36.0397)
20190469140,06/20/2019 06:55:00 PM,1,1,0,,N,161939,0,NOT COLLISION W/MOTOR VEHICLE-TRANSPORT,21,CLEAR,1,DAYLIGHT,39,WALL,HICKORY HOLLOW PKWY & MT VIEW RD,ANTIOCH,TN,37013,8859,SOUTH,36.0588,-86.6703,POINT (-86.6703 36.0588)
20190428197,06/05/2019 09:19:00 AM,2,0,0,,N,594473,5,SIDESWIPE - SAME DIRECTION,21,CLEAR,1,DAYLIGHT,12,MOTOR VEHICLE IN TRANSPORT,MM 5 8 I 440,NASHVILLE,TN,37204,83062,MIDTOW,36.1217,-86.7596,POINT (-86.7596 36.1217)
20190182037,03/07/2019 05:40:00 PM,2,0,0,,N,279194,6,SIDESWIPE - OPPOSITE DIRECTION,21,CLEAR,3,DARK - LIGHTED,12,MOTOR VEHICLE IN TRANSPORT,16TH AVN & CLINTON ST,NASHVILLE,TN,37203,5423,NORTH,36.1632,-86.7987,POINT (-86.7987 36.1632)
20190284234,04/15/2019 12:00:00 AM,1,1,0,Y,N,299258,0,NOT COLLISION W/MOTOR VEHICLE-TRANSPORT,22,CLOUDY,1,DAYLIGHT,20;37,IMPACT ATTENUATOR;Other Traffic Barrier,MM 43 3 I 24,WHITES CREEK,TN,37189,32260,NORTH,36.2411,-86.7858,POINT (-86.7858 36.2411)
20190385227,05/20/2019 01:49:00 PM,2,0,0,,Y,716886,11,Front to Rear,21,CLEAR,1,DAYLIGHT,12,MOTOR VEHICLE IN TRANSPORT,THOMPSON LN & BRILEY PKWYN,NASHVILLE,TN,37211,8423,SOUTH,36.1095,-86.7283,POINT (-86.7283 36.1095)
20190413383,05/30/2019 03:36:00 PM,3,0,0,,N,212346,11,Front to Rear,21,CLEAR,1,DAYLIGHT,12,MOTOR VEHICLE IN TRANSPORT,JAMES ROBERTSON PKWY & MAIN ST,NASHVILLE,TN,37213,1105,CENTRA,36.1713,-86.7694,POINT (-86.7694 36.1713)
20190374339,05/16/2019 07:34:00 AM,2,0,0,,N,191578,11,Front to Rear,21,CLEAR,1,DAYLIGHT,12,MOTOR VEHICLE IN TRANSPORT,STEWARTS FERRY PKE & LEBANON PKE,NASHVILLE,TN,37214,9401,HERMIT,36.1684,-86.6569,POINT (-86.6569 36.1684)
20190273817,04/09/2019 06:05:00 PM,2,0,0,,Y,206675,4,ANGLE,21,CLEAR,1,DAYLIGHT,12,MOTOR VEHICLE IN TRANSPORT,POWELL AV & BRANSFORD AV,NASHVILLE,TN,37204,8525,MIDTOW,36.1122,-86.767,POINT (-86.767 36.1122)
20190261996,04/05/2019 07:22:00 AM,2,0,0,,N,226622,11,Front to Rear,22,CLOUDY,1,DAYLIGHT,13,MOTOR VEHICLE IN TRANSPORT-OTHER ROADWAY,MM 205 6 I 40,NASHVILLE,TN,37209,5228,WEST,36.1559,-86.8271,POINT (-86.8271 36.1559)
20190537000,07/18/2019 11:00:00 AM,2,0,0,,Y,226622,4,ANGLE,22,CLOUDY,1,DAYLIGHT,12,MOTOR VEHICLE IN TRANSPORT,ABBOTT MARTIN RD & HILLSBORO PKE,NASHVILLE,TN,37215,6111,WEST,36.106,-86.8142,POINT (-86.8142 36.106)
20190184347,03/08/2019 01:25:00 PM,1,1,0,Y,N,716886,0,NOT COLLISION W/MOTOR VEHICLE-TRANSPORT,2,RAIN,1,DAYLIGHT,30,UTILITY POLE,CANE RIDGE RD & PRESTON RD,ANTIOCH,TN,37013,8753,SOUTH,36.0357,-86.6569,POINT (-86.6569 36.0357)
20190136394,02/19/2019 05:16:00 PM,2,0,0,,N,279211,11,Front to Rear,2,RAIN,5,DUSK,12,MOTOR VEHICLE IN TRANSPORT,BRILEY PKWY E EXT RAMP & DICKERSON PKE,NASHVILLE,TN,37207,2029,MADISO,36.2408,-86.7578,POINT (-86.7578 36.2408)
20190542626,07/20/2019 03:15:00 PM,4,1,0,,N,330443,11,Front to Rear,21,CLEAR,1,DAYLIGHT,12,MOTOR VEHICLE IN TRANSPORT,OLD HICKORY BLVDW & I65 N ENT RAMP,MADISON,TN,37115,1777,MADISO,36.2643,-86.7361,POINT (-86.7361 36.2643)
20190175387,03/05/2019 05:31:00 PM,2,0,0,,Y,256379,11,Front to Rear,21,CLEAR,1,DAYLIGHT,12,MOTOR VEHICLE IN TRANSPORT,EAST THOMPSON LN & EAST THOMPSON LN PVTD,NASHVILLE,TN,37211,8337,SOUTH,36.1098,-86.7277,POINT (-86.7277 36.1098)
20190259289,04/04/2019 07:49:00 AM,2,0,0,,N,414668,11,Front to Rear,22,CLOUDY,1,DAYLIGHT,12,MOTOR VEHICLE IN TRANSPORT,MM 85 2 I 65,NASHVILLE,TN,37208,4404,NORTH,36.1833,-86.7989,POINT (-86.7989 36.1833)
20190502559,07/03/2019 06:43:00 PM,2,0,0,,N,256383,6,SIDESWIPE - OPPOSITE DIRECTION,22,CLOUDY,1,DAYLIGHT,12,MOTOR VEHICLE IN TRANSPORT,MURFREESBORO PKE & LAKEVILLA DR,ANTIOCH,TN,37013,8861,SOUTH,36.0767,-86.6409,POINT (-86.6409 36.0767)
20190503492,07/04/2019 12:00:00 AM,1,0,0,Y,N,191572,0,NOT COLLISION W/MOTOR VEHICLE-TRANSPORT,21,CLEAR,3,DARK - LIGHTED,30,UTILITY POLE,HOLT RD & EDMONDSON PKE,NASHVILLE,TN,37211,8651,MIDTOW,36.0156,-86.7403,POINT (-86.7403 36.0156)
20190136921,02/19/2019 10:07:00 PM,2,0,0,,N,169425,5,SIDESWIPE - SAME DIRECTION,2,RAIN,3,DARK - LIGHTED,12,MOTOR VEHICLE IN TRANSPORT,16TH AVS & BROADWAY,NASHVILLE,TN,37203,5701,MIDTOW,36.1543,-86.7929,POINT (-86.7929 36.1543)
20190259023,04/04/2019 05:37:00 AM,2,0,0,,N,909497,11,Front to Rear,21,CLEAR,7,Dark-Unknown Lighting,13,MOTOR VEHICLE IN TRANSPORT-OTHER ROADWAY,CENTRAL PKE & DODSON CHAPEL RD,HERMITAGE,TN,37076,9503,HERMIT,36.1721,-86.6147,POINT (-86.6147 36.1721)
20190168430,03/03/2019 07:54:00 AM,1,0,0,,N,330427,0,NOT COLLISION W/MOTOR VEHICLE-TRANSPORT,2,RAIN,1,DAYLIGHT,36,CONCRETE TRAFFIC BARRIER,MM 54 0 I 24,NASHVILLE,TN,37211,88122,SOUTH,36.1064,-86.7188,POINT (-86.7188 36.1064)
20190552865,07/24/2019 03:50:00 PM,2,0,0,,N,352156,11,Front to Rear,21,CLEAR,1,DAYLIGHT,12,MOTOR VEHICLE IN TRANSPORT,0 I24 E EXT RAMP,NASHVILLE,TN,37211,8443,SOUTH,36.0868,-86.701,POINT (-86.701 36.0868)
20190538705,07/18/2019 01:30:00 AM,2,0,0,,Y,173951,98,OTHER,99,UNKNOWN,9,UNKNOWN,12;14,MOTOR VEHICLE IN TRANSPORT;PARKED MOTOR VEHICLE,MALLOW DR & MANZANO RD,MADISON,TN,37115,1635,MADISO,36.2573,-86.6792,POINT (-86.6792 36.2573)
20190271188,04/08/2019 10:49:00 PM,2,0,0,,N,299261,5,SIDESWIPE - SAME DIRECTION,21,CLEAR,3,DARK - LIGHTED,12,MOTOR VEHICLE IN TRANSPORT,HILLSBORO PKE & WARFIELD DR,NASHVILLE,TN,37215,6405,MIDTOW,36.1034,-86.8161,POINT (-86.8161 36.1034)
20190343865,05/04/2019 10:55:00 PM,1,0,0,,N,279217,0,NOT COLLISION W/MOTOR VEHICLE-TRANSPORT,2,RAIN,2,DARK - NOT LIGHTED,24,GUARDRAIL FACE,MM 39 2 I 24,WHITES CREEK,TN,37189,2212,NORTH,36.2939,-86.8105,POINT (-86.8105 36.2939)
20190187577,03/09/2019 12:00:00 AM,2,0,0,,Y,298877,4,ANGLE,2,RAIN,3,DARK - LIGHTED,12,MOTOR VEHICLE IN TRANSPORT,BRILEY PKWYN & EAST THOMPSON LN,NASHVILLE,TN,37211,8423,SOUTH,36.1095,-86.7281,POINT (-86.7281 36.1095)
20190263890,04/05/2019 09:45:00 PM,2,0,0,,Y,299238,11,Front to Rear,21,CLEAR,3,DARK - LIGHTED,12,MOTOR VEHICLE IN TRANSPORT,S 5TH ST & WOODLAND ST,NASHVILLE,TN,37206,1109,EAST,36.1718,-86.7648,POINT (-86.7648 36.1718)
20190152573,02/25/2019 01:50:00 PM,1,0,0,Y,Y,320601,0,NOT COLLISION W/MOTOR VEHICLE-TRANSPORT,21,CLEAR,1,DAYLIGHT,43,OTHER FIXED OBJECTS,MILL CREEK THOMPSON LN GREENWA & OLD GLE,NASHVILLE,TN,37217,8801,SOUTH,36.1176,-86.7193,POINT (-86.7193 36.1176)
20190059864,01/23/2019 02:45:00 PM,3,0,0,,N,256374,4,ANGLE,2,RAIN,1,DAYLIGHT,12,MOTOR VEHICLE IN TRANSPORT,MURFREESBORO PKE & HOBSON PKE,ANTIOCH,TN,37013,8927,SOUTH,36.043,-86.6066,POINT (-86.6066 36.043)
20190567132,07/30/2019 02:22:00 PM,2,0,0,,N,212330,11,Front to Rear,22,CLOUDY,1,DAYLIGHT,12,MOTOR VEHICLE IN TRANSPORT,MM 7 1 I 440,NASHVILLE,TN,37210,8104,SOUTH,36.1249,-86.7355,POINT (-86.7355 36.1249)
20190047712,01/18/2019 05:50:00 PM,2,1,0,,N,279124,11,Front to Rear,21,CLEAR,3,DARK - LIGHTED,12,MOTOR VEHICLE IN TRANSPORT,MM 55 2 I 24,NASHVILLE,TN,37211,8812,SOUTH,36.0923,-86.7049,POINT (-86.7049 36.0923)
20190157855,02/27/2019 07:08:00 AM,2,0,0,,Y,716886,11,Front to Rear,21,CLEAR,1,DAYLIGHT,12,MOTOR VEHICLE IN TRANSPORT,MM 57 6 I 24,ANTIOCH,TN,37013,87060,SOUTH,36.0629,-86.6829,POINT (-86.6829 36.0629)
20190512229,07/08/2019 12:12:00 PM,2,0,0,,Y,109534,4,ANGLE,21,CLEAR,1,DAYLIGHT,12,MOTOR VEHICLE IN TRANSPORT,I24 W EXT RAMP & SPENCE LN,NASHVILLE,TN,37217,8801,SOUTH,36.1358,-86.725,POINT (-86.725 36.1358)
20190416956,05/31/2019 06:51:00 PM,2,0,0,,N,151132,11,Front to Rear,21,CLEAR,1,DAYLIGHT,12,MOTOR VEHICLE IN TRANSPORT,MM 94 2 I 65,GOODLETTSVILLE,TN,37072,17061,MADISO,36.2904,-86.723,POINT (-86.723 36.2904)
20190290040,04/15/2019 09:20:00 PM,3,1,0,,N,420040,11,Front to Rear,21,CLEAR,3,DARK - LIGHTED,12,MOTOR VEHICLE IN TRANSPORT,BROADWAY & 15TH AVN,NASHVILLE,TN,37203,5701,MIDTOW,36.1552,-86.7907,POINT (-86.7907 36.1552)
20190483891,06/26/2019 07:20:00 PM,2,0,0,,Y,717341,4,ANGLE,22,CLOUDY,5,DUSK,12,MOTOR VEHICLE IN TRANSPORT,NEESE DR & I24 E ENT RAMP,NASHVILLE,TN,37211,8401,SOUTH,36.1075,-86.7255,POINT (-86.7255 36.1075)
20190235062,03/26/2019 04:09:00 PM,2,0,0,,N,197435,11,Front to Rear,21,CLEAR,1,DAYLIGHT,12,MOTOR VEHICLE IN TRANSPORT,DICKERSON PKE & LEMUEL RD,NASHVILLE,TN,37207,1889,EAST,36.2153,-86.7639,POINT (-86.7639 36.2153)
20190116937,02/12/2019 07:02:00 PM,3,0,0,,N,151132,4,ANGLE,21,CLEAR,3,DARK - LIGHTED,12,MOTOR VEHICLE IN TRANSPORT,GALLATIN PKES & DUE WEST AVW,MADISON,TN,37115,1519,MADISO,36.2475,-86.7207,POINT (-86.7207 36.2475)
20190555299,07/25/2019 12:00:00 PM,1,0,0,,N,330427,0,NOT COLLISION W/MOTOR VEHICLE-TRANSPORT,21,CLEAR,1,DAYLIGHT,7,,EATONS CREEK RD & TAZ HYDE RD,NASHVILLE,TN,37218,3239,NORTH,36.2479,-86.8776,POINT (-86.8776 36.2479)
20190465455,06/19/2019 03:45:00 PM,2,1,0,,N,134899,11,Front to Rear,21,CLEAR,1,DAYLIGHT,12,MOTOR VEHICLE IN TRANSPORT,FAIN ST & FAIRFIELD AV,NASHVILLE,TN,37210,8221,HERMIT,36.1516,-86.7567,POINT (-86.7567 36.1516)
20190246525,03/30/2019 03:02:00 PM,2,0,0,,Y,311337,4,ANGLE,21,CLEAR,1,DAYLIGHT,12,MOTOR VEHICLE IN TRANSPORT,MURFREESBORO PKE & BELL RD,ANTIOCH,TN,37013,8865,SOUTH,36.072,-86.636,POINT (-86.636 36.072)
20190016941,01/07/2019 04:49:00 PM,2,0,0,,Y,256389,11,Front to Rear,21,CLEAR,1,DAYLIGHT,12,MOTOR VEHICLE IN TRANSPORT,MM 79 7 I 65,NASHVILLE,TN,37204,8504,MIDTOW,36.1092,-86.7698,POINT (-86.7698 36.1092)
20190549637,07/23/2019 12:55:00 PM,2,0,0,,Y,320601,11,Front to Rear,21,CLEAR,1,DAYLIGHT,12,MOTOR VEHICLE IN TRANSPORT,WELCH RD & SEVEN MILE CREEK HARDING MALL,NASHVILLE,TN,37211,8445,SOUTH,36.0831,-86.7241,POINT (-86.7241 36.0831)
20190267413,04/07/2019 11:30:00 AM,2,0,0,,Y,876581,11,Front to Rear,2,RAIN,1,DAYLIGHT,12,MOTOR VEHICLE IN TRANSPORT,DICKERSON PKE & BRILEY PKWY W ENT RAMP,MADISON,TN,37115,20143,MADISO,36.2414,-86.7572,POINT (-86.7572 36.2414)
20190064692,01/25/2019 05:04:00 AM,1,1,0,,N,173951,0,NOT COLLISION W/MOTOR VEHICLE-TRANSPORT,21,CLEAR,3,DARK - LIGHTED,30,UTILITY POLE,GALLATIN PKES & NEELYS BEND RD,MADISON,TN,37115,1605,MADISO,36.2566,-86.7142,POINT (-86.7142 36.2566)
20190442206,06/10/2019 07:21:00 PM,2,0,0,,Y,256383,6,SIDESWIPE - OPPOSITE DIRECTION,21,CLEAR,3,DARK - LIGHTED,55,Motor Vehicle-In-Motion Outside Trafficw,2381 SHUMATE LN,ANTIOCH,TN,37013,8891,SOUTH,36.0831,-86.6484,POINT (-86.6484 36.0831)
20190311484,04/23/2019 12:00:00 AM,1,0,0,Y,Y,311340,0,NOT COLLISION W/MOTOR VEHICLE-TRANSPORT,21,CLEAR,3,DARK - LIGHTED,41;63,SHRUBBERY;Ran Off Road-Right,WHISPERING HILLS DR & CHERRYWOOD DR,NASHVILLE,TN,37211,8659,MIDTOW,36.0645,-86.7259,POINT (-86.7259 36.0645)
20190339897,05/03/2019 06:45:00 AM,2,0,0,,Y,226306,11,Front to Rear,22,CLOUDY,1,DAYLIGHT,12,MOTOR VEHICLE IN TRANSPORT,HIGHWAY 100 & OLD HARDING PKE,NASHVILLE,TN,37221,4807,WEST,36.0445,-86.956,POINT (-86.956 36.0445)
20190455010,06/15/2019 10:55:00 AM,2,0,0,,Y,553957,4,ANGLE,21,CLEAR,1,DAYLIGHT,12,MOTOR VEHICLE IN TRANSPORT,LEBANON PKE & FAIRWAY DR,NASHVILLE,TN,37214,9109,HERMIT,36.1691,-86.6824,POINT (-86.6824 36.1691)
20190572785,08/01/2019 05:00:00 PM,2,0,0,,Y,197054,11,Front to Rear,21,CLEAR,1,DAYLIGHT,14,PARKED MOTOR VEHICLE,EASTHAGAN DR & WILHAGAN RD,NASHVILLE,TN,37217,8815,HERMIT,36.1358,-86.7181,POINT (-86.7181 36.1358)
20190407117,05/28/2019 12:30:00 PM,2,0,0,,N,665896,11,Front to Rear,21,CLEAR,1,DAYLIGHT,12,MOTOR VEHICLE IN TRANSPORT,SPRING ST & DICKERSON PKE,NASHVILLE,TN,37207,1979,EAST,36.1765,-86.7702,POINT (-86.7702 36.1765)
20190571666,08/01/2019 08:50:00 AM,2,0,0,,N,571320,3,REAR-TO-REAR,21,CLEAR,1,DAYLIGHT,12;14,MOTOR VEHICLE IN TRANSPORT;PARKED MOTOR VEHICLE,1900 HOBSON PKE,ANTIOCH,TN,37013,8971,SOUTH,36.0482,-86.6001,POINT (-86.6001 36.0482)
20190090829,02/03/2019 07:05:00 AM,2,1,0,,N,320574,4,ANGLE,21,CLEAR,4,DAWN,12,MOTOR VEHICLE IN TRANSPORT,NASHBORO BLVD & FLINTLOCK CT,NASHVILLE,TN,37217,8937,HERMIT,36.0889,-86.6364,POINT (-86.6364 36.0889)
20190034731,01/14/2019 11:16:00 AM,1,1,0,,N,110063,0,NOT COLLISION W/MOTOR VEHICLE-TRANSPORT,22,CLOUDY,1,DAYLIGHT,1,,MM 36 6 I 24,WHITES CREEK,TN,37189,33180,NORTH,36.3184,-86.8427,POINT (-86.8427 36.3184)
20190170891,03/04/2019 09:18:00 AM,2,0,0,,N,240952,11,Front to Rear,22,CLOUDY,1,DAYLIGHT,12,MOTOR VEHICLE IN TRANSPORT,HOBSON PKE & MURFREESBORO PKE,ANTIOCH,TN,37013,8971,SOUTH,36.043,-86.6066,POINT (-86.6066 36.043)
20190558900,07/26/2019 11:30:00 PM,2,0,0,,Y,299270,5,SIDESWIPE - SAME DIRECTION,21,CLEAR,3,DARK - LIGHTED,12,MOTOR VEHICLE IN TRANSPORT,BROADWAY & I40 W ENT RAMP,NASHVILLE,TN,37203,4081,CENTRA,36.156,-86.7889,POINT (-86.7889 36.156)
20190388622,05/21/2019 04:35:00 PM,3,0,0,,Y,420040,11,Front to Rear,21,CLEAR,1,DAYLIGHT,12,MOTOR VEHICLE IN TRANSPORT,21ST AVS & CHILDRENS WAY,NASHVILLE,TN,37212,5809,MIDTOW,36.1386,-86.8006,POINT (-86.8006 36.1386)
20190085731,02/01/2019 06:41:00 AM,2,0,0,,N,716886,5,SIDESWIPE - SAME DIRECTION,2,RAIN,4,DAWN,12,MOTOR VEHICLE IN TRANSPORT,MM 60 0 I 24,ANTIOCH,TN,37013,88060,SOUTH,36.0403,-86.6502,POINT (-86.6502 36.0403)
20190139605,02/20/2019 06:42:00 PM,2,0,0,,N,134871,5,SIDESWIPE - SAME DIRECTION,2,RAIN,3,DARK - LIGHTED,12,MOTOR VEHICLE IN TRANSPORT,YMCA WAY & ROSA L PARKS BLVD EXT RAMP,NASHVILLE,TN,37203,4147,CENTRA,36.1623,-86.7856,POINT (-86.7856 36.1623)
20190378030,05/17/2019 11:45:00 AM,1,0,0,,Y,714641,0,NOT COLLISION W/MOTOR VEHICLE-TRANSPORT,21,CLEAR,1,DAYLIGHT,27,H-WAY TRAFFIC SIGNAL POST,ELLINGTON PKWYN & ELLINGTON PKWY N ENT R,NASHVILLE,TN,37216,1821,EAST,36.2069,-86.7496,POINT (-86.7496 36.2069)
20190510564,07/07/2019 03:39:00 PM,1,1,0,Y,N,206682,0,NOT COLLISION W/MOTOR VEHICLE-TRANSPORT,21,CLEAR,1,DAYLIGHT,7,,CHEYENNE BLVD & QUANTO CT,MADISON,TN,37115,1617,MADISO,36.2486,-86.6696,POINT (-86.6696 36.2486)
20190380649,05/18/2019 12:49:00 PM,1,1,0,,Y,493304,0,NOT COLLISION W/MOTOR VEHICLE-TRANSPORT,21,CLEAR,1,DAYLIGHT,8,PEDESTRIAN,HARRIS ST & GALLATIN PKES,MADISON,TN,37115,1605,MADISO,36.2584,-86.7135,POINT (-86.7135 36.2584)
20190465899,06/19/2019 12:00:00 AM,1,1,0,,N,197070,0,NOT COLLISION W/MOTOR VEHICLE-TRANSPORT,2,RAIN,5,DUSK,43,OTHER FIXED OBJECTS,MM 207 7 I 40,NASHVILLE,TN,37208,54021,NORTH,36.1729,-86.8012,POINT (-86.8012 36.1729)
20190334997,05/01/2019 12:07:00 PM,2,0,0,,N,212369,11,Front to Rear,21,CLEAR,1,DAYLIGHT,12,MOTOR VEHICLE IN TRANSPORT,STONE BROOK DR & OLD HICKORY BLVD,BRENTWOOD,TN,37027,8623,MIDTOW,36.0409,-86.7794,POINT (-86.7794 36.0409)
20190525731,07/13/2019 12:00:00 AM,2,2,0,,N,298875,4,ANGLE,21,CLEAR,2,DARK - NOT LIGHTED,1;12,MOTOR VEHICLE IN TRANSPORT,OLD FRANKLIN RD & CANE RIDGE PKWY,ANTIOCH,TN,37013,8765,SOUTH,36.0311,-86.6399,POINT (-86.6399 36.0311)
20190554502,07/25/2019 07:55:00 AM,2,0,0,,N,226622,11,Front to Rear,22,CLOUDY,1,DAYLIGHT,12,MOTOR VEHICLE IN TRANSPORT,MM 205 2 I 40,NASHVILLE,TN,37209,52027,WEST,36.154,-86.835,POINT (-86.835 36.154)
20190021097,01/09/2019 05:25:00 AM,2,0,0,,N,320591,6,SIDESWIPE - OPPOSITE DIRECTION,21,CLEAR,3,DARK - LIGHTED,12,MOTOR VEHICLE IN TRANSPORT,BLUE HOLE RD & BELL RD,ANTIOCH,TN,37013,8721,SOUTH,36.0458,-86.6744,POINT (-86.6744 36.0458)
20190321868,04/26/2019 07:55:00 AM,2,0,0,,N,278580,11,Front to Rear,22,CLOUDY,1,DAYLIGHT,12,MOTOR VEHICLE IN TRANSPORT,DR D B TODD JR BLVD & FORMOSA ST,NASHVILLE,TN,37208,4471,NORTH,36.1743,-86.8087,POINT (-86.8087 36.1743)
20190495212,07/01/2019 09:45:00 AM,2,0,0,,Y,352161,11,Front to Rear,21,CLEAR,1,DAYLIGHT,12,MOTOR VEHICLE IN TRANSPORT,EAST THOMPSON LN & BRILEY PKWYN,NASHVILLE,TN,37211,8337,SOUTH,36.1095,-86.728,POINT (-86.728 36.1095)
20190557738,07/26/2019 01:30:00 PM,2,0,0,,N,179580,11,Front to Rear,21,CLEAR,1,DAYLIGHT,12,MOTOR VEHICLE IN TRANSPORT,MM 85 0 I 65,NASHVILLE,TN,37208,43021,NORTH,36.1799,-86.8005,POINT (-86.8005 36.1799)
20190348489,05/06/2019 12:00:00 AM,2,1,0,,N,279200,5,SIDESWIPE - SAME DIRECTION,21,CLEAR,2,DARK - NOT LIGHTED,12,MOTOR VEHICLE IN TRANSPORT,2ND AVS & PEABODY ST,NASHVILLE,TN,37201,4047,CENTRA,36.1568,-86.7719,POINT (-86.7719 36.1568)
20190088355,02/02/2019 02:53:00 AM,1,0,0,Y,N,110090,0,NOT COLLISION W/MOTOR VEHICLE-TRANSPORT,21,CLEAR,3,DARK - LIGHTED,18,OTHER OBJECT (NOT FIXED),EDGE O LAKE DR & MURFREESBORO PKE,NASHVILLE,TN,37217,8939,HERMIT,36.0797,-86.6443,POINT (-86.6443 36.0797)
20190431459,06/06/2019 12:02:00 PM,2,0,0,,N,594473,11,Front to Rear,21,CLEAR,1,DAYLIGHT,12,MOTOR VEHICLE IN TRANSPORT,BATTERY LN & LEALAND LN,NASHVILLE,TN,37204,7025,MIDTOW,36.0883,-86.791,POINT (-86.791 36.0883)
20190436327,06/08/2019 08:39:00 AM,2,0,0,,N,306231,4,ANGLE,22,CLOUDY,1,DAYLIGHT,12,MOTOR VEHICLE IN TRANSPORT,MM 88 3 I 65,NASHVILLE,TN,37207,18041,EAST,36.2201,-86.7743,POINT (-86.7743 36.2201)
20190386958,05/21/2019 04:00:00 AM,1,0,0,,N,299248,0,NOT COLLISION W/MOTOR VEHICLE-TRANSPORT,21,CLEAR,3,DARK - LIGHTED,30,UTILITY POLE,MM 54 0 I 24,NASHVILLE,TN,37211,88122,SOUTH,36.1064,-86.7188,POINT (-86.7188 36.1064)
20190259476,04/04/2019 09:20:00 AM,2,2,0,,N,716886,11,Front to Rear,21,CLEAR,1,DAYLIGHT,12,MOTOR VEHICLE IN TRANSPORT,I24E & I24 W EXT RAMP,NASHVILLE,TN,37210,8102,SOUTH,36.1336,-86.7269,POINT (-86.7269 36.1336)
20190233791,03/26/2019 06:10:00 AM,3,0,0,,N,212349,11,Front to Rear,21,CLEAR,4,DAWN,12,MOTOR VEHICLE IN TRANSPORT,0 I 40,NASHVILLE,TN,37210,9002,HERMIT,36.1532,-86.7556,POINT (-86.7556 36.1532)
20190178788,03/06/2019 05:29:00 PM,2,0,0,,N,206682,11,Front to Rear,21,CLEAR,1,DAYLIGHT,12,MOTOR VEHICLE IN TRANSPORT,DUE WEST AVW & S GRAYCROFT AV,MADISON,TN,37115,1799,MADISO,36.2492,-86.7345,POINT (-86.7345 36.2492)
20190552620,07/24/2019 02:11:00 PM,2,0,0,,N,151132,5,SIDESWIPE - SAME DIRECTION,21,CLEAR,1,DAYLIGHT,12,MOTOR VEHICLE IN TRANSPORT,STATE RT 45 & MYATT DR,MADISON,TN,37115,1705,MADISO,36.2641,-86.6903,POINT (-86.6903 36.2641)
20190024682,01/10/2019 10:19:00 AM,2,0,0,,N,716886,5,SIDESWIPE - SAME DIRECTION,21,CLEAR,1,DAYLIGHT,14,PARKED MOTOR VEHICLE,ATKINS DR & DAWN DR,NASHVILLE,TN,37211,8441,SOUTH,36.0884,-86.7107,POINT (-86.7107 36.0884)
20190461739,06/18/2019 08:26:00 AM,2,0,0,,N,474557,11,Front to Rear,2,RAIN,1,DAYLIGHT,12,MOTOR VEHICLE IN TRANSPORT,TAMPA DR & HARDING PL,NASHVILLE,TN,37211,8705,SOUTH,36.0827,-86.7105,POINT (-86.7105 36.0827)
20190410897,05/29/2019 05:59:00 PM,3,0,0,,N,197054,11,Front to Rear,21,CLEAR,1,DAYLIGHT,12,MOTOR VEHICLE IN TRANSPORT,MM 214 0 I 40,NASHVILLE,TN,37217,88020,HERMIT,36.1417,-86.7137,POINT (-86.7137 36.1417)
20190043997,01/17/2019 12:29:00 PM,1,2,0,,N,191578,0,NOT COLLISION W/MOTOR VEHICLE-TRANSPORT,2,RAIN,1,DAYLIGHT,36,CONCRETE TRAFFIC BARRIER,I24E & MURFREESBORO PKE,NASHVILLE,TN,37210,8102,SOUTH,36.1369,-86.7271,POINT (-86.7271 36.1369)