Accident Number,Date and Time,Number of Motor Vehicles,Number of Injuries,Number of Fatalities,Property Damage,Hit and Run,Reporting Officer,Collision Type Code,Collision Type Description,Weather Code,Weather Description,Illumination Code,Illumination Description,Harmful Code,Harmful Code Description,Street Address,City,State,ZIP,RPA,Precinct,Latitude,Longitude,Mapped Location
20190347044,05/06/2019 10:10:00 AM,2,0,0,,N,279113,98,OTHER,21,CLEAR,1,DAYLIGHT,12,MOTOR VEHICLE IN TRANSPORT,MM 214 5 I 40,NASHVILLE,TN,37217,88022,HERMIT,36.1434,-86.7031,POINT (-86.7031 36.1434)
20190136626,02/19/2019 07:20:00 PM,1,0,0,,N,197068,0,NOT COLLISION W/MOTOR VEHICLE-TRANSPORT,2,RAIN,3,DARK - LIGHTED,18,OTHER OBJECT (NOT FIXED),ROSA L PARKS BLVD & LOCKLAYER ST,NASHVILLE,TN,37208,4239,NORTH,36.1714,-86.7902,POINT (-86.7902 36.1714)
20190427873,06/05/2019 07:03:00 AM,1,1,0,,N,468030,0,NOT COLLISION W/MOTOR VEHICLE-TRANSPORT,22,CLOUDY,1,DAYLIGHT,1;72,EMBANKMENT ROCK/STONE/CONCRETE,MM 88 9 I 65,NASHVILLE,TN,37207,20021,MADISO,36.2296,-86.7719,POINT (-86.7719 36.2296)
20190550190,07/23/2019 06:16:00 PM,1,2,0,,N,493312,0,NOT COLLISION W/MOTOR VEHICLE-TRANSPORT,21,CLEAR,1,DAYLIGHT,30,UTILITY POLE,1178 ANTIOCH PKE,NASHVILLE,TN,37211,8843,SOUTH,36.095,-86.7006,POINT (-86.7006 36.095)
20190447663,06/12/2019 05:01:00 PM,2,1,0,,N,240955,11,Front to Rear,21,CLEAR,1,DAYLIGHT,12,MOTOR VEHICLE IN TRANSPORT,MM 59 6 I 24,ANTIOCH,TN,37013,88060,SOUTH,36.0438,-86.6561,POINT (-86.6561 36.0438)
20190471886,06/21/2019 06:46:00 PM,2,0,0,,Y,256383,6,SIDESWIPE - OPPOSITE DIRECTION,22,CLOUDY,1,DAYLIGHT,12,MOTOR VEHICLE IN TRANSPORT,BENZING RD & BRENTRIDGE DR,ANTIOCH,TN,37013,8719,SOUTH,36.0488,-86.6862,POINT (-86.6862 36.0488)
20190551859,07/24/2019 09:11:00 AM,3,0,0,,Y,226092,11,Front to Rear,21,CLEAR,1,DAYLIGHT,12,MOTOR VEHICLE IN TRANSPORT,MM 206 6 I 40,NASHVILLE,TN,37208,53124,NORTH,36.1664,-86.8171,POINT (-86.8171 36.1664)
20190220756,03/21/2019 02:57:00 PM,1,0,0,Y,Y,256380,0,NOT COLLISION W/MOTOR VEHICLE-TRANSPORT,21,CLEAR,1,DAYLIGHT,75,Bridge/Overhead Structure,STEWARTS LN & BRILEY PKWYN,NASHVILLE,TN,37218,3133,NORTH,36.2056,-86.8609,POINT (-86.8609 36.2056)
20190137826,02/20/2019 05:32:00 AM,2,1,0,,N,256377,4,ANGLE,2,RAIN,3,DARK - LIGHTED,12,MOTOR VEHICLE IN TRANSPORT,MURFREESBORO PKE & BELL RD,ANTIOCH,TN,37013,8865,SOUTH,36.072,-86.636,POINT (-86.636 36.072)
20190084276,01/31/2019 06:55:00 PM,2,0,0,,Y,256448,11,Front to Rear,21,CLEAR,3,DARK - LIGHTED,12,MOTOR VEHICLE IN TRANSPORT,DONELSON PKE & I40 W ENT RAMP,NASHVILLE,TN,37214,9103,HERMIT,36.143,-86.6667,POINT (-86.6667 36.143)
20190560632,07/27/2019 08:44:00 PM,1,1,0,,N,256446,0,NOT COLLISION W/MOTOR VEHICLE-TRANSPORT,21,CLEAR,3,DARK - LIGHTED,18,OTHER OBJECT (NOT FIXED),NOLENSVILLE PKE & OLD HICKORY BLVD,NASHVILLE,TN,37211,8717,SOUTH,36.0454,-86.7133,POINT (-86.7133 36.0454)
20190084588,01/31/2019 09:20:00 PM,3,2,0,,N,320580,98,OTHER,21,CLEAR,3,DARK - LIGHTED,12;30;36,MOTOR VEHICLE IN TRANSPORT;UTILITY POLE;CONCRETE TRAFFIC BARRIER,MM 214 6 I 40,NASHVILLE,TN,37210,90060,HERMIT,36.1437,-86.7027,POINT (-86.7027 36.1437)
20190097711,02/05/2019 05:48:00 PM,5,3,0,,N,345098,11,Front to Rear,21,CLEAR,2,DARK - NOT LIGHTED,12,MOTOR VEHICLE IN TRANSPORT,MM 35 8 I 24,WHITES CREEK,TN,37189,33180,NORTH,36.321,-86.8532,POINT (-86.8532 36.321)
20190371773,05/15/2019 11:22:00 AM,2,1,0,,N,226622,4,ANGLE,22,CLOUDY,1,DAYLIGHT,12,MOTOR VEHICLE IN TRANSPORT,CHARLOTTE PKE & WHITE BRIDGE PKE,NASHVILLE,TN,37209,5033,WEST,36.15,-86.8584,POINT (-86.8584 36.15)
20190539223,07/19/2019 07:33:00 AM,2,0,0,,N,594473,5,SIDESWIPE - SAME DIRECTION,21,CLEAR,1,DAYLIGHT,12,MOTOR VEHICLE IN TRANSPORT,4TH AVS & HOUSTON ST,NASHVILLE,TN,37203,8045,MIDTOW,36.143,-86.7654,POINT (-86.7654 36.143)
20190400124,05/25/2019 11:46:00 AM,1,0,0,Y,N,468030,0,NOT COLLISION W/MOTOR VEHICLE-TRANSPORT,22,CLOUDY,1,DAYLIGHT,30,UTILITY POLE,CAHAL AV & GALLATIN AV,NASHVILLE,TN,37206,1331,EAST,36.1966,-86.7416,POINT (-86.7416 36.1966)
20190513494,07/09/2019 02:05:00 AM,1,1,0,,N,279201,0,NOT COLLISION W/MOTOR VEHICLE-TRANSPORT,21,CLEAR,3,DARK - LIGHTED,31,"OTHER POST, POLE, SUPP.",HERMITAGE AV & CAULEY AV,NASHVILLE,TN,37210,9005,HERMIT,36.1538,-86.7479,POINT (-86.7479 36.1538)
20190304433,04/20/2019 01:12:00 PM,2,1,0,,Y,279230,11,Front to Rear,2,RAIN,1,DAYLIGHT,12,MOTOR VEHICLE IN TRANSPORT,2150 MURFREESBORO PKE,NASHVILLE,TN,37217,8935,HERMIT,36.093,-86.6523,POINT (-86.6523 36.093)
20190459028,06/17/2019 07:57:00 AM,3,0,0,,N,716886,5,SIDESWIPE - SAME DIRECTION,21,CLEAR,1,DAYLIGHT,12,MOTOR VEHICLE IN TRANSPORT,MM 54 4 I 24,NASHVILLE,TN,37211,84020,SOUTH,36.1017,-86.7129,POINT (-86.7129 36.1017)
20190440162,06/10/2019 03:50:00 AM,1,0,0,,N,134867,0,NOT COLLISION W/MOTOR VEHICLE-TRANSPORT,21,CLEAR,3,DARK - LIGHTED,30,UTILITY POLE,JEFFERSON ST & 4TH AVN,NASHVILLE,TN,37201,4233,CENTRA,36.1747,-86.786,POINT (-86.786 36.1747)
20190441479,06/10/2019 03:35:00 PM,2,1,0,,N,279224,11,Front to Rear,22,CLOUDY,1,DAYLIGHT,12,MOTOR VEHICLE IN TRANSPORT,MM 49 1 I 24,NASHVILLE,TN,37206,10040,EAST,36.1647,-86.7634,POINT (-86.7634 36.1647)
20190304260,04/20/2019 10:00:00 AM,1,0,0,Y,Y,887591,0,NOT COLLISION W/MOTOR VEHICLE-TRANSPORT,2,RAIN,1,DAYLIGHT,40,MAIL BOX,BRITTANY PARK LN & BRITTANY PARK DR,ANTIOCH,TN,37013,8719,SOUTH,36.0507,-86.6797,POINT (-86.6797 36.0507)
20190011773,01/05/2019 11:08:00 AM,2,1,0,,N,909494,4,ANGLE,21,CLEAR,1,DAYLIGHT,12,MOTOR VEHICLE IN TRANSPORT,W TRINITY LN & E TRINITY LN,NASHVILLE,TN,37207,1863,EAST,36.2059,-86.7688,POINT (-86.7688 36.2059)
20190338544,05/02/2019 06:08:00 PM,2,0,0,,N,807326,5,SIDESWIPE - SAME DIRECTION,21,CLEAR,1,DAYLIGHT,12,MOTOR VEHICLE IN TRANSPORT,2ND AVS & ELM ST,NASHVILLE,TN,37210,4005,CENTRA,36.1542,-86.7702,POINT (-86.7702 36.1542)
20190152940,02/23/2019 06:48:00 PM,1,0,0,Y,Y,298877,0,NOT COLLISION W/MOTOR VEHICLE-TRANSPORT,2,RAIN,3,DARK - LIGHTED,43,OTHER FIXED OBJECTS,BABY RUTH LN & MT VIEW RD,ANTIOCH,TN,37013,8865,SOUTH,36.0445,-86.6402,POINT (-86.6402 36.0445)
20190100896,02/06/2019 05:14:00 PM,2,0,0,,N,206675,11,Front to Rear,2,RAIN,3,DARK - LIGHTED,12,MOTOR VEHICLE IN TRANSPORT,MM 79 6 I 65,NASHVILLE,TN,37204,8504,MIDTOW,36.109,-86.7696,POINT (-86.7696 36.109)
20190027638,01/11/2019 11:35:00 AM,2,0,0,,Y,485261,5,SIDESWIPE - SAME DIRECTION,22,CLOUDY,1,DAYLIGHT,12,MOTOR VEHICLE IN TRANSPORT,MM 88 2 I 65,NASHVILLE,TN,37207,18041,EAST,36.2188,-86.7747,POINT (-86.7747 36.2188)
20190012262,01/05/2019 04:25:00 PM,2,0,0,,Y,320597,4,ANGLE,21,CLEAR,1,DAYLIGHT,55,Motor Vehicle-In-Motion Outside Trafficw,0 BELL RD,ANTIOCH,TN,37013,8721,SOUTH,36.0453,-86.665,POINT (-86.665 36.0453)
20190098779,02/06/2019 02:12:00 AM,1,1,0,Y,N,151122,0,NOT COLLISION W/MOTOR VEHICLE-TRANSPORT,21,CLEAR,3,DARK - LIGHTED,24,GUARDRAIL FACE,BELL RD & COLLINS PARK DR,ANTIOCH,TN,37013,8863,SOUTH,36.2189,-86.8464,POINT (-86.8464 36.2189)
20190127187,02/16/2019 12:00:00 AM,1,0,0,,Y,879558,9,UNKNOWN,2,RAIN,9,UNKNOWN,99,UNKNOWN MOST HARMFUL EVENT,MUNN RD & LEBANON PKE,NASHVILLE,TN,37214,9311,HERMIT,36.1688,-86.657,POINT (-86.657 36.1688)
20190049517,01/19/2019 02:30:00 PM,4,8,2,,N,240976,4,ANGLE,2,RAIN,1,DAYLIGHT,12,MOTOR VEHICLE IN TRANSPORT,MM 86 5 I 65,NASHVILLE,TN,37207,3006,NORTH,36.1946,-86.7762,POINT (-86.7762 36.1946)
20190125382,02/15/2019 11:30:00 AM,2,0,0,,Y,676834,5,SIDESWIPE - SAME DIRECTION,22,CLOUDY,1,DAYLIGHT,12,MOTOR VEHICLE IN TRANSPORT,GEORGE L DAVIS BLVD & CHURCH ST,NASHVILLE,TN,37203,4119,CENTRA,36.1584,-86.7906,POINT (-86.7906 36.1584)
20190437382,06/08/2019 09:10:00 PM,3,0,0,,N,212338,98,OTHER,21,CLEAR,2,DARK - NOT LIGHTED,12,MOTOR VEHICLE IN TRANSPORT,I440 E ENT RAMP & I 65,NASHVILLE,TN,37204,7018,MIDTOW,36.1138,-86.7719,POINT (-86.7719 36.1138)
20190018744,01/08/2019 09:58:00 AM,2,0,0,,N,375570,4,ANGLE,22,CLOUDY,1,DAYLIGHT,12,MOTOR VEHICLE IN TRANSPORT,400 MYATT DR,MADISON,TN,37115,1715,MADISO,36.2722,-86.6896,POINT (-86.6896 36.2722)
20190073562,01/28/2019 03:17:00 PM,2,1,0,,N,279208,4,ANGLE,22,CLOUDY,1,DAYLIGHT,12,MOTOR VEHICLE IN TRANSPORT,18TH AVN & CHURCH ST,NASHVILLE,TN,37203,5521,MIDTOW,36.155,-86.7975,POINT (-86.7975 36.155)
20190494448,07/01/2019 01:11:00 AM,2,0,0,,Y,279201,11,Front to Rear,21,CLEAR,2,DARK - NOT LIGHTED,12;14,MOTOR VEHICLE IN TRANSPORT;PARKED MOTOR VEHICLE,MM 214 5 I 40,NASHVILLE,TN,37217,88022,HERMIT,36.1434,-86.7031,POINT (-86.7031 36.1434)
20190214937,03/19/2019 08:47:00 PM,2,0,0,,Y,256389,11,Front to Rear,21,CLEAR,3,DARK - LIGHTED,12,MOTOR VEHICLE IN TRANSPORT,MM 78 9 I 65,NASHVILLE,TN,37204,8502,MIDTOW,36.0982,-86.7634,POINT (-86.7634 36.0982)
20190068100,01/26/2019 08:40:00 AM,2,0,0,,N,462474,4,ANGLE,21,CLEAR,1,DAYLIGHT,12,MOTOR VEHICLE IN TRANSPORT,EDMONDSON PKE & OLD HICKORY BLVD,NASHVILLE,TN,37211,8651,MIDTOW,36.04,-86.7435,POINT (-86.7435 36.04)
20190355852,05/09/2019 08:50:00 AM,2,0,0,,N,226306,11,Front to Rear,22,CLOUDY,98,OTHER,12,MOTOR VEHICLE IN TRANSPORT,HIGHWAY 100 & OLD HARDING PKE,NASHVILLE,TN,37221,4807,WEST,36.0445,-86.956,POINT (-86.956 36.0445)
20190350630,05/07/2019 01:30:00 PM,2,0,0,,Y,716886,5,SIDESWIPE - SAME DIRECTION,,,1,DAYLIGHT,12,MOTOR VEHICLE IN TRANSPORT,MURFREESBORO PKE & MOUNTAIN SPRINGS RD,ANTIOCH,TN,37013,8927,SOUTH,36.0478,-86.6121,POINT (-86.6121 36.0478)
20190561803,07/28/2019 12:00:00 AM,1,0,0,Y,Y,166478,0,NOT COLLISION W/MOTOR VEHICLE-TRANSPORT,21,CLEAR,1,DAYLIGHT,29,LUMINAIRE/LIGHT SUPPORT,ED TEMPLE BLVD & DR WALTER S DAVIS BLVD,NASHVILLE,TN,37209,4503,NORTH,36.1745,-86.8233,POINT (-86.8233 36.1745)
20190291513,04/16/2019 08:21:00 AM,2,0,0,,N,553957,4,ANGLE,21,CLEAR,1,DAYLIGHT,13,MOTOR VEHICLE IN TRANSPORT-OTHER ROADWAY,ELM HILL PKE & MASSMAN DR,NASHVILLE,TN,37210,9017,HERMIT,36.1449,-86.711,POINT (-86.711 36.1449)
20190018289,01/08/2019 06:52:00 AM,2,0,0,,N,109527,11,Front to Rear,21,CLEAR,1,DAYLIGHT,12,MOTOR VEHICLE IN TRANSPORT,I40 E ENT RAMP & I 40,NASHVILLE,TN,37205,4903,WEST,36.1109,-86.922,POINT (-86.922 36.1109)
20190436803,06/08/2019 03:07:00 PM,3,1,0,,N,256379,11,Front to Rear,22,CLOUDY,1,DAYLIGHT,12,MOTOR VEHICLE IN TRANSPORT,MM 52 8 I 24,NASHVILLE,TN,37210,81022,SOUTH,36.1212,-86.7272,POINT (-86.7272 36.1212)
20190074172,01/28/2019 07:50:00 PM,2,2,0,,N,298868,11,Front to Rear,2,RAIN,3,DARK - LIGHTED,12,MOTOR VEHICLE IN TRANSPORT,CHARLOTTE AV & 46TH AVN,NASHVILLE,TN,37209,5203,WEST,36.1522,-86.8422,POINT (-86.8422 36.1522)
20190301951,04/19/2019 12:12:00 PM,2,0,0,,N,676834,11,Front to Rear,22,CLOUDY,1,DAYLIGHT,12,MOTOR VEHICLE IN TRANSPORT,W TRINITY LN & BRICK CHURCH PKE,NASHVILLE,TN,37207,3003,NORTH,36.2066,-86.7779,POINT (-86.7779 36.2066)
20190214575,03/19/2019 06:51:00 PM,3,0,0,,N,725756,4,ANGLE,21,CLEAR,3,DARK - LIGHTED,12,MOTOR VEHICLE IN TRANSPORT,BEECH BEND DR & OLD HARDING PKE,NASHVILLE,TN,37221,4819,WEST,36.0623,-86.9427,POINT (-86.9427 36.0623)
20190172468,03/04/2019 08:39:00 PM,1,1,0,Y,Y,524985,0,NOT COLLISION W/MOTOR VEHICLE-TRANSPORT,21,CLEAR,3,DARK - LIGHTED,24;30,GUARDRAIL FACE;UTILITY POLE,KNIGHT DR & EWING DR,NASHVILLE,TN,37207,3023,NORTH,36.2316,-86.804,POINT (-86.804 36.2316)
20190116792,02/12/2019 12:00:00 AM,2,1,0,,N,279118,4,ANGLE,21,CLEAR,1,DAYLIGHT,1;12,MOTOR VEHICLE IN TRANSPORT,RICHARDS RD & DOWDY DR,ANTIOCH,TN,37013,8899,SOUTH,36.0681,-86.6691,POINT (-86.6691 36.0681)
20190581120,08/05/2019 08:29:00 AM,2,0,0,,N,134899,11,Front to Rear,21,CLEAR,1,DAYLIGHT,12,MOTOR VEHICLE IN TRANSPORT,BRILEY PKWY & VULTEE BLVD,NASHVILLE,TN,37217,8998,HERMIT,36.1245,-86.6963,POINT (-86.6963 36.1245)
20190317231,04/24/2019 04:57:00 PM,2,0,0,,N,256380,11,Front to Rear,21,CLEAR,1,DAYLIGHT,12,MOTOR VEHICLE IN TRANSPORT,OLD HICKORY BLVD & CLARKSVILLE PKE,JOELTON,TN,37080,3245,NORTH,36.279,-86.8735,POINT (-86.8735 36.279)
20190245631,03/30/2019 05:18:00 AM,1,0,0,,Y,110090,0,NOT COLLISION W/MOTOR VEHICLE-TRANSPORT,21,CLEAR,3,DARK - LIGHTED,36,CONCRETE TRAFFIC BARRIER,MM 60 8 I 24,ANTIOCH,TN,37013,88060,SOUTH,36.0325,-86.6406,POINT (-86.6406 36.0325)
20190085239,02/01/2019 02:50:00 AM,2,3,0,,N,834800,4,ANGLE,21,CLEAR,3,DARK - LIGHTED,12,MOTOR VEHICLE IN TRANSPORT,JEFFERSON ST & ED TEMPLE BLVD,NASHVILLE,TN,37209,4521,NORTH,36.1678,-86.8208,POINT (-86.8208 36.1678)
20190402948,05/26/2019 07:39:00 PM,1,0,0,Y,Y,728059,0,NOT COLLISION W/MOTOR VEHICLE-TRANSPORT,21,CLEAR,5,DUSK,43,OTHER FIXED OBJECTS,699 OLD HICKORY BLVD,NASHVILLE,TN,37221,4711,WEST,36.1166,-86.9233,POINT (-86.9233 36.1166)
20190147329,02/23/2019 10:15:00 AM,2,0,0,,N,109534,11,Front to Rear,2,RAIN,1,DAYLIGHT,12,MOTOR VEHICLE IN TRANSPORT,BELL RD & STEWARTS FERRY PKE,NASHVILLE,TN,37214,8959,HERMIT,36.1522,-86.6251,POINT (-86.6251 36.1522)
20190178030,03/06/2019 12:27:00 PM,2,0,0,,Y,134899,16,Rear to Side,21,CLEAR,1,DAYLIGHT,12,MOTOR VEHICLE IN TRANSPORT,LEBANON PKE & TYLER DR,HERMITAGE,TN,37076,9719,HERMIT,36.1776,-86.6167,POINT (-86.6167 36.1776)
20190342275,05/04/2019 02:50:00 AM,2,0,0,,Y,311326,4,ANGLE,21,CLEAR,3,DARK - LIGHTED,12,MOTOR VEHICLE IN TRANSPORT,21ST AVN & HERMAN ST,NASHVILLE,TN,37208,5355,NORTH,36.1626,-86.8082,POINT (-86.8082 36.1626)
20190360458,05/10/2019 10:40:00 PM,2,0,0,,N,279221,11,Front to Rear,2,RAIN,3,DARK - LIGHTED,12,MOTOR VEHICLE IN TRANSPORT,STATE RT 45 & GALLATIN PKEN,MADISON,TN,37115,1701,MADISO,36.2631,-86.7119,POINT (-86.7119 36.2631)
20190390971,05/22/2019 11:12:00 AM,2,2,0,,N,191578,11,Front to Rear,21,CLEAR,1,DAYLIGHT,12,MOTOR VEHICLE IN TRANSPORT,MM 221 4 I 40,HERMITAGE,TN,37076,95020,HERMIT,36.17,-86.5912,POINT (-86.5912 36.17)
20190414454,05/30/2019 09:40:00 PM,2,0,0,,N,212348,5,SIDESWIPE - SAME DIRECTION,21,CLEAR,3,DARK - LIGHTED,14,PARKED MOTOR VEHICLE,BROADWAY & 5TH AVS,NASHVILLE,TN,37203,4089,CENTRA,36.1605,-86.7784,POINT (-86.7784 36.1605)
20190459196,06/17/2019 08:51:00 AM,2,0,0,,N,134899,11,Front to Rear,21,CLEAR,1,DAYLIGHT,12,MOTOR VEHICLE IN TRANSPORT,BRILEY PKWY & INTERNATIONAL PLZ,NASHVILLE,TN,37217,8998,HERMIT,36.1272,-86.6959,POINT (-86.6959 36.1272)
20190285117,04/13/2019 11:04:00 PM,1,0,0,,N,311336,0,NOT COLLISION W/MOTOR VEHICLE-TRANSPORT,2,RAIN,3,DARK - LIGHTED,39,WALL,MM 49 4 I 24,NASHVILLE,TN,37206,10040,EAST,36.1613,-86.7604,POINT (-86.7604 36.1613)
20190412839,05/30/2019 11:16:00 AM,2,0,0,,N,109534,11,Front to Rear,22,CLOUDY,1,DAYLIGHT,12,MOTOR VEHICLE IN TRANSPORT,SMITH SPRINGS RD & CLEARLAKE DRW,NASHVILLE,TN,37217,8929,HERMIT,36.0891,-86.6143,POINT (-86.6143 36.0891)
20190359639,05/10/2019 03:31:00 PM,2,0,0,,Y,256386,5,SIDESWIPE - SAME DIRECTION,22,CLOUDY,1,DAYLIGHT,12,MOTOR VEHICLE IN TRANSPORT,MM 218 0 I 40,NASHVILLE,TN,37217,89020,HERMIT,36.1413,-86.667,POINT (-86.667 36.1413)
20190025717,01/10/2019 06:30:00 PM,2,0,0,,N,256496,4,ANGLE,21,CLEAR,3,DARK - LIGHTED,12,MOTOR VEHICLE IN TRANSPORT,LEBANON PKE & BIG HORN DR,HERMITAGE,TN,37076,9525,HERMIT,36.1676,-86.7787,POINT (-86.7787 36.1676)
20190326931,04/28/2019 04:11:00 PM,1,1,0,,N,212346,0,NOT COLLISION W/MOTOR VEHICLE-TRANSPORT,21,CLEAR,1,DAYLIGHT,8,PEDESTRIAN,SPRING ST & N 1ST ST,NASHVILLE,TN,37213,1985,CENTRA,36.177,-86.7746,POINT (-86.7746 36.177)
20190156295,02/26/2019 12:00:00 AM,2,1,0,,N,256419,4,ANGLE,21,CLEAR,1,DAYLIGHT,12,MOTOR VEHICLE IN TRANSPORT,JEFFERSON ST & 16TH AVN,NASHVILLE,TN,37208,5415,NORTH,36.1705,-86.8026,POINT (-86.8026 36.1705)
20190507167,07/05/2019 06:51:00 PM,2,1,0,,N,256448,11,Front to Rear,21,CLEAR,1,DAYLIGHT,12,MOTOR VEHICLE IN TRANSPORT,LEBANON PKE & OLD HICKORY BLVD,HERMITAGE,TN,37076,9507,HERMIT,36.1983,-86.6201,POINT (-86.6201 36.1983)
20190004544,01/02/2019 06:18:00 PM,2,0,0,,N,240957,3,REAR-TO-REAR,2,RAIN,5,DUSK,12,MOTOR VEHICLE IN TRANSPORT,MORTON AV & NOLENSVILLE PKE,NASHVILLE,TN,37211,8425,SOUTH,36.1101,-86.7479,POINT (-86.7479 36.1101)
20190141074,02/21/2019 04:14:00 AM,2,0,0,,N,716886,6,SIDESWIPE - OPPOSITE DIRECTION,21,CLEAR,2,DARK - NOT LIGHTED,14,PARKED MOTOR VEHICLE,PIN OAK DR & MARHADEN DR,ANTIOCH,TN,37013,8905,SOUTH,36.0542,-86.5907,POINT (-86.5907 36.0542)
20190270180,04/08/2019 02:05:00 PM,2,2,0,,N,420035,4,ANGLE,22,CLOUDY,1,DAYLIGHT,12,MOTOR VEHICLE IN TRANSPORT,GALLATIN PKES & MADISON BLVD,MADISON,TN,37115,1623,MADISO,36.2547,-86.7155,POINT (-86.7155 36.2547)
20190348118,05/06/2019 05:58:00 PM,2,0,0,,N,299266,5,SIDESWIPE - SAME DIRECTION,21,CLEAR,1,DAYLIGHT,12,MOTOR VEHICLE IN TRANSPORT,HARDING PL & ANTIOCH PKE,NASHVILLE,TN,37211,8843,SOUTH,36.0878,-86.6914,POINT (-86.6914 36.0878)
20190482886,06/26/2019 11:52:00 AM,2,1,0,,N,109534,11,Front to Rear,21,CLEAR,1,DAYLIGHT,12,MOTOR VEHICLE IN TRANSPORT,SAUNDERSVILLE RD & WOODSIDE DR,HERMITAGE,TN,37076,9727,HERMIT,36.2289,-86.5913,POINT (-86.5913 36.2289)
20190577290,08/03/2019 02:00:00 PM,2,1,0,,N,799013,5,SIDESWIPE - SAME DIRECTION,21,CLEAR,1,DAYLIGHT,12,MOTOR VEHICLE IN TRANSPORT,BRILEY PKWYN & OPRYLAND DR,NASHVILLE,TN,37214,9294,HERMIT,36.204,-86.6895,POINT (-86.6895 36.204)
20190443484,06/11/2019 08:45:00 AM,2,0,0,,N,676834,11,Front to Rear,21,CLEAR,1,DAYLIGHT,12,MOTOR VEHICLE IN TRANSPORT,MM 207 2 I 40,NASHVILLE,TN,37208,54020,NORTH,36.1698,-86.8089,POINT (-86.8089 36.1698)
20190423242,06/03/2019 03:50:00 PM,2,0,0,,Y,320585,3,REAR-TO-REAR,21,CLEAR,1,DAYLIGHT,12,MOTOR VEHICLE IN TRANSPORT,LEBANON PKE & MCGAVOCK PKE,NASHVILLE,TN,37214,9201,HERMIT,36.1694,-86.6799,POINT (-86.6799 36.1694)
20190322719,04/26/2019 02:00:00 PM,2,0,0,,N,716877,11,Front to Rear,21,CLEAR,1,DAYLIGHT,12,MOTOR VEHICLE IN TRANSPORT,I24 E EXT RAMP & I 24,NASHVILLE,TN,37207,30080,NORTH,36.2378,-86.7872,POINT (-86.7872 36.2378)
20190300044,04/18/2019 07:46:00 PM,2,0,0,,Y,256391,4,ANGLE,2,RAIN,3,DARK - LIGHTED,12;36,MOTOR VEHICLE IN TRANSPORT;CONCRETE TRAFFIC BARRIER,MM 87 2 I 65,NASHVILLE,TN,37207,18020,EAST,36.2054,-86.7764,POINT (-86.7764 36.2054)
20190366707,05/13/2019 06:45:00 PM,2,0,0,,N,330440,5,SIDESWIPE - SAME DIRECTION,21,CLEAR,1,DAYLIGHT,14,PARKED MOTOR VEHICLE,UNDERWOOD ST & 21ST AVN,NASHVILLE,TN,37208,4479,NORTH,36.1726,-86.8104,POINT (-86.8104 36.1726)
20190385970,05/20/2019 07:37:00 PM,2,1,0,,N,256426,11,Front to Rear,21,CLEAR,1,DAYLIGHT,12,MOTOR VEHICLE IN TRANSPORT,I40 W EXT RAMP & I 40,NASHVILLE,TN,37203,4119,CENTRA,36.1574,-86.79,POINT (-86.79 36.1574)
20190335591,05/01/2019 04:36:00 PM,2,0,0,,N,256383,5,SIDESWIPE - SAME DIRECTION,22,CLOUDY,1,DAYLIGHT,12,MOTOR VEHICLE IN TRANSPORT,MM 54 0 I 24,NASHVILLE,TN,37211,88122,SOUTH,36.1064,-86.7188,POINT (-86.7188 36.1064)
20190472464,06/22/2019 12:22:00 AM,2,0,0,,Y,109542,11,Front to Rear,22,CLOUDY,3,DARK - LIGHTED,12,MOTOR VEHICLE IN TRANSPORT,1ST AVS & 1ST AVN,NASHVILLE,TN,37201,4095,CENTRA,36.1622,-86.7744,POINT (-86.7744 36.1622)
20190221044,03/21/2019 04:40:00 PM,2,0,0,,Y,256505,4,ANGLE,21,CLEAR,1,DAYLIGHT,12,MOTOR VEHICLE IN TRANSPORT,20TH AVN & HAYES ST,NASHVILLE,TN,37203,5527,MIDTOW,36.1524,-86.8001,POINT (-86.8001 36.1524)
20190397848,05/24/2019 03:21:00 PM,2,0,0,,N,184870,4,ANGLE,21,CLEAR,1,DAYLIGHT,12,MOTOR VEHICLE IN TRANSPORT,51ST AVN & CHARLOTTE AV,NASHVILLE,TN,37209,5121,WEST,36.1525,-86.8486,POINT (-86.8486 36.1525)
20190138109,02/20/2019 08:10:00 AM,1,3,0,Y,N,834798,0,NOT COLLISION W/MOTOR VEHICLE-TRANSPORT,2,RAIN,1,DAYLIGHT,39,WALL,8TH AVS & HAMILTON AV,NASHVILLE,TN,37203,6941,MIDTOW,36.139,-86.7784,POINT (-86.7784 36.139)
20190397885,05/24/2019 03:20:00 PM,2,0,0,,Y,717341,4,ANGLE,21,CLEAR,1,DAYLIGHT,12,MOTOR VEHICLE IN TRANSPORT,WELCH RD & TRAVIS DR,NASHVILLE,TN,37211,8445,SOUTH,36.0832,-86.7246,POINT (-86.7246 36.0832)
20190467704,06/20/2019 09:30:00 AM,2,1,0,,N,279227,5,SIDESWIPE - SAME DIRECTION,21,CLEAR,1,DAYLIGHT,12;14,MOTOR VEHICLE IN TRANSPORT;PARKED MOTOR VEHICLE,TERRAGON TRL & VOLUNTEER DR,ANTIOCH,TN,37013,8897,SOUTH,36.0725,-86.67,POINT (-86.67 36.0725)
20190148686,02/23/2019 11:19:00 PM,3,1,0,,N,299254,11,Front to Rear,21,CLEAR,3,DARK - LIGHTED,12;36,MOTOR VEHICLE IN TRANSPORT;CONCRETE TRAFFIC BARRIER,HARDING PL & I24 E ENT RAMP,NASHVILLE,TN,37211,8707,SOUTH,36.0855,-86.7014,POINT (-86.7014 36.0855)
20190384360,05/20/2019 07:45:00 AM,2,0,0,,N,226136,4,ANGLE,22,CLOUDY,1,DAYLIGHT,12,MOTOR VEHICLE IN TRANSPORT,8TH AVS & VERNON AV,NASHVILLE,TN,37203,6903,MIDTOW,36.1408,-86.7786,POINT (-86.7786 36.1408)