Accident Number,Date and Time,Number of Motor Vehicles,Number of Injuries,Number of Fatalities,Property Damage,Hit and Run,Reporting Officer,Collision Type Code,Collision Type Description,Weather Code,Weather Description,Illumination Code,Illumination Description,Harmful Code,Harmful Code Description,Street Address,City,State,ZIP,RPA,Precinct,Latitude,Longitude,Mapped Location
20190181633,03/07/2019 03:39:00 PM,2,0,0,,N,279124,5,SIDESWIPE - SAME DIRECTION,21,CLEAR,1,DAYLIGHT,12,MOTOR VEHICLE IN TRANSPORT,MM 54 5 I 24,NASHVILLE,TN,37211,84021,SOUTH,36.0999,-86.7113,POINT (-86.7113 36.0999)
20190273167,04/09/2019 02:33:00 PM,3,3,0,,Y,240979,11,Front to Rear,21,CLEAR,1,DAYLIGHT,12,MOTOR VEHICLE IN TRANSPORT,GALLATIN PKES & LAKEWOOD DR,MADISON,TN,37115,1517,MADISO,36.2434,-86.7229,POINT (-86.7229 36.2434)
20190549903,07/23/2019 03:40:00 PM,2,0,0,,N,256501,11,Front to Rear,21,CLEAR,1,DAYLIGHT,12,MOTOR VEHICLE IN TRANSPORT,W NOCTURNE DR & E NOCTURNE DR,NASHVILLE,TN,37207,3037,NORTH,36.2113,-86.7979,POINT (-86.7979 36.2113)
20190444726,06/11/2019 06:44:00 PM,2,0,0,,Y,728059,5,SIDESWIPE - SAME DIRECTION,21,CLEAR,1,DAYLIGHT,12,MOTOR VEHICLE IN TRANSPORT,MM 201 7 I 40,NASHVILLE,TN,37209,50023,WEST,36.1371,-86.8912,POINT (-86.8912 36.1371)
20190394756,05/23/2019 02:36:00 PM,2,0,0,,N,330444,11,Front to Rear,21,CLEAR,1,DAYLIGHT,12,MOTOR VEHICLE IN TRANSPORT,HARDING PL & I65 S ENT RAMP,NASHVILLE,TN,37220,7101,MIDTOW,36.0827,-86.7651,POINT (-86.7651 36.0827)
20190460054,06/17/2019 04:00:00 PM,2,2,0,,N,320580,11,Front to Rear,21,CLEAR,1,DAYLIGHT,12,MOTOR VEHICLE IN TRANSPORT,MM 211 7 I 40,NASHVILLE,TN,37210,82042,HERMIT,36.1499,-86.7483,POINT (-86.7483 36.1499)
20190019987,01/08/2019 06:37:00 PM,1,1,0,,N,330412,0,NOT COLLISION W/MOTOR VEHICLE-TRANSPORT,21,CLEAR,2,DARK - NOT LIGHTED,11,OTHER ANIMAL,HILLSBORO PKE & CASTLEWOOD CT,NASHVILLE,TN,37215,6307,MIDTOW,36.0737,-86.8405,POINT (-86.8405 36.0737)
20190275472,04/10/2019 10:00:00 AM,2,1,0,,N,226134,4,ANGLE,21,CLEAR,1,DAYLIGHT,12,MOTOR VEHICLE IN TRANSPORT,NOLENSVILLE PKE & ZOO RD,NASHVILLE,TN,37211,8509,MIDTOW,36.0886,-86.732,POINT (-86.732 36.0886)
20190067213,01/25/2019 09:12:00 PM,2,0,0,,Y,330420,5,SIDESWIPE - SAME DIRECTION,21,CLEAR,3,DARK - LIGHTED,12;24,MOTOR VEHICLE IN TRANSPORT;GUARDRAIL FACE,HAMILTON CHURCH RD & MT VIEW RD,ANTIOCH,TN,37013,8927,SOUTH,36.0594,-86.5997,POINT (-86.5997 36.0594)
20190099601,02/06/2019 07:35:00 AM,2,0,0,,N,676834,4,ANGLE,22,CLOUDY,1,DAYLIGHT,12,MOTOR VEHICLE IN TRANSPORT,MM 85 1 I 65,NASHVILLE,TN,37208,43023,NORTH,36.1815,-86.7999,POINT (-86.7999 36.1815)
20190244277,03/29/2019 04:20:00 PM,2,0,0,,N,717341,4,ANGLE,21,CLEAR,1,DAYLIGHT,12,MOTOR VEHICLE IN TRANSPORT,NOLENSVILLE PKE & ELBERTA ST,NASHVILLE,TN,37210,8319,SOUTH,36.1191,-86.7493,POINT (-86.7493 36.1191)
20190208185,03/16/2019 11:17:00 PM,2,0,0,,Y,330435,5,SIDESWIPE - SAME DIRECTION,21,CLEAR,2,DARK - NOT LIGHTED,12,MOTOR VEHICLE IN TRANSPORT,PETWAY AV & MCFERRIN AV,NASHVILLE,TN,37206,1925,EAST,36.1873,-86.7541,POINT (-86.7541 36.1873)
20190579501,08/04/2019 02:19:00 PM,2,0,0,,Y,279124,4,ANGLE,2,RAIN,1,DAYLIGHT,12,MOTOR VEHICLE IN TRANSPORT,HARDING PL & METROPLEX DR,NASHVILLE,TN,37211,8889,SOUTH,36.0868,-86.6959,POINT (-86.6959 36.0868)
20190260089,04/04/2019 02:05:00 PM,2,0,0,,N,716886,5,SIDESWIPE - SAME DIRECTION,21,CLEAR,1,DAYLIGHT,12,MOTOR VEHICLE IN TRANSPORT,MURFREESBORO PKE & FOREST VIEW DR,ANTIOCH,TN,37013,8865,SOUTH,36.0674,-86.6313,POINT (-86.6313 36.0674)
20190569561,07/31/2019 02:10:00 PM,2,1,0,,Y,420035,11,Front to Rear,22,CLOUDY,1,DAYLIGHT,12,MOTOR VEHICLE IN TRANSPORT,I65 N ENT RAMP & ELLINGTON PKWYS,MADISON,TN,37115,1876,MADISO,36.2393,-86.7412,POINT (-86.7412 36.2393)
20190333531,04/30/2019 11:39:00 PM,2,0,0,,N,278580,11,Front to Rear,21,CLEAR,2,DARK - NOT LIGHTED,12,MOTOR VEHICLE IN TRANSPORT,MM 212 3 I 40,NASHVILLE,TN,37210,8206,HERMIT,36.1447,-86.7399,POINT (-86.7399 36.1447)
20190344124,05/05/2019 01:54:00 AM,2,1,0,,N,298871,4,ANGLE,2,RAIN,3,DARK - LIGHTED,12,MOTOR VEHICLE IN TRANSPORT,ELLISTON PL & 22ND AVN,NASHVILLE,TN,37203,5601,MIDTOW,36.1517,-86.8037,POINT (-86.8037 36.1517)
20190401478,05/26/2019 02:10:00 AM,2,0,0,,N,279217,11,Front to Rear,21,CLEAR,3,DARK - LIGHTED,12;14,MOTOR VEHICLE IN TRANSPORT;PARKED MOTOR VEHICLE,9TH AVN & CLAY ST,NASHVILLE,TN,37228,4445,NORTH,36.1852,-86.8035,POINT (-86.8035 36.1852)
20190156682,02/26/2019 08:05:00 PM,2,1,0,,N,345098,4,ANGLE,21,CLEAR,3,DARK - LIGHTED,12,MOTOR VEHICLE IN TRANSPORT,BRILEY PKWY S EXT RAMP & BRILEY PKWYS,NASHVILLE,TN,37214,9209,HERMIT,36.1924,-86.6874,POINT (-86.6874 36.1924)
20190010987,01/05/2019 01:28:00 AM,2,0,0,,N,279216,5,SIDESWIPE - SAME DIRECTION,21,CLEAR,3,DARK - LIGHTED,12;24,MOTOR VEHICLE IN TRANSPORT;GUARDRAIL FACE,MM 86 5 I 65,NASHVILLE,TN,37207,3006,NORTH,36.1946,-86.7762,POINT (-86.7762 36.1946)
20190441049,06/10/2019 11:58:00 AM,2,0,0,,N,352178,11,Front to Rear,21,CLEAR,1,DAYLIGHT,12,MOTOR VEHICLE IN TRANSPORT,CHARLOTTE AV & 31ST AVN,NASHVILLE,TN,37209,5341,MIDTOW,36.1534,-86.8209,POINT (-86.8209 36.1534)
20190126125,02/15/2019 06:45:00 PM,2,0,0,,N,320585,5,SIDESWIPE - SAME DIRECTION,2,RAIN,3,DARK - LIGHTED,12,MOTOR VEHICLE IN TRANSPORT,MM 52 0 I 24,NASHVILLE,TN,37217,8816,SOUTH,36.1329,-86.7267,POINT (-86.7267 36.1329)
20190050983,01/20/2019 06:20:00 AM,1,0,0,,N,197060,0,NOT COLLISION W/MOTOR VEHICLE-TRANSPORT,4,SNOW,1,DAYLIGHT,34,DITCH,4303 BRICK CHURCH PKE,GOODLETTSVILLE,TN,37072,2109,MADISO,36.2888,-86.7802,POINT (-86.7802 36.2888)
20190289475,04/15/2019 04:48:00 PM,2,0,0,,Y,256389,4,ANGLE,21,CLEAR,1,DAYLIGHT,12,MOTOR VEHICLE IN TRANSPORT,FRANKLIN PKE & TYNE BLVD,NASHVILLE,TN,37220,7101,MIDTOW,36.0752,-86.7735,POINT (-86.7735 36.0752)
20190327480,04/28/2019 11:01:00 PM,2,0,0,,N,212342,4,ANGLE,21,CLEAR,3,DARK - LIGHTED,12,MOTOR VEHICLE IN TRANSPORT,GLASTONBURY RD & MASSMAN DR,NASHVILLE,TN,37217,8825,HERMIT,36.1336,-86.7024,POINT (-86.7024 36.1336)
20190429245,06/05/2019 05:32:00 PM,2,2,0,,N,352167,4,ANGLE,22,CLOUDY,1,DAYLIGHT,12;13,MOTOR VEHICLE IN TRANSPORT;MOTOR VEHICLE IN TRANSPORT-OTHER ROADWAY,HERMITAGE AV & MIDDLETON ST,NASHVILLE,TN,37210,4033,CENTRA,36.1559,-86.767,POINT (-86.767 36.1559)
20190063377,01/24/2019 05:33:00 PM,2,0,0,,Y,256424,11,Front to Rear,21,CLEAR,3,DARK - LIGHTED,12,MOTOR VEHICLE IN TRANSPORT,MM 217 6 I 40,NASHVILLE,TN,37214,94040,HERMIT,36.1418,-86.6535,POINT (-86.6535 36.1418)
20190228336,03/24/2019 12:30:00 PM,2,0,0,,N,256502,5,SIDESWIPE - SAME DIRECTION,21,CLEAR,1,DAYLIGHT,14,PARKED MOTOR VEHICLE,MONROE ST & 5TH AVN,NASHVILLE,TN,37208,4317,NORTH,36.1768,-86.789,POINT (-86.789 36.1768)
20190489066,06/28/2019 03:35:00 PM,2,1,0,,N,330443,11,Front to Rear,21,CLEAR,1,DAYLIGHT,12,MOTOR VEHICLE IN TRANSPORT,MM 40 9 I 24,WHITES CREEK,TN,37189,20161,MADISO,36.2725,-86.7951,POINT (-86.7951 36.2725)
20190284730,04/13/2019 07:30:00 PM,2,1,0,,N,279214,4,ANGLE,2,RAIN,3,DARK - LIGHTED,12,MOTOR VEHICLE IN TRANSPORT,MONTROSE AV & 10TH AVS,NASHVILLE,TN,37204,6927,MIDTOW,36.1234,-86.7864,POINT (-86.7864 36.1234)
20190256496,04/03/2019 08:50:00 AM,2,0,0,,N,109534,11,Front to Rear,21,CLEAR,1,DAYLIGHT,12,MOTOR VEHICLE IN TRANSPORT,BRILEY PKWYS & BRILEY PKWY,NASHVILLE,TN,37217,8998,HERMIT,36.1215,-86.6967,POINT (-86.6967 36.1215)
20190285492,04/14/2019 03:08:00 AM,1,1,0,,N,299254,0,NOT COLLISION W/MOTOR VEHICLE-TRANSPORT,2,RAIN,3,DARK - LIGHTED,1;64,Ran Off Road-Left,TUSCULUM RD & HICKORY GLADE DR,NASHVILLE,TN,37211,8715,SOUTH,36.0597,-86.7049,POINT (-86.7049 36.0597)
20190203558,03/15/2019 03:18:00 PM,2,0,0,,Y,311334,5,SIDESWIPE - SAME DIRECTION,21,CLEAR,1,DAYLIGHT,12,MOTOR VEHICLE IN TRANSPORT,8TH AVS & CLARK PL,NASHVILLE,TN,37203,4059,CENTRA,36.1558,-86.7801,POINT (-86.7801 36.1558)
20190475771,06/23/2019 09:10:00 PM,2,0,0,,Y,299253,11,Front to Rear,2,RAIN,3,DARK - LIGHTED,12,MOTOR VEHICLE IN TRANSPORT,DICKERSON PKE NB ENT RAMP & I 24,NASHVILLE,TN,37207,1961,EAST,36.1816,-86.7737,POINT (-86.7737 36.1816)
20190147047,02/23/2019 06:48:00 AM,2,1,0,,N,902543,4,ANGLE,2,RAIN,1,DAYLIGHT,12,MOTOR VEHICLE IN TRANSPORT,BROADMOOR DR & DICKERSON PKE,NASHVILLE,TN,37207,1809,EAST,36.2294,-86.7593,POINT (-86.7593 36.2294)
20190348194,05/06/2019 05:30:00 PM,2,0,0,,N,717341,11,Front to Rear,21,CLEAR,1,DAYLIGHT,12,MOTOR VEHICLE IN TRANSPORT,I24 E ENT RAMP & I 24,NASHVILLE,TN,37213,1007,CENTRA,36.1662,-86.7659,POINT (-86.7659 36.1662)
20190312014,04/23/2019 07:31:00 AM,2,0,0,,Y,676834,5,SIDESWIPE - SAME DIRECTION,21,CLEAR,1,DAYLIGHT,12,MOTOR VEHICLE IN TRANSPORT,MM 89 2 I 65,NASHVILLE,TN,37207,18062,EAST,36.233,-86.7685,POINT (-86.7685 36.233)
20190295193,04/17/2019 09:45:00 AM,2,0,0,,N,716886,5,SIDESWIPE - SAME DIRECTION,21,CLEAR,1,DAYLIGHT,12,MOTOR VEHICLE IN TRANSPORT,MM 6 5 I 440,NASHVILLE,TN,37210,81040,SOUTH,36.1242,-86.7451,POINT (-86.7451 36.1242)
20190210845,03/18/2019 04:15:00 PM,1,0,0,Y,N,179606,0,NOT COLLISION W/MOTOR VEHICLE-TRANSPORT,21,CLEAR,1,DAYLIGHT,30,UTILITY POLE,HOUSTON ST & 4TH AVS,NASHVILLE,TN,37203,8045,MIDTOW,36.1424,-86.7653,POINT (-86.7653 36.1424)
20190332455,04/30/2019 04:15:00 PM,2,1,0,,N,352197,11,Front to Rear,21,CLEAR,1,DAYLIGHT,12,MOTOR VEHICLE IN TRANSPORT,MURFREESBORO PKE & BRITISH WOODS DR,NASHVILLE,TN,37217,8853,SOUTH,36.0914,-86.6514,POINT (-86.6514 36.0914)
20190267865,04/07/2019 05:10:00 PM,2,0,0,,N,320585,5,SIDESWIPE - SAME DIRECTION,21,CLEAR,1,DAYLIGHT,12,MOTOR VEHICLE IN TRANSPORT,MM 211 2 I 40,NASHVILLE,TN,37210,8008,HERMIT,36.1535,-86.7564,POINT (-86.7564 36.1535)
20190504495,07/04/2019 03:36:00 PM,2,0,0,,N,256383,5,SIDESWIPE - SAME DIRECTION,2,RAIN,1,DAYLIGHT,12,MOTOR VEHICLE IN TRANSPORT,OLD HICKORY BLVD & OCTOBER WOODS DR,ANTIOCH,TN,37013,8771,SOUTH,36.0081,-86.6218,POINT (-86.6218 36.0081)
20190363937,05/12/2019 12:00:00 AM,2,0,0,Y,Y,240979,4,ANGLE,21,CLEAR,1,DAYLIGHT,12,MOTOR VEHICLE IN TRANSPORT,DICKERSON PKE & OLD HICKORY BLVD,NASHVILLE,TN,37207,2133,MADISO,36.2693,-86.7557,POINT (-86.7557 36.2693)
20190089676,02/02/2019 06:09:00 PM,2,0,0,,N,633391,4,ANGLE,21,CLEAR,3,DARK - LIGHTED,12,MOTOR VEHICLE IN TRANSPORT,46TH AVN & PARK AV,NASHVILLE,TN,37209,5129,WEST,36.1516,-86.8422,POINT (-86.8422 36.1516)
20190072511,01/28/2019 07:40:00 AM,2,0,0,,N,161952,5,SIDESWIPE - SAME DIRECTION,21,CLEAR,1,DAYLIGHT,12,MOTOR VEHICLE IN TRANSPORT,MM 87 8 I 65,NASHVILLE,TN,37207,1804,EAST,36.2138,-86.7754,POINT (-86.7754 36.2138)
20190324278,04/27/2019 05:46:00 AM,2,0,0,,Y,879558,4,ANGLE,21,CLEAR,4,DAWN,12;43,MOTOR VEHICLE IN TRANSPORT;OTHER FIXED OBJECTS,MCGAVOCK PKE & MAPLECREST DR,NASHVILLE,TN,37214,9201,HERMIT,36.1769,-86.6786,POINT (-86.6786 36.1769)
20190205836,03/16/2019 02:14:00 PM,2,3,0,,N,161952,4,ANGLE,21,CLEAR,1,DAYLIGHT,12,MOTOR VEHICLE IN TRANSPORT,ASHLAND CITY HWY & ASHLAND CITY HWY WB E,NASHVILLE,TN,37218,3201,NORTH,36.2101,-86.8731,POINT (-86.8731 36.2101)
20190145114,02/22/2019 12:54:00 PM,2,0,0,,N,226136,11,Front to Rear,2,RAIN,1,DAYLIGHT,12,MOTOR VEHICLE IN TRANSPORT,HILLSBORO PKE & GREEN HILLS VILLAGE DR,NASHVILLE,TN,37215,6411,MIDTOW,36.107,-86.8132,POINT (-86.8132 36.107)
20190544374,07/21/2019 10:50:00 AM,2,0,0,,N,262757,11,Front to Rear,22,CLOUDY,1,DAYLIGHT,12,MOTOR VEHICLE IN TRANSPORT,OLD HICKORY BLVD & JUAREZ DR,HERMITAGE,TN,37076,9507,HERMIT,36.2005,-86.6321,POINT (-86.6321 36.2005)
20190125852,02/15/2019 02:55:00 PM,3,0,0,,N,298874,11,Front to Rear,2,RAIN,1,DAYLIGHT,12,MOTOR VEHICLE IN TRANSPORT,MM 49 2 I 24,NASHVILLE,TN,37213,1002,CENTRA,36.1637,-86.7625,POINT (-86.7625 36.1637)
20190528246,07/15/2019 07:00:00 AM,3,0,0,,N,109534,5,SIDESWIPE - SAME DIRECTION,2,RAIN,1,DAYLIGHT,12,MOTOR VEHICLE IN TRANSPORT,HERMITAGE AV & FAIRFIELD AV,NASHVILLE,TN,37210,9005,HERMIT,36.1539,-86.7564,POINT (-86.7564 36.1539)
20190408534,05/28/2019 09:57:00 PM,2,0,0,,Y,299269,5,SIDESWIPE - SAME DIRECTION,21,CLEAR,3,DARK - LIGHTED,12,MOTOR VEHICLE IN TRANSPORT,BUENA VISTA PKE & MIKE SHIELDS CT,NASHVILLE,TN,37218,3035,NORTH,36.2104,-86.8182,POINT (-86.8182 36.2104)
20190161893,02/28/2019 02:50:00 PM,2,0,0,,N,256427,4,ANGLE,22,CLOUDY,1,DAYLIGHT,12,MOTOR VEHICLE IN TRANSPORT,LAFAYETTE ST & 1ST AVS,NASHVILLE,TN,37210,8149,SOUTH,36.1495,-86.7645,POINT (-86.7645 36.1495)
20190309923,04/22/2019 03:40:00 PM,2,0,0,,N,420040,5,SIDESWIPE - SAME DIRECTION,21,CLEAR,1,DAYLIGHT,12,MOTOR VEHICLE IN TRANSPORT,CHURCH ST & 21ST AVN,NASHVILLE,TN,37203,5527,MIDTOW,36.1525,-86.8027,POINT (-86.8027 36.1525)
20190177318,03/06/2019 07:45:00 AM,2,4,0,,N,429188,4,ANGLE,21,CLEAR,1,DAYLIGHT,12,MOTOR VEHICLE IN TRANSPORT,HAYWOOD LN & EZELL RD,NASHVILLE,TN,37211,8709,SOUTH,36.0696,-86.6944,POINT (-86.6944 36.0696)
20190072462,01/28/2019 07:15:00 AM,4,0,0,,N,402660,11,Front to Rear,21,CLEAR,1,DAYLIGHT,12,MOTOR VEHICLE IN TRANSPORT,MM 205 6 I 40,NASHVILLE,TN,37209,5228,WEST,36.1559,-86.8271,POINT (-86.8271 36.1559)
20190383125,05/19/2019 04:16:00 PM,2,0,0,,N,320599,11,Front to Rear,22,CLOUDY,1,DAYLIGHT,12,MOTOR VEHICLE IN TRANSPORT,MURFREESBORO PKE & BELL RD,ANTIOCH,TN,37013,8865,SOUTH,36.072,-86.636,POINT (-86.636 36.072)
20190326902,04/28/2019 03:46:00 PM,2,0,0,,Y,299257,4,ANGLE,21,CLEAR,1,DAYLIGHT,14,PARKED MOTOR VEHICLE,OVERBECK LN & ARTISAN LN,NASHVILLE,TN,37204,6957,MIDTOW,36.1191,-86.7769,POINT (-86.7769 36.1191)
20190164530,03/01/2019 02:43:00 PM,1,1,0,,N,834813,0,NOT COLLISION W/MOTOR VEHICLE-TRANSPORT,22,CLOUDY,1,DAYLIGHT,24,GUARDRAIL FACE,CLARKSVILLE PKE & DRY FORK RD,NASHVILLE,TN,37218,3231,NORTH,36.276,-86.868,POINT (-86.868 36.276)
20190058878,01/23/2019 06:55:00 AM,2,0,0,,N,716886,11,Front to Rear,2,RAIN,4,DAWN,12;36,MOTOR VEHICLE IN TRANSPORT;CONCRETE TRAFFIC BARRIER,MM 56 1 I 24,NASHVILLE,TN,37211,88100,SOUTH,36.0813,-86.697,POINT (-86.697 36.0813)
20190552383,07/24/2019 01:00:00 PM,2,1,0,,N,279227,6,SIDESWIPE - OPPOSITE DIRECTION,21,CLEAR,1,DAYLIGHT,12,MOTOR VEHICLE IN TRANSPORT,PETTUS RD & NOLENSVILLE RD,ANTIOCH,TN,37013,8767,SOUTH,35.9955,-86.6879,POINT (-86.6879 35.9955)
20190055723,01/22/2019 06:09:00 AM,2,0,0,,N,256493,4,ANGLE,21,CLEAR,3,DARK - LIGHTED,14,PARKED MOTOR VEHICLE,LAKEVILLA DR & EDGE O LAKE DR,NASHVILLE,TN,37217,8939,HERMIT,36.0799,-86.6421,POINT (-86.6421 36.0799)
20190432107,06/06/2019 04:53:00 PM,1,0,0,,N,299267,0,NOT COLLISION W/MOTOR VEHICLE-TRANSPORT,21,CLEAR,1,DAYLIGHT,7,,EDMONDSON PKE & EDMONDSON PIKE,NASHVILLE,TN,37211,8651,MIDTOW,36.0134,-86.7385,POINT (-86.7385 36.0134)
20190423320,06/03/2019 04:32:00 PM,2,0,0,,N,690942,11,Front to Rear,21,CLEAR,1,DAYLIGHT,12,MOTOR VEHICLE IN TRANSPORT,LINDSLEY AV & HERMITAGE AV,NASHVILLE,TN,37210,4003,CENTRA,36.1548,-86.7634,POINT (-86.7634 36.1548)
20190118885,02/13/2019 09:14:00 AM,2,0,0,,N,755026,11,Front to Rear,21,CLEAR,1,DAYLIGHT,12,MOTOR VEHICLE IN TRANSPORT,MM 53 0 I 24,NASHVILLE,TN,37210,8302,SOUTH,36.1189,-86.7264,POINT (-86.7264 36.1189)
20190361788,05/11/2019 03:07:00 PM,1,2,0,,N,298868,0,NOT COLLISION W/MOTOR VEHICLE-TRANSPORT,2,RAIN,1,DAYLIGHT,30;31,"UTILITY POLE;OTHER POST, POLE, SUPP.",BANDYWOOD DR & HILLSBORO CIR,NASHVILLE,TN,37215,6111,WEST,36.105,-86.8195,POINT (-86.8195 36.105)
20190131464,02/18/2019 04:32:00 AM,1,1,0,Y,N,220884,0,NOT COLLISION W/MOTOR VEHICLE-TRANSPORT,21,CLEAR,3,DARK - LIGHTED,30,UTILITY POLE,GALLATIN PKES & MADISON SQ,MADISON,TN,37115,1623,MADISO,36.2541,-86.7161,POINT (-86.7161 36.2541)
20190375651,05/16/2019 04:30:00 PM,2,0,0,,N,267831,5,SIDESWIPE - SAME DIRECTION,21,CLEAR,1,DAYLIGHT,12,MOTOR VEHICLE IN TRANSPORT,46TH AVN & I40 E ENT RAMP,NASHVILLE,TN,37209,5201,WEST,36.153,-86.8423,POINT (-86.8423 36.153)
20190019723,01/08/2019 05:25:00 PM,2,1,0,,N,311798,11,Front to Rear,21,CLEAR,3,DARK - LIGHTED,12,MOTOR VEHICLE IN TRANSPORT,MM 206 2 I 40,NASHVILLE,TN,37209,45041,NORTH,36.1621,-86.8205,POINT (-86.8205 36.1621)
20190236763,03/27/2019 07:07:00 AM,3,1,0,,N,676834,11,Front to Rear,21,CLEAR,1,DAYLIGHT,12,MOTOR VEHICLE IN TRANSPORT,BRILEY PKWYS & BRILEY PKWYN,NASHVILLE,TN,37218,3212,NORTH,36.2142,-86.8724,POINT (-86.8724 36.2142)
20190221116,03/21/2019 05:28:00 PM,2,0,0,,N,256380,11,Front to Rear,21,CLEAR,1,DAYLIGHT,12,MOTOR VEHICLE IN TRANSPORT,ROSA L PARKS BLVD & I65 N ENT RAMP,NASHVILLE,TN,37208,4353,NORTH,36.184,-86.798,POINT (-86.798 36.184)
20190203679,03/15/2019 04:33:00 PM,3,0,0,,N,279194,11,Front to Rear,21,CLEAR,1,DAYLIGHT,12,MOTOR VEHICLE IN TRANSPORT,MM 85 4 I 65,NASHVILLE,TN,37208,43042,NORTH,36.1875,-86.7947,POINT (-86.7947 36.1875)
20190005961,01/03/2019 07:59:00 AM,2,0,0,,N,225773,11,Front to Rear,22,CLOUDY,1,DAYLIGHT,12,MOTOR VEHICLE IN TRANSPORT,MM 78 9 I 65,NASHVILLE,TN,37204,8502,MIDTOW,36.0982,-86.7634,POINT (-86.7634 36.0982)
20190210672,03/18/2019 02:03:00 PM,2,0,0,,Y,256389,5,SIDESWIPE - SAME DIRECTION,21,CLEAR,1,DAYLIGHT,12,MOTOR VEHICLE IN TRANSPORT,0000 BROADWAY,NASHVILLE,TN,37212,6711,MIDTOW,36.1482,-86.7992,POINT (-86.7992 36.1482)
20190190731,03/11/2019 09:10:00 AM,1,0,0,Y,N,226098,0,NOT COLLISION W/MOTOR VEHICLE-TRANSPORT,2,RAIN,1,DAYLIGHT,30,UTILITY POLE,BUCHANAN ST & CEPHAS ST,NASHVILLE,TN,37208,4453,NORTH,36.1803,-86.8056,POINT (-86.8056 36.1803)
20190486470,06/27/2019 04:35:00 PM,2,1,0,,N,256412,5,SIDESWIPE - SAME DIRECTION,21,CLEAR,1,DAYLIGHT,12,MOTOR VEHICLE IN TRANSPORT,4TH AVS & MILDRED SHUTE AV,NASHVILLE,TN,37210,8143,SOUTH,36.1465,-86.7677,POINT (-86.7677 36.1465)
20190025830,01/10/2019 05:06:00 PM,2,0,0,,N,151132,4,ANGLE,21,CLEAR,1,DAYLIGHT,12,MOTOR VEHICLE IN TRANSPORT,DICKERSON PKE & WESTCHESTER DR,MADISON,TN,37115,2019,MADISO,36.2622,-86.7574,POINT (-86.7574 36.2622)
20190232651,03/25/2019 10:25:00 PM,2,0,0,,Y,311326,4,ANGLE,21,CLEAR,3,DARK - LIGHTED,12,MOTOR VEHICLE IN TRANSPORT,JEFFERSON ST & 7TH AVN,NASHVILLE,TN,37208,4237,CENTRA,36.1736,-86.7901,POINT (-86.7901 36.1736)
20190570082,07/31/2019 04:08:00 PM,2,0,0,,N,279124,5,SIDESWIPE - SAME DIRECTION,21,CLEAR,1,DAYLIGHT,12,MOTOR VEHICLE IN TRANSPORT,MM 60 6 I 24,ANTIOCH,TN,37013,88060,SOUTH,36.0339,-86.6421,POINT (-86.6421 36.0339)
20190111980,02/11/2019 05:45:00 AM,2,0,0,,N,320598,11,Front to Rear,21,CLEAR,4,DAWN,12,MOTOR VEHICLE IN TRANSPORT,CLOVERLAND DR & OLD HICKORY BLVD,BRENTWOOD,TN,37027,8623,MIDTOW,36.0399,-86.7684,POINT (-86.7684 36.0399)
20190551702,07/24/2019 07:58:00 AM,2,0,0,,N,716886,11,Front to Rear,21,CLEAR,1,DAYLIGHT,12,MOTOR VEHICLE IN TRANSPORT,MM 55 6 I 24,NASHVILLE,TN,37211,86020,SOUTH,36.0877,-86.7015,POINT (-86.7015 36.0877)
20190555879,07/25/2019 06:10:00 PM,3,0,0,,N,320603,11,Front to Rear,21,CLEAR,1,DAYLIGHT,12,MOTOR VEHICLE IN TRANSPORT,HIGHWAY 100 & WARNER NATURE CTR PVTDR,NASHVILLE,TN,37221,6213,WEST,36.0611,-86.9131,POINT (-86.9131 36.0611)
20190464652,06/19/2019 09:25:00 AM,2,0,0,,N,224797,5,SIDESWIPE - SAME DIRECTION,21,CLEAR,1,DAYLIGHT,12,MOTOR VEHICLE IN TRANSPORT,WOODMONT BLVD & VALLEY BROOK RD,NASHVILLE,TN,37215,6105,WEST,36.1141,-86.8121,POINT (-86.8121 36.1141)
20190122974,02/14/2019 03:40:00 PM,2,0,0,,N,419972,4,ANGLE,21,CLEAR,1,DAYLIGHT,12,MOTOR VEHICLE IN TRANSPORT,SHARONDALE DR & WHITE OAK DR,NASHVILLE,TN,37215,6001,WEST,36.1222,-86.8117,POINT (-86.8117 36.1222)
20190537658,07/18/2019 03:40:00 PM,2,0,0,,N,320580,5,SIDESWIPE - SAME DIRECTION,22,CLOUDY,1,DAYLIGHT,12,MOTOR VEHICLE IN TRANSPORT,MM 212 1 I 40,NASHVILLE,TN,37210,90041,HERMIT,36.1463,-86.7422,POINT (-86.7422 36.1463)
20190568856,07/30/2019 12:00:00 AM,2,0,0,,Y,676834,6,SIDESWIPE - OPPOSITE DIRECTION,99,UNKNOWN,3,DARK - LIGHTED,12;14,MOTOR VEHICLE IN TRANSPORT;PARKED MOTOR VEHICLE,6TH AVN & GARFIELD ST,NASHVILLE,TN,37208,4341,NORTH,36.1822,-86.7942,POINT (-86.7942 36.1822)
20190060329,01/23/2019 06:37:00 PM,1,1,0,Y,N,267831,0,NOT COLLISION W/MOTOR VEHICLE-TRANSPORT,2,RAIN,3,DARK - LIGHTED,24,GUARDRAIL FACE,MM 1 3 I 440,NASHVILLE,TN,37205,5242,WEST,36.1385,-86.8226,POINT (-86.8226 36.1385)