Accident Number,Date and Time,Number of Motor Vehicles,Number of Injuries,Number of Fatalities,Property Damage,Hit and Run,Reporting Officer,Collision Type Code,Collision Type Description,Weather Code,Weather Description,Illumination Code,Illumination Description,Harmful Code,Harmful Code Description,Street Address,City,State,ZIP,RPA,Precinct,Latitude,Longitude,Mapped Location
20190438332,06/09/2019 12:00:00 AM,1,0,0,Y,Y,343522,0,NOT COLLISION W/MOTOR VEHICLE-TRANSPORT,99,UNKNOWN,9,UNKNOWN,34;39,DITCH;WALL,HIGHWAY 100 & TRACE CREEK DR,NASHVILLE,TN,37221,4807,WEST,36.0481,-86.9409,POINT (-86.9409 36.0481)
20190148508,02/23/2019 09:15:00 PM,2,0,0,,N,633370,11,Front to Rear,2,RAIN,3,DARK - LIGHTED,12,MOTOR VEHICLE IN TRANSPORT,HARDING PL & LINBAR DR,NASHVILLE,TN,37211,8705,SOUTH,36.0841,-86.7059,POINT (-86.7059 36.0841)
20190008523,01/04/2019 04:10:00 AM,2,0,0,,Y,173951,4,ANGLE,2,RAIN,3,DARK - LIGHTED,12,MOTOR VEHICLE IN TRANSPORT,GALLATIN PKES & EMMITT AV,MADISON,TN,37115,1623,MADISO,36.2536,-86.7165,POINT (-86.7165 36.2536)
20190238117,03/27/2019 04:28:00 PM,2,0,0,,N,256426,4,ANGLE,21,CLEAR,1,DAYLIGHT,12,MOTOR VEHICLE IN TRANSPORT,ELM HILL PKE & ARLINGTON AV,NASHVILLE,TN,37210,9013,HERMIT,36.1437,-86.7319,POINT (-86.7319 36.1437)
20190038288,01/15/2019 02:33:00 PM,2,0,0,,N,197070,11,Front to Rear,21,CLEAR,1,DAYLIGHT,12,MOTOR VEHICLE IN TRANSPORT,VANTAGE WAY & FRENCH LANDING DR,NASHVILLE,TN,37228,4499,NORTH,36.1912,-86.7971,POINT (-86.7971 36.1912)
20190551708,07/24/2019 08:00:00 AM,3,0,0,,N,352168,0,NOT COLLISION W/MOTOR VEHICLE-TRANSPORT,21,CLEAR,1,DAYLIGHT,12;14;31,"MOTOR VEHICLE IN TRANSPORT;PARKED MOTOR VEHICLE;OTHER POST, POLE, SUPP.",GALE LN & BELMONT BLVD,NASHVILLE,TN,37212,6503,MIDTOW,36.1175,-86.7972,POINT (-86.7972 36.1175)
20190002329,01/09/2019 10:10:00 PM,2,3,0,,N,256389,4,ANGLE,21,CLEAR,3,DARK - LIGHTED,12,MOTOR VEHICLE IN TRANSPORT,20TH AVS & 20TH AVN,NASHVILLE,TN,37203,5709,MIDTOW,36.1514,-86.7993,POINT (-86.7993 36.1514)
20190150945,02/25/2019 12:18:00 AM,1,0,0,,N,330422,0,NOT COLLISION W/MOTOR VEHICLE-TRANSPORT,21,CLEAR,3,DARK - LIGHTED,2,,I24 E EXT RAMP & I 24,NASHVILLE,TN,37207,30080,NORTH,36.2378,-86.7872,POINT (-86.7872 36.2378)
20190137944,02/20/2019 06:52:00 AM,2,0,0,,N,109534,11,Front to Rear,2,RAIN,1,DAYLIGHT,12,MOTOR VEHICLE IN TRANSPORT,I40 W EXT RAMP & I 40,NASHVILLE,TN,37203,4119,CENTRA,36.1574,-86.79,POINT (-86.79 36.1574)
20190169008,03/03/2019 12:45:00 PM,2,0,0,,Y,579971,4,ANGLE,21,CLEAR,1,DAYLIGHT,12,MOTOR VEHICLE IN TRANSPORT,CALAIS CIR & CALAIS CT,ANTIOCH,TN,37013,8979,SOUTH,36.069,-86.621,POINT (-86.621 36.069)
20190275272,04/10/2019 08:33:00 AM,1,1,0,,N,716886,0,NOT COLLISION W/MOTOR VEHICLE-TRANSPORT,21,CLEAR,1,DAYLIGHT,1,,I24 E ENT RAMP & I 24,NASHVILLE,TN,37213,1007,CENTRA,36.1662,-86.7659,POINT (-86.7659 36.1662)
20190161104,02/28/2019 12:00:00 AM,2,0,0,,Y,109534,9,UNKNOWN,99,UNKNOWN,9,UNKNOWN,14;99,PARKED MOTOR VEHICLE;UNKNOWN MOST HARMFUL EVENT,SOUTHFORK BLVD & JONES LN,OLD HICKORY,TN,37138,9617,HERMIT,36.2198,-86.6303,POINT (-86.6303 36.2198)
20190499326,07/02/2019 05:40:00 PM,2,0,0,,Y,169425,5,SIDESWIPE - SAME DIRECTION,21,CLEAR,1,DAYLIGHT,55,Motor Vehicle-In-Motion Outside Trafficw,PATTERSON ST & CENTENNIAL PARK PVTDR,NASHVILLE,TN,37203,5623,MIDTOW,36.1517,-86.81,POINT (-86.81 36.1517)
20190262372,04/05/2019 10:19:00 AM,2,0,0,,N,298864,4,ANGLE,22,CLOUDY,1,DAYLIGHT,12,MOTOR VEHICLE IN TRANSPORT,STATE RT 45 & MYATT DR,MADISON,TN,37115,1705,MADISO,36.2641,-86.6903,POINT (-86.6903 36.2641)
20190548985,07/23/2019 08:53:00 AM,2,1,0,,N,225773,4,ANGLE,21,CLEAR,1,DAYLIGHT,12,MOTOR VEHICLE IN TRANSPORT,MM 77 0 I 65,NASHVILLE,TN,37220,86042,MIDTOW,36.0708,-86.7697,POINT (-86.7697 36.0708)
20190079193,01/30/2019 06:55:00 AM,2,0,0,,N,226622,11,Front to Rear,4,SNOW,1,DAYLIGHT,12,MOTOR VEHICLE IN TRANSPORT,WEST END AV & WILSON BLVDN,NASHVILLE,TN,37205,6009,WEST,36.132,-86.8326,POINT (-86.8326 36.132)
20190328543,04/29/2019 08:30:00 AM,1,0,0,,N,584947,0,NOT COLLISION W/MOTOR VEHICLE-TRANSPORT,21,CLEAR,1,DAYLIGHT,42,TREE,BRENTLAWN DR & OVERTON RD,NASHVILLE,TN,37220,8617,MIDTOW,36.0641,-86.762,POINT (-86.762 36.0641)
20190132180,02/18/2019 10:45:00 AM,2,0,0,,N,693093,5,SIDESWIPE - SAME DIRECTION,21,CLEAR,1,DAYLIGHT,12,MOTOR VEHICLE IN TRANSPORT,DICKERSON PKE & OLD DUE WEST AV,MADISON,TN,37115,2017,MADISO,36.25,-86.7572,POINT (-86.7572 36.25)
20190469351,06/20/2019 08:15:00 PM,2,0,0,,Y,330427,11,Front to Rear,21,CLEAR,3,DARK - LIGHTED,12,MOTOR VEHICLE IN TRANSPORT,ROSA L PARKS BLVD & JEFFERSON ST,NASHVILLE,TN,37208,4237,CENTRA,36.1733,-86.7914,POINT (-86.7914 36.1733)
20190350602,05/07/2019 01:04:00 PM,2,0,0,,N,311804,4,ANGLE,21,CLEAR,1,DAYLIGHT,12,MOTOR VEHICLE IN TRANSPORT,ASH ST & 4TH AVS,NASHVILLE,TN,37210,4005,CENTRA,36.1523,-86.7716,POINT (-86.7716 36.1523)
20190212878,03/19/2019 07:29:00 AM,3,1,0,,N,462474,11,Front to Rear,21,CLEAR,1,DAYLIGHT,12,MOTOR VEHICLE IN TRANSPORT,MM 74 7 I 65,NASHVILLE,TN,37220,71040,MIDTOW,36.0415,-86.7825,POINT (-86.7825 36.0415)
20190368443,05/14/2019 09:50:00 AM,2,1,0,,Y,420034,4,ANGLE,21,CLEAR,1,DAYLIGHT,12;34,MOTOR VEHICLE IN TRANSPORT;DITCH,BUENA VISTA PKE & STOKERS LN,NASHVILLE,TN,37218,3035,NORTH,36.2111,-86.8177,POINT (-86.8177 36.2111)
20190020248,01/08/2019 09:51:00 PM,2,0,0,Y,N,256383,4,ANGLE,21,CLEAR,3,DARK - LIGHTED,12,MOTOR VEHICLE IN TRANSPORT,NOLENSVILLE PKE & ROSEDALE AV,NASHVILLE,TN,37211,8043,MIDTOW,36.125,-86.7522,POINT (-86.7522 36.125)
20190568837,07/31/2019 08:22:00 AM,2,0,0,,Y,462474,4,ANGLE,21,CLEAR,1,DAYLIGHT,12,MOTOR VEHICLE IN TRANSPORT,EDMONDSON PKE & BRENTWOOD SQ,NASHVILLE,TN,37211,8653,MIDTOW,36.0416,-86.7439,POINT (-86.7439 36.0416)
20190405071,05/27/2019 05:57:00 PM,2,0,0,,Y,256379,5,SIDESWIPE - SAME DIRECTION,21,CLEAR,1,DAYLIGHT,12,MOTOR VEHICLE IN TRANSPORT,THOMPSON LN & NOLENSVILLE PKE,NASHVILLE,TN,37211,8425,SOUTH,36.1109,-86.7447,POINT (-86.7447 36.1109)
20190325938,04/28/2019 02:58:00 AM,1,0,0,Y,N,309263,0,NOT COLLISION W/MOTOR VEHICLE-TRANSPORT,21,CLEAR,3,DARK - LIGHTED,30,UTILITY POLE,GREENLAND AV & GALLATIN PKE,NASHVILLE,TN,37216,1425,EAST,36.2228,-86.7258,POINT (-86.7258 36.2228)
20190564297,07/29/2019 01:11:00 PM,3,3,0,,N,594473,11,Front to Rear,21,CLEAR,1,DAYLIGHT,12,MOTOR VEHICLE IN TRANSPORT,MM 209 9 I 40,NASHVILLE,TN,37203,40060,CENTRA,36.1489,-86.7777,POINT (-86.7777 36.1489)
20190577892,08/03/2019 02:16:00 PM,2,0,0,,Y,330445,11,Front to Rear,21,CLEAR,1,DAYLIGHT,12,MOTOR VEHICLE IN TRANSPORT,NOLENSVILLE PKE & WELSHWOOD DR,NASHVILLE,TN,37211,8501,MIDTOW,36.0826,-86.7273,POINT (-86.7273 36.0826)
20190089185,02/02/2019 01:17:00 PM,2,1,0,,N,212325,11,Front to Rear,22,CLOUDY,1,DAYLIGHT,12,MOTOR VEHICLE IN TRANSPORT,GALLATIN PKES & BERKLEY DR,MADISON,TN,37115,1519,MADISO,36.247,-86.721,POINT (-86.721 36.247)
20190321450,04/26/2019 04:02:00 AM,1,0,0,,N,352186,0,NOT COLLISION W/MOTOR VEHICLE-TRANSPORT,21,CLEAR,3,DARK - LIGHTED,33,CURB,CANE RIDGE RD & BELL RD,ANTIOCH,TN,37013,8721,SOUTH,36.0857,-86.6998,POINT (-86.6998 36.0857)
20190407648,05/28/2019 02:10:00 PM,2,1,0,Y,N,717341,4,ANGLE,21,CLEAR,1,DAYLIGHT,12,MOTOR VEHICLE IN TRANSPORT,3RD AVS & CHESTNUT ST,NASHVILLE,TN,37210,8141,SOUTH,36.1439,-86.7647,POINT (-86.7647 36.1439)
20190004400,01/02/2019 05:13:00 PM,2,1,0,,N,206675,11,Front to Rear,2,RAIN,3,DARK - LIGHTED,12,MOTOR VEHICLE IN TRANSPORT,OLD HICKORY BLVD & SEVEN SPRINGS WAY,BRENTWOOD,TN,37027,8619,MIDTOW,36.0403,-86.7684,POINT (-86.7684 36.0403)
20190231781,03/25/2019 04:15:00 PM,3,2,0,,N,256426,11,Front to Rear,21,CLEAR,1,DAYLIGHT,12,MOTOR VEHICLE IN TRANSPORT,LEBANON PKE & OMOHUNDRO PL,NASHVILLE,TN,37210,9011,HERMIT,36.1545,-86.7398,POINT (-86.7398 36.1545)
20190450907,06/13/2019 06:10:00 PM,2,0,0,,Y,352159,4,ANGLE,21,CLEAR,1,DAYLIGHT,12,MOTOR VEHICLE IN TRANSPORT,MCGAVOCK PKE WB ENT RAMP & MCGAVOCK PKE,NASHVILLE,TN,37214,9288,HERMIT,36.2172,-86.6933,POINT (-86.6933 36.2172)
20190546550,07/22/2019 10:44:00 AM,2,0,0,,N,716886,4,ANGLE,21,CLEAR,1,DAYLIGHT,12,MOTOR VEHICLE IN TRANSPORT,NOLENSVILLE PKE & OCALA DR,NASHVILLE,TN,37211,8715,SOUTH,36.0508,-86.7144,POINT (-86.7144 36.0508)
20190101213,02/06/2019 07:43:00 PM,2,0,0,,Y,279232,5,SIDESWIPE - SAME DIRECTION,2,RAIN,3,DARK - LIGHTED,12,MOTOR VEHICLE IN TRANSPORT,2ND AVS & BROADWAY,NASHVILLE,TN,37201,4093,CENTRA,36.1619,-86.7752,POINT (-86.7752 36.1619)
20190395526,05/23/2019 08:17:00 PM,2,0,0,,Y,197435,11,Front to Rear,21,CLEAR,3,DARK - LIGHTED,12,MOTOR VEHICLE IN TRANSPORT,GALLATIN AV & GALLATIN PKE,NASHVILLE,TN,37216,1401,EAST,36.197,-86.7421,POINT (-86.7421 36.197)
20190341228,05/03/2019 04:30:00 PM,2,0,0,,N,420040,4,ANGLE,22,CLOUDY,1,DAYLIGHT,12,MOTOR VEHICLE IN TRANSPORT,15TH AVN & GRUNDY ST,NASHVILLE,TN,37203,5517,MIDTOW,36.156,-86.7913,POINT (-86.7913 36.156)
20190251385,04/01/2019 03:53:00 PM,2,2,0,,N,267831,11,Front to Rear,21,CLEAR,1,DAYLIGHT,12,MOTOR VEHICLE IN TRANSPORT,I40 E EXT RAMP & I 40,NASHVILLE,TN,37214,8955,HERMIT,36.155,-86.6271,POINT (-86.6271 36.155)
20190059596,01/23/2019 12:51:00 PM,1,1,0,Y,N,267831,0,NOT COLLISION W/MOTOR VEHICLE-TRANSPORT,2,RAIN,1,DAYLIGHT,57,Cable Barrier,MM 195 3 I 40,NASHVILLE,TN,37221,4704,WEST,36.0743,-86.9721,POINT (-86.9721 36.0743)
20190420452,06/02/2019 10:43:00 AM,3,0,0,,Y,320586,11,Front to Rear,21,CLEAR,1,DAYLIGHT,12,MOTOR VEHICLE IN TRANSPORT,MM 5 8 I 440,NASHVILLE,TN,37204,83062,MIDTOW,36.1217,-86.7596,POINT (-86.7596 36.1217)
20190395312,05/23/2019 06:37:00 PM,2,0,0,,N,240955,4,ANGLE,21,CLEAR,1,DAYLIGHT,12,MOTOR VEHICLE IN TRANSPORT,I24 W EXT RAMP & I 24,NASHVILLE,TN,37211,8829,SOUTH,36.1074,-86.7197,POINT (-86.7197 36.1074)
20190316373,04/24/2019 12:09:00 PM,2,0,0,,N,620072,4,ANGLE,22,CLOUDY,1,DAYLIGHT,12,MOTOR VEHICLE IN TRANSPORT,LYLE AV & BROADWAY,NASHVILLE,TN,37203,5711,MIDTOW,36.1503,-86.7973,POINT (-86.7973 36.1503)
20190346602,05/06/2019 07:45:00 AM,2,0,0,,N,676834,11,Front to Rear,21,CLEAR,1,DAYLIGHT,12,MOTOR VEHICLE IN TRANSPORT,CLARKSVILLE PKE & CLIFF DR,NASHVILLE,TN,37218,3157,NORTH,36.1923,-86.8291,POINT (-86.8291 36.1923)
20190130243,02/17/2019 01:30:00 PM,2,0,0,,N,433550,5,SIDESWIPE - SAME DIRECTION,2,RAIN,1,DAYLIGHT,12,MOTOR VEHICLE IN TRANSPORT,MM 220 7 I 40,HERMITAGE,TN,37076,89042,HERMIT,36.1698,-86.6035,POINT (-86.6035 36.1698)
20190129116,02/17/2019 01:18:00 AM,2,0,0,,Y,279117,5,SIDESWIPE - SAME DIRECTION,21,CLEAR,2,DARK - NOT LIGHTED,12,MOTOR VEHICLE IN TRANSPORT,MM 46 6 I 24,NASHVILLE,TN,37207,3006,NORTH,36.1936,-86.7762,POINT (-86.7762 36.1936)
20190521895,07/12/2019 08:35:00 AM,3,3,0,,N,352195,11,Front to Rear,21,CLEAR,1,DAYLIGHT,12,MOTOR VEHICLE IN TRANSPORT,W TRINITY LN & DAY ST,NASHVILLE,TN,37207,3013,NORTH,36.2073,-86.805,POINT (-86.805 36.2073)
20190511055,07/07/2019 09:46:00 PM,1,1,0,,N,299241,9,UNKNOWN,2,RAIN,9,UNKNOWN,99,UNKNOWN MOST HARMFUL EVENT,CENTRAL PKE & LEBANON PKE,HERMITAGE,TN,37076,9505,HERMIT,36.1776,-86.6167,POINT (-86.6167 36.1776)
20190511517,07/08/2019 03:37:00 AM,1,2,0,,N,212336,0,NOT COLLISION W/MOTOR VEHICLE-TRANSPORT,21,CLEAR,3,DARK - LIGHTED,30,UTILITY POLE,DICKERSON PKE & HOMESTEAD RD,NASHVILLE,TN,37207,1807,EAST,36.2356,-86.7583,POINT (-86.7583 36.2356)
20190479680,06/25/2019 09:15:00 AM,2,0,0,,N,212369,4,ANGLE,21,CLEAR,1,DAYLIGHT,12,MOTOR VEHICLE IN TRANSPORT,LOUISE AV & ELLISTON PL,NASHVILLE,TN,37203,5601,MIDTOW,36.1509,-86.8046,POINT (-86.8046 36.1509)
20190429023,06/05/2019 03:38:00 PM,2,0,0,,N,714641,5,SIDESWIPE - SAME DIRECTION,21,CLEAR,1,DAYLIGHT,12,MOTOR VEHICLE IN TRANSPORT,2ND AVS & LEA AV,NASHVILLE,TN,37210,4033,CENTRA,36.1554,-86.7709,POINT (-86.7709 36.1554)
20190531578,07/16/2019 11:43:00 AM,2,0,0,,N,414668,4,ANGLE,21,CLEAR,1,DAYLIGHT,12,MOTOR VEHICLE IN TRANSPORT,VANTAGE WAY CT & VANTAGE WAY,NASHVILLE,TN,37228,4499,NORTH,36.191,-86.799,POINT (-86.799 36.191)
20190227365,03/24/2019 12:37:00 AM,2,0,0,,Y,330444,5,SIDESWIPE - SAME DIRECTION,22,CLOUDY,2,DARK - NOT LIGHTED,12,MOTOR VEHICLE IN TRANSPORT,MM 213 0 I 40,NASHVILLE,TN,37210,8219,HERMIT,36.1407,-86.7323,POINT (-86.7323 36.1407)
20190200988,03/14/2019 06:24:00 PM,2,1,0,,N,151132,5,SIDESWIPE - SAME DIRECTION,22,CLOUDY,1,DAYLIGHT,12,MOTOR VEHICLE IN TRANSPORT,GALLATIN PKES & MADISON BLVD,MADISON,TN,37115,1623,MADISO,36.2547,-86.7155,POINT (-86.7155 36.2547)
20190016516,01/07/2019 01:00:00 PM,1,0,0,Y,N,226098,0,NOT COLLISION W/MOTOR VEHICLE-TRANSPORT,22,CLOUDY,1,DAYLIGHT,73,EMBANKMENT MATERIAL UNKNOWN,DOUGLAS RD & CLARKSVILLE PKE,JOELTON,TN,37080,3315,NORTH,36.3267,-86.9045,POINT (-86.9045 36.3267)
20190326108,04/28/2019 04:14:00 AM,2,1,0,,N,197060,11,Front to Rear,21,CLEAR,3,DARK - LIGHTED,12,MOTOR VEHICLE IN TRANSPORT,1420 GALLATIN PKES,MADISON,TN,37115,1517,MADISO,36.2426,-86.7231,POINT (-86.7231 36.2426)
20190241099,03/28/2019 12:00:00 AM,2,0,0,,N,311333,4,ANGLE,21,CLEAR,1,DAYLIGHT,12,MOTOR VEHICLE IN TRANSPORT,MURFREESBORO PKE & OLD HICKORY BLVD,ANTIOCH,TN,37013,8867,SOUTH,36.0413,-86.6051,POINT (-86.6051 36.0413)
20190559764,07/27/2019 10:45:00 AM,1,1,0,,N,278580,0,NOT COLLISION W/MOTOR VEHICLE-TRANSPORT,21,CLEAR,1,DAYLIGHT,7,,WHITES CREEK PKE & OLD CLARKSVILLE PKE,JOELTON,TN,37080,3307,NORTH,36.312,-86.8602,POINT (-86.8602 36.312)
20190193325,03/12/2019 06:55:00 AM,1,1,0,,N,716886,0,NOT COLLISION W/MOTOR VEHICLE-TRANSPORT,21,CLEAR,4,DAWN,33;34,CURB;DITCH,NOLENSVILLE PKE & SUGAR VALLEY DR,ANTIOCH,TN,37013,8759,SOUTH,36.016,-86.7061,POINT (-86.7061 36.016)
20190316524,04/24/2019 12:00:00 AM,2,0,0,,Y,352202,98,OTHER,21,CLEAR,9,UNKNOWN,12,MOTOR VEHICLE IN TRANSPORT,PEARL ST & 17TH AVN,NASHVILLE,TN,37203,5401,NORTH,36.1599,-86.7995,POINT (-86.7995 36.1599)
20190027324,01/11/2019 09:19:00 AM,2,1,0,,N,226622,11,Front to Rear,22,CLOUDY,1,DAYLIGHT,12,MOTOR VEHICLE IN TRANSPORT,WHITE BRIDGE PKE & BURGESS AV,NASHVILLE,TN,37209,5025,WEST,36.1446,-86.8579,POINT (-86.8579 36.1446)
20190240801,03/28/2019 02:36:00 PM,2,2,0,,N,716886,2,HEAD-ON,21,CLEAR,1,DAYLIGHT,12,MOTOR VEHICLE IN TRANSPORT,OLD HICKORY BLVD & BRENTWOOD EAST DR,NASHVILLE,TN,37211,8651,MIDTOW,36.0452,-86.7154,POINT (-86.7154 36.0452)
20190134107,02/19/2019 01:38:00 AM,1,0,0,,N,284059,0,NOT COLLISION W/MOTOR VEHICLE-TRANSPORT,21,CLEAR,3,DARK - LIGHTED,50,DEER (ANIMAL),CLARKSVILLE PKE & DRY FORK RD,NASHVILLE,TN,37218,3231,NORTH,36.276,-86.868,POINT (-86.868 36.276)
20190102102,02/07/2019 01:00:00 AM,1,0,0,,N,279201,0,NOT COLLISION W/MOTOR VEHICLE-TRANSPORT,2,RAIN,3,DARK - LIGHTED,24,GUARDRAIL FACE,LEBANON PKE & SPENCE LN,NASHVILLE,TN,37210,9019,HERMIT,36.1537,-86.7214,POINT (-86.7214 36.1537)
20190022625,01/09/2019 04:39:00 PM,2,0,0,,Y,725756,11,Front to Rear,21,CLEAR,5,DUSK,12,MOTOR VEHICLE IN TRANSPORT,COLEY DAVIS RD & HIGHWAY 70S,NASHVILLE,TN,37221,4811,WEST,36.0792,-86.9538,POINT (-86.9538 36.0792)
20190019971,01/08/2019 12:00:00 AM,2,0,0,,Y,226827,5,SIDESWIPE - SAME DIRECTION,21,CLEAR,3,DARK - LIGHTED,12,MOTOR VEHICLE IN TRANSPORT,ELLINGTON PKWYN & I65 N ENT RAMP,NASHVILLE,TN,37216,1882,EAST,36.2328,-86.7472,POINT (-86.7472 36.2328)
20190290205,04/15/2019 12:00:00 AM,1,0,0,Y,N,284059,0,NOT COLLISION W/MOTOR VEHICLE-TRANSPORT,21,CLEAR,3,DARK - LIGHTED,33,CURB,BUENA VISTA PKE & W TRINITY LN,NASHVILLE,TN,37218,3101,NORTH,36.2025,-86.8205,POINT (-86.8205 36.2025)
20190368335,05/14/2019 07:59:00 AM,2,0,0,,N,320574,11,Front to Rear,21,CLEAR,1,DAYLIGHT,12,MOTOR VEHICLE IN TRANSPORT,MM 214 0 I 40,NASHVILLE,TN,37217,88020,HERMIT,36.1417,-86.7137,POINT (-86.7137 36.1417)
20190429288,06/05/2019 05:51:00 PM,2,0,0,,N,690942,4,ANGLE,21,CLEAR,1,DAYLIGHT,12,MOTOR VEHICLE IN TRANSPORT,4TH AVN & BROADWAY,NASHVILLE,TN,37203,4091,CENTRA,36.161,-86.7772,POINT (-86.7772 36.161)
20190434675,06/07/2019 04:30:00 PM,2,1,0,,N,256384,4,ANGLE,2,RAIN,1,DAYLIGHT,12,MOTOR VEHICLE IN TRANSPORT,CHESTNUT ST & WHARF AV,NASHVILLE,TN,37210,8137,SOUTH,36.1464,-86.7632,POINT (-86.7632 36.1464)
20190267744,04/07/2019 03:51:00 PM,2,1,0,,N,240955,4,ANGLE,22,CLOUDY,1,DAYLIGHT,12,MOTOR VEHICLE IN TRANSPORT,HAMILTON CHURCH RD & OWENDALE DR,ANTIOCH,TN,37013,8927,SOUTH,36.0648,-86.6221,POINT (-86.6221 36.0648)
20190003836,01/02/2019 01:30:00 PM,2,0,0,,Y,714648,5,SIDESWIPE - SAME DIRECTION,22,CLOUDY,1,DAYLIGHT,12,MOTOR VEHICLE IN TRANSPORT,MM 87 8 I 65,NASHVILLE,TN,37207,1804,EAST,36.2138,-86.7754,POINT (-86.7754 36.2138)
20190318664,04/25/2019 06:50:00 AM,2,0,0,,N,352167,5,SIDESWIPE - SAME DIRECTION,22,CLOUDY,1,DAYLIGHT,12;36,MOTOR VEHICLE IN TRANSPORT;CONCRETE TRAFFIC BARRIER,BRILEY PKWYS & BRILEY PKWYN,NASHVILLE,TN,37218,3212,NORTH,36.2142,-86.8724,POINT (-86.8724 36.2142)
20190281280,04/12/2019 08:45:00 AM,2,0,0,,N,716886,4,ANGLE,2,RAIN,1,DAYLIGHT,12,MOTOR VEHICLE IN TRANSPORT,SUMMERCREST BLVD & ASHEFORD TRC,ANTIOCH,TN,37013,8867,SOUTH,36.042,-86.6214,POINT (-86.6214 36.042)
20190415801,05/31/2019 10:20:00 AM,2,0,0,,N,716886,11,Front to Rear,21,CLEAR,1,DAYLIGHT,12,MOTOR VEHICLE IN TRANSPORT,THOMPSON LN & BRILEY PKWYN,NASHVILLE,TN,37211,8423,SOUTH,36.1095,-86.7283,POINT (-86.7283 36.1095)
20190547271,07/22/2019 04:39:00 PM,2,0,0,,N,330413,11,Front to Rear,2,RAIN,1,DAYLIGHT,12,MOTOR VEHICLE IN TRANSPORT,23RD AVN & CHARLOTTE AV,NASHVILLE,TN,37209,5339,NORTH,36.1558,-86.8097,POINT (-86.8097 36.1558)
20190482370,06/26/2019 08:20:00 AM,1,0,0,Y,N,352199,0,NOT COLLISION W/MOTOR VEHICLE-TRANSPORT,21,CLEAR,1,DAYLIGHT,24,GUARDRAIL FACE,BELL RD & PRIEST WOODS DR,NASHVILLE,TN,37214,8989,HERMIT,36.1275,-86.6296,POINT (-86.6296 36.1275)
20190359634,05/10/2019 03:56:00 PM,2,0,0,,Y,267831,11,Front to Rear,22,CLOUDY,1,DAYLIGHT,12,MOTOR VEHICLE IN TRANSPORT,HARDING PKE & LEAKE AV,NASHVILLE,TN,37205,6123,WEST,36.1048,-86.8688,POINT (-86.8688 36.1048)
20190256776,04/03/2019 10:45:00 AM,2,0,0,,N,834798,5,SIDESWIPE - SAME DIRECTION,21,CLEAR,1,DAYLIGHT,14,PARKED MOTOR VEHICLE,CARUTHERS AV & 10TH AVS,NASHVILLE,TN,37204,6947,MIDTOW,36.1256,-86.7863,POINT (-86.7863 36.1256)
20190457320,06/16/2019 02:05:00 PM,2,0,0,,N,887598,11,Front to Rear,21,CLEAR,1,DAYLIGHT,12,MOTOR VEHICLE IN TRANSPORT,MM 35 0 I 24,JOELTON,TN,37080,3318,NORTH,36.3239,-86.867,POINT (-86.867 36.3239)
20190392028,05/22/2019 07:13:00 PM,2,0,0,,N,256448,4,ANGLE,21,CLEAR,1,DAYLIGHT,12,MOTOR VEHICLE IN TRANSPORT,ANDREW JACKSON PKWY & OLD HICKORY BLVD,HERMITAGE,TN,37076,9561,HERMIT,36.1835,-86.6108,POINT (-86.6108 36.1835)
20190544995,07/21/2019 05:30:00 PM,2,1,0,,N,320581,5,SIDESWIPE - SAME DIRECTION,21,CLEAR,1,DAYLIGHT,12,MOTOR VEHICLE IN TRANSPORT,CLARKSVILLE PKE & BUENA VISTA PKE,NASHVILLE,TN,37218,3135,NORTH,36.1935,-86.8309,POINT (-86.8309 36.1935)
20190097751,02/05/2019 06:00:00 PM,2,0,0,,N,311328,11,Front to Rear,21,CLEAR,3,DARK - LIGHTED,12,MOTOR VEHICLE IN TRANSPORT,10TH AVN & CHURCH ST,NASHVILLE,TN,37203,4117,CENTRA,36.1606,-86.786,POINT (-86.786 36.1606)
20190282252,04/12/2019 06:25:00 PM,2,1,0,Y,Y,320577,0,NOT COLLISION W/MOTOR VEHICLE-TRANSPORT,21,CLEAR,1,DAYLIGHT,29;63;7,LUMINAIRE/LIGHT SUPPORT;Ran Off Road-Right,MM 79 1 I 65,NASHVILLE,TN,37204,8504,MIDTOW,36.1016,-86.7648,POINT (-86.7648 36.1016)
20190337730,05/02/2019 11:39:00 AM,2,0,0,,N,716886,11,Front to Rear,21,CLEAR,1,DAYLIGHT,12,MOTOR VEHICLE IN TRANSPORT,WOODYCREST AV & FOSTER AV,NASHVILLE,TN,37210,8115,SOUTH,36.1349,-86.742,POINT (-86.742 36.1349)
20190301055,04/19/2019 04:45:00 AM,2,0,0,,N,279216,11,Front to Rear,2,RAIN,4,DAWN,12,MOTOR VEHICLE IN TRANSPORT,MM 86 5 I 65,NASHVILLE,TN,37207,3006,NORTH,36.1946,-86.7762,POINT (-86.7762 36.1946)
20190009303,01/04/2019 11:05:00 AM,3,1,0,,N,716886,11,Front to Rear,2,RAIN,1,DAYLIGHT,12,MOTOR VEHICLE IN TRANSPORT,I24E & I24 W ENT RAMP,NASHVILLE,TN,37210,82061,HERMIT,36.1386,-86.7273,POINT (-86.7273 36.1386)
20190126343,02/15/2019 12:00:00 AM,2,0,0,,Y,298861,5,SIDESWIPE - SAME DIRECTION,2,RAIN,3,DARK - LIGHTED,12,MOTOR VEHICLE IN TRANSPORT,MM 211 7 I 40,NASHVILLE,TN,37210,82042,HERMIT,36.1499,-86.7483,POINT (-86.7483 36.1499)
20190299380,04/18/2019 02:50:00 PM,2,4,0,,N,429193,4,ANGLE,21,CLEAR,1,DAYLIGHT,12,MOTOR VEHICLE IN TRANSPORT,CHARLOTTE PK & PRIVATE DRIVE,NASHVILLE,TN,37209,5009,WEST,36.133,-86.8925,POINT (-86.8925 36.133)