Accident Number,Date and Time,Number of Motor Vehicles,Number of Injuries,Number of Fatalities,Property Damage,Hit and Run,Reporting Officer,Collision Type Code,Collision Type Description,Weather Code,Weather Description,Illumination Code,Illumination Description,Harmful Code,Harmful Code Description,Street Address,City,State,ZIP,RPA,Precinct,Latitude,Longitude,Mapped Location
20190537692,07/18/2019 12:00:00 AM,2,1,0,,N,298877,11,Front to Rear,2,RAIN,1,DAYLIGHT,12,MOTOR VEHICLE IN TRANSPORT,ANTIOCH PKE & PERIMETER HILL DR,NASHVILLE,TN,37211,8889,SOUTH,36.0859,-86.6911,POINT (-86.6911 36.0859)
20190009547,01/04/2019 12:50:00 PM,2,0,0,,Y,769379,11,Front to Rear,2,RAIN,1,DAYLIGHT,12,MOTOR VEHICLE IN TRANSPORT,NOLENSVILLE PKE & HARDING PL,NASHVILLE,TN,37211,8445,SOUTH,36.0809,-86.7267,POINT (-86.7267 36.0809)
20190275668,04/10/2019 11:13:00 AM,1,0,0,,N,419952,0,NOT COLLISION W/MOTOR VEHICLE-TRANSPORT,21,CLEAR,1,DAYLIGHT,38,FENCE,BOMAR BLVD & BRILEY PKWY N ENT RAMP,NASHVILLE,TN,37209,4623,WEST,36.1746,-86.8658,POINT (-86.8658 36.1746)
20190214313,03/19/2019 05:14:00 PM,2,1,0,,N,345098,4,ANGLE,21,CLEAR,1,DAYLIGHT,12,MOTOR VEHICLE IN TRANSPORT,FRANKLIN PKE & LAMBERT DR,NASHVILLE,TN,37220,7101,MIDTOW,36.0802,-86.7728,POINT (-86.7728 36.0802)
20190204136,03/15/2019 07:52:00 PM,2,2,0,,N,320579,11,Front to Rear,21,CLEAR,3,DARK - LIGHTED,12,MOTOR VEHICLE IN TRANSPORT,MAIN ST & FINN ST,NASHVILLE,TN,37206,1131,EAST,36.1772,-86.754,POINT (-86.754 36.1772)
20190077248,01/29/2019 05:00:00 PM,2,0,0,,N,690942,11,Front to Rear,21,CLEAR,1,DAYLIGHT,12,MOTOR VEHICLE IN TRANSPORT,CHURCH ST & I40 W ENT RAMP,NASHVILLE,TN,37203,4119,CENTRA,36.1582,-86.791,POINT (-86.791 36.1582)
20190094393,02/04/2019 05:15:00 PM,2,0,0,,Y,161946,11,Front to Rear,2,RAIN,3,DARK - LIGHTED,12,MOTOR VEHICLE IN TRANSPORT,MM 86 5 I 65,NASHVILLE,TN,37207,3006,NORTH,36.1946,-86.7762,POINT (-86.7762 36.1946)
20190473288,06/22/2019 01:45:00 PM,2,0,0,,N,419997,11,Front to Rear,22,CLOUDY,1,DAYLIGHT,12,MOTOR VEHICLE IN TRANSPORT,HILLSBORO PKE & CRESTMOOR RD,NASHVILLE,TN,37215,6413,MIDTOW,36.1091,-86.8119,POINT (-86.8119 36.1091)
20190336447,05/01/2019 08:45:00 PM,2,0,0,,Y,169414,11,Front to Rear,21,CLEAR,2,DARK - NOT LIGHTED,12,MOTOR VEHICLE IN TRANSPORT,BLUE HOLE RD & OAK CHASE DR,ANTIOCH,TN,37013,8753,SOUTH,36.0332,-86.6747,POINT (-86.6747 36.0332)
20190163372,03/01/2019 05:13:00 AM,2,0,0,,N,197059,11,Front to Rear,2,RAIN,3,DARK - LIGHTED,12,MOTOR VEHICLE IN TRANSPORT,GLEN ECHO RD & HILLMONT DR,NASHVILLE,TN,37215,6411,MIDTOW,36.1077,-86.803,POINT (-86.803 36.1077)
20190486500,06/27/2019 12:00:00 AM,2,0,0,,Y,298861,5,SIDESWIPE - SAME DIRECTION,21,CLEAR,1,DAYLIGHT,12,MOTOR VEHICLE IN TRANSPORT,MM 212 9 I 40,NASHVILLE,TN,37210,82061,HERMIT,36.1404,-86.7312,POINT (-86.7312 36.1404)
20190059132,01/23/2019 08:41:00 AM,2,0,0,,N,226622,4,ANGLE,2,RAIN,1,DAYLIGHT,12,MOTOR VEHICLE IN TRANSPORT,OLD HICKORY BLVD & ROCKY LN,NASHVILLE,TN,37221,4815,WEST,36.1078,-86.9224,POINT (-86.9224 36.1078)
20190043579,01/17/2019 09:15:00 AM,2,0,0,,N,483529,11,Front to Rear,2,RAIN,1,DAYLIGHT,12,MOTOR VEHICLE IN TRANSPORT,ELLINGTON PKWYS & ELLINGTON PKWYN,NASHVILLE,TN,37207,1995,EAST,36.1758,-86.7666,POINT (-86.7666 36.1758)
20190113272,02/11/2019 02:16:00 PM,2,0,0,,N,240957,98,OTHER,2,RAIN,1,DAYLIGHT,12,MOTOR VEHICLE IN TRANSPORT,THOMPSON LN & ELIZABETH ST,NASHVILLE,TN,37211,8519,MIDTOW,36.111,-86.7459,POINT (-86.7459 36.111)
20190446388,06/12/2019 09:04:00 AM,2,1,0,,Y,676834,11,Front to Rear,22,CLOUDY,1,DAYLIGHT,12;14,MOTOR VEHICLE IN TRANSPORT;PARKED MOTOR VEHICLE,I40 E EXT RAMP & I 40,NASHVILLE,TN,37214,8955,HERMIT,36.155,-86.6271,POINT (-86.6271 36.155)
20190089795,02/02/2019 07:14:00 PM,2,0,0,,N,311328,11,Front to Rear,21,CLEAR,3,DARK - LIGHTED,12,MOTOR VEHICLE IN TRANSPORT,UNION ST & 7TH AVN,NASHVILLE,TN,37203,4145,CENTRA,36.1635,-86.7835,POINT (-86.7835 36.1635)
20190235403,03/26/2019 05:19:00 PM,2,0,0,,N,256380,5,SIDESWIPE - SAME DIRECTION,21,CLEAR,1,DAYLIGHT,12,MOTOR VEHICLE IN TRANSPORT,MM 206 0 I 40,NASHVILLE,TN,37209,45042,NORTH,36.1586,-86.8226,POINT (-86.8226 36.1586)
20190231218,03/25/2019 01:01:00 PM,2,0,0,,N,690942,4,ANGLE,21,CLEAR,1,DAYLIGHT,12,MOTOR VEHICLE IN TRANSPORT,LAFAYETTE ST & 4TH AVS,NASHVILLE,TN,37210,4005,CENTRA,36.1518,-86.7713,POINT (-86.7713 36.1518)
20190540069,07/19/2019 02:24:00 PM,2,0,0,,N,256379,11,Front to Rear,21,CLEAR,1,DAYLIGHT,12,MOTOR VEHICLE IN TRANSPORT,MM 53 6 I 24,NASHVILLE,TN,37211,83021,SOUTH,36.1114,-86.7229,POINT (-86.7229 36.1114)
20190084046,01/31/2019 05:11:00 PM,2,1,0,,N,256389,11,Front to Rear,21,CLEAR,1,DAYLIGHT,12,MOTOR VEHICLE IN TRANSPORT,WOODMONT BLVD & GENERAL BATE DR,NASHVILLE,TN,37204,7009,MIDTOW,36.1105,-86.7837,POINT (-86.7837 36.1105)
20190032626,01/13/2019 03:07:00 PM,2,0,0,,Y,279211,4,ANGLE,22,CLOUDY,1,DAYLIGHT,12,MOTOR VEHICLE IN TRANSPORT,MM 91 0 I 65,MADISON,TN,37115,20044,MADISO,36.2478,-86.7432,POINT (-86.7432 36.2478)
20190202770,03/15/2019 09:49:00 AM,5,2,0,Y,N,716886,5,SIDESWIPE - SAME DIRECTION,21,CLEAR,1,DAYLIGHT,1;12;36,MOTOR VEHICLE IN TRANSPORT;CONCRETE TRAFFIC BARRIER,MM 58 2 I 24,ANTIOCH,TN,37013,87060,SOUTH,36.0564,-86.6761,POINT (-86.6761 36.0564)
20190147633,02/23/2019 01:25:00 PM,2,0,0,,N,584947,11,Front to Rear,22,CLOUDY,1,DAYLIGHT,12,MOTOR VEHICLE IN TRANSPORT,CLOVERLAND DR & JONES PKWY,BRENTWOOD,TN,37027,8623,MIDTOW,36.0326,-86.7687,POINT (-86.7687 36.0326)
20190564664,07/29/2019 04:19:00 PM,2,1,0,,N,256380,4,ANGLE,21,CLEAR,1,DAYLIGHT,12,MOTOR VEHICLE IN TRANSPORT,VANTAGE WAY & FRENCH LANDING DR,NASHVILLE,TN,37228,4499,NORTH,36.1912,-86.7971,POINT (-86.7971 36.1912)
20190547001,07/22/2019 02:10:00 PM,2,0,0,,N,151132,11,Front to Rear,2,RAIN,1,DAYLIGHT,12,MOTOR VEHICLE IN TRANSPORT,OLD HICKORY BLVDW & DOUGLAS ST,MADISON,TN,37115,1771,MADISO,36.2633,-86.7146,POINT (-86.7146 36.2633)
20190028665,01/11/2019 06:12:00 PM,2,0,0,,Y,320599,11,Front to Rear,21,CLEAR,3,DARK - LIGHTED,12,MOTOR VEHICLE IN TRANSPORT,LEBANON PKE & LEBANON PKE EB EXT RAMP,HERMITAGE,TN,37076,9531,HERMIT,36.1972,-86.621,POINT (-86.621 36.1972)
20190097432,02/05/2019 04:07:00 PM,2,0,0,,Y,320599,16,Rear to Side,22,CLOUDY,1,DAYLIGHT,12,MOTOR VEHICLE IN TRANSPORT,PATIO DR & CASA DR,NASHVILLE,TN,37214,8955,HERMIT,36.1425,-86.6413,POINT (-86.6413 36.1425)
20190108514,02/09/2019 02:11:00 PM,2,0,0,,Y,256439,11,Front to Rear,21,CLEAR,1,DAYLIGHT,12,MOTOR VEHICLE IN TRANSPORT,ELM HILL PKE & ATRIUM WAY,NASHVILLE,TN,37214,9101,HERMIT,36.1532,-86.6877,POINT (-86.6877 36.1532)
20190372739,05/15/2019 06:22:00 PM,2,1,0,,N,256383,11,Front to Rear,22,CLOUDY,1,DAYLIGHT,12,MOTOR VEHICLE IN TRANSPORT,MURFREESBORO PKE & HURRICANE CREEK BLVD,ANTIOCH,TN,37013,8869,SOUTH,36.0302,-86.5926,POINT (-86.5926 36.0302)
20190409984,05/29/2019 11:30:00 AM,2,2,0,,N,226136,4,ANGLE,22,CLOUDY,1,DAYLIGHT,12,MOTOR VEHICLE IN TRANSPORT,FRANKLIN PKE & WOODMONT BLVD WB ENT RAMP,NASHVILLE,TN,37204,8301,MIDTOW,36.1108,-86.7733,POINT (-86.7733 36.1108)
20190170865,03/04/2019 09:00:00 AM,2,0,0,,N,693093,5,SIDESWIPE - SAME DIRECTION,21,CLEAR,1,DAYLIGHT,12,MOTOR VEHICLE IN TRANSPORT,GALLATIN PKEN & NORTHSIDE DR,MADISON,TN,37115,1721,MADISO,36.3059,-86.6872,POINT (-86.6872 36.3059)
20190037744,01/15/2019 11:11:00 AM,3,1,0,,N,191578,5,SIDESWIPE - SAME DIRECTION,22,CLOUDY,1,DAYLIGHT,12,MOTOR VEHICLE IN TRANSPORT,MM 211 2 I 40,NASHVILLE,TN,37210,8008,HERMIT,36.1535,-86.7564,POINT (-86.7564 36.1535)
20190030690,01/12/2019 04:50:00 PM,2,1,0,,N,256379,11,Front to Rear,2,RAIN,5,DUSK,12,MOTOR VEHICLE IN TRANSPORT,MM 7 1 I 440,NASHVILLE,TN,37210,8104,SOUTH,36.1249,-86.7355,POINT (-86.7355 36.1249)
20190315748,04/24/2019 08:05:00 AM,2,0,0,,N,352209,4,ANGLE,21,CLEAR,1,DAYLIGHT,12,MOTOR VEHICLE IN TRANSPORT,ELM HILL PKE & ATRIUM WAY,NASHVILLE,TN,37214,9101,HERMIT,36.1532,-86.6877,POINT (-86.6877 36.1532)
20190364111,05/12/2019 06:23:00 PM,2,3,0,,N,240955,11,Front to Rear,22,CLOUDY,1,DAYLIGHT,1;12;34,MOTOR VEHICLE IN TRANSPORT;DITCH,MM 59 2 I 24,ANTIOCH,TN,37013,87061,SOUTH,36.0467,-86.6614,POINT (-86.6614 36.0467)
20190443273,06/11/2019 07:19:00 AM,1,0,0,,Y,320601,0,NOT COLLISION W/MOTOR VEHICLE-TRANSPORT,21,CLEAR,1,DAYLIGHT,64;72,Ran Off Road-Left;EMBANKMENT ROCK/STONE/CONCRETE,CANE RIDGE RD & PRESTON RD,ANTIOCH,TN,37013,8753,SOUTH,36.0357,-86.6569,POINT (-86.6569 36.0357)
20190189195,03/10/2019 06:22:00 PM,2,0,0,,N,179606,11,Front to Rear,21,CLEAR,1,DAYLIGHT,12,MOTOR VEHICLE IN TRANSPORT,I40 E EXT RAMP & I 40,NASHVILLE,TN,37214,8955,HERMIT,36.155,-86.6271,POINT (-86.6271 36.155)
20190161329,02/28/2019 10:52:00 AM,2,0,0,,N,676834,5,SIDESWIPE - SAME DIRECTION,21,CLEAR,1,DAYLIGHT,12,MOTOR VEHICLE IN TRANSPORT,MM 86 8 I 65,NASHVILLE,TN,37207,3002,NORTH,36.1987,-86.7764,POINT (-86.7764 36.1987)
20190184277,03/08/2019 12:51:00 PM,2,0,0,,N,405447,11,Front to Rear,2,RAIN,1,DAYLIGHT,12,MOTOR VEHICLE IN TRANSPORT,OLD HICKORY BLVD & HIGHLAND WAY,NASHVILLE,TN,37211,8651,MIDTOW,36.0398,-86.7409,POINT (-86.7409 36.0398)
20190216470,03/20/2019 08:00:00 AM,2,1,0,,N,330420,11,Front to Rear,21,CLEAR,1,DAYLIGHT,12,MOTOR VEHICLE IN TRANSPORT,MURFREESBORO PKE & BRITISH WOODS DR,NASHVILLE,TN,37217,8853,SOUTH,36.0914,-86.6514,POINT (-86.6514 36.0914)
20190478440,06/24/2019 10:39:00 PM,2,0,0,,N,320591,11,Front to Rear,21,CLEAR,3,DARK - LIGHTED,12,MOTOR VEHICLE IN TRANSPORT,HICKORY HOLLOW PKWY & BELL RD,ANTIOCH,TN,37013,8863,SOUTH,36.0475,-86.656,POINT (-86.656 36.0475)
20190530153,07/15/2019 10:25:00 PM,2,0,0,,N,311326,5,SIDESWIPE - SAME DIRECTION,21,CLEAR,2,DARK - NOT LIGHTED,12,MOTOR VEHICLE IN TRANSPORT,MM 208 6 I 40,NASHVILLE,TN,37203,42020,CENTRA,36.1629,-86.7935,POINT (-86.7935 36.1629)
20190104152,02/07/2019 09:14:00 PM,1,0,0,Y,N,109536,0,NOT COLLISION W/MOTOR VEHICLE-TRANSPORT,2,RAIN,3,DARK - LIGHTED,30,UTILITY POLE,LICKTON PKE & LICKTON PKE PVTDR,WHITES CREEK,TN,37189,3301,NORTH,36.2923,-86.811,POINT (-86.811 36.2923)
20190432711,06/06/2019 10:04:00 PM,2,0,0,Y,N,579971,4,ANGLE,2,RAIN,3,DARK - LIGHTED,12,MOTOR VEHICLE IN TRANSPORT,MORRIS GENTRY BLVD & BELL RD,ANTIOCH,TN,37013,8865,SOUTH,36.0665,-86.6367,POINT (-86.6367 36.0665)
20190567738,07/30/2019 07:30:00 PM,2,0,0,,Y,279124,11,Front to Rear,21,CLEAR,1,DAYLIGHT,12,MOTOR VEHICLE IN TRANSPORT,MM 56 1 I 24,NASHVILLE,TN,37211,88100,SOUTH,36.0813,-86.697,POINT (-86.697 36.0813)
20190495879,07/01/2019 01:33:00 PM,2,1,0,,N,320585,5,SIDESWIPE - SAME DIRECTION,21,CLEAR,1,DAYLIGHT,12,MOTOR VEHICLE IN TRANSPORT,MM 213 9 I 40,NASHVILLE,TN,37217,8802,HERMIT,36.1415,-86.7148,POINT (-86.7148 36.1415)
20190542913,07/20/2019 06:46:00 PM,2,0,0,Y,N,299266,4,ANGLE,21,CLEAR,1,DAYLIGHT,55,Motor Vehicle-In-Motion Outside Trafficw,MURFREESBORO PKE & KERMIT DR,NASHVILLE,TN,37217,8823,HERMIT,36.1215,-86.7045,POINT (-86.7045 36.1215)
20190142621,02/21/2019 05:53:00 PM,2,0,0,,N,212346,11,Front to Rear,2,RAIN,3,DARK - LIGHTED,12,MOTOR VEHICLE IN TRANSPORT,KOREAN VETERANS BLVD & S 1ST ST,NASHVILLE,TN,37213,1003,CENTRA,36.1632,-86.7687,POINT (-86.7687 36.1632)
20190251558,04/01/2019 05:37:00 PM,2,0,0,,N,151132,11,Front to Rear,21,CLEAR,1,DAYLIGHT,12,MOTOR VEHICLE IN TRANSPORT,DUE WEST AVW & GALLATIN PKES,MADISON,TN,37115,1787,MADISO,36.2481,-86.7214,POINT (-86.7214 36.2481)
20190092840,02/04/2019 07:17:00 AM,2,0,0,,N,311325,11,Front to Rear,22,CLOUDY,1,DAYLIGHT,12,MOTOR VEHICLE IN TRANSPORT,MM 212 1 I 40,NASHVILLE,TN,37210,90041,HERMIT,36.1463,-86.7422,POINT (-86.7422 36.1463)
20190480722,06/25/2019 12:00:00 AM,2,0,0,,Y,256426,9,UNKNOWN,21,CLEAR,1,DAYLIGHT,99,UNKNOWN MOST HARMFUL EVENT,MUSIC VALLEY DR & BRILEY PKWYS,NASHVILLE,TN,37214,9213,HERMIT,36.2278,-86.6976,POINT (-86.6976 36.2278)
20190363431,05/11/2019 10:00:00 PM,1,0,0,Y,Y,262766,0,NOT COLLISION W/MOTOR VEHICLE-TRANSPORT,21,CLEAR,7,Dark-Unknown Lighting,43,OTHER FIXED OBJECTS,HICKS RD & PATTEN LN,NASHVILLE,TN,37221,4901,WEST,36.0682,-86.9244,POINT (-86.9244 36.0682)
20190519564,07/11/2019 10:40:00 AM,2,1,0,,N,306231,4,ANGLE,21,CLEAR,1,DAYLIGHT,12,MOTOR VEHICLE IN TRANSPORT,DR D B TODD JR BLVD & HEIMAN ST,NASHVILLE,TN,37208,4481,NORTH,36.1714,-86.8074,POINT (-86.8074 36.1714)
20190338996,05/02/2019 10:10:00 PM,1,0,0,Y,N,320577,0,NOT COLLISION W/MOTOR VEHICLE-TRANSPORT,21,CLEAR,3,DARK - LIGHTED,30;71,UTILITY POLE;EMBANKMENT EARTH,ALLIED DR & KEYSTONE AV,NASHVILLE,TN,37211,8511,MIDTOW,36.096,-86.7426,POINT (-86.7426 36.096)
20190193664,03/12/2019 09:13:00 AM,2,0,0,,N,594473,11,Front to Rear,21,CLEAR,1,DAYLIGHT,12,MOTOR VEHICLE IN TRANSPORT,OLD HICKORY BLVD & LAURELWOOD DR,BRENTWOOD,TN,37027,6301,MIDTOW,36.0438,-86.8455,POINT (-86.8455 36.0438)
20190268334,04/07/2019 10:13:00 PM,2,1,0,,N,146772,4,ANGLE,22,CLOUDY,3,DARK - LIGHTED,12,MOTOR VEHICLE IN TRANSPORT,E CAMPBELL RD & RONNIE RD,MADISON,TN,37115,1767,MADISO,36.2757,-86.7257,POINT (-86.7257 36.2757)
20190460183,06/17/2019 04:59:00 PM,2,0,0,,N,320597,4,ANGLE,21,CLEAR,1,DAYLIGHT,12,MOTOR VEHICLE IN TRANSPORT,THOMPSON LN & FOSTER AV,NASHVILLE,TN,37211,8425,SOUTH,36.1108,-86.7433,POINT (-86.7433 36.1108)
20190228387,03/24/2019 01:58:00 PM,2,1,0,,N,298864,16,Rear to Side,21,CLEAR,1,DAYLIGHT,12,MOTOR VEHICLE IN TRANSPORT,1700 GALLATIN PKEN,MADISON,TN,37115,1721,MADISO,36.2961,-86.6994,POINT (-86.6994 36.2961)
20190132769,02/18/2019 02:51:00 PM,1,0,0,Y,N,256389,0,NOT COLLISION W/MOTOR VEHICLE-TRANSPORT,21,CLEAR,1,DAYLIGHT,34;39;63,DITCH;WALL;Ran Off Road-Right,KINGSBURY DR & ASHLAND DR,NASHVILLE,TN,37215,6305,MIDTOW,36.0629,-86.8464,POINT (-86.8464 36.0629)
20190020497,01/09/2019 12:04:00 AM,2,0,0,,N,298866,11,Front to Rear,21,CLEAR,3,DARK - LIGHTED,12,MOTOR VEHICLE IN TRANSPORT,I40 W EXT RAMP & I 40,NASHVILLE,TN,37203,4119,CENTRA,36.1574,-86.79,POINT (-86.79 36.1574)
20190029454,01/12/2019 01:22:00 AM,2,0,0,,Y,415780,11,Front to Rear,21,CLEAR,3,DARK - LIGHTED,12,MOTOR VEHICLE IN TRANSPORT,16TH AVS & BROADWAY,NASHVILLE,TN,37203,5701,MIDTOW,36.1543,-86.7929,POINT (-86.7929 36.1543)
20190491166,06/29/2019 11:25:00 AM,2,0,0,,Y,420040,11,Front to Rear,21,CLEAR,1,DAYLIGHT,12,MOTOR VEHICLE IN TRANSPORT,CHARLOTTE AV & 17TH AVN,NASHVILLE,TN,37203,5503,MIDTOW,36.1588,-86.7982,POINT (-86.7982 36.1588)
20190165012,03/01/2019 06:13:00 PM,2,0,0,,N,256380,4,ANGLE,21,CLEAR,3,DARK - LIGHTED,12,MOTOR VEHICLE IN TRANSPORT,JOHN MALLETTE DR & S HAMILTON RD,NASHVILLE,TN,37218,3157,NORTH,36.1926,-86.8323,POINT (-86.8323 36.1926)
20190205943,03/16/2019 03:29:00 PM,3,1,0,,Y,306230,11,Front to Rear,21,CLEAR,1,DAYLIGHT,12,MOTOR VEHICLE IN TRANSPORT,MM 87 4 I 65,NASHVILLE,TN,37207,1804,EAST,36.2081,-86.7761,POINT (-86.7761 36.2081)
20190455711,06/15/2019 06:00:00 PM,2,0,0,,N,299238,4,ANGLE,21,CLEAR,1,DAYLIGHT,12,MOTOR VEHICLE IN TRANSPORT,PORTER RD & RIVERSIDE DR,NASHVILLE,TN,37216,1405,EAST,36.1954,-86.7234,POINT (-86.7234 36.1954)
20190514856,07/09/2019 04:36:00 PM,2,1,0,,N,267831,11,Front to Rear,21,CLEAR,1,DAYLIGHT,12,MOTOR VEHICLE IN TRANSPORT,CHARLOTTE PKE & CHARLOTTE PKE PVTDR,NASHVILLE,TN,37209,4703,WEST,36.1293,-86.9044,POINT (-86.9044 36.1293)
20190263078,04/05/2019 03:20:00 PM,2,1,0,,N,311344,4,ANGLE,21,CLEAR,1,DAYLIGHT,12,MOTOR VEHICLE IN TRANSPORT,STATE RT 45 & RIO VISTA DR,MADISON,TN,37115,1705,MADISO,36.2628,-86.681,POINT (-86.681 36.2628)
20190245066,03/29/2019 12:00:00 AM,2,0,0,,N,229888,11,Front to Rear,21,CLEAR,3,DARK - LIGHTED,12,MOTOR VEHICLE IN TRANSPORT,MM 47 6 I 24,NASHVILLE,TN,37207,1904,CENTRA,36.1803,-86.7744,POINT (-86.7744 36.1803)
20190237636,03/27/2019 01:22:00 PM,2,1,0,,Y,140790,11,Front to Rear,21,CLEAR,1,DAYLIGHT,12,MOTOR VEHICLE IN TRANSPORT,MM 221 8 I 40,HERMITAGE,TN,37076,9502,HERMIT,36.1695,-86.5827,POINT (-86.5827 36.1695)
20190578727,08/04/2019 12:00:00 AM,2,1,0,,Y,676828,11,Front to Rear,21,CLEAR,3,DARK - LIGHTED,12,MOTOR VEHICLE IN TRANSPORT,14TH AVS & BROADWAY,NASHVILLE,TN,37203,5701,MIDTOW,36.1557,-86.7897,POINT (-86.7897 36.1557)
20190307013,04/21/2019 06:11:00 PM,3,2,0,,N,524985,5,SIDESWIPE - SAME DIRECTION,21,CLEAR,1,DAYLIGHT,12,MOTOR VEHICLE IN TRANSPORT,CLARKSVILLE PKE & BUENA VISTA PKE,NASHVILLE,TN,37218,3135,NORTH,36.1935,-86.8309,POINT (-86.8309 36.1935)
20190232114,03/25/2019 06:03:00 PM,2,1,0,,N,690942,4,ANGLE,21,CLEAR,1,DAYLIGHT,12,MOTOR VEHICLE IN TRANSPORT,2ND AVN & JUNIOR GILLIAM WAY,NASHVILLE,TN,37201,4231,CENTRA,36.1743,-86.7829,POINT (-86.7829 36.1743)
20190368061,05/14/2019 06:30:00 AM,2,0,0,,N,226136,4,ANGLE,21,CLEAR,1,DAYLIGHT,12,MOTOR VEHICLE IN TRANSPORT,OLD HICKORY BLVD & I65 S ENT RAMP,NASHVILLE,TN,37220,7111,MIDTOW,36.0376,-86.7851,POINT (-86.7851 36.0376)
20190400418,05/25/2019 01:22:00 PM,2,0,0,,Y,330417,4,ANGLE,21,CLEAR,1,DAYLIGHT,12,MOTOR VEHICLE IN TRANSPORT,THE GALLERY AT RIVERGATE PVTDR & GALLATI,MADISON,TN,37115,1731,MADISO,36.3016,-86.6934,POINT (-86.6934 36.3016)
20190526177,07/14/2019 05:01:00 AM,3,0,0,,N,189243,4,ANGLE,21,CLEAR,4,DAWN,12,MOTOR VEHICLE IN TRANSPORT,2ND AVS & HART ST,NASHVILLE,TN,37210,8167,SOUTH,36.1422,-86.7624,POINT (-86.7624 36.1422)
20190177540,03/06/2019 09:18:00 AM,2,0,0,,N,834798,11,Front to Rear,21,CLEAR,1,DAYLIGHT,12,MOTOR VEHICLE IN TRANSPORT,WEDGEWOOD AV & 8TH AVS,NASHVILLE,TN,37204,6919,MIDTOW,36.1343,-86.7796,POINT (-86.7796 36.1343)
20190536805,07/18/2019 08:50:00 AM,2,0,0,,N,226622,11,Front to Rear,22,CLOUDY,1,DAYLIGHT,12,MOTOR VEHICLE IN TRANSPORT,CHARLOTTE AV & MORROW RD,NASHVILLE,TN,37209,5119,WEST,36.1516,-86.8521,POINT (-86.8521 36.1516)
20190574434,08/02/2019 10:35:00 AM,2,0,0,,N,109534,11,Front to Rear,21,CLEAR,1,DAYLIGHT,12,MOTOR VEHICLE IN TRANSPORT,LEBANON PKE & MCGAVOCK PKE,NASHVILLE,TN,37214,9201,HERMIT,36.1694,-86.6799,POINT (-86.6799 36.1694)
20190110907,02/10/2019 12:00:00 AM,2,2,0,,N,298861,11,Front to Rear,2,RAIN,3,DARK - LIGHTED,12,MOTOR VEHICLE IN TRANSPORT,HERMITAGE AV & LEBANON PKE,NASHVILLE,TN,37210,9005,HERMIT,36.1538,-86.7477,POINT (-86.7477 36.1538)
20190123776,02/14/2019 10:05:00 PM,2,0,0,,N,660929,11,Front to Rear,21,CLEAR,3,DARK - LIGHTED,12,MOTOR VEHICLE IN TRANSPORT,STONE BROOK DR & OLD HICKORY BLVD,BRENTWOOD,TN,37027,8623,MIDTOW,36.0409,-86.7794,POINT (-86.7794 36.0409)
20190473043,06/22/2019 09:35:00 AM,1,0,0,,N,110063,0,NOT COLLISION W/MOTOR VEHICLE-TRANSPORT,2,RAIN,1,DAYLIGHT,42,TREE,MM 39 1 I 24,WHITES CREEK,TN,37189,33181,NORTH,36.296,-86.8112,POINT (-86.8112 36.296)
20190317323,04/24/2019 07:50:00 PM,2,0,0,,N,352164,5,SIDESWIPE - SAME DIRECTION,21,CLEAR,3,DARK - LIGHTED,12,MOTOR VEHICLE IN TRANSPORT,MM 219 9 I 40,HERMITAGE,TN,37076,94021,HERMIT,36.1635,-86.6169,POINT (-86.6169 36.1635)
20190388873,05/21/2019 06:17:00 PM,2,2,0,,N,151132,11,Front to Rear,21,CLEAR,1,DAYLIGHT,12,MOTOR VEHICLE IN TRANSPORT,EWING DR & BRICK CHURCH PKE,NASHVILLE,TN,37207,2001,MADISO,36.2316,-86.7815,POINT (-86.7815 36.2316)
20190338040,05/02/2019 01:50:00 PM,2,1,0,,N,714641,11,Front to Rear,21,CLEAR,1,DAYLIGHT,12,MOTOR VEHICLE IN TRANSPORT,JAMES ROBERTSON PKWY & 3RD AVN,NASHVILLE,TN,37201,4201,CENTRA,36.1673,-86.7792,POINT (-86.7792 36.1673)
20190112197,02/11/2019 08:00:00 AM,2,0,0,,Y,256502,11,Front to Rear,21,CLEAR,1,DAYLIGHT,12,MOTOR VEHICLE IN TRANSPORT,CLIFTON AV & 21ST AVN,NASHVILLE,TN,37209,5339,NORTH,36.1576,-86.8071,POINT (-86.8071 36.1576)
20190217491,03/20/2019 03:30:00 PM,2,0,0,,Y,299238,11,Front to Rear,21,CLEAR,1,DAYLIGHT,12;14,MOTOR VEHICLE IN TRANSPORT;PARKED MOTOR VEHICLE,SUMMER PL & S 5TH ST,NASHVILLE,TN,37206,1013,EAST,36.1655,-86.7601,POINT (-86.7601 36.1655)
20190044148,01/17/2019 01:41:00 PM,2,1,0,,N,109534,4,ANGLE,2,RAIN,1,DAYLIGHT,12,MOTOR VEHICLE IN TRANSPORT,JUAREZ DR & OLD HICKORY BLVD,HERMITAGE,TN,37076,9531,HERMIT,36.1983,-86.6201,POINT (-86.6201 36.1983)
20190049507,01/19/2019 02:03:00 PM,2,0,0,,N,620067,4,ANGLE,22,CLOUDY,1,DAYLIGHT,12,MOTOR VEHICLE IN TRANSPORT,MURFREESBORO PKE & HAMILTON CROSSINGS,ANTIOCH,TN,37013,8865,SOUTH,36.0655,-86.6292,POINT (-86.6292 36.0655)