Accident Number,Date and Time,Number of Motor Vehicles,Number of Injuries,Number of Fatalities,Property Damage,Hit and Run,Reporting Officer,Collision Type Code,Collision Type Description,Weather Code,Weather Description,Illumination Code,Illumination Description,Harmful Code,Harmful Code Description,Street Address,City,State,ZIP,RPA,Precinct,Latitude,Longitude,Mapped Location
20190290265,04/15/2019 10:42:00 PM,2,0,0,,N,298871,4,ANGLE,21,CLEAR,3,DARK - LIGHTED,12,MOTOR VEHICLE IN TRANSPORT,24TH AVN & ELLISTON PL,NASHVILLE,TN,37203,5617,MIDTOW,36.149,-86.8073,POINT (-86.8073 36.149)
20190524971,07/13/2019 01:50:00 PM,2,0,0,,Y,299266,4,ANGLE,21,CLEAR,1,DAYLIGHT,12,MOTOR VEHICLE IN TRANSPORT,ANTIOCH PKE & ANTIOCH CT,NASHVILLE,TN,37211,8847,SOUTH,36.0804,-86.6857,POINT (-86.6857 36.0804)
20190360778,05/11/2019 01:18:00 AM,2,3,0,,N,189243,2,HEAD-ON,2,RAIN,7,Dark-Unknown Lighting,12,MOTOR VEHICLE IN TRANSPORT,TRIMBLE ST & WHARF AV,NASHVILLE,TN,37210,8147,SOUTH,36.1464,-86.7629,POINT (-86.7629 36.1464)
20190024886,01/10/2019 12:43:00 PM,2,0,0,,N,191578,4,ANGLE,21,CLEAR,1,DAYLIGHT,12,MOTOR VEHICLE IN TRANSPORT,BLACKWOOD DR & NORWALK CT,NASHVILLE,TN,37214,8955,HERMIT,36.1496,-86.6298,POINT (-86.6298 36.1496)
20190539690,07/19/2019 11:28:00 AM,2,0,0,,N,876573,4,ANGLE,21,CLEAR,1,DAYLIGHT,12,MOTOR VEHICLE IN TRANSPORT,ZELIDA AV & HAMILTON CHURCH RD,ANTIOCH,TN,37013,8865,SOUTH,36.0896,-86.6884,POINT (-86.6884 36.0896)
20190338679,05/02/2019 07:05:00 PM,2,1,0,,Y,352205,11,Front to Rear,21,CLEAR,5,DUSK,12,MOTOR VEHICLE IN TRANSPORT,PORTER RD & SHERWOOD LN,NASHVILLE,TN,37206,1369,EAST,36.1956,-86.7219,POINT (-86.7219 36.1956)
20190332325,04/30/2019 03:11:00 PM,3,0,0,,N,267831,11,Front to Rear,21,CLEAR,1,DAYLIGHT,12,MOTOR VEHICLE IN TRANSPORT,MM 205 6 I 40,NASHVILLE,TN,37209,5228,WEST,36.1559,-86.8271,POINT (-86.8271 36.1559)
20190304678,04/20/2019 04:10:00 PM,3,2,0,,N,352183,4,ANGLE,22,CLOUDY,1,DAYLIGHT,12;13,MOTOR VEHICLE IN TRANSPORT;MOTOR VEHICLE IN TRANSPORT-OTHER ROADWAY,HIGHWAY 70S & BELLEVUE CTR PVTDR,NASHVILLE,TN,37221,4811,WEST,36.0785,-86.9508,POINT (-86.9508 36.0785)
20190461488,06/18/2019 06:22:00 AM,3,0,0,,N,716886,4,ANGLE,2,RAIN,1,DAYLIGHT,12,MOTOR VEHICLE IN TRANSPORT,MM 58 9 I 24,ANTIOCH,TN,37013,87061,SOUTH,36.0494,-86.6662,POINT (-86.6662 36.0494)
20190462020,06/18/2019 11:22:00 AM,2,1,0,,N,462474,4,ANGLE,22,CLOUDY,1,DAYLIGHT,12,MOTOR VEHICLE IN TRANSPORT,CHET ATKINS PL & MUSIC SQW,NASHVILLE,TN,37212,6713,MIDTOW,36.1485,-86.7935,POINT (-86.7935 36.1485)
20190082714,01/31/2019 07:55:00 AM,2,2,0,,N,179602,4,ANGLE,21,CLEAR,1,DAYLIGHT,12,MOTOR VEHICLE IN TRANSPORT,EWINGDALE DR & GWYNNWOOD DR,NASHVILLE,TN,37207,3029,NORTH,36.2333,-86.7924,POINT (-86.7924 36.2333)
20190384060,05/20/2019 04:40:00 AM,2,0,0,Y,N,320600,5,SIDESWIPE - SAME DIRECTION,21,CLEAR,2,DARK - NOT LIGHTED,12,MOTOR VEHICLE IN TRANSPORT,MM 34 8 I 24,JOELTON,TN,37080,33160,NORTH,36.3243,-86.8707,POINT (-86.8707 36.3243)
20190429671,06/05/2019 08:43:00 PM,2,0,0,,Y,151132,6,SIDESWIPE - OPPOSITE DIRECTION,21,CLEAR,2,DARK - NOT LIGHTED,12,MOTOR VEHICLE IN TRANSPORT,E OLD HICKORY BLVD & RIO VISTA DR,MADISON,TN,37115,1635,MADISO,36.2624,-86.6811,POINT (-86.6811 36.2624)
20190047470,01/18/2019 04:08:00 PM,2,1,0,,N,151132,2,HEAD-ON,22,CLOUDY,1,DAYLIGHT,12,MOTOR VEHICLE IN TRANSPORT,EWING DR & BRICK CHURCH PKE,NASHVILLE,TN,37207,2031,MADISO,36.025,-86.721,POINT (-86.721 36.025)
20190299891,04/18/2019 06:40:00 PM,2,1,0,,N,311332,6,SIDESWIPE - OPPOSITE DIRECTION,2,RAIN,2,DARK - NOT LIGHTED,12,MOTOR VEHICLE IN TRANSPORT,POND CREEK RD & OLD CHARLOTTE PKE,NASHVILLE,TN,37209,4707,WEST,36.1228,-86.999,POINT (-86.999 36.1228)
20190291939,04/16/2019 11:20:00 AM,3,0,0,,N,420035,4,ANGLE,21,CLEAR,1,DAYLIGHT,12,MOTOR VEHICLE IN TRANSPORT,LAKEWOOD DR & GALLATIN PKES,MADISON,TN,37115,1517,MADISO,36.2444,-86.7222,POINT (-86.7222 36.2444)
20190254747,04/02/2019 05:50:00 PM,2,1,0,,Y,676824,5,SIDESWIPE - SAME DIRECTION,21,CLEAR,1,DAYLIGHT,12,MOTOR VEHICLE IN TRANSPORT,12TH AVN & CLAY ST,NASHVILLE,TN,37208,4411,NORTH,36.1833,-86.8079,POINT (-86.8079 36.1833)
20190072806,01/28/2019 09:41:00 AM,2,0,0,,Y,109534,11,Front to Rear,21,CLEAR,1,DAYLIGHT,12;99,MOTOR VEHICLE IN TRANSPORT;UNKNOWN MOST HARMFUL EVENT,MM 53 1 I 24,NASHVILLE,TN,37210,88142,SOUTH,36.1172,-86.7256,POINT (-86.7256 36.1172)
20190156822,02/26/2019 09:15:00 PM,2,0,0,Y,N,256417,5,SIDESWIPE - SAME DIRECTION,21,CLEAR,2,DARK - NOT LIGHTED,12,MOTOR VEHICLE IN TRANSPORT,ANDREW JACKSON PKWY & DES MOINES DR,HERMITAGE,TN,37076,9509,HERMIT,36.208,-86.605,POINT (-86.605 36.208)
20190183856,03/08/2019 09:05:00 AM,2,0,0,,N,493304,4,ANGLE,2,RAIN,1,DAYLIGHT,12,MOTOR VEHICLE IN TRANSPORT,GALLATIN PKES & E OLD HICKORY BLVD,MADISON,TN,37115,1771,MADISO,36.2622,-86.7122,POINT (-86.7122 36.2622)
20190347257,05/06/2019 12:15:00 PM,2,0,0,,N,544481,11,Front to Rear,21,CLEAR,1,DAYLIGHT,12,MOTOR VEHICLE IN TRANSPORT,SPRING ST & I24 E EXT RAMP,NASHVILLE,TN,37213,1985,CENTRA,36.1768,-86.7728,POINT (-86.7728 36.1768)
20190501568,07/03/2019 12:39:00 PM,2,0,0,,N,110063,5,SIDESWIPE - SAME DIRECTION,21,CLEAR,1,DAYLIGHT,12,MOTOR VEHICLE IN TRANSPORT,MM 46 6 I 24,NASHVILLE,TN,37207,3006,NORTH,36.1936,-86.7762,POINT (-86.7762 36.1936)
20190085849,02/01/2019 08:12:00 AM,2,0,0,,N,716886,4,ANGLE,2,RAIN,1,DAYLIGHT,12,MOTOR VEHICLE IN TRANSPORT,HAYWOOD LN & I24 W EXT RAMP,ANTIOCH,TN,37013,8857,SOUTH,36.0695,-86.6875,POINT (-86.6875 36.0695)
20190563563,07/29/2019 06:56:00 AM,2,0,0,,N,665896,11,Front to Rear,21,CLEAR,1,DAYLIGHT,12,MOTOR VEHICLE IN TRANSPORT,ELLINGTON PKWYS & ELLINGTON PKWY N ENT R,NASHVILLE,TN,37207,1995,EAST,36.1755,-86.7671,POINT (-86.7671 36.1755)
20190206808,03/16/2019 10:58:00 PM,4,0,0,,Y,298875,11,Front to Rear,21,CLEAR,2,DARK - NOT LIGHTED,12;13;14,MOTOR VEHICLE IN TRANSPORT;MOTOR VEHICLE IN TRANSPORT-OTHER ROADWAY;PARKED MOTOR VEHICLE,KEELEY DR & COLEMONT DR,ANTIOCH,TN,37013,8713,SOUTH,36.0606,-86.6957,POINT (-86.6957 36.0606)
20190281667,04/12/2019 01:30:00 PM,2,1,0,,N,226622,4,ANGLE,22,CLOUDY,1,DAYLIGHT,12,MOTOR VEHICLE IN TRANSPORT,RIVER RD & RIVER RD PVTDR,NASHVILLE,TN,37209,4701,WEST,36.1301,-86.9135,POINT (-86.9135 36.1301)
20190342836,05/04/2019 11:00:00 AM,2,1,0,,N,262766,4,ANGLE,21,CLEAR,1,DAYLIGHT,12,MOTOR VEHICLE IN TRANSPORT,BELLE FOREST SHOPPING CENTER P & OLD HIC,NASHVILLE,TN,37205,4903,WEST,36.0755,-86.921,POINT (-86.921 36.0755)
20190030447,01/12/2019 01:50:00 PM,2,2,0,,N,693093,4,ANGLE,2,RAIN,1,DAYLIGHT,12,MOTOR VEHICLE IN TRANSPORT,GALLATIN PKES & WALTON LN,MADISON,TN,37115,1517,MADISO,36.2388,-86.7239,POINT (-86.7239 36.2388)
20190032494,01/13/2019 01:08:00 PM,1,1,0,Y,N,179602,0,NOT COLLISION W/MOTOR VEHICLE-TRANSPORT,2,RAIN,1,DAYLIGHT,24;71,GUARDRAIL FACE;EMBANKMENT EARTH,I65 N ENT RAMP & I 65,NASHVILLE,TN,37207,1829,EAST,36.209,-86.7759,POINT (-86.7759 36.209)
20190362769,05/12/2019 01:26:00 AM,2,1,0,,N,311336,11,Front to Rear,21,CLEAR,3,DARK - LIGHTED,12,MOTOR VEHICLE IN TRANSPORT,SPRING ST & DICKERSON PKE,NASHVILLE,TN,37207,1979,EAST,36.1765,-86.7702,POINT (-86.7702 36.1765)
20190206084,03/16/2019 02:31:00 PM,2,0,0,,N,299241,11,Front to Rear,21,CLEAR,1,DAYLIGHT,12,MOTOR VEHICLE IN TRANSPORT,OLD HICKORY BLVD & CROSSHILL WAY,HERMITAGE,TN,37076,9527,HERMIT,36.1668,-86.5991,POINT (-86.5991 36.1668)
20190145055,02/22/2019 12:28:00 PM,2,0,0,,N,633390,11,Front to Rear,2,RAIN,1,DAYLIGHT,12,MOTOR VEHICLE IN TRANSPORT,MCKENNIE AV & GALLATIN AV,NASHVILLE,TN,37206,1321,EAST,36.1919,-86.7448,POINT (-86.7448 36.1919)
20190072315,01/28/2019 05:50:00 AM,1,0,0,,N,280010,0,NOT COLLISION W/MOTOR VEHICLE-TRANSPORT,21,CLEAR,3,DARK - LIGHTED,18,OTHER OBJECT (NOT FIXED),MM 53 4 I 24,NASHVILLE,TN,37210,88141,SOUTH,36.1127,-86.7234,POINT (-86.7234 36.1127)
20190458284,06/17/2019 12:00:00 AM,2,0,0,,Y,279217,4,ANGLE,2,RAIN,3,DARK - LIGHTED,12,MOTOR VEHICLE IN TRANSPORT,BUCHANAN ST & ED TEMPLE BLVD,NASHVILLE,TN,37208,4425,NORTH,36.181,-86.8243,POINT (-86.8243 36.181)
20190512587,07/08/2019 04:10:00 PM,2,0,0,,N,342952,4,ANGLE,21,CLEAR,1,DAYLIGHT,12,MOTOR VEHICLE IN TRANSPORT,EASTVIEW DR & CLIPPER CT,ANTIOCH,TN,37013,8713,SOUTH,36.0622,-86.6868,POINT (-86.6868 36.0622)
20190086268,02/01/2019 10:35:00 AM,2,0,0,,N,330438,5,SIDESWIPE - SAME DIRECTION,21,CLEAR,1,DAYLIGHT,12,MOTOR VEHICLE IN TRANSPORT,WHITE BRIDGE PKE & POST PL,NASHVILLE,TN,37209,5107,WEST,36.1145,-86.8161,POINT (-86.8161 36.1145)
20190567414,07/30/2019 05:05:00 PM,2,1,0,,N,330440,11,Front to Rear,21,CLEAR,1,DAYLIGHT,12,MOTOR VEHICLE IN TRANSPORT,ATHENS WAY & ROSA L PARKS BLVD,NASHVILLE,TN,37228,4445,NORTH,36.1928,-86.8017,POINT (-86.8017 36.1928)
20190120107,02/13/2019 06:02:00 PM,3,0,0,,N,151132,11,Front to Rear,21,CLEAR,3,DARK - LIGHTED,12,MOTOR VEHICLE IN TRANSPORT,MM 49 6 I 24,NASHVILLE,TN,37210,4008,CENTRA,36.1571,-86.7604,POINT (-86.7604 36.1571)
20190281946,04/12/2019 03:47:00 PM,2,0,0,,N,151132,11,Front to Rear,22,CLOUDY,1,DAYLIGHT,12,MOTOR VEHICLE IN TRANSPORT,MM 40 4 I 24,WHITES CREEK,TN,37189,3314,NORTH,36.2786,-86.8016,POINT (-86.8016 36.2786)
20190565328,07/29/2019 12:00:00 AM,1,1,0,,N,320591,0,NOT COLLISION W/MOTOR VEHICLE-TRANSPORT,21,CLEAR,3,DARK - LIGHTED,9,,MCMILLAN CT & ANTIOCH PKE,NASHVILLE,TN,37211,8407,SOUTH,36.1008,-86.7294,POINT (-86.7294 36.1008)
20190460610,06/17/2019 09:45:00 PM,2,0,0,,Y,330412,5,SIDESWIPE - SAME DIRECTION,2,RAIN,3,DARK - LIGHTED,12,MOTOR VEHICLE IN TRANSPORT,EWING DR & RICHMOND HILL DR,NASHVILLE,TN,37207,2001,MADISO,36.2303,-86.7738,POINT (-86.7738 36.2303)
20190571365,08/01/2019 07:00:00 AM,2,0,0,,N,352164,11,Front to Rear,21,CLEAR,1,DAYLIGHT,12,MOTOR VEHICLE IN TRANSPORT,MURFREESBORO PKE & HAMILTON CHURCH RD,ANTIOCH,TN,37013,8865,SOUTH,36.0649,-86.6286,POINT (-86.6286 36.0649)
20190341964,05/03/2019 11:23:00 PM,2,0,0,,Y,256377,4,ANGLE,21,CLEAR,3,DARK - LIGHTED,12,MOTOR VEHICLE IN TRANSPORT,EDGE O LAKE DR & MURFREESBORO PKE,NASHVILLE,TN,37217,8939,HERMIT,36.0797,-86.6443,POINT (-86.6443 36.0797)
20190522875,07/12/2019 04:27:00 PM,2,0,0,,N,298863,4,ANGLE,21,CLEAR,1,DAYLIGHT,12,MOTOR VEHICLE IN TRANSPORT,8TH AVS & LAFAYETTE ST,NASHVILLE,TN,37203,4043,CENTRA,36.1546,-86.7792,POINT (-86.7792 36.1546)
20190220146,03/21/2019 11:00:00 AM,2,0,0,,N,226405,5,SIDESWIPE - SAME DIRECTION,21,CLEAR,1,DAYLIGHT,12,MOTOR VEHICLE IN TRANSPORT,14TH AVN & CHARLOTTE AV,NASHVILLE,TN,37203,5501,MIDTOW,36.1608,-86.7937,POINT (-86.7937 36.1608)
20190224761,03/22/2019 09:23:00 PM,4,1,0,,N,299266,4,ANGLE,21,CLEAR,3,DARK - LIGHTED,14;54;55,PARKED MOTOR VEHICLE;Set In Motion By Motor Vehicle;Motor Vehicle-In-Motion Outside Trafficw,CHIMNEYTOP DR & BELL HOLLOW APTS PVTDR,ANTIOCH,TN,37013,8753,SOUTH,36.0397,-86.6616,POINT (-86.6616 36.0397)
20190270388,04/08/2019 01:19:00 PM,2,0,0,,Y,256383,11,Front to Rear,22,CLOUDY,1,DAYLIGHT,12,MOTOR VEHICLE IN TRANSPORT,RURAL HILL RD & MT VIEW RD,ANTIOCH,TN,37013,8861,SOUTH,36.0896,-86.6884,POINT (-86.6884 36.0896)
20190517327,07/10/2019 01:50:00 PM,2,0,0,,N,714641,4,ANGLE,2,RAIN,1,DAYLIGHT,12,MOTOR VEHICLE IN TRANSPORT,GAY ST & JAMES ROBERTSON PKWY,NASHVILLE,TN,37219,4203,CENTRA,36.1682,-86.7821,POINT (-86.7821 36.1682)
20190322532,04/26/2019 12:25:00 PM,2,0,0,,N,628640,11,Front to Rear,21,CLEAR,1,DAYLIGHT,12,MOTOR VEHICLE IN TRANSPORT,MURFREESBORO PKE & THOMPSON PL,NASHVILLE,TN,37217,8817,HERMIT,36.1266,-86.7111,POINT (-86.7111 36.1266)
20190448981,06/13/2019 07:15:00 AM,2,1,0,,N,140808,11,Front to Rear,21,CLEAR,1,DAYLIGHT,12,MOTOR VEHICLE IN TRANSPORT,HARDING PL & SEVEN MILE CREEK HARDING MA,NASHVILLE,TN,37211,8705,SOUTH,36.0801,-86.7245,POINT (-86.7245 36.0801)
20190285233,04/14/2019 12:30:00 AM,2,0,0,,N,197067,11,Front to Rear,2,RAIN,2,DARK - NOT LIGHTED,12,MOTOR VEHICLE IN TRANSPORT,3RD AVS & DEMONBREUN ST,NASHVILLE,TN,37201,4065,CENTRA,36.16,-86.7747,POINT (-86.7747 36.16)
20190531983,07/16/2019 03:10:00 PM,2,0,0,,N,169425,4,ANGLE,21,CLEAR,1,DAYLIGHT,12,MOTOR VEHICLE IN TRANSPORT,WEST END AV & 25TH AVN,NASHVILLE,TN,37212,5801,MIDTOW,36.1467,-86.8089,POINT (-86.8089 36.1467)
20190044769,01/17/2019 12:00:00 AM,3,0,0,,N,311333,11,Front to Rear,2,RAIN,7,Dark-Unknown Lighting,12,MOTOR VEHICLE IN TRANSPORT,MURFREESBORO PKE & HAMILTON CROSSINGS,ANTIOCH,TN,37013,8865,SOUTH,36.0655,-86.6292,POINT (-86.6292 36.0655)
20190151564,02/25/2019 06:13:00 AM,1,0,0,,N,298879,0,NOT COLLISION W/MOTOR VEHICLE-TRANSPORT,21,CLEAR,1,DAYLIGHT,24,GUARDRAIL FACE,CHARLOTTE PKE PVTDR & CHARLOTTE PKE,NASHVILLE,TN,37221,4711,WEST,36.1123,-86.9296,POINT (-86.9296 36.1123)
20190366462,05/13/2019 03:57:00 PM,2,1,0,,N,256379,11,Front to Rear,21,CLEAR,1,DAYLIGHT,12,MOTOR VEHICLE IN TRANSPORT,MM 52 8 I 24,NASHVILLE,TN,37210,81022,SOUTH,36.1212,-86.7272,POINT (-86.7272 36.1212)
20190072605,01/28/2019 08:26:00 AM,2,0,0,,N,676834,4,ANGLE,21,CLEAR,1,DAYLIGHT,12,MOTOR VEHICLE IN TRANSPORT,4TH AVN & HUME ST,NASHVILLE,TN,37208,4355,NORTH,36.1813,-86.7903,POINT (-86.7903 36.1813)
20190304226,04/20/2019 10:43:00 AM,1,0,0,,N,140790,0,NOT COLLISION W/MOTOR VEHICLE-TRANSPORT,2,RAIN,1,DAYLIGHT,36,CONCRETE TRAFFIC BARRIER,I40 E EXT RAMP & I 40,NASHVILLE,TN,37214,8955,HERMIT,36.155,-86.6271,POINT (-86.6271 36.155)
20190194214,03/12/2019 01:01:00 PM,2,0,0,,Y,191578,5,SIDESWIPE - SAME DIRECTION,21,CLEAR,1,DAYLIGHT,12,MOTOR VEHICLE IN TRANSPORT,MM 211 8 I 40,NASHVILLE,TN,37210,90022,HERMIT,36.149,-86.7465,POINT (-86.7465 36.149)
20190082922,01/31/2019 09:30:00 AM,2,0,0,,N,226622,4,ANGLE,21,CLEAR,1,DAYLIGHT,12,MOTOR VEHICLE IN TRANSPORT,HIGHWAY 70S & I40 E ENT RAMP,NASHVILLE,TN,37221,4813,WEST,36.0808,-86.9556,POINT (-86.9556 36.0808)
20190151786,02/25/2019 08:15:00 AM,3,1,0,,N,225777,11,Front to Rear,21,CLEAR,1,DAYLIGHT,12,MOTOR VEHICLE IN TRANSPORT,MM 204 8 I 40,NASHVILLE,TN,37209,45020,WEST,36.1539,-86.8425,POINT (-86.8425 36.1539)
20190457496,06/16/2019 04:10:00 PM,1,1,0,,N,320582,0,NOT COLLISION W/MOTOR VEHICLE-TRANSPORT,21,CLEAR,1,DAYLIGHT,8,PEDESTRIAN,DICKERSON PKE & DONALD ST,NASHVILLE,TN,37207,1891,EAST,36.2117,-86.7652,POINT (-86.7652 36.2117)
20190502067,07/03/2019 03:10:00 PM,2,0,0,,N,206675,11,Front to Rear,2,RAIN,1,DAYLIGHT,12,MOTOR VEHICLE IN TRANSPORT,MM 210 1 I 40,NASHVILLE,TN,37203,4006,CENTRA,36.1492,-86.7751,POINT (-86.7751 36.1492)
20190021937,01/09/2019 12:15:00 PM,2,0,0,,N,212325,11,Front to Rear,21,CLEAR,1,DAYLIGHT,12,MOTOR VEHICLE IN TRANSPORT,RIVERGATE MARKETPLACE PVTDR & GALLATIN P,MADISON,TN,37115,1731,MADISO,36.3037,-86.6898,POINT (-86.6898 36.3037)
20190213462,03/19/2019 12:00:00 AM,2,0,0,,Y,402660,5,SIDESWIPE - SAME DIRECTION,21,CLEAR,9,UNKNOWN,14,PARKED MOTOR VEHICLE,39TH AVN & ELKINS AV,NASHVILLE,TN,37209,5231,WEST,36.1506,-86.8324,POINT (-86.8324 36.1506)
20190274381,04/10/2019 12:50:00 AM,2,0,0,,N,298875,11,Front to Rear,21,CLEAR,3,DARK - LIGHTED,14,PARKED MOTOR VEHICLE,MURFREESBORO PKE & FRANKLIN LIMESTONE RD,NASHVILLE,TN,37217,8853,SOUTH,36.0944,-86.6534,POINT (-86.6534 36.0944)
20190006591,01/03/2019 12:20:00 PM,3,2,0,,N,224437,11,Front to Rear,22,CLOUDY,1,DAYLIGHT,12,MOTOR VEHICLE IN TRANSPORT,800 DICKERSON PKE,NASHVILLE,TN,37207,1951,EAST,36.1848,-86.7736,POINT (-86.7736 36.1848)
20190472377,06/21/2019 11:45:00 PM,3,0,0,,N,311340,4,ANGLE,22,CLOUDY,3,DARK - LIGHTED,12;13,MOTOR VEHICLE IN TRANSPORT;MOTOR VEHICLE IN TRANSPORT-OTHER ROADWAY,19TH AVS & BROADWAY,NASHVILLE,TN,37203,5705,MIDTOW,36.151,-86.7965,POINT (-86.7965 36.151)
20190094407,02/04/2019 05:37:00 PM,2,2,0,,N,256422,11,Front to Rear,21,CLEAR,3,DARK - LIGHTED,12,MOTOR VEHICLE IN TRANSPORT,MM 84 9 I 65,NASHVILLE,TN,37208,44040,NORTH,36.1782,-86.8009,POINT (-86.8009 36.1782)
20190260019,04/04/2019 01:15:00 PM,2,0,0,,N,256502,11,Front to Rear,21,CLEAR,1,DAYLIGHT,12,MOTOR VEHICLE IN TRANSPORT,I440 W ENT RAMP & I440 E ENT RAMP,NASHVILLE,TN,37205,6007,WEST,36.1353,-86.822,POINT (-86.822 36.1353)
20190488784,06/28/2019 01:00:00 PM,2,0,0,,Y,676834,6,SIDESWIPE - OPPOSITE DIRECTION,21,CLEAR,1,DAYLIGHT,12;14,MOTOR VEHICLE IN TRANSPORT;PARKED MOTOR VEHICLE,CRAVATH DR & ROWAN DR,NASHVILLE,TN,37207,3025,NORTH,36.2207,-86.8114,POINT (-86.8114 36.2207)
20190371101,05/15/2019 05:20:00 AM,2,0,0,,N,352207,11,Front to Rear,21,CLEAR,1,DAYLIGHT,12,MOTOR VEHICLE IN TRANSPORT,I24 E EXT RAMP & I 24,NASHVILLE,TN,37207,30080,NORTH,36.2378,-86.7872,POINT (-86.7872 36.2378)
20190197543,03/13/2019 02:43:00 PM,2,0,0,,N,134899,4,ANGLE,21,CLEAR,1,DAYLIGHT,12;33;38;41,MOTOR VEHICLE IN TRANSPORT;CURB;FENCE;SHRUBBERY,CENTRAL PKE & CENTRAL PKE ENT RAMP,HERMITAGE,TN,37076,9561,HERMIT,36.1741,-86.6049,POINT (-86.6049 36.1741)
20190391551,05/22/2019 12:00:00 AM,1,0,0,Y,Y,197435,0,NOT COLLISION W/MOTOR VEHICLE-TRANSPORT,21,CLEAR,1,DAYLIGHT,43,OTHER FIXED OBJECTS,400 LEMONT DR,NASHVILLE,TN,37216,1813,EAST,36.2255,-86.7443,POINT (-86.7443 36.2255)
20190198080,03/13/2019 05:10:00 PM,2,0,0,,Y,551975,6,SIDESWIPE - OPPOSITE DIRECTION,21,CLEAR,1,DAYLIGHT,12;68,MOTOR VEHICLE IN TRANSPORT;Cross Center Line,MOORMANS ARM RD & BOATNER DR,NASHVILLE,TN,37207,3015,NORTH,36.2151,-86.8167,POINT (-86.8167 36.2151)
20190270576,04/08/2019 04:54:00 PM,2,0,0,,N,256380,11,Front to Rear,2,RAIN,1,DAYLIGHT,12,MOTOR VEHICLE IN TRANSPORT,BATAVIA ST & 30TH AVN,NASHVILLE,TN,37209,45041,NORTH,36.161,-86.8211,POINT (-86.8211 36.161)
20190427519,06/05/2019 12:00:00 AM,1,0,0,Y,Y,256377,0,NOT COLLISION W/MOTOR VEHICLE-TRANSPORT,21,CLEAR,3,DARK - LIGHTED,19;33,BUILDING;CURB,LAKEVILLA DR & GRIGGS PL,NASHVILLE,TN,37217,8939,HERMIT,36.0781,-86.6404,POINT (-86.6404 36.0781)
20190371384,05/15/2019 07:59:00 AM,2,0,0,,N,716886,4,ANGLE,2,RAIN,1,DAYLIGHT,12,MOTOR VEHICLE IN TRANSPORT,ANTIOCH PKE & PERIMETER HILL DR,NASHVILLE,TN,37211,8889,SOUTH,36.0859,-86.6911,POINT (-86.6911 36.0859)
20190213785,03/19/2019 12:50:00 PM,2,0,0,,Y,876573,4,ANGLE,21,CLEAR,1,DAYLIGHT,14,PARKED MOTOR VEHICLE,3000 HAMILTON CHURCH RD,ANTIOCH,TN,37013,8865,SOUTH,36.0645,-86.6288,POINT (-86.6288 36.0645)
20190007757,01/03/2019 09:19:00 PM,2,0,0,,N,279224,11,Front to Rear,21,CLEAR,3,DARK - LIGHTED,12,MOTOR VEHICLE IN TRANSPORT,E TRINITY LN & ELLINGTON PKWY N ENT RAMP,NASHVILLE,TN,37207,1853,EAST,36.2046,-86.7493,POINT (-86.7493 36.2046)
20190038591,01/15/2019 05:05:00 PM,1,1,0,,N,330411,0,NOT COLLISION W/MOTOR VEHICLE-TRANSPORT,21,CLEAR,3,DARK - LIGHTED,8,PEDESTRIAN,FERNBROOK LN & HEARTLAND DR,NASHVILLE,TN,37214,9317,HERMIT,36.1855,-86.6678,POINT (-86.6678 36.1855)
20190358622,05/10/2019 12:00:00 AM,2,0,0,,Y,191578,5,SIDESWIPE - SAME DIRECTION,99,UNKNOWN,9,UNKNOWN,12;14,MOTOR VEHICLE IN TRANSPORT;PARKED MOTOR VEHICLE,GREEN ST & CLAIBORNE ST,NASHVILLE,TN,37210,8205,HERMIT,36.1531,-86.7605,POINT (-86.7605 36.1531)
20190044987,01/17/2019 07:49:00 PM,1,1,0,Y,N,163667,0,NOT COLLISION W/MOTOR VEHICLE-TRANSPORT,2,RAIN,2,DARK - NOT LIGHTED,30,UTILITY POLE,CLOVERLAND DR & PORTSMOUTH CV,BRENTWOOD,TN,37027,8623,MIDTOW,36.032,-86.7566,POINT (-86.7566 36.032)
20190349784,05/07/2019 08:08:00 AM,2,0,0,,N,716886,4,ANGLE,21,CLEAR,1,DAYLIGHT,12,MOTOR VEHICLE IN TRANSPORT,BELL RD & I24 E EXT RAMP,ANTIOCH,TN,37013,8751,SOUTH,36.0451,-86.6593,POINT (-86.6593 36.0451)
20190565887,07/30/2019 05:30:00 AM,2,0,0,,N,330411,5,SIDESWIPE - SAME DIRECTION,2,RAIN,4,DAWN,12,MOTOR VEHICLE IN TRANSPORT,MM 86 5 I 65,NASHVILLE,TN,37207,3006,NORTH,36.1946,-86.7762,POINT (-86.7762 36.1946)
20190203228,03/15/2019 01:01:00 PM,2,0,0,,N,191578,4,ANGLE,21,CLEAR,1,DAYLIGHT,12,MOTOR VEHICLE IN TRANSPORT,STONES RIVER GRNWY & LEBANON PKE,NASHVILLE,TN,37214,9403,HERMIT,36.1859,-86.6342,POINT (-86.6342 36.1859)
20190079296,01/30/2019 07:36:00 AM,2,1,0,,N,594473,11,Front to Rear,4,SNOW,1,DAYLIGHT,12,MOTOR VEHICLE IN TRANSPORT,OLD HICKORY BLVD & FRANKLIN PIKE CIR,BRENTWOOD,TN,37027,8623,MIDTOW,36.0405,-86.7801,POINT (-86.7801 36.0405)
20190096221,02/05/2019 08:40:00 AM,2,2,0,,N,191578,4,ANGLE,22,CLOUDY,1,DAYLIGHT,12,MOTOR VEHICLE IN TRANSPORT,COUCHVILLE PKE & BELL RD,NASHVILLE,TN,37214,8989,HERMIT,36.1121,-86.6303,POINT (-86.6303 36.1121)