Accident Number,Date and Time,Number of Motor Vehicles,Number of Injuries,Number of Fatalities,Property Damage,Hit and Run,Reporting Officer,Collision Type Code,Collision Type Description,Weather Code,Weather Description,Illumination Code,Illumination Description,Harmful Code,Harmful Code Description,Street Address,City,State,ZIP,RPA,Precinct,Latitude,Longitude,Mapped Location
20190483386,06/26/2019 03:31:00 PM,2,3,0,,N,256448,11,Front to Rear,21,CLEAR,1,DAYLIGHT,12;2,MOTOR VEHICLE IN TRANSPORT,LEBANON PKE & BLUEFIELD AV,NASHVILLE,TN,37214,9113,HERMIT,36.1696,-86.6721,POINT (-86.6721 36.1696)
20190243802,03/29/2019 12:54:00 PM,2,0,0,,N,225773,4,ANGLE,22,CLOUDY,1,DAYLIGHT,12,MOTOR VEHICLE IN TRANSPORT,POWELL AV & POWELL PL,NASHVILLE,TN,37204,8525,MIDTOW,36.1081,-86.7657,POINT (-86.7657 36.1081)
20190457479,06/16/2019 03:50:00 PM,2,0,0,,Y,256441,4,ANGLE,21,CLEAR,1,DAYLIGHT,12,MOTOR VEHICLE IN TRANSPORT,HARDING PL & MILNER DR,NASHVILLE,TN,37211,8609,MIDTOW,36.0781,-86.7307,POINT (-86.7307 36.0781)
20190004635,01/02/2019 06:47:00 PM,3,1,0,,N,298858,11,Front to Rear,2,RAIN,3,DARK - LIGHTED,12,MOTOR VEHICLE IN TRANSPORT,INTERSTATE DR & JAMES ROBERTSON PKWY,NASHVILLE,TN,37213,1105,CENTRA,36.1714,-86.769,POINT (-86.769 36.1714)
20190295192,04/17/2019 09:45:00 AM,2,0,0,,N,716886,11,Front to Rear,21,CLEAR,1,DAYLIGHT,12,MOTOR VEHICLE IN TRANSPORT,MM 6 5 I 440,NASHVILLE,TN,37210,81040,SOUTH,36.1242,-86.7451,POINT (-86.7451 36.1242)
20190221071,03/21/2019 05:15:00 PM,2,0,0,,N,226306,4,ANGLE,21,CLEAR,1,DAYLIGHT,12,MOTOR VEHICLE IN TRANSPORT,OLD HARDING PKE & HICKS RD,NASHVILLE,TN,37221,4901,WEST,36.0727,-86.9265,POINT (-86.9265 36.0727)
20190562776,07/28/2019 09:40:00 PM,1,1,0,Y,N,493301,0,NOT COLLISION W/MOTOR VEHICLE-TRANSPORT,21,CLEAR,3,DARK - LIGHTED,30,UTILITY POLE,BROOK HOLLOW RD & RICHFIELD DR,NASHVILLE,TN,37205,5007,WEST,36.1256,-86.886,POINT (-86.886 36.1256)
20190011218,01/05/2019 03:49:00 AM,2,0,0,,Y,311343,2,HEAD-ON,22,CLOUDY,3,DARK - LIGHTED,12,MOTOR VEHICLE IN TRANSPORT,12TH AVS & LAWRENCE AV,NASHVILLE,TN,37212,6601,MIDTOW,36.1292,-86.7889,POINT (-86.7889 36.1292)
20190324681,04/27/2019 12:44:00 PM,3,0,0,,N,140790,11,Front to Rear,22,CLOUDY,1,DAYLIGHT,12,MOTOR VEHICLE IN TRANSPORT,LEBANON PKE & TYLER DR,HERMITAGE,TN,37076,9719,HERMIT,36.1776,-86.6167,POINT (-86.6167 36.1776)
20190163603,03/01/2019 07:55:00 AM,2,0,0,,N,481573,11,Front to Rear,2,RAIN,1,DAYLIGHT,12,MOTOR VEHICLE IN TRANSPORT,25TH AVN & CHARLOTTE AV,NASHVILLE,TN,37203,5619,MIDTOW,36.1553,-86.8121,POINT (-86.8121 36.1553)
20190269368,04/08/2019 07:35:00 AM,2,0,0,,N,224797,4,ANGLE,2,RAIN,1,DAYLIGHT,12,MOTOR VEHICLE IN TRANSPORT,BROOKFIELD AV & HIGHWAY 100,NASHVILLE,TN,37205,6209,WEST,36.0938,-86.8759,POINT (-86.8759 36.0938)
20190164915,03/01/2019 05:35:00 PM,2,0,0,,N,151132,4,ANGLE,2,RAIN,3,DARK - LIGHTED,12,MOTOR VEHICLE IN TRANSPORT,MADISON BLVD & GALLATIN PKES,MADISON,TN,37115,1625,MADISO,36.255,-86.7152,POINT (-86.7152 36.255)
20190316682,04/24/2019 02:20:00 PM,2,0,0,,N,299238,11,Front to Rear,21,CLEAR,1,DAYLIGHT,12,MOTOR VEHICLE IN TRANSPORT,S 10TH ST & WOODLAND ST,NASHVILLE,TN,37206,1201,EAST,36.177,-86.7514,POINT (-86.7514 36.177)
20190248921,03/31/2019 06:52:00 PM,2,2,0,,N,179583,11,Front to Rear,21,CLEAR,1,DAYLIGHT,12,MOTOR VEHICLE IN TRANSPORT,NOLENSVILLE PKE & HARDING PL,NASHVILLE,TN,37211,8445,SOUTH,36.0809,-86.7267,POINT (-86.7267 36.0809)
20190572788,08/01/2019 06:27:00 PM,2,0,0,,N,330431,4,ANGLE,21,CLEAR,1,DAYLIGHT,13,MOTOR VEHICLE IN TRANSPORT-OTHER ROADWAY,VANTAGE WAY & GREAT CIRCLE RD,NASHVILLE,TN,37228,4401,NORTH,36.1926,-86.7916,POINT (-86.7916 36.1926)
20190341480,05/03/2019 08:14:00 PM,2,0,0,,N,299257,4,ANGLE,21,CLEAR,1,DAYLIGHT,12,MOTOR VEHICLE IN TRANSPORT,SUMMIT AV & 12TH AVS,NASHVILLE,TN,37203,6911,MIDTOW,36.1387,-86.7875,POINT (-86.7875 36.1387)
20190101041,02/06/2019 06:40:00 PM,2,0,0,,N,330414,5,SIDESWIPE - SAME DIRECTION,2,RAIN,2,DARK - NOT LIGHTED,12,MOTOR VEHICLE IN TRANSPORT,MM 205 4 I 40,NASHVILLE,TN,37209,52040,WEST,36.1546,-86.8315,POINT (-86.8315 36.1546)
20190073927,01/28/2019 05:50:00 PM,2,1,0,,N,714641,11,Front to Rear,22,CLOUDY,3,DARK - LIGHTED,12,MOTOR VEHICLE IN TRANSPORT,JAMES ROBERTSON PKWY & N 1ST ST,NASHVILLE,TN,37213,1133,CENTRA,36.17,-86.7727,POINT (-86.7727 36.17)
20190251082,04/01/2019 01:47:00 PM,2,0,0,,N,676834,11,Front to Rear,21,CLEAR,1,DAYLIGHT,12,MOTOR VEHICLE IN TRANSPORT,JEFFERSON ST & ED TEMPLE BLVD,NASHVILLE,TN,37209,4521,NORTH,36.1678,-86.8208,POINT (-86.8208 36.1678)
20190145095,02/22/2019 12:00:00 AM,2,0,0,,Y,665896,9,UNKNOWN,99,UNKNOWN,9,UNKNOWN,12;14,MOTOR VEHICLE IN TRANSPORT;PARKED MOTOR VEHICLE,1900 EDWIN ST,NASHVILLE,TN,37207,1857,EAST,36.204,-86.7603,POINT (-86.7603 36.204)
20190378486,05/17/2019 03:35:00 PM,3,0,0,,Y,256412,5,SIDESWIPE - SAME DIRECTION,21,CLEAR,1,DAYLIGHT,12,MOTOR VEHICLE IN TRANSPORT,0 4TH AVS,NASHVILLE,TN,37210,8143,SOUTH,36.1465,-86.7677,POINT (-86.7677 36.1465)
20190091773,02/03/2019 07:35:00 PM,2,0,0,,Y,197054,5,SIDESWIPE - SAME DIRECTION,21,CLEAR,3,DARK - LIGHTED,12;99,MOTOR VEHICLE IN TRANSPORT;UNKNOWN MOST HARMFUL EVENT,MM 214 5 I 40,NASHVILLE,TN,37217,88022,HERMIT,36.1434,-86.7031,POINT (-86.7031 36.1434)
20190479974,06/25/2019 11:25:00 AM,2,1,0,,N,262757,4,ANGLE,21,CLEAR,1,DAYLIGHT,12,MOTOR VEHICLE IN TRANSPORT,BELL RD & STEWARTS FERRY PKE,NASHVILLE,TN,37214,8959,HERMIT,36.1522,-86.6251,POINT (-86.6251 36.1522)
20190388315,05/21/2019 02:40:00 PM,3,0,0,,N,311798,2,HEAD-ON,21,CLEAR,1,DAYLIGHT,12;7,MOTOR VEHICLE IN TRANSPORT,HERMAN ST & 12TH AVN,NASHVILLE,TN,37203,5421,NORTH,36.1668,-86.7972,POINT (-86.7972 36.1668)
20190543793,07/21/2019 02:30:00 AM,2,0,0,,N,197067,4,ANGLE,21,CLEAR,3,DARK - LIGHTED,12,MOTOR VEHICLE IN TRANSPORT,8TH AVS & KOREAN VETERANS BLVD,NASHVILLE,TN,37203,4043,CENTRA,36.1549,-86.7792,POINT (-86.7792 36.1549)
20190433618,06/07/2019 07:50:00 AM,2,0,0,,N,320595,5,SIDESWIPE - SAME DIRECTION,2,RAIN,1,DAYLIGHT,12,MOTOR VEHICLE IN TRANSPORT,MM 213 6 I 40,NASHVILLE,TN,37217,8802,HERMIT,36.1406,-86.7202,POINT (-86.7202 36.1406)
20190015751,01/07/2019 08:15:00 AM,2,0,0,,N,224953,11,Front to Rear,21,CLEAR,1,DAYLIGHT,12,MOTOR VEHICLE IN TRANSPORT,I40 W EXT RAMP & I 40,NASHVILLE,TN,37203,4119,CENTRA,36.1574,-86.79,POINT (-86.79 36.1574)
20190455355,06/15/2019 12:51:00 PM,2,0,0,,Y,206964,4,ANGLE,22,CLOUDY,1,DAYLIGHT,12,MOTOR VEHICLE IN TRANSPORT,TAMPA DR & HARDING PL,NASHVILLE,TN,37211,8705,SOUTH,36.0827,-86.7105,POINT (-86.7105 36.0827)
20190030210,01/12/2019 10:06:00 AM,2,0,0,,N,298878,11,Front to Rear,22,CLOUDY,1,DAYLIGHT,12,MOTOR VEHICLE IN TRANSPORT,CHURCH ST & 3RD AVN,NASHVILLE,TN,37201,4137,CENTRA,36.1642,-86.7777,POINT (-86.7777 36.1642)
20190210125,03/18/2019 11:20:00 AM,3,0,0,,N,134899,11,Front to Rear,21,CLEAR,1,DAYLIGHT,12,MOTOR VEHICLE IN TRANSPORT,CENTRAL PKE & BRANDAU RD,HERMITAGE,TN,37076,9503,HERMIT,36.2631,-86.6527,POINT (-86.6527 36.2631)
20190177941,03/06/2019 12:00:00 AM,2,0,0,,Y,676834,5,SIDESWIPE - SAME DIRECTION,99,UNKNOWN,9,UNKNOWN,14,PARKED MOTOR VEHICLE,ROSA L PARKS BLVD & CHEATHAM PL,NASHVILLE,TN,37208,4333,NORTH,36.1783,-86.7949,POINT (-86.7949 36.1783)
20190362273,05/11/2019 08:00:00 PM,2,0,0,,Y,887598,4,ANGLE,2,RAIN,2,DARK - NOT LIGHTED,12,MOTOR VEHICLE IN TRANSPORT,LITTON AV & BRONTE AV,NASHVILLE,TN,37216,1401,EAST,36.202,-86.7357,POINT (-86.7357 36.202)
20190034083,01/14/2019 05:27:00 AM,1,0,0,Y,Y,151125,0,NOT COLLISION W/MOTOR VEHICLE-TRANSPORT,21,CLEAR,3,DARK - LIGHTED,39;40;63,WALL;MAIL BOX;Ran Off Road-Right,NEELYS BEND RD & CHEYENNE BLVD,MADISON,TN,37115,1615,MADISO,36.2384,-86.6713,POINT (-86.6713 36.2384)
20190531152,07/16/2019 08:47:00 AM,2,1,0,,N,109534,11,Front to Rear,21,CLEAR,1,DAYLIGHT,12,MOTOR VEHICLE IN TRANSPORT,MCGAVOCK PKE & MCGAVOCK PKE WB EXT RAMP,NASHVILLE,TN,37214,92880,HERMIT,36.2166,-86.6926,POINT (-86.6926 36.2166)
20190062236,01/24/2019 09:44:00 AM,2,0,0,,N,109534,11,Front to Rear,22,CLOUDY,1,DAYLIGHT,12,MOTOR VEHICLE IN TRANSPORT,I24 W EXT RAMP & MURFREESBORO PKE,NASHVILLE,TN,37217,8801,SOUTH,36.1353,-86.7245,POINT (-86.7245 36.1353)
20190355613,05/09/2019 06:50:00 AM,2,0,0,,N,109534,5,SIDESWIPE - SAME DIRECTION,22,CLOUDY,1,DAYLIGHT,12,MOTOR VEHICLE IN TRANSPORT,ELM HILL PKE & MASSMAN DR,NASHVILLE,TN,37210,9017,HERMIT,36.1449,-86.711,POINT (-86.711 36.1449)
20190364282,05/12/2019 12:00:00 AM,2,0,0,,Y,256379,5,SIDESWIPE - SAME DIRECTION,21,CLEAR,3,DARK - LIGHTED,12,MOTOR VEHICLE IN TRANSPORT,I24 E EXT RAMP & I 24,NASHVILLE,TN,37207,30080,NORTH,36.2378,-86.7872,POINT (-86.7872 36.2378)
20190253244,04/02/2019 07:44:00 AM,2,0,0,,Y,420059,11,Front to Rear,21,CLEAR,1,DAYLIGHT,12,MOTOR VEHICLE IN TRANSPORT,DESMOND DR & LYNN DR,NASHVILLE,TN,37211,8507,MIDTOW,36.0836,-86.7555,POINT (-86.7555 36.0836)
20190121687,02/14/2019 06:52:00 AM,2,1,0,,N,909494,11,Front to Rear,22,CLOUDY,1,DAYLIGHT,12,MOTOR VEHICLE IN TRANSPORT,ELLINGTON PKWYS & MCFERRIN AV,NASHVILLE,TN,37206,1992,EAST,36.1888,-86.7545,POINT (-86.7545 36.1888)
20190566641,07/30/2019 12:08:00 PM,2,2,0,,N,665896,4,ANGLE,21,CLEAR,1,DAYLIGHT,12,MOTOR VEHICLE IN TRANSPORT,GALLATIN AV & STRATTON AV,NASHVILLE,TN,37206,1243,EAST,36.1824,-86.749,POINT (-86.749 36.1824)
20190572315,08/01/2019 03:17:00 PM,2,0,0,,N,580819,4,ANGLE,22,CLOUDY,1,DAYLIGHT,12,MOTOR VEHICLE IN TRANSPORT,BROADWAY & OPRY PL,NASHVILLE,TN,37203,4091,CENTRA,36.1605,-86.7783,POINT (-86.7783 36.1605)
20190174622,03/05/2019 12:44:00 PM,2,0,0,,N,330412,11,Front to Rear,21,CLEAR,1,DAYLIGHT,12,MOTOR VEHICLE IN TRANSPORT,LEBANON PKE & GRAYLYNN DR,NASHVILLE,TN,37214,9113,HERMIT,36.1699,-86.6744,POINT (-86.6744 36.1699)
20190087299,02/01/2019 05:41:00 PM,2,0,0,,N,151132,5,SIDESWIPE - SAME DIRECTION,21,CLEAR,3,DARK - LIGHTED,12,MOTOR VEHICLE IN TRANSPORT,GALLATIN PKES & MAPLE ST,MADISON,TN,37115,1607,MADISO,36.2617,-86.7124,POINT (-86.7124 36.2617)
20190337206,05/02/2019 08:01:00 AM,2,0,0,,N,834798,5,SIDESWIPE - SAME DIRECTION,21,CLEAR,1,DAYLIGHT,12,MOTOR VEHICLE IN TRANSPORT,MM 6 0 I 440,NASHVILLE,TN,37211,81060,MIDTOW,36.1217,-86.7565,POINT (-86.7565 36.1217)
20190423014,06/03/2019 01:49:00 PM,2,1,0,,N,320592,5,SIDESWIPE - SAME DIRECTION,21,CLEAR,1,DAYLIGHT,12,MOTOR VEHICLE IN TRANSPORT,MM 212 4 I 40,NASHVILLE,TN,37210,82060,HERMIT,36.1441,-86.7389,POINT (-86.7389 36.1441)
20190336489,05/01/2019 09:41:00 PM,2,0,0,,N,256382,4,ANGLE,21,CLEAR,3,DARK - LIGHTED,12,MOTOR VEHICLE IN TRANSPORT,OLD HICKORY BLVD & CENTRAL PKE,HERMITAGE,TN,37076,9557,HERMIT,36.1676,-86.7787,POINT (-86.7787 36.1676)
20190228239,03/24/2019 11:18:00 AM,2,1,0,,N,320586,11,Front to Rear,21,CLEAR,1,DAYLIGHT,12,MOTOR VEHICLE IN TRANSPORT,ANTIOCH PKE & HARDING PL,NASHVILLE,TN,37211,8847,SOUTH,36.0874,-86.6922,POINT (-86.6922 36.0874)
20190366210,05/13/2019 03:05:00 PM,2,1,0,,N,134899,2,HEAD-ON,21,CLEAR,1,DAYLIGHT,12,MOTOR VEHICLE IN TRANSPORT,ROBINSON RD & MARTINGALE DR,OLD HICKORY,TN,37138,9619,HERMIT,36.2562,-86.6545,POINT (-86.6545 36.2562)
20190331919,04/30/2019 12:41:00 PM,2,0,0,,N,109534,4,ANGLE,21,CLEAR,1,DAYLIGHT,12,MOTOR VEHICLE IN TRANSPORT,MURFREESBORO PKE & RURAL HILL RD,ANTIOCH,TN,37013,8861,SOUTH,36.0745,-86.6387,POINT (-86.6387 36.0745)
20190306511,04/21/2019 01:03:00 PM,2,0,0,,N,161952,4,ANGLE,21,CLEAR,1,DAYLIGHT,12,MOTOR VEHICLE IN TRANSPORT,28TH AVN & I40 W EXT RAMP,NASHVILLE,TN,37209,4521,NORTH,36.1652,-86.8201,POINT (-86.8201 36.1652)
20190094098,02/04/2019 03:34:00 PM,2,0,0,,Y,256422,11,Front to Rear,22,CLOUDY,1,DAYLIGHT,12,MOTOR VEHICLE IN TRANSPORT,MM 42 0 I 24,WHITES CREEK,TN,37189,3226,NORTH,36.2582,-86.7879,POINT (-86.7879 36.2582)
20190361118,05/11/2019 05:22:00 AM,1,0,0,,N,256377,0,NOT COLLISION W/MOTOR VEHICLE-TRANSPORT,21,CLEAR,1,DAYLIGHT,64;71,Ran Off Road-Left;EMBANKMENT EARTH,1399 VENUS DR,NASHVILLE,TN,37217,8823,HERMIT,36.1234,-86.6968,POINT (-86.6968 36.1234)
20190439574,06/09/2019 11:02:00 PM,1,1,0,,Y,161945,0,NOT COLLISION W/MOTOR VEHICLE-TRANSPORT,21,CLEAR,2,DARK - NOT LIGHTED,8,PEDESTRIAN,1429 12TH AVS,NASHVILLE,TN,37212,6617,MIDTOW,36.1381,-86.7882,POINT (-86.7882 36.1381)
20190139916,02/20/2019 10:10:00 PM,1,1,0,,N,402659,0,NOT COLLISION W/MOTOR VEHICLE-TRANSPORT,22,CLOUDY,2,DARK - NOT LIGHTED,6,,CENTRAL PKE EXIT RAMP & I 40,HERMITAGE,TN,37076,95101,HERMIT,36.1689,-86.6067,POINT (-86.6067 36.1689)
20190535069,07/17/2019 04:48:00 PM,2,0,0,,N,256380,4,ANGLE,21,CLEAR,1,DAYLIGHT,12,MOTOR VEHICLE IN TRANSPORT,ATHENS WAY & FRENCH LANDING DR,NASHVILLE,TN,37228,4499,NORTH,36.1963,-86.7994,POINT (-86.7994 36.1963)
20190489902,06/28/2019 10:28:00 PM,1,0,0,,N,311343,0,NOT COLLISION W/MOTOR VEHICLE-TRANSPORT,21,CLEAR,3,DARK - LIGHTED,18,OTHER OBJECT (NOT FIXED),MM 53 1 I 24,NASHVILLE,TN,37210,88142,SOUTH,36.1172,-86.7256,POINT (-86.7256 36.1172)
20190429846,06/05/2019 10:10:00 PM,2,0,0,,Y,298879,4,ANGLE,21,CLEAR,2,DARK - NOT LIGHTED,12,MOTOR VEHICLE IN TRANSPORT,THE RESERVE PVTDR & OLD HICKORY BLVD,NASHVILLE,TN,37205,4903,WEST,36.0879,-86.9206,POINT (-86.9206 36.0879)
20190204583,03/15/2019 12:00:00 AM,2,0,0,,Y,320578,5,SIDESWIPE - SAME DIRECTION,21,CLEAR,3,DARK - LIGHTED,12,MOTOR VEHICLE IN TRANSPORT,PEBBLE CREEK DR & SPRINGMORE CT,ANTIOCH,TN,37013,8861,SOUTH,36.0709,-86.6492,POINT (-86.6492 36.0709)
20190478002,06/24/2019 12:00:00 AM,1,0,0,,N,151131,0,NOT COLLISION W/MOTOR VEHICLE-TRANSPORT,21,CLEAR,1,DAYLIGHT,11,OTHER ANIMAL,ASHLAND CITY HWY & RIVER TRC,NASHVILLE,TN,37218,3325,NORTH,36.214,-86.9596,POINT (-86.9596 36.214)
20190058813,01/23/2019 05:54:00 AM,1,0,0,,N,256493,0,NOT COLLISION W/MOTOR VEHICLE-TRANSPORT,21,CLEAR,3,DARK - LIGHTED,18,OTHER OBJECT (NOT FIXED),OLD MURFREESBORO PKE & MURFREESBORO PKE,NASHVILLE,TN,37217,8947,HERMIT,36.0983,-86.6563,POINT (-86.6563 36.0983)
20190520609,07/11/2019 07:10:00 PM,2,0,0,,N,256448,4,ANGLE,21,CLEAR,1,DAYLIGHT,12,MOTOR VEHICLE IN TRANSPORT,ROYAL PKWY & AIRPORT CENTER DR,NASHVILLE,TN,37214,9411,HERMIT,36.1455,-86.6627,POINT (-86.6627 36.1455)
20190276588,04/10/2019 05:42:00 PM,2,0,0,,Y,311337,5,SIDESWIPE - SAME DIRECTION,21,CLEAR,1,DAYLIGHT,12,MOTOR VEHICLE IN TRANSPORT,MM 51 4 I 24,NASHVILLE,TN,37210,82061,HERMIT,36.1388,-86.7284,POINT (-86.7284 36.1388)
20190151429,02/25/2019 05:00:00 AM,2,0,0,,N,146772,11,Front to Rear,21,CLEAR,3,DARK - LIGHTED,12,MOTOR VEHICLE IN TRANSPORT,I24 W EXT RAMP & I 24,NASHVILLE,TN,37211,8829,SOUTH,36.1074,-86.7197,POINT (-86.7197 36.1074)
20190468244,06/20/2019 01:30:00 PM,2,1,0,,Y,109534,5,SIDESWIPE - SAME DIRECTION,22,CLOUDY,1,DAYLIGHT,12,MOTOR VEHICLE IN TRANSPORT,MM 217 9 I 40,NASHVILLE,TN,37214,94040,HERMIT,36.1411,-86.658,POINT (-86.658 36.1411)
20190246486,03/30/2019 04:30:00 PM,2,0,0,,N,256386,11,Front to Rear,21,CLEAR,1,DAYLIGHT,12,MOTOR VEHICLE IN TRANSPORT,MM 214 3 I 40,NASHVILLE,TN,37217,88021,HERMIT,36.1425,-86.7089,POINT (-86.7089 36.1425)
20190191399,03/11/2019 02:30:00 PM,2,0,0,,N,311804,11,Front to Rear,21,CLEAR,1,DAYLIGHT,12,MOTOR VEHICLE IN TRANSPORT,SHELBY AV & I24 W ENT RAMP,NASHVILLE,TN,37213,1002,CENTRA,36.1666,-86.7649,POINT (-86.7649 36.1666)
20190322195,04/26/2019 10:00:00 AM,2,0,0,,N,665896,4,ANGLE,21,CLEAR,1,DAYLIGHT,12,MOTOR VEHICLE IN TRANSPORT,DICKERSON PKE ENT RAMP & I 24,NASHVILLE,TN,37207,1904,CENTRA,36.18,-86.7742,POINT (-86.7742 36.18)
20190036193,01/14/2019 07:11:00 PM,2,0,0,,Y,330420,6,SIDESWIPE - OPPOSITE DIRECTION,21,CLEAR,3,DARK - LIGHTED,12,MOTOR VEHICLE IN TRANSPORT,RANSOM PL & MURFREESBORO PKE,NASHVILLE,TN,37217,8853,SOUTH,36.0694,-86.6409,POINT (-86.6409 36.0694)
20190181357,03/07/2019 01:35:00 PM,2,1,0,,N,714641,11,Front to Rear,22,CLOUDY,1,DAYLIGHT,12,MOTOR VEHICLE IN TRANSPORT,YMCA WAY & CHURCH ST,NASHVILLE,TN,37203,4147,CENTRA,36.162,-86.7854,POINT (-86.7854 36.162)
20190238209,03/27/2019 05:30:00 PM,2,2,0,,N,240957,4,ANGLE,21,CLEAR,1,DAYLIGHT,12,MOTOR VEHICLE IN TRANSPORT,OLD HICKORY BLVD & BRENTWOOD EAST DR,NASHVILLE,TN,37211,8651,MIDTOW,36.0452,-86.7154,POINT (-86.7154 36.0452)
20190083835,01/31/2019 03:30:00 PM,2,0,0,,Y,330414,5,SIDESWIPE - SAME DIRECTION,21,CLEAR,1,DAYLIGHT,12,MOTOR VEHICLE IN TRANSPORT,CHARLOTTE PKE & I40 W EXT RAMP,NASHVILLE,TN,37209,4701,WEST,36.1302,-86.9002,POINT (-86.9002 36.1302)
20190444853,06/11/2019 04:00:00 PM,2,0,0,,Y,279124,4,ANGLE,21,CLEAR,1,DAYLIGHT,14;99,PARKED MOTOR VEHICLE;UNKNOWN MOST HARMFUL EVENT,STREAMFIELD PASS & STREAMFIELD CT,ANTIOCH,TN,37013,8861,SOUTH,36.0671,-86.6577,POINT (-86.6577 36.0671)
20190434329,06/07/2019 01:10:00 PM,3,0,0,,N,226134,11,Front to Rear,2,RAIN,1,DAYLIGHT,12,MOTOR VEHICLE IN TRANSPORT,I24 E ENT RAMP & BELL RD,ANTIOCH,TN,37013,8751,SOUTH,36.0483,-86.6573,POINT (-86.6573 36.0483)
20190517681,07/10/2019 05:03:00 PM,2,0,0,,Y,580819,6,SIDESWIPE - OPPOSITE DIRECTION,22,CLOUDY,1,DAYLIGHT,12,MOTOR VEHICLE IN TRANSPORT,COMMERCE ST & PRINTERS ALY,NASHVILLE,TN,37201,4105,CENTRA,36.1626,-86.7775,POINT (-86.7775 36.1626)
20190389221,05/21/2019 08:59:00 PM,2,0,0,,Y,240982,11,Front to Rear,21,CLEAR,3,DARK - LIGHTED,12,MOTOR VEHICLE IN TRANSPORT,NELSON MERRY ST & 11TH AVN,NASHVILLE,TN,37203,4205,CENTRA,36.1635,-86.7912,POINT (-86.7912 36.1635)
20190053732,01/21/2019 11:10:00 AM,2,0,0,,Y,224464,5,SIDESWIPE - SAME DIRECTION,21,CLEAR,1,DAYLIGHT,12,MOTOR VEHICLE IN TRANSPORT,DR D B TODD JR BLVD & JACKSON ST,NASHVILLE,TN,37208,5409,NORTH,36.1657,-86.8051,POINT (-86.8051 36.1657)
20190030125,01/12/2019 12:00:00 AM,2,0,0,,Y,769379,5,SIDESWIPE - SAME DIRECTION,21,CLEAR,1,DAYLIGHT,12;14,MOTOR VEHICLE IN TRANSPORT;PARKED MOTOR VEHICLE,SPACE PARK SOUTH DR & ANTIOCH PKE,NASHVILLE,TN,37211,8843,SOUTH,36.0974,-86.7067,POINT (-86.7067 36.0974)
20190253497,04/02/2019 08:30:00 AM,2,0,0,,N,224953,5,SIDESWIPE - SAME DIRECTION,21,CLEAR,1,DAYLIGHT,12,MOTOR VEHICLE IN TRANSPORT,SPRING ST & N 1ST ST,NASHVILLE,TN,37213,1985,CENTRA,36.177,-86.7746,POINT (-86.7746 36.177)
20190571856,08/01/2019 11:27:00 AM,2,0,0,,N,462474,4,ANGLE,22,CLOUDY,1,DAYLIGHT,12,MOTOR VEHICLE IN TRANSPORT,CHURCH ST & MCMILLIN ST,NASHVILLE,TN,37203,5517,MIDTOW,36.1571,-86.7934,POINT (-86.7934 36.1571)
20190248785,03/31/2019 06:18:00 PM,2,0,0,,N,429193,11,Front to Rear,21,CLEAR,1,DAYLIGHT,12,MOTOR VEHICLE IN TRANSPORT,OLD HICKORY BLVD & HWY 100,NASHVILLE,TN,37221,4819,WEST,36.0609,-86.9162,POINT (-86.9162 36.0609)
20190304487,04/20/2019 01:46:00 PM,1,0,0,,Y,538214,0,NOT COLLISION W/MOTOR VEHICLE-TRANSPORT,22,CLOUDY,1,DAYLIGHT,8,PEDESTRIAN,COMMERCE ST & 5TH AVN,NASHVILLE,TN,37219,4107,CENTRA,36.1619,-86.7793,POINT (-86.7793 36.1619)
20190022299,01/09/2019 02:47:00 PM,3,2,0,,N,267831,4,ANGLE,21,CLEAR,1,DAYLIGHT,12,MOTOR VEHICLE IN TRANSPORT,WHITE BRIDGE PKE & KNOB RD,NASHVILLE,TN,37209,5105,WEST,36.1384,-86.8576,POINT (-86.8576 36.1384)
20190241498,03/28/2019 05:55:00 PM,2,1,0,,Y,320577,11,Front to Rear,21,CLEAR,1,DAYLIGHT,12,MOTOR VEHICLE IN TRANSPORT,MM 4 7 I 440,NASHVILLE,TN,37204,7014,MIDTOW,36.1157,-86.7771,POINT (-86.7771 36.1157)
20190269238,04/08/2019 06:28:00 AM,1,1,0,,N,716886,0,NOT COLLISION W/MOTOR VEHICLE-TRANSPORT,2,RAIN,1,DAYLIGHT,36,CONCRETE TRAFFIC BARRIER,MM 57 3 I 24,ANTIOCH,TN,37013,88080,SOUTH,36.0663,-86.6861,POINT (-86.6861 36.0663)
20190476854,06/24/2019 08:47:00 AM,2,0,0,,N,474557,11,Front to Rear,2,RAIN,1,DAYLIGHT,12,MOTOR VEHICLE IN TRANSPORT,RURAL HILL RD & BRIDGECREST DR,ANTIOCH,TN,37013,8861,SOUTH,36.0647,-86.6453,POINT (-86.6453 36.0647)
20190365992,05/13/2019 12:50:00 PM,2,1,0,,N,212369,11,Front to Rear,21,CLEAR,1,DAYLIGHT,12,MOTOR VEHICLE IN TRANSPORT,MM 2 2 I 440,NASHVILLE,TN,37215,6006,WEST,36.1272,-86.8152,POINT (-86.8152 36.1272)
20190018169,01/08/2019 12:00:00 AM,2,0,0,,N,240978,5,SIDESWIPE - SAME DIRECTION,21,CLEAR,2,DARK - NOT LIGHTED,12,MOTOR VEHICLE IN TRANSPORT,MM 211 1 I 40,NASHVILLE,TN,37210,8008,HERMIT,36.1539,-86.7571,POINT (-86.7571 36.1539)
20190109284,02/09/2019 11:50:00 PM,2,0,0,,N,279232,16,Rear to Side,21,CLEAR,3,DARK - LIGHTED,12,MOTOR VEHICLE IN TRANSPORT,4TH AVS & 4TH AVN,NASHVILLE,TN,37203,4091,CENTRA,36.1607,-86.777,POINT (-86.777 36.1607)