Accident Number,Date and Time,Number of Motor Vehicles,Number of Injuries,Number of Fatalities,Property Damage,Hit and Run,Reporting Officer,Collision Type Code,Collision Type Description,Weather Code,Weather Description,Illumination Code,Illumination Description,Harmful Code,Harmful Code Description,Street Address,City,State,ZIP,RPA,Precinct,Latitude,Longitude,Mapped Location
20190329718,04/29/2019 05:58:00 PM,2,0,0,,N,311333,4,ANGLE,21,CLEAR,1,DAYLIGHT,12,MOTOR VEHICLE IN TRANSPORT,CROSSINGS BLVD & MT VIEW RD,ANTIOCH,TN,37013,8863,SOUTH,36.0455,-86.6473,POINT (-86.6473 36.0455)
20190038548,01/15/2019 04:30:00 PM,2,0,0,,N,256441,11,Front to Rear,21,CLEAR,1,DAYLIGHT,12,MOTOR VEHICLE IN TRANSPORT,HARDING PL & FRANKLIN PKE,NASHVILLE,TN,37204,7029,MIDTOW,36.0866,-86.7716,POINT (-86.7716 36.0866)
20190483477,06/26/2019 04:08:00 PM,1,1,0,,N,298858,0,NOT COLLISION W/MOTOR VEHICLE-TRANSPORT,21,CLEAR,1,DAYLIGHT,9,,COWAN ST & SPRING ST,NASHVILLE,TN,37213,1987,CENTRA,36.177,-86.7761,POINT (-86.7761 36.177)
20190339080,05/02/2019 10:45:00 PM,2,0,0,,Y,320578,4,ANGLE,21,CLEAR,3,DARK - LIGHTED,12,MOTOR VEHICLE IN TRANSPORT,UNA ANTIOCH PKE & PICCADILLY ROW,ANTIOCH,TN,37013,8891,SOUTH,36.0822,-86.652,POINT (-86.652 36.0822)
20190474258,06/22/2019 12:00:00 AM,2,0,0,,Y,311800,6,SIDESWIPE - OPPOSITE DIRECTION,21,CLEAR,3,DARK - LIGHTED,14;55,PARKED MOTOR VEHICLE;Motor Vehicle-In-Motion Outside Trafficw,100 4TH AVS,NASHVILLE,TN,37203,4091,CENTRA,36.1603,-86.7769,POINT (-86.7769 36.1603)
20190110809,02/10/2019 06:13:00 PM,2,0,0,,N,256499,4,ANGLE,2,RAIN,3,DARK - LIGHTED,12,MOTOR VEHICLE IN TRANSPORT,BROADWAY & I40 E ENT RAMP,NASHVILLE,TN,37203,5701,MIDTOW,36.1556,-86.7898,POINT (-86.7898 36.1556)
20190443517,06/11/2019 08:24:00 AM,2,0,0,,N,755026,5,SIDESWIPE - SAME DIRECTION,21,CLEAR,1,DAYLIGHT,12,MOTOR VEHICLE IN TRANSPORT,MM 53 3 I 24,NASHVILLE,TN,37210,88141,SOUTH,36.1146,-86.7245,POINT (-86.7245 36.1146)
20190089557,02/02/2019 04:45:00 PM,2,0,0,,Y,161939,11,Front to Rear,21,CLEAR,1,DAYLIGHT,12,MOTOR VEHICLE IN TRANSPORT,BELL RD & OLD HICKORY BLVD,ANTIOCH,TN,37013,8755,SOUTH,36.0453,-86.7017,POINT (-86.7017 36.0453)
20190291281,04/16/2019 07:00:00 AM,2,0,0,,Y,278580,11,Front to Rear,21,CLEAR,1,DAYLIGHT,12,MOTOR VEHICLE IN TRANSPORT,28TH AVN & I40 E ENT RAMP,NASHVILLE,TN,37208,5307,NORTH,36.1631,-86.8196,POINT (-86.8196 36.1631)
20190350059,05/07/2019 09:58:00 AM,3,2,0,,N,676834,5,SIDESWIPE - SAME DIRECTION,21,CLEAR,1,DAYLIGHT,1;12,MOTOR VEHICLE IN TRANSPORT,I65 S ENT RAMP & I 65,NASHVILLE,TN,37207,3007,NORTH,36.2057,-86.778,POINT (-86.778 36.2057)
20190457259,06/16/2019 02:01:00 PM,3,0,0,,N,197054,11,Front to Rear,21,CLEAR,1,DAYLIGHT,12,MOTOR VEHICLE IN TRANSPORT,OLD HICKORY BLVD & HERMITAGE MARKETPLACE,HERMITAGE,TN,37076,9531,HERMIT,36.1885,-86.6143,POINT (-86.6143 36.1885)
20190326563,04/28/2019 10:48:00 AM,2,0,0,,N,591936,11,Front to Rear,21,CLEAR,1,DAYLIGHT,12,MOTOR VEHICLE IN TRANSPORT,WOODMONT BLVD & GRANNY WHITE PKE,NASHVILLE,TN,37204,7007,MIDTOW,36.1116,-86.7926,POINT (-86.7926 36.1116)
20190031101,01/12/2019 08:50:00 PM,1,0,0,Y,N,420040,0,NOT COLLISION W/MOTOR VEHICLE-TRANSPORT,2,RAIN,3,DARK - LIGHTED,24,GUARDRAIL FACE,I40 E ENT RAMP & I 40,NASHVILLE,TN,37205,4903,WEST,36.1109,-86.922,POINT (-86.922 36.1109)
20190398031,05/24/2019 04:07:00 PM,2,0,0,,Y,151132,4,ANGLE,21,CLEAR,1,DAYLIGHT,12,MOTOR VEHICLE IN TRANSPORT,GALLATIN PKES & HICKORY ST,MADISON,TN,37115,1605,MADISO,36.2604,-86.7129,POINT (-86.7129 36.2604)
20190065999,01/25/2019 02:56:00 PM,3,0,0,,N,256446,4,ANGLE,21,CLEAR,1,DAYLIGHT,12,MOTOR VEHICLE IN TRANSPORT,MM 56 0 I 24,NASHVILLE,TN,37211,8708,SOUTH,36.0818,-86.6975,POINT (-86.6975 36.0818)
20190299609,04/18/2019 04:08:00 PM,2,0,0,,Y,197054,5,SIDESWIPE - SAME DIRECTION,21,CLEAR,1,DAYLIGHT,12;99,MOTOR VEHICLE IN TRANSPORT;UNKNOWN MOST HARMFUL EVENT,MM 54 5 I 24,NASHVILLE,TN,37211,84021,SOUTH,36.0999,-86.7113,POINT (-86.7113 36.0999)
20190077448,01/29/2019 06:00:00 PM,2,0,0,,N,449286,11,Front to Rear,21,CLEAR,2,DARK - NOT LIGHTED,12,MOTOR VEHICLE IN TRANSPORT,WHITES CREEK PKE & MORGAN RD,JOELTON,TN,37080,2309,NORTH,36.3526,-86.8806,POINT (-86.8806 36.3526)
20190243124,03/29/2019 08:13:00 AM,2,0,0,,Y,311325,11,Front to Rear,2,RAIN,1,DAYLIGHT,12,MOTOR VEHICLE IN TRANSPORT,SHUTE LN & SAUNDERSVILLE RD,OLD HICKORY,TN,37138,9717,HERMIT,36.2267,-86.6032,POINT (-86.6032 36.2267)
20180843342,02/24/2019 08:52:00 AM,2,0,0,,N,419997,4,ANGLE,22,CLOUDY,1,DAYLIGHT,12,MOTOR VEHICLE IN TRANSPORT,CHARLOTTE AV & 46TH AVN,NASHVILLE,TN,37209,5203,WEST,36.1522,-86.8422,POINT (-86.8422 36.1522)
20190500695,07/03/2019 06:27:00 AM,1,0,0,,N,716886,0,NOT COLLISION W/MOTOR VEHICLE-TRANSPORT,21,CLEAR,1,DAYLIGHT,34,DITCH,NOLENSVILLE PKE & BRENTWOOD HIGHLANDS DR,ANTIOCH,TN,37013,8757,SOUTH,36.0348,-86.7132,POINT (-86.7132 36.0348)
20190188314,03/10/2019 12:00:00 AM,2,0,0,,Y,212369,5,SIDESWIPE - SAME DIRECTION,21,CLEAR,3,DARK - LIGHTED,12,MOTOR VEHICLE IN TRANSPORT,MM 74 8 I 65,NASHVILLE,TN,37220,7111,MIDTOW,36.0417,-86.7824,POINT (-86.7824 36.0417)
20190264978,04/06/2019 09:43:00 AM,1,1,0,,N,110063,0,NOT COLLISION W/MOTOR VEHICLE-TRANSPORT,21,CLEAR,1,DAYLIGHT,1,,MM 86 9 I 65,NASHVILLE,TN,37207,3002,NORTH,36.2009,-86.7768,POINT (-86.7768 36.2009)
20190147532,02/23/2019 12:17:00 PM,2,0,0,,Y,902543,11,Front to Rear,2,RAIN,1,DAYLIGHT,14,PARKED MOTOR VEHICLE,BRILEY PKWYE & BRILEY PKWY E EXT RAMP,NASHVILLE,TN,37216,1588,EAST,36.2394,-86.7439,POINT (-86.7439 36.2394)
20190360036,05/10/2019 07:05:00 PM,3,0,0,,N,279224,4,ANGLE,21,CLEAR,5,DUSK,12;14,MOTOR VEHICLE IN TRANSPORT;PARKED MOTOR VEHICLE,SHELBY AV & S 8TH ST,NASHVILLE,TN,37206,1123,EAST,36.1698,-86.7565,POINT (-86.7565 36.1698)
20190436534,06/08/2019 10:01:00 AM,2,0,0,,N,320586,11,Front to Rear,21,CLEAR,1,DAYLIGHT,12,MOTOR VEHICLE IN TRANSPORT,MURFREESBORO PKE & PINEWAY DR,NASHVILLE,TN,37217,8835,SOUTH,36.1155,-86.6951,POINT (-86.6951 36.1155)
20190147323,02/23/2019 10:11:00 AM,1,1,0,,N,834798,0,NOT COLLISION W/MOTOR VEHICLE-TRANSPORT,2,RAIN,1,DAYLIGHT,39,WALL,I440 W ENT RAMP & I 65,NASHVILLE,TN,37204,7018,MIDTOW,36.1157,-86.7732,POINT (-86.7732 36.1157)
20190199444,03/14/2019 06:25:00 AM,1,1,0,,N,665896,0,NOT COLLISION W/MOTOR VEHICLE-TRANSPORT,22,CLOUDY,4,DAWN,1;71,EMBANKMENT EARTH,BRILEY PKWYE & BRILEY PKWY E EXT RAMP,NASHVILLE,TN,37216,1588,EAST,36.2394,-86.7439,POINT (-86.7439 36.2394)
20190391088,05/22/2019 11:20:00 AM,1,0,0,Y,N,343522,0,NOT COLLISION W/MOTOR VEHICLE-TRANSPORT,21,CLEAR,1,DAYLIGHT,18,OTHER OBJECT (NOT FIXED),MM 195 4 I 40,NASHVILLE,TN,37221,4804,WEST,36.0749,-86.9693,POINT (-86.9693 36.0749)
20190525321,07/13/2019 06:00:00 PM,2,0,0,,N,256386,11,Front to Rear,21,CLEAR,1,DAYLIGHT,12,MOTOR VEHICLE IN TRANSPORT,MM 213 5 I 40,NASHVILLE,TN,37210,90062,HERMIT,36.1406,-86.7215,POINT (-86.7215 36.1406)
20190511736,07/08/2019 07:09:00 AM,2,0,0,,N,716886,5,SIDESWIPE - SAME DIRECTION,21,CLEAR,1,DAYLIGHT,12,MOTOR VEHICLE IN TRANSPORT,CROSSINGS BLVD & MT VIEW RD,ANTIOCH,TN,37013,8863,SOUTH,36.0455,-86.6473,POINT (-86.6473 36.0455)
20190316658,04/24/2019 02:36:00 PM,2,0,0,,N,134899,4,ANGLE,21,CLEAR,1,DAYLIGHT,12,MOTOR VEHICLE IN TRANSPORT,CENTRAL PKE & LEBANON PKE,HERMITAGE,TN,37076,9505,HERMIT,36.1776,-86.6167,POINT (-86.6167 36.1776)
20190447341,06/12/2019 04:37:00 PM,2,1,0,Y,N,256383,4,ANGLE,21,CLEAR,1,DAYLIGHT,12,MOTOR VEHICLE IN TRANSPORT,DOVE CREEK RD & MALLARD CREEK CT,ANTIOCH,TN,37013,8925,SOUTH,36.0706,-86.5962,POINT (-86.5962 36.0706)
20190161901,02/28/2019 03:32:00 PM,2,0,0,,N,267831,4,ANGLE,22,CLOUDY,1,DAYLIGHT,12,MOTOR VEHICLE IN TRANSPORT,THUNDERBIRD DR & STARLINER DR,NASHVILLE,TN,37209,4675,WEST,36.1461,-86.8814,POINT (-86.8814 36.1461)
20190458864,06/17/2019 06:39:00 AM,2,0,0,,N,352155,4,ANGLE,21,CLEAR,1,DAYLIGHT,12,MOTOR VEHICLE IN TRANSPORT,NOLENSVILLE PKE & OLD HICKORY BLVD,NASHVILLE,TN,37211,8717,SOUTH,36.0454,-86.7133,POINT (-86.7133 36.0454)
20190482341,06/26/2019 08:09:00 AM,2,2,0,,N,212369,4,ANGLE,21,CLEAR,1,DAYLIGHT,12,MOTOR VEHICLE IN TRANSPORT,WEXFORD DOWNS LN & EDMONDSON PKE,NASHVILLE,TN,37211,8651,MIDTOW,36.0198,-86.7421,POINT (-86.7421 36.0198)
20190501493,07/03/2019 11:58:00 AM,2,0,0,,N,191578,16,Rear to Side,21,CLEAR,1,DAYLIGHT,14,PARKED MOTOR VEHICLE,LEBANON PKE & OLD LEBANON PKE,NASHVILLE,TN,37214,9125,HERMIT,36.1678,-86.6637,POINT (-86.6637 36.1678)
20190394370,05/23/2019 01:01:00 PM,2,1,0,,N,109534,11,Front to Rear,21,CLEAR,1,DAYLIGHT,12,MOTOR VEHICLE IN TRANSPORT,BELL RD & DODSON CHAPEL RD,HERMITAGE,TN,37076,9501,HERMIT,36.1632,-86.6131,POINT (-86.6131 36.1632)
20190039330,01/15/2019 10:22:00 PM,2,2,0,,N,256389,4,ANGLE,21,CLEAR,3,DARK - LIGHTED,12,MOTOR VEHICLE IN TRANSPORT,NORTHCREST DR & NOLENSVILLE PKE,NASHVILLE,TN,37211,8711,SOUTH,36.0667,-86.7179,POINT (-86.7179 36.0667)
20190229142,03/24/2019 09:10:00 PM,2,0,0,,N,299244,5,SIDESWIPE - SAME DIRECTION,21,CLEAR,3,DARK - LIGHTED,12,MOTOR VEHICLE IN TRANSPORT,JAMES ROBERTSON PKWY & 3RD AVN,NASHVILLE,TN,37201,4201,CENTRA,36.1673,-86.7792,POINT (-86.7792 36.1673)
20190283916,04/13/2019 10:48:00 AM,1,1,0,,N,109534,0,NOT COLLISION W/MOTOR VEHICLE-TRANSPORT,2,RAIN,1,DAYLIGHT,1;34;39;5,DITCH;WALL,I40 E EXT RAMP & I 40,NASHVILLE,TN,37214,8955,HERMIT,36.155,-86.6271,POINT (-86.6271 36.155)
20190190276,03/11/2019 06:03:00 AM,2,2,0,,N,676834,2,HEAD-ON,22,CLOUDY,2,DARK - NOT LIGHTED,1;12;71,MOTOR VEHICLE IN TRANSPORT;EMBANKMENT EARTH,ASHLAND CITY HWY & OLD HICKORY BLVD,NASHVILLE,TN,37218,3235,NORTH,36.2115,-86.921,POINT (-86.921 36.2115)
20190312653,04/23/2019 11:15:00 AM,2,0,0,,N,226600,11,Front to Rear,22,CLOUDY,1,DAYLIGHT,12,MOTOR VEHICLE IN TRANSPORT,HILLSBORO PKE & BURTON HILLS BLVD,NASHVILLE,TN,37215,6403,MIDTOW,36.0956,-86.8254,POINT (-86.8254 36.0956)
20190159237,02/25/2019 05:30:00 PM,2,0,0,,Y,256446,5,SIDESWIPE - SAME DIRECTION,21,CLEAR,1,DAYLIGHT,14,PARKED MOTOR VEHICLE,WICKSON AV & GLENROSE AV,NASHVILLE,TN,37210,8101,SOUTH,36.1246,-86.7471,POINT (-86.7471 36.1246)
20190144939,02/22/2019 11:45:00 AM,2,0,0,,N,902543,5,SIDESWIPE - SAME DIRECTION,2,RAIN,1,DAYLIGHT,12,MOTOR VEHICLE IN TRANSPORT,BRILEY PKWYE & I65 S EXT RAMP,MADISON,TN,37115,20122,MADISO,36.241,-86.7549,POINT (-86.7549 36.241)
20190005337,01/03/2019 01:21:00 AM,2,0,0,,Y,256492,4,ANGLE,2,RAIN,3,DARK - LIGHTED,12,MOTOR VEHICLE IN TRANSPORT,GREEN ST & FAIRFIELD AV,NASHVILLE,TN,37210,8207,HERMIT,36.1528,-86.757,POINT (-86.757 36.1528)
20190254108,04/02/2019 01:46:00 PM,2,0,0,,Y,676834,11,Front to Rear,21,CLEAR,1,DAYLIGHT,12,MOTOR VEHICLE IN TRANSPORT,MM 85 6 I 65,NASHVILLE,TN,37208,43042,NORTH,36.1872,-86.7951,POINT (-86.7951 36.1872)
20190477122,06/24/2019 11:59:00 AM,2,0,0,,N,298864,11,Front to Rear,21,CLEAR,1,DAYLIGHT,12,MOTOR VEHICLE IN TRANSPORT,ANDERSON LN & GALLATIN PKEN,MADISON,TN,37115,1709,MADISO,36.2734,-86.71,POINT (-86.71 36.2734)
20190059150,01/23/2019 08:55:00 AM,2,4,0,,N,226098,11,Front to Rear,2,RAIN,1,DAYLIGHT,12,MOTOR VEHICLE IN TRANSPORT,MM 44 1 I 24,NASHVILLE,TN,37207,20100,MADISO,36.2313,-86.7826,POINT (-86.7826 36.2313)
20190328431,04/29/2019 06:21:00 AM,2,0,0,,N,256502,11,Front to Rear,21,CLEAR,1,DAYLIGHT,12,MOTOR VEHICLE IN TRANSPORT,DR D B TODD JR BLVD & BUCHANAN ST,NASHVILLE,TN,37208,4413,NORTH,36.1805,-86.8112,POINT (-86.8112 36.1805)
20190475319,06/23/2019 02:39:00 PM,2,0,0,,N,330415,11,Front to Rear,21,CLEAR,1,DAYLIGHT,12,MOTOR VEHICLE IN TRANSPORT,0 I 65,NASHVILLE,TN,37207,3002,NORTH,36.2047,-86.7767,POINT (-86.7767 36.2047)
20190047324,01/18/2019 12:00:00 AM,2,1,0,,N,298861,11,Front to Rear,22,CLOUDY,1,DAYLIGHT,12,MOTOR VEHICLE IN TRANSPORT,MM 210 5 I 40,NASHVILLE,TN,37210,8202,HERMIT,36.1522,-86.7669,POINT (-86.7669 36.1522)
20190229855,03/25/2019 12:00:00 AM,2,0,0,,Y,197067,11,Front to Rear,21,CLEAR,3,DARK - LIGHTED,14;55,PARKED MOTOR VEHICLE;Motor Vehicle-In-Motion Outside Trafficw,147 5TH AVN,NASHVILLE,TN,37219,4127,CENTRA,36.1622,-86.7795,POINT (-86.7795 36.1622)
20190198348,03/13/2019 08:25:00 PM,2,1,0,,N,256389,11,Front to Rear,21,CLEAR,3,DARK - LIGHTED,12,MOTOR VEHICLE IN TRANSPORT,8TH AVS & WEDGEWOOD AV,NASHVILLE,TN,37203,6959,MIDTOW,36.1345,-86.7791,POINT (-86.7791 36.1345)
20190499272,07/02/2019 05:55:00 PM,3,1,0,,N,717341,4,ANGLE,21,CLEAR,1,DAYLIGHT,1;12,MOTOR VEHICLE IN TRANSPORT,HARDING PL & I24 E EXT RAMP,NASHVILLE,TN,37211,8707,SOUTH,36.0855,-86.7016,POINT (-86.7016 36.0855)
20190078283,01/30/2019 12:30:00 AM,1,0,0,,N,169414,0,NOT COLLISION W/MOTOR VEHICLE-TRANSPORT,21,CLEAR,2,DARK - NOT LIGHTED,11;34,OTHER ANIMAL;DITCH,MAXWELL & MAXWELL,ANTIOCH,TN,37013,8967,SOUTH,36.0373,-86.586,POINT (-86.586 36.0373)
20190517271,07/10/2019 12:31:00 PM,2,0,0,,N,352178,11,Front to Rear,22,CLOUDY,1,DAYLIGHT,12,MOTOR VEHICLE IN TRANSPORT,WEST END AV & 31ST AVN,NASHVILLE,TN,37212,5815,MIDTOW,36.1426,-86.8155,POINT (-86.8155 36.1426)
20190061149,01/24/2019 01:15:00 AM,2,1,0,,N,279216,4,ANGLE,21,CLEAR,2,DARK - NOT LIGHTED,12,MOTOR VEHICLE IN TRANSPORT,WHITES CREEK PKE & WHITES CREEK FONTANEL,WHITES CREEK,TN,37189,3223,NORTH,36.2569,-86.8302,POINT (-86.8302 36.2569)
20190013238,01/06/2019 03:30:00 AM,1,0,0,,Y,320578,0,NOT COLLISION W/MOTOR VEHICLE-TRANSPORT,21,CLEAR,2,DARK - NOT LIGHTED,24,GUARDRAIL FACE,I24 W ENT RAMP & I 24,NASHVILLE,TN,37206,1009,EAST,36.1666,-86.7638,POINT (-86.7638 36.1666)
20190173792,03/05/2019 06:55:00 AM,2,1,0,,N,279110,11,Front to Rear,21,CLEAR,1,DAYLIGHT,12,MOTOR VEHICLE IN TRANSPORT,MM 62 0 I 24,ANTIOCH,TN,37013,87040,SOUTH,36.0208,-86.6278,POINT (-86.6278 36.0208)
20190379637,05/17/2019 12:00:00 AM,2,0,0,,N,298875,11,Front to Rear,21,CLEAR,3,DARK - LIGHTED,12,MOTOR VEHICLE IN TRANSPORT,CROSSINGS BLVD & MT VIEW RD,ANTIOCH,TN,37013,8863,SOUTH,36.0455,-86.6473,POINT (-86.6473 36.0455)
20190537841,07/18/2019 05:55:00 PM,2,1,0,,N,256426,11,Front to Rear,21,CLEAR,1,DAYLIGHT,12,MOTOR VEHICLE IN TRANSPORT,LEBANON PKE & BRILEY PKWY S EXT RAMP,NASHVILLE,TN,37214,9027,HERMIT,36.1682,-86.6899,POINT (-86.6899 36.1682)
20190096052,02/05/2019 07:35:00 AM,2,0,0,,N,468031,11,Front to Rear,21,CLEAR,1,DAYLIGHT,12,MOTOR VEHICLE IN TRANSPORT,ELLINGTON PKWYS & APEX ST,NASHVILLE,TN,37206,1992,EAST,36.1872,-86.7569,POINT (-86.7569 36.1872)
20190159043,02/27/2019 03:31:00 PM,2,0,0,,N,876597,4,ANGLE,21,CLEAR,1,DAYLIGHT,12,MOTOR VEHICLE IN TRANSPORT,MURFREESBORO PKE & NASHBORO BLVD,ANTIOCH,TN,37013,8891,SOUTH,36.0869,-86.6487,POINT (-86.6487 36.0869)
20190174431,03/05/2019 11:21:00 AM,2,0,0,,N,109534,11,Front to Rear,21,CLEAR,1,DAYLIGHT,12,MOTOR VEHICLE IN TRANSPORT,ELM HILL PKE & SPENCE LN,NASHVILLE,TN,37210,9017,HERMIT,36.144,-86.7226,POINT (-86.7226 36.144)
20190205904,03/16/2019 03:00:00 PM,2,0,0,,Y,311344,4,ANGLE,21,CLEAR,1,DAYLIGHT,12,MOTOR VEHICLE IN TRANSPORT,GALLATIN PKEN & STATE RT 45,MADISON,TN,37115,1701,MADISO,36.2644,-86.7115,POINT (-86.7115 36.2644)
20190075574,01/29/2019 05:29:00 AM,3,0,0,,Y,311336,5,SIDESWIPE - SAME DIRECTION,21,CLEAR,1,DAYLIGHT,12,MOTOR VEHICLE IN TRANSPORT,ELLINGTON PKWYS & BROADMOOR DR,NASHVILLE,TN,37216,1880,EAST,36.2307,-86.7477,POINT (-86.7477 36.2307)
20190287304,04/14/2019 11:39:00 PM,1,0,0,Y,N,298867,0,NOT COLLISION W/MOTOR VEHICLE-TRANSPORT,21,CLEAR,3,DARK - LIGHTED,31,"OTHER POST, POLE, SUPP.",S 7TH ST & RUSSELL ST,NASHVILLE,TN,37206,1117,EAST,36.1726,-86.7597,POINT (-86.7597 36.1726)
20190047758,01/18/2019 06:17:00 PM,2,0,0,,N,151132,11,Front to Rear,22,CLOUDY,3,DARK - LIGHTED,12,MOTOR VEHICLE IN TRANSPORT,E PALESTINE AV & GALLATIN PKES,MADISON,TN,37115,1507,MADISO,36.2491,-86.718,POINT (-86.718 36.2491)
20190498954,07/02/2019 03:34:00 PM,2,0,0,,N,256380,4,ANGLE,21,CLEAR,1,DAYLIGHT,12,MOTOR VEHICLE IN TRANSPORT,5TH AVN & JEFFERSON ST,NASHVILLE,TN,37219,4235,CENTRA,36.1743,-86.7874,POINT (-86.7874 36.1743)
20190130462,02/17/2019 05:42:00 PM,2,0,0,,N,320594,11,Front to Rear,2,RAIN,3,DARK - LIGHTED,12;14,MOTOR VEHICLE IN TRANSPORT;PARKED MOTOR VEHICLE,DOVE CREEK RD & QUAISE MOORW,ANTIOCH,TN,37013,8925,SOUTH,36.0723,-86.5983,POINT (-86.5983 36.0723)
20190365267,05/13/2019 07:27:00 AM,2,0,0,,N,420059,11,Front to Rear,21,CLEAR,1,DAYLIGHT,12,MOTOR VEHICLE IN TRANSPORT,WEDGEWOOD AV & I65 N ENT RAMP,NASHVILLE,TN,37204,8027,MIDTOW,36.1343,-86.7747,POINT (-86.7747 36.1343)
20190529549,07/15/2019 05:43:00 PM,3,0,0,,N,429193,11,Front to Rear,21,CLEAR,1,DAYLIGHT,12,MOTOR VEHICLE IN TRANSPORT,MM 202 1 I 40,NASHVILLE,TN,37209,46027,WEST,36.1409,-86.8863,POINT (-86.8863 36.1409)
20190534727,07/17/2019 02:35:00 PM,3,1,0,,N,717341,11,Front to Rear,21,CLEAR,1,DAYLIGHT,12,MOTOR VEHICLE IN TRANSPORT,BRILEY PKWYS & BRILEY PKWYN,NASHVILLE,TN,37218,3212,NORTH,36.2142,-86.8724,POINT (-86.8724 36.2142)
20190413155,05/30/2019 02:11:00 PM,2,0,0,,Y,320579,4,ANGLE,21,CLEAR,1,DAYLIGHT,12;14,MOTOR VEHICLE IN TRANSPORT;PARKED MOTOR VEHICLE,GALLATIN PKE & HART LN,NASHVILLE,TN,37216,1441,EAST,36.2116,-86.7326,POINT (-86.7326 36.2116)
20190356558,05/09/2019 03:08:00 PM,1,0,0,,N,352183,0,NOT COLLISION W/MOTOR VEHICLE-TRANSPORT,22,CLOUDY,1,DAYLIGHT,72,EMBANKMENT ROCK/STONE/CONCRETE,MM 202 7 I 40,NASHVILLE,TN,37209,50022,WEST,36.1468,-86.8781,POINT (-86.8781 36.1468)
20190212814,03/19/2019 06:58:00 AM,2,0,0,,N,212325,11,Front to Rear,21,CLEAR,1,DAYLIGHT,12,MOTOR VEHICLE IN TRANSPORT,NEELYS BEND RD & TAHLENA AV,MADISON,TN,37115,1631,MADISO,36.2514,-86.6913,POINT (-86.6913 36.2514)
20190074369,01/28/2019 09:21:00 PM,2,0,0,,N,330445,5,SIDESWIPE - SAME DIRECTION,2,RAIN,3,DARK - LIGHTED,12,MOTOR VEHICLE IN TRANSPORT,4TH AVS & ASH ST,NASHVILLE,TN,37210,4005,CENTRA,36.1523,-86.7716,POINT (-86.7716 36.1523)
20190434835,06/07/2019 06:09:00 PM,2,0,0,,N,594473,5,SIDESWIPE - SAME DIRECTION,2,RAIN,1,DAYLIGHT,12,MOTOR VEHICLE IN TRANSPORT,8TH AVS & KOREAN VETERANS BLVD,NASHVILLE,TN,37203,4043,CENTRA,36.1549,-86.7792,POINT (-86.7792 36.1549)
20190331360,04/30/2019 07:43:00 AM,2,0,0,,N,755026,4,ANGLE,21,CLEAR,1,DAYLIGHT,12,MOTOR VEHICLE IN TRANSPORT,GLENROSE AV & WHITNEY AV,NASHVILLE,TN,37210,8101,SOUTH,36.1258,-86.7516,POINT (-86.7516 36.1258)
20190442459,06/10/2019 11:47:00 PM,2,0,0,,N,109542,5,SIDESWIPE - SAME DIRECTION,21,CLEAR,2,DARK - NOT LIGHTED,12,MOTOR VEHICLE IN TRANSPORT,MM 211 0 I 40,NASHVILLE,TN,37210,82020,HERMIT,36.1544,-86.7598,POINT (-86.7598 36.1544)
20190283963,04/13/2019 11:21:00 AM,2,0,0,,N,311325,11,Front to Rear,22,CLOUDY,1,DAYLIGHT,12,MOTOR VEHICLE IN TRANSPORT,BRILEY PKWYN & BRILEY PKWY N EXT RAMP,NASHVILLE,TN,37214,9294,HERMIT,36.1977,-86.688,POINT (-86.688 36.1977)
20190272179,04/09/2019 07:45:00 AM,2,0,0,,N,343614,16,Rear to Side,21,CLEAR,1,DAYLIGHT,12,MOTOR VEHICLE IN TRANSPORT,JO JOHNSTON AV & FISK ST,NASHVILLE,TN,37203,5403,NORTH,36.161,-86.8007,POINT (-86.8007 36.161)
20190468721,06/20/2019 12:00:00 AM,2,0,0,,Y,256427,11,Front to Rear,21,CLEAR,1,DAYLIGHT,12,MOTOR VEHICLE IN TRANSPORT,MM 210 2 I 40,NASHVILLE,TN,37203,80021,MIDTOW,36.1493,-86.7736,POINT (-86.7736 36.1493)
20190390778,05/22/2019 09:50:00 AM,2,0,0,,N,665896,5,SIDESWIPE - SAME DIRECTION,21,CLEAR,1,DAYLIGHT,12,MOTOR VEHICLE IN TRANSPORT,GALLATIN PKE & ELVIRA AV,NASHVILLE,TN,37216,1417,EAST,36.2061,-86.7368,POINT (-86.7368 36.2061)
20190401040,05/25/2019 09:33:00 PM,2,0,0,,N,279214,4,ANGLE,21,CLEAR,3,DARK - LIGHTED,12,MOTOR VEHICLE IN TRANSPORT,FRANKLIN PKE & 8TH AVS,NASHVILLE,TN,37204,6929,MIDTOW,36.1286,-86.7779,POINT (-86.7779 36.1286)
20190305562,04/21/2019 01:06:00 AM,1,0,0,,N,311336,0,NOT COLLISION W/MOTOR VEHICLE-TRANSPORT,21,CLEAR,3,DARK - LIGHTED,33,CURB,W TRINITY LN & I65 N ENT RAMP,NASHVILLE,TN,37207,1863,EAST,36.2063,-86.7735,POINT (-86.7735 36.2063)
20190391737,05/22/2019 04:35:00 PM,2,0,0,,N,279124,4,ANGLE,21,CLEAR,1,DAYLIGHT,12,MOTOR VEHICLE IN TRANSPORT,HICKORY HOLLOW PKWY & HICKORY HOLLOW MAL,ANTIOCH,TN,37013,8859,SOUTH,36.0484,-86.6593,POINT (-86.6593 36.0484)
20190447493,06/12/2019 05:43:00 PM,2,1,0,,N,256389,4,ANGLE,21,CLEAR,1,DAYLIGHT,12,MOTOR VEHICLE IN TRANSPORT,WEDGEWOOD AV & BEECH AV,NASHVILLE,TN,37204,6919,MIDTOW,36.1343,-86.7806,POINT (-86.7806 36.1343)