Accident Number,Date and Time,Number of Motor Vehicles,Number of Injuries,Number of Fatalities,Property Damage,Hit and Run,Reporting Officer,Collision Type Code,Collision Type Description,Weather Code,Weather Description,Illumination Code,Illumination Description,Harmful Code,Harmful Code Description,Street Address,City,State,ZIP,RPA,Precinct,Latitude,Longitude,Mapped Location
20190496409,07/01/2019 07:10:00 PM,1,0,0,,N,151132,0,NOT COLLISION W/MOTOR VEHICLE-TRANSPORT,21,CLEAR,1,DAYLIGHT,24,GUARDRAIL FACE,ELLINGTON PKWYN & ELLINGTON PKWYS,NASHVILLE,TN,37216,1890,EAST,36.2227,-86.7464,POINT (-86.7464 36.2227)
20190477701,06/24/2019 12:00:00 AM,2,2,0,,N,212344,4,ANGLE,21,CLEAR,1,DAYLIGHT,12,MOTOR VEHICLE IN TRANSPORT,WOODLAND ST & S 10TH ST,NASHVILLE,TN,37206,1201,EAST,36.177,-86.7512,POINT (-86.7512 36.177)
20190178875,03/06/2019 06:49:00 PM,2,0,0,,N,212330,11,Front to Rear,21,CLEAR,1,DAYLIGHT,12,MOTOR VEHICLE IN TRANSPORT,I24 E EXT RAMP & I 24,NASHVILLE,TN,37207,30080,NORTH,36.2378,-86.7872,POINT (-86.7872 36.2378)
20190281078,04/12/2019 08:10:00 AM,2,0,0,,Y,240952,5,SIDESWIPE - SAME DIRECTION,22,CLOUDY,1,DAYLIGHT,12,MOTOR VEHICLE IN TRANSPORT,MM 57 2 I 24,NASHVILLE,TN,37211,8706,SOUTH,36.0675,-86.6877,POINT (-86.6877 36.0675)
20190244995,03/29/2019 10:24:00 PM,3,2,0,,Y,212334,11,Front to Rear,21,CLEAR,2,DARK - NOT LIGHTED,12;36,MOTOR VEHICLE IN TRANSPORT;CONCRETE TRAFFIC BARRIER,I24 E ENT RAMP & BRILEY PKWYE,NASHVILLE,TN,37207,30080,NORTH,36.237,-86.7903,POINT (-86.7903 36.237)
20190087791,02/01/2019 08:40:00 PM,2,0,0,,Y,256412,5,SIDESWIPE - SAME DIRECTION,21,CLEAR,2,DARK - NOT LIGHTED,12,MOTOR VEHICLE IN TRANSPORT,NOLENSVILLE PKE & BRENTWOOD EAST DR,NASHVILLE,TN,37211,8651,MIDTOW,36.0442,-86.7131,POINT (-86.7131 36.0442)
20190369807,05/14/2019 07:50:00 PM,2,3,0,,N,256414,4,ANGLE,21,CLEAR,3,DARK - LIGHTED,12,MOTOR VEHICLE IN TRANSPORT,MURFREESBORO PKE & FOREST VIEW DR,ANTIOCH,TN,37013,8865,SOUTH,36.0674,-86.6313,POINT (-86.6313 36.0674)
20190418844,06/01/2019 04:00:00 PM,2,2,0,,N,311337,11,Front to Rear,21,CLEAR,1,DAYLIGHT,12,MOTOR VEHICLE IN TRANSPORT,MURFREESBORO PKE & DONELSON PKE,NASHVILLE,TN,37217,8841,SOUTH,36.1062,-86.6731,POINT (-86.6731 36.1062)
20190471962,06/21/2019 08:15:00 PM,1,1,0,,N,352212,0,NOT COLLISION W/MOTOR VEHICLE-TRANSPORT,2,RAIN,2,DARK - NOT LIGHTED,16,THROWN OR FALLING OBJECT,SAUNDERSVILLE RD & LEXINGTON WAY,HERMITAGE,TN,37076,9727,HERMIT,36.2257,-86.5978,POINT (-86.5978 36.2257)
20190477419,06/24/2019 02:35:00 PM,2,1,0,,N,716886,2,HEAD-ON,21,CLEAR,1,DAYLIGHT,12,MOTOR VEHICLE IN TRANSPORT,HOPEDALE DR & HAYWOOD LN,NASHVILLE,TN,37211,8703,SOUTH,36.0688,-86.7162,POINT (-86.7162 36.0688)
20190376351,05/16/2019 09:39:00 PM,2,0,0,,Y,161955,5,SIDESWIPE - SAME DIRECTION,21,CLEAR,3,DARK - LIGHTED,12,MOTOR VEHICLE IN TRANSPORT,I24 E ENT RAMP & I 24,NASHVILLE,TN,37213,1007,CENTRA,36.1662,-86.7659,POINT (-86.7659 36.1662)
20190077082,01/29/2019 04:02:00 PM,2,0,0,,N,714641,4,ANGLE,21,CLEAR,1,DAYLIGHT,12,MOTOR VEHICLE IN TRANSPORT,HERMITAGE AV & MIDDLETON ST,NASHVILLE,TN,37210,4033,CENTRA,36.1559,-86.767,POINT (-86.767 36.1559)
20190050043,01/19/2019 07:58:00 PM,2,2,0,,Y,256439,6,SIDESWIPE - OPPOSITE DIRECTION,2,RAIN,3,DARK - LIGHTED,12,MOTOR VEHICLE IN TRANSPORT,I40 E EXT RAMP & I 40,NASHVILLE,TN,37214,8955,HERMIT,36.155,-86.6271,POINT (-86.6271 36.155)
20190054058,01/21/2019 01:41:00 PM,4,0,0,,N,191578,0,NOT COLLISION W/MOTOR VEHICLE-TRANSPORT,21,CLEAR,1,DAYLIGHT,12;18;24;61,MOTOR VEHICLE IN TRANSPORT;OTHER OBJECT (NOT FIXED);GUARDRAIL FACE;Equip Failure,MM 219 3 I 40,NASHVILLE,TN,37214,94022,HERMIT,36.159,-86.6242,POINT (-86.6242 36.159)
20190191470,03/11/2019 02:46:00 PM,2,0,0,,N,311327,11,Front to Rear,21,CLEAR,1,DAYLIGHT,12,MOTOR VEHICLE IN TRANSPORT,MM 48 9 I 24,NASHVILLE,TN,37213,1104,CENTRA,36.1676,-86.7656,POINT (-86.7656 36.1676)
20190164600,03/01/2019 03:19:00 PM,2,0,0,,N,320597,11,Front to Rear,21,CLEAR,1,DAYLIGHT,12,MOTOR VEHICLE IN TRANSPORT,I24 E EXT RAMP & I 24,NASHVILLE,TN,37207,30080,NORTH,36.2378,-86.7872,POINT (-86.7872 36.2378)
20190070688,01/27/2019 01:29:00 PM,2,0,0,,Y,439917,11,Front to Rear,21,CLEAR,1,DAYLIGHT,12;14,MOTOR VEHICLE IN TRANSPORT;PARKED MOTOR VEHICLE,1900 CHARLOTTE AV,NASHVILLE,TN,37203,5357,NORTH,36.1576,-86.8015,POINT (-86.8015 36.1576)
20190462387,06/18/2019 02:24:00 PM,2,0,0,,N,134899,11,Front to Rear,21,CLEAR,1,DAYLIGHT,12,MOTOR VEHICLE IN TRANSPORT,MM 210 5 I 40,NASHVILLE,TN,37210,8202,HERMIT,36.1522,-86.7669,POINT (-86.7669 36.1522)
20190359849,05/10/2019 03:30:00 PM,2,0,0,,Y,206675,4,ANGLE,21,CLEAR,1,DAYLIGHT,12,MOTOR VEHICLE IN TRANSPORT,WELSHWOOD DR & CORNING DR,NASHVILLE,TN,37211,8501,MIDTOW,36.0827,-86.7301,POINT (-86.7301 36.0827)
20190254468,04/02/2019 04:50:00 PM,4,0,0,,N,226136,11,Front to Rear,21,CLEAR,1,DAYLIGHT,12,MOTOR VEHICLE IN TRANSPORT,MURPHY RD & WEST END AV,NASHVILLE,TN,37203,5629,MIDTOW,36.1394,-86.8198,POINT (-86.8198 36.1394)
20190337464,05/02/2019 10:00:00 AM,2,0,0,,N,197067,5,SIDESWIPE - SAME DIRECTION,21,CLEAR,1,DAYLIGHT,12,MOTOR VEHICLE IN TRANSPORT,SHELBY AV & I24 E ENT RAMP,NASHVILLE,TN,37213,1007,CENTRA,36.1662,-86.7658,POINT (-86.7658 36.1662)
20190400350,05/25/2019 02:45:00 PM,2,0,0,,N,311333,5,SIDESWIPE - SAME DIRECTION,21,CLEAR,1,DAYLIGHT,12,MOTOR VEHICLE IN TRANSPORT,MM 62 2 I 24,ANTIOCH,TN,37013,87040,SOUTH,36.0186,-86.6253,POINT (-86.6253 36.0186)
20190416990,05/31/2019 12:00:00 AM,2,1,0,,N,298861,5,SIDESWIPE - SAME DIRECTION,21,CLEAR,1,DAYLIGHT,12,MOTOR VEHICLE IN TRANSPORT,MM 215 6 I 40,NASHVILLE,TN,37214,9102,HERMIT,36.1431,-86.6845,POINT (-86.6845 36.1431)
20190113333,02/11/2019 04:23:00 PM,2,0,0,,N,579971,4,ANGLE,2,RAIN,1,DAYLIGHT,12,MOTOR VEHICLE IN TRANSPORT,NOLENSVILLE PKE & WOODBINE ST,NASHVILLE,TN,37210,8317,SOUTH,36.1169,-86.7482,POINT (-86.7482 36.1169)
20190504447,07/04/2019 02:33:00 PM,2,0,0,,N,299266,11,Front to Rear,2,RAIN,1,DAYLIGHT,12,MOTOR VEHICLE IN TRANSPORT,BELL RD & HICKORY HOLLOW PKWY,ANTIOCH,TN,37013,8863,SOUTH,36.0896,-86.6884,POINT (-86.6884 36.0896)
20190475054,06/21/2019 05:30:00 PM,4,0,0,,Y,352199,11,Front to Rear,99,UNKNOWN,9,UNKNOWN,12,MOTOR VEHICLE IN TRANSPORT,ELM HILL PKE & TIMBER VALLEY DR,NASHVILLE,TN,37214,8991,HERMIT,36.1419,-86.64,POINT (-86.64 36.1419)
20190203056,03/15/2019 11:30:00 AM,2,0,0,,N,223502,11,Front to Rear,21,CLEAR,1,DAYLIGHT,12,MOTOR VEHICLE IN TRANSPORT,NOLENSVILLE PKE & CHILTON ST,NASHVILLE,TN,37211,8515,MIDTOW,36.1005,-86.7399,POINT (-86.7399 36.1005)
20190030593,01/12/2019 04:00:00 PM,2,0,0,,N,311328,11,Front to Rear,2,RAIN,1,DAYLIGHT,12,MOTOR VEHICLE IN TRANSPORT,I24 E EXT RAMP & I 24,NASHVILLE,TN,37207,30080,NORTH,36.2378,-86.7872,POINT (-86.7872 36.2378)
20190481388,06/25/2019 10:50:00 PM,2,0,0,,Y,352197,4,ANGLE,21,CLEAR,3,DARK - LIGHTED,12,MOTOR VEHICLE IN TRANSPORT,OCALA DR & NOLENSVILLE PKE,NASHVILLE,TN,37211,8717,SOUTH,36.0516,-86.714,POINT (-86.714 36.0516)
20190162473,02/28/2019 08:00:00 PM,2,0,0,,Y,299238,4,ANGLE,21,CLEAR,3,DARK - LIGHTED,12;14,MOTOR VEHICLE IN TRANSPORT;PARKED MOTOR VEHICLE,CHAPEL AV & EASTLAND AV,NASHVILLE,TN,37206,1315,EAST,36.1828,-86.7357,POINT (-86.7357 36.1828)
20190069131,01/26/2019 08:15:00 PM,2,3,0,,N,212330,11,Front to Rear,21,CLEAR,3,DARK - LIGHTED,12,MOTOR VEHICLE IN TRANSPORT,NOLENSVILLE PKE & HARDING PL,NASHVILLE,TN,37211,8445,SOUTH,36.0809,-86.7267,POINT (-86.7267 36.0809)
20190194285,03/12/2019 01:25:00 PM,2,0,0,,N,474557,11,Front to Rear,21,CLEAR,1,DAYLIGHT,12,MOTOR VEHICLE IN TRANSPORT,LINBAR DR & HARDING PL,NASHVILLE,TN,37211,8705,SOUTH,36.0842,-86.7059,POINT (-86.7059 36.0842)
20190557886,07/26/2019 03:00:00 PM,2,0,0,,N,320603,11,Front to Rear,21,CLEAR,1,DAYLIGHT,12,MOTOR VEHICLE IN TRANSPORT,MM 201 5 I 40,NASHVILLE,TN,37209,50023,WEST,36.1351,-86.8939,POINT (-86.8939 36.1351)
20190437360,06/08/2019 12:00:00 AM,2,0,0,,Y,298877,11,Front to Rear,21,CLEAR,3,DARK - LIGHTED,12,MOTOR VEHICLE IN TRANSPORT,MM 55 2 I 24,NASHVILLE,TN,37211,8812,SOUTH,36.0923,-86.7049,POINT (-86.7049 36.0923)
20190568610,07/31/2019 06:17:00 AM,2,0,0,,Y,191578,5,SIDESWIPE - SAME DIRECTION,21,CLEAR,1,DAYLIGHT,12,MOTOR VEHICLE IN TRANSPORT,MM 222 8 I 40,NASHVILLE,TN,,,,36.1687,-86.5656,POINT (-86.5656 36.1687)
20190258044,04/03/2019 07:24:00 PM,2,0,0,,Y,429193,4,ANGLE,21,CLEAR,1,DAYLIGHT,12,MOTOR VEHICLE IN TRANSPORT,OLD HARDING PK & HICKS RD,NASHVILLE,TN,37221,4811,WEST,36.0727,-86.9265,POINT (-86.9265 36.0727)
20190461530,06/18/2019 06:54:00 AM,1,0,0,Y,N,256502,0,NOT COLLISION W/MOTOR VEHICLE-TRANSPORT,2,RAIN,1,DAYLIGHT,24,GUARDRAIL FACE,MM 86 3 I 65,NASHVILLE,TN,37207,1910,CENTRA,36.1919,-86.7808,POINT (-86.7808 36.1919)
20190464573,06/19/2019 09:00:00 AM,2,0,0,,Y,676834,11,Front to Rear,21,CLEAR,1,DAYLIGHT,12,MOTOR VEHICLE IN TRANSPORT,3200 CLARKSVILLE PKE,NASHVILLE,TN,37218,3155,NORTH,36.1937,-86.8312,POINT (-86.8312 36.1937)
20190040283,01/16/2019 06:30:00 AM,5,3,0,,N,224955,11,Front to Rear,22,CLOUDY,1,DAYLIGHT,12,MOTOR VEHICLE IN TRANSPORT,MM 91 1 I 65,MADISON,TN,37115,17021,MADISO,36.2485,-86.7424,POINT (-86.7424 36.2485)
20190158023,02/27/2019 08:45:00 AM,2,0,0,,N,716886,11,Front to Rear,21,CLEAR,1,DAYLIGHT,12,MOTOR VEHICLE IN TRANSPORT,WALLACE RD & LINBAR DR,NASHVILLE,TN,37211,8707,SOUTH,36.0829,-86.7021,POINT (-86.7021 36.0829)
20190200282,03/14/2019 12:48:00 PM,1,0,0,Y,Y,834798,0,NOT COLLISION W/MOTOR VEHICLE-TRANSPORT,21,CLEAR,1,DAYLIGHT,40,MAIL BOX,JESSAMIN RD & VINE HILL RD,NASHVILLE,TN,37204,8029,MIDTOW,36.1297,-86.7695,POINT (-86.7695 36.1297)
20190024876,01/10/2019 12:35:00 PM,3,0,0,,N,620072,11,Front to Rear,21,CLEAR,1,DAYLIGHT,12,MOTOR VEHICLE IN TRANSPORT,WEDGEWOOD AV & 15TH AVS,NASHVILLE,TN,37212,6615,MIDTOW,36.136,-86.7919,POINT (-86.7919 36.136)
20190572399,08/01/2019 03:46:00 PM,2,0,0,,N,256384,5,SIDESWIPE - SAME DIRECTION,21,CLEAR,1,DAYLIGHT,12,MOTOR VEHICLE IN TRANSPORT,NOLENSVILLE PKE & COLLIER AV,NASHVILLE,TN,37211,8425,SOUTH,36.11,-86.7447,POINT (-86.7447 36.11)
20190473429,06/22/2019 12:18:00 PM,2,0,0,,N,279124,5,SIDESWIPE - SAME DIRECTION,21,CLEAR,1,DAYLIGHT,12,MOTOR VEHICLE IN TRANSPORT,MM 55 1 I 24,NASHVILLE,TN,37211,8602,SOUTH,36.0928,-86.7055,POINT (-86.7055 36.0928)
20190460115,06/17/2019 04:03:00 PM,1,1,0,,N,690942,0,NOT COLLISION W/MOTOR VEHICLE-TRANSPORT,21,CLEAR,1,DAYLIGHT,8,PEDESTRIAN,LAUREL ST & 12TH AVS,NASHVILLE,TN,37203,4015,CENTRA,36.1536,-86.7856,POINT (-86.7856 36.1536)
20190120201,02/13/2019 12:00:00 AM,1,0,0,Y,Y,206964,0,NOT COLLISION W/MOTOR VEHICLE-TRANSPORT,21,CLEAR,9,UNKNOWN,12;24,MOTOR VEHICLE IN TRANSPORT;GUARDRAIL FACE,LAVERGNE COUCHVILLE PKE & HAMILTON CHURC,ANTIOCH,TN,37013,8999,SOUTH,36.0542,-86.573,POINT (-86.573 36.0542)
20190553742,07/24/2019 11:40:00 PM,2,0,0,,Y,279216,11,Front to Rear,21,CLEAR,3,DARK - LIGHTED,12,MOTOR VEHICLE IN TRANSPORT,WHITES CREEK PKE & MOORMANS ARM RD,NASHVILLE,TN,37207,3033,NORTH,36.2182,-86.8035,POINT (-86.8035 36.2182)
20190120022,02/13/2019 03:45:00 PM,2,0,0,,N,299267,11,Front to Rear,21,CLEAR,1,DAYLIGHT,12,MOTOR VEHICLE IN TRANSPORT,MM 208 8 I 40,NASHVILLE,TN,37203,4102,CENTRA,36.1597,-86.7923,POINT (-86.7923 36.1597)
20190302501,04/19/2019 05:16:00 PM,1,0,0,,N,151132,0,NOT COLLISION W/MOTOR VEHICLE-TRANSPORT,2,RAIN,1,DAYLIGHT,24;64,GUARDRAIL FACE;Ran Off Road-Left,I65 N ENT RAMP & I 65,NASHVILLE,TN,37207,1829,EAST,36.209,-86.7759,POINT (-86.7759 36.209)
20190028623,01/11/2019 12:00:00 AM,2,0,0,,N,298877,11,Front to Rear,21,CLEAR,3,DARK - LIGHTED,12,MOTOR VEHICLE IN TRANSPORT,MM 54 4 I 24,NASHVILLE,TN,37211,84020,SOUTH,36.1017,-86.7129,POINT (-86.7129 36.1017)
20190225750,03/23/2019 07:51:00 AM,2,0,0,,N,320574,4,ANGLE,21,CLEAR,4,DAWN,12,MOTOR VEHICLE IN TRANSPORT,MARRIOTT DR & BRILEY PKWY N EXT RAMP,NASHVILLE,TN,37214,9101,HERMIT,36.1489,-86.6902,POINT (-86.6902 36.1489)
20190471126,06/21/2019 11:55:00 AM,2,0,0,,N,876581,5,SIDESWIPE - SAME DIRECTION,21,CLEAR,1,DAYLIGHT,12,MOTOR VEHICLE IN TRANSPORT,GALLATIN PKEN & RIVERGATE MARKETPLACE PV,MADISON,TN,37115,1731,MADISO,36.3044,-86.6895,POINT (-86.6895 36.3044)
20190340779,05/03/2019 12:39:00 PM,2,0,0,,Y,298878,11,Front to Rear,22,CLOUDY,1,DAYLIGHT,12,MOTOR VEHICLE IN TRANSPORT,3RD AVN & JAMES ROBERTSON PKWY,NASHVILLE,TN,37201,4201,CENTRA,36.1674,-86.7797,POINT (-86.7797 36.1674)
20190091595,02/03/2019 04:55:00 PM,2,0,0,,N,212344,4,ANGLE,21,CLEAR,1,DAYLIGHT,12,MOTOR VEHICLE IN TRANSPORT,SPRING ST & MAIN ST ENT RAMP,NASHVILLE,TN,37206,1997,EAST,36.173,-86.7654,POINT (-86.7654 36.173)
20190263017,04/05/2019 02:48:00 PM,2,0,0,,N,690942,11,Front to Rear,22,CLOUDY,1,DAYLIGHT,12,MOTOR VEHICLE IN TRANSPORT,ROSA L PARKS BLVD & 10TH CIRN,NASHVILLE,TN,37203,4209,CENTRA,36.1678,-86.7879,POINT (-86.7879 36.1678)
20190162576,02/28/2019 09:09:00 PM,1,2,0,Y,N,109536,0,NOT COLLISION W/MOTOR VEHICLE-TRANSPORT,21,CLEAR,2,DARK - NOT LIGHTED,34,DITCH,BRICK CHURCH PKE & VALLEY TRL,WHITES CREEK,TN,37189,2015,MADISO,36.2221,-86.7469,POINT (-86.7469 36.2221)
20190208471,03/17/2019 08:10:00 PM,2,0,0,,N,197054,2,HEAD-ON,21,CLEAR,3,DARK - LIGHTED,12,MOTOR VEHICLE IN TRANSPORT,MURFREESBORO PKE & BRILEY PKWYS,NASHVILLE,TN,37217,88942,HERMIT,36.1183,-86.7003,POINT (-86.7003 36.1183)
20190558309,07/26/2019 06:56:00 PM,2,1,0,,N,212322,4,ANGLE,21,CLEAR,1,DAYLIGHT,12,MOTOR VEHICLE IN TRANSPORT,ANTIOCH PKE & JANSING DR,NASHVILLE,TN,37211,8889,SOUTH,36.0839,-86.6895,POINT (-86.6895 36.0839)
20190450166,06/13/2019 03:49:00 PM,2,0,0,,N,256426,4,ANGLE,21,CLEAR,1,DAYLIGHT,12,MOTOR VEHICLE IN TRANSPORT,ELM HILL PKE & TWIN ELMS CT,NASHVILLE,TN,37210,9013,HERMIT,36.1438,-86.7344,POINT (-86.7344 36.1438)
20190157795,02/27/2019 06:48:00 AM,2,2,0,,N,226622,2,HEAD-ON,21,CLEAR,1,DAYLIGHT,12,MOTOR VEHICLE IN TRANSPORT,RIVER ROAD PKE & RIVER RD,NASHVILLE,TN,37209,4707,WEST,36.1346,-86.9299,POINT (-86.9299 36.1346)
20190409653,05/29/2019 09:09:00 AM,2,0,0,,N,137872,4,ANGLE,21,CLEAR,1,DAYLIGHT,14,PARKED MOTOR VEHICLE,MARTINGALE DR & 9TH ST,OLD HICKORY,TN,37138,9611,HERMIT,36.2614,-86.6568,POINT (-86.6568 36.2614)
20190491538,06/29/2019 12:00:00 AM,2,0,0,,N,298877,11,Front to Rear,21,CLEAR,1,DAYLIGHT,12,MOTOR VEHICLE IN TRANSPORT,HARDING PL & LARGO DR,NASHVILLE,TN,37211,8705,SOUTH,36.0833,-86.7086,POINT (-86.7086 36.0833)
20190065198,01/25/2019 09:31:00 AM,2,1,0,,N,620072,4,ANGLE,21,CLEAR,1,DAYLIGHT,12,MOTOR VEHICLE IN TRANSPORT,CHET ATKINS PL & MUSIC SQW,NASHVILLE,TN,37212,6713,MIDTOW,36.1485,-86.7935,POINT (-86.7935 36.1485)
20190257656,04/03/2019 05:09:00 PM,2,0,0,,N,256380,11,Front to Rear,21,CLEAR,1,DAYLIGHT,12,MOTOR VEHICLE IN TRANSPORT,26TH AVN & CLARKSVILLE PKE,NASHVILLE,TN,37208,4429,NORTH,36.1865,-86.8188,POINT (-86.8188 36.1865)
20190323459,04/26/2019 08:18:00 PM,2,0,0,,N,206675,4,ANGLE,21,CLEAR,3,DARK - LIGHTED,12,MOTOR VEHICLE IN TRANSPORT,HARDING PL & SIDCO DR,NASHVILLE,TN,37220,8601,MIDTOW,36.0819,-86.7612,POINT (-86.7612 36.0819)
20190154915,02/26/2019 07:00:00 AM,2,0,0,,N,226622,11,Front to Rear,21,CLEAR,1,DAYLIGHT,12,MOTOR VEHICLE IN TRANSPORT,BRILEY PKWY S EXT RAMP & CENTENNIAL BLVD,NASHVILLE,TN,37209,4651,WEST,36.1713,-86.871,POINT (-86.871 36.1713)
20190089385,02/02/2019 03:33:00 PM,2,0,0,,Y,240960,11,Front to Rear,21,CLEAR,1,DAYLIGHT,12;14,MOTOR VEHICLE IN TRANSPORT;PARKED MOTOR VEHICLE,BROADMOOR DR & DICKERSON PKE,NASHVILLE,TN,37207,1811,EAST,36.2293,-86.7591,POINT (-86.7591 36.2293)
20190223591,03/22/2019 12:20:00 PM,2,0,0,,N,481573,4,ANGLE,21,CLEAR,1,DAYLIGHT,12,MOTOR VEHICLE IN TRANSPORT,20TH AVS & 20TH AVN,NASHVILLE,TN,37203,5709,MIDTOW,36.1514,-86.7993,POINT (-86.7993 36.1514)
20190107377,02/09/2019 01:21:00 AM,2,2,0,Y,N,311343,4,ANGLE,21,CLEAR,2,DARK - NOT LIGHTED,12;30,MOTOR VEHICLE IN TRANSPORT;UTILITY POLE,WOODMONT BLVD & GRANNY WHITE PKE,NASHVILLE,TN,37204,7007,MIDTOW,36.1116,-86.7926,POINT (-86.7926 36.1116)
20190021202,01/09/2019 07:00:00 AM,2,0,0,,N,226136,11,Front to Rear,21,CLEAR,1,DAYLIGHT,12,MOTOR VEHICLE IN TRANSPORT,OLD HICKORY BLVD & FRANKLIN PKE,NASHVILLE,TN,37220,7111,MIDTOW,36.0374,-86.7864,POINT (-86.7864 36.0374)
20190033090,01/13/2019 07:30:00 PM,2,0,0,,N,420040,11,Front to Rear,22,CLOUDY,3,DARK - LIGHTED,12,MOTOR VEHICLE IN TRANSPORT,21ST AVS & BLAIR BLVD,NASHVILLE,TN,37212,6607,MIDTOW,36.1304,-86.802,POINT (-86.802 36.1304)
20190082858,01/31/2019 08:57:00 AM,2,1,0,,N,240952,4,ANGLE,21,CLEAR,1,DAYLIGHT,12,MOTOR VEHICLE IN TRANSPORT,I24 E EXT RAMP & I 24,NASHVILLE,TN,37207,30080,NORTH,36.2378,-86.7872,POINT (-86.7872 36.2378)
20190361929,05/11/2019 04:24:00 PM,2,2,0,,N,212338,11,Front to Rear,2,RAIN,1,DAYLIGHT,12,MOTOR VEHICLE IN TRANSPORT,FRANKLIN PKE & CALDWELL LN,NASHVILLE,TN,37204,7011,MIDTOW,36.1059,-86.7728,POINT (-86.7728 36.1059)
20190579448,08/04/2019 01:11:00 PM,5,0,0,,N,474557,11,Front to Rear,22,CLOUDY,1,DAYLIGHT,12,MOTOR VEHICLE IN TRANSPORT,NOLENSVILLE PKE & BARNES RD,NASHVILLE,TN,37211,8651,MIDTOW,36.0341,-86.7131,POINT (-86.7131 36.0341)
20190022814,01/09/2019 04:23:00 PM,2,0,0,,N,256379,11,Front to Rear,21,CLEAR,5,DUSK,12,MOTOR VEHICLE IN TRANSPORT,MM 52 0 I 24,NASHVILLE,TN,37217,8816,SOUTH,36.1329,-86.7267,POINT (-86.7267 36.1329)
20190575063,08/02/2019 03:54:00 PM,2,0,0,,N,320585,4,ANGLE,21,CLEAR,1,DAYLIGHT,12,MOTOR VEHICLE IN TRANSPORT,COLFAX DR & LAKELAND DR,NASHVILLE,TN,37214,9421,HERMIT,36.1542,-86.6589,POINT (-86.6589 36.1542)
20190446658,06/12/2019 11:22:00 AM,2,1,0,,N,716886,4,ANGLE,21,CLEAR,1,DAYLIGHT,12,MOTOR VEHICLE IN TRANSPORT,TARGET DR & I24 E ENT RAMP,ANTIOCH,TN,37013,8751,SOUTH,36.0439,-86.6583,POINT (-86.6583 36.0439)
20190544634,07/21/2019 03:04:00 PM,2,0,0,,N,298858,5,SIDESWIPE - SAME DIRECTION,21,CLEAR,1,DAYLIGHT,12,MOTOR VEHICLE IN TRANSPORT,DEMONBREUN ST & 6TH AVS,NASHVILLE,TN,37203,4061,CENTRA,36.1577,-86.779,POINT (-86.779 36.1577)
20190041000,01/16/2019 11:55:00 AM,2,0,0,,N,462501,4,ANGLE,21,CLEAR,1,DAYLIGHT,12,MOTOR VEHICLE IN TRANSPORT,2ND AVS & I40 W EXT RAMP,NASHVILLE,TN,37210,4003,CENTRA,36.1518,-86.7686,POINT (-86.7686 36.1518)
20190282029,04/12/2019 12:00:00 AM,1,0,0,,N,279200,0,NOT COLLISION W/MOTOR VEHICLE-TRANSPORT,21,CLEAR,1,DAYLIGHT,30,UTILITY POLE,12TH AVN & PORTER ST,NASHVILLE,TN,37203,4119,CENTRA,36.1577,-86.7882,POINT (-86.7882 36.1577)
20190079468,01/30/2019 08:41:00 AM,2,0,0,,N,299257,4,ANGLE,4,SNOW,1,DAYLIGHT,12,MOTOR VEHICLE IN TRANSPORT,12TH AVS & ELMWOOD AV,NASHVILLE,TN,37212,6515,MIDTOW,36.127,-86.7892,POINT (-86.7892 36.127)
20190158161,02/27/2019 09:09:00 AM,2,0,0,,N,212325,5,SIDESWIPE - SAME DIRECTION,22,CLOUDY,1,DAYLIGHT,12,MOTOR VEHICLE IN TRANSPORT,OLD HICKORY BLVDW & DICKERSON PKE,MADISON,TN,37115,2039,MADISO,36.2692,-86.7556,POINT (-86.7556 36.2692)
20190452577,06/14/2019 11:35:00 AM,2,1,0,,Y,352184,11,Front to Rear,21,CLEAR,1,DAYLIGHT,12,MOTOR VEHICLE IN TRANSPORT,SHELBY AV & I24 E EXT RAMP,NASHVILLE,TN,37213,1007,CENTRA,36.1664,-86.7654,POINT (-86.7654 36.1664)
20190302225,04/19/2019 02:48:00 PM,10,2,0,,Y,279124,4,ANGLE,2,RAIN,1,DAYLIGHT,12,MOTOR VEHICLE IN TRANSPORT,MM 56 3 I 24,NASHVILLE,TN,37211,8708,SOUTH,36.0778,-86.6951,POINT (-86.6951 36.0778)
20190329292,04/29/2019 02:00:00 PM,2,0,0,,N,584947,11,Front to Rear,21,CLEAR,1,DAYLIGHT,12,MOTOR VEHICLE IN TRANSPORT,FRANKLIN PKE & FOREST HILLS DR,NASHVILLE,TN,37220,7111,MIDTOW,36.0541,-86.7759,POINT (-86.7759 36.0541)
20190034281,01/14/2019 07:40:00 AM,3,0,0,,N,468031,11,Front to Rear,22,CLOUDY,1,DAYLIGHT,12,MOTOR VEHICLE IN TRANSPORT,DICKERSON PKE & CLEVELAND ST,NASHVILLE,TN,37207,1919,EAST,36.1875,-86.7734,POINT (-86.7734 36.1875)
20190425755,06/04/2019 12:12:00 PM,2,0,0,,N,716886,11,Front to Rear,21,CLEAR,1,DAYLIGHT,12,MOTOR VEHICLE IN TRANSPORT,UNA ANTIOCH PKE & PEBBLE CREEK DR,ANTIOCH,TN,37013,8861,SOUTH,36.0741,-86.6633,POINT (-86.6633 36.0741)
20190471327,06/21/2019 02:12:00 PM,3,0,0,,N,320575,4,ANGLE,21,CLEAR,1,DAYLIGHT,12,MOTOR VEHICLE IN TRANSPORT,BLUE HOLE RD & BELL RD,ANTIOCH,TN,37013,8721,SOUTH,36.0458,-86.6744,POINT (-86.6744 36.0458)