Accident Number,Date and Time,Number of Motor Vehicles,Number of Injuries,Number of Fatalities,Property Damage,Hit and Run,Reporting Officer,Collision Type Code,Collision Type Description,Weather Code,Weather Description,Illumination Code,Illumination Description,Harmful Code,Harmful Code Description,Street Address,City,State,ZIP,RPA,Precinct,Latitude,Longitude,Mapped Location
20190209530,03/18/2019 06:21:00 AM,2,0,0,,N,716886,5,SIDESWIPE - SAME DIRECTION,21,CLEAR,1,DAYLIGHT,12,MOTOR VEHICLE IN TRANSPORT,MM 52 1 I 24,NASHVILLE,TN,37217,8816,SOUTH,36.1343,-86.7267,POINT (-86.7267 36.1343)
20190557032,07/26/2019 07:15:00 AM,2,0,0,,N,352205,5,SIDESWIPE - SAME DIRECTION,21,CLEAR,1,DAYLIGHT,12,MOTOR VEHICLE IN TRANSPORT,LEBANON PKE & OMOHUNDRO DR,NASHVILLE,TN,37210,9019,HERMIT,36.1571,-86.709,POINT (-86.709 36.1571)
20190369287,05/14/2019 03:47:00 PM,2,0,0,,N,256389,4,ANGLE,21,CLEAR,1,DAYLIGHT,12,MOTOR VEHICLE IN TRANSPORT,BRENTWOOD EAST DR & OLD HICKORY BLVD,NASHVILLE,TN,37211,8651,MIDTOW,36.0452,-86.7148,POINT (-86.7148 36.0452)
20190428679,06/05/2019 12:50:00 PM,2,0,0,,Y,279230,11,Front to Rear,21,CLEAR,1,DAYLIGHT,12,MOTOR VEHICLE IN TRANSPORT,I24 W EXT RAMP & I 24,NASHVILLE,TN,37211,8829,SOUTH,36.1074,-86.7197,POINT (-86.7197 36.1074)
20190416785,05/31/2019 05:33:00 PM,1,1,0,,N,580819,0,NOT COLLISION W/MOTOR VEHICLE-TRANSPORT,21,CLEAR,1,DAYLIGHT,15,OTHER TYPE NON-MOTORIST,4TH AVS & PEABODY ST,NASHVILLE,TN,37201,4047,CENTRA,36.1566,-86.7744,POINT (-86.7744 36.1566)
20190009966,01/04/2019 05:28:00 PM,2,1,0,,N,134903,4,ANGLE,2,RAIN,2,DARK - NOT LIGHTED,12,MOTOR VEHICLE IN TRANSPORT,I40 W ENT RAMP & I 40,NASHVILLE,TN,37210,9007,HERMIT,36.1484,-86.7454,POINT (-86.7454 36.1484)
20190515115,07/09/2019 06:21:00 PM,2,0,0,,N,267831,11,Front to Rear,21,CLEAR,1,DAYLIGHT,12,MOTOR VEHICLE IN TRANSPORT,CHARLOTTE PKE & WESTBORO DR,NASHVILLE,TN,37209,5027,WEST,36.1459,-86.871,POINT (-86.871 36.1459)
20190508378,07/06/2019 09:00:00 AM,2,0,0,,N,352164,4,ANGLE,21,CLEAR,1,DAYLIGHT,12,MOTOR VEHICLE IN TRANSPORT,WHITE BRIDGE PKE & LENOX AV,NASHVILLE,TN,37209,5103,WEST,36.1493,-86.8579,POINT (-86.8579 36.1493)
20190191769,03/11/2019 05:20:00 PM,2,0,0,,N,433550,11,Front to Rear,21,CLEAR,1,DAYLIGHT,12,MOTOR VEHICLE IN TRANSPORT,ROBINSON RD & MERRITT ST,OLD HICKORY,TN,37138,9609,HERMIT,36.2556,-86.6536,POINT (-86.6536 36.2556)
20190480633,06/25/2019 04:44:00 PM,2,0,0,,N,212331,4,ANGLE,21,CLEAR,1,DAYLIGHT,12,MOTOR VEHICLE IN TRANSPORT,GALLATIN PKES & E OLD HICKORY BLVD,MADISON,TN,37115,1771,MADISO,36.2622,-86.7122,POINT (-86.7122 36.2622)
20190211063,03/18/2019 05:46:00 PM,2,0,0,,N,151132,2,HEAD-ON,21,CLEAR,1,DAYLIGHT,12,MOTOR VEHICLE IN TRANSPORT,RIO VISTA DR & ANDERSON LN,MADISON,TN,37115,1713,MADISO,36.2718,-86.6845,POINT (-86.6845 36.2718)
20190263870,04/05/2019 12:00:00 AM,1,0,0,,N,320580,0,NOT COLLISION W/MOTOR VEHICLE-TRANSPORT,21,CLEAR,3,DARK - LIGHTED,34,DITCH,PENNINGTON BEND RD & MUSIC VALLEY DR,NASHVILLE,TN,37214,9213,HERMIT,36.2349,-86.7106,POINT (-86.7106 36.2349)
20190250190,04/01/2019 06:55:00 AM,3,2,0,Y,N,226622,0,NOT COLLISION W/MOTOR VEHICLE-TRANSPORT,21,CLEAR,1,DAYLIGHT,12;14;18;41;63,MOTOR VEHICLE IN TRANSPORT;PARKED MOTOR VEHICLE;OTHER OBJECT (NOT FIXED);SHRUBBERY;Ran Off Road-Right,WHITE BRIDGE PKE & BROOKWOOD PL,NASHVILLE,TN,37209,5107,WEST,36.1328,-86.8579,POINT (-86.8579 36.1328)
20190047281,01/18/2019 02:18:00 PM,2,0,0,,N,256389,4,ANGLE,22,CLOUDY,1,DAYLIGHT,12,MOTOR VEHICLE IN TRANSPORT,BEECHWOOD AV & BELMONT BLVD,NASHVILLE,TN,37212,6511,MIDTOW,36.1257,-86.7941,POINT (-86.7941 36.1257)
20190049183,01/19/2019 09:40:00 AM,2,0,0,,N,212369,11,Front to Rear,2,RAIN,1,DAYLIGHT,12,MOTOR VEHICLE IN TRANSPORT,MCIVER ST & NOLENSVILLE PKE,NASHVILLE,TN,37211,8515,MIDTOW,36.104,-86.7421,POINT (-86.7421 36.104)
20190087278,02/01/2019 12:00:00 AM,2,3,0,,N,279196,11,Front to Rear,21,CLEAR,1,DAYLIGHT,12,MOTOR VEHICLE IN TRANSPORT,GALLATIN PKEN & THE GALLERY AT RIVERGATE,MADISON,TN,37115,1731,MADISO,36.3017,-86.6934,POINT (-86.6934 36.3017)
20190275899,04/10/2019 01:17:00 PM,2,0,0,,N,716886,11,Front to Rear,21,CLEAR,1,DAYLIGHT,12,MOTOR VEHICLE IN TRANSPORT,BELL RD & HICKORY HOLLOW TER,ANTIOCH,TN,37013,8865,SOUTH,36.3008,-86.6948,POINT (-86.6948 36.3008)
20190240304,03/28/2019 12:00:00 AM,2,0,0,,Y,716886,11,Front to Rear,21,CLEAR,1,DAYLIGHT,14,PARKED MOTOR VEHICLE,MIMOSA DR & BRIGGS AV,NASHVILLE,TN,37211,8413,SOUTH,36.0968,-86.7266,POINT (-86.7266 36.0968)
20190170511,03/04/2019 07:05:00 AM,3,0,0,,N,226622,4,ANGLE,21,CLEAR,1,DAYLIGHT,12,MOTOR VEHICLE IN TRANSPORT,HIGHWAY 100 & OLD HICKORY BLVD,NASHVILLE,TN,37221,6213,WEST,36.0609,-86.9153,POINT (-86.9153 36.0609)
20190027914,01/11/2019 01:49:00 PM,2,0,0,,N,716886,11,Front to Rear,21,CLEAR,1,DAYLIGHT,12,MOTOR VEHICLE IN TRANSPORT,BELL RD & THE OVERLOOK PVTDR,ANTIOCH,TN,37013,8865,SOUTH,36.056,-86.6421,POINT (-86.6421 36.056)
20190318789,04/25/2019 07:38:00 AM,2,0,0,,N,330420,2,HEAD-ON,21,CLEAR,1,DAYLIGHT,12,MOTOR VEHICLE IN TRANSPORT,DODSON CHAPEL RD & CENTRAL PKE,HERMITAGE,TN,37076,9503,HERMIT,36.1747,-86.6143,POINT (-86.6143 36.1747)
20190351057,05/07/2019 04:09:00 PM,2,1,0,,N,807344,11,Front to Rear,21,CLEAR,1,DAYLIGHT,12,MOTOR VEHICLE IN TRANSPORT,I40 W EXT RAMP & CHURCH ST,NASHVILLE,TN,37203,4119,CENTRA,36.1568,-86.7897,POINT (-86.7897 36.1568)
20190564900,07/29/2019 06:20:00 PM,2,0,0,,Y,279214,4,ANGLE,21,CLEAR,1,DAYLIGHT,14,PARKED MOTOR VEHICLE,GALE LN & FRANKLIN PKE,NASHVILLE,TN,37204,6957,MIDTOW,36.1195,-86.7754,POINT (-86.7754 36.1195)
20190295826,04/17/2019 12:30:00 PM,2,0,0,,Y,226136,4,ANGLE,22,CLOUDY,1,DAYLIGHT,12;14,MOTOR VEHICLE IN TRANSPORT;PARKED MOTOR VEHICLE,ELLISTON PL & 24TH AVN,NASHVILLE,TN,37203,5615,MIDTOW,36.1487,-86.807,POINT (-86.807 36.1487)
20190356315,05/09/2019 12:43:00 PM,1,0,0,Y,N,223502,0,NOT COLLISION W/MOTOR VEHICLE-TRANSPORT,2,RAIN,1,DAYLIGHT,24;36,GUARDRAIL FACE;CONCRETE TRAFFIC BARRIER,MM 55 4 I 24,NASHVILLE,TN,37211,8812,SOUTH,36.0901,-86.7031,POINT (-86.7031 36.0901)
20190308812,04/22/2019 11:00:00 AM,2,0,0,,N,223502,11,Front to Rear,21,CLEAR,1,DAYLIGHT,12,MOTOR VEHICLE IN TRANSPORT,MM 52 0 I 24,NASHVILLE,TN,37217,8816,SOUTH,36.1329,-86.7267,POINT (-86.7267 36.1329)
20190369640,05/14/2019 06:49:00 PM,2,0,0,,Y,151132,3,REAR-TO-REAR,21,CLEAR,1,DAYLIGHT,12;14,MOTOR VEHICLE IN TRANSPORT;PARKED MOTOR VEHICLE,GALLATIN PKES & MOVING CENTER CT,MADISON,TN,37115,1507,MADISO,36.2509,-86.7184,POINT (-86.7184 36.2509)
20190340545,05/03/2019 11:45:00 AM,2,0,0,,N,716877,11,Front to Rear,22,CLOUDY,1,DAYLIGHT,12,MOTOR VEHICLE IN TRANSPORT,BELL RD & HICKORY HOLLOW TER,ANTIOCH,TN,37013,8865,SOUTH,36.3008,-86.6948,POINT (-86.6948 36.3008)
20190531205,07/16/2019 09:13:00 AM,1,0,0,Y,N,594473,0,NOT COLLISION W/MOTOR VEHICLE-TRANSPORT,21,CLEAR,1,DAYLIGHT,1;24,GUARDRAIL FACE,HARDING PL & WAUFORD DR,NASHVILLE,TN,37211,8605,MIDTOW,36.0809,-86.7516,POINT (-86.7516 36.0809)
20190307717,04/22/2019 01:12:00 AM,1,0,0,Y,N,320591,0,NOT COLLISION W/MOTOR VEHICLE-TRANSPORT,21,CLEAR,3,DARK - LIGHTED,63;7,Ran Off Road-Right,MT VIEW RIDGE DR & MT VIEW RD,ANTIOCH,TN,37013,8977,SOUTH,36.0682,-86.5964,POINT (-86.5964 36.0682)
20190578018,08/03/2019 08:27:00 PM,3,1,0,,N,320580,4,ANGLE,2,RAIN,3,DARK - LIGHTED,12;14,MOTOR VEHICLE IN TRANSPORT;PARKED MOTOR VEHICLE,OPRY MILLS DR & MOSS ROSE DR,NASHVILLE,TN,37214,9209,HERMIT,36.2029,-86.6947,POINT (-86.6947 36.2029)
20190520993,07/11/2019 09:36:00 PM,2,0,0,,N,256439,5,SIDESWIPE - SAME DIRECTION,21,CLEAR,3,DARK - LIGHTED,12,MOTOR VEHICLE IN TRANSPORT,4TH AVS & ELM ST,NASHVILLE,TN,37210,4005,CENTRA,36.1533,-86.7722,POINT (-86.7722 36.1533)
20190200596,03/14/2019 03:00:00 PM,2,0,0,,Y,330413,4,ANGLE,22,CLOUDY,1,DAYLIGHT,12,MOTOR VEHICLE IN TRANSPORT,CENTRAL AV & LANDERS AV,NASHVILLE,TN,37211,8313,MIDTOW,36.114,-86.7495,POINT (-86.7495 36.114)
20190100727,02/06/2019 03:56:00 PM,1,0,0,,N,109536,0,NOT COLLISION W/MOTOR VEHICLE-TRANSPORT,2,RAIN,1,DAYLIGHT,30,UTILITY POLE,GREER RD & VALLEY VIEW CT,GOODLETTSVILLE,TN,37072,2203,MADISO,36.3823,-86.7839,POINT (-86.7839 36.3823)
20190438750,06/09/2019 12:40:00 PM,2,0,0,,N,140808,11,Front to Rear,21,CLEAR,1,DAYLIGHT,12,MOTOR VEHICLE IN TRANSPORT,OLD HICKORY BLVD & S HILLVIEW DR,NASHVILLE,TN,37220,7111,MIDTOW,36.0375,-86.791,POINT (-86.791 36.0375)
20190455230,06/15/2019 01:50:00 PM,2,1,0,,N,299249,4,ANGLE,21,CLEAR,1,DAYLIGHT,12,MOTOR VEHICLE IN TRANSPORT,LEBANON PKE & ANDREW JACKSON PKWY,HERMITAGE,TN,37076,9537,HERMIT,36.2151,-86.5962,POINT (-86.5962 36.2151)
20190558974,07/26/2019 11:45:00 PM,2,0,0,,N,311800,11,Front to Rear,21,CLEAR,3,DARK - LIGHTED,12,MOTOR VEHICLE IN TRANSPORT,12TH AVS & DEMONBREUN ST,NASHVILLE,TN,37203,4015,CENTRA,36.1546,-86.7862,POINT (-86.7862 36.1546)
20190415936,05/31/2019 11:24:00 AM,2,1,0,,N,716886,5,SIDESWIPE - SAME DIRECTION,21,CLEAR,1,DAYLIGHT,12,MOTOR VEHICLE IN TRANSPORT,MM 53 1 I 24,NASHVILLE,TN,37210,88142,SOUTH,36.1172,-86.7256,POINT (-86.7256 36.1172)
20190066270,01/25/2019 04:42:00 PM,2,0,0,,N,580819,4,ANGLE,21,CLEAR,1,DAYLIGHT,12,MOTOR VEHICLE IN TRANSPORT,CHURCH ST & 7TH AVN,NASHVILLE,TN,37219,4125,CENTRA,36.1622,-86.7825,POINT (-86.7825 36.1622)
20190365732,05/13/2019 11:00:00 AM,1,1,0,,N,352188,0,NOT COLLISION W/MOTOR VEHICLE-TRANSPORT,21,CLEAR,1,DAYLIGHT,8,PEDESTRIAN,SAWYER BROWN RD & TODD PREIS DR,NASHVILLE,TN,37221,4811,WEST,36.0712,-86.9471,POINT (-86.9471 36.0712)
20190263818,04/05/2019 08:55:00 PM,2,0,0,,Y,256380,11,Front to Rear,21,CLEAR,1,DAYLIGHT,12,MOTOR VEHICLE IN TRANSPORT,JEFFERSON ST & 7TH AVN,NASHVILLE,TN,37208,4237,CENTRA,36.1736,-86.7901,POINT (-86.7901 36.1736)
20190349971,05/07/2019 09:10:00 AM,1,0,0,Y,N,352204,0,NOT COLLISION W/MOTOR VEHICLE-TRANSPORT,21,CLEAR,1,DAYLIGHT,19,BUILDING,NOLENSVILLE PKE & NEWSOME ST,NASHVILLE,TN,37210,8319,SOUTH,36.1191,-86.7493,POINT (-86.7493 36.1191)
20190460209,06/17/2019 04:24:00 PM,2,1,0,,N,179583,11,Front to Rear,21,CLEAR,1,DAYLIGHT,12,MOTOR VEHICLE IN TRANSPORT,THOMPSON LN & BRILEY PKWYN,NASHVILLE,TN,37211,8423,SOUTH,36.1095,-86.7283,POINT (-86.7283 36.1095)
20190287051,04/14/2019 07:46:00 PM,2,0,0,,N,299267,11,Front to Rear,21,CLEAR,3,DARK - LIGHTED,12,MOTOR VEHICLE IN TRANSPORT,NOLENSVILLE PKE & HOLT RD,ANTIOCH,TN,37013,8759,SOUTH,36.0126,-86.7037,POINT (-86.7037 36.0126)
20190165387,03/01/2019 09:38:00 PM,2,0,0,,N,240960,11,Front to Rear,21,CLEAR,3,DARK - LIGHTED,12,MOTOR VEHICLE IN TRANSPORT,I24 W EXT RAMP & SPRING ST,NASHVILLE,TN,37207,1979,EAST,36.1768,-86.7722,POINT (-86.7722 36.1768)
20190320687,04/25/2019 08:52:00 PM,1,0,0,Y,Y,256423,0,NOT COLLISION W/MOTOR VEHICLE-TRANSPORT,21,CLEAR,3,DARK - LIGHTED,25,GUARDRAIL END,SNELL BLVD & CROWE DR,NASHVILLE,TN,37218,3169,NORTH,36.1793,-86.8409,POINT (-86.8409 36.1793)
20190574955,08/02/2019 02:48:00 PM,2,0,0,,N,169425,4,ANGLE,21,CLEAR,1,DAYLIGHT,12,MOTOR VEHICLE IN TRANSPORT,NOLENSVILLE PKE & LUTIE ST,NASHVILLE,TN,37210,8319,SOUTH,36.1178,-86.7487,POINT (-86.7487 36.1178)
20190025234,01/10/2019 03:00:00 PM,2,0,0,,N,206675,4,ANGLE,21,CLEAR,1,DAYLIGHT,12,MOTOR VEHICLE IN TRANSPORT,THOMPSON LN & LOUISE DR,NASHVILLE,TN,37211,8521,MIDTOW,36.1111,-86.7479,POINT (-86.7479 36.1111)
20190185511,03/08/2019 10:20:00 PM,2,0,0,,N,311326,11,Front to Rear,2,RAIN,3,DARK - LIGHTED,12;33,MOTOR VEHICLE IN TRANSPORT;CURB,I65 N EXT RAMP & I 65,NASHVILLE,TN,37207,1863,EAST,36.2057,-86.7747,POINT (-86.7747 36.2057)
20190523236,07/12/2019 05:53:00 PM,2,0,0,,N,579971,11,Front to Rear,21,CLEAR,1,DAYLIGHT,12,MOTOR VEHICLE IN TRANSPORT,BLUE HOLE RD & TUSCULUM RD,ANTIOCH,TN,37013,8719,SOUTH,36.0526,-86.673,POINT (-86.673 36.0526)
20190505260,07/04/2019 11:37:00 PM,4,0,0,,N,405424,11,Front to Rear,21,CLEAR,3,DARK - LIGHTED,12,MOTOR VEHICLE IN TRANSPORT,MM 212 2 I 40,NASHVILLE,TN,37210,90041,HERMIT,36.1458,-86.7414,POINT (-86.7414 36.1458)
20190308507,04/22/2019 09:25:00 AM,2,0,0,,N,716886,3,REAR-TO-REAR,21,CLEAR,1,DAYLIGHT,14,PARKED MOTOR VEHICLE,RANSOM PL & ALDER CT,NASHVILLE,TN,37217,8853,SOUTH,36.0877,-86.6539,POINT (-86.6539 36.0877)
20190477853,06/24/2019 04:10:00 PM,2,0,0,,Y,267831,5,SIDESWIPE - SAME DIRECTION,21,CLEAR,1,DAYLIGHT,12,MOTOR VEHICLE IN TRANSPORT,I440 E ENT RAMP & I 440,NASHVILLE,TN,37205,6007,WEST,36.1346,-86.8203,POINT (-86.8203 36.1346)
20190291666,04/16/2019 09:25:00 AM,2,1,0,,N,226168,11,Front to Rear,21,CLEAR,1,DAYLIGHT,12,MOTOR VEHICLE IN TRANSPORT,MM 57 2 I 24,NASHVILLE,TN,37211,8706,SOUTH,36.0675,-86.6877,POINT (-86.6877 36.0675)
20190407071,05/28/2019 12:10:00 PM,2,0,0,,N,716886,4,ANGLE,21,CLEAR,1,DAYLIGHT,12,MOTOR VEHICLE IN TRANSPORT,DERBYSHIRE DR & PADDINGTON WAY,ANTIOCH,TN,37013,8977,SOUTH,36.0716,-86.5834,POINT (-86.5834 36.0716)
20190559964,07/27/2019 01:53:00 PM,2,1,0,,N,902543,11,Front to Rear,21,CLEAR,1,DAYLIGHT,12,MOTOR VEHICLE IN TRANSPORT,MM 48 6 I 24,NASHVILLE,TN,37206,1102,EAST,36.171,-86.7676,POINT (-86.7676 36.171)
20190483624,06/26/2019 05:11:00 PM,4,1,0,,N,240979,11,Front to Rear,21,CLEAR,1,DAYLIGHT,12,MOTOR VEHICLE IN TRANSPORT,S GRAYCROFT AV & FAIROAKS DR,MADISON,TN,37115,1779,MADISO,36.2531,-86.7339,POINT (-86.7339 36.2531)
20190203993,03/15/2019 05:56:00 PM,2,0,0,,N,279194,11,Front to Rear,21,CLEAR,1,DAYLIGHT,12,MOTOR VEHICLE IN TRANSPORT,CLARKSVILLE PKE & ROSA L PARKS BLVD,NASHVILLE,TN,37228,4483,NORTH,36.1889,-86.8231,POINT (-86.8231 36.1889)
20190139077,02/20/2019 01:51:00 PM,2,0,0,,Y,279204,3,REAR-TO-REAR,2,RAIN,1,DAYLIGHT,14,PARKED MOTOR VEHICLE,CLAY ST & DR D B TODD JR BLVD,NASHVILLE,TN,37208,4413,NORTH,36.1827,-86.8118,POINT (-86.8118 36.1827)
20190382192,05/19/2019 05:13:00 AM,2,0,0,,N,298866,11,Front to Rear,21,CLEAR,5,DUSK,12,MOTOR VEHICLE IN TRANSPORT,WOODMONT BLVD & HARDING PKE,NASHVILLE,TN,37205,6101,WEST,36.1245,-86.8472,POINT (-86.8472 36.1245)
20190431554,06/06/2019 12:39:00 PM,2,0,0,,N,226622,4,ANGLE,22,CLOUDY,1,DAYLIGHT,12,MOTOR VEHICLE IN TRANSPORT,CHARLOTTE PKE & OLD CHARLOTTE PKE,NASHVILLE,TN,37209,5009,WEST,36.1318,-86.8958,POINT (-86.8958 36.1318)
20190441944,06/10/2019 07:00:00 PM,2,1,0,,Y,161939,11,Front to Rear,21,CLEAR,1,DAYLIGHT,12,MOTOR VEHICLE IN TRANSPORT,ANTIOCH PKE & SPACE PARK SOUTH DR,NASHVILLE,TN,37211,8845,SOUTH,36.0939,-86.6993,POINT (-86.6993 36.0939)
20190301783,04/19/2019 11:05:00 AM,2,0,0,,Y,262766,11,Front to Rear,2,RAIN,1,DAYLIGHT,12,MOTOR VEHICLE IN TRANSPORT,MM 201 0 I 40,NASHVILLE,TN,37209,4708,WEST,36.1301,-86.8994,POINT (-86.8994 36.1301)
20190524009,07/13/2019 03:19:00 AM,2,0,0,Y,N,240944,0,NOT COLLISION W/MOTOR VEHICLE-TRANSPORT,21,CLEAR,3,DARK - LIGHTED,18;25,OTHER OBJECT (NOT FIXED);GUARDRAIL END,MM 59 1 I 24,ANTIOCH,TN,37013,87061,SOUTH,36.0478,-86.6634,POINT (-86.6634 36.0478)
20190468108,06/20/2019 12:35:00 PM,2,0,0,,N,807344,4,ANGLE,22,CLOUDY,1,DAYLIGHT,12,MOTOR VEHICLE IN TRANSPORT,4TH AVN & CHARLOTTE AV,NASHVILLE,TN,37201,4161,CENTRA,36.1664,-86.7807,POINT (-86.7807 36.1664)
20190343125,05/04/2019 12:00:00 AM,2,0,0,,N,279200,5,SIDESWIPE - SAME DIRECTION,22,CLOUDY,98,OTHER,14,PARKED MOTOR VEHICLE,8TH AVS & DEMONBREUN ST,NASHVILLE,TN,37203,4041,CENTRA,36.1569,-86.7808,POINT (-86.7808 36.1569)
20190360246,05/10/2019 08:10:00 PM,2,1,0,,N,256417,11,Front to Rear,21,CLEAR,2,DARK - NOT LIGHTED,12,MOTOR VEHICLE IN TRANSPORT,OLD HICKORY BLVD & ANDREW JACKSON WAY,HERMITAGE,TN,37076,9561,HERMIT,36.1826,-86.6084,POINT (-86.6084 36.1826)
20190553184,07/24/2019 06:04:00 PM,2,0,0,,N,256426,5,SIDESWIPE - SAME DIRECTION,21,CLEAR,1,DAYLIGHT,12,MOTOR VEHICLE IN TRANSPORT,MM 212 1 I 40,NASHVILLE,TN,37210,90041,HERMIT,36.1463,-86.7422,POINT (-86.7422 36.1463)
20190243863,03/29/2019 01:40:00 PM,2,0,0,,N,772946,11,Front to Rear,21,CLEAR,1,DAYLIGHT,12,MOTOR VEHICLE IN TRANSPORT,JEFFERSON ST & JEFFERSON ST,NASHVILLE,TN,37208,4311,CENTRA,36.1756,-86.7822,POINT (-86.7822 36.1756)
20190170607,03/04/2019 07:46:00 AM,2,1,0,,N,332253,11,Front to Rear,22,CLOUDY,1,DAYLIGHT,12,MOTOR VEHICLE IN TRANSPORT,BRICK CHURCH PKE & OLD HICKORY BLVD,WHITES CREEK,TN,37189,2015,MADISO,36.2796,-86.7836,POINT (-86.7836 36.2796)
20190135709,02/19/2019 01:00:00 PM,2,0,0,,N,226136,11,Front to Rear,22,CLOUDY,1,DAYLIGHT,12,MOTOR VEHICLE IN TRANSPORT,I65 N EXT RAMP & I 65,NASHVILLE,TN,37207,1863,EAST,36.2057,-86.7747,POINT (-86.7747 36.2057)
20190051359,01/20/2019 11:02:00 AM,2,0,0,,N,909494,5,SIDESWIPE - SAME DIRECTION,22,CLOUDY,1,DAYLIGHT,14,PARKED MOTOR VEHICLE,LISCHEY AV & CLEVELAND ST,NASHVILLE,TN,37207,1921,EAST,36.1867,-86.7645,POINT (-86.7645 36.1867)
20190502712,07/03/2019 09:27:00 PM,1,2,0,,N,256448,0,NOT COLLISION W/MOTOR VEHICLE-TRANSPORT,2,RAIN,3,DARK - LIGHTED,8,PEDESTRIAN,DONELSON PKE & ROYAL PKWY,NASHVILLE,TN,37214,9411,HERMIT,36.1472,-86.6664,POINT (-86.6664 36.1472)
20190281205,04/12/2019 09:05:00 AM,2,0,0,,N,676834,6,SIDESWIPE - OPPOSITE DIRECTION,22,CLOUDY,1,DAYLIGHT,14,PARKED MOTOR VEHICLE,CECILIA AV & 12TH AVN,NASHVILLE,TN,37208,4491,NORTH,36.1882,-86.8091,POINT (-86.8091 36.1882)
20190316431,04/24/2019 12:40:00 PM,2,0,0,,N,474557,4,ANGLE,21,CLEAR,1,DAYLIGHT,12,MOTOR VEHICLE IN TRANSPORT,WALLACE RD & RECOVERY RD,NASHVILLE,TN,37211,8701,SOUTH,36.0791,-86.7206,POINT (-86.7206 36.0791)
20190293427,04/16/2019 08:58:00 PM,2,0,0,,N,151132,4,ANGLE,21,CLEAR,2,DARK - NOT LIGHTED,12,MOTOR VEHICLE IN TRANSPORT,OLD HICKORY BLVD & COBBLESTONE CREEK DR,WHITES CREEK,TN,37189,2015,MADISO,36.2783,-86.7891,POINT (-86.7891 36.2783)
20190296817,04/17/2019 08:22:00 PM,2,0,0,,N,330415,4,ANGLE,21,CLEAR,3,DARK - LIGHTED,12,MOTOR VEHICLE IN TRANSPORT,2ND AVS & KOREAN VETERANS BLVD,NASHVILLE,TN,37201,4047,CENTRA,36.1576,-86.7724,POINT (-86.7724 36.1576)
20190188760,03/10/2019 12:10:00 PM,2,0,0,,N,343522,4,ANGLE,21,CLEAR,1,DAYLIGHT,12,MOTOR VEHICLE IN TRANSPORT,HIGHWAY 70S & OLD HARDING PKE,NASHVILLE,TN,37221,4901,WEST,36.0743,-86.9215,POINT (-86.9215 36.0743)
20190324852,04/27/2019 01:50:00 PM,1,0,0,,Y,330443,0,NOT COLLISION W/MOTOR VEHICLE-TRANSPORT,21,CLEAR,1,DAYLIGHT,34;63,DITCH;Ran Off Road-Right,CEDAR HILL RD & PACKARD DR,NASHVILLE,TN,37211,8711,SOUTH,36.0637,-86.7031,POINT (-86.7031 36.0637)
20190357334,05/09/2019 05:30:00 PM,2,0,0,,N,352184,4,ANGLE,21,CLEAR,1,DAYLIGHT,12,MOTOR VEHICLE IN TRANSPORT,DONELSON PKE & I40 W ENT RAMP,NASHVILLE,TN,37214,9103,HERMIT,36.143,-86.6667,POINT (-86.6667 36.143)
20190222135,03/22/2019 01:37:00 AM,2,0,0,,N,330433,11,Front to Rear,22,CLOUDY,3,DARK - LIGHTED,12,MOTOR VEHICLE IN TRANSPORT,MM 93 0 I 65,MADISON,TN,37115,17040,MADISO,36.2752,-86.7354,POINT (-86.7354 36.2752)
20190188033,03/10/2019 03:29:00 AM,1,2,0,,N,330444,0,NOT COLLISION W/MOTOR VEHICLE-TRANSPORT,22,CLOUDY,3,DARK - LIGHTED,1;18;64,OTHER OBJECT (NOT FIXED);Ran Off Road-Left,I24 E EXT RAMP & I 24,NASHVILLE,TN,37207,30080,NORTH,36.2378,-86.7872,POINT (-86.7872 36.2378)
20190384942,05/20/2019 10:00:00 AM,3,0,0,,Y,320588,11,Front to Rear,21,CLEAR,1,DAYLIGHT,12,MOTOR VEHICLE IN TRANSPORT,MM 34 8 I 24,JOELTON,TN,37080,33160,NORTH,36.3243,-86.8707,POINT (-86.8707 36.3243)
20190122706,02/14/2019 12:52:00 PM,2,0,0,,N,256502,4,ANGLE,21,CLEAR,1,DAYLIGHT,12,MOTOR VEHICLE IN TRANSPORT,JEFFERSON ST & 10TH AVN,NASHVILLE,TN,37208,4243,NORTH,36.1724,-86.7948,POINT (-86.7948 36.1724)
20190560687,07/27/2019 09:08:00 PM,2,2,0,,N,579971,4,ANGLE,21,CLEAR,3,DARK - LIGHTED,12,MOTOR VEHICLE IN TRANSPORT,RAYWOOD LN & TUSCULUM RD,NASHVILLE,TN,37211,8711,SOUTH,36.0591,-86.7143,POINT (-86.7143 36.0591)
20190392636,05/22/2019 11:34:00 PM,2,0,0,,N,191573,4,ANGLE,21,CLEAR,3,DARK - LIGHTED,12,MOTOR VEHICLE IN TRANSPORT,DEMONBREUN ST & 6TH AVS,NASHVILLE,TN,37203,4061,CENTRA,36.1577,-86.779,POINT (-86.779 36.1577)
20190340823,05/03/2019 01:55:00 PM,1,0,0,,N,226622,0,NOT COLLISION W/MOTOR VEHICLE-TRANSPORT,21,CLEAR,1,DAYLIGHT,18,OTHER OBJECT (NOT FIXED),BRILEY PKWY N ENT RAMP & I 40,NASHVILLE,TN,37209,45061,WEST,36.1539,-86.8495,POINT (-86.8495 36.1539)