Accident Number,Date and Time,Number of Motor Vehicles,Number of Injuries,Number of Fatalities,Property Damage,Hit and Run,Reporting Officer,Collision Type Code,Collision Type Description,Weather Code,Weather Description,Illumination Code,Illumination Description,Harmful Code,Harmful Code Description,Street Address,City,State,ZIP,RPA,Precinct,Latitude,Longitude,Mapped Location
20190456452,06/16/2019 02:44:00 AM,3,0,0,,Y,299261,11,Front to Rear,21,CLEAR,3,DARK - LIGHTED,12,MOTOR VEHICLE IN TRANSPORT,NOLENSVILLE PKE & I440 E EXT RAMP,NASHVILLE,TN,37210,8321,SOUTH,36.1216,-86.7505,POINT (-86.7505 36.1216)
20190289558,04/15/2019 05:31:00 PM,2,1,0,,N,151132,4,ANGLE,21,CLEAR,1,DAYLIGHT,12,MOTOR VEHICLE IN TRANSPORT,FOREST PARK RD & E OLD HICKORY BLVD,MADISON,TN,37115,1627,MADISO,36.2629,-86.7034,POINT (-86.7034 36.2629)
20190566171,07/30/2019 08:17:00 AM,2,0,0,,N,109534,11,Front to Rear,21,CLEAR,1,DAYLIGHT,12,MOTOR VEHICLE IN TRANSPORT,LEBANON PKE & SHUTE LN,HERMITAGE,TN,37076,9535,HERMIT,36.2146,-86.6047,POINT (-86.6047 36.2146)
20190275182,04/10/2019 07:51:00 AM,2,0,0,,N,414731,11,Front to Rear,21,CLEAR,1,DAYLIGHT,12,MOTOR VEHICLE IN TRANSPORT,MM 55 4 I 24,NASHVILLE,TN,37211,8812,SOUTH,36.0901,-86.7031,POINT (-86.7031 36.0901)
20190166918,03/02/2019 02:27:00 PM,2,0,0,,N,320597,5,SIDESWIPE - SAME DIRECTION,22,CLOUDY,1,DAYLIGHT,12,MOTOR VEHICLE IN TRANSPORT,MURFREESBORO PKE & SCOTT VALLEY DR,NASHVILLE,TN,37217,8937,HERMIT,36.0803,-86.6454,POINT (-86.6454 36.0803)
20190549532,07/23/2019 01:05:00 PM,2,0,0,,N,420059,11,Front to Rear,21,CLEAR,1,DAYLIGHT,12,MOTOR VEHICLE IN TRANSPORT,BRENTWOOD EAST DR & NOLENSVILLE PKE,NASHVILLE,TN,37211,8651,MIDTOW,36.0442,-86.7131,POINT (-86.7131 36.0442)
20190225558,03/23/2019 02:55:00 AM,2,0,0,,Y,192378,11,Front to Rear,21,CLEAR,3,DARK - LIGHTED,12,MOTOR VEHICLE IN TRANSPORT,GREYMONT DR & CURREY RD,NASHVILLE,TN,37217,8879,SOUTH,36.1197,-86.7157,POINT (-86.7157 36.1197)
20190187081,03/09/2019 04:47:00 PM,2,0,0,,N,279196,0,NOT COLLISION W/MOTOR VEHICLE-TRANSPORT,2,RAIN,1,DAYLIGHT,16,THROWN OR FALLING OBJECT,MM 40 8 I 24,WHITES CREEK,TN,37189,3226,NORTH,36.2733,-86.7966,POINT (-86.7966 36.2733)
20190362647,05/11/2019 09:00:00 PM,2,0,0,,Y,209173,98,OTHER,21,CLEAR,2,DARK - NOT LIGHTED,14,PARKED MOTOR VEHICLE,WEST RUNNING BROOK RD & HALEYS HOPE CT,NASHVILLE,TN,37221,4709,WEST,36.1191,-86.9326,POINT (-86.9326 36.1191)
20190441379,06/10/2019 02:45:00 PM,2,1,0,,N,206675,4,ANGLE,21,CLEAR,1,DAYLIGHT,12,MOTOR VEHICLE IN TRANSPORT,HARDING PL & GRANNY WHITE PKE,NASHVILLE,TN,37215,6313,MIDTOW,36.0894,-86.8029,POINT (-86.8029 36.0894)
20190205546,03/16/2019 10:54:00 AM,2,0,0,,N,279230,4,ANGLE,21,CLEAR,1,DAYLIGHT,12,MOTOR VEHICLE IN TRANSPORT,NOLENSVILLE PKE & STRASSER DR,NASHVILLE,TN,37211,8659,MIDTOW,36.0601,-86.7164,POINT (-86.7164 36.0601)
20190302338,04/19/2019 12:00:00 AM,2,0,0,,N,298868,4,ANGLE,2,RAIN,1,DAYLIGHT,12,MOTOR VEHICLE IN TRANSPORT,CHEROKEE RD & WEST END AV,NASHVILLE,TN,37205,5209,WEST,36.1311,-86.8383,POINT (-86.8383 36.1311)
20190541381,07/22/2019 12:30:00 AM,2,0,0,,N,298866,5,SIDESWIPE - SAME DIRECTION,21,CLEAR,3,DARK - LIGHTED,12,MOTOR VEHICLE IN TRANSPORT,CHARLOTTE PKE & WHITE BRIDGE PKE,NASHVILLE,TN,37209,5033,WEST,36.15,-86.8584,POINT (-86.8584 36.15)
20190068407,01/26/2019 11:53:00 AM,2,0,0,,Y,591933,4,ANGLE,21,CLEAR,1,DAYLIGHT,13;14,MOTOR VEHICLE IN TRANSPORT-OTHER ROADWAY;PARKED MOTOR VEHICLE,WINDCREST TRL & STONESHORE TRC,ANTIOCH,TN,37013,8907,SOUTH,36.0603,-86.5892,POINT (-86.5892 36.0603)
20190278493,04/11/2019 09:37:00 AM,2,0,0,,N,553957,5,SIDESWIPE - SAME DIRECTION,22,CLOUDY,1,DAYLIGHT,12,MOTOR VEHICLE IN TRANSPORT,MM 212 7 I 40,NASHVILLE,TN,37210,82060,HERMIT,36.143,-86.737,POINT (-86.737 36.143)
20190378704,05/17/2019 05:01:00 PM,2,0,0,,N,206675,11,Front to Rear,21,CLEAR,1,DAYLIGHT,12,MOTOR VEHICLE IN TRANSPORT,OLD HICKORY BLVD & WOODWARD HILLS PL,NASHVILLE,TN,37220,7111,MIDTOW,36.038,-86.7978,POINT (-86.7978 36.038)
20190015537,01/07/2019 06:20:00 AM,2,1,0,,N,262757,6,SIDESWIPE - OPPOSITE DIRECTION,21,CLEAR,2,DARK - NOT LIGHTED,12,MOTOR VEHICLE IN TRANSPORT,BELL RD & NED SHELTON RD,NASHVILLE,TN,37217,8987,HERMIT,36.1048,-86.6285,POINT (-86.6285 36.1048)
20190453278,06/14/2019 05:00:00 PM,2,0,0,,N,807344,5,SIDESWIPE - SAME DIRECTION,21,CLEAR,1,DAYLIGHT,12,MOTOR VEHICLE IN TRANSPORT,JAMES ROBERTSON PKWY & GAY ST,NASHVILLE,TN,37219,4203,CENTRA,36.192,-86.7173,POINT (-86.7173 36.192)
20190328868,04/29/2019 11:30:00 AM,2,0,0,,N,134899,5,SIDESWIPE - SAME DIRECTION,21,CLEAR,1,DAYLIGHT,12,MOTOR VEHICLE IN TRANSPORT,HERMITAGE AV & FAIRFIELD AV,NASHVILLE,TN,37210,9005,HERMIT,36.1539,-86.7564,POINT (-86.7564 36.1539)
20190115222,02/12/2019 07:39:00 AM,2,0,0,,N,306708,5,SIDESWIPE - SAME DIRECTION,22,CLOUDY,1,DAYLIGHT,12,MOTOR VEHICLE IN TRANSPORT,GARTLAND AV & N 12TH ST,NASHVILLE,TN,37206,1211,EAST,36.1793,-86.7469,POINT (-86.7469 36.1793)
20190569575,07/31/2019 02:04:00 PM,2,0,0,,N,134899,11,Front to Rear,21,CLEAR,1,DAYLIGHT,12,MOTOR VEHICLE IN TRANSPORT,BRILEY PKWYN & GLASTONBURY RD,NASHVILLE,TN,37217,8998,HERMIT,36.1372,-86.6996,POINT (-86.6996 36.1372)
20190158978,02/27/2019 02:30:00 PM,2,0,0,,N,179582,16,Rear to Side,21,CLEAR,1,DAYLIGHT,12,MOTOR VEHICLE IN TRANSPORT,PACKARD DR & KEELEY DR,ANTIOCH,TN,37013,8713,SOUTH,36.0629,-86.6975,POINT (-86.6975 36.0629)
20190562602,07/28/2019 07:51:00 PM,2,0,0,,N,179583,4,ANGLE,21,CLEAR,5,DUSK,12,MOTOR VEHICLE IN TRANSPORT,LAWNDALE DR & EAST THOMPSON LN,NASHVILLE,TN,37211,8803,SOUTH,36.1223,-86.7176,POINT (-86.7176 36.1223)
20190516745,07/10/2019 08:14:00 AM,2,0,0,,N,134899,11,Front to Rear,21,CLEAR,1,DAYLIGHT,12,MOTOR VEHICLE IN TRANSPORT,FESSLERS LN & ELM HILL PKE,NASHVILLE,TN,37210,8211,HERMIT,36.1456,-86.744,POINT (-86.744 36.1456)
20190560873,07/27/2019 10:50:00 PM,2,0,0,,N,352196,5,SIDESWIPE - SAME DIRECTION,21,CLEAR,3,DARK - LIGHTED,1;12;36,MOTOR VEHICLE IN TRANSPORT;CONCRETE TRAFFIC BARRIER,MM 58 8 I 24,ANTIOCH,TN,37013,87061,SOUTH,36.0506,-86.6683,POINT (-86.6683 36.0506)
20190028420,01/11/2019 05:03:00 PM,5,3,0,,N,151132,11,Front to Rear,21,CLEAR,3,DARK - LIGHTED,12,MOTOR VEHICLE IN TRANSPORT,BRILEY PKWYW & BRILEY PKWYE,NASHVILLE,TN,37218,3216,NORTH,36.2254,-86.8638,POINT (-86.8638 36.2254)
20190453925,06/14/2019 10:20:00 PM,1,0,0,Y,N,298860,0,NOT COLLISION W/MOTOR VEHICLE-TRANSPORT,21,CLEAR,2,DARK - NOT LIGHTED,30,UTILITY POLE,ROBINSON RD & MERRITT ST,OLD HICKORY,TN,37138,9609,HERMIT,36.2556,-86.6536,POINT (-86.6536 36.2556)
20190118949,02/13/2019 09:46:00 AM,1,1,0,,N,226136,0,NOT COLLISION W/MOTOR VEHICLE-TRANSPORT,21,CLEAR,1,DAYLIGHT,8,PEDESTRIAN,WEST END AV & 23RD AVN,NASHVILLE,TN,37203,5715,MIDTOW,36.1489,-86.8046,POINT (-86.8046 36.1489)
20190412732,05/30/2019 08:05:00 AM,2,0,0,,N,279227,11,Front to Rear,21,CLEAR,1,DAYLIGHT,12,MOTOR VEHICLE IN TRANSPORT,NOLENSVILLE RD & OLD BURKITT RD,ANTIOCH,TN,37013,8767,SOUTH,35.9939,-86.686,POINT (-86.686 35.9939)
20190344013,05/04/2019 11:50:00 PM,1,0,0,,N,192378,0,NOT COLLISION W/MOTOR VEHICLE-TRANSPORT,2,RAIN,2,DARK - NOT LIGHTED,34,DITCH,MCGAVOCK PKE & SCHOOL LN,NASHVILLE,TN,37217,8833,SOUTH,36.1107,-86.7018,POINT (-86.7018 36.1107)
20190126719,02/15/2019 08:50:00 PM,2,1,0,,Y,299269,11,Front to Rear,2,RAIN,3,DARK - LIGHTED,12,MOTOR VEHICLE IN TRANSPORT,MM 87 6 I 65,NASHVILLE,TN,37207,1804,EAST,36.2107,-86.7758,POINT (-86.7758 36.2107)
20190443766,06/11/2019 11:15:00 AM,2,2,0,,N,676834,5,SIDESWIPE - SAME DIRECTION,21,CLEAR,1,DAYLIGHT,12,MOTOR VEHICLE IN TRANSPORT,HAYNES PARK DR & EVE CIR,NASHVILLE,TN,37218,3105,NORTH,36.2097,-86.8341,POINT (-86.8341 36.2097)
20190542362,07/20/2019 11:48:00 AM,2,0,0,,N,620072,4,ANGLE,21,CLEAR,1,DAYLIGHT,12,MOTOR VEHICLE IN TRANSPORT,CHARLOTTE AV & SHORTVIEW AV,NASHVILLE,TN,,5339,NORTH,,,
20190332071,04/30/2019 01:42:00 PM,2,2,0,,N,226136,4,ANGLE,22,CLOUDY,1,DAYLIGHT,12,MOTOR VEHICLE IN TRANSPORT,OLD HICKORY BLVD & STONE BROOK DR,BRENTWOOD,TN,37027,8623,MIDTOW,36.0409,-86.7794,POINT (-86.7794 36.0409)
20190324985,04/27/2019 04:20:00 PM,2,0,0,,N,256423,11,Front to Rear,21,CLEAR,1,DAYLIGHT,12,MOTOR VEHICLE IN TRANSPORT,BRILEY PKWY N EXT RAMP & ASHLAND CITY HW,NASHVILLE,TN,37218,3205,NORTH,36.2088,-86.8706,POINT (-86.8706 36.2088)
20190101160,02/06/2019 07:06:00 PM,2,0,0,,N,298837,11,Front to Rear,2,RAIN,3,DARK - LIGHTED,12,MOTOR VEHICLE IN TRANSPORT,SHELBY AV & S 5TH ST,NASHVILLE,TN,37206,1009,EAST,36.1676,-86.7624,POINT (-86.7624 36.1676)
20190065619,01/25/2019 12:20:00 PM,2,2,0,,N,716886,4,ANGLE,21,CLEAR,1,DAYLIGHT,12,MOTOR VEHICLE IN TRANSPORT,MOUNTAIN SPRINGS RD & MURFREESBORO PKE,ANTIOCH,TN,37013,8867,SOUTH,36.0453,-86.6091,POINT (-86.6091 36.0453)
20190075692,01/29/2019 06:45:00 AM,2,0,0,,N,226622,4,ANGLE,21,CLEAR,1,DAYLIGHT,12,MOTOR VEHICLE IN TRANSPORT,HIGHWAY 70S & BELLEVUE CTR PVTDR,NASHVILLE,TN,37221,4811,WEST,36.0785,-86.9508,POINT (-86.9508 36.0785)
20190230954,03/25/2019 11:23:00 AM,2,0,0,,Y,716886,5,SIDESWIPE - SAME DIRECTION,21,CLEAR,1,DAYLIGHT,12,MOTOR VEHICLE IN TRANSPORT,I24 E ENT RAMP & I 24,NASHVILLE,TN,37213,1007,CENTRA,36.1662,-86.7659,POINT (-86.7659 36.1662)
20190135205,02/19/2019 09:55:00 AM,2,0,0,,N,226622,4,ANGLE,22,CLOUDY,1,DAYLIGHT,12,MOTOR VEHICLE IN TRANSPORT,CHARLOTTE PKE & OLD CHARLOTTE PKE,NASHVILLE,TN,37209,5009,WEST,36.1318,-86.8958,POINT (-86.8958 36.1318)
20190449290,06/13/2019 09:00:00 AM,2,0,0,,Y,226622,5,SIDESWIPE - SAME DIRECTION,21,CLEAR,1,DAYLIGHT,12,MOTOR VEHICLE IN TRANSPORT,MM 2 2 I 440,NASHVILLE,TN,37215,6006,WEST,36.1272,-86.8152,POINT (-86.8152 36.1272)
20190278069,04/11/2019 06:51:00 AM,2,0,0,,Y,676834,11,Front to Rear,21,CLEAR,1,DAYLIGHT,12,MOTOR VEHICLE IN TRANSPORT,BUENA VISTA PKE & WHITES CREEK PKE,NASHVILLE,TN,37207,3221,NORTH,36.2517,-86.8299,POINT (-86.8299 36.2517)
20190379655,05/17/2019 09:53:00 PM,2,1,0,,Y,212321,11,Front to Rear,21,CLEAR,3,DARK - LIGHTED,12,MOTOR VEHICLE IN TRANSPORT,MM 59 3 I 24,ANTIOCH,TN,37013,87061,SOUTH,36.0459,-86.6601,POINT (-86.6601 36.0459)
20190319865,04/25/2019 03:50:00 PM,2,2,0,,Y,320582,11,Front to Rear,22,CLOUDY,1,DAYLIGHT,12,MOTOR VEHICLE IN TRANSPORT,DICKERSON PKE & GATEWOOD AV,NASHVILLE,TN,37207,1861,EAST,36.2009,-86.7697,POINT (-86.7697 36.2009)
20190238271,03/27/2019 12:00:00 AM,2,3,0,,N,279196,4,ANGLE,21,CLEAR,1,DAYLIGHT,12,MOTOR VEHICLE IN TRANSPORT,OLD HICKORY BLVDW & BEVERLY DR,MADISON,TN,37115,1749,MADISO,36.2641,-86.7252,POINT (-86.7252 36.2641)
20190032372,01/13/2019 10:55:00 AM,2,0,0,,N,630627,5,SIDESWIPE - SAME DIRECTION,22,CLOUDY,1,DAYLIGHT,12,MOTOR VEHICLE IN TRANSPORT,CHURCH ST & 15TH AVN,NASHVILLE,TN,37203,5517,MIDTOW,36.1574,-86.7926,POINT (-86.7926 36.1574)
20190240286,03/28/2019 10:46:00 AM,2,1,0,,N,332216,4,ANGLE,21,CLEAR,1,DAYLIGHT,12,MOTOR VEHICLE IN TRANSPORT,2ND AVS & I40 W EXT RAMP,NASHVILLE,TN,37210,4003,CENTRA,36.1518,-86.7686,POINT (-86.7686 36.1518)
20190115071,02/12/2019 06:10:00 AM,2,0,0,,Y,299274,5,SIDESWIPE - SAME DIRECTION,2,RAIN,4,DAWN,12;24,MOTOR VEHICLE IN TRANSPORT;GUARDRAIL FACE,BRILEY PKWYN & BRILEY PKWYS,NASHVILLE,TN,37211,8404,SOUTH,36.1092,-86.727,POINT (-86.727 36.1092)
20190322579,04/26/2019 12:25:00 PM,2,0,0,,Y,169422,5,SIDESWIPE - SAME DIRECTION,21,CLEAR,1,DAYLIGHT,14,PARKED MOTOR VEHICLE,S 2ND ST & VICTORY AV,NASHVILLE,TN,37213,1103,CENTRA,36.1653,-86.7685,POINT (-86.7685 36.1653)
20190347490,05/06/2019 01:08:00 PM,2,0,0,,Y,352158,4,ANGLE,21,CLEAR,1,DAYLIGHT,12,MOTOR VEHICLE IN TRANSPORT,HARDING PL & COVENTRY DR,NASHVILLE,TN,37211,8609,MIDTOW,36.0789,-86.7284,POINT (-86.7284 36.0789)
20190394148,05/23/2019 11:00:00 AM,2,0,0,,N,676834,11,Front to Rear,21,CLEAR,1,DAYLIGHT,12,MOTOR VEHICLE IN TRANSPORT,MM 87 4 I 65,NASHVILLE,TN,37207,1804,EAST,36.2081,-86.7761,POINT (-86.7761 36.2081)
20190576746,08/03/2019 06:42:00 AM,2,2,0,,Y,633381,4,ANGLE,21,CLEAR,1,DAYLIGHT,12,MOTOR VEHICLE IN TRANSPORT,HAYWOOD LN & APACHE TRL,NASHVILLE,TN,37211,8707,SOUTH,36.0696,-86.6939,POINT (-86.6939 36.0696)
20190547223,07/22/2019 04:20:00 PM,3,0,0,,N,256383,2,HEAD-ON,2,RAIN,1,DAYLIGHT,12,MOTOR VEHICLE IN TRANSPORT,SUMMERCREST & MURFREESBORO,ANTIOCH,TN,37013,8869,SOUTH,36.0255,-86.5874,POINT (-86.5874 36.0255)
20190038605,01/15/2019 05:00:00 PM,2,0,0,,N,311328,11,Front to Rear,21,CLEAR,3,DARK - LIGHTED,12,MOTOR VEHICLE IN TRANSPORT,MM 208 2 I 40,NASHVILLE,TN,37208,54023,NORTH,36.1681,-86.7964,POINT (-86.7964 36.1681)
20190197920,03/13/2019 12:00:00 AM,2,0,0,,N,298877,11,Front to Rear,21,CLEAR,1,DAYLIGHT,12,MOTOR VEHICLE IN TRANSPORT,I24 E EXT RAMP & I 24,NASHVILLE,TN,37207,30080,NORTH,36.2378,-86.7872,POINT (-86.7872 36.2378)
20190238643,03/27/2019 08:21:00 PM,1,0,0,,N,256439,0,NOT COLLISION W/MOTOR VEHICLE-TRANSPORT,21,CLEAR,2,DARK - NOT LIGHTED,11,OTHER ANIMAL,ELM HILL PKE & EMERY DR,NASHVILLE,TN,37214,9103,HERMIT,36.1517,-86.677,POINT (-86.677 36.1517)
20190008845,01/04/2019 07:36:00 AM,2,0,0,,N,109534,11,Front to Rear,2,RAIN,1,DAYLIGHT,12,MOTOR VEHICLE IN TRANSPORT,I40 W EXT RAMP & I 40,NASHVILLE,TN,37203,4119,CENTRA,36.1574,-86.79,POINT (-86.79 36.1574)
20190019870,01/08/2019 06:36:00 PM,2,0,0,,Y,256383,11,Front to Rear,21,CLEAR,3,DARK - LIGHTED,12,MOTOR VEHICLE IN TRANSPORT,BRILEY PKWYN & BRILEY PKWYS,NASHVILLE,TN,37211,8404,SOUTH,36.1092,-86.727,POINT (-86.727 36.1092)
20190147230,02/23/2019 09:06:00 AM,2,1,0,,N,109527,4,ANGLE,2,RAIN,1,DAYLIGHT,12,MOTOR VEHICLE IN TRANSPORT,BELL RD & STEWARTS FERRY PKE,NASHVILLE,TN,37214,8959,HERMIT,36.1522,-86.6251,POINT (-86.6251 36.1522)
20190205950,03/16/2019 03:28:00 PM,1,1,0,,N,256423,0,NOT COLLISION W/MOTOR VEHICLE-TRANSPORT,21,CLEAR,1,DAYLIGHT,1;25;36,GUARDRAIL END;CONCRETE TRAFFIC BARRIER,MM 42 7 I 24,NASHVILLE,TN,37207,20160,MADISO,36.249,-86.7836,POINT (-86.7836 36.249)
20190509711,07/07/2019 01:53:00 AM,1,1,0,Y,N,110064,0,NOT COLLISION W/MOTOR VEHICLE-TRANSPORT,21,CLEAR,3,DARK - LIGHTED,42,TREE,SHIHMEN DR & PENNY BRINK DR,ANTIOCH,TN,37013,8713,SOUTH,36.0544,-86.6812,POINT (-86.6812 36.0544)
20190094430,02/04/2019 05:50:00 PM,4,1,0,,Y,109536,4,ANGLE,2,RAIN,3,DARK - LIGHTED,12,MOTOR VEHICLE IN TRANSPORT,BRILEY PKWYW & SAUNDERS AV,MADISON,TN,37115,15940,MADISO,36.2375,-86.732,POINT (-86.732 36.2375)
20190440725,06/10/2019 08:37:00 AM,2,0,0,,Y,375570,4,ANGLE,21,CLEAR,1,DAYLIGHT,12,MOTOR VEHICLE IN TRANSPORT,ANDERSON LN & MYATT DR,MADISON,TN,37115,1713,MADISO,36.2721,-86.689,POINT (-86.689 36.2721)
20190152721,02/25/2019 02:49:00 PM,2,0,0,,Y,256379,11,Front to Rear,21,CLEAR,1,DAYLIGHT,12,MOTOR VEHICLE IN TRANSPORT,MCCANN ST & 4TH AVS,NASHVILLE,TN,37210,8153,SOUTH,36.1498,-86.7696,POINT (-86.7696 36.1498)
20190012886,01/06/2019 12:15:00 AM,1,0,0,,Y,256492,0,NOT COLLISION W/MOTOR VEHICLE-TRANSPORT,21,CLEAR,3,DARK - LIGHTED,24,GUARDRAIL FACE,MM 219 1 I 40,NASHVILLE,TN,37214,94022,HERMIT,36.1572,-86.6272,POINT (-86.6272 36.1572)
20190168139,03/03/2019 02:59:00 AM,2,1,0,,N,197067,6,SIDESWIPE - OPPOSITE DIRECTION,21,CLEAR,3,DARK - LIGHTED,12,MOTOR VEHICLE IN TRANSPORT,1ST AVS & DEMONBREUN ST,NASHVILLE,TN,37201,4049,CENTRA,36.1611,-86.7736,POINT (-86.7736 36.1611)
20190422756,06/03/2019 10:19:00 AM,2,0,0,,Y,352178,5,SIDESWIPE - SAME DIRECTION,21,CLEAR,1,DAYLIGHT,12,MOTOR VEHICLE IN TRANSPORT,21ST AVS & BLAKEMORE AV,NASHVILLE,TN,37212,5825,MIDTOW,36.1376,-86.8008,POINT (-86.8008 36.1376)
20190338201,05/02/2019 03:00:00 PM,2,0,0,,N,320585,11,Front to Rear,21,CLEAR,1,DAYLIGHT,12,MOTOR VEHICLE IN TRANSPORT,HERMITAGE AV & LINDSLEY AV,NASHVILLE,TN,37210,4001,CENTRA,36.155,-86.7639,POINT (-86.7639 36.155)
20190031196,01/12/2019 09:30:00 PM,1,0,0,Y,N,717341,0,NOT COLLISION W/MOTOR VEHICLE-TRANSPORT,2,RAIN,3,DARK - LIGHTED,43,OTHER FIXED OBJECTS,ANTIOCH PKE & HARDING INDUSTRIAL DR,NASHVILLE,TN,37211,8845,SOUTH,36.0941,-86.6996,POINT (-86.6996 36.0941)
20190292183,04/16/2019 12:42:00 PM,2,0,0,,Y,109534,11,Front to Rear,21,CLEAR,1,DAYLIGHT,12;99,MOTOR VEHICLE IN TRANSPORT;UNKNOWN MOST HARMFUL EVENT,ELM HILL PKE & FESSLERS LN,NASHVILLE,TN,37210,8217,HERMIT,36.1447,-86.744,POINT (-86.744 36.1447)
20190010712,01/04/2019 11:23:00 PM,1,1,0,,N,256376,0,NOT COLLISION W/MOTOR VEHICLE-TRANSPORT,22,CLOUDY,3,DARK - LIGHTED,36,CONCRETE TRAFFIC BARRIER,I40 W ENT RAMP & I 65,NASHVILLE,TN,37208,44040,NORTH,36.1768,-86.801,POINT (-86.801 36.1768)
20190273454,04/09/2019 05:04:00 PM,2,1,0,,N,240957,5,SIDESWIPE - SAME DIRECTION,21,CLEAR,1,DAYLIGHT,12,MOTOR VEHICLE IN TRANSPORT,NOLENSVILLE PKE & FAIRLANE DR,NASHVILLE,TN,37211,8711,SOUTH,36.0645,-86.7172,POINT (-86.7172 36.0645)
20190072777,01/28/2019 09:31:00 AM,3,1,0,,Y,161952,11,Front to Rear,21,CLEAR,1,DAYLIGHT,12;71,MOTOR VEHICLE IN TRANSPORT;EMBANKMENT EARTH,MM 38 2 I 24,WHITES CREEK,TN,37189,2212,NORTH,36.3069,-86.8181,POINT (-86.8181 36.3069)
20190554947,07/25/2019 11:56:00 AM,2,0,0,,Y,226622,6,SIDESWIPE - OPPOSITE DIRECTION,21,CLEAR,1,DAYLIGHT,12,MOTOR VEHICLE IN TRANSPORT,48TH AVN & TENNESSEE AV,NASHVILLE,TN,37209,4573,WEST,36.1611,-86.8452,POINT (-86.8452 36.1611)
20190203525,03/15/2019 02:51:00 PM,3,0,0,,N,256383,11,Front to Rear,21,CLEAR,1,DAYLIGHT,12,MOTOR VEHICLE IN TRANSPORT,MM 57 0 I 24,NASHVILLE,TN,37211,8708,SOUTH,36.0695,-86.6897,POINT (-86.6897 36.0695)
20190123293,02/14/2019 05:52:00 PM,2,0,0,,N,311803,11,Front to Rear,21,CLEAR,3,DARK - LIGHTED,12,MOTOR VEHICLE IN TRANSPORT,MM 79 7 I 65,NASHVILLE,TN,37204,8504,MIDTOW,36.1092,-86.7698,POINT (-86.7698 36.1092)
20190492634,06/30/2019 04:39:00 AM,1,1,0,,N,330420,0,NOT COLLISION W/MOTOR VEHICLE-TRANSPORT,21,CLEAR,3,DARK - LIGHTED,31,"OTHER POST, POLE, SUPP.",MCGAVOCK PKE & MCGAVOCK PKE WB ENT RAMP,NASHVILLE,TN,37214,9288,HERMIT,36.2169,-86.6935,POINT (-86.6935 36.2169)
20190005870,01/03/2019 07:06:00 AM,2,1,0,,N,191578,11,Front to Rear,22,CLOUDY,1,DAYLIGHT,12,MOTOR VEHICLE IN TRANSPORT,MM 214 2 I 40,NASHVILLE,TN,37210,90062,HERMIT,36.1424,-86.7107,POINT (-86.7107 36.1424)
20190103086,02/07/2019 12:50:00 PM,2,1,0,,N,633385,4,ANGLE,21,CLEAR,1,DAYLIGHT,12,MOTOR VEHICLE IN TRANSPORT,BELL RD & BLUE HOLE RD,ANTIOCH,TN,37013,8719,SOUTH,36.0458,-86.6744,POINT (-86.6744 36.0458)
20190539099,07/19/2019 05:45:00 AM,2,0,0,,N,169414,11,Front to Rear,21,CLEAR,1,DAYLIGHT,12,MOTOR VEHICLE IN TRANSPORT,MM 58 8 I 24,ANTIOCH,TN,37013,87061,SOUTH,36.0506,-86.6683,POINT (-86.6683 36.0506)
20190357320,05/09/2019 08:41:00 PM,2,0,0,,N,352197,4,ANGLE,21,CLEAR,3,DARK - LIGHTED,12,MOTOR VEHICLE IN TRANSPORT,MURFREESBORO PKE & LAKEVILLA DR,ANTIOCH,TN,37013,8861,SOUTH,36.0767,-86.6409,POINT (-86.6409 36.0767)
20190181028,03/07/2019 10:54:00 AM,2,0,0,,N,134899,11,Front to Rear,21,CLEAR,1,DAYLIGHT,12,MOTOR VEHICLE IN TRANSPORT,ELM HILL PKE EB EXT RAMP & ELM HILL PKE,NASHVILLE,TN,37210,9039,HERMIT,36.1513,-86.6916,POINT (-86.6916 36.1513)
20190557885,07/26/2019 12:00:00 AM,2,0,0,,N,298877,5,SIDESWIPE - SAME DIRECTION,21,CLEAR,1,DAYLIGHT,12,MOTOR VEHICLE IN TRANSPORT,MM 57 3 I 24,ANTIOCH,TN,37013,88080,SOUTH,36.0663,-86.6861,POINT (-86.6861 36.0663)
20190322347,04/26/2019 11:06:00 AM,2,0,0,,N,462474,11,Front to Rear,21,CLEAR,1,DAYLIGHT,12,MOTOR VEHICLE IN TRANSPORT,HARDING PL & TROUSDALE DR,NASHVILLE,TN,37220,8601,MIDTOW,36.0811,-86.7584,POINT (-86.7584 36.0811)
20190035800,01/14/2019 07:20:00 PM,2,6,1,,N,240979,11,Front to Rear,21,CLEAR,3,DARK - LIGHTED,12,MOTOR VEHICLE IN TRANSPORT,NORTHSIDE DR & GALLATIN PKEN,MADISON,TN,37115,1731,MADISO,36.3057,-86.6875,POINT (-86.6875 36.3057)
20190489193,06/28/2019 04:57:00 PM,4,1,0,,N,725756,11,Front to Rear,21,CLEAR,1,DAYLIGHT,12,MOTOR VEHICLE IN TRANSPORT,HIGHWAY 70S & CHARLOTTE PKE,NASHVILLE,TN,37221,4709,WEST,36.0917,-86.9812,POINT (-86.9812 36.0917)
20190246115,03/30/2019 12:05:00 PM,2,0,0,,N,462474,4,ANGLE,22,CLOUDY,1,DAYLIGHT,12,MOTOR VEHICLE IN TRANSPORT,OLD HICKORY BLVD & STONE BROOK DR,BRENTWOOD,TN,37027,8623,MIDTOW,36.0409,-86.7794,POINT (-86.7794 36.0409)
20190412179,05/30/2019 05:34:00 AM,2,0,0,,N,197053,4,ANGLE,21,CLEAR,1,DAYLIGHT,12;36,MOTOR VEHICLE IN TRANSPORT;CONCRETE TRAFFIC BARRIER,MM 54 2 I 24,NASHVILLE,TN,37211,88122,SOUTH,36.1038,-86.7151,POINT (-86.7151 36.1038)