Accident Number,Date and Time,Number of Motor Vehicles,Number of Injuries,Number of Fatalities,Property Damage,Hit and Run,Reporting Officer,Collision Type Code,Collision Type Description,Weather Code,Weather Description,Illumination Code,Illumination Description,Harmful Code,Harmful Code Description,Street Address,City,State,ZIP,RPA,Precinct,Latitude,Longitude,Mapped Location
20190550423,07/23/2019 06:10:00 PM,2,0,0,,N,140777,4,ANGLE,21,CLEAR,1,DAYLIGHT,12,MOTOR VEHICLE IN TRANSPORT,29TH AVN & POSTON AV,NASHVILLE,TN,37203,5625,MIDTOW,36.1465,-86.8147,POINT (-86.8147 36.1465)
20190222112,03/21/2019 10:55:00 PM,2,0,0,Y,Y,110090,11,Front to Rear,21,CLEAR,3,DARK - LIGHTED,12;18,MOTOR VEHICLE IN TRANSPORT;OTHER OBJECT (NOT FIXED),EAGLE VIEW BLVD & BELL RD,ANTIOCH,TN,37013,8865,SOUTH,36.0486,-86.6461,POINT (-86.6461 36.0486)
20190574692,08/02/2019 12:31:00 PM,2,1,0,,N,256428,4,ANGLE,21,CLEAR,1,DAYLIGHT,12,MOTOR VEHICLE IN TRANSPORT,WOODLAND ST & S 9TH ST,NASHVILLE,TN,37206,1119,EAST,36.1749,-86.7569,POINT (-86.7569 36.1749)
20190465433,06/19/2019 03:20:00 PM,3,1,0,,N,352207,11,Front to Rear,21,CLEAR,1,DAYLIGHT,12,MOTOR VEHICLE IN TRANSPORT,ESTES RD & AUBURN LN,NASHVILLE,TN,37215,6103,WEST,36.114,-86.8368,POINT (-86.8368 36.114)
20190257137,04/03/2019 12:53:00 PM,2,0,0,,N,834798,5,SIDESWIPE - SAME DIRECTION,21,CLEAR,1,DAYLIGHT,12,MOTOR VEHICLE IN TRANSPORT,WEST END AV & I440 E ENT RAMP,NASHVILLE,TN,37205,6007,WEST,36.1364,-86.822,POINT (-86.822 36.1364)
20190090205,02/02/2019 11:53:00 PM,2,0,0,,N,298875,11,Front to Rear,21,CLEAR,3,DARK - LIGHTED,12,MOTOR VEHICLE IN TRANSPORT,UNA ANTIOCH PKE & RICHARDS RD,ANTIOCH,TN,37013,8861,SOUTH,36.0599,-86.6676,POINT (-86.6676 36.0599)
20190097633,02/05/2019 04:59:00 PM,1,0,0,Y,Y,320594,0,NOT COLLISION W/MOTOR VEHICLE-TRANSPORT,21,CLEAR,5,DUSK,40,MAIL BOX,MOSSDALE DR & RURAL HILL RD,NASHVILLE,TN,37217,8963,HERMIT,36.0804,-86.6245,POINT (-86.6245 36.0804)
20190302109,04/19/2019 01:32:00 PM,2,1,0,,N,109534,4,ANGLE,22,CLOUDY,1,DAYLIGHT,12,MOTOR VEHICLE IN TRANSPORT,LEBANON PKE & DONELSON PKE,NASHVILLE,TN,37214,9311,HERMIT,36.1676,-86.6633,POINT (-86.6633 36.1676)
20190511766,07/08/2019 06:42:00 AM,2,0,0,,N,267848,4,ANGLE,21,CLEAR,1,DAYLIGHT,12,MOTOR VEHICLE IN TRANSPORT,LEBANON PKE & THE CROSSINGS PVTDR,NASHVILLE,TN,37214,9121,HERMIT,36.169,-86.6833,POINT (-86.6833 36.169)
20190573160,08/01/2019 09:14:00 PM,2,0,0,,Y,256383,11,Front to Rear,21,CLEAR,2,DARK - NOT LIGHTED,12,MOTOR VEHICLE IN TRANSPORT,MM 60 3 I 24,ANTIOCH,TN,37013,8704,SOUTH,36.037,-86.6459,POINT (-86.6459 36.037)
20190304624,04/20/2019 02:54:00 PM,1,0,0,,Y,320585,0,NOT COLLISION W/MOTOR VEHICLE-TRANSPORT,99,UNKNOWN,9,UNKNOWN,30,UTILITY POLE,ROYAL PKWY & RACHEL DR,NASHVILLE,TN,37214,9103,HERMIT,36.147,-86.6722,POINT (-86.6722 36.147)
20190019067,01/08/2019 12:54:00 PM,2,0,0,,N,226622,11,Front to Rear,21,CLEAR,1,DAYLIGHT,12,MOTOR VEHICLE IN TRANSPORT,I40 W ENT RAMP & I 40,NASHVILLE,TN,37210,9007,HERMIT,36.1484,-86.7454,POINT (-86.7454 36.1484)
20190506877,07/05/2019 03:50:00 PM,1,1,0,,N,311327,0,NOT COLLISION W/MOTOR VEHICLE-TRANSPORT,21,CLEAR,1,DAYLIGHT,8,PEDESTRIAN,JOYCE LN & GRINSTEAD PL,NASHVILLE,TN,37216,1801,EAST,36.2338,-86.729,POINT (-86.729 36.2338)
20190056923,01/22/2019 12:06:00 PM,2,0,0,,Y,151132,5,SIDESWIPE - SAME DIRECTION,21,CLEAR,1,DAYLIGHT,14,PARKED MOTOR VEHICLE,GALLATIN PKEN & RIVERCHASE BLVD,MADISON,TN,37115,1721,MADISO,36.3086,-86.6815,POINT (-86.6815 36.3086)
20190084018,01/31/2019 05:04:00 PM,2,0,0,,Y,151132,5,SIDESWIPE - SAME DIRECTION,21,CLEAR,1,DAYLIGHT,12,MOTOR VEHICLE IN TRANSPORT,GALLATIN PKES & DUE WEST AVW,MADISON,TN,37115,1519,MADISO,36.2475,-86.7207,POINT (-86.7207 36.2475)
20190338522,05/02/2019 04:53:00 PM,2,0,0,,N,256383,5,SIDESWIPE - SAME DIRECTION,22,CLOUDY,1,DAYLIGHT,12,MOTOR VEHICLE IN TRANSPORT,MM 55 5 I 24,NASHVILLE,TN,37211,8812,SOUTH,36.0886,-86.7019,POINT (-86.7019 36.0886)
20190360790,05/11/2019 01:21:00 AM,1,0,0,Y,Y,173951,0,NOT COLLISION W/MOTOR VEHICLE-TRANSPORT,2,RAIN,3,DARK - LIGHTED,40,MAIL BOX,MALLOW DR & WARRIOR RD,MADISON,TN,37115,1635,MADISO,36.2586,-86.6798,POINT (-86.6798 36.2586)
20190557117,07/26/2019 07:55:00 AM,2,3,0,,N,544481,4,ANGLE,21,CLEAR,1,DAYLIGHT,12,MOTOR VEHICLE IN TRANSPORT,GALLATIN PKE & E TRINITY LN,NASHVILLE,TN,37216,1837,EAST,36.205,-86.7376,POINT (-86.7376 36.205)
20190453076,06/14/2019 03:19:00 PM,2,0,0,,N,405418,11,Front to Rear,21,CLEAR,1,DAYLIGHT,12,MOTOR VEHICLE IN TRANSPORT,OLD HICKORY BLVD & HILLSBORO PKE,BRENTWOOD,TN,37027,6301,MIDTOW,36.0473,-86.8627,POINT (-86.8627 36.0473)
20190582346,08/05/2019 12:00:00 AM,3,0,0,,Y,256383,4,ANGLE,99,UNKNOWN,9,UNKNOWN,14,PARKED MOTOR VEHICLE,NOLENSVILLE PKE & ROSEDALE AV,NASHVILLE,TN,37210,8101,SOUTH,36.1253,-86.7523,POINT (-86.7523 36.1253)
20190270549,04/08/2019 05:10:00 PM,3,0,0,,N,279124,11,Front to Rear,21,CLEAR,1,DAYLIGHT,12,MOTOR VEHICLE IN TRANSPORT,MCGAVOCK PKE & SCHOOL LN,NASHVILLE,TN,37217,8833,SOUTH,36.1107,-86.7018,POINT (-86.7018 36.1107)
20190071543,01/27/2019 11:45:00 PM,1,0,0,,N,279195,0,NOT COLLISION W/MOTOR VEHICLE-TRANSPORT,21,CLEAR,2,DARK - NOT LIGHTED,50,DEER (ANIMAL),NED SHELTON RD & BELL RD,NASHVILLE,TN,37217,8987,HERMIT,36.1072,-86.6298,POINT (-86.6298 36.1072)
20190487267,06/27/2019 11:01:00 PM,2,0,0,,Y,330416,4,ANGLE,2,RAIN,3,DARK - LIGHTED,12,MOTOR VEHICLE IN TRANSPORT,MASONWOOD DR & MOOREWOOD DR,NASHVILLE,TN,37207,2033,MADISO,36.2422,-86.7733,POINT (-86.7733 36.2422)
20190298291,04/18/2019 08:14:00 AM,2,0,0,,N,222647,4,ANGLE,22,CLOUDY,1,DAYLIGHT,12,MOTOR VEHICLE IN TRANSPORT,3RD AVN & COMMERCE ST,NASHVILLE,TN,37201,4105,CENTRA,36.1627,-86.7767,POINT (-86.7767 36.1627)
20190285676,04/14/2019 04:45:00 AM,1,0,0,,N,169414,0,NOT COLLISION W/MOTOR VEHICLE-TRANSPORT,2,RAIN,2,DARK - NOT LIGHTED,36,CONCRETE TRAFFIC BARRIER,MM 56 7 I 24,NASHVILLE,TN,37211,8810,SOUTH,36.0726,-86.6916,POINT (-86.6916 36.0726)
20190031635,01/13/2019 01:40:00 AM,2,0,0,,N,280010,6,SIDESWIPE - OPPOSITE DIRECTION,2,RAIN,3,DARK - LIGHTED,14,PARKED MOTOR VEHICLE,BENT TREE  PVTDR & HICKORY HOLLOW TER,ANTIOCH,TN,37013,8861,SOUTH,36.0526,-86.6481,POINT (-86.6481 36.0526)
20190089060,02/02/2019 11:46:00 AM,2,0,0,,N,320586,11,Front to Rear,21,CLEAR,1,DAYLIGHT,12,MOTOR VEHICLE IN TRANSPORT,THOMPSON LN & NOLENSVILLE PKE,NASHVILLE,TN,37211,8519,MIDTOW,36.1109,-86.7452,POINT (-86.7452 36.1109)
20190047048,01/18/2019 12:35:00 PM,2,1,0,,N,224955,11,Front to Rear,22,CLOUDY,1,DAYLIGHT,12,MOTOR VEHICLE IN TRANSPORT,GALLATIN PKEN & CONFERENCE DR,MADISON,TN,37115,1731,MADISO,36.3026,-86.692,POINT (-86.692 36.3026)
20190446564,06/12/2019 10:25:00 AM,2,0,0,,N,226622,4,ANGLE,22,CLOUDY,1,DAYLIGHT,12,MOTOR VEHICLE IN TRANSPORT,BROOK HOLLOW RD & CHARLOTTE PKE,NASHVILLE,TN,37205,5013,WEST,36.1358,-86.8852,POINT (-86.8852 36.1358)
20190454782,06/15/2019 07:54:00 AM,2,0,0,,N,212325,11,Front to Rear,21,CLEAR,1,DAYLIGHT,12,MOTOR VEHICLE IN TRANSPORT,E PALESTINE AV & GALLATIN PKES,MADISON,TN,37115,1507,MADISO,36.2491,-86.718,POINT (-86.718 36.2491)
20190149219,02/24/2019 12:00:00 AM,2,0,0,,Y,284059,6,SIDESWIPE - OPPOSITE DIRECTION,21,CLEAR,3,DARK - LIGHTED,14,PARKED MOTOR VEHICLE,BRIARWICK DR & VIKING RD,NASHVILLE,TN,37218,3173,NORTH,36.1792,-86.8364,POINT (-86.8364 36.1792)
20190359023,05/10/2019 11:20:00 AM,1,0,0,Y,N,538214,0,NOT COLLISION W/MOTOR VEHICLE-TRANSPORT,22,CLOUDY,1,DAYLIGHT,75,Bridge/Overhead Structure,8TH AVS & GLEAVES ST,NASHVILLE,TN,37203,4009,CENTRA,36.1518,-86.7793,POINT (-86.7793 36.1518)
20190085682,02/01/2019 06:46:00 AM,12,1,0,,N,279116,98,OTHER,22,CLOUDY,1,DAYLIGHT,12,MOTOR VEHICLE IN TRANSPORT,MM 4 2 I 440,NASHVILLE,TN,37204,7012,MIDTOW,36.116,-86.7861,POINT (-86.7861 36.116)
20190532271,07/16/2019 03:46:00 PM,2,0,0,,N,772946,4,ANGLE,21,CLEAR,1,DAYLIGHT,13,MOTOR VEHICLE IN TRANSPORT-OTHER ROADWAY,OLD LEBANON DIRT RD & TULIP GROVE RD,HERMITAGE,TN,37076,9559,HERMIT,36.1891,-86.5936,POINT (-86.5936 36.1891)
20190511901,07/08/2019 08:53:00 AM,3,1,0,,N,591936,11,Front to Rear,21,CLEAR,1,DAYLIGHT,12,MOTOR VEHICLE IN TRANSPORT,FRANKLIN PKE & GLEN LEVEN DR,NASHVILLE,TN,37204,7017,MIDTOW,36.1036,-86.7726,POINT (-86.7726 36.1036)
20190277733,04/11/2019 03:26:00 AM,2,0,0,,Y,415780,11,Front to Rear,21,CLEAR,3,DARK - LIGHTED,12,MOTOR VEHICLE IN TRANSPORT,1 FRANKLIN PKE,NASHVILLE,TN,37204,6921,MIDTOW,36.1209,-86.7745,POINT (-86.7745 36.1209)
20190444385,06/11/2019 04:15:00 PM,2,0,0,,N,256383,2,HEAD-ON,21,CLEAR,1,DAYLIGHT,12;14,MOTOR VEHICLE IN TRANSPORT;PARKED MOTOR VEHICLE,OLD HICKORY BLVD & NOLENSVILLE PKE,ANTIOCH,TN,37013,8757,SOUTH,36.0455,-86.7122,POINT (-86.7122 36.0455)
20190446530,06/12/2019 10:03:00 AM,2,0,0,,N,462474,4,ANGLE,22,CLOUDY,1,DAYLIGHT,12,MOTOR VEHICLE IN TRANSPORT,WEDGEWOOD AV & BEECH AV,NASHVILLE,TN,37204,6919,MIDTOW,36.1343,-86.7806,POINT (-86.7806 36.1343)
20190368880,05/14/2019 01:10:00 PM,2,0,0,,N,429205,11,Front to Rear,21,CLEAR,1,DAYLIGHT,12,MOTOR VEHICLE IN TRANSPORT,SHELBY AV & I24 E EXT RAMP,NASHVILLE,TN,37213,1007,CENTRA,36.1664,-86.7654,POINT (-86.7654 36.1664)
20190296373,04/17/2019 05:14:00 PM,1,1,0,,N,256380,0,NOT COLLISION W/MOTOR VEHICLE-TRANSPORT,21,CLEAR,1,DAYLIGHT,1,,MM 36 9 I 24,WHITES CREEK,TN,37189,33180,NORTH,36.3167,-86.8347,POINT (-86.8347 36.3167)
20190391012,05/22/2019 11:34:00 AM,2,2,0,,N,493304,4,ANGLE,21,CLEAR,1,DAYLIGHT,12,MOTOR VEHICLE IN TRANSPORT,MADISON BLVD & GALLATIN PKES,MADISON,TN,37115,1625,MADISO,36.255,-86.7152,POINT (-86.7152 36.255)
20190064557,01/25/2019 03:45:00 AM,1,0,0,,N,169414,0,NOT COLLISION W/MOTOR VEHICLE-TRANSPORT,21,CLEAR,3,DARK - LIGHTED,50,DEER (ANIMAL),BELL RD & BRENTRIDGE DR,ANTIOCH,TN,37013,8755,SOUTH,36.0465,-86.6834,POINT (-86.6834 36.0465)
20190489284,06/28/2019 05:25:00 PM,2,0,0,,Y,330431,11,Front to Rear,21,CLEAR,1,DAYLIGHT,12,MOTOR VEHICLE IN TRANSPORT,WHITES CREEK PKE & LANE DR,NASHVILLE,TN,37207,3025,NORTH,36.2234,-86.806,POINT (-86.806 36.2234)
20190106171,02/08/2019 03:02:00 PM,2,0,0,,N,134899,11,Front to Rear,21,CLEAR,1,DAYLIGHT,12,MOTOR VEHICLE IN TRANSPORT,LEBANON PKE & DONELSON PKE,NASHVILLE,TN,37214,9311,HERMIT,36.1676,-86.6633,POINT (-86.6633 36.1676)
20190104726,02/08/2019 01:52:00 AM,2,0,0,Y,N,299254,4,ANGLE,21,CLEAR,3,DARK - LIGHTED,12;14;40,MOTOR VEHICLE IN TRANSPORT;PARKED MOTOR VEHICLE;MAIL BOX,KEELEY DR & SUZANNE DR,ANTIOCH,TN,37013,8713,SOUTH,36.0585,-86.6937,POINT (-86.6937 36.0585)
20190338401,05/02/2019 04:45:00 PM,2,0,0,,N,267831,4,ANGLE,21,CLEAR,1,DAYLIGHT,12,MOTOR VEHICLE IN TRANSPORT,CHARLOTTE PKE & CABOT DR,NASHVILLE,TN,37209,4677,WEST,36.2336,-86.7283,POINT (-86.7283 36.2336)
20190010435,01/04/2019 09:00:00 PM,2,0,0,,Y,206675,11,Front to Rear,21,CLEAR,3,DARK - LIGHTED,14,PARKED MOTOR VEHICLE,19TH AVS & DIVISION ST,NASHVILLE,TN,37203,5711,MIDTOW,36.1505,-86.7961,POINT (-86.7961 36.1505)
20190224343,03/22/2019 06:18:00 PM,2,0,0,,Y,151132,5,SIDESWIPE - SAME DIRECTION,21,CLEAR,1,DAYLIGHT,12,MOTOR VEHICLE IN TRANSPORT,I65 N ENT RAMP & I 65,NASHVILLE,TN,37207,1829,EAST,36.209,-86.7759,POINT (-86.7759 36.209)
20190366906,05/13/2019 12:00:00 AM,2,1,0,,N,299258,11,Front to Rear,21,CLEAR,2,DARK - NOT LIGHTED,12,MOTOR VEHICLE IN TRANSPORT,US HWY 431 & KNIGHT DR,NASHVILLE,TN,37207,3027,NORTH,36.2238,-86.8064,POINT (-86.8064 36.2238)
20190291237,04/16/2019 06:30:00 AM,2,0,0,,N,226136,11,Front to Rear,21,CLEAR,1,DAYLIGHT,12,MOTOR VEHICLE IN TRANSPORT,HARDING PL & OVERCREST DR,NASHVILLE,TN,37211,8607,MIDTOW,36.0771,-86.7343,POINT (-86.7343 36.0771)
20190177204,03/06/2019 06:19:00 AM,2,0,0,,N,676834,11,Front to Rear,21,CLEAR,1,DAYLIGHT,12,MOTOR VEHICLE IN TRANSPORT,CLARKSVILLE PKE & KOLZ LN,JOELTON,TN,37080,3307,NORTH,36.2986,-86.8879,POINT (-86.8879 36.2986)
20190325584,04/27/2019 10:25:00 PM,2,2,0,,N,299261,2,HEAD-ON,22,CLOUDY,3,DARK - LIGHTED,12,MOTOR VEHICLE IN TRANSPORT,THOMPSON LN & POWELL AV,NASHVILLE,TN,37204,8525,MIDTOW,36.1123,-86.767,POINT (-86.767 36.1123)
20190047836,01/18/2019 06:50:00 PM,2,0,0,,Y,256384,5,SIDESWIPE - SAME DIRECTION,21,CLEAR,3,DARK - LIGHTED,12,MOTOR VEHICLE IN TRANSPORT,2ND AVS & MILDRED SHUTE AV,NASHVILLE,TN,37210,8143,SOUTH,36.1471,-86.7656,POINT (-86.7656 36.1471)
20190237098,03/27/2019 09:22:00 AM,2,0,0,,Y,716886,5,SIDESWIPE - SAME DIRECTION,21,CLEAR,1,DAYLIGHT,12,MOTOR VEHICLE IN TRANSPORT,MM 55 6 I 24,NASHVILLE,TN,37211,86020,SOUTH,36.0877,-86.7015,POINT (-86.7015 36.0877)
20190434961,06/07/2019 12:00:00 AM,1,1,0,,Y,320577,0,NOT COLLISION W/MOTOR VEHICLE-TRANSPORT,21,CLEAR,1,DAYLIGHT,8,PEDESTRIAN,HORTON AV & 12TH AVS,NASHVILLE,TN,37203,6939,MIDTOW,36.1398,-86.7876,POINT (-86.7876 36.1398)
20190320662,04/25/2019 10:10:00 PM,2,0,0,,N,197047,4,ANGLE,2,RAIN,2,DARK - NOT LIGHTED,12,MOTOR VEHICLE IN TRANSPORT,GALLATIN AV & GALLATIN PKE,NASHVILLE,TN,37216,1401,EAST,36.197,-86.7421,POINT (-86.7421 36.197)
20190446257,06/12/2019 07:56:00 AM,3,0,0,,Y,462474,11,Front to Rear,22,CLOUDY,1,DAYLIGHT,12,MOTOR VEHICLE IN TRANSPORT,MELROSE AV & GRANDVIEW AV,NASHVILLE,TN,37211,8343,MIDTOW,36.1205,-86.7504,POINT (-86.7504 36.1205)
20190115807,02/12/2019 11:37:00 AM,3,0,0,Y,Y,544481,5,SIDESWIPE - SAME DIRECTION,2,RAIN,1,DAYLIGHT,12;31;63;7,"MOTOR VEHICLE IN TRANSPORT;OTHER POST, POLE, SUPP.;Ran Off Road-Right",DICKERSON PKE & N 1ST ST,NASHVILLE,TN,37207,1961,EAST,36.1817,-86.7741,POINT (-86.7741 36.1817)
20190217676,03/20/2019 04:55:00 PM,2,2,0,,N,714641,4,ANGLE,,,1,DAYLIGHT,12,MOTOR VEHICLE IN TRANSPORT,4TH AVS & MOLLOY ST,NASHVILLE,TN,37203,4055,CENTRA,36.1585,-86.7756,POINT (-86.7756 36.1585)
20190105243,02/08/2019 08:00:00 AM,2,1,0,,N,226136,11,Front to Rear,21,CLEAR,1,DAYLIGHT,12,MOTOR VEHICLE IN TRANSPORT,MM 80 1 I 65,NASHVILLE,TN,37204,7018,MIDTOW,36.1151,-86.773,POINT (-86.773 36.1151)
20190184500,03/08/2019 02:33:00 PM,2,0,0,,Y,690942,4,ANGLE,2,RAIN,1,DAYLIGHT,12,MOTOR VEHICLE IN TRANSPORT,SPRING ST & COWAN ST,NASHVILLE,TN,37207,1957,CENTRA,36.1768,-86.7771,POINT (-86.7771 36.1768)
20190172281,03/04/2019 07:00:00 PM,2,0,0,,N,206675,4,ANGLE,21,CLEAR,3,DARK - LIGHTED,12,MOTOR VEHICLE IN TRANSPORT,FRANKLIN PKE & HARDING PL,NASHVILLE,TN,37204,7027,MIDTOW,36.0866,-86.772,POINT (-86.772 36.0866)
20190316888,04/24/2019 04:27:00 PM,2,0,0,,N,151132,11,Front to Rear,21,CLEAR,1,DAYLIGHT,12,MOTOR VEHICLE IN TRANSPORT,OLD HICKORY BLVDW & HEAD DR,MADISON,TN,37115,1777,MADISO,36.2642,-86.7346,POINT (-86.7346 36.2642)
20190100940,02/06/2019 05:45:00 PM,2,0,0,,N,330414,11,Front to Rear,2,RAIN,2,DARK - NOT LIGHTED,12,MOTOR VEHICLE IN TRANSPORT,MM 3 0 I 440,NASHVILLE,TN,37215,6424,MIDTOW,36.1201,-86.8026,POINT (-86.8026 36.1201)
20190438947,06/09/2019 12:00:00 AM,1,1,0,,Y,279204,0,NOT COLLISION W/MOTOR VEHICLE-TRANSPORT,21,CLEAR,1,DAYLIGHT,8,PEDESTRIAN,BUCHANAN ST & 10TH AVN,NASHVILLE,TN,37208,4451,NORTH,36.1804,-86.803,POINT (-86.803 36.1804)
20190144434,02/22/2019 08:38:00 AM,3,2,0,,N,109534,4,ANGLE,2,RAIN,1,DAYLIGHT,12,MOTOR VEHICLE IN TRANSPORT,ELM HILL PKE & ERMAC DR,NASHVILLE,TN,37214,9101,HERMIT,36.1534,-86.6867,POINT (-86.6867 36.1534)
20190305059,04/20/2019 08:15:00 PM,1,1,0,,N,298874,0,NOT COLLISION W/MOTOR VEHICLE-TRANSPORT,22,CLOUDY,3,DARK - LIGHTED,8,PEDESTRIAN,GALLATIN PKE & DOZIER PL,NASHVILLE,TN,37216,1851,EAST,36.2017,-86.7395,POINT (-86.7395 36.2017)
20190342173,05/04/2019 12:00:00 AM,1,0,0,Y,Y,320578,0,NOT COLLISION W/MOTOR VEHICLE-TRANSPORT,2,RAIN,3,DARK - LIGHTED,1,,MT VIEW RD & HICKORY HOLLOW PKWY,ANTIOCH,TN,37013,8859,SOUTH,36.0588,-86.6705,POINT (-86.6705 36.0588)
20190554588,07/25/2019 08:35:00 AM,2,0,0,,Y,481573,5,SIDESWIPE - SAME DIRECTION,21,CLEAR,1,DAYLIGHT,12,MOTOR VEHICLE IN TRANSPORT,14TH AVS & BROADWAY,NASHVILLE,TN,37203,5701,MIDTOW,36.1557,-86.7897,POINT (-86.7897 36.1557)
20190082572,01/31/2019 06:48:00 AM,2,0,0,,Y,299265,5,SIDESWIPE - SAME DIRECTION,21,CLEAR,1,DAYLIGHT,12,MOTOR VEHICLE IN TRANSPORT,STATE RT 45 & GALLATIN PKEN,MADISON,TN,37115,1701,MADISO,36.2631,-86.7119,POINT (-86.7119 36.2631)
20190509866,07/07/2019 04:30:00 AM,1,2,0,,N,299274,0,NOT COLLISION W/MOTOR VEHICLE-TRANSPORT,22,CLOUDY,4,DAWN,25,GUARDRAIL END,MM 51 4 I 24,NASHVILLE,TN,37210,82061,HERMIT,36.1388,-86.7284,POINT (-86.7284 36.1388)
20190254143,04/02/2019 02:05:00 PM,2,0,0,,N,134899,5,SIDESWIPE - SAME DIRECTION,21,CLEAR,1,DAYLIGHT,14,PARKED MOTOR VEHICLE,BROOKMEADOW LN & STONE HOLLOW CT,HERMITAGE,TN,37076,9727,HERMIT,36.2183,-86.5909,POINT (-86.5909 36.2183)
20190272833,04/09/2019 12:47:00 PM,2,0,0,,N,693102,5,SIDESWIPE - SAME DIRECTION,21,CLEAR,1,DAYLIGHT,12,MOTOR VEHICLE IN TRANSPORT,MURFREESBORO PKE & PLUS PARK BLVD,NASHVILLE,TN,37217,8815,HERMIT,36.1337,-86.722,POINT (-86.722 36.1337)
20190421095,06/02/2019 05:45:00 PM,2,2,0,Y,N,311332,4,ANGLE,21,CLEAR,1,DAYLIGHT,12,MOTOR VEHICLE IN TRANSPORT,HIGHWAY 70S & BELLEVUE CTR PVTDR,NASHVILLE,TN,37221,4811,WEST,36.0785,-86.9508,POINT (-86.9508 36.0785)
20190426571,06/04/2019 05:36:00 PM,2,0,0,,Y,565785,16,Rear to Side,21,CLEAR,1,DAYLIGHT,12,MOTOR VEHICLE IN TRANSPORT,BELMONT BLVD & GALE LN,NASHVILLE,TN,37212,6503,MIDTOW,36.117,-86.7977,POINT (-86.7977 36.117)
20190573997,08/02/2019 07:20:00 AM,3,0,0,,N,676834,4,ANGLE,21,CLEAR,1,DAYLIGHT,12,MOTOR VEHICLE IN TRANSPORT,MM 87 7 I 65,NASHVILLE,TN,37207,1804,EAST,36.2114,-86.7757,POINT (-86.7757 36.2114)
20190269092,04/08/2019 04:45:00 AM,1,0,0,,N,299274,0,NOT COLLISION W/MOTOR VEHICLE-TRANSPORT,2,RAIN,2,DARK - NOT LIGHTED,25,GUARDRAIL END,MM 212 8 I 40,NASHVILLE,TN,37210,90040,HERMIT,36.1425,-86.7353,POINT (-86.7353 36.1425)
20190066622,01/25/2019 06:12:00 PM,2,0,0,,Y,151132,6,SIDESWIPE - OPPOSITE DIRECTION,21,CLEAR,3,DARK - LIGHTED,14,PARKED MOTOR VEHICLE,GALLATIN PKES & E OLD HICKORY BLVD,MADISON,TN,37115,1771,MADISO,36.2622,-86.7122,POINT (-86.7122 36.2622)
20190276736,04/10/2019 06:58:00 PM,2,0,0,,N,206675,11,Front to Rear,21,CLEAR,1,DAYLIGHT,12,MOTOR VEHICLE IN TRANSPORT,BATTERY LN & GRANNY WHITE PKE,NASHVILLE,TN,37215,6313,MIDTOW,36.0894,-86.8029,POINT (-86.8029 36.0894)
20190132949,02/18/2019 04:13:00 PM,2,1,0,,N,580819,5,SIDESWIPE - SAME DIRECTION,22,CLOUDY,1,DAYLIGHT,12;14,MOTOR VEHICLE IN TRANSPORT;PARKED MOTOR VEHICLE,300 11TH AVN,NASHVILLE,TN,37203,4151,CENTRA,36.1621,-86.7906,POINT (-86.7906 36.1621)
20190561164,07/27/2019 10:15:00 PM,2,0,0,,Y,352170,4,ANGLE,21,CLEAR,3,DARK - LIGHTED,12,MOTOR VEHICLE IN TRANSPORT,CROSSINGS BLVD & MT VIEW RD,ANTIOCH,TN,37013,8863,SOUTH,36.0455,-86.6473,POINT (-86.6473 36.0455)
20190422102,06/03/2019 06:05:00 AM,2,0,0,,N,352186,4,ANGLE,21,CLEAR,1,DAYLIGHT,12,MOTOR VEHICLE IN TRANSPORT,GRAYS POINT RD & MARROWBONE LAKE RD,JOELTON,TN,37080,3319,NORTH,36.2888,-86.9136,POINT (-86.9136 36.2888)
20190504218,07/04/2019 12:51:00 PM,2,0,0,,N,462474,11,Front to Rear,22,CLOUDY,1,DAYLIGHT,12,MOTOR VEHICLE IN TRANSPORT,I65 S ENT RAMP & WEDGEWOOD AV,NASHVILLE,TN,37204,6945,MIDTOW,36.1342,-86.7764,POINT (-86.7764 36.1342)
20190260417,04/04/2019 04:00:00 PM,2,0,0,,N,212346,11,Front to Rear,22,CLOUDY,1,DAYLIGHT,12,MOTOR VEHICLE IN TRANSPORT,I40 W ENT RAMP & I 40,NASHVILLE,TN,37210,9007,HERMIT,36.1484,-86.7454,POINT (-86.7454 36.1484)
20190566457,07/30/2019 10:31:00 AM,2,1,0,,N,348631,6,SIDESWIPE - OPPOSITE DIRECTION,21,CLEAR,1,DAYLIGHT,12,MOTOR VEHICLE IN TRANSPORT,S 5TH ST & SHELBY AV,NASHVILLE,TN,37206,1009,EAST,36.1676,-86.7622,POINT (-86.7622 36.1676)
20190557727,07/26/2019 01:00:00 PM,2,0,0,,Y,676834,4,ANGLE,21,CLEAR,1,DAYLIGHT,12,MOTOR VEHICLE IN TRANSPORT,27TH AVN & MEHARRY BLVD,NASHVILLE,TN,37208,4525,NORTH,36.1668,-86.8185,POINT (-86.8185 36.1668)
20190313797,04/23/2019 04:44:00 PM,2,0,0,,N,279124,11,Front to Rear,21,CLEAR,1,DAYLIGHT,12,MOTOR VEHICLE IN TRANSPORT,MM 52 0 I 24,NASHVILLE,TN,37217,8816,SOUTH,36.1329,-86.7267,POINT (-86.7267 36.1329)
20190008902,01/04/2019 08:06:00 AM,2,0,0,,N,191578,6,SIDESWIPE - OPPOSITE DIRECTION,2,RAIN,1,DAYLIGHT,12,MOTOR VEHICLE IN TRANSPORT,JUAREZ DR & LOPEZ LN,HERMITAGE,TN,37076,9531,HERMIT,36.1921,-86.6177,POINT (-86.6177 36.1921)