Accident Number,Date and Time,Number of Motor Vehicles,Number of Injuries,Number of Fatalities,Property Damage,Hit and Run,Reporting Officer,Collision Type Code,Collision Type Description,Weather Code,Weather Description,Illumination Code,Illumination Description,Harmful Code,Harmful Code Description,Street Address,City,State,ZIP,RPA,Precinct,Latitude,Longitude,Mapped Location
20190000071,01/01/2019 12:05:00 AM,2,0,0,,N,298859,11,Front to Rear,22,CLOUDY,3,DARK - LIGHTED,12,MOTOR VEHICLE IN TRANSPORT,EDGE O LAKE DR & MURFREESBORO PKE,NASHVILLE,TN,37217,8939,HERMIT,36.0797,-86.6443,POINT (-86.6443 36.0797)
20190542719,07/20/2019 12:00:00 AM,2,0,0,,N,299258,5,SIDESWIPE - SAME DIRECTION,21,CLEAR,1,DAYLIGHT,12,MOTOR VEHICLE IN TRANSPORT,MM 86 8 I 65,NASHVILLE,TN,37207,3002,NORTH,36.1987,-86.7764,POINT (-86.7764 36.1987)
20190057964,01/22/2019 12:00:00 AM,2,2,0,,N,240981,4,ANGLE,21,CLEAR,3,DARK - LIGHTED,12,MOTOR VEHICLE IN TRANSPORT,S 9TH ST & SHELBY AV,NASHVILLE,TN,37206,1045,EAST,36.1707,-86.7543,POINT (-86.7543 36.1707)
20190400014,05/25/2019 10:33:00 AM,2,1,0,,N,320586,4,ANGLE,21,CLEAR,1,DAYLIGHT,12,MOTOR VEHICLE IN TRANSPORT,HAYWOOD LN & NOLENSVILLE PKE,NASHVILLE,TN,37211,8711,SOUTH,36.0683,-86.7189,POINT (-86.7189 36.0683)
20190535241,07/17/2019 05:35:00 PM,2,0,0,,Y,279214,5,SIDESWIPE - SAME DIRECTION,21,CLEAR,1,DAYLIGHT,12,MOTOR VEHICLE IN TRANSPORT,GALE LN & VAULX LN,NASHVILLE,TN,37204,6957,MIDTOW,36.1174,-86.7785,POINT (-86.7785 36.1174)
20190044648,01/17/2019 05:20:00 PM,2,0,0,,N,240989,11,Front to Rear,2,RAIN,3,DARK - LIGHTED,12,MOTOR VEHICLE IN TRANSPORT,GALLATIN PKES & MADISON SQ,MADISON,TN,37115,1623,MADISO,36.2541,-86.7161,POINT (-86.7161 36.2541)
20190522006,07/12/2019 12:00:00 AM,2,0,0,,Y,299264,9,UNKNOWN,21,CLEAR,9,UNKNOWN,12;14,MOTOR VEHICLE IN TRANSPORT;PARKED MOTOR VEHICLE,18TH AVS & COMPTON AV,NASHVILLE,TN,37212,6609,MIDTOW,36.1303,-86.7976,POINT (-86.7976 36.1303)
20190175446,03/05/2019 05:54:00 PM,2,0,0,,N,179606,4,ANGLE,21,CLEAR,5,DUSK,12,MOTOR VEHICLE IN TRANSPORT,WEST END AV & I440 W EXT RAMP,NASHVILLE,TN,37212,5905,MIDTOW,36.1379,-86.8206,POINT (-86.8206 36.1379)
20190331137,04/30/2019 06:22:00 AM,2,1,0,,N,879558,11,Front to Rear,21,CLEAR,1,DAYLIGHT,12,MOTOR VEHICLE IN TRANSPORT,BRILEY PKWYS & OPRY MILLS DR,NASHVILLE,TN,37214,92920,HERMIT,36.1973,-86.6881,POINT (-86.6881 36.1973)
20190537702,07/18/2019 04:46:00 PM,2,1,0,,N,299266,4,ANGLE,2,RAIN,1,DAYLIGHT,12,MOTOR VEHICLE IN TRANSPORT,BELL RD & BRITTANY PARK DR,ANTIOCH,TN,37013,8719,SOUTH,36.0469,-86.6794,POINT (-86.6794 36.0469)
20190470986,06/21/2019 11:30:00 AM,2,0,0,,N,834798,11,Front to Rear,21,CLEAR,1,DAYLIGHT,12,MOTOR VEHICLE IN TRANSPORT,I65 N EXT RAMP & OLD HICKORY BLVD,BRENTWOOD,TN,37027,8619,MIDTOW,36.0395,-86.7817,POINT (-86.7817 36.0395)
20190269410,04/08/2019 07:45:00 AM,2,0,0,,N,226622,4,ANGLE,2,RAIN,1,DAYLIGHT,12,MOTOR VEHICLE IN TRANSPORT,NEVADA AV & 48TH AVN,NASHVILLE,TN,37209,5133,WEST,36.1486,-86.8445,POINT (-86.8445 36.1486)
20190386073,05/20/2019 09:20:00 PM,3,1,0,,N,311798,11,Front to Rear,21,CLEAR,3,DARK - LIGHTED,12,MOTOR VEHICLE IN TRANSPORT,CHARLOTTE AV & 21ST AVN,NASHVILLE,TN,37203,5607,MIDTOW,36.1565,-86.8064,POINT (-86.8064 36.1565)
20190150104,02/24/2019 02:23:00 PM,2,0,0,,Y,320585,11,Front to Rear,21,CLEAR,1,DAYLIGHT,12,MOTOR VEHICLE IN TRANSPORT,MM 210 8 I 40,NASHVILLE,TN,37210,40080,CENTRA,36.1544,-86.7625,POINT (-86.7625 36.1544)
20190486242,06/27/2019 02:40:00 PM,2,1,0,Y,N,717341,0,NOT COLLISION W/MOTOR VEHICLE-TRANSPORT,21,CLEAR,1,DAYLIGHT,41;47;63;64,SHRUBBERY;FIRE HYDRANT;Ran Off Road-Right;Ran Off Road-Left,OLD HICKORY BLVD & EVERGREEN HILLS BLVD,ANTIOCH,TN,37013,8767,SOUTH,36.0066,-86.6592,POINT (-86.6592 36.0066)
20190227883,03/24/2019 06:46:00 AM,1,0,0,Y,N,320575,0,NOT COLLISION W/MOTOR VEHICLE-TRANSPORT,21,CLEAR,1,DAYLIGHT,24,GUARDRAIL FACE,MM 58 9 I 24,ANTIOCH,TN,37013,87061,SOUTH,36.0494,-86.6662,POINT (-86.6662 36.0494)
20190096081,02/05/2019 07:49:00 AM,2,1,0,,N,755026,4,ANGLE,21,CLEAR,1,DAYLIGHT,12,MOTOR VEHICLE IN TRANSPORT,RADNOR ST & NOLENSVILLE PKE,NASHVILLE,TN,37211,8427,SOUTH,36.1051,-86.7415,POINT (-86.7415 36.1051)
20190398393,05/24/2019 06:59:00 PM,2,0,0,,N,352197,5,SIDESWIPE - SAME DIRECTION,21,CLEAR,1,DAYLIGHT,12,MOTOR VEHICLE IN TRANSPORT,MURFREESBORO PKE & BRITISH WOODS DR,NASHVILLE,TN,37217,8853,SOUTH,36.0914,-86.6514,POINT (-86.6514 36.0914)
20190076512,01/29/2019 12:44:00 PM,2,0,0,,N,226622,4,ANGLE,21,CLEAR,1,DAYLIGHT,12,MOTOR VEHICLE IN TRANSPORT,OLD HICKORY BLVD & HIGHWAY 70S,NASHVILLE,TN,37221,4901,WEST,36.0742,-86.9208,POINT (-86.9208 36.0742)
20190041206,01/16/2019 01:14:00 PM,2,1,0,,N,226136,11,Front to Rear,22,CLOUDY,1,DAYLIGHT,12,MOTOR VEHICLE IN TRANSPORT,I65 N EXT RAMP & SIDCO DR,NASHVILLE,TN,37220,8601,MIDTOW,36.082,-86.7617,POINT (-86.7617 36.082)
20190223160,03/22/2019 10:00:00 AM,2,0,0,,N,226136,11,Front to Rear,21,CLEAR,1,DAYLIGHT,12,MOTOR VEHICLE IN TRANSPORT,31ST AVN & PARK PLZ,NASHVILLE,TN,37203,5623,MIDTOW,36.1497,-86.8177,POINT (-86.8177 36.1497)
20190017162,03/04/2019 11:53:00 AM,2,0,0,,N,690942,4,ANGLE,21,CLEAR,1,DAYLIGHT,12,MOTOR VEHICLE IN TRANSPORT,4TH AVS & PEABODY ST,NASHVILLE,TN,37201,4047,CENTRA,36.1566,-86.7744,POINT (-86.7744 36.1566)
20190049846,01/19/2019 12:00:00 AM,2,2,0,,Y,311333,4,ANGLE,2,RAIN,7,Dark-Unknown Lighting,12,MOTOR VEHICLE IN TRANSPORT,BELL RD & BLUE HOLE RD,ANTIOCH,TN,37013,8719,SOUTH,36.0458,-86.6744,POINT (-86.6744 36.0458)
20190360567,05/10/2019 11:46:00 PM,2,0,0,,N,330420,6,SIDESWIPE - OPPOSITE DIRECTION,2,RAIN,2,DARK - NOT LIGHTED,12,MOTOR VEHICLE IN TRANSPORT,SMITH SPRINGS RD & UNA RECREATION RD,NASHVILLE,TN,37217,8941,HERMIT,36.0967,-86.641,POINT (-86.641 36.0967)
20190352825,05/08/2019 07:35:00 AM,2,0,0,,N,676834,11,Front to Rear,21,CLEAR,1,DAYLIGHT,12,MOTOR VEHICLE IN TRANSPORT,W TRINITY LN & BRICK CHURCH PKE,NASHVILLE,TN,37207,3003,NORTH,36.2066,-86.7779,POINT (-86.7779 36.2066)
20190522369,07/12/2019 12:57:00 PM,2,0,0,,N,352178,4,ANGLE,21,CLEAR,1,DAYLIGHT,12,MOTOR VEHICLE IN TRANSPORT,20TH AVN & CHARLOTTE AV,NASHVILLE,TN,37203,5507,MIDTOW,36.1571,-86.8036,POINT (-86.8036 36.1571)
20190160846,02/28/2019 07:07:00 AM,2,0,0,,N,538214,11,Front to Rear,22,CLOUDY,1,DAYLIGHT,12,MOTOR VEHICLE IN TRANSPORT,CHURCH ST & I40 W ENT RAMP,NASHVILLE,TN,37203,4119,CENTRA,36.1582,-86.791,POINT (-86.791 36.1582)
20190129603,02/17/2019 06:33:00 AM,1,1,0,,N,299248,0,NOT COLLISION W/MOTOR VEHICLE-TRANSPORT,2,RAIN,3,DARK - LIGHTED,36,CONCRETE TRAFFIC BARRIER,MM 55 4 I 24,NASHVILLE,TN,37211,8812,SOUTH,36.0901,-86.7031,POINT (-86.7031 36.0901)
20190189546,03/10/2019 08:00:00 PM,2,0,0,,Y,212346,4,ANGLE,21,CLEAR,1,DAYLIGHT,14,PARKED MOTOR VEHICLE,0 N 1ST ST,NASHVILLE,TN,37213,1993,CENTRA,36.1728,-86.7728,POINT (-86.7728 36.1728)
20190222671,03/22/2019 06:26:00 AM,1,0,0,,N,320602,0,NOT COLLISION W/MOTOR VEHICLE-TRANSPORT,21,CLEAR,1,DAYLIGHT,32,CULVERT,EXIT 216 & I 40,NASHVILLE,TN,37214,94040,HERMIT,36.141,-86.6595,POINT (-86.6595 36.141)
20190309605,04/22/2019 03:14:00 PM,2,0,0,,N,134899,4,ANGLE,21,CLEAR,1,DAYLIGHT,12,MOTOR VEHICLE IN TRANSPORT,FESSLERS LN & RUNDLE AV,NASHVILLE,TN,37210,8215,HERMIT,36.1467,-86.7438,POINT (-86.7438 36.1467)
20190459874,06/17/2019 12:00:00 AM,1,1,0,,N,226827,0,NOT COLLISION W/MOTOR VEHICLE-TRANSPORT,21,CLEAR,1,DAYLIGHT,36,CONCRETE TRAFFIC BARRIER,BRILEY PKWYE & BRILEY PKWYW,NASHVILLE,TN,37207,20120,MADISO,36.2396,-86.7751,POINT (-86.7751 36.2396)
20190422879,06/03/2019 12:50:00 PM,2,0,0,,Y,665896,11,Front to Rear,21,CLEAR,1,DAYLIGHT,12,MOTOR VEHICLE IN TRANSPORT,JONES AV & CHICKASAW AV,NASHVILLE,TN,37207,1875,EAST,36.201,-86.7583,POINT (-86.7583 36.201)
20190073160,01/28/2019 12:30:00 PM,2,0,0,,Y,235761,0,NOT COLLISION W/MOTOR VEHICLE-TRANSPORT,21,CLEAR,1,DAYLIGHT,16,THROWN OR FALLING OBJECT,BRILEY PKWY S EXT RAMP & BRILEY PKWYS,NASHVILLE,TN,37214,9209,HERMIT,36.1924,-86.6874,POINT (-86.6874 36.1924)
20190186221,03/09/2019 06:30:00 AM,2,0,0,,Y,226306,11,Front to Rear,22,CLOUDY,98,OTHER,12,MOTOR VEHICLE IN TRANSPORT,MCCRORY LN & POPLAR CREEK RD,NASHVILLE,TN,37221,4803,WEST,36.0528,-86.9851,POINT (-86.9851 36.0528)
20190295928,04/17/2019 01:50:00 PM,2,0,0,,Y,420035,5,SIDESWIPE - SAME DIRECTION,22,CLOUDY,1,DAYLIGHT,12,MOTOR VEHICLE IN TRANSPORT,BRILEY PKWYW & BRILEY PKWYE,NASHVILLE,TN,37218,3216,NORTH,36.2254,-86.8638,POINT (-86.8638 36.2254)
20190528312,07/15/2019 07:35:00 AM,2,1,0,,N,279122,11,Front to Rear,2,RAIN,1,DAYLIGHT,12,MOTOR VEHICLE IN TRANSPORT,MM 37 0 I 24,WHITES CREEK,TN,37189,33180,NORTH,36.3176,-86.8361,POINT (-86.8361 36.3176)
20190188821,03/10/2019 01:33:00 PM,2,0,0,,N,812949,4,ANGLE,21,CLEAR,1,DAYLIGHT,12,MOTOR VEHICLE IN TRANSPORT,BRILEY PKWYS & ASHLAND CITY HWY,NASHVILLE,TN,37218,3206,NORTH,36.2091,-86.8715,POINT (-86.8715 36.2091)
20190009817,01/04/2019 04:00:00 PM,2,0,0,,N,279224,4,ANGLE,22,CLOUDY,1,DAYLIGHT,12,MOTOR VEHICLE IN TRANSPORT,W TRINITY LN & E TRINITY LN,NASHVILLE,TN,37207,1863,EAST,36.2059,-86.7688,POINT (-86.7688 36.2059)
20190110235,02/10/2019 11:24:00 AM,2,1,0,,N,311804,11,Front to Rear,2,RAIN,1,DAYLIGHT,12,MOTOR VEHICLE IN TRANSPORT,ROSA L PARKS BLVD & 10TH CIRN,NASHVILLE,TN,37203,4209,CENTRA,36.1678,-86.7879,POINT (-86.7879 36.1678)
20190353989,05/08/2019 04:27:00 PM,2,0,0,,N,352195,11,Front to Rear,21,CLEAR,1,DAYLIGHT,12,MOTOR VEHICLE IN TRANSPORT,MM 94 8 I 65,GOODLETTSVILLE,TN,37072,17043,MADISO,36.2963,-86.7153,POINT (-86.7153 36.2963)
20190484714,06/27/2019 02:30:00 AM,2,1,0,,N,330438,11,Front to Rear,21,CLEAR,2,DARK - NOT LIGHTED,1;14,PARKED MOTOR VEHICLE,MM 222 1 I 40,HERMITAGE,TN,37076,9502,HERMIT,36.1693,-86.5778,POINT (-86.5778 36.1693)
20190027481,01/11/2019 10:20:00 AM,2,1,0,,N,226136,4,ANGLE,22,CLOUDY,1,DAYLIGHT,12,MOTOR VEHICLE IN TRANSPORT,8TH AVS & SOUTH ST,NASHVILLE,TN,37203,6803,MIDTOW,36.1472,-86.7791,POINT (-86.7791 36.1472)
20190356288,05/09/2019 12:28:00 PM,2,4,0,,N,352158,2,HEAD-ON,2,RAIN,1,DAYLIGHT,12,MOTOR VEHICLE IN TRANSPORT,EDMONDSON PKE & FRONTIER LN,NASHVILLE,TN,37211,8651,MIDTOW,36.0344,-86.7436,POINT (-86.7436 36.0344)
20190559740,07/27/2019 10:25:00 AM,2,0,0,,N,299264,4,ANGLE,21,CLEAR,1,DAYLIGHT,12,MOTOR VEHICLE IN TRANSPORT,WESTWOOD AV & NATCHEZ TRC,NASHVILLE,TN,37212,5907,MIDTOW,36.1273,-86.8124,POINT (-86.8124 36.1273)
20190183490,03/08/2019 06:50:00 AM,2,0,0,,N,226136,4,ANGLE,2,RAIN,1,DAYLIGHT,12,MOTOR VEHICLE IN TRANSPORT,POWELL AV & ARMORY OAKS DR,NASHVILLE,TN,37204,8525,MIDTOW,36.1035,-86.7627,POINT (-86.7627 36.1035)
20190409426,05/29/2019 07:20:00 AM,2,0,0,,Y,226136,4,ANGLE,21,CLEAR,1,DAYLIGHT,12,MOTOR VEHICLE IN TRANSPORT,4TH AVS & HUMPHREYS ST,NASHVILLE,TN,37210,8127,SOUTH,36.1411,-86.7642,POINT (-86.7642 36.1411)
20190526747,07/14/2019 01:14:00 PM,3,0,0,,Y,212325,11,Front to Rear,22,CLOUDY,1,DAYLIGHT,12,MOTOR VEHICLE IN TRANSPORT,GALLATIN PKES & MADISON BLVD,MADISON,TN,37115,1623,MADISO,36.2547,-86.7155,POINT (-86.7155 36.2547)
20190428700,06/05/2019 01:12:00 PM,2,0,0,,N,352164,4,ANGLE,21,CLEAR,1,DAYLIGHT,12,MOTOR VEHICLE IN TRANSPORT,WHITE BRIDGE PKE & LIONS HEAD VILLAGE PV,NASHVILLE,TN,37205,5017,WEST,36.1284,-86.8526,POINT (-86.8526 36.1284)
20190325703,04/27/2019 11:56:00 PM,2,0,0,,N,197053,11,Front to Rear,21,CLEAR,3,DARK - LIGHTED,12,MOTOR VEHICLE IN TRANSPORT,I24 W EXT RAMP & I 24,NASHVILLE,TN,37211,8829,SOUTH,36.1074,-86.7197,POINT (-86.7197 36.1074)
20190292239,04/16/2019 01:10:00 PM,1,1,0,Y,N,330411,0,NOT COLLISION W/MOTOR VEHICLE-TRANSPORT,21,CLEAR,1,DAYLIGHT,31,"OTHER POST, POLE, SUPP.",BROADWAY & DIVISION ST,NASHVILLE,TN,37203,5711,MIDTOW,36.149,-86.7987,POINT (-86.7987 36.149)
20190101420,02/06/2019 10:13:00 PM,2,0,0,,Y,169423,11,Front to Rear,2,RAIN,3,DARK - LIGHTED,12,MOTOR VEHICLE IN TRANSPORT,BRILEY PKWYS & BRILEY PKWYN,NASHVILLE,TN,37218,3212,NORTH,36.2142,-86.8724,POINT (-86.8724 36.2142)
20190425585,06/04/2019 11:14:00 AM,2,1,0,,N,420059,11,Front to Rear,21,CLEAR,1,DAYLIGHT,12,MOTOR VEHICLE IN TRANSPORT,NOLENSVILLE PKE & PARAGON MILLS RD,NASHVILLE,TN,37211,8421,SOUTH,36.0848,-86.7281,POINT (-86.7281 36.0848)
20190035518,01/14/2019 04:45:00 PM,2,0,0,,N,311333,11,Front to Rear,22,CLOUDY,1,DAYLIGHT,12,MOTOR VEHICLE IN TRANSPORT,SMITH SPRINGS PKWY & HOBSON PKE,ANTIOCH,TN,37013,8977,SOUTH,36.0686,-86.5853,POINT (-86.5853 36.0686)
20190230432,03/25/2019 07:50:00 AM,2,0,0,,N,716886,5,SIDESWIPE - SAME DIRECTION,21,CLEAR,1,DAYLIGHT,12,MOTOR VEHICLE IN TRANSPORT,I440 W ENT RAMP & I 24,NASHVILLE,TN,37217,8801,SOUTH,36.1232,-86.7263,POINT (-86.7263 36.1232)
20190356667,05/09/2019 03:50:00 PM,2,0,0,,N,240976,5,SIDESWIPE - SAME DIRECTION,21,CLEAR,1,DAYLIGHT,12,MOTOR VEHICLE IN TRANSPORT,I24 W ENT RAMP & I 24,NASHVILLE,TN,37206,1009,EAST,36.1666,-86.7638,POINT (-86.7638 36.1666)
20190544044,07/20/2019 09:03:00 PM,3,0,0,,Y,352161,11,Front to Rear,2,RAIN,7,Dark-Unknown Lighting,12,MOTOR VEHICLE IN TRANSPORT,MM 57 8 I 24,ANTIOCH,TN,37013,87060,SOUTH,36.06,-86.6798,POINT (-86.6798 36.06)
20190163565,03/01/2019 07:34:00 AM,2,0,0,,N,690942,4,ANGLE,2,RAIN,1,DAYLIGHT,12,MOTOR VEHICLE IN TRANSPORT,JAMES ROBERTSON PKWY & 7TH AVN,NASHVILLE,TN,37219,4203,CENTRA,36.1679,-86.7863,POINT (-86.7863 36.1679)
20190480755,06/25/2019 04:30:00 PM,2,0,0,,N,256380,4,ANGLE,21,CLEAR,1,DAYLIGHT,12,MOTOR VEHICLE IN TRANSPORT,JEFFERSON ST & DR D B TODD JR BLVD,NASHVILLE,TN,37208,5325,NORTH,36.1694,-86.807,POINT (-86.807 36.1694)
20190138822,02/20/2019 01:23:00 PM,2,0,0,,Y,320586,3,REAR-TO-REAR,2,RAIN,1,DAYLIGHT,14,PARKED MOTOR VEHICLE,CATHY JO CIR & NORWAY CT,NASHVILLE,TN,37211,8439,SOUTH,36.0955,-86.7203,POINT (-86.7203 36.0955)
20190200465,03/14/2019 01:26:00 PM,2,0,0,,N,179602,5,SIDESWIPE - SAME DIRECTION,2,RAIN,1,DAYLIGHT,12,MOTOR VEHICLE IN TRANSPORT,MM 43 3 I 24,WHITES CREEK,TN,37189,32260,NORTH,36.2411,-86.7858,POINT (-86.7858 36.2411)
20190132472,02/18/2019 12:35:00 PM,1,0,0,Y,N,311799,0,NOT COLLISION W/MOTOR VEHICLE-TRANSPORT,21,CLEAR,1,DAYLIGHT,30,UTILITY POLE,MYATT DR & SPRING BRANCH DR,MADISON,TN,37115,1721,MADISO,36.2938,-86.6964,POINT (-86.6964 36.2938)
20190142212,02/21/2019 03:10:00 PM,2,0,0,,Y,256439,11,Front to Rear,22,CLOUDY,1,DAYLIGHT,12,MOTOR VEHICLE IN TRANSPORT,LEBANON PKE & MUNN RD,NASHVILLE,TN,37214,9401,HERMIT,36.1684,-86.6569,POINT (-86.6569 36.1684)
20190384453,05/20/2019 08:33:00 AM,2,0,0,,Y,405447,5,SIDESWIPE - SAME DIRECTION,21,CLEAR,1,DAYLIGHT,12,MOTOR VEHICLE IN TRANSPORT,NOLENSVILLE PKE & HAYWOOD LN,NASHVILLE,TN,37211,8711,SOUTH,36.0681,-86.719,POINT (-86.719 36.0681)
20190300090,04/18/2019 08:09:00 PM,1,0,0,,N,256426,0,NOT COLLISION W/MOTOR VEHICLE-TRANSPORT,2,RAIN,3,DARK - LIGHTED,39,WALL,MM 215 9 I 40,NASHVILLE,TN,37217,89020,HERMIT,36.1421,-86.6786,POINT (-86.6786 36.1421)
20190017147,01/07/2019 06:00:00 PM,3,1,0,,N,256389,11,Front to Rear,21,CLEAR,2,DARK - NOT LIGHTED,12,MOTOR VEHICLE IN TRANSPORT,MM 77 0 I 65,NASHVILLE,TN,37220,86042,MIDTOW,36.0708,-86.7697,POINT (-86.7697 36.0708)
20190249073,03/31/2019 09:54:00 PM,2,0,0,,Y,197435,5,SIDESWIPE - SAME DIRECTION,21,CLEAR,3,DARK - LIGHTED,12,MOTOR VEHICLE IN TRANSPORT,DICKERSON PKE & MAPLEWOOD TRC,NASHVILLE,TN,37216,1805,EAST,36.2333,-86.7586,POINT (-86.7586 36.2333)
20190572145,08/01/2019 01:48:00 PM,2,0,0,,N,212325,11,Front to Rear,22,CLOUDY,1,DAYLIGHT,12,MOTOR VEHICLE IN TRANSPORT,OLD HICKORY BLVDW & DOUGLAS ST,MADISON,TN,37115,1771,MADISO,36.2633,-86.7146,POINT (-86.7146 36.2633)
20190422491,06/03/2019 09:40:00 AM,2,0,0,,N,134869,11,Front to Rear,21,CLEAR,1,DAYLIGHT,12,MOTOR VEHICLE IN TRANSPORT,MM 211 7 I 40,NASHVILLE,TN,37210,82042,HERMIT,36.1499,-86.7483,POINT (-86.7483 36.1499)
20190097359,02/05/2019 03:21:00 PM,2,0,0,,Y,256446,4,ANGLE,21,CLEAR,1,DAYLIGHT,14,PARKED MOTOR VEHICLE,ASH GROVE DR & NOLENSVILLE PKE,NASHVILLE,TN,37211,8717,SOUTH,36.0496,-86.7136,POINT (-86.7136 36.0496)
20190171882,03/04/2019 03:42:00 PM,2,0,0,,N,179606,5,SIDESWIPE - SAME DIRECTION,21,CLEAR,1,DAYLIGHT,12,MOTOR VEHICLE IN TRANSPORT,MM 82 2 I 65,NASHVILLE,TN,37203,6804,MIDTOW,36.1456,-86.7776,POINT (-86.7776 36.1456)
20190286997,04/14/2019 07:32:00 PM,2,0,0,,N,320585,0,NOT COLLISION W/MOTOR VEHICLE-TRANSPORT,21,CLEAR,2,DARK - NOT LIGHTED,17,BOULDER,MM 219 9 I 40,HERMITAGE,TN,37076,94021,HERMIT,36.1635,-86.6169,POINT (-86.6169 36.1635)
20190468883,06/20/2019 05:22:00 PM,2,1,0,,N,690942,4,ANGLE,22,CLOUDY,1,DAYLIGHT,12;29,MOTOR VEHICLE IN TRANSPORT;LUMINAIRE/LIGHT SUPPORT,6TH AVS & LEA AV,NASHVILLE,TN,37203,4039,CENTRA,36.1537,-86.7759,POINT (-86.7759 36.1537)
20190391258,05/22/2019 01:25:00 PM,2,1,0,,N,414730,11,Front to Rear,21,CLEAR,1,DAYLIGHT,12,MOTOR VEHICLE IN TRANSPORT,HIGHWAY 70S & WATERFORD CIR,NASHVILLE,TN,37221,4811,WEST,36.0739,-86.928,POINT (-86.928 36.0739)
20190105811,02/08/2019 12:20:00 PM,1,0,0,Y,Y,799013,0,NOT COLLISION W/MOTOR VEHICLE-TRANSPORT,21,CLEAR,1,DAYLIGHT,30,UTILITY POLE,HERMITAGE AV & KEITH ST,NASHVILLE,TN,37210,9003,HERMIT,36.1534,-86.7512,POINT (-86.7512 36.1534)
20190068990,01/26/2019 03:30:00 PM,1,0,0,Y,Y,206964,0,NOT COLLISION W/MOTOR VEHICLE-TRANSPORT,21,CLEAR,1,DAYLIGHT,43;54,OTHER FIXED OBJECTS;Set In Motion By Motor Vehicle,BAKERTOWN RD & MAX CT,NASHVILLE,TN,37211,8851,SOUTH,36.0765,-86.6899,POINT (-86.6899 36.0765)
20190298888,04/18/2019 11:29:00 AM,3,0,0,,N,109534,4,ANGLE,22,CLOUDY,1,DAYLIGHT,12,MOTOR VEHICLE IN TRANSPORT,LAFAYETTE ST & CLAIBORNE ST,NASHVILLE,TN,37210,8147,SOUTH,36.1483,-86.7609,POINT (-86.7609 36.1483)
20190472152,06/21/2019 12:00:00 AM,1,0,0,,N,311333,0,NOT COLLISION W/MOTOR VEHICLE-TRANSPORT,2,RAIN,2,DARK - NOT LIGHTED,43,OTHER FIXED OBJECTS,LUTIE DR & LUTIE ST,NASHVILLE,TN,37210,8355,SOUTH,36.1167,-86.7356,POINT (-86.7356 36.1167)
20190439321,06/09/2019 04:23:00 PM,2,0,0,,N,206964,11,Front to Rear,22,CLOUDY,1,DAYLIGHT,12,MOTOR VEHICLE IN TRANSPORT,EDMONDSON PKE & WALLACE RD,NASHVILLE,TN,37211,8661,MIDTOW,36.0771,-86.7256,POINT (-86.7256 36.0771)
20190278818,04/11/2019 12:50:00 PM,2,0,0,,N,676834,11,Front to Rear,21,CLEAR,1,DAYLIGHT,12,MOTOR VEHICLE IN TRANSPORT,ED TEMPLE BLVD & JEFFERSON ST,NASHVILLE,TN,37208,4523,NORTH,36.1678,-86.8208,POINT (-86.8208 36.1678)
20190154869,02/26/2019 06:15:00 AM,2,0,0,,Y,676834,5,SIDESWIPE - SAME DIRECTION,21,CLEAR,1,DAYLIGHT,12,MOTOR VEHICLE IN TRANSPORT,BRILEY PKWYW & KNIGHT DR,WHITES CREEK,TN,37189,3204,NORTH,36.2345,-86.8052,POINT (-86.8052 36.2345)
20190014464,01/06/2019 07:29:00 PM,3,1,0,,N,320594,4,ANGLE,21,CLEAR,1,DAYLIGHT,12;14,MOTOR VEHICLE IN TRANSPORT;PARKED MOTOR VEHICLE,PACIFICA DR & ALOHA CT,HERMITAGE,TN,37076,9601,HERMIT,36.1918,-86.628,POINT (-86.628 36.1918)
20190381587,05/18/2019 11:21:00 PM,2,1,0,,N,134867,5,SIDESWIPE - SAME DIRECTION,21,CLEAR,3,DARK - LIGHTED,12;24,MOTOR VEHICLE IN TRANSPORT;GUARDRAIL FACE,MM 209 2 I 40,NASHVILLE,TN,37203,4002,CENTRA,36.1553,-86.7889,POINT (-86.7889 36.1553)
20190165836,03/02/2019 02:11:00 AM,1,0,0,Y,N,191573,0,NOT COLLISION W/MOTOR VEHICLE-TRANSPORT,21,CLEAR,3,DARK - LIGHTED,20;65,IMPACT ATTENUATOR;Cross Median,MM 209 5 I 40,NASHVILLE,TN,37203,40040,CENTRA,36.1502,-86.7844,POINT (-86.7844 36.1502)
20190126324,02/15/2019 07:15:00 PM,2,0,0,,N,179582,11,Front to Rear,2,RAIN,3,DARK - LIGHTED,12,MOTOR VEHICLE IN TRANSPORT,MM 56 0 I 24,NASHVILLE,TN,37211,8708,SOUTH,36.0818,-86.6975,POINT (-86.6975 36.0818)
20190429120,06/05/2019 04:20:00 PM,4,0,0,,N,717341,4,ANGLE,21,CLEAR,1,DAYLIGHT,12,MOTOR VEHICLE IN TRANSPORT,HARDING PL & METROPLEX DR,NASHVILLE,TN,37211,8889,SOUTH,36.0868,-86.6959,POINT (-86.6959 36.0868)
20190327059,04/28/2019 05:20:00 PM,2,1,0,Y,N,433550,11,Front to Rear,21,CLEAR,1,DAYLIGHT,12,MOTOR VEHICLE IN TRANSPORT,JACKSONIAN DR & LEBANON PKE,HERMITAGE,TN,37076,9601,HERMIT,36.1944,-86.6264,POINT (-86.6264 36.1944)
20190238649,03/27/2019 09:02:00 PM,2,1,0,,N,256389,11,Front to Rear,21,CLEAR,3,DARK - LIGHTED,12,MOTOR VEHICLE IN TRANSPORT,HILLSBORO PKE & I440 W ENT RAMP,NASHVILLE,TN,37212,6501,MIDTOW,36.1244,-86.8063,POINT (-86.8063 36.1244)