Accident Number,Date and Time,Number of Motor Vehicles,Number of Injuries,Number of Fatalities,Property Damage,Hit and Run,Reporting Officer,Collision Type Code,Collision Type Description,Weather Code,Weather Description,Illumination Code,Illumination Description,Harmful Code,Harmful Code Description,Street Address,City,State,ZIP,RPA,Precinct,Latitude,Longitude,Mapped Location
20190428447,06/02/2019 11:13:00 AM,2,0,0,,Y,716886,5,SIDESWIPE - SAME DIRECTION,21,CLEAR,1,DAYLIGHT,14,PARKED MOTOR VEHICLE,WILLOW POINTE PVTDR & RURAL HILL RD,ANTIOCH,TN,37013,8861,SOUTH,36.053,-86.652,POINT (-86.652 36.053)
20190462709,06/18/2019 04:46:00 PM,2,1,0,,N,197054,4,ANGLE,21,CLEAR,1,DAYLIGHT,12,MOTOR VEHICLE IN TRANSPORT,BRILEY PKWYS & BRILEY PKWY,NASHVILLE,TN,37217,8998,HERMIT,36.1215,-86.6967,POINT (-86.6967 36.1215)
20190070594,01/27/2019 12:26:00 PM,2,0,0,,N,279227,11,Front to Rear,21,CLEAR,1,DAYLIGHT,12,MOTOR VEHICLE IN TRANSPORT,HOBSON PKE & MURFREESBORO PKE,ANTIOCH,TN,37013,8867,SOUTH,36.043,-86.6066,POINT (-86.6066 36.043)
20190506860,07/05/2019 12:00:00 AM,2,0,0,,Y,298868,4,ANGLE,21,CLEAR,1,DAYLIGHT,12,MOTOR VEHICLE IN TRANSPORT,ABBOTT MARTIN RD & BANDYWOOD DR,NASHVILLE,TN,37215,6111,WEST,36.1061,-86.816,POINT (-86.816 36.1061)
20190335792,05/01/2019 06:22:00 PM,3,0,0,,Y,256383,4,ANGLE,2,RAIN,2,DARK - NOT LIGHTED,12,MOTOR VEHICLE IN TRANSPORT,VIVELLE AV & NOLENSVILLE PKE,NASHVILLE,TN,37211,8057,MIDTOW,36.1269,-86.7531,POINT (-86.7531 36.1269)
20190465373,06/19/2019 12:00:00 AM,2,0,0,,Y,226827,11,Front to Rear,21,CLEAR,1,DAYLIGHT,12,MOTOR VEHICLE IN TRANSPORT,RIVERGATE MARKETPLACE PVTDR & GALLATIN P,MADISON,TN,37115,1731,MADISO,36.3037,-86.6898,POINT (-86.6898 36.3037)
20190279272,04/11/2019 04:14:00 PM,3,2,0,,N,747556,11,Front to Rear,21,CLEAR,1,DAYLIGHT,12,MOTOR VEHICLE IN TRANSPORT,MM 1 5 I 440,NASHVILLE,TN,37209,5232,WEST,36.1508,-86.8228,POINT (-86.8228 36.1508)
20190161624,02/28/2019 01:15:00 PM,2,0,0,,Y,665896,11,Front to Rear,22,CLOUDY,1,DAYLIGHT,12,MOTOR VEHICLE IN TRANSPORT,SKYLINE MEMORIAL CT & DICKERSON PKE,MADISON,TN,37115,2009,MADISO,36.2439,-86.7566,POINT (-86.7566 36.2439)
20190372530,05/15/2019 04:48:00 PM,2,1,0,,N,212343,11,Front to Rear,21,CLEAR,1,DAYLIGHT,12,MOTOR VEHICLE IN TRANSPORT,JEFFERSON ST & 1ST AVN,NASHVILLE,TN,37201,4231,CENTRA,36.176,-86.7806,POINT (-86.7806 36.176)
20190014313,01/06/2019 05:30:00 PM,2,1,0,,Y,256446,4,ANGLE,21,CLEAR,3,DARK - LIGHTED,1;12,MOTOR VEHICLE IN TRANSPORT,MM 55 7 I 24,NASHVILLE,TN,37211,86020,SOUTH,36.086,-86.7002,POINT (-86.7002 36.086)
20190155958,02/26/2019 02:09:00 PM,2,1,0,,N,109534,4,ANGLE,21,CLEAR,1,DAYLIGHT,12,MOTOR VEHICLE IN TRANSPORT,BRILEY PKWY & GLASTONBURY RD,NASHVILLE,TN,37217,88943,HERMIT,36.1372,-86.6997,POINT (-86.6997 36.1372)
20190473173,06/22/2019 11:31:00 AM,2,0,0,,N,110063,5,SIDESWIPE - SAME DIRECTION,2,RAIN,1,DAYLIGHT,12,MOTOR VEHICLE IN TRANSPORT,BRILEY PKWYW & BRILEY PKWYE,NASHVILLE,TN,37218,3216,NORTH,36.2254,-86.8638,POINT (-86.8638 36.2254)
20190148378,02/23/2019 07:09:00 PM,2,1,0,,N,330428,4,ANGLE,2,RAIN,3,DARK - LIGHTED,12,MOTOR VEHICLE IN TRANSPORT,ABBOTT MARTIN RD & CLEGHORN AV,NASHVILLE,TN,37215,6113,WEST,36.1065,-86.82,POINT (-86.82 36.1065)
20190226339,03/23/2019 02:56:00 PM,2,0,0,,N,212315,5,SIDESWIPE - SAME DIRECTION,21,CLEAR,1,DAYLIGHT,12,MOTOR VEHICLE IN TRANSPORT,BROADWAY & 4TH AVN,NASHVILLE,TN,37203,4091,CENTRA,36.161,-86.7772,POINT (-86.7772 36.161)
20190009315,01/04/2019 11:10:00 AM,2,0,0,,N,676834,11,Front to Rear,2,RAIN,1,DAYLIGHT,12,MOTOR VEHICLE IN TRANSPORT,CLARKSVILLE PKE & W HAMILTON AV,NASHVILLE,TN,37218,3103,NORTH,36.2072,-86.8399,POINT (-86.8399 36.2072)
20190222917,03/22/2019 08:21:00 AM,2,0,0,,N,226576,11,Front to Rear,21,CLEAR,1,DAYLIGHT,12,MOTOR VEHICLE IN TRANSPORT,MM 49 0 I 24,NASHVILLE,TN,37206,10040,EAST,36.1664,-86.7647,POINT (-86.7647 36.1664)
20190575213,08/02/2019 04:43:00 PM,2,1,0,,N,169425,11,Front to Rear,21,CLEAR,1,DAYLIGHT,12,MOTOR VEHICLE IN TRANSPORT,MM 1 4 I 440,NASHVILLE,TN,37209,52320,WEST,36.1496,-86.8227,POINT (-86.8227 36.1496)
20190510667,07/07/2019 04:40:00 PM,2,0,0,,N,279214,11,Front to Rear,21,CLEAR,1,DAYLIGHT,12,MOTOR VEHICLE IN TRANSPORT,12TH AVS & SWEETBRIAR AV,NASHVILLE,TN,37212,6505,MIDTOW,36.1241,-86.7897,POINT (-86.7897 36.1241)
20190430724,06/06/2019 06:19:00 AM,2,0,0,,N,298879,4,ANGLE,21,CLEAR,1,DAYLIGHT,12,MOTOR VEHICLE IN TRANSPORT,CHARLOTTE PKE & I40 E ENT RAMP,NASHVILLE,TN,37205,5007,WEST,36.1319,-86.8955,POINT (-86.8955 36.1319)
20190567157,07/30/2019 04:21:00 PM,2,1,0,,N,256389,5,SIDESWIPE - SAME DIRECTION,21,CLEAR,1,DAYLIGHT,12,MOTOR VEHICLE IN TRANSPORT,WEST END AV & 29TH AVN,NASHVILLE,TN,37212,5815,MIDTOW,36.1444,-86.8134,POINT (-86.8134 36.1444)
20190272602,04/09/2019 09:08:00 AM,2,1,0,,N,161952,11,Front to Rear,21,CLEAR,1,DAYLIGHT,12,MOTOR VEHICLE IN TRANSPORT,MM 207 2 I 40,NASHVILLE,TN,37208,54020,NORTH,36.1698,-86.8089,POINT (-86.8089 36.1698)
20190428455,06/05/2019 11:17:00 AM,3,0,0,,N,716886,11,Front to Rear,21,CLEAR,1,DAYLIGHT,12,MOTOR VEHICLE IN TRANSPORT,MURFREESBORO PKE & BOROWOOD DR,NASHVILLE,TN,37217,8935,HERMIT,36.091,-86.6511,POINT (-86.6511 36.091)
20190262756,04/05/2019 12:45:00 PM,2,0,0,,Y,330411,5,SIDESWIPE - SAME DIRECTION,21,CLEAR,1,DAYLIGHT,12,MOTOR VEHICLE IN TRANSPORT,21ST AVS & ACKLEN AV,NASHVILLE,TN,37212,5825,MIDTOW,36.1356,-86.801,POINT (-86.801 36.1356)
20190457328,06/16/2019 12:00:00 AM,2,0,0,,Y,206964,98,OTHER,21,CLEAR,1,DAYLIGHT,14;55,PARKED MOTOR VEHICLE;Motor Vehicle-In-Motion Outside Trafficw,0000 PACKARD DR,ANTIOCH,TN,37013,8713,SOUTH,36.0639,-86.6916,POINT (-86.6916 36.0639)
20190424955,06/04/2019 06:00:00 AM,2,0,0,,N,330411,11,Front to Rear,21,CLEAR,1,DAYLIGHT,12,MOTOR VEHICLE IN TRANSPORT,MM 37 0 I 24,WHITES CREEK,TN,37189,33180,NORTH,36.3176,-86.8361,POINT (-86.8361 36.3176)
20190394512,05/23/2019 01:45:00 PM,2,0,0,,N,109534,11,Front to Rear,21,CLEAR,1,DAYLIGHT,12,MOTOR VEHICLE IN TRANSPORT,LEBANON PKE & HICKORY HILL LN,HERMITAGE,TN,37076,9531,HERMIT,36.1889,-86.6283,POINT (-86.6283 36.1889)
20190004332,01/02/2019 04:05:00 PM,1,0,0,,N,256386,0,NOT COLLISION W/MOTOR VEHICLE-TRANSPORT,21,CLEAR,5,DUSK,50,DEER (ANIMAL),BELL RD & HARBORWOOD DR,NASHVILLE,TN,37214,8989,HERMIT,36.1327,-86.6292,POINT (-86.6292 36.1327)
20190268007,04/07/2019 06:35:00 PM,2,0,0,,N,420040,6,SIDESWIPE - OPPOSITE DIRECTION,22,CLOUDY,1,DAYLIGHT,12,MOTOR VEHICLE IN TRANSPORT,WEDGEWOOD AV & MAGNOLIA BLVD,NASHVILLE,TN,37212,6619,MIDTOW,36.1366,-86.7952,POINT (-86.7952 36.1366)
20190021580,01/09/2019 09:00:00 AM,2,0,0,,N,226622,11,Front to Rear,21,CLEAR,1,DAYLIGHT,12,MOTOR VEHICLE IN TRANSPORT,CHARLOTTE AV & 47TH AVN,NASHVILLE,TN,37209,5129,WEST,36.1522,-86.8432,POINT (-86.8432 36.1522)
20190183510,03/08/2019 07:18:00 AM,2,0,0,,N,676834,11,Front to Rear,2,RAIN,1,DAYLIGHT,12,MOTOR VEHICLE IN TRANSPORT,MM 87 3 I 65,NASHVILLE,TN,37207,1804,EAST,36.2068,-86.7762,POINT (-86.7762 36.2068)
20190471568,06/21/2019 04:15:00 PM,2,1,0,,N,330443,11,Front to Rear,21,CLEAR,1,DAYLIGHT,12,MOTOR VEHICLE IN TRANSPORT,MM 90 9 I 65,MADISON,TN,37115,20044,MADISO,36.2468,-86.7444,POINT (-86.7444 36.2468)
20190122032,02/14/2019 09:30:00 AM,2,0,0,,N,226136,11,Front to Rear,22,CLOUDY,1,DAYLIGHT,12,MOTOR VEHICLE IN TRANSPORT,HILLSBORO PKE & GOLF CLUB LN,NASHVILLE,TN,37215,6419,MIDTOW,36.1174,-86.8103,POINT (-86.8103 36.1174)
20190381485,05/18/2019 10:15:00 PM,1,1,0,Y,N,279214,0,NOT COLLISION W/MOTOR VEHICLE-TRANSPORT,21,CLEAR,3,DARK - LIGHTED,71,EMBANKMENT EARTH,ACKLEN AV & 10TH AVS,NASHVILLE,TN,37204,6917,MIDTOW,36.1335,-86.7852,POINT (-86.7852 36.1335)
20190460300,06/17/2019 06:09:00 PM,2,0,0,,N,226827,11,Front to Rear,22,CLOUDY,1,DAYLIGHT,12,MOTOR VEHICLE IN TRANSPORT,MM 94 4 I 65,MADISON,TN,37115,17042,MADISO,36.2921,-86.7207,POINT (-86.7207 36.2921)
20190329363,04/29/2019 03:01:00 PM,2,0,0,,Y,717341,11,Front to Rear,21,CLEAR,1,DAYLIGHT,12,MOTOR VEHICLE IN TRANSPORT,LAFAYETTE ST & FAIRFIELD AV,NASHVILLE,TN,37210,8133,SOUTH,36.1473,-86.7579,POINT (-86.7579 36.1473)
20190219570,03/21/2019 07:19:00 AM,2,1,0,,N,191578,11,Front to Rear,21,CLEAR,1,DAYLIGHT,12,MOTOR VEHICLE IN TRANSPORT,BELL RD & HERON POINTE DR,NASHVILLE,TN,37214,8943,HERMIT,36.1184,-86.6311,POINT (-86.6311 36.1184)
20190423526,06/03/2019 12:00:00 AM,2,0,0,,Y,298868,11,Front to Rear,21,CLEAR,1,DAYLIGHT,12,MOTOR VEHICLE IN TRANSPORT,MM 208 7 I 40,NASHVILLE,TN,37203,4202,CENTRA,36.1613,-86.7932,POINT (-86.7932 36.1613)
20190335654,05/01/2019 03:25:00 PM,2,0,0,,N,179582,11,Front to Rear,21,CLEAR,1,DAYLIGHT,12,MOTOR VEHICLE IN TRANSPORT,MM 58 1 I 24,ANTIOCH,TN,37013,88080,SOUTH,36.0572,-86.6767,POINT (-86.6767 36.0572)
20190558170,07/26/2019 05:49:00 PM,2,2,0,,N,330412,6,SIDESWIPE - OPPOSITE DIRECTION,21,CLEAR,1,DAYLIGHT,12,MOTOR VEHICLE IN TRANSPORT,DICKERSON PKE & OLD HICKORY BLVD,NASHVILLE,TN,37207,2133,MADISO,36.2693,-86.7557,POINT (-86.7557 36.2693)
20190510954,07/07/2019 08:25:00 PM,1,0,0,,N,320585,0,NOT COLLISION W/MOTOR VEHICLE-TRANSPORT,2,RAIN,3,DARK - LIGHTED,39,WALL,BRILEY PKWY S EXT RAMP & BRILEY PKWYS,NASHVILLE,TN,37214,9209,HERMIT,36.1924,-86.6874,POINT (-86.6874 36.1924)
20190195079,03/12/2019 07:24:00 PM,2,0,0,,Y,240979,11,Front to Rear,21,CLEAR,3,DARK - LIGHTED,12,MOTOR VEHICLE IN TRANSPORT,DUE WEST AVW & ACRE TRL,MADISON,TN,37115,1799,MADISO,36.2489,-86.7322,POINT (-86.7322 36.2489)
20190394860,05/23/2019 03:15:00 PM,2,0,0,,Y,256448,4,ANGLE,21,CLEAR,1,DAYLIGHT,12,MOTOR VEHICLE IN TRANSPORT,IRONWOOD DR & LAKELAND DR,NASHVILLE,TN,37214,9421,HERMIT,36.154,-86.6511,POINT (-86.6511 36.154)
20190120532,02/13/2019 09:18:00 PM,2,0,0,,N,299267,4,ANGLE,21,CLEAR,3,DARK - LIGHTED,12,MOTOR VEHICLE IN TRANSPORT,14TH AVN & I40 E EXT RAMP,NASHVILLE,TN,37203,5425,NORTH,36.1611,-86.7937,POINT (-86.7937 36.1611)
20190186888,03/09/2019 02:59:00 PM,2,0,0,,Y,298867,6,SIDESWIPE - OPPOSITE DIRECTION,2,RAIN,1,DAYLIGHT,12,MOTOR VEHICLE IN TRANSPORT,BROADMOOR DR & HILLSIDE RD,NASHVILLE,TN,37207,1845,EAST,36.2298,-86.7563,POINT (-86.7563 36.2298)
20190268127,04/07/2019 12:00:00 AM,2,1,0,,N,298868,6,SIDESWIPE - OPPOSITE DIRECTION,21,CLEAR,2,DARK - NOT LIGHTED,12;39,MOTOR VEHICLE IN TRANSPORT;WALL,URBANDALE AV & RICHLAND CREEK ENGLAND PA,NASHVILLE,TN,37209,4637,WEST,36.1546,-86.8541,POINT (-86.8541 36.1546)
20190053951,01/21/2019 12:52:00 PM,2,0,0,,N,279116,4,ANGLE,21,CLEAR,1,DAYLIGHT,12,MOTOR VEHICLE IN TRANSPORT,EDGEHILL AV & 11TH AVS,NASHVILLE,TN,37203,6807,MIDTOW,36.1422,-86.7852,POINT (-86.7852 36.1422)
20190029754,01/12/2019 04:28:00 AM,2,0,0,,Y,320602,11,Front to Rear,2,RAIN,3,DARK - LIGHTED,12;14,MOTOR VEHICLE IN TRANSPORT;PARKED MOTOR VEHICLE,CENTRAL PKE & FRIST BLVD,HERMITAGE,TN,37076,9529,HERMIT,36.1741,-86.6085,POINT (-86.6085 36.1741)
20190257548,04/03/2019 04:14:00 PM,2,0,0,,N,151132,4,ANGLE,21,CLEAR,1,DAYLIGHT,12,MOTOR VEHICLE IN TRANSPORT,MYATT DR & SPRING BRANCH DR,MADISON,TN,37115,1721,MADISO,36.2938,-86.6964,POINT (-86.6964 36.2938)
20190006954,01/03/2019 02:49:00 PM,2,1,0,,Y,256499,4,ANGLE,22,CLOUDY,1,DAYLIGHT,12,MOTOR VEHICLE IN TRANSPORT,15TH AVN & CHURCH ST,NASHVILLE,TN,37203,5517,MIDTOW,36.1574,-86.7927,POINT (-86.7927 36.1574)
20190203383,03/15/2019 02:17:00 PM,1,0,0,,N,226136,0,NOT COLLISION W/MOTOR VEHICLE-TRANSPORT,22,CLOUDY,1,DAYLIGHT,37,Other Traffic Barrier,EDMONDSON PKE & WHISPERING HILLS DR,NASHVILLE,TN,37211,8661,MIDTOW,36.0729,-86.7325,POINT (-86.7325 36.0729)
20190292601,04/16/2019 09:00:00 AM,2,0,0,,Y,206675,5,SIDESWIPE - SAME DIRECTION,21,CLEAR,1,DAYLIGHT,14,PARKED MOTOR VEHICLE,14TH AVS & WADE AV,NASHVILLE,TN,37212,6617,MIDTOW,36.138,-86.7904,POINT (-86.7904 36.138)
20190461082,06/18/2019 02:00:00 AM,3,0,0,,N,330441,11,Front to Rear,2,RAIN,2,DARK - NOT LIGHTED,12;14;54,MOTOR VEHICLE IN TRANSPORT;PARKED MOTOR VEHICLE;Set In Motion By Motor Vehicle,BROADWAY & 18TH AVS,NASHVILLE,TN,37203,5705,MIDTOW,36.1521,-86.7953,POINT (-86.7953 36.1521)
20190362404,05/11/2019 09:08:00 PM,1,0,0,Y,N,179606,0,NOT COLLISION W/MOTOR VEHICLE-TRANSPORT,2,RAIN,3,DARK - LIGHTED,16,THROWN OR FALLING OBJECT,WOODMONT BLVD & NOELTON AV,NASHVILLE,TN,37215,6415,MIDTOW,36.1122,-86.7943,POINT (-86.7943 36.1122)
20190237954,03/27/2019 03:49:00 PM,4,0,0,,N,330428,11,Front to Rear,21,CLEAR,1,DAYLIGHT,12,MOTOR VEHICLE IN TRANSPORT,MM 205 1 I 40,NASHVILLE,TN,37209,45020,WEST,36.1541,-86.8373,POINT (-86.8373 36.1541)
20190331564,04/30/2019 09:40:00 AM,2,0,0,,N,226136,11,Front to Rear,22,CLOUDY,1,DAYLIGHT,12,MOTOR VEHICLE IN TRANSPORT,I65 N EXT RAMP & SIDCO DR,NASHVILLE,TN,37220,8601,MIDTOW,36.082,-86.7617,POINT (-86.7617 36.082)
20190086896,02/01/2019 03:55:00 PM,2,0,0,,N,320585,11,Front to Rear,21,CLEAR,1,DAYLIGHT,12,MOTOR VEHICLE IN TRANSPORT,MM 212 6 I 40,NASHVILLE,TN,37210,90040,HERMIT,36.1439,-86.7382,POINT (-86.7382 36.1439)
20190273111,04/09/2019 12:00:00 AM,2,0,0,,Y,298861,5,SIDESWIPE - SAME DIRECTION,21,CLEAR,1,DAYLIGHT,12,MOTOR VEHICLE IN TRANSPORT,MURFREESBORO PKE & FOSTER AV,NASHVILLE,TN,37210,8161,SOUTH,36.1418,-86.7412,POINT (-86.7412 36.1418)
20190242383,03/29/2019 01:10:00 AM,2,0,0,,Y,151133,98,OTHER,21,CLEAR,3,DARK - LIGHTED,12,MOTOR VEHICLE IN TRANSPORT,INTERSTATE DR & WOODLAND ST,NASHVILLE,TN,37213,1105,CENTRA,36.1705,-86.7684,POINT (-86.7684 36.1705)
20190150342,02/24/2019 05:55:00 PM,2,1,0,,N,256423,11,Front to Rear,21,CLEAR,3,DARK - LIGHTED,12,MOTOR VEHICLE IN TRANSPORT,CLARKSVILLE PKE & CANTARUTTI RD,JOELTON,TN,37080,3245,NORTH,36.2825,-86.8774,POINT (-86.8774 36.2825)
20190422364,06/03/2019 08:30:00 AM,3,2,0,,N,223502,11,Front to Rear,21,CLEAR,1,DAYLIGHT,12,MOTOR VEHICLE IN TRANSPORT,GLENROSE AV & FOSTER AV,NASHVILLE,TN,37210,8105,SOUTH,36.1254,-86.7424,POINT (-86.7424 36.1254)
20190226790,03/23/2019 12:00:00 AM,2,0,0,,Y,212344,11,Front to Rear,21,CLEAR,5,DUSK,12,MOTOR VEHICLE IN TRANSPORT,SHELBY AV & S 14TH ST,NASHVILLE,TN,37206,1035,EAST,36.1708,-86.7468,POINT (-86.7468 36.1708)
20190492049,06/29/2019 10:50:00 PM,3,2,0,,N,197060,2,HEAD-ON,21,CLEAR,3,DARK - LIGHTED,12,MOTOR VEHICLE IN TRANSPORT,2353 RIVERCHASE BLVD,MADISON,TN,37115,1721,MADISO,36.3086,-86.6815,POINT (-86.6815 36.3086)
20190130239,02/17/2019 01:40:00 PM,2,0,0,,N,579971,11,Front to Rear,2,RAIN,1,DAYLIGHT,12,MOTOR VEHICLE IN TRANSPORT,PIN HOOK RD & HOBSON PKE,ANTIOCH,TN,37013,8927,SOUTH,36.0493,-86.5999,POINT (-86.5999 36.0493)
20190337029,05/02/2019 06:30:00 AM,1,0,0,Y,N,538214,0,NOT COLLISION W/MOTOR VEHICLE-TRANSPORT,21,CLEAR,3,DARK - LIGHTED,18,OTHER OBJECT (NOT FIXED),4TH AVS & LAFAYETTE ST,NASHVILLE,TN,37203,4007,CENTRA,36.1515,-86.7711,POINT (-86.7711 36.1515)
20190555618,07/25/2019 12:00:00 AM,3,1,0,,Y,320580,11,Front to Rear,21,CLEAR,1,DAYLIGHT,12,MOTOR VEHICLE IN TRANSPORT,LEBANON PKE & BLUEFIELD AV,NASHVILLE,TN,37214,9113,HERMIT,36.1696,-86.6721,POINT (-86.6721 36.1696)
20190307385,04/21/2019 08:35:00 PM,2,0,0,,Y,256493,4,ANGLE,21,CLEAR,3,DARK - LIGHTED,12,MOTOR VEHICLE IN TRANSPORT,SMITH SPRINGS RD & CASTLEGATE DR,NASHVILLE,TN,37217,8929,HERMIT,36.0891,-86.6149,POINT (-86.6149 36.0891)
20190331599,04/30/2019 10:04:00 AM,2,1,0,,N,620072,4,ANGLE,21,CLEAR,1,DAYLIGHT,12,MOTOR VEHICLE IN TRANSPORT,17TH AVS & BROADWAY,NASHVILLE,TN,37203,5705,MIDTOW,36.1533,-86.794,POINT (-86.794 36.1533)
20190404405,05/27/2019 12:06:00 PM,1,0,0,Y,N,134899,0,NOT COLLISION W/MOTOR VEHICLE-TRANSPORT,21,CLEAR,1,DAYLIGHT,30;33,UTILITY POLE;CURB,ANDREW JACKSON PKWY & OLD LEBANON DIRT R,HERMITAGE,TN,37076,9523,HERMIT,36.188,-86.6077,POINT (-86.6077 36.188)
20190096557,02/05/2019 11:00:00 AM,2,0,0,,Y,191578,5,SIDESWIPE - SAME DIRECTION,21,CLEAR,1,DAYLIGHT,12,MOTOR VEHICLE IN TRANSPORT,DODSON CHAPEL RD & HOGGETT FORD RD,HERMITAGE,TN,37076,9503,HERMIT,36.1698,-86.615,POINT (-86.615 36.1698)
20190466497,06/19/2019 11:42:00 PM,1,0,0,,N,256493,0,NOT COLLISION W/MOTOR VEHICLE-TRANSPORT,2,RAIN,3,DARK - LIGHTED,33,CURB,0 NASHBORO BLVD,NASHVILLE,TN,37217,8935,HERMIT,36.0897,-86.6426,POINT (-86.6426 36.0897)
20190332631,04/30/2019 05:30:00 PM,3,0,0,,N,267831,11,Front to Rear,21,CLEAR,1,DAYLIGHT,12,MOTOR VEHICLE IN TRANSPORT,MM 203 4 I 40,NASHVILLE,TN,37209,46021,WEST,36.1504,-86.8677,POINT (-86.8677 36.1504)
20190062837,01/24/2019 01:40:00 PM,2,0,0,,N,420035,4,ANGLE,21,CLEAR,1,DAYLIGHT,12,MOTOR VEHICLE IN TRANSPORT,MOVING CENTER CT & GALLATIN PKES,MADISON,TN,37115,1785,MADISO,36.2508,-86.7185,POINT (-86.7185 36.2508)
20190289268,04/15/2019 12:00:00 AM,2,0,0,,Y,714641,3,REAR-TO-REAR,21,CLEAR,1,DAYLIGHT,12;14,MOTOR VEHICLE IN TRANSPORT;PARKED MOTOR VEHICLE,4TH AVS & SYMPHONY PL,NASHVILLE,TN,37203,4091,CENTRA,36.1603,-86.7768,POINT (-86.7768 36.1603)
20190204069,03/15/2019 05:50:00 PM,2,0,0,,N,256448,11,Front to Rear,21,CLEAR,1,DAYLIGHT,12,MOTOR VEHICLE IN TRANSPORT,ELM HILL PKE & MCCRORY CREEK RD,NASHVILLE,TN,37214,9413,HERMIT,36.1437,-86.6553,POINT (-86.6553 36.1437)
20190002085,01/01/2019 07:15:00 PM,1,0,0,,N,156308,0,NOT COLLISION W/MOTOR VEHICLE-TRANSPORT,21,CLEAR,2,DARK - NOT LIGHTED,18,OTHER OBJECT (NOT FIXED),BRILEY PKWYW & BRILEY PKWYE,NASHVILLE,TN,37218,3216,NORTH,36.2254,-86.8638,POINT (-86.8638 36.2254)
20190416500,05/31/2019 01:20:00 PM,2,0,0,,Y,299238,4,ANGLE,21,CLEAR,1,DAYLIGHT,12,MOTOR VEHICLE IN TRANSPORT,GALLATIN PKE & MCCHESNEY AV,NASHVILLE,TN,37216,1441,EAST,36.2135,-86.7313,POINT (-86.7313 36.2135)
20190525071,07/13/2019 04:15:00 PM,2,0,0,,Y,256386,4,ANGLE,21,CLEAR,1,DAYLIGHT,12,MOTOR VEHICLE IN TRANSPORT,US HWY 41 & BELL RD,NASHVILLE,TN,37217,8939,HERMIT,36.0719,-86.6362,POINT (-86.6362 36.0719)
20190519140,07/11/2019 07:01:00 AM,2,0,0,,N,109534,4,ANGLE,21,CLEAR,1,DAYLIGHT,12,MOTOR VEHICLE IN TRANSPORT,MASSMAN DR & PATRICIA DR,NASHVILLE,TN,37217,8825,HERMIT,36.1349,-86.7048,POINT (-86.7048 36.1349)
20190463293,06/18/2019 12:00:00 AM,2,0,0,,Y,226827,4,ANGLE,22,CLOUDY,1,DAYLIGHT,12,MOTOR VEHICLE IN TRANSPORT,THE GALLERY AT RIVERGATE PVTDR & RIVERGA,MADISON,TN,37115,1731,MADISO,36.3015,-86.6918,POINT (-86.6918 36.3015)
20190138561,02/20/2019 11:30:00 AM,2,0,0,Y,N,676834,0,NOT COLLISION W/MOTOR VEHICLE-TRANSPORT,2,RAIN,1,DAYLIGHT,12;24,MOTOR VEHICLE IN TRANSPORT;GUARDRAIL FACE,MM 88 7 I 65,NASHVILLE,TN,37207,20021,MADISO,36.2269,-86.7738,POINT (-86.7738 36.2269)
20190281501,04/12/2019 11:57:00 AM,2,2,0,,N,226136,4,ANGLE,22,CLOUDY,1,DAYLIGHT,12,MOTOR VEHICLE IN TRANSPORT,WEDGEWOOD AV & I65 S EXT RAMP,NASHVILLE,TN,37204,6945,MIDTOW,36.1342,-86.7764,POINT (-86.7764 36.1342)
20190254481,04/02/2019 04:50:00 PM,3,3,0,,N,311328,98,OTHER,21,CLEAR,1,DAYLIGHT,12;16,MOTOR VEHICLE IN TRANSPORT;THROWN OR FALLING OBJECT,MM 48 0 I 24,NASHVILLE,TN,37213,1908,CENTRA,36.1759,-86.7721,POINT (-86.7721 36.1759)
20190205613,03/16/2019 11:39:00 AM,2,4,0,,Y,439917,5,SIDESWIPE - SAME DIRECTION,21,CLEAR,1,DAYLIGHT,12,MOTOR VEHICLE IN TRANSPORT,ROSA L PARKS BLVD & JEFFERSON ST,NASHVILLE,TN,37208,4237,CENTRA,36.1733,-86.7914,POINT (-86.7914 36.1733)
20190128327,02/16/2019 05:48:00 PM,2,1,0,,N,240966,4,ANGLE,21,CLEAR,3,DARK - LIGHTED,12,MOTOR VEHICLE IN TRANSPORT,DICKERSON PKE & DICKERSON PKE NB ENT RAM,NASHVILLE,TN,37207,1961,EAST,36.1812,-86.7736,POINT (-86.7736 36.1812)
20190508792,07/06/2019 01:40:00 PM,2,0,0,,N,298864,4,ANGLE,21,CLEAR,1,DAYLIGHT,12,MOTOR VEHICLE IN TRANSPORT,GALLATIN PKEN & ONE MILE PKWY,MADISON,TN,37115,1717,MADISO,36.2794,-86.7088,POINT (-86.7088 36.2794)
20190283228,04/13/2019 02:48:00 AM,2,0,0,,Y,298871,11,Front to Rear,21,CLEAR,3,DARK - LIGHTED,14,PARKED MOTOR VEHICLE,MCGAVOCK ST & 14TH AVS,NASHVILLE,TN,37203,5701,MIDTOW,36.1546,-86.7891,POINT (-86.7891 36.1546)
20190057625,01/22/2019 07:10:00 PM,2,0,0,,N,240959,4,ANGLE,21,CLEAR,2,DARK - NOT LIGHTED,14,PARKED MOTOR VEHICLE,FOREST WANDER WAY & MORNING STROLL DR,NASHVILLE,TN,37206,1357,EAST,36.1857,-86.7105,POINT (-86.7105 36.1857)
20190496211,07/01/2019 05:25:00 PM,2,3,0,,N,717341,4,ANGLE,21,CLEAR,1,DAYLIGHT,12,MOTOR VEHICLE IN TRANSPORT,MCCALL ST & SABRE DR,NASHVILLE,TN,37211,8407,SOUTH,36.099,-86.7327,POINT (-86.7327 36.099)