Accident Number,Date and Time,Number of Motor Vehicles,Number of Injuries,Number of Fatalities,Property Damage,Hit and Run,Reporting Officer,Collision Type Code,Collision Type Description,Weather Code,Weather Description,Illumination Code,Illumination Description,Harmful Code,Harmful Code Description,Street Address,City,State,ZIP,RPA,Precinct,Latitude,Longitude,Mapped Location
20190065676,01/25/2019 12:39:00 PM,3,2,0,,N,267831,11,Front to Rear,21,CLEAR,1,DAYLIGHT,12,MOTOR VEHICLE IN TRANSPORT,MM 2 2 I 440,NASHVILLE,TN,37215,6006,WEST,36.1272,-86.8152,POINT (-86.8152 36.1272)
20190410791,05/29/2019 05:15:00 PM,2,0,0,,N,717341,4,ANGLE,21,CLEAR,1,DAYLIGHT,12,MOTOR VEHICLE IN TRANSPORT,HAYWOOD LN & EZELL RD,NASHVILLE,TN,37211,8709,SOUTH,36.0696,-86.6944,POINT (-86.6944 36.0696)
20190203773,03/15/2019 05:11:00 PM,3,1,0,,N,256448,5,SIDESWIPE - SAME DIRECTION,21,CLEAR,1,DAYLIGHT,12,MOTOR VEHICLE IN TRANSPORT,MM 221 5 I 40,HERMITAGE,TN,37076,95020,HERMIT,36.1698,-86.5879,POINT (-86.5879 36.1698)
20190092864,02/04/2019 06:29:00 AM,2,0,0,,N,279230,11,Front to Rear,2,RAIN,1,DAYLIGHT,12,MOTOR VEHICLE IN TRANSPORT,BELL RD & MT VIEW RD,ANTIOCH,TN,37013,8865,SOUTH,36.05,-86.6496,POINT (-86.6496 36.05)
20190301291,04/19/2019 07:47:00 AM,2,0,0,,N,676834,11,Front to Rear,2,RAIN,1,DAYLIGHT,12,MOTOR VEHICLE IN TRANSPORT,MM 86 0 I 65,NASHVILLE,TN,37208,4304,CENTRA,36.1916,-86.7859,POINT (-86.7859 36.1916)
20190397609,05/24/2019 01:45:00 PM,2,0,0,,Y,320601,4,ANGLE,21,CLEAR,1,DAYLIGHT,12,MOTOR VEHICLE IN TRANSPORT,MM 53 9 I 24,NASHVILLE,TN,37211,88122,SOUTH,36.1073,-86.7197,POINT (-86.7197 36.1073)
20190420888,06/02/2019 03:05:00 PM,1,0,0,Y,N,320577,0,NOT COLLISION W/MOTOR VEHICLE-TRANSPORT,21,CLEAR,1,DAYLIGHT,47;71,FIRE HYDRANT;EMBANKMENT EARTH,NOLENSVILLE PKE & OCALA DR,NASHVILLE,TN,37211,8655,MIDTOW,36.0849,-86.7284,POINT (-86.7284 36.0849)
20190195422,03/12/2019 05:30:00 PM,2,0,0,,N,320597,11,Front to Rear,21,CLEAR,1,DAYLIGHT,12,MOTOR VEHICLE IN TRANSPORT,MURFREESBORO PKE & HOBSON PKE,ANTIOCH,TN,37013,8927,SOUTH,36.043,-86.6066,POINT (-86.6066 36.043)
20190369330,05/14/2019 04:32:00 PM,2,1,0,,N,352199,11,Front to Rear,21,CLEAR,1,DAYLIGHT,12,MOTOR VEHICLE IN TRANSPORT,TROUSDALE DR & HARDING PL,NASHVILLE,TN,37211,8603,MIDTOW,36.0808,-86.7584,POINT (-86.7584 36.0808)
20190401227,05/24/2019 07:30:00 PM,2,0,0,,Y,320600,3,REAR-TO-REAR,21,CLEAR,1,DAYLIGHT,14,PARKED MOTOR VEHICLE,0 OLD LEBANON PKE,NASHVILLE,TN,37214,9307,HERMIT,36.1698,-86.6736,POINT (-86.6736 36.1698)
20190353070,05/08/2019 09:22:00 AM,2,0,0,,N,226622,11,Front to Rear,21,CLEAR,1,DAYLIGHT,12,MOTOR VEHICLE IN TRANSPORT,MM 205 6 I 40,NASHVILLE,TN,37209,5228,WEST,36.1559,-86.8271,POINT (-86.8271 36.1559)
20190021503,01/09/2019 09:18:00 AM,2,0,0,,N,620072,5,SIDESWIPE - SAME DIRECTION,21,CLEAR,1,DAYLIGHT,12,MOTOR VEHICLE IN TRANSPORT,MM 2 2 I 440,NASHVILLE,TN,37215,6006,WEST,36.1272,-86.8152,POINT (-86.8152 36.1272)
20190514549,07/09/2019 01:47:00 PM,2,0,0,,N,653629,5,SIDESWIPE - SAME DIRECTION,21,CLEAR,1,DAYLIGHT,12,MOTOR VEHICLE IN TRANSPORT,CENTRAL PKE & OLD HICKORY BLVD,HERMITAGE,TN,37076,9529,HERMIT,36.1736,-86.6021,POINT (-86.6021 36.1736)
20190315901,04/24/2019 08:50:00 AM,2,0,0,,N,224824,5,SIDESWIPE - SAME DIRECTION,21,CLEAR,1,DAYLIGHT,12,MOTOR VEHICLE IN TRANSPORT,MM 212 9 I 40,NASHVILLE,TN,37210,82061,HERMIT,36.1404,-86.7312,POINT (-86.7312 36.1404)
20190444496,06/11/2019 05:03:00 PM,2,0,0,,N,352209,4,ANGLE,21,CLEAR,1,DAYLIGHT,12,MOTOR VEHICLE IN TRANSPORT,HART LN & JONES AV,NASHVILLE,TN,37207,1887,EAST,36.2206,-86.7542,POINT (-86.7542 36.2206)
20190313611,04/23/2019 03:28:00 PM,2,0,0,,N,206675,4,ANGLE,21,CLEAR,1,DAYLIGHT,12,MOTOR VEHICLE IN TRANSPORT,THOMPSON LN & SEABOARD DR,NASHVILLE,TN,37211,8521,MIDTOW,36.1112,-86.7497,POINT (-86.7497 36.1112)
20190503543,07/04/2019 05:29:00 AM,2,0,0,,N,352214,4,ANGLE,21,CLEAR,4,DAWN,12,MOTOR VEHICLE IN TRANSPORT,JAMES ROBERTSON PKWY & INTERSTATE DR,NASHVILLE,TN,37213,1105,CENTRA,36.1714,-86.769,POINT (-86.769 36.1714)
20190407868,05/28/2019 04:21:00 PM,2,1,0,,N,717341,11,Front to Rear,21,CLEAR,1,DAYLIGHT,12,MOTOR VEHICLE IN TRANSPORT,OLD HICKORY BLVD & EULALA DR,ANTIOCH,TN,37013,8757,SOUTH,36.0454,-86.7036,POINT (-86.7036 36.0454)
20190354516,05/08/2019 08:27:00 PM,1,1,0,,N,256417,0,NOT COLLISION W/MOTOR VEHICLE-TRANSPORT,21,CLEAR,3,DARK - LIGHTED,24,GUARDRAIL FACE,LEBANON PKE & JACKSON DOWNS BLVD,NASHVILLE,TN,37214,9403,HERMIT,36.1854,-86.6362,POINT (-86.6362 36.1854)
20190080573,01/30/2019 03:30:00 PM,2,0,0,,N,725756,5,SIDESWIPE - SAME DIRECTION,21,CLEAR,1,DAYLIGHT,12,MOTOR VEHICLE IN TRANSPORT,MM 200 2 I 40,NASHVILLE,TN,37205,4902,WEST,36.1212,-86.9107,POINT (-86.9107 36.1212)
20190109380,02/10/2019 12:50:00 AM,1,0,0,Y,Y,179603,0,NOT COLLISION W/MOTOR VEHICLE-TRANSPORT,21,CLEAR,2,DARK - NOT LIGHTED,1;34;47,DITCH;FIRE HYDRANT,BRICK CHURCH PKE & BELLSHIRE DR,NASHVILLE,TN,37207,2037,MADISO,36.2622,-86.776,POINT (-86.776 36.2622)
20190169501,03/03/2019 07:36:00 PM,3,0,0,,Y,281611,5,SIDESWIPE - SAME DIRECTION,21,CLEAR,2,DARK - NOT LIGHTED,14,PARKED MOTOR VEHICLE,BELLE FOREST CONDOS PVTDR & OLD HICKORY,NASHVILLE,TN,37205,4903,WEST,36.0776,-86.9199,POINT (-86.9199 36.0776)
20190138249,02/20/2019 09:15:00 AM,2,0,0,,N,414668,5,SIDESWIPE - SAME DIRECTION,2,RAIN,1,DAYLIGHT,12,MOTOR VEHICLE IN TRANSPORT,MM 88 0 I 65,NASHVILLE,TN,37207,18041,EAST,36.2165,-86.775,POINT (-86.775 36.2165)
20190106414,02/08/2019 04:55:00 PM,2,0,0,,Y,299238,11,Front to Rear,21,CLEAR,1,DAYLIGHT,12,MOTOR VEHICLE IN TRANSPORT,MM 46 7 I 24,NASHVILLE,TN,37207,19060,EAST,36.1922,-86.7755,POINT (-86.7755 36.1922)
20190578982,08/04/2019 07:29:00 AM,1,0,0,,N,332253,0,NOT COLLISION W/MOTOR VEHICLE-TRANSPORT,22,CLOUDY,1,DAYLIGHT,36,CONCRETE TRAFFIC BARRIER,MM 91 6 I 65,MADISON,TN,37115,2006,MADISO,36.2559,-86.7386,POINT (-86.7386 36.2559)
20190049625,01/19/2019 03:39:00 PM,2,0,0,,N,299267,4,ANGLE,2,RAIN,1,DAYLIGHT,12,MOTOR VEHICLE IN TRANSPORT,NOLENSVILLE PKE & ELYSIAN FIELDS CT,NASHVILLE,TN,37211,8415,SOUTH,36.0873,-86.7307,POINT (-86.7307 36.0873)
20190260492,04/04/2019 05:08:00 PM,2,0,0,,N,279124,11,Front to Rear,2,RAIN,1,DAYLIGHT,12,MOTOR VEHICLE IN TRANSPORT,MASHBURN RD & THOMPSON LN,NASHVILLE,TN,37211,8423,SOUTH,36.1097,-86.7311,POINT (-86.7311 36.1097)
20190217262,03/20/2019 01:58:00 PM,2,0,0,,N,226136,11,Front to Rear,21,CLEAR,1,DAYLIGHT,12,MOTOR VEHICLE IN TRANSPORT,NOLENSVILLE PKE & HARDING PL,NASHVILLE,TN,37211,8501,MIDTOW,36.0807,-86.7267,POINT (-86.7267 36.0807)
20190516466,07/10/2019 06:20:00 AM,2,0,0,,N,109495,11,Front to Rear,21,CLEAR,1,DAYLIGHT,12,MOTOR VEHICLE IN TRANSPORT,MM 5 3 I 440,NASHVILLE,TN,37204,81061,MIDTOW,36.1194,-86.7669,POINT (-86.7669 36.1194)
20190534796,07/17/2019 03:07:00 PM,2,0,0,,N,580819,5,SIDESWIPE - SAME DIRECTION,21,CLEAR,1,DAYLIGHT,14,PARKED MOTOR VEHICLE,COMMERCE ST & PRINTERS ALY,NASHVILLE,TN,37201,4105,CENTRA,36.1626,-86.7775,POINT (-86.7775 36.1626)
20190351108,05/07/2019 12:00:00 AM,1,0,0,Y,Y,298861,0,NOT COLLISION W/MOTOR VEHICLE-TRANSPORT,21,CLEAR,1,DAYLIGHT,18,OTHER OBJECT (NOT FIXED),MURFREESBORO PKE & FESSLERS LN,NASHVILLE,TN,37210,8117,SOUTH,36.1427,-86.744,POINT (-86.744 36.1427)
20190126497,02/15/2019 08:49:00 PM,3,2,0,,N,256386,5,SIDESWIPE - SAME DIRECTION,2,RAIN,3,DARK - LIGHTED,1;12,MOTOR VEHICLE IN TRANSPORT,MM 217 6 I 40,NASHVILLE,TN,37214,94040,HERMIT,36.1418,-86.6535,POINT (-86.6535 36.1418)
20190396787,05/24/2019 07:46:00 AM,2,0,0,,N,716886,11,Front to Rear,21,CLEAR,1,DAYLIGHT,12,MOTOR VEHICLE IN TRANSPORT,BRILEY PKWY S ENT RAMP & BRILEY PKWYS,NASHVILLE,TN,37217,8811,SOUTH,36.1182,-86.7017,POINT (-86.7017 36.1182)
20190344019,05/05/2019 12:05:00 AM,2,0,0,,Y,169414,11,Front to Rear,2,RAIN,3,DARK - LIGHTED,12,MOTOR VEHICLE IN TRANSPORT,BELL FORGE LNE & BELL RD,ANTIOCH,TN,37013,8865,SOUTH,36.0505,-86.6468,POINT (-86.6468 36.0505)
20190216811,03/20/2019 10:39:00 AM,2,1,0,,N,179602,11,Front to Rear,21,CLEAR,1,DAYLIGHT,12,MOTOR VEHICLE IN TRANSPORT,MM 87 1 I 65,NASHVILLE,TN,37207,18020,EAST,36.2041,-86.7765,POINT (-86.7765 36.2041)
20190270362,04/08/2019 12:00:00 AM,2,1,0,,N,151131,11,Front to Rear,2,RAIN,1,DAYLIGHT,12,MOTOR VEHICLE IN TRANSPORT,BRICK CHURCH PKE & WOODFOLK AV,NASHVILLE,TN,37207,3021,NORTH,36.2159,-86.7804,POINT (-86.7804 36.2159)
20190213193,03/19/2019 09:10:00 AM,2,0,0,,N,278580,11,Front to Rear,21,CLEAR,1,DAYLIGHT,12,MOTOR VEHICLE IN TRANSPORT,MM 87 0 I 65,NASHVILLE,TN,37207,18020,EAST,36.2018,-86.7766,POINT (-86.7766 36.2018)
20190063564,01/24/2019 07:07:00 PM,2,0,0,,Y,212343,5,SIDESWIPE - SAME DIRECTION,21,CLEAR,3,DARK - LIGHTED,12,MOTOR VEHICLE IN TRANSPORT,SHELBY AV & I24 E EXT RAMP,NASHVILLE,TN,37213,1007,CENTRA,36.1664,-86.7654,POINT (-86.7654 36.1664)
20190261913,04/05/2019 06:39:00 AM,2,0,0,,N,462474,11,Front to Rear,22,CLOUDY,1,DAYLIGHT,12,MOTOR VEHICLE IN TRANSPORT,MM 74 4 I 65,BRENTWOOD,TN,37027,8604,MIDTOW,36.0363,-86.7829,POINT (-86.7829 36.0363)
20190046324,01/18/2019 07:41:00 AM,2,2,0,,N,320574,2,HEAD-ON,22,CLOUDY,1,DAYLIGHT,12,MOTOR VEHICLE IN TRANSPORT,SMITH SPRINGS RD & SMITH SPRINGS CT,NASHVILLE,TN,37217,8941,HERMIT,36.0955,-86.6361,POINT (-86.6361 36.0955)
20190184269,03/08/2019 01:00:00 PM,2,0,0,,N,330411,5,SIDESWIPE - SAME DIRECTION,2,RAIN,1,DAYLIGHT,12,MOTOR VEHICLE IN TRANSPORT,BROADWAY & 17TH AVS,NASHVILLE,TN,37203,5705,MIDTOW,36.1531,-86.7942,POINT (-86.7942 36.1531)
20190389338,05/21/2019 08:39:00 PM,3,2,0,,Y,352179,11,Front to Rear,21,CLEAR,3,DARK - LIGHTED,12;54,MOTOR VEHICLE IN TRANSPORT;Set In Motion By Motor Vehicle,BLUE HOLE RD & BELL RD,ANTIOCH,TN,37013,8721,SOUTH,36.0458,-86.6744,POINT (-86.6744 36.0458)
20190432673,06/06/2019 09:30:00 PM,2,2,0,,N,717341,11,Front to Rear,2,RAIN,3,DARK - LIGHTED,12,MOTOR VEHICLE IN TRANSPORT,MCCALL ST & ANTIOCH PKE,NASHVILLE,TN,37211,8413,SOUTH,36.099,-86.7175,POINT (-86.7175 36.099)
20190460453,06/17/2019 08:14:00 PM,1,0,0,Y,Y,725756,0,NOT COLLISION W/MOTOR VEHICLE-TRANSPORT,2,RAIN,3,DARK - LIGHTED,31;40,"OTHER POST, POLE, SUPP.;MAIL BOX",OLD HARDING PKE & SOUTH COLONY DR,NASHVILLE,TN,37221,4809,WEST,36.0523,-86.9522,POINT (-86.9522 36.0523)
20190372467,05/15/2019 04:26:00 PM,2,0,0,,N,807326,5,SIDESWIPE - SAME DIRECTION,21,CLEAR,1,DAYLIGHT,12,MOTOR VEHICLE IN TRANSPORT,MM 85 2 I 65,NASHVILLE,TN,37208,4404,NORTH,36.1833,-86.7989,POINT (-86.7989 36.1833)
20190418944,06/01/2019 05:05:00 PM,2,2,0,,N,633391,11,Front to Rear,21,CLEAR,1,DAYLIGHT,12,MOTOR VEHICLE IN TRANSPORT,CHARLOTTE AV & 38TH AVN,NASHVILLE,TN,37209,5237,WEST,36.1527,-86.8296,POINT (-86.8296 36.1527)
20190175451,03/05/2019 05:26:00 PM,2,0,0,,Y,151132,5,SIDESWIPE - SAME DIRECTION,21,CLEAR,3,DARK - LIGHTED,12,MOTOR VEHICLE IN TRANSPORT,BRICK CHURCH PKE & EWING DR,NASHVILLE,TN,37207,2031,MADISO,36.2316,-86.7815,POINT (-86.7815 36.2316)
20190491634,06/29/2019 06:35:00 PM,2,0,0,,N,330415,4,ANGLE,21,CLEAR,1,DAYLIGHT,12,MOTOR VEHICLE IN TRANSPORT,0 4TH AVS,NASHVILLE,TN,37210,8143,SOUTH,36.1465,-86.7677,POINT (-86.7677 36.1465)
20190015990,01/07/2019 11:15:00 AM,2,0,0,,N,134899,11,Front to Rear,21,CLEAR,1,DAYLIGHT,12,MOTOR VEHICLE IN TRANSPORT,I40 W EXT RAMP & STEWARTS FERRY PKWY,NASHVILLE,TN,37214,9415,HERMIT,36.1571,-86.6305,POINT (-86.6305 36.1571)
20190294139,04/16/2019 05:45:00 PM,2,0,0,,N,226175,11,Front to Rear,21,CLEAR,1,DAYLIGHT,12,MOTOR VEHICLE IN TRANSPORT,HIGHWAY 100 & WARNER NATURE CTR PVTDR,NASHVILLE,TN,37221,6213,WEST,36.0611,-86.9131,POINT (-86.9131 36.0611)
20190034466,01/14/2019 09:01:00 AM,2,1,0,,N,109534,11,Front to Rear,22,CLOUDY,1,DAYLIGHT,12,MOTOR VEHICLE IN TRANSPORT,ELM HILL PKE & SPENCE LN,NASHVILLE,TN,37210,9017,HERMIT,36.144,-86.7226,POINT (-86.7226 36.144)
20190121386,02/14/2019 12:00:00 AM,2,0,0,,N,332298,11,Front to Rear,21,CLEAR,3,DARK - LIGHTED,12;14,MOTOR VEHICLE IN TRANSPORT;PARKED MOTOR VEHICLE,FRANKLIN PKE & OLD HICKORY BLVD,NASHVILLE,TN,37220,7111,MIDTOW,36.0377,-86.7865,POINT (-86.7865 36.0377)
20190170961,03/04/2019 10:00:00 AM,2,0,0,,N,414730,5,SIDESWIPE - SAME DIRECTION,21,CLEAR,1,DAYLIGHT,12,MOTOR VEHICLE IN TRANSPORT,BELLEVUE RD & BARLIN DR,NASHVILLE,TN,37221,4811,WEST,36.0673,-86.9417,POINT (-86.9417 36.0673)
20190206503,03/16/2019 08:23:00 PM,2,0,0,,N,311333,4,ANGLE,22,CLOUDY,7,Dark-Unknown Lighting,12,MOTOR VEHICLE IN TRANSPORT,MORRIS GENTRY BLVD & MURFREESBORO PKE,ANTIOCH,TN,37013,8865,SOUTH,36.0673,-86.6314,POINT (-86.6314 36.0673)
20190553087,07/24/2019 05:30:00 PM,2,0,0,,N,256427,5,SIDESWIPE - SAME DIRECTION,21,CLEAR,1,DAYLIGHT,12,MOTOR VEHICLE IN TRANSPORT,MM 211 7 I 40,NASHVILLE,TN,37210,82042,HERMIT,36.1499,-86.7483,POINT (-86.7483 36.1499)
20190495877,07/01/2019 03:01:00 PM,2,1,0,,N,320597,11,Front to Rear,21,CLEAR,1,DAYLIGHT,12,MOTOR VEHICLE IN TRANSPORT,MM 57 4 I 24,ANTIOCH,TN,37013,88080,SOUTH,36.0649,-86.6847,POINT (-86.6847 36.0649)
20190344044,05/05/2019 12:55:00 AM,2,0,0,,N,352196,11,Front to Rear,2,RAIN,3,DARK - LIGHTED,12,MOTOR VEHICLE IN TRANSPORT,DOUGLAS AV & GALLATIN AV,NASHVILLE,TN,37206,1325,EAST,36.1927,-86.7444,POINT (-86.7444 36.1927)
20190204955,03/16/2019 03:20:00 AM,2,0,0,,N,212321,4,ANGLE,21,CLEAR,3,DARK - LIGHTED,12,MOTOR VEHICLE IN TRANSPORT,MURFREESBORO PKE & FOREST VIEW DR,ANTIOCH,TN,37013,8865,SOUTH,36.0674,-86.6313,POINT (-86.6313 36.0674)
20190540392,07/19/2019 05:04:00 PM,2,0,0,,N,320599,11,Front to Rear,22,CLOUDY,1,DAYLIGHT,12,MOTOR VEHICLE IN TRANSPORT,I40 E ENT RAMP & I 24,NASHVILLE,TN,37217,8816,SOUTH,36.1363,-86.7267,POINT (-86.7267 36.1363)
20190270702,04/08/2019 05:32:00 PM,2,0,0,,N,256380,4,ANGLE,21,CLEAR,1,DAYLIGHT,12,MOTOR VEHICLE IN TRANSPORT,BRILEY PKWYN & ASHLAND CITY HWY,NASHVILLE,TN,37218,31040,NORTH,36.2094,-86.8715,POINT (-86.8715 36.2094)
20190468434,06/20/2019 02:38:00 PM,2,0,0,,N,320585,11,Front to Rear,21,CLEAR,1,DAYLIGHT,12,MOTOR VEHICLE IN TRANSPORT,MM 213 9 I 40,NASHVILLE,TN,37217,8802,HERMIT,36.1415,-86.7148,POINT (-86.7148 36.1415)
20190557982,07/26/2019 03:55:00 PM,3,0,0,,Y,267831,11,Front to Rear,21,CLEAR,1,DAYLIGHT,12,MOTOR VEHICLE IN TRANSPORT,MM 193 7 I 40,NASHVILLE,TN,37221,4704,WEST,36.0779,-86.9978,POINT (-86.9978 36.0779)
20190164355,03/01/2019 01:26:00 PM,2,1,0,,N,834798,4,ANGLE,21,CLEAR,1,DAYLIGHT,12,MOTOR VEHICLE IN TRANSPORT,8TH AVS & EAST ARGYLE AV,NASHVILLE,TN,37203,6901,MIDTOW,36.1347,-86.7791,POINT (-86.7791 36.1347)
20190050750,01/20/2019 03:11:00 AM,3,0,0,,Y,110064,11,Front to Rear,21,CLEAR,3,DARK - LIGHTED,14,PARKED MOTOR VEHICLE,ELYSIAN FIELDS CT & NOLENSVILLE PKE,NASHVILLE,TN,37211,8415,SOUTH,36.087,-86.73,POINT (-86.73 36.087)
20190450591,06/13/2019 06:15:00 PM,2,0,0,,N,330443,11,Front to Rear,21,CLEAR,1,DAYLIGHT,12,MOTOR VEHICLE IN TRANSPORT,MM 41 9 I 24,WHITES CREEK,TN,37189,20161,MADISO,36.2591,-86.7877,POINT (-86.7877 36.2591)
20190392460,05/22/2019 10:30:00 PM,2,0,0,,Y,352207,11,Front to Rear,21,CLEAR,3,DARK - LIGHTED,12,MOTOR VEHICLE IN TRANSPORT,I24 W EXT RAMP & I 24,NASHVILLE,TN,37211,8829,SOUTH,36.1074,-86.7197,POINT (-86.7197 36.1074)
20190164956,03/01/2019 05:58:00 PM,2,0,0,,N,256389,2,HEAD-ON,21,CLEAR,3,DARK - LIGHTED,12,MOTOR VEHICLE IN TRANSPORT,SIDCO DR & HARDING PL,NASHVILLE,TN,37204,8531,MIDTOW,36.0834,-86.7616,POINT (-86.7616 36.0834)
20190220511,03/21/2019 01:25:00 PM,3,0,0,,Y,676834,4,ANGLE,21,CLEAR,1,DAYLIGHT,12;54,MOTOR VEHICLE IN TRANSPORT;Set In Motion By Motor Vehicle,28TH AVN & FELICIA ST,NASHVILLE,TN,37209,5313,NORTH,36.1547,-86.8185,POINT (-86.8185 36.1547)
20190110430,02/10/2019 01:30:00 PM,2,0,0,,N,375570,4,ANGLE,2,RAIN,1,DAYLIGHT,12,MOTOR VEHICLE IN TRANSPORT,E OLD HICKORY BLVD & MYATT DR,MADISON,TN,37115,1629,MADISO,36.2631,-86.6905,POINT (-86.6905 36.2631)
20190306279,04/21/2019 09:20:00 AM,2,0,0,,Y,405391,4,ANGLE,21,CLEAR,1,DAYLIGHT,14,PARKED MOTOR VEHICLE,PREMIER DR & THUNDERBIRD DR,NASHVILLE,TN,37209,5023,WEST,36.1438,-86.8814,POINT (-86.8814 36.1438)
20190246214,03/30/2019 01:25:00 PM,2,3,0,,N,311799,5,SIDESWIPE - SAME DIRECTION,22,CLOUDY,1,DAYLIGHT,1;12;36,MOTOR VEHICLE IN TRANSPORT;CONCRETE TRAFFIC BARRIER,BRILEY PKWYW & DOVERSIDE DR,NASHVILLE,TN,37207,20141,MADISO,36.2393,-86.7768,POINT (-86.7768 36.2393)
20190483780,06/26/2019 06:20:00 PM,2,4,0,,N,433550,11,Front to Rear,21,CLEAR,1,DAYLIGHT,12,MOTOR VEHICLE IN TRANSPORT,TULIP GROVE RD & ROCKWOOD DR,HERMITAGE,TN,37076,9557,HERMIT,36.1758,-86.5945,POINT (-86.5945 36.1758)
20190312177,04/23/2019 08:32:00 AM,2,0,0,,N,191578,5,SIDESWIPE - SAME DIRECTION,21,CLEAR,1,DAYLIGHT,12,MOTOR VEHICLE IN TRANSPORT,OLD HICKORY BLVD & DODSON CHAPEL RD,HERMITAGE,TN,37076,9561,HERMIT,36.1835,-86.6108,POINT (-86.6108 36.1835)
20190502445,07/03/2019 04:59:00 PM,2,0,0,,Y,206675,11,Front to Rear,21,CLEAR,1,DAYLIGHT,12,MOTOR VEHICLE IN TRANSPORT,NOLENSVILLE PKE & STRASSER DR,NASHVILLE,TN,37211,8659,MIDTOW,36.0601,-86.7164,POINT (-86.7164 36.0601)
20190326513,04/28/2019 05:00:00 AM,1,0,0,Y,Y,405391,0,NOT COLLISION W/MOTOR VEHICLE-TRANSPORT,21,CLEAR,2,DARK - NOT LIGHTED,30,UTILITY POLE,RIVER ROAD PKE & LAKEVIEW DR,NASHVILLE,TN,37209,4705,WEST,36.1662,-86.947,POINT (-86.947 36.1662)
20190269546,04/08/2019 09:14:00 AM,2,0,0,,N,332253,11,Front to Rear,2,RAIN,1,DAYLIGHT,12,MOTOR VEHICLE IN TRANSPORT,MM 40 5 I 24,WHITES CREEK,TN,37189,3314,NORTH,36.2776,-86.8006,POINT (-86.8006 36.2776)
20190134109,02/19/2019 01:30:00 AM,2,0,0,,N,212307,11,Front to Rear,21,CLEAR,3,DARK - LIGHTED,14,PARKED MOTOR VEHICLE,7TH AVN & BROADWAY,NASHVILLE,TN,37203,4113,CENTRA,36.1599,-86.7813,POINT (-86.7813 36.1599)
20190097523,02/05/2019 04:20:00 PM,2,0,0,,N,298868,11,Front to Rear,22,CLOUDY,1,DAYLIGHT,12,MOTOR VEHICLE IN TRANSPORT,WOODMONT BLVD & ECHO HILL RD,NASHVILLE,TN,37215,6105,WEST,36.1149,-86.8206,POINT (-86.8206 36.1149)
20190431516,06/06/2019 12:30:00 PM,3,0,0,,N,352184,11,Front to Rear,22,CLOUDY,1,DAYLIGHT,12,MOTOR VEHICLE IN TRANSPORT,MM 48 9 I 24,NASHVILLE,TN,37213,1104,CENTRA,36.1676,-86.7656,POINT (-86.7656 36.1676)
20190206901,03/17/2019 01:05:00 AM,2,0,0,,Y,206672,4,ANGLE,21,CLEAR,3,DARK - LIGHTED,12,MOTOR VEHICLE IN TRANSPORT,DUE WEST AVE & GALLATIN PKES,MADISON,TN,37115,1519,MADISO,36.2481,-86.7203,POINT (-86.7203 36.2481)
20190374278,05/16/2019 07:00:00 AM,3,1,0,,N,538214,11,Front to Rear,21,CLEAR,1,DAYLIGHT,12,MOTOR VEHICLE IN TRANSPORT,MM 209 3 I 40,NASHVILLE,TN,37203,40041,CENTRA,36.1537,-86.7878,POINT (-86.7878 36.1537)
20190065294,01/25/2019 10:13:00 AM,2,1,0,,N,462474,11,Front to Rear,21,CLEAR,1,DAYLIGHT,12,MOTOR VEHICLE IN TRANSPORT,MM 81 4 I 65,NASHVILLE,TN,37203,68042,MIDTOW,36.1348,-86.7756,POINT (-86.7756 36.1348)
20190417832,06/01/2019 02:00:00 AM,2,0,0,,Y,298871,4,ANGLE,21,CLEAR,3,DARK - LIGHTED,14,PARKED MOTOR VEHICLE,1911 DIVISION ST,NASHVILLE,TN,37212,6711,MIDTOW,36.1497,-86.7967,POINT (-86.7967 36.1497)
20190167672,03/02/2019 10:35:00 PM,2,1,0,Y,N,256376,0,NOT COLLISION W/MOTOR VEHICLE-TRANSPORT,21,CLEAR,3,DARK - LIGHTED,12;14;38;39,MOTOR VEHICLE IN TRANSPORT;PARKED MOTOR VEHICLE;FENCE;WALL,GARFIELD ST & ARTHUR AV,NASHVILLE,TN,37208,4327,NORTH,36.1771,-86.7999,POINT (-86.7999 36.1771)
20190308074,04/22/2019 04:35:00 AM,1,0,0,Y,N,279198,0,NOT COLLISION W/MOTOR VEHICLE-TRANSPORT,21,CLEAR,3,DARK - LIGHTED,38,FENCE,I24 W EXT RAMP & I 24,NASHVILLE,TN,37211,8829,SOUTH,36.1074,-86.7197,POINT (-86.7197 36.1074)
20190542548,07/20/2019 02:10:00 PM,2,0,0,,N,414668,4,ANGLE,21,CLEAR,1,DAYLIGHT,12,MOTOR VEHICLE IN TRANSPORT,JAMES ROBERTSON PKWY & ELLINGTON PKWY N,NASHVILLE,TN,37206,1109,EAST,36.1718,-86.768,POINT (-86.768 36.1718)
20190270556,04/08/2019 04:47:00 PM,2,0,0,,N,151132,11,Front to Rear,22,CLOUDY,1,DAYLIGHT,12,MOTOR VEHICLE IN TRANSPORT,WOODRUFF ST & DOUGLAS ST,MADISON,TN,37115,1781,MADISO,36.2605,-86.7156,POINT (-86.7156 36.2605)
20190310468,04/22/2019 09:46:00 PM,2,0,0,,N,807326,5,SIDESWIPE - SAME DIRECTION,21,CLEAR,3,DARK - LIGHTED,12,MOTOR VEHICLE IN TRANSPORT,MM 209 5 I 40,NASHVILLE,TN,37203,40040,CENTRA,36.1502,-86.7844,POINT (-86.7844 36.1502)