Accident Number,Date and Time,Number of Motor Vehicles,Number of Injuries,Number of Fatalities,Property Damage,Hit and Run,Reporting Officer,Collision Type Code,Collision Type Description,Weather Code,Weather Description,Illumination Code,Illumination Description,Harmful Code,Harmful Code Description,Street Address,City,State,ZIP,RPA,Precinct,Latitude,Longitude,Mapped Location
20190490959,06/29/2019 11:56:00 AM,2,0,0,,Y,352161,11,Front to Rear,21,CLEAR,1,DAYLIGHT,12,MOTOR VEHICLE IN TRANSPORT,HARDING PL & NOLENSVILLE PKE,NASHVILLE,TN,37211,8705,SOUTH,36.0797,-86.7261,POINT (-86.7261 36.0797)
20190023047,01/09/2019 07:56:00 PM,2,1,0,,N,256383,11,Front to Rear,21,CLEAR,3,DARK - LIGHTED,12;36,MOTOR VEHICLE IN TRANSPORT;CONCRETE TRAFFIC BARRIER,I440 W ENT RAMP & I 24,NASHVILLE,TN,37217,8801,SOUTH,36.1232,-86.7263,POINT (-86.7263 36.1232)
20190136775,02/19/2019 08:42:00 PM,1,1,0,,N,256411,0,NOT COLLISION W/MOTOR VEHICLE-TRANSPORT,2,RAIN,3,DARK - LIGHTED,8,PEDESTRIAN,DR D B TODD JR BLVD & UNDERWOOD ST,NASHVILLE,TN,37208,4475,NORTH,36.1733,-86.8083,POINT (-86.8083 36.1733)
20190460552,06/17/2019 09:18:00 PM,2,0,0,,N,298877,11,Front to Rear,2,RAIN,3,DARK - LIGHTED,12,MOTOR VEHICLE IN TRANSPORT,NOLENSVILLE PKE & HARDING PL,NASHVILLE,TN,37211,8445,SOUTH,36.0809,-86.7267,POINT (-86.7267 36.0809)
20190439177,06/09/2019 05:58:00 PM,2,1,0,,N,256386,4,ANGLE,2,RAIN,1,DAYLIGHT,12,MOTOR VEHICLE IN TRANSPORT,MM 58 2 I 24,ANTIOCH,TN,37013,87060,SOUTH,36.0564,-86.6761,POINT (-86.6761 36.0564)
20190350743,05/07/2019 02:18:00 PM,2,0,0,,N,191578,4,ANGLE,21,CLEAR,1,DAYLIGHT,12,MOTOR VEHICLE IN TRANSPORT,ELM HILL PKE & ELM HILL PKE WB EXT RAMP,NASHVILLE,TN,37210,9041,HERMIT,36.1515,-86.6914,POINT (-86.6914 36.1515)
20190130076,02/17/2019 12:45:00 PM,1,1,0,,N,161952,0,NOT COLLISION W/MOTOR VEHICLE-TRANSPORT,2,RAIN,1,DAYLIGHT,34;36;64,DITCH;CONCRETE TRAFFIC BARRIER;Ran Off Road-Left,BRILEY PKWYW & BRILEY PKWY W EXT RAMP,MADISON,TN,37115,1598,MADISO,36.2346,-86.7177,POINT (-86.7177 36.2346)
20190433787,06/07/2019 09:10:00 AM,2,0,0,,N,226134,5,SIDESWIPE - SAME DIRECTION,2,RAIN,1,DAYLIGHT,12,MOTOR VEHICLE IN TRANSPORT,CAPITAL FUNDS CT & RANSOM PL,NASHVILLE,TN,37217,8853,SOUTH,36.0888,-86.6508,POINT (-86.6508 36.0888)
20190362709,05/12/2019 12:30:00 AM,1,0,0,,N,298859,0,NOT COLLISION W/MOTOR VEHICLE-TRANSPORT,2,RAIN,2,DARK - NOT LIGHTED,34,DITCH,BELL RD & OLD HICKORY BLVD,HERMITAGE,TN,37076,9527,HERMIT,36.169,-86.6006,POINT (-86.6006 36.169)
20190062037,01/24/2019 08:08:00 AM,2,0,0,,Y,224955,4,ANGLE,22,CLOUDY,1,DAYLIGHT,14,PARKED MOTOR VEHICLE,GALLATIN PKEN & SHEPHERD HILLS DR,MADISON,TN,37115,1731,MADISO,36.3009,-86.6946,POINT (-86.6946 36.3009)
20190382983,05/19/2019 03:34:00 PM,3,0,0,,N,299253,11,Front to Rear,2,RAIN,1,DAYLIGHT,12,MOTOR VEHICLE IN TRANSPORT,MM 47 5 I 24,NASHVILLE,TN,37207,19021,EAST,36.1817,-86.7747,POINT (-86.7747 36.1817)
20190540082,07/19/2019 02:54:00 PM,2,1,0,,N,256389,11,Front to Rear,21,CLEAR,1,DAYLIGHT,12,MOTOR VEHICLE IN TRANSPORT,MM 4 0 I 440,NASHVILLE,TN,37204,7010,MIDTOW,36.1161,-86.7901,POINT (-86.7901 36.1161)
20190108324,02/09/2019 12:27:00 PM,2,0,0,,Y,553957,4,ANGLE,22,CLOUDY,1,DAYLIGHT,12,MOTOR VEHICLE IN TRANSPORT,I40 W EXT RAMP & I 40,NASHVILLE,TN,37203,4119,CENTRA,36.1574,-86.79,POINT (-86.79 36.1574)
20190283646,04/13/2019 07:50:00 AM,2,0,0,,N,591933,4,ANGLE,2,RAIN,1,DAYLIGHT,12,MOTOR VEHICLE IN TRANSPORT,CROSSINGS BLVD & MT VIEW RD,ANTIOCH,TN,37013,8863,SOUTH,36.0455,-86.6473,POINT (-86.6473 36.0455)
20190145282,02/22/2019 02:05:00 PM,1,1,0,,N,226136,0,NOT COLLISION W/MOTOR VEHICLE-TRANSPORT,2,RAIN,1,DAYLIGHT,36,CONCRETE TRAFFIC BARRIER,MM 209 3 I 40,NASHVILLE,TN,37203,40041,CENTRA,36.1537,-86.7878,POINT (-86.7878 36.1537)
20190032773,01/13/2019 04:46:00 PM,1,0,0,Y,N,206682,0,NOT COLLISION W/MOTOR VEHICLE-TRANSPORT,21,CLEAR,1,DAYLIGHT,24,GUARDRAIL FACE,RIO VISTA DR & ANDERSON LN,MADISON,TN,37115,1713,MADISO,36.2718,-86.6845,POINT (-86.6845 36.2718)
20190171745,03/04/2019 02:56:00 PM,1,0,0,Y,N,256379,0,NOT COLLISION W/MOTOR VEHICLE-TRANSPORT,21,CLEAR,1,DAYLIGHT,19,BUILDING,BRIDGEWAY CIR & BRIDGEWAY DR,NASHVILLE,TN,37211,8409,SOUTH,36.1019,-86.7164,POINT (-86.7164 36.1019)
20190514254,07/09/2019 10:45:00 AM,2,0,0,,Y,665896,5,SIDESWIPE - SAME DIRECTION,21,CLEAR,1,DAYLIGHT,12,MOTOR VEHICLE IN TRANSPORT,MM 48 4 I 24,NASHVILLE,TN,37206,1102,EAST,36.1715,-86.768,POINT (-86.768 36.1715)
20190353440,05/08/2019 12:17:00 PM,2,0,0,,N,191578,4,ANGLE,21,CLEAR,1,DAYLIGHT,12,MOTOR VEHICLE IN TRANSPORT,CRAIGMEADE DR & LEBANON PKE,NASHVILLE,TN,37214,9027,HERMIT,36.168,-86.6913,POINT (-86.6913 36.168)
20190521987,07/12/2019 09:10:00 AM,2,0,0,,Y,109534,11,Front to Rear,21,CLEAR,1,DAYLIGHT,12;99,MOTOR VEHICLE IN TRANSPORT;UNKNOWN MOST HARMFUL EVENT,TULIP GROVE RD & ROCKWOOD DR,HERMITAGE,TN,37076,9557,HERMIT,36.1758,-86.5945,POINT (-86.5945 36.1758)
20190577272,08/03/2019 01:34:00 PM,2,0,0,,N,224824,11,Front to Rear,21,CLEAR,1,DAYLIGHT,12,MOTOR VEHICLE IN TRANSPORT,LEBANON PKE & OLD HICKORY BLVD,HERMITAGE,TN,37076,9613,HERMIT,36.1756,-86.6154,POINT (-86.6154 36.1756)
20190180522,03/07/2019 07:30:00 AM,2,0,0,,N,676834,0,NOT COLLISION W/MOTOR VEHICLE-TRANSPORT,21,CLEAR,1,DAYLIGHT,16,THROWN OR FALLING OBJECT,MM 207 2 I 40,NASHVILLE,TN,37208,54020,NORTH,36.1698,-86.8089,POINT (-86.8089 36.1698)
20190383197,05/19/2019 06:02:00 PM,2,1,0,,N,320585,4,ANGLE,21,CLEAR,1,DAYLIGHT,12,MOTOR VEHICLE IN TRANSPORT,CANNON ST & CHARLES E DAVIS BLVD,NASHVILLE,TN,37210,8209,HERMIT,36.151,-86.7622,POINT (-86.7622 36.151)
20190071396,01/27/2019 09:30:00 PM,3,0,0,,Y,462485,3,REAR-TO-REAR,21,CLEAR,3,DARK - LIGHTED,12;14,MOTOR VEHICLE IN TRANSPORT;PARKED MOTOR VEHICLE,MURFREESBORO PKE & PLUS PARK BLVD,NASHVILLE,TN,37217,8815,HERMIT,36.1337,-86.722,POINT (-86.722 36.1337)
20190267367,04/07/2019 10:53:00 AM,2,0,0,,N,544481,4,ANGLE,2,RAIN,1,DAYLIGHT,12,MOTOR VEHICLE IN TRANSPORT,DICKERSON PKE & BROADMOOR DR,NASHVILLE,TN,37207,1811,EAST,36.2294,-86.7593,POINT (-86.7593 36.2294)
20190528602,07/15/2019 09:49:00 AM,2,0,0,,Y,352199,11,Front to Rear,2,RAIN,1,DAYLIGHT,12,MOTOR VEHICLE IN TRANSPORT,I40 E EXT RAMP & OLD HICKORY BLVD,HERMITAGE,TN,37076,9527,HERMIT,36.1696,-86.601,POINT (-86.601 36.1696)
20190453003,06/14/2019 02:38:00 PM,2,0,0,,N,299266,11,Front to Rear,21,CLEAR,,,12,MOTOR VEHICLE IN TRANSPORT,MM 6 5 I 440,NASHVILLE,TN,37210,81040,SOUTH,36.1242,-86.7451,POINT (-86.7451 36.1242)
20190016772,01/07/2019 03:45:00 PM,2,0,0,,Y,134903,4,ANGLE,22,CLOUDY,1,DAYLIGHT,12,MOTOR VEHICLE IN TRANSPORT,OLD HICKORY BLVD & CENTRAL PKE,HERMITAGE,TN,37076,9557,HERMIT,36.1676,-86.7787,POINT (-86.7787 36.1676)
20190022072,01/09/2019 01:12:00 PM,3,0,0,,N,267831,5,SIDESWIPE - SAME DIRECTION,21,CLEAR,1,DAYLIGHT,12,MOTOR VEHICLE IN TRANSPORT,MM 203 4 I 40,NASHVILLE,TN,37209,46021,WEST,36.1504,-86.8677,POINT (-86.8677 36.1504)
20190465006,06/19/2019 12:18:00 PM,2,0,0,,N,462474,11,Front to Rear,21,CLEAR,1,DAYLIGHT,12,MOTOR VEHICLE IN TRANSPORT,OLD HICKORY BLVD & COPPERFIELD WAY,BRENTWOOD,TN,37027,8621,MIDTOW,36.0417,-86.7486,POINT (-86.7486 36.0417)
20190378371,05/17/2019 02:40:00 PM,2,0,0,,N,298868,11,Front to Rear,21,CLEAR,1,DAYLIGHT,12,MOTOR VEHICLE IN TRANSPORT,CENTENNIAL PL & CENTENNIAL BLVD,NASHVILLE,TN,37209,4653,WEST,36.1767,-86.8766,POINT (-86.8766 36.1767)
20190304799,04/20/2019 05:32:00 PM,2,3,0,,N,279194,4,ANGLE,21,CLEAR,1,DAYLIGHT,12,MOTOR VEHICLE IN TRANSPORT,CLAY ST & OWEN ST,NASHVILLE,TN,37208,4407,NORTH,36.1844,-86.8054,POINT (-86.8054 36.1844)
20190329815,04/29/2019 06:32:00 PM,2,0,0,,N,256426,11,Front to Rear,21,CLEAR,1,DAYLIGHT,12,MOTOR VEHICLE IN TRANSPORT,MM 213 0 I 40,NASHVILLE,TN,37210,8219,HERMIT,36.1407,-86.7323,POINT (-86.7323 36.1407)
20190461800,06/18/2019 08:45:00 AM,2,0,0,,N,320601,11,Front to Rear,22,CLOUDY,1,DAYLIGHT,12,MOTOR VEHICLE IN TRANSPORT,BELL RD & BEECHWOOD TER,ANTIOCH,TN,37013,8753,SOUTH,36.0449,-86.6684,POINT (-86.6684 36.0449)
20190525021,07/13/2019 03:24:00 PM,3,0,0,,N,320599,11,Front to Rear,21,CLEAR,1,DAYLIGHT,12,MOTOR VEHICLE IN TRANSPORT,LEBANON PKE & COTTAGE LN,NASHVILLE,TN,37214,9027,HERMIT,36.1679,-86.6925,POINT (-86.6925 36.1679)
20190136435,02/19/2019 05:44:00 PM,3,2,0,,Y,240979,11,Front to Rear,2,RAIN,3,DARK - LIGHTED,12,MOTOR VEHICLE IN TRANSPORT,N GRAYCROFT AV & E CAMPBELL RD,MADISON,TN,37115,1767,MADISO,36.272,-86.7044,POINT (-86.7044 36.272)
20190148623,02/23/2019 10:45:00 PM,2,1,0,,N,256376,11,Front to Rear,2,RAIN,3,DARK - LIGHTED,12,MOTOR VEHICLE IN TRANSPORT,I65 N ENT RAMP & I 65,NASHVILLE,TN,37207,1829,EAST,36.209,-86.7759,POINT (-86.7759 36.209)
20190281984,04/12/2019 03:00:00 PM,2,1,0,,N,402630,11,Front to Rear,22,CLOUDY,1,DAYLIGHT,12,MOTOR VEHICLE IN TRANSPORT,MM 32 0 I 24,JOELTON,TN,37080,3316,NORTH,36.339,-86.9162,POINT (-86.9162 36.339)
20190167383,03/02/2019 07:00:00 PM,2,1,0,,Y,320580,11,Front to Rear,21,CLEAR,3,DARK - LIGHTED,12,MOTOR VEHICLE IN TRANSPORT,DONELSON PKE & BLUEFIELD AV,NASHVILLE,TN,37214,9401,HERMIT,36.1647,-86.6638,POINT (-86.6638 36.1647)
20190208056,03/17/2019 04:08:00 PM,2,0,0,,N,433550,5,SIDESWIPE - SAME DIRECTION,21,CLEAR,1,DAYLIGHT,12,MOTOR VEHICLE IN TRANSPORT,DONELSON PKE & HANGAR LN,NASHVILLE,TN,37214,8953,HERMIT,36.1212,-86.6664,POINT (-86.6664 36.1212)
20190168592,03/03/2019 09:56:00 AM,1,1,0,,N,320586,0,NOT COLLISION W/MOTOR VEHICLE-TRANSPORT,2,RAIN,1,DAYLIGHT,24;36,GUARDRAIL FACE;CONCRETE TRAFFIC BARRIER,MM 54 4 I 24,NASHVILLE,TN,37211,84020,SOUTH,36.1017,-86.7129,POINT (-86.7129 36.1017)
20190409214,05/29/2019 05:20:00 AM,2,1,0,Y,N,109522,0,NOT COLLISION W/MOTOR VEHICLE-TRANSPORT,21,CLEAR,1,DAYLIGHT,14;32;40,PARKED MOTOR VEHICLE;CULVERT;MAIL BOX,WESTBORO DR & JAMES AV,NASHVILLE,TN,37209,4683,WEST,36.1576,-86.8772,POINT (-86.8772 36.1576)
20190417452,05/31/2019 11:00:00 PM,2,0,0,,N,110094,98,OTHER,21,CLEAR,3,DARK - LIGHTED,12,MOTOR VEHICLE IN TRANSPORT,I40 W ENT RAMP & I 40,NASHVILLE,TN,37210,9007,HERMIT,36.1484,-86.7454,POINT (-86.7454 36.1484)
20190094163,02/04/2019 03:56:00 PM,2,0,0,Y,Y,320585,11,Front to Rear,21,CLEAR,1,DAYLIGHT,12,MOTOR VEHICLE IN TRANSPORT,MM 211 7 I 40,NASHVILLE,TN,37210,82042,HERMIT,36.1499,-86.7483,POINT (-86.7483 36.1499)
20190097735,02/05/2019 05:52:00 PM,2,0,0,,N,320599,11,Front to Rear,21,CLEAR,2,DARK - NOT LIGHTED,12,MOTOR VEHICLE IN TRANSPORT,BELL RD & PLEASANT HILL RD,NASHVILLE,TN,37214,8943,HERMIT,36.1238,-86.6304,POINT (-86.6304 36.1238)
20190356500,05/09/2019 01:56:00 PM,2,0,0,,N,256380,11,Front to Rear,21,CLEAR,1,DAYLIGHT,12,MOTOR VEHICLE IN TRANSPORT,RAMP & I 65,NASHVILLE,TN,37208,4351,NORTH,36.184,-86.7981,POINT (-86.7981 36.184)
20190091164,02/03/2019 11:22:00 AM,2,0,0,,N,224797,11,Front to Rear,21,CLEAR,1,DAYLIGHT,12,MOTOR VEHICLE IN TRANSPORT,HILLSBORO PKE & ABBOTT MARTIN RD,NASHVILLE,TN,37215,6111,WEST,36.1054,-86.8142,POINT (-86.8142 36.1054)
20190049894,01/19/2019 06:17:00 PM,2,0,0,,N,279225,5,SIDESWIPE - SAME DIRECTION,2,RAIN,3,DARK - LIGHTED,12,MOTOR VEHICLE IN TRANSPORT,MM 218 0 I 40,NASHVILLE,TN,37217,89020,HERMIT,36.1413,-86.667,POINT (-86.667 36.1413)
20190189236,03/10/2019 06:26:00 PM,1,0,0,Y,N,279225,0,NOT COLLISION W/MOTOR VEHICLE-TRANSPORT,21,CLEAR,3,DARK - LIGHTED,31,"OTHER POST, POLE, SUPP.",RAMBLING RD & SHADOWOOD CT,NASHVILLE,TN,37217,8935,HERMIT,36.0907,-86.647,POINT (-86.647 36.0907)
20190144114,02/22/2019 06:02:00 AM,1,0,0,Y,N,110090,0,NOT COLLISION W/MOTOR VEHICLE-TRANSPORT,2,RAIN,3,DARK - LIGHTED,25,GUARDRAIL END,MM 60 2 I 24,ANTIOCH,TN,37013,88060,SOUTH,36.038,-86.6467,POINT (-86.6467 36.038)
20190057775,01/22/2019 08:30:00 PM,3,1,0,,N,206675,11,Front to Rear,21,CLEAR,3,DARK - LIGHTED,12,MOTOR VEHICLE IN TRANSPORT,LIPSCOMB DR & GRANNY WHITE PKE,NASHVILLE,TN,37215,6401,MIDTOW,36.0927,-86.8018,POINT (-86.8018 36.0927)
20190524373,07/13/2019 12:15:00 AM,2,0,0,,N,256502,5,SIDESWIPE - SAME DIRECTION,21,CLEAR,3,DARK - LIGHTED,12;14,MOTOR VEHICLE IN TRANSPORT;PARKED MOTOR VEHICLE,MCKINNEY AV & 18TH AVN,NASHVILLE,TN,37208,4435,NORTH,36.1876,-86.8131,POINT (-86.8131 36.1876)
20190267482,04/07/2019 12:35:00 PM,1,1,0,,Y,405391,0,NOT COLLISION W/MOTOR VEHICLE-TRANSPORT,21,CLEAR,1,DAYLIGHT,8,PEDESTRIAN,LELLYETT ST & CHARLOTTE PKE,NASHVILLE,TN,37209,5025,WEST,36.1487,-86.8652,POINT (-86.8652 36.1487)
20190164263,03/01/2019 12:18:00 PM,2,0,0,,N,594473,11,Front to Rear,22,CLOUDY,1,DAYLIGHT,12,MOTOR VEHICLE IN TRANSPORT,NOLENSVILLE PKE & ELYSIAN FIELDS CT,NASHVILLE,TN,37211,8501,MIDTOW,36.0869,-86.7302,POINT (-86.7302 36.0869)
20190484129,06/26/2019 09:25:00 PM,2,0,0,,N,256488,5,SIDESWIPE - SAME DIRECTION,21,CLEAR,3,DARK - LIGHTED,12,MOTOR VEHICLE IN TRANSPORT,MM 209 0 I 40,NASHVILLE,TN,37203,4104,CENTRA,36.1574,-86.7903,POINT (-86.7903 36.1574)
20190097762,02/05/2019 12:00:00 AM,2,1,0,,N,279200,11,Front to Rear,21,CLEAR,3,DARK - LIGHTED,12,MOTOR VEHICLE IN TRANSPORT,7TH AVN & COMMERCE ST,NASHVILLE,TN,37203,4109,CENTRA,36.1607,-86.7817,POINT (-86.7817 36.1607)
20190385329,05/20/2019 01:28:00 PM,2,0,0,,N,151132,11,Front to Rear,21,CLEAR,1,DAYLIGHT,12,MOTOR VEHICLE IN TRANSPORT,GALLATIN PKEN & EDENWOLD RD,MADISON,TN,37115,1721,MADISO,36.2885,-86.7047,POINT (-86.7047 36.2885)
20190559900,07/27/2019 12:46:00 PM,2,1,0,,N,212325,5,SIDESWIPE - SAME DIRECTION,21,CLEAR,1,DAYLIGHT,12,MOTOR VEHICLE IN TRANSPORT,GALLATIN PKES & HARRINGTON AV,MADISON,TN,37115,1605,MADISO,36.2578,-86.7138,POINT (-86.7138 36.2578)
20190380405,05/18/2019 08:45:00 AM,2,0,0,,N,352172,4,ANGLE,21,CLEAR,1,DAYLIGHT,12,MOTOR VEHICLE IN TRANSPORT,11TH AVS & LAUREL ST,NASHVILLE,TN,37203,4017,CENTRA,36.1539,-86.7843,POINT (-86.7843 36.1539)
20190549587,07/23/2019 12:42:00 PM,2,0,0,,Y,544481,11,Front to Rear,21,CLEAR,1,DAYLIGHT,12,MOTOR VEHICLE IN TRANSPORT,MM 49 0 I 24,NASHVILLE,TN,37206,10040,EAST,36.1664,-86.7647,POINT (-86.7647 36.1664)
20190051959,01/20/2019 06:23:00 PM,2,0,0,,N,433550,11,Front to Rear,3,"SLEET, HAIL",3,DARK - LIGHTED,13,MOTOR VEHICLE IN TRANSPORT-OTHER ROADWAY,HIGHLAND VIEW DR & LEBANON PKE,HERMITAGE,TN,37076,9533,HERMIT,36.2078,-86.6115,POINT (-86.6115 36.2078)
20190136323,02/19/2019 04:30:00 PM,2,0,0,,Y,279214,11,Front to Rear,2,RAIN,1,DAYLIGHT,12,MOTOR VEHICLE IN TRANSPORT,RICHARD JONES RD & LONE OAK RD,NASHVILLE,TN,37215,6411,MIDTOW,36.1044,-86.8088,POINT (-86.8088 36.1044)
20190302572,04/19/2019 06:13:00 PM,1,1,0,,N,256424,0,NOT COLLISION W/MOTOR VEHICLE-TRANSPORT,2,RAIN,1,DAYLIGHT,39,WALL,MM 214 3 I 40,NASHVILLE,TN,37217,88021,HERMIT,36.1425,-86.7089,POINT (-86.7089 36.1425)
20190429018,06/05/2019 03:17:00 PM,2,0,0,,Y,151132,11,Front to Rear,21,CLEAR,1,DAYLIGHT,12,MOTOR VEHICLE IN TRANSPORT,GALLATIN PKEN & RIVERGATE PKWY,MADISON,TN,37115,1731,MADISO,36.2973,-86.6988,POINT (-86.6988 36.2973)
20190302745,04/19/2019 07:39:00 PM,2,0,0,,N,298874,4,ANGLE,2,RAIN,3,DARK - LIGHTED,12,MOTOR VEHICLE IN TRANSPORT,FORREST AV & N 14TH ST,NASHVILLE,TN,37206,1217,EAST,36.1781,-86.7456,POINT (-86.7456 36.1781)
20190317304,04/24/2019 07:00:00 PM,1,0,0,Y,Y,206964,0,NOT COLLISION W/MOTOR VEHICLE-TRANSPORT,21,CLEAR,5,DUSK,38,FENCE,4500 ARTELIA DR,ANTIOCH,TN,37013,8899,SOUTH,36.0758,-86.6756,POINT (-86.6756 36.0758)
20190550468,07/23/2019 07:00:00 PM,2,0,0,,N,279224,11,Front to Rear,21,CLEAR,3,DARK - LIGHTED,12,MOTOR VEHICLE IN TRANSPORT,MM 49 3 I 24,NASHVILLE,TN,37206,10040,EAST,36.1629,-86.7614,POINT (-86.7614 36.1629)
20190235334,03/26/2019 06:00:00 PM,3,2,0,,N,206675,11,Front to Rear,21,CLEAR,1,DAYLIGHT,12,MOTOR VEHICLE IN TRANSPORT,MM 79 7 I 65,NASHVILLE,TN,37204,8504,MIDTOW,36.1092,-86.7698,POINT (-86.7698 36.1092)
20190339823,05/03/2019 06:11:00 AM,3,0,0,,N,191578,4,ANGLE,22,CLOUDY,1,DAYLIGHT,14;29;55,PARKED MOTOR VEHICLE;LUMINAIRE/LIGHT SUPPORT;Motor Vehicle-In-Motion Outside Trafficw,BRILEY PKWY N ENT RAMP & MURFREESBORO PK,NASHVILLE,TN,37217,8951,HERMIT,36.1179,-86.6986,POINT (-86.6986 36.1179)
20190273048,04/09/2019 02:03:00 PM,3,1,0,,Y,225773,11,Front to Rear,21,CLEAR,1,DAYLIGHT,12,MOTOR VEHICLE IN TRANSPORT,MM 5 8 I 440,NASHVILLE,TN,37204,83062,MIDTOW,36.1217,-86.7596,POINT (-86.7596 36.1217)
20190137579,02/20/2019 02:52:00 AM,3,1,0,Y,N,110090,4,ANGLE,2,RAIN,3,DARK - LIGHTED,12;25,MOTOR VEHICLE IN TRANSPORT;GUARDRAIL END,MM 58 1 I 24,ANTIOCH,TN,37013,88080,SOUTH,36.0572,-86.6767,POINT (-86.6767 36.0572)
20190485894,06/27/2019 12:00:00 PM,2,0,0,,N,267831,11,Front to Rear,21,CLEAR,1,DAYLIGHT,12,MOTOR VEHICLE IN TRANSPORT,HILLSBORO PKE & OVERHILL DR,NASHVILLE,TN,37215,6111,WEST,36.1013,-86.8183,POINT (-86.8183 36.1013)
20190459939,06/17/2019 03:18:00 PM,1,0,0,,N,256389,0,NOT COLLISION W/MOTOR VEHICLE-TRANSPORT,21,CLEAR,1,DAYLIGHT,18,OTHER OBJECT (NOT FIXED),MM 209 3 I 40,NASHVILLE,TN,37203,40041,CENTRA,36.1537,-86.7878,POINT (-86.7878 36.1537)
20190127922,02/16/2019 01:34:00 PM,2,1,0,,N,439917,11,Front to Rear,22,CLOUDY,1,DAYLIGHT,12,MOTOR VEHICLE IN TRANSPORT,MM 35 0 I 24,JOELTON,TN,37080,3318,NORTH,36.3239,-86.867,POINT (-86.867 36.3239)
20190084762,01/31/2019 11:05:00 PM,2,0,0,,N,468098,11,Front to Rear,21,CLEAR,2,DARK - NOT LIGHTED,12,MOTOR VEHICLE IN TRANSPORT,MM 60 0 I 24,ANTIOCH,TN,37013,88060,SOUTH,36.0403,-86.6502,POINT (-86.6502 36.0403)
20190066491,01/25/2019 05:45:00 PM,3,0,0,,N,256427,5,SIDESWIPE - SAME DIRECTION,21,CLEAR,3,DARK - LIGHTED,12,MOTOR VEHICLE IN TRANSPORT,BRILEY PKWYN & BRILEY PKWYS,NASHVILLE,TN,37211,8404,SOUTH,36.1092,-86.727,POINT (-86.727 36.1092)
20190043301,01/17/2019 06:55:00 AM,2,2,0,,N,226622,4,ANGLE,2,RAIN,1,DAYLIGHT,12,MOTOR VEHICLE IN TRANSPORT,MM 192 2 I 40,NASHVILLE,TN,37221,4802,WEST,36.0768,-87.0261,POINT (-87.0261 36.0768)
20190059854,01/23/2019 02:12:00 PM,2,0,0,,N,206675,11,Front to Rear,2,RAIN,1,DAYLIGHT,12,MOTOR VEHICLE IN TRANSPORT,MCMURRAY DR & AMALIE DR,NASHVILLE,TN,37211,8657,MIDTOW,36.0545,-86.7253,POINT (-86.7253 36.0545)
20190177934,03/06/2019 11:45:00 AM,2,1,0,,N,226405,4,ANGLE,21,CLEAR,1,DAYLIGHT,12,MOTOR VEHICLE IN TRANSPORT,29TH AVN & 31ST AVN,NASHVILLE,TN,37203,5625,MIDTOW,36.1479,-86.8157,POINT (-86.8157 36.1479)
20190448865,06/13/2019 05:45:00 AM,2,1,0,,N,311338,4,ANGLE,21,CLEAR,1,DAYLIGHT,12,MOTOR VEHICLE IN TRANSPORT,ROSA L PARKS BLVD & GARFIELD ST,NASHVILLE,TN,37208,4343,NORTH,36.18,-86.796,POINT (-86.796 36.18)
20190279148,04/11/2019 02:36:00 PM,2,0,0,,N,807326,11,Front to Rear,21,CLEAR,1,DAYLIGHT,12,MOTOR VEHICLE IN TRANSPORT,HERMITAGE AV & MIDDLETON ST,NASHVILLE,TN,37210,4033,CENTRA,36.1559,-86.767,POINT (-86.767 36.1559)
20190508221,07/06/2019 12:00:00 AM,2,0,0,,N,279221,11,Front to Rear,2,RAIN,1,DAYLIGHT,12,MOTOR VEHICLE IN TRANSPORT,MM 93 4 I 65,MADISON,TN,37115,17041,MADISO,36.2806,-86.7329,POINT (-86.7329 36.2806)
20190539964,07/19/2019 11:00:00 AM,2,0,0,,Y,311325,0,NOT COLLISION W/MOTOR VEHICLE-TRANSPORT,21,CLEAR,1,DAYLIGHT,16,THROWN OR FALLING OBJECT,MM 219 5 I 40,NASHVILLE,TN,37214,94022,HERMIT,36.1604,-86.6219,POINT (-86.6219 36.1604)
20190380826,05/18/2019 01:18:00 PM,2,0,0,,N,405418,11,Front to Rear,21,CLEAR,1,DAYLIGHT,14,PARKED MOTOR VEHICLE,15TH AVN & GRUNDY ST,NASHVILLE,TN,37203,5517,MIDTOW,36.156,-86.7913,POINT (-86.7913 36.156)
20190226069,03/23/2019 11:44:00 AM,3,1,0,,N,110063,11,Front to Rear,21,CLEAR,1,DAYLIGHT,12,MOTOR VEHICLE IN TRANSPORT,MM 39 0 I 24,WHITES CREEK,TN,37189,33181,NORTH,36.2971,-86.8115,POINT (-86.8115 36.2971)
20190440593,06/10/2019 08:26:00 AM,1,0,0,,N,212325,0,NOT COLLISION W/MOTOR VEHICLE-TRANSPORT,21,CLEAR,1,DAYLIGHT,24,GUARDRAIL FACE,MM 94 8 I 65,GOODLETTSVILLE,TN,37072,17043,MADISO,36.2963,-86.7153,POINT (-86.7153 36.2963)
20190101974,02/07/2019 03:44:00 AM,1,0,0,Y,Y,151122,0,NOT COLLISION W/MOTOR VEHICLE-TRANSPORT,2,RAIN,3,DARK - LIGHTED,32;63,CULVERT;Ran Off Road-Right,HAYWOOD LN & HOPEDALE DR,NASHVILLE,TN,37211,8711,SOUTH,36.0688,-86.7175,POINT (-86.7175 36.0688)
20190557755,07/26/2019 01:45:00 PM,2,0,0,,N,348631,11,Front to Rear,21,CLEAR,1,DAYLIGHT,12,MOTOR VEHICLE IN TRANSPORT,E TRINITY LN & ELLINGTON PKWY N ENT RAMP,NASHVILLE,TN,37207,1853,EAST,36.2046,-86.7493,POINT (-86.7493 36.2046)