Accident Number,Date and Time,Number of Motor Vehicles,Number of Injuries,Number of Fatalities,Property Damage,Hit and Run,Reporting Officer,Collision Type Code,Collision Type Description,Weather Code,Weather Description,Illumination Code,Illumination Description,Harmful Code,Harmful Code Description,Street Address,City,State,ZIP,RPA,Precinct,Latitude,Longitude,Mapped Location
20190210549,03/18/2019 02:23:00 PM,2,0,0,,Y,298864,11,Front to Rear,21,CLEAR,1,DAYLIGHT,12,MOTOR VEHICLE IN TRANSPORT,OLD HICKORY BLVDW & GRAY AV,MADISON,TN,37115,1749,MADISO,36.264,-86.7221,POINT (-86.7221 36.264)
20190107781,02/09/2019 03:20:00 AM,2,1,0,,Y,320591,11,Front to Rear,21,CLEAR,2,DARK - NOT LIGHTED,12,MOTOR VEHICLE IN TRANSPORT,UNA ANTIOCH PKE & BILLINGSGATE RD,ANTIOCH,TN,37013,8861,SOUTH,36.0752,-86.6623,POINT (-86.6623 36.0752)
20190125500,02/15/2019 12:26:00 PM,2,1,0,,N,191578,4,ANGLE,22,CLOUDY,1,DAYLIGHT,12,MOTOR VEHICLE IN TRANSPORT,OLD HICKORY BLVD & PRINCETON PL,HERMITAGE,TN,37076,9529,HERMIT,36.1727,-86.6019,POINT (-86.6019 36.1727)
20190440258,06/10/2019 04:50:00 AM,2,0,0,,Y,311340,5,SIDESWIPE - SAME DIRECTION,21,CLEAR,4,DAWN,12,MOTOR VEHICLE IN TRANSPORT,MM 209 3 I 40,NASHVILLE,TN,37203,40041,CENTRA,36.1537,-86.7878,POINT (-86.7878 36.1537)
20190366618,05/13/2019 05:53:00 PM,2,0,0,,N,151132,11,Front to Rear,21,CLEAR,1,DAYLIGHT,12,MOTOR VEHICLE IN TRANSPORT,MM 94 4 I 65,MADISON,TN,37115,17042,MADISO,36.2921,-86.7207,POINT (-86.7207 36.2921)
20190014324,01/06/2019 04:40:00 PM,2,0,0,,Y,240955,4,ANGLE,21,CLEAR,5,DUSK,12,MOTOR VEHICLE IN TRANSPORT,MOUNTAIN SPRINGS RD & MURFREESBORO PKE,ANTIOCH,TN,37013,8867,SOUTH,36.0453,-86.6091,POINT (-86.6091 36.0453)
20190551390,07/24/2019 05:03:00 AM,1,0,0,,N,279221,0,NOT COLLISION W/MOTOR VEHICLE-TRANSPORT,21,CLEAR,1,DAYLIGHT,50,DEER (ANIMAL),SPRINGFIELD HWY & WILLIAMSON RD,GOODLETTSVILLE,TN,37072,2221,MADISO,36.3572,-86.7247,POINT (-86.7247 36.3572)
20190347744,05/06/2019 03:27:00 PM,2,1,0,,Y,256446,5,SIDESWIPE - SAME DIRECTION,21,CLEAR,1,DAYLIGHT,12,MOTOR VEHICLE IN TRANSPORT,BELL RD & I24 E EXT RAMP,ANTIOCH,TN,37013,8751,SOUTH,36.0451,-86.6593,POINT (-86.6593 36.0451)
20190486459,06/27/2019 04:46:00 PM,2,1,0,,N,134871,11,Front to Rear,21,CLEAR,1,DAYLIGHT,12,MOTOR VEHICLE IN TRANSPORT,ROSA L PARKS BLVD & JEFFERSON ST,NASHVILLE,TN,37208,4237,CENTRA,36.1733,-86.7914,POINT (-86.7914 36.1733)
20190226776,03/23/2019 06:23:00 PM,2,0,0,,Y,256383,5,SIDESWIPE - SAME DIRECTION,21,CLEAR,2,DARK - NOT LIGHTED,14,PARKED MOTOR VEHICLE,5814 NOLENSVILLE PKE,ANTIOCH,TN,37013,8757,SOUTH,36.0401,-86.713,POINT (-86.713 36.0401)
20190537356,07/18/2019 01:52:00 PM,2,0,0,,N,538214,4,ANGLE,21,CLEAR,1,DAYLIGHT,12,MOTOR VEHICLE IN TRANSPORT,KOREAN VETERANS BLVD & 3RD AVS,NASHVILLE,TN,37201,4047,CENTRA,36.1578,-86.7732,POINT (-86.7732 36.1578)
20190123059,02/14/2019 03:59:00 PM,2,0,0,,N,320585,11,Front to Rear,21,CLEAR,1,DAYLIGHT,12,MOTOR VEHICLE IN TRANSPORT,OLD HICKORY BLVD & LEBANON PKE,OLD HICKORY,TN,37138,9739,HERMIT,36.0875,-86.6922,POINT (-86.6922 36.0875)
20190197372,03/13/2019 01:00:00 PM,2,0,0,,Y,429188,4,ANGLE,22,CLOUDY,1,DAYLIGHT,12,MOTOR VEHICLE IN TRANSPORT,NOLENSVILLE PKE & WALLACE RD,NASHVILLE,TN,37211,8705,SOUTH,36.0782,-86.7259,POINT (-86.7259 36.0782)
20190056006,01/22/2019 08:34:00 AM,2,0,0,,N,225773,11,Front to Rear,21,CLEAR,1,DAYLIGHT,12,MOTOR VEHICLE IN TRANSPORT,HARDING PL & HILLSBORO PKE,NASHVILLE,TN,37215,6311,MIDTOW,36.0914,-86.8285,POINT (-86.8285 36.0914)
20190148549,02/23/2019 09:55:00 PM,4,0,0,,N,256412,5,SIDESWIPE - SAME DIRECTION,22,CLOUDY,2,DARK - NOT LIGHTED,12,MOTOR VEHICLE IN TRANSPORT,MURFREESBORO PKE & HAMILTON CHURCH RD,ANTIOCH,TN,37013,8865,SOUTH,36.0649,-86.6286,POINT (-86.6286 36.0649)
20190214741,03/19/2019 08:11:00 PM,2,2,0,,N,151132,2,HEAD-ON,21,CLEAR,3,DARK - LIGHTED,12,MOTOR VEHICLE IN TRANSPORT,OLD HICKORY BLVDW & DICKERSON PKE,MADISON,TN,37115,2039,MADISO,36.2692,-86.7556,POINT (-86.7556 36.2692)
20190407159,05/28/2019 12:47:00 PM,2,0,0,Y,N,226136,4,ANGLE,22,CLOUDY,1,DAYLIGHT,12,MOTOR VEHICLE IN TRANSPORT,MUSIC CIRE & DIVISION ST,NASHVILLE,TN,37203,6721,MIDTOW,36.1522,-86.7888,POINT (-86.7888 36.1522)
20190341418,05/03/2019 12:00:00 AM,3,0,0,,N,298868,11,Front to Rear,21,CLEAR,1,DAYLIGHT,12,MOTOR VEHICLE IN TRANSPORT,MM 203 4 I 40,NASHVILLE,TN,37209,46021,WEST,36.1504,-86.8677,POINT (-86.8677 36.1504)
20190238157,03/27/2019 04:46:00 PM,2,0,0,,Y,256424,11,Front to Rear,21,CLEAR,1,DAYLIGHT,12,MOTOR VEHICLE IN TRANSPORT,MM 218 0 I 40,NASHVILLE,TN,37217,89020,HERMIT,36.1413,-86.667,POINT (-86.667 36.1413)
20190038409,01/15/2019 04:00:00 PM,2,0,0,,N,256389,4,ANGLE,21,CLEAR,1,DAYLIGHT,12,MOTOR VEHICLE IN TRANSPORT,OLD HICKORY BLVD & COZY CREEK LN,BRENTWOOD,TN,37027,8621,MIDTOW,36.041,-86.7462,POINT (-86.7462 36.041)
20190066714,01/25/2019 08:00:00 PM,2,0,0,,N,212330,11,Front to Rear,21,CLEAR,3,DARK - LIGHTED,12,MOTOR VEHICLE IN TRANSPORT,HARDING PL & ANTIOCH PKE,NASHVILLE,TN,37211,8843,SOUTH,36.0878,-86.6914,POINT (-86.6914 36.0878)
20190542838,07/20/2019 05:38:00 PM,2,0,0,,N,723488,5,SIDESWIPE - SAME DIRECTION,22,CLOUDY,1,DAYLIGHT,12,MOTOR VEHICLE IN TRANSPORT,6TH AVS & KOREAN VETERANS BLVD,NASHVILLE,TN,37203,4043,CENTRA,36.1555,-86.7771,POINT (-86.7771 36.1555)
20190579716,08/04/2019 03:15:00 PM,2,0,0,,N,179583,4,ANGLE,2,RAIN,1,DAYLIGHT,12,MOTOR VEHICLE IN TRANSPORT,I24 E ENT RAMP & I 440,NASHVILLE,TN,37210,83043,SOUTH,36.1254,-86.7296,POINT (-86.7296 36.1254)
20190177572,03/06/2019 09:29:00 AM,2,0,0,,N,212369,11,Front to Rear,21,CLEAR,1,DAYLIGHT,12,MOTOR VEHICLE IN TRANSPORT,MM 77 0 I 65,NASHVILLE,TN,37220,86042,MIDTOW,36.0708,-86.7697,POINT (-86.7697 36.0708)
20190360657,05/11/2019 12:15:00 AM,1,0,0,,N,330411,0,NOT COLLISION W/MOTOR VEHICLE-TRANSPORT,2,RAIN,7,Dark-Unknown Lighting,36,CONCRETE TRAFFIC BARRIER,MM 86 0 I 65,NASHVILLE,TN,37208,4304,CENTRA,36.1916,-86.7859,POINT (-86.7859 36.1916)
20190167047,03/02/2019 04:00:00 PM,2,0,0,,N,256427,5,SIDESWIPE - SAME DIRECTION,22,CLOUDY,1,DAYLIGHT,12,MOTOR VEHICLE IN TRANSPORT,MM 212 3 I 40,NASHVILLE,TN,37210,8206,HERMIT,36.1447,-86.7399,POINT (-86.7399 36.1447)
20190374859,05/16/2019 11:42:00 AM,2,0,0,,N,267831,5,SIDESWIPE - SAME DIRECTION,21,CLEAR,1,DAYLIGHT,12,MOTOR VEHICLE IN TRANSPORT,CRESTMOOR RD & HILLSBORO PKE,NASHVILLE,TN,37215,6107,WEST,36.1093,-86.8129,POINT (-86.8129 36.1093)
20190193402,03/12/2019 07:15:00 AM,2,0,0,,Y,462474,5,SIDESWIPE - SAME DIRECTION,21,CLEAR,1,DAYLIGHT,12,MOTOR VEHICLE IN TRANSPORT,EDMONDSON PKE & BRENTWOOD SQ,NASHVILLE,TN,37211,8653,MIDTOW,36.0416,-86.7439,POINT (-86.7439 36.0416)
20190274365,04/10/2019 12:41:00 AM,2,2,0,,N,169414,11,Front to Rear,21,CLEAR,2,DARK - NOT LIGHTED,12,MOTOR VEHICLE IN TRANSPORT,MM 5 3 I 440,NASHVILLE,TN,37204,81061,MIDTOW,36.1194,-86.7669,POINT (-86.7669 36.1194)
20190039816,01/16/2019 12:00:00 AM,1,0,0,,Y,256377,0,NOT COLLISION W/MOTOR VEHICLE-TRANSPORT,21,CLEAR,2,DARK - NOT LIGHTED,1;71,EMBANKMENT EARTH,PITTS AV & RAY AV,OLD HICKORY,TN,37138,9607,HERMIT,36.2433,-86.6382,POINT (-86.6382 36.2433)
20190423544,06/03/2019 05:41:00 PM,2,0,0,,N,179606,11,Front to Rear,21,CLEAR,1,DAYLIGHT,12,MOTOR VEHICLE IN TRANSPORT,MM 82 2 I 65,NASHVILLE,TN,37203,6804,MIDTOW,36.1456,-86.7776,POINT (-86.7776 36.1456)
20190270346,04/08/2019 03:36:00 PM,4,3,0,,N,267831,11,Front to Rear,2,RAIN,1,DAYLIGHT,12,MOTOR VEHICLE IN TRANSPORT,WEST END AV & WILSON BLVDN,NASHVILLE,TN,37205,6009,WEST,36.132,-86.8326,POINT (-86.8326 36.132)
20190431239,06/06/2019 09:50:00 AM,2,0,0,,N,474557,4,ANGLE,22,CLOUDY,1,DAYLIGHT,12,MOTOR VEHICLE IN TRANSPORT,DRUMMOND DR & EAST THOMPSON LN,NASHVILLE,TN,37211,8809,SOUTH,36.1149,-86.7196,POINT (-86.7196 36.1149)
20190202554,03/15/2019 08:15:00 AM,4,0,0,,N,405447,11,Front to Rear,21,CLEAR,1,DAYLIGHT,12,MOTOR VEHICLE IN TRANSPORT,OLD HICKORY BLVD & EDMONDSON PKE,NASHVILLE,TN,37220,8615,MIDTOW,36.04,-86.7435,POINT (-86.7435 36.04)
20190315589,04/24/2019 06:58:00 AM,2,1,0,,N,161952,4,ANGLE,21,CLEAR,1,DAYLIGHT,12;34,MOTOR VEHICLE IN TRANSPORT;DITCH,KNIGHT DR & GREEN LN,WHITES CREEK,TN,37189,3223,NORTH,36.2362,-86.8033,POINT (-86.8033 36.2362)
20190580199,08/04/2019 12:00:00 AM,2,0,0,,Y,352155,5,SIDESWIPE - SAME DIRECTION,99,UNKNOWN,9,UNKNOWN,14;99,PARKED MOTOR VEHICLE;UNKNOWN MOST HARMFUL EVENT,ALBION ST & 21ST AVN,NASHVILLE,TN,37208,5329,NORTH,36.1659,-86.8082,POINT (-86.8082 36.1659)
20190423334,06/03/2019 04:06:00 PM,2,0,0,,N,256380,4,ANGLE,21,CLEAR,1,DAYLIGHT,12,MOTOR VEHICLE IN TRANSPORT,23RD AVE N & UNDERWOOD ST,NASHVILLE,TN,37208,4463,NORTH,36.1719,-86.8127,POINT (-86.8127 36.1719)
20190039738,01/16/2019 01:30:00 AM,1,1,0,,N,468098,0,NOT COLLISION W/MOTOR VEHICLE-TRANSPORT,21,CLEAR,3,DARK - LIGHTED,1;12,MOTOR VEHICLE IN TRANSPORT,I24 E EXT RAMP & I 24,NASHVILLE,TN,37207,30080,NORTH,36.2378,-86.7872,POINT (-86.7872 36.2378)
20190228431,03/24/2019 02:39:00 PM,2,5,1,,N,240979,11,Front to Rear,21,CLEAR,1,DAYLIGHT,12,MOTOR VEHICLE IN TRANSPORT,GALLATIN PKEN & OLD TIME VILLAGE PVTDR,MADISON,TN,37115,1701,MADISO,36.2638,-86.7117,POINT (-86.7117 36.2638)
20190019759,01/08/2019 05:10:00 PM,2,0,0,,N,256383,11,Front to Rear,21,CLEAR,3,DARK - LIGHTED,12,MOTOR VEHICLE IN TRANSPORT,MM 6 2 I 440,NASHVILLE,TN,37211,83061,MIDTOW,36.1225,-86.7522,POINT (-86.7522 36.1225)
20190285241,04/14/2019 12:27:00 AM,2,0,0,,Y,468098,5,SIDESWIPE - SAME DIRECTION,2,RAIN,2,DARK - NOT LIGHTED,12,MOTOR VEHICLE IN TRANSPORT,MM 57 7 I 24,ANTIOCH,TN,37013,88080,SOUTH,36.061,-86.6807,POINT (-86.6807 36.061)
20190437095,06/08/2019 05:40:00 PM,2,0,0,,N,256384,11,Front to Rear,2,RAIN,1,DAYLIGHT,12,MOTOR VEHICLE IN TRANSPORT,THOMPSON LN & BRILEY PKWYN,NASHVILLE,TN,37211,8423,SOUTH,36.1095,-86.7283,POINT (-86.7283 36.1095)
20190312056,04/23/2019 07:45:00 AM,2,0,0,,N,628640,11,Front to Rear,21,CLEAR,1,DAYLIGHT,12,MOTOR VEHICLE IN TRANSPORT,NOLENSVILLE PKE & VERITAS ST,NASHVILLE,TN,37211,8431,SOUTH,36.0971,-86.7382,POINT (-86.7382 36.0971)
20190197332,03/13/2019 01:09:00 PM,2,0,0,,N,267831,5,SIDESWIPE - SAME DIRECTION,21,CLEAR,1,DAYLIGHT,12,MOTOR VEHICLE IN TRANSPORT,CENTENNIAL BLVD & CALIFORNIA AV,NASHVILLE,TN,37209,4607,WEST,36.1641,-86.8522,POINT (-86.8522 36.1641)
20190427009,06/04/2019 09:44:00 PM,2,0,0,Y,N,197075,11,Front to Rear,21,CLEAR,2,DARK - NOT LIGHTED,12;14;40,MOTOR VEHICLE IN TRANSPORT;PARKED MOTOR VEHICLE;MAIL BOX,CHESAPEAKE DR & BRICKMONT DR,NASHVILLE,TN,37207,2033,MADISO,36.2461,-86.7792,POINT (-86.7792 36.2461)
20190006833,01/03/2019 02:00:00 PM,2,0,0,,N,109534,5,SIDESWIPE - SAME DIRECTION,22,CLOUDY,1,DAYLIGHT,12,MOTOR VEHICLE IN TRANSPORT,DONELSON PKE & I40 E ENT RAMP,NASHVILLE,TN,37214,8953,HERMIT,36.1396,-86.6662,POINT (-86.6662 36.1396)
20190138026,02/20/2019 07:33:00 AM,2,0,0,,N,226622,11,Front to Rear,2,RAIN,1,DAYLIGHT,12,MOTOR VEHICLE IN TRANSPORT,CHARLOTTE PKE & SAWYER BROWN RD,NASHVILLE,TN,37221,4711,WEST,36.1149,-86.9259,POINT (-86.9259 36.1149)
20190112044,02/11/2019 06:46:00 AM,2,0,0,,N,279122,11,Front to Rear,22,CLOUDY,1,DAYLIGHT,12,MOTOR VEHICLE IN TRANSPORT,MM 87 7 I 65,NASHVILLE,TN,37207,1804,EAST,36.2114,-86.7757,POINT (-86.7757 36.2114)
20190355934,05/09/2019 09:30:00 AM,2,0,0,,N,226136,11,Front to Rear,22,CLOUDY,1,DAYLIGHT,12,MOTOR VEHICLE IN TRANSPORT,EDMONDSON PKE & HUNTINGTON PKWY,NASHVILLE,TN,37211,8653,MIDTOW,36.0511,-86.7433,POINT (-86.7433 36.0511)
20190221068,03/21/2019 05:12:00 PM,2,0,0,,N,580819,5,SIDESWIPE - SAME DIRECTION,22,CLOUDY,1,DAYLIGHT,12,MOTOR VEHICLE IN TRANSPORT,6TH AVN & COMMERCE ST,NASHVILLE,TN,37219,4125,CENTRA,36.1616,-86.7808,POINT (-86.7808 36.1616)
20190397899,05/24/2019 03:48:00 PM,2,0,0,,N,240976,11,Front to Rear,21,CLEAR,1,DAYLIGHT,12,MOTOR VEHICLE IN TRANSPORT,ELLINGTON PKWYN & ELLINGTON PKWYS,NASHVILLE,TN,37216,1890,EAST,36.2227,-86.7464,POINT (-86.7464 36.2227)
20190287081,04/14/2019 03:10:00 PM,2,0,0,,N,299266,5,SIDESWIPE - SAME DIRECTION,22,CLOUDY,1,DAYLIGHT,12,MOTOR VEHICLE IN TRANSPORT,BELL RD & BEECHWOOD TER,ANTIOCH,TN,37013,8753,SOUTH,36.0449,-86.6684,POINT (-86.6684 36.0449)
20190562434,07/28/2019 12:00:00 AM,2,0,0,,Y,279214,11,Front to Rear,21,CLEAR,1,DAYLIGHT,14,PARKED MOTOR VEHICLE,ENCLAVE CIR & WOODLANDS AV,NASHVILLE,TN,37211,8651,MIDTOW,36.0413,-86.7249,POINT (-86.7249 36.0413)
20190556223,07/25/2019 07:08:00 PM,2,0,0,,Y,493301,11,Front to Rear,21,CLEAR,1,DAYLIGHT,12,MOTOR VEHICLE IN TRANSPORT,OLD HICKORY BLVD & WOODBURY FALLS DR,NASHVILLE,TN,37205,4903,WEST,36.0879,-86.9207,POINT (-86.9207 36.0879)
20190177492,03/06/2019 09:04:00 AM,2,0,0,,N,375570,11,Front to Rear,21,CLEAR,1,DAYLIGHT,12,MOTOR VEHICLE IN TRANSPORT,STATE RT 45 & ARCHWOOD DR,MADISON,TN,37115,1705,MADISO,36.2636,-86.686,POINT (-86.686 36.2636)
20190018236,01/08/2019 06:00:00 AM,2,0,0,,N,716886,11,Front to Rear,21,CLEAR,4,DAWN,12,MOTOR VEHICLE IN TRANSPORT,I24 W EXT RAMP & I 24,NASHVILLE,TN,37211,8829,SOUTH,36.1074,-86.7197,POINT (-86.7197 36.1074)
20190534489,07/17/2019 11:25:00 AM,2,0,0,,Y,352174,5,SIDESWIPE - SAME DIRECTION,21,CLEAR,1,DAYLIGHT,12,MOTOR VEHICLE IN TRANSPORT,MM 214 4 I 40,NASHVILLE,TN,37210,90061,HERMIT,36.1431,-86.7063,POINT (-86.7063 36.1431)
20190325402,04/27/2019 12:00:00 AM,1,1,0,,Y,279200,0,NOT COLLISION W/MOTOR VEHICLE-TRANSPORT,21,CLEAR,3,DARK - LIGHTED,9,,HERMITAGE AV & PEABODY ST,NASHVILLE,TN,37201,4047,CENTRA,36.1622,-86.7744,POINT (-86.7744 36.1622)
20190432521,06/06/2019 08:10:00 PM,2,1,0,,N,717341,4,ANGLE,2,RAIN,3,DARK - LIGHTED,12,MOTOR VEHICLE IN TRANSPORT,CROSSINGS BLVD & I24 E ENT RAMP,ANTIOCH,TN,37013,8863,SOUTH,36.0389,-86.6451,POINT (-86.6451 36.0389)
20190188365,03/10/2019 07:30:00 AM,2,1,0,,N,320595,4,ANGLE,21,CLEAR,1,DAYLIGHT,12,MOTOR VEHICLE IN TRANSPORT,US HWY 41 & STATE HWY 255,NASHVILLE,TN,37217,8949,HERMIT,36.1062,-86.6729,POINT (-86.6729 36.1062)
20190030504,01/12/2019 02:00:00 PM,2,0,0,,N,320577,11,Front to Rear,2,RAIN,1,DAYLIGHT,12,MOTOR VEHICLE IN TRANSPORT,THOMPSON LN & SIDCO DR,NASHVILLE,TN,37204,8525,MIDTOW,36.1112,-86.7559,POINT (-86.7559 36.1112)
20190086264,02/01/2019 11:05:00 AM,2,0,0,,N,191578,11,Front to Rear,22,CLOUDY,1,DAYLIGHT,12,MOTOR VEHICLE IN TRANSPORT,LEBANON PKE & JUAREZ DR,HERMITAGE,TN,37076,9531,HERMIT,36.1927,-86.6237,POINT (-86.6237 36.1927)
20190148040,02/23/2019 04:04:00 PM,1,0,0,Y,N,306230,0,NOT COLLISION W/MOTOR VEHICLE-TRANSPORT,2,RAIN,5,DUSK,24,GUARDRAIL FACE,I24 W ENT RAMP & I 65,NASHVILLE,TN,37207,18041,EAST,36.2216,-86.7738,POINT (-86.7738 36.2216)
20190580940,08/05/2019 07:37:00 AM,2,1,0,,N,584947,11,Front to Rear,21,CLEAR,1,DAYLIGHT,12,MOTOR VEHICLE IN TRANSPORT,MM 78 8 I 65,NASHVILLE,TN,37204,7002,MIDTOW,36.0971,-86.7634,POINT (-86.7634 36.0971)
20190402773,05/26/2019 07:00:00 PM,1,0,0,,N,330413,0,NOT COLLISION W/MOTOR VEHICLE-TRANSPORT,21,CLEAR,1,DAYLIGHT,34,DITCH,TYNE BLVD & ROBERT E LEE DR,NASHVILLE,TN,37215,6309,MIDTOW,36.0706,-86.8289,POINT (-86.8289 36.0706)
20190187107,03/09/2019 04:52:00 PM,2,1,0,,N,256446,11,Front to Rear,2,RAIN,5,DUSK,12,MOTOR VEHICLE IN TRANSPORT,MM 54 0 I 24,NASHVILLE,TN,37211,88122,SOUTH,36.1064,-86.7188,POINT (-86.7188 36.1064)
20190231154,03/25/2019 12:19:00 PM,3,0,0,,N,225773,11,Front to Rear,22,CLOUDY,1,DAYLIGHT,12,MOTOR VEHICLE IN TRANSPORT,MELROSE AV & I440 E ENT RAMP,NASHVILLE,TN,37211,8343,MIDTOW,36.1205,-86.7501,POINT (-86.7501 36.1205)
20190567116,07/30/2019 03:06:00 PM,2,0,0,,N,256426,11,Front to Rear,21,CLEAR,1,DAYLIGHT,12,MOTOR VEHICLE IN TRANSPORT,FESSLERS LN & HEATHCOTE AV,NASHVILLE,TN,37210,9011,HERMIT,36.1519,-86.7427,POINT (-86.7427 36.1519)
20190228356,03/24/2019 01:15:00 PM,2,0,0,,N,311331,2,HEAD-ON,22,CLOUDY,1,DAYLIGHT,12,MOTOR VEHICLE IN TRANSPORT,JOYCE LN & GRINSTEAD PL,NASHVILLE,TN,37216,1801,EAST,36.2338,-86.729,POINT (-86.729 36.2338)
20190442218,06/10/2019 12:00:00 AM,2,0,0,,Y,306230,5,SIDESWIPE - SAME DIRECTION,21,CLEAR,1,DAYLIGHT,12,MOTOR VEHICLE IN TRANSPORT,16TH AVN & CENTURY ST,NASHVILLE,TN,37208,4455,NORTH,36.1786,-86.8084,POINT (-86.8084 36.1786)
20190047638,01/18/2019 05:23:00 PM,2,0,0,,N,279124,4,ANGLE,21,CLEAR,3,DARK - LIGHTED,12,MOTOR VEHICLE IN TRANSPORT,MM 5 3 I 440,NASHVILLE,TN,37204,81061,MIDTOW,36.1194,-86.7669,POINT (-86.7669 36.1194)
20190384263,05/20/2019 06:45:00 AM,2,0,0,,N,584947,11,Front to Rear,21,CLEAR,1,DAYLIGHT,12,MOTOR VEHICLE IN TRANSPORT,OLD HICKORY BLVD & HEARTHSTONE LN,BRENTWOOD,TN,37027,8619,MIDTOW,36.0397,-86.7628,POINT (-86.7628 36.0397)
20190432085,06/06/2019 04:32:00 PM,3,1,0,,Y,209184,5,SIDESWIPE - SAME DIRECTION,21,CLEAR,1,DAYLIGHT,12,MOTOR VEHICLE IN TRANSPORT,I24 E EXT RAMP & I 24,NASHVILLE,TN,37207,30080,NORTH,36.2378,-86.7872,POINT (-86.7872 36.2378)
20190546186,07/22/2019 08:00:00 AM,1,1,0,,Y,420035,0,NOT COLLISION W/MOTOR VEHICLE-TRANSPORT,21,CLEAR,1,DAYLIGHT,8,PEDESTRIAN,GALLATIN PKES & E PALESTINE AV,MADISON,TN,37115,1507,MADISO,36.2491,-86.7196,POINT (-86.7196 36.2491)
20190553447,07/24/2019 09:00:00 PM,1,0,0,,N,206675,0,NOT COLLISION W/MOTOR VEHICLE-TRANSPORT,21,CLEAR,2,DARK - NOT LIGHTED,50,DEER (ANIMAL),FRANKLIN PKE & BRENTVIEW DR,NASHVILLE,TN,37220,7109,MIDTOW,36.0694,-86.7742,POINT (-86.7742 36.0694)
20190148472,02/23/2019 06:53:00 PM,2,0,0,,Y,206676,9,UNKNOWN,2,RAIN,3,DARK - LIGHTED,14,PARKED MOTOR VEHICLE,NEELYS BEND RD & NEELYS BEND CIR,MADISON,TN,37115,1617,MADISO,36.2387,-86.6716,POINT (-86.6716 36.2387)
20190495315,07/01/2019 10:38:00 AM,2,1,0,,N,594473,4,ANGLE,21,CLEAR,1,DAYLIGHT,12,MOTOR VEHICLE IN TRANSPORT,CHARLOTTE AV & 21ST AVN,NASHVILLE,TN,37203,5607,MIDTOW,36.1565,-86.8064,POINT (-86.8064 36.1565)
20190223998,03/22/2019 03:15:00 PM,2,0,0,,N,320582,6,SIDESWIPE - OPPOSITE DIRECTION,21,CLEAR,1,DAYLIGHT,12,MOTOR VEHICLE IN TRANSPORT,I65 N EXT RAMP & W TRINITY LN,NASHVILLE,TN,37207,1863,EAST,36.2063,-86.7735,POINT (-86.7735 36.2063)
20190413571,05/30/2019 05:00:00 PM,2,0,0,,N,240989,4,ANGLE,21,CLEAR,1,DAYLIGHT,12,MOTOR VEHICLE IN TRANSPORT,GALLATIN PKES & MAPLE ST,MADISON,TN,37115,1607,MADISO,36.2617,-86.7124,POINT (-86.7124 36.2617)
20190131180,02/18/2019 02:00:00 AM,2,0,0,,N,197067,5,SIDESWIPE - SAME DIRECTION,21,CLEAR,3,DARK - LIGHTED,12,MOTOR VEHICLE IN TRANSPORT,BROADWAY & 4TH AVN,NASHVILLE,TN,37203,4091,CENTRA,36.161,-86.7772,POINT (-86.7772 36.161)
20190300213,04/18/2019 08:48:00 PM,2,0,0,,N,311332,11,Front to Rear,2,RAIN,7,Dark-Unknown Lighting,12,MOTOR VEHICLE IN TRANSPORT,MM 1 0 I 440,NASHVILLE,TN,37205,5234,WEST,36.1438,-86.8226,POINT (-86.8226 36.1438)
20190146925,02/23/2019 04:54:00 AM,1,0,0,,Y,405424,0,NOT COLLISION W/MOTOR VEHICLE-TRANSPORT,2,RAIN,3,DARK - LIGHTED,29;63,LUMINAIRE/LIGHT SUPPORT;Ran Off Road-Right,MM 217 2 I 40,NASHVILLE,TN,37214,9404,HERMIT,36.145,-86.6468,POINT (-86.6468 36.145)
20190186333,03/09/2019 08:23:00 AM,5,1,0,,Y,140790,11,Front to Rear,22,CLOUDY,1,DAYLIGHT,12,MOTOR VEHICLE IN TRANSPORT,LEBANON PKE & BIG HORN DR,HERMITAGE,TN,37076,9525,HERMIT,36.1676,-86.7787,POINT (-86.7787 36.1676)
20190141088,02/21/2019 07:30:00 AM,2,0,0,,N,676834,4,ANGLE,21,CLEAR,1,DAYLIGHT,12,MOTOR VEHICLE IN TRANSPORT,DR D B TODD JR BLVD & JEFFERSON ST,NASHVILLE,TN,37208,5323,NORTH,36.1695,-86.8066,POINT (-86.8066 36.1695)
20190240742,03/28/2019 01:48:00 PM,2,0,0,,N,140790,5,SIDESWIPE - SAME DIRECTION,21,CLEAR,1,DAYLIGHT,12,MOTOR VEHICLE IN TRANSPORT,MM 212 9 I 40,NASHVILLE,TN,37210,82061,HERMIT,36.1404,-86.7312,POINT (-86.7312 36.1404)
20190097096,02/05/2019 01:58:00 PM,2,0,0,,N,299264,5,SIDESWIPE - SAME DIRECTION,21,CLEAR,1,DAYLIGHT,12,MOTOR VEHICLE IN TRANSPORT,I440 W ENT RAMP & HILLSBORO PKE,NASHVILLE,TN,37212,6501,MIDTOW,36.1248,-86.806,POINT (-86.806 36.1248)
20190276648,04/10/2019 06:08:00 PM,2,0,0,,N,279124,4,ANGLE,21,CLEAR,1,DAYLIGHT,12,MOTOR VEHICLE IN TRANSPORT,MURFREESBORO PKE & MILL CREEK RD,NASHVILLE,TN,37211,8803,SOUTH,36.1288,-86.7138,POINT (-86.7138 36.1288)