Accident Number,Date and Time,Number of Motor Vehicles,Number of Injuries,Number of Fatalities,Property Damage,Hit and Run,Reporting Officer,Collision Type Code,Collision Type Description,Weather Code,Weather Description,Illumination Code,Illumination Description,Harmful Code,Harmful Code Description,Street Address,City,State,ZIP,RPA,Precinct,Latitude,Longitude,Mapped Location
20190375674,05/16/2019 04:50:00 PM,1,0,0,Y,N,690942,0,NOT COLLISION W/MOTOR VEHICLE-TRANSPORT,21,CLEAR,1,DAYLIGHT,29,LUMINAIRE/LIGHT SUPPORT,5TH AVN & DEADERICK ST,NASHVILLE,TN,37219,4157,CENTRA,36.1654,-86.7816,POINT (-86.7816 36.1654)
20190369744,05/14/2019 12:00:00 AM,2,0,0,,N,256424,11,Front to Rear,21,CLEAR,1,DAYLIGHT,12,MOTOR VEHICLE IN TRANSPORT,STEWARTS FERRY PKE & I40 E ENT RAMP,NASHVILLE,TN,37214,8955,HERMIT,36.1545,-86.6262,POINT (-86.6262 36.1545)
20190152281,02/25/2019 11:57:00 AM,2,0,0,,Y,191578,3,REAR-TO-REAR,21,CLEAR,1,DAYLIGHT,14;55,PARKED MOTOR VEHICLE;Motor Vehicle-In-Motion Outside Trafficw,HERMITAGE WOODS DR & OLD HICKORY BLVD,HERMITAGE,TN,37076,9557,HERMIT,36.178,-86.6038,POINT (-86.6038 36.178)
20190457456,06/16/2019 03:47:00 PM,3,0,0,,Y,299266,11,Front to Rear,21,CLEAR,1,DAYLIGHT,12,MOTOR VEHICLE IN TRANSPORT,HARDING PL & LARGO DR,NASHVILLE,TN,37211,8705,SOUTH,36.0833,-86.7086,POINT (-86.7086 36.0833)
20190302186,04/19/2019 02:17:00 PM,2,1,0,,N,235761,11,Front to Rear,2,RAIN,1,DAYLIGHT,12,MOTOR VEHICLE IN TRANSPORT,I440 E EXT RAMP & I 440,NASHVILLE,TN,37205,5249,WEST,36.1366,-86.8221,POINT (-86.8221 36.1366)
20190025466,01/10/2019 04:57:00 PM,3,0,0,,Y,256501,4,ANGLE,21,CLEAR,1,DAYLIGHT,12,MOTOR VEHICLE IN TRANSPORT,CLARKSVILLE PKE & KINGS LN,NASHVILLE,TN,37218,3141,NORTH,36.2167,-86.8375,POINT (-86.8375 36.2167)
20190232514,03/25/2019 09:32:00 PM,2,0,0,,N,256383,11,Front to Rear,22,CLOUDY,3,DARK - LIGHTED,12,MOTOR VEHICLE IN TRANSPORT,MM 59 2 I 24,ANTIOCH,TN,37013,87061,SOUTH,36.0467,-86.6614,POINT (-86.6614 36.0467)
20190357178,05/09/2019 07:07:00 PM,2,0,0,,N,256379,5,SIDESWIPE - SAME DIRECTION,21,CLEAR,3,DARK - LIGHTED,12,MOTOR VEHICLE IN TRANSPORT,I440 E ENT RAMP & I 440,NASHVILLE,TN,37205,6007,WEST,36.1346,-86.8203,POINT (-86.8203 36.1346)
20190074030,01/28/2019 03:53:00 PM,2,0,0,,N,311333,4,ANGLE,22,CLOUDY,9,UNKNOWN,12,MOTOR VEHICLE IN TRANSPORT,GROVEDALE TRC & PIN HOOK RD,ANTIOCH,TN,37013,8927,SOUTH,36.0502,-86.606,POINT (-86.606 36.0502)
20190223255,03/22/2019 10:20:00 AM,2,0,0,,N,226600,98,OTHER,21,CLEAR,1,DAYLIGHT,12,MOTOR VEHICLE IN TRANSPORT,ABBOTT MARTIN RD & BANDYWOOD DR,NASHVILLE,TN,37215,6111,WEST,36.1061,-86.816,POINT (-86.816 36.1061)
20190106725,02/08/2019 07:30:00 PM,3,1,0,,N,320577,11,Front to Rear,21,CLEAR,3,DARK - LIGHTED,12,MOTOR VEHICLE IN TRANSPORT,MM 3 9 I 440,NASHVILLE,TN,37204,7010,MIDTOW,36.1161,-86.7913,POINT (-86.7913 36.1161)
20190309764,04/22/2019 04:36:00 PM,2,0,0,,N,256383,11,Front to Rear,21,CLEAR,1,DAYLIGHT,12,MOTOR VEHICLE IN TRANSPORT,HOBSON PKE & LAKEWALK DR,ANTIOCH,TN,37013,8905,SOUTH,36.0533,-86.5992,POINT (-86.5992 36.0533)
20190472745,06/22/2019 03:42:00 AM,2,1,0,,Y,620080,4,ANGLE,21,CLEAR,3,DARK - LIGHTED,12,MOTOR VEHICLE IN TRANSPORT,MURFREESBORO PKE & DONELSON PKE,NASHVILLE,TN,37217,8841,SOUTH,36.1062,-86.6731,POINT (-86.6731 36.1062)
20190563975,07/29/2019 10:31:00 AM,3,1,0,,Y,716886,11,Front to Rear,21,CLEAR,1,DAYLIGHT,12,MOTOR VEHICLE IN TRANSPORT,I24E & I24 W ENT RAMP,NASHVILLE,TN,37210,82061,HERMIT,36.1386,-86.7273,POINT (-86.7273 36.1386)
20190397673,05/24/2019 02:44:00 PM,2,0,0,,Y,714641,11,Front to Rear,21,CLEAR,1,DAYLIGHT,12,MOTOR VEHICLE IN TRANSPORT,8TH AVS & MCGAVOCK ST,NASHVILLE,TN,37203,4075,CENTRA,36.1579,-86.7814,POINT (-86.7814 36.1579)
20190315840,04/24/2019 08:42:00 AM,2,1,0,Y,N,226136,5,SIDESWIPE - SAME DIRECTION,22,CLOUDY,1,DAYLIGHT,12,MOTOR VEHICLE IN TRANSPORT,MM 1 5 I 440,NASHVILLE,TN,37212,5908,MIDTOW,36.1357,-86.8206,POINT (-86.8206 36.1357)
20190350721,05/07/2019 02:08:00 PM,2,0,0,,N,134899,11,Front to Rear,21,CLEAR,1,DAYLIGHT,12,MOTOR VEHICLE IN TRANSPORT,LEBANON PKE & ANDREW JACKSON PKWY,HERMITAGE,TN,37076,9537,HERMIT,36.2151,-86.5962,POINT (-86.5962 36.2151)
20190089774,02/02/2019 07:08:00 PM,2,1,0,,N,281611,4,ANGLE,21,CLEAR,2,DARK - NOT LIGHTED,12,MOTOR VEHICLE IN TRANSPORT,OLD HICKORY BLVD & GAUCHO ROAD PVTDR,NASHVILLE,TN,37221,6213,WEST,36.0543,-86.8997,POINT (-86.8997 36.0543)
20190072549,01/28/2019 07:55:00 AM,2,1,0,,N,665896,11,Front to Rear,21,CLEAR,1,DAYLIGHT,12,MOTOR VEHICLE IN TRANSPORT,SHELBY AV & S 9TH ST,NASHVILLE,TN,37206,1031,EAST,36.1708,-86.754,POINT (-86.754 36.1708)
20190022141,01/09/2019 01:40:00 PM,2,0,0,,N,716886,11,Front to Rear,21,CLEAR,1,DAYLIGHT,12,MOTOR VEHICLE IN TRANSPORT,NOLENSVILLE PKE & THOMPSON LN,NASHVILLE,TN,37211,8425,SOUTH,36.1109,-86.7452,POINT (-86.7452 36.1109)
20190528950,07/15/2019 12:30:00 PM,2,0,0,,Y,140808,11,Front to Rear,22,CLOUDY,1,DAYLIGHT,12,MOTOR VEHICLE IN TRANSPORT,I65 S EXT RAMP & I 65,MADISON,TN,37115,20044,MADISO,36.2481,-86.743,POINT (-86.743 36.2481)
20190281715,04/12/2019 01:46:00 PM,2,0,0,,N,267831,11,Front to Rear,22,CLOUDY,1,DAYLIGHT,12,MOTOR VEHICLE IN TRANSPORT,CHARLOTTE PKE PVTDR & CHARLOTTE PKE,NASHVILLE,TN,37221,4711,WEST,36.1123,-86.9296,POINT (-86.9296 36.1123)
20190269987,04/08/2019 12:19:00 PM,2,0,0,,Y,240952,4,ANGLE,22,CLOUDY,1,DAYLIGHT,12,MOTOR VEHICLE IN TRANSPORT,MURFREESBORO PKE & FESSLERS LN,NASHVILLE,TN,37210,8117,SOUTH,36.1427,-86.744,POINT (-86.744 36.1427)
20190282586,04/12/2019 08:57:00 PM,1,0,0,Y,Y,161955,0,NOT COLLISION W/MOTOR VEHICLE-TRANSPORT,21,CLEAR,3,DARK - LIGHTED,24,GUARDRAIL FACE,I24 E ENT RAMP & I 24,NASHVILLE,TN,37213,1007,CENTRA,36.1662,-86.7659,POINT (-86.7659 36.1662)
20190138146,02/20/2019 07:30:00 AM,2,0,0,,Y,226134,5,SIDESWIPE - SAME DIRECTION,5,FOG,1,DAYLIGHT,12,MOTOR VEHICLE IN TRANSPORT,MURFREESBORO PKE & OLD HICKORY BLVD,ANTIOCH,TN,37013,8867,SOUTH,36.0413,-86.6051,POINT (-86.6051 36.0413)
20190303628,04/20/2019 02:28:00 AM,1,0,0,,N,320584,0,NOT COLLISION W/MOTOR VEHICLE-TRANSPORT,2,RAIN,3,DARK - LIGHTED,30,UTILITY POLE,RURAL HILL RD & TOOK DR,ANTIOCH,TN,37013,8861,SOUTH,36.0687,-86.6398,POINT (-86.6398 36.0687)
20190275337,04/10/2019 08:22:00 AM,2,0,0,,N,755026,11,Front to Rear,21,CLEAR,1,DAYLIGHT,12,MOTOR VEHICLE IN TRANSPORT,I440 W ENT RAMP & I 440,NASHVILLE,TN,37210,81021,SOUTH,36.1259,-86.7322,POINT (-86.7322 36.1259)
20190102422,02/07/2019 07:37:00 AM,2,0,0,,N,676834,11,Front to Rear,22,CLOUDY,1,DAYLIGHT,12,MOTOR VEHICLE IN TRANSPORT,BRICK CHURCH PKE & I65 S ENT RAMP,NASHVILLE,TN,37207,3007,NORTH,36.2054,-86.778,POINT (-86.778 36.2054)
20190021591,01/09/2019 10:02:00 AM,2,0,0,,N,716886,5,SIDESWIPE - SAME DIRECTION,21,CLEAR,1,DAYLIGHT,12,MOTOR VEHICLE IN TRANSPORT,MM 62 2 I 24,ANTIOCH,TN,37013,87040,SOUTH,36.0186,-86.6253,POINT (-86.6253 36.0186)
20190306973,04/21/2019 05:38:00 PM,2,0,0,,N,311333,5,SIDESWIPE - SAME DIRECTION,21,CLEAR,1,DAYLIGHT,12,MOTOR VEHICLE IN TRANSPORT,MURFREESBORO PKE & HAMILTON CHURCH RD,ANTIOCH,TN,37013,8865,SOUTH,36.0649,-86.6286,POINT (-86.6286 36.0649)
20190085946,02/01/2019 08:50:00 AM,2,0,0,,N,420035,4,ANGLE,22,CLOUDY,1,DAYLIGHT,14,PARKED MOTOR VEHICLE,GALLATIN PKES & LAKEWOOD DR,MADISON,TN,37115,1517,MADISO,36.2434,-86.7229,POINT (-86.7229 36.2434)
20190103922,02/07/2019 07:15:00 PM,2,0,0,Y,N,256384,5,SIDESWIPE - SAME DIRECTION,2,RAIN,2,DARK - NOT LIGHTED,12;38,MOTOR VEHICLE IN TRANSPORT;FENCE,2ND AVS & MILDRED SHUTE AV,NASHVILLE,TN,37210,8143,SOUTH,36.1471,-86.7656,POINT (-86.7656 36.1471)
20190459231,06/17/2019 09:20:00 AM,3,0,0,,N,481573,11,Front to Rear,21,CLEAR,1,DAYLIGHT,12;14,MOTOR VEHICLE IN TRANSPORT;PARKED MOTOR VEHICLE,18TH AVS & WEST END AV,NASHVILLE,TN,37203,5523,MIDTOW,36.153,-86.796,POINT (-86.796 36.153)
20190285086,04/13/2019 09:34:00 PM,2,0,0,,N,299261,11,Front to Rear,2,RAIN,3,DARK - LIGHTED,12,MOTOR VEHICLE IN TRANSPORT,I65 S ENT RAMP & I 65,NASHVILLE,TN,37207,3007,NORTH,36.2057,-86.778,POINT (-86.778 36.2057)
20190552269,07/24/2019 12:16:00 PM,2,0,0,,N,633390,4,ANGLE,21,CLEAR,1,DAYLIGHT,12,MOTOR VEHICLE IN TRANSPORT,DICKERSON PKE & E TRINITY LN,NASHVILLE,TN,37207,1861,EAST,36.2055,-86.7684,POINT (-86.7684 36.2055)
20190282110,04/11/2019 06:30:00 PM,2,0,0,,N,256499,4,ANGLE,22,CLOUDY,1,DAYLIGHT,14,PARKED MOTOR VEHICLE,20TH AVS & GRAND AV,NASHVILLE,TN,37212,6711,MIDTOW,36.1477,-86.7981,POINT (-86.7981 36.1477)
20190322869,04/26/2019 03:42:00 PM,2,0,0,,N,330415,2,HEAD-ON,21,CLEAR,1,DAYLIGHT,12,MOTOR VEHICLE IN TRANSPORT,JAMES ROBERTSON PKWY & DOWNTOWN GRNWY,NASHVILLE,TN,37201,4163,CENTRA,36.1685,-86.7765,POINT (-86.7765 36.1685)
20190473610,06/22/2019 03:00:00 PM,2,0,0,,N,306230,5,SIDESWIPE - SAME DIRECTION,21,CLEAR,1,DAYLIGHT,14,PARKED MOTOR VEHICLE,23RD AVN & FORMOSA ST,NASHVILLE,TN,37208,4463,NORTH,36.1736,-86.813,POINT (-86.813 36.1736)
20190079465,01/30/2019 08:06:00 AM,2,0,0,,Y,200016,5,SIDESWIPE - SAME DIRECTION,4,SNOW,1,DAYLIGHT,12,MOTOR VEHICLE IN TRANSPORT,MM 211 3 I 40,NASHVILLE,TN,37210,9002,HERMIT,36.1524,-86.7539,POINT (-86.7539 36.1524)
20190410782,05/29/2019 04:44:00 PM,2,0,0,,N,240955,5,SIDESWIPE - SAME DIRECTION,21,CLEAR,1,DAYLIGHT,12,MOTOR VEHICLE IN TRANSPORT,MURFREESBORO PKE & HOBSON PKE,ANTIOCH,TN,37013,8927,SOUTH,36.043,-86.6066,POINT (-86.6066 36.043)
20190475322,06/23/2019 03:40:00 PM,2,0,0,,N,579971,11,Front to Rear,21,CLEAR,1,DAYLIGHT,12,MOTOR VEHICLE IN TRANSPORT,MM 7 2 I 440,NASHVILLE,TN,37210,83043,SOUTH,36.1251,-86.7339,POINT (-86.7339 36.1251)
20190465863,06/19/2019 06:25:00 PM,2,1,0,,N,240955,11,Front to Rear,22,CLOUDY,1,DAYLIGHT,12,MOTOR VEHICLE IN TRANSPORT,BELL RD & HICKORY HOLLOW PKWY,ANTIOCH,TN,37013,8863,SOUTH,36.0896,-86.6884,POINT (-86.6884 36.0896)
20190174891,03/05/2019 02:18:00 PM,2,0,0,,N,240979,5,SIDESWIPE - SAME DIRECTION,21,CLEAR,1,DAYLIGHT,12,MOTOR VEHICLE IN TRANSPORT,MM 85 8 I 65,NASHVILLE,TN,37208,4304,CENTRA,36.191,-86.7885,POINT (-86.7885 36.191)
20190221118,03/21/2019 05:20:00 PM,2,0,0,,N,717341,11,Front to Rear,21,CLEAR,1,DAYLIGHT,12,MOTOR VEHICLE IN TRANSPORT,MM 7 0 I 440,NASHVILLE,TN,37210,83042,SOUTH,36.1243,-86.738,POINT (-86.738 36.1243)
20190285631,04/14/2019 04:06:00 AM,1,1,0,Y,Y,256377,0,NOT COLLISION W/MOTOR VEHICLE-TRANSPORT,2,RAIN,3,DARK - LIGHTED,19,BUILDING,STEWARTS FERRY PKE & PERCY PRIEST DR,NASHVILLE,TN,37214,8955,HERMIT,36.1539,-86.6256,POINT (-86.6256 36.1539)
20190482786,06/26/2019 11:15:00 AM,2,1,0,,N,299243,11,Front to Rear,21,CLEAR,1,DAYLIGHT,12,MOTOR VEHICLE IN TRANSPORT,MM 48 1 I 24,NASHVILLE,TN,37207,1106,EAST,36.1742,-86.7706,POINT (-86.7706 36.1742)
20190141382,02/21/2019 09:40:00 AM,2,1,0,,N,226622,11,Front to Rear,21,CLEAR,1,DAYLIGHT,12,MOTOR VEHICLE IN TRANSPORT,MM 201 7 I 40,NASHVILLE,TN,37209,50023,WEST,36.1371,-86.8912,POINT (-86.8912 36.1371)
20190348100,05/06/2019 05:52:00 PM,2,1,0,Y,N,633391,11,Front to Rear,22,CLOUDY,1,DAYLIGHT,12;30,MOTOR VEHICLE IN TRANSPORT;UTILITY POLE,WESTBELT DR & COCKRILL BEND BLVD,NASHVILLE,TN,37209,4653,WEST,36.1709,-86.8772,POINT (-86.8772 36.1709)
20190018482,01/08/2019 08:41:00 AM,2,1,0,,N,225773,4,ANGLE,22,CLOUDY,1,DAYLIGHT,12,MOTOR VEHICLE IN TRANSPORT,MELROSE AV & I440 E ENT RAMP,NASHVILLE,TN,37211,8343,MIDTOW,36.1205,-86.7501,POINT (-86.7501 36.1205)
20190101081,02/06/2019 07:12:00 PM,4,1,0,,N,240976,11,Front to Rear,2,RAIN,3,DARK - LIGHTED,12,MOTOR VEHICLE IN TRANSPORT,MM 86 8 I 65,NASHVILLE,TN,37207,3002,NORTH,36.1987,-86.7764,POINT (-86.7764 36.1987)
20190301188,04/19/2019 07:14:00 AM,2,0,0,,N,352167,11,Front to Rear,2,RAIN,1,DAYLIGHT,12,MOTOR VEHICLE IN TRANSPORT,MM 87 8 I 65,NASHVILLE,TN,37207,1804,EAST,36.2138,-86.7754,POINT (-86.7754 36.2138)
20190267805,04/07/2019 04:34:00 PM,2,4,0,,N,206676,4,ANGLE,2,RAIN,1,DAYLIGHT,12,MOTOR VEHICLE IN TRANSPORT,MARLIN PASS & JOE PYRON DR,MADISON,TN,37115,1617,MADISO,36.2384,-86.6714,POINT (-86.6714 36.2384)
20190224576,03/22/2019 08:15:00 PM,1,1,0,,N,240976,0,NOT COLLISION W/MOTOR VEHICLE-TRANSPORT,21,CLEAR,2,DARK - NOT LIGHTED,8,PEDESTRIAN,MAIN ST & MCFERRIN AV,NASHVILLE,TN,37206,1131,EAST,36.1763,-86.7564,POINT (-86.7564 36.1763)
20190570195,07/31/2019 03:40:00 PM,2,0,0,,Y,352156,4,ANGLE,21,CLEAR,1,DAYLIGHT,12;20,MOTOR VEHICLE IN TRANSPORT;IMPACT ATTENUATOR,0 HAYSTACK LN,NASHVILLE,TN,37211,8851,SOUTH,36.0713,-86.6842,POINT (-86.6842 36.0713)
20190433791,06/07/2019 09:27:00 AM,1,0,0,Y,N,902543,0,NOT COLLISION W/MOTOR VEHICLE-TRANSPORT,2,RAIN,1,DAYLIGHT,18,OTHER OBJECT (NOT FIXED),COOPER LN & RIVERWOOD DR,NASHVILLE,TN,37216,1435,EAST,36.2094,-86.7138,POINT (-86.7138 36.2094)
20190467812,06/20/2019 10:20:00 AM,2,0,0,,N,226134,11,Front to Rear,2,RAIN,1,DAYLIGHT,12,MOTOR VEHICLE IN TRANSPORT,POLK AV & WHITNEY AV,NASHVILLE,TN,37210,8109,SOUTH,36.1302,-86.753,POINT (-86.753 36.1302)
20190291383,04/16/2019 07:45:00 AM,2,0,0,,N,665896,5,SIDESWIPE - SAME DIRECTION,21,CLEAR,1,DAYLIGHT,12,MOTOR VEHICLE IN TRANSPORT,SHELBY AV & S 10TH ST,NASHVILLE,TN,37206,1031,EAST,36.1713,-86.7525,POINT (-86.7525 36.1713)
20190384435,05/20/2019 08:30:00 AM,2,0,0,,N,311339,11,Front to Rear,21,CLEAR,1,DAYLIGHT,12,MOTOR VEHICLE IN TRANSPORT,CHURCH ST & ROSA L PARKS BLVD,NASHVILLE,TN,37203,4123,CENTRA,36.1617,-86.7837,POINT (-86.7837 36.1617)
20190263337,04/05/2019 05:39:00 PM,2,0,0,,N,267831,4,ANGLE,22,CLOUDY,1,DAYLIGHT,12,MOTOR VEHICLE IN TRANSPORT,BOWLING AV & HAMPTON AV,NASHVILLE,TN,37215,6013,WEST,36.1175,-86.8266,POINT (-86.8266 36.1175)
20190536588,07/18/2019 07:40:00 AM,2,0,0,,N,405427,11,Front to Rear,22,CLOUDY,1,DAYLIGHT,12,MOTOR VEHICLE IN TRANSPORT,8TH AVS & DIVISION ST,NASHVILLE,TN,37203,4009,CENTRA,36.1497,-86.7792,POINT (-86.7792 36.1497)
20190114850,02/12/2019 04:24:00 AM,3,0,0,,N,299254,4,ANGLE,2,RAIN,3,DARK - LIGHTED,12;36,MOTOR VEHICLE IN TRANSPORT;CONCRETE TRAFFIC BARRIER,MM 57 0 I 24,NASHVILLE,TN,37211,8708,SOUTH,36.0695,-86.6897,POINT (-86.6897 36.0695)
20190145170,02/22/2019 01:30:00 PM,2,0,0,,N,330411,11,Front to Rear,2,RAIN,1,DAYLIGHT,12,MOTOR VEHICLE IN TRANSPORT,BROADWAY & 20TH AVS,NASHVILLE,TN,37203,5711,MIDTOW,36.1496,-86.798,POINT (-86.798 36.1496)
20190301850,04/19/2019 11:30:00 AM,2,0,0,,N,279116,4,ANGLE,2,RAIN,1,DAYLIGHT,12,MOTOR VEHICLE IN TRANSPORT,MM 6 3 I 440,NASHVILLE,TN,37210,8304,SOUTH,36.1229,-86.751,POINT (-86.751 36.1229)
20190510956,07/07/2019 08:25:00 PM,2,1,0,,N,330440,98,OTHER,21,CLEAR,3,DARK - LIGHTED,55,Motor Vehicle-In-Motion Outside Trafficw,CLARKSVILLE PKE & ROSA L PARKS BLVD,NASHVILLE,TN,37228,4483,NORTH,36.1889,-86.8231,POINT (-86.8231 36.1889)
20190060275,01/23/2019 06:12:00 PM,2,1,0,,N,299241,2,HEAD-ON,2,RAIN,7,Dark-Unknown Lighting,12,MOTOR VEHICLE IN TRANSPORT,TULIP COVE PVTDR & TULIP GROVE RD,HERMITAGE,TN,37076,9525,HERMIT,36.2031,-86.5916,POINT (-86.5916 36.2031)
20190245835,03/30/2019 08:32:00 AM,1,1,0,,N,161952,0,NOT COLLISION W/MOTOR VEHICLE-TRANSPORT,22,CLOUDY,1,DAYLIGHT,42;55;74,TREE;Motor Vehicle-In-Motion Outside Trafficw;Occupant Struck By Own Vehicle,BRILEY PKWYS & BRILEY PKWYN,NASHVILLE,TN,37218,3212,NORTH,36.2142,-86.8724,POINT (-86.8724 36.2142)
20190423517,06/03/2019 06:30:00 PM,2,0,0,,N,633391,11,Front to Rear,21,CLEAR,1,DAYLIGHT,12,MOTOR VEHICLE IN TRANSPORT,WHITE BRIDGE PKE & CHARLOTTE PKE,NASHVILLE,TN,37209,5033,WEST,36.1494,-86.8579,POINT (-86.8579 36.1494)
20190512490,07/08/2019 04:31:00 PM,2,1,0,,N,309262,4,ANGLE,21,CLEAR,1,DAYLIGHT,12,MOTOR VEHICLE IN TRANSPORT,BELLSHIRE DR & WESTCHESTER DR,NASHVILLE,TN,37207,2023,MADISO,36.261,-86.7656,POINT (-86.7656 36.261)
20190427477,06/05/2019 02:39:00 AM,1,1,0,Y,N,110062,0,NOT COLLISION W/MOTOR VEHICLE-TRANSPORT,21,CLEAR,3,DARK - LIGHTED,24,GUARDRAIL FACE,MM 49 4 I 24,NASHVILLE,TN,37206,10040,EAST,36.1613,-86.7604,POINT (-86.7604 36.1613)
20190319352,04/25/2019 11:50:00 AM,1,1,0,Y,N,352167,0,NOT COLLISION W/MOTOR VEHICLE-TRANSPORT,22,CLOUDY,1,DAYLIGHT,20;36;37,IMPACT ATTENUATOR;CONCRETE TRAFFIC BARRIER;Other Traffic Barrier,MM 41 8 I 24,WHITES CREEK,TN,37189,3226,NORTH,36.2601,-86.7888,POINT (-86.7888 36.2601)
20190046265,01/18/2019 08:05:00 AM,2,0,0,,N,311799,4,ANGLE,22,CLOUDY,1,DAYLIGHT,12,MOTOR VEHICLE IN TRANSPORT,BELLE ARBOR DR & BRICK CHURCH PKE,NASHVILLE,TN,37207,2045,MADISO,36.2575,-86.7768,POINT (-86.7768 36.2575)
20190244158,03/29/2019 03:55:00 PM,2,0,0,,N,256441,11,Front to Rear,21,CLEAR,1,DAYLIGHT,12,MOTOR VEHICLE IN TRANSPORT,OLD HICKORY BLVD & SEVEN SPRINGS WAY,BRENTWOOD,TN,37027,8619,MIDTOW,36.0403,-86.7684,POINT (-86.7684 36.0403)
20190363485,05/12/2019 09:40:00 AM,2,0,0,,Y,591933,2,HEAD-ON,22,CLOUDY,1,DAYLIGHT,12,MOTOR VEHICLE IN TRANSPORT,SMITH SPRINGS PKWY & HOBSON PKE,ANTIOCH,TN,37013,8977,SOUTH,36.0686,-86.5853,POINT (-86.5853 36.0686)
20190385756,05/20/2019 12:00:00 AM,2,2,0,,N,298868,5,SIDESWIPE - SAME DIRECTION,21,CLEAR,1,DAYLIGHT,12,MOTOR VEHICLE IN TRANSPORT,BRILEY PKWYN & BRILEY PKWY N ENT RAMP,NASHVILLE,TN,37214,9203,HERMIT,36.1716,-86.6885,POINT (-86.6885 36.1716)
20190460479,06/17/2019 06:45:00 PM,2,0,0,,N,256389,11,Front to Rear,2,RAIN,1,DAYLIGHT,12,MOTOR VEHICLE IN TRANSPORT,KIRKWOOD AV & BELMONT BLVD,NASHVILLE,TN,37212,6507,MIDTOW,36.1216,-86.7949,POINT (-86.7949 36.1216)
20190470357,06/21/2019 05:50:00 AM,2,1,0,,Y,879558,5,SIDESWIPE - SAME DIRECTION,21,CLEAR,1,DAYLIGHT,12;39,MOTOR VEHICLE IN TRANSPORT;WALL,MM 221 5 I 40,HERMITAGE,TN,37076,95020,HERMIT,36.1698,-86.5879,POINT (-86.5879 36.1698)
20190389550,05/22/2019 12:36:00 AM,1,0,0,Y,N,191573,0,NOT COLLISION W/MOTOR VEHICLE-TRANSPORT,21,CLEAR,2,DARK - NOT LIGHTED,25,GUARDRAIL END,LINDSLEY AV & 2ND AVS,NASHVILLE,TN,37210,4003,CENTRA,36.1524,-86.7688,POINT (-86.7688 36.1524)
20190030039,01/12/2019 08:41:00 AM,1,0,0,Y,Y,620067,0,NOT COLLISION W/MOTOR VEHICLE-TRANSPORT,22,CLOUDY,1,DAYLIGHT,27;40;47,H-WAY TRAFFIC SIGNAL POST;MAIL BOX;FIRE HYDRANT,BROOK VIEW ESTATES DR & OCALA DR,NASHVILLE,TN,37211,8717,SOUTH,36.0501,-86.6958,POINT (-86.6958 36.0501)
20190391953,05/22/2019 05:36:00 PM,2,0,0,,N,212330,11,Front to Rear,21,CLEAR,1,DAYLIGHT,12,MOTOR VEHICLE IN TRANSPORT,MM 3 3 I 440,NASHVILLE,TN,37215,6422,MIDTOW,36.1163,-86.7985,POINT (-86.7985 36.1163)
20190401599,05/26/2019 03:54:00 AM,2,0,0,,Y,212335,4,ANGLE,21,CLEAR,3,DARK - LIGHTED,12,MOTOR VEHICLE IN TRANSPORT,9TH AVN & CHURCH ST,NASHVILLE,TN,37203,4121,CENTRA,36.1613,-86.7845,POINT (-86.7845 36.1613)
20190573896,08/02/2019 12:00:00 AM,3,0,0,,N,299248,11,Front to Rear,21,CLEAR,4,DAWN,12,MOTOR VEHICLE IN TRANSPORT,MM 52 1 I 24,NASHVILLE,TN,37217,8816,SOUTH,36.1343,-86.7267,POINT (-86.7267 36.1343)
20190298362,04/18/2019 12:00:00 AM,2,0,0,,Y,676834,11,Front to Rear,99,UNKNOWN,9,UNKNOWN,12;14,MOTOR VEHICLE IN TRANSPORT;PARKED MOTOR VEHICLE,14TH AVE N & JACKSON ST,NASHVILLE,TN,37208,5419,NORTH,36.1682,-86.7995,POINT (-86.7995 36.1682)
20190173983,03/05/2019 08:00:00 AM,2,0,0,,N,226622,11,Front to Rear,21,CLEAR,1,DAYLIGHT,12,MOTOR VEHICLE IN TRANSPORT,MM 203 2 I 40,NASHVILLE,TN,37209,46022,WEST,36.1501,-86.8701,POINT (-86.8701 36.1501)
20190139404,02/20/2019 05:45:00 PM,2,0,0,,N,206675,11,Front to Rear,2,RAIN,3,DARK - LIGHTED,12,MOTOR VEHICLE IN TRANSPORT,MM 1 8 I 440,NASHVILLE,TN,37212,5906,MIDTOW,36.1328,-86.8186,POINT (-86.8186 36.1328)
20190202148,03/15/2019 12:00:00 AM,1,0,0,,Y,299274,0,NOT COLLISION W/MOTOR VEHICLE-TRANSPORT,22,CLOUDY,2,DARK - NOT LIGHTED,30,UTILITY POLE,LAKELAND DR & GAILWOOD LN,NASHVILLE,TN,37214,9417,HERMIT,36.1544,-86.6464,POINT (-86.6464 36.1544)
20190266944,04/07/2019 05:01:00 AM,1,0,0,,N,284059,0,NOT COLLISION W/MOTOR VEHICLE-TRANSPORT,2,RAIN,2,DARK - NOT LIGHTED,34;64,DITCH;Ran Off Road-Left,KNIGHT DR & WHITES CREEK PKE,WHITES CREEK,TN,37189,3227,NORTH,36.2641,-86.8308,POINT (-86.8308 36.2641)
20190289444,04/15/2019 04:29:00 PM,1,0,0,Y,Y,151132,0,NOT COLLISION W/MOTOR VEHICLE-TRANSPORT,21,CLEAR,1,DAYLIGHT,18;32;34;64,OTHER OBJECT (NOT FIXED);CULVERT;DITCH;Ran Off Road-Left,ROOSEVELT AV & DELAWARE AV,MADISON,TN,37115,1711,MADISO,36.2704,-86.7031,POINT (-86.7031 36.2704)