Accident Number,Date and Time,Number of Motor Vehicles,Number of Injuries,Number of Fatalities,Property Damage,Hit and Run,Reporting Officer,Collision Type Code,Collision Type Description,Weather Code,Weather Description,Illumination Code,Illumination Description,Harmful Code,Harmful Code Description,Street Address,City,State,ZIP,RPA,Precinct,Latitude,Longitude,Mapped Location
20190064924,01/25/2019 07:35:00 AM,2,0,0,,N,224797,11,Front to Rear,21,CLEAR,1,DAYLIGHT,12,MOTOR VEHICLE IN TRANSPORT,MURPHY RD & 37TH AVN,NASHVILLE,TN,37209,5207,WEST,36.1403,-86.8292,POINT (-86.8292 36.1403)
20190285080,04/13/2019 08:35:00 PM,1,0,0,,N,279212,0,NOT COLLISION W/MOTOR VEHICLE-TRANSPORT,2,RAIN,3,DARK - LIGHTED,34;42,DITCH;TREE,6400 HARDING PKE,NASHVILLE,TN,37205,4903,WEST,36.0926,-86.8855,POINT (-86.8855 36.0926)
20190012318,01/05/2019 06:07:00 PM,2,0,0,,Y,256384,5,SIDESWIPE - SAME DIRECTION,21,CLEAR,3,DARK - LIGHTED,12,MOTOR VEHICLE IN TRANSPORT,MM 210 4 I 40,NASHVILLE,TN,37210,80022,SOUTH,36.1511,-86.7695,POINT (-86.7695 36.1511)
20190517000,07/10/2019 11:10:00 AM,2,0,0,,N,462494,11,Front to Rear,21,CLEAR,1,DAYLIGHT,12,MOTOR VEHICLE IN TRANSPORT,BLAIR BLVD & 21ST AVS,NASHVILLE,TN,37212,5909,MIDTOW,36.1303,-86.802,POINT (-86.802 36.1303)
20190228262,03/24/2019 11:36:00 AM,2,0,0,,N,419952,11,Front to Rear,22,CLOUDY,1,DAYLIGHT,12,MOTOR VEHICLE IN TRANSPORT,HARDING PKE & WOODMONT BLVD,NASHVILLE,TN,37205,6021,WEST,36.1253,-86.8472,POINT (-86.8472 36.1253)
20190441616,06/10/2019 04:40:00 PM,2,1,0,,N,151132,4,ANGLE,21,CLEAR,1,DAYLIGHT,12,MOTOR VEHICLE IN TRANSPORT,GALLATIN PKES & HICKORY ST,MADISON,TN,37115,1605,MADISO,36.2604,-86.7129,POINT (-86.7129 36.2604)
20190515688,07/09/2019 12:00:00 AM,2,0,0,,Y,279217,5,SIDESWIPE - SAME DIRECTION,21,CLEAR,1,DAYLIGHT,12,MOTOR VEHICLE IN TRANSPORT,PECAN ST & 18TH AVN,NASHVILLE,TN,37208,4435,NORTH,36.1867,-86.8137,POINT (-86.8137 36.1867)
20190364071,05/12/2019 05:30:00 PM,2,0,0,,Y,633391,5,SIDESWIPE - SAME DIRECTION,22,CLOUDY,1,DAYLIGHT,12,MOTOR VEHICLE IN TRANSPORT,HIGHWAY 100 & OLD HICKORY BLVD,NASHVILLE,TN,37221,6213,WEST,36.0609,-86.9153,POINT (-86.9153 36.0609)
20190126007,02/15/2019 12:00:00 AM,2,0,0,,N,298877,11,Front to Rear,2,RAIN,1,DAYLIGHT,12,MOTOR VEHICLE IN TRANSPORT,NOLENSVILLE PKE & WOODYCREST AV,NASHVILLE,TN,37211,8041,MIDTOW,36.1312,-86.7562,POINT (-86.7562 36.1312)
20190009602,01/04/2019 01:32:00 PM,2,1,0,,N,620072,11,Front to Rear,2,RAIN,1,DAYLIGHT,12,MOTOR VEHICLE IN TRANSPORT,CHARLOTTE AV & 25TH AVN,NASHVILLE,TN,37203,5619,MIDTOW,36.1553,-86.8121,POINT (-86.8121 36.1553)
20190498852,07/02/2019 01:46:00 PM,2,0,0,,Y,256380,11,Front to Rear,21,CLEAR,1,DAYLIGHT,12,MOTOR VEHICLE IN TRANSPORT,WHITES CREEK PKE & BRILEY PKWYE,NASHVILLE,TN,37207,3027,NORTH,36.2336,-86.815,POINT (-86.815 36.2336)
20190184643,03/08/2019 01:30:00 PM,2,0,0,,N,690942,11,Front to Rear,2,RAIN,1,DAYLIGHT,12,MOTOR VEHICLE IN TRANSPORT,GEORGE L DAVIS BLVD & CHARLOTTE AV,NASHVILLE,TN,37203,4205,CENTRA,36.1612,-86.7927,POINT (-86.7927 36.1612)
20190227255,03/23/2019 10:35:00 PM,2,0,0,,N,676828,4,ANGLE,21,CLEAR,3,DARK - LIGHTED,55,Motor Vehicle-In-Motion Outside Trafficw,0 PATTERSON ST,NASHVILLE,TN,37203,5609,MIDTOW,36.1529,-86.8073,POINT (-86.8073 36.1529)
20190542952,07/20/2019 07:02:00 PM,1,0,0,,N,320594,0,NOT COLLISION W/MOTOR VEHICLE-TRANSPORT,2,RAIN,1,DAYLIGHT,36,CONCRETE TRAFFIC BARRIER,MM 218 0 I 40,NASHVILLE,TN,37217,89020,HERMIT,36.1413,-86.667,POINT (-86.667 36.1413)
20190288212,04/15/2019 07:45:00 AM,2,0,0,,N,676834,5,SIDESWIPE - SAME DIRECTION,21,CLEAR,1,DAYLIGHT,12,MOTOR VEHICLE IN TRANSPORT,OLD CLARKSVILLE PKE & BIDWELL RD,JOELTON,TN,37080,3329,NORTH,36.3193,-86.888,POINT (-86.888 36.3193)
20190410926,05/29/2019 06:21:00 PM,2,0,0,,N,267831,5,SIDESWIPE - SAME DIRECTION,21,CLEAR,1,DAYLIGHT,12,MOTOR VEHICLE IN TRANSPORT,MM 196 0 I 40,NASHVILLE,TN,37221,4804,WEST,36.0788,-86.9613,POINT (-86.9613 36.0788)
20190324365,04/27/2019 07:15:00 AM,1,0,0,,N,279113,0,NOT COLLISION W/MOTOR VEHICLE-TRANSPORT,21,CLEAR,1,DAYLIGHT,50,DEER (ANIMAL),SMITH SPRINGS RD & REYNOLDS RD,NASHVILLE,TN,37217,8941,HERMIT,36.0968,-86.6533,POINT (-86.6533 36.0968)
20190431993,06/06/2019 03:35:00 PM,2,0,0,,N,279224,11,Front to Rear,22,CLOUDY,1,DAYLIGHT,12,MOTOR VEHICLE IN TRANSPORT,MM 48 7 I 24,NASHVILLE,TN,37213,1104,CENTRA,36.1696,-86.7668,POINT (-86.7668 36.1696)
20190204189,03/15/2019 08:25:00 PM,2,0,0,,N,240976,11,Front to Rear,21,CLEAR,3,DARK - LIGHTED,12,MOTOR VEHICLE IN TRANSPORT,DICKERSON PKE & HART LN,NASHVILLE,TN,37207,1887,EAST,36.2227,-86.7613,POINT (-86.7613 36.2227)
20190092915,02/04/2019 07:38:00 AM,2,0,0,,N,311799,11,Front to Rear,2,RAIN,1,DAYLIGHT,12,MOTOR VEHICLE IN TRANSPORT,I65 S EXT RAMP & I 65,MADISON,TN,37115,20044,MADISO,36.2481,-86.743,POINT (-86.743 36.2481)
20190486573,06/27/2019 05:30:00 PM,2,0,0,,Y,352207,11,Front to Rear,2,RAIN,1,DAYLIGHT,12,MOTOR VEHICLE IN TRANSPORT,I40 E ENT RAMP & I 40,NASHVILLE,TN,37205,4903,WEST,36.1109,-86.922,POINT (-86.922 36.1109)
20190320500,04/25/2019 08:11:00 PM,2,0,0,,N,256383,5,SIDESWIPE - SAME DIRECTION,2,RAIN,3,DARK - LIGHTED,12,MOTOR VEHICLE IN TRANSPORT,MURFREESBORO PKE & BRILEY PKWY S EXT RAM,NASHVILLE,TN,37217,8811,SOUTH,36.1188,-86.701,POINT (-86.701 36.1188)
20190521350,07/12/2019 02:02:00 AM,1,0,0,,N,330420,0,NOT COLLISION W/MOTOR VEHICLE-TRANSPORT,21,CLEAR,2,DARK - NOT LIGHTED,30;33,UTILITY POLE;CURB,ROBINSON RD & ROBINSON RD EXT RAMP,OLD HICKORY,TN,37138,9611,HERMIT,36.262,-86.6613,POINT (-86.6613 36.262)
20190080300,01/30/2019 02:46:00 PM,2,0,0,,N,134899,4,ANGLE,21,CLEAR,1,DAYLIGHT,12,MOTOR VEHICLE IN TRANSPORT,LEBANON PKE & HERMITAGE RD,OLD HICKORY,TN,37138,9739,HERMIT,36.2003,-86.6186,POINT (-86.6186 36.2003)
20190053506,01/21/2019 09:23:00 AM,2,1,0,,N,439917,11,Front to Rear,21,CLEAR,1,DAYLIGHT,12,MOTOR VEHICLE IN TRANSPORT,MM 85 9 I 65,NASHVILLE,TN,37228,44060,NORTH,36.1915,-86.7873,POINT (-86.7873 36.1915)
20190498156,07/02/2019 09:50:00 AM,2,0,0,,Y,352178,5,SIDESWIPE - SAME DIRECTION,21,CLEAR,1,DAYLIGHT,12,MOTOR VEHICLE IN TRANSPORT,ROYCROFT PL & 8TH AVS,NASHVILLE,TN,37204,6945,MIDTOW,36.1336,-86.7792,POINT (-86.7792 36.1336)
20190525648,07/13/2019 09:30:00 PM,2,0,0,,Y,212335,4,ANGLE,22,CLOUDY,3,DARK - LIGHTED,12,MOTOR VEHICLE IN TRANSPORT,BROADWAY & I40 W ENT RAMP,NASHVILLE,TN,37203,4081,CENTRA,36.156,-86.7889,POINT (-86.7889 36.156)
20190406770,05/28/2019 10:00:00 AM,2,0,0,,N,676834,11,Front to Rear,21,CLEAR,1,DAYLIGHT,12,MOTOR VEHICLE IN TRANSPORT,MM 39 2 I 24,WHITES CREEK,TN,37189,2212,NORTH,36.2939,-86.8105,POINT (-86.8105 36.2939)
20190041980,01/16/2019 06:18:00 PM,2,0,0,,N,256379,5,SIDESWIPE - SAME DIRECTION,21,CLEAR,3,DARK - LIGHTED,12,MOTOR VEHICLE IN TRANSPORT,MM 52 8 I 24,NASHVILLE,TN,37210,81022,SOUTH,36.1212,-86.7272,POINT (-86.7272 36.1212)
20190351418,05/07/2019 07:15:00 PM,2,0,0,,N,256441,11,Front to Rear,21,CLEAR,1,DAYLIGHT,12,MOTOR VEHICLE IN TRANSPORT,OLD HICKORY BLVD & SEVEN SPRINGS WAY PVT,BRENTWOOD,TN,37027,8623,MIDTOW,36.0406,-86.7711,POINT (-86.7711 36.0406)
20190126072,02/15/2019 05:11:00 PM,5,0,0,,Y,320597,4,ANGLE,2,RAIN,3,DARK - LIGHTED,12,MOTOR VEHICLE IN TRANSPORT,BELL RD & HICKORY HOLLOW MALL PVTDR PL,ANTIOCH,TN,37013,8863,SOUTH,36.0493,-86.6517,POINT (-86.6517 36.0493)
20190067992,01/26/2019 05:06:00 AM,2,0,0,Y,Y,320575,0,NOT COLLISION W/MOTOR VEHICLE-TRANSPORT,21,CLEAR,3,DARK - LIGHTED,30;38;99,UTILITY POLE;FENCE;UNKNOWN MOST HARMFUL EVENT,BILLINGSGATE RD & CAVENDISH CT,ANTIOCH,TN,37013,8897,SOUTH,36.0774,-86.6657,POINT (-86.6657 36.0774)
20190071241,01/27/2019 07:01:00 PM,2,0,0,,Y,419972,6,SIDESWIPE - OPPOSITE DIRECTION,21,CLEAR,3,DARK - LIGHTED,14,PARKED MOTOR VEHICLE,44TH AVN & INDIANA AV,NASHVILLE,TN,37209,4577,WEST,36.1564,-86.8398,POINT (-86.8398 36.1564)
20190244421,03/29/2019 05:48:00 PM,3,0,0,,N,256389,11,Front to Rear,21,CLEAR,1,DAYLIGHT,12,MOTOR VEHICLE IN TRANSPORT,MM 77 0 I 65,NASHVILLE,TN,37220,86042,MIDTOW,36.0708,-86.7697,POINT (-86.7697 36.0708)
20190186582,03/09/2019 11:07:00 AM,2,0,0,,Y,311331,11,Front to Rear,22,CLOUDY,1,DAYLIGHT,12,MOTOR VEHICLE IN TRANSPORT,MM 86 1 I 65,NASHVILLE,TN,37228,44060,NORTH,36.1918,-86.7835,POINT (-86.7835 36.1918)
20190455802,06/15/2019 08:06:00 PM,2,2,0,,N,311332,4,ANGLE,21,CLEAR,1,DAYLIGHT,12,MOTOR VEHICLE IN TRANSPORT,CHARLOTTE PKE & CABOT DR,NASHVILLE,TN,37209,4677,WEST,36.2336,-86.7283,POINT (-86.7283 36.2336)
20190559913,07/27/2019 02:45:00 AM,1,0,0,Y,N,109495,0,NOT COLLISION W/MOTOR VEHICLE-TRANSPORT,21,CLEAR,2,DARK - NOT LIGHTED,38,FENCE,HAGAN ST & HAMILTON AV,NASHVILLE,TN,37203,8049,MIDTOW,36.1386,-86.7721,POINT (-86.7721 36.1386)
20190564678,07/29/2019 04:27:00 PM,2,0,0,,N,571325,5,SIDESWIPE - SAME DIRECTION,21,CLEAR,1,DAYLIGHT,12,MOTOR VEHICLE IN TRANSPORT,MM 208 6 I 40,NASHVILLE,TN,37203,42020,CENTRA,36.1629,-86.7935,POINT (-86.7935 36.1629)
20190451946,06/14/2019 12:00:00 AM,2,0,0,,N,279221,11,Front to Rear,21,CLEAR,1,DAYLIGHT,12,MOTOR VEHICLE IN TRANSPORT,US HWY 31W & UNKNOWN RAMP,NASHVILLE,TN,37207,1977,EAST,36.1763,-86.7672,POINT (-86.7672 36.1763)
20190180508,03/07/2019 06:45:00 AM,2,0,0,,N,468031,11,Front to Rear,21,CLEAR,1,DAYLIGHT,12,MOTOR VEHICLE IN TRANSPORT,ELLINGTON PKWYS & SPRING ST ENT RAMP,NASHVILLE,TN,37207,19961,EAST,36.1766,-86.7658,POINT (-86.7658 36.1766)
20190210319,03/18/2019 12:23:00 PM,2,0,0,,Y,716886,5,SIDESWIPE - SAME DIRECTION,21,CLEAR,1,DAYLIGHT,12,MOTOR VEHICLE IN TRANSPORT,NOLENSVILLE PKE & I440 E ENT RAMP,NASHVILLE,TN,37210,8319,SOUTH,36.1203,-86.7499,POINT (-86.7499 36.1203)
20190305725,04/21/2019 02:40:00 AM,2,0,0,,Y,298871,5,SIDESWIPE - SAME DIRECTION,5,FOG,3,DARK - LIGHTED,12,MOTOR VEHICLE IN TRANSPORT,BROADWAY & LYLE AV,NASHVILLE,TN,37203,5711,MIDTOW,36.1502,-86.7974,POINT (-86.7974 36.1502)
20190133518,02/18/2019 09:04:00 PM,2,0,0,,Y,279124,11,Front to Rear,21,CLEAR,3,DARK - LIGHTED,12,MOTOR VEHICLE IN TRANSPORT,OLD HICKORY BLVD & HOBSON PKE,ANTIOCH,TN,37013,8867,SOUTH,36.0415,-86.6052,POINT (-86.6052 36.0415)
20190379064,05/17/2019 12:00:00 AM,2,0,0,,Y,320582,98,OTHER,21,CLEAR,1,DAYLIGHT,12;14,MOTOR VEHICLE IN TRANSPORT;PARKED MOTOR VEHICLE,W EASTLAND AV & N 9TH ST,NASHVILLE,TN,37206,1925,EAST,36.1853,-86.7582,POINT (-86.7582 36.1853)
20190372966,05/15/2019 08:30:00 PM,2,0,0,,Y,206675,5,SIDESWIPE - SAME DIRECTION,21,CLEAR,2,DARK - NOT LIGHTED,12,MOTOR VEHICLE IN TRANSPORT,EDMONDSON PKE & BRIARWOOD DR,NASHVILLE,TN,37211,8659,MIDTOW,36.0682,-86.737,POINT (-86.737 36.0682)
20190037271,01/15/2019 07:48:00 AM,2,0,0,,N,212325,11,Front to Rear,22,CLOUDY,1,DAYLIGHT,12,MOTOR VEHICLE IN TRANSPORT,BRILEY PKWY W EXT RAMP & BRICK CHURCH PK,NASHVILLE,TN,37207,2033,MADISO,36.2397,-86.7808,POINT (-86.7808 36.2397)
20190021378,01/09/2019 08:24:00 AM,2,0,0,,N,876573,11,Front to Rear,21,CLEAR,1,DAYLIGHT,12,MOTOR VEHICLE IN TRANSPORT,MURFREESBORO PKE & MOUNTAIN SPRINGS RD,ANTIOCH,TN,37013,8927,SOUTH,36.0478,-86.6121,POINT (-86.6121 36.0478)
20190386039,05/20/2019 09:00:00 PM,3,0,0,,N,161939,4,ANGLE,21,CLEAR,3,DARK - LIGHTED,12,MOTOR VEHICLE IN TRANSPORT,MURFREESBORO PKE & MT VIEW RD,ANTIOCH,TN,37013,8927,SOUTH,36.0522,-86.6401,POINT (-86.6401 36.0522)
20190431957,06/06/2019 03:44:00 PM,2,0,0,,N,169425,11,Front to Rear,21,CLEAR,1,DAYLIGHT,12,MOTOR VEHICLE IN TRANSPORT,ACKLEN PARK DR & WEST END AV EXT RAMP,NASHVILLE,TN,37203,5629,MIDTOW,36.143,-86.8225,POINT (-86.8225 36.143)
20190395638,05/23/2019 09:10:00 PM,2,0,0,,N,281611,11,Front to Rear,21,CLEAR,2,DARK - NOT LIGHTED,12,MOTOR VEHICLE IN TRANSPORT,HIGHWAY 70S & SAWYER BROWN RD,NASHVILLE,TN,37221,4815,WEST,36.0769,-86.9452,POINT (-86.9452 36.0769)
20190100990,02/06/2019 06:19:00 PM,2,1,0,,N,161946,5,SIDESWIPE - SAME DIRECTION,2,RAIN,3,DARK - LIGHTED,12;71,MOTOR VEHICLE IN TRANSPORT;EMBANKMENT EARTH,MM 88 2 I 65,NASHVILLE,TN,37207,18041,EAST,36.2188,-86.7747,POINT (-86.7747 36.2188)
20190323168,04/26/2019 05:52:00 PM,2,0,0,,N,256380,11,Front to Rear,21,CLEAR,1,DAYLIGHT,12,MOTOR VEHICLE IN TRANSPORT,MM 34 4 I 24,JOELTON,TN,37080,33160,NORTH,36.3254,-86.8784,POINT (-86.8784 36.3254)
20190505215,07/04/2019 10:41:00 PM,2,0,0,,N,161955,4,ANGLE,21,CLEAR,3,DARK - LIGHTED,12,MOTOR VEHICLE IN TRANSPORT,3RD AVN & JEFFERSON ST,NASHVILLE,TN,37201,4233,CENTRA,36.175,-86.7847,POINT (-86.7847 36.175)
20190238300,03/27/2019 04:50:00 PM,2,0,0,,N,419972,4,ANGLE,21,CLEAR,1,DAYLIGHT,12,MOTOR VEHICLE IN TRANSPORT,LENOX AV & WHITE BRIDGE PKE,NASHVILLE,TN,37209,5103,WEST,36.1484,-86.8579,POINT (-86.8579 36.1484)
20190459809,06/17/2019 02:00:00 PM,2,0,0,,N,716886,4,ANGLE,21,CLEAR,1,DAYLIGHT,12;24,MOTOR VEHICLE IN TRANSPORT;GUARDRAIL FACE,GLENROSE AV & MASHBURN RD,NASHVILLE,TN,37210,8335,SOUTH,36.1171,-86.7269,POINT (-86.7269 36.1171)
20190009902,01/04/2019 12:00:00 AM,2,0,0,,N,298877,4,ANGLE,2,RAIN,3,DARK - LIGHTED,12,MOTOR VEHICLE IN TRANSPORT,2ND AVS & HART ST,NASHVILLE,TN,37210,8167,SOUTH,36.1422,-86.7624,POINT (-86.7624 36.1422)
20190216708,03/20/2019 10:21:00 AM,3,2,0,,N,716886,11,Front to Rear,21,CLEAR,1,DAYLIGHT,12,MOTOR VEHICLE IN TRANSPORT,I24E & I24 W ENT RAMP,NASHVILLE,TN,37210,82061,HERMIT,36.1386,-86.7273,POINT (-86.7273 36.1386)
20190479230,06/25/2019 04:44:00 AM,2,0,0,,N,879558,11,Front to Rear,21,CLEAR,3,DARK - LIGHTED,14,PARKED MOTOR VEHICLE,OLD ELM HILL PKE & MCGAVOCK PKE,NASHVILLE,TN,37214,9115,HERMIT,36.1523,-86.6845,POINT (-86.6845 36.1523)
20190473149,06/22/2019 10:25:00 AM,2,1,0,,N,352161,11,Front to Rear,22,CLOUDY,1,DAYLIGHT,12,MOTOR VEHICLE IN TRANSPORT,OLD HICKORY BLVD & BURKITT RD,ANTIOCH,TN,37013,8771,SOUTH,36.0051,-86.6218,POINT (-86.6218 36.0051)
20190438004,06/09/2019 01:45:00 AM,2,0,0,,Y,311800,11,Front to Rear,22,CLOUDY,3,DARK - LIGHTED,12,MOTOR VEHICLE IN TRANSPORT,MM 212 8 I 40,NASHVILLE,TN,37210,90040,HERMIT,36.1425,-86.7353,POINT (-86.7353 36.1425)
20190148261,02/23/2019 06:25:00 PM,1,1,0,Y,N,330416,0,NOT COLLISION W/MOTOR VEHICLE-TRANSPORT,2,RAIN,3,DARK - LIGHTED,29;64;65,LUMINAIRE/LIGHT SUPPORT;Ran Off Road-Left;Cross Median,MM 0 1 I 440,NASHVILLE,TN,37205,5240,WEST,36.1423,-86.8229,POINT (-86.8229 36.1423)
20190016459,01/07/2019 01:37:00 PM,1,0,0,Y,Y,212325,0,NOT COLLISION W/MOTOR VEHICLE-TRANSPORT,22,CLOUDY,1,DAYLIGHT,38;64,FENCE;Ran Off Road-Left,E MEADE AV & EMMITT AV,MADISON,TN,37115,1623,MADISO,36.2527,-86.7153,POINT (-86.7153 36.2527)
20190267356,04/07/2019 10:45:00 AM,1,0,0,,N,876581,0,NOT COLLISION W/MOTOR VEHICLE-TRANSPORT,2,RAIN,1,DAYLIGHT,36,CONCRETE TRAFFIC BARRIER,MM 89 6 I 65,NASHVILLE,TN,37207,2002,MADISO,36.2363,-86.7626,POINT (-86.7626 36.2363)
20190408105,05/28/2019 07:39:00 PM,2,0,0,,N,676824,5,SIDESWIPE - SAME DIRECTION,21,CLEAR,1,DAYLIGHT,12,MOTOR VEHICLE IN TRANSPORT,900 JEFFERSON ST,NASHVILLE,TN,37208,4303,NORTH,36.1731,-86.7925,POINT (-86.7925 36.1731)
20190256364,04/03/2019 07:50:00 AM,2,0,0,,N,716886,5,SIDESWIPE - SAME DIRECTION,21,CLEAR,1,DAYLIGHT,12,MOTOR VEHICLE IN TRANSPORT,HARDING PL & I24 E ENT RAMP,NASHVILLE,TN,37211,8707,SOUTH,36.0855,-86.7014,POINT (-86.7014 36.0855)
20190469535,06/20/2019 10:15:00 PM,2,0,0,,N,405418,11,Front to Rear,21,CLEAR,3,DARK - LIGHTED,12,MOTOR VEHICLE IN TRANSPORT,MM 3 8 I 440,NASHVILLE,TN,37212,6502,MIDTOW,36.1163,-86.7919,POINT (-86.7919 36.1163)
20190132919,02/18/2019 02:00:00 PM,2,0,0,,N,579971,6,SIDESWIPE - OPPOSITE DIRECTION,21,CLEAR,1,DAYLIGHT,12,MOTOR VEHICLE IN TRANSPORT,OLE NOTTINGHAM DR & HOBSON PKE,ANTIOCH,TN,37013,8907,SOUTH,36.0723,-86.5759,POINT (-86.5759 36.0723)
20190263185,04/05/2019 04:10:00 PM,2,0,0,,N,330413,11,Front to Rear,22,CLOUDY,1,DAYLIGHT,12,MOTOR VEHICLE IN TRANSPORT,WEDGEWOOD AV & HILLSIDE AV,NASHVILLE,TN,37203,6915,MIDTOW,36.1347,-86.784,POINT (-86.784 36.1347)
20190079228,01/30/2019 07:00:00 AM,2,0,0,,N,262749,4,ANGLE,4,SNOW,1,DAYLIGHT,12,MOTOR VEHICLE IN TRANSPORT,STEWARTS FERRY PKE & LEBANON PKE,NASHVILLE,TN,37214,9401,HERMIT,36.1684,-86.6569,POINT (-86.6569 36.1684)
20190004884,01/02/2019 08:36:00 PM,2,0,0,,N,256383,11,Front to Rear,2,RAIN,3,DARK - LIGHTED,12,MOTOR VEHICLE IN TRANSPORT,HARDING PL & METROPLEX DR,NASHVILLE,TN,37211,8889,SOUTH,36.0868,-86.6959,POINT (-86.6959 36.0868)
20190279129,04/11/2019 03:07:00 PM,1,0,0,,N,197054,0,NOT COLLISION W/MOTOR VEHICLE-TRANSPORT,21,CLEAR,1,DAYLIGHT,33;63,CURB;Ran Off Road-Right,CENTRAL PKE & CENTRAL PKE EXIT RAMP,HERMITAGE,TN,37076,95060,HERMIT,36.174,-86.6067,POINT (-86.6067 36.174)
20190025623,01/10/2019 06:10:00 PM,2,2,0,,N,330411,4,ANGLE,21,CLEAR,3,DARK - LIGHTED,12,MOTOR VEHICLE IN TRANSPORT,HERMITAGE AV & DECATUR AV,NASHVILLE,TN,37210,9005,HERMIT,36.1536,-86.7536,POINT (-86.7536 36.1536)
20190304442,04/20/2019 11:40:00 AM,2,1,0,,N,419952,11,Front to Rear,99,UNKNOWN,1,DAYLIGHT,12,MOTOR VEHICLE IN TRANSPORT,HIGHWAY 70S & BELLEVUE CTR PVTDR,NASHVILLE,TN,37221,4811,WEST,36.0785,-86.9508,POINT (-86.9508 36.0785)
20190408266,05/28/2019 08:53:00 PM,3,0,0,,N,256383,5,SIDESWIPE - SAME DIRECTION,21,CLEAR,3,DARK - LIGHTED,12,MOTOR VEHICLE IN TRANSPORT,MURFREESBORO PKE & BELL RD,NASHVILLE,TN,37217,8939,HERMIT,36.0901,-86.6581,POINT (-86.6581 36.0901)
20190292800,04/16/2019 04:15:00 PM,5,0,0,,Y,212323,11,Front to Rear,21,CLEAR,1,DAYLIGHT,12,MOTOR VEHICLE IN TRANSPORT,MM 210 7 I 40,NASHVILLE,TN,37210,8202,HERMIT,36.1532,-86.7644,POINT (-86.7644 36.1532)
20190048790,01/19/2019 04:08:00 AM,2,1,0,,N,320584,2,HEAD-ON,2,RAIN,3,DARK - LIGHTED,12;36,MOTOR VEHICLE IN TRANSPORT;CONCRETE TRAFFIC BARRIER,MM 55 4 I 24,NASHVILLE,TN,37211,8812,SOUTH,36.0901,-86.7031,POINT (-86.7031 36.0901)
20190410410,05/29/2019 01:33:00 PM,1,1,0,,Y,352162,0,NOT COLLISION W/MOTOR VEHICLE-TRANSPORT,21,CLEAR,1,DAYLIGHT,9,,HARDING PKE & RIDGEFIELD WAY,NASHVILLE,TN,37205,6021,WEST,36.1264,-86.8456,POINT (-86.8456 36.1264)
20190415845,05/31/2019 10:42:00 AM,2,0,0,,N,191578,4,ANGLE,21,CLEAR,1,DAYLIGHT,12,MOTOR VEHICLE IN TRANSPORT,CENTRAL PKE & OLD HICKORY BLVD,HERMITAGE,TN,37076,9557,HERMIT,36.1736,-86.6021,POINT (-86.6021 36.1736)
20190546625,07/22/2019 11:46:00 AM,2,1,0,,N,716886,11,Front to Rear,21,CLEAR,1,DAYLIGHT,12,MOTOR VEHICLE IN TRANSPORT,TPS COMPLEX PVTDR & FOSTER AV,NASHVILLE,TN,37210,8113,SOUTH,36.1307,-86.7406,POINT (-86.7406 36.1307)
20190509367,07/06/2019 09:16:00 PM,2,0,0,,Y,299266,6,SIDESWIPE - OPPOSITE DIRECTION,21,CLEAR,2,DARK - NOT LIGHTED,12,MOTOR VEHICLE IN TRANSPORT,HAMILTON CHURCH RD & OWENDALE DR,ANTIOCH,TN,37013,8927,SOUTH,36.0648,-86.6221,POINT (-86.6221 36.0648)
20190034801,01/14/2019 11:48:00 AM,2,0,0,,N,716877,11,Front to Rear,21,CLEAR,1,DAYLIGHT,12,MOTOR VEHICLE IN TRANSPORT,OLD HICKORY BLVD & NOLENSVILLE PKE,ANTIOCH,TN,37013,8757,SOUTH,36.0455,-86.7122,POINT (-86.7122 36.0455)
20190553001,07/24/2019 03:12:00 PM,2,0,0,,N,256426,5,SIDESWIPE - SAME DIRECTION,21,CLEAR,1,DAYLIGHT,12,MOTOR VEHICLE IN TRANSPORT,LEBANON PKE & DONELSON HILLS DR,NASHVILLE,TN,37214,9027,HERMIT,36.1655,-86.697,POINT (-86.697 36.1655)
20190184134,03/08/2019 11:13:00 AM,2,0,0,,N,191578,11,Front to Rear,2,RAIN,1,DAYLIGHT,12,MOTOR VEHICLE IN TRANSPORT,LEBANON PKE & SPENCE LN,NASHVILLE,TN,37210,9019,HERMIT,36.1537,-86.7214,POINT (-86.7214 36.1537)
20190354365,05/08/2019 05:55:00 PM,2,0,0,,Y,206675,11,Front to Rear,21,CLEAR,1,DAYLIGHT,12,MOTOR VEHICLE IN TRANSPORT,NOLENSVILLE PKE & YELTON CT,NASHVILLE,TN,37211,8435,SOUTH,36.0911,-86.7348,POINT (-86.7348 36.0911)
20190024354,01/10/2019 08:20:00 AM,1,0,0,,N,224437,0,NOT COLLISION W/MOTOR VEHICLE-TRANSPORT,21,CLEAR,1,DAYLIGHT,39;63,WALL;Ran Off Road-Right,BRILEY PKWY S EXT RAMP & WALNUT HILL DR,NASHVILLE,TN,37214,9219,HERMIT,36.1702,-86.6892,POINT (-86.6892 36.1702)
20190241213,03/28/2019 04:47:00 PM,2,0,0,,Y,311803,4,ANGLE,21,CLEAR,1,DAYLIGHT,13,MOTOR VEHICLE IN TRANSPORT-OTHER ROADWAY,8TH AVS & CHESTNUT ST,NASHVILLE,TN,37203,6941,MIDTOW,36.1417,-86.7787,POINT (-86.7787 36.1417)
20190299279,04/18/2019 01:50:00 PM,2,0,0,,Y,676834,4,ANGLE,21,CLEAR,1,DAYLIGHT,12,MOTOR VEHICLE IN TRANSPORT,1900 PEARL ST,NASHVILLE,TN,37203,5357,NORTH,36.1581,-86.8024,POINT (-86.8024 36.1581)