Accident Number,Date and Time,Number of Motor Vehicles,Number of Injuries,Number of Fatalities,Property Damage,Hit and Run,Reporting Officer,Collision Type Code,Collision Type Description,Weather Code,Weather Description,Illumination Code,Illumination Description,Harmful Code,Harmful Code Description,Street Address,City,State,ZIP,RPA,Precinct,Latitude,Longitude,Mapped Location
20190499105,07/02/2019 04:49:00 PM,2,0,0,,N,279225,11,Front to Rear,21,CLEAR,1,DAYLIGHT,12,MOTOR VEHICLE IN TRANSPORT,MM 214 1 I 40,NASHVILLE,TN,37210,90062,HERMIT,36.142,-86.7124,POINT (-86.7124 36.142)
20190432748,06/06/2019 10:30:00 PM,2,1,0,,N,240978,4,ANGLE,2,RAIN,3,DARK - LIGHTED,12,MOTOR VEHICLE IN TRANSPORT,JAMES ROBERTSON PKWY & ELLINGTON PKWY N,NASHVILLE,TN,37206,1109,EAST,36.1718,-86.768,POINT (-86.768 36.1718)
20190130291,02/17/2019 12:00:00 AM,3,0,0,,N,298868,6,SIDESWIPE - OPPOSITE DIRECTION,2,RAIN,1,DAYLIGHT,14,PARKED MOTOR VEHICLE,47TH AVN & ALABAMA AV,NASHVILLE,TN,37209,5201,WEST,36.1528,-86.8435,POINT (-86.8435 36.1528)
20190250415,04/01/2019 08:50:00 AM,2,0,0,,N,676834,5,SIDESWIPE - SAME DIRECTION,21,CLEAR,1,DAYLIGHT,12,MOTOR VEHICLE IN TRANSPORT,MM 86 5 I 65,NASHVILLE,TN,37207,3006,NORTH,36.1946,-86.7762,POINT (-86.7762 36.1946)
20190317000,04/24/2019 05:18:00 PM,2,0,0,,N,256426,4,ANGLE,21,CLEAR,1,DAYLIGHT,12,MOTOR VEHICLE IN TRANSPORT,ELM HILL PKE & ERMAC DR,NASHVILLE,TN,37214,9101,HERMIT,36.1534,-86.6867,POINT (-86.6867 36.1534)
20190094429,02/04/2019 05:36:00 PM,2,0,0,,N,279124,11,Front to Rear,22,CLOUDY,3,DARK - LIGHTED,12,MOTOR VEHICLE IN TRANSPORT,HARDING PL & RECOVERY RD,NASHVILLE,TN,37211,8705,SOUTH,36.0804,-86.7179,POINT (-86.7179 36.0804)
20190123862,02/14/2019 11:15:00 PM,2,1,0,,Y,320598,4,ANGLE,21,CLEAR,3,DARK - LIGHTED,12,MOTOR VEHICLE IN TRANSPORT,18TH AVN & CHURCH ST,NASHVILLE,TN,37203,5521,MIDTOW,36.155,-86.7975,POINT (-86.7975 36.155)
20190085696,02/01/2019 06:04:00 AM,2,0,0,,N,716886,11,Front to Rear,2,RAIN,4,DAWN,12,MOTOR VEHICLE IN TRANSPORT,MM 59 3 I 24,ANTIOCH,TN,37013,87061,SOUTH,36.0459,-86.6601,POINT (-86.6601 36.0459)
20190452799,06/14/2019 01:30:00 PM,2,0,0,,N,676834,4,ANGLE,21,CLEAR,1,DAYLIGHT,12,MOTOR VEHICLE IN TRANSPORT,ROSA L PARKS BLVD & JEFFERSON ST,NASHVILLE,TN,37208,4237,CENTRA,36.1733,-86.7914,POINT (-86.7914 36.1733)
20190266135,04/06/2019 12:00:00 AM,3,2,0,,Y,298877,11,Front to Rear,21,CLEAR,3,DARK - LIGHTED,12,MOTOR VEHICLE IN TRANSPORT,HAYWOOD LN & KEELEY DR,NASHVILLE,TN,37211,8709,SOUTH,36.0698,-86.6959,POINT (-86.6959 36.0698)
20190436224,06/07/2019 02:17:00 PM,2,0,0,,Y,110063,6,SIDESWIPE - OPPOSITE DIRECTION,21,CLEAR,1,DAYLIGHT,12,MOTOR VEHICLE IN TRANSPORT,W TRINITY LN & BRICK CHURCH PKE,NASHVILLE,TN,37207,3003,NORTH,36.2066,-86.7779,POINT (-86.7779 36.2066)
20190217523,03/20/2019 03:42:00 PM,2,0,0,Y,N,693098,6,SIDESWIPE - OPPOSITE DIRECTION,21,CLEAR,1,DAYLIGHT,12;38;72,MOTOR VEHICLE IN TRANSPORT;FENCE;EMBANKMENT ROCK/STONE/CONCRETE,POST RD & HILL PLACE DR,NASHVILLE,TN,37205,5001,WEST,36.1169,-86.8613,POINT (-86.8613 36.1169)
20190540049,07/19/2019 02:30:00 PM,2,0,0,,N,690942,4,ANGLE,21,CLEAR,1,DAYLIGHT,12,MOTOR VEHICLE IN TRANSPORT,3RD AVS & SHELBY ST PEDESTRIAN BRIDGE GR,NASHVILLE,TN,37201,4065,CENTRA,36.1605,-86.7753,POINT (-86.7753 36.1605)
20190284545,04/13/2019 05:39:00 PM,2,1,0,,N,206964,4,ANGLE,22,CLOUDY,1,DAYLIGHT,12,MOTOR VEHICLE IN TRANSPORT,NOLENSVILLE PKE & FAIRLANE DR,NASHVILLE,TN,37211,8659,MIDTOW,36.0639,-86.7171,POINT (-86.7171 36.0639)
20190290268,04/15/2019 09:30:00 PM,2,0,0,,Y,161945,2,HEAD-ON,21,CLEAR,3,DARK - LIGHTED,12,MOTOR VEHICLE IN TRANSPORT,EDMONDSON PKE & CLOVERLAND DR,NASHVILLE,TN,37211,8651,MIDTOW,36.0295,-86.7441,POINT (-86.7441 36.0295)
20190063311,01/24/2019 04:36:00 PM,2,1,0,,N,134869,11,Front to Rear,21,CLEAR,5,DUSK,12,MOTOR VEHICLE IN TRANSPORT,WEST END AV & NATCHEZ TRC,NASHVILLE,TN,37212,5801,MIDTOW,36.1463,-86.8098,POINT (-86.8098 36.1463)
20190350459,05/07/2019 12:15:00 PM,2,0,0,,N,109534,5,SIDESWIPE - SAME DIRECTION,21,CLEAR,1,DAYLIGHT,12,MOTOR VEHICLE IN TRANSPORT,MM 211 3 I 40,NASHVILLE,TN,37210,9002,HERMIT,36.1524,-86.7539,POINT (-86.7539 36.1524)
20190489131,06/28/2019 02:48:00 PM,2,0,0,,Y,330444,5,SIDESWIPE - SAME DIRECTION,21,CLEAR,1,DAYLIGHT,12,MOTOR VEHICLE IN TRANSPORT,BROADWAY & 16TH AVS,NASHVILLE,TN,37203,5701,MIDTOW,36.1543,-86.7929,POINT (-86.7929 36.1543)
20190285292,04/14/2019 01:00:00 AM,1,0,0,,N,320588,0,NOT COLLISION W/MOTOR VEHICLE-TRANSPORT,2,RAIN,3,DARK - LIGHTED,36;64,CONCRETE TRAFFIC BARRIER;Ran Off Road-Left,MM 86 2 I 65,NASHVILLE,TN,37207,1910,CENTRA,36.1919,-86.7812,POINT (-86.7812 36.1919)
20190098209,02/05/2019 09:40:00 PM,2,0,0,,N,279214,4,ANGLE,21,CLEAR,3,DARK - LIGHTED,14,PARKED MOTOR VEHICLE,MONTEREY DR & BRAMBLEWOOD DR,NASHVILLE,TN,37220,8601,MIDTOW,36.0727,-86.7606,POINT (-86.7606 36.0727)
20190417333,05/31/2019 03:09:00 PM,2,0,0,,Y,330445,5,SIDESWIPE - SAME DIRECTION,21,CLEAR,1,DAYLIGHT,12,MOTOR VEHICLE IN TRANSPORT,MM 6 6 I 440,NASHVILLE,TN,37210,81040,SOUTH,36.1243,-86.7447,POINT (-86.7447 36.1243)
20190019985,01/08/2019 07:40:00 PM,2,1,0,,N,725756,11,Front to Rear,21,CLEAR,3,DARK - LIGHTED,12,MOTOR VEHICLE IN TRANSPORT,HEADY DR & HARDING PKE,NASHVILLE,TN,37205,4913,WEST,36.0991,-86.8722,POINT (-86.8722 36.0991)
20190171572,03/04/2019 01:48:00 PM,2,2,0,,Y,419983,4,ANGLE,21,CLEAR,1,DAYLIGHT,12,MOTOR VEHICLE IN TRANSPORT,DIVISION ST & 8TH AVS,NASHVILLE,TN,37203,4011,CENTRA,36.1498,-86.7801,POINT (-86.7801 36.1498)
20190140667,02/21/2019 03:30:00 AM,3,0,0,,Y,225819,4,ANGLE,22,CLOUDY,3,DARK - LIGHTED,12;14,MOTOR VEHICLE IN TRANSPORT;PARKED MOTOR VEHICLE,SADDLECREEK WAY & SPRUCEDALE DR,ANTIOCH,TN,37013,8867,SOUTH,36.0365,-86.6135,POINT (-86.6135 36.0365)
20190243581,03/29/2019 11:31:00 AM,2,1,0,,N,279230,11,Front to Rear,21,CLEAR,1,DAYLIGHT,12,MOTOR VEHICLE IN TRANSPORT,MM 52 3 I 24,NASHVILLE,TN,37217,8818,HERMIT,36.1376,-86.7268,POINT (-86.7268 36.1376)
20190017369,01/07/2019 08:49:00 PM,2,0,0,,N,717341,11,Front to Rear,21,CLEAR,3,DARK - LIGHTED,12,MOTOR VEHICLE IN TRANSPORT,BELL RD & COLLINS PARK DR,ANTIOCH,TN,37013,8863,SOUTH,36.2189,-86.8464,POINT (-86.8464 36.2189)
20190147714,02/23/2019 02:38:00 PM,2,1,0,,Y,140790,4,ANGLE,2,RAIN,1,DAYLIGHT,12,MOTOR VEHICLE IN TRANSPORT,OLD HICKORY BLVD & I40 W EXT RAMP,HERMITAGE,TN,37076,9557,HERMIT,36.1708,-86.6016,POINT (-86.6016 36.1708)
20190491285,06/29/2019 03:24:00 PM,2,0,0,,Y,206964,11,Front to Rear,21,CLEAR,1,DAYLIGHT,12;14,MOTOR VEHICLE IN TRANSPORT;PARKED MOTOR VEHICLE,HOLLIS HILL DR & HAYWOOD LN,NASHVILLE,TN,37211,8703,SOUTH,36.0687,-86.712,POINT (-86.712 36.0687)
20190285109,04/13/2019 11:05:00 PM,1,0,0,,N,320590,0,NOT COLLISION W/MOTOR VEHICLE-TRANSPORT,2,RAIN,3,DARK - LIGHTED,36,CONCRETE TRAFFIC BARRIER,MM 87 3 I 65,NASHVILLE,TN,37207,1804,EAST,36.2068,-86.7762,POINT (-86.7762 36.2068)
20190564465,07/29/2019 01:46:00 PM,1,0,0,Y,Y,151132,0,NOT COLLISION W/MOTOR VEHICLE-TRANSPORT,21,CLEAR,1,DAYLIGHT,19,BUILDING,MADISON ST & GALLATIN PKES,MADISON,TN,37115,1605,MADISO,36.2584,-86.7135,POINT (-86.7135 36.2584)
20190457639,06/16/2019 05:36:00 PM,2,0,0,,N,256386,11,Front to Rear,21,CLEAR,1,DAYLIGHT,12,MOTOR VEHICLE IN TRANSPORT,SMITH SPRINGS RD & PHILHALL PKWY,ANTIOCH,TN,37013,8997,SOUTH,36.0816,-86.5951,POINT (-86.5951 36.0816)
20190086840,02/01/2019 03:05:00 PM,2,1,0,,N,330445,4,ANGLE,21,CLEAR,1,DAYLIGHT,12,MOTOR VEHICLE IN TRANSPORT,4TH AVS & SYMPHONY PL,NASHVILLE,TN,37203,4091,CENTRA,36.1603,-86.7768,POINT (-86.7768 36.1603)
20190156563,02/26/2019 06:00:00 PM,2,0,0,,N,420040,5,SIDESWIPE - SAME DIRECTION,21,CLEAR,3,DARK - LIGHTED,12,MOTOR VEHICLE IN TRANSPORT,MM 4 4 I 440,NASHVILLE,TN,37204,7014,MIDTOW,36.1158,-86.7827,POINT (-86.7827 36.1158)
20190577449,08/03/2019 02:36:00 PM,2,0,0,,Y,212343,9,UNKNOWN,22,CLOUDY,1,DAYLIGHT,14,PARKED MOTOR VEHICLE,YMCA WAY & ROSA L PARKS BLVD EXT RAMP,NASHVILLE,TN,37203,4147,CENTRA,36.1623,-86.7856,POINT (-86.7856 36.1623)
20190070626,01/27/2019 11:09:00 AM,2,0,0,,Y,439917,4,ANGLE,21,CLEAR,1,DAYLIGHT,12,MOTOR VEHICLE IN TRANSPORT,600 VILLAS AT METROCENTER PVTDR,NASHVILLE,TN,37228,4445,NORTH,36.1901,-86.8056,POINT (-86.8056 36.1901)
20190359577,05/10/2019 03:33:00 PM,2,0,0,,N,179582,4,ANGLE,21,CLEAR,1,DAYLIGHT,12,MOTOR VEHICLE IN TRANSPORT,TUSCULUM RD & COLEMONT DR,ANTIOCH,TN,37013,8713,SOUTH,36.0385,-86.705,POINT (-86.705 36.0385)
20190196485,03/13/2019 07:00:00 AM,2,0,0,,N,330411,5,SIDESWIPE - SAME DIRECTION,21,CLEAR,1,DAYLIGHT,12,MOTOR VEHICLE IN TRANSPORT,14TH AVS & BROADWAY,NASHVILLE,TN,37203,5701,MIDTOW,36.1557,-86.7897,POINT (-86.7897 36.1557)
20190356124,05/09/2019 11:11:00 AM,2,1,0,,N,226092,11,Front to Rear,2,RAIN,1,DAYLIGHT,12,MOTOR VEHICLE IN TRANSPORT,CHARLOTTE AV & 23RD AVN,NASHVILLE,TN,37209,5339,NORTH,36.1558,-86.8097,POINT (-86.8097 36.1558)
20190340268,05/03/2019 10:00:00 AM,2,0,0,Y,N,420035,4,ANGLE,2,RAIN,1,DAYLIGHT,12;29;31,"MOTOR VEHICLE IN TRANSPORT;LUMINAIRE/LIGHT SUPPORT;OTHER POST, POLE, SUPP.",GALLATIN PKES & BERKLEY DR,MADISON,TN,37115,1519,MADISO,36.247,-86.721,POINT (-86.721 36.247)
20190232427,03/25/2019 08:47:00 PM,2,0,0,,N,256383,11,Front to Rear,22,CLOUDY,3,DARK - LIGHTED,12,MOTOR VEHICLE IN TRANSPORT,ZELIDA AV & BELL RD,ANTIOCH,TN,37013,8865,SOUTH,36.0549,-86.6425,POINT (-86.6425 36.0549)
20190244296,03/29/2019 04:44:00 PM,2,1,0,,N,151132,11,Front to Rear,22,CLOUDY,1,DAYLIGHT,12,MOTOR VEHICLE IN TRANSPORT,OLD HICKORY BLVDW & DICKERSON PKE,MADISON,TN,37115,2039,MADISO,36.2692,-86.7556,POINT (-86.7556 36.2692)
20190387168,05/21/2019 06:01:00 AM,2,0,0,,Y,716886,5,SIDESWIPE - SAME DIRECTION,21,CLEAR,1,DAYLIGHT,12,MOTOR VEHICLE IN TRANSPORT,MM 57 7 I 24,ANTIOCH,TN,37013,88080,SOUTH,36.061,-86.6807,POINT (-86.6807 36.061)
20190461814,06/18/2019 09:19:00 AM,3,0,0,,N,594473,11,Front to Rear,2,RAIN,1,DAYLIGHT,12,MOTOR VEHICLE IN TRANSPORT,OLD HICKORY BLVD & I65 N EXT RAMP,BRENTWOOD,TN,37027,8623,MIDTOW,36.0399,-86.781,POINT (-86.781 36.0399)
20190030394,01/12/2019 12:43:00 PM,2,0,0,,N,109527,11,Front to Rear,2,RAIN,1,DAYLIGHT,12,MOTOR VEHICLE IN TRANSPORT,STEWARTS FERRY PKE & I40 E EXT RAMP,NASHVILLE,TN,37214,8955,HERMIT,36.1549,-86.6269,POINT (-86.6269 36.1549)
20190560002,07/27/2019 02:42:00 PM,1,1,0,,N,596389,0,NOT COLLISION W/MOTOR VEHICLE-TRANSPORT,21,CLEAR,1,DAYLIGHT,5,,8400 HIGHWAY 100,NASHVILLE,TN,37221,4809,WEST,36.035,-86.9727,POINT (-86.9727 36.035)
20190282347,04/12/2019 05:19:00 PM,2,2,0,,N,717341,2,HEAD-ON,21,CLEAR,3,DARK - LIGHTED,12,MOTOR VEHICLE IN TRANSPORT,SOUTHLAKE DR & HOLBROOK DR,NASHVILLE,TN,37211,8401,SOUTH,36.104,-86.7292,POINT (-86.7292 36.104)
20190495085,07/01/2019 08:50:00 AM,2,0,0,,Y,716886,5,SIDESWIPE - SAME DIRECTION,21,CLEAR,1,DAYLIGHT,12,MOTOR VEHICLE IN TRANSPORT,MM 52 8 I 24,NASHVILLE,TN,37210,81022,SOUTH,36.1212,-86.7272,POINT (-86.7272 36.1212)
20190184362,03/08/2019 12:30:00 PM,1,1,0,,Y,267831,0,NOT COLLISION W/MOTOR VEHICLE-TRANSPORT,2,RAIN,1,DAYLIGHT,39,WALL,MM 208 6 I 40,NASHVILLE,TN,37203,42020,CENTRA,36.1629,-86.7935,POINT (-86.7935 36.1629)
20190552128,07/24/2019 10:44:00 AM,2,0,0,,N,572251,4,ANGLE,21,CLEAR,1,DAYLIGHT,12,MOTOR VEHICLE IN TRANSPORT,GALLATIN PKEN & TWIN HILLS DR,MADISON,TN,37115,1731,MADISO,36.3021,-86.6928,POINT (-86.6928 36.3021)
20190122666,02/14/2019 01:40:00 PM,1,0,0,,N,311325,0,NOT COLLISION W/MOTOR VEHICLE-TRANSPORT,21,CLEAR,1,DAYLIGHT,7,,BRILEY PKWY N ENT RAMP & BRILEY PKWY N E,NASHVILLE,TN,37214,9223,HERMIT,36.1987,-86.6869,POINT (-86.6869 36.1987)
20190495789,07/01/2019 02:22:00 PM,3,0,0,,N,267831,2,HEAD-ON,21,CLEAR,1,DAYLIGHT,12;14,MOTOR VEHICLE IN TRANSPORT;PARKED MOTOR VEHICLE,LIONS HEAD VILLAGE PVTDR & WHITE BRIDGE,NASHVILLE,TN,37209,5107,WEST,36.1297,-86.8526,POINT (-86.8526 36.1297)
20190444604,06/11/2019 06:20:00 PM,2,0,0,,Y,206675,11,Front to Rear,21,CLEAR,1,DAYLIGHT,12,MOTOR VEHICLE IN TRANSPORT,WEST END AV & 27TH AVN,NASHVILLE,TN,37212,5815,MIDTOW,36.1458,-86.8108,POINT (-86.8108 36.1458)
20190214343,03/19/2019 05:24:00 PM,2,0,0,,N,429193,4,ANGLE,21,CLEAR,1,DAYLIGHT,12,MOTOR VEHICLE IN TRANSPORT,HICKS RD & HIGHWAY 70S,NASHVILLE,TN,37221,4811,WEST,36.0737,-86.9263,POINT (-86.9263 36.0737)
20190317445,04/24/2019 08:38:00 PM,2,0,0,,Y,429193,11,Front to Rear,21,CLEAR,3,DARK - LIGHTED,12,MOTOR VEHICLE IN TRANSPORT,6500 CHARLOTTE PK & CHARLOTTE PK,NASHVILLE,TN,37209,5023,WEST,36.1403,-86.8798,POINT (-86.8798 36.1403)
20190473804,06/22/2019 02:00:00 PM,2,0,0,,N,352188,16,Rear to Side,21,CLEAR,1,DAYLIGHT,12,MOTOR VEHICLE IN TRANSPORT,JONES PARK CT & JONES AV,NASHVILLE,TN,37207,1887,EAST,36.2176,-86.7549,POINT (-86.7549 36.2176)
20190419003,06/01/2019 04:26:00 PM,2,0,0,,Y,311337,5,SIDESWIPE - SAME DIRECTION,21,CLEAR,1,DAYLIGHT,12,MOTOR VEHICLE IN TRANSPORT,MM 56 0 I 24,NASHVILLE,TN,37211,8708,SOUTH,36.0818,-86.6975,POINT (-86.6975 36.0818)
20190338058,05/02/2019 01:18:00 PM,2,0,0,,N,110063,5,SIDESWIPE - SAME DIRECTION,21,CLEAR,1,DAYLIGHT,12,MOTOR VEHICLE IN TRANSPORT,MM 87 3 I 65,NASHVILLE,TN,37207,1804,EAST,36.2068,-86.7762,POINT (-86.7762 36.2068)
20190044046,01/17/2019 12:49:00 PM,2,1,0,Y,N,226098,5,SIDESWIPE - SAME DIRECTION,2,RAIN,1,DAYLIGHT,12;13;24,MOTOR VEHICLE IN TRANSPORT;MOTOR VEHICLE IN TRANSPORT-OTHER ROADWAY;GUARDRAIL FACE,MM 35 9 I 24,WHITES CREEK,TN,37189,33180,NORTH,36.3205,-86.851,POINT (-86.851 36.3205)
20190207281,03/17/2019 12:00:00 AM,1,0,0,,N,320578,0,NOT COLLISION W/MOTOR VEHICLE-TRANSPORT,21,CLEAR,2,DARK - NOT LIGHTED,34,DITCH,APACHE TRL & PACKARD DR,NASHVILLE,TN,37211,8709,SOUTH,36.065,-86.6858,POINT (-86.6858 36.065)
20190260087,04/04/2019 01:47:00 PM,2,0,0,,N,267831,11,Front to Rear,22,CLOUDY,1,DAYLIGHT,12,MOTOR VEHICLE IN TRANSPORT,HOBBS RD & STAMMER PL,NASHVILLE,TN,37215,6115,WEST,36.1012,-86.8213,POINT (-86.8213 36.1012)
20190224291,03/22/2019 04:40:00 PM,2,0,0,,N,311798,4,ANGLE,21,CLEAR,1,DAYLIGHT,12,MOTOR VEHICLE IN TRANSPORT,17TH AVN & COCKRILL ST,NASHVILLE,TN,37208,4471,NORTH,36.1751,-86.8071,POINT (-86.8071 36.1751)
20190235399,03/26/2019 04:53:00 PM,2,0,0,,N,197070,11,Front to Rear,21,CLEAR,1,DAYLIGHT,12,MOTOR VEHICLE IN TRANSPORT,CLIFTON AV & 33RD AVN,NASHVILLE,TN,37209,4551,NORTH,36.1589,-86.8256,POINT (-86.8256 36.1589)
20190490962,06/29/2019 11:06:00 AM,2,0,0,,N,320586,4,ANGLE,21,CLEAR,1,DAYLIGHT,12,MOTOR VEHICLE IN TRANSPORT,BELL RD & MT VIEW RD,ANTIOCH,TN,37013,8865,SOUTH,36.05,-86.6496,POINT (-86.6496 36.05)
20190011781,01/05/2019 11:00:00 AM,1,0,0,Y,Y,279122,0,NOT COLLISION W/MOTOR VEHICLE-TRANSPORT,21,CLEAR,1,DAYLIGHT,40,MAIL BOX,ALICE ST & YOUNGS LN,NASHVILLE,TN,37218,3101,NORTH,36.2038,-86.8094,POINT (-86.8094 36.2038)
20190211552,03/19/2019 09:20:00 PM,2,0,0,,N,109513,11,Front to Rear,21,CLEAR,3,DARK - LIGHTED,12,MOTOR VEHICLE IN TRANSPORT,MM 209 2 I 40,NASHVILLE,TN,37203,5702,MIDTOW,36.1554,-86.7891,POINT (-86.7891 36.1554)
20190005080,01/02/2019 10:57:00 PM,2,0,0,,N,330420,2,HEAD-ON,2,RAIN,3,DARK - LIGHTED,12,MOTOR VEHICLE IN TRANSPORT,ANTIOCH PKE & EZELL PKE,NASHVILLE,TN,37211,8889,SOUTH,36.0773,-86.7253,POINT (-86.7253 36.0773)
20190108651,02/09/2019 03:15:00 PM,2,0,0,,N,579971,11,Front to Rear,21,CLEAR,1,DAYLIGHT,12,MOTOR VEHICLE IN TRANSPORT,MURFREESBORO PKE & HOBSON PKE,ANTIOCH,TN,37013,8927,SOUTH,36.043,-86.6066,POINT (-86.6066 36.043)
20190185679,03/09/2019 12:31:00 AM,2,0,0,,N,169414,2,HEAD-ON,2,RAIN,3,DARK - LIGHTED,12,MOTOR VEHICLE IN TRANSPORT,HAMILTON CHURCH & MT VIEW,ANTIOCH,TN,37013,8925,SOUTH,36.0628,-86.6082,POINT (-86.6082 36.0628)
20190047723,01/18/2019 05:59:00 PM,2,1,0,,N,281611,11,Front to Rear,21,CLEAR,2,DARK - NOT LIGHTED,12,MOTOR VEHICLE IN TRANSPORT,CHARLOTTE PKE & RUSSLEO DR,NASHVILLE,TN,37209,5021,WEST,36.1401,-86.8793,POINT (-86.8793 36.1401)
20190259597,04/04/2019 10:22:00 AM,2,0,0,,Y,716886,11,Front to Rear,21,CLEAR,1,DAYLIGHT,12,MOTOR VEHICLE IN TRANSPORT,NOLENSVILLE PKE & WELSHWOOD DR,NASHVILLE,TN,37211,8501,MIDTOW,36.0826,-86.7273,POINT (-86.7273 36.0826)
20190143872,02/22/2019 04:00:00 AM,2,0,0,,N,256495,4,ANGLE,2,RAIN,3,DARK - LIGHTED,12,MOTOR VEHICLE IN TRANSPORT,CLARKSVILLE PKE & ROSA L PARKS BLVD,NASHVILLE,TN,37228,4483,NORTH,36.1889,-86.8231,POINT (-86.8231 36.1889)
20190073970,01/28/2019 06:16:00 PM,2,0,0,,N,299266,4,ANGLE,22,CLOUDY,3,DARK - LIGHTED,12,MOTOR VEHICLE IN TRANSPORT,HAYWOOD LN & HOPEDALE DR,NASHVILLE,TN,37211,8711,SOUTH,36.0688,-86.7175,POINT (-86.7175 36.0688)
20190037693,01/15/2019 10:46:00 AM,2,0,0,,N,716886,5,SIDESWIPE - SAME DIRECTION,22,CLOUDY,1,DAYLIGHT,12,MOTOR VEHICLE IN TRANSPORT,FESSLERS LN & MURFREESBORO PKE,NASHVILLE,TN,37210,8217,HERMIT,36.1428,-86.7444,POINT (-86.7444 36.1428)
20190178679,03/06/2019 04:44:00 PM,2,0,0,,N,197054,11,Front to Rear,21,CLEAR,1,DAYLIGHT,12,MOTOR VEHICLE IN TRANSPORT,MM 213 2 I 40,NASHVILLE,TN,37210,82061,HERMIT,36.1399,-86.728,POINT (-86.728 36.1399)
20190092180,02/03/2019 09:45:00 PM,2,0,0,,N,212321,11,Front to Rear,22,CLOUDY,2,DARK - NOT LIGHTED,12,MOTOR VEHICLE IN TRANSPORT,MM 60 7 I 24,ANTIOCH,TN,37013,88060,SOUTH,36.0337,-86.6419,POINT (-86.6419 36.0337)
20190032378,01/13/2019 11:17:00 AM,2,0,0,,N,405391,11,Front to Rear,2,RAIN,1,DAYLIGHT,12,MOTOR VEHICLE IN TRANSPORT,OLD HICKORY BLVD & HIGHWAY 70S,NASHVILLE,TN,37221,4901,WEST,36.0742,-86.9208,POINT (-86.9208 36.0742)
20190198046,03/13/2019 04:38:00 PM,2,0,0,,N,206675,11,Front to Rear,21,CLEAR,1,DAYLIGHT,12,MOTOR VEHICLE IN TRANSPORT,CHARLOTTE AV & SPRUCE ST,NASHVILLE,TN,,5337,NORTH,,,
20190487908,06/28/2019 06:24:00 AM,2,0,0,,Y,716886,6,SIDESWIPE - OPPOSITE DIRECTION,21,CLEAR,1,DAYLIGHT,12,MOTOR VEHICLE IN TRANSPORT,HAMILTON CHURCH RD & HOBSON PKE,ANTIOCH,TN,37013,8905,SOUTH,36.0586,-86.5978,POINT (-86.5978 36.0586)
20190466030,06/19/2019 07:52:00 PM,1,1,0,,N,256426,0,NOT COLLISION W/MOTOR VEHICLE-TRANSPORT,2,RAIN,1,DAYLIGHT,36,CONCRETE TRAFFIC BARRIER,BRILEY PKWYN & BRILEY PKWYS,NASHVILLE,TN,37211,8404,SOUTH,36.1092,-86.727,POINT (-86.727 36.1092)
20190205879,03/16/2019 02:48:00 PM,2,0,0,,N,306230,11,Front to Rear,21,CLEAR,1,DAYLIGHT,12,MOTOR VEHICLE IN TRANSPORT,MM 87 4 I 65,NASHVILLE,TN,37207,1804,EAST,36.2081,-86.7761,POINT (-86.7761 36.2081)
20190072416,01/28/2019 06:49:00 AM,2,0,0,,Y,716886,5,SIDESWIPE - SAME DIRECTION,21,CLEAR,1,DAYLIGHT,12,MOTOR VEHICLE IN TRANSPORT,MURFREESBORO PKE & OLD HICKORY BLVD,ANTIOCH,TN,37013,8867,SOUTH,36.0413,-86.6051,POINT (-86.6051 36.0413)
20190355798,05/09/2019 08:24:00 AM,2,0,0,,N,109534,11,Front to Rear,22,CLOUDY,1,DAYLIGHT,12,MOTOR VEHICLE IN TRANSPORT,MM 213 8 I 40,NASHVILLE,TN,37217,8802,HERMIT,36.1413,-86.7163,POINT (-86.7163 36.1413)
20190491589,06/29/2019 06:16:00 PM,2,1,0,,Y,352188,5,SIDESWIPE - SAME DIRECTION,21,CLEAR,1,DAYLIGHT,12,MOTOR VEHICLE IN TRANSPORT,DICKERSON PKE & DICKERSON PKE NB ENT RAM,NASHVILLE,TN,37207,1961,EAST,36.1812,-86.7736,POINT (-86.7736 36.1812)
20190127115,02/16/2019 02:48:00 AM,2,1,0,,N,405424,11,Front to Rear,2,RAIN,2,DARK - NOT LIGHTED,12,MOTOR VEHICLE IN TRANSPORT,MM 218 6 I 40,NASHVILLE,TN,37214,89062,HERMIT,36.1523,-86.6347,POINT (-86.6347 36.1523)
20190494284,07/01/2019 12:00:00 AM,2,0,0,,N,240972,4,ANGLE,21,CLEAR,3,DARK - LIGHTED,12,MOTOR VEHICLE IN TRANSPORT,ROSA L PARKS BLVD & CHURCH ST,NASHVILLE,TN,37203,4145,CENTRA,36.1617,-86.7839,POINT (-86.7839 36.1617)
20190565532,07/30/2019 12:40:00 AM,2,0,0,,N,299270,4,ANGLE,21,CLEAR,3,DARK - LIGHTED,12,MOTOR VEHICLE IN TRANSPORT,17TH AVS & BROADWAY,NASHVILLE,TN,37203,5705,MIDTOW,36.1533,-86.794,POINT (-86.794 36.1533)
20190460580,06/17/2019 09:28:00 PM,2,0,0,,N,256389,2,HEAD-ON,2,RAIN,3,DARK - LIGHTED,12,MOTOR VEHICLE IN TRANSPORT,I65 S ENT RAMP & OLD HICKORY BLVD,NASHVILLE,TN,37220,7111,MIDTOW,36.0376,-86.7851,POINT (-86.7851 36.0376)
20190083353,01/31/2019 01:02:00 PM,2,0,0,,N,716886,16,Rear to Side,21,CLEAR,1,DAYLIGHT,12,MOTOR VEHICLE IN TRANSPORT,OLD HICKORY BLVD & FIRESTONE PKWY,ANTIOCH,TN,37013,8867,SOUTH,36.017,-86.6199,POINT (-86.6199 36.017)