Accident Number,Date and Time,Number of Motor Vehicles,Number of Injuries,Number of Fatalities,Property Damage,Hit and Run,Reporting Officer,Collision Type Code,Collision Type Description,Weather Code,Weather Description,Illumination Code,Illumination Description,Harmful Code,Harmful Code Description,Street Address,City,State,ZIP,RPA,Precinct,Latitude,Longitude,Mapped Location
20190506583,07/05/2019 11:55:00 AM,2,0,0,,N,320601,5,SIDESWIPE - SAME DIRECTION,21,CLEAR,1,DAYLIGHT,12,MOTOR VEHICLE IN TRANSPORT,PERIMETER HILL DR & ANTIOCH PKE,NASHVILLE,TN,37211,8847,SOUTH,36.0855,-86.6908,POINT (-86.6908 36.0855)
20190371935,05/15/2019 11:50:00 AM,2,0,0,,Y,226134,11,Front to Rear,2,RAIN,1,DAYLIGHT,12,MOTOR VEHICLE IN TRANSPORT,HICKORY HOLLOW TER & BELL RD,ANTIOCH,TN,37013,8861,SOUTH,36.0508,-86.647,POINT (-86.647 36.0508)
20190103812,02/07/2019 06:12:00 PM,2,0,0,,N,267831,11,Front to Rear,2,RAIN,3,DARK - LIGHTED,12;14,MOTOR VEHICLE IN TRANSPORT;PARKED MOTOR VEHICLE,RICHARDSON AV & ELMINGTON AV,NASHVILLE,TN,37205,6005,WEST,36.1329,-86.8211,POINT (-86.8211 36.1329)
20190211293,03/18/2019 07:26:00 PM,2,1,0,,N,299244,4,ANGLE,21,CLEAR,3,DARK - LIGHTED,12,MOTOR VEHICLE IN TRANSPORT,COWAN ST & SPRING ST,NASHVILLE,TN,37213,1987,CENTRA,36.177,-86.7761,POINT (-86.7761 36.177)
20190483322,06/26/2019 03:02:00 PM,2,0,0,,N,352198,5,SIDESWIPE - SAME DIRECTION,21,CLEAR,1,DAYLIGHT,12,MOTOR VEHICLE IN TRANSPORT,OLD HICKORY BLVD & I40 W EXT RAMP,HERMITAGE,TN,37076,9557,HERMIT,36.1708,-86.6016,POINT (-86.6016 36.1708)
20190084240,01/31/2019 05:35:00 PM,2,0,0,,N,151132,5,SIDESWIPE - SAME DIRECTION,21,CLEAR,5,DUSK,12,MOTOR VEHICLE IN TRANSPORT,GALLATIN PKES & E OLD HICKORY BLVD,MADISON,TN,37115,1771,MADISO,36.2622,-86.7122,POINT (-86.7122 36.2622)
20190532142,07/16/2019 04:54:00 PM,1,0,0,,Y,299241,0,NOT COLLISION W/MOTOR VEHICLE-TRANSPORT,21,CLEAR,1,DAYLIGHT,5,,OLD HICKORY BLVD & CENTRAL PKE,HERMITAGE,TN,37076,9557,HERMIT,36.1676,-86.7787,POINT (-86.7787 36.1676)
20190141095,02/21/2019 07:34:00 AM,3,1,0,,N,311325,11,Front to Rear,21,CLEAR,1,DAYLIGHT,12,MOTOR VEHICLE IN TRANSPORT,MM 213 9 I 40,NASHVILLE,TN,37217,8802,HERMIT,36.1415,-86.7148,POINT (-86.7148 36.1415)
20190447203,06/12/2019 03:40:00 PM,2,1,0,,N,151132,11,Front to Rear,22,CLOUDY,1,DAYLIGHT,12,MOTOR VEHICLE IN TRANSPORT,GALLATIN PKES & MAPLE ST,MADISON,TN,37115,1607,MADISO,36.2617,-86.7124,POINT (-86.7124 36.2617)
20190340608,05/03/2019 12:19:00 PM,2,1,0,,N,716886,11,Front to Rear,21,CLEAR,1,DAYLIGHT,12,MOTOR VEHICLE IN TRANSPORT,MM 52 5 I 24,NASHVILLE,TN,37217,8816,SOUTH,36.1256,-86.7279,POINT (-86.7279 36.1256)
20190062401,01/24/2019 10:47:00 AM,2,2,0,,N,538214,11,Front to Rear,21,CLEAR,1,DAYLIGHT,12,MOTOR VEHICLE IN TRANSPORT,LAFAYETTE ST & FAIRFIELD AV,NASHVILLE,TN,37210,8133,SOUTH,36.1473,-86.7579,POINT (-86.7579 36.1473)
20190547299,07/22/2019 04:34:00 PM,2,0,0,,N,267831,4,ANGLE,2,RAIN,1,DAYLIGHT,12,MOTOR VEHICLE IN TRANSPORT,CHEROKEE RD & WEST END AV,NASHVILLE,TN,37205,5209,WEST,36.1311,-86.8383,POINT (-86.8383 36.1311)
20190366477,05/13/2019 04:51:00 PM,2,1,0,,N,267831,4,ANGLE,22,CLOUDY,1,DAYLIGHT,12,MOTOR VEHICLE IN TRANSPORT,HARDING PKE & RIDGEFIELD WAY,NASHVILLE,TN,37205,6021,WEST,36.1264,-86.8456,POINT (-86.8456 36.1264)
20190389652,05/22/2019 01:00:00 AM,1,0,0,,N,279117,0,NOT COLLISION W/MOTOR VEHICLE-TRANSPORT,21,CLEAR,2,DARK - NOT LIGHTED,33,CURB,CHICAMAUGA AV & BAILEY ST,NASHVILLE,TN,37206,1929,EAST,36.185,-86.7507,POINT (-86.7507 36.185)
20190172075,03/04/2019 05:20:00 PM,2,1,0,,N,320580,11,Front to Rear,21,CLEAR,5,DUSK,12,MOTOR VEHICLE IN TRANSPORT,MM 211 8 I 40,NASHVILLE,TN,37210,90022,HERMIT,36.149,-86.7465,POINT (-86.7465 36.149)
20190387561,05/21/2019 09:30:00 AM,2,1,0,,N,352172,11,Front to Rear,21,CLEAR,1,DAYLIGHT,12,MOTOR VEHICLE IN TRANSPORT,SPRING ST & N 1ST ST,NASHVILLE,TN,37213,1985,CENTRA,36.177,-86.7746,POINT (-86.7746 36.177)
20190316547,04/24/2019 01:36:00 PM,2,2,0,,N,226136,4,ANGLE,22,CLOUDY,1,DAYLIGHT,12,MOTOR VEHICLE IN TRANSPORT,HARDING PL & SIDCO DR,NASHVILLE,TN,37220,8601,MIDTOW,36.0819,-86.7612,POINT (-86.7612 36.0819)
20190012045,01/05/2019 02:10:00 PM,2,0,0,,Y,299238,4,ANGLE,21,CLEAR,1,DAYLIGHT,12;14,MOTOR VEHICLE IN TRANSPORT;PARKED MOTOR VEHICLE,MAIN ST & N 8TH ST,NASHVILLE,TN,37206,1119,EAST,36.1753,-86.7588,POINT (-86.7588 36.1753)
20190275047,04/10/2019 06:01:00 AM,1,0,0,,N,716886,0,NOT COLLISION W/MOTOR VEHICLE-TRANSPORT,21,CLEAR,1,DAYLIGHT,18,OTHER OBJECT (NOT FIXED),MM 56 0 I 24,NASHVILLE,TN,37211,8708,SOUTH,36.0818,-86.6975,POINT (-86.6975 36.0818)
20190206872,03/16/2019 10:38:00 PM,1,1,0,,N,320584,0,NOT COLLISION W/MOTOR VEHICLE-TRANSPORT,21,CLEAR,3,DARK - LIGHTED,44,PAVED SURFACE-IRREGULAR,HARDING PL & I24 W EXT RAMP,NASHVILLE,TN,37211,8889,SOUTH,36.0864,-86.6989,POINT (-86.6989 36.0864)
20190281621,04/12/2019 01:00:00 PM,2,0,0,,Y,481573,11,Front to Rear,22,CLOUDY,1,DAYLIGHT,12,MOTOR VEHICLE IN TRANSPORT,19TH AVS & 19TH AVN,NASHVILLE,TN,37203,5707,MIDTOW,36.1517,-86.797,POINT (-86.797 36.1517)
20190170703,03/04/2019 08:21:00 AM,1,0,0,Y,N,405447,0,NOT COLLISION W/MOTOR VEHICLE-TRANSPORT,21,CLEAR,1,DAYLIGHT,18,OTHER OBJECT (NOT FIXED),BREWER DR & HILL CREEK DR,NASHVILLE,TN,37211,8657,MIDTOW,36.0631,-86.7358,POINT (-86.7358 36.0631)
20190024583,01/10/2019 09:12:00 AM,2,0,0,,N,876577,5,SIDESWIPE - SAME DIRECTION,21,CLEAR,1,DAYLIGHT,12,MOTOR VEHICLE IN TRANSPORT,CROSSINGS PL & HICKORY HOLLOW PKWY,ANTIOCH,TN,37013,8863,SOUTH,36.044,-86.6505,POINT (-86.6505 36.044)
20190480015,06/25/2019 11:59:00 AM,2,1,0,,N,311799,11,Front to Rear,21,CLEAR,1,DAYLIGHT,12,MOTOR VEHICLE IN TRANSPORT,OLD HICKORY BLVDW & RONNIE RD,MADISON,TN,37115,1749,MADISO,36.2641,-86.7262,POINT (-86.7262 36.2641)
20190468213,06/20/2019 12:45:00 PM,2,0,0,,N,140808,4,ANGLE,22,CLOUDY,1,DAYLIGHT,12,MOTOR VEHICLE IN TRANSPORT,HARRISON ST & NOLENSVILLE PKE,NASHVILLE,TN,37211,8431,SOUTH,36.0985,-86.7375,POINT (-86.7375 36.0985)
20190434702,06/04/2019 07:00:00 PM,2,0,0,,Y,571321,98,OTHER,21,CLEAR,5,DUSK,14,PARKED MOTOR VEHICLE,3400 SKYLINE COMMONS PVTDR,NASHVILLE,TN,37207,2011,MADISO,36.2443,-86.7579,POINT (-86.7579 36.2443)
20190288382,04/15/2019 09:04:00 AM,2,1,0,,N,298878,4,ANGLE,21,CLEAR,1,DAYLIGHT,12,MOTOR VEHICLE IN TRANSPORT,11TH AVN & SHANKLAND ST,NASHVILLE,TN,37203,4205,CENTRA,36.1631,-86.7911,POINT (-86.7911 36.1631)
20190520366,07/11/2019 05:25:00 PM,2,1,0,,N,206675,11,Front to Rear,21,CLEAR,1,DAYLIGHT,12,MOTOR VEHICLE IN TRANSPORT,MM 74 6 I 65,BRENTWOOD,TN,37027,8604,MIDTOW,36.0387,-86.7826,POINT (-86.7826 36.0387)
20190385394,05/20/2019 12:00:00 AM,2,0,0,,Y,279118,4,ANGLE,21,CLEAR,1,DAYLIGHT,12,MOTOR VEHICLE IN TRANSPORT,BELL RD & HICKORY HOLLOW TER,ANTIOCH,TN,37013,8865,SOUTH,36.3008,-86.6948,POINT (-86.6948 36.3008)
20190216318,03/20/2019 07:35:00 AM,3,1,0,,N,320586,11,Front to Rear,21,CLEAR,1,DAYLIGHT,12,MOTOR VEHICLE IN TRANSPORT,BRILEY PKWYN & BRILEY PKWYS,NASHVILLE,TN,37211,8404,SOUTH,36.1092,-86.727,POINT (-86.727 36.1092)
20190363784,05/12/2019 02:50:00 PM,4,3,0,,N,429193,11,Front to Rear,22,CLOUDY,1,DAYLIGHT,12,MOTOR VEHICLE IN TRANSPORT,HWY 70 S & PRIVATE DRIVE,NASHVILLE,TN,37221,4811,WEST,36.0774,-86.9472,POINT (-86.9472 36.0774)
20190415476,05/31/2019 07:47:00 AM,2,0,0,,N,109534,5,SIDESWIPE - SAME DIRECTION,21,CLEAR,1,DAYLIGHT,12,MOTOR VEHICLE IN TRANSPORT,MM 212 0 I 40,NASHVILLE,TN,37210,90041,HERMIT,36.147,-86.7433,POINT (-86.7433 36.147)
20190275455,04/10/2019 10:00:00 AM,2,1,0,,N,591936,11,Front to Rear,21,CLEAR,1,DAYLIGHT,12,MOTOR VEHICLE IN TRANSPORT,8TH AVS & FRANKLIN PKE,NASHVILLE,TN,37204,6919,MIDTOW,36.1295,-86.7782,POINT (-86.7782 36.1295)
20190433620,06/07/2019 07:40:00 AM,1,1,0,,N,693093,0,NOT COLLISION W/MOTOR VEHICLE-TRANSPORT,2,RAIN,1,DAYLIGHT,36,CONCRETE TRAFFIC BARRIER,MM 93 6 I 65,MADISON,TN,37115,17062,MADISO,36.2837,-86.7303,POINT (-86.7303 36.2837)
20190444333,06/11/2019 03:23:00 PM,2,0,0,,N,256389,11,Front to Rear,21,CLEAR,1,DAYLIGHT,12,MOTOR VEHICLE IN TRANSPORT,BLAKEMORE AV & 26TH AVS,NASHVILLE,TN,37212,5821,MIDTOW,36.1384,-86.8086,POINT (-86.8086 36.1384)
20190436998,06/08/2019 01:29:00 PM,2,0,0,,N,330428,4,ANGLE,21,CLEAR,1,DAYLIGHT,13,MOTOR VEHICLE IN TRANSPORT-OTHER ROADWAY,OLD HICKORY BLVD & I40 W EXT RAMP,HERMITAGE,TN,37076,9557,HERMIT,36.1708,-86.6016,POINT (-86.6016 36.1708)
20190134998,02/19/2019 08:30:00 AM,2,3,0,,N,402660,11,Front to Rear,22,CLOUDY,1,DAYLIGHT,12,MOTOR VEHICLE IN TRANSPORT,HILLSBORO PKE & HOBBS RD,NASHVILLE,TN,37215,6405,MIDTOW,36.1009,-86.8187,POINT (-86.8187 36.1009)
20190349726,05/07/2019 07:45:00 AM,2,1,0,,N,352214,2,HEAD-ON,21,CLEAR,1,DAYLIGHT,12,MOTOR VEHICLE IN TRANSPORT,STEWARTS FERRY PKE & I40 E EXT RAMP,NASHVILLE,TN,37214,8955,HERMIT,36.1549,-86.6269,POINT (-86.6269 36.1549)
20190174290,03/05/2019 09:00:00 AM,2,0,0,,N,330411,5,SIDESWIPE - SAME DIRECTION,21,CLEAR,1,DAYLIGHT,14,PARKED MOTOR VEHICLE,VILLA PL & HORTON AV,NASHVILLE,TN,37212,6619,MIDTOW,36.14,-86.7925,POINT (-86.7925 36.14)
20190357553,05/09/2019 10:32:00 PM,2,0,0,,N,299248,11,Front to Rear,21,CLEAR,3,DARK - LIGHTED,12,MOTOR VEHICLE IN TRANSPORT,NOLENSVILLE PKE & I440 W ENT RAMP,NASHVILLE,TN,37211,8043,MIDTOW,36.1233,-86.7513,POINT (-86.7513 36.1233)
20190567321,07/30/2019 05:40:00 PM,3,0,0,,N,309262,11,Front to Rear,21,CLEAR,1,DAYLIGHT,12,MOTOR VEHICLE IN TRANSPORT,MM 92 6 I 65,MADISON,TN,37115,1704,MADISO,36.2702,-86.7364,POINT (-86.7364 36.2702)
20190517780,07/10/2019 05:52:00 PM,2,0,0,,N,591934,11,Front to Rear,21,CLEAR,1,DAYLIGHT,12,MOTOR VEHICLE IN TRANSPORT,MURFREESBORO PKE & EZELL PKE,NASHVILLE,TN,37217,8849,SOUTH,36.1047,-86.6695,POINT (-86.6695 36.1047)
20190379411,05/17/2019 10:26:00 PM,2,0,0,,Y,256380,11,Front to Rear,21,CLEAR,3,DARK - LIGHTED,12,MOTOR VEHICLE IN TRANSPORT,BUENA VISTA PKE & W TRINITY LN,NASHVILLE,TN,37218,3101,NORTH,36.2025,-86.8205,POINT (-86.8205 36.2025)
20190519451,07/11/2019 09:45:00 AM,2,0,0,,N,834798,4,ANGLE,21,CLEAR,1,DAYLIGHT,12,MOTOR VEHICLE IN TRANSPORT,THOMPSON LN & FOSTER CREIGHTON DR,NASHVILLE,TN,37204,8305,MIDTOW,36.111,-86.754,POINT (-86.754 36.111)
20190224857,03/22/2019 10:03:00 PM,2,0,0,,N,311341,11,Front to Rear,21,CLEAR,3,DARK - LIGHTED,12,MOTOR VEHICLE IN TRANSPORT,CHARLOTTE PKE & OLD HICKORY BLVD,NASHVILLE,TN,37209,4701,WEST,36.1177,-86.9218,POINT (-86.9218 36.1177)
20190303163,04/19/2019 11:18:00 PM,2,0,0,,N,240955,4,ANGLE,2,RAIN,3,DARK - LIGHTED,12,MOTOR VEHICLE IN TRANSPORT,MURFREESBORO PKE & PIN HOOK RD,ANTIOCH,TN,37013,8927,SOUTH,36.0505,-86.6147,POINT (-86.6147 36.0505)
20190434715,06/07/2019 12:00:00 AM,1,0,0,Y,N,298877,0,NOT COLLISION W/MOTOR VEHICLE-TRANSPORT,2,RAIN,1,DAYLIGHT,19,BUILDING,PARAGON MILLS RD & VALLEY RIDGE DR,NASHVILLE,TN,37211,8421,SOUTH,36.0877,-86.7232,POINT (-86.7232 36.0877)
20190265375,04/06/2019 02:38:00 PM,2,0,0,,N,299266,0,NOT COLLISION W/MOTOR VEHICLE-TRANSPORT,21,CLEAR,1,DAYLIGHT,16,THROWN OR FALLING OBJECT,MM 55 4 I 24,NASHVILLE,TN,37211,8812,SOUTH,36.0901,-86.7031,POINT (-86.7031 36.0901)
20190175299,03/05/2019 04:52:00 PM,2,2,0,,N,151132,4,ANGLE,21,CLEAR,1,DAYLIGHT,12,MOTOR VEHICLE IN TRANSPORT,NORTHSIDE MARKETPLACE PVTDR & GALLATIN P,MADISON,TN,37115,1721,MADISO,36.3073,-86.6848,POINT (-86.6848 36.3073)
20190390449,05/22/2019 07:25:00 AM,2,0,0,,N,676834,4,ANGLE,21,CLEAR,1,DAYLIGHT,12,MOTOR VEHICLE IN TRANSPORT,PEARL ST & DR D B TODD JR BLVD,NASHVILLE,TN,37203,5401,NORTH,36.1828,-86.8123,POINT (-86.8123 36.1828)
20190234025,03/26/2019 08:05:00 AM,2,0,0,,Y,191578,4,ANGLE,21,CLEAR,1,DAYLIGHT,12,MOTOR VEHICLE IN TRANSPORT,ELM HILL PKE & TIMBER VALLEY DR,NASHVILLE,TN,37214,8991,HERMIT,36.1419,-86.64,POINT (-86.64 36.1419)
20190018789,01/08/2019 10:50:00 AM,1,1,0,Y,N,224955,0,NOT COLLISION W/MOTOR VEHICLE-TRANSPORT,22,CLOUDY,1,DAYLIGHT,15;30,OTHER TYPE NON-MOTORIST;UTILITY POLE,RONNIE RD & NESBITT LN,MADISON,TN,37115,1765,MADISO,36.2715,-86.7256,POINT (-86.7256 36.2715)
20190265107,04/06/2019 11:20:00 AM,3,4,0,,N,240952,11,Front to Rear,21,CLEAR,1,DAYLIGHT,12,MOTOR VEHICLE IN TRANSPORT,MM 52 7 I 24,NASHVILLE,TN,37210,81022,SOUTH,36.1226,-86.7277,POINT (-86.7277 36.1226)
20190405187,05/27/2019 07:10:00 PM,2,1,0,,N,311798,11,Front to Rear,21,CLEAR,1,DAYLIGHT,12,MOTOR VEHICLE IN TRANSPORT,DR D B TODD JR BLVD & BUCHANAN ST,NASHVILLE,TN,37208,4413,NORTH,36.1805,-86.8112,POINT (-86.8112 36.1805)
20190410607,05/29/2019 03:24:00 PM,3,0,0,,N,134899,5,SIDESWIPE - SAME DIRECTION,21,CLEAR,1,DAYLIGHT,12,MOTOR VEHICLE IN TRANSPORT,LEBANON PKE & JUAREZ DR,HERMITAGE,TN,37076,9531,HERMIT,36.1927,-86.6237,POINT (-86.6237 36.1927)
20190182070,03/07/2019 06:35:00 PM,2,0,0,,N,306230,11,Front to Rear,21,CLEAR,3,DARK - LIGHTED,12,MOTOR VEHICLE IN TRANSPORT,WHITES CREEK PKE & BUENA VISTA PKE,NASHVILLE,TN,37207,3221,NORTH,36.2508,-86.8284,POINT (-86.8284 36.2508)
20190332403,04/30/2019 03:53:00 PM,2,0,0,,N,256383,4,ANGLE,21,CLEAR,1,DAYLIGHT,12;71,MOTOR VEHICLE IN TRANSPORT;EMBANKMENT EARTH,EDGE O LAKE DR & MURFREESBORO PKE,NASHVILLE,TN,37217,8939,HERMIT,36.0797,-86.6443,POINT (-86.6443 36.0797)
20190540086,07/19/2019 02:02:00 PM,2,0,0,,Y,169425,11,Front to Rear,21,CLEAR,1,DAYLIGHT,12,MOTOR VEHICLE IN TRANSPORT,MM 208 8 I 40,NASHVILLE,TN,37203,4102,CENTRA,36.1597,-86.7923,POINT (-86.7923 36.1597)
20190194037,03/12/2019 11:55:00 AM,1,0,0,,N,716886,0,NOT COLLISION W/MOTOR VEHICLE-TRANSPORT,21,CLEAR,1,DAYLIGHT,18,OTHER OBJECT (NOT FIXED),MM 56 0 I 24,NASHVILLE,TN,37211,8708,SOUTH,36.0818,-86.6975,POINT (-86.6975 36.0818)
20190205999,03/16/2019 04:05:00 PM,3,1,0,,Y,320577,98,OTHER,21,CLEAR,1,DAYLIGHT,1;12,MOTOR VEHICLE IN TRANSPORT,BRIARWOOD DR & EDMONDSON PKE,NASHVILLE,TN,37220,8615,MIDTOW,36.0677,-86.7374,POINT (-86.7374 36.0677)
20190441108,06/10/2019 11:15:00 AM,2,0,0,,N,279110,2,HEAD-ON,21,CLEAR,1,DAYLIGHT,12,MOTOR VEHICLE IN TRANSPORT,NOLENSVILLE PKE & MCNALLY DR,NASHVILLE,TN,37211,8435,SOUTH,36.0933,-86.7362,POINT (-86.7362 36.0933)
20190104204,02/07/2019 07:14:00 PM,2,0,0,,Y,134903,5,SIDESWIPE - SAME DIRECTION,2,RAIN,3,DARK - LIGHTED,12,MOTOR VEHICLE IN TRANSPORT,OLD HICKORY BLVD & LEBANON PKE EB EXT RA,HERMITAGE,TN,37076,9531,HERMIT,36.1964,-86.6198,POINT (-86.6198 36.1964)
20190342230,05/04/2019 02:34:00 AM,2,0,0,,Y,405424,6,SIDESWIPE - OPPOSITE DIRECTION,22,CLOUDY,3,DARK - LIGHTED,12,MOTOR VEHICLE IN TRANSPORT,ROBINSON RD & INDUSTRIAL DR PVTDR,OLD HICKORY,TN,37138,9619,HERMIT,36.2655,-86.6642,POINT (-86.6642 36.2655)
20190184626,03/08/2019 03:50:00 PM,2,2,0,,N,151132,4,ANGLE,2,RAIN,1,DAYLIGHT,12,MOTOR VEHICLE IN TRANSPORT,STATE RT 45 & DELAWARE AV,MADISON,TN,37115,1701,MADISO,36.2637,-86.7045,POINT (-86.7045 36.2637)
20190254711,04/02/2019 06:20:00 PM,2,0,0,,N,197054,11,Front to Rear,21,CLEAR,3,DARK - LIGHTED,12,MOTOR VEHICLE IN TRANSPORT,BELL RD & COUCHVILLE PKE,NASHVILLE,TN,37214,8989,HERMIT,36.1121,-86.6303,POINT (-86.6303 36.1121)
20190470735,06/21/2019 09:30:00 AM,1,0,0,,N,676834,0,NOT COLLISION W/MOTOR VEHICLE-TRANSPORT,21,CLEAR,1,DAYLIGHT,50,DEER (ANIMAL),CLARKSVILLE PKE & ST LAWRENCE DR,JOELTON,TN,37080,3245,NORTH,36.2874,-86.8793,POINT (-86.8793 36.2874)
20190093629,02/04/2019 12:44:00 PM,3,0,0,,Y,330428,11,Front to Rear,22,CLOUDY,1,DAYLIGHT,12,MOTOR VEHICLE IN TRANSPORT,HARDING PL & TRAVELERS INN DR,NASHVILLE,TN,37211,8705,SOUTH,36.085,-86.7031,POINT (-86.7031 36.085)
20190241848,03/28/2019 07:53:00 PM,2,0,0,,N,320579,0,NOT COLLISION W/MOTOR VEHICLE-TRANSPORT,21,CLEAR,2,DARK - NOT LIGHTED,16,THROWN OR FALLING OBJECT,ROSEBANK AV & ROBERTA ST,NASHVILLE,TN,37206,1367,EAST,36.1865,-86.7213,POINT (-86.7213 36.1865)
20190202374,03/15/2019 06:30:00 AM,1,0,0,Y,N,140788,0,NOT COLLISION W/MOTOR VEHICLE-TRANSPORT,21,CLEAR,4,DAWN,30,UTILITY POLE,GREAT CIRCLE RD & CUMBERLAND BND,NASHVILLE,TN,37228,4401,NORTH,36.1929,-86.7909,POINT (-86.7909 36.1929)
20190210979,03/18/2019 05:00:00 PM,2,0,0,,N,256424,4,ANGLE,21,CLEAR,1,DAYLIGHT,12,MOTOR VEHICLE IN TRANSPORT,BLACKWOOD DR & STEWARTS FERRY PKE,NASHVILLE,TN,37214,8955,HERMIT,36.1526,-86.6255,POINT (-86.6255 36.1526)
20190162184,02/28/2019 05:39:00 PM,2,1,0,,N,197435,11,Front to Rear,21,CLEAR,3,DARK - LIGHTED,12,MOTOR VEHICLE IN TRANSPORT,BROADMOOR DR & SAUNDERS AV,NASHVILLE,TN,37216,1841,EAST,36.2297,-86.7325,POINT (-86.7325 36.2297)
20190246589,03/30/2019 03:32:00 PM,2,0,0,,Y,320599,4,ANGLE,22,CLOUDY,1,DAYLIGHT,12,MOTOR VEHICLE IN TRANSPORT,MURFREESBORO PKE & FOREST VIEW DR,ANTIOCH,TN,37013,8865,SOUTH,36.0674,-86.6313,POINT (-86.6313 36.0674)
20190477953,06/24/2019 06:00:00 PM,2,1,0,,N,140777,11,Front to Rear,21,CLEAR,1,DAYLIGHT,12,MOTOR VEHICLE IN TRANSPORT,THOMPSON LN & NOLENSVILLE PKE,NASHVILLE,TN,37211,8519,MIDTOW,36.1109,-86.7452,POINT (-86.7452 36.1109)
20190155895,02/26/2019 01:30:00 PM,1,1,0,,N,343522,0,NOT COLLISION W/MOTOR VEHICLE-TRANSPORT,21,CLEAR,1,DAYLIGHT,32,CULVERT,CROSS TIMBERS DR & COLICE JEANNE RD,NASHVILLE,TN,37221,4815,WEST,36.0745,-86.9351,POINT (-86.9351 36.0745)
20190030840,01/12/2019 06:21:00 PM,2,0,0,,N,298858,5,SIDESWIPE - SAME DIRECTION,2,RAIN,3,DARK - LIGHTED,12,MOTOR VEHICLE IN TRANSPORT,GEORGE L DAVIS BLVD & CHURCH ST,NASHVILLE,TN,37203,4119,CENTRA,36.1584,-86.7906,POINT (-86.7906 36.1584)
20190341421,05/03/2019 06:21:00 PM,2,0,0,Y,Y,281611,11,Front to Rear,22,CLOUDY,1,DAYLIGHT,14,PARKED MOTOR VEHICLE,ANNEX AV & PREMIER DR,NASHVILLE,TN,37209,5009,WEST,36.1409,-86.8831,POINT (-86.8831 36.1409)
20190145002,02/22/2019 12:05:00 PM,2,0,0,,N,267831,11,Front to Rear,2,RAIN,1,DAYLIGHT,12,MOTOR VEHICLE IN TRANSPORT,SAWYER BROWN RD & TODD PREIS DR,NASHVILLE,TN,37221,4811,WEST,36.0712,-86.9471,POINT (-86.9471 36.0712)
20190015835,01/07/2019 06:44:00 AM,3,0,0,,Y,311339,11,Front to Rear,21,CLEAR,4,DAWN,12,MOTOR VEHICLE IN TRANSPORT,MM 210 4 I 40,NASHVILLE,TN,37210,80022,SOUTH,36.1511,-86.7695,POINT (-86.7695 36.1511)
20190354142,05/08/2019 05:14:00 PM,2,0,0,,Y,256411,4,ANGLE,21,CLEAR,1,DAYLIGHT,12,MOTOR VEHICLE IN TRANSPORT,JEFFERSON ST & 16TH AVN,NASHVILLE,TN,37208,5415,NORTH,36.1705,-86.8026,POINT (-86.8026 36.1705)
20190038694,01/15/2019 05:42:00 PM,1,1,0,,N,256496,0,NOT COLLISION W/MOTOR VEHICLE-TRANSPORT,21,CLEAR,2,DARK - NOT LIGHTED,8,PEDESTRIAN,ANDREW JACKSON PKWY & LEBANON PKE,HERMITAGE,TN,37076,9537,HERMIT,36.2146,-86.5977,POINT (-86.5977 36.2146)
20190522837,07/12/2019 04:10:00 PM,2,0,0,,Y,311327,11,Front to Rear,21,CLEAR,1,DAYLIGHT,12,MOTOR VEHICLE IN TRANSPORT,MM 47 0 I 24,NASHVILLE,TN,37207,1910,CENTRA,36.1886,-86.7761,POINT (-86.7761 36.1886)
20190343933,05/04/2019 11:35:00 PM,2,1,0,,N,279212,98,OTHER,2,RAIN,3,DARK - LIGHTED,12,MOTOR VEHICLE IN TRANSPORT,I40 W ENT RAMP & I 40,NASHVILLE,TN,37210,9007,HERMIT,36.1484,-86.7454,POINT (-86.7454 36.1484)
20190253198,04/02/2019 07:21:00 AM,2,0,0,,N,676834,11,Front to Rear,21,CLEAR,1,DAYLIGHT,12,MOTOR VEHICLE IN TRANSPORT,MM 207 0 I 40,NASHVILLE,TN,37208,44021,NORTH,36.1696,-86.8114,POINT (-86.8114 36.1696)
20190377573,05/17/2019 07:45:00 AM,2,0,0,,N,311331,11,Front to Rear,21,CLEAR,1,DAYLIGHT,12,MOTOR VEHICLE IN TRANSPORT,ELLINGTON PKWYS & ELLINGTON PKWYN,NASHVILLE,TN,37207,1995,EAST,36.1758,-86.7666,POINT (-86.7666 36.1758)
20190026086,01/10/2019 09:22:00 PM,2,0,0,,Y,298871,4,ANGLE,21,CLEAR,3,DARK - LIGHTED,12,MOTOR VEHICLE IN TRANSPORT,DEMONBREUN ST & 12TH AVS,NASHVILLE,TN,37203,4015,CENTRA,36.1545,-86.7865,POINT (-86.7865 36.1545)
20190446320,06/12/2019 08:30:00 AM,2,1,0,,N,693093,11,Front to Rear,21,CLEAR,1,DAYLIGHT,12,MOTOR VEHICLE IN TRANSPORT,I65 N EXT RAMP & OLD HICKORY BLVDW,MADISON,TN,37115,1777,MADISO,36.2642,-86.7356,POINT (-86.7356 36.2642)
20190295574,04/17/2019 11:50:00 AM,2,0,0,,N,716886,11,Front to Rear,21,CLEAR,1,DAYLIGHT,12,MOTOR VEHICLE IN TRANSPORT,BELL RD & BLUE HOLE RD,ANTIOCH,TN,37013,8719,SOUTH,36.0458,-86.6744,POINT (-86.6744 36.0458)
20190146921,02/23/2019 04:45:00 AM,1,0,0,,N,240978,0,NOT COLLISION W/MOTOR VEHICLE-TRANSPORT,2,RAIN,2,DARK - NOT LIGHTED,36,CONCRETE TRAFFIC BARRIER,MM 49 0 I 24,NASHVILLE,TN,37206,10040,EAST,36.1664,-86.7647,POINT (-86.7647 36.1664)