Accident Number,Date and Time,Number of Motor Vehicles,Number of Injuries,Number of Fatalities,Property Damage,Hit and Run,Reporting Officer,Collision Type Code,Collision Type Description,Weather Code,Weather Description,Illumination Code,Illumination Description,Harmful Code,Harmful Code Description,Street Address,City,State,ZIP,RPA,Precinct,Latitude,Longitude,Mapped Location
20190203693,03/15/2019 04:00:00 PM,2,0,0,,N,320581,5,SIDESWIPE - SAME DIRECTION,21,CLEAR,1,DAYLIGHT,12;36,MOTOR VEHICLE IN TRANSPORT;CONCRETE TRAFFIC BARRIER,MM 206 1 I 40,NASHVILLE,TN,37209,53122,NORTH,36.1594,-86.8217,POINT (-86.8217 36.1594)
20190240896,03/28/2019 02:52:00 PM,2,0,0,,N,240968,11,Front to Rear,21,CLEAR,1,DAYLIGHT,12,MOTOR VEHICLE IN TRANSPORT,ANDREW JACKSON PKWY & ANDREW JACKSON PL,HERMITAGE,TN,37076,9509,HERMIT,36.2044,-86.6065,POINT (-86.6065 36.2044)
20190482648,06/26/2019 10:05:00 AM,2,0,0,,N,594473,4,ANGLE,21,CLEAR,1,DAYLIGHT,12,MOTOR VEHICLE IN TRANSPORT,WHISPERING HILLS DR & EDMONDSON PKE,NASHVILLE,TN,37211,8659,MIDTOW,36.0721,-86.7329,POINT (-86.7329 36.0721)
20190210437,03/18/2019 01:45:00 PM,2,0,0,,N,716886,11,Front to Rear,21,CLEAR,1,DAYLIGHT,12,MOTOR VEHICLE IN TRANSPORT,HARDING PL & HUMBER DR,NASHVILLE,TN,37211,8705,SOUTH,36.081,-86.7158,POINT (-86.7158 36.081)
20190134659,02/19/2019 06:05:00 AM,1,0,0,,N,156308,0,NOT COLLISION W/MOTOR VEHICLE-TRANSPORT,21,CLEAR,4,DAWN,50,DEER (ANIMAL),ASHLAND CITY HWY & OLD HICKORY BLVD,NASHVILLE,TN,37218,3235,NORTH,36.2115,-86.921,POINT (-86.921 36.2115)
20190027084,01/11/2019 07:30:00 AM,2,0,0,,N,226136,4,ANGLE,22,CLOUDY,1,DAYLIGHT,12,MOTOR VEHICLE IN TRANSPORT,MM 75 0 I 65,BRENTWOOD,TN,37027,86040,MIDTOW,36.0442,-86.7806,POINT (-86.7806 36.0442)
20190049488,01/19/2019 01:35:00 PM,2,2,0,,N,166478,11,Front to Rear,2,RAIN,1,DAYLIGHT,12,MOTOR VEHICLE IN TRANSPORT,MM 1 7 I 440,NASHVILLE,TN,37209,5312,NORTH,36.1536,-86.8226,POINT (-86.8226 36.1536)
20190348142,05/06/2019 05:15:00 PM,2,0,0,,Y,197068,11,Front to Rear,21,CLEAR,1,DAYLIGHT,12,MOTOR VEHICLE IN TRANSPORT,MM 48 1 I 24,NASHVILLE,TN,37207,1106,EAST,36.1742,-86.7706,POINT (-86.7706 36.1742)
20190507028,07/05/2019 05:15:00 PM,2,0,0,,N,226054,11,Front to Rear,21,CLEAR,1,DAYLIGHT,12,MOTOR VEHICLE IN TRANSPORT,I40 E EXT RAMP & I 40,NASHVILLE,TN,37214,8955,HERMIT,36.155,-86.6271,POINT (-86.6271 36.155)
20190366246,05/13/2019 03:12:00 PM,2,0,0,,N,267831,11,Front to Rear,22,CLOUDY,1,DAYLIGHT,12,MOTOR VEHICLE IN TRANSPORT,MM 201 8 I 40,NASHVILLE,TN,37209,46027,WEST,36.1385,-86.8896,POINT (-86.8896 36.1385)
20190306563,04/21/2019 01:48:00 PM,2,1,0,,Y,439917,4,ANGLE,21,CLEAR,1,DAYLIGHT,12,MOTOR VEHICLE IN TRANSPORT,OLD HICKORY BLVD & BELLE FOREST CONDOS P,NASHVILLE,TN,37205,4903,WEST,36.0773,-86.9202,POINT (-86.9202 36.0773)
20190151686,02/25/2019 07:33:00 AM,2,0,0,,N,226622,4,ANGLE,21,CLEAR,1,DAYLIGHT,12,MOTOR VEHICLE IN TRANSPORT,WHITE BRIDGE PKE & CHARLOTTE PKE,NASHVILLE,TN,37209,5033,WEST,36.1494,-86.8579,POINT (-86.8579 36.1494)
20190533995,07/17/2019 08:50:00 AM,2,0,0,,N,224953,11,Front to Rear,2,RAIN,1,DAYLIGHT,12,MOTOR VEHICLE IN TRANSPORT,N 1ST ST & EXIT 47,NASHVILLE,TN,37207,1955,CENTRA,36.1787,-86.7744,POINT (-86.7744 36.1787)
20190423257,06/03/2019 02:42:00 PM,2,0,0,,Y,110092,6,SIDESWIPE - OPPOSITE DIRECTION,22,CLOUDY,1,DAYLIGHT,12,MOTOR VEHICLE IN TRANSPORT,PITTS AV & LAKESHORE DR,OLD HICKORY,TN,37138,9723,HERMIT,36.2388,-86.63,POINT (-86.63 36.2388)
20190575034,08/02/2019 03:39:00 PM,3,0,0,,N,151132,5,SIDESWIPE - SAME DIRECTION,21,CLEAR,1,DAYLIGHT,12,MOTOR VEHICLE IN TRANSPORT,MM 91 4 I 65,MADISON,TN,37115,2006,MADISO,36.2532,-86.7394,POINT (-86.7394 36.2532)
20190506956,07/05/2019 04:34:00 PM,2,0,0,,N,807344,5,SIDESWIPE - SAME DIRECTION,21,CLEAR,1,DAYLIGHT,14,PARKED MOTOR VEHICLE,12TH AVS & 11TH AVS,NASHVILLE,TN,37203,4015,CENTRA,36.1515,-86.7843,POINT (-86.7843 36.1515)
20190151529,02/25/2019 03:00:00 AM,1,0,0,Y,Y,212321,0,NOT COLLISION W/MOTOR VEHICLE-TRANSPORT,21,CLEAR,3,DARK - LIGHTED,19,BUILDING,1300 HICKORY PARK DR,ANTIOCH,TN,37013,8753,SOUTH,36.0395,-86.6725,POINT (-86.6725 36.0395)
20190309889,04/22/2019 05:46:00 PM,2,1,0,,Y,151132,11,Front to Rear,21,CLEAR,1,DAYLIGHT,12,MOTOR VEHICLE IN TRANSPORT,MM 40 8 I 24,WHITES CREEK,TN,37189,3226,NORTH,36.2733,-86.7966,POINT (-86.7966 36.2733)
20190563646,07/29/2019 07:45:00 AM,4,1,0,,N,352168,11,Front to Rear,21,CLEAR,1,DAYLIGHT,12;14,MOTOR VEHICLE IN TRANSPORT;PARKED MOTOR VEHICLE,MM 4 2 I 440,NASHVILLE,TN,37204,7012,MIDTOW,36.116,-86.7861,POINT (-86.7861 36.116)
20190488803,06/28/2019 01:17:00 PM,2,0,0,,N,580819,5,SIDESWIPE - SAME DIRECTION,21,CLEAR,1,DAYLIGHT,12,MOTOR VEHICLE IN TRANSPORT,N 1ST ST & SPRING ST,NASHVILLE,TN,37213,1985,CENTRA,36.177,-86.7746,POINT (-86.7746 36.177)
20190273562,04/09/2019 05:46:00 PM,2,0,0,,N,267831,4,ANGLE,21,CLEAR,1,DAYLIGHT,12,MOTOR VEHICLE IN TRANSPORT,HARDING PKE & VAUGHNS GAP RD,NASHVILLE,TN,37205,4913,WEST,36.0926,-86.8854,POINT (-86.8854 36.0926)
20190128574,02/16/2019 08:14:00 PM,2,1,0,,Y,256423,2,HEAD-ON,21,CLEAR,3,DARK - LIGHTED,55,Motor Vehicle-In-Motion Outside Trafficw,BUENA VISTA PKE & EAST LN,NASHVILLE,TN,37218,3101,NORTH,36.2012,-86.8224,POINT (-86.8224 36.2012)
20190197813,03/13/2019 03:57:00 PM,2,2,0,,N,256379,11,Front to Rear,21,CLEAR,1,DAYLIGHT,12,MOTOR VEHICLE IN TRANSPORT,GLENROSE AV & OLD GLENROSE AV,NASHVILLE,TN,37210,8355,SOUTH,36.1195,-86.7302,POINT (-86.7302 36.1195)
20190575413,08/02/2019 06:10:00 PM,2,1,0,Y,N,717341,4,ANGLE,21,CLEAR,1,DAYLIGHT,12;19;30,MOTOR VEHICLE IN TRANSPORT;BUILDING;UTILITY POLE,2ND AVS & HART ST,NASHVILLE,TN,37210,8167,SOUTH,36.1422,-86.7624,POINT (-86.7624 36.1422)
20190184899,03/08/2019 06:14:00 PM,2,1,0,,N,256383,4,ANGLE,2,RAIN,3,DARK - LIGHTED,12,MOTOR VEHICLE IN TRANSPORT,MURFREESBORO PKE & EZELL PKE,NASHVILLE,TN,37217,8849,SOUTH,36.1047,-86.6695,POINT (-86.6695 36.1047)
20190181447,03/07/2019 02:21:00 PM,2,0,0,,N,690942,4,ANGLE,21,CLEAR,1,DAYLIGHT,12,MOTOR VEHICLE IN TRANSPORT,I40 E EXT RAMP & CHARLOTTE AV,NASHVILLE,TN,37203,5425,NORTH,36.1613,-86.7938,POINT (-86.7938 36.1613)
20190083877,01/31/2019 04:03:00 PM,2,1,0,,N,151132,2,HEAD-ON,21,CLEAR,1,DAYLIGHT,12,MOTOR VEHICLE IN TRANSPORT,STATE RT 45 & MYATT DR,MADISON,TN,37115,1705,MADISO,36.2641,-86.6903,POINT (-86.6903 36.2641)
20190340004,05/03/2019 08:05:00 AM,2,1,0,,N,256502,11,Front to Rear,22,CLOUDY,1,DAYLIGHT,12,MOTOR VEHICLE IN TRANSPORT,ED TEMPLE BLVD & BUCHANAN ST,NASHVILLE,TN,37208,4501,NORTH,36.1783,-86.8245,POINT (-86.8245 36.1783)
20190371352,05/15/2019 07:38:00 AM,2,0,0,,N,468030,11,Front to Rear,22,CLOUDY,1,DAYLIGHT,12,MOTOR VEHICLE IN TRANSPORT,GALLATIN PKE & HOWARD AV,NASHVILLE,TN,37216,1441,EAST,36.2119,-86.7324,POINT (-86.7324 36.2119)
20190213753,03/19/2019 01:21:00 PM,2,2,0,,N,225773,11,Front to Rear,21,CLEAR,1,DAYLIGHT,12,MOTOR VEHICLE IN TRANSPORT,POWELL AV & POWELL PL,NASHVILLE,TN,37204,8527,MIDTOW,36.1065,-86.7646,POINT (-86.7646 36.1065)
20190463209,06/18/2019 07:55:00 PM,1,0,0,,Y,330435,0,NOT COLLISION W/MOTOR VEHICLE-TRANSPORT,21,CLEAR,3,DARK - LIGHTED,30,UTILITY POLE,1 DICKERSON PKE,NASHVILLE,TN,37207,1919,EAST,36.1882,-86.7731,POINT (-86.7731 36.1882)
20190007559,01/03/2019 07:21:00 PM,3,3,0,,N,299241,4,ANGLE,21,CLEAR,7,Dark-Unknown Lighting,12,MOTOR VEHICLE IN TRANSPORT,MM 211 3 I 40,NASHVILLE,TN,37210,9002,HERMIT,36.1524,-86.7539,POINT (-86.7539 36.1524)
20190111810,02/11/2019 04:16:00 AM,2,0,0,,Y,279216,2,HEAD-ON,21,CLEAR,3,DARK - LIGHTED,14,PARKED MOTOR VEHICLE,W RICHMOND HILL DR & GWYNNWOOD DR,NASHVILLE,TN,37207,3045,NORTH,36.2362,-86.7925,POINT (-86.7925 36.2362)
20190430665,06/06/2019 12:00:00 AM,1,0,0,,Y,676828,9,UNKNOWN,21,CLEAR,3,DARK - LIGHTED,99,UNKNOWN MOST HARMFUL EVENT,DIVISION ST & LYLE AVE,NASHVILLE,TN,37212,6711,MIDTOW,36.1499,-86.7967,POINT (-86.7967 36.1499)
20190006173,01/03/2019 09:45:00 AM,2,0,0,,N,676834,4,ANGLE,22,CLOUDY,1,DAYLIGHT,12,MOTOR VEHICLE IN TRANSPORT,VANTAGE WAY & FRENCH LANDING DR,NASHVILLE,TN,37228,4499,NORTH,36.1912,-86.7971,POINT (-86.7971 36.1912)
20190529285,07/15/2019 03:27:00 PM,1,0,0,,N,256386,0,NOT COLLISION W/MOTOR VEHICLE-TRANSPORT,22,CLOUDY,1,DAYLIGHT,36,CONCRETE TRAFFIC BARRIER,MM 219 9 I 40,HERMITAGE,TN,37076,94021,HERMIT,36.1635,-86.6169,POINT (-86.6169 36.1635)
20190455205,06/15/2019 01:33:00 PM,2,1,0,,N,212369,5,SIDESWIPE - SAME DIRECTION,21,CLEAR,1,DAYLIGHT,12,MOTOR VEHICLE IN TRANSPORT,NOLENSVILLE PKE & BREWER DR,NASHVILLE,TN,37211,8715,SOUTH,36.0535,-86.715,POINT (-86.715 36.0535)
20190548348,07/23/2019 02:10:00 AM,1,1,0,Y,N,299274,0,NOT COLLISION W/MOTOR VEHICLE-TRANSPORT,2,RAIN,3,DARK - LIGHTED,30;63;7,UTILITY POLE;Ran Off Road-Right,HERMITAGE AV & CAULEY AV,NASHVILLE,TN,37210,9005,HERMIT,36.1538,-86.7479,POINT (-86.7479 36.1538)
20190409796,05/29/2019 10:03:00 AM,2,0,0,,N,212325,11,Front to Rear,22,CLOUDY,1,DAYLIGHT,12,MOTOR VEHICLE IN TRANSPORT,I65 N EXT RAMP & OLD HICKORY BLVDW,MADISON,TN,37115,1777,MADISO,36.2642,-86.7356,POINT (-86.7356 36.2642)
20190210074,03/14/2019 05:15:00 PM,2,0,0,,N,226217,4,ANGLE,21,CLEAR,1,DAYLIGHT,12,MOTOR VEHICLE IN TRANSPORT,SHELBY AV & S 5TH ST,NASHVILLE,TN,37206,1009,EAST,36.1676,-86.7624,POINT (-86.7624 36.1676)
20190493704,06/30/2019 05:48:00 PM,2,3,0,,N,320599,4,ANGLE,21,CLEAR,1,DAYLIGHT,12,MOTOR VEHICLE IN TRANSPORT,MCGAVOCK PKE & WILFORD DR,NASHVILLE,TN,37214,9211,HERMIT,36.2029,-86.678,POINT (-86.678 36.2029)
20190479891,06/25/2019 11:09:00 AM,2,0,0,,N,226622,4,ANGLE,21,CLEAR,1,DAYLIGHT,12,MOTOR VEHICLE IN TRANSPORT,CHARLOTTE PKE & OLD HICKORY BLVD,NASHVILLE,TN,37209,4701,WEST,36.1177,-86.9218,POINT (-86.9218 36.1177)
20190315096,04/24/2019 03:25:00 AM,2,0,0,,Y,352186,11,Front to Rear,21,CLEAR,3,DARK - LIGHTED,12,MOTOR VEHICLE IN TRANSPORT,NOLENSVILLE PKE & BREWER DR,NASHVILLE,TN,37211,8715,SOUTH,36.0535,-86.715,POINT (-86.715 36.0535)
20190380899,05/18/2019 04:44:00 PM,2,0,0,,N,330445,5,SIDESWIPE - SAME DIRECTION,21,CLEAR,1,DAYLIGHT,12,MOTOR VEHICLE IN TRANSPORT,BROADWAY & 19TH AVS,NASHVILLE,TN,37203,5705,MIDTOW,36.1511,-86.7964,POINT (-86.7964 36.1511)
20190485423,06/27/2019 08:00:00 AM,2,0,0,,Y,140808,5,SIDESWIPE - SAME DIRECTION,99,UNKNOWN,9,UNKNOWN,14,PARKED MOTOR VEHICLE,STATE ST & 19TH AVN,NASHVILLE,TN,37203,5513,MIDTOW,36.1553,-86.7997,POINT (-86.7997 36.1553)
20190572155,08/01/2019 02:04:00 PM,2,0,0,,N,109534,11,Front to Rear,21,CLEAR,1,DAYLIGHT,12,MOTOR VEHICLE IN TRANSPORT,OWENDALE DR & ANDERSON RD,ANTIOCH,TN,37013,8979,SOUTH,36.0702,-86.6845,POINT (-86.6845 36.0702)
20190337165,05/02/2019 07:42:00 AM,2,1,0,,N,620072,5,SIDESWIPE - SAME DIRECTION,22,CLOUDY,1,DAYLIGHT,12;36,MOTOR VEHICLE IN TRANSPORT;CONCRETE TRAFFIC BARRIER,MM 209 4 I 40,NASHVILLE,TN,37203,40041,CENTRA,36.1519,-86.7866,POINT (-86.7866 36.1519)
20190338850,05/02/2019 06:30:00 PM,1,0,0,,N,420040,0,NOT COLLISION W/MOTOR VEHICLE-TRANSPORT,22,CLOUDY,1,DAYLIGHT,33,CURB,CHURCH ST & 21ST AVN,NASHVILLE,TN,37203,5527,MIDTOW,36.1525,-86.8027,POINT (-86.8027 36.1525)
20190120057,02/13/2019 04:58:00 PM,3,0,0,,N,206675,11,Front to Rear,21,CLEAR,1,DAYLIGHT,12,MOTOR VEHICLE IN TRANSPORT,MM 1 1 I 440,NASHVILLE,TN,37203,5624,MIDTOW,36.1447,-86.8222,POINT (-86.8222 36.1447)
20190186887,03/09/2019 01:40:00 PM,2,0,0,,N,311344,4,ANGLE,2,RAIN,1,DAYLIGHT,12,MOTOR VEHICLE IN TRANSPORT,CONFERENCE DR & THE SHOPPES AT RIVERGATE,MADISON,TN,37115,1737,MADISO,36.3038,-86.6926,POINT (-86.6926 36.3038)
20190368159,05/14/2019 07:34:00 AM,2,0,0,,N,191578,16,Rear to Side,21,CLEAR,1,DAYLIGHT,14,PARKED MOTOR VEHICLE,FISHERS MEADOWS CV & JOHNS MEADOWS CV,HERMITAGE,TN,37076,9517,HERMIT,36.1489,-86.5768,POINT (-86.5768 36.1489)
20190462250,06/18/2019 01:16:00 PM,2,0,0,,N,225773,11,Front to Rear,21,CLEAR,1,DAYLIGHT,12,MOTOR VEHICLE IN TRANSPORT,THOMPSON LN & E IRIS DR,NASHVILLE,TN,37204,8525,MIDTOW,36.1117,-86.7607,POINT (-86.7607 36.1117)
20190207801,03/17/2019 12:19:00 PM,3,1,0,,N,179602,5,SIDESWIPE - SAME DIRECTION,21,CLEAR,1,DAYLIGHT,12,MOTOR VEHICLE IN TRANSPORT,MM 86 2 I 65,NASHVILLE,TN,37207,1910,CENTRA,36.1919,-86.7812,POINT (-86.7812 36.1919)
20190033712,01/13/2019 09:00:00 PM,2,0,0,,Y,320591,11,Front to Rear,21,CLEAR,1,DAYLIGHT,12,MOTOR VEHICLE IN TRANSPORT,OCALA DR & EULALA DR,NASHVILLE,TN,37211,8717,SOUTH,36.0514,-86.7018,POINT (-86.7018 36.0514)
20190276370,04/10/2019 04:38:00 PM,2,0,0,,N,714641,4,ANGLE,21,CLEAR,1,DAYLIGHT,12,MOTOR VEHICLE IN TRANSPORT,2ND AVS & DEMONBREUN ST,NASHVILLE,TN,37201,4063,CENTRA,36.16,-86.7739,POINT (-86.7739 36.16)
20190163685,03/01/2019 08:33:00 AM,2,0,0,,N,226136,11,Front to Rear,22,CLOUDY,1,DAYLIGHT,12,MOTOR VEHICLE IN TRANSPORT,BROADWAY & 16TH AVS,NASHVILLE,TN,37203,5701,MIDTOW,36.1543,-86.7929,POINT (-86.7929 36.1543)
20190489769,06/28/2019 10:02:00 PM,1,0,0,,N,345098,0,NOT COLLISION W/MOTOR VEHICLE-TRANSPORT,21,CLEAR,2,DARK - NOT LIGHTED,8,PEDESTRIAN,15000 OLD HICKORY BLVD,NASHVILLE,TN,37211,8847,SOUTH,36.0459,-86.7089,POINT (-86.7089 36.0459)
20190500348,07/02/2019 09:00:00 PM,2,0,0,,Y,156308,3,REAR-TO-REAR,21,CLEAR,1,DAYLIGHT,14,PARKED MOTOR VEHICLE,DR D B TODD JR BLVD & CLAY ST,NASHVILLE,TN,37208,4415,NORTH,36.1826,-86.8123,POINT (-86.8123 36.1826)
20190444353,06/06/2019 12:00:00 AM,1,0,0,Y,Y,256426,0,NOT COLLISION W/MOTOR VEHICLE-TRANSPORT,99,UNKNOWN,9,UNKNOWN,38,FENCE,ELM HILL PKE & SANBORN DR,NASHVILLE,TN,37210,9041,HERMIT,36.1508,-86.6927,POINT (-86.6927 36.1508)
20190475948,06/23/2019 10:40:00 PM,2,0,0,,Y,320602,4,ANGLE,2,RAIN,3,DARK - LIGHTED,12,MOTOR VEHICLE IN TRANSPORT,4TH AV & E OLD HICKORY BLVD,MADISON,TN,37115,1607,MADISO,36.2626,-86.7063,POINT (-86.7063 36.2626)
20190416065,05/31/2019 12:00:00 PM,2,0,0,,N,226622,11,Front to Rear,21,CLEAR,1,DAYLIGHT,12,MOTOR VEHICLE IN TRANSPORT,I40 E EXT RAMP & I 40,NASHVILLE,TN,37214,8955,HERMIT,36.155,-86.6271,POINT (-86.6271 36.155)
20190312430,04/23/2019 10:15:00 AM,3,0,0,,N,262757,11,Front to Rear,21,CLEAR,1,DAYLIGHT,12,MOTOR VEHICLE IN TRANSPORT,MM 212 0 I 40,NASHVILLE,TN,37210,90041,HERMIT,36.147,-86.7433,POINT (-86.7433 36.147)
20190237369,03/27/2019 11:34:00 AM,2,1,0,,N,876573,4,ANGLE,21,CLEAR,1,DAYLIGHT,12,MOTOR VEHICLE IN TRANSPORT,MURFREESBORO PKE & FOREST VIEW DR,ANTIOCH,TN,37013,8865,SOUTH,36.0674,-86.6313,POINT (-86.6313 36.0674)
20190507172,07/05/2019 06:50:00 PM,2,1,0,,N,256414,4,ANGLE,21,CLEAR,1,DAYLIGHT,12,MOTOR VEHICLE IN TRANSPORT,SUNNYVALE DR & SHADYVIEW DR,ANTIOCH,TN,37013,8967,SOUTH,36.0301,-86.5808,POINT (-86.5808 36.0301)
20190182256,03/07/2019 08:09:00 PM,2,1,0,,N,320582,11,Front to Rear,21,CLEAR,3,DARK - LIGHTED,12,MOTOR VEHICLE IN TRANSPORT,GALLATIN AV & N 11TH ST,NASHVILLE,TN,37206,1241,EAST,36.1796,-86.7502,POINT (-86.7502 36.1796)
20190125966,02/15/2019 04:01:00 PM,2,0,0,,N,151132,5,SIDESWIPE - SAME DIRECTION,2,RAIN,1,DAYLIGHT,12,MOTOR VEHICLE IN TRANSPORT,I65 N EXT RAMP & I 65,NASHVILLE,TN,37207,1863,EAST,36.2057,-86.7747,POINT (-86.7747 36.2057)
20190142720,02/21/2019 06:15:00 PM,2,0,0,,N,256386,5,SIDESWIPE - SAME DIRECTION,2,RAIN,3,DARK - LIGHTED,12,MOTOR VEHICLE IN TRANSPORT,I 40 & UNKNOWN RAMP,NASHVILLE,TN,37210,9041,HERMIT,36.144,-86.7013,POINT (-86.7013 36.144)
20190560255,07/27/2019 05:09:00 PM,2,0,0,Y,N,320603,6,SIDESWIPE - OPPOSITE DIRECTION,21,CLEAR,1,DAYLIGHT,12,MOTOR VEHICLE IN TRANSPORT,OCEOLA AV & BURGESS AV,NASHVILLE,TN,37209,5025,WEST,36.1448,-86.8596,POINT (-86.8596 36.1448)
20190328689,04/29/2019 08:15:00 AM,2,0,0,,N,226136,11,Front to Rear,22,CLOUDY,1,DAYLIGHT,12,MOTOR VEHICLE IN TRANSPORT,EDMONDSON PKE & WATSONWOOD DR,NASHVILLE,TN,37211,8659,MIDTOW,36.0671,-86.7376,POINT (-86.7376 36.0671)
20190577908,08/03/2019 07:10:00 PM,2,0,0,,Y,579971,11,Front to Rear,2,RAIN,3,DARK - LIGHTED,12,MOTOR VEHICLE IN TRANSPORT,CANE RIDGE RD & MOUNTAINHIGH DR,ANTIOCH,TN,37013,8753,SOUTH,36.0382,-86.6581,POINT (-86.6581 36.0382)
20190094944,02/04/2019 10:51:00 PM,1,0,0,,Y,298879,0,NOT COLLISION W/MOTOR VEHICLE-TRANSPORT,22,CLOUDY,3,DARK - LIGHTED,34,DITCH,OLD HARDING PKE & OLD HARDING PKE RAMP,NASHVILLE,TN,37221,4901,WEST,36.0736,-86.9236,POINT (-86.9236 36.0736)
20190220910,03/21/2019 03:45:00 PM,2,0,0,,N,330436,11,Front to Rear,21,CLEAR,1,DAYLIGHT,12,MOTOR VEHICLE IN TRANSPORT,HARDING PL & METROPLEX DR,NASHVILLE,TN,37211,8845,SOUTH,36.0868,-86.6949,POINT (-86.6949 36.0868)
20190488865,06/28/2019 01:57:00 PM,2,1,0,,N,299243,4,ANGLE,21,CLEAR,1,DAYLIGHT,12,MOTOR VEHICLE IN TRANSPORT,INTERSTATE DR & WOODLAND ST,NASHVILLE,TN,37213,1105,CENTRA,36.1705,-86.7684,POINT (-86.7684 36.1705)
20190432194,06/06/2019 05:28:00 PM,2,4,0,,N,311337,5,SIDESWIPE - SAME DIRECTION,2,RAIN,1,DAYLIGHT,12;7,MOTOR VEHICLE IN TRANSPORT,SMITH SPRINGS RD & BELL RD,NASHVILLE,TN,37217,8965,HERMIT,36.0903,-86.6265,POINT (-86.6265 36.0903)
20190297057,04/17/2019 09:46:00 PM,2,0,0,,N,725756,4,ANGLE,21,CLEAR,3,DARK - LIGHTED,12,MOTOR VEHICLE IN TRANSPORT,CHARLOTTE PKE & TRAEMOOR VILLAGE DR,NASHVILLE,TN,37221,4711,WEST,36.1154,-86.9252,POINT (-86.9252 36.1154)
20190164638,03/01/2019 03:40:00 PM,2,0,0,,N,320582,6,SIDESWIPE - OPPOSITE DIRECTION,22,CLOUDY,1,DAYLIGHT,12,MOTOR VEHICLE IN TRANSPORT,OAKWOOD AV & E TRINITY LN,NASHVILLE,TN,37207,1887,EAST,36.205,-86.7526,POINT (-86.7526 36.205)
20190514943,07/09/2019 04:54:00 PM,2,0,0,,Y,197435,4,ANGLE,21,CLEAR,1,DAYLIGHT,12;14,MOTOR VEHICLE IN TRANSPORT;PARKED MOTOR VEHICLE,900 DICKERSON PKE,NASHVILLE,TN,37207,1917,EAST,36.1875,-86.7734,POINT (-86.7734 36.1875)
20190471673,06/21/2019 03:54:00 PM,2,0,0,,N,206675,11,Front to Rear,21,CLEAR,1,DAYLIGHT,12,MOTOR VEHICLE IN TRANSPORT,OLD HICKORY BLVD & I65 N ENT RAMP,BRENTWOOD,TN,37027,8619,MIDTOW,36.0401,-86.7807,POINT (-86.7807 36.0401)
20190124406,02/15/2019 03:25:00 AM,1,0,0,,N,240947,0,NOT COLLISION W/MOTOR VEHICLE-TRANSPORT,21,CLEAR,3,DARK - LIGHTED,30,UTILITY POLE,OLD HICKORY BLVD & 5TH ST,OLD HICKORY,TN,37138,9717,HERMIT,36.2222,-86.6253,POINT (-86.6253 36.2222)
20190080819,01/30/2019 04:45:00 PM,2,0,0,,Y,256383,11,Front to Rear,21,CLEAR,1,DAYLIGHT,12,MOTOR VEHICLE IN TRANSPORT,NOLENSVILLE PKE & COTTON LN,NASHVILLE,TN,37211,8701,SOUTH,36.0705,-86.7224,POINT (-86.7224 36.0705)
20190083629,01/31/2019 02:10:00 PM,2,0,0,,N,716886,4,ANGLE,21,CLEAR,1,DAYLIGHT,12,MOTOR VEHICLE IN TRANSPORT,FIRESTONE PKWY & OLD HICKORY BLVD,ANTIOCH,TN,37013,8869,SOUTH,36.0168,-86.6199,POINT (-86.6199 36.0168)
20190438171,06/09/2019 05:00:00 AM,2,0,0,Y,Y,279217,4,ANGLE,21,CLEAR,4,DAWN,12;30;99,MOTOR VEHICLE IN TRANSPORT;UTILITY POLE;UNKNOWN MOST HARMFUL EVENT,GARFIELD ST & 9TH AVN,NASHVILLE,TN,37208,4347,NORTH,36.179,-86.7992,POINT (-86.7992 36.179)
20190382698,05/19/2019 11:53:00 AM,1,1,0,Y,N,320574,0,NOT COLLISION W/MOTOR VEHICLE-TRANSPORT,22,CLOUDY,1,DAYLIGHT,29;40;41;42,LUMINAIRE/LIGHT SUPPORT;MAIL BOX;SHRUBBERY;TREE,BRANDYWINE POINTE BLVD & SHUTE CIR,OLD HICKORY,TN,37138,9721,HERMIT,36.2321,-86.6072,POINT (-86.6072 36.2321)
20190059194,01/23/2019 09:15:00 AM,1,1,0,Y,N,343522,0,NOT COLLISION W/MOTOR VEHICLE-TRANSPORT,2,RAIN,1,DAYLIGHT,24;71,GUARDRAIL FACE;EMBANKMENT EARTH,RIVER ROAD PKE & INDIAN CREEK RD,NASHVILLE,TN,37209,4707,WEST,36.1387,-86.9512,POINT (-86.9512 36.1387)
20190471624,06/21/2019 05:12:00 PM,2,0,0,,N,298877,11,Front to Rear,21,CLEAR,1,DAYLIGHT,12,MOTOR VEHICLE IN TRANSPORT,MM 54 5 I 24,NASHVILLE,TN,37211,84021,SOUTH,36.0999,-86.7113,POINT (-86.7113 36.0999)
20190356513,05/09/2019 02:48:00 PM,2,1,0,,N,267831,4,ANGLE,22,CLOUDY,1,DAYLIGHT,12,MOTOR VEHICLE IN TRANSPORT,HIGHWAY 70S & BELLEVUE VALLEY PLAZA PVTD,NASHVILLE,TN,37221,4901,WEST,36.0754,-86.9181,POINT (-86.9181 36.0754)
20190145493,02/22/2019 03:48:00 PM,2,0,0,,N,298877,11,Front to Rear,2,RAIN,1,DAYLIGHT,12,MOTOR VEHICLE IN TRANSPORT,NOLENSVILLE PKE & ZOO RD,NASHVILLE,TN,37211,8509,MIDTOW,36.0886,-86.732,POINT (-86.732 36.0886)
20190533802,07/17/2019 07:42:00 AM,2,0,0,,N,716886,5,SIDESWIPE - SAME DIRECTION,21,CLEAR,1,DAYLIGHT,12,MOTOR VEHICLE IN TRANSPORT,MM 53 3 I 24,NASHVILLE,TN,37210,88141,SOUTH,36.1146,-86.7245,POINT (-86.7245 36.1146)