Accident Number,Date and Time,Number of Motor Vehicles,Number of Injuries,Number of Fatalities,Property Damage,Hit and Run,Reporting Officer,Collision Type Code,Collision Type Description,Weather Code,Weather Description,Illumination Code,Illumination Description,Harmful Code,Harmful Code Description,Street Address,City,State,ZIP,RPA,Precinct,Latitude,Longitude,Mapped Location
20190454827,06/15/2019 08:30:00 AM,2,0,0,,N,538214,5,SIDESWIPE - SAME DIRECTION,21,CLEAR,1,DAYLIGHT,12,MOTOR VEHICLE IN TRANSPORT,MM 209 6 I 40,NASHVILLE,TN,37203,40040,CENTRA,36.1497,-86.7832,POINT (-86.7832 36.1497)
20190132753,02/18/2019 12:00:00 AM,2,0,0,,Y,226827,11,Front to Rear,22,CLOUDY,1,DAYLIGHT,12,MOTOR VEHICLE IN TRANSPORT,CONFERENCE DR & RIVERGATE MALL PVTDR,GOODLETTSVILLE,TN,37072,1751,MADISO,36.3055,-86.6936,POINT (-86.6936 36.3055)
20190230140,03/25/2019 05:43:00 AM,1,1,0,,N,279203,0,NOT COLLISION W/MOTOR VEHICLE-TRANSPORT,21,CLEAR,2,DARK - NOT LIGHTED,9,,BROADWAY & I40 W ENT RAMP,NASHVILLE,TN,37203,4081,CENTRA,36.156,-86.7889,POINT (-86.7889 36.156)
20190284241,04/13/2019 02:05:00 PM,2,0,0,,Y,330428,98,OTHER,22,CLOUDY,1,DAYLIGHT,12,MOTOR VEHICLE IN TRANSPORT,HOBBS RD & SNEED RD,NASHVILLE,TN,37215,6115,WEST,36.1026,-86.8361,POINT (-86.8361 36.1026)
20190417349,05/31/2019 10:08:00 PM,4,2,0,,N,240955,2,HEAD-ON,21,CLEAR,3,DARK - LIGHTED,12,MOTOR VEHICLE IN TRANSPORT,BELL RD & HICKORY PARK DR,ANTIOCH,TN,37013,8753,SOUTH,36.0449,-86.6704,POINT (-86.6704 36.0449)
20190191058,03/11/2019 12:18:00 PM,2,0,0,,N,225773,4,ANGLE,22,CLOUDY,1,DAYLIGHT,12,MOTOR VEHICLE IN TRANSPORT,THOMPSON LN & LOUISE DR,NASHVILLE,TN,37211,8521,MIDTOW,36.1111,-86.7479,POINT (-86.7479 36.1111)
20190387924,05/21/2019 11:23:00 AM,2,0,0,,N,226673,4,ANGLE,21,CLEAR,1,DAYLIGHT,12,MOTOR VEHICLE IN TRANSPORT,2ND AVS & LINDSLEY AV,NASHVILLE,TN,37210,4005,CENTRA,36.1524,-86.769,POINT (-86.769 36.1524)
20190341069,05/03/2019 04:03:00 PM,2,0,0,,Y,279211,11,Front to Rear,22,CLOUDY,1,DAYLIGHT,12,MOTOR VEHICLE IN TRANSPORT,I65 S EXT RAMP & I 65,MADISON,TN,37115,20044,MADISO,36.2481,-86.743,POINT (-86.743 36.2481)
20190168125,03/03/2019 02:38:00 AM,2,1,0,,Y,298871,5,SIDESWIPE - SAME DIRECTION,21,CLEAR,3,DARK - LIGHTED,12,MOTOR VEHICLE IN TRANSPORT,DEMONBREUN ST & DIVISION ST,NASHVILLE,TN,37203,6721,MIDTOW,36.1521,-86.7913,POINT (-86.7913 36.1521)
20190265789,04/06/2019 06:00:00 PM,2,0,0,,N,240979,5,SIDESWIPE - SAME DIRECTION,21,CLEAR,1,DAYLIGHT,12,MOTOR VEHICLE IN TRANSPORT,GALLATIN PKEN & STATE RT 45,MADISON,TN,37115,1701,MADISO,36.2644,-86.7115,POINT (-86.7115 36.2644)
20190554707,07/25/2019 09:37:00 AM,2,1,0,,N,352211,11,Front to Rear,21,CLEAR,1,DAYLIGHT,12,MOTOR VEHICLE IN TRANSPORT,WEST END AV & BOWLING AV,NASHVILLE,TN,37205,6005,WEST,36.1347,-86.8251,POINT (-86.8251 36.1347)
20190517508,07/10/2019 03:20:00 PM,2,0,0,,N,279200,4,ANGLE,21,CLEAR,1,DAYLIGHT,12,MOTOR VEHICLE IN TRANSPORT,I40 W EXT RAMP & I 40,NASHVILLE,TN,37203,4119,CENTRA,36.1574,-86.79,POINT (-86.79 36.1574)
20190479777,06/25/2019 10:03:00 AM,2,0,0,,N,191578,5,SIDESWIPE - SAME DIRECTION,21,CLEAR,1,DAYLIGHT,12,MOTOR VEHICLE IN TRANSPORT,MM 212 2 I 40,NASHVILLE,TN,37210,90041,HERMIT,36.1458,-86.7414,POINT (-86.7414 36.1458)
20190243183,03/29/2019 08:45:00 AM,2,1,0,,N,876581,4,ANGLE,2,RAIN,1,DAYLIGHT,12,MOTOR VEHICLE IN TRANSPORT,STATE RT 45 & ARCHWOOD DR,MADISON,TN,37115,1705,MADISO,36.2636,-86.686,POINT (-86.686 36.2636)
20190505032,07/04/2019 09:09:00 PM,1,0,0,,N,429193,0,NOT COLLISION W/MOTOR VEHICLE-TRANSPORT,21,CLEAR,2,DARK - NOT LIGHTED,11,OTHER ANIMAL,MM 194 6 I 40,NASHVILLE,TN,37221,4704,WEST,36.0769,-86.9841,POINT (-86.9841 36.0769)
20190049449,01/19/2019 01:00:00 PM,2,0,0,,N,279116,4,ANGLE,2,RAIN,1,DAYLIGHT,12,MOTOR VEHICLE IN TRANSPORT,8TH AVS & SOUTH DOUGLAS AV,NASHVILLE,TN,37204,6945,MIDTOW,36.1312,-86.7788,POINT (-86.7788 36.1312)
20190547085,07/21/2019 12:00:00 AM,2,0,0,,Y,352156,11,Front to Rear,21,CLEAR,7,Dark-Unknown Lighting,14;20,PARKED MOTOR VEHICLE;IMPACT ATTENUATOR,WAIKIKI BLVD & SUGARCANE LN,ANTIOCH,TN,37013,8899,SOUTH,36.0734,-86.6786,POINT (-86.6786 36.0734)
20190468881,06/20/2019 03:37:00 PM,1,0,0,,N,226827,0,NOT COLLISION W/MOTOR VEHICLE-TRANSPORT,21,CLEAR,1,DAYLIGHT,16,THROWN OR FALLING OBJECT,MM 94 3 I 65,MADISON,TN,37115,17042,MADISO,36.2916,-86.7213,POINT (-86.7213 36.2916)
20190025121,01/10/2019 02:24:00 PM,2,0,0,,Y,267831,5,SIDESWIPE - SAME DIRECTION,21,CLEAR,1,DAYLIGHT,12,MOTOR VEHICLE IN TRANSPORT,MM 205 1 I 40,NASHVILLE,TN,37209,45020,WEST,36.1541,-86.8373,POINT (-86.8373 36.1541)
20190453051,06/14/2019 03:41:00 PM,2,0,0,,N,151132,11,Front to Rear,21,CLEAR,1,DAYLIGHT,12,MOTOR VEHICLE IN TRANSPORT,MYATT DR & STATE RT 45,MADISON,TN,37115,1705,MADISO,36.2646,-86.6902,POINT (-86.6902 36.2646)
20190345658,05/05/2019 10:43:00 PM,2,0,0,,N,769384,98,OTHER,21,CLEAR,3,DARK - LIGHTED,12,MOTOR VEHICLE IN TRANSPORT,4TH AVN & BROADWAY,NASHVILLE,TN,37203,4091,CENTRA,36.161,-86.7772,POINT (-86.7772 36.161)
20190229258,03/24/2019 10:50:00 PM,2,0,0,,Y,279201,11,Front to Rear,21,CLEAR,3,DARK - LIGHTED,12,MOTOR VEHICLE IN TRANSPORT,MM 215 2 I 40,NASHVILLE,TN,37214,91021,HERMIT,36.144,-86.6913,POINT (-86.6913 36.144)
20190198917,03/13/2019 09:30:00 PM,1,0,0,Y,Y,229888,0,NOT COLLISION W/MOTOR VEHICLE-TRANSPORT,21,CLEAR,3,DARK - LIGHTED,1;12;30,MOTOR VEHICLE IN TRANSPORT;UTILITY POLE,CLEVELAND ST & N 3RD ST,NASHVILLE,TN,37207,1947,EAST,36.187,-86.7662,POINT (-86.7662 36.187)
20190420857,06/02/2019 02:11:00 PM,2,0,0,,N,256441,4,ANGLE,21,CLEAR,1,DAYLIGHT,12,MOTOR VEHICLE IN TRANSPORT,FRANKLIN PKE & OLD HICKORY BLVD,NASHVILLE,TN,37220,7111,MIDTOW,36.0377,-86.7865,POINT (-86.7865 36.0377)
20190164793,03/01/2019 04:46:00 PM,2,0,0,,N,256419,5,SIDESWIPE - SAME DIRECTION,21,CLEAR,1,DAYLIGHT,12,MOTOR VEHICLE IN TRANSPORT,CHARLOTTE AV & DR D B TODD JR BLVD,NASHVILLE,TN,37203,5505,MIDTOW,36.1581,-86.8,POINT (-86.8 36.1581)
20190153033,02/25/2019 04:10:00 PM,2,0,0,,Y,714641,98,OTHER,21,CLEAR,1,DAYLIGHT,14,PARKED MOTOR VEHICLE,ROSA L PARKS BLVD & COMMERCE ST,NASHVILLE,TN,37203,4115,CENTRA,36.1603,-86.783,POINT (-86.783 36.1603)
20190056054,01/22/2019 07:45:00 AM,2,1,0,,N,226098,11,Front to Rear,21,CLEAR,1,DAYLIGHT,12,MOTOR VEHICLE IN TRANSPORT,MM 87 6 I 65,NASHVILLE,TN,37207,1804,EAST,36.2107,-86.7758,POINT (-86.7758 36.2107)
20190564133,07/29/2019 11:51:00 AM,2,0,0,,N,716886,4,ANGLE,21,CLEAR,1,DAYLIGHT,12,MOTOR VEHICLE IN TRANSPORT,HARDING PL & TAMPA DR,NASHVILLE,TN,37211,8705,SOUTH,36.0827,-86.7105,POINT (-86.7105 36.0827)
20190258214,04/03/2019 09:40:00 PM,2,0,0,,N,109531,98,OTHER,21,CLEAR,3,DARK - LIGHTED,12,MOTOR VEHICLE IN TRANSPORT,GALLATIN PKE & OAK ST,NASHVILLE,TN,37216,1445,EAST,36.2162,-86.7293,POINT (-86.7293 36.2162)
20190313021,04/23/2019 01:29:00 PM,2,0,0,,Y,109534,4,ANGLE,21,CLEAR,1,DAYLIGHT,12,MOTOR VEHICLE IN TRANSPORT,SPENCE LN & MARWOOD LN,NASHVILLE,TN,37210,9019,HERMIT,36.1482,-86.7222,POINT (-86.7222 36.1482)
20190411571,05/30/2019 12:10:00 AM,2,0,0,,N,493301,4,ANGLE,,,3,DARK - LIGHTED,12,MOTOR VEHICLE IN TRANSPORT,HICKS RD & HIGHWAY 70S,NASHVILLE,TN,37221,4811,WEST,36.0737,-86.9263,POINT (-86.9263 36.0737)
20190458815,06/17/2019 05:55:00 AM,2,1,0,,N,279201,2,HEAD-ON,21,CLEAR,1,DAYLIGHT,12;30,MOTOR VEHICLE IN TRANSPORT;UTILITY POLE,SPENCE LN & LEBANON PKE,NASHVILLE,TN,37210,9019,HERMIT,36.1537,-86.7216,POINT (-86.7216 36.1537)
20190571920,08/01/2019 12:10:00 PM,1,1,0,Y,N,676834,0,NOT COLLISION W/MOTOR VEHICLE-TRANSPORT,21,CLEAR,1,DAYLIGHT,24;71,GUARDRAIL FACE;EMBANKMENT EARTH,I65 N ENT RAMP & I 65,NASHVILLE,TN,37207,1829,EAST,36.209,-86.7759,POINT (-86.7759 36.209)
20190412705,05/30/2019 10:22:00 AM,2,0,0,,Y,110063,5,SIDESWIPE - SAME DIRECTION,21,CLEAR,1,DAYLIGHT,12,MOTOR VEHICLE IN TRANSPORT,MM 88 2 I 65,NASHVILLE,TN,37207,18041,EAST,36.2188,-86.7747,POINT (-86.7747 36.2188)
20190495659,07/01/2019 01:20:00 PM,2,0,0,,N,716886,4,ANGLE,21,CLEAR,1,DAYLIGHT,12,MOTOR VEHICLE IN TRANSPORT,CANE RIDGE RD & CEDAR POINTE PKWY,ANTIOCH,TN,37013,8721,SOUTH,36.0476,-86.6646,POINT (-86.6646 36.0476)
20190057338,01/22/2019 05:22:00 PM,2,1,0,,N,256383,2,HEAD-ON,21,CLEAR,2,DARK - NOT LIGHTED,12,MOTOR VEHICLE IN TRANSPORT,BARNES RD & COTTAGE GROVE CT,ANTIOCH,TN,37013,8757,SOUTH,36.0313,-86.7007,POINT (-86.7007 36.0313)
20190316779,04/24/2019 03:28:00 PM,2,1,0,,Y,714641,11,Front to Rear,21,CLEAR,1,DAYLIGHT,12,MOTOR VEHICLE IN TRANSPORT,JAMES ROBERTSON PKWY & MAIN ST,NASHVILLE,TN,37207,1109,EAST,36.1726,-86.7659,POINT (-86.7659 36.1726)
20190269257,04/08/2019 06:43:00 AM,2,1,0,,N,212369,11,Front to Rear,2,RAIN,1,DAYLIGHT,12,MOTOR VEHICLE IN TRANSPORT,I65 N EXT RAMP & I 65,NASHVILLE,TN,37207,1863,EAST,36.2057,-86.7747,POINT (-86.7747 36.2057)
20190073048,01/28/2019 11:38:00 AM,2,0,0,,N,109534,5,SIDESWIPE - SAME DIRECTION,22,CLOUDY,1,DAYLIGHT,12,MOTOR VEHICLE IN TRANSPORT,MM 215 5 I 40,NASHVILLE,TN,37217,89020,HERMIT,36.1432,-86.6865,POINT (-86.6865 36.1432)
20190002974,01/02/2019 06:54:00 AM,2,0,0,,N,716886,4,ANGLE,21,CLEAR,1,DAYLIGHT,12,MOTOR VEHICLE IN TRANSPORT,BELL RD & HICKORY HOLLOW TER,ANTIOCH,TN,37013,8865,SOUTH,36.3008,-86.6948,POINT (-86.6948 36.3008)
20190184181,03/08/2019 12:03:00 PM,3,2,0,,N,572251,11,Front to Rear,2,RAIN,1,DAYLIGHT,12,MOTOR VEHICLE IN TRANSPORT,OLD HICKORY BLVDW & I65 S ENT RAMP,MADISON,TN,37115,2041,MADISO,36.2649,-86.7381,POINT (-86.7381 36.2649)
20190019793,01/08/2019 12:00:00 AM,2,0,0,,Y,772946,4,ANGLE,21,CLEAR,9,UNKNOWN,14,PARKED MOTOR VEHICLE,16TH AVN & HERMAN ST,NASHVILLE,TN,37203,5421,NORTH,36.1655,-86.8003,POINT (-86.8003 36.1655)
20190554653,07/25/2019 08:59:00 AM,2,0,0,,N,716886,4,ANGLE,21,CLEAR,1,DAYLIGHT,12,MOTOR VEHICLE IN TRANSPORT,MURFREESBORO PKE & BELL RD,ANTIOCH,TN,37013,8979,SOUTH,36.072,-86.636,POINT (-86.636 36.072)
20190212784,03/19/2019 06:22:00 AM,1,0,0,Y,N,191578,0,NOT COLLISION W/MOTOR VEHICLE-TRANSPORT,21,CLEAR,4,DAWN,1;71,EMBANKMENT EARTH,STEWARTS FERRY PKE & MCCAMPBELL AV,NASHVILLE,TN,37214,9407,HERMIT,36.1647,-86.6512,POINT (-86.6512 36.1647)
20190169471,03/03/2019 09:40:00 PM,1,0,0,,N,240979,0,NOT COLLISION W/MOTOR VEHICLE-TRANSPORT,22,CLOUDY,3,DARK - LIGHTED,36,CONCRETE TRAFFIC BARRIER,MM 92 2 I 65,MADISON,TN,37115,2006,MADISO,36.2643,-86.7378,POINT (-86.7378 36.2643)
20190477016,06/24/2019 10:45:00 AM,2,0,0,,N,226622,4,ANGLE,22,CLOUDY,1,DAYLIGHT,12,MOTOR VEHICLE IN TRANSPORT,CHARLOTTE PKE & I40 E ENT RAMP,NASHVILLE,TN,37205,5007,WEST,36.1319,-86.8955,POINT (-86.8955 36.1319)
20190406928,05/28/2019 11:14:00 AM,2,0,0,,N,226136,4,ANGLE,22,CLOUDY,1,DAYLIGHT,12,MOTOR VEHICLE IN TRANSPORT,HILLSBORO PKE & GOLF CLUB LN,NASHVILLE,TN,37215,6419,MIDTOW,36.1174,-86.8103,POINT (-86.8103 36.1174)
20190158500,02/27/2019 11:45:00 AM,1,1,0,,N,226136,0,NOT COLLISION W/MOTOR VEHICLE-TRANSPORT,22,CLOUDY,1,DAYLIGHT,8,PEDESTRIAN,POWELL AV & OLD POWELL AV,NASHVILLE,TN,37204,8525,MIDTOW,36.1109,-86.7672,POINT (-86.7672 36.1109)
20190291331,04/16/2019 07:29:00 AM,2,2,0,,Y,420059,98,OTHER,21,CLEAR,1,DAYLIGHT,12,MOTOR VEHICLE IN TRANSPORT,OLD HICKORY BLVD & ZERMATT AV,NASHVILLE,TN,37211,8651,MIDTOW,36.0457,-86.7206,POINT (-86.7206 36.0457)
20190106638,02/08/2019 06:48:00 PM,2,0,0,,N,256386,11,Front to Rear,21,CLEAR,3,DARK - LIGHTED,12,MOTOR VEHICLE IN TRANSPORT,I 24 & UNKNOWN RAMP,NASHVILLE,TN,37210,9004,HERMIT,36.1402,-86.7258,POINT (-86.7258 36.1402)
20190339085,05/02/2019 11:26:00 PM,1,1,0,,N,879558,0,NOT COLLISION W/MOTOR VEHICLE-TRANSPORT,21,CLEAR,3,DARK - LIGHTED,1;63,Ran Off Road-Right,BRILEY PKWYN & BRILEY PKWY N EXT RAMP,NASHVILLE,TN,37214,9294,HERMIT,36.1977,-86.688,POINT (-86.688 36.1977)
20190432657,06/06/2019 11:00:00 AM,2,0,0,,Y,299257,3,REAR-TO-REAR,21,CLEAR,1,DAYLIGHT,14,PARKED MOTOR VEHICLE,HILLSBORO PKE & ABBOTT MARTIN RD,NASHVILLE,TN,37215,6111,WEST,36.1054,-86.8142,POINT (-86.8142 36.1054)
20190022841,01/09/2019 05:46:00 PM,2,0,0,,N,197068,11,Front to Rear,21,CLEAR,3,DARK - LIGHTED,12,MOTOR VEHICLE IN TRANSPORT,MM 209 0 I 40,NASHVILLE,TN,37203,4104,CENTRA,36.1574,-86.7903,POINT (-86.7903 36.1574)
20190547091,07/22/2019 03:22:00 PM,2,1,0,,Y,311327,11,Front to Rear,2,RAIN,1,DAYLIGHT,12,MOTOR VEHICLE IN TRANSPORT,CAHAL AV & NORTHVIEW AV,NASHVILLE,TN,37206,1333,EAST,36.1961,-86.7361,POINT (-86.7361 36.1961)
20190018860,01/08/2019 11:30:00 AM,2,0,0,,N,226136,11,Front to Rear,22,CLOUDY,1,DAYLIGHT,12,MOTOR VEHICLE IN TRANSPORT,ACKLEN AV & WEDGEWOOD AV,NASHVILLE,TN,37204,6919,MIDTOW,36.1342,-86.7817,POINT (-86.7817 36.1342)
20190357291,05/09/2019 12:00:00 AM,2,0,0,,Y,330413,4,ANGLE,22,CLOUDY,9,UNKNOWN,12,MOTOR VEHICLE IN TRANSPORT,KLINE AV & ROSEDALE AV,NASHVILLE,TN,37211,8043,MIDTOW,36.1249,-86.7541,POINT (-86.7541 36.1249)
20190454093,06/15/2019 12:00:00 AM,1,1,0,Y,N,320591,0,NOT COLLISION W/MOTOR VEHICLE-TRANSPORT,21,CLEAR,3,DARK - LIGHTED,18;38;42;7,OTHER OBJECT (NOT FIXED);FENCE;TREE,PICCADILLY ROW & BAYSWATER PL,ANTIOCH,TN,37013,8895,SOUTH,36.0797,-86.6641,POINT (-86.6641 36.0797)
20190172177,03/04/2019 06:14:00 PM,2,1,0,,N,306231,4,ANGLE,21,CLEAR,3,DARK - LIGHTED,12,MOTOR VEHICLE IN TRANSPORT,CLARKSVILLE PKE & ASHTON AV,NASHVILLE,TN,37218,3115,NORTH,36.1961,-86.8352,POINT (-86.8352 36.1961)
20190258067,04/03/2019 09:01:00 PM,2,2,0,,N,151132,11,Front to Rear,22,CLOUDY,2,DARK - NOT LIGHTED,12;7,MOTOR VEHICLE IN TRANSPORT,BRILEY PKWYW & DICKERSON PKE,MADISON,TN,37115,20143,MADISO,36.2414,-86.7572,POINT (-86.7572 36.2414)
20190031739,01/13/2019 02:46:00 AM,1,1,0,Y,Y,415780,0,NOT COLLISION W/MOTOR VEHICLE-TRANSPORT,21,CLEAR,3,DARK - LIGHTED,20,IMPACT ATTENUATOR,NOLENSVILLE PKE & ASH GROVE DR,NASHVILLE,TN,37211,8717,SOUTH,36.0494,-86.7138,POINT (-86.7138 36.0494)
20190116666,02/12/2019 05:14:00 PM,2,1,0,,N,267831,4,ANGLE,21,CLEAR,1,DAYLIGHT,12,MOTOR VEHICLE IN TRANSPORT,CHARLOTTE PKE & OLD CHARLOTTE PKE,NASHVILLE,TN,37209,5009,WEST,36.1318,-86.8958,POINT (-86.8958 36.1318)
20190409695,05/29/2019 08:19:00 AM,2,0,0,,N,299243,5,SIDESWIPE - SAME DIRECTION,21,CLEAR,1,DAYLIGHT,12,MOTOR VEHICLE IN TRANSPORT,9TH AVS & CLARK PL,NASHVILLE,TN,37203,4041,CENTRA,36.1553,-86.7811,POINT (-86.7811 36.1553)
20190489808,06/28/2019 10:35:00 PM,2,0,0,,Y,240972,5,SIDESWIPE - SAME DIRECTION,21,CLEAR,3,DARK - LIGHTED,12,MOTOR VEHICLE IN TRANSPORT,BROADWAY & 5TH AVS,NASHVILLE,TN,37203,4089,CENTRA,36.1605,-86.7784,POINT (-86.7784 36.1605)
20190319591,04/25/2019 01:38:00 PM,4,3,0,,N,226136,11,Front to Rear,22,CLOUDY,1,DAYLIGHT,12,MOTOR VEHICLE IN TRANSPORT,MM 4 4 I 440,NASHVILLE,TN,37204,7014,MIDTOW,36.1158,-86.7827,POINT (-86.7827 36.1158)
20190489671,06/28/2019 09:07:00 PM,1,1,0,,N,279225,0,NOT COLLISION W/MOTOR VEHICLE-TRANSPORT,21,CLEAR,2,DARK - NOT LIGHTED,1,,BELL RD & WOODLAND POINTE DR,NASHVILLE,TN,37214,8943,HERMIT,36.1227,-86.6305,POINT (-86.6305 36.1227)
20190056371,01/22/2019 11:11:00 AM,2,0,0,,Y,298878,5,SIDESWIPE - SAME DIRECTION,21,CLEAR,1,DAYLIGHT,12,MOTOR VEHICLE IN TRANSPORT,CHARLOTTE AV & 10TH AVN,NASHVILLE,TN,37203,4149,CENTRA,36.1632,-86.7882,POINT (-86.7882 36.1632)
20190480109,06/25/2019 12:38:00 PM,2,0,0,,N,311799,11,Front to Rear,21,CLEAR,1,DAYLIGHT,12,MOTOR VEHICLE IN TRANSPORT,OLD HICKORY BLVDW & RONNIE RD,MADISON,TN,37115,1749,MADISO,36.2641,-86.7262,POINT (-86.7262 36.2641)
20190106361,02/08/2019 04:42:00 PM,2,0,0,,N,256383,11,Front to Rear,21,CLEAR,1,DAYLIGHT,12,MOTOR VEHICLE IN TRANSPORT,MURFREESBORO PKE & OLD MURFREESBORO PKE,NASHVILLE,TN,37217,8849,SOUTH,36.1046,-86.6694,POINT (-86.6694 36.1046)
20190373777,05/16/2019 03:20:00 AM,1,0,0,,N,320600,0,NOT COLLISION W/MOTOR VEHICLE-TRANSPORT,21,CLEAR,2,DARK - NOT LIGHTED,18,OTHER OBJECT (NOT FIXED),I24 E EXT RAMP & I 24,NASHVILLE,TN,37207,30080,NORTH,36.2378,-86.7872,POINT (-86.7872 36.2378)
20190214210,03/19/2019 04:22:00 PM,2,0,0,,N,690942,4,ANGLE,21,CLEAR,1,DAYLIGHT,12,MOTOR VEHICLE IN TRANSPORT,6TH AVS & LEA AV,NASHVILLE,TN,37203,4039,CENTRA,36.1537,-86.7759,POINT (-86.7759 36.1537)
20190387462,05/21/2019 08:47:00 AM,2,0,0,,N,755026,11,Front to Rear,21,CLEAR,1,DAYLIGHT,12,MOTOR VEHICLE IN TRANSPORT,MM 52 5 I 24,NASHVILLE,TN,37217,8816,SOUTH,36.1256,-86.7279,POINT (-86.7279 36.1256)
20190302641,04/19/2019 04:10:00 PM,2,0,0,Y,N,256380,11,Front to Rear,2,RAIN,1,DAYLIGHT,12,MOTOR VEHICLE IN TRANSPORT,BRICK CHURCH PKE & BRICK CHURCH PARK DR,NASHVILLE,TN,37207,3047,NORTH,36.2242,-86.7822,POINT (-86.7822 36.2242)
20190406365,05/28/2019 06:55:00 AM,2,0,0,,N,226622,4,ANGLE,21,CLEAR,1,DAYLIGHT,12,MOTOR VEHICLE IN TRANSPORT,BROOKFIELD AV & HEADY DR,NASHVILLE,TN,37205,6209,WEST,36.0916,-86.8697,POINT (-86.8697 36.0916)
20190175493,03/05/2019 06:25:00 PM,3,2,0,,N,256383,11,Front to Rear,21,CLEAR,3,DARK - LIGHTED,12,MOTOR VEHICLE IN TRANSPORT,MM 54 0 I 24,NASHVILLE,TN,37211,88122,SOUTH,36.1064,-86.7188,POINT (-86.7188 36.1064)
20190257702,04/03/2019 04:55:00 PM,2,0,0,,N,256384,11,Front to Rear,21,CLEAR,1,DAYLIGHT,12,MOTOR VEHICLE IN TRANSPORT,MM 6 5 I 440,NASHVILLE,TN,37210,81040,SOUTH,36.1242,-86.7451,POINT (-86.7451 36.1242)
20190019569,01/08/2019 04:20:00 PM,3,3,0,,N,151132,2,HEAD-ON,21,CLEAR,1,DAYLIGHT,12,MOTOR VEHICLE IN TRANSPORT,OLD HICKORY BLVDW & I65 S ENT RAMP,MADISON,TN,37115,2041,MADISO,36.2649,-86.7381,POINT (-86.7381 36.2649)
20190323611,04/26/2019 09:44:00 PM,2,0,0,,Y,140806,0,NOT COLLISION W/MOTOR VEHICLE-TRANSPORT,21,CLEAR,2,DARK - NOT LIGHTED,33;41;63;7,CURB;SHRUBBERY;Ran Off Road-Right,OLD HICKORY BLVD & ENCLAVE CIR,NASHVILLE,TN,37211,8651,MIDTOW,36.0436,-86.726,POINT (-86.726 36.0436)
20190366042,05/13/2019 01:45:00 PM,2,0,0,,Y,226136,11,Front to Rear,22,CLOUDY,1,DAYLIGHT,12,MOTOR VEHICLE IN TRANSPORT,MM 3 1 I 440,NASHVILLE,TN,37215,6424,MIDTOW,36.1182,-86.8009,POINT (-86.8009 36.1182)
20190397404,05/24/2019 12:28:00 PM,2,2,0,,N,665896,4,ANGLE,21,CLEAR,1,DAYLIGHT,12,MOTOR VEHICLE IN TRANSPORT,DOUGLAS AV & GALLATIN AV,NASHVILLE,TN,37206,1325,EAST,36.1927,-86.7444,POINT (-86.7444 36.1927)
20190355986,05/09/2019 09:50:00 AM,2,1,0,,N,420035,4,ANGLE,2,RAIN,1,DAYLIGHT,12,MOTOR VEHICLE IN TRANSPORT,GALLATIN PKES & E OLD HICKORY BLVD,MADISON,TN,37115,1771,MADISO,36.2622,-86.7122,POINT (-86.7122 36.2622)
20190241326,03/28/2019 05:30:00 PM,2,0,0,,N,240976,4,ANGLE,21,CLEAR,1,DAYLIGHT,13,MOTOR VEHICLE IN TRANSPORT-OTHER ROADWAY,EWING DR & BROADMOOR DR,NASHVILLE,TN,37207,1807,EAST,36.23,-86.7626,POINT (-86.7626 36.23)
20190501148,07/03/2019 09:50:00 AM,2,0,0,,N,676834,4,ANGLE,22,CLOUDY,1,DAYLIGHT,12,MOTOR VEHICLE IN TRANSPORT,W HAMILTON RD & MEADOW RD,NASHVILLE,TN,37218,3149,NORTH,36.2087,-86.8418,POINT (-86.8418 36.2087)
20190526248,07/14/2019 06:00:00 AM,2,0,0,,Y,332253,5,SIDESWIPE - SAME DIRECTION,99,UNKNOWN,9,UNKNOWN,12,MOTOR VEHICLE IN TRANSPORT,I24 W EXT RAMP & I 24,NASHVILLE,TN,37211,8829,SOUTH,36.1074,-86.7197,POINT (-86.7197 36.1074)
20190214169,03/19/2019 04:03:00 PM,2,2,0,,N,320594,11,Front to Rear,21,CLEAR,1,DAYLIGHT,12,MOTOR VEHICLE IN TRANSPORT,LEBANON PKE & CEDARSTONE WAY,NASHVILLE,TN,37214,9403,HERMIT,36.1693,-86.6556,POINT (-86.6556 36.1693)
20190261838,04/05/2019 05:30:00 AM,1,0,0,,N,240978,0,NOT COLLISION W/MOTOR VEHICLE-TRANSPORT,21,CLEAR,3,DARK - LIGHTED,24;67,GUARDRAIL FACE;Vehicle Airborne,I24 W EXT RAMP & I 24,NASHVILLE,TN,37211,8829,SOUTH,36.1074,-86.7197,POINT (-86.7197 36.1074)
20190447406,06/12/2019 12:00:00 AM,2,0,0,,N,212344,4,ANGLE,21,CLEAR,1,DAYLIGHT,12,MOTOR VEHICLE IN TRANSPORT,HOLLY ST & S 15TH ST,NASHVILLE,TN,37206,1219,EAST,36.1756,-86.7438,POINT (-86.7438 36.1756)
20190027536,01/11/2019 11:00:00 AM,2,1,0,Y,N,226622,11,Front to Rear,22,CLOUDY,1,DAYLIGHT,12;27,MOTOR VEHICLE IN TRANSPORT;H-WAY TRAFFIC SIGNAL POST,MM 1 8 I 440,NASHVILLE,TN,37205,6004,WEST,36.1322,-86.8186,POINT (-86.8186 36.1322)
20190087370,02/01/2019 06:14:00 PM,2,0,0,,Y,206682,2,HEAD-ON,21,CLEAR,3,DARK - LIGHTED,12,MOTOR VEHICLE IN TRANSPORT,GALLATIN PKES & W WEBSTER ST,MADISON,TN,37115,1507,MADISO,36.2519,-86.7177,POINT (-86.7177 36.2519)