Accident Number,Date and Time,Number of Motor Vehicles,Number of Injuries,Number of Fatalities,Property Damage,Hit and Run,Reporting Officer,Collision Type Code,Collision Type Description,Weather Code,Weather Description,Illumination Code,Illumination Description,Harmful Code,Harmful Code Description,Street Address,City,State,ZIP,RPA,Precinct,Latitude,Longitude,Mapped Location
20190421004,06/02/2019 04:48:00 PM,4,0,0,,Y,279124,11,Front to Rear,21,CLEAR,1,DAYLIGHT,12,MOTOR VEHICLE IN TRANSPORT,HARDING PL & METROPLEX DR,NASHVILLE,TN,37211,8889,SOUTH,36.0868,-86.6959,POINT (-86.6959 36.0868)
20190187686,03/09/2019 10:52:00 PM,1,1,0,Y,Y,415780,0,NOT COLLISION W/MOTOR VEHICLE-TRANSPORT,21,CLEAR,3,DARK - LIGHTED,18;20,OTHER OBJECT (NOT FIXED);IMPACT ATTENUATOR,NOLENSVILLE PKE & BARNES RD,ANTIOCH,TN,37013,8757,SOUTH,36.0335,-86.713,POINT (-86.713 36.0335)
20190361996,05/11/2019 12:00:00 AM,1,0,0,Y,Y,256441,0,NOT COLLISION W/MOTOR VEHICLE-TRANSPORT,99,UNKNOWN,1,DAYLIGHT,7,,TYNE BLVD & FRANKLIN PKE,NASHVILLE,TN,37220,7103,MIDTOW,36.0776,-86.7765,POINT (-86.7765 36.0776)
20190371640,05/15/2019 10:00:00 AM,2,1,0,,N,166477,11,Front to Rear,2,RAIN,1,DAYLIGHT,12,MOTOR VEHICLE IN TRANSPORT,MM 55 2 I 24,NASHVILLE,TN,37211,8812,SOUTH,36.0923,-86.7049,POINT (-86.7049 36.0923)
20190184700,03/08/2019 04:27:00 PM,2,0,0,,N,151132,11,Front to Rear,2,RAIN,1,DAYLIGHT,12,MOTOR VEHICLE IN TRANSPORT,OLD HICKORY BLVDW & I65 N ENT RAMP,MADISON,TN,37115,1777,MADISO,36.2643,-86.7361,POINT (-86.7361 36.2643)
20190113581,02/11/2019 05:40:00 PM,2,0,0,,N,420040,5,SIDESWIPE - SAME DIRECTION,2,RAIN,3,DARK - LIGHTED,12,MOTOR VEHICLE IN TRANSPORT,MM 209 4 I 40,NASHVILLE,TN,37203,40041,CENTRA,36.1519,-86.7866,POINT (-86.7866 36.1519)
20190022417,01/09/2019 03:23:00 PM,2,0,0,,N,256379,4,ANGLE,21,CLEAR,1,DAYLIGHT,12,MOTOR VEHICLE IN TRANSPORT,TANKSLEY AV & SIMMONS AV,NASHVILLE,TN,37211,8403,SOUTH,36.1086,-86.741,POINT (-86.741 36.1086)
20190500767,07/03/2019 07:20:00 AM,2,0,0,,N,633385,5,SIDESWIPE - SAME DIRECTION,21,CLEAR,1,DAYLIGHT,12,MOTOR VEHICLE IN TRANSPORT,ANTIOCH PKE & PERIMETER HILL DR,NASHVILLE,TN,37211,8889,SOUTH,36.0859,-86.6911,POINT (-86.6911 36.0859)
20190519752,07/11/2019 11:59:00 AM,2,0,0,,N,352178,5,SIDESWIPE - SAME DIRECTION,21,CLEAR,1,DAYLIGHT,12,MOTOR VEHICLE IN TRANSPORT,MM 209 5 I 40,NASHVILLE,TN,37203,40040,CENTRA,36.1502,-86.7844,POINT (-86.7844 36.1502)
20190300326,04/18/2019 09:20:00 PM,3,4,0,,N,332215,11,Front to Rear,2,RAIN,3,DARK - LIGHTED,12,MOTOR VEHICLE IN TRANSPORT,DELAWARE AV & 51ST AVN,NASHVILLE,TN,37209,4543,WEST,36.1543,-86.8483,POINT (-86.8483 36.1543)
20190048914,01/19/2019 05:49:00 AM,2,0,0,,N,298879,11,Front to Rear,2,RAIN,2,DARK - NOT LIGHTED,12,MOTOR VEHICLE IN TRANSPORT,MM 200 9 I 40,NASHVILLE,TN,37209,4708,WEST,36.1292,-86.9002,POINT (-86.9002 36.1292)
20190003609,01/02/2019 11:58:00 AM,2,1,0,,N,419983,4,ANGLE,22,CLOUDY,1,DAYLIGHT,12,MOTOR VEHICLE IN TRANSPORT,4TH AVN & JEFFERSON ST,NASHVILLE,TN,37219,4235,CENTRA,36.1747,-86.7861,POINT (-86.7861 36.1747)
20190432282,06/06/2019 06:14:00 PM,2,1,0,,N,256389,2,HEAD-ON,2,RAIN,1,DAYLIGHT,12,MOTOR VEHICLE IN TRANSPORT,MUSIC CIRS & MUSIC CIRE,NASHVILLE,TN,37203,6723,MIDTOW,36.1492,-86.79,POINT (-86.79 36.1492)
20190233893,03/26/2019 07:00:00 AM,4,0,0,,N,714648,11,Front to Rear,21,CLEAR,1,DAYLIGHT,12,MOTOR VEHICLE IN TRANSPORT,ELLINGTON PKWY & ELLINGTON PKWYN,NASHVILLE,TN,37207,1896,EAST,36.2006,-86.7515,POINT (-86.7515 36.2006)
20190416642,05/31/2019 04:29:00 PM,2,0,0,,N,320599,4,ANGLE,22,CLOUDY,1,DAYLIGHT,12,MOTOR VEHICLE IN TRANSPORT,LAFAYETTE ST & FAIRFIELD AV,NASHVILLE,TN,37210,8133,SOUTH,36.1473,-86.7579,POINT (-86.7579 36.1473)
20190232178,03/23/2019 04:00:00 AM,2,0,0,,Y,298867,5,SIDESWIPE - SAME DIRECTION,21,CLEAR,3,DARK - LIGHTED,14,PARKED MOTOR VEHICLE,CEDAR POINTE PKWY & CANE RIDGE RD,ANTIOCH,TN,37013,8721,SOUTH,36.0479,-86.665,POINT (-86.665 36.0479)
20190477455,06/24/2019 02:54:00 PM,2,0,0,,N,887592,0,NOT COLLISION W/MOTOR VEHICLE-TRANSPORT,21,CLEAR,1,DAYLIGHT,12;14;33;39;64,MOTOR VEHICLE IN TRANSPORT;PARKED MOTOR VEHICLE;CURB;WALL;Ran Off Road-Left,CHARLES E DAVIS BLVD & OLD HERMITAGE AV,NASHVILLE,TN,37210,8205,HERMIT,36.1541,-86.7618,POINT (-86.7618 36.1541)
20190217189,03/20/2019 01:10:00 PM,2,0,0,,N,226405,4,ANGLE,21,CLEAR,1,DAYLIGHT,12,MOTOR VEHICLE IN TRANSPORT,ELLISTON PL & 25TH AVN,NASHVILLE,TN,37203,5623,MIDTOW,36.1474,-86.8085,POINT (-86.8085 36.1474)
20190092467,02/04/2019 03:13:00 AM,1,1,0,Y,N,284059,0,NOT COLLISION W/MOTOR VEHICLE-TRANSPORT,21,CLEAR,3,DARK - LIGHTED,33;38;41;42,CURB;FENCE;SHRUBBERY;TREE,BUCHANAN ST & 26TH AVN,NASHVILLE,TN,37208,4463,NORTH,36.1804,-86.8192,POINT (-86.8192 36.1804)
20190330419,04/29/2019 11:35:00 PM,2,1,0,,N,109542,0,NOT COLLISION W/MOTOR VEHICLE-TRANSPORT,21,CLEAR,3,DARK - LIGHTED,7;8,PEDESTRIAN,3RD AVS & SHELBY ST PEDESTRIAN BRIDGE GR,NASHVILLE,TN,37201,4065,CENTRA,36.1605,-86.7753,POINT (-86.7753 36.1605)
20190474831,06/23/2019 12:00:00 AM,1,0,0,Y,Y,716886,0,NOT COLLISION W/MOTOR VEHICLE-TRANSPORT,21,CLEAR,3,DARK - LIGHTED,18,OTHER OBJECT (NOT FIXED),JAMES ROBERTSON PKWY & 3RD AVN,NASHVILLE,TN,37201,4201,CENTRA,36.1673,-86.7792,POINT (-86.7792 36.1673)
20190262871,04/05/2019 01:58:00 PM,3,0,0,,N,834798,11,Front to Rear,21,CLEAR,1,DAYLIGHT,12,MOTOR VEHICLE IN TRANSPORT,MM 82 1 I 65,NASHVILLE,TN,37203,80061,MIDTOW,36.1449,-86.777,POINT (-86.777 36.1449)
20190105100,02/08/2019 06:54:00 AM,2,0,0,,N,179602,11,Front to Rear,21,CLEAR,1,DAYLIGHT,12,MOTOR VEHICLE IN TRANSPORT,MM 88 2 I 65,NASHVILLE,TN,37207,18041,EAST,36.2188,-86.7747,POINT (-86.7747 36.2188)
20190581445,08/05/2019 12:00:00 AM,2,0,0,,Y,665896,9,UNKNOWN,99,UNKNOWN,9,UNKNOWN,12;14,MOTOR VEHICLE IN TRANSPORT;PARKED MOTOR VEHICLE,INGLEWOOD CT & INGLEWOOD DR,NASHVILLE,TN,37216,1503,EAST,36.2321,-86.722,POINT (-86.722 36.2321)
20190375120,05/16/2019 01:10:00 PM,2,0,0,,N,212369,5,SIDESWIPE - SAME DIRECTION,21,CLEAR,1,DAYLIGHT,12,MOTOR VEHICLE IN TRANSPORT,BROADWAY & WEST END AV,NASHVILLE,TN,37203,5701,MIDTOW,36.1543,-86.7929,POINT (-86.7929 36.1543)
20190050219,01/19/2019 09:00:00 PM,4,2,0,,N,212330,11,Front to Rear,3,"SLEET, HAIL",3,DARK - LIGHTED,12,MOTOR VEHICLE IN TRANSPORT,MM 54 5 I 24,NASHVILLE,TN,37211,84021,SOUTH,36.0999,-86.7113,POINT (-86.7113 36.0999)
20190361347,05/11/2019 04:30:00 AM,3,0,0,,N,887591,11,Front to Rear,21,CLEAR,3,DARK - LIGHTED,12;14,MOTOR VEHICLE IN TRANSPORT;PARKED MOTOR VEHICLE,HEARTHSIDE WAY & ELIJAH RYAN DR,ANTIOCH,TN,37013,8763,SOUTH,36.0226,-86.6482,POINT (-86.6482 36.0226)
20190187330,03/09/2019 07:22:00 PM,2,1,0,,N,240979,4,ANGLE,21,CLEAR,3,DARK - LIGHTED,12,MOTOR VEHICLE IN TRANSPORT,S GRAYCROFT AV & OLD HICKORY BLVDW,MADISON,TN,37115,1775,MADISO,36.2634,-86.7324,POINT (-86.7324 36.2634)
20190230543,03/25/2019 08:27:00 AM,2,0,0,,N,474557,5,SIDESWIPE - SAME DIRECTION,2,RAIN,1,DAYLIGHT,12,MOTOR VEHICLE IN TRANSPORT,MT VIEW RD & KEVINWOOD CT,ANTIOCH,TN,37013,8861,SOUTH,36.0563,-86.6642,POINT (-86.6642 36.0563)
20190436963,06/08/2019 04:47:00 PM,2,2,0,,N,320585,4,ANGLE,21,CLEAR,1,DAYLIGHT,12,MOTOR VEHICLE IN TRANSPORT,OPRY MILLS DR & SHELBY BOTTOMS GRNWY,NASHVILLE,TN,37214,9209,HERMIT,36.2013,-86.6941,POINT (-86.6941 36.2013)
20190288743,04/15/2019 11:56:00 AM,2,1,0,,N,140788,5,SIDESWIPE - SAME DIRECTION,21,CLEAR,1,DAYLIGHT,12,MOTOR VEHICLE IN TRANSPORT,JOHN A MERRITT BLVD & 29TH AVN,NASHVILLE,TN,37209,4521,NORTH,36.168,-86.8214,POINT (-86.8214 36.168)
20190168907,03/03/2019 02:59:00 PM,3,1,0,,N,240957,11,Front to Rear,22,CLOUDY,1,DAYLIGHT,12,MOTOR VEHICLE IN TRANSPORT,NOLENSVILLE PKE & BREWER DR,NASHVILLE,TN,37211,8715,SOUTH,36.0535,-86.715,POINT (-86.715 36.0535)
20190417238,05/31/2019 12:00:00 AM,2,0,0,,Y,320582,2,HEAD-ON,21,CLEAR,1,DAYLIGHT,12;14,MOTOR VEHICLE IN TRANSPORT;PARKED MOTOR VEHICLE,1500 DICKERSON PKE,NASHVILLE,TN,37207,1863,EAST,36.2002,-86.7699,POINT (-86.7699 36.2002)
20190330344,04/29/2019 10:30:00 PM,2,0,0,,N,320591,11,Front to Rear,21,CLEAR,3,DARK - LIGHTED,12,MOTOR VEHICLE IN TRANSPORT,OLD HICKORY BLVD & EULALA DR,ANTIOCH,TN,37013,8757,SOUTH,36.0454,-86.7036,POINT (-86.7036 36.0454)
20190021257,01/09/2019 07:40:00 AM,2,0,0,,N,716886,5,SIDESWIPE - SAME DIRECTION,21,CLEAR,1,DAYLIGHT,12,MOTOR VEHICLE IN TRANSPORT,HARDING PL & ANTIOCH PKE,NASHVILLE,TN,37211,8843,SOUTH,36.0878,-86.6914,POINT (-86.6914 36.0878)
20190341929,05/03/2019 11:35:00 PM,2,1,0,,N,191573,4,ANGLE,21,CLEAR,3,DARK - LIGHTED,12,MOTOR VEHICLE IN TRANSPORT,2ND AVS & I40 W EXT RAMP,NASHVILLE,TN,37210,4003,CENTRA,36.1518,-86.7686,POINT (-86.7686 36.1518)
20190062657,01/24/2019 12:00:00 PM,2,0,0,,Y,224464,3,REAR-TO-REAR,21,CLEAR,1,DAYLIGHT,12;14,MOTOR VEHICLE IN TRANSPORT;PARKED MOTOR VEHICLE,14TH AVN & KELLOW ST,NASHVILLE,TN,37208,4493,NORTH,36.1902,-86.8108,POINT (-86.8108 36.1902)
20190444657,06/11/2019 12:00:00 AM,2,0,0,,Y,298861,4,ANGLE,21,CLEAR,1,DAYLIGHT,12,MOTOR VEHICLE IN TRANSPORT,MM 212 0 I 40,NASHVILLE,TN,37210,90041,HERMIT,36.147,-86.7433,POINT (-86.7433 36.147)
20190312944,04/23/2019 03:00:00 PM,2,2,0,,N,256374,4,ANGLE,22,CLOUDY,1,DAYLIGHT,12,MOTOR VEHICLE IN TRANSPORT,MURFREESBORO PKE & BELL RD,ANTIOCH,TN,37013,8865,SOUTH,36.072,-86.636,POINT (-86.636 36.072)
20190239853,03/28/2019 07:44:00 AM,1,0,0,Y,Y,191578,0,NOT COLLISION W/MOTOR VEHICLE-TRANSPORT,21,CLEAR,1,DAYLIGHT,39,WALL,SAUNDERSVILLE RD & GENERAL KERSHAW DR,HERMITAGE,TN,37076,9727,HERMIT,36.2294,-86.5962,POINT (-86.5962 36.2294)
20190248463,03/31/2019 02:04:00 PM,2,0,0,,N,311327,4,ANGLE,21,CLEAR,1,DAYLIGHT,12,MOTOR VEHICLE IN TRANSPORT,2600 CAHAL AV,NASHVILLE,TN,37216,1401,EAST,36.1971,-86.7408,POINT (-86.7408 36.1971)
20190125981,02/15/2019 03:30:00 PM,2,0,0,,Y,311344,11,Front to Rear,2,RAIN,1,DAYLIGHT,12,MOTOR VEHICLE IN TRANSPORT,W WEBSTER ST & GALLATIN PKES,MADISON,TN,37115,1783,MADISO,36.2519,-86.7177,POINT (-86.7177 36.2519)
20190334752,05/01/2019 10:10:00 AM,2,0,0,,N,405404,5,SIDESWIPE - SAME DIRECTION,21,CLEAR,1,DAYLIGHT,12,MOTOR VEHICLE IN TRANSPORT,DONELSON PKE & BNA DR,NASHVILLE,TN,37214,8953,HERMIT,36.1345,-86.6635,POINT (-86.6635 36.1345)
20190202910,03/15/2019 10:53:00 AM,2,0,0,,N,320575,4,ANGLE,21,CLEAR,1,DAYLIGHT,12,MOTOR VEHICLE IN TRANSPORT,MT VIEW RD & HICKORY HOLLOW PKWY,ANTIOCH,TN,37013,8859,SOUTH,36.0588,-86.6705,POINT (-86.6705 36.0588)
20190194749,03/12/2019 04:45:00 PM,2,1,0,,N,256417,4,ANGLE,22,CLOUDY,1,DAYLIGHT,12,MOTOR VEHICLE IN TRANSPORT,OLD HICKORY BLVD & PLANTATION DR,HERMITAGE,TN,37076,9613,HERMIT,36.2006,-86.6209,POINT (-86.6209 36.2006)
20190194432,03/12/2019 01:54:00 PM,2,0,0,,N,330415,5,SIDESWIPE - SAME DIRECTION,22,CLOUDY,1,DAYLIGHT,12,MOTOR VEHICLE IN TRANSPORT,I40 E EXT RAMP & BROADWAY,NASHVILLE,TN,37203,5701,MIDTOW,36.1557,-86.7897,POINT (-86.7897 36.1557)
20190135156,02/19/2019 09:35:00 AM,2,0,0,,Y,716886,3,REAR-TO-REAR,21,CLEAR,1,DAYLIGHT,12;14,MOTOR VEHICLE IN TRANSPORT;PARKED MOTOR VEHICLE,TIMMONS ST & NOLENSVILLE PKE,NASHVILLE,TN,37211,8425,SOUTH,36.1078,-86.7427,POINT (-86.7427 36.1078)
20190076794,01/29/2019 02:09:00 PM,2,1,0,,N,226136,4,ANGLE,21,CLEAR,1,DAYLIGHT,12,MOTOR VEHICLE IN TRANSPORT,HARDING PL & SIDCO DR,NASHVILLE,TN,37220,8601,MIDTOW,36.0819,-86.7612,POINT (-86.7612 36.0819)
20190160693,02/28/2019 05:53:00 AM,2,1,0,,N,110090,11,Front to Rear,21,CLEAR,1,DAYLIGHT,12,MOTOR VEHICLE IN TRANSPORT,HOBSON PKE & OLD HICKORY BLVD,ANTIOCH,TN,37013,8867,SOUTH,36.036,-86.611,POINT (-86.611 36.036)
20190308542,04/22/2019 08:57:00 AM,2,0,0,,N,191578,5,SIDESWIPE - SAME DIRECTION,21,CLEAR,1,DAYLIGHT,12,MOTOR VEHICLE IN TRANSPORT,LEBANON PKE & QUINN CIR,NASHVILLE,TN,37210,9019,HERMIT,36.1602,-86.7029,POINT (-86.7029 36.1602)
20190272410,04/09/2019 09:42:00 AM,1,1,0,Y,N,439917,0,NOT COLLISION W/MOTOR VEHICLE-TRANSPORT,21,CLEAR,1,DAYLIGHT,12;18;21;30;43,MOTOR VEHICLE IN TRANSPORT;OTHER OBJECT (NOT FIXED);BRIDGE PIER/ABUTMENT;UTILITY POLE;OTHER FIXED OBJECTS,MM 206 7 I 40,NASHVILLE,TN,37208,4504,NORTH,36.1678,-86.8158,POINT (-86.8158 36.1678)
20190344845,05/05/2019 12:20:00 PM,2,2,0,,N,240952,11,Front to Rear,21,CLEAR,1,DAYLIGHT,12,MOTOR VEHICLE IN TRANSPORT,MM 62 1 I 24,ANTIOCH,TN,37013,8806,SOUTH,36.0195,-86.626,POINT (-86.626 36.0195)
20190292536,04/16/2019 02:30:00 PM,2,0,0,,Y,151132,11,Front to Rear,21,CLEAR,1,DAYLIGHT,12,MOTOR VEHICLE IN TRANSPORT,GALLATIN PKEN & CONFERENCE DR,MADISON,TN,37115,1731,MADISO,36.3026,-86.692,POINT (-86.692 36.3026)
20190289704,04/15/2019 06:21:00 PM,2,0,0,,N,256383,6,SIDESWIPE - OPPOSITE DIRECTION,21,CLEAR,1,DAYLIGHT,14,PARKED MOTOR VEHICLE,1040 CRENSHAW ST,NASHVILLE,TN,37210,8151,SOUTH,36.1489,-86.7662,POINT (-86.7662 36.1489)
20190178942,03/06/2019 06:32:00 PM,2,0,0,,Y,256383,6,SIDESWIPE - OPPOSITE DIRECTION,21,CLEAR,3,DARK - LIGHTED,12,MOTOR VEHICLE IN TRANSPORT,NOLENSVILLE PKE & NATCHEZ CT,NASHVILLE,TN,37211,8511,MIDTOW,36.0944,-86.7367,POINT (-86.7367 36.0944)
20190512113,07/08/2019 11:27:00 AM,2,0,0,,N,591936,5,SIDESWIPE - SAME DIRECTION,21,CLEAR,1,DAYLIGHT,12,MOTOR VEHICLE IN TRANSPORT,MM 79 8 I 65,NASHVILLE,TN,37204,7004,MIDTOW,36.1111,-86.7715,POINT (-86.7715 36.1111)
20190032569,01/13/2019 02:00:00 PM,2,0,0,,N,256502,11,Front to Rear,21,CLEAR,1,DAYLIGHT,12,MOTOR VEHICLE IN TRANSPORT,MM 85 4 I 65,NASHVILLE,TN,37208,43042,NORTH,36.1875,-86.7947,POINT (-86.7947 36.1875)
20190532306,07/16/2019 12:00:00 AM,1,1,0,,N,299258,0,NOT COLLISION W/MOTOR VEHICLE-TRANSPORT,21,CLEAR,1,DAYLIGHT,64;7,Ran Off Road-Left,BUENA VISTA PKE & W TRINITY LN,NASHVILLE,TN,37218,3101,NORTH,36.2025,-86.8205,POINT (-86.8205 36.2025)
20190166804,03/02/2019 01:25:00 PM,1,0,0,Y,N,256427,0,NOT COLLISION W/MOTOR VEHICLE-TRANSPORT,22,CLOUDY,1,DAYLIGHT,21,BRIDGE PIER/ABUTMENT,MM 211 0 I 40,NASHVILLE,TN,37210,82020,HERMIT,36.1544,-86.7598,POINT (-86.7598 36.1544)
20190455491,06/15/2019 04:12:00 PM,2,1,0,,N,267831,11,Front to Rear,21,CLEAR,1,DAYLIGHT,12,MOTOR VEHICLE IN TRANSPORT,HARDING PKE & PERCY WARNER BLVD,NASHVILLE,TN,37221,4901,WEST,36.0843,-86.895,POINT (-86.895 36.0843)
20190110128,02/10/2019 09:56:00 AM,1,0,0,,N,156307,0,NOT COLLISION W/MOTOR VEHICLE-TRANSPORT,2,RAIN,1,DAYLIGHT,36,CONCRETE TRAFFIC BARRIER,MM 208 7 I 40,NASHVILLE,TN,37203,4202,CENTRA,36.1613,-86.7932,POINT (-86.7932 36.1613)
20190168821,03/03/2019 01:24:00 PM,2,0,0,,N,330420,11,Front to Rear,2,RAIN,1,DAYLIGHT,12,MOTOR VEHICLE IN TRANSPORT,OLD HICKORY BLVD & I40 E EXT RAMP,HERMITAGE,TN,37076,9561,HERMIT,36.178,-86.6051,POINT (-86.6051 36.178)
20190529469,07/15/2019 04:54:00 PM,2,0,0,,N,690942,4,ANGLE,21,CLEAR,1,DAYLIGHT,14,PARKED MOTOR VEHICLE,3RD AVN & COMMERCE ST,NASHVILLE,TN,37201,4105,CENTRA,36.1627,-86.7767,POINT (-86.7767 36.1627)
20190010254,01/04/2019 07:35:00 PM,1,1,0,,N,256448,0,NOT COLLISION W/MOTOR VEHICLE-TRANSPORT,2,RAIN,3,DARK - LIGHTED,34;42,DITCH;TREE,MCCAMPBELL AV & COLONIAL CIR,NASHVILLE,TN,37214,9419,HERMIT,36.1632,-86.6549,POINT (-86.6549 36.1632)
20190433450,06/07/2019 05:50:00 AM,1,0,0,,N,110090,0,NOT COLLISION W/MOTOR VEHICLE-TRANSPORT,2,RAIN,1,DAYLIGHT,41,SHRUBBERY,OLD FRANKLIN RD & DANA WAY,ANTIOCH,TN,37013,8867,SOUTH,36.0378,-86.6368,POINT (-86.6368 36.0378)
20190251156,04/01/2019 02:16:00 PM,4,0,0,,N,267831,4,ANGLE,21,CLEAR,1,DAYLIGHT,12,MOTOR VEHICLE IN TRANSPORT,HIGHWAY 70S & BELLE FOREST SHOPPING CENT,NASHVILLE,TN,37205,4903,WEST,36.0746,-86.9205,POINT (-86.9205 36.0746)
20190421791,06/03/2019 02:45:00 AM,1,0,0,,N,189243,0,NOT COLLISION W/MOTOR VEHICLE-TRANSPORT,22,CLOUDY,7,Dark-Unknown Lighting,18;61,OTHER OBJECT (NOT FIXED);Equip Failure,MM 54 8 I 24,NASHVILLE,TN,37211,8812,SOUTH,36.0968,-86.7085,POINT (-86.7085 36.0968)
20190546231,07/22/2019 08:22:00 AM,1,1,0,,N,109534,0,NOT COLLISION W/MOTOR VEHICLE-TRANSPORT,22,CLOUDY,1,DAYLIGHT,1;34,DITCH,CHANDLER RD & WAYNEWOOD LN,HERMITAGE,TN,37076,9523,HERMIT,36.1986,-86.5953,POINT (-86.5953 36.1986)
20190213411,03/19/2019 10:50:00 AM,2,1,0,,N,226098,11,Front to Rear,21,CLEAR,1,DAYLIGHT,12,MOTOR VEHICLE IN TRANSPORT,BRILEY PKWYE & BRILEY PKWYW,NASHVILLE,TN,37207,20120,MADISO,36.2396,-86.7751,POINT (-86.7751 36.2396)
20190542393,07/20/2019 12:27:00 PM,2,0,0,,N,834798,4,ANGLE,21,CLEAR,1,DAYLIGHT,12,MOTOR VEHICLE IN TRANSPORT,LEALAND LN & GALE LN,NASHVILLE,TN,37204,6933,MIDTOW,36.1168,-86.787,POINT (-86.787 36.1168)
20190295059,04/17/2019 08:44:00 AM,3,1,0,,N,191578,11,Front to Rear,21,CLEAR,1,DAYLIGHT,12,MOTOR VEHICLE IN TRANSPORT,MM 214 4 I 40,NASHVILLE,TN,37210,90061,HERMIT,36.1431,-86.7063,POINT (-86.7063 36.1431)
20190283894,04/13/2019 10:35:00 AM,2,0,0,,N,693102,11,Front to Rear,22,CLOUDY,1,DAYLIGHT,12,MOTOR VEHICLE IN TRANSPORT,MM 52 1 I 24,NASHVILLE,TN,37217,8816,SOUTH,36.1343,-86.7267,POINT (-86.7267 36.1343)
20190147837,02/23/2019 03:26:00 PM,2,1,0,,Y,278580,4,ANGLE,2,RAIN,1,DAYLIGHT,12,MOTOR VEHICLE IN TRANSPORT,CLARKSVILLE PKE & ROSA L PARKS BLVD,NASHVILLE,TN,37228,4483,NORTH,36.1889,-86.8231,POINT (-86.8231 36.1889)
20190438894,06/09/2019 03:00:00 PM,1,1,0,Y,N,306230,0,NOT COLLISION W/MOTOR VEHICLE-TRANSPORT,21,CLEAR,1,DAYLIGHT,1;30,UTILITY POLE,HEIMAN ST & 23RD AVN,NASHVILLE,TN,37208,4481,NORTH,36.1706,-86.8132,POINT (-86.8132 36.1706)
20190187999,03/10/2019 01:30:00 AM,2,0,0,,Y,192378,4,ANGLE,22,CLOUDY,3,DARK - LIGHTED,12,MOTOR VEHICLE IN TRANSPORT,ANTIOCH PKE & RICHARDS RD,ANTIOCH,TN,37013,8899,SOUTH,36.0692,-86.6838,POINT (-86.6838 36.0692)
20190122246,02/14/2019 10:58:00 AM,2,0,0,,Y,716886,5,SIDESWIPE - SAME DIRECTION,21,CLEAR,1,DAYLIGHT,12,MOTOR VEHICLE IN TRANSPORT,MM 55 3 I 24,NASHVILLE,TN,37211,8602,SOUTH,36.0913,-86.7043,POINT (-86.7043 36.0913)
20190275354,04/10/2019 08:00:00 AM,2,0,0,,Y,420035,5,SIDESWIPE - SAME DIRECTION,,,1,DAYLIGHT,12,MOTOR VEHICLE IN TRANSPORT,OLD HICKORY BLVDW & DOUGLAS ST,MADISON,TN,37115,1771,MADISO,36.2633,-86.7146,POINT (-86.7146 36.2633)
20190337894,05/02/2019 12:54:00 PM,2,1,0,,N,191578,4,ANGLE,22,CLOUDY,1,DAYLIGHT,12,MOTOR VEHICLE IN TRANSPORT,ROYAL PKWY & CLARIDGE DR,NASHVILLE,TN,37214,9103,HERMIT,36.1461,-86.6676,POINT (-86.6676 36.1461)
20190192028,03/11/2019 07:36:00 PM,1,2,0,,N,279124,0,NOT COLLISION W/MOTOR VEHICLE-TRANSPORT,21,CLEAR,2,DARK - NOT LIGHTED,16,THROWN OR FALLING OBJECT,MM 63 0 I 24,ANTIOCH,TN,37013,8702,SOUTH,36.0094,-86.6151,POINT (-86.6151 36.0094)
20190566105,07/30/2019 07:50:00 AM,2,0,0,,N,299247,5,SIDESWIPE - SAME DIRECTION,22,CLOUDY,1,DAYLIGHT,12,MOTOR VEHICLE IN TRANSPORT,BRILEY PKWYS & BRILEY PKWY S EXT RAMP,NASHVILLE,TN,37210,9098,HERMIT,36.148,-86.6929,POINT (-86.6929 36.148)
20190401192,05/25/2019 10:09:00 PM,2,0,0,,N,166477,5,SIDESWIPE - SAME DIRECTION,21,CLEAR,3,DARK - LIGHTED,12,MOTOR VEHICLE IN TRANSPORT,MM 58 6 I 24,ANTIOCH,TN,37013,8808,SOUTH,36.0518,-86.67,POINT (-86.67 36.0518)
20190235681,03/26/2019 08:44:00 PM,2,0,0,,Y,279124,9,UNKNOWN,21,CLEAR,3,DARK - LIGHTED,14,PARKED MOTOR VEHICLE,MILL CREEK WHITTEMORE GRNWY & MILL CREEK,ANTIOCH,TN,37013,8757,SOUTH,36.0424,-86.7118,POINT (-86.7118 36.0424)
20190334690,05/01/2019 09:55:00 AM,2,0,0,,Y,352204,11,Front to Rear,22,CLOUDY,1,DAYLIGHT,12,MOTOR VEHICLE IN TRANSPORT,THOMPSON LN & NOLENSVILLE PKE,NASHVILLE,TN,37211,8519,MIDTOW,36.1109,-86.7452,POINT (-86.7452 36.1109)
20190406577,05/28/2019 08:31:00 AM,2,0,0,,N,320601,11,Front to Rear,21,CLEAR,1,DAYLIGHT,12,MOTOR VEHICLE IN TRANSPORT,I24 W ENT RAMP & I 24,NASHVILLE,TN,37206,1009,EAST,36.1666,-86.7638,POINT (-86.7638 36.1666)
20190542074,07/20/2019 08:00:00 AM,2,1,0,,N,226306,5,SIDESWIPE - SAME DIRECTION,21,CLEAR,1,DAYLIGHT,12,MOTOR VEHICLE IN TRANSPORT,HIGHWAY 100 & TEMPLE RD,NASHVILLE,TN,37221,4807,WEST,36.0456,-86.9496,POINT (-86.9496 36.0456)
20190272044,04/09/2019 06:17:00 AM,2,0,0,,N,716886,5,SIDESWIPE - SAME DIRECTION,21,CLEAR,1,DAYLIGHT,12;36,MOTOR VEHICLE IN TRANSPORT;CONCRETE TRAFFIC BARRIER,I440 W ENT RAMP & I 24,NASHVILLE,TN,37217,8801,SOUTH,36.1232,-86.7263,POINT (-86.7263 36.1232)
20190000673,01/01/2019 05:20:00 AM,1,0,0,Y,Y,109534,0,NOT COLLISION W/MOTOR VEHICLE-TRANSPORT,99,UNKNOWN,2,DARK - NOT LIGHTED,18,OTHER OBJECT (NOT FIXED),STARWIND PT & MOON CV,HERMITAGE,TN,37076,9545,HERMIT,36.1591,-86.5871,POINT (-86.5871 36.1591)