Accident Number,Date and Time,Number of Motor Vehicles,Number of Injuries,Number of Fatalities,Property Damage,Hit and Run,Reporting Officer,Collision Type Code,Collision Type Description,Weather Code,Weather Description,Illumination Code,Illumination Description,Harmful Code,Harmful Code Description,Street Address,City,State,ZIP,RPA,Precinct,Latitude,Longitude,Mapped Location
20190564966,07/29/2019 06:00:00 PM,2,0,0,,N,330440,4,ANGLE,21,CLEAR,1,DAYLIGHT,12,MOTOR VEHICLE IN TRANSPORT,HERMAN ST & 21ST AVN,NASHVILLE,TN,37208,5355,NORTH,36.1626,-86.8082,POINT (-86.8082 36.1626)
20190337837,05/02/2019 12:35:00 PM,2,1,0,,Y,716886,4,ANGLE,21,CLEAR,1,DAYLIGHT,12,MOTOR VEHICLE IN TRANSPORT,HAMILTON CHURCH RD & MURFREESBORO PKE,ANTIOCH,TN,37013,8865,SOUTH,36.0645,-86.6288,POINT (-86.6288 36.0645)
20190245209,03/30/2019 12:00:00 AM,1,0,0,Y,N,320598,0,NOT COLLISION W/MOTOR VEHICLE-TRANSPORT,21,CLEAR,3,DARK - LIGHTED,30,UTILITY POLE,OLD HICKORY BLVD & BARRINGTON PLACE DR,BRENTWOOD,TN,37027,8621,MIDTOW,36.0397,-86.7565,POINT (-86.7565 36.0397)
20190034560,01/14/2019 08:00:00 AM,2,0,0,,Y,226622,4,ANGLE,22,CLOUDY,1,DAYLIGHT,12,MOTOR VEHICLE IN TRANSPORT,CHARLOTTE PKE & MIDLAND AV,NASHVILLE,TN,37209,5033,WEST,36.1499,-86.8591,POINT (-86.8591 36.1499)
20190209792,03/18/2019 08:40:00 AM,2,0,0,,N,279122,11,Front to Rear,21,CLEAR,1,DAYLIGHT,12,MOTOR VEHICLE IN TRANSPORT,MM 87 3 I 65,NASHVILLE,TN,37207,1804,EAST,36.2068,-86.7762,POINT (-86.7762 36.2068)
20190466245,06/19/2019 09:38:00 PM,2,0,0,,N,330425,11,Front to Rear,22,CLOUDY,2,DARK - NOT LIGHTED,12,MOTOR VEHICLE IN TRANSPORT,GALLATIN PKES & GALLATIN PKE,MADISON,TN,37115,1517,MADISO,36.2383,-86.724,POINT (-86.724 36.2383)
20190537978,07/18/2019 06:54:00 PM,2,0,0,,N,580819,5,SIDESWIPE - SAME DIRECTION,21,CLEAR,1,DAYLIGHT,12,MOTOR VEHICLE IN TRANSPORT,4TH AVN & BROADWAY,NASHVILLE,TN,37203,4091,CENTRA,36.161,-86.7772,POINT (-86.7772 36.161)
20190159158,02/27/2019 03:00:00 PM,2,0,0,,Y,206675,11,Front to Rear,21,CLEAR,1,DAYLIGHT,12,MOTOR VEHICLE IN TRANSPORT,FRANKLIN PKE & HARDING PL,NASHVILLE,TN,37204,7027,MIDTOW,36.0866,-86.772,POINT (-86.772 36.0866)
20190460083,06/17/2019 04:26:00 PM,2,0,0,,N,320599,11,Front to Rear,22,CLOUDY,1,DAYLIGHT,12,MOTOR VEHICLE IN TRANSPORT,MM 214 4 I 40,NASHVILLE,TN,37210,90061,HERMIT,36.1431,-86.7063,POINT (-86.7063 36.1431)
20190349995,05/07/2019 09:27:00 AM,2,0,0,,N,676834,11,Front to Rear,21,CLEAR,1,DAYLIGHT,12,MOTOR VEHICLE IN TRANSPORT,CHARLOTTE AV & 23RD AVN,NASHVILLE,TN,37209,5339,NORTH,36.1558,-86.8097,POINT (-86.8097 36.1558)
20190306644,04/21/2019 02:08:00 PM,1,0,0,Y,N,429193,0,NOT COLLISION W/MOTOR VEHICLE-TRANSPORT,21,CLEAR,1,DAYLIGHT,34;38;71,DITCH;FENCE;EMBANKMENT EARTH,8041 RIVER ROAD PIKE & LAKEVIEW DR,NASHVILLE,TN,37209,4705,WEST,36.1837,-86.9524,POINT (-86.9524 36.1837)
20190337154,05/02/2019 07:00:00 AM,2,1,0,,N,224953,11,Front to Rear,21,CLEAR,1,DAYLIGHT,12,MOTOR VEHICLE IN TRANSPORT,MM 209 3 I 40,NASHVILLE,TN,37203,40041,CENTRA,36.1537,-86.7878,POINT (-86.7878 36.1537)
20190119856,02/13/2019 04:01:00 PM,3,0,0,,Y,179583,11,Front to Rear,21,CLEAR,1,DAYLIGHT,12,MOTOR VEHICLE IN TRANSPORT,THOMPSON LN & BRILEY PKWYN,NASHVILLE,TN,37211,8423,SOUTH,36.1095,-86.7283,POINT (-86.7283 36.1095)
20190138715,02/20/2019 12:36:00 PM,2,0,0,,N,665896,11,Front to Rear,2,RAIN,1,DAYLIGHT,12,MOTOR VEHICLE IN TRANSPORT,E TRINITY LN & ELLINGTON PKWY N ENT RAMP,NASHVILLE,TN,37207,1853,EAST,36.2046,-86.7493,POINT (-86.7493 36.2046)
20190550437,07/23/2019 07:56:00 PM,2,0,0,,N,256383,11,Front to Rear,21,CLEAR,3,DARK - LIGHTED,12,MOTOR VEHICLE IN TRANSPORT,I24 E EXT RAMP & I 24,NASHVILLE,TN,37207,30080,NORTH,36.2378,-86.7872,POINT (-86.7872 36.2378)
20190344015,05/04/2019 09:11:00 PM,2,0,0,,Y,298871,11,Front to Rear,2,RAIN,3,DARK - LIGHTED,12,MOTOR VEHICLE IN TRANSPORT,19TH AVS & 19TH AVN,NASHVILLE,TN,37203,5707,MIDTOW,36.1517,-86.797,POINT (-86.797 36.1517)
20190250199,04/01/2019 07:07:00 AM,3,0,0,,N,716886,11,Front to Rear,21,CLEAR,1,DAYLIGHT,12,MOTOR VEHICLE IN TRANSPORT,BRILEY PKWYS & DRUMMOND DR,NASHVILLE,TN,37211,88962,SOUTH,36.1112,-86.7129,POINT (-86.7129 36.1112)
20190380882,05/18/2019 03:30:00 PM,1,1,0,,Y,279225,0,NOT COLLISION W/MOTOR VEHICLE-TRANSPORT,21,CLEAR,1,DAYLIGHT,8,PEDESTRIAN,EAST THOMPSON LN & MURFREESBORO PKE,NASHVILLE,TN,37217,8879,SOUTH,36.1267,-86.7111,POINT (-86.7111 36.1267)
20190446093,06/11/2019 10:06:00 PM,2,0,0,,Y,716886,4,ANGLE,21,CLEAR,7,Dark-Unknown Lighting,12,MOTOR VEHICLE IN TRANSPORT,ALLIED DR & KEYSTONE AV,NASHVILLE,TN,37211,8511,MIDTOW,36.096,-86.7426,POINT (-86.7426 36.096)
20190100807,02/06/2019 04:01:00 PM,2,0,0,,N,151132,5,SIDESWIPE - SAME DIRECTION,2,RAIN,1,DAYLIGHT,12,MOTOR VEHICLE IN TRANSPORT,MM 92 6 I 65,MADISON,TN,37115,1704,MADISO,36.2702,-86.7364,POINT (-86.7364 36.2702)
20190496308,07/01/2019 05:58:00 PM,2,0,0,,N,279225,11,Front to Rear,21,CLEAR,1,DAYLIGHT,12,MOTOR VEHICLE IN TRANSPORT,BELL RD & STEWARTS FERRY PKE,NASHVILLE,TN,37214,8959,HERMIT,36.1522,-86.6251,POINT (-86.6251 36.1522)
20190027952,01/11/2019 02:00:00 PM,2,0,0,,Y,876577,11,Front to Rear,22,CLOUDY,1,DAYLIGHT,14,PARKED MOTOR VEHICLE,MT VIEW RD & BELL FORGE LNE,ANTIOCH,TN,37013,8863,SOUTH,36.0471,-86.648,POINT (-86.648 36.0471)
20190388440,05/21/2019 03:19:00 PM,2,0,0,,N,256389,11,Front to Rear,21,CLEAR,1,DAYLIGHT,12,MOTOR VEHICLE IN TRANSPORT,I40 E ENT RAMP & I 40,NASHVILLE,TN,37205,4903,WEST,36.1109,-86.922,POINT (-86.922 36.1109)
20190489829,06/28/2019 10:48:00 PM,1,1,0,,Y,173951,0,NOT COLLISION W/MOTOR VEHICLE-TRANSPORT,21,CLEAR,3,DARK - LIGHTED,8,PEDESTRIAN,GALLATIN PKES & MAPLE ST,MADISON,TN,37115,1607,MADISO,36.2617,-86.7124,POINT (-86.7124 36.2617)
20190086009,02/01/2019 10:00:00 AM,2,0,0,,N,716886,11,Front to Rear,2,RAIN,1,DAYLIGHT,12,MOTOR VEHICLE IN TRANSPORT,BRILEY PKWYN & BRILEY PKWYS,NASHVILLE,TN,37211,8404,SOUTH,36.1092,-86.727,POINT (-86.727 36.1092)
20190338436,05/02/2019 05:00:00 PM,2,0,0,,N,524985,4,ANGLE,21,CLEAR,1,DAYLIGHT,12,MOTOR VEHICLE IN TRANSPORT,CLARKSVILLE PKE & ROSA L PARKS BLVD,NASHVILLE,TN,37228,4483,NORTH,36.1889,-86.8231,POINT (-86.8231 36.1889)
20190155549,02/26/2019 11:40:00 AM,2,1,0,Y,N,226622,11,Front to Rear,21,CLEAR,1,DAYLIGHT,12;30,MOTOR VEHICLE IN TRANSPORT;UTILITY POLE,WHITE BRIDGE PKE & KNOB RD,NASHVILLE,TN,37209,5105,WEST,36.1384,-86.8576,POINT (-86.8576 36.1384)
20190425952,06/04/2019 01:36:00 PM,1,0,0,Y,N,267831,0,NOT COLLISION W/MOTOR VEHICLE-TRANSPORT,22,CLOUDY,1,DAYLIGHT,43,OTHER FIXED OBJECTS,HIGHWAY 70S & HARPETH VALLEY RD,NASHVILLE,TN,37221,4713,WEST,36.0823,-86.9605,POINT (-86.9605 36.0823)
20190324755,04/27/2019 01:09:00 PM,2,1,0,,N,747556,4,ANGLE,21,CLEAR,1,DAYLIGHT,12,MOTOR VEHICLE IN TRANSPORT,MCMURRAY DR & WHITAKER DR,NASHVILLE,TN,37211,8653,MIDTOW,36.0539,-86.7394,POINT (-86.7394 36.0539)
20190510177,07/07/2019 09:23:00 AM,3,0,0,Y,N,332253,4,ANGLE,22,CLOUDY,1,DAYLIGHT,12;24;7,MOTOR VEHICLE IN TRANSPORT;GUARDRAIL FACE,MM 92 6 I 65,MADISON,TN,37115,1704,MADISO,36.2702,-86.7364,POINT (-86.7364 36.2702)
20190217785,03/20/2019 06:13:00 PM,2,0,0,,N,197054,5,SIDESWIPE - SAME DIRECTION,21,CLEAR,1,DAYLIGHT,12,MOTOR VEHICLE IN TRANSPORT,MM 213 0 I 40,NASHVILLE,TN,37210,8219,HERMIT,36.1407,-86.7323,POINT (-86.7323 36.1407)
20190298578,04/18/2019 09:10:00 AM,2,0,0,,N,226136,11,Front to Rear,22,CLOUDY,1,DAYLIGHT,12,MOTOR VEHICLE IN TRANSPORT,TYNE BLVD & GRANNY WHITE PKE,NASHVILLE,TN,37215,6309,MIDTOW,36.0808,-86.8071,POINT (-86.8071 36.0808)
20190531777,07/16/2019 01:50:00 PM,2,0,0,,N,352155,4,ANGLE,21,CLEAR,1,DAYLIGHT,12,MOTOR VEHICLE IN TRANSPORT,BELL RD & HICKORY PARK DR,ANTIOCH,TN,37013,8753,SOUTH,36.0449,-86.6704,POINT (-86.6704 36.0449)
20190544665,07/21/2019 02:16:00 PM,2,0,0,,N,887598,5,SIDESWIPE - SAME DIRECTION,21,CLEAR,1,DAYLIGHT,12,MOTOR VEHICLE IN TRANSPORT,BRILEY PKWYE & BRILEY PKWYW,NASHVILLE,TN,37207,20120,MADISO,36.2396,-86.7751,POINT (-86.7751 36.2396)
20190388006,05/21/2019 01:00:00 PM,2,0,0,,Y,262757,98,OTHER,21,CLEAR,1,DAYLIGHT,14,PARKED MOTOR VEHICLE,DONELSON PKE & ROYAL PKWY,NASHVILLE,TN,37214,9411,HERMIT,36.1472,-86.6664,POINT (-86.6664 36.1472)
20190184084,03/08/2019 10:50:00 AM,2,0,0,,N,420035,4,ANGLE,2,RAIN,1,DAYLIGHT,12,MOTOR VEHICLE IN TRANSPORT,MAPLE ST & GALLATIN PKES,MADISON,TN,37115,1605,MADISO,36.2613,-86.7122,POINT (-86.7122 36.2613)
20190561163,07/28/2019 02:45:00 AM,2,0,0,,Y,298863,11,Front to Rear,21,CLEAR,3,DARK - LIGHTED,12,MOTOR VEHICLE IN TRANSPORT,CHURCH ST & 3RD AVN,NASHVILLE,TN,37201,4137,CENTRA,36.1642,-86.7777,POINT (-86.7777 36.1642)
20190440462,06/09/2019 10:00:00 PM,2,0,0,,Y,591933,5,SIDESWIPE - SAME DIRECTION,21,CLEAR,2,DARK - NOT LIGHTED,12;14,MOTOR VEHICLE IN TRANSPORT;PARKED MOTOR VEHICLE,BRITTANY PARK LN & BRITTANY PARK PL,ANTIOCH,TN,37013,8719,SOUTH,36.0507,-86.6779,POINT (-86.6779 36.0507)
20190492223,06/30/2019 12:20:00 AM,2,0,0,,Y,320583,5,SIDESWIPE - SAME DIRECTION,21,CLEAR,3,DARK - LIGHTED,12,MOTOR VEHICLE IN TRANSPORT,WEST END AV & 33RD AVS,NASHVILLE,TN,37212,5817,MIDTOW,36.1413,-86.8169,POINT (-86.8169 36.1413)
20190549631,07/23/2019 01:53:00 PM,2,0,0,,N,267831,5,SIDESWIPE - SAME DIRECTION,22,CLOUDY,1,DAYLIGHT,12,MOTOR VEHICLE IN TRANSPORT,MM 1 7 I 440,NASHVILLE,TN,37209,5312,NORTH,36.1536,-86.8226,POINT (-86.8226 36.1536)
20190341485,05/03/2019 05:22:00 PM,2,0,0,,Y,206675,5,SIDESWIPE - SAME DIRECTION,21,CLEAR,1,DAYLIGHT,12,MOTOR VEHICLE IN TRANSPORT,MM 5 2 I 440,NASHVILLE,TN,37204,8306,MIDTOW,36.1179,-86.7684,POINT (-86.7684 36.1179)
20190499463,07/02/2019 06:20:00 PM,2,0,0,,N,299241,11,Front to Rear,2,RAIN,1,DAYLIGHT,12,MOTOR VEHICLE IN TRANSPORT,MCGAVOCK PKE & MAPLECREST DR,NASHVILLE,TN,37214,9201,HERMIT,36.1769,-86.6786,POINT (-86.6786 36.1769)
20190508578,07/06/2019 11:20:00 AM,2,0,0,,N,279227,98,OTHER,21,CLEAR,1,DAYLIGHT,12,MOTOR VEHICLE IN TRANSPORT,NOLENSVILLE PKE & MCMURRAY DR,NASHVILLE,TN,37211,8711,SOUTH,36.0611,-86.7166,POINT (-86.7166 36.0611)
20190493979,06/30/2019 08:48:00 PM,1,1,0,,N,887598,0,NOT COLLISION W/MOTOR VEHICLE-TRANSPORT,21,CLEAR,3,DARK - LIGHTED,71,EMBANKMENT EARTH,GREEN LN & TISDALL DR,WHITES CREEK,TN,37189,3223,NORTH,36.2371,-86.8075,POINT (-86.8075 36.2371)
20190149795,02/24/2019 10:16:00 AM,2,1,0,,Y,591933,11,Front to Rear,21,CLEAR,1,DAYLIGHT,12,MOTOR VEHICLE IN TRANSPORT,MM 56 5 I 24,NASHVILLE,TN,37211,8708,SOUTH,36.0756,-86.6938,POINT (-86.6938 36.0756)
20190209577,03/18/2019 06:50:00 AM,2,0,0,,Y,191578,4,ANGLE,21,CLEAR,1,DAYLIGHT,12,MOTOR VEHICLE IN TRANSPORT,FERNBROOK LN & MCGAVOCK PKE,NASHVILLE,TN,37214,9317,HERMIT,36.1859,-86.6762,POINT (-86.6762 36.1859)
20190486810,06/27/2019 07:45:00 PM,2,0,0,,N,887598,5,SIDESWIPE - SAME DIRECTION,2,RAIN,3,DARK - LIGHTED,12,MOTOR VEHICLE IN TRANSPORT,MM 43 6 I 24,NASHVILLE,TN,37207,20101,MADISO,36.2369,-86.7859,POINT (-86.7859 36.2369)
20190022673,01/09/2019 05:16:00 PM,2,0,0,,N,256389,4,ANGLE,21,CLEAR,3,DARK - LIGHTED,12,MOTOR VEHICLE IN TRANSPORT,CHARLOTTE AV & 27TH AVN,NASHVILLE,TN,37209,5341,MIDTOW,36.1543,-86.8168,POINT (-86.8168 36.1543)
20190010175,01/04/2019 05:52:00 PM,2,0,0,,N,320594,4,ANGLE,2,RAIN,3,DARK - LIGHTED,12,MOTOR VEHICLE IN TRANSPORT,SHUTE LN & LEBANON PKE,HERMITAGE,TN,37076,9535,HERMIT,36.2146,-86.6047,POINT (-86.6047 36.2146)
20190471261,06/21/2019 01:34:00 PM,2,1,0,,N,109534,11,Front to Rear,21,CLEAR,1,DAYLIGHT,12,MOTOR VEHICLE IN TRANSPORT,JACKSON DOWNS BLVD & LEBANON PKE,NASHVILLE,TN,37214,9403,HERMIT,36.1853,-86.6365,POINT (-86.6365 36.1853)
20190340396,05/03/2019 10:26:00 AM,2,0,0,,Y,298878,11,Front to Rear,2,RAIN,1,DAYLIGHT,12,MOTOR VEHICLE IN TRANSPORT,3RD AVN & JEFFERSON ST,NASHVILLE,TN,37201,4233,CENTRA,36.175,-86.7847,POINT (-86.7847 36.175)
20190550258,07/23/2019 12:00:00 AM,1,1,0,Y,N,212344,0,NOT COLLISION W/MOTOR VEHICLE-TRANSPORT,21,CLEAR,1,DAYLIGHT,74,Occupant Struck By Own Vehicle,CHICKASAW AV & MONTGOMERY AV,NASHVILLE,TN,37207,1855,EAST,36.2004,-86.7549,POINT (-86.7549 36.2004)
20190096306,02/05/2019 09:10:00 AM,2,0,0,,Y,226092,98,OTHER,21,CLEAR,1,DAYLIGHT,12,MOTOR VEHICLE IN TRANSPORT,EDEN ST & 27TH AVN,NASHVILLE,TN,37208,5307,NORTH,36.1641,-86.8178,POINT (-86.8178 36.1641)
20190486365,06/27/2019 03:57:00 PM,3,0,0,,N,298863,4,ANGLE,21,CLEAR,1,DAYLIGHT,12,MOTOR VEHICLE IN TRANSPORT,HERMITAGE AV & KOREAN VETERANS BLVD,NASHVILLE,TN,37201,4047,CENTRA,36.1583,-86.7719,POINT (-86.7719 36.1583)
20190051782,01/20/2019 12:00:00 AM,2,0,0,,Y,256499,4,ANGLE,99,UNKNOWN,9,UNKNOWN,14,PARKED MOTOR VEHICLE,BURCH AV & 30TH AVN,NASHVILLE,TN,37203,5625,MIDTOW,36.1467,-86.8157,POINT (-86.8157 36.1467)
20190256946,04/03/2019 12:09:00 PM,2,0,0,,N,716886,11,Front to Rear,21,CLEAR,1,DAYLIGHT,12,MOTOR VEHICLE IN TRANSPORT,MURFREESBORO PKE & BELL RD,NASHVILLE,TN,37217,8939,HERMIT,36.0901,-86.6581,POINT (-86.6581 36.0901)
20190512329,07/08/2019 02:18:00 PM,2,0,0,,N,299257,4,ANGLE,21,CLEAR,1,DAYLIGHT,12,MOTOR VEHICLE IN TRANSPORT,MM 209 4 I 40,NASHVILLE,TN,37203,40041,CENTRA,36.1519,-86.7866,POINT (-86.7866 36.1519)
20190351363,05/07/2019 04:40:00 PM,2,0,0,,N,206675,11,Front to Rear,21,CLEAR,1,DAYLIGHT,12,MOTOR VEHICLE IN TRANSPORT,NOLENSVILLE PKE & CONCORD RD,NASHVILLE,TN,37211,8651,MIDTOW,36.0042,-86.6916,POINT (-86.6916 36.0042)
20190075945,01/29/2019 08:36:00 AM,2,0,0,,N,676834,11,Front to Rear,21,CLEAR,1,DAYLIGHT,12,MOTOR VEHICLE IN TRANSPORT,I65 S EXT RAMP & I 65,MADISON,TN,37115,20044,MADISO,36.2481,-86.743,POINT (-86.743 36.2481)
20190155156,02/26/2019 09:00:00 AM,2,1,0,,N,665896,11,Front to Rear,21,CLEAR,1,DAYLIGHT,12,MOTOR VEHICLE IN TRANSPORT,BROADMOOR DR & GALLATIN PKE,NASHVILLE,TN,37216,1839,EAST,36.2291,-86.7252,POINT (-86.7252 36.2291)
20190163513,03/01/2019 12:00:00 AM,1,0,0,Y,Y,330412,9,UNKNOWN,2,RAIN,1,DAYLIGHT,99,UNKNOWN MOST HARMFUL EVENT,MCCRORY CREEK RD & HONEYBROOK DR,NASHVILLE,TN,37214,9413,HERMIT,36.1462,-86.6534,POINT (-86.6534 36.1462)
20190038023,01/15/2019 01:13:00 PM,3,3,0,,Y,109534,5,SIDESWIPE - SAME DIRECTION,22,CLOUDY,1,DAYLIGHT,12;39;99,MOTOR VEHICLE IN TRANSPORT;WALL;UNKNOWN MOST HARMFUL EVENT,BRILEY PKWYE & BRILEY PKWYW,NASHVILLE,TN,37207,20120,MADISO,36.2396,-86.7751,POINT (-86.7751 36.2396)
20190459502,06/17/2019 11:35:00 AM,2,0,0,,N,212369,11,Front to Rear,21,CLEAR,1,DAYLIGHT,12,MOTOR VEHICLE IN TRANSPORT,WEST END AV & ORLEANS DR,NASHVILLE,TN,37212,5819,MIDTOW,36.1388,-86.8197,POINT (-86.8197 36.1388)
20190177420,03/06/2019 08:13:00 AM,2,0,0,,N,676834,5,SIDESWIPE - SAME DIRECTION,21,CLEAR,1,DAYLIGHT,12,MOTOR VEHICLE IN TRANSPORT,CLARKSVILLE PKE & CHAMBLISS RD,JOELTON,TN,37080,3317,NORTH,36.3181,-86.8886,POINT (-86.8886 36.3181)
20190260882,04/04/2019 08:05:00 PM,2,0,0,,Y,256411,11,Front to Rear,22,CLOUDY,3,DARK - LIGHTED,12,MOTOR VEHICLE IN TRANSPORT,DR D B TODD JR BLVD & BUCHANAN ST,NASHVILLE,TN,37208,4413,NORTH,36.1805,-86.8112,POINT (-86.8112 36.1805)
20190040456,01/16/2019 07:52:00 AM,3,2,0,,N,109534,4,ANGLE,21,CLEAR,1,DAYLIGHT,12,MOTOR VEHICLE IN TRANSPORT,I40 W ENT RAMP & I 40,NASHVILLE,TN,37210,9007,HERMIT,36.1484,-86.7454,POINT (-86.7454 36.1484)
20190006445,01/03/2019 11:03:00 AM,2,0,0,,N,226136,11,Front to Rear,22,CLOUDY,1,DAYLIGHT,12,MOTOR VEHICLE IN TRANSPORT,HARDING PL & TWINMONT CT,NASHVILLE,TN,37215,6403,MIDTOW,36.0911,-86.8254,POINT (-86.8254 36.0911)
20190473749,06/22/2019 05:40:00 PM,2,0,0,,N,320597,5,SIDESWIPE - SAME DIRECTION,22,CLOUDY,1,DAYLIGHT,12,MOTOR VEHICLE IN TRANSPORT,ANTIOCH PKE & HARDING PL,NASHVILLE,TN,37211,8847,SOUTH,36.0874,-86.6922,POINT (-86.6922 36.0874)
20190065499,01/25/2019 11:45:00 AM,2,1,0,,N,226622,11,Front to Rear,21,CLEAR,1,DAYLIGHT,12,MOTOR VEHICLE IN TRANSPORT,CHARLOTTE PKE & OLD HICKORY BLVD,NASHVILLE,TN,37209,4701,WEST,36.1177,-86.9218,POINT (-86.9218 36.1177)
20190337636,05/02/2019 10:28:00 AM,2,0,0,,N,226673,5,SIDESWIPE - SAME DIRECTION,22,CLOUDY,1,DAYLIGHT,12,MOTOR VEHICLE IN TRANSPORT,2ND AVS & LINDSLEY AV,NASHVILLE,TN,37210,4005,CENTRA,36.1524,-86.769,POINT (-86.769 36.1524)
20190532324,07/16/2019 06:37:00 PM,2,1,0,,N,352167,5,SIDESWIPE - SAME DIRECTION,21,CLEAR,1,DAYLIGHT,12,MOTOR VEHICLE IN TRANSPORT,2ND AVS & LINDSLEY AV,NASHVILLE,TN,37210,4005,CENTRA,36.1524,-86.769,POINT (-86.769 36.1524)
20190131864,02/18/2019 08:21:00 AM,2,0,0,,Y,191578,5,SIDESWIPE - SAME DIRECTION,22,CLOUDY,1,DAYLIGHT,12,MOTOR VEHICLE IN TRANSPORT,LAFAYETTE ST & UNIVERSITY CT,NASHVILLE,TN,37210,8151,SOUTH,36.1499,-86.7657,POINT (-86.7657 36.1499)
20190577441,08/03/2019 03:29:00 PM,3,1,0,,N,279204,11,Front to Rear,21,CLEAR,1,DAYLIGHT,12,MOTOR VEHICLE IN TRANSPORT,ROSA L PARKS BLVD & MONROE ST,NASHVILLE,TN,37208,4305,NORTH,36.1752,-86.7926,POINT (-86.7926 36.1752)
20190541867,07/20/2019 05:35:00 AM,2,0,0,,Y,330420,5,SIDESWIPE - SAME DIRECTION,21,CLEAR,4,DAWN,12,MOTOR VEHICLE IN TRANSPORT,OLD HICKORY BLVD & 28TH ST,OLD HICKORY,TN,37138,9711,HERMIT,36.2462,-86.6396,POINT (-86.6396 36.2462)
20190208058,03/17/2019 02:00:00 PM,2,0,0,,Y,320581,5,SIDESWIPE - SAME DIRECTION,21,CLEAR,1,DAYLIGHT,12;33;63,MOTOR VEHICLE IN TRANSPORT;CURB;Ran Off Road-Right,MEHARRY BLVD & 27TH AVN,NASHVILLE,TN,37208,4525,NORTH,36.1667,-86.8192,POINT (-86.8192 36.1667)
20190056194,01/22/2019 07:30:00 AM,2,0,0,,Y,591933,11,Front to Rear,21,CLEAR,1,DAYLIGHT,12,MOTOR VEHICLE IN TRANSPORT,MM 59 7 I 24,ANTIOCH,TN,37013,88060,SOUTH,36.0428,-86.6545,POINT (-86.6545 36.0428)
20190319841,04/25/2019 03:49:00 PM,1,1,0,Y,N,279124,0,NOT COLLISION W/MOTOR VEHICLE-TRANSPORT,21,CLEAR,1,DAYLIGHT,1;40;47;63,MAIL BOX;FIRE HYDRANT;Ran Off Road-Right,DOWDY DR & XAVIER DR,ANTIOCH,TN,37013,8899,SOUTH,36.0694,-86.6743,POINT (-86.6743 36.0694)
20190554389,07/25/2019 06:50:00 AM,3,2,0,,N,279227,11,Front to Rear,21,CLEAR,1,DAYLIGHT,12,MOTOR VEHICLE IN TRANSPORT,MM 60 0 I 24,ANTIOCH,TN,37013,88060,SOUTH,36.0403,-86.6502,POINT (-86.6502 36.0403)
20190149745,02/24/2019 10:32:00 AM,1,0,0,,N,330420,0,NOT COLLISION W/MOTOR VEHICLE-TRANSPORT,21,CLEAR,1,DAYLIGHT,24,GUARDRAIL FACE,MM 221 2 I 40,HERMITAGE,TN,37076,95020,HERMIT,36.1701,-86.5944,POINT (-86.5944 36.1701)
20190165149,03/01/2019 07:19:00 PM,2,0,0,,N,320597,11,Front to Rear,21,CLEAR,3,DARK - LIGHTED,12,MOTOR VEHICLE IN TRANSPORT,MURFREESBORO PKE & DONELSON PKE,NASHVILLE,TN,37217,8841,SOUTH,36.1062,-86.6731,POINT (-86.6731 36.1062)
20190045579,01/18/2019 12:54:00 AM,1,1,0,Y,N,161945,0,NOT COLLISION W/MOTOR VEHICLE-TRANSPORT,2,RAIN,2,DARK - NOT LIGHTED,42,TREE,HOLT RD & WINFIELD DR,NASHVILLE,TN,37211,8651,MIDTOW,36.0151,-86.7356,POINT (-86.7356 36.0151)
20190163479,03/01/2019 06:18:00 AM,1,1,0,Y,N,716886,0,NOT COLLISION W/MOTOR VEHICLE-TRANSPORT,2,RAIN,4,DAWN,30,UTILITY POLE,BARNES RD & LUNDSTILL PROPERTY PVTDR,ANTIOCH,TN,37013,8759,SOUTH,36.0313,-86.7005,POINT (-86.7005 36.0313)
20190413343,05/30/2019 03:34:00 PM,2,0,0,,N,320582,6,SIDESWIPE - OPPOSITE DIRECTION,21,CLEAR,1,DAYLIGHT,12,MOTOR VEHICLE IN TRANSPORT,N 9TH ST & CLEVELAND ST,NASHVILLE,TN,37206,1915,EAST,36.1847,-86.7583,POINT (-86.7583 36.1847)
20190022713,01/09/2019 05:22:00 PM,2,0,0,,N,212343,11,Front to Rear,21,CLEAR,3,DARK - LIGHTED,12,MOTOR VEHICLE IN TRANSPORT,MM 209 0 I 40,NASHVILLE,TN,37203,4104,CENTRA,36.1574,-86.7903,POINT (-86.7903 36.1574)
20190135461,02/19/2019 11:00:00 AM,2,0,0,,Y,676834,5,SIDESWIPE - SAME DIRECTION,22,CLOUDY,1,DAYLIGHT,12,MOTOR VEHICLE IN TRANSPORT,MM 207 9 I 40,NASHVILLE,TN,37208,54022,NORTH,36.1693,-86.7972,POINT (-86.7972 36.1693)
20190485275,06/27/2019 07:20:00 AM,2,1,0,,N,716886,11,Front to Rear,21,CLEAR,1,DAYLIGHT,12,MOTOR VEHICLE IN TRANSPORT,ANTIOCH PKE & PERIMETER HILL DR,NASHVILLE,TN,37211,8889,SOUTH,36.0859,-86.6911,POINT (-86.6911 36.0859)
20190524302,07/13/2019 08:00:00 AM,2,4,0,,N,693102,11,Front to Rear,21,CLEAR,1,DAYLIGHT,12;36,MOTOR VEHICLE IN TRANSPORT;CONCRETE TRAFFIC BARRIER,MM 214 4 I 40,NASHVILLE,TN,37210,90061,HERMIT,36.1431,-86.7063,POINT (-86.7063 36.1431)