Accident Number,Date and Time,Number of Motor Vehicles,Number of Injuries,Number of Fatalities,Property Damage,Hit and Run,Reporting Officer,Collision Type Code,Collision Type Description,Weather Code,Weather Description,Illumination Code,Illumination Description,Harmful Code,Harmful Code Description,Street Address,City,State,ZIP,RPA,Precinct,Latitude,Longitude,Mapped Location
20190431783,06/06/2019 02:37:00 PM,3,0,0,,N,169425,11,Front to Rear,21,CLEAR,1,DAYLIGHT,12,MOTOR VEHICLE IN TRANSPORT,ACKLEN PARK DR & WEST END AV EXT RAMP,NASHVILLE,TN,37203,5629,MIDTOW,36.143,-86.8225,POINT (-86.8225 36.143)
20190100026,02/06/2019 11:36:00 AM,2,0,0,,N,620072,5,SIDESWIPE - SAME DIRECTION,2,RAIN,1,DAYLIGHT,12,MOTOR VEHICLE IN TRANSPORT,I440 W ENT RAMP & I 440,NASHVILLE,TN,37210,81021,SOUTH,36.1259,-86.7322,POINT (-86.7322 36.1259)
20190394014,05/23/2019 10:29:00 AM,2,0,0,,N,109534,5,SIDESWIPE - SAME DIRECTION,21,CLEAR,1,DAYLIGHT,12,MOTOR VEHICLE IN TRANSPORT,BRILEY PKWY & GLASTONBURY RD,NASHVILLE,TN,37217,88943,HERMIT,36.1372,-86.6997,POINT (-86.6997 36.1372)
20190200437,03/14/2019 01:59:00 PM,1,0,0,,N,109534,0,NOT COLLISION W/MOTOR VEHICLE-TRANSPORT,22,CLOUDY,1,DAYLIGHT,25;34,GUARDRAIL END;DITCH,I40 E EXT RAMP & I 40,NASHVILLE,TN,37214,8955,HERMIT,36.155,-86.6271,POINT (-86.6271 36.155)
20190420005,06/02/2019 05:43:00 AM,1,0,0,Y,N,330433,0,NOT COLLISION W/MOTOR VEHICLE-TRANSPORT,22,CLOUDY,4,DAWN,30;50;64,UTILITY POLE;DEER (ANIMAL);Ran Off Road-Left,CROCKER SPRINGS RD & CLAY LICK RD,WHITES CREEK,TN,37189,2211,NORTH,36.31,-86.811,POINT (-86.811 36.31)
20190254589,04/02/2019 05:21:00 PM,2,0,0,,N,256383,5,SIDESWIPE - SAME DIRECTION,21,CLEAR,1,DAYLIGHT,12,MOTOR VEHICLE IN TRANSPORT,MM 7 3 I 440,NASHVILLE,TN,37210,83043,SOUTH,36.1255,-86.732,POINT (-86.732 36.1255)
20190070077,01/27/2019 05:39:00 AM,1,0,0,Y,Y,311325,0,NOT COLLISION W/MOTOR VEHICLE-TRANSPORT,21,CLEAR,3,DARK - LIGHTED,19,BUILDING,CAVE RD & SPENCE LN,NASHVILLE,TN,37210,9035,HERMIT,36.162,-86.7211,POINT (-86.7211 36.162)
20190350360,05/07/2019 11:45:00 AM,2,0,0,,N,109534,11,Front to Rear,21,CLEAR,1,DAYLIGHT,12,MOTOR VEHICLE IN TRANSPORT,DODSON CHAPEL RD & CENTRAL PKE,HERMITAGE,TN,37076,9503,HERMIT,36.1747,-86.6143,POINT (-86.6143 36.1747)
20190567115,07/30/2019 03:55:00 PM,2,0,0,,N,330440,4,ANGLE,21,CLEAR,1,DAYLIGHT,12,MOTOR VEHICLE IN TRANSPORT,DOWLAN ST & 25TH AVN,NASHVILLE,TN,37208,4487,NORTH,36.1883,-86.8168,POINT (-86.8168 36.1883)
20190378002,05/17/2019 11:30:00 AM,2,1,0,,N,352170,11,Front to Rear,21,CLEAR,1,DAYLIGHT,12,MOTOR VEHICLE IN TRANSPORT,BUCHANAN ST & 10TH AVN,NASHVILLE,TN,37208,4451,NORTH,36.1804,-86.803,POINT (-86.803 36.1804)
20190493248,06/30/2019 12:25:00 PM,2,0,0,,Y,225886,6,SIDESWIPE - OPPOSITE DIRECTION,22,CLOUDY,1,DAYLIGHT,12,MOTOR VEHICLE IN TRANSPORT,OLD HICKORY BLVD & PRINCETON PL,HERMITAGE,TN,37076,9529,HERMIT,36.1727,-86.6019,POINT (-86.6019 36.1727)
20190564477,07/29/2019 02:52:00 PM,2,1,0,,N,134899,4,ANGLE,21,CLEAR,1,DAYLIGHT,12,MOTOR VEHICLE IN TRANSPORT,STEWARTS FERRY PKE & LEBANON PKE,NASHVILLE,TN,37214,9401,HERMIT,36.1684,-86.6569,POINT (-86.6569 36.1684)
20190143093,02/21/2019 08:45:00 PM,2,0,0,,N,320580,11,Front to Rear,2,RAIN,3,DARK - LIGHTED,12,MOTOR VEHICLE IN TRANSPORT,MM 211 8 I 40,NASHVILLE,TN,37210,90022,HERMIT,36.149,-86.7465,POINT (-86.7465 36.149)
20190542156,07/20/2019 09:38:00 AM,1,0,0,Y,N,306231,0,NOT COLLISION W/MOTOR VEHICLE-TRANSPORT,21,CLEAR,1,DAYLIGHT,24,GUARDRAIL FACE,MM 32 4 I 24,JOELTON,TN,37080,23040,NORTH,36.3358,-86.9093,POINT (-86.9093 36.3358)
20190356369,05/09/2019 01:06:00 PM,2,0,0,,N,620072,11,Front to Rear,2,RAIN,1,DAYLIGHT,12,MOTOR VEHICLE IN TRANSPORT,I440 E EXT RAMP & I 440,NASHVILLE,TN,37205,5249,WEST,36.1366,-86.8221,POINT (-86.8221 36.1366)
20190488746,06/28/2019 12:40:00 PM,2,1,0,,N,352173,11,Front to Rear,21,CLEAR,1,DAYLIGHT,12,MOTOR VEHICLE IN TRANSPORT,SHUTE LN & OLD HICKORY BLVD,OLD HICKORY,TN,37138,9713,HERMIT,36.2323,-86.6247,POINT (-86.6247 36.2323)
20190329392,04/29/2019 03:28:00 PM,2,0,0,,N,299241,11,Front to Rear,21,CLEAR,1,DAYLIGHT,12,MOTOR VEHICLE IN TRANSPORT,MM 212 0 I 40,NASHVILLE,TN,37210,90041,HERMIT,36.147,-86.7433,POINT (-86.7433 36.147)
20190417423,06/01/2019 12:00:00 AM,1,0,0,,N,320591,0,NOT COLLISION W/MOTOR VEHICLE-TRANSPORT,21,CLEAR,2,DARK - NOT LIGHTED,50,DEER (ANIMAL),PRESTON RD & OLD FRANKLIN RD,ANTIOCH,TN,37013,8753,SOUTH,36.0335,-86.6612,POINT (-86.6612 36.0335)
20190342960,05/04/2019 10:08:00 AM,2,0,0,,N,591933,4,ANGLE,22,CLOUDY,1,DAYLIGHT,12,MOTOR VEHICLE IN TRANSPORT,NOLENSVILLE PKE & WELSHWOOD DR,NASHVILLE,TN,37211,8501,MIDTOW,36.0826,-86.7273,POINT (-86.7273 36.0826)
20190375578,05/16/2019 03:11:00 PM,2,0,0,,N,197070,4,ANGLE,21,CLEAR,1,DAYLIGHT,14,PARKED MOTOR VEHICLE,PEARL ST & DR D B TODD JR BLVD,NASHVILLE,TN,37203,5401,NORTH,36.1828,-86.8123,POINT (-86.8123 36.1828)
20190028457,01/11/2019 05:30:00 PM,2,1,0,,Y,330445,11,Front to Rear,21,CLEAR,3,DARK - LIGHTED,12,MOTOR VEHICLE IN TRANSPORT,JAMES ROBERTSON PKWY & INTERSTATE DR,NASHVILLE,TN,37213,1105,CENTRA,36.1714,-86.769,POINT (-86.769 36.1714)
20190318854,04/25/2019 08:30:00 AM,2,0,0,,N,226622,11,Front to Rear,22,CLOUDY,1,DAYLIGHT,12,MOTOR VEHICLE IN TRANSPORT,CHARLOTTE AV & 42ND AVN,NASHVILLE,TN,37209,5217,WEST,36.1524,-86.8366,POINT (-86.8366 36.1524)
20190476793,06/24/2019 08:30:00 AM,2,1,0,,N,235761,98,OTHER,2,RAIN,1,DAYLIGHT,12,MOTOR VEHICLE IN TRANSPORT,MM 205 1 I 40,NASHVILLE,TN,37209,45020,WEST,36.1541,-86.8373,POINT (-86.8373 36.1541)
20190102568,02/07/2019 08:47:00 AM,2,0,0,,N,676834,4,ANGLE,21,CLEAR,1,DAYLIGHT,12,MOTOR VEHICLE IN TRANSPORT,12TH AVN & CLINTON ST,NASHVILLE,TN,37203,5423,NORTH,36.1652,-86.795,POINT (-86.795 36.1652)
20190447041,06/12/2019 02:40:00 PM,2,0,0,,N,716886,11,Front to Rear,21,CLEAR,1,DAYLIGHT,12,MOTOR VEHICLE IN TRANSPORT,HARDING PL & WHISPERING OAKS PL,NASHVILLE,TN,37211,8419,SOUTH,36.0817,-86.7137,POINT (-86.7137 36.0817)
20190014070,01/06/2019 01:00:00 PM,2,0,0,,N,299244,5,SIDESWIPE - SAME DIRECTION,21,CLEAR,1,DAYLIGHT,12,MOTOR VEHICLE IN TRANSPORT,2ND AVS & ASH ST,NASHVILLE,TN,37210,4029,CENTRA,36.1533,-86.7696,POINT (-86.7696 36.1533)
20190480801,06/25/2019 06:00:00 PM,1,1,0,,N,433550,9,UNKNOWN,21,CLEAR,1,DAYLIGHT,99,UNKNOWN MOST HARMFUL EVENT,CENTRAL PKE & HERMITAGE INDUSTRIAL DR,HERMITAGE,TN,37076,9503,HERMIT,36.184,-86.6246,POINT (-86.6246 36.184)
20190199518,03/14/2019 07:26:00 AM,2,1,0,,N,405391,4,ANGLE,21,CLEAR,1,DAYLIGHT,12,MOTOR VEHICLE IN TRANSPORT,CHARLOTTE PKE PVTDR & RIVER RD,NASHVILLE,TN,37209,4701,WEST,36.1286,-86.9068,POINT (-86.9068 36.1286)
20190567606,07/30/2019 06:00:00 PM,3,0,0,,N,109519,11,Front to Rear,2,RAIN,1,DAYLIGHT,12,MOTOR VEHICLE IN TRANSPORT,HARDING PL & TROUSDALE DR,NASHVILLE,TN,37220,8601,MIDTOW,36.0811,-86.7584,POINT (-86.7584 36.0811)
20190547197,07/22/2019 12:00:00 AM,3,0,0,,N,279200,11,Front to Rear,2,RAIN,1,DAYLIGHT,12,MOTOR VEHICLE IN TRANSPORT,MM 209 1 I 40,NASHVILLE,TN,37203,4002,CENTRA,36.1558,-86.7892,POINT (-86.7892 36.1558)
20190379478,05/17/2019 08:25:00 PM,2,0,0,,N,240964,5,SIDESWIPE - SAME DIRECTION,21,CLEAR,3,DARK - LIGHTED,12,MOTOR VEHICLE IN TRANSPORT,OLD HICKORY BLVD & CENTRAL PKE,HERMITAGE,TN,37076,9529,HERMIT,36.1736,-86.6021,POINT (-86.6021 36.1736)
20190449428,06/13/2019 10:35:00 AM,2,0,0,,Y,665896,5,SIDESWIPE - SAME DIRECTION,21,CLEAR,1,DAYLIGHT,12;14,MOTOR VEHICLE IN TRANSPORT;PARKED MOTOR VEHICLE,SHELBY AV & S 14TH ST,NASHVILLE,TN,37206,1035,EAST,36.1708,-86.7468,POINT (-86.7468 36.1708)
20190352767,05/08/2019 07:06:00 AM,2,1,0,,N,191578,11,Front to Rear,21,CLEAR,1,DAYLIGHT,12,MOTOR VEHICLE IN TRANSPORT,SPENCE LN & I40 W EXT RAMP,NASHVILLE,TN,37210,90062,HERMIT,36.1405,-86.7223,POINT (-86.7223 36.1405)
20190355322,05/09/2019 03:58:00 AM,1,1,0,,N,468098,0,NOT COLLISION W/MOTOR VEHICLE-TRANSPORT,21,CLEAR,3,DARK - LIGHTED,1;36,CONCRETE TRAFFIC BARRIER,MM 55 3 I 24,NASHVILLE,TN,37211,8602,SOUTH,36.0913,-86.7043,POINT (-86.7043 36.0913)
20190030873,01/12/2019 06:42:00 PM,2,0,0,,Y,256424,4,ANGLE,2,RAIN,3,DARK - LIGHTED,12,MOTOR VEHICLE IN TRANSPORT,MURFREESBORO PKE & FAIRCLOTH LN,NASHVILLE,TN,37217,8947,HERMIT,36.1032,-86.6665,POINT (-86.6665 36.1032)
20190004458,01/02/2019 05:30:00 PM,3,1,0,,N,240959,4,ANGLE,2,RAIN,3,DARK - LIGHTED,12,MOTOR VEHICLE IN TRANSPORT,GALLATIN PKE & DELMAS AV,NASHVILLE,TN,37216,1401,EAST,36.1992,-86.7409,POINT (-86.7409 36.1992)
20190491505,06/29/2019 04:49:00 PM,2,0,0,,N,420040,11,Front to Rear,21,CLEAR,1,DAYLIGHT,12,MOTOR VEHICLE IN TRANSPORT,DIVISION ST & MUSIC SQW,NASHVILLE,TN,37203,6733,MIDTOW,36.152,-86.7929,POINT (-86.7929 36.152)
20190524764,07/13/2019 12:49:00 PM,2,0,0,,Y,110063,11,Front to Rear,21,CLEAR,1,DAYLIGHT,12,MOTOR VEHICLE IN TRANSPORT,CLARKSVILLE PKE & OLD CLARKSVILLE PKE,JOELTON,TN,37080,3317,NORTH,36.3191,-86.8922,POINT (-86.8922 36.3191)
20190483440,06/26/2019 03:45:00 PM,2,0,0,,N,352167,11,Front to Rear,2,RAIN,1,DAYLIGHT,12,MOTOR VEHICLE IN TRANSPORT,HERMITAGE AV & ANTHES DR,NASHVILLE,TN,37210,4029,CENTRA,36.1551,-86.7642,POINT (-86.7642 36.1551)
20190240360,03/28/2019 09:30:00 AM,2,0,0,,Y,676834,3,REAR-TO-REAR,21,CLEAR,1,DAYLIGHT,12;14,MOTOR VEHICLE IN TRANSPORT;PARKED MOTOR VEHICLE,400 CALVIN AV,NASHVILLE,TN,37206,1213,EAST,36.1816,-86.7491,POINT (-86.7491 36.1816)
20190265442,04/06/2019 03:15:00 PM,2,1,0,,N,212346,4,ANGLE,21,CLEAR,1,DAYLIGHT,12,MOTOR VEHICLE IN TRANSPORT,MM 48 6 I 24,NASHVILLE,TN,37206,1102,EAST,36.171,-86.7676,POINT (-86.7676 36.171)
20190416581,05/31/2019 03:57:00 PM,2,1,0,,N,320582,11,Front to Rear,21,CLEAR,1,DAYLIGHT,12,MOTOR VEHICLE IN TRANSPORT,N 1ST ST & SPRING ST,NASHVILLE,TN,37207,1955,CENTRA,36.1769,-86.7746,POINT (-86.7746 36.1769)
20190247082,03/30/2019 08:58:00 PM,2,0,0,,N,197060,11,Front to Rear,2,RAIN,3,DARK - LIGHTED,12,MOTOR VEHICLE IN TRANSPORT,1800 GALLATIN PKEN,MADISON,TN,37115,1731,MADISO,36.2969,-86.6992,POINT (-86.6992 36.2969)
20190461951,06/18/2019 10:38:00 AM,1,0,0,,N,405404,0,NOT COLLISION W/MOTOR VEHICLE-TRANSPORT,21,CLEAR,1,DAYLIGHT,41;42,SHRUBBERY;TREE,I40 E EXT RAMP & I 40,NASHVILLE,TN,37214,8955,HERMIT,36.155,-86.6271,POINT (-86.6271 36.155)
20190473131,06/22/2019 12:00:00 AM,4,1,0,,Y,278580,11,Front to Rear,2,RAIN,1,DAYLIGHT,12,MOTOR VEHICLE IN TRANSPORT,MM 34 5 I 24,JOELTON,TN,37080,33160,NORTH,36.3249,-86.8751,POINT (-86.8751 36.3249)
20190049681,01/19/2019 04:15:00 PM,2,0,0,,Y,330412,11,Front to Rear,2,RAIN,1,DAYLIGHT,12,MOTOR VEHICLE IN TRANSPORT,LELLYETT ST & OBRIEN AV,NASHVILLE,TN,37209,5031,WEST,36.1499,-86.8653,POINT (-86.8653 36.1499)
20190341124,05/03/2019 04:24:00 PM,2,0,0,,N,299267,11,Front to Rear,21,CLEAR,1,DAYLIGHT,12,MOTOR VEHICLE IN TRANSPORT,OLD HICKORY BLVD & ENCLAVE CIR,NASHVILLE,TN,37211,8651,MIDTOW,36.0436,-86.726,POINT (-86.726 36.0436)
20190523203,07/12/2019 07:25:00 PM,2,0,0,,Y,299253,5,SIDESWIPE - SAME DIRECTION,21,CLEAR,1,DAYLIGHT,12,MOTOR VEHICLE IN TRANSPORT,MM 86 5 I 65,NASHVILLE,TN,37207,3006,NORTH,36.1946,-86.7762,POINT (-86.7762 36.1946)
20190068501,01/26/2019 12:51:00 PM,2,3,0,,N,262766,4,ANGLE,21,CLEAR,1,DAYLIGHT,12,MOTOR VEHICLE IN TRANSPORT,OLD HICKORY BLVD & I40 W EXT RAMP,HERMITAGE,TN,37076,9557,HERMIT,36.1708,-86.6016,POINT (-86.6016 36.1708)
20190388940,05/21/2019 06:47:00 PM,3,0,0,,Y,240979,5,SIDESWIPE - SAME DIRECTION,21,CLEAR,1,DAYLIGHT,12,MOTOR VEHICLE IN TRANSPORT,MM 91 8 I 65,MADISON,TN,37115,17280,MADISO,36.2589,-86.7382,POINT (-86.7382 36.2589)
20190555251,07/25/2019 02:20:00 PM,2,0,0,,Y,690942,4,ANGLE,21,CLEAR,1,DAYLIGHT,12;99,MOTOR VEHICLE IN TRANSPORT;UNKNOWN MOST HARMFUL EVENT,12TH AVS & BROADWAY,NASHVILLE,TN,37203,4081,CENTRA,36.1563,-86.7873,POINT (-86.7873 36.1563)
20190296384,04/17/2019 05:04:00 PM,2,0,0,,N,279196,11,Front to Rear,21,CLEAR,1,DAYLIGHT,12,MOTOR VEHICLE IN TRANSPORT,MM 93 2 I 65,MADISON,TN,37115,17062,MADISO,36.2787,-86.7343,POINT (-86.7343 36.2787)
20190357992,05/10/2019 02:25:00 AM,1,1,0,,N,608786,0,NOT COLLISION W/MOTOR VEHICLE-TRANSPORT,21,CLEAR,3,DARK - LIGHTED,1,,BRILEY PKWY W EXT RAMP & GALLATIN PKES,MADISON,TN,37115,1517,MADISO,36.2367,-86.7245,POINT (-86.7245 36.2367)
20190348715,05/06/2019 10:50:00 PM,2,0,0,,N,299274,11,Front to Rear,21,CLEAR,3,DARK - LIGHTED,12,MOTOR VEHICLE IN TRANSPORT,ELM HILL PKE & EMERY DR,NASHVILLE,TN,37214,9103,HERMIT,36.1517,-86.677,POINT (-86.677 36.1517)
20190540337,07/19/2019 03:41:00 PM,2,0,0,,N,887592,4,ANGLE,21,CLEAR,1,DAYLIGHT,12,MOTOR VEHICLE IN TRANSPORT,ABBOTT MARTIN RD & BANDYWOOD DR,NASHVILLE,TN,37215,6111,WEST,36.1061,-86.816,POINT (-86.816 36.1061)
20190364818,05/13/2019 02:35:00 AM,1,0,0,Y,N,320591,0,NOT COLLISION W/MOTOR VEHICLE-TRANSPORT,21,CLEAR,3,DARK - LIGHTED,40,MAIL BOX,FORRESTAL WAY & SEASONS DR,ANTIOCH,TN,37013,8925,SOUTH,36.0706,-86.5989,POINT (-86.5989 36.0706)
20190208296,03/17/2019 06:10:00 PM,2,1,0,,N,330413,11,Front to Rear,21,CLEAR,1,DAYLIGHT,12,MOTOR VEHICLE IN TRANSPORT,WEDGEWOOD AV & ACKLEN AV,NASHVILLE,TN,37203,6905,MIDTOW,36.1343,-86.781,POINT (-86.781 36.1343)
20190064095,01/24/2019 11:32:00 PM,2,0,0,,Y,879558,4,ANGLE,21,CLEAR,3,DARK - LIGHTED,12,MOTOR VEHICLE IN TRANSPORT,GLASTONBURY RD & SOUTHWOOD PARK PL,NASHVILLE,TN,37217,8825,HERMIT,36.1351,-86.7018,POINT (-86.7018 36.1351)
20190432646,06/06/2019 08:34:00 PM,2,0,0,,N,352167,4,ANGLE,2,RAIN,3,DARK - LIGHTED,12,MOTOR VEHICLE IN TRANSPORT,N 1ST ST & MAIN ST,NASHVILLE,TN,37213,1133,CENTRA,36.1701,-86.7728,POINT (-86.7728 36.1701)
20190121927,02/14/2019 08:45:00 AM,2,0,0,,N,109534,11,Front to Rear,22,CLOUDY,1,DAYLIGHT,12,MOTOR VEHICLE IN TRANSPORT,LEBANON PKE & OMOHUNDRO PL,NASHVILLE,TN,37210,9011,HERMIT,36.1545,-86.7398,POINT (-86.7398 36.1545)
20190050405,01/19/2019 11:10:00 PM,1,0,0,Y,N,179603,0,NOT COLLISION W/MOTOR VEHICLE-TRANSPORT,4,SNOW,3,DARK - LIGHTED,34;38;42,DITCH;FENCE;TREE,800 NEELYS BEND RD,MADISON,TN,37115,1631,MADISO,36.2524,-86.6949,POINT (-86.6949 36.2524)
20190103461,02/07/2019 03:30:00 PM,2,1,0,,N,402659,11,Front to Rear,22,CLOUDY,1,DAYLIGHT,12,MOTOR VEHICLE IN TRANSPORT,MM 3 0 I 440,NASHVILLE,TN,37215,6424,MIDTOW,36.1201,-86.8026,POINT (-86.8026 36.1201)
20190084026,01/31/2019 04:38:00 PM,2,0,0,,N,298877,4,ANGLE,21,CLEAR,1,DAYLIGHT,12,MOTOR VEHICLE IN TRANSPORT,WELCH RD & TRAVIS DR,NASHVILLE,TN,37211,8445,SOUTH,36.0832,-86.7246,POINT (-86.7246 36.0832)
20190258283,04/03/2019 11:17:00 PM,1,1,0,,N,256377,0,NOT COLLISION W/MOTOR VEHICLE-TRANSPORT,21,CLEAR,3,DARK - LIGHTED,9,,LAFAYETTE ST & LEWIS ST,NASHVILLE,TN,37210,8209,HERMIT,36.1739,-86.7887,POINT (-86.7887 36.1739)
20190011109,01/05/2019 02:35:00 AM,2,2,0,,N,110062,4,ANGLE,21,CLEAR,3,DARK - LIGHTED,12,MOTOR VEHICLE IN TRANSPORT,INTERSTATE DR & WOODLAND ST,NASHVILLE,TN,37213,1105,CENTRA,36.1705,-86.7684,POINT (-86.7684 36.1705)
20190168057,03/02/2019 06:42:00 AM,1,0,0,Y,Y,320584,0,NOT COLLISION W/MOTOR VEHICLE-TRANSPORT,99,UNKNOWN,3,DARK - LIGHTED,18,OTHER OBJECT (NOT FIXED),BELL RD & CANE RIDGE RD,ANTIOCH,TN,37013,8753,SOUTH,36.0449,-86.6631,POINT (-86.6631 36.0449)
20190217593,03/20/2019 04:28:00 PM,2,1,0,,N,256380,4,ANGLE,21,CLEAR,1,DAYLIGHT,12,MOTOR VEHICLE IN TRANSPORT,NORTHSIDE STATION PVTDR & CLARKSVILLE PK,NASHVILLE,TN,37218,3141,NORTH,36.211,-86.8389,POINT (-86.8389 36.211)
20190526825,07/14/2019 02:52:00 PM,1,1,0,,N,197054,0,NOT COLLISION W/MOTOR VEHICLE-TRANSPORT,22,CLOUDY,1,DAYLIGHT,7,,LEBANON PKE & ANDREW JACKSON PKWY,HERMITAGE,TN,37076,9537,HERMIT,36.2151,-86.5962,POINT (-86.5962 36.2151)
20190540619,07/19/2019 06:55:00 PM,2,0,0,,N,330417,11,Front to Rear,21,CLEAR,1,DAYLIGHT,12,MOTOR VEHICLE IN TRANSPORT,MM 93 5 I 65,MADISON,TN,37115,17062,MADISO,36.2824,-86.7316,POINT (-86.7316 36.2824)
20190421492,06/02/2019 10:35:00 PM,2,2,0,,N,146772,11,Front to Rear,21,CLEAR,2,DARK - NOT LIGHTED,12,MOTOR VEHICLE IN TRANSPORT,MM 41 0 I 24,WHITES CREEK,TN,37189,3226,NORTH,36.2715,-86.7951,POINT (-86.7951 36.2715)
20190560290,07/27/2019 05:30:00 PM,3,1,0,,N,311344,4,ANGLE,21,CLEAR,1,DAYLIGHT,12,MOTOR VEHICLE IN TRANSPORT,DUPONT AV & GALLATIN PKEN,MADISON,TN,37115,1701,MADISO,36.2669,-86.7109,POINT (-86.7109 36.2669)
20190286096,04/14/2019 10:22:00 AM,2,0,0,,N,439917,2,HEAD-ON,21,CLEAR,1,DAYLIGHT,12,MOTOR VEHICLE IN TRANSPORT,28TH AVN & CLIFTON AV,NASHVILLE,TN,37209,5345,NORTH,36.1585,-86.8186,POINT (-86.8186 36.1585)
20190117404,02/12/2019 10:09:00 PM,2,0,0,,Y,419972,5,SIDESWIPE - SAME DIRECTION,21,CLEAR,2,DARK - NOT LIGHTED,12,MOTOR VEHICLE IN TRANSPORT,3RD AVN & JAMES ROBERTSON PKWY,NASHVILLE,TN,37201,4201,CENTRA,36.1674,-86.7797,POINT (-86.7797 36.1674)
20190149952,02/24/2019 01:00:00 PM,1,1,0,,Y,343522,0,NOT COLLISION W/MOTOR VEHICLE-TRANSPORT,21,CLEAR,1,DAYLIGHT,15,OTHER TYPE NON-MOTORIST,OLD HARDING PKE & E COLONY DR,NASHVILLE,TN,37221,4819,WEST,36.0526,-86.9521,POINT (-86.9521 36.0526)
20190572861,08/01/2019 04:30:00 PM,2,0,0,,N,240968,4,ANGLE,21,CLEAR,1,DAYLIGHT,14,PARKED MOTOR VEHICLE,MOSSDALE DR & CLEARWATER DR,NASHVILLE,TN,37217,8963,HERMIT,36.0795,-86.624,POINT (-86.624 36.0795)
20190148801,02/24/2019 12:10:00 AM,2,2,0,,N,330422,4,ANGLE,22,CLOUDY,3,DARK - LIGHTED,12,MOTOR VEHICLE IN TRANSPORT,MELROSE AV & I440 E ENT RAMP,NASHVILLE,TN,37211,8343,MIDTOW,36.1205,-86.7501,POINT (-86.7501 36.1205)
20190379558,05/17/2019 11:36:00 PM,1,1,0,Y,N,284059,0,NOT COLLISION W/MOTOR VEHICLE-TRANSPORT,21,CLEAR,2,DARK - NOT LIGHTED,34;40;63,DITCH;MAIL BOX;Ran Off Road-Right,WHITES CREEK PKE & JACKMAN RD,JOELTON,TN,37080,2311,NORTH,36.3575,-86.8826,POINT (-86.8826 36.3575)
20190419573,06/02/2019 12:00:00 AM,4,0,0,,Y,320602,4,ANGLE,21,CLEAR,3,DARK - LIGHTED,12;13,MOTOR VEHICLE IN TRANSPORT;MOTOR VEHICLE IN TRANSPORT-OTHER ROADWAY,OLD LEBANON DIRT RD & TULIP GROVE RD,HERMITAGE,TN,37076,9559,HERMIT,36.1891,-86.5936,POINT (-86.5936 36.1891)
20190568556,07/31/2019 05:50:00 AM,2,0,0,,N,299269,11,Front to Rear,21,CLEAR,4,DAWN,12,MOTOR VEHICLE IN TRANSPORT,MM 88 1 I 65,NASHVILLE,TN,37207,18041,EAST,36.2169,-86.775,POINT (-86.775 36.2169)
20190483738,06/26/2019 05:29:00 PM,2,0,0,,N,256383,11,Front to Rear,22,CLOUDY,1,DAYLIGHT,12,MOTOR VEHICLE IN TRANSPORT,BELL RD & CANE RIDGE RD,ANTIOCH,TN,37013,8753,SOUTH,36.0449,-86.6631,POINT (-86.6631 36.0449)
20190395105,05/23/2019 05:47:00 PM,1,1,0,,N,298877,0,NOT COLLISION W/MOTOR VEHICLE-TRANSPORT,21,CLEAR,1,DAYLIGHT,8,PEDESTRIAN,NOLENSVILLE PKE & WELSHWOOD DR,NASHVILLE,TN,37211,8501,MIDTOW,36.0826,-86.7273,POINT (-86.7273 36.0826)
20190191225,03/11/2019 01:20:00 PM,2,1,0,,N,224955,4,ANGLE,22,CLOUDY,1,DAYLIGHT,12,MOTOR VEHICLE IN TRANSPORT,DICKERSON PKE & BRILEY PKWY E EXT RAMP,NASHVILLE,TN,37207,2029,MADISO,36.2407,-86.7574,POINT (-86.7574 36.2407)
20190541444,07/20/2019 12:00:00 AM,1,1,0,,Y,240944,0,NOT COLLISION W/MOTOR VEHICLE-TRANSPORT,21,CLEAR,3,DARK - LIGHTED,71,EMBANKMENT EARTH,FRANKLIN LIMESTONE RD & FRANKLIN LIMESTO,NASHVILLE,TN,37217,8853,SOUTH,36.0876,-86.6629,POINT (-86.6629 36.0876)
20190309559,04/22/2019 03:44:00 PM,2,0,0,,N,161946,5,SIDESWIPE - SAME DIRECTION,21,CLEAR,1,DAYLIGHT,12,MOTOR VEHICLE IN TRANSPORT,W TRINITY LN & I65 N ENT RAMP,NASHVILLE,TN,37207,1863,EAST,36.2063,-86.7735,POINT (-86.7735 36.2063)
20190465349,06/19/2019 03:03:00 PM,2,1,0,,N,320581,2,HEAD-ON,21,CLEAR,1,DAYLIGHT,12,MOTOR VEHICLE IN TRANSPORT,9TH AVN & JEFFERSON ST,NASHVILLE,TN,37208,4239,NORTH,36.173,-86.7924,POINT (-86.7924 36.173)
20190527554,07/14/2019 10:05:00 PM,2,1,0,,N,320598,11,Front to Rear,21,CLEAR,3,DARK - LIGHTED,12,MOTOR VEHICLE IN TRANSPORT,NOLENSVILLE PKE & HARDING PL,NASHVILLE,TN,37211,8445,SOUTH,36.0809,-86.7267,POINT (-86.7267 36.0809)
20190550139,07/23/2019 05:05:00 PM,2,0,0,,N,298861,11,Front to Rear,21,CLEAR,1,DAYLIGHT,12,MOTOR VEHICLE IN TRANSPORT,MM 211 1 I 40,NASHVILLE,TN,37210,8008,HERMIT,36.1539,-86.7571,POINT (-86.7571 36.1539)
20190552901,07/24/2019 04:40:00 PM,2,0,0,,N,206675,4,ANGLE,21,CLEAR,1,DAYLIGHT,12,MOTOR VEHICLE IN TRANSPORT,CENTENNIAL PARK PVTDR & PATTERSON ST,NASHVILLE,TN,37203,5623,MIDTOW,36.151,-86.8112,POINT (-86.8112 36.151)