Accident Number,Date and Time,Number of Motor Vehicles,Number of Injuries,Number of Fatalities,Property Damage,Hit and Run,Reporting Officer,Collision Type Code,Collision Type Description,Weather Code,Weather Description,Illumination Code,Illumination Description,Harmful Code,Harmful Code Description,Street Address,City,State,ZIP,RPA,Precinct,Latitude,Longitude,Mapped Location
20190173821,03/05/2019 07:06:00 AM,2,1,0,,N,191578,11,Front to Rear,21,CLEAR,1,DAYLIGHT,12,MOTOR VEHICLE IN TRANSPORT,MM 211 6 I 40,NASHVILLE,TN,37210,82042,HERMIT,36.1508,-86.7502,POINT (-86.7502 36.1508)
20190375146,05/16/2019 01:40:00 PM,1,0,0,,N,462474,0,NOT COLLISION W/MOTOR VEHICLE-TRANSPORT,21,CLEAR,1,DAYLIGHT,34,DITCH,HOGAN RD & REGENT DR,NASHVILLE,TN,37220,8617,MIDTOW,36.0659,-86.7681,POINT (-86.7681 36.0659)
20190402889,05/26/2019 08:22:00 PM,2,1,0,,N,240960,2,HEAD-ON,21,CLEAR,3,DARK - LIGHTED,12,MOTOR VEHICLE IN TRANSPORT,CHESTER AV & GALLATIN AV,NASHVILLE,TN,37206,1363,EAST,36.195,-86.7432,POINT (-86.7432 36.195)
20190051497,01/20/2019 01:10:00 PM,1,0,0,,Y,693093,0,NOT COLLISION W/MOTOR VEHICLE-TRANSPORT,28,BLOWING SNOW,1,DAYLIGHT,34,DITCH,BRILEY PKWY W EXT RAMP & I 65,MADISON,TN,37115,2009,MADISO,36.241,-86.7518,POINT (-86.7518 36.241)
20190292936,04/16/2019 05:22:00 PM,2,0,0,,N,256380,4,ANGLE,21,CLEAR,1,DAYLIGHT,12,MOTOR VEHICLE IN TRANSPORT,CLARKSVILLE PKE & EATONS CREEK RD,JOELTON,TN,37080,3335,NORTH,36.292,-86.8839,POINT (-86.8839 36.292)
20190462772,06/18/2019 05:15:00 PM,2,0,0,,N,352159,11,Front to Rear,21,CLEAR,1,DAYLIGHT,12,MOTOR VEHICLE IN TRANSPORT,MCGAVOCK PKE & MUSIC VALLEY DR,NASHVILLE,TN,37214,9213,HERMIT,36.217,-86.6951,POINT (-86.6951 36.217)
20190119698,02/13/2019 02:53:00 PM,2,2,0,,N,267831,4,ANGLE,21,CLEAR,1,DAYLIGHT,12,MOTOR VEHICLE IN TRANSPORT,CHARLOTTE PKE & OLD CHARLOTTE PKE,NASHVILLE,TN,37209,5009,WEST,36.1318,-86.8958,POINT (-86.8958 36.1318)
20190216933,03/20/2019 11:47:00 AM,2,0,0,,N,468030,11,Front to Rear,21,CLEAR,1,DAYLIGHT,12,MOTOR VEHICLE IN TRANSPORT,GALLATIN PKE & BURCHWOOD AV,NASHVILLE,TN,37216,1403,EAST,36.201,-86.7399,POINT (-86.7399 36.201)
20190156587,02/26/2019 07:13:00 PM,2,0,0,,Y,524985,5,SIDESWIPE - SAME DIRECTION,21,CLEAR,3,DARK - LIGHTED,12,MOTOR VEHICLE IN TRANSPORT,URBANDALE AV & BRILEY PKWYN,NASHVILLE,TN,37209,4637,WEST,36.1539,-86.8575,POINT (-86.8575 36.1539)
20190210874,03/18/2019 12:00:00 AM,2,0,0,,N,298877,11,Front to Rear,21,CLEAR,1,DAYLIGHT,12,MOTOR VEHICLE IN TRANSPORT,MM 7 3 I 440,NASHVILLE,TN,37210,83043,SOUTH,36.1255,-86.732,POINT (-86.732 36.1255)
20190493094,06/30/2019 10:44:00 AM,2,1,0,,N,320574,11,Front to Rear,21,CLEAR,1,DAYLIGHT,12,MOTOR VEHICLE IN TRANSPORT,MM 215 4 I 40,NASHVILLE,TN,37217,89020,HERMIT,36.1434,-86.6882,POINT (-86.6882 36.1434)
20190385687,05/20/2019 05:35:00 PM,2,0,0,,Y,311328,4,ANGLE,21,CLEAR,1,DAYLIGHT,12,MOTOR VEHICLE IN TRANSPORT,CHARLOTTE AV & 12TH AVN,NASHVILLE,TN,37203,4151,CENTRA,36.1621,-86.7906,POINT (-86.7906 36.1621)
20190347088,05/06/2019 10:15:00 AM,2,0,0,,Y,226136,11,Front to Rear,21,CLEAR,1,DAYLIGHT,12,MOTOR VEHICLE IN TRANSPORT,HARDING PL & JONQUIL DR,NASHVILLE,TN,37211,8419,SOUTH,36.0804,-86.7179,POINT (-86.7179 36.0804)
20190275103,04/10/2019 07:10:00 AM,2,0,0,,N,226136,4,ANGLE,21,CLEAR,1,DAYLIGHT,12,MOTOR VEHICLE IN TRANSPORT,THOMPSON LN & NOLENSVILLE PKE,NASHVILLE,TN,37211,8519,MIDTOW,36.1109,-86.7452,POINT (-86.7452 36.1109)
20190463838,06/19/2019 01:00:00 AM,2,2,0,,Y,226175,11,Front to Rear,21,CLEAR,3,DARK - LIGHTED,12,MOTOR VEHICLE IN TRANSPORT,I40 W EXT RAMP & I 40,NASHVILLE,TN,37203,4119,CENTRA,36.1574,-86.79,POINT (-86.79 36.1574)
20190181036,03/07/2019 12:00:00 AM,2,0,0,,N,332216,4,ANGLE,22,CLOUDY,1,DAYLIGHT,12,MOTOR VEHICLE IN TRANSPORT,LAFAYETTE ST & ASH ST,NASHVILLE,TN,37210,4005,CENTRA,36.1521,-86.7721,POINT (-86.7721 36.1521)
20190540444,07/19/2019 05:40:00 PM,2,0,0,,N,320577,11,Front to Rear,21,CLEAR,1,DAYLIGHT,12,MOTOR VEHICLE IN TRANSPORT,HILLSBORO PKE & HAMPTON PL,NASHVILLE,TN,37215,6419,MIDTOW,36.1152,-86.8107,POINT (-86.8107 36.1152)
20190523133,07/12/2019 07:10:00 PM,2,5,1,Y,Y,161946,4,ANGLE,21,CLEAR,1,DAYLIGHT,12;30;71,MOTOR VEHICLE IN TRANSPORT;UTILITY POLE;EMBANKMENT EARTH,DICKERSON PKE & DELLWAY VILLA RD,NASHVILLE,TN,37207,1831,EAST,36.2136,-86.7645,POINT (-86.7645 36.2136)
20190139436,02/20/2019 06:04:00 PM,2,0,0,,N,256389,4,ANGLE,2,RAIN,3,DARK - LIGHTED,12,MOTOR VEHICLE IN TRANSPORT,BRENTWOOD EAST DR & OLD HICKORY BLVD,NASHVILLE,TN,37211,8651,MIDTOW,36.0452,-86.7148,POINT (-86.7148 36.0452)
20190113949,02/11/2019 09:40:00 PM,2,0,0,,Y,433550,11,Front to Rear,2,RAIN,2,DARK - NOT LIGHTED,12,MOTOR VEHICLE IN TRANSPORT,HERMITAGE WOODS DR & OLD HICKORY BLVD,HERMITAGE,TN,37076,9557,HERMIT,36.178,-86.6038,POINT (-86.6038 36.178)
20190088000,02/01/2019 11:49:00 PM,1,0,0,,N,320584,0,NOT COLLISION W/MOTOR VEHICLE-TRANSPORT,21,CLEAR,3,DARK - LIGHTED,12;34,MOTOR VEHICLE IN TRANSPORT;DITCH,I24 W ENT RAMP & I 24,NASHVILLE,TN,37206,1009,EAST,36.1666,-86.7638,POINT (-86.7638 36.1666)
20190260690,04/04/2019 07:05:00 PM,2,1,0,,N,256412,2,HEAD-ON,21,CLEAR,2,DARK - NOT LIGHTED,12,MOTOR VEHICLE IN TRANSPORT,MURFREESBORO PKE & HOBSON PKE,ANTIOCH,TN,37013,8927,SOUTH,36.043,-86.6066,POINT (-86.6066 36.043)
20190061948,01/24/2019 07:23:00 AM,2,0,0,,N,191578,11,Front to Rear,22,CLOUDY,1,DAYLIGHT,12,MOTOR VEHICLE IN TRANSPORT,MM 220 0 I 40,HERMITAGE,TN,37076,94021,HERMIT,36.1643,-86.6157,POINT (-86.6157 36.1643)
20190313291,04/23/2019 02:49:00 PM,2,0,0,,N,256379,4,ANGLE,21,CLEAR,1,DAYLIGHT,12,MOTOR VEHICLE IN TRANSPORT,THOMPSON LN & FOSTER AV,NASHVILLE,TN,37211,8425,SOUTH,36.1108,-86.7433,POINT (-86.7433 36.1108)
20190030564,01/12/2019 03:27:00 PM,2,3,0,,N,197068,11,Front to Rear,2,RAIN,1,DAYLIGHT,12,MOTOR VEHICLE IN TRANSPORT,MM 49 3 I 24,NASHVILLE,TN,37206,10040,EAST,36.1629,-86.7614,POINT (-86.7614 36.1629)
20190306856,04/21/2019 03:21:00 PM,2,0,0,,N,256386,11,Front to Rear,21,CLEAR,1,DAYLIGHT,12,MOTOR VEHICLE IN TRANSPORT,NASHBORO BLVD & DOUBLETREE LN,NASHVILLE,TN,37217,8937,HERMIT,36.0896,-86.6389,POINT (-86.6389 36.0896)
20190041278,01/16/2019 01:30:00 PM,2,0,0,,N,716886,11,Front to Rear,21,CLEAR,1,DAYLIGHT,12,MOTOR VEHICLE IN TRANSPORT,MM 59 5 I 24,ANTIOCH,TN,37013,88060,SOUTH,36.0441,-86.6567,POINT (-86.6567 36.0441)
20190430882,06/06/2019 07:43:00 AM,2,0,0,,N,109534,5,SIDESWIPE - SAME DIRECTION,22,CLOUDY,1,DAYLIGHT,12,MOTOR VEHICLE IN TRANSPORT,BRILEY PKWY N ENT RAMP & BRILEY PKWYN,NASHVILLE,TN,37209,45065,WEST,36.1584,-86.8635,POINT (-86.8635 36.1584)
20190165431,03/01/2019 10:04:00 PM,2,3,0,Y,N,279124,4,ANGLE,21,CLEAR,3,DARK - LIGHTED,12,MOTOR VEHICLE IN TRANSPORT,I24 W ENT RAMP & I 24,NASHVILLE,TN,37206,1009,EAST,36.1666,-86.7638,POINT (-86.7638 36.1666)
20190282010,04/12/2019 04:25:00 PM,2,2,0,,N,887598,11,Front to Rear,22,CLOUDY,1,DAYLIGHT,12,MOTOR VEHICLE IN TRANSPORT,SPRING ST & I24 W EXT RAMP,NASHVILLE,TN,37207,1983,EAST,36.1767,-86.7723,POINT (-86.7723 36.1767)
20190206079,03/16/2019 04:57:00 PM,2,2,0,,N,717341,4,ANGLE,21,CLEAR,1,DAYLIGHT,12,MOTOR VEHICLE IN TRANSPORT,NOLENSVILLE PKE & WOODYCREST AV,NASHVILLE,TN,37211,8041,MIDTOW,36.1312,-86.7562,POINT (-86.7562 36.1312)
20190108858,02/09/2019 06:28:00 PM,2,0,0,,N,256380,4,ANGLE,21,CLEAR,3,DARK - LIGHTED,12,MOTOR VEHICLE IN TRANSPORT,DICKERSON PKE & I65 S ENT RAMP,MADISON,TN,37115,2007,MADISO,36.2392,-86.7577,POINT (-86.7577 36.2392)
20190309377,04/22/2019 02:56:00 PM,2,0,0,,Y,299266,0,NOT COLLISION W/MOTOR VEHICLE-TRANSPORT,21,CLEAR,1,DAYLIGHT,16,THROWN OR FALLING OBJECT,MM 55 0 I 24,NASHVILLE,TN,37211,8812,SOUTH,36.0948,-86.7069,POINT (-86.7069 36.0948)
20190346495,05/06/2019 06:50:00 AM,2,0,0,,N,716886,11,Front to Rear,21,CLEAR,1,DAYLIGHT,12,MOTOR VEHICLE IN TRANSPORT,BRILEY PKWYS & BRILEY PKWYN,NASHVILLE,TN,37218,3212,NORTH,36.2142,-86.8724,POINT (-86.8724 36.2142)
20190427985,06/05/2019 07:45:00 AM,2,0,0,,N,226092,4,ANGLE,21,CLEAR,1,DAYLIGHT,12,MOTOR VEHICLE IN TRANSPORT,DOMINICAN DR & FRENCH LANDING DR,NASHVILLE,TN,37208,4403,NORTH,36.1884,-86.7963,POINT (-86.7963 36.1884)
20190129750,02/17/2019 08:30:00 AM,1,0,0,,N,262757,0,NOT COLLISION W/MOTOR VEHICLE-TRANSPORT,2,RAIN,1,DAYLIGHT,43,OTHER FIXED OBJECTS,BRILEY PKWYN & BRILEY PKWYS,NASHVILLE,TN,37211,8404,SOUTH,36.1092,-86.727,POINT (-86.727 36.1092)
20190383532,05/19/2019 09:19:00 PM,1,0,0,,N,415780,0,NOT COLLISION W/MOTOR VEHICLE-TRANSPORT,21,CLEAR,3,DARK - LIGHTED,50,DEER (ANIMAL),SWISS AV & SWISS RIDGE APTS PVTDR,NASHVILLE,TN,37211,8651,MIDTOW,36.042,-86.7176,POINT (-86.7176 36.042)
20190245916,03/30/2019 09:35:00 AM,1,1,0,Y,N,212325,0,NOT COLLISION W/MOTOR VEHICLE-TRANSPORT,22,CLOUDY,1,DAYLIGHT,30;7,UTILITY POLE,GALLATIN PKES & BRINK HAVEN AV,MADISON,TN,37115,1507,MADISO,36.2511,-86.7182,POINT (-86.7182 36.2511)
20190153506,02/25/2019 08:34:00 PM,2,0,0,,N,240970,11,Front to Rear,21,CLEAR,3,DARK - LIGHTED,12,MOTOR VEHICLE IN TRANSPORT,NOLENSVILLE PKE & BREWER DR,NASHVILLE,TN,37211,8715,SOUTH,36.0535,-86.715,POINT (-86.715 36.0535)
20190399927,05/25/2019 09:32:00 AM,2,0,0,,N,256428,11,Front to Rear,21,CLEAR,1,DAYLIGHT,12,MOTOR VEHICLE IN TRANSPORT,SPRING ST & I24 W EXT RAMP,NASHVILLE,TN,37207,1983,EAST,36.1767,-86.7723,POINT (-86.7723 36.1767)
20190450055,06/13/2019 03:04:00 PM,2,0,0,,N,256380,4,ANGLE,21,CLEAR,1,DAYLIGHT,12,MOTOR VEHICLE IN TRANSPORT,DR D B TODD JR BLVD & JEFFERSON ST,NASHVILLE,TN,37208,5325,NORTH,36.1695,-86.8067,POINT (-86.8067 36.1695)
20190538253,07/18/2019 09:21:00 PM,2,0,0,,N,256383,2,HEAD-ON,21,CLEAR,2,DARK - NOT LIGHTED,14,PARKED MOTOR VEHICLE,MIDDLEWICK LN & WESTCOTT LN,NOLENSVILLE,TN,37135,8773,SOUTH,35.9854,-86.6704,POINT (-86.6704 35.9854)
20190551547,07/24/2019 06:50:00 AM,3,0,0,,N,716886,11,Front to Rear,21,CLEAR,1,DAYLIGHT,12,MOTOR VEHICLE IN TRANSPORT,MM 51 2 I 24,NASHVILLE,TN,37210,81020,SOUTH,36.1299,-86.7278,POINT (-86.7278 36.1299)
20190168711,03/03/2019 11:50:00 AM,2,0,0,,N,834798,11,Front to Rear,2,RAIN,1,DAYLIGHT,12,MOTOR VEHICLE IN TRANSPORT,SHACKLEFORD RD & BELMONT BLVD,NASHVILLE,TN,37215,6411,MIDTOW,36.1014,-86.8025,POINT (-86.8025 36.1014)
20190317820,04/24/2019 11:35:00 PM,2,1,0,,N,279201,11,Front to Rear,21,CLEAR,3,DARK - LIGHTED,12,MOTOR VEHICLE IN TRANSPORT,MURFREESBORO PKE & FOOTHILL DR,NASHVILLE,TN,37217,8815,HERMIT,36.1315,-86.7174,POINT (-86.7174 36.1315)
20190304158,04/20/2019 09:31:00 AM,1,0,0,,N,109534,0,NOT COLLISION W/MOTOR VEHICLE-TRANSPORT,2,RAIN,1,DAYLIGHT,39,WALL,I40 E EXT RAMP & I40 W ENT RAMP,HERMITAGE,TN,37076,9510,HERMIT,36.1772,-86.6052,POINT (-86.6052 36.1772)
20190227548,03/24/2019 02:51:00 AM,1,2,0,Y,N,256382,0,NOT COLLISION W/MOTOR VEHICLE-TRANSPORT,21,CLEAR,3,DARK - LIGHTED,1;38;43,FENCE;OTHER FIXED OBJECTS,OPRY MILLS DR & MCGAVOCK PKE,NASHVILLE,TN,37214,9209,HERMIT,36.217,-86.7011,POINT (-86.7011 36.217)
20190388753,05/21/2019 05:18:00 PM,2,0,0,,N,352162,11,Front to Rear,21,CLEAR,1,DAYLIGHT,12,MOTOR VEHICLE IN TRANSPORT,BROWNLEE DR & BROOK HOLLOW RD,NASHVILLE,TN,37205,4917,WEST,36.1121,-86.8868,POINT (-86.8868 36.1121)
20190100825,02/06/2019 05:04:00 PM,2,1,0,,Y,279194,11,Front to Rear,2,RAIN,3,DARK - LIGHTED,12,MOTOR VEHICLE IN TRANSPORT,MM 208 3 I 40,NASHVILLE,TN,37203,54024,NORTH,36.166,-86.7949,POINT (-86.7949 36.166)
20190486288,06/27/2019 03:16:00 PM,2,0,0,,Y,212346,4,ANGLE,21,CLEAR,1,DAYLIGHT,12,MOTOR VEHICLE IN TRANSPORT,3RD AVN & GAY ST,NASHVILLE,TN,37201,4201,CENTRA,36.1688,-86.7807,POINT (-86.7807 36.1688)
20190370266,05/14/2019 11:50:00 PM,2,0,0,,N,240964,5,SIDESWIPE - SAME DIRECTION,99,UNKNOWN,2,DARK - NOT LIGHTED,12,MOTOR VEHICLE IN TRANSPORT,LEBANON PKE & BONNABROOK DR,HERMITAGE,TN,37076,9531,HERMIT,36.1917,-86.6248,POINT (-86.6248 36.1917)
20190123219,02/14/2019 05:09:00 PM,2,0,0,,N,240976,4,ANGLE,21,CLEAR,3,DARK - LIGHTED,12,MOTOR VEHICLE IN TRANSPORT,ELLINGTON PKWY N EXT RAMP & ELLINGTON PK,NASHVILLE,TN,37207,18982,EAST,36.2046,-86.7497,POINT (-86.7497 36.2046)
20190387183,05/21/2019 06:55:00 AM,2,0,0,,N,226622,16,Rear to Side,21,CLEAR,1,DAYLIGHT,12,MOTOR VEHICLE IN TRANSPORT,BOONE TRC & SETTLERS WAY,NASHVILLE,TN,37221,4713,WEST,36.0828,-87.0134,POINT (-87.0134 36.0828)
20190371926,05/15/2019 12:20:00 PM,1,1,0,,N,226622,0,NOT COLLISION W/MOTOR VEHICLE-TRANSPORT,21,CLEAR,1,DAYLIGHT,42,TREE,OLD HICKORY BLVD & RIDGELAKE PKWY,NASHVILLE,TN,37205,4903,WEST,36.0974,-86.9249,POINT (-86.9249 36.0974)
20190508738,07/06/2019 01:19:00 PM,2,1,0,,Y,493304,11,Front to Rear,21,CLEAR,1,DAYLIGHT,1;12,MOTOR VEHICLE IN TRANSPORT,LICKTON PKE & LICKTON PKE PVTDR,WHITES CREEK,TN,37189,3301,NORTH,36.2923,-86.811,POINT (-86.811 36.2923)
20190244868,03/29/2019 09:00:00 PM,2,0,0,,Y,279224,5,SIDESWIPE - SAME DIRECTION,21,CLEAR,3,DARK - LIGHTED,12;14,MOTOR VEHICLE IN TRANSPORT;PARKED MOTOR VEHICLE,W EASTLAND AV & LAURENT ST,NASHVILLE,TN,37206,1929,EAST,36.1842,-86.753,POINT (-86.753 36.1842)
20190024141,01/10/2019 06:45:00 AM,2,0,0,,N,665896,4,ANGLE,21,CLEAR,1,DAYLIGHT,12,MOTOR VEHICLE IN TRANSPORT,S 7TH ST & WOODLAND ST,NASHVILLE,TN,37206,1117,EAST,36.1736,-86.7603,POINT (-86.7603 36.1736)
20190181002,03/07/2019 11:00:00 AM,1,0,0,Y,Y,716886,0,NOT COLLISION W/MOTOR VEHICLE-TRANSPORT,21,CLEAR,1,DAYLIGHT,27,H-WAY TRAFFIC SIGNAL POST,PARK ROYAL LN & MT VIEW RD,ANTIOCH,TN,37013,8977,SOUTH,36.0702,-86.5927,POINT (-86.5927 36.0702)
20190398306,05/24/2019 06:40:00 PM,2,0,0,,Y,151132,4,ANGLE,22,CLOUDY,1,DAYLIGHT,12,MOTOR VEHICLE IN TRANSPORT,E CAMPBELL RD & RONNIE RD,MADISON,TN,37115,1759,MADISO,36.2757,-86.7257,POINT (-86.7257 36.2757)
20190522320,07/12/2019 12:01:00 PM,2,0,0,,N,716886,5,SIDESWIPE - SAME DIRECTION,21,CLEAR,1,DAYLIGHT,12,MOTOR VEHICLE IN TRANSPORT,FRANKLIN LIMESTONE RD & ANTIOCH PKE,ANTIOCH,TN,37013,8899,SOUTH,36.0808,-86.6845,POINT (-86.6845 36.0808)
20190457641,06/17/2019 05:40:00 PM,1,0,0,,N,212346,0,NOT COLLISION W/MOTOR VEHICLE-TRANSPORT,21,CLEAR,1,DAYLIGHT,9,,3RD AVS & ASH ST,NASHVILLE,TN,37210,4005,CENTRA,36.1528,-86.7706,POINT (-86.7706 36.1528)
20190213079,03/19/2019 08:45:00 AM,3,1,0,,N,191578,4,ANGLE,21,CLEAR,1,DAYLIGHT,12,MOTOR VEHICLE IN TRANSPORT,ELM HILL PKE & BRILEY PKWYS,NASHVILLE,TN,37210,9098,HERMIT,36.1519,-86.6909,POINT (-86.6909 36.1519)
20190269643,04/08/2019 09:50:00 AM,2,1,0,,N,538214,5,SIDESWIPE - SAME DIRECTION,2,RAIN,1,DAYLIGHT,12,MOTOR VEHICLE IN TRANSPORT,BROADWAY & 12TH AVS,NASHVILLE,TN,37203,4079,CENTRA,36.1566,-86.7875,POINT (-86.7875 36.1566)
20190308932,04/22/2019 12:00:00 PM,2,0,0,,N,109534,5,SIDESWIPE - SAME DIRECTION,21,CLEAR,1,DAYLIGHT,14,PARKED MOTOR VEHICLE,STEWARTS FERRY PKE & CLOVER BOTTOM PVTDR,NASHVILLE,TN,37214,9407,HERMIT,36.1609,-86.6452,POINT (-86.6452 36.1609)
20190167013,03/02/2019 03:12:00 PM,1,1,0,,Y,256499,0,NOT COLLISION W/MOTOR VEHICLE-TRANSPORT,22,CLOUDY,1,DAYLIGHT,8,PEDESTRIAN,DIVISION ST & MUSIC SQW,NASHVILLE,TN,37203,6733,MIDTOW,36.152,-86.7929,POINT (-86.7929 36.152)
20190312819,04/23/2019 12:15:00 PM,2,0,0,,N,311799,11,Front to Rear,21,CLEAR,1,DAYLIGHT,12,MOTOR VEHICLE IN TRANSPORT,I65 N EXT RAMP & OLD HICKORY BLVDW,MADISON,TN,37115,1777,MADISO,36.2642,-86.7356,POINT (-86.7356 36.2642)
20190340985,05/03/2019 02:30:00 PM,2,0,0,,N,161939,11,Front to Rear,22,CLOUDY,1,DAYLIGHT,12,MOTOR VEHICLE IN TRANSPORT,MM 59 4 I 24,ANTIOCH,TN,37013,8808,SOUTH,36.0454,-86.659,POINT (-86.659 36.0454)
20190086715,02/01/2019 02:16:00 PM,1,0,0,,N,551975,0,NOT COLLISION W/MOTOR VEHICLE-TRANSPORT,21,CLEAR,1,DAYLIGHT,9,,ROSA L PARKS BLVD & JEFFERSON ST,NASHVILLE,TN,37208,4237,CENTRA,36.1733,-86.7914,POINT (-86.7914 36.1733)
20190571761,08/01/2019 12:00:00 AM,2,0,0,,N,429205,5,SIDESWIPE - SAME DIRECTION,21,CLEAR,1,DAYLIGHT,12,MOTOR VEHICLE IN TRANSPORT,MM 209 4 I 40,NASHVILLE,TN,37203,40041,CENTRA,36.1519,-86.7866,POINT (-86.7866 36.1519)
20190472918,06/22/2019 07:32:00 AM,3,0,0,,N,140808,11,Front to Rear,22,CLOUDY,1,DAYLIGHT,12,MOTOR VEHICLE IN TRANSPORT,OLD HICKORY BLVD & SEVEN SPRINGS WAY,BRENTWOOD,TN,37027,8619,MIDTOW,36.0403,-86.7684,POINT (-86.7684 36.0403)
20190080946,01/30/2019 05:49:00 PM,2,0,0,,N,493312,11,Front to Rear,21,CLEAR,3,DARK - LIGHTED,12,MOTOR VEHICLE IN TRANSPORT,MURFREESBORO PKE & GLENGARRY DR,NASHVILLE,TN,37217,8823,HERMIT,36.1208,-86.7036,POINT (-86.7036 36.1208)
20190434013,06/07/2019 11:09:00 AM,2,1,0,,N,140808,11,Front to Rear,22,CLOUDY,1,DAYLIGHT,12,MOTOR VEHICLE IN TRANSPORT,THOMPSON LN & BRANSFORD AV,NASHVILLE,TN,37204,8525,MIDTOW,36.1123,-86.767,POINT (-86.767 36.1123)
20190044923,01/17/2019 05:44:00 PM,2,0,0,,N,206675,11,Front to Rear,2,RAIN,3,DARK - LIGHTED,12,MOTOR VEHICLE IN TRANSPORT,WOODMONT BLVD & MCNAIRY LN,NASHVILLE,TN,37204,7009,MIDTOW,36.1104,-86.7828,POINT (-86.7828 36.1104)
20190532258,07/16/2019 05:50:00 PM,2,0,0,,N,109536,11,Front to Rear,21,CLEAR,1,DAYLIGHT,12,MOTOR VEHICLE IN TRANSPORT,MM 93 0 I 65,MADISON,TN,37115,17040,MADISO,36.2752,-86.7354,POINT (-86.7354 36.2752)
20190280969,04/12/2019 07:30:00 AM,2,0,0,,N,352198,11,Front to Rear,2,RAIN,1,DAYLIGHT,12,MOTOR VEHICLE IN TRANSPORT,18TH AVN & CHARLOTTE AV,NASHVILLE,TN,37203,5505,MIDTOW,36.1581,-86.7998,POINT (-86.7998 36.1581)
20190428332,06/05/2019 10:25:00 AM,2,0,0,,N,419952,4,ANGLE,22,CLOUDY,1,DAYLIGHT,12,MOTOR VEHICLE IN TRANSPORT,OLD HICKORY BLVD & SONYA DR,NASHVILLE,TN,37205,4903,WEST,36.1355,-86.8861,POINT (-86.8861 36.1355)
20190525400,07/13/2019 06:36:00 PM,2,0,0,,Y,320585,11,Front to Rear,21,CLEAR,1,DAYLIGHT,12,MOTOR VEHICLE IN TRANSPORT,OPRY MILLS DR & MOSS ROSE DR,NASHVILLE,TN,37214,9209,HERMIT,36.2029,-86.6947,POINT (-86.6947 36.2029)
20190139217,02/20/2019 04:17:00 PM,2,0,0,,N,206676,11,Front to Rear,2,RAIN,1,DAYLIGHT,12,MOTOR VEHICLE IN TRANSPORT,NEELYS BEND RD & GALLATIN PKES,MADISON,TN,37115,1783,MADISO,36.2562,-86.7144,POINT (-86.7144 36.2562)
20190382974,05/19/2019 02:52:00 PM,2,0,0,,N,676824,2,HEAD-ON,21,CLEAR,1,DAYLIGHT,14,PARKED MOTOR VEHICLE,2112 14TH AVN,NASHVILLE,TN,37208,4491,NORTH,36.1868,-86.8098,POINT (-86.8098 36.1868)
20190313616,04/23/2019 04:30:00 PM,2,0,0,,N,134899,5,SIDESWIPE - SAME DIRECTION,21,CLEAR,1,DAYLIGHT,12,MOTOR VEHICLE IN TRANSPORT,ELM HILL PKE & WANDA DR,NASHVILLE,TN,37210,9041,HERMIT,36.1505,-86.6963,POINT (-86.6963 36.1505)
20190468769,06/20/2019 04:05:00 PM,2,0,0,,N,330444,5,SIDESWIPE - SAME DIRECTION,21,CLEAR,1,DAYLIGHT,12,MOTOR VEHICLE IN TRANSPORT,14TH AVN & CHARLOTTE AV,NASHVILLE,TN,37203,5501,MIDTOW,36.1608,-86.7937,POINT (-86.7937 36.1608)
20190102964,02/07/2019 11:10:00 AM,2,0,0,,Y,716886,11,Front to Rear,21,CLEAR,1,DAYLIGHT,12,MOTOR VEHICLE IN TRANSPORT,THOMPSON LN & SIMMONS AV,NASHVILLE,TN,37211,8425,SOUTH,36.1106,-86.7413,POINT (-86.7413 36.1106)
20190576980,08/03/2019 09:33:00 AM,2,0,0,Y,N,256502,5,SIDESWIPE - SAME DIRECTION,21,CLEAR,1,DAYLIGHT,12;19,MOTOR VEHICLE IN TRANSPORT;BUILDING,JEFFERSON ST & ROSA L PARKS BLVD,NASHVILLE,TN,37208,4237,CENTRA,36.1733,-86.7914,POINT (-86.7914 36.1733)
20190338291,05/02/2019 03:40:00 PM,2,1,0,,N,206675,4,ANGLE,21,CLEAR,1,DAYLIGHT,12,MOTOR VEHICLE IN TRANSPORT,SIDCO DR & CSX DR,NASHVILLE,TN,37204,8531,MIDTOW,36.0836,-86.7616,POINT (-86.7616 36.0836)
20190543148,07/20/2019 08:47:00 PM,2,1,0,,N,279124,4,ANGLE,2,RAIN,2,DARK - NOT LIGHTED,12,MOTOR VEHICLE IN TRANSPORT,MM 58 7 I 24,ANTIOCH,TN,37013,8808,SOUTH,36.0513,-86.6692,POINT (-86.6692 36.0513)
20190142515,02/21/2019 05:13:00 PM,2,0,0,,N,212346,4,ANGLE,2,RAIN,3,DARK - LIGHTED,12,MOTOR VEHICLE IN TRANSPORT,MM 49 0 I 24,NASHVILLE,TN,37206,10040,EAST,36.1664,-86.7647,POINT (-86.7647 36.1664)
20190369007,05/14/2019 01:51:00 PM,2,0,0,,N,134899,5,SIDESWIPE - SAME DIRECTION,21,CLEAR,1,DAYLIGHT,12,MOTOR VEHICLE IN TRANSPORT,DONELSON PKE & I40 W ENT RAMP,NASHVILLE,TN,37214,9103,HERMIT,36.143,-86.6667,POINT (-86.6667 36.143)
20190172247,03/04/2019 06:50:00 PM,2,2,0,,N,256389,11,Front to Rear,21,CLEAR,3,DARK - LIGHTED,12,MOTOR VEHICLE IN TRANSPORT,BATTLEFIELD DR & STOKES LN,NASHVILLE,TN,37215,6419,MIDTOW,36.1159,-86.7986,POINT (-86.7986 36.1159)