Accident Number,Date and Time,Number of Motor Vehicles,Number of Injuries,Number of Fatalities,Property Damage,Hit and Run,Reporting Officer,Collision Type Code,Collision Type Description,Weather Code,Weather Description,Illumination Code,Illumination Description,Harmful Code,Harmful Code Description,Street Address,City,State,ZIP,RPA,Precinct,Latitude,Longitude,Mapped Location
20190265705,04/06/2019 05:58:00 PM,1,1,0,,N,240955,0,NOT COLLISION W/MOTOR VEHICLE-TRANSPORT,21,CLEAR,1,DAYLIGHT,1,,HAMILTON CHURCH RD & HOBSON PKE,ANTIOCH,TN,37013,8905,SOUTH,36.0586,-86.5978,POINT (-86.5978 36.0586)
20190069305,01/26/2019 10:45:00 PM,2,1,0,,Y,330416,2,HEAD-ON,21,CLEAR,3,DARK - LIGHTED,12,MOTOR VEHICLE IN TRANSPORT,HAMILTON CHURCH RD & MURFREESBORO PKE,ANTIOCH,TN,37013,8865,SOUTH,36.0645,-86.6288,POINT (-86.6288 36.0645)
20190372197,05/15/2019 02:14:00 PM,2,0,0,,N,690942,4,ANGLE,21,CLEAR,1,DAYLIGHT,12,MOTOR VEHICLE IN TRANSPORT,ROSA L PARKS BLVD & GAY ST,NASHVILLE,TN,37219,4203,CENTRA,36.1658,-86.7874,POINT (-86.7874 36.1658)
20190385102,05/20/2019 01:13:00 PM,2,1,0,,N,224437,4,ANGLE,21,CLEAR,1,DAYLIGHT,12,MOTOR VEHICLE IN TRANSPORT,HART LN & BAXTER ST,NASHVILLE,TN,37216,1817,EAST,36.212,-86.7336,POINT (-86.7336 36.212)
20190531766,07/16/2019 01:25:00 PM,2,0,0,,N,620080,4,ANGLE,21,CLEAR,1,DAYLIGHT,12,MOTOR VEHICLE IN TRANSPORT,DICKERSON PKE & WHITES CREEK PKE,NASHVILLE,TN,37207,1919,EAST,36.1887,-86.7732,POINT (-86.7732 36.1887)
20190225855,03/23/2019 12:00:00 AM,1,0,0,Y,Y,320586,0,NOT COLLISION W/MOTOR VEHICLE-TRANSPORT,21,CLEAR,1,DAYLIGHT,19,BUILDING,40 EAST THOMPSON LN,NASHVILLE,TN,37210,8361,SOUTH,36.1118,-86.7236,POINT (-86.7236 36.1118)
20190576697,08/03/2019 12:00:00 AM,2,1,0,,N,320578,4,ANGLE,21,CLEAR,1,DAYLIGHT,12,MOTOR VEHICLE IN TRANSPORT,HICKORY HOLLOW PKWY & CANE RIDGE RD,ANTIOCH,TN,37013,8871,SOUTH,36.0499,-86.6638,POINT (-86.6638 36.0499)
20190474113,06/22/2019 10:13:00 PM,2,2,0,,N,256488,4,ANGLE,21,CLEAR,3,DARK - LIGHTED,1;12;24,MOTOR VEHICLE IN TRANSPORT;GUARDRAIL FACE,MM 86 2 I 65,NASHVILLE,TN,37207,1910,CENTRA,36.1919,-86.7812,POINT (-86.7812 36.1919)
20190132571,02/18/2019 01:10:00 PM,2,0,0,,N,420035,11,Front to Rear,22,CLOUDY,1,DAYLIGHT,12,MOTOR VEHICLE IN TRANSPORT,GALLATIN PKES & MADISON SQ,MADISON,TN,37115,1623,MADISO,36.2541,-86.7161,POINT (-86.7161 36.2541)
20190138196,02/20/2019 08:51:00 AM,3,0,0,,N,191578,11,Front to Rear,2,RAIN,1,DAYLIGHT,12,MOTOR VEHICLE IN TRANSPORT,DONELSON PKE & HANGAR LN,NASHVILLE,TN,37214,8953,HERMIT,36.1212,-86.6664,POINT (-86.6664 36.1212)
20190343714,05/04/2019 09:00:00 PM,2,1,0,,N,256386,4,ANGLE,2,RAIN,3,DARK - LIGHTED,12,MOTOR VEHICLE IN TRANSPORT,US HWY 41 & MCCRORY RD,NASHVILLE,TN,37217,8849,SOUTH,36.1033,-86.6666,POINT (-86.6666 36.1033)
20190056975,01/22/2019 03:01:00 PM,2,0,0,,Y,267831,5,SIDESWIPE - SAME DIRECTION,22,CLOUDY,1,DAYLIGHT,12;14,MOTOR VEHICLE IN TRANSPORT;PARKED MOTOR VEHICLE,40TH AVN & DELAWARE AV,NASHVILLE,TN,37209,4547,WEST,36.1556,-86.8345,POINT (-86.8345 36.1556)
20190564751,07/29/2019 04:50:00 PM,2,0,0,,Y,320582,11,Front to Rear,21,CLEAR,1,DAYLIGHT,12,MOTOR VEHICLE IN TRANSPORT,DICKERSON PKE & OAK VALLEY DR,NASHVILLE,TN,37207,1811,EAST,36.2305,-86.7591,POINT (-86.7591 36.2305)
20190531346,07/16/2019 09:50:00 AM,2,0,0,,N,352156,4,ANGLE,21,CLEAR,1,DAYLIGHT,12,MOTOR VEHICLE IN TRANSPORT,OLD HICKORY BLVD & EDMONDSON PKE,NASHVILLE,TN,37220,8615,MIDTOW,36.04,-86.7435,POINT (-86.7435 36.04)
20190091277,02/03/2019 01:16:00 PM,2,2,0,,N,320574,4,ANGLE,21,CLEAR,1,DAYLIGHT,12,MOTOR VEHICLE IN TRANSPORT,LEBANON PKE & ANDREW JACKSON PKWY,HERMITAGE,TN,37076,9537,HERMIT,36.2151,-86.5962,POINT (-86.5962 36.2151)
20190244194,03/29/2019 03:52:00 PM,3,1,0,,N,256380,11,Front to Rear,21,CLEAR,1,DAYLIGHT,12,MOTOR VEHICLE IN TRANSPORT,MM 85 0 I 65,NASHVILLE,TN,37208,43021,NORTH,36.1799,-86.8005,POINT (-86.8005 36.1799)
20190102443,02/07/2019 07:55:00 AM,2,0,0,,Y,226622,5,SIDESWIPE - SAME DIRECTION,22,CLOUDY,1,DAYLIGHT,12,MOTOR VEHICLE IN TRANSPORT,ALABAMA AV & 46TH AVN,NASHVILLE,TN,37209,5201,WEST,36.1533,-86.8427,POINT (-86.8427 36.1533)
20190288029,04/15/2019 05:56:00 AM,1,1,0,Y,N,330433,0,NOT COLLISION W/MOTOR VEHICLE-TRANSPORT,21,CLEAR,4,DAWN,30,UTILITY POLE,LICKTON PKE & LICKTON PKE PVTDR,WHITES CREEK,TN,37189,3301,NORTH,36.2923,-86.811,POINT (-86.811 36.2923)
20190268869,04/08/2019 02:57:00 AM,1,1,0,Y,N,320584,0,NOT COLLISION W/MOTOR VEHICLE-TRANSPORT,2,RAIN,3,DARK - LIGHTED,1;30;34;40,UTILITY POLE;DITCH;MAIL BOX,MCCALL ST & SABRE DR,NASHVILLE,TN,37211,8433,SOUTH,36.0989,-86.7318,POINT (-86.7318 36.0989)
20190283563,04/13/2019 12:00:00 AM,1,0,0,,Y,320601,0,NOT COLLISION W/MOTOR VEHICLE-TRANSPORT,2,RAIN,2,DARK - NOT LIGHTED,72,EMBANKMENT ROCK/STONE/CONCRETE,I24 E EXT RAMP & I 24,NASHVILLE,TN,37207,30080,NORTH,36.2378,-86.7872,POINT (-86.7872 36.2378)
20190145616,02/22/2019 04:46:00 PM,2,0,0,,N,320599,5,SIDESWIPE - SAME DIRECTION,2,RAIN,5,DUSK,12,MOTOR VEHICLE IN TRANSPORT,EAST THOMPSON LN & MURFREESBORO PKE,NASHVILLE,TN,37217,8879,SOUTH,36.1267,-86.7111,POINT (-86.7111 36.1267)
20190490105,06/28/2019 12:00:00 AM,2,0,0,,Y,298875,4,ANGLE,21,CLEAR,3,DARK - LIGHTED,12,MOTOR VEHICLE IN TRANSPORT,DOVER GLEN DR & SEPTO CT,ANTIOCH,TN,37013,8861,SOUTH,36.0745,-86.6511,POINT (-86.6511 36.0745)
20190308215,04/22/2019 06:47:00 AM,2,1,0,,Y,311341,5,SIDESWIPE - SAME DIRECTION,21,CLEAR,1,DAYLIGHT,12,MOTOR VEHICLE IN TRANSPORT,CHARLOTTE PKE & WEST PARK PVTDR,NASHVILLE,TN,37209,4701,WEST,36.1211,-86.9166,POINT (-86.9166 36.1211)
20190565259,07/29/2019 10:40:00 PM,2,0,0,,N,330441,4,ANGLE,21,CLEAR,2,DARK - NOT LIGHTED,12,MOTOR VEHICLE IN TRANSPORT,HARDING PL & TROUSDALE DR,NASHVILLE,TN,37220,8601,MIDTOW,36.0811,-86.7584,POINT (-86.7584 36.0811)
20190055939,01/22/2019 08:01:00 AM,3,0,0,,N,633385,11,Front to Rear,21,CLEAR,1,DAYLIGHT,12,MOTOR VEHICLE IN TRANSPORT,MURFREESBORO PKE & MT VIEW RD,ANTIOCH,TN,37013,8865,SOUTH,36.0543,-86.6186,POINT (-86.6186 36.0543)
20190513815,07/09/2019 06:45:00 AM,2,0,0,,N,716886,11,Front to Rear,21,CLEAR,1,DAYLIGHT,12,MOTOR VEHICLE IN TRANSPORT,BELL RD & HICKORY HOLLOW PKWY,ANTIOCH,TN,37013,8863,SOUTH,36.0896,-86.6884,POINT (-86.6884 36.0896)
20190375531,05/16/2019 03:50:00 PM,2,0,0,,N,256384,4,ANGLE,21,CLEAR,1,DAYLIGHT,12,MOTOR VEHICLE IN TRANSPORT,2ND AVS & CAMERON ST,NASHVILLE,TN,37210,8153,SOUTH,36.1485,-86.7665,POINT (-86.7665 36.1485)
20190505704,07/05/2019 04:05:00 AM,1,1,0,Y,N,156308,0,NOT COLLISION W/MOTOR VEHICLE-TRANSPORT,5,FOG,3,DARK - LIGHTED,32;34;40;42;43;63,CULVERT;DITCH;MAIL BOX;TREE;OTHER FIXED OBJECTS;Ran Off Road-Right,CATO RD & GILMORE CROSSING LN,NASHVILLE,TN,37218,3247,NORTH,36.2172,-86.8685,POINT (-86.8685 36.2172)
20190077235,01/29/2019 04:47:00 PM,2,0,0,,N,212344,4,ANGLE,21,CLEAR,1,DAYLIGHT,12,MOTOR VEHICLE IN TRANSPORT,MCFERRIN AV & MAIN ST,NASHVILLE,TN,37206,1131,EAST,36.1765,-86.7557,POINT (-86.7557 36.1765)
20190118691,02/13/2019 07:48:00 AM,4,0,0,,N,179602,11,Front to Rear,21,CLEAR,1,DAYLIGHT,12,MOTOR VEHICLE IN TRANSPORT,MM 87 7 I 65,NASHVILLE,TN,37207,1804,EAST,36.2114,-86.7757,POINT (-86.7757 36.2114)
20190041798,01/16/2019 05:07:00 PM,2,1,0,,Y,256501,5,SIDESWIPE - SAME DIRECTION,21,CLEAR,3,DARK - LIGHTED,12,MOTOR VEHICLE IN TRANSPORT,CLARKSVILLE PKE & ABERNATHY RD,NASHVILLE,TN,37218,3163,NORTH,36.203,-86.8405,POINT (-86.8405 36.203)
20190396989,05/24/2019 09:28:00 AM,2,1,0,,N,226136,4,ANGLE,21,CLEAR,1,DAYLIGHT,12,MOTOR VEHICLE IN TRANSPORT,24TH AVS & BARTON AV,NASHVILLE,TN,37212,5903,MIDTOW,36.1336,-86.8057,POINT (-86.8057 36.1336)
20190539516,07/19/2019 10:08:00 AM,3,1,0,,N,320586,11,Front to Rear,21,CLEAR,1,DAYLIGHT,12,MOTOR VEHICLE IN TRANSPORT,HARDING PL & METROPLEX DR,NASHVILLE,TN,37211,8889,SOUTH,36.0868,-86.6959,POINT (-86.6959 36.0868)
20190148419,02/23/2019 07:34:00 PM,2,0,0,,N,330416,4,ANGLE,2,RAIN,3,DARK - LIGHTED,12,MOTOR VEHICLE IN TRANSPORT,CHARLOTTE AV & 46TH AVN,NASHVILLE,TN,37209,5203,WEST,36.1522,-86.8422,POINT (-86.8422 36.1522)
20190150180,02/24/2019 03:30:00 PM,2,0,0,,N,161948,5,SIDESWIPE - SAME DIRECTION,21,CLEAR,1,DAYLIGHT,12,MOTOR VEHICLE IN TRANSPORT,MCGAVOCK PKE & OPRY MILLS DR,NASHVILLE,TN,37214,9209,HERMIT,36.2176,-86.7031,POINT (-86.7031 36.2176)
20190099276,02/06/2019 05:45:00 AM,2,0,0,,N,330416,6,SIDESWIPE - OPPOSITE DIRECTION,2,RAIN,4,DAWN,12,MOTOR VEHICLE IN TRANSPORT,OLD HICKORY BLVD & HOBSON PKE,ANTIOCH,TN,37013,8867,SOUTH,36.0415,-86.6052,POINT (-86.6052 36.0415)
20190377841,05/17/2019 10:15:00 AM,1,0,0,,N,352158,0,NOT COLLISION W/MOTOR VEHICLE-TRANSPORT,21,CLEAR,1,DAYLIGHT,16,THROWN OR FALLING OBJECT,MM 77 9 I 65,NASHVILLE,TN,37204,8502,MIDTOW,36.0832,-86.7636,POINT (-86.7636 36.0832)
20190076216,01/29/2019 10:30:00 AM,2,1,0,,N,235761,5,SIDESWIPE - SAME DIRECTION,21,CLEAR,1,DAYLIGHT,12,MOTOR VEHICLE IN TRANSPORT,MM 203 1 I 40,NASHVILLE,TN,37209,46022,WEST,36.1499,-86.8716,POINT (-86.8716 36.1499)
20190150566,02/24/2019 08:40:00 PM,2,1,0,,N,320597,6,SIDESWIPE - OPPOSITE DIRECTION,21,CLEAR,3,DARK - LIGHTED,1;12,MOTOR VEHICLE IN TRANSPORT,ANTIOCH PKE & LUNA DR,ANTIOCH,TN,37013,8899,SOUTH,36.0788,-86.6851,POINT (-86.6851 36.0788)
20190240495,03/28/2019 12:20:00 PM,2,0,0,,N,468031,5,SIDESWIPE - SAME DIRECTION,21,CLEAR,1,DAYLIGHT,12,MOTOR VEHICLE IN TRANSPORT,MM 86 5 I 65,NASHVILLE,TN,37207,3006,NORTH,36.1946,-86.7762,POINT (-86.7762 36.1946)
20190087447,02/01/2019 06:52:00 PM,2,1,0,,N,256389,11,Front to Rear,21,CLEAR,3,DARK - LIGHTED,12,MOTOR VEHICLE IN TRANSPORT,MM 3 8 I 440,NASHVILLE,TN,37212,6502,MIDTOW,36.1163,-86.7919,POINT (-86.7919 36.1163)
20190400738,05/25/2019 06:00:00 AM,2,0,0,,Y,717625,11,Front to Rear,21,CLEAR,1,DAYLIGHT,12,MOTOR VEHICLE IN TRANSPORT,MM 211 8 I 40,NASHVILLE,TN,37210,90022,HERMIT,36.149,-86.7465,POINT (-86.7465 36.149)
20190491417,06/29/2019 04:50:00 PM,2,0,0,,N,887598,4,ANGLE,21,CLEAR,1,DAYLIGHT,12,MOTOR VEHICLE IN TRANSPORT,BUENA VISTA PKE & AMES DR,NASHVILLE,TN,37207,3025,NORTH,36.2232,-86.8219,POINT (-86.8219 36.2232)
20190361691,05/11/2019 01:37:00 PM,1,1,0,,N,630627,0,NOT COLLISION W/MOTOR VEHICLE-TRANSPORT,22,CLOUDY,1,DAYLIGHT,8,PEDESTRIAN,21ST AVS & BELCOURT AV,NASHVILLE,TN,37212,6607,MIDTOW,36.1367,-86.8009,POINT (-86.8009 36.1367)
20190120286,02/13/2019 07:31:00 PM,1,0,0,,N,179606,0,NOT COLLISION W/MOTOR VEHICLE-TRANSPORT,21,CLEAR,3,DARK - LIGHTED,18,OTHER OBJECT (NOT FIXED),4TH AVS & HOUSTON ST,NASHVILLE,TN,37203,8045,MIDTOW,36.143,-86.7654,POINT (-86.7654 36.143)
20190433717,06/07/2019 08:46:00 AM,2,1,0,,N,544481,2,HEAD-ON,2,RAIN,1,DAYLIGHT,12,MOTOR VEHICLE IN TRANSPORT,SPRING ST & I24 W EXT RAMP,NASHVILLE,TN,37207,1983,EAST,36.1767,-86.7723,POINT (-86.7723 36.1767)
20190325587,04/27/2019 09:15:00 PM,1,0,0,,N,284059,0,NOT COLLISION W/MOTOR VEHICLE-TRANSPORT,21,CLEAR,3,DARK - LIGHTED,33;42,CURB;TREE,MONTICELLO DR & AVONDALE CIR,NASHVILLE,TN,37207,3047,NORTH,36.2097,-86.7843,POINT (-86.7843 36.2097)
20190402028,05/26/2019 09:24:00 AM,2,0,0,,Y,419952,5,SIDESWIPE - SAME DIRECTION,21,CLEAR,1,DAYLIGHT,12,MOTOR VEHICLE IN TRANSPORT,MM 192 9 I 40,NASHVILLE,TN,37221,4804,WEST,36.077,-87.014,POINT (-87.014 36.077)
20190456209,06/15/2019 11:22:00 PM,1,0,0,,N,298859,0,NOT COLLISION W/MOTOR VEHICLE-TRANSPORT,21,CLEAR,3,DARK - LIGHTED,44,PAVED SURFACE-IRREGULAR,I40 W ENT RAMP & BRILEY PKWYS,NASHVILLE,TN,37210,9006,HERMIT,36.1443,-86.6975,POINT (-86.6975 36.1443)
20190353869,05/08/2019 03:17:00 PM,2,0,0,,N,169425,6,SIDESWIPE - OPPOSITE DIRECTION,21,CLEAR,1,DAYLIGHT,12,MOTOR VEHICLE IN TRANSPORT,17TH AVS & WEST END AV,NASHVILLE,TN,37203,5707,MIDTOW,36.1538,-86.7944,POINT (-86.7944 36.1538)
20190547566,07/22/2019 07:10:00 PM,2,0,0,,N,279224,4,ANGLE,22,CLOUDY,3,DARK - LIGHTED,12,MOTOR VEHICLE IN TRANSPORT,S 5TH ST & SPRING ST,NASHVILLE,TN,37206,1109,EAST,36.1726,-86.7652,POINT (-86.7652 36.1726)
20190480705,06/25/2019 05:18:00 PM,2,2,0,,N,110092,11,Front to Rear,22,CLOUDY,1,DAYLIGHT,12,MOTOR VEHICLE IN TRANSPORT,OLD HICKORY BLVD & SHUTE LN,OLD HICKORY,TN,37138,9713,HERMIT,36.2323,-86.6247,POINT (-86.6247 36.2323)
20190135830,02/19/2019 01:30:00 PM,2,0,0,,N,676834,11,Front to Rear,22,CLOUDY,1,DAYLIGHT,12,MOTOR VEHICLE IN TRANSPORT,ROSA L PARKS BLVD & I65 S EXT RAMP,NASHVILLE,TN,37208,4405,NORTH,36.1861,-86.7984,POINT (-86.7984 36.1861)
20190557593,07/26/2019 12:12:00 PM,1,1,0,,N,716886,0,NOT COLLISION W/MOTOR VEHICLE-TRANSPORT,21,CLEAR,1,DAYLIGHT,34;42,DITCH;TREE,COUCHVILLE PKE & COUCHVILLE PIKE,HERMITAGE,TN,37076,8911,SOUTH,36.0901,-86.5182,POINT (-86.5182 36.0901)
20190281454,04/12/2019 11:00:00 AM,2,0,0,,Y,226622,11,Front to Rear,22,CLOUDY,1,DAYLIGHT,12,MOTOR VEHICLE IN TRANSPORT,CHARLOTTE PKE PVTDR & BROOKMEADE GRNWY,NASHVILLE,TN,37209,4703,WEST,36.1316,-86.9061,POINT (-86.9061 36.1316)
20190569431,07/31/2019 01:02:00 PM,2,0,0,,N,716886,11,Front to Rear,21,CLEAR,1,DAYLIGHT,12,MOTOR VEHICLE IN TRANSPORT,OLD HICKORY BLVD & NOLENSVILLE PKE,ANTIOCH,TN,37013,8757,SOUTH,36.0455,-86.7122,POINT (-86.7122 36.0455)
20190394385,05/23/2019 12:48:00 PM,2,0,0,,N,405447,11,Front to Rear,21,CLEAR,1,DAYLIGHT,12,MOTOR VEHICLE IN TRANSPORT,OCALA DR & NOLENSVILLE PKE,NASHVILLE,TN,37211,8717,SOUTH,36.0516,-86.714,POINT (-86.714 36.0516)
20190528350,07/15/2019 07:51:00 AM,2,0,0,,N,109534,11,Front to Rear,2,RAIN,1,DAYLIGHT,12,MOTOR VEHICLE IN TRANSPORT,LEBANON PKE & DONELSON PKE,NASHVILLE,TN,37214,9311,HERMIT,36.1676,-86.6633,POINT (-86.6633 36.1676)
20190251301,04/01/2019 03:24:00 PM,2,0,0,,N,299244,11,Front to Rear,21,CLEAR,1,DAYLIGHT,12,MOTOR VEHICLE IN TRANSPORT,MM 210 4 I 40,NASHVILLE,TN,37210,80022,SOUTH,36.1511,-86.7695,POINT (-86.7695 36.1511)
20190195006,03/12/2019 06:30:00 PM,2,1,0,,N,256383,4,ANGLE,22,CLOUDY,1,DAYLIGHT,14,PARKED MOTOR VEHICLE,13011 GOULD BLVD,ANTIOCH,TN,37013,8869,SOUTH,36.0148,-86.617,POINT (-86.617 36.0148)
20190155139,02/25/2019 11:00:00 PM,1,0,0,Y,Y,191578,0,NOT COLLISION W/MOTOR VEHICLE-TRANSPORT,21,CLEAR,3,DARK - LIGHTED,38,FENCE,BROOKSBORO TER & BROOKSBORO PL,NASHVILLE,TN,37217,8937,HERMIT,36.0844,-86.645,POINT (-86.645 36.0844)
20190049227,01/19/2019 10:05:00 AM,2,0,0,,N,481573,3,REAR-TO-REAR,2,RAIN,1,DAYLIGHT,55,Motor Vehicle-In-Motion Outside Trafficw,BELWOOD ST & LONG BLVD,NASHVILLE,TN,37203,5627,MIDTOW,36.1451,-86.8183,POINT (-86.8183 36.1451)
20190429287,06/05/2019 04:48:00 PM,2,0,0,,N,240955,11,Front to Rear,22,CLOUDY,1,DAYLIGHT,12,MOTOR VEHICLE IN TRANSPORT,BELL RD & CANE RIDGE RD,ANTIOCH,TN,37013,8753,SOUTH,36.0449,-86.6631,POINT (-86.6631 36.0449)
20190412908,05/30/2019 12:00:00 PM,2,0,0,,N,352204,11,Front to Rear,2,RAIN,1,DAYLIGHT,12,MOTOR VEHICLE IN TRANSPORT,WEDGEWOOD AV & HILLSIDE AV,NASHVILLE,TN,37203,6915,MIDTOW,36.1347,-86.784,POINT (-86.784 36.1347)
20190230286,03/25/2019 06:20:00 AM,2,0,0,,Y,716886,11,Front to Rear,21,CLEAR,1,DAYLIGHT,12,MOTOR VEHICLE IN TRANSPORT,MM 6 5 I 440,NASHVILLE,TN,37210,81040,SOUTH,36.1242,-86.7451,POINT (-86.7451 36.1242)
20190135198,02/19/2019 12:00:00 AM,2,0,0,,Y,226098,5,SIDESWIPE - SAME DIRECTION,22,CLOUDY,9,UNKNOWN,12;14,MOTOR VEHICLE IN TRANSPORT;PARKED MOTOR VEHICLE,16TH AVN & CENTURY ST,NASHVILLE,TN,37208,4455,NORTH,36.1786,-86.8084,POINT (-86.8084 36.1786)
20190325646,04/27/2019 11:20:00 PM,2,0,0,,N,299262,11,Front to Rear,21,CLEAR,3,DARK - LIGHTED,12,MOTOR VEHICLE IN TRANSPORT,HERMITAGE AV & KOREAN VETERANS BLVD,NASHVILLE,TN,37201,4047,CENTRA,36.1583,-86.7719,POINT (-86.7719 36.1583)
20190142524,02/21/2019 04:35:00 PM,2,0,0,,Y,298837,4,ANGLE,2,RAIN,1,DAYLIGHT,12,MOTOR VEHICLE IN TRANSPORT,JAMES ROBERTSON PKWY & INTERSTATE DR,NASHVILLE,TN,37213,1105,CENTRA,36.1714,-86.769,POINT (-86.769 36.1714)
20190567178,07/30/2019 04:19:00 PM,2,0,0,,Y,267831,11,Front to Rear,21,CLEAR,1,DAYLIGHT,12,MOTOR VEHICLE IN TRANSPORT,BOSLEY SPRINGS RD & ST THOMAS DR,NASHVILLE,TN,37205,5111,WEST,36.128,-86.845,POINT (-86.845 36.128)
20190581241,08/05/2019 09:55:00 AM,2,0,0,,N,311339,11,Front to Rear,21,CLEAR,1,DAYLIGHT,12;24,MOTOR VEHICLE IN TRANSPORT;GUARDRAIL FACE,MM 209 6 I 40,NASHVILLE,TN,37203,40040,CENTRA,36.1497,-86.7832,POINT (-86.7832 36.1497)
20190251440,04/01/2019 04:38:00 PM,1,1,0,Y,N,281611,0,NOT COLLISION W/MOTOR VEHICLE-TRANSPORT,21,CLEAR,1,DAYLIGHT,1;30;34;63,UTILITY POLE;DITCH;Ran Off Road-Right,OLD HICKORY BLVD & BELLE FOREST CONDOS P,NASHVILLE,TN,37205,4903,WEST,36.0773,-86.9202,POINT (-86.9202 36.0773)
20190302973,04/19/2019 09:28:00 PM,2,0,0,,N,311337,4,ANGLE,2,RAIN,2,DARK - NOT LIGHTED,12,MOTOR VEHICLE IN TRANSPORT,OLD HICKORY BLVD & HADLEY AV,OLD HICKORY,TN,37138,9609,HERMIT,36.2525,-86.6478,POINT (-86.6478 36.2525)
20190329077,04/29/2019 12:55:00 PM,2,2,0,,N,887592,4,ANGLE,21,CLEAR,1,DAYLIGHT,12,MOTOR VEHICLE IN TRANSPORT,BRILEY PKWYN & GLASTONBURY RD,NASHVILLE,TN,37217,8998,HERMIT,36.1372,-86.6996,POINT (-86.6996 36.1372)
20190457225,06/16/2019 01:35:00 PM,2,0,0,,N,876581,11,Front to Rear,21,CLEAR,1,DAYLIGHT,12,MOTOR VEHICLE IN TRANSPORT,GALLATIN PKEN & RIVERGATE PKWY,MADISON,TN,37115,1731,MADISO,36.2973,-86.6988,POINT (-86.6988 36.2973)
20190488686,06/28/2019 11:54:00 AM,2,0,0,,Y,352183,11,Front to Rear,21,CLEAR,1,DAYLIGHT,12,MOTOR VEHICLE IN TRANSPORT,DIVISION ST & 16TH AVS,NASHVILLE,TN,37203,5703,MIDTOW,36.1522,-86.7919,POINT (-86.7919 36.1522)
20190299826,04/18/2019 04:59:00 PM,3,0,0,,N,256380,11,Front to Rear,21,CLEAR,1,DAYLIGHT,12,MOTOR VEHICLE IN TRANSPORT,4TH AVN & JEFFERSON ST,NASHVILLE,TN,37219,4235,CENTRA,36.1747,-86.7861,POINT (-86.7861 36.1747)
20190251476,04/01/2019 12:00:00 AM,2,1,0,,N,298861,4,ANGLE,21,CLEAR,1,DAYLIGHT,12,MOTOR VEHICLE IN TRANSPORT,FAIN ST & FAIRFIELD AV,NASHVILLE,TN,37210,8221,HERMIT,36.1516,-86.7567,POINT (-86.7567 36.1516)
20190407747,05/28/2019 04:54:00 PM,2,0,0,,N,714641,5,SIDESWIPE - SAME DIRECTION,21,CLEAR,1,DAYLIGHT,12,MOTOR VEHICLE IN TRANSPORT,ROSA L PARKS AV & ROSA L PARKS BLVD,NASHVILLE,TN,37203,4145,CENTRA,36.1617,-86.7839,POINT (-86.7839 36.1617)
20190226430,03/23/2019 03:47:00 PM,2,0,0,,Y,240966,11,Front to Rear,21,CLEAR,1,DAYLIGHT,12,MOTOR VEHICLE IN TRANSPORT,SPRING ST & DICKERSON PKE,NASHVILLE,TN,37207,1979,EAST,36.1765,-86.7702,POINT (-86.7702 36.1765)
20190292865,04/16/2019 05:00:00 PM,2,0,0,,N,161948,11,Front to Rear,21,CLEAR,1,DAYLIGHT,12,MOTOR VEHICLE IN TRANSPORT,BRILEY PKWYN & MUSIC VALLEY DR,NASHVILLE,TN,37214,92860,HERMIT,36.2225,-86.6937,POINT (-86.6937 36.2225)
20190301856,04/19/2019 11:19:00 AM,2,0,0,,N,414731,11,Front to Rear,2,RAIN,1,DAYLIGHT,12,MOTOR VEHICLE IN TRANSPORT,PARAGON MILLS RD & BENITA DR,NASHVILLE,TN,37211,8419,SOUTH,36.0886,-86.7171,POINT (-86.7171 36.0886)
20190234113,03/26/2019 08:45:00 AM,2,0,0,,N,330411,4,ANGLE,21,CLEAR,1,DAYLIGHT,12,MOTOR VEHICLE IN TRANSPORT,WEDGEWOOD AV & 17TH AVS,NASHVILLE,TN,37212,6611,MIDTOW,36.1369,-86.7958,POINT (-86.7958 36.1369)
20190544390,07/21/2019 11:30:00 AM,2,1,0,,N,876581,4,ANGLE,2,RAIN,1,DAYLIGHT,12,MOTOR VEHICLE IN TRANSPORT,GALLATIN PKEN & STATE RT 45,MADISON,TN,37115,1701,MADISO,36.2644,-86.7115,POINT (-86.7115 36.2644)
20190485325,06/27/2019 07:27:00 AM,2,0,0,,N,462474,11,Front to Rear,21,CLEAR,1,DAYLIGHT,12,MOTOR VEHICLE IN TRANSPORT,HOGAN RD & TROUSDALE DR,NASHVILLE,TN,37220,8615,MIDTOW,36.0652,-86.7592,POINT (-86.7592 36.0652)
20190112700,02/11/2019 12:00:00 PM,2,0,0,,N,191578,11,Front to Rear,22,CLOUDY,1,DAYLIGHT,12,MOTOR VEHICLE IN TRANSPORT,LEBANON PKE & TULIP GROVE RD,HERMITAGE,TN,37076,9727,HERMIT,36.2154,-86.5886,POINT (-86.5886 36.2154)
20190489244,06/28/2019 05:20:00 PM,2,3,0,,N,320582,4,ANGLE,21,CLEAR,1,DAYLIGHT,12,MOTOR VEHICLE IN TRANSPORT,BROADMOOR DR & SAUNDERS AV,NASHVILLE,TN,37216,1841,EAST,36.2297,-86.7325,POINT (-86.7325 36.2297)
20190013826,01/06/2019 11:40:00 AM,3,1,0,,Y,633390,3,REAR-TO-REAR,21,CLEAR,1,DAYLIGHT,12;14,MOTOR VEHICLE IN TRANSPORT;PARKED MOTOR VEHICLE,500 S 6TH ST,NASHVILLE,TN,37206,1011,EAST,36.1676,-86.7605,POINT (-86.7605 36.1676)