Accident Number,Date and Time,Number of Motor Vehicles,Number of Injuries,Number of Fatalities,Property Damage,Hit and Run,Reporting Officer,Collision Type Code,Collision Type Description,Weather Code,Weather Description,Illumination Code,Illumination Description,Harmful Code,Harmful Code Description,Street Address,City,State,ZIP,RPA,Precinct,Latitude,Longitude,Mapped Location
20190263694,04/05/2019 07:45:00 PM,2,0,0,,N,240960,11,Front to Rear,21,CLEAR,3,DARK - LIGHTED,12,MOTOR VEHICLE IN TRANSPORT,I24 W EXT RAMP & I 24,NASHVILLE,TN,37211,8829,SOUTH,36.1074,-86.7197,POINT (-86.7197 36.1074)
20190447045,06/12/2019 02:20:00 PM,4,0,0,Y,N,676834,0,NOT COLLISION W/MOTOR VEHICLE-TRANSPORT,21,CLEAR,1,DAYLIGHT,13;14;31;38,"MOTOR VEHICLE IN TRANSPORT-OTHER ROADWAY;PARKED MOTOR VEHICLE;OTHER POST, POLE, SUPP.;FENCE",CLARKSVILLE PKE & 25TH AVN,NASHVILLE,TN,37208,4419,NORTH,36.1855,-86.8172,POINT (-86.8172 36.1855)
20190388645,05/21/2019 04:13:00 PM,3,0,0,,N,256383,11,Front to Rear,21,CLEAR,1,DAYLIGHT,12,MOTOR VEHICLE IN TRANSPORT,OLD HICKORY BLVD & PRESERVE BLVD,ANTIOCH,TN,37013,8867,SOUTH,36.0324,-86.612,POINT (-86.612 36.0324)
20190040547,01/16/2019 08:10:00 AM,2,0,0,,N,420035,4,ANGLE,21,CLEAR,1,DAYLIGHT,12,MOTOR VEHICLE IN TRANSPORT,GALLATIN PKES & GALLATIN PKE,MADISON,TN,37115,1517,MADISO,36.2383,-86.724,POINT (-86.724 36.2383)
20190091995,02/03/2019 11:05:00 PM,1,1,0,,Y,279201,0,NOT COLLISION W/MOTOR VEHICLE-TRANSPORT,21,CLEAR,2,DARK - NOT LIGHTED,1,,MUSIC VALLEY DR & BRILEY PKWYE,NASHVILLE,TN,37214,9213,HERMIT,36.232,-86.7013,POINT (-86.7013 36.232)
20190434567,06/07/2019 03:40:00 PM,2,0,0,,Y,690942,11,Front to Rear,2,RAIN,1,DAYLIGHT,12,MOTOR VEHICLE IN TRANSPORT,6TH AVN & COMMERCE ST,NASHVILLE,TN,37219,4125,CENTRA,36.1616,-86.7808,POINT (-86.7808 36.1616)
20190301415,04/19/2019 08:42:00 AM,2,0,0,,N,572251,11,Front to Rear,2,RAIN,1,DAYLIGHT,12,MOTOR VEHICLE IN TRANSPORT,GALLATIN PKES & DUE WEST AVW,MADISON,TN,37115,1519,MADISO,36.2475,-86.7207,POINT (-86.7207 36.2475)
20190199509,03/14/2019 07:26:00 AM,2,0,0,,N,140790,4,ANGLE,22,CLOUDY,1,DAYLIGHT,12,MOTOR VEHICLE IN TRANSPORT,OLD HICKORY BLVD & JUAREZ DR,HERMITAGE,TN,37076,9531,HERMIT,36.1919,-86.6157,POINT (-86.6157 36.1919)
20190048220,01/18/2019 10:02:00 PM,2,0,0,,Y,311337,6,SIDESWIPE - OPPOSITE DIRECTION,21,CLEAR,2,DARK - NOT LIGHTED,12,MOTOR VEHICLE IN TRANSPORT,SMITH SPRINGS RD & CLEARLAKE DRW,NASHVILLE,TN,37217,8929,HERMIT,36.0891,-86.6143,POINT (-86.6143 36.0891)
20190068750,01/26/2019 04:27:00 PM,2,0,0,,N,240985,98,OTHER,21,CLEAR,1,DAYLIGHT,12,MOTOR VEHICLE IN TRANSPORT,HARDING PL & TROUSDALE DR,NASHVILLE,TN,37220,8601,MIDTOW,36.0811,-86.7584,POINT (-86.7584 36.0811)
20190234779,03/26/2019 02:07:00 PM,1,2,0,,N,225773,0,NOT COLLISION W/MOTOR VEHICLE-TRANSPORT,21,CLEAR,1,DAYLIGHT,24,GUARDRAIL FACE,MM 5 1 I 440,NASHVILLE,TN,37204,81061,MIDTOW,36.1176,-86.7692,POINT (-86.7692 36.1176)
20190275385,04/10/2019 09:30:00 AM,1,1,0,,N,226136,0,NOT COLLISION W/MOTOR VEHICLE-TRANSPORT,21,CLEAR,1,DAYLIGHT,1;63;7,Ran Off Road-Right,MM 51 1 I 24,NASHVILLE,TN,37210,81020,SOUTH,36.1315,-86.7272,POINT (-86.7272 36.1315)
20190486403,06/27/2019 12:00:00 AM,3,0,0,,Y,320580,98,OTHER,21,CLEAR,1,DAYLIGHT,12,MOTOR VEHICLE IN TRANSPORT,LEWIS ST & LAFAYETTE ST,NASHVILLE,TN,37210,8145,SOUTH,36.1083,-86.7324,POINT (-86.7324 36.1083)
20190236659,03/27/2019 05:41:00 AM,2,0,0,,N,109542,5,SIDESWIPE - SAME DIRECTION,21,CLEAR,3,DARK - LIGHTED,12,MOTOR VEHICLE IN TRANSPORT,2ND AVS & SHELBY ST PEDESTRIAN BRIDGE GR,NASHVILLE,TN,37201,4063,CENTRA,36.1608,-86.7745,POINT (-86.7745 36.1608)
20190228879,03/24/2019 04:45:00 PM,2,0,0,,N,420040,11,Front to Rear,21,CLEAR,1,DAYLIGHT,12,MOTOR VEHICLE IN TRANSPORT,WEST END AV & ORLEANS DR,NASHVILLE,TN,37212,5819,MIDTOW,36.1388,-86.8197,POINT (-86.8197 36.1388)
20190286240,04/14/2019 11:50:00 AM,2,0,0,,N,402660,4,ANGLE,21,CLEAR,1,DAYLIGHT,12,MOTOR VEHICLE IN TRANSPORT,WHITE BRIDGE PKE & KNOB RD,NASHVILLE,TN,37209,5105,WEST,36.1384,-86.8576,POINT (-86.8576 36.1384)
20190009689,01/04/2019 03:07:00 PM,2,0,0,,N,256424,11,Front to Rear,2,RAIN,1,DAYLIGHT,12,MOTOR VEHICLE IN TRANSPORT,MM 210 6 I 40,NASHVILLE,TN,37210,8202,HERMIT,36.1526,-86.7659,POINT (-86.7659 36.1526)
20190438713,06/09/2019 11:04:00 AM,1,0,0,Y,Y,474557,0,NOT COLLISION W/MOTOR VEHICLE-TRANSPORT,21,CLEAR,1,DAYLIGHT,40;72,MAIL BOX;EMBANKMENT ROCK/STONE/CONCRETE,PACKARD DR & FAIRLANE DR,ANTIOCH,TN,37013,8713,SOUTH,36.0611,-86.7026,POINT (-86.7026 36.0611)
20190472056,06/21/2019 09:05:00 PM,1,0,0,,N,256380,0,NOT COLLISION W/MOTOR VEHICLE-TRANSPORT,10,SEVERE CROSSWIND,1,DAYLIGHT,18,OTHER OBJECT (NOT FIXED),GARFIELD ST & DELTA AV,NASHVILLE,TN,37208,4347,NORTH,36.1798,-86.7987,POINT (-86.7987 36.1798)
20190141311,02/21/2019 09:01:00 AM,2,0,0,,N,299257,4,ANGLE,21,CLEAR,1,DAYLIGHT,12,MOTOR VEHICLE IN TRANSPORT,MM 56 3 I 24,NASHVILLE,TN,37211,8708,SOUTH,36.0778,-86.6951,POINT (-86.6951 36.0778)
20190213286,03/19/2019 10:09:00 AM,2,3,0,,N,226622,4,ANGLE,21,CLEAR,1,DAYLIGHT,12,MOTOR VEHICLE IN TRANSPORT,WOODMONT BLVD & HARDING PKE,NASHVILLE,TN,37205,6101,WEST,36.1245,-86.8472,POINT (-86.8472 36.1245)
20190035573,01/14/2019 04:29:00 PM,2,0,0,,Y,256389,11,Front to Rear,21,CLEAR,1,DAYLIGHT,12,MOTOR VEHICLE IN TRANSPORT,OLD HICKORY BLVD & CREEKSIDE CRSG,NASHVILLE,TN,37220,7111,MIDTOW,36.038,-86.7978,POINT (-86.7978 36.038)
20190537986,07/18/2019 04:54:00 PM,2,0,0,,N,342952,11,Front to Rear,21,CLEAR,1,DAYLIGHT,12,MOTOR VEHICLE IN TRANSPORT,TRAVELERS INN DR & LARGO DR,NASHVILLE,TN,37211,8705,SOUTH,36.0846,-86.7033,POINT (-86.7033 36.0846)
20190564790,07/29/2019 05:28:00 PM,2,0,0,,N,279225,11,Front to Rear,21,CLEAR,1,DAYLIGHT,12,MOTOR VEHICLE IN TRANSPORT,BELL RD & LINCOYA BAY DR,NASHVILLE,TN,37214,8957,HERMIT,36.1455,-86.6262,POINT (-86.6262 36.1455)
20190010756,01/04/2019 11:55:00 PM,2,0,0,,N,110062,0,NOT COLLISION W/MOTOR VEHICLE-TRANSPORT,21,CLEAR,3,DARK - LIGHTED,12;36,MOTOR VEHICLE IN TRANSPORT;CONCRETE TRAFFIC BARRIER,MM 48 0 I 24,NASHVILLE,TN,37213,1908,CENTRA,36.1759,-86.7721,POINT (-86.7721 36.1759)
20190304383,04/20/2019 12:44:00 PM,2,0,0,,Y,812949,11,Front to Rear,2,RAIN,1,DAYLIGHT,12,MOTOR VEHICLE IN TRANSPORT,MOORMANS ARM RD & CROUCH DR,NASHVILLE,TN,37207,3015,NORTH,36.2158,-86.8141,POINT (-86.8141 36.2158)
20190093173,02/04/2019 09:25:00 AM,1,0,0,,N,483529,0,NOT COLLISION W/MOTOR VEHICLE-TRANSPORT,2,RAIN,1,DAYLIGHT,36,CONCRETE TRAFFIC BARRIER,MM 47 8 I 24,NASHVILLE,TN,37207,1904,CENTRA,36.1775,-86.7731,POINT (-86.7731 36.1775)
20190429591,06/05/2019 08:08:00 PM,2,1,0,,Y,256386,6,SIDESWIPE - OPPOSITE DIRECTION,21,CLEAR,3,DARK - LIGHTED,12,MOTOR VEHICLE IN TRANSPORT,MM 215 8 I 40,NASHVILLE,TN,37217,89020,HERMIT,36.1424,-86.6815,POINT (-86.6815 36.1424)
20190511928,07/08/2019 09:19:00 AM,2,0,0,,N,279113,98,OTHER,21,CLEAR,1,DAYLIGHT,12,MOTOR VEHICLE IN TRANSPORT,MM 215 0 I 40,NASHVILLE,TN,37214,91021,HERMIT,36.1444,-86.6948,POINT (-86.6948 36.1444)
20190280973,04/12/2019 07:43:00 AM,1,0,0,,N,191578,0,NOT COLLISION W/MOTOR VEHICLE-TRANSPORT,2,RAIN,1,DAYLIGHT,36,CONCRETE TRAFFIC BARRIER,BRILEY PKWY N ENT RAMP & ELM HILL PKE WB,NASHVILLE,TN,37214,9107,HERMIT,36.1528,-86.6907,POINT (-86.6907 36.1528)
20190435649,06/08/2019 01:08:00 AM,2,1,0,,N,197053,4,ANGLE,21,CLEAR,3,DARK - LIGHTED,12;34,MOTOR VEHICLE IN TRANSPORT;DITCH,TRAVELERS INN DR & HARDING PL,NASHVILLE,TN,37211,8705,SOUTH,36.0849,-86.7034,POINT (-86.7034 36.0849)
20190397624,05/24/2019 02:05:00 PM,2,1,0,,N,256428,4,ANGLE,21,CLEAR,1,DAYLIGHT,12,MOTOR VEHICLE IN TRANSPORT,DONALD ST & DICKERSON PKE,NASHVILLE,TN,37207,1833,EAST,36.2115,-86.7653,POINT (-86.7653 36.2115)
20190390651,05/22/2019 08:52:00 AM,2,0,0,,N,834798,4,ANGLE,21,CLEAR,1,DAYLIGHT,12,MOTOR VEHICLE IN TRANSPORT,I65 N EXT RAMP & HARDING PL,NASHVILLE,TN,37220,8601,MIDTOW,36.0821,-86.7617,POINT (-86.7617 36.0821)
20190492375,06/29/2019 11:45:00 PM,2,0,0,,Y,332215,5,SIDESWIPE - SAME DIRECTION,21,CLEAR,7,Dark-Unknown Lighting,12;33;99,MOTOR VEHICLE IN TRANSPORT;CURB;UNKNOWN MOST HARMFUL EVENT,KENDALL DR & WHITE BRIDGE PKE,NASHVILLE,TN,37209,5105,WEST,36.1393,-86.8555,POINT (-86.8555 36.1393)
20190093048,02/04/2019 08:30:00 AM,2,0,0,,N,714648,4,ANGLE,22,CLOUDY,1,DAYLIGHT,12,MOTOR VEHICLE IN TRANSPORT,GALLATIN PKE & E TRINITY LN,NASHVILLE,TN,37216,1837,EAST,36.205,-86.7376,POINT (-86.7376 36.205)
20190174990,03/05/2019 03:10:00 PM,2,2,0,,N,212330,4,ANGLE,21,CLEAR,1,DAYLIGHT,12,MOTOR VEHICLE IN TRANSPORT,I440 W ENT RAMP & I 440,NASHVILLE,TN,37211,8043,MIDTOW,36.1238,-86.7516,POINT (-86.7516 36.1238)
20190377665,05/17/2019 08:46:00 AM,2,0,0,,N,544481,11,Front to Rear,21,CLEAR,1,DAYLIGHT,12,MOTOR VEHICLE IN TRANSPORT,ELLINGTON PKWYS & ELLINGTON PKWY S ENT R,NASHVILLE,TN,37207,1996,EAST,36.1828,-86.7615,POINT (-86.7615 36.1828)
20190509817,07/06/2019 11:55:00 PM,2,1,0,,N,163667,4,ANGLE,21,CLEAR,3,DARK - LIGHTED,12,MOTOR VEHICLE IN TRANSPORT,CAMERON ST & 2ND AVS,NASHVILLE,TN,37210,8153,SOUTH,36.1483,-86.767,POINT (-86.767 36.1483)
20190152107,02/25/2019 10:18:00 AM,1,0,0,,N,298864,0,NOT COLLISION W/MOTOR VEHICLE-TRANSPORT,21,CLEAR,1,DAYLIGHT,18,OTHER OBJECT (NOT FIXED),MM 93 1 I 65,MADISON,TN,37115,17062,MADISO,36.2769,-86.7351,POINT (-86.7351 36.2769)
20190467824,06/20/2019 10:45:00 AM,1,0,0,Y,Y,665896,0,NOT COLLISION W/MOTOR VEHICLE-TRANSPORT,22,CLOUDY,1,DAYLIGHT,30,UTILITY POLE,DOUGLAS AV & N 2ND ST,NASHVILLE,TN,37207,1911,EAST,36.1942,-86.7705,POINT (-86.7705 36.1942)
20190236855,03/27/2019 07:43:00 AM,2,2,0,,N,299243,4,ANGLE,21,CLEAR,1,DAYLIGHT,12,MOTOR VEHICLE IN TRANSPORT,5TH AVS & BROADWAY,NASHVILLE,TN,37203,4089,CENTRA,36.1605,-86.7784,POINT (-86.7784 36.1605)
20190499949,07/02/2019 11:30:00 PM,2,0,0,,Y,109542,5,SIDESWIPE - SAME DIRECTION,21,CLEAR,3,DARK - LIGHTED,12,MOTOR VEHICLE IN TRANSPORT,3RD AVN & COMMERCE ST,NASHVILLE,TN,37201,4105,CENTRA,36.1627,-86.7767,POINT (-86.7767 36.1627)
20190191663,03/11/2019 04:15:00 PM,2,0,0,,Y,420040,11,Front to Rear,21,CLEAR,1,DAYLIGHT,12,MOTOR VEHICLE IN TRANSPORT,PARK PLZ & 31ST AVN,NASHVILLE,TN,37203,5621,MIDTOW,36.1499,-86.8179,POINT (-86.8179 36.1499)
20190382452,05/19/2019 02:30:00 AM,2,0,0,,Y,474557,4,ANGLE,21,CLEAR,7,Dark-Unknown Lighting,14,PARKED MOTOR VEHICLE,OAK FOREST DR & CLAPHAM RD,ANTIOCH,TN,37013,8891,SOUTH,36.0787,-86.6482,POINT (-86.6482 36.0787)
20190219356,03/21/2019 05:25:00 AM,2,0,0,,Y,240964,2,HEAD-ON,21,CLEAR,3,DARK - LIGHTED,55,Motor Vehicle-In-Motion Outside Trafficw,4100 LEBANON PKE,OLD HICKORY,TN,37138,9739,HERMIT,36.1984,-86.6202,POINT (-86.6202 36.1984)
20190295883,04/17/2019 01:30:00 PM,2,0,0,,N,352169,11,Front to Rear,21,CLEAR,1,DAYLIGHT,12,MOTOR VEHICLE IN TRANSPORT,ESTES RD & WOODMONT BLVD,NASHVILLE,TN,37215,6103,WEST,36.1165,-86.8365,POINT (-86.8365 36.1165)
20190091554,02/03/2019 04:28:00 PM,2,0,0,,N,197054,4,ANGLE,21,CLEAR,1,DAYLIGHT,12,MOTOR VEHICLE IN TRANSPORT,WILHAGAN RD & MURFREESBORO PKE,NASHVILLE,TN,37217,8815,HERMIT,36.0833,-86.702,POINT (-86.702 36.0833)
20190262141,04/05/2019 08:55:00 AM,1,1,0,Y,N,226622,0,NOT COLLISION W/MOTOR VEHICLE-TRANSPORT,22,CLOUDY,1,DAYLIGHT,38;63,FENCE;Ran Off Road-Right,INDIAN CREEK RD & INDIAN CREEK RD PVTDR,NASHVILLE,TN,37209,4707,WEST,36.1365,-86.9662,POINT (-86.9662 36.1365)
20190558210,07/26/2019 06:00:00 PM,2,0,0,,N,352166,4,ANGLE,21,CLEAR,1,DAYLIGHT,12,MOTOR VEHICLE IN TRANSPORT,5TH AVN & JEFFERSON ST,NASHVILLE,TN,37219,4235,CENTRA,36.1743,-86.7874,POINT (-86.7874 36.1743)
20190433347,06/07/2019 04:40:00 AM,2,0,0,,N,311800,4,ANGLE,2,RAIN,3,DARK - LIGHTED,12,MOTOR VEHICLE IN TRANSPORT,CHURCH ST & 2ND AVN,NASHVILLE,TN,37201,4101,CENTRA,36.1646,-86.7768,POINT (-86.7768 36.1646)
20190547644,07/22/2019 05:48:00 PM,2,0,0,,Y,179583,11,Front to Rear,21,CLEAR,1,DAYLIGHT,12,MOTOR VEHICLE IN TRANSPORT,MURFREESBORO PKE & ELM HILL PKE,NASHVILLE,TN,37210,8119,SOUTH,36.1446,-86.7498,POINT (-86.7498 36.1446)
20190398704,05/24/2019 09:32:00 PM,2,0,0,,N,240955,11,Front to Rear,21,CLEAR,3,DARK - LIGHTED,12,MOTOR VEHICLE IN TRANSPORT,MURFREESBORO PKE & HICKORY WOODS DR,ANTIOCH,TN,37013,8967,SOUTH,36.0264,-86.5884,POINT (-86.5884 36.0264)
20190185200,03/08/2019 08:47:00 PM,2,0,0,,Y,299266,4,ANGLE,2,RAIN,2,DARK - NOT LIGHTED,12,MOTOR VEHICLE IN TRANSPORT,HARDING PL & METROPLEX DR,NASHVILLE,TN,37211,8889,SOUTH,36.0868,-86.6959,POINT (-86.6959 36.0868)
20190409955,05/29/2019 11:19:00 AM,2,0,0,,N,834798,5,SIDESWIPE - SAME DIRECTION,21,CLEAR,1,DAYLIGHT,12,MOTOR VEHICLE IN TRANSPORT,MM 6 0 I 440,NASHVILLE,TN,37211,81060,MIDTOW,36.1217,-86.7565,POINT (-86.7565 36.1217)
20190365365,05/13/2019 07:45:00 AM,2,0,0,,N,320588,11,Front to Rear,21,CLEAR,1,DAYLIGHT,12,MOTOR VEHICLE IN TRANSPORT,MM 208 4 I 40,NASHVILLE,TN,37203,54024,NORTH,36.165,-86.7943,POINT (-86.7943 36.165)
20190328389,04/29/2019 07:25:00 AM,3,1,0,,N,224797,11,Front to Rear,21,CLEAR,1,DAYLIGHT,12,MOTOR VEHICLE IN TRANSPORT,MM 204 0 I 40,NASHVILLE,TN,37209,50024,WEST,36.1522,-86.8581,POINT (-86.8581 36.1522)
20190242911,03/29/2019 06:35:00 AM,3,0,0,,N,716886,11,Front to Rear,21,CLEAR,1,DAYLIGHT,12,MOTOR VEHICLE IN TRANSPORT,I24E & I24 E ENT RAMP,NASHVILLE,TN,37210,8102,SOUTH,36.1363,-86.727,POINT (-86.727 36.1363)
20190504607,07/04/2019 04:55:00 PM,1,0,0,Y,Y,717341,0,NOT COLLISION W/MOTOR VEHICLE-TRANSPORT,2,RAIN,1,DAYLIGHT,33;43;63,CURB;OTHER FIXED OBJECTS;Ran Off Road-Right,OLD HICKORY BLVD & LEGACY DR,ANTIOCH,TN,37013,8767,SOUTH,36.0057,-86.6554,POINT (-86.6554 36.0057)
20190380058,05/18/2019 04:17:00 AM,1,1,0,,N,240964,0,NOT COLLISION W/MOTOR VEHICLE-TRANSPORT,21,CLEAR,2,DARK - NOT LIGHTED,1;30;32;64,UTILITY POLE;CULVERT;Ran Off Road-Left,TULIP GROVE RD & ROCKWOOD DR,HERMITAGE,TN,37076,9557,HERMIT,36.1758,-86.5945,POINT (-86.5945 36.1758)
20190031537,01/13/2019 12:00:00 AM,1,0,0,Y,Y,166477,0,NOT COLLISION W/MOTOR VEHICLE-TRANSPORT,2,RAIN,3,DARK - LIGHTED,30;63,UTILITY POLE;Ran Off Road-Right,WALLACE RD & BROOKRIDGE TRL,NASHVILLE,TN,37211,8701,SOUTH,36.0791,-86.7208,POINT (-86.7208 36.0791)
20190086989,02/01/2019 03:35:00 PM,1,1,0,,N,714641,0,NOT COLLISION W/MOTOR VEHICLE-TRANSPORT,21,CLEAR,1,DAYLIGHT,8,PEDESTRIAN,4TH AVS & KOREAN VETERANS BLVD,NASHVILLE,TN,37201,4047,CENTRA,36.1569,-86.7745,POINT (-86.7745 36.1569)
20190554770,07/25/2019 10:10:00 AM,2,0,0,,N,676834,11,Front to Rear,21,CLEAR,1,DAYLIGHT,12,MOTOR VEHICLE IN TRANSPORT,MM 41 9 I 24,WHITES CREEK,TN,37189,20161,MADISO,36.2591,-86.7877,POINT (-86.7877 36.2591)
20190085992,02/01/2019 09:18:00 AM,2,0,0,,N,405404,11,Front to Rear,21,CLEAR,1,DAYLIGHT,12,MOTOR VEHICLE IN TRANSPORT,24TH AVS & BLAKEMORE AV,NASHVILLE,TN,37212,5823,MIDTOW,36.138,-86.8051,POINT (-86.8051 36.138)
20190054382,01/21/2019 04:24:00 PM,2,0,0,,N,298867,11,Front to Rear,21,CLEAR,1,DAYLIGHT,12,MOTOR VEHICLE IN TRANSPORT,MM 47 9 I 24,NASHVILLE,TN,37207,1904,CENTRA,36.1775,-86.7731,POINT (-86.7731 36.1775)
20190232066,03/25/2019 05:35:00 PM,2,0,0,,N,256417,11,Front to Rear,22,CLOUDY,1,DAYLIGHT,12,MOTOR VEHICLE IN TRANSPORT,OLD HICKORY BLVD & SHUTE LN,OLD HICKORY,TN,37138,9713,HERMIT,36.2323,-86.6247,POINT (-86.6247 36.2323)
20190337115,05/02/2019 07:15:00 AM,2,3,0,,N,191578,4,ANGLE,21,CLEAR,1,DAYLIGHT,12,MOTOR VEHICLE IN TRANSPORT,ANDERSON & NEW TOWNE,ANTIOCH,TN,37013,8975,SOUTH,36.074,-86.6089,POINT (-86.6089 36.074)
20190097642,02/05/2019 05:10:00 PM,1,0,0,Y,Y,690942,9,UNKNOWN,21,CLEAR,1,DAYLIGHT,99,UNKNOWN MOST HARMFUL EVENT,705 2ND AVS,NASHVILLE,TN,37210,4005,CENTRA,36.1541,-86.7702,POINT (-86.7702 36.1541)
20190546532,07/22/2019 10:50:00 AM,2,0,0,,N,109534,5,SIDESWIPE - SAME DIRECTION,21,CLEAR,1,DAYLIGHT,12,MOTOR VEHICLE IN TRANSPORT,MM 211 8 I 40,NASHVILLE,TN,37210,90022,HERMIT,36.149,-86.7465,POINT (-86.7465 36.149)
20190099947,02/06/2019 11:02:00 AM,2,0,0,,N,226136,11,Front to Rear,2,RAIN,1,DAYLIGHT,12,MOTOR VEHICLE IN TRANSPORT,HILLSBORO PKE & I440 E EXT RAMP,NASHVILLE,TN,37215,6419,MIDTOW,36.123,-86.8068,POINT (-86.8068 36.123)
20190088840,02/02/2019 08:50:00 AM,2,0,0,,N,799013,11,Front to Rear,22,CLOUDY,1,DAYLIGHT,12,MOTOR VEHICLE IN TRANSPORT,MCGAVOCK PKE & MCGAVOCK PKE WB ENT RAMP,NASHVILLE,TN,37214,9288,HERMIT,36.2169,-86.6935,POINT (-86.6935 36.2169)
20190334174,05/01/2019 05:50:00 AM,2,0,0,,N,352207,5,SIDESWIPE - SAME DIRECTION,21,CLEAR,1,DAYLIGHT,12,MOTOR VEHICLE IN TRANSPORT,MM 59 0 I 24,ANTIOCH,TN,37013,8808,SOUTH,36.049,-86.6651,POINT (-86.6651 36.049)
20190354606,05/08/2019 09:30:00 PM,2,0,0,,N,179582,11,Front to Rear,21,CLEAR,3,DARK - LIGHTED,12,MOTOR VEHICLE IN TRANSPORT,HARDING PL & JONQUIL DR,NASHVILLE,TN,37211,8705,SOUTH,36.0804,-86.7179,POINT (-86.7179 36.0804)
20190003002,01/02/2019 07:16:00 AM,2,0,0,,N,191578,11,Front to Rear,22,CLOUDY,4,DAWN,12,MOTOR VEHICLE IN TRANSPORT,OLD HICKORY BLVD & 2ND ST,OLD HICKORY,TN,37138,9717,HERMIT,36.2168,-86.6235,POINT (-86.6235 36.2168)
20190034261,01/14/2019 12:00:00 AM,2,0,0,,N,298865,11,Front to Rear,21,CLEAR,1,DAYLIGHT,12,MOTOR VEHICLE IN TRANSPORT,I65 S EXT RAMP & I 65,MADISON,TN,37115,20044,MADISO,36.2481,-86.743,POINT (-86.743 36.2481)
20190171760,03/04/2019 02:40:00 PM,2,0,0,,N,206675,11,Front to Rear,21,CLEAR,1,DAYLIGHT,12,MOTOR VEHICLE IN TRANSPORT,MM 4 0 I 440,NASHVILLE,TN,37204,7010,MIDTOW,36.1161,-86.7901,POINT (-86.7901 36.1161)
20190474238,06/22/2019 11:25:00 PM,3,0,0,,N,212335,11,Front to Rear,22,CLOUDY,3,DARK - LIGHTED,12,MOTOR VEHICLE IN TRANSPORT,6TH AVN & COMMERCE ST,NASHVILLE,TN,37219,4125,CENTRA,36.1616,-86.7808,POINT (-86.7808 36.1616)
20190048492,01/19/2019 12:50:00 AM,1,0,0,Y,N,109531,0,NOT COLLISION W/MOTOR VEHICLE-TRANSPORT,2,RAIN,2,DARK - NOT LIGHTED,1;32;34,CULVERT;DITCH,GREENLAND AV & GALLATIN PKE,NASHVILLE,TN,37216,1425,EAST,36.2228,-86.7258,POINT (-86.7258 36.2228)
20190180577,03/07/2019 07:09:00 AM,2,0,0,,N,591936,5,SIDESWIPE - SAME DIRECTION,21,CLEAR,1,DAYLIGHT,12,MOTOR VEHICLE IN TRANSPORT,MM 80 5 I 65,NASHVILLE,TN,37204,69020,MIDTOW,36.1226,-86.7733,POINT (-86.7733 36.1226)
20190549718,07/23/2019 02:50:00 PM,2,0,0,,N,134899,4,ANGLE,21,CLEAR,1,DAYLIGHT,12,MOTOR VEHICLE IN TRANSPORT,ELM HILL PKE & ELM HILL PKE EB EXT RAMP,NASHVILLE,TN,37210,9041,HERMIT,36.1513,-86.6916,POINT (-86.6916 36.1513)
20190464885,06/19/2019 11:17:00 AM,1,1,0,Y,N,226622,0,NOT COLLISION W/MOTOR VEHICLE-TRANSPORT,21,CLEAR,1,DAYLIGHT,1;24;42;63,GUARDRAIL FACE;TREE;Ran Off Road-Right,HARDING PL & HILLSBORO PKE,NASHVILLE,TN,37215,6311,MIDTOW,36.0914,-86.8285,POINT (-86.8285 36.0914)
20190574561,08/02/2019 11:40:00 AM,3,2,0,,N,352197,11,Front to Rear,21,CLEAR,1,DAYLIGHT,12,MOTOR VEHICLE IN TRANSPORT,THOMPSON LN & SIMMONS AV,NASHVILLE,TN,37211,8425,SOUTH,36.1106,-86.7413,POINT (-86.7413 36.1106)
20190136481,02/19/2019 06:02:00 PM,2,0,0,,N,279225,5,SIDESWIPE - SAME DIRECTION,2,RAIN,2,DARK - NOT LIGHTED,12,MOTOR VEHICLE IN TRANSPORT,MM 215 1 I 40,NASHVILLE,TN,37214,91021,HERMIT,36.1443,-86.6934,POINT (-86.6934 36.1443)
20190552792,07/24/2019 04:04:00 PM,3,1,0,,Y,299241,4,ANGLE,21,CLEAR,1,DAYLIGHT,12,MOTOR VEHICLE IN TRANSPORT,MM 215 0 I 40,NASHVILLE,TN,37214,91021,HERMIT,36.1444,-86.6948,POINT (-86.6948 36.1444)
20190418680,06/01/2019 02:01:00 PM,2,0,0,,N,320586,4,ANGLE,21,CLEAR,1,DAYLIGHT,12,MOTOR VEHICLE IN TRANSPORT,NOLENSVILLE PKE & WOODYCREST AV,NASHVILLE,TN,37211,8041,MIDTOW,36.1312,-86.7562,POINT (-86.7562 36.1312)
20190083658,01/31/2019 02:27:00 PM,2,1,0,,N,580819,0,NOT COLLISION W/MOTOR VEHICLE-TRANSPORT,21,CLEAR,1,DAYLIGHT,12;27;33;42,MOTOR VEHICLE IN TRANSPORT;H-WAY TRAFFIC SIGNAL POST;CURB;TREE,8TH AVS & LAFAYETTE ST,NASHVILLE,TN,37203,4043,CENTRA,36.1546,-86.7792,POINT (-86.7792 36.1546)
20190426397,06/04/2019 04:44:00 PM,2,0,0,,N,267831,5,SIDESWIPE - SAME DIRECTION,21,CLEAR,1,DAYLIGHT,12,MOTOR VEHICLE IN TRANSPORT,WHITE BRIDGE PKE & CHARLOTTE PKE,NASHVILLE,TN,37209,5033,WEST,36.1494,-86.8579,POINT (-86.8579 36.1494)
20190317118,04/24/2019 06:01:00 PM,2,0,0,,N,197054,5,SIDESWIPE - SAME DIRECTION,21,CLEAR,1,DAYLIGHT,12,MOTOR VEHICLE IN TRANSPORT,MM 52 0 I 24,NASHVILLE,TN,37217,8816,SOUTH,36.1329,-86.7267,POINT (-86.7267 36.1329)