Accident Number,Date and Time,Number of Motor Vehicles,Number of Injuries,Number of Fatalities,Property Damage,Hit and Run,Reporting Officer,Collision Type Code,Collision Type Description,Weather Code,Weather Description,Illumination Code,Illumination Description,Harmful Code,Harmful Code Description,Street Address,City,State,ZIP,RPA,Precinct,Latitude,Longitude,Mapped Location
20190302549,04/19/2019 05:50:00 PM,5,2,0,,N,352164,11,Front to Rear,2,RAIN,1,DAYLIGHT,12,MOTOR VEHICLE IN TRANSPORT,MM 214 5 I 40,NASHVILLE,TN,37217,88022,HERMIT,36.1434,-86.7031,POINT (-86.7031 36.1434)
20190567901,07/30/2019 09:56:00 PM,2,0,0,,Y,405424,4,ANGLE,21,CLEAR,3,DARK - LIGHTED,12,MOTOR VEHICLE IN TRANSPORT,STEWARTS FERRY PKE & PERCY PRIEST DR,NASHVILLE,TN,37214,8955,HERMIT,36.1539,-86.6256,POINT (-86.6256 36.1539)
20190320299,04/25/2019 07:01:00 PM,2,1,0,,N,414668,11,Front to Rear,22,CLOUDY,2,DARK - NOT LIGHTED,12,MOTOR VEHICLE IN TRANSPORT,I65 S EXT RAMP & I 65,MADISON,TN,37115,20044,MADISO,36.2481,-86.743,POINT (-86.743 36.2481)
20190447876,06/12/2019 07:45:00 PM,2,0,0,,N,206964,5,SIDESWIPE - SAME DIRECTION,22,CLOUDY,5,DUSK,12,MOTOR VEHICLE IN TRANSPORT,EAST THOMPSON LN & BRILEY PKWYN,NASHVILLE,TN,37211,8337,SOUTH,36.1095,-86.728,POINT (-86.728 36.1095)
20190300752,04/19/2019 02:23:00 AM,1,0,0,Y,Y,879558,0,NOT COLLISION W/MOTOR VEHICLE-TRANSPORT,21,CLEAR,3,DARK - LIGHTED,30,UTILITY POLE,MASSMAN DR & MASSMAN MANOR DR,NASHVILLE,TN,37217,8825,HERMIT,36.1324,-86.701,POINT (-86.701 36.1324)
20190371669,05/15/2019 10:20:00 AM,2,0,0,,N,352158,11,Front to Rear,2,RAIN,1,DAYLIGHT,12,MOTOR VEHICLE IN TRANSPORT,OLD HICKORY BLVD & ST REGIS CT,NASHVILLE,TN,37215,6305,MIDTOW,36.042,-86.8337,POINT (-86.8337 36.042)
20190191718,03/11/2019 04:54:00 PM,2,0,0,,N,714641,5,SIDESWIPE - SAME DIRECTION,21,CLEAR,1,DAYLIGHT,12,MOTOR VEHICLE IN TRANSPORT,KOREAN VETERANS BLVD & 4TH AVS,NASHVILLE,TN,37203,4055,CENTRA,36.1569,-86.7752,POINT (-86.7752 36.1569)
20190538749,07/19/2019 02:09:00 AM,1,0,0,,N,156308,0,NOT COLLISION W/MOTOR VEHICLE-TRANSPORT,21,CLEAR,3,DARK - LIGHTED,31,"OTHER POST, POLE, SUPP.",4TH AVN & MADISON ST,NASHVILLE,TN,37208,4309,NORTH,36.1758,-86.7868,POINT (-86.7868 36.1758)
20190270948,04/08/2019 08:17:00 PM,2,1,0,,N,596389,5,SIDESWIPE - SAME DIRECTION,22,CLOUDY,2,DARK - NOT LIGHTED,12;72,MOTOR VEHICLE IN TRANSPORT;EMBANKMENT ROCK/STONE/CONCRETE,MM 195 3 I 40,NASHVILLE,TN,37221,4704,WEST,36.0743,-86.9721,POINT (-86.9721 36.0743)
20190485782,06/27/2019 11:00:00 AM,2,0,0,,N,352155,5,SIDESWIPE - SAME DIRECTION,21,CLEAR,1,DAYLIGHT,12,MOTOR VEHICLE IN TRANSPORT,I24 E EXT RAMP & OLD HICKORY BLVD,WHITES CREEK,TN,37189,3301,NORTH,36.2769,-86.8011,POINT (-86.8011 36.2769)
20190488062,06/28/2019 07:50:00 AM,2,0,0,,Y,665896,11,Front to Rear,21,CLEAR,1,DAYLIGHT,12,MOTOR VEHICLE IN TRANSPORT,ELLINGTON PKWYS & APEX ST,NASHVILLE,TN,37206,1992,EAST,36.1872,-86.7569,POINT (-86.7569 36.1872)
20190103165,02/07/2019 01:35:00 PM,2,0,0,,N,134899,11,Front to Rear,21,CLEAR,1,DAYLIGHT,12,MOTOR VEHICLE IN TRANSPORT,OLD HICKORY BLVD & LEBANON PKE,HERMITAGE,TN,37076,9613,HERMIT,36.1983,-86.6201,POINT (-86.6201 36.1983)
20190223699,03/22/2019 01:12:00 PM,2,0,0,,N,299243,5,SIDESWIPE - SAME DIRECTION,21,CLEAR,1,DAYLIGHT,12,MOTOR VEHICLE IN TRANSPORT,WOODLAND ST & S 1ST ST,NASHVILLE,TN,37213,1133,CENTRA,36.1692,-86.7719,POINT (-86.7719 36.1692)
20190417664,06/01/2019 01:08:00 AM,2,0,0,,Y,197067,4,ANGLE,21,CLEAR,3,DARK - LIGHTED,12,MOTOR VEHICLE IN TRANSPORT,BROADWAY & 4TH AVN,NASHVILLE,TN,37203,4091,CENTRA,36.161,-86.7772,POINT (-86.7772 36.161)
20190403737,05/27/2019 05:15:00 AM,1,0,0,,N,279201,0,NOT COLLISION W/MOTOR VEHICLE-TRANSPORT,21,CLEAR,1,DAYLIGHT,11,OTHER ANIMAL,PENNINGTON BEND RD & BARTON LN,NASHVILLE,TN,37214,9215,HERMIT,36.2287,-86.6913,POINT (-86.6913 36.2287)
20190540966,07/19/2019 09:08:00 PM,1,0,0,Y,Y,299266,0,NOT COLLISION W/MOTOR VEHICLE-TRANSPORT,21,CLEAR,2,DARK - NOT LIGHTED,38;42,FENCE;TREE,RURAL HILL RD & EVANFIELD CT,ANTIOCH,TN,37013,8861,SOUTH,36.0661,-86.6444,POINT (-86.6444 36.0661)
20190401014,05/25/2019 06:53:00 PM,1,0,0,Y,Y,352201,0,NOT COLLISION W/MOTOR VEHICLE-TRANSPORT,21,CLEAR,2,DARK - NOT LIGHTED,1;34;47;63,DITCH;FIRE HYDRANT;Ran Off Road-Right,AMERICAN RD & CHARLOTTE PKE,NASHVILLE,TN,37209,5023,WEST,36.1448,-86.8731,POINT (-86.8731 36.1448)
20190536465,07/18/2019 06:11:00 AM,2,0,0,,N,716886,5,SIDESWIPE - SAME DIRECTION,21,CLEAR,1,DAYLIGHT,12,MOTOR VEHICLE IN TRANSPORT,I440 W ENT RAMP & I 24,NASHVILLE,TN,37217,8801,SOUTH,36.1232,-86.7263,POINT (-86.7263 36.1232)
20190411556,05/29/2019 09:30:00 PM,2,0,0,,N,197053,11,Front to Rear,21,CLEAR,3,DARK - LIGHTED,12,MOTOR VEHICLE IN TRANSPORT,MM 5 5 I 440,NASHVILLE,TN,37204,83062,MIDTOW,36.1211,-86.7641,POINT (-86.7641 36.1211)
20190139777,02/20/2019 12:00:00 AM,2,1,0,,N,279118,4,ANGLE,2,RAIN,2,DARK - NOT LIGHTED,12,MOTOR VEHICLE IN TRANSPORT,HAYWOOD LN & HOLLIS HILL DR,NASHVILLE,TN,37211,8711,SOUTH,36.0684,-86.7119,POINT (-86.7119 36.0684)
20190526224,07/14/2019 12:00:00 AM,1,0,0,Y,Y,284059,0,NOT COLLISION W/MOTOR VEHICLE-TRANSPORT,99,UNKNOWN,9,UNKNOWN,47,FIRE HYDRANT,MOORMANS ARM RD & WHITES CREEK PKE,NASHVILLE,TN,37207,3033,NORTH,36.2182,-86.8042,POINT (-86.8042 36.2182)
20190459901,06/17/2019 02:58:00 PM,1,1,0,Y,N,256446,0,NOT COLLISION W/MOTOR VEHICLE-TRANSPORT,21,CLEAR,1,DAYLIGHT,25,GUARDRAIL END,MM 62 4 I 24,ANTIOCH,TN,37013,8806,SOUTH,36.0157,-86.6218,POINT (-86.6218 36.0157)
20190323824,04/27/2019 12:17:00 AM,1,0,0,Y,N,197053,0,NOT COLLISION W/MOTOR VEHICLE-TRANSPORT,21,CLEAR,3,DARK - LIGHTED,19;42,BUILDING;TREE,920 CURREY RD,NASHVILLE,TN,37217,8839,SOUTH,36.1084,-86.7095,POINT (-86.7095 36.1084)
20190567870,07/30/2019 10:28:00 PM,2,2,0,,N,256389,4,ANGLE,21,CLEAR,2,DARK - NOT LIGHTED,12,MOTOR VEHICLE IN TRANSPORT,NOLENSVILLE PKE & HICKORYVIEW DR,NASHVILLE,TN,37211,8717,SOUTH,36.0488,-86.7137,POINT (-86.7137 36.0488)
20190259207,04/04/2019 07:11:00 AM,2,0,0,,N,191578,11,Front to Rear,21,CLEAR,1,DAYLIGHT,12,MOTOR VEHICLE IN TRANSPORT,MURFREESBORO PKE & FAIRCLOTH LN,NASHVILLE,TN,37217,8947,HERMIT,36.1032,-86.6665,POINT (-86.6665 36.1032)
20190108392,02/09/2019 01:19:00 PM,2,0,0,,N,212369,4,ANGLE,21,CLEAR,1,DAYLIGHT,12,MOTOR VEHICLE IN TRANSPORT,HARDING PL & NOLENSVILLE PKE,NASHVILLE,TN,37211,8501,MIDTOW,36.0795,-86.7268,POINT (-86.7268 36.0795)
20190139267,02/20/2019 04:43:00 PM,2,0,0,,N,151132,4,ANGLE,22,CLOUDY,1,DAYLIGHT,12,MOTOR VEHICLE IN TRANSPORT,MASONWOOD DR & BRICK CHURCH PKE,NASHVILLE,TN,37207,2013,MADISO,36.2428,-86.7805,POINT (-86.7805 36.2428)
20190207907,03/17/2019 01:30:00 PM,2,0,0,,N,909494,16,Rear to Side,21,CLEAR,1,DAYLIGHT,14,PARKED MOTOR VEHICLE,EDITH AV & MERIDIAN ST,NASHVILLE,TN,37207,1869,EAST,36.2023,-86.764,POINT (-86.764 36.2023)
20190566770,07/30/2019 12:56:00 PM,2,0,0,,N,544481,4,ANGLE,22,CLOUDY,1,DAYLIGHT,12,MOTOR VEHICLE IN TRANSPORT,CHICAMAUGA AV & MCFERRIN AV,NASHVILLE,TN,37206,1929,EAST,36.1853,-86.7543,POINT (-86.7543 36.1853)
20190474779,06/22/2019 07:48:00 PM,2,0,0,,Y,834798,3,REAR-TO-REAR,21,CLEAR,1,DAYLIGHT,14,PARKED MOTOR VEHICLE,BURTON HILLS BLVD & SEVEN HILLS BLVD,NASHVILLE,TN,37215,6403,MIDTOW,36.0939,-86.8211,POINT (-86.8211 36.0939)
20190384958,05/20/2019 12:15:00 PM,2,0,0,,N,320588,5,SIDESWIPE - SAME DIRECTION,21,CLEAR,1,DAYLIGHT,14,PARKED MOTOR VEHICLE,MM 34 9 I 24,JOELTON,TN,37080,33160,NORTH,36.3241,-86.8687,POINT (-86.8687 36.3241)
20190133171,02/18/2019 05:53:00 PM,4,1,0,,N,256389,11,Front to Rear,21,CLEAR,3,DARK - LIGHTED,12,MOTOR VEHICLE IN TRANSPORT,HILLSBORO PKE & LOMBARDY AV,NASHVILLE,TN,37215,6419,MIDTOW,36.1207,-86.808,POINT (-86.808 36.1207)
20190558023,07/26/2019 04:16:00 PM,1,0,0,Y,Y,299257,0,NOT COLLISION W/MOTOR VEHICLE-TRANSPORT,21,CLEAR,1,DAYLIGHT,34,DITCH,RADNOR ST & MEADE AV,NASHVILLE,TN,37211,8517,MIDTOW,36.1052,-86.7447,POINT (-86.7447 36.1052)
20190312779,04/23/2019 08:00:00 AM,2,0,0,,Y,299264,4,ANGLE,21,CLEAR,1,DAYLIGHT,14;55,PARKED MOTOR VEHICLE;Motor Vehicle-In-Motion Outside Trafficw,REIDHURST AV & ELLISTON PL,NASHVILLE,TN,37203,5617,MIDTOW,36.1486,-86.8081,POINT (-86.8081 36.1486)
20190159496,02/27/2019 05:01:00 PM,2,0,0,,N,402653,11,Front to Rear,21,CLEAR,3,DARK - LIGHTED,12,MOTOR VEHICLE IN TRANSPORT,DEMONBREUN ST & 6TH AVS,NASHVILLE,TN,37203,4061,CENTRA,36.1577,-86.779,POINT (-86.779 36.1577)
20190554865,07/25/2019 11:00:00 AM,2,0,0,,N,538214,11,Front to Rear,21,CLEAR,1,DAYLIGHT,12,MOTOR VEHICLE IN TRANSPORT,12TH AVS & DIVISION ST,NASHVILLE,TN,37203,4015,CENTRA,36.1514,-86.7843,POINT (-86.7843 36.1514)
20190407713,05/28/2019 12:00:00 AM,2,1,0,,Y,212344,11,Front to Rear,21,CLEAR,1,DAYLIGHT,12,MOTOR VEHICLE IN TRANSPORT,MM 49 2 I 24,NASHVILLE,TN,37213,1002,CENTRA,36.1637,-86.7625,POINT (-86.7625 36.1637)
20190467595,06/20/2019 08:55:00 AM,2,0,0,,N,226622,4,ANGLE,2,RAIN,1,DAYLIGHT,12,MOTOR VEHICLE IN TRANSPORT,HARDING PKE & RIDGEFIELD WAY,NASHVILLE,TN,37205,6021,WEST,36.1264,-86.8456,POINT (-86.8456 36.1264)
20190399413,05/25/2019 03:09:00 AM,2,0,0,,Y,311800,11,Front to Rear,21,CLEAR,3,DARK - LIGHTED,12,MOTOR VEHICLE IN TRANSPORT,BROADWAY & 2ND AVN,NASHVILLE,TN,37201,4093,CENTRA,36.1618,-86.7754,POINT (-86.7754 36.1618)
20190299015,04/18/2019 12:06:00 PM,2,0,0,,Y,834798,5,SIDESWIPE - SAME DIRECTION,21,CLEAR,1,DAYLIGHT,12,MOTOR VEHICLE IN TRANSPORT,I440 E ENT RAMP & I 440,NASHVILLE,TN,37205,6007,WEST,36.1346,-86.8203,POINT (-86.8203 36.1346)
20190302363,04/19/2019 04:01:00 PM,3,1,0,,N,256380,4,ANGLE,2,RAIN,1,DAYLIGHT,12,MOTOR VEHICLE IN TRANSPORT,CLARKSVILLE PKE & W HAMILTON AV,NASHVILLE,TN,37218,3103,NORTH,36.2072,-86.8399,POINT (-86.8399 36.2072)
20190353060,05/08/2019 08:38:00 AM,2,0,0,,N,320586,5,SIDESWIPE - SAME DIRECTION,21,CLEAR,1,DAYLIGHT,12,MOTOR VEHICLE IN TRANSPORT,MM 52 6 I 24,NASHVILLE,TN,37210,81022,SOUTH,36.1244,-86.7281,POINT (-86.7281 36.1244)
20190490908,06/29/2019 11:34:00 AM,2,2,0,,N,212325,4,ANGLE,21,CLEAR,1,DAYLIGHT,12,MOTOR VEHICLE IN TRANSPORT,GALLATIN PKES & NEELYS BEND RD,MADISON,TN,37115,1605,MADISO,36.2566,-86.7142,POINT (-86.7142 36.2566)
20190521899,07/12/2019 08:37:00 AM,2,0,0,,N,544481,4,ANGLE,21,CLEAR,1,DAYLIGHT,12,MOTOR VEHICLE IN TRANSPORT,MAIN ST & N 7TH ST,NASHVILLE,TN,37206,1119,EAST,36.1748,-86.7602,POINT (-86.7602 36.1748)
20190243308,03/29/2019 09:40:00 AM,2,1,0,,N,665896,11,Front to Rear,22,CLOUDY,1,DAYLIGHT,12,MOTOR VEHICLE IN TRANSPORT,W TRINITY LN & LUCAS LN,NASHVILLE,TN,37207,1863,EAST,36.2061,-86.7711,POINT (-86.7711 36.2061)
20190158816,02/27/2019 01:00:00 PM,1,0,0,,N,226098,0,NOT COLLISION W/MOTOR VEHICLE-TRANSPORT,21,CLEAR,1,DAYLIGHT,34;41,DITCH;SHRUBBERY,KNIGHT DR & BRICK CHURCH LN,WHITES CREEK,TN,37189,3225,NORTH,36.2446,-86.8017,POINT (-86.8017 36.2446)
20190252280,04/01/2019 11:20:00 PM,2,0,0,,N,298875,5,SIDESWIPE - SAME DIRECTION,21,CLEAR,2,DARK - NOT LIGHTED,12,MOTOR VEHICLE IN TRANSPORT,MURFREESBORO PKE & MOUNTAIN SPRINGS RD,ANTIOCH,TN,37013,8927,SOUTH,36.0478,-86.6121,POINT (-86.6121 36.0478)
20190529029,07/15/2019 12:09:00 PM,2,0,0,,N,716886,11,Front to Rear,21,CLEAR,1,DAYLIGHT,12,MOTOR VEHICLE IN TRANSPORT,MM 7 2 I 440,NASHVILLE,TN,37210,83043,SOUTH,36.1251,-86.7339,POINT (-86.7339 36.1251)
20190296318,04/17/2019 04:17:00 PM,2,0,0,,N,256411,5,SIDESWIPE - SAME DIRECTION,21,CLEAR,1,DAYLIGHT,12,MOTOR VEHICLE IN TRANSPORT,MM 206 9 I 40,NASHVILLE,TN,37208,44022,NORTH,36.169,-86.8137,POINT (-86.8137 36.169)
20190174342,03/05/2019 10:15:00 AM,2,0,0,,Y,429188,5,SIDESWIPE - SAME DIRECTION,21,CLEAR,1,DAYLIGHT,12;14,MOTOR VEHICLE IN TRANSPORT;PARKED MOTOR VEHICLE,BELL RD & CEDAR POINTE PKWY,ANTIOCH,TN,37013,8721,SOUTH,36.0447,-86.6639,POINT (-86.6639 36.0447)
20190188529,03/10/2019 09:31:00 AM,2,0,0,,N,332253,4,ANGLE,22,CLOUDY,1,DAYLIGHT,12,MOTOR VEHICLE IN TRANSPORT,DICKERSON PKE & OLD HICKORY BLVD,NASHVILLE,TN,37207,2133,MADISO,36.2693,-86.7557,POINT (-86.7557 36.2693)
20190491036,06/29/2019 01:00:00 PM,2,0,0,,N,876581,5,SIDESWIPE - SAME DIRECTION,21,CLEAR,1,DAYLIGHT,12,MOTOR VEHICLE IN TRANSPORT,CUDE LN & GALLATIN PKEN,MADISON,TN,37115,1731,MADISO,36.2998,-86.6966,POINT (-86.6966 36.2998)
20190280873,04/12/2019 06:37:00 AM,1,0,0,,N,468031,0,NOT COLLISION W/MOTOR VEHICLE-TRANSPORT,2,RAIN,1,DAYLIGHT,36,CONCRETE TRAFFIC BARRIER,HART LN & ELLINGTON PKWYS,NASHVILLE,TN,37207,1892,EAST,36.2183,-86.7475,POINT (-86.7475 36.2183)
20190342927,05/04/2019 12:23:00 PM,2,0,0,,Y,320603,11,Front to Rear,22,CLOUDY,1,DAYLIGHT,12,MOTOR VEHICLE IN TRANSPORT,CHARLOTTE PKE & WESTBORO DR,NASHVILLE,TN,37209,5027,WEST,36.1459,-86.871,POINT (-86.871 36.1459)
20190395485,05/23/2019 06:45:00 PM,2,0,0,,Y,256417,11,Front to Rear,21,CLEAR,3,DARK - LIGHTED,12,MOTOR VEHICLE IN TRANSPORT,SELLS DR & OLD HICKORY BLVD,HERMITAGE,TN,37076,9543,HERMIT,36.1687,-86.5998,POINT (-86.5998 36.1687)
20190374497,05/16/2019 08:57:00 AM,2,1,0,,N,665896,4,ANGLE,21,CLEAR,1,DAYLIGHT,12,MOTOR VEHICLE IN TRANSPORT,GALLATIN PKE & MAYNOR AV,NASHVILLE,TN,37216,1417,EAST,36.2069,-86.7362,POINT (-86.7362 36.2069)
20190502194,07/03/2019 12:00:00 AM,2,0,0,,N,298868,11,Front to Rear,21,CLEAR,1,DAYLIGHT,12;34;63,MOTOR VEHICLE IN TRANSPORT;DITCH;Ran Off Road-Right,ESTES RD & HOBBS RD,NASHVILLE,TN,37215,6115,WEST,36.103,-86.8383,POINT (-86.8383 36.103)
20190164299,03/01/2019 01:10:00 PM,2,0,0,,N,716886,11,Front to Rear,22,CLOUDY,1,DAYLIGHT,12,MOTOR VEHICLE IN TRANSPORT,MM 61 9 I 24,ANTIOCH,TN,37013,87040,SOUTH,36.0219,-86.629,POINT (-86.629 36.0219)
20190003864,01/02/2019 01:40:00 PM,2,0,0,,N,226136,11,Front to Rear,22,CLOUDY,1,DAYLIGHT,12,MOTOR VEHICLE IN TRANSPORT,I65 N EXT RAMP & I 65,NASHVILLE,TN,37207,1863,EAST,36.2057,-86.7747,POINT (-86.7747 36.2057)
20190514815,07/09/2019 04:10:00 PM,2,1,0,,N,306230,11,Front to Rear,21,CLEAR,1,DAYLIGHT,12,MOTOR VEHICLE IN TRANSPORT,I40 E EXT RAMP & I 40,NASHVILLE,TN,37214,8955,HERMIT,36.155,-86.6271,POINT (-86.6271 36.155)
20190322897,04/26/2019 02:00:00 PM,2,0,0,,N,206675,4,ANGLE,21,CLEAR,1,DAYLIGHT,12,MOTOR VEHICLE IN TRANSPORT,HARDING PL & SIDCO DR,NASHVILLE,TN,37220,8601,MIDTOW,36.0819,-86.7612,POINT (-86.7612 36.0819)
20190113566,02/11/2019 05:48:00 PM,2,0,0,,N,320597,6,SIDESWIPE - OPPOSITE DIRECTION,2,RAIN,2,DARK - NOT LIGHTED,12,MOTOR VEHICLE IN TRANSPORT,BATTLE RD & CAROTHERS RD,NOLENSVILLE,TN,37135,8773,SOUTH,35.9849,-86.6262,POINT (-86.6262 35.9849)
20190334309,05/01/2019 07:43:00 AM,1,0,0,,N,676834,0,NOT COLLISION W/MOTOR VEHICLE-TRANSPORT,21,CLEAR,1,DAYLIGHT,11,OTHER ANIMAL,SEYMOUR HOLLOW RD & WHITES CREEK PKE,WHITES CREEK,TN,37189,3303,NORTH,36.2943,-86.8534,POINT (-86.8534 36.2943)
20190420895,06/02/2019 03:44:00 PM,2,0,0,,N,320585,11,Front to Rear,21,CLEAR,1,DAYLIGHT,12,MOTOR VEHICLE IN TRANSPORT,MCGAVOCK PKE & RIVERVIEW DR,NASHVILLE,TN,37214,9209,HERMIT,36.2176,-86.7034,POINT (-86.7034 36.2176)
20190426099,06/04/2019 02:00:00 PM,2,0,0,,Y,206675,6,SIDESWIPE - OPPOSITE DIRECTION,21,CLEAR,1,DAYLIGHT,12,MOTOR VEHICLE IN TRANSPORT,WEST END AV & 25TH AVN,NASHVILLE,TN,37212,5801,MIDTOW,36.1467,-86.8089,POINT (-86.8089 36.1467)
20190205874,03/16/2019 12:00:00 AM,2,1,0,,N,299258,5,SIDESWIPE - SAME DIRECTION,21,CLEAR,1,DAYLIGHT,12;64,MOTOR VEHICLE IN TRANSPORT;Ran Off Road-Left,MM 35 4 I 24,WHITES CREEK,TN,37189,2212,NORTH,36.3227,-86.8596,POINT (-86.8596 36.3227)
20190474606,06/23/2019 04:50:00 AM,3,1,0,,N,256493,11,Front to Rear,21,CLEAR,3,DARK - LIGHTED,12,MOTOR VEHICLE IN TRANSPORT,MURFREESBORO PKE & RURAL HILL RD,ANTIOCH,TN,37013,8861,SOUTH,36.0745,-86.6387,POINT (-86.6387 36.0745)
20190400558,05/25/2019 04:11:00 PM,2,1,0,,Y,330428,11,Front to Rear,21,CLEAR,1,DAYLIGHT,12,MOTOR VEHICLE IN TRANSPORT,CHARLOTTE PKE & OLD CHARLOTTE PKE,NASHVILLE,TN,37209,5009,WEST,36.1318,-86.8958,POINT (-86.8958 36.1318)
20190256257,04/03/2019 07:01:00 AM,2,0,0,,N,716886,5,SIDESWIPE - SAME DIRECTION,21,CLEAR,1,DAYLIGHT,12,MOTOR VEHICLE IN TRANSPORT,NEESE DR & SOUTHLAKE DR,NASHVILLE,TN,37211,8401,SOUTH,36.107,-86.7287,POINT (-86.7287 36.107)
20190142370,02/21/2019 12:00:00 AM,2,0,0,,Y,298877,11,Front to Rear,2,RAIN,1,DAYLIGHT,12,MOTOR VEHICLE IN TRANSPORT,MM 212 8 I 40,NASHVILLE,TN,37210,90040,HERMIT,36.1425,-86.7353,POINT (-86.7353 36.1425)
20190134817,02/19/2019 07:30:00 AM,2,0,0,,N,716877,5,SIDESWIPE - SAME DIRECTION,21,CLEAR,1,DAYLIGHT,12,MOTOR VEHICLE IN TRANSPORT,MM 61 8 I 24,ANTIOCH,TN,37013,8806,SOUTH,36.0231,-86.6301,POINT (-86.6301 36.0231)
20190494130,06/30/2019 10:25:00 PM,1,0,0,,N,299238,0,NOT COLLISION W/MOTOR VEHICLE-TRANSPORT,21,CLEAR,3,DARK - LIGHTED,24,GUARDRAIL FACE,MM 209 7 I 40,NASHVILLE,TN,37203,4004,CENTRA,36.1492,-86.7812,POINT (-86.7812 36.1492)
20190384231,05/20/2019 07:00:00 AM,2,0,0,,N,226622,11,Front to Rear,21,CLEAR,1,DAYLIGHT,12,MOTOR VEHICLE IN TRANSPORT,MM 193 6 I 40,NASHVILLE,TN,37221,4704,WEST,36.0778,-86.9999,POINT (-86.9999 36.0778)
20190136393,02/19/2019 05:10:00 PM,2,0,0,,Y,240979,5,SIDESWIPE - SAME DIRECTION,2,RAIN,5,DUSK,12,MOTOR VEHICLE IN TRANSPORT,MM 91 6 I 65,MADISON,TN,37115,2006,MADISO,36.2559,-86.7386,POINT (-86.7386 36.2559)
20190537464,07/18/2019 02:04:00 PM,2,0,0,,N,151132,4,ANGLE,22,CLOUDY,1,DAYLIGHT,12,MOTOR VEHICLE IN TRANSPORT,THE GALLERY AT RIVERGATE PVTDR & GALLATI,MADISON,TN,37115,1731,MADISO,36.3016,-86.6934,POINT (-86.6934 36.3016)
20190007832,01/03/2019 10:05:00 PM,2,1,0,,N,311798,11,Front to Rear,21,CLEAR,3,DARK - LIGHTED,12,MOTOR VEHICLE IN TRANSPORT,BUENA VISTA PKE & W TRINITY LN,NASHVILLE,TN,37218,3101,NORTH,36.2025,-86.8205,POINT (-86.8205 36.2025)
20190535624,07/17/2019 10:40:00 PM,2,0,0,,Y,240978,11,Front to Rear,21,CLEAR,3,DARK - LIGHTED,12,MOTOR VEHICLE IN TRANSPORT,GALLATIN AV & W EASTLAND AV,NASHVILLE,TN,37206,1243,EAST,36.1836,-86.7485,POINT (-86.7485 36.1836)
20190555680,07/25/2019 05:08:00 PM,2,1,0,,N,320585,11,Front to Rear,21,CLEAR,1,DAYLIGHT,12,MOTOR VEHICLE IN TRANSPORT,MM 213 0 I 40,NASHVILLE,TN,37210,8219,HERMIT,36.1407,-86.7323,POINT (-86.7323 36.1407)
20190356755,05/09/2019 04:14:00 PM,3,0,0,,N,256383,11,Front to Rear,22,CLOUDY,1,DAYLIGHT,12,MOTOR VEHICLE IN TRANSPORT,HAYWOOD LN & HOPEDALE DR,NASHVILLE,TN,37211,8711,SOUTH,36.0688,-86.7175,POINT (-86.7175 36.0688)
20190273738,04/09/2019 07:14:00 PM,2,0,0,,Y,240966,4,ANGLE,21,CLEAR,3,DARK - LIGHTED,12,MOTOR VEHICLE IN TRANSPORT,BULLOCK AV & JONES AV,NASHVILLE,TN,37207,1887,EAST,36.2157,-86.756,POINT (-86.756 36.2157)
20190307471,04/21/2019 11:30:00 PM,2,0,0,,N,311800,4,ANGLE,21,CLEAR,3,DARK - LIGHTED,12,MOTOR VEHICLE IN TRANSPORT,JAMES ROBERTSON PKWY & ROSA L PARKS BLVD,NASHVILLE,TN,37219,4203,CENTRA,36.1671,-86.7871,POINT (-86.7871 36.1671)
20190535733,07/17/2019 11:29:00 PM,2,0,0,,Y,405424,5,SIDESWIPE - SAME DIRECTION,21,CLEAR,3,DARK - LIGHTED,12,MOTOR VEHICLE IN TRANSPORT,KAREN DR & BRILEY PKWY,NASHVILLE,TN,37217,8827,HERMIT,36.1395,-86.7005,POINT (-86.7005 36.1395)
20190022158,01/09/2019 01:02:00 PM,2,0,0,,Y,717625,5,SIDESWIPE - SAME DIRECTION,21,CLEAR,1,DAYLIGHT,12,MOTOR VEHICLE IN TRANSPORT,28TH AVN & JEFFERSON ST,NASHVILLE,TN,37208,4525,NORTH,36.1672,-86.8206,POINT (-86.8206 36.1672)
20190294919,04/17/2019 07:45:00 AM,2,0,0,,Y,352212,5,SIDESWIPE - SAME DIRECTION,21,CLEAR,1,DAYLIGHT,12,MOTOR VEHICLE IN TRANSPORT,BILLINGSGATE RD & FRANKLIN LIMESTONE RD,ANTIOCH,TN,37013,8897,SOUTH,36.0783,-86.6703,POINT (-86.6703 36.0783)
20190044496,03/29/2019 05:00:00 PM,2,0,0,,N,311333,4,ANGLE,22,CLOUDY,1,DAYLIGHT,12,MOTOR VEHICLE IN TRANSPORT,ANTIOCH PKE & HARDING PL,NASHVILLE,TN,37211,8847,SOUTH,36.0874,-86.6922,POINT (-86.6922 36.0874)
20190130549,02/17/2019 06:47:00 PM,2,0,0,,N,320579,4,ANGLE,2,RAIN,3,DARK - LIGHTED,12,MOTOR VEHICLE IN TRANSPORT,GALLATIN AV & STROUSE AV,NASHVILLE,TN,37206,1363,EAST,36.194,-86.7437,POINT (-86.7437 36.194)
20190066411,01/25/2019 05:35:00 PM,2,0,0,,N,714641,5,SIDESWIPE - SAME DIRECTION,21,CLEAR,3,DARK - LIGHTED,12,MOTOR VEHICLE IN TRANSPORT,COMMERCE ST & 6TH AVN,NASHVILLE,TN,37203,4109,CENTRA,36.1613,-86.7806,POINT (-86.7806 36.1613)