Accident Number,Date and Time,Number of Motor Vehicles,Number of Injuries,Number of Fatalities,Property Damage,Hit and Run,Reporting Officer,Collision Type Code,Collision Type Description,Weather Code,Weather Description,Illumination Code,Illumination Description,Harmful Code,Harmful Code Description,Street Address,City,State,ZIP,RPA,Precinct,Latitude,Longitude,Mapped Location
20190302886,04/19/2019 08:46:00 PM,3,2,0,,N,420040,4,ANGLE,2,RAIN,3,DARK - LIGHTED,12,MOTOR VEHICLE IN TRANSPORT,THOMPSON LN & OLD POWELL AV,NASHVILLE,TN,37204,8527,MIDTOW,36.1124,-86.768,POINT (-86.768 36.1124)
20190349668,05/07/2019 07:18:00 AM,2,0,0,,N,352158,11,Front to Rear,21,CLEAR,1,DAYLIGHT,12,MOTOR VEHICLE IN TRANSPORT,OLD HICKORY BLVD & ARCARO PL,NASHVILLE,TN,37220,7111,MIDTOW,36.0397,-86.8148,POINT (-86.8148 36.0397)
20190126725,02/15/2019 10:34:00 PM,2,0,0,,Y,320602,11,Front to Rear,2,RAIN,2,DARK - NOT LIGHTED,14,PARKED MOTOR VEHICLE,MAURY ST & GREEN ST,NASHVILLE,TN,37210,8207,HERMIT,36.1527,-86.7592,POINT (-86.7592 36.1527)
20190148689,02/23/2019 10:10:00 PM,2,0,0,,N,134867,5,SIDESWIPE - SAME DIRECTION,2,RAIN,3,DARK - LIGHTED,14,PARKED MOTOR VEHICLE,EAST BANK GRNWY & VICTORY AV,NASHVILLE,TN,37213,1101,CENTRA,36.1641,-86.7712,POINT (-86.7712 36.1641)
20190187987,03/09/2019 09:03:00 PM,3,0,0,,Y,151122,4,ANGLE,21,CLEAR,3,DARK - LIGHTED,14,PARKED MOTOR VEHICLE,SHIRMAR DR & SUNLIGHT DR,NASHVILLE,TN,37211,8443,SOUTH,36.0859,-86.7056,POINT (-86.7056 36.0859)
20190305820,04/21/2019 12:00:00 AM,1,0,0,,Y,909497,0,NOT COLLISION W/MOTOR VEHICLE-TRANSPORT,5,FOG,2,DARK - NOT LIGHTED,42;64;68,TREE;Ran Off Road-Left;Cross Center Line,S NEW HOPE RD & ST CHARLES CT,HERMITAGE,TN,37076,9543,HERMIT,36.1676,-86.5854,POINT (-86.5854 36.1676)
20190057115,01/22/2019 04:05:00 PM,2,0,0,,N,330445,11,Front to Rear,21,CLEAR,1,DAYLIGHT,12,MOTOR VEHICLE IN TRANSPORT,DEMONBREUN ST & 8TH AVS,NASHVILLE,TN,37203,4061,CENTRA,36.157,-86.7806,POINT (-86.7806 36.157)
20190063185,01/24/2019 04:12:00 PM,2,0,0,,N,240976,5,SIDESWIPE - SAME DIRECTION,21,CLEAR,1,DAYLIGHT,12,MOTOR VEHICLE IN TRANSPORT,I24 W ENT RAMP & I 24,NASHVILLE,TN,37206,1009,EAST,36.1666,-86.7638,POINT (-86.7638 36.1666)
20190321811,04/26/2019 07:20:00 AM,2,0,0,,N,352209,11,Front to Rear,21,CLEAR,1,DAYLIGHT,12,MOTOR VEHICLE IN TRANSPORT,MM 214 0 I 40,NASHVILLE,TN,37217,88020,HERMIT,36.1417,-86.7137,POINT (-86.7137 36.1417)
20190163956,03/01/2019 10:38:00 AM,2,2,0,Y,N,109534,4,ANGLE,22,CLOUDY,1,DAYLIGHT,12;33;34;64,MOTOR VEHICLE IN TRANSPORT;CURB;DITCH;Ran Off Road-Left,ANDREW JACKSON PKWY & CHANDLER RD,HERMITAGE,TN,37076,9511,HERMIT,36.1891,-86.6072,POINT (-86.6072 36.1891)
20190507473,07/05/2019 09:24:00 PM,2,1,0,,N,320603,2,HEAD-ON,21,CLEAR,3,DARK - LIGHTED,12,MOTOR VEHICLE IN TRANSPORT,I40 E ENT RAMP & I 40,NASHVILLE,TN,37205,4903,WEST,36.1109,-86.922,POINT (-86.922 36.1109)
20190480711,06/25/2019 05:08:00 PM,2,0,0,,N,320597,11,Front to Rear,21,CLEAR,1,DAYLIGHT,12,MOTOR VEHICLE IN TRANSPORT,MM 56 0 I 24,NASHVILLE,TN,37211,8708,SOUTH,36.0818,-86.6975,POINT (-86.6975 36.0818)
20190385124,05/20/2019 01:21:00 PM,2,0,0,,N,134899,4,ANGLE,21,CLEAR,1,DAYLIGHT,12,MOTOR VEHICLE IN TRANSPORT,MURFREESBORO PKE & EAST THOMPSON LN,NASHVILLE,TN,37211,8803,SOUTH,36.1274,-86.712,POINT (-86.712 36.1274)
20190054561,01/21/2019 05:50:00 PM,2,1,0,,N,256422,11,Front to Rear,21,CLEAR,3,DARK - LIGHTED,12,MOTOR VEHICLE IN TRANSPORT,ROSA L PARKS BLVD & MAINSTREAM DR,NASHVILLE,TN,37228,4483,NORTH,36.1925,-86.8157,POINT (-86.8157 36.1925)
20190123116,02/14/2019 04:15:00 PM,2,1,0,,Y,690942,4,ANGLE,21,CLEAR,1,DAYLIGHT,12,MOTOR VEHICLE IN TRANSPORT,8TH AVS & 8TH AVS,NASHVILLE,TN,37203,4041,CENTRA,36.1545,-86.7796,POINT (-86.7796 36.1545)
20190343421,05/04/2019 05:51:00 PM,2,0,0,,N,320585,11,Front to Rear,2,RAIN,1,DAYLIGHT,12,MOTOR VEHICLE IN TRANSPORT,DONELSON PKE & ROYAL PKWY,NASHVILLE,TN,37214,9411,HERMIT,36.1472,-86.6664,POINT (-86.6664 36.1472)
20190210609,03/18/2019 02:46:00 PM,2,1,0,,N,240966,11,Front to Rear,21,CLEAR,1,DAYLIGHT,12,MOTOR VEHICLE IN TRANSPORT,I24 W EXT RAMP & I 24,NASHVILLE,TN,37211,8829,SOUTH,36.1074,-86.7197,POINT (-86.7197 36.1074)
20190489041,06/28/2019 03:15:00 PM,3,1,0,,N,256380,11,Front to Rear,21,CLEAR,1,DAYLIGHT,12,MOTOR VEHICLE IN TRANSPORT,BUCHANAN ST & 15TH AVN,NASHVILLE,TN,37208,4455,NORTH,36.1801,-86.8087,POINT (-86.8087 36.1801)
20190231232,03/25/2019 01:10:00 PM,1,1,0,Y,N,191578,0,NOT COLLISION W/MOTOR VEHICLE-TRANSPORT,22,CLOUDY,1,DAYLIGHT,30,UTILITY POLE,BRIDGEWAY AV & ENSLEY AV,OLD HICKORY,TN,37138,9701,HERMIT,36.2694,-86.6664,POINT (-86.6664 36.2694)
20190220581,03/21/2019 01:42:00 PM,2,0,0,,N,191578,11,Front to Rear,21,CLEAR,1,DAYLIGHT,12,MOTOR VEHICLE IN TRANSPORT,OPRYLAND DR & AUTOMATED COLLECTION SERVI,NASHVILLE,TN,37214,9209,HERMIT,36.2133,-86.6978,POINT (-86.6978 36.2133)
20190226105,03/23/2019 12:00:00 PM,2,0,0,,N,799013,5,SIDESWIPE - SAME DIRECTION,21,CLEAR,1,DAYLIGHT,12,MOTOR VEHICLE IN TRANSPORT,MM 212 0 I 40,NASHVILLE,TN,37210,90041,HERMIT,36.147,-86.7433,POINT (-86.7433 36.147)
20190284253,04/13/2019 02:59:00 PM,2,0,0,,N,256386,5,SIDESWIPE - SAME DIRECTION,22,CLOUDY,1,DAYLIGHT,12,MOTOR VEHICLE IN TRANSPORT,STATE HWY 155 & CORPORATE DR,NASHVILLE,TN,37217,8998,HERMIT,36.1334,-86.6966,POINT (-86.6966 36.1334)
20190440487,06/10/2019 07:45:00 AM,2,1,0,,N,676834,4,ANGLE,21,CLEAR,1,DAYLIGHT,12;41,MOTOR VEHICLE IN TRANSPORT;SHRUBBERY,CLARKSVILLE PKE & OLD CLARKSVILLE PKE,JOELTON,TN,37080,3317,NORTH,36.3191,-86.8922,POINT (-86.8922 36.3191)
20190183629,03/08/2019 08:07:00 AM,1,0,0,,N,298864,0,NOT COLLISION W/MOTOR VEHICLE-TRANSPORT,2,RAIN,1,DAYLIGHT,18,OTHER OBJECT (NOT FIXED),BRILEY PKWYE & I65 N ENT RAMP,MADISON,TN,37115,20122,MADISO,36.2408,-86.7525,POINT (-86.7525 36.2408)
20190293752,04/16/2019 11:30:00 PM,2,0,0,,Y,284059,11,Front to Rear,21,CLEAR,3,DARK - LIGHTED,12,MOTOR VEHICLE IN TRANSPORT,CLARKSVILLE PKE & BUENA VISTA PKE,NASHVILLE,TN,37218,3135,NORTH,36.1935,-86.8309,POINT (-86.8309 36.1935)
20190163892,03/01/2019 10:09:00 AM,2,0,0,,N,902543,5,SIDESWIPE - SAME DIRECTION,22,CLOUDY,1,DAYLIGHT,12,MOTOR VEHICLE IN TRANSPORT,MM 88 4 I 65,NASHVILLE,TN,37207,30040,NORTH,36.2217,-86.7746,POINT (-86.7746 36.2217)
20190164997,03/01/2019 06:13:00 PM,2,0,0,,N,579971,11,Front to Rear,22,CLOUDY,3,DARK - LIGHTED,12,MOTOR VEHICLE IN TRANSPORT,BRILEY PKWYN & BRILEY PKWYS,NASHVILLE,TN,37211,8404,SOUTH,36.1092,-86.727,POINT (-86.727 36.1092)
20190070952,01/27/2019 05:06:00 PM,2,0,0,Y,Y,306230,4,ANGLE,21,CLEAR,1,DAYLIGHT,12,MOTOR VEHICLE IN TRANSPORT,DR D B TODD JR BLVD & COCKRILL ST,NASHVILLE,TN,37208,4469,NORTH,36.1736,-86.8083,POINT (-86.8083 36.1736)
20190079250,01/30/2019 07:15:00 AM,2,1,0,,N,332216,5,SIDESWIPE - SAME DIRECTION,4,SNOW,1,DAYLIGHT,12,MOTOR VEHICLE IN TRANSPORT,MM 210 5 I 40,NASHVILLE,TN,37210,8202,HERMIT,36.1522,-86.7669,POINT (-86.7669 36.1522)
20190104415,02/07/2019 11:35:00 PM,2,0,0,,N,109522,11,Front to Rear,21,CLEAR,3,DARK - LIGHTED,12,MOTOR VEHICLE IN TRANSPORT,URBANDALE AV & BRILEY PKWYN,NASHVILLE,TN,37209,4637,WEST,36.1539,-86.8575,POINT (-86.8575 36.1539)
20190544470,07/21/2019 12:30:00 PM,1,2,0,,N,256502,0,NOT COLLISION W/MOTOR VEHICLE-TRANSPORT,2,RAIN,1,DAYLIGHT,72,EMBANKMENT ROCK/STONE/CONCRETE,MM 205 6 I 40,NASHVILLE,TN,37209,5228,WEST,36.1559,-86.8271,POINT (-86.8271 36.1559)
20190469006,06/20/2019 06:04:00 PM,2,1,0,,N,240957,11,Front to Rear,21,CLEAR,1,DAYLIGHT,12,MOTOR VEHICLE IN TRANSPORT,NOLENSVILLE PKE & HOLT RD,NASHVILLE,TN,37211,8651,MIDTOW,36.0125,-86.7036,POINT (-86.7036 36.0125)
20190175232,03/05/2019 12:00:00 AM,3,0,0,,Y,279200,11,Front to Rear,21,CLEAR,1,DAYLIGHT,12,MOTOR VEHICLE IN TRANSPORT,I40 W ENT RAMP & I 24,NASHVILLE,TN,37210,4008,CENTRA,36.1572,-86.7604,POINT (-86.7604 36.1572)
20190047043,01/18/2019 12:29:00 PM,2,0,0,,N,299257,4,ANGLE,21,CLEAR,1,DAYLIGHT,12,MOTOR VEHICLE IN TRANSPORT,SIDCO DR & NORRIS AV,NASHVILLE,TN,37204,8523,MIDTOW,36.1059,-86.7559,POINT (-86.7559 36.1059)
20190275663,04/10/2019 11:25:00 AM,2,0,0,,N,226136,11,Front to Rear,21,CLEAR,1,DAYLIGHT,12,MOTOR VEHICLE IN TRANSPORT,CHARLOTTE AV & 25TH AVN,NASHVILLE,TN,37203,5619,MIDTOW,36.1553,-86.8121,POINT (-86.8121 36.1553)
20190380317,05/18/2019 08:00:00 AM,2,0,0,,N,352212,4,ANGLE,21,CLEAR,1,DAYLIGHT,12,MOTOR VEHICLE IN TRANSPORT,HARDING PL & RECOVERY RD,NASHVILLE,TN,37211,8705,SOUTH,36.0804,-86.7179,POINT (-86.7179 36.0804)
20190528643,07/15/2019 10:15:00 AM,1,1,0,,N,716886,0,NOT COLLISION W/MOTOR VEHICLE-TRANSPORT,2,RAIN,1,DAYLIGHT,72,EMBANKMENT ROCK/STONE/CONCRETE,LINBAR DR & WALLACE RD,NASHVILLE,TN,37211,8707,SOUTH,36.0387,-86.731,POINT (-86.731 36.0387)
20190224324,03/22/2019 05:38:00 PM,3,2,0,,Y,212330,11,Front to Rear,21,CLEAR,1,DAYLIGHT,12,MOTOR VEHICLE IN TRANSPORT,EAST THOMPSON LN & BRILEY PKWYN,NASHVILLE,TN,37211,8337,SOUTH,36.1095,-86.728,POINT (-86.728 36.1095)
20190428935,06/05/2019 02:56:00 PM,2,3,0,,N,110092,2,HEAD-ON,22,CLOUDY,1,DAYLIGHT,12,MOTOR VEHICLE IN TRANSPORT,OLD HICKORY BLVD & 32ND ST,OLD HICKORY,TN,37138,9607,HERMIT,36.2448,-86.6379,POINT (-86.6379 36.2448)
20190251664,04/01/2019 05:46:00 PM,2,0,0,,N,256380,4,ANGLE,21,CLEAR,1,DAYLIGHT,12,MOTOR VEHICLE IN TRANSPORT,BRICK CHURCH PKE & AVONDALE CIR,NASHVILLE,TN,37207,3021,NORTH,36.2089,-86.7779,POINT (-86.7779 36.2089)
20190129626,02/17/2019 05:50:00 AM,2,0,0,,N,876577,5,SIDESWIPE - SAME DIRECTION,2,RAIN,2,DARK - NOT LIGHTED,12,MOTOR VEHICLE IN TRANSPORT,MM 57 6 I 24,ANTIOCH,TN,37013,87060,SOUTH,36.0629,-86.6829,POINT (-86.6829 36.0629)
20190512398,07/08/2019 12:00:00 AM,2,0,0,,Y,352188,5,SIDESWIPE - SAME DIRECTION,21,CLEAR,7,Dark-Unknown Lighting,12;14,MOTOR VEHICLE IN TRANSPORT;PARKED MOTOR VEHICLE,COTTAGE PARK DR & PINE RIDGE DR,NASHVILLE,TN,37207,1827,EAST,36.2223,-86.7653,POINT (-86.7653 36.2223)
20190419458,06/01/2019 10:20:00 PM,2,0,0,,N,298859,5,SIDESWIPE - SAME DIRECTION,21,CLEAR,3,DARK - LIGHTED,12,MOTOR VEHICLE IN TRANSPORT,BELL RD & SMITH SPRINGS RD,NASHVILLE,TN,37217,8987,HERMIT,36.0904,-86.6264,POINT (-86.6264 36.0904)
20190393646,05/23/2019 07:26:00 AM,2,0,0,,N,716886,98,OTHER,21,CLEAR,1,DAYLIGHT,12,MOTOR VEHICLE IN TRANSPORT,OLD FRANKLIN RD & CANE RIDGE RD,ANTIOCH,TN,37013,8763,SOUTH,36.0287,-86.6494,POINT (-86.6494 36.0287)
20190408779,05/29/2019 12:00:00 AM,2,1,0,,N,212336,5,SIDESWIPE - SAME DIRECTION,21,CLEAR,3,DARK - LIGHTED,12,MOTOR VEHICLE IN TRANSPORT,MM 88 6 I 65,NASHVILLE,TN,37207,3004,EAST,36.2251,-86.7745,POINT (-86.7745 36.2251)
20190346700,05/06/2019 08:25:00 AM,2,0,0,,N,311331,5,SIDESWIPE - SAME DIRECTION,21,CLEAR,1,DAYLIGHT,12,MOTOR VEHICLE IN TRANSPORT,N 1ST ST & SPRING ST,NASHVILLE,TN,37207,1955,CENTRA,36.1769,-86.7746,POINT (-86.7746 36.1769)
20190068886,01/26/2019 06:03:00 PM,2,1,0,,N,279194,4,ANGLE,21,CLEAR,3,DARK - LIGHTED,12,MOTOR VEHICLE IN TRANSPORT,DR D B TODD JR BLVD & JEFFERSON ST,NASHVILLE,TN,37208,5325,NORTH,36.1695,-86.8067,POINT (-86.8067 36.1695)
20190119366,02/13/2019 12:10:00 PM,2,0,0,,N,109534,5,SIDESWIPE - SAME DIRECTION,21,CLEAR,1,DAYLIGHT,12,MOTOR VEHICLE IN TRANSPORT,MM 214 5 I 40,NASHVILLE,TN,37217,88022,HERMIT,36.1434,-86.7031,POINT (-86.7031 36.1434)
20190466236,06/19/2019 08:40:00 PM,1,0,0,,N,352167,0,NOT COLLISION W/MOTOR VEHICLE-TRANSPORT,2,RAIN,3,DARK - LIGHTED,32;63,CULVERT;Ran Off Road-Right,MM 210 9 I 40,NASHVILLE,TN,37210,8008,HERMIT,36.1547,-86.7615,POINT (-86.7615 36.1547)
20190563769,07/29/2019 08:36:00 AM,2,0,0,,Y,665896,5,SIDESWIPE - SAME DIRECTION,21,CLEAR,1,DAYLIGHT,12,MOTOR VEHICLE IN TRANSPORT,GALLATIN AV & DOUGLAS AV,NASHVILLE,TN,37206,1325,EAST,36.193,-86.7442,POINT (-86.7442 36.193)
20190121345,02/14/2019 03:40:00 AM,1,0,0,,N,212342,0,NOT COLLISION W/MOTOR VEHICLE-TRANSPORT,21,CLEAR,3,DARK - LIGHTED,33;34;71,CURB;DITCH;EMBANKMENT EARTH,100 BELL RD,NASHVILLE,TN,37217,8965,HERMIT,36.0903,-86.6264,POINT (-86.6264 36.0903)
20190553381,07/24/2019 08:28:00 PM,2,0,0,,Y,197047,11,Front to Rear,21,CLEAR,5,DUSK,12,MOTOR VEHICLE IN TRANSPORT,GALLATIN AV & GREENWOOD AV,NASHVILLE,TN,37206,1321,EAST,36.1907,-86.7453,POINT (-86.7453 36.1907)
20190448922,06/13/2019 06:40:00 AM,2,1,0,,N,716886,11,Front to Rear,21,CLEAR,1,DAYLIGHT,12,MOTOR VEHICLE IN TRANSPORT,MM 60 5 I 24,ANTIOCH,TN,37013,88060,SOUTH,36.0349,-86.6432,POINT (-86.6432 36.0349)
20190500909,07/03/2019 08:10:00 AM,2,0,0,,N,665896,5,SIDESWIPE - SAME DIRECTION,22,CLOUDY,1,DAYLIGHT,12,MOTOR VEHICLE IN TRANSPORT,MCFERRIN AV & MAIN ST,NASHVILLE,TN,37206,1131,EAST,36.1765,-86.7557,POINT (-86.7557 36.1765)
20190413011,05/30/2019 12:30:00 PM,2,0,0,,N,352198,4,ANGLE,21,CLEAR,1,DAYLIGHT,12,MOTOR VEHICLE IN TRANSPORT,CHARLOTTE AV & 14TH AVN,NASHVILLE,TN,37203,5501,MIDTOW,36.1606,-86.7941,POINT (-86.7941 36.1606)
20190057975,01/22/2019 09:59:00 PM,2,0,0,,N,279203,5,SIDESWIPE - SAME DIRECTION,21,CLEAR,2,DARK - NOT LIGHTED,12,MOTOR VEHICLE IN TRANSPORT,MM 86 5 I 65,NASHVILLE,TN,37207,3006,NORTH,36.1946,-86.7762,POINT (-86.7762 36.1946)
20190552240,07/24/2019 11:45:00 AM,2,0,0,,N,225886,11,Front to Rear,22,CLOUDY,1,DAYLIGHT,12,MOTOR VEHICLE IN TRANSPORT,ROBINSON RD & MARTINGALE DR,OLD HICKORY,TN,37138,9619,HERMIT,36.2562,-86.6545,POINT (-86.6545 36.2562)
20190043260,01/17/2019 06:33:00 AM,2,0,0,,N,109534,11,Front to Rear,21,CLEAR,3,DARK - LIGHTED,12,MOTOR VEHICLE IN TRANSPORT,MM 220 2 I 40,HERMITAGE,TN,37076,94021,HERMIT,36.1665,-86.6122,POINT (-86.6122 36.1665)
20190049289,01/18/2019 02:50:00 PM,1,0,0,Y,Y,902543,0,NOT COLLISION W/MOTOR VEHICLE-TRANSPORT,22,CLOUDY,1,DAYLIGHT,18,OTHER OBJECT (NOT FIXED),1 GALLATIN PKE,NASHVILLE,TN,37216,1415,EAST,36.2033,-86.7384,POINT (-86.7384 36.2033)
20190359816,05/10/2019 05:34:00 PM,3,0,0,,N,256380,4,ANGLE,21,CLEAR,1,DAYLIGHT,12,MOTOR VEHICLE IN TRANSPORT,9TH AVE N & CLAY ST,NASHVILLE,TN,37208,4447,NORTH,36.1849,-86.8034,POINT (-86.8034 36.1849)
20190115283,02/12/2019 08:05:00 AM,2,1,0,,N,226622,11,Front to Rear,2,RAIN,1,DAYLIGHT,12,MOTOR VEHICLE IN TRANSPORT,POST RD & HARDING PKE,NASHVILLE,TN,37205,6123,WEST,36.1037,-86.8695,POINT (-86.8695 36.1037)
20190396734,05/24/2019 07:05:00 AM,2,1,0,,N,226136,4,ANGLE,21,CLEAR,1,DAYLIGHT,12,MOTOR VEHICLE IN TRANSPORT,STONE BROOK DR & OLD HICKORY BLVD,BRENTWOOD,TN,37027,8623,MIDTOW,36.0409,-86.7794,POINT (-86.7794 36.0409)
20190051126,01/20/2019 08:30:00 AM,2,0,0,,Y,279230,4,ANGLE,21,CLEAR,1,DAYLIGHT,14,PARKED MOTOR VEHICLE,4748 BILLINGSGATE RD,ANTIOCH,TN,37013,8897,SOUTH,36.0765,-86.6642,POINT (-86.6642 36.0765)
20190265045,04/06/2019 10:40:00 AM,2,0,0,,N,332216,5,SIDESWIPE - SAME DIRECTION,21,CLEAR,1,DAYLIGHT,12,MOTOR VEHICLE IN TRANSPORT,2ND AVS & KOREAN VETERANS BLVD,NASHVILLE,TN,37201,4047,CENTRA,36.1576,-86.7724,POINT (-86.7724 36.1576)
20190100832,02/06/2019 04:14:00 PM,1,0,0,,N,240957,0,NOT COLLISION W/MOTOR VEHICLE-TRANSPORT,2,RAIN,1,DAYLIGHT,34,DITCH,MM 75 0 I 65,BRENTWOOD,TN,37027,86040,MIDTOW,36.0442,-86.7806,POINT (-86.7806 36.0442)
20190369515,05/14/2019 12:00:00 AM,2,0,0,Y,N,212344,11,Front to Rear,21,CLEAR,1,DAYLIGHT,12,MOTOR VEHICLE IN TRANSPORT,S 7TH ST & CAYCE PLACE PVTDR,NASHVILLE,TN,37206,1023,EAST,36.1677,-86.757,POINT (-86.757 36.1677)
20190086882,02/01/2019 03:23:00 PM,2,0,0,,N,345098,4,ANGLE,21,CLEAR,1,DAYLIGHT,12,MOTOR VEHICLE IN TRANSPORT,CHARLOTTE PKE & CHARLOTTE AV,NASHVILLE,TN,37209,5103,WEST,36.151,-86.8546,POINT (-86.8546 36.151)
20190103779,02/07/2019 05:58:00 PM,2,0,0,,N,299267,5,SIDESWIPE - SAME DIRECTION,2,RAIN,3,DARK - LIGHTED,12,MOTOR VEHICLE IN TRANSPORT,25TH AVN & ELLISTON PL,NASHVILLE,TN,37203,5623,MIDTOW,36.1474,-86.8085,POINT (-86.8085 36.1474)
20190535038,07/17/2019 12:00:00 AM,1,0,0,,Y,834813,0,NOT COLLISION W/MOTOR VEHICLE-TRANSPORT,21,CLEAR,1,DAYLIGHT,41,SHRUBBERY,BEAMAN PARK PVTDR & LITTLE MARROWBONE RD,ASHLAND CITY,TN,37015,3343,NORTH,36.2724,-86.9066,POINT (-86.9066 36.2724)
20190105510,02/08/2019 09:30:00 AM,2,0,0,,Y,544481,11,Front to Rear,21,CLEAR,1,DAYLIGHT,12,MOTOR VEHICLE IN TRANSPORT,MM 212 1 I 40,NASHVILLE,TN,37210,90041,HERMIT,36.1463,-86.7422,POINT (-86.7422 36.1463)
20190510693,07/07/2019 05:08:00 PM,1,0,0,,N,256446,0,NOT COLLISION W/MOTOR VEHICLE-TRANSPORT,21,CLEAR,1,DAYLIGHT,18,OTHER OBJECT (NOT FIXED),3000 OLD FRANKLIN RD,ANTIOCH,TN,37013,8765,SOUTH,36.0297,-86.6422,POINT (-86.6422 36.0297)
20190118962,02/13/2019 08:00:00 AM,1,0,0,,Y,620067,0,NOT COLLISION W/MOTOR VEHICLE-TRANSPORT,21,CLEAR,1,DAYLIGHT,42,TREE,MINERS CV & DOWDY DR,ANTIOCH,TN,37013,8899,SOUTH,36.0702,-86.6686,POINT (-86.6686 36.0702)
20190007235,01/03/2019 04:45:00 PM,2,0,0,,N,876575,11,Front to Rear,21,CLEAR,1,DAYLIGHT,12,MOTOR VEHICLE IN TRANSPORT,GREENFIELD AV & GALLATIN PKE,NASHVILLE,TN,37216,1439,EAST,36.2109,-86.7331,POINT (-86.7331 36.2109)
20190357120,05/09/2019 06:06:00 PM,2,0,0,,N,352201,4,ANGLE,22,CLOUDY,5,DUSK,12,MOTOR VEHICLE IN TRANSPORT,CHARLOTTE AV & 48TH AVN,NASHVILLE,TN,37209,5127,WEST,36.1521,-86.8449,POINT (-86.8449 36.1521)
20190569980,07/31/2019 04:45:00 PM,2,0,0,,N,714641,4,ANGLE,21,CLEAR,1,DAYLIGHT,12,MOTOR VEHICLE IN TRANSPORT,4TH AVS & PEABODY ST,NASHVILLE,TN,37201,4047,CENTRA,36.1566,-86.7744,POINT (-86.7744 36.1566)
20190323055,04/26/2019 05:20:00 PM,2,1,0,,N,311798,4,ANGLE,21,CLEAR,1,DAYLIGHT,12,MOTOR VEHICLE IN TRANSPORT,INDIANA AV & CLIFTON AV,NASHVILLE,TN,37209,4533,WEST,36.1571,-86.835,POINT (-86.835 36.1571)
20190099364,02/06/2019 06:27:00 AM,1,0,0,,N,405391,0,NOT COLLISION W/MOTOR VEHICLE-TRANSPORT,2,RAIN,1,DAYLIGHT,50,DEER (ANIMAL),HIGHWAY 100 & FALKIRK CT,NASHVILLE,TN,37221,4807,WEST,36.0581,-86.922,POINT (-86.922 36.0581)
20190304059,04/20/2019 07:55:00 AM,2,0,0,,N,343522,11,Front to Rear,2,RAIN,1,DAYLIGHT,12,MOTOR VEHICLE IN TRANSPORT,HARDING PKE & WOODMONT BLVD,NASHVILLE,TN,37205,6021,WEST,36.1253,-86.8472,POINT (-86.8472 36.1253)
20190094332,02/04/2019 05:02:00 PM,2,0,0,,N,256422,11,Front to Rear,22,CLOUDY,3,DARK - LIGHTED,12,MOTOR VEHICLE IN TRANSPORT,MM 208 1 I 40,NASHVILLE,TN,37208,42023,NORTH,36.1684,-86.7964,POINT (-86.7964 36.1684)
20190197702,03/13/2019 01:27:00 PM,2,1,0,,N,240955,11,Front to Rear,21,CLEAR,1,DAYLIGHT,12,MOTOR VEHICLE IN TRANSPORT,I24 W EXT RAMP & I 24,NASHVILLE,TN,37211,8829,SOUTH,36.1074,-86.7197,POINT (-86.7197 36.1074)
20190025363,01/10/2019 04:00:00 PM,2,1,0,,N,298860,5,SIDESWIPE - SAME DIRECTION,21,CLEAR,1,DAYLIGHT,12,MOTOR VEHICLE IN TRANSPORT,MM 222 0 I 40,HERMITAGE,TN,37076,9502,HERMIT,36.1694,-86.5791,POINT (-86.5791 36.1694)
20190234713,03/26/2019 12:00:00 AM,2,0,0,,Y,665896,9,UNKNOWN,21,CLEAR,1,DAYLIGHT,12;14,MOTOR VEHICLE IN TRANSPORT;PARKED MOTOR VEHICLE,S 7TH ST & MAIN ST,NASHVILLE,TN,37206,1117,EAST,36.1745,-86.7609,POINT (-86.7609 36.1745)
20190007328,01/03/2019 05:18:00 PM,2,0,0,,N,299241,11,Front to Rear,21,CLEAR,7,Dark-Unknown Lighting,12,MOTOR VEHICLE IN TRANSPORT,I40 W ENT RAMP & I 40,NASHVILLE,TN,37210,9007,HERMIT,36.1484,-86.7454,POINT (-86.7454 36.1484)
20190269760,04/08/2019 10:39:00 AM,1,1,0,,N,812949,0,NOT COLLISION W/MOTOR VEHICLE-TRANSPORT,22,CLOUDY,1,DAYLIGHT,42,TREE,FARMVIEW DR & BUENAVIEW BLVD,NASHVILLE,TN,37218,3107,NORTH,36.2269,-86.8312,POINT (-86.8312 36.2269)
20190486088,06/27/2019 01:37:00 PM,1,0,0,Y,N,134899,0,NOT COLLISION W/MOTOR VEHICLE-TRANSPORT,21,CLEAR,1,DAYLIGHT,19;63;66,BUILDING;Ran Off Road-Right;Down Hill-Run Away,ELISSA DR & KAREN DR,NASHVILLE,TN,37217,8887,HERMIT,36.1395,-86.705,POINT (-86.705 36.1395)
20190183688,03/08/2019 08:30:00 AM,2,0,0,,N,279206,5,SIDESWIPE - SAME DIRECTION,2,RAIN,1,DAYLIGHT,12,MOTOR VEHICLE IN TRANSPORT,MM 211 8 I 40,NASHVILLE,TN,37210,90022,HERMIT,36.149,-86.7465,POINT (-86.7465 36.149)
20190509177,07/06/2019 06:22:00 PM,2,0,0,,N,256446,4,ANGLE,21,CLEAR,1,DAYLIGHT,12,MOTOR VEHICLE IN TRANSPORT,OLD HICKORY BLVD & NOLENSVILLE PKE,ANTIOCH,TN,37013,8757,SOUTH,36.0455,-86.7122,POINT (-86.7122 36.0455)
20190011248,01/05/2019 04:14:00 AM,2,2,0,,N,256377,4,ANGLE,21,CLEAR,3,DARK - LIGHTED,12;71,MOTOR VEHICLE IN TRANSPORT;EMBANKMENT EARTH,MOSSDALE DR & BELL RD,NASHVILLE,TN,37217,8937,HERMIT,36.0828,-86.6287,POINT (-86.6287 36.0828)