Accident Number,Date and Time,Number of Motor Vehicles,Number of Injuries,Number of Fatalities,Property Damage,Hit and Run,Reporting Officer,Collision Type Code,Collision Type Description,Weather Code,Weather Description,Illumination Code,Illumination Description,Harmful Code,Harmful Code Description,Street Address,City,State,ZIP,RPA,Precinct,Latitude,Longitude,Mapped Location
20190423163,06/03/2019 03:05:00 PM,2,1,0,,N,256426,4,ANGLE,21,CLEAR,1,DAYLIGHT,12,MOTOR VEHICLE IN TRANSPORT,0 CENTURY BLVD,NASHVILLE,TN,37214,9115,HERMIT,36.1487,-86.6839,POINT (-86.6839 36.1487)
20190562128,07/28/2019 03:00:00 PM,2,2,0,,N,330427,11,Front to Rear,,,1,DAYLIGHT,12,MOTOR VEHICLE IN TRANSPORT,EATONS CREEK RD & HAPPY HOLLOW LN,JOELTON,TN,37080,3335,NORTH,36.2879,-86.8903,POINT (-86.8903 36.2879)
20190039362,01/15/2019 07:22:00 PM,2,0,0,,Y,279195,11,Front to Rear,22,CLOUDY,4,DAWN,12,MOTOR VEHICLE IN TRANSPORT,LEBANON PKE & ANDREW JACKSON PKWY,HERMITAGE,TN,37076,9537,HERMIT,36.2151,-86.5962,POINT (-86.5962 36.2151)
20190434097,06/07/2019 11:46:00 AM,2,0,0,,N,544481,11,Front to Rear,22,CLOUDY,1,DAYLIGHT,12,MOTOR VEHICLE IN TRANSPORT,DOUGLAS AV & EMMETT AV,NASHVILLE,TN,37206,1933,EAST,36.1931,-86.7487,POINT (-86.7487 36.1931)
20190299755,04/18/2019 05:33:00 PM,1,2,0,,N,240960,0,NOT COLLISION W/MOTOR VEHICLE-TRANSPORT,21,CLEAR,1,DAYLIGHT,8,PEDESTRIAN,LITTON AV & DAVIS AV,NASHVILLE,TN,37216,1403,EAST,36.2023,-86.7383,POINT (-86.7383 36.2023)
20190283803,04/13/2019 09:30:00 AM,1,0,0,,N,876581,0,NOT COLLISION W/MOTOR VEHICLE-TRANSPORT,2,RAIN,1,DAYLIGHT,47,FIRE HYDRANT,SHANNON AV & PIERCE RD,MADISON,TN,37115,1729,MADISO,36.2767,-86.709,POINT (-86.709 36.2767)
20190087130,02/01/2019 04:43:00 PM,2,2,0,,N,298867,2,HEAD-ON,21,CLEAR,1,DAYLIGHT,12,MOTOR VEHICLE IN TRANSPORT,DICKERSON PKE & E TRINITY LN,NASHVILLE,TN,37207,1861,EAST,36.2055,-86.7684,POINT (-86.7684 36.2055)
20190570555,07/31/2019 08:01:00 PM,2,0,0,,N,256383,4,ANGLE,21,CLEAR,3,DARK - LIGHTED,12,MOTOR VEHICLE IN TRANSPORT,WILLARD DR & EAST RIDGE DR,NASHVILLE,TN,37211,8707,SOUTH,36.0719,-86.6982,POINT (-86.6982 36.0719)
20190284926,04/13/2019 09:14:00 PM,2,1,0,,Y,240960,11,Front to Rear,2,RAIN,3,DARK - LIGHTED,12,MOTOR VEHICLE IN TRANSPORT,LITTON AV & BRONTE AV,NASHVILLE,TN,37216,1401,EAST,36.202,-86.7357,POINT (-86.7357 36.202)
20190208490,03/17/2019 08:32:00 PM,2,0,0,,N,279208,11,Front to Rear,21,CLEAR,7,Dark-Unknown Lighting,12,MOTOR VEHICLE IN TRANSPORT,WEST END AV & 21ST AVN,NASHVILLE,TN,37203,5715,MIDTOW,36.1503,-86.8016,POINT (-86.8016 36.1503)
20190300084,04/18/2019 05:43:00 PM,2,1,0,,N,197054,11,Front to Rear,21,CLEAR,1,DAYLIGHT,12,MOTOR VEHICLE IN TRANSPORT,MM 214 2 I 40,NASHVILLE,TN,37210,90062,HERMIT,36.1424,-86.7107,POINT (-86.7107 36.1424)
20190038848,01/15/2019 06:31:00 PM,2,0,0,,Y,256389,4,ANGLE,21,CLEAR,3,DARK - LIGHTED,12,MOTOR VEHICLE IN TRANSPORT,12TH AVS & WEDGEWOOD AV,NASHVILLE,TN,37212,6617,MIDTOW,36.1364,-86.7886,POINT (-86.7886 36.1364)
20190535840,07/17/2019 08:40:00 PM,2,0,0,,Y,240978,11,Front to Rear,21,CLEAR,3,DARK - LIGHTED,14,PARKED MOTOR VEHICLE,100 S 11TH ST,NASHVILLE,TN,37206,1201,EAST,36.1776,-86.7501,POINT (-86.7501 36.1776)
20190559736,07/27/2019 09:35:00 AM,2,2,0,,N,279116,11,Front to Rear,21,CLEAR,1,DAYLIGHT,12,MOTOR VEHICLE IN TRANSPORT,THOMPSON LN & FOSTER CREIGHTON DR,NASHVILLE,TN,37204,8305,MIDTOW,36.111,-86.754,POINT (-86.754 36.111)
20190240717,03/28/2019 01:30:00 PM,2,0,0,Y,N,330419,5,SIDESWIPE - SAME DIRECTION,21,CLEAR,1,DAYLIGHT,12,MOTOR VEHICLE IN TRANSPORT,E TRINITY LN & JONES AV,NASHVILLE,TN,37207,1835,EAST,36.2051,-86.7576,POINT (-86.7576 36.2051)
20190439181,06/09/2019 12:00:00 AM,2,2,0,,Y,197056,11,Front to Rear,2,RAIN,1,DAYLIGHT,12,MOTOR VEHICLE IN TRANSPORT,LINCOYA BAY DR & BELL RD,NASHVILLE,TN,37214,8957,HERMIT,36.1455,-86.6262,POINT (-86.6262 36.1455)
20190564098,07/29/2019 11:30:00 AM,2,2,0,,N,352174,4,ANGLE,21,CLEAR,1,DAYLIGHT,12,MOTOR VEHICLE IN TRANSPORT,HUNTINGTON PKWY & AMALIE DR,NASHVILLE,TN,37211,8655,MIDTOW,36.0467,-86.725,POINT (-86.725 36.0467)
20190014627,01/06/2019 09:30:00 PM,2,1,0,,N,320580,5,SIDESWIPE - SAME DIRECTION,21,CLEAR,3,DARK - LIGHTED,12,MOTOR VEHICLE IN TRANSPORT,I24 W ENT RAMP & I 40,NASHVILLE,TN,37217,8818,HERMIT,36.1397,-86.7275,POINT (-86.7275 36.1397)
20190309703,04/22/2019 04:08:00 PM,2,0,0,,Y,330435,2,HEAD-ON,21,CLEAR,1,DAYLIGHT,12,MOTOR VEHICLE IN TRANSPORT,SYLVAN ST & CAYCE PLACE PVTDR,NASHVILLE,TN,37206,1021,EAST,36.1676,-86.7588,POINT (-86.7588 36.1676)
20190577147,08/03/2019 11:30:00 AM,2,0,0,,Y,226600,11,Front to Rear,22,CLOUDY,1,DAYLIGHT,12,MOTOR VEHICLE IN TRANSPORT,40TH AVN & CHARLOTTE AV,NASHVILLE,TN,37209,5225,WEST,36.1526,-86.8348,POINT (-86.8348 36.1526)
20190152028,02/25/2019 09:42:00 AM,2,0,0,,N,311799,11,Front to Rear,21,CLEAR,1,DAYLIGHT,12,MOTOR VEHICLE IN TRANSPORT,OLD HICKORY BLVDW & BEVERLY DR,MADISON,TN,37115,1749,MADISO,36.2641,-86.7252,POINT (-86.7252 36.2641)
20190116191,02/12/2019 02:22:00 PM,1,0,0,Y,Y,134899,0,NOT COLLISION W/MOTOR VEHICLE-TRANSPORT,2,RAIN,1,DAYLIGHT,34;40,DITCH;MAIL BOX,MASSMAN DR & RADFORD DR,NASHVILLE,TN,37217,8885,HERMIT,36.1353,-86.706,POINT (-86.706 36.1353)
20190493609,06/30/2019 04:00:00 PM,2,0,0,,Y,311333,4,ANGLE,21,CLEAR,1,DAYLIGHT,12,MOTOR VEHICLE IN TRANSPORT,ZOO RD & NOLENSVILLE PKE,NASHVILLE,TN,37211,8509,MIDTOW,36.0899,-86.7339,POINT (-86.7339 36.0899)
20190575326,08/02/2019 05:40:00 PM,2,0,0,,N,716886,4,ANGLE,21,CLEAR,1,DAYLIGHT,12,MOTOR VEHICLE IN TRANSPORT,HARRISON ST & 5TH AVN,NASHVILLE,TN,37219,4203,CENTRA,36.1704,-86.7842,POINT (-86.7842 36.1704)
20190265235,04/06/2019 12:30:00 PM,2,0,0,,N,279206,4,ANGLE,21,CLEAR,1,DAYLIGHT,12,MOTOR VEHICLE IN TRANSPORT,OLD HICKORY BLVD & ANDREW JACKSON WAY,HERMITAGE,TN,37076,9561,HERMIT,36.1826,-86.6084,POINT (-86.6084 36.1826)
20190468973,06/20/2019 05:33:00 PM,2,0,0,,N,256383,11,Front to Rear,21,CLEAR,1,DAYLIGHT,12,MOTOR VEHICLE IN TRANSPORT,I24E & I24 W ENT RAMP,NASHVILLE,TN,37210,82061,HERMIT,36.1386,-86.7273,POINT (-86.7273 36.1386)
20190378931,05/17/2019 05:20:00 PM,2,0,0,,N,256448,11,Front to Rear,21,CLEAR,1,DAYLIGHT,12,MOTOR VEHICLE IN TRANSPORT,BELL RD & PRIEST WOODS DR,NASHVILLE,TN,37214,8991,HERMIT,36.1275,-86.6296,POINT (-86.6296 36.1275)
20190340983,05/03/2019 12:00:00 AM,2,1,0,,N,151131,11,Front to Rear,21,CLEAR,1,DAYLIGHT,12,MOTOR VEHICLE IN TRANSPORT,I40 E ENT RAMP & I 65,NASHVILLE,TN,37208,44040,NORTH,36.1768,-86.8011,POINT (-86.8011 36.1768)
20190350791,05/07/2019 02:49:00 PM,2,0,0,,N,330431,5,SIDESWIPE - SAME DIRECTION,21,CLEAR,1,DAYLIGHT,12,MOTOR VEHICLE IN TRANSPORT,MM 86 5 I 65,NASHVILLE,TN,37207,3006,NORTH,36.1946,-86.7762,POINT (-86.7762 36.1946)
20190125905,02/15/2019 02:00:00 PM,2,0,0,,N,298868,11,Front to Rear,2,RAIN,1,DAYLIGHT,12,MOTOR VEHICLE IN TRANSPORT,46TH AVN & CHARLOTTE AV,NASHVILLE,TN,37209,5201,WEST,36.1527,-86.8422,POINT (-86.8422 36.1527)
20190542886,07/20/2019 06:30:00 PM,2,1,0,,N,279225,4,ANGLE,2,RAIN,1,DAYLIGHT,12,MOTOR VEHICLE IN TRANSPORT,OLD MURFREESBORO PKE & FAIRCLOTH LN,NASHVILLE,TN,37217,8947,HERMIT,36.1036,-86.6665,POINT (-86.6665 36.1036)
20190000540,01/01/2019 04:49:00 AM,2,0,0,,Y,212323,9,UNKNOWN,2,RAIN,3,DARK - LIGHTED,14,PARKED MOTOR VEHICLE,HICKORYVIEW DR & HICKORY TRACE DR PVTDR,NASHVILLE,TN,37211,8655,MIDTOW,36.0481,-86.719,POINT (-86.719 36.0481)
20190253438,04/02/2019 09:15:00 AM,2,0,0,,N,755026,4,ANGLE,21,CLEAR,1,DAYLIGHT,12,MOTOR VEHICLE IN TRANSPORT,GLENROSE AV & WHITNEY AV,NASHVILLE,TN,37210,8101,SOUTH,36.1258,-86.7516,POINT (-86.7516 36.1258)
20190214378,03/19/2019 05:30:00 PM,2,0,0,,N,714641,4,ANGLE,21,CLEAR,1,DAYLIGHT,12,MOTOR VEHICLE IN TRANSPORT,8TH AVS & LAFAYETTE ST,NASHVILLE,TN,37203,4043,CENTRA,36.1546,-86.7792,POINT (-86.7792 36.1546)
20190393944,05/23/2019 09:59:00 AM,2,0,0,,N,299243,11,Front to Rear,21,CLEAR,1,DAYLIGHT,12,MOTOR VEHICLE IN TRANSPORT,I 40 & I 40,NASHVILLE,TN,37214,9103,HERMIT,36.1425,-86.6798,POINT (-86.6798 36.1425)
20190572629,08/01/2019 05:31:00 PM,2,0,0,,N,256386,11,Front to Rear,21,CLEAR,1,DAYLIGHT,12,MOTOR VEHICLE IN TRANSPORT,BELL RD & TRAILS CIR,NASHVILLE,TN,37214,8995,HERMIT,36.1473,-86.6259,POINT (-86.6259 36.1473)
20190391880,05/22/2019 06:04:00 PM,2,0,0,,N,226827,4,ANGLE,21,CLEAR,1,DAYLIGHT,12,MOTOR VEHICLE IN TRANSPORT,E WEBSTER ST & GALLATIN PKES,MADISON,TN,37115,1507,MADISO,36.2518,-86.7174,POINT (-86.7174 36.2518)
20190219900,03/21/2019 08:53:00 AM,1,0,0,Y,N,676834,0,NOT COLLISION W/MOTOR VEHICLE-TRANSPORT,21,CLEAR,3,DARK - LIGHTED,19;38,BUILDING;FENCE,900 JEFFERSON ST,NASHVILLE,TN,37208,4303,NORTH,36.1731,-86.7925,POINT (-86.7925 36.1731)
20190490707,06/29/2019 08:53:00 AM,2,1,0,,N,299243,4,ANGLE,21,CLEAR,1,DAYLIGHT,12,MOTOR VEHICLE IN TRANSPORT,MM 207 9 I 40,NASHVILLE,TN,37208,54022,NORTH,36.1693,-86.7972,POINT (-86.7972 36.1693)
20190334233,05/01/2019 06:10:00 AM,2,0,0,,N,109534,5,SIDESWIPE - SAME DIRECTION,21,CLEAR,1,DAYLIGHT,12,MOTOR VEHICLE IN TRANSPORT,MURFREESBORO PKE & FOOTHILL DR,NASHVILLE,TN,37217,8801,SOUTH,36.1314,-86.7172,POINT (-86.7172 36.1314)
20190124995,02/15/2019 08:24:00 AM,2,1,0,,N,311339,9,UNKNOWN,22,CLOUDY,1,DAYLIGHT,12;31,"MOTOR VEHICLE IN TRANSPORT;OTHER POST, POLE, SUPP.",ROSA L PARKS BLVD & GAY ST,NASHVILLE,TN,37219,4203,CENTRA,36.1658,-86.7874,POINT (-86.7874 36.1658)
20190228342,03/24/2019 01:00:00 PM,3,0,0,,N,256502,11,Front to Rear,21,CLEAR,1,DAYLIGHT,12,MOTOR VEHICLE IN TRANSPORT,MM 87 5 I 65,NASHVILLE,TN,37207,1804,EAST,36.2091,-86.776,POINT (-86.776 36.2091)
20190397300,05/24/2019 11:46:00 AM,6,0,0,,N,226136,11,Front to Rear,22,CLOUDY,1,DAYLIGHT,12,MOTOR VEHICLE IN TRANSPORT,MM 1 7 I 440,NASHVILLE,TN,37209,5312,NORTH,36.1536,-86.8226,POINT (-86.8226 36.1536)
20190581358,08/05/2019 10:53:00 AM,1,0,0,,N,225773,0,NOT COLLISION W/MOTOR VEHICLE-TRANSPORT,21,CLEAR,1,DAYLIGHT,34,DITCH,ARMORY DR & FOSTER CREIGHTON DR,NASHVILLE,TN,37204,8523,MIDTOW,36.1095,-86.7525,POINT (-86.7525 36.1095)
20190407221,05/28/2019 01:07:00 PM,2,0,0,,N,676834,4,ANGLE,21,CLEAR,1,DAYLIGHT,12,MOTOR VEHICLE IN TRANSPORT,3RD AVN & VAN BUREN ST,NASHVILLE,TN,37208,4355,NORTH,36.1806,-86.7883,POINT (-86.7883 36.1806)
20190193409,03/12/2019 07:40:00 AM,3,0,0,,N,591933,11,Front to Rear,21,CLEAR,1,DAYLIGHT,12,MOTOR VEHICLE IN TRANSPORT,MM 60 3 I 24,ANTIOCH,TN,37013,8704,SOUTH,36.037,-86.6459,POINT (-86.6459 36.037)
20190391355,05/22/2019 02:15:00 PM,2,0,0,,N,267831,4,ANGLE,21,CLEAR,1,DAYLIGHT,12,MOTOR VEHICLE IN TRANSPORT,HILLWOOD BLVD & CHARLOTTE PKE,NASHVILLE,TN,37209,5021,WEST,36.1391,-86.8806,POINT (-86.8806 36.1391)
20190032905,01/13/2019 06:19:00 PM,2,3,0,,Y,299241,11,Front to Rear,2,RAIN,7,Dark-Unknown Lighting,12,MOTOR VEHICLE IN TRANSPORT,I40 E EXT RAMP & DONELSON PKE,NASHVILLE,TN,37214,8953,HERMIT,36.1404,-86.6664,POINT (-86.6664 36.1404)
20190483284,06/26/2019 02:20:00 PM,2,0,0,,N,352207,11,Front to Rear,21,CLEAR,1,DAYLIGHT,12,MOTOR VEHICLE IN TRANSPORT,HILLSBORO PKE & WOODMONT BLVD,NASHVILLE,TN,37215,6105,WEST,36.114,-86.8109,POINT (-86.8109 36.114)
20190019680,01/08/2019 04:43:00 PM,2,0,0,,Y,256426,11,Front to Rear,21,CLEAR,1,DAYLIGHT,12,MOTOR VEHICLE IN TRANSPORT,BRILEY PKWY & VULTEE BLVD,NASHVILLE,TN,37217,8998,HERMIT,36.1245,-86.6963,POINT (-86.6963 36.1245)
20190012255,01/05/2019 05:15:00 PM,2,0,0,,N,279225,11,Front to Rear,21,CLEAR,3,DARK - LIGHTED,12,MOTOR VEHICLE IN TRANSPORT,MURFREESBORO PKE & MARTWAY DR,ANTIOCH,TN,37013,8891,SOUTH,36.0783,-86.643,POINT (-86.643 36.0783)
20190527401,07/14/2019 09:31:00 PM,1,1,0,,N,320599,0,NOT COLLISION W/MOTOR VEHICLE-TRANSPORT,22,CLOUDY,2,DARK - NOT LIGHTED,33,CURB,MURFREESBORO PKE & BROOKSBORO PL,ANTIOCH,TN,37013,8891,SOUTH,36.0837,-86.6472,POINT (-86.6472 36.0837)
20190269530,04/08/2019 08:59:00 AM,3,1,0,,N,320574,11,Front to Rear,22,CLOUDY,1,DAYLIGHT,12,MOTOR VEHICLE IN TRANSPORT,MM 212 7 I 40,NASHVILLE,TN,37210,82060,HERMIT,36.143,-86.737,POINT (-86.737 36.143)
20190578092,08/03/2019 12:00:00 AM,2,0,0,,Y,256423,98,OTHER,21,CLEAR,1,DAYLIGHT,14,PARKED MOTOR VEHICLE,TAYLOR ST & 7TH AVN,NASHVILLE,TN,37208,4323,NORTH,36.1772,-86.7932,POINT (-86.7932 36.1772)
20190444138,06/11/2019 01:34:00 PM,2,0,0,,N,462474,11,Front to Rear,21,CLEAR,1,DAYLIGHT,12,MOTOR VEHICLE IN TRANSPORT,TROUSDALE DR & HARDING PL,NASHVILLE,TN,37211,8507,MIDTOW,36.0823,-86.7582,POINT (-86.7582 36.0823)
20190110966,02/10/2019 08:39:00 PM,3,3,0,,N,212344,11,Front to Rear,21,CLEAR,3,DARK - LIGHTED,12,MOTOR VEHICLE IN TRANSPORT,GALLATIN AV & W EASTLAND AV,NASHVILLE,TN,37206,1243,EAST,36.1836,-86.7485,POINT (-86.7485 36.1836)
20190294783,04/17/2019 06:46:00 AM,2,0,0,,N,279230,4,ANGLE,21,CLEAR,1,DAYLIGHT,12,MOTOR VEHICLE IN TRANSPORT,MURFREESBORO PKE & BROOKSBORO PL,ANTIOCH,TN,37013,8891,SOUTH,36.0837,-86.6472,POINT (-86.6472 36.0837)
20190512062,07/08/2019 10:00:00 AM,2,0,0,,N,262757,11,Front to Rear,21,CLEAR,1,DAYLIGHT,12,MOTOR VEHICLE IN TRANSPORT,BRILEY PKWY N EXT RAMP & ELM HILL PKE,NASHVILLE,TN,37214,9107,HERMIT,36.1523,-86.6905,POINT (-86.6905 36.1523)
20190323020,04/26/2019 04:50:00 PM,1,0,0,Y,N,279224,0,NOT COLLISION W/MOTOR VEHICLE-TRANSPORT,21,CLEAR,1,DAYLIGHT,43;61;63,OTHER FIXED OBJECTS;Equip Failure;Ran Off Road-Right,EASTLAND AV & N 14TH ST,NASHVILLE,TN,37206,1215,EAST,36.1834,-86.7449,POINT (-86.7449 36.1834)
20190178646,03/06/2019 04:25:00 PM,2,0,0,,Y,330413,4,ANGLE,21,CLEAR,1,DAYLIGHT,12,MOTOR VEHICLE IN TRANSPORT,HARDING PL & OVERCREST DR,NASHVILLE,TN,37211,8609,MIDTOW,36.0772,-86.7336,POINT (-86.7336 36.0772)
20190377667,05/17/2019 08:13:00 AM,2,0,0,,N,799013,5,SIDESWIPE - SAME DIRECTION,21,CLEAR,1,DAYLIGHT,12,MOTOR VEHICLE IN TRANSPORT,MM 213 5 I 40,NASHVILLE,TN,37210,90062,HERMIT,36.1406,-86.7215,POINT (-86.7215 36.1406)
20190344974,05/05/2019 02:20:00 PM,1,1,0,,N,281611,0,NOT COLLISION W/MOTOR VEHICLE-TRANSPORT,21,CLEAR,1,DAYLIGHT,34,DITCH,LEWIS RD & OLD HARDING PKE,NASHVILLE,TN,37221,4803,WEST,36.0377,-86.988,POINT (-86.988 36.0377)
20190486497,06/27/2019 04:56:00 PM,2,0,0,,N,256383,5,SIDESWIPE - SAME DIRECTION,22,CLOUDY,1,DAYLIGHT,12,MOTOR VEHICLE IN TRANSPORT,ANTIOCH PKE & SOUTHLAKE DR,NASHVILLE,TN,37211,8407,SOUTH,36.1009,-86.7307,POINT (-86.7307 36.1009)
20190517623,07/10/2019 04:42:00 PM,2,0,0,,N,299241,11,Front to Rear,21,CLEAR,1,DAYLIGHT,12,MOTOR VEHICLE IN TRANSPORT,OLD HICKORY BLVD & BURNING TREE DR,HERMITAGE,TN,37076,9557,HERMIT,36.1742,-86.6019,POINT (-86.6019 36.1742)
20190259337,04/04/2019 08:05:00 AM,3,0,0,,N,299243,11,Front to Rear,21,CLEAR,1,DAYLIGHT,12,MOTOR VEHICLE IN TRANSPORT,WOODLAND ST & GAY ST,NASHVILLE,TN,37201,4101,CENTRA,36.1672,-86.7769,POINT (-86.7769 36.1672)
20190579625,08/04/2019 03:45:00 PM,1,0,0,Y,N,206964,0,NOT COLLISION W/MOTOR VEHICLE-TRANSPORT,2,RAIN,1,DAYLIGHT,30;63,UTILITY POLE;Ran Off Road-Right,TUSCULUM RD & SHIHMEN DR,ANTIOCH,TN,37013,8713,SOUTH,36.1676,-86.7787,POINT (-86.7787 36.1676)
20190260412,04/04/2019 03:17:00 PM,2,0,0,,Y,279124,11,Front to Rear,21,CLEAR,1,DAYLIGHT,12,MOTOR VEHICLE IN TRANSPORT,I440 W ENT RAMP & I 440,NASHVILLE,TN,37210,81021,SOUTH,36.1259,-86.7322,POINT (-86.7322 36.1259)
20190501705,07/03/2019 01:31:00 PM,5,6,1,,N,109534,98,OTHER,22,CLOUDY,1,DAYLIGHT,12;18,MOTOR VEHICLE IN TRANSPORT;OTHER OBJECT (NOT FIXED),MM 215 5 I 40,NASHVILLE,TN,37217,89020,HERMIT,36.1432,-86.6865,POINT (-86.6865 36.1432)
20190361899,05/11/2019 12:19:00 PM,2,0,0,,N,320585,5,SIDESWIPE - SAME DIRECTION,21,CLEAR,1,DAYLIGHT,12,MOTOR VEHICLE IN TRANSPORT,MM 219 8 I 40,HERMITAGE,TN,37076,94021,HERMIT,36.1631,-86.6175,POINT (-86.6175 36.1631)
20190394828,05/23/2019 04:08:00 PM,2,1,0,,N,151132,11,Front to Rear,21,CLEAR,1,DAYLIGHT,12,MOTOR VEHICLE IN TRANSPORT,MM 94 2 I 65,GOODLETTSVILLE,TN,37072,17061,MADISO,36.2904,-86.723,POINT (-86.723 36.2904)
20190184400,03/08/2019 01:52:00 PM,4,0,0,,N,311325,5,SIDESWIPE - SAME DIRECTION,,,1,DAYLIGHT,12,MOTOR VEHICLE IN TRANSPORT,MURFREESBORO PKE & NASHBORO BLVD,ANTIOCH,TN,37013,8891,SOUTH,36.0869,-86.6487,POINT (-86.6487 36.0869)
20190296327,04/17/2019 04:52:00 PM,2,1,0,,N,256380,4,ANGLE,21,CLEAR,1,DAYLIGHT,12,MOTOR VEHICLE IN TRANSPORT,6TH AVN & GARFIELD ST,NASHVILLE,TN,37208,4341,NORTH,36.1822,-86.7942,POINT (-86.7942 36.1822)
20190022935,01/09/2019 06:40:00 PM,2,0,0,,N,330412,11,Front to Rear,21,CLEAR,3,DARK - LIGHTED,12,MOTOR VEHICLE IN TRANSPORT,I440 W EXT RAMP & I 40,NASHVILLE,TN,37209,52280,WEST,36.1561,-86.8235,POINT (-86.8235 36.1561)
20190471404,06/21/2019 03:03:00 PM,2,1,0,,N,834813,11,Front to Rear,22,CLOUDY,1,DAYLIGHT,12,MOTOR VEHICLE IN TRANSPORT,CLARKSVILLE PKE & WESTPORT DR,NASHVILLE,TN,37218,3215,NORTH,36.2398,-86.8307,POINT (-86.8307 36.2398)
20190273253,04/09/2019 03:40:00 PM,2,0,0,,N,256380,11,Front to Rear,21,CLEAR,1,DAYLIGHT,12,MOTOR VEHICLE IN TRANSPORT,MM 206 8 I 40,NASHVILLE,TN,37208,44022,NORTH,36.1684,-86.8148,POINT (-86.8148 36.1684)
20190406296,05/28/2019 05:55:00 AM,1,0,0,,N,279198,0,NOT COLLISION W/MOTOR VEHICLE-TRANSPORT,21,CLEAR,1,DAYLIGHT,50,DEER (ANIMAL),GALLATIN PKE & MCALPINE AV,NASHVILLE,TN,37216,1425,EAST,36.221,-86.7267,POINT (-86.7267 36.221)
20190297755,04/18/2019 02:30:00 AM,2,1,0,,Y,834802,4,ANGLE,21,CLEAR,3,DARK - LIGHTED,12;65,MOTOR VEHICLE IN TRANSPORT;Cross Median,I65 N EXT RAMP & W TRINITY LN,NASHVILLE,TN,37207,1863,EAST,36.2063,-86.7735,POINT (-86.7735 36.2063)
20190422816,06/03/2019 12:30:00 PM,2,0,0,,N,212369,11,Front to Rear,21,CLEAR,1,DAYLIGHT,12,MOTOR VEHICLE IN TRANSPORT,OLD HICKORY BLVD & BRENTWOOD BLVD,NASHVILLE,TN,37220,7111,MIDTOW,36.0377,-86.7948,POINT (-86.7948 36.0377)
20190247435,03/31/2019 12:00:00 AM,1,0,0,Y,Y,284059,0,NOT COLLISION W/MOTOR VEHICLE-TRANSPORT,21,CLEAR,2,DARK - NOT LIGHTED,24;32,GUARDRAIL FACE;CULVERT,MM 34 8 I 24,JOELTON,TN,37080,33160,NORTH,36.3243,-86.8707,POINT (-86.8707 36.3243)
20190298267,04/18/2019 07:39:00 AM,2,1,0,,N,226622,4,ANGLE,22,CLOUDY,1,DAYLIGHT,12,MOTOR VEHICLE IN TRANSPORT,MM 199 2 I 40,NASHVILLE,TN,37221,4706,WEST,36.1111,-86.9232,POINT (-86.9232 36.1111)
20190105790,02/08/2019 11:50:00 AM,2,0,0,,N,223502,11,Front to Rear,21,CLEAR,1,DAYLIGHT,12,MOTOR VEHICLE IN TRANSPORT,EAST THOMPSON LN & OLD GLENROSE AV,NASHVILLE,TN,37211,8809,SOUTH,36.1165,-86.7193,POINT (-86.7193 36.1165)
20190173897,03/05/2019 07:39:00 AM,2,1,0,,N,584947,11,Front to Rear,21,CLEAR,1,DAYLIGHT,12,MOTOR VEHICLE IN TRANSPORT,MM 79 7 I 65,NASHVILLE,TN,37204,8504,MIDTOW,36.1092,-86.7698,POINT (-86.7698 36.1092)
20190371472,05/15/2019 08:30:00 AM,3,0,0,,Y,352202,11,Front to Rear,22,CLOUDY,1,DAYLIGHT,12,MOTOR VEHICLE IN TRANSPORT,MM 206 8 I 40,NASHVILLE,TN,37208,44022,NORTH,36.1684,-86.8148,POINT (-86.8148 36.1684)
20190465710,06/19/2019 05:10:00 PM,3,0,0,,N,405418,4,ANGLE,21,CLEAR,1,DAYLIGHT,12,MOTOR VEHICLE IN TRANSPORT,EDMONDSON PKE & OLD HICKORY BLVD,NASHVILLE,TN,37211,8651,MIDTOW,36.04,-86.7435,POINT (-86.7435 36.04)
20190385510,05/20/2019 03:30:00 PM,2,0,0,,N,161939,4,ANGLE,21,CLEAR,1,DAYLIGHT,12,MOTOR VEHICLE IN TRANSPORT,MURFREESBORO PKE & LAVERGNE COUCHVILLE P,ANTIOCH,TN,37013,8869,SOUTH,36.0279,-86.5899,POINT (-86.5899 36.0279)
20190539888,07/19/2019 12:55:00 PM,2,0,0,,N,320601,11,Front to Rear,21,CLEAR,1,DAYLIGHT,12,MOTOR VEHICLE IN TRANSPORT,MM 53 3 I 24,NASHVILLE,TN,37210,88141,SOUTH,36.1146,-86.7245,POINT (-86.7245 36.1146)
20190256196,04/03/2019 06:32:00 AM,2,0,0,,N,716886,4,ANGLE,21,CLEAR,1,DAYLIGHT,12,MOTOR VEHICLE IN TRANSPORT,RURAL HILL RD & MT VIEW RD,ANTIOCH,TN,37013,8861,SOUTH,36.0896,-86.6884,POINT (-86.6884 36.0896)
20190390490,05/22/2019 07:45:00 AM,2,0,0,,N,279230,11,Front to Rear,21,CLEAR,1,DAYLIGHT,12,MOTOR VEHICLE IN TRANSPORT,OLD HICKORY BLVD & NOLENSVILLE PKE,ANTIOCH,TN,37013,8757,SOUTH,36.0455,-86.7122,POINT (-86.7122 36.0455)
20190329633,04/29/2019 04:52:00 PM,2,0,0,,Y,256380,11,Front to Rear,21,CLEAR,1,DAYLIGHT,12,MOTOR VEHICLE IN TRANSPORT,ROSA L PARKS BLVD & I65 N ENT RAMP,NASHVILLE,TN,37208,4353,NORTH,36.184,-86.798,POINT (-86.798 36.184)