Accident Number,Date and Time,Number of Motor Vehicles,Number of Injuries,Number of Fatalities,Property Damage,Hit and Run,Reporting Officer,Collision Type Code,Collision Type Description,Weather Code,Weather Description,Illumination Code,Illumination Description,Harmful Code,Harmful Code Description,Street Address,City,State,ZIP,RPA,Precinct,Latitude,Longitude,Mapped Location
20190139750,02/20/2019 08:39:00 PM,1,1,0,,N,256389,0,NOT COLLISION W/MOTOR VEHICLE-TRANSPORT,2,RAIN,3,DARK - LIGHTED,39,WALL,I440 W EXT RAMP & I 440,NASHVILLE,TN,37210,8101,SOUTH,36.1239,-86.7486,POINT (-86.7486 36.1239)
20190446907,06/12/2019 01:15:00 PM,2,1,0,,N,226306,4,ANGLE,22,CLOUDY,1,DAYLIGHT,12,MOTOR VEHICLE IN TRANSPORT,HARDING PKE & BROOKMONT TER,NASHVILLE,TN,37221,4901,WEST,36.0809,-86.8996,POINT (-86.8996 36.0809)
20190549386,07/23/2019 12:00:00 PM,2,1,0,,N,166478,11,Front to Rear,21,CLEAR,1,DAYLIGHT,12,MOTOR VEHICLE IN TRANSPORT,CHARLOTTE AV & 23RD AVN,NASHVILLE,TN,37209,5339,NORTH,36.1558,-86.8097,POINT (-86.8097 36.1558)
20190224504,03/22/2019 07:40:00 PM,2,1,0,,N,728059,4,ANGLE,21,CLEAR,3,DARK - LIGHTED,12,MOTOR VEHICLE IN TRANSPORT,WHITE BRIDGE PKE EXT RAMP & I40 W EXT RA,NASHVILLE,TN,37209,4698,WEST,36.153,-86.8578,POINT (-86.8578 36.153)
20190226617,03/23/2019 05:29:00 PM,2,0,0,,N,279194,4,ANGLE,21,CLEAR,1,DAYLIGHT,12,MOTOR VEHICLE IN TRANSPORT,ROSA L PARKS BLVD & JEFFERSON ST,NASHVILLE,TN,37208,4237,CENTRA,36.1733,-86.7914,POINT (-86.7914 36.1733)
20190167759,03/02/2019 11:15:00 PM,2,0,0,,Y,256569,4,ANGLE,21,CLEAR,2,DARK - NOT LIGHTED,14;55,PARKED MOTOR VEHICLE;Motor Vehicle-In-Motion Outside Trafficw,DULING AV & BIXLER AV,MADISON,TN,37115,1701,MADISO,36.2653,-86.7055,POINT (-86.7055 36.2653)
20190331658,04/29/2019 05:00:00 PM,1,0,0,Y,Y,420035,0,NOT COLLISION W/MOTOR VEHICLE-TRANSPORT,21,CLEAR,1,DAYLIGHT,38;74,FENCE;Occupant Struck By Own Vehicle,DUE WEST AVE & MILLIKEN BEND RD,MADISON,TN,37115,1521,MADISO,36.2468,-86.7128,POINT (-86.7128 36.2468)
20190263440,04/05/2019 06:08:00 PM,2,0,0,,N,256424,4,ANGLE,21,CLEAR,1,DAYLIGHT,12,MOTOR VEHICLE IN TRANSPORT,BELL RD & STEWARTS FERRY PKE,NASHVILLE,TN,37214,8959,HERMIT,36.1522,-86.6251,POINT (-86.6251 36.1522)
20190423826,06/03/2019 09:01:00 PM,2,0,0,,N,151132,5,SIDESWIPE - SAME DIRECTION,21,CLEAR,1,DAYLIGHT,12,MOTOR VEHICLE IN TRANSPORT,MM 91 1 I 65,MADISON,TN,37115,17021,MADISO,36.2485,-86.7424,POINT (-86.7424 36.2485)
20190512519,07/08/2019 04:44:00 PM,2,0,0,,N,320585,5,SIDESWIPE - SAME DIRECTION,21,CLEAR,1,DAYLIGHT,12,MOTOR VEHICLE IN TRANSPORT,MM 212 1 I 40,NASHVILLE,TN,37210,90041,HERMIT,36.1463,-86.7422,POINT (-86.7422 36.1463)
20190545475,07/21/2019 06:22:00 PM,2,0,0,,Y,299270,11,Front to Rear,21,CLEAR,1,DAYLIGHT,14;55,PARKED MOTOR VEHICLE;Motor Vehicle-In-Motion Outside Trafficw,CHURCH ST & MCMILLIN ST,NASHVILLE,TN,37203,5517,MIDTOW,36.1571,-86.7934,POINT (-86.7934 36.1571)
20190523419,07/12/2019 09:15:00 PM,2,0,0,,N,320577,11,Front to Rear,21,CLEAR,3,DARK - LIGHTED,12,MOTOR VEHICLE IN TRANSPORT,MM 5 5 I 440,NASHVILLE,TN,37204,83062,MIDTOW,36.1211,-86.7641,POINT (-86.7641 36.1211)
20190102380,02/07/2019 07:19:00 AM,1,1,0,Y,N,191578,0,NOT COLLISION W/MOTOR VEHICLE-TRANSPORT,22,CLOUDY,1,DAYLIGHT,24,GUARDRAIL FACE,I40 E EXT RAMP & I 40,NASHVILLE,TN,37214,8955,HERMIT,36.155,-86.6271,POINT (-86.6271 36.155)
20190433635,06/07/2019 07:54:00 AM,1,0,0,,N,224955,0,NOT COLLISION W/MOTOR VEHICLE-TRANSPORT,2,RAIN,1,DAYLIGHT,39,WALL,BRILEY PKWYW & BRILEY PKWY W EXT RAMP,MADISON,TN,37115,1598,MADISO,36.2346,-86.7177,POINT (-86.7177 36.2346)
20190363271,05/12/2019 07:11:00 AM,1,0,0,Y,Y,320574,0,NOT COLLISION W/MOTOR VEHICLE-TRANSPORT,22,CLOUDY,9,UNKNOWN,17,BOULDER,100 NASHBORO VILLAGE PVTDR,NASHVILLE,TN,37217,8935,HERMIT,36.0893,-86.6433,POINT (-86.6433 36.0893)
20190506567,07/05/2019 12:37:00 PM,2,0,0,,N,716886,11,Front to Rear,21,CLEAR,1,DAYLIGHT,12,MOTOR VEHICLE IN TRANSPORT,NOLENSVILLE PKE & HIGH ST,NASHVILLE,TN,37211,8427,SOUTH,36.1008,-86.74,POINT (-86.74 36.1008)
20190130323,02/17/2019 03:57:00 PM,2,0,0,,Y,676824,5,SIDESWIPE - SAME DIRECTION,2,RAIN,1,DAYLIGHT,12,MOTOR VEHICLE IN TRANSPORT,I65 S EXT RAMP & I 65,MADISON,TN,37115,20044,MADISO,36.2481,-86.743,POINT (-86.743 36.2481)
20190281826,04/12/2019 02:32:00 PM,2,0,0,,N,151132,11,Front to Rear,22,CLOUDY,1,DAYLIGHT,12,MOTOR VEHICLE IN TRANSPORT,MYATT DR & ANDERSON LN,MADISON,TN,37115,1715,MADISO,36.2728,-86.6895,POINT (-86.6895 36.2728)
20190017048,01/07/2019 05:45:00 PM,2,0,0,,N,197054,11,Front to Rear,21,CLEAR,3,DARK - LIGHTED,12,MOTOR VEHICLE IN TRANSPORT,MM 217 2 I 40,NASHVILLE,TN,37214,9404,HERMIT,36.145,-86.6468,POINT (-86.6468 36.145)
20190059705,01/23/2019 01:40:00 PM,2,0,0,,N,299264,4,ANGLE,2,RAIN,1,DAYLIGHT,12,MOTOR VEHICLE IN TRANSPORT,19TH AVN & STATE ST,NASHVILLE,TN,37203,5513,MIDTOW,36.1551,-86.7995,POINT (-86.7995 36.1551)
20190411574,05/30/2019 12:00:00 AM,2,0,0,,Y,256382,11,Front to Rear,21,CLEAR,3,DARK - LIGHTED,12,MOTOR VEHICLE IN TRANSPORT,STEWARTS FERRY PKE & MCCRORY CREEK RD,NASHVILLE,TN,37214,9415,HERMIT,36.1572,-86.6346,POINT (-86.6346 36.1572)
20190313885,04/23/2019 05:54:00 PM,2,0,0,,N,311344,11,Front to Rear,21,CLEAR,1,DAYLIGHT,12,MOTOR VEHICLE IN TRANSPORT,GALLATIN PKEN & RIVERGATE STATION PVTDR,MADISON,TN,37115,1721,MADISO,36.2949,-86.6998,POINT (-86.6998 36.2949)
20190468516,06/20/2019 03:07:00 PM,2,0,0,,N,690942,98,OTHER,22,CLOUDY,1,DAYLIGHT,12,MOTOR VEHICLE IN TRANSPORT,12TH AVS & BROADWAY,NASHVILLE,TN,37203,4081,CENTRA,36.1563,-86.7873,POINT (-86.7873 36.1563)
20190445362,06/12/2019 12:18:00 AM,2,1,0,,Y,151122,11,Front to Rear,21,CLEAR,3,DARK - LIGHTED,12,MOTOR VEHICLE IN TRANSPORT,MURFREESBORO PKE & EDGE O LAKE DR,ANTIOCH,TN,37013,8891,SOUTH,36.0795,-86.6446,POINT (-86.6446 36.0795)
20190368392,05/14/2019 09:20:00 AM,2,0,0,,N,462474,11,Front to Rear,21,CLEAR,1,DAYLIGHT,12,MOTOR VEHICLE IN TRANSPORT,I65 N EXT RAMP & OLD HICKORY BLVD,BRENTWOOD,TN,37027,8619,MIDTOW,36.0395,-86.7817,POINT (-86.7817 36.0395)
20190159626,02/27/2019 06:44:00 PM,2,0,0,,N,596389,11,Front to Rear,21,CLEAR,3,DARK - LIGHTED,12,MOTOR VEHICLE IN TRANSPORT,HIGHWAY 70S & BELLEVUE CTR PVTDR,NASHVILLE,TN,37221,4811,WEST,36.0785,-86.9508,POINT (-86.9508 36.0785)
20190470440,06/21/2019 07:02:00 AM,3,0,0,,Y,834798,11,Front to Rear,21,CLEAR,1,DAYLIGHT,12,MOTOR VEHICLE IN TRANSPORT,WEDGEWOOD AV & 21ST AVS,NASHVILLE,TN,37212,5825,MIDTOW,36.1376,-86.8008,POINT (-86.8008 36.1376)
20190306505,04/21/2019 01:00:00 PM,1,0,0,Y,Y,166478,0,NOT COLLISION W/MOTOR VEHICLE-TRANSPORT,21,CLEAR,1,DAYLIGHT,30,UTILITY POLE,GARFIELD ST & ROSA L PARKS BLVD,NASHVILLE,TN,37208,4343,NORTH,36.1806,-86.7963,POINT (-86.7963 36.1806)
20190467475,06/20/2019 08:15:00 AM,2,0,0,,Y,420035,4,ANGLE,2,RAIN,1,DAYLIGHT,12,MOTOR VEHICLE IN TRANSPORT,N DUPONT AV & DELAWARE AV,MADISON,TN,37115,1711,MADISO,36.2679,-86.7034,POINT (-86.7034 36.2679)
20190481702,06/25/2019 11:30:00 PM,2,0,0,,Y,256492,4,ANGLE,21,CLEAR,3,DARK - LIGHTED,12;14,MOTOR VEHICLE IN TRANSPORT;PARKED MOTOR VEHICLE,FAIN ST & CHARLES E DAVIS BLVD,NASHVILLE,TN,37210,8205,HERMIT,36.1521,-86.762,POINT (-86.762 36.1521)
20190326370,04/28/2019 08:00:00 AM,3,1,0,,N,109495,4,ANGLE,22,CLOUDY,1,DAYLIGHT,12,MOTOR VEHICLE IN TRANSPORT,HARDING PL & SIDCO DR,NASHVILLE,TN,37220,8601,MIDTOW,36.0819,-86.7612,POINT (-86.7612 36.0819)
20190502262,07/03/2019 05:53:00 PM,2,3,0,,Y,151132,4,ANGLE,21,CLEAR,1,DAYLIGHT,12,MOTOR VEHICLE IN TRANSPORT,MYATT DR & EDENWOLD RD,MADISON,TN,37115,1721,MADISO,36.2917,-86.6943,POINT (-86.6943 36.2917)
20190314307,04/23/2019 08:55:00 PM,2,2,0,,N,429193,4,ANGLE,21,CLEAR,3,DARK - LIGHTED,12,MOTOR VEHICLE IN TRANSPORT,CHARLOTTE PK & I 40 E,NASHVILLE,TN,37209,5009,WEST,36.132,-86.8956,POINT (-86.8956 36.132)
20190027125,01/11/2019 07:57:00 AM,2,0,0,,N,676834,11,Front to Rear,21,CLEAR,1,DAYLIGHT,12,MOTOR VEHICLE IN TRANSPORT,BRILEY PKWYW & BRILEY PKWYE,NASHVILLE,TN,37218,3216,NORTH,36.2254,-86.8638,POINT (-86.8638 36.2254)
20190231886,03/25/2019 04:42:00 PM,3,1,0,,N,281611,4,ANGLE,21,CLEAR,1,DAYLIGHT,12;13,MOTOR VEHICLE IN TRANSPORT;MOTOR VEHICLE IN TRANSPORT-OTHER ROADWAY,HILLSBORO PKE & CASTLEMAN DR,NASHVILLE,TN,37215,6115,WEST,36.0983,-86.8223,POINT (-86.8223 36.0983)
20190434096,06/07/2019 12:00:00 PM,2,0,0,,N,676834,5,SIDESWIPE - SAME DIRECTION,22,CLOUDY,1,DAYLIGHT,12,MOTOR VEHICLE IN TRANSPORT,MM 207 7 I 40,NASHVILLE,TN,37208,54021,NORTH,36.1729,-86.8012,POINT (-86.8012 36.1729)
20190057024,01/22/2019 03:30:00 PM,2,0,0,,N,267831,5,SIDESWIPE - SAME DIRECTION,22,CLOUDY,1,DAYLIGHT,12,MOTOR VEHICLE IN TRANSPORT,CHARLOTTE AV & 48TH AVN,NASHVILLE,TN,37209,5127,WEST,36.1521,-86.8449,POINT (-86.8449 36.1521)
20190402480,05/26/2019 12:00:00 AM,2,0,0,,Y,298877,9,UNKNOWN,21,CLEAR,1,DAYLIGHT,14;99,PARKED MOTOR VEHICLE;UNKNOWN MOST HARMFUL EVENT,SEVEN MILE CREEK HARDING MALL & WELCH RD,NASHVILLE,TN,37211,8445,SOUTH,36.0831,-86.7243,POINT (-86.7243 36.0831)
20190331942,04/30/2019 12:30:00 PM,2,0,0,,N,226136,11,Front to Rear,22,CLOUDY,1,DAYLIGHT,12,MOTOR VEHICLE IN TRANSPORT,MM 209 2 I 40,NASHVILLE,TN,37203,5702,MIDTOW,36.1554,-86.7891,POINT (-86.7891 36.1554)
20190456509,06/16/2019 03:34:00 AM,1,0,0,,Y,173951,0,NOT COLLISION W/MOTOR VEHICLE-TRANSPORT,21,CLEAR,2,DARK - NOT LIGHTED,34;71,DITCH;EMBANKMENT EARTH,NEELYS BEND RD & LARKIN SPRINGS RD,MADISON,TN,37115,1613,MADISO,36.2496,-86.6866,POINT (-86.6866 36.2496)
20190109164,02/09/2019 10:20:00 PM,2,0,0,,Y,212348,4,ANGLE,21,CLEAR,3,DARK - LIGHTED,12,MOTOR VEHICLE IN TRANSPORT,4TH AVS & SYMPHONY PL,NASHVILLE,TN,37203,4091,CENTRA,36.1603,-86.7768,POINT (-86.7768 36.1603)
20190235486,03/26/2019 07:34:00 PM,2,0,0,,Y,256389,4,ANGLE,21,CLEAR,3,DARK - LIGHTED,12,MOTOR VEHICLE IN TRANSPORT,DIVISION ST & 20TH AVS,NASHVILLE,TN,37212,6711,MIDTOW,36.1487,-86.7989,POINT (-86.7989 36.1487)
20190299502,04/18/2019 03:37:00 PM,3,1,0,,N,330436,6,SIDESWIPE - OPPOSITE DIRECTION,21,CLEAR,1,DAYLIGHT,12,MOTOR VEHICLE IN TRANSPORT,BELL RD & BROOK VIEW ESTATES DR,ANTIOCH,TN,37013,8755,SOUTH,36.0439,-86.6933,POINT (-86.6933 36.0439)
20190319025,04/25/2019 09:52:00 AM,2,0,0,,N,755026,11,Front to Rear,21,CLEAR,1,DAYLIGHT,12,MOTOR VEHICLE IN TRANSPORT,I24E & I440 W ENT RAMP,NASHVILLE,TN,37210,81020,SOUTH,36.1301,-86.7273,POINT (-86.7273 36.1301)
20190400114,05/25/2019 11:47:00 AM,3,0,0,,N,693102,11,Front to Rear,21,CLEAR,1,DAYLIGHT,12,MOTOR VEHICLE IN TRANSPORT,MM 213 5 I 40,NASHVILLE,TN,37210,90062,HERMIT,36.1406,-86.7215,POINT (-86.7215 36.1406)
20190300520,04/19/2019 12:24:00 AM,1,0,0,,N,279212,0,NOT COLLISION W/MOTOR VEHICLE-TRANSPORT,2,RAIN,3,DARK - LIGHTED,36,CONCRETE TRAFFIC BARRIER,MM 200 6 I 40,NASHVILLE,TN,37209,4708,WEST,36.1261,-86.904,POINT (-86.904 36.1261)
20190241108,03/28/2019 04:10:00 PM,3,0,0,,N,256380,11,Front to Rear,21,CLEAR,1,DAYLIGHT,12,MOTOR VEHICLE IN TRANSPORT,MM 38 5 I 24,WHITES CREEK,TN,37189,33181,NORTH,36.3034,-86.8132,POINT (-86.8132 36.3034)
20190282189,04/12/2019 06:00:00 PM,2,0,0,,N,320580,4,ANGLE,22,CLOUDY,1,DAYLIGHT,12,MOTOR VEHICLE IN TRANSPORT,FESSLERS LN & RUNDLE AV,NASHVILLE,TN,37210,8215,HERMIT,36.1467,-86.7438,POINT (-86.7438 36.1467)
20190097722,02/05/2019 05:46:00 PM,2,0,0,,N,179583,11,Front to Rear,21,CLEAR,3,DARK - LIGHTED,12,MOTOR VEHICLE IN TRANSPORT,MM 54 8 I 24,NASHVILLE,TN,37211,8812,SOUTH,36.0968,-86.7085,POINT (-86.7085 36.0968)
20190077664,01/29/2019 08:08:00 PM,2,0,0,,N,299241,5,SIDESWIPE - SAME DIRECTION,21,CLEAR,7,Dark-Unknown Lighting,12,MOTOR VEHICLE IN TRANSPORT,LEBANON PKE & EDDINGS LN,NASHVILLE,TN,37214,9401,HERMIT,36.1672,-86.6619,POINT (-86.6619 36.1672)
20190214273,03/19/2019 04:42:00 PM,2,0,0,,N,725756,4,ANGLE,21,CLEAR,1,DAYLIGHT,12,MOTOR VEHICLE IN TRANSPORT,HIGHWAY 70S & SAWYER BROWN RD,NASHVILLE,TN,37221,4815,WEST,36.0769,-86.9452,POINT (-86.9452 36.0769)
20190517905,07/10/2019 06:56:00 PM,2,0,0,,N,887598,4,ANGLE,21,CLEAR,5,DUSK,12,MOTOR VEHICLE IN TRANSPORT,BAPTIST WORLD CENTER DR & VASHTI ST,NASHVILLE,TN,37207,3001,NORTH,36.1949,-86.7798,POINT (-86.7798 36.1949)
20190145929,02/22/2019 06:22:00 PM,2,0,0,,N,493317,11,Front to Rear,2,RAIN,3,DARK - LIGHTED,12,MOTOR VEHICLE IN TRANSPORT,RICHARDS RD & ANTIOCH PKE,ANTIOCH,TN,37013,8893,SOUTH,36.0692,-86.6838,POINT (-86.6838 36.0692)
20190575639,08/02/2019 06:33:00 PM,2,0,0,,Y,169425,11,Front to Rear,21,CLEAR,1,DAYLIGHT,12,MOTOR VEHICLE IN TRANSPORT,OLD HICKORY BLVD & BRENTWOOD EAST DR,NASHVILLE,TN,37211,8651,MIDTOW,36.0452,-86.7154,POINT (-86.7154 36.0452)
20190282805,04/12/2019 10:48:00 PM,2,0,0,,N,109542,4,ANGLE,21,CLEAR,3,DARK - LIGHTED,12,MOTOR VEHICLE IN TRANSPORT,DEMONBREUN ST & 4TH AVS,NASHVILLE,TN,37203,4055,CENTRA,36.159,-86.7759,POINT (-86.7759 36.159)
20190351627,05/07/2019 08:51:00 PM,2,0,0,,Y,279123,0,NOT COLLISION W/MOTOR VEHICLE-TRANSPORT,21,CLEAR,3,DARK - LIGHTED,14;5,PARKED MOTOR VEHICLE,S 6TH ST & FATHERLAND ST,NASHVILLE,TN,37206,1115,EAST,36.1706,-86.7616,POINT (-86.7616 36.1706)
20190368311,05/14/2019 07:00:00 AM,2,0,0,,Y,279113,98,OTHER,21,CLEAR,1,DAYLIGHT,12,MOTOR VEHICLE IN TRANSPORT,MM 220 9 I 40,HERMITAGE,TN,37076,95020,HERMIT,36.1704,-86.5995,POINT (-86.5995 36.1704)
20190113660,02/11/2019 06:58:00 PM,1,0,0,,Y,151132,0,NOT COLLISION W/MOTOR VEHICLE-TRANSPORT,2,RAIN,3,DARK - LIGHTED,34;63,DITCH;Ran Off Road-Right,NEELYS BEND RD & WALNUT ST,MADISON,TN,37115,1625,MADISO,36.2558,-86.7096,POINT (-86.7096 36.2558)
20190041659,01/16/2019 03:48:00 PM,2,0,0,,N,209184,4,ANGLE,21,CLEAR,1,DAYLIGHT,12,MOTOR VEHICLE IN TRANSPORT,OLD HICKORY BLVD & HOBSON PKE,ANTIOCH,TN,37013,8867,SOUTH,36.036,-86.611,POINT (-86.611 36.036)
20190246932,03/30/2019 08:19:00 PM,1,0,0,,N,420040,0,NOT COLLISION W/MOTOR VEHICLE-TRANSPORT,2,RAIN,2,DARK - NOT LIGHTED,34,DITCH,BURKITT RD & WHITTEMORE LN,NOLENSVILLE,TN,37135,8773,SOUTH,35.9919,-86.6548,POINT (-86.6548 35.9919)
20190555541,07/25/2019 03:58:00 PM,2,0,0,,N,320585,11,Front to Rear,21,CLEAR,1,DAYLIGHT,12,MOTOR VEHICLE IN TRANSPORT,BRILEY PKWYN & BRILEY PKWYS,NASHVILLE,TN,37211,8404,SOUTH,36.1092,-86.727,POINT (-86.727 36.1092)
20190509534,07/06/2019 10:48:00 PM,3,0,0,,N,320598,4,ANGLE,21,CLEAR,3,DARK - LIGHTED,14,PARKED MOTOR VEHICLE,BRENTWOOD PL & BRENTWOOD TER,NASHVILLE,TN,37211,8653,MIDTOW,36.0476,-86.7387,POINT (-86.7387 36.0476)
20190231764,03/25/2019 03:45:00 PM,2,0,0,,N,320577,5,SIDESWIPE - SAME DIRECTION,21,CLEAR,1,DAYLIGHT,12,MOTOR VEHICLE IN TRANSPORT,MM 210 2 I 40,NASHVILLE,TN,37203,80021,MIDTOW,36.1493,-86.7736,POINT (-86.7736 36.1493)
20190475731,06/23/2019 06:09:00 PM,2,0,0,,N,309262,11,Front to Rear,21,CLEAR,1,DAYLIGHT,12,MOTOR VEHICLE IN TRANSPORT,OLD HICKORY BLVD & DALEMERE DR,NASHVILLE,TN,37207,2133,MADISO,36.2782,-86.772,POINT (-86.772 36.2782)
20190470905,06/21/2019 10:50:00 AM,3,0,0,,Y,352186,11,Front to Rear,21,CLEAR,1,DAYLIGHT,12;16,MOTOR VEHICLE IN TRANSPORT;THROWN OR FALLING OBJECT,BRILEY PKWYW & BRILEY PKWYE,NASHVILLE,TN,37218,3216,NORTH,36.2254,-86.8638,POINT (-86.8638 36.2254)
20190450989,06/13/2019 09:35:00 PM,2,0,0,,Y,256383,11,Front to Rear,21,CLEAR,3,DARK - LIGHTED,12,MOTOR VEHICLE IN TRANSPORT,MM 54 0 I 24,NASHVILLE,TN,37211,88122,SOUTH,36.1064,-86.7188,POINT (-86.7188 36.1064)
20190347258,05/06/2019 12:30:00 PM,2,0,0,,N,716886,4,ANGLE,21,CLEAR,1,DAYLIGHT,14,PARKED MOTOR VEHICLE,NOLENSVILLE PKE & WOODBINE ST,NASHVILLE,TN,37210,8317,SOUTH,36.1169,-86.7482,POINT (-86.7482 36.1169)
20190180438,03/07/2019 06:25:00 AM,1,0,0,Y,N,197059,0,NOT COLLISION W/MOTOR VEHICLE-TRANSPORT,21,CLEAR,1,DAYLIGHT,33;38;42,CURB;FENCE;TREE,MARTIN ST & HAMILTON AV,NASHVILLE,TN,37203,8049,MIDTOW,36.1382,-86.7698,POINT (-86.7698 36.1382)
20190569263,07/31/2019 11:45:00 AM,1,1,0,,N,876581,0,NOT COLLISION W/MOTOR VEHICLE-TRANSPORT,21,CLEAR,1,DAYLIGHT,34,DITCH,US HWY 31E & LIBERTY LN,MADISON,TN,37115,1731,MADISO,36.3047,-86.689,POINT (-86.689 36.3047)
20190040597,01/16/2019 08:40:00 AM,3,1,0,,Y,226098,11,Front to Rear,22,CLOUDY,1,DAYLIGHT,12,MOTOR VEHICLE IN TRANSPORT,MM 36 0 I 24,WHITES CREEK,TN,37189,33180,NORTH,36.3201,-86.8502,POINT (-86.8502 36.3201)
20190196443,03/13/2019 06:45:00 AM,4,0,0,,N,716886,11,Front to Rear,21,CLEAR,1,DAYLIGHT,12,MOTOR VEHICLE IN TRANSPORT,MM 59 2 I 24,ANTIOCH,TN,37013,87061,SOUTH,36.0467,-86.6614,POINT (-86.6614 36.0467)
20190374404,05/16/2019 07:59:00 AM,2,0,0,,N,909494,11,Front to Rear,21,CLEAR,1,DAYLIGHT,12,MOTOR VEHICLE IN TRANSPORT,ELLINGTON PKWYS & ELLINGTON PKWY S EXT R,NASHVILLE,TN,37207,18960,EAST,36.1953,-86.7527,POINT (-86.7527 36.1953)
20190359300,05/10/2019 12:54:00 PM,2,0,0,,Y,332216,5,SIDESWIPE - SAME DIRECTION,22,CLOUDY,1,DAYLIGHT,12,MOTOR VEHICLE IN TRANSPORT,LAFAYETTE ST & 8TH AVS,NASHVILLE,TN,37203,4043,CENTRA,36.1546,-86.7792,POINT (-86.7792 36.1546)
20190391752,05/22/2019 04:59:00 PM,2,0,0,,N,256383,4,ANGLE,21,CLEAR,1,DAYLIGHT,12,MOTOR VEHICLE IN TRANSPORT,NOLENSVILLE PKE & MCCLAIN AV,NASHVILLE,TN,37210,8315,SOUTH,36.1119,-86.7458,POINT (-86.7458 36.1119)
20190289374,04/15/2019 02:35:00 PM,2,0,0,,Y,256448,4,ANGLE,21,CLEAR,1,DAYLIGHT,12,MOTOR VEHICLE IN TRANSPORT,LEBANON PKE & OLD LEBANON PKE,NASHVILLE,TN,37214,9125,HERMIT,36.1678,-86.6637,POINT (-86.6637 36.1678)
20190216577,03/20/2019 09:29:00 AM,2,0,0,,N,693102,4,ANGLE,21,CLEAR,1,DAYLIGHT,12,MOTOR VEHICLE IN TRANSPORT,BRILEY PKWYN & BRILEY PKWYS,NASHVILLE,TN,37211,8404,SOUTH,36.1092,-86.727,POINT (-86.727 36.1092)
20190264743,04/06/2019 06:41:00 AM,4,1,0,,N,311325,0,NOT COLLISION W/MOTOR VEHICLE-TRANSPORT,21,CLEAR,1,DAYLIGHT,14;18,PARKED MOTOR VEHICLE;OTHER OBJECT (NOT FIXED),BRILEY PKWYS & BRILEY PKWYN,NASHVILLE,TN,37218,3212,NORTH,36.2142,-86.8724,POINT (-86.8724 36.2142)
20190127982,02/16/2019 02:40:00 PM,2,1,0,,N,256423,2,HEAD-ON,21,CLEAR,1,DAYLIGHT,12,MOTOR VEHICLE IN TRANSPORT,CROUCH DR & ROWAN DR,NASHVILLE,TN,37207,3043,NORTH,36.2189,-86.8179,POINT (-86.8179 36.2189)
20190277187,04/10/2019 11:30:00 PM,1,1,0,,Y,110090,0,NOT COLLISION W/MOTOR VEHICLE-TRANSPORT,21,CLEAR,3,DARK - LIGHTED,8,PEDESTRIAN,BELL RD & MORRIS GENTRY BLVD,ANTIOCH,TN,37013,8865,SOUTH,36.0666,-86.6366,POINT (-86.6366 36.0666)
20190015712,01/07/2019 08:15:00 AM,2,0,0,,N,676834,11,Front to Rear,21,CLEAR,1,DAYLIGHT,12,MOTOR VEHICLE IN TRANSPORT,I40 E EXT RAMP & I 40,NASHVILLE,TN,37214,8955,HERMIT,36.155,-86.6271,POINT (-86.6271 36.155)
20190380473,05/18/2019 10:08:00 AM,2,0,0,,N,320601,4,ANGLE,21,CLEAR,1,DAYLIGHT,12,MOTOR VEHICLE IN TRANSPORT,I24 E ENT RAMP & I 24,NASHVILLE,TN,37213,1007,CENTRA,36.1662,-86.7659,POINT (-86.7659 36.1662)
20190363775,05/12/2019 01:59:00 PM,2,0,0,,N,887598,4,ANGLE,22,CLOUDY,1,DAYLIGHT,12,MOTOR VEHICLE IN TRANSPORT,HAYSBORO AV & TANGLEWOOD DR,NASHVILLE,TN,37216,1515,EAST,36.2313,-86.7173,POINT (-86.7173 36.2313)
20190240122,03/28/2019 08:35:00 AM,2,0,0,,N,169421,11,Front to Rear,21,CLEAR,1,DAYLIGHT,12,MOTOR VEHICLE IN TRANSPORT,VANTAGE WAY & FRENCH LANDING DR,NASHVILLE,TN,37228,4499,NORTH,36.1912,-86.7971,POINT (-86.7971 36.1912)
20190119551,02/13/2019 01:37:00 PM,2,0,0,,Y,439917,6,SIDESWIPE - OPPOSITE DIRECTION,21,CLEAR,1,DAYLIGHT,12,MOTOR VEHICLE IN TRANSPORT,CURTIS ST & CURTIS HILL CT,NASHVILLE,TN,37218,3115,NORTH,36.2,-86.8302,POINT (-86.8302 36.2)
20190266330,04/06/2019 11:20:00 PM,2,0,0,,N,279217,4,ANGLE,21,CLEAR,3,DARK - LIGHTED,12,MOTOR VEHICLE IN TRANSPORT,GARFIELD ST & ROSA L PARKS BLVD,NASHVILLE,TN,37208,4343,NORTH,36.1806,-86.7963,POINT (-86.7963 36.1806)
20190168156,03/03/2019 12:00:00 AM,2,0,0,,Y,620067,5,SIDESWIPE - SAME DIRECTION,99,UNKNOWN,3,DARK - LIGHTED,14,PARKED MOTOR VEHICLE,CEDARVIEW DR & CEDARMONT DR,ANTIOCH,TN,37013,8757,SOUTH,36.042,-86.7028,POINT (-86.7028 36.042)
20190227296,03/23/2019 11:34:00 PM,2,0,0,,N,166477,4,ANGLE,21,CLEAR,3,DARK - LIGHTED,12,MOTOR VEHICLE IN TRANSPORT,WINTON DR & MOSS RD,ANTIOCH,TN,37013,8861,SOUTH,36.0582,-86.6595,POINT (-86.6595 36.0582)