Accident Number,Date and Time,Number of Motor Vehicles,Number of Injuries,Number of Fatalities,Property Damage,Hit and Run,Reporting Officer,Collision Type Code,Collision Type Description,Weather Code,Weather Description,Illumination Code,Illumination Description,Harmful Code,Harmful Code Description,Street Address,City,State,ZIP,RPA,Precinct,Latitude,Longitude,Mapped Location
20190436755,06/08/2019 02:09:00 PM,2,1,0,,N,134865,11,Front to Rear,21,CLEAR,1,DAYLIGHT,12,MOTOR VEHICLE IN TRANSPORT,MM 48 3 I 24,NASHVILLE,TN,37213,11080,CENTRA,36.1722,-86.7689,POINT (-86.7689 36.1722)
20190289548,04/15/2019 03:32:00 PM,2,0,0,,Y,279225,11,Front to Rear,21,CLEAR,1,DAYLIGHT,14;55,PARKED MOTOR VEHICLE;Motor Vehicle-In-Motion Outside Trafficw,MURFREESBORO PKE & UNA ANTIOCH PKE,NASHVILLE,TN,37217,8937,HERMIT,36.0854,-86.6479,POINT (-86.6479 36.0854)
20190511380,07/07/2019 11:20:00 PM,2,0,0,,N,320578,4,ANGLE,21,CLEAR,3,DARK - LIGHTED,12,MOTOR VEHICLE IN TRANSPORT,BELL RD & CANE RIDGE RD,ANTIOCH,TN,37013,8753,SOUTH,36.0449,-86.6631,POINT (-86.6631 36.0449)
20190396072,05/24/2019 12:24:00 AM,2,0,0,,N,256376,4,ANGLE,21,CLEAR,3,DARK - LIGHTED,12;14;42,MOTOR VEHICLE IN TRANSPORT;PARKED MOTOR VEHICLE;TREE,ROSA L PARKS BLVD & HUME ST,NASHVILLE,TN,37208,4343,NORTH,36.1788,-86.7952,POINT (-86.7952 36.1788)
20190188864,03/10/2019 02:41:00 PM,2,0,0,,N,256446,4,ANGLE,21,CLEAR,1,DAYLIGHT,12,MOTOR VEHICLE IN TRANSPORT,MURFREESBORO PKE & KERMIT DR,NASHVILLE,TN,37217,8811,SOUTH,36.122,-86.7051,POINT (-86.7051 36.122)
20190339915,05/03/2019 07:18:00 AM,1,0,0,Y,N,812949,0,NOT COLLISION W/MOTOR VEHICLE-TRANSPORT,2,RAIN,1,DAYLIGHT,24,GUARDRAIL FACE,MM 86 2 I 65,NASHVILLE,TN,37207,1910,CENTRA,36.1919,-86.7812,POINT (-86.7812 36.1919)
20190497724,07/02/2019 06:45:00 AM,2,1,0,,N,226622,4,ANGLE,21,CLEAR,1,DAYLIGHT,12,MOTOR VEHICLE IN TRANSPORT,HIGHWAY 70S & COLEY DAVIS RD,NASHVILLE,TN,37221,4811,WEST,36.0796,-86.9536,POINT (-86.9536 36.0796)
20190074035,01/28/2019 06:48:00 PM,2,2,0,,N,256501,2,HEAD-ON,2,RAIN,3,DARK - LIGHTED,12,MOTOR VEHICLE IN TRANSPORT,BUENA VISTA PKE & CLIFF DR,NASHVILLE,TN,37218,3135,NORTH,36.1971,-86.8281,POINT (-86.8281 36.1971)
20190353362,05/08/2019 11:45:00 AM,2,1,0,,N,191578,4,ANGLE,21,CLEAR,1,DAYLIGHT,12,MOTOR VEHICLE IN TRANSPORT,LEBANON PKE & BONNABROOK DR,HERMITAGE,TN,37076,9531,HERMIT,36.1917,-86.6248,POINT (-86.6248 36.1917)
20190072615,01/28/2019 08:14:00 AM,2,0,0,,Y,620067,11,Front to Rear,21,CLEAR,1,DAYLIGHT,12,MOTOR VEHICLE IN TRANSPORT,MM 59 7 I 24,ANTIOCH,TN,37013,88060,SOUTH,36.0428,-86.6545,POINT (-86.6545 36.0428)
20190196437,03/13/2019 06:05:00 AM,1,0,0,,N,572251,0,NOT COLLISION W/MOTOR VEHICLE-TRANSPORT,21,CLEAR,2,DARK - NOT LIGHTED,11,OTHER ANIMAL,BRICK CHURCH PKE & CREEK TRAIL DR,NASHVILLE,TN,37207,2047,MADISO,36.2771,-86.7819,POINT (-86.7819 36.2771)
20190416961,05/31/2019 06:58:00 PM,2,1,0,,N,579971,4,ANGLE,21,CLEAR,1,DAYLIGHT,12,MOTOR VEHICLE IN TRANSPORT,THOMPSON LN & NOLENSVILLE PKE,NASHVILLE,TN,37211,8519,MIDTOW,36.1109,-86.7452,POINT (-86.7452 36.1109)
20190237867,03/27/2019 03:10:00 PM,2,0,0,,N,161948,5,SIDESWIPE - SAME DIRECTION,21,CLEAR,1,DAYLIGHT,12,MOTOR VEHICLE IN TRANSPORT,BRILEY PKWYN & BRILEY PKWYS,NASHVILLE,TN,37211,8404,SOUTH,36.1092,-86.727,POINT (-86.727 36.1092)
20190256425,04/03/2019 08:10:00 AM,2,0,0,,N,429188,4,ANGLE,21,CLEAR,1,DAYLIGHT,12,MOTOR VEHICLE IN TRANSPORT,HICKORY HOLLOW PKWY & HICKORY HOLLOW LN,ANTIOCH,TN,37013,8863,SOUTH,36.0465,-86.6546,POINT (-86.6546 36.0465)
20190152509,02/25/2019 01:00:00 PM,2,0,0,,Y,226136,9,UNKNOWN,22,CLOUDY,1,DAYLIGHT,12;14,MOTOR VEHICLE IN TRANSPORT;PARKED MOTOR VEHICLE,ADAMWOOD CTN & ADAMWOOD DR,NASHVILLE,TN,37211,8661,MIDTOW,36.0709,-86.7278,POINT (-86.7278 36.0709)
20190005198,01/03/2019 12:01:00 AM,2,0,0,,N,109531,5,SIDESWIPE - SAME DIRECTION,2,RAIN,2,DARK - NOT LIGHTED,12,MOTOR VEHICLE IN TRANSPORT,BRANCH ST & ESSEX AV,NASHVILLE,TN,37216,1405,EAST,36.1992,-86.7253,POINT (-86.7253 36.1992)
20190118889,02/13/2019 09:15:00 AM,2,0,0,,N,676834,11,Front to Rear,21,CLEAR,1,DAYLIGHT,12,MOTOR VEHICLE IN TRANSPORT,MM 207 1 I 40,NASHVILLE,TN,37208,54020,NORTH,36.1698,-86.8093,POINT (-86.8093 36.1698)
20190517398,07/10/2019 01:35:00 PM,2,0,0,,N,197435,4,ANGLE,22,CLOUDY,1,DAYLIGHT,12,MOTOR VEHICLE IN TRANSPORT,GALLATIN AV & STROUSE AV,NASHVILLE,TN,37206,1363,EAST,36.194,-86.7437,POINT (-86.7437 36.194)
20190184783,03/08/2019 05:06:00 PM,2,3,0,,N,151132,4,ANGLE,2,RAIN,5,DUSK,12;18,MOTOR VEHICLE IN TRANSPORT;OTHER OBJECT (NOT FIXED),UNION HILL RD & GREER RD,GOODLETTSVILLE,TN,37072,2207,MADISO,36.3381,-86.7865,POINT (-86.7865 36.3381)
20190070869,01/27/2019 04:00:00 PM,2,0,0,,Y,311337,11,Front to Rear,21,CLEAR,1,DAYLIGHT,12,MOTOR VEHICLE IN TRANSPORT,ELM HILL PKE & BELL RD,NASHVILLE,TN,37214,8995,HERMIT,36.1412,-86.6284,POINT (-86.6284 36.1412)
20190063234,01/24/2019 03:25:00 PM,2,0,0,,N,320580,5,SIDESWIPE - SAME DIRECTION,22,CLOUDY,1,DAYLIGHT,12,MOTOR VEHICLE IN TRANSPORT,SPENCE LN & MARWOOD LN,NASHVILLE,TN,37210,9019,HERMIT,36.1482,-86.7222,POINT (-86.7222 36.1482)
20190270214,04/08/2019 02:30:00 PM,2,0,0,,N,267831,4,ANGLE,22,CLOUDY,1,DAYLIGHT,12,MOTOR VEHICLE IN TRANSPORT,HIGHWAY 70S & SAWYER BROWN RD,NASHVILLE,TN,37221,4815,WEST,36.0769,-86.9452,POINT (-86.9452 36.0769)
20190343330,05/04/2019 05:05:00 PM,2,0,0,,N,717341,4,ANGLE,22,CLOUDY,1,DAYLIGHT,12,MOTOR VEHICLE IN TRANSPORT,BRILEY PKWYN & EAST THOMPSON LN,NASHVILLE,TN,37211,8423,SOUTH,36.1095,-86.7281,POINT (-86.7281 36.1095)
20190068053,01/26/2019 07:54:00 AM,1,0,0,,N,439917,0,NOT COLLISION W/MOTOR VEHICLE-TRANSPORT,21,CLEAR,1,DAYLIGHT,50,DEER (ANIMAL),CLARKSVILLE PKE & DRY FORK RD,NASHVILLE,TN,37218,3231,NORTH,36.276,-86.868,POINT (-86.868 36.276)
20190502286,07/03/2019 04:13:00 PM,2,1,0,,N,206675,4,ANGLE,2,RAIN,1,DAYLIGHT,12,MOTOR VEHICLE IN TRANSPORT,HUNTINGTON PKWY & AMALIE DR,NASHVILLE,TN,37211,8655,MIDTOW,36.0467,-86.725,POINT (-86.725 36.0467)
20190476017,06/23/2019 10:00:00 PM,2,0,0,,N,299254,11,Front to Rear,2,RAIN,3,DARK - LIGHTED,12,MOTOR VEHICLE IN TRANSPORT,HARDING PL & ANTIOCH PKE,NASHVILLE,TN,37211,8843,SOUTH,36.0878,-86.6914,POINT (-86.6914 36.0878)
20190210323,03/18/2019 12:45:00 PM,1,0,0,Y,N,665896,0,NOT COLLISION W/MOTOR VEHICLE-TRANSPORT,21,CLEAR,1,DAYLIGHT,30,UTILITY POLE,MAYNOR AV & GALLATIN PKE,NASHVILLE,TN,37216,1837,EAST,36.2075,-86.7384,POINT (-86.7384 36.2075)
20190468504,06/20/2019 02:26:00 PM,2,0,0,,Y,429193,4,ANGLE,21,CLEAR,1,DAYLIGHT,12,MOTOR VEHICLE IN TRANSPORT,7657 HWY 70 S & HWY 70 S,NASHVILLE,TN,37221,4811,WEST,36.0774,-86.9504,POINT (-86.9504 36.0774)
20190358859,05/10/2019 10:11:00 AM,2,0,0,,Y,299243,11,Front to Rear,22,CLOUDY,1,DAYLIGHT,12,MOTOR VEHICLE IN TRANSPORT,ROSA L PARKS BLVD & JEFFERSON ST,NASHVILLE,TN,37208,4237,CENTRA,36.1733,-86.7914,POINT (-86.7914 36.1733)
20190156686,02/26/2019 04:50:00 PM,2,0,0,,N,240968,4,ANGLE,21,CLEAR,5,DUSK,12,MOTOR VEHICLE IN TRANSPORT,OLD SMITH SPRINGS RD & SMITH SPRINGS RD,NASHVILLE,TN,37217,8931,HERMIT,36.0885,-86.6097,POINT (-86.6097 36.0885)
20190157916,02/27/2019 07:36:00 AM,1,1,0,,N,330419,0,NOT COLLISION W/MOTOR VEHICLE-TRANSPORT,21,CLEAR,1,DAYLIGHT,8,PEDESTRIAN,S 9TH ST & FATHERLAND ST,NASHVILLE,TN,37206,1121,EAST,36.1729,-86.7556,POINT (-86.7556 36.1729)
20190160961,02/28/2019 08:00:00 AM,2,0,0,,N,420034,5,SIDESWIPE - SAME DIRECTION,22,CLOUDY,1,DAYLIGHT,12,MOTOR VEHICLE IN TRANSPORT,CLARKSVILLE PKE & ROSA L PARKS BLVD,NASHVILLE,TN,37228,4483,NORTH,36.1889,-86.8231,POINT (-86.8231 36.1889)
20190512788,07/08/2019 07:28:00 PM,1,1,0,,N,299241,0,NOT COLLISION W/MOTOR VEHICLE-TRANSPORT,21,CLEAR,1,DAYLIGHT,5,,BRILEY PKWYE & BRILEY PKWYW,NASHVILLE,TN,37207,20120,MADISO,36.2396,-86.7751,POINT (-86.7751 36.2396)
20190181651,03/07/2019 03:56:00 PM,1,1,0,,N,151132,0,NOT COLLISION W/MOTOR VEHICLE-TRANSPORT,22,CLOUDY,1,DAYLIGHT,1;32;63,CULVERT;Ran Off Road-Right,GALLATIN PKEN & LIBERTY LN,MADISON,TN,37115,1731,MADISO,36.3051,-86.6884,POINT (-86.6884 36.3051)
20190498694,07/02/2019 01:10:00 PM,2,0,0,,N,299264,4,ANGLE,21,CLEAR,1,DAYLIGHT,12,MOTOR VEHICLE IN TRANSPORT,WEST END AV & ORLEANS DR,NASHVILLE,TN,37212,5819,MIDTOW,36.1388,-86.8197,POINT (-86.8197 36.1388)
20190513827,07/09/2019 05:35:00 AM,2,0,0,,Y,676834,4,ANGLE,21,CLEAR,1,DAYLIGHT,12,MOTOR VEHICLE IN TRANSPORT,3200 WHITES CREEK PKE,NASHVILLE,TN,37207,3025,NORTH,36.2296,-86.8123,POINT (-86.8123 36.2296)
20190376102,05/16/2019 07:45:00 PM,2,0,0,,N,320580,3,REAR-TO-REAR,21,CLEAR,5,DUSK,14,PARKED MOTOR VEHICLE,8300 LUREE LN,HERMITAGE,TN,37076,9533,HERMIT,36.2028,-86.6145,POINT (-86.6145 36.2028)
20190118603,02/13/2019 07:05:00 AM,3,0,0,,Y,493309,11,Front to Rear,21,CLEAR,1,DAYLIGHT,12,MOTOR VEHICLE IN TRANSPORT,STATE RT 45 & GALLATIN PKEN,MADISON,TN,37115,1701,MADISO,36.2631,-86.7119,POINT (-86.7119 36.2631)
20190043448,01/17/2019 08:00:00 AM,1,2,0,,N,714648,0,NOT COLLISION W/MOTOR VEHICLE-TRANSPORT,2,RAIN,1,DAYLIGHT,8,PEDESTRIAN,DICKERSON PKE & GATEWOOD AV,NASHVILLE,TN,37207,1861,EAST,36.2009,-86.7697,POINT (-86.7697 36.2009)
20190304065,04/20/2019 08:37:00 AM,2,0,0,,N,109534,11,Front to Rear,2,RAIN,1,DAYLIGHT,12,MOTOR VEHICLE IN TRANSPORT,I40 E ENT RAMP & BRILEY PKWYN,NASHVILLE,TN,37217,8998,HERMIT,36.1427,-86.6987,POINT (-86.6987 36.1427)
20190384323,05/20/2019 07:29:00 AM,1,0,0,,N,352198,0,NOT COLLISION W/MOTOR VEHICLE-TRANSPORT,21,CLEAR,1,DAYLIGHT,37,Other Traffic Barrier,MM 1 3 I 440,NASHVILLE,TN,37205,5242,WEST,36.1385,-86.8226,POINT (-86.8226 36.1385)
20190059043,01/23/2019 08:00:00 AM,2,0,0,,N,226622,11,Front to Rear,2,RAIN,1,DAYLIGHT,12,MOTOR VEHICLE IN TRANSPORT,OLD HICKORY BLVD & SONYA DR,NASHVILLE,TN,37205,4903,WEST,36.1355,-86.8861,POINT (-86.8861 36.1355)
20190447625,06/12/2019 06:40:00 PM,2,2,0,,Y,352198,11,Front to Rear,21,CLEAR,5,DUSK,12,MOTOR VEHICLE IN TRANSPORT,OLD HICKORY BLVD & TIDWELL RD,NASHVILLE,TN,37209,4701,WEST,36.1145,-86.923,POINT (-86.923 36.1145)
20190358477,05/10/2019 07:27:00 AM,3,2,0,,N,902543,4,ANGLE,22,CLOUDY,1,DAYLIGHT,12,MOTOR VEHICLE IN TRANSPORT,BRILEY PKWYE & BRILEY PKWYW,NASHVILLE,TN,37207,20120,MADISO,36.2396,-86.7751,POINT (-86.7751 36.2396)
20190056089,01/22/2019 09:15:00 AM,2,0,0,,Y,110063,5,SIDESWIPE - SAME DIRECTION,21,CLEAR,1,DAYLIGHT,12,MOTOR VEHICLE IN TRANSPORT,MM 41 0 I 24,WHITES CREEK,TN,37189,3226,NORTH,36.2715,-86.7951,POINT (-86.7951 36.2715)
20190100824,02/06/2019 05:00:00 PM,2,3,0,,N,134903,4,ANGLE,2,RAIN,2,DARK - NOT LIGHTED,12,MOTOR VEHICLE IN TRANSPORT,MM 221 5 I 40,HERMITAGE,TN,37076,95020,HERMIT,36.1698,-86.5879,POINT (-86.5879 36.1698)
20190464524,06/19/2019 08:22:00 AM,2,1,0,,N,226622,4,ANGLE,22,CLOUDY,1,DAYLIGHT,12,MOTOR VEHICLE IN TRANSPORT,BRILEY PKWY S ENT RAMP & BRILEY PKWY S E,NASHVILLE,TN,37210,9039,HERMIT,36.1525,-86.6919,POINT (-86.6919 36.1525)
20190256721,04/03/2019 10:24:00 AM,2,1,0,,N,299243,11,Front to Rear,21,CLEAR,1,DAYLIGHT,12,MOTOR VEHICLE IN TRANSPORT,MM 210 5 I 40,NASHVILLE,TN,37210,8202,HERMIT,36.1522,-86.7669,POINT (-86.7669 36.1522)
20190522767,07/12/2019 03:46:00 PM,2,0,0,,Y,109533,4,ANGLE,21,CLEAR,1,DAYLIGHT,12,MOTOR VEHICLE IN TRANSPORT,RANSOM PL & MURFREESBORO PKE,NASHVILLE,TN,37217,8853,SOUTH,36.0694,-86.6409,POINT (-86.6409 36.0694)
20190338565,05/02/2019 06:01:00 PM,2,0,0,,N,690942,4,ANGLE,21,CLEAR,1,DAYLIGHT,12,MOTOR VEHICLE IN TRANSPORT,BROADWAY & 12TH AVS,NASHVILLE,TN,37203,4079,CENTRA,36.1566,-86.7875,POINT (-86.7875 36.1566)
20190418667,06/01/2019 02:03:00 PM,2,0,0,,N,620072,4,ANGLE,21,CLEAR,1,DAYLIGHT,12,MOTOR VEHICLE IN TRANSPORT,18TH AVN & CHURCH ST,NASHVILLE,TN,37203,5521,MIDTOW,36.155,-86.7975,POINT (-86.7975 36.155)
20190329147,04/29/2019 01:28:00 PM,2,3,0,,N,468031,5,SIDESWIPE - SAME DIRECTION,21,CLEAR,1,DAYLIGHT,12,MOTOR VEHICLE IN TRANSPORT,DICKERSON PKE & CLEVELAND ST,NASHVILLE,TN,37207,1919,EAST,36.1875,-86.7734,POINT (-86.7734 36.1875)
20190134928,02/19/2019 08:10:00 AM,2,0,0,,N,226600,11,Front to Rear,22,CLOUDY,1,DAYLIGHT,12,MOTOR VEHICLE IN TRANSPORT,OLD HICKORY BLVD & GAUCHO ROAD PVTDR,NASHVILLE,TN,37221,6213,WEST,36.0543,-86.8997,POINT (-86.8997 36.0543)
20190431103,06/06/2019 09:10:00 AM,2,0,0,,N,690942,98,OTHER,22,CLOUDY,1,DAYLIGHT,12,MOTOR VEHICLE IN TRANSPORT,DEMONBREUN ST & 3RD AVS,NASHVILLE,TN,37201,4051,CENTRA,36.1597,-86.7744,POINT (-86.7744 36.1597)
20190243651,03/29/2019 11:58:00 AM,1,0,0,,N,330431,0,NOT COLLISION W/MOTOR VEHICLE-TRANSPORT,22,CLOUDY,1,DAYLIGHT,50,DEER (ANIMAL),HOBSON PKE & LAKEWALK DR,ANTIOCH,TN,37013,8905,SOUTH,36.0533,-86.5992,POINT (-86.5992 36.0533)
20190190718,03/11/2019 09:00:00 AM,2,0,0,,N,140788,11,Front to Rear,2,RAIN,1,DAYLIGHT,12,MOTOR VEHICLE IN TRANSPORT,MM 206 8 I 40,NASHVILLE,TN,37208,44022,NORTH,36.1684,-86.8148,POINT (-86.8148 36.1684)
20190011577,01/05/2019 08:55:00 AM,2,0,0,,N,279113,98,OTHER,21,CLEAR,1,DAYLIGHT,12,MOTOR VEHICLE IN TRANSPORT,OLD HICKORY BLVD & CENTRAL PKE,HERMITAGE,TN,37076,9557,HERMIT,36.1676,-86.7787,POINT (-86.7787 36.1676)
20190060223,01/23/2019 05:45:00 PM,2,1,0,,N,620080,4,ANGLE,2,RAIN,3,DARK - LIGHTED,12,MOTOR VEHICLE IN TRANSPORT,HARDING PL & NOLENSVILLE PKE,NASHVILLE,TN,37211,8705,SOUTH,36.0797,-86.7261,POINT (-86.7261 36.0797)
20190235129,03/26/2019 04:09:00 PM,3,0,0,,N,690942,11,Front to Rear,21,CLEAR,1,DAYLIGHT,12,MOTOR VEHICLE IN TRANSPORT,JAMES ROBERTSON PKWY & 2ND AVN,NASHVILLE,TN,37201,4163,CENTRA,36.1676,-86.7786,POINT (-86.7786 36.1676)
20190471106,06/21/2019 12:25:00 PM,2,0,0,,N,714641,5,SIDESWIPE - SAME DIRECTION,21,CLEAR,1,DAYLIGHT,12,MOTOR VEHICLE IN TRANSPORT,HERMITAGE AV & MIDDLETON ST,NASHVILLE,TN,37210,4033,CENTRA,36.1559,-86.767,POINT (-86.767 36.1559)
20190285411,04/14/2019 02:13:00 AM,1,0,0,,N,256382,0,NOT COLLISION W/MOTOR VEHICLE-TRANSPORT,2,RAIN,3,DARK - LIGHTED,36,CONCRETE TRAFFIC BARRIER,MM 52 3 I 24,NASHVILLE,TN,37217,8818,HERMIT,36.1376,-86.7268,POINT (-86.7268 36.1376)
20190491335,06/29/2019 04:08:00 PM,2,0,0,,N,330415,11,Front to Rear,21,CLEAR,1,DAYLIGHT,12,MOTOR VEHICLE IN TRANSPORT,0 I 24,NASHVILLE,TN,37211,8709,SOUTH,36.0692,-86.6897,POINT (-86.6897 36.0692)
20190110847,02/10/2019 06:40:00 PM,1,0,0,Y,N,311328,0,NOT COLLISION W/MOTOR VEHICLE-TRANSPORT,2,RAIN,2,DARK - NOT LIGHTED,24;36,GUARDRAIL FACE;CONCRETE TRAFFIC BARRIER,MM 208 5 I 40,NASHVILLE,TN,37203,42020,CENTRA,36.1639,-86.7937,POINT (-86.7937 36.1639)
20190569437,07/31/2019 12:44:00 PM,2,1,0,,N,553957,11,Front to Rear,21,CLEAR,1,DAYLIGHT,12,MOTOR VEHICLE IN TRANSPORT,I24 W EXT RAMP & SPENCE LN,NASHVILLE,TN,37217,8801,SOUTH,36.1358,-86.725,POINT (-86.725 36.1358)
20190186097,03/09/2019 04:37:00 AM,1,0,0,Y,N,299254,0,NOT COLLISION W/MOTOR VEHICLE-TRANSPORT,2,RAIN,3,DARK - LIGHTED,36;40;63,CONCRETE TRAFFIC BARRIER;MAIL BOX;Ran Off Road-Right,PACKARD DR & EASTVIEW DR,ANTIOCH,TN,37013,8713,SOUTH,36.0639,-86.6881,POINT (-86.6881 36.0639)
20190566811,07/30/2019 01:35:00 PM,1,0,0,,N,727202,0,NOT COLLISION W/MOTOR VEHICLE-TRANSPORT,21,CLEAR,1,DAYLIGHT,16,THROWN OR FALLING OBJECT,BELL RD & I24 E EXT RAMP,ANTIOCH,TN,37013,8751,SOUTH,36.0451,-86.6593,POINT (-86.6593 36.0451)
20190486876,06/27/2019 08:20:00 PM,2,0,0,,N,298863,6,SIDESWIPE - OPPOSITE DIRECTION,2,RAIN,3,DARK - LIGHTED,12,MOTOR VEHICLE IN TRANSPORT,0 12TH AVS,NASHVILLE,TN,37203,4079,CENTRA,36.1555,-86.7868,POINT (-86.7868 36.1555)
20190328976,04/29/2019 12:00:00 AM,2,0,0,,Y,665896,5,SIDESWIPE - SAME DIRECTION,99,UNKNOWN,9,UNKNOWN,12;14,MOTOR VEHICLE IN TRANSPORT;PARKED MOTOR VEHICLE,FATHERLAND ST & S 9TH ST,NASHVILLE,TN,37206,1121,EAST,36.1727,-86.7559,POINT (-86.7559 36.1727)
20190119736,02/13/2019 02:10:00 PM,3,0,0,,N,256379,11,Front to Rear,21,CLEAR,1,DAYLIGHT,12,MOTOR VEHICLE IN TRANSPORT,I24E & I24 W EXT RAMP,NASHVILLE,TN,37210,8102,SOUTH,36.1336,-86.7269,POINT (-86.7269 36.1336)
20190324926,04/27/2019 03:40:00 PM,2,1,0,,N,256427,4,ANGLE,21,CLEAR,1,DAYLIGHT,12,MOTOR VEHICLE IN TRANSPORT,LEBANON PKE & GUILL CT,NASHVILLE,TN,37214,9403,HERMIT,36.17,-86.6545,POINT (-86.6545 36.17)
20190035142,01/14/2019 01:33:00 PM,2,0,0,,N,420059,11,Front to Rear,22,CLOUDY,1,DAYLIGHT,12,MOTOR VEHICLE IN TRANSPORT,WAUFORD DR & HARDING PL,NASHVILLE,TN,37211,8605,MIDTOW,36.0805,-86.7518,POINT (-86.7518 36.0805)
20190167564,03/02/2019 08:07:00 PM,2,1,0,,N,179583,4,ANGLE,21,CLEAR,3,DARK - LIGHTED,12,MOTOR VEHICLE IN TRANSPORT,WHITSETT RD & GLENROSE AV,NASHVILLE,TN,37210,8359,SOUTH,36.1193,-86.7301,POINT (-86.7301 36.1193)
20190156221,02/26/2019 04:24:00 PM,3,1,0,,N,279208,11,Front to Rear,21,CLEAR,1,DAYLIGHT,12,MOTOR VEHICLE IN TRANSPORT,MM 1 6 I 440,NASHVILLE,TN,37209,5310,MIDTOW,36.1525,-86.8225,POINT (-86.8225 36.1525)
20190395442,05/23/2019 07:44:00 PM,2,2,0,,N,256383,4,ANGLE,21,CLEAR,3,DARK - LIGHTED,12,MOTOR VEHICLE IN TRANSPORT,RECOVERY RD & HARDING PL,NASHVILLE,TN,37211,8705,SOUTH,36.0802,-86.718,POINT (-86.718 36.0802)
20190439288,06/09/2019 07:44:00 PM,1,1,0,,N,256426,0,NOT COLLISION W/MOTOR VEHICLE-TRANSPORT,2,RAIN,5,DUSK,24,GUARDRAIL FACE,I40 W EXT RAMP & I 40,NASHVILLE,TN,37203,4119,CENTRA,36.1574,-86.79,POINT (-86.79 36.1574)
20190015920,01/07/2019 09:50:00 AM,3,1,0,,N,716886,4,ANGLE,21,CLEAR,1,DAYLIGHT,12,MOTOR VEHICLE IN TRANSPORT,BELL RD & EAGLE VIEW BLVD,ANTIOCH,TN,37013,8865,SOUTH,36.0522,-86.6449,POINT (-86.6449 36.0522)
20190455049,06/15/2019 11:37:00 AM,2,2,0,,N,462474,2,HEAD-ON,21,CLEAR,1,DAYLIGHT,12,MOTOR VEHICLE IN TRANSPORT,EDMONDSON PKE & FRONTIER LN,NASHVILLE,TN,37211,8651,MIDTOW,36.0344,-86.7436,POINT (-86.7436 36.0344)
20190019672,01/08/2019 03:45:00 PM,2,0,0,,N,256383,5,SIDESWIPE - SAME DIRECTION,21,CLEAR,1,DAYLIGHT,12,MOTOR VEHICLE IN TRANSPORT,EDGE O LAKE DR & MURFREESBORO PKE,NASHVILLE,TN,37217,8939,HERMIT,36.0797,-86.6443,POINT (-86.6443 36.0797)
20190128253,02/16/2019 12:20:00 PM,1,0,0,Y,Y,320581,0,NOT COLLISION W/MOTOR VEHICLE-TRANSPORT,21,CLEAR,1,DAYLIGHT,47,FIRE HYDRANT,E FAIRVIEW DR & KINGVIEW DR,NASHVILLE,TN,37218,3141,NORTH,36.2118,-86.8371,POINT (-86.8371 36.2118)
20190251971,04/01/2019 08:55:00 PM,1,3,0,Y,N,330413,0,NOT COLLISION W/MOTOR VEHICLE-TRANSPORT,22,CLOUDY,3,DARK - LIGHTED,27;30;34;42,H-WAY TRAFFIC SIGNAL POST;UTILITY POLE;DITCH;TREE,MCMURRAY DR & BREWER DR,NASHVILLE,TN,37211,8659,MIDTOW,36.0558,-86.723,POINT (-86.723 36.0558)
20190250522,04/01/2019 09:44:00 AM,2,0,0,,N,226622,11,Front to Rear,21,CLEAR,1,DAYLIGHT,12,MOTOR VEHICLE IN TRANSPORT,WEST END AV & I440 E EXT RAMP,NASHVILLE,TN,37205,6007,WEST,36.1363,-86.8222,POINT (-86.8222 36.1363)
20190201555,03/14/2019 10:40:00 PM,2,0,0,,N,311326,2,HEAD-ON,21,CLEAR,3,DARK - LIGHTED,12,MOTOR VEHICLE IN TRANSPORT,JO JOHNSTON AV & 12TH AVN,NASHVILLE,TN,37203,5425,NORTH,36.1639,-86.7942,POINT (-86.7942 36.1639)
20190264436,04/06/2019 02:25:00 AM,1,0,0,Y,N,320598,0,NOT COLLISION W/MOTOR VEHICLE-TRANSPORT,21,CLEAR,3,DARK - LIGHTED,40,MAIL BOX,SHADESCREST DR & WAUFORD DR,NASHVILLE,TN,37211,8607,MIDTOW,36.0751,-86.7373,POINT (-86.7373 36.0751)
20190245726,03/30/2019 01:27:00 AM,2,0,0,,Y,320586,11,Front to Rear,21,CLEAR,2,DARK - NOT LIGHTED,12,MOTOR VEHICLE IN TRANSPORT,MIMOSA DR & MCCALL ST,NASHVILLE,TN,37211,8413,SOUTH,36.0984,-86.7268,POINT (-86.7268 36.0984)
20190326724,04/28/2019 01:20:00 PM,2,0,0,,Y,799013,5,SIDESWIPE - SAME DIRECTION,21,CLEAR,1,DAYLIGHT,12,MOTOR VEHICLE IN TRANSPORT,BRILEY PKWYN & BRILEY PKWY N ENT RAMP,NASHVILLE,TN,37214,9203,HERMIT,36.1716,-86.6885,POINT (-86.6885 36.1716)
20190222843,03/22/2019 07:53:00 AM,4,0,0,,Y,676834,11,Front to Rear,21,CLEAR,1,DAYLIGHT,12,MOTOR VEHICLE IN TRANSPORT,MM 207 2 I 40,NASHVILLE,TN,37208,54020,NORTH,36.1698,-86.8089,POINT (-86.8089 36.1698)
20190324446,04/27/2019 08:25:00 AM,2,1,0,,Y,343522,2,HEAD-ON,21,CLEAR,1,DAYLIGHT,12,MOTOR VEHICLE IN TRANSPORT,WEST BEND DR & CROLEY DR,NASHVILLE,TN,37209,5029,WEST,36.1479,-86.8704,POINT (-86.8704 36.1479)
20190051871,01/20/2019 05:43:00 PM,2,0,0,,Y,299241,4,ANGLE,21,CLEAR,3,DARK - LIGHTED,12,MOTOR VEHICLE IN TRANSPORT,LEBANON PKE & SHUTE LN,HERMITAGE,TN,37076,9535,HERMIT,36.2146,-86.6047,POINT (-86.6047 36.2146)