Accident Number,Date and Time,Number of Motor Vehicles,Number of Injuries,Number of Fatalities,Property Damage,Hit and Run,Reporting Officer,Collision Type Code,Collision Type Description,Weather Code,Weather Description,Illumination Code,Illumination Description,Harmful Code,Harmful Code Description,Street Address,City,State,ZIP,RPA,Precinct,Latitude,Longitude,Mapped Location
20190073739,01/28/2019 04:22:00 PM,2,0,0,,N,197435,5,SIDESWIPE - SAME DIRECTION,22,CLOUDY,1,DAYLIGHT,12,MOTOR VEHICLE IN TRANSPORT,DICKERSON PKE & DONALD ST,NASHVILLE,TN,37207,1891,EAST,36.2117,-86.7652,POINT (-86.7652 36.2117)
20190189085,03/10/2019 04:59:00 PM,2,1,0,,N,256423,11,Front to Rear,21,CLEAR,1,DAYLIGHT,12,MOTOR VEHICLE IN TRANSPORT,MM 38 5 I 24,WHITES CREEK,TN,37189,33181,NORTH,36.3034,-86.8132,POINT (-86.8132 36.3034)
20190049358,01/19/2019 11:45:00 AM,2,1,0,,Y,591933,4,ANGLE,2,RAIN,1,DAYLIGHT,12,MOTOR VEHICLE IN TRANSPORT,MURFREESBORO PKE & FAIRCLOTH LN,NASHVILLE,TN,37217,8947,HERMIT,36.1032,-86.6665,POINT (-86.6665 36.1032)
20190151692,02/25/2019 07:23:00 AM,2,2,0,,N,320601,4,ANGLE,21,CLEAR,1,DAYLIGHT,12,MOTOR VEHICLE IN TRANSPORT,NOLENSVILLE PKE & TANKSLEY AV,NASHVILLE,TN,37211,8425,SOUTH,36.1091,-86.7443,POINT (-86.7443 36.1091)
20190453860,06/14/2019 09:12:00 PM,2,1,0,,N,311337,11,Front to Rear,21,CLEAR,3,DARK - LIGHTED,12,MOTOR VEHICLE IN TRANSPORT,MM 51 6 I 24,NASHVILLE,TN,37210,82061,HERMIT,36.1403,-86.7313,POINT (-86.7313 36.1403)
20190287149,04/14/2019 12:00:00 AM,2,0,0,,N,279200,4,ANGLE,21,CLEAR,3,DARK - LIGHTED,12,MOTOR VEHICLE IN TRANSPORT,8TH AVS & LAFAYETTE ST,NASHVILLE,TN,37203,4043,CENTRA,36.1546,-86.7792,POINT (-86.7792 36.1546)
20190398261,05/24/2019 06:18:00 PM,1,1,0,,N,320599,0,NOT COLLISION W/MOTOR VEHICLE-TRANSPORT,21,CLEAR,1,DAYLIGHT,34;42,DITCH;TREE,OLD HICKORY BLVD & COOKS LANDING LN,HERMITAGE,TN,37076,9555,HERMIT,36.1332,-86.5942,POINT (-86.5942 36.1332)
20190087146,02/01/2019 04:45:00 PM,2,5,1,,N,240976,6,SIDESWIPE - OPPOSITE DIRECTION,21,CLEAR,5,DUSK,12,MOTOR VEHICLE IN TRANSPORT,GALLATIN PKE & E TRINITY LN,NASHVILLE,TN,37216,1837,EAST,36.205,-86.7376,POINT (-86.7376 36.205)
20190193931,03/12/2019 11:00:00 AM,3,0,0,,N,693093,11,Front to Rear,22,CLOUDY,1,DAYLIGHT,12,MOTOR VEHICLE IN TRANSPORT,GALLATIN PKEN & LIBERTY LN,MADISON,TN,37115,1731,MADISO,36.3051,-86.6884,POINT (-86.6884 36.3051)
20190522674,07/12/2019 03:02:00 PM,2,1,0,,N,134899,4,ANGLE,21,CLEAR,1,DAYLIGHT,12,MOTOR VEHICLE IN TRANSPORT,OLD HICKORY BLVD & I40 W ENT RAMP,HERMITAGE,TN,37076,9557,HERMIT,36.1708,-86.6015,POINT (-86.6015 36.1708)
20190228646,03/24/2019 03:55:00 PM,2,1,0,,N,311332,4,ANGLE,21,CLEAR,1,DAYLIGHT,12,MOTOR VEHICLE IN TRANSPORT,HARDING PL & HILLSBORO PKE,NASHVILLE,TN,37215,6311,MIDTOW,36.0914,-86.8285,POINT (-86.8285 36.0914)
20190484240,06/26/2019 08:51:00 PM,2,0,0,,N,298871,4,ANGLE,21,CLEAR,1,DAYLIGHT,12,MOTOR VEHICLE IN TRANSPORT,17TH AVS & BROADWAY,NASHVILLE,TN,37203,5705,MIDTOW,36.1533,-86.794,POINT (-86.794 36.1533)
20190391095,05/22/2019 12:19:00 PM,3,0,0,,N,226622,11,Front to Rear,21,CLEAR,1,DAYLIGHT,12,MOTOR VEHICLE IN TRANSPORT,CHARLOTTE PKE & CROLEY DR,NASHVILLE,TN,37209,5027,WEST,36.1476,-86.8688,POINT (-86.8688 36.1476)
20190079660,01/30/2019 10:08:00 AM,2,0,0,,Y,405447,16,Rear to Side,21,CLEAR,1,DAYLIGHT,12;14,MOTOR VEHICLE IN TRANSPORT;PARKED MOTOR VEHICLE,OCALA DR & HICKORY PLZ,NASHVILLE,TN,37211,8655,MIDTOW,36.0508,-86.7192,POINT (-86.7192 36.0508)
20190457603,06/16/2019 05:03:00 PM,2,0,0,,Y,279208,11,Front to Rear,21,CLEAR,1,DAYLIGHT,12,MOTOR VEHICLE IN TRANSPORT,EDGEHILL AV & 12TH AVS,NASHVILLE,TN,37203,6807,MIDTOW,36.1427,-86.787,POINT (-86.787 36.1427)
20190575135,08/02/2019 12:00:00 AM,2,0,0,,N,226827,11,Front to Rear,21,CLEAR,1,DAYLIGHT,12,MOTOR VEHICLE IN TRANSPORT,OLD HICKORY BLVDW & KEMPER DRN,MADISON,TN,37115,2039,MADISO,36.2677,-86.7481,POINT (-86.7481 36.2677)
20190276365,04/10/2019 04:11:00 PM,2,0,0,,N,256380,11,Front to Rear,21,CLEAR,1,DAYLIGHT,12,MOTOR VEHICLE IN TRANSPORT,DOMINICAN DR & FRENCH LANDING DR,NASHVILLE,TN,37208,4403,NORTH,36.1884,-86.7963,POINT (-86.7963 36.1884)
20190130577,02/17/2019 06:53:00 PM,2,0,0,,N,109536,6,SIDESWIPE - OPPOSITE DIRECTION,2,RAIN,3,DARK - LIGHTED,12,MOTOR VEHICLE IN TRANSPORT,STATE RT 45 & GALLATIN PKEN,MADISON,TN,37115,1701,MADISO,36.2631,-86.7119,POINT (-86.7119 36.2631)
20190248106,03/31/2019 09:30:00 AM,1,1,0,,Y,320601,0,NOT COLLISION W/MOTOR VEHICLE-TRANSPORT,21,CLEAR,1,DAYLIGHT,8,PEDESTRIAN,ELBERTA ST & MILLER ST,NASHVILLE,TN,37210,8353,SOUTH,36.118,-86.7399,POINT (-86.7399 36.118)
20190531975,07/16/2019 02:07:00 PM,3,0,0,,Y,524985,5,SIDESWIPE - SAME DIRECTION,21,CLEAR,1,DAYLIGHT,12,MOTOR VEHICLE IN TRANSPORT,MM 42 7 I 24,NASHVILLE,TN,37207,20160,MADISO,36.249,-86.7836,POINT (-86.7836 36.249)
20190030497,01/12/2019 02:51:00 PM,3,1,0,,Y,299267,11,Front to Rear,2,RAIN,1,DAYLIGHT,12,MOTOR VEHICLE IN TRANSPORT,NOLENSVILLE PKE & BREWER DR,NASHVILLE,TN,37211,8715,SOUTH,36.0535,-86.715,POINT (-86.715 36.0535)
20190082783,01/31/2019 08:20:00 AM,2,1,0,,N,225773,11,Front to Rear,21,CLEAR,1,DAYLIGHT,12,MOTOR VEHICLE IN TRANSPORT,I440 W ENT RAMP & I 440,NASHVILLE,TN,37210,81021,SOUTH,36.1259,-86.7322,POINT (-86.7322 36.1259)
20190084197,01/31/2019 05:59:00 PM,2,0,0,,N,311332,6,SIDESWIPE - OPPOSITE DIRECTION,21,CLEAR,7,Dark-Unknown Lighting,12,MOTOR VEHICLE IN TRANSPORT,40TH AVN & 42ND AVN,NASHVILLE,TN,37209,4531,WEST,36.1627,-86.8372,POINT (-86.8372 36.1627)
20190119936,02/13/2019 04:35:00 PM,2,1,0,,N,240957,5,SIDESWIPE - SAME DIRECTION,21,CLEAR,1,DAYLIGHT,12,MOTOR VEHICLE IN TRANSPORT,14TH AVS & BROADWAY,NASHVILLE,TN,37203,5701,MIDTOW,36.1557,-86.7897,POINT (-86.7897 36.1557)
20190094019,02/04/2019 01:35:00 PM,2,0,0,,N,279124,11,Front to Rear,21,CLEAR,1,DAYLIGHT,12,MOTOR VEHICLE IN TRANSPORT,HARDING PL & I24 E ENT RAMP,NASHVILLE,TN,37211,8707,SOUTH,36.0855,-86.7014,POINT (-86.7014 36.0855)
20190327167,04/28/2019 06:42:00 PM,2,0,0,,N,299244,4,ANGLE,21,CLEAR,1,DAYLIGHT,12,MOTOR VEHICLE IN TRANSPORT,5TH AVN & CHARLOTTE AV,NASHVILLE,TN,37219,4203,CENTRA,36.1659,-86.7819,POINT (-86.7819 36.1659)
20190025561,01/10/2019 05:38:00 PM,2,0,0,,N,834813,4,ANGLE,21,CLEAR,3,DARK - LIGHTED,12,MOTOR VEHICLE IN TRANSPORT,WHITES CREEK PKE & BUENA VISTA PKE,NASHVILLE,TN,37207,3221,NORTH,36.2508,-86.8284,POINT (-86.8284 36.2508)
20190427767,06/05/2019 05:35:00 AM,1,0,0,Y,N,493301,0,NOT COLLISION W/MOTOR VEHICLE-TRANSPORT,22,CLOUDY,4,DAWN,40,MAIL BOX,AMESBURY LN & BROCKTON LN,NASHVILLE,TN,37221,4811,WEST,36.075,-86.9864,POINT (-86.9864 36.075)
20190270457,04/08/2019 04:28:00 PM,2,0,0,,N,311332,4,ANGLE,21,CLEAR,1,DAYLIGHT,12,MOTOR VEHICLE IN TRANSPORT,46TH AVN & PARK AV,NASHVILLE,TN,37209,5129,WEST,36.1516,-86.8422,POINT (-86.8422 36.1516)
20190147387,02/23/2019 12:00:00 AM,2,0,0,,Y,299265,9,UNKNOWN,99,UNKNOWN,9,UNKNOWN,99,UNKNOWN MOST HARMFUL EVENT,FEDDERS DR & SINGER DR,MADISON,TN,37115,1727,MADISO,36.2718,-86.6968,POINT (-86.6968 36.2718)
20190499082,07/02/2019 04:38:00 PM,2,0,0,,N,151132,4,ANGLE,21,CLEAR,1,DAYLIGHT,12,MOTOR VEHICLE IN TRANSPORT,GALLATIN PKES & MAPLE ST,MADISON,TN,37115,1607,MADISO,36.2617,-86.7124,POINT (-86.7124 36.2617)
20190246711,03/30/2019 06:04:00 PM,2,0,0,,Y,299267,11,Front to Rear,2,RAIN,1,DAYLIGHT,12,MOTOR VEHICLE IN TRANSPORT,TUSCULUM RD & NOLENSVILLE PKE,NASHVILLE,TN,37211,8715,SOUTH,36.0591,-86.7162,POINT (-86.7162 36.0591)
20190520405,07/11/2019 05:42:00 PM,2,1,0,,N,256379,11,Front to Rear,21,CLEAR,1,DAYLIGHT,12,MOTOR VEHICLE IN TRANSPORT,NOLENSVILLE PKE & GLENROSE AV,NASHVILLE,TN,37210,8101,SOUTH,36.1257,-86.7525,POINT (-86.7525 36.1257)
20190323210,04/26/2019 06:27:00 PM,2,0,0,,Y,256383,5,SIDESWIPE - SAME DIRECTION,21,CLEAR,1,DAYLIGHT,12,MOTOR VEHICLE IN TRANSPORT,MURFREESBORO PKE & FOREST VIEW DR,ANTIOCH,TN,37013,8865,SOUTH,36.0674,-86.6313,POINT (-86.6313 36.0674)
20190259862,04/04/2019 12:00:00 PM,2,0,0,,Y,226622,5,SIDESWIPE - SAME DIRECTION,22,CLOUDY,1,DAYLIGHT,12,MOTOR VEHICLE IN TRANSPORT,MM 46 7 I 24,NASHVILLE,TN,37207,19060,EAST,36.1922,-86.7755,POINT (-86.7755 36.1922)
20190152135,02/25/2019 12:00:00 AM,2,0,0,,N,298865,11,Front to Rear,21,CLEAR,1,DAYLIGHT,12,MOTOR VEHICLE IN TRANSPORT,MM 93 1 I 65,MADISON,TN,37115,17062,MADISO,36.2769,-86.7351,POINT (-86.7351 36.2769)
20190113351,02/11/2019 03:45:00 PM,2,0,0,,N,420040,4,ANGLE,2,RAIN,1,DAYLIGHT,12,MOTOR VEHICLE IN TRANSPORT,CHURCH ST & 17TH AVN,NASHVILLE,TN,37203,5513,MIDTOW,36.1556,-86.7964,POINT (-86.7964 36.1556)
20190418994,06/01/2019 12:00:00 AM,3,0,0,,N,279118,4,ANGLE,21,CLEAR,1,DAYLIGHT,12,MOTOR VEHICLE IN TRANSPORT,BELL RD & CANE RIDGE RD,ANTIOCH,TN,37013,8753,SOUTH,36.0449,-86.6631,POINT (-86.6631 36.0449)
20190052929,01/21/2019 03:38:00 AM,2,0,0,Y,N,415780,11,Front to Rear,21,CLEAR,2,DARK - NOT LIGHTED,12;14,MOTOR VEHICLE IN TRANSPORT;PARKED MOTOR VEHICLE,HOLT RUN DR & HOLT GROVE CT,NASHVILLE,TN,37211,8651,MIDTOW,36.0118,-86.728,POINT (-86.728 36.0118)
20190108801,02/09/2019 12:00:00 AM,2,0,0,,Y,279204,9,UNKNOWN,21,CLEAR,9,UNKNOWN,14,PARKED MOTOR VEHICLE,NASSAU ST & JENKINS ST,NASHVILLE,TN,37208,4349,NORTH,36.1812,-86.7984,POINT (-86.7984 36.1812)
20190434377,06/07/2019 02:00:00 PM,2,1,0,,N,179602,11,Front to Rear,22,CLOUDY,1,DAYLIGHT,12,MOTOR VEHICLE IN TRANSPORT,MM 87 2 I 65,NASHVILLE,TN,37207,18020,EAST,36.2054,-86.7764,POINT (-86.7764 36.2054)
20190361842,05/11/2019 03:30:00 PM,2,0,0,,N,311328,4,ANGLE,2,RAIN,1,DAYLIGHT,12,MOTOR VEHICLE IN TRANSPORT,N 1ST ST & MAIN ST,NASHVILLE,TN,37213,1991,CENTRA,36.1703,-86.7729,POINT (-86.7729 36.1703)
20190403633,05/27/2019 01:07:00 AM,1,0,0,Y,N,110090,0,NOT COLLISION W/MOTOR VEHICLE-TRANSPORT,21,CLEAR,3,DARK - LIGHTED,24,GUARDRAIL FACE,MM 62 8 I 24,ANTIOCH,TN,37013,8804,SOUTH,36.0118,-86.6175,POINT (-86.6175 36.0118)
20190413724,05/30/2019 05:54:00 PM,2,0,0,,Y,256501,4,ANGLE,21,CLEAR,1,DAYLIGHT,12,MOTOR VEHICLE IN TRANSPORT,E NOCTURNE DR & ILOLO ST,NASHVILLE,TN,37207,3039,NORTH,36.2125,-86.7961,POINT (-86.7961 36.2125)
20190114082,02/11/2019 12:00:00 AM,1,0,0,,N,146772,0,NOT COLLISION W/MOTOR VEHICLE-TRANSPORT,2,RAIN,3,DARK - LIGHTED,39,WALL,BRILEY PKWYW & MOOREWOOD DR,NASHVILLE,TN,37207,20141,MADISO,36.2398,-86.773,POINT (-86.773 36.2398)
20190303735,04/20/2019 12:00:00 AM,1,0,0,,Y,279216,0,NOT COLLISION W/MOTOR VEHICLE-TRANSPORT,2,RAIN,3,DARK - LIGHTED,30,UTILITY POLE,BRICK CHURCH PKE & SOUTHERLAND DR,NASHVILLE,TN,37207,3047,NORTH,36.2141,-86.7794,POINT (-86.7794 36.2141)
20190551673,07/24/2019 07:50:00 AM,2,0,0,,N,225773,11,Front to Rear,21,CLEAR,1,DAYLIGHT,12,MOTOR VEHICLE IN TRANSPORT,WOODMONT BLVD & LEALAND LN,NASHVILLE,TN,37204,7007,MIDTOW,36.1111,-86.7884,POINT (-86.7884 36.1111)
20190476523,06/24/2019 05:30:00 AM,2,0,0,,N,226175,11,Front to Rear,2,RAIN,1,DAYLIGHT,12,MOTOR VEHICLE IN TRANSPORT,OLD HICKORY BLVD & SONYA DR,NASHVILLE,TN,37205,4903,WEST,36.1355,-86.8861,POINT (-86.8861 36.1355)
20190407434,05/28/2019 03:00:00 PM,2,0,0,,N,256383,11,Front to Rear,21,CLEAR,1,DAYLIGHT,12,MOTOR VEHICLE IN TRANSPORT,HOBSON PKE & HILL RIDGE DR,ANTIOCH,TN,37013,8907,SOUTH,36.0651,-86.5903,POINT (-86.5903 36.0651)
20190556087,07/25/2019 08:43:00 PM,2,0,0,,N,151132,11,Front to Rear,21,CLEAR,3,DARK - LIGHTED,12,MOTOR VEHICLE IN TRANSPORT,GALLATIN PKES & DUE WEST AVE,MADISON,TN,37115,1507,MADISO,36.2487,-86.7199,POINT (-86.7199 36.2487)
20190295417,04/17/2019 10:56:00 AM,3,0,0,,N,834803,4,ANGLE,21,CLEAR,1,DAYLIGHT,12,MOTOR VEHICLE IN TRANSPORT,STATE HWY 155 & UNKNOWN RAMP,NASHVILLE,TN,37216,1503,EAST,36.2341,-86.7222,POINT (-86.7222 36.2341)
20190145908,02/22/2019 07:20:00 PM,2,0,0,,Y,151132,6,SIDESWIPE - OPPOSITE DIRECTION,2,RAIN,3,DARK - LIGHTED,12,MOTOR VEHICLE IN TRANSPORT,NEELYS BEND RD & CANTON PASS,MADISON,TN,37115,1615,MADISO,36.2435,-86.6775,POINT (-86.6775 36.2435)
20190292160,04/16/2019 12:15:00 PM,2,0,0,,N,676834,11,Front to Rear,21,CLEAR,1,DAYLIGHT,12,MOTOR VEHICLE IN TRANSPORT,I65 S EXT RAMP & I 65,MADISON,TN,37115,20044,MADISO,36.2481,-86.743,POINT (-86.743 36.2481)
20190338925,05/02/2019 09:20:00 PM,2,2,0,,N,256414,2,HEAD-ON,21,CLEAR,2,DARK - NOT LIGHTED,12,MOTOR VEHICLE IN TRANSPORT,MURFREESBORO PKE & LAVERGNE COUCHVILLE P,ANTIOCH,TN,37013,8869,SOUTH,36.0279,-86.5899,POINT (-86.5899 36.0279)
20190418263,06/01/2019 08:29:00 AM,2,0,0,,N,834798,4,ANGLE,21,CLEAR,1,DAYLIGHT,12,MOTOR VEHICLE IN TRANSPORT,LEALAND LN & CLAYTON AV,NASHVILLE,TN,37204,6933,MIDTOW,36.1178,-86.7872,POINT (-86.7872 36.1178)
20190106015,02/08/2019 02:06:00 PM,2,0,0,,Y,572251,11,Front to Rear,21,CLEAR,1,DAYLIGHT,12,MOTOR VEHICLE IN TRANSPORT,S GRAYCROFT AV & DUE WEST AVW,MADISON,TN,37115,1779,MADISO,36.2504,-86.7343,POINT (-86.7343 36.2504)
20190105374,02/08/2019 08:30:00 AM,2,0,0,,N,226136,5,SIDESWIPE - SAME DIRECTION,22,CLOUDY,1,DAYLIGHT,12,MOTOR VEHICLE IN TRANSPORT,WEXFORD DOWNS LN & EDMONDSON PKE,NASHVILLE,TN,37211,8651,MIDTOW,36.0198,-86.7421,POINT (-86.7421 36.0198)
20190323615,04/26/2019 10:14:00 PM,1,2,0,,N,284059,0,NOT COLLISION W/MOTOR VEHICLE-TRANSPORT,21,CLEAR,3,DARK - LIGHTED,34,DITCH,WHITES CREEK PKE & MOORMANS ARM RD,NASHVILLE,TN,37207,3033,NORTH,36.2182,-86.8035,POINT (-86.8035 36.2182)
20190101282,02/06/2019 09:23:00 PM,2,0,0,,N,256422,5,SIDESWIPE - SAME DIRECTION,2,RAIN,3,DARK - LIGHTED,12,MOTOR VEHICLE IN TRANSPORT,MM 206 3 I 40,NASHVILLE,TN,37209,45040,NORTH,36.1625,-86.8202,POINT (-86.8202 36.1625)
20190385771,05/20/2019 05:58:00 PM,2,0,0,,Y,279225,4,ANGLE,21,CLEAR,1,DAYLIGHT,12,MOTOR VEHICLE IN TRANSPORT,LAKEVILLA DR & WILLOWBRANCH DR,NASHVILLE,TN,37217,8939,HERMIT,36.0794,-86.6417,POINT (-86.6417 36.0794)
20190524696,07/13/2019 12:30:00 PM,2,0,0,,N,109495,11,Front to Rear,21,CLEAR,1,DAYLIGHT,12,MOTOR VEHICLE IN TRANSPORT,I40 E ENT RAMP & I 40,NASHVILLE,TN,37205,4903,WEST,36.1109,-86.922,POINT (-86.922 36.1109)
20190145225,02/22/2019 01:32:00 PM,2,0,0,,N,109534,5,SIDESWIPE - SAME DIRECTION,2,RAIN,1,DAYLIGHT,12,MOTOR VEHICLE IN TRANSPORT,LEBANON RD & MATTERHORN DR,NASHVILLE,TN,,,,36.2172,-86.5819,POINT (-86.5819 36.2172)
20190065054,01/25/2019 08:05:00 AM,2,0,0,,N,633385,11,Front to Rear,21,CLEAR,1,DAYLIGHT,12,MOTOR VEHICLE IN TRANSPORT,BAKERTOWN RD & DERRICK CT,NASHVILLE,TN,37211,8851,SOUTH,36.0745,-86.6896,POINT (-86.6896 36.0745)
20190508227,07/06/2019 06:42:00 AM,3,2,0,,N,332253,9,UNKNOWN,2,RAIN,1,DAYLIGHT,12,MOTOR VEHICLE IN TRANSPORT,MM 91 6 I 65,MADISON,TN,37115,2006,MADISO,36.2559,-86.7386,POINT (-86.7386 36.2559)
20190514345,07/09/2019 11:50:00 AM,2,0,0,,Y,109534,4,ANGLE,21,CLEAR,1,DAYLIGHT,12,MOTOR VEHICLE IN TRANSPORT,STONES RIVER GRNWY & LEBANON PKE,NASHVILLE,TN,37214,9403,HERMIT,36.1859,-86.6342,POINT (-86.6342 36.1859)
20190440768,06/10/2019 09:25:00 AM,2,0,0,,Y,311339,5,SIDESWIPE - SAME DIRECTION,21,CLEAR,1,DAYLIGHT,12,MOTOR VEHICLE IN TRANSPORT,MM 214 4 I 40,NASHVILLE,TN,37210,90061,HERMIT,36.1431,-86.7063,POINT (-86.7063 36.1431)
20190215321,03/20/2019 12:30:00 AM,2,0,0,,Y,256493,11,Front to Rear,21,CLEAR,3,DARK - LIGHTED,12,MOTOR VEHICLE IN TRANSPORT,MM 48 3 I 24,NASHVILLE,TN,37213,11080,CENTRA,36.1722,-86.7689,POINT (-86.7689 36.1722)
20190461580,06/18/2019 06:00:00 AM,2,0,0,,N,226622,4,ANGLE,2,RAIN,1,DAYLIGHT,12,MOTOR VEHICLE IN TRANSPORT,MM 205 4 I 40,NASHVILLE,TN,37209,52040,WEST,36.1546,-86.8315,POINT (-86.8315 36.1546)
20190351275,05/07/2019 05:47:00 PM,2,0,0,,N,179606,5,SIDESWIPE - SAME DIRECTION,21,CLEAR,1,DAYLIGHT,12,MOTOR VEHICLE IN TRANSPORT,HILLSBORO PKE & GRAYBAR LN,NASHVILLE,TN,37215,6105,WEST,36.1112,-86.8113,POINT (-86.8113 36.1112)
20190012062,01/05/2019 03:10:00 PM,2,0,0,,N,279196,11,Front to Rear,21,CLEAR,1,DAYLIGHT,12,MOTOR VEHICLE IN TRANSPORT,DICKERSON PKE ENT RAMP & DICKERSON PKE,MADISON,TN,37115,2009,MADISO,36.242,-86.7568,POINT (-86.7568 36.242)
20190447758,06/12/2019 03:30:00 PM,2,0,0,,N,256383,5,SIDESWIPE - SAME DIRECTION,21,CLEAR,1,DAYLIGHT,12,MOTOR VEHICLE IN TRANSPORT,MM 58 5 I 24,ANTIOCH,TN,37013,87061,SOUTH,36.0527,-86.6719,POINT (-86.6719 36.0527)
20190262618,04/05/2019 12:01:00 PM,2,0,0,,N,140790,2,HEAD-ON,22,CLOUDY,1,DAYLIGHT,12,MOTOR VEHICLE IN TRANSPORT,5800 OLD HICKORY BLVD,HERMITAGE,TN,37076,9543,HERMIT,36.169,-86.6006,POINT (-86.6006 36.169)
20190187325,03/09/2019 12:00:00 AM,2,0,0,,Y,212344,5,SIDESWIPE - SAME DIRECTION,2,RAIN,3,DARK - LIGHTED,12,MOTOR VEHICLE IN TRANSPORT,MM 47 4 I 24,NASHVILLE,TN,37207,1904,CENTRA,36.1827,-86.7752,POINT (-86.7752 36.1827)
20190410187,05/29/2019 12:52:00 PM,2,0,0,,N,580819,5,SIDESWIPE - SAME DIRECTION,21,CLEAR,1,DAYLIGHT,12,MOTOR VEHICLE IN TRANSPORT,CHURCH ST & I40 W ENT RAMP,NASHVILLE,TN,37203,4119,CENTRA,36.1582,-86.791,POINT (-86.791 36.1582)
20190452620,06/14/2019 12:04:00 PM,1,1,0,,N,716886,0,NOT COLLISION W/MOTOR VEHICLE-TRANSPORT,21,CLEAR,1,DAYLIGHT,36,CONCRETE TRAFFIC BARRIER,MM 53 7 I 24,NASHVILLE,TN,37211,88122,SOUTH,36.1097,-86.7216,POINT (-86.7216 36.1097)
20190210924,03/18/2019 04:45:00 PM,2,0,0,,N,279124,4,ANGLE,21,CLEAR,1,DAYLIGHT,12,MOTOR VEHICLE IN TRANSPORT,NOLENSVILLE PKE & WALSH RD,NASHVILLE,TN,37210,8127,SOUTH,36.1348,-86.7595,POINT (-86.7595 36.1348)
20190346779,05/06/2019 08:11:00 AM,2,0,0,,N,137872,4,ANGLE,21,CLEAR,1,DAYLIGHT,13,MOTOR VEHICLE IN TRANSPORT-OTHER ROADWAY,SOUTHFORK BLVD & OLD HICKORY BLVD,OLD HICKORY,TN,37138,9617,HERMIT,36.2208,-86.6249,POINT (-86.6249 36.2208)
20190037173,01/15/2019 07:07:00 AM,2,0,0,,N,665896,4,ANGLE,22,CLOUDY,1,DAYLIGHT,12,MOTOR VEHICLE IN TRANSPORT,HOME RD & BAXTER ST,NASHVILLE,TN,37216,1819,EAST,36.2114,-86.7354,POINT (-86.7354 36.2114)
20190170480,03/04/2019 06:50:00 AM,2,1,0,,N,716886,11,Front to Rear,21,CLEAR,1,DAYLIGHT,12,MOTOR VEHICLE IN TRANSPORT,ANTIOCH PKE & HARDING PL,NASHVILLE,TN,37211,8847,SOUTH,36.0874,-86.6922,POINT (-86.6922 36.0874)
20190415575,05/31/2019 08:30:00 AM,2,0,0,,N,279116,4,ANGLE,21,CLEAR,1,DAYLIGHT,14,PARKED MOTOR VEHICLE,HALCYON AV & 12TH AVS,NASHVILLE,TN,37204,6949,MIDTOW,36.1226,-86.7896,POINT (-86.7896 36.1226)
20190293083,04/16/2019 06:20:00 PM,2,0,0,,Y,256383,11,Front to Rear,21,CLEAR,1,DAYLIGHT,12,MOTOR VEHICLE IN TRANSPORT,2819 MURFREESBORO PKE,ANTIOCH,TN,37013,8865,SOUTH,36.0659,-86.6296,POINT (-86.6296 36.0659)
20190408394,05/28/2019 10:00:00 PM,2,0,0,,N,256380,4,ANGLE,21,CLEAR,3,DARK - LIGHTED,12,MOTOR VEHICLE IN TRANSPORT,W TRINITY LN & HAMPTON ST,NASHVILLE,TN,37207,3007,NORTH,36.2067,-86.7784,POINT (-86.7784 36.2067)
20190506345,07/05/2019 10:18:00 AM,2,0,0,,N,551975,11,Front to Rear,21,CLEAR,1,DAYLIGHT,12,MOTOR VEHICLE IN TRANSPORT,800 12TH AVN,NASHVILLE,TN,37203,5423,NORTH,36.1655,-86.7952,POINT (-86.7952 36.1655)
20190351817,05/07/2019 10:45:00 PM,1,0,0,,N,352186,0,NOT COLLISION W/MOTOR VEHICLE-TRANSPORT,21,CLEAR,3,DARK - LIGHTED,33;71,CURB;EMBANKMENT EARTH,OLD EZELL RD & DONELSON PKE,NASHVILLE,TN,37217,8841,SOUTH,36.0984,-86.6773,POINT (-86.6773 36.0984)
20190189538,03/10/2019 09:13:00 PM,2,0,0,,N,256417,4,ANGLE,21,CLEAR,3,DARK - LIGHTED,12,MOTOR VEHICLE IN TRANSPORT,WINDSOR CHASE WAY & ANDREW JACKSON PKWY,HERMITAGE,TN,37076,9727,HERMIT,36.2197,-86.5976,POINT (-86.5976 36.2197)
20190363437,05/12/2019 12:00:00 AM,1,0,0,Y,Y,755026,0,NOT COLLISION W/MOTOR VEHICLE-TRANSPORT,2,RAIN,3,DARK - LIGHTED,24;41,GUARDRAIL FACE;SHRUBBERY,EAST THOMPSON LN & LAWNDALE DR,NASHVILLE,TN,37217,8879,SOUTH,36.1223,-86.7176,POINT (-86.7176 36.1223)
20190127239,02/16/2019 04:38:00 AM,1,0,0,,N,299254,0,NOT COLLISION W/MOTOR VEHICLE-TRANSPORT,21,CLEAR,3,DARK - LIGHTED,42;64,TREE;Ran Off Road-Left,TUSCULUM RD & OCALA DR,ANTIOCH,TN,37013,8713,SOUTH,36.0966,-86.7169,POINT (-86.7169 36.0966)
20190420650,06/02/2019 01:00:00 PM,2,0,0,,N,320595,4,ANGLE,21,CLEAR,1,DAYLIGHT,12,MOTOR VEHICLE IN TRANSPORT,ANDERSON RD & FOREST TRACE DR,ANTIOCH,TN,37013,8979,SOUTH,36.0744,-86.6296,POINT (-86.6296 36.0744)
20190237122,03/27/2019 09:00:00 AM,2,0,0,,N,343522,11,Front to Rear,21,CLEAR,1,DAYLIGHT,12,MOTOR VEHICLE IN TRANSPORT,ESTES RD & HOBBS RD,NASHVILLE,TN,37215,6115,WEST,36.103,-86.8383,POINT (-86.8383 36.103)