Accident Number,Date and Time,Number of Motor Vehicles,Number of Injuries,Number of Fatalities,Property Damage,Hit and Run,Reporting Officer,Collision Type Code,Collision Type Description,Weather Code,Weather Description,Illumination Code,Illumination Description,Harmful Code,Harmful Code Description,Street Address,City,State,ZIP,RPA,Precinct,Latitude,Longitude,Mapped Location
20190455135,06/15/2019 12:33:00 PM,2,3,0,,N,212325,11,Front to Rear,21,CLEAR,1,DAYLIGHT,12,MOTOR VEHICLE IN TRANSPORT,GALLATIN PKES & GALLATIN PKE SB EXT RAMP,MADISON,TN,37115,1509,MADISO,36.2379,-86.7241,POINT (-86.7241 36.2379)
20190545253,07/21/2019 09:11:00 PM,2,0,0,,Y,197435,4,ANGLE,21,CLEAR,3,DARK - LIGHTED,12,MOTOR VEHICLE IN TRANSPORT,E TRINITY LN & ELLINGTON PKWY S EXT RAMP,NASHVILLE,TN,37207,1855,EAST,36.2047,-86.7508,POINT (-86.7508 36.2047)
20190419236,06/01/2019 08:18:00 PM,3,2,0,,N,311332,11,Front to Rear,21,CLEAR,3,DARK - LIGHTED,12,MOTOR VEHICLE IN TRANSPORT,CHARLOTTE PKE & AMERICAN RD,NASHVILLE,TN,37209,5027,WEST,36.1444,-86.8727,POINT (-86.8727 36.1444)
20190289106,04/15/2019 02:25:00 PM,2,1,0,,N,716886,11,Front to Rear,21,CLEAR,1,DAYLIGHT,12,MOTOR VEHICLE IN TRANSPORT,I24 W EXT RAMP & I 24,NASHVILLE,TN,37211,8829,SOUTH,36.1074,-86.7197,POINT (-86.7197 36.1074)
20190050371,01/19/2019 06:01:00 PM,1,0,0,Y,N,212321,0,NOT COLLISION W/MOTOR VEHICLE-TRANSPORT,2,RAIN,2,DARK - NOT LIGHTED,29,LUMINAIRE/LIGHT SUPPORT,700 ADAMS MILL CT,ANTIOCH,TN,37013,8759,SOUTH,36.0177,-86.7031,POINT (-86.7031 36.0177)
20190310211,04/22/2019 07:56:00 PM,2,0,0,,N,330428,4,ANGLE,21,CLEAR,3,DARK - LIGHTED,12,MOTOR VEHICLE IN TRANSPORT,MARCIA AV & CHARLOTTE PKE,NASHVILLE,TN,37209,5027,WEST,36.1471,-86.8694,POINT (-86.8694 36.1471)
20190420142,06/02/2019 07:29:00 AM,1,0,0,,N,419952,0,NOT COLLISION W/MOTOR VEHICLE-TRANSPORT,21,CLEAR,1,DAYLIGHT,50,DEER (ANIMAL),HIGHWAY 70S & MONTVIEW PVTDR,NASHVILLE,TN,37221,4901,WEST,36.0797,-86.9037,POINT (-86.9037 36.0797)
20190506401,07/05/2019 11:25:00 AM,2,1,0,,Y,665896,11,Front to Rear,21,CLEAR,1,DAYLIGHT,12,MOTOR VEHICLE IN TRANSPORT,GALLATIN PKE & BROADMOOR DR,NASHVILLE,TN,37216,1513,EAST,36.2295,-86.7251,POINT (-86.7251 36.2295)
20190042221,01/16/2019 07:53:00 PM,2,0,0,,N,206964,5,SIDESWIPE - SAME DIRECTION,21,CLEAR,3,DARK - LIGHTED,12,MOTOR VEHICLE IN TRANSPORT,RICHARDS RD & CUMMINGS PARK DR,ANTIOCH,TN,37013,8899,SOUTH,36.069,-86.6812,POINT (-86.6812 36.069)
20190318655,04/25/2019 06:50:00 AM,2,0,0,,N,224824,5,SIDESWIPE - SAME DIRECTION,21,CLEAR,1,DAYLIGHT,12,MOTOR VEHICLE IN TRANSPORT,LEBANON PKE & HERMITAGE RD,OLD HICKORY,TN,37138,9739,HERMIT,36.2003,-86.6186,POINT (-86.6186 36.2003)
20190449062,06/13/2019 07:49:00 AM,2,0,0,,N,191578,11,Front to Rear,21,CLEAR,1,DAYLIGHT,12,MOTOR VEHICLE IN TRANSPORT,ELM HILL PKE & ELM HILL PKE EB EXT RAMP,NASHVILLE,TN,37210,9041,HERMIT,36.1513,-86.6916,POINT (-86.6916 36.1513)
20190009177,01/04/2019 10:13:00 AM,2,0,0,,N,311339,11,Front to Rear,2,RAIN,1,DAYLIGHT,12,MOTOR VEHICLE IN TRANSPORT,MM 210 1 I 40,NASHVILLE,TN,37203,4006,CENTRA,36.1492,-86.7751,POINT (-86.7751 36.1492)
20190055804,01/22/2019 07:15:00 AM,3,0,0,,N,226622,11,Front to Rear,21,CLEAR,1,DAYLIGHT,12,MOTOR VEHICLE IN TRANSPORT,HARDING PKE & ROYAL OAKS CONDOS PVTDR,NASHVILLE,TN,37205,6101,WEST,36.1235,-86.8497,POINT (-86.8497 36.1235)
20190375886,05/16/2019 05:34:00 PM,2,0,0,,Y,330428,4,ANGLE,21,CLEAR,1,DAYLIGHT,12,MOTOR VEHICLE IN TRANSPORT,46TH AVN & I40 E ENT RAMP,NASHVILLE,TN,37209,5201,WEST,36.153,-86.8423,POINT (-86.8423 36.153)
20190040467,01/16/2019 07:31:00 AM,2,0,0,,N,572251,5,SIDESWIPE - SAME DIRECTION,21,CLEAR,1,DAYLIGHT,12,MOTOR VEHICLE IN TRANSPORT,I65 S EXT RAMP & OLD HICKORY BLVDW,MADISON,TN,37115,2101,MADISO,36.2656,-86.7398,POINT (-86.7398 36.2656)
20190224152,03/22/2019 02:48:00 PM,2,0,0,,Y,299244,11,Front to Rear,21,CLEAR,1,DAYLIGHT,12,MOTOR VEHICLE IN TRANSPORT,JEFFERSON ST & 14TH AVN,NASHVILLE,TN,37208,5415,NORTH,36.1707,-86.8018,POINT (-86.8018 36.1707)
20190164909,03/01/2019 04:42:00 PM,2,0,0,,N,279124,11,Front to Rear,21,CLEAR,1,DAYLIGHT,12,MOTOR VEHICLE IN TRANSPORT,NOLENSVILLE PKE & WHEELER AV,NASHVILLE,TN,37211,8511,MIDTOW,36.0957,-86.7374,POINT (-86.7374 36.0957)
20190097899,02/05/2019 07:20:00 PM,2,1,0,,N,179606,4,ANGLE,21,CLEAR,3,DARK - LIGHTED,12,MOTOR VEHICLE IN TRANSPORT,17TH AVN & CHURCH STREET ALY,NASHVILLE,TN,37203,5515,MIDTOW,36.1563,-86.7963,POINT (-86.7963 36.1563)
20190100397,02/06/2019 01:38:00 PM,3,3,0,,N,462474,2,HEAD-ON,2,RAIN,1,DAYLIGHT,12;65,MOTOR VEHICLE IN TRANSPORT;Cross Median,MM 5 4 I 440,NASHVILLE,TN,37204,83060,MIDTOW,36.1198,-86.7662,POINT (-86.7662 36.1198)
20190120051,02/13/2019 05:20:00 PM,2,0,0,,N,140788,4,ANGLE,21,CLEAR,5,DUSK,12,MOTOR VEHICLE IN TRANSPORT,W HEIMAN ST & W H DAVIS DR,NASHVILLE,TN,37208,4523,NORTH,36.1701,-86.8174,POINT (-86.8174 36.1701)
20190285496,04/14/2019 03:05:00 AM,1,0,0,,Y,299274,9,UNKNOWN,2,RAIN,3,DARK - LIGHTED,99,UNKNOWN MOST HARMFUL EVENT,MURFREESBORO PKE & ARLINGTON AV,NASHVILLE,TN,37210,8159,SOUTH,36.1399,-86.7354,POINT (-86.7354 36.1399)
20190186820,03/09/2019 02:03:00 PM,1,1,0,,N,226306,0,NOT COLLISION W/MOTOR VEHICLE-TRANSPORT,2,RAIN,98,OTHER,18,OTHER OBJECT (NOT FIXED),BELTON DR & NEWBERRY RD,NASHVILLE,TN,37205,5005,WEST,36.1253,-86.897,POINT (-86.897 36.1253)
20190315561,04/24/2019 05:31:00 AM,1,1,0,,N,179602,0,NOT COLLISION W/MOTOR VEHICLE-TRANSPORT,21,CLEAR,3,DARK - LIGHTED,50,DEER (ANIMAL),KNIGHT DR & BRICK CHURCH LN,WHITES CREEK,TN,37189,3225,NORTH,36.2446,-86.8017,POINT (-86.8017 36.2446)
20190495549,07/01/2019 12:26:00 PM,2,1,0,,N,420059,11,Front to Rear,21,CLEAR,1,DAYLIGHT,12,MOTOR VEHICLE IN TRANSPORT,NOLENSVILLE PKE & FLORA MAXWELL RD,NASHVILLE,TN,37211,8701,SOUTH,36.0751,-86.7249,POINT (-86.7249 36.0751)
20190360242,05/10/2019 08:45:00 PM,1,1,0,Y,N,352201,0,NOT COLLISION W/MOTOR VEHICLE-TRANSPORT,2,RAIN,2,DARK - NOT LIGHTED,19;30;38,BUILDING;UTILITY POLE;FENCE,ANNEX AV & FRANKLIN AV,NASHVILLE,TN,37209,4657,WEST,36.1596,-86.8777,POINT (-86.8777 36.1596)
20190155171,02/26/2019 08:20:00 AM,2,0,0,,Y,676834,11,Front to Rear,21,CLEAR,3,DARK - LIGHTED,12,MOTOR VEHICLE IN TRANSPORT,WHITES CREEK PKE & TONEY RD,NASHVILLE,TN,37207,3037,NORTH,36.2086,-86.7943,POINT (-86.7943 36.2086)
20190453540,06/14/2019 06:24:00 PM,2,0,0,,N,330428,4,ANGLE,21,CLEAR,1,DAYLIGHT,12,MOTOR VEHICLE IN TRANSPORT,WHITE BRIDGE PKE & CHARLOTTE PKE,NASHVILLE,TN,37209,5033,WEST,36.1494,-86.8579,POINT (-86.8579 36.1494)
20190552197,07/24/2019 11:36:00 AM,2,0,0,,N,414668,4,ANGLE,21,CLEAR,1,DAYLIGHT,12,MOTOR VEHICLE IN TRANSPORT,JO JOHNSTON AV & 12TH AVN,NASHVILLE,TN,37203,5425,NORTH,36.1639,-86.7942,POINT (-86.7942 36.1639)
20190274341,04/09/2019 10:37:00 PM,2,0,0,,N,110090,5,SIDESWIPE - SAME DIRECTION,21,CLEAR,3,DARK - LIGHTED,12,MOTOR VEHICLE IN TRANSPORT,MURFREESBORO PKE & FRANKLIN LIMESTONE RD,NASHVILLE,TN,37217,8853,SOUTH,36.0944,-86.6534,POINT (-86.6534 36.0944)
20190282503,04/11/2019 07:30:00 PM,1,1,0,,Y,169425,0,NOT COLLISION W/MOTOR VEHICLE-TRANSPORT,21,CLEAR,1,DAYLIGHT,8,PEDESTRIAN,GALLATIN PKES & BERKLEY DR,MADISON,TN,37115,1519,MADISO,36.247,-86.721,POINT (-86.721 36.247)
20190278577,04/11/2019 10:56:00 AM,2,0,0,,Y,279116,4,ANGLE,22,CLOUDY,1,DAYLIGHT,12,MOTOR VEHICLE IN TRANSPORT,4TH AVS & LAFAYETTE ST,NASHVILLE,TN,37203,4007,CENTRA,36.1515,-86.7711,POINT (-86.7711 36.1515)
20190241809,03/28/2019 08:59:00 PM,1,0,0,Y,Y,256383,0,NOT COLLISION W/MOTOR VEHICLE-TRANSPORT,21,CLEAR,2,DARK - NOT LIGHTED,1;30,UTILITY POLE,MT VIEW RD & ISABELLE LN,ANTIOCH,TN,37013,8863,SOUTH,36.0432,-86.6332,POINT (-86.6332 36.0432)
20190510490,07/07/2019 02:28:00 PM,2,0,0,,N,279124,11,Front to Rear,21,CLEAR,1,DAYLIGHT,12,MOTOR VEHICLE IN TRANSPORT,APOLLO DR & RICHARDS RD,ANTIOCH,TN,37013,8897,SOUTH,36.0679,-86.6673,POINT (-86.6673 36.0679)
20190578359,08/03/2019 11:53:00 PM,2,2,0,,N,311336,11,Front to Rear,21,CLEAR,3,DARK - LIGHTED,12,MOTOR VEHICLE IN TRANSPORT,GALLATIN AV & W GREENWOOD AV,NASHVILLE,TN,37206,1321,EAST,36.19,-86.7456,POINT (-86.7456 36.19)
20190441748,06/10/2019 04:30:00 PM,3,0,0,,N,256441,11,Front to Rear,21,CLEAR,1,DAYLIGHT,12,MOTOR VEHICLE IN TRANSPORT,OLD HICKORY BLVD & HICKORY SPRINGS RD,NASHVILLE,TN,37215,6305,MIDTOW,36.0413,-86.822,POINT (-86.822 36.0413)
20190309791,04/22/2019 12:00:00 AM,2,0,0,,N,279200,11,Front to Rear,21,CLEAR,1,DAYLIGHT,12,MOTOR VEHICLE IN TRANSPORT,5TH AVN & CHURCH ST,NASHVILLE,TN,37219,4141,CENTRA,36.1634,-86.7803,POINT (-86.7803 36.1634)
20190043943,01/17/2019 12:02:00 PM,1,0,0,Y,N,109534,0,NOT COLLISION W/MOTOR VEHICLE-TRANSPORT,2,RAIN,1,DAYLIGHT,34,DITCH,GOODBAR DR & MASSMAN DR,NASHVILLE,TN,37217,8819,HERMIT,36.1302,-86.7002,POINT (-86.7002 36.1302)
20190021342,01/09/2019 08:01:00 AM,3,0,0,,N,278580,11,Front to Rear,21,CLEAR,1,DAYLIGHT,12,MOTOR VEHICLE IN TRANSPORT,MM 3 0 I 440,NASHVILLE,TN,37215,6424,MIDTOW,36.1201,-86.8026,POINT (-86.8026 36.1201)
20190536958,07/18/2019 10:30:00 AM,2,0,0,,Y,140808,5,SIDESWIPE - SAME DIRECTION,22,CLOUDY,1,DAYLIGHT,12,MOTOR VEHICLE IN TRANSPORT,STONE BROOK DR & OLD HICKORY BLVD,BRENTWOOD,TN,37027,8623,MIDTOW,36.0409,-86.7794,POINT (-86.7794 36.0409)
20190118562,02/13/2019 06:00:00 AM,1,0,0,Y,Y,343522,0,NOT COLLISION W/MOTOR VEHICLE-TRANSPORT,21,CLEAR,1,DAYLIGHT,38,FENCE,MILLBROOK DR & MILLBROOK CIR,NASHVILLE,TN,37221,4809,WEST,36.0407,-86.9674,POINT (-86.9674 36.0407)
20190148196,02/23/2019 05:55:00 PM,1,1,0,,N,279214,0,NOT COLLISION W/MOTOR VEHICLE-TRANSPORT,2,RAIN,3,DARK - LIGHTED,8,PEDESTRIAN,CALDWELL AV & 15TH AVS,NASHVILLE,TN,37212,6601,MIDTOW,36.1336,-86.7921,POINT (-86.7921 36.1336)
20190535091,07/17/2019 12:00:00 AM,2,0,0,,Y,256374,98,OTHER,21,CLEAR,9,UNKNOWN,14,PARKED MOTOR VEHICLE,ALTERAS DR & ADARA LN,ANTIOCH,TN,37013,8759,SOUTH,36.0219,-86.7022,POINT (-86.7022 36.0219)
20190485454,06/27/2019 08:40:00 AM,2,0,0,,N,279110,11,Front to Rear,21,CLEAR,1,DAYLIGHT,12,MOTOR VEHICLE IN TRANSPORT,I24 W EXT RAMP & SPENCE LN,NASHVILLE,TN,37217,8801,SOUTH,36.1358,-86.725,POINT (-86.725 36.1358)
20190211226,03/18/2019 06:25:00 PM,2,0,0,,N,197054,11,Front to Rear,21,CLEAR,1,DAYLIGHT,12,MOTOR VEHICLE IN TRANSPORT,MM 214 6 I 40,NASHVILLE,TN,37210,90060,HERMIT,36.1437,-86.7027,POINT (-86.7027 36.1437)
20190203565,03/15/2019 03:48:00 PM,3,1,0,,N,320599,6,SIDESWIPE - OPPOSITE DIRECTION,21,CLEAR,1,DAYLIGHT,12,MOTOR VEHICLE IN TRANSPORT,MURFREESBORO PKE & NASHBORO BLVD,ANTIOCH,TN,37013,8891,SOUTH,36.0869,-86.6487,POINT (-86.6487 36.0869)
20190423316,06/03/2019 04:33:00 PM,2,0,0,,N,580819,11,Front to Rear,21,CLEAR,1,DAYLIGHT,12,MOTOR VEHICLE IN TRANSPORT,KOREAN VETERANS BLVD & 1ST AVS,NASHVILLE,TN,37201,4047,CENTRA,36.1583,-86.7719,POINT (-86.7719 36.1583)
20190380959,05/18/2019 04:20:00 PM,2,0,0,,Y,330417,11,Front to Rear,21,CLEAR,1,DAYLIGHT,12,MOTOR VEHICLE IN TRANSPORT,LANIER DR & NEELYS BEND RD,MADISON,TN,37115,1611,MADISO,36.2548,-86.7019,POINT (-86.7019 36.2548)
20190156992,02/26/2019 11:00:00 PM,2,0,0,,N,225819,4,ANGLE,21,CLEAR,3,DARK - LIGHTED,1;12;34,MOTOR VEHICLE IN TRANSPORT;DITCH,PIN HOOK RD & HOBSON PKE,ANTIOCH,TN,37013,8927,SOUTH,36.0493,-86.5999,POINT (-86.5999 36.0493)
20190079332,01/30/2019 07:52:00 AM,2,1,0,,N,212369,11,Front to Rear,4,SNOW,1,DAYLIGHT,12,MOTOR VEHICLE IN TRANSPORT,OLD HICKORY BLVD & BRENTWOOD TRC,BRENTWOOD,TN,37027,8623,MIDTOW,36.0411,-86.7762,POINT (-86.7762 36.0411)
20190221620,03/21/2019 09:54:00 PM,2,0,0,,N,320582,11,Front to Rear,21,CLEAR,3,DARK - LIGHTED,12,MOTOR VEHICLE IN TRANSPORT,DICKERSON PKE & LEMUEL RD,NASHVILLE,TN,37207,1889,EAST,36.2153,-86.7639,POINT (-86.7639 36.2153)
20190488205,06/28/2019 09:00:00 AM,2,0,0,,N,665896,11,Front to Rear,21,CLEAR,1,DAYLIGHT,12,MOTOR VEHICLE IN TRANSPORT,SPRING ST & SPRING ST ENT RAMP,NASHVILLE,TN,37207,1979,EAST,36.1764,-86.7677,POINT (-86.7677 36.1764)
20190434797,06/07/2019 05:30:00 PM,2,0,0,,Y,330428,11,Front to Rear,2,RAIN,1,DAYLIGHT,12,MOTOR VEHICLE IN TRANSPORT,MM 204 9 I 40,NASHVILLE,TN,37209,45020,WEST,36.154,-86.8401,POINT (-86.8401 36.154)
20190372371,05/15/2019 02:07:00 PM,2,0,0,,N,206675,5,SIDESWIPE - SAME DIRECTION,21,CLEAR,1,DAYLIGHT,12,MOTOR VEHICLE IN TRANSPORT,MM 1 3 I 440,NASHVILLE,TN,37205,5242,WEST,36.1385,-86.8226,POINT (-86.8226 36.1385)
20190159611,02/27/2019 06:58:00 PM,2,0,0,,N,256383,5,SIDESWIPE - SAME DIRECTION,21,CLEAR,3,DARK - LIGHTED,12,MOTOR VEHICLE IN TRANSPORT,I24 E ENT RAMP & I 24,NASHVILLE,TN,37213,1007,CENTRA,36.1662,-86.7659,POINT (-86.7659 36.1662)
20190416111,05/31/2019 12:28:00 PM,2,0,0,,N,381709,4,ANGLE,21,CLEAR,1,DAYLIGHT,12,MOTOR VEHICLE IN TRANSPORT,0 2ND AVS,NASHVILLE,TN,37210,4029,CENTRA,36.1533,-86.7696,POINT (-86.7696 36.1533)
20190040412,01/16/2019 07:40:00 AM,3,1,0,,N,225777,11,Front to Rear,21,CLEAR,1,DAYLIGHT,12,MOTOR VEHICLE IN TRANSPORT,OLD HICKORY BLVD & BELLEVUE RD,NASHVILLE,TN,37221,4819,WEST,36.0631,-86.9169,POINT (-86.9169 36.0631)
20190153217,02/25/2019 06:15:00 PM,1,1,0,,N,620080,0,NOT COLLISION W/MOTOR VEHICLE-TRANSPORT,21,CLEAR,3,DARK - LIGHTED,8,PEDESTRIAN,LEBANON PKE & THE CROSSINGS PVTDR,NASHVILLE,TN,37214,9121,HERMIT,36.169,-86.6833,POINT (-86.6833 36.169)
20190526670,07/14/2019 12:23:00 PM,2,1,0,,N,653629,4,ANGLE,22,CLOUDY,1,DAYLIGHT,12,MOTOR VEHICLE IN TRANSPORT,JUAREZ DR & OLD HICKORY BLVD,HERMITAGE,TN,37076,9531,HERMIT,36.1983,-86.6201,POINT (-86.6201 36.1983)
20190342010,05/04/2019 12:30:00 AM,2,1,0,,N,352207,4,ANGLE,21,CLEAR,2,DARK - NOT LIGHTED,1;12;13,MOTOR VEHICLE IN TRANSPORT;MOTOR VEHICLE IN TRANSPORT-OTHER ROADWAY,BELL RD & MT VIEW RD,ANTIOCH,TN,37013,8865,SOUTH,36.05,-86.6496,POINT (-86.6496 36.05)
20190519994,07/11/2019 02:03:00 PM,2,2,0,,N,191578,11,Front to Rear,21,CLEAR,1,DAYLIGHT,12,MOTOR VEHICLE IN TRANSPORT,MM 210 9 I 40,NASHVILLE,TN,37210,8008,HERMIT,36.1547,-86.7615,POINT (-86.7615 36.1547)
20190335087,05/01/2019 12:46:00 PM,2,0,0,,N,620072,4,ANGLE,21,CLEAR,1,DAYLIGHT,12,MOTOR VEHICLE IN TRANSPORT,17TH AVS & BROADWAY,NASHVILLE,TN,37203,5705,MIDTOW,36.1533,-86.794,POINT (-86.794 36.1533)
20190128472,02/16/2019 06:50:00 PM,2,0,0,,N,311328,5,SIDESWIPE - SAME DIRECTION,21,CLEAR,3,DARK - LIGHTED,12,MOTOR VEHICLE IN TRANSPORT,JAMES ROBERTSON PKWY & PUBLIC SQ,NASHVILLE,TN,37201,4163,CENTRA,36.1677,-86.7784,POINT (-86.7784 36.1677)
20190433526,06/07/2019 06:55:00 AM,2,0,0,,Y,320592,98,OTHER,2,RAIN,1,DAYLIGHT,12,MOTOR VEHICLE IN TRANSPORT,LEBANON PKE & SHUTE LN,HERMITAGE,TN,37076,9535,HERMIT,36.2146,-86.6047,POINT (-86.6047 36.2146)
20190412575,05/30/2019 09:08:00 AM,2,0,0,,N,462474,11,Front to Rear,22,CLOUDY,1,DAYLIGHT,12,MOTOR VEHICLE IN TRANSPORT,OLD HICKORY BLVD & CROMWELL DR,NASHVILLE,TN,37215,6303,MIDTOW,36.0451,-86.8524,POINT (-86.8524 36.0451)
20190544075,07/21/2019 07:11:00 AM,3,0,0,,N,876581,11,Front to Rear,22,CLOUDY,1,DAYLIGHT,14,PARKED MOTOR VEHICLE,CONNARE DR & N GRAYCROFT AV,MADISON,TN,37115,1759,MADISO,36.2846,-86.7151,POINT (-86.7151 36.2846)
20190477905,06/24/2019 06:43:00 PM,2,0,0,,N,714641,4,ANGLE,21,CLEAR,1,DAYLIGHT,12,MOTOR VEHICLE IN TRANSPORT,I40 W ENT RAMP & I 40,NASHVILLE,TN,37210,9007,HERMIT,36.1484,-86.7454,POINT (-86.7454 36.1484)
20190310153,04/22/2019 06:40:00 PM,3,0,0,,N,256411,5,SIDESWIPE - SAME DIRECTION,21,CLEAR,5,DUSK,12;39,MOTOR VEHICLE IN TRANSPORT;WALL,MM 207 3 I 40,NASHVILLE,TN,37208,54021,NORTH,36.1703,-86.8056,POINT (-86.8056 36.1703)
20190558149,07/26/2019 05:35:00 PM,2,1,0,,N,267831,4,ANGLE,21,CLEAR,1,DAYLIGHT,12,MOTOR VEHICLE IN TRANSPORT,56TH AVN & PENNSYLVANIA AV,NASHVILLE,TN,37209,4611,WEST,36.163,-86.8556,POINT (-86.8556 36.163)
20190116058,02/12/2019 01:17:00 PM,1,0,0,,N,439917,0,NOT COLLISION W/MOTOR VEHICLE-TRANSPORT,22,CLOUDY,1,DAYLIGHT,39,WALL,MM 207 7 I 40,NASHVILLE,TN,37208,54021,NORTH,36.1729,-86.8012,POINT (-86.8012 36.1729)
20190531095,07/16/2019 08:05:00 AM,2,0,0,,N,223502,4,ANGLE,22,CLOUDY,1,DAYLIGHT,12,MOTOR VEHICLE IN TRANSPORT,MCGAVOCK PKE & SCHOOL LN,NASHVILLE,TN,37217,8833,SOUTH,36.1107,-86.7018,POINT (-86.7018 36.1107)
20190479555,06/25/2019 07:39:00 AM,2,0,0,,N,544482,4,ANGLE,21,CLEAR,1,DAYLIGHT,12,MOTOR VEHICLE IN TRANSPORT,BROADWAY & 15TH AVN,NASHVILLE,TN,37203,5701,MIDTOW,36.1552,-86.7907,POINT (-86.7907 36.1552)
20190282068,04/12/2019 12:00:00 AM,2,0,0,,N,151131,5,SIDESWIPE - SAME DIRECTION,21,CLEAR,1,DAYLIGHT,12,MOTOR VEHICLE IN TRANSPORT,ROSA L PARKS BLVD & CLARKSVILLE PKE,NASHVILLE,TN,37228,4483,NORTH,36.1888,-86.822,POINT (-86.822 36.1888)
20190558965,07/27/2019 12:15:00 AM,2,1,0,,N,110090,11,Front to Rear,21,CLEAR,3,DARK - LIGHTED,12,MOTOR VEHICLE IN TRANSPORT,MM 62 6 I 24,ANTIOCH,TN,37013,8804,SOUTH,36.0137,-86.6196,POINT (-86.6196 36.0137)
20190075902,01/29/2019 12:00:00 AM,2,0,0,,Y,137982,4,ANGLE,99,UNKNOWN,2,DARK - NOT LIGHTED,14,PARKED MOTOR VEHICLE,HIGHLAND PLACE WAY & STONE HALL BLVD,HERMITAGE,TN,37076,9601,HERMIT,36.1927,-86.6402,POINT (-86.6402 36.1927)
20190561824,07/28/2019 10:54:00 AM,2,0,0,,N,459522,4,ANGLE,21,CLEAR,1,DAYLIGHT,12,MOTOR VEHICLE IN TRANSPORT,GEORGE L DAVIS BLVD & CHURCH ST,NASHVILLE,TN,37203,4119,CENTRA,36.1584,-86.7906,POINT (-86.7906 36.1584)
20190339512,05/03/2019 03:45:00 AM,2,0,0,,N,279216,11,Front to Rear,2,RAIN,3,DARK - LIGHTED,12;36,MOTOR VEHICLE IN TRANSPORT;CONCRETE TRAFFIC BARRIER,BRILEY PKWYE & BRILEY PKWY E ENT RAMP,NASHVILLE,TN,37216,1503,EAST,36.2342,-86.7203,POINT (-86.7203 36.2342)
20190580862,08/05/2019 07:20:00 AM,2,0,0,,N,716886,11,Front to Rear,21,CLEAR,1,DAYLIGHT,12,MOTOR VEHICLE IN TRANSPORT,I24 W ENT RAMP & I 24,NASHVILLE,TN,37206,1009,EAST,36.1666,-86.7638,POINT (-86.7638 36.1666)
20190018383,01/08/2019 07:50:00 AM,2,0,0,,N,693093,5,SIDESWIPE - SAME DIRECTION,21,CLEAR,1,DAYLIGHT,12,MOTOR VEHICLE IN TRANSPORT,MM 89 2 I 65,NASHVILLE,TN,37207,18062,EAST,36.233,-86.7685,POINT (-86.7685 36.233)
20190402474,05/26/2019 02:50:00 PM,2,0,0,,Y,311333,11,Front to Rear,21,CLEAR,1,DAYLIGHT,12,MOTOR VEHICLE IN TRANSPORT,BELL RD & THE OVERLOOK PVTDR,ANTIOCH,TN,37013,8865,SOUTH,36.056,-86.6421,POINT (-86.6421 36.056)
20190029607,01/12/2019 12:00:00 AM,1,0,0,Y,Y,206680,0,NOT COLLISION W/MOTOR VEHICLE-TRANSPORT,21,CLEAR,3,DARK - LIGHTED,30,UTILITY POLE,3900 CLARKSVILLE PKE,NASHVILLE,TN,37218,3141,NORTH,36.2076,-86.8398,POINT (-86.8398 36.2076)
20190380745,05/18/2019 02:04:00 PM,2,0,0,,N,161952,11,Front to Rear,21,CLEAR,1,DAYLIGHT,12,MOTOR VEHICLE IN TRANSPORT,MM 87 4 I 65,NASHVILLE,TN,37207,1804,EAST,36.2081,-86.7761,POINT (-86.7761 36.2081)
20190463288,06/18/2019 09:00:00 PM,4,0,0,,Y,352170,11,Front to Rear,21,CLEAR,3,DARK - LIGHTED,12,MOTOR VEHICLE IN TRANSPORT,MM 1 7 I 440,NASHVILLE,TN,37209,5312,NORTH,36.1536,-86.8226,POINT (-86.8226 36.1536)
20190001624,01/01/2019 05:52:00 PM,2,0,0,,N,256422,11,Front to Rear,21,CLEAR,3,DARK - LIGHTED,12,MOTOR VEHICLE IN TRANSPORT,I65 S EXT RAMP & I 65,MADISON,TN,37115,20044,MADISO,36.2481,-86.743,POINT (-86.743 36.2481)
20190234319,03/26/2019 10:40:00 AM,2,1,0,,N,665896,4,ANGLE,21,CLEAR,1,DAYLIGHT,12,MOTOR VEHICLE IN TRANSPORT,GALLATIN PKE & BROADMOOR DR,NASHVILLE,TN,37216,1513,EAST,36.2295,-86.7251,POINT (-86.7251 36.2295)
20190086597,02/01/2019 01:00:00 PM,2,0,0,,N,572251,5,SIDESWIPE - SAME DIRECTION,21,CLEAR,1,DAYLIGHT,12,MOTOR VEHICLE IN TRANSPORT,I24 W EXT RAMP & BRILEY PKWYE,NASHVILLE,TN,37207,2012,MADISO,36.2381,-86.7832,POINT (-86.7832 36.2381)
20190550373,07/23/2019 07:18:00 PM,3,0,0,,N,909486,4,ANGLE,21,CLEAR,5,DUSK,12,MOTOR VEHICLE IN TRANSPORT,LYNN DR & ELYSIAN FIELDS RD,NASHVILLE,TN,37211,8509,MIDTOW,36.0855,-86.7354,POINT (-86.7354 36.0855)
20190288181,04/15/2019 07:31:00 AM,2,1,0,,N,109534,11,Front to Rear,21,CLEAR,1,DAYLIGHT,12,MOTOR VEHICLE IN TRANSPORT,MURFREESBORO PKE & EXPRESSWAY PARK DR,NASHVILLE,TN,37210,8133,SOUTH,36.146,-86.7539,POINT (-86.7539 36.146)
20190260428,04/04/2019 04:15:00 PM,2,0,0,,N,206675,4,ANGLE,21,CLEAR,1,DAYLIGHT,12,MOTOR VEHICLE IN TRANSPORT,HILLSIDE DR & 32ND AVS,NASHVILLE,TN,37212,5905,MIDTOW,36.1323,-86.8148,POINT (-86.8148 36.1323)