Accident Number,Date and Time,Number of Motor Vehicles,Number of Injuries,Number of Fatalities,Property Damage,Hit and Run,Reporting Officer,Collision Type Code,Collision Type Description,Weather Code,Weather Description,Illumination Code,Illumination Description,Harmful Code,Harmful Code Description,Street Address,City,State,ZIP,RPA,Precinct,Latitude,Longitude,Mapped Location
20190359326,05/10/2019 01:45:00 PM,2,0,0,,N,137872,4,ANGLE,21,CLEAR,1,DAYLIGHT,12,MOTOR VEHICLE IN TRANSPORT,FESSLERS LN & RUNDLE AV,NASHVILLE,TN,37210,8215,HERMIT,36.1467,-86.7438,POINT (-86.7438 36.1467)
20190254576,04/02/2019 05:20:00 PM,2,1,0,,N,256496,11,Front to Rear,21,CLEAR,1,DAYLIGHT,12,MOTOR VEHICLE IN TRANSPORT,CENTRAL PKE & MELVIN RD,HERMITAGE,TN,37076,9541,HERMIT,36.176,-86.5715,POINT (-86.5715 36.176)
20190564696,07/29/2019 01:35:00 PM,2,0,0,,N,206958,5,SIDESWIPE - SAME DIRECTION,21,CLEAR,1,DAYLIGHT,12,MOTOR VEHICLE IN TRANSPORT,GALLATIN PKE & HOME RD,NASHVILLE,TN,37216,1439,EAST,36.2102,-86.7337,POINT (-86.7337 36.2102)
20190437970,06/09/2019 02:43:00 AM,2,2,0,,N,298871,4,ANGLE,21,CLEAR,3,DARK - LIGHTED,12,MOTOR VEHICLE IN TRANSPORT,17TH AVS & BROADWAY,NASHVILLE,TN,37203,5705,MIDTOW,36.1533,-86.794,POINT (-86.794 36.1533)
20190065406,01/25/2019 10:53:00 AM,2,1,0,,N,676834,4,ANGLE,21,CLEAR,1,DAYLIGHT,12,MOTOR VEHICLE IN TRANSPORT,ARTHUR AV & JANE ST,NASHVILLE,TN,37208,4451,NORTH,36.1784,-86.8024,POINT (-86.8024 36.1784)
20190415453,05/31/2019 06:01:00 AM,1,0,0,Y,Y,352161,0,NOT COLLISION W/MOTOR VEHICLE-TRANSPORT,21,CLEAR,1,DAYLIGHT,18,OTHER OBJECT (NOT FIXED),GALLATIN AV & DOUGLAS AV,NASHVILLE,TN,37206,1325,EAST,36.193,-86.7442,POINT (-86.7442 36.193)
20190336057,05/01/2019 08:21:00 PM,2,0,0,,N,330435,11,Front to Rear,21,CLEAR,3,DARK - LIGHTED,12,MOTOR VEHICLE IN TRANSPORT,DICKERSON PKE & BROADMOOR DR,NASHVILLE,TN,37207,1809,EAST,36.2277,-86.7596,POINT (-86.7596 36.2277)
20190483406,06/26/2019 12:00:00 AM,2,0,0,,N,256379,5,SIDESWIPE - SAME DIRECTION,2,RAIN,98,OTHER,12,MOTOR VEHICLE IN TRANSPORT,MM 54 9 I 24,NASHVILLE,TN,37211,8812,SOUTH,36.0962,-86.7081,POINT (-86.7081 36.0962)
20190045802,01/18/2019 02:50:00 AM,1,2,0,Y,Y,256569,0,NOT COLLISION W/MOTOR VEHICLE-TRANSPORT,21,CLEAR,3,DARK - LIGHTED,30,UTILITY POLE,CHEYENNE BLVD & MANZANO RD,MADISON,TN,37115,1633,MADISO,36.2575,-86.6777,POINT (-86.6777 36.2575)
20190161351,02/28/2019 11:27:00 AM,2,0,0,,N,191578,11,Front to Rear,22,CLOUDY,1,DAYLIGHT,12,MOTOR VEHICLE IN TRANSPORT,MM 211 7 I 40,NASHVILLE,TN,37210,82042,HERMIT,36.1499,-86.7483,POINT (-86.7483 36.1499)
20190044551,01/17/2019 04:44:00 PM,2,1,0,,N,256383,11,Front to Rear,22,CLOUDY,1,DAYLIGHT,12,MOTOR VEHICLE IN TRANSPORT,HARDING PL & LARGO DR,NASHVILLE,TN,37211,8705,SOUTH,36.0833,-86.7086,POINT (-86.7086 36.0833)
20190390258,05/22/2019 05:50:00 AM,1,0,0,,N,226175,0,NOT COLLISION W/MOTOR VEHICLE-TRANSPORT,21,CLEAR,4,DAWN,34,DITCH,CHARLOTTE PKE & FORREST VALLEY DR,NASHVILLE,TN,37221,4711,WEST,36.1052,-86.9441,POINT (-86.9441 36.1052)
20190265586,04/06/2019 03:37:00 PM,2,0,0,,Y,279225,11,Front to Rear,21,CLEAR,1,DAYLIGHT,12,MOTOR VEHICLE IN TRANSPORT,MURFREESBORO PKE & BELL RD,NASHVILLE,TN,37217,8939,HERMIT,36.0901,-86.6581,POINT (-86.6581 36.0901)
20190572480,08/01/2019 04:15:00 PM,2,0,0,,N,311333,6,SIDESWIPE - OPPOSITE DIRECTION,21,CLEAR,1,DAYLIGHT,12,MOTOR VEHICLE IN TRANSPORT,BURKITT RD & BATTLE RD,ANTIOCH,TN,37013,8771,SOUTH,36.0435,-86.6308,POINT (-86.6308 36.0435)
20190073850,01/28/2019 12:00:00 AM,2,1,0,,N,256441,11,Front to Rear,21,CLEAR,1,DAYLIGHT,12,MOTOR VEHICLE IN TRANSPORT,I65 S ENT RAMP & I 65,NASHVILLE,TN,37207,3007,NORTH,36.2057,-86.778,POINT (-86.778 36.2057)
20190156127,02/26/2019 03:33:00 PM,2,0,0,,N,256505,4,ANGLE,21,CLEAR,1,DAYLIGHT,12,MOTOR VEHICLE IN TRANSPORT,24TH AVS & ACKLEN AV,NASHVILLE,TN,37212,5825,MIDTOW,36.1357,-86.8053,POINT (-86.8053 36.1357)
20190194482,03/12/2019 02:49:00 PM,2,0,0,,N,256389,11,Front to Rear,21,CLEAR,1,DAYLIGHT,12,MOTOR VEHICLE IN TRANSPORT,CHURCH ST & 15TH AVN,NASHVILLE,TN,37203,5517,MIDTOW,36.1574,-86.7926,POINT (-86.7926 36.1574)
20190432394,06/06/2019 12:00:00 AM,2,0,0,,N,311333,4,ANGLE,22,CLOUDY,1,DAYLIGHT,12,MOTOR VEHICLE IN TRANSPORT,MURFREESBORO PKE & HURRICANE CREEK BLVD,ANTIOCH,TN,37013,8869,SOUTH,36.0302,-86.5926,POINT (-86.5926 36.0302)
20190331442,04/30/2019 08:55:00 AM,2,0,0,,N,330417,11,Front to Rear,21,CLEAR,1,DAYLIGHT,12,MOTOR VEHICLE IN TRANSPORT,OLD HICKORY BLVDW & GIBSON DR,MADISON,TN,37115,1773,MADISO,36.2637,-86.7182,POINT (-86.7182 36.2637)
20190299263,04/18/2019 01:38:00 PM,1,1,0,,Y,151131,0,NOT COLLISION W/MOTOR VEHICLE-TRANSPORT,21,CLEAR,1,DAYLIGHT,8,PEDESTRIAN,CHARLOTTE AV & 5TH AVN,NASHVILLE,TN,37219,4203,CENTRA,36.1659,-86.7819,POINT (-86.7819 36.1659)
20190157957,02/27/2019 07:50:00 AM,2,0,0,,N,226136,11,Front to Rear,22,CLOUDY,1,DAYLIGHT,12,MOTOR VEHICLE IN TRANSPORT,TUSCULUM RD & MCMURRAY DR,NASHVILLE,TN,37211,8655,MIDTOW,36.0583,-86.7217,POINT (-86.7217 36.0583)
20190486811,06/27/2019 03:17:00 PM,2,0,0,,Y,320583,11,Front to Rear,21,CLEAR,1,DAYLIGHT,12,MOTOR VEHICLE IN TRANSPORT,LINDSLEY AV & ANTHES DR,NASHVILLE,TN,37210,4003,CENTRA,36.1548,-86.7634,POINT (-86.7634 36.1548)
20190061844,01/24/2019 06:39:00 AM,4,0,0,,N,191578,11,Front to Rear,22,CLOUDY,4,DAWN,12,MOTOR VEHICLE IN TRANSPORT,MM 214 0 I 40,NASHVILLE,TN,37217,88020,HERMIT,36.1417,-86.7137,POINT (-86.7137 36.1417)
20190531623,07/16/2019 12:30:00 PM,2,1,0,,N,267831,4,ANGLE,22,CLOUDY,1,DAYLIGHT,12,MOTOR VEHICLE IN TRANSPORT,HIGHWAY 70S & HICKS RD,NASHVILLE,TN,37221,4811,WEST,36.0739,-86.9263,POINT (-86.9263 36.0739)
20190095230,02/05/2019 12:00:00 AM,3,0,0,,N,166477,5,SIDESWIPE - SAME DIRECTION,22,CLOUDY,3,DARK - LIGHTED,12;14,MOTOR VEHICLE IN TRANSPORT;PARKED MOTOR VEHICLE,BILLINGSGATE RD & CAVENDISH CT,ANTIOCH,TN,37013,8897,SOUTH,36.0774,-86.6657,POINT (-86.6657 36.0774)
20190273410,04/09/2019 04:44:00 PM,2,0,0,,N,197054,11,Front to Rear,21,CLEAR,1,DAYLIGHT,12,MOTOR VEHICLE IN TRANSPORT,BRILEY PKWYS & MURFREESBORO PKE,NASHVILLE,TN,37217,88942,HERMIT,36.1183,-86.7003,POINT (-86.7003 36.1183)
20190270558,04/08/2019 05:17:00 PM,2,0,0,,N,197435,4,ANGLE,22,CLOUDY,1,DAYLIGHT,12,MOTOR VEHICLE IN TRANSPORT,MCFERRIN AV & ELLINGTON PKWY S EXT RAMP,NASHVILLE,TN,37206,1903,EAST,36.1934,-86.7533,POINT (-86.7533 36.1934)
20190473404,06/22/2019 02:03:00 PM,2,0,0,Y,Y,887598,0,NOT COLLISION W/MOTOR VEHICLE-TRANSPORT,21,CLEAR,1,DAYLIGHT,12;34;60,MOTOR VEHICLE IN TRANSPORT;DITCH;Cargo Equip Loss/Shift,MM 35 1 I 24,JOELTON,TN,37080,3318,NORTH,36.3237,-86.8658,POINT (-86.8658 36.3237)
20190204067,03/15/2019 07:32:00 PM,2,0,0,,N,267831,11,Front to Rear,21,CLEAR,3,DARK - LIGHTED,12,MOTOR VEHICLE IN TRANSPORT,CHARLOTTE PKE & OLD HICKORY BLVD,NASHVILLE,TN,37209,4701,WEST,36.1177,-86.9218,POINT (-86.9218 36.1177)
20190361744,05/11/2019 02:36:00 PM,1,0,0,,N,256384,0,NOT COLLISION W/MOTOR VEHICLE-TRANSPORT,2,RAIN,1,DAYLIGHT,36,CONCRETE TRAFFIC BARRIER,MM 6 6 I 440,NASHVILLE,TN,37210,81040,SOUTH,36.1243,-86.7447,POINT (-86.7447 36.1243)
20190201241,03/14/2019 08:34:00 PM,4,0,0,,N,256383,11,Front to Rear,21,CLEAR,3,DARK - LIGHTED,12;7,MOTOR VEHICLE IN TRANSPORT,OLD HICKORY BLVD & NOLENSVILLE PKE,ANTIOCH,TN,37013,8757,SOUTH,36.0455,-86.7122,POINT (-86.7122 36.0455)
20190180478,03/07/2019 06:32:00 AM,2,0,0,,N,633390,98,OTHER,21,CLEAR,1,DAYLIGHT,12,MOTOR VEHICLE IN TRANSPORT,ROSEBANK AV & SHERIDAN RD,NASHVILLE,TN,37206,1357,EAST,36.1923,-86.7088,POINT (-86.7088 36.1923)
20190291506,04/16/2019 08:35:00 AM,2,1,0,,N,716886,11,Front to Rear,21,CLEAR,1,DAYLIGHT,12,MOTOR VEHICLE IN TRANSPORT,MM 56 1 I 24,NASHVILLE,TN,37211,88100,SOUTH,36.0813,-86.697,POINT (-86.697 36.0813)
20190203417,03/15/2019 02:44:00 PM,3,0,0,,N,134903,0,NOT COLLISION W/MOTOR VEHICLE-TRANSPORT,22,CLOUDY,1,DAYLIGHT,18;60,OTHER OBJECT (NOT FIXED);Cargo Equip Loss/Shift,MM 220 0 I 40,HERMITAGE,TN,37076,94021,HERMIT,36.1643,-86.6157,POINT (-86.6157 36.1643)
20190555397,07/25/2019 03:00:00 PM,2,0,0,,N,206672,5,SIDESWIPE - SAME DIRECTION,21,CLEAR,1,DAYLIGHT,12,MOTOR VEHICLE IN TRANSPORT,2ND AVS & LINDSLEY AV,NASHVILLE,TN,37210,4005,CENTRA,36.1524,-86.769,POINT (-86.769 36.1524)
20190449721,06/13/2019 12:50:00 PM,3,1,0,,N,140808,4,ANGLE,21,CLEAR,1,DAYLIGHT,12;13,MOTOR VEHICLE IN TRANSPORT;MOTOR VEHICLE IN TRANSPORT-OTHER ROADWAY,18TH AVN & CHURCH ST,NASHVILLE,TN,37203,5521,MIDTOW,36.155,-86.7975,POINT (-86.7975 36.155)
20190433519,06/07/2019 06:48:00 AM,2,0,0,,Y,191578,11,Front to Rear,2,RAIN,1,DAYLIGHT,12,MOTOR VEHICLE IN TRANSPORT,MM 211 2 I 40,NASHVILLE,TN,37210,8008,HERMIT,36.1535,-86.7564,POINT (-86.7564 36.1535)
20190115503,02/12/2019 09:42:00 AM,2,0,0,,N,226622,4,ANGLE,2,RAIN,1,DAYLIGHT,12,MOTOR VEHICLE IN TRANSPORT,BROOK HOLLOW RD & CHARLOTTE PKE,NASHVILLE,TN,37205,5013,WEST,36.1358,-86.8852,POINT (-86.8852 36.1358)
20190445412,06/12/2019 12:32:00 AM,2,0,0,,N,109542,5,SIDESWIPE - SAME DIRECTION,21,CLEAR,3,DARK - LIGHTED,12,MOTOR VEHICLE IN TRANSPORT,BROADWAY & 2ND AVN,NASHVILLE,TN,37201,4093,CENTRA,36.1618,-86.7754,POINT (-86.7754 36.1618)
20190362071,05/11/2019 05:51:00 PM,4,4,0,,N,240955,2,HEAD-ON,22,CLOUDY,1,DAYLIGHT,12;24,MOTOR VEHICLE IN TRANSPORT;GUARDRAIL FACE,MURFREESBORO PKE & RICE AV,NASHVILLE,TN,37217,8849,SOUTH,36.0963,-86.6558,POINT (-86.6558 36.0963)
20190234531,03/26/2019 01:01:00 PM,2,1,0,,N,212369,4,ANGLE,21,CLEAR,1,DAYLIGHT,12,MOTOR VEHICLE IN TRANSPORT,4TH AVS & OAK ST,NASHVILLE,TN,37210,8153,SOUTH,36.1492,-86.7695,POINT (-86.7695 36.1492)
20190460799,06/17/2019 11:47:00 PM,2,4,0,,N,311326,4,ANGLE,2,RAIN,3,DARK - LIGHTED,12,MOTOR VEHICLE IN TRANSPORT,ROSA L PARKS BLVD & VANTAGE WAY CT,NASHVILLE,TN,37228,4499,NORTH,36.191,-86.7989,POINT (-86.7989 36.191)
20190364664,05/13/2019 01:15:00 AM,2,1,0,Y,Y,200016,4,ANGLE,21,CLEAR,3,DARK - LIGHTED,12,MOTOR VEHICLE IN TRANSPORT,ROSA L PARKS BLVD & MONROE ST,NASHVILLE,TN,37208,4303,NORTH,36.1749,-86.7924,POINT (-86.7924 36.1749)
20190186430,03/09/2019 09:16:00 AM,2,0,0,,N,311804,4,ANGLE,22,CLOUDY,1,DAYLIGHT,14,PARKED MOTOR VEHICLE,COMMERCE ST & 2ND AVN,NASHVILLE,TN,37201,4101,CENTRA,36.1633,-86.7761,POINT (-86.7761 36.1633)
20190534908,07/17/2019 03:40:00 PM,3,0,0,,Y,330440,11,Front to Rear,21,CLEAR,1,DAYLIGHT,12,MOTOR VEHICLE IN TRANSPORT,DR D B TODD JR BLVD & JEFFERSON ST,NASHVILLE,TN,37208,5325,NORTH,36.1695,-86.8067,POINT (-86.8067 36.1695)
20190077284,01/29/2019 05:03:00 PM,2,0,0,,N,320599,4,ANGLE,21,CLEAR,3,DARK - LIGHTED,12,MOTOR VEHICLE IN TRANSPORT,OLD MURFREESBORO PKE & FAIRCLOTH LN,NASHVILLE,TN,37217,8947,HERMIT,36.1036,-86.6665,POINT (-86.6665 36.1036)
20190261888,04/05/2019 06:20:00 AM,2,0,0,,N,191573,5,SIDESWIPE - SAME DIRECTION,21,CLEAR,1,DAYLIGHT,12,MOTOR VEHICLE IN TRANSPORT,MM 209 3 I 40,NASHVILLE,TN,37203,40041,CENTRA,36.1537,-86.7878,POINT (-86.7878 36.1537)
20190324683,04/27/2019 12:43:00 PM,4,1,0,,N,279116,11,Front to Rear,22,CLOUDY,1,DAYLIGHT,12,MOTOR VEHICLE IN TRANSPORT,MM 4 3 I 440,NASHVILLE,TN,37204,7014,MIDTOW,36.1159,-86.783,POINT (-86.783 36.1159)
20190109388,02/10/2019 12:30:00 AM,2,1,0,,N,175719,4,ANGLE,22,CLOUDY,3,DARK - LIGHTED,12,MOTOR VEHICLE IN TRANSPORT,MAPLEWOOD TRC & W MAPLEWOOD LN,NASHVILLE,TN,37207,1807,EAST,36.2331,-86.7587,POINT (-86.7587 36.2331)
20190260933,04/04/2019 06:12:00 PM,2,0,0,,N,206675,4,ANGLE,21,CLEAR,3,DARK - LIGHTED,12,MOTOR VEHICLE IN TRANSPORT,DIVISION ST & LYLE AV,NASHVILLE,TN,37212,6711,MIDTOW,36.1501,-86.7964,POINT (-86.7964 36.1501)
20190356552,05/09/2019 02:11:00 PM,1,0,0,Y,N,256383,0,NOT COLLISION W/MOTOR VEHICLE-TRANSPORT,22,CLOUDY,1,DAYLIGHT,24,GUARDRAIL FACE,FRANKLIN LIMESTONE RD & BILLINGSGATE RD,NASHVILLE,TN,37217,8849,SOUTH,36.0785,-86.6743,POINT (-86.6743 36.0785)
20190321971,04/26/2019 08:50:00 AM,2,0,0,,Y,311804,4,ANGLE,21,CLEAR,1,DAYLIGHT,12,MOTOR VEHICLE IN TRANSPORT,MM 211 3 I 40,NASHVILLE,TN,37210,9002,HERMIT,36.1524,-86.7539,POINT (-86.7539 36.1524)
20190453387,06/14/2019 05:00:00 PM,2,0,0,,N,299266,11,Front to Rear,21,CLEAR,1,DAYLIGHT,12,MOTOR VEHICLE IN TRANSPORT,BRILEY PKWYN & BRILEY PKWYS,NASHVILLE,TN,37211,8404,SOUTH,36.1092,-86.727,POINT (-86.727 36.1092)
20190080177,01/30/2019 01:20:00 PM,2,1,0,,N,225773,11,Front to Rear,21,CLEAR,1,DAYLIGHT,12,MOTOR VEHICLE IN TRANSPORT,THOMPSON LN & BRANSFORD AV,NASHVILLE,TN,37204,8525,MIDTOW,36.1123,-86.767,POINT (-86.767 36.1123)
20190193345,03/12/2019 07:00:00 AM,2,0,0,,N,330431,6,SIDESWIPE - OPPOSITE DIRECTION,21,CLEAR,1,DAYLIGHT,12,MOTOR VEHICLE IN TRANSPORT,OLD HICKORY BLVD & HICKORY VALLEY CONDOS,ANTIOCH,TN,37013,8757,SOUTH,36.0457,-86.7091,POINT (-86.7091 36.0457)
20190371917,05/15/2019 12:25:00 PM,2,3,0,,N,352170,2,HEAD-ON,21,CLEAR,1,DAYLIGHT,13,MOTOR VEHICLE IN TRANSPORT-OTHER ROADWAY,28TH AVN & I40 W EXT RAMP,NASHVILLE,TN,37209,4521,NORTH,36.1652,-86.8201,POINT (-86.8201 36.1652)
20190237805,03/27/2019 02:46:00 PM,2,0,0,,N,212343,11,Front to Rear,21,CLEAR,1,DAYLIGHT,12,MOTOR VEHICLE IN TRANSPORT,MM 49 1 I 24,NASHVILLE,TN,37206,10040,EAST,36.1647,-86.7634,POINT (-86.7634 36.1647)
20190359164,05/10/2019 12:24:00 PM,2,0,0,,N,279113,2,HEAD-ON,21,CLEAR,1,DAYLIGHT,12,MOTOR VEHICLE IN TRANSPORT,SMITH SPRINGS RD & BELL RD,NASHVILLE,TN,37217,8965,HERMIT,36.0903,-86.6265,POINT (-86.6265 36.0903)
20190467267,06/20/2019 06:45:00 AM,1,0,0,,N,352184,0,NOT COLLISION W/MOTOR VEHICLE-TRANSPORT,22,CLOUDY,1,DAYLIGHT,33,CURB,CHURCH ST & GEORGE L DAVIS BLVD,NASHVILLE,TN,37203,4119,CENTRA,36.1587,-86.79,POINT (-86.79 36.1587)
20190024417,01/10/2019 08:09:00 AM,2,0,0,,Y,226673,5,SIDESWIPE - SAME DIRECTION,21,CLEAR,1,DAYLIGHT,12,MOTOR VEHICLE IN TRANSPORT,BROADWAY & 11TH AVN,NASHVILLE,TN,37203,4077,CENTRA,36.1574,-86.7856,POINT (-86.7856 36.1574)
20190387810,05/21/2019 11:00:00 AM,2,0,0,,N,676834,5,SIDESWIPE - SAME DIRECTION,21,CLEAR,1,DAYLIGHT,12,MOTOR VEHICLE IN TRANSPORT,CLARKSVILLE PKE & BUENA VISTA PKE,NASHVILLE,TN,37218,3135,NORTH,36.1935,-86.8309,POINT (-86.8309 36.1935)
20190390656,05/22/2019 08:30:00 AM,2,0,0,,N,109530,5,SIDESWIPE - SAME DIRECTION,21,CLEAR,1,DAYLIGHT,12,MOTOR VEHICLE IN TRANSPORT,LEA AV & 8TH AVS,NASHVILLE,TN,37203,4041,CENTRA,36.154,-86.7794,POINT (-86.7794 36.154)
20190522889,07/12/2019 05:05:00 PM,3,0,0,,N,676838,11,Front to Rear,21,CLEAR,1,DAYLIGHT,12,MOTOR VEHICLE IN TRANSPORT,MM 6 0 I 440,NASHVILLE,TN,37211,81060,MIDTOW,36.1217,-86.7565,POINT (-86.7565 36.1217)
20190546111,07/22/2019 07:21:00 AM,1,0,0,Y,N,226622,0,NOT COLLISION W/MOTOR VEHICLE-TRANSPORT,22,CLOUDY,1,DAYLIGHT,30,UTILITY POLE,OLD CHARLOTTE PKE & OLD CHARLOTTE PKE PV,PEGRAM,TN,37143,4715,WEST,36.1188,-86.9757,POINT (-86.9757 36.1188)
20190476603,06/24/2019 06:38:00 AM,3,0,0,,N,278580,11,Front to Rear,2,RAIN,1,DAYLIGHT,12,MOTOR VEHICLE IN TRANSPORT,MM 34 5 I 24,JOELTON,TN,37080,33160,NORTH,36.3249,-86.8751,POINT (-86.8751 36.3249)
20190326751,04/28/2019 01:42:00 PM,2,1,0,,N,584947,11,Front to Rear,21,CLEAR,1,DAYLIGHT,12,MOTOR VEHICLE IN TRANSPORT,OLD HICKORY BLVD & NOLENSVILLE PKE,ANTIOCH,TN,37013,8757,SOUTH,36.0455,-86.7122,POINT (-86.7122 36.0455)
20190225144,03/23/2019 12:45:00 AM,2,0,0,,N,311340,4,ANGLE,21,CLEAR,3,DARK - LIGHTED,12,MOTOR VEHICLE IN TRANSPORT,ELLISTON PL & 22ND AVN,NASHVILLE,TN,37203,5601,MIDTOW,36.1517,-86.8037,POINT (-86.8037 36.1517)
20190471247,06/21/2019 01:20:00 PM,2,0,0,,N,352156,4,ANGLE,21,CLEAR,1,DAYLIGHT,12,MOTOR VEHICLE IN TRANSPORT,WHISPERING HILLS DR & MCMURRAY DR,NASHVILLE,TN,37211,8659,MIDTOW,36.0612,-86.7213,POINT (-86.7213 36.0612)
20190497452,07/02/2019 03:50:00 AM,2,0,0,,N,256569,0,NOT COLLISION W/MOTOR VEHICLE-TRANSPORT,21,CLEAR,3,DARK - LIGHTED,31;63;7,"OTHER POST, POLE, SUPP.;Ran Off Road-Right",GALLATIN PKES & MOVING CENTER CT,MADISON,TN,37115,1507,MADISO,36.2509,-86.7184,POINT (-86.7184 36.2509)
20190281072,04/12/2019 08:41:00 AM,1,2,0,,N,332253,0,NOT COLLISION W/MOTOR VEHICLE-TRANSPORT,22,CLOUDY,1,DAYLIGHT,1;63;72,Ran Off Road-Right;EMBANKMENT ROCK/STONE/CONCRETE,OLD HICKORY BLVD & DICKERSON PKE,NASHVILLE,TN,37207,2133,MADISO,36.2694,-86.7564,POINT (-86.7564 36.2694)
20190493183,06/30/2019 11:20:00 AM,2,0,0,,N,311325,11,Front to Rear,21,CLEAR,1,DAYLIGHT,12,MOTOR VEHICLE IN TRANSPORT,MM 212 0 I 40,NASHVILLE,TN,37210,90041,HERMIT,36.147,-86.7433,POINT (-86.7433 36.147)
20190049428,01/19/2019 12:47:00 PM,3,0,0,,Y,311804,4,ANGLE,2,RAIN,1,DAYLIGHT,12;13;24;63,MOTOR VEHICLE IN TRANSPORT;MOTOR VEHICLE IN TRANSPORT-OTHER ROADWAY;GUARDRAIL FACE;Ran Off Road-Right,MM 47 6 I 24,NASHVILLE,TN,37207,1904,CENTRA,36.1803,-86.7744,POINT (-86.7744 36.1803)
20190543370,07/20/2019 10:55:00 PM,2,1,0,,N,173951,4,ANGLE,21,CLEAR,3,DARK - LIGHTED,12,MOTOR VEHICLE IN TRANSPORT,RIVERGATE MARKETPLACE PVTDR & GALLATIN P,MADISON,TN,37115,1731,MADISO,36.3037,-86.6898,POINT (-86.6898 36.3037)
20190368446,05/14/2019 09:45:00 AM,2,0,0,,N,693102,4,ANGLE,21,CLEAR,1,DAYLIGHT,12,MOTOR VEHICLE IN TRANSPORT,DABBS AV & ELISSA DR,NASHVILLE,TN,37217,8887,HERMIT,36.1422,-86.7053,POINT (-86.7053 36.1422)
20190146846,02/23/2019 12:00:00 AM,1,0,0,,Y,320578,9,UNKNOWN,2,RAIN,3,DARK - LIGHTED,99,UNKNOWN MOST HARMFUL EVENT,MM 58 2 I 24,ANTIOCH,TN,37013,87060,SOUTH,36.0564,-86.6761,POINT (-86.6761 36.0564)
20190056288,01/22/2019 09:50:00 AM,1,0,0,Y,N,311804,0,NOT COLLISION W/MOTOR VEHICLE-TRANSPORT,21,CLEAR,1,DAYLIGHT,18,OTHER OBJECT (NOT FIXED),CHURCH ST & POLK AV,NASHVILLE,TN,37203,4123,CENTRA,36.1618,-86.7834,POINT (-86.7834 36.1618)
20190250315,04/01/2019 07:57:00 AM,2,0,0,,N,676834,11,Front to Rear,21,CLEAR,1,DAYLIGHT,12,MOTOR VEHICLE IN TRANSPORT,I65 N EXT RAMP & I 65,NASHVILLE,TN,37207,1863,EAST,36.2057,-86.7747,POINT (-86.7747 36.2057)
20190436635,06/08/2019 12:41:00 PM,2,0,0,,N,279113,98,OTHER,22,CLOUDY,1,DAYLIGHT,12,MOTOR VEHICLE IN TRANSPORT,MM 211 8 I 40,NASHVILLE,TN,37210,90022,HERMIT,36.149,-86.7465,POINT (-86.7465 36.149)
20190100647,02/06/2019 03:25:00 PM,1,0,0,Y,N,279224,0,NOT COLLISION W/MOTOR VEHICLE-TRANSPORT,2,RAIN,1,DAYLIGHT,30,UTILITY POLE,WHITES CREEK PKE & AUCTION WAY,NASHVILLE,TN,37207,1913,EAST,36.1912,-86.7751,POINT (-86.7751 36.1912)
20190577247,08/03/2019 12:40:00 PM,2,0,0,,N,262757,5,SIDESWIPE - SAME DIRECTION,21,CLEAR,1,DAYLIGHT,12,MOTOR VEHICLE IN TRANSPORT,MM 212 0 I 40,NASHVILLE,TN,37210,90041,HERMIT,36.147,-86.7433,POINT (-86.7433 36.147)
20190401586,05/26/2019 03:35:00 AM,2,1,0,,Y,256493,4,ANGLE,21,CLEAR,3,DARK - LIGHTED,12;34;68,MOTOR VEHICLE IN TRANSPORT;DITCH;Cross Center Line,BELL RD & MOSSDALE DR,NASHVILLE,TN,37217,8937,HERMIT,36.0828,-86.6287,POINT (-86.6287 36.0828)
20190281289,04/12/2019 09:55:00 AM,2,0,0,,N,226136,11,Front to Rear,22,CLOUDY,1,DAYLIGHT,12,MOTOR VEHICLE IN TRANSPORT,EDMONDSON PKE & FRONTIER LN,NASHVILLE,TN,37211,8651,MIDTOW,36.0344,-86.7436,POINT (-86.7436 36.0344)
20190568168,07/31/2019 01:29:00 AM,1,3,0,Y,N,224437,0,NOT COLLISION W/MOTOR VEHICLE-TRANSPORT,21,CLEAR,3,DARK - LIGHTED,1;18;31;64,"OTHER OBJECT (NOT FIXED);OTHER POST, POLE, SUPP.;Ran Off Road-Left",2000 UNA ANTIOCH PKE,NASHVILLE,TN,37217,8853,SOUTH,36.0853,-86.6498,POINT (-86.6498 36.0853)
20190501331,07/03/2019 10:45:00 AM,2,0,0,,Y,420035,4,ANGLE,22,CLOUDY,1,DAYLIGHT,55,Motor Vehicle-In-Motion Outside Trafficw,W WEBSTER ST & GALLATIN PKES,MADISON,TN,37115,1783,MADISO,36.2519,-86.7177,POINT (-86.7177 36.2519)
20190480010,06/25/2019 12:00:00 PM,2,1,0,,N,716886,5,SIDESWIPE - SAME DIRECTION,21,CLEAR,1,DAYLIGHT,12;36,MOTOR VEHICLE IN TRANSPORT;CONCRETE TRAFFIC BARRIER,MM 58 1 I 24,ANTIOCH,TN,37013,88080,SOUTH,36.0572,-86.6767,POINT (-86.6767 36.0572)
20190011537,01/05/2019 08:22:00 AM,2,1,0,,N,620067,4,ANGLE,21,CLEAR,1,DAYLIGHT,12,MOTOR VEHICLE IN TRANSPORT,MURFREESBORO PKE & MOUNTAIN SPRINGS RD,ANTIOCH,TN,37013,8927,SOUTH,36.0478,-86.6121,POINT (-86.6121 36.0478)
20190178544,03/06/2019 03:34:00 PM,2,0,0,,N,267831,5,SIDESWIPE - SAME DIRECTION,21,CLEAR,1,DAYLIGHT,12,MOTOR VEHICLE IN TRANSPORT,HARDING PKE & VAUGHNS GAP RD,NASHVILLE,TN,37205,4913,WEST,36.0926,-86.8854,POINT (-86.8854 36.0926)