Accident Number,Date and Time,Number of Motor Vehicles,Number of Injuries,Number of Fatalities,Property Damage,Hit and Run,Reporting Officer,Collision Type Code,Collision Type Description,Weather Code,Weather Description,Illumination Code,Illumination Description,Harmful Code,Harmful Code Description,Street Address,City,State,ZIP,RPA,Precinct,Latitude,Longitude,Mapped Location
20190482521,06/26/2019 09:15:00 AM,1,0,0,Y,N,676834,0,NOT COLLISION W/MOTOR VEHICLE-TRANSPORT,21,CLEAR,1,DAYLIGHT,27,H-WAY TRAFFIC SIGNAL POST,ROSA L PARKS BLVD & LOCKLAYER ST,NASHVILLE,TN,37208,4239,NORTH,36.1714,-86.7902,POINT (-86.7902 36.1714)
20190569434,07/31/2019 12:48:00 PM,2,0,0,,N,191578,11,Front to Rear,21,CLEAR,1,DAYLIGHT,12,MOTOR VEHICLE IN TRANSPORT,MM 211 2 I 40,NASHVILLE,TN,37210,8008,HERMIT,36.1535,-86.7564,POINT (-86.7564 36.1535)
20190367928,05/14/2019 05:26:00 AM,1,1,0,Y,N,352179,0,NOT COLLISION W/MOTOR VEHICLE-TRANSPORT,21,CLEAR,1,DAYLIGHT,30,UTILITY POLE,DONELSON PKE & OLD EZELL RD,NASHVILLE,TN,37217,8841,SOUTH,36.0996,-86.6768,POINT (-86.6768 36.0996)
20190191765,03/11/2019 12:00:00 AM,3,0,0,,Y,298877,9,UNKNOWN,21,CLEAR,1,DAYLIGHT,12,MOTOR VEHICLE IN TRANSPORT,THOMPSON LN & NOLENSVILLE PKE,NASHVILLE,TN,37211,8425,SOUTH,36.1109,-86.7447,POINT (-86.7447 36.1109)
20190361556,05/11/2019 11:52:00 AM,2,0,0,,N,591933,11,Front to Rear,22,CLOUDY,1,DAYLIGHT,12,MOTOR VEHICLE IN TRANSPORT,MURFREESBORO PKE & LAKEVILLA DR,ANTIOCH,TN,37013,8861,SOUTH,36.0767,-86.6409,POINT (-86.6409 36.0767)
20190358569,05/10/2019 08:00:00 AM,2,0,0,,N,226092,4,ANGLE,22,CLOUDY,1,DAYLIGHT,12,MOTOR VEHICLE IN TRANSPORT,HERMAN ST & 24TH AVN,NASHVILLE,TN,37208,5319,NORTH,36.1622,-86.8112,POINT (-86.8112 36.1622)
20190206038,03/16/2019 04:30:00 PM,2,2,0,,N,256446,4,ANGLE,21,CLEAR,1,DAYLIGHT,12,MOTOR VEHICLE IN TRANSPORT,MURFREESBORO PKE & AIR FREIGHT BLVD,NASHVILLE,TN,37217,8841,SOUTH,36.1102,-86.6825,POINT (-86.6825 36.1102)
20190281608,04/12/2019 12:55:00 PM,2,0,0,,N,134899,4,ANGLE,21,CLEAR,1,DAYLIGHT,12,MOTOR VEHICLE IN TRANSPORT,ELM HILL PKE & DONELSON PKE,NASHVILLE,TN,37214,9411,HERMIT,36.1485,-86.6651,POINT (-86.6651 36.1485)
20190298172,04/18/2019 06:05:00 AM,2,0,0,,N,716886,6,SIDESWIPE - OPPOSITE DIRECTION,21,CLEAR,1,DAYLIGHT,12,MOTOR VEHICLE IN TRANSPORT,ANTIOCH PKE & SOUTHLAKE DR,NASHVILLE,TN,37211,8407,SOUTH,36.1009,-86.7307,POINT (-86.7307 36.1009)
20190126131,02/15/2019 05:38:00 PM,1,1,0,,N,330412,0,NOT COLLISION W/MOTOR VEHICLE-TRANSPORT,2,RAIN,2,DARK - NOT LIGHTED,8,PEDESTRIAN,HARDING PKE & ROYAL OAKS CONDOS PVTDR,NASHVILLE,TN,37205,6101,WEST,36.1235,-86.8497,POINT (-86.8497 36.1235)
20190224957,03/22/2019 11:29:00 PM,2,0,0,,N,284059,4,ANGLE,21,CLEAR,3,DARK - LIGHTED,12,MOTOR VEHICLE IN TRANSPORT,CREEKWOODN & KINGS LN,NASHVILLE,TN,37218,3147,NORTH,36.2175,-86.8463,POINT (-86.8463 36.2175)
20190486855,06/27/2019 08:07:00 PM,2,0,0,,N,256383,4,ANGLE,2,RAIN,3,DARK - LIGHTED,12,MOTOR VEHICLE IN TRANSPORT,MURFREESBORO PKE & BELL RD,ANTIOCH,TN,37013,8861,SOUTH,36.072,-86.636,POINT (-86.636 36.072)
20190060215,01/23/2019 05:31:00 PM,3,0,0,,Y,256422,4,ANGLE,2,RAIN,3,DARK - LIGHTED,12,MOTOR VEHICLE IN TRANSPORT,DR D B TODD JR BLVD & BUCHANAN ST,NASHVILLE,TN,37208,4413,NORTH,36.1805,-86.8112,POINT (-86.8112 36.1805)
20190471640,06/21/2019 04:57:00 PM,2,1,0,Y,N,579971,4,ANGLE,21,CLEAR,1,DAYLIGHT,12,MOTOR VEHICLE IN TRANSPORT,TRIMBLE ST & CLAIBORNE ST,NASHVILLE,TN,37210,8137,SOUTH,36.1463,-86.7615,POINT (-86.7615 36.1463)
20190202822,03/15/2019 10:10:00 AM,2,0,0,,N,226136,11,Front to Rear,22,CLOUDY,1,DAYLIGHT,12,MOTOR VEHICLE IN TRANSPORT,MM 80 0 I 65,NASHVILLE,TN,37204,7018,MIDTOW,36.1134,-86.7724,POINT (-86.7724 36.1134)
20190254305,04/02/2019 03:38:00 PM,2,0,0,,N,690942,4,ANGLE,21,CLEAR,1,DAYLIGHT,12,MOTOR VEHICLE IN TRANSPORT,MM 85 5 I 65,NASHVILLE,TN,37208,4304,CENTRA,36.1888,-86.793,POINT (-86.793 36.1888)
20190059293,01/23/2019 10:19:00 AM,1,1,0,Y,N,665896,0,NOT COLLISION W/MOTOR VEHICLE-TRANSPORT,2,RAIN,1,DAYLIGHT,19;71,BUILDING;EMBANKMENT EARTH,900 FAIRWIN AV,NASHVILLE,TN,37216,1879,EAST,36.2002,-86.748,POINT (-86.748 36.2002)
20190342819,05/04/2019 11:00:00 AM,3,0,0,,N,279122,4,ANGLE,2,RAIN,1,DAYLIGHT,12,MOTOR VEHICLE IN TRANSPORT,MM 34 6 I 24,JOELTON,TN,37080,2304,NORTH,36.3251,-86.8741,POINT (-86.8741 36.3251)
20190235244,03/26/2019 05:20:00 PM,2,1,0,,N,279200,5,SIDESWIPE - SAME DIRECTION,21,CLEAR,1,DAYLIGHT,12,MOTOR VEHICLE IN TRANSPORT,8TH AVS & DREXEL ST,NASHVILLE,TN,37203,4023,CENTRA,36.1528,-86.7793,POINT (-86.7793 36.1528)
20190113593,02/11/2019 06:39:00 PM,2,0,0,,N,179606,11,Front to Rear,2,RAIN,3,DARK - LIGHTED,12,MOTOR VEHICLE IN TRANSPORT,MM 5 8 I 440,NASHVILLE,TN,37204,83062,MIDTOW,36.1217,-86.7596,POINT (-86.7596 36.1217)
20190041452,01/16/2019 02:47:00 PM,2,0,0,,N,256389,4,ANGLE,21,CLEAR,1,DAYLIGHT,12,MOTOR VEHICLE IN TRANSPORT,3812 HILLSBORO PKE,NASHVILLE,TN,37215,6411,MIDTOW,36.1083,-86.8123,POINT (-86.8123 36.1083)
20190341139,05/03/2019 04:48:00 PM,2,0,0,,N,299267,4,ANGLE,21,CLEAR,1,DAYLIGHT,12,MOTOR VEHICLE IN TRANSPORT,OLD HICKORY BLVD & WOODLAND HILLS DR,NASHVILLE,TN,37211,8651,MIDTOW,36.0387,-86.731,POINT (-86.731 36.0387)
20190222827,03/22/2019 07:39:00 AM,2,1,0,,N,191578,11,Front to Rear,21,CLEAR,1,DAYLIGHT,12,MOTOR VEHICLE IN TRANSPORT,MURFREESBORO PKE & CLEVELAND AV,NASHVILLE,TN,37210,8161,SOUTH,36.1421,-86.7423,POINT (-86.7423 36.1421)
20190171395,03/04/2019 12:50:00 PM,1,0,0,Y,N,716886,0,NOT COLLISION W/MOTOR VEHICLE-TRANSPORT,21,CLEAR,1,DAYLIGHT,18;34,OTHER OBJECT (NOT FIXED);DITCH,NOLENSVILLE PKE & PETTUS RD,ANTIOCH,TN,37013,8767,SOUTH,35.9955,-86.6879,POINT (-86.6879 35.9955)
20190434381,06/07/2019 02:05:00 PM,2,0,0,,N,226622,11,Front to Rear,22,CLOUDY,1,DAYLIGHT,12,MOTOR VEHICLE IN TRANSPORT,HIGHWAY 70S & OLD HARDING PKE,NASHVILLE,TN,37221,4901,WEST,36.0743,-86.9215,POINT (-86.9215 36.0743)
20190308421,04/22/2019 07:59:00 AM,2,0,0,,N,226136,4,ANGLE,21,CLEAR,1,DAYLIGHT,12,MOTOR VEHICLE IN TRANSPORT,18TH AVN & PATTERSON ST,NASHVILLE,TN,37203,5505,MIDTOW,36.1569,-86.799,POINT (-86.799 36.1569)
20190359804,05/10/2019 04:05:00 PM,2,0,0,,Y,352215,11,Front to Rear,22,CLOUDY,1,DAYLIGHT,12,MOTOR VEHICLE IN TRANSPORT,OLD HICKORY BLVD & CHANDLER PL,HERMITAGE,TN,37076,9561,HERMIT,36.183,-86.6093,POINT (-86.6093 36.183)
20190574742,08/02/2019 12:52:00 PM,2,1,0,,N,156307,4,ANGLE,21,CLEAR,1,DAYLIGHT,13,MOTOR VEHICLE IN TRANSPORT-OTHER ROADWAY,10TH AVN & REV DR ENOCH JONES BLVD,NASHVILLE,TN,37208,4303,NORTH,36.173,-86.7952,POINT (-86.7952 36.173)
20190487129,06/27/2019 10:30:00 PM,1,0,0,,Y,209173,0,NOT COLLISION W/MOTOR VEHICLE-TRANSPORT,21,CLEAR,2,DARK - NOT LIGHTED,40,MAIL BOX,HIGHWAY 70 & NEWSOM STATION RD,NASHVILLE,TN,37221,4713,WEST,36.0916,-86.995,POINT (-86.995 36.0916)
20190150115,02/24/2019 02:54:00 PM,1,0,0,,N,299241,0,NOT COLLISION W/MOTOR VEHICLE-TRANSPORT,21,CLEAR,1,DAYLIGHT,50,DEER (ANIMAL),STATE HWY 45 & RAMP,NASHVILLE,TN,37207,2133,MADISO,36.2693,-86.7562,POINT (-86.7562 36.2693)
20190224937,03/22/2019 12:00:00 AM,2,0,0,,Y,332215,4,ANGLE,21,CLEAR,9,UNKNOWN,12;15,MOTOR VEHICLE IN TRANSPORT;OTHER TYPE NON-MOTORIST,MUSIC SQE & CHET ATKINS PL,NASHVILLE,TN,37203,6715,MIDTOW,36.1484,-86.7922,POINT (-86.7922 36.1484)
20190580292,08/05/2019 12:50:00 AM,2,1,0,Y,N,298859,11,Front to Rear,21,CLEAR,3,DARK - LIGHTED,12;18,MOTOR VEHICLE IN TRANSPORT;OTHER OBJECT (NOT FIXED),EXIT 212 & I 40,NASHVILLE,TN,37210,9005,HERMIT,36.1516,-86.7515,POINT (-86.7515 36.1516)
20190519943,07/11/2019 01:25:00 PM,1,0,0,Y,N,633370,0,NOT COLLISION W/MOTOR VEHICLE-TRANSPORT,21,CLEAR,1,DAYLIGHT,29;36,LUMINAIRE/LIGHT SUPPORT;CONCRETE TRAFFIC BARRIER,MM 203 3 I 40,NASHVILLE,TN,37209,46021,WEST,36.1503,-86.8686,POINT (-86.8686 36.1503)
20190200729,03/14/2019 03:34:00 PM,2,0,0,,Y,279124,11,Front to Rear,21,CLEAR,1,DAYLIGHT,12,MOTOR VEHICLE IN TRANSPORT,MM 56 7 I 24,NASHVILLE,TN,37211,8810,SOUTH,36.0726,-86.6916,POINT (-86.6916 36.0726)
20190091623,02/03/2019 05:43:00 PM,2,1,0,,N,179583,5,SIDESWIPE - SAME DIRECTION,21,CLEAR,3,DARK - LIGHTED,12,MOTOR VEHICLE IN TRANSPORT,CAMERON ST & 2ND AVS,NASHVILLE,TN,37210,8153,SOUTH,36.1483,-86.767,POINT (-86.767 36.1483)
20190422021,06/03/2019 05:20:00 AM,2,0,0,Y,N,320602,0,NOT COLLISION W/MOTOR VEHICLE-TRANSPORT,21,CLEAR,1,DAYLIGHT,16;40,THROWN OR FALLING OBJECT;MAIL BOX,CENTRAL PKE & N NEW HOPE RD,HERMITAGE,TN,37076,9541,HERMIT,36.1776,-86.6059,POINT (-86.6059 36.1776)
20190208272,03/17/2019 05:40:00 PM,2,0,0,,N,298860,4,ANGLE,21,CLEAR,1,DAYLIGHT,12,MOTOR VEHICLE IN TRANSPORT,PRINCETON PL & OLD HICKORY BLVD,HERMITAGE,TN,37076,9557,HERMIT,36.1727,-86.6019,POINT (-86.6019 36.1727)
20190295821,04/17/2019 01:12:00 PM,1,0,0,Y,N,267831,0,NOT COLLISION W/MOTOR VEHICLE-TRANSPORT,22,CLOUDY,1,DAYLIGHT,40,MAIL BOX,STIRRUP DR & WAGON CT,NASHVILLE,TN,37221,4815,WEST,36.0785,-86.9323,POINT (-86.9323 36.0785)
20190489114,06/28/2019 04:06:00 PM,2,0,0,,N,240982,4,ANGLE,21,CLEAR,1,DAYLIGHT,12,MOTOR VEHICLE IN TRANSPORT,3RD AVS & DEMONBREUN ST,NASHVILLE,TN,37201,4065,CENTRA,36.16,-86.7747,POINT (-86.7747 36.16)
20190309125,04/22/2019 01:00:00 PM,2,0,0,,N,420035,4,ANGLE,21,CLEAR,1,DAYLIGHT,12,MOTOR VEHICLE IN TRANSPORT,NEELYS BEND RD & NEELYS CHASE DR,MADISON,TN,37115,1627,MADISO,36.255,-86.7023,POINT (-86.7023 36.255)
20190083206,01/31/2019 11:35:00 AM,2,0,0,,N,716886,11,Front to Rear,21,CLEAR,1,DAYLIGHT,12,MOTOR VEHICLE IN TRANSPORT,HARDING PL & MCGAVOCK PKE,NASHVILLE,TN,37211,8847,SOUTH,36.0896,-86.6884,POINT (-86.6884 36.0896)
20190394717,05/23/2019 01:55:00 PM,2,0,0,,Y,414711,11,Front to Rear,21,CLEAR,1,DAYLIGHT,12,MOTOR VEHICLE IN TRANSPORT,HARDING PKE & ROYAL OAKS CONDOS PVTDR,NASHVILLE,TN,37205,6101,WEST,36.1235,-86.8497,POINT (-86.8497 36.1235)
20190123675,02/14/2019 09:34:00 PM,2,0,0,,N,256422,4,ANGLE,21,CLEAR,3,DARK - LIGHTED,12,MOTOR VEHICLE IN TRANSPORT,DR D B TODD JR BLVD & HEIMAN ST,NASHVILLE,TN,37208,4481,NORTH,36.1714,-86.8074,POINT (-86.8074 36.1714)
20190448741,06/13/2019 06:11:00 AM,2,0,0,,N,110062,4,ANGLE,21,CLEAR,4,DAWN,12,MOTOR VEHICLE IN TRANSPORT,8TH AVS & LAFAYETTE ST,NASHVILLE,TN,37203,4043,CENTRA,36.1546,-86.7792,POINT (-86.7792 36.1546)
20190403100,05/26/2019 10:25:00 PM,2,0,0,,N,220884,5,SIDESWIPE - SAME DIRECTION,21,CLEAR,3,DARK - LIGHTED,12,MOTOR VEHICLE IN TRANSPORT,GALLATIN PKES & DUE WEST AVE,MADISON,TN,37115,1507,MADISO,36.2487,-86.7199,POINT (-86.7199 36.2487)
20190571402,08/01/2019 07:30:00 AM,2,0,0,,N,693093,5,SIDESWIPE - SAME DIRECTION,21,CLEAR,1,DAYLIGHT,12,MOTOR VEHICLE IN TRANSPORT,MM 88 4 I 65,NASHVILLE,TN,37207,30040,NORTH,36.2217,-86.7746,POINT (-86.7746 36.2217)
20190067158,01/25/2019 11:35:00 PM,2,0,0,,N,279213,5,SIDESWIPE - SAME DIRECTION,21,CLEAR,3,DARK - LIGHTED,12,MOTOR VEHICLE IN TRANSPORT,I65 N ENT RAMP & BRILEY PKWY W EXT RAMP,MADISON,TN,37115,15941,MADISO,36.2381,-86.7363,POINT (-86.7363 36.2381)
20190108558,02/09/2019 12:00:00 AM,2,0,0,,Y,298867,5,SIDESWIPE - SAME DIRECTION,21,CLEAR,2,DARK - NOT LIGHTED,12;14,MOTOR VEHICLE IN TRANSPORT;PARKED MOTOR VEHICLE,CONEY ST & MAYNOR AV,NASHVILLE,TN,37216,1837,EAST,36.2084,-86.7402,POINT (-86.7402 36.2084)
20190522408,07/12/2019 01:18:00 PM,2,0,0,,Y,311339,5,SIDESWIPE - SAME DIRECTION,21,CLEAR,1,DAYLIGHT,12,MOTOR VEHICLE IN TRANSPORT,MM 215 5 I 40,NASHVILLE,TN,37217,89020,HERMIT,36.1432,-86.6865,POINT (-86.6865 36.1432)
20190184246,03/08/2019 12:12:00 PM,2,0,0,,N,134899,4,ANGLE,2,RAIN,1,DAYLIGHT,12,MOTOR VEHICLE IN TRANSPORT,ELM HILL PKE & AIR LANE DR,NASHVILLE,TN,37210,9031,HERMIT,36.1457,-86.7061,POINT (-86.7061 36.1457)
20190364136,05/12/2019 06:15:00 PM,1,0,0,,N,824610,0,NOT COLLISION W/MOTOR VEHICLE-TRANSPORT,22,CLOUDY,1,DAYLIGHT,50,DEER (ANIMAL),OLD HICKORY BLVD & SOUTHFORK BLVD,OLD HICKORY,TN,37138,9617,HERMIT,36.2208,-86.6249,POINT (-86.6249 36.2208)
20190022632,01/09/2019 04:55:00 PM,3,0,0,,N,279224,4,ANGLE,21,CLEAR,1,DAYLIGHT,55,Motor Vehicle-In-Motion Outside Trafficw,SLATE DR & ARROWHEAD DR,NASHVILLE,TN,37216,1805,EAST,36.2372,-86.7479,POINT (-86.7479 36.2372)
20190250618,04/01/2019 10:20:00 AM,1,0,0,Y,N,226622,0,NOT COLLISION W/MOTOR VEHICLE-TRANSPORT,21,CLEAR,1,DAYLIGHT,19,BUILDING,CHARLOTTE PKE & CHARLOTTE ROAD CIR,NASHVILLE,TN,37209,5025,WEST,36.1423,-86.8756,POINT (-86.8756 36.1423)
20190169713,03/03/2019 10:54:00 PM,2,0,0,,Y,212342,5,SIDESWIPE - SAME DIRECTION,21,CLEAR,3,DARK - LIGHTED,12,MOTOR VEHICLE IN TRANSPORT,HICKORY HOLLOW PKWY & BELL RD,ANTIOCH,TN,37013,8863,SOUTH,36.0475,-86.656,POINT (-86.656 36.0475)
20190343144,05/04/2019 03:20:00 PM,2,0,0,,N,433550,5,SIDESWIPE - SAME DIRECTION,22,CLOUDY,1,DAYLIGHT,12,MOTOR VEHICLE IN TRANSPORT,RAINER DR & CASCADE DR,OLD HICKORY,TN,37138,9729,HERMIT,36.2279,-86.5915,POINT (-86.5915 36.2279)
20190328697,04/29/2019 09:49:00 AM,2,0,0,,N,716886,11,Front to Rear,21,CLEAR,1,DAYLIGHT,12,MOTOR VEHICLE IN TRANSPORT,MM 52 5 I 24,NASHVILLE,TN,37217,8816,SOUTH,36.1256,-86.7279,POINT (-86.7279 36.1256)
20190559975,07/27/2019 02:04:00 PM,2,2,0,,N,320575,4,ANGLE,21,CLEAR,1,DAYLIGHT,12,MOTOR VEHICLE IN TRANSPORT,FRANKLIN LIMESTONE RD & MURFREESBORO PKE,NASHVILLE,TN,37217,8853,SOUTH,36.0944,-86.6534,POINT (-86.6534 36.0944)
20190119643,02/13/2019 02:20:00 PM,2,0,0,,N,134899,11,Front to Rear,21,CLEAR,1,DAYLIGHT,12,MOTOR VEHICLE IN TRANSPORT,FESSLERS LN & ELM HILL PKE,NASHVILLE,TN,37210,8211,HERMIT,36.1456,-86.744,POINT (-86.744 36.1456)
20190431124,06/06/2019 09:03:00 AM,2,0,0,,N,834798,11,Front to Rear,21,CLEAR,1,DAYLIGHT,12,MOTOR VEHICLE IN TRANSPORT,MM 210 5 I 40,NASHVILLE,TN,37210,8202,HERMIT,36.1522,-86.7669,POINT (-86.7669 36.1522)
20190173545,03/05/2019 04:49:00 AM,1,0,0,,N,311336,0,NOT COLLISION W/MOTOR VEHICLE-TRANSPORT,21,CLEAR,2,DARK - NOT LIGHTED,18,OTHER OBJECT (NOT FIXED),ELLINGTON PKWYS & BROADMOOR DR,NASHVILLE,TN,37216,1880,EAST,36.2307,-86.7477,POINT (-86.7477 36.2307)
20190457930,06/16/2019 09:27:00 PM,2,1,0,Y,N,429193,4,ANGLE,21,CLEAR,2,DARK - NOT LIGHTED,12;39,MOTOR VEHICLE IN TRANSPORT;WALL,OLD CHARLOTTE PKE & POND CREEK RD,NASHVILLE,TN,37209,4707,WEST,36.1185,-87.0014,POINT (-87.0014 36.1185)
20190356330,05/09/2019 12:00:00 AM,2,0,0,,N,245532,4,ANGLE,2,RAIN,1,DAYLIGHT,12,MOTOR VEHICLE IN TRANSPORT,ROSA L PARKS BLVD & HARRISON ST,NASHVILLE,TN,37208,4219,CENTRA,36.1685,-86.7883,POINT (-86.7883 36.1685)
20190158309,02/27/2019 10:25:00 AM,2,1,0,Y,N,473670,0,NOT COLLISION W/MOTOR VEHICLE-TRANSPORT,21,CLEAR,1,DAYLIGHT,14;30,PARKED MOTOR VEHICLE;UTILITY POLE,GALLATIN AV & CAHAL AV,NASHVILLE,TN,37206,1331,EAST,36.196,-86.7426,POINT (-86.7426 36.196)
20190368929,05/14/2019 01:45:00 PM,2,0,0,,N,110063,5,SIDESWIPE - SAME DIRECTION,21,CLEAR,1,DAYLIGHT,12,MOTOR VEHICLE IN TRANSPORT,MM 86 5 I 65,NASHVILLE,TN,37207,3006,NORTH,36.1946,-86.7762,POINT (-86.7762 36.1946)
20190037426,01/15/2019 08:46:00 AM,2,0,0,,N,212325,11,Front to Rear,22,CLOUDY,1,DAYLIGHT,12,MOTOR VEHICLE IN TRANSPORT,MM 88 8 I 65,NASHVILLE,TN,37207,20021,MADISO,36.2285,-86.7727,POINT (-86.7727 36.2285)
20190492637,06/30/2019 12:00:00 AM,1,1,0,,N,299248,0,NOT COLLISION W/MOTOR VEHICLE-TRANSPORT,21,CLEAR,3,DARK - LIGHTED,34,DITCH,MURFREESBORO PKE & FOOTHILL DR,NASHVILLE,TN,37217,8801,SOUTH,36.1314,-86.7172,POINT (-86.7172 36.1314)
20190100814,02/06/2019 04:55:00 PM,2,0,0,,N,725756,11,Front to Rear,2,RAIN,1,DAYLIGHT,12,MOTOR VEHICLE IN TRANSPORT,MM 200 8 I 40,NASHVILLE,TN,37209,4708,WEST,36.1281,-86.9012,POINT (-86.9012 36.1281)
20190077583,01/29/2019 07:23:00 PM,1,1,0,,N,449286,0,NOT COLLISION W/MOTOR VEHICLE-TRANSPORT,21,CLEAR,2,DARK - NOT LIGHTED,43;63,OTHER FIXED OBJECTS;Ran Off Road-Right,MM 38 0 I 24,WHITES CREEK,TN,37189,2212,NORTH,36.3083,-86.8217,POINT (-86.8217 36.3083)
20190127920,02/16/2019 12:55:00 PM,2,0,0,,N,481573,5,SIDESWIPE - SAME DIRECTION,22,CLOUDY,1,DAYLIGHT,12,MOTOR VEHICLE IN TRANSPORT,MM 85 4 I 65,NASHVILLE,TN,37208,43042,NORTH,36.1875,-86.7947,POINT (-86.7947 36.1875)
20190479755,06/25/2019 09:30:00 AM,1,0,0,,N,352173,0,NOT COLLISION W/MOTOR VEHICLE-TRANSPORT,21,CLEAR,1,DAYLIGHT,18,OTHER OBJECT (NOT FIXED),BRILEY PKWYN & BRILEY PKWYS,NASHVILLE,TN,37211,8404,SOUTH,36.1092,-86.727,POINT (-86.727 36.1092)
20190096947,02/05/2019 01:06:00 PM,2,0,0,,Y,690942,4,ANGLE,21,CLEAR,1,DAYLIGHT,14;99,PARKED MOTOR VEHICLE;UNKNOWN MOST HARMFUL EVENT,2ND AVN & CHURCH ST,NASHVILLE,TN,37201,4133,CENTRA,36.1646,-86.7769,POINT (-86.7769 36.1646)
20190049357,01/19/2019 11:30:00 AM,2,0,0,,N,320592,11,Front to Rear,2,RAIN,1,DAYLIGHT,12,MOTOR VEHICLE IN TRANSPORT,DODSON CHAPEL RD & OLD HICKORY BLVD,HERMITAGE,TN,37076,9561,HERMIT,36.1835,-86.6108,POINT (-86.6108 36.1835)
20190388304,05/21/2019 12:00:00 AM,2,0,0,,N,256379,4,ANGLE,21,CLEAR,1,DAYLIGHT,12,MOTOR VEHICLE IN TRANSPORT,GLENROSE AV & FOSTER AV,NASHVILLE,TN,37210,8105,SOUTH,36.1254,-86.7424,POINT (-86.7424 36.1254)
20190063085,01/24/2019 03:30:00 PM,2,0,0,,Y,714641,5,SIDESWIPE - SAME DIRECTION,21,CLEAR,1,DAYLIGHT,12,MOTOR VEHICLE IN TRANSPORT,JAMES ROBERTSON PKWY & 3RD AVN,NASHVILLE,TN,37201,4201,CENTRA,36.1673,-86.7792,POINT (-86.7792 36.1673)
20190301992,04/19/2019 12:38:00 PM,2,0,0,,N,876581,4,ANGLE,2,RAIN,1,DAYLIGHT,12,MOTOR VEHICLE IN TRANSPORT,EWING DR & RICHMOND HILL DR,NASHVILLE,TN,37207,2001,MADISO,36.2303,-86.7738,POINT (-86.7738 36.2303)
20190346654,05/06/2019 08:00:00 AM,1,1,0,Y,N,299249,0,NOT COLLISION W/MOTOR VEHICLE-TRANSPORT,21,CLEAR,1,DAYLIGHT,40,MAIL BOX,TYLER DR & TERRY LN,HERMITAGE,TN,37076,9507,HERMIT,36.1998,-86.6141,POINT (-86.6141 36.1998)
20190511787,07/08/2019 07:59:00 AM,2,0,0,,N,352173,11,Front to Rear,21,CLEAR,1,DAYLIGHT,12,MOTOR VEHICLE IN TRANSPORT,MURFREESBORO PKE & RURAL HILL RD,ANTIOCH,TN,37013,8861,SOUTH,36.0745,-86.6387,POINT (-86.6387 36.0745)
20190238916,03/27/2019 11:16:00 PM,2,0,0,,Y,110090,5,SIDESWIPE - SAME DIRECTION,21,CLEAR,3,DARK - LIGHTED,12,MOTOR VEHICLE IN TRANSPORT,MM 59 8 I 24,ANTIOCH,TN,37013,88060,SOUTH,36.0422,-86.6533,POINT (-86.6533 36.0422)
20190512932,07/08/2019 08:46:00 PM,2,0,0,,N,256383,5,SIDESWIPE - SAME DIRECTION,21,CLEAR,2,DARK - NOT LIGHTED,12,MOTOR VEHICLE IN TRANSPORT,KEELEY DR & BRENDA LN,ANTIOCH,TN,37013,8713,SOUTH,36.0594,-86.6942,POINT (-86.6942 36.0594)
20190438889,06/09/2019 02:57:00 PM,2,0,0,,N,311332,11,Front to Rear,21,CLEAR,1,DAYLIGHT,12,MOTOR VEHICLE IN TRANSPORT,ANNEX AV & CABOT DR,NASHVILLE,TN,37209,4693,WEST,36.1419,-86.8858,POINT (-86.8858 36.1419)
20190390953,05/22/2019 10:33:00 AM,3,1,0,,N,419952,4,ANGLE,21,CLEAR,1,DAYLIGHT,12,MOTOR VEHICLE IN TRANSPORT,WOODMONT BLVD & WOODMONT CIR,NASHVILLE,TN,37205,6101,WEST,36.1184,-86.8416,POINT (-86.8416 36.1184)
20190387608,05/21/2019 08:30:00 AM,2,0,0,,Y,134899,11,Front to Rear,21,CLEAR,1,DAYLIGHT,12,MOTOR VEHICLE IN TRANSPORT,BRILEY PKWY & KNIGHTS OF COLUMBUS BLVD,NASHVILLE,TN,37217,8998,HERMIT,36.1395,-86.7002,POINT (-86.7002 36.1395)
20190489798,06/28/2019 10:21:00 PM,1,0,0,,Y,212322,0,NOT COLLISION W/MOTOR VEHICLE-TRANSPORT,21,CLEAR,2,DARK - NOT LIGHTED,36,CONCRETE TRAFFIC BARRIER,EAST THOMPSON LN & LAWNDALE DR,NASHVILLE,TN,37217,8879,SOUTH,36.1223,-86.7176,POINT (-86.7176 36.1223)
20190519917,07/11/2019 12:00:00 AM,1,1,0,,N,298868,0,NOT COLLISION W/MOTOR VEHICLE-TRANSPORT,21,CLEAR,1,DAYLIGHT,33,CURB,TENNESSEE AV & 48TH AVN,NASHVILLE,TN,37209,4573,WEST,36.1611,-86.8458,POINT (-86.8458 36.1611)
20190480272,06/25/2019 01:50:00 PM,2,1,0,,Y,267831,5,SIDESWIPE - SAME DIRECTION,21,CLEAR,1,DAYLIGHT,12,MOTOR VEHICLE IN TRANSPORT,49TH AVN & CHARLOTTE AV,NASHVILLE,TN,37209,5127,WEST,36.1521,-86.846,POINT (-86.846 36.1521)
20190501711,07/03/2019 01:28:00 PM,2,1,0,,N,462474,5,SIDESWIPE - SAME DIRECTION,22,CLOUDY,1,DAYLIGHT,12,MOTOR VEHICLE IN TRANSPORT,20TH AVN & MURPHY AV,NASHVILLE,TN,37203,5507,MIDTOW,36.1562,-86.8029,POINT (-86.8029 36.1562)
20190335346,05/01/2019 02:02:00 PM,2,0,0,,N,267831,4,ANGLE,22,CLOUDY,1,DAYLIGHT,12,MOTOR VEHICLE IN TRANSPORT,HILLSBORO PKE & GREEN HILLS VILLAGE DR,NASHVILLE,TN,37215,6411,MIDTOW,36.107,-86.8132,POINT (-86.8132 36.107)