Accident Number,Date and Time,Number of Motor Vehicles,Number of Injuries,Number of Fatalities,Property Damage,Hit and Run,Reporting Officer,Collision Type Code,Collision Type Description,Weather Code,Weather Description,Illumination Code,Illumination Description,Harmful Code,Harmful Code Description,Street Address,City,State,ZIP,RPA,Precinct,Latitude,Longitude,Mapped Location
20190468040,06/20/2019 11:53:00 AM,2,0,0,,N,352178,5,SIDESWIPE - SAME DIRECTION,22,CLOUDY,1,DAYLIGHT,12,MOTOR VEHICLE IN TRANSPORT,21ST AVN & STATE ST,NASHVILLE,TN,37203,5509,MIDTOW,36.1534,-86.8034,POINT (-86.8034 36.1534)
20190021469,01/09/2019 09:05:00 AM,2,0,0,,N,594473,11,Front to Rear,21,CLEAR,1,DAYLIGHT,12,MOTOR VEHICLE IN TRANSPORT,OLD HICKORY BLVD & FRANKLIN PKE,NASHVILLE,TN,37220,7111,MIDTOW,36.0374,-86.7864,POINT (-86.7864 36.0374)
20190529080,07/15/2019 01:36:00 PM,2,0,0,,N,109534,11,Front to Rear,22,CLOUDY,1,DAYLIGHT,12,MOTOR VEHICLE IN TRANSPORT,MURFREESBORO PKE & WILHAGAN RD,NASHVILLE,TN,37217,8801,SOUTH,36.1325,-86.7193,POINT (-86.7193 36.1325)
20190370440,05/14/2019 06:15:00 PM,1,0,0,Y,Y,352156,0,NOT COLLISION W/MOTOR VEHICLE-TRANSPORT,21,CLEAR,1,DAYLIGHT,40,MAIL BOX,0 STECOAH ST,ANTIOCH,TN,37013,8767,SOUTH,36.0105,-86.6874,POINT (-86.6874 36.0105)
20190057476,01/22/2019 06:20:00 PM,3,0,0,,N,256422,11,Front to Rear,21,CLEAR,3,DARK - LIGHTED,12,MOTOR VEHICLE IN TRANSPORT,MM 207 9 I 40,NASHVILLE,TN,37208,54022,NORTH,36.1693,-86.7972,POINT (-86.7972 36.1693)
20190471410,06/21/2019 12:00:00 PM,2,0,0,,Y,161939,9,UNKNOWN,21,CLEAR,1,DAYLIGHT,14,PARKED MOTOR VEHICLE,BOWFIELD DR & DEBRA DR,ANTIOCH,TN,37013,8855,SOUTH,36.0649,-86.6664,POINT (-86.6664 36.0649)
20190475805,06/23/2019 09:42:00 PM,2,0,0,,Y,320597,11,Front to Rear,21,CLEAR,1,DAYLIGHT,12;24,MOTOR VEHICLE IN TRANSPORT;GUARDRAIL FACE,MM 212 9 I 40,NASHVILLE,TN,37210,82061,HERMIT,36.1404,-86.7312,POINT (-86.7312 36.1404)
20190217734,03/20/2019 05:30:00 PM,2,0,0,,N,690942,11,Front to Rear,21,CLEAR,1,DAYLIGHT,12,MOTOR VEHICLE IN TRANSPORT,DIVISION ST & 12TH AVS,NASHVILLE,TN,37203,4013,CENTRA,36.1511,-86.7845,POINT (-86.7845 36.1511)
20190319733,04/25/2019 03:00:00 PM,4,2,0,,N,580819,11,Front to Rear,22,CLOUDY,1,DAYLIGHT,12,MOTOR VEHICLE IN TRANSPORT,JEFFERSON ST & SPRING ST,NASHVILLE,TN,37207,1957,CENTRA,36.1765,-86.7781,POINT (-86.7781 36.1765)
20190308342,04/22/2019 07:33:00 AM,2,0,0,,N,279113,98,OTHER,21,CLEAR,1,DAYLIGHT,12,MOTOR VEHICLE IN TRANSPORT,EAST THOMPSON LN & MURFREESBORO PKE,NASHVILLE,TN,37217,8879,SOUTH,36.1267,-86.7111,POINT (-86.7111 36.1267)
20190485476,06/27/2019 08:47:00 AM,2,1,0,,N,420059,11,Front to Rear,21,CLEAR,1,DAYLIGHT,12,MOTOR VEHICLE IN TRANSPORT,OLD HICKORY BLVD & SEVEN SPRINGS WAY PVT,BRENTWOOD,TN,37027,8623,MIDTOW,36.0406,-86.7711,POINT (-86.7711 36.0406)
20190580947,08/05/2019 07:25:00 AM,3,0,0,,Y,256502,11,Front to Rear,21,CLEAR,1,DAYLIGHT,12,MOTOR VEHICLE IN TRANSPORT,DR D B TODD JR BLVD & MEHARRY BLVD,NASHVILLE,TN,37208,5409,NORTH,36.1677,-86.8059,POINT (-86.8059 36.1677)
20190109494,02/10/2019 01:58:00 AM,2,0,0,,N,415780,5,SIDESWIPE - SAME DIRECTION,21,CLEAR,3,DARK - LIGHTED,12,MOTOR VEHICLE IN TRANSPORT,OLD HICKORY BLVD & EDMONDSON PKE,NASHVILLE,TN,37220,8615,MIDTOW,36.04,-86.7435,POINT (-86.7435 36.04)
20190032526,01/13/2019 01:31:00 PM,1,0,0,,Y,834798,0,NOT COLLISION W/MOTOR VEHICLE-TRANSPORT,21,CLEAR,1,DAYLIGHT,33,CURB,SUMMIT AV & 12TH AVS,NASHVILLE,TN,37203,6911,MIDTOW,36.1387,-86.7875,POINT (-86.7875 36.1387)
20190557862,07/26/2019 03:01:00 PM,2,1,0,,N,256389,11,Front to Rear,21,CLEAR,1,DAYLIGHT,12,MOTOR VEHICLE IN TRANSPORT,HILLSBORO PKE & I440 E EXT RAMP,NASHVILLE,TN,37215,6419,MIDTOW,36.123,-86.8068,POINT (-86.8068 36.123)
20190522882,07/12/2019 04:52:00 PM,2,0,0,,N,714641,5,SIDESWIPE - SAME DIRECTION,21,CLEAR,1,DAYLIGHT,12,MOTOR VEHICLE IN TRANSPORT,BROADWAY & 4TH AVN,NASHVILLE,TN,37203,4091,CENTRA,36.161,-86.7772,POINT (-86.7772 36.161)
20190226483,03/23/2019 04:10:00 PM,2,0,0,,N,169425,4,ANGLE,21,CLEAR,1,DAYLIGHT,12,MOTOR VEHICLE IN TRANSPORT,WEST END AV & 30TH AVS,NASHVILLE,TN,37212,5815,MIDTOW,36.143,-86.815,POINT (-86.815 36.143)
20190257304,04/03/2019 02:29:00 PM,2,0,0,,N,224955,11,Front to Rear,22,CLOUDY,1,DAYLIGHT,12,MOTOR VEHICLE IN TRANSPORT,OLD HICKORY BLVDW & N GRAYCROFT AV,MADISON,TN,37115,1777,MADISO,36.2644,-86.7324,POINT (-86.7324 36.2644)
20190567287,07/30/2019 05:24:00 PM,3,5,1,,N,151132,11,Front to Rear,22,CLOUDY,1,DAYLIGHT,12,MOTOR VEHICLE IN TRANSPORT,BRILEY PKWYE & MOOREWOOD DR,NASHVILLE,TN,37207,20120,MADISO,36.2397,-86.775,POINT (-86.775 36.2397)
20190285264,04/14/2019 12:35:00 AM,1,0,0,,N,166477,0,NOT COLLISION W/MOTOR VEHICLE-TRANSPORT,2,RAIN,3,DARK - LIGHTED,36,CONCRETE TRAFFIC BARRIER,MM 58 7 I 24,ANTIOCH,TN,37013,8808,SOUTH,36.0513,-86.6692,POINT (-86.6692 36.0513)
20190238780,03/27/2019 10:24:00 PM,1,0,0,,Y,279211,0,NOT COLLISION W/MOTOR VEHICLE-TRANSPORT,21,CLEAR,2,DARK - NOT LIGHTED,36,CONCRETE TRAFFIC BARRIER,BRILEY PKWYW & BRILEY PKWYE,NASHVILLE,TN,37218,3216,NORTH,36.2254,-86.8638,POINT (-86.8638 36.2254)
20190409477,05/29/2019 07:50:00 AM,2,0,0,,N,352204,11,Front to Rear,21,CLEAR,1,DAYLIGHT,12,MOTOR VEHICLE IN TRANSPORT,WOODMONT BLVD & GENERAL BATE DR,NASHVILLE,TN,37204,7009,MIDTOW,36.1105,-86.7837,POINT (-86.7837 36.1105)
20190228655,03/24/2019 03:10:00 PM,2,0,0,,N,320577,11,Front to Rear,21,CLEAR,1,DAYLIGHT,12,MOTOR VEHICLE IN TRANSPORT,OLD HICKORY BLVD & WILDWOOD VALLEY DR,BRENTWOOD,TN,37027,6301,MIDTOW,36.0463,-86.8582,POINT (-86.8582 36.0463)
20190205866,03/16/2019 02:40:00 PM,2,0,0,,N,693098,4,ANGLE,21,CLEAR,1,DAYLIGHT,12,MOTOR VEHICLE IN TRANSPORT,AMERICAN RD & THUNDERBIRD DR,NASHVILLE,TN,37209,4691,WEST,36.1497,-86.8765,POINT (-86.8765 36.1497)
20190189638,03/10/2019 09:50:00 PM,2,0,0,,Y,279198,11,Front to Rear,21,CLEAR,3,DARK - LIGHTED,14,PARKED MOTOR VEHICLE,LANE GARDEN APTS PVTDR & JOSEPH AV,NASHVILLE,TN,37207,1961,EAST,36.18,-86.7726,POINT (-86.7726 36.18)
20190257596,04/03/2019 04:35:00 PM,3,0,0,,N,256448,4,ANGLE,21,CLEAR,1,DAYLIGHT,12,MOTOR VEHICLE IN TRANSPORT,MM 218 1 I 40,NASHVILLE,TN,37214,9404,HERMIT,36.1475,-86.6427,POINT (-86.6427 36.1475)
20190302416,04/19/2019 04:23:00 PM,2,0,0,,Y,151132,2,HEAD-ON,2,RAIN,1,DAYLIGHT,12,MOTOR VEHICLE IN TRANSPORT,GALLATIN PKEN & RIVERGATE PKWY,MADISON,TN,37115,1731,MADISO,36.2973,-86.6988,POINT (-86.6988 36.2973)
20190054111,01/21/2019 02:05:00 PM,2,0,0,,N,375570,5,SIDESWIPE - SAME DIRECTION,21,CLEAR,1,DAYLIGHT,12,MOTOR VEHICLE IN TRANSPORT,STATE RT 45 & RIO VISTA DR,MADISON,TN,37115,1705,MADISO,36.2628,-86.681,POINT (-86.681 36.2628)
20190290222,04/15/2019 11:01:00 PM,2,0,0,,N,279117,5,SIDESWIPE - SAME DIRECTION,21,CLEAR,3,DARK - LIGHTED,12,MOTOR VEHICLE IN TRANSPORT,MM 86 8 I 65,NASHVILLE,TN,37207,3002,NORTH,36.1987,-86.7764,POINT (-86.7764 36.1987)
20190076106,01/29/2019 09:36:00 AM,2,0,0,,N,716886,11,Front to Rear,21,CLEAR,1,DAYLIGHT,12,MOTOR VEHICLE IN TRANSPORT,BELL RD & RICE RD,ANTIOCH,TN,37013,8865,SOUTH,36.0731,-86.6358,POINT (-86.6358 36.0731)
20190410738,05/29/2019 04:54:00 PM,2,0,0,,N,256426,5,SIDESWIPE - SAME DIRECTION,21,CLEAR,1,DAYLIGHT,12,MOTOR VEHICLE IN TRANSPORT,MM 213 0 I 40,NASHVILLE,TN,37210,8219,HERMIT,36.1407,-86.7323,POINT (-86.7323 36.1407)
20190558090,07/26/2019 04:50:00 PM,2,1,0,,N,405418,11,Front to Rear,21,CLEAR,1,DAYLIGHT,12,MOTOR VEHICLE IN TRANSPORT,I65 N EXT RAMP & I 65,NASHVILLE,TN,37207,1863,EAST,36.2057,-86.7747,POINT (-86.7747 36.2057)
20190162068,02/28/2019 04:29:00 PM,2,0,0,,N,807326,5,SIDESWIPE - SAME DIRECTION,22,CLOUDY,1,DAYLIGHT,12,MOTOR VEHICLE IN TRANSPORT,LEA AV & 4TH AVS,NASHVILLE,TN,37203,4037,CENTRA,36.1547,-86.7731,POINT (-86.7731 36.1547)
20190473004,06/22/2019 08:48:00 AM,1,1,0,,N,320575,0,NOT COLLISION W/MOTOR VEHICLE-TRANSPORT,21,CLEAR,1,DAYLIGHT,30,UTILITY POLE,PACKARD DR & BRENDA LN,ANTIOCH,TN,37013,8713,SOUTH,36.0633,-86.6904,POINT (-86.6904 36.0633)
20190447145,06/12/2019 03:20:00 PM,2,1,0,,N,206675,4,ANGLE,21,CLEAR,1,DAYLIGHT,12,MOTOR VEHICLE IN TRANSPORT,WEST END AV & LOUISE AV,NASHVILLE,TN,37203,5715,MIDTOW,36.1497,-86.8029,POINT (-86.8029 36.1497)
20190281428,04/12/2019 11:07:00 AM,2,0,0,,N,716886,4,ANGLE,2,RAIN,1,DAYLIGHT,12,MOTOR VEHICLE IN TRANSPORT,MILL CREEK WHITTLEMORE GRNWY & MILL CREE,ANTIOCH,TN,37013,8757,SOUTH,36.0424,-86.7128,POINT (-86.7128 36.0424)
20190512656,07/08/2019 06:17:00 PM,2,0,0,,N,352212,11,Front to Rear,21,CLEAR,1,DAYLIGHT,12,MOTOR VEHICLE IN TRANSPORT,OLD HICKORY BLVD & MILLS RD,HERMITAGE,TN,37076,9527,HERMIT,36.1695,-86.6011,POINT (-86.6011 36.1695)
20190189586,03/10/2019 12:00:00 AM,2,0,0,,N,676828,5,SIDESWIPE - SAME DIRECTION,21,CLEAR,3,DARK - LIGHTED,12,MOTOR VEHICLE IN TRANSPORT,28TH AVS & WEST END AV,NASHVILLE,TN,37212,5815,MIDTOW,36.1443,-86.8112,POINT (-86.8112 36.1443)
20190019923,01/08/2019 07:00:00 PM,2,0,0,,Y,206964,4,ANGLE,21,CLEAR,3,DARK - LIGHTED,12,MOTOR VEHICLE IN TRANSPORT,ANDERSON RD & OWENDALE DR,NASHVILLE,TN,37217,8963,HERMIT,36.0739,-86.6236,POINT (-86.6236 36.0739)
20190560384,07/27/2019 06:36:00 PM,2,0,0,,N,580819,5,SIDESWIPE - SAME DIRECTION,21,CLEAR,1,DAYLIGHT,14,PARKED MOTOR VEHICLE,BROADWAY & 5TH AVS,NASHVILLE,TN,37203,4089,CENTRA,36.1605,-86.7784,POINT (-86.7784 36.1605)
20190340692,05/03/2019 01:02:00 PM,2,0,0,,N,690942,4,ANGLE,22,CLOUDY,1,DAYLIGHT,14,PARKED MOTOR VEHICLE,9 HERMITAGE AV,NASHVILLE,TN,37210,4033,CENTRA,36.1572,-86.77,POINT (-86.77 36.1572)
20190456201,06/15/2019 11:30:00 PM,2,0,0,,Y,311341,11,Front to Rear,21,CLEAR,3,DARK - LIGHTED,12,MOTOR VEHICLE IN TRANSPORT,URBANDALE AV & BRILEY PKWYN,NASHVILLE,TN,37209,4637,WEST,36.1539,-86.8575,POINT (-86.8575 36.1539)
20190434574,06/07/2019 02:36:00 PM,2,0,0,,N,330428,4,ANGLE,22,CLOUDY,1,DAYLIGHT,12,MOTOR VEHICLE IN TRANSPORT,CHARLOTTE PKE & WHITE BRIDGE PKE,NASHVILLE,TN,37209,5033,WEST,36.15,-86.8584,POINT (-86.8584 36.15)
20190142129,02/21/2019 02:25:00 PM,2,0,0,,N,716886,11,Front to Rear,22,CLOUDY,1,DAYLIGHT,12,MOTOR VEHICLE IN TRANSPORT,PLUS PARK BLVD & FOOTHILL DR,NASHVILLE,TN,37217,8801,SOUTH,36.1251,-86.7248,POINT (-86.7248 36.1251)
20190299247,04/18/2019 01:30:00 PM,3,1,0,,N,223502,4,ANGLE,22,CLOUDY,1,DAYLIGHT,12,MOTOR VEHICLE IN TRANSPORT,POLK AV & HACKWORTH ST,NASHVILLE,TN,37210,8115,SOUTH,36.1339,-86.7484,POINT (-86.7484 36.1339)
20190199690,03/14/2019 09:00:00 AM,2,0,0,,N,226136,5,SIDESWIPE - SAME DIRECTION,22,CLOUDY,1,DAYLIGHT,12,MOTOR VEHICLE IN TRANSPORT,BROADWAY & 16TH AVS,NASHVILLE,TN,37203,5701,MIDTOW,36.1543,-86.7929,POINT (-86.7929 36.1543)
20190222733,03/22/2019 06:55:00 AM,2,0,0,,N,716886,11,Front to Rear,21,CLEAR,1,DAYLIGHT,12,MOTOR VEHICLE IN TRANSPORT,MURFREESBORO PKE & BELL RD,ANTIOCH,TN,37013,8861,SOUTH,36.072,-86.636,POINT (-86.636 36.072)
20190272391,04/09/2019 09:30:00 AM,2,0,0,,Y,716886,11,Front to Rear,21,CLEAR,1,DAYLIGHT,12,MOTOR VEHICLE IN TRANSPORT,MM 6 5 I 440,NASHVILLE,TN,37210,81040,SOUTH,36.1242,-86.7451,POINT (-86.7451 36.1242)
20190413027,05/30/2019 12:42:00 PM,2,0,0,,N,352158,11,Front to Rear,22,CLOUDY,1,DAYLIGHT,12,MOTOR VEHICLE IN TRANSPORT,NOLENSVILLE PKE & WALLACE RD,NASHVILLE,TN,37211,8701,SOUTH,36.0766,-86.7254,POINT (-86.7254 36.0766)
20190189251,03/10/2019 05:55:00 PM,3,0,0,,N,256446,11,Front to Rear,21,CLEAR,3,DARK - LIGHTED,12,MOTOR VEHICLE IN TRANSPORT,I24E & I24 W EXT RAMP,NASHVILLE,TN,37210,8102,SOUTH,36.1336,-86.7269,POINT (-86.7269 36.1336)
20190141926,02/21/2019 01:00:00 PM,2,0,0,,Y,716886,5,SIDESWIPE - SAME DIRECTION,21,CLEAR,1,DAYLIGHT,12,MOTOR VEHICLE IN TRANSPORT,EAST THOMPSON LN & EAST THOMPSON LN PVTD,NASHVILLE,TN,37211,8337,SOUTH,36.1098,-86.7277,POINT (-86.7277 36.1098)
20190453512,06/14/2019 06:38:00 PM,3,0,0,,N,330417,11,Front to Rear,21,CLEAR,1,DAYLIGHT,12,MOTOR VEHICLE IN TRANSPORT,MYATT DR & ANDERSON LN,MADISON,TN,37115,1715,MADISO,36.2728,-86.6895,POINT (-86.6895 36.2728)
20190524537,07/13/2019 10:30:00 AM,1,0,0,Y,N,262766,0,NOT COLLISION W/MOTOR VEHICLE-TRANSPORT,21,CLEAR,1,DAYLIGHT,18,OTHER OBJECT (NOT FIXED),ANNEX AV & COMET DR,NASHVILLE,TN,37209,4675,WEST,36.1479,-86.8869,POINT (-86.8869 36.1479)
20190343043,05/04/2019 02:00:00 PM,2,2,0,,N,262757,11,Front to Rear,22,CLOUDY,1,DAYLIGHT,12,MOTOR VEHICLE IN TRANSPORT,BRILEY PKWYS & BRILEY PKWYN,NASHVILLE,TN,37218,3212,NORTH,36.2142,-86.8724,POINT (-86.8724 36.2142)
20190229307,03/23/2019 12:00:00 AM,1,0,0,,Y,320584,9,UNKNOWN,99,UNKNOWN,9,UNKNOWN,99,UNKNOWN MOST HARMFUL EVENT,I24 E ENT RAMP & I 440,NASHVILLE,TN,37210,83043,SOUTH,36.1254,-86.7296,POINT (-86.7296 36.1254)
20190524805,07/13/2019 01:50:00 PM,2,0,0,,N,224955,11,Front to Rear,21,CLEAR,1,DAYLIGHT,12,MOTOR VEHICLE IN TRANSPORT,GALLATIN PKEN & STATE RT 45,MADISON,TN,37115,1701,MADISO,36.2644,-86.7115,POINT (-86.7115 36.2644)
20190322255,04/26/2019 10:26:00 AM,2,0,0,,Y,245532,5,SIDESWIPE - SAME DIRECTION,21,CLEAR,1,DAYLIGHT,12,MOTOR VEHICLE IN TRANSPORT,MM 48 8 I 24,NASHVILLE,TN,37213,1104,CENTRA,36.1682,-86.7659,POINT (-86.7659 36.1682)
20190476477,06/24/2019 12:00:00 AM,1,1,0,Y,N,298866,0,NOT COLLISION W/MOTOR VEHICLE-TRANSPORT,22,CLOUDY,3,DARK - LIGHTED,38;50,FENCE;DEER (ANIMAL),WHITE BRIDGE PKE & KENDALL DR,NASHVILLE,TN,37209,5105,WEST,36.1389,-86.8575,POINT (-86.8575 36.1389)
20190152128,02/25/2019 12:00:00 AM,1,0,0,,Y,226622,0,NOT COLLISION W/MOTOR VEHICLE-TRANSPORT,21,CLEAR,1,DAYLIGHT,42,TREE,32ND AVN & TORBETT ST,NASHVILLE,TN,37209,4553,NORTH,36.1585,-86.8238,POINT (-86.8238 36.1585)
20190449073,06/13/2019 07:59:00 AM,2,1,0,,N,212325,11,Front to Rear,21,CLEAR,3,DARK - LIGHTED,12,MOTOR VEHICLE IN TRANSPORT,DICKERSON PKE & OLD HICKORY BLVD,NASHVILLE,TN,37207,2133,MADISO,36.2693,-86.7557,POINT (-86.7557 36.2693)
20190422533,06/04/2019 09:30:00 AM,2,0,0,,N,224953,11,Front to Rear,21,CLEAR,1,DAYLIGHT,12,MOTOR VEHICLE IN TRANSPORT,INTERSTATE DR & HOWERTON ST,NASHVILLE,TN,37213,1993,CENTRA,36.1726,-86.7698,POINT (-86.7698 36.1726)
20190139701,02/20/2019 12:00:00 AM,2,0,0,,N,226827,5,SIDESWIPE - SAME DIRECTION,22,CLOUDY,3,DARK - LIGHTED,12,MOTOR VEHICLE IN TRANSPORT,MCKINLEY ST & GALLATIN PKEN,MADISON,TN,37115,1717,MADISO,36.2815,-86.7077,POINT (-86.7077 36.2815)
20190414014,05/30/2019 06:21:00 PM,2,0,0,,N,256383,5,SIDESWIPE - SAME DIRECTION,21,CLEAR,1,DAYLIGHT,12,MOTOR VEHICLE IN TRANSPORT,MURFREESBORO PKE & EZELL PKE,NASHVILLE,TN,37217,8849,SOUTH,36.1047,-86.6695,POINT (-86.6695 36.1047)
20190289824,04/15/2019 07:40:00 PM,2,1,0,,Y,320580,6,SIDESWIPE - OPPOSITE DIRECTION,21,CLEAR,3,DARK - LIGHTED,12;34,MOTOR VEHICLE IN TRANSPORT;DITCH,ELM HILL PKE & ACORN DR,NASHVILLE,TN,37210,9033,HERMIT,36.1497,-86.7021,POINT (-86.7021 36.1497)
20190485522,06/27/2019 09:05:00 AM,2,0,0,,N,462474,11,Front to Rear,21,CLEAR,1,DAYLIGHT,12,MOTOR VEHICLE IN TRANSPORT,MM 74 4 I 65,BRENTWOOD,TN,37027,8604,MIDTOW,36.0363,-86.7829,POINT (-86.7829 36.0363)
20190220036,03/21/2019 11:20:00 AM,2,1,0,,N,493309,4,ANGLE,21,CLEAR,1,DAYLIGHT,12,MOTOR VEHICLE IN TRANSPORT,GALLATIN PKEN & LOVELL ST,MADISON,TN,37115,1707,MADISO,36.2686,-86.7107,POINT (-86.7107 36.2686)
20190205161,03/16/2019 06:40:00 AM,3,1,0,,N,320575,4,ANGLE,21,CLEAR,2,DARK - NOT LIGHTED,12;36,MOTOR VEHICLE IN TRANSPORT;CONCRETE TRAFFIC BARRIER,MM 59 1 I 24,ANTIOCH,TN,37013,87061,SOUTH,36.0478,-86.6634,POINT (-86.6634 36.0478)
20190082741,01/31/2019 08:03:00 AM,2,0,0,,N,414668,11,Front to Rear,21,CLEAR,1,DAYLIGHT,12,MOTOR VEHICLE IN TRANSPORT,MM 78 0 I 65,NASHVILLE,TN,37204,8502,MIDTOW,36.0856,-86.7632,POINT (-86.7632 36.0856)
20190453480,06/14/2019 06:26:00 PM,1,0,0,,N,256389,0,NOT COLLISION W/MOTOR VEHICLE-TRANSPORT,21,CLEAR,1,DAYLIGHT,31,"OTHER POST, POLE, SUPP.",21ST AVN & WEST END AV,NASHVILLE,TN,37203,5601,MIDTOW,36.1506,-86.8013,POINT (-86.8013 36.1506)
20190130665,02/17/2019 08:18:00 PM,2,2,0,,N,449286,4,ANGLE,21,CLEAR,2,DARK - NOT LIGHTED,12,MOTOR VEHICLE IN TRANSPORT,ASHLAND CITY HWY WB EXT RAMP & ASHLAND C,NASHVILLE,TN,37218,3201,NORTH,36.2098,-86.8727,POINT (-86.8727 36.2098)
20190530831,07/16/2019 06:00:00 AM,2,0,0,,Y,608786,11,Front to Rear,21,CLEAR,1,DAYLIGHT,12,MOTOR VEHICLE IN TRANSPORT,ANDERSON LN & DELAWARE AV,MADISON,TN,37115,1709,MADISO,36.2731,-86.7034,POINT (-86.7034 36.2731)
20190181744,03/07/2019 04:30:00 PM,2,0,0,,N,256389,11,Front to Rear,21,CLEAR,1,DAYLIGHT,12,MOTOR VEHICLE IN TRANSPORT,MM 208 2 I 40,NASHVILLE,TN,37208,54023,NORTH,36.1681,-86.7964,POINT (-86.7964 36.1681)
20190560066,07/27/2019 03:25:00 PM,2,2,0,,N,330427,4,ANGLE,21,CLEAR,9,UNKNOWN,12,MOTOR VEHICLE IN TRANSPORT,EATONS CREEK RD & OLD CLARKSVILLE PKE,JOELTON,TN,37080,3331,NORTH,36.3188,-86.876,POINT (-86.876 36.3188)
20190383906,05/20/2019 02:11:00 AM,2,0,0,,N,298875,5,SIDESWIPE - SAME DIRECTION,21,CLEAR,3,DARK - LIGHTED,14,PARKED MOTOR VEHICLE,SANDPIPER LN & KESTENBAUM CT,ANTIOCH,TN,37013,8867,SOUTH,36.0457,-86.6154,POINT (-86.6154 36.0457)
20190105989,02/08/2019 01:45:00 PM,2,0,0,,N,226622,4,ANGLE,21,CLEAR,1,DAYLIGHT,12,MOTOR VEHICLE IN TRANSPORT,OCEOLA AV & CHARLOTTE PKE,NASHVILLE,TN,37209,5033,WEST,36.1497,-86.8599,POINT (-86.8599 36.1497)
20190169123,03/03/2019 05:18:00 PM,2,1,0,,N,279200,4,ANGLE,21,CLEAR,5,DUSK,12,MOTOR VEHICLE IN TRANSPORT,COMMERCE ST & ROSA L PARKS BLVD,NASHVILLE,TN,37203,4113,CENTRA,36.1603,-86.783,POINT (-86.783 36.1603)
20190159092,02/27/2019 01:54:00 PM,2,0,0,,N,256423,0,NOT COLLISION W/MOTOR VEHICLE-TRANSPORT,21,CLEAR,1,DAYLIGHT,12;24,MOTOR VEHICLE IN TRANSPORT;GUARDRAIL FACE,MM 38 6 I 24,WHITES CREEK,TN,37189,33181,NORTH,36.3026,-86.8128,POINT (-86.8128 36.3026)
20190375710,05/16/2019 05:01:00 PM,2,0,0,,N,580819,5,SIDESWIPE - SAME DIRECTION,21,CLEAR,1,DAYLIGHT,12,MOTOR VEHICLE IN TRANSPORT,KOREAN VETERANS BLVD & 6TH AVS,NASHVILLE,TN,37203,4043,CENTRA,36.1559,-86.7773,POINT (-86.7773 36.1559)
20190332239,04/30/2019 02:36:00 PM,2,0,0,,Y,352205,4,ANGLE,21,CLEAR,1,DAYLIGHT,12,MOTOR VEHICLE IN TRANSPORT,GALLATIN PKE & DOZIER PL,NASHVILLE,TN,37216,1851,EAST,36.2017,-86.7395,POINT (-86.7395 36.2017)
20190391139,05/22/2019 12:45:00 PM,2,0,0,,N,352158,4,ANGLE,21,CLEAR,1,DAYLIGHT,12,MOTOR VEHICLE IN TRANSPORT,HARDING PL & SHADESCREST DR,NASHVILLE,TN,37211,8607,MIDTOW,36.0771,-86.7366,POINT (-86.7366 36.0771)
20190304742,04/20/2019 04:49:00 PM,1,0,0,Y,N,256423,0,NOT COLLISION W/MOTOR VEHICLE-TRANSPORT,21,CLEAR,1,DAYLIGHT,18,OTHER OBJECT (NOT FIXED),STEWARTS LN & ASHLAND CITY HWY,NASHVILLE,TN,37218,3207,NORTH,36.2083,-86.8606,POINT (-86.8606 36.2083)
20190213705,03/19/2019 01:00:00 PM,2,0,0,,Y,134899,4,ANGLE,21,CLEAR,1,DAYLIGHT,12;14,MOTOR VEHICLE IN TRANSPORT;PARKED MOTOR VEHICLE,LEBANON PKE & HIGHLAND VIEW DR,HERMITAGE,TN,37076,9719,HERMIT,36.2078,-86.6114,POINT (-86.6114 36.2078)
20190323657,04/26/2019 10:51:00 PM,1,0,0,,N,109522,0,NOT COLLISION W/MOTOR VEHICLE-TRANSPORT,21,CLEAR,3,DARK - LIGHTED,32,CULVERT,CROLEY DR & FREEDOM DR,NASHVILLE,TN,37209,4685,WEST,36.1555,-86.8751,POINT (-86.8751 36.1555)
20190575997,08/02/2019 09:36:00 PM,2,2,0,,N,279225,4,ANGLE,21,CLEAR,3,DARK - LIGHTED,12,MOTOR VEHICLE IN TRANSPORT,MURFREESBORO PKE & MILLWOOD DR,NASHVILLE,TN,37217,8815,HERMIT,36.1295,-86.7147,POINT (-86.7147 36.1295)
20190191351,03/11/2019 01:55:00 PM,2,0,0,,N,717625,5,SIDESWIPE - SAME DIRECTION,21,CLEAR,1,DAYLIGHT,12,MOTOR VEHICLE IN TRANSPORT,MM 207 6 I 40,NASHVILLE,TN,37208,54021,NORTH,36.1707,-86.8044,POINT (-86.8044 36.1707)
20190517609,07/11/2019 05:09:00 PM,2,0,0,,N,690942,4,ANGLE,21,CLEAR,1,DAYLIGHT,12,MOTOR VEHICLE IN TRANSPORT,8TH AVS & BROADWAY,NASHVILLE,TN,37203,4085,CENTRA,36.1588,-86.782,POINT (-86.782 36.1588)
20190488812,06/28/2019 01:04:00 PM,2,0,0,,N,332215,4,ANGLE,21,CLEAR,1,DAYLIGHT,12,MOTOR VEHICLE IN TRANSPORT,CHARLOTTE AV & 42ND AVN,NASHVILLE,TN,37209,5217,WEST,36.1524,-86.8366,POINT (-86.8366 36.1524)
20190276897,04/10/2019 08:36:00 PM,2,0,0,,N,876597,11,Front to Rear,21,CLEAR,3,DARK - LIGHTED,12,MOTOR VEHICLE IN TRANSPORT,BELL RD & I24 E ENT RAMP,ANTIOCH,TN,37013,8751,SOUTH,36.0449,-86.6597,POINT (-86.6597 36.0449)