Accident Number,Date and Time,Number of Motor Vehicles,Number of Injuries,Number of Fatalities,Property Damage,Hit and Run,Reporting Officer,Collision Type Code,Collision Type Description,Weather Code,Weather Description,Illumination Code,Illumination Description,Harmful Code,Harmful Code Description,Street Address,City,State,ZIP,RPA,Precinct,Latitude,Longitude,Mapped Location
20190394480,05/23/2019 01:30:00 PM,2,0,0,,Y,235761,4,ANGLE,21,CLEAR,1,DAYLIGHT,12,MOTOR VEHICLE IN TRANSPORT,LEONARD AV & RICHMEADE CONDOS PVTDR,NASHVILLE,TN,37205,6011,WEST,36.1275,-86.8288,POINT (-86.8288 36.1275)
20190040728,01/16/2019 07:40:00 AM,2,0,0,,N,620067,0,NOT COLLISION W/MOTOR VEHICLE-TRANSPORT,22,CLOUDY,1,DAYLIGHT,32;7,CULVERT,OLD HICKORY BLVD & BATTLE RD,ANTIOCH,TN,37013,8765,SOUTH,36.1969,-86.7929,POINT (-86.7929 36.1969)
20190542528,07/20/2019 02:03:00 PM,2,1,0,,N,306708,11,Front to Rear,21,CLEAR,1,DAYLIGHT,12,MOTOR VEHICLE IN TRANSPORT,GALLATIN PKE SB EXT RAMP & GALLATIN PKES,MADISON,TN,37115,1509,MADISO,36.2375,-86.7244,POINT (-86.7244 36.2375)
20190345244,05/05/2019 12:00:00 AM,2,0,0,,Y,320580,11,Front to Rear,21,CLEAR,1,DAYLIGHT,55,Motor Vehicle-In-Motion Outside Trafficw,LEWIS ST & CANNON ST,NASHVILLE,TN,37210,8207,HERMIT,36.1512,-86.758,POINT (-86.758 36.1512)
20190138696,02/20/2019 12:23:00 PM,2,0,0,,N,267831,11,Front to Rear,22,CLOUDY,1,DAYLIGHT,12,MOTOR VEHICLE IN TRANSPORT,WHITE BRIDGE PKE & LIONS HEAD VILLAGE PV,NASHVILLE,TN,37205,5017,WEST,36.1284,-86.8526,POINT (-86.8526 36.1284)
20190006580,01/03/2019 12:11:00 PM,2,0,0,,N,109534,11,Front to Rear,22,CLOUDY,1,DAYLIGHT,12,MOTOR VEHICLE IN TRANSPORT,I40 W EXT RAMP & I 40,NASHVILLE,TN,37203,4119,CENTRA,36.1574,-86.79,POINT (-86.79 36.1574)
20190455155,06/15/2019 12:47:00 PM,1,1,0,,N,481573,0,NOT COLLISION W/MOTOR VEHICLE-TRANSPORT,21,CLEAR,1,DAYLIGHT,36,CONCRETE TRAFFIC BARRIER,WEST END AV & I440 W ENT RAMP,NASHVILLE,TN,37205,6002,WEST,36.137,-86.8215,POINT (-86.8215 36.137)
20190196691,03/13/2019 08:37:00 AM,2,0,0,,N,755026,11,Front to Rear,21,CLEAR,1,DAYLIGHT,12,MOTOR VEHICLE IN TRANSPORT,MM 53 0 I 24,NASHVILLE,TN,37210,8302,SOUTH,36.1189,-86.7264,POINT (-86.7264 36.1189)
20190489247,06/28/2019 05:20:00 PM,2,1,0,,N,717341,4,ANGLE,21,CLEAR,1,DAYLIGHT,12,MOTOR VEHICLE IN TRANSPORT,NOLENSVILLE PKE & WELSHWOOD DR,NASHVILLE,TN,37211,8445,SOUTH,36.0824,-86.7272,POINT (-86.7272 36.0824)
20190567466,07/30/2019 06:45:00 PM,2,0,0,,Y,279224,4,ANGLE,21,CLEAR,1,DAYLIGHT,12,MOTOR VEHICLE IN TRANSPORT,S 4TH ST & SHELBY AV,NASHVILLE,TN,37206,1009,EAST,36.1668,-86.7636,POINT (-86.7636 36.1668)
20190278754,04/11/2019 12:00:00 AM,2,0,0,,N,429205,4,ANGLE,21,CLEAR,1,DAYLIGHT,12,MOTOR VEHICLE IN TRANSPORT,LEA AV & 4TH AVS,NASHVILLE,TN,37203,4037,CENTRA,36.1547,-86.7731,POINT (-86.7731 36.1547)
20190446467,06/12/2019 09:55:00 AM,2,0,0,,N,716886,11,Front to Rear,21,CLEAR,1,DAYLIGHT,12,MOTOR VEHICLE IN TRANSPORT,I24E & I24 E ENT RAMP,NASHVILLE,TN,37210,8102,SOUTH,36.1363,-86.727,POINT (-86.727 36.1363)
20190372072,05/15/2019 01:39:00 PM,1,1,0,,N,580819,0,NOT COLLISION W/MOTOR VEHICLE-TRANSPORT,22,CLOUDY,1,DAYLIGHT,15,OTHER TYPE NON-MOTORIST,WOODLAND ST & INTERSTATE DR,NASHVILLE,TN,37213,1107,CENTRA,36.1705,-86.7685,POINT (-86.7685 36.1705)
20190543733,07/21/2019 02:35:00 AM,2,0,0,,Y,179603,11,Front to Rear,21,CLEAR,2,DARK - NOT LIGHTED,12,MOTOR VEHICLE IN TRANSPORT,MM 41 0 I 24,WHITES CREEK,TN,37189,3226,NORTH,36.2715,-86.7951,POINT (-86.7951 36.2715)
20190388120,05/21/2019 01:26:00 PM,2,1,0,,N,462474,11,Front to Rear,21,CLEAR,1,DAYLIGHT,12,MOTOR VEHICLE IN TRANSPORT,EDMONDSON PKE & BONNIE BRIDGE RD,NASHVILLE,TN,37211,8651,MIDTOW,36.039,-86.7434,POINT (-86.7434 36.039)
20190560767,07/27/2019 12:00:00 AM,2,1,0,,N,320580,4,ANGLE,21,CLEAR,3,DARK - LIGHTED,12,MOTOR VEHICLE IN TRANSPORT,LEBANON PKE & CRAIGMEADE DR,NASHVILLE,TN,37214,9027,HERMIT,36.1681,-86.6913,POINT (-86.6913 36.1681)
20190195007,03/12/2019 06:00:00 PM,2,0,0,,N,256389,4,ANGLE,21,CLEAR,1,DAYLIGHT,12,MOTOR VEHICLE IN TRANSPORT,EDMONDSON PKE & WEXFORD DOWNS LN,NASHVILLE,TN,37211,8651,MIDTOW,36.0198,-86.7421,POINT (-86.7421 36.0198)
20190042201,01/16/2019 07:34:00 PM,2,0,0,,N,212338,4,ANGLE,21,CLEAR,2,DARK - NOT LIGHTED,12,MOTOR VEHICLE IN TRANSPORT,EDMONDSON PKE & BONNIE BRIDGE RD,NASHVILLE,TN,37211,8651,MIDTOW,36.039,-86.7434,POINT (-86.7434 36.039)
20190435406,06/07/2019 10:36:00 PM,3,2,0,,N,714641,4,ANGLE,22,CLOUDY,3,DARK - LIGHTED,12;13,MOTOR VEHICLE IN TRANSPORT;MOTOR VEHICLE IN TRANSPORT-OTHER ROADWAY,SPRING ST & N 1ST ST,NASHVILLE,TN,37213,1985,CENTRA,36.177,-86.7746,POINT (-86.7746 36.177)
20190299722,04/18/2019 05:15:00 PM,1,1,0,Y,N,352184,0,NOT COLLISION W/MOTOR VEHICLE-TRANSPORT,22,CLOUDY,1,DAYLIGHT,31;47;63,"OTHER POST, POLE, SUPP.;FIRE HYDRANT;Ran Off Road-Right",LAFAYETTE ST & MURFREESBORO PKE,NASHVILLE,TN,37210,8133,SOUTH,36.1467,-86.7562,POINT (-86.7562 36.1467)
20190322649,04/26/2019 01:25:00 PM,1,1,0,Y,N,468031,0,NOT COLLISION W/MOTOR VEHICLE-TRANSPORT,21,CLEAR,1,DAYLIGHT,19;33,BUILDING;CURB,LISCHEY AV & TREUTLAN PL,NASHVILLE,TN,37207,1973,EAST,36.1802,-86.7653,POINT (-86.7653 36.1802)
20190371249,05/15/2019 06:45:00 AM,2,0,0,,N,591933,11,Front to Rear,21,CLEAR,1,DAYLIGHT,12,MOTOR VEHICLE IN TRANSPORT,MURFREESBORO PKE & MOUNTAIN SPRINGS RD,ANTIOCH,TN,37013,8927,SOUTH,36.0478,-86.6121,POINT (-86.6121 36.0478)
20190568775,07/31/2019 07:33:00 AM,2,1,0,,N,226622,11,Front to Rear,21,CLEAR,1,DAYLIGHT,12,MOTOR VEHICLE IN TRANSPORT,MM 205 4 I 40,NASHVILLE,TN,37209,52040,WEST,36.1546,-86.8315,POINT (-86.8315 36.1546)
20190096309,02/05/2019 08:49:00 AM,2,0,0,,Y,620067,0,NOT COLLISION W/MOTOR VEHICLE-TRANSPORT,22,CLOUDY,1,DAYLIGHT,7,,BELL RD & BRITTANY PARK DR,ANTIOCH,TN,37013,8719,SOUTH,36.0469,-86.6794,POINT (-86.6794 36.0469)
20190235540,03/26/2019 08:00:00 PM,2,1,0,,N,256417,4,ANGLE,21,CLEAR,3,DARK - LIGHTED,12,MOTOR VEHICLE IN TRANSPORT,LEBANON PKE & HICKORY HILL LN,HERMITAGE,TN,37076,9531,HERMIT,36.1889,-86.6283,POINT (-86.6283 36.1889)
20190044544,01/17/2019 04:12:00 PM,2,0,0,,Y,206675,6,SIDESWIPE - OPPOSITE DIRECTION,21,CLEAR,1,DAYLIGHT,12,MOTOR VEHICLE IN TRANSPORT,LONE OAK RD & GLENDALE LN,NASHVILLE,TN,37215,6401,MIDTOW,36.0946,-86.8021,POINT (-86.8021 36.0946)
20190464453,06/19/2019 07:55:00 AM,3,0,0,,Y,299247,11,Front to Rear,22,CLOUDY,1,DAYLIGHT,12,MOTOR VEHICLE IN TRANSPORT,SMITH SPRINGS RD & RURAL HILL RD,NASHVILLE,TN,37217,8965,HERMIT,36.0899,-86.6248,POINT (-86.6248 36.0899)
20190470607,06/21/2019 07:51:00 AM,2,0,0,,N,311799,11,Front to Rear,21,CLEAR,1,DAYLIGHT,12,MOTOR VEHICLE IN TRANSPORT,DICKERSON PKE & BRILEY PKWYE,MADISON,TN,37115,2007,MADISO,36.2411,-86.7573,POINT (-86.7573 36.2411)
20190275183,04/10/2019 07:45:00 AM,2,0,0,,N,909494,11,Front to Rear,21,CLEAR,1,DAYLIGHT,12,MOTOR VEHICLE IN TRANSPORT,ELLINGTON PKWYS & ELLINGTON PKWYN,NASHVILLE,TN,37207,1995,EAST,36.1758,-86.7666,POINT (-86.7666 36.1758)
20190347616,05/06/2019 02:44:00 PM,2,1,0,,N,716886,4,ANGLE,21,CLEAR,1,DAYLIGHT,12,MOTOR VEHICLE IN TRANSPORT,HARDING PL & AIRPARK CENTER DR,NASHVILLE,TN,37217,8841,SOUTH,36.0929,-86.6798,POINT (-86.6798 36.0929)
20190072809,01/28/2019 08:30:00 AM,2,0,0,,N,716886,11,Front to Rear,21,CLEAR,1,DAYLIGHT,12,MOTOR VEHICLE IN TRANSPORT,ANTIOCH PKE & MCCOMBS AV,NASHVILLE,TN,37211,8427,SOUTH,36.1017,-86.739,POINT (-86.739 36.1017)
20190139078,02/20/2019 02:57:00 PM,2,0,0,,Y,256386,4,ANGLE,22,CLOUDY,1,DAYLIGHT,12,MOTOR VEHICLE IN TRANSPORT,COUNTRY WAY & ANDERSON,NASHVILLE,TN,37217,8929,HERMIT,36.0783,-86.6077,POINT (-86.6077 36.0783)
20190230293,03/25/2019 06:43:00 AM,2,1,0,,N,191578,11,Front to Rear,22,CLOUDY,1,DAYLIGHT,12,MOTOR VEHICLE IN TRANSPORT,BRILEY PKWYS & CORPORATE DR,NASHVILLE,TN,37217,88943,HERMIT,36.136,-86.6988,POINT (-86.6988 36.136)
20190145470,02/22/2019 03:46:00 PM,2,0,0,,Y,306231,4,ANGLE,2,RAIN,1,DAYLIGHT,12,MOTOR VEHICLE IN TRANSPORT,BUENA VISTA PKE & MATTIE ST,NASHVILLE,TN,37218,3101,NORTH,36.2,-86.8253,POINT (-86.8253 36.2)
20190166332,03/02/2019 08:00:00 AM,1,0,0,,Y,429185,0,NOT COLLISION W/MOTOR VEHICLE-TRANSPORT,21,CLEAR,1,DAYLIGHT,34,DITCH,95 ANTHONY ST,OLD HICKORY,TN,37138,9711,HERMIT,36.2405,-86.6305,POINT (-86.6305 36.2405)
20190077495,01/29/2019 12:00:00 AM,2,1,0,,N,279204,4,ANGLE,21,CLEAR,3,DARK - LIGHTED,12,MOTOR VEHICLE IN TRANSPORT,CHARLOTTE AV & 21ST AVN,NASHVILLE,TN,37203,5607,MIDTOW,36.1565,-86.8064,POINT (-86.8064 36.1565)
20190228714,03/24/2019 04:35:00 PM,2,1,0,,N,642287,4,ANGLE,21,CLEAR,1,DAYLIGHT,12,MOTOR VEHICLE IN TRANSPORT,GALLATIN AV & STRATTON AV,NASHVILLE,TN,37206,1243,EAST,36.1824,-86.749,POINT (-86.749 36.1824)
20190276654,04/10/2019 05:35:00 PM,2,0,0,,Y,256448,4,ANGLE,21,CLEAR,1,DAYLIGHT,12,MOTOR VEHICLE IN TRANSPORT,DONELSON PKE & SHACKLETT DR,NASHVILLE,TN,37214,9411,HERMIT,36.1449,-86.6667,POINT (-86.6667 36.1449)
20190019762,01/08/2019 05:42:00 PM,2,1,0,,N,151132,11,Front to Rear,21,CLEAR,5,DUSK,12,MOTOR VEHICLE IN TRANSPORT,I24 W EXT RAMP & I 24,NASHVILLE,TN,37211,8829,SOUTH,36.1074,-86.7197,POINT (-86.7197 36.1074)
20190062330,01/24/2019 10:18:00 AM,2,0,0,,N,493304,4,ANGLE,21,CLEAR,1,DAYLIGHT,12,MOTOR VEHICLE IN TRANSPORT,E OLD HICKORY BLVD & LARKIN SPRINGS RD,MADISON,TN,37115,1705,MADISO,36.2627,-86.6844,POINT (-86.6844 36.2627)
20190468234,06/20/2019 01:30:00 PM,1,1,0,Y,N,676834,0,NOT COLLISION W/MOTOR VEHICLE-TRANSPORT,21,CLEAR,1,DAYLIGHT,38;39;41,FENCE;WALL;SHRUBBERY,24TH AVN & DOWLAN ST,NASHVILLE,TN,37208,4489,NORTH,36.1894,-86.8154,POINT (-86.8154 36.1894)
20190091760,02/03/2019 08:02:00 PM,2,0,0,,N,298867,5,SIDESWIPE - SAME DIRECTION,21,CLEAR,3,DARK - LIGHTED,12,MOTOR VEHICLE IN TRANSPORT,DOUGLAS AV & GALLATIN AV,NASHVILLE,TN,37206,1325,EAST,36.1927,-86.7444,POINT (-86.7444 36.1927)
20190068463,01/26/2019 01:00:00 PM,1,1,0,,N,330438,0,NOT COLLISION W/MOTOR VEHICLE-TRANSPORT,21,CLEAR,1,DAYLIGHT,41,SHRUBBERY,BRILEY PKWYS & BRILEY PKWYN,NASHVILLE,TN,37218,3212,NORTH,36.2142,-86.8724,POINT (-86.8724 36.2142)
20190571876,08/01/2019 11:30:00 AM,1,0,0,Y,N,223502,0,NOT COLLISION W/MOTOR VEHICLE-TRANSPORT,21,CLEAR,1,DAYLIGHT,30,UTILITY POLE,CRUTCHFIELD AV & HILL AV,NASHVILLE,TN,37210,8159,SOUTH,36.1369,-86.7304,POINT (-86.7304 36.1369)
20190048315,01/18/2019 10:24:00 PM,2,0,0,,Y,197053,5,SIDESWIPE - SAME DIRECTION,21,CLEAR,3,DARK - LIGHTED,12,MOTOR VEHICLE IN TRANSPORT,MM 7 2 I 440,NASHVILLE,TN,37210,83043,SOUTH,36.1251,-86.7339,POINT (-86.7339 36.1251)
20190436631,06/08/2019 12:38:00 PM,2,1,0,,N,419952,11,Front to Rear,22,CLOUDY,1,DAYLIGHT,12,MOTOR VEHICLE IN TRANSPORT,CHARLOTTE PKE & I40 E EXT RAMP,NASHVILLE,TN,37205,5007,WEST,36.1314,-86.8967,POINT (-86.8967 36.1314)
20190062895,01/24/2019 01:39:00 PM,2,0,0,,N,332216,5,SIDESWIPE - SAME DIRECTION,21,CLEAR,1,DAYLIGHT,12,MOTOR VEHICLE IN TRANSPORT,2ND AVS & LEA AV,NASHVILLE,TN,37210,4033,CENTRA,36.1554,-86.7709,POINT (-86.7709 36.1554)
20190073728,01/28/2019 04:12:00 PM,1,0,0,Y,N,151132,0,NOT COLLISION W/MOTOR VEHICLE-TRANSPORT,22,CLOUDY,1,DAYLIGHT,32;34;40,CULVERT;DITCH;MAIL BOX,NAWAKWA TRL & BRANNOM DR,MADISON,TN,37115,1637,MADISO,36.2366,-86.6648,POINT (-86.6648 36.2366)
20190223724,03/22/2019 01:28:00 PM,2,0,0,,Y,414731,11,Front to Rear,21,CLEAR,1,DAYLIGHT,12,MOTOR VEHICLE IN TRANSPORT,NOLENSVILLE PKE & WELSHWOOD DR,NASHVILLE,TN,37211,8445,SOUTH,36.0824,-86.7272,POINT (-86.7272 36.0824)
20190380806,05/18/2019 02:21:00 PM,2,0,0,,N,330445,5,SIDESWIPE - SAME DIRECTION,21,CLEAR,1,DAYLIGHT,12,MOTOR VEHICLE IN TRANSPORT,WEST END AV & I440 E ENT RAMP,NASHVILLE,TN,37205,6007,WEST,36.1364,-86.822,POINT (-86.822 36.1364)
20190033360,01/13/2019 10:03:00 PM,2,0,0,,Y,134867,4,ANGLE,22,CLOUDY,3,DARK - LIGHTED,12,MOTOR VEHICLE IN TRANSPORT,ROSA L PARKS BLVD & ROSA L PARKS AV,NASHVILLE,TN,37203,4147,CENTRA,36.1618,-86.7842,POINT (-86.7842 36.1618)
20190275229,04/10/2019 08:10:00 AM,2,0,0,,N,235761,5,SIDESWIPE - SAME DIRECTION,21,CLEAR,1,DAYLIGHT,12,MOTOR VEHICLE IN TRANSPORT,CENTENNIAL BOULEVARD RAMP & CENTENNIAL B,NASHVILLE,TN,37209,4651,WEST,36.1714,-86.8737,POINT (-86.8737 36.1714)
20190087295,02/01/2019 05:49:00 PM,2,4,0,,N,256443,4,ANGLE,21,CLEAR,3,DARK - LIGHTED,12,MOTOR VEHICLE IN TRANSPORT,DICKERSON PKE & BRILEY PKWY E EXT RAMP,NASHVILLE,TN,37207,2029,MADISO,36.2407,-86.7574,POINT (-86.7574 36.2407)
20190474809,06/22/2019 09:00:00 PM,3,0,0,,N,320575,11,Front to Rear,22,CLOUDY,3,DARK - LIGHTED,14;63,PARKED MOTOR VEHICLE;Ran Off Road-Right,CIMARRON WAY & BARELLA DR,ANTIOCH,TN,37013,8713,SOUTH,36.0614,-86.6849,POINT (-86.6849 36.0614)
20190547278,07/22/2019 03:25:00 PM,2,0,0,,N,352156,11,Front to Rear,2,RAIN,1,DAYLIGHT,12,MOTOR VEHICLE IN TRANSPORT,UNA ANTIOCH PKE & BILLINGSGATE RD,ANTIOCH,TN,37013,8861,SOUTH,36.0752,-86.6623,POINT (-86.6623 36.0752)
20190435003,06/07/2019 07:20:00 PM,2,0,0,,N,306708,4,ANGLE,2,RAIN,1,DAYLIGHT,12,MOTOR VEHICLE IN TRANSPORT,BRICK CHURCH PKE & BRICK CHURCH LN,NASHVILLE,TN,37207,2033,MADISO,36.2446,-86.7803,POINT (-86.7803 36.2446)
20190126918,02/16/2019 12:38:00 AM,2,0,0,,Y,279216,11,Front to Rear,2,RAIN,3,DARK - LIGHTED,12,MOTOR VEHICLE IN TRANSPORT,MM 86 4 I 65,NASHVILLE,TN,37207,19060,EAST,36.1937,-86.7758,POINT (-86.7758 36.1937)
20190292890,04/16/2019 04:59:00 PM,2,0,0,,Y,256380,4,ANGLE,21,CLEAR,1,DAYLIGHT,12,MOTOR VEHICLE IN TRANSPORT,CLIFTON AV & 24TH AVN,NASHVILLE,TN,37209,5315,NORTH,36.1579,-86.8098,POINT (-86.8098 36.1579)
20190452716,06/14/2019 12:41:00 PM,2,0,0,,N,553957,5,SIDESWIPE - SAME DIRECTION,22,CLOUDY,1,DAYLIGHT,12,MOTOR VEHICLE IN TRANSPORT,MM 210 6 I 40,NASHVILLE,TN,37210,8202,HERMIT,36.1526,-86.7659,POINT (-86.7659 36.1526)
20190151464,02/25/2019 05:08:00 AM,2,0,0,,N,166477,5,SIDESWIPE - SAME DIRECTION,21,CLEAR,3,DARK - LIGHTED,12,MOTOR VEHICLE IN TRANSPORT,BELL RD & MT VIEW RD,ANTIOCH,TN,37013,8865,SOUTH,36.05,-86.6496,POINT (-86.6496 36.05)
20190561069,07/28/2019 01:03:00 AM,2,0,0,,N,134867,5,SIDESWIPE - SAME DIRECTION,21,CLEAR,3,DARK - LIGHTED,12,MOTOR VEHICLE IN TRANSPORT,BROADWAY & 9TH AVN,NASHVILLE,TN,37203,4083,CENTRA,36.1586,-86.7828,POINT (-86.7828 36.1586)
20190483452,06/26/2019 03:30:00 PM,2,0,0,,Y,256380,11,Front to Rear,21,CLEAR,1,DAYLIGHT,12,MOTOR VEHICLE IN TRANSPORT,DOMINICAN DR & ROSA L PARKS BLVD,NASHVILLE,TN,37228,4445,NORTH,36.1879,-86.7985,POINT (-86.7985 36.1879)
20190048735,01/19/2019 03:24:00 AM,1,1,0,,N,299254,0,NOT COLLISION W/MOTOR VEHICLE-TRANSPORT,2,RAIN,3,DARK - LIGHTED,63;71,Ran Off Road-Right;EMBANKMENT EARTH,I 24 & UNKNOWN RAMP,NASHVILLE,TN,37210,9004,HERMIT,36.1402,-86.7258,POINT (-86.7258 36.1402)
20190243338,03/29/2019 09:48:00 AM,3,1,0,,N,909494,11,Front to Rear,22,CLOUDY,1,DAYLIGHT,12,MOTOR VEHICLE IN TRANSPORT,MM 86 8 I 65,NASHVILLE,TN,37207,3002,NORTH,36.1987,-86.7764,POINT (-86.7764 36.1987)
20190186665,03/09/2019 12:05:00 PM,2,0,0,,N,212369,11,Front to Rear,22,CLOUDY,1,DAYLIGHT,12,MOTOR VEHICLE IN TRANSPORT,WEDGEWOOD AV & 8TH AVS,NASHVILLE,TN,37204,6919,MIDTOW,36.1343,-86.7796,POINT (-86.7796 36.1343)
20190554826,07/25/2019 10:10:00 AM,2,0,0,,Y,226622,16,Rear to Side,21,CLEAR,1,DAYLIGHT,12,MOTOR VEHICLE IN TRANSPORT,HARPETH GLEN TRC & ALLENS LN,NASHVILLE,TN,37221,4809,WEST,36.0553,-86.969,POINT (-86.969 36.0553)
20190569064,07/31/2019 09:43:00 AM,2,0,0,,N,420059,11,Front to Rear,21,CLEAR,1,DAYLIGHT,12,MOTOR VEHICLE IN TRANSPORT,FRANKLIN PKE & OLD HICKORY BLVD,NASHVILLE,TN,37220,7111,MIDTOW,36.0377,-86.7865,POINT (-86.7865 36.0377)
20190428526,06/05/2019 11:52:00 AM,2,0,0,,N,665896,4,ANGLE,21,CLEAR,1,DAYLIGHT,12;14,MOTOR VEHICLE IN TRANSPORT;PARKED MOTOR VEHICLE,JAMES ROBERTSON PKWY & S 5TH ST,NASHVILLE,TN,37206,1113,EAST,36.1728,-86.7653,POINT (-86.7653 36.1728)
20190429896,06/05/2019 11:07:00 PM,2,2,0,,N,166477,6,SIDESWIPE - OPPOSITE DIRECTION,21,CLEAR,3,DARK - LIGHTED,12,MOTOR VEHICLE IN TRANSPORT,MT VIEW RD & BELL RD,ANTIOCH,TN,37013,8865,SOUTH,36.05,-86.6496,POINT (-86.6496 36.05)
20190362243,05/11/2019 07:42:00 PM,3,0,0,,N,330428,11,Front to Rear,21,CLEAR,2,DARK - NOT LIGHTED,12,MOTOR VEHICLE IN TRANSPORT,MM 201 1 I 40,NASHVILLE,TN,37209,46027,WEST,36.1314,-86.8982,POINT (-86.8982 36.1314)
20190450398,06/13/2019 04:50:00 PM,2,2,0,,N,299238,4,ANGLE,21,CLEAR,1,DAYLIGHT,12,MOTOR VEHICLE IN TRANSPORT,SEYMOUR AV & GALLATIN AV,NASHVILLE,TN,37206,1319,EAST,36.1855,-86.7466,POINT (-86.7466 36.1855)
20190526995,07/14/2019 04:51:00 PM,2,0,0,,N,330415,5,SIDESWIPE - SAME DIRECTION,21,CLEAR,1,DAYLIGHT,12,MOTOR VEHICLE IN TRANSPORT,0 MIDDLETON ST,NASHVILLE,TN,37210,4033,CENTRA,36.1549,-86.7693,POINT (-86.7693 36.1549)
20190186906,03/09/2019 03:11:00 PM,3,2,0,,N,433550,4,ANGLE,2,RAIN,1,DAYLIGHT,13,MOTOR VEHICLE IN TRANSPORT-OTHER ROADWAY,TULIP GROVE RD & CHANDLER RD,HERMITAGE,TN,37076,9513,HERMIT,36.1997,-86.592,POINT (-86.592 36.1997)
20190477542,06/24/2019 03:25:00 PM,2,0,0,,N,714641,5,SIDESWIPE - SAME DIRECTION,21,CLEAR,1,DAYLIGHT,12,MOTOR VEHICLE IN TRANSPORT,ACADEMY PL & ROLLING MILL HILL RD,NASHVILLE,TN,37210,4001,CENTRA,36.1568,-86.7653,POINT (-86.7653 36.1568)
20190563352,07/29/2019 12:00:00 AM,1,0,0,,Y,161945,9,UNKNOWN,21,CLEAR,2,DARK - NOT LIGHTED,99,UNKNOWN MOST HARMFUL EVENT,6000 NOLENSVILLE PKE,ANTIOCH,TN,37013,8759,SOUTH,36.0297,-86.7126,POINT (-86.7126 36.0297)
20190083850,01/31/2019 03:33:00 PM,2,0,0,,Y,212343,11,Front to Rear,21,CLEAR,1,DAYLIGHT,12,MOTOR VEHICLE IN TRANSPORT,JEFFERSON ST & 3RD AVN,NASHVILLE,TN,37201,4233,CENTRA,36.175,-86.7847,POINT (-86.7847 36.175)
20190567382,07/30/2019 12:00:00 AM,2,0,0,,N,206674,4,ANGLE,21,CLEAR,1,DAYLIGHT,12,MOTOR VEHICLE IN TRANSPORT,BUENA VISTA PKE & MATTIE ST,NASHVILLE,TN,37218,3101,NORTH,36.2,-86.8253,POINT (-86.8253 36.2)
20190027815,01/11/2019 12:58:00 PM,2,0,0,,N,191578,4,ANGLE,22,CLOUDY,1,DAYLIGHT,12,MOTOR VEHICLE IN TRANSPORT,STEWARTS FERRY PKE & PERCY PRIEST DR,NASHVILLE,TN,37214,8955,HERMIT,36.1539,-86.6256,POINT (-86.6256 36.1539)
20190565069,07/29/2019 07:15:00 PM,2,0,0,,N,330443,5,SIDESWIPE - SAME DIRECTION,21,CLEAR,3,DARK - LIGHTED,12,MOTOR VEHICLE IN TRANSPORT,MM 93 8 I 65,MADISON,TN,37115,17042,MADISO,36.2854,-86.7282,POINT (-86.7282 36.2854)
20190566763,07/30/2019 12:51:00 PM,2,1,0,,N,584947,4,ANGLE,21,CLEAR,1,DAYLIGHT,12,MOTOR VEHICLE IN TRANSPORT,MCNALLY DR & ATLAS DR,NASHVILLE,TN,37211,8511,MIDTOW,36.0925,-86.741,POINT (-86.741 36.0925)
20190295834,04/17/2019 01:30:00 PM,2,0,0,,Y,716886,5,SIDESWIPE - SAME DIRECTION,21,CLEAR,1,DAYLIGHT,12,MOTOR VEHICLE IN TRANSPORT,MM 60 4 I 24,ANTIOCH,TN,37013,88060,SOUTH,36.0364,-86.6449,POINT (-86.6449 36.0364)
20190170048,03/04/2019 02:21:00 AM,1,0,0,,Y,468098,0,NOT COLLISION W/MOTOR VEHICLE-TRANSPORT,21,CLEAR,3,DARK - LIGHTED,34,DITCH,PEBBLE CREEK CIR & PEPPER RIDGE CIR,ANTIOCH,TN,37013,8897,SOUTH,36.0743,-86.6636,POINT (-86.6636 36.0743)
20190318922,04/25/2019 09:05:00 AM,2,1,0,,N,665896,11,Front to Rear,22,CLOUDY,1,DAYLIGHT,12,MOTOR VEHICLE IN TRANSPORT,MAIN ST & S 9TH ST,NASHVILLE,TN,37206,1999,EAST,36.176,-86.7572,POINT (-86.7572 36.176)
20190422558,06/03/2019 12:00:00 AM,2,3,0,,N,429205,11,Front to Rear,21,CLEAR,1,DAYLIGHT,12,MOTOR VEHICLE IN TRANSPORT,S 1ST ST & WOODLAND ST,NASHVILLE,TN,37213,1133,CENTRA,36.1691,-86.7723,POINT (-86.7723 36.1691)
20190250452,04/01/2019 08:00:00 AM,1,0,0,Y,N,320601,0,NOT COLLISION W/MOTOR VEHICLE-TRANSPORT,21,CLEAR,1,DAYLIGHT,1,,MT VIEW RD & HICKORY HOLLOW MALL PVTDR P,ANTIOCH,TN,37013,8871,SOUTH,36.0538,-86.6559,POINT (-86.6559 36.0538)
20190164832,03/01/2019 05:03:00 PM,2,0,0,,Y,212331,4,ANGLE,2,RAIN,1,DAYLIGHT,12,MOTOR VEHICLE IN TRANSPORT,GALLATIN PKEN & ALTUS AV,MADISON,TN,37115,1721,MADISO,36.2896,-86.7042,POINT (-86.7042 36.2896)
20190491178,06/29/2019 02:28:00 PM,2,0,0,,N,209184,11,Front to Rear,21,CLEAR,1,DAYLIGHT,12,MOTOR VEHICLE IN TRANSPORT,MT VIEW RD & HIGHLANDER DR,ANTIOCH,TN,37013,8861,SOUTH,36.055,-86.6623,POINT (-86.6623 36.055)