Accident Number,Date and Time,Number of Motor Vehicles,Number of Injuries,Number of Fatalities,Property Damage,Hit and Run,Reporting Officer,Collision Type Code,Collision Type Description,Weather Code,Weather Description,Illumination Code,Illumination Description,Harmful Code,Harmful Code Description,Street Address,City,State,ZIP,RPA,Precinct,Latitude,Longitude,Mapped Location
20190400615,05/25/2019 04:55:00 PM,2,0,0,,N,330443,4,ANGLE,21,CLEAR,1,DAYLIGHT,12,MOTOR VEHICLE IN TRANSPORT,TWIN HILLS DR & PAULA DR,MADISON,TN,37115,1721,MADISO,36.2982,-86.6884,POINT (-86.6884 36.2982)
20190055893,01/22/2019 07:48:00 AM,2,0,0,,N,212325,11,Front to Rear,21,CLEAR,1,DAYLIGHT,12,MOTOR VEHICLE IN TRANSPORT,MM 89 8 I 65,NASHVILLE,TN,37207,2002,MADISO,36.237,-86.7602,POINT (-86.7602 36.237)
20190579694,08/04/2019 04:50:00 PM,2,0,0,,N,206964,5,SIDESWIPE - SAME DIRECTION,2,RAIN,1,DAYLIGHT,12,MOTOR VEHICLE IN TRANSPORT,MT VIEW RD & HICKORY HOLLOW PKWY,ANTIOCH,TN,37013,8859,SOUTH,36.0588,-86.6705,POINT (-86.6705 36.0588)
20190000562,01/01/2019 03:00:00 AM,2,0,0,,Y,674298,5,SIDESWIPE - SAME DIRECTION,21,CLEAR,3,DARK - LIGHTED,12,MOTOR VEHICLE IN TRANSPORT,MM 51 1 I 24,NASHVILLE,TN,37210,81020,SOUTH,36.1315,-86.7272,POINT (-86.7272 36.1315)
20190562050,07/27/2019 10:30:00 PM,2,0,0,,Y,330440,6,SIDESWIPE - OPPOSITE DIRECTION,21,CLEAR,3,DARK - LIGHTED,14,PARKED MOTOR VEHICLE,12TH AVN & BUCHANAN ST,NASHVILLE,TN,37208,4453,NORTH,36.1797,-86.8059,POINT (-86.8059 36.1797)
20190259513,04/04/2019 12:00:00 AM,2,0,0,,Y,716886,6,SIDESWIPE - OPPOSITE DIRECTION,21,CLEAR,1,DAYLIGHT,14,PARKED MOTOR VEHICLE,PEBBLE CREEK DR & PEBBLE CREEK CTE,ANTIOCH,TN,37013,8861,SOUTH,36.0711,-86.6512,POINT (-86.6512 36.0711)
20190217130,03/20/2019 12:55:00 PM,2,0,0,,N,405391,11,Front to Rear,21,CLEAR,1,DAYLIGHT,12,MOTOR VEHICLE IN TRANSPORT,CHARLOTTE PKE & W HILLWOOD DR,NASHVILLE,TN,37209,5009,WEST,36.1347,-86.8881,POINT (-86.8881 36.1347)
20190175326,03/05/2019 05:02:00 PM,2,0,0,,N,197054,4,ANGLE,21,CLEAR,1,DAYLIGHT,12,MOTOR VEHICLE IN TRANSPORT,BRILEY PKWY N ENT RAMP & BRILEY PKWYN,NASHVILLE,TN,37209,45065,WEST,36.1584,-86.8635,POINT (-86.8635 36.1584)
20190332875,04/30/2019 12:00:00 AM,2,0,0,,Y,352197,9,UNKNOWN,21,CLEAR,1,DAYLIGHT,14,PARKED MOTOR VEHICLE,HARDING PL & EZELL PKE,NASHVILLE,TN,37211,8847,SOUTH,36.0892,-86.6874,POINT (-86.6874 36.0892)
20190275135,04/10/2019 07:25:00 AM,2,0,0,,N,628640,5,SIDESWIPE - SAME DIRECTION,21,CLEAR,1,DAYLIGHT,12,MOTOR VEHICLE IN TRANSPORT,MM 52 5 I 24,NASHVILLE,TN,37217,8816,SOUTH,36.1256,-86.7279,POINT (-86.7279 36.1256)
20190128193,02/16/2019 02:06:00 PM,1,0,0,Y,Y,320582,0,NOT COLLISION W/MOTOR VEHICLE-TRANSPORT,22,CLOUDY,1,DAYLIGHT,38,FENCE,1800 DICKERSON PKE,NASHVILLE,TN,37207,1863,EAST,36.2027,-86.7694,POINT (-86.7694 36.2027)
20190398198,05/24/2019 05:27:00 PM,2,0,0,,N,352197,11,Front to Rear,21,CLEAR,1,DAYLIGHT,12,MOTOR VEHICLE IN TRANSPORT,MURFREESBORO PKE & FAIRCLOTH LN,NASHVILLE,TN,37217,8947,HERMIT,36.1032,-86.6665,POINT (-86.6665 36.1032)
20190126193,02/15/2019 04:12:00 PM,2,0,0,,N,876597,11,Front to Rear,2,RAIN,1,DAYLIGHT,12,MOTOR VEHICLE IN TRANSPORT,MM 56 0 I 24,NASHVILLE,TN,37211,8708,SOUTH,36.0818,-86.6975,POINT (-86.6975 36.0818)
20190149604,02/24/2019 08:50:00 AM,2,0,0,,N,311325,4,ANGLE,21,CLEAR,1,DAYLIGHT,12,MOTOR VEHICLE IN TRANSPORT,LEBANON PKE & BRILEY PKWY S ENT RAMP,NASHVILLE,TN,37214,9027,HERMIT,36.1683,-86.6887,POINT (-86.6887 36.1683)
20190102800,02/07/2019 10:43:00 AM,2,0,0,,N,330431,11,Front to Rear,22,CLOUDY,1,DAYLIGHT,12,MOTOR VEHICLE IN TRANSPORT,MM 49 5 I 24,NASHVILLE,TN,37210,4008,CENTRA,36.1588,-86.7604,POINT (-86.7604 36.1588)
20190500835,07/03/2019 07:50:00 AM,2,0,0,,N,462474,5,SIDESWIPE - SAME DIRECTION,22,CLOUDY,1,DAYLIGHT,12,MOTOR VEHICLE IN TRANSPORT,OMAN ST & LONG BLVD,NASHVILLE,TN,37203,5627,MIDTOW,36.1458,-86.8194,POINT (-86.8194 36.1458)
20190418604,06/01/2019 01:14:00 PM,2,0,0,,N,279113,5,SIDESWIPE - SAME DIRECTION,21,CLEAR,1,DAYLIGHT,12,MOTOR VEHICLE IN TRANSPORT,I24 W ENT RAMP & I 24,NASHVILLE,TN,37206,1009,EAST,36.1666,-86.7638,POINT (-86.7638 36.1666)
20190570095,07/31/2019 05:29:00 PM,2,0,0,,N,714641,5,SIDESWIPE - SAME DIRECTION,21,CLEAR,1,DAYLIGHT,12,MOTOR VEHICLE IN TRANSPORT,7TH AVN & UNION ST,NASHVILLE,TN,37219,4143,CENTRA,36.1633,-86.7834,POINT (-86.7834 36.1633)
20190223279,03/22/2019 10:42:00 AM,2,1,0,,N,279113,98,OTHER,21,CLEAR,1,DAYLIGHT,12,MOTOR VEHICLE IN TRANSPORT,SMITH SPRINGS RD & BELL RD,NASHVILLE,TN,37217,8965,HERMIT,36.0903,-86.6265,POINT (-86.6265 36.0903)
20190139738,02/20/2019 06:23:00 PM,2,0,0,,Y,256439,11,Front to Rear,2,RAIN,3,DARK - LIGHTED,12,MOTOR VEHICLE IN TRANSPORT,ELM HILL PKE & ELM HILL PKE WB EXT RAMP,NASHVILLE,TN,37210,9041,HERMIT,36.1515,-86.6914,POINT (-86.6914 36.1515)
20190046646,01/18/2019 10:00:00 AM,2,1,0,,N,226622,4,ANGLE,22,CLOUDY,1,DAYLIGHT,12,MOTOR VEHICLE IN TRANSPORT,WOODMONT BLVD & HARDING PKE,NASHVILLE,TN,37205,6101,WEST,36.1245,-86.8472,POINT (-86.8472 36.1245)
20190246266,03/30/2019 02:03:00 PM,1,2,0,,N,769379,0,NOT COLLISION W/MOTOR VEHICLE-TRANSPORT,21,CLEAR,1,DAYLIGHT,24,GUARDRAIL FACE,MM 54 8 I 24,NASHVILLE,TN,37211,8812,SOUTH,36.0968,-86.7085,POINT (-86.7085 36.0968)
20190106576,02/08/2019 06:05:00 PM,2,0,0,,N,579971,11,Front to Rear,21,CLEAR,2,DARK - NOT LIGHTED,12,MOTOR VEHICLE IN TRANSPORT,MM 57 2 I 24,NASHVILLE,TN,37211,8706,SOUTH,36.0675,-86.6877,POINT (-86.6877 36.0675)
20190048878,01/19/2019 03:15:00 AM,2,0,0,,Y,279201,5,SIDESWIPE - SAME DIRECTION,2,RAIN,3,DARK - LIGHTED,12,MOTOR VEHICLE IN TRANSPORT,MM 211 6 I 40,NASHVILLE,TN,37210,82042,HERMIT,36.1508,-86.7502,POINT (-86.7502 36.1508)
20190533896,07/17/2019 08:14:00 AM,2,0,0,,N,226622,4,ANGLE,22,CLOUDY,1,DAYLIGHT,12,MOTOR VEHICLE IN TRANSPORT,HILLSBORO PKE & HAMPTON AV,NASHVILLE,TN,37215,6013,WEST,36.1161,-86.8106,POINT (-86.8106 36.1161)
20190221166,03/21/2019 05:30:00 PM,1,0,0,,N,161948,0,NOT COLLISION W/MOTOR VEHICLE-TRANSPORT,21,CLEAR,1,DAYLIGHT,32;34;63,CULVERT;DITCH;Ran Off Road-Right,ELM HILL PKE & METCOM CENTER PVTDR,NASHVILLE,TN,37210,9031,HERMIT,36.1452,-86.708,POINT (-86.708 36.1452)
20190534145,07/17/2019 10:01:00 AM,2,0,0,,N,755026,5,SIDESWIPE - SAME DIRECTION,21,CLEAR,1,DAYLIGHT,12,MOTOR VEHICLE IN TRANSPORT,BRILEY PKWYN & BRILEY PKWYS,NASHVILLE,TN,37211,8404,SOUTH,36.1092,-86.727,POINT (-86.727 36.1092)
20190284196,04/13/2019 02:20:00 PM,2,0,0,,Y,279113,5,SIDESWIPE - SAME DIRECTION,21,CLEAR,1,DAYLIGHT,12,MOTOR VEHICLE IN TRANSPORT,MM 213 6 I 40,NASHVILLE,TN,37217,8802,HERMIT,36.1406,-86.7202,POINT (-86.7202 36.1406)
20190477302,06/24/2019 01:29:00 PM,2,0,0,,N,716886,5,SIDESWIPE - SAME DIRECTION,21,CLEAR,1,DAYLIGHT,12,MOTOR VEHICLE IN TRANSPORT,FESSLERS LN & MURFREESBORO PKE,NASHVILLE,TN,37210,8217,HERMIT,36.1428,-86.7444,POINT (-86.7444 36.1428)
20190292523,04/16/2019 03:05:00 PM,2,0,0,,N,137982,11,Front to Rear,21,CLEAR,1,DAYLIGHT,12,MOTOR VEHICLE IN TRANSPORT,LEBANON PKE & LEBANON PKE EB EXT RAMP,HERMITAGE,TN,37076,9531,HERMIT,36.1972,-86.621,POINT (-86.621 36.1972)
20190322811,04/26/2019 03:17:00 PM,3,1,0,,N,256389,11,Front to Rear,21,CLEAR,1,DAYLIGHT,12,MOTOR VEHICLE IN TRANSPORT,WOODMONT BLVD & LEALAND LN,NASHVILLE,TN,37204,7007,MIDTOW,36.1111,-86.7884,POINT (-86.7884 36.1111)
20190415836,05/31/2019 10:03:00 AM,2,0,0,,Y,226622,11,Front to Rear,21,CLEAR,1,DAYLIGHT,12,MOTOR VEHICLE IN TRANSPORT,OLD HICKORY BLVD & SONYA DR,NASHVILLE,TN,37205,4903,WEST,36.1355,-86.8861,POINT (-86.8861 36.1355)
20190023828,01/09/2019 10:20:00 PM,2,0,0,,Y,493301,3,REAR-TO-REAR,21,CLEAR,3,DARK - LIGHTED,12;14,MOTOR VEHICLE IN TRANSPORT;PARKED MOTOR VEHICLE,CHARLOTTE PKE & WILCLAY DR,NASHVILLE,TN,37209,5025,WEST,36.143,-86.8746,POINT (-86.8746 36.143)
20190430910,06/06/2019 08:00:00 AM,2,0,0,,N,161952,5,SIDESWIPE - SAME DIRECTION,22,CLOUDY,1,DAYLIGHT,12,MOTOR VEHICLE IN TRANSPORT,3219 CLARKSVILLE PKE,NASHVILLE,TN,37218,3161,NORTH,36.1945,-86.8327,POINT (-86.8327 36.1945)
20190136956,02/19/2019 10:18:00 PM,1,0,0,,Y,226175,0,NOT COLLISION W/MOTOR VEHICLE-TRANSPORT,2,RAIN,3,DARK - LIGHTED,34,DITCH,CHARLOTTE PKE & RIVER RD,NASHVILLE,TN,37209,4701,WEST,36.1287,-86.9065,POINT (-86.9065 36.1287)
20190309278,04/22/2019 02:12:00 PM,2,0,0,,N,544481,11,Front to Rear,21,CLEAR,1,DAYLIGHT,12,MOTOR VEHICLE IN TRANSPORT,ELLINGTON PKWYN & CHICKASAW AV,NASHVILLE,TN,37207,18981,EAST,36.2002,-86.7514,POINT (-86.7514 36.2002)
20190312706,04/23/2019 11:34:00 AM,1,0,0,Y,N,716886,0,NOT COLLISION W/MOTOR VEHICLE-TRANSPORT,21,CLEAR,1,DAYLIGHT,34;40,DITCH;MAIL BOX,NEESE DR & I24 E ENT RAMP,NASHVILLE,TN,37211,8401,SOUTH,36.1075,-86.7255,POINT (-86.7255 36.1075)
20190029819,07/15/2019 08:00:00 PM,2,0,0,,N,433550,11,Front to Rear,21,CLEAR,2,DARK - NOT LIGHTED,12,MOTOR VEHICLE IN TRANSPORT,OLD HICKORY BLVD & SELLS DR,HERMITAGE,TN,37076,9543,HERMIT,36.1684,-86.6002,POINT (-86.6002 36.1684)
20190560961,07/27/2019 11:30:00 PM,2,0,0,,N,134867,5,SIDESWIPE - SAME DIRECTION,21,CLEAR,2,DARK - NOT LIGHTED,12,MOTOR VEHICLE IN TRANSPORT,LINDSLEY AV & 2ND AVS,NASHVILLE,TN,37210,4003,CENTRA,36.1524,-86.7688,POINT (-86.7688 36.1524)
20190004681,01/02/2019 03:05:00 PM,2,0,0,,Y,330414,11,Front to Rear,21,CLEAR,1,DAYLIGHT,12,MOTOR VEHICLE IN TRANSPORT,MM 80 7 I 65,NASHVILLE,TN,37204,69020,MIDTOW,36.1252,-86.7728,POINT (-86.7728 36.1252)
20190294711,04/17/2019 06:00:00 AM,2,0,0,,N,161952,11,Front to Rear,21,CLEAR,4,DAWN,12,MOTOR VEHICLE IN TRANSPORT,MM 53 1 I 24,NASHVILLE,TN,37210,88142,SOUTH,36.1172,-86.7256,POINT (-86.7256 36.1172)
20190130488,02/17/2019 05:51:00 PM,2,3,0,,N,429193,11,Front to Rear,2,RAIN,2,DARK - NOT LIGHTED,12,MOTOR VEHICLE IN TRANSPORT,MM 201 8 I 40,NASHVILLE,TN,37209,46027,WEST,36.1385,-86.8896,POINT (-86.8896 36.1385)
20190428256,06/05/2019 09:52:00 AM,2,0,0,,N,594473,11,Front to Rear,21,CLEAR,1,DAYLIGHT,12,MOTOR VEHICLE IN TRANSPORT,OLD HICKORY BLVD & SEVEN SPRINGS WAY,BRENTWOOD,TN,37027,8619,MIDTOW,36.0403,-86.7684,POINT (-86.7684 36.0403)
20190538344,07/18/2019 09:51:00 PM,2,0,0,,N,579971,2,HEAD-ON,22,CLOUDY,3,DARK - LIGHTED,12,MOTOR VEHICLE IN TRANSPORT,MURFREESBORO PKE & BELL RD,ANTIOCH,TN,37013,8979,SOUTH,36.072,-86.636,POINT (-86.636 36.072)
20190129910,02/17/2019 10:08:00 AM,2,0,0,,Y,812949,11,Front to Rear,22,CLOUDY,1,DAYLIGHT,12,MOTOR VEHICLE IN TRANSPORT,KINGS LN & TIMOTHY DR,NASHVILLE,TN,37218,3111,NORTH,36.2176,-86.8448,POINT (-86.8448 36.2176)
20190049874,01/19/2019 06:30:00 PM,1,0,0,Y,Y,299263,0,NOT COLLISION W/MOTOR VEHICLE-TRANSPORT,2,RAIN,3,DARK - LIGHTED,34,DITCH,CLARKSVILLE PKE & CANTARUTTI RD,JOELTON,TN,37080,3245,NORTH,36.2825,-86.8774,POINT (-86.8774 36.2825)
20190279987,04/11/2019 10:09:00 PM,2,0,0,,Y,256439,11,Front to Rear,21,CLEAR,3,DARK - LIGHTED,45,WORKING MOTOR VEHICLE,MM 212 4 I 40,NASHVILLE,TN,37210,82060,HERMIT,36.1441,-86.7389,POINT (-86.7389 36.1441)
20190007241,01/03/2019 04:41:00 PM,2,0,0,,N,256383,11,Front to Rear,22,CLOUDY,1,DAYLIGHT,12,MOTOR VEHICLE IN TRANSPORT,MM 6 6 I 440,NASHVILLE,TN,37210,81040,SOUTH,36.1243,-86.7447,POINT (-86.7447 36.1243)
20190422763,06/03/2019 12:00:00 PM,2,0,0,,N,166478,11,Front to Rear,21,CLEAR,1,DAYLIGHT,12,MOTOR VEHICLE IN TRANSPORT,VANTAGE WAY & FRENCH LANDING DR,NASHVILLE,TN,37228,4499,NORTH,36.1912,-86.7971,POINT (-86.7971 36.1912)
20190035421,01/14/2019 04:03:00 PM,1,0,0,,Y,279194,0,NOT COLLISION W/MOTOR VEHICLE-TRANSPORT,21,CLEAR,1,DAYLIGHT,1;34,DITCH,ASHLAND CITY HWY & DRAKES BRANCH RD,NASHVILLE,TN,37218,3167,NORTH,36.2076,-86.858,POINT (-86.858 36.2076)
20190030979,01/12/2019 07:17:00 PM,2,0,0,,N,433550,2,HEAD-ON,2,RAIN,3,DARK - LIGHTED,13,MOTOR VEHICLE IN TRANSPORT-OTHER ROADWAY,LEBANON PKE & BONNABROOK DR,HERMITAGE,TN,37076,9531,HERMIT,36.1917,-86.6248,POINT (-86.6248 36.1917)
20190037440,01/15/2019 08:45:00 AM,2,0,0,,N,226622,4,ANGLE,22,CLOUDY,1,DAYLIGHT,12,MOTOR VEHICLE IN TRANSPORT,WOODMONT BLVD & HARDING PKE,NASHVILLE,TN,37205,6101,WEST,36.1245,-86.8472,POINT (-86.8472 36.1245)
20190012754,01/05/2019 10:30:00 PM,3,0,0,,Y,212331,4,ANGLE,21,CLEAR,3,DARK - LIGHTED,12;14,MOTOR VEHICLE IN TRANSPORT;PARKED MOTOR VEHICLE,0 DOVERSIDE DR,NASHVILLE,TN,37207,2011,MADISO,36.2414,-86.767,POINT (-86.767 36.2414)
20190264835,04/06/2019 08:06:00 AM,2,0,0,,N,693102,4,ANGLE,22,CLOUDY,1,DAYLIGHT,12,MOTOR VEHICLE IN TRANSPORT,DONELSON PKE & I40 E EXT RAMP,NASHVILLE,TN,37217,8951,HERMIT,36.1401,-86.6664,POINT (-86.6664 36.1401)
20190530964,07/16/2019 07:29:00 AM,3,0,0,,N,716886,5,SIDESWIPE - SAME DIRECTION,21,CLEAR,1,DAYLIGHT,12,MOTOR VEHICLE IN TRANSPORT,MM 53 0 I 24,NASHVILLE,TN,37210,8302,SOUTH,36.1189,-86.7264,POINT (-86.7264 36.1189)
20190080669,01/30/2019 04:31:00 PM,2,0,0,,N,693098,11,Front to Rear,21,CLEAR,1,DAYLIGHT,12,MOTOR VEHICLE IN TRANSPORT,46TH AVN & CHARLOTTE AV,NASHVILLE,TN,37209,5201,WEST,36.1527,-86.8422,POINT (-86.8422 36.1527)
20190302271,04/19/2019 03:27:00 PM,2,0,0,,N,690942,4,ANGLE,2,RAIN,1,DAYLIGHT,12,MOTOR VEHICLE IN TRANSPORT,KOREAN VETERANS BLVD & 1ST AVS,NASHVILLE,TN,37201,4047,CENTRA,36.1583,-86.7719,POINT (-86.7719 36.1583)
20190142445,02/21/2019 04:43:00 PM,2,0,0,,N,717341,4,ANGLE,2,RAIN,1,DAYLIGHT,12,MOTOR VEHICLE IN TRANSPORT,MM 53 1 I 24,NASHVILLE,TN,37210,88142,SOUTH,36.1172,-86.7256,POINT (-86.7256 36.1172)
20190331420,04/30/2019 08:26:00 AM,3,0,0,,N,716886,11,Front to Rear,21,CLEAR,1,DAYLIGHT,12,MOTOR VEHICLE IN TRANSPORT,MM 52 0 I 24,NASHVILLE,TN,37217,8816,SOUTH,36.1329,-86.7267,POINT (-86.7267 36.1329)
20190483098,06/26/2019 01:29:00 PM,2,1,0,,N,191578,6,SIDESWIPE - OPPOSITE DIRECTION,22,CLOUDY,1,DAYLIGHT,12,MOTOR VEHICLE IN TRANSPORT,KNIGHTS OF COLUMBUS BLVD & I40 E ENT RAM,NASHVILLE,TN,37217,8951,HERMIT,36.1422,-86.6967,POINT (-86.6967 36.1422)
20190158518,02/27/2019 10:50:00 AM,5,0,0,,Y,716886,4,ANGLE,21,CLEAR,1,DAYLIGHT,14,PARKED MOTOR VEHICLE,KOTHE WAY & BRUIN DR,ANTIOCH,TN,37013,8979,SOUTH,36.0722,-86.6314,POINT (-86.6314 36.0722)
20190184339,03/08/2019 01:18:00 PM,1,1,0,,N,676834,0,NOT COLLISION W/MOTOR VEHICLE-TRANSPORT,2,RAIN,1,DAYLIGHT,36,CONCRETE TRAFFIC BARRIER,MM 86 3 I 65,NASHVILLE,TN,37207,1910,CENTRA,36.1919,-86.7808,POINT (-86.7808 36.1919)
20190229861,03/25/2019 03:19:00 AM,2,1,0,,Y,212342,6,SIDESWIPE - OPPOSITE DIRECTION,2,RAIN,3,DARK - LIGHTED,12,MOTOR VEHICLE IN TRANSPORT,1100 VULTEE BLVD,NASHVILLE,TN,37217,8821,HERMIT,36.1239,-86.7074,POINT (-86.7074 36.1239)
20190539274,07/19/2019 08:10:00 AM,2,1,0,,N,676834,11,Front to Rear,21,CLEAR,1,DAYLIGHT,12,MOTOR VEHICLE IN TRANSPORT,MM 207 2 I 40,NASHVILLE,TN,37208,54020,NORTH,36.1698,-86.8089,POINT (-86.8089 36.1698)
20190144201,02/22/2019 07:04:00 AM,2,1,0,,N,311804,0,NOT COLLISION W/MOTOR VEHICLE-TRANSPORT,2,RAIN,1,DAYLIGHT,12;30,MOTOR VEHICLE IN TRANSPORT;UTILITY POLE,MM 48 0 I 24,NASHVILLE,TN,37213,1908,CENTRA,36.1759,-86.7721,POINT (-86.7721 36.1759)
20190052320,01/20/2019 10:58:00 PM,2,0,0,,N,279195,11,Front to Rear,21,CLEAR,3,DARK - LIGHTED,12,MOTOR VEHICLE IN TRANSPORT,OLD HICKORY BLVD & LEBANON PKE,OLD HICKORY,TN,37138,9739,HERMIT,36.0875,-86.6922,POINT (-86.6922 36.0875)
20190581594,08/05/2019 11:40:00 AM,2,0,0,,N,352168,4,ANGLE,21,CLEAR,1,DAYLIGHT,12,MOTOR VEHICLE IN TRANSPORT,HILLSBORO PKE & STOKES LN,NASHVILLE,TN,37215,6419,MIDTOW,36.1194,-86.8089,POINT (-86.8089 36.1194)
20190331342,04/30/2019 08:00:00 AM,3,2,0,,N,226136,11,Front to Rear,22,CLOUDY,1,DAYLIGHT,12,MOTOR VEHICLE IN TRANSPORT,WEDGEWOOD AV & I65 N ENT RAMP,NASHVILLE,TN,37204,8027,MIDTOW,36.1343,-86.7747,POINT (-86.7747 36.1343)
20190284078,04/13/2019 11:52:00 AM,2,0,0,,N,320601,4,ANGLE,22,CLOUDY,1,DAYLIGHT,12,MOTOR VEHICLE IN TRANSPORT,ANTIOCH PKE & HARDING PL,NASHVILLE,TN,37211,8847,SOUTH,36.0874,-86.6922,POINT (-86.6922 36.0874)
20190343010,05/04/2019 12:45:00 PM,2,0,0,,N,224797,4,ANGLE,22,CLOUDY,1,DAYLIGHT,12,MOTOR VEHICLE IN TRANSPORT,CHARLOTTE AV & 53RD AVN,NASHVILLE,TN,37209,5123,WEST,36.1519,-86.8511,POINT (-86.8511 36.1519)
20190171762,03/04/2019 02:44:00 PM,2,0,0,,Y,256389,4,ANGLE,21,CLEAR,1,DAYLIGHT,12,MOTOR VEHICLE IN TRANSPORT,MM 78 1 I 65,NASHVILLE,TN,37204,7002,MIDTOW,36.0868,-86.7632,POINT (-86.7632 36.0868)
20190269264,04/08/2019 06:30:00 AM,2,0,0,,N,224953,4,ANGLE,2,RAIN,1,DAYLIGHT,12,MOTOR VEHICLE IN TRANSPORT,5TH AVN & UNION ST,NASHVILLE,TN,37219,4141,CENTRA,36.1643,-86.7809,POINT (-86.7809 36.1643)
20190465168,06/19/2019 01:35:00 PM,1,1,0,,N,352184,0,NOT COLLISION W/MOTOR VEHICLE-TRANSPORT,21,CLEAR,1,DAYLIGHT,8,PEDESTRIAN,CHURCH ST & 6TH AVN,NASHVILLE,TN,37219,4125,CENTRA,36.1626,-86.7814,POINT (-86.7814 36.1626)
20190573712,08/02/2019 03:30:00 AM,2,1,0,,N,240978,11,Front to Rear,21,CLEAR,3,DARK - LIGHTED,12,MOTOR VEHICLE IN TRANSPORT,GALLATIN PKE & SPAIN AV,NASHVILLE,TN,37216,1403,EAST,36.2001,-86.7404,POINT (-86.7404 36.2001)
20190254311,04/02/2019 03:42:00 PM,2,1,0,Y,N,524985,11,Front to Rear,21,CLEAR,1,DAYLIGHT,12;38,MOTOR VEHICLE IN TRANSPORT;FENCE,MM 38 5 I 24,WHITES CREEK,TN,37189,33181,NORTH,36.3034,-86.8132,POINT (-86.8132 36.3034)
20190261981,04/05/2019 07:22:00 AM,1,0,0,,N,140788,0,NOT COLLISION W/MOTOR VEHICLE-TRANSPORT,22,CLOUDY,4,DAWN,50,DEER (ANIMAL),BUENA VISTA PKE & EAST LN,NASHVILLE,TN,37218,3101,NORTH,36.2012,-86.8224,POINT (-86.8224 36.2012)
20190508950,07/06/2019 04:05:00 PM,2,0,0,,N,320582,0,NOT COLLISION W/MOTOR VEHICLE-TRANSPORT,22,CLOUDY,1,DAYLIGHT,18,OTHER OBJECT (NOT FIXED),EWING DR & BROADMOOR DR,NASHVILLE,TN,37207,1807,EAST,36.23,-86.7626,POINT (-86.7626 36.23)
20190057328,01/22/2019 05:19:00 PM,2,0,0,,N,256422,11,Front to Rear,21,CLEAR,3,DARK - LIGHTED,12,MOTOR VEHICLE IN TRANSPORT,CLARKSVILLE PKE & TSU CONNECTOR,NASHVILLE,TN,37208,4425,NORTH,36.1896,-86.8244,POINT (-86.8244 36.1896)
20190097705,02/05/2019 05:45:00 PM,2,0,0,,Y,151132,6,SIDESWIPE - OPPOSITE DIRECTION,22,CLOUDY,5,DUSK,12,MOTOR VEHICLE IN TRANSPORT,SKYLINE COMMONS PVTDR & DOVERSIDE DR,NASHVILLE,TN,37207,2011,MADISO,36.2442,-86.7622,POINT (-86.7622 36.2442)
20190318220,04/25/2019 03:00:00 AM,2,1,0,,Y,110090,11,Front to Rear,21,CLEAR,3,DARK - LIGHTED,1;12,MOTOR VEHICLE IN TRANSPORT,MM 59 0 I 24,ANTIOCH,TN,37013,8808,SOUTH,36.049,-86.6651,POINT (-86.6651 36.049)
20190279249,04/11/2019 02:51:00 PM,2,0,0,,N,197070,5,SIDESWIPE - SAME DIRECTION,21,CLEAR,1,DAYLIGHT,12,MOTOR VEHICLE IN TRANSPORT,MM 207 3 I 40,NASHVILLE,TN,37208,54021,NORTH,36.1703,-86.8056,POINT (-86.8056 36.1703)
20190375140,05/16/2019 01:38:00 PM,2,1,0,,N,591936,4,ANGLE,21,CLEAR,1,DAYLIGHT,12,MOTOR VEHICLE IN TRANSPORT,FORT NEGLEY BLVD & CHESTNUT ST,NASHVILLE,TN,37203,8007,MIDTOW,36.1421,-86.7758,POINT (-86.7758 36.1421)
20190301500,04/19/2019 09:35:00 AM,2,0,0,,N,716886,11,Front to Rear,2,RAIN,1,DAYLIGHT,12,MOTOR VEHICLE IN TRANSPORT,MM 7 2 I 440,NASHVILLE,TN,37210,83043,SOUTH,36.1251,-86.7339,POINT (-86.7339 36.1251)
20190126709,02/15/2019 10:55:00 PM,2,0,0,,Y,279221,11,Front to Rear,2,RAIN,3,DARK - LIGHTED,12,MOTOR VEHICLE IN TRANSPORT,I65 N EXT RAMP & OLD HICKORY BLVDW,MADISON,TN,37115,1777,MADISO,36.2642,-86.7356,POINT (-86.7356 36.2642)
20190453217,06/14/2019 04:23:00 PM,2,0,0,,Y,299257,11,Front to Rear,21,CLEAR,1,DAYLIGHT,12,MOTOR VEHICLE IN TRANSPORT,MM 5 3 I 440,NASHVILLE,TN,37204,81061,MIDTOW,36.1194,-86.7669,POINT (-86.7669 36.1194)
20190100742,02/06/2019 04:17:00 PM,2,1,0,,N,580819,4,ANGLE,2,RAIN,1,DAYLIGHT,12,MOTOR VEHICLE IN TRANSPORT,JAMES ROBERTSON PKWY & GAY ST,NASHVILLE,TN,37219,4203,CENTRA,36.192,-86.7173,POINT (-86.7173 36.192)
20190302488,04/19/2019 04:57:00 PM,2,0,0,,N,299244,4,ANGLE,2,RAIN,1,DAYLIGHT,12,MOTOR VEHICLE IN TRANSPORT,DEMONBREUN ST & 10TH AVS,NASHVILLE,TN,37203,4019,CENTRA,36.156,-86.7829,POINT (-86.7829 36.156)
20190092101,02/04/2019 12:03:00 AM,1,1,0,Y,N,151122,0,NOT COLLISION W/MOTOR VEHICLE-TRANSPORT,21,CLEAR,3,DARK - LIGHTED,33,CURB,APACHE TRL & HAYWOOD SQUARE PVTDR,NASHVILLE,TN,37211,8709,SOUTH,36.0687,-86.6939,POINT (-86.6939 36.0687)
20190244303,03/29/2019 04:47:00 PM,2,1,0,,Y,151132,2,HEAD-ON,22,CLOUDY,1,DAYLIGHT,12,MOTOR VEHICLE IN TRANSPORT,CUNNIFF PKWY & DICKERSON PKES,MADISON,TN,37115,2101,MADISO,36.2843,-86.7464,POINT (-86.7464 36.2843)