Accident Number,Date and Time,Number of Motor Vehicles,Number of Injuries,Number of Fatalities,Property Damage,Hit and Run,Reporting Officer,Collision Type Code,Collision Type Description,Weather Code,Weather Description,Illumination Code,Illumination Description,Harmful Code,Harmful Code Description,Street Address,City,State,ZIP,RPA,Precinct,Latitude,Longitude,Mapped Location
20190299660,04/18/2019 04:26:00 PM,2,0,0,,N,299257,11,Front to Rear,21,CLEAR,1,DAYLIGHT,12,MOTOR VEHICLE IN TRANSPORT,MM 80 4 I 65,NASHVILLE,TN,37204,69021,MIDTOW,36.1187,-86.7737,POINT (-86.7737 36.1187)
20190162347,02/28/2019 07:01:00 PM,2,0,0,,Y,279124,11,Front to Rear,21,CLEAR,3,DARK - LIGHTED,12,MOTOR VEHICLE IN TRANSPORT,MM 53 0 I 24,NASHVILLE,TN,37210,8302,SOUTH,36.1189,-86.7264,POINT (-86.7264 36.1189)
20190096057,02/05/2019 12:00:00 AM,2,0,0,,N,212369,11,Front to Rear,21,CLEAR,1,DAYLIGHT,12,MOTOR VEHICLE IN TRANSPORT,MM 82 0 I 65,NASHVILLE,TN,37203,80061,MIDTOW,36.1433,-86.7769,POINT (-86.7769 36.1433)
20190514981,07/09/2019 05:36:00 PM,2,0,0,,N,352209,4,ANGLE,21,CLEAR,1,DAYLIGHT,12,MOTOR VEHICLE IN TRANSPORT,WOODLAND ST & N 18TH ST,NASHVILLE,TN,37206,1259,EAST,36.1769,-86.738,POINT (-86.738 36.1769)
20190405436,05/27/2019 08:40:00 PM,2,0,0,,N,299257,4,ANGLE,21,CLEAR,3,DARK - LIGHTED,12,MOTOR VEHICLE IN TRANSPORT,MM 77 6 I 65,NASHVILLE,TN,37220,86042,MIDTOW,36.0799,-86.7644,POINT (-86.7644 36.0799)
20190572419,08/01/2019 04:02:00 PM,1,1,0,,N,320582,0,NOT COLLISION W/MOTOR VEHICLE-TRANSPORT,21,CLEAR,1,DAYLIGHT,8,PEDESTRIAN,2327 DICKERSON PKE,NASHVILLE,TN,37207,1833,EAST,36.2083,-86.7674,POINT (-86.7674 36.2083)
20190087293,02/01/2019 07:12:00 PM,2,0,0,,N,256383,5,SIDESWIPE - SAME DIRECTION,22,CLOUDY,3,DARK - LIGHTED,12,MOTOR VEHICLE IN TRANSPORT,BELL FORGE LNE & BELL RD,ANTIOCH,TN,37013,8865,SOUTH,36.0505,-86.6468,POINT (-86.6468 36.0505)
20190504541,07/04/2019 04:22:00 PM,1,0,0,,Y,834813,0,NOT COLLISION W/MOTOR VEHICLE-TRANSPORT,22,CLOUDY,1,DAYLIGHT,72,EMBANKMENT ROCK/STONE/CONCRETE,4773 LICKTON PKE,WHITES CREEK,TN,37189,3301,NORTH,36.2854,-86.8134,POINT (-86.8134 36.2854)
20190547083,07/22/2019 03:15:00 PM,1,0,0,Y,N,330431,0,NOT COLLISION W/MOTOR VEHICLE-TRANSPORT,22,CLOUDY,1,DAYLIGHT,18,OTHER OBJECT (NOT FIXED),GRAYS POINT RD & CRAFT RD,JOELTON,TN,37080,3319,NORTH,36.2895,-86.8969,POINT (-86.8969 36.2895)
20190455397,06/15/2019 12:00:00 AM,2,1,0,,Y,298861,11,Front to Rear,21,CLEAR,1,DAYLIGHT,12,MOTOR VEHICLE IN TRANSPORT,MM 210 6 I 40,NASHVILLE,TN,37210,8202,HERMIT,36.1526,-86.7659,POINT (-86.7659 36.1526)
20190032069,01/13/2019 07:15:00 AM,2,0,0,,Y,320575,4,ANGLE,22,CLOUDY,1,DAYLIGHT,12,MOTOR VEHICLE IN TRANSPORT,PEBBLE CREEK DR & UNA ANTIOCH PKE,ANTIOCH,TN,37013,8861,SOUTH,36.0741,-86.6633,POINT (-86.6633 36.0741)
20190087951,02/01/2019 11:15:00 PM,2,1,0,,N,206672,4,ANGLE,21,CLEAR,3,DARK - LIGHTED,12,MOTOR VEHICLE IN TRANSPORT,GALLATIN PKES & GALLATIN PKE,MADISON,TN,37115,1517,MADISO,36.2383,-86.724,POINT (-86.724 36.2383)
20190319963,04/25/2019 02:43:00 PM,2,0,0,,N,240955,11,Front to Rear,22,CLOUDY,1,DAYLIGHT,12,MOTOR VEHICLE IN TRANSPORT,OLD HICKORY BLVD & LOGISTICS WAY,ANTIOCH,TN,37013,8869,SOUTH,36.0286,-86.614,POINT (-86.614 36.0286)
20190385206,05/20/2019 01:48:00 PM,2,1,0,,N,311804,4,ANGLE,21,CLEAR,1,DAYLIGHT,12,MOTOR VEHICLE IN TRANSPORT,INTERSTATE DR & JAMES ROBERTSON PKWY,NASHVILLE,TN,37213,1105,CENTRA,36.1714,-86.769,POINT (-86.769 36.1714)
20190217694,03/20/2019 05:05:00 PM,2,0,0,,N,240968,5,SIDESWIPE - SAME DIRECTION,21,CLEAR,1,DAYLIGHT,12,MOTOR VEHICLE IN TRANSPORT,MURFREESBORO PKE & RURAL HILL RD,ANTIOCH,TN,37013,8861,SOUTH,36.0745,-86.6387,POINT (-86.6387 36.0745)
20190486087,06/27/2019 01:35:00 PM,2,0,0,,N,716886,5,SIDESWIPE - SAME DIRECTION,21,CLEAR,1,DAYLIGHT,12,MOTOR VEHICLE IN TRANSPORT,BELL RD & BLUE HOLE RD,ANTIOCH,TN,37013,8721,SOUTH,36.0457,-86.6744,POINT (-86.6744 36.0457)
20190433943,06/07/2019 10:41:00 AM,4,0,0,,N,584947,11,Front to Rear,22,CLOUDY,1,DAYLIGHT,12,MOTOR VEHICLE IN TRANSPORT,I65 S ENT RAMP & OLD HICKORY BLVD,NASHVILLE,TN,37220,7111,MIDTOW,36.0376,-86.7851,POINT (-86.7851 36.0376)
20190387832,05/21/2019 10:56:00 AM,2,0,0,,N,485261,5,SIDESWIPE - SAME DIRECTION,21,CLEAR,1,DAYLIGHT,14,PARKED MOTOR VEHICLE,2ND AVN & CHURCH ST,NASHVILLE,TN,37201,4133,CENTRA,36.1646,-86.7769,POINT (-86.7769 36.1646)
20190459921,06/17/2019 03:00:00 PM,1,0,0,,N,279224,0,NOT COLLISION W/MOTOR VEHICLE-TRANSPORT,21,CLEAR,1,DAYLIGHT,36,CONCRETE TRAFFIC BARRIER,MM 49 3 I 24,NASHVILLE,TN,37206,10040,EAST,36.1629,-86.7614,POINT (-86.7614 36.1629)
20190123053,02/14/2019 04:30:00 PM,2,2,0,,N,206675,11,Front to Rear,21,CLEAR,1,DAYLIGHT,12,MOTOR VEHICLE IN TRANSPORT,BLAKEMORE AV & 23RD AVS,NASHVILLE,TN,37212,5825,MIDTOW,36.1379,-86.803,POINT (-86.803 36.1379)
20190284418,04/13/2019 04:30:00 PM,2,0,0,,Y,212346,5,SIDESWIPE - SAME DIRECTION,22,CLOUDY,1,DAYLIGHT,14,PARKED MOTOR VEHICLE,ARCADE ALY & THE ARCADE,NASHVILLE,TN,37219,4139,CENTRA,36.1645,-86.7802,POINT (-86.7802 36.1645)
20190224212,03/22/2019 05:14:00 PM,2,0,0,,N,212343,11,Front to Rear,21,CLEAR,1,DAYLIGHT,12,MOTOR VEHICLE IN TRANSPORT,MM 49 2 I 24,NASHVILLE,TN,37213,1002,CENTRA,36.1637,-86.7625,POINT (-86.7625 36.1637)
20190131668,02/18/2019 06:19:00 AM,2,0,0,,N,716886,11,Front to Rear,21,CLEAR,1,DAYLIGHT,12,MOTOR VEHICLE IN TRANSPORT,MM 54 2 I 24,NASHVILLE,TN,37211,88122,SOUTH,36.1038,-86.7151,POINT (-86.7151 36.1038)
20190382692,05/19/2019 11:35:00 AM,1,2,0,Y,N,224464,0,NOT COLLISION W/MOTOR VEHICLE-TRANSPORT,21,CLEAR,1,DAYLIGHT,19,BUILDING,GARFIELD ST & DELTA AV,NASHVILLE,TN,37208,4347,NORTH,36.1798,-86.7987,POINT (-86.7987 36.1798)
20190427937,06/05/2019 06:55:00 AM,3,0,0,,N,483529,5,SIDESWIPE - SAME DIRECTION,21,CLEAR,1,DAYLIGHT,12;14,MOTOR VEHICLE IN TRANSPORT;PARKED MOTOR VEHICLE,MM 88 9 I 65,NASHVILLE,TN,37207,20021,MADISO,36.2296,-86.7719,POINT (-86.7719 36.2296)
20190567785,07/30/2019 09:23:00 PM,1,0,0,Y,N,240955,0,NOT COLLISION W/MOTOR VEHICLE-TRANSPORT,21,CLEAR,3,DARK - LIGHTED,30;63,UTILITY POLE;Ran Off Road-Right,NOLENSVILLE PKE & BARNES RD,ANTIOCH,TN,37013,8757,SOUTH,36.0335,-86.713,POINT (-86.713 36.0335)
20190054739,01/21/2019 05:58:00 PM,2,0,0,,N,299266,4,ANGLE,21,CLEAR,2,DARK - NOT LIGHTED,12,MOTOR VEHICLE IN TRANSPORT,MURFREESBORO PKE & FOREST VIEW DR,ANTIOCH,TN,37013,8865,SOUTH,36.0674,-86.6313,POINT (-86.6313 36.0674)
20190064907,01/25/2019 07:00:00 AM,2,0,0,,Y,226622,11,Front to Rear,21,CLEAR,1,DAYLIGHT,12,MOTOR VEHICLE IN TRANSPORT,MM 205 5 I 40,NASHVILLE,TN,37209,52040,WEST,36.1549,-86.8305,POINT (-86.8305 36.1549)
20190564417,07/29/2019 02:10:00 PM,2,1,0,,N,140777,5,SIDESWIPE - SAME DIRECTION,21,CLEAR,1,DAYLIGHT,12;36,MOTOR VEHICLE IN TRANSPORT;CONCRETE TRAFFIC BARRIER,MM 81 5 I 65,NASHVILLE,TN,37203,8006,MIDTOW,36.1361,-86.7756,POINT (-86.7756 36.1361)
20190415439,05/31/2019 07:25:00 AM,1,1,0,,N,224955,0,NOT COLLISION W/MOTOR VEHICLE-TRANSPORT,21,CLEAR,1,DAYLIGHT,36,CONCRETE TRAFFIC BARRIER,BRILEY PKWYW & BRILEY PKWY W EXT RAMP,MADISON,TN,37115,1598,MADISO,36.2346,-86.7177,POINT (-86.7177 36.2346)
20190338508,05/02/2019 05:42:00 PM,2,0,0,,N,151132,5,SIDESWIPE - SAME DIRECTION,22,CLOUDY,1,DAYLIGHT,12,MOTOR VEHICLE IN TRANSPORT,GALLATIN PKEN & ONE MILE PKWY,MADISON,TN,37115,1717,MADISO,36.2794,-86.7088,POINT (-86.7088 36.2794)
20190130351,02/17/2019 04:27:00 PM,1,0,0,,N,240957,0,NOT COLLISION W/MOTOR VEHICLE-TRANSPORT,2,RAIN,1,DAYLIGHT,44,PAVED SURFACE-IRREGULAR,MM 81 9 I 65,NASHVILLE,TN,37203,80060,MIDTOW,36.1419,-86.7766,POINT (-86.7766 36.1419)
20190135245,02/19/2019 07:00:00 AM,2,0,0,,Y,620072,6,SIDESWIPE - OPPOSITE DIRECTION,22,CLOUDY,1,DAYLIGHT,12,MOTOR VEHICLE IN TRANSPORT,19TH AVS & BROADWAY,NASHVILLE,TN,37203,5705,MIDTOW,36.151,-86.7965,POINT (-86.7965 36.151)
20190365242,05/13/2019 06:55:00 AM,2,0,0,,N,222047,4,ANGLE,21,CLEAR,1,DAYLIGHT,12,MOTOR VEHICLE IN TRANSPORT,MURFREESBORO PKE & MURFREESBORO PKE EXT,NASHVILLE,TN,37217,8801,SOUTH,36.136,-86.7254,POINT (-86.7254 36.136)
20190426112,06/04/2019 02:21:00 PM,2,0,0,,Y,330445,11,Front to Rear,21,CLEAR,1,DAYLIGHT,12,MOTOR VEHICLE IN TRANSPORT,EDMONDSON PKE & BONNIE BRIDGE RD,NASHVILLE,TN,37211,8651,MIDTOW,36.039,-86.7434,POINT (-86.7434 36.039)
20190460275,06/17/2019 06:09:00 PM,1,0,0,,N,279208,0,NOT COLLISION W/MOTOR VEHICLE-TRANSPORT,22,CLOUDY,1,DAYLIGHT,18,OTHER OBJECT (NOT FIXED),CHARLOTTE AV & 25TH AVN,NASHVILLE,TN,37203,5619,MIDTOW,36.1553,-86.8121,POINT (-86.8121 36.1553)
20190094693,02/04/2019 07:50:00 PM,2,0,0,,Y,728059,11,Front to Rear,2,RAIN,3,DARK - LIGHTED,12,MOTOR VEHICLE IN TRANSPORT,CHARLOTTE PKE & CHARLOTTE PKE PVTDR,NASHVILLE,TN,37209,4703,WEST,36.1293,-86.9044,POINT (-86.9044 36.1293)
20190440545,06/10/2019 07:56:00 AM,2,0,0,,N,352196,11,Front to Rear,21,CLEAR,1,DAYLIGHT,12,MOTOR VEHICLE IN TRANSPORT,0 I40 W EXT RAMP,NASHVILLE,TN,37209,4521,NORTH,36.1649,-86.8201,POINT (-86.8201 36.1649)
20190461681,06/18/2019 08:13:00 AM,2,2,0,,N,109534,4,ANGLE,22,CLOUDY,1,DAYLIGHT,12,MOTOR VEHICLE IN TRANSPORT,BRILEY PKWY S EXT RAMP & BRILEY PKWYS,NASHVILLE,TN,37214,9209,HERMIT,36.1924,-86.6874,POINT (-86.6874 36.1924)
20190257455,04/03/2019 03:13:00 PM,1,0,0,Y,N,256383,0,NOT COLLISION W/MOTOR VEHICLE-TRANSPORT,21,CLEAR,1,DAYLIGHT,24;41;42,GUARDRAIL FACE;SHRUBBERY;TREE,5400 WESSEX DR,NASHVILLE,TN,37211,8715,SOUTH,36.0555,-86.7078,POINT (-86.7078 36.0555)
20190217708,03/20/2019 03:56:00 PM,2,0,0,,N,256380,2,HEAD-ON,21,CLEAR,1,DAYLIGHT,12,MOTOR VEHICLE IN TRANSPORT,COWAN ST & I24 E ENT RAMP,NASHVILLE,TN,37207,1957,CENTRA,36.1877,-86.7777,POINT (-86.7777 36.1877)
20190371892,05/15/2019 12:09:00 PM,2,0,0,,Y,134899,4,ANGLE,2,RAIN,1,DAYLIGHT,12,MOTOR VEHICLE IN TRANSPORT,MURFREESBORO PKE & BELL RD,ANTIOCH,TN,37013,8865,SOUTH,36.072,-86.636,POINT (-86.636 36.072)
20190209969,03/18/2019 12:00:00 AM,1,0,0,,Y,226098,0,NOT COLLISION W/MOTOR VEHICLE-TRANSPORT,21,CLEAR,9,UNKNOWN,34,DITCH,EATONS CREEK RD & TAZ HYDE RD,NASHVILLE,TN,37218,3239,NORTH,36.2479,-86.8776,POINT (-86.8776 36.2479)
20190443184,06/11/2019 06:24:00 AM,2,0,0,,N,212342,4,ANGLE,21,CLEAR,1,DAYLIGHT,12,MOTOR VEHICLE IN TRANSPORT,BELL RD & BLACKWOOD DR,NASHVILLE,TN,37214,8959,HERMIT,36.174,-86.6057,POINT (-86.6057 36.174)
20190393564,05/23/2019 06:55:00 AM,2,0,0,,N,352204,11,Front to Rear,21,CLEAR,3,DARK - LIGHTED,12,MOTOR VEHICLE IN TRANSPORT,MM 78 0 I 65,NASHVILLE,TN,37204,8502,MIDTOW,36.0856,-86.7632,POINT (-86.7632 36.0856)
20190407594,05/28/2019 03:22:00 PM,2,2,0,,N,206675,11,Front to Rear,21,CLEAR,1,DAYLIGHT,12,MOTOR VEHICLE IN TRANSPORT,CRAIGHEAD ST & BRANSFORD AV,NASHVILLE,TN,37204,8035,MIDTOW,36.1258,-86.766,POINT (-86.766 36.1258)
20190477813,06/24/2019 05:27:00 PM,2,0,0,,Y,256383,5,SIDESWIPE - SAME DIRECTION,21,CLEAR,1,DAYLIGHT,14,PARKED MOTOR VEHICLE,MT VIEW RD & TRU LONG DR,ANTIOCH,TN,37013,8977,SOUTH,36.0669,-86.5998,POINT (-86.5998 36.0669)
20190209717,03/18/2019 08:16:00 AM,3,0,0,,N,414668,11,Front to Rear,21,CLEAR,1,DAYLIGHT,12,MOTOR VEHICLE IN TRANSPORT,MM 85 2 I 65,NASHVILLE,TN,37208,4404,NORTH,36.1833,-86.7989,POINT (-86.7989 36.1833)
20190354580,05/08/2019 06:25:00 PM,2,0,0,,N,352184,5,SIDESWIPE - SAME DIRECTION,21,CLEAR,1,DAYLIGHT,12,MOTOR VEHICLE IN TRANSPORT,LEBANON PKE & DONELSON PKE,NASHVILLE,TN,37214,9311,HERMIT,36.1676,-86.6633,POINT (-86.6633 36.1676)
20190011254,01/05/2019 12:00:00 AM,2,0,0,,Y,212337,5,SIDESWIPE - SAME DIRECTION,21,CLEAR,3,DARK - LIGHTED,12,MOTOR VEHICLE IN TRANSPORT,GARFIELD ST & ROSA L PARKS BLVD,NASHVILLE,TN,37208,4343,NORTH,36.1806,-86.7963,POINT (-86.7963 36.1806)
20190305724,04/21/2019 12:00:00 AM,1,0,0,,N,320598,0,NOT COLLISION W/MOTOR VEHICLE-TRANSPORT,21,CLEAR,3,DARK - LIGHTED,17,BOULDER,NICKLEBY DOWN & COPPERFIELD WAY,BRENTWOOD,TN,37027,8621,MIDTOW,36.037,-86.7493,POINT (-86.7493 36.037)
20190172215,03/04/2019 06:27:00 PM,2,0,0,,N,320585,4,ANGLE,21,CLEAR,3,DARK - LIGHTED,12,MOTOR VEHICLE IN TRANSPORT,LEBANON PKE & EDDINGS LN,NASHVILLE,TN,37214,9401,HERMIT,36.1672,-86.6619,POINT (-86.6619 36.1672)
20190543096,07/20/2019 07:20:00 PM,2,0,0,,N,306230,11,Front to Rear,21,CLEAR,1,DAYLIGHT,12,MOTOR VEHICLE IN TRANSPORT,I40 W EXT RAMP & I 40,NASHVILLE,TN,37203,4119,CENTRA,36.1574,-86.79,POINT (-86.79 36.1574)
20190338909,05/02/2019 09:15:00 PM,1,0,0,,N,256389,0,NOT COLLISION W/MOTOR VEHICLE-TRANSPORT,21,CLEAR,3,DARK - LIGHTED,39,WALL,MM 79 0 I 65,NASHVILLE,TN,37204,8502,MIDTOW,36.0987,-86.7636,POINT (-86.7636 36.0987)
20190417244,05/31/2019 09:13:00 PM,2,2,0,Y,N,311344,4,ANGLE,21,CLEAR,3,DARK - LIGHTED,12;24;34,MOTOR VEHICLE IN TRANSPORT;GUARDRAIL FACE;DITCH,STATE RT 45 & MCARTHUR DR,MADISON,TN,37115,1705,MADISO,36.2642,-86.6915,POINT (-86.6915 36.2642)
20190305541,04/21/2019 12:00:00 AM,1,0,0,Y,Y,110090,0,NOT COLLISION W/MOTOR VEHICLE-TRANSPORT,21,CLEAR,3,DARK - LIGHTED,25,GUARDRAIL END,HICKORY HOLLOW PKWY & I24 W ENT RAMP,ANTIOCH,TN,37013,8863,SOUTH,36.0421,-86.6494,POINT (-86.6494 36.0421)
20190123304,02/14/2019 06:26:00 PM,2,0,0,,N,580819,4,ANGLE,22,CLOUDY,3,DARK - LIGHTED,12,MOTOR VEHICLE IN TRANSPORT,8TH AVS & LAFAYETTE ST,NASHVILLE,TN,37203,4043,CENTRA,36.1546,-86.7792,POINT (-86.7792 36.1546)
20190453665,06/14/2019 07:26:00 PM,2,0,0,,N,320579,5,SIDESWIPE - SAME DIRECTION,21,CLEAR,1,DAYLIGHT,12,MOTOR VEHICLE IN TRANSPORT,GALLATIN PKE & CAROLYN AV,NASHVILLE,TN,37216,1401,EAST,36.1971,-86.742,POINT (-86.742 36.1971)
20190165072,03/01/2019 06:45:00 PM,2,0,0,,N,256427,11,Front to Rear,21,CLEAR,3,DARK - LIGHTED,12,MOTOR VEHICLE IN TRANSPORT,MM 213 0 I 40,NASHVILLE,TN,37210,8219,HERMIT,36.1407,-86.7323,POINT (-86.7323 36.1407)
20190194686,03/12/2019 04:16:00 PM,3,0,0,,N,256505,4,ANGLE,21,CLEAR,1,DAYLIGHT,12,MOTOR VEHICLE IN TRANSPORT,20TH AVS & 20TH AVN,NASHVILLE,TN,37203,5709,MIDTOW,36.1514,-86.7993,POINT (-86.7993 36.1514)
20190253720,04/02/2019 11:22:00 AM,2,0,0,,Y,226136,5,SIDESWIPE - SAME DIRECTION,21,CLEAR,1,DAYLIGHT,12;14,MOTOR VEHICLE IN TRANSPORT;PARKED MOTOR VEHICLE,HAYES ST & 20TH AVN,NASHVILLE,TN,37203,5527,MIDTOW,36.1522,-86.8004,POINT (-86.8004 36.1522)
20190099426,02/06/2019 07:25:00 AM,2,1,0,,N,419952,11,Front to Rear,22,CLOUDY,1,DAYLIGHT,12,MOTOR VEHICLE IN TRANSPORT,MM 1 3 I 440,NASHVILLE,TN,37205,5242,WEST,36.1385,-86.8226,POINT (-86.8226 36.1385)
20190235336,03/26/2019 05:49:00 PM,2,1,0,,N,240957,11,Front to Rear,21,CLEAR,1,DAYLIGHT,12,MOTOR VEHICLE IN TRANSPORT,NOLENSVILLE PKE & PETTUS RD,ANTIOCH,TN,37013,8767,SOUTH,35.9955,-86.6879,POINT (-86.6879 35.9955)
20190229027,03/24/2019 07:53:00 PM,2,1,0,,N,320594,4,ANGLE,21,CLEAR,3,DARK - LIGHTED,13,MOTOR VEHICLE IN TRANSPORT-OTHER ROADWAY,MURFREESBORO PKE & WILHAGAN RD,NASHVILLE,TN,37217,8801,SOUTH,36.1325,-86.7193,POINT (-86.7193 36.1325)
20190017189,01/07/2019 12:00:00 AM,1,1,0,,Y,279123,0,NOT COLLISION W/MOTOR VEHICLE-TRANSPORT,21,CLEAR,3,DARK - LIGHTED,8,PEDESTRIAN,JEFFERSON ST & ED TEMPLE BLVD,NASHVILLE,TN,37209,4521,NORTH,36.1678,-86.8208,POINT (-86.8208 36.1678)
20190284795,04/13/2019 12:00:00 AM,2,2,0,,N,298868,2,HEAD-ON,2,RAIN,2,DARK - NOT LIGHTED,12;25;41;63,MOTOR VEHICLE IN TRANSPORT;GUARDRAIL END;SHRUBBERY;Ran Off Road-Right,MCCRORY LN & NEWSOM STATION RD,NASHVILLE,TN,37221,4713,WEST,36.0784,-87.0219,POINT (-87.0219 36.0784)
20190019435,01/08/2019 03:17:00 PM,2,0,0,,N,256501,11,Front to Rear,21,CLEAR,1,DAYLIGHT,12,MOTOR VEHICLE IN TRANSPORT,MM 85 0 I 65,NASHVILLE,TN,37208,43021,NORTH,36.1799,-86.8005,POINT (-86.8005 36.1799)
20190498908,07/02/2019 02:18:00 PM,2,0,0,,Y,151132,5,SIDESWIPE - SAME DIRECTION,21,CLEAR,1,DAYLIGHT,12,MOTOR VEHICLE IN TRANSPORT,I24 W ENT RAMP & I 24,NASHVILLE,TN,37206,1009,EAST,36.1666,-86.7638,POINT (-86.7638 36.1666)
20190503783,07/04/2019 09:07:00 AM,2,1,0,,Y,225773,4,ANGLE,22,CLOUDY,1,DAYLIGHT,12,MOTOR VEHICLE IN TRANSPORT,HARDING PL & SIDCO DR,NASHVILLE,TN,37220,8601,MIDTOW,36.0819,-86.7612,POINT (-86.7612 36.0819)
20190302668,04/19/2019 07:02:00 PM,2,3,0,,N,279124,2,HEAD-ON,2,RAIN,2,DARK - NOT LIGHTED,12,MOTOR VEHICLE IN TRANSPORT,MT VIEW RD & MT VIEW CIR,ANTIOCH,TN,37013,8867,SOUTH,36.0237,-86.6644,POINT (-86.6644 36.0237)
20190378849,05/17/2019 12:00:00 AM,2,0,0,,Y,256427,11,Front to Rear,21,CLEAR,1,DAYLIGHT,12,MOTOR VEHICLE IN TRANSPORT,MM 212 4 I 40,NASHVILLE,TN,37210,82060,HERMIT,36.1441,-86.7389,POINT (-86.7389 36.1441)
20190552535,07/24/2019 02:12:00 PM,2,1,0,,N,137872,4,ANGLE,21,CLEAR,1,DAYLIGHT,12,MOTOR VEHICLE IN TRANSPORT,LEBANON PKE & OMOHUNDRO DR,NASHVILLE,TN,37210,9019,HERMIT,36.1571,-86.709,POINT (-86.709 36.1571)
20190397444,05/24/2019 01:00:00 PM,3,0,0,,N,235761,11,Front to Rear,21,CLEAR,1,DAYLIGHT,12,MOTOR VEHICLE IN TRANSPORT,CHARLOTTE AV & 52ND AVN,NASHVILLE,TN,37209,5123,WEST,36.1519,-86.8495,POINT (-86.8495 36.1519)
20190275439,04/10/2019 09:50:00 AM,3,1,0,,N,179602,11,Front to Rear,21,CLEAR,1,DAYLIGHT,12,MOTOR VEHICLE IN TRANSPORT,MM 35 3 I 24,JOELTON,TN,37080,22121,NORTH,36.3231,-86.8612,POINT (-86.8612 36.3231)
20190535226,07/17/2019 06:50:00 PM,1,1,0,,N,279224,0,NOT COLLISION W/MOTOR VEHICLE-TRANSPORT,21,CLEAR,1,DAYLIGHT,1,,MM 49 2 I 24,NASHVILLE,TN,37213,1002,CENTRA,36.1637,-86.7625,POINT (-86.7625 36.1637)
20190044820,01/17/2019 06:32:00 PM,2,1,0,,N,256383,4,ANGLE,22,CLOUDY,2,DARK - NOT LIGHTED,12,MOTOR VEHICLE IN TRANSPORT,MCCALL ST & ANTIOCH PKE,NASHVILLE,TN,37211,8413,SOUTH,36.099,-86.7175,POINT (-86.7175 36.099)
20190521270,07/11/2019 10:00:00 PM,2,0,0,,N,332298,4,ANGLE,22,CLOUDY,3,DARK - LIGHTED,12,MOTOR VEHICLE IN TRANSPORT,US HWY 31 ALT & SWISS AVE,ANTIOCH,TN,37013,8757,SOUTH,36.0425,-86.7128,POINT (-86.7128 36.0425)
20190244063,03/29/2019 02:14:00 PM,2,0,0,,Y,206675,4,ANGLE,21,CLEAR,1,DAYLIGHT,12,MOTOR VEHICLE IN TRANSPORT,ALLIED DR & VULCAN DR,NASHVILLE,TN,37211,8511,MIDTOW,36.0963,-86.7453,POINT (-86.7453 36.0963)
20190147473,02/23/2019 10:55:00 AM,2,0,0,,Y,591933,4,ANGLE,2,RAIN,1,DAYLIGHT,12,MOTOR VEHICLE IN TRANSPORT,THE OVERLOOK PVTDR & BELL RD,ANTIOCH,TN,37013,8861,SOUTH,36.0551,-86.6426,POINT (-86.6426 36.0551)
20190103331,02/07/2019 02:51:00 PM,2,1,0,,N,240968,4,ANGLE,21,CLEAR,1,DAYLIGHT,12,MOTOR VEHICLE IN TRANSPORT,MURFREESBORO PKE & BROOKSBORO PL,ANTIOCH,TN,37013,8891,SOUTH,36.0837,-86.6472,POINT (-86.6472 36.0837)
20190496331,07/01/2019 06:25:00 PM,3,1,0,,Y,212322,5,SIDESWIPE - SAME DIRECTION,21,CLEAR,1,DAYLIGHT,12,MOTOR VEHICLE IN TRANSPORT,MM 57 7 I 24,ANTIOCH,TN,37013,88080,SOUTH,36.061,-86.6807,POINT (-86.6807 36.061)
20190287176,04/14/2019 09:54:00 PM,2,0,0,,Y,161955,6,SIDESWIPE - OPPOSITE DIRECTION,21,CLEAR,3,DARK - LIGHTED,12,MOTOR VEHICLE IN TRANSPORT,MURFREESBORO PKE & LESTER AV,NASHVILLE,TN,37210,8211,HERMIT,36.1456,-86.7529,POINT (-86.7529 36.1456)
20190348296,05/06/2019 07:11:00 PM,2,0,0,,N,151132,11,Front to Rear,22,CLOUDY,5,DUSK,12,MOTOR VEHICLE IN TRANSPORT,WORTH ST & BRIARVILLE RD,MADISON,TN,37115,1799,MADISO,36.2425,-86.7365,POINT (-86.7365 36.2425)
20190431642,06/06/2019 01:24:00 PM,2,1,0,,N,191578,11,Front to Rear,22,CLOUDY,1,DAYLIGHT,12,MOTOR VEHICLE IN TRANSPORT,MM 52 2 I 24,NASHVILLE,TN,37217,8816,SOUTH,36.1359,-86.7267,POINT (-86.7267 36.1359)
20190156273,02/26/2019 12:00:00 AM,2,0,0,,Y,279124,9,UNKNOWN,21,CLEAR,3,DARK - LIGHTED,99,UNKNOWN MOST HARMFUL EVENT,OLD FOREST RD & SHIRE DR,ANTIOCH,TN,37013,8753,SOUTH,36.035,-86.6663,POINT (-86.6663 36.035)
20190346549,05/06/2019 07:00:00 AM,3,0,0,,N,226622,4,ANGLE,21,CLEAR,1,DAYLIGHT,12,MOTOR VEHICLE IN TRANSPORT,VAUGHNS GAP RD & HARDING PKE,NASHVILLE,TN,37205,4913,WEST,36.0926,-86.8854,POINT (-86.8854 36.0926)
20190019721,01/08/2019 05:26:00 PM,2,0,0,,N,197054,11,Front to Rear,21,CLEAR,3,DARK - LIGHTED,12,MOTOR VEHICLE IN TRANSPORT,MM 215 9 I 40,NASHVILLE,TN,37217,89020,HERMIT,36.1421,-86.6786,POINT (-86.6786 36.1421)
20190379508,05/17/2019 11:00:00 PM,2,0,0,,Y,212321,5,SIDESWIPE - SAME DIRECTION,21,CLEAR,3,DARK - LIGHTED,14,PARKED MOTOR VEHICLE,JONQUIL DR & VERBENA DR,NASHVILLE,TN,37211,8419,SOUTH,36.0867,-86.7177,POINT (-86.7177 36.0867)