Accident Number,Date and Time,Number of Motor Vehicles,Number of Injuries,Number of Fatalities,Property Damage,Hit and Run,Reporting Officer,Collision Type Code,Collision Type Description,Weather Code,Weather Description,Illumination Code,Illumination Description,Harmful Code,Harmful Code Description,Street Address,City,State,ZIP,RPA,Precinct,Latitude,Longitude,Mapped Location
20190546095,07/22/2019 07:07:00 AM,2,0,0,,N,299249,4,ANGLE,21,CLEAR,1,DAYLIGHT,12,MOTOR VEHICLE IN TRANSPORT,OLD HICKORY BLVD & 2ND ST,OLD HICKORY,TN,37138,9717,HERMIT,36.2168,-86.6235,POINT (-86.6235 36.2168)
20190398776,05/24/2019 10:23:00 PM,1,1,0,,N,807344,0,NOT COLLISION W/MOTOR VEHICLE-TRANSPORT,21,CLEAR,3,DARK - LIGHTED,8,PEDESTRIAN,3RD AVN & JUNIOR GILLIAM WAY,NASHVILLE,TN,37201,4233,CENTRA,36.1743,-86.7842,POINT (-86.7842 36.1743)
20190187592,03/09/2019 09:29:00 PM,2,0,0,,N,279214,4,ANGLE,21,CLEAR,3,DARK - LIGHTED,12,MOTOR VEHICLE IN TRANSPORT,THOMPSON LN & SIDCO DR,NASHVILLE,TN,37204,8525,MIDTOW,36.1112,-86.7559,POINT (-86.7559 36.1112)
20190564817,07/29/2019 05:46:00 PM,2,0,0,,N,580819,11,Front to Rear,21,CLEAR,1,DAYLIGHT,12,MOTOR VEHICLE IN TRANSPORT,LAFAYETTE ST & 4TH AVS,NASHVILLE,TN,37210,4005,CENTRA,36.1518,-86.7713,POINT (-86.7713 36.1518)
20190194225,03/11/2019 11:00:00 AM,2,0,0,,Y,676834,5,SIDESWIPE - SAME DIRECTION,2,RAIN,1,DAYLIGHT,12;14,MOTOR VEHICLE IN TRANSPORT;PARKED MOTOR VEHICLE,3700 ASHLAND CITY HWY,NASHVILLE,TN,37218,3121,NORTH,36.1975,-86.8379,POINT (-86.8379 36.1975)
20190093327,02/04/2019 10:20:00 AM,2,0,0,,Y,693093,5,SIDESWIPE - SAME DIRECTION,2,RAIN,1,DAYLIGHT,12,MOTOR VEHICLE IN TRANSPORT,BRILEY PKWYE & BRICK CHURCH PKE,NASHVILLE,TN,37207,2012,MADISO,36.2382,-86.7818,POINT (-86.7818 36.2382)
20190577063,08/03/2019 10:40:00 AM,2,0,0,,N,876581,11,Front to Rear,21,CLEAR,1,DAYLIGHT,12,MOTOR VEHICLE IN TRANSPORT,MYATT DR & SPRING BRANCH DR,MADISON,TN,37115,1721,MADISO,36.2938,-86.6964,POINT (-86.6964 36.2938)
20190358887,05/10/2019 08:41:00 AM,2,0,0,,N,179602,11,Front to Rear,22,CLOUDY,1,DAYLIGHT,12,MOTOR VEHICLE IN TRANSPORT,ASHLAND CITY HWY WB ENT RAMP & ASHLAND C,NASHVILLE,TN,37218,3205,NORTH,36.2096,-86.8704,POINT (-86.8704 36.2096)
20190578433,08/04/2019 12:05:00 AM,2,0,0,,N,279217,4,ANGLE,21,CLEAR,3,DARK - LIGHTED,12,MOTOR VEHICLE IN TRANSPORT,CLARKSVILLE PKE & ROSA L PARKS BLVD,NASHVILLE,TN,37228,4483,NORTH,36.1889,-86.8231,POINT (-86.8231 36.1889)
20190059907,01/23/2019 03:15:00 PM,2,0,0,,N,151132,4,ANGLE,2,RAIN,1,DAYLIGHT,12,MOTOR VEHICLE IN TRANSPORT,CHADWELL DR & S GRAYCROFT AV,MADISON,TN,37115,1779,MADISO,36.2549,-86.733,POINT (-86.733 36.2549)
20190210281,03/18/2019 12:11:00 PM,2,0,0,,N,191578,11,Front to Rear,21,CLEAR,1,DAYLIGHT,12,MOTOR VEHICLE IN TRANSPORT,MM 211 7 I 40,NASHVILLE,TN,37210,82042,HERMIT,36.1499,-86.7483,POINT (-86.7483 36.1499)
20190501957,07/03/2019 12:00:00 AM,1,0,0,,N,226827,0,NOT COLLISION W/MOTOR VEHICLE-TRANSPORT,2,RAIN,1,DAYLIGHT,30,UTILITY POLE,BAKER RD & OLD SPRINGFIELD PKE,GOODLETTSVILLE,TN,37072,2221,MADISO,36.3574,-86.7404,POINT (-86.7404 36.3574)
20190196431,03/13/2019 06:38:00 AM,2,0,0,,N,191578,11,Front to Rear,21,CLEAR,1,DAYLIGHT,12,MOTOR VEHICLE IN TRANSPORT,MM 52 0 I 24,NASHVILLE,TN,37217,8816,SOUTH,36.1329,-86.7267,POINT (-86.7267 36.1329)
20190090282,02/03/2019 12:30:00 AM,2,0,0,,N,320583,4,ANGLE,21,CLEAR,3,DARK - LIGHTED,12,MOTOR VEHICLE IN TRANSPORT,17TH AVS & BROADWAY,NASHVILLE,TN,37203,5705,MIDTOW,36.1533,-86.794,POINT (-86.794 36.1533)
20190278108,04/11/2019 07:10:00 AM,2,0,0,,N,716886,11,Front to Rear,21,CLEAR,1,DAYLIGHT,12,MOTOR VEHICLE IN TRANSPORT,MM 60 7 I 24,ANTIOCH,TN,37013,88060,SOUTH,36.0337,-86.6419,POINT (-86.6419 36.0337)
20190407150,05/28/2019 12:37:00 PM,2,0,0,,N,134899,0,NOT COLLISION W/MOTOR VEHICLE-TRANSPORT,21,CLEAR,1,DAYLIGHT,12;18,MOTOR VEHICLE IN TRANSPORT;OTHER OBJECT (NOT FIXED),ROBINSON RD & MERRITT ST,OLD HICKORY,TN,37138,9609,HERMIT,36.2556,-86.6536,POINT (-86.6536 36.2556)
20190187552,03/09/2019 12:00:00 AM,1,2,0,,N,279196,0,NOT COLLISION W/MOTOR VEHICLE-TRANSPORT,2,RAIN,2,DARK - NOT LIGHTED,75,Bridge/Overhead Structure,LUSTER RD & LICKTON PKE,GOODLETTSVILLE,TN,37072,2225,MADISO,36.3313,-86.7856,POINT (-86.7856 36.3313)
20190425164,06/04/2019 08:00:00 AM,2,0,0,,N,225773,11,Front to Rear,21,CLEAR,1,DAYLIGHT,12,MOTOR VEHICLE IN TRANSPORT,FRANKLIN PKE & HARDING PL,NASHVILLE,TN,37204,7027,MIDTOW,36.0866,-86.772,POINT (-86.772 36.0866)
20190458985,06/17/2019 07:55:00 AM,2,0,0,,N,109495,4,ANGLE,21,CLEAR,1,DAYLIGHT,12,MOTOR VEHICLE IN TRANSPORT,FRANKLIN PKE & 8TH AVS,NASHVILLE,TN,37204,6929,MIDTOW,36.1286,-86.7779,POINT (-86.7779 36.1286)
20190042057,01/16/2019 05:30:00 PM,2,0,0,,N,311338,5,SIDESWIPE - SAME DIRECTION,22,CLOUDY,3,DARK - LIGHTED,12,MOTOR VEHICLE IN TRANSPORT,I65 N ENT RAMP & I 65,NASHVILLE,TN,37207,1829,EAST,36.209,-86.7759,POINT (-86.7759 36.209)
20190103013,02/06/2019 07:00:00 PM,1,0,0,,N,151141,0,NOT COLLISION W/MOTOR VEHICLE-TRANSPORT,2,RAIN,2,DARK - NOT LIGHTED,44,PAVED SURFACE-IRREGULAR,LENORE ST & S 6TH ST,NASHVILLE,TN,37206,1019,EAST,36.1637,-86.7576,POINT (-86.7576 36.1637)
20190122283,02/14/2019 11:04:00 AM,2,0,0,,Y,676834,5,SIDESWIPE - SAME DIRECTION,22,CLOUDY,1,DAYLIGHT,12,MOTOR VEHICLE IN TRANSPORT,MM 86 5 I 65,NASHVILLE,TN,37207,3006,NORTH,36.1946,-86.7762,POINT (-86.7762 36.1946)
20190226178,03/23/2019 12:30:00 PM,2,0,0,,N,628640,4,ANGLE,21,CLEAR,1,DAYLIGHT,12,MOTOR VEHICLE IN TRANSPORT,ANTIOCH PKE & MCCOMBS AV,NASHVILLE,TN,37211,8427,SOUTH,36.1017,-86.739,POINT (-86.739 36.1017)
20190344079,05/05/2019 12:00:00 AM,1,0,0,,Y,299262,0,NOT COLLISION W/MOTOR VEHICLE-TRANSPORT,2,RAIN,3,DARK - LIGHTED,30,UTILITY POLE,LAFAYETTE ST & 6TH AVS,NASHVILLE,TN,37203,4025,CENTRA,36.1533,-86.7757,POINT (-86.7757 36.1533)
20190154904,02/26/2019 07:31:00 AM,2,1,0,,N,462474,11,Front to Rear,21,CLEAR,1,DAYLIGHT,1;12,MOTOR VEHICLE IN TRANSPORT,I65 S EXT RAMP & OLD HICKORY BLVD,NASHVILLE,TN,37220,7111,MIDTOW,36.0378,-86.7847,POINT (-86.7847 36.0378)
20190324845,04/27/2019 03:12:00 PM,2,1,0,,Y,320582,11,Front to Rear,22,CLOUDY,1,DAYLIGHT,12,MOTOR VEHICLE IN TRANSPORT,GREENFIELD AV & GALLATIN PKE,NASHVILLE,TN,37216,1439,EAST,36.2109,-86.7331,POINT (-86.7331 36.2109)
20190546190,07/22/2019 08:10:00 AM,2,0,0,,N,676834,11,Front to Rear,22,CLOUDY,1,DAYLIGHT,12,MOTOR VEHICLE IN TRANSPORT,MM 85 8 I 65,NASHVILLE,TN,37208,4304,CENTRA,36.191,-86.7885,POINT (-86.7885 36.191)
20190263288,04/05/2019 05:13:00 PM,2,0,0,,N,279124,11,Front to Rear,21,CLEAR,1,DAYLIGHT,12,MOTOR VEHICLE IN TRANSPORT,BRILEY PKWYN & I24 E EXT RAMP,NASHVILLE,TN,37211,8404,SOUTH,36.1092,-86.723,POINT (-86.723 36.1092)
20190285090,04/13/2019 10:55:00 PM,2,0,0,,Y,192378,4,ANGLE,2,RAIN,3,DARK - LIGHTED,12,MOTOR VEHICLE IN TRANSPORT,I24 E ENT RAMP & I 24,NASHVILLE,TN,37213,1007,CENTRA,36.1662,-86.7659,POINT (-86.7659 36.1662)
20190146233,02/22/2019 10:25:00 PM,2,0,0,,Y,191573,98,OTHER,2,RAIN,3,DARK - LIGHTED,12;14,MOTOR VEHICLE IN TRANSPORT;PARKED MOTOR VEHICLE,BROADWAY & 3RD AVN,NASHVILLE,TN,37201,4105,CENTRA,36.1615,-86.776,POINT (-86.776 36.1615)
20190019949,01/08/2019 06:59:00 PM,2,1,0,,Y,179583,11,Front to Rear,21,CLEAR,3,DARK - LIGHTED,12,MOTOR VEHICLE IN TRANSPORT,EAST THOMPSON LN & OLD GLENROSE AV,NASHVILLE,TN,37211,8809,SOUTH,36.1165,-86.7193,POINT (-86.7193 36.1165)
20190425208,06/04/2019 08:10:00 AM,2,1,0,,N,225886,11,Front to Rear,21,CLEAR,1,DAYLIGHT,12,MOTOR VEHICLE IN TRANSPORT,OLD HICKORY BLVD & CROSSHILL WAY,HERMITAGE,TN,37076,9527,HERMIT,36.1668,-86.5991,POINT (-86.5991 36.1668)
20190110401,02/10/2019 01:20:00 PM,2,0,0,,N,330415,4,ANGLE,2,RAIN,1,DAYLIGHT,12,MOTOR VEHICLE IN TRANSPORT,WYNTERGRACE FARM RD & SAUNDERSVILLE RD,OLD HICKORY,TN,37138,9721,HERMIT,36.227,-86.5976,POINT (-86.5976 36.227)
20190245446,03/30/2019 02:30:00 AM,1,0,0,Y,N,192378,0,NOT COLLISION W/MOTOR VEHICLE-TRANSPORT,21,CLEAR,3,DARK - LIGHTED,25,GUARDRAIL END,NOLENSVILLE PKE & ZOO RD,NASHVILLE,TN,37211,8509,MIDTOW,36.0886,-86.732,POINT (-86.732 36.0886)
20190329595,04/29/2019 03:54:00 PM,2,1,0,,N,240957,11,Front to Rear,21,CLEAR,1,DAYLIGHT,12,MOTOR VEHICLE IN TRANSPORT,NOLENSVILLE PKE & CONCORD RD,NASHVILLE,TN,37211,8651,MIDTOW,36.0042,-86.6916,POINT (-86.6916 36.0042)
20190257660,04/03/2019 04:36:00 PM,2,2,0,,N,256380,11,Front to Rear,21,CLEAR,1,DAYLIGHT,12,MOTOR VEHICLE IN TRANSPORT,MM 207 9 I 40,NASHVILLE,TN,37208,54022,NORTH,36.1693,-86.7972,POINT (-86.7972 36.1693)
20190512575,07/08/2019 05:18:00 PM,2,0,0,,Y,197435,11,Front to Rear,21,CLEAR,1,DAYLIGHT,12,MOTOR VEHICLE IN TRANSPORT,ELLINGTON PKWYN & JEWEL ST,NASHVILLE,TN,37207,18981,EAST,36.1963,-86.7523,POINT (-86.7523 36.1963)
20190450025,06/13/2019 02:24:00 PM,2,0,0,,N,212343,5,SIDESWIPE - SAME DIRECTION,21,CLEAR,1,DAYLIGHT,12,MOTOR VEHICLE IN TRANSPORT,MM 48 9 I 24,NASHVILLE,TN,37213,1104,CENTRA,36.1676,-86.7656,POINT (-86.7656 36.1676)
20190168759,03/03/2019 12:30:00 PM,2,1,0,Y,N,240952,0,NOT COLLISION W/MOTOR VEHICLE-TRANSPORT,2,RAIN,1,DAYLIGHT,12;30;40;42,MOTOR VEHICLE IN TRANSPORT;UTILITY POLE;MAIL BOX;TREE,SEASONS DR & FORRESTAL WAY,ANTIOCH,TN,37013,8925,SOUTH,36.0708,-86.5989,POINT (-86.5989 36.0708)
20190092080,02/03/2019 10:10:00 PM,1,0,0,Y,Y,226175,0,NOT COLLISION W/MOTOR VEHICLE-TRANSPORT,21,CLEAR,2,DARK - NOT LIGHTED,18;63,OTHER OBJECT (NOT FIXED);Ran Off Road-Right,RED OAK DR & HILLWOOD BLVD,NASHVILLE,TN,37205,5017,WEST,36.1262,-86.8579,POINT (-86.8579 36.1262)
20190497787,07/02/2019 07:15:00 AM,2,0,0,,N,544482,4,ANGLE,21,CLEAR,1,DAYLIGHT,12,MOTOR VEHICLE IN TRANSPORT,WEDGEWOOD AV & BEECH AV,NASHVILLE,TN,37204,6919,MIDTOW,36.1343,-86.7806,POINT (-86.7806 36.1343)
20190106188,02/08/2019 03:25:00 PM,3,0,0,,N,256386,11,Front to Rear,21,CLEAR,1,DAYLIGHT,12,MOTOR VEHICLE IN TRANSPORT,US HWY 41 & CONNECTING ROAD,NASHVILLE,TN,37217,8823,HERMIT,36.1224,-86.7054,POINT (-86.7054 36.1224)
20190409582,05/29/2019 08:25:00 AM,2,1,0,,N,676834,11,Front to Rear,21,CLEAR,1,DAYLIGHT,12,MOTOR VEHICLE IN TRANSPORT,I40 E ENT RAMP & I 65,NASHVILLE,TN,37208,44040,NORTH,36.1768,-86.8011,POINT (-86.8011 36.1768)
20190407169,05/28/2019 12:15:00 PM,2,0,0,,N,665896,4,ANGLE,21,CLEAR,1,DAYLIGHT,12,MOTOR VEHICLE IN TRANSPORT,CLEVELAND ST & LISCHEY AV,NASHVILLE,TN,37207,1921,EAST,36.1867,-86.7645,POINT (-86.7645 36.1867)
20190555656,07/25/2019 05:52:00 PM,2,0,0,,N,256383,5,SIDESWIPE - SAME DIRECTION,21,CLEAR,1,DAYLIGHT,12,MOTOR VEHICLE IN TRANSPORT,MM 53 9 I 24,NASHVILLE,TN,37211,88122,SOUTH,36.1073,-86.7197,POINT (-86.7197 36.1073)
20190480477,06/25/2019 03:34:00 PM,2,0,0,,N,267831,11,Front to Rear,21,CLEAR,1,DAYLIGHT,12,MOTOR VEHICLE IN TRANSPORT,46TH AVN & CHARLOTTE AV,NASHVILLE,TN,37209,5201,WEST,36.1527,-86.8422,POINT (-86.8422 36.1527)
20190345383,05/05/2019 07:12:00 AM,2,0,0,,N,330417,4,ANGLE,21,CLEAR,1,DAYLIGHT,12,MOTOR VEHICLE IN TRANSPORT,NEELYS BEND RD & TAHLENA AV,MADISON,TN,37115,1631,MADISO,36.2514,-86.6913,POINT (-86.6913 36.2514)
20190378544,05/17/2019 03:55:00 PM,2,0,0,,N,256389,11,Front to Rear,21,CLEAR,1,DAYLIGHT,12,MOTOR VEHICLE IN TRANSPORT,BRIGHTON VILLAGE DR & EDMONDSON PKE,NASHVILLE,TN,37211,8653,MIDTOW,36.0452,-86.7439,POINT (-86.7439 36.0452)
20190006078,01/03/2019 08:50:00 AM,3,0,0,,N,716886,11,Front to Rear,21,CLEAR,1,DAYLIGHT,12,MOTOR VEHICLE IN TRANSPORT,MM 6 7 I 440,NASHVILLE,TN,37210,81040,SOUTH,36.1244,-86.7414,POINT (-86.7414 36.1244)
20190184525,03/08/2019 03:01:00 PM,2,0,0,,N,279225,4,ANGLE,2,RAIN,1,DAYLIGHT,12,MOTOR VEHICLE IN TRANSPORT,ANDERSON RD & OWENDALE DR,NASHVILLE,TN,37217,8963,HERMIT,36.0739,-86.6236,POINT (-86.6236 36.0739)
20190345420,05/05/2019 07:13:00 PM,2,0,0,,N,330445,4,ANGLE,21,CLEAR,3,DARK - LIGHTED,12,MOTOR VEHICLE IN TRANSPORT,BLAIR BLVD & 21ST AVS,NASHVILLE,TN,37212,5909,MIDTOW,36.1303,-86.802,POINT (-86.802 36.1303)
20190565979,07/30/2019 07:01:00 AM,3,2,0,,N,109534,11,Front to Rear,22,CLOUDY,1,DAYLIGHT,12;39,MOTOR VEHICLE IN TRANSPORT;WALL,BRILEY PKWY N ENT RAMP & LEBANON PKE,NASHVILLE,TN,37214,9203,HERMIT,36.1685,-86.688,POINT (-86.688 36.1685)
20190197140,03/13/2019 11:40:00 AM,3,1,0,,N,224955,2,HEAD-ON,21,CLEAR,1,DAYLIGHT,13;14,MOTOR VEHICLE IN TRANSPORT-OTHER ROADWAY;PARKED MOTOR VEHICLE,RICHMOND HILL DR & BRICK CHURCH PKE,NASHVILLE,TN,37207,2031,MADISO,36.2359,-86.7812,POINT (-86.7812 36.2359)
20190299756,04/18/2019 07:30:00 PM,2,0,0,,N,690942,4,ANGLE,21,CLEAR,1,DAYLIGHT,12,MOTOR VEHICLE IN TRANSPORT,5TH AVN & JUNIOR GILLIAM WAY,NASHVILLE,TN,37219,4235,CENTRA,36.173,-86.7866,POINT (-86.7866 36.173)
20190016973,01/07/2019 05:10:00 PM,2,0,0,,N,320581,11,Front to Rear,22,CLOUDY,3,DARK - LIGHTED,12,MOTOR VEHICLE IN TRANSPORT,MM 210 4 I 40,NASHVILLE,TN,37210,80022,SOUTH,36.1511,-86.7695,POINT (-86.7695 36.1511)
20190286707,04/14/2019 04:15:00 PM,2,0,0,,N,299257,4,ANGLE,22,CLOUDY,1,DAYLIGHT,12,MOTOR VEHICLE IN TRANSPORT,I65 S ENT RAMP & I65 S EXT RAMP,NASHVILLE,TN,37204,6945,MIDTOW,36.1342,-86.7764,POINT (-86.7764 36.1342)
20190265098,04/06/2019 11:15:00 AM,2,0,0,,N,902543,5,SIDESWIPE - SAME DIRECTION,21,CLEAR,1,DAYLIGHT,12,MOTOR VEHICLE IN TRANSPORT,MM 87 0 I 65,NASHVILLE,TN,37207,18020,EAST,36.2018,-86.7766,POINT (-86.7766 36.2018)
20190365688,05/13/2019 09:08:00 AM,2,0,0,,N,320574,11,Front to Rear,21,CLEAR,1,DAYLIGHT,12,MOTOR VEHICLE IN TRANSPORT,HERMITAGE AV & CAULEY AV,NASHVILLE,TN,37210,9005,HERMIT,36.1538,-86.7479,POINT (-86.7479 36.1538)
20190435236,06/07/2019 09:38:00 PM,2,0,0,,N,212348,4,ANGLE,21,CLEAR,3,DARK - LIGHTED,12,MOTOR VEHICLE IN TRANSPORT,BROADWAY & 12TH AVS,NASHVILLE,TN,37203,4079,CENTRA,36.1566,-86.7875,POINT (-86.7875 36.1566)
20190234073,03/26/2019 08:15:00 AM,2,0,0,,N,716886,11,Front to Rear,21,CLEAR,1,DAYLIGHT,12,MOTOR VEHICLE IN TRANSPORT,MM 62 5 I 24,ANTIOCH,TN,37013,8804,SOUTH,36.0143,-86.6203,POINT (-86.6203 36.0143)
20190097483,02/05/2019 04:10:00 PM,1,0,0,Y,Y,256422,0,NOT COLLISION W/MOTOR VEHICLE-TRANSPORT,21,CLEAR,1,DAYLIGHT,43,OTHER FIXED OBJECTS,22ND AVN & BOOKER ST,NASHVILLE,TN,37208,5319,NORTH,36.1605,-86.81,POINT (-86.81 36.1605)
20190418704,06/01/2019 02:30:00 PM,2,1,0,,Y,256384,4,ANGLE,21,CLEAR,1,DAYLIGHT,12,MOTOR VEHICLE IN TRANSPORT,BRILEY PKWYN & EAST THOMPSON LN,NASHVILLE,TN,37211,8423,SOUTH,36.1095,-86.7281,POINT (-86.7281 36.1095)
20190002348,01/02/2019 12:55:00 AM,2,0,0,,N,240964,5,SIDESWIPE - SAME DIRECTION,21,CLEAR,3,DARK - LIGHTED,12,MOTOR VEHICLE IN TRANSPORT,LEBANON PKE & ANDREW JACKSON PKWY,HERMITAGE,TN,37076,9537,HERMIT,36.2151,-86.5962,POINT (-86.5962 36.2151)
20190316071,04/24/2019 09:56:00 AM,2,0,0,,Y,352172,5,SIDESWIPE - SAME DIRECTION,21,CLEAR,1,DAYLIGHT,12,MOTOR VEHICLE IN TRANSPORT,5TH AVS & KOREAN VETERANS BLVD,NASHVILLE,TN,37203,4057,CENTRA,36.157,-86.7762,POINT (-86.7762 36.157)
20190072500,01/28/2019 07:35:00 AM,3,0,0,,N,594473,11,Front to Rear,21,CLEAR,1,DAYLIGHT,12,MOTOR VEHICLE IN TRANSPORT,WEDGEWOOD AV & 17TH AVS,NASHVILLE,TN,37212,6611,MIDTOW,36.1369,-86.7958,POINT (-86.7958 36.1369)
20190235001,03/26/2019 12:00:00 AM,2,1,0,,N,256441,4,ANGLE,21,CLEAR,1,DAYLIGHT,12,MOTOR VEHICLE IN TRANSPORT,TYNE BLVD & SEWANEE RD,NASHVILLE,TN,37220,7107,MIDTOW,36.0807,-86.7984,POINT (-86.7984 36.0807)
20190139359,02/20/2019 04:10:00 PM,2,1,0,,N,256383,4,ANGLE,2,RAIN,1,DAYLIGHT,12,MOTOR VEHICLE IN TRANSPORT,MURFREESBORO PKE & HOBSON PKE,ANTIOCH,TN,37013,8927,SOUTH,36.043,-86.6066,POINT (-86.6066 36.043)
20190384807,05/20/2019 11:00:00 AM,2,0,0,,N,620057,5,SIDESWIPE - SAME DIRECTION,21,CLEAR,1,DAYLIGHT,12,MOTOR VEHICLE IN TRANSPORT,MAPLE ST & US HWY 31E,MADISON,TN,37115,1771,MADISO,36.2613,-86.7125,POINT (-86.7125 36.2613)
20190128191,02/16/2019 04:28:00 PM,2,0,0,,N,179606,11,Front to Rear,21,CLEAR,1,DAYLIGHT,12,MOTOR VEHICLE IN TRANSPORT,FRANKLIN PKE & HARDING PL,NASHVILLE,TN,37204,7027,MIDTOW,36.0866,-86.772,POINT (-86.772 36.0866)
20190178054,03/06/2019 12:45:00 PM,2,0,0,,N,226622,4,ANGLE,21,CLEAR,1,DAYLIGHT,12,MOTOR VEHICLE IN TRANSPORT,HILLSBORO PKE & HILLSBORO DR,NASHVILLE,TN,37215,6405,MIDTOW,36.1019,-86.8178,POINT (-86.8178 36.1019)
20190557599,07/26/2019 11:53:00 AM,2,0,0,,N,414668,11,Front to Rear,22,CLOUDY,1,DAYLIGHT,12,MOTOR VEHICLE IN TRANSPORT,CLEVELAND ST & ELLINGTON PKWY N ENT RAMP,NASHVILLE,TN,37206,19980,EAST,36.185,-86.7595,POINT (-86.7595 36.185)
20190434509,06/07/2019 03:10:00 PM,2,0,0,,N,714641,5,SIDESWIPE - SAME DIRECTION,22,CLOUDY,1,DAYLIGHT,12,MOTOR VEHICLE IN TRANSPORT,2ND AVS & PEABODY ST,NASHVILLE,TN,37201,4047,CENTRA,36.1568,-86.7719,POINT (-86.7719 36.1568)
20190028167,01/11/2019 03:04:00 PM,2,0,0,,N,256505,4,ANGLE,21,CLEAR,1,DAYLIGHT,12,MOTOR VEHICLE IN TRANSPORT,CHARLOTTE AV & 14TH AVN,NASHVILLE,TN,37203,5501,MIDTOW,36.1606,-86.7941,POINT (-86.7941 36.1606)
20190419299,06/01/2019 12:00:00 AM,2,0,0,,Y,279221,5,SIDESWIPE - SAME DIRECTION,21,CLEAR,1,DAYLIGHT,12;14,MOTOR VEHICLE IN TRANSPORT;PARKED MOTOR VEHICLE,VANTREASE RD & CHADWELL DR,MADISON,TN,37115,1795,MADISO,36.2561,-86.7242,POINT (-86.7242 36.2561)
20190226063,03/23/2019 11:33:00 AM,2,0,0,,N,834798,4,ANGLE,21,CLEAR,1,DAYLIGHT,12,MOTOR VEHICLE IN TRANSPORT,BATTERY LN & GRANNY WHITE PKE,NASHVILLE,TN,37215,6313,MIDTOW,36.0894,-86.8029,POINT (-86.8029 36.0894)
20190506737,07/05/2019 02:04:00 PM,2,0,0,,N,256380,4,ANGLE,21,CLEAR,1,DAYLIGHT,12,MOTOR VEHICLE IN TRANSPORT,BRILEY PKWYW & BRILEY PKWYE,NASHVILLE,TN,37218,3216,NORTH,36.2254,-86.8638,POINT (-86.8638 36.2254)
20190083908,01/31/2019 04:15:00 PM,2,0,0,,N,197070,11,Front to Rear,21,CLEAR,1,DAYLIGHT,12,MOTOR VEHICLE IN TRANSPORT,I65 N ENT RAMP & I 65,NASHVILLE,TN,37207,1829,EAST,36.209,-86.7759,POINT (-86.7759 36.209)
20190477573,06/24/2019 03:45:00 PM,2,0,0,,N,299253,11,Front to Rear,21,CLEAR,1,DAYLIGHT,14,PARKED MOTOR VEHICLE,RICHARDSON AV & JOSEPH AV,NASHVILLE,TN,37207,1911,EAST,36.1917,-86.7719,POINT (-86.7719 36.1917)
20190420990,06/02/2019 04:36:00 PM,2,0,0,,N,197054,11,Front to Rear,21,CLEAR,1,DAYLIGHT,12,MOTOR VEHICLE IN TRANSPORT,MURFREESBORO PKE & DONELSON PKE,NASHVILLE,TN,37217,8841,SOUTH,36.1062,-86.6731,POINT (-86.6731 36.1062)
20190438590,06/09/2019 10:29:00 AM,2,1,0,,N,584947,11,Front to Rear,21,CLEAR,1,DAYLIGHT,12,MOTOR VEHICLE IN TRANSPORT,OLD HICKORY BLVD & WILDWOOD VALLEY DR,NASHVILLE,TN,37215,6303,MIDTOW,36.0462,-86.8576,POINT (-86.8576 36.0462)
20190132969,02/18/2019 12:00:00 AM,2,0,0,,N,298868,11,Front to Rear,21,CLEAR,1,DAYLIGHT,12,MOTOR VEHICLE IN TRANSPORT,WESTLAWN DR & MURPHY RD 46TH AV N ROUND,NASHVILLE,TN,37209,5207,WEST,36.1405,-86.8406,POINT (-86.8406 36.1405)
20190505800,07/05/2019 05:45:00 AM,2,0,0,,N,220884,4,ANGLE,5,FOG,4,DAWN,12,MOTOR VEHICLE IN TRANSPORT,GALLATIN PKES & DUE WEST AVW,MADISON,TN,37115,1519,MADISO,36.2475,-86.7207,POINT (-86.7207 36.2475)
20190390987,05/22/2019 11:23:00 AM,2,0,0,,N,420059,4,ANGLE,21,CLEAR,1,DAYLIGHT,12,MOTOR VEHICLE IN TRANSPORT,TROUSDALE DR & RICHMAR DR,NASHVILLE,TN,37211,8603,MIDTOW,36.0796,-86.7585,POINT (-86.7585 36.0796)
20190348013,05/06/2019 05:00:00 PM,2,0,0,,N,330413,4,ANGLE,21,CLEAR,1,DAYLIGHT,12,MOTOR VEHICLE IN TRANSPORT,BROADWAY & 16TH AVS,NASHVILLE,TN,37203,5701,MIDTOW,36.1543,-86.7929,POINT (-86.7929 36.1543)
20190429298,06/05/2019 05:28:00 PM,2,0,0,,N,151132,4,ANGLE,22,CLOUDY,1,DAYLIGHT,12,MOTOR VEHICLE IN TRANSPORT,MYATT DR & EDENWOLD RD,MADISON,TN,37115,1721,MADISO,36.2917,-86.6943,POINT (-86.6943 36.2917)
20190238456,03/27/2019 07:37:00 PM,2,1,0,,N,256380,4,ANGLE,21,CLEAR,3,DARK - LIGHTED,12,MOTOR VEHICLE IN TRANSPORT,BRICK CHURCH PKE & FERN AV,NASHVILLE,TN,37207,3003,NORTH,36.1962,-86.7767,POINT (-86.7767 36.1962)
20190537637,07/18/2019 04:12:00 PM,4,0,0,,Y,308295,11,Front to Rear,2,RAIN,1,DAYLIGHT,12,MOTOR VEHICLE IN TRANSPORT,MURPHY RD & I440 E EXT RAMP,NASHVILLE,TN,37205,5249,WEST,36.1398,-86.8237,POINT (-86.8237 36.1398)
20190313033,04/23/2019 01:33:00 PM,3,0,0,,N,591936,5,SIDESWIPE - SAME DIRECTION,21,CLEAR,1,DAYLIGHT,12,MOTOR VEHICLE IN TRANSPORT,MM 3 9 I 440,NASHVILLE,TN,37204,7010,MIDTOW,36.1161,-86.7913,POINT (-86.7913 36.1161)