Accident Number,Date and Time,Number of Motor Vehicles,Number of Injuries,Number of Fatalities,Property Damage,Hit and Run,Reporting Officer,Collision Type Code,Collision Type Description,Weather Code,Weather Description,Illumination Code,Illumination Description,Harmful Code,Harmful Code Description,Street Address,City,State,ZIP,RPA,Precinct,Latitude,Longitude,Mapped Location
20190455052,06/13/2019 04:07:00 PM,2,0,0,,N,267831,5,SIDESWIPE - SAME DIRECTION,21,CLEAR,1,DAYLIGHT,12,MOTOR VEHICLE IN TRANSPORT,MURPHY RD & 40TH AVN,NASHVILLE,TN,37209,5207,WEST,36.1407,-86.8332,POINT (-86.8332 36.1407)
20190334866,05/01/2019 11:09:00 AM,2,0,0,,N,834798,4,ANGLE,21,CLEAR,1,DAYLIGHT,12,MOTOR VEHICLE IN TRANSPORT,HUMPHREYS ST & PILLOW ST,NASHVILLE,TN,37203,8009,MIDTOW,36.1418,-86.7663,POINT (-86.7663 36.1418)
20190324180,04/27/2019 12:00:00 AM,1,0,0,,Y,109522,0,NOT COLLISION W/MOTOR VEHICLE-TRANSPORT,21,CLEAR,3,DARK - LIGHTED,33,CURB,DR WALTER S DAVIS BLVD & 39TH AVN,NASHVILLE,TN,37209,4507,WEST,36.1662,-86.835,POINT (-86.835 36.1662)
20190142921,02/21/2019 08:30:00 PM,1,0,0,Y,N,330413,0,NOT COLLISION W/MOTOR VEHICLE-TRANSPORT,2,RAIN,3,DARK - LIGHTED,27,H-WAY TRAFFIC SIGNAL POST,WALSH RD & RAINS AV,NASHVILLE,TN,37203,8023,MIDTOW,36.1329,-86.765,POINT (-86.765 36.1329)
20190246992,03/30/2019 12:00:00 AM,2,0,0,,Y,279204,9,UNKNOWN,,,3,DARK - LIGHTED,12,MOTOR VEHICLE IN TRANSPORT,9TH AVN & GARFIELD ST,NASHVILLE,TN,37208,4327,NORTH,36.1779,-86.7979,POINT (-86.7979 36.1779)
20190107090,02/08/2019 08:00:00 PM,2,0,0,,N,240964,4,ANGLE,21,CLEAR,3,DARK - LIGHTED,12,MOTOR VEHICLE IN TRANSPORT,HIGHLAND VIEW DR & ANDREW JACKSON PKWY,HERMITAGE,TN,37076,9509,HERMIT,36.2069,-86.6056,POINT (-86.6056 36.2069)
20190128101,02/16/2019 02:00:00 AM,3,0,0,,Y,320579,4,ANGLE,99,UNKNOWN,3,DARK - LIGHTED,13;14,MOTOR VEHICLE IN TRANSPORT-OTHER ROADWAY;PARKED MOTOR VEHICLE,S 10TH ST & BOSCOBEL ST,NASHVILLE,TN,37206,1205,EAST,36.1722,-86.7522,POINT (-86.7522 36.1722)
20190446796,06/12/2019 12:22:00 PM,2,0,0,,N,462494,4,ANGLE,21,CLEAR,1,DAYLIGHT,12,MOTOR VEHICLE IN TRANSPORT,23RD AVN & STATE ST,NASHVILLE,TN,37203,5613,MIDTOW,36.1513,-86.8064,POINT (-86.8064 36.1513)
20190313149,04/23/2019 02:15:00 PM,1,1,0,,N,191578,0,NOT COLLISION W/MOTOR VEHICLE-TRANSPORT,21,CLEAR,1,DAYLIGHT,44,PAVED SURFACE-IRREGULAR,ANDREW JACKSON PKWY & RACHELS PL,HERMITAGE,TN,37076,9509,HERMIT,36.2021,-86.6072,POINT (-86.6072 36.2021)
20190210649,03/18/2019 02:20:00 PM,2,0,0,,N,405404,11,Front to Rear,21,CLEAR,1,DAYLIGHT,12,MOTOR VEHICLE IN TRANSPORT,NOLENSVILLE PKE & MORTON AV,NASHVILLE,TN,37211,8405,SOUTH,36.1062,-86.7428,POINT (-86.7428 36.1062)
20190475352,06/23/2019 04:12:00 PM,2,0,0,,N,311328,4,ANGLE,21,CLEAR,1,DAYLIGHT,12,MOTOR VEHICLE IN TRANSPORT,CHARLOTTE AV & GEORGE L DAVIS BLVD,NASHVILLE,TN,37203,4205,CENTRA,36.1612,-86.7927,POINT (-86.7927 36.1612)
20190371499,05/15/2019 08:40:00 AM,1,0,0,,N,716886,0,NOT COLLISION W/MOTOR VEHICLE-TRANSPORT,2,RAIN,1,DAYLIGHT,34,DITCH,ANTIOCH PKE & REEVES RD,ANTIOCH,TN,37013,8893,SOUTH,36.0655,-86.68,POINT (-86.68 36.0655)
20190501782,07/03/2019 01:58:00 PM,2,1,0,,N,109495,11,Front to Rear,22,CLOUDY,1,DAYLIGHT,12,MOTOR VEHICLE IN TRANSPORT,MM 82 1 I 65,NASHVILLE,TN,37203,80061,MIDTOW,36.1449,-86.777,POINT (-86.777 36.1449)
20190282528,04/12/2019 12:00:00 AM,2,0,0,,N,298868,2,HEAD-ON,21,CLEAR,2,DARK - NOT LIGHTED,12,MOTOR VEHICLE IN TRANSPORT,GEORGIA CT & ELIZABETH JORDAN ST,NASHVILLE,TN,37209,4549,WEST,36.1563,-86.8292,POINT (-86.8292 36.1563)
20190402168,05/26/2019 11:06:00 AM,2,1,0,Y,N,468030,4,ANGLE,22,CLOUDY,1,DAYLIGHT,12,MOTOR VEHICLE IN TRANSPORT,GALLATIN AV & GRANADA AV,NASHVILLE,TN,37206,1319,EAST,36.1882,-86.7465,POINT (-86.7465 36.1882)
20190459420,06/17/2019 10:56:00 AM,2,0,0,,N,212369,5,SIDESWIPE - SAME DIRECTION,21,CLEAR,1,DAYLIGHT,12,MOTOR VEHICLE IN TRANSPORT,19TH AVN & CHURCH ST,NASHVILLE,TN,37203,5513,MIDTOW,36.1546,-86.7991,POINT (-86.7991 36.1546)
20190210912,03/18/2019 04:41:00 PM,2,1,0,,N,256426,4,ANGLE,21,CLEAR,1,DAYLIGHT,12,MOTOR VEHICLE IN TRANSPORT,ELM HILL PKE & WANDA DR,NASHVILLE,TN,37210,9041,HERMIT,36.1505,-86.6963,POINT (-86.6963 36.1505)
20190541675,07/20/2019 03:07:00 AM,2,0,0,,N,298871,11,Front to Rear,21,CLEAR,3,DARK - LIGHTED,12,MOTOR VEHICLE IN TRANSPORT,18TH AVN & CHURCH ST,NASHVILLE,TN,37203,5521,MIDTOW,36.155,-86.7975,POINT (-86.7975 36.155)
20190534516,07/17/2019 01:05:00 PM,2,0,0,,N,137872,4,ANGLE,21,CLEAR,1,DAYLIGHT,12,MOTOR VEHICLE IN TRANSPORT,DONELSON PKE & HANGAR LN,NASHVILLE,TN,37214,8953,HERMIT,36.1212,-86.6664,POINT (-86.6664 36.1212)
20190305846,04/21/2019 03:00:00 AM,2,0,0,Y,Y,173951,9,UNKNOWN,5,FOG,2,DARK - NOT LIGHTED,14;99,PARKED MOTOR VEHICLE;UNKNOWN MOST HARMFUL EVENT,CHEYENNE BLVD & NEELY MEADOWS PVTDR,MADISON,TN,37115,1633,MADISO,36.2569,-86.6772,POINT (-86.6772 36.2569)
20190382890,05/19/2019 02:28:00 PM,2,2,0,,N,299241,4,ANGLE,21,CLEAR,1,DAYLIGHT,12,MOTOR VEHICLE IN TRANSPORT,OLD HICKORY BLVD & BURNING TREE DR,HERMITAGE,TN,37076,9557,HERMIT,36.1742,-86.6019,POINT (-86.6019 36.1742)
20190418011,06/01/2019 05:15:00 AM,1,0,0,Y,Y,179603,0,NOT COLLISION W/MOTOR VEHICLE-TRANSPORT,21,CLEAR,4,DAWN,30;63,UTILITY POLE;Ran Off Road-Right,LICKTON PKE & LICKTON PKE PVTDR,WHITES CREEK,TN,37189,3301,NORTH,36.2923,-86.811,POINT (-86.811 36.2923)
20190323025,04/26/2019 04:15:00 PM,2,0,0,,N,807326,5,SIDESWIPE - SAME DIRECTION,21,CLEAR,1,DAYLIGHT,12,MOTOR VEHICLE IN TRANSPORT,MM 49 0 I 24,NASHVILLE,TN,37206,10040,EAST,36.1664,-86.7647,POINT (-86.7647 36.1664)
20190473818,06/22/2019 04:58:00 PM,2,0,0,,N,320585,11,Front to Rear,21,CLEAR,1,DAYLIGHT,12,MOTOR VEHICLE IN TRANSPORT,OLD HICKORY BLVD & I40 E ENT RAMP,HERMITAGE,TN,37076,9543,HERMIT,36.1696,-86.601,POINT (-86.601 36.1696)
20190283812,04/13/2019 09:43:00 AM,2,0,0,,N,110063,4,ANGLE,2,RAIN,1,DAYLIGHT,12,MOTOR VEHICLE IN TRANSPORT,I65 S ENT RAMP & I 65,NASHVILLE,TN,37207,3007,NORTH,36.2057,-86.778,POINT (-86.778 36.2057)
20190267833,04/07/2019 04:45:00 PM,2,5,1,,N,256412,2,HEAD-ON,2,RAIN,1,DAYLIGHT,12,MOTOR VEHICLE IN TRANSPORT,MT VIEW RD & SMITH SPRINGS PKWY,ANTIOCH,TN,37013,8977,SOUTH,36.0722,-86.5888,POINT (-86.5888 36.0722)
20190176645,03/06/2019 02:35:00 AM,1,0,0,Y,Y,240964,0,NOT COLLISION W/MOTOR VEHICLE-TRANSPORT,21,CLEAR,2,DARK - NOT LIGHTED,31;55,"OTHER POST, POLE, SUPP.;Motor Vehicle-In-Motion Outside Trafficw",SAMOA DR & SWEDEN DR,HERMITAGE,TN,37076,9719,HERMIT,36.2064,-86.616,POINT (-86.616 36.2064)
20190136543,02/19/2019 06:28:00 PM,2,0,0,,N,524985,11,Front to Rear,2,RAIN,2,DARK - NOT LIGHTED,12,MOTOR VEHICLE IN TRANSPORT,CLARKSVILLE PKE & OLD HICKORY BLVD,NASHVILLE,TN,37218,3231,NORTH,36.2764,-86.8688,POINT (-86.8688 36.2764)
20190218565,03/21/2019 12:07:00 AM,1,1,0,,N,405424,0,NOT COLLISION W/MOTOR VEHICLE-TRANSPORT,21,CLEAR,3,DARK - LIGHTED,50,DEER (ANIMAL),BELL RD & ELM HILL PKE,NASHVILLE,TN,37214,8995,HERMIT,36.1411,-86.628,POINT (-86.628 36.1411)
20190471507,06/21/2019 03:36:00 PM,2,0,0,,Y,134899,5,SIDESWIPE - SAME DIRECTION,21,CLEAR,1,DAYLIGHT,12,MOTOR VEHICLE IN TRANSPORT,DODSON CHAPEL RD & CHANDLER PL,HERMITAGE,TN,37076,9561,HERMIT,36.1828,-86.6112,POINT (-86.6112 36.1828)
20190147118,02/23/2019 07:37:00 AM,2,1,0,,N,419983,4,ANGLE,2,RAIN,1,DAYLIGHT,12,MOTOR VEHICLE IN TRANSPORT,4TH AVS & LAFAYETTE ST,NASHVILLE,TN,37203,4007,CENTRA,36.1515,-86.7711,POINT (-86.7711 36.1515)
20190188934,03/10/2019 03:19:00 PM,2,0,0,,N,256417,4,ANGLE,21,CLEAR,1,DAYLIGHT,12,MOTOR VEHICLE IN TRANSPORT,OLD LEBANON DIRT RD & OLD HICKORY BLVD,HERMITAGE,TN,37076,9507,HERMIT,36.1909,-86.6152,POINT (-86.6152 36.1909)
20190253554,04/02/2019 10:07:00 AM,2,0,0,,N,226136,4,ANGLE,21,CLEAR,1,DAYLIGHT,12,MOTOR VEHICLE IN TRANSPORT,MM 79 5 I 65,NASHVILLE,TN,37204,70042,MIDTOW,36.106,-86.7678,POINT (-86.7678 36.106)
20190115141,02/12/2019 06:55:00 AM,2,0,0,,N,620067,11,Front to Rear,2,RAIN,1,DAYLIGHT,12,MOTOR VEHICLE IN TRANSPORT,MURFREESBORO PKE & MOUNTAIN SPRINGS RD,ANTIOCH,TN,37013,8927,SOUTH,36.0478,-86.6121,POINT (-86.6121 36.0478)
20190027723,01/11/2019 12:14:00 PM,2,0,0,,N,544481,4,ANGLE,22,CLOUDY,1,DAYLIGHT,12,MOTOR VEHICLE IN TRANSPORT,GREENFIELD AV & GALLATIN PKE,NASHVILLE,TN,37216,1439,EAST,36.2109,-86.7331,POINT (-86.7331 36.2109)
20190291749,04/16/2019 10:00:00 AM,1,0,0,Y,N,343522,0,NOT COLLISION W/MOTOR VEHICLE-TRANSPORT,21,CLEAR,1,DAYLIGHT,24,GUARDRAIL FACE,MM 193 0 I 40,NASHVILLE,TN,37221,4804,WEST,36.0771,-87.0122,POINT (-87.0122 36.0771)
20190187043,03/09/2019 04:11:00 PM,2,0,0,,N,256380,4,ANGLE,2,RAIN,1,DAYLIGHT,12,MOTOR VEHICLE IN TRANSPORT,W TRINITY LN & LIBERIA ST,NASHVILLE,TN,37207,3009,NORTH,36.2077,-86.7856,POINT (-86.7856 36.2077)
20190136209,02/19/2019 03:49:00 PM,2,0,0,,N,240970,11,Front to Rear,2,RAIN,1,DAYLIGHT,12,MOTOR VEHICLE IN TRANSPORT,MM 6 4 I 440,NASHVILLE,TN,37210,83040,SOUTH,36.1239,-86.7466,POINT (-86.7466 36.1239)
20190103930,02/07/2019 06:49:00 PM,2,0,0,,N,240985,11,Front to Rear,2,RAIN,1,DAYLIGHT,12,MOTOR VEHICLE IN TRANSPORT,HARDING PL & SIDCO DR,NASHVILLE,TN,37204,8531,MIDTOW,36.082,-86.7615,POINT (-86.7615 36.082)
20190378678,05/17/2019 04:48:00 PM,2,1,0,,N,279211,11,Front to Rear,21,CLEAR,1,DAYLIGHT,12,MOTOR VEHICLE IN TRANSPORT,BRILEY PKWYE & I24 E EXT RAMP,NASHVILLE,TN,37207,30080,NORTH,36.2379,-86.7869,POINT (-86.7869 36.2379)
20190266357,04/06/2019 09:55:00 PM,2,0,0,,Y,257427,5,SIDESWIPE - SAME DIRECTION,99,UNKNOWN,3,DARK - LIGHTED,12,MOTOR VEHICLE IN TRANSPORT,ANTIOCH PKE & RICHARDS RD,ANTIOCH,TN,37013,8899,SOUTH,36.0692,-86.6838,POINT (-86.6838 36.0692)
20190193419,03/12/2019 07:40:00 AM,3,0,0,,N,279230,5,SIDESWIPE - SAME DIRECTION,21,CLEAR,1,DAYLIGHT,12,MOTOR VEHICLE IN TRANSPORT,MM 53 1 I 24,NASHVILLE,TN,37210,88142,SOUTH,36.1172,-86.7256,POINT (-86.7256 36.1172)
20190294955,04/17/2019 08:00:00 AM,2,0,0,,N,665896,3,REAR-TO-REAR,21,CLEAR,1,DAYLIGHT,12,MOTOR VEHICLE IN TRANSPORT,BOSCOBEL ST & PROSPECT ST,NASHVILLE,TN,37206,1127,EAST,36.1724,-86.7533,POINT (-86.7533 36.1724)
20190200537,03/14/2019 02:00:00 PM,2,0,0,,N,320582,11,Front to Rear,2,RAIN,1,DAYLIGHT,12,MOTOR VEHICLE IN TRANSPORT,GALLATIN AV & CALVIN AV,NASHVILLE,TN,37206,1937,EAST,36.1816,-86.7493,POINT (-86.7493 36.1816)
20190486440,06/27/2019 04:38:00 PM,2,0,0,,N,256374,11,Front to Rear,22,CLOUDY,1,DAYLIGHT,12,MOTOR VEHICLE IN TRANSPORT,OLD HICKORY BLVD & HICKORY VALLEY CONDOS,ANTIOCH,TN,37013,8757,SOUTH,36.0457,-86.7091,POINT (-86.7091 36.0457)
20190437462,06/08/2019 09:50:00 PM,2,0,0,,Y,256424,2,HEAD-ON,21,CLEAR,3,DARK - LIGHTED,12,MOTOR VEHICLE IN TRANSPORT,SMITH SPRINGS RD & BELL RD,NASHVILLE,TN,37217,8965,HERMIT,36.0903,-86.6265,POINT (-86.6265 36.0903)
20190329683,04/29/2019 05:24:00 PM,2,0,0,,N,256380,4,ANGLE,21,CLEAR,1,DAYLIGHT,12,MOTOR VEHICLE IN TRANSPORT,28TH AVN & JEFFERSON ST,NASHVILLE,TN,37208,4525,NORTH,36.1672,-86.8206,POINT (-86.8206 36.1672)
20190512030,07/08/2019 10:00:00 AM,2,0,0,,N,262757,11,Front to Rear,21,CLEAR,1,DAYLIGHT,12,MOTOR VEHICLE IN TRANSPORT,BRILEY PKWYN & BRILEY PKWYS,NASHVILLE,TN,37211,8404,SOUTH,36.1092,-86.727,POINT (-86.727 36.1092)
20190345323,05/05/2019 05:00:00 PM,2,0,0,,N,161939,98,OTHER,21,CLEAR,1,DAYLIGHT,12,MOTOR VEHICLE IN TRANSPORT,SMITH SPRINGS RD & CASTLEGATE DR,NASHVILLE,TN,37217,8929,HERMIT,36.0891,-86.6149,POINT (-86.6149 36.0891)
20190331765,04/30/2019 11:09:00 AM,2,0,0,,Y,716886,5,SIDESWIPE - SAME DIRECTION,21,CLEAR,1,DAYLIGHT,12,MOTOR VEHICLE IN TRANSPORT,4TH AVS & MCCANN ST,NASHVILLE,TN,37210,8153,SOUTH,36.1499,-86.77,POINT (-86.77 36.1499)
20190040643,01/16/2019 09:09:00 AM,2,0,0,,N,332216,5,SIDESWIPE - SAME DIRECTION,22,CLOUDY,1,DAYLIGHT,12,MOTOR VEHICLE IN TRANSPORT,S 2ND ST & SYLVAN ST,NASHVILLE,TN,37213,1003,CENTRA,36.1642,-86.7676,POINT (-86.7676 36.1642)
20190130211,02/17/2019 02:40:00 PM,2,0,0,,N,197435,4,ANGLE,2,RAIN,1,DAYLIGHT,12,MOTOR VEHICLE IN TRANSPORT,JOYCE LN & GRINSTEAD PL,NASHVILLE,TN,37216,1801,EAST,36.2338,-86.729,POINT (-86.729 36.2338)
20190249771,04/01/2019 12:40:00 AM,2,0,0,,Y,299254,3,REAR-TO-REAR,21,CLEAR,3,DARK - LIGHTED,12,MOTOR VEHICLE IN TRANSPORT,HORIZON PARK APTS PVTDR & PACKARD DR,NASHVILLE,TN,37211,8709,SOUTH,36.0636,-86.6901,POINT (-86.6901 36.0636)
20190510262,07/07/2019 10:55:00 AM,2,0,0,,N,311325,11,Front to Rear,21,CLEAR,1,DAYLIGHT,12,MOTOR VEHICLE IN TRANSPORT,MM 212 4 I 40,NASHVILLE,TN,37210,82060,HERMIT,36.1441,-86.7389,POINT (-86.7389 36.1441)
20190523432,07/12/2019 09:09:00 PM,2,0,0,,Y,311337,4,ANGLE,21,CLEAR,2,DARK - NOT LIGHTED,12,MOTOR VEHICLE IN TRANSPORT,ELM HILL PKE & DONELSON PKE,NASHVILLE,TN,37214,9411,HERMIT,36.1485,-86.6651,POINT (-86.6651 36.1485)
20190031264,01/12/2019 10:40:00 PM,1,0,0,,N,909497,0,NOT COLLISION W/MOTOR VEHICLE-TRANSPORT,2,RAIN,2,DARK - NOT LIGHTED,34,DITCH,OLD LEBANON DIRT RD & CHESNEY GLEN DR,HERMITAGE,TN,37076,9513,HERMIT,36.1897,-86.5845,POINT (-86.5845 36.1897)
20190223531,03/22/2019 12:02:00 PM,2,0,0,,Y,134899,11,Front to Rear,21,CLEAR,1,DAYLIGHT,12,MOTOR VEHICLE IN TRANSPORT,MM 212 0 I 40,NASHVILLE,TN,37210,90041,HERMIT,36.147,-86.7433,POINT (-86.7433 36.147)
20190288168,04/15/2019 07:00:00 AM,2,0,0,,N,256502,11,Front to Rear,21,CLEAR,1,DAYLIGHT,12,MOTOR VEHICLE IN TRANSPORT,MM 37 5 I 24,WHITES CREEK,TN,37189,33181,NORTH,36.3118,-86.8294,POINT (-86.8294 36.3118)
20190219592,03/21/2019 07:30:00 AM,2,0,0,,N,226136,11,Front to Rear,22,CLOUDY,1,DAYLIGHT,12,MOTOR VEHICLE IN TRANSPORT,HARDING PL & TROUSDALE DR,NASHVILLE,TN,37211,8603,MIDTOW,36.081,-86.757,POINT (-86.757 36.081)
20190205767,03/16/2019 01:18:00 PM,2,0,0,,N,909494,11,Front to Rear,21,CLEAR,1,DAYLIGHT,12,MOTOR VEHICLE IN TRANSPORT,GALLATIN AV & STRATTON AV,NASHVILLE,TN,37206,1243,EAST,36.1824,-86.749,POINT (-86.749 36.1824)
20190050834,01/20/2019 12:00:00 AM,1,0,0,Y,N,280010,0,NOT COLLISION W/MOTOR VEHICLE-TRANSPORT,2,RAIN,3,DARK - LIGHTED,30,UTILITY POLE,NANCE LN & MURFREESBORO PKE,NASHVILLE,TN,37210,8213,HERMIT,36.1445,-86.7495,POINT (-86.7495 36.1445)
20190313969,04/23/2019 05:29:00 PM,2,0,0,,N,320599,4,ANGLE,22,CLOUDY,1,DAYLIGHT,12,MOTOR VEHICLE IN TRANSPORT,ANDERSON RD & CREEKVIEW DR,ANTIOCH,TN,37013,8979,SOUTH,36.074,-86.6249,POINT (-86.6249 36.074)
20190520147,07/11/2019 03:01:00 PM,2,0,0,,N,197070,5,SIDESWIPE - SAME DIRECTION,21,CLEAR,1,DAYLIGHT,12,MOTOR VEHICLE IN TRANSPORT,MM 208 4 I 40,NASHVILLE,TN,37203,54024,NORTH,36.165,-86.7943,POINT (-86.7943 36.165)
20190470404,06/21/2019 06:38:00 AM,1,0,0,,N,330411,0,NOT COLLISION W/MOTOR VEHICLE-TRANSPORT,21,CLEAR,1,DAYLIGHT,37,Other Traffic Barrier,MM 35 3 I 24,JOELTON,TN,37080,22121,NORTH,36.3231,-86.8612,POINT (-86.8612 36.3231)
20190442356,06/10/2019 08:15:00 PM,1,1,0,,Y,330441,0,NOT COLLISION W/MOTOR VEHICLE-TRANSPORT,21,CLEAR,2,DARK - NOT LIGHTED,12;8,MOTOR VEHICLE IN TRANSPORT;PEDESTRIAN,SUSANNAH DR & SUSANNAH CT,NASHVILLE,TN,37209,5235,WEST,36.1479,-86.8319,POINT (-86.8319 36.1479)
20190426246,06/04/2019 04:12:00 PM,3,0,0,,N,256417,11,Front to Rear,21,CLEAR,1,DAYLIGHT,12,MOTOR VEHICLE IN TRANSPORT,LEBANON PKE & ANDREW JACKSON PKWY,HERMITAGE,TN,37076,9537,HERMIT,36.2151,-86.5962,POINT (-86.5962 36.2151)
20190092751,02/04/2019 05:50:00 AM,2,0,0,,N,279115,4,ANGLE,21,CLEAR,1,DAYLIGHT,12,MOTOR VEHICLE IN TRANSPORT,OLD HICKORY BLVD & WILSON PIKE CIR,NASHVILLE,TN,37220,7111,MIDTOW,36.0375,-86.7858,POINT (-86.7858 36.0375)
20190175992,03/05/2019 10:15:00 PM,2,0,0,,N,212348,4,ANGLE,21,CLEAR,3,DARK - LIGHTED,12,MOTOR VEHICLE IN TRANSPORT,INTERSTATE DR & WOODLAND ST,NASHVILLE,TN,37213,1105,CENTRA,36.1705,-86.7684,POINT (-86.7684 36.1705)
20190550042,07/23/2019 05:05:00 PM,2,0,0,,N,690942,11,Front to Rear,21,CLEAR,1,DAYLIGHT,12,MOTOR VEHICLE IN TRANSPORT,SHELBY AV & I24 W ENT RAMP,NASHVILLE,TN,37213,1002,CENTRA,36.1666,-86.7649,POINT (-86.7649 36.1666)
20190260593,04/04/2019 04:23:00 PM,2,0,0,,N,279194,11,Front to Rear,22,CLOUDY,1,DAYLIGHT,12,MOTOR VEHICLE IN TRANSPORT,I40 E ENT RAMP & I 40,NASHVILLE,TN,37205,4903,WEST,36.1109,-86.922,POINT (-86.922 36.1109)
20190263659,04/05/2019 07:42:00 PM,1,0,0,Y,N,320599,0,NOT COLLISION W/MOTOR VEHICLE-TRANSPORT,21,CLEAR,3,DARK - LIGHTED,16,THROWN OR FALLING OBJECT,MM 218 0 I 40,NASHVILLE,TN,37217,89020,HERMIT,36.1413,-86.667,POINT (-86.667 36.1413)
20190092859,02/04/2019 07:20:00 AM,2,0,0,,N,299264,11,Front to Rear,22,CLOUDY,1,DAYLIGHT,12,MOTOR VEHICLE IN TRANSPORT,31ST AVS & 31ST AVN,NASHVILLE,TN,37212,5815,MIDTOW,36.1424,-86.8153,POINT (-86.8153 36.1424)
20190517682,07/10/2019 12:00:00 AM,2,3,0,,N,298861,4,ANGLE,21,CLEAR,1,DAYLIGHT,12,MOTOR VEHICLE IN TRANSPORT,ELM HILL PKE & NELSON PL,NASHVILLE,TN,37214,9105,HERMIT,36.1493,-86.6678,POINT (-86.6678 36.1493)
20190557159,07/26/2019 08:19:00 AM,2,1,0,,N,633381,11,Front to Rear,21,CLEAR,1,DAYLIGHT,12,MOTOR VEHICLE IN TRANSPORT,MM 62 5 I 24,ANTIOCH,TN,37013,8804,SOUTH,36.0143,-86.6203,POINT (-86.6203 36.0143)
20190515222,07/09/2019 12:00:00 AM,2,0,0,,N,299258,5,SIDESWIPE - SAME DIRECTION,21,CLEAR,1,DAYLIGHT,12,MOTOR VEHICLE IN TRANSPORT,BRICK CHURCH PKE & I65 S EXT RAMP,NASHVILLE,TN,37207,3021,NORTH,36.207,-86.7779,POINT (-86.7779 36.207)
20190174361,03/05/2019 10:44:00 AM,2,0,0,,Y,716886,11,Front to Rear,21,CLEAR,1,DAYLIGHT,12,MOTOR VEHICLE IN TRANSPORT,PETTUS RD & NOLENSVILLE RD,ANTIOCH,TN,37013,8767,SOUTH,35.9955,-86.6879,POINT (-86.6879 35.9955)
20190300908,04/19/2019 01:00:00 AM,2,0,0,,N,110090,16,Rear to Side,2,RAIN,3,DARK - LIGHTED,14,PARKED MOTOR VEHICLE,LAKEWALK DR & DALI CT,ANTIOCH,TN,37013,8905,SOUTH,36.0511,-86.5937,POINT (-86.5937 36.0511)
20190549886,07/23/2019 03:58:00 PM,3,1,0,,N,320594,4,ANGLE,21,CLEAR,1,DAYLIGHT,12,MOTOR VEHICLE IN TRANSPORT,ANDREW JACKSON PKWY & JACKSON MEADOWS DR,HERMITAGE,TN,37076,9715,HERMIT,36.2174,-86.5976,POINT (-86.5976 36.2174)
20190188640,03/10/2019 11:15:00 AM,3,0,0,,N,330427,5,SIDESWIPE - SAME DIRECTION,21,CLEAR,1,DAYLIGHT,12,MOTOR VEHICLE IN TRANSPORT,MM 53 0 I 24,NASHVILLE,TN,37210,8302,SOUTH,36.1189,-86.7264,POINT (-86.7264 36.1189)
20190302958,04/19/2019 09:22:00 PM,2,0,0,,N,256380,11,Front to Rear,21,CLEAR,1,DAYLIGHT,12,MOTOR VEHICLE IN TRANSPORT,28TH AVN & JEFFERSON ST,NASHVILLE,TN,37208,4525,NORTH,36.1672,-86.8206,POINT (-86.8206 36.1672)
20190101187,02/06/2019 08:17:00 PM,2,2,0,,N,909486,2,HEAD-ON,2,RAIN,3,DARK - LIGHTED,12,MOTOR VEHICLE IN TRANSPORT,HARDING PL & TROUSDALE DR,NASHVILLE,TN,37220,8601,MIDTOW,36.0811,-86.7584,POINT (-86.7584 36.0811)
20190061935,01/24/2019 07:13:00 AM,2,0,0,,N,320575,11,Front to Rear,22,CLOUDY,4,DAWN,12,MOTOR VEHICLE IN TRANSPORT,I24 W EXT RAMP & I 24,NASHVILLE,TN,37211,8829,SOUTH,36.1074,-86.7197,POINT (-86.7197 36.1074)
20190395777,05/23/2019 10:45:00 PM,1,0,0,,Y,352156,0,NOT COLLISION W/MOTOR VEHICLE-TRANSPORT,21,CLEAR,3,DARK - LIGHTED,34;63;7,DITCH;Ran Off Road-Right,MURFREESBORO PKE & HAMILTON GLEN PL,ANTIOCH,TN,37013,8865,SOUTH,36.0602,-86.6234,POINT (-86.6234 36.0602)
20190251402,04/01/2019 04:22:00 PM,3,0,0,,N,256380,11,Front to Rear,21,CLEAR,1,DAYLIGHT,12,MOTOR VEHICLE IN TRANSPORT,BUENA VISTA PKE & CURTIS ST,NASHVILLE,TN,37218,3135,NORTH,36.198,-86.8273,POINT (-86.8273 36.198)
20190351148,05/07/2019 05:10:00 PM,2,1,0,,N,279196,4,ANGLE,21,CLEAR,1,DAYLIGHT,12,MOTOR VEHICLE IN TRANSPORT,GALLATIN PKEN & RIVERGATE SQUARE PVTDR,MADISON,TN,37115,1757,MADISO,36.2915,-86.7032,POINT (-86.7032 36.2915)
20190219705,03/21/2019 08:05:00 AM,2,0,0,,Y,419952,98,OTHER,21,CLEAR,1,DAYLIGHT,12;14,MOTOR VEHICLE IN TRANSPORT;PARKED MOTOR VEHICLE,NEVADA AV & 38TH AVN,NASHVILLE,TN,37209,5233,WEST,36.1494,-86.8307,POINT (-86.8307 36.1494)
20190078118,01/29/2019 11:07:00 PM,2,0,0,,Y,298875,6,SIDESWIPE - OPPOSITE DIRECTION,21,CLEAR,3,DARK - LIGHTED,14;55,PARKED MOTOR VEHICLE;Motor Vehicle-In-Motion Outside Trafficw,NOLENSVILLE PKE & ANTIOCH PKE,NASHVILLE,TN,37211,8427,SOUTH,36.1018,-86.7406,POINT (-86.7406 36.1018)