Accident Number,Date and Time,Number of Motor Vehicles,Number of Injuries,Number of Fatalities,Property Damage,Hit and Run,Reporting Officer,Collision Type Code,Collision Type Description,Weather Code,Weather Description,Illumination Code,Illumination Description,Harmful Code,Harmful Code Description,Street Address,City,State,ZIP,RPA,Precinct,Latitude,Longitude,Mapped Location
20190540284,07/19/2019 04:24:00 PM,2,0,0,,N,256423,98,OTHER,21,CLEAR,1,DAYLIGHT,12,MOTOR VEHICLE IN TRANSPORT,W TRINITY LN & WHITES CREEK PKE,NASHVILLE,TN,37207,3009,NORTH,36.207,-86.7916,POINT (-86.7916 36.207)
20190320116,04/25/2019 05:00:00 PM,2,0,0,,N,151131,11,Front to Rear,21,CLEAR,1,DAYLIGHT,12,MOTOR VEHICLE IN TRANSPORT,NORTH GATE SHOPPING CTR PVTDR & CLARKSVI,NASHVILLE,TN,37218,3153,NORTH,36.1993,-86.8386,POINT (-86.8386 36.1993)
20190547322,07/22/2019 05:07:00 PM,2,1,0,,N,256426,11,Front to Rear,2,RAIN,1,DAYLIGHT,12,MOTOR VEHICLE IN TRANSPORT,MM 213 5 I 40,NASHVILLE,TN,37210,90062,HERMIT,36.1406,-86.7215,POINT (-86.7215 36.1406)
20190385620,05/20/2019 05:10:00 PM,2,0,0,,N,834813,4,ANGLE,21,CLEAR,1,DAYLIGHT,12,MOTOR VEHICLE IN TRANSPORT,MM 32 1 I 24,JOELTON,TN,37080,3316,NORTH,36.3376,-86.9139,POINT (-86.9139 36.3376)
20190434102,06/07/2019 11:55:00 AM,3,4,0,,N,633385,11,Front to Rear,22,CLOUDY,1,DAYLIGHT,12;13,MOTOR VEHICLE IN TRANSPORT;MOTOR VEHICLE IN TRANSPORT-OTHER ROADWAY,12TH AVS & BROADWAY,NASHVILLE,TN,37203,4081,CENTRA,36.1563,-86.7873,POINT (-86.7873 36.1563)
20190264130,04/05/2019 11:46:00 PM,2,0,0,,N,110062,5,SIDESWIPE - SAME DIRECTION,21,CLEAR,3,DARK - LIGHTED,12,MOTOR VEHICLE IN TRANSPORT,N 1ST ST & I24 E EXT RAMP,NASHVILLE,TN,37207,1955,CENTRA,36.1784,-86.7744,POINT (-86.7744 36.1784)
20190142609,02/21/2019 05:05:00 PM,2,0,0,,Y,256424,11,Front to Rear,2,RAIN,1,DAYLIGHT,12,MOTOR VEHICLE IN TRANSPORT,BELL RD & ELM HILL PKE,NASHVILLE,TN,37214,8995,HERMIT,36.1411,-86.628,POINT (-86.628 36.1411)
20190569098,07/31/2019 10:13:00 AM,2,0,0,,N,332216,4,ANGLE,21,CLEAR,1,DAYLIGHT,12,MOTOR VEHICLE IN TRANSPORT,3RD AVS & ELM ST,NASHVILLE,TN,37210,4031,CENTRA,36.1541,-86.7714,POINT (-86.7714 36.1541)
20190417145,05/31/2019 08:26:00 PM,1,1,0,,N,330428,0,NOT COLLISION W/MOTOR VEHICLE-TRANSPORT,21,CLEAR,2,DARK - NOT LIGHTED,1,,MM 197 8 I 40,NASHVILLE,TN,37221,4806,WEST,36.095,-86.9373,POINT (-86.9373 36.095)
20190380618,05/18/2019 12:17:00 PM,4,0,0,,Y,320586,5,SIDESWIPE - SAME DIRECTION,21,CLEAR,1,DAYLIGHT,14,PARKED MOTOR VEHICLE,2ND AVS & MILDRED SHUTE AV,NASHVILLE,TN,37210,8143,SOUTH,36.1471,-86.7656,POINT (-86.7656 36.1471)
20190103957,02/07/2019 06:34:00 PM,2,0,0,,N,279124,11,Front to Rear,2,RAIN,2,DARK - NOT LIGHTED,12,MOTOR VEHICLE IN TRANSPORT,MM 54 6 I 24,NASHVILLE,TN,37211,84021,SOUTH,36.0994,-86.7109,POINT (-86.7109 36.0994)
20190203463,03/15/2019 02:54:00 PM,2,0,0,,N,279124,11,Front to Rear,21,CLEAR,1,DAYLIGHT,12,MOTOR VEHICLE IN TRANSPORT,MM 6 8 I 440,NASHVILLE,TN,37210,81040,SOUTH,36.1244,-86.7398,POINT (-86.7398 36.1244)
20190313749,04/23/2019 05:14:00 PM,2,3,0,,N,206676,4,ANGLE,21,CLEAR,1,DAYLIGHT,12,MOTOR VEHICLE IN TRANSPORT,GALLATIN PKEN & RIVERGATE STATION PVTDR,MADISON,TN,37115,1721,MADISO,36.2949,-86.6998,POINT (-86.6998 36.2949)
20190289488,04/15/2019 04:54:00 PM,2,0,0,,N,330415,11,Front to Rear,21,CLEAR,1,DAYLIGHT,12,MOTOR VEHICLE IN TRANSPORT,HERMITAGE AV & ROLLING MILL HILL GRNWY,NASHVILLE,TN,37210,4029,CENTRA,36.1552,-86.7648,POINT (-86.7648 36.1552)
20190209525,03/18/2019 05:05:00 AM,2,0,0,,N,191578,5,SIDESWIPE - SAME DIRECTION,21,CLEAR,4,DAWN,12,MOTOR VEHICLE IN TRANSPORT,DONELSON PKE & I40 E ENT RAMP,NASHVILLE,TN,37214,8953,HERMIT,36.1396,-86.6662,POINT (-86.6662 36.1396)
20190027275,01/11/2019 08:57:00 AM,2,0,0,,N,584947,4,ANGLE,22,CLOUDY,1,DAYLIGHT,12,MOTOR VEHICLE IN TRANSPORT,MM 79 7 I 65,NASHVILLE,TN,37204,8504,MIDTOW,36.1092,-86.7698,POINT (-86.7698 36.1092)
20190416664,05/31/2019 04:15:00 PM,2,0,0,,N,330443,11,Front to Rear,21,CLEAR,1,DAYLIGHT,12,MOTOR VEHICLE IN TRANSPORT,MM 93 0 I 65,MADISON,TN,37115,17040,MADISO,36.2752,-86.7354,POINT (-86.7354 36.2752)
20190460182,06/17/2019 05:00:00 PM,2,0,0,,N,151131,4,ANGLE,21,CLEAR,1,DAYLIGHT,12,MOTOR VEHICLE IN TRANSPORT,DOMINICAN DR & ROSA L PARKS BLVD,NASHVILLE,TN,37228,4445,NORTH,36.1879,-86.7985,POINT (-86.7985 36.1879)
20190089284,02/02/2019 01:41:00 PM,2,0,0,,N,633391,4,ANGLE,21,CLEAR,1,DAYLIGHT,12,MOTOR VEHICLE IN TRANSPORT,WHITE BRIDGE PKE & OBRIEN AV,NASHVILLE,TN,37209,5101,WEST,36.1505,-86.8579,POINT (-86.8579 36.1505)
20190223021,03/22/2019 09:01:00 AM,2,0,0,,N,572251,5,SIDESWIPE - SAME DIRECTION,21,CLEAR,1,DAYLIGHT,12,MOTOR VEHICLE IN TRANSPORT,OLD SPRINGFIELD PKE & LICKTON PKE,GOODLETTSVILLE,TN,37072,2127,MADISO,36.3465,-86.7268,POINT (-86.7268 36.3465)
20190046378,01/18/2019 08:05:00 AM,2,0,0,,N,320592,5,SIDESWIPE - SAME DIRECTION,22,CLOUDY,1,DAYLIGHT,12,MOTOR VEHICLE IN TRANSPORT,SPENCE LN & ELM HILL PKE,NASHVILLE,TN,37210,9015,HERMIT,36.1427,-86.7219,POINT (-86.7219 36.1427)
20190227438,03/24/2019 01:28:00 AM,2,0,0,,N,212321,4,ANGLE,21,CLEAR,3,DARK - LIGHTED,12,MOTOR VEHICLE IN TRANSPORT,MURFREESBORO PKE & MOUNTAIN SPRINGS RD,ANTIOCH,TN,37013,8927,SOUTH,36.0478,-86.6121,POINT (-86.6121 36.0478)
20190488314,06/27/2019 12:00:00 AM,2,0,0,,Y,226600,9,UNKNOWN,99,UNKNOWN,7,Dark-Unknown Lighting,14,PARKED MOTOR VEHICLE,GENERAL BATE DR & CRESTRIDGE DR,NASHVILLE,TN,37204,7017,MIDTOW,36.0974,-86.7864,POINT (-86.7864 36.0974)
20190378154,05/17/2019 12:58:00 PM,2,1,0,,N,332253,4,ANGLE,21,CLEAR,1,DAYLIGHT,12,MOTOR VEHICLE IN TRANSPORT,EWING DR & BRICK CHURCH PKE,NASHVILLE,TN,37207,2031,MADISO,36.025,-86.721,POINT (-86.721 36.025)
20190302064,04/19/2019 12:45:00 PM,2,0,0,,Y,320601,4,ANGLE,22,CLOUDY,1,DAYLIGHT,12,MOTOR VEHICLE IN TRANSPORT,OLD HICKORY BLVD & I24 W EXT RAMP,ANTIOCH,TN,37013,8869,SOUTH,36.0158,-86.6201,POINT (-86.6201 36.0158)
20190066235,01/25/2019 12:00:00 AM,2,0,0,,N,226827,4,ANGLE,21,CLEAR,1,DAYLIGHT,12,MOTOR VEHICLE IN TRANSPORT,GALLATIN PKEN & RIVERGATE MARKETPLACE PV,MADISON,TN,37115,1731,MADISO,36.3044,-86.6895,POINT (-86.6895 36.3044)
20190188692,03/10/2019 11:57:00 AM,2,0,0,,N,140790,11,Front to Rear,21,CLEAR,1,DAYLIGHT,12,MOTOR VEHICLE IN TRANSPORT,DONELSON PKE & I40 W EXT RAMP,NASHVILLE,TN,37214,9103,HERMIT,36.1415,-86.6666,POINT (-86.6666 36.1415)
20190436734,06/08/2019 02:05:00 PM,2,1,0,,N,140808,4,ANGLE,22,CLOUDY,1,DAYLIGHT,1;12,MOTOR VEHICLE IN TRANSPORT,HARDING PL & SIDCO DR,NASHVILLE,TN,37220,8601,MIDTOW,36.0819,-86.7612,POINT (-86.7612 36.0819)
20190511130,07/07/2019 10:20:00 PM,2,1,0,,Y,330441,4,ANGLE,2,RAIN,2,DARK - NOT LIGHTED,12,MOTOR VEHICLE IN TRANSPORT,OCALA DR & NOLENSVILLE PKE,NASHVILLE,TN,37211,8717,SOUTH,36.0516,-86.714,POINT (-86.714 36.0516)
20190377655,05/17/2019 08:45:00 AM,2,0,0,,N,665896,4,ANGLE,21,CLEAR,1,DAYLIGHT,12,MOTOR VEHICLE IN TRANSPORT,GALLATIN AV & GRANADA AV,NASHVILLE,TN,37206,1319,EAST,36.1882,-86.7465,POINT (-86.7465 36.1882)
20190214333,03/19/2019 05:15:00 PM,3,0,0,,N,279214,11,Front to Rear,21,CLEAR,1,DAYLIGHT,12,MOTOR VEHICLE IN TRANSPORT,OLD HICKORY BLVD & I65 N ENT RAMP,BRENTWOOD,TN,37027,8619,MIDTOW,36.0401,-86.7807,POINT (-86.7807 36.0401)
20190479301,06/25/2019 06:01:00 AM,2,2,0,,N,405424,11,Front to Rear,21,CLEAR,4,DAWN,12,MOTOR VEHICLE IN TRANSPORT,DONELSON PKE & KNAPP BLVD,NASHVILLE,TN,37217,8951,HERMIT,36.1129,-86.6709,POINT (-86.6709 36.1129)
20190214280,03/19/2019 04:39:00 PM,2,0,0,,Y,909486,4,ANGLE,21,CLEAR,1,DAYLIGHT,12,MOTOR VEHICLE IN TRANSPORT,OLD HICKORY BLVD & BRENTWOOD EAST DR,NASHVILLE,TN,37211,8651,MIDTOW,36.0452,-86.7154,POINT (-86.7154 36.0452)
20190419921,06/02/2019 12:00:00 AM,1,0,0,Y,Y,191572,0,NOT COLLISION W/MOTOR VEHICLE-TRANSPORT,21,CLEAR,3,DARK - LIGHTED,40,MAIL BOX,BREWER DR & GREEN LEAF DR,NASHVILLE,TN,37211,8655,MIDTOW,36.0542,-86.72,POINT (-86.72 36.0542)
20190106831,02/08/2019 08:20:00 PM,2,0,0,,N,579971,4,ANGLE,21,CLEAR,2,DARK - NOT LIGHTED,12;34,MOTOR VEHICLE IN TRANSPORT;DITCH,APACHE TRL & PACKARD DR,NASHVILLE,TN,37211,8709,SOUTH,36.065,-86.6858,POINT (-86.6858 36.065)
20190094398,02/04/2019 05:15:00 PM,2,0,0,,N,320580,11,Front to Rear,22,CLOUDY,3,DARK - LIGHTED,12,MOTOR VEHICLE IN TRANSPORT,LEBANON PKE & QUINN CIR,NASHVILLE,TN,37210,9019,HERMIT,36.1602,-86.7029,POINT (-86.7029 36.1602)
20190380441,05/18/2019 09:30:00 AM,2,0,0,,Y,279227,5,SIDESWIPE - SAME DIRECTION,21,CLEAR,1,DAYLIGHT,12,MOTOR VEHICLE IN TRANSPORT,MM 58 9 I 24,ANTIOCH,TN,37013,87061,SOUTH,36.0494,-86.6662,POINT (-86.6662 36.0494)
20190472191,06/21/2019 09:43:00 PM,2,0,0,,Y,206675,11,Front to Rear,2,RAIN,2,DARK - NOT LIGHTED,12,MOTOR VEHICLE IN TRANSPORT,OCALA DR & NOLENSVILLE PKE,NASHVILLE,TN,37211,8717,SOUTH,36.0516,-86.714,POINT (-86.714 36.0516)
20190528875,07/15/2019 11:39:00 AM,2,0,0,,N,594473,11,Front to Rear,22,CLOUDY,1,DAYLIGHT,12,MOTOR VEHICLE IN TRANSPORT,I65 S EXT RAMP & WEDGEWOOD PARK,NASHVILLE,TN,37203,6901,MIDTOW,36.1349,-86.7762,POINT (-86.7762 36.1349)
20190461958,06/18/2019 10:13:00 AM,3,0,0,,N,226673,11,Front to Rear,22,CLOUDY,1,DAYLIGHT,12;7,MOTOR VEHICLE IN TRANSPORT,GEORGE L DAVIS BLVD & CHURCH ST,NASHVILLE,TN,37203,4119,CENTRA,36.1584,-86.7906,POINT (-86.7906 36.1584)
20190537802,07/18/2019 12:00:00 AM,2,0,0,,N,298877,4,ANGLE,22,CLOUDY,1,DAYLIGHT,12,MOTOR VEHICLE IN TRANSPORT,CENTRAL AV & NOLENSVILLE PKE,NASHVILLE,TN,37211,8343,MIDTOW,36.1145,-86.7474,POINT (-86.7474 36.1145)
20190541975,07/19/2019 11:00:00 PM,2,0,0,Y,Y,279227,5,SIDESWIPE - SAME DIRECTION,99,UNKNOWN,9,UNKNOWN,12;14,MOTOR VEHICLE IN TRANSPORT;PARKED MOTOR VEHICLE,PEBBLE CREEK DR & TREETOP DR,ANTIOCH,TN,37013,8861,SOUTH,36.0725,-86.6588,POINT (-86.6588 36.0725)
20190439204,06/09/2019 12:00:00 AM,2,2,0,,N,298877,11,Front to Rear,2,RAIN,1,DAYLIGHT,12,MOTOR VEHICLE IN TRANSPORT,MM 55 7 I 24,NASHVILLE,TN,37211,86020,SOUTH,36.086,-86.7002,POINT (-86.7002 36.086)
20190009470,01/04/2019 12:49:00 PM,2,0,0,,N,716886,11,Front to Rear,2,RAIN,1,DAYLIGHT,12,MOTOR VEHICLE IN TRANSPORT,BELL RD & COLLINS PARK DR,ANTIOCH,TN,37013,8863,SOUTH,36.2189,-86.8464,POINT (-86.8464 36.2189)
20190282158,04/12/2019 04:00:00 PM,2,0,0,,N,256383,5,SIDESWIPE - SAME DIRECTION,21,CLEAR,1,DAYLIGHT,12,MOTOR VEHICLE IN TRANSPORT,MM 55 0 I 24,NASHVILLE,TN,37211,8812,SOUTH,36.0948,-86.7069,POINT (-86.7069 36.0948)
20190015829,01/07/2019 09:02:00 AM,2,1,0,,N,226136,11,Front to Rear,21,CLEAR,1,DAYLIGHT,12,MOTOR VEHICLE IN TRANSPORT,MM 3 7 I 440,NASHVILLE,TN,37215,6420,MIDTOW,36.116,-86.7951,POINT (-86.7951 36.116)
20190525925,07/14/2019 02:10:00 AM,1,0,0,,N,330415,0,NOT COLLISION W/MOTOR VEHICLE-TRANSPORT,21,CLEAR,3,DARK - LIGHTED,8,PEDESTRIAN,0 5TH AVS,NASHVILLE,TN,37203,4055,CENTRA,36.1568,-86.7758,POINT (-86.7758 36.1568)
20190343801,05/04/2019 10:02:00 PM,2,1,0,,N,330412,4,ANGLE,2,RAIN,3,DARK - LIGHTED,12,MOTOR VEHICLE IN TRANSPORT,OLD HICKORY BLVDW & DICKERSON PKE,MADISON,TN,37115,2039,MADISO,36.2692,-86.7556,POINT (-86.7556 36.2692)
20190009060,01/04/2019 09:35:00 AM,2,0,0,,N,716886,5,SIDESWIPE - SAME DIRECTION,2,RAIN,1,DAYLIGHT,12,MOTOR VEHICLE IN TRANSPORT,OLD HICKORY BLVD & I24 E EXT RAMP,WHITES CREEK,TN,37189,3227,NORTH,36.2768,-86.801,POINT (-86.801 36.2768)
20190109234,02/09/2019 11:10:00 PM,1,1,0,,N,279201,0,NOT COLLISION W/MOTOR VEHICLE-TRANSPORT,21,CLEAR,3,DARK - LIGHTED,24,GUARDRAIL FACE,BRILEY PKWYN & BRILEY PKWYS,NASHVILLE,TN,37211,8404,SOUTH,36.1092,-86.727,POINT (-86.727 36.1092)
20190108068,02/09/2019 09:27:00 AM,2,0,0,,N,493304,4,ANGLE,21,CLEAR,1,DAYLIGHT,14,PARKED MOTOR VEHICLE,HICKORY ST & 2ND AV,MADISON,TN,37115,1605,MADISO,36.26,-86.7106,POINT (-86.7106 36.26)
20190415817,05/31/2019 10:24:00 AM,2,0,0,,N,223502,4,ANGLE,21,CLEAR,1,DAYLIGHT,12,MOTOR VEHICLE IN TRANSPORT,2ND AVS & MILDRED SHUTE AV,NASHVILLE,TN,37210,8143,SOUTH,36.1471,-86.7656,POINT (-86.7656 36.1471)
20190270909,04/08/2019 08:00:00 PM,2,1,0,,N,240979,11,Front to Rear,21,CLEAR,3,DARK - LIGHTED,12,MOTOR VEHICLE IN TRANSPORT,MM 93 3 I 65,MADISON,TN,37115,17062,MADISO,36.2795,-86.7339,POINT (-86.7339 36.2795)
20190179544,03/06/2019 11:11:00 PM,2,0,0,,N,299261,5,SIDESWIPE - SAME DIRECTION,21,CLEAR,3,DARK - LIGHTED,12,MOTOR VEHICLE IN TRANSPORT,MM 3 0 I 440,NASHVILLE,TN,37215,6424,MIDTOW,36.1201,-86.8026,POINT (-86.8026 36.1201)
20190468305,06/20/2019 01:48:00 PM,2,0,0,,Y,352178,5,SIDESWIPE - SAME DIRECTION,21,CLEAR,1,DAYLIGHT,12;14,MOTOR VEHICLE IN TRANSPORT;PARKED MOTOR VEHICLE,2100 BLAIR BLVD,NASHVILLE,TN,37212,5901,MIDTOW,36.1306,-86.8022,POINT (-86.8022 36.1306)
20190390554,05/22/2019 08:11:00 AM,2,0,0,,N,876581,4,ANGLE,21,CLEAR,1,DAYLIGHT,12,MOTOR VEHICLE IN TRANSPORT,OLD HICKORY BLVDW & RONNIE RD,MADISON,TN,37115,1749,MADISO,36.2641,-86.7262,POINT (-86.7262 36.2641)
20190379213,05/17/2019 12:00:00 AM,2,0,0,,N,298877,5,SIDESWIPE - SAME DIRECTION,21,CLEAR,3,DARK - LIGHTED,12,MOTOR VEHICLE IN TRANSPORT,BRILEY PKWYN & I24 E EXT RAMP,NASHVILLE,TN,37211,8404,SOUTH,36.1092,-86.723,POINT (-86.723 36.1092)
20190123155,02/14/2019 05:00:00 PM,2,0,0,,Y,299238,11,Front to Rear,21,CLEAR,1,DAYLIGHT,12,MOTOR VEHICLE IN TRANSPORT,EWING DR & LARKSPUR DR,NASHVILLE,TN,37207,1807,EAST,36.2305,-86.7687,POINT (-86.7687 36.2305)
20190553177,07/24/2019 06:54:00 PM,2,1,0,,N,151132,4,ANGLE,21,CLEAR,5,DUSK,12,MOTOR VEHICLE IN TRANSPORT,E OLD HICKORY BLVD & LARKIN SPRINGS RD,MADISON,TN,37115,1705,MADISO,36.2627,-86.6844,POINT (-86.6844 36.2627)
20190429616,06/05/2019 06:34:00 PM,2,0,0,,Y,151132,11,Front to Rear,22,CLOUDY,1,DAYLIGHT,12,MOTOR VEHICLE IN TRANSPORT,GALLATIN PKES & W WEBSTER ST,MADISON,TN,37115,1507,MADISO,36.2519,-86.7177,POINT (-86.7177 36.2519)
20190544891,07/21/2019 05:33:00 PM,2,0,0,,N,330431,5,SIDESWIPE - SAME DIRECTION,21,CLEAR,1,DAYLIGHT,12,MOTOR VEHICLE IN TRANSPORT,MM 38 0 I 24,WHITES CREEK,TN,37189,2212,NORTH,36.3083,-86.8217,POINT (-86.8217 36.3083)
20190140017,02/20/2019 08:30:00 PM,2,0,0,,N,156308,11,Front to Rear,21,CLEAR,3,DARK - LIGHTED,12,MOTOR VEHICLE IN TRANSPORT,CLARKSVILLE PKE & KINGS LN,NASHVILLE,TN,37218,3141,NORTH,36.2167,-86.8375,POINT (-86.8375 36.2167)
20190307101,04/21/2019 08:02:00 PM,2,0,0,,N,320597,4,ANGLE,21,CLEAR,1,DAYLIGHT,12,MOTOR VEHICLE IN TRANSPORT,BAKERTOWN RD & HAYWOOD LN,NASHVILLE,TN,37211,8851,SOUTH,36.07,-86.6856,POINT (-86.6856 36.07)
20190581611,08/05/2019 01:00:00 PM,2,0,0,,N,462501,5,SIDESWIPE - SAME DIRECTION,21,CLEAR,1,DAYLIGHT,12,MOTOR VEHICLE IN TRANSPORT,4TH AVS & KOREAN VETERANS BLVD,NASHVILLE,TN,37201,4047,CENTRA,36.1569,-86.7745,POINT (-86.7745 36.1569)
20190267724,04/07/2019 03:02:00 PM,2,0,0,,Y,281611,9,UNKNOWN,2,RAIN,1,DAYLIGHT,14,PARKED MOTOR VEHICLE,UPTON LN & CABOT DR,NASHVILLE,TN,37209,4677,WEST,36.1376,-86.8929,POINT (-86.8929 36.1376)
20190451168,06/13/2019 11:00:00 PM,2,1,0,,N,169414,2,HEAD-ON,21,CLEAR,3,DARK - LIGHTED,12,MOTOR VEHICLE IN TRANSPORT,CROSSINGS BLVD & MT VIEW RD,ANTIOCH,TN,37013,8863,SOUTH,36.0455,-86.6473,POINT (-86.6473 36.0455)
20190404682,05/27/2019 02:54:00 PM,2,0,0,,Y,179582,11,Front to Rear,21,CLEAR,1,DAYLIGHT,12,MOTOR VEHICLE IN TRANSPORT,NOLENSVILLE PKE & TUSCULUM RD,NASHVILLE,TN,37211,8711,SOUTH,36.0594,-86.7163,POINT (-86.7163 36.0594)
20190231624,03/25/2019 02:18:00 PM,2,0,0,,N,876597,4,ANGLE,21,CLEAR,1,DAYLIGHT,12,MOTOR VEHICLE IN TRANSPORT,BELL RD & CANE RIDGE RD,ANTIOCH,TN,37013,8753,SOUTH,36.0449,-86.6631,POINT (-86.6631 36.0449)
20190132619,02/18/2019 01:35:00 PM,2,0,0,,N,439917,0,NOT COLLISION W/MOTOR VEHICLE-TRANSPORT,21,CLEAR,1,DAYLIGHT,18,OTHER OBJECT (NOT FIXED),MM 85 2 I 65,NASHVILLE,TN,37208,4404,NORTH,36.1833,-86.7989,POINT (-86.7989 36.1833)
20190559783,07/27/2019 10:40:00 AM,2,0,0,,N,419952,4,ANGLE,21,CLEAR,1,DAYLIGHT,12,MOTOR VEHICLE IN TRANSPORT,HILLWOOD BLVD & WILSONIA AV,NASHVILLE,TN,37205,5001,WEST,36.1224,-86.8538,POINT (-86.8538 36.1224)
20190532211,07/16/2019 05:38:00 PM,2,0,0,,N,462474,4,ANGLE,21,CLEAR,1,DAYLIGHT,12,MOTOR VEHICLE IN TRANSPORT,HARDING PL & SHADESCREST DR,NASHVILLE,TN,37211,8607,MIDTOW,36.0771,-86.7366,POINT (-86.7366 36.0771)
20190132203,02/18/2019 10:57:00 AM,2,2,0,Y,N,311804,4,ANGLE,22,CLOUDY,1,DAYLIGHT,12,MOTOR VEHICLE IN TRANSPORT,2ND AVN & MONROE ST,NASHVILLE,TN,37208,4315,CENTRA,36.1782,-86.7855,POINT (-86.7855 36.1782)
20190494061,06/30/2019 09:35:00 PM,2,1,0,Y,N,352204,5,SIDESWIPE - SAME DIRECTION,21,CLEAR,3,DARK - LIGHTED,12,MOTOR VEHICLE IN TRANSPORT,MM 40 7 I 24,WHITES CREEK,TN,37189,3226,NORTH,36.2743,-86.7974,POINT (-86.7974 36.2743)
20190269512,04/08/2019 08:48:00 AM,2,0,0,,N,311804,11,Front to Rear,2,RAIN,1,DAYLIGHT,12,MOTOR VEHICLE IN TRANSPORT,JEFFERSON ST & 1ST AVN,NASHVILLE,TN,37201,4231,CENTRA,36.176,-86.7806,POINT (-86.7806 36.176)
20190059138,01/23/2019 08:50:00 AM,2,0,0,,N,402660,2,HEAD-ON,2,RAIN,1,DAYLIGHT,12,MOTOR VEHICLE IN TRANSPORT,URBANDALE AV & DELRAY DR,NASHVILLE,TN,37209,4637,WEST,36.1548,-86.8536,POINT (-86.8536 36.1548)
20190112214,02/11/2019 08:10:00 AM,2,0,0,,N,109534,5,SIDESWIPE - SAME DIRECTION,22,CLOUDY,1,DAYLIGHT,12,MOTOR VEHICLE IN TRANSPORT,GRAYLYNN DR & CROSSFIELD DR,NASHVILLE,TN,37214,9113,HERMIT,36.1682,-86.6749,POINT (-86.6749 36.1682)
20190471814,06/21/2019 06:20:00 PM,2,1,0,,N,298860,4,ANGLE,21,CLEAR,1,DAYLIGHT,13,MOTOR VEHICLE IN TRANSPORT-OTHER ROADWAY,OLD HICKORY BLVD & PRINCETON PL,HERMITAGE,TN,37076,9529,HERMIT,36.1727,-86.6019,POINT (-86.6019 36.1727)
20190206803,03/16/2019 11:24:00 PM,4,0,0,,Y,197059,9,UNKNOWN,21,CLEAR,3,DARK - LIGHTED,14,PARKED MOTOR VEHICLE,19TH AVN & WEST END AV,NASHVILLE,TN,37203,5523,MIDTOW,36.1523,-86.7975,POINT (-86.7975 36.1523)
20190100911,02/06/2019 05:41:00 PM,2,0,0,,N,212344,4,ANGLE,2,RAIN,3,DARK - LIGHTED,12,MOTOR VEHICLE IN TRANSPORT,WOODLAND ST & S 10TH ST,NASHVILLE,TN,37206,1201,EAST,36.177,-86.7512,POINT (-86.7512 36.177)
20190143001,02/21/2019 05:52:00 PM,2,0,0,,Y,197070,5,SIDESWIPE - SAME DIRECTION,2,RAIN,1,DAYLIGHT,12,MOTOR VEHICLE IN TRANSPORT,ROSA L PARKS BLVD & 7TH AVN,NASHVILLE,TN,37203,4221,CENTRA,36.1702,-86.7894,POINT (-86.7894 36.1702)
20190343895,05/04/2019 09:53:00 PM,3,0,0,,N,311341,4,ANGLE,2,RAIN,3,DARK - LIGHTED,12,MOTOR VEHICLE IN TRANSPORT,OLD HICKORY BLVD & HIGHWAY 70S,NASHVILLE,TN,37221,4901,WEST,36.0742,-86.9208,POINT (-86.9208 36.0742)
20190113183,02/11/2019 03:10:00 PM,2,0,0,,N,690942,4,ANGLE,2,RAIN,1,DAYLIGHT,12,MOTOR VEHICLE IN TRANSPORT,11TH AVN & CHARLOTTE AV,NASHVILLE,TN,37203,4151,CENTRA,36.1621,-86.7906,POINT (-86.7906 36.1621)
20190383445,05/19/2019 08:55:00 PM,2,0,0,,Y,320582,98,OTHER,21,CLEAR,3,DARK - LIGHTED,12,MOTOR VEHICLE IN TRANSPORT,MM 86 0 I 65,NASHVILLE,TN,37208,4304,CENTRA,36.1916,-86.7859,POINT (-86.7859 36.1916)
20190177409,03/06/2019 08:17:00 AM,2,0,0,,N,225773,11,Front to Rear,21,CLEAR,1,DAYLIGHT,12,MOTOR VEHICLE IN TRANSPORT,HARDING PL & SIDCO DR,NASHVILLE,TN,37220,8601,MIDTOW,36.0819,-86.7612,POINT (-86.7612 36.0819)
20190400182,05/25/2019 12:11:00 PM,2,0,0,,N,544481,11,Front to Rear,21,CLEAR,1,DAYLIGHT,12,MOTOR VEHICLE IN TRANSPORT,I24 W EXT RAMP & JAMES ROBERTSON PKWY,NASHVILLE,TN,37207,1995,EAST,36.1719,-86.7679,POINT (-86.7679 36.1719)
20190395070,05/23/2019 05:39:00 PM,1,1,0,,N,151132,0,NOT COLLISION W/MOTOR VEHICLE-TRANSPORT,21,CLEAR,1,DAYLIGHT,32;42;64,CULVERT;TREE;Ran Off Road-Left,WESTCHESTER DR & KEMPER DRS,MADISON,TN,37115,2019,MADISO,36.2645,-86.7524,POINT (-86.7524 36.2645)
20190485552,06/27/2019 09:29:00 AM,2,1,0,,N,311339,4,ANGLE,21,CLEAR,1,DAYLIGHT,12,MOTOR VEHICLE IN TRANSPORT,2ND AVS & ELM ST,NASHVILLE,TN,37210,4005,CENTRA,36.1542,-86.7702,POINT (-86.7702 36.1542)
20190424196,06/03/2019 11:55:00 PM,2,0,0,,Y,256493,11,Front to Rear,21,CLEAR,3,DARK - LIGHTED,12,MOTOR VEHICLE IN TRANSPORT,MURFREESBORO PKE & NASHBORO BLVD,ANTIOCH,TN,37013,8891,SOUTH,36.0869,-86.6487,POINT (-86.6487 36.0869)
20190315735,04/24/2019 08:00:00 AM,2,0,0,,N,483529,11,Front to Rear,21,CLEAR,1,DAYLIGHT,12,MOTOR VEHICLE IN TRANSPORT,GALLATIN PKE NB EXT RAMP & BRILEY PKWY E,NASHVILLE,TN,37216,1503,EAST,36.2336,-86.724,POINT (-86.724 36.2336)