Accident Number,Date and Time,Number of Motor Vehicles,Number of Injuries,Number of Fatalities,Property Damage,Hit and Run,Reporting Officer,Collision Type Code,Collision Type Description,Weather Code,Weather Description,Illumination Code,Illumination Description,Harmful Code,Harmful Code Description,Street Address,City,State,ZIP,RPA,Precinct,Latitude,Longitude,Mapped Location
20190275599,04/10/2019 10:45:00 AM,2,0,0,,N,226622,4,ANGLE,21,CLEAR,1,DAYLIGHT,12,MOTOR VEHICLE IN TRANSPORT,BROOK HOLLOW RD & CHARLOTTE PKE,NASHVILLE,TN,37205,5013,WEST,36.1358,-86.8852,POINT (-86.8852 36.1358)
20190301780,04/19/2019 11:05:00 AM,2,0,0,,N,311804,4,ANGLE,22,CLOUDY,1,DAYLIGHT,12,MOTOR VEHICLE IN TRANSPORT,8TH AVS & CLARK PL,NASHVILLE,TN,37203,4059,CENTRA,36.1558,-86.7801,POINT (-86.7801 36.1558)
20190167507,03/02/2019 12:00:00 AM,2,0,0,,N,298877,5,SIDESWIPE - SAME DIRECTION,21,CLEAR,3,DARK - LIGHTED,12,MOTOR VEHICLE IN TRANSPORT,MM 53 8 I 24,NASHVILLE,TN,37211,8402,SOUTH,36.1083,-86.7209,POINT (-86.7209 36.1083)
20190432435,06/06/2019 06:54:00 PM,2,4,0,,N,240968,5,SIDESWIPE - SAME DIRECTION,2,RAIN,5,DUSK,12,MOTOR VEHICLE IN TRANSPORT,FAIRCLOTH LN & OLD MURFREESBORO PKE,NASHVILLE,TN,37217,8947,HERMIT,36.1036,-86.6665,POINT (-86.6665 36.1036)
20190216487,03/20/2019 08:37:00 AM,2,1,0,,N,226136,4,ANGLE,21,CLEAR,1,DAYLIGHT,12,MOTOR VEHICLE IN TRANSPORT,TYNE BLVD & ROSELAWN CIR,NASHVILLE,TN,37215,6309,MIDTOW,36.0808,-86.8071,POINT (-86.8071 36.0808)
20190410070,05/29/2019 11:38:00 AM,2,0,0,,N,630627,5,SIDESWIPE - SAME DIRECTION,21,CLEAR,1,DAYLIGHT,12,MOTOR VEHICLE IN TRANSPORT,HILLSBORO PKE & ENCLAVE AT HILLSBORO VIL,NASHVILLE,TN,37212,6507,MIDTOW,36.1253,-86.8056,POINT (-86.8056 36.1253)
20190439169,06/09/2019 05:07:00 PM,2,0,0,,N,299257,4,ANGLE,22,CLOUDY,1,DAYLIGHT,12,MOTOR VEHICLE IN TRANSPORT,LEALAND LN & GALE LN,NASHVILLE,TN,37204,6933,MIDTOW,36.1168,-86.787,POINT (-86.787 36.1168)
20190181162,03/07/2019 12:00:00 PM,2,0,0,,Y,665896,11,Front to Rear,22,CLOUDY,1,DAYLIGHT,12,MOTOR VEHICLE IN TRANSPORT,SHELBY AV & S 14TH ST,NASHVILLE,TN,37206,1035,EAST,36.1708,-86.7468,POINT (-86.7468 36.1708)
20190420645,06/02/2019 12:45:00 PM,2,0,0,,N,375570,11,Front to Rear,21,CLEAR,1,DAYLIGHT,12,MOTOR VEHICLE IN TRANSPORT,STATE RT 45 & DELAWARE AV,MADISON,TN,37115,1701,MADISO,36.2637,-86.7045,POINT (-86.7045 36.2637)
20190278750,04/11/2019 12:31:00 PM,2,2,0,,N,109534,4,ANGLE,21,CLEAR,1,DAYLIGHT,1;12,MOTOR VEHICLE IN TRANSPORT,ROBINSON RD & INDUSTRIAL DR,OLD HICKORY,TN,37138,9611,HERMIT,36.263,-86.6618,POINT (-86.6618 36.263)
20190108500,02/09/2019 02:18:00 PM,2,0,0,,Y,320577,11,Front to Rear,21,CLEAR,1,DAYLIGHT,12,MOTOR VEHICLE IN TRANSPORT,8TH AVS & ROYCROFT PL,NASHVILLE,TN,37204,6945,MIDTOW,36.1339,-86.7791,POINT (-86.7791 36.1339)
20190315518,04/24/2019 06:42:00 AM,2,0,0,,N,109534,5,SIDESWIPE - SAME DIRECTION,21,CLEAR,1,DAYLIGHT,12,MOTOR VEHICLE IN TRANSPORT,MM 211 8 I 40,NASHVILLE,TN,37210,90022,HERMIT,36.149,-86.7465,POINT (-86.7465 36.149)
20190285833,04/14/2019 02:30:00 AM,1,0,0,,N,311804,0,NOT COLLISION W/MOTOR VEHICLE-TRANSPORT,2,RAIN,3,DARK - LIGHTED,36,CONCRETE TRAFFIC BARRIER,I40 W ENT RAMP & I 40,NASHVILLE,TN,37210,9007,HERMIT,36.1484,-86.7454,POINT (-86.7454 36.1484)
20190295637,04/17/2019 12:15:00 PM,2,1,0,,N,676834,5,SIDESWIPE - SAME DIRECTION,21,CLEAR,1,DAYLIGHT,12;24,MOTOR VEHICLE IN TRANSPORT;GUARDRAIL FACE,MM 86 5 I 65,NASHVILLE,TN,37207,3006,NORTH,36.1946,-86.7762,POINT (-86.7762 36.1946)
20190490920,06/29/2019 11:21:00 AM,1,0,0,Y,N,468030,0,NOT COLLISION W/MOTOR VEHICLE-TRANSPORT,22,CLOUDY,1,DAYLIGHT,38,FENCE,WHITES CREEK PKE & AUCTION WAY,NASHVILLE,TN,37207,1913,EAST,36.1912,-86.7751,POINT (-86.7751 36.1912)
20190469032,06/20/2019 06:12:00 PM,2,1,0,,N,311337,11,Front to Rear,21,CLEAR,1,DAYLIGHT,12,MOTOR VEHICLE IN TRANSPORT,MM 214 4 I 40,NASHVILLE,TN,37210,90061,HERMIT,36.1431,-86.7063,POINT (-86.7063 36.1431)
20190314472,04/23/2019 10:49:00 PM,2,1,0,,N,256382,4,ANGLE,21,CLEAR,3,DARK - LIGHTED,12,MOTOR VEHICLE IN TRANSPORT,STEWARTS FERRY PKE & I40 W EXT RAMP,NASHVILLE,TN,37214,9413,HERMIT,36.1565,-86.6313,POINT (-86.6313 36.1565)
20190502039,07/03/2019 04:00:00 PM,2,0,0,,N,256383,11,Front to Rear,2,RAIN,1,DAYLIGHT,12,MOTOR VEHICLE IN TRANSPORT,BLUE HOLE RD & TUSCULUM RD,ANTIOCH,TN,37013,8721,SOUTH,36.0455,-86.7037,POINT (-86.7037 36.0455)
20190412734,05/30/2019 10:29:00 AM,1,0,0,,Y,191570,0,NOT COLLISION W/MOTOR VEHICLE-TRANSPORT,22,CLOUDY,1,DAYLIGHT,34,DITCH,PACKARD DR & HORIZON PARK APTS PVTDR,ANTIOCH,TN,37013,8713,SOUTH,36.0639,-86.6916,POINT (-86.6916 36.0639)
20190500869,07/03/2019 07:57:00 AM,2,0,0,,N,299243,11,Front to Rear,21,CLEAR,1,DAYLIGHT,12,MOTOR VEHICLE IN TRANSPORT,MM 49 5 I 24,NASHVILLE,TN,37210,4008,CENTRA,36.1588,-86.7604,POINT (-86.7604 36.1588)
20190079277,01/30/2019 07:23:00 AM,2,0,0,,N,716886,11,Front to Rear,4,SNOW,1,DAYLIGHT,12,MOTOR VEHICLE IN TRANSPORT,OLD HICKORY BLVD & HOBSON DR,ANTIOCH,TN,37013,8765,SOUTH,36.0119,-86.621,POINT (-86.621 36.0119)
20190020492,01/09/2019 12:05:00 AM,1,0,0,,Y,468098,0,NOT COLLISION W/MOTOR VEHICLE-TRANSPORT,21,CLEAR,3,DARK - LIGHTED,41,SHRUBBERY,RICHARDS RD & DEBRA DR,ANTIOCH,TN,37013,8855,SOUTH,36.0676,-86.6655,POINT (-86.6655 36.0676)
20190085540,02/01/2019 05:25:00 AM,2,0,0,,N,299274,5,SIDESWIPE - SAME DIRECTION,22,CLOUDY,3,DARK - LIGHTED,12,MOTOR VEHICLE IN TRANSPORT,MM 211 8 I 40,NASHVILLE,TN,37210,90022,HERMIT,36.149,-86.7465,POINT (-86.7465 36.149)
20190060589,01/23/2019 08:50:00 PM,2,4,0,,N,151132,5,SIDESWIPE - SAME DIRECTION,2,RAIN,3,DARK - LIGHTED,12,MOTOR VEHICLE IN TRANSPORT,MM 90 8 I 65,MADISON,TN,37115,20044,MADISO,36.2462,-86.7451,POINT (-86.7451 36.2462)
20190136669,02/19/2019 07:50:00 PM,1,1,0,,N,110092,0,NOT COLLISION W/MOTOR VEHICLE-TRANSPORT,2,RAIN,3,DARK - LIGHTED,30,UTILITY POLE,OLD HICKORY BLVD & 30TH ST,OLD HICKORY,TN,37138,9607,HERMIT,36.2457,-86.639,POINT (-86.639 36.2457)
20190128141,02/16/2019 01:40:00 PM,2,0,0,,N,717341,11,Front to Rear,22,CLOUDY,1,DAYLIGHT,12,MOTOR VEHICLE IN TRANSPORT,MM 57 5 I 24,ANTIOCH,TN,37013,87060,SOUTH,36.0636,-86.6836,POINT (-86.6836 36.0636)
20190267333,04/07/2019 10:28:00 AM,2,2,0,,N,481573,11,Front to Rear,2,RAIN,1,DAYLIGHT,12;43,MOTOR VEHICLE IN TRANSPORT;OTHER FIXED OBJECTS,MUSIC SQE & ROY ACUFF PL,NASHVILLE,TN,37203,6717,MIDTOW,36.15,-86.7919,POINT (-86.7919 36.15)
20190108557,02/09/2019 03:38:00 PM,1,0,0,Y,N,311332,0,NOT COLLISION W/MOTOR VEHICLE-TRANSPORT,21,CLEAR,1,DAYLIGHT,1,,RIVER ROAD PKE & INDIAN CREEK RD,NASHVILLE,TN,37209,4707,WEST,36.1387,-86.9512,POINT (-86.9512 36.1387)
20190388757,05/21/2019 05:25:00 PM,2,0,0,,N,690942,4,ANGLE,21,CLEAR,1,DAYLIGHT,12,MOTOR VEHICLE IN TRANSPORT,8TH AVS & CLARK PL,NASHVILLE,TN,37203,4059,CENTRA,36.1558,-86.7801,POINT (-86.7801 36.1558)
20190043508,01/17/2019 08:00:00 AM,2,0,0,,N,226622,11,Front to Rear,2,RAIN,1,DAYLIGHT,12,MOTOR VEHICLE IN TRANSPORT,I40 E ENT RAMP & I 40,NASHVILLE,TN,37205,4903,WEST,36.1109,-86.922,POINT (-86.922 36.1109)
20190269793,04/08/2019 09:44:00 AM,2,0,0,,Y,716886,11,Front to Rear,2,RAIN,1,DAYLIGHT,12,MOTOR VEHICLE IN TRANSPORT,I24E & I24 W EXT RAMP,NASHVILLE,TN,37210,8102,SOUTH,36.1336,-86.7269,POINT (-86.7269 36.1336)
20190051545,01/20/2019 01:54:00 PM,4,4,0,,N,311339,4,ANGLE,21,CLEAR,1,DAYLIGHT,12,MOTOR VEHICLE IN TRANSPORT,MM 49 1 I 24,NASHVILLE,TN,37206,10040,EAST,36.1647,-86.7634,POINT (-86.7634 36.1647)
20190499009,07/02/2019 04:02:00 PM,2,0,0,,Y,298867,11,Front to Rear,21,CLEAR,1,DAYLIGHT,12,MOTOR VEHICLE IN TRANSPORT,MM 48 0 I 24,NASHVILLE,TN,37213,1908,CENTRA,36.1759,-86.7721,POINT (-86.7721 36.1759)
20190419138,06/01/2019 07:18:00 PM,2,0,0,,Y,298867,5,SIDESWIPE - SAME DIRECTION,21,CLEAR,1,DAYLIGHT,12,MOTOR VEHICLE IN TRANSPORT,BRILEY PKWYE & BRILEY PKWYW,NASHVILLE,TN,37207,20120,MADISO,36.2396,-86.7751,POINT (-86.7751 36.2396)
20190237032,03/27/2019 08:50:00 AM,2,1,0,,N,226136,11,Front to Rear,21,CLEAR,1,DAYLIGHT,12,MOTOR VEHICLE IN TRANSPORT,OLD HICKORY BLVD & SEVEN SPRINGS WAY PVT,BRENTWOOD,TN,37027,8623,MIDTOW,36.0406,-86.7711,POINT (-86.7711 36.0406)
20190432817,06/06/2019 11:26:00 PM,2,0,0,,N,187882,6,SIDESWIPE - OPPOSITE DIRECTION,2,RAIN,3,DARK - LIGHTED,55,Motor Vehicle-In-Motion Outside Trafficw,MAIN ST & N 10TH ST,NASHVILLE,TN,37206,1131,EAST,36.1782,-86.7517,POINT (-86.7517 36.1782)
20190015279,01/07/2019 03:40:00 AM,1,0,0,Y,Y,212342,0,NOT COLLISION W/MOTOR VEHICLE-TRANSPORT,21,CLEAR,3,DARK - LIGHTED,27,H-WAY TRAFFIC SIGNAL POST,MURFREESBORO PKE & KERMIT DR,NASHVILLE,TN,37217,8823,HERMIT,36.1215,-86.7045,POINT (-86.7045 36.1215)
20190356668,05/09/2019 03:56:00 PM,2,0,0,,N,714641,5,SIDESWIPE - SAME DIRECTION,22,CLOUDY,1,DAYLIGHT,12,MOTOR VEHICLE IN TRANSPORT,N 1ST ST & I24 E ENT RAMP,NASHVILLE,TN,37213,1985,CENTRA,36.1757,-86.7744,POINT (-86.7744 36.1757)
20190458782,06/17/2019 12:00:00 AM,1,0,0,Y,N,468098,0,NOT COLLISION W/MOTOR VEHICLE-TRANSPORT,21,CLEAR,3,DARK - LIGHTED,30,UTILITY POLE,BART DR & OLIVIA DR,ANTIOCH,TN,37013,8713,SOUTH,36.0577,-86.6919,POINT (-86.6919 36.0577)
20190213483,03/19/2019 11:23:00 AM,2,1,0,,N,594473,5,SIDESWIPE - SAME DIRECTION,21,CLEAR,1,DAYLIGHT,12,MOTOR VEHICLE IN TRANSPORT,TIMBERHILL DR & HARDING PL,NASHVILLE,TN,37211,8603,MIDTOW,36.0811,-86.7554,POINT (-86.7554 36.0811)
20190264699,04/06/2019 05:48:00 AM,1,1,0,Y,N,311338,0,NOT COLLISION W/MOTOR VEHICLE-TRANSPORT,22,CLOUDY,4,DAWN,30,UTILITY POLE,CLARKSVILLE PKE & 25TH AVN,NASHVILLE,TN,37208,4419,NORTH,36.1855,-86.8172,POINT (-86.8172 36.1855)
20190206681,03/16/2019 10:55:00 PM,2,2,0,,N,330444,2,HEAD-ON,21,CLEAR,3,DARK - LIGHTED,12,MOTOR VEHICLE IN TRANSPORT,RECOVERY RD & HARDING PL,NASHVILLE,TN,37211,8705,SOUTH,36.0802,-86.718,POINT (-86.718 36.0802)
20190260625,04/04/2019 06:24:00 PM,2,1,0,,N,197047,4,ANGLE,2,RAIN,1,DAYLIGHT,12,MOTOR VEHICLE IN TRANSPORT,CAHAL AV & GALLATIN AV,NASHVILLE,TN,37206,1331,EAST,36.1966,-86.7416,POINT (-86.7416 36.1966)
20190325385,04/27/2019 07:40:00 PM,2,0,0,,N,311333,11,Front to Rear,22,CLOUDY,7,Dark-Unknown Lighting,12,MOTOR VEHICLE IN TRANSPORT,MURFREESBORO PKE & BELL RD,ANTIOCH,TN,37013,8865,SOUTH,36.072,-86.636,POINT (-86.636 36.072)
20190144230,02/22/2019 07:19:00 AM,2,0,0,,N,665896,5,SIDESWIPE - SAME DIRECTION,2,RAIN,1,DAYLIGHT,12,MOTOR VEHICLE IN TRANSPORT,MM 48 0 I 24,NASHVILLE,TN,37213,1908,CENTRA,36.1759,-86.7721,POINT (-86.7721 36.1759)
20190074556,01/28/2019 11:09:00 PM,2,1,0,,Y,256493,11,Front to Rear,2,RAIN,3,DARK - LIGHTED,12,MOTOR VEHICLE IN TRANSPORT,SPRING ST & DICKERSON PKE,NASHVILLE,TN,37207,1979,EAST,36.1765,-86.7702,POINT (-86.7702 36.1765)
20190035001,01/14/2019 01:15:00 PM,3,2,0,,N,191578,11,Front to Rear,22,CLOUDY,1,DAYLIGHT,12,MOTOR VEHICLE IN TRANSPORT,ELM HILL PKE & SANBORN DR,NASHVILLE,TN,37210,9041,HERMIT,36.1508,-86.6927,POINT (-86.6927 36.1508)
20190117555,02/12/2019 11:31:00 PM,2,0,0,,N,298871,5,SIDESWIPE - SAME DIRECTION,21,CLEAR,3,DARK - LIGHTED,12;33,MOTOR VEHICLE IN TRANSPORT;CURB,HORTON AV & 17TH AVS,NASHVILLE,TN,37212,6627,MIDTOW,36.1409,-86.7949,POINT (-86.7949 36.1409)
20190374491,05/16/2019 08:03:00 AM,2,0,0,,N,226136,11,Front to Rear,21,CLEAR,1,DAYLIGHT,12,MOTOR VEHICLE IN TRANSPORT,21ST AVN & CHURCH ST,NASHVILLE,TN,37203,5527,MIDTOW,36.152,-86.8024,POINT (-86.8024 36.152)
20190496009,07/01/2019 04:00:00 PM,2,0,0,,Y,352204,11,Front to Rear,21,CLEAR,1,DAYLIGHT,12,MOTOR VEHICLE IN TRANSPORT,OLD HICKORY BLVDW & DICKERSON PKE,MADISON,TN,37115,2039,MADISO,36.2692,-86.7556,POINT (-86.7556 36.2692)
20190232164,03/25/2019 06:20:00 PM,2,0,0,,N,642287,2,HEAD-ON,21,CLEAR,5,DUSK,12,MOTOR VEHICLE IN TRANSPORT,MAIN ST & NEILL AV,NASHVILLE,TN,37206,1119,EAST,36.1758,-86.7577,POINT (-86.7577 36.1758)
20190273408,04/09/2019 04:40:00 PM,2,0,0,,Y,279208,4,ANGLE,21,CLEAR,1,DAYLIGHT,14,PARKED MOTOR VEHICLE,BROADWAY & 15TH AVN,NASHVILLE,TN,37203,5701,MIDTOW,36.1552,-86.7907,POINT (-86.7907 36.1552)
20190373217,05/15/2019 11:00:00 PM,2,0,0,,N,299245,5,SIDESWIPE - SAME DIRECTION,21,CLEAR,3,DARK - LIGHTED,12,MOTOR VEHICLE IN TRANSPORT,W TRINITY LN & I65 N ENT RAMP,NASHVILLE,TN,37207,1863,EAST,36.2063,-86.7735,POINT (-86.7735 36.2063)
20190079453,01/30/2019 08:34:00 AM,2,0,0,,N,544482,11,Front to Rear,4,SNOW,1,DAYLIGHT,12,MOTOR VEHICLE IN TRANSPORT,POWELL AV & SIDCO DR,NASHVILLE,TN,37204,8527,MIDTOW,36.096,-86.7589,POINT (-86.7589 36.096)
20190193543,03/12/2019 08:23:00 AM,2,0,0,,N,109534,5,SIDESWIPE - SAME DIRECTION,21,CLEAR,1,DAYLIGHT,12,MOTOR VEHICLE IN TRANSPORT,MURFREESBORO PKE & I24 W EXT RAMP,NASHVILLE,TN,37217,8801,SOUTH,36.1348,-86.7236,POINT (-86.7236 36.1348)
20190210297,03/18/2019 12:28:00 PM,2,0,0,,N,714641,4,ANGLE,21,CLEAR,1,DAYLIGHT,12,MOTOR VEHICLE IN TRANSPORT,BROADWAY & 10TH AVS,NASHVILLE,TN,37203,4077,CENTRA,36.158,-86.7843,POINT (-86.7843 36.158)
20190422894,06/03/2019 01:10:00 PM,2,1,0,,Y,676834,11,Front to Rear,21,CLEAR,1,DAYLIGHT,12,MOTOR VEHICLE IN TRANSPORT,MM 86 0 I 65,NASHVILLE,TN,37208,4304,CENTRA,36.1916,-86.7859,POINT (-86.7859 36.1916)
20190501981,07/03/2019 03:29:00 PM,2,0,0,,Y,161946,5,SIDESWIPE - SAME DIRECTION,2,RAIN,1,DAYLIGHT,12,MOTOR VEHICLE IN TRANSPORT,MM 212 9 I 40,NASHVILLE,TN,37210,82061,HERMIT,36.1404,-86.7312,POINT (-86.7312 36.1404)
20190297084,04/17/2019 10:22:00 PM,2,1,0,,N,256386,11,Front to Rear,21,CLEAR,3,DARK - LIGHTED,12,MOTOR VEHICLE IN TRANSPORT,MM 214 5 I 40,NASHVILLE,TN,37217,88022,HERMIT,36.1434,-86.7031,POINT (-86.7031 36.1434)
20190465629,06/19/2019 04:22:00 PM,2,0,0,,Y,256383,5,SIDESWIPE - SAME DIRECTION,21,CLEAR,1,DAYLIGHT,12,MOTOR VEHICLE IN TRANSPORT,FRANKLIN LIMESTONE RD & MURFREESBORO PKE,NASHVILLE,TN,37217,8853,SOUTH,36.0944,-86.6534,POINT (-86.6534 36.0944)
20190484366,06/26/2019 09:00:00 PM,2,0,0,,Y,226175,9,UNKNOWN,21,CLEAR,3,DARK - LIGHTED,14,PARKED MOTOR VEHICLE,WILCLAY DR & CHARLOTTE PKE,NASHVILLE,TN,37209,5023,WEST,36.1432,-86.876,POINT (-86.876 36.1432)
20190147629,02/23/2019 01:34:00 PM,1,1,0,Y,N,481573,0,NOT COLLISION W/MOTOR VEHICLE-TRANSPORT,2,RAIN,1,DAYLIGHT,30,UTILITY POLE,31ST AVN & HEDRICK ST,NASHVILLE,TN,37203,5627,MIDTOW,36.1431,-86.8159,POINT (-86.8159 36.1431)
20190410566,05/29/2019 03:43:00 PM,2,1,0,,Y,320579,11,Front to Rear,21,CLEAR,1,DAYLIGHT,12,MOTOR VEHICLE IN TRANSPORT,MM 48 8 I 24,NASHVILLE,TN,37213,1104,CENTRA,36.1682,-86.7659,POINT (-86.7659 36.1682)
20190141817,02/21/2019 12:20:00 PM,3,0,0,,N,226136,11,Front to Rear,22,CLOUDY,1,DAYLIGHT,12,MOTOR VEHICLE IN TRANSPORT,FRANKLIN PKE & I440 E ENT RAMP,NASHVILLE,TN,37204,6930,MIDTOW,36.1171,-86.7741,POINT (-86.7741 36.1171)
20190517417,07/10/2019 02:34:00 PM,2,1,0,,N,256389,11,Front to Rear,21,CLEAR,1,DAYLIGHT,12,MOTOR VEHICLE IN TRANSPORT,OLD HICKORY BLVD & KINGSBURY DR,NASHVILLE,TN,37215,6305,MIDTOW,36.0428,-86.8403,POINT (-86.8403 36.0428)
20190355644,05/09/2019 07:00:00 AM,1,0,0,Y,N,226136,0,NOT COLLISION W/MOTOR VEHICLE-TRANSPORT,22,CLOUDY,1,DAYLIGHT,43;63,OTHER FIXED OBJECTS;Ran Off Road-Right,OTTER CREEK RD & ANNANDALE,NASHVILLE,TN,37215,6307,MIDTOW,36.0611,-86.8346,POINT (-86.8346 36.0611)
20190267986,04/07/2019 06:25:00 PM,2,0,0,,Y,279225,11,Front to Rear,21,CLEAR,1,DAYLIGHT,12,MOTOR VEHICLE IN TRANSPORT,PERCY PRIEST DR & STEWARTS FERRY PKE,NASHVILLE,TN,37214,8955,HERMIT,36.1539,-86.6257,POINT (-86.6257 36.1539)
20190112140,02/11/2019 12:00:00 AM,1,0,0,Y,Y,191578,0,NOT COLLISION W/MOTOR VEHICLE-TRANSPORT,99,UNKNOWN,9,UNKNOWN,38,FENCE,ANDERSON ROAD & WILFORD PACK DR,NASHVILLE,TN,37217,8929,HERMIT,36.0732,-86.6141,POINT (-86.6141 36.0732)
20190503120,07/04/2019 12:50:00 AM,1,0,0,,N,189243,0,NOT COLLISION W/MOTOR VEHICLE-TRANSPORT,22,CLOUDY,7,Dark-Unknown Lighting,34,DITCH,5100 EZELL PKE,NASHVILLE,TN,37211,8847,SOUTH,36.0895,-86.688,POINT (-86.688 36.0895)
20190506426,07/05/2019 11:28:00 AM,2,0,0,,N,256428,6,SIDESWIPE - OPPOSITE DIRECTION,21,CLEAR,1,DAYLIGHT,12,MOTOR VEHICLE IN TRANSPORT,CHICAMAUGA AV & LAURENT ST,NASHVILLE,TN,37206,1929,EAST,36.1852,-86.7529,POINT (-86.7529 36.1852)
20190577904,08/03/2019 07:43:00 PM,1,0,0,,N,330412,0,NOT COLLISION W/MOTOR VEHICLE-TRANSPORT,2,RAIN,2,DARK - NOT LIGHTED,39,WALL,BRILEY PKWYE & BRILEY PKWYW,NASHVILLE,TN,37207,20120,MADISO,36.2396,-86.7751,POINT (-86.7751 36.2396)
20190521476,07/12/2019 12:00:00 AM,1,1,0,Y,N,320583,0,NOT COLLISION W/MOTOR VEHICLE-TRANSPORT,21,CLEAR,3,DARK - LIGHTED,1;20,IMPACT ATTENUATOR,MM 3 6 I 440,NASHVILLE,TN,37212,6502,MIDTOW,36.1161,-86.7967,POINT (-86.7967 36.1161)
20190563345,07/29/2019 12:00:00 AM,1,0,0,Y,N,320591,0,NOT COLLISION W/MOTOR VEHICLE-TRANSPORT,21,CLEAR,3,DARK - LIGHTED,18;7,OTHER OBJECT (NOT FIXED),COUNTRY WAY RD & SEBETHA CT,ANTIOCH,TN,37013,8925,SOUTH,36.0737,-86.5972,POINT (-86.5972 36.0737)
20190467930,06/20/2019 11:15:00 AM,2,0,0,,Y,690942,4,ANGLE,21,CLEAR,1,DAYLIGHT,12,MOTOR VEHICLE IN TRANSPORT,8TH AVS & LAFAYETTE ST,NASHVILLE,TN,37203,4043,CENTRA,36.1546,-86.7792,POINT (-86.7792 36.1546)
20190417704,06/01/2019 12:00:00 AM,1,0,0,Y,Y,191573,0,NOT COLLISION W/MOTOR VEHICLE-TRANSPORT,21,CLEAR,3,DARK - LIGHTED,30;99,UTILITY POLE;UNKNOWN MOST HARMFUL EVENT,6TH AVS & PEABODY ST,NASHVILLE,TN,37203,4039,CENTRA,36.1549,-86.7767,POINT (-86.7767 36.1549)
20190106849,02/08/2019 08:25:00 PM,2,0,0,,N,279194,4,ANGLE,21,CLEAR,3,DARK - LIGHTED,12,MOTOR VEHICLE IN TRANSPORT,28TH AVN & ED TEMPLE BLVD,NASHVILLE,TN,37208,4425,NORTH,36.1861,-86.8231,POINT (-86.8231 36.1861)
20190429912,06/05/2019 12:00:00 AM,2,0,0,,Y,109531,5,SIDESWIPE - SAME DIRECTION,21,CLEAR,9,UNKNOWN,12,MOTOR VEHICLE IN TRANSPORT,SHARPE AV & GALLATIN AV,NASHVILLE,TN,37206,1319,EAST,36.1891,-86.7455,POINT (-86.7455 36.1891)
20190145087,02/22/2019 12:30:00 PM,1,0,0,Y,N,226134,0,NOT COLLISION W/MOTOR VEHICLE-TRANSPORT,2,RAIN,1,DAYLIGHT,18;38,OTHER OBJECT (NOT FIXED);FENCE,BELL RD & BLUE HOLE RD,ANTIOCH,TN,37013,8719,SOUTH,36.0458,-86.6744,POINT (-86.6744 36.0458)
20190544049,07/21/2019 06:39:00 AM,2,0,0,,Y,755026,5,SIDESWIPE - SAME DIRECTION,21,CLEAR,1,DAYLIGHT,12,MOTOR VEHICLE IN TRANSPORT,MURFREESBORO PKE & BRILEY PKWY N ENT RAM,NASHVILLE,TN,37217,8831,SOUTH,36.1174,-86.6992,POINT (-86.6992 36.1174)
20190066321,01/25/2019 05:01:00 PM,2,0,0,,Y,433550,11,Front to Rear,21,CLEAR,3,DARK - LIGHTED,12,MOTOR VEHICLE IN TRANSPORT,OLD HICKORY BLVD & FELLOWSHIP LN,OLD HICKORY,TN,37138,9607,HERMIT,36.238,-86.6291,POINT (-86.6291 36.238)
20190506238,07/05/2019 09:48:00 AM,2,1,0,,N,633390,11,Front to Rear,22,CLOUDY,1,DAYLIGHT,12,MOTOR VEHICLE IN TRANSPORT,W TRINITY LN & LUCAS LN,NASHVILLE,TN,37207,1863,EAST,36.2061,-86.7711,POINT (-86.7711 36.2061)
20190178682,03/06/2019 04:47:00 PM,2,1,0,,N,212322,4,ANGLE,21,CLEAR,1,DAYLIGHT,12;99,MOTOR VEHICLE IN TRANSPORT;UNKNOWN MOST HARMFUL EVENT,MM 58 1 I 24,ANTIOCH,TN,37013,88080,SOUTH,36.0572,-86.6767,POINT (-86.6767 36.0572)
20190461507,06/18/2019 05:30:00 AM,1,0,0,,N,226622,0,NOT COLLISION W/MOTOR VEHICLE-TRANSPORT,2,RAIN,1,DAYLIGHT,36,CONCRETE TRAFFIC BARRIER,MM 203 6 I 40,NASHVILLE,TN,37209,46020,WEST,36.1512,-86.8632,POINT (-86.8632 36.1512)
20190325811,04/28/2019 01:10:00 AM,1,0,0,,Y,279201,0,NOT COLLISION W/MOTOR VEHICLE-TRANSPORT,21,CLEAR,3,DARK - LIGHTED,7,,MM 212 1 I 40,NASHVILLE,TN,37210,90041,HERMIT,36.1463,-86.7422,POINT (-86.7422 36.1463)
20190211965,03/19/2019 12:35:00 AM,1,1,0,,N,879558,0,NOT COLLISION W/MOTOR VEHICLE-TRANSPORT,21,CLEAR,3,DARK - LIGHTED,39,WALL,RUDY CIR PVTDR & RUDY CIR,NASHVILLE,TN,37214,9213,HERMIT,36.2201,-86.6961,POINT (-86.6961 36.2201)
20190267316,04/07/2019 10:09:00 AM,1,3,0,,N,633383,0,NOT COLLISION W/MOTOR VEHICLE-TRANSPORT,2,RAIN,1,DAYLIGHT,36,CONCRETE TRAFFIC BARRIER,MM 86 2 I 65,NASHVILLE,TN,37207,1910,CENTRA,36.1919,-86.7812,POINT (-86.7812 36.1919)
20190194247,03/12/2019 01:10:00 PM,2,0,0,,N,665896,4,ANGLE,21,CLEAR,1,DAYLIGHT,12,MOTOR VEHICLE IN TRANSPORT,CLEVELAND ST & MCFERRIN AV,NASHVILLE,TN,37206,1943,EAST,36.1843,-86.7548,POINT (-86.7548 36.1843)
20190112310,02/11/2019 08:55:00 AM,2,0,0,,Y,299264,5,SIDESWIPE - SAME DIRECTION,2,RAIN,1,DAYLIGHT,12,MOTOR VEHICLE IN TRANSPORT,MM 1 6 I 440,NASHVILLE,TN,37209,5230,WEST,36.1531,-86.8228,POINT (-86.8228 36.1531)