Accident Number,Date and Time,Number of Motor Vehicles,Number of Injuries,Number of Fatalities,Property Damage,Hit and Run,Reporting Officer,Collision Type Code,Collision Type Description,Weather Code,Weather Description,Illumination Code,Illumination Description,Harmful Code,Harmful Code Description,Street Address,City,State,ZIP,RPA,Precinct,Latitude,Longitude,Mapped Location
20190173827,03/05/2019 07:11:00 AM,2,0,0,,N,226136,4,ANGLE,21,CLEAR,1,DAYLIGHT,12,MOTOR VEHICLE IN TRANSPORT,HARDING PL & SIDCO DR,NASHVILLE,TN,37220,8601,MIDTOW,36.0819,-86.7612,POINT (-86.7612 36.0819)
20190156728,02/26/2019 08:29:00 PM,2,0,0,,N,256411,5,SIDESWIPE - SAME DIRECTION,21,CLEAR,3,DARK - LIGHTED,12,MOTOR VEHICLE IN TRANSPORT,28TH AVN & JEFFERSON ST,NASHVILLE,TN,37208,4525,NORTH,36.1672,-86.8206,POINT (-86.8206 36.1672)
20190396684,05/24/2019 06:43:00 AM,2,0,0,,N,716886,16,Rear to Side,21,CLEAR,1,DAYLIGHT,14,PARKED MOTOR VEHICLE,OCTOBER WOODS DR & WILD APPLE CT,ANTIOCH,TN,37013,8765,SOUTH,36.0067,-86.6322,POINT (-86.6322 36.0067)
20190047544,01/18/2019 03:39:00 PM,1,0,0,Y,N,256383,0,NOT COLLISION W/MOTOR VEHICLE-TRANSPORT,22,CLOUDY,1,DAYLIGHT,19,BUILDING,DOVER GLEN PVTDR & DOVER GLEN DR,ANTIOCH,TN,37013,8861,SOUTH,36.0749,-86.6461,POINT (-86.6461 36.0749)
20190136123,02/19/2019 12:00:00 AM,2,0,0,,N,279118,4,ANGLE,2,RAIN,1,DAYLIGHT,12,MOTOR VEHICLE IN TRANSPORT,HAYWOOD LN & EAST RIDGE DR,NASHVILLE,TN,37211,8707,SOUTH,36.07,-86.6985,POINT (-86.6985 36.07)
20190210838,03/18/2019 03:15:00 PM,2,0,0,,Y,876597,5,SIDESWIPE - SAME DIRECTION,21,CLEAR,1,DAYLIGHT,12,MOTOR VEHICLE IN TRANSPORT,MURFREESBORO PKE & BELL RD,ANTIOCH,TN,37013,8865,SOUTH,36.072,-86.636,POINT (-86.636 36.072)
20190531925,07/16/2019 02:57:00 PM,1,0,0,,N,267831,0,NOT COLLISION W/MOTOR VEHICLE-TRANSPORT,22,CLOUDY,1,DAYLIGHT,1;34;63,DITCH;Ran Off Road-Right,HIGHWAY 100 & WILLOUGHBY WAY,NASHVILLE,TN,37221,4807,WEST,36.059,-86.9202,POINT (-86.9202 36.059)
20190571978,08/01/2019 12:32:00 PM,1,1,0,Y,N,212325,0,NOT COLLISION W/MOTOR VEHICLE-TRANSPORT,22,CLOUDY,1,DAYLIGHT,30;40,UTILITY POLE;MAIL BOX,KINSEY BLVD & HOSPITAL DR,MADISON,TN,37115,1613,MADISO,36.253,-86.6903,POINT (-86.6903 36.253)
20190385731,05/20/2019 06:20:00 PM,2,1,0,,N,352215,11,Front to Rear,21,CLEAR,1,DAYLIGHT,12,MOTOR VEHICLE IN TRANSPORT,OLD LEBANON DIRT RD & CHANDLER RD,HERMITAGE,TN,37076,9523,HERMIT,36.1879,-86.6073,POINT (-86.6073 36.1879)
20190204639,03/15/2019 11:13:00 PM,2,0,0,,Y,212337,11,Front to Rear,21,CLEAR,3,DARK - LIGHTED,12,MOTOR VEHICLE IN TRANSPORT,ROSA L PARKS BLVD & I65 N ENT RAMP,NASHVILLE,TN,37208,4353,NORTH,36.184,-86.798,POINT (-86.798 36.184)
20190443520,06/11/2019 09:05:00 AM,2,0,0,,Y,279110,11,Front to Rear,21,CLEAR,1,DAYLIGHT,12,MOTOR VEHICLE IN TRANSPORT,BRILEY PKWYS & I24 E ENT RAMP,NASHVILLE,TN,37211,8336,SOUTH,36.1096,-86.7224,POINT (-86.7224 36.1096)
20190065010,01/25/2019 08:07:00 AM,2,0,0,,Y,584947,5,SIDESWIPE - SAME DIRECTION,21,CLEAR,1,DAYLIGHT,12,MOTOR VEHICLE IN TRANSPORT,HARDING PL & NOLENSVILLE PKE,NASHVILLE,TN,37211,8705,SOUTH,36.0797,-86.7261,POINT (-86.7261 36.0797)
20190100320,02/06/2019 01:20:00 PM,2,0,0,,N,716886,6,SIDESWIPE - OPPOSITE DIRECTION,2,RAIN,1,DAYLIGHT,12,MOTOR VEHICLE IN TRANSPORT,OWENDALE DR & HAMILTON CHURCH RD,ANTIOCH,TN,37013,8979,SOUTH,36.0649,-86.6221,POINT (-86.6221 36.0649)
20190292127,04/16/2019 12:20:00 PM,2,0,0,,N,330411,5,SIDESWIPE - SAME DIRECTION,21,CLEAR,1,DAYLIGHT,12,MOTOR VEHICLE IN TRANSPORT,BROADWAY & 20TH AVS,NASHVILLE,TN,37203,5711,MIDTOW,36.1496,-86.798,POINT (-86.798 36.1496)
20190241883,03/28/2019 09:30:00 PM,2,2,0,,N,330413,4,ANGLE,21,CLEAR,3,DARK - LIGHTED,12,MOTOR VEHICLE IN TRANSPORT,HARDING PL & TROUSDALE DR,NASHVILLE,TN,37220,8601,MIDTOW,36.0811,-86.7584,POINT (-86.7584 36.0811)
20190004487,01/02/2019 05:48:00 PM,2,0,0,,N,279124,5,SIDESWIPE - SAME DIRECTION,2,RAIN,3,DARK - LIGHTED,12,MOTOR VEHICLE IN TRANSPORT,BELL RD & BLUE HOLE RD,ANTIOCH,TN,37013,8719,SOUTH,36.0458,-86.6744,POINT (-86.6744 36.0458)
20190510799,07/07/2019 06:16:00 PM,2,0,0,,N,298867,11,Front to Rear,2,RAIN,1,DAYLIGHT,12,MOTOR VEHICLE IN TRANSPORT,MM 47 3 I 24,NASHVILLE,TN,37207,19021,EAST,36.1845,-86.7751,POINT (-86.7751 36.1845)
20190141169,02/21/2019 08:03:00 AM,2,0,0,,N,419952,11,Front to Rear,21,CLEAR,1,DAYLIGHT,12,MOTOR VEHICLE IN TRANSPORT,BRILEY PKWY S EXT RAMP & CENTENNIAL BLVD,NASHVILLE,TN,37209,4651,WEST,36.1713,-86.871,POINT (-86.871 36.1713)
20190423352,06/03/2019 04:48:00 PM,2,1,0,,N,240957,11,Front to Rear,21,CLEAR,1,DAYLIGHT,12,MOTOR VEHICLE IN TRANSPORT,NOLENSVILLE PKE & ANDER DR,NASHVILLE,TN,37211,8651,MIDTOW,36.0017,-86.696,POINT (-86.696 36.0017)
20190556394,07/25/2019 10:10:00 PM,2,0,0,,Y,493301,6,SIDESWIPE - OPPOSITE DIRECTION,21,CLEAR,3,DARK - LIGHTED,12,MOTOR VEHICLE IN TRANSPORT,VAUGHNS GAP RD & PERCY DR,NASHVILLE,TN,37205,4911,WEST,36.0888,-86.8855,POINT (-86.8855 36.0888)
20190571492,08/01/2019 08:22:00 AM,2,0,0,,N,633381,4,ANGLE,21,CLEAR,1,DAYLIGHT,12,MOTOR VEHICLE IN TRANSPORT,BELL FORGE LNE & BELL RD,ANTIOCH,TN,37013,8865,SOUTH,36.0505,-86.6468,POINT (-86.6468 36.0505)
20190382348,05/18/2019 11:07:00 PM,2,0,0,,Y,591933,5,SIDESWIPE - SAME DIRECTION,21,CLEAR,2,DARK - NOT LIGHTED,12;14,MOTOR VEHICLE IN TRANSPORT;PARKED MOTOR VEHICLE,MT VIEW RD & TRU LONG DR,ANTIOCH,TN,37013,8977,SOUTH,36.0669,-86.5998,POINT (-86.5998 36.0669)
20190149874,02/24/2019 12:00:00 PM,3,1,0,,N,212318,4,ANGLE,21,CLEAR,1,DAYLIGHT,12,MOTOR VEHICLE IN TRANSPORT,WOODLANDS AV & OLD HICKORY BLVD,NASHVILLE,TN,37211,8651,MIDTOW,36.0423,-86.7265,POINT (-86.7265 36.0423)
20190356925,05/09/2019 05:33:00 PM,2,0,0,,N,320579,11,Front to Rear,22,CLOUDY,1,DAYLIGHT,12,MOTOR VEHICLE IN TRANSPORT,MM 49 2 I 24,NASHVILLE,TN,37213,1002,CENTRA,36.1637,-86.7625,POINT (-86.7625 36.1637)
20190281943,04/12/2019 03:30:00 PM,2,0,0,,N,299267,11,Front to Rear,21,CLEAR,1,DAYLIGHT,12,MOTOR VEHICLE IN TRANSPORT,THOMPSON LN & KRAFT DR,NASHVILLE,TN,37204,8525,MIDTOW,36.1114,-86.758,POINT (-86.758 36.1114)
20190091214,02/03/2019 11:45:00 AM,2,0,0,,N,166478,11,Front to Rear,21,CLEAR,1,DAYLIGHT,12,MOTOR VEHICLE IN TRANSPORT,GARFIELD ST & ROSA L PARKS BLVD,NASHVILLE,TN,37208,4343,NORTH,36.1806,-86.7963,POINT (-86.7963 36.1806)
20190099400,02/06/2019 07:03:00 AM,2,0,0,,N,109534,4,ANGLE,22,CLOUDY,1,DAYLIGHT,12,MOTOR VEHICLE IN TRANSPORT,CREEKVIEW DR & EDGE MOOR DR,NASHVILLE,TN,37217,8963,HERMIT,36.075,-86.6248,POINT (-86.6248 36.075)
20190303985,04/20/2019 08:31:00 AM,1,1,0,Y,N,419952,0,NOT COLLISION W/MOTOR VEHICLE-TRANSPORT,2,RAIN,1,DAYLIGHT,18;31;47,"OTHER OBJECT (NOT FIXED);OTHER POST, POLE, SUPP.;FIRE HYDRANT",HARDING PKE & VAUGHNS GAP RD,NASHVILLE,TN,37205,4913,WEST,36.0926,-86.8854,POINT (-86.8854 36.0926)
20190422111,06/03/2019 06:49:00 AM,2,0,0,,N,594473,4,ANGLE,21,CLEAR,1,DAYLIGHT,12,MOTOR VEHICLE IN TRANSPORT,GRANDVIEW AV & MCCLAIN AV,NASHVILLE,TN,37211,8343,MIDTOW,36.1125,-86.7475,POINT (-86.7475 36.1125)
20190315847,04/24/2019 09:45:00 AM,2,0,0,,N,226622,4,ANGLE,21,CLEAR,1,DAYLIGHT,12,MOTOR VEHICLE IN TRANSPORT,MM 204 7 I 40,NASHVILLE,TN,37209,45021,WEST,36.1539,-86.8441,POINT (-86.8441 36.1539)
20190038762,01/15/2019 05:26:00 PM,5,0,0,,N,345098,11,Front to Rear,21,CLEAR,3,DARK - LIGHTED,12,MOTOR VEHICLE IN TRANSPORT,MM 205 5 I 40,NASHVILLE,TN,37209,52040,WEST,36.1549,-86.8305,POINT (-86.8305 36.1549)
20190319466,04/25/2019 12:43:00 PM,2,0,0,,N,474557,5,SIDESWIPE - SAME DIRECTION,22,CLOUDY,1,DAYLIGHT,12,MOTOR VEHICLE IN TRANSPORT,HARDING PL & ANTIOCH PKE,NASHVILLE,TN,37211,8843,SOUTH,36.0878,-86.6914,POINT (-86.6914 36.0878)
20190316914,04/24/2019 04:39:00 PM,2,1,0,,N,620080,4,ANGLE,21,CLEAR,1,DAYLIGHT,12,MOTOR VEHICLE IN TRANSPORT,NEWSOM STATION RD & BUFFALO RD,NASHVILLE,TN,37221,4713,WEST,36.0916,-86.987,POINT (-86.987 36.0916)
20190499163,07/02/2019 04:42:00 PM,2,0,0,,N,179583,11,Front to Rear,21,CLEAR,1,DAYLIGHT,12,MOTOR VEHICLE IN TRANSPORT,MM 7 1 I 440,NASHVILLE,TN,37210,8104,SOUTH,36.1249,-86.7355,POINT (-86.7355 36.1249)
20190293080,04/16/2019 06:33:00 PM,2,0,0,,Y,240966,5,SIDESWIPE - SAME DIRECTION,21,CLEAR,1,DAYLIGHT,12,MOTOR VEHICLE IN TRANSPORT,MM 49 6 I 24,NASHVILLE,TN,37210,4008,CENTRA,36.1571,-86.7604,POINT (-86.7604 36.1571)
20190428069,06/05/2019 05:45:00 AM,2,0,0,,N,352186,5,SIDESWIPE - SAME DIRECTION,21,CLEAR,1,DAYLIGHT,12,MOTOR VEHICLE IN TRANSPORT,MM 33 6 I 24,JOELTON,TN,37080,3316,NORTH,36.328,-86.8932,POINT (-86.8932 36.328)
20190309786,04/22/2019 05:00:00 PM,1,1,0,,N,299253,0,NOT COLLISION W/MOTOR VEHICLE-TRANSPORT,21,CLEAR,1,DAYLIGHT,72,EMBANKMENT ROCK/STONE/CONCRETE,DICKERSON PKE & BROADMOOR DR,NASHVILLE,TN,37207,1811,EAST,36.2294,-86.7593,POINT (-86.7593 36.2294)
20190433689,06/07/2019 08:28:00 AM,3,5,1,,N,110063,11,Front to Rear,2,RAIN,1,DAYLIGHT,12,MOTOR VEHICLE IN TRANSPORT,BRILEY PKWYW & BRILEY PKWYE,NASHVILLE,TN,37218,3216,NORTH,36.2254,-86.8638,POINT (-86.8638 36.2254)
20190332543,04/30/2019 04:20:00 PM,2,0,0,,Y,433550,5,SIDESWIPE - SAME DIRECTION,21,CLEAR,1,DAYLIGHT,12,MOTOR VEHICLE IN TRANSPORT,MM 212 0 I 40,NASHVILLE,TN,37210,90041,HERMIT,36.147,-86.7433,POINT (-86.7433 36.147)
20190468062,06/20/2019 11:42:00 AM,2,0,0,,N,834798,4,ANGLE,21,CLEAR,1,DAYLIGHT,12,MOTOR VEHICLE IN TRANSPORT,WEST END AV & 17TH AVS,NASHVILLE,TN,37203,5707,MIDTOW,36.1538,-86.7944,POINT (-86.7944 36.1538)
20190170771,03/04/2019 08:30:00 AM,1,0,0,Y,Y,161952,0,NOT COLLISION W/MOTOR VEHICLE-TRANSPORT,21,CLEAR,1,DAYLIGHT,40;63,MAIL BOX;Ran Off Road-Right,2401 ALPINE AV,NASHVILLE,TN,37218,3113,NORTH,36.202,-86.83,POINT (-86.83 36.202)
20190145800,02/22/2019 06:27:00 PM,2,0,0,,N,134871,4,ANGLE,2,RAIN,3,DARK - LIGHTED,12,MOTOR VEHICLE IN TRANSPORT,DEMONBREUN ST & 10TH AVS,NASHVILLE,TN,37203,4019,CENTRA,36.156,-86.7829,POINT (-86.7829 36.156)
20190396963,05/24/2019 09:12:00 AM,3,0,0,Y,N,352170,11,Front to Rear,21,CLEAR,1,DAYLIGHT,12,MOTOR VEHICLE IN TRANSPORT,MM 51 0 I 24,NASHVILLE,TN,37210,81020,SOUTH,36.1319,-86.7272,POINT (-86.7272 36.1319)
20190274273,04/09/2019 10:16:00 PM,1,0,0,,N,240964,0,NOT COLLISION W/MOTOR VEHICLE-TRANSPORT,21,CLEAR,2,DARK - NOT LIGHTED,44,PAVED SURFACE-IRREGULAR,I40 W EXT RAMP & I 40,NASHVILLE,TN,37203,4119,CENTRA,36.1574,-86.79,POINT (-86.79 36.1574)
20190539698,07/19/2019 11:15:00 AM,2,0,0,,N,402659,5,SIDESWIPE - SAME DIRECTION,22,CLOUDY,1,DAYLIGHT,12,MOTOR VEHICLE IN TRANSPORT,MM 2 5 I 440,NASHVILLE,TN,37215,6008,WEST,36.124,-86.8116,POINT (-86.8116 36.124)
20190221423,03/21/2019 08:37:00 PM,2,0,0,,N,256380,4,ANGLE,21,CLEAR,3,DARK - LIGHTED,14,PARKED MOTOR VEHICLE,4TH AVN & MADISON ST,NASHVILLE,TN,37208,4309,NORTH,36.1758,-86.7868,POINT (-86.7868 36.1758)
20190475658,06/23/2019 07:46:00 PM,2,1,0,,N,352198,11,Front to Rear,21,CLEAR,5,DUSK,12,MOTOR VEHICLE IN TRANSPORT,I40 W ENT RAMP & I 40,NASHVILLE,TN,37210,9007,HERMIT,36.1484,-86.7454,POINT (-86.7454 36.1484)
20190062827,01/24/2019 12:45:00 PM,2,0,0,,N,717625,5,SIDESWIPE - SAME DIRECTION,21,CLEAR,1,DAYLIGHT,12,MOTOR VEHICLE IN TRANSPORT,MM 207 1 I 40,NASHVILLE,TN,37208,54020,NORTH,36.1698,-86.8093,POINT (-86.8093 36.1698)
20190285285,04/14/2019 12:00:00 AM,1,0,0,Y,Y,177482,9,UNKNOWN,2,RAIN,3,DARK - LIGHTED,99,UNKNOWN MOST HARMFUL EVENT,WEST END AV & CHRISTOPHER ST,NASHVILLE,TN,37205,6009,WEST,36.1325,-86.8311,POINT (-86.8311 36.1325)
20190570332,07/31/2019 07:15:00 PM,2,0,0,,Y,151132,5,SIDESWIPE - SAME DIRECTION,21,CLEAR,1,DAYLIGHT,12,MOTOR VEHICLE IN TRANSPORT,MM 40 4 I 24,WHITES CREEK,TN,37189,3314,NORTH,36.2786,-86.8016,POINT (-86.8016 36.2786)
20190306512,04/21/2019 12:56:00 PM,2,0,0,,N,320575,16,Rear to Side,21,CLEAR,1,DAYLIGHT,12,MOTOR VEHICLE IN TRANSPORT,PICCADILLY ROW & CADOGAN WAY,ANTIOCH,TN,37013,8895,SOUTH,36.0832,-86.6608,POINT (-86.6608 36.0832)
20190360264,05/10/2019 08:31:00 PM,2,0,0,,N,298858,5,SIDESWIPE - SAME DIRECTION,2,RAIN,2,DARK - NOT LIGHTED,12,MOTOR VEHICLE IN TRANSPORT,12TH AVS & PINE ST,NASHVILLE,TN,37203,4015,CENTRA,36.1526,-86.7849,POINT (-86.7849 36.1526)
20190488309,06/28/2019 09:40:00 AM,2,0,0,,N,352156,11,Front to Rear,21,CLEAR,1,DAYLIGHT,12,MOTOR VEHICLE IN TRANSPORT,OLD HICKORY BLVD & HEARTHSTONE LN,BRENTWOOD,TN,37027,8619,MIDTOW,36.0397,-86.7628,POINT (-86.7628 36.0397)
20190286792,04/14/2019 12:00:00 AM,1,5,0,Y,N,279196,0,NOT COLLISION W/MOTOR VEHICLE-TRANSPORT,21,CLEAR,1,DAYLIGHT,19,BUILDING,DICKERSON PKE & DARBYTOWN DR,MADISON,TN,37115,2039,MADISO,36.266,-86.7569,POINT (-86.7569 36.266)
20190012196,01/05/2019 03:20:00 PM,2,0,0,,Y,256443,6,SIDESWIPE - OPPOSITE DIRECTION,21,CLEAR,1,DAYLIGHT,12,MOTOR VEHICLE IN TRANSPORT,RIVERGATE MARKETPLACE PVTDR & GALLATIN P,MADISON,TN,37115,1731,MADISO,36.3037,-86.6898,POINT (-86.6898 36.3037)
20190217319,03/20/2019 02:30:00 PM,2,0,0,,N,330411,5,SIDESWIPE - SAME DIRECTION,21,CLEAR,1,DAYLIGHT,12,MOTOR VEHICLE IN TRANSPORT,PARK DR & FAIRMONT DR,NASHVILLE,TN,37203,5629,MIDTOW,36.1397,-86.8199,POINT (-86.8199 36.1397)
20190019031,01/08/2019 11:19:00 AM,2,0,0,,N,676834,6,SIDESWIPE - OPPOSITE DIRECTION,21,CLEAR,1,DAYLIGHT,12,MOTOR VEHICLE IN TRANSPORT,SHADY DALE RD & HOME HAVEN DR,NASHVILLE,TN,37218,3127,NORTH,36.218,-86.8512,POINT (-86.8512 36.218)
20190235159,03/26/2019 04:00:00 PM,2,0,0,,N,206675,4,ANGLE,21,CLEAR,1,DAYLIGHT,12,MOTOR VEHICLE IN TRANSPORT,21ST AVS & BERNARD AV,NASHVILLE,TN,37212,5901,MIDTOW,36.1313,-86.8015,POINT (-86.8015 36.1313)
20190193278,03/12/2019 06:15:00 AM,2,1,0,,N,320584,4,ANGLE,21,CLEAR,3,DARK - LIGHTED,12,MOTOR VEHICLE IN TRANSPORT,FIRESTONE PKWY & GOULD BLVD,ANTIOCH,TN,37013,8869,SOUTH,36.0163,-86.616,POINT (-86.616 36.0163)
20190502153,07/03/2019 04:17:00 PM,2,0,0,,N,256383,11,Front to Rear,2,RAIN,1,DAYLIGHT,12,MOTOR VEHICLE IN TRANSPORT,PARAGON MILLS RD & BENITA DR,NASHVILLE,TN,37211,8419,SOUTH,36.0886,-86.7171,POINT (-86.7171 36.0886)
20190230399,03/25/2019 07:39:00 AM,2,1,0,,N,191578,11,Front to Rear,21,CLEAR,1,DAYLIGHT,12,MOTOR VEHICLE IN TRANSPORT,BRILEY PKWY S EXT RAMP & BRILEY PKWYS,NASHVILLE,TN,37214,9209,HERMIT,36.1924,-86.6874,POINT (-86.6874 36.1924)
20190030209,01/12/2019 10:00:00 AM,1,0,0,Y,N,584947,0,NOT COLLISION W/MOTOR VEHICLE-TRANSPORT,22,CLOUDY,1,DAYLIGHT,40,MAIL BOX,FALLVIEW TRL & CRESTFIELD DR,NASHVILLE,TN,37211,8651,MIDTOW,36.0227,-86.7173,POINT (-86.7173 36.0227)
20190053564,01/21/2019 09:49:00 AM,2,0,0,,N,279116,4,ANGLE,21,CLEAR,1,DAYLIGHT,14,PARKED MOTOR VEHICLE,MOORE AV & MARTIN ST,NASHVILLE,TN,37203,8047,MIDTOW,36.1376,-86.7697,POINT (-86.7697 36.1376)
20190018295,01/08/2019 07:15:00 AM,2,0,0,,Y,225773,11,Front to Rear,21,CLEAR,1,DAYLIGHT,12,MOTOR VEHICLE IN TRANSPORT,BATTERY LN & CHURCHWOOD DR,NASHVILLE,TN,37220,7103,MIDTOW,36.0868,-86.7759,POINT (-86.7759 36.0868)
20190551781,07/24/2019 08:36:00 AM,1,1,0,,N,429185,0,NOT COLLISION W/MOTOR VEHICLE-TRANSPORT,21,CLEAR,1,DAYLIGHT,7,,BONNAFAIR DR & LINDEN GREEN,HERMITAGE,TN,37076,9603,HERMIT,36.2102,-86.6334,POINT (-86.6334 36.2102)
20190517899,07/10/2019 04:00:00 PM,2,1,0,,N,468160,5,SIDESWIPE - SAME DIRECTION,21,CLEAR,1,DAYLIGHT,12,MOTOR VEHICLE IN TRANSPORT,US HWY 41 & STATE HWY 255,NASHVILLE,TN,37217,8949,HERMIT,36.1062,-86.6729,POINT (-86.6729 36.1062)
20190291535,04/16/2019 07:05:00 AM,2,0,0,,N,226622,11,Front to Rear,21,CLEAR,1,DAYLIGHT,12,MOTOR VEHICLE IN TRANSPORT,MM 198 9 I 40,NASHVILLE,TN,37221,48062,WEST,36.1075,-86.9278,POINT (-86.9278 36.1075)
20190346970,05/06/2019 08:45:00 AM,2,0,0,,Y,262757,11,Front to Rear,21,CLEAR,1,DAYLIGHT,12,MOTOR VEHICLE IN TRANSPORT,I24E & I24 W ENT RAMP,NASHVILLE,TN,37210,82061,HERMIT,36.1386,-86.7273,POINT (-86.7273 36.1386)
20190276215,04/10/2019 03:24:00 PM,2,0,0,,N,256374,11,Front to Rear,21,CLEAR,1,DAYLIGHT,12,MOTOR VEHICLE IN TRANSPORT,I24 E EXT RAMP & I 24,NASHVILLE,TN,37207,30080,NORTH,36.2378,-86.7872,POINT (-86.7872 36.2378)
20190093081,02/04/2019 08:50:00 AM,2,1,0,,N,109534,4,ANGLE,2,RAIN,1,DAYLIGHT,12,MOTOR VEHICLE IN TRANSPORT,I40 E ENT RAMP & DONELSON PKE,NASHVILLE,TN,37214,8953,HERMIT,36.1398,-86.6662,POINT (-86.6662 36.1398)
20190491097,06/29/2019 01:28:00 PM,2,0,0,,Y,279113,98,OTHER,21,CLEAR,1,DAYLIGHT,14,PARKED MOTOR VEHICLE,DABBS CT & DABBS AV,NASHVILLE,TN,37217,8887,HERMIT,36.1417,-86.702,POINT (-86.702 36.1417)
20190537470,07/18/2019 12:30:00 PM,2,0,0,,Y,714637,0,NOT COLLISION W/MOTOR VEHICLE-TRANSPORT,21,CLEAR,1,DAYLIGHT,18,OTHER OBJECT (NOT FIXED),MM 47 0 I 24,NASHVILLE,TN,37207,1910,CENTRA,36.1886,-86.7761,POINT (-86.7761 36.1886)
20190270444,04/08/2019 04:21:00 PM,3,0,0,,N,320599,11,Front to Rear,22,CLOUDY,1,DAYLIGHT,12,MOTOR VEHICLE IN TRANSPORT,MURFREESBORO PKE & MILLWOOD DR,NASHVILLE,TN,37217,8815,HERMIT,36.1295,-86.7147,POINT (-86.7147 36.1295)
20190308315,04/22/2019 07:14:00 AM,2,0,0,,Y,156307,11,Front to Rear,21,CLEAR,1,DAYLIGHT,12,MOTOR VEHICLE IN TRANSPORT,MM 39 0 I 24,WHITES CREEK,TN,37189,33181,NORTH,36.2971,-86.8115,POINT (-86.8115 36.2971)
20190183752,03/08/2019 08:54:00 AM,1,2,0,Y,N,191578,0,NOT COLLISION W/MOTOR VEHICLE-TRANSPORT,2,RAIN,1,DAYLIGHT,43,OTHER FIXED OBJECTS,ELM HILL PKE & TRAILS END LN,NASHVILLE,TN,37214,8991,HERMIT,36.1419,-86.6372,POINT (-86.6372 36.1419)
20190298548,04/18/2019 09:38:00 AM,2,1,0,,N,191578,11,Front to Rear,22,CLOUDY,1,DAYLIGHT,12,MOTOR VEHICLE IN TRANSPORT,MM 213 3 I 40,NASHVILLE,TN,37210,9004,HERMIT,36.1407,-86.7259,POINT (-86.7259 36.1407)
20190289357,04/15/2019 12:00:00 AM,2,0,0,,Y,690942,9,UNKNOWN,21,CLEAR,1,DAYLIGHT,14;99,PARKED MOTOR VEHICLE;UNKNOWN MOST HARMFUL EVENT,COMMERCE ST & 4TH AVN,NASHVILLE,TN,37219,4107,CENTRA,36.1622,-86.7785,POINT (-86.7785 36.1622)
20190378729,05/17/2019 05:13:00 PM,3,2,0,,N,161939,4,ANGLE,21,CLEAR,1,DAYLIGHT,12,MOTOR VEHICLE IN TRANSPORT,MURFREESBORO PKE & OLD HICKORY BLVD,ANTIOCH,TN,37013,8867,SOUTH,36.0413,-86.6051,POINT (-86.6051 36.0413)
20190439504,06/09/2019 10:34:00 PM,2,1,0,,N,240955,11,Front to Rear,22,CLOUDY,2,DARK - NOT LIGHTED,12;14;24;37;41;63,MOTOR VEHICLE IN TRANSPORT;PARKED MOTOR VEHICLE;GUARDRAIL FACE;Other Traffic Barrier;SHRUBBERY;Ran Off Road-Right,MM 61 1 I 24,ANTIOCH,TN,37013,8806,SOUTH,36.0284,-86.636,POINT (-86.636 36.0284)
20190522050,07/12/2019 10:10:00 AM,2,0,0,Y,Y,676834,4,ANGLE,21,CLEAR,1,DAYLIGHT,12;38,MOTOR VEHICLE IN TRANSPORT;FENCE,1800 DR D B TODD JR BLVD,NASHVILLE,TN,37208,4413,NORTH,36.1801,-86.811,POINT (-86.811 36.1801)
20190224326,03/22/2019 02:30:00 PM,2,0,0,Y,Y,206675,6,SIDESWIPE - OPPOSITE DIRECTION,21,CLEAR,1,DAYLIGHT,14,PARKED MOTOR VEHICLE,KENILWOOD DR & MORRISWOOD DR,NASHVILLE,TN,37204,8529,MIDTOW,36.0951,-86.7623,POINT (-86.7623 36.0951)
20190087067,02/01/2019 04:24:00 PM,2,0,0,,N,212322,4,ANGLE,21,CLEAR,1,DAYLIGHT,12,MOTOR VEHICLE IN TRANSPORT,ANTIOCH PKE & HARDING PL,NASHVILLE,TN,37211,8847,SOUTH,36.0874,-86.6922,POINT (-86.6922 36.0874)
20190423024,06/03/2019 01:57:00 PM,2,2,0,,N,909494,4,ANGLE,21,CLEAR,1,DAYLIGHT,12,MOTOR VEHICLE IN TRANSPORT,W TRINITY LN & E TRINITY LN,NASHVILLE,TN,37207,1863,EAST,36.2059,-86.7688,POINT (-86.7688 36.2059)
20190577790,08/03/2019 12:00:00 AM,1,1,0,Y,N,298861,0,NOT COLLISION W/MOTOR VEHICLE-TRANSPORT,2,RAIN,1,DAYLIGHT,24,GUARDRAIL FACE,MM 213 0 I 40,NASHVILLE,TN,37210,8219,HERMIT,36.1407,-86.7323,POINT (-86.7323 36.1407)
20190366568,05/13/2019 03:04:00 PM,2,0,0,,Y,256379,4,ANGLE,21,CLEAR,1,DAYLIGHT,12,MOTOR VEHICLE IN TRANSPORT,NOLENSVILLE PKE & ELYSIAN FIELDS CT,NASHVILLE,TN,37211,8415,SOUTH,36.0873,-86.7307,POINT (-86.7307 36.0873)
20190495627,07/01/2019 12:58:00 PM,3,0,0,,Y,212325,11,Front to Rear,21,CLEAR,1,DAYLIGHT,12,MOTOR VEHICLE IN TRANSPORT,GALLATIN PKES & GALLATIN PKE,MADISON,TN,37115,1517,MADISO,36.2383,-86.724,POINT (-86.724 36.2383)
20190337302,05/02/2019 12:00:00 AM,2,0,0,,Y,429205,5,SIDESWIPE - SAME DIRECTION,21,CLEAR,1,DAYLIGHT,12,MOTOR VEHICLE IN TRANSPORT,MM 86 8 I 65,NASHVILLE,TN,37207,3002,NORTH,36.1987,-86.7764,POINT (-86.7764 36.1987)