Accident Number,Date and Time,Number of Motor Vehicles,Number of Injuries,Number of Fatalities,Property Damage,Hit and Run,Reporting Officer,Collision Type Code,Collision Type Description,Weather Code,Weather Description,Illumination Code,Illumination Description,Harmful Code,Harmful Code Description,Street Address,City,State,ZIP,RPA,Precinct,Latitude,Longitude,Mapped Location
20190049481,01/19/2019 01:45:00 PM,2,1,0,,N,279116,11,Front to Rear,2,RAIN,1,DAYLIGHT,12,MOTOR VEHICLE IN TRANSPORT,DIVISION ST & 16TH AVS,NASHVILLE,TN,37203,5703,MIDTOW,36.1522,-86.7919,POINT (-86.7919 36.1522)
20190559448,07/27/2019 06:35:00 AM,2,0,0,,N,352186,98,OTHER,21,CLEAR,1,DAYLIGHT,14,PARKED MOTOR VEHICLE,1ST AVS & MOLLOY ST,NASHVILLE,TN,37201,4051,CENTRA,36.1597,-86.7728,POINT (-86.7728 36.1597)
20190004355,01/02/2019 04:57:00 PM,2,0,0,,N,887592,5,SIDESWIPE - SAME DIRECTION,22,CLOUDY,5,DUSK,14,PARKED MOTOR VEHICLE,MAPLEWOOD PL & GALLATIN PKE,NASHVILLE,TN,37216,1815,EAST,36.2273,-86.7264,POINT (-86.7264 36.2273)
20190416284,05/31/2019 02:00:00 PM,2,0,0,,N,716886,5,SIDESWIPE - SAME DIRECTION,21,CLEAR,1,DAYLIGHT,12,MOTOR VEHICLE IN TRANSPORT,MM 56 8 I 24,NASHVILLE,TN,37211,8810,SOUTH,36.0721,-86.6914,POINT (-86.6914 36.0721)
20190464718,06/19/2019 09:55:00 AM,2,0,0,,N,462474,11,Front to Rear,22,CLOUDY,1,DAYLIGHT,12,MOTOR VEHICLE IN TRANSPORT,21ST AVS & ACKLEN AV,NASHVILLE,TN,37212,5825,MIDTOW,36.1356,-86.801,POINT (-86.801 36.1356)
20190537527,07/18/2019 03:20:00 PM,3,1,0,,N,714641,11,Front to Rear,22,CLOUDY,1,DAYLIGHT,12,MOTOR VEHICLE IN TRANSPORT,8TH AVS & I40 W ENT RAMP,NASHVILLE,TN,37203,4011,CENTRA,36.149,-86.7792,POINT (-86.7792 36.149)
20190284126,04/13/2019 01:25:00 PM,2,0,0,,N,226600,4,ANGLE,22,CLOUDY,1,DAYLIGHT,12,MOTOR VEHICLE IN TRANSPORT,CHARLOTTE AV & 33RD AVN,NASHVILLE,TN,37209,5237,WEST,36.1528,-86.8242,POINT (-86.8242 36.1528)
20190062050,01/24/2019 08:14:00 AM,2,0,0,,N,109534,11,Front to Rear,22,CLOUDY,1,DAYLIGHT,12,MOTOR VEHICLE IN TRANSPORT,STEWARTS FERRY PKE & I40 W EXT RAMP,NASHVILLE,TN,37214,9413,HERMIT,36.1565,-86.6313,POINT (-86.6313 36.1565)
20190551656,07/24/2019 07:40:00 AM,2,0,0,,N,693093,11,Front to Rear,21,CLEAR,1,DAYLIGHT,12,MOTOR VEHICLE IN TRANSPORT,GALLATIN PKEN & NORTHSIDE FESTIVAL PVTDR,MADISON,TN,37115,1731,MADISO,36.3044,-86.6894,POINT (-86.6894 36.3044)
20190016403,01/07/2019 12:54:00 PM,2,0,0,,Y,405447,5,SIDESWIPE - SAME DIRECTION,22,CLOUDY,1,DAYLIGHT,12,MOTOR VEHICLE IN TRANSPORT,NOLENSVILLE PKE & HARDING PL,NASHVILLE,TN,37211,8445,SOUTH,36.0809,-86.7267,POINT (-86.7267 36.0809)
20190009658,01/04/2019 12:00:00 AM,1,0,0,,N,226827,0,NOT COLLISION W/MOTOR VEHICLE-TRANSPORT,2,RAIN,1,DAYLIGHT,36;7,CONCRETE TRAFFIC BARRIER,MM 93 5 I 65,MADISON,TN,37115,17062,MADISO,36.2824,-86.7316,POINT (-86.7316 36.2824)
20190444428,06/11/2019 03:30:00 PM,2,0,0,,Y,320599,4,ANGLE,22,CLOUDY,1,DAYLIGHT,12,MOTOR VEHICLE IN TRANSPORT,COLONIAL CIR & MCCAMPBELL AV,NASHVILLE,TN,37214,9401,HERMIT,36.1629,-86.6606,POINT (-86.6606 36.1629)
20190393809,05/23/2019 09:12:00 AM,3,3,0,,N,493304,11,Front to Rear,21,CLEAR,1,DAYLIGHT,12,MOTOR VEHICLE IN TRANSPORT,GALLATIN PKES & MADISON SQ,MADISON,TN,37115,1623,MADISO,36.2541,-86.7161,POINT (-86.7161 36.2541)
20190548769,07/23/2019 06:30:00 AM,2,0,0,,N,222047,11,Front to Rear,22,CLOUDY,1,DAYLIGHT,12,MOTOR VEHICLE IN TRANSPORT,LINCOYA BAY DR & BELL RD,NASHVILLE,TN,37214,8957,HERMIT,36.1455,-86.6262,POINT (-86.6262 36.1455)
20190526521,07/13/2019 05:15:00 PM,2,0,0,,Y,240952,9,UNKNOWN,99,UNKNOWN,1,DAYLIGHT,14,PARKED MOTOR VEHICLE,BABY RUTH LN & MT VIEW RD,ANTIOCH,TN,37013,8865,SOUTH,36.0445,-86.6402,POINT (-86.6402 36.0445)
20190145862,02/22/2019 06:00:00 PM,3,1,0,,Y,256496,11,Front to Rear,2,RAIN,3,DARK - LIGHTED,12,MOTOR VEHICLE IN TRANSPORT,CENTRAL PKE ENT RAMP & I40 E EXT RAMP,HERMITAGE,TN,37076,95100,HERMIT,36.1731,-86.6056,POINT (-86.6056 36.1731)
20190308657,04/22/2019 12:00:00 AM,2,1,0,,N,212369,11,Front to Rear,21,CLEAR,1,DAYLIGHT,12,MOTOR VEHICLE IN TRANSPORT,HARDING PL & MILNER DR,NASHVILLE,TN,37211,8609,MIDTOW,36.0781,-86.7307,POINT (-86.7307 36.0781)
20190238346,03/27/2019 06:21:00 PM,2,1,0,,N,240957,4,ANGLE,21,CLEAR,5,DUSK,12,MOTOR VEHICLE IN TRANSPORT,CONCORD RD & NOLENSVILLE PKE,NASHVILLE,TN,37211,8651,MIDTOW,35.997,-86.6899,POINT (-86.6899 35.997)
20190408514,05/28/2019 11:26:00 PM,4,2,0,,N,299261,11,Front to Rear,21,CLEAR,3,DARK - LIGHTED,12,MOTOR VEHICLE IN TRANSPORT,MM 210 6 I 40,NASHVILLE,TN,37210,8202,HERMIT,36.1526,-86.7659,POINT (-86.7659 36.1526)
20190575272,08/02/2019 05:19:00 PM,2,0,0,,Y,298860,2,HEAD-ON,21,CLEAR,1,DAYLIGHT,13,MOTOR VEHICLE IN TRANSPORT-OTHER ROADWAY,LEBANON PKE & ANDREW JACKSON PKWY,HERMITAGE,TN,37076,9537,HERMIT,36.2151,-86.5962,POINT (-86.5962 36.2151)
20190092832,02/04/2019 07:06:00 AM,2,0,0,,N,109534,11,Front to Rear,22,CLOUDY,1,DAYLIGHT,12,MOTOR VEHICLE IN TRANSPORT,ROYAL PKWY & RACHEL DR,NASHVILLE,TN,37214,9103,HERMIT,36.147,-86.6722,POINT (-86.6722 36.147)
20190128433,02/16/2019 06:55:00 PM,2,2,0,,Y,320582,4,ANGLE,21,CLEAR,3,DARK - LIGHTED,12,MOTOR VEHICLE IN TRANSPORT,E TRINITY LN & SULTANA AV,NASHVILLE,TN,37207,1859,EAST,36.2055,-86.7634,POINT (-86.7634 36.2055)
20190563653,07/29/2019 07:45:00 AM,2,0,0,,N,343522,11,Front to Rear,21,CLEAR,1,DAYLIGHT,12,MOTOR VEHICLE IN TRANSPORT,I40 E EXT RAMP & I 40,NASHVILLE,TN,37214,8955,HERMIT,36.155,-86.6271,POINT (-86.6271 36.155)
20190091435,02/03/2019 03:30:00 PM,2,0,0,,Y,633391,5,SIDESWIPE - SAME DIRECTION,21,CLEAR,1,DAYLIGHT,12,MOTOR VEHICLE IN TRANSPORT,HILLSBORO PKE & ABBOTT MARTIN RD,NASHVILLE,TN,37215,6111,WEST,36.1054,-86.8142,POINT (-86.8142 36.1054)
20190288260,04/15/2019 08:00:00 AM,2,0,0,,N,311804,11,Front to Rear,21,CLEAR,1,DAYLIGHT,12,MOTOR VEHICLE IN TRANSPORT,MM 210 3 I 40,NASHVILLE,TN,37203,4006,CENTRA,36.15,-86.7724,POINT (-86.7724 36.15)
20190540576,07/19/2019 06:20:00 PM,3,2,0,,N,240976,11,Front to Rear,21,CLEAR,1,DAYLIGHT,12,MOTOR VEHICLE IN TRANSPORT,GALLATIN AV & CHICAMAUGA AV,NASHVILLE,TN,37206,1301,EAST,36.1843,-86.7482,POINT (-86.7482 36.1843)
20190167329,03/02/2019 06:25:00 PM,2,3,0,,Y,306231,4,ANGLE,21,CLEAR,2,DARK - NOT LIGHTED,12,MOTOR VEHICLE IN TRANSPORT,W HAMILTON AV & HAYNES PARK DR,NASHVILLE,TN,37218,3103,NORTH,36.2082,-86.8343,POINT (-86.8343 36.2082)
20190347094,05/06/2019 11:15:00 AM,2,2,0,,N,483529,11,Front to Rear,21,CLEAR,1,DAYLIGHT,12,MOTOR VEHICLE IN TRANSPORT,MCGAVOCK PKE & ARDEE AV,NASHVILLE,TN,37216,1449,EAST,36.2096,-86.7136,POINT (-86.7136 36.2096)
20190488115,06/28/2019 08:18:00 AM,2,0,0,,N,109534,11,Front to Rear,21,CLEAR,1,DAYLIGHT,12,MOTOR VEHICLE IN TRANSPORT,MM 212 6 I 40,NASHVILLE,TN,37210,90040,HERMIT,36.1439,-86.7382,POINT (-86.7382 36.1439)
20190022056,01/09/2019 12:55:00 PM,2,0,0,,N,299264,11,Front to Rear,21,CLEAR,1,DAYLIGHT,12,MOTOR VEHICLE IN TRANSPORT,I65 N EXT RAMP & HARDING PL,NASHVILLE,TN,37220,8601,MIDTOW,36.0821,-86.7617,POINT (-86.7617 36.0821)
20190555209,07/25/2019 01:50:00 PM,2,0,0,,N,876581,4,ANGLE,21,CLEAR,1,DAYLIGHT,12,MOTOR VEHICLE IN TRANSPORT,APPLE VALLEY RD & N GRAYCROFT AVE,MADISON,TN,37115,1739,MADISO,36.2818,-86.7212,POINT (-86.7212 36.2818)
20190342172,05/04/2019 01:39:00 AM,2,2,0,,N,279203,6,SIDESWIPE - OPPOSITE DIRECTION,21,CLEAR,2,DARK - NOT LIGHTED,12,MOTOR VEHICLE IN TRANSPORT,9TH AVN & CHURCH ST,NASHVILLE,TN,37203,4121,CENTRA,36.1613,-86.7845,POINT (-86.7845 36.1613)
20190058177,01/23/2019 12:20:00 AM,3,3,0,,N,298875,4,ANGLE,21,CLEAR,3,DARK - LIGHTED,14;44,PARKED MOTOR VEHICLE;PAVED SURFACE-IRREGULAR,2ND AVS & MILDRED SHUTE AV,NASHVILLE,TN,37210,8143,SOUTH,36.1471,-86.7656,POINT (-86.7656 36.1471)
20190279794,04/11/2019 08:23:00 PM,3,0,0,,Y,320582,11,Front to Rear,21,CLEAR,3,DARK - LIGHTED,12,MOTOR VEHICLE IN TRANSPORT,E TRINITY LN & DICKERSON PKE,NASHVILLE,TN,37207,1861,EAST,36.2059,-86.7686,POINT (-86.7686 36.2059)
20190278636,04/11/2019 11:13:00 AM,2,0,0,,N,137982,5,SIDESWIPE - SAME DIRECTION,21,CLEAR,1,DAYLIGHT,12,MOTOR VEHICLE IN TRANSPORT,ELM HILL PKE & NELSON PL,NASHVILLE,TN,37214,9105,HERMIT,36.1493,-86.6678,POINT (-86.6678 36.1493)
20190210409,03/18/2019 01:14:00 PM,2,0,0,,N,485261,11,Front to Rear,21,CLEAR,1,DAYLIGHT,12,MOTOR VEHICLE IN TRANSPORT,DEMONBREUN ST & 10TH AVS,NASHVILLE,TN,37203,4019,CENTRA,36.156,-86.7829,POINT (-86.7829 36.156)
20190182497,03/07/2019 10:10:00 PM,2,0,0,,Y,299244,11,Front to Rear,21,CLEAR,3,DARK - LIGHTED,12,MOTOR VEHICLE IN TRANSPORT,GEORGE L DAVIS BLVD & I40 W EXT RAMP,NASHVILLE,TN,37203,4119,CENTRA,36.1582,-86.7904,POINT (-86.7904 36.1582)
20190203643,03/15/2019 04:10:00 PM,2,0,0,,N,693098,5,SIDESWIPE - SAME DIRECTION,21,CLEAR,1,DAYLIGHT,12,MOTOR VEHICLE IN TRANSPORT,HARDING PL & HARDING PKE,NASHVILLE,TN,37205,6201,WEST,36.1022,-86.8703,POINT (-86.8703 36.1022)
20190101210,02/06/2019 08:30:00 PM,2,0,0,,N,256422,11,Front to Rear,2,RAIN,3,DARK - LIGHTED,12,MOTOR VEHICLE IN TRANSPORT,MM 86 2 I 65,NASHVILLE,TN,37207,1910,CENTRA,36.1919,-86.7812,POINT (-86.7812 36.1919)
20190435854,06/08/2019 02:58:00 AM,2,0,0,,Y,279197,4,ANGLE,21,CLEAR,3,DARK - LIGHTED,13,MOTOR VEHICLE IN TRANSPORT-OTHER ROADWAY,S 5TH ST & WOODLAND ST,NASHVILLE,TN,37206,1113,EAST,36.1718,-86.7648,POINT (-86.7648 36.1718)
20190095980,02/05/2019 07:11:00 AM,2,0,0,,N,676834,11,Front to Rear,22,CLOUDY,1,DAYLIGHT,12,MOTOR VEHICLE IN TRANSPORT,ARTHUR AV & MONROE ST,NASHVILLE,TN,37208,4325,NORTH,36.1744,-86.797,POINT (-86.797 36.1744)
20190174494,03/05/2019 11:51:00 AM,2,0,0,,N,267831,5,SIDESWIPE - SAME DIRECTION,21,CLEAR,1,DAYLIGHT,12,MOTOR VEHICLE IN TRANSPORT,HARDING PKE & WOODMONT BLVD,NASHVILLE,TN,37205,6021,WEST,36.1253,-86.8472,POINT (-86.8472 36.1253)
20190578690,08/04/2019 03:15:00 AM,2,2,0,,N,320578,2,HEAD-ON,21,CLEAR,3,DARK - LIGHTED,12,MOTOR VEHICLE IN TRANSPORT,BELL RD & CEDAR POINTE PKWY,ANTIOCH,TN,37013,8753,SOUTH,36.0449,-86.6671,POINT (-86.6671 36.0449)
20190221164,03/21/2019 05:58:00 PM,2,0,0,,N,212348,4,ANGLE,21,CLEAR,1,DAYLIGHT,12,MOTOR VEHICLE IN TRANSPORT,STAFFORDSHIRE DR & WATERBURY PT,NASHVILLE,TN,37221,4811,WEST,36.0618,-86.9713,POINT (-86.9713 36.0618)
20190170952,03/04/2019 10:00:00 AM,1,1,0,,N,226622,0,NOT COLLISION W/MOTOR VEHICLE-TRANSPORT,22,CLOUDY,1,DAYLIGHT,36,CONCRETE TRAFFIC BARRIER,MM 1 6 I 440,NASHVILLE,TN,37209,5230,WEST,36.1531,-86.8228,POINT (-86.8228 36.1531)
20190038376,01/15/2019 01:26:00 PM,1,0,0,Y,N,299241,0,NOT COLLISION W/MOTOR VEHICLE-TRANSPORT,21,CLEAR,1,DAYLIGHT,32,CULVERT,JENRY DR & WALCOTT DR,NASHVILLE,TN,37214,9311,HERMIT,36.1761,-86.649,POINT (-86.649 36.1761)
20190184171,03/08/2019 11:53:00 AM,2,1,0,,N,429188,5,SIDESWIPE - SAME DIRECTION,2,RAIN,1,DAYLIGHT,12,MOTOR VEHICLE IN TRANSPORT,DONELSON PKE & OLD EZELL RD,NASHVILLE,TN,37217,8841,SOUTH,36.0996,-86.6768,POINT (-86.6768 36.0996)
20190519269,07/11/2019 08:09:00 AM,2,2,0,,N,320586,2,HEAD-ON,21,CLEAR,1,DAYLIGHT,12,MOTOR VEHICLE IN TRANSPORT,MURFREESBORO PKE & TRANSIT AV,NASHVILLE,TN,37210,8217,HERMIT,36.141,-86.7387,POINT (-86.7387 36.141)
20190165076,03/01/2019 12:00:00 AM,2,2,0,,N,298861,4,ANGLE,22,CLOUDY,3,DARK - LIGHTED,12,MOTOR VEHICLE IN TRANSPORT,LEBANON PKE & BLUEFIELD AV,NASHVILLE,TN,37214,9113,HERMIT,36.1696,-86.6721,POINT (-86.6721 36.1696)
20190485887,06/27/2019 12:00:00 PM,2,1,0,,N,665896,11,Front to Rear,21,CLEAR,1,DAYLIGHT,12,MOTOR VEHICLE IN TRANSPORT,W TRINITY LN & LUCAS LN,NASHVILLE,TN,37207,1829,EAST,36.2062,-86.7723,POINT (-86.7723 36.2062)
20190149885,02/24/2019 11:55:00 AM,2,0,0,,N,224797,5,SIDESWIPE - SAME DIRECTION,21,CLEAR,1,DAYLIGHT,12,MOTOR VEHICLE IN TRANSPORT,MM 205 2 I 40,NASHVILLE,TN,37209,52027,WEST,36.154,-86.835,POINT (-86.835 36.154)
20190231824,03/25/2019 12:00:00 AM,2,0,0,,N,279200,5,SIDESWIPE - SAME DIRECTION,22,CLOUDY,1,DAYLIGHT,12,MOTOR VEHICLE IN TRANSPORT,4TH AVS & KOREAN VETERANS BLVD,NASHVILLE,TN,37201,4047,CENTRA,36.1569,-86.7745,POINT (-86.7745 36.1569)
20190148157,02/23/2019 05:40:00 PM,2,4,0,,N,240979,4,ANGLE,2,RAIN,3,DARK - LIGHTED,12,MOTOR VEHICLE IN TRANSPORT,OLD HICKORY BLVDW & HERITAGE DR,MADISON,TN,37115,1749,MADISO,36.2641,-86.7242,POINT (-86.7242 36.2641)
20190347825,05/06/2019 04:00:00 PM,2,3,0,,N,311327,2,HEAD-ON,21,CLEAR,1,DAYLIGHT,12,MOTOR VEHICLE IN TRANSPORT,MCGAVOCK PKE & GALLATIN PKE,NASHVILLE,TN,37216,1415,EAST,36.205,-86.7376,POINT (-86.7376 36.205)
20190479547,06/25/2019 08:05:00 AM,3,0,0,,N,256502,11,Front to Rear,21,CLEAR,1,DAYLIGHT,12,MOTOR VEHICLE IN TRANSPORT,MM 207 1 I 40,NASHVILLE,TN,37208,54020,NORTH,36.1698,-86.8093,POINT (-86.8093 36.1698)
20190317132,04/24/2019 06:13:00 PM,2,0,0,,N,206676,11,Front to Rear,22,CLOUDY,1,DAYLIGHT,12,MOTOR VEHICLE IN TRANSPORT,MM 93 6 I 65,MADISON,TN,37115,17062,MADISO,36.2837,-86.7303,POINT (-86.7303 36.2837)
20190066036,01/25/2019 03:11:00 PM,2,0,0,,N,151132,11,Front to Rear,21,CLEAR,1,DAYLIGHT,12,MOTOR VEHICLE IN TRANSPORT,GALLATIN PKEN & ODETTE ST,MADISON,TN,37115,1717,MADISO,36.2805,-86.7083,POINT (-86.7083 36.2805)
20190136612,02/19/2019 06:58:00 PM,2,0,0,,N,206675,4,ANGLE,2,RAIN,1,DAYLIGHT,12,MOTOR VEHICLE IN TRANSPORT,POWELL AV & BRANSFORD AV,NASHVILLE,TN,37204,8525,MIDTOW,36.1122,-86.767,POINT (-86.767 36.1122)
20190043538,01/17/2019 08:50:00 AM,2,1,0,,N,226136,11,Front to Rear,22,CLOUDY,1,DAYLIGHT,12,MOTOR VEHICLE IN TRANSPORT,OLD HICKORY BLVD & KINGSBURY DR,NASHVILLE,TN,37215,6305,MIDTOW,36.0428,-86.8403,POINT (-86.8403 36.0428)
20190296074,04/17/2019 02:20:00 PM,2,0,0,,N,330413,4,ANGLE,21,CLEAR,1,DAYLIGHT,12,MOTOR VEHICLE IN TRANSPORT,HILLSBORO PKE & HILLSBORO DR,NASHVILLE,TN,37215,6405,MIDTOW,36.1019,-86.8178,POINT (-86.8178 36.1019)
20190372409,05/15/2019 04:00:00 PM,2,0,0,,N,330435,11,Front to Rear,21,CLEAR,1,DAYLIGHT,12,MOTOR VEHICLE IN TRANSPORT,EWING DR & BROADMOOR DR,NASHVILLE,TN,37207,1807,EAST,36.23,-86.7626,POINT (-86.7626 36.23)
20190495838,07/01/2019 02:47:00 PM,2,1,0,,N,524985,5,SIDESWIPE - SAME DIRECTION,21,CLEAR,1,DAYLIGHT,12,MOTOR VEHICLE IN TRANSPORT,MM 42 8 I 24,WHITES CREEK,TN,37189,3226,NORTH,36.2473,-86.7841,POINT (-86.7841 36.2473)
20190059089,01/23/2019 08:18:00 AM,2,1,0,,N,226136,11,Front to Rear,2,RAIN,1,DAYLIGHT,12,MOTOR VEHICLE IN TRANSPORT,EDMONDSON PKE & OLD HICKORY BLVD,NASHVILLE,TN,37211,8651,MIDTOW,36.04,-86.7435,POINT (-86.7435 36.04)
20190060504,01/23/2019 07:00:00 PM,2,0,0,,N,330411,11,Front to Rear,2,RAIN,3,DARK - LIGHTED,12,MOTOR VEHICLE IN TRANSPORT,MCGAVOCK PKE EB ENT RAMP & MCGAVOCK PKE,NASHVILLE,TN,37214,92901,HERMIT,36.2165,-86.6914,POINT (-86.6914 36.2165)
20190326655,04/28/2019 12:05:00 PM,2,0,0,,N,591936,11,Front to Rear,21,CLEAR,1,DAYLIGHT,12,MOTOR VEHICLE IN TRANSPORT,MM 4 0 I 440,NASHVILLE,TN,37204,7010,MIDTOW,36.1161,-86.7901,POINT (-86.7901 36.1161)
20190207094,03/17/2019 03:00:00 AM,2,0,0,,Y,212335,16,Rear to Side,22,CLOUDY,3,DARK - LIGHTED,14,PARKED MOTOR VEHICLE,2ND AVN & COMMERCE ST,NASHVILLE,TN,37201,4101,CENTRA,36.163,-86.7759,POINT (-86.7759 36.163)
20190143062,02/21/2019 06:02:00 PM,2,0,0,,N,206675,11,Front to Rear,2,RAIN,3,DARK - LIGHTED,12,MOTOR VEHICLE IN TRANSPORT,21ST AVS & CAPERS AV,NASHVILLE,TN,37212,6625,MIDTOW,36.1388,-86.8006,POINT (-86.8006 36.1388)
20190224182,03/22/2019 03:50:00 PM,2,0,0,,N,311337,4,ANGLE,21,CLEAR,1,DAYLIGHT,12,MOTOR VEHICLE IN TRANSPORT,MURFREESBORO PKE & FOOTHILL DR,NASHVILLE,TN,37217,8801,SOUTH,36.1314,-86.7172,POINT (-86.7172 36.1314)
20190566349,07/30/2019 09:25:00 AM,2,0,0,,N,462474,11,Front to Rear,21,CLEAR,1,DAYLIGHT,12,MOTOR VEHICLE IN TRANSPORT,I65 N EXT RAMP & OLD HICKORY BLVD,BRENTWOOD,TN,37027,8619,MIDTOW,36.0395,-86.7817,POINT (-86.7817 36.0395)
20190248365,03/31/2019 01:19:00 PM,2,4,0,,N,109527,11,Front to Rear,21,CLEAR,1,DAYLIGHT,12,MOTOR VEHICLE IN TRANSPORT,MURFREESBORO PKE & BRITISH WOODS DR,NASHVILLE,TN,37217,8853,SOUTH,36.0914,-86.6514,POINT (-86.6514 36.0914)
20190110642,02/10/2019 04:05:00 PM,2,0,0,,N,311334,6,SIDESWIPE - OPPOSITE DIRECTION,2,RAIN,1,DAYLIGHT,12,MOTOR VEHICLE IN TRANSPORT,6TH AVN & CHARLOTTE AV,NASHVILLE,TN,37219,4157,CENTRA,36.1651,-86.783,POINT (-86.783 36.1651)
20190334477,05/01/2019 08:30:00 AM,2,0,0,,N,676834,5,SIDESWIPE - SAME DIRECTION,21,CLEAR,1,DAYLIGHT,12,MOTOR VEHICLE IN TRANSPORT,ROSA L PARKS BLVD & VANTAGE WAY CT,NASHVILLE,TN,37208,4403,NORTH,36.191,-86.7989,POINT (-86.7989 36.191)
20190452014,06/14/2019 07:05:00 AM,2,0,0,,N,320601,11,Front to Rear,21,CLEAR,1,DAYLIGHT,12,MOTOR VEHICLE IN TRANSPORT,OLD HICKORY BLVD & I24 W EXT RAMP,ANTIOCH,TN,37013,8869,SOUTH,36.0158,-86.6201,POINT (-86.6201 36.0158)
20190385019,05/20/2019 12:35:00 PM,2,1,0,,N,665896,4,ANGLE,21,CLEAR,1,DAYLIGHT,12,MOTOR VEHICLE IN TRANSPORT,GALLATIN PKE & BURCHWOOD AV,NASHVILLE,TN,37216,1403,EAST,36.201,-86.7399,POINT (-86.7399 36.201)
20190432173,06/06/2019 05:18:00 PM,2,0,0,Y,N,429193,0,NOT COLLISION W/MOTOR VEHICLE-TRANSPORT,2,RAIN,1,DAYLIGHT,27;30;7,H-WAY TRAFFIC SIGNAL POST;UTILITY POLE,PREMIER DR & MERCOMATIC DR,NASHVILLE,TN,37209,5023,WEST,36.1471,-86.8751,POINT (-86.8751 36.1471)
20190383040,05/19/2019 04:03:00 PM,2,0,0,,N,197068,5,SIDESWIPE - SAME DIRECTION,22,CLOUDY,1,DAYLIGHT,12,MOTOR VEHICLE IN TRANSPORT,3RD AVN & DEADERICK ST,NASHVILLE,TN,37201,4163,CENTRA,36.1663,-86.7791,POINT (-86.7791 36.1663)
20190416232,05/31/2019 01:00:00 PM,2,0,0,,N,279227,11,Front to Rear,21,CLEAR,1,DAYLIGHT,12,MOTOR VEHICLE IN TRANSPORT,MM 59 2 I 24,ANTIOCH,TN,37013,87061,SOUTH,36.0467,-86.6614,POINT (-86.6614 36.0467)
20190279301,04/11/2019 04:28:00 PM,2,1,0,,N,134871,4,ANGLE,21,CLEAR,1,DAYLIGHT,12,MOTOR VEHICLE IN TRANSPORT,12TH AVS & MCGAVOCK ST,NASHVILLE,TN,37203,4079,CENTRA,36.1556,-86.7868,POINT (-86.7868 36.1556)
20190457315,06/16/2019 01:39:00 PM,2,0,0,,N,320597,11,Front to Rear,21,CLEAR,1,DAYLIGHT,12,MOTOR VEHICLE IN TRANSPORT,HAYWOOD LN & EZELL RD,NASHVILLE,TN,37211,8709,SOUTH,36.0696,-86.6944,POINT (-86.6944 36.0696)
20190514952,07/09/2019 04:54:00 PM,2,0,0,,N,714641,5,SIDESWIPE - SAME DIRECTION,21,CLEAR,1,DAYLIGHT,12,MOTOR VEHICLE IN TRANSPORT,BROADWAY & 15TH AVN,NASHVILLE,TN,37203,5701,MIDTOW,36.1552,-86.7907,POINT (-86.7907 36.1552)
20190180665,03/07/2019 08:02:00 AM,3,0,0,,N,225777,11,Front to Rear,22,CLOUDY,1,DAYLIGHT,12,MOTOR VEHICLE IN TRANSPORT,CHARLOTTE PKE & I40 E ENT RAMP,NASHVILLE,TN,37205,5007,WEST,36.1319,-86.8955,POINT (-86.8955 36.1319)
20190108372,02/09/2019 01:00:00 PM,2,0,0,,Y,,5,SIDESWIPE - SAME DIRECTION,21,CLEAR,1,DAYLIGHT,12,MOTOR VEHICLE IN TRANSPORT,MM 54 2 I 24,NASHVILLE,TN,37211,88122,SOUTH,36.1038,-86.7151,POINT (-86.7151 36.1038)
20190236758,03/27/2019 06:55:00 AM,2,0,0,,N,716886,11,Front to Rear,21,CLEAR,1,DAYLIGHT,12,MOTOR VEHICLE IN TRANSPORT,I24 E EXT RAMP & I 24,NASHVILLE,TN,37207,30080,NORTH,36.2378,-86.7872,POINT (-86.7872 36.2378)
20190316204,04/24/2019 11:10:00 AM,2,1,0,,N,191578,11,Front to Rear,21,CLEAR,1,DAYLIGHT,12,MOTOR VEHICLE IN TRANSPORT,2ND AVS & MCCANN ST,NASHVILLE,TN,37210,8201,HERMIT,36.151,-86.7681,POINT (-86.7681 36.151)
20190073456,01/28/2019 02:35:00 PM,2,0,0,,Y,240959,11,Front to Rear,22,CLOUDY,1,DAYLIGHT,12,MOTOR VEHICLE IN TRANSPORT,GALLATIN PKE & HART LN,NASHVILLE,TN,37216,1441,EAST,36.2116,-86.7326,POINT (-86.7326 36.2116)
20190439242,06/09/2019 07:07:00 PM,2,0,0,,N,429193,0,NOT COLLISION W/MOTOR VEHICLE-TRANSPORT,21,CLEAR,1,DAYLIGHT,34;7,DITCH,RIVER ROAD PKE & INDIAN CREEK RD,NASHVILLE,TN,37209,4707,WEST,36.1387,-86.9512,POINT (-86.9512 36.1387)
20190030730,01/12/2019 06:55:00 PM,1,1,0,,N,306230,0,NOT COLLISION W/MOTOR VEHICLE-TRANSPORT,2,RAIN,3,DARK - LIGHTED,8,PEDESTRIAN,HAMPTON ST & AVONDALE CIR,NASHVILLE,TN,37207,3019,NORTH,36.2089,-86.7791,POINT (-86.7791 36.2089)
20190403915,05/27/2019 06:45:00 AM,1,0,0,Y,Y,420035,0,NOT COLLISION W/MOTOR VEHICLE-TRANSPORT,21,CLEAR,1,DAYLIGHT,47,FIRE HYDRANT,E WEBSTER ST & LIBERTY CIR,MADISON,TN,37115,1507,MADISO,36.251,-86.7154,POINT (-86.7154 36.251)
20190059189,01/23/2019 09:09:00 AM,1,0,0,,N,134899,0,NOT COLLISION W/MOTOR VEHICLE-TRANSPORT,2,RAIN,1,DAYLIGHT,18,OTHER OBJECT (NOT FIXED),BRILEY PKWYN & BRILEY PKWYS,NASHVILLE,TN,37211,8404,SOUTH,36.1092,-86.727,POINT (-86.727 36.1092)