Accident Number,Date and Time,Number of Motor Vehicles,Number of Injuries,Number of Fatalities,Property Damage,Hit and Run,Reporting Officer,Collision Type Code,Collision Type Description,Weather Code,Weather Description,Illumination Code,Illumination Description,Harmful Code,Harmful Code Description,Street Address,City,State,ZIP,RPA,Precinct,Latitude,Longitude,Mapped Location
20190191927,03/11/2019 04:55:00 PM,2,0,0,,Y,320585,16,Rear to Side,21,CLEAR,1,DAYLIGHT,14,PARKED MOTOR VEHICLE,DONELSON PKE & ELM HILL PKE,NASHVILLE,TN,37214,9105,HERMIT,36.1676,-86.7787,POINT (-86.7787 36.1676)
20190185076,03/08/2019 07:30:00 PM,2,0,0,,Y,299238,2,HEAD-ON,2,RAIN,3,DARK - LIGHTED,12,MOTOR VEHICLE IN TRANSPORT,MAIN ST & N 8TH ST,NASHVILLE,TN,37206,1119,EAST,36.1753,-86.7588,POINT (-86.7588 36.1753)
20190022361,01/09/2019 03:05:00 PM,2,1,0,,N,240966,11,Front to Rear,21,CLEAR,1,DAYLIGHT,12,MOTOR VEHICLE IN TRANSPORT,DICKERSON PKE & GRACE ST,NASHVILLE,TN,37207,1963,EAST,36.1836,-86.7738,POINT (-86.7738 36.1836)
20190447842,06/12/2019 07:37:00 PM,2,0,0,,N,256426,11,Front to Rear,21,CLEAR,3,DARK - LIGHTED,12,MOTOR VEHICLE IN TRANSPORT,MM 213 0 I 40,NASHVILLE,TN,37210,8219,HERMIT,36.1407,-86.7323,POINT (-86.7323 36.1407)
20190228300,03/24/2019 12:00:00 AM,2,3,0,,N,279122,4,ANGLE,2,RAIN,1,DAYLIGHT,12,MOTOR VEHICLE IN TRANSPORT,W TRINITY LN & WHITES CREEK PKE,NASHVILLE,TN,37207,3009,NORTH,36.207,-86.7916,POINT (-86.7916 36.207)
20190289432,04/15/2019 03:50:00 PM,2,0,0,,N,320581,11,Front to Rear,21,CLEAR,1,DAYLIGHT,12,MOTOR VEHICLE IN TRANSPORT,ROSA L PARKS BLVD & CLARKSVILLE PKE,NASHVILLE,TN,37228,4483,NORTH,36.1888,-86.822,POINT (-86.822 36.1888)
20190028871,01/11/2019 08:40:00 PM,1,0,0,,Y,330412,9,UNKNOWN,22,CLOUDY,3,DARK - LIGHTED,99,UNKNOWN MOST HARMFUL EVENT,MM 205 2 I 40,NASHVILLE,TN,37209,52027,WEST,36.154,-86.835,POINT (-86.835 36.154)
20190410832,05/29/2019 05:20:00 PM,2,0,0,,Y,240976,4,ANGLE,21,CLEAR,1,DAYLIGHT,12,MOTOR VEHICLE IN TRANSPORT,MAIN ST & N 8TH ST,NASHVILLE,TN,37206,1119,EAST,36.1753,-86.7588,POINT (-86.7588 36.1753)
20190484334,06/26/2019 11:45:00 PM,1,0,0,,N,220884,0,NOT COLLISION W/MOTOR VEHICLE-TRANSPORT,2,RAIN,3,DARK - LIGHTED,36,CONCRETE TRAFFIC BARRIER,BRILEY PKWYW & BRUSH HILL RD,MADISON,TN,37115,1598,MADISO,36.2349,-86.7155,POINT (-86.7155 36.2349)
20190453377,06/14/2019 02:40:00 PM,2,0,0,,Y,909486,2,HEAD-ON,21,CLEAR,1,DAYLIGHT,12,MOTOR VEHICLE IN TRANSPORT,HARDING PL & TROUSDALE DR,NASHVILLE,TN,37220,8601,MIDTOW,36.0811,-86.7584,POINT (-86.7584 36.0811)
20190168138,03/03/2019 02:50:00 AM,1,0,0,,N,320590,0,NOT COLLISION W/MOTOR VEHICLE-TRANSPORT,2,RAIN,3,DARK - LIGHTED,18,OTHER OBJECT (NOT FIXED),EWING DR & KNIGHT DR,NASHVILLE,TN,37207,3023,NORTH,36.2316,-86.804,POINT (-86.804 36.2316)
20190374347,05/16/2019 07:25:00 AM,2,0,0,,N,420034,98,OTHER,21,CLEAR,1,DAYLIGHT,14,PARKED MOTOR VEHICLE,BAPTIST WORLD CENTER DR & VASHTI ST,NASHVILLE,TN,37207,3001,NORTH,36.1949,-86.7798,POINT (-86.7798 36.1949)
20190364176,05/12/2019 06:50:00 PM,2,0,0,,Y,298874,5,SIDESWIPE - SAME DIRECTION,22,CLOUDY,1,DAYLIGHT,12;14,MOTOR VEHICLE IN TRANSPORT;PARKED MOTOR VEHICLE,SHARPE AV & N 14TH ST,NASHVILLE,TN,37206,1319,EAST,36.1886,-86.7439,POINT (-86.7439 36.1886)
20190228795,03/24/2019 05:12:00 PM,2,1,0,,N,212330,11,Front to Rear,21,CLEAR,1,DAYLIGHT,12,MOTOR VEHICLE IN TRANSPORT,MM 7 0 I 440,NASHVILLE,TN,37210,83042,SOUTH,36.1243,-86.738,POINT (-86.738 36.1243)
20190120363,02/13/2019 07:44:00 PM,2,0,0,,Y,206675,11,Front to Rear,21,CLEAR,2,DARK - NOT LIGHTED,12,MOTOR VEHICLE IN TRANSPORT,MM 4 4 I 440,NASHVILLE,TN,37204,7014,MIDTOW,36.1158,-86.7827,POINT (-86.7827 36.1158)
20190151622,02/25/2019 06:50:00 AM,2,1,0,,N,320601,11,Front to Rear,21,CLEAR,4,DAWN,12,MOTOR VEHICLE IN TRANSPORT,MURFREESBORO PKE & BRILEY PKWY N ENT RAM,NASHVILLE,TN,37217,8831,SOUTH,36.1174,-86.6992,POINT (-86.6992 36.1174)
20190532522,07/16/2019 08:31:00 PM,1,2,0,,N,256380,0,NOT COLLISION W/MOTOR VEHICLE-TRANSPORT,21,CLEAR,3,DARK - LIGHTED,50,DEER (ANIMAL),ASHLAND CITY HWY & AMY LYNN DR,NASHVILLE,TN,37218,3235,NORTH,36.2103,-86.8776,POINT (-86.8776 36.2103)
20190575068,08/02/2019 03:46:00 PM,2,2,0,,Y,212338,5,SIDESWIPE - SAME DIRECTION,21,CLEAR,1,DAYLIGHT,12,MOTOR VEHICLE IN TRANSPORT,CHARLOTTE AV & SHORTVIEW AV,NASHVILLE,TN,,5339,NORTH,,,
20190559961,07/27/2019 01:45:00 PM,2,2,0,,N,279116,4,ANGLE,22,CLOUDY,1,DAYLIGHT,12,MOTOR VEHICLE IN TRANSPORT,WEDGEWOOD AV & LINDELL AV,NASHVILLE,TN,37204,8027,MIDTOW,36.1341,-86.7733,POINT (-86.7733 36.1341)
20190295290,04/17/2019 10:22:00 AM,2,0,0,,N,226622,4,ANGLE,21,CLEAR,1,DAYLIGHT,12,MOTOR VEHICLE IN TRANSPORT,CHARLOTTE PKE & MIDLAND AV,NASHVILLE,TN,37209,5033,WEST,36.1499,-86.8591,POINT (-86.8591 36.1499)
20190101574,02/07/2019 12:00:00 AM,1,0,0,,Y,240947,0,NOT COLLISION W/MOTOR VEHICLE-TRANSPORT,2,RAIN,1,DAYLIGHT,41,SHRUBBERY,MM 221 0 I 40,HERMITAGE,TN,37076,9504,HERMIT,36.1702,-86.5982,POINT (-86.5982 36.1702)
20190018286,01/08/2019 12:00:00 AM,1,0,0,Y,Y,330415,0,NOT COLLISION W/MOTOR VEHICLE-TRANSPORT,99,UNKNOWN,2,DARK - NOT LIGHTED,34;40;50;63,DITCH;MAIL BOX;DEER (ANIMAL);Ran Off Road-Right,JOHN HAGAR RD & WINDCHASE RUN,HERMITAGE,TN,37076,9515,HERMIT,36.1578,-86.5821,POINT (-86.5821 36.1578)
20190166668,03/02/2019 12:30:00 PM,2,2,0,,N,572251,4,ANGLE,22,CLOUDY,1,DAYLIGHT,12,MOTOR VEHICLE IN TRANSPORT,GALLATIN PKEN & OLD TIME VILLAGE PVTDR,MADISON,TN,37115,1701,MADISO,36.2638,-86.7117,POINT (-86.7117 36.2638)
20190246453,03/30/2019 02:00:00 PM,2,1,0,,Y,311328,5,SIDESWIPE - SAME DIRECTION,22,CLOUDY,1,DAYLIGHT,12,MOTOR VEHICLE IN TRANSPORT,JEFFERSON ST & OLDHAM ST PVTDR,NASHVILLE,TN,37213,1989,CENTRA,36.176,-86.7803,POINT (-86.7803 36.176)
20190377400,05/17/2019 06:43:00 AM,1,0,0,,N,716886,0,NOT COLLISION W/MOTOR VEHICLE-TRANSPORT,21,CLEAR,1,DAYLIGHT,36,CONCRETE TRAFFIC BARRIER,MM 54 5 I 24,NASHVILLE,TN,37211,84021,SOUTH,36.0999,-86.7113,POINT (-86.7113 36.0999)
20190300239,04/18/2019 09:42:00 PM,1,1,0,Y,N,281611,0,NOT COLLISION W/MOTOR VEHICLE-TRANSPORT,2,RAIN,2,DARK - NOT LIGHTED,39,WALL,OLD HARDING PKE & HIGHWAY 100,NASHVILLE,TN,37221,4805,WEST,36.0293,-87.001,POINT (-87.001 36.0293)
20190256863,04/03/2019 11:33:00 AM,2,2,0,,N,375570,4,ANGLE,21,CLEAR,1,DAYLIGHT,12,MOTOR VEHICLE IN TRANSPORT,2300 GALLATIN PKEN,MADISON,TN,37115,1721,MADISO,36.309,-86.6791,POINT (-86.6791 36.309)
20190570054,07/31/2019 06:01:00 PM,5,0,0,,N,151132,11,Front to Rear,21,CLEAR,1,DAYLIGHT,12,MOTOR VEHICLE IN TRANSPORT,MM 92 8 I 65,MADISON,TN,37115,17062,MADISO,36.2724,-86.7362,POINT (-86.7362 36.2724)
20190267435,04/07/2019 11:52:00 AM,2,0,0,,N,474557,4,ANGLE,22,CLOUDY,1,DAYLIGHT,12,MOTOR VEHICLE IN TRANSPORT,TUSCULUM RD & SHACKLETT LANE CT,ANTIOCH,TN,37013,8713,SOUTH,36.0529,-86.6747,POINT (-86.6747 36.0529)
20190110881,02/10/2019 07:05:00 PM,3,0,0,,N,298837,4,ANGLE,2,RAIN,2,DARK - NOT LIGHTED,13,MOTOR VEHICLE IN TRANSPORT-OTHER ROADWAY,PORTER RD & STRATFORD AV,NASHVILLE,TN,37216,1409,EAST,36.196,-86.7172,POINT (-86.7172 36.196)
20190450688,06/13/2019 07:28:00 PM,2,1,0,,N,279208,11,Front to Rear,21,CLEAR,1,DAYLIGHT,12,MOTOR VEHICLE IN TRANSPORT,MM 4 3 I 440,NASHVILLE,TN,37204,7014,MIDTOW,36.1159,-86.783,POINT (-86.783 36.1159)
20190070226,01/27/2019 07:48:00 AM,1,0,0,Y,N,110063,0,NOT COLLISION W/MOTOR VEHICLE-TRANSPORT,21,CLEAR,1,DAYLIGHT,24,GUARDRAIL FACE,MM 86 4 I 65,NASHVILLE,TN,37207,19060,EAST,36.1937,-86.7758,POINT (-86.7758 36.1937)
20190019742,01/08/2019 04:20:00 PM,2,0,0,,N,240976,11,Front to Rear,21,CLEAR,1,DAYLIGHT,12,MOTOR VEHICLE IN TRANSPORT,W TRINITY LN & E TRINITY LN,NASHVILLE,TN,37207,1863,EAST,36.2059,-86.7688,POINT (-86.7688 36.2059)
20190401198,05/25/2019 11:20:00 PM,2,0,0,,N,240978,11,Front to Rear,21,CLEAR,3,DARK - LIGHTED,14,PARKED MOTOR VEHICLE,ORDWAY PL & N 16TH ST,NASHVILLE,TN,37206,1229,EAST,36.1798,-86.7415,POINT (-86.7415 36.1798)
20190340052,05/03/2019 08:29:00 AM,2,0,0,,N,226622,4,ANGLE,22,CLOUDY,1,DAYLIGHT,12,MOTOR VEHICLE IN TRANSPORT,WHITE BRIDGE PKE & WHITE BRIDGE RD PVTDR,NASHVILLE,TN,37205,5019,WEST,36.1306,-86.8564,POINT (-86.8564 36.1306)
20190482545,06/26/2019 09:28:00 AM,2,1,0,,N,716886,11,Front to Rear,21,CLEAR,1,DAYLIGHT,12,MOTOR VEHICLE IN TRANSPORT,PEBBLE CREEK DR & JOHNSON PASS DR,ANTIOCH,TN,37013,8861,SOUTH,36.0714,-86.6542,POINT (-86.6542 36.0714)
20190316762,04/24/2019 03:20:00 PM,2,0,0,,Y,330428,2,HEAD-ON,21,CLEAR,1,DAYLIGHT,12,MOTOR VEHICLE IN TRANSPORT,CHARLOTTE PKE & LILLY VALLEY WAY,NASHVILLE,TN,37209,4701,WEST,36.1258,-86.9092,POINT (-86.9092 36.1258)
20190299653,04/18/2019 04:43:00 PM,2,1,0,,N,493312,4,ANGLE,21,CLEAR,1,DAYLIGHT,12,MOTOR VEHICLE IN TRANSPORT,HIGHWAY 100 & HARPETH BEND DR,NASHVILLE,TN,37221,6213,WEST,36.0603,-86.9176,POINT (-86.9176 36.0603)
20190458198,06/17/2019 12:40:00 AM,2,2,0,,N,330420,4,ANGLE,21,CLEAR,3,DARK - LIGHTED,12,MOTOR VEHICLE IN TRANSPORT,DODSON CHAPEL RD & CENTRAL PKE,HERMITAGE,TN,37076,9503,HERMIT,36.1747,-86.6143,POINT (-86.6143 36.1747)
20190220970,03/21/2019 04:28:00 PM,2,0,0,,N,256426,5,SIDESWIPE - SAME DIRECTION,21,CLEAR,1,DAYLIGHT,12,MOTOR VEHICLE IN TRANSPORT,BRILEY PKWYS & BRILEY PKWYN,NASHVILLE,TN,37218,3212,NORTH,36.2142,-86.8724,POINT (-86.8724 36.2142)
20190206385,03/16/2019 07:52:00 PM,2,1,0,,Y,311803,11,Front to Rear,21,CLEAR,3,DARK - LIGHTED,12,MOTOR VEHICLE IN TRANSPORT,FRANKLIN PKE & HARDING PL,NASHVILLE,TN,37204,7027,MIDTOW,36.0866,-86.772,POINT (-86.772 36.0866)
20190445045,06/11/2019 09:25:00 PM,2,0,0,,N,320581,4,ANGLE,21,CLEAR,3,DARK - LIGHTED,12,MOTOR VEHICLE IN TRANSPORT,ROSA L PARKS BLVD & ATHENS WAY,NASHVILLE,TN,37228,4445,NORTH,36.193,-86.8018,POINT (-86.8018 36.193)
20190074349,01/28/2019 09:15:00 PM,1,0,0,Y,N,299241,0,NOT COLLISION W/MOTOR VEHICLE-TRANSPORT,2,RAIN,2,DARK - NOT LIGHTED,32;34,CULVERT;DITCH,TULIP GROVE RD & OLD LEBANON DIRT RD,HERMITAGE,TN,37076,9513,HERMIT,36.1886,-86.5933,POINT (-86.5933 36.1886)
20190502448,07/03/2019 07:05:00 PM,2,0,0,,N,807326,5,SIDESWIPE - SAME DIRECTION,21,CLEAR,1,DAYLIGHT,12,MOTOR VEHICLE IN TRANSPORT,2ND AVS & LEA AV,NASHVILLE,TN,37210,4033,CENTRA,36.1554,-86.7709,POINT (-86.7709 36.1554)
20190506910,07/05/2019 04:06:00 PM,2,0,0,,Y,279225,5,SIDESWIPE - SAME DIRECTION,21,CLEAR,1,DAYLIGHT,12,MOTOR VEHICLE IN TRANSPORT,MURFREESBORO PKE & I24 W EXT RAMP,NASHVILLE,TN,37217,8801,SOUTH,36.1348,-86.7236,POINT (-86.7236 36.1348)
20190438190,06/09/2019 05:24:00 AM,1,0,0,,N,330433,0,NOT COLLISION W/MOTOR VEHICLE-TRANSPORT,22,CLOUDY,1,DAYLIGHT,36;63,CONCRETE TRAFFIC BARRIER;Ran Off Road-Right,MM 92 0 I 65,MADISON,TN,37115,17280,MADISO,36.2612,-86.7382,POINT (-86.7382 36.2612)
20190016919,01/07/2019 04:56:00 PM,1,0,0,Y,N,429193,0,NOT COLLISION W/MOTOR VEHICLE-TRANSPORT,21,CLEAR,5,DUSK,24,GUARDRAIL FACE,MM 193 0 I 40,NASHVILLE,TN,37221,4804,WEST,36.0771,-87.0122,POINT (-87.0122 36.0771)
20190267407,04/07/2019 11:29:00 AM,1,1,0,,N,320575,0,NOT COLLISION W/MOTOR VEHICLE-TRANSPORT,2,RAIN,1,DAYLIGHT,18;36,OTHER OBJECT (NOT FIXED);CONCRETE TRAFFIC BARRIER,MM 57 4 I 24,ANTIOCH,TN,37013,88080,SOUTH,36.0649,-86.6847,POINT (-86.6847 36.0649)
20190429064,06/05/2019 03:53:00 PM,2,0,0,,Y,298858,5,SIDESWIPE - SAME DIRECTION,21,CLEAR,1,DAYLIGHT,14,PARKED MOTOR VEHICLE,3RD AVN & CHURCH ST,NASHVILLE,TN,37201,4131,CENTRA,36.164,-86.7776,POINT (-86.7776 36.164)
20190051652,01/20/2019 03:07:00 PM,2,0,0,,Y,109536,5,SIDESWIPE - SAME DIRECTION,21,CLEAR,1,DAYLIGHT,12,MOTOR VEHICLE IN TRANSPORT,SKYLINE MEMORIAL CT & DICKERSON PKE,MADISON,TN,37115,2009,MADISO,36.2439,-86.7566,POINT (-86.7566 36.2439)
20190046310,01/18/2019 07:34:00 AM,1,1,0,Y,N,191578,0,NOT COLLISION W/MOTOR VEHICLE-TRANSPORT,22,CLOUDY,1,DAYLIGHT,1;71,EMBANKMENT EARTH,ELM HILL PKE & PATIO DR,NASHVILLE,TN,37214,8945,HERMIT,36.1419,-86.6414,POINT (-86.6414 36.1419)
20190469129,06/20/2019 06:51:00 PM,4,3,0,,N,256380,5,SIDESWIPE - SAME DIRECTION,21,CLEAR,1,DAYLIGHT,12,MOTOR VEHICLE IN TRANSPORT,MM 34 5 I 24,JOELTON,TN,37080,33160,NORTH,36.3249,-86.8751,POINT (-86.8751 36.3249)
20190070719,01/27/2019 01:41:00 PM,2,0,0,,Y,279116,4,ANGLE,22,CLOUDY,1,DAYLIGHT,12,MOTOR VEHICLE IN TRANSPORT,8TH AVS & WEDGEWOOD AV,NASHVILLE,TN,37203,6959,MIDTOW,36.1345,-86.7791,POINT (-86.7791 36.1345)
20190141087,02/21/2019 12:00:00 AM,1,0,0,Y,Y,226622,0,NOT COLLISION W/MOTOR VEHICLE-TRANSPORT,99,UNKNOWN,9,UNKNOWN,40,MAIL BOX,GREELEY DR & HUCKLEBERRY RD,NASHVILLE,TN,37205,5003,WEST,36.1232,-86.8803,POINT (-86.8803 36.1232)
20190499177,07/02/2019 05:16:00 PM,2,1,0,,N,717341,4,ANGLE,21,CLEAR,1,DAYLIGHT,12,MOTOR VEHICLE IN TRANSPORT,UNA ANTIOCH PKE & NASHBORO BLVD,ANTIOCH,TN,37013,8891,SOUTH,36.0869,-86.6487,POINT (-86.6487 36.0869)
20190235080,03/26/2019 04:00:00 PM,2,0,0,,N,256389,4,ANGLE,21,CLEAR,1,DAYLIGHT,12,MOTOR VEHICLE IN TRANSPORT,HARDING PL & SHADESCREST DR,NASHVILLE,TN,37211,8607,MIDTOW,36.0771,-86.7366,POINT (-86.7366 36.0771)
20190465880,06/19/2019 06:30:00 PM,4,0,0,,N,206675,11,Front to Rear,2,RAIN,1,DAYLIGHT,12,MOTOR VEHICLE IN TRANSPORT,MM 1 7 I 440,NASHVILLE,TN,37209,5312,NORTH,36.1536,-86.8226,POINT (-86.8226 36.1536)
20190475293,06/23/2019 12:00:00 AM,2,1,0,,N,320580,11,Front to Rear,21,CLEAR,1,DAYLIGHT,12,MOTOR VEHICLE IN TRANSPORT,MM 210 5 I 40,NASHVILLE,TN,37210,8202,HERMIT,36.1522,-86.7669,POINT (-86.7669 36.1522)
20190179036,03/06/2019 07:00:00 PM,2,2,0,,N,256412,11,Front to Rear,21,CLEAR,2,DARK - NOT LIGHTED,12,MOTOR VEHICLE IN TRANSPORT,LAVERGNE COUCHVILLE PKE & MURFREESBORO P,ANTIOCH,TN,37013,8967,SOUTH,36.0288,-86.5901,POINT (-86.5901 36.0288)
20190164060,03/01/2019 11:14:00 AM,2,0,0,,N,320574,11,Front to Rear,22,CLOUDY,1,DAYLIGHT,12,MOTOR VEHICLE IN TRANSPORT,LEBANON PKE & BIG HORN DR,HERMITAGE,TN,37076,9525,HERMIT,36.1676,-86.7787,POINT (-86.7787 36.1676)
20190581563,08/05/2019 12:38:00 PM,2,0,0,,N,414731,4,ANGLE,21,CLEAR,1,DAYLIGHT,12,MOTOR VEHICLE IN TRANSPORT,ANTIOCH PKE & HARDING PL,NASHVILLE,TN,37211,8847,SOUTH,36.0874,-86.6922,POINT (-86.6922 36.0874)
20190145251,02/22/2019 01:50:00 PM,2,0,0,,Y,226669,11,Front to Rear,2,RAIN,1,DAYLIGHT,12,MOTOR VEHICLE IN TRANSPORT,HARDING PLACE & TAMPA DRVIE,NASHVILLE,TN,37211,8443,SOUTH,36.0832,-86.7105,POINT (-86.7105 36.0832)
20190524630,07/13/2019 12:00:00 AM,2,0,0,,Y,311804,4,ANGLE,99,UNKNOWN,9,UNKNOWN,14,PARKED MOTOR VEHICLE,MAIN ST & JAMES ROBERTSON PKWY,NASHVILLE,TN,37213,1991,CENTRA,36.1696,-86.7744,POINT (-86.7744 36.1696)
20190048931,01/19/2019 06:03:00 AM,1,0,0,,N,298871,0,NOT COLLISION W/MOTOR VEHICLE-TRANSPORT,2,RAIN,3,DARK - LIGHTED,37,Other Traffic Barrier,I40 E EXT RAMP & I 40,NASHVILLE,TN,37214,8955,HERMIT,36.155,-86.6271,POINT (-86.6271 36.155)
20190263810,04/05/2019 09:11:00 PM,1,1,0,Y,N,212322,0,NOT COLLISION W/MOTOR VEHICLE-TRANSPORT,21,CLEAR,3,DARK - LIGHTED,1;30,UTILITY POLE,DONELSON PKE & HARDING PL,NASHVILLE,TN,37217,8841,SOUTH,36.0951,-86.6778,POINT (-86.6778 36.0951)
20190155290,02/26/2019 09:22:00 AM,1,0,0,,N,278580,0,NOT COLLISION W/MOTOR VEHICLE-TRANSPORT,21,CLEAR,1,DAYLIGHT,36,CONCRETE TRAFFIC BARRIER,MM 36 8 I 24,WHITES CREEK,TN,37189,2212,NORTH,36.319,-86.839,POINT (-86.839 36.319)
20190524894,07/13/2019 02:30:00 PM,1,1,0,,Y,330425,0,NOT COLLISION W/MOTOR VEHICLE-TRANSPORT,21,CLEAR,1,DAYLIGHT,8,PEDESTRIAN,GALLATIN PKES & E PALESTINE AV,MADISON,TN,37115,1507,MADISO,36.2491,-86.7196,POINT (-86.7196 36.2491)
20190499117,07/02/2019 04:56:00 PM,2,0,0,,N,256426,11,Front to Rear,21,CLEAR,1,DAYLIGHT,12,MOTOR VEHICLE IN TRANSPORT,MM 215 6 I 40,NASHVILLE,TN,37214,9102,HERMIT,36.1431,-86.6845,POINT (-86.6845 36.1431)
20190145894,02/22/2019 07:00:00 PM,2,0,0,,N,281611,11,Front to Rear,2,RAIN,2,DARK - NOT LIGHTED,12,MOTOR VEHICLE IN TRANSPORT,CHARLOTTE PKE & BROOK HOLLOW RD,NASHVILLE,TN,37205,5011,WEST,36.1354,-86.8864,POINT (-86.8864 36.1354)
20190566999,07/30/2019 02:20:00 PM,1,0,0,Y,N,256448,0,NOT COLLISION W/MOTOR VEHICLE-TRANSPORT,21,CLEAR,1,DAYLIGHT,38,FENCE,MCGAVOCK PKE & GRAYLYNN DR,NASHVILLE,TN,37214,9123,HERMIT,36.1589,-86.6812,POINT (-86.6812 36.1589)
20190478075,06/24/2019 07:40:00 PM,1,0,0,,N,320577,0,NOT COLLISION W/MOTOR VEHICLE-TRANSPORT,21,CLEAR,1,DAYLIGHT,18,OTHER OBJECT (NOT FIXED),MM 81 6 I 65,NASHVILLE,TN,37203,8006,MIDTOW,36.1373,-86.7757,POINT (-86.7757 36.1373)
20190350929,05/07/2019 03:34:00 PM,2,1,0,,N,179582,11,Front to Rear,21,CLEAR,1,DAYLIGHT,12,MOTOR VEHICLE IN TRANSPORT,MM 58 9 I 24,ANTIOCH,TN,37013,87061,SOUTH,36.0494,-86.6662,POINT (-86.6662 36.0494)
20190084638,01/31/2019 09:55:00 PM,2,0,0,,N,887592,4,ANGLE,21,CLEAR,3,DARK - LIGHTED,12,MOTOR VEHICLE IN TRANSPORT,3RD AVN & COMMERCE ST,NASHVILLE,TN,37201,4105,CENTRA,36.1627,-86.7767,POINT (-86.7767 36.1627)
20190073952,01/28/2019 05:16:00 PM,2,1,0,,N,330419,11,Front to Rear,2,RAIN,3,DARK - LIGHTED,12,MOTOR VEHICLE IN TRANSPORT,SAWYER BROWN RD & GENERAL GEORGE PATTON,NASHVILLE,TN,37221,4811,WEST,36.0683,-86.9493,POINT (-86.9493 36.0683)
20190122897,02/14/2019 03:19:00 PM,2,0,0,,Y,298837,11,Front to Rear,22,CLOUDY,1,DAYLIGHT,55,Motor Vehicle-In-Motion Outside Trafficw,S 5TH ST & SPRING ST,NASHVILLE,TN,37206,1109,EAST,36.1726,-86.7652,POINT (-86.7652 36.1726)
20190488014,06/28/2019 08:05:00 AM,2,0,0,,N,311799,11,Front to Rear,21,CLEAR,1,DAYLIGHT,12,MOTOR VEHICLE IN TRANSPORT,MM 88 8 I 65,NASHVILLE,TN,37207,20021,MADISO,36.2285,-86.7727,POINT (-86.7727 36.2285)
20190220714,03/21/2019 02:29:00 PM,2,0,0,,Y,256380,4,ANGLE,21,CLEAR,1,DAYLIGHT,12,MOTOR VEHICLE IN TRANSPORT,BUCHANAN ST & 14TH AVN,NASHVILLE,TN,37208,4455,NORTH,36.1801,-86.8082,POINT (-86.8082 36.1801)
20190491950,06/29/2019 09:30:00 PM,2,0,0,,Y,320603,6,SIDESWIPE - OPPOSITE DIRECTION,21,CLEAR,3,DARK - LIGHTED,12,MOTOR VEHICLE IN TRANSPORT,CHARLOTTE PKE & RUSSLEO DR,NASHVILLE,TN,37209,5021,WEST,36.1401,-86.8793,POINT (-86.8793 36.1401)
20190129339,02/17/2019 03:19:00 AM,1,0,0,,N,298879,0,NOT COLLISION W/MOTOR VEHICLE-TRANSPORT,2,RAIN,2,DARK - NOT LIGHTED,23,BRIDGE RAIL,MCCRORY LN & BEAUTIFUL VALLEY DR,NASHVILLE,TN,37221,4713,WEST,36.0831,-87.024,POINT (-87.024 36.0831)
20190447405,06/12/2019 04:58:00 PM,2,1,0,,N,256386,4,ANGLE,21,CLEAR,1,DAYLIGHT,12,MOTOR VEHICLE IN TRANSPORT,THOMPSON PL & US HWY 41,NASHVILLE,TN,37217,8821,HERMIT,36.1268,-86.7104,POINT (-86.7104 36.1268)
20190406548,05/28/2019 08:15:00 AM,2,0,0,,N,352209,11,Front to Rear,21,CLEAR,1,DAYLIGHT,12,MOTOR VEHICLE IN TRANSPORT,FESSLERS LN & RUNDLE AV,NASHVILLE,TN,37210,8215,HERMIT,36.1467,-86.7438,POINT (-86.7438 36.1467)
20190024742,01/10/2019 11:40:00 AM,2,0,0,,N,716886,4,ANGLE,21,CLEAR,1,DAYLIGHT,12,MOTOR VEHICLE IN TRANSPORT,HARDING PL & ANTIOCH PKE,NASHVILLE,TN,37211,8847,SOUTH,36.0875,-86.6921,POINT (-86.6921 36.0875)
20190521749,07/12/2019 07:30:00 AM,4,1,0,,N,298864,11,Front to Rear,21,CLEAR,1,DAYLIGHT,12,MOTOR VEHICLE IN TRANSPORT,I65 S EXT RAMP & I 65,MADISON,TN,37115,20044,MADISO,36.2481,-86.743,POINT (-86.743 36.2481)
20190209735,03/18/2019 07:33:00 AM,2,1,0,,N,330420,11,Front to Rear,21,CLEAR,1,DAYLIGHT,12,MOTOR VEHICLE IN TRANSPORT,OLD MURFREESBORO PKE & FAIRCLOTH LN,NASHVILLE,TN,37217,8947,HERMIT,36.1036,-86.6665,POINT (-86.6665 36.1036)
20190474949,06/23/2019 10:26:00 AM,1,1,0,,N,320592,0,NOT COLLISION W/MOTOR VEHICLE-TRANSPORT,21,CLEAR,1,DAYLIGHT,34,DITCH,SAUNDERSVILLE RD & TETON DR,OLD HICKORY,TN,37138,9729,HERMIT,36.2295,-86.5892,POINT (-86.5892 36.2295)
20190488966,06/28/2019 01:47:00 PM,2,0,0,,N,591934,4,ANGLE,21,CLEAR,1,DAYLIGHT,12,MOTOR VEHICLE IN TRANSPORT,BANDYWOOD DR & HILLSBORO CIR,NASHVILLE,TN,37215,6111,WEST,36.105,-86.8195,POINT (-86.8195 36.105)
20190413497,05/30/2019 04:32:00 PM,2,0,0,,N,717341,4,ANGLE,21,CLEAR,1,DAYLIGHT,12,MOTOR VEHICLE IN TRANSPORT,MM 52 0 I 24,NASHVILLE,TN,37217,8816,SOUTH,36.1329,-86.7267,POINT (-86.7267 36.1329)