Accident Number,Date and Time,Number of Motor Vehicles,Number of Injuries,Number of Fatalities,Property Damage,Hit and Run,Reporting Officer,Collision Type Code,Collision Type Description,Weather Code,Weather Description,Illumination Code,Illumination Description,Harmful Code,Harmful Code Description,Street Address,City,State,ZIP,RPA,Precinct,Latitude,Longitude,Mapped Location
20190300192,04/18/2019 09:13:00 PM,2,0,0,,Y,197054,0,NOT COLLISION W/MOTOR VEHICLE-TRANSPORT,2,RAIN,3,DARK - LIGHTED,12;36;63;99,MOTOR VEHICLE IN TRANSPORT;CONCRETE TRAFFIC BARRIER;Ran Off Road-Right;UNKNOWN MOST HARMFUL EVENT,MM 217 8 I 40,NASHVILLE,TN,37214,8906,HERMIT,36.141,-86.6569,POINT (-86.6569 36.141)
20190360887,05/11/2019 12:00:00 AM,2,0,0,,Y,134867,5,SIDESWIPE - SAME DIRECTION,2,RAIN,3,DARK - LIGHTED,14,PARKED MOTOR VEHICLE,UNION ST & 3RD AVN,NASHVILLE,TN,37201,4137,CENTRA,36.1656,-86.7786,POINT (-86.7786 36.1656)
20190455645,06/15/2019 05:37:00 PM,2,0,0,,N,267831,5,SIDESWIPE - SAME DIRECTION,21,CLEAR,1,DAYLIGHT,12,MOTOR VEHICLE IN TRANSPORT,CHARLOTTE PKE & AMERICAN RD,NASHVILLE,TN,37209,5027,WEST,36.1444,-86.8727,POINT (-86.8727 36.1444)
20190210599,03/18/2019 02:43:00 PM,3,0,0,,N,191578,11,Front to Rear,21,CLEAR,1,DAYLIGHT,12,MOTOR VEHICLE IN TRANSPORT,MM 211 5 I 40,NASHVILLE,TN,37210,8204,HERMIT,36.1514,-86.7517,POINT (-86.7517 36.1514)
20190484220,06/26/2019 07:20:00 PM,2,0,0,,Y,279213,5,SIDESWIPE - SAME DIRECTION,21,CLEAR,1,DAYLIGHT,12,MOTOR VEHICLE IN TRANSPORT,GLEAVES ST & RIVERGATE PKWY,GOODLETTSVILLE,TN,37072,1751,MADISO,36.2981,-86.6999,POINT (-86.6999 36.2981)
20190057044,01/22/2019 03:04:00 PM,2,0,0,,N,876597,11,Front to Rear,22,CLOUDY,1,DAYLIGHT,14,PARKED MOTOR VEHICLE,HAYWOOD LN & LOCUSTWOOD DR,NASHVILLE,TN,37211,8711,SOUTH,36.0689,-86.7031,POINT (-86.7031 36.0689)
20190040451,01/16/2019 07:23:00 AM,2,0,0,,Y,330431,11,Front to Rear,21,CLEAR,1,DAYLIGHT,12,MOTOR VEHICLE IN TRANSPORT,ROSA L PARKS BLVD & JEFFERSON ST,NASHVILLE,TN,37208,4237,CENTRA,36.1733,-86.7914,POINT (-86.7914 36.1733)
20190422826,06/03/2019 12:39:00 PM,2,0,0,,N,226622,11,Front to Rear,21,CLEAR,1,DAYLIGHT,12,MOTOR VEHICLE IN TRANSPORT,CHARLOTTE PKE & AMERICAN RD,NASHVILLE,TN,37209,5027,WEST,36.1444,-86.8727,POINT (-86.8727 36.1444)
20190360774,05/11/2019 01:14:00 AM,2,1,0,,N,330420,5,SIDESWIPE - SAME DIRECTION,2,RAIN,3,DARK - LIGHTED,12,MOTOR VEHICLE IN TRANSPORT,MM 211 1 I 40,NASHVILLE,TN,37210,8008,HERMIT,36.1539,-86.7571,POINT (-86.7571 36.1539)
20190028504,01/11/2019 05:45:00 PM,3,1,0,,N,212338,11,Front to Rear,21,CLEAR,3,DARK - LIGHTED,12,MOTOR VEHICLE IN TRANSPORT,OLD HICKORY BLVD & I65 S EXT RAMP,NASHVILLE,TN,37220,7111,MIDTOW,36.0377,-86.7848,POINT (-86.7848 36.0377)
20190070698,01/27/2019 12:52:00 PM,1,1,0,Y,N,161952,0,NOT COLLISION W/MOTOR VEHICLE-TRANSPORT,21,CLEAR,1,DAYLIGHT,39;42;63,WALL;TREE;Ran Off Road-Right,3802 CRAVATH DR,NASHVILLE,TN,37207,3043,NORTH,36.2181,-86.8079,POINT (-86.8079 36.2181)
20190113299,02/11/2019 03:57:00 PM,2,0,0,,N,909486,11,Front to Rear,2,RAIN,1,DAYLIGHT,12,MOTOR VEHICLE IN TRANSPORT,EDMONDSON PKE & WALLACE RD,NASHVILLE,TN,37211,8661,MIDTOW,36.0771,-86.7256,POINT (-86.7256 36.0771)
20190363266,05/12/2019 07:17:00 AM,2,1,0,,Y,320575,6,SIDESWIPE - OPPOSITE DIRECTION,22,CLOUDY,1,DAYLIGHT,12;64,MOTOR VEHICLE IN TRANSPORT;Ran Off Road-Left,BURKITT RD & CANONBURY DR,NOLENSVILLE,TN,37135,8773,SOUTH,35.991,-86.6754,POINT (-86.6754 35.991)
20190008725,01/04/2019 05:56:00 AM,2,0,0,,N,298859,4,ANGLE,2,RAIN,3,DARK - LIGHTED,12,MOTOR VEHICLE IN TRANSPORT,ANDERSON & COUNTRY WAY,NASHVILLE,TN,37217,8929,HERMIT,36.0781,-86.6072,POINT (-86.6072 36.0781)
20190037151,01/15/2019 06:50:00 AM,2,0,0,,N,226136,11,Front to Rear,22,CLOUDY,1,DAYLIGHT,12,MOTOR VEHICLE IN TRANSPORT,HARDING PL & I65 N ENT RAMP,NASHVILLE,TN,37204,8529,MIDTOW,36.0825,-86.7631,POINT (-86.7631 36.0825)
20190142585,02/21/2019 05:40:00 PM,1,0,0,Y,Y,206675,0,NOT COLLISION W/MOTOR VEHICLE-TRANSPORT,2,RAIN,1,DAYLIGHT,38,FENCE,LEALAND LN & GALE LN,NASHVILLE,TN,37204,6933,MIDTOW,36.1168,-86.787,POINT (-86.787 36.1168)
20190126329,02/15/2019 08:22:00 PM,2,0,0,,N,281611,4,ANGLE,2,RAIN,2,DARK - NOT LIGHTED,12,MOTOR VEHICLE IN TRANSPORT,CHARLOTTE PKE & CABOT DR,NASHVILLE,TN,37209,4677,WEST,36.2336,-86.7283,POINT (-86.7283 36.2336)
20190471391,06/17/2019 12:17:00 PM,2,0,0,,Y,256380,4,ANGLE,21,CLEAR,1,DAYLIGHT,12;14,MOTOR VEHICLE IN TRANSPORT;PARKED MOTOR VEHICLE,27TH AVN & BOOKER ST,NASHVILLE,TN,37208,5311,NORTH,36.1596,-86.8165,POINT (-86.8165 36.1596)
20190506576,07/05/2019 12:30:00 PM,3,0,0,,N,226622,11,Front to Rear,22,CLOUDY,1,DAYLIGHT,12,MOTOR VEHICLE IN TRANSPORT,CHARLOTTE PKE & I40 W EXT RAMP,NASHVILLE,TN,37209,4701,WEST,36.1302,-86.9002,POINT (-86.9002 36.1302)
20190238217,03/27/2019 04:17:00 PM,2,0,0,,N,256426,4,ANGLE,21,CLEAR,1,DAYLIGHT,12,MOTOR VEHICLE IN TRANSPORT,MCGAVOCK PKE & LEBANON PKE,NASHVILLE,TN,37214,9307,HERMIT,36.1697,-86.6798,POINT (-86.6798 36.1697)
20190252060,04/01/2019 09:45:00 PM,2,0,0,,N,320585,4,ANGLE,21,CLEAR,3,DARK - LIGHTED,12,MOTOR VEHICLE IN TRANSPORT,DONELSON PKE & ALLEN RD,NASHVILLE,TN,37214,9409,HERMIT,36.1511,-86.6666,POINT (-86.6666 36.1511)
20190552438,07/24/2019 08:05:00 AM,2,0,0,,Y,620072,11,Front to Rear,21,CLEAR,1,DAYLIGHT,12;14,MOTOR VEHICLE IN TRANSPORT;PARKED MOTOR VEHICLE,ARENA AV & MURPHY AV,NASHVILLE,TN,37203,5507,MIDTOW,36.1561,-86.8038,POINT (-86.8038 36.1561)
20190402616,05/26/2019 05:14:00 PM,2,0,0,,N,320597,5,SIDESWIPE - SAME DIRECTION,21,CLEAR,1,DAYLIGHT,12,MOTOR VEHICLE IN TRANSPORT,BILLINGSGATE RD & EVERSHOLT CT,NASHVILLE,TN,37217,8853,SOUTH,36.0778,-86.6668,POINT (-86.6668 36.0778)
20190116289,02/12/2019 02:56:00 PM,2,0,0,,Y,267831,11,Front to Rear,22,CLOUDY,1,DAYLIGHT,12,MOTOR VEHICLE IN TRANSPORT,CHARLOTTE PKE & SAWYER BROWN RD,NASHVILLE,TN,37221,4711,WEST,36.1149,-86.9259,POINT (-86.9259 36.1149)
20190178602,03/06/2019 04:04:00 PM,3,1,0,,Y,179606,11,Front to Rear,21,CLEAR,1,DAYLIGHT,12,MOTOR VEHICLE IN TRANSPORT,MM 6 3 I 440,NASHVILLE,TN,37210,8304,SOUTH,36.1229,-86.751,POINT (-86.751 36.1229)
20190436805,06/08/2019 03:08:00 PM,2,1,0,,N,256443,11,Front to Rear,21,CLEAR,1,DAYLIGHT,12,MOTOR VEHICLE IN TRANSPORT,NORTHSIDE MARKETPLACE PVTDR & GALLATIN P,MADISON,TN,37115,1721,MADISO,36.3073,-86.6848,POINT (-86.6848 36.3073)
20190211143,03/18/2019 06:06:00 PM,2,0,0,,N,320585,5,SIDESWIPE - SAME DIRECTION,21,CLEAR,1,DAYLIGHT,12,MOTOR VEHICLE IN TRANSPORT,MM 214 2 I 40,NASHVILLE,TN,37210,90062,HERMIT,36.1424,-86.7107,POINT (-86.7107 36.1424)
20190455374,06/15/2019 03:23:00 PM,2,0,0,,N,405418,11,Front to Rear,21,CLEAR,1,DAYLIGHT,12,MOTOR VEHICLE IN TRANSPORT,NOLENSVILLE PKE & GOVENORS CT,NASHVILLE,TN,37211,8651,MIDTOW,36.01,-86.7019,POINT (-86.7019 36.01)
20190161091,02/28/2019 07:45:00 AM,2,0,0,,N,299243,11,Front to Rear,21,CLEAR,1,DAYLIGHT,12,MOTOR VEHICLE IN TRANSPORT,SPRING ST & I24 E ENT RAMP,NASHVILLE,TN,37213,1985,CENTRA,36.1768,-86.7728,POINT (-86.7728 36.1768)
20190308551,04/22/2019 09:02:00 AM,1,0,0,Y,N,191578,0,NOT COLLISION W/MOTOR VEHICLE-TRANSPORT,21,CLEAR,1,DAYLIGHT,31;39,"OTHER POST, POLE, SUPP.;WALL",ROYAL PKWY & RACHEL DR,NASHVILLE,TN,37214,9103,HERMIT,36.147,-86.6722,POINT (-86.6722 36.147)
20190329494,04/29/2019 03:56:00 PM,2,1,0,,N,256380,4,ANGLE,21,CLEAR,1,DAYLIGHT,12,MOTOR VEHICLE IN TRANSPORT,DR D B TODD JR BLVD & JEFFERSON ST,NASHVILLE,TN,37208,5325,NORTH,36.1695,-86.8067,POINT (-86.8067 36.1695)
20190088374,02/02/2019 03:08:00 AM,1,0,0,Y,N,280010,0,NOT COLLISION W/MOTOR VEHICLE-TRANSPORT,21,CLEAR,3,DARK - LIGHTED,30,UTILITY POLE,I24 W EXT RAMP & I 24,NASHVILLE,TN,37211,8829,SOUTH,36.1074,-86.7197,POINT (-86.7197 36.1074)
20190202628,03/15/2019 08:45:00 AM,2,0,0,,N,224437,11,Front to Rear,21,CLEAR,1,DAYLIGHT,12,MOTOR VEHICLE IN TRANSPORT,MM 5 2 I 440,NASHVILLE,TN,37204,8306,MIDTOW,36.1179,-86.7684,POINT (-86.7684 36.1179)
20190437126,06/08/2019 06:25:00 PM,2,0,0,,N,330444,5,SIDESWIPE - SAME DIRECTION,22,CLOUDY,1,DAYLIGHT,12,MOTOR VEHICLE IN TRANSPORT,WEST END AV & 17TH AVS,NASHVILLE,TN,37203,5707,MIDTOW,36.1538,-86.7944,POINT (-86.7944 36.1538)
20190097390,02/05/2019 03:12:00 PM,2,0,0,,N,267831,11,Front to Rear,21,CLEAR,1,DAYLIGHT,12,MOTOR VEHICLE IN TRANSPORT,HIGHWAY 70S & BELLEVUE CTR PVTDR,NASHVILLE,TN,37221,4811,WEST,36.0785,-86.9508,POINT (-86.9508 36.0785)
20190312115,04/23/2019 08:10:00 AM,2,0,0,,Y,716886,11,Front to Rear,21,CLEAR,1,DAYLIGHT,12,MOTOR VEHICLE IN TRANSPORT,MM 55 3 I 24,NASHVILLE,TN,37211,8602,SOUTH,36.0913,-86.7043,POINT (-86.7043 36.0913)
20190047650,01/18/2019 02:30:00 PM,2,0,0,,N,311798,4,ANGLE,21,CLEAR,1,DAYLIGHT,12,MOTOR VEHICLE IN TRANSPORT,JEFFERSON ST & ROSA L PARKS BLVD,NASHVILLE,TN,37208,4239,NORTH,36.1733,-86.7914,POINT (-86.7914 36.1733)
20190079791,01/30/2019 11:00:00 AM,2,0,0,,Y,224953,11,Front to Rear,21,CLEAR,1,DAYLIGHT,12,MOTOR VEHICLE IN TRANSPORT,JO JOHNSTON AV & I40 W ENT RAMP,NASHVILLE,TN,37203,4207,CENTRA,36.1641,-86.7937,POINT (-86.7937 36.1641)
20190300112,04/18/2019 08:24:00 PM,2,1,0,,N,330428,4,ANGLE,2,RAIN,3,DARK - LIGHTED,12,MOTOR VEHICLE IN TRANSPORT,BRILEY PKWY & I40 W EXT RAMP,NASHVILLE,TN,37209,4696,WEST,36.153,-86.8576,POINT (-86.8576 36.153)
20190004573,01/02/2019 06:20:00 PM,2,0,0,,Y,311338,4,ANGLE,2,RAIN,3,DARK - LIGHTED,12,MOTOR VEHICLE IN TRANSPORT,REVELS DR & WHITES CREEK PKE,NASHVILLE,TN,37207,3047,NORTH,36.2211,-86.8049,POINT (-86.8049 36.2211)
20190539910,07/19/2019 12:39:00 PM,2,0,0,,N,212325,11,Front to Rear,21,CLEAR,1,DAYLIGHT,12,MOTOR VEHICLE IN TRANSPORT,CONFERENCE DR & VIETNAM VETERANS BLVD NB,MADISON,TN,37115,1737,MADISO,36.3068,-86.6944,POINT (-86.6944 36.3068)
20190127206,02/16/2019 12:00:00 AM,1,0,0,,Y,332215,0,NOT COLLISION W/MOTOR VEHICLE-TRANSPORT,2,RAIN,2,DARK - NOT LIGHTED,41,SHRUBBERY,OLD HICKORY BLVD & GAUCHO ROAD PVTDR,NASHVILLE,TN,37221,6213,WEST,36.0543,-86.8997,POINT (-86.8997 36.0543)
20190391732,05/22/2019 04:50:00 PM,2,0,0,,N,299258,11,Front to Rear,21,CLEAR,1,DAYLIGHT,12,MOTOR VEHICLE IN TRANSPORT,I40 E ENT RAMP & I 65,NASHVILLE,TN,37208,44040,NORTH,36.1768,-86.8011,POINT (-86.8011 36.1768)
20190248960,03/31/2019 08:34:00 PM,2,0,0,,N,579971,11,Front to Rear,21,CLEAR,3,DARK - LIGHTED,12,MOTOR VEHICLE IN TRANSPORT,MM 62 8 I 24,ANTIOCH,TN,37013,8804,SOUTH,36.0118,-86.6175,POINT (-86.6175 36.0118)
20190247191,03/30/2019 11:20:00 PM,2,0,0,,N,311800,5,SIDESWIPE - SAME DIRECTION,22,CLOUDY,3,DARK - LIGHTED,12,MOTOR VEHICLE IN TRANSPORT,JAMES ROBERTSON PKWY & PUBLIC SQ,NASHVILLE,TN,37201,4163,CENTRA,36.1677,-86.7784,POINT (-86.7784 36.1677)
20190069727,01/27/2019 02:30:00 AM,1,2,0,,N,279212,0,NOT COLLISION W/MOTOR VEHICLE-TRANSPORT,21,CLEAR,3,DARK - LIGHTED,34,DITCH,HARDING PKE & VOSSLAND DR,NASHVILLE,TN,37205,4913,WEST,36.0963,-86.8776,POINT (-86.8776 36.0963)
20190039080,01/15/2019 07:40:00 PM,2,0,0,,N,206675,11,Front to Rear,21,CLEAR,3,DARK - LIGHTED,12,MOTOR VEHICLE IN TRANSPORT,CHARLOTTE AV & 28TH AVN,NASHVILLE,TN,37209,5341,MIDTOW,36.154,-86.8182,POINT (-86.8182 36.154)
20190579050,08/04/2019 08:07:00 AM,1,0,0,,Y,420059,0,NOT COLLISION W/MOTOR VEHICLE-TRANSPORT,21,CLEAR,1,DAYLIGHT,42,TREE,WHISPERING HILLS DR & MCMURRAY DR,NASHVILLE,TN,37211,8659,MIDTOW,36.0612,-86.7213,POINT (-86.7213 36.0612)
20190207483,03/17/2019 08:00:00 AM,2,1,0,,N,320575,4,ANGLE,21,CLEAR,1,DAYLIGHT,14,PARKED MOTOR VEHICLE,PICCADILLY ROW & BISHOPSGATE RD,NASHVILLE,TN,37217,8853,SOUTH,36.0784,-86.659,POINT (-86.659 36.0784)
20190304190,04/20/2019 10:07:00 AM,2,0,0,,N,352159,4,ANGLE,2,RAIN,1,DAYLIGHT,12,MOTOR VEHICLE IN TRANSPORT,12TH AVS & DIVISION ST,NASHVILLE,TN,37203,4015,CENTRA,36.1514,-86.7843,POINT (-86.7843 36.1514)
20190337096,05/02/2019 07:00:00 AM,2,0,0,,N,226622,11,Front to Rear,21,CLEAR,1,DAYLIGHT,12,MOTOR VEHICLE IN TRANSPORT,MM 205 5 I 40,NASHVILLE,TN,37209,52040,WEST,36.1549,-86.8305,POINT (-86.8305 36.1549)
20190555922,07/25/2019 12:00:00 AM,2,0,0,,Y,320580,5,SIDESWIPE - SAME DIRECTION,21,CLEAR,1,DAYLIGHT,12,MOTOR VEHICLE IN TRANSPORT,MM 211 6 I 40,NASHVILLE,TN,37210,82042,HERMIT,36.1508,-86.7502,POINT (-86.7502 36.1508)
20190323531,04/26/2019 09:20:00 PM,2,1,0,,N,716886,5,SIDESWIPE - SAME DIRECTION,21,CLEAR,3,DARK - LIGHTED,12,MOTOR VEHICLE IN TRANSPORT,KOREAN VETERANS BLVD & 4TH AVS,NASHVILLE,TN,37203,4055,CENTRA,36.1569,-86.7752,POINT (-86.7752 36.1569)
20190320053,04/25/2019 05:26:00 PM,1,1,0,,N,279211,0,NOT COLLISION W/MOTOR VEHICLE-TRANSPORT,22,CLOUDY,1,DAYLIGHT,9,,WESTCHESTER DR & BROOKWAY DR,NASHVILLE,TN,37207,2027,MADISO,36.2532,-86.7739,POINT (-86.7739 36.2532)
20190526743,07/14/2019 12:50:00 PM,2,2,0,,N,352161,11,Front to Rear,21,CLEAR,1,DAYLIGHT,12,MOTOR VEHICLE IN TRANSPORT,HAYWOOD LN & EZELL RD,NASHVILLE,TN,37211,8709,SOUTH,36.0696,-86.6944,POINT (-86.6944 36.0696)
20190105781,02/08/2019 12:04:00 PM,2,0,0,,Y,191578,5,SIDESWIPE - SAME DIRECTION,21,CLEAR,1,DAYLIGHT,12,MOTOR VEHICLE IN TRANSPORT,MM 212 6 I 40,NASHVILLE,TN,37210,90040,HERMIT,36.1439,-86.7382,POINT (-86.7382 36.1439)
20180125101,02/15/2019 09:20:00 AM,2,1,0,,N,676834,11,Front to Rear,22,CLOUDY,1,DAYLIGHT,12,MOTOR VEHICLE IN TRANSPORT,JEFFERSON ST & ROSA L PARKS BLVD,NASHVILLE,TN,37208,4239,NORTH,36.1733,-86.7914,POINT (-86.7914 36.1733)
20190391317,05/22/2019 01:56:00 PM,1,1,0,,N,572251,0,NOT COLLISION W/MOTOR VEHICLE-TRANSPORT,21,CLEAR,1,DAYLIGHT,1,,MM 92 6 I 65,MADISON,TN,37115,1704,MADISO,36.2702,-86.7364,POINT (-86.7364 36.2702)
20190380780,05/18/2019 02:47:00 PM,2,1,0,,N,311332,11,Front to Rear,21,CLEAR,1,DAYLIGHT,12,MOTOR VEHICLE IN TRANSPORT,CHARLOTTE PKE & LILLY VALLEY WAY,NASHVILLE,TN,37209,4701,WEST,36.1258,-86.9092,POINT (-86.9092 36.1258)
20190537129,07/18/2019 12:05:00 PM,2,0,0,,N,876581,4,ANGLE,22,CLOUDY,1,DAYLIGHT,12,MOTOR VEHICLE IN TRANSPORT,MYATT DR & MYATT DR PVTDR,MADISON,TN,37115,1721,MADISO,36.2947,-86.6973,POINT (-86.6973 36.2947)
20190512374,07/08/2019 03:07:00 PM,1,0,0,,N,267831,0,NOT COLLISION W/MOTOR VEHICLE-TRANSPORT,21,CLEAR,1,DAYLIGHT,18,OTHER OBJECT (NOT FIXED),MM 193 0 I 40,NASHVILLE,TN,37221,4804,WEST,36.0771,-87.0122,POINT (-87.0122 36.0771)
20190066857,01/25/2019 09:01:00 PM,1,0,0,,N,320599,0,NOT COLLISION W/MOTOR VEHICLE-TRANSPORT,21,CLEAR,3,DARK - LIGHTED,36,CONCRETE TRAFFIC BARRIER,I40 W EXT RAMP & I 40,NASHVILLE,TN,37203,4119,CENTRA,36.1574,-86.79,POINT (-86.79 36.1574)
20190105167,02/08/2019 07:26:00 AM,2,0,0,,N,279122,5,SIDESWIPE - SAME DIRECTION,21,CLEAR,1,DAYLIGHT,12,MOTOR VEHICLE IN TRANSPORT,CLARKSVILLE PKE & CLARKSVILLE PKE SB EXT,NASHVILLE,TN,37218,3219,NORTH,36.2312,-86.833,POINT (-86.833 36.2312)
20190032191,01/13/2019 08:52:00 AM,3,0,0,Y,N,110063,11,Front to Rear,2,RAIN,1,DAYLIGHT,12;24,MOTOR VEHICLE IN TRANSPORT;GUARDRAIL FACE,MM 88 6 I 65,NASHVILLE,TN,37207,3004,EAST,36.2251,-86.7745,POINT (-86.7745 36.2251)
20190362562,05/11/2019 11:15:00 PM,1,0,0,,N,330420,0,NOT COLLISION W/MOTOR VEHICLE-TRANSPORT,21,CLEAR,2,DARK - NOT LIGHTED,34,DITCH,ROBINSON RD & OLD HICKORY BUSINESS PARK,OLD HICKORY,TN,37138,9619,HERMIT,36.2666,-86.6655,POINT (-86.6655 36.2666)
20190436852,06/08/2019 03:36:00 PM,2,0,0,,N,420040,11,Front to Rear,22,CLOUDY,1,DAYLIGHT,12,MOTOR VEHICLE IN TRANSPORT,MM 1 7 I 440,NASHVILLE,TN,37209,5312,NORTH,36.1536,-86.8226,POINT (-86.8226 36.1536)
20190047196,01/17/2019 10:35:00 PM,1,0,0,,N,179602,0,NOT COLLISION W/MOTOR VEHICLE-TRANSPORT,2,RAIN,2,DARK - NOT LIGHTED,50,DEER (ANIMAL),WHITES CREEK PKE & LAWS RD,WHITES CREEK,TN,37189,3305,NORTH,36.2876,-86.8432,POINT (-86.8432 36.2876)
20190402846,05/26/2019 07:35:00 PM,1,0,0,Y,N,281611,0,NOT COLLISION W/MOTOR VEHICLE-TRANSPORT,21,CLEAR,1,DAYLIGHT,34,DITCH,SAWYER BROWN RD & WESTFIELD DR,NASHVILLE,TN,37221,4815,WEST,36.0842,-86.944,POINT (-86.944 36.0842)
20190498311,07/02/2019 10:50:00 AM,3,0,0,,N,109495,11,Front to Rear,21,CLEAR,1,DAYLIGHT,12,MOTOR VEHICLE IN TRANSPORT,WEDGEWOOD AV & ACKLEN AV,NASHVILLE,TN,37203,6905,MIDTOW,36.1343,-86.781,POINT (-86.781 36.1343)
20190073293,01/28/2019 01:24:00 PM,2,0,0,,N,405447,11,Front to Rear,22,CLOUDY,1,DAYLIGHT,12,MOTOR VEHICLE IN TRANSPORT,OLD HICKORY BLVD & HILL RD,NASHVILLE,TN,37220,8615,MIDTOW,36.0397,-86.7436,POINT (-86.7436 36.0397)
20190245467,03/30/2019 02:45:00 AM,2,0,0,,Y,320583,11,Front to Rear,21,CLEAR,3,DARK - LIGHTED,12,MOTOR VEHICLE IN TRANSPORT,CHURCH ST & 15TH AVN,NASHVILLE,TN,37203,5517,MIDTOW,36.1574,-86.7926,POINT (-86.7926 36.1574)
20190283932,04/13/2019 11:08:00 AM,2,1,0,Y,N,439917,16,Rear to Side,22,CLOUDY,1,DAYLIGHT,12;14;19,MOTOR VEHICLE IN TRANSPORT;PARKED MOTOR VEHICLE;BUILDING,1800 DR D B TODD JR BLVD,NASHVILLE,TN,37208,4413,NORTH,36.1801,-86.811,POINT (-86.811 36.1801)
20190094324,02/04/2019 04:55:00 PM,2,0,0,,N,633370,4,ANGLE,22,CLOUDY,1,DAYLIGHT,12,MOTOR VEHICLE IN TRANSPORT,BLUE HOLE RD & BELL RD,ANTIOCH,TN,37013,8721,SOUTH,36.0458,-86.6744,POINT (-86.6744 36.0458)
20190155532,02/26/2019 11:20:00 AM,3,1,0,,N,693093,2,HEAD-ON,21,CLEAR,1,DAYLIGHT,12,MOTOR VEHICLE IN TRANSPORT,OLD HICKORY BLVDW & I65 S ENT RAMP,MADISON,TN,37115,2041,MADISO,36.2649,-86.7381,POINT (-86.7381 36.2649)
20190574476,08/02/2019 11:01:00 AM,2,0,0,,N,191578,11,Front to Rear,21,CLEAR,1,DAYLIGHT,12,MOTOR VEHICLE IN TRANSPORT,MM 211 8 I 40,NASHVILLE,TN,37210,90022,HERMIT,36.149,-86.7465,POINT (-86.7465 36.149)
20190354161,05/08/2019 04:40:00 PM,2,0,0,,Y,352184,11,Front to Rear,21,CLEAR,1,DAYLIGHT,12,MOTOR VEHICLE IN TRANSPORT,MM 211 8 I 40,NASHVILLE,TN,37210,90022,HERMIT,36.149,-86.7465,POINT (-86.7465 36.149)
20190207930,03/17/2019 01:43:00 PM,4,1,0,,N,812949,11,Front to Rear,21,CLEAR,1,DAYLIGHT,12,MOTOR VEHICLE IN TRANSPORT,MM 86 9 I 65,NASHVILLE,TN,37207,3002,NORTH,36.2009,-86.7768,POINT (-86.7768 36.2009)
20190128666,02/16/2019 08:40:00 PM,2,0,0,,N,311328,5,SIDESWIPE - SAME DIRECTION,21,CLEAR,3,DARK - LIGHTED,14,PARKED MOTOR VEHICLE,2ND AVN & BROADWAY,NASHVILLE,TN,37201,4101,CENTRA,36.1623,-86.7755,POINT (-86.7755 36.1623)
20190074166,01/28/2019 07:48:00 PM,2,0,0,,Y,151132,5,SIDESWIPE - SAME DIRECTION,2,RAIN,3,DARK - LIGHTED,12,MOTOR VEHICLE IN TRANSPORT,STATE RT 45 & GALLATIN PKEN,MADISON,TN,37115,1701,MADISO,36.2631,-86.7119,POINT (-86.7119 36.2631)
20190204066,03/15/2019 07:12:00 PM,2,0,0,,Y,281611,11,Front to Rear,21,CLEAR,1,DAYLIGHT,12,MOTOR VEHICLE IN TRANSPORT,BELLEVUE CTR PVTDR & HIGHWAY 70S,NASHVILLE,TN,37221,4813,WEST,36.0787,-86.9507,POINT (-86.9507 36.0787)
20190272143,04/09/2019 07:35:00 AM,2,0,0,,N,222047,11,Front to Rear,21,CLEAR,1,DAYLIGHT,12,MOTOR VEHICLE IN TRANSPORT,FITZPATRICK RD & BLACKWOOD DR,NASHVILLE,TN,37214,8955,HERMIT,36.1509,-86.6315,POINT (-86.6315 36.1509)
20190385787,05/20/2019 06:51:00 PM,1,0,0,,Y,110092,9,UNKNOWN,21,CLEAR,1,DAYLIGHT,99,UNKNOWN MOST HARMFUL EVENT,I40 E EXT RAMP & I40 W ENT RAMP,HERMITAGE,TN,37076,9510,HERMIT,36.1772,-86.6052,POINT (-86.6052 36.1772)
20190490747,06/28/2019 11:30:00 PM,1,0,0,,Y,905011,0,NOT COLLISION W/MOTOR VEHICLE-TRANSPORT,21,CLEAR,2,DARK - NOT LIGHTED,33;34,CURB;DITCH,RICE RD & RURAL HILL RD,ANTIOCH,TN,37013,8861,SOUTH,36.0687,-86.6398,POINT (-86.6398 36.0687)
20190320601,04/25/2019 09:25:00 PM,2,0,0,,N,134871,5,SIDESWIPE - SAME DIRECTION,2,RAIN,3,DARK - LIGHTED,12,MOTOR VEHICLE IN TRANSPORT,MM 86 0 I 65,NASHVILLE,TN,37208,4304,CENTRA,36.1916,-86.7859,POINT (-86.7859 36.1916)
20190049779,01/19/2019 05:20:00 PM,2,2,0,,N,206964,4,ANGLE,22,CLOUDY,3,DARK - LIGHTED,12,MOTOR VEHICLE IN TRANSPORT,HICKORY WAY & LAVERGNE COUCHVILLE PKE,ANTIOCH,TN,37013,8903,SOUTH,36.0306,-86.5893,POINT (-86.5893 36.0306)
20190197367,03/13/2019 01:13:00 PM,2,0,0,,N,405447,11,Front to Rear,22,CLOUDY,1,DAYLIGHT,12,MOTOR VEHICLE IN TRANSPORT,OLD HICKORY BLVD & HIGHLAND WAY,NASHVILLE,TN,37211,8651,MIDTOW,36.0398,-86.7409,POINT (-86.7409 36.0398)
20190138122,02/20/2019 08:15:00 AM,2,0,0,,N,191578,11,Front to Rear,2,RAIN,1,DAYLIGHT,12,MOTOR VEHICLE IN TRANSPORT,I40 W EXT RAMP & I 40,NASHVILLE,TN,37203,4119,CENTRA,36.1574,-86.79,POINT (-86.79 36.1574)
20190482862,06/26/2019 11:46:00 AM,2,0,0,,N,191578,5,SIDESWIPE - SAME DIRECTION,21,CLEAR,1,DAYLIGHT,12;36,MOTOR VEHICLE IN TRANSPORT;CONCRETE TRAFFIC BARRIER,BRILEY PKWYN & BRILEY PKWYS,NASHVILLE,TN,37211,8404,SOUTH,36.1092,-86.727,POINT (-86.727 36.1092)