Accident Number,Date and Time,Number of Motor Vehicles,Number of Injuries,Number of Fatalities,Property Damage,Hit and Run,Reporting Officer,Collision Type Code,Collision Type Description,Weather Code,Weather Description,Illumination Code,Illumination Description,Harmful Code,Harmful Code Description,Street Address,City,State,ZIP,RPA,Precinct,Latitude,Longitude,Mapped Location
20190369188,05/14/2019 12:00:00 AM,2,0,0,,N,256424,11,Front to Rear,21,CLEAR,1,DAYLIGHT,12,MOTOR VEHICLE IN TRANSPORT,STEWARTS FERRY PKE & I40 E EXT RAMP,NASHVILLE,TN,37214,8955,HERMIT,36.1549,-86.6269,POINT (-86.6269 36.1549)
20190042431,01/16/2019 10:33:00 PM,2,0,0,,N,212321,5,SIDESWIPE - SAME DIRECTION,22,CLOUDY,3,DARK - LIGHTED,12,MOTOR VEHICLE IN TRANSPORT,I24 E ENT RAMP & I 24,NASHVILLE,TN,37213,1007,CENTRA,36.1662,-86.7659,POINT (-86.7659 36.1662)
20190240718,03/28/2019 01:41:00 PM,2,0,0,,N,225773,11,Front to Rear,21,CLEAR,1,DAYLIGHT,12,MOTOR VEHICLE IN TRANSPORT,BATTERY LN & SOPER AV,NASHVILLE,TN,37220,7103,MIDTOW,36.0882,-86.788,POINT (-86.788 36.0882)
20190292732,04/16/2019 12:00:00 AM,3,0,0,,Y,298868,11,Front to Rear,21,CLEAR,1,DAYLIGHT,14,PARKED MOTOR VEHICLE,PREMIER DR & THUNDERBIRD DR,NASHVILLE,TN,37209,5023,WEST,36.1438,-86.8814,POINT (-86.8814 36.1438)
20190475748,06/23/2019 08:51:00 PM,1,0,0,Y,Y,524985,0,NOT COLLISION W/MOTOR VEHICLE-TRANSPORT,2,RAIN,3,DARK - LIGHTED,30;64,UTILITY POLE;Ran Off Road-Left,EWINGDALE DR & GWYNNWOOD DR,NASHVILLE,TN,37207,3029,NORTH,36.2333,-86.7924,POINT (-86.7924 36.2333)
20190448992,06/13/2019 07:22:00 AM,2,1,0,,N,572251,5,SIDESWIPE - SAME DIRECTION,21,CLEAR,1,DAYLIGHT,12,MOTOR VEHICLE IN TRANSPORT,MM 90 8 I 65,MADISON,TN,37115,20044,MADISO,36.2462,-86.7451,POINT (-86.7451 36.2462)
20190507258,07/05/2019 07:36:00 PM,2,1,0,,N,151132,4,ANGLE,21,CLEAR,5,DUSK,12,MOTOR VEHICLE IN TRANSPORT,N DUPONT AV & MYATT DR,MADISON,TN,37115,1705,MADISO,36.2665,-86.6901,POINT (-86.6901 36.2665)
20190012185,01/05/2019 04:30:00 PM,2,1,0,,N,320577,4,ANGLE,21,CLEAR,5,DUSK,12,MOTOR VEHICLE IN TRANSPORT,OLD HICKORY BLVD & HIGHLAND WAY,NASHVILLE,TN,37211,8651,MIDTOW,36.0398,-86.7409,POINT (-86.7409 36.0398)
20190098853,02/06/2019 02:47:00 AM,2,1,0,,Y,284059,11,Front to Rear,21,CLEAR,3,DARK - LIGHTED,12;33;42,MOTOR VEHICLE IN TRANSPORT;CURB;TREE,CLARKSVILLE PKE & KINGS LN,NASHVILLE,TN,37218,3141,NORTH,36.2167,-86.8375,POINT (-86.8375 36.2167)
20190027282,01/11/2019 08:55:00 AM,4,1,0,,N,420035,11,Front to Rear,21,CLEAR,1,DAYLIGHT,12,MOTOR VEHICLE IN TRANSPORT,GALLATIN PKES & E OLD HICKORY BLVD,MADISON,TN,37115,1771,MADISO,36.2622,-86.7122,POINT (-86.7122 36.2622)
20190270270,04/08/2019 01:55:00 PM,2,0,0,,N,420040,5,SIDESWIPE - SAME DIRECTION,2,RAIN,1,DAYLIGHT,12,MOTOR VEHICLE IN TRANSPORT,CHURCH ST & 18TH AVN,NASHVILLE,TN,37203,5521,MIDTOW,36.155,-86.7975,POINT (-86.7975 36.155)
20190071012,01/27/2019 05:30:00 PM,3,0,0,,Y,256417,11,Front to Rear,21,CLEAR,1,DAYLIGHT,12,MOTOR VEHICLE IN TRANSPORT,OLD HICKORY BLVD & LEBANON PKE,OLD HICKORY,TN,37138,9739,HERMIT,36.0875,-86.6922,POINT (-86.6922 36.0875)
20190047296,01/18/2019 02:55:00 PM,2,0,0,,N,909486,4,ANGLE,22,CLOUDY,1,DAYLIGHT,12,MOTOR VEHICLE IN TRANSPORT,HARDING PL & MILNER DR,NASHVILLE,TN,37211,8609,MIDTOW,36.0781,-86.7307,POINT (-86.7307 36.0781)
20190085788,02/01/2019 07:34:00 AM,2,0,0,Y,N,306708,4,ANGLE,22,CLOUDY,1,DAYLIGHT,12,MOTOR VEHICLE IN TRANSPORT,STRATTON AV & N 12TH ST,NASHVILLE,TN,37206,1243,EAST,36.1825,-86.7469,POINT (-86.7469 36.1825)
20190562125,07/28/2019 03:00:00 PM,2,1,0,,N,579971,4,ANGLE,21,CLEAR,1,DAYLIGHT,12,MOTOR VEHICLE IN TRANSPORT,MURFREESBORO PKE & FOREST VIEW DR,ANTIOCH,TN,37013,8865,SOUTH,36.0674,-86.6313,POINT (-86.6313 36.0674)
20190165563,03/01/2019 11:00:00 PM,2,0,0,,N,330414,5,SIDESWIPE - SAME DIRECTION,21,CLEAR,2,DARK - NOT LIGHTED,12,MOTOR VEHICLE IN TRANSPORT,COMMERCE ST & 6TH AVN,NASHVILLE,TN,37203,4109,CENTRA,36.1613,-86.7806,POINT (-86.7806 36.1613)
20190228367,03/24/2019 01:12:00 PM,2,1,0,,N,630627,4,ANGLE,22,CLOUDY,1,DAYLIGHT,12,MOTOR VEHICLE IN TRANSPORT,HILLSBORO PKE & I440 E ENT RAMP,NASHVILLE,TN,37215,6419,MIDTOW,36.1216,-86.8074,POINT (-86.8074 36.1216)
20190541339,07/20/2019 12:03:00 AM,2,1,0,,N,330416,5,SIDESWIPE - SAME DIRECTION,21,CLEAR,3,DARK - LIGHTED,12,MOTOR VEHICLE IN TRANSPORT,GALLATIN PKES & DUE WEST AVW,MADISON,TN,37115,1519,MADISO,36.2475,-86.7207,POINT (-86.7207 36.2475)
20190436927,06/08/2019 04:27:00 PM,1,0,0,Y,N,256446,0,NOT COLLISION W/MOTOR VEHICLE-TRANSPORT,21,CLEAR,1,DAYLIGHT,43,OTHER FIXED OBJECTS,MOUNTAINHIGH DR & CHIMNEYTOP DR,ANTIOCH,TN,37013,8753,SOUTH,36.0383,-86.6631,POINT (-86.6631 36.0383)
20190262754,04/05/2019 12:39:00 PM,2,0,0,,N,525538,4,ANGLE,21,CLEAR,1,DAYLIGHT,14,PARKED MOTOR VEHICLE,20TH AVS & ACKLEN AV,NASHVILLE,TN,37212,6607,MIDTOW,36.1356,-86.7996,POINT (-86.7996 36.1356)
20190177254,03/06/2019 07:15:00 AM,2,0,0,,N,330411,5,SIDESWIPE - SAME DIRECTION,21,CLEAR,1,DAYLIGHT,12,MOTOR VEHICLE IN TRANSPORT,14TH AVS & BROADWAY,NASHVILLE,TN,37203,5701,MIDTOW,36.1557,-86.7897,POINT (-86.7897 36.1557)
20190423196,06/03/2019 03:20:00 PM,3,0,0,,N,311798,11,Front to Rear,21,CLEAR,1,DAYLIGHT,12,MOTOR VEHICLE IN TRANSPORT,28TH AVN & HERMAN ST,NASHVILLE,TN,37208,5309,NORTH,36.1616,-86.8192,POINT (-86.8192 36.1616)
20190161811,02/28/2019 02:05:00 PM,2,0,0,,N,807326,11,Front to Rear,22,CLOUDY,1,DAYLIGHT,12,MOTOR VEHICLE IN TRANSPORT,4TH AVS & KOREAN VETERANS BLVD,NASHVILLE,TN,37201,4047,CENTRA,36.1569,-86.7745,POINT (-86.7745 36.1569)
20190163074,03/01/2019 01:40:00 AM,2,0,0,,Y,279198,5,SIDESWIPE - SAME DIRECTION,21,CLEAR,3,DARK - LIGHTED,12,MOTOR VEHICLE IN TRANSPORT,MM 48 3 I 24,NASHVILLE,TN,37213,11080,CENTRA,36.1722,-86.7689,POINT (-86.7689 36.1722)
20190426525,06/04/2019 05:58:00 PM,2,0,0,,N,256389,4,ANGLE,21,CLEAR,1,DAYLIGHT,12,MOTOR VEHICLE IN TRANSPORT,CLOVERLAND DR & JONES PKWY,BRENTWOOD,TN,37027,8623,MIDTOW,36.0326,-86.7687,POINT (-86.7687 36.0326)
20190059667,01/23/2019 01:00:00 PM,2,0,0,,Y,665896,5,SIDESWIPE - SAME DIRECTION,2,RAIN,1,DAYLIGHT,12,MOTOR VEHICLE IN TRANSPORT,MM 211 2 I 40,NASHVILLE,TN,37210,8008,HERMIT,36.1535,-86.7564,POINT (-86.7564 36.1535)
20190244227,03/29/2019 03:55:00 PM,1,0,0,Y,N,206675,0,NOT COLLISION W/MOTOR VEHICLE-TRANSPORT,21,CLEAR,1,DAYLIGHT,43,OTHER FIXED OBJECTS,BURTON HILLS BLVD & HILLSBORO PKE,NASHVILLE,TN,37215,6403,MIDTOW,36.0956,-86.8254,POINT (-86.8254 36.0956)
20190281783,04/12/2019 01:50:00 PM,2,0,0,,N,267831,4,ANGLE,22,CLOUDY,1,DAYLIGHT,12,MOTOR VEHICLE IN TRANSPORT,OLD HICKORY BLVD & BELLEVUE VALLEY PLAZA,NASHVILLE,TN,37221,4901,WEST,36.0734,-86.9207,POINT (-86.9207 36.0734)
20190579512,08/04/2019 02:32:00 PM,2,0,0,,N,206964,11,Front to Rear,2,RAIN,1,DAYLIGHT,12,MOTOR VEHICLE IN TRANSPORT,MM 55 7 I 24,NASHVILLE,TN,37211,86020,SOUTH,36.086,-86.7002,POINT (-86.7002 36.086)
20190483503,06/26/2019 04:18:00 PM,2,1,0,,N,256380,11,Front to Rear,21,CLEAR,1,DAYLIGHT,12,MOTOR VEHICLE IN TRANSPORT,CLARKSVILLE PKE & CLIFF DR,NASHVILLE,TN,37218,3157,NORTH,36.1923,-86.8291,POINT (-86.8291 36.1923)
20190066128,01/25/2019 01:30:00 PM,2,0,0,,Y,311327,4,ANGLE,21,CLEAR,1,DAYLIGHT,14;55,PARKED MOTOR VEHICLE;Motor Vehicle-In-Motion Outside Trafficw,DICKERSON PKE & HANCOCK ST,NASHVILLE,TN,37207,1963,EAST,36.1843,-86.7737,POINT (-86.7737 36.1843)
20190415612,05/31/2019 08:45:00 AM,2,0,0,,N,179580,5,SIDESWIPE - SAME DIRECTION,21,CLEAR,1,DAYLIGHT,12,MOTOR VEHICLE IN TRANSPORT,14TH AVN & JEFFERSON ST,NASHVILLE,TN,37208,5415,NORTH,36.1707,-86.8013,POINT (-86.8013 36.1707)
20190260516,04/04/2019 02:51:00 PM,2,0,0,,Y,212346,11,Front to Rear,22,CLOUDY,1,DAYLIGHT,12,MOTOR VEHICLE IN TRANSPORT,MM 85 0 I 65,NASHVILLE,TN,37208,43021,NORTH,36.1799,-86.8005,POINT (-86.8005 36.1799)
20190520496,07/11/2019 06:01:00 PM,2,0,0,,N,197435,4,ANGLE,21,CLEAR,1,DAYLIGHT,12,MOTOR VEHICLE IN TRANSPORT,HART LN & JONES AV,NASHVILLE,TN,37207,1887,EAST,36.2206,-86.7542,POINT (-86.7542 36.2206)
20190406837,05/28/2019 10:33:00 AM,2,1,0,,N,137872,4,ANGLE,21,CLEAR,1,DAYLIGHT,12,MOTOR VEHICLE IN TRANSPORT,MURFREESBORO PKE & EXPRESSWAY PARK DR,NASHVILLE,TN,37210,8133,SOUTH,36.146,-86.7539,POINT (-86.7539 36.146)
20190548011,07/22/2019 11:35:00 PM,2,0,0,,N,279198,4,ANGLE,21,CLEAR,3,DARK - LIGHTED,12,MOTOR VEHICLE IN TRANSPORT,MAIN ST & N 10TH ST,NASHVILLE,TN,37206,1131,EAST,36.1782,-86.7517,POINT (-86.7517 36.1782)
20190086040,02/01/2019 09:28:00 AM,2,0,0,,N,834798,11,Front to Rear,21,CLEAR,1,DAYLIGHT,12,MOTOR VEHICLE IN TRANSPORT,I440 ENT RAMP & I 65,NASHVILLE,TN,37204,7018,MIDTOW,36.1117,-86.7713,POINT (-86.7713 36.1117)
20190357198,05/09/2019 05:14:00 PM,2,0,0,,Y,256383,11,Front to Rear,22,CLOUDY,1,DAYLIGHT,12,MOTOR VEHICLE IN TRANSPORT,MM 51 4 I 24,NASHVILLE,TN,37210,82061,HERMIT,36.1388,-86.7284,POINT (-86.7284 36.1388)
20190122920,02/14/2019 03:27:00 PM,2,1,0,,N,240985,11,Front to Rear,21,CLEAR,1,DAYLIGHT,12,MOTOR VEHICLE IN TRANSPORT,CHURCH STE & ANNABEL LN,BRENTWOOD,TN,37027,8623,MIDTOW,36.0328,-86.771,POINT (-86.771 36.0328)
20190257829,04/03/2019 05:56:00 PM,2,0,0,,Y,256383,11,Front to Rear,21,CLEAR,1,DAYLIGHT,12,MOTOR VEHICLE IN TRANSPORT,MM 52 0 I 24,NASHVILLE,TN,37217,8816,SOUTH,36.1329,-86.7267,POINT (-86.7267 36.1329)
20190384339,05/20/2019 07:46:00 AM,2,0,0,,N,755026,11,Front to Rear,21,CLEAR,1,DAYLIGHT,12,MOTOR VEHICLE IN TRANSPORT,HARDING PL & I24 W ENT RAMP,NASHVILLE,TN,37211,8889,SOUTH,36.0868,-86.6977,POINT (-86.6977 36.0868)
20190224567,03/22/2019 08:05:00 PM,2,0,0,,Y,320582,11,Front to Rear,21,CLEAR,3,DARK - LIGHTED,12,MOTOR VEHICLE IN TRANSPORT,MM 49 0 I 24,NASHVILLE,TN,37206,10040,EAST,36.1664,-86.7647,POINT (-86.7647 36.1664)
20190303948,04/20/2019 12:00:00 AM,1,0,0,Y,Y,620067,0,NOT COLLISION W/MOTOR VEHICLE-TRANSPORT,99,UNKNOWN,3,DARK - LIGHTED,47,FIRE HYDRANT,BELL CREST DR & BELL RD,ANTIOCH,TN,37013,8865,SOUTH,36.0633,-86.6374,POINT (-86.6374 36.0633)
20190545075,07/21/2019 07:44:00 PM,2,0,0,,N,256426,5,SIDESWIPE - SAME DIRECTION,21,CLEAR,5,DUSK,12,MOTOR VEHICLE IN TRANSPORT,MM 213 0 I 40,NASHVILLE,TN,37210,8219,HERMIT,36.1407,-86.7323,POINT (-86.7323 36.1407)
20190337831,05/02/2019 12:12:00 PM,2,0,0,,N,110063,11,Front to Rear,2,RAIN,1,DAYLIGHT,12,MOTOR VEHICLE IN TRANSPORT,MM 87 8 I 65,NASHVILLE,TN,37207,1804,EAST,36.2138,-86.7754,POINT (-86.7754 36.2138)
20190089624,02/02/2019 05:44:00 PM,3,5,1,,N,299241,4,ANGLE,21,CLEAR,3,DARK - LIGHTED,12,MOTOR VEHICLE IN TRANSPORT,BRILEY PKWYS & BRILEY PKWY S ENT RAMP,NASHVILLE,TN,37211,88962,SOUTH,36.1103,-86.7197,POINT (-86.7197 36.1103)
20190055751,01/22/2019 06:36:00 AM,2,1,0,,N,279110,2,HEAD-ON,21,CLEAR,1,DAYLIGHT,12,MOTOR VEHICLE IN TRANSPORT,CROSSINGS BLVD & MT VIEW RD,ANTIOCH,TN,37013,8863,SOUTH,36.0455,-86.6473,POINT (-86.6473 36.0455)
20190153312,02/25/2019 06:57:00 PM,2,0,0,,N,320597,11,Front to Rear,21,CLEAR,3,DARK - LIGHTED,12,MOTOR VEHICLE IN TRANSPORT,MURFREESBORO PKE & BRITISH WOODS DR,NASHVILLE,TN,37217,8853,SOUTH,36.0914,-86.6514,POINT (-86.6514 36.0914)
20190348581,05/06/2019 12:00:00 AM,2,1,0,,N,212344,11,Front to Rear,21,CLEAR,3,DARK - LIGHTED,12,MOTOR VEHICLE IN TRANSPORT,DICKERSON PKE & CLEVELAND ST,NASHVILLE,TN,37207,1919,EAST,36.1875,-86.7734,POINT (-86.7734 36.1875)
20190332272,04/30/2019 02:20:00 PM,2,0,0,,N,206675,4,ANGLE,21,CLEAR,1,DAYLIGHT,12,MOTOR VEHICLE IN TRANSPORT,MELROSE AV & GRANDVIEW AV,NASHVILLE,TN,37211,8343,MIDTOW,36.1205,-86.7504,POINT (-86.7504 36.1205)
20190133033,02/18/2019 04:51:00 PM,2,2,0,,N,256379,11,Front to Rear,21,CLEAR,5,DUSK,12,MOTOR VEHICLE IN TRANSPORT,MM 54 6 I 24,NASHVILLE,TN,37211,84021,SOUTH,36.0994,-86.7109,POINT (-86.7109 36.0994)
20190090030,02/02/2019 09:46:00 PM,2,0,0,,Y,299267,4,ANGLE,21,CLEAR,2,DARK - NOT LIGHTED,12,MOTOR VEHICLE IN TRANSPORT,WHISPERING HILLS DR & LEWISDALE CT,NASHVILLE,TN,37211,8659,MIDTOW,36.0642,-86.7248,POINT (-86.7248 36.0642)
20190516719,07/10/2019 08:44:00 AM,2,0,0,,N,226622,11,Front to Rear,21,CLEAR,1,DAYLIGHT,12,MOTOR VEHICLE IN TRANSPORT,CHARLOTTE AV & 48TH AVN,NASHVILLE,TN,37209,5127,WEST,36.1521,-86.8449,POINT (-86.8449 36.1521)
20190245057,03/29/2019 11:07:00 PM,2,0,0,,Y,311336,4,ANGLE,21,CLEAR,3,DARK - LIGHTED,12,MOTOR VEHICLE IN TRANSPORT,GALLATIN PKE & E TRINITY LN,NASHVILLE,TN,37216,1837,EAST,36.205,-86.7376,POINT (-86.7376 36.205)
20190057734,01/22/2019 07:50:00 PM,2,0,0,,N,330419,4,ANGLE,21,CLEAR,3,DARK - LIGHTED,12,MOTOR VEHICLE IN TRANSPORT,HIGHWAY 70S & OLD HARDING PKE,NASHVILLE,TN,37221,4901,WEST,36.0743,-86.9215,POINT (-86.9215 36.0743)
20190254638,04/02/2019 05:30:00 PM,2,0,0,,N,256448,11,Front to Rear,21,CLEAR,1,DAYLIGHT,12,MOTOR VEHICLE IN TRANSPORT,LEBANON PKE & EDDINGS LN,NASHVILLE,TN,37214,9401,HERMIT,36.1672,-86.6619,POINT (-86.6619 36.1672)
20190453358,06/14/2019 05:31:00 PM,3,0,0,,N,151132,11,Front to Rear,21,CLEAR,1,DAYLIGHT,12,MOTOR VEHICLE IN TRANSPORT,MM 92 1 I 65,MADISON,TN,37115,17280,MADISO,36.263,-86.7378,POINT (-86.7378 36.263)
20190126203,02/15/2019 06:16:00 PM,3,0,0,,N,163667,11,Front to Rear,2,RAIN,3,DARK - LIGHTED,12,MOTOR VEHICLE IN TRANSPORT,MM 79 7 I 65,NASHVILLE,TN,37204,8504,MIDTOW,36.1092,-86.7698,POINT (-86.7698 36.1092)
20190024986,01/10/2019 01:28:00 PM,2,2,0,Y,N,226136,4,ANGLE,21,CLEAR,1,DAYLIGHT,12,MOTOR VEHICLE IN TRANSPORT,WEST END AV & 32ND AVS,NASHVILLE,TN,37212,5817,MIDTOW,36.1421,-86.8161,POINT (-86.8161 36.1421)
20190159215,02/26/2019 09:58:00 PM,2,0,0,,Y,256446,4,ANGLE,21,CLEAR,2,DARK - NOT LIGHTED,14,PARKED MOTOR VEHICLE,WICKSON AV & GLENROSE AV,NASHVILLE,TN,37210,8101,SOUTH,36.1246,-86.7471,POINT (-86.7471 36.1246)
20190094029,02/04/2019 03:05:00 PM,2,0,0,,N,151132,5,SIDESWIPE - SAME DIRECTION,22,CLOUDY,1,DAYLIGHT,12,MOTOR VEHICLE IN TRANSPORT,DUE WEST AVW & FREDA VILLA,MADISON,TN,37115,1789,MADISO,36.2483,-86.7245,POINT (-86.7245 36.2483)
20190394678,05/23/2019 03:19:00 PM,2,0,0,,N,330444,0,NOT COLLISION W/MOTOR VEHICLE-TRANSPORT,21,CLEAR,1,DAYLIGHT,16,THROWN OR FALLING OBJECT,MM 78 4 I 65,NASHVILLE,TN,37204,8502,MIDTOW,36.0916,-86.7624,POINT (-86.7624 36.0916)
20190035751,01/14/2019 06:19:00 PM,2,0,0,,N,279124,11,Front to Rear,21,CLEAR,3,DARK - LIGHTED,12,MOTOR VEHICLE IN TRANSPORT,MM 53 2 I 24,NASHVILLE,TN,37210,83020,SOUTH,36.116,-86.7253,POINT (-86.7253 36.116)
20190452760,06/14/2019 01:15:00 PM,2,0,0,,N,571328,5,SIDESWIPE - SAME DIRECTION,21,CLEAR,1,DAYLIGHT,12,MOTOR VEHICLE IN TRANSPORT,GALLATIN AV & CHESTER AV,NASHVILLE,TN,37206,1331,EAST,36.1955,-86.7429,POINT (-86.7429 36.1955)
20190309548,04/22/2019 03:40:00 PM,2,0,0,,N,267831,5,SIDESWIPE - SAME DIRECTION,21,CLEAR,1,DAYLIGHT,12,MOTOR VEHICLE IN TRANSPORT,WHITE BRIDGE PKE & TN TECHNOLOGY CTR PVT,NASHVILLE,TN,37209,5107,WEST,36.1311,-86.857,POINT (-86.857 36.1311)
20190423281,06/03/2019 12:00:00 AM,2,0,0,,Y,279214,11,Front to Rear,21,CLEAR,1,DAYLIGHT,14,PARKED MOTOR VEHICLE,9TH AVS & MONTROSE AV,NASHVILLE,TN,37204,6953,MIDTOW,36.123,-86.7837,POINT (-86.7837 36.123)
20190205919,03/16/2019 03:15:00 PM,2,0,0,,N,240979,11,Front to Rear,21,CLEAR,1,DAYLIGHT,12,MOTOR VEHICLE IN TRANSPORT,DICKERSON PKE & DICKERSON PKE ENT RAMP,MADISON,TN,37115,2009,MADISO,36.242,-86.7571,POINT (-86.7571 36.242)
20190114048,02/11/2019 11:12:00 PM,1,0,0,Y,N,320602,0,NOT COLLISION W/MOTOR VEHICLE-TRANSPORT,2,RAIN,3,DARK - LIGHTED,43,OTHER FIXED OBJECTS,0 OLD HICKORY BLVD,HERMITAGE,TN,37076,9557,HERMIT,36.182,-86.6069,POINT (-86.6069 36.182)
20190145096,02/22/2019 12:51:00 PM,2,0,0,,N,110063,11,Front to Rear,2,RAIN,1,DAYLIGHT,12,MOTOR VEHICLE IN TRANSPORT,MM 87 0 I 65,NASHVILLE,TN,37207,18020,EAST,36.2018,-86.7766,POINT (-86.7766 36.2018)
20190342772,05/04/2019 10:23:00 AM,2,1,0,,N,212369,4,ANGLE,2,RAIN,1,DAYLIGHT,12,MOTOR VEHICLE IN TRANSPORT,BLACKMAN RD & DANBY DR,NASHVILLE,TN,37211,8611,MIDTOW,36.0745,-86.746,POINT (-86.746 36.0745)
20190573388,08/01/2019 07:00:00 PM,2,0,0,,Y,226054,4,ANGLE,21,CLEAR,5,DUSK,14,PARKED MOTOR VEHICLE,HIGHWAY 70S & SAWYER BROWN RD,NASHVILLE,TN,37221,4815,WEST,36.0769,-86.9452,POINT (-86.9452 36.0769)
20190364288,05/12/2019 12:00:00 AM,2,1,0,,Y,197054,4,ANGLE,21,CLEAR,2,DARK - NOT LIGHTED,12,MOTOR VEHICLE IN TRANSPORT,GOODBAR DR & MASSMAN DR,NASHVILLE,TN,37217,8819,HERMIT,36.1302,-86.7002,POINT (-86.7002 36.1302)
20190555750,07/25/2019 05:59:00 PM,2,0,0,,N,197054,16,Rear to Side,21,CLEAR,1,DAYLIGHT,12,MOTOR VEHICLE IN TRANSPORT,THOMPSON PL & MURFREESBORO PKE,NASHVILLE,TN,37217,8821,HERMIT,36.1267,-86.711,POINT (-86.711 36.1267)
20190143285,02/21/2019 11:22:00 PM,2,0,0,,N,298871,5,SIDESWIPE - SAME DIRECTION,2,RAIN,3,DARK - LIGHTED,12,MOTOR VEHICLE IN TRANSPORT,DIVISION ST & MUSIC SQE,NASHVILLE,TN,37203,6719,MIDTOW,36.1519,-86.7914,POINT (-86.7914 36.1519)
20190332926,04/30/2019 07:37:00 PM,2,1,0,,N,565785,11,Front to Rear,21,CLEAR,3,DARK - LIGHTED,12,MOTOR VEHICLE IN TRANSPORT,I65 S EXT RAMP & I 65,MADISON,TN,37115,20044,MADISO,36.2481,-86.743,POINT (-86.743 36.2481)
20190253559,04/02/2019 12:00:00 AM,1,0,0,Y,Y,716886,0,NOT COLLISION W/MOTOR VEHICLE-TRANSPORT,21,CLEAR,1,DAYLIGHT,43,OTHER FIXED OBJECTS,TWIN OAKS PVTDR & ANTIOCH PKE,NASHVILLE,TN,37211,8409,SOUTH,36.1009,-86.7187,POINT (-86.7187 36.1009)
20190472887,06/22/2019 04:00:00 AM,1,0,0,,N,429188,0,NOT COLLISION W/MOTOR VEHICLE-TRANSPORT,22,CLOUDY,2,DARK - NOT LIGHTED,42,TREE,OLD HICKORY BLVD & LAVERGNE COUCHVILLE P,ANTIOCH,TN,37013,8969,SOUTH,36.0428,-86.5873,POINT (-86.5873 36.0428)
20190434311,06/07/2019 01:26:00 PM,2,0,0,,N,191578,5,SIDESWIPE - SAME DIRECTION,22,CLOUDY,1,DAYLIGHT,12,MOTOR VEHICLE IN TRANSPORT,LEBANON PKE & HICKORY HILL LN,HERMITAGE,TN,37076,9531,HERMIT,36.1889,-86.6283,POINT (-86.6283 36.1889)
20190420357,06/02/2019 09:33:00 AM,3,0,0,,Y,311325,4,ANGLE,21,CLEAR,1,DAYLIGHT,12,MOTOR VEHICLE IN TRANSPORT,MM 210 7 I 40,NASHVILLE,TN,37210,8202,HERMIT,36.1532,-86.7644,POINT (-86.7644 36.1532)
20190097868,02/05/2019 07:12:00 PM,1,0,0,,N,256422,0,NOT COLLISION W/MOTOR VEHICLE-TRANSPORT,21,CLEAR,2,DARK - NOT LIGHTED,24,GUARDRAIL FACE,MM 36 1 I 24,WHITES CREEK,TN,37189,2212,NORTH,36.32,-86.8473,POINT (-86.8473 36.32)
20190335702,05/01/2019 05:35:00 PM,2,1,0,,N,240957,4,ANGLE,22,CLOUDY,1,DAYLIGHT,12,MOTOR VEHICLE IN TRANSPORT,OLD HICKORY BLVD & BRENTWOOD EAST DR,NASHVILLE,TN,37211,8651,MIDTOW,36.0452,-86.7154,POINT (-86.7154 36.0452)
20190486841,06/27/2019 08:00:00 PM,1,0,0,,N,279224,0,NOT COLLISION W/MOTOR VEHICLE-TRANSPORT,2,RAIN,3,DARK - LIGHTED,36,CONCRETE TRAFFIC BARRIER,MM 49 2 I 24,NASHVILLE,TN,37213,1002,CENTRA,36.1637,-86.7625,POINT (-86.7625 36.1637)
20190483647,06/26/2019 03:46:00 PM,2,0,0,,Y,311337,11,Front to Rear,21,CLEAR,1,DAYLIGHT,12,MOTOR VEHICLE IN TRANSPORT,OLD HICKORY BLVD & 22ND ST,OLD HICKORY,TN,37138,9607,HERMIT,36.2481,-86.6421,POINT (-86.6421 36.2481)
20190549328,07/23/2019 11:40:00 AM,2,1,0,,N,267831,4,ANGLE,22,CLOUDY,1,DAYLIGHT,12,MOTOR VEHICLE IN TRANSPORT,50TH AVN & PARK AV,NASHVILLE,TN,37209,5131,WEST,36.1509,-86.8471,POINT (-86.8471 36.1509)
20190573258,08/01/2019 10:50:00 PM,2,0,0,,N,311336,11,Front to Rear,21,CLEAR,3,DARK - LIGHTED,12,MOTOR VEHICLE IN TRANSPORT,DICKERSON PKE & I65 N ENT RAMP,NASHVILLE,TN,37216,1805,EAST,36.2361,-86.7582,POINT (-86.7582 36.2361)
20190203553,03/15/2019 03:31:00 PM,2,0,0,,N,256439,11,Front to Rear,21,CLEAR,1,DAYLIGHT,12,MOTOR VEHICLE IN TRANSPORT,MM 215 6 I 40,NASHVILLE,TN,37214,9102,HERMIT,36.1431,-86.6845,POINT (-86.6845 36.1431)
20190203797,03/15/2019 04:44:00 PM,2,0,0,,N,256439,4,ANGLE,21,CLEAR,1,DAYLIGHT,12,MOTOR VEHICLE IN TRANSPORT,ELM HILL PKE & SANBORN DR,NASHVILLE,TN,37210,9041,HERMIT,36.1508,-86.6927,POINT (-86.6927 36.1508)
20190284902,04/13/2019 08:40:00 PM,2,0,0,,N,320580,5,SIDESWIPE - SAME DIRECTION,2,RAIN,3,DARK - LIGHTED,12,MOTOR VEHICLE IN TRANSPORT,DONELSON PKE & I40 E ENT RAMP,NASHVILLE,TN,37214,8953,HERMIT,36.1396,-86.6662,POINT (-86.6662 36.1396)