Accident Number,Date and Time,Number of Motor Vehicles,Number of Injuries,Number of Fatalities,Property Damage,Hit and Run,Reporting Officer,Collision Type Code,Collision Type Description,Weather Code,Weather Description,Illumination Code,Illumination Description,Harmful Code,Harmful Code Description,Street Address,City,State,ZIP,RPA,Precinct,Latitude,Longitude,Mapped Location
20190579409,08/02/2019 11:00:00 PM,2,0,0,,Y,311799,16,Rear to Side,99,UNKNOWN,3,DARK - LIGHTED,14,PARKED MOTOR VEHICLE,TEMPANY CT & TUCKAHOE DR,NASHVILLE,TN,37207,2035,MADISO,36.2563,-86.7627,POINT (-86.7627 36.2563)
20190065170,01/24/2019 06:00:00 PM,1,1,0,,N,876573,0,NOT COLLISION W/MOTOR VEHICLE-TRANSPORT,21,CLEAR,2,DARK - NOT LIGHTED,7,,POWELL AV & OLD POWELL AV,NASHVILLE,TN,37204,8525,MIDTOW,36.1109,-86.7672,POINT (-86.7672 36.1109)
20190141010,02/21/2019 06:40:00 AM,2,0,0,,N,716886,5,SIDESWIPE - SAME DIRECTION,21,CLEAR,1,DAYLIGHT,12,MOTOR VEHICLE IN TRANSPORT,MM 7 1 I 440,NASHVILLE,TN,37210,8104,SOUTH,36.1249,-86.7355,POINT (-86.7355 36.1249)
20190243713,03/29/2019 12:20:00 PM,2,2,0,,N,330431,11,Front to Rear,22,CLOUDY,1,DAYLIGHT,12,MOTOR VEHICLE IN TRANSPORT,HOBSON PKE & BAKERS GROVE LN,HERMITAGE,TN,37076,8921,SOUTH,36.1032,-86.5516,POINT (-86.5516 36.1032)
20190118804,02/13/2019 08:45:00 AM,2,0,0,,N,226622,4,ANGLE,21,CLEAR,1,DAYLIGHT,12,MOTOR VEHICLE IN TRANSPORT,CRESTMOOR RD & HILLSBORO PKE,NASHVILLE,TN,37215,6107,WEST,36.1093,-86.8129,POINT (-86.8129 36.1093)
20190524111,07/13/2019 03:55:00 AM,2,0,0,,N,169414,6,SIDESWIPE - OPPOSITE DIRECTION,21,CLEAR,2,DARK - NOT LIGHTED,14,PARKED MOTOR VEHICLE,BARNES COVE DR & BARNES COVE CT,ANTIOCH,TN,37013,8759,SOUTH,36.0269,-86.703,POINT (-86.703 36.0269)
20190112437,02/11/2019 09:53:00 AM,3,0,0,,N,591936,11,Front to Rear,21,CLEAR,1,DAYLIGHT,12,MOTOR VEHICLE IN TRANSPORT,LOMBARDY AV & HILLSBORO PKE,NASHVILLE,TN,,6001,WEST,,,
20190407278,05/28/2019 01:49:00 PM,2,1,0,,N,226136,4,ANGLE,22,CLOUDY,1,DAYLIGHT,12,MOTOR VEHICLE IN TRANSPORT,WEDGEWOOD AV & BEECH AV,NASHVILLE,TN,37204,6919,MIDTOW,36.1343,-86.7806,POINT (-86.7806 36.1343)
20190390361,05/22/2019 06:49:00 AM,2,0,0,,N,716886,6,SIDESWIPE - OPPOSITE DIRECTION,21,CLEAR,1,DAYLIGHT,12,MOTOR VEHICLE IN TRANSPORT,OLD HICKORY BLVD & I24 W EXT RAMP,ANTIOCH,TN,37013,8869,SOUTH,36.0158,-86.6201,POINT (-86.6201 36.0158)
20190564634,07/29/2019 03:54:00 PM,2,0,0,,N,169425,11,Front to Rear,21,CLEAR,1,DAYLIGHT,12,MOTOR VEHICLE IN TRANSPORT,WOODMONT BLVD & LEALAND LN,NASHVILLE,TN,37204,7007,MIDTOW,36.1111,-86.7884,POINT (-86.7884 36.1111)
20190306619,04/21/2019 02:44:00 PM,1,1,0,,N,299267,0,NOT COLLISION W/MOTOR VEHICLE-TRANSPORT,21,CLEAR,1,DAYLIGHT,7,,OLD HICKORY BLVD & HEALTH PARK DR,BRENTWOOD,TN,37027,8623,MIDTOW,36.0408,-86.7735,POINT (-86.7735 36.0408)
20190359794,05/10/2019 05:23:00 PM,2,0,0,,N,256384,5,SIDESWIPE - SAME DIRECTION,21,CLEAR,1,DAYLIGHT,12,MOTOR VEHICLE IN TRANSPORT,MM 211 6 I 40,NASHVILLE,TN,37210,82042,HERMIT,36.1508,-86.7502,POINT (-86.7502 36.1508)
20190490659,06/29/2019 08:12:00 AM,2,1,0,Y,N,584947,4,ANGLE,21,CLEAR,1,DAYLIGHT,12,MOTOR VEHICLE IN TRANSPORT,NOLENSVILLE PKE & ELGIN ST,NASHVILLE,TN,37211,8427,SOUTH,36.1001,-86.7397,POINT (-86.7397 36.1001)
20190216203,03/20/2019 06:37:00 AM,2,0,0,,N,191578,11,Front to Rear,21,CLEAR,1,DAYLIGHT,12,MOTOR VEHICLE IN TRANSPORT,MM 217 1 I 40,NASHVILLE,TN,37214,89062,HERMIT,36.1452,-86.646,POINT (-86.646 36.1452)
20190356192,05/09/2019 11:39:00 AM,1,0,0,,N,226622,0,NOT COLLISION W/MOTOR VEHICLE-TRANSPORT,2,RAIN,1,DAYLIGHT,1;63,Ran Off Road-Right,OLD CHARLOTTE PKE & HIGHWAY 70,PEGRAM,TN,37143,4715,WEST,36.0977,-87.023,POINT (-87.023 36.0977)
20190555304,07/25/2019 02:55:00 PM,2,0,0,,Y,320585,4,ANGLE,21,CLEAR,1,DAYLIGHT,12,MOTOR VEHICLE IN TRANSPORT,LAFAYETTE ST & J C NAPIER CT,NASHVILLE,TN,37210,8145,SOUTH,36.1478,-86.7594,POINT (-86.7594 36.1478)
20190554829,07/25/2019 10:34:00 AM,2,0,0,,Y,716886,6,SIDESWIPE - OPPOSITE DIRECTION,21,CLEAR,1,DAYLIGHT,12,MOTOR VEHICLE IN TRANSPORT,MOUNTAINHIGH DR & CHIMNEYTOP DR,ANTIOCH,TN,37013,8753,SOUTH,36.0383,-86.6631,POINT (-86.6631 36.0383)
20190361823,05/11/2019 03:00:00 PM,2,0,0,,N,330436,11,Front to Rear,22,CLOUDY,1,DAYLIGHT,12,MOTOR VEHICLE IN TRANSPORT,DIVISION ST & MAGAZINE ST,NASHVILLE,TN,37203,4019,CENTRA,36.151,-86.7831,POINT (-86.7831 36.151)
20190231982,03/25/2019 05:15:00 PM,2,1,0,,N,309262,4,ANGLE,22,CLOUDY,1,DAYLIGHT,12,MOTOR VEHICLE IN TRANSPORT,GALLATIN PKEN & STATE RT 45,MADISON,TN,37115,1701,MADISO,36.2644,-86.7115,POINT (-86.7115 36.2644)
20190159206,02/27/2019 04:39:00 PM,2,0,0,,N,151132,5,SIDESWIPE - SAME DIRECTION,22,CLOUDY,1,DAYLIGHT,12,MOTOR VEHICLE IN TRANSPORT,MM 92 6 I 65,MADISON,TN,37115,1704,MADISO,36.2702,-86.7364,POINT (-86.7364 36.2702)
20190479694,06/25/2019 09:19:00 AM,2,2,0,,N,109534,11,Front to Rear,21,CLEAR,1,DAYLIGHT,12,MOTOR VEHICLE IN TRANSPORT,BELL FORGE LNE & BELL RD,ANTIOCH,TN,37013,8865,SOUTH,36.0505,-86.6468,POINT (-86.6468 36.0505)
20190473366,06/22/2019 01:49:00 PM,2,0,0,,N,311325,4,ANGLE,21,CLEAR,1,DAYLIGHT,12,MOTOR VEHICLE IN TRANSPORT,LEBANON PKE WB EXT RAMP & OLD HICKORY BL,OLD HICKORY,TN,37138,9739,HERMIT,36.1992,-86.6204,POINT (-86.6204 36.1992)
20190225987,03/23/2019 10:40:00 AM,1,1,0,,N,420034,0,NOT COLLISION W/MOTOR VEHICLE-TRANSPORT,21,CLEAR,1,DAYLIGHT,36,CONCRETE TRAFFIC BARRIER,BRILEY PKWYE & BRILEY PKWY W EXT RAMP,NASHVILLE,TN,37216,15920,EAST,36.2374,-86.7339,POINT (-86.7339 36.2374)
20190108916,02/09/2019 07:15:00 PM,2,0,0,,Y,256427,11,Front to Rear,21,CLEAR,3,DARK - LIGHTED,12,MOTOR VEHICLE IN TRANSPORT,MM 214 7 I 40,NASHVILLE,TN,37217,88022,HERMIT,36.1438,-86.7007,POINT (-86.7007 36.1438)
20190289291,04/15/2019 12:00:00 AM,2,5,1,,N,279200,11,Front to Rear,21,CLEAR,1,DAYLIGHT,12,MOTOR VEHICLE IN TRANSPORT,8TH AVS & CANNERY ROW,NASHVILLE,TN,37203,4023,CENTRA,36.153,-86.7793,POINT (-86.7793 36.153)
20190558641,07/26/2019 09:05:00 PM,2,1,0,,N,161939,11,Front to Rear,21,CLEAR,3,DARK - LIGHTED,12,MOTOR VEHICLE IN TRANSPORT,BREWER DR & US HWY 31 ALT,NASHVILLE,TN,37211,8715,SOUTH,36.0537,-86.7149,POINT (-86.7149 36.0537)
20190452934,06/14/2019 02:50:00 PM,2,0,0,,N,807326,4,ANGLE,21,CLEAR,1,DAYLIGHT,12,MOTOR VEHICLE IN TRANSPORT,8TH AVS & LAFAYETTE ST,NASHVILLE,TN,37203,4043,CENTRA,36.1546,-86.7792,POINT (-86.7792 36.1546)
20190041901,01/16/2019 05:58:00 PM,2,0,0,,Y,690942,5,SIDESWIPE - SAME DIRECTION,22,CLOUDY,3,DARK - LIGHTED,12;99,MOTOR VEHICLE IN TRANSPORT;UNKNOWN MOST HARMFUL EVENT,HERMITAGE AV & ACADEMY PL,NASHVILLE,TN,37210,4029,CENTRA,36.1556,-86.7662,POINT (-86.7662 36.1556)
20190084039,01/31/2019 05:00:00 PM,2,2,0,,N,161939,4,ANGLE,21,CLEAR,4,DAWN,12,MOTOR VEHICLE IN TRANSPORT,BELL RD & BROOK VIEW ESTATES DR,ANTIOCH,TN,37013,8755,SOUTH,36.0439,-86.6933,POINT (-86.6933 36.0439)
20190049940,01/19/2019 07:01:00 PM,1,0,0,Y,N,212343,0,NOT COLLISION W/MOTOR VEHICLE-TRANSPORT,2,RAIN,3,DARK - LIGHTED,38,FENCE,LAUREL ST & 12TH AVS,NASHVILLE,TN,37203,4015,CENTRA,36.1536,-86.7856,POINT (-86.7856 36.1536)
20190153131,02/25/2019 05:19:00 PM,2,0,0,,Y,134903,11,Front to Rear,21,CLEAR,1,DAYLIGHT,12,MOTOR VEHICLE IN TRANSPORT,OLD HICKORY BLVD & ANDREW JACKSON PKWY,HERMITAGE,TN,37076,9561,HERMIT,36.1836,-86.6107,POINT (-86.6107 36.1836)
20190051472,01/20/2019 12:58:00 PM,1,0,0,,N,375570,0,NOT COLLISION W/MOTOR VEHICLE-TRANSPORT,22,CLOUDY,1,DAYLIGHT,34;42;64,DITCH;TREE;Ran Off Road-Left,NEELYS BEND RD & IDLEWILD DR,MADISON,TN,37115,1603,MADISO,36.2555,-86.7058,POINT (-86.7058 36.2555)
20190324350,04/27/2019 06:50:00 AM,2,0,0,,Y,166478,11,Front to Rear,21,CLEAR,1,DAYLIGHT,12,MOTOR VEHICLE IN TRANSPORT,MM 210 2 I 40,NASHVILLE,TN,37203,4006,CENTRA,36.1499,-86.7726,POINT (-86.7726 36.1499)
20190234330,03/26/2019 09:56:00 AM,2,0,0,,Y,716886,5,SIDESWIPE - SAME DIRECTION,21,CLEAR,1,DAYLIGHT,12,MOTOR VEHICLE IN TRANSPORT,NOLENSVILLE PKE & MORTON AV,NASHVILLE,TN,37211,8405,SOUTH,36.1062,-86.7428,POINT (-86.7428 36.1062)
20190375264,05/16/2019 01:55:00 PM,3,1,0,Y,Y,420040,5,SIDESWIPE - SAME DIRECTION,21,CLEAR,1,DAYLIGHT,12;14;40,MOTOR VEHICLE IN TRANSPORT;PARKED MOTOR VEHICLE;MAIL BOX,KIRKWOOD AV & BELMONT BLVD,NASHVILLE,TN,37212,6505,MIDTOW,36.1216,-86.7948,POINT (-86.7948 36.1216)
20190161204,02/28/2019 09:50:00 AM,2,0,0,,N,225777,11,Front to Rear,22,CLOUDY,1,DAYLIGHT,12,MOTOR VEHICLE IN TRANSPORT,CHARLOTTE PKE & I40 W EXT RAMP,NASHVILLE,TN,37209,4701,WEST,36.1302,-86.9002,POINT (-86.9002 36.1302)
20190212877,03/19/2019 07:30:00 AM,2,0,0,,N,224953,11,Front to Rear,21,CLEAR,1,DAYLIGHT,12,MOTOR VEHICLE IN TRANSPORT,SPRING ST & N 1ST ST,NASHVILLE,TN,37213,1985,CENTRA,36.177,-86.7746,POINT (-86.7746 36.177)
20190171602,03/04/2019 12:00:00 AM,2,0,0,,Y,620067,5,SIDESWIPE - SAME DIRECTION,21,CLEAR,3,DARK - LIGHTED,14,PARKED MOTOR VEHICLE,LOGISTICS WAY & OLD HICKORY BLVD,ANTIOCH,TN,37013,8869,SOUTH,36.0326,-86.6119,POINT (-86.6119 36.0326)
20190568880,07/31/2019 08:45:00 AM,2,0,0,,N,352214,4,ANGLE,21,CLEAR,1,DAYLIGHT,12,MOTOR VEHICLE IN TRANSPORT,UNDERWOOD ST & DR D B TODD JR BLVD,NASHVILLE,TN,37208,4475,NORTH,36.1736,-86.8071,POINT (-86.8071 36.1736)
20190239986,03/28/2019 08:41:00 AM,2,0,0,,N,225773,5,SIDESWIPE - SAME DIRECTION,21,CLEAR,1,DAYLIGHT,12,MOTOR VEHICLE IN TRANSPORT,GOLF CLUB LN & HILLSBORO PKE,NASHVILLE,TN,37215,6419,MIDTOW,36.1179,-86.81,POINT (-86.81 36.1179)
20190499237,07/02/2019 05:36:00 PM,2,0,0,,N,580819,11,Front to Rear,21,CLEAR,1,DAYLIGHT,12,MOTOR VEHICLE IN TRANSPORT,JAMES ROBERTSON PKWY & GAY ST,NASHVILLE,TN,37219,4203,CENTRA,36.192,-86.7173,POINT (-86.7173 36.192)
20190251391,04/01/2019 04:12:00 PM,2,2,0,,N,433550,11,Front to Rear,21,CLEAR,1,DAYLIGHT,12,MOTOR VEHICLE IN TRANSPORT,LEBANON PKE & SAMOA DR,HERMITAGE,TN,37076,9533,HERMIT,36.2034,-86.6158,POINT (-86.6158 36.2034)
20190079184,01/30/2019 06:42:00 AM,3,1,0,,N,226136,11,Front to Rear,4,SNOW,1,DAYLIGHT,12,MOTOR VEHICLE IN TRANSPORT,BLAKEMORE AV & 23RD AVS,NASHVILLE,TN,37212,5825,MIDTOW,36.1379,-86.803,POINT (-86.803 36.1379)
20190534952,07/17/2019 04:25:00 PM,2,0,0,,Y,197070,6,SIDESWIPE - OPPOSITE DIRECTION,21,CLEAR,1,DAYLIGHT,12,MOTOR VEHICLE IN TRANSPORT,CHARLOTTE AV & DR D B TODD JR BLVD,NASHVILLE,TN,37203,5505,MIDTOW,36.1581,-86.8,POINT (-86.8 36.1581)
20190350642,05/07/2019 01:22:00 PM,1,0,0,,N,226622,0,NOT COLLISION W/MOTOR VEHICLE-TRANSPORT,21,CLEAR,1,DAYLIGHT,50,DEER (ANIMAL),HIGHWAY 100 & OLD HARDING PKE,NASHVILLE,TN,37221,4807,WEST,36.0445,-86.956,POINT (-86.956 36.0445)
20190531507,07/16/2019 11:42:00 AM,2,1,0,,N,267831,4,ANGLE,21,CLEAR,1,DAYLIGHT,12,MOTOR VEHICLE IN TRANSPORT,CHARLOTTE PKE & CABOT DR,NASHVILLE,TN,37209,4677,WEST,36.2336,-86.7283,POINT (-86.7283 36.2336)
20190285950,04/14/2019 08:30:00 AM,2,1,0,,N,279116,4,ANGLE,22,CLOUDY,1,DAYLIGHT,12,MOTOR VEHICLE IN TRANSPORT,4TH AVS & I40 E EXT RAMP,NASHVILLE,TN,37210,8153,SOUTH,36.1505,-86.7704,POINT (-86.7704 36.1505)
20190043641,01/17/2019 09:20:00 AM,3,0,0,,N,420035,5,SIDESWIPE - SAME DIRECTION,2,RAIN,1,DAYLIGHT,12,MOTOR VEHICLE IN TRANSPORT,MM 92 6 I 65,MADISON,TN,37115,1704,MADISO,36.2702,-86.7364,POINT (-86.7364 36.2702)
20190354638,05/08/2019 09:50:00 PM,2,2,0,,N,256386,4,ANGLE,21,CLEAR,3,DARK - LIGHTED,12;13,MOTOR VEHICLE IN TRANSPORT;MOTOR VEHICLE IN TRANSPORT-OTHER ROADWAY,US HWY 41 & MCCRORY RD,NASHVILLE,TN,37217,8849,SOUTH,36.1033,-86.6666,POINT (-86.6666 36.1033)
20190457558,06/16/2019 02:47:00 PM,2,0,0,,N,279204,5,SIDESWIPE - SAME DIRECTION,21,CLEAR,1,DAYLIGHT,12,MOTOR VEHICLE IN TRANSPORT,I40 W ENT RAMP & I 65,NASHVILLE,TN,37208,44040,NORTH,36.1768,-86.801,POINT (-86.801 36.1768)
20190454894,06/15/2019 07:58:00 AM,2,0,0,,Y,591933,11,Front to Rear,21,CLEAR,1,DAYLIGHT,12,MOTOR VEHICLE IN TRANSPORT,NOLENSVILLE PKE & CONCORD RD,NASHVILLE,TN,37211,8651,MIDTOW,36.0042,-86.6916,POINT (-86.6916 36.0042)
20190542917,07/20/2019 07:00:00 PM,1,1,0,,N,212330,0,NOT COLLISION W/MOTOR VEHICLE-TRANSPORT,2,RAIN,1,DAYLIGHT,30,UTILITY POLE,CORRECTIONS CENTER PVTDR & EZELL PARK PV,NASHVILLE,TN,37211,8847,SOUTH,36.0874,-86.6845,POINT (-86.6845 36.0874)
20190467293,06/20/2019 07:00:00 AM,2,0,0,,Y,352186,11,Front to Rear,2,RAIN,1,DAYLIGHT,12,MOTOR VEHICLE IN TRANSPORT,MM 37 4 I 24,WHITES CREEK,TN,37189,33181,NORTH,36.3131,-86.8308,POINT (-86.8308 36.3131)
20190116399,02/12/2019 03:30:00 PM,4,0,0,,N,420040,5,SIDESWIPE - SAME DIRECTION,22,CLOUDY,1,DAYLIGHT,12;14,MOTOR VEHICLE IN TRANSPORT;PARKED MOTOR VEHICLE,MAGNOLIA BLVD & WEDGEWOOD AV,NASHVILLE,TN,37212,6619,MIDTOW,36.1366,-86.7952,POINT (-86.7952 36.1366)
20190408161,05/28/2019 08:06:00 PM,1,0,0,Y,N,197054,0,NOT COLLISION W/MOTOR VEHICLE-TRANSPORT,21,CLEAR,1,DAYLIGHT,43;63,OTHER FIXED OBJECTS;Ran Off Road-Right,MURFREESBORO PKE & PLUS PARK BLVD,NASHVILLE,TN,37217,8815,HERMIT,36.1337,-86.722,POINT (-86.722 36.1337)
20190346708,05/06/2019 07:45:00 AM,2,0,0,,Y,665896,5,SIDESWIPE - SAME DIRECTION,21,CLEAR,1,DAYLIGHT,12,MOTOR VEHICLE IN TRANSPORT,S 10TH ST & WOODLAND ST,NASHVILLE,TN,37206,1131,EAST,36.177,-86.7514,POINT (-86.7514 36.177)
20190127687,02/16/2019 10:43:00 AM,1,0,0,,N,332216,0,NOT COLLISION W/MOTOR VEHICLE-TRANSPORT,22,CLOUDY,1,DAYLIGHT,20;27,IMPACT ATTENUATOR;H-WAY TRAFFIC SIGNAL POST,I40 W EXT RAMP & I 40,NASHVILLE,TN,37203,4119,CENTRA,36.1574,-86.79,POINT (-86.79 36.1574)
20190250961,04/01/2019 12:49:00 PM,2,0,0,,N,909494,11,Front to Rear,21,CLEAR,1,DAYLIGHT,12,MOTOR VEHICLE IN TRANSPORT,DICKERSON PKE & ALHAMBRA CIR,NASHVILLE,TN,37207,1823,EAST,36.2196,-86.7624,POINT (-86.7624 36.2196)
20190406665,05/28/2019 12:00:00 AM,1,0,0,Y,Y,414730,0,NOT COLLISION W/MOTOR VEHICLE-TRANSPORT,99,UNKNOWN,2,DARK - NOT LIGHTED,38,FENCE,BELLEVUE RD & HICKS RD,NASHVILLE,TN,37221,4819,WEST,36.0626,-86.9237,POINT (-86.9237 36.0626)
20190362193,05/11/2019 07:13:00 PM,1,1,0,,N,905011,0,NOT COLLISION W/MOTOR VEHICLE-TRANSPORT,2,RAIN,5,DUSK,36,CONCRETE TRAFFIC BARRIER,MM 200 5 I 40,NASHVILLE,TN,37209,4708,WEST,36.1249,-86.9066,POINT (-86.9066 36.1249)
20190122141,02/14/2019 10:22:00 AM,1,0,0,,N,110063,0,NOT COLLISION W/MOTOR VEHICLE-TRANSPORT,21,CLEAR,1,DAYLIGHT,71,EMBANKMENT EARTH,MM 36 1 I 24,WHITES CREEK,TN,37189,2212,NORTH,36.32,-86.8473,POINT (-86.8473 36.32)
20190511824,07/08/2019 07:42:00 AM,2,0,0,,Y,311325,11,Front to Rear,21,CLEAR,1,DAYLIGHT,12,MOTOR VEHICLE IN TRANSPORT,MM 213 3 I 40,NASHVILLE,TN,37210,9004,HERMIT,36.1407,-86.7259,POINT (-86.7259 36.1407)
20190208298,03/17/2019 06:19:00 PM,2,2,0,,N,429193,4,ANGLE,21,CLEAR,1,DAYLIGHT,1;12,MOTOR VEHICLE IN TRANSPORT,OLD CHARLOTTE PKE & GOWER RD,NASHVILLE,TN,37221,4709,WEST,36.1221,-86.9311,POINT (-86.9311 36.1221)
20190465061,06/19/2019 12:48:00 PM,4,2,0,,N,191578,11,Front to Rear,21,CLEAR,1,DAYLIGHT,12,MOTOR VEHICLE IN TRANSPORT,MM 210 6 I 40,NASHVILLE,TN,37210,8202,HERMIT,36.1526,-86.7659,POINT (-86.7659 36.1526)
20190019686,01/08/2019 05:01:00 PM,2,1,0,,Y,240970,2,HEAD-ON,21,CLEAR,1,DAYLIGHT,12,MOTOR VEHICLE IN TRANSPORT,TAMPA DR & HARDING PL,NASHVILLE,TN,37211,8705,SOUTH,36.0827,-86.7105,POINT (-86.7105 36.0827)
20190296717,04/17/2019 07:43:00 PM,2,1,0,Y,N,197047,4,ANGLE,21,CLEAR,3,DARK - LIGHTED,12;30;38,MOTOR VEHICLE IN TRANSPORT;UTILITY POLE;FENCE,W TRINITY LN & E TRINITY LN,NASHVILLE,TN,37207,1863,EAST,36.2059,-86.7688,POINT (-86.7688 36.2059)
20190113061,02/11/2019 02:08:00 PM,1,0,0,Y,Y,212325,0,NOT COLLISION W/MOTOR VEHICLE-TRANSPORT,,,,,27;7,H-WAY TRAFFIC SIGNAL POST,NEELYS BEND RD & SIOUX TER,MADISON,TN,37115,1631,MADISO,36.2493,-86.6751,POINT (-86.6751 36.2493)
20190489145,06/28/2019 04:25:00 PM,1,2,0,,N,320594,0,NOT COLLISION W/MOTOR VEHICLE-TRANSPORT,21,CLEAR,1,DAYLIGHT,42,TREE,ROBINSON RD & HADLEY AV,OLD HICKORY,TN,37138,9609,HERMIT,36.253,-86.6485,POINT (-86.6485 36.253)
20190529750,07/15/2019 12:00:00 AM,2,0,0,,N,212344,4,ANGLE,21,CLEAR,1,DAYLIGHT,12;14,MOTOR VEHICLE IN TRANSPORT;PARKED MOTOR VEHICLE,WOODLAND ST & S 11TH ST,NASHVILLE,TN,37206,1201,EAST,36.1773,-86.7506,POINT (-86.7506 36.1773)
20190465369,06/19/2019 03:05:00 PM,3,0,0,,N,279224,11,Front to Rear,21,CLEAR,1,DAYLIGHT,12,MOTOR VEHICLE IN TRANSPORT,MM 49 4 I 24,NASHVILLE,TN,37206,10040,EAST,36.1613,-86.7604,POINT (-86.7604 36.1613)
20190299449,04/18/2019 02:50:00 PM,2,0,0,,N,240970,11,Front to Rear,21,CLEAR,1,DAYLIGHT,12,MOTOR VEHICLE IN TRANSPORT,ELYSIAN FIELDS RD & NOLENSVILLE PKE,NASHVILLE,TN,37211,8415,SOUTH,36.0864,-86.7291,POINT (-86.7291 36.0864)
20190515357,07/09/2019 09:05:00 PM,2,0,0,,Y,256383,2,HEAD-ON,21,CLEAR,3,DARK - LIGHTED,55,Motor Vehicle-In-Motion Outside Trafficw,BELL RD & BLUE HOLE RD,ANTIOCH,TN,37013,8719,SOUTH,36.0458,-86.6744,POINT (-86.6744 36.0458)
20190041350,01/16/2019 01:57:00 PM,2,0,0,,N,134899,4,ANGLE,21,CLEAR,1,DAYLIGHT,12,MOTOR VEHICLE IN TRANSPORT,BELINDA DR & LEBANON PKE,HERMITAGE,TN,37076,9533,HERMIT,36.2047,-86.6146,POINT (-86.6146 36.2047)
20190022690,01/09/2019 04:32:00 PM,2,0,0,,N,212322,5,SIDESWIPE - SAME DIRECTION,21,CLEAR,1,DAYLIGHT,12,MOTOR VEHICLE IN TRANSPORT,HARDING PL & DONELSON PKE,NASHVILLE,TN,37217,8841,SOUTH,36.0928,-86.6789,POINT (-86.6789 36.0928)
20190087238,02/01/2019 05:17:00 PM,2,0,0,,N,320585,4,ANGLE,21,CLEAR,3,DARK - LIGHTED,12,MOTOR VEHICLE IN TRANSPORT,DONELSON PKE & I40 W ENT RAMP,NASHVILLE,TN,37214,9103,HERMIT,36.143,-86.6667,POINT (-86.6667 36.143)
20190486411,06/27/2019 04:20:00 PM,1,1,0,,N,256386,0,NOT COLLISION W/MOTOR VEHICLE-TRANSPORT,21,CLEAR,1,DAYLIGHT,1,,US HWY 41 & RAMP,ANTIOCH,TN,37013,8979,SOUTH,36.0704,-86.6345,POINT (-86.6345 36.0704)
20190148658,02/23/2019 11:30:00 PM,2,0,0,,Y,206672,4,ANGLE,22,CLOUDY,3,DARK - LIGHTED,12,MOTOR VEHICLE IN TRANSPORT,100 GALLATIN PKEN,MADISON,TN,37115,1763,MADISO,36.2635,-86.7119,POINT (-86.7119 36.2635)
20190568645,07/31/2019 07:03:00 AM,2,0,0,,N,716886,5,SIDESWIPE - SAME DIRECTION,21,CLEAR,1,DAYLIGHT,12,MOTOR VEHICLE IN TRANSPORT,NOLENSVILLE PKE & TIMMONS ST,NASHVILLE,TN,37211,8425,SOUTH,36.1073,-86.7434,POINT (-86.7434 36.1073)
20190301004,04/19/2019 04:58:00 AM,1,0,0,,N,320590,0,NOT COLLISION W/MOTOR VEHICLE-TRANSPORT,2,RAIN,4,DAWN,36,CONCRETE TRAFFIC BARRIER,MM 86 5 I 65,NASHVILLE,TN,37207,3006,NORTH,36.1946,-86.7762,POINT (-86.7762 36.1946)
20190246987,03/30/2019 09:31:00 PM,2,1,0,,N,306230,11,Front to Rear,2,RAIN,3,DARK - LIGHTED,12,MOTOR VEHICLE IN TRANSPORT,28TH AVN & ALBION ST,NASHVILLE,TN,37208,4525,NORTH,36.1637,-86.8198,POINT (-86.8198 36.1637)
20190347677,05/06/2019 02:00:00 PM,2,0,0,,N,330413,4,ANGLE,21,CLEAR,1,DAYLIGHT,14,PARKED MOTOR VEHICLE,ACKLEN PARK DR & PARK DR,NASHVILLE,TN,37203,5629,MIDTOW,36.1413,-86.818,POINT (-86.818 36.1413)
20190574817,08/02/2019 01:15:00 PM,2,0,0,,Y,226306,4,ANGLE,21,CLEAR,1,DAYLIGHT,14,PARKED MOTOR VEHICLE,SCARCROFT LN & GLOUCESTER LN,NASHVILLE,TN,37221,4811,WEST,36.0764,-86.9936,POINT (-86.9936 36.0764)
20190030645,01/12/2019 04:20:00 PM,2,0,0,Y,N,161939,4,ANGLE,2,RAIN,1,DAYLIGHT,12,MOTOR VEHICLE IN TRANSPORT,MURFREESBORO PKE & MOUNTAIN SPRINGS RD,ANTIOCH,TN,37013,8927,SOUTH,36.0478,-86.6121,POINT (-86.6121 36.0478)
20190322798,04/26/2019 02:29:00 PM,2,0,0,,N,256499,11,Front to Rear,21,CLEAR,1,DAYLIGHT,12,MOTOR VEHICLE IN TRANSPORT,14TH AVS & EDGEHILL AV,NASHVILLE,TN,37212,6631,MIDTOW,36.142,-86.7896,POINT (-86.7896 36.142)
20190144717,02/22/2019 10:18:00 AM,2,0,0,,N,665896,4,ANGLE,2,RAIN,1,DAYLIGHT,12,MOTOR VEHICLE IN TRANSPORT,JAMES ROBERTSON PKWY & JAMES ROBERTSON P,NASHVILLE,TN,37206,1109,EAST,36.1724,-86.7665,POINT (-86.7665 36.1724)
20190464940,06/19/2019 12:00:00 AM,2,0,0,,Y,109534,5,SIDESWIPE - SAME DIRECTION,21,CLEAR,1,DAYLIGHT,12,MOTOR VEHICLE IN TRANSPORT,MURFREESBORO PKE & GLENGARRY DR,NASHVILLE,TN,37217,8823,HERMIT,36.1208,-86.7036,POINT (-86.7036 36.1208)
20190486965,06/27/2019 09:10:00 PM,2,0,0,,N,717341,4,ANGLE,2,RAIN,3,DARK - LIGHTED,12,MOTOR VEHICLE IN TRANSPORT,UNA ANTIOCH PKE & RICHARDS RD,ANTIOCH,TN,37013,8861,SOUTH,36.0599,-86.6676,POINT (-86.6676 36.0599)