Accident Number,Date and Time,Number of Motor Vehicles,Number of Injuries,Number of Fatalities,Property Damage,Hit and Run,Reporting Officer,Collision Type Code,Collision Type Description,Weather Code,Weather Description,Illumination Code,Illumination Description,Harmful Code,Harmful Code Description,Street Address,City,State,ZIP,RPA,Precinct,Latitude,Longitude,Mapped Location
20190394491,05/23/2019 11:50:00 AM,2,0,0,,N,876581,11,Front to Rear,21,CLEAR,1,DAYLIGHT,12,MOTOR VEHICLE IN TRANSPORT,DICKERSON PKE & DICKERSON PKE ENT RAMP,MADISON,TN,37115,2009,MADISO,36.242,-86.7571,POINT (-86.7571 36.242)
20190564641,07/29/2019 04:11:00 PM,2,2,0,,N,151132,11,Front to Rear,22,CLOUDY,1,DAYLIGHT,12,MOTOR VEHICLE IN TRANSPORT,DICKERSON PKE ENT RAMP & DICKERSON PKE,MADISON,TN,37115,2009,MADISO,36.242,-86.7568,POINT (-86.7568 36.242)
20190483000,06/26/2019 12:30:00 PM,2,0,0,,N,665896,11,Front to Rear,21,CLEAR,1,DAYLIGHT,12,MOTOR VEHICLE IN TRANSPORT,HART LN & HILLTOP LN,NASHVILLE,TN,37216,1819,EAST,36.2136,-86.736,POINT (-86.736 36.2136)
20190492969,06/30/2019 08:55:00 AM,1,0,0,Y,Y,298864,0,NOT COLLISION W/MOTOR VEHICLE-TRANSPORT,21,CLEAR,1,DAYLIGHT,30;43,UTILITY POLE;OTHER FIXED OBJECTS,NEELYS BEND RD & IDLEWILD DR,MADISON,TN,37115,1603,MADISO,36.2555,-86.7058,POINT (-86.7058 36.2555)
20190025655,01/10/2019 06:20:00 PM,2,0,0,,Y,163667,5,SIDESWIPE - SAME DIRECTION,21,CLEAR,2,DARK - NOT LIGHTED,12,MOTOR VEHICLE IN TRANSPORT,SWISS AV & VALLEY BROOK TOWNHOMES PVTDR,NASHVILLE,TN,37211,8651,MIDTOW,36.0397,-86.7197,POINT (-86.7197 36.0397)
20190491380,06/29/2019 03:30:00 PM,1,0,0,Y,Y,298861,0,NOT COLLISION W/MOTOR VEHICLE-TRANSPORT,21,CLEAR,1,DAYLIGHT,19,BUILDING,MURFREESBORO PKE & PARRIS AV,NASHVILLE,TN,37210,8117,SOUTH,36.1438,-86.7473,POINT (-86.7473 36.1438)
20190096766,02/05/2019 12:17:00 PM,3,0,0,,N,109534,4,ANGLE,21,CLEAR,1,DAYLIGHT,1;12,MOTOR VEHICLE IN TRANSPORT,MURFREESBORO PKE & DONELSON PKE,NASHVILLE,TN,37217,8841,SOUTH,36.1062,-86.6731,POINT (-86.6731 36.1062)
20190341292,05/03/2019 03:32:00 PM,1,0,0,Y,N,256383,0,NOT COLLISION W/MOTOR VEHICLE-TRANSPORT,22,CLOUDY,1,DAYLIGHT,25,GUARDRAIL END,MM 62 3 I 24,ANTIOCH,TN,37013,8806,SOUTH,36.0177,-86.6241,POINT (-86.6241 36.0177)
20190313476,04/23/2019 04:00:00 PM,3,0,0,,N,137982,11,Front to Rear,21,CLEAR,1,DAYLIGHT,12,MOTOR VEHICLE IN TRANSPORT,ELM HILL PKE & WANDA DR,NASHVILLE,TN,37210,9041,HERMIT,36.1505,-86.6963,POINT (-86.6963 36.1505)
20190120206,02/13/2019 06:29:00 PM,2,0,0,,Y,642287,11,Front to Rear,21,CLEAR,3,DARK - LIGHTED,12,MOTOR VEHICLE IN TRANSPORT,MM 49 5 I 24,NASHVILLE,TN,37210,4008,CENTRA,36.1588,-86.7604,POINT (-86.7604 36.1588)
20190468804,06/20/2019 04:12:00 PM,2,0,0,,Y,206675,11,Front to Rear,21,CLEAR,1,DAYLIGHT,12,MOTOR VEHICLE IN TRANSPORT,HARDING PL & TROUSDALE DR,NASHVILLE,TN,37220,8601,MIDTOW,36.0811,-86.7584,POINT (-86.7584 36.0811)
20190500544,07/03/2019 05:00:00 AM,2,2,0,,N,352185,4,ANGLE,21,CLEAR,4,DAWN,12,MOTOR VEHICLE IN TRANSPORT,MURFREESBORO PKE & MOUNTAIN SPRINGS RD,ANTIOCH,TN,37013,8927,SOUTH,36.0478,-86.6121,POINT (-86.6121 36.0478)
20190395057,05/23/2019 05:29:00 PM,2,0,0,,N,206675,11,Front to Rear,21,CLEAR,1,DAYLIGHT,12,MOTOR VEHICLE IN TRANSPORT,HARDING PL & I65 S ENT RAMP,NASHVILLE,TN,37220,7101,MIDTOW,36.0827,-86.7651,POINT (-86.7651 36.0827)
20190046733,01/17/2019 08:30:00 PM,1,0,0,Y,Y,226136,0,NOT COLLISION W/MOTOR VEHICLE-TRANSPORT,22,CLOUDY,3,DARK - LIGHTED,29;31,"LUMINAIRE/LIGHT SUPPORT;OTHER POST, POLE, SUPP.",WEST END AV & 17TH AVS,NASHVILLE,TN,37203,5707,MIDTOW,36.1538,-86.7944,POINT (-86.7944 36.1538)
20190084123,01/31/2019 05:22:00 PM,2,0,0,Y,N,320585,5,SIDESWIPE - SAME DIRECTION,21,CLEAR,3,DARK - LIGHTED,12,MOTOR VEHICLE IN TRANSPORT,AUTOMATED COLLECTION SERVICES & MCGAVOCK,NASHVILLE,TN,37214,9209,HERMIT,36.2172,-86.6987,POINT (-86.6987 36.2172)
20190330780,04/30/2019 02:56:00 AM,1,0,0,Y,N,109542,0,NOT COLLISION W/MOTOR VEHICLE-TRANSPORT,21,CLEAR,3,DARK - LIGHTED,31,"OTHER POST, POLE, SUPP.",3RD AVS & BROADWAY,NASHVILLE,TN,37201,4105,CENTRA,36.1615,-86.776,POINT (-86.776 36.1615)
20190286440,04/14/2019 01:52:00 PM,2,0,0,,N,311325,4,ANGLE,21,CLEAR,1,DAYLIGHT,12,MOTOR VEHICLE IN TRANSPORT,LEBANON PKE & OLD LEBANON PKE,NASHVILLE,TN,37214,9125,HERMIT,36.1678,-86.6637,POINT (-86.6637 36.1678)
20190471033,06/21/2019 11:45:00 AM,2,1,0,,N,320601,11,Front to Rear,21,CLEAR,1,DAYLIGHT,12,MOTOR VEHICLE IN TRANSPORT,MM 55 7 I 24,NASHVILLE,TN,37211,86020,SOUTH,36.086,-86.7002,POINT (-86.7002 36.086)
20190054748,01/21/2019 07:40:00 PM,1,1,0,Y,N,298861,0,NOT COLLISION W/MOTOR VEHICLE-TRANSPORT,21,CLEAR,3,DARK - LIGHTED,18;42,OTHER OBJECT (NOT FIXED);TREE,KERMIT DR & VULTEE BLVD,NASHVILLE,TN,37217,8823,HERMIT,36.1238,-86.7038,POINT (-86.7038 36.1238)
20190206221,03/16/2019 06:31:00 PM,2,0,0,,N,240968,4,ANGLE,21,CLEAR,5,DUSK,12,MOTOR VEHICLE IN TRANSPORT,LEBANON PKE & FAIRWAY DR,NASHVILLE,TN,37214,9109,HERMIT,36.1691,-86.6824,POINT (-86.6824 36.1691)
20190191738,03/09/2019 06:15:00 PM,1,0,0,,N,256417,0,NOT COLLISION W/MOTOR VEHICLE-TRANSPORT,2,RAIN,2,DARK - NOT LIGHTED,7,,LEBANON PKE & YMCA CNCTR,NASHVILLE,TN,37214,9403,HERMIT,36.1732,-86.6486,POINT (-86.6486 36.1732)
20190351521,05/07/2019 07:15:00 PM,3,0,0,,N,320597,11,Front to Rear,21,CLEAR,1,DAYLIGHT,12,MOTOR VEHICLE IN TRANSPORT,MM 54 7 I 24,NASHVILLE,TN,37211,8602,SOUTH,36.0977,-86.7096,POINT (-86.7096 36.0977)
20190329213,04/29/2019 02:15:00 PM,2,0,0,,Y,330417,5,SIDESWIPE - SAME DIRECTION,21,CLEAR,1,DAYLIGHT,12,MOTOR VEHICLE IN TRANSPORT,DICKERSON PKE & DUE WEST AVN,MADISON,TN,37115,2017,MADISO,36.2563,-86.7579,POINT (-86.7579 36.2563)
20190246005,03/30/2019 10:32:00 AM,2,0,0,,N,332253,11,Front to Rear,22,CLOUDY,1,DAYLIGHT,12,MOTOR VEHICLE IN TRANSPORT,GALLATIN PKEN & CUDE LN,MADISON,TN,37115,1731,MADISO,36.2998,-86.6965,POINT (-86.6965 36.2998)
20190557716,07/26/2019 01:24:00 PM,2,0,0,,Y,134899,4,ANGLE,21,CLEAR,1,DAYLIGHT,12;14,MOTOR VEHICLE IN TRANSPORT;PARKED MOTOR VEHICLE,LEBANON PKE & ANDREW JACKSON PKWY,HERMITAGE,TN,37076,9537,HERMIT,36.2151,-86.5962,POINT (-86.5962 36.2151)
20190572872,08/01/2019 12:00:00 AM,3,0,0,,N,206674,11,Front to Rear,21,CLEAR,1,DAYLIGHT,12,MOTOR VEHICLE IN TRANSPORT,MM 1 7 I 440,NASHVILLE,TN,37209,5312,NORTH,36.1536,-86.8226,POINT (-86.8226 36.1536)
20190569359,07/31/2019 12:20:00 PM,3,0,0,Y,N,225773,0,NOT COLLISION W/MOTOR VEHICLE-TRANSPORT,21,CLEAR,1,DAYLIGHT,14;38,PARKED MOTOR VEHICLE;FENCE,WEDGEWOOD AV & 21ST AVS,NASHVILLE,TN,37212,5825,MIDTOW,36.1376,-86.8008,POINT (-86.8008 36.1376)
20190571676,08/01/2019 09:55:00 AM,2,0,0,,N,462474,2,HEAD-ON,21,CLEAR,1,DAYLIGHT,12,MOTOR VEHICLE IN TRANSPORT,EDMONDSON PKE & ELLINGTON CIR,NASHVILLE,TN,37211,8657,MIDTOW,36.0603,-86.741,POINT (-86.741 36.0603)
20190490069,06/29/2019 12:41:00 AM,2,0,0,,Y,110090,11,Front to Rear,21,CLEAR,3,DARK - LIGHTED,12,MOTOR VEHICLE IN TRANSPORT,BLUE HOLE RD & PETTUS RD,ANTIOCH,TN,37013,8753,SOUTH,36.0283,-86.6727,POINT (-86.6727 36.0283)
20190206358,03/16/2019 05:50:00 PM,2,0,0,,N,320577,4,ANGLE,21,CLEAR,3,DARK - LIGHTED,12,MOTOR VEHICLE IN TRANSPORT,OLD HICKORY BLVD & S HILLVIEW DR,NASHVILLE,TN,37220,7111,MIDTOW,36.0375,-86.791,POINT (-86.791 36.0375)
20190547057,07/22/2019 02:44:00 PM,3,0,0,,Y,256380,11,Front to Rear,2,RAIN,1,DAYLIGHT,12,MOTOR VEHICLE IN TRANSPORT,MM 86 3 I 65,NASHVILLE,TN,37207,1910,CENTRA,36.1919,-86.7808,POINT (-86.7808 36.1919)
20190567556,07/30/2019 07:28:00 PM,1,0,0,,Y,179583,0,NOT COLLISION W/MOTOR VEHICLE-TRANSPORT,21,CLEAR,1,DAYLIGHT,36,CONCRETE TRAFFIC BARRIER,MM 55 4 I 24,NASHVILLE,TN,37211,8812,SOUTH,36.0901,-86.7031,POINT (-86.7031 36.0901)
20190189256,03/10/2019 07:01:00 PM,2,2,0,,N,206682,4,ANGLE,21,CLEAR,1,DAYLIGHT,12,MOTOR VEHICLE IN TRANSPORT,MYATT DR & MYATT CENTER LN,MADISON,TN,37115,1715,MADISO,36.2468,-86.6694,POINT (-86.6694 36.2468)
20190269266,04/08/2019 05:35:00 AM,2,0,0,,N,140788,11,Front to Rear,2,RAIN,4,DAWN,12,MOTOR VEHICLE IN TRANSPORT,OLD HICKORY BLVD & WHITES CREEK PKE,WHITES CREEK,TN,37189,3229,NORTH,36.2657,-86.8309,POINT (-86.8309 36.2657)
20190030709,01/12/2019 04:45:00 PM,3,0,0,,N,311332,11,Front to Rear,2,RAIN,5,DUSK,12,MOTOR VEHICLE IN TRANSPORT,OLD HICKORY BLVD & HIGHWAY 70S,NASHVILLE,TN,37221,4901,WEST,36.0742,-86.9208,POINT (-86.9208 36.0742)
20190184249,03/08/2019 12:35:00 PM,2,0,0,,N,226136,4,ANGLE,2,RAIN,1,DAYLIGHT,12,MOTOR VEHICLE IN TRANSPORT,THOMPSON LN & E IRIS DR,NASHVILLE,TN,37204,8525,MIDTOW,36.1117,-86.7607,POINT (-86.7607 36.1117)
20190509766,07/07/2019 02:30:00 AM,2,3,0,,N,179603,11,Front to Rear,21,CLEAR,3,DARK - LIGHTED,12;36,MOTOR VEHICLE IN TRANSPORT;CONCRETE TRAFFIC BARRIER,MM 89 1 I 65,NASHVILLE,TN,37207,18062,EAST,36.2313,-86.7703,POINT (-86.7703 36.2313)
20190449165,06/13/2019 08:44:00 AM,2,0,0,,N,352189,11,Front to Rear,21,CLEAR,1,DAYLIGHT,12,MOTOR VEHICLE IN TRANSPORT,MM 79 7 I 65,NASHVILLE,TN,37204,8504,MIDTOW,36.1092,-86.7698,POINT (-86.7698 36.1092)
20190017440,01/07/2019 08:50:00 PM,2,0,0,,Y,206675,5,SIDESWIPE - SAME DIRECTION,21,CLEAR,3,DARK - LIGHTED,14,PARKED MOTOR VEHICLE,FRANKLIN PIKE CIR & OLD HICKORY BLVD,BRENTWOOD,TN,37027,8619,MIDTOW,36.0412,-86.7795,POINT (-86.7795 36.0412)
20190529997,07/15/2019 10:20:00 PM,2,2,0,,N,299270,4,ANGLE,21,CLEAR,2,DARK - NOT LIGHTED,12,MOTOR VEHICLE IN TRANSPORT,25TH AVN & CHARLOTTE AV,NASHVILLE,TN,37203,5619,MIDTOW,36.1553,-86.8121,POINT (-86.8121 36.1553)
20190338989,05/02/2019 10:10:00 PM,1,1,0,,N,256376,0,NOT COLLISION W/MOTOR VEHICLE-TRANSPORT,21,CLEAR,2,DARK - NOT LIGHTED,29;33,LUMINAIRE/LIGHT SUPPORT;CURB,GARFIELD ST & JANE ST,NASHVILLE,TN,37208,4347,NORTH,36.18,-86.7996,POINT (-86.7996 36.18)
20190341331,05/03/2019 04:26:00 PM,2,0,0,,N,163667,2,HEAD-ON,22,CLOUDY,1,DAYLIGHT,12,MOTOR VEHICLE IN TRANSPORT,HOGAN RD & TROUSDALE DR,NASHVILLE,TN,37220,8615,MIDTOW,36.0652,-86.7592,POINT (-86.7592 36.0652)
20190446442,06/12/2019 09:06:00 AM,2,0,0,,N,226673,11,Front to Rear,22,CLOUDY,1,DAYLIGHT,12,MOTOR VEHICLE IN TRANSPORT,COWAN ST & VASHTI ST,NASHVILLE,TN,37207,1955,CENTRA,36.1917,-86.7816,POINT (-86.7816 36.1917)
20190068910,01/26/2019 06:17:00 PM,1,1,0,,N,240966,0,NOT COLLISION W/MOTOR VEHICLE-TRANSPORT,21,CLEAR,3,DARK - LIGHTED,8,PEDESTRIAN,GALLATIN PKE & DOZIER PL,NASHVILLE,TN,37216,1851,EAST,36.2017,-86.7395,POINT (-86.7395 36.2017)
20190517081,07/10/2019 12:00:00 PM,2,0,0,,N,352183,5,SIDESWIPE - SAME DIRECTION,21,CLEAR,1,DAYLIGHT,12,MOTOR VEHICLE IN TRANSPORT,DIVISION ST & MUSIC CIRE,NASHVILLE,TN,37203,6719,MIDTOW,36.1516,-86.7885,POINT (-86.7885 36.1516)
20190072594,01/28/2019 08:05:00 AM,2,0,0,,N,653629,11,Front to Rear,21,CLEAR,1,DAYLIGHT,12,MOTOR VEHICLE IN TRANSPORT,I40 W ENT RAMP & I 40,NASHVILLE,TN,37210,9007,HERMIT,36.1484,-86.7454,POINT (-86.7454 36.1484)
20190069326,01/26/2019 10:00:00 PM,2,0,0,,N,311800,0,NOT COLLISION W/MOTOR VEHICLE-TRANSPORT,21,CLEAR,3,DARK - LIGHTED,33,CURB,12TH AVN & GRUNDY ST,NASHVILLE,TN,37203,4119,CENTRA,36.159,-86.7895,POINT (-86.7895 36.159)
20190349579,05/07/2019 06:30:00 AM,2,1,0,,N,320584,6,SIDESWIPE - OPPOSITE DIRECTION,21,CLEAR,1,DAYLIGHT,12,MOTOR VEHICLE IN TRANSPORT,GROVEDALE TRC & PIN HOOK RD,ANTIOCH,TN,37013,8927,SOUTH,36.0502,-86.606,POINT (-86.606 36.0502)
20190172272,03/04/2019 06:58:00 PM,2,0,0,,N,279124,11,Front to Rear,21,CLEAR,3,DARK - LIGHTED,12,MOTOR VEHICLE IN TRANSPORT,HAMILTON CHURCH RD & HOBSON PKE,ANTIOCH,TN,37013,8905,SOUTH,36.0586,-86.5978,POINT (-86.5978 36.0586)
20190407606,05/28/2019 03:45:00 PM,2,0,0,,N,298868,5,SIDESWIPE - SAME DIRECTION,21,CLEAR,1,DAYLIGHT,12,MOTOR VEHICLE IN TRANSPORT,WHITE BRIDGE PKE & LENOX AV,NASHVILLE,TN,37209,5103,WEST,36.1493,-86.8579,POINT (-86.8579 36.1493)
20190237711,03/27/2019 01:51:00 PM,2,1,0,,N,716886,11,Front to Rear,21,CLEAR,1,DAYLIGHT,12,MOTOR VEHICLE IN TRANSPORT,I24 W EXT RAMP & I 24,NASHVILLE,TN,37211,8829,SOUTH,36.1074,-86.7197,POINT (-86.7197 36.1074)
20190204460,03/15/2019 10:00:00 PM,2,0,0,,Y,299274,5,SIDESWIPE - SAME DIRECTION,22,CLOUDY,3,DARK - LIGHTED,12,MOTOR VEHICLE IN TRANSPORT,MM 211 7 I 40,NASHVILLE,TN,37210,82042,HERMIT,36.1499,-86.7483,POINT (-86.7483 36.1499)
20190338066,05/02/2019 02:03:00 PM,1,2,0,Y,N,226136,0,NOT COLLISION W/MOTOR VEHICLE-TRANSPORT,22,CLOUDY,1,DAYLIGHT,24;63,GUARDRAIL FACE;Ran Off Road-Right,I40 W EXT RAMP & I 40,NASHVILLE,TN,37203,4119,CENTRA,36.1574,-86.79,POINT (-86.79 36.1574)
20190072729,01/28/2019 09:00:00 AM,2,0,0,,N,462501,5,SIDESWIPE - SAME DIRECTION,21,CLEAR,1,DAYLIGHT,12,MOTOR VEHICLE IN TRANSPORT,3RD AVN & DEADERICK ST,NASHVILLE,TN,37201,4163,CENTRA,36.1663,-86.7791,POINT (-86.7791 36.1663)
20190379468,05/17/2019 10:20:00 PM,2,0,0,,Y,332215,4,ANGLE,21,CLEAR,3,DARK - LIGHTED,12,MOTOR VEHICLE IN TRANSPORT,WOODMONT BLVD & ESTES RD,NASHVILLE,TN,37205,6101,WEST,36.1165,-86.8368,POINT (-86.8368 36.1165)
20190076369,01/29/2019 11:44:00 AM,2,0,0,,N,226622,11,Front to Rear,21,CLEAR,1,DAYLIGHT,12,MOTOR VEHICLE IN TRANSPORT,POST RD & LAIRD RD,NASHVILLE,TN,37205,4915,WEST,36.1054,-86.8697,POINT (-86.8697 36.1054)
20190384203,05/20/2019 03:59:00 AM,1,0,0,,Y,191578,0,NOT COLLISION W/MOTOR VEHICLE-TRANSPORT,21,CLEAR,2,DARK - NOT LIGHTED,72,EMBANKMENT ROCK/STONE/CONCRETE,MM 213 4 I 40,NASHVILLE,TN,37217,8818,HERMIT,36.1399,-86.7253,POINT (-86.7253 36.1399)
20190517152,07/10/2019 11:55:00 AM,2,0,0,,N,414668,11,Front to Rear,22,CLOUDY,1,DAYLIGHT,12,MOTOR VEHICLE IN TRANSPORT,MM 86 6 I 65,NASHVILLE,TN,37207,3002,NORTH,36.1959,-86.7761,POINT (-86.7761 36.1959)
20190012232,01/05/2019 12:00:00 AM,2,0,0,,N,311333,4,ANGLE,21,CLEAR,1,DAYLIGHT,12,MOTOR VEHICLE IN TRANSPORT,NOLENSVILLE PKE & FAIRLANE DR,NASHVILLE,TN,37211,8659,MIDTOW,36.0639,-86.7171,POINT (-86.7171 36.0639)
20190146566,02/23/2019 01:53:00 AM,2,0,0,,Y,299245,5,SIDESWIPE - SAME DIRECTION,2,RAIN,3,DARK - LIGHTED,12,MOTOR VEHICLE IN TRANSPORT,S 5TH ST & WOODLAND ST,NASHVILLE,TN,37206,1109,EAST,36.1718,-86.7648,POINT (-86.7648 36.1718)
20190205945,03/16/2019 03:30:00 PM,2,0,0,,N,320579,4,ANGLE,21,CLEAR,1,DAYLIGHT,12,MOTOR VEHICLE IN TRANSPORT,GALLATIN AV & STROUSE AV,NASHVILLE,TN,37206,1363,EAST,36.194,-86.7437,POINT (-86.7437 36.194)
20190455878,06/15/2019 05:50:00 PM,2,0,0,,Y,309262,4,ANGLE,21,CLEAR,1,DAYLIGHT,14,PARKED MOTOR VEHICLE,OLD DUE WEST AV & CHANNING DR,MADISON,TN,37115,2009,MADISO,36.2489,-86.745,POINT (-86.745 36.2489)
20190231216,03/25/2019 12:53:00 PM,2,0,0,,N,225773,5,SIDESWIPE - SAME DIRECTION,22,CLOUDY,1,DAYLIGHT,12,MOTOR VEHICLE IN TRANSPORT,MM 6 3 I 440,NASHVILLE,TN,37210,8304,SOUTH,36.1229,-86.751,POINT (-86.751 36.1229)
20190520997,07/11/2019 10:47:00 PM,1,1,0,,Y,173951,0,NOT COLLISION W/MOTOR VEHICLE-TRANSPORT,21,CLEAR,3,DARK - LIGHTED,8,PEDESTRIAN,GALLATIN PKES & BERKLEY DR,MADISON,TN,37115,1519,MADISO,36.247,-86.721,POINT (-86.721 36.247)
20190047827,01/18/2019 06:40:00 PM,2,0,0,,N,309262,2,HEAD-ON,21,CLEAR,3,DARK - LIGHTED,12,MOTOR VEHICLE IN TRANSPORT,OLD HICKORY BLVDW & RONNIE RD,MADISON,TN,37115,1749,MADISO,36.2641,-86.7262,POINT (-86.7262 36.2641)
20190044085,01/17/2019 01:06:00 PM,2,0,0,Y,Y,594473,0,NOT COLLISION W/MOTOR VEHICLE-TRANSPORT,22,CLOUDY,1,DAYLIGHT,14;18,PARKED MOTOR VEHICLE;OTHER OBJECT (NOT FIXED),14TH AVN & I40 E EXT RAMP,NASHVILLE,TN,37203,5425,NORTH,36.1611,-86.7937,POINT (-86.7937 36.1611)
20190375995,05/16/2019 12:00:00 AM,2,0,0,,Y,299258,11,Front to Rear,21,CLEAR,1,DAYLIGHT,12,MOTOR VEHICLE IN TRANSPORT,CLARKSVILLE PKE & BIANCO RD,JOELTON,TN,37080,3245,NORTH,36.2851,-86.8785,POINT (-86.8785 36.2851)
20190028611,01/11/2019 06:20:00 PM,2,0,0,,N,151132,6,SIDESWIPE - OPPOSITE DIRECTION,21,CLEAR,3,DARK - LIGHTED,12,MOTOR VEHICLE IN TRANSPORT,E WEBSTER ST & GALLATIN PKES,MADISON,TN,37115,1507,MADISO,36.2518,-86.7174,POINT (-86.7174 36.2518)
20190335931,05/01/2019 07:24:00 PM,3,0,0,,N,429193,4,ANGLE,2,RAIN,5,DUSK,12,MOTOR VEHICLE IN TRANSPORT,CHARLOTTE PK & I 40 E ENTRANCE RAMP,NASHVILLE,TN,37205,5007,WEST,36.1317,-86.8958,POINT (-86.8958 36.1317)
20190275049,04/10/2019 06:50:00 AM,2,0,0,,N,109534,11,Front to Rear,21,CLEAR,1,DAYLIGHT,12,MOTOR VEHICLE IN TRANSPORT,MM 219 4 I 40,NASHVILLE,TN,37214,89043,HERMIT,36.1594,-86.6232,POINT (-86.6232 36.1594)
20190473075,06/22/2019 10:00:00 AM,2,0,0,,Y,462501,5,SIDESWIPE - SAME DIRECTION,2,RAIN,1,DAYLIGHT,12,MOTOR VEHICLE IN TRANSPORT,MM 211 0 I 40,NASHVILLE,TN,37210,82020,HERMIT,36.1544,-86.7598,POINT (-86.7598 36.1544)
20190191492,03/11/2019 12:00:00 AM,2,0,0,,Y,676824,6,SIDESWIPE - OPPOSITE DIRECTION,99,UNKNOWN,9,UNKNOWN,12;14,MOTOR VEHICLE IN TRANSPORT;PARKED MOTOR VEHICLE,15TH AVN & CLAY ST,NASHVILLE,TN,37208,4413,NORTH,36.1817,-86.8095,POINT (-86.8095 36.1817)
20190066476,01/25/2019 05:58:00 PM,2,0,0,,N,281611,11,Front to Rear,21,CLEAR,2,DARK - NOT LIGHTED,12,MOTOR VEHICLE IN TRANSPORT,CHARLOTTE PKE & I40 E EXT RAMP,NASHVILLE,TN,37205,5007,WEST,36.1314,-86.8967,POINT (-86.8967 36.1314)
20190024312,01/10/2019 08:16:00 AM,1,1,0,,N,226136,0,NOT COLLISION W/MOTOR VEHICLE-TRANSPORT,21,CLEAR,1,DAYLIGHT,7,,24TH AVS & CHILDRENS WAY,NASHVILLE,TN,37212,5809,MIDTOW,36.1389,-86.8051,POINT (-86.8051 36.1389)
20190486119,06/27/2019 01:45:00 PM,2,0,0,,N,676834,11,Front to Rear,21,CLEAR,1,DAYLIGHT,12,MOTOR VEHICLE IN TRANSPORT,MM 85 5 I 65,NASHVILLE,TN,37208,4304,CENTRA,36.1888,-86.793,POINT (-86.793 36.1888)
20190272293,04/09/2019 08:22:00 AM,2,0,0,,N,226622,11,Front to Rear,5,FOG,1,DAYLIGHT,12,MOTOR VEHICLE IN TRANSPORT,MM 204 7 I 40,NASHVILLE,TN,37209,45021,WEST,36.1539,-86.8441,POINT (-86.8441 36.1539)
20190110567,02/10/2019 12:00:00 AM,2,0,0,,Y,298867,9,UNKNOWN,2,RAIN,2,DARK - NOT LIGHTED,14,PARKED MOTOR VEHICLE,BAILEY ST & GRANADA AV,NASHVILLE,TN,37206,1927,EAST,36.1882,-86.7478,POINT (-86.7478 36.1882)
20190400945,05/25/2019 08:16:00 PM,2,1,0,,N,240979,4,ANGLE,21,CLEAR,3,DARK - LIGHTED,12,MOTOR VEHICLE IN TRANSPORT,OLD HICKORY BLVDW & HERITAGE DR,MADISON,TN,37115,1749,MADISO,36.2641,-86.7242,POINT (-86.7242 36.2641)
20190385079,05/20/2019 01:01:00 PM,2,1,0,,N,544481,4,ANGLE,21,CLEAR,1,DAYLIGHT,12,MOTOR VEHICLE IN TRANSPORT,STRATTON AV & GALLATIN AV,NASHVILLE,TN,37206,1243,EAST,36.1827,-86.7488,POINT (-86.7488 36.1827)
20190054422,01/21/2019 12:00:00 AM,2,0,0,,Y,298868,9,UNKNOWN,21,CLEAR,1,DAYLIGHT,14,PARKED MOTOR VEHICLE,HILLSBORO CIR & BANDYWOOD DR,NASHVILLE,TN,37215,6111,WEST,36.1039,-86.8196,POINT (-86.8196 36.1039)
20190537897,07/18/2019 05:31:00 PM,1,0,0,,N,151132,0,NOT COLLISION W/MOTOR VEHICLE-TRANSPORT,22,CLOUDY,1,DAYLIGHT,32;34;63,CULVERT;DITCH;Ran Off Road-Right,BRICK CHURCH PKE & UNION HILL RD,GOODLETTSVILLE,TN,37072,2139,MADISO,36.3242,-86.7711,POINT (-86.7711 36.3242)
20190254591,04/02/2019 05:53:00 PM,2,0,0,,N,267831,5,SIDESWIPE - SAME DIRECTION,21,CLEAR,1,DAYLIGHT,12,MOTOR VEHICLE IN TRANSPORT,I40 W EXT RAMP & OLD HICKORY BLVD,HERMITAGE,TN,37076,9557,HERMIT,36.1708,-86.6016,POINT (-86.6016 36.1708)
20190483578,06/26/2019 04:45:00 PM,3,0,0,,N,352204,11,Front to Rear,21,CLEAR,1,DAYLIGHT,12,MOTOR VEHICLE IN TRANSPORT,MM 93 0 I 65,MADISON,TN,37115,17040,MADISO,36.2752,-86.7354,POINT (-86.7354 36.2752)
20190299831,04/18/2019 06:06:00 PM,2,0,0,,N,690942,98,OTHER,21,CLEAR,1,DAYLIGHT,12,MOTOR VEHICLE IN TRANSPORT,S 2ND ST & KOREAN VETERANS BLVD,NASHVILLE,TN,37213,1007,CENTRA,36.1651,-86.7681,POINT (-86.7681 36.1651)
20190522434,07/12/2019 01:37:00 PM,2,1,0,,N,109534,11,Front to Rear,21,CLEAR,1,DAYLIGHT,12,MOTOR VEHICLE IN TRANSPORT,BELL RD & PRIEST WOODS DR,NASHVILLE,TN,37214,8989,HERMIT,36.1275,-86.6296,POINT (-86.6296 36.1275)
20190118721,02/13/2019 07:55:00 AM,2,0,0,,N,330438,11,Front to Rear,21,CLEAR,1,DAYLIGHT,12,MOTOR VEHICLE IN TRANSPORT,MM 204 7 I 40,NASHVILLE,TN,37209,45021,WEST,36.1539,-86.8441,POINT (-86.8441 36.1539)
20190093530,02/04/2019 12:00:00 AM,2,0,0,,Y,298865,4,ANGLE,22,CLOUDY,1,DAYLIGHT,12;36,MOTOR VEHICLE IN TRANSPORT;CONCRETE TRAFFIC BARRIER,MM 91 1 I 65,MADISON,TN,37115,17021,MADISO,36.2485,-86.7424,POINT (-86.7424 36.2485)
20190115842,02/12/2019 12:07:00 PM,2,0,0,,N,134899,5,SIDESWIPE - SAME DIRECTION,2,RAIN,1,DAYLIGHT,12,MOTOR VEHICLE IN TRANSPORT,I40 E EXT RAMP & I 40,NASHVILLE,TN,37214,8955,HERMIT,36.155,-86.6271,POINT (-86.6271 36.155)