Accident Number,Date and Time,Number of Motor Vehicles,Number of Injuries,Number of Fatalities,Property Damage,Hit and Run,Reporting Officer,Collision Type Code,Collision Type Description,Weather Code,Weather Description,Illumination Code,Illumination Description,Harmful Code,Harmful Code Description,Street Address,City,State,ZIP,RPA,Precinct,Latitude,Longitude,Mapped Location
20190462019,06/18/2019 11:22:00 AM,2,0,0,,N,414731,5,SIDESWIPE - SAME DIRECTION,22,CLOUDY,1,DAYLIGHT,12,MOTOR VEHICLE IN TRANSPORT,MM 6 5 I 440,NASHVILLE,TN,37210,81040,SOUTH,36.1242,-86.7451,POINT (-86.7451 36.1242)
20190200197,03/14/2019 12:19:00 PM,2,0,0,,N,716886,4,ANGLE,21,CLEAR,1,DAYLIGHT,12,MOTOR VEHICLE IN TRANSPORT,WHITSETT RD & LUTIE ST,NASHVILLE,TN,37210,8359,SOUTH,36.118,-86.7306,POINT (-86.7306 36.118)
20190309900,04/22/2019 05:49:00 PM,5,3,0,,N,179606,11,Front to Rear,21,CLEAR,1,DAYLIGHT,12,MOTOR VEHICLE IN TRANSPORT,MM 80 5 I 65,NASHVILLE,TN,37204,69020,MIDTOW,36.1226,-86.7733,POINT (-86.7733 36.1226)
20190263162,04/05/2019 03:04:00 PM,2,1,0,,N,834813,11,Front to Rear,22,CLOUDY,1,DAYLIGHT,12,MOTOR VEHICLE IN TRANSPORT,MM 36 7 I 24,WHITES CREEK,TN,37189,33180,NORTH,36.3184,-86.8397,POINT (-86.8397 36.3184)
20190576128,08/02/2019 08:50:00 PM,2,0,0,,N,320598,11,Front to Rear,2,RAIN,5,DUSK,12,MOTOR VEHICLE IN TRANSPORT,ELYSIAN FIELDS RD & ELYSIAN FIELDS CT,NASHVILLE,TN,37211,8415,SOUTH,36.0866,-86.7286,POINT (-86.7286 36.0866)
20190488829,06/28/2019 01:30:00 PM,2,0,0,,N,876581,11,Front to Rear,21,CLEAR,1,DAYLIGHT,12,MOTOR VEHICLE IN TRANSPORT,OLD HICKORY BLVDW & DICKERSON PKE,MADISON,TN,37115,2039,MADISO,36.2692,-86.7556,POINT (-86.7556 36.2692)
20190051190,01/20/2019 09:10:00 AM,1,0,0,Y,N,343522,0,NOT COLLISION W/MOTOR VEHICLE-TRANSPORT,4,SNOW,1,DAYLIGHT,42;64,TREE;Ran Off Road-Left,HESTER BEASLEY RD & HICKORY POINT PVTDR,NASHVILLE,TN,37221,4805,WEST,36.015,-87.0133,POINT (-87.0133 36.015)
20190095028,02/04/2019 12:00:00 AM,1,0,0,Y,Y,240981,0,NOT COLLISION W/MOTOR VEHICLE-TRANSPORT,21,CLEAR,3,DARK - LIGHTED,18;33,OTHER OBJECT (NOT FIXED);CURB,WOODLAND ST & N 11TH ST,NASHVILLE,TN,37206,1201,EAST,36.1773,-86.7505,POINT (-86.7505 36.1773)
20190369364,05/14/2019 04:45:00 PM,3,0,0,,N,279224,11,Front to Rear,21,CLEAR,1,DAYLIGHT,12,MOTOR VEHICLE IN TRANSPORT,SHELBY AV & S 8TH ST,NASHVILLE,TN,37206,1123,EAST,36.1698,-86.7565,POINT (-86.7565 36.1698)
20190159429,02/27/2019 06:17:00 PM,2,0,0,,Y,330435,5,SIDESWIPE - SAME DIRECTION,21,CLEAR,3,DARK - LIGHTED,12,MOTOR VEHICLE IN TRANSPORT,MM 86 6 I 65,NASHVILLE,TN,37207,3002,NORTH,36.1959,-86.7761,POINT (-86.7761 36.1959)
20190335042,05/01/2019 01:35:00 PM,2,1,0,,N,716886,6,SIDESWIPE - OPPOSITE DIRECTION,21,CLEAR,1,DAYLIGHT,12,MOTOR VEHICLE IN TRANSPORT,HAMILTON CHURCH RD & ZELIDA AV,ANTIOCH,TN,37013,8865,SOUTH,36.055,-86.6366,POINT (-86.6366 36.055)
20190288918,04/15/2019 12:53:00 PM,2,3,0,,N,584947,11,Front to Rear,21,CLEAR,1,DAYLIGHT,12,MOTOR VEHICLE IN TRANSPORT,FRANKLIN PKE & HAZELWOOD CIR,NASHVILLE,TN,37220,7101,MIDTOW,36.0838,-86.7723,POINT (-86.7723 36.0838)
20190381709,05/19/2019 12:45:00 AM,1,0,0,,N,279197,0,NOT COLLISION W/MOTOR VEHICLE-TRANSPORT,21,CLEAR,3,DARK - LIGHTED,30,UTILITY POLE,GALLATIN AV & SHARPE AV,NASHVILLE,TN,37206,1901,EAST,36.1888,-86.7462,POINT (-86.7462 36.1888)
20190329838,04/29/2019 07:03:00 PM,2,0,0,,N,281611,4,ANGLE,21,CLEAR,1,DAYLIGHT,12,MOTOR VEHICLE IN TRANSPORT,MM 196 5 I 40,NASHVILLE,TN,37221,4806,WEST,36.0821,-86.9544,POINT (-86.9544 36.0821)
20190195177,03/12/2019 08:10:00 PM,2,0,0,,N,197047,11,Front to Rear,21,CLEAR,2,DARK - NOT LIGHTED,14,PARKED MOTOR VEHICLE,NORVEL AV & KENNEDY AV,NASHVILLE,TN,37216,1445,EAST,36.214,-86.721,POINT (-86.721 36.214)
20190072842,01/28/2019 09:55:00 AM,2,0,0,,N,311804,4,ANGLE,21,CLEAR,1,DAYLIGHT,12,MOTOR VEHICLE IN TRANSPORT,4TH AVS & ASH ST,NASHVILLE,TN,37210,4005,CENTRA,36.1523,-86.7716,POINT (-86.7716 36.1523)
20190460769,06/17/2019 10:15:00 PM,2,0,0,,Y,279217,4,ANGLE,2,RAIN,3,DARK - LIGHTED,12,MOTOR VEHICLE IN TRANSPORT,9TH AVN & DOMINICAN DR,NASHVILLE,TN,37228,4445,NORTH,36.1866,-86.8041,POINT (-86.8041 36.1866)
20190002109,01/01/2019 11:08:00 PM,1,0,0,,Y,620080,0,NOT COLLISION W/MOTOR VEHICLE-TRANSPORT,21,CLEAR,3,DARK - LIGHTED,8,PEDESTRIAN,4TH AVS & SYMPHONY PL,NASHVILLE,TN,37203,4091,CENTRA,36.1603,-86.7768,POINT (-86.7768 36.1603)
20190141969,02/21/2019 01:17:00 PM,2,0,0,,N,225773,4,ANGLE,22,CLOUDY,1,DAYLIGHT,12,MOTOR VEHICLE IN TRANSPORT,BELMONT BLVD & GRANDVIEW DR,NASHVILLE,TN,37215,6415,MIDTOW,36.1083,-86.8006,POINT (-86.8006 36.1083)
20190293265,04/16/2019 05:13:00 PM,2,0,0,,N,256380,11,Front to Rear,21,CLEAR,1,DAYLIGHT,12,MOTOR VEHICLE IN TRANSPORT,MM 207 1 I 40,NASHVILLE,TN,37208,54020,NORTH,36.1698,-86.8093,POINT (-86.8093 36.1698)
20190534920,07/17/2019 04:13:00 PM,2,1,0,,N,256426,4,ANGLE,21,CLEAR,1,DAYLIGHT,12,MOTOR VEHICLE IN TRANSPORT,ROYAL PKWY & CLARIDGE DR,NASHVILLE,TN,37214,9103,HERMIT,36.1461,-86.6676,POINT (-86.6676 36.1461)
20190072288,01/28/2019 05:47:00 AM,2,0,0,,N,177282,11,Front to Rear,21,CLEAR,3,DARK - LIGHTED,12,MOTOR VEHICLE IN TRANSPORT,MM 58 4 I 24,ANTIOCH,TN,37013,8857,SOUTH,36.0537,-86.6728,POINT (-86.6728 36.0537)
20190355013,05/08/2019 12:00:00 AM,2,0,0,,Y,166477,5,SIDESWIPE - SAME DIRECTION,21,CLEAR,3,DARK - LIGHTED,12;14,MOTOR VEHICLE IN TRANSPORT;PARKED MOTOR VEHICLE,LUKER LN & HILL BENNETT CIR,ANTIOCH,TN,37013,8713,SOUTH,36.0554,-86.6912,POINT (-86.6912 36.0554)
20190492151,06/29/2019 11:05:00 PM,2,3,0,,N,330422,4,ANGLE,21,CLEAR,3,DARK - LIGHTED,12,MOTOR VEHICLE IN TRANSPORT,ASHLAND CITY HWY & DRAKES BRANCH RD,NASHVILLE,TN,37218,3167,NORTH,36.2076,-86.858,POINT (-86.858 36.2076)
20190240438,03/28/2019 11:56:00 AM,3,0,0,,N,140790,11,Front to Rear,21,CLEAR,1,DAYLIGHT,12,MOTOR VEHICLE IN TRANSPORT,I 40 & I 40,NASHVILLE,TN,37214,9103,HERMIT,36.1425,-86.6798,POINT (-86.6798 36.1425)
20190119583,02/13/2019 01:57:00 PM,2,0,0,,N,267831,11,Front to Rear,21,CLEAR,1,DAYLIGHT,12,MOTOR VEHICLE IN TRANSPORT,WOODLAWN DR & BOWLING AV,NASHVILLE,TN,37215,6001,WEST,36.1238,-86.8266,POINT (-86.8266 36.1238)
20190222958,03/22/2019 08:30:00 AM,2,0,0,,N,676834,11,Front to Rear,21,CLEAR,1,DAYLIGHT,12,MOTOR VEHICLE IN TRANSPORT,CLARKSVILLE PKE & BUENA VISTA PKE,NASHVILLE,TN,37218,3135,NORTH,36.1935,-86.8309,POINT (-86.8309 36.1935)
20190203134,03/15/2019 11:58:00 AM,2,1,0,,N,267831,11,Front to Rear,22,CLOUDY,1,DAYLIGHT,12,MOTOR VEHICLE IN TRANSPORT,CHARLOTTE PKE & OLD CHARLOTTE PKE,NASHVILLE,TN,37209,5009,WEST,36.1318,-86.8958,POINT (-86.8958 36.1318)
20190060330,01/23/2019 06:05:00 PM,3,1,0,,Y,256426,11,Front to Rear,2,RAIN,3,DARK - LIGHTED,12,MOTOR VEHICLE IN TRANSPORT,LEBANON PKE & CRAIGMEADE DR,NASHVILLE,TN,37214,9027,HERMIT,36.1681,-86.6913,POINT (-86.6913 36.1681)
20190369023,05/14/2019 02:32:00 PM,2,1,0,,N,311799,4,ANGLE,21,CLEAR,1,DAYLIGHT,12,MOTOR VEHICLE IN TRANSPORT,OLD HICKORY BLVDW & N GRAYCROFT AV,MADISON,TN,37115,1777,MADISO,36.2644,-86.7324,POINT (-86.7324 36.2644)
20190428635,06/05/2019 12:22:00 PM,2,0,0,,Y,690942,4,ANGLE,21,CLEAR,1,DAYLIGHT,12;99,MOTOR VEHICLE IN TRANSPORT;UNKNOWN MOST HARMFUL EVENT,4TH AVN & COMMERCE ST,NASHVILLE,TN,37201,4105,CENTRA,36.1624,-86.7781,POINT (-86.7781 36.1624)
20190265345,04/06/2019 02:16:00 PM,2,1,0,,N,212344,11,Front to Rear,21,CLEAR,1,DAYLIGHT,12,MOTOR VEHICLE IN TRANSPORT,MM 211 2 I 40,NASHVILLE,TN,37210,8008,HERMIT,36.1535,-86.7564,POINT (-86.7564 36.1535)
20190142879,02/21/2019 07:11:00 PM,2,0,0,,N,330415,5,SIDESWIPE - SAME DIRECTION,2,RAIN,3,DARK - LIGHTED,12,MOTOR VEHICLE IN TRANSPORT,4TH AVS & I40 W EXT RAMP,NASHVILLE,TN,37203,4007,CENTRA,36.1509,-86.7706,POINT (-86.7706 36.1509)
20190366420,05/13/2019 04:00:00 PM,2,0,0,,N,161939,11,Front to Rear,21,CLEAR,1,DAYLIGHT,12,MOTOR VEHICLE IN TRANSPORT,OLD FRANKLIN RD & CROSSINGS BLVD,ANTIOCH,TN,37013,8863,SOUTH,36.0372,-86.6376,POINT (-86.6376 36.0372)
20190343179,05/04/2019 02:30:00 PM,2,1,0,,N,330436,11,Front to Rear,21,CLEAR,1,DAYLIGHT,12,MOTOR VEHICLE IN TRANSPORT,4TH AVN & BROADWAY,NASHVILLE,TN,37203,4091,CENTRA,36.161,-86.7772,POINT (-86.7772 36.161)
20190543749,07/20/2019 09:48:00 PM,2,0,0,,Y,110064,4,ANGLE,21,CLEAR,3,DARK - LIGHTED,12,MOTOR VEHICLE IN TRANSPORT,BRILEY PKWYN & EAST THOMPSON LN,NASHVILLE,TN,37211,8423,SOUTH,36.1095,-86.7281,POINT (-86.7281 36.1095)
20190068309,01/26/2019 11:01:00 AM,2,0,0,,Y,320586,4,ANGLE,21,CLEAR,1,DAYLIGHT,14,PARKED MOTOR VEHICLE,NOLENSVILLE PKE & WOODBINE ST,NASHVILLE,TN,37210,8317,SOUTH,36.1169,-86.7482,POINT (-86.7482 36.1169)
20190151962,02/25/2019 08:34:00 AM,2,0,0,,N,191578,11,Front to Rear,21,CLEAR,1,DAYLIGHT,12,MOTOR VEHICLE IN TRANSPORT,OLD HICKORY BLVD & CENTRAL PKE,HERMITAGE,TN,37076,9557,HERMIT,36.1676,-86.7787,POINT (-86.7787 36.1676)
20190490326,06/29/2019 03:35:00 AM,2,1,0,,Y,240944,4,ANGLE,21,CLEAR,3,DARK - LIGHTED,12;36,MOTOR VEHICLE IN TRANSPORT;CONCRETE TRAFFIC BARRIER,MM 58 2 I 24,ANTIOCH,TN,37013,87060,SOUTH,36.0564,-86.6761,POINT (-86.6761 36.0564)
20190270520,04/08/2019 04:54:00 PM,2,0,0,,Y,256417,4,ANGLE,21,CLEAR,1,DAYLIGHT,12,MOTOR VEHICLE IN TRANSPORT,ANDREW JACKSON PKWY & JACKSON MEADOWS DR,HERMITAGE,TN,37076,9715,HERMIT,36.2174,-86.5976,POINT (-86.5976 36.2174)
20190077301,01/29/2019 04:45:00 PM,2,0,0,,N,725756,4,ANGLE,21,CLEAR,1,DAYLIGHT,12,MOTOR VEHICLE IN TRANSPORT,CHARLOTTE PKE & RUSSLEO DR,NASHVILLE,TN,37209,5021,WEST,36.1401,-86.8793,POINT (-86.8793 36.1401)
20190384861,05/20/2019 11:27:00 AM,2,2,0,,N,716886,4,ANGLE,21,CLEAR,1,DAYLIGHT,12,MOTOR VEHICLE IN TRANSPORT,MT VIEW RD & TRU LONG DR,ANTIOCH,TN,37013,8977,SOUTH,36.0669,-86.5998,POINT (-86.5998 36.0669)
20190376446,05/16/2019 11:00:00 PM,2,0,0,,Y,209173,3,REAR-TO-REAR,21,CLEAR,3,DARK - LIGHTED,14,PARKED MOTOR VEHICLE,BELLEVUE VALLEY PLAZA PVTDR & BELLE FORE,NASHVILLE,TN,37221,4901,WEST,36.0737,-86.9203,POINT (-86.9203 36.0737)
20190222758,03/22/2019 07:10:00 AM,2,0,0,,N,572251,4,ANGLE,21,CLEAR,1,DAYLIGHT,12,MOTOR VEHICLE IN TRANSPORT,OLD HICKORY BLVDW & I65 N ENT RAMP,MADISON,TN,37115,1777,MADISO,36.2643,-86.7361,POINT (-86.7361 36.2643)
20190329824,04/29/2019 06:45:00 PM,2,1,0,,N,298860,2,HEAD-ON,21,CLEAR,1,DAYLIGHT,13,MOTOR VEHICLE IN TRANSPORT-OTHER ROADWAY,OLD HICKORY BLVD & FERRELL DR,OLD HICKORY,TN,37138,9607,HERMIT,36.244,-86.6367,POINT (-86.6367 36.244)
20190126790,02/15/2019 09:30:00 PM,2,0,0,,Y,191786,5,SIDESWIPE - SAME DIRECTION,2,RAIN,3,DARK - LIGHTED,12,MOTOR VEHICLE IN TRANSPORT,MM 85 6 I 65,NASHVILLE,TN,37208,43042,NORTH,36.1872,-86.7951,POINT (-86.7951 36.1872)
20190403150,05/26/2019 11:25:00 PM,2,5,1,,N,256493,4,ANGLE,21,CLEAR,3,DARK - LIGHTED,12,MOTOR VEHICLE IN TRANSPORT,BELL RD & REELFOOT DR,NASHVILLE,TN,37214,8989,HERMIT,36.1362,-86.6298,POINT (-86.6298 36.1362)
20190162703,02/28/2019 10:17:00 PM,2,1,0,,N,206682,5,SIDESWIPE - SAME DIRECTION,21,CLEAR,3,DARK - LIGHTED,12,MOTOR VEHICLE IN TRANSPORT,STATE RT 45 & MCARTHUR DR,MADISON,TN,37115,1705,MADISO,36.2642,-86.6915,POINT (-86.6915 36.2642)
20190183545,03/08/2019 07:32:00 AM,2,0,0,,N,594473,11,Front to Rear,2,RAIN,1,DAYLIGHT,12,MOTOR VEHICLE IN TRANSPORT,I440 E EXT RAMP & I 440,NASHVILLE,TN,37205,5249,WEST,36.1366,-86.8221,POINT (-86.8221 36.1366)
20190550675,07/23/2019 10:14:00 PM,2,0,0,,Y,256383,5,SIDESWIPE - SAME DIRECTION,21,CLEAR,3,DARK - LIGHTED,12,MOTOR VEHICLE IN TRANSPORT,I24 E EXT RAMP & I 24,NASHVILLE,TN,37207,30080,NORTH,36.2378,-86.7872,POINT (-86.7872 36.2378)
20190241731,03/28/2019 06:13:00 PM,2,0,0,,N,256426,5,SIDESWIPE - SAME DIRECTION,21,CLEAR,1,DAYLIGHT,12,MOTOR VEHICLE IN TRANSPORT,MM 52 2 I 24,NASHVILLE,TN,37217,8816,SOUTH,36.1359,-86.7267,POINT (-86.7267 36.1359)
20190208160,03/17/2019 04:40:00 PM,3,0,0,,N,320577,4,ANGLE,21,CLEAR,1,DAYLIGHT,14;55,PARKED MOTOR VEHICLE;Motor Vehicle-In-Motion Outside Trafficw,MCGAVOCK ST & 16TH AVS,NASHVILLE,TN,37203,5703,MIDTOW,36.1531,-86.7927,POINT (-86.7927 36.1531)
20190262792,04/05/2019 01:10:00 PM,4,3,0,,N,256502,11,Front to Rear,21,CLEAR,1,DAYLIGHT,12,MOTOR VEHICLE IN TRANSPORT,MM 208 1 I 40,NASHVILLE,TN,37208,42023,NORTH,36.1684,-86.7964,POINT (-86.7964 36.1684)
20190213061,03/19/2019 08:44:00 AM,2,0,0,,N,332216,4,ANGLE,21,CLEAR,1,DAYLIGHT,12,MOTOR VEHICLE IN TRANSPORT,HERMITAGE AV & ACADEMY PL,NASHVILLE,TN,37210,4029,CENTRA,36.1556,-86.7662,POINT (-86.7662 36.1556)
20190082950,01/31/2019 09:41:00 AM,2,0,0,,N,462494,11,Front to Rear,21,CLEAR,1,DAYLIGHT,12,MOTOR VEHICLE IN TRANSPORT,17TH AVS & EDGEHILL AV,NASHVILLE,TN,37212,6707,MIDTOW,36.1443,-86.7943,POINT (-86.7943 36.1443)
20190010975,01/04/2019 10:10:00 PM,2,0,0,,Y,299269,4,ANGLE,2,RAIN,2,DARK - NOT LIGHTED,14,PARKED MOTOR VEHICLE,BRICK CHURCH PKE & FERN AV,NASHVILLE,TN,37207,3003,NORTH,36.1962,-86.7767,POINT (-86.7767 36.1962)
20190399870,05/25/2019 08:57:00 AM,2,0,0,,N,299249,0,NOT COLLISION W/MOTOR VEHICLE-TRANSPORT,21,CLEAR,1,DAYLIGHT,16,THROWN OR FALLING OBJECT,MM 215 4 I 40,NASHVILLE,TN,37217,89020,HERMIT,36.1434,-86.6882,POINT (-86.6882 36.1434)
20190138199,02/20/2019 08:51:00 AM,2,0,0,,Y,109530,5,SIDESWIPE - SAME DIRECTION,2,RAIN,4,DAWN,12,MOTOR VEHICLE IN TRANSPORT,3RD AVS & MOLLOY ST,NASHVILLE,TN,37201,4051,CENTRA,36.1586,-86.774,POINT (-86.774 36.1586)
20190197941,03/13/2019 05:10:00 PM,2,1,0,,N,256496,4,ANGLE,21,CLEAR,1,DAYLIGHT,12,MOTOR VEHICLE IN TRANSPORT,I40 W ENT RAMP & I 40,NASHVILLE,TN,37210,9007,HERMIT,36.1484,-86.7454,POINT (-86.7454 36.1484)
20190430828,06/06/2019 07:20:00 AM,3,0,0,,N,538214,11,Front to Rear,22,CLOUDY,2,DARK - NOT LIGHTED,12,MOTOR VEHICLE IN TRANSPORT,8TH AVS & MCGAVOCK ST,NASHVILLE,TN,37203,4075,CENTRA,36.1579,-86.7814,POINT (-86.7814 36.1579)
20190384456,05/20/2019 08:45:00 AM,2,0,0,,N,262757,11,Front to Rear,21,CLEAR,1,DAYLIGHT,12,MOTOR VEHICLE IN TRANSPORT,MURFREESBORO PKE & MCGAVOCK PKE,NASHVILLE,TN,37217,8841,SOUTH,36.1129,-86.689,POINT (-86.689 36.1129)
20190474056,06/22/2019 09:22:00 PM,2,1,0,,N,320579,4,ANGLE,21,CLEAR,3,DARK - LIGHTED,12,MOTOR VEHICLE IN TRANSPORT,BROADMOOR DR & SAUNDERS AV,NASHVILLE,TN,37216,1841,EAST,36.2297,-86.7325,POINT (-86.7325 36.2297)
20190560058,07/27/2019 03:10:00 PM,2,0,0,,N,320603,6,SIDESWIPE - OPPOSITE DIRECTION,21,CLEAR,1,DAYLIGHT,12,MOTOR VEHICLE IN TRANSPORT,DAVIDSON RD & BRESSLYN RD,NASHVILLE,TN,37205,5003,WEST,36.117,-86.8777,POINT (-86.8777 36.117)
20190400643,05/25/2019 12:00:00 AM,2,0,0,,Y,279200,5,SIDESWIPE - SAME DIRECTION,21,CLEAR,1,DAYLIGHT,12,MOTOR VEHICLE IN TRANSPORT,MM 210 8 I 40,NASHVILLE,TN,37210,40080,CENTRA,36.1544,-86.7625,POINT (-86.7625 36.1544)
20190365450,05/13/2019 08:29:00 AM,2,0,0,,N,191578,5,SIDESWIPE - SAME DIRECTION,21,CLEAR,1,DAYLIGHT,12,MOTOR VEHICLE IN TRANSPORT,MM 215 8 I 40,NASHVILLE,TN,37217,89020,HERMIT,36.1424,-86.6815,POINT (-86.6815 36.1424)
20190362308,05/11/2019 08:19:00 PM,2,0,0,,Y,212348,4,ANGLE,22,CLOUDY,3,DARK - LIGHTED,12,MOTOR VEHICLE IN TRANSPORT,8TH AVS & LAFAYETTE ST,NASHVILLE,TN,37203,4043,CENTRA,36.1546,-86.7792,POINT (-86.7792 36.1546)
20190034175,01/14/2019 06:25:00 AM,3,0,0,,N,420035,11,Front to Rear,22,CLOUDY,1,DAYLIGHT,12,MOTOR VEHICLE IN TRANSPORT,GALLATIN PKES & E PALESTINE AV,MADISON,TN,37115,1507,MADISO,36.2491,-86.7196,POINT (-86.7196 36.2491)
20190210072,03/18/2019 10:27:00 AM,2,0,0,,N,330420,11,Front to Rear,21,CLEAR,1,DAYLIGHT,12,MOTOR VEHICLE IN TRANSPORT,BELL RD & STEWARTS FERRY PKE,NASHVILLE,TN,37214,8959,HERMIT,36.1522,-86.6251,POINT (-86.6251 36.1522)
20190407894,05/28/2019 12:00:00 AM,2,0,0,,N,197056,4,ANGLE,21,CLEAR,1,DAYLIGHT,12,MOTOR VEHICLE IN TRANSPORT,NED SHELTON RD & BELL RD,NASHVILLE,TN,37217,8987,HERMIT,36.1072,-86.6298,POINT (-86.6298 36.1072)
20190083747,01/31/2019 12:00:00 AM,2,0,0,,N,256379,5,SIDESWIPE - SAME DIRECTION,21,CLEAR,1,DAYLIGHT,12,MOTOR VEHICLE IN TRANSPORT,MURFREESBORO PKE & BELL RD,NASHVILLE,TN,37217,8939,HERMIT,36.0901,-86.6581,POINT (-86.6581 36.0901)
20190001336,01/01/2019 02:51:00 PM,2,0,0,,Y,256379,11,Front to Rear,22,CLOUDY,1,DAYLIGHT,12,MOTOR VEHICLE IN TRANSPORT,THOMPSON LN & NOLENSVILLE PKE,NASHVILLE,TN,37211,8425,SOUTH,36.1109,-86.7447,POINT (-86.7447 36.1109)
20190144198,02/22/2019 12:00:00 AM,2,0,0,Y,Y,226134,0,NOT COLLISION W/MOTOR VEHICLE-TRANSPORT,2,RAIN,3,DARK - LIGHTED,14;31,"PARKED MOTOR VEHICLE;OTHER POST, POLE, SUPP.",BELL RD & MURFREESBORO PKE,ANTIOCH,TN,37013,8865,SOUTH,36.0719,-86.6362,POINT (-86.6362 36.0719)
20190048748,01/19/2019 03:30:00 AM,2,0,0,,Y,320591,4,ANGLE,2,RAIN,3,DARK - LIGHTED,12,MOTOR VEHICLE IN TRANSPORT,OLD HICKORY BLVD & MURFREESBORO PKE,ANTIOCH,TN,37013,8903,SOUTH,36.0395,-86.6029,POINT (-86.6029 36.0395)
20190433987,06/07/2019 10:56:00 AM,2,1,0,,N,191578,5,SIDESWIPE - SAME DIRECTION,2,RAIN,1,DAYLIGHT,12,MOTOR VEHICLE IN TRANSPORT,MM 212 3 I 40,NASHVILLE,TN,37210,8206,HERMIT,36.1447,-86.7399,POINT (-86.7399 36.1447)
20190159320,02/27/2019 12:00:00 AM,2,0,0,,Y,298837,11,Front to Rear,21,CLEAR,1,DAYLIGHT,12,MOTOR VEHICLE IN TRANSPORT,BROADWAY & 15TH AVN,NASHVILLE,TN,37203,5701,MIDTOW,36.1552,-86.7907,POINT (-86.7907 36.1552)
20190301312,04/19/2019 07:45:00 AM,2,0,0,,Y,191578,5,SIDESWIPE - SAME DIRECTION,2,RAIN,1,DAYLIGHT,12,MOTOR VEHICLE IN TRANSPORT,HARDING PL & MURFREESBORO PKE,NASHVILLE,TN,37217,8849,SOUTH,36.0986,-86.6594,POINT (-86.6594 36.0986)
20190323391,04/26/2019 07:57:00 PM,1,0,0,,N,834813,0,NOT COLLISION W/MOTOR VEHICLE-TRANSPORT,22,CLOUDY,2,DARK - NOT LIGHTED,34,DITCH,OLD HICKORY BLVD & EATONS CREEK RD,NASHVILLE,TN,37218,3213,NORTH,36.26,-86.8934,POINT (-86.8934 36.26)
20190562809,07/28/2019 10:09:00 PM,4,3,0,,N,279225,11,Front to Rear,21,CLEAR,3,DARK - LIGHTED,12,MOTOR VEHICLE IN TRANSPORT,LAKEVILLA DR & MURFREESBORO PKE,NASHVILLE,TN,37217,8939,HERMIT,36.0774,-86.6412,POINT (-86.6412 36.0774)
20190175201,03/05/2019 04:13:00 PM,2,0,0,,N,206675,11,Front to Rear,21,CLEAR,1,DAYLIGHT,12,MOTOR VEHICLE IN TRANSPORT,OLD HICKORY BLVD & S HILLVIEW DR,NASHVILLE,TN,37220,7111,MIDTOW,36.0375,-86.791,POINT (-86.791 36.0375)
20190496187,07/01/2019 05:18:00 PM,2,1,0,,N,309262,4,ANGLE,21,CLEAR,1,DAYLIGHT,12,MOTOR VEHICLE IN TRANSPORT,MYATT DR & MYATT CENTER LN,MADISON,TN,37115,1715,MADISO,36.2468,-86.6694,POINT (-86.6694 36.2468)
20190520382,07/11/2019 05:18:00 PM,2,0,0,,Y,267831,4,ANGLE,21,CLEAR,1,DAYLIGHT,12,MOTOR VEHICLE IN TRANSPORT,CENTENNIAL BLVD & 51ST AVN,NASHVILLE,TN,37209,4509,WEST,36.162,-86.849,POINT (-86.849 36.162)
20190155871,02/26/2019 01:30:00 PM,2,1,0,,N,191578,4,ANGLE,21,CLEAR,1,DAYLIGHT,12,MOTOR VEHICLE IN TRANSPORT,OLD HICKORY BLVD & BURNING TREE DR,HERMITAGE,TN,37076,9557,HERMIT,36.1742,-86.6019,POINT (-86.6019 36.1742)
20190316585,04/24/2019 01:50:00 PM,2,0,0,,N,109534,98,OTHER,21,CLEAR,1,DAYLIGHT,14,PARKED MOTOR VEHICLE,DONELSON PKE & DONELSON PK MCAMPBELL AV,NASHVILLE,TN,37214,9119,HERMIT,36.1581,-86.6648,POINT (-86.6648 36.1581)
20190048197,01/18/2019 08:23:00 PM,2,0,0,,Y,279124,98,OTHER,21,CLEAR,3,DARK - LIGHTED,12;14,MOTOR VEHICLE IN TRANSPORT;PARKED MOTOR VEHICLE,HARDING PL & LARGO DR,NASHVILLE,TN,37211,8705,SOUTH,36.0833,-86.7086,POINT (-86.7086 36.0833)
20190458875,06/17/2019 06:48:00 AM,2,0,0,,Y,812949,6,SIDESWIPE - OPPOSITE DIRECTION,21,CLEAR,1,DAYLIGHT,12,MOTOR VEHICLE IN TRANSPORT,MM 86 6 I 65,NASHVILLE,TN,37207,3002,NORTH,36.1959,-86.7761,POINT (-86.7761 36.1959)
20190531141,07/16/2019 08:36:00 AM,2,0,0,,N,594473,5,SIDESWIPE - SAME DIRECTION,21,CLEAR,1,DAYLIGHT,12,MOTOR VEHICLE IN TRANSPORT,GLENROSE AV & NOLENSVILLE PKE,NASHVILLE,TN,37210,8109,SOUTH,36.1258,-86.7526,POINT (-86.7526 36.1258)
20190363793,05/12/2019 12:00:00 AM,2,0,0,,Y,279200,5,SIDESWIPE - SAME DIRECTION,21,CLEAR,1,DAYLIGHT,12,MOTOR VEHICLE IN TRANSPORT,5TH AVS & BROADWAY,NASHVILLE,TN,37203,4089,CENTRA,36.1605,-86.7784,POINT (-86.7784 36.1605)
20190200774,03/14/2019 04:47:00 PM,1,1,0,,Y,714641,0,NOT COLLISION W/MOTOR VEHICLE-TRANSPORT,22,CLOUDY,1,DAYLIGHT,8,PEDESTRIAN,8TH AVS & MCGAVOCK ST,NASHVILLE,TN,37203,4075,CENTRA,36.1579,-86.7814,POINT (-86.7814 36.1579)