Accident Number,Date and Time,Number of Motor Vehicles,Number of Injuries,Number of Fatalities,Property Damage,Hit and Run,Reporting Officer,Collision Type Code,Collision Type Description,Weather Code,Weather Description,Illumination Code,Illumination Description,Harmful Code,Harmful Code Description,Street Address,City,State,ZIP,RPA,Precinct,Latitude,Longitude,Mapped Location
20190292661,04/16/2019 03:45:00 PM,2,0,0,,N,544482,4,ANGLE,21,CLEAR,1,DAYLIGHT,12,MOTOR VEHICLE IN TRANSPORT,OLD HICKORY BLVD & EDMONDSON PKE,NASHVILLE,TN,37220,8615,MIDTOW,36.04,-86.7435,POINT (-86.7435 36.04)
20190302856,04/19/2019 08:25:00 PM,1,1,0,,N,311328,0,NOT COLLISION W/MOTOR VEHICLE-TRANSPORT,2,RAIN,3,DARK - LIGHTED,8,PEDESTRIAN,DEMONBREUN ST & 4TH AVS,NASHVILLE,TN,37203,4055,CENTRA,36.159,-86.7759,POINT (-86.7759 36.159)
20190547172,07/22/2019 03:55:00 PM,2,1,0,,N,298874,11,Front to Rear,2,RAIN,1,DAYLIGHT,12,MOTOR VEHICLE IN TRANSPORT,MM 48 8 I 24,NASHVILLE,TN,37213,1104,CENTRA,36.1682,-86.7659,POINT (-86.7659 36.1682)
20190276652,04/10/2019 06:44:00 PM,2,0,0,,N,256380,11,Front to Rear,21,CLEAR,1,DAYLIGHT,12,MOTOR VEHICLE IN TRANSPORT,ROSA L PARKS BLVD & MADISON ST,NASHVILLE,TN,37208,4305,NORTH,36.1738,-86.7917,POINT (-86.7917 36.1738)
20190144876,02/22/2019 11:21:00 AM,1,0,0,,N,553957,0,NOT COLLISION W/MOTOR VEHICLE-TRANSPORT,2,RAIN,1,DAYLIGHT,72,EMBANKMENT ROCK/STONE/CONCRETE,MM 51 6 I 24,NASHVILLE,TN,37210,82061,HERMIT,36.1403,-86.7313,POINT (-86.7313 36.1403)
20190459954,06/17/2019 03:20:00 PM,2,0,0,,N,256389,2,HEAD-ON,22,CLOUDY,1,DAYLIGHT,12,MOTOR VEHICLE IN TRANSPORT,18TH AVN & CHURCH ST,NASHVILLE,TN,37203,5521,MIDTOW,36.155,-86.7975,POINT (-86.7975 36.155)
20190421246,06/02/2019 07:29:00 PM,2,0,0,,N,887598,11,Front to Rear,21,CLEAR,1,DAYLIGHT,12,MOTOR VEHICLE IN TRANSPORT,CLARKSVILLE PKE & BUENA VISTA PKE,NASHVILLE,TN,37218,3135,NORTH,36.1935,-86.8309,POINT (-86.8309 36.1935)
20190523632,07/12/2019 11:20:00 PM,2,0,0,,N,330416,4,ANGLE,21,CLEAR,3,DARK - LIGHTED,12,MOTOR VEHICLE IN TRANSPORT,GALLATIN PKEN & ROOSEVELT AV,MADISON,TN,37115,1761,MADISO,36.2717,-86.7103,POINT (-86.7103 36.2717)
20190146117,02/22/2019 09:26:00 PM,2,0,0,,N,256419,11,Front to Rear,2,RAIN,3,DARK - LIGHTED,12,MOTOR VEHICLE IN TRANSPORT,JEFFERSON ST & 17TH AVN,NASHVILLE,TN,37208,5409,NORTH,36.1697,-86.8056,POINT (-86.8056 36.1697)
20190439154,06/09/2019 06:10:00 PM,2,1,0,,N,433550,11,Front to Rear,2,RAIN,1,DAYLIGHT,12,MOTOR VEHICLE IN TRANSPORT,SHUTE LN & SAUNDERSVILLE RD,OLD HICKORY,TN,37138,9717,HERMIT,36.2267,-86.6032,POINT (-86.6032 36.2267)
20190050984,01/20/2019 06:08:00 AM,2,2,0,,N,284059,4,ANGLE,2,RAIN,3,DARK - LIGHTED,12,MOTOR VEHICLE IN TRANSPORT,BRICK CHURCH PKE & WOODFOLK AV,NASHVILLE,TN,37207,3021,NORTH,36.2159,-86.7804,POINT (-86.7804 36.2159)
20180007339,01/03/2019 05:51:00 PM,2,1,0,,N,714641,11,Front to Rear,21,CLEAR,3,DARK - LIGHTED,12,MOTOR VEHICLE IN TRANSPORT,JAMES ROBERTSON PKWY & MAIN ST,NASHVILLE,TN,37207,1109,EAST,36.1726,-86.7659,POINT (-86.7659 36.1726)
20190512201,07/08/2019 12:26:00 PM,2,0,0,,N,267831,4,ANGLE,21,CLEAR,1,DAYLIGHT,12,MOTOR VEHICLE IN TRANSPORT,COCKRILL BEND BLVD & COCKRILL BEND CIR,NASHVILLE,TN,37209,4653,WEST,36.1782,-86.896,POINT (-86.896 36.1782)
20190501203,07/03/2019 10:00:00 AM,2,0,0,,N,402660,11,Front to Rear,21,CLEAR,1,DAYLIGHT,12,MOTOR VEHICLE IN TRANSPORT,HARDING PKE & WOODLAWN DR,NASHVILLE,TN,37205,6021,WEST,36.1274,-86.8442,POINT (-86.8442 36.1274)
20190100595,02/06/2019 03:00:00 PM,2,1,0,,N,256374,11,Front to Rear,2,RAIN,1,DAYLIGHT,12,MOTOR VEHICLE IN TRANSPORT,NOLENSVILLE PKE & ELYSIAN FIELDS RD,NASHVILLE,TN,37211,8501,MIDTOW,36.0859,-86.7291,POINT (-86.7291 36.0859)
20190503987,07/04/2019 10:30:00 AM,2,0,0,,N,420035,4,ANGLE,21,CLEAR,1,DAYLIGHT,12,MOTOR VEHICLE IN TRANSPORT,E OLD HICKORY BLVD & ARCHWOOD DR,MADISON,TN,37115,1613,MADISO,36.2629,-86.6872,POINT (-86.6872 36.2629)
20190380947,05/18/2019 04:35:00 PM,2,0,0,,N,330436,5,SIDESWIPE - SAME DIRECTION,21,CLEAR,1,DAYLIGHT,12,MOTOR VEHICLE IN TRANSPORT,DIVISION ST & OVERTON ST,NASHVILLE,TN,37203,4011,CENTRA,36.1509,-86.7824,POINT (-86.7824 36.1509)
20190273573,04/09/2019 06:04:00 PM,1,1,0,Y,Y,256380,0,NOT COLLISION W/MOTOR VEHICLE-TRANSPORT,21,CLEAR,1,DAYLIGHT,18,OTHER OBJECT (NOT FIXED),CLARKSVILLE PKE & NORTH GATE SHOPPING CT,NASHVILLE,TN,37218,3163,NORTH,36.2004,-86.8392,POINT (-86.8392 36.2004)
20190063636,01/24/2019 06:58:00 PM,2,0,0,,N,311333,11,Front to Rear,22,CLOUDY,2,DARK - NOT LIGHTED,12,MOTOR VEHICLE IN TRANSPORT,MT VIEW RD & CROSSINGS BLVD,ANTIOCH,TN,37013,8863,SOUTH,36.0455,-86.6473,POINT (-86.6473 36.0455)
20190557471,07/26/2019 10:39:00 AM,2,0,0,,N,226622,4,ANGLE,21,CLEAR,1,DAYLIGHT,12,MOTOR VEHICLE IN TRANSPORT,WHITE BRIDGE PKE & CHARLOTTE PKE,NASHVILLE,TN,37209,5033,WEST,36.1494,-86.8579,POINT (-86.8579 36.1494)
20190124790,02/15/2019 06:56:00 AM,2,0,0,,Y,594473,5,SIDESWIPE - SAME DIRECTION,21,CLEAR,1,DAYLIGHT,12,MOTOR VEHICLE IN TRANSPORT,MM 79 7 I 65,NASHVILLE,TN,37204,8504,MIDTOW,36.1092,-86.7698,POINT (-86.7698 36.1092)
20190566488,07/30/2019 11:00:00 AM,2,0,0,,N,665896,5,SIDESWIPE - SAME DIRECTION,21,CLEAR,1,DAYLIGHT,12,MOTOR VEHICLE IN TRANSPORT,S 5TH ST & SHELBY AV,NASHVILLE,TN,37206,1009,EAST,36.1676,-86.7622,POINT (-86.7622 36.1676)
20190182208,03/07/2019 05:40:00 PM,2,0,0,,N,256389,4,ANGLE,21,CLEAR,3,DARK - LIGHTED,12,MOTOR VEHICLE IN TRANSPORT,TROUSDALE DR & BRIARWOOD DR,NASHVILLE,TN,37220,8601,MIDTOW,36.0775,-86.7589,POINT (-86.7589 36.0775)
20190055881,01/22/2019 07:38:00 AM,3,0,0,,N,225773,11,Front to Rear,21,CLEAR,1,DAYLIGHT,12,MOTOR VEHICLE IN TRANSPORT,I440 W ENT RAMP & I 65,NASHVILLE,TN,37204,7018,MIDTOW,36.1157,-86.7732,POINT (-86.7732 36.1157)
20190535993,07/18/2019 01:20:00 AM,1,0,0,,N,226054,0,NOT COLLISION W/MOTOR VEHICLE-TRANSPORT,21,CLEAR,3,DARK - LIGHTED,46,TRAFFIC SIGNAL SUPPORT,CENTENNIAL BLVD & COCKRILL BEND BLVD,NASHVILLE,TN,37209,4641,WEST,36.1712,-86.8741,POINT (-86.8741 36.1712)
20190343842,05/04/2019 10:45:00 PM,3,1,0,,N,279216,11,Front to Rear,2,RAIN,3,DARK - LIGHTED,12;24,MOTOR VEHICLE IN TRANSPORT;GUARDRAIL FACE,MM 86 5 I 65,NASHVILLE,TN,37207,3006,NORTH,36.1946,-86.7762,POINT (-86.7762 36.1946)
20190183328,03/08/2019 05:16:00 AM,3,0,0,,N,279216,11,Front to Rear,2,RAIN,3,DARK - LIGHTED,12,MOTOR VEHICLE IN TRANSPORT,MM 86 4 I 65,NASHVILLE,TN,37207,19060,EAST,36.1937,-86.7758,POINT (-86.7758 36.1937)
20190175474,03/05/2019 05:26:00 PM,2,0,0,,Y,206675,4,ANGLE,21,CLEAR,1,DAYLIGHT,12,MOTOR VEHICLE IN TRANSPORT,NOLENSVILLE PKE & VERITAS ST,NASHVILLE,TN,37211,8431,SOUTH,36.0971,-86.7382,POINT (-86.7382 36.0971)
20190438852,06/09/2019 10:00:00 AM,1,0,0,Y,Y,240952,0,NOT COLLISION W/MOTOR VEHICLE-TRANSPORT,22,CLOUDY,1,DAYLIGHT,43,OTHER FIXED OBJECTS,ARBOR CREST BLVD & ARBOR KNOLL BLVD,ANTIOCH,TN,37013,8753,SOUTH,36.0387,-86.6683,POINT (-86.6683 36.0387)
20190259056,04/04/2019 05:45:00 AM,2,1,0,,N,256493,11,Front to Rear,21,CLEAR,1,DAYLIGHT,12,MOTOR VEHICLE IN TRANSPORT,MURFREESBORO PKE & NASHBORO BLVD,ANTIOCH,TN,37013,8891,SOUTH,36.0869,-86.6487,POINT (-86.6487 36.0869)
20190537950,07/18/2019 05:43:00 PM,2,0,0,,N,256383,2,HEAD-ON,2,RAIN,1,DAYLIGHT,12,MOTOR VEHICLE IN TRANSPORT,BREWER DR & TUSCULUM RD,NASHVILLE,TN,37211,8715,SOUTH,36.0577,-86.702,POINT (-86.702 36.0577)
20190354373,05/08/2019 07:08:00 PM,2,1,0,,Y,256424,4,ANGLE,21,CLEAR,1,DAYLIGHT,1;12,MOTOR VEHICLE IN TRANSPORT,MM 215 6 I 40,NASHVILLE,TN,37214,9102,HERMIT,36.1431,-86.6845,POINT (-86.6845 36.1431)
20190514028,07/09/2019 08:45:00 AM,3,0,0,,N,462474,5,SIDESWIPE - SAME DIRECTION,21,CLEAR,1,DAYLIGHT,12;7,MOTOR VEHICLE IN TRANSPORT,CHARLOTTE AV & 14TH AVN,NASHVILLE,TN,37203,5501,MIDTOW,36.1606,-86.7941,POINT (-86.7941 36.1606)
20190471168,06/21/2019 12:50:00 PM,2,2,0,,Y,902543,11,Front to Rear,21,CLEAR,1,DAYLIGHT,12,MOTOR VEHICLE IN TRANSPORT,DICKERSON PKE & GATEWOOD AV,NASHVILLE,TN,37207,1861,EAST,36.2009,-86.7697,POINT (-86.7697 36.2009)
20190204950,03/16/2019 03:30:00 AM,2,1,0,,Y,191573,11,Front to Rear,21,CLEAR,3,DARK - LIGHTED,12,MOTOR VEHICLE IN TRANSPORT,4TH AVS & KOREAN VETERANS BLVD,NASHVILLE,TN,37201,4047,CENTRA,36.1569,-86.7745,POINT (-86.7745 36.1569)
20190387971,05/21/2019 12:00:00 PM,2,0,0,,N,716877,5,SIDESWIPE - SAME DIRECTION,21,CLEAR,1,DAYLIGHT,12,MOTOR VEHICLE IN TRANSPORT,CROSSINGS BLVD & MT VIEW RD,ANTIOCH,TN,37013,8863,SOUTH,36.0455,-86.6473,POINT (-86.6473 36.0455)
20190547132,07/22/2019 03:41:00 PM,2,1,0,,N,256383,4,ANGLE,2,RAIN,1,DAYLIGHT,12,MOTOR VEHICLE IN TRANSPORT,RURAL HILL RD & HICKORY HIGHLANDS DR,ANTIOCH,TN,37013,8861,SOUTH,36.0594,-86.6452,POINT (-86.6452 36.0594)
20190162394,02/28/2019 07:27:00 PM,3,3,0,,N,256426,11,Front to Rear,21,CLEAR,3,DARK - LIGHTED,12,MOTOR VEHICLE IN TRANSPORT,MM 212 9 I 40,NASHVILLE,TN,37210,82061,HERMIT,36.1404,-86.7312,POINT (-86.7312 36.1404)
20190461673,06/18/2019 07:47:00 AM,1,1,0,,N,311799,0,NOT COLLISION W/MOTOR VEHICLE-TRANSPORT,2,RAIN,1,DAYLIGHT,36,CONCRETE TRAFFIC BARRIER,MM 91 2 I 65,MADISON,TN,37115,2006,MADISO,36.2503,-86.7413,POINT (-86.7413 36.2503)
20190507422,07/05/2019 09:07:00 PM,1,0,0,Y,N,887592,0,NOT COLLISION W/MOTOR VEHICLE-TRANSPORT,21,CLEAR,3,DARK - LIGHTED,19,BUILDING,JAMES ROBERTSON PKWY & MAIN ST,NASHVILLE,TN,37207,1109,EAST,36.1726,-86.7659,POINT (-86.7659 36.1726)
20190250908,04/01/2019 12:45:00 PM,2,0,0,,N,716886,11,Front to Rear,21,CLEAR,1,DAYLIGHT,12,MOTOR VEHICLE IN TRANSPORT,I24 E EXT RAMP & I 24,NASHVILLE,TN,37207,30080,NORTH,36.2378,-86.7872,POINT (-86.7872 36.2378)
20190305216,04/20/2019 09:43:00 PM,2,2,0,,N,256443,4,ANGLE,21,CLEAR,3,DARK - LIGHTED,12,MOTOR VEHICLE IN TRANSPORT,DOVERSIDE DR & SKYLINE COMMONS PVTDR,NASHVILLE,TN,37207,2011,MADISO,36.242,-86.7625,POINT (-86.7625 36.242)
20190306334,04/21/2019 01:30:00 AM,2,0,0,,Y,320586,6,SIDESWIPE - OPPOSITE DIRECTION,99,UNKNOWN,2,DARK - NOT LIGHTED,14,PARKED MOTOR VEHICLE,OLD FOREST RD & SHIRE DR,ANTIOCH,TN,37013,8753,SOUTH,36.035,-86.6663,POINT (-86.6663 36.035)
20190436321,06/08/2019 08:45:00 AM,2,0,0,,N,468030,6,SIDESWIPE - OPPOSITE DIRECTION,22,CLOUDY,1,DAYLIGHT,12,MOTOR VEHICLE IN TRANSPORT,S 7TH ST & SYLVAN ST,NASHVILLE,TN,37206,1021,EAST,36.1677,-86.757,POINT (-86.757 36.1677)
20190443450,06/11/2019 12:00:00 AM,1,0,0,,N,109534,0,NOT COLLISION W/MOTOR VEHICLE-TRANSPORT,21,CLEAR,1,DAYLIGHT,34;50,DITCH;DEER (ANIMAL),TULIP GROVE RD & STROMBURY DR,HERMITAGE,TN,37076,9513,HERMIT,36.1876,-86.5934,POINT (-86.5934 36.1876)
20190417036,05/31/2019 06:41:00 PM,2,0,0,,N,240955,11,Front to Rear,21,CLEAR,1,DAYLIGHT,12,MOTOR VEHICLE IN TRANSPORT,I24 E ENT RAMP & I 24,NASHVILLE,TN,37213,1007,CENTRA,36.1662,-86.7659,POINT (-86.7659 36.1662)
20190116948,02/12/2019 07:18:00 PM,2,0,0,,N,212343,5,SIDESWIPE - SAME DIRECTION,21,CLEAR,3,DARK - LIGHTED,12,MOTOR VEHICLE IN TRANSPORT,ROSA L PARKS AV & 6TH AVN,NASHVILLE,TN,37203,4155,CENTRA,36.1643,-86.7856,POINT (-86.7856 36.1643)
20190003629,01/02/2019 10:00:00 AM,1,0,0,Y,N,716886,0,NOT COLLISION W/MOTOR VEHICLE-TRANSPORT,21,CLEAR,1,DAYLIGHT,34;72,DITCH;EMBANKMENT ROCK/STONE/CONCRETE,FRANKLIN LIMESTONE RD & EVERGREEN RIDGE,NASHVILLE,TN,37217,8849,SOUTH,36.0921,-86.6601,POINT (-86.6601 36.0921)
20190158499,02/27/2019 11:42:00 AM,2,0,0,,Y,807344,11,Front to Rear,21,CLEAR,1,DAYLIGHT,12,MOTOR VEHICLE IN TRANSPORT,SPRING ST & N 1ST ST,NASHVILLE,TN,37207,1955,CENTRA,36.177,-86.7746,POINT (-86.7746 36.177)
20190534751,07/17/2019 02:28:00 PM,2,0,0,,Y,714641,11,Front to Rear,21,CLEAR,1,DAYLIGHT,12,MOTOR VEHICLE IN TRANSPORT,I24 E ENT RAMP & I 24,NASHVILLE,TN,37213,1007,CENTRA,36.1662,-86.7659,POINT (-86.7659 36.1662)
20190064830,01/25/2019 06:20:00 AM,1,0,0,,N,226136,0,NOT COLLISION W/MOTOR VEHICLE-TRANSPORT,21,CLEAR,7,Dark-Unknown Lighting,18,OTHER OBJECT (NOT FIXED),MM 1 6 I 440,NASHVILLE,TN,37209,5310,MIDTOW,36.1525,-86.8225,POINT (-86.8225 36.1525)
20190467739,06/20/2019 09:29:00 AM,2,1,0,,N,352205,5,SIDESWIPE - SAME DIRECTION,21,CLEAR,1,DAYLIGHT,12,MOTOR VEHICLE IN TRANSPORT,MM 210 3 I 40,NASHVILLE,TN,37203,4006,CENTRA,36.15,-86.7724,POINT (-86.7724 36.15)
20150550257,07/23/2019 06:40:00 PM,2,1,0,,N,420040,4,ANGLE,22,CLOUDY,1,DAYLIGHT,12,MOTOR VEHICLE IN TRANSPORT,NOLENSVILLE PKE & HARRISON ST,NASHVILLE,TN,37211,8431,SOUTH,36.0983,-86.7388,POINT (-86.7388 36.0983)
20190214124,03/19/2019 03:27:00 PM,2,0,0,,N,256380,11,Front to Rear,21,CLEAR,1,DAYLIGHT,12,MOTOR VEHICLE IN TRANSPORT,NORTHSIDE STATION PVTDR & CLARKSVILLE PK,NASHVILLE,TN,37218,3141,NORTH,36.211,-86.8389,POINT (-86.8389 36.211)
20190310087,04/22/2019 07:12:00 PM,2,0,0,,N,256383,11,Front to Rear,21,CLEAR,1,DAYLIGHT,12,MOTOR VEHICLE IN TRANSPORT,TUSCULUM RD & SHIHMEN DR,ANTIOCH,TN,37013,8713,SOUTH,36.1676,-86.7787,POINT (-86.7787 36.1676)
20190113380,02/11/2019 04:49:00 PM,1,0,0,Y,N,676824,0,NOT COLLISION W/MOTOR VEHICLE-TRANSPORT,2,RAIN,5,DUSK,29;47,LUMINAIRE/LIGHT SUPPORT;FIRE HYDRANT,VANTAGE WAY & FRENCH LANDING DR,NASHVILLE,TN,37228,4499,NORTH,36.1912,-86.7971,POINT (-86.7971 36.1912)
20190004908,01/02/2019 09:16:00 PM,5,0,0,,N,240966,11,Front to Rear,2,RAIN,3,DARK - LIGHTED,12,MOTOR VEHICLE IN TRANSPORT,MM 47 0 I 24,NASHVILLE,TN,37207,1910,CENTRA,36.1886,-86.7761,POINT (-86.7761 36.1886)
20190544516,07/21/2019 12:45:00 PM,3,0,0,,N,161952,11,Front to Rear,2,RAIN,1,DAYLIGHT,12,MOTOR VEHICLE IN TRANSPORT,MM 87 5 I 65,NASHVILLE,TN,37207,1804,EAST,36.2091,-86.776,POINT (-86.776 36.2091)
20190409610,05/29/2019 08:48:00 AM,2,0,0,,N,191578,5,SIDESWIPE - SAME DIRECTION,21,CLEAR,1,DAYLIGHT,12;72,MOTOR VEHICLE IN TRANSPORT;EMBANKMENT ROCK/STONE/CONCRETE,MM 212 0 I 40,NASHVILLE,TN,37210,90041,HERMIT,36.147,-86.7433,POINT (-86.7433 36.147)
20190418924,06/01/2019 03:30:00 PM,2,0,0,,Y,330435,5,SIDESWIPE - SAME DIRECTION,21,CLEAR,1,DAYLIGHT,12,MOTOR VEHICLE IN TRANSPORT,BRILEY PKWYE & BRILEY PKWYW,NASHVILLE,TN,37207,20120,MADISO,36.2396,-86.7751,POINT (-86.7751 36.2396)
20190280113,04/12/2019 12:40:00 AM,2,0,0,,N,240964,5,SIDESWIPE - SAME DIRECTION,21,CLEAR,3,DARK - LIGHTED,12,MOTOR VEHICLE IN TRANSPORT,OLD HICKORY BLVD & FRIST BLVD,HERMITAGE,TN,37076,9561,HERMIT,36.1776,-86.6059,POINT (-86.6059 36.1776)
20190334230,05/01/2019 06:40:00 AM,2,1,0,,N,175719,4,ANGLE,21,CLEAR,1,DAYLIGHT,1;12,MOTOR VEHICLE IN TRANSPORT,GALLATIN PKE & BURCHWOOD AV,NASHVILLE,TN,37216,1403,EAST,36.201,-86.7399,POINT (-86.7399 36.201)
20190021075,01/09/2019 05:28:00 AM,2,0,0,,N,212349,5,SIDESWIPE - SAME DIRECTION,21,CLEAR,3,DARK - LIGHTED,12,MOTOR VEHICLE IN TRANSPORT,MM 211 8 I 40,NASHVILLE,TN,37210,90022,HERMIT,36.149,-86.7465,POINT (-86.7465 36.149)
20190492369,06/30/2019 01:00:00 AM,1,0,0,Y,Y,212335,0,NOT COLLISION W/MOTOR VEHICLE-TRANSPORT,22,CLOUDY,3,DARK - LIGHTED,30;33,UTILITY POLE;CURB,JAMES ROBERTSON PKWY & 2ND AVN,NASHVILLE,TN,37201,4163,CENTRA,36.1676,-86.7786,POINT (-86.7786 36.1676)
20190334971,05/01/2019 11:55:00 AM,2,0,0,,N,352204,5,SIDESWIPE - SAME DIRECTION,22,CLOUDY,1,DAYLIGHT,12,MOTOR VEHICLE IN TRANSPORT,HARDING PL & SIDCO DR,NASHVILLE,TN,37220,8601,MIDTOW,36.0819,-86.7612,POINT (-86.7612 36.0819)
20190208620,03/17/2019 10:10:00 PM,1,0,0,Y,Y,240957,0,NOT COLLISION W/MOTOR VEHICLE-TRANSPORT,21,CLEAR,2,DARK - NOT LIGHTED,32;34;47,CULVERT;DITCH;FIRE HYDRANT,NOLENSVILLE PKE & CONCORD HILLS DR,NASHVILLE,TN,37211,8651,MIDTOW,35.9995,-86.6934,POINT (-86.6934 35.9995)
20190312282,04/23/2019 09:13:00 AM,2,0,0,,N,620072,11,Front to Rear,21,CLEAR,1,DAYLIGHT,12,MOTOR VEHICLE IN TRANSPORT,MM 209 4 I 40,NASHVILLE,TN,37203,40041,CENTRA,36.1519,-86.7866,POINT (-86.7866 36.1519)
20190391689,05/22/2019 04:24:00 PM,2,0,0,,N,405418,5,SIDESWIPE - SAME DIRECTION,21,CLEAR,1,DAYLIGHT,12,MOTOR VEHICLE IN TRANSPORT,WEDGEWOOD AV & 12TH AVS,NASHVILLE,TN,37203,6913,MIDTOW,36.1361,-86.7879,POINT (-86.7879 36.1361)
20190096167,02/05/2019 08:22:00 AM,2,0,0,,N,191578,11,Front to Rear,22,CLOUDY,1,DAYLIGHT,12,MOTOR VEHICLE IN TRANSPORT,ELM HILL PKE & ELM HILL PKE EB EXT RAMP,NASHVILLE,TN,37210,9041,HERMIT,36.1513,-86.6916,POINT (-86.6916 36.1513)
20190508735,07/06/2019 01:16:00 PM,2,1,0,,N,299249,4,ANGLE,21,CLEAR,1,DAYLIGHT,12,MOTOR VEHICLE IN TRANSPORT,OLD HICKORY BLVD & 2ND ST,OLD HICKORY,TN,37138,9717,HERMIT,36.2168,-86.6235,POINT (-86.6235 36.2168)
20190059425,01/23/2019 11:20:00 AM,2,0,0,,Y,226136,11,Front to Rear,2,RAIN,1,DAYLIGHT,12,MOTOR VEHICLE IN TRANSPORT,HARDING PL & DANBY DR,NASHVILLE,TN,37211,8607,MIDTOW,36.0786,-86.7452,POINT (-86.7452 36.0786)
20190494287,06/30/2019 11:58:00 PM,2,1,0,,Y,146772,4,ANGLE,21,CLEAR,3,DARK - LIGHTED,33;55,CURB;Motor Vehicle-In-Motion Outside Trafficw,OLD HICKORY BLVD & DICKERSON PKE,NASHVILLE,TN,37207,2133,MADISO,36.2694,-86.7564,POINT (-86.7564 36.2694)
20190329413,04/29/2019 01:40:00 PM,2,0,0,,Y,311798,5,SIDESWIPE - SAME DIRECTION,21,CLEAR,1,DAYLIGHT,12,MOTOR VEHICLE IN TRANSPORT,ALBION ST & 26TH AVN,NASHVILLE,TN,37208,5353,NORTH,36.1653,-86.8153,POINT (-86.8153 36.1653)
20190343602,05/04/2019 07:18:00 PM,2,0,0,,Y,299267,4,ANGLE,2,RAIN,3,DARK - LIGHTED,12,MOTOR VEHICLE IN TRANSPORT,OLD HICKORY BLVD & NOLENSVILLE PKE,ANTIOCH,TN,37013,8757,SOUTH,36.0455,-86.7122,POINT (-86.7122 36.0455)
20190391616,05/22/2019 04:09:00 PM,2,0,0,,N,690942,4,ANGLE,21,CLEAR,1,DAYLIGHT,12,MOTOR VEHICLE IN TRANSPORT,ROSA L PARKS BLVD & COMMERCE ST,NASHVILLE,TN,37203,4115,CENTRA,36.1603,-86.783,POINT (-86.783 36.1603)
20190581496,08/05/2019 12:00:00 PM,2,0,0,,N,665896,5,SIDESWIPE - SAME DIRECTION,21,CLEAR,1,DAYLIGHT,12,MOTOR VEHICLE IN TRANSPORT,DICKERSON PKE & OAK VALLEY DR,NASHVILLE,TN,37207,1811,EAST,36.2305,-86.7591,POINT (-86.7591 36.2305)
20190322788,04/26/2019 03:00:00 PM,2,1,0,,N,256386,11,Front to Rear,21,CLEAR,1,DAYLIGHT,12,MOTOR VEHICLE IN TRANSPORT,MM 214 1 I 40,NASHVILLE,TN,37210,90062,HERMIT,36.142,-86.7124,POINT (-86.7124 36.142)
20190013380,01/06/2019 04:30:00 AM,1,1,0,,Y,298866,0,NOT COLLISION W/MOTOR VEHICLE-TRANSPORT,21,CLEAR,2,DARK - NOT LIGHTED,8,PEDESTRIAN,OLD HICKORY BLVD & CHICKERING RD,NASHVILLE,TN,37221,6215,WEST,36.0505,-86.8767,POINT (-86.8767 36.0505)
20190261776,04/05/2019 04:00:00 AM,1,0,0,Y,Y,298871,0,NOT COLLISION W/MOTOR VEHICLE-TRANSPORT,21,CLEAR,3,DARK - LIGHTED,33;43;63,CURB;OTHER FIXED OBJECTS;Ran Off Road-Right,PARK PLZ & HOLMAN ST,NASHVILLE,TN,37203,5623,MIDTOW,36.1489,-86.8191,POINT (-86.8191 36.1489)
20190134713,02/19/2019 06:30:00 AM,2,1,0,,N,226136,11,Front to Rear,22,CLOUDY,1,DAYLIGHT,12,MOTOR VEHICLE IN TRANSPORT,OLD HICKORY BLVD & FRANKLIN PIKE CIR,BRENTWOOD,TN,37027,8623,MIDTOW,36.0405,-86.7801,POINT (-86.7801 36.0405)
20190195432,03/12/2019 09:09:00 PM,2,1,0,,N,110090,11,Front to Rear,21,CLEAR,3,DARK - LIGHTED,12,MOTOR VEHICLE IN TRANSPORT,OLD HICKORY BLVD & I24 E ENT RAMP,ANTIOCH,TN,37013,8771,SOUTH,36.0134,-86.6207,POINT (-86.6207 36.0134)
20190208465,03/17/2019 08:22:00 PM,1,0,0,,N,240979,0,NOT COLLISION W/MOTOR VEHICLE-TRANSPORT,21,CLEAR,2,DARK - NOT LIGHTED,18,OTHER OBJECT (NOT FIXED),BRICK CHURCH PKE & OLD HICKORY BLVD,WHITES CREEK,TN,37189,2015,MADISO,36.2796,-86.7836,POINT (-86.7836 36.2796)
20190259493,04/04/2019 09:27:00 AM,2,0,0,,N,299243,5,SIDESWIPE - SAME DIRECTION,21,CLEAR,1,DAYLIGHT,12,MOTOR VEHICLE IN TRANSPORT,CHARLOTTE AV & ROSA L PARKS BLVD,NASHVILLE,TN,37203,4147,CENTRA,36.1634,-86.7876,POINT (-86.7876 36.1634)
20190304653,04/20/2019 03:54:00 PM,3,2,0,,N,212338,11,Front to Rear,21,CLEAR,1,DAYLIGHT,12;6,MOTOR VEHICLE IN TRANSPORT,OLD HICKORY BLVD & I65 S EXT RAMP,NASHVILLE,TN,37220,7111,MIDTOW,36.0377,-86.7848,POINT (-86.7848 36.0377)
20190431450,06/06/2019 12:06:00 PM,2,1,0,,N,462474,11,Front to Rear,22,CLOUDY,1,DAYLIGHT,12,MOTOR VEHICLE IN TRANSPORT,HARDING PL & NOLENSVILLE PKE,NASHVILLE,TN,37211,8705,SOUTH,36.0797,-86.7261,POINT (-86.7261 36.0797)
20190111081,02/10/2019 10:10:00 PM,2,1,0,,N,298875,11,Front to Rear,21,CLEAR,3,DARK - LIGHTED,12,MOTOR VEHICLE IN TRANSPORT,MURFREESBORO PKE & DOVER GLEN DR,ANTIOCH,TN,37013,8861,SOUTH,36.077,-86.6413,POINT (-86.6413 36.077)