Accident Number,Date and Time,Number of Motor Vehicles,Number of Injuries,Number of Fatalities,Property Damage,Hit and Run,Reporting Officer,Collision Type Code,Collision Type Description,Weather Code,Weather Description,Illumination Code,Illumination Description,Harmful Code,Harmful Code Description,Street Address,City,State,ZIP,RPA,Precinct,Latitude,Longitude,Mapped Location
20190400171,05/25/2019 11:35:00 AM,2,0,0,,N,226600,4,ANGLE,22,CLOUDY,1,DAYLIGHT,12,MOTOR VEHICLE IN TRANSPORT,HILLSBORO PKE & ABBOTT MARTIN RD,NASHVILLE,TN,37215,6111,WEST,36.1054,-86.8142,POINT (-86.8142 36.1054)
20190564954,07/29/2019 06:45:00 PM,2,1,0,,N,330417,98,OTHER,21,CLEAR,1,DAYLIGHT,12;63;99,MOTOR VEHICLE IN TRANSPORT;Ran Off Road-Right;UNKNOWN MOST HARMFUL EVENT,MM 90 9 I 65,MADISON,TN,37115,20044,MADISO,36.2468,-86.7444,POINT (-86.7444 36.2468)
20190387366,05/21/2019 08:08:00 AM,2,2,0,,N,191578,4,ANGLE,21,CLEAR,1,DAYLIGHT,1;12,MOTOR VEHICLE IN TRANSPORT,LEBANON PKE & OLD HICKORY BLVD,HERMITAGE,TN,37076,9613,HERMIT,36.1756,-86.6154,POINT (-86.6154 36.1756)
20190084397,01/31/2019 08:06:00 PM,2,1,0,,N,620080,11,Front to Rear,21,CLEAR,3,DARK - LIGHTED,12,MOTOR VEHICLE IN TRANSPORT,OLD HICKORY & OWEN,ANTIOCH,TN,37013,8867,SOUTH,36.0227,-86.6163,POINT (-86.6163 36.0227)
20190578358,08/03/2019 05:50:00 PM,1,0,0,Y,N,320598,0,NOT COLLISION W/MOTOR VEHICLE-TRANSPORT,2,RAIN,5,DUSK,24,GUARDRAIL FACE,EDMONDSON PIKE & HOLT RD,NASHVILLE,TN,37211,8651,MIDTOW,36.0156,-86.7406,POINT (-86.7406 36.0156)
20190103490,02/07/2019 11:35:00 AM,2,0,0,,Y,330411,5,SIDESWIPE - SAME DIRECTION,21,CLEAR,1,DAYLIGHT,14,PARKED MOTOR VEHICLE,FROST ST & CAIN HARBOR DR,NASHVILLE,TN,37214,9301,HERMIT,36.238,-86.6943,POINT (-86.6943 36.238)
20190554531,07/25/2019 08:12:00 AM,1,0,0,,N,352159,0,NOT COLLISION W/MOTOR VEHICLE-TRANSPORT,21,CLEAR,1,DAYLIGHT,18,OTHER OBJECT (NOT FIXED),ELLINGTON PKWYS & BROADMOOR DR,NASHVILLE,TN,37216,1880,EAST,36.2307,-86.7477,POINT (-86.7477 36.2307)
20190006992,01/03/2019 03:19:00 PM,2,2,0,,N,212338,11,Front to Rear,21,CLEAR,1,DAYLIGHT,12;6,MOTOR VEHICLE IN TRANSPORT,OLD HICKORY BLVD & ZERMATT AV,NASHVILLE,TN,37211,8651,MIDTOW,36.0457,-86.7206,POINT (-86.7206 36.0457)
20190384313,05/20/2019 07:25:00 AM,2,0,0,,Y,278580,5,SIDESWIPE - SAME DIRECTION,21,CLEAR,1,DAYLIGHT,12,MOTOR VEHICLE IN TRANSPORT,MM 87 6 I 65,NASHVILLE,TN,37207,1804,EAST,36.2107,-86.7758,POINT (-86.7758 36.2107)
20190233835,03/26/2019 06:20:00 AM,2,0,0,,N,191578,5,SIDESWIPE - SAME DIRECTION,21,CLEAR,1,DAYLIGHT,12,MOTOR VEHICLE IN TRANSPORT,MM 210 8 I 40,NASHVILLE,TN,37210,40080,CENTRA,36.1544,-86.7625,POINT (-86.7625 36.1544)
20190454198,06/15/2019 01:15:00 AM,1,1,0,,N,189243,0,NOT COLLISION W/MOTOR VEHICLE-TRANSPORT,21,CLEAR,3,DARK - LIGHTED,1;39,WALL,I24 E ENT RAMP & I 440,NASHVILLE,TN,37210,83043,SOUTH,36.1254,-86.7296,POINT (-86.7296 36.1254)
20190077761,01/29/2019 08:49:00 PM,2,0,0,,N,212344,4,ANGLE,21,CLEAR,3,DARK - LIGHTED,14,PARKED MOTOR VEHICLE,S 12TH ST & WOODLAND ST,NASHVILLE,TN,37206,1239,EAST,36.1772,-86.7485,POINT (-86.7485 36.1772)
20190524576,07/13/2019 11:00:00 AM,2,0,0,,N,481573,4,ANGLE,21,CLEAR,1,DAYLIGHT,12,MOTOR VEHICLE IN TRANSPORT,25TH AVN & CENTENNIAL PARK PVTDR,NASHVILLE,TN,37203,5623,MIDTOW,36.1503,-86.8107,POINT (-86.8107 36.1503)
20190109919,02/10/2019 07:17:00 AM,1,0,0,,N,311325,0,NOT COLLISION W/MOTOR VEHICLE-TRANSPORT,2,RAIN,1,DAYLIGHT,36,CONCRETE TRAFFIC BARRIER,I24 W ENT RAMP & I 40,NASHVILLE,TN,37217,8818,HERMIT,36.1397,-86.7275,POINT (-86.7275 36.1397)
20190300066,04/18/2019 07:59:00 PM,1,0,0,,N,905011,0,NOT COLLISION W/MOTOR VEHICLE-TRANSPORT,2,RAIN,3,DARK - LIGHTED,36,CONCRETE TRAFFIC BARRIER,MM 204 8 I 40,NASHVILLE,TN,37209,45020,WEST,36.1539,-86.8425,POINT (-86.8425 36.1539)
20190265551,04/06/2019 04:15:00 PM,2,0,0,,N,320599,5,SIDESWIPE - SAME DIRECTION,21,CLEAR,1,DAYLIGHT,12,MOTOR VEHICLE IN TRANSPORT,MM 213 5 I 40,NASHVILLE,TN,37210,90062,HERMIT,36.1406,-86.7215,POINT (-86.7215 36.1406)
20190549627,07/23/2019 01:45:00 PM,2,0,0,,N,225773,5,SIDESWIPE - SAME DIRECTION,21,CLEAR,1,DAYLIGHT,12,MOTOR VEHICLE IN TRANSPORT,MM 5 2 I 440,NASHVILLE,TN,37204,8306,MIDTOW,36.1179,-86.7684,POINT (-86.7684 36.1179)
20190522617,07/12/2019 02:54:00 PM,2,0,0,,N,620080,5,SIDESWIPE - SAME DIRECTION,21,CLEAR,1,DAYLIGHT,12,MOTOR VEHICLE IN TRANSPORT,MM 212 8 I 40,NASHVILLE,TN,37210,90040,HERMIT,36.1425,-86.7353,POINT (-86.7353 36.1425)
20190378840,05/17/2019 04:40:00 PM,2,0,0,,Y,212338,5,SIDESWIPE - SAME DIRECTION,21,CLEAR,1,DAYLIGHT,12,MOTOR VEHICLE IN TRANSPORT,I440 E ENT RAMP & I 440,NASHVILLE,TN,37205,6007,WEST,36.1346,-86.8203,POINT (-86.8203 36.1346)
20190005982,01/03/2019 07:52:00 AM,2,0,0,,N,716886,11,Front to Rear,21,CLEAR,1,DAYLIGHT,12,MOTOR VEHICLE IN TRANSPORT,MM 6 6 I 440,NASHVILLE,TN,37210,81040,SOUTH,36.1243,-86.7447,POINT (-86.7447 36.1243)
20190097420,02/05/2019 03:50:00 PM,2,0,0,,Y,256427,11,Front to Rear,21,CLEAR,1,DAYLIGHT,12,MOTOR VEHICLE IN TRANSPORT,MM 211 8 I 40,NASHVILLE,TN,37210,90022,HERMIT,36.149,-86.7465,POINT (-86.7465 36.149)
20190283635,04/13/2019 07:30:00 AM,1,0,0,Y,N,279230,0,NOT COLLISION W/MOTOR VEHICLE-TRANSPORT,2,RAIN,1,DAYLIGHT,1;19;64,BUILDING;Ran Off Road-Left,125 BART DR,ANTIOCH,TN,37013,8713,SOUTH,36.0576,-86.6932,POINT (-86.6932 36.0576)
20190040918,01/16/2019 11:25:00 AM,2,0,0,,N,191578,11,Front to Rear,21,CLEAR,1,DAYLIGHT,12,MOTOR VEHICLE IN TRANSPORT,MM 212 3 I 40,NASHVILLE,TN,37210,8206,HERMIT,36.1447,-86.7399,POINT (-86.7399 36.1447)
20190567245,07/30/2019 04:57:00 PM,2,1,0,,N,256426,11,Front to Rear,22,CLOUDY,1,DAYLIGHT,12,MOTOR VEHICLE IN TRANSPORT,MM 212 1 I 40,NASHVILLE,TN,37210,90041,HERMIT,36.1463,-86.7422,POINT (-86.7422 36.1463)
20190557942,07/26/2019 03:30:00 PM,2,0,0,,N,279224,5,SIDESWIPE - SAME DIRECTION,21,CLEAR,1,DAYLIGHT,12,MOTOR VEHICLE IN TRANSPORT,SHELBY AV & S 4TH ST,NASHVILLE,TN,37206,1009,EAST,36.167,-86.7637,POINT (-86.7637 36.167)
20190163423,03/01/2019 05:55:00 AM,2,0,0,,N,192378,5,SIDESWIPE - SAME DIRECTION,22,CLOUDY,3,DARK - LIGHTED,12,MOTOR VEHICLE IN TRANSPORT,MM 54 0 I 24,NASHVILLE,TN,37211,88122,SOUTH,36.1064,-86.7188,POINT (-86.7188 36.1064)
20190173955,03/05/2019 08:00:00 AM,2,0,0,,N,224464,5,SIDESWIPE - SAME DIRECTION,21,CLEAR,1,DAYLIGHT,12,MOTOR VEHICLE IN TRANSPORT,W HAMILTON AV & HAYNES PARK DR,NASHVILLE,TN,37218,3103,NORTH,36.2082,-86.8343,POINT (-86.8343 36.2082)
20190151924,02/25/2019 09:18:00 AM,2,1,0,,N,716886,11,Front to Rear,21,CLEAR,1,DAYLIGHT,12,MOTOR VEHICLE IN TRANSPORT,NOLENSVILLE PKE & WOODYCREST AV,NASHVILLE,TN,37211,8041,MIDTOW,36.1312,-86.7562,POINT (-86.7562 36.1312)
20190089476,02/02/2019 03:28:00 PM,2,0,0,,Y,256443,3,REAR-TO-REAR,21,CLEAR,1,DAYLIGHT,12;14,MOTOR VEHICLE IN TRANSPORT;PARKED MOTOR VEHICLE,SKYLINE VILLAGE PVTDR & CREEKWOOD DR,NASHVILLE,TN,37207,2005,MADISO,36.233,-86.7705,POINT (-86.7705 36.233)
20190058922,01/23/2019 07:05:00 AM,2,0,0,,N,278580,11,Front to Rear,2,RAIN,1,DAYLIGHT,12,MOTOR VEHICLE IN TRANSPORT,HARDING PKE & VAUGHNS GAP RD,NASHVILLE,TN,37205,4913,WEST,36.0926,-86.8854,POINT (-86.8854 36.0926)
20190561524,07/28/2019 12:00:00 AM,1,0,0,Y,Y,278580,9,UNKNOWN,21,CLEAR,1,DAYLIGHT,99,UNKNOWN MOST HARMFUL EVENT,MM 39 4 I 24,WHITES CREEK,TN,37189,3314,NORTH,36.2912,-86.8102,POINT (-86.8102 36.2912)
20190337662,05/02/2019 11:20:00 AM,2,0,0,,N,226136,5,SIDESWIPE - SAME DIRECTION,22,CLOUDY,1,DAYLIGHT,12,MOTOR VEHICLE IN TRANSPORT,MM 209 7 I 40,NASHVILLE,TN,37203,4004,CENTRA,36.1492,-86.7812,POINT (-86.7812 36.1492)
20190223595,03/22/2019 12:30:00 PM,2,0,0,,N,226098,11,Front to Rear,21,CLEAR,1,DAYLIGHT,12,MOTOR VEHICLE IN TRANSPORT,BRILEY PKWYE & BRILEY PKWYW,NASHVILLE,TN,37207,20120,MADISO,36.2396,-86.7751,POINT (-86.7751 36.2396)
20190438985,06/09/2019 03:45:00 PM,1,1,0,Y,N,887598,0,NOT COLLISION W/MOTOR VEHICLE-TRANSPORT,21,CLEAR,1,DAYLIGHT,30,UTILITY POLE,MANCHESTER AV & CLARKSVILLE PKE,NASHVILLE,TN,37218,3161,NORTH,36.1954,-86.834,POINT (-86.834 36.1954)
20190546264,07/22/2019 08:38:00 AM,2,0,0,,N,212369,4,ANGLE,21,CLEAR,1,DAYLIGHT,13;14,MOTOR VEHICLE IN TRANSPORT-OTHER ROADWAY;PARKED MOTOR VEHICLE,16TH AVS & MCGAVOCK ST,NASHVILLE,TN,37203,5701,MIDTOW,36.153,-86.792,POINT (-86.792 36.153)
20190230618,03/25/2019 08:50:00 AM,3,2,0,,N,109527,11,Front to Rear,22,CLOUDY,1,DAYLIGHT,12,MOTOR VEHICLE IN TRANSPORT,MURFREESBORO PKE & LAKEVILLA DR,ANTIOCH,TN,37013,8861,SOUTH,36.0767,-86.6409,POINT (-86.6409 36.0767)
20190496257,07/01/2019 05:51:00 PM,2,1,0,,N,279204,11,Front to Rear,21,CLEAR,1,DAYLIGHT,12,MOTOR VEHICLE IN TRANSPORT,MM 85 2 I 65,NASHVILLE,TN,37208,4404,NORTH,36.1833,-86.7989,POINT (-86.7989 36.1833)
20190125404,02/15/2019 11:41:00 AM,2,0,0,,N,493304,4,ANGLE,22,CLOUDY,1,DAYLIGHT,12,MOTOR VEHICLE IN TRANSPORT,GALLATIN PKES & MAPLE ST,MADISON,TN,37115,1607,MADISO,36.2617,-86.7124,POINT (-86.7124 36.2617)
20190339647,05/03/2019 05:02:00 AM,1,0,0,,N,298871,0,NOT COLLISION W/MOTOR VEHICLE-TRANSPORT,2,RAIN,3,DARK - LIGHTED,33,CURB,15TH AVS & ACKLEN AV,NASHVILLE,TN,37212,6613,MIDTOW,36.1348,-86.7921,POINT (-86.7921 36.1348)
20190489442,06/28/2019 05:05:00 PM,2,0,0,,N,330415,5,SIDESWIPE - SAME DIRECTION,21,CLEAR,1,DAYLIGHT,12,MOTOR VEHICLE IN TRANSPORT,0 2ND AVS,NASHVILLE,TN,37210,4029,CENTRA,36.1533,-86.7696,POINT (-86.7696 36.1533)
20190289367,04/15/2019 04:20:00 PM,2,0,0,,N,256417,11,Front to Rear,21,CLEAR,1,DAYLIGHT,12,MOTOR VEHICLE IN TRANSPORT,OLD HICKORY BLVD & OLD LEBANON DIRT RD,HERMITAGE,TN,37076,9507,HERMIT,36.1911,-86.6152,POINT (-86.6152 36.1911)
20190388670,05/21/2019 04:55:00 PM,2,0,0,,N,179606,11,Front to Rear,21,CLEAR,1,DAYLIGHT,12,MOTOR VEHICLE IN TRANSPORT,MM 210 1 I 40,NASHVILLE,TN,37203,4006,CENTRA,36.1492,-86.7751,POINT (-86.7751 36.1492)
20190147354,02/23/2019 10:20:00 AM,2,0,0,,N,166478,5,SIDESWIPE - SAME DIRECTION,2,RAIN,1,DAYLIGHT,12,MOTOR VEHICLE IN TRANSPORT,GARFIELD ST & ROSA L PARKS BLVD,NASHVILLE,TN,37208,4343,NORTH,36.1806,-86.7963,POINT (-86.7963 36.1806)
20190110397,02/10/2019 12:30:00 PM,1,0,0,Y,Y,799013,0,NOT COLLISION W/MOTOR VEHICLE-TRANSPORT,2,RAIN,1,DAYLIGHT,38,FENCE,DAHLIA DR & RIVER HILLS DR,NASHVILLE,TN,37210,9021,HERMIT,36.1613,-86.7119,POINT (-86.7119 36.1613)
20190394727,05/23/2019 01:17:00 PM,2,0,0,,Y,279124,5,SIDESWIPE - SAME DIRECTION,21,CLEAR,1,DAYLIGHT,12,MOTOR VEHICLE IN TRANSPORT,I24E & I24 W EXT RAMP,NASHVILLE,TN,37210,8102,SOUTH,36.1336,-86.7269,POINT (-86.7269 36.1336)
20190529525,07/15/2019 05:28:00 PM,2,1,0,,N,352212,11,Front to Rear,22,CLOUDY,1,DAYLIGHT,12,MOTOR VEHICLE IN TRANSPORT,MM 219 3 I 40,NASHVILLE,TN,37214,94022,HERMIT,36.159,-86.6242,POINT (-86.6242 36.159)
20190558607,07/26/2019 05:40:00 PM,2,0,0,,N,352172,11,Front to Rear,21,CLEAR,3,DARK - LIGHTED,12,MOTOR VEHICLE IN TRANSPORT,OLD HICKORY BLVD & HIGHWAY 70S,NASHVILLE,TN,37221,4901,WEST,36.0742,-86.9208,POINT (-86.9208 36.0742)
20190138770,02/20/2019 12:55:00 PM,1,0,0,Y,N,226600,0,NOT COLLISION W/MOTOR VEHICLE-TRANSPORT,22,CLOUDY,1,DAYLIGHT,24,GUARDRAIL FACE,BRILEY PKWYN & BRILEY PKWYS,NASHVILLE,TN,37211,8404,SOUTH,36.1092,-86.727,POINT (-86.727 36.1092)
20190263030,04/05/2019 03:17:00 PM,2,1,0,,N,267831,11,Front to Rear,22,CLOUDY,1,DAYLIGHT,12,MOTOR VEHICLE IN TRANSPORT,MM 1 9 I 440,NASHVILLE,TN,37205,6004,WEST,36.1308,-86.8176,POINT (-86.8176 36.1308)
20190154719,02/26/2019 05:48:00 AM,1,0,0,,N,284059,0,NOT COLLISION W/MOTOR VEHICLE-TRANSPORT,21,CLEAR,1,DAYLIGHT,23,BRIDGE RAIL,CLAY LICK RD & CLAY LICK RD PVTDR,WHITES CREEK,TN,37189,3303,NORTH,36.3167,-86.8462,POINT (-86.8462 36.3167)
20190419064,06/01/2019 06:32:00 PM,2,0,0,,Y,209189,5,SIDESWIPE - SAME DIRECTION,21,CLEAR,1,DAYLIGHT,12,MOTOR VEHICLE IN TRANSPORT,ROSA L PARKS BLVD & GARFIELD ST,NASHVILLE,TN,37208,4343,NORTH,36.18,-86.796,POINT (-86.796 36.18)
20190158936,02/27/2019 02:01:00 PM,2,0,0,,Y,151132,11,Front to Rear,21,CLEAR,1,DAYLIGHT,12,MOTOR VEHICLE IN TRANSPORT,RIVERGATE PKWY & GALLATIN PKEN,MADISON,TN,37115,1731,MADISO,36.2969,-86.6992,POINT (-86.6992 36.2969)
20190049016,01/19/2019 07:33:00 AM,1,1,0,,N,299249,0,NOT COLLISION W/MOTOR VEHICLE-TRANSPORT,2,RAIN,1,DAYLIGHT,1,,MM 221 4 I 40,HERMITAGE,TN,37076,95020,HERMIT,36.17,-86.5912,POINT (-86.5912 36.17)
20190144513,02/22/2019 09:09:00 AM,2,0,0,,Y,414731,4,ANGLE,2,RAIN,1,DAYLIGHT,12,MOTOR VEHICLE IN TRANSPORT,ANTIOCH PKE & HAYWOOD LN,ANTIOCH,TN,37013,8899,SOUTH,36.0703,-86.6845,POINT (-86.6845 36.0703)
20190378965,05/17/2019 06:47:00 PM,2,0,0,,N,493312,11,Front to Rear,21,CLEAR,5,DUSK,12,MOTOR VEHICLE IN TRANSPORT,BRICK CHURCH PKE & MOOREWOOD DR,NASHVILLE,TN,37207,2031,MADISO,36.2332,-86.7814,POINT (-86.7814 36.2332)
20190553241,07/24/2019 07:22:00 PM,2,1,0,,N,320597,98,OTHER,21,CLEAR,1,DAYLIGHT,14,PARKED MOTOR VEHICLE,HOBSON PKE & MARITIME PORT,ANTIOCH,TN,37013,8927,SOUTH,36.0554,-86.5988,POINT (-86.5988 36.0554)
20190549471,07/23/2019 12:50:00 PM,1,0,0,Y,N,134899,0,NOT COLLISION W/MOTOR VEHICLE-TRANSPORT,21,CLEAR,1,DAYLIGHT,34,DITCH,LEBANON PKE & FAIRWAY DR,NASHVILLE,TN,37214,9109,HERMIT,36.1691,-86.6824,POINT (-86.6824 36.1691)
20190215154,03/19/2019 09:00:00 PM,2,0,0,,Y,166477,5,SIDESWIPE - SAME DIRECTION,21,CLEAR,2,DARK - NOT LIGHTED,12;14;63,MOTOR VEHICLE IN TRANSPORT;PARKED MOTOR VEHICLE;Ran Off Road-Right,BILLINGSGATE RD & CHETOPA CT,NASHVILLE,TN,37217,8853,SOUTH,36.0777,-86.6696,POINT (-86.6696 36.0777)
20190068128,01/26/2019 09:02:00 AM,2,2,0,,N,240952,4,ANGLE,21,CLEAR,1,DAYLIGHT,12,MOTOR VEHICLE IN TRANSPORT,MM 213 0 I 40,NASHVILLE,TN,37210,8219,HERMIT,36.1407,-86.7323,POINT (-86.7323 36.1407)
20190414456,05/30/2019 10:30:00 PM,1,0,0,,N,311333,0,NOT COLLISION W/MOTOR VEHICLE-TRANSPORT,22,CLOUDY,2,DARK - NOT LIGHTED,50,DEER (ANIMAL),NOLENSVILLE PKE & LORDS CHAPEL DR,ANTIOCH,TN,37013,8759,SOUTH,36.0268,-86.7129,POINT (-86.7129 36.0268)
20190200418,03/14/2019 01:45:00 PM,2,0,0,,N,320595,11,Front to Rear,2,RAIN,1,DAYLIGHT,12,MOTOR VEHICLE IN TRANSPORT,STATE HWY 255 & AIRPORT SERVICE RD,NASHVILLE,TN,37217,8951,HERMIT,36.1225,-86.6659,POINT (-86.6659 36.1225)
20190120098,02/13/2019 05:54:00 PM,2,0,0,,N,267831,11,Front to Rear,21,CLEAR,3,DARK - LIGHTED,12,MOTOR VEHICLE IN TRANSPORT,BRILEY PKWYN & BRILEY PKWYS,NASHVILLE,TN,37211,8404,SOUTH,36.1092,-86.727,POINT (-86.727 36.1092)
20190379763,05/18/2019 12:20:00 AM,2,0,0,,N,299270,4,ANGLE,21,CLEAR,3,DARK - LIGHTED,12,MOTOR VEHICLE IN TRANSPORT,CHURCH ST & 3RD AVN,NASHVILLE,TN,37201,4137,CENTRA,36.1642,-86.7777,POINT (-86.7777 36.1642)
20190025659,01/10/2019 12:00:00 AM,1,0,0,Y,Y,311332,0,NOT COLLISION W/MOTOR VEHICLE-TRANSPORT,21,CLEAR,2,DARK - NOT LIGHTED,37,Other Traffic Barrier,MCPHERSON DR & HARPETH BEND DR,NASHVILLE,TN,37221,4819,WEST,36.057,-86.9338,POINT (-86.9338 36.057)
20190105310,02/08/2019 08:33:00 AM,2,1,0,,N,191578,11,Front to Rear,21,CLEAR,1,DAYLIGHT,12,MOTOR VEHICLE IN TRANSPORT,CENTRAL PKE & S NEW HOPE RD,HERMITAGE,TN,37076,9557,HERMIT,36.1729,-86.5849,POINT (-86.5849 36.1729)
20190014044,01/06/2019 02:20:00 PM,2,2,0,,Y,320577,3,REAR-TO-REAR,21,CLEAR,1,DAYLIGHT,55,Motor Vehicle-In-Motion Outside Trafficw,VAULX LN & CLAYTON AV,NASHVILLE,TN,37204,6935,MIDTOW,36.1199,-86.7791,POINT (-86.7791 36.1199)
20190371623,05/15/2019 09:46:00 AM,2,0,0,,N,462474,11,Front to Rear,2,RAIN,1,DAYLIGHT,12,MOTOR VEHICLE IN TRANSPORT,HARDING PL & SIDCO DR,NASHVILLE,TN,37220,8601,MIDTOW,36.0819,-86.7612,POINT (-86.7612 36.0819)
20190301950,04/19/2019 12:14:00 PM,3,2,0,,Y,320575,11,Front to Rear,2,RAIN,1,DAYLIGHT,12;63,MOTOR VEHICLE IN TRANSPORT;Ran Off Road-Right,I24 W EXT RAMP & I 24,NASHVILLE,TN,37211,8829,SOUTH,36.1074,-86.7197,POINT (-86.7197 36.1074)
20190101097,02/06/2019 05:21:00 PM,2,0,0,,Y,693098,5,SIDESWIPE - SAME DIRECTION,2,RAIN,3,DARK - LIGHTED,12,MOTOR VEHICLE IN TRANSPORT,WHITE BRIDGE PKE & CHARLOTTE PKE,NASHVILLE,TN,37209,5033,WEST,36.1494,-86.8579,POINT (-86.8579 36.1494)
20190214530,03/19/2019 06:55:00 PM,2,1,0,,N,151132,5,SIDESWIPE - SAME DIRECTION,21,CLEAR,5,DUSK,12,MOTOR VEHICLE IN TRANSPORT,GALLATIN PKEN & RIVERGATE PKWY,MADISON,TN,37115,1731,MADISO,36.2973,-86.6988,POINT (-86.6988 36.2973)
20190579470,08/04/2019 01:49:00 PM,4,0,0,,N,197054,9,UNKNOWN,2,RAIN,1,DAYLIGHT,12,MOTOR VEHICLE IN TRANSPORT,MM 214 2 I 40,NASHVILLE,TN,37210,90062,HERMIT,36.1424,-86.7107,POINT (-86.7107 36.1424)
20190446780,06/12/2019 11:29:00 AM,1,0,0,Y,N,716886,0,NOT COLLISION W/MOTOR VEHICLE-TRANSPORT,21,CLEAR,1,DAYLIGHT,75,Bridge/Overhead Structure,WOODYCREST AV & TERMINAL CT,NASHVILLE,TN,37210,8115,SOUTH,36.135,-86.7433,POINT (-86.7433 36.135)
20190148450,02/23/2019 06:38:00 PM,2,0,0,,Y,279232,11,Front to Rear,2,RAIN,1,DAYLIGHT,12,MOTOR VEHICLE IN TRANSPORT,8TH AVS & DEMONBREUN ST,NASHVILLE,TN,37203,4041,CENTRA,36.1569,-86.7808,POINT (-86.7808 36.1569)
20190282154,04/12/2019 12:00:00 AM,2,2,0,,N,256441,11,Front to Rear,21,CLEAR,1,DAYLIGHT,12,MOTOR VEHICLE IN TRANSPORT,OLD HICKORY BLVD & BRENTWOOD CHASE DR,BRENTWOOD,TN,37027,8621,MIDTOW,36.0402,-86.7523,POINT (-86.7523 36.0402)
20190350861,05/07/2019 01:22:00 PM,2,0,0,,N,330436,5,SIDESWIPE - SAME DIRECTION,21,CLEAR,1,DAYLIGHT,12,MOTOR VEHICLE IN TRANSPORT,BROADWAY & 10TH AVN,NASHVILLE,TN,37203,4077,CENTRA,36.1578,-86.7846,POINT (-86.7846 36.1578)
20190319405,04/25/2019 12:16:00 PM,3,1,0,,N,633385,11,Front to Rear,21,CLEAR,1,DAYLIGHT,55,Motor Vehicle-In-Motion Outside Trafficw,300 HARDING PL,NASHVILLE,TN,37211,8845,SOUTH,36.0874,-86.6938,POINT (-86.6938 36.0874)
20190473501,06/22/2019 03:30:00 PM,2,1,0,,N,299267,11,Front to Rear,21,CLEAR,1,DAYLIGHT,12,MOTOR VEHICLE IN TRANSPORT,TUSCULUM RD & NOLENSVILLE PKE,NASHVILLE,TN,37211,8711,SOUTH,36.0591,-86.716,POINT (-86.716 36.0591)
20190526518,07/14/2019 10:20:00 AM,3,1,0,,N,262766,4,ANGLE,22,CLOUDY,1,DAYLIGHT,12,MOTOR VEHICLE IN TRANSPORT,HIGHWAY 100 & OLD HICKORY BLVD,NASHVILLE,TN,37221,6213,WEST,36.0609,-86.9153,POINT (-86.9153 36.0609)
20190025311,01/10/2019 03:30:00 PM,3,0,0,,N,717341,11,Front to Rear,21,CLEAR,1,DAYLIGHT,12,MOTOR VEHICLE IN TRANSPORT,BRILEY PKWYS & I24 E ENT RAMP,NASHVILLE,TN,37211,8336,SOUTH,36.1096,-86.7224,POINT (-86.7224 36.1096)
20190446146,06/12/2019 07:14:00 AM,2,0,0,,N,462474,11,Front to Rear,22,CLOUDY,1,DAYLIGHT,12,MOTOR VEHICLE IN TRANSPORT,SIDCO DR & ARMORY DR,NASHVILLE,TN,37204,8523,MIDTOW,36.1022,-86.7562,POINT (-86.7562 36.1022)
20190489573,06/28/2019 06:00:00 PM,2,0,0,,Y,256411,4,ANGLE,22,CLOUDY,1,DAYLIGHT,12,MOTOR VEHICLE IN TRANSPORT,JEFFERSON ST & 26TH AVN,NASHVILLE,TN,37208,4525,NORTH,36.1681,-86.8168,POINT (-86.8168 36.1681)
20190215074,03/19/2019 10:10:00 PM,2,0,0,,Y,109495,5,SIDESWIPE - SAME DIRECTION,21,CLEAR,3,DARK - LIGHTED,12,MOTOR VEHICLE IN TRANSPORT,31ST AVS & 31ST AVN,NASHVILLE,TN,37212,5815,MIDTOW,36.1424,-86.8153,POINT (-86.8153 36.1424)
20190154998,02/26/2019 08:02:00 AM,2,1,0,,N,419983,4,ANGLE,21,CLEAR,1,DAYLIGHT,12,MOTOR VEHICLE IN TRANSPORT,11TH AVS & 12TH AVS,NASHVILLE,TN,37203,4019,CENTRA,36.1525,-86.7838,POINT (-86.7838 36.1525)
20190106177,02/08/2019 03:30:00 PM,2,0,0,,N,311798,4,ANGLE,21,CLEAR,1,DAYLIGHT,12,MOTOR VEHICLE IN TRANSPORT,JEFFERSON ST & 11TH AVN,NASHVILLE,TN,37208,4245,NORTH,36.1716,-86.798,POINT (-86.798 36.1716)
20190103326,02/07/2019 02:43:00 PM,2,0,0,,N,256422,4,ANGLE,22,CLOUDY,1,DAYLIGHT,12,MOTOR VEHICLE IN TRANSPORT,CLARKSVILLE PKE & ROSA L PARKS BLVD,NASHVILLE,TN,37228,4483,NORTH,36.1889,-86.8231,POINT (-86.8231 36.1889)
20190147143,02/23/2019 08:04:00 AM,1,1,0,Y,N,109534,0,NOT COLLISION W/MOTOR VEHICLE-TRANSPORT,2,RAIN,1,DAYLIGHT,42;47;64,TREE;FIRE HYDRANT;Ran Off Road-Left,LINCOYA BAY DR & BELL RD,NASHVILLE,TN,37214,8957,HERMIT,36.1455,-86.6262,POINT (-86.6262 36.1455)
20190357931,05/10/2019 12:00:00 AM,1,0,0,,Y,330411,9,UNKNOWN,21,CLEAR,3,DARK - LIGHTED,34;99,DITCH;UNKNOWN MOST HARMFUL EVENT,CLARKSVILLE PKE & HARPER RD,JOELTON,TN,37080,3315,NORTH,36.2795,-86.8734,POINT (-86.8734 36.2795)