Accident Number,Date and Time,Number of Motor Vehicles,Number of Injuries,Number of Fatalities,Property Damage,Hit and Run,Reporting Officer,Collision Type Code,Collision Type Description,Weather Code,Weather Description,Illumination Code,Illumination Description,Harmful Code,Harmful Code Description,Street Address,City,State,ZIP,RPA,Precinct,Latitude,Longitude,Mapped Location
20190243886,03/29/2019 01:36:00 PM,2,0,0,,N,402653,4,ANGLE,21,CLEAR,1,DAYLIGHT,12,MOTOR VEHICLE IN TRANSPORT,CHARLOTTE AV & GEORGE L DAVIS BLVD,NASHVILLE,TN,37203,4205,CENTRA,36.1612,-86.7927,POINT (-86.7927 36.1612)
20190579837,08/04/2019 12:00:00 AM,1,0,0,,N,256379,0,NOT COLLISION W/MOTOR VEHICLE-TRANSPORT,22,CLOUDY,1,DAYLIGHT,36,CONCRETE TRAFFIC BARRIER,MM 55 8 I 24,NASHVILLE,TN,37211,88100,SOUTH,36.0854,-86.6996,POINT (-86.6996 36.0854)
20190546344,07/22/2019 09:15:00 AM,2,0,0,,N,225773,11,Front to Rear,21,CLEAR,1,DAYLIGHT,12,MOTOR VEHICLE IN TRANSPORT,MM 5 0 I 440,NASHVILLE,TN,37204,8306,MIDTOW,36.1164,-86.7714,POINT (-86.7714 36.1164)
20190262581,04/05/2019 12:00:00 AM,2,0,0,,Y,109534,5,SIDESWIPE - SAME DIRECTION,22,CLOUDY,1,DAYLIGHT,12;99,MOTOR VEHICLE IN TRANSPORT;UNKNOWN MOST HARMFUL EVENT,FESSLERS LN & RUNDLE AV,NASHVILLE,TN,37210,8215,HERMIT,36.1467,-86.7438,POINT (-86.7438 36.1467)
20190520211,07/11/2019 03:59:00 PM,3,0,0,,Y,256389,11,Front to Rear,21,CLEAR,1,DAYLIGHT,12,MOTOR VEHICLE IN TRANSPORT,NOLENSVILLE PKE & COLLIER AV,NASHVILLE,TN,37211,8425,SOUTH,36.11,-86.7447,POINT (-86.7447 36.11)
20190394524,05/23/2019 02:14:00 PM,2,0,0,,N,134899,4,ANGLE,21,CLEAR,1,DAYLIGHT,12,MOTOR VEHICLE IN TRANSPORT,JACKSONIAN DR & LEBANON PKE,HERMITAGE,TN,37076,9601,HERMIT,36.1944,-86.6264,POINT (-86.6264 36.1944)
20190401203,05/25/2019 10:32:00 PM,2,0,0,,Y,212321,4,ANGLE,21,CLEAR,3,DARK - LIGHTED,12,MOTOR VEHICLE IN TRANSPORT,W OAK HIGHLAND DR & BLUE HOLE RD,ANTIOCH,TN,37013,8755,SOUTH,36.0352,-86.676,POINT (-86.676 36.0352)
20190348080,05/06/2019 06:04:00 PM,2,1,0,,N,279224,4,ANGLE,22,CLOUDY,1,DAYLIGHT,12,MOTOR VEHICLE IN TRANSPORT,S 5TH ST & RUSSELL ST,NASHVILLE,TN,37206,1113,EAST,36.1708,-86.7642,POINT (-86.7642 36.1708)
20190203190,03/15/2019 01:22:00 PM,2,0,0,,N,137982,4,ANGLE,21,CLEAR,1,DAYLIGHT,12,MOTOR VEHICLE IN TRANSPORT,OLD HICKORY BLVD & OLD LEBANON DIRT RD,HERMITAGE,TN,37076,9531,HERMIT,36.1911,-86.6155,POINT (-86.6155 36.1911)
20190432630,06/06/2019 06:26:00 PM,4,0,0,,Y,419972,6,SIDESWIPE - OPPOSITE DIRECTION,2,RAIN,3,DARK - LIGHTED,12;14;55,MOTOR VEHICLE IN TRANSPORT;PARKED MOTOR VEHICLE;Motor Vehicle-In-Motion Outside Trafficw,CHARLOTTE PKE & EASTBORO DR,NASHVILLE,TN,37209,5027,WEST,36.1482,-86.8674,POINT (-86.8674 36.1482)
20190025204,01/10/2019 03:00:00 PM,2,0,0,,N,714641,5,SIDESWIPE - SAME DIRECTION,21,CLEAR,1,DAYLIGHT,12,MOTOR VEHICLE IN TRANSPORT,14TH AVS & BROADWAY,NASHVILLE,TN,37203,5701,MIDTOW,36.1557,-86.7897,POINT (-86.7897 36.1557)
20190502136,07/03/2019 12:00:00 AM,2,0,0,,N,256411,4,ANGLE,22,CLOUDY,1,DAYLIGHT,12,MOTOR VEHICLE IN TRANSPORT,16TH AVN & JO JOHNSTON AV,NASHVILLE,TN,37203,5425,NORTH,36.1622,-86.798,POINT (-86.798 36.1622)
20190166409,03/02/2019 08:55:00 AM,2,0,0,,Y,544481,5,SIDESWIPE - SAME DIRECTION,22,CLOUDY,1,DAYLIGHT,12,MOTOR VEHICLE IN TRANSPORT,I24 E ENT RAMP & I 24,NASHVILLE,TN,37213,1007,CENTRA,36.1662,-86.7659,POINT (-86.7659 36.1662)
20190512080,07/08/2019 10:55:00 AM,2,0,0,,N,279122,11,Front to Rear,21,CLEAR,1,DAYLIGHT,12,MOTOR VEHICLE IN TRANSPORT,MM 85 5 I 65,NASHVILLE,TN,37208,4304,CENTRA,36.1888,-86.793,POINT (-86.793 36.1888)
20190397871,05/24/2019 03:35:00 PM,2,0,0,,Y,299238,4,ANGLE,21,CLEAR,1,DAYLIGHT,12,MOTOR VEHICLE IN TRANSPORT,LITTON AV & BRONTE AV,NASHVILLE,TN,37216,1401,EAST,36.202,-86.7357,POINT (-86.7357 36.202)
20190150523,02/24/2019 07:50:00 PM,2,0,0,,N,299244,5,SIDESWIPE - SAME DIRECTION,21,CLEAR,3,DARK - LIGHTED,12,MOTOR VEHICLE IN TRANSPORT,8TH AVS & KOREAN VETERANS BLVD,NASHVILLE,TN,37203,4043,CENTRA,36.1549,-86.7792,POINT (-86.7792 36.1549)
20190422186,06/03/2019 07:24:00 AM,2,0,0,,N,716886,11,Front to Rear,21,CLEAR,1,DAYLIGHT,12,MOTOR VEHICLE IN TRANSPORT,I24 W EXT RAMP & I 24,NASHVILLE,TN,37211,8829,SOUTH,36.1074,-86.7197,POINT (-86.7197 36.1074)
20190391063,05/22/2019 09:55:00 AM,2,0,0,,N,693093,11,Front to Rear,21,CLEAR,1,DAYLIGHT,12,MOTOR VEHICLE IN TRANSPORT,OLD HICKORY BLVDW & BOYDS HILLTOP DR,MADISON,TN,37115,1777,MADISO,36.2642,-86.7355,POINT (-86.7355 36.2642)
20190285506,04/14/2019 03:18:00 AM,2,1,0,,Y,197053,11,Front to Rear,2,RAIN,3,DARK - LIGHTED,12;36,MOTOR VEHICLE IN TRANSPORT;CONCRETE TRAFFIC BARRIER,MM 54 5 I 24,NASHVILLE,TN,37211,84021,SOUTH,36.0999,-86.7113,POINT (-86.7113 36.0999)
20190113967,02/11/2019 10:04:00 PM,1,1,0,,Y,212344,0,NOT COLLISION W/MOTOR VEHICLE-TRANSPORT,22,CLOUDY,3,DARK - LIGHTED,8,PEDESTRIAN,I24 W ENT RAMP & I 24,NASHVILLE,TN,37206,1009,EAST,36.1666,-86.7638,POINT (-86.7638 36.1666)
20190508581,07/06/2019 11:25:00 AM,1,2,0,,N,352184,0,NOT COLLISION W/MOTOR VEHICLE-TRANSPORT,21,CLEAR,1,DAYLIGHT,8,PEDESTRIAN,6TH AVN & CHURCH ST,NASHVILLE,TN,37219,4125,CENTRA,36.1626,-86.7814,POINT (-86.7814 36.1626)
20190503820,07/03/2019 02:30:00 PM,2,0,0,,N,716886,16,Rear to Side,21,CLEAR,1,DAYLIGHT,14,PARKED MOTOR VEHICLE,MURPHYWOOD CRSG & MONROE CRSG,ANTIOCH,TN,37013,8867,SOUTH,36.0403,-86.6252,POINT (-86.6252 36.0403)
20190240204,03/28/2019 10:25:00 AM,2,0,0,,N,224464,5,SIDESWIPE - SAME DIRECTION,21,CLEAR,1,DAYLIGHT,12,MOTOR VEHICLE IN TRANSPORT,9TH AVN & CHEATHAM PL,NASHVILLE,TN,37208,4327,NORTH,36.1777,-86.7976,POINT (-86.7976 36.1777)
20190259246,04/04/2019 07:27:00 AM,1,1,0,,N,330431,0,NOT COLLISION W/MOTOR VEHICLE-TRANSPORT,22,CLOUDY,1,DAYLIGHT,8,PEDESTRIAN,HAMILTON CHURCH RD & HOBSON PKE,ANTIOCH,TN,37013,8905,SOUTH,36.0586,-86.5978,POINT (-86.5978 36.0586)
20190355030,05/09/2019 01:29:00 AM,2,0,0,,N,256382,4,ANGLE,21,CLEAR,3,DARK - LIGHTED,12,MOTOR VEHICLE IN TRANSPORT,DONELSON PKE & ALLEN RD,NASHVILLE,TN,37214,9409,HERMIT,36.1511,-86.6666,POINT (-86.6666 36.1511)
20190480841,06/25/2019 06:25:00 PM,2,0,0,,N,240979,11,Front to Rear,21,CLEAR,1,DAYLIGHT,12,MOTOR VEHICLE IN TRANSPORT,I65 N EXT RAMP & I 65,NASHVILLE,TN,37207,1863,EAST,36.2057,-86.7747,POINT (-86.7747 36.2057)
20190322954,04/26/2019 03:45:00 PM,2,0,0,,N,256448,4,ANGLE,21,CLEAR,1,DAYLIGHT,12,MOTOR VEHICLE IN TRANSPORT,DONELSON PKE & I40 W ENT RAMP,NASHVILLE,TN,37214,9103,HERMIT,36.143,-86.6667,POINT (-86.6667 36.143)
20190308807,04/22/2019 09:57:00 AM,2,0,0,,N,226136,11,Front to Rear,21,CLEAR,1,DAYLIGHT,12,MOTOR VEHICLE IN TRANSPORT,21ST AVS & WEDGEWOOD AV,NASHVILLE,TN,37212,6623,MIDTOW,36.138,-86.8007,POINT (-86.8007 36.138)
20190402257,05/26/2019 12:41:00 PM,2,2,0,,N,769379,4,ANGLE,21,CLEAR,1,DAYLIGHT,12,MOTOR VEHICLE IN TRANSPORT,HARDING PL & METROPLEX DR,NASHVILLE,TN,37211,8889,SOUTH,36.0868,-86.6959,POINT (-86.6959 36.0868)
20190456406,06/16/2019 02:10:00 AM,2,1,0,,N,169414,11,Front to Rear,21,CLEAR,3,DARK - LIGHTED,12,MOTOR VEHICLE IN TRANSPORT,BELL RD & BRENTRIDGE DR,ANTIOCH,TN,37013,8755,SOUTH,36.0465,-86.6834,POINT (-86.6834 36.0465)
20190081066,01/30/2019 07:48:00 PM,3,1,0,,N,596389,5,SIDESWIPE - SAME DIRECTION,21,CLEAR,2,DARK - NOT LIGHTED,12;14;18,MOTOR VEHICLE IN TRANSPORT;PARKED MOTOR VEHICLE;OTHER OBJECT (NOT FIXED),HIGHWAY 100 & OLD HARDING PKE,NASHVILLE,TN,37221,4807,WEST,36.0445,-86.956,POINT (-86.956 36.0445)
20190519765,07/11/2019 12:05:00 PM,2,0,0,,N,267831,5,SIDESWIPE - SAME DIRECTION,21,CLEAR,1,DAYLIGHT,12,MOTOR VEHICLE IN TRANSPORT,HARDING PKE & VAUGHNS GAP RD,NASHVILLE,TN,37205,4913,WEST,36.0926,-86.8854,POINT (-86.8854 36.0926)
20190139355,02/20/2019 05:22:00 PM,2,2,0,,N,151132,11,Front to Rear,2,RAIN,5,DUSK,12,MOTOR VEHICLE IN TRANSPORT,NORTHSIDE FESTIVAL PVTDR & LIBERTY LN,MADISON,TN,37115,1731,MADISO,36.3047,-86.689,POINT (-86.689 36.3047)
20190077470,01/29/2019 05:49:00 PM,2,1,0,,N,279225,11,Front to Rear,21,CLEAR,3,DARK - LIGHTED,12,MOTOR VEHICLE IN TRANSPORT,MM 217 9 I 40,NASHVILLE,TN,37214,94040,HERMIT,36.1411,-86.658,POINT (-86.658 36.1411)
20190118675,02/13/2019 07:34:00 AM,2,0,0,,Y,330444,11,Front to Rear,21,CLEAR,1,DAYLIGHT,12,MOTOR VEHICLE IN TRANSPORT,MM 36 2 I 24,WHITES CREEK,TN,37189,2212,NORTH,36.3195,-86.846,POINT (-86.846 36.3195)
20190580796,08/05/2019 06:49:00 AM,2,1,0,,N,109534,11,Front to Rear,21,CLEAR,1,DAYLIGHT,12,MOTOR VEHICLE IN TRANSPORT,LEBANON PKE & OMOHUNDRO PL,NASHVILLE,TN,37210,9011,HERMIT,36.1545,-86.7398,POINT (-86.7398 36.1545)
20190465993,06/19/2019 07:30:00 PM,2,1,0,,Y,279211,11,Front to Rear,2,RAIN,5,DUSK,12,MOTOR VEHICLE IN TRANSPORT,GALLATIN PKEN & MCHENRY CENTER PVTDR,GOODLETTSVILLE,TN,37072,1753,MADISO,36.2949,-86.7009,POINT (-86.7009 36.2949)
20190326906,04/28/2019 03:45:00 PM,2,0,0,,N,279208,11,Front to Rear,21,CLEAR,1,DAYLIGHT,12,MOTOR VEHICLE IN TRANSPORT,BELMONT BLVD & ASHWOOD AV,NASHVILLE,TN,37212,6605,MIDTOW,36.129,-86.7952,POINT (-86.7952 36.129)
20190382759,05/19/2019 12:47:00 PM,2,0,0,,N,320601,11,Front to Rear,22,CLOUDY,1,DAYLIGHT,12,MOTOR VEHICLE IN TRANSPORT,BELL RD & CANE RIDGE RD,ANTIOCH,TN,37013,8753,SOUTH,36.0449,-86.6631,POINT (-86.6631 36.0449)
20190528219,07/15/2019 06:38:00 AM,2,0,0,,Y,716886,11,Front to Rear,2,RAIN,1,DAYLIGHT,12,MOTOR VEHICLE IN TRANSPORT,I440 W ENT RAMP & I 24,NASHVILLE,TN,37217,8801,SOUTH,36.1232,-86.7263,POINT (-86.7263 36.1232)
20190408320,05/28/2019 09:21:00 PM,2,0,0,,N,151132,11,Front to Rear,21,CLEAR,2,DARK - NOT LIGHTED,12,MOTOR VEHICLE IN TRANSPORT,MM 41 7 I 24,WHITES CREEK,TN,37189,20161,MADISO,36.2616,-86.7889,POINT (-86.7889 36.2616)
20190312005,04/23/2019 07:27:00 AM,4,2,0,,N,755026,11,Front to Rear,21,CLEAR,1,DAYLIGHT,12,MOTOR VEHICLE IN TRANSPORT,MM 53 8 I 24,NASHVILLE,TN,37211,8402,SOUTH,36.1083,-86.7209,POINT (-86.7209 36.1083)
20190411618,05/29/2019 10:10:00 PM,5,0,0,,Y,240964,2,HEAD-ON,21,CLEAR,3,DARK - LIGHTED,14,PARKED MOTOR VEHICLE,ROCKWOOD DR & SADDLESTONE DR,HERMITAGE,TN,37076,9557,HERMIT,36.1769,-86.5971,POINT (-86.5971 36.1769)
20190205828,03/16/2019 02:08:00 PM,2,0,0,,N,279230,11,Front to Rear,21,CLEAR,1,DAYLIGHT,12,MOTOR VEHICLE IN TRANSPORT,NOLENSVILLE PKE & HARDING PL,NASHVILLE,TN,37211,8445,SOUTH,36.0809,-86.7267,POINT (-86.7267 36.0809)
20190324722,04/27/2019 12:00:00 PM,2,0,0,,Y,298867,5,SIDESWIPE - SAME DIRECTION,22,CLOUDY,1,DAYLIGHT,12,MOTOR VEHICLE IN TRANSPORT,I24 W ENT RAMP & I 65,NASHVILLE,TN,37207,18041,EAST,36.2216,-86.7738,POINT (-86.7738 36.2216)
20190477311,06/24/2019 01:00:00 PM,2,0,0,,N,299264,5,SIDESWIPE - SAME DIRECTION,21,CLEAR,1,DAYLIGHT,12,MOTOR VEHICLE IN TRANSPORT,23RD AVN & MURPHY AV,NASHVILLE,TN,37203,5609,MIDTOW,36.1537,-86.8082,POINT (-86.8082 36.1537)
20190327351,04/28/2019 12:00:00 AM,1,1,0,,N,299258,0,NOT COLLISION W/MOTOR VEHICLE-TRANSPORT,21,CLEAR,2,DARK - NOT LIGHTED,8,PEDESTRIAN,12TH AVN & JEFFERSON ST,NASHVILLE,TN,37208,5429,NORTH,36.1713,-86.7992,POINT (-86.7992 36.1713)
20190001123,01/01/2019 01:04:00 PM,2,1,0,,N,462501,4,ANGLE,21,CLEAR,1,DAYLIGHT,12,MOTOR VEHICLE IN TRANSPORT,N 1ST ST & I24 E EXT RAMP,NASHVILLE,TN,37207,1955,CENTRA,36.1784,-86.7744,POINT (-86.7744 36.1784)
20190577108,08/03/2019 11:15:00 AM,2,0,0,,Y,343522,4,ANGLE,21,CLEAR,1,DAYLIGHT,12,MOTOR VEHICLE IN TRANSPORT,BROOK HOLLOW RD & DAVIDSON RD,NASHVILLE,TN,37205,5003,WEST,36.1176,-86.8874,POINT (-86.8874 36.1176)
20190504432,07/04/2019 03:10:00 PM,2,0,0,,Y,151132,11,Front to Rear,2,RAIN,1,DAYLIGHT,12,MOTOR VEHICLE IN TRANSPORT,I65 S EXT RAMP & OLD HICKORY BLVDW,MADISON,TN,37115,2101,MADISO,36.2656,-86.7398,POINT (-86.7398 36.2656)
20190304338,04/20/2019 12:05:00 PM,2,0,0,,N,109534,5,SIDESWIPE - SAME DIRECTION,2,RAIN,1,DAYLIGHT,12,MOTOR VEHICLE IN TRANSPORT,ROBINSON RD & MERRITT ST,OLD HICKORY,TN,37138,9619,HERMIT,36.2556,-86.6536,POINT (-86.6536 36.2556)
20190031878,01/13/2019 12:00:00 AM,1,1,0,,N,311800,0,NOT COLLISION W/MOTOR VEHICLE-TRANSPORT,2,RAIN,3,DARK - LIGHTED,20;7,IMPACT ATTENUATOR,I40 W EXT RAMP & I 40,NASHVILLE,TN,37203,4119,CENTRA,36.1574,-86.79,POINT (-86.79 36.1574)
20190273247,04/09/2019 03:35:00 PM,2,0,0,,N,197435,4,ANGLE,21,CLEAR,1,DAYLIGHT,14,PARKED MOTOR VEHICLE,MAYNOR AV & AMBROSE AV,NASHVILLE,TN,37216,1837,EAST,36.2082,-86.7419,POINT (-86.7419 36.2082)
20190423331,06/03/2019 04:27:00 PM,2,0,0,,N,714641,11,Front to Rear,21,CLEAR,1,DAYLIGHT,12,MOTOR VEHICLE IN TRANSPORT,JAMES ROBERTSON PKWY & 5TH AVN,NASHVILLE,TN,37219,4203,CENTRA,36.1687,-86.7838,POINT (-86.7838 36.1687)
20190148569,02/23/2019 09:43:00 PM,1,0,0,,N,524985,0,NOT COLLISION W/MOTOR VEHICLE-TRANSPORT,2,RAIN,2,DARK - NOT LIGHTED,18,OTHER OBJECT (NOT FIXED),MM 42 0 I 24,WHITES CREEK,TN,37189,3226,NORTH,36.2582,-86.7879,POINT (-86.7879 36.2582)
20190579624,08/04/2019 03:53:00 PM,2,1,0,,N,161939,11,Front to Rear,2,RAIN,1,DAYLIGHT,12,MOTOR VEHICLE IN TRANSPORT,OLD FRANKLIN RD & MOUNT VIEW RD,ANTIOCH,TN,37013,8867,SOUTH,36.0435,-86.6309,POINT (-86.6309 36.0435)
20190292722,04/16/2019 04:02:00 PM,2,0,0,,N,256389,4,ANGLE,21,CLEAR,1,DAYLIGHT,12,MOTOR VEHICLE IN TRANSPORT,WEDGEWOOD AV & 21ST AVS,NASHVILLE,TN,37212,5825,MIDTOW,36.1376,-86.8008,POINT (-86.8008 36.1376)
20190286732,04/14/2019 04:54:00 PM,1,1,0,Y,N,299257,0,NOT COLLISION W/MOTOR VEHICLE-TRANSPORT,21,CLEAR,1,DAYLIGHT,30,UTILITY POLE,WHITE AV & BENTON AV,NASHVILLE,TN,37204,6945,MIDTOW,36.1322,-86.7761,POINT (-86.7761 36.1322)
20190416067,05/31/2019 11:50:00 AM,2,0,0,,N,716886,11,Front to Rear,21,CLEAR,1,DAYLIGHT,12,MOTOR VEHICLE IN TRANSPORT,MM 56 4 I 24,NASHVILLE,TN,37211,8810,SOUTH,36.0776,-86.6947,POINT (-86.6947 36.0776)
20190049639,01/19/2019 02:36:00 PM,1,0,0,Y,Y,212344,0,NOT COLLISION W/MOTOR VEHICLE-TRANSPORT,2,RAIN,1,DAYLIGHT,25,GUARDRAIL END,I65 S EXT RAMP & BRILEY PKWYE,NASHVILLE,TN,37216,18800,EAST,36.2396,-86.7467,POINT (-86.7467 36.2396)
20190425878,06/04/2019 12:36:00 PM,2,0,0,,N,716886,16,Rear to Side,21,CLEAR,1,DAYLIGHT,12,MOTOR VEHICLE IN TRANSPORT,1ST AVS & CRENSHAW ST,NASHVILLE,TN,37210,8149,SOUTH,36.1496,-86.7655,POINT (-86.7655 36.1496)
20190577596,08/03/2019 04:30:00 PM,2,0,0,Y,Y,256417,5,SIDESWIPE - SAME DIRECTION,21,CLEAR,1,DAYLIGHT,12,MOTOR VEHICLE IN TRANSPORT,LANDINGS WAY & THORNWOOD CT,HERMITAGE,TN,37076,9541,HERMIT,36.1882,-86.5794,POINT (-86.5794 36.1882)
20190094562,02/04/2019 06:15:00 PM,3,0,0,,Y,212344,5,SIDESWIPE - SAME DIRECTION,22,CLOUDY,3,DARK - LIGHTED,12;14,MOTOR VEHICLE IN TRANSPORT;PARKED MOTOR VEHICLE,W EASTLAND AV & LAURENT ST,NASHVILLE,TN,37206,1929,EAST,36.1842,-86.753,POINT (-86.753 36.1842)
20190248318,03/31/2019 03:03:00 AM,2,0,0,,Y,279204,11,Front to Rear,21,CLEAR,7,Dark-Unknown Lighting,12,MOTOR VEHICLE IN TRANSPORT,7TH AVN & HUME ST,NASHVILLE,TN,37208,4335,NORTH,36.1796,-86.7941,POINT (-86.7941 36.1796)
20190573956,08/02/2019 06:30:00 AM,2,0,0,,Y,226673,0,NOT COLLISION W/MOTOR VEHICLE-TRANSPORT,21,CLEAR,1,DAYLIGHT,18,OTHER OBJECT (NOT FIXED),MM 210 4 I 40,NASHVILLE,TN,37210,80022,SOUTH,36.1511,-86.7695,POINT (-86.7695 36.1511)
20190368677,05/14/2019 11:37:00 AM,2,0,0,,N,262749,11,Front to Rear,21,CLEAR,1,DAYLIGHT,12,MOTOR VEHICLE IN TRANSPORT,MM 215 3 I 40,NASHVILLE,TN,37217,89020,HERMIT,36.1436,-86.6894,POINT (-86.6894 36.1436)
20190263368,04/05/2019 05:43:00 PM,2,0,0,,N,256383,11,Front to Rear,22,CLOUDY,1,DAYLIGHT,12,MOTOR VEHICLE IN TRANSPORT,I40 E ENT RAMP & I 40,NASHVILLE,TN,37205,4903,WEST,36.1109,-86.922,POINT (-86.922 36.1109)
20190302162,04/19/2019 01:53:00 PM,2,0,0,,N,226600,4,ANGLE,2,RAIN,1,DAYLIGHT,12,MOTOR VEHICLE IN TRANSPORT,WHITE BRIDGE PKE & TARGET PVTDR,NASHVILLE,TN,37205,5019,WEST,36.1295,-86.8546,POINT (-86.8546 36.1295)
20190542373,07/20/2019 12:25:00 PM,2,4,0,,N,538214,11,Front to Rear,21,CLEAR,1,DAYLIGHT,12,MOTOR VEHICLE IN TRANSPORT,MM 86 0 I 65,NASHVILLE,TN,37208,4304,CENTRA,36.1916,-86.7859,POINT (-86.7859 36.1916)
20190269351,04/08/2019 07:32:00 AM,2,0,0,,N,279122,11,Front to Rear,2,RAIN,1,DAYLIGHT,12,MOTOR VEHICLE IN TRANSPORT,CLARKSVILLE PKE & BUENA VISTA PKE,NASHVILLE,TN,37218,3135,NORTH,36.1935,-86.8309,POINT (-86.8309 36.1935)
20190068532,01/26/2019 02:12:00 PM,2,0,0,,N,212369,11,Front to Rear,21,CLEAR,1,DAYLIGHT,12,MOTOR VEHICLE IN TRANSPORT,NOLENSVILLE PKE & GOINS RD,NASHVILLE,TN,37211,8661,MIDTOW,36.0743,-86.7247,POINT (-86.7247 36.0743)
20190072482,01/28/2019 07:26:00 AM,2,0,0,,N,279230,11,Front to Rear,21,CLEAR,1,DAYLIGHT,12,MOTOR VEHICLE IN TRANSPORT,RICHARDS RD & LORI DR,ANTIOCH,TN,37013,8899,SOUTH,36.0688,-86.6784,POINT (-86.6784 36.0688)
20190296897,04/17/2019 09:03:00 PM,2,2,0,,N,256389,4,ANGLE,21,CLEAR,3,DARK - LIGHTED,12,MOTOR VEHICLE IN TRANSPORT,WEDGEWOOD AV & HILLSIDE AV,NASHVILLE,TN,37203,6915,MIDTOW,36.1347,-86.784,POINT (-86.784 36.1347)
20190508265,07/06/2019 07:20:00 AM,1,1,0,Y,N,262757,0,NOT COLLISION W/MOTOR VEHICLE-TRANSPORT,22,CLOUDY,1,DAYLIGHT,1;34,DITCH,SMITH SPRINGS RD & SMITH SPRINGS CT,NASHVILLE,TN,37217,8941,HERMIT,36.0955,-86.6361,POINT (-86.6361 36.0955)
20190296268,04/17/2019 04:30:00 PM,2,0,0,,N,714641,5,SIDESWIPE - SAME DIRECTION,21,CLEAR,1,DAYLIGHT,12,MOTOR VEHICLE IN TRANSPORT,I40 E EXT RAMP & I 40,NASHVILLE,TN,37214,8955,HERMIT,36.155,-86.6271,POINT (-86.6271 36.155)
20190137941,02/20/2019 06:45:00 AM,2,0,0,,N,714648,11,Front to Rear,2,RAIN,4,DAWN,12,MOTOR VEHICLE IN TRANSPORT,ELLINGTON PKWY & CHICKASAW AV,NASHVILLE,TN,37207,1896,EAST,36.2005,-86.7515,POINT (-86.7515 36.2005)
20190168784,03/03/2019 12:53:00 PM,2,0,0,,N,584947,11,Front to Rear,2,RAIN,1,DAYLIGHT,12,MOTOR VEHICLE IN TRANSPORT,OLD HICKORY BLVD & S HILLVIEW DR,NASHVILLE,TN,37220,7111,MIDTOW,36.0375,-86.791,POINT (-86.791 36.0375)
20190199042,03/14/2019 02:05:00 AM,1,0,0,,N,299261,0,NOT COLLISION W/MOTOR VEHICLE-TRANSPORT,21,CLEAR,3,DARK - LIGHTED,31,"OTHER POST, POLE, SUPP.",MM 5 5 I 440,NASHVILLE,TN,37204,83062,MIDTOW,36.1211,-86.7641,POINT (-86.7641 36.1211)
20190353573,05/08/2019 01:18:00 PM,1,0,0,,N,191578,0,NOT COLLISION W/MOTOR VEHICLE-TRANSPORT,21,CLEAR,1,DAYLIGHT,18,OTHER OBJECT (NOT FIXED),FESSLERS LN & LEBANON PKE,NASHVILLE,TN,37210,9011,HERMIT,36.1543,-86.7421,POINT (-86.7421 36.1543)
20190238565,03/27/2019 08:27:00 PM,1,1,0,,N,620080,0,NOT COLLISION W/MOTOR VEHICLE-TRANSPORT,21,CLEAR,3,DARK - LIGHTED,8,PEDESTRIAN,MM 48 6 I 24,NASHVILLE,TN,37206,1102,EAST,36.171,-86.7676,POINT (-86.7676 36.171)
20190375658,05/16/2019 04:42:00 PM,2,0,0,,N,345098,4,ANGLE,21,CLEAR,1,DAYLIGHT,12,MOTOR VEHICLE IN TRANSPORT,LAKESIDE APT PVTDR & BELL RD,HERMITAGE,TN,37076,9527,HERMIT,36.1664,-86.607,POINT (-86.607 36.1664)
20190131342,02/18/2019 03:15:00 AM,1,0,0,Y,N,493301,0,NOT COLLISION W/MOTOR VEHICLE-TRANSPORT,21,CLEAR,2,DARK - NOT LIGHTED,24,GUARDRAIL FACE,HIGHWAY 70S & CHARLOTTE PKE,NASHVILLE,TN,37221,4709,WEST,36.0917,-86.9812,POINT (-86.9812 36.0917)
20190345184,05/05/2019 04:17:00 PM,2,0,0,,Y,320582,5,SIDESWIPE - SAME DIRECTION,21,CLEAR,1,DAYLIGHT,12,MOTOR VEHICLE IN TRANSPORT,DICKERSON PKE & W TRINITY LN,NASHVILLE,TN,37207,1861,EAST,36.2059,-86.7686,POINT (-86.7686 36.2059)
20190244516,03/29/2019 06:33:00 PM,2,2,0,,N,320594,2,HEAD-ON,21,CLEAR,1,DAYLIGHT,12,MOTOR VEHICLE IN TRANSPORT,BIG HORN DR & SHSHONE DR,OLD HICKORY,TN,37138,9729,HERMIT,36.2168,-86.5882,POINT (-86.5882 36.2168)
20190569988,07/31/2019 04:20:00 PM,2,1,0,,N,256501,11,Front to Rear,21,CLEAR,1,DAYLIGHT,12,MOTOR VEHICLE IN TRANSPORT,WHITES CREEK PKE & GROVER ST,NASHVILLE,TN,37207,3047,NORTH,36.2151,-86.8011,POINT (-86.8011 36.2151)
20190179240,03/06/2019 05:43:00 PM,2,0,0,,Y,306230,11,Front to Rear,21,CLEAR,1,DAYLIGHT,12,MOTOR VEHICLE IN TRANSPORT,MM 39 0 I 24,WHITES CREEK,TN,37189,33181,NORTH,36.2971,-86.8115,POINT (-86.8115 36.2971)
20190441949,06/10/2019 03:33:00 PM,2,0,0,,N,664196,4,ANGLE,21,CLEAR,1,DAYLIGHT,12,MOTOR VEHICLE IN TRANSPORT,NOLENSVILLE PKE & COLLIER AV,NASHVILLE,TN,37211,8425,SOUTH,36.11,-86.7447,POINT (-86.7447 36.11)
20190190658,03/11/2019 09:10:00 AM,2,0,0,,N,405447,11,Front to Rear,2,RAIN,1,DAYLIGHT,12,MOTOR VEHICLE IN TRANSPORT,OLD HICKORY BLVD & FRANKLIN PIKE CIR,BRENTWOOD,TN,37027,8623,MIDTOW,36.0405,-86.7801,POINT (-86.7801 36.0405)