Accident Number,Date and Time,Number of Motor Vehicles,Number of Injuries,Number of Fatalities,Property Damage,Hit and Run,Reporting Officer,Collision Type Code,Collision Type Description,Weather Code,Weather Description,Illumination Code,Illumination Description,Harmful Code,Harmful Code Description,Street Address,City,State,ZIP,RPA,Precinct,Latitude,Longitude,Mapped Location
20190272751,04/09/2019 11:45:00 AM,2,0,0,,N,161952,11,Front to Rear,21,CLEAR,1,DAYLIGHT,12,MOTOR VEHICLE IN TRANSPORT,BRILEY PKWYW & BRILEY PKWY W EXT RAMP,MADISON,TN,37115,1598,MADISO,36.2346,-86.7177,POINT (-86.7177 36.2346)
20190304465,04/20/2019 01:35:00 PM,3,1,0,,N,109534,4,ANGLE,22,CLOUDY,1,DAYLIGHT,12,MOTOR VEHICLE IN TRANSPORT,OLD LEBANON DIRT RD & OLD HICKORY BLVD,HERMITAGE,TN,37076,9507,HERMIT,36.1909,-86.6152,POINT (-86.6152 36.1909)
20190076644,01/29/2019 01:10:00 PM,2,2,0,,N,226622,4,ANGLE,21,CLEAR,1,DAYLIGHT,12,MOTOR VEHICLE IN TRANSPORT,CHARLOTTE PKE & ORLANDO AV,NASHVILLE,TN,37209,5103,WEST,36.1505,-86.8566,POINT (-86.8566 36.1505)
20190100086,02/06/2019 11:57:00 AM,2,0,0,,N,109534,11,Front to Rear,2,RAIN,1,DAYLIGHT,12,MOTOR VEHICLE IN TRANSPORT,MM 51 5 I 24,NASHVILLE,TN,37210,9004,HERMIT,36.1404,-86.7287,POINT (-86.7287 36.1404)
20190553015,07/24/2019 05:50:00 PM,2,0,0,,N,345098,4,ANGLE,21,CLEAR,1,DAYLIGHT,12,MOTOR VEHICLE IN TRANSPORT,OLD HICKORY BLVD & I24 E ENT RAMP,ANTIOCH,TN,37013,8771,SOUTH,36.0134,-86.6207,POINT (-86.6207 36.0134)
20190292283,04/16/2019 01:05:00 PM,1,0,0,,N,693093,0,NOT COLLISION W/MOTOR VEHICLE-TRANSPORT,21,CLEAR,1,DAYLIGHT,39;63,WALL;Ran Off Road-Right,MM 90 5 I 65,MADISON,TN,37115,20044,MADISO,36.2427,-86.7493,POINT (-86.7493 36.2427)
20190270730,04/08/2019 06:18:00 PM,2,0,0,,N,279208,4,ANGLE,22,CLOUDY,1,DAYLIGHT,12,MOTOR VEHICLE IN TRANSPORT,MM 209 5 I 40,NASHVILLE,TN,37203,40040,CENTRA,36.1502,-86.7844,POINT (-86.7844 36.1502)
20190145345,02/22/2019 02:40:00 PM,2,1,0,,N,256424,11,Front to Rear,2,RAIN,1,DAYLIGHT,12,MOTOR VEHICLE IN TRANSPORT,OLD MURFREESBORO PKE & SMITH SPRINGS RD,NASHVILLE,TN,37217,8947,HERMIT,36.0975,-86.6552,POINT (-86.6552 36.0975)
20190555303,07/25/2019 02:45:00 PM,2,0,0,,Y,161939,4,ANGLE,21,CLEAR,1,DAYLIGHT,12,MOTOR VEHICLE IN TRANSPORT,US HWY 41 & LAVERGNE COUCHVILLE PIKE,ANTIOCH,TN,37013,8967,SOUTH,36.0283,-86.5904,POINT (-86.5904 36.0283)
20190224246,03/22/2019 12:00:00 AM,2,0,0,,N,298877,5,SIDESWIPE - SAME DIRECTION,21,CLEAR,1,DAYLIGHT,12,MOTOR VEHICLE IN TRANSPORT,I24 E ENT RAMP & I 24,NASHVILLE,TN,37213,1007,CENTRA,36.1662,-86.7659,POINT (-86.7659 36.1662)
20190440630,06/10/2019 08:35:00 AM,3,1,0,,N,109530,11,Front to Rear,21,CLEAR,1,DAYLIGHT,12,MOTOR VEHICLE IN TRANSPORT,MM 49 0 I 24,NASHVILLE,TN,37206,10040,EAST,36.1664,-86.7647,POINT (-86.7647 36.1664)
20190467353,06/20/2019 07:28:00 AM,2,1,0,,N,834798,4,ANGLE,21,CLEAR,1,DAYLIGHT,12,MOTOR VEHICLE IN TRANSPORT,THOMPSON LN & BRANSFORD AV,NASHVILLE,TN,37204,8525,MIDTOW,36.1123,-86.767,POINT (-86.767 36.1123)
20190514040,07/09/2019 09:30:00 AM,3,1,0,,N,676834,11,Front to Rear,21,CLEAR,1,DAYLIGHT,12,MOTOR VEHICLE IN TRANSPORT,MM 207 2 I 40,NASHVILLE,TN,37208,54020,NORTH,36.1698,-86.8089,POINT (-86.8089 36.1698)
20190079222,01/30/2019 06:58:00 AM,3,0,0,,N,462474,11,Front to Rear,4,SNOW,1,DAYLIGHT,12,MOTOR VEHICLE IN TRANSPORT,OLD HICKORY BLVD & EDMONDSON PKE,NASHVILLE,TN,37220,8615,MIDTOW,36.04,-86.7435,POINT (-86.7435 36.04)
20190095148,02/04/2019 11:30:00 PM,1,0,0,,N,225819,0,NOT COLLISION W/MOTOR VEHICLE-TRANSPORT,21,CLEAR,3,DARK - LIGHTED,18,OTHER OBJECT (NOT FIXED),MM 55 4 I 24,NASHVILLE,TN,37211,8812,SOUTH,36.0901,-86.7031,POINT (-86.7031 36.0901)
20190262562,04/05/2019 09:54:00 AM,2,0,0,,Y,169421,11,Front to Rear,21,CLEAR,9,UNKNOWN,14,PARKED MOTOR VEHICLE,BUCHANAN ST & 4TH AVN,NASHVILLE,TN,37208,4337,NORTH,36.1844,-86.7928,POINT (-86.7928 36.1844)
20190549226,07/23/2019 10:30:00 AM,2,0,0,,N,352207,4,ANGLE,21,CLEAR,1,DAYLIGHT,12,MOTOR VEHICLE IN TRANSPORT,21ST AVN & STATE ST,NASHVILLE,TN,37203,5509,MIDTOW,36.1534,-86.8034,POINT (-86.8034 36.1534)
20190329537,04/29/2019 04:24:00 PM,2,0,0,,N,330415,11,Front to Rear,21,CLEAR,1,DAYLIGHT,12,MOTOR VEHICLE IN TRANSPORT,MM 210 0 I 40,NASHVILLE,TN,37203,40060,CENTRA,36.149,-86.7764,POINT (-86.7764 36.149)
20190572328,08/01/2019 03:18:00 PM,2,0,0,,N,240955,4,ANGLE,22,CLOUDY,1,DAYLIGHT,12,MOTOR VEHICLE IN TRANSPORT,MURFREESBORO PKE & BELL RD,ANTIOCH,TN,37013,8865,SOUTH,36.072,-86.636,POINT (-86.636 36.072)
20190063784,01/24/2019 09:09:00 PM,2,1,0,,N,151132,4,ANGLE,21,CLEAR,3,DARK - LIGHTED,12,MOTOR VEHICLE IN TRANSPORT,OLD HICKORY BLVDW & NESBITT LN,MADISON,TN,37115,2041,MADISO,36.2658,-86.7407,POINT (-86.7407 36.2658)
20190338344,05/02/2019 04:11:00 PM,2,0,0,,N,256383,6,SIDESWIPE - OPPOSITE DIRECTION,22,CLOUDY,1,DAYLIGHT,12,MOTOR VEHICLE IN TRANSPORT,3789 MURFREESBORO PKE,ANTIOCH,TN,37013,8867,SOUTH,36.0436,-86.6073,POINT (-86.6073 36.0436)
20190528531,07/15/2019 09:17:00 AM,2,0,0,,N,109534,4,ANGLE,2,RAIN,1,DAYLIGHT,12,MOTOR VEHICLE IN TRANSPORT,NASHBORO GREENS & LONGHUNTER LN,NASHVILLE,TN,37217,8935,HERMIT,36.0929,-86.6403,POINT (-86.6403 36.0929)
20190309229,04/22/2019 01:53:00 PM,2,0,0,,N,902543,6,SIDESWIPE - OPPOSITE DIRECTION,21,CLEAR,1,DAYLIGHT,12,MOTOR VEHICLE IN TRANSPORT,JAMES ROBERTSON PKWY & SPRING ST,NASHVILLE,TN,37206,1113,EAST,36.1728,-86.7653,POINT (-86.7653 36.1728)
20190129204,02/17/2019 01:48:00 AM,2,0,0,,N,134867,5,SIDESWIPE - SAME DIRECTION,21,CLEAR,3,DARK - LIGHTED,12,MOTOR VEHICLE IN TRANSPORT,4TH AVN & COMMERCE ST,NASHVILLE,TN,37201,4105,CENTRA,36.1624,-86.7781,POINT (-86.7781 36.1624)
20190511710,07/08/2019 06:30:00 AM,2,0,0,,N,352186,4,ANGLE,21,CLEAR,1,DAYLIGHT,12,MOTOR VEHICLE IN TRANSPORT,MM 87 3 I 65,NASHVILLE,TN,37207,1804,EAST,36.2068,-86.7762,POINT (-86.7762 36.2068)
20190175661,03/05/2019 07:38:00 PM,2,2,0,,Y,256380,4,ANGLE,21,CLEAR,3,DARK - LIGHTED,12,MOTOR VEHICLE IN TRANSPORT,W TRINITY LN & WHITES CREEK PKE,NASHVILLE,TN,37207,3009,NORTH,36.207,-86.7916,POINT (-86.7916 36.207)
20190224374,03/22/2019 06:30:00 PM,2,1,0,,N,420040,4,ANGLE,21,CLEAR,1,DAYLIGHT,12,MOTOR VEHICLE IN TRANSPORT,NOLENSVILLE PKE & I440 W EXT RAMP,NASHVILLE,TN,37211,8043,MIDTOW,36.1241,-86.7517,POINT (-86.7517 36.1241)
20190428997,06/05/2019 03:29:00 PM,2,0,0,,N,256380,4,ANGLE,21,CLEAR,1,DAYLIGHT,14,PARKED MOTOR VEHICLE,MONROE ST & 11TH AVN,NASHVILLE,TN,37208,4301,NORTH,36.1737,-86.7987,POINT (-86.7987 36.1737)
20190265192,04/06/2019 11:30:00 AM,2,0,0,,N,591933,4,ANGLE,21,CLEAR,1,DAYLIGHT,12,MOTOR VEHICLE IN TRANSPORT,NOLENSVILLE PKE & MILL CREEK WHITTEMORE,ANTIOCH,TN,37013,8757,SOUTH,36.04,-86.7128,POINT (-86.7128 36.04)
20190575269,08/02/2019 05:00:00 PM,1,0,0,Y,N,352213,0,NOT COLLISION W/MOTOR VEHICLE-TRANSPORT,21,CLEAR,1,DAYLIGHT,42,TREE,WEST END PL & CENTRAL AV,NASHVILLE,TN,37205,5249,WEST,36.1389,-86.8234,POINT (-86.8234 36.1389)
20190506779,07/05/2019 03:08:00 PM,3,2,0,,N,320594,11,Front to Rear,21,CLEAR,1,DAYLIGHT,12,MOTOR VEHICLE IN TRANSPORT,OLD HICKORY BLVD & PRENTISS DR,OLD HICKORY,TN,37138,9711,HERMIT,36.2405,-86.6323,POINT (-86.6323 36.2405)
20190000190,01/01/2019 01:16:00 AM,2,1,0,,N,212339,4,ANGLE,21,CLEAR,3,DARK - LIGHTED,12,MOTOR VEHICLE IN TRANSPORT,MURFREESBORO PKE & SMITH SPRINGS RD,NASHVILLE,TN,37217,8849,SOUTH,36.0962,-86.6556,POINT (-86.6556 36.0962)
20190395557,05/23/2019 08:55:00 PM,2,2,0,,Y,579971,11,Front to Rear,21,CLEAR,3,DARK - LIGHTED,12,MOTOR VEHICLE IN TRANSPORT,MM 59 4 I 24,ANTIOCH,TN,37013,8808,SOUTH,36.0454,-86.659,POINT (-86.659 36.0454)
20190059590,01/23/2019 12:40:00 PM,2,0,0,,N,226136,11,Front to Rear,2,RAIN,1,DAYLIGHT,12,MOTOR VEHICLE IN TRANSPORT,NOLENSVILLE PKE & ELYSIAN FIELDS CT,NASHVILLE,TN,37211,8415,SOUTH,36.0873,-86.7307,POINT (-86.7307 36.0873)
20190419860,06/02/2019 02:59:00 AM,1,0,0,,Y,256382,0,NOT COLLISION W/MOTOR VEHICLE-TRANSPORT,21,CLEAR,3,DARK - LIGHTED,33,CURB,DONELSON PKE & SHACKLETT DR,NASHVILLE,TN,37214,9411,HERMIT,36.1449,-86.6667,POINT (-86.6667 36.1449)
20190316352,04/24/2019 12:06:00 PM,2,0,0,,N,109534,11,Front to Rear,21,CLEAR,1,DAYLIGHT,12,MOTOR VEHICLE IN TRANSPORT,OLD LEBANON DIRT RD & TULIP GROVE RD,HERMITAGE,TN,37076,9559,HERMIT,36.1891,-86.5936,POINT (-86.5936 36.1891)
20190495921,07/01/2019 03:21:00 PM,2,1,0,,N,690942,4,ANGLE,21,CLEAR,1,DAYLIGHT,12,MOTOR VEHICLE IN TRANSPORT,8TH AVS & DIVISION ST,NASHVILLE,TN,37203,4009,CENTRA,36.1497,-86.7792,POINT (-86.7792 36.1497)
20190232476,03/25/2019 09:15:00 PM,2,0,0,,Y,311798,4,ANGLE,21,CLEAR,3,DARK - LIGHTED,12,MOTOR VEHICLE IN TRANSPORT,JEFFERSON ST & DR D B TODD JR BLVD,NASHVILLE,TN,37208,5325,NORTH,36.1694,-86.807,POINT (-86.807 36.1694)
20190004564,01/02/2019 03:35:00 PM,1,0,0,Y,Y,434039,0,NOT COLLISION W/MOTOR VEHICLE-TRANSPORT,2,RAIN,5,DUSK,43,OTHER FIXED OBJECTS,OLD HICKORY BLVD & 2ND ST,OLD HICKORY,TN,37138,9717,HERMIT,36.2168,-86.6235,POINT (-86.6235 36.2168)
20190398468,05/24/2019 07:15:00 PM,2,0,0,,Y,298874,5,SIDESWIPE - SAME DIRECTION,21,CLEAR,1,DAYLIGHT,12,MOTOR VEHICLE IN TRANSPORT,I24 W ENT RAMP & I 24,NASHVILLE,TN,37206,1009,EAST,36.1666,-86.7638,POINT (-86.7638 36.1666)
20190196453,03/13/2019 06:53:00 AM,2,0,0,,N,676834,11,Front to Rear,21,CLEAR,1,DAYLIGHT,12,MOTOR VEHICLE IN TRANSPORT,28TH AVN & MEHARRY BLVD,NASHVILLE,TN,37209,4559,NORTH,36.1666,-86.8204,POINT (-86.8204 36.1666)
20190320993,04/26/2019 12:00:00 AM,2,0,0,,Y,320583,4,ANGLE,2,RAIN,3,DARK - LIGHTED,12,MOTOR VEHICLE IN TRANSPORT,18TH AVN & CHURCH ST,NASHVILLE,TN,37203,5521,MIDTOW,36.155,-86.7975,POINT (-86.7975 36.155)
20190246100,03/30/2019 11:50:00 AM,1,2,0,Y,N,299243,0,NOT COLLISION W/MOTOR VEHICLE-TRANSPORT,21,CLEAR,1,DAYLIGHT,1,,I40 W EXT RAMP & I 40,NASHVILLE,TN,37203,4119,CENTRA,36.1574,-86.79,POINT (-86.79 36.1574)
20190032663,01/13/2019 03:28:00 PM,1,1,0,Y,N,281611,0,NOT COLLISION W/MOTOR VEHICLE-TRANSPORT,2,RAIN,1,DAYLIGHT,34,DITCH,VAUGHNS GAP RD & MELINDA DR,NASHVILLE,TN,37205,4903,WEST,36.0949,-86.8871,POINT (-86.8871 36.0949)
20190552468,07/24/2019 12:56:00 PM,2,0,0,,Y,420059,11,Front to Rear,21,CLEAR,1,DAYLIGHT,12,MOTOR VEHICLE IN TRANSPORT,NOLENSVILLE PKE & ELYSIAN FIELDS CT,NASHVILLE,TN,37211,8415,SOUTH,36.0873,-86.7307,POINT (-86.7307 36.0873)
20190420794,06/02/2019 02:45:00 PM,2,1,0,,N,298860,11,Front to Rear,21,CLEAR,1,DAYLIGHT,12,MOTOR VEHICLE IN TRANSPORT,LEBANON PKE & OLD HICKORY BLVD,HERMITAGE,TN,37076,9613,HERMIT,36.1756,-86.6154,POINT (-86.6154 36.1756)
20190180582,03/07/2019 07:45:00 AM,3,1,0,,Y,226405,11,Front to Rear,21,CLEAR,1,DAYLIGHT,12,MOTOR VEHICLE IN TRANSPORT,CHARLOTTE AV & 28TH AVN,NASHVILLE,TN,37209,5341,MIDTOW,36.154,-86.8182,POINT (-86.8182 36.154)
20190095685,02/05/2019 04:30:00 AM,2,3,0,,N,256493,4,ANGLE,21,CLEAR,2,DARK - NOT LIGHTED,12,MOTOR VEHICLE IN TRANSPORT,HARBOR LIGHTS DR & BELL RD,NASHVILLE,TN,37217,8935,HERMIT,36.0939,-86.6249,POINT (-86.6249 36.0939)
20190188402,03/10/2019 12:00:00 AM,2,0,0,,Y,279230,4,ANGLE,2,RAIN,2,DARK - NOT LIGHTED,14,PARKED MOTOR VEHICLE,TERRAGON CT & TERRAGON TRL,ANTIOCH,TN,37013,8897,SOUTH,36.0755,-86.6707,POINT (-86.6707 36.0755)
20190256385,04/03/2019 07:55:00 AM,2,1,0,,Y,676834,4,ANGLE,21,CLEAR,1,DAYLIGHT,12,MOTOR VEHICLE IN TRANSPORT,CLARKSVILLE PKE & 24TH AVN,NASHVILLE,TN,37208,4417,NORTH,36.1847,-86.8157,POINT (-86.8157 36.1847)
20190048687,01/19/2019 12:00:00 AM,1,0,0,,N,212336,0,NOT COLLISION W/MOTOR VEHICLE-TRANSPORT,2,RAIN,3,DARK - LIGHTED,36,CONCRETE TRAFFIC BARRIER,MM 89 9 I 65,NASHVILLE,TN,37207,2002,MADISO,36.2374,-86.759,POINT (-86.759 36.2374)
20190387254,05/21/2019 07:20:00 AM,2,0,0,,N,665896,4,ANGLE,21,CLEAR,1,DAYLIGHT,12,MOTOR VEHICLE IN TRANSPORT,EASTLAND AV & N 14TH ST,NASHVILLE,TN,37206,1215,EAST,36.1834,-86.7449,POINT (-86.7449 36.1834)
20190335582,05/01/2019 04:32:00 PM,2,0,0,,N,161946,11,Front to Rear,22,CLOUDY,1,DAYLIGHT,12,MOTOR VEHICLE IN TRANSPORT,BRILEY PKWYE & BRILEY PKWYW,NASHVILLE,TN,37207,20120,MADISO,36.2396,-86.7751,POINT (-86.7751 36.2396)
20190053770,01/21/2019 11:33:00 AM,2,0,0,,N,191578,5,SIDESWIPE - SAME DIRECTION,21,CLEAR,1,DAYLIGHT,12,MOTOR VEHICLE IN TRANSPORT,LEBANON PKE & HICKORY HILL LN,HERMITAGE,TN,37076,9531,HERMIT,36.1889,-86.6283,POINT (-86.6283 36.1889)
20190126067,02/15/2019 12:00:00 AM,3,3,0,,Y,298861,11,Front to Rear,2,RAIN,5,DUSK,12,MOTOR VEHICLE IN TRANSPORT,BRILEY PKWYS & BRILEY PKWYN,NASHVILLE,TN,37218,3212,NORTH,36.2142,-86.8724,POINT (-86.8724 36.2142)
20190294991,04/17/2019 08:22:00 AM,2,0,0,,N,676834,4,ANGLE,21,CLEAR,1,DAYLIGHT,12,MOTOR VEHICLE IN TRANSPORT,DOMINICAN DR & ROSA L PARKS BLVD,NASHVILLE,TN,37208,4403,NORTH,36.1879,-86.7985,POINT (-86.7985 36.1879)
20190289933,04/15/2019 08:33:00 PM,2,0,0,,N,151132,4,ANGLE,21,CLEAR,3,DARK - LIGHTED,12,MOTOR VEHICLE IN TRANSPORT,SAUNDERS AV & BARBARA DR,MADISON,TN,37115,1795,MADISO,36.2547,-86.7291,POINT (-86.7291 36.2547)
20190308823,04/22/2019 12:00:00 AM,1,1,0,,Y,665896,0,NOT COLLISION W/MOTOR VEHICLE-TRANSPORT,21,CLEAR,1,DAYLIGHT,42,TREE,GRAYCROFT AV & STANVID DR,NASHVILLE,TN,37216,1803,EAST,36.2326,-86.7374,POINT (-86.7374 36.2326)
20190160889,02/28/2019 07:25:00 AM,2,0,0,,Y,665896,11,Front to Rear,22,CLOUDY,1,DAYLIGHT,12,MOTOR VEHICLE IN TRANSPORT,I65 N ENT RAMP & I 65,NASHVILLE,TN,37207,1829,EAST,36.209,-86.7759,POINT (-86.7759 36.209)
20190302452,04/19/2019 12:00:00 AM,2,0,0,,Y,298874,9,UNKNOWN,99,UNKNOWN,9,UNKNOWN,12;14,MOTOR VEHICLE IN TRANSPORT;PARKED MOTOR VEHICLE,S 17TH ST & FATHERLAND ST,NASHVILLE,TN,37206,1223,EAST,36.1726,-86.7399,POINT (-86.7399 36.1726)
20190286373,04/14/2019 12:54:00 PM,2,0,0,,N,320592,98,OTHER,21,CLEAR,1,DAYLIGHT,12,MOTOR VEHICLE IN TRANSPORT,LEBANON PKE & BONNABROOK DR,HERMITAGE,TN,37076,9531,HERMIT,36.1917,-86.6248,POINT (-86.6248 36.1917)
20190517571,07/10/2019 12:00:00 AM,2,0,0,,N,226827,11,Front to Rear,22,CLOUDY,1,DAYLIGHT,12,MOTOR VEHICLE IN TRANSPORT,GALLATIN PKEN & CONFERENCE DR,MADISON,TN,37115,1731,MADISO,36.3026,-86.692,POINT (-86.692 36.3026)
20190066100,01/25/2019 03:39:00 PM,3,1,0,,Y,151132,4,ANGLE,21,CLEAR,1,DAYLIGHT,1;12,MOTOR VEHICLE IN TRANSPORT,MM 43 0 I 24,WHITES CREEK,TN,37189,3226,NORTH,36.246,-86.7844,POINT (-86.7844 36.246)
20190428180,06/05/2019 08:57:00 AM,2,0,0,,Y,716886,16,Rear to Side,21,CLEAR,1,DAYLIGHT,14,PARKED MOTOR VEHICLE,SUNLIGHT DR & TOWRY DR,NASHVILLE,TN,37211,8443,SOUTH,36.0861,-86.7046,POINT (-86.7046 36.0861)
20190248260,03/31/2019 12:16:00 PM,1,0,0,Y,Y,279113,0,NOT COLLISION W/MOTOR VEHICLE-TRANSPORT,21,CLEAR,1,DAYLIGHT,19,BUILDING,MURFREESBORO PKE & PLUS PARK BLVD,NASHVILLE,TN,37217,8815,HERMIT,36.1337,-86.722,POINT (-86.722 36.1337)
20190423397,06/03/2019 05:14:00 PM,2,0,0,,Y,206675,5,SIDESWIPE - SAME DIRECTION,21,CLEAR,1,DAYLIGHT,12,MOTOR VEHICLE IN TRANSPORT,4TH AVS & HOUSTON ST,NASHVILLE,TN,37203,8045,MIDTOW,36.143,-86.7654,POINT (-86.7654 36.143)
20190381092,05/18/2019 06:10:00 PM,3,2,0,,N,161939,11,Front to Rear,21,CLEAR,1,DAYLIGHT,12,MOTOR VEHICLE IN TRANSPORT,EAGLE VIEW BLVD & BELL RD,ANTIOCH,TN,37013,8865,SOUTH,36.0486,-86.6461,POINT (-86.6461 36.0486)
20190392123,05/22/2019 08:00:00 PM,2,1,0,,N,256427,4,ANGLE,21,CLEAR,5,DUSK,12,MOTOR VEHICLE IN TRANSPORT,LEBANON PKE & CRAIGMEADE DR,NASHVILLE,TN,37214,9027,HERMIT,36.1681,-86.6913,POINT (-86.6913 36.1681)
20190329661,04/29/2019 12:00:00 AM,3,0,0,,N,279200,11,Front to Rear,21,CLEAR,1,DAYLIGHT,12,MOTOR VEHICLE IN TRANSPORT,MM 210 7 I 40,NASHVILLE,TN,37210,8202,HERMIT,36.1532,-86.7644,POINT (-86.7644 36.1532)
20190372743,05/15/2019 06:23:00 PM,2,0,0,,N,279211,4,ANGLE,22,CLOUDY,1,DAYLIGHT,12,MOTOR VEHICLE IN TRANSPORT,CONFERENCE DR & RIVERGATE MALL PVTDR,GOODLETTSVILLE,TN,37072,1751,MADISO,36.3055,-86.6936,POINT (-86.6936 36.3055)
20190434681,06/07/2019 04:36:00 PM,2,0,0,,N,226827,11,Front to Rear,2,RAIN,1,DAYLIGHT,12,MOTOR VEHICLE IN TRANSPORT,GALLATIN PKEN & RIVERGATE MARKETPLACE PV,MADISON,TN,37115,1731,MADISO,36.3044,-86.6895,POINT (-86.6895 36.3044)
20190101849,02/06/2019 10:30:00 PM,1,0,0,,Y,279201,0,NOT COLLISION W/MOTOR VEHICLE-TRANSPORT,21,CLEAR,3,DARK - LIGHTED,34,DITCH,ROYAL PKWY & PERIMETER PLACE DR,NASHVILLE,TN,37214,9103,HERMIT,36.1494,-86.675,POINT (-86.675 36.1494)
20190557880,07/26/2019 03:49:00 PM,2,0,0,,N,212330,11,Front to Rear,21,CLEAR,1,DAYLIGHT,12,MOTOR VEHICLE IN TRANSPORT,I24 E ENT RAMP & I 24,NASHVILLE,TN,37213,1007,CENTRA,36.1662,-86.7659,POINT (-86.7659 36.1662)
20190076202,01/29/2019 10:15:00 AM,2,0,0,,N,226622,11,Front to Rear,21,CLEAR,1,DAYLIGHT,12,MOTOR VEHICLE IN TRANSPORT,HILLSBORO PKE & I440 W ENT RAMP,NASHVILLE,TN,37212,6501,MIDTOW,36.1244,-86.8063,POINT (-86.8063 36.1244)
20190422700,06/03/2019 11:15:00 AM,2,0,0,,Y,223502,16,Rear to Side,21,CLEAR,1,DAYLIGHT,12;14,MOTOR VEHICLE IN TRANSPORT;PARKED MOTOR VEHICLE,1000 FOSTER AV,NASHVILLE,TN,37210,8159,SOUTH,36.141,-86.7402,POINT (-86.7402 36.141)
20190079409,01/30/2019 08:26:00 AM,2,0,0,,N,212369,11,Front to Rear,4,SNOW,1,DAYLIGHT,12,MOTOR VEHICLE IN TRANSPORT,OLD HICKORY BLVD & FRANKLIN PIKE CIR,BRENTWOOD,TN,37027,8623,MIDTOW,36.0405,-86.7801,POINT (-86.7801 36.0405)
20190431279,06/06/2019 10:37:00 AM,2,0,0,,Y,299243,5,SIDESWIPE - SAME DIRECTION,22,CLOUDY,1,DAYLIGHT,12,MOTOR VEHICLE IN TRANSPORT,4TH AVS & DEMONBREUN ST,NASHVILLE,TN,37201,4053,CENTRA,36.1587,-86.7757,POINT (-86.7757 36.1587)
20190220353,03/21/2019 12:20:00 PM,2,0,0,,Y,226622,4,ANGLE,21,CLEAR,1,DAYLIGHT,12,MOTOR VEHICLE IN TRANSPORT,BELLEVUE VALLEY PLAZA PVTDR & HIGHWAY 70,NASHVILLE,TN,37221,4901,WEST,36.0746,-86.9195,POINT (-86.9195 36.0746)
20190540242,07/19/2019 02:19:00 PM,2,0,0,,N,352179,11,Front to Rear,21,CLEAR,1,DAYLIGHT,12,MOTOR VEHICLE IN TRANSPORT,HARDING PL & SIDCO DR,NASHVILLE,TN,37220,8601,MIDTOW,36.0819,-86.7612,POINT (-86.7612 36.0819)
20190255094,04/02/2019 11:30:00 PM,2,0,0,,N,311343,4,ANGLE,21,CLEAR,3,DARK - LIGHTED,14,PARKED MOTOR VEHICLE,CARUTHERS AV & 10TH AVS,NASHVILLE,TN,37204,6947,MIDTOW,36.1256,-86.7863,POINT (-86.7863 36.1256)
20190147686,02/23/2019 02:12:00 PM,2,0,0,,N,311799,4,ANGLE,22,CLOUDY,1,DAYLIGHT,12,MOTOR VEHICLE IN TRANSPORT,NORTHSIDE MARKETPLACE PVTDR & GALLATIN P,MADISON,TN,37115,1721,MADISO,36.3073,-86.6848,POINT (-86.6848 36.3073)
20190115310,02/12/2019 08:20:00 AM,2,0,0,,N,544481,11,Front to Rear,2,RAIN,1,DAYLIGHT,12,MOTOR VEHICLE IN TRANSPORT,ELLINGTON PKWYS & ELLINGTON PKWYS,NASHVILLE,TN,37206,1992,EAST,36.1934,-86.7529,POINT (-86.7529 36.1934)
20190431064,06/06/2019 09:15:00 AM,2,1,0,,N,676834,11,Front to Rear,22,CLOUDY,1,DAYLIGHT,12,MOTOR VEHICLE IN TRANSPORT,CHARLOTTE AV & 28TH AVN,NASHVILLE,TN,37209,5341,MIDTOW,36.154,-86.8182,POINT (-86.8182 36.154)
20190343668,05/04/2019 08:30:00 PM,2,2,0,,N,330443,11,Front to Rear,2,RAIN,3,DARK - LIGHTED,12,MOTOR VEHICLE IN TRANSPORT,GALLATIN PKEN & EDENWOLD RD,MADISON,TN,37115,1721,MADISO,36.2885,-86.7047,POINT (-86.7047 36.2885)
20190368049,05/14/2019 06:45:00 AM,2,0,0,,Y,226622,11,Front to Rear,21,CLEAR,1,DAYLIGHT,12,MOTOR VEHICLE IN TRANSPORT,MM 202 3 I 40,NASHVILLE,TN,37209,50022,WEST,36.1431,-86.8831,POINT (-86.8831 36.1431)
20190502013,07/03/2019 03:50:00 PM,1,0,0,Y,N,279214,0,NOT COLLISION W/MOTOR VEHICLE-TRANSPORT,2,RAIN,1,DAYLIGHT,36,CONCRETE TRAFFIC BARRIER,I65 N EXT RAMP & I 65,NASHVILLE,TN,37207,1863,EAST,36.2057,-86.7747,POINT (-86.7747 36.2057)
20190343877,05/04/2019 12:00:00 AM,2,0,0,,Y,284059,5,SIDESWIPE - SAME DIRECTION,2,RAIN,3,DARK - LIGHTED,12,MOTOR VEHICLE IN TRANSPORT,MM 86 7 I 65,NASHVILLE,TN,37207,3002,NORTH,36.1972,-86.7762,POINT (-86.7762 36.1972)
20190089903,02/02/2019 07:57:00 PM,2,0,0,,N,320599,11,Front to Rear,21,CLEAR,2,DARK - NOT LIGHTED,12,MOTOR VEHICLE IN TRANSPORT,EAST THOMPSON LN & MURFREESBORO PKE,NASHVILLE,TN,37217,8879,SOUTH,36.1267,-86.7111,POINT (-86.7111 36.1267)
20190293329,04/16/2019 08:11:00 PM,2,0,0,,N,179606,98,OTHER,21,CLEAR,3,DARK - LIGHTED,12,MOTOR VEHICLE IN TRANSPORT,NOLENSVILLE PKE & CRAIGHEAD ST,NASHVILLE,TN,37210,8125,SOUTH,36.1338,-86.7588,POINT (-86.7588 36.1338)