Accident Number,Date and Time,Number of Motor Vehicles,Number of Injuries,Number of Fatalities,Property Damage,Hit and Run,Reporting Officer,Collision Type Code,Collision Type Description,Weather Code,Weather Description,Illumination Code,Illumination Description,Harmful Code,Harmful Code Description,Street Address,City,State,ZIP,RPA,Precinct,Latitude,Longitude,Mapped Location
20190535130,07/17/2019 05:58:00 PM,3,0,0,,N,690942,11,Front to Rear,21,CLEAR,1,DAYLIGHT,12,MOTOR VEHICLE IN TRANSPORT,JAMES ROBERTSON PKWY & 5TH AVN,NASHVILLE,TN,37219,4203,CENTRA,36.1687,-86.7838,POINT (-86.7838 36.1687)
20190276683,04/10/2019 06:19:00 PM,2,0,0,,N,256446,4,ANGLE,21,CLEAR,1,DAYLIGHT,12,MOTOR VEHICLE IN TRANSPORT,MM 52 5 I 24,NASHVILLE,TN,37217,8816,SOUTH,36.1256,-86.7279,POINT (-86.7279 36.1256)
20190141584,02/21/2019 10:37:00 AM,2,0,0,,N,191578,11,Front to Rear,21,CLEAR,1,DAYLIGHT,12,MOTOR VEHICLE IN TRANSPORT,LEBANON PKE & BRILEY PKWY N ENT RAMP,NASHVILLE,TN,37214,9121,HERMIT,36.1685,-86.6872,POINT (-86.6872 36.1685)
20190542900,07/20/2019 06:35:00 PM,4,0,0,,Y,320577,11,Front to Rear,21,CLEAR,1,DAYLIGHT,12,MOTOR VEHICLE IN TRANSPORT,THOMPSON LN & NOLENSVILLE PKE,NASHVILLE,TN,37211,8519,MIDTOW,36.1109,-86.7452,POINT (-86.7452 36.1109)
20190019335,01/08/2019 02:40:00 PM,2,0,0,,N,267831,11,Front to Rear,21,CLEAR,1,DAYLIGHT,12,MOTOR VEHICLE IN TRANSPORT,I40 E EXT RAMP & HIGHWAY 70S,NASHVILLE,TN,37221,4811,WEST,36.0804,-86.9553,POINT (-86.9553 36.0804)
20190393862,05/23/2019 09:35:00 AM,2,0,0,,N,676834,11,Front to Rear,21,CLEAR,1,DAYLIGHT,12,MOTOR VEHICLE IN TRANSPORT,ROSA L PARKS BLVD & I65 S EXT RAMP,NASHVILLE,TN,37208,4405,NORTH,36.1861,-86.7984,POINT (-86.7984 36.1861)
20190129623,02/17/2019 06:33:00 AM,1,1,0,,N,320586,0,NOT COLLISION W/MOTOR VEHICLE-TRANSPORT,2,RAIN,1,DAYLIGHT,36,CONCRETE TRAFFIC BARRIER,MM 53 3 I 24,NASHVILLE,TN,37210,88141,SOUTH,36.1146,-86.7245,POINT (-86.7245 36.1146)
20190383495,05/19/2019 10:10:00 PM,2,0,0,,N,433550,6,SIDESWIPE - OPPOSITE DIRECTION,21,CLEAR,2,DARK - NOT LIGHTED,13,MOTOR VEHICLE IN TRANSPORT-OTHER ROADWAY,CENTRAL PKE & CRYSTAL SPRING LN,HERMITAGE,TN,37076,9529,HERMIT,36.1743,-86.6108,POINT (-86.6108 36.1743)
20190251526,04/01/2019 05:16:00 PM,2,0,0,,N,256380,11,Front to Rear,21,CLEAR,1,DAYLIGHT,12,MOTOR VEHICLE IN TRANSPORT,WHITES CREEK PKE & MORGAN RD,JOELTON,TN,37080,2309,NORTH,36.3526,-86.8806,POINT (-86.8806 36.3526)
20190481310,06/25/2019 12:00:00 AM,2,0,0,,N,279217,11,Front to Rear,21,CLEAR,3,DARK - LIGHTED,12,MOTOR VEHICLE IN TRANSPORT,MM 85 4 I 65,NASHVILLE,TN,37208,43042,NORTH,36.1875,-86.7947,POINT (-86.7947 36.1875)
20190105283,02/08/2019 07:54:00 AM,2,0,0,,N,876573,4,ANGLE,21,CLEAR,1,DAYLIGHT,12,MOTOR VEHICLE IN TRANSPORT,MURFREESBORO PKE & FOREST VIEW DR,ANTIOCH,TN,37013,8865,SOUTH,36.0674,-86.6313,POINT (-86.6313 36.0674)
20190463282,06/18/2019 07:15:00 PM,2,0,0,,Y,298874,4,ANGLE,22,CLOUDY,1,DAYLIGHT,12,MOTOR VEHICLE IN TRANSPORT,DICKERSON PKE & DICKERSON PKE ENT RAMP,MADISON,TN,37115,2009,MADISO,36.242,-86.7571,POINT (-86.7571 36.242)
20190237157,03/27/2019 09:51:00 AM,2,1,0,,N,212369,11,Front to Rear,21,CLEAR,1,DAYLIGHT,12,MOTOR VEHICLE IN TRANSPORT,HARDING PL & SIDCO DR,NASHVILLE,TN,37220,8601,MIDTOW,36.0819,-86.7612,POINT (-86.7612 36.0819)
20190548784,07/23/2019 12:00:00 AM,1,0,0,,Y,876573,0,NOT COLLISION W/MOTOR VEHICLE-TRANSPORT,2,RAIN,2,DARK - NOT LIGHTED,34;42,DITCH;TREE,MURFREESBORO PKE & MOUNTAIN SPRINGS RD,ANTIOCH,TN,37013,8927,SOUTH,36.0478,-86.6121,POINT (-86.6121 36.0478)
20190352915,05/08/2019 08:03:00 AM,2,0,0,,N,352169,11,Front to Rear,21,CLEAR,1,DAYLIGHT,12,MOTOR VEHICLE IN TRANSPORT,ALABAMA AV & 48TH AVN,NASHVILLE,TN,37209,5127,WEST,36.1532,-86.8445,POINT (-86.8445 36.1532)
20190296162,04/17/2019 03:30:00 PM,2,0,0,,N,197435,4,ANGLE,21,CLEAR,1,DAYLIGHT,12,MOTOR VEHICLE IN TRANSPORT,E TRINITY LN & OAKWOOD AV,NASHVILLE,TN,37207,1887,EAST,36.2048,-86.7524,POINT (-86.7524 36.2048)
20190188996,03/10/2019 03:45:00 PM,1,0,0,,N,420040,0,NOT COLLISION W/MOTOR VEHICLE-TRANSPORT,21,CLEAR,1,DAYLIGHT,33,CURB,2300 W LINDEN AV,NASHVILLE,TN,37212,5911,MIDTOW,36.1276,-86.804,POINT (-86.804 36.1276)
20190142587,02/21/2019 05:49:00 PM,2,0,0,,N,345098,4,ANGLE,2,RAIN,3,DARK - LIGHTED,12,MOTOR VEHICLE IN TRANSPORT,WEDGEWOOD AV & MAGNOLIA BLVD,NASHVILLE,TN,37212,6619,MIDTOW,36.1366,-86.7952,POINT (-86.7952 36.1366)
20190506587,07/05/2019 12:20:00 PM,2,0,0,,Y,278580,11,Front to Rear,21,CLEAR,1,DAYLIGHT,12,MOTOR VEHICLE IN TRANSPORT,DOMINICAN DR & ROSA L PARKS BLVD,NASHVILLE,TN,37208,4403,NORTH,36.1879,-86.7985,POINT (-86.7985 36.1879)
20190280959,04/12/2019 07:38:00 AM,2,0,0,,Y,676834,11,Front to Rear,2,RAIN,1,DAYLIGHT,12;14,MOTOR VEHICLE IN TRANSPORT;PARKED MOTOR VEHICLE,200 W TRINITY LN,NASHVILLE,TN,37207,1863,EAST,36.206,-86.774,POINT (-86.774 36.206)
20190090101,02/02/2019 10:49:00 PM,2,0,0,,N,279117,11,Front to Rear,21,CLEAR,3,DARK - LIGHTED,12,MOTOR VEHICLE IN TRANSPORT,W TRINITY LN & I65 N ENT RAMP,NASHVILLE,TN,37207,1863,EAST,36.2063,-86.7735,POINT (-86.7735 36.2063)
20190248727,03/31/2019 05:00:00 PM,2,0,0,,Y,420040,5,SIDESWIPE - SAME DIRECTION,21,CLEAR,1,DAYLIGHT,12,MOTOR VEHICLE IN TRANSPORT,24TH AVN & ELLISTON PL,NASHVILLE,TN,37203,5617,MIDTOW,36.149,-86.8073,POINT (-86.8073 36.149)
20190010151,01/04/2019 06:36:00 PM,2,2,0,,N,240955,4,ANGLE,22,CLOUDY,3,DARK - LIGHTED,55,Motor Vehicle-In-Motion Outside Trafficw,MURFREESBORO PKE & MOUNTAIN SPRINGS RD,ANTIOCH,TN,37013,8927,SOUTH,36.0478,-86.6121,POINT (-86.6121 36.0478)
20190391768,05/22/2019 05:05:00 PM,1,1,0,,N,905011,0,NOT COLLISION W/MOTOR VEHICLE-TRANSPORT,21,CLEAR,1,DAYLIGHT,1;63;72,Ran Off Road-Right;EMBANKMENT ROCK/STONE/CONCRETE,CHARLOTTE PKE & CHARLOTTE PKE PVTDR,NASHVILLE,TN,37209,4703,WEST,36.1293,-86.9044,POINT (-86.9044 36.1293)
20190396565,05/24/2019 05:10:00 AM,1,1,0,Y,N,156308,0,NOT COLLISION W/MOTOR VEHICLE-TRANSPORT,21,CLEAR,4,DAWN,32;33;63;71,CULVERT;CURB;Ran Off Road-Right;EMBANKMENT EARTH,ASHLAND CITY HWY & WWCR AV,NASHVILLE,TN,37218,3235,NORTH,36.2103,-86.8813,POINT (-86.8813 36.2103)
20190005014,01/02/2019 10:04:00 PM,1,0,0,,N,256426,0,NOT COLLISION W/MOTOR VEHICLE-TRANSPORT,2,RAIN,3,DARK - LIGHTED,37,Other Traffic Barrier,RACHELS LN & OLD HICKORY BLVD,OLD HICKORY,TN,37138,9739,HERMIT,36.2111,-86.6209,POINT (-86.6209 36.2111)
20190407544,05/28/2019 02:35:00 PM,2,0,0,,N,352184,11,Front to Rear,21,CLEAR,1,DAYLIGHT,12,MOTOR VEHICLE IN TRANSPORT,MM 210 7 I 40,NASHVILLE,TN,37210,8202,HERMIT,36.1532,-86.7644,POINT (-86.7644 36.1532)
20190156489,02/26/2019 05:54:00 PM,1,0,0,Y,Y,179583,0,NOT COLLISION W/MOTOR VEHICLE-TRANSPORT,21,CLEAR,1,DAYLIGHT,40,MAIL BOX,GLENROSE AV & HESTER AV,NASHVILLE,TN,37210,8101,SOUTH,36.1258,-86.7509,POINT (-86.7509 36.1258)
20190570327,07/31/2019 08:13:00 PM,3,1,0,,N,169425,11,Front to Rear,21,CLEAR,3,DARK - LIGHTED,12,MOTOR VEHICLE IN TRANSPORT,WEDGEWOOD AV & 8TH AVS,NASHVILLE,TN,37204,6919,MIDTOW,36.1343,-86.7796,POINT (-86.7796 36.1343)
20190003333,01/02/2019 10:15:00 AM,2,0,0,,N,716886,11,Front to Rear,21,CLEAR,1,DAYLIGHT,12,MOTOR VEHICLE IN TRANSPORT,HOBSON PKE & MURFREESBORO PKE,ANTIOCH,TN,37013,8867,SOUTH,36.043,-86.6066,POINT (-86.6066 36.043)
20190029271,01/12/2019 12:20:00 AM,1,0,0,,Y,330420,0,NOT COLLISION W/MOTOR VEHICLE-TRANSPORT,22,CLOUDY,2,DARK - NOT LIGHTED,61;7,Equip Failure,MT VIEW RD & HIGHLANDER DR,ANTIOCH,TN,37013,8861,SOUTH,36.055,-86.6623,POINT (-86.6623 36.055)
20190012403,01/05/2019 06:56:00 PM,2,0,0,,N,414668,4,ANGLE,21,CLEAR,3,DARK - LIGHTED,12,MOTOR VEHICLE IN TRANSPORT,NOLENSVILLE PKE & APRIL LN,NASHVILLE,TN,37211,8715,SOUTH,36.056,-86.7157,POINT (-86.7157 36.056)
20190193645,03/12/2019 09:14:00 AM,2,0,0,,N,226673,5,SIDESWIPE - SAME DIRECTION,22,CLOUDY,1,DAYLIGHT,12,MOTOR VEHICLE IN TRANSPORT,CHARLOTTE AV & ROSA L PARKS BLVD,NASHVILLE,TN,37203,4147,CENTRA,36.1634,-86.7876,POINT (-86.7876 36.1634)
20190156415,02/26/2019 05:46:00 PM,2,2,0,,N,299266,4,ANGLE,21,CLEAR,5,DUSK,12,MOTOR VEHICLE IN TRANSPORT,NOLENSVILLE PKE & SUGAR VALLEY DR,ANTIOCH,TN,37013,8759,SOUTH,36.016,-86.7061,POINT (-86.7061 36.016)
20190531969,07/16/2019 03:22:00 PM,3,1,0,,N,320594,6,SIDESWIPE - OPPOSITE DIRECTION,2,RAIN,1,DAYLIGHT,12,MOTOR VEHICLE IN TRANSPORT,CENTRAL PKE & N NEW HOPE RD,HERMITAGE,TN,37076,9541,HERMIT,36.1776,-86.6059,POINT (-86.6059 36.1776)
20190268267,04/07/2019 09:31:00 PM,2,0,0,,N,579971,4,ANGLE,22,CLOUDY,3,DARK - LIGHTED,12,MOTOR VEHICLE IN TRANSPORT,MORRIS GENTRY BLVD & BELL RD,ANTIOCH,TN,37013,8865,SOUTH,36.0665,-86.6367,POINT (-86.6367 36.0665)
20190407517,05/28/2019 02:49:00 PM,2,0,0,,Y,137872,9,UNKNOWN,21,CLEAR,1,DAYLIGHT,12,MOTOR VEHICLE IN TRANSPORT,OPRYLAND DR & OPRY MILLS DR,NASHVILLE,TN,37214,9209,HERMIT,36.2116,-86.7002,POINT (-86.7002 36.2116)
20190132716,02/18/2019 02:22:00 PM,1,0,0,Y,N,405391,0,NOT COLLISION W/MOTOR VEHICLE-TRANSPORT,21,CLEAR,1,DAYLIGHT,1;24;32,GUARDRAIL FACE;CULVERT,RIVER ROAD PKE & RIVER ROAD PKE PVTDR,NASHVILLE,TN,37209,4705,WEST,36.2021,-86.9796,POINT (-86.9796 36.2021)
20190356719,05/09/2019 03:30:00 PM,2,0,0,,Y,197435,11,Front to Rear,22,CLOUDY,1,DAYLIGHT,12,MOTOR VEHICLE IN TRANSPORT,3000 DICKERSON PKE,NASHVILLE,TN,37207,1809,EAST,36.2285,-86.7595,POINT (-86.7595 36.2285)
20190163638,03/01/2019 07:54:00 AM,3,0,0,,N,320586,11,Front to Rear,22,CLOUDY,1,DAYLIGHT,12,MOTOR VEHICLE IN TRANSPORT,I24 W EXT RAMP & I 24,NASHVILLE,TN,37211,8829,SOUTH,36.1074,-86.7197,POINT (-86.7197 36.1074)
20190207634,03/17/2019 12:00:00 AM,2,0,0,,Y,493309,5,SIDESWIPE - SAME DIRECTION,21,CLEAR,3,DARK - LIGHTED,14,PARKED MOTOR VEHICLE,COMANCHE RUN & NAWAKWA TRL,MADISON,TN,37115,1619,MADISO,36.2381,-86.6558,POINT (-86.6558 36.2381)
20190217493,03/20/2019 03:31:00 PM,3,0,0,,N,240970,11,Front to Rear,21,CLEAR,1,DAYLIGHT,12,MOTOR VEHICLE IN TRANSPORT,MM 56 0 I 24,NASHVILLE,TN,37211,8708,SOUTH,36.0818,-86.6975,POINT (-86.6975 36.0818)
20190220592,03/21/2019 02:00:00 PM,2,0,0,,N,330411,5,SIDESWIPE - SAME DIRECTION,21,CLEAR,1,DAYLIGHT,12,MOTOR VEHICLE IN TRANSPORT,CHURCH ST & 19TH AVN,NASHVILLE,TN,37203,5525,MIDTOW,36.1542,-86.7992,POINT (-86.7992 36.1542)
20190302637,04/19/2019 06:35:00 PM,2,1,0,Y,N,717341,4,ANGLE,2,RAIN,5,DUSK,12,MOTOR VEHICLE IN TRANSPORT,FLORA MAXWELL RD & TAYLOR RD,NASHVILLE,TN,37211,8701,SOUTH,36.075,-86.7203,POINT (-86.7203 36.075)
20190317405,04/24/2019 08:26:00 PM,2,3,0,,N,256386,4,ANGLE,21,CLEAR,3,DARK - LIGHTED,12,MOTOR VEHICLE IN TRANSPORT,SMITH SPRINGS RD & RURAL HILL RD,NASHVILLE,TN,37217,8965,HERMIT,36.0899,-86.6248,POINT (-86.6248 36.0899)
20190285730,04/14/2019 05:27:00 AM,2,1,0,,N,256569,4,ANGLE,21,CLEAR,3,DARK - LIGHTED,1;12,MOTOR VEHICLE IN TRANSPORT,GALLATIN PKES & W WEBSTER ST,MADISON,TN,37115,1507,MADISO,36.2519,-86.7177,POINT (-86.7177 36.2519)
20190542556,07/20/2019 12:00:00 AM,2,2,0,,N,279118,4,ANGLE,21,CLEAR,1,DAYLIGHT,12,MOTOR VEHICLE IN TRANSPORT,BELL RD & BEECHWOOD TER,ANTIOCH,TN,37013,8753,SOUTH,36.0449,-86.6684,POINT (-86.6684 36.0449)
20190536751,07/18/2019 08:45:00 AM,2,0,0,,Y,481573,4,ANGLE,21,CLEAR,4,DAWN,12,MOTOR VEHICLE IN TRANSPORT,BLAKEMORE AV & 24TH AVS,NASHVILLE,TN,37212,5809,MIDTOW,36.138,-86.8051,POINT (-86.8051 36.138)
20190417620,05/31/2019 10:14:00 PM,1,0,0,,N,279230,0,NOT COLLISION W/MOTOR VEHICLE-TRANSPORT,21,CLEAR,2,DARK - NOT LIGHTED,18,OTHER OBJECT (NOT FIXED),HARDING PL & HUMBER DR,NASHVILLE,TN,37211,8705,SOUTH,36.081,-86.7158,POINT (-86.7158 36.081)
20190191833,03/11/2019 05:55:00 PM,2,0,0,,N,206959,4,ANGLE,21,CLEAR,1,DAYLIGHT,12,MOTOR VEHICLE IN TRANSPORT,GALLATIN PKES & MAPLE ST,MADISON,TN,37115,1607,MADISO,36.2617,-86.7124,POINT (-86.7124 36.2617)
20190574395,08/02/2019 10:28:00 AM,2,0,0,,N,348631,11,Front to Rear,21,CLEAR,1,DAYLIGHT,12,MOTOR VEHICLE IN TRANSPORT,GREENFIELD AV & GALLATIN PKE,NASHVILLE,TN,37216,1439,EAST,36.2109,-86.7331,POINT (-86.7331 36.2109)
20190438232,06/09/2019 05:30:00 PM,2,0,0,,N,256412,11,Front to Rear,2,RAIN,1,DAYLIGHT,12,MOTOR VEHICLE IN TRANSPORT,MM 55 8 I 24,NASHVILLE,TN,37211,88100,SOUTH,36.0854,-86.6996,POINT (-86.6996 36.0854)
20190009522,01/04/2019 12:30:00 PM,2,0,0,,Y,665896,9,UNKNOWN,99,UNKNOWN,9,UNKNOWN,12;14,MOTOR VEHICLE IN TRANSPORT;PARKED MOTOR VEHICLE,RUSSELL ST & S 12TH ST,NASHVILLE,TN,37206,1209,EAST,36.1751,-86.7488,POINT (-86.7488 36.1751)
20190551546,07/24/2019 06:16:00 AM,2,0,0,,Y,474557,11,Front to Rear,21,CLEAR,1,DAYLIGHT,12,MOTOR VEHICLE IN TRANSPORT,MM 56 8 I 24,NASHVILLE,TN,37211,8810,SOUTH,36.0721,-86.6914,POINT (-86.6914 36.0721)
20190337246,05/02/2019 08:20:00 AM,2,2,0,,N,109534,2,HEAD-ON,21,CLEAR,1,DAYLIGHT,12;33,MOTOR VEHICLE IN TRANSPORT;CURB,SMITH SPRINGS RD & NED SHELTON RD,NASHVILLE,TN,37217,8935,HERMIT,36.0942,-86.6344,POINT (-86.6344 36.0942)
20190461832,06/18/2019 09:28:00 AM,2,0,0,,N,462474,11,Front to Rear,22,CLOUDY,1,DAYLIGHT,12,MOTOR VEHICLE IN TRANSPORT,MM 79 5 I 65,NASHVILLE,TN,37204,70042,MIDTOW,36.106,-86.7678,POINT (-86.7678 36.106)
20190526247,07/14/2019 03:50:00 AM,3,0,0,Y,Y,320601,11,Front to Rear,21,CLEAR,3,DARK - LIGHTED,12;14;40,MOTOR VEHICLE IN TRANSPORT;PARKED MOTOR VEHICLE;MAIL BOX,OWENDALE DR & KINWOOD DR,ANTIOCH,TN,37013,8979,SOUTH,36.0686,-86.6237,POINT (-86.6237 36.0686)
20190514875,07/09/2019 04:00:00 PM,2,0,0,,N,420040,4,ANGLE,21,CLEAR,1,DAYLIGHT,12,MOTOR VEHICLE IN TRANSPORT,21ST AVS & ASHWOOD AV,NASHVILLE,TN,37212,6605,MIDTOW,36.129,-86.8028,POINT (-86.8028 36.129)
20190508870,07/06/2019 03:27:00 PM,2,0,0,,N,299267,11,Front to Rear,21,CLEAR,1,DAYLIGHT,12,MOTOR VEHICLE IN TRANSPORT,OLD HICKORY BLVD & NOLENSVILLE PKE,ANTIOCH,TN,37013,8757,SOUTH,36.0455,-86.7122,POINT (-86.7122 36.0455)
20190150225,02/24/2019 04:37:00 PM,2,1,0,,N,320585,2,HEAD-ON,21,CLEAR,1,DAYLIGHT,12,MOTOR VEHICLE IN TRANSPORT,MURFREESBORO PKE & LESTER AV,NASHVILLE,TN,37210,8211,HERMIT,36.1456,-86.7529,POINT (-86.7529 36.1456)
20190167271,03/02/2019 05:58:00 PM,2,0,0,,Y,206682,5,SIDESWIPE - SAME DIRECTION,21,CLEAR,1,DAYLIGHT,12,MOTOR VEHICLE IN TRANSPORT,GALLATIN PKEN & RIVERGATE MARKETPLACE PV,MADISON,TN,37115,1731,MADISO,36.3044,-86.6895,POINT (-86.6895 36.3044)
20190477916,06/24/2019 12:00:00 AM,2,0,0,,N,134903,11,Front to Rear,21,CLEAR,4,DAWN,12,MOTOR VEHICLE IN TRANSPORT,S NEW HOPE RD & CENTRAL PKE,HERMITAGE,TN,37076,9541,HERMIT,36.1729,-86.5849,POINT (-86.5849 36.1729)
20190094103,02/04/2019 03:34:00 PM,2,0,0,,N,580819,11,Front to Rear,22,CLOUDY,1,DAYLIGHT,12,MOTOR VEHICLE IN TRANSPORT,8TH AVS & MCGAVOCK ST,NASHVILLE,TN,37203,4075,CENTRA,36.1579,-86.7814,POINT (-86.7814 36.1579)
20190507795,07/06/2019 12:37:00 AM,2,0,0,,N,298871,5,SIDESWIPE - SAME DIRECTION,21,CLEAR,3,DARK - LIGHTED,12,MOTOR VEHICLE IN TRANSPORT,CHURCH ST & 19TH AVN,NASHVILLE,TN,37203,5525,MIDTOW,36.1542,-86.7992,POINT (-86.7992 36.1542)
20190133784,02/18/2019 10:32:00 PM,1,0,0,,N,320602,0,NOT COLLISION W/MOTOR VEHICLE-TRANSPORT,21,CLEAR,2,DARK - NOT LIGHTED,42,TREE,TULIP GROVE RD & CHANDLER RD,HERMITAGE,TN,37076,9513,HERMIT,36.1997,-86.592,POINT (-86.592 36.1997)
20190283767,04/13/2019 12:00:00 AM,1,0,0,,Y,109495,0,NOT COLLISION W/MOTOR VEHICLE-TRANSPORT,99,UNKNOWN,9,UNKNOWN,30,UTILITY POLE,EUGENIA AV & CRUZEN ST,NASHVILLE,TN,37204,8305,MIDTOW,36.1154,-86.7543,POINT (-86.7543 36.1154)
20190076929,01/29/2019 02:50:00 PM,3,1,0,,Y,240968,11,Front to Rear,21,CLEAR,1,DAYLIGHT,12,MOTOR VEHICLE IN TRANSPORT,MURFREESBORO PKE & BROOKSBORO PL,ANTIOCH,TN,37013,8891,SOUTH,36.0837,-86.6472,POINT (-86.6472 36.0837)
20190064989,01/25/2019 07:55:00 AM,1,0,0,,N,226098,0,NOT COLLISION W/MOTOR VEHICLE-TRANSPORT,21,CLEAR,1,DAYLIGHT,1,,LICKTON PKE & OLD HICKORY BLVD,WHITES CREEK,TN,37189,3301,NORTH,36.2736,-86.8173,POINT (-86.8173 36.2736)
20190553652,07/24/2019 11:11:00 PM,2,1,0,,N,352170,11,Front to Rear,21,CLEAR,3,DARK - LIGHTED,12,MOTOR VEHICLE IN TRANSPORT,CAMBRIDGE APTS PVTDR & BELL RD,ANTIOCH,TN,37013,8861,SOUTH,36.0596,-86.6411,POINT (-86.6411 36.0596)
20190195063,03/12/2019 07:18:00 PM,2,0,0,,N,876597,11,Front to Rear,21,CLEAR,3,DARK - LIGHTED,12,MOTOR VEHICLE IN TRANSPORT,BELL RD & CANE RIDGE RD,ANTIOCH,TN,37013,8751,SOUTH,36.0447,-86.6615,POINT (-86.6615 36.0447)
20190344275,05/05/2019 04:14:00 AM,1,1,0,,N,279216,0,NOT COLLISION W/MOTOR VEHICLE-TRANSPORT,22,CLOUDY,3,DARK - LIGHTED,1,,MM 88 5 I 65,NASHVILLE,TN,37207,30040,NORTH,36.2237,-86.7746,POINT (-86.7746 36.2237)
20190186253,03/09/2019 06:30:00 AM,2,0,0,,N,279122,11,Front to Rear,2,RAIN,1,DAYLIGHT,12,MOTOR VEHICLE IN TRANSPORT,CLARKSVILLE PKE & ABERNATHY RD,NASHVILLE,TN,37218,3163,NORTH,36.203,-86.8405,POINT (-86.8405 36.203)
20190502453,07/03/2019 04:50:00 PM,2,0,0,,N,197068,5,SIDESWIPE - SAME DIRECTION,22,CLOUDY,1,DAYLIGHT,12,MOTOR VEHICLE IN TRANSPORT,8TH AVS & BROADWAY,NASHVILLE,TN,37203,4085,CENTRA,36.1588,-86.782,POINT (-86.782 36.1588)
20190539476,07/19/2019 08:55:00 AM,2,0,0,,N,352189,5,SIDESWIPE - SAME DIRECTION,21,CLEAR,1,DAYLIGHT,14,PARKED MOTOR VEHICLE,MUSIC SQE & MUSIC SQS,NASHVILLE,TN,37212,6729,MIDTOW,36.1468,-86.7925,POINT (-86.7925 36.1468)
20190285939,04/14/2019 12:00:00 AM,4,0,0,Y,Y,320586,0,NOT COLLISION W/MOTOR VEHICLE-TRANSPORT,99,UNKNOWN,9,UNKNOWN,16;39,THROWN OR FALLING OBJECT;WALL,NOLENSVILLE PKE & MCNALLY DR,NASHVILLE,TN,37211,8511,MIDTOW,36.0933,-86.7362,POINT (-86.7362 36.0933)
20190129005,02/16/2019 11:28:00 PM,2,2,0,Y,Y,299261,11,Front to Rear,21,CLEAR,3,DARK - LIGHTED,12,MOTOR VEHICLE IN TRANSPORT,MM 78 8 I 65,NASHVILLE,TN,37204,7002,MIDTOW,36.0971,-86.7634,POINT (-86.7634 36.0971)
20190109732,02/10/2019 04:33:00 AM,1,0,0,Y,N,320598,0,NOT COLLISION W/MOTOR VEHICLE-TRANSPORT,21,CLEAR,3,DARK - LIGHTED,30,UTILITY POLE,WALLACE RD & EDMONDSON PKE,NASHVILLE,TN,37211,8701,SOUTH,36.0778,-86.7242,POINT (-86.7242 36.0778)
20190225133,03/22/2019 09:53:00 PM,2,0,0,,N,109543,4,ANGLE,21,CLEAR,3,DARK - LIGHTED,12,MOTOR VEHICLE IN TRANSPORT,ELM HILL PKE & MCGAVOCK PKE,NASHVILLE,TN,37214,9115,HERMIT,36.1528,-86.6834,POINT (-86.6834 36.1528)
20190014347,01/06/2019 05:50:00 PM,2,1,0,,N,256501,2,HEAD-ON,21,CLEAR,3,DARK - LIGHTED,12,MOTOR VEHICLE IN TRANSPORT,W TRINITY LN & WHITES CREEK PKE,NASHVILLE,TN,37207,3009,NORTH,36.207,-86.7916,POINT (-86.7916 36.207)
20190356201,05/09/2019 05:38:00 AM,1,0,0,Y,N,320586,0,NOT COLLISION W/MOTOR VEHICLE-TRANSPORT,21,CLEAR,1,DAYLIGHT,27,H-WAY TRAFFIC SIGNAL POST,MURFREESBORO PKE & LAVERGNE COUCHVILLE P,ANTIOCH,TN,37013,8869,SOUTH,36.0279,-86.5899,POINT (-86.5899 36.0279)
20190266262,04/06/2019 12:00:00 AM,2,0,0,,N,299262,11,Front to Rear,21,CLEAR,3,DARK - LIGHTED,12,MOTOR VEHICLE IN TRANSPORT,MM 49 3 I 24,NASHVILLE,TN,37206,10040,EAST,36.1629,-86.7614,POINT (-86.7614 36.1629)
20190452428,06/14/2019 10:00:00 AM,2,1,0,,N,226673,5,SIDESWIPE - SAME DIRECTION,21,CLEAR,1,DAYLIGHT,12,MOTOR VEHICLE IN TRANSPORT,2ND AVS & ELM ST,NASHVILLE,TN,37210,4005,CENTRA,36.1542,-86.7702,POINT (-86.7702 36.1542)
20190128270,02/16/2019 04:57:00 PM,2,0,0,,N,279194,5,SIDESWIPE - SAME DIRECTION,21,CLEAR,1,DAYLIGHT,12,MOTOR VEHICLE IN TRANSPORT,CLARKSVILLE PKE & ROSA L PARKS BLVD,NASHVILLE,TN,37228,4483,NORTH,36.1889,-86.8231,POINT (-86.8231 36.1889)
20190580974,08/05/2019 07:51:00 AM,2,0,0,,N,580814,9,UNKNOWN,21,CLEAR,1,DAYLIGHT,12,MOTOR VEHICLE IN TRANSPORT,MURFREESBORO PKE & FOSTER AV,NASHVILLE,TN,37210,8161,SOUTH,36.1418,-86.7412,POINT (-86.7412 36.1418)
20190123070,02/14/2019 12:00:00 AM,1,1,0,,N,279196,0,NOT COLLISION W/MOTOR VEHICLE-TRANSPORT,21,CLEAR,1,DAYLIGHT,36;64,CONCRETE TRAFFIC BARRIER;Ran Off Road-Left,BRILEY PKWY W EXT RAMP & DOVERSIDE CT,NASHVILLE,TN,37207,2033,MADISO,36.2389,-86.7794,POINT (-86.7794 36.2389)
20190432777,06/06/2019 10:19:00 PM,2,0,0,,Y,468098,11,Front to Rear,2,RAIN,3,DARK - LIGHTED,12,MOTOR VEHICLE IN TRANSPORT,HICKORY HOLLOW PKWY & BELL RD,ANTIOCH,TN,37013,8863,SOUTH,36.0475,-86.656,POINT (-86.656 36.0475)