Accident Number,Date and Time,Number of Motor Vehicles,Number of Injuries,Number of Fatalities,Property Damage,Hit and Run,Reporting Officer,Collision Type Code,Collision Type Description,Weather Code,Weather Description,Illumination Code,Illumination Description,Harmful Code,Harmful Code Description,Street Address,City,State,ZIP,RPA,Precinct,Latitude,Longitude,Mapped Location
20190267032,04/07/2019 12:00:00 AM,2,0,0,Y,Y,320592,5,SIDESWIPE - SAME DIRECTION,2,RAIN,7,Dark-Unknown Lighting,14;40,PARKED MOTOR VEHICLE;MAIL BOX,STONER MILL LN & PINE VIEW CT,HERMITAGE,TN,37076,9525,HERMIT,36.204,-86.5868,POINT (-86.5868 36.204)
20190251883,04/01/2019 08:15:00 PM,2,0,0,,Y,320580,11,Front to Rear,21,CLEAR,3,DARK - LIGHTED,12,MOTOR VEHICLE IN TRANSPORT,MM 210 7 I 40,NASHVILLE,TN,37210,8202,HERMIT,36.1532,-86.7644,POINT (-86.7644 36.1532)
20190410836,05/29/2019 12:00:00 AM,2,0,0,,N,279200,5,SIDESWIPE - SAME DIRECTION,21,CLEAR,1,DAYLIGHT,12,MOTOR VEHICLE IN TRANSPORT,UNION ST & PRINTERS ALY,NASHVILLE,TN,37201,4137,CENTRA,36.1652,-86.7795,POINT (-86.7795 36.1652)
20190293157,04/16/2019 06:18:00 PM,2,1,0,,N,279225,11,Front to Rear,21,CLEAR,1,DAYLIGHT,12,MOTOR VEHICLE IN TRANSPORT,THOMPSON PL & PATRICIA DR,NASHVILLE,TN,37217,8821,HERMIT,36.1272,-86.7073,POINT (-86.7073 36.1272)
20190512475,07/08/2019 03:52:00 PM,3,0,0,,Y,320586,11,Front to Rear,21,CLEAR,1,DAYLIGHT,12,MOTOR VEHICLE IN TRANSPORT,LAFAYETTE ST & 2ND AVS,NASHVILLE,TN,37210,8201,HERMIT,36.1507,-86.768,POINT (-86.768 36.1507)
20190188729,03/10/2019 12:29:00 PM,2,0,0,,N,633390,4,ANGLE,21,CLEAR,1,DAYLIGHT,12,MOTOR VEHICLE IN TRANSPORT,WOODLAND ST & S 9TH ST,NASHVILLE,TN,37206,1119,EAST,36.1749,-86.7569,POINT (-86.7569 36.1749)
20190130192,02/17/2019 02:24:00 PM,1,0,0,Y,N,279204,0,NOT COLLISION W/MOTOR VEHICLE-TRANSPORT,2,RAIN,1,DAYLIGHT,25,GUARDRAIL END,MM 206 0 I 40,NASHVILLE,TN,37209,45042,NORTH,36.1586,-86.8226,POINT (-86.8226 36.1586)
20190281659,04/12/2019 01:25:00 PM,1,0,0,Y,N,311325,0,NOT COLLISION W/MOTOR VEHICLE-TRANSPORT,22,CLOUDY,1,DAYLIGHT,19,BUILDING,S CAMERON CT & CHASE BLVD,HERMITAGE,TN,37076,9715,HERMIT,36.2247,-86.6014,POINT (-86.6014 36.2247)
20190017106,01/07/2019 06:16:00 PM,3,2,0,,N,330419,4,ANGLE,21,CLEAR,3,DARK - LIGHTED,12,MOTOR VEHICLE IN TRANSPORT,BELLEVUE CTR PVTDR & HIGHWAY 70S,NASHVILLE,TN,37221,4813,WEST,36.0787,-86.9507,POINT (-86.9507 36.0787)
20190352781,05/08/2019 07:14:00 AM,2,0,0,,N,553957,4,ANGLE,21,CLEAR,1,DAYLIGHT,12,MOTOR VEHICLE IN TRANSPORT,ELM HILL PKE & ARLINGTON AV,NASHVILLE,TN,37210,9013,HERMIT,36.1437,-86.7319,POINT (-86.7319 36.1437)
20190362789,05/12/2019 01:35:00 AM,1,1,0,Y,N,256493,0,NOT COLLISION W/MOTOR VEHICLE-TRANSPORT,2,RAIN,,,30,UTILITY POLE,SMITH SPRINGS RD & UNA RECREATION RD,NASHVILLE,TN,37217,8941,HERMIT,36.0967,-86.641,POINT (-86.641 36.0967)
20190119975,02/13/2019 04:12:00 PM,2,0,0,,N,256384,11,Front to Rear,21,CLEAR,1,DAYLIGHT,12,MOTOR VEHICLE IN TRANSPORT,NOLENSVILLE PKE & POLK AV,NASHVILLE,TN,37210,8109,SOUTH,36.1302,-86.755,POINT (-86.755 36.1302)
20190256314,04/03/2019 07:37:00 AM,2,0,0,,Y,109534,4,ANGLE,21,CLEAR,1,DAYLIGHT,12;99,MOTOR VEHICLE IN TRANSPORT;UNKNOWN MOST HARMFUL EVENT,OLD HICKORY BLVD & CENTRAL PKE,HERMITAGE,TN,37076,9557,HERMIT,36.1676,-86.7787,POINT (-86.7787 36.1676)
20190085857,02/01/2019 08:15:00 AM,2,0,0,,Y,676834,5,SIDESWIPE - SAME DIRECTION,2,RAIN,1,DAYLIGHT,12,MOTOR VEHICLE IN TRANSPORT,JEFFERSON ST & 9TH AVN,NASHVILLE,TN,37208,4239,NORTH,36.1729,-86.7931,POINT (-86.7931 36.1729)
20190347240,05/06/2019 12:00:00 PM,2,0,0,,N,226622,4,ANGLE,21,CLEAR,1,DAYLIGHT,12,MOTOR VEHICLE IN TRANSPORT,CHARLOTTE PKE & MIDLAND AV,NASHVILLE,TN,37209,5033,WEST,36.1499,-86.8591,POINT (-86.8591 36.1499)
20190547367,07/22/2019 05:30:00 PM,2,2,0,,N,161939,4,ANGLE,2,RAIN,1,DAYLIGHT,12,MOTOR VEHICLE IN TRANSPORT,OLD HICKORY BLVD & LOGISTICS WAY,ANTIOCH,TN,37013,8869,SOUTH,36.0286,-86.614,POINT (-86.614 36.0286)
20190391222,05/22/2019 01:09:00 PM,2,0,0,,Y,352198,5,SIDESWIPE - SAME DIRECTION,21,CLEAR,1,DAYLIGHT,12,MOTOR VEHICLE IN TRANSPORT,20TH AVN & CHURCH ST,NASHVILLE,TN,37203,5527,MIDTOW,36.1534,-86.8008,POINT (-86.8008 36.1534)
20190565103,07/29/2019 06:11:00 PM,2,0,0,,N,256383,11,Front to Rear,21,CLEAR,1,DAYLIGHT,12,MOTOR VEHICLE IN TRANSPORT,HAMILTON CHURCH RD & HOBSON PKE,ANTIOCH,TN,37013,8905,SOUTH,36.0586,-86.5978,POINT (-86.5978 36.0586)
20190533985,07/17/2019 08:42:00 AM,2,0,0,,N,352156,11,Front to Rear,21,CLEAR,1,DAYLIGHT,12,MOTOR VEHICLE IN TRANSPORT,I65 N EXT RAMP & SIDCO DR,NASHVILLE,TN,37220,8601,MIDTOW,36.082,-86.7617,POINT (-86.7617 36.082)
20190113125,02/11/2019 08:10:00 AM,2,0,0,,Y,206675,5,SIDESWIPE - SAME DIRECTION,21,CLEAR,1,DAYLIGHT,14,PARKED MOTOR VEHICLE,MURPHY AV & 23RD AVN,NASHVILLE,TN,37203,5609,MIDTOW,36.1544,-86.8075,POINT (-86.8075 36.1544)
20190291947,04/16/2019 11:24:00 AM,2,0,0,,N,226136,11,Front to Rear,21,CLEAR,1,DAYLIGHT,12,MOTOR VEHICLE IN TRANSPORT,CHURCH ST & 18TH AVN,NASHVILLE,TN,37203,5521,MIDTOW,36.155,-86.7975,POINT (-86.7975 36.155)
20190107860,02/09/2019 06:25:00 AM,1,1,0,,N,279212,0,NOT COLLISION W/MOTOR VEHICLE-TRANSPORT,21,CLEAR,4,DAWN,34;64,DITCH;Ran Off Road-Left,OLD HICKORY BLVD & GAUCHO ROAD PVTDR,NASHVILLE,TN,37221,6213,WEST,36.0543,-86.8997,POINT (-86.8997 36.0543)
20190184681,03/08/2019 04:10:00 PM,2,0,0,,N,909486,11,Front to Rear,2,RAIN,1,DAYLIGHT,12,MOTOR VEHICLE IN TRANSPORT,I65 S ENT RAMP & I 65,NASHVILLE,TN,37207,3007,NORTH,36.2057,-86.778,POINT (-86.778 36.2057)
20190448983,06/13/2019 07:13:00 AM,2,0,0,,N,716886,11,Front to Rear,21,CLEAR,1,DAYLIGHT,12,MOTOR VEHICLE IN TRANSPORT,MM 54 9 I 24,NASHVILLE,TN,37211,8812,SOUTH,36.0962,-86.7081,POINT (-86.7081 36.0962)
20190278741,04/11/2019 12:24:00 PM,2,0,0,,N,134899,4,ANGLE,21,CLEAR,1,DAYLIGHT,12,MOTOR VEHICLE IN TRANSPORT,MURFREESBORO PKE & BELL RD,ANTIOCH,TN,37013,8861,SOUTH,36.072,-86.636,POINT (-86.636 36.072)
20190410663,05/29/2019 04:24:00 PM,2,6,1,,N,161946,11,Front to Rear,21,CLEAR,1,DAYLIGHT,12,MOTOR VEHICLE IN TRANSPORT,DICKERSON PKE & DONALD ST,NASHVILLE,TN,37207,1829,EAST,36.2117,-86.7652,POINT (-86.7652 36.2117)
20190460171,06/17/2019 05:18:00 PM,2,0,0,,N,256380,4,ANGLE,2,RAIN,1,DAYLIGHT,12,MOTOR VEHICLE IN TRANSPORT,W TRINITY LN & I65 S ENT RAMP,NASHVILLE,TN,37207,3002,NORTH,36.2065,-86.7765,POINT (-86.7765 36.2065)
20190056554,01/22/2019 12:28:00 PM,5,0,0,,Y,298878,11,Front to Rear,21,CLEAR,1,DAYLIGHT,12,MOTOR VEHICLE IN TRANSPORT,MM 86 2 I 65,NASHVILLE,TN,37207,1910,CENTRA,36.1919,-86.7812,POINT (-86.7812 36.1919)
20190171881,03/04/2019 03:39:00 PM,2,0,0,,N,807344,4,ANGLE,21,CLEAR,1,DAYLIGHT,12,MOTOR VEHICLE IN TRANSPORT,CHARLOTTE AV & GEORGE L DAVIS BLVD,NASHVILLE,TN,37203,4205,CENTRA,36.1612,-86.7927,POINT (-86.7927 36.1612)
20190462681,06/18/2019 04:30:00 PM,2,0,0,,N,109536,11,Front to Rear,21,CLEAR,1,DAYLIGHT,12,MOTOR VEHICLE IN TRANSPORT,MM 40 4 I 24,WHITES CREEK,TN,37189,3314,NORTH,36.2786,-86.8016,POINT (-86.8016 36.2786)
20190141447,02/21/2019 08:43:00 AM,2,0,0,,N,191578,5,SIDESWIPE - SAME DIRECTION,21,CLEAR,1,DAYLIGHT,12,MOTOR VEHICLE IN TRANSPORT,MASSMAN DR & MAPLELEAF DR,NASHVILLE,TN,37210,9037,HERMIT,36.1508,-86.709,POINT (-86.709 36.1508)
20190555944,07/25/2019 07:34:00 PM,2,0,0,,N,298863,11,Front to Rear,21,CLEAR,9,UNKNOWN,12,MOTOR VEHICLE IN TRANSPORT,4TH AVS & LAFAYETTE ST,NASHVILLE,TN,37203,4007,CENTRA,36.1515,-86.7711,POINT (-86.7711 36.1515)
20190234016,03/26/2019 07:57:00 AM,2,0,0,,N,311799,4,ANGLE,21,CLEAR,1,DAYLIGHT,12,MOTOR VEHICLE IN TRANSPORT,DICKERSON PKE & OLD HICKORY BLVD,NASHVILLE,TN,37207,2133,MADISO,36.2693,-86.7557,POINT (-86.7557 36.2693)
20190174663,03/05/2019 12:58:00 PM,2,1,0,,N,191578,4,ANGLE,21,CLEAR,1,DAYLIGHT,12,MOTOR VEHICLE IN TRANSPORT,DONELSON PKE & SHACKLETT DR,NASHVILLE,TN,37214,9411,HERMIT,36.1449,-86.6667,POINT (-86.6667 36.1449)
20190510948,07/07/2019 07:19:00 PM,2,0,0,,N,633391,98,OTHER,2,RAIN,3,DARK - LIGHTED,12,MOTOR VEHICLE IN TRANSPORT,WEST END AV & WILSON BLVDN,NASHVILLE,TN,37205,6009,WEST,36.132,-86.8326,POINT (-86.8326 36.132)
20190292014,04/16/2019 11:50:00 AM,2,1,0,,N,191578,5,SIDESWIPE - SAME DIRECTION,21,CLEAR,1,DAYLIGHT,12;36,MOTOR VEHICLE IN TRANSPORT;CONCRETE TRAFFIC BARRIER,MM 210 5 I 40,NASHVILLE,TN,37210,8202,HERMIT,36.1522,-86.7669,POINT (-86.7669 36.1522)
20190397933,05/24/2019 02:30:00 PM,3,0,0,,Y,330427,5,SIDESWIPE - SAME DIRECTION,21,CLEAR,1,DAYLIGHT,12,MOTOR VEHICLE IN TRANSPORT,MM 87 0 I 65,NASHVILLE,TN,37207,18020,EAST,36.2018,-86.7766,POINT (-86.7766 36.2018)
20190145697,02/22/2019 05:35:00 PM,4,2,0,,N,240960,11,Front to Rear,2,RAIN,3,DARK - LIGHTED,12,MOTOR VEHICLE IN TRANSPORT,MM 87 2 I 65,NASHVILLE,TN,37207,18020,EAST,36.2054,-86.7764,POINT (-86.7764 36.2054)
20190009937,01/04/2019 12:00:00 AM,2,0,0,,Y,298861,98,OTHER,22,CLOUDY,5,DUSK,14,PARKED MOTOR VEHICLE,LEBANON PKE & MCGAVOCK PKE,NASHVILLE,TN,37214,9201,HERMIT,36.1694,-86.6799,POINT (-86.6799 36.1694)
20190356430,05/09/2019 01:39:00 PM,2,0,0,,Y,137872,11,Front to Rear,21,CLEAR,1,DAYLIGHT,12,MOTOR VEHICLE IN TRANSPORT,BRILEY PKWYN & CORPORATE DR,NASHVILLE,TN,37217,8998,HERMIT,36.1343,-86.6974,POINT (-86.6974 36.1343)
20190372824,05/15/2019 05:28:00 PM,2,0,0,,N,256389,11,Front to Rear,21,CLEAR,1,DAYLIGHT,12,MOTOR VEHICLE IN TRANSPORT,28TH AVN & CHARLOTTE AV,NASHVILLE,TN,37209,5341,MIDTOW,36.154,-86.8182,POINT (-86.8182 36.154)
20190498144,07/02/2019 09:57:00 AM,1,1,0,Y,N,474373,0,NOT COLLISION W/MOTOR VEHICLE-TRANSPORT,21,CLEAR,1,DAYLIGHT,30,UTILITY POLE,BROOK HOLLOW RD & CHARLOTTE PKE,NASHVILLE,TN,37205,5013,WEST,36.1358,-86.8852,POINT (-86.8852 36.1358)
20190349871,05/07/2019 08:10:00 AM,2,0,0,,N,473663,4,ANGLE,21,CLEAR,1,DAYLIGHT,12,MOTOR VEHICLE IN TRANSPORT,LEWIS ST & FAIN ST,NASHVILLE,TN,37210,8207,HERMIT,36.1518,-86.758,POINT (-86.758 36.1518)
20190288741,04/15/2019 11:34:00 AM,1,2,0,,N,493312,0,NOT COLLISION W/MOTOR VEHICLE-TRANSPORT,21,CLEAR,1,DAYLIGHT,1,,S PERIMETER PARK DR & PERIMETER HILL DR,NASHVILLE,TN,37211,8889,SOUTH,36.0855,-86.6967,POINT (-86.6967 36.0855)
20190246520,03/30/2019 04:50:00 PM,1,0,0,,N,311803,0,NOT COLLISION W/MOTOR VEHICLE-TRANSPORT,21,CLEAR,1,DAYLIGHT,36,CONCRETE TRAFFIC BARRIER,MM 5 2 I 440,NASHVILLE,TN,37204,8306,MIDTOW,36.1179,-86.7684,POINT (-86.7684 36.1179)
20190429128,06/05/2019 12:00:00 AM,2,0,0,,Y,206675,5,SIDESWIPE - SAME DIRECTION,21,CLEAR,1,DAYLIGHT,14,PARKED MOTOR VEHICLE,26TH AVS & ACKLEN AV,NASHVILLE,TN,37212,5821,MIDTOW,36.1357,-86.8084,POINT (-86.8084 36.1357)
20190259873,04/04/2019 12:28:00 PM,2,0,0,,N,462474,5,SIDESWIPE - SAME DIRECTION,22,CLOUDY,1,DAYLIGHT,12,MOTOR VEHICLE IN TRANSPORT,FRANKLIN PKE & OLD HICKORY BLVD,NASHVILLE,TN,37220,7111,MIDTOW,36.0377,-86.7865,POINT (-86.7865 36.0377)
20190498211,07/02/2019 10:16:00 AM,2,0,0,,N,594473,5,SIDESWIPE - SAME DIRECTION,21,CLEAR,1,DAYLIGHT,12,MOTOR VEHICLE IN TRANSPORT,17TH AVS & MCGAVOCK ST,NASHVILLE,TN,37203,5703,MIDTOW,36.1527,-86.7935,POINT (-86.7935 36.1527)
20190197695,03/13/2019 03:30:00 PM,2,0,0,,N,330428,4,ANGLE,21,CLEAR,1,DAYLIGHT,13,MOTOR VEHICLE IN TRANSPORT-OTHER ROADWAY,HILLSBORO PKE & GREEN HILLS VILLAGE DR,NASHVILLE,TN,37215,6411,MIDTOW,36.107,-86.8132,POINT (-86.8132 36.107)
20190184682,03/08/2019 12:00:00 AM,2,0,0,,N,298877,11,Front to Rear,2,RAIN,1,DAYLIGHT,12,MOTOR VEHICLE IN TRANSPORT,MM 6 9 I 440,NASHVILLE,TN,37210,81040,SOUTH,36.1245,-86.7391,POINT (-86.7391 36.1245)
20190259619,04/04/2019 10:29:00 AM,2,0,0,,N,405447,4,ANGLE,22,CLOUDY,1,DAYLIGHT,12,MOTOR VEHICLE IN TRANSPORT,OLD HICKORY BLVD & BRENTWOOD EAST DR,NASHVILLE,TN,37211,8651,MIDTOW,36.0452,-86.7154,POINT (-86.7154 36.0452)
20190103726,02/07/2019 05:25:00 PM,2,0,0,,N,256448,5,SIDESWIPE - SAME DIRECTION,2,RAIN,3,DARK - LIGHTED,12,MOTOR VEHICLE IN TRANSPORT,LEBANON PKE & FAIRWAY DR,NASHVILLE,TN,37214,9109,HERMIT,36.1691,-86.6824,POINT (-86.6824 36.1691)
20190489369,06/28/2019 06:00:00 PM,2,0,0,,N,320577,4,ANGLE,21,CLEAR,1,DAYLIGHT,12,MOTOR VEHICLE IN TRANSPORT,GRAYBAR LN & GRANNY WHITE PKE,NASHVILLE,TN,37215,6415,MIDTOW,36.1097,-86.7934,POINT (-86.7934 36.1097)
20190341959,05/04/2019 12:00:00 AM,2,0,0,,N,660929,5,SIDESWIPE - SAME DIRECTION,21,CLEAR,3,DARK - LIGHTED,12,MOTOR VEHICLE IN TRANSPORT,MM 75 4 I 65,NASHVILLE,TN,37220,71040,MIDTOW,36.0619,-86.7721,POINT (-86.7721 36.0619)
20190416066,05/31/2019 12:08:00 PM,2,0,0,,N,769379,4,ANGLE,21,CLEAR,1,DAYLIGHT,12,MOTOR VEHICLE IN TRANSPORT,MM 58 2 I 24,ANTIOCH,TN,37013,87060,SOUTH,36.0564,-86.6761,POINT (-86.6761 36.0564)
20190021887,01/09/2019 11:55:00 AM,2,0,0,,N,191578,4,ANGLE,21,CLEAR,1,DAYLIGHT,12,MOTOR VEHICLE IN TRANSPORT,LEBANON PKE & HICKORY HILL LN,HERMITAGE,TN,37076,9531,HERMIT,36.1889,-86.6283,POINT (-86.6283 36.1889)
20190522739,07/12/2019 03:17:00 PM,2,0,0,,N,151132,4,ANGLE,21,CLEAR,1,DAYLIGHT,12,MOTOR VEHICLE IN TRANSPORT,NESBITT LN & N GRAYCROFT AV,MADISON,TN,37115,1767,MADISO,36.273,-86.7298,POINT (-86.7298 36.273)
20190145861,02/22/2019 06:35:00 PM,1,0,0,Y,N,161939,0,NOT COLLISION W/MOTOR VEHICLE-TRANSPORT,2,RAIN,3,DARK - LIGHTED,43,OTHER FIXED OBJECTS,APACHE TRL & PACKARD DR,NASHVILLE,TN,37211,8709,SOUTH,36.065,-86.6858,POINT (-86.6858 36.065)
20190132864,02/18/2019 03:29:00 PM,2,0,0,,Y,256379,4,ANGLE,21,CLEAR,1,DAYLIGHT,12,MOTOR VEHICLE IN TRANSPORT,MELROSE AV & I440 E ENT RAMP,NASHVILLE,TN,37211,8343,MIDTOW,36.1205,-86.7501,POINT (-86.7501 36.1205)
20190183795,03/08/2019 09:11:00 AM,2,0,0,,N,140788,5,SIDESWIPE - SAME DIRECTION,2,RAIN,1,DAYLIGHT,12,MOTOR VEHICLE IN TRANSPORT,MM 84 9 I 65,NASHVILLE,TN,37208,44040,NORTH,36.1782,-86.8009,POINT (-86.8009 36.1782)
20190406443,05/28/2019 07:30:00 AM,2,0,0,,N,262757,11,Front to Rear,21,CLEAR,1,DAYLIGHT,12,MOTOR VEHICLE IN TRANSPORT,GALLATIN PKES & BRILEY PKWYW,MADISON,TN,37115,1598,MADISO,36.2352,-86.7247,POINT (-86.7247 36.2352)
20190112482,02/11/2019 10:15:00 AM,2,0,0,,N,676834,11,Front to Rear,21,CLEAR,1,DAYLIGHT,12,MOTOR VEHICLE IN TRANSPORT,22ND AVN & CHARLOTTE AV,NASHVILLE,TN,37209,5339,NORTH,36.1569,-86.8074,POINT (-86.8074 36.1569)
20190279672,04/11/2019 07:17:00 PM,2,0,0,,N,256380,4,ANGLE,21,CLEAR,1,DAYLIGHT,12,MOTOR VEHICLE IN TRANSPORT,DR D B TODD JR BLVD & BUCHANAN ST,NASHVILLE,TN,37208,4413,NORTH,36.1805,-86.8112,POINT (-86.8112 36.1805)
20190221383,03/21/2019 07:20:00 PM,2,0,0,,N,161948,5,SIDESWIPE - SAME DIRECTION,21,CLEAR,3,DARK - LIGHTED,12,MOTOR VEHICLE IN TRANSPORT,BRILEY PKWYS & BRILEY PKWY S EXT RAMP,NASHVILLE,TN,37210,9098,HERMIT,36.148,-86.6929,POINT (-86.6929 36.148)
20190315371,04/24/2019 05:25:00 AM,3,0,0,,N,352156,4,ANGLE,21,CLEAR,4,DAWN,12;20;7,MOTOR VEHICLE IN TRANSPORT;IMPACT ATTENUATOR,SMITH SPRINGS PKWY & HOBSON PKE,ANTIOCH,TN,37013,8977,SOUTH,36.0686,-86.5853,POINT (-86.5853 36.0686)
20190250070,04/01/2019 05:50:00 AM,2,2,0,,N,468098,11,Front to Rear,21,CLEAR,3,DARK - LIGHTED,12,MOTOR VEHICLE IN TRANSPORT,ANTIOCH PKE & FRANKLIN LIMESTONE RD,ANTIOCH,TN,37013,8899,SOUTH,36.0804,-86.6857,POINT (-86.6857 36.0804)
20190043669,01/17/2019 12:00:00 AM,2,0,0,,N,429205,4,ANGLE,2,RAIN,1,DAYLIGHT,12,MOTOR VEHICLE IN TRANSPORT,4TH AVS & ASH ST,NASHVILLE,TN,37210,4005,CENTRA,36.1523,-86.7716,POINT (-86.7716 36.1523)
20190155119,02/26/2019 08:40:00 AM,2,0,0,,N,330431,11,Front to Rear,21,CLEAR,1,DAYLIGHT,12,MOTOR VEHICLE IN TRANSPORT,HAMILTON CHURCH RD & MURFREESBORO PKE,ANTIOCH,TN,37013,8865,SOUTH,36.0645,-86.6288,POINT (-86.6288 36.0645)
20190339086,05/02/2019 12:00:00 AM,1,0,0,Y,Y,192378,0,NOT COLLISION W/MOTOR VEHICLE-TRANSPORT,22,CLOUDY,3,DARK - LIGHTED,24,GUARDRAIL FACE,I24 W EXT RAMP & I 24,NASHVILLE,TN,37211,8829,SOUTH,36.1074,-86.7197,POINT (-86.7197 36.1074)
20190241072,03/28/2019 02:42:00 PM,1,0,0,Y,Y,690942,0,NOT COLLISION W/MOTOR VEHICLE-TRANSPORT,21,CLEAR,1,DAYLIGHT,18,OTHER OBJECT (NOT FIXED),5TH AVS & BROADWAY,NASHVILLE,TN,37203,4089,CENTRA,36.1605,-86.7784,POINT (-86.7784 36.1605)
20190488489,06/28/2019 10:59:00 AM,3,2,0,,N,630627,11,Front to Rear,21,CLEAR,1,DAYLIGHT,12,MOTOR VEHICLE IN TRANSPORT,MM 87 0 I 65,NASHVILLE,TN,37207,18020,EAST,36.2018,-86.7766,POINT (-86.7766 36.2018)
20190079352,01/30/2019 07:39:00 AM,1,0,0,,N,716886,0,NOT COLLISION W/MOTOR VEHICLE-TRANSPORT,4,SNOW,1,DAYLIGHT,34,DITCH,BATTLE RD & CAROTHERS RD,NOLENSVILLE,TN,37135,8773,SOUTH,35.9849,-86.6262,POINT (-86.6262 35.9849)
20190152771,02/25/2019 02:44:00 PM,2,0,0,,N,212322,2,HEAD-ON,21,CLEAR,1,DAYLIGHT,12,MOTOR VEHICLE IN TRANSPORT,AIRPARK CENTER DR & DONELSON PKE,NASHVILLE,TN,37217,8841,SOUTH,36.0955,-86.6802,POINT (-86.6802 36.0955)
20190178070,03/06/2019 12:00:00 AM,2,0,0,,Y,225773,9,UNKNOWN,21,CLEAR,1,DAYLIGHT,12;14,MOTOR VEHICLE IN TRANSPORT;PARKED MOTOR VEHICLE,OVERBECK LN & FRANKLIN PKE,NASHVILLE,TN,37204,6957,MIDTOW,36.1191,-86.7769,POINT (-86.7769 36.1191)
20190047102,01/18/2019 01:05:00 PM,2,0,0,,N,630627,5,SIDESWIPE - SAME DIRECTION,22,CLOUDY,1,DAYLIGHT,12,MOTOR VEHICLE IN TRANSPORT,21ST AVS & BELCOURT AV,NASHVILLE,TN,37212,6607,MIDTOW,36.1367,-86.8009,POINT (-86.8009 36.1367)
20190329645,04/29/2019 05:29:00 PM,2,3,0,,N,279124,4,ANGLE,21,CLEAR,1,DAYLIGHT,12,MOTOR VEHICLE IN TRANSPORT,BELL RD & CANE RIDGE RD,ANTIOCH,TN,37013,8753,SOUTH,36.0449,-86.6631,POINT (-86.6631 36.0449)
20190528175,07/15/2019 06:09:00 AM,1,1,0,,N,352166,0,NOT COLLISION W/MOTOR VEHICLE-TRANSPORT,2,RAIN,1,DAYLIGHT,1,,MM 200 6 I 40,NASHVILLE,TN,37209,4708,WEST,36.1261,-86.904,POINT (-86.904 36.1261)
20190212949,03/19/2019 07:55:00 AM,2,3,0,,N,405391,11,Front to Rear,21,CLEAR,1,DAYLIGHT,12,MOTOR VEHICLE IN TRANSPORT,MM 200 1 I 40,NASHVILLE,TN,37205,4902,WEST,36.1207,-86.9112,POINT (-86.9112 36.1207)
20190524996,07/13/2019 03:59:00 PM,3,0,0,,Y,330412,11,Front to Rear,21,CLEAR,1,DAYLIGHT,12,MOTOR VEHICLE IN TRANSPORT,RIVERGATE STATION PVTDR & MYATT DR,MADISON,TN,37115,1721,MADISO,36.296,-86.6985,POINT (-86.6985 36.296)
20190420791,06/02/2019 01:20:00 PM,3,0,0,,N,330443,11,Front to Rear,21,CLEAR,1,DAYLIGHT,12,MOTOR VEHICLE IN TRANSPORT,OLD HICKORY BLVDW & BEVERLY DR,MADISON,TN,37115,1749,MADISO,36.2641,-86.7252,POINT (-86.7252 36.2641)
20190477045,06/24/2019 11:00:00 AM,2,0,0,,N,352155,5,SIDESWIPE - SAME DIRECTION,2,RAIN,1,DAYLIGHT,12,MOTOR VEHICLE IN TRANSPORT,OLD HICKORY BLVD & NOLENSVILLE PKE,ANTIOCH,TN,37013,8757,SOUTH,36.0455,-86.7122,POINT (-86.7122 36.0455)
20190548084,07/23/2019 12:01:00 AM,1,1,0,,N,151122,0,NOT COLLISION W/MOTOR VEHICLE-TRANSPORT,2,RAIN,2,DARK - NOT LIGHTED,43;63,OTHER FIXED OBJECTS;Ran Off Road-Right,I24 E EXT RAMP & I 24,NASHVILLE,TN,37207,30080,NORTH,36.2378,-86.7872,POINT (-86.7872 36.2378)
20190234554,03/26/2019 12:26:00 PM,3,0,0,,N,225773,11,Front to Rear,21,CLEAR,1,DAYLIGHT,12,MOTOR VEHICLE IN TRANSPORT,THOMPSON LN & BRANSFORD AV,NASHVILLE,TN,37204,8525,MIDTOW,36.1123,-86.767,POINT (-86.767 36.1123)
20190152183,02/25/2019 11:18:00 AM,1,1,0,,N,665896,0,NOT COLLISION W/MOTOR VEHICLE-TRANSPORT,21,CLEAR,1,DAYLIGHT,30,UTILITY POLE,DOUGLAS AV & DICKERSON PKE,NASHVILLE,TN,37207,1911,EAST,36.1945,-86.7723,POINT (-86.7723 36.1945)
20190420594,06/02/2019 11:48:00 AM,2,0,0,,N,279230,4,ANGLE,21,CLEAR,1,DAYLIGHT,12,MOTOR VEHICLE IN TRANSPORT,UNA ANTIOCH PKE & NASHBORO BLVD,ANTIOCH,TN,37013,8891,SOUTH,36.0869,-86.6487,POINT (-86.6487 36.0869)
20190030146,01/12/2019 09:50:00 AM,2,0,0,,N,224955,5,SIDESWIPE - SAME DIRECTION,22,CLOUDY,1,DAYLIGHT,12,MOTOR VEHICLE IN TRANSPORT,GALLATIN PKEN & RIVERGATE PKWY,MADISON,TN,37115,1731,MADISO,36.2973,-86.6988,POINT (-86.6988 36.2973)
20190341271,05/03/2019 05:33:00 PM,2,0,0,,N,256389,11,Front to Rear,22,CLOUDY,1,DAYLIGHT,12,MOTOR VEHICLE IN TRANSPORT,MM 81 0 I 65,NASHVILLE,TN,37204,80040,MIDTOW,36.1299,-86.7731,POINT (-86.7731 36.1299)
20190468774,06/20/2019 04:36:00 PM,2,0,0,,N,256380,11,Front to Rear,21,CLEAR,1,DAYLIGHT,12,MOTOR VEHICLE IN TRANSPORT,CHARLOTTE AV & 27TH AVN,NASHVILLE,TN,37209,5341,MIDTOW,36.1543,-86.8168,POINT (-86.8168 36.1543)
20190339878,05/03/2019 12:30:00 AM,1,1,0,,N,352170,0,NOT COLLISION W/MOTOR VEHICLE-TRANSPORT,99,UNKNOWN,7,Dark-Unknown Lighting,8,PEDESTRIAN,ROSA L PARKS BLVD & LOCKLAYER ST,NASHVILLE,TN,37208,4239,NORTH,36.1714,-86.7902,POINT (-86.7902 36.1714)