Accident Number,Date and Time,Number of Motor Vehicles,Number of Injuries,Number of Fatalities,Property Damage,Hit and Run,Reporting Officer,Collision Type Code,Collision Type Description,Weather Code,Weather Description,Illumination Code,Illumination Description,Harmful Code,Harmful Code Description,Street Address,City,State,ZIP,RPA,Precinct,Latitude,Longitude,Mapped Location
20190101008,02/06/2019 06:30:00 PM,2,0,0,,N,414652,4,ANGLE,2,RAIN,3,DARK - LIGHTED,12,MOTOR VEHICLE IN TRANSPORT,DIVISION ST & 9TH AVS,NASHVILLE,TN,37203,4011,CENTRA,36.1502,-86.7809,POINT (-86.7809 36.1502)
20190253293,04/02/2019 08:19:00 AM,2,0,0,,N,226622,5,SIDESWIPE - SAME DIRECTION,21,CLEAR,1,DAYLIGHT,12,MOTOR VEHICLE IN TRANSPORT,6800 CHARLOTTE PKE,NASHVILLE,TN,37209,5009,WEST,36.1346,-86.89,POINT (-86.89 36.1346)
20190073933,01/28/2019 05:51:00 PM,2,0,0,,N,151132,11,Front to Rear,22,CLOUDY,5,DUSK,12,MOTOR VEHICLE IN TRANSPORT,GALLATIN PKES & MADISON SQ,MADISON,TN,37115,1623,MADISO,36.2541,-86.7161,POINT (-86.7161 36.2541)
20190395168,05/23/2019 06:03:00 PM,2,0,0,,Y,524985,16,Rear to Side,21,CLEAR,1,DAYLIGHT,12,MOTOR VEHICLE IN TRANSPORT,BAPTIST WORLD CENTER DR & YOUNGS LN,NASHVILLE,TN,37207,3009,NORTH,36.2067,-86.7913,POINT (-86.7913 36.2067)
20190572770,08/01/2019 06:35:00 PM,2,1,0,,N,267831,4,ANGLE,21,CLEAR,1,DAYLIGHT,12,MOTOR VEHICLE IN TRANSPORT,DAVIDSON RD & BROOK HOLLOW RD,NASHVILLE,TN,37205,4905,WEST,36.1176,-86.8874,POINT (-86.8874 36.1176)
20190394367,05/23/2019 01:00:00 PM,2,2,0,,N,716886,4,ANGLE,21,CLEAR,1,DAYLIGHT,12,MOTOR VEHICLE IN TRANSPORT,MURFREESBORO PKE & EDGE O LAKE DR,ANTIOCH,TN,37013,8891,SOUTH,36.0795,-86.6446,POINT (-86.6446 36.0795)
20190542872,07/20/2019 04:59:00 PM,2,0,0,,N,320585,4,ANGLE,21,CLEAR,1,DAYLIGHT,12,MOTOR VEHICLE IN TRANSPORT,ELM HILL PKE & DONELSON PKE,NASHVILLE,TN,37214,9411,HERMIT,36.1485,-86.6651,POINT (-86.6651 36.1485)
20190471429,06/21/2019 12:00:00 AM,1,0,0,,N,887598,0,NOT COLLISION W/MOTOR VEHICLE-TRANSPORT,22,CLOUDY,1,DAYLIGHT,1,,I40 W EXT RAMP & I 40,NASHVILLE,TN,37203,4119,CENTRA,36.1574,-86.79,POINT (-86.79 36.1574)
20190043359,01/17/2019 07:33:00 AM,2,0,0,,N,235761,4,ANGLE,2,RAIN,1,DAYLIGHT,12,MOTOR VEHICLE IN TRANSPORT,CHICKERING LN & HILLSBORO PKE,NASHVILLE,TN,37215,6205,WEST,36.06,-86.8549,POINT (-86.8549 36.06)
20190313689,04/23/2019 03:57:00 PM,2,0,0,,N,256441,11,Front to Rear,21,CLEAR,1,DAYLIGHT,12,MOTOR VEHICLE IN TRANSPORT,I65 S ENT RAMP & I65 S EXT RAMP,MADISON,TN,37115,2101,MADISO,36.2661,-86.7394,POINT (-86.7394 36.2661)
20190450240,06/13/2019 12:00:00 AM,4,0,0,,N,311333,11,Front to Rear,21,CLEAR,1,DAYLIGHT,12,MOTOR VEHICLE IN TRANSPORT,MM 51 3 I 24,NASHVILLE,TN,37210,8102,SOUTH,36.137,-86.7273,POINT (-86.7273 36.137)
20190360127,05/10/2019 07:52:00 PM,2,0,0,,N,240976,4,ANGLE,21,CLEAR,2,DARK - NOT LIGHTED,12,MOTOR VEHICLE IN TRANSPORT,W TRINITY LN & E TRINITY LN,NASHVILLE,TN,37207,1863,EAST,36.2059,-86.7688,POINT (-86.7688 36.2059)
20190429720,06/05/2019 09:17:00 PM,2,0,0,,N,429193,4,ANGLE,21,CLEAR,2,DARK - NOT LIGHTED,12,MOTOR VEHICLE IN TRANSPORT,HWY 100 & OLD HICKORY BLVD,NASHVILLE,TN,37221,6213,WEST,36.0615,-86.9078,POINT (-86.9078 36.0615)
20190275480,04/10/2019 12:00:00 AM,1,0,0,Y,Y,109534,0,NOT COLLISION W/MOTOR VEHICLE-TRANSPORT,99,UNKNOWN,9,UNKNOWN,30,UTILITY POLE,BRANCH OAK TRL & BEECH BROOK CT,NASHVILLE,TN,37214,8943,HERMIT,36.1212,-86.619,POINT (-86.619 36.1212)
20190499356,07/02/2019 06:40:00 PM,2,0,0,,N,256380,11,Front to Rear,21,CLEAR,1,DAYLIGHT,12,MOTOR VEHICLE IN TRANSPORT,ED TEMPLE BLVD & ROSA L PARKS BLVD,NASHVILLE,TN,37228,4483,NORTH,36.188,-86.8216,POINT (-86.8216 36.188)
20190514273,07/09/2019 11:10:00 AM,2,0,0,,Y,716886,5,SIDESWIPE - SAME DIRECTION,21,CLEAR,1,DAYLIGHT,14,PARKED MOTOR VEHICLE,HICKORY HOLLOW MALL PVTDR PL & HICKORY H,ANTIOCH,TN,37013,8871,SOUTH,36.0495,-86.6594,POINT (-86.6594 36.0495)
20190461302,06/18/2019 04:15:00 AM,1,1,0,,N,110062,0,NOT COLLISION W/MOTOR VEHICLE-TRANSPORT,21,CLEAR,3,DARK - LIGHTED,1;24;67;71,GUARDRAIL FACE;Vehicle Airborne;EMBANKMENT EARTH,I65 S ENT RAMP & I 65,NASHVILLE,TN,37207,3007,NORTH,36.2057,-86.778,POINT (-86.778 36.2057)
20190163607,03/01/2019 07:55:00 AM,2,0,0,,N,226136,5,SIDESWIPE - SAME DIRECTION,22,CLOUDY,1,DAYLIGHT,14,PARKED MOTOR VEHICLE,BRANDAU PL & 23RD AVN,NASHVILLE,TN,37203,5617,MIDTOW,36.1507,-86.8064,POINT (-86.8064 36.1507)
20190337251,05/02/2019 08:10:00 AM,3,1,0,,N,474557,4,ANGLE,21,CLEAR,1,DAYLIGHT,12,MOTOR VEHICLE IN TRANSPORT,HUMBER DR & HARDING PL,NASHVILLE,TN,37211,8705,SOUTH,36.0812,-86.7151,POINT (-86.7151 36.0812)
20190576698,08/03/2019 12:00:00 AM,2,1,0,,N,299248,11,Front to Rear,21,CLEAR,3,DARK - LIGHTED,12,MOTOR VEHICLE IN TRANSPORT,MM 63 1 I 24,ANTIOCH,TN,37013,8702,SOUTH,36.0081,-86.6136,POINT (-86.6136 36.0081)
20190223917,03/22/2019 02:58:00 PM,2,1,0,,N,256383,11,Front to Rear,21,CLEAR,1,DAYLIGHT,12,MOTOR VEHICLE IN TRANSPORT,MURFREESBORO PKE & SMITH SPRINGS RD,NASHVILLE,TN,37217,8849,SOUTH,36.0962,-86.6556,POINT (-86.6556 36.0962)
20190121743,02/14/2019 07:09:00 AM,2,0,0,,N,226622,98,OTHER,22,CLOUDY,1,DAYLIGHT,14,PARKED MOTOR VEHICLE,KENTUCKY AV & 51ST AVN,NASHVILLE,TN,37209,4509,WEST,36.1598,-86.849,POINT (-86.849 36.1598)
20190331705,04/30/2019 10:45:00 AM,1,0,0,Y,Y,420035,0,NOT COLLISION W/MOTOR VEHICLE-TRANSPORT,21,CLEAR,1,DAYLIGHT,40,MAIL BOX,BARRY DR & ARGLE AV,MADISON,TN,37115,1505,MADISO,36.2466,-86.7155,POINT (-86.7155 36.2466)
20190404636,05/27/2019 01:25:00 PM,2,0,0,,N,298874,11,Front to Rear,21,CLEAR,1,DAYLIGHT,12,MOTOR VEHICLE IN TRANSPORT,FATHERLAND ST & S 11TH ST,NASHVILLE,TN,37206,1207,EAST,36.1741,-86.7504,POINT (-86.7504 36.1741)
20190070338,01/27/2019 09:00:00 AM,2,0,0,,Y,279110,5,SIDESWIPE - SAME DIRECTION,21,CLEAR,1,DAYLIGHT,14,PARKED MOTOR VEHICLE,FOSTER AV & ROSE ST,NASHVILLE,TN,37210,8351,SOUTH,36.1236,-86.7426,POINT (-86.7426 36.1236)
20190136093,02/19/2019 03:21:00 PM,2,0,0,,N,429193,4,ANGLE,2,RAIN,1,DAYLIGHT,12,MOTOR VEHICLE IN TRANSPORT,CHARLOTTE PKE & RUSSLEO DR,NASHVILLE,TN,37209,5021,WEST,36.1401,-86.8793,POINT (-86.8793 36.1401)
20190426311,06/04/2019 03:05:00 PM,2,0,0,,N,717341,11,Front to Rear,21,CLEAR,1,DAYLIGHT,12,MOTOR VEHICLE IN TRANSPORT,MM 63 0 I 24,ANTIOCH,TN,37013,8702,SOUTH,36.0094,-86.6151,POINT (-86.6151 36.0094)
20190505132,07/04/2019 12:00:00 AM,1,1,0,,Y,279123,0,NOT COLLISION W/MOTOR VEHICLE-TRANSPORT,21,CLEAR,3,DARK - LIGHTED,8,PEDESTRIAN,9TH AVS & DIVISION ST,NASHVILLE,TN,37203,4021,CENTRA,36.1509,-86.7805,POINT (-86.7805 36.1509)
20190434285,06/07/2019 01:09:00 PM,2,1,0,,N,320586,11,Front to Rear,22,CLOUDY,1,DAYLIGHT,12,MOTOR VEHICLE IN TRANSPORT,GREEN LEAF DR & TUSCULUM RD,NASHVILLE,TN,37211,8655,MIDTOW,36.0588,-86.7196,POINT (-86.7196 36.0588)
20190377713,05/17/2019 09:20:00 AM,2,0,0,,N,226136,4,ANGLE,21,CLEAR,1,DAYLIGHT,12,MOTOR VEHICLE IN TRANSPORT,NOLENSVILLE PKE & ANTIOCH PKE,NASHVILLE,TN,37211,8427,SOUTH,36.1018,-86.7406,POINT (-86.7406 36.1018)
20190457107,06/16/2019 12:00:00 PM,2,0,0,,N,320592,98,OTHER,21,CLEAR,1,DAYLIGHT,12,MOTOR VEHICLE IN TRANSPORT,MCCRORY CREEK RD & IRONWOOD DR,NASHVILLE,TN,37214,9413,HERMIT,36.149,-86.6514,POINT (-86.6514 36.149)
20190556865,07/26/2019 04:30:00 AM,1,0,0,,Y,330422,0,NOT COLLISION W/MOTOR VEHICLE-TRANSPORT,21,CLEAR,3,DARK - LIGHTED,42,TREE,CLARKSVILLE PKE & FAIRMEADE DR,NASHVILLE,TN,37218,3109,NORTH,36.2243,-86.8381,POINT (-86.8381 36.2243)
20190332737,04/30/2019 06:07:00 PM,3,0,0,,N,256383,11,Front to Rear,21,CLEAR,1,DAYLIGHT,12,MOTOR VEHICLE IN TRANSPORT,I24 E ENT RAMP & I 24,NASHVILLE,TN,37213,1007,CENTRA,36.1662,-86.7659,POINT (-86.7659 36.1662)
20190520640,07/11/2019 07:01:00 PM,2,0,0,,N,256389,4,ANGLE,21,CLEAR,1,DAYLIGHT,12,MOTOR VEHICLE IN TRANSPORT,OLD HICKORY BLVD & EDMONDSON PKE,NASHVILLE,TN,37220,8615,MIDTOW,36.04,-86.7435,POINT (-86.7435 36.04)
20190517575,07/10/2019 03:54:00 PM,2,0,0,,N,256383,11,Front to Rear,21,CLEAR,1,DAYLIGHT,12,MOTOR VEHICLE IN TRANSPORT,MURFREESBORO PKE & RURAL HILL RD,ANTIOCH,TN,37013,8861,SOUTH,36.0745,-86.6387,POINT (-86.6387 36.0745)
20190282222,04/12/2019 04:30:00 PM,2,1,0,,N,420040,4,ANGLE,22,CLOUDY,1,DAYLIGHT,12,MOTOR VEHICLE IN TRANSPORT,TROUSDALE DR & GRASSMERE PK,NASHVILLE,TN,37211,8509,MIDTOW,36.0866,-86.7539,POINT (-86.7539 36.0866)
20190472266,06/21/2019 10:29:00 PM,1,0,0,,Y,330425,9,UNKNOWN,22,CLOUDY,3,DARK - LIGHTED,99,UNKNOWN MOST HARMFUL EVENT,HAYWOOD LN & LOCUSTWOOD DR,NASHVILLE,TN,37211,8711,SOUTH,36.0689,-86.7031,POINT (-86.7031 36.0689)
20190083778,01/31/2019 03:16:00 PM,2,0,0,,N,109536,11,Front to Rear,21,CLEAR,1,DAYLIGHT,12,MOTOR VEHICLE IN TRANSPORT,OLD HICKORY BLVD & MARYDALE DR,NASHVILLE,TN,37207,2025,MADISO,36.2718,-86.7615,POINT (-86.7615 36.2718)
20190138480,02/20/2019 10:55:00 AM,2,0,0,,N,226622,4,ANGLE,2,RAIN,1,DAYLIGHT,12,MOTOR VEHICLE IN TRANSPORT,HILLSBORO PKE & ABBOTT MARTIN RD,NASHVILLE,TN,37215,6111,WEST,36.1054,-86.8142,POINT (-86.8142 36.1054)
20190299850,04/18/2019 02:59:00 PM,2,0,0,,Y,151132,5,SIDESWIPE - SAME DIRECTION,22,CLOUDY,1,DAYLIGHT,12,MOTOR VEHICLE IN TRANSPORT,MM 92 0 I 65,MADISON,TN,37115,17280,MADISO,36.2612,-86.7382,POINT (-86.7382 36.2612)
20190065669,01/25/2019 12:30:00 PM,2,0,0,,N,256502,11,Front to Rear,21,CLEAR,1,DAYLIGHT,12,MOTOR VEHICLE IN TRANSPORT,ROSA L PARKS BLVD & MONROE ST,NASHVILLE,TN,37208,4303,NORTH,36.1749,-86.7924,POINT (-86.7924 36.1749)
20190224103,03/22/2019 04:15:00 PM,2,0,0,,Y,320585,11,Front to Rear,21,CLEAR,1,DAYLIGHT,12,MOTOR VEHICLE IN TRANSPORT,BRILEY PKWYS & BRILEY PKWYN,NASHVILLE,TN,37218,3212,NORTH,36.2142,-86.8724,POINT (-86.8724 36.2142)
20190416543,05/31/2019 03:44:00 PM,1,0,0,,N,151132,0,NOT COLLISION W/MOTOR VEHICLE-TRANSPORT,22,CLOUDY,1,DAYLIGHT,50,DEER (ANIMAL),GALLATIN PKEN & EDENWOLD RD,MADISON,TN,37115,1721,MADISO,36.2885,-86.7047,POINT (-86.7047 36.2885)
20190394316,05/23/2019 12:40:00 PM,2,0,0,,N,352204,5,SIDESWIPE - SAME DIRECTION,21,CLEAR,1,DAYLIGHT,12,MOTOR VEHICLE IN TRANSPORT,I440 E ENT RAMP & I 440,NASHVILLE,TN,37205,6007,WEST,36.1346,-86.8203,POINT (-86.8203 36.1346)
20190193335,03/12/2019 06:41:00 AM,2,1,0,,N,591936,11,Front to Rear,21,CLEAR,1,DAYLIGHT,12,MOTOR VEHICLE IN TRANSPORT,HILLSBORO PKE & ABBOTT MARTIN RD,NASHVILLE,TN,37215,6111,WEST,36.1054,-86.8142,POINT (-86.8142 36.1054)
20190334642,05/01/2019 09:30:00 AM,2,0,0,,N,222047,4,ANGLE,21,CLEAR,1,DAYLIGHT,12,MOTOR VEHICLE IN TRANSPORT,MM 213 8 I 40,NASHVILLE,TN,37217,8802,HERMIT,36.1413,-86.7163,POINT (-86.7163 36.1413)
20190488821,06/28/2019 01:31:00 PM,2,0,0,,N,320586,4,ANGLE,21,CLEAR,1,DAYLIGHT,12,MOTOR VEHICLE IN TRANSPORT,NOLENSVILLE PKE & NATCHEZ CT,NASHVILLE,TN,37211,8511,MIDTOW,36.0944,-86.7367,POINT (-86.7367 36.0944)
20190381272,05/18/2019 08:04:00 PM,1,1,0,,N,405418,0,NOT COLLISION W/MOTOR VEHICLE-TRANSPORT,21,CLEAR,5,DUSK,15,OTHER TYPE NON-MOTORIST,WEST END AV & 18TH AVS,NASHVILLE,TN,37203,5707,MIDTOW,36.1531,-86.7959,POINT (-86.7959 36.1531)
20190110603,02/10/2019 03:30:00 PM,2,0,0,,Y,279214,11,Front to Rear,2,RAIN,1,DAYLIGHT,12,MOTOR VEHICLE IN TRANSPORT,12TH AVS & ELMWOOD AV,NASHVILLE,TN,37212,6515,MIDTOW,36.127,-86.7892,POINT (-86.7892 36.127)
20190054236,01/21/2019 03:14:00 PM,2,0,0,,Y,256426,11,Front to Rear,21,CLEAR,1,DAYLIGHT,12,MOTOR VEHICLE IN TRANSPORT,BRILEY PKWY S EXT RAMP & ELM HILL PKE EB,NASHVILLE,TN,37210,9039,HERMIT,36.1514,-86.692,POINT (-86.692 36.1514)
20190579952,08/04/2019 06:46:00 PM,2,0,0,,N,256379,11,Front to Rear,21,CLEAR,3,DARK - LIGHTED,12,MOTOR VEHICLE IN TRANSPORT,ANTIOCH PKE & WINGATE AV,NASHVILLE,TN,37211,8407,SOUTH,36.1014,-86.7364,POINT (-86.7364 36.1014)
20190171942,03/04/2019 04:22:00 PM,2,1,0,,N,256426,11,Front to Rear,21,CLEAR,1,DAYLIGHT,12,MOTOR VEHICLE IN TRANSPORT,ELM HILL PKE & OLD ELM HILL PKE,NASHVILLE,TN,37214,9103,HERMIT,36.1511,-86.6706,POINT (-86.6706 36.1511)
20190392107,05/22/2019 05:43:00 PM,2,0,0,,N,197054,11,Front to Rear,21,CLEAR,1,DAYLIGHT,12,MOTOR VEHICLE IN TRANSPORT,MM 215 5 I 40,NASHVILLE,TN,37217,89020,HERMIT,36.1432,-86.6865,POINT (-86.6865 36.1432)
20190196621,03/13/2019 08:05:00 AM,2,0,0,,N,633390,11,Front to Rear,22,CLOUDY,1,DAYLIGHT,12,MOTOR VEHICLE IN TRANSPORT,MM 48 8 I 24,NASHVILLE,TN,37213,1104,CENTRA,36.1682,-86.7659,POINT (-86.7659 36.1682)
20190039169,01/15/2019 08:12:00 PM,3,0,0,,Y,256383,4,ANGLE,21,CLEAR,3,DARK - LIGHTED,14,PARKED MOTOR VEHICLE,METROPLEX DR & HARDING PL,NASHVILLE,TN,37211,8845,SOUTH,36.0873,-86.6959,POINT (-86.6959 36.0873)
20190382975,05/19/2019 03:32:00 PM,1,1,0,,N,330412,0,NOT COLLISION W/MOTOR VEHICLE-TRANSPORT,2,RAIN,1,DAYLIGHT,50,DEER (ANIMAL),MYATT DR & EDENWOLD RD,MADISON,TN,37115,1721,MADISO,36.2917,-86.6943,POINT (-86.6943 36.2917)
20190034455,01/14/2019 09:05:00 AM,2,0,0,,Y,320574,11,Front to Rear,22,CLOUDY,1,DAYLIGHT,12,MOTOR VEHICLE IN TRANSPORT,HERMITAGE AV & DECATUR AV,NASHVILLE,TN,37210,9005,HERMIT,36.1536,-86.7536,POINT (-86.7536 36.1536)
20190558898,07/26/2019 11:31:00 PM,2,0,0,,N,298871,11,Front to Rear,21,CLEAR,3,DARK - LIGHTED,12,MOTOR VEHICLE IN TRANSPORT,BROADWAY & I40 E ENT RAMP,NASHVILLE,TN,37203,5701,MIDTOW,36.1556,-86.7898,POINT (-86.7898 36.1556)
20190115154,02/12/2019 06:25:00 AM,2,1,0,,N,226136,11,Front to Rear,2,RAIN,3,DARK - LIGHTED,12,MOTOR VEHICLE IN TRANSPORT,MM 79 6 I 65,NASHVILLE,TN,37204,8504,MIDTOW,36.109,-86.7696,POINT (-86.7696 36.109)
20190412364,05/30/2019 06:50:00 AM,1,0,0,,N,226673,0,NOT COLLISION W/MOTOR VEHICLE-TRANSPORT,22,CLOUDY,1,DAYLIGHT,18,OTHER OBJECT (NOT FIXED),JAMES ROBERTSON PKWY & INTERSTATE DR,NASHVILLE,TN,37213,1105,CENTRA,36.1714,-86.769,POINT (-86.769 36.1714)
20180216814,03/20/2019 10:55:00 AM,1,0,0,,N,226600,0,NOT COLLISION W/MOTOR VEHICLE-TRANSPORT,21,CLEAR,1,DAYLIGHT,34,DITCH,MCCRORY LN & SEQUOYAH LN,NASHVILLE,TN,37221,4803,WEST,36.0424,-86.9778,POINT (-86.9778 36.0424)
20190463159,06/18/2019 06:19:00 PM,2,0,0,,N,256380,11,Front to Rear,21,CLEAR,1,DAYLIGHT,12,MOTOR VEHICLE IN TRANSPORT,CHARLOTTE AV & ARENA AV,NASHVILLE,TN,37203,5507,MIDTOW,36.1569,-86.8046,POINT (-86.8046 36.1569)
20190016186,01/07/2019 12:00:00 PM,2,1,0,,N,402660,11,Front to Rear,22,CLOUDY,1,DAYLIGHT,12,MOTOR VEHICLE IN TRANSPORT,HARDING PKE & BRIXWORTH LN,NASHVILLE,TN,37205,6019,WEST,36.1288,-86.8416,POINT (-86.8416 36.1288)
20190454933,06/15/2019 09:50:00 AM,3,1,0,,Y,481573,11,Front to Rear,21,CLEAR,1,DAYLIGHT,12,MOTOR VEHICLE IN TRANSPORT,MM 4 2 I 440,NASHVILLE,TN,37204,7012,MIDTOW,36.116,-86.7861,POINT (-86.7861 36.116)
20190074879,01/29/2019 12:30:00 AM,2,3,0,,N,156308,4,ANGLE,21,CLEAR,3,DARK - LIGHTED,12,MOTOR VEHICLE IN TRANSPORT,HYDES FERRY RD & ASHLAND CITY HWY,NASHVILLE,TN,37218,3167,NORTH,36.199,-86.8452,POINT (-86.8452 36.199)
20190188370,03/10/2019 07:38:00 AM,2,0,0,,N,887591,11,Front to Rear,21,CLEAR,1,DAYLIGHT,12;30,MOTOR VEHICLE IN TRANSPORT;UTILITY POLE,HAMILTON CHURCH RD & OWENDALE DR,ANTIOCH,TN,37013,8927,SOUTH,36.0648,-86.6221,POINT (-86.6221 36.0648)
20190292937,04/16/2019 05:37:00 PM,2,0,0,,N,197054,11,Front to Rear,21,CLEAR,1,DAYLIGHT,12,MOTOR VEHICLE IN TRANSPORT,BRILEY PKWY & VENUS DR,NASHVILLE,TN,37217,8998,HERMIT,36.1229,-86.6965,POINT (-86.6965 36.1229)
20190068852,01/26/2019 05:35:00 PM,3,1,0,,N,320577,11,Front to Rear,21,CLEAR,3,DARK - LIGHTED,12,MOTOR VEHICLE IN TRANSPORT,MM 3 8 I 440,NASHVILLE,TN,37212,6502,MIDTOW,36.1163,-86.7919,POINT (-86.7919 36.1163)
20190439221,06/09/2019 06:45:00 PM,2,1,0,,N,279200,11,Front to Rear,2,RAIN,1,DAYLIGHT,12,MOTOR VEHICLE IN TRANSPORT,MM 53 8 I 24,NASHVILLE,TN,37211,8402,SOUTH,36.1083,-86.7209,POINT (-86.7209 36.1083)
20190363908,05/12/2019 04:09:00 PM,2,2,0,,N,320585,0,NOT COLLISION W/MOTOR VEHICLE-TRANSPORT,21,CLEAR,1,DAYLIGHT,1;7,,I24 W ENT RAMP & I 40,NASHVILLE,TN,37217,8818,HERMIT,36.1397,-86.7275,POINT (-86.7275 36.1397)
20190167791,03/02/2019 10:39:00 PM,2,0,0,,N,197055,4,ANGLE,22,CLOUDY,3,DARK - LIGHTED,12,MOTOR VEHICLE IN TRANSPORT,W OAK HIGHLAND DR & BLUE HOLE RD,ANTIOCH,TN,37013,8755,SOUTH,36.0352,-86.676,POINT (-86.676 36.0352)
20190168066,03/03/2019 02:10:00 AM,1,3,0,Y,N,320598,0,NOT COLLISION W/MOTOR VEHICLE-TRANSPORT,2,RAIN,3,DARK - LIGHTED,30,UTILITY POLE,NOLENSVILLE PKE & BRENTWOOD HIGHLANDS DR,NASHVILLE,TN,37211,8651,MIDTOW,36.0355,-86.7133,POINT (-86.7133 36.0355)
20190184132,03/08/2019 11:34:00 AM,2,0,0,,N,414668,11,Front to Rear,2,RAIN,1,DAYLIGHT,12,MOTOR VEHICLE IN TRANSPORT,MM 87 1 I 65,NASHVILLE,TN,37207,18020,EAST,36.2041,-86.7765,POINT (-86.7765 36.2041)
20190528442,07/15/2019 08:31:00 AM,2,1,0,,N,109534,11,Front to Rear,2,RAIN,1,DAYLIGHT,12,MOTOR VEHICLE IN TRANSPORT,LEBANON PKE & SPENCE LN,NASHVILLE,TN,37210,9019,HERMIT,36.1537,-86.7214,POINT (-86.7214 36.1537)
20190523067,07/12/2019 05:59:00 PM,2,1,0,,N,887598,4,ANGLE,21,CLEAR,1,DAYLIGHT,12,MOTOR VEHICLE IN TRANSPORT,7TH AVN & MADISON ST,NASHVILLE,TN,37208,4305,NORTH,36.1741,-86.7905,POINT (-86.7905 36.1741)
20190328383,04/29/2019 07:30:00 AM,1,1,0,,N,262766,0,NOT COLLISION W/MOTOR VEHICLE-TRANSPORT,21,CLEAR,1,DAYLIGHT,50,DEER (ANIMAL),BELLEVUE VALLEY PLAZA PVTDR & HIGHWAY 70,NASHVILLE,TN,37221,4901,WEST,36.0746,-86.9195,POINT (-86.9195 36.0746)
20190254947,04/02/2019 12:00:00 AM,2,1,0,,N,279200,11,Front to Rear,21,CLEAR,3,DARK - LIGHTED,12,MOTOR VEHICLE IN TRANSPORT,KOREAN VETERANS BLVD & DAVIDSON ST,NASHVILLE,TN,37213,1001,CENTRA,36.1611,-86.7694,POINT (-86.7694 36.1611)
20190326548,04/28/2019 10:29:00 AM,2,0,0,,N,591936,4,ANGLE,21,CLEAR,1,DAYLIGHT,12,MOTOR VEHICLE IN TRANSPORT,12TH AVS & BEECHWOOD AV,NASHVILLE,TN,37212,6513,MIDTOW,36.125,-86.7895,POINT (-86.7895 36.125)
20190407946,05/28/2019 06:23:00 PM,2,2,0,,N,256380,4,ANGLE,21,CLEAR,1,DAYLIGHT,12,MOTOR VEHICLE IN TRANSPORT,21ST AVN & OSAGE ST,NASHVILLE,TN,37208,4469,NORTH,36.1764,-86.8111,POINT (-86.8111 36.1764)
20190238181,03/27/2019 04:03:00 PM,2,0,0,,N,279124,11,Front to Rear,21,CLEAR,1,DAYLIGHT,12,MOTOR VEHICLE IN TRANSPORT,BRILEY PKWYS & BRILEY PKWYN,NASHVILLE,TN,37218,3212,NORTH,36.2142,-86.8724,POINT (-86.8724 36.2142)
20190474285,06/23/2019 12:00:00 AM,2,1,0,,N,240981,4,ANGLE,21,CLEAR,3,DARK - LIGHTED,12,MOTOR VEHICLE IN TRANSPORT,CAHAL AV & GALLATIN AV,NASHVILLE,TN,37206,1331,EAST,36.1966,-86.7416,POINT (-86.7416 36.1966)
20190353138,05/08/2019 09:30:00 AM,2,0,0,,Y,279206,5,SIDESWIPE - SAME DIRECTION,21,CLEAR,1,DAYLIGHT,12,MOTOR VEHICLE IN TRANSPORT,MURFREESBORO PKE & FESSLERS LN,NASHVILLE,TN,37210,8117,SOUTH,36.1427,-86.744,POINT (-86.744 36.1427)
20190488977,06/28/2019 02:27:00 PM,2,0,0,,N,714641,4,ANGLE,21,CLEAR,1,DAYLIGHT,12,MOTOR VEHICLE IN TRANSPORT,2ND AVS & I40 W EXT RAMP,NASHVILLE,TN,37210,4003,CENTRA,36.1518,-86.7686,POINT (-86.7686 36.1518)
20190359938,05/10/2019 04:53:00 PM,3,0,0,,Y,206675,11,Front to Rear,21,CLEAR,1,DAYLIGHT,12,MOTOR VEHICLE IN TRANSPORT,MM 79 8 I 65,NASHVILLE,TN,37204,7004,MIDTOW,36.1111,-86.7715,POINT (-86.7715 36.1111)
20190263281,04/05/2019 04:50:00 PM,2,0,0,,Y,212330,11,Front to Rear,22,CLOUDY,1,DAYLIGHT,12,MOTOR VEHICLE IN TRANSPORT,MM 52 5 I 24,NASHVILLE,TN,37217,8816,SOUTH,36.1256,-86.7279,POINT (-86.7279 36.1256)
20190392248,05/22/2019 09:02:00 PM,1,0,0,,N,240955,0,NOT COLLISION W/MOTOR VEHICLE-TRANSPORT,21,CLEAR,3,DARK - LIGHTED,33;47;63,CURB;FIRE HYDRANT;Ran Off Road-Right,BLUE HOLE RD & TUSCULUM RD,ANTIOCH,TN,37013,8719,SOUTH,36.0526,-86.673,POINT (-86.673 36.0526)
20190475165,06/23/2019 01:40:00 PM,2,0,0,,N,279110,11,Front to Rear,21,CLEAR,1,DAYLIGHT,12,MOTOR VEHICLE IN TRANSPORT,MM 55 7 I 24,NASHVILLE,TN,37211,86020,SOUTH,36.086,-86.7002,POINT (-86.7002 36.086)
20190118758,02/13/2019 08:16:00 AM,1,0,0,Y,Y,405391,0,NOT COLLISION W/MOTOR VEHICLE-TRANSPORT,21,CLEAR,1,DAYLIGHT,23,BRIDGE RAIL,RIVER ROAD PKE & RIVER ROAD PKE PVTDR,NASHVILLE,TN,37209,4705,WEST,36.2021,-86.9796,POINT (-86.9796 36.2021)