Accident Number,Date and Time,Number of Motor Vehicles,Number of Injuries,Number of Fatalities,Property Damage,Hit and Run,Reporting Officer,Collision Type Code,Collision Type Description,Weather Code,Weather Description,Illumination Code,Illumination Description,Harmful Code,Harmful Code Description,Street Address,City,State,ZIP,RPA,Precinct,Latitude,Longitude,Mapped Location
20190481073,06/25/2019 07:58:00 PM,2,0,0,,Y,256380,4,ANGLE,21,CLEAR,1,DAYLIGHT,12,MOTOR VEHICLE IN TRANSPORT,GREGGWOOD DR & GWYNNWOOD DR,NASHVILLE,TN,37207,3029,NORTH,36.2345,-86.7924,POINT (-86.7924 36.2345)
20190517576,07/10/2019 03:00:00 PM,2,0,0,,N,226424,11,Front to Rear,22,CLOUDY,1,DAYLIGHT,12,MOTOR VEHICLE IN TRANSPORT,161 ROSA L PARKS BLVD,NASHVILLE,TN,37203,4121,CENTRA,36.1605,-86.7834,POINT (-86.7834 36.1605)
20190365791,05/13/2019 11:45:00 AM,2,0,0,,N,267831,11,Front to Rear,22,CLOUDY,1,DAYLIGHT,12,MOTOR VEHICLE IN TRANSPORT,HILLSBORO PKE & ABBOTT MARTIN RD,NASHVILLE,TN,37215,6111,WEST,36.1054,-86.8142,POINT (-86.8142 36.1054)
20190086787,02/01/2019 02:44:00 PM,2,0,0,,N,256383,11,Front to Rear,21,CLEAR,1,DAYLIGHT,12,MOTOR VEHICLE IN TRANSPORT,HARDING PL & MCGAVOCK PKE,NASHVILLE,TN,37211,8847,SOUTH,36.0896,-86.6884,POINT (-86.6884 36.0896)
20190522218,07/12/2019 12:00:00 PM,2,0,0,,N,134899,11,Front to Rear,21,CLEAR,1,DAYLIGHT,12,MOTOR VEHICLE IN TRANSPORT,INDUSTRIAL DR & ROBINSON RD,OLD HICKORY,TN,37138,9611,HERMIT,36.2634,-86.6619,POINT (-86.6619 36.2634)
20190468444,06/20/2019 02:57:00 PM,2,0,0,,N,137872,4,ANGLE,21,CLEAR,1,DAYLIGHT,12,MOTOR VEHICLE IN TRANSPORT,ELM HILL PKE & DONELSON PKE,NASHVILLE,TN,37214,9411,HERMIT,36.1485,-86.6651,POINT (-86.6651 36.1485)
20190279394,04/11/2019 05:19:00 PM,2,3,0,,N,279124,4,ANGLE,21,CLEAR,1,DAYLIGHT,12,MOTOR VEHICLE IN TRANSPORT,I24 W EXT RAMP & I 24,NASHVILLE,TN,37211,8829,SOUTH,36.1074,-86.7197,POINT (-86.7197 36.1074)
20190069528,01/27/2019 12:25:00 AM,1,0,0,,N,151122,0,NOT COLLISION W/MOTOR VEHICLE-TRANSPORT,21,CLEAR,3,DARK - LIGHTED,33;34,CURB;DITCH,HAYWOOD LN & HAYWOOD SQUARE PVTDR,NASHVILLE,TN,37211,8709,SOUTH,36.0694,-86.6927,POINT (-86.6927 36.0694)
20190040284,01/16/2019 06:23:00 AM,2,0,0,,N,109534,4,ANGLE,21,CLEAR,3,DARK - LIGHTED,12,MOTOR VEHICLE IN TRANSPORT,OLD HICKORY BLVD & BURNING TREE DR,HERMITAGE,TN,37076,9557,HERMIT,36.1742,-86.6019,POINT (-86.6019 36.1742)
20190549954,07/23/2019 04:24:00 PM,2,0,0,,N,267831,4,ANGLE,21,CLEAR,1,DAYLIGHT,12,MOTOR VEHICLE IN TRANSPORT,TENNESSEE AV & 44TH AVN,NASHVILLE,TN,37209,4573,WEST,36.1609,-86.8405,POINT (-86.8405 36.1609)
20190296492,04/17/2019 05:40:00 PM,2,0,0,,Y,306231,4,ANGLE,21,CLEAR,1,DAYLIGHT,12;99,MOTOR VEHICLE IN TRANSPORT;UNKNOWN MOST HARMFUL EVENT,MM 85 1 I 65,NASHVILLE,TN,37208,43023,NORTH,36.1815,-86.7999,POINT (-86.7999 36.1815)
20190244231,03/29/2019 04:05:00 PM,2,1,0,,Y,311328,5,SIDESWIPE - SAME DIRECTION,21,CLEAR,1,DAYLIGHT,12;14,MOTOR VEHICLE IN TRANSPORT;PARKED MOTOR VEHICLE,CHARLOTTE AV & 4TH AVN,NASHVILLE,TN,37201,4161,CENTRA,36.1664,-86.7807,POINT (-86.7807 36.1664)
20190552750,07/24/2019 03:45:00 PM,2,0,0,,N,151141,5,SIDESWIPE - SAME DIRECTION,21,CLEAR,1,DAYLIGHT,12,MOTOR VEHICLE IN TRANSPORT,S 7TH ST & SYLVAN ST,NASHVILLE,TN,37206,1023,EAST,36.1682,-86.7572,POINT (-86.7572 36.1682)
20190441659,06/10/2019 05:00:00 PM,2,0,0,,N,267831,5,SIDESWIPE - SAME DIRECTION,21,CLEAR,1,DAYLIGHT,12,MOTOR VEHICLE IN TRANSPORT,I40 W EXT RAMP & CHARLOTTE PKE,NASHVILLE,TN,37209,4701,WEST,36.1303,-86.8999,POINT (-86.8999 36.1303)
20190484248,06/26/2019 10:10:00 PM,2,0,0,,N,109542,11,Front to Rear,2,RAIN,3,DARK - LIGHTED,12,MOTOR VEHICLE IN TRANSPORT,8TH AVS & DEMONBREUN ST,NASHVILLE,TN,37203,4041,CENTRA,36.1569,-86.7808,POINT (-86.7808 36.1569)
20190271282,04/08/2019 11:40:00 PM,1,1,0,Y,N,332215,0,NOT COLLISION W/MOTOR VEHICLE-TRANSPORT,21,CLEAR,3,DARK - LIGHTED,1;32;40,CULVERT;MAIL BOX,PAGE RD & CLYDELAN CT,NASHVILLE,TN,37205,6209,WEST,36.0875,-86.8686,POINT (-86.8686 36.0875)
20190273494,04/09/2019 02:22:00 PM,2,0,0,,N,212315,11,Front to Rear,21,CLEAR,1,DAYLIGHT,14,PARKED MOTOR VEHICLE,DEMONBREUN ST & 3RD AVS,NASHVILLE,TN,37201,4051,CENTRA,36.1597,-86.7744,POINT (-86.7744 36.1597)
20190487976,06/28/2019 07:12:00 AM,2,1,0,,N,191578,11,Front to Rear,21,CLEAR,1,DAYLIGHT,12,MOTOR VEHICLE IN TRANSPORT,ELM HILL PKE & DONELSON PKE,NASHVILLE,TN,37214,9411,HERMIT,36.1485,-86.6651,POINT (-86.6651 36.1485)
20190199298,03/14/2019 04:28:00 AM,1,0,0,,N,110094,0,NOT COLLISION W/MOTOR VEHICLE-TRANSPORT,21,CLEAR,3,DARK - LIGHTED,44,PAVED SURFACE-IRREGULAR,6TH AVN & COMMERCE ST,NASHVILLE,TN,37219,4125,CENTRA,36.1616,-86.7808,POINT (-86.7808 36.1616)
20190050462,01/19/2019 11:41:00 PM,2,0,0,,Y,415780,4,ANGLE,4,SNOW,3,DARK - LIGHTED,12,MOTOR VEHICLE IN TRANSPORT,0 NOLENSVILLE PKE,NASHVILLE,TN,37211,8655,MIDTOW,36.0566,-86.7158,POINT (-86.7158 36.0566)
20190024855,01/10/2019 12:21:00 PM,2,0,0,,N,200016,5,SIDESWIPE - SAME DIRECTION,21,CLEAR,1,DAYLIGHT,12,MOTOR VEHICLE IN TRANSPORT,MM 211 1 I 40,NASHVILLE,TN,37210,8008,HERMIT,36.1539,-86.7571,POINT (-86.7571 36.1539)
20190431817,06/06/2019 02:55:00 PM,2,1,0,,N,151132,4,ANGLE,22,CLOUDY,1,DAYLIGHT,12,MOTOR VEHICLE IN TRANSPORT,RIVERGATE MARKETPLACE PVTDR & GALLATIN P,MADISON,TN,37115,1731,MADISO,36.3037,-86.6898,POINT (-86.6898 36.3037)
20190136423,02/19/2019 05:41:00 PM,3,1,0,,N,256389,11,Front to Rear,2,RAIN,3,DARK - LIGHTED,12,MOTOR VEHICLE IN TRANSPORT,MM 77 3 I 65,NASHVILLE,TN,37220,86042,MIDTOW,36.0758,-86.7677,POINT (-86.7677 36.0758)
20190197232,03/13/2019 12:30:00 PM,3,0,0,,N,224953,11,Front to Rear,21,CLEAR,1,DAYLIGHT,12,MOTOR VEHICLE IN TRANSPORT,MM 49 0 I 24,NASHVILLE,TN,37206,10040,EAST,36.1664,-86.7647,POINT (-86.7647 36.1664)
20190347998,05/06/2019 04:32:00 PM,2,0,0,,N,330445,11,Front to Rear,21,CLEAR,1,DAYLIGHT,12,MOTOR VEHICLE IN TRANSPORT,MM 1 8 I 440,NASHVILLE,TN,37212,5906,MIDTOW,36.1328,-86.8186,POINT (-86.8186 36.1328)
20190404323,05/27/2019 11:20:00 AM,2,0,0,,Y,420035,11,Front to Rear,21,CLEAR,1,DAYLIGHT,12,MOTOR VEHICLE IN TRANSPORT,OLD HICKORY BLVDW & STATE RT 45,MADISON,TN,37115,1771,MADISO,36.2631,-86.7122,POINT (-86.7122 36.2631)
20190282489,04/12/2019 07:40:00 PM,2,0,0,,N,311337,2,HEAD-ON,21,CLEAR,2,DARK - NOT LIGHTED,12,MOTOR VEHICLE IN TRANSPORT,HUNTERS POINT LN & HUNTERS POINT CT,HERMITAGE,TN,37076,9515,HERMIT,36.1607,-86.5802,POINT (-86.5802 36.1607)
20190447380,06/12/2019 04:47:00 PM,3,0,0,,Y,140804,16,Rear to Side,21,CLEAR,1,DAYLIGHT,14,PARKED MOTOR VEHICLE,SUNNYMEADE DR & GALLATIN PKE,NASHVILLE,TN,37216,1445,EAST,36.2188,-86.7279,POINT (-86.7279 36.2188)
20190009872,01/04/2019 04:25:00 PM,3,0,0,,Y,299238,11,Front to Rear,2,RAIN,1,DAYLIGHT,12,MOTOR VEHICLE IN TRANSPORT,MM 49 2 I 24,NASHVILLE,TN,37213,1002,CENTRA,36.1637,-86.7625,POINT (-86.7625 36.1637)
20190215042,03/18/2019 10:17:00 PM,2,0,0,,Y,212342,5,SIDESWIPE - SAME DIRECTION,21,CLEAR,3,DARK - LIGHTED,12,MOTOR VEHICLE IN TRANSPORT,I440 E ENT RAMP & I 65,NASHVILLE,TN,37204,7018,MIDTOW,36.1138,-86.7719,POINT (-86.7719 36.1138)
20190347740,05/06/2019 12:00:00 AM,2,0,0,,N,279200,4,ANGLE,21,CLEAR,1,DAYLIGHT,12,MOTOR VEHICLE IN TRANSPORT,LAFAYETTE ST & LEWIS ST,NASHVILLE,TN,37210,8145,SOUTH,36.1441,-86.7479,POINT (-86.7479 36.1441)
20190351307,05/07/2019 06:07:00 PM,2,0,0,,N,352197,11,Front to Rear,21,CLEAR,1,DAYLIGHT,12,MOTOR VEHICLE IN TRANSPORT,MURFREESBORO PKE & SHUMATE LN,ANTIOCH,TN,37013,8891,SOUTH,36.083,-86.6469,POINT (-86.6469 36.083)
20190187754,03/09/2019 11:24:00 PM,2,2,0,Y,N,311341,4,ANGLE,21,CLEAR,3,DARK - LIGHTED,12;30,MOTOR VEHICLE IN TRANSPORT;UTILITY POLE,ABBOTT MARTIN RD & CLEGHORN AV,NASHVILLE,TN,37215,6113,WEST,36.1065,-86.82,POINT (-86.82 36.1065)
20190299578,04/18/2019 12:00:00 AM,2,0,0,,N,151131,5,SIDESWIPE - SAME DIRECTION,21,CLEAR,1,DAYLIGHT,12;14,MOTOR VEHICLE IN TRANSPORT;PARKED MOTOR VEHICLE,WHITES CREEK PKE & MOORMANS ARM RD,NASHVILLE,TN,37207,3033,NORTH,36.2182,-86.8035,POINT (-86.8035 36.2182)
20190306823,04/21/2019 04:10:00 PM,2,1,0,,N,197435,11,Front to Rear,21,CLEAR,1,DAYLIGHT,12,MOTOR VEHICLE IN TRANSPORT,BRILEY PKWYE & BRILEY PKWYW,NASHVILLE,TN,37207,20120,MADISO,36.2396,-86.7751,POINT (-86.7751 36.2396)
20190382529,05/19/2019 09:18:00 AM,2,0,0,,N,212369,4,ANGLE,22,CLOUDY,1,DAYLIGHT,12,MOTOR VEHICLE IN TRANSPORT,MUSIC SQS & MUSIC SQW,NASHVILLE,TN,37212,6705,MIDTOW,36.1469,-86.7938,POINT (-86.7938 36.1469)
20190321878,04/26/2019 08:14:00 AM,2,0,0,,N,690942,4,ANGLE,21,CLEAR,1,DAYLIGHT,12,MOTOR VEHICLE IN TRANSPORT,5TH AVS & KOREAN VETERANS BLVD,NASHVILLE,TN,37203,4057,CENTRA,36.157,-86.7762,POINT (-86.7762 36.157)
20190544616,07/21/2019 02:54:00 PM,2,0,0,,Y,352198,4,ANGLE,21,CLEAR,1,DAYLIGHT,14,PARKED MOTOR VEHICLE,7100 HIGHWAY 70S,NASHVILLE,TN,37221,4815,WEST,36.0747,-86.9214,POINT (-86.9214 36.0747)
20190153483,02/25/2019 07:50:00 PM,1,0,0,,N,240989,0,NOT COLLISION W/MOTOR VEHICLE-TRANSPORT,21,CLEAR,3,DARK - LIGHTED,44,PAVED SURFACE-IRREGULAR,GALLATIN PKES & LAKEWOOD DR,MADISON,TN,37115,1517,MADISO,36.2434,-86.7229,POINT (-86.7229 36.2434)
20190105973,02/08/2019 01:03:00 PM,2,0,0,,N,226136,11,Front to Rear,21,CLEAR,1,DAYLIGHT,12,MOTOR VEHICLE IN TRANSPORT,21ST AVS & BERNARD AV,NASHVILLE,TN,37212,5901,MIDTOW,36.1313,-86.8015,POINT (-86.8015 36.1313)
20190012659,01/05/2019 09:10:00 PM,2,0,0,,N,320579,16,Rear to Side,21,CLEAR,2,DARK - NOT LIGHTED,12,MOTOR VEHICLE IN TRANSPORT,MCFERRIN AV & MAIN ST,NASHVILLE,TN,37206,1131,EAST,36.1765,-86.7557,POINT (-86.7557 36.1765)
20190177375,03/06/2019 08:10:00 AM,3,0,0,,N,226136,4,ANGLE,21,CLEAR,1,DAYLIGHT,14,PARKED MOTOR VEHICLE,CARUTHERS AV & 9TH AVS,NASHVILLE,TN,37204,6947,MIDTOW,36.1254,-86.7837,POINT (-86.7837 36.1254)
20190124834,02/15/2019 07:02:00 AM,2,0,0,,N,320601,11,Front to Rear,22,CLOUDY,1,DAYLIGHT,12,MOTOR VEHICLE IN TRANSPORT,MM 63 0 I 24,ANTIOCH,TN,37013,8702,SOUTH,36.0094,-86.6151,POINT (-86.6151 36.0094)
20190048889,01/19/2019 05:31:00 AM,1,0,0,,N,197053,0,NOT COLLISION W/MOTOR VEHICLE-TRANSPORT,2,RAIN,3,DARK - LIGHTED,24,GUARDRAIL FACE,MM 54 3 I 24,NASHVILLE,TN,37211,84020,SOUTH,36.1034,-86.7148,POINT (-86.7148 36.1034)
20190509122,07/06/2019 12:00:00 AM,1,0,0,,N,299258,0,NOT COLLISION W/MOTOR VEHICLE-TRANSPORT,22,CLOUDY,4,DAWN,1;39;63,WALL;Ran Off Road-Right,MM 39 8 I 24,WHITES CREEK,TN,37189,3314,NORTH,36.2853,-86.8083,POINT (-86.8083 36.2853)
20190187279,03/09/2019 12:00:00 AM,2,1,0,,N,320580,4,ANGLE,2,RAIN,3,DARK - LIGHTED,12;36,MOTOR VEHICLE IN TRANSPORT;CONCRETE TRAFFIC BARRIER,BRILEY PKWYN & BRILEY PKWYS,NASHVILLE,TN,37211,8404,SOUTH,36.1092,-86.727,POINT (-86.727 36.1092)
20190359480,05/10/2019 01:59:00 PM,2,0,0,,N,256380,11,Front to Rear,21,CLEAR,1,DAYLIGHT,12,MOTOR VEHICLE IN TRANSPORT,I 65 & UNKNOWN RAMP,NASHVILLE,TN,37207,18020,EAST,36.2064,-86.7764,POINT (-86.7764 36.2064)
20190340140,05/03/2019 09:11:00 AM,2,1,0,Y,N,462474,4,ANGLE,2,RAIN,1,DAYLIGHT,12,MOTOR VEHICLE IN TRANSPORT,HOLT RD & REDMOND LN,NASHVILLE,TN,37211,8651,MIDTOW,36.014,-86.7193,POINT (-86.7193 36.014)
20190350099,05/07/2019 10:10:00 AM,2,0,0,,N,223502,98,OTHER,21,CLEAR,1,DAYLIGHT,12,MOTOR VEHICLE IN TRANSPORT,4TH AVS & HART ST,NASHVILLE,TN,37203,8045,MIDTOW,36.1426,-86.7651,POINT (-86.7651 36.1426)
20190374757,05/16/2019 11:01:00 AM,2,0,0,,N,311331,6,SIDESWIPE - OPPOSITE DIRECTION,21,CLEAR,1,DAYLIGHT,12,MOTOR VEHICLE IN TRANSPORT,W TRINITY LN & I65 N EXT RAMP,NASHVILLE,TN,37207,1863,EAST,36.2062,-86.7736,POINT (-86.7736 36.2062)
20190477908,06/24/2019 04:47:00 PM,2,0,0,,N,267831,5,SIDESWIPE - SAME DIRECTION,21,CLEAR,1,DAYLIGHT,14,PARKED MOTOR VEHICLE,48TH AVN & PARK AV,NASHVILLE,TN,37209,5133,WEST,36.1505,-86.8446,POINT (-86.8446 36.1505)
20190310006,04/22/2019 05:20:00 PM,3,0,0,,Y,320581,11,Front to Rear,21,CLEAR,1,DAYLIGHT,12,MOTOR VEHICLE IN TRANSPORT,ROSA L PARKS BLVD & I65 S ENT RAMP,NASHVILLE,TN,37208,4403,NORTH,36.1846,-86.7981,POINT (-86.7981 36.1846)
20190449544,06/13/2019 11:40:00 AM,2,1,0,,N,311331,4,ANGLE,21,CLEAR,1,DAYLIGHT,13,MOTOR VEHICLE IN TRANSPORT-OTHER ROADWAY,RICHARDSON AV & MERIDIAN ST,NASHVILLE,TN,37207,1911,EAST,36.1921,-86.7674,POINT (-86.7674 36.1921)
20190173784,03/05/2019 06:30:00 AM,2,0,0,,N,584947,5,SIDESWIPE - SAME DIRECTION,21,CLEAR,1,DAYLIGHT,12,MOTOR VEHICLE IN TRANSPORT,MM 79 9 I 65,NASHVILLE,TN,37204,7018,MIDTOW,36.1122,-86.7718,POINT (-86.7718 36.1122)
20190156021,02/26/2019 02:49:00 PM,2,0,0,,N,330415,5,SIDESWIPE - SAME DIRECTION,21,CLEAR,1,DAYLIGHT,12,MOTOR VEHICLE IN TRANSPORT,8TH AVS & LAFAYETTE ST,NASHVILLE,TN,37203,4043,CENTRA,36.1546,-86.7792,POINT (-86.7792 36.1546)
20190226907,03/23/2019 07:50:00 PM,2,0,0,,N,311332,11,Front to Rear,21,CLEAR,2,DARK - NOT LIGHTED,12,MOTOR VEHICLE IN TRANSPORT,CHARLOTTE PKE & I 40,NASHVILLE,TN,37209,5009,WEST,36.1325,-86.8941,POINT (-86.8941 36.1325)
20190491894,06/29/2019 08:24:00 PM,2,1,0,,Y,256423,5,SIDESWIPE - SAME DIRECTION,21,CLEAR,3,DARK - LIGHTED,12,MOTOR VEHICLE IN TRANSPORT,MM 40 5 I 24,WHITES CREEK,TN,37189,3314,NORTH,36.2776,-86.8006,POINT (-86.8006 36.2776)
20190452954,06/14/2019 02:48:00 PM,2,0,0,,Y,281611,11,Front to Rear,21,CLEAR,1,DAYLIGHT,55,Motor Vehicle-In-Motion Outside Trafficw,CHARLOTTE PKE & LILLY VALLEY WAY,NASHVILLE,TN,37209,4701,WEST,36.1258,-86.9092,POINT (-86.9092 36.1258)
20190493275,06/30/2019 12:55:00 PM,2,0,0,,N,197435,11,Front to Rear,21,CLEAR,1,DAYLIGHT,12,MOTOR VEHICLE IN TRANSPORT,MM 47 2 I 24,NASHVILLE,TN,37207,19021,EAST,36.1858,-86.7752,POINT (-86.7752 36.1858)
20190363596,05/12/2019 11:00:00 AM,2,0,0,,N,352169,5,SIDESWIPE - SAME DIRECTION,22,CLOUDY,1,DAYLIGHT,12,MOTOR VEHICLE IN TRANSPORT,WHITE BRIDGE PKE & LIONS HEAD VILLAGE PV,NASHVILLE,TN,37205,5017,WEST,36.1284,-86.8526,POINT (-86.8526 36.1284)
20190239798,03/28/2019 07:19:00 AM,2,2,0,,N,481573,4,ANGLE,21,CLEAR,1,DAYLIGHT,1;12,MOTOR VEHICLE IN TRANSPORT,SOUTH ST & 12TH AVS,NASHVILLE,TN,37203,6805,MIDTOW,36.1474,-86.7857,POINT (-86.7857 36.1474)
20190028724,01/11/2019 06:40:00 PM,4,0,0,,Y,279124,11,Front to Rear,21,CLEAR,3,DARK - LIGHTED,12,MOTOR VEHICLE IN TRANSPORT,MM 56 1 I 24,NASHVILLE,TN,37211,88100,SOUTH,36.0813,-86.697,POINT (-86.697 36.0813)
20190528795,07/15/2019 11:30:00 AM,2,2,0,,Y,306231,2,HEAD-ON,2,RAIN,1,DAYLIGHT,12,MOTOR VEHICLE IN TRANSPORT,CHATEAU VALLEY DR & MOORMANS ARM RD,NASHVILLE,TN,37207,3015,NORTH,36.2161,-86.8132,POINT (-86.8132 36.2161)
20190346798,05/06/2019 09:05:00 AM,2,0,0,,Y,716886,5,SIDESWIPE - SAME DIRECTION,21,CLEAR,1,DAYLIGHT,12,MOTOR VEHICLE IN TRANSPORT,OLD HICKORY BLVD & PETTUS RD,ANTIOCH,TN,37013,8767,SOUTH,36.0109,-86.6654,POINT (-86.6654 36.0109)
20190288853,04/15/2019 12:20:00 PM,2,1,0,Y,N,109495,4,ANGLE,21,CLEAR,1,DAYLIGHT,12,MOTOR VEHICLE IN TRANSPORT,GRANNY WHITE PKE & MARY HELEN DR,NASHVILLE,TN,37220,7109,MIDTOW,36.0688,-86.8116,POINT (-86.8116 36.0688)
20190558484,07/26/2019 08:04:00 PM,1,0,0,,N,151132,0,NOT COLLISION W/MOTOR VEHICLE-TRANSPORT,21,CLEAR,3,DARK - LIGHTED,36,CONCRETE TRAFFIC BARRIER,MM 92 6 I 65,MADISON,TN,37115,1704,MADISO,36.2702,-86.7364,POINT (-86.7364 36.2702)
20190496819,07/01/2019 09:50:00 PM,2,2,0,,Y,311340,5,SIDESWIPE - SAME DIRECTION,21,CLEAR,3,DARK - LIGHTED,12,MOTOR VEHICLE IN TRANSPORT,MM 207 1 I 40,NASHVILLE,TN,37208,54020,NORTH,36.1698,-86.8093,POINT (-86.8093 36.1698)
20190051894,01/20/2019 05:56:00 PM,1,0,0,Y,N,206964,0,NOT COLLISION W/MOTOR VEHICLE-TRANSPORT,22,CLOUDY,3,DARK - LIGHTED,12;34;63,MOTOR VEHICLE IN TRANSPORT;DITCH;Ran Off Road-Right,BILLINGSGATE RD & FRANKLIN LIMESTONE RD,ANTIOCH,TN,37013,8897,SOUTH,36.0783,-86.6703,POINT (-86.6703 36.0783)
20190267377,04/07/2019 10:53:00 AM,4,0,0,,N,320586,11,Front to Rear,2,RAIN,1,DAYLIGHT,12,MOTOR VEHICLE IN TRANSPORT,MM 52 2 I 24,NASHVILLE,TN,37217,8816,SOUTH,36.1359,-86.7267,POINT (-86.7267 36.1359)
20190380376,05/18/2019 08:44:00 AM,2,1,0,,N,620072,11,Front to Rear,21,CLEAR,1,DAYLIGHT,12,MOTOR VEHICLE IN TRANSPORT,17TH AVS & WEST END AV,NASHVILLE,TN,37203,5707,MIDTOW,36.1538,-86.7944,POINT (-86.7944 36.1538)
20190093795,02/04/2019 01:30:00 PM,2,0,0,,N,226136,11,Front to Rear,22,CLOUDY,1,DAYLIGHT,12,MOTOR VEHICLE IN TRANSPORT,I440 E EXT RAMP & I 440,NASHVILLE,TN,37205,5249,WEST,36.1366,-86.8221,POINT (-86.8221 36.1366)
20190067639,01/26/2019 03:04:00 AM,1,1,0,Y,N,197053,0,NOT COLLISION W/MOTOR VEHICLE-TRANSPORT,21,CLEAR,3,DARK - LIGHTED,1;47,FIRE HYDRANT,KOTHE WAY & KOTHE CT,ANTIOCH,TN,37013,8979,SOUTH,36.071,-86.6303,POINT (-86.6303 36.071)
20190495210,07/01/2019 09:52:00 AM,2,0,0,,N,909494,4,ANGLE,21,CLEAR,1,DAYLIGHT,12,MOTOR VEHICLE IN TRANSPORT,DICKERSON PKE & CLEVELAND ST,NASHVILLE,TN,37207,1919,EAST,36.1875,-86.7734,POINT (-86.7734 36.1875)
20190467613,06/20/2019 09:25:00 AM,1,0,0,Y,N,109534,0,NOT COLLISION W/MOTOR VEHICLE-TRANSPORT,2,RAIN,1,DAYLIGHT,75,Bridge/Overhead Structure,MURFREESBORO PKE & MENZLER RD,NASHVILLE,TN,37210,8159,SOUTH,36.1402,-86.7363,POINT (-86.7363 36.1402)
20190397071,05/24/2019 10:00:00 AM,2,0,0,,N,256428,6,SIDESWIPE - OPPOSITE DIRECTION,21,CLEAR,1,DAYLIGHT,14,PARKED MOTOR VEHICLE,ROCK ST & PLUM ST,NASHVILLE,TN,37207,1889,EAST,36.2143,-86.7666,POINT (-86.7666 36.2143)
20190557722,07/26/2019 01:30:00 PM,2,0,0,,N,169421,11,Front to Rear,21,CLEAR,1,DAYLIGHT,12,MOTOR VEHICLE IN TRANSPORT,MM 85 1 I 65,NASHVILLE,TN,37208,43023,NORTH,36.1815,-86.7999,POINT (-86.7999 36.1815)
20190285197,04/13/2019 11:30:00 PM,2,0,0,,Y,169414,11,Front to Rear,2,RAIN,3,DARK - LIGHTED,12,MOTOR VEHICLE IN TRANSPORT,BELL RD & BENZING RD,ANTIOCH,TN,37013,8755,SOUTH,36.0453,-86.7017,POINT (-86.7017 36.0453)
20190434012,06/07/2019 11:13:00 AM,2,0,0,,N,714641,11,Front to Rear,22,CLOUDY,1,DAYLIGHT,12,MOTOR VEHICLE IN TRANSPORT,KOREAN VETERANS BLVD & 6TH AVS,NASHVILLE,TN,37203,4043,CENTRA,36.1559,-86.7773,POINT (-86.7773 36.1559)
20190226588,03/23/2019 05:09:00 PM,2,0,0,,N,256383,11,Front to Rear,21,CLEAR,1,DAYLIGHT,12,MOTOR VEHICLE IN TRANSPORT,PARAGON MILLS RD & ASTER DR,NASHVILLE,TN,37211,8421,SOUTH,36.0894,-86.7199,POINT (-86.7199 36.0894)
20190532155,07/16/2019 05:04:00 PM,2,0,0,,N,580819,4,ANGLE,22,CLOUDY,1,DAYLIGHT,12,MOTOR VEHICLE IN TRANSPORT,6TH AVN & JEFFERSON ST,NASHVILLE,TN,37208,4237,CENTRA,36.1739,-86.7887,POINT (-86.7887 36.1739)
20190457772,06/16/2019 06:34:00 PM,1,1,0,Y,N,887598,0,NOT COLLISION W/MOTOR VEHICLE-TRANSPORT,21,CLEAR,1,DAYLIGHT,19,BUILDING,2300 E NOCTURNE DR,NASHVILLE,TN,37207,3039,NORTH,36.2115,-86.7974,POINT (-86.7974 36.2115)
20190476846,06/24/2019 09:03:00 AM,2,0,0,,N,311325,11,Front to Rear,2,RAIN,1,DAYLIGHT,12,MOTOR VEHICLE IN TRANSPORT,MM 215 6 I 40,NASHVILLE,TN,37214,9102,HERMIT,36.1431,-86.6845,POINT (-86.6845 36.1431)
20190510592,07/07/2019 03:57:00 PM,1,1,0,,N,110092,0,NOT COLLISION W/MOTOR VEHICLE-TRANSPORT,22,CLOUDY,1,DAYLIGHT,30,UTILITY POLE,SHUTE LN & MONTCHANIN TER,OLD HICKORY,TN,37138,9717,HERMIT,36.2315,-86.6168,POINT (-86.6168 36.2315)
20190155425,02/26/2019 10:05:00 AM,2,0,0,,Y,716886,5,SIDESWIPE - SAME DIRECTION,21,CLEAR,1,DAYLIGHT,12,MOTOR VEHICLE IN TRANSPORT,MM 40 3 I 24,WHITES CREEK,TN,37189,2210,MADISO,36.2798,-86.8023,POINT (-86.8023 36.2798)
20190158134,02/27/2019 08:00:00 AM,2,0,0,,N,226622,4,ANGLE,21,CLEAR,1,DAYLIGHT,12,MOTOR VEHICLE IN TRANSPORT,NEBRASKA AV & 40TH AVN,NASHVILLE,TN,37209,5215,WEST,36.1429,-86.8327,POINT (-86.8327 36.1429)
20190398154,05/24/2019 05:43:00 PM,2,0,0,,N,151132,11,Front to Rear,22,CLOUDY,1,DAYLIGHT,12,MOTOR VEHICLE IN TRANSPORT,MYATT DR & ANDERSON LN,MADISON,TN,37115,1715,MADISO,36.2728,-86.6895,POINT (-86.6895 36.2728)
20190569625,07/31/2019 02:42:00 PM,2,0,0,,N,240960,4,ANGLE,21,CLEAR,1,DAYLIGHT,12,MOTOR VEHICLE IN TRANSPORT,GREENLAND AV & GALLATIN PKE,NASHVILLE,TN,37216,1425,EAST,36.2228,-86.7258,POINT (-86.7258 36.2228)
20190066444,01/25/2019 05:44:00 PM,3,0,0,,N,267831,11,Front to Rear,21,CLEAR,3,DARK - LIGHTED,12,MOTOR VEHICLE IN TRANSPORT,CHARLOTTE PKE & WILCLAY DR,NASHVILLE,TN,37209,5023,WEST,36.1427,-86.8749,POINT (-86.8749 36.1427)
20190126335,02/15/2019 07:31:00 PM,2,0,0,,N,311803,11,Front to Rear,2,RAIN,3,DARK - LIGHTED,12,MOTOR VEHICLE IN TRANSPORT,8TH AVS & FRANKLIN PKE,NASHVILLE,TN,37204,6919,MIDTOW,36.1295,-86.7782,POINT (-86.7782 36.1295)