Accident Number,Date and Time,Number of Motor Vehicles,Number of Injuries,Number of Fatalities,Property Damage,Hit and Run,Reporting Officer,Collision Type Code,Collision Type Description,Weather Code,Weather Description,Illumination Code,Illumination Description,Harmful Code,Harmful Code Description,Street Address,City,State,ZIP,RPA,Precinct,Latitude,Longitude,Mapped Location
20190324075,04/27/2019 02:42:00 AM,2,1,0,,N,311336,4,ANGLE,21,CLEAR,3,DARK - LIGHTED,12;14,MOTOR VEHICLE IN TRANSPORT;PARKED MOTOR VEHICLE,MYRTLE ST & RAMSEY ST,NASHVILLE,TN,37206,1941,EAST,36.1781,-86.7558,POINT (-86.7558 36.1781)
20190371893,05/15/2019 11:25:00 AM,2,0,0,,N,462474,11,Front to Rear,22,CLOUDY,1,DAYLIGHT,12,MOTOR VEHICLE IN TRANSPORT,OLD HICKORY BLVD & I65 S EXT RAMP,NASHVILLE,TN,37220,7111,MIDTOW,36.0377,-86.7848,POINT (-86.7848 36.0377)
20190191707,03/11/2019 04:36:00 PM,2,0,0,,Y,256426,5,SIDESWIPE - SAME DIRECTION,21,CLEAR,1,DAYLIGHT,12,MOTOR VEHICLE IN TRANSPORT,MM 214 5 I 40,NASHVILLE,TN,37217,88022,HERMIT,36.1434,-86.7031,POINT (-86.7031 36.1434)
20190026987,01/11/2019 06:15:00 AM,2,0,0,,N,226136,4,ANGLE,21,CLEAR,4,DAWN,12,MOTOR VEHICLE IN TRANSPORT,EDMONDSON PKE & WALLACE RD,NASHVILLE,TN,37211,8661,MIDTOW,36.0771,-86.7256,POINT (-86.7256 36.0771)
20190168638,03/03/2019 10:36:00 AM,1,0,0,,N,429185,0,NOT COLLISION W/MOTOR VEHICLE-TRANSPORT,2,RAIN,1,DAYLIGHT,16,THROWN OR FALLING OBJECT,OLD HICKORY BLVD & ANDREW JACKSON WAY,HERMITAGE,TN,37076,9561,HERMIT,36.1826,-86.6084,POINT (-86.6084 36.1826)
20190560560,07/27/2019 08:02:00 PM,2,0,0,,N,299241,11,Front to Rear,21,CLEAR,7,Dark-Unknown Lighting,12,MOTOR VEHICLE IN TRANSPORT,OLD HICKORY BLVD & ANDREW JACKSON PKWY,HERMITAGE,TN,37076,9561,HERMIT,36.1836,-86.6107,POINT (-86.6107 36.1836)
20190400706,05/25/2019 05:45:00 PM,2,1,0,,N,419972,4,ANGLE,21,CLEAR,1,DAYLIGHT,12,MOTOR VEHICLE IN TRANSPORT,ELKINS AV & 37TH AVN,NASHVILLE,TN,37209,5243,WEST,36.1506,-86.8281,POINT (-86.8281 36.1506)
20190137846,02/20/2019 05:41:00 AM,2,1,0,,N,311343,5,SIDESWIPE - SAME DIRECTION,2,RAIN,3,DARK - LIGHTED,12,MOTOR VEHICLE IN TRANSPORT,MM 5 5 I 440,NASHVILLE,TN,37204,83062,MIDTOW,36.1211,-86.7641,POINT (-86.7641 36.1211)
20190410864,05/29/2019 05:52:00 PM,3,2,0,,N,256389,11,Front to Rear,21,CLEAR,1,DAYLIGHT,12,MOTOR VEHICLE IN TRANSPORT,NOLENSVILLE PKE & HIGH ST,NASHVILLE,TN,37211,8427,SOUTH,36.1008,-86.74,POINT (-86.74 36.1008)
20190022313,01/09/2019 02:42:00 PM,2,1,0,,N,256411,5,SIDESWIPE - SAME DIRECTION,21,CLEAR,1,DAYLIGHT,12,MOTOR VEHICLE IN TRANSPORT,MM 206 6 I 40,NASHVILLE,TN,37208,53124,NORTH,36.1664,-86.8171,POINT (-86.8171 36.1664)
20190369890,05/14/2019 08:32:00 PM,1,0,0,,N,151132,0,NOT COLLISION W/MOTOR VEHICLE-TRANSPORT,21,CLEAR,2,DARK - NOT LIGHTED,50,DEER (ANIMAL),NEELYS BEND RD & JOE PYRON DR,MADISON,TN,37115,1615,MADISO,36.2384,-86.6713,POINT (-86.6713 36.2384)
20190273825,04/09/2019 06:16:00 PM,2,0,0,,N,206964,5,SIDESWIPE - SAME DIRECTION,21,CLEAR,1,DAYLIGHT,12,MOTOR VEHICLE IN TRANSPORT,MM 56 0 I 24,NASHVILLE,TN,37211,8708,SOUTH,36.0818,-86.6975,POINT (-86.6975 36.0818)
20190387026,05/21/2019 05:00:00 AM,1,0,0,Y,Y,151122,0,NOT COLLISION W/MOTOR VEHICLE-TRANSPORT,21,CLEAR,4,DAWN,38;63,FENCE;Ran Off Road-Right,LINBAR DR & LARGO DR,NASHVILLE,TN,37211,8705,SOUTH,36.0837,-86.7057,POINT (-86.7057 36.0837)
20190320569,04/25/2019 08:40:00 PM,2,0,0,,N,134903,4,ANGLE,2,RAIN,3,DARK - LIGHTED,12,MOTOR VEHICLE IN TRANSPORT,JUAREZ DR & LEBANON PKE,HERMITAGE,TN,37076,9531,HERMIT,36.1817,-86.6721,POINT (-86.6721 36.1817)
20190538041,07/18/2019 07:37:00 PM,2,0,0,,Y,240977,4,ANGLE,21,CLEAR,1,DAYLIGHT,12,MOTOR VEHICLE IN TRANSPORT,BRICK CHURCH PKE & W TRINITY LN,NASHVILLE,TN,37207,3003,NORTH,36.2064,-86.7779,POINT (-86.7779 36.2064)
20190197931,03/13/2019 05:15:00 PM,2,1,0,,Y,279194,11,Front to Rear,21,CLEAR,1,DAYLIGHT,12,MOTOR VEHICLE IN TRANSPORT,28TH AVN & ALBION ST,NASHVILLE,TN,37208,4525,NORTH,36.1637,-86.8198,POINT (-86.8198 36.1637)
20190261701,04/05/2019 03:20:00 AM,1,0,0,,Y,330422,0,NOT COLLISION W/MOTOR VEHICLE-TRANSPORT,2,RAIN,3,DARK - LIGHTED,42,TREE,MURFREESBORO PKE & OLD HICKORY BLVD,ANTIOCH,TN,37013,8867,SOUTH,36.0413,-86.6051,POINT (-86.6051 36.0413)
20190166943,03/02/2019 02:34:00 PM,2,0,0,,N,212343,6,SIDESWIPE - OPPOSITE DIRECTION,22,CLOUDY,1,DAYLIGHT,12,MOTOR VEHICLE IN TRANSPORT,5TH AVN & JEFFERSON ST,NASHVILLE,TN,37219,4235,CENTRA,36.1743,-86.7874,POINT (-86.7874 36.1743)
20190423280,06/03/2019 03:53:00 PM,2,1,0,,N,212322,11,Front to Rear,21,CLEAR,1,DAYLIGHT,12,MOTOR VEHICLE IN TRANSPORT,ANTIOCH PKE & HAYSTACK LN,NASHVILLE,TN,37211,8851,SOUTH,36.0709,-86.6844,POINT (-86.6844 36.0709)
20190366698,05/13/2019 06:42:00 PM,2,0,0,,N,352205,5,SIDESWIPE - SAME DIRECTION,21,CLEAR,1,DAYLIGHT,12,MOTOR VEHICLE IN TRANSPORT,GALLATIN AV & SHARPE AV,NASHVILLE,TN,37206,1901,EAST,36.1888,-86.7462,POINT (-86.7462 36.1888)
20190071057,01/27/2019 06:02:00 PM,2,1,0,,Y,206964,11,Front to Rear,21,CLEAR,3,DARK - LIGHTED,12,MOTOR VEHICLE IN TRANSPORT,MURFREESBORO PKE & MOUNTAIN SPRINGS RD,ANTIOCH,TN,37013,8927,SOUTH,36.0478,-86.6121,POINT (-86.6121 36.0478)
20190011783,01/05/2019 11:10:00 AM,2,1,0,,N,343522,11,Front to Rear,21,CLEAR,1,DAYLIGHT,12,MOTOR VEHICLE IN TRANSPORT,HILLSBORO PKE & ABBOTT MARTIN RD,NASHVILLE,TN,37215,6111,WEST,36.1054,-86.8142,POINT (-86.8142 36.1054)
20190060207,01/23/2019 05:10:00 PM,2,0,0,,N,206675,4,ANGLE,2,RAIN,1,DAYLIGHT,12,MOTOR VEHICLE IN TRANSPORT,SIDCO DR & NORRIS AV,NASHVILLE,TN,37204,8523,MIDTOW,36.1059,-86.7559,POINT (-86.7559 36.1059)
20190073045,01/28/2019 11:10:00 AM,2,0,0,,N,320575,11,Front to Rear,21,CLEAR,1,DAYLIGHT,12,MOTOR VEHICLE IN TRANSPORT,MM 52 1 I 24,NASHVILLE,TN,37217,8816,SOUTH,36.1343,-86.7267,POINT (-86.7267 36.1343)
20190064998,01/25/2019 07:30:00 AM,2,0,0,,N,224955,5,SIDESWIPE - SAME DIRECTION,22,CLOUDY,1,DAYLIGHT,12,MOTOR VEHICLE IN TRANSPORT,GALLATIN PKEN & CUDE LN,MADISON,TN,37115,1731,MADISO,36.2998,-86.6965,POINT (-86.6965 36.2998)
20190416375,05/31/2019 02:25:00 PM,2,0,0,,N,179580,4,ANGLE,21,CLEAR,1,DAYLIGHT,12,MOTOR VEHICLE IN TRANSPORT,CLARKSVILLE PKE & 23RD AVN,NASHVILLE,TN,37208,4485,NORTH,36.1841,-86.8144,POINT (-86.8144 36.1841)
20190464262,06/19/2019 06:04:00 AM,5,0,0,,Y,716886,11,Front to Rear,21,CLEAR,1,DAYLIGHT,12,MOTOR VEHICLE IN TRANSPORT,MM 58 6 I 24,ANTIOCH,TN,37013,8808,SOUTH,36.0518,-86.67,POINT (-86.67 36.0518)
20190043369,01/17/2019 07:35:00 AM,2,0,0,,N,665896,11,Front to Rear,2,RAIN,1,DAYLIGHT,12,MOTOR VEHICLE IN TRANSPORT,ELLINGTON PKWYS & DOUGLAS AV,NASHVILLE,TN,37206,1992,EAST,36.193,-86.753,POINT (-86.753 36.193)
20190470665,06/21/2019 08:53:00 AM,2,0,0,,N,311331,5,SIDESWIPE - SAME DIRECTION,21,CLEAR,1,DAYLIGHT,12,MOTOR VEHICLE IN TRANSPORT,BURNS ST & ANN ST,NASHVILLE,TN,37216,1405,EAST,36.1975,-86.7293,POINT (-86.7293 36.1975)
20190113568,02/11/2019 06:09:00 PM,2,0,0,,N,256379,5,SIDESWIPE - SAME DIRECTION,2,RAIN,2,DARK - NOT LIGHTED,12,MOTOR VEHICLE IN TRANSPORT,I24 E ENT RAMP & I 24,NASHVILLE,TN,37213,1007,CENTRA,36.1662,-86.7659,POINT (-86.7659 36.1662)
20190248562,03/31/2019 03:42:00 PM,2,0,0,,N,279204,11,Front to Rear,21,CLEAR,1,DAYLIGHT,12,MOTOR VEHICLE IN TRANSPORT,MM 85 4 I 65,NASHVILLE,TN,37208,43042,NORTH,36.1875,-86.7947,POINT (-86.7947 36.1875)
20190562451,07/28/2019 02:19:00 PM,2,0,0,,Y,256446,9,UNKNOWN,21,CLEAR,1,DAYLIGHT,14,PARKED MOTOR VEHICLE,500 LEGEND DR,ANTIOCH,TN,37013,8925,SOUTH,36.0726,-86.6192,POINT (-86.6192 36.0726)
20190410371,05/29/2019 02:28:00 PM,3,1,0,,N,226622,11,Front to Rear,21,CLEAR,1,DAYLIGHT,12,MOTOR VEHICLE IN TRANSPORT,MM 205 6 I 40,NASHVILLE,TN,37209,5228,WEST,36.1559,-86.8271,POINT (-86.8271 36.1559)
20190228491,03/24/2019 01:54:00 PM,2,0,0,,Y,311333,4,ANGLE,21,CLEAR,1,DAYLIGHT,12,MOTOR VEHICLE IN TRANSPORT,OLD HICKORY BLVD & BURKITT RD,ANTIOCH,TN,37013,8771,SOUTH,36.0051,-86.6218,POINT (-86.6218 36.0051)
20190171427,03/04/2019 12:26:00 PM,2,0,0,,N,474557,5,SIDESWIPE - SAME DIRECTION,21,CLEAR,1,DAYLIGHT,12,MOTOR VEHICLE IN TRANSPORT,ANTIOCH PKE & HAYSTACK LN,NASHVILLE,TN,37211,8851,SOUTH,36.0709,-86.6844,POINT (-86.6844 36.0709)
20190526735,07/14/2019 01:08:00 PM,2,0,0,,N,320575,4,ANGLE,22,CLOUDY,1,DAYLIGHT,12,MOTOR VEHICLE IN TRANSPORT,BRIDGECREST DR & EVANFIELD CT,ANTIOCH,TN,37013,8861,SOUTH,36.065,-86.6459,POINT (-86.6459 36.065)
20190362887,05/12/2019 12:00:00 AM,1,1,0,,N,177482,0,NOT COLLISION W/MOTOR VEHICLE-TRANSPORT,2,RAIN,3,DARK - LIGHTED,1,,HARDING PKE & BRIXWORTH LN,NASHVILLE,TN,37205,6019,WEST,36.1288,-86.8416,POINT (-86.8416 36.1288)
20190275836,04/10/2019 12:40:00 PM,2,1,0,,N,134899,11,Front to Rear,21,CLEAR,1,DAYLIGHT,12,MOTOR VEHICLE IN TRANSPORT,MURFREESBORO PKE & WILHAGAN RD,NASHVILLE,TN,37217,8801,SOUTH,36.1325,-86.7193,POINT (-86.7193 36.1325)
20190342475,05/04/2019 12:00:00 AM,1,0,0,Y,Y,240952,0,NOT COLLISION W/MOTOR VEHICLE-TRANSPORT,99,UNKNOWN,9,UNKNOWN,30,UTILITY POLE,PETTUS RD & OLD HICKORY BLVD,ANTIOCH,TN,37013,8763,SOUTH,36.0269,-86.6808,POINT (-86.6808 36.0269)
20190276788,04/10/2019 07:56:00 PM,2,1,0,,N,163667,11,Front to Rear,21,CLEAR,3,DARK - LIGHTED,12,MOTOR VEHICLE IN TRANSPORT,NOLENSVILLE PKE & HARRISON ST,NASHVILLE,TN,37211,8431,SOUTH,36.0983,-86.7388,POINT (-86.7388 36.0983)
20190563884,07/29/2019 09:46:00 AM,2,1,0,,N,311799,11,Front to Rear,21,CLEAR,1,DAYLIGHT,12,MOTOR VEHICLE IN TRANSPORT,SKYLINE MEMORIAL CT & DICKERSON PKE,MADISON,TN,37115,2009,MADISO,36.2439,-86.7566,POINT (-86.7566 36.2439)
20190276354,04/10/2019 04:00:00 PM,3,1,0,,N,206675,11,Front to Rear,21,CLEAR,1,DAYLIGHT,12,MOTOR VEHICLE IN TRANSPORT,OLD HICKORY BLVD & I65 N EXT RAMP,BRENTWOOD,TN,37027,8623,MIDTOW,36.0399,-86.781,POINT (-86.781 36.0399)
20190559146,07/27/2019 12:00:00 AM,2,0,0,,Y,206672,5,SIDESWIPE - SAME DIRECTION,21,CLEAR,2,DARK - NOT LIGHTED,14;55,PARKED MOTOR VEHICLE;Motor Vehicle-In-Motion Outside Trafficw,3RD AVS & SHELBY ST PEDESTRIAN BRIDGE GR,NASHVILLE,TN,37201,4065,CENTRA,36.1605,-86.7753,POINT (-86.7753 36.1605)
20190034138,05/03/2019 12:00:00 AM,3,0,0,,N,298868,11,Front to Rear,21,CLEAR,1,DAYLIGHT,12,MOTOR VEHICLE IN TRANSPORT,MM 203 4 I 40,NASHVILLE,TN,37209,46021,WEST,36.1504,-86.8677,POINT (-86.8677 36.1504)
20190298503,04/18/2019 08:33:00 AM,2,0,0,,N,716886,11,Front to Rear,21,CLEAR,1,DAYLIGHT,12,MOTOR VEHICLE IN TRANSPORT,THOMPSON LN & NOLENSVILLE PKE,NASHVILLE,TN,37211,8425,SOUTH,36.1109,-86.7447,POINT (-86.7447 36.1109)
20190329996,04/29/2019 07:49:00 PM,2,1,0,,Y,279208,11,Front to Rear,21,CLEAR,7,Dark-Unknown Lighting,12,MOTOR VEHICLE IN TRANSPORT,CHURCH ST & 14TH AVN,NASHVILLE,TN,37203,5517,MIDTOW,36.1579,-86.7916,POINT (-86.7916 36.1579)
20190291421,04/16/2019 08:05:00 AM,2,0,0,,N,191578,5,SIDESWIPE - SAME DIRECTION,21,CLEAR,1,DAYLIGHT,12,MOTOR VEHICLE IN TRANSPORT,ALLEN RD & DONELSON PKE,NASHVILLE,TN,37214,9423,HERMIT,36.1507,-86.6666,POINT (-86.6666 36.1507)
20190155770,02/26/2019 12:50:00 PM,2,1,0,,N,226136,11,Front to Rear,22,CLOUDY,1,DAYLIGHT,12,MOTOR VEHICLE IN TRANSPORT,POWELL AV & BRANSFORD AV,NASHVILLE,TN,37204,8525,MIDTOW,36.1122,-86.767,POINT (-86.767 36.1122)
20190230854,03/25/2019 10:40:00 AM,2,0,0,,Y,402653,5,SIDESWIPE - SAME DIRECTION,22,CLOUDY,1,DAYLIGHT,12,MOTOR VEHICLE IN TRANSPORT,2ND AVS & I40 W EXT RAMP,NASHVILLE,TN,37210,4003,CENTRA,36.1518,-86.7686,POINT (-86.7686 36.1518)
20190325143,04/27/2019 05:55:00 PM,2,0,0,,N,320599,4,ANGLE,22,CLOUDY,1,DAYLIGHT,12,MOTOR VEHICLE IN TRANSPORT,STEWARTS FERRY PKE & I40 W EXT RAMP,NASHVILLE,TN,37214,9413,HERMIT,36.1565,-86.6313,POINT (-86.6313 36.1565)
20190073602,01/28/2019 03:34:00 PM,2,1,0,,N,311332,2,HEAD-ON,21,CLEAR,1,DAYLIGHT,12,MOTOR VEHICLE IN TRANSPORT,HARDING PKE & HARDING PL,NASHVILLE,TN,37205,6201,WEST,36.1014,-86.8706,POINT (-86.8706 36.1014)
20190466381,06/19/2019 10:25:00 PM,1,0,0,,N,415780,0,NOT COLLISION W/MOTOR VEHICLE-TRANSPORT,2,RAIN,3,DARK - LIGHTED,16,THROWN OR FALLING OBJECT,ELYSIAN FIELDS RD & DUNSTON DR,NASHVILLE,TN,37211,8505,MIDTOW,36.0849,-86.7516,POINT (-86.7516 36.0849)
20190301278,04/18/2019 06:00:00 PM,2,0,0,,N,902543,9,UNKNOWN,2,RAIN,1,DAYLIGHT,14,PARKED MOTOR VEHICLE,CHEROKEE AV & ELLINGTON PKWYN,NASHVILLE,TN,37207,1853,EAST,36.201,-86.7498,POINT (-86.7498 36.201)
20190344376,05/05/2019 05:29:00 AM,1,1,0,,N,109522,0,NOT COLLISION W/MOTOR VEHICLE-TRANSPORT,21,CLEAR,3,DARK - LIGHTED,18,OTHER OBJECT (NOT FIXED),HIGHWAY 100 & HARPETH TRACE DR,NASHVILLE,TN,37221,6211,WEST,36.0698,-86.8974,POINT (-86.8974 36.0698)
20190088082,02/02/2019 12:36:00 AM,2,0,0,,N,279197,11,Front to Rear,21,CLEAR,3,DARK - LIGHTED,12;14,MOTOR VEHICLE IN TRANSPORT;PARKED MOTOR VEHICLE,GALLATIN PKE SB EXT RAMP & GALLATIN PKE,NASHVILLE,TN,37216,1503,EAST,36.2336,-86.7245,POINT (-86.7245 36.2336)
20190018499,01/08/2019 08:50:00 AM,2,0,0,,N,330425,11,Front to Rear,22,CLOUDY,1,DAYLIGHT,12,MOTOR VEHICLE IN TRANSPORT,MM 2 3 I 440,NASHVILLE,TN,37212,5902,MIDTOW,36.1258,-86.814,POINT (-86.814 36.1258)
20190126862,02/15/2019 11:50:00 PM,1,0,0,,N,279216,0,NOT COLLISION W/MOTOR VEHICLE-TRANSPORT,2,RAIN,3,DARK - LIGHTED,36,CONCRETE TRAFFIC BARRIER,MM 87 5 I 65,NASHVILLE,TN,37207,1804,EAST,36.2091,-86.776,POINT (-86.776 36.2091)
20190079956,01/30/2019 12:00:00 PM,4,2,0,,N,226622,11,Front to Rear,21,CLEAR,1,DAYLIGHT,12,MOTOR VEHICLE IN TRANSPORT,OLD HICKORY BLVD & WOODBURY FALLS DR,NASHVILLE,TN,37205,4903,WEST,36.0879,-86.9207,POINT (-86.9207 36.0879)
20190047330,01/18/2019 02:18:00 PM,2,1,0,,Y,151132,11,Front to Rear,22,CLOUDY,1,DAYLIGHT,12,MOTOR VEHICLE IN TRANSPORT,MM 90 8 I 65,MADISON,TN,37115,20044,MADISO,36.2462,-86.7451,POINT (-86.7451 36.2462)
20190194133,03/12/2019 12:33:00 PM,2,0,0,,N,109534,11,Front to Rear,21,CLEAR,1,DAYLIGHT,12,MOTOR VEHICLE IN TRANSPORT,BRILEY PKWYS & BRILEY PKWY S ENT RAMP,NASHVILLE,TN,37211,88962,SOUTH,36.1103,-86.7197,POINT (-86.7197 36.1103)
20190223981,03/22/2019 03:30:00 PM,4,3,0,,N,433550,11,Front to Rear,21,CLEAR,1,DAYLIGHT,12,MOTOR VEHICLE IN TRANSPORT,ROBINSON RD & MERRITT ST,OLD HICKORY,TN,37138,9609,HERMIT,36.2556,-86.6536,POINT (-86.6536 36.2556)
20190140839,02/21/2019 04:27:00 AM,1,0,0,,N,405424,0,NOT COLLISION W/MOTOR VEHICLE-TRANSPORT,21,CLEAR,3,DARK - LIGHTED,18,OTHER OBJECT (NOT FIXED),GLASTONBURY RD & BRILEY PKWYN,NASHVILLE,TN,37217,8998,HERMIT,36.1372,-86.6996,POINT (-86.6996 36.1372)
20190207594,03/17/2019 09:38:00 AM,2,0,0,,N,212369,11,Front to Rear,21,CLEAR,1,DAYLIGHT,12,MOTOR VEHICLE IN TRANSPORT,CHARLOTTE AV & 14TH AVN,NASHVILLE,TN,37203,5501,MIDTOW,36.1606,-86.7941,POINT (-86.7941 36.1606)
20190337056,05/02/2019 06:41:00 AM,2,0,0,,N,716886,6,SIDESWIPE - OPPOSITE DIRECTION,21,CLEAR,1,DAYLIGHT,12,MOTOR VEHICLE IN TRANSPORT,OLD TUSCULUM RD & TUSCULUM RD,ANTIOCH,TN,37013,8713,SOUTH,36.0534,-86.6906,POINT (-86.6906 36.0534)
20190476628,06/24/2019 06:55:00 AM,4,0,0,,N,109495,11,Front to Rear,2,RAIN,1,DAYLIGHT,12,MOTOR VEHICLE IN TRANSPORT,MM 5 8 I 440,NASHVILLE,TN,37204,83062,MIDTOW,36.1217,-86.7596,POINT (-86.7596 36.1217)
20190214037,03/19/2019 03:13:00 PM,1,0,0,,N,256380,0,NOT COLLISION W/MOTOR VEHICLE-TRANSPORT,21,CLEAR,1,DAYLIGHT,30,UTILITY POLE,BOYD DR & LYTLE DR,NASHVILLE,TN,37218,3107,NORTH,36.2226,-86.8273,POINT (-86.8273 36.2226)
20190344179,05/05/2019 02:10:00 AM,2,0,0,,Y,197053,11,Front to Rear,21,CLEAR,3,DARK - LIGHTED,12,MOTOR VEHICLE IN TRANSPORT,NOLENSVILLE PKE & HARDING PL,NASHVILLE,TN,37211,8445,SOUTH,36.0809,-86.7267,POINT (-86.7267 36.0809)
20190157815,02/27/2019 06:44:00 AM,2,0,0,,N,226136,11,Front to Rear,22,CLOUDY,1,DAYLIGHT,12,MOTOR VEHICLE IN TRANSPORT,I65 N EXT RAMP & I 65,NASHVILLE,TN,37207,1863,EAST,36.2057,-86.7747,POINT (-86.7747 36.2057)
20190361431,05/11/2019 12:00:00 AM,1,0,0,,Y,493304,0,NOT COLLISION W/MOTOR VEHICLE-TRANSPORT,99,UNKNOWN,9,UNKNOWN,34;42;64,DITCH;TREE;Ran Off Road-Left,NEELYS BEND RD & BOAT RAMP PVTDR,MADISON,TN,37115,1621,MADISO,36.1989,-86.6634,POINT (-86.6634 36.1989)
20190332094,04/30/2019 01:51:00 PM,5,0,0,,N,134899,4,ANGLE,21,CLEAR,1,DAYLIGHT,12,MOTOR VEHICLE IN TRANSPORT,DONELSON PKE & ROYAL PKWY,NASHVILLE,TN,37214,9411,HERMIT,36.1472,-86.6664,POINT (-86.6664 36.1472)
20190375880,05/16/2019 05:59:00 PM,2,0,0,,Y,151132,11,Front to Rear,21,CLEAR,1,DAYLIGHT,12,MOTOR VEHICLE IN TRANSPORT,S GRAYCROFT AV & DUE WEST AVW,MADISON,TN,37115,1779,MADISO,36.2504,-86.7343,POINT (-86.7343 36.2504)
20190047158,01/18/2019 01:38:00 PM,3,0,0,,N,716886,11,Front to Rear,22,CLOUDY,1,DAYLIGHT,12,MOTOR VEHICLE IN TRANSPORT,THOMPSON LN & LOGAN ST,NASHVILLE,TN,37211,8425,SOUTH,36.1107,-86.7419,POINT (-86.7419 36.1107)
20190236182,03/26/2019 11:55:00 PM,1,0,0,,N,110090,0,NOT COLLISION W/MOTOR VEHICLE-TRANSPORT,21,CLEAR,3,DARK - LIGHTED,30,UTILITY POLE,BURKITT RD & WESTCOTT LN,NOLENSVILLE,TN,37135,8773,SOUTH,35.9912,-86.665,POINT (-86.665 35.9912)
20190147953,02/23/2019 04:05:00 PM,2,0,0,,Y,256380,2,HEAD-ON,2,RAIN,1,DAYLIGHT,14;99,PARKED MOTOR VEHICLE;UNKNOWN MOST HARMFUL EVENT,ESTHER AV & HAILEY AV,NASHVILLE,TN,37218,3157,NORTH,36.1902,-86.8327,POINT (-86.8327 36.1902)
20190471532,06/21/2019 04:42:00 PM,2,0,0,,Y,352167,11,Front to Rear,21,CLEAR,1,DAYLIGHT,12,MOTOR VEHICLE IN TRANSPORT,4TH AVS & ASH ST,NASHVILLE,TN,37210,4005,CENTRA,36.1523,-86.7716,POINT (-86.7716 36.1523)
20190094338,02/04/2019 04:35:00 PM,2,0,0,,N,320597,11,Front to Rear,22,CLOUDY,1,DAYLIGHT,12,MOTOR VEHICLE IN TRANSPORT,MM 54 1 I 24,NASHVILLE,TN,37211,84020,SOUTH,36.1045,-86.7166,POINT (-86.7166 36.1045)
20190135683,02/19/2019 12:40:00 PM,2,0,0,,Y,716886,5,SIDESWIPE - SAME DIRECTION,21,CLEAR,1,DAYLIGHT,12,MOTOR VEHICLE IN TRANSPORT,MM 54 2 I 24,NASHVILLE,TN,37211,88122,SOUTH,36.1038,-86.7151,POINT (-86.7151 36.1038)
20190431761,06/06/2019 02:20:00 PM,2,1,0,,N,352155,4,ANGLE,22,CLOUDY,1,DAYLIGHT,12,MOTOR VEHICLE IN TRANSPORT,CAMBRIDGE APTS PVTDR & BELL RD,ANTIOCH,TN,37013,8861,SOUTH,36.0596,-86.6411,POINT (-86.6411 36.0596)
20190288576,04/15/2019 10:24:00 AM,2,1,0,,N,109495,11,Front to Rear,21,CLEAR,1,DAYLIGHT,12,MOTOR VEHICLE IN TRANSPORT,MM 82 2 I 65,NASHVILLE,TN,37203,6804,MIDTOW,36.1456,-86.7776,POINT (-86.7776 36.1456)
20190333404,04/30/2019 11:30:00 PM,2,1,0,,N,279203,2,HEAD-ON,21,CLEAR,2,DARK - NOT LIGHTED,12,MOTOR VEHICLE IN TRANSPORT,CHARLOTTE AV & GEORGE L DAVIS BLVD,NASHVILLE,TN,37203,4205,CENTRA,36.1612,-86.7927,POINT (-86.7927 36.1612)
20190389036,05/21/2019 05:49:00 PM,3,0,0,,N,299241,11,Front to Rear,21,CLEAR,1,DAYLIGHT,12,MOTOR VEHICLE IN TRANSPORT,ELM HILL PKE & MARRIOTT DR,NASHVILLE,TN,37214,9101,HERMIT,36.1532,-86.6877,POINT (-86.6877 36.1532)
20190444759,06/11/2019 06:50:00 PM,2,0,0,,Y,212338,98,OTHER,21,CLEAR,1,DAYLIGHT,14,PARKED MOTOR VEHICLE,RICHARD JONES RD & HILLSBORO PKE,NASHVILLE,TN,37215,6405,MIDTOW,36.1047,-86.8126,POINT (-86.8126 36.1047)
20190084922,02/01/2019 12:20:00 AM,1,0,0,,N,660929,0,NOT COLLISION W/MOTOR VEHICLE-TRANSPORT,21,CLEAR,2,DARK - NOT LIGHTED,30,UTILITY POLE,6014 MT PISGAH,NASHVILLE,TN,37211,8651,MIDTOW,36.0236,-86.7343,POINT (-86.7343 36.0236)
20190511884,07/08/2019 08:54:00 AM,2,2,0,,N,405391,11,Front to Rear,21,CLEAR,1,DAYLIGHT,12,MOTOR VEHICLE IN TRANSPORT,CHARLOTTE PKE & WOODLAND WAY,NASHVILLE,TN,37221,4711,WEST,36.1096,-86.9337,POINT (-86.9337 36.1096)
20190397781,05/24/2019 03:13:00 PM,2,0,0,,N,330445,5,SIDESWIPE - SAME DIRECTION,21,CLEAR,1,DAYLIGHT,12,MOTOR VEHICLE IN TRANSPORT,17TH AVS & MCGAVOCK ST,NASHVILLE,TN,37203,5703,MIDTOW,36.1527,-86.7935,POINT (-86.7935 36.1527)
20190303727,04/20/2019 03:30:00 AM,1,1,0,,Y,330445,0,NOT COLLISION W/MOTOR VEHICLE-TRANSPORT,2,RAIN,3,DARK - LIGHTED,1,,ALLIED DR & TROUSDALE DR,NASHVILLE,TN,37211,8511,MIDTOW,36.0966,-86.7495,POINT (-86.7495 36.0966)
20190272806,04/09/2019 12:15:00 PM,2,1,0,,N,226136,4,ANGLE,21,CLEAR,1,DAYLIGHT,12,MOTOR VEHICLE IN TRANSPORT,21ST AVN & STATE ST,NASHVILLE,TN,37203,5509,MIDTOW,36.1534,-86.8034,POINT (-86.8034 36.1534)