Accident Number,Date and Time,Number of Motor Vehicles,Number of Injuries,Number of Fatalities,Property Damage,Hit and Run,Reporting Officer,Collision Type Code,Collision Type Description,Weather Code,Weather Description,Illumination Code,Illumination Description,Harmful Code,Harmful Code Description,Street Address,City,State,ZIP,RPA,Precinct,Latitude,Longitude,Mapped Location
20190483515,06/26/2019 04:26:00 PM,2,1,0,,Y,352209,4,ANGLE,21,CLEAR,1,DAYLIGHT,12,MOTOR VEHICLE IN TRANSPORT,CLEVELAND ST & N 6TH ST,NASHVILLE,TN,37207,1945,EAST,36.1858,-86.7619,POINT (-86.7619 36.1858)
20190537739,07/18/2019 04:50:00 PM,2,0,0,,Y,717341,4,ANGLE,21,CLEAR,1,DAYLIGHT,12,MOTOR VEHICLE IN TRANSPORT,MURFREESBORO PKE & FOSTER AV,NASHVILLE,TN,37210,8161,SOUTH,36.1418,-86.7412,POINT (-86.7412 36.1418)
20190486648,06/27/2019 06:19:00 PM,2,0,0,,N,267831,11,Front to Rear,22,CLOUDY,1,DAYLIGHT,12,MOTOR VEHICLE IN TRANSPORT,MM 194 0 I 40,NASHVILLE,TN,37221,4704,WEST,36.0781,-86.9939,POINT (-86.9939 36.0781)
20190118810,02/13/2019 12:00:00 AM,2,0,0,,Y,716886,4,ANGLE,99,UNKNOWN,9,UNKNOWN,14,PARKED MOTOR VEHICLE,MT VIEW RD & TRU LONG DR,ANTIOCH,TN,37013,8977,SOUTH,36.0669,-86.5998,POINT (-86.5998 36.0669)
20190506228,07/05/2019 12:00:00 AM,2,0,0,,Y,224955,9,UNKNOWN,21,CLEAR,2,DARK - NOT LIGHTED,14,PARKED MOTOR VEHICLE,RAINWOOD DR & BARBARA LYNN WAY,NASHVILLE,TN,37207,2033,MADISO,36.2435,-86.7716,POINT (-86.7716 36.2435)
20190472473,06/22/2019 12:25:00 AM,2,2,0,,N,299274,98,OTHER,2,RAIN,2,DARK - NOT LIGHTED,12,MOTOR VEHICLE IN TRANSPORT,ELM HILL PKE & DONELSON PKE,NASHVILLE,TN,37214,9411,HERMIT,36.1485,-86.6651,POINT (-86.6651 36.1485)
20190284761,04/13/2019 07:53:00 PM,2,0,0,,N,161946,4,ANGLE,2,RAIN,3,DARK - LIGHTED,12,MOTOR VEHICLE IN TRANSPORT,DICKERSON PKE & OLD TRINITY LN,NASHVILLE,TN,37207,1833,EAST,36.2064,-86.7684,POINT (-86.7684 36.2064)
20190256571,04/03/2019 09:15:00 AM,2,0,0,,Y,299243,5,SIDESWIPE - SAME DIRECTION,21,CLEAR,1,DAYLIGHT,12,MOTOR VEHICLE IN TRANSPORT,MM 209 6 I 40,NASHVILLE,TN,37203,40040,CENTRA,36.1497,-86.7832,POINT (-86.7832 36.1497)
20190485328,06/27/2019 07:35:00 AM,2,0,0,,Y,225886,5,SIDESWIPE - SAME DIRECTION,22,CLOUDY,1,DAYLIGHT,12,MOTOR VEHICLE IN TRANSPORT,KNOBVIEW DR & OLD LEBANON PKE,NASHVILLE,TN,37214,9307,HERMIT,36.1703,-86.67,POINT (-86.67 36.1703)
20190063381,01/24/2019 05:37:00 PM,3,0,0,,N,725756,11,Front to Rear,21,CLEAR,3,DARK - LIGHTED,12,MOTOR VEHICLE IN TRANSPORT,CHARLOTTE PKE & OLD HICKORY BLVD,NASHVILLE,TN,37209,4701,WEST,36.1177,-86.9218,POINT (-86.9218 36.1177)
20190516980,07/10/2019 10:18:00 AM,2,0,0,,N,134899,5,SIDESWIPE - SAME DIRECTION,21,CLEAR,1,DAYLIGHT,12,MOTOR VEHICLE IN TRANSPORT,I 40 & I40 E ENT RAMP,NASHVILLE,TN,37217,8998,HERMIT,36.144,-86.6925,POINT (-86.6925 36.144)
20190385622,05/20/2019 04:29:00 PM,2,1,0,,N,256383,11,Front to Rear,21,CLEAR,1,DAYLIGHT,12,MOTOR VEHICLE IN TRANSPORT,BELL RD & HICKORY HOLLOW TER,ANTIOCH,TN,37013,8865,SOUTH,36.3008,-86.6948,POINT (-86.6948 36.3008)
20190132992,02/18/2019 04:30:00 PM,2,0,0,,N,226827,11,Front to Rear,22,CLOUDY,1,DAYLIGHT,12,MOTOR VEHICLE IN TRANSPORT,CONFERENCE DR & RIVERGATE MALL PVTDR,GOODLETTSVILLE,TN,37072,1751,MADISO,36.3055,-86.6936,POINT (-86.6936 36.3055)
20190194607,03/12/2019 03:37:00 PM,2,1,0,,N,240966,11,Front to Rear,21,CLEAR,1,DAYLIGHT,12,MOTOR VEHICLE IN TRANSPORT,MAIN ST & N 7TH ST,NASHVILLE,TN,37206,1117,EAST,36.1745,-86.7609,POINT (-86.7609 36.1745)
20190157501,02/27/2019 03:12:00 AM,1,0,0,,N,240947,0,NOT COLLISION W/MOTOR VEHICLE-TRANSPORT,21,CLEAR,3,DARK - LIGHTED,30,UTILITY POLE,LEBANON PKE & OLD HICKORY BLVD,HERMITAGE,TN,37076,9613,HERMIT,36.1756,-86.6154,POINT (-86.6154 36.1756)
20190338431,05/02/2019 04:34:00 PM,3,1,0,,N,256389,11,Front to Rear,21,CLEAR,1,DAYLIGHT,12,MOTOR VEHICLE IN TRANSPORT,HARDING PL & HILLSBORO PKE,NASHVILLE,TN,37215,6311,MIDTOW,36.0914,-86.8285,POINT (-86.8285 36.0914)
20190172080,03/04/2019 04:47:00 PM,3,0,0,,N,206675,11,Front to Rear,21,CLEAR,1,DAYLIGHT,12,MOTOR VEHICLE IN TRANSPORT,FRANKLIN PKE & N CURTISWOOD LN,NASHVILLE,TN,37204,7015,MIDTOW,36.0899,-86.7716,POINT (-86.7716 36.0899)
20190441151,06/10/2019 11:47:00 AM,2,0,0,,Y,414731,11,Front to Rear,21,CLEAR,1,DAYLIGHT,12,MOTOR VEHICLE IN TRANSPORT,EAST THOMPSON LN & THOMPSON LN,NASHVILLE,TN,37211,8336,SOUTH,36.1094,-86.728,POINT (-86.728 36.1094)
20190111042,02/10/2019 08:20:00 PM,2,1,0,,Y,311338,5,SIDESWIPE - SAME DIRECTION,2,RAIN,3,DARK - LIGHTED,12,MOTOR VEHICLE IN TRANSPORT,MM 207 0 I 40,NASHVILLE,TN,37208,44021,NORTH,36.1696,-86.8114,POINT (-86.8114 36.1696)
20190195519,03/12/2019 11:38:00 PM,2,3,0,,N,299261,4,ANGLE,22,CLOUDY,3,DARK - LIGHTED,12,MOTOR VEHICLE IN TRANSPORT,WOODMONT BLVD & GRANNY WHITE PKE,NASHVILLE,TN,37204,7007,MIDTOW,36.1116,-86.7926,POINT (-86.7926 36.1116)
20190566990,07/30/2019 03:00:00 PM,2,0,0,,N,909486,4,ANGLE,21,CLEAR,1,DAYLIGHT,12,MOTOR VEHICLE IN TRANSPORT,OLD HICKORY BLVD & I65 N ENT RAMP,BRENTWOOD,TN,37027,8619,MIDTOW,36.0401,-86.7807,POINT (-86.7807 36.0401)
20190452319,06/14/2019 09:45:00 AM,1,1,0,Y,N,716886,0,NOT COLLISION W/MOTOR VEHICLE-TRANSPORT,21,CLEAR,1,DAYLIGHT,1;37;71,Other Traffic Barrier;EMBANKMENT EARTH,MM 60 8 I 24,ANTIOCH,TN,37013,88060,SOUTH,36.0325,-86.6406,POINT (-86.6406 36.0325)
20190360486,05/10/2019 11:00:00 PM,1,1,0,Y,N,299269,0,NOT COLLISION W/MOTOR VEHICLE-TRANSPORT,2,RAIN,3,DARK - LIGHTED,36,CONCRETE TRAFFIC BARRIER,MM 86 3 I 65,NASHVILLE,TN,37207,1910,CENTRA,36.1919,-86.7808,POINT (-86.7808 36.1919)
20190443726,06/11/2019 10:55:00 AM,2,0,0,,N,462474,4,ANGLE,22,CLOUDY,1,DAYLIGHT,12,MOTOR VEHICLE IN TRANSPORT,FRANKLIN PKE & CALDWELL LN,NASHVILLE,TN,37204,7011,MIDTOW,36.1059,-86.7728,POINT (-86.7728 36.1059)
20190499872,07/02/2019 08:00:00 PM,1,1,0,,Y,191573,0,NOT COLLISION W/MOTOR VEHICLE-TRANSPORT,21,CLEAR,3,DARK - LIGHTED,8,PEDESTRIAN,10TH AVS & PALMER PL,NASHVILLE,TN,37203,4041,CENTRA,36.1543,-86.7816,POINT (-86.7816 36.1543)
20190340522,05/03/2019 11:42:00 AM,2,1,0,,N,834798,6,SIDESWIPE - OPPOSITE DIRECTION,21,CLEAR,1,DAYLIGHT,12,MOTOR VEHICLE IN TRANSPORT,WARFIELD DR & KIMBARK DR,NASHVILLE,TN,37215,6405,MIDTOW,36.1027,-86.8153,POINT (-86.8153 36.1027)
20190149192,02/24/2019 03:43:00 AM,1,0,0,,N,212342,0,NOT COLLISION W/MOTOR VEHICLE-TRANSPORT,21,CLEAR,2,DARK - NOT LIGHTED,25,GUARDRAIL END,MM 217 3 I 40,NASHVILLE,TN,37214,9404,HERMIT,36.1436,-86.6491,POINT (-86.6491 36.1436)
20190216298,03/20/2019 07:25:00 AM,1,0,0,,N,224955,0,NOT COLLISION W/MOTOR VEHICLE-TRANSPORT,21,CLEAR,1,DAYLIGHT,31,"OTHER POST, POLE, SUPP.",DUE WEST AVW & LENTZ DR,MADISON,TN,37115,1791,MADISO,36.2496,-86.7381,POINT (-86.7381 36.2496)
20190356149,05/09/2019 11:22:00 AM,2,0,0,,N,538214,5,SIDESWIPE - SAME DIRECTION,2,RAIN,1,DAYLIGHT,12,MOTOR VEHICLE IN TRANSPORT,BROADWAY & 11TH AVN,NASHVILLE,TN,37203,4077,CENTRA,36.1574,-86.7856,POINT (-86.7856 36.1574)
20190125801,02/15/2019 02:28:00 PM,2,0,0,Y,N,151132,5,SIDESWIPE - SAME DIRECTION,2,RAIN,1,DAYLIGHT,12,MOTOR VEHICLE IN TRANSPORT,BRILEY PKWYE & I24 W EXT RAMP,NASHVILLE,TN,37207,2003,MADISO,36.2381,-86.783,POINT (-86.783 36.2381)
20190521586,07/12/2019 05:45:00 AM,1,0,0,,N,332215,0,NOT COLLISION W/MOTOR VEHICLE-TRANSPORT,21,CLEAR,3,DARK - LIGHTED,31;39,"OTHER POST, POLE, SUPP.;WALL",BANDYWOOD DR & HILLSBORO CIR,NASHVILLE,TN,37215,6111,WEST,36.105,-86.8195,POINT (-86.8195 36.105)
20190161818,02/28/2019 02:54:00 PM,2,0,0,,N,206675,4,ANGLE,21,CLEAR,1,DAYLIGHT,12,MOTOR VEHICLE IN TRANSPORT,ACKLEN AV & 21ST AVS,NASHVILLE,TN,37212,6607,MIDTOW,36.1358,-86.801,POINT (-86.801 36.1358)
20190528949,07/15/2019 12:35:00 PM,3,0,0,,N,462494,11,Front to Rear,22,CLOUDY,1,DAYLIGHT,12,MOTOR VEHICLE IN TRANSPORT,HILLSBORO PKE & WOODMONT BLVD,NASHVILLE,TN,37215,6419,MIDTOW,36.114,-86.8109,POINT (-86.8109 36.114)
20190352764,05/08/2019 06:29:00 AM,2,0,0,,N,620072,5,SIDESWIPE - SAME DIRECTION,21,CLEAR,1,DAYLIGHT,12,MOTOR VEHICLE IN TRANSPORT,14TH AVS & BROADWAY,NASHVILLE,TN,37203,5701,MIDTOW,36.1557,-86.7897,POINT (-86.7897 36.1557)
20190545010,07/21/2019 07:09:00 PM,2,3,0,,N,279124,11,Front to Rear,21,CLEAR,1,DAYLIGHT,12,MOTOR VEHICLE IN TRANSPORT,WAIKIKI BLVD & HONOLULU RD,ANTIOCH,TN,37013,8899,SOUTH,36.0725,-86.6787,POINT (-86.6787 36.0725)
20190216774,03/20/2019 10:30:00 AM,2,1,0,,N,676834,11,Front to Rear,21,CLEAR,1,DAYLIGHT,12,MOTOR VEHICLE IN TRANSPORT,DOMINICAN DR & ROSA L PARKS BLVD,NASHVILLE,TN,37228,4445,NORTH,36.1879,-86.7985,POINT (-86.7985 36.1879)
20190350878,05/07/2019 02:50:00 PM,2,0,0,,N,306230,4,ANGLE,21,CLEAR,1,DAYLIGHT,12,MOTOR VEHICLE IN TRANSPORT,ALBION ST & 32ND AVN,NASHVILLE,TN,37209,4529,NORTH,36.1635,-86.8248,POINT (-86.8248 36.1635)
20190089765,02/02/2019 06:00:00 PM,2,0,0,,N,320580,11,Front to Rear,21,CLEAR,3,DARK - LIGHTED,12,MOTOR VEHICLE IN TRANSPORT,MM 211 8 I 40,NASHVILLE,TN,37210,90022,HERMIT,36.149,-86.7465,POINT (-86.7465 36.149)
20190018260,01/08/2019 07:03:00 AM,2,0,0,,N,226136,11,Front to Rear,22,CLOUDY,1,DAYLIGHT,12,MOTOR VEHICLE IN TRANSPORT,WEDGEWOOD AV & ACKLEN AV,NASHVILLE,TN,37203,6905,MIDTOW,36.1343,-86.781,POINT (-86.781 36.1343)
20190392623,05/23/2019 12:02:00 AM,2,0,0,Y,Y,197059,5,SIDESWIPE - SAME DIRECTION,21,CLEAR,3,DARK - LIGHTED,14;31;38,"PARKED MOTOR VEHICLE;OTHER POST, POLE, SUPP.;FENCE",CHESTNUT ST & CHERRY AV,NASHVILLE,TN,37203,6941,MIDTOW,36.1418,-86.7775,POINT (-86.7775 36.1418)
20190563937,07/29/2019 10:10:00 AM,2,0,0,,N,137872,4,ANGLE,21,CLEAR,1,DAYLIGHT,13,MOTOR VEHICLE IN TRANSPORT-OTHER ROADWAY,NEW JOHN HAGAR RD & EARHART RD,HERMITAGE,TN,37076,9515,HERMIT,36.159,-86.5693,POINT (-86.5693 36.159)
20190064176,01/25/2019 01:00:00 AM,4,0,0,,N,109531,6,SIDESWIPE - OPPOSITE DIRECTION,21,CLEAR,3,DARK - LIGHTED,12;14,MOTOR VEHICLE IN TRANSPORT;PARKED MOTOR VEHICLE,DOUGLAS AV & SCOTT AV,NASHVILLE,TN,37206,1329,EAST,36.1916,-86.7341,POINT (-86.7341 36.1916)
20190420389,06/02/2019 09:55:00 AM,2,0,0,,N,279206,4,ANGLE,21,CLEAR,1,DAYLIGHT,12,MOTOR VEHICLE IN TRANSPORT,I24 W ENT RAMP & I 40,NASHVILLE,TN,37217,8818,HERMIT,36.1397,-86.7275,POINT (-86.7275 36.1397)
20190142057,02/21/2019 01:45:00 PM,3,1,0,,N,226136,11,Front to Rear,22,CLOUDY,1,DAYLIGHT,12,MOTOR VEHICLE IN TRANSPORT,MM 210 0 I 40,NASHVILLE,TN,37203,8002,MIDTOW,36.1484,-86.7771,POINT (-86.7771 36.1484)
20190491628,06/29/2019 05:33:00 PM,2,0,0,,Y,320585,11,Front to Rear,21,CLEAR,1,DAYLIGHT,12,MOTOR VEHICLE IN TRANSPORT,BRILEY PKWY S EXT RAMP & BRILEY PKWYS,NASHVILLE,TN,37214,9209,HERMIT,36.1924,-86.6874,POINT (-86.6874 36.1924)
20190289509,04/15/2019 05:24:00 PM,2,0,0,,N,311327,4,ANGLE,21,CLEAR,1,DAYLIGHT,12,MOTOR VEHICLE IN TRANSPORT,ROSEBANK AV & EASTLAND AV,NASHVILLE,TN,37206,1357,EAST,36.1859,-86.7106,POINT (-86.7106 36.1859)
20190482732,06/26/2019 10:44:00 AM,2,0,0,,N,352183,4,ANGLE,21,CLEAR,1,DAYLIGHT,12,MOTOR VEHICLE IN TRANSPORT,BROADWAY & 15TH AVS,NASHVILLE,TN,37203,5517,MIDTOW,36.1555,-86.79,POINT (-86.79 36.1555)
20190527118,07/14/2019 06:00:00 PM,2,0,0,,Y,311328,5,SIDESWIPE - SAME DIRECTION,22,CLOUDY,1,DAYLIGHT,12;14,MOTOR VEHICLE IN TRANSPORT;PARKED MOTOR VEHICLE,2ND AVN & COMMERCE ST,NASHVILLE,TN,37201,4101,CENTRA,36.163,-86.7759,POINT (-86.7759 36.163)
20190260917,04/04/2019 09:05:00 PM,2,0,0,,Y,320585,6,SIDESWIPE - OPPOSITE DIRECTION,21,CLEAR,3,DARK - LIGHTED,12,MOTOR VEHICLE IN TRANSPORT,OLD HICKORY BLVD & HERMITAGE WOODS DR,HERMITAGE,TN,37076,9561,HERMIT,36.1773,-86.6042,POINT (-86.6042 36.1773)
20190540243,07/19/2019 03:35:00 PM,2,0,0,,N,256389,11,Front to Rear,21,CLEAR,1,DAYLIGHT,12,MOTOR VEHICLE IN TRANSPORT,I40 E ENT RAMP & I 40,NASHVILLE,TN,37205,4903,WEST,36.1109,-86.922,POINT (-86.922 36.1109)
20190454030,06/14/2019 10:51:00 PM,2,0,0,,Y,279197,4,ANGLE,21,CLEAR,3,DARK - LIGHTED,14,PARKED MOTOR VEHICLE,WOODLAND ST & S 11TH ST,NASHVILLE,TN,37206,1201,EAST,36.1773,-86.7506,POINT (-86.7506 36.1773)
20190327576,04/28/2019 11:45:00 PM,2,2,0,,N,298875,4,ANGLE,21,CLEAR,3,DARK - LIGHTED,12,MOTOR VEHICLE IN TRANSPORT,PIN HOOK RD & HOBSON PKE,ANTIOCH,TN,37013,8927,SOUTH,36.0493,-86.5999,POINT (-86.5999 36.0493)
20190186719,03/09/2019 01:00:00 PM,2,2,0,,N,330411,4,ANGLE,2,RAIN,1,DAYLIGHT,12;30,MOTOR VEHICLE IN TRANSPORT;UTILITY POLE,15TH AVN & CHURCH ST,NASHVILLE,TN,37203,5517,MIDTOW,36.1574,-86.7927,POINT (-86.7927 36.1574)
20190004247,01/02/2019 04:14:00 PM,2,0,0,,N,279124,4,ANGLE,21,CLEAR,1,DAYLIGHT,12,MOTOR VEHICLE IN TRANSPORT,GLENROSE AV & WHITNEY AV,NASHVILLE,TN,37210,8101,SOUTH,36.1258,-86.7516,POINT (-86.7516 36.1258)
20190436979,06/08/2019 12:00:00 AM,2,0,0,,N,887598,11,Front to Rear,21,CLEAR,1,DAYLIGHT,12,MOTOR VEHICLE IN TRANSPORT,MM 35 5 I 24,WHITES CREEK,TN,37189,2212,NORTH,36.3225,-86.859,POINT (-86.859 36.3225)
20190267555,04/07/2019 01:15:00 PM,2,0,0,,N,279230,11,Front to Rear,2,RAIN,1,DAYLIGHT,12,MOTOR VEHICLE IN TRANSPORT,FRANKLIN LIMESTONE RD & MURFREESBORO PKE,NASHVILLE,TN,37217,8853,SOUTH,36.0944,-86.6534,POINT (-86.6534 36.0944)
20190279666,04/11/2019 06:05:00 PM,2,0,0,,N,320577,4,ANGLE,21,CLEAR,2,DARK - NOT LIGHTED,12,MOTOR VEHICLE IN TRANSPORT,ROSEDALE AV & GLADSTONE AV,NASHVILLE,TN,37211,8037,MIDTOW,36.1244,-86.7578,POINT (-86.7578 36.1244)
20190350421,05/07/2019 11:20:00 AM,2,0,0,,Y,226092,4,ANGLE,21,CLEAR,1,DAYLIGHT,12,MOTOR VEHICLE IN TRANSPORT,VANTAGE WAY CT & VANTAGE WAY,NASHVILLE,TN,37228,4499,NORTH,36.191,-86.799,POINT (-86.799 36.191)
20190276605,04/10/2019 05:08:00 PM,2,0,0,,Y,179606,5,SIDESWIPE - SAME DIRECTION,21,CLEAR,1,DAYLIGHT,12,MOTOR VEHICLE IN TRANSPORT,VIVELLE AV & NOLENSVILLE PKE,NASHVILLE,TN,37211,8057,MIDTOW,36.1269,-86.7531,POINT (-86.7531 36.1269)
20190278319,04/11/2019 08:55:00 AM,2,0,0,,N,337277,4,ANGLE,21,CLEAR,1,DAYLIGHT,12,MOTOR VEHICLE IN TRANSPORT,EAST THOMPSON LN & MURFREESBORO PKE,NASHVILLE,TN,37217,8879,SOUTH,36.1267,-86.7111,POINT (-86.7111 36.1267)
20190450670,06/13/2019 12:00:00 AM,2,0,0,,N,298877,11,Front to Rear,21,CLEAR,1,DAYLIGHT,12,MOTOR VEHICLE IN TRANSPORT,MM 55 1 I 24,NASHVILLE,TN,37211,8602,SOUTH,36.0928,-86.7055,POINT (-86.7055 36.0928)
20190032997,01/13/2019 07:46:00 PM,3,0,0,,N,256379,98,OTHER,21,CLEAR,3,DARK - LIGHTED,12,MOTOR VEHICLE IN TRANSPORT,MM 54 5 I 24,NASHVILLE,TN,37211,84021,SOUTH,36.0999,-86.7113,POINT (-86.7113 36.0999)
20190542303,07/20/2019 10:36:00 AM,2,0,0,,Y,140790,4,ANGLE,21,CLEAR,1,DAYLIGHT,14;55,PARKED MOTOR VEHICLE;Motor Vehicle-In-Motion Outside Trafficw,5835 OLD HICKORY BLVD,HERMITAGE,TN,37076,9527,HERMIT,36.1685,-86.6004,POINT (-86.6004 36.1685)
20190432211,06/06/2019 04:55:00 PM,2,0,0,,N,299257,11,Front to Rear,2,RAIN,1,DAYLIGHT,12,MOTOR VEHICLE IN TRANSPORT,HARDING PL & SIDCO DR,NASHVILLE,TN,37220,8601,MIDTOW,36.0819,-86.7612,POINT (-86.7612 36.0819)
20190493846,06/30/2019 06:53:00 PM,2,0,0,,Y,330444,11,Front to Rear,21,CLEAR,1,DAYLIGHT,12,MOTOR VEHICLE IN TRANSPORT,20TH AVS & 20TH AVN,NASHVILLE,TN,37203,5709,MIDTOW,36.1514,-86.7993,POINT (-86.7993 36.1514)
20190177368,03/06/2019 07:46:00 AM,2,1,0,,N,109527,11,Front to Rear,21,CLEAR,1,DAYLIGHT,12,MOTOR VEHICLE IN TRANSPORT,MM 221 0 I 40,HERMITAGE,TN,37076,9504,HERMIT,36.1702,-86.5982,POINT (-86.5982 36.1702)
20190320100,04/25/2019 05:42:00 PM,2,0,0,,N,256386,5,SIDESWIPE - SAME DIRECTION,22,CLOUDY,1,DAYLIGHT,12,MOTOR VEHICLE IN TRANSPORT,I 24 & UNKNOWN RAMP,NASHVILLE,TN,37210,9004,HERMIT,36.1402,-86.7258,POINT (-86.7258 36.1402)
20190559815,07/27/2019 11:37:00 AM,2,1,0,,N,299243,11,Front to Rear,21,CLEAR,1,DAYLIGHT,12,MOTOR VEHICLE IN TRANSPORT,MM 48 2 I 24,NASHVILLE,TN,37207,1106,EAST,36.1729,-86.7693,POINT (-86.7693 36.1729)
20190022887,01/09/2019 06:40:00 PM,2,0,0,,N,256383,11,Front to Rear,21,CLEAR,3,DARK - LIGHTED,12,MOTOR VEHICLE IN TRANSPORT,MURFREESBORO PKE & LAKEVILLA DR,ANTIOCH,TN,37013,8861,SOUTH,36.0767,-86.6409,POINT (-86.6409 36.0767)
20190318780,04/25/2019 07:45:00 AM,2,0,0,,N,352202,11,Front to Rear,21,CLEAR,1,DAYLIGHT,12,MOTOR VEHICLE IN TRANSPORT,JEFFERSON ST & I40 E EXT RAMP,NASHVILLE,TN,37208,5321,NORTH,36.1686,-86.8132,POINT (-86.8132 36.1686)
20190161534,02/28/2019 12:00:00 AM,1,1,0,,Y,109534,0,NOT COLLISION W/MOTOR VEHICLE-TRANSPORT,22,CLOUDY,1,DAYLIGHT,8,PEDESTRIAN,LAFAYETTE ST & CHARLES E DAVIS BLVD,NASHVILLE,TN,37210,8147,SOUTH,36.1488,-86.7625,POINT (-86.7625 36.1488)
20190426501,06/04/2019 06:20:00 PM,3,0,0,,N,212344,4,ANGLE,21,CLEAR,1,DAYLIGHT,12;14,MOTOR VEHICLE IN TRANSPORT;PARKED MOTOR VEHICLE,DICKERSON PKE & DONALD ST,NASHVILLE,TN,37207,1833,EAST,36.2113,-86.7653,POINT (-86.7653 36.2113)
20190502524,07/03/2019 08:08:00 PM,1,1,0,,N,240957,0,NOT COLLISION W/MOTOR VEHICLE-TRANSPORT,21,CLEAR,2,DARK - NOT LIGHTED,8,PEDESTRIAN,EDMONDSON PKE & DERBY TRC,NASHVILLE,TN,37211,8653,MIDTOW,36.0442,-86.7441,POINT (-86.7441 36.0442)
20190457006,06/16/2019 10:27:00 AM,2,1,0,,N,212369,4,ANGLE,21,CLEAR,1,DAYLIGHT,12,MOTOR VEHICLE IN TRANSPORT,OLD HICKORY BLVD & BRENTWOOD EAST DR,NASHVILLE,TN,37211,8651,MIDTOW,36.0452,-86.7154,POINT (-86.7154 36.0452)
20190214262,03/19/2019 04:51:00 PM,2,0,0,,N,714641,4,ANGLE,21,CLEAR,1,DAYLIGHT,12,MOTOR VEHICLE IN TRANSPORT,LAFAYETTE ST & ELM ST,NASHVILLE,TN,37203,4027,CENTRA,36.1526,-86.7737,POINT (-86.7737 36.1526)
20190275211,04/10/2019 08:33:00 AM,2,0,0,,N,226622,11,Front to Rear,21,CLEAR,1,DAYLIGHT,12,MOTOR VEHICLE IN TRANSPORT,MM 205 7 I 40,NASHVILLE,TN,37209,45044,WEST,36.1563,-86.8262,POINT (-86.8262 36.1563)
20190282195,04/12/2019 05:02:00 PM,2,0,0,,N,151132,5,SIDESWIPE - SAME DIRECTION,21,CLEAR,1,DAYLIGHT,12,MOTOR VEHICLE IN TRANSPORT,BRILEY PKWYE & BRILEY PKWYW,NASHVILLE,TN,37207,20120,MADISO,36.2396,-86.7751,POINT (-86.7751 36.2396)
20190008579,01/04/2019 04:45:00 AM,3,0,0,,N,320590,11,Front to Rear,2,RAIN,2,DARK - NOT LIGHTED,12;14,MOTOR VEHICLE IN TRANSPORT;PARKED MOTOR VEHICLE,MM 33 0 I 24,JOELTON,TN,37080,23040,NORTH,36.3321,-86.9009,POINT (-86.9009 36.3321)
20190038201,01/15/2019 02:30:00 PM,2,0,0,,N,134899,11,Front to Rear,21,CLEAR,1,DAYLIGHT,12,MOTOR VEHICLE IN TRANSPORT,MURFREESBORO PKE & BELL RD,ANTIOCH,TN,37013,8861,SOUTH,36.072,-86.636,POINT (-86.636 36.072)
20190459729,06/17/2019 01:30:00 PM,2,0,0,,N,665896,11,Front to Rear,21,CLEAR,1,DAYLIGHT,12,MOTOR VEHICLE IN TRANSPORT,ELLINGTON PKWY N EXT RAMP & CLEVELAND ST,NASHVILLE,TN,37206,1925,EAST,36.1849,-86.7593,POINT (-86.7593 36.1849)
20190566245,07/30/2019 08:35:00 AM,2,0,0,,N,553957,4,ANGLE,22,CLOUDY,1,DAYLIGHT,12,MOTOR VEHICLE IN TRANSPORT,BRILEY PKWYN & MUSIC VALLEY DR,NASHVILLE,TN,37214,92860,HERMIT,36.2225,-86.6937,POINT (-86.6937 36.2225)
20190437864,06/09/2019 01:33:00 AM,2,2,0,,N,175719,4,ANGLE,22,CLOUDY,3,DARK - LIGHTED,12,MOTOR VEHICLE IN TRANSPORT,DICKERSON PKE & HOMESTEAD RD,NASHVILLE,TN,37216,1805,EAST,36.2351,-86.7584,POINT (-86.7584 36.2351)
20190107737,02/09/2019 12:42:00 AM,2,1,0,,N,256377,11,Front to Rear,21,CLEAR,3,DARK - LIGHTED,12,MOTOR VEHICLE IN TRANSPORT,KAREN DR & BRILEY PKWY,NASHVILLE,TN,37217,8827,HERMIT,36.1395,-86.7005,POINT (-86.7005 36.1395)
20190384444,05/20/2019 08:30:00 AM,2,1,0,,N,352202,11,Front to Rear,21,CLEAR,1,DAYLIGHT,12,MOTOR VEHICLE IN TRANSPORT,MM 85 4 I 65,NASHVILLE,TN,37208,43042,NORTH,36.1875,-86.7947,POINT (-86.7947 36.1875)
20190354128,05/08/2019 05:10:00 PM,2,0,0,,N,256380,4,ANGLE,21,CLEAR,1,DAYLIGHT,12,MOTOR VEHICLE IN TRANSPORT,MM 207 7 I 40,NASHVILLE,TN,37208,54021,NORTH,36.1729,-86.8012,POINT (-86.8012 36.1729)
20190052121,01/20/2019 12:00:00 AM,2,0,0,,Y,279123,5,SIDESWIPE - SAME DIRECTION,22,CLOUDY,3,DARK - LIGHTED,12,MOTOR VEHICLE IN TRANSPORT,BRILEY PKWY N EXT RAMP & ELM HILL PKE,NASHVILLE,TN,37214,9107,HERMIT,36.1523,-86.6905,POINT (-86.6905 36.1523)
20190077471,01/29/2019 06:20:00 PM,2,0,0,,N,206675,11,Front to Rear,21,CLEAR,2,DARK - NOT LIGHTED,12,MOTOR VEHICLE IN TRANSPORT,OLD HICKORY BLVD & CLOVERLAND DR,BRENTWOOD,TN,37027,8619,MIDTOW,36.0403,-86.7684,POINT (-86.7684 36.0403)
20190025491,01/10/2019 05:09:00 PM,2,0,0,,N,256384,11,Front to Rear,21,CLEAR,1,DAYLIGHT,12,MOTOR VEHICLE IN TRANSPORT,NOLENSVILLE PKE & I440 E ENT RAMP,NASHVILLE,TN,37210,8319,SOUTH,36.1203,-86.7499,POINT (-86.7499 36.1203)