Accident Number,Date and Time,Number of Motor Vehicles,Number of Injuries,Number of Fatalities,Property Damage,Hit and Run,Reporting Officer,Collision Type Code,Collision Type Description,Weather Code,Weather Description,Illumination Code,Illumination Description,Harmful Code,Harmful Code Description,Street Address,City,State,ZIP,RPA,Precinct,Latitude,Longitude,Mapped Location
20190010223,01/04/2019 06:30:00 PM,2,0,0,,Y,256412,5,SIDESWIPE - SAME DIRECTION,21,CLEAR,3,DARK - LIGHTED,14,PARKED MOTOR VEHICLE,MT VIEW RD & BELL RD,ANTIOCH,TN,37013,8865,SOUTH,36.05,-86.6496,POINT (-86.6496 36.05)
20190357100,05/09/2019 06:52:00 PM,2,0,0,,N,197435,2,HEAD-ON,22,CLOUDY,5,DUSK,12,MOTOR VEHICLE IN TRANSPORT,HILLSIDE RD & BROADMOOR DR,NASHVILLE,TN,37207,1845,EAST,36.2298,-86.7563,POINT (-86.7563 36.2298)
20190556982,07/26/2019 04:50:00 AM,1,0,0,Y,Y,799013,0,NOT COLLISION W/MOTOR VEHICLE-TRANSPORT,21,CLEAR,7,Dark-Unknown Lighting,40;63,MAIL BOX;Ran Off Road-Right,WINDEMERE CIR & GLENOAKS DR,NASHVILLE,TN,37214,9317,HERMIT,36.1856,-86.6714,POINT (-86.6714 36.1856)
20190569913,07/31/2019 03:45:00 PM,1,1,0,,Y,256448,0,NOT COLLISION W/MOTOR VEHICLE-TRANSPORT,21,CLEAR,1,DAYLIGHT,8,PEDESTRIAN,MEDICAL DR & LEBANON PKE,NASHVILLE,TN,37214,9403,HERMIT,36.1767,-86.6446,POINT (-86.6446 36.1767)
20190571705,08/01/2019 12:00:00 AM,2,0,0,,Y,429205,5,SIDESWIPE - SAME DIRECTION,21,CLEAR,1,DAYLIGHT,12,MOTOR VEHICLE IN TRANSPORT,MM 87 3 I 65,NASHVILLE,TN,37207,1804,EAST,36.2068,-86.7762,POINT (-86.7762 36.2068)
20190573011,08/01/2019 08:39:00 PM,2,1,0,,N,151132,11,Front to Rear,21,CLEAR,3,DARK - LIGHTED,12,MOTOR VEHICLE IN TRANSPORT,MM 88 9 I 65,NASHVILLE,TN,37207,20021,MADISO,36.2296,-86.7719,POINT (-86.7719 36.2296)
20190035841,01/14/2019 07:41:00 PM,1,2,0,,N,151132,0,NOT COLLISION W/MOTOR VEHICLE-TRANSPORT,22,CLOUDY,3,DARK - LIGHTED,1;34,DITCH,E OLD HICKORY BLVD & MCARTHUR DR,MADISON,TN,37115,1629,MADISO,36.2632,-86.6916,POINT (-86.6916 36.2632)
20190124798,02/15/2019 07:00:00 AM,1,0,0,Y,N,716886,0,NOT COLLISION W/MOTOR VEHICLE-TRANSPORT,21,CLEAR,1,DAYLIGHT,40,MAIL BOX,OLD HICKORY BLVD & CANE RIDGE RD,ANTIOCH,TN,37013,8769,SOUTH,36.0002,-86.6356,POINT (-86.6356 36.0002)
20190060292,01/23/2019 06:18:00 PM,2,1,0,,N,134869,4,ANGLE,2,RAIN,3,DARK - LIGHTED,12,MOTOR VEHICLE IN TRANSPORT,21ST AVS & CHILDRENS WAY,NASHVILLE,TN,37212,5809,MIDTOW,36.1386,-86.8006,POINT (-86.8006 36.1386)
20190489203,06/28/2019 05:04:00 PM,3,2,0,,N,311332,11,Front to Rear,2,RAIN,1,DAYLIGHT,12,MOTOR VEHICLE IN TRANSPORT,TEMPLE RD & CHASE VIEW RD,NASHVILLE,TN,37221,4807,WEST,36.0399,-86.9515,POINT (-86.9515 36.0399)
20190495732,07/01/2019 01:50:00 PM,2,0,0,,N,676834,11,Front to Rear,21,CLEAR,1,DAYLIGHT,12,MOTOR VEHICLE IN TRANSPORT,ROSA L PARKS BLVD & JEFFERSON ST,NASHVILLE,TN,37208,4237,CENTRA,36.1733,-86.7914,POINT (-86.7914 36.1733)
20190292432,04/16/2019 02:32:00 PM,2,0,0,,N,134899,4,ANGLE,21,CLEAR,1,DAYLIGHT,14,PARKED MOTOR VEHICLE,LEBANON PKE & DISSPAYNE DR,NASHVILLE,TN,37214,9403,HERMIT,36.1725,-86.6496,POINT (-86.6496 36.1725)
20190527491,07/14/2019 10:07:00 PM,4,0,0,,N,298875,11,Front to Rear,21,CLEAR,3,DARK - LIGHTED,12;18,MOTOR VEHICLE IN TRANSPORT;OTHER OBJECT (NOT FIXED),RURAL HILL RD & MURFREESBORO PKE,NASHVILLE,TN,37217,8939,HERMIT,36.0746,-86.6384,POINT (-86.6384 36.0746)
20190063524,01/24/2019 06:47:00 PM,2,1,0,,N,299266,4,ANGLE,21,CLEAR,2,DARK - NOT LIGHTED,12,MOTOR VEHICLE IN TRANSPORT,MILL CREEK WHITTLEMORE GRNWY & SWISS AV,ANTIOCH,TN,37013,8757,SOUTH,36.0424,-86.7129,POINT (-86.7129 36.0424)
20190465407,06/19/2019 03:28:00 PM,2,0,0,,N,772946,5,SIDESWIPE - SAME DIRECTION,21,CLEAR,1,DAYLIGHT,12,MOTOR VEHICLE IN TRANSPORT,JEFFERSON ST & JEFFERSON ST,NASHVILLE,TN,37208,4311,CENTRA,36.1756,-86.7822,POINT (-86.7822 36.1756)
20190473104,06/22/2019 10:27:00 AM,2,1,0,,N,320592,11,Front to Rear,2,RAIN,1,DAYLIGHT,12,MOTOR VEHICLE IN TRANSPORT,MM 212 4 I 40,NASHVILLE,TN,37210,82060,HERMIT,36.1441,-86.7389,POINT (-86.7389 36.1441)
20190552878,07/24/2019 04:40:00 PM,2,1,0,,N,256383,11,Front to Rear,21,CLEAR,1,DAYLIGHT,12,MOTOR VEHICLE IN TRANSPORT,MM 52 1 I 24,NASHVILLE,TN,37217,8816,SOUTH,36.1343,-86.7267,POINT (-86.7267 36.1343)
20190341321,05/03/2019 04:25:00 PM,2,0,0,,Y,256448,11,Front to Rear,21,CLEAR,1,DAYLIGHT,12,MOTOR VEHICLE IN TRANSPORT,STEWARTS FERRY PKE & MCCRORY CREEK RD,NASHVILLE,TN,37214,9415,HERMIT,36.1572,-86.6346,POINT (-86.6346 36.1572)
20190326465,04/28/2019 09:23:00 AM,2,0,0,,N,279113,98,OTHER,21,CLEAR,1,DAYLIGHT,12,MOTOR VEHICLE IN TRANSPORT,MURFREESBORO PKE & UNA ANTIOCH PKE,NASHVILLE,TN,37217,8937,HERMIT,36.0854,-86.6479,POINT (-86.6479 36.0854)
20190068395,01/26/2019 12:11:00 PM,2,0,0,,Y,212325,5,SIDESWIPE - SAME DIRECTION,21,CLEAR,1,DAYLIGHT,14,PARKED MOTOR VEHICLE,BARRY DR & ARGLE AV,MADISON,TN,37115,1505,MADISO,36.2466,-86.7155,POINT (-86.7155 36.2466)
20190203468,03/15/2019 02:50:00 PM,2,0,0,,N,311333,4,ANGLE,21,CLEAR,1,DAYLIGHT,12,MOTOR VEHICLE IN TRANSPORT,MM 56 7 I 24,NASHVILLE,TN,37211,8810,SOUTH,36.0726,-86.6916,POINT (-86.6916 36.0726)
20190490501,06/29/2019 05:45:00 AM,1,1,0,,N,330422,0,NOT COLLISION W/MOTOR VEHICLE-TRANSPORT,21,CLEAR,1,DAYLIGHT,30,UTILITY POLE,OLD HYDES FERRY PKE & ASHLAND CITY HWY,NASHVILLE,TN,37218,3235,NORTH,36.2109,-86.8983,POINT (-86.8983 36.2109)
20190524431,07/13/2019 12:00:00 AM,1,0,0,Y,Y,179602,0,NOT COLLISION W/MOTOR VEHICLE-TRANSPORT,99,UNKNOWN,2,DARK - NOT LIGHTED,38,FENCE,OLD HICKORY BLVD & BLEVINS RD,WHITES CREEK,TN,37189,2015,MADISO,36.2768,-86.7993,POINT (-86.7993 36.2768)
20190106561,02/08/2019 04:55:00 PM,2,0,0,,Y,267831,4,ANGLE,21,CLEAR,1,DAYLIGHT,12,MOTOR VEHICLE IN TRANSPORT,40TH AVN & CLIFTON AV,NASHVILLE,TN,37209,4533,WEST,36.1564,-86.8344,POINT (-86.8344 36.1564)
20190441180,06/10/2019 12:56:00 PM,1,0,0,Y,N,462494,9,UNKNOWN,22,CLOUDY,1,DAYLIGHT,99,UNKNOWN MOST HARMFUL EVENT,24TH AVS & BELCOURT AV,NASHVILLE,TN,37212,5823,MIDTOW,36.1371,-86.8051,POINT (-86.8051 36.1371)
20190278207,04/11/2019 12:00:00 AM,2,0,0,,N,429205,4,ANGLE,21,CLEAR,1,DAYLIGHT,12,MOTOR VEHICLE IN TRANSPORT,8TH AVS & LAFAYETTE ST,NASHVILLE,TN,37203,4043,CENTRA,36.1546,-86.7792,POINT (-86.7792 36.1546)
20190560485,07/27/2019 06:00:00 PM,2,0,0,,N,161939,11,Front to Rear,21,CLEAR,1,DAYLIGHT,12,MOTOR VEHICLE IN TRANSPORT,I 24 & UNKNOWN RAMP,NASHVILLE,TN,37210,9004,HERMIT,36.1402,-86.7258,POINT (-86.7258 36.1402)
20190526803,07/14/2019 02:21:00 PM,2,1,0,,N,267831,11,Front to Rear,21,CLEAR,1,DAYLIGHT,12,MOTOR VEHICLE IN TRANSPORT,CHARLOTTE AV & 48TH AVN,NASHVILLE,TN,37209,5127,WEST,36.1521,-86.8449,POINT (-86.8449 36.1521)
20190113958,02/11/2019 09:18:00 PM,2,0,0,,Y,279124,5,SIDESWIPE - SAME DIRECTION,2,RAIN,2,DARK - NOT LIGHTED,12,MOTOR VEHICLE IN TRANSPORT,MM 57 4 I 24,ANTIOCH,TN,37013,88080,SOUTH,36.0649,-86.6847,POINT (-86.6847 36.0649)
20190406795,05/28/2019 09:55:00 AM,2,0,0,,N,191578,11,Front to Rear,21,CLEAR,1,DAYLIGHT,12,MOTOR VEHICLE IN TRANSPORT,MM 213 4 I 40,NASHVILLE,TN,37217,8818,HERMIT,36.1399,-86.7253,POINT (-86.7253 36.1399)
20190541384,07/19/2019 07:45:00 PM,1,0,0,Y,N,298859,0,NOT COLLISION W/MOTOR VEHICLE-TRANSPORT,99,UNKNOWN,3,DARK - LIGHTED,40,MAIL BOX,DOVE CREEK RD & QUAISE MOORE,ANTIOCH,TN,37013,8925,SOUTH,36.0723,-86.5983,POINT (-86.5983 36.0723)
20190209871,03/18/2019 12:00:00 AM,3,0,0,,Y,483529,5,SIDESWIPE - SAME DIRECTION,21,CLEAR,1,DAYLIGHT,14,PARKED MOTOR VEHICLE,DEW ST & S 11TH ST,NASHVILLE,TN,37206,1025,EAST,36.1663,-86.7514,POINT (-86.7514 36.1663)
20190564690,07/29/2019 04:25:00 PM,2,0,0,,Y,330443,4,ANGLE,21,CLEAR,1,DAYLIGHT,12,MOTOR VEHICLE IN TRANSPORT,DICKERSON PKE & BELL GRIMES LN,MADISON,TN,37115,2039,MADISO,36.2686,-86.756,POINT (-86.756 36.2686)
20190531125,07/16/2019 08:25:00 AM,2,0,0,,N,226600,11,Front to Rear,22,CLOUDY,1,DAYLIGHT,12,MOTOR VEHICLE IN TRANSPORT,HILLSBORO PKE & HILLSBORO DR,NASHVILLE,TN,37215,6405,MIDTOW,36.1019,-86.8178,POINT (-86.8178 36.1019)
20190094424,02/04/2019 05:48:00 PM,2,1,0,,N,580819,11,Front to Rear,22,CLOUDY,5,DUSK,12,MOTOR VEHICLE IN TRANSPORT,ROSA L PARKS BLVD & CHURCH ST,NASHVILLE,TN,37203,4145,CENTRA,36.1617,-86.7839,POINT (-86.7839 36.1617)
20190067840,01/26/2019 05:05:00 AM,1,0,0,,N,299254,0,NOT COLLISION W/MOTOR VEHICLE-TRANSPORT,21,CLEAR,3,DARK - LIGHTED,30,UTILITY POLE,HAYWOOD LN & BAKERTOWN RD,NASHVILLE,TN,37211,8851,SOUTH,36.07,-86.6856,POINT (-86.6856 36.07)
20190157367,02/26/2019 11:34:00 PM,1,0,0,Y,Y,191786,0,NOT COLLISION W/MOTOR VEHICLE-TRANSPORT,21,CLEAR,3,DARK - LIGHTED,30;47,UTILITY POLE;FIRE HYDRANT,0 JEFFERSON ST,NASHVILLE,TN,37208,4309,NORTH,36.1747,-86.7861,POINT (-86.7861 36.1747)
20190070778,01/27/2019 03:06:00 PM,3,2,0,,N,212348,11,Front to Rear,21,CLEAR,1,DAYLIGHT,12,MOTOR VEHICLE IN TRANSPORT,MM 49 3 I 24,NASHVILLE,TN,37206,10040,EAST,36.1629,-86.7614,POINT (-86.7614 36.1629)
20190453059,06/14/2019 03:04:00 PM,2,0,0,,N,299267,11,Front to Rear,21,CLEAR,1,DAYLIGHT,12,MOTOR VEHICLE IN TRANSPORT,MM 79 5 I 65,NASHVILLE,TN,37204,70042,MIDTOW,36.106,-86.7678,POINT (-86.7678 36.106)
20190509481,07/06/2019 10:30:00 PM,2,0,0,,N,163667,5,SIDESWIPE - SAME DIRECTION,21,CLEAR,2,DARK - NOT LIGHTED,14,PARKED MOTOR VEHICLE,7TH AVS & PEABODY ST,NASHVILLE,TN,37203,4039,CENTRA,36.1543,-86.7778,POINT (-86.7778 36.1543)
20190127751,02/16/2019 11:24:00 AM,2,2,0,,N,311339,4,ANGLE,22,CLOUDY,1,DAYLIGHT,12,MOTOR VEHICLE IN TRANSPORT,3RD AVS & MOLLOY ST,NASHVILLE,TN,37201,4051,CENTRA,36.1586,-86.774,POINT (-86.774 36.1586)
20190455779,06/15/2019 07:55:00 PM,2,0,0,,N,279124,11,Front to Rear,21,CLEAR,1,DAYLIGHT,12,MOTOR VEHICLE IN TRANSPORT,RICHARDS RD & ARTELIA DR,ANTIOCH,TN,37013,8899,SOUTH,36.0443,-86.707,POINT (-86.707 36.0443)
20190072424,01/28/2019 07:01:00 AM,2,1,0,,N,109534,11,Front to Rear,21,CLEAR,1,DAYLIGHT,12,MOTOR VEHICLE IN TRANSPORT,MM 217 2 I 40,NASHVILLE,TN,37214,9404,HERMIT,36.145,-86.6468,POINT (-86.6468 36.145)
20190037286,01/15/2019 07:47:00 AM,2,0,0,,Y,109534,11,Front to Rear,22,CLOUDY,1,DAYLIGHT,12;99,MOTOR VEHICLE IN TRANSPORT;UNKNOWN MOST HARMFUL EVENT,LEBANON PKE & LEBANON PIKE CIR,NASHVILLE,TN,37210,9021,HERMIT,36.1536,-86.7179,POINT (-86.7179 36.1536)
20190441802,06/10/2019 04:53:00 PM,2,0,0,,Y,299257,4,ANGLE,21,CLEAR,1,DAYLIGHT,12,MOTOR VEHICLE IN TRANSPORT,I65 N EXT RAMP & I65 N ENT RAMP,NASHVILLE,TN,37207,1863,EAST,36.2061,-86.774,POINT (-86.774 36.2061)
20190540158,07/19/2019 02:36:00 PM,2,0,0,,Y,299266,4,ANGLE,21,CLEAR,1,DAYLIGHT,12,MOTOR VEHICLE IN TRANSPORT,SHUMATE LN & MURFREESBORO PKE,ANTIOCH,TN,37013,8891,SOUTH,36.0826,-86.6473,POINT (-86.6473 36.0826)
20190251083,04/01/2019 01:48:00 PM,2,0,0,,N,134899,5,SIDESWIPE - SAME DIRECTION,21,CLEAR,1,DAYLIGHT,12,MOTOR VEHICLE IN TRANSPORT,CENTRAL PKE & DODSON CHAPEL RD,HERMITAGE,TN,37076,9503,HERMIT,36.1721,-86.6147,POINT (-86.6147 36.1721)
20190006462,01/03/2019 11:22:00 AM,1,0,0,,N,298864,0,NOT COLLISION W/MOTOR VEHICLE-TRANSPORT,22,CLOUDY,1,DAYLIGHT,34,DITCH,RIVERGATE STATION PVTDR & GALLATIN PKEN,MADISON,TN,37115,1721,MADISO,36.2931,-86.7024,POINT (-86.7024 36.2931)
20190153055,02/25/2019 04:54:00 PM,2,0,0,,N,212322,11,Front to Rear,21,CLEAR,1,DAYLIGHT,12,MOTOR VEHICLE IN TRANSPORT,ANTIOCH PKE & REEVES RD,ANTIOCH,TN,37013,8893,SOUTH,36.0655,-86.68,POINT (-86.68 36.0655)
20190177171,03/06/2019 06:54:00 AM,2,0,0,,N,716886,11,Front to Rear,21,CLEAR,1,DAYLIGHT,12,MOTOR VEHICLE IN TRANSPORT,TPS COMPLEX PVTDR & FOSTER AV,NASHVILLE,TN,37210,8113,SOUTH,36.1307,-86.7406,POINT (-86.7406 36.1307)
20190410268,05/29/2019 01:26:00 PM,2,0,0,,N,462474,11,Front to Rear,21,CLEAR,1,DAYLIGHT,12,MOTOR VEHICLE IN TRANSPORT,OLD HICKORY BLVD & EDMONDSON PKE,NASHVILLE,TN,37220,8615,MIDTOW,36.04,-86.7435,POINT (-86.7435 36.04)
20190358065,05/10/2019 02:45:00 AM,2,0,0,,Y,330441,5,SIDESWIPE - SAME DIRECTION,21,CLEAR,3,DARK - LIGHTED,12,MOTOR VEHICLE IN TRANSPORT,MM 1 7 I 440,NASHVILLE,TN,37209,5312,NORTH,36.1536,-86.8226,POINT (-86.8226 36.1536)
20190075989,01/29/2019 08:36:00 AM,2,0,0,,N,226673,5,SIDESWIPE - SAME DIRECTION,21,CLEAR,1,DAYLIGHT,12,MOTOR VEHICLE IN TRANSPORT,UNION ST & 3RD AVN,NASHVILLE,TN,37201,4137,CENTRA,36.1656,-86.7786,POINT (-86.7786 36.1656)
20190382696,05/19/2019 11:30:00 AM,2,0,0,,N,538214,2,HEAD-ON,22,CLOUDY,1,DAYLIGHT,12,MOTOR VEHICLE IN TRANSPORT,BROADWAY & 9TH AVN,NASHVILLE,TN,37203,4083,CENTRA,36.1586,-86.7828,POINT (-86.7828 36.1586)
20190148295,02/23/2019 06:34:00 PM,2,0,0,,Y,256446,4,ANGLE,2,RAIN,3,DARK - LIGHTED,14,PARKED MOTOR VEHICLE,4000 SEVEN MILE CREEK HARDING MALL,NASHVILLE,TN,37211,8445,SOUTH,36.0817,-86.7245,POINT (-86.7245 36.0817)
20190325684,04/27/2019 10:35:00 PM,2,0,0,,Y,279216,5,SIDESWIPE - SAME DIRECTION,21,CLEAR,3,DARK - LIGHTED,12,MOTOR VEHICLE IN TRANSPORT,MM 86 6 I 65,NASHVILLE,TN,37207,3002,NORTH,36.1959,-86.7761,POINT (-86.7761 36.1959)
20190317858,04/25/2019 12:10:00 AM,3,2,0,,N,352207,11,Front to Rear,21,CLEAR,3,DARK - LIGHTED,12,MOTOR VEHICLE IN TRANSPORT,ANTIOCH PKE & HARDING PL,NASHVILLE,TN,37211,8847,SOUTH,36.0874,-86.6922,POINT (-86.6922 36.0874)
20190213116,03/19/2019 09:08:00 AM,5,1,0,,N,716886,11,Front to Rear,21,CLEAR,1,DAYLIGHT,12,MOTOR VEHICLE IN TRANSPORT,MM 56 7 I 24,NASHVILLE,TN,37211,8810,SOUTH,36.0726,-86.6916,POINT (-86.6916 36.0726)
20190289243,04/15/2019 02:53:00 PM,2,0,0,,N,594473,5,SIDESWIPE - SAME DIRECTION,21,CLEAR,1,DAYLIGHT,12,MOTOR VEHICLE IN TRANSPORT,17TH AVS & EDGEHILL AV,NASHVILLE,TN,37212,6707,MIDTOW,36.1443,-86.7943,POINT (-86.7943 36.1443)
20190517793,07/10/2019 06:07:00 PM,2,0,0,,N,267831,11,Front to Rear,22,CLOUDY,1,DAYLIGHT,12,MOTOR VEHICLE IN TRANSPORT,ALABAMA AV & 46TH AVN,NASHVILLE,TN,37209,5201,WEST,36.1533,-86.8427,POINT (-86.8427 36.1533)
20190010472,01/04/2019 09:21:00 PM,3,0,0,,Y,256383,5,SIDESWIPE - SAME DIRECTION,2,RAIN,3,DARK - LIGHTED,12,MOTOR VEHICLE IN TRANSPORT,I24 E EXT RAMP & I 24,NASHVILLE,TN,37207,30080,NORTH,36.2378,-86.7872,POINT (-86.7872 36.2378)
20190433770,06/07/2019 09:14:00 AM,4,1,0,,N,226673,11,Front to Rear,2,RAIN,1,DAYLIGHT,12,MOTOR VEHICLE IN TRANSPORT,MM 49 5 I 24,NASHVILLE,TN,37210,4008,CENTRA,36.1588,-86.7604,POINT (-86.7604 36.1588)
20190568756,07/31/2019 08:30:00 AM,2,0,0,,N,109495,11,Front to Rear,21,CLEAR,1,DAYLIGHT,12,MOTOR VEHICLE IN TRANSPORT,I440 W ENT RAMP & I 440,NASHVILLE,TN,37210,81021,SOUTH,36.1259,-86.7322,POINT (-86.7322 36.1259)
20190244433,03/29/2019 05:34:00 PM,2,0,0,,N,206675,11,Front to Rear,21,CLEAR,1,DAYLIGHT,12,MOTOR VEHICLE IN TRANSPORT,ELYSIAN FIELDS RD & NOLENSVILLE PKE,NASHVILLE,TN,37211,8415,SOUTH,36.0864,-86.7291,POINT (-86.7291 36.0864)
20190239970,03/28/2019 08:30:00 AM,2,0,0,,N,278580,4,ANGLE,21,CLEAR,1,DAYLIGHT,13,MOTOR VEHICLE IN TRANSPORT-OTHER ROADWAY,24TH AVN & DOWLAN ST,NASHVILLE,TN,37208,4489,NORTH,36.1894,-86.8154,POINT (-86.8154 36.1894)
20190459909,06/17/2019 01:49:00 PM,2,0,0,,Y,256380,4,ANGLE,21,CLEAR,1,DAYLIGHT,12,MOTOR VEHICLE IN TRANSPORT,MM 35 3 I 24,JOELTON,TN,37080,22121,NORTH,36.3231,-86.8612,POINT (-86.8612 36.3231)
20190446319,06/12/2019 08:32:00 AM,2,0,0,,N,279230,11,Front to Rear,21,CLEAR,1,DAYLIGHT,12,MOTOR VEHICLE IN TRANSPORT,I24 E ENT RAMP & I 24,NASHVILLE,TN,37213,1007,CENTRA,36.1662,-86.7659,POINT (-86.7659 36.1662)
20190125922,02/15/2019 03:44:00 PM,2,1,0,,N,320579,11,Front to Rear,2,RAIN,1,DAYLIGHT,12,MOTOR VEHICLE IN TRANSPORT,I24 W EXT RAMP & I 24,NASHVILLE,TN,37211,8829,SOUTH,36.1074,-86.7197,POINT (-86.7197 36.1074)
20190217997,03/20/2019 06:41:00 PM,2,0,0,,Y,256379,5,SIDESWIPE - SAME DIRECTION,21,CLEAR,3,DARK - LIGHTED,14,PARKED MOTOR VEHICLE,TWIN OAKS DR & TWIN OAKS PVTDR,NASHVILLE,TN,37211,8409,SOUTH,36.1039,-86.718,POINT (-86.718 36.1039)
20190044504,01/17/2019 02:50:00 PM,2,0,0,,Y,256446,5,SIDESWIPE - SAME DIRECTION,21,CLEAR,1,DAYLIGHT,12,MOTOR VEHICLE IN TRANSPORT,MM 59 2 I 24,ANTIOCH,TN,37013,87061,SOUTH,36.0467,-86.6614,POINT (-86.6614 36.0467)
20190031505,01/13/2019 12:30:00 AM,2,0,0,,N,311340,3,REAR-TO-REAR,2,RAIN,3,DARK - LIGHTED,12,MOTOR VEHICLE IN TRANSPORT,MCMILLIN ST & 16TH AVN,NASHVILLE,TN,37203,5503,MIDTOW,36.1588,-86.7953,POINT (-86.7953 36.1588)
20190072752,01/28/2019 09:15:00 AM,3,0,0,,Y,473663,5,SIDESWIPE - SAME DIRECTION,21,CLEAR,1,DAYLIGHT,12,MOTOR VEHICLE IN TRANSPORT,MM 211 4 I 40,NASHVILLE,TN,37210,8204,HERMIT,36.1517,-86.7525,POINT (-86.7525 36.1517)
20190275096,04/10/2019 07:11:00 AM,2,1,0,,N,191578,11,Front to Rear,21,CLEAR,1,DAYLIGHT,12,MOTOR VEHICLE IN TRANSPORT,ELM HILL PKE & CASA DR,NASHVILLE,TN,37214,8945,HERMIT,36.1423,-86.6447,POINT (-86.6447 36.1423)
20190408267,05/28/2019 09:00:00 PM,2,1,0,,N,352164,4,ANGLE,21,CLEAR,3,DARK - LIGHTED,12,MOTOR VEHICLE IN TRANSPORT,DONELSON PKE & KNAPP BLVD,NASHVILLE,TN,37217,8951,HERMIT,36.1129,-86.6709,POINT (-86.6709 36.1129)
20190360799,05/11/2019 01:32:00 AM,3,3,0,,Y,256377,11,Front to Rear,2,RAIN,2,DARK - NOT LIGHTED,12;36,MOTOR VEHICLE IN TRANSPORT;CONCRETE TRAFFIC BARRIER,MM 219 4 I 40,NASHVILLE,TN,37214,89043,HERMIT,36.1594,-86.6232,POINT (-86.6232 36.1594)
20190520080,07/11/2019 02:40:00 PM,2,0,0,,Y,580819,5,SIDESWIPE - SAME DIRECTION,21,CLEAR,1,DAYLIGHT,14,PARKED MOTOR VEHICLE,180 2ND AVN,NASHVILLE,TN,37201,4133,CENTRA,36.1646,-86.7769,POINT (-86.7769 36.1646)
20190020198,01/08/2019 09:22:00 PM,1,0,0,,N,161946,0,NOT COLLISION W/MOTOR VEHICLE-TRANSPORT,21,CLEAR,3,DARK - LIGHTED,1,,BRILEY PKWYE & BRILEY PKWYW,NASHVILLE,TN,37207,20120,MADISO,36.2396,-86.7751,POINT (-86.7751 36.2396)
20190462777,06/18/2019 05:16:00 PM,1,1,0,Y,N,320599,0,NOT COLLISION W/MOTOR VEHICLE-TRANSPORT,22,CLOUDY,1,DAYLIGHT,19;33,BUILDING;CURB,QUAIL RUN & QUAIL RUN CT,NASHVILLE,TN,37214,8991,HERMIT,36.1372,-86.635,POINT (-86.635 36.1372)
20190231034,03/25/2019 12:02:00 PM,1,1,0,,N,267831,0,NOT COLLISION W/MOTOR VEHICLE-TRANSPORT,22,CLOUDY,1,DAYLIGHT,34;41;42,DITCH;SHRUBBERY;TREE,RIVER ROAD PKE & RIVER ROAD PKE PVTDR,NASHVILLE,TN,37209,4705,WEST,36.2021,-86.9796,POINT (-86.9796 36.2021)
20190162176,02/28/2019 05:25:00 PM,2,0,0,,N,256383,4,ANGLE,22,CLOUDY,1,DAYLIGHT,12,MOTOR VEHICLE IN TRANSPORT,DONELSON PKE & OLD EZELL RD,NASHVILLE,TN,37217,8841,SOUTH,36.0996,-86.6768,POINT (-86.6768 36.0996)
20190351362,05/07/2019 06:10:00 PM,1,0,0,,N,256380,0,NOT COLLISION W/MOTOR VEHICLE-TRANSPORT,21,CLEAR,1,DAYLIGHT,33,CURB,GREAT CIRCLE RD & CONNECTING ROAD,NASHVILLE,TN,37228,4443,NORTH,36.2,-86.8036,POINT (-86.8036 36.2)
20190214191,03/19/2019 03:22:00 PM,2,0,0,,N,580819,11,Front to Rear,21,CLEAR,1,DAYLIGHT,12,MOTOR VEHICLE IN TRANSPORT,I24 W ENT RAMP & I 40,NASHVILLE,TN,37217,8818,HERMIT,36.1397,-86.7275,POINT (-86.7275 36.1397)
20190277112,04/10/2019 07:00:00 PM,2,0,0,,Y,110090,11,Front to Rear,21,CLEAR,3,DARK - LIGHTED,12,MOTOR VEHICLE IN TRANSPORT,FIRESTONE PKWY & OLD HICKORY BLVD,ANTIOCH,TN,37013,8869,SOUTH,36.0168,-86.6199,POINT (-86.6199 36.0168)
20190051329,01/20/2019 10:52:00 AM,1,1,0,,Y,755026,0,NOT COLLISION W/MOTOR VEHICLE-TRANSPORT,21,CLEAR,1,DAYLIGHT,21,BRIDGE PIER/ABUTMENT,OLD GLENROSE AV & DODGE DR,NASHVILLE,TN,37210,8357,SOUTH,36.1192,-86.7286,POINT (-86.7286 36.1192)
20190356128,05/09/2019 11:05:00 AM,2,1,0,,N,311325,2,HEAD-ON,2,RAIN,1,DAYLIGHT,12,MOTOR VEHICLE IN TRANSPORT,I40 W EXT RAMP & I 40,NASHVILLE,TN,37203,4119,CENTRA,36.1574,-86.79,POINT (-86.79 36.1574)
20190309351,04/22/2019 02:13:00 PM,2,0,0,,N,240960,11,Front to Rear,21,CLEAR,1,DAYLIGHT,12,MOTOR VEHICLE IN TRANSPORT,GALLATIN PKE SB EXT RAMP & GALLATIN PKE,NASHVILLE,TN,37216,1503,EAST,36.2336,-86.7243,POINT (-86.7243 36.2336)
20190066555,01/25/2019 06:18:00 PM,2,0,0,,N,725756,11,Front to Rear,21,CLEAR,2,DARK - NOT LIGHTED,12,MOTOR VEHICLE IN TRANSPORT,HIGHWAY 100 & OLD HICKORY BLVD,NASHVILLE,TN,37221,6213,WEST,36.0609,-86.9153,POINT (-86.9153 36.0609)
20190147043,02/23/2019 06:30:00 AM,2,1,0,,Y,693093,5,SIDESWIPE - SAME DIRECTION,2,RAIN,4,DAWN,12,MOTOR VEHICLE IN TRANSPORT,BRILEY PKWYE & I24 W EXT RAMP,NASHVILLE,TN,37207,2003,MADISO,36.2381,-86.783,POINT (-86.783 36.2381)