Accident Number,Date and Time,Number of Motor Vehicles,Number of Injuries,Number of Fatalities,Property Damage,Hit and Run,Reporting Officer,Collision Type Code,Collision Type Description,Weather Code,Weather Description,Illumination Code,Illumination Description,Harmful Code,Harmful Code Description,Street Address,City,State,ZIP,RPA,Precinct,Latitude,Longitude,Mapped Location
20190227342,03/23/2019 11:23:00 PM,2,0,0,,N,110094,5,SIDESWIPE - SAME DIRECTION,21,CLEAR,3,DARK - LIGHTED,12,MOTOR VEHICLE IN TRANSPORT,4TH AVN & COMMERCE ST,NASHVILLE,TN,37201,4105,CENTRA,36.1624,-86.7781,POINT (-86.7781 36.1624)
20190439308,06/09/2019 07:57:00 PM,2,0,0,,Y,256379,3,REAR-TO-REAR,2,RAIN,5,DUSK,14,PARKED MOTOR VEHICLE,MAPLE TOP DR & HICKORY GLADE DR,ANTIOCH,TN,37013,8713,SOUTH,36.0607,-86.7023,POINT (-86.7023 36.0607)
20190024558,01/10/2019 08:55:00 AM,2,0,0,,N,226622,5,SIDESWIPE - SAME DIRECTION,21,CLEAR,1,DAYLIGHT,12,MOTOR VEHICLE IN TRANSPORT,CHARLOTTE AV & 35TH AVN,NASHVILLE,TN,37209,5237,WEST,36.1528,-86.826,POINT (-86.826 36.1528)
20190171547,03/04/2019 01:39:00 PM,2,0,0,,Y,226622,11,Front to Rear,21,CLEAR,1,DAYLIGHT,12,MOTOR VEHICLE IN TRANSPORT,MM 192 9 I 40,NASHVILLE,TN,37221,4804,WEST,36.077,-87.014,POINT (-87.014 36.077)
20190509862,07/07/2019 04:33:00 AM,2,1,0,,Y,256493,5,SIDESWIPE - SAME DIRECTION,21,CLEAR,3,DARK - LIGHTED,12,MOTOR VEHICLE IN TRANSPORT,MURFREESBORO PKE & KERMIT DR,NASHVILLE,TN,37217,8811,SOUTH,36.122,-86.7051,POINT (-86.7051 36.122)
20190282192,04/12/2019 06:02:00 PM,2,0,0,,N,887598,4,ANGLE,21,CLEAR,1,DAYLIGHT,12,MOTOR VEHICLE IN TRANSPORT,STRATFORD AV & MCGAVOCK PKE,NASHVILLE,TN,37216,1411,EAST,36.1982,-86.7119,POINT (-86.7119 36.1982)
20190430909,06/06/2019 07:44:00 AM,2,0,0,,N,109527,5,SIDESWIPE - SAME DIRECTION,21,CLEAR,1,DAYLIGHT,12,MOTOR VEHICLE IN TRANSPORT,MURFREESBORO PKE & EZELL PKE,NASHVILLE,TN,37217,8949,HERMIT,36.1058,-86.6723,POINT (-86.6723 36.1058)
20190148536,02/24/2019 12:00:00 AM,1,0,0,,N,256380,0,NOT COLLISION W/MOTOR VEHICLE-TRANSPORT,2,RAIN,2,DARK - NOT LIGHTED,16,THROWN OR FALLING OBJECT,MM 42 1 I 24,WHITES CREEK,TN,37189,3226,NORTH,36.257,-86.7874,POINT (-86.7874 36.257)
20190184081,03/08/2019 11:13:00 AM,2,0,0,,Y,134899,4,ANGLE,2,RAIN,1,DAYLIGHT,12,MOTOR VEHICLE IN TRANSPORT,SPENCE LN & CORNELIA CT,NASHVILLE,TN,37217,8815,HERMIT,36.1398,-86.7227,POINT (-86.7227 36.1398)
20190381194,05/18/2019 12:00:00 AM,2,1,0,,N,256441,11,Front to Rear,21,CLEAR,1,DAYLIGHT,12,MOTOR VEHICLE IN TRANSPORT,GRANNY WHITE PKE & CARL SEYFERT MEMORIAL,NASHVILLE,TN,37220,7111,MIDTOW,36.0597,-86.815,POINT (-86.815 36.0597)
20190338398,05/02/2019 01:20:00 PM,2,0,0,,Y,151131,6,SIDESWIPE - OPPOSITE DIRECTION,21,CLEAR,1,DAYLIGHT,14;55,PARKED MOTOR VEHICLE;Motor Vehicle-In-Motion Outside Trafficw,19TH AVN & CHARLOTTE AV,NASHVILLE,TN,37203,5357,NORTH,36.1576,-86.8014,POINT (-86.8014 36.1576)
20190379421,05/17/2019 10:39:00 PM,1,1,0,,Y,197059,0,NOT COLLISION W/MOTOR VEHICLE-TRANSPORT,21,CLEAR,3,DARK - LIGHTED,8,PEDESTRIAN,WEDGEWOOD AV & 12TH AVS,NASHVILLE,TN,37203,6913,MIDTOW,36.1361,-86.7879,POINT (-86.7879 36.1361)
20190260163,04/04/2019 02:03:00 PM,2,0,0,,N,226827,11,Front to Rear,22,CLOUDY,1,DAYLIGHT,12,MOTOR VEHICLE IN TRANSPORT,OLD HICKORY BLVDW & I65 N ENT RAMP,MADISON,TN,37115,1777,MADISO,36.2643,-86.7361,POINT (-86.7361 36.2643)
20190454251,06/15/2019 01:40:00 AM,2,0,0,,N,311800,5,SIDESWIPE - SAME DIRECTION,21,CLEAR,3,DARK - LIGHTED,12,MOTOR VEHICLE IN TRANSPORT,BROADWAY & 4TH AVS,NASHVILLE,TN,37203,4091,CENTRA,36.161,-86.7772,POINT (-86.7772 36.161)
20190340306,05/03/2019 10:15:00 AM,2,0,0,,Y,226136,11,Front to Rear,2,RAIN,1,DAYLIGHT,12,MOTOR VEHICLE IN TRANSPORT,WEDGEWOOD AV & I65 N ENT RAMP,NASHVILLE,TN,37204,8027,MIDTOW,36.1343,-86.7747,POINT (-86.7747 36.1343)
20190468633,06/20/2019 03:50:00 PM,2,0,0,,N,279224,11,Front to Rear,21,CLEAR,1,DAYLIGHT,12;14,MOTOR VEHICLE IN TRANSPORT;PARKED MOTOR VEHICLE,SHELBY AV & S 8TH ST,NASHVILLE,TN,37206,1123,EAST,36.1698,-86.7565,POINT (-86.7565 36.1698)
20190450456,06/13/2019 05:19:00 PM,1,1,0,,Y,579971,0,NOT COLLISION W/MOTOR VEHICLE-TRANSPORT,21,CLEAR,1,DAYLIGHT,9,,NOLENSVILLE PKE & WALLACE RD,NASHVILLE,TN,37211,8609,MIDTOW,36.0783,-86.726,POINT (-86.726 36.0783)
20190250450,04/01/2019 09:04:00 AM,1,0,0,Y,Y,405391,0,NOT COLLISION W/MOTOR VEHICLE-TRANSPORT,21,CLEAR,1,DAYLIGHT,18,OTHER OBJECT (NOT FIXED),HIGHWAY 70S & CROSS TIMBERS DR,NASHVILLE,TN,37221,4811,WEST,36.074,-86.9352,POINT (-86.9352 36.074)
20190457661,06/16/2019 05:49:00 PM,2,1,0,Y,N,281611,4,ANGLE,21,CLEAR,1,DAYLIGHT,12,MOTOR VEHICLE IN TRANSPORT,HIGHWAY 100 & S HARPETH RD,NASHVILLE,TN,37221,4805,WEST,36.026,-87.0225,POINT (-87.0225 36.026)
20190048863,01/19/2019 05:00:00 AM,1,0,0,Y,N,206672,0,NOT COLLISION W/MOTOR VEHICLE-TRANSPORT,2,RAIN,3,DARK - LIGHTED,30;38,UTILITY POLE;FENCE,GALLATIN PKES & LAKEWOOD DR,MADISON,TN,37115,1517,MADISO,36.2434,-86.7229,POINT (-86.7229 36.2434)
20190334463,05/01/2019 08:05:00 AM,2,0,0,,N,693102,4,ANGLE,21,CLEAR,1,DAYLIGHT,12,MOTOR VEHICLE IN TRANSPORT,MURFREESBORO PKE & PINEWAY DR,NASHVILLE,TN,37217,8835,SOUTH,36.1155,-86.6951,POINT (-86.6951 36.1155)
20190385928,05/20/2019 08:10:00 PM,2,0,0,,N,206675,4,ANGLE,21,CLEAR,1,DAYLIGHT,12,MOTOR VEHICLE IN TRANSPORT,I440 E ENT RAMP & I 440,NASHVILLE,TN,37215,6419,MIDTOW,36.1216,-86.8066,POINT (-86.8066 36.1216)
20190056464,01/22/2019 11:58:00 AM,1,1,0,,Y,212369,0,NOT COLLISION W/MOTOR VEHICLE-TRANSPORT,21,CLEAR,1,DAYLIGHT,8,PEDESTRIAN,4TH AVS & CHESTNUT ST,NASHVILLE,TN,37210,8169,SOUTH,36.1449,-86.7667,POINT (-86.7667 36.1449)
20190538276,07/18/2019 09:26:00 PM,2,0,0,,N,240976,11,Front to Rear,21,CLEAR,2,DARK - NOT LIGHTED,14,PARKED MOTOR VEHICLE,MAXWELL AV & BAILEY ST,NASHVILLE,TN,37206,1937,EAST,36.1826,-86.7514,POINT (-86.7514 36.1826)
20190354243,05/08/2019 06:00:00 PM,2,1,0,,N,807326,11,Front to Rear,21,CLEAR,1,DAYLIGHT,12,MOTOR VEHICLE IN TRANSPORT,8TH AVS & BROADWAY,NASHVILLE,TN,37203,4085,CENTRA,36.1588,-86.782,POINT (-86.782 36.1588)
20190564797,07/29/2019 06:20:00 PM,2,0,0,,N,352161,5,SIDESWIPE - SAME DIRECTION,21,CLEAR,1,DAYLIGHT,12,MOTOR VEHICLE IN TRANSPORT,CHARLOTTE AV & 12TH AVN,NASHVILLE,TN,37203,4151,CENTRA,36.1621,-86.7906,POINT (-86.7906 36.1621)
20190073146,01/28/2019 12:23:00 PM,2,1,0,,N,311331,11,Front to Rear,22,CLOUDY,1,DAYLIGHT,12,MOTOR VEHICLE IN TRANSPORT,DICKERSON PKE & MAPLEWOOD TRC,NASHVILLE,TN,37216,1805,EAST,36.2333,-86.7586,POINT (-86.7586 36.2333)
20190151846,02/25/2019 08:46:00 AM,2,0,0,,N,299257,4,ANGLE,21,CLEAR,1,DAYLIGHT,12,MOTOR VEHICLE IN TRANSPORT,MM 74 8 I 65,NASHVILLE,TN,37220,7111,MIDTOW,36.0417,-86.7824,POINT (-86.7824 36.0417)
20190080840,01/30/2019 05:44:00 PM,2,0,0,,N,256389,11,Front to Rear,21,CLEAR,3,DARK - LIGHTED,12,MOTOR VEHICLE IN TRANSPORT,14TH AVN & BROADWAY,NASHVILLE,TN,37203,5701,MIDTOW,36.1557,-86.7897,POINT (-86.7897 36.1557)
20190146249,02/22/2019 10:21:00 PM,1,0,0,Y,N,299245,0,NOT COLLISION W/MOTOR VEHICLE-TRANSPORT,2,RAIN,3,DARK - LIGHTED,28;43,OVERHEAD SIGN SUPPORT;OTHER FIXED OBJECTS,WOODLAND ST & S 5TH ST,NASHVILLE,TN,37206,1109,EAST,36.1716,-86.7653,POINT (-86.7653 36.1716)
20190189376,03/10/2019 08:17:00 PM,1,0,0,,N,468097,0,NOT COLLISION W/MOTOR VEHICLE-TRANSPORT,21,CLEAR,2,DARK - NOT LIGHTED,8,PEDESTRIAN,RURAL HILL RD & TOOK DR,ANTIOCH,TN,37013,8861,SOUTH,36.0687,-86.6398,POINT (-86.6398 36.0687)
20190546938,07/22/2019 01:45:00 PM,2,0,0,,N,716886,11,Front to Rear,21,CLEAR,1,DAYLIGHT,12,MOTOR VEHICLE IN TRANSPORT,CROSSINGS BLVD & HICKORY HOLLOW PKWY,ANTIOCH,TN,37013,8863,SOUTH,36.0445,-86.651,POINT (-86.651 36.0445)
20190086793,02/01/2019 02:55:00 PM,2,0,0,,Y,151132,11,Front to Rear,21,CLEAR,1,DAYLIGHT,12,MOTOR VEHICLE IN TRANSPORT,DUE WEST AVE & GALLATIN PKES,MADISON,TN,37115,1519,MADISO,36.2481,-86.7203,POINT (-86.7203 36.2481)
20190016836,01/07/2019 12:00:00 AM,2,0,0,,N,298861,5,SIDESWIPE - SAME DIRECTION,21,CLEAR,3,DARK - LIGHTED,12,MOTOR VEHICLE IN TRANSPORT,HERMITAGE AV & FAIRFIELD AV,NASHVILLE,TN,37210,9005,HERMIT,36.1539,-86.7564,POINT (-86.7564 36.1539)
20190395532,05/23/2019 07:50:00 PM,2,0,0,,N,807326,4,ANGLE,21,CLEAR,3,DARK - LIGHTED,12,MOTOR VEHICLE IN TRANSPORT,4TH AVS & LAFAYETTE ST,NASHVILLE,TN,37203,4007,CENTRA,36.1515,-86.7711,POINT (-86.7711 36.1515)
20190483806,06/26/2019 05:39:00 PM,2,0,0,,N,256383,5,SIDESWIPE - SAME DIRECTION,22,CLOUDY,1,DAYLIGHT,12,MOTOR VEHICLE IN TRANSPORT,I24 E ENT RAMP & I 24,NASHVILLE,TN,37213,1007,CENTRA,36.1662,-86.7659,POINT (-86.7659 36.1662)
20190246718,03/30/2019 06:50:00 PM,1,0,0,,N,161939,0,NOT COLLISION W/MOTOR VEHICLE-TRANSPORT,2,RAIN,3,DARK - LIGHTED,37,Other Traffic Barrier,MM 59 4 I 24,ANTIOCH,TN,37013,8808,SOUTH,36.0454,-86.659,POINT (-86.659 36.0454)
20190272863,04/09/2019 12:55:00 PM,2,1,0,,N,267831,11,Front to Rear,21,CLEAR,1,DAYLIGHT,12,MOTOR VEHICLE IN TRANSPORT,HIGHWAY 70S & BELLEVUE CTR PVTDR,NASHVILLE,TN,37221,4811,WEST,36.0785,-86.9508,POINT (-86.9508 36.0785)
20190224142,03/22/2019 04:36:00 PM,2,1,0,,N,299266,11,Front to Rear,21,CLEAR,1,DAYLIGHT,12,MOTOR VEHICLE IN TRANSPORT,OLD HICKORY BLVD & FIRESTONE PKWY,ANTIOCH,TN,37013,8867,SOUTH,36.017,-86.6199,POINT (-86.6199 36.017)
20190350557,05/07/2019 12:50:00 PM,2,0,0,,Y,716877,6,SIDESWIPE - OPPOSITE DIRECTION,21,CLEAR,1,DAYLIGHT,12,MOTOR VEHICLE IN TRANSPORT,HAMILTON CHURCH RD & BELL RIDGE TRC,ANTIOCH,TN,37013,8865,SOUTH,36.0603,-86.6334,POINT (-86.6334 36.0603)
20190466137,06/19/2019 08:20:00 PM,2,0,0,,Y,256427,11,Front to Rear,22,CLOUDY,3,DARK - LIGHTED,12,MOTOR VEHICLE IN TRANSPORT,ELM HILL PKE & FESSLERS LN,NASHVILLE,TN,37210,8217,HERMIT,36.1447,-86.744,POINT (-86.744 36.1447)
20190543248,07/20/2019 09:34:00 PM,2,0,0,,N,298863,4,ANGLE,2,RAIN,3,DARK - LIGHTED,12,MOTOR VEHICLE IN TRANSPORT,DEMONBREUN ST & 6TH AVS,NASHVILLE,TN,37203,4061,CENTRA,36.1577,-86.779,POINT (-86.779 36.1577)
20190172317,03/04/2019 07:28:00 PM,2,1,0,Y,N,330435,4,ANGLE,21,CLEAR,3,DARK - LIGHTED,12,MOTOR VEHICLE IN TRANSPORT,MM 87 1 I 65,NASHVILLE,TN,37207,18020,EAST,36.2041,-86.7765,POINT (-86.7765 36.2041)
20190487245,06/27/2019 08:10:00 PM,3,0,0,,Y,226175,4,ANGLE,2,RAIN,2,DARK - NOT LIGHTED,14,PARKED MOTOR VEHICLE,HILLMEADE CT & HILLMEADE DR,NASHVILLE,TN,37205,4903,WEST,36.0856,-86.8985,POINT (-86.8985 36.0856)
20190313601,04/23/2019 04:20:00 PM,2,0,0,,Y,352189,5,SIDESWIPE - SAME DIRECTION,21,CLEAR,1,DAYLIGHT,12,MOTOR VEHICLE IN TRANSPORT,DICKERSON PKE & DUKE ST,NASHVILLE,TN,37207,1833,EAST,36.2072,-86.768,POINT (-86.768 36.2072)
20190486234,06/27/2019 02:45:00 PM,2,0,0,,N,256386,11,Front to Rear,21,CLEAR,1,DAYLIGHT,12,MOTOR VEHICLE IN TRANSPORT,MM 214 5 I 40,NASHVILLE,TN,37217,88022,HERMIT,36.1434,-86.7031,POINT (-86.7031 36.1434)
20190491187,06/29/2019 02:50:00 PM,2,0,0,,N,240960,4,ANGLE,21,CLEAR,1,DAYLIGHT,12,MOTOR VEHICLE IN TRANSPORT,CAHAL AV & GALLATIN AV,NASHVILLE,TN,37206,1331,EAST,36.1966,-86.7416,POINT (-86.7416 36.1966)
20190011203,01/05/2019 12:00:00 AM,1,0,0,,Y,240978,9,UNKNOWN,21,CLEAR,2,DARK - NOT LIGHTED,99,UNKNOWN MOST HARMFUL EVENT,BARNES RD & BARNES BEND DR,ANTIOCH,TN,37013,8759,SOUTH,36.0257,-86.6918,POINT (-86.6918 36.0257)
20190241210,03/28/2019 04:44:00 PM,2,1,0,,N,212338,11,Front to Rear,21,CLEAR,1,DAYLIGHT,12;6,MOTOR VEHICLE IN TRANSPORT,EDMONDSON PKE & WALLACE RD,NASHVILLE,TN,37211,8661,MIDTOW,36.0771,-86.7256,POINT (-86.7256 36.0771)
20190243641,03/29/2019 11:54:00 AM,2,1,0,,N,311804,11,Front to Rear,22,CLOUDY,1,DAYLIGHT,12,MOTOR VEHICLE IN TRANSPORT,MM 49 0 I 24,NASHVILLE,TN,37206,10040,EAST,36.1664,-86.7647,POINT (-86.7647 36.1664)
20190433671,06/07/2019 12:00:00 AM,1,0,0,Y,Y,633381,0,NOT COLLISION W/MOTOR VEHICLE-TRANSPORT,2,RAIN,1,DAYLIGHT,38,FENCE,500 BELL RD,ANTIOCH,TN,37013,8865,SOUTH,36.0718,-86.636,POINT (-86.636 36.0718)
20190524871,07/13/2019 02:59:00 PM,2,0,0,,N,299258,5,SIDESWIPE - SAME DIRECTION,21,CLEAR,1,DAYLIGHT,12,MOTOR VEHICLE IN TRANSPORT,BRILEY PKWYW & BRILEY PKWYE,NASHVILLE,TN,37218,3216,NORTH,36.2254,-86.8638,POINT (-86.8638 36.2254)
20190269366,04/08/2019 07:45:00 AM,2,0,0,,N,279230,11,Front to Rear,2,RAIN,1,DAYLIGHT,12,MOTOR VEHICLE IN TRANSPORT,HICKORY HIGHLANDS DR & BELL RD,ANTIOCH,TN,37013,8861,SOUTH,36.0607,-86.6401,POINT (-86.6401 36.0607)
20190115757,02/12/2019 11:33:00 AM,2,1,0,,N,109534,11,Front to Rear,2,RAIN,1,DAYLIGHT,12,MOTOR VEHICLE IN TRANSPORT,OLD HICKORY BLVD & ANDREW JACKSON PKWY,HERMITAGE,TN,37076,9561,HERMIT,36.1836,-86.6107,POINT (-86.6107 36.1836)
20190446218,06/12/2019 07:46:00 AM,2,0,0,,Y,109534,6,SIDESWIPE - OPPOSITE DIRECTION,21,CLEAR,1,DAYLIGHT,12,MOTOR VEHICLE IN TRANSPORT,BRILEY PKWY S EXT RAMP & BRILEY PKWYS,NASHVILLE,TN,37214,9209,HERMIT,36.1924,-86.6874,POINT (-86.6874 36.1924)
20190055096,01/21/2019 11:27:00 PM,2,1,0,,Y,834800,4,ANGLE,21,CLEAR,3,DARK - LIGHTED,12,MOTOR VEHICLE IN TRANSPORT,28TH AVN & I40 W EXT RAMP,NASHVILLE,TN,37209,4521,NORTH,36.1652,-86.8201,POINT (-86.8201 36.1652)
20190041977,01/16/2019 06:36:00 PM,2,0,0,,N,151132,11,Front to Rear,22,CLOUDY,3,DARK - LIGHTED,12,MOTOR VEHICLE IN TRANSPORT,MM 94 4 I 65,MADISON,TN,37115,17042,MADISO,36.2921,-86.7207,POINT (-86.7207 36.2921)
20190523545,07/12/2019 12:00:00 AM,1,1,0,,Y,298868,0,NOT COLLISION W/MOTOR VEHICLE-TRANSPORT,21,CLEAR,2,DARK - NOT LIGHTED,8,PEDESTRIAN,CHARLOTTE AV & 49TH AVN,NASHVILLE,TN,37209,5129,WEST,36.1521,-86.8463,POINT (-86.8463 36.1521)
20190215152,03/19/2019 11:21:00 PM,2,0,0,,Y,330414,5,SIDESWIPE - SAME DIRECTION,21,CLEAR,3,DARK - LIGHTED,12,MOTOR VEHICLE IN TRANSPORT,MM 49 2 I 24,NASHVILLE,TN,37213,1002,CENTRA,36.1637,-86.7625,POINT (-86.7625 36.1637)
20190403332,05/27/2019 01:00:00 AM,3,0,0,,Y,212335,11,Front to Rear,21,CLEAR,3,DARK - LIGHTED,14,PARKED MOTOR VEHICLE,2ND AVN & BANKERS ALY,NASHVILLE,TN,37201,4135,CENTRA,36.1656,-86.7775,POINT (-86.7775 36.1656)
20190439070,06/09/2019 04:08:00 PM,2,1,0,,N,279208,4,ANGLE,21,CLEAR,1,DAYLIGHT,12,MOTOR VEHICLE IN TRANSPORT,BROADWAY & 17TH AVS,NASHVILLE,TN,37203,5705,MIDTOW,36.1531,-86.7942,POINT (-86.7942 36.1531)
20190125528,02/15/2019 12:30:00 PM,1,0,0,Y,N,628640,0,NOT COLLISION W/MOTOR VEHICLE-TRANSPORT,22,CLOUDY,1,DAYLIGHT,18,OTHER OBJECT (NOT FIXED),GARDEN ST & JOHN ST,NASHVILLE,TN,37210,8165,SOUTH,36.1432,-86.7607,POINT (-86.7607 36.1432)
20190387843,05/21/2019 09:22:00 AM,2,0,0,,N,224824,3,REAR-TO-REAR,21,CLEAR,1,DAYLIGHT,14,PARKED MOTOR VEHICLE,STONEWATER DR & FRIARS TRL,HERMITAGE,TN,37076,9529,HERMIT,36.1654,-86.6263,POINT (-86.6263 36.1654)
20190557658,07/26/2019 12:50:00 PM,2,0,0,,N,224437,4,ANGLE,21,CLEAR,1,DAYLIGHT,12,MOTOR VEHICLE IN TRANSPORT,1100 BELL RD,ANTIOCH,TN,37013,8753,SOUTH,36.0264,-86.5883,POINT (-86.5883 36.0264)
20190049833,01/19/2019 06:00:00 PM,2,1,0,,N,299266,11,Front to Rear,2,RAIN,5,DUSK,12,MOTOR VEHICLE IN TRANSPORT,APACHE TRL & PACKARD DR,NASHVILLE,TN,37211,8709,SOUTH,36.065,-86.6858,POINT (-86.6858 36.065)
20190062360,01/24/2019 10:25:00 AM,1,2,0,,N,226306,0,NOT COLLISION W/MOTOR VEHICLE-TRANSPORT,21,CLEAR,1,DAYLIGHT,34,DITCH,BROOK HOLLOW RD & CHARLOTTE PKE,NASHVILLE,TN,37205,5013,WEST,36.1358,-86.8852,POINT (-86.8852 36.1358)
20190575435,08/02/2019 12:00:00 AM,2,0,0,,N,256441,4,ANGLE,22,CLOUDY,1,DAYLIGHT,12,MOTOR VEHICLE IN TRANSPORT,US HWY 31 & STATE HWY 254,NASHVILLE,TN,37220,7111,MIDTOW,36.0374,-86.7866,POINT (-86.7866 36.0374)
20190127595,02/16/2019 03:00:00 AM,2,0,0,,Y,473670,5,SIDESWIPE - SAME DIRECTION,21,CLEAR,4,DAWN,12;14,MOTOR VEHICLE IN TRANSPORT;PARKED MOTOR VEHICLE,S 5TH ST & SYLVAN ST,NASHVILLE,TN,37206,1009,EAST,36.1665,-86.7616,POINT (-86.7616 36.1665)
20190402118,05/26/2019 10:13:00 AM,1,0,0,,Y,279122,0,NOT COLLISION W/MOTOR VEHICLE-TRANSPORT,21,CLEAR,1,DAYLIGHT,30,UTILITY POLE,BAPTIST WORLD CENTER DR & WEAKLEY AV,NASHVILLE,TN,37207,3001,NORTH,36.1964,-86.7826,POINT (-86.7826 36.1964)
20190460605,06/17/2019 09:36:00 PM,2,0,0,,Y,352209,5,SIDESWIPE - SAME DIRECTION,2,RAIN,2,DARK - NOT LIGHTED,12,MOTOR VEHICLE IN TRANSPORT,DOUGLAS AV & GALLATIN AV,NASHVILLE,TN,37206,1325,EAST,36.1927,-86.7444,POINT (-86.7444 36.1927)
20190155795,02/26/2019 01:00:00 PM,2,0,0,,N,235761,5,SIDESWIPE - SAME DIRECTION,21,CLEAR,1,DAYLIGHT,12,MOTOR VEHICLE IN TRANSPORT,BRILEY PKWYN & BRILEY PKWYS,NASHVILLE,TN,37211,8404,SOUTH,36.1092,-86.727,POINT (-86.727 36.1092)
20190138242,02/20/2019 09:11:00 AM,2,2,0,,N,834798,11,Front to Rear,2,RAIN,1,DAYLIGHT,12,MOTOR VEHICLE IN TRANSPORT,MM 77 5 I 65,NASHVILLE,TN,37220,86042,MIDTOW,36.0775,-86.7663,POINT (-86.7663 36.0775)
20190186630,03/09/2019 01:20:00 PM,2,0,0,,N,224464,5,SIDESWIPE - SAME DIRECTION,2,RAIN,1,DAYLIGHT,12,MOTOR VEHICLE IN TRANSPORT,ROSA L PARKS BLVD & CLARKSVILLE PKE,NASHVILLE,TN,37228,4483,NORTH,36.1888,-86.822,POINT (-86.822 36.1888)
20190520752,07/11/2019 05:45:00 PM,2,0,0,,N,308295,4,ANGLE,21,CLEAR,1,DAYLIGHT,12,MOTOR VEHICLE IN TRANSPORT,SHARONDALE DR & SHARONDALE CT,NASHVILLE,TN,37215,6001,WEST,36.121,-86.8086,POINT (-86.8086 36.121)
20190466018,06/19/2019 07:45:00 PM,1,0,0,Y,N,887598,0,NOT COLLISION W/MOTOR VEHICLE-TRANSPORT,2,RAIN,2,DARK - NOT LIGHTED,24,GUARDRAIL FACE,MM 38 2 I 24,WHITES CREEK,TN,37189,2212,NORTH,36.3069,-86.8181,POINT (-86.8181 36.3069)
20190136364,02/19/2019 05:11:00 PM,2,1,0,,N,206675,11,Front to Rear,2,RAIN,1,DAYLIGHT,12,MOTOR VEHICLE IN TRANSPORT,HARDING PL & PEACH ORCHARD DR,NASHVILLE,TN,37204,7029,MIDTOW,36.0856,-86.769,POINT (-86.769 36.0856)
20190211603,03/18/2019 09:59:00 PM,2,0,0,,Y,256380,4,ANGLE,21,CLEAR,3,DARK - LIGHTED,12,MOTOR VEHICLE IN TRANSPORT,31ST AVS & 31ST AVN,NASHVILLE,TN,37212,5815,MIDTOW,36.1424,-86.8153,POINT (-86.8153 36.1424)
20190491651,06/29/2019 06:36:00 PM,2,0,0,,N,320582,11,Front to Rear,21,CLEAR,1,DAYLIGHT,12,MOTOR VEHICLE IN TRANSPORT,DICKERSON PKE & GATEWOOD AV,NASHVILLE,TN,37207,1861,EAST,36.2009,-86.7697,POINT (-86.7697 36.2009)
20190143775,02/22/2019 03:00:00 AM,1,0,0,,Y,279201,9,UNKNOWN,2,RAIN,3,DARK - LIGHTED,99,UNKNOWN MOST HARMFUL EVENT,ELM HILL PKE & APPLETON DR,NASHVILLE,TN,37210,9033,HERMIT,36.1498,-86.702,POINT (-86.702 36.1498)
20190222923,03/22/2019 08:16:00 AM,2,0,0,,N,206962,11,Front to Rear,21,CLEAR,1,DAYLIGHT,12,MOTOR VEHICLE IN TRANSPORT,MM 90 8 I 65,MADISON,TN,37115,20044,MADISO,36.2462,-86.7451,POINT (-86.7451 36.2462)
20190474147,06/22/2019 10:15:00 PM,2,0,0,,Y,240978,11,Front to Rear,21,CLEAR,3,DARK - LIGHTED,12,MOTOR VEHICLE IN TRANSPORT,CHESTER AV & GALLATIN AV,NASHVILLE,TN,37206,1363,EAST,36.195,-86.7432,POINT (-86.7432 36.195)
20190365310,05/13/2019 07:40:00 AM,2,0,0,,N,483529,5,SIDESWIPE - SAME DIRECTION,21,CLEAR,1,DAYLIGHT,12,MOTOR VEHICLE IN TRANSPORT,CAHAL AV & GALLATIN AV,NASHVILLE,TN,37206,1331,EAST,36.1966,-86.7416,POINT (-86.7416 36.1966)
20190210151,03/18/2019 11:20:00 AM,3,0,0,,N,134899,11,Front to Rear,21,CLEAR,1,DAYLIGHT,12,MOTOR VEHICLE IN TRANSPORT,CENTRAL PKE & BRANDAU RD,HERMITAGE,TN,37076,9503,HERMIT,36.2631,-86.6527,POINT (-86.6527 36.2631)
20190242875,03/29/2019 05:55:00 AM,2,1,0,,N,332215,4,ANGLE,21,CLEAR,4,DAWN,12,MOTOR VEHICLE IN TRANSPORT,ABBOTT MARTIN RD & CLEGHORN AV,NASHVILLE,TN,37215,6113,WEST,36.1065,-86.82,POINT (-86.82 36.1065)
20190076231,01/29/2019 10:23:00 AM,2,1,0,,Y,332216,4,ANGLE,21,CLEAR,1,DAYLIGHT,12,MOTOR VEHICLE IN TRANSPORT,2ND AVS & I40 W EXT RAMP,NASHVILLE,TN,37210,4003,CENTRA,36.1518,-86.7686,POINT (-86.7686 36.1518)
20190144611,02/22/2019 09:16:00 AM,2,0,0,,Y,414731,11,Front to Rear,2,RAIN,1,DAYLIGHT,12,MOTOR VEHICLE IN TRANSPORT,MM 56 4 I 24,NASHVILLE,TN,37211,8810,SOUTH,36.0776,-86.6947,POINT (-86.6947 36.0776)
20190265449,04/06/2019 02:40:00 PM,2,0,0,,N,420040,11,Front to Rear,21,CLEAR,1,DAYLIGHT,12,MOTOR VEHICLE IN TRANSPORT,EDMONDSON PKE & OLD HICKORY BLVD,NASHVILLE,TN,37211,8651,MIDTOW,36.04,-86.7435,POINT (-86.7435 36.04)
20190120150,02/13/2019 05:55:00 PM,2,0,0,,N,664196,11,Front to Rear,21,CLEAR,3,DARK - LIGHTED,12,MOTOR VEHICLE IN TRANSPORT,OLD HICKORY BLVD & I65 N EXT RAMP,BRENTWOOD,TN,37027,8623,MIDTOW,36.0399,-86.781,POINT (-86.781 36.0399)