Accident Number,Date and Time,Number of Motor Vehicles,Number of Injuries,Number of Fatalities,Property Damage,Hit and Run,Reporting Officer,Collision Type Code,Collision Type Description,Weather Code,Weather Description,Illumination Code,Illumination Description,Harmful Code,Harmful Code Description,Street Address,City,State,ZIP,RPA,Precinct,Latitude,Longitude,Mapped Location
20190142912,02/21/2019 08:10:00 PM,1,0,0,,N,151132,0,NOT COLLISION W/MOTOR VEHICLE-TRANSPORT,2,RAIN,3,DARK - LIGHTED,34;64,DITCH;Ran Off Road-Left,I24 W ENT RAMP & I 24,NASHVILLE,TN,37206,1009,EAST,36.1666,-86.7638,POINT (-86.7638 36.1666)
20190366504,05/13/2019 05:02:00 PM,2,1,0,,N,256426,4,ANGLE,21,CLEAR,1,DAYLIGHT,13,MOTOR VEHICLE IN TRANSPORT-OTHER ROADWAY,LAFAYETTE ST & 2ND AVS,NASHVILLE,TN,37210,8201,HERMIT,36.1507,-86.768,POINT (-86.768 36.1507)
20190449123,06/13/2019 08:05:00 AM,2,0,0,,N,311339,0,NOT COLLISION W/MOTOR VEHICLE-TRANSPORT,21,CLEAR,1,DAYLIGHT,60,Cargo Equip Loss/Shift,S 2ND ST & SHELBY AV,NASHVILLE,TN,37213,1007,CENTRA,36.1649,-86.7679,POINT (-86.7679 36.1649)
20190052850,01/21/2019 02:50:00 AM,1,0,0,Y,N,320598,0,NOT COLLISION W/MOTOR VEHICLE-TRANSPORT,21,CLEAR,3,DARK - LIGHTED,30,UTILITY POLE,HARDING PL & NOLENSVILLE PKE,NASHVILLE,TN,37211,8705,SOUTH,36.0797,-86.7261,POINT (-86.7261 36.0797)
20190118718,02/13/2019 07:45:00 AM,3,1,0,,N,693093,11,Front to Rear,21,CLEAR,1,DAYLIGHT,12,MOTOR VEHICLE IN TRANSPORT,I65 S EXT RAMP & I 65,MADISON,TN,37115,20044,MADISO,36.2481,-86.743,POINT (-86.743 36.2481)
20190363772,05/12/2019 02:37:00 PM,2,0,0,,N,299257,4,ANGLE,21,CLEAR,1,DAYLIGHT,12,MOTOR VEHICLE IN TRANSPORT,I440 E ENT RAMP & I 440,NASHVILLE,TN,37205,6007,WEST,36.1346,-86.8203,POINT (-86.8203 36.1346)
20190323300,04/26/2019 07:05:00 PM,2,0,0,,Y,352199,2,HEAD-ON,21,CLEAR,1,DAYLIGHT,12,MOTOR VEHICLE IN TRANSPORT,EDMONDSON PKE & SUTER DR,NASHVILLE,TN,37211,8659,MIDTOW,36.0706,-86.7343,POINT (-86.7343 36.0706)
20190497838,07/02/2019 07:48:00 AM,2,0,0,,N,716886,4,ANGLE,21,CLEAR,1,DAYLIGHT,12,MOTOR VEHICLE IN TRANSPORT,BELL RD & CANE RIDGE RD,ANTIOCH,TN,37013,8751,SOUTH,36.0447,-86.6615,POINT (-86.6615 36.0447)
20190110231,02/10/2019 11:13:00 AM,1,0,0,Y,Y,320586,0,NOT COLLISION W/MOTOR VEHICLE-TRANSPORT,2,RAIN,1,DAYLIGHT,38,FENCE,SABRE DR & MCCALL ST,NASHVILLE,TN,37211,8433,SOUTH,36.0987,-86.7327,POINT (-86.7327 36.0987)
20190168903,03/03/2019 02:58:00 PM,2,0,0,,N,299244,11,Front to Rear,2,RAIN,1,DAYLIGHT,12,MOTOR VEHICLE IN TRANSPORT,BROADWAY & 12TH AVS,NASHVILLE,TN,37203,4079,CENTRA,36.1566,-86.7875,POINT (-86.7875 36.1566)
20190230539,03/25/2019 08:20:00 AM,2,1,0,,N,330431,4,ANGLE,22,CLOUDY,1,DAYLIGHT,12,MOTOR VEHICLE IN TRANSPORT,NOLENSVILLE PKE & WOODYCREST AV,NASHVILLE,TN,37211,8041,MIDTOW,36.1312,-86.7562,POINT (-86.7562 36.1312)
20190234830,03/26/2019 02:35:00 PM,2,0,0,,N,311344,4,ANGLE,21,CLEAR,1,DAYLIGHT,12,MOTOR VEHICLE IN TRANSPORT,STATE RT 45 & LARKIN SPRINGS RD,MADISON,TN,37115,1705,MADISO,36.2635,-86.6843,POINT (-86.6843 36.2635)
20190068627,01/26/2019 03:10:00 PM,2,0,0,,N,279214,11,Front to Rear,21,CLEAR,1,DAYLIGHT,12,MOTOR VEHICLE IN TRANSPORT,MM 4 0 I 440,NASHVILLE,TN,37204,7010,MIDTOW,36.1161,-86.7901,POINT (-86.7901 36.1161)
20190289064,04/15/2019 01:50:00 PM,2,0,0,,N,676834,5,SIDESWIPE - SAME DIRECTION,21,CLEAR,1,DAYLIGHT,12,MOTOR VEHICLE IN TRANSPORT,DOMINICAN DR & ROSA L PARKS BLVD,NASHVILLE,TN,37228,4445,NORTH,36.1879,-86.7985,POINT (-86.7985 36.1879)
20190302454,04/19/2019 04:10:00 PM,2,0,0,,N,420040,4,ANGLE,2,RAIN,1,DAYLIGHT,12,MOTOR VEHICLE IN TRANSPORT,SIDCO DR & HARDING PL,NASHVILLE,TN,37204,8531,MIDTOW,36.0834,-86.7616,POINT (-86.7616 36.0834)
20190346594,05/06/2019 07:30:00 AM,2,0,0,,N,352204,11,Front to Rear,21,CLEAR,1,DAYLIGHT,12,MOTOR VEHICLE IN TRANSPORT,OLD HICKORY BLVD & EDMONDSON PKE,NASHVILLE,TN,37220,8615,MIDTOW,36.04,-86.7435,POINT (-86.7435 36.04)
20190449719,06/13/2019 12:55:00 PM,1,0,0,,N,591934,0,NOT COLLISION W/MOTOR VEHICLE-TRANSPORT,21,CLEAR,1,DAYLIGHT,18,OTHER OBJECT (NOT FIXED),MM 80 4 I 65,NASHVILLE,TN,37204,69021,MIDTOW,36.1187,-86.7737,POINT (-86.7737 36.1187)
20190136030,02/19/2019 01:59:00 PM,2,0,0,,N,197047,4,ANGLE,2,RAIN,1,DAYLIGHT,12,MOTOR VEHICLE IN TRANSPORT,SHELBY AV & S 14TH ST,NASHVILLE,TN,37206,1035,EAST,36.1708,-86.7468,POINT (-86.7468 36.1708)
20190463058,06/18/2019 06:14:00 PM,2,0,0,,Y,206682,4,ANGLE,21,CLEAR,1,DAYLIGHT,12,MOTOR VEHICLE IN TRANSPORT,KINSEY BLVD & HOSPITAL DR,MADISON,TN,37115,1613,MADISO,36.253,-86.6903,POINT (-86.6903 36.253)
20190418299,06/01/2019 09:00:00 AM,1,0,0,,N,320586,0,NOT COLLISION W/MOTOR VEHICLE-TRANSPORT,21,CLEAR,1,DAYLIGHT,4,,MM 52 5 I 24,NASHVILLE,TN,37217,8816,SOUTH,36.1256,-86.7279,POINT (-86.7279 36.1256)
20190180823,03/07/2019 09:35:00 AM,2,0,0,,N,462501,6,SIDESWIPE - OPPOSITE DIRECTION,22,CLOUDY,1,DAYLIGHT,12,MOTOR VEHICLE IN TRANSPORT,12TH AVS & PINE ST,NASHVILLE,TN,37203,4015,CENTRA,36.1526,-86.7849,POINT (-86.7849 36.1526)
20190351779,05/07/2019 10:20:00 PM,2,1,0,,N,579971,4,ANGLE,21,CLEAR,3,DARK - LIGHTED,12,MOTOR VEHICLE IN TRANSPORT,EZELL PKE & ANTIOCH PKE,NASHVILLE,TN,37211,8847,SOUTH,36.0711,-86.6843,POINT (-86.6843 36.0711)
20190415927,05/31/2019 07:54:00 AM,2,1,0,,N,571313,11,Front to Rear,21,CLEAR,1,DAYLIGHT,12,MOTOR VEHICLE IN TRANSPORT,MURFREESBORO PKE & MCGAVOCK PKE,NASHVILLE,TN,37217,8841,SOUTH,36.1129,-86.689,POINT (-86.689 36.1129)
20190082556,01/31/2019 06:45:00 AM,2,0,0,,N,716886,5,SIDESWIPE - SAME DIRECTION,21,CLEAR,1,DAYLIGHT,12,MOTOR VEHICLE IN TRANSPORT,MM 6 7 I 440,NASHVILLE,TN,37210,81040,SOUTH,36.1244,-86.7414,POINT (-86.7414 36.1244)
20190072397,01/28/2019 06:44:00 AM,2,2,0,,N,716886,4,ANGLE,21,CLEAR,1,DAYLIGHT,12,MOTOR VEHICLE IN TRANSPORT,MURFREESBORO PKE & OLD HICKORY BLVD,ANTIOCH,TN,37013,8867,SOUTH,36.0413,-86.6051,POINT (-86.6051 36.0413)
20190464529,06/19/2019 08:25:00 AM,2,0,0,,N,166478,11,Front to Rear,22,CLOUDY,1,DAYLIGHT,12,MOTOR VEHICLE IN TRANSPORT,ROSA L PARKS BLVD & JEFFERSON ST,NASHVILLE,TN,37208,4237,CENTRA,36.1733,-86.7914,POINT (-86.7914 36.1733)
20190210990,03/18/2019 05:00:00 PM,2,0,0,,N,161939,4,ANGLE,21,CLEAR,1,DAYLIGHT,12,MOTOR VEHICLE IN TRANSPORT,MURFREESBORO PKE & FOREST VIEW DR,ANTIOCH,TN,37013,8865,SOUTH,36.0674,-86.6313,POINT (-86.6313 36.0674)
20190103087,02/07/2019 11:20:00 AM,1,0,0,,N,375570,0,NOT COLLISION W/MOTOR VEHICLE-TRANSPORT,22,CLOUDY,1,DAYLIGHT,28,OVERHEAD SIGN SUPPORT,DUE WEST AVE & GALLATIN PKES,MADISON,TN,37115,1519,MADISO,36.2481,-86.7203,POINT (-86.7203 36.2481)
20190313274,04/23/2019 02:35:00 PM,2,0,0,,N,197068,11,Front to Rear,21,CLEAR,1,DAYLIGHT,12,MOTOR VEHICLE IN TRANSPORT,MM 47 5 I 24,NASHVILLE,TN,37207,19021,EAST,36.1817,-86.7747,POINT (-86.7747 36.1817)
20190182038,03/07/2019 06:23:00 PM,2,1,0,,Y,256379,11,Front to Rear,21,CLEAR,3,DARK - LIGHTED,12,MOTOR VEHICLE IN TRANSPORT,MM 53 2 I 24,NASHVILLE,TN,37210,83020,SOUTH,36.116,-86.7253,POINT (-86.7253 36.116)
20190405089,05/27/2019 06:13:00 PM,2,2,0,,N,109536,2,HEAD-ON,21,CLEAR,1,DAYLIGHT,12,MOTOR VEHICLE IN TRANSPORT,BELLSHIRE DR & BRICK CHURCH PKE,NASHVILLE,TN,37207,2049,MADISO,36.2626,-86.7759,POINT (-86.7759 36.2626)
20190237479,03/27/2019 12:21:00 PM,1,0,0,Y,N,140790,0,NOT COLLISION W/MOTOR VEHICLE-TRANSPORT,21,CLEAR,1,DAYLIGHT,24,GUARDRAIL FACE,LEBANON PKE & SPENCE LN,NASHVILLE,TN,37210,9019,HERMIT,36.1537,-86.7214,POINT (-86.7214 36.1537)
20190203229,03/15/2019 01:04:00 PM,1,0,0,,N,226136,0,NOT COLLISION W/MOTOR VEHICLE-TRANSPORT,22,CLOUDY,1,DAYLIGHT,18,OTHER OBJECT (NOT FIXED),MM 78 3 I 65,NASHVILLE,TN,37204,8502,MIDTOW,36.0895,-86.7626,POINT (-86.7626 36.0895)
20190377873,05/17/2019 10:26:00 AM,2,0,0,,N,137872,4,ANGLE,21,CLEAR,1,DAYLIGHT,12,MOTOR VEHICLE IN TRANSPORT,MURFREESBORO PKE & BELL RD,ANTIOCH,TN,37013,8865,SOUTH,36.072,-86.636,POINT (-86.636 36.072)
20190274409,04/10/2019 01:06:00 AM,2,3,0,,N,109542,4,ANGLE,21,CLEAR,3,DARK - LIGHTED,12,MOTOR VEHICLE IN TRANSPORT,4TH AVN & COMMERCE ST,NASHVILLE,TN,37201,4105,CENTRA,36.1624,-86.7781,POINT (-86.7781 36.1624)
20190292286,04/16/2019 01:23:00 PM,3,0,0,,N,405447,4,ANGLE,21,CLEAR,1,DAYLIGHT,12,MOTOR VEHICLE IN TRANSPORT,HARDING PL & SIDCO DR,NASHVILLE,TN,37220,8601,MIDTOW,36.0819,-86.7612,POINT (-86.7612 36.0819)
20190103896,02/07/2019 07:01:00 PM,1,1,0,,Y,151132,0,NOT COLLISION W/MOTOR VEHICLE-TRANSPORT,2,RAIN,2,DARK - NOT LIGHTED,8,PEDESTRIAN,EWING DR & EWING LN,NASHVILLE,TN,37207,2001,MADISO,36.2311,-86.777,POINT (-86.777 36.2311)
20190135089,02/19/2019 08:48:00 AM,2,0,0,,N,414668,5,SIDESWIPE - SAME DIRECTION,22,CLOUDY,1,DAYLIGHT,12,MOTOR VEHICLE IN TRANSPORT,MM 88 1 I 65,NASHVILLE,TN,37207,18041,EAST,36.2169,-86.775,POINT (-86.775 36.2169)
20190299897,04/18/2019 06:44:00 PM,2,2,0,,N,320585,2,HEAD-ON,21,CLEAR,1,DAYLIGHT,12,MOTOR VEHICLE IN TRANSPORT,CENTRAL PKE & LEBANON PKE,HERMITAGE,TN,37076,9505,HERMIT,36.1776,-86.6167,POINT (-86.6167 36.1776)
20190014349,01/06/2019 05:41:00 PM,2,0,0,,N,256499,4,ANGLE,21,CLEAR,3,DARK - LIGHTED,12,MOTOR VEHICLE IN TRANSPORT,DIVISION ST & DEMONBREUN ST,NASHVILLE,TN,37203,5701,MIDTOW,36.1522,-86.7914,POINT (-86.7914 36.1522)
20190254676,04/02/2019 06:24:00 PM,2,0,0,,N,191782,4,ANGLE,21,CLEAR,1,DAYLIGHT,12,MOTOR VEHICLE IN TRANSPORT,STONE BROOK DR & OLD HICKORY BLVD,BRENTWOOD,TN,37027,8623,MIDTOW,36.0409,-86.7794,POINT (-86.7794 36.0409)
20190470816,06/21/2019 09:36:00 AM,2,0,0,,Y,716886,5,SIDESWIPE - SAME DIRECTION,21,CLEAR,1,DAYLIGHT,12,MOTOR VEHICLE IN TRANSPORT,RURAL HILL RD & TOOK DR,ANTIOCH,TN,37013,8861,SOUTH,36.0687,-86.6398,POINT (-86.6398 36.0687)
20190124885,02/15/2019 07:37:00 AM,2,0,0,,N,109534,11,Front to Rear,22,CLOUDY,1,DAYLIGHT,12,MOTOR VEHICLE IN TRANSPORT,BURNING TREE DR & CENTRAL PKE,HERMITAGE,TN,37076,9557,HERMIT,36.173,-86.6009,POINT (-86.6009 36.173)
20190216370,03/20/2019 07:54:00 AM,2,0,0,,N,474557,4,ANGLE,21,CLEAR,1,DAYLIGHT,12,MOTOR VEHICLE IN TRANSPORT,WALLACE RD & BROOKRIDGE TRL,NASHVILLE,TN,37211,8701,SOUTH,36.0791,-86.7208,POINT (-86.7208 36.0791)
20190194024,03/12/2019 11:55:00 AM,1,0,0,,N,716886,0,NOT COLLISION W/MOTOR VEHICLE-TRANSPORT,21,CLEAR,1,DAYLIGHT,18,OTHER OBJECT (NOT FIXED),MM 56 0 I 24,NASHVILLE,TN,37211,8708,SOUTH,36.0818,-86.6975,POINT (-86.6975 36.0818)
20190206020,03/16/2019 04:16:00 PM,1,1,0,,N,330435,0,NOT COLLISION W/MOTOR VEHICLE-TRANSPORT,21,CLEAR,1,DAYLIGHT,1;64,Ran Off Road-Left,ELLINGTON PKWYN & BROADMOOR DR,NASHVILLE,TN,37216,1882,EAST,36.2313,-86.7474,POINT (-86.7474 36.2313)
20190121999,02/14/2019 09:18:00 AM,2,2,0,,N,483529,11,Front to Rear,22,CLOUDY,1,DAYLIGHT,12,MOTOR VEHICLE IN TRANSPORT,GALLATIN PKE & ARDEE AV,NASHVILLE,TN,37216,1425,EAST,36.2196,-86.7274,POINT (-86.7274 36.2196)
20190520320,07/11/2019 04:58:00 PM,1,1,0,,N,256448,0,NOT COLLISION W/MOTOR VEHICLE-TRANSPORT,21,CLEAR,1,DAYLIGHT,72,EMBANKMENT ROCK/STONE/CONCRETE,MM 218 0 I 40,NASHVILLE,TN,37217,89020,HERMIT,36.1413,-86.667,POINT (-86.667 36.1413)
20190175087,03/05/2019 03:36:00 PM,5,0,0,,N,256389,11,Front to Rear,21,CLEAR,1,DAYLIGHT,12,MOTOR VEHICLE IN TRANSPORT,MM 3 6 I 440,NASHVILLE,TN,37212,6502,MIDTOW,36.1161,-86.7967,POINT (-86.7967 36.1161)
20190384927,05/20/2019 11:50:00 AM,2,0,0,,N,212325,6,SIDESWIPE - OPPOSITE DIRECTION,21,CLEAR,1,DAYLIGHT,14,PARKED MOTOR VEHICLE,CUMBERLAND STATION BLVD & GRANTS PASS,MADISON,TN,37115,1617,MADISO,36.2417,-86.6655,POINT (-86.6655 36.2417)
20190557567,07/26/2019 11:49:00 AM,2,0,0,,Y,580819,11,Front to Rear,22,CLOUDY,1,DAYLIGHT,12,MOTOR VEHICLE IN TRANSPORT,CHURCH ST & POLK AV,NASHVILLE,TN,37203,4123,CENTRA,36.1618,-86.7834,POINT (-86.7834 36.1618)
20190330364,04/29/2019 03:00:00 PM,2,0,0,,Y,879558,4,ANGLE,21,CLEAR,1,DAYLIGHT,12;14,MOTOR VEHICLE IN TRANSPORT;PARKED MOTOR VEHICLE,LAURINDA DR & KAREN DR,NASHVILLE,TN,37217,8887,HERMIT,36.1398,-86.7019,POINT (-86.7019 36.1398)
20190246452,03/30/2019 03:20:00 PM,2,0,0,,Y,311798,5,SIDESWIPE - SAME DIRECTION,21,CLEAR,1,DAYLIGHT,12,MOTOR VEHICLE IN TRANSPORT,CLINTON ST & 12TH AVN,NASHVILLE,TN,37203,5423,NORTH,36.1645,-86.7957,POINT (-86.7957 36.1645)
20190026956,01/11/2019 06:15:00 AM,2,0,0,,N,414668,11,Front to Rear,21,CLEAR,3,DARK - LIGHTED,12,MOTOR VEHICLE IN TRANSPORT,MM 87 0 I 65,NASHVILLE,TN,37207,18020,EAST,36.2018,-86.7766,POINT (-86.7766 36.2018)
20190245897,03/30/2019 09:18:00 AM,2,1,0,,N,473670,11,Front to Rear,21,CLEAR,1,DAYLIGHT,12,MOTOR VEHICLE IN TRANSPORT,S 5TH ST & SPRING ST,NASHVILLE,TN,37206,1109,EAST,36.1726,-86.7652,POINT (-86.7652 36.1726)
20190526461,07/14/2019 09:30:00 AM,2,0,0,,N,332253,11,Front to Rear,22,CLOUDY,1,DAYLIGHT,12,MOTOR VEHICLE IN TRANSPORT,SKYLINE MEMORIAL CT & DICKERSON PKE,MADISON,TN,37115,2009,MADISO,36.2439,-86.7566,POINT (-86.7566 36.2439)
20190205627,03/16/2019 11:45:00 AM,2,0,0,,N,330411,5,SIDESWIPE - SAME DIRECTION,21,CLEAR,1,DAYLIGHT,12,MOTOR VEHICLE IN TRANSPORT,DIVISION ST & 16TH AVS,NASHVILLE,TN,37203,5703,MIDTOW,36.1522,-86.7919,POINT (-86.7919 36.1522)
20190553161,07/24/2019 12:00:00 AM,2,0,0,,Y,256379,5,SIDESWIPE - SAME DIRECTION,21,CLEAR,1,DAYLIGHT,12,MOTOR VEHICLE IN TRANSPORT,NEESE DR & SOUTHLAKE DR,NASHVILLE,TN,37211,8401,SOUTH,36.107,-86.7287,POINT (-86.7287 36.107)
20190447031,06/12/2019 02:22:00 PM,3,1,0,,N,267831,11,Front to Rear,21,CLEAR,1,DAYLIGHT,12,MOTOR VEHICLE IN TRANSPORT,HARDING PKE & ROYAL OAKS CONDOS PVTDR,NASHVILLE,TN,37205,6101,WEST,36.1235,-86.8497,POINT (-86.8497 36.1235)
20190013860,01/06/2019 11:55:00 AM,1,0,0,,N,311331,0,NOT COLLISION W/MOTOR VEHICLE-TRANSPORT,21,CLEAR,1,DAYLIGHT,30,UTILITY POLE,GALLATIN PKE & RIVERWOOD DR,NASHVILLE,TN,37216,1501,EAST,36.2242,-86.7256,POINT (-86.7256 36.2242)
20190146811,02/23/2019 03:45:00 AM,1,0,0,,N,256376,0,NOT COLLISION W/MOTOR VEHICLE-TRANSPORT,2,RAIN,3,DARK - LIGHTED,24,GUARDRAIL FACE,MM 85 6 I 65,NASHVILLE,TN,37208,43042,NORTH,36.1872,-86.7951,POINT (-86.7951 36.1872)
20190480796,06/25/2019 05:40:00 PM,2,0,0,,N,197435,11,Front to Rear,21,CLEAR,1,DAYLIGHT,14,PARKED MOTOR VEHICLE,OAKWOOD AV & BULLOCK AV,NASHVILLE,TN,37207,3053,EAST,36.2153,-86.7532,POINT (-86.7532 36.2153)
20190001736,01/01/2019 07:30:00 PM,2,0,0,,N,279112,11,Front to Rear,21,CLEAR,3,DARK - LIGHTED,12,MOTOR VEHICLE IN TRANSPORT,WHITE BRIDGE PKE & CHARLOTTE PKE,NASHVILLE,TN,37209,5033,WEST,36.1494,-86.8579,POINT (-86.8579 36.1494)
20190030807,01/12/2019 05:55:00 PM,2,0,0,,N,330419,5,SIDESWIPE - SAME DIRECTION,2,RAIN,3,DARK - LIGHTED,12,MOTOR VEHICLE IN TRANSPORT,MM 195 8 I 40,NASHVILLE,TN,37221,4704,WEST,36.0771,-86.9653,POINT (-86.9653 36.0771)
20190096534,02/05/2019 10:32:00 AM,2,0,0,,N,474557,4,ANGLE,22,CLOUDY,1,DAYLIGHT,12,MOTOR VEHICLE IN TRANSPORT,MM 55 1 I 24,NASHVILLE,TN,37211,8602,SOUTH,36.0928,-86.7055,POINT (-86.7055 36.0928)
20190120168,02/13/2019 06:36:00 PM,2,1,0,,N,330445,5,SIDESWIPE - SAME DIRECTION,21,CLEAR,3,DARK - LIGHTED,12,MOTOR VEHICLE IN TRANSPORT,4TH AVS & LAFAYETTE ST,NASHVILLE,TN,37203,4007,CENTRA,36.1515,-86.7711,POINT (-86.7711 36.1515)
20190361771,05/11/2019 02:10:00 PM,2,0,0,,N,330444,2,HEAD-ON,22,CLOUDY,1,DAYLIGHT,12,MOTOR VEHICLE IN TRANSPORT,NOLENSVILLE PKE & TUSCULUM RD,NASHVILLE,TN,37211,8715,SOUTH,36.0587,-86.7162,POINT (-86.7162 36.0587)
20190368148,05/14/2019 07:31:00 AM,2,0,0,,N,320574,11,Front to Rear,21,CLEAR,1,DAYLIGHT,12,MOTOR VEHICLE IN TRANSPORT,BRILEY PKWY N EXT RAMP & ELM HILL PKE,NASHVILLE,TN,37214,9107,HERMIT,36.1523,-86.6905,POINT (-86.6905 36.1523)
20190561579,07/28/2019 07:10:00 AM,2,0,0,,N,799013,5,SIDESWIPE - SAME DIRECTION,21,CLEAR,1,DAYLIGHT,12;36,MOTOR VEHICLE IN TRANSPORT;CONCRETE TRAFFIC BARRIER,BRILEY PKWYN & MUSIC VALLEY DR,NASHVILLE,TN,37214,92860,HERMIT,36.2225,-86.6937,POINT (-86.6937 36.2225)
20190408101,05/28/2019 07:41:00 PM,2,0,0,,Y,352183,11,Front to Rear,21,CLEAR,1,DAYLIGHT,12,MOTOR VEHICLE IN TRANSPORT,CHARLOTTE PKE & OLD HICKORY BLVD,NASHVILLE,TN,37209,4701,WEST,36.1177,-86.9218,POINT (-86.9218 36.1177)
20190355047,05/09/2019 12:00:00 AM,2,0,0,,Y,352212,9,UNKNOWN,21,CLEAR,2,DARK - NOT LIGHTED,14,PARKED MOTOR VEHICLE,ROSE ST & EVELYN DR,NASHVILLE,TN,37210,8351,SOUTH,36.123,-86.7394,POINT (-86.7394 36.123)
20190492082,06/29/2019 10:10:00 PM,2,0,0,,N,311800,11,Front to Rear,21,CLEAR,2,DARK - NOT LIGHTED,12,MOTOR VEHICLE IN TRANSPORT,I24 W EXT RAMP & I24 W EXT RAMP,NASHVILLE,TN,37210,81020,SOUTH,36.1311,-86.727,POINT (-86.727 36.1311)
20190457176,06/16/2019 12:57:00 PM,2,0,0,,N,311804,4,ANGLE,21,CLEAR,1,DAYLIGHT,12,MOTOR VEHICLE IN TRANSPORT,3RD AVN & BUCHANAN ST,NASHVILLE,TN,37208,4353,NORTH,36.1853,-86.7915,POINT (-86.7915 36.1853)
20190314827,04/24/2019 12:30:00 AM,3,0,0,,N,156308,11,Front to Rear,21,CLEAR,3,DARK - LIGHTED,14,PARKED MOTOR VEHICLE,FERN AV & WEAKLEY AV,NASHVILLE,TN,37207,3001,NORTH,36.1969,-86.7813,POINT (-86.7813 36.1969)
20190345350,05/05/2019 06:20:00 PM,1,2,0,,N,320585,0,NOT COLLISION W/MOTOR VEHICLE-TRANSPORT,21,CLEAR,1,DAYLIGHT,36,CONCRETE TRAFFIC BARRIER,I24 W ENT RAMP & I 40,NASHVILLE,TN,37217,8818,HERMIT,36.1397,-86.7275,POINT (-86.7275 36.1397)
20190226385,03/23/2019 03:21:00 PM,2,0,0,,N,320579,4,ANGLE,21,CLEAR,1,DAYLIGHT,12,MOTOR VEHICLE IN TRANSPORT,MM 49 2 I 24,NASHVILLE,TN,37213,1002,CENTRA,36.1637,-86.7625,POINT (-86.7625 36.1637)
20190087578,02/01/2019 06:45:00 PM,3,1,0,,N,161939,11,Front to Rear,21,CLEAR,3,DARK - LIGHTED,12,MOTOR VEHICLE IN TRANSPORT,MURFREESBORO PKE & OLD HICKORY BLVD,ANTIOCH,TN,37013,8867,SOUTH,36.0413,-86.6051,POINT (-86.6051 36.0413)
20190485499,06/27/2019 08:40:00 AM,2,0,0,,N,352156,11,Front to Rear,21,CLEAR,1,DAYLIGHT,12,MOTOR VEHICLE IN TRANSPORT,OLD HICKORY BLVD & HEALTH PARK DR,BRENTWOOD,TN,37027,8623,MIDTOW,36.0408,-86.7735,POINT (-86.7735 36.0408)
20190130908,02/17/2019 11:39:00 PM,3,2,0,,Y,311326,98,OTHER,21,CLEAR,3,DARK - LIGHTED,12,MOTOR VEHICLE IN TRANSPORT,ROSA L PARKS BLVD & I65 N EXT RAMP,NASHVILLE,TN,37208,4353,NORTH,36.1825,-86.7977,POINT (-86.7977 36.1825)
20190030483,01/12/2019 02:30:00 PM,4,1,0,,N,320601,4,ANGLE,2,RAIN,5,DUSK,12;14;55,MOTOR VEHICLE IN TRANSPORT;PARKED MOTOR VEHICLE;Motor Vehicle-In-Motion Outside Trafficw,NOLENSVILLE PKE & LUTIE ST,NASHVILLE,TN,37210,8319,SOUTH,36.1178,-86.7487,POINT (-86.7487 36.1178)
20190434297,06/06/2019 12:00:00 AM,2,0,0,,Y,352161,5,SIDESWIPE - SAME DIRECTION,99,UNKNOWN,1,DAYLIGHT,12,MOTOR VEHICLE IN TRANSPORT,DRUID DR & ROLYNN DR,NASHVILLE,TN,37210,8333,SOUTH,36.1133,-86.7341,POINT (-86.7341 36.1133)
20190035470,01/14/2019 04:26:00 PM,2,0,0,,N,267831,5,SIDESWIPE - SAME DIRECTION,22,CLOUDY,1,DAYLIGHT,12,MOTOR VEHICLE IN TRANSPORT,CHARLOTTE PKE & WHITE BRIDGE PKE,NASHVILLE,TN,37209,5033,WEST,36.15,-86.8584,POINT (-86.8584 36.15)
20190398461,05/24/2019 07:47:00 PM,1,1,0,,N,887592,0,NOT COLLISION W/MOTOR VEHICLE-TRANSPORT,21,CLEAR,5,DUSK,42;64;67;7;71,TREE;Ran Off Road-Left;Vehicle Airborne;EMBANKMENT EARTH,EATONS CREEK RD & RAMBLING BROOK RD,NASHVILLE,TN,37218,3247,NORTH,36.2233,-86.8659,POINT (-86.8659 36.2233)
20190514649,07/09/2019 02:55:00 PM,2,0,0,,N,240979,4,ANGLE,21,CLEAR,1,DAYLIGHT,12,MOTOR VEHICLE IN TRANSPORT,GALLATIN PKES & MAPLE ST,MADISON,TN,37115,1607,MADISO,36.2617,-86.7124,POINT (-86.7124 36.2617)
20190151719,02/25/2019 07:35:00 AM,2,1,0,,N,235761,11,Front to Rear,21,CLEAR,1,DAYLIGHT,12,MOTOR VEHICLE IN TRANSPORT,MM 2 7 I 440,NASHVILLE,TN,37215,6008,WEST,36.1231,-86.807,POINT (-86.807 36.1231)
20190357666,05/09/2019 11:55:00 PM,1,0,0,Y,Y,169414,0,NOT COLLISION W/MOTOR VEHICLE-TRANSPORT,21,CLEAR,3,DARK - LIGHTED,30;34,UTILITY POLE;DITCH,BELL HOLLOW APTS PVTDR & CANE RIDGE RD,ANTIOCH,TN,37013,8751,SOUTH,36.0417,-86.6608,POINT (-86.6608 36.0417)
20190116578,02/12/2019 04:38:00 PM,2,0,0,,N,876597,11,Front to Rear,21,CLEAR,1,DAYLIGHT,12,MOTOR VEHICLE IN TRANSPORT,BELL RD & CANE RIDGE RD,ANTIOCH,TN,37013,8753,SOUTH,36.0449,-86.6631,POINT (-86.6631 36.0449)