Accident Number,Date and Time,Number of Motor Vehicles,Number of Injuries,Number of Fatalities,Property Damage,Hit and Run,Reporting Officer,Collision Type Code,Collision Type Description,Weather Code,Weather Description,Illumination Code,Illumination Description,Harmful Code,Harmful Code Description,Street Address,City,State,ZIP,RPA,Precinct,Latitude,Longitude,Mapped Location
20190006922,01/03/2019 02:54:00 PM,2,1,0,,N,256383,11,Front to Rear,22,CLOUDY,1,DAYLIGHT,14,PARKED MOTOR VEHICLE,NOLENSVILLE PKE & MILL CREEK WHITTLEMORE,ANTIOCH,TN,37013,8757,SOUTH,36.0431,-86.713,POINT (-86.713 36.0431)
20190389660,05/22/2019 01:30:00 AM,2,1,0,,Y,256495,4,ANGLE,21,CLEAR,2,DARK - NOT LIGHTED,12,MOTOR VEHICLE IN TRANSPORT,28TH AVN & I40 W EXT RAMP,NASHVILLE,TN,37209,4521,NORTH,36.1652,-86.8201,POINT (-86.8201 36.1652)
20190325738,04/27/2019 11:45:00 PM,2,0,0,,N,299269,4,ANGLE,21,CLEAR,3,DARK - LIGHTED,12,MOTOR VEHICLE IN TRANSPORT,CHARLOTTE AV & DR D B TODD JR BLVD,NASHVILLE,TN,37203,5505,MIDTOW,36.1581,-86.8,POINT (-86.8 36.1581)
20190536842,07/18/2019 09:52:00 AM,2,0,0,,N,299243,4,ANGLE,22,CLOUDY,1,DAYLIGHT,12,MOTOR VEHICLE IN TRANSPORT,8TH AVS & 8TH AVS,NASHVILLE,TN,37203,4041,CENTRA,36.1545,-86.7796,POINT (-86.7796 36.1545)
20190027035,01/11/2019 07:05:00 AM,2,0,0,,N,420035,4,ANGLE,21,CLEAR,1,DAYLIGHT,12,MOTOR VEHICLE IN TRANSPORT,GALLATIN PKES & E PALESTINE AV,MADISON,TN,37115,1507,MADISO,36.2491,-86.7196,POINT (-86.7196 36.2491)
20190009736,01/04/2019 02:42:00 PM,2,0,0,,N,267831,11,Front to Rear,2,RAIN,1,DAYLIGHT,12,MOTOR VEHICLE IN TRANSPORT,BOWLING AV & CHALMETTE CT,NASHVILLE,TN,37215,6001,WEST,36.1213,-86.8267,POINT (-86.8267 36.1213)
20190289525,04/15/2019 04:17:00 PM,2,0,0,,N,197070,11,Front to Rear,21,CLEAR,1,DAYLIGHT,12,MOTOR VEHICLE IN TRANSPORT,MM 207 7 I 40,NASHVILLE,TN,37208,54021,NORTH,36.1729,-86.8012,POINT (-86.8012 36.1729)
20190488726,06/28/2019 12:12:00 PM,4,1,0,,N,419952,11,Front to Rear,21,CLEAR,1,DAYLIGHT,12,MOTOR VEHICLE IN TRANSPORT,HIGHWAY 100 & CHAFFIN DR,NASHVILLE,TN,37221,4807,WEST,36.0422,-86.9605,POINT (-86.9605 36.0422)
20190146833,02/23/2019 03:57:00 AM,2,2,0,,N,110094,4,ANGLE,2,RAIN,3,DARK - LIGHTED,12,MOTOR VEHICLE IN TRANSPORT,7TH AVN & COMMERCE ST,NASHVILLE,TN,37203,4109,CENTRA,36.1607,-86.7817,POINT (-86.7817 36.1607)
20190381469,05/18/2019 10:00:00 PM,2,1,0,,N,298867,5,SIDESWIPE - SAME DIRECTION,21,CLEAR,3,DARK - LIGHTED,12,MOTOR VEHICLE IN TRANSPORT,ELLINGTON PKWYN & BRILEY PKWY E EXT RAMP,NASHVILLE,TN,37216,18820,EAST,36.2385,-86.7416,POINT (-86.7416 36.2385)
20190219540,03/21/2019 07:05:00 AM,1,0,0,,N,320595,0,NOT COLLISION W/MOTOR VEHICLE-TRANSPORT,22,CLOUDY,4,DAWN,33,CURB,COUCHVILLE PIKE & RAMP,NASHVILLE,TN,37214,8943,HERMIT,36.1121,-86.6305,POINT (-86.6305 36.1121)
20190578337,08/03/2019 11:15:00 PM,2,0,0,,Y,299245,5,SIDESWIPE - SAME DIRECTION,21,CLEAR,3,DARK - LIGHTED,14,PARKED MOTOR VEHICLE,MERIDIAN ST & RICHARDSON AV,NASHVILLE,TN,37207,1909,EAST,36.1913,-86.7675,POINT (-86.7675 36.1913)
20190083989,01/31/2019 04:30:00 PM,2,0,0,,N,676824,11,Front to Rear,21,CLEAR,1,DAYLIGHT,12,MOTOR VEHICLE IN TRANSPORT,ROSA L PARKS BLVD & LOCKLAYER ST,NASHVILLE,TN,37208,4239,NORTH,36.1714,-86.7902,POINT (-86.7902 36.1714)
20190262508,04/05/2019 11:25:00 AM,2,0,0,,N,256502,11,Front to Rear,21,CLEAR,1,DAYLIGHT,12,MOTOR VEHICLE IN TRANSPORT,24TH AVN & ROSA L PARKS BLVD,NASHVILLE,TN,37208,4489,NORTH,36.1922,-86.8156,POINT (-86.8156 36.1922)
20190234470,03/26/2019 11:54:00 AM,2,1,0,,Y,676834,4,ANGLE,21,CLEAR,1,DAYLIGHT,12;71,MOTOR VEHICLE IN TRANSPORT;EMBANKMENT EARTH,WHITES CREEK PKE & FRANCES ST,NASHVILLE,TN,37207,3033,NORTH,36.2138,-86.8,POINT (-86.8 36.2138)
20190283773,04/13/2019 12:00:00 AM,1,0,0,Y,Y,620067,0,NOT COLLISION W/MOTOR VEHICLE-TRANSPORT,99,UNKNOWN,3,DARK - LIGHTED,43,OTHER FIXED OBJECTS,AMBONNAY DR & DOLCETTO GROVE,ANTIOCH,TN,37013,8767,SOUTH,36.0002,-86.6893,POINT (-86.6893 36.0002)
20190216772,03/20/2019 10:38:00 AM,2,0,0,,Y,226576,11,Front to Rear,21,CLEAR,1,DAYLIGHT,12,MOTOR VEHICLE IN TRANSPORT,MM 49 1 I 24,NASHVILLE,TN,37206,10040,EAST,36.1647,-86.7634,POINT (-86.7634 36.1647)
20190159375,02/27/2019 05:56:00 PM,7,3,0,,Y,279124,11,Front to Rear,21,CLEAR,2,DARK - NOT LIGHTED,12,MOTOR VEHICLE IN TRANSPORT,MM 61 2 I 24,ANTIOCH,TN,37013,87040,SOUTH,36.028,-86.6359,POINT (-86.6359 36.028)
20190520047,07/11/2019 02:05:00 PM,2,0,0,,N,591934,11,Front to Rear,21,CLEAR,1,DAYLIGHT,12,MOTOR VEHICLE IN TRANSPORT,MURFREESBORO PKE & FOOTHILL DR,NASHVILLE,TN,37217,8801,SOUTH,36.1314,-86.7172,POINT (-86.7172 36.1314)
20190529340,07/15/2019 03:35:00 PM,2,0,0,,N,267831,5,SIDESWIPE - SAME DIRECTION,22,CLOUDY,1,DAYLIGHT,12,MOTOR VEHICLE IN TRANSPORT,CHARLOTTE PKE & OCEOLA AV,NASHVILLE,TN,37209,5025,WEST,36.1495,-86.8605,POINT (-86.8605 36.1495)
20190006228,01/03/2019 09:51:00 AM,2,2,0,,N,224955,11,Front to Rear,22,CLOUDY,1,DAYLIGHT,12,MOTOR VEHICLE IN TRANSPORT,APPLE VALLEY RD & W CAMPBELL RD,MADISON,TN,37115,2101,MADISO,36.2844,-86.7316,POINT (-86.7316 36.2844)
20190412642,05/30/2019 09:27:00 AM,2,2,0,,N,240952,11,Front to Rear,22,CLOUDY,1,DAYLIGHT,12,MOTOR VEHICLE IN TRANSPORT,NOLENSVILLE RD & BURKITT PLACE DR,NASHVILLE,TN,,,,35.986,-86.68,POINT (-86.68 35.986)
20190040487,01/16/2019 08:05:00 AM,2,0,0,,N,226098,11,Front to Rear,22,CLOUDY,1,DAYLIGHT,12,MOTOR VEHICLE IN TRANSPORT,MM 36 6 I 24,WHITES CREEK,TN,37189,33180,NORTH,36.3184,-86.8427,POINT (-86.8427 36.3184)
20190112593,02/11/2019 11:03:00 AM,2,0,0,,N,580819,16,Rear to Side,22,CLOUDY,1,DAYLIGHT,14,PARKED MOTOR VEHICLE,UNION ST EXT RAMP & UNION ST EXT RAMP,NASHVILLE,TN,37201,4135,CENTRA,36.166,-86.7775,POINT (-86.7775 36.166)
20190463374,06/18/2019 09:12:00 PM,2,0,0,,N,256383,6,SIDESWIPE - OPPOSITE DIRECTION,21,CLEAR,3,DARK - LIGHTED,12,MOTOR VEHICLE IN TRANSPORT,RIDGEVIEW CT & WESTRIDGE CT,ANTIOCH,TN,37013,8757,SOUTH,36.0334,-86.7089,POINT (-86.7089 36.0334)
20190288128,04/15/2019 06:42:00 AM,3,1,0,,N,716886,11,Front to Rear,21,CLEAR,1,DAYLIGHT,12,MOTOR VEHICLE IN TRANSPORT,OLD HICKORY BLVD & LOGISTICS WAY,ANTIOCH,TN,37013,8869,SOUTH,36.0286,-86.614,POINT (-86.614 36.0286)
20190340035,05/03/2019 08:15:00 AM,2,0,0,,N,279110,11,Front to Rear,21,CLEAR,1,DAYLIGHT,12,MOTOR VEHICLE IN TRANSPORT,MM 52 1 I 24,NASHVILLE,TN,37217,8816,SOUTH,36.1343,-86.7267,POINT (-86.7267 36.1343)
20190357345,05/09/2019 08:57:00 PM,2,2,0,,N,352183,4,ANGLE,21,CLEAR,2,DARK - NOT LIGHTED,1;12,MOTOR VEHICLE IN TRANSPORT,HILLSBORO PKE & OLD HICKORY BLVD,NASHVILLE,TN,37221,6215,WEST,36.0448,-86.8649,POINT (-86.8649 36.0448)
20190197831,03/13/2019 04:33:00 PM,2,0,0,,N,690942,4,ANGLE,21,CLEAR,1,DAYLIGHT,12,MOTOR VEHICLE IN TRANSPORT,ROSA L PARKS BLVD & JAMES ROBERTSON PKWY,NASHVILLE,TN,37219,4203,CENTRA,36.1667,-86.7874,POINT (-86.7874 36.1667)
20190071281,01/27/2019 06:59:00 PM,2,1,0,,N,299266,4,ANGLE,21,CLEAR,3,DARK - LIGHTED,12,MOTOR VEHICLE IN TRANSPORT,BELL RD & CANE RIDGE RD,ANTIOCH,TN,37013,8753,SOUTH,36.0449,-86.6631,POINT (-86.6631 36.0449)
20190217502,03/20/2019 01:57:00 PM,2,0,0,,N,256380,11,Front to Rear,21,CLEAR,1,DAYLIGHT,12,MOTOR VEHICLE IN TRANSPORT,I65 S ENT RAMP & I 65,NASHVILLE,TN,37207,3007,NORTH,36.2057,-86.778,POINT (-86.778 36.2057)
20190372433,05/15/2019 03:15:00 PM,2,0,0,,N,352197,5,SIDESWIPE - SAME DIRECTION,21,CLEAR,1,DAYLIGHT,12,MOTOR VEHICLE IN TRANSPORT,HARDING PL & ANTIOCH PKE,NASHVILLE,TN,37211,8847,SOUTH,36.0875,-86.6921,POINT (-86.6921 36.0875)
20190384401,05/20/2019 08:30:00 AM,2,5,1,,N,676834,4,ANGLE,21,CLEAR,1,DAYLIGHT,12,MOTOR VEHICLE IN TRANSPORT,DELTA AV & CHEATHAM PL,NASHVILLE,TN,37208,4345,NORTH,36.178,-86.7961,POINT (-86.7961 36.178)
20190387938,05/21/2019 12:10:00 PM,2,0,0,,N,109495,11,Front to Rear,21,CLEAR,1,DAYLIGHT,12,MOTOR VEHICLE IN TRANSPORT,MM 6 5 I 440,NASHVILLE,TN,37210,81040,SOUTH,36.1242,-86.7451,POINT (-86.7451 36.1242)
20190501936,07/03/2019 02:26:00 PM,2,0,0,,N,169425,11,Front to Rear,22,CLOUDY,1,DAYLIGHT,12,MOTOR VEHICLE IN TRANSPORT,CHURCH ST & 15TH AVN,NASHVILLE,TN,37203,5517,MIDTOW,36.1574,-86.7926,POINT (-86.7926 36.1574)
20190251345,04/01/2019 12:00:00 AM,3,0,0,,N,299244,11,Front to Rear,21,CLEAR,1,DAYLIGHT,12,MOTOR VEHICLE IN TRANSPORT,MM 210 4 I 40,NASHVILLE,TN,37210,80022,SOUTH,36.1511,-86.7695,POINT (-86.7695 36.1511)
20190286157,04/14/2019 10:38:00 AM,1,0,0,Y,Y,161952,0,NOT COLLISION W/MOTOR VEHICLE-TRANSPORT,21,CLEAR,1,DAYLIGHT,32;34;40;63,CULVERT;DITCH;MAIL BOX;Ran Off Road-Right,3012 RIVER DR,NASHVILLE,TN,37218,3157,NORTH,36.1915,-86.8307,POINT (-86.8307 36.1915)
20190237860,03/27/2019 03:43:00 PM,2,0,0,,N,716886,11,Front to Rear,21,CLEAR,1,DAYLIGHT,12,MOTOR VEHICLE IN TRANSPORT,MM 6 7 I 440,NASHVILLE,TN,37210,81040,SOUTH,36.1244,-86.7414,POINT (-86.7414 36.1244)
20190535022,07/17/2019 04:59:00 PM,2,0,0,,Y,320599,3,REAR-TO-REAR,21,CLEAR,1,DAYLIGHT,12,MOTOR VEHICLE IN TRANSPORT,NASHBORO BLVD & MURFREESBORO PKE,NASHVILLE,TN,37217,8935,HERMIT,36.0884,-86.6478,POINT (-86.6478 36.0884)
20190380451,05/18/2019 01:30:00 AM,2,0,0,,N,161952,16,Rear to Side,21,CLEAR,3,DARK - LIGHTED,12,MOTOR VEHICLE IN TRANSPORT,104 DYER CT,NASHVILLE,TN,37218,3141,NORTH,36.2156,-86.8344,POINT (-86.8344 36.2156)
20190001398,01/01/2019 03:30:00 PM,2,0,0,,Y,306231,9,UNKNOWN,21,CLEAR,1,DAYLIGHT,12,MOTOR VEHICLE IN TRANSPORT,PARKWOOD VILLA APTS PVTDR & I24 W EXT RA,NASHVILLE,TN,37207,2003,MADISO,36.236,-86.7832,POINT (-86.7832 36.236)
20190341082,05/03/2019 04:03:00 PM,2,0,0,,N,281611,11,Front to Rear,22,CLOUDY,1,DAYLIGHT,12,MOTOR VEHICLE IN TRANSPORT,HIGHWAY 70S & COLEY DAVIS RD,NASHVILLE,TN,37221,4811,WEST,36.0796,-86.9536,POINT (-86.9536 36.0796)
20190253231,04/02/2019 07:38:00 AM,2,0,0,,N,716886,4,ANGLE,21,CLEAR,1,DAYLIGHT,12,MOTOR VEHICLE IN TRANSPORT,GLENROSE AV & MASHBURN RD,NASHVILLE,TN,37210,8335,SOUTH,36.1171,-86.7269,POINT (-86.7269 36.1171)
20190231839,03/25/2019 04:29:00 PM,2,0,0,,N,179606,11,Front to Rear,21,CLEAR,1,DAYLIGHT,12,MOTOR VEHICLE IN TRANSPORT,NOLENSVILLE PKE & CRAIGHEAD ST,NASHVILLE,TN,37210,8125,SOUTH,36.1338,-86.7588,POINT (-86.7588 36.1338)
20190292677,04/16/2019 03:58:00 PM,2,1,0,,N,524985,11,Front to Rear,21,CLEAR,1,DAYLIGHT,1;12,MOTOR VEHICLE IN TRANSPORT,MM 37 0 I 24,WHITES CREEK,TN,37189,33180,NORTH,36.3176,-86.8361,POINT (-86.8361 36.3176)
20190276434,04/10/2019 04:39:00 PM,2,0,0,,N,151132,0,NOT COLLISION W/MOTOR VEHICLE-TRANSPORT,21,CLEAR,1,DAYLIGHT,18,OTHER OBJECT (NOT FIXED),I65 N EXT RAMP & HOLIDAY DR,MADISON,TN,37115,1777,MADISO,36.2634,-86.7364,POINT (-86.7364 36.2634)
20190338150,05/02/2019 02:52:00 PM,2,0,0,,N,330415,11,Front to Rear,21,CLEAR,1,DAYLIGHT,12,MOTOR VEHICLE IN TRANSPORT,SPRING ST & N 1ST ST,NASHVILLE,TN,37213,1985,CENTRA,36.177,-86.7746,POINT (-86.7746 36.177)
20190141365,02/21/2019 09:31:00 AM,3,0,0,,N,716886,11,Front to Rear,21,CLEAR,1,DAYLIGHT,12,MOTOR VEHICLE IN TRANSPORT,I24E & I24 E ENT RAMP,NASHVILLE,TN,37210,8102,SOUTH,36.1363,-86.727,POINT (-86.727 36.1363)
20190558237,07/26/2019 05:41:00 PM,2,1,0,,N,240979,4,ANGLE,21,CLEAR,1,DAYLIGHT,12,MOTOR VEHICLE IN TRANSPORT,OLD HICKORY BLVDW & HERITAGE DR,MADISON,TN,37115,1749,MADISO,36.2641,-86.7242,POINT (-86.7242 36.2641)
20190433369,06/07/2019 04:56:00 AM,2,1,0,,N,191786,4,ANGLE,2,RAIN,3,DARK - LIGHTED,12,MOTOR VEHICLE IN TRANSPORT,28TH AVN & CHARLOTTE AV,NASHVILLE,TN,37209,5341,MIDTOW,36.154,-86.8182,POINT (-86.8182 36.154)
20190462457,06/18/2019 12:51:00 PM,2,0,0,,Y,256380,4,ANGLE,21,CLEAR,1,DAYLIGHT,14,PARKED MOTOR VEHICLE,CROWE DR & DOLAN RD,NASHVILLE,TN,37218,3173,NORTH,36.1827,-86.8435,POINT (-86.8435 36.1827)
20190309894,04/22/2019 05:23:00 PM,2,2,0,,N,256389,4,ANGLE,21,CLEAR,1,DAYLIGHT,12,MOTOR VEHICLE IN TRANSPORT,NOLENSVILLE PKE & I440 E ENT RAMP,NASHVILLE,TN,37210,8319,SOUTH,36.1203,-86.7499,POINT (-86.7499 36.1203)
20190496273,07/01/2019 05:42:00 PM,2,1,0,,N,716879,11,Front to Rear,21,CLEAR,1,DAYLIGHT,12,MOTOR VEHICLE IN TRANSPORT,OLD HICKORY BLVD & HADLEY AV,OLD HICKORY,TN,37138,9609,HERMIT,36.2525,-86.6478,POINT (-86.6478 36.2525)
20190121668,02/14/2019 06:49:00 AM,3,1,0,,N,226622,4,ANGLE,21,CLEAR,1,DAYLIGHT,12,MOTOR VEHICLE IN TRANSPORT,BRILEY PKWYS & BRILEY PKWY N EXT RAMP,NASHVILLE,TN,37218,3208,NORTH,36.185,-86.8638,POINT (-86.8638 36.185)
20190471533,06/21/2019 04:03:00 PM,2,0,0,,N,299257,4,ANGLE,21,CLEAR,1,DAYLIGHT,12,MOTOR VEHICLE IN TRANSPORT,WOODMONT BLVD & LEALAND LN,NASHVILLE,TN,37204,7007,MIDTOW,36.1111,-86.7884,POINT (-86.7884 36.1111)
20190184910,03/08/2019 06:10:00 PM,4,0,0,,Y,330443,11,Front to Rear,2,RAIN,3,DARK - LIGHTED,12,MOTOR VEHICLE IN TRANSPORT,HAYWOOD LN & I24 E EXT RAMP,NASHVILLE,TN,37211,8709,SOUTH,36.0691,-86.6911,POINT (-86.6911 36.0691)
20190262849,04/05/2019 01:35:00 PM,2,0,0,,N,902543,4,ANGLE,22,CLOUDY,1,DAYLIGHT,12,MOTOR VEHICLE IN TRANSPORT,GALLATIN AV & SEYMOUR AV,NASHVILLE,TN,37206,1319,EAST,36.1857,-86.7476,POINT (-86.7476 36.1857)
20190547432,07/22/2019 06:06:00 PM,1,1,0,,N,256383,0,NOT COLLISION W/MOTOR VEHICLE-TRANSPORT,2,RAIN,1,DAYLIGHT,42,TREE,PIN HOOK RD & HOBSON PKE,ANTIOCH,TN,37013,8927,SOUTH,36.0493,-86.5999,POINT (-86.5999 36.0493)
20190382894,05/19/2019 02:39:00 PM,2,1,0,,N,256446,4,ANGLE,2,RAIN,1,DAYLIGHT,12,MOTOR VEHICLE IN TRANSPORT,MM 62 6 I 24,ANTIOCH,TN,37013,8804,SOUTH,36.0137,-86.6196,POINT (-86.6196 36.0137)
20190525663,07/13/2019 07:00:00 PM,2,0,0,,Y,256495,11,Front to Rear,2,RAIN,1,DAYLIGHT,12,MOTOR VEHICLE IN TRANSPORT,MM 87 3 I 65,NASHVILLE,TN,37207,1804,EAST,36.2068,-86.7762,POINT (-86.7762 36.2068)
20190375549,05/16/2019 04:05:00 PM,2,0,0,,Y,151132,5,SIDESWIPE - SAME DIRECTION,21,CLEAR,1,DAYLIGHT,12,MOTOR VEHICLE IN TRANSPORT,GALLATIN PKEN & ALTUS AV,MADISON,TN,37115,1721,MADISO,36.2896,-86.7042,POINT (-86.7042 36.2896)
20190296198,04/17/2019 03:45:00 PM,2,0,0,,N,256424,11,Front to Rear,21,CLEAR,1,DAYLIGHT,12,MOTOR VEHICLE IN TRANSPORT,I40 E ENT RAMP & I 40,NASHVILLE,TN,37205,4903,WEST,36.1109,-86.922,POINT (-86.922 36.1109)
20190558037,07/26/2019 04:06:00 PM,2,0,0,,N,240960,11,Front to Rear,21,CLEAR,1,DAYLIGHT,12,MOTOR VEHICLE IN TRANSPORT,GALLATIN PKE & HAYSBORO AV,NASHVILLE,TN,37216,1503,EAST,36.2316,-86.7249,POINT (-86.7249 36.2316)
20190521976,07/12/2019 09:20:00 AM,2,0,0,,N,352184,11,Front to Rear,21,CLEAR,1,DAYLIGHT,12,MOTOR VEHICLE IN TRANSPORT,MM 48 0 I 24,NASHVILLE,TN,37213,1908,CENTRA,36.1759,-86.7721,POINT (-86.7721 36.1759)
20190049456,01/19/2019 12:51:00 PM,2,0,0,,Y,156307,11,Front to Rear,2,RAIN,1,DAYLIGHT,12;24,MOTOR VEHICLE IN TRANSPORT;GUARDRAIL FACE,MM 86 3 I 65,NASHVILLE,TN,37207,1910,CENTRA,36.1919,-86.7808,POINT (-86.7808 36.1919)
20190266125,04/06/2019 08:12:00 PM,3,0,0,,Y,299266,11,Front to Rear,21,CLEAR,3,DARK - LIGHTED,12,MOTOR VEHICLE IN TRANSPORT,BELL RD & CANE RIDGE RD,ANTIOCH,TN,37013,8721,SOUTH,36.0447,-86.6615,POINT (-86.6615 36.0447)
20190167748,03/02/2019 11:11:00 PM,2,0,0,,N,191573,11,Front to Rear,21,CLEAR,3,DARK - LIGHTED,12,MOTOR VEHICLE IN TRANSPORT,BROADWAY & 3RD AVN,NASHVILLE,TN,37201,4105,CENTRA,36.1615,-86.776,POINT (-86.776 36.1615)
20190461553,06/18/2019 07:00:00 AM,2,0,0,,Y,352186,11,Front to Rear,2,RAIN,1,DAYLIGHT,12,MOTOR VEHICLE IN TRANSPORT,MM 87 3 I 65,NASHVILLE,TN,37207,1804,EAST,36.2068,-86.7762,POINT (-86.7762 36.2068)
20190209803,03/18/2019 12:00:00 AM,2,0,0,,Y,716886,2,HEAD-ON,21,CLEAR,1,DAYLIGHT,14,PARKED MOTOR VEHICLE,BARELLA DR & TUSCARORA DR,ANTIOCH,TN,37013,8713,SOUTH,36.0583,-86.6828,POINT (-86.6828 36.0583)
20190462010,06/18/2019 11:08:00 AM,2,0,0,,N,352186,5,SIDESWIPE - SAME DIRECTION,21,CLEAR,1,DAYLIGHT,12;17;63,MOTOR VEHICLE IN TRANSPORT;BOULDER;Ran Off Road-Right,BRILEY PKWYE & BRILEY PKWYW,NASHVILLE,TN,37207,20120,MADISO,36.2396,-86.7751,POINT (-86.7751 36.2396)
20190502271,07/03/2019 05:01:00 PM,2,0,0,,N,596389,11,Front to Rear,22,CLOUDY,1,DAYLIGHT,12,MOTOR VEHICLE IN TRANSPORT,HILLWOOD BLVD & FLEETWOOD DR,NASHVILLE,TN,37209,5021,WEST,36.1362,-86.8767,POINT (-86.8767 36.1362)
20190120987,02/14/2019 12:48:00 AM,2,1,0,,N,330420,11,Front to Rear,21,CLEAR,3,DARK - LIGHTED,12,MOTOR VEHICLE IN TRANSPORT,BELL RD & BLUE HOLE RD,ANTIOCH,TN,37013,8719,SOUTH,36.0458,-86.6744,POINT (-86.6744 36.0458)
20190180481,03/07/2019 06:55:00 AM,2,0,0,,N,226622,11,Front to Rear,21,CLEAR,1,DAYLIGHT,12,MOTOR VEHICLE IN TRANSPORT,CENTENNIAL BLVD & BRILEY PKWY S EXT RAMP,NASHVILLE,TN,37209,4641,WEST,36.1713,-86.871,POINT (-86.871 36.1713)
20190191043,03/11/2019 12:00:00 PM,2,0,0,,N,226136,4,ANGLE,22,CLOUDY,1,DAYLIGHT,12,MOTOR VEHICLE IN TRANSPORT,I65 N ENT RAMP & I 65,NASHVILLE,TN,37207,1829,EAST,36.209,-86.7759,POINT (-86.7759 36.209)
20190220527,03/21/2019 01:20:00 PM,2,0,0,,N,665896,5,SIDESWIPE - SAME DIRECTION,21,CLEAR,1,DAYLIGHT,12,MOTOR VEHICLE IN TRANSPORT,GALLATIN AV & W EASTLAND AV,NASHVILLE,TN,37206,1243,EAST,36.1836,-86.7485,POINT (-86.7485 36.1836)
20190401256,05/25/2019 12:00:00 AM,3,0,0,,Y,298859,4,ANGLE,21,CLEAR,3,DARK - LIGHTED,14,PARKED MOTOR VEHICLE,LONGHUNTER CT & NASHBORO GREENS,NASHVILLE,TN,37217,8935,HERMIT,36.0933,-86.6393,POINT (-86.6393 36.0933)
20190048214,01/18/2019 12:00:00 AM,1,0,0,,Y,240978,0,NOT COLLISION W/MOTOR VEHICLE-TRANSPORT,21,CLEAR,3,DARK - LIGHTED,24,GUARDRAIL FACE,I24 W EXT RAMP & I 24,NASHVILLE,TN,37211,8829,SOUTH,36.1074,-86.7197,POINT (-86.7197 36.1074)
20190003019,01/02/2019 07:28:00 AM,2,0,0,,N,224955,5,SIDESWIPE - SAME DIRECTION,22,CLOUDY,1,DAYLIGHT,12,MOTOR VEHICLE IN TRANSPORT,MM 91 3 I 65,MADISON,TN,37115,2006,MADISO,36.2514,-86.7406,POINT (-86.7406 36.2514)
20190158651,02/27/2019 12:33:00 PM,2,1,0,,Y,226622,11,Front to Rear,21,CLEAR,1,DAYLIGHT,12,MOTOR VEHICLE IN TRANSPORT,HIGHWAY 70S & I40 E ENT RAMP,NASHVILLE,TN,37221,4813,WEST,36.0808,-86.9556,POINT (-86.9556 36.0808)
20190237028,03/27/2019 07:54:00 AM,2,0,0,,N,909494,11,Front to Rear,21,CLEAR,1,DAYLIGHT,12,MOTOR VEHICLE IN TRANSPORT,CAHAL AV & GALLATIN AV,NASHVILLE,TN,37206,1331,EAST,36.1966,-86.7416,POINT (-86.7416 36.1966)
20190302594,04/19/2019 06:21:00 PM,2,1,0,,N,240955,4,ANGLE,2,RAIN,1,DAYLIGHT,55,Motor Vehicle-In-Motion Outside Trafficw,MT VIEW RD & BELL FORGE LNE,ANTIOCH,TN,37013,8863,SOUTH,36.0471,-86.648,POINT (-86.648 36.0471)
20190050754,01/20/2019 02:55:00 AM,1,0,0,Y,N,320591,0,NOT COLLISION W/MOTOR VEHICLE-TRANSPORT,21,CLEAR,3,DARK - LIGHTED,40;64,MAIL BOX;Ran Off Road-Left,EULALA DR & EULALA CIR,NASHVILLE,TN,37211,8717,SOUTH,36.0542,-86.7037,POINT (-86.7037 36.0542)
20190549765,07/23/2019 02:50:00 PM,1,0,0,Y,N,352156,0,NOT COLLISION W/MOTOR VEHICLE-TRANSPORT,21,CLEAR,1,DAYLIGHT,60,Cargo Equip Loss/Shift,0 I 24,NASHVILLE,TN,37211,8709,SOUTH,36.0692,-86.6897,POINT (-86.6897 36.0692)
20190495885,07/01/2019 03:07:00 PM,2,1,0,,N,565785,11,Front to Rear,21,CLEAR,1,DAYLIGHT,12,MOTOR VEHICLE IN TRANSPORT,KIRKWOOD AV & 12TH AVS,NASHVILLE,TN,37204,6955,MIDTOW,36.1208,-86.7905,POINT (-86.7905 36.1208)
20190219765,03/21/2019 08:36:00 AM,2,0,0,,N,109515,5,SIDESWIPE - SAME DIRECTION,21,CLEAR,1,DAYLIGHT,12,MOTOR VEHICLE IN TRANSPORT,MM 93 4 I 65,MADISON,TN,37115,17041,MADISO,36.2806,-86.7329,POINT (-86.7329 36.2806)
20190381256,05/18/2019 06:00:00 PM,2,0,0,,N,330443,11,Front to Rear,21,CLEAR,3,DARK - LIGHTED,12,MOTOR VEHICLE IN TRANSPORT,BRILEY PKWYW & BRICK CHURCH PKE,NASHVILLE,TN,37207,2014,MADISO,36.2384,-86.7816,POINT (-86.7816 36.2384)
20190124396,02/15/2019 03:22:00 AM,1,0,0,Y,N,212321,0,NOT COLLISION W/MOTOR VEHICLE-TRANSPORT,21,CLEAR,3,DARK - LIGHTED,24,GUARDRAIL FACE,ANTIOCH PKE & HAYWOOD LN,ANTIOCH,TN,37013,8899,SOUTH,36.0703,-86.6845,POINT (-86.6845 36.0703)
20190025669,01/10/2019 06:39:00 PM,1,0,0,Y,N,256383,0,NOT COLLISION W/MOTOR VEHICLE-TRANSPORT,21,CLEAR,3,DARK - LIGHTED,31,"OTHER POST, POLE, SUPP.",ANTIOCH PKE & AVENAL AV,NASHVILLE,TN,37211,8407,SOUTH,36.101,-86.7317,POINT (-86.7317 36.101)
20190423065,06/03/2019 02:15:00 PM,3,1,0,,Y,716886,5,SIDESWIPE - SAME DIRECTION,21,CLEAR,1,DAYLIGHT,12,MOTOR VEHICLE IN TRANSPORT,MM 62 2 I 24,ANTIOCH,TN,37013,87040,SOUTH,36.0186,-86.6253,POINT (-86.6253 36.0186)