Accident Number,Date and Time,Number of Motor Vehicles,Number of Injuries,Number of Fatalities,Property Damage,Hit and Run,Reporting Officer,Collision Type Code,Collision Type Description,Weather Code,Weather Description,Illumination Code,Illumination Description,Harmful Code,Harmful Code Description,Street Address,City,State,ZIP,RPA,Precinct,Latitude,Longitude,Mapped Location
20190334339,05/01/2019 07:05:00 AM,4,0,0,,N,716886,11,Front to Rear,21,CLEAR,1,DAYLIGHT,12,MOTOR VEHICLE IN TRANSPORT,NOLENSVILLE PKE & PROVIDENCE HTS,NASHVILLE,TN,37211,8701,SOUTH,36.0731,-86.7243,POINT (-86.7243 36.0731)
20190343862,05/04/2019 11:02:00 PM,1,1,0,,N,212336,0,NOT COLLISION W/MOTOR VEHICLE-TRANSPORT,2,RAIN,3,DARK - LIGHTED,36,CONCRETE TRAFFIC BARRIER,I65 S EXT RAMP & I65 S EXT RAMP,NASHVILLE,TN,37208,4405,NORTH,36.1861,-86.7984,POINT (-86.7984 36.1861)
20190575355,08/02/2019 05:55:00 PM,3,2,0,,Y,256448,11,Front to Rear,21,CLEAR,1,DAYLIGHT,12,MOTOR VEHICLE IN TRANSPORT,MM 215 9 I 40,NASHVILLE,TN,37217,89020,HERMIT,36.1421,-86.6786,POINT (-86.6786 36.1421)
20190306051,04/21/2019 07:03:00 AM,3,0,0,,N,799013,11,Front to Rear,5,FOG,1,DAYLIGHT,12;54,MOTOR VEHICLE IN TRANSPORT;Set In Motion By Motor Vehicle,I40 W ENT RAMP & I 40,NASHVILLE,TN,37210,9007,HERMIT,36.1484,-86.7454,POINT (-86.7454 36.1484)
20190103697,02/07/2019 04:50:00 PM,2,0,0,,Y,197435,5,SIDESWIPE - SAME DIRECTION,2,RAIN,1,DAYLIGHT,12,MOTOR VEHICLE IN TRANSPORT,MM 85 4 I 65,NASHVILLE,TN,37208,43042,NORTH,36.1875,-86.7947,POINT (-86.7947 36.1875)
20190167295,03/02/2019 06:55:00 PM,2,0,0,,Y,420040,4,ANGLE,22,CLOUDY,3,DARK - LIGHTED,12,MOTOR VEHICLE IN TRANSPORT,NOLENSVILLE PKE & PARAGON MILLS RD,NASHVILLE,TN,37211,8421,SOUTH,36.0848,-86.7281,POINT (-86.7281 36.0848)
20190504920,07/04/2019 08:35:00 PM,2,1,0,,N,717341,2,HEAD-ON,22,CLOUDY,2,DARK - NOT LIGHTED,12,MOTOR VEHICLE IN TRANSPORT,HOBSON PKE & WALKER RD,HERMITAGE,TN,37076,8909,SOUTH,36.0882,-86.5623,POINT (-86.5623 36.0882)
20190395068,05/23/2019 05:33:00 PM,1,0,0,Y,N,279124,0,NOT COLLISION W/MOTOR VEHICLE-TRANSPORT,21,CLEAR,1,DAYLIGHT,40,MAIL BOX,HICKORY PARK DR & BELL TRACE DR,ANTIOCH,TN,37013,8753,SOUTH,36.0387,-86.6726,POINT (-86.6726 36.0387)
20190468618,06/20/2019 03:48:00 PM,2,1,0,,N,330412,11,Front to Rear,21,CLEAR,1,DAYLIGHT,12,MOTOR VEHICLE IN TRANSPORT,RIVERCHASE BLVD & GALLATIN PKEN,MADISON,TN,37115,1721,MADISO,36.3086,-86.6815,POINT (-86.6815 36.3086)
20190384279,05/20/2019 07:00:00 AM,2,0,0,,N,109495,11,Front to Rear,21,CLEAR,1,DAYLIGHT,12,MOTOR VEHICLE IN TRANSPORT,4TH AVS & I40 E EXT RAMP,NASHVILLE,TN,37210,8153,SOUTH,36.1505,-86.7704,POINT (-86.7704 36.1505)
20190516181,07/10/2019 03:42:00 AM,2,2,0,,N,212336,5,SIDESWIPE - SAME DIRECTION,21,CLEAR,3,DARK - LIGHTED,12,MOTOR VEHICLE IN TRANSPORT,I65 N EXT RAMP & I 65,NASHVILLE,TN,37207,1863,EAST,36.2057,-86.7747,POINT (-86.7747 36.2057)
20190543468,07/20/2019 11:10:00 PM,2,1,0,,Y,330414,11,Front to Rear,21,CLEAR,3,DARK - LIGHTED,12,MOTOR VEHICLE IN TRANSPORT,STATE RT 45 & GALLATIN PKEN,MADISON,TN,37115,1701,MADISO,36.2631,-86.7119,POINT (-86.7119 36.2631)
20190554728,07/25/2019 09:46:00 AM,1,0,0,Y,N,299247,0,NOT COLLISION W/MOTOR VEHICLE-TRANSPORT,21,CLEAR,1,DAYLIGHT,31;33;41;63,"OTHER POST, POLE, SUPP.;CURB;SHRUBBERY;Ran Off Road-Right",US HWY 70 & STATE HWY 255,NASHVILLE,TN,37214,9401,HERMIT,36.1676,-86.6632,POINT (-86.6632 36.1676)
20190548069,07/22/2019 12:00:00 AM,2,0,0,,Y,352153,11,Front to Rear,2,RAIN,3,DARK - LIGHTED,12,MOTOR VEHICLE IN TRANSPORT,BELL FORGE LNE & BELL RD,ANTIOCH,TN,37013,8865,SOUTH,36.0505,-86.6468,POINT (-86.6468 36.0505)
20190305527,04/21/2019 12:45:00 AM,2,1,0,Y,N,298859,11,Front to Rear,21,CLEAR,2,DARK - NOT LIGHTED,12;14,MOTOR VEHICLE IN TRANSPORT;PARKED MOTOR VEHICLE,WOODSIDE DR & WOODSIDE CIR,OLD HICKORY,TN,37138,9725,HERMIT,36.2332,-86.5907,POINT (-86.5907 36.2332)
20190273439,04/09/2019 03:53:00 PM,2,0,0,,N,279124,11,Front to Rear,21,CLEAR,1,DAYLIGHT,12,MOTOR VEHICLE IN TRANSPORT,CROSSINGS BLVD & HICKORY HOLLOW PKWY,ANTIOCH,TN,37013,8863,SOUTH,36.0445,-86.651,POINT (-86.651 36.0445)
20190433774,06/07/2019 09:10:00 AM,1,0,0,,N,693093,0,NOT COLLISION W/MOTOR VEHICLE-TRANSPORT,2,RAIN,1,DAYLIGHT,1,,MM 43 6 I 24,NASHVILLE,TN,37207,20101,MADISO,36.2369,-86.7859,POINT (-86.7859 36.2369)
20190349795,05/07/2019 08:12:00 AM,1,1,0,Y,N,716886,0,NOT COLLISION W/MOTOR VEHICLE-TRANSPORT,21,CLEAR,1,DAYLIGHT,37,Other Traffic Barrier,MM 62 4 I 24,ANTIOCH,TN,37013,8806,SOUTH,36.0157,-86.6218,POINT (-86.6218 36.0157)
20190144958,02/22/2019 11:45:00 AM,2,0,0,,N,224575,4,ANGLE,2,RAIN,1,DAYLIGHT,12,MOTOR VEHICLE IN TRANSPORT,BELCOURT AV & 20TH AVS,NASHVILLE,TN,37212,6607,MIDTOW,36.1368,-86.7998,POINT (-86.7998 36.1368)
20190543359,07/20/2019 10:42:00 PM,1,1,0,,N,197060,0,NOT COLLISION W/MOTOR VEHICLE-TRANSPORT,2,RAIN,2,DARK - NOT LIGHTED,36,CONCRETE TRAFFIC BARRIER,0 BRILEY PKWYE,NASHVILLE,TN,37216,1588,EAST,36.2407,-86.7513,POINT (-86.7513 36.2407)
20190353553,05/08/2019 12:45:00 PM,2,1,0,,N,352198,11,Front to Rear,21,CLEAR,1,DAYLIGHT,12,MOTOR VEHICLE IN TRANSPORT,14TH AVS & BROADWAY,NASHVILLE,TN,37203,5701,MIDTOW,36.1557,-86.7897,POINT (-86.7897 36.1557)
20190184051,03/08/2019 10:45:00 AM,2,0,0,,N,330427,4,ANGLE,2,RAIN,1,DAYLIGHT,12,MOTOR VEHICLE IN TRANSPORT,MM 59 3 I 24,ANTIOCH,TN,37013,87061,SOUTH,36.0459,-86.6601,POINT (-86.6601 36.0459)
20190350700,05/07/2019 01:57:00 PM,2,0,0,,Y,110063,5,SIDESWIPE - SAME DIRECTION,21,CLEAR,1,DAYLIGHT,12,MOTOR VEHICLE IN TRANSPORT,W TRINITY LN & WHITES CREEK PKE,NASHVILLE,TN,37207,3009,NORTH,36.207,-86.7916,POINT (-86.7916 36.207)
20190542651,07/20/2019 03:35:00 PM,2,0,0,,N,298858,4,ANGLE,21,CLEAR,1,DAYLIGHT,12,MOTOR VEHICLE IN TRANSPORT,BROADWAY & 4TH AVN,NASHVILLE,TN,37203,4091,CENTRA,36.161,-86.7772,POINT (-86.7772 36.161)
20190460432,06/17/2019 07:55:00 PM,2,0,0,,N,311333,11,Front to Rear,2,RAIN,3,DARK - LIGHTED,12,MOTOR VEHICLE IN TRANSPORT,BELL RD & MT VIEW RD,ANTIOCH,TN,37013,8865,SOUTH,36.05,-86.6496,POINT (-86.6496 36.05)
20190340821,05/03/2019 01:57:00 PM,2,1,0,,N,716877,4,ANGLE,21,CLEAR,1,DAYLIGHT,12,MOTOR VEHICLE IN TRANSPORT,BELL RD & BLUE HOLE RD,ANTIOCH,TN,37013,8719,SOUTH,36.0458,-86.6744,POINT (-86.6744 36.0458)
20190418955,06/01/2019 05:17:00 PM,2,0,0,,N,330444,5,SIDESWIPE - SAME DIRECTION,21,CLEAR,1,DAYLIGHT,12,MOTOR VEHICLE IN TRANSPORT,BROADWAY & 20TH AVS,NASHVILLE,TN,37203,5711,MIDTOW,36.1496,-86.798,POINT (-86.798 36.1496)
20190080891,01/30/2019 06:03:00 PM,2,0,0,,N,206675,11,Front to Rear,21,CLEAR,3,DARK - LIGHTED,12,MOTOR VEHICLE IN TRANSPORT,MM 3 0 I 440,NASHVILLE,TN,37215,6424,MIDTOW,36.1201,-86.8026,POINT (-86.8026 36.1201)
20190100688,02/06/2019 02:21:00 PM,2,0,0,,N,299241,,,,,,,12,MOTOR VEHICLE IN TRANSPORT,DONELSON PKE & ROYAL PKWY,NASHVILLE,TN,37214,9411,HERMIT,36.1472,-86.6664,POINT (-86.6664 36.1472)
20190164515,03/01/2019 01:00:00 PM,2,0,0,,Y,299238,4,ANGLE,22,CLOUDY,1,DAYLIGHT,12,MOTOR VEHICLE IN TRANSPORT,LELAND AV & GALLATIN PKE,NASHVILLE,TN,37216,1415,EAST,36.2039,-86.7383,POINT (-86.7383 36.2039)
20190458915,06/17/2019 06:41:00 AM,1,0,0,,N,544481,0,NOT COLLISION W/MOTOR VEHICLE-TRANSPORT,22,CLOUDY,1,DAYLIGHT,24,GUARDRAIL FACE,BRILEY PKWYE & BRILEY PKWYE,NASHVILLE,TN,37207,3008,NORTH,36.2359,-86.7969,POINT (-86.7969 36.2359)
20190106364,02/08/2019 04:14:00 PM,2,0,0,,N,206675,5,SIDESWIPE - SAME DIRECTION,21,CLEAR,1,DAYLIGHT,12,MOTOR VEHICLE IN TRANSPORT,12TH AVS & KIRKWOOD AV,NASHVILLE,TN,37204,6953,MIDTOW,36.1209,-86.7905,POINT (-86.7905 36.1209)
20190439312,06/09/2019 06:00:00 PM,5,3,0,,Y,579971,11,Front to Rear,2,RAIN,1,DAYLIGHT,12,MOTOR VEHICLE IN TRANSPORT,NOLENSVILLE PKE & HARDING PL,NASHVILLE,TN,37211,8445,SOUTH,36.0809,-86.7267,POINT (-86.7267 36.0809)
20190050021,01/19/2019 07:52:00 PM,1,0,0,,N,299266,0,NOT COLLISION W/MOTOR VEHICLE-TRANSPORT,2,RAIN,3,DARK - LIGHTED,31,"OTHER POST, POLE, SUPP.",WALLACE RD & BROOKRIDGE TRL,NASHVILLE,TN,37211,8701,SOUTH,36.0791,-86.7208,POINT (-86.7208 36.0791)
20190226067,03/23/2019 11:42:00 AM,2,0,0,,N,212325,11,Front to Rear,21,CLEAR,1,DAYLIGHT,12,MOTOR VEHICLE IN TRANSPORT,GALLATIN PKES & MADISON SQ,MADISON,TN,37115,1623,MADISO,36.2541,-86.7161,POINT (-86.7161 36.2541)
20190119851,02/13/2019 03:35:00 PM,2,0,0,,Y,714641,4,ANGLE,21,CLEAR,1,DAYLIGHT,12,MOTOR VEHICLE IN TRANSPORT,12TH AVS & MCGAVOCK ST,NASHVILLE,TN,37203,4079,CENTRA,36.1556,-86.7868,POINT (-86.7868 36.1556)
20190162289,02/28/2019 05:22:00 PM,2,0,0,,N,311332,5,SIDESWIPE - SAME DIRECTION,21,CLEAR,2,DARK - NOT LIGHTED,12,MOTOR VEHICLE IN TRANSPORT,HARDING PKE & HARDING PL,NASHVILLE,TN,37205,6201,WEST,36.1014,-86.8706,POINT (-86.8706 36.1014)
20190108971,02/09/2019 07:00:00 PM,2,0,0,,Y,309262,4,ANGLE,21,CLEAR,3,DARK - LIGHTED,12;14,MOTOR VEHICLE IN TRANSPORT;PARKED MOTOR VEHICLE,HERITAGE DR & OLD HICKORY BLVDW,MADISON,TN,37115,1765,MADISO,36.2649,-86.7244,POINT (-86.7244 36.2649)
20190045066,01/17/2019 07:35:00 PM,2,0,0,,N,298860,11,Front to Rear,2,RAIN,2,DARK - NOT LIGHTED,12,MOTOR VEHICLE IN TRANSPORT,OLD HICKORY BLVD & LEBANON PKE WB EXT RA,OLD HICKORY,TN,37138,9739,HERMIT,36.1998,-86.6207,POINT (-86.6207 36.1998)
20190424230,06/04/2019 12:10:00 AM,2,0,0,,Y,330438,11,Front to Rear,21,CLEAR,2,DARK - NOT LIGHTED,14,PARKED MOTOR VEHICLE,BONNALYNN DR & BONNARIDGE DR,HERMITAGE,TN,37076,9613,HERMIT,36.1981,-86.6271,POINT (-86.6271 36.1981)
20190084242,01/31/2019 06:41:00 PM,2,0,0,,Y,209189,4,ANGLE,21,CLEAR,2,DARK - NOT LIGHTED,13,MOTOR VEHICLE IN TRANSPORT-OTHER ROADWAY,THOMPSON PL & PATRICIA DR,NASHVILLE,TN,37217,8821,HERMIT,36.1272,-86.7073,POINT (-86.7073 36.1272)
20190233968,03/26/2019 07:40:00 AM,4,0,0,,N,665896,11,Front to Rear,21,CLEAR,1,DAYLIGHT,12,MOTOR VEHICLE IN TRANSPORT,SPRING ST ENT RAMP & SPRING ST,NASHVILLE,TN,37207,1977,EAST,36.1764,-86.7672,POINT (-86.7672 36.1764)
20190419496,06/01/2019 10:45:00 PM,3,0,0,,Y,110094,98,OTHER,21,CLEAR,3,DARK - LIGHTED,14;55,PARKED MOTOR VEHICLE;Motor Vehicle-In-Motion Outside Trafficw,0 COMERS ALY,NASHVILLE,TN,37203,4119,CENTRA,36.1583,-86.7885,POINT (-86.7885 36.1583)
20190554480,07/25/2019 07:55:00 AM,2,0,0,,N,109534,5,SIDESWIPE - SAME DIRECTION,21,CLEAR,1,DAYLIGHT,12,MOTOR VEHICLE IN TRANSPORT,LEBANON PKE & ANDREW JACKSON PKWY,HERMITAGE,TN,37076,9537,HERMIT,36.2151,-86.5962,POINT (-86.5962 36.2151)
20190413199,05/30/2019 02:43:00 PM,2,1,0,,N,151132,4,ANGLE,22,CLOUDY,1,DAYLIGHT,12,MOTOR VEHICLE IN TRANSPORT,ANDERSON LN & MCARTHUR DR,MADISON,TN,37115,1715,MADISO,36.2722,-86.6907,POINT (-86.6907 36.2722)
20190304929,04/20/2019 05:37:00 PM,2,1,0,,N,279204,4,ANGLE,21,CLEAR,1,DAYLIGHT,12,MOTOR VEHICLE IN TRANSPORT,MM 85 0 I 65,NASHVILLE,TN,37208,43021,NORTH,36.1799,-86.8005,POINT (-86.8005 36.1799)
20190098423,02/05/2019 12:00:00 AM,1,0,0,,Y,240947,0,NOT COLLISION W/MOTOR VEHICLE-TRANSPORT,21,CLEAR,2,DARK - NOT LIGHTED,39,WALL,I40 E EXT RAMP & CENTRAL PKE,HERMITAGE,TN,37076,95100,HERMIT,36.17,-86.6064,POINT (-86.6064 36.17)
20190390729,05/22/2019 09:20:00 AM,2,0,0,,N,212325,4,ANGLE,21,CLEAR,1,DAYLIGHT,12,MOTOR VEHICLE IN TRANSPORT,GALLATIN PKES & WOODRUFF ST,MADISON,TN,37115,1605,MADISO,36.2599,-86.7131,POINT (-86.7131 36.2599)
20190517156,07/10/2019 12:33:00 PM,2,1,0,,N,633390,4,ANGLE,22,CLOUDY,1,DAYLIGHT,12,MOTOR VEHICLE IN TRANSPORT,CARTER AV & ROBERTA ST,NASHVILLE,TN,37206,1367,EAST,36.1888,-86.7217,POINT (-86.7217 36.1888)
20190494147,06/30/2019 10:23:00 PM,3,0,0,,N,212307,4,ANGLE,21,CLEAR,3,DARK - LIGHTED,12;14,MOTOR VEHICLE IN TRANSPORT;PARKED MOTOR VEHICLE,11TH AVS & LAUREL ST,NASHVILLE,TN,37203,4017,CENTRA,36.1539,-86.7843,POINT (-86.7843 36.1539)
20190281850,04/12/2019 02:59:00 PM,2,0,0,,N,267831,5,SIDESWIPE - SAME DIRECTION,22,CLOUDY,1,DAYLIGHT,12,MOTOR VEHICLE IN TRANSPORT,WEST END AV & CRAIGHEAD AV,NASHVILLE,TN,37205,5211,WEST,36.134,-86.827,POINT (-86.827 36.134)
20190328247,04/29/2019 06:10:00 AM,2,0,0,,Y,279117,3,REAR-TO-REAR,21,CLEAR,1,DAYLIGHT,14,PARKED MOTOR VEHICLE,147 DELLWAY VILLA RD,NASHVILLE,TN,37207,1831,EAST,36.2136,-86.7637,POINT (-86.7637 36.2136)
20190212797,03/19/2019 06:55:00 AM,1,0,0,Y,N,226622,0,NOT COLLISION W/MOTOR VEHICLE-TRANSPORT,21,CLEAR,1,DAYLIGHT,72,EMBANKMENT ROCK/STONE/CONCRETE,CHICKERING LN & CHICKERING CT,NASHVILLE,TN,37215,6205,WEST,36.0694,-86.8601,POINT (-86.8601 36.0694)
20190558335,07/26/2019 03:46:00 PM,2,0,0,,Y,212330,6,SIDESWIPE - OPPOSITE DIRECTION,21,CLEAR,1,DAYLIGHT,12,MOTOR VEHICLE IN TRANSPORT,FAIRFIELD AV & LAFAYETTE ST,NASHVILLE,TN,37210,8221,HERMIT,36.1474,-86.7579,POINT (-86.7579 36.1474)
20190174219,03/05/2019 09:35:00 AM,2,0,0,,N,693093,4,ANGLE,21,CLEAR,1,DAYLIGHT,12,MOTOR VEHICLE IN TRANSPORT,GALLATIN PKEN & CUMBERLAND HILLS DR,MADISON,TN,37115,1737,MADISO,36.3093,-86.6753,POINT (-86.6753 36.3093)
20190417369,05/31/2019 10:30:00 PM,1,0,0,,N,579971,0,NOT COLLISION W/MOTOR VEHICLE-TRANSPORT,21,CLEAR,2,DARK - NOT LIGHTED,18,OTHER OBJECT (NOT FIXED),BELL RD & HICKORY PARK DR,ANTIOCH,TN,37013,8753,SOUTH,36.0449,-86.6704,POINT (-86.6704 36.0449)
20190153725,02/25/2019 10:40:00 PM,2,0,0,,N,161945,11,Front to Rear,21,CLEAR,3,DARK - LIGHTED,12,MOTOR VEHICLE IN TRANSPORT,EDMONDSON PKE & BRENT GLEN PT,NASHVILLE,TN,37211,8653,MIDTOW,36.0488,-86.7436,POINT (-86.7436 36.0488)
20190013706,01/06/2019 09:42:00 AM,2,2,0,,N,311799,2,HEAD-ON,21,CLEAR,1,DAYLIGHT,12,MOTOR VEHICLE IN TRANSPORT,BRIARVILLE RD & LEWIS RD,MADISON,TN,37115,1791,MADISO,36.2446,-86.7362,POINT (-86.7362 36.2446)
20190261862,04/05/2019 05:44:00 AM,2,0,0,,N,716886,11,Front to Rear,21,CLEAR,1,DAYLIGHT,12,MOTOR VEHICLE IN TRANSPORT,MURFREESBORO PKE & HOBSON PKE,ANTIOCH,TN,37013,8927,SOUTH,36.043,-86.6066,POINT (-86.6066 36.043)
20190526255,07/14/2019 06:40:00 AM,2,0,0,,Y,240952,4,ANGLE,22,CLOUDY,1,DAYLIGHT,12,MOTOR VEHICLE IN TRANSPORT,I24 W ENT RAMP & I 24,NASHVILLE,TN,37206,1009,EAST,36.1666,-86.7638,POINT (-86.7638 36.1666)
20190505535,07/05/2019 02:07:00 AM,2,0,0,,N,256391,11,Front to Rear,21,CLEAR,3,DARK - LIGHTED,12,MOTOR VEHICLE IN TRANSPORT,DEMONBREUN ST & 2ND AVS,NASHVILLE,TN,37201,4051,CENTRA,36.1599,-86.7739,POINT (-86.7739 36.1599)
20190512354,07/08/2019 12:11:00 PM,2,0,0,,N,256383,11,Front to Rear,21,CLEAR,1,DAYLIGHT,12,MOTOR VEHICLE IN TRANSPORT,BELL RD & MT VIEW RD,ANTIOCH,TN,37013,8865,SOUTH,36.05,-86.6496,POINT (-86.6496 36.05)
20190139285,02/20/2019 04:46:00 PM,2,0,0,,N,256389,4,ANGLE,2,RAIN,1,DAYLIGHT,12,MOTOR VEHICLE IN TRANSPORT,MAGNOLIA BLVD & 18TH AVS,NASHVILLE,TN,37212,6611,MIDTOW,36.1355,-86.7972,POINT (-86.7972 36.1355)
20190340753,05/03/2019 01:00:00 PM,2,0,0,,Y,676834,6,SIDESWIPE - OPPOSITE DIRECTION,22,CLOUDY,1,DAYLIGHT,12;14,MOTOR VEHICLE IN TRANSPORT;PARKED MOTOR VEHICLE,2800 JOHN A MERRITT BLVD,NASHVILLE,TN,37209,4503,NORTH,36.1682,-86.8209,POINT (-86.8209 36.1682)
20190187357,03/09/2019 07:05:00 PM,1,0,0,Y,Y,311344,0,NOT COLLISION W/MOTOR VEHICLE-TRANSPORT,2,RAIN,2,DARK - NOT LIGHTED,30;63,UTILITY POLE;Ran Off Road-Right,W MONTICELLO AV & MONTICELLO AV,GOODLETTSVILLE,TN,37072,1755,MADISO,36.2884,-86.7103,POINT (-86.7103 36.2884)
20190431508,06/06/2019 12:31:00 PM,2,0,0,,N,191578,11,Front to Rear,21,CLEAR,1,DAYLIGHT,12,MOTOR VEHICLE IN TRANSPORT,ELM HILL PKE & ROYAL PKWY,NASHVILLE,TN,37214,9103,HERMIT,36.1516,-86.6762,POINT (-86.6762 36.1516)
20190381985,05/19/2019 12:00:00 AM,2,0,0,,Y,320578,4,ANGLE,21,CLEAR,3,DARK - LIGHTED,12,MOTOR VEHICLE IN TRANSPORT,ANTIOCH PKE & HAYWOOD LN,ANTIOCH,TN,37013,8899,SOUTH,36.0703,-86.6845,POINT (-86.6845 36.0703)
20190147515,02/23/2019 12:06:00 PM,2,2,0,,N,311799,4,ANGLE,2,RAIN,1,DAYLIGHT,12,MOTOR VEHICLE IN TRANSPORT,GALLATIN PKEN & SHEPHERD HILLS DR,MADISON,TN,37115,1731,MADISO,36.3009,-86.6946,POINT (-86.6946 36.3009)
20190110419,02/10/2019 01:25:00 PM,2,0,0,,N,620067,11,Front to Rear,2,RAIN,1,DAYLIGHT,12,MOTOR VEHICLE IN TRANSPORT,NOLENSVILLE PKE & CONCORD RD,NASHVILLE,TN,37211,8651,MIDTOW,36.0042,-86.6916,POINT (-86.6916 36.0042)
20190346880,05/06/2019 08:32:00 AM,2,0,0,,Y,716886,11,Front to Rear,21,CLEAR,1,DAYLIGHT,12,MOTOR VEHICLE IN TRANSPORT,MM 54 0 I 24,NASHVILLE,TN,37211,88122,SOUTH,36.1064,-86.7188,POINT (-86.7188 36.1064)
20190425816,06/04/2019 02:10:00 PM,2,0,0,,N,352183,5,SIDESWIPE - SAME DIRECTION,21,CLEAR,1,DAYLIGHT,12,MOTOR VEHICLE IN TRANSPORT,MM 6 5 I 440,NASHVILLE,TN,37210,81040,SOUTH,36.1242,-86.7451,POINT (-86.7451 36.1242)
20190577755,08/03/2019 06:25:00 PM,1,0,0,,N,161939,0,NOT COLLISION W/MOTOR VEHICLE-TRANSPORT,2,RAIN,1,DAYLIGHT,18,OTHER OBJECT (NOT FIXED),PRESERVE BLVD & CANDLECREEK WAY,ANTIOCH,TN,37013,8867,SOUTH,36.0323,-86.6139,POINT (-86.6139 36.0323)
20190380653,05/18/2019 12:53:00 PM,1,0,0,,N,462474,0,NOT COLLISION W/MOTOR VEHICLE-TRANSPORT,21,CLEAR,1,DAYLIGHT,50,DEER (ANIMAL),MM 77 6 I 65,NASHVILLE,TN,37220,86042,MIDTOW,36.0799,-86.7644,POINT (-86.7644 36.0799)
20190551902,07/24/2019 09:11:00 AM,3,0,0,,Y,225773,11,Front to Rear,21,CLEAR,1,DAYLIGHT,12,MOTOR VEHICLE IN TRANSPORT,MM 79 7 I 65,NASHVILLE,TN,37204,8504,MIDTOW,36.1092,-86.7698,POINT (-86.7698 36.1092)
20190432336,06/06/2019 06:17:00 PM,2,0,0,,Y,240955,11,Front to Rear,22,CLOUDY,1,DAYLIGHT,12,MOTOR VEHICLE IN TRANSPORT,NOLENSVILLE PKE & OLD HICKORY BLVD,NASHVILLE,TN,37211,8717,SOUTH,36.0454,-86.7133,POINT (-86.7133 36.0454)
20190235316,03/26/2019 05:59:00 PM,2,1,0,,N,279124,11,Front to Rear,21,CLEAR,1,DAYLIGHT,12,MOTOR VEHICLE IN TRANSPORT,I440 W ENT RAMP & I 24,NASHVILLE,TN,37217,8801,SOUTH,36.1232,-86.7263,POINT (-86.7263 36.1232)
20190059830,01/23/2019 02:44:00 PM,2,0,0,,N,279214,11,Front to Rear,2,RAIN,1,DAYLIGHT,12,MOTOR VEHICLE IN TRANSPORT,I440 E ENT RAMP & I 65,NASHVILLE,TN,37204,7018,MIDTOW,36.1138,-86.7719,POINT (-86.7719 36.1138)
20190540598,07/19/2019 05:16:00 PM,2,1,0,,N,256389,11,Front to Rear,21,CLEAR,1,DAYLIGHT,12,MOTOR VEHICLE IN TRANSPORT,MELROSE AV & GRANDVIEW AV,NASHVILLE,TN,37211,8343,MIDTOW,36.1205,-86.7504,POINT (-86.7504 36.1205)
20190091132,02/03/2019 11:16:00 AM,2,0,0,,N,279110,5,SIDESWIPE - SAME DIRECTION,21,CLEAR,1,DAYLIGHT,12,MOTOR VEHICLE IN TRANSPORT,TRIMBLE ST & FAIRFIELD AV,NASHVILLE,TN,37210,8135,SOUTH,36.1459,-86.7578,POINT (-86.7578 36.1459)
20190265663,04/06/2019 05:25:00 PM,4,1,0,,N,256384,11,Front to Rear,21,CLEAR,1,DAYLIGHT,12,MOTOR VEHICLE IN TRANSPORT,NOLENSVILLE PKE & ROSEDALE AV,NASHVILLE,TN,37211,8043,MIDTOW,36.125,-86.7522,POINT (-86.7522 36.125)
20190568715,07/31/2019 06:39:00 AM,2,0,0,,N,191578,4,ANGLE,21,CLEAR,1,DAYLIGHT,12,MOTOR VEHICLE IN TRANSPORT,MURFREESBORO PKE & PLUS PARK BLVD,NASHVILLE,TN,37217,8815,HERMIT,36.1337,-86.722,POINT (-86.722 36.1337)
20190194483,03/12/2019 02:48:00 PM,2,0,0,,Y,267831,11,Front to Rear,22,CLOUDY,1,DAYLIGHT,12,MOTOR VEHICLE IN TRANSPORT,WEST END AV & WHITLAND AV,NASHVILLE,TN,37205,6019,WEST,36.1309,-86.8361,POINT (-86.8361 36.1309)
20190444849,06/11/2019 12:00:00 AM,2,0,0,,N,298861,11,Front to Rear,21,CLEAR,2,DARK - NOT LIGHTED,12,MOTOR VEHICLE IN TRANSPORT,MM 51 6 I 24,NASHVILLE,TN,37210,82061,HERMIT,36.1403,-86.7313,POINT (-86.7313 36.1403)
20190343506,05/04/2019 06:50:00 PM,3,0,0,Y,N,320582,4,ANGLE,2,RAIN,5,DUSK,12;27,MOTOR VEHICLE IN TRANSPORT;H-WAY TRAFFIC SIGNAL POST,MM 47 8 I 24,NASHVILLE,TN,37207,1904,CENTRA,36.1775,-86.7731,POINT (-86.7731 36.1775)
20190434823,06/07/2019 05:36:00 PM,2,0,0,,Y,311337,11,Front to Rear,2,RAIN,1,DAYLIGHT,12,MOTOR VEHICLE IN TRANSPORT,LEBANON PKE & DONELSON PKE,NASHVILLE,TN,37214,9311,HERMIT,36.1676,-86.6633,POINT (-86.6633 36.1676)
20190371817,05/15/2019 11:12:00 AM,3,0,0,,Y,348631,11,Front to Rear,2,RAIN,1,DAYLIGHT,12,MOTOR VEHICLE IN TRANSPORT,MM 86 5 I 65,NASHVILLE,TN,37207,3006,NORTH,36.1946,-86.7762,POINT (-86.7762 36.1946)
20190089464,02/02/2019 12:00:00 AM,2,0,0,,Y,311327,9,UNKNOWN,21,CLEAR,,,12;14,MOTOR VEHICLE IN TRANSPORT;PARKED MOTOR VEHICLE,S 7TH ST & CAYCE PLACE PVTDR,NASHVILLE,TN,37206,1023,EAST,36.1677,-86.757,POINT (-86.757 36.1677)
20190418453,05/31/2019 12:00:00 AM,2,0,0,,Y,834798,5,SIDESWIPE - SAME DIRECTION,21,CLEAR,1,DAYLIGHT,14,PARKED MOTOR VEHICLE,LAWRENCE AV & 10TH AVS,NASHVILLE,TN,37204,6947,MIDTOW,36.1289,-86.786,POINT (-86.786 36.1289)