Accident Number,Date and Time,Number of Motor Vehicles,Number of Injuries,Number of Fatalities,Property Damage,Hit and Run,Reporting Officer,Collision Type Code,Collision Type Description,Weather Code,Weather Description,Illumination Code,Illumination Description,Harmful Code,Harmful Code Description,Street Address,City,State,ZIP,RPA,Precinct,Latitude,Longitude,Mapped Location
20190356101,05/09/2019 10:58:00 AM,2,0,0,,N,279110,6,SIDESWIPE - OPPOSITE DIRECTION,2,RAIN,1,DAYLIGHT,12,MOTOR VEHICLE IN TRANSPORT,EAST THOMPSON LN & EAST THOMPSON LN PVTD,NASHVILLE,TN,37211,8337,SOUTH,36.1098,-86.7277,POINT (-86.7277 36.1098)
20190146229,02/22/2019 08:25:00 PM,2,0,0,,N,311341,4,ANGLE,2,RAIN,3,DARK - LIGHTED,12,MOTOR VEHICLE IN TRANSPORT,MURPHY RD & MURPHY RD 46TH AV N ROUND,NASHVILLE,TN,37209,5207,WEST,36.141,-86.8409,POINT (-86.8409 36.141)
20190547544,07/22/2019 06:13:00 PM,2,0,0,,N,256389,4,ANGLE,2,RAIN,1,DAYLIGHT,12,MOTOR VEHICLE IN TRANSPORT,CONCORD RD & NOLENSVILLE PKE,NASHVILLE,TN,37211,8651,MIDTOW,35.997,-86.6899,POINT (-86.6899 35.997)
20190214876,03/19/2019 09:04:00 PM,2,1,0,,N,256389,16,Rear to Side,21,CLEAR,3,DARK - LIGHTED,12,MOTOR VEHICLE IN TRANSPORT,HAYES ST & 19TH AVN,NASHVILLE,TN,37203,5525,MIDTOW,36.1532,-86.7985,POINT (-86.7985 36.1532)
20190529575,07/15/2019 05:34:00 PM,2,0,0,,N,256386,11,Front to Rear,22,CLOUDY,1,DAYLIGHT,12,MOTOR VEHICLE IN TRANSPORT,I 40 & UNKNOWN RAMP,NASHVILLE,TN,37210,9041,HERMIT,36.144,-86.7013,POINT (-86.7013 36.144)
20190027562,01/11/2019 10:42:00 AM,2,0,0,,Y,594473,6,SIDESWIPE - OPPOSITE DIRECTION,21,CLEAR,1,DAYLIGHT,12,MOTOR VEHICLE IN TRANSPORT,WOODMONT BLVD & BELMONT BLVD,NASHVILLE,TN,37215,6415,MIDTOW,36.113,-86.7998,POINT (-86.7998 36.113)
20190007473,01/03/2019 06:20:00 PM,2,0,0,,N,256424,11,Front to Rear,21,CLEAR,2,DARK - NOT LIGHTED,12,MOTOR VEHICLE IN TRANSPORT,OLD MURFREESBORO PKE & FAIRCLOTH LN,NASHVILLE,TN,37217,8947,HERMIT,36.1036,-86.6665,POINT (-86.6665 36.1036)
20190063831,01/24/2019 08:52:00 PM,1,1,0,Y,Y,256422,0,NOT COLLISION W/MOTOR VEHICLE-TRANSPORT,21,CLEAR,3,DARK - LIGHTED,43,OTHER FIXED OBJECTS,TAYLOR ST & ROSA L PARKS BLVD,NASHVILLE,TN,37208,4323,NORTH,36.1771,-86.7933,POINT (-86.7933 36.1771)
20190365993,05/13/2019 01:15:00 PM,2,0,0,,N,223502,5,SIDESWIPE - SAME DIRECTION,21,CLEAR,1,DAYLIGHT,12;14,MOTOR VEHICLE IN TRANSPORT;PARKED MOTOR VEHICLE,MM 52 6 I 24,NASHVILLE,TN,37210,81022,SOUTH,36.1244,-86.7281,POINT (-86.7281 36.1244)
20190043268,01/17/2019 06:48:00 AM,1,1,0,,N,191578,0,NOT COLLISION W/MOTOR VEHICLE-TRANSPORT,2,RAIN,4,DAWN,1;72,EMBANKMENT ROCK/STONE/CONCRETE,OLD DONELSON PKE & NODYNE DR,NASHVILLE,TN,37214,9105,HERMIT,36.1515,-86.6672,POINT (-86.6672 36.1515)
20190147474,02/23/2019 11:39:00 AM,1,0,0,,N,109534,0,NOT COLLISION W/MOTOR VEHICLE-TRANSPORT,2,RAIN,1,DAYLIGHT,24,GUARDRAIL FACE,MM 214 8 I 40,NASHVILLE,TN,37210,9006,HERMIT,36.1443,-86.6982,POINT (-86.6982 36.1443)
20190063196,01/24/2019 04:10:00 PM,2,0,0,,N,256386,5,SIDESWIPE - SAME DIRECTION,21,CLEAR,1,DAYLIGHT,12,MOTOR VEHICLE IN TRANSPORT,US HWY 41 & RURAL HILL RD,NASHVILLE,TN,37217,8939,HERMIT,36.0756,-86.6396,POINT (-86.6396 36.0756)
20190544453,07/21/2019 12:23:00 PM,2,2,0,,N,320575,11,Front to Rear,22,CLOUDY,1,DAYLIGHT,12,MOTOR VEHICLE IN TRANSPORT,OLD HICKORY BLVD & OWEN DR,ANTIOCH,TN,37013,8869,SOUTH,36.0183,-86.6196,POINT (-86.6196 36.0183)
20190354073,05/08/2019 01:50:00 PM,1,0,0,Y,Y,256383,0,NOT COLLISION W/MOTOR VEHICLE-TRANSPORT,21,CLEAR,1,DAYLIGHT,40,MAIL BOX,CALAIS CIR & OWENDALE DR,ANTIOCH,TN,37013,8979,SOUTH,36.0653,-86.6218,POINT (-86.6218 36.0653)
20190393955,05/23/2019 10:00:00 AM,2,0,0,,N,226136,5,SIDESWIPE - SAME DIRECTION,22,CLOUDY,1,DAYLIGHT,12,MOTOR VEHICLE IN TRANSPORT,21ST AVS & LINDEN AV,NASHVILLE,TN,37212,6605,MIDTOW,36.1281,-86.8032,POINT (-86.8032 36.1281)
20190312050,04/23/2019 07:42:00 AM,1,0,0,,N,420059,0,NOT COLLISION W/MOTOR VEHICLE-TRANSPORT,21,CLEAR,1,DAYLIGHT,18,OTHER OBJECT (NOT FIXED),COBBLE ST & WINTER CT,NASHVILLE,TN,37211,8651,MIDTOW,36.0239,-86.7235,POINT (-86.7235 36.0239)
20190118713,02/13/2019 08:00:00 AM,3,2,0,,N,109534,11,Front to Rear,21,CLEAR,1,DAYLIGHT,12,MOTOR VEHICLE IN TRANSPORT,CHANDLERS PASS CT & CHANDLER RD,HERMITAGE,TN,37076,9523,HERMIT,36.1893,-86.6062,POINT (-86.6062 36.1893)
20190261245,04/05/2019 12:03:00 AM,1,0,0,,N,299254,0,NOT COLLISION W/MOTOR VEHICLE-TRANSPORT,2,RAIN,2,DARK - NOT LIGHTED,25;63,GUARDRAIL END;Ran Off Road-Right,MM 60 8 I 24,ANTIOCH,TN,37013,88060,SOUTH,36.0325,-86.6406,POINT (-86.6406 36.0325)
20190166937,03/02/2019 03:01:00 PM,2,0,0,,N,579971,4,ANGLE,22,CLOUDY,1,DAYLIGHT,12,MOTOR VEHICLE IN TRANSPORT,OLD HICKORY BLVD & MILL CREEK LENOX VILL,ANTIOCH,TN,37013,8759,SOUTH,36.0205,-86.6809,POINT (-86.6809 36.0205)
20190049168,01/19/2019 09:38:00 AM,1,0,0,Y,N,226673,0,NOT COLLISION W/MOTOR VEHICLE-TRANSPORT,2,RAIN,1,DAYLIGHT,25;63,GUARDRAIL END;Ran Off Road-Right,MM 207 9 I 40,NASHVILLE,TN,37208,54022,NORTH,36.1693,-86.7972,POINT (-86.7972 36.1693)
20190007407,01/03/2019 05:36:00 PM,3,0,0,,N,206675,11,Front to Rear,21,CLEAR,2,DARK - NOT LIGHTED,12,MOTOR VEHICLE IN TRANSPORT,MM 82 0 I 65,NASHVILLE,TN,37203,80061,MIDTOW,36.1433,-86.7769,POINT (-86.7769 36.1433)
20190177523,03/06/2019 09:14:00 AM,4,3,0,,N,226136,11,Front to Rear,21,CLEAR,1,DAYLIGHT,12,MOTOR VEHICLE IN TRANSPORT,CHARLOTTE AV & 27TH AVN,NASHVILLE,TN,37209,5341,MIDTOW,36.1543,-86.8168,POINT (-86.8168 36.1543)
20190391606,05/22/2019 04:05:00 PM,2,0,0,,N,714641,5,SIDESWIPE - SAME DIRECTION,21,CLEAR,1,DAYLIGHT,12,MOTOR VEHICLE IN TRANSPORT,MM 209 7 I 40,NASHVILLE,TN,37203,4004,CENTRA,36.1492,-86.7812,POINT (-86.7812 36.1492)
20190532043,07/16/2019 12:00:00 AM,2,0,0,,N,279204,11,Front to Rear,21,CLEAR,1,DAYLIGHT,12,MOTOR VEHICLE IN TRANSPORT,JEFFERSON ST & 9TH AVN,NASHVILLE,TN,37208,4239,NORTH,36.1729,-86.7931,POINT (-86.7931 36.1729)
20190105553,02/08/2019 10:26:00 AM,2,0,0,,N,191578,11,Front to Rear,21,CLEAR,1,DAYLIGHT,12,MOTOR VEHICLE IN TRANSPORT,RUNDLE AV & FESSLERS LN,NASHVILLE,TN,37210,8211,HERMIT,36.1469,-86.7442,POINT (-86.7442 36.1469)
20190471409,06/21/2019 02:21:00 PM,2,0,0,,Y,690942,11,Front to Rear,21,CLEAR,1,DAYLIGHT,12;99,MOTOR VEHICLE IN TRANSPORT;UNKNOWN MOST HARMFUL EVENT,CHURCH ST & 5TH AVN,NASHVILLE,TN,37219,4129,CENTRA,36.1632,-86.7801,POINT (-86.7801 36.1632)
20190508769,07/06/2019 01:30:00 PM,1,1,0,,N,876573,0,NOT COLLISION W/MOTOR VEHICLE-TRANSPORT,21,CLEAR,1,DAYLIGHT,39;8,WALL;PEDESTRIAN,RIVENDELL CT & RIVENDELL TRC,ANTIOCH,TN,37013,8753,SOUTH,36.0371,-86.6701,POINT (-86.6701 36.0371)
20190000585,01/01/2019 05:55:00 AM,1,1,0,Y,N,212310,0,NOT COLLISION W/MOTOR VEHICLE-TRANSPORT,2,RAIN,3,DARK - LIGHTED,29;6;63,LUMINAIRE/LIGHT SUPPORT;Ran Off Road-Right,BRILEY PKWY E ENT RAMP & BRILEY PKWYE,NASHVILLE,TN,37216,1503,EAST,36.2342,-86.7207,POINT (-86.7207 36.2342)
20190577126,08/03/2019 11:28:00 AM,3,1,0,,N,311325,11,Front to Rear,21,CLEAR,1,DAYLIGHT,12,MOTOR VEHICLE IN TRANSPORT,MM 211 4 I 40,NASHVILLE,TN,37210,8204,HERMIT,36.1517,-86.7525,POINT (-86.7525 36.1517)
20190355846,05/09/2019 08:55:00 AM,2,0,0,,N,226622,4,ANGLE,2,RAIN,1,DAYLIGHT,12,MOTOR VEHICLE IN TRANSPORT,KENNER AV & HARDING PKE,NASHVILLE,TN,37205,6021,WEST,36.1258,-86.8465,POINT (-86.8465 36.1258)
20190037730,01/15/2019 11:04:00 AM,1,1,0,,N,584947,0,NOT COLLISION W/MOTOR VEHICLE-TRANSPORT,22,CLOUDY,1,DAYLIGHT,17;64,BOULDER;Ran Off Road-Left,MM 75 4 I 65,NASHVILLE,TN,37220,71040,MIDTOW,36.0619,-86.7721,POINT (-86.7721 36.0619)
20190052462,01/20/2019 11:56:00 PM,2,0,0,Y,N,151122,4,ANGLE,21,CLEAR,3,DARK - LIGHTED,12;32;64,MOTOR VEHICLE IN TRANSPORT;CULVERT;Ran Off Road-Left,HAYWOOD LN & HOPEDALE DR,NASHVILLE,TN,37211,8711,SOUTH,36.0688,-86.7175,POINT (-86.7175 36.0688)
20190014253,01/06/2019 02:56:00 PM,2,0,0,,N,240955,4,ANGLE,21,CLEAR,1,DAYLIGHT,12,MOTOR VEHICLE IN TRANSPORT,BLUE HOLE RD & OAK CHASE DR,ANTIOCH,TN,37013,8753,SOUTH,36.0332,-86.6747,POINT (-86.6747 36.0332)
20190202555,03/15/2019 08:05:00 AM,1,0,0,Y,Y,179602,0,NOT COLLISION W/MOTOR VEHICLE-TRANSPORT,22,CLOUDY,1,DAYLIGHT,30,UTILITY POLE,EWING DR & VISTA LN,NASHVILLE,TN,37207,3045,NORTH,36.2315,-86.7956,POINT (-86.7956 36.2315)
20190165131,03/01/2019 07:15:00 PM,2,1,0,,N,179582,4,ANGLE,21,CLEAR,3,DARK - LIGHTED,12,MOTOR VEHICLE IN TRANSPORT,WELCH RD & TRAVIS DR,NASHVILLE,TN,37211,8445,SOUTH,36.0832,-86.7246,POINT (-86.7246 36.0832)
20190405269,05/27/2019 07:46:00 PM,2,1,0,,N,206675,4,ANGLE,21,CLEAR,1,DAYLIGHT,12,MOTOR VEHICLE IN TRANSPORT,OLD HICKORY BLVD & BRENTWOOD MEADOWS CIR,BRENTWOOD,TN,37027,8621,MIDTOW,36.0411,-86.7464,POINT (-86.7464 36.0411)
20190100856,02/06/2019 05:14:00 PM,2,0,0,,N,134871,2,HEAD-ON,2,RAIN,3,DARK - LIGHTED,12,MOTOR VEHICLE IN TRANSPORT,DEMONBREUN ST & 10TH AVS,NASHVILLE,TN,37203,4019,CENTRA,36.156,-86.7829,POINT (-86.7829 36.156)
20190415985,05/31/2019 11:10:00 AM,2,0,0,,N,278580,4,ANGLE,21,CLEAR,1,DAYLIGHT,12,MOTOR VEHICLE IN TRANSPORT,CLARKSVILLE PKE & BUENA VISTA PKE,NASHVILLE,TN,37218,3135,NORTH,36.1935,-86.8309,POINT (-86.8309 36.1935)
20190162451,02/28/2019 07:59:00 PM,2,0,0,,N,169425,4,ANGLE,21,CLEAR,3,DARK - LIGHTED,12,MOTOR VEHICLE IN TRANSPORT,SOUTH ST & 12TH AVS,NASHVILLE,TN,37203,6805,MIDTOW,36.1474,-86.7857,POINT (-86.7857 36.1474)
20190041133,01/16/2019 12:45:00 PM,1,1,0,Y,N,226622,0,NOT COLLISION W/MOTOR VEHICLE-TRANSPORT,22,CLOUDY,1,DAYLIGHT,18,OTHER OBJECT (NOT FIXED),CHARLOTTE PKE PVTDR & BROOKMEADE GRNWY,NASHVILLE,TN,37209,4703,WEST,36.1316,-86.9061,POINT (-86.9061 36.1316)
20190331180,04/30/2019 05:50:00 AM,2,0,0,,Y,716886,11,Front to Rear,21,CLEAR,1,DAYLIGHT,12,MOTOR VEHICLE IN TRANSPORT,MM 52 5 I 24,NASHVILLE,TN,37217,8816,SOUTH,36.1256,-86.7279,POINT (-86.7279 36.1256)
20190512704,07/08/2019 05:38:00 PM,2,0,0,,Y,298867,2,HEAD-ON,21,CLEAR,1,DAYLIGHT,12,MOTOR VEHICLE IN TRANSPORT,JONES AV & CROCKETT ST,NASHVILLE,TN,37207,1873,EAST,36.1962,-86.7591,POINT (-86.7591 36.1962)
20190381790,05/19/2019 01:20:00 AM,2,1,0,,Y,352156,4,ANGLE,21,CLEAR,2,DARK - NOT LIGHTED,12;20,MOTOR VEHICLE IN TRANSPORT;IMPACT ATTENUATOR,PIN HOOK RD & HOBSON PKE,ANTIOCH,TN,37013,8927,SOUTH,36.0493,-86.5999,POINT (-86.5999 36.0493)
20190025330,01/10/2019 03:49:00 PM,2,0,0,,N,267831,11,Front to Rear,21,CLEAR,1,DAYLIGHT,12,MOTOR VEHICLE IN TRANSPORT,HARDING PKE & ROYAL OAKS CONDOS PVTDR,NASHVILLE,TN,37205,6101,WEST,36.1235,-86.8497,POINT (-86.8497 36.1235)
20190195181,03/12/2019 08:12:00 PM,2,2,0,,N,279204,4,ANGLE,21,CLEAR,3,DARK - LIGHTED,12,MOTOR VEHICLE IN TRANSPORT,CLARKSVILLE PKE & 26TH AVN,NASHVILLE,TN,37208,4421,NORTH,36.1864,-86.8188,POINT (-86.8188 36.1864)
20190208446,03/17/2019 07:41:00 PM,2,0,0,,Y,311332,11,Front to Rear,21,CLEAR,2,DARK - NOT LIGHTED,12,MOTOR VEHICLE IN TRANSPORT,HIGHWAY 70S & HICKS RD,NASHVILLE,TN,37221,4811,WEST,36.0739,-86.9263,POINT (-86.9263 36.0739)
20190409726,05/29/2019 09:46:00 AM,3,1,0,,N,137872,3,REAR-TO-REAR,21,CLEAR,1,DAYLIGHT,12;14,MOTOR VEHICLE IN TRANSPORT;PARKED MOTOR VEHICLE,OLD HICKORY BLVD & FERRELL DR,OLD HICKORY,TN,37138,9607,HERMIT,36.244,-86.6367,POINT (-86.6367 36.244)
20190400351,05/25/2019 01:42:00 PM,2,0,0,,N,299267,4,ANGLE,21,CLEAR,1,DAYLIGHT,12,MOTOR VEHICLE IN TRANSPORT,HUNTINGTON PKWY & AMALIE DR,NASHVILLE,TN,37211,8653,MIDTOW,36.0467,-86.7251,POINT (-86.7251 36.0467)
20190167106,03/02/2019 04:00:00 PM,2,0,0,,N,161939,5,SIDESWIPE - SAME DIRECTION,21,CLEAR,1,DAYLIGHT,12,MOTOR VEHICLE IN TRANSPORT,NOLENSVILLE PKE & OLD HICKORY BLVD,NASHVILLE,TN,37211,8717,SOUTH,36.0454,-86.7133,POINT (-86.7133 36.0454)
20190316532,04/22/2019 02:30:00 AM,1,0,0,Y,Y,226622,0,NOT COLLISION W/MOTOR VEHICLE-TRANSPORT,99,UNKNOWN,9,UNKNOWN,38,FENCE,4900 CHARLOTTE AV,NASHVILLE,TN,37209,5127,WEST,36.1521,-86.846,POINT (-86.846 36.1521)
20190065181,01/25/2019 09:18:00 AM,2,0,0,,N,109534,16,Rear to Side,21,CLEAR,1,DAYLIGHT,14,PARKED MOTOR VEHICLE,EDGE O LAKE DR & BELL RD,NASHVILLE,TN,37217,8963,HERMIT,36.0794,-86.6326,POINT (-86.6326 36.0794)
20190257733,04/03/2019 05:15:00 PM,2,0,0,,Y,299241,4,ANGLE,21,CLEAR,1,DAYLIGHT,12,MOTOR VEHICLE IN TRANSPORT,LEBANON PKE & BIG HORN DR,HERMITAGE,TN,37076,9525,HERMIT,36.1676,-86.7787,POINT (-86.7787 36.1676)
20190537367,07/18/2019 01:52:00 PM,2,1,0,,N,905011,4,ANGLE,21,CLEAR,1,DAYLIGHT,12,MOTOR VEHICLE IN TRANSPORT,NOLENSVILLE PKE & HAYWOOD LN,NASHVILLE,TN,37211,8661,MIDTOW,36.0683,-86.7193,POINT (-86.7193 36.0683)
20190028204,01/11/2019 01:30:00 PM,3,0,0,,N,134899,4,ANGLE,21,CLEAR,1,DAYLIGHT,12,MOTOR VEHICLE IN TRANSPORT,MCGAVOCK PKE & LEBANON PKE,NASHVILLE,TN,37214,9307,HERMIT,36.1697,-86.6798,POINT (-86.6798 36.1697)
20190269528,04/08/2019 09:00:00 AM,2,0,0,,N,161952,11,Front to Rear,2,RAIN,1,DAYLIGHT,12,MOTOR VEHICLE IN TRANSPORT,MM 207 2 I 40,NASHVILLE,TN,37208,54020,NORTH,36.1698,-86.8089,POINT (-86.8089 36.1698)
20190168813,03/03/2019 01:20:00 PM,2,0,0,,N,161952,4,ANGLE,2,RAIN,1,DAYLIGHT,12,MOTOR VEHICLE IN TRANSPORT,BUENA VISTA PKE & CLIFF DR,NASHVILLE,TN,37218,3135,NORTH,36.1971,-86.8281,POINT (-86.8281 36.1971)
20190138748,02/20/2019 12:36:00 PM,2,0,0,,N,676834,5,SIDESWIPE - SAME DIRECTION,2,RAIN,1,DAYLIGHT,12,MOTOR VEHICLE IN TRANSPORT,MM 206 8 I 40,NASHVILLE,TN,37208,44022,NORTH,36.1684,-86.8148,POINT (-86.8148 36.1684)
20190441890,06/10/2019 06:38:00 PM,3,0,0,,N,676824,11,Front to Rear,21,CLEAR,1,DAYLIGHT,12,MOTOR VEHICLE IN TRANSPORT,2000 DOMINICAN DR,NASHVILLE,TN,37208,4403,NORTH,36.1881,-86.7977,POINT (-86.7977 36.1881)
20190056131,01/22/2019 08:30:00 AM,2,1,0,,N,226136,11,Front to Rear,21,CLEAR,1,DAYLIGHT,12,MOTOR VEHICLE IN TRANSPORT,NOLENSVILLE PKE & CRAIGHEAD ST,NASHVILLE,TN,37210,8125,SOUTH,36.1338,-86.7588,POINT (-86.7588 36.1338)
20190250175,04/01/2019 06:57:00 AM,2,1,0,,Y,109534,4,ANGLE,21,CLEAR,1,DAYLIGHT,12,MOTOR VEHICLE IN TRANSPORT,ELM HILL PKE & TIMBER VALLEY DR,NASHVILLE,TN,37214,8991,HERMIT,36.1419,-86.64,POINT (-86.64 36.1419)
20190549928,07/23/2019 03:46:00 PM,3,0,0,,N,256389,11,Front to Rear,21,CLEAR,1,DAYLIGHT,12,MOTOR VEHICLE IN TRANSPORT,MM 5 9 I 440,NASHVILLE,TN,37204,83062,MIDTOW,36.1215,-86.7578,POINT (-86.7578 36.1215)
20190220078,03/21/2019 10:19:00 AM,3,1,0,,Y,481573,11,Front to Rear,21,CLEAR,1,DAYLIGHT,12,MOTOR VEHICLE IN TRANSPORT,OLD HICKORY BLVD & BRENTWOOD BLVD,NASHVILLE,TN,37220,7111,MIDTOW,36.0377,-86.7948,POINT (-86.7948 36.0377)
20190142740,02/21/2019 06:35:00 PM,2,0,0,,N,256439,4,ANGLE,2,RAIN,3,DARK - LIGHTED,12,MOTOR VEHICLE IN TRANSPORT,ELM HILL PKE & NELSON PL,NASHVILLE,TN,37214,9105,HERMIT,36.1493,-86.6678,POINT (-86.6678 36.1493)
20190276511,04/10/2019 05:46:00 PM,2,1,0,,N,299241,4,ANGLE,21,CLEAR,1,DAYLIGHT,12,MOTOR VEHICLE IN TRANSPORT,LEBANON PKE & BONNABROOK DR,HERMITAGE,TN,37076,9531,HERMIT,36.1917,-86.6248,POINT (-86.6248 36.1917)
20190538056,07/18/2019 06:32:00 PM,2,1,0,,Y,256426,4,ANGLE,21,CLEAR,1,DAYLIGHT,12,MOTOR VEHICLE IN TRANSPORT,MURFREESBORO PKE & BLANTON AV,NASHVILLE,TN,37210,8159,SOUTH,36.1386,-86.7315,POINT (-86.7315 36.1386)
20190421138,06/02/2019 05:54:00 PM,2,0,0,,Y,330443,4,ANGLE,21,CLEAR,1,DAYLIGHT,12,MOTOR VEHICLE IN TRANSPORT,GALLATIN PKEN & OLD TIME VILLAGE PVTDR,MADISON,TN,37115,1701,MADISO,36.2638,-86.7117,POINT (-86.7117 36.2638)
20190323033,04/26/2019 02:40:00 PM,2,0,0,,N,320581,5,SIDESWIPE - SAME DIRECTION,21,CLEAR,1,DAYLIGHT,14,PARKED MOTOR VEHICLE,9TH AVN & COFFEE ST,NASHVILLE,TN,37208,4447,NORTH,36.183,-86.8026,POINT (-86.8026 36.183)
20190009876,01/04/2019 04:25:00 PM,2,0,0,,N,320579,4,ANGLE,2,RAIN,1,DAYLIGHT,12,MOTOR VEHICLE IN TRANSPORT,EASTLAND AV & GALLATIN AV,NASHVILLE,TN,37206,1243,EAST,36.1838,-86.7484,POINT (-86.7484 36.1838)
20190436400,06/08/2019 09:46:00 AM,2,1,0,Y,N,299243,4,ANGLE,22,CLOUDY,1,DAYLIGHT,12,MOTOR VEHICLE IN TRANSPORT,INTERSTATE DR & JAMES ROBERTSON PKWY,NASHVILLE,TN,37213,1105,CENTRA,36.1714,-86.769,POINT (-86.769 36.1714)
20190426917,06/04/2019 10:00:00 PM,2,0,0,,N,717341,4,ANGLE,21,CLEAR,3,DARK - LIGHTED,12,MOTOR VEHICLE IN TRANSPORT,NOLENSVILLE PKE & HARDING PL,NASHVILLE,TN,37211,8445,SOUTH,36.0809,-86.7267,POINT (-86.7267 36.0809)
20190185393,03/08/2019 09:36:00 PM,1,1,0,Y,Y,716884,0,NOT COLLISION W/MOTOR VEHICLE-TRANSPORT,2,RAIN,3,DARK - LIGHTED,31;63,"OTHER POST, POLE, SUPP.;Ran Off Road-Right",RICHLAND CREEK SHOPPING CENTER & CHARLOT,NASHVILLE,TN,37209,5117,WEST,36.1515,-86.8542,POINT (-86.8542 36.1515)
20190334680,05/01/2019 09:49:00 AM,2,0,0,,N,620072,11,Front to Rear,22,CLOUDY,1,DAYLIGHT,12,MOTOR VEHICLE IN TRANSPORT,SOUTH ST & 12TH AVS,NASHVILLE,TN,37203,6805,MIDTOW,36.1474,-86.7857,POINT (-86.7857 36.1474)
20190272471,04/09/2019 10:08:00 AM,2,0,0,,N,226136,4,ANGLE,21,CLEAR,1,DAYLIGHT,12,MOTOR VEHICLE IN TRANSPORT,ARMORY DR & SIDCO DR,NASHVILLE,TN,37204,8527,MIDTOW,36.1022,-86.7563,POINT (-86.7563 36.1022)
20190135058,02/19/2019 08:52:00 AM,2,0,0,,N,716886,11,Front to Rear,21,CLEAR,1,DAYLIGHT,12,MOTOR VEHICLE IN TRANSPORT,I24E & I24 E ENT RAMP,NASHVILLE,TN,37210,8102,SOUTH,36.1363,-86.727,POINT (-86.727 36.1363)
20190304438,04/20/2019 01:10:00 PM,1,0,0,,N,693093,0,NOT COLLISION W/MOTOR VEHICLE-TRANSPORT,2,RAIN,1,DAYLIGHT,4,,BRILEY PKWYW & BRILEY PKWYW,NASHVILLE,TN,37207,3222,NORTH,36.2338,-86.8165,POINT (-86.8165 36.2338)
20190500569,07/03/2019 05:10:00 AM,1,1,0,Y,N,110062,0,NOT COLLISION W/MOTOR VEHICLE-TRANSPORT,21,CLEAR,4,DAWN,1;31,"OTHER POST, POLE, SUPP.",COWAN ST & SPRING ST,NASHVILLE,TN,37207,1955,CENTRA,36.177,-86.7761,POINT (-86.7761 36.177)
20190109597,02/10/2019 03:05:00 AM,2,1,0,,Y,676828,4,ANGLE,21,CLEAR,3,DARK - LIGHTED,12,MOTOR VEHICLE IN TRANSPORT,17TH AVS & WEST END AV,NASHVILLE,TN,37203,5707,MIDTOW,36.1538,-86.7944,POINT (-86.7944 36.1538)
20190258043,04/03/2019 07:30:00 PM,2,0,0,,Y,206675,6,SIDESWIPE - OPPOSITE DIRECTION,21,CLEAR,3,DARK - LIGHTED,12,MOTOR VEHICLE IN TRANSPORT,NOLENSVILLE PKE & NAPOLEON AV,NASHVILLE,TN,37210,8109,SOUTH,36.1282,-86.7539,POINT (-86.7539 36.1282)
20190515159,07/09/2019 07:20:00 PM,2,0,0,,Y,352198,4,ANGLE,21,CLEAR,1,DAYLIGHT,12,MOTOR VEHICLE IN TRANSPORT,MM 207 6 I 40,NASHVILLE,TN,37208,54021,NORTH,36.1707,-86.8044,POINT (-86.8044 36.1707)
20190397967,05/24/2019 03:50:00 PM,2,1,0,,Y,206675,4,ANGLE,21,CLEAR,1,DAYLIGHT,12,MOTOR VEHICLE IN TRANSPORT,WEDGEWOOD AV & BEECH AV,NASHVILLE,TN,37204,6919,MIDTOW,36.1343,-86.7806,POINT (-86.7806 36.1343)
20190141225,02/21/2019 07:30:00 AM,2,0,0,,Y,628640,11,Front to Rear,21,CLEAR,1,DAYLIGHT,12,MOTOR VEHICLE IN TRANSPORT,I24 W ENT RAMP & I 24,NASHVILLE,TN,37206,1009,EAST,36.1666,-86.7638,POINT (-86.7638 36.1666)
20190329201,04/29/2019 02:02:00 PM,2,1,0,,N,474557,11,Front to Rear,21,CLEAR,1,DAYLIGHT,12,MOTOR VEHICLE IN TRANSPORT,I24 E EXT RAMP & HARDING PL,NASHVILLE,TN,37211,8443,SOUTH,36.0861,-86.7014,POINT (-86.7014 36.0861)
20190579406,08/04/2019 12:50:00 PM,2,2,0,,N,256502,11,Front to Rear,21,CLEAR,1,DAYLIGHT,12,MOTOR VEHICLE IN TRANSPORT,CHARLOTTE AV & 16TH AVN,NASHVILLE,TN,37203,5503,MIDTOW,36.1595,-86.7964,POINT (-86.7964 36.1595)
20190148360,02/23/2019 06:52:00 PM,1,1,0,,N,311332,0,NOT COLLISION W/MOTOR VEHICLE-TRANSPORT,22,CLOUDY,2,DARK - NOT LIGHTED,36,CONCRETE TRAFFIC BARRIER,MM 201 0 I 40,NASHVILLE,TN,37209,4708,WEST,36.1301,-86.8994,POINT (-86.8994 36.1301)
20190319868,04/25/2019 03:50:00 PM,1,0,0,Y,N,279224,0,NOT COLLISION W/MOTOR VEHICLE-TRANSPORT,22,CLOUDY,1,DAYLIGHT,38,FENCE,S 12TH ST & SEVIER ST,NASHVILLE,TN,37206,1033,EAST,36.1693,-86.7497,POINT (-86.7497 36.1693)
20190534387,07/17/2019 11:50:00 AM,2,0,0,,N,665896,5,SIDESWIPE - SAME DIRECTION,21,CLEAR,1,DAYLIGHT,12,MOTOR VEHICLE IN TRANSPORT,MM 48 1 I 24,NASHVILLE,TN,37207,1106,EAST,36.1742,-86.7706,POINT (-86.7706 36.1742)
20190217742,03/20/2019 05:50:00 PM,2,1,0,,N,240976,4,ANGLE,21,CLEAR,1,DAYLIGHT,12,MOTOR VEHICLE IN TRANSPORT,GALLATIN AV & PETWAY AV,NASHVILLE,TN,37206,1319,EAST,36.1869,-86.747,POINT (-86.747 36.1869)