Accident Number,Date and Time,Number of Motor Vehicles,Number of Injuries,Number of Fatalities,Property Damage,Hit and Run,Reporting Officer,Collision Type Code,Collision Type Description,Weather Code,Weather Description,Illumination Code,Illumination Description,Harmful Code,Harmful Code Description,Street Address,City,State,ZIP,RPA,Precinct,Latitude,Longitude,Mapped Location
20190394984,05/23/2019 04:59:00 PM,2,0,0,,N,240955,11,Front to Rear,21,CLEAR,1,DAYLIGHT,12,MOTOR VEHICLE IN TRANSPORT,MM 62 5 I 24,ANTIOCH,TN,37013,8804,SOUTH,36.0143,-86.6203,POINT (-86.6203 36.0143)
20190531982,07/16/2019 02:00:00 PM,2,0,0,,N,226648,11,Front to Rear,22,CLOUDY,1,DAYLIGHT,12,MOTOR VEHICLE IN TRANSPORT,TROUSDALE DR & GRASSMERE PK,NASHVILLE,TN,37211,8509,MIDTOW,36.0866,-86.7539,POINT (-86.7539 36.0866)
20190292764,04/16/2019 04:20:00 PM,3,0,0,,N,279214,11,Front to Rear,21,CLEAR,1,DAYLIGHT,12,MOTOR VEHICLE IN TRANSPORT,MM 79 6 I 65,NASHVILLE,TN,37204,8504,MIDTOW,36.109,-86.7696,POINT (-86.7696 36.109)
20190286596,04/14/2019 03:30:00 PM,2,0,0,,N,311328,11,Front to Rear,2,RAIN,1,DAYLIGHT,12,MOTOR VEHICLE IN TRANSPORT,11TH AVN & CHARLOTTE AV,NASHVILLE,TN,37203,4151,CENTRA,36.1621,-86.7906,POINT (-86.7906 36.1621)
20190562843,07/28/2019 12:00:00 AM,2,0,0,,Y,299270,9,UNKNOWN,21,CLEAR,9,UNKNOWN,14;55,PARKED MOTOR VEHICLE;Motor Vehicle-In-Motion Outside Trafficw,HAYES ST & 21ST AVN,NASHVILLE,TN,37203,5601,MIDTOW,36.151,-86.8028,POINT (-86.8028 36.151)
20190338443,05/02/2019 05:00:00 PM,1,1,0,,N,714641,0,NOT COLLISION W/MOTOR VEHICLE-TRANSPORT,21,CLEAR,1,DAYLIGHT,15,OTHER TYPE NON-MOTORIST,11TH AVS & LAUREL ST,NASHVILLE,TN,37203,4017,CENTRA,36.1539,-86.7843,POINT (-86.7843 36.1539)
20190151986,02/25/2019 09:40:00 AM,2,0,0,,N,676834,11,Front to Rear,21,CLEAR,1,DAYLIGHT,12,MOTOR VEHICLE IN TRANSPORT,I65 S ENT RAMP & I 65,NASHVILLE,TN,37207,3007,NORTH,36.2057,-86.778,POINT (-86.778 36.2057)
20190425932,06/04/2019 01:22:00 PM,2,1,0,,N,226622,4,ANGLE,22,CLOUDY,1,DAYLIGHT,12,MOTOR VEHICLE IN TRANSPORT,ROYAL OAKS CONDOS PVTDR & HARDING PKE,NASHVILLE,TN,37205,6101,WEST,36.124,-86.849,POINT (-86.849 36.124)
20190089449,02/02/2019 04:00:00 PM,2,1,0,,N,298860,11,Front to Rear,21,CLEAR,1,DAYLIGHT,12,MOTOR VEHICLE IN TRANSPORT,BRILEY PKWY & GLASTONBURY RD,NASHVILLE,TN,37217,88943,HERMIT,36.1372,-86.6997,POINT (-86.6997 36.1372)
20190027822,01/11/2019 12:59:00 PM,1,0,0,Y,N,179602,0,NOT COLLISION W/MOTOR VEHICLE-TRANSPORT,22,CLOUDY,1,DAYLIGHT,24,GUARDRAIL FACE,MM 86 5 I 65,NASHVILLE,TN,37207,3006,NORTH,36.1946,-86.7762,POINT (-86.7762 36.1946)
20190501098,07/03/2019 09:23:00 AM,3,0,0,,N,462474,11,Front to Rear,22,CLOUDY,1,DAYLIGHT,12,MOTOR VEHICLE IN TRANSPORT,MM 6 0 I 440,NASHVILLE,TN,37211,81060,MIDTOW,36.1217,-86.7565,POINT (-86.7565 36.1217)
20190115282,02/12/2019 08:02:00 AM,3,0,0,,Y,405447,4,ANGLE,2,RAIN,1,DAYLIGHT,12,MOTOR VEHICLE IN TRANSPORT,OLD HICKORY BLVD & FRANKLIN PIKE CIR,BRENTWOOD,TN,37027,8623,MIDTOW,36.0405,-86.7801,POINT (-86.7801 36.0405)
20190369975,05/14/2019 07:03:00 PM,2,0,0,,N,256383,11,Front to Rear,21,CLEAR,3,DARK - LIGHTED,12,MOTOR VEHICLE IN TRANSPORT,TUSCULUM RD & MADELINE DR,NASHVILLE,TN,37211,8715,SOUTH,36.0591,-86.7115,POINT (-86.7115 36.0591)
20190187136,03/09/2019 04:59:00 PM,4,0,0,Y,N,179606,0,NOT COLLISION W/MOTOR VEHICLE-TRANSPORT,2,RAIN,1,DAYLIGHT,14;18,PARKED MOTOR VEHICLE;OTHER OBJECT (NOT FIXED),4TH AVS & CAMERON ST,NASHVILLE,TN,37210,8153,SOUTH,36.1477,-86.7685,POINT (-86.7685 36.1477)
20190047947,01/18/2019 08:00:00 PM,2,1,0,,N,212330,4,ANGLE,21,CLEAR,3,DARK - LIGHTED,12,MOTOR VEHICLE IN TRANSPORT,I24 W EXT RAMP & I 24,NASHVILLE,TN,37211,8829,SOUTH,36.1074,-86.7197,POINT (-86.7197 36.1074)
20190497962,07/02/2019 08:38:00 AM,4,2,0,,Y,320601,11,Front to Rear,21,CLEAR,1,DAYLIGHT,12,MOTOR VEHICLE IN TRANSPORT,NOLENSVILLE PKE & OLD HICKORY BLVD,NASHVILLE,TN,37211,8717,SOUTH,36.0454,-86.7133,POINT (-86.7133 36.0454)
20190319390,04/25/2019 12:00:00 PM,1,0,0,,N,693093,0,NOT COLLISION W/MOTOR VEHICLE-TRANSPORT,22,CLOUDY,1,DAYLIGHT,1,,ELLINGTON PKWYN & BRILEY PKWY W ENT RAMP,MADISON,TN,37115,18781,MADISO,36.2394,-86.7397,POINT (-86.7397 36.2394)
20190198913,03/14/2019 12:00:00 AM,1,0,0,,N,177482,0,NOT COLLISION W/MOTOR VEHICLE-TRANSPORT,21,CLEAR,3,DARK - LIGHTED,18,OTHER OBJECT (NOT FIXED),MM 201 9 I 40,NASHVILLE,TN,37209,50023,WEST,36.1391,-86.8885,POINT (-86.8885 36.1391)
20190296497,04/17/2019 04:44:00 PM,2,0,0,,N,256383,4,ANGLE,21,CLEAR,1,DAYLIGHT,12,MOTOR VEHICLE IN TRANSPORT,NOLENSVILLE PKE & PARAGON MILLS RD,NASHVILLE,TN,37211,8421,SOUTH,36.0848,-86.7281,POINT (-86.7281 36.0848)
20190270007,04/08/2019 12:34:00 PM,2,0,0,,Y,191578,11,Front to Rear,22,CLOUDY,1,DAYLIGHT,12,MOTOR VEHICLE IN TRANSPORT,MURFREESBORO PKE & AIR FREIGHT BLVD,NASHVILLE,TN,37217,8841,SOUTH,36.1102,-86.6825,POINT (-86.6825 36.1102)
20190281023,04/12/2019 06:51:00 AM,1,0,0,,Y,716886,0,NOT COLLISION W/MOTOR VEHICLE-TRANSPORT,2,RAIN,1,DAYLIGHT,34,DITCH,OLD HICKORY BLVD & STREAMDALE PTW,ANTIOCH,TN,37013,8757,SOUTH,36.0304,-86.6826,POINT (-86.6826 36.0304)
20190141369,02/21/2019 09:35:00 AM,2,0,0,,N,572251,5,SIDESWIPE - SAME DIRECTION,21,CLEAR,1,DAYLIGHT,12,MOTOR VEHICLE IN TRANSPORT,MM 91 9 I 65,MADISON,TN,37115,17280,MADISO,36.259,-86.7382,POINT (-86.7382 36.259)
20190342743,05/04/2019 10:00:00 AM,2,0,0,,Y,481573,2,HEAD-ON,2,RAIN,1,DAYLIGHT,12,MOTOR VEHICLE IN TRANSPORT,HUNTINGTON PKWY & EDMONDSON PKE,NASHVILLE,TN,37211,8653,MIDTOW,36.0522,-86.7431,POINT (-86.7431 36.0522)
20190256851,04/03/2019 12:00:00 AM,2,0,0,,Y,665896,9,UNKNOWN,99,UNKNOWN,9,UNKNOWN,12;14,MOTOR VEHICLE IN TRANSPORT;PARKED MOTOR VEHICLE,MERIDIAN ST & WILBURN ST,NASHVILLE,TN,37207,1949,EAST,36.1857,-86.7682,POINT (-86.7682 36.1857)
20190413621,05/30/2019 05:10:00 PM,2,0,0,,Y,256383,11,Front to Rear,21,CLEAR,1,DAYLIGHT,12,MOTOR VEHICLE IN TRANSPORT,MCCALL ST & GLENCLIFF RD,NASHVILLE,TN,37211,8413,SOUTH,36.0984,-86.7204,POINT (-86.7204 36.0984)
20190158987,02/27/2019 02:29:00 PM,3,0,0,,N,256379,11,Front to Rear,21,CLEAR,1,DAYLIGHT,12,MOTOR VEHICLE IN TRANSPORT,THOMPSON LN & MASHBURN RD,NASHVILLE,TN,37211,8423,SOUTH,36.1097,-86.731,POINT (-86.731 36.1097)
20190351082,05/07/2019 04:40:00 PM,2,0,0,,Y,279208,4,ANGLE,21,CLEAR,1,DAYLIGHT,12,MOTOR VEHICLE IN TRANSPORT,17TH AVN & WEST END AV,NASHVILLE,TN,37203,5519,MIDTOW,36.1543,-86.7948,POINT (-86.7948 36.1543)
20190340376,05/03/2019 10:40:00 AM,2,0,0,,N,226136,4,ANGLE,22,CLOUDY,1,DAYLIGHT,12,MOTOR VEHICLE IN TRANSPORT,I440 E ENT RAMP & I 440,NASHVILLE,TN,37205,6007,WEST,36.1346,-86.8203,POINT (-86.8203 36.1346)
20190283703,04/13/2019 08:30:00 AM,1,0,0,,N,462474,0,NOT COLLISION W/MOTOR VEHICLE-TRANSPORT,2,RAIN,1,DAYLIGHT,39;64,WALL;Ran Off Road-Left,I65 S EXT RAMP & I 65,MADISON,TN,37115,20044,MADISO,36.2481,-86.743,POINT (-86.743 36.2481)
20190344997,05/05/2019 02:15:00 PM,2,0,0,,N,206682,3,REAR-TO-REAR,21,CLEAR,1,DAYLIGHT,12,MOTOR VEHICLE IN TRANSPORT,HICKORY ST & GALLATIN PKES,MADISON,TN,37115,1605,MADISO,36.2604,-86.7129,POINT (-86.7129 36.2604)
20190486351,06/27/2019 03:55:00 PM,2,1,0,,N,579971,11,Front to Rear,21,CLEAR,1,DAYLIGHT,12,MOTOR VEHICLE IN TRANSPORT,HARDING PL & LARGO DR,NASHVILLE,TN,37211,8705,SOUTH,36.0833,-86.7086,POINT (-86.7086 36.0833)
20190290064,04/15/2019 06:07:00 PM,2,0,0,,Y,256419,5,SIDESWIPE - SAME DIRECTION,21,CLEAR,1,DAYLIGHT,14,PARKED MOTOR VEHICLE,14TH AVN & HERMAN ST,NASHVILLE,TN,37208,5419,NORTH,36.1665,-86.7984,POINT (-86.7984 36.1665)
20190542750,07/20/2019 04:52:00 PM,2,0,0,,N,414668,98,OTHER,21,CLEAR,1,DAYLIGHT,14,PARKED MOTOR VEHICLE,VICTORY AV & TITANS WAY,NASHVILLE,TN,37213,1101,CENTRA,36.1641,-86.7721,POINT (-86.7721 36.1641)
20190309841,04/22/2019 04:42:00 PM,2,0,0,,N,151132,11,Front to Rear,21,CLEAR,1,DAYLIGHT,12,MOTOR VEHICLE IN TRANSPORT,BRILEY PKWY E ENT RAMP & BRICK CHURCH PK,NASHVILLE,TN,37207,2031,MADISO,36.2373,-86.781,POINT (-86.781 36.2373)
20190285635,04/14/2019 04:13:00 AM,1,0,0,,N,299245,0,NOT COLLISION W/MOTOR VEHICLE-TRANSPORT,2,RAIN,3,DARK - LIGHTED,30;32,UTILITY POLE;CULVERT,ELLINGTON PKWYN & ELLINGTON PKWY N ENT R,NASHVILLE,TN,37216,1821,EAST,36.2069,-86.7496,POINT (-86.7496 36.2069)
20190302265,04/19/2019 03:11:00 PM,2,0,0,,N,256383,11,Front to Rear,22,CLOUDY,1,DAYLIGHT,12,MOTOR VEHICLE IN TRANSPORT,HARDING PL & DONELSON PKE,NASHVILLE,TN,37217,8841,SOUTH,36.0928,-86.6789,POINT (-86.6789 36.0928)
20190483208,06/26/2019 02:40:00 PM,2,0,0,,N,716886,11,Front to Rear,21,CLEAR,1,DAYLIGHT,12,MOTOR VEHICLE IN TRANSPORT,I24 E EXT RAMP & I 24,NASHVILLE,TN,37207,30080,NORTH,36.2378,-86.7872,POINT (-86.7872 36.2378)
20190276590,04/10/2019 05:58:00 PM,2,0,0,,N,256426,5,SIDESWIPE - SAME DIRECTION,21,CLEAR,1,DAYLIGHT,12,MOTOR VEHICLE IN TRANSPORT,MM 213 9 I 40,NASHVILLE,TN,37217,8802,HERMIT,36.1415,-86.7148,POINT (-86.7148 36.1415)
20190579772,08/04/2019 03:33:00 PM,1,0,0,Y,N,320594,0,NOT COLLISION W/MOTOR VEHICLE-TRANSPORT,2,RAIN,1,DAYLIGHT,40,MAIL BOX,BOUNTY DR & SANBORN DR,NASHVILLE,TN,37210,9039,HERMIT,36.1556,-86.6947,POINT (-86.6947 36.1556)
20190449243,06/13/2019 09:02:00 AM,2,0,0,,N,716886,4,ANGLE,21,CLEAR,1,DAYLIGHT,12,MOTOR VEHICLE IN TRANSPORT,OCTOBER WOODS DR & COLO TRL,ANTIOCH,TN,37013,8765,SOUTH,36.0088,-86.6258,POINT (-86.6258 36.0088)
20190163483,03/01/2019 06:09:00 AM,2,0,0,,Y,109534,5,SIDESWIPE - SAME DIRECTION,5,FOG,3,DARK - LIGHTED,12;99,MOTOR VEHICLE IN TRANSPORT;UNKNOWN MOST HARMFUL EVENT,MM 52 5 I 24,NASHVILLE,TN,37217,8816,SOUTH,36.1256,-86.7279,POINT (-86.7279 36.1256)
20190135382,02/19/2019 11:02:00 AM,2,1,0,,N,226092,11,Front to Rear,22,CLOUDY,1,DAYLIGHT,12,MOTOR VEHICLE IN TRANSPORT,CLARKSVILLE PKE & ROSA L PARKS BLVD,NASHVILLE,TN,37228,4483,NORTH,36.1889,-86.8231,POINT (-86.8231 36.1889)
20190379001,05/17/2019 06:20:00 PM,2,0,0,,N,420040,11,Front to Rear,21,CLEAR,1,DAYLIGHT,12,MOTOR VEHICLE IN TRANSPORT,WEST END AV & 31ST AVN,NASHVILLE,TN,37212,5815,MIDTOW,36.1426,-86.8155,POINT (-86.8155 36.1426)
20190337540,05/02/2019 10:35:00 AM,2,1,0,,N,716886,5,SIDESWIPE - SAME DIRECTION,21,CLEAR,1,DAYLIGHT,12,MOTOR VEHICLE IN TRANSPORT,MURFREESBORO PKE & NASHBORO BLVD,ANTIOCH,TN,37013,8891,SOUTH,36.0869,-86.6487,POINT (-86.6487 36.0869)
20190467787,06/20/2019 10:07:00 AM,3,0,0,,Y,191578,11,Front to Rear,22,CLOUDY,1,DAYLIGHT,12,MOTOR VEHICLE IN TRANSPORT,MURFREESBORO PKE & ARLINGTON AV,NASHVILLE,TN,37210,8159,SOUTH,36.1399,-86.7354,POINT (-86.7354 36.1399)
20190174072,03/05/2019 08:43:00 AM,1,1,0,Y,N,191578,0,NOT COLLISION W/MOTOR VEHICLE-TRANSPORT,21,CLEAR,1,DAYLIGHT,18,OTHER OBJECT (NOT FIXED),STEWARTS FERRY PKE & ALVIN SPERRY RD,HERMITAGE,TN,37076,9553,HERMIT,36.1353,-86.5711,POINT (-86.5711 36.1353)
20190480681,06/25/2019 06:00:00 PM,2,0,0,,N,212330,5,SIDESWIPE - SAME DIRECTION,21,CLEAR,1,DAYLIGHT,12,MOTOR VEHICLE IN TRANSPORT,HUMBER DR & HARDING PL,NASHVILLE,TN,37211,8705,SOUTH,36.0812,-86.7151,POINT (-86.7151 36.0812)
20190296732,04/17/2019 07:50:00 PM,2,1,0,,N,279124,4,ANGLE,21,CLEAR,3,DARK - LIGHTED,12,MOTOR VEHICLE IN TRANSPORT,MURFREESBORO PKE & BELL RD,ANTIOCH,TN,37013,8979,SOUTH,36.072,-86.636,POINT (-86.636 36.072)
20190293471,04/16/2019 09:12:00 PM,2,1,0,,N,256417,4,ANGLE,21,CLEAR,3,DARK - LIGHTED,12,MOTOR VEHICLE IN TRANSPORT,OLD HICKORY BLVD & CENTRAL PKE,HERMITAGE,TN,37076,9557,HERMIT,36.1676,-86.7787,POINT (-86.7787 36.1676)
20190102390,02/07/2019 07:20:00 AM,2,0,0,,N,226600,4,ANGLE,22,CLOUDY,1,DAYLIGHT,12,MOTOR VEHICLE IN TRANSPORT,HILLSBORO PKE & HEMINGWAY DR,NASHVILLE,TN,,6203,WEST,36.0797,-86.8361,POINT (-86.8361 36.0797)
20190012285,01/05/2019 05:42:00 PM,2,1,0,,N,299266,11,Front to Rear,21,CLEAR,3,DARK - LIGHTED,12,MOTOR VEHICLE IN TRANSPORT,NOLENSVILLE PKE & WALLACE RD,NASHVILLE,TN,37211,8609,MIDTOW,36.0783,-86.726,POINT (-86.726 36.0783)
20190138009,02/20/2019 07:25:00 AM,2,0,0,,N,834798,11,Front to Rear,2,RAIN,1,DAYLIGHT,12,MOTOR VEHICLE IN TRANSPORT,I40 E EXT RAMP & 4TH AVS,NASHVILLE,TN,37210,8153,SOUTH,36.1505,-86.7704,POINT (-86.7704 36.1505)
20190019899,01/08/2019 06:03:00 PM,3,0,0,,N,311327,11,Front to Rear,21,CLEAR,1,DAYLIGHT,12,MOTOR VEHICLE IN TRANSPORT,WOODLAND ST & S 10TH ST,NASHVILLE,TN,37206,1201,EAST,36.177,-86.7512,POINT (-86.7512 36.177)
20190384202,05/20/2019 12:00:00 AM,2,1,0,,N,298875,4,ANGLE,21,CLEAR,1,DAYLIGHT,12,MOTOR VEHICLE IN TRANSPORT,ANTIOCH PKE & LUNA DR,NASHVILLE,TN,37211,8889,SOUTH,36.0775,-86.6823,POINT (-86.6823 36.0775)
20190413788,05/30/2019 12:00:00 AM,1,0,0,Y,Y,240955,0,NOT COLLISION W/MOTOR VEHICLE-TRANSPORT,21,CLEAR,1,DAYLIGHT,30;34;64,UTILITY POLE;DITCH;Ran Off Road-Left,PETTUS RD & NOLENSVILLE RD,ANTIOCH,TN,37013,8767,SOUTH,35.9955,-86.6879,POINT (-86.6879 35.9955)
20190417655,06/01/2019 01:00:00 AM,1,1,0,,N,311800,0,NOT COLLISION W/MOTOR VEHICLE-TRANSPORT,21,CLEAR,3,DARK - LIGHTED,8,PEDESTRIAN,BROADWAY & 5TH AVS,NASHVILLE,TN,37203,4089,CENTRA,36.1605,-86.7784,POINT (-86.7784 36.1605)
20190569917,07/31/2019 04:38:00 PM,2,0,0,,N,169425,4,ANGLE,21,CLEAR,1,DAYLIGHT,12,MOTOR VEHICLE IN TRANSPORT,WEST END AV & 28TH AVN,NASHVILLE,TN,37203,5625,MIDTOW,36.1451,-86.8124,POINT (-86.8124 36.1451)
20190581389,08/05/2019 10:57:00 AM,1,0,0,Y,Y,834813,0,NOT COLLISION W/MOTOR VEHICLE-TRANSPORT,21,CLEAR,1,DAYLIGHT,32,CULVERT,EATONS CREEK RD & OLD CLARKSVILLE PKE,JOELTON,TN,37080,3331,NORTH,36.3188,-86.876,POINT (-86.876 36.3188)
20190178914,03/06/2019 06:20:00 PM,3,1,0,,Y,256448,11,Front to Rear,21,CLEAR,1,DAYLIGHT,12,MOTOR VEHICLE IN TRANSPORT,MM 214 4 I 40,NASHVILLE,TN,37210,90061,HERMIT,36.1431,-86.7063,POINT (-86.7063 36.1431)
20190251520,04/01/2019 05:15:00 PM,1,0,0,Y,N,299253,0,NOT COLLISION W/MOTOR VEHICLE-TRANSPORT,21,CLEAR,1,DAYLIGHT,18,OTHER OBJECT (NOT FIXED),SHARPE AV & GALLATIN AV,NASHVILLE,TN,37206,1319,EAST,36.1891,-86.7455,POINT (-86.7455 36.1891)
20190191232,03/11/2019 01:15:00 PM,2,0,0,,N,676834,5,SIDESWIPE - SAME DIRECTION,21,CLEAR,1,DAYLIGHT,12,MOTOR VEHICLE IN TRANSPORT,MM 208 1 I 40,NASHVILLE,TN,37208,42023,NORTH,36.1684,-86.7964,POINT (-86.7964 36.1684)
20190099405,02/06/2019 06:25:00 AM,3,0,0,,N,226600,5,SIDESWIPE - SAME DIRECTION,2,RAIN,1,DAYLIGHT,12,MOTOR VEHICLE IN TRANSPORT,HARDING PKE & KENNER AV,NASHVILLE,TN,37205,6021,WEST,36.1261,-86.8461,POINT (-86.8461 36.1261)
20190266600,04/07/2019 01:58:00 AM,1,2,0,Y,N,299254,0,NOT COLLISION W/MOTOR VEHICLE-TRANSPORT,2,RAIN,3,DARK - LIGHTED,40;63,MAIL BOX;Ran Off Road-Right,HAYWOOD LN & HOPEDALE DR,NASHVILLE,TN,37211,8711,SOUTH,36.0688,-86.7175,POINT (-86.7175 36.0688)
20190493200,06/30/2019 12:01:00 PM,3,0,0,,Y,633390,11,Front to Rear,21,CLEAR,1,DAYLIGHT,12,MOTOR VEHICLE IN TRANSPORT,MM 46 7 I 24,NASHVILLE,TN,37207,19060,EAST,36.1922,-86.7755,POINT (-86.7755 36.1922)
20190205540,03/16/2019 10:49:00 AM,2,0,0,,N,320592,98,OTHER,21,CLEAR,1,DAYLIGHT,14,PARKED MOTOR VEHICLE,HEARTLAND DR & HARRELL CT,NASHVILLE,TN,37214,9317,HERMIT,36.1887,-86.6685,POINT (-86.6685 36.1887)
20190394107,05/23/2019 10:51:00 AM,2,0,0,,N,716886,11,Front to Rear,21,CLEAR,1,DAYLIGHT,12,MOTOR VEHICLE IN TRANSPORT,I440 W ENT RAMP & I 440,NASHVILLE,TN,37210,81021,SOUTH,36.1259,-86.7322,POINT (-86.7322 36.1259)
20190300880,04/19/2019 12:00:00 AM,1,0,0,,Y,161945,0,NOT COLLISION W/MOTOR VEHICLE-TRANSPORT,2,RAIN,2,DARK - NOT LIGHTED,34,DITCH,EDMONDSON PKE & MT PISGAH RD,NASHVILLE,TN,37211,8651,MIDTOW,36.0244,-86.7424,POINT (-86.7424 36.0244)
20190361608,05/11/2019 12:20:00 PM,2,0,0,,N,481573,11,Front to Rear,22,CLOUDY,1,DAYLIGHT,12,MOTOR VEHICLE IN TRANSPORT,MM 5 0 I 440,NASHVILLE,TN,37204,8306,MIDTOW,36.1164,-86.7714,POINT (-86.7714 36.1164)
20190024120,01/10/2019 06:15:00 AM,2,1,0,,N,330416,11,Front to Rear,21,CLEAR,4,DAWN,12,MOTOR VEHICLE IN TRANSPORT,MM 57 7 I 24,ANTIOCH,TN,37013,88080,SOUTH,36.061,-86.6807,POINT (-86.6807 36.061)
20190418675,06/01/2019 12:15:00 PM,2,0,0,,Y,256414,11,Front to Rear,21,CLEAR,1,DAYLIGHT,12,MOTOR VEHICLE IN TRANSPORT,MURFREESBORO PKE & MOUNTAIN SPRINGS RD,ANTIOCH,TN,37013,8927,SOUTH,36.0478,-86.6121,POINT (-86.6121 36.0478)
20190502117,07/03/2019 02:52:00 PM,2,0,0,,N,405418,5,SIDESWIPE - SAME DIRECTION,22,CLOUDY,1,DAYLIGHT,12,MOTOR VEHICLE IN TRANSPORT,OLD HICKORY BLVD & I65 N ENT RAMP,BRENTWOOD,TN,37027,8619,MIDTOW,36.0401,-86.7807,POINT (-86.7807 36.0401)
20190240095,03/28/2019 09:28:00 AM,2,0,0,,Y,226576,11,Front to Rear,21,CLEAR,1,DAYLIGHT,12,MOTOR VEHICLE IN TRANSPORT,MM 52 2 I 24,NASHVILLE,TN,37217,8816,SOUTH,36.1359,-86.7267,POINT (-86.7267 36.1359)
20190446636,06/12/2019 11:12:00 AM,2,1,0,,N,352199,11,Front to Rear,22,CLOUDY,1,DAYLIGHT,12,MOTOR VEHICLE IN TRANSPORT,MM 218 7 I 40,NASHVILLE,TN,37214,89062,HERMIT,36.1531,-86.6334,POINT (-86.6334 36.1531)
20190259373,04/04/2019 07:50:00 AM,2,0,0,,N,279122,11,Front to Rear,21,CLEAR,1,DAYLIGHT,12,MOTOR VEHICLE IN TRANSPORT,WHITES CREEK PKE & MOORMANS ARM RD,NASHVILLE,TN,37207,3033,NORTH,36.2182,-86.8035,POINT (-86.8035 36.2182)
20190301851,04/19/2019 11:30:00 AM,1,0,0,Y,N,352167,0,NOT COLLISION W/MOTOR VEHICLE-TRANSPORT,22,CLOUDY,1,DAYLIGHT,24,GUARDRAIL FACE,I24 E ENT RAMP & I 24,NASHVILLE,TN,37213,1007,CENTRA,36.1662,-86.7659,POINT (-86.7659 36.1662)
20190423677,06/03/2019 06:18:00 PM,2,0,0,,Y,311333,4,ANGLE,21,CLEAR,1,DAYLIGHT,12,MOTOR VEHICLE IN TRANSPORT,MURFREESBORO PKE & HAMILTON CROSSINGS,ANTIOCH,TN,37013,8865,SOUTH,36.0655,-86.6292,POINT (-86.6292 36.0655)
20190355611,05/09/2019 04:00:00 AM,1,0,0,Y,Y,235761,0,NOT COLLISION W/MOTOR VEHICLE-TRANSPORT,21,CLEAR,9,UNKNOWN,38,FENCE,CENTENNIAL PL & HERMITAGE PLZ,NASHVILLE,TN,37209,4653,WEST,36.1791,-86.8792,POINT (-86.8792 36.1791)
20190322877,04/26/2019 03:29:00 PM,2,1,0,,N,279208,5,SIDESWIPE - SAME DIRECTION,21,CLEAR,1,DAYLIGHT,12,MOTOR VEHICLE IN TRANSPORT,WEDGEWOOD AV & BEECH AV,NASHVILLE,TN,37204,6919,MIDTOW,36.1343,-86.7806,POINT (-86.7806 36.1343)
20190577477,08/03/2019 03:45:00 PM,1,0,0,,N,330427,0,NOT COLLISION W/MOTOR VEHICLE-TRANSPORT,21,CLEAR,1,DAYLIGHT,36,CONCRETE TRAFFIC BARRIER,BRILEY PKWYW & BRILEY PKWYE,NASHVILLE,TN,37218,3216,NORTH,36.2254,-86.8638,POINT (-86.8638 36.2254)
20190473373,06/22/2019 02:20:00 PM,2,0,0,,N,299266,11,Front to Rear,21,CLEAR,1,DAYLIGHT,12,MOTOR VEHICLE IN TRANSPORT,HARDING PL & ANTIOCH PKE,NASHVILLE,TN,37211,8847,SOUTH,36.0875,-86.6921,POINT (-86.6921 36.0875)
20190199612,03/14/2019 08:26:00 AM,2,0,0,,N,109534,5,SIDESWIPE - SAME DIRECTION,22,CLOUDY,1,DAYLIGHT,12,MOTOR VEHICLE IN TRANSPORT,MM 211 9 I 40,NASHVILLE,TN,37210,90022,HERMIT,36.1487,-86.7459,POINT (-86.7459 36.1487)
20190263320,04/05/2019 05:26:00 PM,2,1,0,,N,279124,11,Front to Rear,21,CLEAR,1,DAYLIGHT,12,MOTOR VEHICLE IN TRANSPORT,HARDING PL & I24 E EXT RAMP,NASHVILLE,TN,37211,8707,SOUTH,36.0855,-86.7016,POINT (-86.7016 36.0855)
20190108957,02/09/2019 07:57:00 PM,2,4,0,,N,240976,4,ANGLE,21,CLEAR,3,DARK - LIGHTED,12,MOTOR VEHICLE IN TRANSPORT,GALLATIN AV & SEYMOUR AV,NASHVILLE,TN,37206,1319,EAST,36.1857,-86.7476,POINT (-86.7476 36.1857)
20190152701,02/25/2019 02:45:00 PM,1,1,0,Y,N,524985,0,NOT COLLISION W/MOTOR VEHICLE-TRANSPORT,21,CLEAR,1,DAYLIGHT,30,UTILITY POLE,STEWARTS LN & ASHLAND CITY HWY,NASHVILLE,TN,37218,3207,NORTH,36.2083,-86.8606,POINT (-86.8606 36.2083)
20190101127,02/06/2019 07:39:00 PM,1,0,0,,N,151132,0,NOT COLLISION W/MOTOR VEHICLE-TRANSPORT,2,RAIN,2,DARK - NOT LIGHTED,34;64,DITCH;Ran Off Road-Left,DRY CREEK RD & BRICK CHURCH PKE,GOODLETTSVILLE,TN,37072,2139,MADISO,36.3252,-86.7687,POINT (-86.7687 36.3252)
20190476803,06/24/2019 08:32:00 AM,2,0,0,,Y,405447,11,Front to Rear,2,RAIN,1,DAYLIGHT,12,MOTOR VEHICLE IN TRANSPORT,MCMURRAY DR & WHISPERING HILLS DR,NASHVILLE,TN,37211,8659,MIDTOW,36.0611,-86.7212,POINT (-86.7212 36.0611)
20190401700,05/26/2019 04:40:00 AM,1,1,0,,N,320601,0,NOT COLLISION W/MOTOR VEHICLE-TRANSPORT,21,CLEAR,2,DARK - NOT LIGHTED,1;42;63,TREE;Ran Off Road-Right,OLD FRANKLIN RD & CANE RIDGE PKWY,ANTIOCH,TN,37013,8765,SOUTH,36.0311,-86.6399,POINT (-86.6399 36.0311)