Accident Number,Date and Time,Number of Motor Vehicles,Number of Injuries,Number of Fatalities,Property Damage,Hit and Run,Reporting Officer,Collision Type Code,Collision Type Description,Weather Code,Weather Description,Illumination Code,Illumination Description,Harmful Code,Harmful Code Description,Street Address,City,State,ZIP,RPA,Precinct,Latitude,Longitude,Mapped Location
20190525591,07/13/2019 09:40:00 PM,3,4,0,,N,256427,11,Front to Rear,21,CLEAR,3,DARK - LIGHTED,12,MOTOR VEHICLE IN TRANSPORT,MM 214 5 I 40,NASHVILLE,TN,37217,88022,HERMIT,36.1434,-86.7031,POINT (-86.7031 36.1434)
20190019135,01/08/2019 01:00:00 PM,2,0,0,,Y,225773,6,SIDESWIPE - OPPOSITE DIRECTION,21,CLEAR,1,DAYLIGHT,12,MOTOR VEHICLE IN TRANSPORT,WOODMONT BLVD & LEALAND LN,NASHVILLE,TN,37204,7007,MIDTOW,36.1111,-86.7884,POINT (-86.7884 36.1111)
20190511521,07/08/2019 03:31:00 AM,3,0,0,,Y,109531,11,Front to Rear,21,CLEAR,3,DARK - LIGHTED,12;14,MOTOR VEHICLE IN TRANSPORT;PARKED MOTOR VEHICLE,MCFERRIN AV & SILVERDENE PL,NASHVILLE,TN,37206,1939,EAST,36.1788,-86.7553,POINT (-86.7553 36.1788)
20190168035,03/03/2019 12:00:00 AM,2,0,0,,N,320578,4,ANGLE,2,RAIN,3,DARK - LIGHTED,12,MOTOR VEHICLE IN TRANSPORT,BELL RD & MT VIEW RD,ANTIOCH,TN,37013,8865,SOUTH,36.05,-86.6496,POINT (-86.6496 36.05)
20190104418,02/08/2019 12:15:00 AM,1,0,0,,N,226175,0,NOT COLLISION W/MOTOR VEHICLE-TRANSPORT,2,RAIN,3,DARK - LIGHTED,50,DEER (ANIMAL),CHARLOTTE PKE & FORREST VALLEY DR,NASHVILLE,TN,37221,4711,WEST,36.1052,-86.9441,POINT (-86.9441 36.1052)
20190285645,04/14/2019 04:22:00 AM,2,1,0,,N,212321,11,Front to Rear,2,RAIN,3,DARK - LIGHTED,12,MOTOR VEHICLE IN TRANSPORT,MM 55 2 I 24,NASHVILLE,TN,37211,8812,SOUTH,36.0923,-86.7049,POINT (-86.7049 36.0923)
20190523235,07/12/2019 07:45:00 PM,2,2,0,,N,298874,4,ANGLE,21,CLEAR,1,DAYLIGHT,12,MOTOR VEHICLE IN TRANSPORT,DICKERSON PKE & HART LN,NASHVILLE,TN,37207,1887,EAST,36.2227,-86.7613,POINT (-86.7613 36.2227)
20190126177,02/15/2019 12:00:00 AM,2,0,0,,N,298877,4,ANGLE,2,RAIN,3,DARK - LIGHTED,12,MOTOR VEHICLE IN TRANSPORT,THOMPSON LN & GRANDVIEW AV,NASHVILLE,TN,37211,8519,MIDTOW,36.111,-86.7471,POINT (-86.7471 36.111)
20190259235,04/04/2019 07:26:00 AM,2,1,0,,N,179602,11,Front to Rear,22,CLOUDY,1,DAYLIGHT,12,MOTOR VEHICLE IN TRANSPORT,WHITES CREEK PKE & OLD CLARKSVILLE PKE,JOELTON,TN,37080,3307,NORTH,36.312,-86.8602,POINT (-86.8602 36.312)
20190119301,02/13/2019 01:15:00 PM,1,0,0,,N,716886,0,NOT COLLISION W/MOTOR VEHICLE-TRANSPORT,21,CLEAR,1,DAYLIGHT,34,DITCH,MM 58 4 I 24,ANTIOCH,TN,37013,8857,SOUTH,36.0537,-86.6728,POINT (-86.6728 36.0537)
20190100957,02/06/2019 06:11:00 PM,1,1,0,,N,212331,0,NOT COLLISION W/MOTOR VEHICLE-TRANSPORT,2,RAIN,3,DARK - LIGHTED,42;72,TREE;EMBANKMENT ROCK/STONE/CONCRETE,NEELYS BEND RD & LARKIN SPRINGS RD,MADISON,TN,37115,1613,MADISO,36.2496,-86.6866,POINT (-86.6866 36.2496)
20190456527,06/16/2019 03:45:00 AM,1,0,0,,N,256569,0,NOT COLLISION W/MOTOR VEHICLE-TRANSPORT,21,CLEAR,2,DARK - NOT LIGHTED,34;63,DITCH;Ran Off Road-Right,RANDY RD & EAST MAPLES SUITES PVTDR,MADISON,TN,37115,1629,MADISO,36.2609,-86.691,POINT (-86.691 36.2609)
20190447860,06/12/2019 08:30:00 PM,3,0,0,,Y,352209,5,SIDESWIPE - SAME DIRECTION,21,CLEAR,3,DARK - LIGHTED,14,PARKED MOTOR VEHICLE,FRANKLIN AV & N 16TH ST,NASHVILLE,TN,37206,1303,EAST,36.1848,-86.7423,POINT (-86.7423 36.1848)
20190085724,02/01/2019 07:05:00 AM,2,0,0,,N,475564,11,Front to Rear,2,RAIN,1,DAYLIGHT,12,MOTOR VEHICLE IN TRANSPORT,OLD MURFREESBORO PKE & MURFREESBORO PKE,NASHVILLE,TN,37217,8947,HERMIT,36.0983,-86.6563,POINT (-86.6563 36.0983)
20190539167,07/19/2019 05:45:00 AM,2,0,0,,N,279227,4,ANGLE,21,CLEAR,1,DAYLIGHT,12,MOTOR VEHICLE IN TRANSPORT,HAYWOOD LN & EZELL RD,NASHVILLE,TN,37211,8709,SOUTH,36.0696,-86.6944,POINT (-86.6944 36.0696)
20190097612,02/05/2019 04:58:00 PM,2,0,0,,N,320597,11,Front to Rear,21,CLEAR,1,DAYLIGHT,12,MOTOR VEHICLE IN TRANSPORT,MURFREESBORO PKE & RURAL HILL RD,ANTIOCH,TN,37013,8861,SOUTH,36.0745,-86.6387,POINT (-86.6387 36.0745)
20190193333,03/12/2019 06:40:00 AM,3,1,0,,N,226136,2,HEAD-ON,22,CLOUDY,7,Dark-Unknown Lighting,12,MOTOR VEHICLE IN TRANSPORT,EDMONDSON PKE & CLOVERLAND DR,NASHVILLE,TN,37211,8651,MIDTOW,36.0295,-86.7441,POINT (-86.7441 36.0295)
20190010836,01/04/2019 11:16:00 PM,2,0,0,,Y,256377,4,ANGLE,21,CLEAR,3,DARK - LIGHTED,12,MOTOR VEHICLE IN TRANSPORT,MURFREESBORO PKE & NASHBORO BLVD,ANTIOCH,TN,37013,8891,SOUTH,36.0869,-86.6487,POINT (-86.6487 36.0869)
20190372977,05/15/2019 08:41:00 PM,2,1,0,,N,256380,4,ANGLE,21,CLEAR,3,DARK - LIGHTED,12,MOTOR VEHICLE IN TRANSPORT,US HWY 41 ALT & CONNECTING ROAD,NASHVILLE,TN,37228,4445,NORTH,36.1895,-86.7986,POINT (-86.7986 36.1895)
20190304560,04/20/2019 03:03:00 PM,2,0,0,,Y,206682,2,HEAD-ON,21,CLEAR,1,DAYLIGHT,12,MOTOR VEHICLE IN TRANSPORT,GALLATIN PKEN & DULING AV,MADISON,TN,37115,1763,MADISO,36.2664,-86.711,POINT (-86.711 36.2664)
20190546664,07/22/2019 12:03:00 PM,2,0,0,,N,225773,11,Front to Rear,22,CLOUDY,1,DAYLIGHT,12,MOTOR VEHICLE IN TRANSPORT,NOLENSVILLE PKE & I440 E EXT RAMP,NASHVILLE,TN,37210,8321,SOUTH,36.1216,-86.7505,POINT (-86.7505 36.1216)
20190392041,05/22/2019 07:12:00 PM,2,0,0,,Y,206675,11,Front to Rear,21,CLEAR,1,DAYLIGHT,12,MOTOR VEHICLE IN TRANSPORT,OLD HICKORY BLVD & SEVEN SPRINGS WAY,BRENTWOOD,TN,37027,8623,MIDTOW,36.0398,-86.7685,POINT (-86.7685 36.0398)
20190577454,08/03/2019 02:16:00 PM,2,0,0,,Y,330445,11,Front to Rear,21,CLEAR,1,DAYLIGHT,12,MOTOR VEHICLE IN TRANSPORT,NOLENSVILLE PKE & WELSHWOOD DR,NASHVILLE,TN,37211,8501,MIDTOW,36.0826,-86.7273,POINT (-86.7273 36.0826)
20190171980,03/04/2019 04:27:00 PM,2,0,0,,N,151132,4,ANGLE,21,CLEAR,1,DAYLIGHT,12,MOTOR VEHICLE IN TRANSPORT,GALLATIN PKES & HICKORY ST,MADISON,TN,37115,1605,MADISO,36.2604,-86.7129,POINT (-86.7129 36.2604)
20190221720,03/21/2019 10:50:00 PM,2,0,0,,N,330445,4,ANGLE,21,CLEAR,3,DARK - LIGHTED,12,MOTOR VEHICLE IN TRANSPORT,PATTERSON ST & MEADE AV,NASHVILLE,TN,37211,8515,MIDTOW,36.1029,-86.7433,POINT (-86.7433 36.1029)
20190325915,04/28/2019 02:37:00 AM,1,0,0,,N,256377,0,NOT COLLISION W/MOTOR VEHICLE-TRANSPORT,21,CLEAR,3,DARK - LIGHTED,63;71,Ran Off Road-Right;EMBANKMENT EARTH,BRILEY PKWYN & I40 E ENT RAMP,NASHVILLE,TN,37217,8998,HERMIT,36.1392,-86.7002,POINT (-86.7002 36.1392)
20190312360,04/23/2019 09:45:00 AM,2,0,0,,N,337277,11,Front to Rear,21,CLEAR,1,DAYLIGHT,12,MOTOR VEHICLE IN TRANSPORT,MM 217 3 I 40,NASHVILLE,TN,37214,9404,HERMIT,36.1436,-86.6491,POINT (-86.6491 36.1436)
20190257119,04/03/2019 01:10:00 PM,2,0,0,,N,665896,5,SIDESWIPE - SAME DIRECTION,21,CLEAR,1,DAYLIGHT,12,MOTOR VEHICLE IN TRANSPORT,AMBROSE AV & E TRINITY LN,NASHVILLE,TN,37216,1821,EAST,36.2052,-86.7483,POINT (-86.7483 36.2052)
20190234171,03/26/2019 09:15:00 AM,2,0,0,,N,179580,5,SIDESWIPE - SAME DIRECTION,21,CLEAR,1,DAYLIGHT,14,PARKED MOTOR VEHICLE,KNOWLES ST & 17TH AVN,NASHVILLE,TN,37208,4475,NORTH,36.1727,-86.8064,POINT (-86.8064 36.1727)
20190467456,06/20/2019 08:07:00 AM,2,0,0,,N,352178,11,Front to Rear,2,RAIN,1,DAYLIGHT,12,MOTOR VEHICLE IN TRANSPORT,MM 209 6 I 40,NASHVILLE,TN,37203,68021,MIDTOW,36.1494,-86.7836,POINT (-86.7836 36.1494)
20190235152,03/26/2019 04:44:00 PM,2,0,0,,N,676824,5,SIDESWIPE - SAME DIRECTION,21,CLEAR,1,DAYLIGHT,12,MOTOR VEHICLE IN TRANSPORT,JEFFERSON ST & 14TH AVN,NASHVILLE,TN,37208,5415,NORTH,36.1707,-86.8018,POINT (-86.8018 36.1707)
20190345974,05/06/2019 12:00:00 AM,1,0,0,Y,Y,240981,0,NOT COLLISION W/MOTOR VEHICLE-TRANSPORT,21,CLEAR,2,DARK - NOT LIGHTED,30,UTILITY POLE,FRANKLIN AV & N 16TH ST,NASHVILLE,TN,37206,1303,EAST,36.1848,-86.7423,POINT (-86.7423 36.1848)
20190047053,01/18/2019 12:40:00 PM,2,0,0,,N,267831,4,ANGLE,22,CLOUDY,1,DAYLIGHT,12,MOTOR VEHICLE IN TRANSPORT,CHARLOTTE AV & 40TH AVN,NASHVILLE,TN,37209,5229,WEST,36.1525,-86.8349,POINT (-86.8349 36.1525)
20190197222,03/13/2019 12:24:00 PM,2,0,0,,N,191578,11,Front to Rear,21,CLEAR,1,DAYLIGHT,12,MOTOR VEHICLE IN TRANSPORT,I40 W EXT RAMP & I 40,NASHVILLE,TN,37203,4119,CENTRA,36.1574,-86.79,POINT (-86.79 36.1574)
20190431838,06/06/2019 02:45:00 PM,2,2,0,,N,330427,11,Front to Rear,2,RAIN,1,DAYLIGHT,12,MOTOR VEHICLE IN TRANSPORT,MM 36 0 I 24,WHITES CREEK,TN,37189,33180,NORTH,36.3201,-86.8502,POINT (-86.8502 36.3201)
20190059566,01/23/2019 12:33:00 PM,2,1,0,,N,109534,4,ANGLE,2,RAIN,1,DAYLIGHT,12,MOTOR VEHICLE IN TRANSPORT,SWEETWOOD RD & FAIRWAY DR,NASHVILLE,TN,37214,9121,HERMIT,36.1672,-86.6842,POINT (-86.6842 36.1672)
20190008134,01/04/2019 12:40:00 AM,2,0,0,,N,298871,4,ANGLE,2,RAIN,3,DARK - LIGHTED,12,MOTOR VEHICLE IN TRANSPORT,17TH AVN & CHURCH ST,NASHVILLE,TN,37203,5519,MIDTOW,36.1558,-86.7959,POINT (-86.7959 36.1558)
20190410944,05/29/2019 06:30:00 PM,2,4,0,,Y,256374,4,ANGLE,21,CLEAR,1,DAYLIGHT,12,MOTOR VEHICLE IN TRANSPORT,BURKITT RD & CANONBURY DR,ANTIOCH,TN,37013,8767,SOUTH,35.991,-86.6754,POINT (-86.6754 35.991)
20190447504,06/12/2019 04:47:00 PM,2,0,0,,N,256380,11,Front to Rear,21,CLEAR,1,DAYLIGHT,12,MOTOR VEHICLE IN TRANSPORT,BRILEY PKWY N ENT RAMP & BRILEY PKWYN,NASHVILLE,TN,37209,45065,WEST,36.1584,-86.8635,POINT (-86.8635 36.1584)
20190224356,03/22/2019 06:14:00 PM,2,1,0,,N,320581,11,Front to Rear,21,CLEAR,1,DAYLIGHT,12,MOTOR VEHICLE IN TRANSPORT,ASHLAND CITY HWY EB ENT RAMP & ASHLAND C,NASHVILLE,TN,37218,3211,NORTH,36.2101,-86.8727,POINT (-86.8727 36.2101)
20190128048,02/16/2019 03:13:00 PM,2,0,0,,N,299253,16,Rear to Side,22,CLOUDY,1,DAYLIGHT,12,MOTOR VEHICLE IN TRANSPORT,MERIDIAN ST & E TRINITY LN,NASHVILLE,TN,37207,1861,EAST,36.2055,-86.7658,POINT (-86.7658 36.2055)
20190506886,07/05/2019 03:44:00 PM,3,0,0,Y,Y,299266,4,ANGLE,21,CLEAR,1,DAYLIGHT,12,MOTOR VEHICLE IN TRANSPORT,ANTIOCH PKE & FRANKLIN LIMESTONE RD,ANTIOCH,TN,37013,8899,SOUTH,36.0804,-86.6857,POINT (-86.6857 36.0804)
20190299426,04/18/2019 03:08:00 PM,2,0,0,,N,311337,11,Front to Rear,21,CLEAR,1,DAYLIGHT,14,PARKED MOTOR VEHICLE,RURAL HILL RD & EDGE O LAKE DR,NASHVILLE,TN,37217,8963,HERMIT,36.0778,-86.6305,POINT (-86.6305 36.0778)
20190089010,02/02/2019 11:00:00 AM,2,0,0,,N,279110,98,OTHER,21,CLEAR,1,DAYLIGHT,12,MOTOR VEHICLE IN TRANSPORT,THOMPSON LN & WINGATE AV,NASHVILLE,TN,37211,8403,SOUTH,36.11,-86.7352,POINT (-86.7352 36.11)
20190091840,02/03/2019 12:00:00 AM,2,0,0,,Y,279204,5,SIDESWIPE - SAME DIRECTION,21,CLEAR,3,DARK - LIGHTED,14,PARKED MOTOR VEHICLE,4TH AVN & MADISON ST,NASHVILLE,TN,37208,4309,NORTH,36.1758,-86.7868,POINT (-86.7868 36.1758)
20190368875,05/14/2019 01:15:00 PM,2,0,0,,N,716886,11,Front to Rear,21,CLEAR,1,DAYLIGHT,12,MOTOR VEHICLE IN TRANSPORT,BELL RD & BELL CREST DR,ANTIOCH,TN,37013,8865,SOUTH,36.0632,-86.6375,POINT (-86.6375 36.0632)
20190434706,06/07/2019 04:30:00 PM,3,0,0,,Y,151131,11,Front to Rear,2,RAIN,1,DAYLIGHT,12,MOTOR VEHICLE IN TRANSPORT,MM 85 0 I 65,NASHVILLE,TN,37208,43021,NORTH,36.1799,-86.8005,POINT (-86.8005 36.1799)
20190460864,06/18/2019 12:18:00 AM,2,0,0,,N,109542,16,Rear to Side,2,RAIN,3,DARK - LIGHTED,12,MOTOR VEHICLE IN TRANSPORT,3RD AVS & BROADWAY,NASHVILLE,TN,37201,4105,CENTRA,36.1615,-86.776,POINT (-86.776 36.1615)
20190512347,07/08/2019 12:32:00 PM,2,0,0,,Y,240968,4,ANGLE,21,CLEAR,1,DAYLIGHT,12,MOTOR VEHICLE IN TRANSPORT,OLD LEBANON PKE & KNOBVIEW DR,NASHVILLE,TN,37214,9309,HERMIT,36.1699,-86.6695,POINT (-86.6695 36.1699)
20190555241,07/25/2019 02:12:00 PM,2,0,0,,N,402653,4,ANGLE,21,CLEAR,1,DAYLIGHT,12,MOTOR VEHICLE IN TRANSPORT,8TH AVS & LAFAYETTE ST,NASHVILLE,TN,37203,4043,CENTRA,36.1546,-86.7792,POINT (-86.7792 36.1546)
20190422553,06/03/2019 10:13:00 AM,2,0,0,,N,716886,16,Rear to Side,21,CLEAR,1,DAYLIGHT,12,MOTOR VEHICLE IN TRANSPORT,FESSLERS LN & ENOS REED DR,NASHVILLE,TN,37210,8117,SOUTH,36.1412,-86.7456,POINT (-86.7456 36.1412)
20190263268,04/05/2019 04:30:00 PM,2,0,0,,Y,717341,11,Front to Rear,22,CLOUDY,1,DAYLIGHT,12,MOTOR VEHICLE IN TRANSPORT,THOMPSON LN & BRILEY PKWYN,NASHVILLE,TN,37211,8423,SOUTH,36.1095,-86.7283,POINT (-86.7283 36.1095)
20190011267,01/05/2019 02:25:00 AM,2,0,0,,N,320578,5,SIDESWIPE - SAME DIRECTION,21,CLEAR,2,DARK - NOT LIGHTED,12,MOTOR VEHICLE IN TRANSPORT,MM 57 5 I 24,ANTIOCH,TN,37013,87060,SOUTH,36.0636,-86.6836,POINT (-86.6836 36.0636)
20190004315,01/02/2019 06:41:00 PM,2,1,0,,Y,279211,11,Front to Rear,2,RAIN,3,DARK - LIGHTED,12,MOTOR VEHICLE IN TRANSPORT,OLD HICKORY BLVDW & OLD TIME VILLAGE PVT,MADISON,TN,37115,1771,MADISO,36.2632,-86.7131,POINT (-86.7131 36.2632)
20190469608,06/20/2019 09:00:00 PM,2,0,0,,N,330416,6,SIDESWIPE - OPPOSITE DIRECTION,21,CLEAR,3,DARK - LIGHTED,12,MOTOR VEHICLE IN TRANSPORT,GALLATIN PKEN & ALTUS AV,MADISON,TN,37115,1721,MADISO,36.2896,-86.7042,POINT (-86.7042 36.2896)
20190123309,02/14/2019 06:04:00 PM,2,2,0,,N,240985,98,OTHER,21,CLEAR,3,DARK - LIGHTED,12,MOTOR VEHICLE IN TRANSPORT,EDMONDSON PKE & CLOVERLAND DR,NASHVILLE,TN,37211,8651,MIDTOW,36.0295,-86.7441,POINT (-86.7441 36.0295)
20190509691,07/07/2019 01:34:00 AM,1,2,0,Y,N,320590,0,NOT COLLISION W/MOTOR VEHICLE-TRANSPORT,21,CLEAR,2,DARK - NOT LIGHTED,24,GUARDRAIL FACE,MM 38 6 I 24,WHITES CREEK,TN,37189,33181,NORTH,36.3026,-86.8128,POINT (-86.8128 36.3026)
20190532089,07/16/2019 04:10:00 PM,2,0,0,,N,717341,4,ANGLE,2,RAIN,1,DAYLIGHT,12,MOTOR VEHICLE IN TRANSPORT,PRESERVE BLVD & OLD HICKORY BLVD,ANTIOCH,TN,37013,8869,SOUTH,36.0327,-86.6119,POINT (-86.6119 36.0327)
20190419325,06/01/2019 09:30:00 PM,1,1,0,,N,212330,0,NOT COLLISION W/MOTOR VEHICLE-TRANSPORT,21,CLEAR,3,DARK - LIGHTED,8,PEDESTRIAN,BELL RD & MURFREESBORO PKE,ANTIOCH,TN,37013,8979,SOUTH,36.0729,-86.6357,POINT (-86.6357 36.0729)
20190125829,02/15/2019 03:03:00 PM,2,2,0,,N,909486,11,Front to Rear,2,RAIN,1,DAYLIGHT,12,MOTOR VEHICLE IN TRANSPORT,OLD HICKORY BLVD & HILLSBORO PKE,BRENTWOOD,TN,37027,6301,MIDTOW,36.0473,-86.8627,POINT (-86.8627 36.0473)
20190265939,04/06/2019 12:00:00 AM,2,0,0,,N,279200,5,SIDESWIPE - SAME DIRECTION,21,CLEAR,3,DARK - LIGHTED,12,MOTOR VEHICLE IN TRANSPORT,MM 49 6 I 24,NASHVILLE,TN,37210,4008,CENTRA,36.1571,-86.7604,POINT (-86.7604 36.1571)
20190324522,04/27/2019 09:50:00 AM,2,1,0,,N,473670,4,ANGLE,21,CLEAR,1,DAYLIGHT,12,MOTOR VEHICLE IN TRANSPORT,MAIN ST & N 7TH ST,NASHVILLE,TN,37206,1117,EAST,36.1745,-86.7609,POINT (-86.7609 36.1745)
20190296381,04/17/2019 05:17:00 PM,2,1,0,,N,468097,4,ANGLE,21,CLEAR,1,DAYLIGHT,12;14;29,MOTOR VEHICLE IN TRANSPORT;PARKED MOTOR VEHICLE;LUMINAIRE/LIGHT SUPPORT,220 RUDY CIR PVTDR,NASHVILLE,TN,37214,9213,HERMIT,36.2205,-86.6964,POINT (-86.6964 36.2205)
20190129484,02/17/2019 12:00:00 AM,1,0,0,,Y,320591,0,NOT COLLISION W/MOTOR VEHICLE-TRANSPORT,2,RAIN,3,DARK - LIGHTED,7,,RURAL HILL RD & RICE RD,ANTIOCH,TN,37013,8861,SOUTH,36.0673,-86.6424,POINT (-86.6424 36.0673)
20190298316,04/18/2019 07:40:00 AM,2,0,0,,N,226600,11,Front to Rear,22,CLOUDY,1,DAYLIGHT,12,MOTOR VEHICLE IN TRANSPORT,MM 205 7 I 40,NASHVILLE,TN,37209,45044,WEST,36.1563,-86.8262,POINT (-86.8262 36.1563)
20190217632,03/20/2019 04:45:00 PM,2,1,0,,N,279214,11,Front to Rear,21,CLEAR,1,DAYLIGHT,12,MOTOR VEHICLE IN TRANSPORT,MM 6 9 I 440,NASHVILLE,TN,37210,81040,SOUTH,36.1245,-86.7391,POINT (-86.7391 36.1245)
20190428040,06/05/2019 07:55:00 AM,2,0,0,,N,226622,4,ANGLE,21,CLEAR,1,DAYLIGHT,12,MOTOR VEHICLE IN TRANSPORT,WHITE BRIDGE PKE & LENOX AV,NASHVILLE,TN,37209,5103,WEST,36.1493,-86.8579,POINT (-86.8579 36.1493)
20190105270,02/08/2019 08:14:00 AM,2,0,0,,N,191578,5,SIDESWIPE - SAME DIRECTION,21,CLEAR,1,DAYLIGHT,12,MOTOR VEHICLE IN TRANSPORT,BELL RD & OLD HICKORY BLVD,HERMITAGE,TN,37076,9545,HERMIT,36.1613,-86.5971,POINT (-86.5971 36.1613)
20190237070,03/27/2019 09:13:00 AM,2,0,0,,N,110063,11,Front to Rear,21,CLEAR,1,DAYLIGHT,12,MOTOR VEHICLE IN TRANSPORT,BRILEY PKWYW & I24 E EXT RAMP,WHITES CREEK,TN,37189,3202,NORTH,36.2375,-86.7887,POINT (-86.7887 36.2375)
20190200561,03/14/2019 02:58:00 PM,2,0,0,,Y,256383,16,Rear to Side,22,CLOUDY,1,DAYLIGHT,55,Motor Vehicle-In-Motion Outside Trafficw,4040 NOLENSVILLE PKE,NASHVILLE,TN,37211,8445,SOUTH,36.0819,-86.727,POINT (-86.727 36.0819)
20190511857,07/08/2019 08:41:00 AM,1,0,0,,N,212369,0,NOT COLLISION W/MOTOR VEHICLE-TRANSPORT,21,CLEAR,1,DAYLIGHT,34,DITCH,NOLENSVILLE PKE & ELYSIAN FIELDS CT,NASHVILLE,TN,37211,8415,SOUTH,36.0873,-86.7307,POINT (-86.7307 36.0873)
20190009289,01/04/2019 11:00:00 AM,3,0,0,,N,330433,4,ANGLE,2,RAIN,1,DAYLIGHT,12,MOTOR VEHICLE IN TRANSPORT,MM 212 2 I 40,NASHVILLE,TN,37210,90041,HERMIT,36.1458,-86.7414,POINT (-86.7414 36.1458)
20190455123,06/15/2019 11:42:00 AM,2,2,0,,N,212369,11,Front to Rear,21,CLEAR,1,DAYLIGHT,12,MOTOR VEHICLE IN TRANSPORT,TROUSDALE DR & OAKLEY DR,NASHVILLE,TN,37220,8615,MIDTOW,36.0598,-86.7592,POINT (-86.7592 36.0598)
20190552867,07/24/2019 03:34:00 PM,2,0,0,,N,256379,11,Front to Rear,21,CLEAR,1,DAYLIGHT,12,MOTOR VEHICLE IN TRANSPORT,MM 6 2 I 440,NASHVILLE,TN,37211,83061,MIDTOW,36.1225,-86.7522,POINT (-86.7522 36.1225)
20190009356,01/04/2019 11:21:00 AM,2,0,0,,N,834798,5,SIDESWIPE - SAME DIRECTION,21,CLEAR,1,DAYLIGHT,12,MOTOR VEHICLE IN TRANSPORT,4TH AVS & CHESTNUT ST,NASHVILLE,TN,37203,8005,MIDTOW,36.1451,-86.7668,POINT (-86.7668 36.1451)
20190000700,01/01/2019 12:30:00 AM,1,0,0,,Y,420059,0,NOT COLLISION W/MOTOR VEHICLE-TRANSPORT,21,CLEAR,3,DARK - LIGHTED,30,UTILITY POLE,TROUSDALE DR & ALLIED DR,NASHVILLE,TN,37211,8511,MIDTOW,36.0905,-86.7501,POINT (-86.7501 36.0905)
20190280943,04/12/2019 07:29:00 AM,2,0,0,,N,572251,4,ANGLE,2,RAIN,1,DAYLIGHT,12,MOTOR VEHICLE IN TRANSPORT,VANTREASE RD & E MARTHONA RD,MADISON,TN,37115,1795,MADISO,36.2577,-86.7303,POINT (-86.7303 36.2577)
20190461796,06/18/2019 08:46:00 AM,2,0,0,,N,352155,4,ANGLE,2,RAIN,1,DAYLIGHT,12,MOTOR VEHICLE IN TRANSPORT,BRENTWOOD EAST DR & NOLENSVILLE PKE,NASHVILLE,TN,37211,8651,MIDTOW,36.0442,-86.7131,POINT (-86.7131 36.0442)
20190340894,05/03/2019 02:33:00 PM,2,0,0,,N,320597,11,Front to Rear,21,CLEAR,1,DAYLIGHT,12,MOTOR VEHICLE IN TRANSPORT,MM 59 0 I 24,ANTIOCH,TN,37013,8808,SOUTH,36.049,-86.6651,POINT (-86.6651 36.049)
20190010203,01/04/2019 07:01:00 PM,2,0,0,,N,311333,5,SIDESWIPE - SAME DIRECTION,22,CLOUDY,2,DARK - NOT LIGHTED,12,MOTOR VEHICLE IN TRANSPORT,MM 58 9 I 24,ANTIOCH,TN,37013,87061,SOUTH,36.0494,-86.6662,POINT (-86.6662 36.0494)
20190132932,02/18/2019 04:00:00 PM,2,0,0,,N,419972,11,Front to Rear,21,CLEAR,1,DAYLIGHT,12;14,MOTOR VEHICLE IN TRANSPORT;PARKED MOTOR VEHICLE,WEST END AV & I440 E EXT RAMP,NASHVILLE,TN,37205,6007,WEST,36.1363,-86.8222,POINT (-86.8222 36.1363)
20190531918,07/16/2019 02:20:00 PM,2,1,0,Y,N,352207,4,ANGLE,21,CLEAR,1,DAYLIGHT,12;27,MOTOR VEHICLE IN TRANSPORT;H-WAY TRAFFIC SIGNAL POST,MM 203 8 I 40,NASHVILLE,TN,37209,4602,WEST,36.1517,-86.8607,POINT (-86.8607 36.1517)
20190121732,02/14/2019 07:15:00 AM,1,0,0,,N,676834,0,NOT COLLISION W/MOTOR VEHICLE-TRANSPORT,21,CLEAR,1,DAYLIGHT,50,DEER (ANIMAL),CLARKSVILLE PKE & CANTARUTTI RD,JOELTON,TN,37080,3245,NORTH,36.2825,-86.8774,POINT (-86.8774 36.2825)
20190070467,01/27/2019 10:40:00 AM,2,0,0,,N,110063,4,ANGLE,21,CLEAR,1,DAYLIGHT,13,MOTOR VEHICLE IN TRANSPORT-OTHER ROADWAY,BRICK CHURCH PKE & I65 S EXT RAMP,NASHVILLE,TN,37207,3021,NORTH,36.207,-86.7779,POINT (-86.7779 36.207)
20190397271,05/24/2019 11:30:00 AM,2,3,0,,N,278580,4,ANGLE,21,CLEAR,1,DAYLIGHT,12,MOTOR VEHICLE IN TRANSPORT,PHIPPS DR & JUDD DR,NASHVILLE,TN,37218,3109,NORTH,36.2222,-86.8447,POINT (-86.8447 36.2222)
20190489506,06/28/2019 07:07:00 PM,3,0,0,,Y,620080,11,Front to Rear,21,CLEAR,1,DAYLIGHT,12,MOTOR VEHICLE IN TRANSPORT,MM 196 8 I 40,NASHVILLE,TN,37221,4806,WEST,36.0848,-86.9489,POINT (-86.9489 36.0848)
20190005901,01/03/2019 12:00:00 AM,2,0,0,,Y,429188,5,SIDESWIPE - SAME DIRECTION,99,UNKNOWN,9,UNKNOWN,12;14,MOTOR VEHICLE IN TRANSPORT;PARKED MOTOR VEHICLE,RICE HILL CIR & RURAL HILL RD,ANTIOCH,TN,37013,8861,SOUTH,36.0652,-86.6422,POINT (-86.6422 36.0652)
20190029678,01/12/2019 03:34:00 AM,1,1,0,,N,109522,0,NOT COLLISION W/MOTOR VEHICLE-TRANSPORT,21,CLEAR,3,DARK - LIGHTED,72,EMBANKMENT ROCK/STONE/CONCRETE,MM 202 8 I 40,NASHVILLE,TN,37209,46024,WEST,36.1476,-86.8773,POINT (-86.8773 36.1476)