Accident Number,Date and Time,Number of Motor Vehicles,Number of Injuries,Number of Fatalities,Property Damage,Hit and Run,Reporting Officer,Collision Type Code,Collision Type Description,Weather Code,Weather Description,Illumination Code,Illumination Description,Harmful Code,Harmful Code Description,Street Address,City,State,ZIP,RPA,Precinct,Latitude,Longitude,Mapped Location
20190025711,01/10/2019 05:10:00 PM,2,0,0,,N,676824,4,ANGLE,21,CLEAR,3,DARK - LIGHTED,12,MOTOR VEHICLE IN TRANSPORT,CLARKSVILLE PKE & 23RD AVN,NASHVILLE,TN,37208,4485,NORTH,36.1841,-86.8144,POINT (-86.8144 36.1841)
20190140646,02/21/2019 03:10:00 AM,1,0,0,,N,330422,0,NOT COLLISION W/MOTOR VEHICLE-TRANSPORT,2,RAIN,3,DARK - LIGHTED,30,UTILITY POLE,WELCH RD & TRAVIS DR,NASHVILLE,TN,37211,8445,SOUTH,36.0832,-86.7246,POINT (-86.7246 36.0832)
20190145987,02/22/2019 06:46:00 PM,2,0,0,,N,256383,4,ANGLE,2,RAIN,2,DARK - NOT LIGHTED,55,Motor Vehicle-In-Motion Outside Trafficw,NOLENSVILLE PKE & HAYWOOD LN,NASHVILLE,TN,37211,8661,MIDTOW,36.0683,-86.7193,POINT (-86.7193 36.0683)
20190063207,01/24/2019 04:20:00 PM,2,0,0,,N,690942,4,ANGLE,21,CLEAR,1,DAYLIGHT,14,PARKED MOTOR VEHICLE,4TH AVN & THE ARCADE,NASHVILLE,TN,37201,4137,CENTRA,36.1646,-86.7795,POINT (-86.7795 36.1646)
20190005929,01/03/2019 07:25:00 AM,2,0,0,,N,226136,11,Front to Rear,22,CLOUDY,1,DAYLIGHT,12,MOTOR VEHICLE IN TRANSPORT,OLD HICKORY BLVD & YOUNG BROADCASTING PV,NASHVILLE,TN,37215,6305,MIDTOW,36.0425,-86.8301,POINT (-86.8301 36.0425)
20190462497,06/18/2019 03:14:00 PM,2,0,0,,Y,134899,5,SIDESWIPE - SAME DIRECTION,21,CLEAR,1,DAYLIGHT,12,MOTOR VEHICLE IN TRANSPORT,I40 E EXT RAMP & I40 E ENT RAMP,NASHVILLE,TN,37217,8998,HERMIT,36.1429,-86.6975,POINT (-86.6975 36.1429)
20190126079,02/15/2019 05:02:00 PM,2,0,0,,N,311333,4,ANGLE,2,RAIN,1,DAYLIGHT,12,MOTOR VEHICLE IN TRANSPORT,BELL RD & MURFREESBORO PKE,ANTIOCH,TN,37013,8865,SOUTH,36.0719,-86.6362,POINT (-86.6362 36.0719)
20190577029,08/03/2019 10:16:00 AM,2,0,0,,N,140808,4,ANGLE,21,CLEAR,1,DAYLIGHT,12,MOTOR VEHICLE IN TRANSPORT,NOLENSVILLE PKE & OLD HICKORY BLVD,NASHVILLE,TN,37211,8717,SOUTH,36.0454,-86.7133,POINT (-86.7133 36.0454)
20190338514,05/02/2019 03:41:00 PM,2,0,0,,N,206675,6,SIDESWIPE - OPPOSITE DIRECTION,21,CLEAR,1,DAYLIGHT,12,MOTOR VEHICLE IN TRANSPORT,FRANKLIN PKE & HARDING PL,NASHVILLE,TN,37204,7027,MIDTOW,36.0866,-86.772,POINT (-86.772 36.0866)
20190254256,04/02/2019 12:00:00 AM,2,0,0,,N,298861,4,ANGLE,21,CLEAR,1,DAYLIGHT,12,MOTOR VEHICLE IN TRANSPORT,DONELSON PKE & I40 W ENT RAMP,NASHVILLE,TN,37214,9103,HERMIT,36.143,-86.6667,POINT (-86.6667 36.143)
20190452543,06/14/2019 11:15:00 AM,2,0,0,,N,665896,4,ANGLE,21,CLEAR,1,DAYLIGHT,12,MOTOR VEHICLE IN TRANSPORT,DICKERSON PKE & LEMUEL RD,NASHVILLE,TN,37207,1889,EAST,36.2153,-86.7639,POINT (-86.7639 36.2153)
20190438008,06/09/2019 12:00:00 AM,2,0,0,,N,279233,4,ANGLE,21,CLEAR,3,DARK - LIGHTED,12,MOTOR VEHICLE IN TRANSPORT,CHARLOTTE AV & 46TH AVN,NASHVILLE,TN,37209,5203,WEST,36.1522,-86.8422,POINT (-86.8422 36.1522)
20190444600,06/11/2019 06:26:00 PM,2,1,0,,Y,320599,5,SIDESWIPE - SAME DIRECTION,22,CLOUDY,1,DAYLIGHT,12,MOTOR VEHICLE IN TRANSPORT,MM 211 8 I 40,NASHVILLE,TN,37210,90022,HERMIT,36.149,-86.7465,POINT (-86.7465 36.149)
20190316957,04/24/2019 04:50:00 PM,3,1,0,,Y,330413,11,Front to Rear,21,CLEAR,1,DAYLIGHT,12,MOTOR VEHICLE IN TRANSPORT,MM 81 5 I 65,NASHVILLE,TN,37203,8006,MIDTOW,36.1361,-86.7756,POINT (-86.7756 36.1361)
20190581020,08/05/2019 08:20:00 AM,2,0,0,,N,665896,4,ANGLE,21,CLEAR,1,DAYLIGHT,12,MOTOR VEHICLE IN TRANSPORT,MAIN ST & SPRING ST,NASHVILLE,TN,37206,1113,EAST,36.1728,-86.7653,POINT (-86.7653 36.1728)
20190412238,05/30/2019 06:45:00 AM,1,1,0,,Y,226622,0,NOT COLLISION W/MOTOR VEHICLE-TRANSPORT,22,CLOUDY,1,DAYLIGHT,9,,OLD HARDING PKE & MOSS CREEK CT,NASHVILLE,TN,37221,4817,WEST,36.0707,-86.9306,POINT (-86.9306 36.0707)
20190458141,06/16/2019 11:30:00 PM,2,0,0,,Y,226175,11,Front to Rear,21,CLEAR,3,DARK - LIGHTED,12,MOTOR VEHICLE IN TRANSPORT,MM 201 0 I 40,NASHVILLE,TN,37209,4708,WEST,36.1301,-86.8994,POINT (-86.8994 36.1301)
20190352806,05/08/2019 07:27:00 AM,2,1,0,,N,474557,11,Front to Rear,21,CLEAR,1,DAYLIGHT,12,MOTOR VEHICLE IN TRANSPORT,OLD HICKORY BLVD & I24 E EXT RAMP,WHITES CREEK,TN,37189,3227,NORTH,36.2768,-86.801,POINT (-86.801 36.2768)
20190379050,05/17/2019 07:30:00 PM,1,1,0,,N,493312,0,NOT COLLISION W/MOTOR VEHICLE-TRANSPORT,21,CLEAR,1,DAYLIGHT,15,OTHER TYPE NON-MOTORIST,BROADWAY & 4TH AVN,NASHVILLE,TN,37203,4091,CENTRA,36.161,-86.7772,POINT (-86.7772 36.161)
20190295997,04/17/2019 02:40:00 PM,5,6,1,,N,716886,5,SIDESWIPE - SAME DIRECTION,21,CLEAR,1,DAYLIGHT,12,MOTOR VEHICLE IN TRANSPORT,MURFREESBORO PKE & BELL RD,ANTIOCH,TN,37013,8865,SOUTH,36.072,-86.636,POINT (-86.636 36.072)
20190160830,02/28/2019 07:11:00 AM,2,0,0,,N,298864,4,ANGLE,22,CLOUDY,1,DAYLIGHT,12,MOTOR VEHICLE IN TRANSPORT,BRICK CHURCH PKE & BELLSHIRE DR,NASHVILLE,TN,37207,2037,MADISO,36.2622,-86.776,POINT (-86.776 36.2622)
20190498792,07/02/2019 02:16:00 PM,1,1,0,,N,299264,0,NOT COLLISION W/MOTOR VEHICLE-TRANSPORT,21,CLEAR,1,DAYLIGHT,8,PEDESTRIAN,23RD AVN & CHARLOTTE AV,NASHVILLE,TN,37209,5339,NORTH,36.1558,-86.8097,POINT (-86.8097 36.1558)
20190259997,04/04/2019 01:22:00 PM,2,0,0,,N,191578,11,Front to Rear,22,CLOUDY,1,DAYLIGHT,12,MOTOR VEHICLE IN TRANSPORT,LEBANON PKE & TULIP GROVE RD,HERMITAGE,TN,37076,9727,HERMIT,36.2154,-86.5886,POINT (-86.5886 36.2154)
20190387126,05/21/2019 06:09:00 AM,2,0,0,,N,110090,5,SIDESWIPE - SAME DIRECTION,21,CLEAR,1,DAYLIGHT,12,MOTOR VEHICLE IN TRANSPORT,MM 59 6 I 24,ANTIOCH,TN,37013,88060,SOUTH,36.0438,-86.6561,POINT (-86.6561 36.0438)
20190400148,05/25/2019 10:39:00 AM,2,0,0,,Y,156307,98,OTHER,21,CLEAR,1,DAYLIGHT,12,MOTOR VEHICLE IN TRANSPORT,12TH AVN & CLAY ST,NASHVILLE,TN,37208,4411,NORTH,36.1833,-86.8079,POINT (-86.8079 36.1833)
20190044781,01/17/2019 05:13:00 PM,2,0,0,,Y,279124,4,ANGLE,2,RAIN,3,DARK - LIGHTED,12,MOTOR VEHICLE IN TRANSPORT,WALLACE RD & EDMONDSON PKE,NASHVILLE,TN,37211,8701,SOUTH,36.0778,-86.7242,POINT (-86.7242 36.0778)
20190513865,07/09/2019 07:27:00 AM,2,2,0,,N,716886,4,ANGLE,21,CLEAR,1,DAYLIGHT,12,MOTOR VEHICLE IN TRANSPORT,OLD HICKORY BLVD & NOLENSVILLE PKE,ANTIOCH,TN,37013,8757,SOUTH,36.0455,-86.7122,POINT (-86.7122 36.0455)
20190043406,01/17/2019 07:58:00 AM,2,1,0,,N,191578,4,ANGLE,2,RAIN,1,DAYLIGHT,12,MOTOR VEHICLE IN TRANSPORT,DONELSON PKE & SHACKLETT DR,NASHVILLE,TN,37214,9411,HERMIT,36.1449,-86.6667,POINT (-86.6667 36.1449)
20190292170,04/16/2019 12:41:00 PM,2,1,0,,N,224955,4,ANGLE,21,CLEAR,1,DAYLIGHT,12,MOTOR VEHICLE IN TRANSPORT,CONFERENCE DR & THE SHOPPES AT RIVERGATE,MADISON,TN,37115,1737,MADISO,36.3038,-86.6926,POINT (-86.6926 36.3038)
20190186115,03/09/2019 12:00:00 AM,1,0,0,,Y,909497,0,NOT COLLISION W/MOTOR VEHICLE-TRANSPORT,2,RAIN,2,DARK - NOT LIGHTED,36,CONCRETE TRAFFIC BARRIER,I40 E EXT RAMP & I 40,NASHVILLE,TN,37214,8955,HERMIT,36.155,-86.6271,POINT (-86.6271 36.155)
20190327625,04/29/2019 12:04:00 AM,2,3,0,,N,189243,4,ANGLE,22,CLOUDY,7,Dark-Unknown Lighting,12,MOTOR VEHICLE IN TRANSPORT,BELL RD & MT VIEW RD,ANTIOCH,TN,37013,8865,SOUTH,36.05,-86.6496,POINT (-86.6496 36.05)
20190356340,05/09/2019 01:01:00 PM,2,0,0,,Y,320575,4,ANGLE,2,RAIN,1,DAYLIGHT,12,MOTOR VEHICLE IN TRANSPORT,ANTIOCH PKE & EZELL PKE,NASHVILLE,TN,37211,8889,SOUTH,36.0773,-86.7253,POINT (-86.7253 36.0773)
20190434015,06/07/2019 11:13:00 AM,1,0,0,Y,N,320575,0,NOT COLLISION W/MOTOR VEHICLE-TRANSPORT,2,RAIN,1,DAYLIGHT,34;63,DITCH;Ran Off Road-Right,MURFREESBORO PKE & HARDING PL,NASHVILLE,TN,37217,8947,HERMIT,36.0982,-86.6587,POINT (-86.6587 36.0982)
20190156746,02/26/2019 05:16:00 PM,2,2,0,,N,256391,11,Front to Rear,21,CLEAR,3,DARK - LIGHTED,12,MOTOR VEHICLE IN TRANSPORT,I65 S ENT RAMP & I 65,NASHVILLE,TN,37207,3007,NORTH,36.2057,-86.778,POINT (-86.778 36.2057)
20190327179,04/28/2019 06:50:00 PM,2,2,0,,N,240955,11,Front to Rear,21,CLEAR,1,DAYLIGHT,12,MOTOR VEHICLE IN TRANSPORT,MURFREESBORO PKE & HOBSON PKE,ANTIOCH,TN,37013,8927,SOUTH,36.043,-86.6066,POINT (-86.6066 36.043)
20190321285,04/26/2019 02:32:00 AM,1,0,0,Y,N,320584,0,NOT COLLISION W/MOTOR VEHICLE-TRANSPORT,2,RAIN,3,DARK - LIGHTED,24,GUARDRAIL FACE,DODGE DR & I24 E ENT RAMP,NASHVILLE,TN,37210,8357,SOUTH,36.1209,-86.7276,POINT (-86.7276 36.1209)
20190227780,03/24/2019 04:37:00 AM,2,1,0,,N,298859,11,Front to Rear,21,CLEAR,3,DARK - LIGHTED,12,MOTOR VEHICLE IN TRANSPORT,CENTRAL PKE ENT RAMP & CENTRAL PKE,HERMITAGE,TN,37076,95100,HERMIT,36.174,-86.6054,POINT (-86.6054 36.174)
20190011716,01/05/2019 10:31:00 AM,1,0,0,Y,Y,179602,0,NOT COLLISION W/MOTOR VEHICLE-TRANSPORT,21,CLEAR,1,DAYLIGHT,30,UTILITY POLE,I40 E EXT RAMP & I 40,NASHVILLE,TN,37214,8955,HERMIT,36.155,-86.6271,POINT (-86.6271 36.155)
20190134849,02/19/2019 08:10:00 AM,2,0,0,,N,226600,11,Front to Rear,22,CLOUDY,1,DAYLIGHT,12,MOTOR VEHICLE IN TRANSPORT,OLD HICKORY BLVD & GAUCHO ROAD PVTDR,NASHVILLE,TN,37221,6213,WEST,36.0543,-86.8997,POINT (-86.8997 36.0543)
20190460228,06/17/2019 05:39:00 PM,3,2,0,,N,256441,4,ANGLE,2,RAIN,1,DAYLIGHT,12,MOTOR VEHICLE IN TRANSPORT,OLD HICKORY BLVD & BRENTWOOD TRC,BRENTWOOD,TN,37027,8623,MIDTOW,36.0411,-86.7762,POINT (-86.7762 36.0411)
20190431214,06/06/2019 10:10:00 AM,1,1,0,,Y,716886,0,NOT COLLISION W/MOTOR VEHICLE-TRANSPORT,21,CLEAR,1,DAYLIGHT,8,PEDESTRIAN,JOYNER AV & FOSTER AV,NASHVILLE,TN,37210,8317,SOUTH,36.1163,-86.7435,POINT (-86.7435 36.1163)
20190501977,07/03/2019 03:31:00 PM,4,1,0,,N,151132,11,Front to Rear,21,CLEAR,1,DAYLIGHT,12,MOTOR VEHICLE IN TRANSPORT,MM 91 8 I 65,MADISON,TN,37115,17280,MADISO,36.2589,-86.7382,POINT (-86.7382 36.2589)
20190256581,04/03/2019 09:20:00 AM,2,1,0,,N,402660,4,ANGLE,21,CLEAR,1,DAYLIGHT,12,MOTOR VEHICLE IN TRANSPORT,WOODMONT BLVD & HILLSBORO PKE,NASHVILLE,TN,37215,6105,WEST,36.114,-86.8109,POINT (-86.8109 36.114)
20190554910,07/25/2019 11:32:00 AM,2,1,0,,N,109534,11,Front to Rear,21,CLEAR,1,DAYLIGHT,12,MOTOR VEHICLE IN TRANSPORT,STEWARTS FERRY PKE & CLOVER BOTTOM PVTDR,NASHVILLE,TN,37214,9407,HERMIT,36.1609,-86.6452,POINT (-86.6452 36.1609)
20190060160,01/23/2019 12:00:00 AM,1,1,0,,N,279118,0,NOT COLLISION W/MOTOR VEHICLE-TRANSPORT,2,RAIN,3,DARK - LIGHTED,8,PEDESTRIAN,BELL RD & MURFREESBORO PKE,ANTIOCH,TN,37013,8865,SOUTH,36.0719,-86.6362,POINT (-86.6362 36.0719)
20190050087,01/19/2019 12:00:00 AM,2,0,0,,N,298877,9,UNKNOWN,2,RAIN,3,DARK - LIGHTED,12,MOTOR VEHICLE IN TRANSPORT,SUNRISE AV & NOLENSVILLE PKE,NASHVILLE,TN,37211,8427,SOUTH,36.104,-86.7415,POINT (-86.7415 36.104)
20190356863,05/09/2019 03:50:00 PM,2,0,0,,N,330444,11,Front to Rear,22,CLOUDY,1,DAYLIGHT,12,MOTOR VEHICLE IN TRANSPORT,FRANKLIN PKE & HARDING PL,NASHVILLE,TN,37204,7027,MIDTOW,36.0866,-86.772,POINT (-86.772 36.0866)
20190145664,02/22/2019 05:15:00 PM,2,0,0,,N,420040,5,SIDESWIPE - SAME DIRECTION,2,RAIN,5,DUSK,12,MOTOR VEHICLE IN TRANSPORT,FRANKLIN PKE & WOODMONT BLVD WB ENT RAMP,NASHVILLE,TN,37204,8301,MIDTOW,36.1108,-86.7733,POINT (-86.7733 36.1108)
20190163566,03/01/2019 07:36:00 AM,2,0,0,,N,179602,11,Front to Rear,2,RAIN,1,DAYLIGHT,12,MOTOR VEHICLE IN TRANSPORT,I24 E EXT RAMP & WHITES CREEK PKE,JOELTON,TN,37080,3331,NORTH,36.3222,-86.868,POINT (-86.868 36.3222)
20190303276,04/19/2019 11:50:00 PM,1,1,0,,Y,192378,0,NOT COLLISION W/MOTOR VEHICLE-TRANSPORT,2,RAIN,7,Dark-Unknown Lighting,32;63,CULVERT;Ran Off Road-Right,GLENROSE AV & EAST THOMPSON LN,NASHVILLE,TN,37210,8807,SOUTH,36.1149,-86.7197,POINT (-86.7197 36.1149)
20190491960,06/29/2019 09:40:00 PM,2,2,0,,N,330443,4,ANGLE,21,CLEAR,3,DARK - LIGHTED,12,MOTOR VEHICLE IN TRANSPORT,DICKERSON PKE & BELL GRIMES LN,MADISON,TN,37115,2039,MADISO,36.2686,-86.756,POINT (-86.756 36.2686)
20190051728,01/20/2019 04:18:00 PM,2,1,0,,N,320599,4,ANGLE,22,CLOUDY,5,DUSK,12,MOTOR VEHICLE IN TRANSPORT,MURFREESBORO PKE & UNA ANTIOCH PKE,NASHVILLE,TN,37217,8937,HERMIT,36.0854,-86.6479,POINT (-86.6479 36.0854)
20190154847,02/26/2019 06:53:00 AM,2,0,0,,N,212325,4,ANGLE,21,CLEAR,1,DAYLIGHT,12,MOTOR VEHICLE IN TRANSPORT,E OLD HICKORY BLVD & MYATT DR,MADISON,TN,37115,1629,MADISO,36.2631,-86.6905,POINT (-86.6905 36.2631)
20190217486,03/20/2019 03:25:00 PM,2,0,0,,N,807344,11,Front to Rear,21,CLEAR,1,DAYLIGHT,12,MOTOR VEHICLE IN TRANSPORT,I40 W ENT RAMP & I 40,NASHVILLE,TN,37210,9007,HERMIT,36.1484,-86.7454,POINT (-86.7454 36.1484)
20190288664,04/15/2019 10:57:00 AM,1,1,0,,N,109534,0,NOT COLLISION W/MOTOR VEHICLE-TRANSPORT,21,CLEAR,1,DAYLIGHT,24;4,GUARDRAIL FACE,MM 215 9 I 40,NASHVILLE,TN,37217,89020,HERMIT,36.1421,-86.6786,POINT (-86.6786 36.1421)
20190246741,03/30/2019 06:20:00 PM,1,0,0,,N,279224,0,NOT COLLISION W/MOTOR VEHICLE-TRANSPORT,2,RAIN,3,DARK - LIGHTED,17,BOULDER,I65 N ENT RAMP & DICKERSON PKE,NASHVILLE,TN,37216,1805,EAST,36.2365,-86.7581,POINT (-86.7581 36.2365)
20190153278,02/25/2019 12:00:00 AM,2,0,0,,N,279200,4,ANGLE,21,CLEAR,3,DARK - LIGHTED,12,MOTOR VEHICLE IN TRANSPORT,4TH AVS & KOREAN VETERANS BLVD,NASHVILLE,TN,37201,4047,CENTRA,36.1569,-86.7745,POINT (-86.7745 36.1569)
20190188812,03/10/2019 01:33:00 PM,2,1,0,,N,909494,11,Front to Rear,21,CLEAR,1,DAYLIGHT,12,MOTOR VEHICLE IN TRANSPORT,MM 48 2 I 24,NASHVILLE,TN,37207,1106,EAST,36.1729,-86.7693,POINT (-86.7693 36.1729)
20190074025,01/28/2019 06:24:00 PM,2,0,0,,N,197435,4,ANGLE,2,RAIN,3,DARK - LIGHTED,12,MOTOR VEHICLE IN TRANSPORT,BROADMOOR DR & SAUNDERS AV,NASHVILLE,TN,37216,1841,EAST,36.2297,-86.7325,POINT (-86.7325 36.2297)
20190342853,05/04/2019 10:39:00 AM,2,1,0,,N,212369,11,Front to Rear,22,CLOUDY,1,DAYLIGHT,12,MOTOR VEHICLE IN TRANSPORT,OLD HICKORY BLVD & ST REGIS CT,NASHVILLE,TN,37215,6305,MIDTOW,36.042,-86.8337,POINT (-86.8337 36.042)
20190111075,02/10/2019 10:02:00 PM,1,0,0,Y,N,279204,0,NOT COLLISION W/MOTOR VEHICLE-TRANSPORT,2,RAIN,3,DARK - LIGHTED,25;64,GUARDRAIL END;Ran Off Road-Left,MM 86 5 I 65,NASHVILLE,TN,37207,3006,NORTH,36.1946,-86.7762,POINT (-86.7762 36.1946)
20190337528,05/02/2019 09:50:00 AM,2,0,0,,N,223502,4,ANGLE,21,CLEAR,1,DAYLIGHT,12,MOTOR VEHICLE IN TRANSPORT,I40 E EXT RAMP & 4TH AVS,NASHVILLE,TN,37210,8153,SOUTH,36.1505,-86.7704,POINT (-86.7704 36.1505)
20190528657,07/15/2019 10:16:00 AM,1,0,0,,N,332253,0,NOT COLLISION W/MOTOR VEHICLE-TRANSPORT,2,RAIN,1,DAYLIGHT,43;64,OTHER FIXED OBJECTS;Ran Off Road-Left,UNION HILL RD & LICKTON PKE,GOODLETTSVILLE,TN,37072,2225,MADISO,36.3366,-86.7805,POINT (-86.7805 36.3366)
20190472466,06/21/2019 11:48:00 PM,2,0,0,,Y,134867,4,ANGLE,21,CLEAR,3,DARK - LIGHTED,12,MOTOR VEHICLE IN TRANSPORT,CHARLOTTE AV & 6TH AVN,NASHVILLE,TN,37219,4157,CENTRA,36.1656,-86.7826,POINT (-86.7826 36.1656)
20190172047,03/04/2019 05:05:00 PM,2,0,0,,Y,320582,11,Front to Rear,21,CLEAR,1,DAYLIGHT,12,MOTOR VEHICLE IN TRANSPORT,HART LN & BAXTER AV,NASHVILLE,TN,37216,1817,EAST,36.2124,-86.7343,POINT (-86.7343 36.2124)
20190148479,02/23/2019 07:40:00 PM,2,0,0,,N,311328,5,SIDESWIPE - SAME DIRECTION,2,RAIN,3,DARK - LIGHTED,12,MOTOR VEHICLE IN TRANSPORT,4TH AVN & CHURCH ST,NASHVILLE,TN,37219,4129,CENTRA,36.1637,-86.779,POINT (-86.779 36.1637)
20190069718,01/27/2019 02:10:00 AM,1,0,0,Y,Y,320578,0,NOT COLLISION W/MOTOR VEHICLE-TRANSPORT,21,CLEAR,3,DARK - LIGHTED,34,DITCH,HOPEDALE DR & FLORA MAXWELL RD,NASHVILLE,TN,37211,8701,SOUTH,36.0756,-86.7178,POINT (-86.7178 36.0756)
20190132461,02/18/2019 12:33:00 PM,2,0,0,,N,109534,5,SIDESWIPE - SAME DIRECTION,5,FOG,1,DAYLIGHT,12,MOTOR VEHICLE IN TRANSPORT,MCGAVOCK PKE & LEBANON PKE,NASHVILLE,TN,37214,9307,HERMIT,36.1697,-86.6798,POINT (-86.6798 36.1697)
20190313327,04/23/2019 03:20:00 PM,2,0,0,,N,298874,11,Front to Rear,21,CLEAR,1,DAYLIGHT,12,MOTOR VEHICLE IN TRANSPORT,GALLATIN AV & ORDWAY PL,NASHVILLE,TN,37206,1939,EAST,36.1809,-86.7496,POINT (-86.7496 36.1809)
20190429653,06/05/2019 08:40:00 PM,1,1,0,Y,Y,717341,0,NOT COLLISION W/MOTOR VEHICLE-TRANSPORT,21,CLEAR,3,DARK - LIGHTED,9,,BELL RD & BRENTRIDGE DR,ANTIOCH,TN,37013,8755,SOUTH,36.0465,-86.6834,POINT (-86.6834 36.0465)
20190466160,06/19/2019 12:00:00 AM,2,0,0,,Y,226827,5,SIDESWIPE - SAME DIRECTION,22,CLOUDY,1,DAYLIGHT,14,PARKED MOTOR VEHICLE,NORTHSIDE MARKETPLACE PVTDR & RIVERCHASE,MADISON,TN,37115,1721,MADISO,36.3072,-86.6818,POINT (-86.6818 36.3072)
20190391462,05/22/2019 01:30:00 PM,2,0,0,,N,887598,4,ANGLE,21,CLEAR,1,DAYLIGHT,12,MOTOR VEHICLE IN TRANSPORT,BRILEY PKWY E ENT RAMP & BRICK CHURCH PK,NASHVILLE,TN,37207,2031,MADISO,36.2373,-86.781,POINT (-86.781 36.2373)
20190412905,05/30/2019 12:05:00 PM,3,0,0,,N,299243,11,Front to Rear,2,RAIN,1,DAYLIGHT,12,MOTOR VEHICLE IN TRANSPORT,JAMES ROBERTSON PKWY & MAIN ST,NASHVILLE,TN,37207,1109,EAST,36.1726,-86.7659,POINT (-86.7659 36.1726)
20190105798,02/08/2019 12:14:00 PM,2,0,0,,N,462474,5,SIDESWIPE - SAME DIRECTION,21,CLEAR,1,DAYLIGHT,12,MOTOR VEHICLE IN TRANSPORT,OLD HICKORY BLVD & FRANKLIN PIKE CIR,BRENTWOOD,TN,37027,8623,MIDTOW,36.0405,-86.7801,POINT (-86.7801 36.0405)
20190184619,03/08/2019 03:47:00 PM,1,0,0,,N,320585,0,NOT COLLISION W/MOTOR VEHICLE-TRANSPORT,2,RAIN,1,DAYLIGHT,24,GUARDRAIL FACE,I40 E EXT RAMP & I 40,NASHVILLE,TN,37214,8955,HERMIT,36.155,-86.6271,POINT (-86.6271 36.155)
20190440357,06/10/2019 06:08:00 AM,2,1,0,,N,279117,11,Front to Rear,21,CLEAR,1,DAYLIGHT,12;42,MOTOR VEHICLE IN TRANSPORT;TREE,ELLINGTON PKWYS & ELLINGTON PKWYN,NASHVILLE,TN,37207,1995,EAST,36.1758,-86.7666,POINT (-86.7666 36.1758)
20190262004,04/05/2019 07:35:00 AM,2,4,0,,N,717625,5,SIDESWIPE - SAME DIRECTION,22,CLOUDY,1,DAYLIGHT,12,MOTOR VEHICLE IN TRANSPORT,MM 206 8 I 40,NASHVILLE,TN,37208,44022,NORTH,36.1684,-86.8148,POINT (-86.8148 36.1684)
20190537703,07/18/2019 04:45:00 PM,2,1,0,,N,320603,11,Front to Rear,22,CLOUDY,1,DAYLIGHT,12,MOTOR VEHICLE IN TRANSPORT,OLD HICKORY BLVD & BELLEVUE VALLEY PLAZA,NASHVILLE,TN,37221,4901,WEST,36.0734,-86.9207,POINT (-86.9207 36.0734)
20190132553,02/18/2019 01:07:00 PM,2,1,0,,N,191578,4,ANGLE,22,CLOUDY,1,DAYLIGHT,12,MOTOR VEHICLE IN TRANSPORT,MURFREESBORO PKE & SMITH SPRINGS RD,NASHVILLE,TN,37217,8849,SOUTH,36.0962,-86.6556,POINT (-86.6556 36.0962)
20190532212,07/16/2019 04:50:00 PM,2,0,0,,N,256427,11,Front to Rear,21,CLEAR,1,DAYLIGHT,12,MOTOR VEHICLE IN TRANSPORT,MM 215 6 I 40,NASHVILLE,TN,37214,9102,HERMIT,36.1431,-86.6845,POINT (-86.6845 36.1431)
20190327187,04/28/2019 06:10:00 PM,3,0,0,,Y,330416,11,Front to Rear,21,CLEAR,1,DAYLIGHT,12,MOTOR VEHICLE IN TRANSPORT,HILLSBORO PKE & GRAYBAR LN,NASHVILLE,TN,37215,6105,WEST,36.1112,-86.8113,POINT (-86.8113 36.1112)
20190254891,04/02/2019 07:57:00 PM,2,0,0,,N,876597,5,SIDESWIPE - SAME DIRECTION,21,CLEAR,3,DARK - LIGHTED,12,MOTOR VEHICLE IN TRANSPORT,NOLENSVILLE PKE & OLD HICKORY BLVD,NASHVILLE,TN,37211,8717,SOUTH,36.0454,-86.7133,POINT (-86.7133 36.0454)
20190343694,05/04/2019 08:45:00 PM,3,3,0,,N,240955,4,ANGLE,2,RAIN,3,DARK - LIGHTED,12,MOTOR VEHICLE IN TRANSPORT,BELL RD & BEECHWOOD TER,ANTIOCH,TN,37013,8753,SOUTH,36.0449,-86.6684,POINT (-86.6684 36.0449)
20190299827,04/18/2019 06:03:00 PM,2,0,0,,N,579971,11,Front to Rear,22,CLOUDY,1,DAYLIGHT,12,MOTOR VEHICLE IN TRANSPORT,I24 W EXT RAMP & I 24,NASHVILLE,TN,37211,8829,SOUTH,36.1074,-86.7197,POINT (-86.7197 36.1074)
20190103845,02/07/2019 06:11:00 PM,2,0,0,,Y,256383,5,SIDESWIPE - SAME DIRECTION,2,RAIN,2,DARK - NOT LIGHTED,12,MOTOR VEHICLE IN TRANSPORT,MM 60 5 I 24,ANTIOCH,TN,37013,88060,SOUTH,36.0349,-86.6432,POINT (-86.6432 36.0349)
20190331622,04/30/2019 10:06:00 AM,2,0,0,,N,109534,11,Front to Rear,21,CLEAR,1,DAYLIGHT,12,MOTOR VEHICLE IN TRANSPORT,LAFAYETTE ST & FAIRFIELD AV,NASHVILLE,TN,37210,8133,SOUTH,36.1473,-86.7579,POINT (-86.7579 36.1473)
20190316931,04/24/2019 04:28:00 PM,2,1,0,,N,206964,11,Front to Rear,21,CLEAR,1,DAYLIGHT,12,MOTOR VEHICLE IN TRANSPORT,MM 55 4 I 24,NASHVILLE,TN,37211,8812,SOUTH,36.0901,-86.7031,POINT (-86.7031 36.0901)
20190537571,07/18/2019 12:00:00 AM,1,1,0,,N,197070,0,NOT COLLISION W/MOTOR VEHICLE-TRANSPORT,21,CLEAR,1,DAYLIGHT,31,"OTHER POST, POLE, SUPP.",JEFFERSON ST & 14TH AVN,NASHVILLE,TN,37208,5415,NORTH,36.1707,-86.8018,POINT (-86.8018 36.1707)