Accident Number,Date and Time,Number of Motor Vehicles,Number of Injuries,Number of Fatalities,Property Damage,Hit and Run,Reporting Officer,Collision Type Code,Collision Type Description,Weather Code,Weather Description,Illumination Code,Illumination Description,Harmful Code,Harmful Code Description,Street Address,City,State,ZIP,RPA,Precinct,Latitude,Longitude,Mapped Location
20190251562,04/01/2019 05:37:00 PM,2,0,0,,N,197047,4,ANGLE,21,CLEAR,1,DAYLIGHT,12,MOTOR VEHICLE IN TRANSPORT,GALLATIN PKE & E TRINITY LN,NASHVILLE,TN,37216,1837,EAST,36.205,-86.7376,POINT (-86.7376 36.205)
20190349731,05/07/2019 07:49:00 AM,1,1,0,,N,311804,0,NOT COLLISION W/MOTOR VEHICLE-TRANSPORT,21,CLEAR,1,DAYLIGHT,8,PEDESTRIAN,ROSA L PARKS BLVD & HARRISON ST,NASHVILLE,TN,37208,4219,CENTRA,36.1685,-86.7883,POINT (-86.7883 36.1685)
20190111007,02/10/2019 09:06:00 PM,2,2,0,,N,299267,11,Front to Rear,21,CLEAR,3,DARK - LIGHTED,12,MOTOR VEHICLE IN TRANSPORT,NOLENSVILLE PKE & ALLIED DR,NASHVILLE,TN,37211,8431,SOUTH,36.0969,-86.738,POINT (-86.738 36.0969)
20190363657,05/12/2019 12:30:00 PM,2,3,0,,N,473670,4,ANGLE,21,CLEAR,1,DAYLIGHT,12,MOTOR VEHICLE IN TRANSPORT,MM 48 9 I 24,NASHVILLE,TN,37213,1104,CENTRA,36.1676,-86.7656,POINT (-86.7656 36.1676)
20190181445,03/07/2019 02:20:00 PM,2,1,0,,N,690942,11,Front to Rear,21,CLEAR,1,DAYLIGHT,12,MOTOR VEHICLE IN TRANSPORT,CHARLOTTE AV & I40 E EXT RAMP,NASHVILLE,TN,37203,5425,NORTH,36.1609,-86.7934,POINT (-86.7934 36.1609)
20190420867,06/02/2019 11:16:00 AM,2,0,0,,Y,320594,11,Front to Rear,21,CLEAR,1,DAYLIGHT,12,MOTOR VEHICLE IN TRANSPORT,HANGAR LN & DONELSON PKE,NASHVILLE,TN,37214,8953,HERMIT,36.1167,-86.6682,POINT (-86.6682 36.1167)
20190371373,05/15/2019 07:51:00 AM,2,1,0,,Y,191578,11,Front to Rear,22,CLOUDY,1,DAYLIGHT,12,MOTOR VEHICLE IN TRANSPORT,ELM HILL PKE & ATRIUM WAY,NASHVILLE,TN,37214,9101,HERMIT,36.1532,-86.6877,POINT (-86.6877 36.1532)
20190528336,07/15/2019 07:42:00 AM,2,0,0,,N,594473,11,Front to Rear,2,RAIN,1,DAYLIGHT,12,MOTOR VEHICLE IN TRANSPORT,OLD HICKORY BLVD & HEARTHSTONE MANOR LN,BRENTWOOD,TN,37027,8621,MIDTOW,36.0401,-86.7668,POINT (-86.7668 36.0401)
20190130143,02/17/2019 01:42:00 PM,1,0,0,Y,N,156307,0,NOT COLLISION W/MOTOR VEHICLE-TRANSPORT,2,RAIN,1,DAYLIGHT,24,GUARDRAIL FACE,I65 S ENT RAMP & I 65,NASHVILLE,TN,37207,3007,NORTH,36.2057,-86.778,POINT (-86.778 36.2057)
20190275387,04/10/2019 09:30:00 AM,2,0,0,,N,299243,5,SIDESWIPE - SAME DIRECTION,21,CLEAR,1,DAYLIGHT,12,MOTOR VEHICLE IN TRANSPORT,2ND AVN & UNION ST,NASHVILLE,TN,37201,4135,CENTRA,36.1658,-86.7776,POINT (-86.7776 36.1658)
20190017304,01/07/2019 06:00:00 PM,2,0,0,,N,419972,98,OTHER,21,CLEAR,3,DARK - LIGHTED,12,MOTOR VEHICLE IN TRANSPORT,WOODLAWN DR & WILSON BLVDS,NASHVILLE,TN,37215,6015,WEST,36.1244,-86.8333,POINT (-86.8333 36.1244)
20190009878,01/04/2019 04:00:00 PM,2,0,0,,Y,298867,6,SIDESWIPE - OPPOSITE DIRECTION,2,RAIN,1,DAYLIGHT,12,MOTOR VEHICLE IN TRANSPORT,DICKERSON PKE & HILLHURST DR,NASHVILLE,TN,37207,1811,EAST,36.2269,-86.7599,POINT (-86.7599 36.2269)
20190160945,02/28/2019 12:00:00 AM,2,0,0,,N,298865,4,ANGLE,21,CLEAR,1,DAYLIGHT,12,MOTOR VEHICLE IN TRANSPORT,MM 90 9 I 65,MADISON,TN,37115,20044,MADISO,36.2468,-86.7444,POINT (-86.7444 36.2468)
20190346680,05/06/2019 08:15:00 AM,3,1,0,,N,311339,11,Front to Rear,21,CLEAR,1,DAYLIGHT,12,MOTOR VEHICLE IN TRANSPORT,SPRING ST & N 1ST ST,NASHVILLE,TN,37213,1985,CENTRA,36.177,-86.7746,POINT (-86.7746 36.177)
20190142438,02/21/2019 04:41:00 PM,2,0,0,,N,267831,11,Front to Rear,2,RAIN,1,DAYLIGHT,12,MOTOR VEHICLE IN TRANSPORT,BRILEY PKWYN & BRILEY PKWYS,NASHVILLE,TN,37211,8404,SOUTH,36.1092,-86.727,POINT (-86.727 36.1092)
20190012126,01/05/2019 03:08:00 PM,2,0,0,,N,311333,16,Rear to Side,21,CLEAR,1,DAYLIGHT,12,MOTOR VEHICLE IN TRANSPORT,ORCHARD MOUNTAIN CT & PICCADILLY ROW,ANTIOCH,TN,37013,8895,SOUTH,36.0826,-86.6524,POINT (-86.6524 36.0826)
20190004211,01/02/2019 03:58:00 PM,2,0,0,,N,256419,11,Front to Rear,22,CLOUDY,1,DAYLIGHT,12,MOTOR VEHICLE IN TRANSPORT,CHARLOTTE AV & SPRUCE ST,NASHVILLE,TN,,5337,NORTH,,,
20190025612,01/10/2019 05:32:00 PM,3,1,0,,N,256389,11,Front to Rear,21,CLEAR,1,DAYLIGHT,12,MOTOR VEHICLE IN TRANSPORT,MURPHY RD & WEST END AV,NASHVILLE,TN,37203,5629,MIDTOW,36.1394,-86.8198,POINT (-86.8198 36.1394)
20190241629,03/28/2019 07:49:00 PM,2,2,0,,N,311332,4,ANGLE,21,CLEAR,2,DARK - NOT LIGHTED,12,MOTOR VEHICLE IN TRANSPORT,MM 193 8 I 40,NASHVILLE,TN,37221,4804,WEST,36.0777,-86.9971,POINT (-86.9971 36.0777)
20190196602,03/13/2019 07:57:00 AM,1,1,0,,N,191578,0,NOT COLLISION W/MOTOR VEHICLE-TRANSPORT,21,CLEAR,1,DAYLIGHT,9,,LAFAYETTE ST & 2ND AVS,NASHVILLE,TN,37210,8201,HERMIT,36.1507,-86.768,POINT (-86.768 36.1507)
20190441019,06/10/2019 11:40:00 AM,2,0,0,,N,481573,11,Front to Rear,21,CLEAR,1,DAYLIGHT,12,MOTOR VEHICLE IN TRANSPORT,BROADWAY & I40 E ENT RAMP,NASHVILLE,TN,37203,5701,MIDTOW,36.1556,-86.7898,POINT (-86.7898 36.1556)
20190101337,02/06/2019 09:55:00 PM,2,1,0,,N,256496,11,Front to Rear,2,RAIN,3,DARK - LIGHTED,12,MOTOR VEHICLE IN TRANSPORT,OLD HICKORY BLVD & SELLS DR,HERMITAGE,TN,37076,9527,HERMIT,36.1683,-86.6002,POINT (-86.6002 36.1683)
20190304224,04/20/2019 10:32:00 AM,1,0,0,,N,812949,0,NOT COLLISION W/MOTOR VEHICLE-TRANSPORT,2,RAIN,1,DAYLIGHT,1,,OLD HICKORY BLVD & SHELLBARK DR,WHITES CREEK,TN,37189,3305,NORTH,36.2759,-86.8458,POINT (-86.8458 36.2759)
20190547845,07/22/2019 07:24:00 PM,2,0,0,,Y,909486,11,Front to Rear,2,RAIN,1,DAYLIGHT,12,MOTOR VEHICLE IN TRANSPORT,EDMONDSON PKE & WALLACE RD,NASHVILLE,TN,37211,8661,MIDTOW,36.0771,-86.7256,POINT (-86.7256 36.0771)
20190118905,02/13/2019 09:26:00 AM,2,0,0,,N,212369,11,Front to Rear,21,CLEAR,1,DAYLIGHT,12,MOTOR VEHICLE IN TRANSPORT,MAGNOLIA BLVD & 21ST AVS,NASHVILLE,TN,37212,6607,MIDTOW,36.1346,-86.7998,POINT (-86.7998 36.1346)
20190356275,05/09/2019 12:20:00 PM,2,0,0,,Y,468031,5,SIDESWIPE - SAME DIRECTION,2,RAIN,1,DAYLIGHT,12,MOTOR VEHICLE IN TRANSPORT,HANCOCK ST & DICKERSON PKE,NASHVILLE,TN,37207,1953,EAST,36.1844,-86.7737,POINT (-86.7737 36.1844)
20190539969,07/19/2019 01:28:00 PM,2,1,0,,N,311331,11,Front to Rear,21,CLEAR,1,DAYLIGHT,12,MOTOR VEHICLE IN TRANSPORT,GALLATIN AV & W EASTLAND AV,NASHVILLE,TN,37206,1243,EAST,36.1836,-86.7485,POINT (-86.7485 36.1836)
20190429224,06/05/2019 04:54:00 PM,2,0,0,,N,169425,4,ANGLE,21,CLEAR,1,DAYLIGHT,12,MOTOR VEHICLE IN TRANSPORT,BROADWAY & DIVISION ST,NASHVILLE,TN,37203,5711,MIDTOW,36.149,-86.7987,POINT (-86.7987 36.149)
20190195318,03/12/2019 08:07:00 PM,2,0,0,,Y,320599,4,ANGLE,21,CLEAR,3,DARK - LIGHTED,12,MOTOR VEHICLE IN TRANSPORT,EDGE O LAKE DR & SCOTT VALLEY DR,NASHVILLE,TN,37217,8939,HERMIT,36.0797,-86.6442,POINT (-86.6442 36.0797)
20190344396,05/05/2019 05:27:00 AM,2,0,0,,Y,169414,5,SIDESWIPE - SAME DIRECTION,22,CLOUDY,2,DARK - NOT LIGHTED,12,MOTOR VEHICLE IN TRANSPORT,MM 62 0 I24,ANTIOCH,TN,37013,87040,SOUTH,36.0176,-86.6244,POINT (-86.6244 36.0176)
20190390475,05/22/2019 07:35:00 AM,2,2,0,,N,279230,11,Front to Rear,21,CLEAR,1,DAYLIGHT,12,MOTOR VEHICLE IN TRANSPORT,BELL RD & BLUE HOLE RD,ANTIOCH,TN,37013,8721,SOUTH,36.0457,-86.6744,POINT (-86.6744 36.0457)
20190256410,04/03/2019 08:15:00 AM,3,0,0,,N,110063,11,Front to Rear,21,CLEAR,1,DAYLIGHT,12,MOTOR VEHICLE IN TRANSPORT,MM 87 0 I 65,NASHVILLE,TN,37207,18020,EAST,36.2018,-86.7766,POINT (-86.7766 36.2018)
20190295341,04/17/2019 10:38:00 AM,3,1,0,,N,191578,11,Front to Rear,21,CLEAR,1,DAYLIGHT,12,MOTOR VEHICLE IN TRANSPORT,MM 212 2 I 40,NASHVILLE,TN,37210,90041,HERMIT,36.1458,-86.7414,POINT (-86.7414 36.1458)
20190524149,07/13/2019 05:15:00 AM,1,0,0,,N,166477,0,NOT COLLISION W/MOTOR VEHICLE-TRANSPORT,21,CLEAR,1,DAYLIGHT,50,DEER (ANIMAL),NOLENSVILLE PKE & CULBERTSON RD,ANTIOCH,TN,37013,8767,SOUTH,36.0072,-86.7007,POINT (-86.7007 36.0072)
20190377666,05/17/2019 07:56:00 AM,3,1,0,,N,320592,11,Front to Rear,21,CLEAR,3,DARK - LIGHTED,12,MOTOR VEHICLE IN TRANSPORT,DONELSON PKE & LAKELAND DR,NASHVILLE,TN,37214,9119,HERMIT,36.1771,-86.6057,POINT (-86.6057 36.1771)
20190274027,04/09/2019 12:00:00 AM,2,0,0,,Y,298868,5,SIDESWIPE - SAME DIRECTION,21,CLEAR,3,DARK - LIGHTED,12,MOTOR VEHICLE IN TRANSPORT,MM 209 6 I 40,NASHVILLE,TN,37203,40040,CENTRA,36.1497,-86.7832,POINT (-86.7832 36.1497)
20190511963,07/08/2019 09:22:00 AM,2,2,0,,N,584947,11,Front to Rear,21,CLEAR,1,DAYLIGHT,12,MOTOR VEHICLE IN TRANSPORT,MM 76 6 I 65,NASHVILLE,TN,37220,86042,MIDTOW,36.0662,-86.7708,POINT (-86.7708 36.0662)
20190444482,06/11/2019 05:00:00 PM,2,1,0,,N,320581,11,Front to Rear,21,CLEAR,1,DAYLIGHT,12,MOTOR VEHICLE IN TRANSPORT,JEFFERSON ST & 17TH AVN,NASHVILLE,TN,37208,5409,NORTH,36.1697,-86.8056,POINT (-86.8056 36.1697)
20190120403,02/13/2019 08:20:00 PM,2,0,0,,Y,256417,11,Front to Rear,21,CLEAR,2,DARK - NOT LIGHTED,12,MOTOR VEHICLE IN TRANSPORT,OLD HICKORY BLVD & LEBANON PKE EB EXT RA,HERMITAGE,TN,37076,9531,HERMIT,36.1964,-86.6198,POINT (-86.6198 36.1964)
20190362683,05/12/2019 12:22:00 AM,2,0,0,,N,311336,11,Front to Rear,21,CLEAR,3,DARK - LIGHTED,12,MOTOR VEHICLE IN TRANSPORT,E TRINITY LN & ELLINGTON PKWY N ENT RAMP,NASHVILLE,TN,37207,1853,EAST,36.2046,-86.7493,POINT (-86.7493 36.2046)
20190007595,01/03/2019 07:40:00 PM,2,1,0,,N,209184,11,Front to Rear,21,CLEAR,3,DARK - LIGHTED,12,MOTOR VEHICLE IN TRANSPORT,LOGISTICS WAY & OLD HICKORY BLVD,ANTIOCH,TN,37013,8869,SOUTH,36.0326,-86.6119,POINT (-86.6119 36.0326)
20190136825,02/19/2019 09:13:00 PM,2,0,0,,N,330415,4,ANGLE,2,RAIN,3,DARK - LIGHTED,12,MOTOR VEHICLE IN TRANSPORT,2ND AVS & LEA AV,NASHVILLE,TN,37210,4033,CENTRA,36.1554,-86.7709,POINT (-86.7709 36.1554)
20190433608,06/07/2019 07:42:00 AM,2,0,0,,N,716886,16,Rear to Side,2,RAIN,1,DAYLIGHT,14,PARKED MOTOR VEHICLE,LEAFLAND AV & DAYTON AV,NASHVILLE,TN,37210,8107,SOUTH,36.1271,-86.7453,POINT (-86.7453 36.1271)
20190332610,04/30/2019 05:22:00 PM,2,1,0,,N,330413,11,Front to Rear,21,CLEAR,1,DAYLIGHT,12,MOTOR VEHICLE IN TRANSPORT,MM 81 9 I 65,NASHVILLE,TN,37203,80060,MIDTOW,36.1419,-86.7766,POINT (-86.7766 36.1419)
20190484468,06/27/2019 12:50:00 AM,1,1,0,,N,256493,0,NOT COLLISION W/MOTOR VEHICLE-TRANSPORT,2,RAIN,3,DARK - LIGHTED,1;39;64,WALL;Ran Off Road-Left,I40 E ENT RAMP & I 40,NASHVILLE,TN,37205,4903,WEST,36.1109,-86.922,POINT (-86.922 36.1109)
20190477898,06/24/2019 06:15:00 PM,3,0,0,,Y,320580,11,Front to Rear,21,CLEAR,1,DAYLIGHT,12,MOTOR VEHICLE IN TRANSPORT,MM 211 3 I 40,NASHVILLE,TN,37210,9002,HERMIT,36.1524,-86.7539,POINT (-86.7539 36.1524)
20190138271,02/20/2019 09:27:00 AM,2,0,0,,N,630627,4,ANGLE,2,RAIN,1,DAYLIGHT,12,MOTOR VEHICLE IN TRANSPORT,BROADWAY & 16TH AVS,NASHVILLE,TN,37203,5701,MIDTOW,36.1543,-86.7929,POINT (-86.7929 36.1543)
20190378418,05/17/2019 03:20:00 PM,2,0,0,,N,330425,6,SIDESWIPE - OPPOSITE DIRECTION,21,CLEAR,1,DAYLIGHT,12,MOTOR VEHICLE IN TRANSPORT,NEELYS BEND RD & IDLEWILD DR,MADISON,TN,37115,1603,MADISO,36.2555,-86.7058,POINT (-86.7058 36.2555)
20190575416,08/02/2019 06:19:00 PM,1,1,0,,N,256380,0,NOT COLLISION W/MOTOR VEHICLE-TRANSPORT,21,CLEAR,1,DAYLIGHT,34,DITCH,OLD HICKORY BLVD & SHELLBARK DR,WHITES CREEK,TN,37189,3229,NORTH,36.2778,-86.8521,POINT (-86.8521 36.2778)
20190282406,04/12/2019 04:40:00 PM,2,0,0,,N,420040,4,ANGLE,22,CLOUDY,1,DAYLIGHT,14,PARKED MOTOR VEHICLE,100 REDMOND,NASHVILLE,TN,37211,8651,MIDTOW,36.0101,-86.7197,POINT (-86.7197 36.0101)
20190307424,04/21/2019 09:30:00 PM,1,0,0,Y,Y,279212,0,NOT COLLISION W/MOTOR VEHICLE-TRANSPORT,21,CLEAR,2,DARK - NOT LIGHTED,40,MAIL BOX,8200 COLLINS RD,NASHVILLE,TN,37221,4809,WEST,36.0446,-86.9618,POINT (-86.9618 36.0446)
20190333133,04/30/2019 08:56:00 PM,2,0,0,Y,N,352162,11,Front to Rear,21,CLEAR,3,DARK - LIGHTED,12;41,MOTOR VEHICLE IN TRANSPORT;SHRUBBERY,OLD HICKORY BLVD & HIGHWAY 70S,NASHVILLE,TN,37221,4901,WEST,36.0742,-86.9208,POINT (-86.9208 36.0742)
20190499809,07/02/2019 10:16:00 PM,2,0,0,,N,493312,11,Front to Rear,21,CLEAR,2,DARK - NOT LIGHTED,12,MOTOR VEHICLE IN TRANSPORT,OLD HICKORY BLVD & I24 W ENT RAMP,WHITES CREEK,TN,37189,2105,MADISO,36.2768,-86.799,POINT (-86.799 36.2768)
20190508766,07/06/2019 01:44:00 PM,2,1,0,,N,812949,11,Front to Rear,21,CLEAR,1,DAYLIGHT,12,MOTOR VEHICLE IN TRANSPORT,ROSA L PARKS BLVD & I65 N ENT RAMP,NASHVILLE,TN,37208,4353,NORTH,36.184,-86.798,POINT (-86.798 36.184)
20190150413,02/24/2019 06:54:00 PM,2,0,0,,N,299241,11,Front to Rear,21,CLEAR,2,DARK - NOT LIGHTED,12,MOTOR VEHICLE IN TRANSPORT,STATE HWY 45 & RAMP,NASHVILLE,TN,37207,2133,MADISO,36.2693,-86.7562,POINT (-86.7562 36.2693)
20190125260,02/15/2019 10:30:00 AM,2,0,0,,N,716886,11,Front to Rear,21,CLEAR,1,DAYLIGHT,12,MOTOR VEHICLE IN TRANSPORT,OLD HICKORY BLVD & I24 W EXT RAMP,ANTIOCH,TN,37013,8869,SOUTH,36.0158,-86.6201,POINT (-86.6201 36.0158)
20190247624,03/31/2019 03:20:00 AM,2,0,0,,N,256377,11,Front to Rear,21,CLEAR,3,DARK - LIGHTED,12,MOTOR VEHICLE IN TRANSPORT,SMITH SPRINGS RD & BELL RD,NASHVILLE,TN,37217,8965,HERMIT,36.0903,-86.6265,POINT (-86.6265 36.0903)
20190203840,03/15/2019 05:49:00 PM,2,1,0,,N,151132,11,Front to Rear,21,CLEAR,1,DAYLIGHT,12,MOTOR VEHICLE IN TRANSPORT,DUE WEST AVN & PORT DR,MADISON,TN,37115,2041,MADISO,36.2538,-86.744,POINT (-86.744 36.2538)
20190257510,04/03/2019 03:54:00 PM,2,0,0,,N,179606,11,Front to Rear,21,CLEAR,1,DAYLIGHT,12,MOTOR VEHICLE IN TRANSPORT,MM 79 4 I 65,NASHVILLE,TN,37204,70042,MIDTOW,36.105,-86.7672,POINT (-86.7672 36.105)
20190514179,07/09/2019 09:57:00 AM,3,0,0,,N,716886,11,Front to Rear,21,CLEAR,1,DAYLIGHT,12,MOTOR VEHICLE IN TRANSPORT,NOLENSVILLE RD & BURKITT RD,NOLENSVILLE,TN,37135,8773,SOUTH,35.9912,-86.6835,POINT (-86.6835 35.9912)
20190434765,06/07/2019 04:45:00 PM,2,0,0,,N,206674,4,ANGLE,2,RAIN,1,DAYLIGHT,12,MOTOR VEHICLE IN TRANSPORT,22ND AVN & CHARLOTTE AV,NASHVILLE,TN,37209,5339,NORTH,36.1569,-86.8074,POINT (-86.8074 36.1569)
20190338596,05/02/2019 06:39:00 PM,2,0,0,,Y,267831,11,Front to Rear,21,CLEAR,1,DAYLIGHT,12,MOTOR VEHICLE IN TRANSPORT,CHARLOTTE PKE & RIVER RD,NASHVILLE,TN,37209,4701,WEST,36.1287,-86.9065,POINT (-86.9065 36.1287)
20190155001,02/26/2019 08:07:00 AM,2,1,0,,N,226136,11,Front to Rear,21,CLEAR,1,DAYLIGHT,12,MOTOR VEHICLE IN TRANSPORT,WEDGEWOOD AV & VILLA PL,NASHVILLE,TN,37212,6613,MIDTOW,36.1362,-86.7935,POINT (-86.7935 36.1362)
20190088807,02/02/2019 08:28:00 AM,3,3,0,,N,343522,11,Front to Rear,22,CLOUDY,1,DAYLIGHT,12,MOTOR VEHICLE IN TRANSPORT,OLD HICKORY BLVD & HIGHWAY 100,NASHVILLE,TN,37221,6211,WEST,36.0623,-86.9046,POINT (-86.9046 36.0623)
20190368092,05/14/2019 07:06:00 AM,3,0,0,,N,279113,98,OTHER,21,CLEAR,1,DAYLIGHT,12,MOTOR VEHICLE IN TRANSPORT,CASTLEGATE DR & LAKE TERRACE DR,NASHVILLE,TN,37217,8929,HERMIT,36.081,-86.6109,POINT (-86.6109 36.081)
20190488608,06/28/2019 11:55:00 AM,2,0,0,,Y,320575,9,UNKNOWN,99,UNKNOWN,9,UNKNOWN,14,PARKED MOTOR VEHICLE,SINGING HILLS DR & HICKORY PASS LN,ANTIOCH,TN,37013,8967,SOUTH,36.0358,-86.586,POINT (-86.586 36.0358)
20190407820,05/28/2019 05:16:00 PM,2,1,0,,N,330435,11,Front to Rear,21,CLEAR,1,DAYLIGHT,12,MOTOR VEHICLE IN TRANSPORT,MM 47 0 I 24,NASHVILLE,TN,37207,1910,CENTRA,36.1886,-86.7761,POINT (-86.7761 36.1886)
20190404485,05/27/2019 12:31:00 PM,2,1,0,,Y,584947,5,SIDESWIPE - SAME DIRECTION,21,CLEAR,1,DAYLIGHT,12,MOTOR VEHICLE IN TRANSPORT,OLD HICKORY BLVD & HEARTHSTONE LN,BRENTWOOD,TN,37027,8619,MIDTOW,36.0397,-86.7628,POINT (-86.7628 36.0397)
20190517685,07/10/2019 05:11:00 PM,2,1,0,,N,240968,11,Front to Rear,22,CLOUDY,1,DAYLIGHT,12,MOTOR VEHICLE IN TRANSPORT,BELL RD & NED SHELTON RD,NASHVILLE,TN,37217,8987,HERMIT,36.1048,-86.6285,POINT (-86.6285 36.1048)
20190409917,05/29/2019 11:10:00 AM,2,1,0,,N,676834,4,ANGLE,21,CLEAR,1,DAYLIGHT,12,MOTOR VEHICLE IN TRANSPORT,28TH AVN & I40 E ENT RAMP,NASHVILLE,TN,37208,5307,NORTH,36.1631,-86.8196,POINT (-86.8196 36.1631)
20190200896,03/14/2019 05:45:00 PM,1,0,0,,N,279124,0,NOT COLLISION W/MOTOR VEHICLE-TRANSPORT,21,CLEAR,1,DAYLIGHT,6,,LEGACY DR & LAWSON DR,ANTIOCH,TN,37013,8763,SOUTH,36.0099,-86.6473,POINT (-86.6473 36.0099)
20190014460,01/06/2019 07:21:00 PM,2,0,0,,N,240979,16,Rear to Side,21,CLEAR,2,DARK - NOT LIGHTED,14,PARKED MOTOR VEHICLE,PEWTER CT & HERITAGE DR,MADISON,TN,37115,1765,MADISO,36.2728,-86.7194,POINT (-86.7194 36.2728)
20190128311,02/16/2019 05:37:00 PM,3,0,0,,N,320580,11,Front to Rear,21,CLEAR,3,DARK - LIGHTED,12,MOTOR VEHICLE IN TRANSPORT,BRILEY PKWYS & BRILEY PKWY S EXT RAMP,NASHVILLE,TN,37210,9098,HERMIT,36.148,-86.6929,POINT (-86.6929 36.148)
20190213171,03/19/2019 09:20:00 AM,2,0,0,,N,676834,11,Front to Rear,21,CLEAR,1,DAYLIGHT,12,MOTOR VEHICLE IN TRANSPORT,24TH AVN & DOWLAN ST,NASHVILLE,TN,37208,4489,NORTH,36.1894,-86.8154,POINT (-86.8154 36.1894)
20190043900,01/17/2019 11:40:00 AM,2,1,0,,N,665896,11,Front to Rear,22,CLOUDY,1,DAYLIGHT,12,MOTOR VEHICLE IN TRANSPORT,ELLINGTON PKWYS & E TRINITY LN,NASHVILLE,TN,37207,1896,EAST,36.2047,-86.7504,POINT (-86.7504 36.2047)
20190288241,04/15/2019 07:55:00 AM,2,0,0,,Y,909494,4,ANGLE,21,CLEAR,1,DAYLIGHT,12,MOTOR VEHICLE IN TRANSPORT,JONES AV & JONES CIR,NASHVILLE,TN,37207,1891,EAST,36.2063,-86.7579,POINT (-86.7579 36.2063)
20190268172,04/07/2019 12:00:00 AM,2,0,0,,Y,298868,6,SIDESWIPE - OPPOSITE DIRECTION,21,CLEAR,3,DARK - LIGHTED,12,MOTOR VEHICLE IN TRANSPORT,CHARLOTTE PKE & EASTBORO DR,NASHVILLE,TN,37209,5027,WEST,36.1482,-86.8674,POINT (-86.8674 36.1482)
20190053946,01/21/2019 12:49:00 PM,2,0,0,,Y,716886,11,Front to Rear,21,CLEAR,1,DAYLIGHT,12,MOTOR VEHICLE IN TRANSPORT,HARDING PL & TAMPA DR,NASHVILLE,TN,37211,8705,SOUTH,36.0827,-86.7105,POINT (-86.7105 36.0827)
20190152029,02/25/2019 10:37:00 AM,2,1,0,,N,420059,11,Front to Rear,21,CLEAR,1,DAYLIGHT,12,MOTOR VEHICLE IN TRANSPORT,WEXFORD DOWNS LN & RAMBLE HILL CIR,NASHVILLE,TN,37211,8651,MIDTOW,36.0199,-86.7419,POINT (-86.7419 36.0199)
20190275289,04/10/2019 08:40:00 AM,2,0,0,,N,468031,4,ANGLE,21,CLEAR,1,DAYLIGHT,12,MOTOR VEHICLE IN TRANSPORT,S 7TH ST & FATHERLAND ST,NASHVILLE,TN,37206,1115,EAST,36.1715,-86.7591,POINT (-86.7591 36.1715)
20190126481,02/15/2019 08:44:00 PM,1,1,0,Y,N,256422,0,NOT COLLISION W/MOTOR VEHICLE-TRANSPORT,2,RAIN,3,DARK - LIGHTED,24,GUARDRAIL FACE,MM 87 2 I 65,NASHVILLE,TN,37207,18020,EAST,36.2054,-86.7764,POINT (-86.7764 36.2054)
20190341341,05/03/2019 06:35:00 PM,2,2,0,,N,151132,11,Front to Rear,22,CLOUDY,1,DAYLIGHT,12,MOTOR VEHICLE IN TRANSPORT,MM 94 4 I 65,MADISON,TN,37115,17042,MADISO,36.2921,-86.7207,POINT (-86.7207 36.2921)
20190176157,03/05/2019 11:35:00 PM,1,1,0,Y,Y,161945,0,NOT COLLISION W/MOTOR VEHICLE-TRANSPORT,21,CLEAR,3,DARK - LIGHTED,30,UTILITY POLE,NOLENSVILLE PKE & MCIVER ST,NASHVILLE,TN,37211,8517,MIDTOW,36.1043,-86.7418,POINT (-86.7418 36.1043)
20190558060,07/26/2019 12:00:00 AM,2,0,0,,Y,320580,5,SIDESWIPE - SAME DIRECTION,21,CLEAR,1,DAYLIGHT,12,MOTOR VEHICLE IN TRANSPORT,LEBANON PKE & QUINN CIR,NASHVILLE,TN,37210,9019,HERMIT,36.1602,-86.7029,POINT (-86.7029 36.1602)
20190544411,07/21/2019 11:51:00 AM,1,1,0,,N,161952,0,NOT COLLISION W/MOTOR VEHICLE-TRANSPORT,2,RAIN,1,DAYLIGHT,36,CONCRETE TRAFFIC BARRIER,BRILEY PKWYE & BRILEY PKWYN,NASHVILLE,TN,37218,3128,NORTH,36.2258,-86.8627,POINT (-86.8627 36.2258)
20190398015,05/24/2019 12:00:00 AM,2,0,0,,N,298861,11,Front to Rear,21,CLEAR,1,DAYLIGHT,12,MOTOR VEHICLE IN TRANSPORT,LEBANON PKE & SPENCE LN,NASHVILLE,TN,37210,9019,HERMIT,36.1537,-86.7214,POINT (-86.7214 36.1537)
20190265150,04/06/2019 11:56:00 AM,2,0,0,,N,311331,5,SIDESWIPE - SAME DIRECTION,21,CLEAR,1,DAYLIGHT,12,MOTOR VEHICLE IN TRANSPORT,FERN AV & WHITES CREEK PKE,NASHVILLE,TN,37207,1867,EAST,36.1955,-86.7751,POINT (-86.7751 36.1955)
20190394673,05/23/2019 03:15:00 PM,3,0,0,,N,420040,11,Front to Rear,21,CLEAR,1,DAYLIGHT,12,MOTOR VEHICLE IN TRANSPORT,MM 1 7 I 440,NASHVILLE,TN,37209,5312,NORTH,36.1536,-86.8226,POINT (-86.8226 36.1536)
20190468887,06/20/2019 05:20:00 PM,2,1,0,,N,320580,11,Front to Rear,21,CLEAR,1,DAYLIGHT,12,MOTOR VEHICLE IN TRANSPORT,ELM HILL PKE & EMERY DR,NASHVILLE,TN,37214,9103,HERMIT,36.1517,-86.677,POINT (-86.677 36.1517)