Accident Number,Date and Time,Number of Motor Vehicles,Number of Injuries,Number of Fatalities,Property Damage,Hit and Run,Reporting Officer,Collision Type Code,Collision Type Description,Weather Code,Weather Description,Illumination Code,Illumination Description,Harmful Code,Harmful Code Description,Street Address,City,State,ZIP,RPA,Precinct,Latitude,Longitude,Mapped Location
20190573044,08/01/2019 07:00:00 PM,2,0,0,,Y,256417,4,ANGLE,21,CLEAR,1,DAYLIGHT,12,MOTOR VEHICLE IN TRANSPORT,BURNING TREE DR & CENTRAL PKE,HERMITAGE,TN,37076,9557,HERMIT,36.173,-86.6009,POINT (-86.6009 36.173)
20190125759,02/15/2019 02:22:00 PM,2,0,0,,N,109534,11,Front to Rear,2,RAIN,1,DAYLIGHT,12,MOTOR VEHICLE IN TRANSPORT,LUMAR LN & MCGAVOCK PKE,NASHVILLE,TN,37214,9303,HERMIT,36.1795,-86.6782,POINT (-86.6782 36.1795)
20190253406,04/02/2019 08:40:00 AM,1,1,0,Y,N,414730,0,NOT COLLISION W/MOTOR VEHICLE-TRANSPORT,21,CLEAR,1,DAYLIGHT,18;30;33,OTHER OBJECT (NOT FIXED);UTILITY POLE;CURB,HIGHWAY 70S & BELLEVUE CTR PVTDR,NASHVILLE,TN,37221,4811,WEST,36.0785,-86.9508,POINT (-86.9508 36.0785)
20190395497,05/23/2019 06:32:00 PM,2,0,0,,Y,524985,5,SIDESWIPE - SAME DIRECTION,21,CLEAR,1,DAYLIGHT,12,MOTOR VEHICLE IN TRANSPORT,BRILEY PKWYN & BRILEY PKWY N EXT RAMP,NASHVILLE,TN,37214,9294,HERMIT,36.1977,-86.688,POINT (-86.688 36.1977)
20190065749,01/25/2019 12:57:00 PM,1,0,0,Y,Y,676834,0,NOT COLLISION W/MOTOR VEHICLE-TRANSPORT,21,CLEAR,1,DAYLIGHT,30,UTILITY POLE,JO JOHNSTON AV & HENRY HALE BLVD,NASHVILLE,TN,37203,5425,NORTH,36.1618,-86.799,POINT (-86.799 36.1618)
20190116064,02/12/2019 01:30:00 PM,2,0,0,,N,332253,11,Front to Rear,22,CLOUDY,1,DAYLIGHT,12,MOTOR VEHICLE IN TRANSPORT,BRICK CHURCH PKE & BRILEY PKWYW,NASHVILLE,TN,37207,2014,MADISO,36.2384,-86.7809,POINT (-86.7809 36.2384)
20190335469,05/01/2019 03:36:00 PM,1,0,0,Y,N,256383,0,NOT COLLISION W/MOTOR VEHICLE-TRANSPORT,22,CLOUDY,1,DAYLIGHT,1;24;27;64,GUARDRAIL FACE;H-WAY TRAFFIC SIGNAL POST;Ran Off Road-Left,I24 W EXT RAMP & I 24,NASHVILLE,TN,37211,8829,SOUTH,36.1074,-86.7197,POINT (-86.7197 36.1074)
20190083708,01/31/2019 02:52:00 PM,2,0,0,,N,206675,11,Front to Rear,21,CLEAR,1,DAYLIGHT,12,MOTOR VEHICLE IN TRANSPORT,HARDING PL & I65 S ENT RAMP,NASHVILLE,TN,37220,7101,MIDTOW,36.0827,-86.7651,POINT (-86.7651 36.0827)
20190197762,03/13/2019 04:00:00 PM,3,0,0,,N,468160,11,Front to Rear,21,CLEAR,1,DAYLIGHT,12,MOTOR VEHICLE IN TRANSPORT,MM 218 0 I 40,NASHVILLE,TN,37217,89020,HERMIT,36.1413,-86.667,POINT (-86.667 36.1413)
20190416133,05/31/2019 12:34:00 PM,2,0,0,,N,493304,4,ANGLE,21,CLEAR,1,DAYLIGHT,12,MOTOR VEHICLE IN TRANSPORT,GALLATIN PKEN & OLD TIME VILLAGE PVTDR,MADISON,TN,37115,1701,MADISO,36.2638,-86.7117,POINT (-86.7117 36.2638)
20190269685,04/08/2019 12:00:00 AM,1,0,0,Y,Y,191578,0,NOT COLLISION W/MOTOR VEHICLE-TRANSPORT,2,RAIN,1,DAYLIGHT,38,FENCE,MURFREESBORO PKE & VULTEE BLVD,NASHVILLE,TN,37217,8823,HERMIT,36.1239,-86.7074,POINT (-86.7074 36.1239)
20190369268,05/14/2019 04:05:00 PM,2,1,0,,N,311798,2,HEAD-ON,21,CLEAR,1,DAYLIGHT,12,MOTOR VEHICLE IN TRANSPORT,28TH AVN & BATAVIA ST,NASHVILLE,TN,37208,5309,NORTH,36.1612,-86.8191,POINT (-86.8191 36.1612)
20190436497,06/08/2019 10:50:00 AM,2,0,0,,N,224824,11,Front to Rear,21,CLEAR,1,DAYLIGHT,12,MOTOR VEHICLE IN TRANSPORT,JUAREZ DR & LEBANON PKE,HERMITAGE,TN,37076,9531,HERMIT,36.1817,-86.6721,POINT (-86.6721 36.1817)
20190510039,07/07/2019 12:00:00 AM,1,0,0,,N,468097,0,NOT COLLISION W/MOTOR VEHICLE-TRANSPORT,21,CLEAR,2,DARK - NOT LIGHTED,2;39;42,WALL;TREE,465 BENITA DR,NASHVILLE,TN,37211,8417,SOUTH,36.0933,-86.7156,POINT (-86.7156 36.0933)
20190547399,07/22/2019 05:49:00 PM,2,0,0,,N,179583,2,HEAD-ON,2,RAIN,1,DAYLIGHT,12,MOTOR VEHICLE IN TRANSPORT,CHESTNUT ST & WHARF AV,NASHVILLE,TN,37210,8137,SOUTH,36.1464,-86.7632,POINT (-86.7632 36.1464)
20190163673,03/01/2019 08:32:00 AM,2,0,0,,N,594473,4,ANGLE,2,RAIN,1,DAYLIGHT,12,MOTOR VEHICLE IN TRANSPORT,NOLENSVILLE PKE & HOLT RD,NASHVILLE,TN,37211,8651,MIDTOW,36.0125,-86.7036,POINT (-86.7036 36.0125)
20190165134,03/01/2019 05:58:00 PM,3,0,0,,Y,206675,11,Front to Rear,21,CLEAR,1,DAYLIGHT,12,MOTOR VEHICLE IN TRANSPORT,GOLF CLUB LN & HILLSBORO PKE,NASHVILLE,TN,37215,6419,MIDTOW,36.1179,-86.81,POINT (-86.81 36.1179)
20190533997,07/17/2019 08:52:00 AM,1,1,0,,N,716886,0,NOT COLLISION W/MOTOR VEHICLE-TRANSPORT,21,CLEAR,1,DAYLIGHT,34,DITCH,HOBSON PKE & WEST WINCHESTER DR,ANTIOCH,TN,37013,8907,SOUTH,36.0697,-86.5805,POINT (-86.5805 36.0697)
20190559267,07/27/2019 03:50:00 AM,2,0,0,,N,330420,11,Front to Rear,21,CLEAR,3,DARK - LIGHTED,12,MOTOR VEHICLE IN TRANSPORT,MM 211 3 I 40,NASHVILLE,TN,37210,9002,HERMIT,36.1524,-86.7539,POINT (-86.7539 36.1524)
20190576184,08/02/2019 11:10:00 PM,2,0,0,,N,299269,5,SIDESWIPE - SAME DIRECTION,21,CLEAR,2,DARK - NOT LIGHTED,12,MOTOR VEHICLE IN TRANSPORT,CLARKSVILLE PKE & KINGS LN,NASHVILLE,TN,37218,3141,NORTH,36.2167,-86.8375,POINT (-86.8375 36.2167)
20190337176,05/02/2019 07:48:00 AM,2,1,0,,N,462474,4,ANGLE,21,CLEAR,1,DAYLIGHT,12,MOTOR VEHICLE IN TRANSPORT,GRAND OAK WAY & CLOVERLAND DR,BRENTWOOD,TN,37027,8623,MIDTOW,36.0305,-86.7453,POINT (-86.7453 36.0305)
20190559743,07/27/2019 10:27:00 AM,1,1,0,,N,212325,0,NOT COLLISION W/MOTOR VEHICLE-TRANSPORT,21,CLEAR,1,DAYLIGHT,44,PAVED SURFACE-IRREGULAR,I24 W EXT RAMP & I 24,NASHVILLE,TN,37211,8829,SOUTH,36.1074,-86.7197,POINT (-86.7197 36.1074)
20190120062,02/13/2019 05:14:00 PM,2,0,0,,N,580819,11,Front to Rear,21,CLEAR,1,DAYLIGHT,12,MOTOR VEHICLE IN TRANSPORT,COWAN ST & SPRING ST,NASHVILLE,TN,37213,1987,CENTRA,36.177,-86.7761,POINT (-86.7761 36.177)
20190420834,06/02/2019 03:12:00 PM,1,0,0,,N,299266,0,NOT COLLISION W/MOTOR VEHICLE-TRANSPORT,21,CLEAR,1,DAYLIGHT,17,BOULDER,CORRECTIONS CENTER PVTDR & MILL CREEK EZ,NASHVILLE,TN,37211,8847,SOUTH,36.0886,-86.6829,POINT (-86.6829 36.0886)
20190336405,05/01/2019 09:57:00 PM,2,0,0,,N,197053,5,SIDESWIPE - SAME DIRECTION,21,CLEAR,3,DARK - LIGHTED,12,MOTOR VEHICLE IN TRANSPORT,I24 E ENT RAMP & I 440,NASHVILLE,TN,37210,83043,SOUTH,36.1254,-86.7296,POINT (-86.7296 36.1254)
20190050026,01/19/2019 03:33:00 PM,2,0,0,,N,320597,11,Front to Rear,2,RAIN,1,DAYLIGHT,12,MOTOR VEHICLE IN TRANSPORT,CANE RIDGE RD & TARGET DR,ANTIOCH,TN,37013,8751,SOUTH,36.0443,-86.6615,POINT (-86.6615 36.0443)
20190354521,05/08/2019 08:30:00 PM,2,0,0,,N,414711,5,SIDESWIPE - SAME DIRECTION,21,CLEAR,3,DARK - LIGHTED,12,MOTOR VEHICLE IN TRANSPORT,ABBOTT MARTIN RD & CLEGHORN AV,NASHVILLE,TN,37215,6113,WEST,36.1065,-86.82,POINT (-86.82 36.1065)
20190397605,05/24/2019 01:56:00 PM,2,0,0,,N,191578,11,Front to Rear,21,CLEAR,1,DAYLIGHT,12,MOTOR VEHICLE IN TRANSPORT,APPLETON DR & ELM HILL PKE,NASHVILLE,TN,37210,9033,HERMIT,36.149,-86.7033,POINT (-86.7033 36.149)
20190203642,03/15/2019 03:48:00 PM,2,1,0,,N,226136,11,Front to Rear,22,CLOUDY,1,DAYLIGHT,12,MOTOR VEHICLE IN TRANSPORT,NANEARLE PL & FRANKLIN PKE,NASHVILLE,TN,37220,7111,MIDTOW,36.0597,-86.7744,POINT (-86.7744 36.0597)
20190087174,02/01/2019 05:00:00 PM,1,1,0,,Y,311338,0,NOT COLLISION W/MOTOR VEHICLE-TRANSPORT,21,CLEAR,1,DAYLIGHT,9,,GARFIELD ST & ARTHUR AV,NASHVILLE,TN,37208,4327,NORTH,36.1771,-86.7999,POINT (-86.7999 36.1771)
20190572200,08/01/2019 02:26:00 PM,2,0,0,,N,330444,4,ANGLE,21,CLEAR,1,DAYLIGHT,12,MOTOR VEHICLE IN TRANSPORT,17TH AVN & CHURCH ST,NASHVILLE,TN,37203,5519,MIDTOW,36.1558,-86.7959,POINT (-86.7959 36.1558)
20190038675,01/15/2019 04:33:00 PM,2,0,0,,N,256505,11,Front to Rear,21,CLEAR,1,DAYLIGHT,12,MOTOR VEHICLE IN TRANSPORT,WEDGEWOOD AV & 19TH AVS,NASHVILLE,TN,37212,6611,MIDTOW,36.1373,-86.7981,POINT (-86.7981 36.1373)
20190028667,01/11/2019 06:35:00 PM,2,0,0,,N,256439,11,Front to Rear,21,CLEAR,3,DARK - LIGHTED,12,MOTOR VEHICLE IN TRANSPORT,MM 215 6 I 40,NASHVILLE,TN,37214,9102,HERMIT,36.1431,-86.6845,POINT (-86.6845 36.1431)
20190395314,05/23/2019 06:45:00 PM,2,0,0,,Y,256427,11,Front to Rear,21,CLEAR,5,DUSK,12,MOTOR VEHICLE IN TRANSPORT,MM 210 2 I 40,NASHVILLE,TN,37203,80021,MIDTOW,36.1493,-86.7736,POINT (-86.7736 36.1493)
20190471732,06/21/2019 05:34:00 PM,2,0,0,,N,298874,11,Front to Rear,22,CLOUDY,1,DAYLIGHT,12,MOTOR VEHICLE IN TRANSPORT,STRATFORD AV & GALLATIN PKE,NASHVILLE,TN,37216,1441,EAST,36.2145,-86.7305,POINT (-86.7305 36.2145)
20190540200,07/19/2019 12:00:00 AM,2,2,0,,N,298868,4,ANGLE,21,CLEAR,1,DAYLIGHT,12,MOTOR VEHICLE IN TRANSPORT,OLD HICKORY BLVD & I40 W EXT RAMP,HERMITAGE,TN,37076,9557,HERMIT,36.1708,-86.6016,POINT (-86.6016 36.1708)
20190016188,01/07/2019 11:40:00 AM,2,0,0,,N,299264,11,Front to Rear,21,CLEAR,1,DAYLIGHT,12,MOTOR VEHICLE IN TRANSPORT,21ST AVS & ACKLEN AV,NASHVILLE,TN,37212,5825,MIDTOW,36.1356,-86.801,POINT (-86.801 36.1356)
20190109337,02/09/2019 11:33:00 PM,1,0,0,,Y,212321,0,NOT COLLISION W/MOTOR VEHICLE-TRANSPORT,22,CLOUDY,3,DARK - LIGHTED,34,DITCH,BELL HOLLOW APTS PVTDR & CANE RIDGE RD,ANTIOCH,TN,37013,8751,SOUTH,36.0417,-86.6608,POINT (-86.6608 36.0417)
20190293005,04/16/2019 06:00:00 PM,3,1,0,,N,206675,11,Front to Rear,21,CLEAR,1,DAYLIGHT,12,MOTOR VEHICLE IN TRANSPORT,MM 82 1 I 65,NASHVILLE,TN,37203,80061,MIDTOW,36.1449,-86.777,POINT (-86.777 36.1449)
20190046258,01/18/2019 07:12:00 AM,2,0,0,,N,320586,11,Front to Rear,22,CLOUDY,1,DAYLIGHT,12,MOTOR VEHICLE IN TRANSPORT,MCCALL ST & US HWY 31 ALT,NASHVILLE,TN,37211,8427,SOUTH,36.0996,-86.7391,POINT (-86.7391 36.0996)
20190199451,03/14/2019 06:30:00 AM,2,0,0,,N,226136,11,Front to Rear,22,CLOUDY,3,DARK - LIGHTED,12,MOTOR VEHICLE IN TRANSPORT,MM 5 8 I 440,NASHVILLE,TN,37204,83062,MIDTOW,36.1217,-86.7596,POINT (-86.7596 36.1217)
20190168112,03/03/2019 01:03:00 AM,1,0,0,Y,Y,109543,0,NOT COLLISION W/MOTOR VEHICLE-TRANSPORT,2,RAIN,3,DARK - LIGHTED,43,OTHER FIXED OBJECTS,SMITH SPRINGS RD & ANDERSON RD,NASHVILLE,TN,37217,8931,HERMIT,36.0878,-86.6079,POINT (-86.6079 36.0878)
20190173762,03/05/2019 06:41:00 AM,3,0,0,,Y,109534,16,Rear to Side,21,CLEAR,1,DAYLIGHT,14;99,PARKED MOTOR VEHICLE;UNKNOWN MOST HARMFUL EVENT,LAURINDA DR & PAMELA DR,NASHVILLE,TN,37217,8887,HERMIT,36.1409,-86.7036,POINT (-86.7036 36.1409)
20190024971,01/10/2019 12:30:00 PM,2,0,0,,N,676834,11,Front to Rear,21,CLEAR,1,DAYLIGHT,12,MOTOR VEHICLE IN TRANSPORT,CLARKSVILLE PKE & CANTARUTTI RD,JOELTON,TN,37080,3245,NORTH,36.2825,-86.8774,POINT (-86.8774 36.2825)
20190077387,01/29/2019 05:50:00 PM,2,1,0,,N,256496,4,ANGLE,21,CLEAR,3,DARK - LIGHTED,12,MOTOR VEHICLE IN TRANSPORT,OLD HICKORY BLVD & I40 E ENT RAMP,HERMITAGE,TN,37076,9543,HERMIT,36.1696,-86.601,POINT (-86.601 36.1696)
20190560081,07/27/2019 03:29:00 PM,2,0,0,,Y,299238,11,Front to Rear,21,CLEAR,1,DAYLIGHT,12,MOTOR VEHICLE IN TRANSPORT,S 5TH ST & WOODLAND ST,NASHVILLE,TN,37206,1109,EAST,36.1718,-86.7648,POINT (-86.7648 36.1718)
20190252159,04/01/2019 10:50:00 PM,2,0,0,,N,433550,11,Front to Rear,21,CLEAR,2,DARK - NOT LIGHTED,12,MOTOR VEHICLE IN TRANSPORT,BELL RD & HERON POINTE DR,NASHVILLE,TN,37214,8943,HERMIT,36.1184,-86.6311,POINT (-86.6311 36.1184)
20190243121,03/29/2019 08:12:00 AM,1,0,0,,N,140790,0,NOT COLLISION W/MOTOR VEHICLE-TRANSPORT,2,RAIN,1,DAYLIGHT,24,GUARDRAIL FACE,I40 E EXT RAMP & I 40,NASHVILLE,TN,37214,8955,HERMIT,36.155,-86.6271,POINT (-86.6271 36.155)
20190515005,07/08/2019 02:00:00 AM,2,0,0,,Y,,9,UNKNOWN,99,UNKNOWN,9,UNKNOWN,14,PARKED MOTOR VEHICLE,BURNING TREE DR & CENTRAL PKE,HERMITAGE,TN,37076,9557,HERMIT,36.173,-86.6009,POINT (-86.6009 36.173)
20190574572,08/02/2019 11:45:00 AM,2,0,0,,N,226622,4,ANGLE,21,CLEAR,1,DAYLIGHT,12,MOTOR VEHICLE IN TRANSPORT,CHARLOTTE PKE & I40 W ENT RAMP,NASHVILLE,TN,37209,4701,WEST,36.1304,-86.8994,POINT (-86.8994 36.1304)
20190356882,05/09/2019 05:00:00 PM,2,0,0,,Y,330440,2,HEAD-ON,21,CLEAR,1,DAYLIGHT,12,MOTOR VEHICLE IN TRANSPORT,19TH AVN & PEARL ST,NASHVILLE,TN,37203,5357,NORTH,36.1592,-86.8023,POINT (-86.8023 36.1592)
20190447251,06/12/2019 03:59:00 PM,3,1,0,,N,256389,11,Front to Rear,21,CLEAR,1,DAYLIGHT,12,MOTOR VEHICLE IN TRANSPORT,MM 1 1 I 440,NASHVILLE,TN,37205,5234,WEST,36.1447,-86.8224,POINT (-86.8224 36.1447)
20190291274,04/16/2019 07:00:00 AM,2,1,0,,N,279110,11,Front to Rear,21,CLEAR,1,DAYLIGHT,12,MOTOR VEHICLE IN TRANSPORT,I24 E EXT RAMP & I 24,NASHVILLE,TN,37207,30080,NORTH,36.2378,-86.7872,POINT (-86.7872 36.2378)
20190275706,04/10/2019 11:44:00 AM,2,0,0,,Y,876581,4,ANGLE,21,CLEAR,1,DAYLIGHT,12,MOTOR VEHICLE IN TRANSPORT,BELLSHIRE DR & WESTCHESTER DR,NASHVILLE,TN,37207,2023,MADISO,36.261,-86.7656,POINT (-86.7656 36.261)
20190380153,05/18/2019 05:25:00 AM,2,0,0,,N,298859,11,Front to Rear,21,CLEAR,4,DAWN,12,MOTOR VEHICLE IN TRANSPORT,LAKESIDE VILLAS PVTDR & VILLAGE GREEN DR,NASHVILLE,TN,37217,8937,HERMIT,36.0894,-86.6338,POINT (-86.6338 36.0894)
20190571688,08/01/2019 10:00:00 AM,2,1,0,,Y,223502,0,NOT COLLISION W/MOTOR VEHICLE-TRANSPORT,21,CLEAR,1,DAYLIGHT,12;30,MOTOR VEHICLE IN TRANSPORT;UTILITY POLE,2ND AVS & CHESTNUT ST,NASHVILLE,TN,37210,8141,SOUTH,36.1457,-86.7647,POINT (-86.7647 36.1457)
20190535448,07/17/2019 08:40:00 PM,2,0,0,,Y,717341,4,ANGLE,21,CLEAR,3,DARK - LIGHTED,12,MOTOR VEHICLE IN TRANSPORT,OLD HICKORY BLVD & EULALA DR,ANTIOCH,TN,37013,8757,SOUTH,36.0454,-86.7036,POINT (-86.7036 36.0454)
20190326317,04/28/2019 07:25:00 AM,2,3,0,,N,298878,4,ANGLE,21,CLEAR,1,DAYLIGHT,12,MOTOR VEHICLE IN TRANSPORT,5TH AVN & CHARLOTTE AV,NASHVILLE,TN,37219,4203,CENTRA,36.1659,-86.7819,POINT (-86.7819 36.1659)
20190256487,04/03/2019 08:44:00 AM,2,0,0,,N,332216,5,SIDESWIPE - SAME DIRECTION,21,CLEAR,1,DAYLIGHT,12,MOTOR VEHICLE IN TRANSPORT,LINDSLEY AV & 2ND AVS,NASHVILLE,TN,37210,4003,CENTRA,36.1524,-86.7688,POINT (-86.7688 36.1524)
20190341817,05/02/2019 10:50:00 PM,2,2,0,,N,191573,11,Front to Rear,21,CLEAR,3,DARK - LIGHTED,12,MOTOR VEHICLE IN TRANSPORT,MM 49 5 I 24,NASHVILLE,TN,37210,4008,CENTRA,36.1588,-86.7604,POINT (-86.7604 36.1588)
20190467308,06/20/2019 07:09:00 AM,2,0,0,,N,716886,11,Front to Rear,2,RAIN,1,DAYLIGHT,12,MOTOR VEHICLE IN TRANSPORT,MM 56 0 I 24,NASHVILLE,TN,37211,8708,SOUTH,36.0818,-86.6975,POINT (-86.6975 36.0818)
20190361047,05/11/2019 04:40:00 AM,3,0,0,,N,320578,11,Front to Rear,21,CLEAR,3,DARK - LIGHTED,12,MOTOR VEHICLE IN TRANSPORT,MM 56 0 I 24,NASHVILLE,TN,37211,8708,SOUTH,36.0818,-86.6975,POINT (-86.6975 36.0818)
20190225432,03/23/2019 03:56:00 AM,1,1,0,Y,N,298871,0,NOT COLLISION W/MOTOR VEHICLE-TRANSPORT,21,CLEAR,3,DARK - LIGHTED,33;39,CURB;WALL,21ST AVS & BROADWAY,NASHVILLE,TN,37203,5713,MIDTOW,36.1484,-86.7993,POINT (-86.7993 36.1484)
20190359995,05/10/2019 06:55:00 PM,2,0,0,,N,267831,4,ANGLE,22,CLOUDY,1,DAYLIGHT,12,MOTOR VEHICLE IN TRANSPORT,OLD HICKORY BLVD & BELLEVUE VALLEY PLAZA,NASHVILLE,TN,37221,4901,WEST,36.0734,-86.9207,POINT (-86.9207 36.0734)
20190306564,04/21/2019 01:50:00 PM,4,5,1,,N,240952,4,ANGLE,21,CLEAR,1,DAYLIGHT,12,MOTOR VEHICLE IN TRANSPORT,NOLENSVILLE PKE & NEWSOME ST,NASHVILLE,TN,37210,8319,SOUTH,36.1191,-86.7493,POINT (-86.7493 36.1191)
20190354565,05/08/2019 09:00:00 PM,3,4,0,,N,299267,4,ANGLE,21,CLEAR,3,DARK - LIGHTED,12,MOTOR VEHICLE IN TRANSPORT,OLD HICKORY BLVD & EDMONDSON PKE,NASHVILLE,TN,37220,8615,MIDTOW,36.04,-86.7435,POINT (-86.7435 36.04)
20190475294,06/23/2019 02:50:00 PM,2,1,0,,N,299238,4,ANGLE,21,CLEAR,1,DAYLIGHT,12,MOTOR VEHICLE IN TRANSPORT,EASTLAND AV & PORTER RD,NASHVILLE,TN,37206,1305,EAST,36.1824,-86.733,POINT (-86.733 36.1824)
20190034161,01/14/2019 12:00:00 AM,3,1,0,,N,429205,11,Front to Rear,22,CLOUDY,4,DAWN,12,MOTOR VEHICLE IN TRANSPORT,MM 210 7 I 40,NASHVILLE,TN,37210,8202,HERMIT,36.1532,-86.7644,POINT (-86.7644 36.1532)
20190365873,05/13/2019 12:26:00 PM,2,0,0,,N,212369,4,ANGLE,21,CLEAR,1,DAYLIGHT,12,MOTOR VEHICLE IN TRANSPORT,MM 2 3 I 440,NASHVILLE,TN,37215,6006,WEST,36.1262,-86.8146,POINT (-86.8146 36.1262)
20190164583,03/01/2019 03:10:00 PM,2,2,0,,N,206675,4,ANGLE,21,CLEAR,1,DAYLIGHT,12,MOTOR VEHICLE IN TRANSPORT,CHURCH ST & 15TH AVN,NASHVILLE,TN,37203,5517,MIDTOW,36.1574,-86.7926,POINT (-86.7926 36.1574)
20190057190,01/22/2019 04:03:00 PM,2,0,0,,Y,256446,11,Front to Rear,21,CLEAR,1,DAYLIGHT,12,MOTOR VEHICLE IN TRANSPORT,MURFREESBORO PKE & HAMILTON CROSSINGS,ANTIOCH,TN,37013,8865,SOUTH,36.0655,-86.6292,POINT (-86.6292 36.0655)
20190021639,01/09/2019 10:05:00 AM,2,0,0,,N,462474,11,Front to Rear,21,CLEAR,1,DAYLIGHT,12,MOTOR VEHICLE IN TRANSPORT,I65 N EXT RAMP & HARDING PL,NASHVILLE,TN,37220,8601,MIDTOW,36.0821,-86.7617,POINT (-86.7617 36.0821)
20190569150,07/31/2019 10:44:00 AM,2,2,0,,N,462501,11,Front to Rear,21,CLEAR,1,DAYLIGHT,12,MOTOR VEHICLE IN TRANSPORT,BROADWAY & I40 W ENT RAMP,NASHVILLE,TN,37203,4081,CENTRA,36.156,-86.7889,POINT (-86.7889 36.156)
20190443789,06/11/2019 11:30:00 AM,2,0,0,,Y,226622,4,ANGLE,21,CLEAR,1,DAYLIGHT,12,MOTOR VEHICLE IN TRANSPORT,CHARLOTTE PKE PVTDR & BROOKMEADE GRNWY,NASHVILLE,TN,37209,4703,WEST,36.1316,-86.9061,POINT (-86.9061 36.1316)
20190501452,07/03/2019 11:45:00 AM,2,0,0,,N,676834,4,ANGLE,21,CLEAR,1,DAYLIGHT,14,PARKED MOTOR VEHICLE,1900 JO JOHNSTON AV,NASHVILLE,TN,37203,5357,NORTH,36.1581,-86.8026,POINT (-86.8026 36.1581)
20190540201,07/19/2019 03:17:00 PM,2,0,0,,Y,256386,5,SIDESWIPE - SAME DIRECTION,21,CLEAR,1,DAYLIGHT,12,MOTOR VEHICLE IN TRANSPORT,STATE HWY 155 & EXIT 11,NASHVILLE,TN,37214,92920,HERMIT,36.1947,-86.6875,POINT (-86.6875 36.1947)
20190562038,07/28/2019 01:35:00 PM,2,0,0,,N,620057,11,Front to Rear,21,CLEAR,1,DAYLIGHT,12,MOTOR VEHICLE IN TRANSPORT,STATE RT 45 & ARCHWOOD DR,MADISON,TN,37115,1705,MADISO,36.2636,-86.686,POINT (-86.686 36.2636)
20190482164,06/26/2019 06:47:00 AM,2,0,0,,N,716886,4,ANGLE,21,CLEAR,1,DAYLIGHT,12;24,MOTOR VEHICLE IN TRANSPORT;GUARDRAIL FACE,HOBSON PKE & MURFREESBORO PKE,ANTIOCH,TN,37013,8867,SOUTH,36.043,-86.6066,POINT (-86.6066 36.043)
20190203826,03/15/2019 05:04:00 PM,2,0,0,,Y,256389,11,Front to Rear,21,CLEAR,1,DAYLIGHT,12,MOTOR VEHICLE IN TRANSPORT,HARDING PL & SIDCO DR,NASHVILLE,TN,37220,8601,MIDTOW,36.0819,-86.7612,POINT (-86.7612 36.0819)
20190412401,05/30/2019 07:57:00 AM,2,0,0,,N,109534,11,Front to Rear,22,CLOUDY,1,DAYLIGHT,12,MOTOR VEHICLE IN TRANSPORT,ELM HILL PKE & MCCRORY CREEK RD,NASHVILLE,TN,37214,9413,HERMIT,36.1437,-86.6553,POINT (-86.6553 36.1437)
20190502955,07/03/2019 11:36:00 PM,2,0,0,,Y,352213,11,Front to Rear,21,CLEAR,3,DARK - LIGHTED,12,MOTOR VEHICLE IN TRANSPORT,ROSA L PARKS BLVD & COMMERCE ST,NASHVILLE,TN,37203,4115,CENTRA,36.1603,-86.783,POINT (-86.783 36.1603)
20190490977,06/29/2019 12:12:00 PM,3,1,0,,N,591933,5,SIDESWIPE - SAME DIRECTION,21,CLEAR,1,DAYLIGHT,12;14,MOTOR VEHICLE IN TRANSPORT;PARKED MOTOR VEHICLE,MM 58 5 I 24,ANTIOCH,TN,37013,87061,SOUTH,36.0527,-86.6719,POINT (-86.6719 36.0527)
20190528908,07/15/2019 12:15:00 PM,2,0,0,,Y,352161,4,ANGLE,21,CLEAR,1,DAYLIGHT,14,PARKED MOTOR VEHICLE,NOLENSVILLE PKE & ELBERTA ST,NASHVILLE,TN,37210,8319,SOUTH,36.1191,-86.7493,POINT (-86.7493 36.1191)
20190075594,01/29/2019 05:40:00 AM,2,1,0,,N,330420,11,Front to Rear,21,CLEAR,3,DARK - LIGHTED,12,MOTOR VEHICLE IN TRANSPORT,MM 62 1 I 24,ANTIOCH,TN,37013,8806,SOUTH,36.0195,-86.626,POINT (-86.626 36.0195)
20190455003,06/15/2019 10:50:00 AM,2,0,0,,N,352196,5,SIDESWIPE - SAME DIRECTION,21,CLEAR,1,DAYLIGHT,12,MOTOR VEHICLE IN TRANSPORT,8TH AVS & PALMER PL,NASHVILLE,TN,37203,4041,CENTRA,36.1547,-86.7798,POINT (-86.7798 36.1547)
20190220753,03/21/2019 03:03:00 PM,2,1,0,,N,717341,11,Front to Rear,21,CLEAR,1,DAYLIGHT,12,MOTOR VEHICLE IN TRANSPORT,MURFREESBORO PKE & MCGAVOCK PKE,NASHVILLE,TN,37217,8841,SOUTH,36.1129,-86.689,POINT (-86.689 36.1129)
20190276043,04/10/2019 02:12:00 PM,2,0,0,,N,493312,4,ANGLE,21,CLEAR,1,DAYLIGHT,12,MOTOR VEHICLE IN TRANSPORT,ANDERSON ROAD & HARBOUR VIEW,NASHVILLE,TN,37217,8929,HERMIT,36.0859,-86.607,POINT (-86.607 36.0859)
20190188698,03/10/2019 12:05:00 PM,1,1,0,Y,N,279122,0,NOT COLLISION W/MOTOR VEHICLE-TRANSPORT,21,CLEAR,1,DAYLIGHT,40,MAIL BOX,HYDES FERRY RD & EMERALD DR,NASHVILLE,TN,37218,3129,NORTH,36.1975,-86.8439,POINT (-86.8439 36.1975)