Accident Number,Date and Time,Number of Motor Vehicles,Number of Injuries,Number of Fatalities,Property Damage,Hit and Run,Reporting Officer,Collision Type Code,Collision Type Description,Weather Code,Weather Description,Illumination Code,Illumination Description,Harmful Code,Harmful Code Description,Street Address,City,State,ZIP,RPA,Precinct,Latitude,Longitude,Mapped Location
20190369749,05/14/2019 07:35:00 PM,2,0,0,,N,807326,5,SIDESWIPE - SAME DIRECTION,21,CLEAR,1,DAYLIGHT,12,MOTOR VEHICLE IN TRANSPORT,9TH AVS & CLARK PL,NASHVILLE,TN,37203,4041,CENTRA,36.1553,-86.7811,POINT (-86.7811 36.1553)
20190328507,04/29/2019 08:25:00 AM,4,2,0,,N,225777,11,Front to Rear,21,CLEAR,1,DAYLIGHT,12,MOTOR VEHICLE IN TRANSPORT,HARDING PKE & OLD HARDING PKE,NASHVILLE,TN,37205,4913,WEST,36.0972,-86.8759,POINT (-86.8759 36.0972)
20190161866,02/28/2019 03:13:00 PM,3,1,0,,N,161939,11,Front to Rear,2,RAIN,1,DAYLIGHT,12,MOTOR VEHICLE IN TRANSPORT,BELL RD & MT VIEW RD,ANTIOCH,TN,37013,8865,SOUTH,36.05,-86.6496,POINT (-86.6496 36.05)
20190402327,05/26/2019 01:55:00 PM,2,0,0,,N,538214,5,SIDESWIPE - SAME DIRECTION,21,CLEAR,1,DAYLIGHT,12,MOTOR VEHICLE IN TRANSPORT,ASH ST & 2ND AVS,NASHVILLE,TN,37210,4005,CENTRA,36.1532,-86.7697,POINT (-86.7697 36.1532)
20190499284,07/02/2019 06:05:00 PM,2,0,0,,N,352179,4,ANGLE,21,CLEAR,1,DAYLIGHT,12,MOTOR VEHICLE IN TRANSPORT,HARDING PL & OVERCREST DR,NASHVILLE,TN,37211,8609,MIDTOW,36.0772,-86.7336,POINT (-86.7336 36.0772)
20190346034,05/06/2019 02:23:00 AM,4,0,0,,Y,299254,4,ANGLE,21,CLEAR,3,DARK - LIGHTED,13;14;63,MOTOR VEHICLE IN TRANSPORT-OTHER ROADWAY;PARKED MOTOR VEHICLE;Ran Off Road-Right,PEBBLE CREEK DR & SPRINGMORE CT,ANTIOCH,TN,37013,8861,SOUTH,36.0709,-86.6492,POINT (-86.6492 36.0709)
20190577268,08/03/2019 01:40:00 PM,2,2,0,,N,299243,11,Front to Rear,21,CLEAR,1,DAYLIGHT,12,MOTOR VEHICLE IN TRANSPORT,MM 52 2 I 24,NASHVILLE,TN,37217,8816,SOUTH,36.1359,-86.7267,POINT (-86.7267 36.1359)
20190321824,04/26/2019 07:48:00 AM,4,3,0,,N,320586,11,Front to Rear,21,CLEAR,1,DAYLIGHT,12,MOTOR VEHICLE IN TRANSPORT,DRUMMOND DR & EAST THOMPSON LN,NASHVILLE,TN,37211,8809,SOUTH,36.1149,-86.7196,POINT (-86.7196 36.1149)
20190392432,05/22/2019 10:45:00 PM,2,0,0,,Y,240957,5,SIDESWIPE - SAME DIRECTION,21,CLEAR,2,DARK - NOT LIGHTED,12,MOTOR VEHICLE IN TRANSPORT,I65 N ENT RAMP & I 65,NASHVILLE,TN,37207,1829,EAST,36.209,-86.7759,POINT (-86.7759 36.209)
20190189079,03/10/2019 12:00:00 AM,2,0,0,,N,298861,11,Front to Rear,21,CLEAR,3,DARK - LIGHTED,12,MOTOR VEHICLE IN TRANSPORT,MM 214 3 I 40,NASHVILLE,TN,37217,88021,HERMIT,36.1425,-86.7089,POINT (-86.7089 36.1425)
20190032724,01/13/2019 04:15:00 PM,1,0,0,Y,N,433550,0,NOT COLLISION W/MOTOR VEHICLE-TRANSPORT,2,RAIN,1,DAYLIGHT,27,H-WAY TRAFFIC SIGNAL POST,BELL RD & MILLS RD,HERMITAGE,TN,37076,9501,HERMIT,36.1613,-86.5999,POINT (-86.5999 36.1613)
20190204779,03/16/2019 02:25:00 AM,2,2,0,,Y,212334,11,Front to Rear,21,CLEAR,2,DARK - NOT LIGHTED,12,MOTOR VEHICLE IN TRANSPORT,WHITES CREEK PKE & BRILEY PKWYW,NASHVILLE,TN,37207,3222,NORTH,36.234,-86.8153,POINT (-86.8153 36.234)
20190467579,06/20/2019 08:55:00 AM,3,1,0,,N,311339,11,Front to Rear,2,RAIN,1,DAYLIGHT,12,MOTOR VEHICLE IN TRANSPORT,KOREAN VETERANS BLVD & 5TH AVS,NASHVILLE,TN,37203,4057,CENTRA,36.1563,-86.7763,POINT (-86.7763 36.1563)
20190287490,04/15/2019 12:00:00 AM,1,0,0,Y,Y,161945,0,NOT COLLISION W/MOTOR VEHICLE-TRANSPORT,21,CLEAR,2,DARK - NOT LIGHTED,30;43,UTILITY POLE;OTHER FIXED OBJECTS,HOLT RD & HOLT HILLS RD,NASHVILLE,TN,37211,8651,MIDTOW,36.0149,-86.7298,POINT (-86.7298 36.0149)
20190507037,07/05/2019 05:34:00 PM,2,1,0,,N,151132,16,Rear to Side,21,CLEAR,1,DAYLIGHT,13,MOTOR VEHICLE IN TRANSPORT-OTHER ROADWAY,NEELYS BEND RD & LARKIN SPRINGS RD,MADISON,TN,37115,1613,MADISO,36.2496,-86.6866,POINT (-86.6866 36.2496)
20190329457,04/29/2019 12:00:00 AM,1,0,0,,Y,151132,0,NOT COLLISION W/MOTOR VEHICLE-TRANSPORT,21,CLEAR,1,DAYLIGHT,34;63,DITCH;Ran Off Road-Right,DICKERSON PKES & CUNNIFF PKWY,GOODLETTSVILLE,TN,37072,2111,MADISO,36.2853,-86.746,POINT (-86.746 36.2853)
20190095992,02/05/2019 07:20:00 AM,2,1,0,,N,191578,11,Front to Rear,21,CLEAR,1,DAYLIGHT,12,MOTOR VEHICLE IN TRANSPORT,MURFREESBORO PKE & THOMPSON PL,NASHVILLE,TN,37217,8879,SOUTH,36.1267,-86.7111,POINT (-86.7111 36.1267)
20190042281,01/16/2019 09:31:00 PM,2,0,0,,Y,240955,11,Front to Rear,21,CLEAR,2,DARK - NOT LIGHTED,12,MOTOR VEHICLE IN TRANSPORT,MM 59 0 I 24,ANTIOCH,TN,37013,8808,SOUTH,36.049,-86.6651,POINT (-86.6651 36.049)
20190443416,06/11/2019 08:11:00 AM,2,0,0,,N,462474,11,Front to Rear,21,CLEAR,1,DAYLIGHT,12,MOTOR VEHICLE IN TRANSPORT,CHARLOTTE AV & CITY AV,NASHVILLE,TN,37209,5341,MIDTOW,36.1535,-86.8203,POINT (-86.8203 36.1535)
20190054342,01/21/2019 04:01:00 PM,2,0,0,,Y,256499,4,ANGLE,21,CLEAR,1,DAYLIGHT,12,MOTOR VEHICLE IN TRANSPORT,I440 W EXT RAMP & I 440,NASHVILLE,TN,37212,6501,MIDTOW,36.122,-86.804,POINT (-86.804 36.122)
20190392143,05/22/2019 08:13:00 PM,2,0,0,,N,151132,5,SIDESWIPE - SAME DIRECTION,21,CLEAR,3,DARK - LIGHTED,12,MOTOR VEHICLE IN TRANSPORT,MM 91 4 I 65,MADISON,TN,37115,2006,MADISO,36.2532,-86.7394,POINT (-86.7394 36.2532)
20190449010,06/13/2019 07:26:00 AM,3,1,0,,N,594473,11,Front to Rear,21,CLEAR,1,DAYLIGHT,12,MOTOR VEHICLE IN TRANSPORT,8TH AVS & ROYCROFT PL,NASHVILLE,TN,37204,6945,MIDTOW,36.1339,-86.7791,POINT (-86.7791 36.1339)
20190248872,03/31/2019 05:45:00 PM,2,0,0,,N,240957,5,SIDESWIPE - SAME DIRECTION,21,CLEAR,5,DUSK,12,MOTOR VEHICLE IN TRANSPORT,NOLENSVILLE PKE & OLD HICKORY BLVD,NASHVILLE,TN,37211,8717,SOUTH,36.0454,-86.7133,POINT (-86.7133 36.0454)
20190013875,01/06/2019 04:00:00 AM,2,0,0,,Y,320575,4,ANGLE,99,UNKNOWN,3,DARK - LIGHTED,12,MOTOR VEHICLE IN TRANSPORT,ANTIOCH PKE & RICHARDS RD,ANTIOCH,TN,37013,8899,SOUTH,36.0692,-86.6838,POINT (-86.6838 36.0692)
20190039315,01/15/2019 10:19:00 PM,2,0,0,,N,714641,5,SIDESWIPE - SAME DIRECTION,22,CLOUDY,3,DARK - LIGHTED,12,MOTOR VEHICLE IN TRANSPORT,BROADWAY & 9TH AVS,NASHVILLE,TN,37203,4083,CENTRA,36.1583,-86.7834,POINT (-86.7834 36.1583)
20190094166,02/04/2019 03:54:00 PM,2,1,0,,N,299244,11,Front to Rear,21,CLEAR,1,DAYLIGHT,12,MOTOR VEHICLE IN TRANSPORT,3RD AVN & JEFFERSON ST,NASHVILLE,TN,37201,4233,CENTRA,36.175,-86.7847,POINT (-86.7847 36.175)
20190066405,01/25/2019 05:32:00 PM,3,0,0,,N,151132,11,Front to Rear,21,CLEAR,5,DUSK,12,MOTOR VEHICLE IN TRANSPORT,MM 41 8 I 24,WHITES CREEK,TN,37189,3226,NORTH,36.2601,-86.7888,POINT (-86.7888 36.2601)
20190324004,04/27/2019 01:30:00 AM,2,0,0,,N,192378,4,ANGLE,21,CLEAR,3,DARK - LIGHTED,12,MOTOR VEHICLE IN TRANSPORT,MM 53 1 I 24,NASHVILLE,TN,37210,88142,SOUTH,36.1172,-86.7256,POINT (-86.7256 36.1172)
20190191500,03/11/2019 03:24:00 PM,2,1,0,,Y,579971,11,Front to Rear,21,CLEAR,1,DAYLIGHT,12,MOTOR VEHICLE IN TRANSPORT,OLD HICKORY BLVD & NOLENSVILLE PKE,ANTIOCH,TN,37013,8757,SOUTH,36.0455,-86.7122,POINT (-86.7122 36.0455)
20190077458,01/29/2019 04:15:00 PM,2,0,0,,N,256448,11,Front to Rear,21,CLEAR,1,DAYLIGHT,12,MOTOR VEHICLE IN TRANSPORT,ROYAL PKWY & DONELSON PKE,NASHVILLE,TN,37214,9103,HERMIT,36.1463,-86.6689,POINT (-86.6689 36.1463)
20190493361,06/30/2019 02:15:00 PM,3,0,0,,N,240960,11,Front to Rear,21,CLEAR,1,DAYLIGHT,12,MOTOR VEHICLE IN TRANSPORT,MM 212 2 I 40,NASHVILLE,TN,37210,90041,HERMIT,36.1458,-86.7414,POINT (-86.7414 36.1458)
20190168541,03/03/2019 09:07:00 AM,2,0,0,,Y,330427,4,ANGLE,2,RAIN,1,DAYLIGHT,12,MOTOR VEHICLE IN TRANSPORT,MM 54 3 I 24,NASHVILLE,TN,37211,84020,SOUTH,36.1034,-86.7148,POINT (-86.7148 36.1034)
20190208165,03/17/2019 03:39:00 PM,2,0,0,,N,240955,4,ANGLE,21,CLEAR,1,DAYLIGHT,12,MOTOR VEHICLE IN TRANSPORT,I24 E EXT RAMP & I 24,NASHVILLE,TN,37207,30080,NORTH,36.2378,-86.7872,POINT (-86.7872 36.2378)
20190465039,06/19/2019 12:30:00 PM,2,1,0,,N,591936,11,Front to Rear,21,CLEAR,1,DAYLIGHT,12;20,MOTOR VEHICLE IN TRANSPORT;IMPACT ATTENUATOR,MM 4 4 I 440,NASHVILLE,TN,37204,7014,MIDTOW,36.1158,-86.7827,POINT (-86.7827 36.1158)
20190409245,05/29/2019 05:44:00 AM,2,2,0,,N,197053,11,Front to Rear,21,CLEAR,1,DAYLIGHT,12;71,MOTOR VEHICLE IN TRANSPORT;EMBANKMENT EARTH,MM 55 3 I 24,NASHVILLE,TN,37211,8602,SOUTH,36.0913,-86.7043,POINT (-86.7043 36.0913)
20190330316,04/29/2019 10:27:00 PM,2,0,0,,N,352211,4,ANGLE,21,CLEAR,3,DARK - LIGHTED,12,MOTOR VEHICLE IN TRANSPORT,8TH AVS & LAFAYETTE ST,NASHVILLE,TN,37203,4043,CENTRA,36.1546,-86.7792,POINT (-86.7792 36.1546)
20190241346,03/28/2019 05:30:00 PM,3,0,0,,N,161948,5,SIDESWIPE - SAME DIRECTION,21,CLEAR,1,DAYLIGHT,12,MOTOR VEHICLE IN TRANSPORT,BRILEY PKWYS & BRILEY PKWYN,NASHVILLE,TN,37218,3212,NORTH,36.2142,-86.8724,POINT (-86.8724 36.2142)
20190273752,04/09/2019 07:20:00 PM,1,5,0,,N,161948,0,NOT COLLISION W/MOTOR VEHICLE-TRANSPORT,21,CLEAR,5,DUSK,63;71,Ran Off Road-Right;EMBANKMENT EARTH,OPRY MILLS DR & GAYLORD DR,NASHVILLE,TN,37214,9209,HERMIT,36.1976,-86.6915,POINT (-86.6915 36.1976)
20190447546,06/12/2019 06:02:00 PM,3,1,0,,N,151132,6,SIDESWIPE - OPPOSITE DIRECTION,22,CLOUDY,1,DAYLIGHT,12,MOTOR VEHICLE IN TRANSPORT,ROOSEVELT AV & BROOKS AV,MADISON,TN,37115,1725,MADISO,36.2708,-86.7066,POINT (-86.7066 36.2708)
20190105213,02/08/2019 07:52:00 AM,5,1,0,,N,909494,11,Front to Rear,22,CLOUDY,1,DAYLIGHT,12,MOTOR VEHICLE IN TRANSPORT,W TRINITY LN & LUCAS LN,NASHVILLE,TN,37207,1863,EAST,36.2061,-86.7711,POINT (-86.7711 36.2061)
20190220790,03/21/2019 03:13:00 PM,2,0,0,,N,642287,5,SIDESWIPE - SAME DIRECTION,21,CLEAR,1,DAYLIGHT,12,MOTOR VEHICLE IN TRANSPORT,SPRING ST & MAIN ST,NASHVILLE,TN,37206,1113,EAST,36.1728,-86.7653,POINT (-86.7653 36.1728)
20190177316,03/06/2019 07:53:00 AM,2,0,0,,N,572251,5,SIDESWIPE - SAME DIRECTION,21,CLEAR,1,DAYLIGHT,12,MOTOR VEHICLE IN TRANSPORT,MM 91 0 I 65,MADISON,TN,37115,20044,MADISO,36.2478,-86.7432,POINT (-86.7432 36.2478)
20190423286,06/03/2019 04:10:00 PM,2,0,0,,Y,299238,11,Front to Rear,21,CLEAR,1,DAYLIGHT,12,MOTOR VEHICLE IN TRANSPORT,MM 47 4 I 24,NASHVILLE,TN,37207,1904,CENTRA,36.1827,-86.7752,POINT (-86.7752 36.1827)
20190406399,05/28/2019 06:50:00 AM,2,0,0,,Y,191578,5,SIDESWIPE - SAME DIRECTION,21,CLEAR,1,DAYLIGHT,12,MOTOR VEHICLE IN TRANSPORT,BRILEY PKWY N EXT RAMP & ELM HILL PKE,NASHVILLE,TN,37214,9107,HERMIT,36.1523,-86.6905,POINT (-86.6905 36.1523)
20190353304,05/08/2019 11:00:00 AM,2,0,0,,N,716877,5,SIDESWIPE - SAME DIRECTION,21,CLEAR,1,DAYLIGHT,12,MOTOR VEHICLE IN TRANSPORT,FIRESTONE PKWY & OLD HICKORY BLVD,ANTIOCH,TN,37013,8869,SOUTH,36.0168,-86.6199,POINT (-86.6199 36.0168)
20190087400,02/01/2019 06:09:00 PM,2,0,0,,N,330445,4,ANGLE,21,CLEAR,3,DARK - LIGHTED,12,MOTOR VEHICLE IN TRANSPORT,11TH AVS & 12TH AVS,NASHVILLE,TN,37203,4019,CENTRA,36.1525,-86.7838,POINT (-86.7838 36.1525)
20190102228,02/07/2019 05:21:00 AM,1,0,0,,N,256493,0,NOT COLLISION W/MOTOR VEHICLE-TRANSPORT,2,RAIN,3,DARK - LIGHTED,18,OTHER OBJECT (NOT FIXED),PRIEST WOODS DR & WESTERN SHORE DR,NASHVILLE,TN,37214,8991,HERMIT,36.1277,-86.631,POINT (-86.631 36.1277)
20190107502,02/09/2019 02:40:00 AM,1,1,0,,N,320584,0,NOT COLLISION W/MOTOR VEHICLE-TRANSPORT,21,CLEAR,3,DARK - LIGHTED,36,CONCRETE TRAFFIC BARRIER,MM 7 5 I 440,NASHVILLE,TN,37210,81022,SOUTH,36.1264,-86.7287,POINT (-86.7287 36.1264)
20190368056,05/14/2019 06:42:00 AM,2,0,0,,N,716886,5,SIDESWIPE - SAME DIRECTION,21,CLEAR,1,DAYLIGHT,14,PARKED MOTOR VEHICLE,OCTOBER WOODS DR & COLO TRL,ANTIOCH,TN,37013,8765,SOUTH,36.0088,-86.6258,POINT (-86.6258 36.0088)
20190301553,04/19/2019 10:21:00 AM,2,0,0,,N,245532,11,Front to Rear,2,RAIN,1,DAYLIGHT,12,MOTOR VEHICLE IN TRANSPORT,JAMES ROBERTSON PKWY & ELLINGTON PKWY N,NASHVILLE,TN,37206,1109,EAST,36.1718,-86.768,POINT (-86.768 36.1718)
20190223965,03/22/2019 03:02:00 PM,2,0,0,,N,256499,4,ANGLE,21,CLEAR,1,DAYLIGHT,12,MOTOR VEHICLE IN TRANSPORT,MUSIC SQE & DIVISION ST,NASHVILLE,TN,37203,6733,MIDTOW,36.1518,-86.7916,POINT (-86.7916 36.1518)
20190158989,02/27/2019 03:14:00 PM,2,1,0,,N,151132,11,Front to Rear,21,CLEAR,1,DAYLIGHT,12,MOTOR VEHICLE IN TRANSPORT,I65 N EXT RAMP & OLD HICKORY BLVDW,MADISON,TN,37115,1777,MADISO,36.2642,-86.7356,POINT (-86.7356 36.2642)
20190517567,07/10/2019 03:29:00 PM,2,0,0,Y,N,169425,11,Front to Rear,21,CLEAR,1,DAYLIGHT,12;14,MOTOR VEHICLE IN TRANSPORT;PARKED MOTOR VEHICLE,31ST AVN & HEDRICK ST,NASHVILLE,TN,37203,5627,MIDTOW,36.1431,-86.8159,POINT (-86.8159 36.1431)
20190510526,07/07/2019 03:37:00 PM,2,0,0,,Y,330425,16,Rear to Side,21,CLEAR,1,DAYLIGHT,14,PARKED MOTOR VEHICLE,WOODRUFF ST & GALLATIN PKES,MADISON,TN,37115,1771,MADISO,36.2599,-86.7132,POINT (-86.7132 36.2599)
20190060135,01/23/2019 04:54:00 PM,2,3,0,,N,256386,11,Front to Rear,2,RAIN,5,DUSK,12,MOTOR VEHICLE IN TRANSPORT,NASHBORO BLVD & LONG HUNTER CT,NASHVILLE,TN,37217,8937,HERMIT,36.0881,-86.6454,POINT (-86.6454 36.0881)
20190360465,05/10/2019 10:30:00 PM,2,0,0,,Y,330438,98,OTHER,2,RAIN,7,Dark-Unknown Lighting,12;13,MOTOR VEHICLE IN TRANSPORT;MOTOR VEHICLE IN TRANSPORT-OTHER ROADWAY,JACKSON DOWNS BLVD & KOHLS SHOPPING CTR,NASHVILLE,TN,37214,9403,HERMIT,36.1827,-86.6359,POINT (-86.6359 36.1827)
20190152642,02/25/2019 02:14:00 PM,2,0,0,,Y,226622,98,OTHER,21,CLEAR,1,DAYLIGHT,12,MOTOR VEHICLE IN TRANSPORT,MM 203 7 I 40,NASHVILLE,TN,37209,5002,WEST,36.1513,-86.8618,POINT (-86.8618 36.1513)
20190468407,06/20/2019 02:40:00 PM,3,0,0,,N,134899,11,Front to Rear,21,CLEAR,1,DAYLIGHT,12,MOTOR VEHICLE IN TRANSPORT,ELM HILL PKE & MCGAVOCK PKE,NASHVILLE,TN,37214,9115,HERMIT,36.1528,-86.6834,POINT (-86.6834 36.1528)
20190147878,02/23/2019 03:38:00 PM,2,0,0,,N,206682,4,ANGLE,21,CLEAR,1,DAYLIGHT,12,MOTOR VEHICLE IN TRANSPORT,STATE RT 45 & MYATT DR,MADISON,TN,37115,1705,MADISO,36.2641,-86.6903,POINT (-86.6903 36.2641)
20190097717,02/05/2019 05:52:00 PM,3,1,0,,N,279225,11,Front to Rear,21,CLEAR,3,DARK - LIGHTED,12,MOTOR VEHICLE IN TRANSPORT,I24 W EXT RAMP & SPENCE LN,NASHVILLE,TN,37217,8801,SOUTH,36.1358,-86.725,POINT (-86.725 36.1358)
20190373787,05/16/2019 03:20:00 AM,2,0,0,,Y,330438,5,SIDESWIPE - SAME DIRECTION,21,CLEAR,7,Dark-Unknown Lighting,12,MOTOR VEHICLE IN TRANSPORT,MM 213 0 I 40,NASHVILLE,TN,37210,8219,HERMIT,36.1407,-86.7323,POINT (-86.7323 36.1407)
20190463108,06/18/2019 07:14:00 PM,1,0,0,Y,Y,197435,0,NOT COLLISION W/MOTOR VEHICLE-TRANSPORT,21,CLEAR,1,DAYLIGHT,40,MAIL BOX,CAPITOL VIEW AV & ALHAMBRA CIR,NASHVILLE,TN,37207,1823,EAST,36.2195,-86.76,POINT (-86.76 36.2195)
20190162756,02/28/2019 09:40:00 PM,2,0,0,,N,320602,4,ANGLE,21,CLEAR,2,DARK - NOT LIGHTED,13,MOTOR VEHICLE IN TRANSPORT-OTHER ROADWAY,OLD HICKORY BLVD & BELL RD,HERMITAGE,TN,37076,9545,HERMIT,36.1613,-86.5971,POINT (-86.5971 36.1613)
20190356568,05/09/2019 03:04:00 PM,2,2,0,,N,330413,11,Front to Rear,22,CLOUDY,1,DAYLIGHT,12,MOTOR VEHICLE IN TRANSPORT,HILLSBORO PKE & ABBOTT MARTIN RD,NASHVILLE,TN,37215,6111,WEST,36.1054,-86.8142,POINT (-86.8142 36.1054)
20190029095,01/11/2019 12:00:00 AM,2,1,0,,Y,676828,4,ANGLE,2,RAIN,3,DARK - LIGHTED,12;9,MOTOR VEHICLE IN TRANSPORT,20TH AVN & CHURCH ST,NASHVILLE,TN,37203,5527,MIDTOW,36.1534,-86.8008,POINT (-86.8008 36.1534)
20190339834,05/03/2019 06:30:00 AM,2,0,0,,N,352212,6,SIDESWIPE - OPPOSITE DIRECTION,2,RAIN,1,DAYLIGHT,12,MOTOR VEHICLE IN TRANSPORT,LINBAR DR & LARGO DR,NASHVILLE,TN,37211,8705,SOUTH,36.0837,-86.7057,POINT (-86.7057 36.0837)
20190477423,06/24/2019 02:40:00 PM,2,0,0,,N,402659,11,Front to Rear,22,CLOUDY,1,DAYLIGHT,12,MOTOR VEHICLE IN TRANSPORT,MM 209 8 I 40,NASHVILLE,TN,37203,4004,CENTRA,36.149,-86.7794,POINT (-86.7794 36.149)
20190137616,02/20/2019 03:05:00 AM,1,0,0,Y,Y,279117,0,NOT COLLISION W/MOTOR VEHICLE-TRANSPORT,2,RAIN,3,DARK - LIGHTED,19,BUILDING,1900 DICKERSON PKE,NASHVILLE,TN,37207,1863,EAST,36.2027,-86.7694,POINT (-86.7694 36.2027)
20190239876,03/28/2019 07:55:00 AM,2,0,0,,N,298864,11,Front to Rear,21,CLEAR,1,DAYLIGHT,12,MOTOR VEHICLE IN TRANSPORT,GALLATIN PKEN & CUDE LN,MADISON,TN,37115,1731,MADISO,36.2998,-86.6965,POINT (-86.6965 36.2998)
20190471976,06/21/2019 08:19:00 PM,2,1,0,,N,579971,5,SIDESWIPE - SAME DIRECTION,2,RAIN,3,DARK - LIGHTED,12,MOTOR VEHICLE IN TRANSPORT,MM 6 7 I 440,NASHVILLE,TN,37210,81040,SOUTH,36.1244,-86.7414,POINT (-86.7414 36.1244)
20190125887,02/15/2019 03:25:00 PM,2,0,0,,N,240970,11,Front to Rear,2,RAIN,1,DAYLIGHT,12,MOTOR VEHICLE IN TRANSPORT,MM 55 0 I 24,NASHVILLE,TN,37211,8812,SOUTH,36.0948,-86.7069,POINT (-86.7069 36.0948)
20190565866,07/30/2019 05:15:00 AM,1,0,0,Y,N,279216,0,NOT COLLISION W/MOTOR VEHICLE-TRANSPORT,2,RAIN,4,DAWN,1;24,GUARDRAIL FACE,MM 86 5 I 65,NASHVILLE,TN,37207,3006,NORTH,36.1946,-86.7762,POINT (-86.7762 36.1946)
20190429034,06/05/2019 03:18:00 PM,2,1,0,,N,405418,4,ANGLE,21,CLEAR,1,DAYLIGHT,12,MOTOR VEHICLE IN TRANSPORT,NOLENSVILLE PKE & BREWER DR,NASHVILLE,TN,37211,8715,SOUTH,36.0535,-86.715,POINT (-86.715 36.0535)
20190551052,07/24/2019 01:52:00 AM,2,0,0,,Y,352183,11,Front to Rear,21,CLEAR,3,DARK - LIGHTED,12,MOTOR VEHICLE IN TRANSPORT,1ST AVS & CRENSHAW ST,NASHVILLE,TN,37210,8149,SOUTH,36.1496,-86.7655,POINT (-86.7655 36.1496)
20190288796,04/15/2019 11:56:00 AM,2,1,0,,N,279116,11,Front to Rear,21,CLEAR,1,DAYLIGHT,12,MOTOR VEHICLE IN TRANSPORT,CHARLOTTE AV & 16TH AVN,NASHVILLE,TN,37203,5503,MIDTOW,36.1595,-86.7964,POINT (-86.7964 36.1595)
20190558692,07/26/2019 06:45:00 PM,2,0,0,,N,206674,4,ANGLE,21,CLEAR,3,DARK - LIGHTED,12,MOTOR VEHICLE IN TRANSPORT,CHARLOTTE AV & I40 E EXT RAMP,NASHVILLE,TN,37203,5501,MIDTOW,36.161,-86.7932,POINT (-86.7932 36.161)
20190450171,06/13/2019 03:54:00 PM,5,1,0,,N,134899,11,Front to Rear,21,CLEAR,1,DAYLIGHT,12;7,MOTOR VEHICLE IN TRANSPORT,LEBANON PKE & HICKORY HILL LN,HERMITAGE,TN,37076,9531,HERMIT,36.1889,-86.6283,POINT (-86.6283 36.1889)
20190496430,07/01/2019 07:07:00 PM,2,0,0,,Y,299241,11,Front to Rear,21,CLEAR,1,DAYLIGHT,12,MOTOR VEHICLE IN TRANSPORT,LEBANON PKE & BRILEY PKWY N ENT RAMP,NASHVILLE,TN,37214,9121,HERMIT,36.1685,-86.6872,POINT (-86.6872 36.1685)
20190118356,02/13/2019 05:19:00 AM,1,1,0,,N,279203,0,NOT COLLISION W/MOTOR VEHICLE-TRANSPORT,21,CLEAR,2,DARK - NOT LIGHTED,24;42;63,GUARDRAIL FACE;TREE;Ran Off Road-Right,0 I24 E ENT RAMP,ANTIOCH,TN,37013,8751,SOUTH,36.0451,-86.6602,POINT (-86.6602 36.0451)
20190248559,03/31/2019 03:50:00 PM,2,0,0,,N,311344,11,Front to Rear,21,CLEAR,1,DAYLIGHT,12,MOTOR VEHICLE IN TRANSPORT,MM 95 1 I 65,GOODLETTSVILLE,TN,37072,1706,MADISO,36.2999,-86.7119,POINT (-86.7119 36.2999)
20190474220,06/22/2019 11:06:00 PM,2,0,0,,N,320583,11,Front to Rear,21,CLEAR,3,DARK - LIGHTED,12,MOTOR VEHICLE IN TRANSPORT,EDMONDSON PKE & WALLACE RD,NASHVILLE,TN,37211,8661,MIDTOW,36.0771,-86.7256,POINT (-86.7256 36.0771)
20190279297,04/11/2019 04:19:00 PM,2,0,0,,N,151132,5,SIDESWIPE - SAME DIRECTION,22,CLOUDY,1,DAYLIGHT,12,MOTOR VEHICLE IN TRANSPORT,MM 41 0 I 24,WHITES CREEK,TN,37189,3226,NORTH,36.2715,-86.7951,POINT (-86.7951 36.2715)
20190239981,03/28/2019 03:25:00 AM,2,2,0,,N,140788,11,Front to Rear,21,CLEAR,4,DAWN,12,MOTOR VEHICLE IN TRANSPORT,ED TEMPLE BLVD & SCHRADER ACRES DR,NASHVILLE,TN,37208,4501,NORTH,36.1708,-86.8214,POINT (-86.8214 36.1708)
20190070984,01/27/2019 04:52:00 PM,3,0,0,,Y,299266,11,Front to Rear,21,CLEAR,5,DUSK,12,MOTOR VEHICLE IN TRANSPORT,HARDING PL & LINBAR DR,NASHVILLE,TN,37211,8705,SOUTH,36.0841,-86.7059,POINT (-86.7059 36.0841)
20190366624,05/13/2019 05:36:00 PM,3,0,0,,Y,299241,11,Front to Rear,21,CLEAR,1,DAYLIGHT,12,MOTOR VEHICLE IN TRANSPORT,LEBANON PKE & MCGAVOCK PKE,NASHVILLE,TN,37214,9201,HERMIT,36.1694,-86.6799,POINT (-86.6799 36.1694)
20190437228,06/08/2019 12:00:00 AM,2,0,0,,Y,240976,4,ANGLE,21,CLEAR,1,DAYLIGHT,14,PARKED MOTOR VEHICLE,MAIN ST & N 6TH ST,NASHVILLE,TN,37206,1117,EAST,36.1738,-86.7628,POINT (-86.7628 36.1738)
20190030638,01/12/2019 04:15:00 PM,2,0,0,Y,Y,298858,6,SIDESWIPE - OPPOSITE DIRECTION,2,RAIN,1,DAYLIGHT,12;18,MOTOR VEHICLE IN TRANSPORT;OTHER OBJECT (NOT FIXED),5TH AVS & MULBERRY ST,NASHVILLE,TN,37203,4007,CENTRA,36.1513,-86.7725,POINT (-86.7725 36.1513)
20190481339,06/25/2019 11:00:00 PM,2,1,0,,N,229888,5,SIDESWIPE - SAME DIRECTION,21,CLEAR,3,DARK - LIGHTED,12,MOTOR VEHICLE IN TRANSPORT,MM 88 0 I 65,NASHVILLE,TN,37207,18041,EAST,36.2165,-86.775,POINT (-86.775 36.2165)