Accident Number,Date and Time,Number of Motor Vehicles,Number of Injuries,Number of Fatalities,Property Damage,Hit and Run,Reporting Officer,Collision Type Code,Collision Type Description,Weather Code,Weather Description,Illumination Code,Illumination Description,Harmful Code,Harmful Code Description,Street Address,City,State,ZIP,RPA,Precinct,Latitude,Longitude,Mapped Location
20190557745,07/26/2019 01:41:00 PM,2,2,0,,N,887592,5,SIDESWIPE - SAME DIRECTION,21,CLEAR,1,DAYLIGHT,1;12;43;64;99,MOTOR VEHICLE IN TRANSPORT;OTHER FIXED OBJECTS;Ran Off Road-Left;UNKNOWN MOST HARMFUL EVENT,OLD HICKORY BLVD & LOGISTICS WAY,ANTIOCH,TN,37013,8869,SOUTH,36.0286,-86.614,POINT (-86.614 36.0286)
20190343841,05/04/2019 12:00:00 AM,2,0,0,,Y,279221,4,ANGLE,2,RAIN,3,DARK - LIGHTED,12,MOTOR VEHICLE IN TRANSPORT,GALLATIN PKEN & ONE MILE PKWY,MADISON,TN,37115,1717,MADISO,36.2794,-86.7088,POINT (-86.7088 36.2794)
20190562142,07/28/2019 02:10:00 PM,1,0,0,,N,330417,0,NOT COLLISION W/MOTOR VEHICLE-TRANSPORT,21,CLEAR,1,DAYLIGHT,30,UTILITY POLE,GALLATIN PKES & MAPLE ST,MADISON,TN,37115,1607,MADISO,36.2617,-86.7124,POINT (-86.7124 36.2617)
20190202886,03/15/2019 10:30:00 AM,2,0,0,,N,676834,11,Front to Rear,21,CLEAR,1,DAYLIGHT,12,MOTOR VEHICLE IN TRANSPORT,MM 88 3 I 65,NASHVILLE,TN,37207,18041,EAST,36.2201,-86.7743,POINT (-86.7743 36.2201)
20190514831,07/09/2019 04:08:00 PM,2,0,0,,N,206675,4,ANGLE,21,CLEAR,1,DAYLIGHT,12,MOTOR VEHICLE IN TRANSPORT,WEST END AV & 21ST AVN,NASHVILLE,TN,37203,5715,MIDTOW,36.1503,-86.8016,POINT (-86.8016 36.1503)
20190021178,01/09/2019 06:45:00 AM,2,0,0,,N,226622,11,Front to Rear,21,CLEAR,1,DAYLIGHT,12,MOTOR VEHICLE IN TRANSPORT,MM 202 4 I 40,NASHVILLE,TN,37209,50022,WEST,36.1439,-86.882,POINT (-86.882 36.1439)
20190381141,05/18/2019 06:16:00 PM,2,0,0,,N,330436,5,SIDESWIPE - SAME DIRECTION,21,CLEAR,1,DAYLIGHT,12,MOTOR VEHICLE IN TRANSPORT,5TH AVS & DEMONBREUN ST,NASHVILLE,TN,37203,4055,CENTRA,36.1585,-86.7771,POINT (-86.7771 36.1585)
20190526779,07/14/2019 01:50:00 PM,2,0,0,,N,212369,5,SIDESWIPE - SAME DIRECTION,21,CLEAR,1,DAYLIGHT,12,MOTOR VEHICLE IN TRANSPORT,17TH AVN & HAYES ST,NASHVILLE,TN,37203,5519,MIDTOW,36.1544,-86.7948,POINT (-86.7948 36.1544)
20190090085,02/02/2019 10:25:00 PM,2,0,0,,N,169425,11,Front to Rear,21,CLEAR,3,DARK - LIGHTED,12,MOTOR VEHICLE IN TRANSPORT,WEST END AV & 29TH AVN,NASHVILLE,TN,37212,5815,MIDTOW,36.1444,-86.8134,POINT (-86.8134 36.1444)
20190507524,07/05/2019 09:54:00 PM,1,1,0,,N,151132,0,NOT COLLISION W/MOTOR VEHICLE-TRANSPORT,21,CLEAR,3,DARK - LIGHTED,25,GUARDRAIL END,MM 90 4 I 65,MADISON,TN,37115,1702,MADISO,36.2414,-86.7507,POINT (-86.7507 36.2414)
20190047869,01/18/2019 06:14:00 PM,2,0,0,,Y,281611,11,Front to Rear,21,CLEAR,2,DARK - NOT LIGHTED,12,MOTOR VEHICLE IN TRANSPORT,CHARLOTTE PKE & OLD HICKORY BLVD,NASHVILLE,TN,37209,4701,WEST,36.1177,-86.9218,POINT (-86.9218 36.1177)
20190359520,05/10/2019 03:10:00 PM,2,0,0,,N,330435,11,Front to Rear,21,CLEAR,1,DAYLIGHT,12,MOTOR VEHICLE IN TRANSPORT,MM 47 4 I 24,NASHVILLE,TN,37207,1904,CENTRA,36.1827,-86.7752,POINT (-86.7752 36.1827)
20190375004,05/16/2019 12:36:00 PM,2,2,0,,N,267831,4,ANGLE,21,CLEAR,1,DAYLIGHT,12,MOTOR VEHICLE IN TRANSPORT,BROOKWOOD TER & RED OAK DR,NASHVILLE,TN,37205,5017,WEST,36.1283,-86.8558,POINT (-86.8558 36.1283)
20190113481,02/11/2019 05:30:00 PM,1,2,0,Y,N,240959,0,NOT COLLISION W/MOTOR VEHICLE-TRANSPORT,2,RAIN,3,DARK - LIGHTED,30,UTILITY POLE,GALLATIN PKE & RIVERWOOD DR,NASHVILLE,TN,37216,1425,EAST,36.224,-86.7257,POINT (-86.7257 36.224)
20190158050,02/27/2019 08:31:00 AM,2,0,0,,N,591936,11,Front to Rear,21,CLEAR,1,DAYLIGHT,12,MOTOR VEHICLE IN TRANSPORT,MM 3 7 I 440,NASHVILLE,TN,37215,6420,MIDTOW,36.116,-86.7951,POINT (-86.7951 36.116)
20190398225,05/24/2019 06:05:00 PM,1,3,0,,Y,279124,9,UNKNOWN,21,CLEAR,1,DAYLIGHT,99,UNKNOWN MOST HARMFUL EVENT,PETTUS RD & PRESTON RD,ANTIOCH,TN,37013,8761,SOUTH,36.0225,-86.6648,POINT (-86.6648 36.0225)
20190343315,05/04/2019 12:00:00 AM,2,0,0,,N,279200,5,SIDESWIPE - SAME DIRECTION,22,CLOUDY,98,OTHER,14,PARKED MOTOR VEHICLE,11TH AVS & LAUREL ST,NASHVILLE,TN,37203,4017,CENTRA,36.1539,-86.7843,POINT (-86.7843 36.1539)
20190170523,03/04/2019 07:09:00 AM,2,1,0,,N,279230,4,ANGLE,21,CLEAR,1,DAYLIGHT,12,MOTOR VEHICLE IN TRANSPORT,TAMPA DR & HARDING PL,NASHVILLE,TN,37211,8705,SOUTH,36.0827,-86.7105,POINT (-86.7105 36.0827)
20190236326,03/27/2019 02:40:00 AM,2,1,0,Y,Y,151122,6,SIDESWIPE - OPPOSITE DIRECTION,21,CLEAR,3,DARK - LIGHTED,14;19,PARKED MOTOR VEHICLE;BUILDING,WALLACE RD & BROOKRIDGE TRL,NASHVILLE,TN,37211,8701,SOUTH,36.0791,-86.7208,POINT (-86.7208 36.0791)
20190191894,03/11/2019 06:26:00 PM,2,0,0,,N,909486,4,ANGLE,21,CLEAR,5,DUSK,12,MOTOR VEHICLE IN TRANSPORT,HARDING PL & NOLENSVILLE PKE,NASHVILLE,TN,37211,8705,SOUTH,36.0797,-86.7261,POINT (-86.7261 36.0797)
20190572657,08/01/2019 05:49:00 PM,2,3,0,,N,256417,4,ANGLE,21,CLEAR,1,DAYLIGHT,12,MOTOR VEHICLE IN TRANSPORT,OLD HICKORY BLVD & HERMITAGE WOODS DR,HERMITAGE,TN,37076,9561,HERMIT,36.1773,-86.6042,POINT (-86.6042 36.1773)
20190569573,07/31/2019 02:11:00 PM,3,1,0,,N,462474,11,Front to Rear,21,CLEAR,1,DAYLIGHT,12,MOTOR VEHICLE IN TRANSPORT,HARDING PL & I65 S ENT RAMP,NASHVILLE,TN,37220,7101,MIDTOW,36.0827,-86.7651,POINT (-86.7651 36.0827)
20190259872,04/04/2019 12:20:00 PM,2,0,0,,N,716886,4,ANGLE,21,CLEAR,1,DAYLIGHT,12,MOTOR VEHICLE IN TRANSPORT,THOMPSON LN & LOGAN ST,NASHVILLE,TN,37211,8425,SOUTH,36.1107,-86.7419,POINT (-86.7419 36.1107)
20190318813,04/25/2019 07:20:00 AM,2,0,0,,N,468031,11,Front to Rear,21,CLEAR,1,DAYLIGHT,12,MOTOR VEHICLE IN TRANSPORT,ELLINGTON PKWYS & ELLINGTON PKWY S ENT R,NASHVILLE,TN,37207,1996,EAST,36.1828,-86.7615,POINT (-86.7615 36.1828)
20190335363,05/01/2019 12:00:00 AM,2,0,0,,Y,311333,11,Front to Rear,21,CLEAR,1,DAYLIGHT,12,MOTOR VEHICLE IN TRANSPORT,OLD HICKORY BLVD & OCTOBER WOODS DR,ANTIOCH,TN,37013,8771,SOUTH,36.0081,-86.6218,POINT (-86.6218 36.0081)
20190401139,05/25/2019 09:54:00 PM,2,0,0,,N,197053,4,ANGLE,21,CLEAR,3,DARK - LIGHTED,12,MOTOR VEHICLE IN TRANSPORT,MURFREESBORO PKE & WILHAGAN RD,NASHVILLE,TN,37217,8801,SOUTH,36.1325,-86.7193,POINT (-86.7193 36.1325)
20190388866,05/21/2019 06:07:00 PM,2,0,0,,N,279225,5,SIDESWIPE - SAME DIRECTION,21,CLEAR,1,DAYLIGHT,12,MOTOR VEHICLE IN TRANSPORT,MM 215 8 I 40,NASHVILLE,TN,37217,89020,HERMIT,36.1424,-86.6815,POINT (-86.6815 36.1424)
20190457101,06/16/2019 11:30:00 AM,2,0,0,,Y,166478,5,SIDESWIPE - SAME DIRECTION,21,CLEAR,1,DAYLIGHT,12,MOTOR VEHICLE IN TRANSPORT,I65 S ENT RAMP & I 65,NASHVILLE,TN,37207,3007,NORTH,36.2057,-86.778,POINT (-86.778 36.2057)
20190347847,05/06/2019 03:50:00 PM,2,0,0,,N,179606,11,Front to Rear,21,CLEAR,1,DAYLIGHT,12,MOTOR VEHICLE IN TRANSPORT,NOLENSVILLE PKE & VIVELLE AV,NASHVILLE,TN,37210,8109,SOUTH,36.1271,-86.7533,POINT (-86.7533 36.1271)
20190129617,02/17/2019 06:25:00 AM,2,0,0,,Y,320595,4,ANGLE,2,RAIN,4,DAWN,12,MOTOR VEHICLE IN TRANSPORT,MASSMAN DR & PATRICIA DR,NASHVILLE,TN,37217,8825,HERMIT,36.1349,-86.7048,POINT (-86.7048 36.1349)
20190350780,05/07/2019 02:27:00 PM,2,0,0,,N,330445,5,SIDESWIPE - SAME DIRECTION,21,CLEAR,1,DAYLIGHT,12,MOTOR VEHICLE IN TRANSPORT,I40 E ENT RAMP & 14TH AVN,NASHVILLE,TN,37203,5517,MIDTOW,36.1579,-86.7916,POINT (-86.7916 36.1579)
20190087481,02/01/2019 12:00:00 AM,1,0,0,,Y,256427,0,NOT COLLISION W/MOTOR VEHICLE-TRANSPORT,21,CLEAR,3,DARK - LIGHTED,25,GUARDRAIL END,I24 W ENT RAMP & I 40,NASHVILLE,TN,37217,8818,HERMIT,36.1397,-86.7275,POINT (-86.7275 36.1397)
20190379301,05/17/2019 09:16:00 PM,3,1,0,,N,161939,11,Front to Rear,21,CLEAR,2,DARK - NOT LIGHTED,12,MOTOR VEHICLE IN TRANSPORT,BARNES RD & CEDARMONT DR,ANTIOCH,TN,37013,8757,SOUTH,36.0293,-86.7042,POINT (-86.7042 36.0293)
20190427596,06/05/2019 03:45:00 AM,2,1,0,,N,608786,11,Front to Rear,21,CLEAR,3,DARK - LIGHTED,12,MOTOR VEHICLE IN TRANSPORT,STATE RT 45 & MYATT DR,MADISON,TN,37115,1705,MADISO,36.2641,-86.6903,POINT (-86.6903 36.2641)
20190420015,06/02/2019 05:46:00 AM,1,1,0,Y,N,320578,0,NOT COLLISION W/MOTOR VEHICLE-TRANSPORT,21,CLEAR,1,DAYLIGHT,30;33,UTILITY POLE;CURB,I24 W EXT RAMP & I 24,NASHVILLE,TN,37211,8829,SOUTH,36.1074,-86.7197,POINT (-86.7197 36.1074)
20190291371,04/16/2019 07:45:00 AM,3,1,0,,N,633385,11,Front to Rear,21,CLEAR,1,DAYLIGHT,12,MOTOR VEHICLE IN TRANSPORT,MURFREESBORO PKE & PIN HOOK RD,ANTIOCH,TN,37013,8927,SOUTH,36.0505,-86.6147,POINT (-86.6147 36.0505)
20190323097,04/26/2019 05:32:00 PM,2,0,0,,N,240960,4,ANGLE,21,CLEAR,1,DAYLIGHT,12,MOTOR VEHICLE IN TRANSPORT,GALLATIN PKE & GWYNN DR,NASHVILLE,TN,37216,1513,EAST,36.2282,-86.7253,POINT (-86.7253 36.2282)
20190107411,02/09/2019 01:45:00 AM,3,0,0,,N,279203,11,Front to Rear,21,CLEAR,2,DARK - NOT LIGHTED,12,MOTOR VEHICLE IN TRANSPORT,4TH AVN & BROADWAY,NASHVILLE,TN,37203,4091,CENTRA,36.161,-86.7772,POINT (-86.7772 36.161)
20190148698,02/23/2019 11:20:00 PM,2,0,0,,N,256569,11,Front to Rear,21,CLEAR,2,DARK - NOT LIGHTED,14,PARKED MOTOR VEHICLE,BRIDGEWAY AV & ROBINSON RD,OLD HICKORY,TN,37138,9701,HERMIT,36.2674,-86.6695,POINT (-86.6695 36.2674)
20190200309,03/14/2019 01:09:00 PM,2,0,0,,N,109534,4,ANGLE,22,CLOUDY,1,DAYLIGHT,12,MOTOR VEHICLE IN TRANSPORT,STEWARTS FERRY PKE & BELL RD,NASHVILLE,TN,37214,8959,HERMIT,36.1522,-86.6251,POINT (-86.6251 36.1522)
20190018243,01/08/2019 06:17:00 AM,2,0,0,,Y,330433,5,SIDESWIPE - SAME DIRECTION,21,CLEAR,3,DARK - LIGHTED,12,MOTOR VEHICLE IN TRANSPORT,MM 211 6 I 40,NASHVILLE,TN,37210,82042,HERMIT,36.1508,-86.7502,POINT (-86.7502 36.1508)
20190191897,03/11/2019 05:19:00 PM,2,0,0,,N,256383,11,Front to Rear,21,CLEAR,1,DAYLIGHT,12,MOTOR VEHICLE IN TRANSPORT,I24 E ENT RAMP & I 440,NASHVILLE,TN,37210,83043,SOUTH,36.1254,-86.7296,POINT (-86.7296 36.1254)
20190034286,01/14/2019 07:40:00 AM,2,0,0,,N,332253,11,Front to Rear,2,RAIN,1,DAYLIGHT,12,MOTOR VEHICLE IN TRANSPORT,DICKERSON PKE & NESBITT DR,MADISON,TN,37115,2101,MADISO,36.2798,-86.7499,POINT (-86.7499 36.2798)
20190564037,07/29/2019 10:40:00 AM,2,0,0,,N,420035,4,ANGLE,21,CLEAR,1,DAYLIGHT,12,MOTOR VEHICLE IN TRANSPORT,BUBBLING WELL RD & SANDHURST DR,MADISON,TN,37115,1635,MADISO,36.2602,-86.6789,POINT (-86.6789 36.2602)
20190576764,08/03/2019 02:00:00 AM,2,0,0,,Y,352159,5,SIDESWIPE - SAME DIRECTION,21,CLEAR,2,DARK - NOT LIGHTED,14;99,PARKED MOTOR VEHICLE;UNKNOWN MOST HARMFUL EVENT,N 17TH ST & EASTLAND AV,NASHVILLE,TN,37206,1231,EAST,36.1822,-86.7386,POINT (-86.7386 36.1822)
20190477667,06/24/2019 04:10:00 PM,2,0,0,,Y,717341,4,ANGLE,21,CLEAR,1,DAYLIGHT,12,MOTOR VEHICLE IN TRANSPORT,HARDING PL & ANTIOCH PKE,NASHVILLE,TN,37211,8847,SOUTH,36.0875,-86.6921,POINT (-86.6921 36.0875)
20190505244,07/04/2019 11:30:00 PM,2,0,0,,N,330438,4,ANGLE,21,CLEAR,2,DARK - NOT LIGHTED,12,MOTOR VEHICLE IN TRANSPORT,OLD LEBANON DIRT RD & TULIP GROVE RD,HERMITAGE,TN,37076,9559,HERMIT,36.1891,-86.5936,POINT (-86.5936 36.1891)
20190466358,06/19/2019 09:45:00 PM,2,0,0,,Y,330438,5,SIDESWIPE - SAME DIRECTION,2,RAIN,3,DARK - LIGHTED,12,MOTOR VEHICLE IN TRANSPORT,MM 215 0 I 40,NASHVILLE,TN,37214,91021,HERMIT,36.1444,-86.6948,POINT (-86.6948 36.1444)
20190524741,07/13/2019 12:51:00 PM,2,2,0,,N,212325,4,ANGLE,22,CLOUDY,1,DAYLIGHT,12,MOTOR VEHICLE IN TRANSPORT,STATE RT 45 & LARKIN SPRINGS RD,MADISON,TN,37115,1705,MADISO,36.2635,-86.6843,POINT (-86.6843 36.2635)
20190559465,07/27/2019 07:05:00 AM,1,0,0,,N,584947,0,NOT COLLISION W/MOTOR VEHICLE-TRANSPORT,21,CLEAR,1,DAYLIGHT,30,UTILITY POLE,HARDING PL & OVERCREST DR,NASHVILLE,TN,37211,8609,MIDTOW,36.0772,-86.7336,POINT (-86.7336 36.0772)
20190453927,06/14/2019 10:34:00 PM,2,1,0,,N,109542,5,SIDESWIPE - SAME DIRECTION,21,CLEAR,3,DARK - LIGHTED,12,MOTOR VEHICLE IN TRANSPORT,1ST AVS & DEMONBREUN ST,NASHVILLE,TN,37201,4049,CENTRA,36.1611,-86.7736,POINT (-86.7736 36.1611)
20190289658,04/15/2019 04:33:00 PM,2,0,0,,N,161948,11,Front to Rear,21,CLEAR,1,DAYLIGHT,12,MOTOR VEHICLE IN TRANSPORT,LEBANON PKE & DOWNEYMEADE DR,NASHVILLE,TN,37214,9403,HERMIT,36.1821,-86.6412,POINT (-86.6412 36.1821)
20190544707,07/21/2019 03:15:00 PM,2,1,0,,Y,352159,11,Front to Rear,21,CLEAR,1,DAYLIGHT,12,MOTOR VEHICLE IN TRANSPORT,OPRY MILLS DR & BRILEY PKWY S EXT RAMP,NASHVILLE,TN,37214,9209,HERMIT,36.1978,-86.6913,POINT (-86.6913 36.1978)
20190064997,01/25/2019 07:48:00 AM,2,0,0,,N,226622,11,Front to Rear,21,CLEAR,1,DAYLIGHT,12,MOTOR VEHICLE IN TRANSPORT,MM 199 5 I 40,NASHVILLE,TN,37209,4708,WEST,36.1149,-86.9181,POINT (-86.9181 36.1149)
20190539433,07/19/2019 09:15:00 AM,2,0,0,,N,223502,11,Front to Rear,21,CLEAR,1,DAYLIGHT,12,MOTOR VEHICLE IN TRANSPORT,0 I 440,NASHVILLE,TN,37210,81040,SOUTH,36.1244,-86.7425,POINT (-86.7425 36.1244)
20190022602,01/09/2019 04:25:00 PM,2,0,0,,Y,693098,5,SIDESWIPE - SAME DIRECTION,21,CLEAR,5,DUSK,12,MOTOR VEHICLE IN TRANSPORT,HILLSBORO PKE & TYNE BLVD,NASHVILLE,TN,37215,6311,MIDTOW,36.079,-86.8369,POINT (-86.8369 36.079)
20190327418,04/28/2019 10:00:00 PM,2,1,0,,N,311798,4,ANGLE,21,CLEAR,3,DARK - LIGHTED,12;42,MOTOR VEHICLE IN TRANSPORT;TREE,JEFFERSON ST & 17TH AVN,NASHVILLE,TN,37208,5409,NORTH,36.1697,-86.8056,POINT (-86.8056 36.1697)
20190532899,07/17/2019 12:03:00 AM,2,0,0,,N,197059,5,SIDESWIPE - SAME DIRECTION,21,CLEAR,3,DARK - LIGHTED,12,MOTOR VEHICLE IN TRANSPORT,MM 210 1 I 40,NASHVILLE,TN,37203,4006,CENTRA,36.1492,-86.7751,POINT (-86.7751 36.1492)
20190416827,05/31/2019 05:51:00 PM,2,0,0,,N,267831,4,ANGLE,21,CLEAR,1,DAYLIGHT,12,MOTOR VEHICLE IN TRANSPORT,CHARLOTTE AV & 40TH AVN,NASHVILLE,TN,37209,5229,WEST,36.1525,-86.8349,POINT (-86.8349 36.1525)
20190549008,07/23/2019 08:33:00 AM,1,0,0,Y,N,676834,0,NOT COLLISION W/MOTOR VEHICLE-TRANSPORT,21,CLEAR,1,DAYLIGHT,33;47,CURB;FIRE HYDRANT,BRICK CHURCH PKE & FERNCO DR,NASHVILLE,TN,37207,3047,NORTH,36.2206,-86.7824,POINT (-86.7824 36.2206)
20190522264,07/12/2019 12:07:00 PM,2,2,0,,N,267831,4,ANGLE,21,CLEAR,1,DAYLIGHT,12,MOTOR VEHICLE IN TRANSPORT,49TH AVN & INDIANA AV,NASHVILLE,TN,37209,4543,WEST,36.1563,-86.8462,POINT (-86.8462 36.1563)
20190324752,04/27/2019 01:30:00 PM,3,1,0,,Y,279224,11,Front to Rear,22,CLOUDY,1,DAYLIGHT,12,MOTOR VEHICLE IN TRANSPORT,I24 W EXT RAMP & I 24,NASHVILLE,TN,37211,8829,SOUTH,36.1074,-86.7197,POINT (-86.7197 36.1074)
20190542080,07/20/2019 08:17:00 AM,2,0,0,,Y,620072,11,Front to Rear,22,CLOUDY,1,DAYLIGHT,12,MOTOR VEHICLE IN TRANSPORT,CHARLOTTE AV & 16TH AVN,NASHVILLE,TN,37203,5503,MIDTOW,36.1595,-86.7964,POINT (-86.7964 36.1595)
20190183741,03/08/2019 08:50:00 AM,1,1,0,,N,226622,0,NOT COLLISION W/MOTOR VEHICLE-TRANSPORT,2,RAIN,1,DAYLIGHT,42;64,TREE;Ran Off Road-Left,RIVER ROAD PKE & RIVER ROAD PKE PVTDR,NASHVILLE,TN,37209,4705,WEST,36.2021,-86.9796,POINT (-86.9796 36.2021)
20190522760,07/12/2019 03:45:00 PM,2,4,0,,N,714641,5,SIDESWIPE - SAME DIRECTION,21,CLEAR,1,DAYLIGHT,12,MOTOR VEHICLE IN TRANSPORT,ROSA L PARKS BLVD & BROADWAY,NASHVILLE,TN,37203,4115,CENTRA,36.1593,-86.7824,POINT (-86.7824 36.1593)
20190209529,03/18/2019 06:00:00 AM,2,0,0,,N,222647,11,Front to Rear,21,CLEAR,3,DARK - LIGHTED,12,MOTOR VEHICLE IN TRANSPORT,I24 W ENT RAMP & I 40,NASHVILLE,TN,37217,8818,HERMIT,36.1397,-86.7275,POINT (-86.7275 36.1397)
20190535083,07/17/2019 05:36:00 PM,2,0,0,,N,256383,11,Front to Rear,21,CLEAR,1,DAYLIGHT,12,MOTOR VEHICLE IN TRANSPORT,BELL RD & BENZING RD,ANTIOCH,TN,37013,8755,SOUTH,36.0453,-86.7017,POINT (-86.7017 36.0453)
20190276004,04/10/2019 01:15:00 PM,2,0,0,,Y,716886,4,ANGLE,21,CLEAR,1,DAYLIGHT,12,MOTOR VEHICLE IN TRANSPORT,TAMPA DR & SPARTAN DR,NASHVILLE,TN,37211,8443,SOUTH,36.084,-86.7113,POINT (-86.7113 36.084)
20190335839,05/01/2019 06:48:00 PM,3,1,0,,N,256380,11,Front to Rear,2,RAIN,1,DAYLIGHT,12,MOTOR VEHICLE IN TRANSPORT,MM 84 4 I 65,NASHVILLE,TN,37208,54021,NORTH,36.1715,-86.7991,POINT (-86.7991 36.1715)
20190022983,01/09/2019 07:39:00 PM,2,0,0,,N,134869,5,SIDESWIPE - SAME DIRECTION,21,CLEAR,3,DARK - LIGHTED,12,MOTOR VEHICLE IN TRANSPORT,WEDGEWOOD AV & 18TH AVS,NASHVILLE,TN,37212,6621,MIDTOW,36.1372,-86.7968,POINT (-86.7968 36.1372)
20190074154,01/28/2019 07:46:00 PM,2,0,0,,N,256383,4,ANGLE,2,RAIN,3,DARK - LIGHTED,12,MOTOR VEHICLE IN TRANSPORT,NOLENSVILLE PKE & RADNOR ST,NASHVILLE,TN,37211,8427,SOUTH,36.1048,-86.7421,POINT (-86.7421 36.1048)
20190502832,07/03/2019 10:35:00 PM,2,0,0,,Y,226054,11,Front to Rear,21,CLEAR,3,DARK - LIGHTED,12,MOTOR VEHICLE IN TRANSPORT,INDIANA AV & 51ST AVN,NASHVILLE,TN,37209,4601,WEST,36.1565,-86.849,POINT (-86.849 36.1565)
20190356383,05/09/2019 01:26:00 PM,2,0,0,,N,755026,11,Front to Rear,2,RAIN,1,DAYLIGHT,12,MOTOR VEHICLE IN TRANSPORT,MM 56 0 I 24,NASHVILLE,TN,37211,8708,SOUTH,36.0818,-86.6975,POINT (-86.6975 36.0818)
20190342052,05/03/2019 12:00:00 AM,2,0,0,,Y,110062,9,UNKNOWN,21,CLEAR,3,DARK - LIGHTED,12;14,MOTOR VEHICLE IN TRANSPORT;PARKED MOTOR VEHICLE,MAIN ST & N 2ND ST,NASHVILLE,TN,37213,1993,CENTRA,36.1712,-86.7706,POINT (-86.7706 36.1712)
20190558883,07/26/2019 11:34:00 PM,2,0,0,,N,298871,11,Front to Rear,21,CLEAR,3,DARK - LIGHTED,12,MOTOR VEHICLE IN TRANSPORT,14TH AVS & BROADWAY,NASHVILLE,TN,37203,5701,MIDTOW,36.1557,-86.7897,POINT (-86.7897 36.1557)
20190275213,04/10/2019 07:52:00 AM,2,0,0,,N,591936,5,SIDESWIPE - SAME DIRECTION,21,CLEAR,1,DAYLIGHT,12,MOTOR VEHICLE IN TRANSPORT,MM 80 9 I 65,NASHVILLE,TN,37204,80040,MIDTOW,36.128,-86.7726,POINT (-86.7726 36.128)
20190310834,04/23/2019 12:35:00 AM,2,0,0,,Y,191786,4,ANGLE,21,CLEAR,3,DARK - LIGHTED,12,MOTOR VEHICLE IN TRANSPORT,JO JOHNSTON AV & DR D B TODD JR BLVD,NASHVILLE,TN,37203,5357,NORTH,36.1605,-86.8019,POINT (-86.8019 36.1605)
20190086371,02/01/2019 11:51:00 AM,2,1,0,,N,256502,2,HEAD-ON,21,CLEAR,1,DAYLIGHT,12,MOTOR VEHICLE IN TRANSPORT,OLD CLARKSVILLE PKE & CLARKSVILLE PKE,JOELTON,TN,37080,3317,NORTH,36.3229,-86.9105,POINT (-86.9105 36.3229)
20190038384,01/15/2019 03:50:00 PM,3,1,0,,N,206675,4,ANGLE,21,CLEAR,1,DAYLIGHT,12,MOTOR VEHICLE IN TRANSPORT,17TH AVN & CHURCH ST,NASHVILLE,TN,37203,5519,MIDTOW,36.1558,-86.7959,POINT (-86.7959 36.1558)
20190392701,05/22/2019 11:30:00 PM,3,0,0,,Y,320583,4,ANGLE,21,CLEAR,3,DARK - LIGHTED,14,PARKED MOTOR VEHICLE,WHISPERING HILLS DR & WHISPERING HILLS C,NASHVILLE,TN,37211,8661,MIDTOW,36.0663,-86.7296,POINT (-86.7296 36.0663)
20190347747,05/06/2019 03:28:00 PM,2,1,0,,N,110092,11,Front to Rear,22,CLOUDY,1,DAYLIGHT,12,MOTOR VEHICLE IN TRANSPORT,LEBANON PKE & LEBANON PKE EB EXT RAMP,HERMITAGE,TN,37076,9531,HERMIT,36.1972,-86.621,POINT (-86.621 36.1972)
20190220972,03/21/2019 04:34:00 PM,3,0,0,,N,256426,11,Front to Rear,21,CLEAR,1,DAYLIGHT,12,MOTOR VEHICLE IN TRANSPORT,LEBANON PKE & DONELSON HILLS DR,NASHVILLE,TN,37214,9027,HERMIT,36.1655,-86.697,POINT (-86.697 36.1655)
20190210059,03/18/2019 10:10:00 AM,2,0,0,,N,191578,11,Front to Rear,21,CLEAR,1,DAYLIGHT,12,MOTOR VEHICLE IN TRANSPORT,OLD HICKORY BLVD & DODSON CHAPEL RD,HERMITAGE,TN,37076,9561,HERMIT,36.1835,-86.6108,POINT (-86.6108 36.1835)
20190450468,06/13/2019 05:16:00 PM,2,0,0,,N,267831,5,SIDESWIPE - SAME DIRECTION,21,CLEAR,1,DAYLIGHT,12,MOTOR VEHICLE IN TRANSPORT,BRILEY PKWY & URBANDALE AV,NASHVILLE,TN,37209,4696,WEST,36.1535,-86.8575,POINT (-86.8575 36.1535)
20190465016,06/19/2019 12:25:00 PM,2,0,0,,N,462474,5,SIDESWIPE - SAME DIRECTION,21,CLEAR,1,DAYLIGHT,12,MOTOR VEHICLE IN TRANSPORT,MM 210 2 I 40,NASHVILLE,TN,37203,80021,MIDTOW,36.1493,-86.7736,POINT (-86.7736 36.1493)
20190264219,04/05/2019 09:00:00 PM,1,0,0,Y,Y,197053,0,NOT COLLISION W/MOTOR VEHICLE-TRANSPORT,21,CLEAR,2,DARK - NOT LIGHTED,11,OTHER ANIMAL,DRUMMOND DR & WILDVIEW DR,NASHVILLE,TN,37211,8829,SOUTH,36.1097,-86.712,POINT (-86.712 36.1097)
20190360223,05/10/2019 08:30:00 PM,1,0,0,Y,N,320582,0,NOT COLLISION W/MOTOR VEHICLE-TRANSPORT,2,RAIN,2,DARK - NOT LIGHTED,24;50,GUARDRAIL FACE;DEER (ANIMAL),ELLINGTON PKWYS & ELLINGTON PKWYN,NASHVILLE,TN,37207,1995,EAST,36.1758,-86.7666,POINT (-86.7666 36.1758)