Accident Number,Date and Time,Number of Motor Vehicles,Number of Injuries,Number of Fatalities,Property Damage,Hit and Run,Reporting Officer,Collision Type Code,Collision Type Description,Weather Code,Weather Description,Illumination Code,Illumination Description,Harmful Code,Harmful Code Description,Street Address,City,State,ZIP,RPA,Precinct,Latitude,Longitude,Mapped Location
20190098244,02/05/2019 08:43:00 PM,3,0,0,,Y,240964,5,SIDESWIPE - SAME DIRECTION,21,CLEAR,2,DARK - NOT LIGHTED,12,MOTOR VEHICLE IN TRANSPORT,MM 221 4 I 40,HERMITAGE,TN,37076,95020,HERMIT,36.17,-86.5912,POINT (-86.5912 36.17)
20190287039,04/14/2019 08:04:00 PM,2,1,0,,Y,256426,4,ANGLE,22,CLOUDY,3,DARK - LIGHTED,12,MOTOR VEHICLE IN TRANSPORT,ELM HILL PKE & ATRIUM WAY,NASHVILLE,TN,37214,9101,HERMIT,36.1532,-86.6877,POINT (-86.6877 36.1532)
20190460199,06/17/2019 05:14:00 PM,2,0,0,,N,299257,11,Front to Rear,21,CLEAR,1,DAYLIGHT,12,MOTOR VEHICLE IN TRANSPORT,GRANNY WHITE PKE & WOODMONT BLVD,NASHVILLE,TN,37204,7005,MIDTOW,36.1118,-86.7926,POINT (-86.7926 36.1118)
20190260859,04/04/2019 07:55:00 PM,2,0,0,,Y,134871,11,Front to Rear,21,CLEAR,3,DARK - LIGHTED,12,MOTOR VEHICLE IN TRANSPORT,LAFAYETTE ST & DIVISION ST,NASHVILLE,TN,37203,4007,CENTRA,36.1521,-86.7722,POINT (-86.7722 36.1521)
20190382166,05/19/2019 05:00:00 AM,1,0,0,,N,330411,0,NOT COLLISION W/MOTOR VEHICLE-TRANSPORT,21,CLEAR,4,DAWN,42,TREE,MM 35 7 I 24,WHITES CREEK,TN,37189,2212,NORTH,36.3216,-86.8549,POINT (-86.8549 36.3216)
20190495345,07/01/2019 10:57:00 AM,1,0,0,Y,N,716886,0,NOT COLLISION W/MOTOR VEHICLE-TRANSPORT,21,CLEAR,1,DAYLIGHT,43,OTHER FIXED OBJECTS,MURFREESBORO PKE & HAMILTON CROSSINGS,ANTIOCH,TN,37013,8865,SOUTH,36.0655,-86.6292,POINT (-86.6292 36.0655)
20190110095,02/10/2019 09:21:00 AM,2,0,0,,Y,311804,4,ANGLE,2,RAIN,1,DAYLIGHT,12;36,MOTOR VEHICLE IN TRANSPORT;CONCRETE TRAFFIC BARRIER,MM 208 1 I 40,NASHVILLE,TN,37208,42023,NORTH,36.1684,-86.7964,POINT (-86.7964 36.1684)
20190547027,07/22/2019 02:52:00 PM,1,0,0,,N,226827,0,NOT COLLISION W/MOTOR VEHICLE-TRANSPORT,2,RAIN,1,DAYLIGHT,36,CONCRETE TRAFFIC BARRIER,MM 91 1 I 65,MADISON,TN,37115,17021,MADISO,36.2485,-86.7424,POINT (-86.7424 36.2485)
20190434155,06/07/2019 11:49:00 AM,2,0,0,,N,224955,5,SIDESWIPE - SAME DIRECTION,22,CLOUDY,1,DAYLIGHT,12,MOTOR VEHICLE IN TRANSPORT,BRILEY PKWYW & I24 E EXT RAMP,WHITES CREEK,TN,37189,3202,NORTH,36.2375,-86.7887,POINT (-86.7887 36.2375)
20190279560,04/11/2019 06:31:00 PM,2,0,0,,N,267831,4,ANGLE,21,CLEAR,1,DAYLIGHT,12,MOTOR VEHICLE IN TRANSPORT,46TH AVN & UTAH AV,NASHVILLE,TN,37209,5135,WEST,36.1443,-86.8418,POINT (-86.8418 36.1443)
20190423401,06/03/2019 05:15:00 PM,2,1,0,,N,717341,11,Front to Rear,21,CLEAR,1,DAYLIGHT,12,MOTOR VEHICLE IN TRANSPORT,ANTIOCH PKE & GOODWIN RD,ANTIOCH,TN,37013,8857,SOUTH,36.0609,-86.6747,POINT (-86.6747 36.0609)
20190416456,05/31/2019 03:10:00 PM,2,0,0,,N,320594,11,Front to Rear,21,CLEAR,1,DAYLIGHT,12,MOTOR VEHICLE IN TRANSPORT,ROBINSON RD & HADLEY AV,OLD HICKORY,TN,37138,9609,HERMIT,36.253,-86.6485,POINT (-86.6485 36.253)
20190432088,06/06/2019 04:41:00 PM,2,0,0,,N,330444,11,Front to Rear,2,RAIN,1,DAYLIGHT,12,MOTOR VEHICLE IN TRANSPORT,MM 79 6 I 65,NASHVILLE,TN,37204,8504,MIDTOW,36.109,-86.7696,POINT (-86.7696 36.109)
20190156733,02/26/2019 08:07:00 PM,2,0,0,,N,633391,4,ANGLE,21,CLEAR,3,DARK - LIGHTED,12,MOTOR VEHICLE IN TRANSPORT,CHARLOTTE AV & 46TH AVN,NASHVILLE,TN,37209,5203,WEST,36.1522,-86.8422,POINT (-86.8422 36.1522)
20190270265,04/08/2019 02:57:00 PM,2,1,0,,Y,279124,11,Front to Rear,22,CLOUDY,1,DAYLIGHT,12,MOTOR VEHICLE IN TRANSPORT,MM 59 2 I 24,ANTIOCH,TN,37013,87061,SOUTH,36.0467,-86.6614,POINT (-86.6614 36.0467)
20190279383,04/11/2019 03:21:00 PM,2,2,0,,N,197435,11,Front to Rear,21,CLEAR,1,DAYLIGHT,12,MOTOR VEHICLE IN TRANSPORT,LUTON ST & GATEWOOD AV,NASHVILLE,TN,37207,1861,EAST,36.2015,-86.768,POINT (-86.768 36.2015)
20190552424,07/24/2019 01:15:00 PM,2,1,0,,N,308295,11,Front to Rear,21,CLEAR,1,DAYLIGHT,12,MOTOR VEHICLE IN TRANSPORT,WHITES CREEK PKE & KNIGHT DR,WHITES CREEK,TN,37189,3227,NORTH,36.2641,-86.8308,POINT (-86.8308 36.2641)
20190120158,02/13/2019 04:12:00 PM,2,2,0,,N,240985,98,OTHER,21,CLEAR,5,DUSK,12,MOTOR VEHICLE IN TRANSPORT,EDMONDSON PKE & WEXFORD DOWNS LN,NASHVILLE,TN,37211,8651,MIDTOW,36.0198,-86.7421,POINT (-86.7421 36.0198)
20190342716,05/04/2019 12:00:00 AM,1,0,0,Y,Y,481573,9,UNKNOWN,2,RAIN,7,Dark-Unknown Lighting,17;99,BOULDER;UNKNOWN MOST HARMFUL EVENT,BRAMBLEWOOD DR & STILLWOOD DR,NASHVILLE,TN,37220,8601,MIDTOW,36.074,-86.7624,POINT (-86.7624 36.074)
20190306877,04/21/2019 04:34:00 PM,2,0,0,,N,633391,11,Front to Rear,21,CLEAR,1,DAYLIGHT,12,MOTOR VEHICLE IN TRANSPORT,I440 E EXT RAMP & HILLSBORO PKE,NASHVILLE,TN,37215,6001,WEST,36.1221,-86.8072,POINT (-86.8072 36.1221)
20190157834,02/27/2019 07:00:00 AM,2,0,0,,N,676834,4,ANGLE,21,CLEAR,1,DAYLIGHT,12,MOTOR VEHICLE IN TRANSPORT,CHATEAU VALLEY DR & MOORMANS ARM RD,NASHVILLE,TN,37207,3015,NORTH,36.2161,-86.8132,POINT (-86.8132 36.2161)
20190030580,01/12/2019 03:38:00 PM,1,0,0,Y,N,298867,0,NOT COLLISION W/MOTOR VEHICLE-TRANSPORT,2,RAIN,1,DAYLIGHT,38,FENCE,GORDON TER & DICKERSON PKE,NASHVILLE,TN,37207,1831,EAST,36.2127,-86.7648,POINT (-86.7648 36.2127)
20190342878,05/04/2019 11:22:00 AM,2,1,0,,N,320575,11,Front to Rear,22,CLOUDY,1,DAYLIGHT,12,MOTOR VEHICLE IN TRANSPORT,MURFREESBORO PKE & BRITISH WOODS DR,NASHVILLE,TN,37217,8853,SOUTH,36.0914,-86.6514,POINT (-86.6514 36.0914)
20190282675,04/12/2019 10:13:00 PM,1,1,0,,N,151132,0,NOT COLLISION W/MOTOR VEHICLE-TRANSPORT,22,CLOUDY,3,DARK - LIGHTED,30;64,UTILITY POLE;Ran Off Road-Left,S GRAYCROFT AV & VANTREASE RD,MADISON,TN,37115,1777,MADISO,36.1651,-86.8013,POINT (-86.8013 36.1651)
20190303786,04/20/2019 03:23:00 AM,1,0,0,,N,299254,0,NOT COLLISION W/MOTOR VEHICLE-TRANSPORT,2,RAIN,2,DARK - NOT LIGHTED,42;64,TREE;Ran Off Road-Left,MT VIEW RIDGE DR & MT VIEW RD,ANTIOCH,TN,37013,8977,SOUTH,36.0682,-86.5964,POINT (-86.5964 36.0682)
20190114906,02/12/2019 04:45:00 AM,1,0,0,,N,320584,0,NOT COLLISION W/MOTOR VEHICLE-TRANSPORT,2,RAIN,3,DARK - LIGHTED,36,CONCRETE TRAFFIC BARRIER,MM 53 7 I 24,NASHVILLE,TN,37211,88122,SOUTH,36.1097,-86.7216,POINT (-86.7216 36.1097)
20190159604,02/27/2019 07:34:00 PM,1,0,0,,N,714637,9,UNKNOWN,21,CLEAR,3,DARK - LIGHTED,99,UNKNOWN MOST HARMFUL EVENT,CENTENNIAL BLVD & 49TH AVN,NASHVILLE,TN,37209,4511,WEST,36.1634,-86.8432,POINT (-86.8432 36.1634)
20190428159,06/05/2019 09:08:00 AM,2,0,0,,N,493304,4,ANGLE,21,CLEAR,1,DAYLIGHT,12,MOTOR VEHICLE IN TRANSPORT,OLD HICKORY BLVDW & DOUGLAS ST,MADISON,TN,37115,1771,MADISO,36.2633,-86.7146,POINT (-86.7146 36.2633)
20190188104,03/10/2019 04:08:00 AM,3,2,0,Y,N,197075,0,NOT COLLISION W/MOTOR VEHICLE-TRANSPORT,21,CLEAR,3,DARK - LIGHTED,12;20;54,MOTOR VEHICLE IN TRANSPORT;IMPACT ATTENUATOR;Set In Motion By Motor Vehicle,MM 43 7 I 24,NASHVILLE,TN,37207,3224,NORTH,36.2351,-86.7856,POINT (-86.7856 36.2351)
20190064539,01/25/2019 03:40:00 AM,1,0,0,,N,320578,0,NOT COLLISION W/MOTOR VEHICLE-TRANSPORT,21,CLEAR,3,DARK - LIGHTED,39,WALL,MM 58 3 I 24,ANTIOCH,TN,37013,87060,SOUTH,36.0551,-86.6748,POINT (-86.6748 36.0551)
20190161474,02/28/2019 12:17:00 PM,2,0,0,,N,620072,3,REAR-TO-REAR,22,CLOUDY,1,DAYLIGHT,12;14,MOTOR VEHICLE IN TRANSPORT;PARKED MOTOR VEHICLE,STATE ST & 22ND AVN,NASHVILLE,TN,37203,5613,MIDTOW,36.1528,-86.8048,POINT (-86.8048 36.1528)
20190566136,07/30/2019 08:10:00 AM,2,0,0,,N,462474,4,ANGLE,22,CLOUDY,1,DAYLIGHT,12,MOTOR VEHICLE IN TRANSPORT,CHURCH STE & CLOVERLAND DR,BRENTWOOD,TN,37027,8623,MIDTOW,36.0332,-86.7751,POINT (-86.7751 36.0332)
20190512494,07/08/2019 04:33:00 PM,3,1,0,,N,256383,11,Front to Rear,21,CLEAR,1,DAYLIGHT,12,MOTOR VEHICLE IN TRANSPORT,MM 58 7 I 24,ANTIOCH,TN,37013,8808,SOUTH,36.0513,-86.6692,POINT (-86.6692 36.0513)
20190044263,01/17/2019 02:27:00 PM,2,0,0,,N,151132,4,ANGLE,22,CLOUDY,1,DAYLIGHT,12,MOTOR VEHICLE IN TRANSPORT,CHADWELL DR & S GRAYCROFT AV,MADISON,TN,37115,1779,MADISO,36.2549,-86.733,POINT (-86.733 36.2549)
20190560725,07/27/2019 09:24:00 PM,2,0,0,,N,633391,4,ANGLE,21,CLEAR,3,DARK - LIGHTED,12,MOTOR VEHICLE IN TRANSPORT,WHITE BRIDGE PKE & POST RD,NASHVILLE,TN,37205,5017,WEST,36.1281,-86.8522,POINT (-86.8522 36.1281)
20190065629,01/25/2019 12:20:00 PM,2,0,0,,N,311799,11,Front to Rear,21,CLEAR,1,DAYLIGHT,12,MOTOR VEHICLE IN TRANSPORT,MM 41 4 I 24,WHITES CREEK,TN,37189,20161,MADISO,36.2659,-86.7912,POINT (-86.7912 36.2659)
20190050665,01/20/2019 12:00:00 AM,2,0,0,,Y,240981,5,SIDESWIPE - SAME DIRECTION,4,SNOW,3,DARK - LIGHTED,12;33,MOTOR VEHICLE IN TRANSPORT;CURB,MAIN ST & N 10TH ST,NASHVILLE,TN,37206,1131,EAST,36.1782,-86.7517,POINT (-86.7517 36.1782)
20190362350,05/11/2019 08:46:00 PM,1,0,0,,Y,240955,0,NOT COLLISION W/MOTOR VEHICLE-TRANSPORT,22,CLOUDY,3,DARK - LIGHTED,30;33,UTILITY POLE;CURB,EAST THOMPSON LN & WIMPOLE DR,NASHVILLE,TN,37211,8803,SOUTH,36.1247,-86.7148,POINT (-86.7148 36.1247)
20190189048,03/10/2019 04:29:00 PM,2,1,0,,N,642287,11,Front to Rear,21,CLEAR,1,DAYLIGHT,12,MOTOR VEHICLE IN TRANSPORT,MM 48 9 I 24,NASHVILLE,TN,37213,1104,CENTRA,36.1676,-86.7656,POINT (-86.7656 36.1676)
20190294761,04/17/2019 06:50:00 AM,1,0,0,Y,Y,716886,0,NOT COLLISION W/MOTOR VEHICLE-TRANSPORT,21,CLEAR,1,DAYLIGHT,47,FIRE HYDRANT,KEELEY DR & BART DR,ANTIOCH,TN,37013,8713,SOUTH,36.0577,-86.6934,POINT (-86.6934 36.0577)
20190155102,02/26/2019 08:44:00 AM,2,0,0,,N,439917,11,Front to Rear,21,CLEAR,1,DAYLIGHT,12,MOTOR VEHICLE IN TRANSPORT,MM 207 7 I 40,NASHVILLE,TN,37208,54021,NORTH,36.1729,-86.8012,POINT (-86.8012 36.1729)
20190004672,01/02/2019 05:24:00 PM,2,0,0,,Y,693098,4,ANGLE,2,RAIN,5,DUSK,12,MOTOR VEHICLE IN TRANSPORT,CHARLOTTE AV & 44TH AVN,NASHVILLE,TN,37209,5203,WEST,36.1523,-86.8398,POINT (-86.8398 36.1523)
20190118945,02/13/2019 09:31:00 AM,2,0,0,,N,299243,11,Front to Rear,21,CLEAR,1,DAYLIGHT,12,MOTOR VEHICLE IN TRANSPORT,MM 210 7 I 40,NASHVILLE,TN,37210,8202,HERMIT,36.1532,-86.7644,POINT (-86.7644 36.1532)
20190452222,06/14/2019 08:25:00 AM,2,0,0,,N,311339,11,Front to Rear,21,CLEAR,1,DAYLIGHT,12,MOTOR VEHICLE IN TRANSPORT,MM 48 9 I 24,NASHVILLE,TN,37213,1104,CENTRA,36.1676,-86.7656,POINT (-86.7656 36.1676)
20190359704,05/10/2019 04:26:00 PM,2,0,0,,Y,,4,ANGLE,21,CLEAR,1,DAYLIGHT,12,MOTOR VEHICLE IN TRANSPORT,REV DR ENOCH JONES BLVD & MADISON ST,NASHVILLE,TN,37208,4303,NORTH,36.1737,-86.792,POINT (-86.792 36.1737)
20190562533,07/28/2019 07:24:00 PM,2,0,0,,N,206682,16,Rear to Side,21,CLEAR,1,DAYLIGHT,14,PARKED MOTOR VEHICLE,NEELYS BEND RD & MENEES LN,MADISON,TN,37115,1637,MADISO,36.2214,-86.6673,POINT (-86.6673 36.2214)
20190385330,05/20/2019 02:21:00 PM,2,0,0,,N,212346,4,ANGLE,21,CLEAR,1,DAYLIGHT,12,MOTOR VEHICLE IN TRANSPORT,INTERSTATE DR & WOODLAND ST,NASHVILLE,TN,37213,1105,CENTRA,36.1705,-86.7684,POINT (-86.7684 36.1705)
20190532500,07/16/2019 08:13:00 PM,2,1,0,,N,717341,0,NOT COLLISION W/MOTOR VEHICLE-TRANSPORT,21,CLEAR,5,DUSK,14;33;6,PARKED MOTOR VEHICLE;CURB,TAMPA DR & HARDING PL,NASHVILLE,TN,37211,8443,SOUTH,36.0829,-86.7107,POINT (-86.7107 36.0829)
20190278427,04/11/2019 09:45:00 AM,2,3,0,Y,N,352202,0,NOT COLLISION W/MOTOR VEHICLE-TRANSPORT,21,CLEAR,1,DAYLIGHT,30;7,UTILITY POLE,JEFFERSON ST & 26TH AVN,NASHVILLE,TN,37208,4525,NORTH,36.1681,-86.8168,POINT (-86.8168 36.1681)
20190164547,03/01/2019 03:00:00 PM,1,0,0,Y,Y,298874,0,NOT COLLISION W/MOTOR VEHICLE-TRANSPORT,22,CLOUDY,1,DAYLIGHT,25;30,GUARDRAIL END;UTILITY POLE,THOMAS AV & GALLATIN PKE,NASHVILLE,TN,37216,1837,EAST,36.1679,-86.7791,POINT (-86.7791 36.1679)
20190329009,04/29/2019 12:00:00 PM,2,2,0,,N,402660,5,SIDESWIPE - SAME DIRECTION,21,CLEAR,1,DAYLIGHT,12,MOTOR VEHICLE IN TRANSPORT,HILLSBORO PKE & CRESTMOOR RD,NASHVILLE,TN,37215,6105,WEST,36.1096,-86.8117,POINT (-86.8117 36.1096)
20190344051,05/05/2019 01:04:00 AM,1,0,0,,Y,189243,0,NOT COLLISION W/MOTOR VEHICLE-TRANSPORT,2,RAIN,2,DARK - NOT LIGHTED,36;63,CONCRETE TRAFFIC BARRIER;Ran Off Road-Right,MM 55 4 I 24,NASHVILLE,TN,37211,8812,SOUTH,36.0901,-86.7031,POINT (-86.7031 36.0901)
20190085931,02/01/2019 08:46:00 AM,3,0,0,,N,299243,5,SIDESWIPE - SAME DIRECTION,2,RAIN,1,DAYLIGHT,12,MOTOR VEHICLE IN TRANSPORT,KOREAN VETERANS BLVD & 1ST AVS,NASHVILLE,TN,37201,4047,CENTRA,36.1583,-86.7719,POINT (-86.7719 36.1583)
20190331958,04/30/2019 12:55:00 PM,1,0,0,Y,N,468030,0,NOT COLLISION W/MOTOR VEHICLE-TRANSPORT,22,CLOUDY,1,DAYLIGHT,23,BRIDGE RAIL,HUNTLEIGH DR & RIVERSIDE DR,NASHVILLE,TN,37206,1307,EAST,36.1725,-86.7271,POINT (-86.7271 36.1725)
20190521402,07/12/2019 03:13:00 AM,1,0,0,,N,256376,0,NOT COLLISION W/MOTOR VEHICLE-TRANSPORT,21,CLEAR,3,DARK - LIGHTED,36,CONCRETE TRAFFIC BARRIER,MM 207 8 I 40,NASHVILLE,TN,37208,54021,NORTH,36.1721,-86.8004,POINT (-86.8004 36.1721)
20190536611,07/18/2019 07:50:00 AM,2,0,0,,N,226622,4,ANGLE,22,CLOUDY,1,DAYLIGHT,12,MOTOR VEHICLE IN TRANSPORT,GUN CLUB RD & ROBIN HILL RD,NASHVILLE,TN,37205,4917,WEST,36.1114,-86.8759,POINT (-86.8759 36.1114)
20190197229,03/13/2019 12:31:00 PM,2,1,0,,N,109534,4,ANGLE,21,CLEAR,1,DAYLIGHT,12,MOTOR VEHICLE IN TRANSPORT,MCCRORY CREEK RD & BOULDER PARK DR,NASHVILLE,TN,37214,9413,HERMIT,36.1491,-86.6523,POINT (-86.6523 36.1491)
20190352770,05/08/2019 07:07:00 AM,2,1,0,,N,212325,4,ANGLE,21,CLEAR,1,DAYLIGHT,12,MOTOR VEHICLE IN TRANSPORT,BRILEY PKWYW & BRILEY PKWYE,NASHVILLE,TN,37218,3216,NORTH,36.2254,-86.8638,POINT (-86.8638 36.2254)
20190544987,07/21/2019 05:44:00 PM,2,1,0,,Y,320603,11,Front to Rear,21,CLEAR,1,DAYLIGHT,12,MOTOR VEHICLE IN TRANSPORT,CHARLOTTE AV & 53RD AVN,NASHVILLE,TN,37209,5123,WEST,36.1519,-86.8511,POINT (-86.8511 36.1519)
20190089761,02/02/2019 07:02:00 PM,2,0,0,,Y,206959,2,HEAD-ON,21,CLEAR,3,DARK - LIGHTED,12,MOTOR VEHICLE IN TRANSPORT,GALLATIN PKES & MOVING CENTER CT,MADISON,TN,37115,1507,MADISO,36.2509,-86.7184,POINT (-86.7184 36.2509)
20190325245,04/27/2019 04:45:00 PM,2,0,0,,Y,320577,3,REAR-TO-REAR,21,CLEAR,1,DAYLIGHT,14,PARKED MOTOR VEHICLE,NOLENSVILLE PKE & JOYNER AV,NASHVILLE,TN,37210,8317,SOUTH,36.1165,-86.7481,POINT (-86.7481 36.1165)
20190545608,07/22/2019 12:00:00 AM,1,0,0,,Y,279201,9,UNKNOWN,21,CLEAR,2,DARK - NOT LIGHTED,99,UNKNOWN MOST HARMFUL EVENT,ELM HILL PKE & ELM TREE DR,NASHVILLE,TN,37210,9031,HERMIT,36.1455,-86.7064,POINT (-86.7064 36.1455)
20190230955,03/25/2019 11:27:00 AM,3,1,0,,N,191578,11,Front to Rear,22,CLOUDY,1,DAYLIGHT,12;36,MOTOR VEHICLE IN TRANSPORT;CONCRETE TRAFFIC BARRIER,MM 211 2 I 40,NASHVILLE,TN,37210,8008,HERMIT,36.1535,-86.7564,POINT (-86.7564 36.1535)
20190025475,01/10/2019 04:59:00 PM,2,1,0,,Y,256389,2,HEAD-ON,21,CLEAR,1,DAYLIGHT,12,MOTOR VEHICLE IN TRANSPORT,EDGEHILL AV & 16TH AVS,NASHVILLE,TN,37212,6629,MIDTOW,36.1433,-86.7925,POINT (-86.7925 36.1433)
20190232538,03/25/2019 09:48:00 PM,2,1,0,,Y,279124,11,Front to Rear,21,CLEAR,3,DARK - LIGHTED,12,MOTOR VEHICLE IN TRANSPORT,MURFREESBORO PKE & MOUNTAIN SPRINGS RD,ANTIOCH,TN,37013,8927,SOUTH,36.0478,-86.6121,POINT (-86.6121 36.0478)
20190316414,04/24/2019 12:35:00 PM,2,1,0,,N,665896,4,ANGLE,21,CLEAR,1,DAYLIGHT,12,MOTOR VEHICLE IN TRANSPORT,SILVERDENE PL & MCFERRIN AV,NASHVILLE,TN,37206,1939,EAST,36.178,-86.7554,POINT (-86.7554 36.178)
20190557025,07/26/2019 07:10:00 AM,2,0,0,,Y,224955,11,Front to Rear,22,CLOUDY,1,DAYLIGHT,12,MOTOR VEHICLE IN TRANSPORT,BRILEY PKWYE & BRILEY PKWY E ENT RAMP,NASHVILLE,TN,37216,1503,EAST,36.2342,-86.7203,POINT (-86.7203 36.2342)
20190301281,04/19/2019 07:43:00 AM,1,0,0,,N,109534,0,NOT COLLISION W/MOTOR VEHICLE-TRANSPORT,2,RAIN,1,DAYLIGHT,42;63,TREE;Ran Off Road-Right,MM 217 2 I 40,NASHVILLE,TN,37214,9404,HERMIT,36.145,-86.6468,POINT (-86.6468 36.145)
20190161518,02/28/2019 12:33:00 PM,2,0,0,,N,299257,4,ANGLE,21,CLEAR,1,DAYLIGHT,12,MOTOR VEHICLE IN TRANSPORT,4TH AVS & I40 E EXT RAMP,NASHVILLE,TN,37210,8153,SOUTH,36.1505,-86.7704,POINT (-86.7704 36.1505)
20190010117,01/04/2019 05:57:00 PM,1,0,0,Y,N,212338,0,NOT COLLISION W/MOTOR VEHICLE-TRANSPORT,21,CLEAR,1,DAYLIGHT,30,UTILITY POLE,NOLENSVILLE PKE & COTTON LN,NASHVILLE,TN,37211,8701,SOUTH,36.0705,-86.7224,POINT (-86.7224 36.0705)
20190356972,05/09/2019 05:54:00 PM,3,0,0,,N,267831,4,ANGLE,22,CLOUDY,1,DAYLIGHT,12,MOTOR VEHICLE IN TRANSPORT,HILLSBORO PKE & WOODMONT BLVD,NASHVILLE,TN,37215,6105,WEST,36.114,-86.8109,POINT (-86.8109 36.114)
20190226692,03/23/2019 06:16:00 PM,2,1,0,,N,256383,11,Front to Rear,21,CLEAR,1,DAYLIGHT,12,MOTOR VEHICLE IN TRANSPORT,HARDING PL & TAMPA DR,NASHVILLE,TN,37211,8705,SOUTH,36.0827,-86.7105,POINT (-86.7105 36.0827)
20190133423,02/18/2019 08:03:00 PM,2,1,0,,N,725756,11,Front to Rear,21,CLEAR,3,DARK - LIGHTED,12,MOTOR VEHICLE IN TRANSPORT,CHARLOTTE PKE & I40 E EXT RAMP,NASHVILLE,TN,37205,5007,WEST,36.1314,-86.8967,POINT (-86.8967 36.1314)
20190517051,07/10/2019 11:24:00 AM,2,0,0,,N,812949,5,SIDESWIPE - SAME DIRECTION,21,CLEAR,,,12,MOTOR VEHICLE IN TRANSPORT,MM 85 4 I 65,NASHVILLE,TN,37208,43042,NORTH,36.1875,-86.7947,POINT (-86.7947 36.1875)
20190322404,04/26/2019 11:34:00 AM,2,1,0,,N,298878,11,Front to Rear,21,CLEAR,1,DAYLIGHT,12,MOTOR VEHICLE IN TRANSPORT,MM 49 0 I 24,NASHVILLE,TN,37206,10040,EAST,36.1664,-86.7647,POINT (-86.7647 36.1664)
20190329855,04/29/2019 04:40:00 PM,2,0,0,,Y,256389,11,Front to Rear,21,CLEAR,1,DAYLIGHT,12,MOTOR VEHICLE IN TRANSPORT,WEST END AV & ACKLEN PARK DR,NASHVILLE,TN,37203,5627,MIDTOW,36.1409,-86.8174,POINT (-86.8174 36.1409)
20190028529,01/11/2019 05:27:00 PM,2,0,0,,Y,256383,5,SIDESWIPE - SAME DIRECTION,21,CLEAR,3,DARK - LIGHTED,12,MOTOR VEHICLE IN TRANSPORT,MM 57 3 I 24,ANTIOCH,TN,37013,88080,SOUTH,36.0663,-86.6861,POINT (-86.6861 36.0663)
20190236779,03/27/2019 07:05:00 AM,3,1,0,,N,716886,11,Front to Rear,21,CLEAR,1,DAYLIGHT,12,MOTOR VEHICLE IN TRANSPORT,MM 62 8 I 24,ANTIOCH,TN,37013,8804,SOUTH,36.0118,-86.6175,POINT (-86.6175 36.0118)
20190055839,01/22/2019 07:20:00 AM,2,0,0,,N,462501,11,Front to Rear,21,CLEAR,1,DAYLIGHT,12,MOTOR VEHICLE IN TRANSPORT,13TH AVS & I40 W ENT RAMP,NASHVILLE,TN,37203,4081,CENTRA,36.1557,-86.7887,POINT (-86.7887 36.1557)
20190350347,05/07/2019 11:37:00 AM,2,1,0,,N,191578,11,Front to Rear,21,CLEAR,1,DAYLIGHT,12,MOTOR VEHICLE IN TRANSPORT,SMITH SPRINGS RD & MURFREESBORO PKE,NASHVILLE,TN,37217,8849,SOUTH,36.0964,-86.6561,POINT (-86.6561 36.0964)
20190188048,03/10/2019 03:20:00 AM,2,0,0,,Y,109495,11,Front to Rear,21,CLEAR,3,DARK - LIGHTED,14,PARKED MOTOR VEHICLE,15TH AVN & CHURCH ST,NASHVILLE,TN,37203,5517,MIDTOW,36.1574,-86.7927,POINT (-86.7927 36.1574)
20190197697,03/13/2019 12:00:00 AM,2,0,0,,N,226827,4,ANGLE,21,CLEAR,1,DAYLIGHT,12,MOTOR VEHICLE IN TRANSPORT,MYATT DR & RIVERGATE STATION PVTDR,MADISON,TN,37115,1721,MADISO,36.2963,-86.6987,POINT (-86.6987 36.2963)
20190542171,07/20/2019 09:40:00 AM,2,0,0,,N,109495,4,ANGLE,21,CLEAR,1,DAYLIGHT,12,MOTOR VEHICLE IN TRANSPORT,11TH AVS & HORTON AV,NASHVILLE,TN,37203,6909,MIDTOW,36.1403,-86.7859,POINT (-86.7859 36.1403)
20190082844,01/31/2019 08:53:00 AM,1,1,0,,N,311339,0,NOT COLLISION W/MOTOR VEHICLE-TRANSPORT,21,CLEAR,1,DAYLIGHT,15,OTHER TYPE NON-MOTORIST,7TH AVN & COMMERCE ST,NASHVILLE,TN,37203,4109,CENTRA,36.1607,-86.7817,POINT (-86.7817 36.1607)
20190406367,05/28/2019 06:17:00 AM,2,0,0,,N,109534,4,ANGLE,21,CLEAR,1,DAYLIGHT,12,MOTOR VEHICLE IN TRANSPORT,MURFREESBORO PKE & FOSTER AV,NASHVILLE,TN,37210,8161,SOUTH,36.1418,-86.7412,POINT (-86.7412 36.1418)
20190392056,05/22/2019 06:10:00 PM,2,0,0,,N,279124,11,Front to Rear,21,CLEAR,1,DAYLIGHT,12,MOTOR VEHICLE IN TRANSPORT,NOLENSVILLE PKE & BRENTWOOD EAST DR,ANTIOCH,TN,37013,8757,SOUTH,36.0438,-86.7131,POINT (-86.7131 36.0438)
20190213961,03/19/2019 02:33:00 PM,2,0,0,,N,256389,4,ANGLE,21,CLEAR,1,DAYLIGHT,12,MOTOR VEHICLE IN TRANSPORT,DIVISION ST & 19TH AVS,NASHVILLE,TN,37203,6715,MIDTOW,36.1506,-86.7955,POINT (-86.7955 36.1506)
20190030095,01/12/2019 09:15:00 AM,2,0,0,,Y,876573,4,ANGLE,22,CLOUDY,1,DAYLIGHT,12,MOTOR VEHICLE IN TRANSPORT,TARGET DR & CANE RIDGE RD,ANTIOCH,TN,37013,8751,SOUTH,36.1579,-86.7696,POINT (-86.7696 36.1579)