Accident Number,Date and Time,Number of Motor Vehicles,Number of Injuries,Number of Fatalities,Property Damage,Hit and Run,Reporting Officer,Collision Type Code,Collision Type Description,Weather Code,Weather Description,Illumination Code,Illumination Description,Harmful Code,Harmful Code Description,Street Address,City,State,ZIP,RPA,Precinct,Latitude,Longitude,Mapped Location
20190579984,08/04/2019 08:00:00 PM,1,0,0,Y,Y,192871,0,NOT COLLISION W/MOTOR VEHICLE-TRANSPORT,21,CLEAR,3,DARK - LIGHTED,24,GUARDRAIL FACE,RIO VISTA DR & ANDERSON LN,MADISON,TN,37115,1713,MADISO,36.2718,-86.6845,POINT (-86.6845 36.2718)
20190459185,06/17/2019 08:54:00 AM,2,0,0,,N,256502,11,Front to Rear,21,CLEAR,1,DAYLIGHT,12,MOTOR VEHICLE IN TRANSPORT,MM 207 1 I 40,NASHVILLE,TN,37208,54020,NORTH,36.1698,-86.8093,POINT (-86.8093 36.1698)
20190247266,03/31/2019 12:15:00 AM,2,0,0,,Y,240978,6,SIDESWIPE - OPPOSITE DIRECTION,21,CLEAR,3,DARK - LIGHTED,12,MOTOR VEHICLE IN TRANSPORT,GALLATIN PKE & BROADMOOR DR,NASHVILLE,TN,37216,1513,EAST,36.2295,-86.7251,POINT (-86.7251 36.2295)
20190298420,04/18/2019 12:00:00 AM,2,0,0,,Y,676834,11,Front to Rear,99,UNKNOWN,9,UNKNOWN,12;14,MOTOR VEHICLE IN TRANSPORT;PARKED MOTOR VEHICLE,14TH AVN & JACKSON ST,NASHVILLE,TN,37208,5427,NORTH,36.168,-86.7995,POINT (-86.7995 36.168)
20190013943,01/06/2019 01:15:00 PM,2,1,0,Y,N,161952,0,NOT COLLISION W/MOTOR VEHICLE-TRANSPORT,21,CLEAR,1,DAYLIGHT,1;12;64;71,MOTOR VEHICLE IN TRANSPORT;Ran Off Road-Left;EMBANKMENT EARTH,MM 33 7 I 24,JOELTON,TN,37080,23040,NORTH,36.3274,-86.8902,POINT (-86.8902 36.3274)
20190035409,01/14/2019 03:55:00 PM,2,0,0,,Y,279204,11,Front to Rear,21,CLEAR,1,DAYLIGHT,12,MOTOR VEHICLE IN TRANSPORT,JEFFERSON ST & 11TH AVN,NASHVILLE,TN,37208,4245,NORTH,36.1716,-86.798,POINT (-86.798 36.1716)
20190273546,04/09/2019 05:23:00 PM,2,0,0,,N,279124,11,Front to Rear,21,CLEAR,1,DAYLIGHT,12,MOTOR VEHICLE IN TRANSPORT,BRILEY PKWYS & I24 W EXT RAMP,NASHVILLE,TN,37211,88962,SOUTH,36.11,-86.7208,POINT (-86.7208 36.11)
20190061778,01/24/2019 05:55:00 AM,2,1,0,,N,330416,4,ANGLE,21,CLEAR,4,DAWN,12,MOTOR VEHICLE IN TRANSPORT,MURFREESBORO PKE & MOUNTAIN SPRINGS RD,ANTIOCH,TN,37013,8927,SOUTH,36.0478,-86.6121,POINT (-86.6121 36.0478)
20190279861,04/11/2019 08:52:00 PM,2,3,0,,N,256391,11,Front to Rear,21,CLEAR,3,DARK - LIGHTED,12,MOTOR VEHICLE IN TRANSPORT,S HAMILTON RD & CLARKSVILLE PKE,NASHVILLE,TN,37218,3157,NORTH,36.1933,-86.8315,POINT (-86.8315 36.1933)
20190012927,01/06/2019 12:35:00 AM,1,2,0,,N,311336,0,NOT COLLISION W/MOTOR VEHICLE-TRANSPORT,21,CLEAR,3,DARK - LIGHTED,1,,MM 48 3 I 24,NASHVILLE,TN,37213,11080,CENTRA,36.1722,-86.7689,POINT (-86.7689 36.1722)
20190540406,07/19/2019 04:30:00 PM,2,0,0,,N,352209,5,SIDESWIPE - SAME DIRECTION,21,CLEAR,1,DAYLIGHT,12,MOTOR VEHICLE IN TRANSPORT,GALLATIN PKE & HART LN,NASHVILLE,TN,37216,1441,EAST,36.2116,-86.7326,POINT (-86.7326 36.2116)
20190506728,07/09/2019 02:10:00 PM,2,0,0,,N,330435,4,ANGLE,21,CLEAR,1,DAYLIGHT,12,MOTOR VEHICLE IN TRANSPORT,DICKERSON PKE & MAPLEWOOD TRC,NASHVILLE,TN,37216,1805,EAST,36.2333,-86.7586,POINT (-86.7586 36.2333)
20190201527,03/14/2019 10:47:00 PM,1,0,0,,N,226175,0,NOT COLLISION W/MOTOR VEHICLE-TRANSPORT,21,CLEAR,3,DARK - LIGHTED,36,CONCRETE TRAFFIC BARRIER,MM 200 2 I 40,NASHVILLE,TN,37205,4902,WEST,36.1212,-86.9107,POINT (-86.9107 36.1212)
20190190570,03/11/2019 08:15:00 AM,2,0,0,,N,223502,11,Front to Rear,2,RAIN,1,DAYLIGHT,12,MOTOR VEHICLE IN TRANSPORT,MM 52 0 I 24,NASHVILLE,TN,37217,8816,SOUTH,36.1329,-86.7267,POINT (-86.7267 36.1329)
20190382901,05/19/2019 03:00:00 PM,2,0,0,,N,330417,6,SIDESWIPE - OPPOSITE DIRECTION,2,RAIN,1,DAYLIGHT,12,MOTOR VEHICLE IN TRANSPORT,ANDERSON LN & GALLATIN PKEN,MADISON,TN,37115,1709,MADISO,36.2734,-86.71,POINT (-86.71 36.2734)
20190436663,06/08/2019 12:55:00 PM,3,1,0,,N,226306,4,ANGLE,22,CLOUDY,1,DAYLIGHT,13,MOTOR VEHICLE IN TRANSPORT-OTHER ROADWAY,HARROW DR & HARROW CT,NASHVILLE,TN,37221,4815,WEST,36.0781,-86.9416,POINT (-86.9416 36.0781)
20190022956,01/09/2019 12:00:00 AM,2,0,0,,Y,212344,11,Front to Rear,21,CLEAR,3,DARK - LIGHTED,12,MOTOR VEHICLE IN TRANSPORT,MCKENNIE AV & GALLATIN AV,NASHVILLE,TN,37206,1321,EAST,36.1919,-86.7448,POINT (-86.7448 36.1919)
20190076472,01/29/2019 12:00:00 AM,2,0,0,,Y,109534,11,Front to Rear,21,CLEAR,1,DAYLIGHT,14;99,PARKED MOTOR VEHICLE;UNKNOWN MOST HARMFUL EVENT,PLANTATION DR & BONNABROOK DR,HERMITAGE,TN,37076,9601,HERMIT,36.1975,-86.6349,POINT (-86.6349 36.1975)
20190027159,01/11/2019 07:46:00 AM,2,0,0,,N,200016,11,Front to Rear,21,CLEAR,1,DAYLIGHT,12,MOTOR VEHICLE IN TRANSPORT,DAVIDSON ST & S 14TH ST,NASHVILLE,TN,37213,1017,EAST,36.163,-86.7468,POINT (-86.7468 36.163)
20190314024,04/23/2019 06:30:00 PM,2,0,0,,Y,212344,4,ANGLE,21,CLEAR,1,DAYLIGHT,14,PARKED MOTOR VEHICLE,GALLATIN AV & GALLATIN PKE,NASHVILLE,TN,37216,1401,EAST,36.197,-86.7421,POINT (-86.7421 36.197)
20190447320,06/12/2019 12:00:00 AM,1,1,0,,N,298861,0,NOT COLLISION W/MOTOR VEHICLE-TRANSPORT,21,CLEAR,1,DAYLIGHT,8,PEDESTRIAN,DONELSON PKE & COLONIAL CIR,NASHVILLE,TN,37214,9113,HERMIT,36.1634,-86.664,POINT (-86.664 36.1634)
20190570232,07/31/2019 12:00:00 AM,2,0,0,,N,298861,4,ANGLE,21,CLEAR,1,DAYLIGHT,12,MOTOR VEHICLE IN TRANSPORT,MCGAVOCK PKE & PARK DR,NASHVILLE,TN,37214,9307,HERMIT,36.1705,-86.6797,POINT (-86.6797 36.1705)
20190496041,07/01/2019 02:53:00 PM,2,0,0,,Y,256380,4,ANGLE,21,CLEAR,1,DAYLIGHT,12,MOTOR VEHICLE IN TRANSPORT,JEFFERSON ST & DR D B TODD JR BLVD,NASHVILLE,TN,37208,5325,NORTH,36.1694,-86.807,POINT (-86.807 36.1694)
20190159799,02/27/2019 06:33:00 PM,2,0,0,,N,279124,11,Front to Rear,21,CLEAR,3,DARK - LIGHTED,12,MOTOR VEHICLE IN TRANSPORT,MM 54 0 I 24,NASHVILLE,TN,37211,88122,SOUTH,36.1064,-86.7188,POINT (-86.7188 36.1064)
20190241415,03/28/2019 12:00:00 AM,2,0,0,,Y,279196,4,ANGLE,21,CLEAR,1,DAYLIGHT,12,MOTOR VEHICLE IN TRANSPORT,GALLATIN PKEN & OLD TIME VILLAGE PVTDR,MADISON,TN,37115,1701,MADISO,36.2638,-86.7117,POINT (-86.7117 36.2638)
20190401248,05/25/2019 11:49:00 PM,2,1,0,,N,299261,5,SIDESWIPE - SAME DIRECTION,21,CLEAR,2,DARK - NOT LIGHTED,12,MOTOR VEHICLE IN TRANSPORT,MM 80 7 I 65,NASHVILLE,TN,37204,69020,MIDTOW,36.1252,-86.7728,POINT (-86.7728 36.1252)
20190567794,07/30/2019 09:26:00 PM,2,0,0,,N,197047,5,SIDESWIPE - SAME DIRECTION,21,CLEAR,1,DAYLIGHT,12,MOTOR VEHICLE IN TRANSPORT,DOUGLAS AV & GALLATIN AV,NASHVILLE,TN,37206,1325,EAST,36.1927,-86.7444,POINT (-86.7444 36.1927)
20190343953,05/05/2019 12:01:00 AM,3,2,0,,N,197067,11,Front to Rear,2,RAIN,3,DARK - LIGHTED,12,MOTOR VEHICLE IN TRANSPORT,DEMONBREUN ST & 7TH AVS,NASHVILLE,TN,37203,4061,CENTRA,36.1574,-86.7797,POINT (-86.7797 36.1574)
20190260411,04/04/2019 03:55:00 PM,2,0,0,,Y,311334,11,Front to Rear,22,CLOUDY,1,DAYLIGHT,12,MOTOR VEHICLE IN TRANSPORT,MM 213 2 I 40,NASHVILLE,TN,37210,82061,HERMIT,36.1399,-86.728,POINT (-86.728 36.1399)
20190207752,03/17/2019 11:38:00 AM,1,0,0,,N,544481,0,NOT COLLISION W/MOTOR VEHICLE-TRANSPORT,21,CLEAR,1,DAYLIGHT,47,FIRE HYDRANT,MARINA ST & NEILL AV,NASHVILLE,TN,37206,1941,EAST,36.1807,-86.7601,POINT (-86.7601 36.1807)
20190358494,05/10/2019 07:20:00 AM,2,1,0,,N,311331,11,Front to Rear,21,CLEAR,1,DAYLIGHT,12,MOTOR VEHICLE IN TRANSPORT,SPRING ST & MAIN ST ENT RAMP,NASHVILLE,TN,37206,1997,EAST,36.173,-86.7654,POINT (-86.7654 36.173)
20190276568,04/10/2019 05:25:00 PM,2,0,0,,N,206675,4,ANGLE,21,CLEAR,1,DAYLIGHT,12,MOTOR VEHICLE IN TRANSPORT,FRANKLIN PKE & OLD HICKORY BLVD,NASHVILLE,TN,37220,7111,MIDTOW,36.0377,-86.7865,POINT (-86.7865 36.0377)
20190282119,04/12/2019 05:25:00 PM,1,0,0,,N,279124,0,NOT COLLISION W/MOTOR VEHICLE-TRANSPORT,21,CLEAR,1,DAYLIGHT,7,,2ND AVS & ANDREW T WHITMORE ST,NASHVILLE,TN,37210,8139,SOUTH,36.1412,-86.7618,POINT (-86.7618 36.1412)
20190260611,04/04/2019 05:20:00 PM,2,0,0,,Y,134871,4,ANGLE,21,CLEAR,1,DAYLIGHT,12,MOTOR VEHICLE IN TRANSPORT,8TH AVS & DIVISION ST,NASHVILLE,TN,37203,4009,CENTRA,36.1497,-86.7792,POINT (-86.7792 36.1497)
20190023450,01/09/2019 11:07:00 PM,3,0,0,,N,279203,2,HEAD-ON,21,CLEAR,2,DARK - NOT LIGHTED,12;14,MOTOR VEHICLE IN TRANSPORT;PARKED MOTOR VEHICLE,2ND AVS & DEMONBREUN ST,NASHVILLE,TN,37201,4063,CENTRA,36.16,-86.7739,POINT (-86.7739 36.16)
20190430913,06/06/2019 08:00:00 AM,2,1,0,,N,591936,11,Front to Rear,21,CLEAR,1,DAYLIGHT,12,MOTOR VEHICLE IN TRANSPORT,MM 82 0 I 65,NASHVILLE,TN,37203,80061,MIDTOW,36.1433,-86.7769,POINT (-86.7769 36.1433)
20190328625,04/29/2019 09:16:00 AM,2,0,0,,N,716886,5,SIDESWIPE - SAME DIRECTION,21,CLEAR,1,DAYLIGHT,12,MOTOR VEHICLE IN TRANSPORT,MM 60 2 I 24,ANTIOCH,TN,37013,88060,SOUTH,36.038,-86.6467,POINT (-86.6467 36.038)
20190148832,02/24/2019 12:35:00 AM,2,0,0,Y,N,256377,11,Front to Rear,21,CLEAR,3,DARK - LIGHTED,12,MOTOR VEHICLE IN TRANSPORT,LAKEBRINK DR & LAKEBRINK CT,NASHVILLE,TN,37214,8955,HERMIT,36.1504,-86.6329,POINT (-86.6329 36.1504)
20190103199,02/07/2019 01:29:00 PM,2,1,0,,N,620072,11,Front to Rear,22,CLOUDY,1,DAYLIGHT,12,MOTOR VEHICLE IN TRANSPORT,DIVISION ST & MUSIC SQW,NASHVILLE,TN,37203,6733,MIDTOW,36.152,-86.7929,POINT (-86.7929 36.152)
20190024158,01/10/2019 06:46:00 AM,2,1,0,,N,191578,4,ANGLE,21,CLEAR,1,DAYLIGHT,12,MOTOR VEHICLE IN TRANSPORT,FESSLERS LN & I40 W ENT RAMP,NASHVILLE,TN,37210,9011,HERMIT,36.1478,-86.7435,POINT (-86.7435 36.1478)
20190359065,05/10/2019 11:45:00 AM,2,0,0,,N,226136,11,Front to Rear,22,CLOUDY,1,DAYLIGHT,12,MOTOR VEHICLE IN TRANSPORT,GRAYBAR LN & BELMONT BLVD,NASHVILLE,TN,37215,6415,MIDTOW,36.1103,-86.8004,POINT (-86.8004 36.1103)
20190040647,01/16/2019 08:45:00 AM,2,0,0,,N,676834,4,ANGLE,21,CLEAR,1,DAYLIGHT,12,MOTOR VEHICLE IN TRANSPORT,WHITES CREEK PKE & FRANCES ST,NASHVILLE,TN,37207,3033,NORTH,36.2138,-86.8,POINT (-86.8 36.2138)
20190483185,06/26/2019 02:00:00 PM,3,0,0,,N,676834,11,Front to Rear,21,CLEAR,1,DAYLIGHT,12,MOTOR VEHICLE IN TRANSPORT,ROSA L PARKS BLVD & DOMINICAN DR,NASHVILLE,TN,37208,4403,NORTH,36.1879,-86.7985,POINT (-86.7985 36.1879)
20190080315,01/30/2019 02:10:00 PM,3,0,0,,Y,299257,11,Front to Rear,21,CLEAR,1,DAYLIGHT,12,MOTOR VEHICLE IN TRANSPORT,MM 209 0 I 40,NASHVILLE,TN,37203,4104,CENTRA,36.1574,-86.7903,POINT (-86.7903 36.1574)
20190204964,03/16/2019 03:45:00 AM,2,0,0,Y,Y,320584,6,SIDESWIPE - OPPOSITE DIRECTION,21,CLEAR,3,DARK - LIGHTED,12;14,MOTOR VEHICLE IN TRANSPORT;PARKED MOTOR VEHICLE,TUSCULUM RD & SAXONY LAKE DR,ANTIOCH,TN,37013,8719,SOUTH,36.0531,-86.6765,POINT (-86.6765 36.0531)
20190434994,06/07/2019 07:36:00 PM,2,0,0,,Y,299253,4,ANGLE,22,CLOUDY,1,DAYLIGHT,12,MOTOR VEHICLE IN TRANSPORT,HART LN & ELLINGTON PKWY N EXT RAMP,NASHVILLE,TN,37216,1821,EAST,36.2179,-86.7463,POINT (-86.7463 36.2179)
20190322047,04/26/2019 09:05:00 AM,2,0,0,,N,226600,5,SIDESWIPE - SAME DIRECTION,21,CLEAR,1,DAYLIGHT,12,MOTOR VEHICLE IN TRANSPORT,I440 E EXT RAMP & I 440,NASHVILLE,TN,37205,5249,WEST,36.1366,-86.8221,POINT (-86.8221 36.1366)
20190071611,01/27/2019 10:01:00 PM,1,0,0,,N,212321,0,NOT COLLISION W/MOTOR VEHICLE-TRANSPORT,21,CLEAR,2,DARK - NOT LIGHTED,50,DEER (ANIMAL),HOBSON PKE & GRANNY WRIGHT LN,HERMITAGE,TN,37076,8913,SOUTH,36.1081,-86.5496,POINT (-86.5496 36.1081)
20190217807,03/20/2019 06:15:00 PM,2,0,0,,Y,240949,5,SIDESWIPE - SAME DIRECTION,21,CLEAR,1,DAYLIGHT,12,MOTOR VEHICLE IN TRANSPORT,SOUTHLAKE DR & BRILEY PKWYN,NASHVILLE,TN,37211,8423,SOUTH,36.1095,-86.7281,POINT (-86.7281 36.1095)
20190347313,05/06/2019 12:37:00 PM,2,6,1,,N,212325,4,ANGLE,21,CLEAR,1,DAYLIGHT,12,MOTOR VEHICLE IN TRANSPORT,FOREST PARK RD & E OLD HICKORY BLVD,MADISON,TN,37115,1627,MADISO,36.2629,-86.7034,POINT (-86.7034 36.2629)
20190319928,04/25/2019 04:33:00 PM,1,1,0,,N,151132,0,NOT COLLISION W/MOTOR VEHICLE-TRANSPORT,22,CLOUDY,1,DAYLIGHT,32;34;63,CULVERT;DITCH;Ran Off Road-Right,LICKTON PKE & UNION HILL RD,GOODLETTSVILLE,TN,37072,2143,MADISO,36.334,-86.779,POINT (-86.779 36.334)
20190031251,01/12/2019 09:45:00 PM,2,0,0,,N,717341,4,ANGLE,21,CLEAR,3,DARK - LIGHTED,12,MOTOR VEHICLE IN TRANSPORT,MM 55 2 I 24,NASHVILLE,TN,37211,8812,SOUTH,36.0923,-86.7049,POINT (-86.7049 36.0923)
20190239934,03/07/2019 12:00:00 AM,2,0,0,,Y,419993,4,ANGLE,99,UNKNOWN,9,UNKNOWN,12;14,MOTOR VEHICLE IN TRANSPORT;PARKED MOTOR VEHICLE,2300 23RD AVN,NASHVILLE,TN,37203,5619,MIDTOW,36.1547,-86.8089,POINT (-86.8089 36.1547)
20190555430,07/25/2019 03:52:00 PM,4,1,0,,N,279211,11,Front to Rear,21,CLEAR,1,DAYLIGHT,12,MOTOR VEHICLE IN TRANSPORT,OLD HICKORY BLVDW & BEVERLY DR,MADISON,TN,37115,1749,MADISO,36.2641,-86.7252,POINT (-86.7252 36.2641)
20190186525,03/09/2019 10:15:00 AM,1,0,0,Y,Y,429188,0,NOT COLLISION W/MOTOR VEHICLE-TRANSPORT,2,RAIN,1,DAYLIGHT,47;63,FIRE HYDRANT;Ran Off Road-Right,HICKORY HOLLOW PKWY & BELL RD,ANTIOCH,TN,37013,8871,SOUTH,36.0475,-86.656,POINT (-86.656 36.0475)
20190166202,03/02/2019 06:46:00 AM,1,1,0,,N,224797,0,NOT COLLISION W/MOTOR VEHICLE-TRANSPORT,22,CLOUDY,1,DAYLIGHT,61;63;71,Equip Failure;Ran Off Road-Right;EMBANKMENT EARTH,MM 1 0 I 440,NASHVILLE,TN,37205,5234,WEST,36.1438,-86.8226,POINT (-86.8226 36.1438)
20190067984,01/26/2019 07:04:00 AM,2,1,0,,N,311804,4,ANGLE,21,CLEAR,1,DAYLIGHT,1;12,MOTOR VEHICLE IN TRANSPORT,CHARLOTTE AV & ROSA L PARKS BLVD,NASHVILLE,TN,37203,4147,CENTRA,36.1634,-86.7876,POINT (-86.7876 36.1634)
20190147577,02/23/2019 12:59:00 PM,1,1,0,,N,311325,0,NOT COLLISION W/MOTOR VEHICLE-TRANSPORT,2,RAIN,1,DAYLIGHT,36,CONCRETE TRAFFIC BARRIER,BRILEY PKWYN & BRILEY PKWYS,NASHVILLE,TN,37211,8404,SOUTH,36.1092,-86.727,POINT (-86.727 36.1092)
20190277084,04/10/2019 10:24:00 PM,3,0,0,,Y,352211,11,Front to Rear,21,CLEAR,3,DARK - LIGHTED,12,MOTOR VEHICLE IN TRANSPORT,MM 49 0 I 24,NASHVILLE,TN,37206,10040,EAST,36.1664,-86.7647,POINT (-86.7647 36.1664)
20190254634,04/02/2019 05:03:00 PM,2,0,0,,Y,320597,11,Front to Rear,21,CLEAR,1,DAYLIGHT,12,MOTOR VEHICLE IN TRANSPORT,UNA ANTIOCH PKE & PEPPER RIDGE CIR,ANTIOCH,TN,37013,8861,SOUTH,36.0746,-86.6628,POINT (-86.6628 36.0746)
20190359267,05/10/2019 12:55:00 PM,2,0,0,,N,134899,5,SIDESWIPE - SAME DIRECTION,21,CLEAR,1,DAYLIGHT,12;14,MOTOR VEHICLE IN TRANSPORT;PARKED MOTOR VEHICLE,LEBANON PKE & PARK DR,NASHVILLE,TN,37214,9307,HERMIT,36.1697,-86.677,POINT (-86.677 36.1697)
20190068732,01/26/2019 04:16:00 PM,2,0,0,,Y,212343,5,SIDESWIPE - SAME DIRECTION,21,CLEAR,1,DAYLIGHT,12,MOTOR VEHICLE IN TRANSPORT,SHELBY AV & S 4TH ST,NASHVILLE,TN,37206,1009,EAST,36.167,-86.7637,POINT (-86.7637 36.167)
20190391055,05/22/2019 11:38:00 AM,3,1,0,,N,161952,11,Front to Rear,21,CLEAR,1,DAYLIGHT,12,MOTOR VEHICLE IN TRANSPORT,I24 E EXT RAMP & I 24,NASHVILLE,TN,37207,30080,NORTH,36.2378,-86.7872,POINT (-86.7872 36.2378)
20190227148,03/23/2019 10:35:00 PM,2,1,0,,N,298868,6,SIDESWIPE - OPPOSITE DIRECTION,21,CLEAR,2,DARK - NOT LIGHTED,12,MOTOR VEHICLE IN TRANSPORT,WHITLAND AV & CARDEN AV,NASHVILLE,TN,37205,6009,WEST,36.1312,-86.8309,POINT (-86.8309 36.1312)
20190185009,03/08/2019 07:20:00 PM,2,0,0,,N,402659,5,SIDESWIPE - SAME DIRECTION,2,RAIN,3,DARK - LIGHTED,12,MOTOR VEHICLE IN TRANSPORT,2ND AVS & ELM ST,NASHVILLE,TN,37210,4005,CENTRA,36.1542,-86.7702,POINT (-86.7702 36.1542)
20190106126,02/08/2019 02:42:00 PM,2,1,0,,N,267831,4,ANGLE,21,CLEAR,1,DAYLIGHT,12,MOTOR VEHICLE IN TRANSPORT,CHARLOTTE PKE & OLD CHARLOTTE PKE,NASHVILLE,TN,37209,5009,WEST,36.1318,-86.8958,POINT (-86.8958 36.1318)
20190489271,06/28/2019 05:34:00 PM,2,0,0,,N,256380,11,Front to Rear,21,CLEAR,1,DAYLIGHT,12,MOTOR VEHICLE IN TRANSPORT,ROSA L PARKS BLVD & I65 N ENT RAMP,NASHVILLE,TN,37208,4353,NORTH,36.184,-86.798,POINT (-86.798 36.184)
20190289301,04/15/2019 03:34:00 PM,2,0,0,,N,134899,5,SIDESWIPE - SAME DIRECTION,21,CLEAR,1,DAYLIGHT,12,MOTOR VEHICLE IN TRANSPORT,DODSON CHAPEL RD & OLD HICKORY BLVD,HERMITAGE,TN,37076,9561,HERMIT,36.1835,-86.6108,POINT (-86.6108 36.1835)
20190481555,06/25/2019 11:22:00 PM,2,0,0,,Y,197060,5,SIDESWIPE - SAME DIRECTION,21,CLEAR,3,DARK - LIGHTED,12,MOTOR VEHICLE IN TRANSPORT,MM 87 7 I 65,NASHVILLE,TN,37207,1804,EAST,36.2114,-86.7757,POINT (-86.7757 36.2114)
20190277975,04/11/2019 05:45:00 AM,1,0,0,Y,N,405424,0,NOT COLLISION W/MOTOR VEHICLE-TRANSPORT,21,CLEAR,2,DARK - NOT LIGHTED,27;63,H-WAY TRAFFIC SIGNAL POST;Ran Off Road-Right,MM 219 9 I 40,HERMITAGE,TN,37076,94021,HERMIT,36.1635,-86.6169,POINT (-86.6169 36.1635)
20190493744,06/30/2019 04:54:00 PM,2,0,0,,N,212346,11,Front to Rear,21,CLEAR,1,DAYLIGHT,12,MOTOR VEHICLE IN TRANSPORT,MM 209 1 I 40,NASHVILLE,TN,37203,4002,CENTRA,36.1558,-86.7892,POINT (-86.7892 36.1558)
20190090556,02/03/2019 03:00:00 AM,1,0,0,,N,320591,0,NOT COLLISION W/MOTOR VEHICLE-TRANSPORT,21,CLEAR,3,DARK - LIGHTED,42;64,TREE;Ran Off Road-Left,BELL RD & HICKORY HOLLOW LN,ANTIOCH,TN,37013,8863,SOUTH,36.0492,-86.6517,POINT (-86.6517 36.0492)
20190572529,08/01/2019 04:54:00 PM,2,1,0,,N,256423,11,Front to Rear,21,CLEAR,1,DAYLIGHT,12,MOTOR VEHICLE IN TRANSPORT,CLARKSVILLE PKE & CLIFF DR,NASHVILLE,TN,37218,3157,NORTH,36.1923,-86.8291,POINT (-86.8291 36.1923)
20190044394,01/17/2019 03:40:00 PM,2,4,0,,N,299266,4,ANGLE,2,RAIN,1,DAYLIGHT,12,MOTOR VEHICLE IN TRANSPORT,BELL RD & HICKORY HOLLOW LN,ANTIOCH,TN,37013,8863,SOUTH,36.0492,-86.6517,POINT (-86.6517 36.0492)
20190087987,02/01/2019 11:40:00 PM,2,0,0,,N,311340,4,ANGLE,21,CLEAR,3,DARK - LIGHTED,12,MOTOR VEHICLE IN TRANSPORT,CHARLOTTE AV & DR D B TODD JR BLVD,NASHVILLE,TN,37203,5505,MIDTOW,36.1581,-86.8,POINT (-86.8 36.1581)
20190342983,05/04/2019 01:00:00 PM,2,1,0,,Y,166478,4,ANGLE,22,CLOUDY,1,DAYLIGHT,12,MOTOR VEHICLE IN TRANSPORT,JEFFERSON ST & DR D B TODD JR BLVD,NASHVILLE,TN,37208,5325,NORTH,36.1694,-86.807,POINT (-86.807 36.1694)
20190016078,01/07/2019 08:54:00 AM,2,0,0,,Y,226136,4,ANGLE,21,CLEAR,1,DAYLIGHT,12,MOTOR VEHICLE IN TRANSPORT,CHURCH ST & 14TH AVN,NASHVILLE,TN,37203,5517,MIDTOW,36.1579,-86.7916,POINT (-86.7916 36.1579)
20190358880,05/10/2019 10:16:00 AM,2,0,0,,N,320601,4,ANGLE,22,CLOUDY,1,DAYLIGHT,12,MOTOR VEHICLE IN TRANSPORT,SANDPIPER LN & KESTENBAUM CT,ANTIOCH,TN,37013,8867,SOUTH,36.0457,-86.6154,POINT (-86.6154 36.0457)
20190158027,02/27/2019 07:37:00 AM,2,0,0,,Y,676834,6,SIDESWIPE - OPPOSITE DIRECTION,21,CLEAR,1,DAYLIGHT,12,MOTOR VEHICLE IN TRANSPORT,CLARKSVILLE PKE & BUENA VISTA PKE,NASHVILLE,TN,37218,3135,NORTH,36.1935,-86.8309,POINT (-86.8309 36.1935)
20190545956,07/22/2019 05:45:00 AM,2,0,0,,Y,220884,4,ANGLE,21,CLEAR,4,DAWN,13,MOTOR VEHICLE IN TRANSPORT-OTHER ROADWAY,MADISON BLVD & GALLATIN PKES,MADISON,TN,37115,1625,MADISO,36.255,-86.7152,POINT (-86.7152 36.255)
20190543374,07/20/2019 08:54:00 PM,2,0,0,,Y,200016,11,Front to Rear,21,CLEAR,2,DARK - NOT LIGHTED,12,MOTOR VEHICLE IN TRANSPORT,28TH AVN & HERMAN ST,NASHVILLE,TN,37208,5309,NORTH,36.1616,-86.8192,POINT (-86.8192 36.1616)
20190561221,07/28/2019 03:00:00 AM,2,0,0,,N,298863,4,ANGLE,21,CLEAR,3,DARK - LIGHTED,12,MOTOR VEHICLE IN TRANSPORT,3RD AVN & CHURCH ST,NASHVILLE,TN,37201,4131,CENTRA,36.164,-86.7776,POINT (-86.7776 36.164)
20190100865,02/06/2019 05:00:00 PM,1,0,0,,N,240989,0,NOT COLLISION W/MOTOR VEHICLE-TRANSPORT,2,RAIN,3,DARK - LIGHTED,18,OTHER OBJECT (NOT FIXED),MADISON ST & GALLATIN PKES,MADISON,TN,37115,1605,MADISO,36.2584,-86.7135,POINT (-86.7135 36.2584)
20190127787,02/16/2019 11:47:00 AM,2,1,0,,Y,439917,5,SIDESWIPE - SAME DIRECTION,22,CLOUDY,1,DAYLIGHT,1;12;36,MOTOR VEHICLE IN TRANSPORT;CONCRETE TRAFFIC BARRIER,MM 207 1 I 40,NASHVILLE,TN,37208,54020,NORTH,36.1698,-86.8093,POINT (-86.8093 36.1698)
20190470900,06/21/2019 10:55:00 AM,2,0,0,,N,279110,11,Front to Rear,21,CLEAR,1,DAYLIGHT,12,MOTOR VEHICLE IN TRANSPORT,I24 W EXT RAMP & I 24,NASHVILLE,TN,37211,8829,SOUTH,36.1074,-86.7197,POINT (-86.7197 36.1074)
20190275086,04/10/2019 06:55:00 AM,4,2,0,,N,716886,11,Front to Rear,21,CLEAR,1,DAYLIGHT,12,MOTOR VEHICLE IN TRANSPORT,BELL RD & CEDAR POINTE PKWY,ANTIOCH,TN,37013,8753,SOUTH,36.0449,-86.6671,POINT (-86.6671 36.0449)
20190486271,06/27/2019 03:16:00 PM,2,0,0,,N,256380,4,ANGLE,21,CLEAR,1,DAYLIGHT,12,MOTOR VEHICLE IN TRANSPORT,HAYNES PARK DR & KINGS LN,NASHVILLE,TN,37218,3105,NORTH,36.2184,-86.8342,POINT (-86.8342 36.2184)