Accident Number,Date and Time,Number of Motor Vehicles,Number of Injuries,Number of Fatalities,Property Damage,Hit and Run,Reporting Officer,Collision Type Code,Collision Type Description,Weather Code,Weather Description,Illumination Code,Illumination Description,Harmful Code,Harmful Code Description,Street Address,City,State,ZIP,RPA,Precinct,Latitude,Longitude,Mapped Location
20190058989,01/23/2019 07:54:00 AM,4,1,0,,N,191578,4,ANGLE,2,RAIN,1,DAYLIGHT,12,MOTOR VEHICLE IN TRANSPORT,ELM HILL PKE & MASSMAN DR,NASHVILLE,TN,37210,9017,HERMIT,36.1449,-86.711,POINT (-86.711 36.1449)
20190332405,04/30/2019 03:33:00 PM,2,0,0,,N,279214,4,ANGLE,21,CLEAR,1,DAYLIGHT,12,MOTOR VEHICLE IN TRANSPORT,GOLF CLUB LN & HILLSBORO PKE,NASHVILLE,TN,37215,6419,MIDTOW,36.1179,-86.81,POINT (-86.81 36.1179)
20190363751,05/12/2019 01:47:00 PM,2,0,0,,N,429185,11,Front to Rear,21,CLEAR,1,DAYLIGHT,12,MOTOR VEHICLE IN TRANSPORT,JACKSON DOWNS BLVD & LEBANON PKE,NASHVILLE,TN,37214,9403,HERMIT,36.1853,-86.6365,POINT (-86.6365 36.1853)
20190243608,03/29/2019 11:30:00 AM,2,0,0,,N,584947,5,SIDESWIPE - SAME DIRECTION,21,CLEAR,1,DAYLIGHT,12,MOTOR VEHICLE IN TRANSPORT,NOLENSVILLE PKE & WINSTON AVW,NASHVILLE,TN,37211,8661,MIDTOW,36.0718,-86.7239,POINT (-86.7239 36.0718)
20190376111,05/16/2019 07:57:00 PM,2,1,0,,N,320582,4,ANGLE,21,CLEAR,3,DARK - LIGHTED,12;39,MOTOR VEHICLE IN TRANSPORT;WALL,CLEVELAND ST & STOCKELL ST,NASHVILLE,TN,37207,1949,EAST,36.1871,-86.7694,POINT (-86.7694 36.1871)
20190062936,01/24/2019 02:26:00 PM,2,1,0,,N,256422,4,ANGLE,21,CLEAR,1,DAYLIGHT,12,MOTOR VEHICLE IN TRANSPORT,OLD HICKORY BLVD & WHITES CREEK PKE,WHITES CREEK,TN,37189,3229,NORTH,36.2657,-86.8309,POINT (-86.8309 36.2657)
20190541666,07/20/2019 12:00:00 AM,2,0,0,,Y,311340,9,UNKNOWN,21,CLEAR,2,DARK - NOT LIGHTED,14;55,PARKED MOTOR VEHICLE;Motor Vehicle-In-Motion Outside Trafficw,ELLISTON PL & 22ND AVN,NASHVILLE,TN,37203,5601,MIDTOW,36.1517,-86.8037,POINT (-86.8037 36.1517)
20190289155,04/15/2019 02:46:00 PM,2,0,0,,N,206675,11,Front to Rear,21,CLEAR,1,DAYLIGHT,12,MOTOR VEHICLE IN TRANSPORT,OLD HICKORY BLVD & S HILLVIEW DR,NASHVILLE,TN,37220,7111,MIDTOW,36.0375,-86.791,POINT (-86.791 36.0375)
20190290068,04/15/2019 09:39:00 PM,2,1,0,,N,212338,2,HEAD-ON,21,CLEAR,3,DARK - LIGHTED,12;6,MOTOR VEHICLE IN TRANSPORT,MM 1 4 I 440,NASHVILLE,TN,37209,52320,WEST,36.1496,-86.8227,POINT (-86.8227 36.1496)
20190011336,01/05/2019 05:33:00 AM,1,1,0,,N,311336,0,NOT COLLISION W/MOTOR VEHICLE-TRANSPORT,21,CLEAR,3,DARK - LIGHTED,34,DITCH,COOPER LN & DEMARIUS DR,NASHVILLE,TN,37216,1409,EAST,36.2058,-86.7107,POINT (-86.7107 36.2058)
20190037161,01/15/2019 07:03:00 AM,2,0,0,,N,439917,4,ANGLE,22,CLOUDY,1,DAYLIGHT,12;30,MOTOR VEHICLE IN TRANSPORT;UTILITY POLE,21ST AVN & JEFFERSON ST,NASHVILLE,TN,37208,5325,NORTH,36.1691,-86.8096,POINT (-86.8096 36.1691)
20190472857,06/22/2019 06:26:00 AM,2,0,0,,N,279110,98,OTHER,22,CLOUDY,1,DAYLIGHT,12,MOTOR VEHICLE IN TRANSPORT,HARDING PL & AIRPARK CENTER DR,NASHVILLE,TN,37217,8841,SOUTH,36.0929,-86.6798,POINT (-86.6798 36.0929)
20190175212,03/05/2019 04:23:00 PM,2,0,0,,N,240976,4,ANGLE,21,CLEAR,1,DAYLIGHT,12,MOTOR VEHICLE IN TRANSPORT,E TRINITY LN & GALLATIN PKE,NASHVILLE,TN,37216,1851,EAST,36.2037,-86.7399,POINT (-86.7399 36.2037)
20190422096,06/03/2019 06:21:00 AM,2,0,0,,Y,716886,5,SIDESWIPE - SAME DIRECTION,21,CLEAR,1,DAYLIGHT,12,MOTOR VEHICLE IN TRANSPORT,MM 62 6 I 24,ANTIOCH,TN,37013,8804,SOUTH,36.0137,-86.6196,POINT (-86.6196 36.0137)
20190560754,07/27/2019 09:40:00 PM,2,2,0,,N,256386,11,Front to Rear,21,CLEAR,2,DARK - NOT LIGHTED,12,MOTOR VEHICLE IN TRANSPORT,COUCHVILLE PIKE & MCCRORY CREEK RD,NASHVILLE,TN,37214,8953,HERMIT,36.1175,-86.6598,POINT (-86.6598 36.1175)
20190489099,06/28/2019 03:50:00 PM,3,0,0,,N,161939,11,Front to Rear,21,CLEAR,1,DAYLIGHT,12,MOTOR VEHICLE IN TRANSPORT,MM 6 6 I 440,NASHVILLE,TN,37210,81040,SOUTH,36.1243,-86.7447,POINT (-86.7447 36.1243)
20190426371,06/04/2019 05:06:00 PM,2,1,0,,N,197054,11,Front to Rear,21,CLEAR,1,DAYLIGHT,12,MOTOR VEHICLE IN TRANSPORT,MM 215 0 I 40,NASHVILLE,TN,37214,91021,HERMIT,36.1444,-86.6948,POINT (-86.6948 36.1444)
20190308954,04/22/2019 12:10:00 PM,2,0,0,,Y,352204,4,ANGLE,21,CLEAR,1,DAYLIGHT,12,MOTOR VEHICLE IN TRANSPORT,8TH AVS & WEDGEWOOD AV,NASHVILLE,TN,37203,6959,MIDTOW,36.1345,-86.7791,POINT (-86.7791 36.1345)
20190471221,06/21/2019 12:35:00 PM,2,0,0,,N,352183,11,Front to Rear,21,CLEAR,1,DAYLIGHT,12,MOTOR VEHICLE IN TRANSPORT,17TH AVN & CHURCH ST,NASHVILLE,TN,37203,5519,MIDTOW,36.1558,-86.7959,POINT (-86.7959 36.1558)
20190564422,07/29/2019 02:35:00 PM,2,1,0,,N,352179,2,HEAD-ON,21,CLEAR,1,DAYLIGHT,12,MOTOR VEHICLE IN TRANSPORT,DIVISION ST & MAGAZINE ST,NASHVILLE,TN,37203,4013,CENTRA,36.1509,-86.7831,POINT (-86.7831 36.1509)
20190123863,02/14/2019 11:14:00 PM,2,0,0,,Y,110062,4,ANGLE,21,CLEAR,3,DARK - LIGHTED,12,MOTOR VEHICLE IN TRANSPORT,SHELBY AV & I24 E ENT RAMP,NASHVILLE,TN,37213,1007,CENTRA,36.1662,-86.7658,POINT (-86.7658 36.1662)
20190402910,05/26/2019 08:35:00 PM,1,1,0,,N,330436,0,NOT COLLISION W/MOTOR VEHICLE-TRANSPORT,21,CLEAR,3,DARK - LIGHTED,8,PEDESTRIAN,3RD AVS & SHELBY ST PEDESTRIAN BRIDGE GR,NASHVILLE,TN,37201,4065,CENTRA,36.1605,-86.7753,POINT (-86.7753 36.1605)
20190246807,03/30/2019 07:25:00 PM,2,1,0,,N,298874,4,ANGLE,2,RAIN,3,DARK - LIGHTED,12,MOTOR VEHICLE IN TRANSPORT,GALLATIN AV & SEYMOUR AV,NASHVILLE,TN,37206,1319,EAST,36.1857,-86.7476,POINT (-86.7476 36.1857)
20190520439,07/11/2019 05:32:00 PM,2,0,0,,N,151132,11,Front to Rear,21,CLEAR,1,DAYLIGHT,12,MOTOR VEHICLE IN TRANSPORT,DICKERSON PKE & WESTCHESTER DR,NASHVILLE,TN,37207,2021,MADISO,36.2631,-86.7573,POINT (-86.7573 36.2631)
20190483812,06/26/2019 05:19:00 PM,2,0,0,,N,256380,11,Front to Rear,21,CLEAR,1,DAYLIGHT,12,MOTOR VEHICLE IN TRANSPORT,7TH AVN & MADISON ST,NASHVILLE,TN,37208,4305,NORTH,36.1741,-86.7905,POINT (-86.7905 36.1741)
20190097771,02/05/2019 05:45:00 PM,2,0,0,,N,256384,11,Front to Rear,21,CLEAR,1,DAYLIGHT,12,MOTOR VEHICLE IN TRANSPORT,I440 W ENT RAMP & I 440,NASHVILLE,TN,37210,81021,SOUTH,36.1259,-86.7322,POINT (-86.7322 36.1259)
20190413090,05/30/2019 01:35:00 PM,1,1,0,,N,633390,0,NOT COLLISION W/MOTOR VEHICLE-TRANSPORT,22,CLOUDY,1,DAYLIGHT,30,UTILITY POLE,GREENWOOD AV & CHAPEL AV,NASHVILLE,TN,37206,1323,EAST,36.1897,-86.7394,POINT (-86.7394 36.1897)
20190304928,04/20/2019 06:52:00 PM,2,0,0,,N,240979,11,Front to Rear,21,CLEAR,1,DAYLIGHT,12,MOTOR VEHICLE IN TRANSPORT,DUE WEST AVW & SAUNDERS AV,MADISON,TN,37115,1779,MADISO,36.2486,-86.7286,POINT (-86.7286 36.2486)
20190058948,01/23/2019 07:33:00 AM,2,2,0,,N,405391,11,Front to Rear,2,RAIN,1,DAYLIGHT,12,MOTOR VEHICLE IN TRANSPORT,HIGHWAY 100 & WESTHAVEN DR,NASHVILLE,TN,37221,4805,WEST,36.0348,-86.9721,POINT (-86.9721 36.0348)
20190450410,06/13/2019 05:01:00 PM,2,1,0,,N,405418,11,Front to Rear,21,CLEAR,1,DAYLIGHT,12,MOTOR VEHICLE IN TRANSPORT,OLD HICKORY BLVD & KINGSBURY DR,NASHVILLE,TN,37215,6305,MIDTOW,36.0428,-86.8403,POINT (-86.8403 36.0428)
20190237880,03/27/2019 03:17:00 PM,2,0,0,,N,716875,4,ANGLE,21,CLEAR,1,DAYLIGHT,12,MOTOR VEHICLE IN TRANSPORT,NEBRASKA AV & 45TH AVN,NASHVILLE,TN,37209,5205,WEST,36.1434,-86.8405,POINT (-86.8405 36.1434)
20190041605,01/16/2019 03:41:00 PM,2,0,0,,N,169425,11,Front to Rear,21,CLEAR,1,DAYLIGHT,12,MOTOR VEHICLE IN TRANSPORT,GLEN ECHO RD & HILLSBORO PKE,NASHVILLE,TN,37215,6107,WEST,36.1087,-86.8121,POINT (-86.8121 36.1087)
20190326646,04/28/2019 12:09:00 PM,2,2,0,,Y,279110,11,Front to Rear,21,CLEAR,1,DAYLIGHT,12,MOTOR VEHICLE IN TRANSPORT,LAFAYETTE ST & 2ND AVS,NASHVILLE,TN,37210,8201,HERMIT,36.1507,-86.768,POINT (-86.768 36.1507)
20190096092,02/05/2019 07:47:00 AM,2,0,0,,N,109534,11,Front to Rear,22,CLOUDY,1,DAYLIGHT,12,MOTOR VEHICLE IN TRANSPORT,MM 213 5 I 40,NASHVILLE,TN,37210,90062,HERMIT,36.1406,-86.7215,POINT (-86.7215 36.1406)
20190222909,03/22/2019 08:03:00 AM,2,0,0,,N,235761,11,Front to Rear,21,CLEAR,1,DAYLIGHT,12,MOTOR VEHICLE IN TRANSPORT,MM 205 6 I 40,NASHVILLE,TN,37209,5228,WEST,36.1559,-86.8271,POINT (-86.8271 36.1559)
20190189255,03/10/2019 05:35:00 PM,2,1,0,,Y,320582,11,Front to Rear,21,CLEAR,1,DAYLIGHT,12,MOTOR VEHICLE IN TRANSPORT,DOUGLAS AV & ELLINGTON PKWY S EXT RAMP,NASHVILLE,TN,37207,1875,EAST,36.1934,-86.7538,POINT (-86.7538 36.1934)
20190443251,06/11/2019 06:55:00 AM,2,0,0,,N,352186,11,Front to Rear,21,CLEAR,1,DAYLIGHT,12,MOTOR VEHICLE IN TRANSPORT,MM 32 2 I 24,JOELTON,TN,37080,23040,NORTH,36.3376,-86.9132,POINT (-86.9132 36.3376)
20190359571,05/10/2019 03:33:00 PM,3,0,0,,N,240955,11,Front to Rear,22,CLOUDY,1,DAYLIGHT,12,MOTOR VEHICLE IN TRANSPORT,NOLENSVILLE RD & BURKITT RD,NOLENSVILLE,TN,37135,8773,SOUTH,35.9912,-86.6835,POINT (-86.6835 35.9912)
20190077699,01/29/2019 08:21:00 PM,1,0,0,,Y,256501,0,NOT COLLISION W/MOTOR VEHICLE-TRANSPORT,21,CLEAR,3,DARK - LIGHTED,34,DITCH,BUENA VISTA PKE & W HAMILTON AV,NASHVILLE,TN,37207,3025,NORTH,36.218,-86.8204,POINT (-86.8204 36.218)
20190489411,06/28/2019 12:00:00 AM,2,1,0,,Y,298861,5,SIDESWIPE - SAME DIRECTION,21,CLEAR,1,DAYLIGHT,12,MOTOR VEHICLE IN TRANSPORT,MM 211 6 I 40,NASHVILLE,TN,37210,82042,HERMIT,36.1508,-86.7502,POINT (-86.7502 36.1508)
20190204316,03/15/2019 08:10:00 PM,2,0,0,,N,414731,5,SIDESWIPE - SAME DIRECTION,21,CLEAR,3,DARK - LIGHTED,12,MOTOR VEHICLE IN TRANSPORT,2ND AVN & COMMERCE ST,NASHVILLE,TN,37201,4101,CENTRA,36.163,-86.7759,POINT (-86.7759 36.163)
20190407849,05/28/2019 12:50:00 PM,2,0,0,,Y,311333,11,Front to Rear,21,CLEAR,1,DAYLIGHT,13;14,MOTOR VEHICLE IN TRANSPORT-OTHER ROADWAY;PARKED MOTOR VEHICLE,NOLENSVILLE PKE & BREWER DR,NASHVILLE,TN,37211,8715,SOUTH,36.0535,-86.715,POINT (-86.715 36.0535)
20190184483,03/08/2019 02:30:00 PM,2,1,0,,N,256427,4,ANGLE,2,RAIN,1,DAYLIGHT,12,MOTOR VEHICLE IN TRANSPORT,LAFAYETTE ST & 1ST AVS,NASHVILLE,TN,37210,8149,SOUTH,36.1495,-86.7645,POINT (-86.7645 36.1495)
20190250532,04/01/2019 09:46:00 AM,2,4,0,,N,594473,2,HEAD-ON,21,CLEAR,1,DAYLIGHT,12,MOTOR VEHICLE IN TRANSPORT,17TH AVN & CHARLOTTE AV,NASHVILLE,TN,37203,5503,MIDTOW,36.1588,-86.7982,POINT (-86.7982 36.1588)
20190110846,02/10/2019 06:40:00 PM,2,0,0,,N,298860,4,ANGLE,2,RAIN,2,DARK - NOT LIGHTED,13,MOTOR VEHICLE IN TRANSPORT-OTHER ROADWAY,STEWARTS FERRY PKE & LEBANON PKE,NASHVILLE,TN,37214,9401,HERMIT,36.1684,-86.6569,POINT (-86.6569 36.1684)
20190041810,01/16/2019 05:14:00 PM,3,0,0,,N,256389,11,Front to Rear,21,CLEAR,3,DARK - LIGHTED,12,MOTOR VEHICLE IN TRANSPORT,MM 81 9 I 65,NASHVILLE,TN,37203,80060,MIDTOW,36.1419,-86.7766,POINT (-86.7766 36.1419)
20190319975,04/25/2019 12:00:00 AM,2,0,0,,Y,311333,11,Front to Rear,22,CLOUDY,1,DAYLIGHT,12,MOTOR VEHICLE IN TRANSPORT,ASHEFORD TRC & CEDAR ASH CRSG,ANTIOCH,TN,37013,8867,SOUTH,36.0444,-86.6272,POINT (-86.6272 36.0444)
20190418668,06/01/2019 02:04:00 PM,2,1,0,,N,306231,5,SIDESWIPE - SAME DIRECTION,21,CLEAR,1,DAYLIGHT,12,MOTOR VEHICLE IN TRANSPORT,MM 84 8 I 65,NASHVILLE,TN,37208,43021,NORTH,36.1768,-86.8008,POINT (-86.8008 36.1768)
20190525243,07/13/2019 06:36:00 PM,1,1,0,,N,468097,0,NOT COLLISION W/MOTOR VEHICLE-TRANSPORT,2,RAIN,1,DAYLIGHT,42,TREE,4503 CHANDLER RD,HERMITAGE,TN,37076,9523,HERMIT,36.1964,-86.5973,POINT (-86.5973 36.1964)
20190269400,04/08/2019 07:59:00 AM,2,0,0,,N,591936,11,Front to Rear,2,RAIN,1,DAYLIGHT,12,MOTOR VEHICLE IN TRANSPORT,I65 ENT RAMP & I 440,NASHVILLE,TN,37204,81061,MIDTOW,36.1189,-86.7675,POINT (-86.7675 36.1189)
20190241135,03/28/2019 03:52:00 PM,2,0,0,,N,716875,4,ANGLE,21,CLEAR,1,DAYLIGHT,12,MOTOR VEHICLE IN TRANSPORT,WHITE BRIDGE PKE & LENOX AV,NASHVILLE,TN,37209,5103,WEST,36.1493,-86.8579,POINT (-86.8579 36.1493)
20190019494,01/08/2019 03:41:00 PM,3,1,0,,N,834813,11,Front to Rear,21,CLEAR,1,DAYLIGHT,12,MOTOR VEHICLE IN TRANSPORT,WHITES CREEK PKE & GREENBRIER RD,JOELTON,TN,37080,2303,NORTH,36.3421,-86.8717,POINT (-86.8717 36.3421)
20190115617,02/12/2019 10:20:00 AM,2,2,0,,N,226600,11,Front to Rear,2,RAIN,1,DAYLIGHT,12,MOTOR VEHICLE IN TRANSPORT,OLD HICKORY BLVD & HILLSBORO PKE,NASHVILLE,TN,37221,6215,WEST,36.0476,-86.8637,POINT (-86.8637 36.0476)
20190400204,05/25/2019 12:48:00 PM,2,0,0,,N,311799,11,Front to Rear,21,CLEAR,1,DAYLIGHT,12,MOTOR VEHICLE IN TRANSPORT,MM 39 8 I 24,WHITES CREEK,TN,37189,3314,NORTH,36.2853,-86.8083,POINT (-86.8083 36.2853)
20190448967,06/13/2019 06:47:00 AM,4,0,0,,N,352186,11,Front to Rear,21,CLEAR,1,DAYLIGHT,12,MOTOR VEHICLE IN TRANSPORT,MM 39 4 I 24,WHITES CREEK,TN,37189,3314,NORTH,36.2912,-86.8102,POINT (-86.8102 36.2912)
20190512681,07/08/2019 06:21:00 PM,3,0,0,,N,267831,11,Front to Rear,21,CLEAR,1,DAYLIGHT,12,MOTOR VEHICLE IN TRANSPORT,HIGHWAY 100 & OLD HICKORY BLVD,NASHVILLE,TN,37221,6213,WEST,36.0609,-86.9153,POINT (-86.9153 36.0609)
20190482996,06/26/2019 09:00:00 AM,1,0,0,,N,226622,0,NOT COLLISION W/MOTOR VEHICLE-TRANSPORT,21,CLEAR,1,DAYLIGHT,42;63,TREE;Ran Off Road-Right,CHARLOTTE PKE & WEST PARK PVTDR,NASHVILLE,TN,37209,4701,WEST,36.1211,-86.9166,POINT (-86.9166 36.1211)
20190350989,05/07/2019 04:01:00 PM,1,1,0,,N,279194,0,NOT COLLISION W/MOTOR VEHICLE-TRANSPORT,21,CLEAR,1,DAYLIGHT,8,PEDESTRIAN,21ST AVN & HEIMAN ST,NASHVILLE,TN,37208,4481,NORTH,36.1711,-86.8099,POINT (-86.8099 36.1711)
20190475848,06/23/2019 10:03:00 PM,2,2,0,,N,226175,4,ANGLE,2,RAIN,3,DARK - LIGHTED,12,MOTOR VEHICLE IN TRANSPORT,HIGHWAY 100 & COLLINS RD,NASHVILLE,TN,37221,4807,WEST,36.0438,-86.9589,POINT (-86.9589 36.0438)
20190222721,03/22/2019 06:24:00 AM,1,0,0,,N,332253,0,NOT COLLISION W/MOTOR VEHICLE-TRANSPORT,21,CLEAR,9,UNKNOWN,50,DEER (ANIMAL),LICKTON PKE & LICKTON PKE PVTDR,WHITES CREEK,TN,37189,3301,NORTH,36.2923,-86.811,POINT (-86.811 36.2923)
20190309327,04/22/2019 03:00:00 PM,1,0,0,Y,N,134899,0,NOT COLLISION W/MOTOR VEHICLE-TRANSPORT,21,CLEAR,1,DAYLIGHT,40,MAIL BOX,RETREAT CTW & JACKSONS VALLEY RD,HERMITAGE,TN,37076,9559,HERMIT,36.1865,-86.6018,POINT (-86.6018 36.1865)
20190346356,05/06/2019 05:20:00 AM,1,0,0,,N,177482,0,NOT COLLISION W/MOTOR VEHICLE-TRANSPORT,21,CLEAR,3,DARK - LIGHTED,39,WALL,WOODMONT BLVD & HARDING PKE,NASHVILLE,TN,37205,6021,WEST,36.1245,-86.8472,POINT (-86.8472 36.1245)
20190369729,05/14/2019 06:30:00 PM,2,1,0,,N,206675,11,Front to Rear,21,CLEAR,1,DAYLIGHT,12,MOTOR VEHICLE IN TRANSPORT,MUSIC SQE & MUSIC CIRN,NASHVILLE,TN,37203,6717,MIDTOW,36.1503,-86.7919,POINT (-86.7919 36.1503)
20190571228,08/01/2019 05:20:00 AM,1,1,0,Y,N,352209,0,NOT COLLISION W/MOTOR VEHICLE-TRANSPORT,21,CLEAR,4,DAWN,30;47,UTILITY POLE;FIRE HYDRANT,COWAN ST & COWAN CT,NASHVILLE,TN,37207,1955,CENTRA,36.185,-86.7769,POINT (-86.7769 36.185)
20190517243,07/10/2019 01:14:00 PM,2,1,0,,N,134899,4,ANGLE,21,CLEAR,1,DAYLIGHT,12,MOTOR VEHICLE IN TRANSPORT,LEBANON PKE & JUAREZ DR,HERMITAGE,TN,37076,9531,HERMIT,36.1927,-86.6237,POINT (-86.6237 36.1927)
20190329163,04/29/2019 01:39:00 PM,2,1,0,,N,311325,5,SIDESWIPE - SAME DIRECTION,21,CLEAR,1,DAYLIGHT,12,MOTOR VEHICLE IN TRANSPORT,OPRY MILLS DR & BRILEY PKWYS,NASHVILLE,TN,37214,9209,HERMIT,36.2033,-86.6899,POINT (-86.6899 36.2033)
20190364080,05/12/2019 05:19:00 PM,2,0,0,,N,311332,11,Front to Rear,21,CLEAR,1,DAYLIGHT,12,MOTOR VEHICLE IN TRANSPORT,OLD HICKORY BLVD & RIDGELAKE PKWY,NASHVILLE,TN,37205,4903,WEST,36.0974,-86.9249,POINT (-86.9249 36.0974)
20190254165,04/02/2019 02:21:00 PM,2,1,0,Y,N,212343,11,Front to Rear,21,CLEAR,1,DAYLIGHT,14;18;39,PARKED MOTOR VEHICLE;OTHER OBJECT (NOT FIXED);WALL,2ND AVN & JAMES ROBERTSON PKWY,NASHVILLE,TN,37201,4201,CENTRA,36.1681,-86.779,POINT (-86.779 36.1681)
20190343308,05/04/2019 04:55:00 PM,2,1,0,,N,299241,11,Front to Rear,21,CLEAR,1,DAYLIGHT,12,MOTOR VEHICLE IN TRANSPORT,OLD HICKORY BLVD & BURNING TREE DR,HERMITAGE,TN,37076,9557,HERMIT,36.1742,-86.6019,POINT (-86.6019 36.1742)
20190265459,04/06/2019 03:12:00 PM,2,0,0,,N,320580,5,SIDESWIPE - SAME DIRECTION,21,CLEAR,1,DAYLIGHT,12,MOTOR VEHICLE IN TRANSPORT,MM 51 6 I 24,NASHVILLE,TN,37210,82061,HERMIT,36.1403,-86.7313,POINT (-86.7313 36.1403)
20190037876,01/15/2019 12:13:00 PM,2,0,0,,N,109534,11,Front to Rear,22,CLOUDY,1,DAYLIGHT,12,MOTOR VEHICLE IN TRANSPORT,SAUNDERSVILLE RD & SHUTE LN,OLD HICKORY,TN,37138,9721,HERMIT,36.2263,-86.6032,POINT (-86.6032 36.2263)
20190014287,01/06/2019 04:50:00 PM,2,0,0,,N,330419,11,Front to Rear,21,CLEAR,5,DUSK,12,MOTOR VEHICLE IN TRANSPORT,HIGHWAY 70S & COLEY DAVIS RD,NASHVILLE,TN,37221,4811,WEST,36.0796,-86.9536,POINT (-86.9536 36.0796)
20190156308,02/26/2019 04:17:00 PM,2,0,0,,N,279124,11,Front to Rear,21,CLEAR,1,DAYLIGHT,12,MOTOR VEHICLE IN TRANSPORT,MURFREESBORO PKE & EZELL PKE,NASHVILLE,TN,37217,8949,HERMIT,36.1058,-86.6723,POINT (-86.6723 36.1058)
20190469087,06/20/2019 04:00:00 AM,2,0,0,,Y,717341,4,ANGLE,21,CLEAR,3,DARK - LIGHTED,14,PARKED MOTOR VEHICLE,BELL RD & CANE RIDGE RD,ANTIOCH,TN,37013,8753,SOUTH,36.0449,-86.6631,POINT (-86.6631 36.0449)
20190171304,03/04/2019 12:00:00 PM,4,0,0,,N,223502,0,NOT COLLISION W/MOTOR VEHICLE-TRANSPORT,21,CLEAR,1,DAYLIGHT,18;60,OTHER OBJECT (NOT FIXED);Cargo Equip Loss/Shift,MM 52 0 I 24,NASHVILLE,TN,37217,8816,SOUTH,36.1329,-86.7267,POINT (-86.7267 36.1329)
20190435356,06/07/2019 11:05:00 PM,2,0,0,,N,909497,4,ANGLE,2,RAIN,2,DARK - NOT LIGHTED,12,MOTOR VEHICLE IN TRANSPORT,OLD HICKORY BLVD & CENTRAL PKE,HERMITAGE,TN,37076,9557,HERMIT,36.1676,-86.7787,POINT (-86.7787 36.1676)
20190480598,06/25/2019 04:27:00 PM,2,0,0,,N,311327,5,SIDESWIPE - SAME DIRECTION,21,CLEAR,1,DAYLIGHT,12,MOTOR VEHICLE IN TRANSPORT,S 5TH ST & SPRING ST,NASHVILLE,TN,37206,1109,EAST,36.1726,-86.7652,POINT (-86.7652 36.1726)
20190434935,06/07/2019 01:29:00 PM,2,0,0,,N,725756,11,Front to Rear,22,CLOUDY,1,DAYLIGHT,12,MOTOR VEHICLE IN TRANSPORT,HIGHWAY 70S & BELLEVUE CTR PVTDR,NASHVILLE,TN,37221,4811,WEST,36.0785,-86.9508,POINT (-86.9508 36.0785)
20190099237,02/06/2019 05:33:00 AM,2,0,0,,Y,330420,5,SIDESWIPE - SAME DIRECTION,21,CLEAR,3,DARK - LIGHTED,14,PARKED MOTOR VEHICLE,OLD HICKORY BLVD & FIRESTONE PKWY,ANTIOCH,TN,37013,8867,SOUTH,36.017,-86.6199,POINT (-86.6199 36.017)
20190185378,03/08/2019 10:42:00 PM,2,0,0,,N,110064,4,ANGLE,2,RAIN,3,DARK - LIGHTED,12,MOTOR VEHICLE IN TRANSPORT,MM 54 2 I 24,NASHVILLE,TN,37211,88122,SOUTH,36.1038,-86.7151,POINT (-86.7151 36.1038)
20190371879,05/15/2019 12:05:00 PM,2,2,0,Y,N,716886,6,SIDESWIPE - OPPOSITE DIRECTION,2,RAIN,1,DAYLIGHT,12,MOTOR VEHICLE IN TRANSPORT,CANE RIDGE RD & HEARTHSIDE WAY,ANTIOCH,TN,37013,8765,SOUTH,36.025,-86.6463,POINT (-86.6463 36.025)
20190327421,04/28/2019 12:00:00 AM,2,0,0,,N,298868,5,SIDESWIPE - SAME DIRECTION,21,CLEAR,2,DARK - NOT LIGHTED,12,MOTOR VEHICLE IN TRANSPORT,CHARLOTTE AV & 48TH AVN,NASHVILLE,TN,37209,5127,WEST,36.1521,-86.8449,POINT (-86.8449 36.1521)
20190547252,07/22/2019 04:36:00 PM,1,0,0,,N,256411,0,NOT COLLISION W/MOTOR VEHICLE-TRANSPORT,2,RAIN,1,DAYLIGHT,39,WALL,BRILEY PKWYW & BRILEY PKWYE,NASHVILLE,TN,37218,3216,NORTH,36.2254,-86.8638,POINT (-86.8638 36.2254)
20190457596,06/16/2019 05:05:00 PM,3,1,0,,N,267831,11,Front to Rear,21,CLEAR,1,DAYLIGHT,12,MOTOR VEHICLE IN TRANSPORT,WOODMONT BLVD & HILLDALE DR,NASHVILLE,TN,37215,6103,WEST,36.1156,-86.8275,POINT (-86.8275 36.1156)
20190359585,05/10/2019 12:00:00 AM,2,0,0,,N,298877,4,ANGLE,21,CLEAR,1,DAYLIGHT,12,MOTOR VEHICLE IN TRANSPORT,MURFREESBORO PKE & LESTER AV,NASHVILLE,TN,37210,8211,HERMIT,36.1456,-86.7529,POINT (-86.7529 36.1456)
20190090571,02/03/2019 12:00:00 AM,1,0,0,,Y,299274,9,UNKNOWN,22,CLOUDY,3,DARK - LIGHTED,99,UNKNOWN MOST HARMFUL EVENT,I40 E EXT RAMP & I 40,NASHVILLE,TN,37214,8955,HERMIT,36.155,-86.6271,POINT (-86.6271 36.155)
20190130574,02/17/2019 06:55:00 PM,2,0,0,,Y,212315,11,Front to Rear,2,RAIN,1,DAYLIGHT,12,MOTOR VEHICLE IN TRANSPORT,4TH AVS & PEABODY ST,NASHVILLE,TN,37201,4047,CENTRA,36.1566,-86.7744,POINT (-86.7744 36.1566)
20190285311,04/14/2019 01:14:00 AM,1,0,0,,N,320591,0,NOT COLLISION W/MOTOR VEHICLE-TRANSPORT,2,RAIN,2,DARK - NOT LIGHTED,36;7,CONCRETE TRAFFIC BARRIER,MM 57 6 I 24,ANTIOCH,TN,37013,87060,SOUTH,36.0629,-86.6829,POINT (-86.6829 36.0629)