Accident Number,Date and Time,Number of Motor Vehicles,Number of Injuries,Number of Fatalities,Property Damage,Hit and Run,Reporting Officer,Collision Type Code,Collision Type Description,Weather Code,Weather Description,Illumination Code,Illumination Description,Harmful Code,Harmful Code Description,Street Address,City,State,ZIP,RPA,Precinct,Latitude,Longitude,Mapped Location
20190505739,07/05/2019 04:37:00 AM,2,0,0,,N,309263,4,ANGLE,21,CLEAR,3,DARK - LIGHTED,12,MOTOR VEHICLE IN TRANSPORT,MM 88 0 I 65,NASHVILLE,TN,37207,18041,EAST,36.2165,-86.775,POINT (-86.775 36.2165)
20190228663,03/24/2019 04:13:00 PM,2,0,0,,N,179583,5,SIDESWIPE - SAME DIRECTION,21,CLEAR,1,DAYLIGHT,12,MOTOR VEHICLE IN TRANSPORT,MM 213 0 I 40,NASHVILLE,TN,37210,8219,HERMIT,36.1407,-86.7323,POINT (-86.7323 36.1407)
20190049354,01/19/2019 10:55:00 AM,2,0,0,,N,620072,5,SIDESWIPE - SAME DIRECTION,2,RAIN,1,DAYLIGHT,12,MOTOR VEHICLE IN TRANSPORT,MUSIC SQE & DIVISION ST,NASHVILLE,TN,37203,6733,MIDTOW,36.1518,-86.7916,POINT (-86.7916 36.1518)
20190205886,03/16/2019 02:51:00 PM,2,0,0,,Y,716886,4,ANGLE,21,CLEAR,1,DAYLIGHT,12,MOTOR VEHICLE IN TRANSPORT,BROADWAY & 4TH AVN,NASHVILLE,TN,37203,4091,CENTRA,36.161,-86.7772,POINT (-86.7772 36.161)
20190189400,03/10/2019 08:26:00 PM,2,0,0,,N,197435,11,Front to Rear,21,CLEAR,3,DARK - LIGHTED,14,PARKED MOTOR VEHICLE,GRINSTEAD PL & MALQUIN DR,NASHVILLE,TN,37216,1801,EAST,36.2302,-86.7303,POINT (-86.7303 36.2302)
20190218810,03/21/2019 01:10:00 AM,2,0,0,,Y,493301,11,Front to Rear,21,CLEAR,3,DARK - LIGHTED,12,MOTOR VEHICLE IN TRANSPORT,I40 W EXT RAMP & I 40,NASHVILLE,TN,37203,4119,CENTRA,36.1574,-86.79,POINT (-86.79 36.1574)
20190027737,01/11/2019 12:22:00 PM,2,0,0,,N,676834,11,Front to Rear,21,CLEAR,1,DAYLIGHT,12,MOTOR VEHICLE IN TRANSPORT,MM 87 0 I 65,NASHVILLE,TN,37207,18020,EAST,36.2018,-86.7766,POINT (-86.7766 36.2018)
20190565209,07/29/2019 09:59:00 PM,2,0,0,,Y,256374,11,Front to Rear,21,CLEAR,3,DARK - LIGHTED,12,MOTOR VEHICLE IN TRANSPORT,HAMILTON CHURCH RD & MT VIEW RD,ANTIOCH,TN,37013,8927,SOUTH,36.0594,-86.5997,POINT (-86.5997 36.0594)
20190578229,08/03/2019 10:20:00 PM,2,1,0,,N,299269,6,SIDESWIPE - OPPOSITE DIRECTION,21,CLEAR,2,DARK - NOT LIGHTED,12,MOTOR VEHICLE IN TRANSPORT,KNIGHT DR & EWING DR,NASHVILLE,TN,37207,3023,NORTH,36.2316,-86.804,POINT (-86.804 36.2316)
20190295977,04/17/2019 02:15:00 PM,2,0,0,,N,665896,5,SIDESWIPE - SAME DIRECTION,21,CLEAR,1,DAYLIGHT,12;14,MOTOR VEHICLE IN TRANSPORT;PARKED MOTOR VEHICLE,S 9TH ST & MAIN ST,NASHVILLE,TN,37206,1119,EAST,36.1759,-86.7572,POINT (-86.7572 36.1759)
20190148205,02/23/2019 12:00:00 AM,2,0,0,,Y,298877,11,Front to Rear,2,RAIN,3,DARK - LIGHTED,12,MOTOR VEHICLE IN TRANSPORT,RECOVERY RD & HARDING PL,NASHVILLE,TN,37211,8705,SOUTH,36.0802,-86.718,POINT (-86.718 36.0802)
20190338827,05/02/2019 06:00:00 PM,2,0,0,,Y,352197,5,SIDESWIPE - SAME DIRECTION,21,CLEAR,1,DAYLIGHT,12,MOTOR VEHICLE IN TRANSPORT,MT VIEW RD & BELL RD,ANTIOCH,TN,37013,8865,SOUTH,36.05,-86.6496,POINT (-86.6496 36.05)
20190091895,02/03/2019 09:50:00 PM,1,1,0,Y,N,212344,0,NOT COLLISION W/MOTOR VEHICLE-TRANSPORT,21,CLEAR,3,DARK - LIGHTED,1;40,MAIL BOX,ARDEE AV & MCGAVOCK PKE,NASHVILLE,TN,37216,1423,EAST,36.2119,-86.7153,POINT (-86.7153 36.2119)
20190396809,05/24/2019 07:55:00 AM,2,1,0,,N,419952,6,SIDESWIPE - OPPOSITE DIRECTION,21,CLEAR,1,DAYLIGHT,12,MOTOR VEHICLE IN TRANSPORT,HIGHWAY 70 & HARPETH RIV RIVERWALK GRNWY,NASHVILLE,TN,37221,4713,WEST,36.092,-87.0134,POINT (-87.0134 36.092)
20190084130,01/31/2019 06:00:00 PM,2,1,0,,N,256427,11,Front to Rear,21,CLEAR,3,DARK - LIGHTED,12,MOTOR VEHICLE IN TRANSPORT,MM 211 1 I 40,NASHVILLE,TN,37210,8008,HERMIT,36.1539,-86.7571,POINT (-86.7571 36.1539)
20190361838,05/11/2019 03:33:00 PM,1,0,0,,N,330431,0,NOT COLLISION W/MOTOR VEHICLE-TRANSPORT,2,RAIN,1,DAYLIGHT,36,CONCRETE TRAFFIC BARRIER,BRILEY PKWYS & BRILEY PKWYN,NASHVILLE,TN,37218,3212,NORTH,36.2142,-86.8724,POINT (-86.8724 36.2142)
20190519225,07/11/2019 07:30:00 AM,2,1,0,,N,306231,4,ANGLE,21,CLEAR,1,DAYLIGHT,12,MOTOR VEHICLE IN TRANSPORT,JEFFERSON ST & I40 E EXT RAMP,NASHVILLE,TN,37208,5321,NORTH,36.1686,-86.8132,POINT (-86.8132 36.1686)
20190093975,02/04/2019 12:30:00 PM,2,0,0,,N,642287,4,ANGLE,22,CLOUDY,1,DAYLIGHT,12,MOTOR VEHICLE IN TRANSPORT,S 6TH ST & WOODLAND ST,NASHVILLE,TN,37206,1117,EAST,36.1726,-86.7628,POINT (-86.7628 36.1726)
20190175385,03/05/2019 04:40:00 PM,2,0,0,,N,279124,5,SIDESWIPE - SAME DIRECTION,21,CLEAR,1,DAYLIGHT,12,MOTOR VEHICLE IN TRANSPORT,MURFREESBORO PKE & KERMIT DR,NASHVILLE,TN,37217,8823,HERMIT,36.1215,-86.7045,POINT (-86.7045 36.1215)
20190287579,04/15/2019 01:58:00 AM,1,0,0,,N,110064,0,NOT COLLISION W/MOTOR VEHICLE-TRANSPORT,21,CLEAR,3,DARK - LIGHTED,25,GUARDRAIL END,I440 W EXT RAMP & I 440,NASHVILLE,TN,37210,8101,SOUTH,36.1239,-86.7486,POINT (-86.7486 36.1239)
20190135968,02/19/2019 02:29:00 PM,2,0,0,,N,414711,11,Front to Rear,2,RAIN,1,DAYLIGHT,12,MOTOR VEHICLE IN TRANSPORT,MM 2 2 I 440,NASHVILLE,TN,37215,6006,WEST,36.1272,-86.8152,POINT (-86.8152 36.1272)
20190111778,02/11/2019 03:45:00 AM,2,2,0,Y,Y,298859,6,SIDESWIPE - OPPOSITE DIRECTION,2,RAIN,2,DARK - NOT LIGHTED,12;25;42;54;64,MOTOR VEHICLE IN TRANSPORT;GUARDRAIL END;TREE;Set In Motion By Motor Vehicle;Ran Off Road-Left,COUCHVILLE PKE & REYNOLDS RD,NASHVILLE,TN,37217,8947,HERMIT,36.1157,-86.6501,POINT (-86.6501 36.1157)
20190353900,05/08/2019 03:27:00 PM,2,1,0,,Y,714641,11,Front to Rear,21,CLEAR,1,DAYLIGHT,12,MOTOR VEHICLE IN TRANSPORT,SPRING ST & N 1ST ST,NASHVILLE,TN,37207,1955,CENTRA,36.177,-86.7746,POINT (-86.7746 36.177)
20190044988,01/17/2019 08:25:00 PM,3,0,0,,N,197070,2,HEAD-ON,21,CLEAR,7,Dark-Unknown Lighting,12,MOTOR VEHICLE IN TRANSPORT,MM 207 3 I 40,NASHVILLE,TN,37208,54021,NORTH,36.1703,-86.8056,POINT (-86.8056 36.1703)
20190112633,02/11/2019 11:36:00 AM,2,0,0,,N,224437,5,SIDESWIPE - SAME DIRECTION,22,CLOUDY,1,DAYLIGHT,12,MOTOR VEHICLE IN TRANSPORT,KOREAN VETERANS BLVD & 1ST AVS,NASHVILLE,TN,37201,4047,CENTRA,36.1583,-86.7719,POINT (-86.7719 36.1583)
20190108642,02/09/2019 12:00:00 AM,1,1,0,Y,N,279196,0,NOT COLLISION W/MOTOR VEHICLE-TRANSPORT,21,CLEAR,1,DAYLIGHT,1,,E CAMPBELL RD & HIGHLAND CIR,MADISON,TN,37115,1759,MADISO,36.2763,-86.7108,POINT (-86.7108 36.2763)
20190496352,07/01/2019 06:38:00 PM,2,0,0,,N,256383,11,Front to Rear,21,CLEAR,1,DAYLIGHT,12,MOTOR VEHICLE IN TRANSPORT,BELL RD & BROOK VIEW ESTATES DR,ANTIOCH,TN,37013,8755,SOUTH,36.0439,-86.6933,POINT (-86.6933 36.0439)
20190422453,06/03/2019 08:55:00 AM,2,1,0,Y,N,226622,11,Front to Rear,21,CLEAR,1,DAYLIGHT,12;40,MOTOR VEHICLE IN TRANSPORT;MAIL BOX,HIGHWAY 100 & HARPETH RIV HARPETH BEND G,NASHVILLE,TN,37221,4807,WEST,36.0516,-86.9343,POINT (-86.9343 36.0516)
20190372271,05/15/2019 02:10:00 PM,2,0,0,,Y,256389,5,SIDESWIPE - SAME DIRECTION,21,CLEAR,1,DAYLIGHT,12,MOTOR VEHICLE IN TRANSPORT,MM 209 0 I 40,NASHVILLE,TN,37203,4104,CENTRA,36.1574,-86.7903,POINT (-86.7903 36.1574)
20190079594,01/30/2019 10:00:00 AM,2,0,0,,N,226622,6,SIDESWIPE - OPPOSITE DIRECTION,21,CLEAR,1,DAYLIGHT,12,MOTOR VEHICLE IN TRANSPORT,PAGE RD & BROOKFIELD AV,NASHVILLE,TN,37205,6209,WEST,36.093,-86.868,POINT (-86.868 36.093)
20190226300,03/23/2019 02:40:00 PM,2,2,0,,N,320580,11,Front to Rear,21,CLEAR,1,DAYLIGHT,12,MOTOR VEHICLE IN TRANSPORT,MM 52 2 I 24,NASHVILLE,TN,37217,8816,SOUTH,36.1359,-86.7267,POINT (-86.7267 36.1359)
20190049356,01/19/2019 11:42:00 AM,2,0,0,,N,311339,4,ANGLE,2,RAIN,1,DAYLIGHT,12,MOTOR VEHICLE IN TRANSPORT,2ND AVS & KOREAN VETERANS BLVD,NASHVILLE,TN,37201,4047,CENTRA,36.1576,-86.7724,POINT (-86.7724 36.1576)
20190150576,02/24/2019 08:43:00 PM,2,0,0,,N,320599,4,ANGLE,21,CLEAR,2,DARK - NOT LIGHTED,12,MOTOR VEHICLE IN TRANSPORT,MURFREESBORO PKE & EZELL PKE,NASHVILLE,TN,37217,8849,SOUTH,36.1047,-86.6695,POINT (-86.6695 36.1047)
20190464721,06/19/2019 09:16:00 AM,2,0,0,,N,224790,6,SIDESWIPE - OPPOSITE DIRECTION,22,CLOUDY,1,DAYLIGHT,13,MOTOR VEHICLE IN TRANSPORT-OTHER ROADWAY,MAIN ST & N 2ND ST,NASHVILLE,TN,37213,1993,CENTRA,36.1712,-86.7706,POINT (-86.7706 36.1712)
20190155991,02/26/2019 02:20:00 PM,2,0,0,,Y,299266,4,ANGLE,21,CLEAR,1,DAYLIGHT,12,MOTOR VEHICLE IN TRANSPORT,MURFREESBORO PKE & FOREST VIEW DR,ANTIOCH,TN,37013,8865,SOUTH,36.0674,-86.6313,POINT (-86.6313 36.0674)
20190473198,06/22/2019 11:30:00 AM,2,0,0,,N,462501,5,SIDESWIPE - SAME DIRECTION,21,CLEAR,1,DAYLIGHT,12,MOTOR VEHICLE IN TRANSPORT,1ST AVS & DEMONBREUN ST,NASHVILLE,TN,37201,4049,CENTRA,36.1611,-86.7736,POINT (-86.7736 36.1611)
20190422455,06/03/2019 08:33:00 AM,4,0,0,,N,483529,4,ANGLE,21,CLEAR,1,DAYLIGHT,14,PARKED MOTOR VEHICLE,GALLATIN PKE & HART LN,NASHVILLE,TN,37216,1441,EAST,36.2116,-86.7326,POINT (-86.7326 36.2116)
20190581405,08/05/2019 10:06:00 AM,2,0,0,,N,109534,11,Front to Rear,21,CLEAR,1,DAYLIGHT,12,MOTOR VEHICLE IN TRANSPORT,I40 W EXT RAMP & I 40,NASHVILLE,TN,37203,4119,CENTRA,36.1574,-86.79,POINT (-86.79 36.1574)
20190342182,05/04/2019 02:34:00 AM,2,0,0,,Y,405424,6,SIDESWIPE - OPPOSITE DIRECTION,22,CLOUDY,3,DARK - LIGHTED,12;14,MOTOR VEHICLE IN TRANSPORT;PARKED MOTOR VEHICLE,ROBINSON RD & OLD HICKORY BUSINESS PARK,OLD HICKORY,TN,37138,9619,HERMIT,36.2666,-86.6655,POINT (-86.6655 36.2666)
20190425613,06/04/2019 11:22:00 AM,2,0,0,,N,714641,5,SIDESWIPE - SAME DIRECTION,21,CLEAR,1,DAYLIGHT,12,MOTOR VEHICLE IN TRANSPORT,CHURCH ST & PRINTERS ALY,NASHVILLE,TN,37201,4131,CENTRA,36.164,-86.7784,POINT (-86.7784 36.164)
20190238652,03/27/2019 08:52:00 PM,2,0,0,,Y,279124,4,ANGLE,21,CLEAR,3,DARK - LIGHTED,14,PARKED MOTOR VEHICLE,HORIZON PARK APTS PVTDR & PACKARD DR,NASHVILLE,TN,37211,8709,SOUTH,36.0636,-86.6901,POINT (-86.6901 36.0636)
20190269267,04/08/2019 06:52:00 AM,2,0,0,,N,279116,4,ANGLE,2,RAIN,1,DAYLIGHT,12,MOTOR VEHICLE IN TRANSPORT,MM 77 0 I 65,NASHVILLE,TN,37220,86042,MIDTOW,36.0708,-86.7697,POINT (-86.7697 36.0708)
20190193853,03/12/2019 10:30:00 AM,2,0,0,,Y,279230,5,SIDESWIPE - SAME DIRECTION,21,CLEAR,1,DAYLIGHT,12,MOTOR VEHICLE IN TRANSPORT,MURFREESBORO PKE & DONELSON PKE,NASHVILLE,TN,37217,8841,SOUTH,36.1062,-86.6731,POINT (-86.6731 36.1062)
20190106077,02/08/2019 02:30:00 PM,2,0,0,,Y,240976,5,SIDESWIPE - SAME DIRECTION,21,CLEAR,1,DAYLIGHT,12,MOTOR VEHICLE IN TRANSPORT,ELLINGTON PKWY N EXT RAMP & DOUGLAS AV,NASHVILLE,TN,37206,1933,EAST,36.1933,-86.7519,POINT (-86.7519 36.1933)
20190438708,06/09/2019 12:10:00 PM,2,4,0,,N,306231,11,Front to Rear,22,CLOUDY,1,DAYLIGHT,12,MOTOR VEHICLE IN TRANSPORT,MM 86 9 I 65,NASHVILLE,TN,37207,3002,NORTH,36.2009,-86.7768,POINT (-86.7768 36.2009)
20190323625,04/26/2019 10:22:00 PM,2,1,0,,N,212348,4,ANGLE,21,CLEAR,3,DARK - LIGHTED,12,MOTOR VEHICLE IN TRANSPORT,4TH AVS & PEABODY ST,NASHVILLE,TN,37201,4047,CENTRA,36.1566,-86.7744,POINT (-86.7744 36.1566)
20190259725,04/04/2019 11:30:00 AM,3,0,0,,N,676834,11,Front to Rear,22,CLOUDY,1,DAYLIGHT,12,MOTOR VEHICLE IN TRANSPORT,MM 208 3 I 40,NASHVILLE,TN,37203,54024,NORTH,36.166,-86.7949,POINT (-86.7949 36.166)
20190391053,05/22/2019 12:00:00 PM,3,1,0,,N,267831,4,ANGLE,21,CLEAR,1,DAYLIGHT,1;12,MOTOR VEHICLE IN TRANSPORT,HILLSBORO PKE & SHARONDALE DR,NASHVILLE,TN,,6001,WEST,,,
20190340611,05/03/2019 12:21:00 PM,2,0,0,,Y,109534,0,NOT COLLISION W/MOTOR VEHICLE-TRANSPORT,22,CLOUDY,1,DAYLIGHT,18,OTHER OBJECT (NOT FIXED),LEBANON PKE & OLD LEBANON PKE,NASHVILLE,TN,37214,9125,HERMIT,36.1678,-86.6637,POINT (-86.6637 36.1678)
20190019726,01/08/2019 05:28:00 PM,2,0,0,,N,279124,11,Front to Rear,21,CLEAR,2,DARK - NOT LIGHTED,12,MOTOR VEHICLE IN TRANSPORT,MM 59 0 I 24,ANTIOCH,TN,37013,8808,SOUTH,36.049,-86.6651,POINT (-86.6651 36.049)
20190346542,05/06/2019 07:04:00 AM,2,2,0,,N,212369,4,ANGLE,21,CLEAR,1,DAYLIGHT,13,MOTOR VEHICLE IN TRANSPORT-OTHER ROADWAY,BARRYWOOD DR & TROUSDALE DR,NASHVILLE,TN,37220,8613,MIDTOW,36.0683,-86.7593,POINT (-86.7593 36.0683)
20190453775,06/14/2019 08:40:00 PM,2,0,0,,N,151131,4,ANGLE,21,CLEAR,3,DARK - LIGHTED,12,MOTOR VEHICLE IN TRANSPORT,ED TEMPLE BLVD & JEFFERSON ST,NASHVILLE,TN,37208,4523,NORTH,36.1678,-86.8208,POINT (-86.8208 36.1678)
20190044905,01/17/2019 07:22:00 PM,2,0,0,,N,256389,4,ANGLE,21,CLEAR,3,DARK - LIGHTED,12,MOTOR VEHICLE IN TRANSPORT,OLD HICKORY BLVD & NOLENSVILLE PKE,ANTIOCH,TN,37013,8757,SOUTH,36.0455,-86.7122,POINT (-86.7122 36.0455)
20190462916,06/18/2019 05:50:00 PM,1,0,0,Y,N,420040,0,NOT COLLISION W/MOTOR VEHICLE-TRANSPORT,22,CLOUDY,1,DAYLIGHT,33,CURB,21ST AVS & WOODLAWN DR,NASHVILLE,TN,37212,6507,MIDTOW,36.1252,-86.8057,POINT (-86.8057 36.1252)
20190342752,05/03/2019 10:10:00 PM,1,0,0,,N,226168,0,NOT COLLISION W/MOTOR VEHICLE-TRANSPORT,2,RAIN,2,DARK - NOT LIGHTED,34;63,DITCH;Ran Off Road-Right,FRANKLIN LIMESTONE RD & FORGE RIDGE CIR,NASHVILLE,TN,37217,8853,SOUTH,36.0932,-86.6589,POINT (-86.6589 36.0932)
20190170499,03/04/2019 06:30:00 AM,2,0,0,,Y,320575,6,SIDESWIPE - OPPOSITE DIRECTION,21,CLEAR,1,DAYLIGHT,12,MOTOR VEHICLE IN TRANSPORT,RICHARDS RD & DOWDY DR,ANTIOCH,TN,37013,8899,SOUTH,36.0681,-86.6691,POINT (-86.6691 36.0681)
20190394578,05/23/2019 01:45:00 PM,2,0,0,,N,197435,4,ANGLE,21,CLEAR,1,DAYLIGHT,12,MOTOR VEHICLE IN TRANSPORT,DICKERSON PKE & BROADMOOR DR,NASHVILLE,TN,37207,1811,EAST,36.2294,-86.7593,POINT (-86.7593 36.2294)
20190049949,01/19/2019 06:16:00 PM,2,0,0,,Y,330412,11,Front to Rear,2,RAIN,3,DARK - LIGHTED,12,MOTOR VEHICLE IN TRANSPORT,WATTS LN & CHARLOTTE PKE,NASHVILLE,TN,37209,5025,WEST,36.1441,-86.8731,POINT (-86.8731 36.1441)
20190072491,01/28/2019 07:31:00 AM,2,0,0,,Y,212325,11,Front to Rear,21,CLEAR,1,DAYLIGHT,12,MOTOR VEHICLE IN TRANSPORT,EMMITT AV & ARGLE AV,MADISON,TN,37115,1623,MADISO,36.2518,-86.7139,POINT (-86.7139 36.2518)
20190410181,05/29/2019 12:50:00 PM,2,0,0,,N,352158,4,ANGLE,21,CLEAR,1,DAYLIGHT,12,MOTOR VEHICLE IN TRANSPORT,OCALA DR & NOLENSVILLE PKE,NASHVILLE,TN,37211,8717,SOUTH,36.0516,-86.714,POINT (-86.714 36.0516)
20190127750,02/16/2019 07:55:00 AM,2,0,0,,Y,620067,5,SIDESWIPE - SAME DIRECTION,22,CLOUDY,1,DAYLIGHT,12,MOTOR VEHICLE IN TRANSPORT,PERSIA WAY & VAN ANTWERP LN,ANTIOCH,TN,37013,8759,SOUTH,36.0229,-86.7097,POINT (-86.7097 36.0229)
20190557554,07/26/2019 11:53:00 AM,1,1,0,,Y,676834,0,NOT COLLISION W/MOTOR VEHICLE-TRANSPORT,21,CLEAR,1,DAYLIGHT,30,UTILITY POLE,WARREN ST & JEFFERSON ST,NASHVILLE,TN,37208,4243,NORTH,36.1718,-86.7957,POINT (-86.7957 36.1718)
20190415561,05/31/2019 08:31:00 AM,2,0,0,,N,320586,5,SIDESWIPE - SAME DIRECTION,21,CLEAR,1,DAYLIGHT,12,MOTOR VEHICLE IN TRANSPORT,MM 54 0 I 24,NASHVILLE,TN,37211,88122,SOUTH,36.1064,-86.7188,POINT (-86.7188 36.1064)
20190120266,02/13/2019 07:05:00 PM,2,0,0,,N,279214,11,Front to Rear,21,CLEAR,3,DARK - LIGHTED,12,MOTOR VEHICLE IN TRANSPORT,WOODMONT BLVD & GRANNY WHITE PKE,NASHVILLE,TN,37204,7007,MIDTOW,36.1116,-86.7926,POINT (-86.7926 36.1116)
20190322626,04/26/2019 01:00:00 PM,2,0,0,,Y,226622,11,Front to Rear,21,CLEAR,1,DAYLIGHT,12,MOTOR VEHICLE IN TRANSPORT,CLIFTON AV & BOYD TAYLOR PARK PVTDR,NASHVILLE,TN,37209,4549,WEST,36.1572,-86.831,POINT (-86.831 36.1572)
20190476547,06/24/2019 05:55:00 AM,1,0,0,,N,179603,0,NOT COLLISION W/MOTOR VEHICLE-TRANSPORT,2,RAIN,1,DAYLIGHT,36;63,CONCRETE TRAFFIC BARRIER;Ran Off Road-Right,BRILEY PKWYE & DOVERSIDE DR,NASHVILLE,TN,37207,20121,MADISO,36.2401,-86.7694,POINT (-86.7694 36.2401)
20190452694,06/14/2019 12:06:00 PM,2,0,0,,Y,226622,4,ANGLE,21,CLEAR,1,DAYLIGHT,12,MOTOR VEHICLE IN TRANSPORT,CENTENNIAL BLVD & BRILEY PKWY N ENT RAMP,NASHVILLE,TN,37209,4623,WEST,36.1722,-86.8651,POINT (-86.8651 36.1722)
20190435253,06/07/2019 09:49:00 PM,2,2,0,,N,256389,11,Front to Rear,22,CLOUDY,3,DARK - LIGHTED,12,MOTOR VEHICLE IN TRANSPORT,MM 2 9 I 440,NASHVILLE,TN,37212,6506,MIDTOW,36.1208,-86.8029,POINT (-86.8029 36.1208)
20190210932,03/18/2019 04:42:00 PM,1,0,0,Y,N,633391,0,NOT COLLISION W/MOTOR VEHICLE-TRANSPORT,21,CLEAR,1,DAYLIGHT,1,,OLD HICKORY BLVD & HIGHWAY 100,NASHVILLE,TN,37221,6211,WEST,36.0623,-86.9046,POINT (-86.9046 36.0623)
20190032451,01/13/2019 12:15:00 PM,2,0,0,,N,224953,5,SIDESWIPE - SAME DIRECTION,22,CLOUDY,1,DAYLIGHT,12,MOTOR VEHICLE IN TRANSPORT,MM 48 6 I 24,NASHVILLE,TN,37206,1102,EAST,36.171,-86.7676,POINT (-86.7676 36.171)
20190491675,06/29/2019 07:12:00 PM,1,1,0,,N,887598,0,NOT COLLISION W/MOTOR VEHICLE-TRANSPORT,21,CLEAR,1,DAYLIGHT,42,TREE,GRAYS POINT RD & RIDGE HILL DR,JOELTON,TN,37080,3319,NORTH,36.2869,-86.9245,POINT (-86.9245 36.2869)
20190301955,04/19/2019 12:20:00 PM,2,0,0,,N,226136,11,Front to Rear,22,CLOUDY,1,DAYLIGHT,12,MOTOR VEHICLE IN TRANSPORT,NATCHEZ TRC & WEST END AV,NASHVILLE,TN,37212,5801,MIDTOW,36.1457,-86.8098,POINT (-86.8098 36.1457)
20190331562,04/30/2019 09:35:00 AM,2,0,0,,N,278580,11,Front to Rear,21,CLEAR,1,DAYLIGHT,12,MOTOR VEHICLE IN TRANSPORT,MM 86 6 I 65,NASHVILLE,TN,37207,3002,NORTH,36.1959,-86.7761,POINT (-86.7761 36.1959)
20190522844,07/12/2019 04:18:00 PM,4,0,0,,N,206675,11,Front to Rear,21,CLEAR,1,DAYLIGHT,12,MOTOR VEHICLE IN TRANSPORT,MM 210 2 I 40,NASHVILLE,TN,37203,80021,MIDTOW,36.1493,-86.7736,POINT (-86.7736 36.1493)
20190242370,03/29/2019 01:00:00 AM,2,0,0,,N,212342,11,Front to Rear,21,CLEAR,3,DARK - LIGHTED,12,MOTOR VEHICLE IN TRANSPORT,MM 211 1 I 40,NASHVILLE,TN,37210,8008,HERMIT,36.1539,-86.7571,POINT (-86.7571 36.1539)
20190497734,07/02/2019 06:48:00 AM,2,2,0,,N,405391,4,ANGLE,21,CLEAR,1,DAYLIGHT,12,MOTOR VEHICLE IN TRANSPORT,I40 E ENT RAMP & I 40,NASHVILLE,TN,37205,4903,WEST,36.1109,-86.922,POINT (-86.922 36.1109)
20190280977,04/12/2019 07:45:00 AM,2,0,0,,Y,226622,4,ANGLE,2,RAIN,1,DAYLIGHT,12,MOTOR VEHICLE IN TRANSPORT,ROYAL OAKS CONDOS PVTDR & HARDING PKE,NASHVILLE,TN,37205,6101,WEST,36.124,-86.849,POINT (-86.849 36.124)
20190168375,03/03/2019 07:23:00 AM,1,1,0,,N,311325,0,NOT COLLISION W/MOTOR VEHICLE-TRANSPORT,2,RAIN,1,DAYLIGHT,1,,MCGAVOCK PKE & CENTURY BLVD,NASHVILLE,TN,37214,9115,HERMIT,36.177,-86.5869,POINT (-86.5869 36.177)
20190450258,06/13/2019 04:09:00 PM,2,0,0,,Y,299266,5,SIDESWIPE - SAME DIRECTION,21,CLEAR,1,DAYLIGHT,12,MOTOR VEHICLE IN TRANSPORT,BELL RD & HICKORY HOLLOW TER,ANTIOCH,TN,37013,8865,SOUTH,36.3008,-86.6948,POINT (-86.6948 36.3008)
20190017951,01/08/2019 02:50:00 AM,1,0,0,Y,N,298859,0,NOT COLLISION W/MOTOR VEHICLE-TRANSPORT,21,CLEAR,3,DARK - LIGHTED,1;30;40,UTILITY POLE;MAIL BOX,OLD HICKORY BLVD & IRIS AV,OLD HICKORY,TN,37138,9607,HERMIT,36.2415,-86.6336,POINT (-86.6336 36.2415)
20190187077,03/09/2019 02:42:00 PM,2,0,0,,Y,206959,6,SIDESWIPE - OPPOSITE DIRECTION,2,RAIN,1,DAYLIGHT,14;99,PARKED MOTOR VEHICLE;UNKNOWN MOST HARMFUL EVENT,GALLATIN PKES & MAPLE ST,MADISON,TN,37115,1607,MADISO,36.2617,-86.7124,POINT (-86.7124 36.2617)
20190203283,03/15/2019 01:31:00 PM,3,4,0,,N,191578,11,Front to Rear,21,CLEAR,1,DAYLIGHT,12,MOTOR VEHICLE IN TRANSPORT,MM 212 2 I 40,NASHVILLE,TN,37210,90041,HERMIT,36.1458,-86.7414,POINT (-86.7414 36.1458)
20190079470,01/30/2019 07:49:00 AM,2,0,0,,N,716886,11,Front to Rear,4,SNOW,1,DAYLIGHT,12,MOTOR VEHICLE IN TRANSPORT,BATTLE RD & CAROTHERS RD,NOLENSVILLE,TN,37135,8773,SOUTH,35.9849,-86.6262,POINT (-86.6262 35.9849)
20190397540,05/24/2019 01:23:00 PM,2,1,0,,Y,580819,4,ANGLE,21,CLEAR,1,DAYLIGHT,12,MOTOR VEHICLE IN TRANSPORT,JAMES ROBERTSON PKWY & INTERSTATE DR,NASHVILLE,TN,37213,1105,CENTRA,36.1714,-86.769,POINT (-86.769 36.1714)
20190348008,05/06/2019 05:12:00 PM,2,0,0,Y,N,299253,4,ANGLE,22,CLOUDY,1,DAYLIGHT,12,MOTOR VEHICLE IN TRANSPORT,DOUGLAS AV & DICKERSON PKE,NASHVILLE,TN,37207,1911,EAST,36.1945,-86.7723,POINT (-86.7723 36.1945)
20190382735,05/19/2019 12:05:00 PM,2,0,0,,N,343522,4,ANGLE,21,CLEAR,1,DAYLIGHT,12,MOTOR VEHICLE IN TRANSPORT,HARDING PKE & PERCY WARNER BLVD,NASHVILLE,TN,37221,4901,WEST,36.0843,-86.895,POINT (-86.895 36.0843)
20190335083,05/01/2019 12:51:00 PM,1,0,0,Y,N,348631,0,NOT COLLISION W/MOTOR VEHICLE-TRANSPORT,21,CLEAR,1,DAYLIGHT,31,"OTHER POST, POLE, SUPP.",1496 COUNTY HOSPITAL RD,NASHVILLE,TN,37218,3173,NORTH,36.1852,-86.8422,POINT (-86.8422 36.1852)