Accident Number,Date and Time,Number of Motor Vehicles,Number of Injuries,Number of Fatalities,Property Damage,Hit and Run,Reporting Officer,Collision Type Code,Collision Type Description,Weather Code,Weather Description,Illumination Code,Illumination Description,Harmful Code,Harmful Code Description,Street Address,City,State,ZIP,RPA,Precinct,Latitude,Longitude,Mapped Location
20190412540,05/30/2019 09:12:00 AM,2,2,0,,N,834798,4,ANGLE,21,CLEAR,1,DAYLIGHT,12;47,MOTOR VEHICLE IN TRANSPORT;FIRE HYDRANT,WEST END AV & 21ST AVN,NASHVILLE,TN,37203,5715,MIDTOW,36.1503,-86.8016,POINT (-86.8016 36.1503)
20190471683,06/21/2019 04:25:00 PM,2,0,0,,N,256380,4,ANGLE,21,CLEAR,1,DAYLIGHT,12,MOTOR VEHICLE IN TRANSPORT,CLARKSVILLE PKE & W SUMMITT AV,NASHVILLE,TN,37218,3161,NORTH,36.195,-86.8334,POINT (-86.8334 36.195)
20190191372,03/11/2019 02:20:00 PM,2,0,0,,N,134899,5,SIDESWIPE - SAME DIRECTION,21,CLEAR,1,DAYLIGHT,12,MOTOR VEHICLE IN TRANSPORT,MURFREESBORO PKE & RANSOM PL,NASHVILLE,TN,37217,8853,SOUTH,36.0892,-86.6501,POINT (-86.6501 36.0892)
20190460231,06/17/2019 05:43:00 PM,2,0,0,,Y,579971,11,Front to Rear,22,CLOUDY,1,DAYLIGHT,12,MOTOR VEHICLE IN TRANSPORT,MURFREESBORO PKE & HURRICANE CREEK BLVD,ANTIOCH,TN,37013,8869,SOUTH,36.0302,-86.5926,POINT (-86.5926 36.0302)
20190118535,02/13/2019 06:40:00 AM,1,0,0,Y,N,299243,0,NOT COLLISION W/MOTOR VEHICLE-TRANSPORT,21,CLEAR,1,DAYLIGHT,30,UTILITY POLE,OPRY PL & BROADWAY,NASHVILLE,TN,37203,4109,CENTRA,36.1609,-86.7787,POINT (-86.7787 36.1609)
20190153215,02/25/2019 06:14:00 PM,2,2,0,,Y,279124,11,Front to Rear,21,CLEAR,3,DARK - LIGHTED,12,MOTOR VEHICLE IN TRANSPORT,ANTIOCH PKE & RICHARDS RD,ANTIOCH,TN,37013,8857,SOUTH,36.0688,-86.6774,POINT (-86.6774 36.0688)
20190191668,03/11/2019 04:14:00 PM,2,0,0,,Y,279214,11,Front to Rear,21,CLEAR,1,DAYLIGHT,12,MOTOR VEHICLE IN TRANSPORT,8TH AVS & ROYCROFT PL,NASHVILLE,TN,37204,6945,MIDTOW,36.1339,-86.7791,POINT (-86.7791 36.1339)
20190148259,02/23/2019 06:12:00 PM,1,0,0,,N,206682,0,NOT COLLISION W/MOTOR VEHICLE-TRANSPORT,2,RAIN,3,DARK - LIGHTED,34,DITCH,NEELYS BEND RD & SIOUX TER,MADISON,TN,37115,1631,MADISO,36.2493,-86.6751,POINT (-86.6751 36.2493)
20190262613,04/05/2019 12:05:00 PM,2,0,0,,N,812949,5,SIDESWIPE - SAME DIRECTION,22,CLOUDY,1,DAYLIGHT,14,PARKED MOTOR VEHICLE,6TH AVN & MONROE ST,NASHVILLE,TN,37208,4323,NORTH,36.1764,-86.7903,POINT (-86.7903 36.1764)
20190281550,04/12/2019 12:05:00 PM,2,0,0,,Y,462474,5,SIDESWIPE - SAME DIRECTION,22,CLOUDY,1,DAYLIGHT,12,MOTOR VEHICLE IN TRANSPORT,OLD HICKORY BLVD & BRENTWOOD TRC,BRENTWOOD,TN,37027,8623,MIDTOW,36.0411,-86.7762,POINT (-86.7762 36.0411)
20190062964,01/24/2019 02:25:00 PM,2,0,0,,N,330445,4,ANGLE,21,CLEAR,1,DAYLIGHT,12,MOTOR VEHICLE IN TRANSPORT,ELM ST & 3RD AVS,NASHVILLE,TN,37210,4005,CENTRA,36.1537,-86.7712,POINT (-86.7712 36.1537)
20190501398,07/03/2019 11:19:00 AM,4,1,0,,N,462474,11,Front to Rear,22,CLOUDY,1,DAYLIGHT,12,MOTOR VEHICLE IN TRANSPORT,MM 209 4 I 40,NASHVILLE,TN,37203,40041,CENTRA,36.1519,-86.7866,POINT (-86.7866 36.1519)
20190354481,05/08/2019 05:14:00 PM,2,0,0,,Y,330435,4,ANGLE,21,CLEAR,3,DARK - LIGHTED,12,MOTOR VEHICLE IN TRANSPORT,BROADMOOR DR & DICKERSON PKE,NASHVILLE,TN,37207,1809,EAST,36.2294,-86.7593,POINT (-86.7593 36.2294)
20190361486,05/11/2019 10:33:00 AM,2,0,0,,Y,902543,5,SIDESWIPE - SAME DIRECTION,22,CLOUDY,1,DAYLIGHT,12,MOTOR VEHICLE IN TRANSPORT,GALLATIN PKE & SPAIN AV,NASHVILLE,TN,37216,1403,EAST,36.2001,-86.7404,POINT (-86.7404 36.2001)
20190021345,01/09/2019 08:05:00 AM,1,0,0,,Y,330431,0,NOT COLLISION W/MOTOR VEHICLE-TRANSPORT,21,CLEAR,1,DAYLIGHT,8,PEDESTRIAN,HERMITAGE AV & MIDDLETON ST,NASHVILLE,TN,37210,4033,CENTRA,36.1559,-86.767,POINT (-86.767 36.1559)
20190244127,03/29/2019 03:23:00 PM,2,1,0,,N,151132,11,Front to Rear,22,CLOUDY,1,DAYLIGHT,12,MOTOR VEHICLE IN TRANSPORT,SPRINGFIELD HWY & WILLIAMSON RD,GOODLETTSVILLE,TN,37072,2219,MADISO,36.3575,-86.7248,POINT (-86.7248 36.3575)
20190230312,03/25/2019 05:56:00 AM,2,0,0,,N,311804,4,ANGLE,22,CLOUDY,1,DAYLIGHT,12,MOTOR VEHICLE IN TRANSPORT,UNION ST & 7TH AVN,NASHVILLE,TN,37203,4145,CENTRA,36.1635,-86.7835,POINT (-86.7835 36.1635)
20190474042,06/22/2019 06:30:00 PM,2,0,0,,Y,330417,11,Front to Rear,21,CLEAR,1,DAYLIGHT,12;14,MOTOR VEHICLE IN TRANSPORT;PARKED MOTOR VEHICLE,GALLATIN PKEN & CUDE LN,MADISON,TN,37115,1731,MADISO,36.2998,-86.6965,POINT (-86.6965 36.2998)
20190181009,03/07/2019 10:45:00 AM,2,0,0,,N,223502,4,ANGLE,22,CLOUDY,1,DAYLIGHT,12,MOTOR VEHICLE IN TRANSPORT,NEESE DR & GLENCLIFF RD,NASHVILLE,TN,37211,8401,SOUTH,36.1071,-86.7208,POINT (-86.7208 36.1071)
20190049462,01/19/2019 01:27:00 PM,2,1,0,,Y,320586,11,Front to Rear,2,RAIN,1,DAYLIGHT,12,MOTOR VEHICLE IN TRANSPORT,HARDING PL & LINBAR DR,NASHVILLE,TN,37211,8705,SOUTH,36.0841,-86.7059,POINT (-86.7059 36.0841)
20190186825,03/09/2019 02:02:00 PM,1,0,0,,N,298864,0,NOT COLLISION W/MOTOR VEHICLE-TRANSPORT,2,RAIN,1,DAYLIGHT,36,CONCRETE TRAFFIC BARRIER,BRILEY PKWY W EXT RAMP & BRILEY PKWYW,NASHVILLE,TN,37218,3219,NORTH,36.23,-86.8304,POINT (-86.8304 36.23)
20190564737,07/29/2019 05:00:00 PM,2,0,0,,N,197054,2,HEAD-ON,21,CLEAR,1,DAYLIGHT,12,MOTOR VEHICLE IN TRANSPORT,DONELSON PKE & I40 E ENT RAMP,NASHVILLE,TN,37214,8953,HERMIT,36.1396,-86.6662,POINT (-86.6662 36.1396)
20190151207,02/25/2019 03:10:00 AM,1,1,0,Y,N,212321,0,NOT COLLISION W/MOTOR VEHICLE-TRANSPORT,21,CLEAR,2,DARK - NOT LIGHTED,30,UTILITY POLE,BURKITT RD & WHITTEMORE LN,NOLENSVILLE,TN,37135,8773,SOUTH,35.9919,-86.6548,POINT (-86.6548 35.9919)
20190537161,07/18/2019 11:22:00 AM,2,0,0,,Y,226622,4,ANGLE,22,CLOUDY,1,DAYLIGHT,12,MOTOR VEHICLE IN TRANSPORT,HILLSBORO PKE & HARDING PL,NASHVILLE,TN,,6115,WEST,,,
20190224955,03/22/2019 11:31:00 PM,1,0,0,,N,224437,0,NOT COLLISION W/MOTOR VEHICLE-TRANSPORT,21,CLEAR,2,DARK - NOT LIGHTED,1;42;64,TREE;Ran Off Road-Left,OLD HARDING PKE & BIG EAST FORK RD,NASHVILLE,TN,37221,4805,WEST,36.0018,-87.0304,POINT (-87.0304 36.0018)
20190414130,05/30/2019 05:44:00 PM,2,0,0,,Y,256380,11,Front to Rear,21,CLEAR,1,DAYLIGHT,12,MOTOR VEHICLE IN TRANSPORT,KINGS LN & TIMOTHY DR,NASHVILLE,TN,37218,3109,NORTH,36.2176,-86.8448,POINT (-86.8448 36.2176)
20190044509,01/17/2019 04:26:00 PM,2,1,0,,N,197070,11,Front to Rear,21,CLEAR,1,DAYLIGHT,12,MOTOR VEHICLE IN TRANSPORT,28TH AVN & DELAWARE AV,NASHVILLE,TN,37209,5345,NORTH,36.1562,-86.8188,POINT (-86.8188 36.1562)
20190138918,02/20/2019 02:15:00 PM,2,0,0,,N,226136,11,Front to Rear,22,CLOUDY,1,DAYLIGHT,12,MOTOR VEHICLE IN TRANSPORT,GRANNY WHITE PKE & OLD HICKORY BLVD,NASHVILLE,TN,37220,7111,MIDTOW,36.0397,-86.8164,POINT (-86.8164 36.0397)
20190526893,07/14/2019 03:30:00 PM,3,0,0,,N,330435,11,Front to Rear,21,CLEAR,1,DAYLIGHT,12,MOTOR VEHICLE IN TRANSPORT,MM 86 6 I 65,NASHVILLE,TN,37207,3002,NORTH,36.1959,-86.7761,POINT (-86.7761 36.1959)
20190015584,01/07/2019 06:55:00 AM,2,0,0,,N,109534,11,Front to Rear,21,CLEAR,1,DAYLIGHT,12,MOTOR VEHICLE IN TRANSPORT,MM 213 6 I 40,NASHVILLE,TN,37217,8802,HERMIT,36.1406,-86.7202,POINT (-86.7202 36.1406)
20190453378,06/14/2019 05:48:00 PM,2,0,0,,N,151132,5,SIDESWIPE - SAME DIRECTION,21,CLEAR,1,DAYLIGHT,12,MOTOR VEHICLE IN TRANSPORT,MM 93 4 I 65,MADISON,TN,37115,17041,MADISO,36.2806,-86.7329,POINT (-86.7329 36.2806)
20190194752,03/12/2019 04:49:00 PM,2,0,0,,N,267831,4,ANGLE,22,CLOUDY,1,DAYLIGHT,12,MOTOR VEHICLE IN TRANSPORT,44TH AVN & ELKINS AV,NASHVILLE,TN,37209,5217,WEST,36.1501,-86.8395,POINT (-86.8395 36.1501)
20190398693,05/24/2019 09:41:00 PM,1,0,0,,N,151132,0,NOT COLLISION W/MOTOR VEHICLE-TRANSPORT,22,CLOUDY,2,DARK - NOT LIGHTED,50,DEER (ANIMAL),I24 W ENT RAMP & I 65,NASHVILLE,TN,37207,18041,EAST,36.2216,-86.7738,POINT (-86.7738 36.2216)
20190276321,04/10/2019 04:21:00 PM,2,0,0,,Y,151132,11,Front to Rear,21,CLEAR,1,DAYLIGHT,12,MOTOR VEHICLE IN TRANSPORT,APPLE VALLEY RD & N GRAYCROFT AV,MADISON,TN,37115,1741,MADISO,36.2818,-86.7212,POINT (-86.7212 36.2818)
20190362645,05/11/2019 10:00:00 PM,2,0,0,,N,169414,4,ANGLE,22,CLOUDY,3,DARK - LIGHTED,12,MOTOR VEHICLE IN TRANSPORT,ASHMONT DR & EULALA DR,NASHVILLE,TN,37211,8717,SOUTH,36.0471,-86.7031,POINT (-86.7031 36.0471)
20190553264,07/24/2019 07:36:00 PM,2,1,0,,N,256386,11,Front to Rear,21,CLEAR,5,DUSK,12,MOTOR VEHICLE IN TRANSPORT,BELL RD & PRIEST WOODS DR,NASHVILLE,TN,37214,8989,HERMIT,36.1275,-86.6296,POINT (-86.6296 36.1275)
20190291647,04/16/2019 09:00:00 AM,2,0,0,,N,226622,4,ANGLE,21,CLEAR,1,DAYLIGHT,12,MOTOR VEHICLE IN TRANSPORT,CHARLOTTE AV & 48TH AVN,NASHVILLE,TN,37209,5127,WEST,36.1521,-86.8449,POINT (-86.8449 36.1521)
20190375815,05/16/2019 05:43:00 PM,2,0,0,,N,212338,4,ANGLE,21,CLEAR,1,DAYLIGHT,12,MOTOR VEHICLE IN TRANSPORT,HARDING PL & SIDCO DR,NASHVILLE,TN,37220,8601,MIDTOW,36.0819,-86.7612,POINT (-86.7612 36.0819)
20190083884,01/31/2019 04:07:00 PM,2,3,0,,N,256383,11,Front to Rear,21,CLEAR,1,DAYLIGHT,12,MOTOR VEHICLE IN TRANSPORT,MURFREESBORO PKE & PHILFRE CT,NASHVILLE,TN,37211,8803,SOUTH,36.1295,-86.7148,POINT (-86.7148 36.1295)
20190217257,03/19/2019 01:49:00 PM,2,0,0,,Y,902543,16,Rear to Side,21,CLEAR,1,DAYLIGHT,14,PARKED MOTOR VEHICLE,1 DICKERSON PKE,NASHVILLE,TN,37207,1919,EAST,36.1882,-86.7731,POINT (-86.7731 36.1882)
20190562374,07/28/2019 05:27:00 PM,1,1,0,,N,299266,0,NOT COLLISION W/MOTOR VEHICLE-TRANSPORT,21,CLEAR,1,DAYLIGHT,30;55,UTILITY POLE;Motor Vehicle-In-Motion Outside Trafficw,HARDING PL & EZELL PKE,NASHVILLE,TN,37211,8847,SOUTH,36.0892,-86.6874,POINT (-86.6874 36.0892)
20190558283,07/26/2019 05:30:00 PM,2,0,0,,Y,299257,4,ANGLE,21,CLEAR,1,DAYLIGHT,12,MOTOR VEHICLE IN TRANSPORT,MM 5 2 I 440,NASHVILLE,TN,37204,8306,MIDTOW,36.1179,-86.7684,POINT (-86.7684 36.1179)
20190103478,02/07/2019 03:30:00 PM,2,0,0,,N,256427,5,SIDESWIPE - SAME DIRECTION,21,CLEAR,1,DAYLIGHT,12,MOTOR VEHICLE IN TRANSPORT,FESSLERS LN & BONDS AV,NASHVILLE,TN,37210,9011,HERMIT,36.1486,-86.7433,POINT (-86.7433 36.1486)
20190468170,06/20/2019 01:00:00 PM,2,0,0,,N,226600,5,SIDESWIPE - SAME DIRECTION,22,CLOUDY,1,DAYLIGHT,12,MOTOR VEHICLE IN TRANSPORT,MM 202 4 I 40,NASHVILLE,TN,37209,50022,WEST,36.1439,-86.882,POINT (-86.882 36.1439)
20190368790,05/14/2019 12:31:00 PM,3,1,0,,N,226673,11,Front to Rear,21,CLEAR,1,DAYLIGHT,12,MOTOR VEHICLE IN TRANSPORT,MM 48 8 I 24,NASHVILLE,TN,37213,1104,CENTRA,36.1682,-86.7659,POINT (-86.7659 36.1682)
20190410787,05/29/2019 05:16:00 PM,2,0,0,,N,267831,5,SIDESWIPE - SAME DIRECTION,21,CLEAR,1,DAYLIGHT,12,MOTOR VEHICLE IN TRANSPORT,CHARLOTTE PKE & ORLANDO AV,NASHVILLE,TN,37209,5103,WEST,36.1505,-86.8566,POINT (-86.8566 36.1505)
20190126289,02/15/2019 07:00:00 PM,2,0,0,,N,320582,4,ANGLE,2,RAIN,3,DARK - LIGHTED,12,MOTOR VEHICLE IN TRANSPORT,DICKERSON PKE & RICHARDSON AV,NASHVILLE,TN,37207,1911,EAST,36.1916,-86.7727,POINT (-86.7727 36.1916)
20190489126,06/28/2019 04:10:00 PM,4,1,0,,N,320603,11,Front to Rear,21,CLEAR,1,DAYLIGHT,12,MOTOR VEHICLE IN TRANSPORT,HIGHWAY 100 & HESTER BEASLEY RD,NASHVILLE,TN,37221,4805,WEST,36.02,-87.0282,POINT (-87.0282 36.02)
20190442721,06/10/2019 04:31:00 PM,3,0,0,,N,544482,11,Front to Rear,21,CLEAR,1,DAYLIGHT,12,MOTOR VEHICLE IN TRANSPORT,MUSIC SQE & MUSIC CIRS,NASHVILLE,TN,37203,6719,MIDTOW,36.1496,-86.792,POINT (-86.792 36.1496)
20190462876,06/18/2019 12:00:00 AM,2,0,0,,N,212344,4,ANGLE,22,CLOUDY,1,DAYLIGHT,12,MOTOR VEHICLE IN TRANSPORT,S 5TH ST & WOODLAND ST,NASHVILLE,TN,37206,1109,EAST,36.1718,-86.7648,POINT (-86.7648 36.1718)
20190560939,07/27/2019 11:30:00 PM,2,0,0,Y,N,311800,11,Front to Rear,21,CLEAR,3,DARK - LIGHTED,12,MOTOR VEHICLE IN TRANSPORT,4TH AVS & KOREAN VETERANS BLVD,NASHVILLE,TN,37201,4047,CENTRA,36.1569,-86.7745,POINT (-86.7745 36.1569)
20190138623,02/20/2019 11:45:00 AM,2,1,0,,Y,140788,11,Front to Rear,2,RAIN,1,DAYLIGHT,12,MOTOR VEHICLE IN TRANSPORT,DOMINICAN DR & ROSA L PARKS BLVD,NASHVILLE,TN,37228,4445,NORTH,36.1879,-86.7985,POINT (-86.7985 36.1879)
20190234403,03/26/2019 11:15:00 AM,1,0,0,Y,N,320601,0,NOT COLLISION W/MOTOR VEHICLE-TRANSPORT,21,CLEAR,1,DAYLIGHT,19,BUILDING,ANTIOCH PKE & PERIMETER HILL DR,NASHVILLE,TN,37211,8889,SOUTH,36.0859,-86.6911,POINT (-86.6911 36.0859)
20190283244,04/13/2019 02:55:00 AM,2,2,0,,N,110094,4,ANGLE,21,CLEAR,2,DARK - NOT LIGHTED,12,MOTOR VEHICLE IN TRANSPORT,BROADWAY & I40 W ENT RAMP,NASHVILLE,TN,37203,4081,CENTRA,36.156,-86.7889,POINT (-86.7889 36.156)
20190159504,02/27/2019 07:04:00 PM,2,3,0,,N,151132,2,HEAD-ON,22,CLOUDY,3,DARK - LIGHTED,12,MOTOR VEHICLE IN TRANSPORT,OLD HICKORY BLVDW & DICKERSON PKE,MADISON,TN,37115,2039,MADISO,36.2692,-86.7556,POINT (-86.7556 36.2692)
20190534890,07/17/2019 03:20:00 PM,2,0,0,,N,320577,4,ANGLE,21,CLEAR,1,DAYLIGHT,12,MOTOR VEHICLE IN TRANSPORT,SIDCO DR & FONTANA AV,NASHVILLE,TN,37204,8525,MIDTOW,36.1071,-86.7557,POINT (-86.7557 36.1071)
20190531359,07/16/2019 10:18:00 AM,1,0,0,,N,224437,0,NOT COLLISION W/MOTOR VEHICLE-TRANSPORT,21,CLEAR,1,DAYLIGHT,18,OTHER OBJECT (NOT FIXED),1300 13TH AVS,NASHVILLE,TN,37203,4081,CENTRA,36.156,-86.7888,POINT (-86.7888 36.156)
20190455239,06/15/2019 01:30:00 PM,3,2,0,,N,905011,11,Front to Rear,21,CLEAR,1,DAYLIGHT,12,MOTOR VEHICLE IN TRANSPORT,HARDING PL & RICHBRIAR CIR,NASHVILLE,TN,37211,8705,SOUTH,36.0823,-86.7117,POINT (-86.7117 36.0823)
20190031314,01/12/2019 12:00:00 AM,2,0,0,,Y,240981,98,OTHER,2,RAIN,7,Dark-Unknown Lighting,55,Motor Vehicle-In-Motion Outside Trafficw,1000 N 11TH ST,NASHVILLE,TN,37206,1241,EAST,36.1781,-86.75,POINT (-86.75 36.1781)
20190236838,03/27/2019 07:35:00 AM,2,0,0,,N,225777,11,Front to Rear,21,CLEAR,1,DAYLIGHT,12,MOTOR VEHICLE IN TRANSPORT,HIGHWAY 70S & BRISTOL CREEK DR,NASHVILLE,TN,37221,4815,WEST,36.0738,-86.9298,POINT (-86.9298 36.0738)
20190313767,04/23/2019 05:16:00 PM,2,1,0,,N,256380,11,Front to Rear,21,CLEAR,1,DAYLIGHT,12,MOTOR VEHICLE IN TRANSPORT,MM 41 3 I 24,WHITES CREEK,TN,37189,3226,NORTH,36.2679,-86.7926,POINT (-86.7926 36.2679)
20190380958,05/18/2019 02:01:00 PM,2,0,0,,Y,279194,11,Front to Rear,21,CLEAR,1,DAYLIGHT,12,MOTOR VEHICLE IN TRANSPORT,28TH AVN & JEFFERSON ST,NASHVILLE,TN,37208,4525,NORTH,36.1672,-86.8206,POINT (-86.8206 36.1672)
20190280161,04/12/2019 12:00:00 AM,2,0,0,,N,191573,5,SIDESWIPE - SAME DIRECTION,21,CLEAR,3,DARK - LIGHTED,12,MOTOR VEHICLE IN TRANSPORT,8TH AVS & LAFAYETTE ST,NASHVILLE,TN,37203,4043,CENTRA,36.1546,-86.7792,POINT (-86.7792 36.1546)
20190580824,08/05/2019 07:02:00 AM,2,0,0,,Y,191578,11,Front to Rear,21,CLEAR,1,DAYLIGHT,12,MOTOR VEHICLE IN TRANSPORT,MM 220 3 I 40,HERMITAGE,TN,37076,94020,HERMIT,36.1678,-86.6098,POINT (-86.6098 36.1678)
20190558990,07/27/2019 12:27:00 AM,2,0,0,,Y,169414,5,SIDESWIPE - SAME DIRECTION,21,CLEAR,2,DARK - NOT LIGHTED,12,MOTOR VEHICLE IN TRANSPORT,MM 62 4 I24 E,ANTIOCH,TN,37013,87040,SOUTH,36.0159,-86.6224,POINT (-86.6224 36.0159)
20190286806,04/14/2019 05:34:00 PM,2,1,0,,N,524985,4,ANGLE,21,CLEAR,1,DAYLIGHT,12,MOTOR VEHICLE IN TRANSPORT,W TRINITY LN & YOUNGS LN,NASHVILLE,TN,37207,3037,NORTH,36.2061,-86.811,POINT (-86.811 36.2061)
20190109458,02/10/2019 12:36:00 AM,1,0,0,,Y,299254,0,NOT COLLISION W/MOTOR VEHICLE-TRANSPORT,21,CLEAR,3,DARK - LIGHTED,1;63;72,Ran Off Road-Right;EMBANKMENT ROCK/STONE/CONCRETE,RURAL HILL RD & RICE RD,ANTIOCH,TN,37013,8861,SOUTH,36.0673,-86.6424,POINT (-86.6424 36.0673)
20190031332,01/12/2019 11:10:00 PM,2,0,0,,N,299262,11,Front to Rear,2,RAIN,3,DARK - LIGHTED,12,MOTOR VEHICLE IN TRANSPORT,4TH AVN & BROADWAY,NASHVILLE,TN,37203,4091,CENTRA,36.161,-86.7772,POINT (-86.7772 36.161)
20190390662,05/22/2019 08:55:00 AM,2,0,0,,N,226622,4,ANGLE,21,CLEAR,1,DAYLIGHT,12,MOTOR VEHICLE IN TRANSPORT,OLD HICKORY BLVD & CHICKERING WOOD DR,NASHVILLE,TN,37215,6205,WEST,36.0479,-86.865,POINT (-86.865 36.0479)
20190514044,07/09/2019 08:54:00 AM,3,1,0,,N,226622,11,Front to Rear,21,CLEAR,1,DAYLIGHT,12,MOTOR VEHICLE IN TRANSPORT,MM 205 8 I 40,NASHVILLE,TN,37209,52042,WEST,36.1565,-86.8248,POINT (-86.8248 36.1565)
20190119299,02/13/2019 12:00:00 PM,2,1,0,,Y,226622,11,Front to Rear,21,CLEAR,1,DAYLIGHT,12,MOTOR VEHICLE IN TRANSPORT,WHITE BRIDGE PKE & CHARLOTTE PKE,NASHVILLE,TN,37209,5033,WEST,36.1494,-86.8579,POINT (-86.8579 36.1494)
20190048576,01/19/2019 01:49:00 AM,1,1,0,,Y,279203,0,NOT COLLISION W/MOTOR VEHICLE-TRANSPORT,2,RAIN,2,DARK - NOT LIGHTED,8,PEDESTRIAN,BROADWAY & 10TH AVS,NASHVILLE,TN,37203,4077,CENTRA,36.158,-86.7843,POINT (-86.7843 36.158)
20190194738,03/12/2019 04:37:00 PM,2,0,0,,N,240957,4,ANGLE,21,CLEAR,1,DAYLIGHT,12,MOTOR VEHICLE IN TRANSPORT,OLD HICKORY BLVD & HEALTH PARK DR,BRENTWOOD,TN,37027,8623,MIDTOW,36.0408,-86.7735,POINT (-86.7735 36.0408)
20190432775,06/06/2019 12:00:00 AM,2,0,0,,Y,279233,5,SIDESWIPE - SAME DIRECTION,2,RAIN,3,DARK - LIGHTED,12,MOTOR VEHICLE IN TRANSPORT,BRILEY PKWYS & I40 E EXT RAMP,NASHVILLE,TN,37209,46081,WEST,36.1556,-86.858,POINT (-86.858 36.1556)
20190212942,03/19/2019 07:30:00 AM,2,0,0,,N,676834,11,Front to Rear,21,CLEAR,1,DAYLIGHT,12,MOTOR VEHICLE IN TRANSPORT,MM 41 9 I 24,WHITES CREEK,TN,37189,20161,MADISO,36.2591,-86.7877,POINT (-86.7877 36.2591)
20190123458,02/14/2019 06:39:00 PM,2,0,0,,N,299267,11,Front to Rear,21,CLEAR,1,DAYLIGHT,12,MOTOR VEHICLE IN TRANSPORT,DIVISION ST & MUSIC SQE,NASHVILLE,TN,37203,6719,MIDTOW,36.1519,-86.7914,POINT (-86.7914 36.1519)
20190271036,04/08/2019 08:50:00 PM,2,1,0,,N,279214,11,Front to Rear,21,CLEAR,3,DARK - LIGHTED,14,PARKED MOTOR VEHICLE,MM 4 4 I 440,NASHVILLE,TN,37204,7014,MIDTOW,36.1158,-86.7827,POINT (-86.7827 36.1158)
20190060791,01/23/2019 11:16:00 PM,2,4,0,,N,197067,2,HEAD-ON,2,RAIN,2,DARK - NOT LIGHTED,12,MOTOR VEHICLE IN TRANSPORT,N 1ST ST & COWAN,NASHVILLE,TN,37213,1993,CENTRA,36.1727,-86.7738,POINT (-86.7738 36.1727)
20190449505,06/13/2019 11:10:00 AM,2,0,0,,N,693093,2,HEAD-ON,21,CLEAR,1,DAYLIGHT,12,MOTOR VEHICLE IN TRANSPORT,GALLATIN PKEN & ALTUS AV,MADISON,TN,37115,1721,MADISO,36.2896,-86.7042,POINT (-86.7042 36.2896)
20190371732,05/15/2019 10:50:00 AM,2,1,0,,N,352214,11,Front to Rear,2,RAIN,1,DAYLIGHT,12,MOTOR VEHICLE IN TRANSPORT,SMITH SPRINGS RD & UNA RECREATION RD,NASHVILLE,TN,37217,8941,HERMIT,36.0967,-86.641,POINT (-86.641 36.0967)
20190103181,02/07/2019 01:30:00 PM,3,2,0,,N,330431,11,Front to Rear,21,CLEAR,1,DAYLIGHT,12,MOTOR VEHICLE IN TRANSPORT,MM 48 3 I 24,NASHVILLE,TN,37213,11080,CENTRA,36.1722,-86.7689,POINT (-86.7689 36.1722)
20190477164,06/24/2019 12:10:00 PM,2,0,0,,N,714641,11,Front to Rear,22,CLOUDY,1,DAYLIGHT,12,MOTOR VEHICLE IN TRANSPORT,SHELBY AV & S 4TH ST,NASHVILLE,TN,37206,1009,EAST,36.167,-86.7637,POINT (-86.7637 36.167)
20190023196,01/09/2019 08:04:00 PM,1,0,0,,N,256383,0,NOT COLLISION W/MOTOR VEHICLE-TRANSPORT,21,CLEAR,2,DARK - NOT LIGHTED,60,Cargo Equip Loss/Shift,BREWER DR & WESSEX DR,NASHVILLE,TN,37211,8715,SOUTH,36.0548,-86.7078,POINT (-86.7078 36.0548)
20190171595,03/04/2019 02:00:00 PM,2,0,0,,N,279200,4,ANGLE,21,CLEAR,1,DAYLIGHT,12,MOTOR VEHICLE IN TRANSPORT,4TH AVS & KOREAN VETERANS BLVD,NASHVILLE,TN,37201,4047,CENTRA,36.1569,-86.7745,POINT (-86.7745 36.1569)
20190304482,04/20/2019 01:53:00 PM,2,0,0,,N,109527,11,Front to Rear,21,CLEAR,1,DAYLIGHT,12,MOTOR VEHICLE IN TRANSPORT,SMITH SPRINGS RD & UNA RECREATION RD,NASHVILLE,TN,37217,8941,HERMIT,36.0967,-86.641,POINT (-86.641 36.0967)
20190566766,07/30/2019 12:57:00 PM,2,0,0,,N,109534,11,Front to Rear,21,CLEAR,1,DAYLIGHT,12,MOTOR VEHICLE IN TRANSPORT,LEBANON PKE & DONELSON PKE,NASHVILLE,TN,37214,9311,HERMIT,36.1676,-86.6633,POINT (-86.6633 36.1676)
20190542547,07/20/2019 02:14:00 PM,2,1,0,,N,299257,11,Front to Rear,21,CLEAR,1,DAYLIGHT,12,MOTOR VEHICLE IN TRANSPORT,MM 79 7 I 65,NASHVILLE,TN,37204,8504,MIDTOW,36.1092,-86.7698,POINT (-86.7698 36.1092)
20190575824,08/02/2019 08:40:00 PM,2,0,0,,N,311328,5,SIDESWIPE - SAME DIRECTION,2,RAIN,3,DARK - LIGHTED,12,MOTOR VEHICLE IN TRANSPORT,UNION ST & 4TH AVN,NASHVILLE,TN,37219,4139,CENTRA,36.1651,-86.7798,POINT (-86.7798 36.1651)
20190153212,02/25/2019 06:10:00 PM,2,0,0,,N,256389,2,HEAD-ON,21,CLEAR,3,DARK - LIGHTED,12,MOTOR VEHICLE IN TRANSPORT,NOLENSVILLE PKE & YELTON CT,NASHVILLE,TN,37211,8435,SOUTH,36.0911,-86.7348,POINT (-86.7348 36.0911)