Accident Number,Date and Time,Number of Motor Vehicles,Number of Injuries,Number of Fatalities,Property Damage,Hit and Run,Reporting Officer,Collision Type Code,Collision Type Description,Weather Code,Weather Description,Illumination Code,Illumination Description,Harmful Code,Harmful Code Description,Street Address,City,State,ZIP,RPA,Precinct,Latitude,Longitude,Mapped Location
20190458837,06/17/2019 05:55:00 AM,2,0,0,,N,311343,11,Front to Rear,21,CLEAR,1,DAYLIGHT,12,MOTOR VEHICLE IN TRANSPORT,MURFREESBORO PKE & BRILEY PKWY N EXT RAM,NASHVILLE,TN,37217,8831,SOUTH,36.1178,-86.6997,POINT (-86.6997 36.1178)
20190261916,04/05/2019 06:25:00 AM,2,0,0,,N,226098,5,SIDESWIPE - SAME DIRECTION,22,CLOUDY,1,DAYLIGHT,12,MOTOR VEHICLE IN TRANSPORT,MM 33 4 I 24,JOELTON,TN,37080,3316,NORTH,36.3288,-86.8952,POINT (-86.8952 36.3288)
20190279117,04/11/2019 02:32:00 PM,2,0,0,Y,Y,281611,4,ANGLE,21,CLEAR,1,DAYLIGHT,14;55,PARKED MOTOR VEHICLE;Motor Vehicle-In-Motion Outside Trafficw,CHARLOTTE PKE & OCEOLA AV,NASHVILLE,TN,37209,5025,WEST,36.1495,-86.8605,POINT (-86.8605 36.1495)
20190136614,02/19/2019 06:07:00 PM,2,0,0,,N,279124,11,Front to Rear,2,RAIN,3,DARK - LIGHTED,12,MOTOR VEHICLE IN TRANSPORT,THOMPSON LN & NOLENSVILLE PKE,NASHVILLE,TN,37211,8425,SOUTH,36.1109,-86.7447,POINT (-86.7447 36.1109)
20190097746,02/05/2019 05:40:00 PM,2,1,0,,Y,256448,11,Front to Rear,21,CLEAR,1,DAYLIGHT,12,MOTOR VEHICLE IN TRANSPORT,I40 W EXT RAMP & STEWARTS FERRY PKE,NASHVILLE,TN,37214,9413,HERMIT,36.1565,-86.6313,POINT (-86.6313 36.1565)
20190130544,02/17/2019 06:40:00 PM,2,0,0,,N,311798,11,Front to Rear,2,RAIN,3,DARK - LIGHTED,12,MOTOR VEHICLE IN TRANSPORT,DR D B TODD JR BLVD & JEFFERSON ST,NASHVILLE,TN,37208,5325,NORTH,36.1695,-86.8067,POINT (-86.8067 36.1695)
20190376391,05/16/2019 08:00:00 PM,2,0,0,,Y,256380,11,Front to Rear,21,CLEAR,1,DAYLIGHT,12,MOTOR VEHICLE IN TRANSPORT,CLARKSVILLE PKE & 25TH AVN,NASHVILLE,TN,37208,4419,NORTH,36.1855,-86.8172,POINT (-86.8172 36.1855)
20190418510,06/01/2019 12:00:00 AM,2,0,0,,Y,352212,5,SIDESWIPE - SAME DIRECTION,99,UNKNOWN,9,UNKNOWN,12;14,MOTOR VEHICLE IN TRANSPORT;PARKED MOTOR VEHICLE,MM 52 3 I 24,NASHVILLE,TN,37217,8818,HERMIT,36.1376,-86.7268,POINT (-86.7268 36.1376)
20190187267,03/09/2019 06:42:00 PM,1,0,0,,Y,240966,0,NOT COLLISION W/MOTOR VEHICLE-TRANSPORT,2,RAIN,3,DARK - LIGHTED,36,CONCRETE TRAFFIC BARRIER,MM 47 7 I 24,NASHVILLE,TN,37207,19020,EAST,36.179,-86.7737,POINT (-86.7737 36.179)
20190511743,07/08/2019 07:16:00 AM,2,0,0,,Y,633385,11,Front to Rear,21,CLEAR,1,DAYLIGHT,12,MOTOR VEHICLE IN TRANSPORT,MM 59 3 I 24,ANTIOCH,TN,37013,87061,SOUTH,36.0459,-86.6601,POINT (-86.6601 36.0459)
20190025972,01/10/2019 08:45:00 PM,1,0,0,Y,N,876597,0,NOT COLLISION W/MOTOR VEHICLE-TRANSPORT,21,CLEAR,3,DARK - LIGHTED,32;40;72,CULVERT;MAIL BOX;EMBANKMENT ROCK/STONE/CONCRETE,REEVES RD & PAYNE RD,ANTIOCH,TN,37013,8893,SOUTH,36.0651,-86.674,POINT (-86.674 36.0651)
20190223635,03/22/2019 12:53:00 PM,5,1,0,,N,716886,5,SIDESWIPE - SAME DIRECTION,21,CLEAR,1,DAYLIGHT,12,MOTOR VEHICLE IN TRANSPORT,MURFREESBORO PKE & BRITISH WOODS DR,NASHVILLE,TN,37217,8853,SOUTH,36.0914,-86.6514,POINT (-86.6514 36.0914)
20190411199,05/29/2019 07:40:00 PM,2,0,0,,Y,206964,4,ANGLE,21,CLEAR,1,DAYLIGHT,12,MOTOR VEHICLE IN TRANSPORT,ANTIOCH PKE & SOUTHLAKE DR,NASHVILLE,TN,37211,8407,SOUTH,36.1009,-86.7307,POINT (-86.7307 36.1009)
20190226086,03/23/2019 12:00:00 PM,3,0,0,,N,298864,11,Front to Rear,21,CLEAR,1,DAYLIGHT,12,MOTOR VEHICLE IN TRANSPORT,RIO VISTA DR & STATE RT 45,MADISON,TN,37115,1705,MADISO,36.264,-86.6808,POINT (-86.6808 36.264)
20190147376,02/23/2019 10:08:00 AM,2,0,0,,Y,620067,11,Front to Rear,2,RAIN,1,DAYLIGHT,12,MOTOR VEHICLE IN TRANSPORT,MURFREESBORO PKE & LAVERGNE COUCHVILLE P,ANTIOCH,TN,37013,8869,SOUTH,36.0279,-86.5899,POINT (-86.5899 36.0279)
20190273671,04/09/2019 04:41:00 PM,1,0,0,,N,226827,0,NOT COLLISION W/MOTOR VEHICLE-TRANSPORT,21,CLEAR,1,DAYLIGHT,16,THROWN OR FALLING OBJECT,BRILEY PKWYN & OPRY MILLS DR,NASHVILLE,TN,37214,9294,HERMIT,36.1969,-86.6878,POINT (-86.6878 36.1969)
20190422779,06/03/2019 12:30:00 PM,2,0,0,,N,716886,5,SIDESWIPE - SAME DIRECTION,21,CLEAR,1,DAYLIGHT,12,MOTOR VEHICLE IN TRANSPORT,ANTIOCH PKE & PERIMETER HILL DR,NASHVILLE,TN,37211,8889,SOUTH,36.0859,-86.6911,POINT (-86.6911 36.0859)
20190233923,03/26/2019 07:15:00 AM,3,1,0,,N,262757,11,Front to Rear,21,CLEAR,1,DAYLIGHT,12,MOTOR VEHICLE IN TRANSPORT,MM 221 1 I 40,HERMITAGE,TN,37076,9504,HERMIT,36.17,-86.5958,POINT (-86.5958 36.17)
20190080530,01/30/2019 03:31:00 PM,2,0,0,,N,256379,11,Front to Rear,21,CLEAR,1,DAYLIGHT,12,MOTOR VEHICLE IN TRANSPORT,MM 54 7 I 24,NASHVILLE,TN,37211,8602,SOUTH,36.0977,-86.7096,POINT (-86.7096 36.0977)
20190223224,03/22/2019 10:20:00 AM,2,0,0,,Y,226576,11,Front to Rear,21,CLEAR,1,DAYLIGHT,12,MOTOR VEHICLE IN TRANSPORT,MM 49 2 I 24,NASHVILLE,TN,37213,1002,CENTRA,36.1637,-86.7625,POINT (-86.7625 36.1637)
20190184386,03/08/2019 01:00:00 PM,2,0,0,,N,226136,11,Front to Rear,2,RAIN,1,DAYLIGHT,12,MOTOR VEHICLE IN TRANSPORT,THOMPSON LN & LANDERS AV,NASHVILLE,TN,37211,8521,MIDTOW,36.1112,-86.7487,POINT (-86.7487 36.1112)
20190418794,06/01/2019 01:59:00 PM,2,0,0,,Y,299266,11,Front to Rear,21,CLEAR,1,DAYLIGHT,12,MOTOR VEHICLE IN TRANSPORT,BELL RD & MT VIEW RD,ANTIOCH,TN,37013,8865,SOUTH,36.05,-86.6496,POINT (-86.6496 36.05)
20190270561,04/08/2019 05:17:00 PM,2,1,0,,N,240957,11,Front to Rear,22,CLOUDY,1,DAYLIGHT,1;12;17;25;34,MOTOR VEHICLE IN TRANSPORT;BOULDER;GUARDRAIL END;DITCH,MM 76 7 I 65,NASHVILLE,TN,37220,7101,MIDTOW,36.0664,-86.7712,POINT (-86.7712 36.0664)
20190486506,06/27/2019 04:07:00 PM,2,0,0,,N,419972,5,SIDESWIPE - SAME DIRECTION,21,CLEAR,1,DAYLIGHT,12,MOTOR VEHICLE IN TRANSPORT,42ND AVN & CHARLOTTE AV,NASHVILLE,TN,37209,5217,WEST,36.1524,-86.8371,POINT (-86.8371 36.1524)
20190180572,03/07/2019 07:30:00 AM,2,0,0,,N,330411,11,Front to Rear,21,CLEAR,1,DAYLIGHT,12,MOTOR VEHICLE IN TRANSPORT,MM 1 6 I 440,NASHVILLE,TN,37209,5310,MIDTOW,36.1525,-86.8225,POINT (-86.8225 36.1525)
20190466611,06/20/2019 12:00:00 AM,1,0,0,Y,N,240981,0,NOT COLLISION W/MOTOR VEHICLE-TRANSPORT,2,RAIN,3,DARK - LIGHTED,37,Other Traffic Barrier,DAVIDSON STREET BIKE CNCTR & DAVIDSON ST,NASHVILLE,TN,37213,1001,CENTRA,36.1615,-86.766,POINT (-86.766 36.1615)
20190106652,02/08/2019 06:57:00 PM,2,0,0,,N,212343,4,ANGLE,21,CLEAR,3,DARK - LIGHTED,12,MOTOR VEHICLE IN TRANSPORT,1ST AVN & GAY ST,NASHVILLE,TN,37201,4211,CENTRA,36.1701,-86.7789,POINT (-86.7789 36.1701)
20190329705,04/29/2019 05:55:00 PM,2,2,0,,N,256426,11,Front to Rear,21,CLEAR,1,DAYLIGHT,12,MOTOR VEHICLE IN TRANSPORT,MM 212 0 I 40,NASHVILLE,TN,37210,90041,HERMIT,36.147,-86.7433,POINT (-86.7433 36.147)
20190555154,07/25/2019 12:53:00 PM,2,1,0,,Y,306231,4,ANGLE,21,CLEAR,1,DAYLIGHT,12,MOTOR VEHICLE IN TRANSPORT,WHITES CREEK PKE & GREENBRIER RD,JOELTON,TN,37080,2303,NORTH,36.3421,-86.8717,POINT (-86.8717 36.3421)
20190007097,01/03/2019 05:00:00 AM,2,0,0,,Y,240955,5,SIDESWIPE - SAME DIRECTION,22,CLOUDY,3,DARK - LIGHTED,12;14,MOTOR VEHICLE IN TRANSPORT;PARKED MOTOR VEHICLE,KIRKFIELD DR & TARMAC WAY,ANTIOCH,TN,37013,8759,SOUTH,36.0157,-86.692,POINT (-86.692 36.0157)
20190253917,04/02/2019 12:39:00 PM,4,1,0,,Y,902543,11,Front to Rear,21,CLEAR,1,DAYLIGHT,12,MOTOR VEHICLE IN TRANSPORT,DICKERSON PKE & MAPLEWOOD TRC,NASHVILLE,TN,37216,1805,EAST,36.2333,-86.7586,POINT (-86.7586 36.2333)
20190006817,01/03/2019 02:00:00 PM,2,0,0,,N,330441,11,Front to Rear,21,CLEAR,1,DAYLIGHT,12,MOTOR VEHICLE IN TRANSPORT,MM 61 4 I 24,ANTIOCH,TN,37013,87040,SOUTH,36.0259,-86.6335,POINT (-86.6335 36.0259)
20190174299,03/05/2019 10:20:00 AM,2,0,0,,N,716886,5,SIDESWIPE - SAME DIRECTION,21,CLEAR,1,DAYLIGHT,12,MOTOR VEHICLE IN TRANSPORT,PAYNE RD & GOODWIN RD,ANTIOCH,TN,37013,8893,SOUTH,36.0639,-86.6736,POINT (-86.6736 36.0639)
20190212725,03/19/2019 05:50:00 AM,2,1,0,,N,224437,11,Front to Rear,21,CLEAR,3,DARK - LIGHTED,12,MOTOR VEHICLE IN TRANSPORT,HILLSBORO PKE & GRAYBAR LN,NASHVILLE,TN,37215,6105,WEST,36.1112,-86.8113,POINT (-86.8113 36.1112)
20190401141,05/25/2019 12:00:00 AM,2,0,0,,N,320591,4,ANGLE,21,CLEAR,2,DARK - NOT LIGHTED,13,MOTOR VEHICLE IN TRANSPORT-OTHER ROADWAY,DOVER GLEN DR & EDGE O LAKE DR,ANTIOCH,TN,37013,8891,SOUTH,36.0756,-86.6478,POINT (-86.6478 36.0756)
20190169461,03/03/2019 09:32:00 PM,2,0,0,,Y,311803,5,SIDESWIPE - SAME DIRECTION,21,CLEAR,3,DARK - LIGHTED,12,MOTOR VEHICLE IN TRANSPORT,4TH AVS & LAFAYETTE ST,NASHVILLE,TN,37203,4007,CENTRA,36.1515,-86.7711,POINT (-86.7711 36.1515)
20190002976,01/02/2019 06:53:00 AM,1,0,0,,N,676834,0,NOT COLLISION W/MOTOR VEHICLE-TRANSPORT,22,CLOUDY,2,DARK - NOT LIGHTED,50,DEER (ANIMAL),CLAY LICK RD & UNION HILL RD,WHITES CREEK,TN,37189,3303,NORTH,36.3174,-86.8614,POINT (-86.8614 36.3174)
20190302552,04/19/2019 06:00:00 PM,1,4,0,,N,212345,0,NOT COLLISION W/MOTOR VEHICLE-TRANSPORT,2,RAIN,1,DAYLIGHT,1;24;42;71,GUARDRAIL FACE;TREE;EMBANKMENT EARTH,MM 86 3 I 65,NASHVILLE,TN,37207,1910,CENTRA,36.1919,-86.7808,POINT (-86.7808 36.1919)
20190190344,03/11/2019 06:33:00 AM,2,1,0,,N,226136,4,ANGLE,22,CLOUDY,4,DAWN,12,MOTOR VEHICLE IN TRANSPORT,BROADWAY & 15TH AVN,NASHVILLE,TN,37203,5701,MIDTOW,36.1552,-86.7907,POINT (-86.7907 36.1552)
20190411635,05/30/2019 12:43:00 AM,3,0,0,,N,256492,4,ANGLE,21,CLEAR,3,DARK - LIGHTED,12;14,MOTOR VEHICLE IN TRANSPORT;PARKED MOTOR VEHICLE,CANNON ST & CLAIBORNE ST,NASHVILLE,TN,37210,8209,HERMIT,36.1509,-86.7608,POINT (-86.7608 36.1509)
20190449829,06/13/2019 01:31:00 PM,1,0,0,Y,N,306231,0,NOT COLLISION W/MOTOR VEHICLE-TRANSPORT,21,CLEAR,1,DAYLIGHT,27,H-WAY TRAFFIC SIGNAL POST,MM 206 8 I 40,NASHVILLE,TN,37208,44022,NORTH,36.1684,-86.8148,POINT (-86.8148 36.1684)
20190534829,07/17/2019 03:26:00 PM,2,1,0,Y,N,256383,0,NOT COLLISION W/MOTOR VEHICLE-TRANSPORT,21,CLEAR,1,DAYLIGHT,14;33;40;43,PARKED MOTOR VEHICLE;CURB;MAIL BOX;OTHER FIXED OBJECTS,OAK FOREST DR & HIGHMEADOWS CT,ANTIOCH,TN,37013,8891,SOUTH,36.0791,-86.6491,POINT (-86.6491 36.0791)
20190130408,02/17/2019 05:05:00 PM,2,0,0,,N,110092,4,ANGLE,2,RAIN,3,DARK - LIGHTED,12,MOTOR VEHICLE IN TRANSPORT,OLD HICKORY BLVD & FELLOWSHIP LN,OLD HICKORY,TN,37138,9607,HERMIT,36.238,-86.6291,POINT (-86.6291 36.238)
20190318638,04/25/2019 06:41:00 AM,3,0,0,,N,716886,11,Front to Rear,21,CLEAR,1,DAYLIGHT,12,MOTOR VEHICLE IN TRANSPORT,THOMPSON LN & ST EDWARDS DR,NASHVILLE,TN,37211,8403,SOUTH,36.1103,-86.7383,POINT (-86.7383 36.1103)
20190395167,05/23/2019 01:14:00 PM,2,0,0,,Y,197070,4,ANGLE,21,CLEAR,1,DAYLIGHT,12,MOTOR VEHICLE IN TRANSPORT,JO JOHNSTON AV & CHARLOTTE AV,NASHVILLE,TN,37203,5357,NORTH,36.1578,-86.8029,POINT (-86.8029 36.1578)
20190397396,05/24/2019 12:11:00 PM,2,0,0,,N,311799,5,SIDESWIPE - SAME DIRECTION,21,CLEAR,1,DAYLIGHT,12,MOTOR VEHICLE IN TRANSPORT,BRILEY PKWY W EXT RAMP & BRILEY PKWYW,NASHVILLE,TN,37218,3219,NORTH,36.23,-86.8304,POINT (-86.8304 36.23)
20190550643,07/23/2019 09:58:00 PM,2,0,0,,N,299241,4,ANGLE,21,CLEAR,2,DARK - NOT LIGHTED,12,MOTOR VEHICLE IN TRANSPORT,BELL RD & OLD HICKORY BLVD,HERMITAGE,TN,37076,9545,HERMIT,36.1613,-86.5971,POINT (-86.5971 36.1613)
20190335152,05/01/2019 01:01:00 PM,2,0,0,,N,690942,11,Front to Rear,21,CLEAR,1,DAYLIGHT,12,MOTOR VEHICLE IN TRANSPORT,SHELBY AV & INTERSTATE DR,NASHVILLE,TN,37213,1007,CENTRA,36.1662,-86.7658,POINT (-86.7658 36.1662)
20190152862,02/25/2019 03:43:00 PM,1,0,0,,N,151132,0,NOT COLLISION W/MOTOR VEHICLE-TRANSPORT,21,CLEAR,1,DAYLIGHT,24;34;64,GUARDRAIL FACE;DITCH;Ran Off Road-Left,NEELYS BEND RD & KINSEY BLVD,MADISON,TN,37115,1631,MADISO,36.2512,-86.6906,POINT (-86.6906 36.2512)
20190199477,03/14/2019 07:10:00 AM,2,0,0,,Y,716886,5,SIDESWIPE - SAME DIRECTION,21,CLEAR,1,DAYLIGHT,12,MOTOR VEHICLE IN TRANSPORT,HARDING PL & SEVEN MILE CREEK HARDING MA,NASHVILLE,TN,37211,8705,SOUTH,36.0801,-86.7245,POINT (-86.7245 36.0801)
20190269588,04/08/2019 09:15:00 AM,1,0,0,,N,140788,0,NOT COLLISION W/MOTOR VEHICLE-TRANSPORT,2,RAIN,1,DAYLIGHT,63;72,Ran Off Road-Right;EMBANKMENT ROCK/STONE/CONCRETE,WHITES CREEK PKE & BEAR HOLLOW RD,JOELTON,TN,37080,3307,NORTH,36.3025,-86.8579,POINT (-86.8579 36.3025)
20190000445,01/01/2019 04:01:00 AM,2,0,0,Y,Y,197066,4,ANGLE,22,CLOUDY,3,DARK - LIGHTED,12;14;18,MOTOR VEHICLE IN TRANSPORT;PARKED MOTOR VEHICLE;OTHER OBJECT (NOT FIXED),HICKORYVIEW DR & HICKORY PLAZA DR,NASHVILLE,TN,37211,8655,MIDTOW,36.049,-86.7163,POINT (-86.7163 36.049)
20190434477,06/07/2019 12:00:00 AM,2,0,0,,N,298877,11,Front to Rear,2,RAIN,1,DAYLIGHT,12,MOTOR VEHICLE IN TRANSPORT,MM 55 3 I 24,NASHVILLE,TN,37211,8602,SOUTH,36.0913,-86.7043,POINT (-86.7043 36.0913)
20190130074,02/17/2019 12:40:00 PM,1,0,0,,N,279206,0,NOT COLLISION W/MOTOR VEHICLE-TRANSPORT,2,RAIN,1,DAYLIGHT,36,CONCRETE TRAFFIC BARRIER,I24E & I24 W ENT RAMP,NASHVILLE,TN,37210,82061,HERMIT,36.1386,-86.7273,POINT (-86.7273 36.1386)
20190234744,03/26/2019 01:51:00 PM,2,0,0,,Y,191578,5,SIDESWIPE - SAME DIRECTION,21,CLEAR,1,DAYLIGHT,12,MOTOR VEHICLE IN TRANSPORT,MM 210 8 I 40,NASHVILLE,TN,37210,40080,CENTRA,36.1544,-86.7625,POINT (-86.7625 36.1544)
20190296235,04/17/2019 04:11:00 PM,2,1,0,,N,352162,4,ANGLE,21,CLEAR,1,DAYLIGHT,12,MOTOR VEHICLE IN TRANSPORT,HICKS RD & DEER LAKE DR,NASHVILLE,TN,37221,4815,WEST,36.0757,-86.926,POINT (-86.926 36.0757)
20190449809,06/13/2019 01:29:00 PM,4,4,0,,N,352155,4,ANGLE,21,CLEAR,1,DAYLIGHT,12,MOTOR VEHICLE IN TRANSPORT,BELL CREST DR & BELL RD,ANTIOCH,TN,37013,8865,SOUTH,36.0633,-86.6374,POINT (-86.6374 36.0633)
20190333744,05/01/2019 02:30:00 AM,1,0,0,Y,Y,330441,0,NOT COLLISION W/MOTOR VEHICLE-TRANSPORT,21,CLEAR,2,DARK - NOT LIGHTED,38,FENCE,GRACE ST & JOSEPH AV,NASHVILLE,TN,37207,1963,EAST,36.183,-86.7722,POINT (-86.7722 36.183)
20190335131,05/01/2019 01:00:00 PM,2,0,0,,Y,267831,9,UNKNOWN,21,CLEAR,1,DAYLIGHT,12;14,MOTOR VEHICLE IN TRANSPORT;PARKED MOTOR VEHICLE,HILLSBORO PKE & RICHARD JONES RD,NASHVILLE,TN,37215,6111,WEST,36.105,-86.8152,POINT (-86.8152 36.105)
20190291642,04/16/2019 09:15:00 AM,2,0,0,,N,665896,5,SIDESWIPE - SAME DIRECTION,21,CLEAR,1,DAYLIGHT,12,MOTOR VEHICLE IN TRANSPORT,GALLATIN PKE & CAROLYN AV,NASHVILLE,TN,37216,1401,EAST,36.1971,-86.742,POINT (-86.742 36.1971)
20190326816,04/28/2019 02:15:00 PM,2,0,0,,N,256391,11,Front to Rear,21,CLEAR,1,DAYLIGHT,12,MOTOR VEHICLE IN TRANSPORT,MM 1 7 I 440,NASHVILLE,TN,37209,5312,NORTH,36.1536,-86.8226,POINT (-86.8226 36.1536)
20190558222,07/26/2019 04:45:00 PM,2,0,0,,N,179582,5,SIDESWIPE - SAME DIRECTION,21,CLEAR,1,DAYLIGHT,12,MOTOR VEHICLE IN TRANSPORT,HARDING PL & I24 E EXT RAMP,NASHVILLE,TN,37211,8707,SOUTH,36.0855,-86.7016,POINT (-86.7016 36.0855)
20190543511,07/21/2019 12:04:00 AM,2,1,0,,Y,110090,11,Front to Rear,21,CLEAR,3,DARK - LIGHTED,12,MOTOR VEHICLE IN TRANSPORT,COLLINS PARK DR & BELL RD,ANTIOCH,TN,37013,8863,SOUTH,36.046,-86.6581,POINT (-86.6581 36.046)
20190174434,03/05/2019 11:19:00 AM,2,1,0,Y,N,226622,11,Front to Rear,21,CLEAR,1,DAYLIGHT,12;38,MOTOR VEHICLE IN TRANSPORT;FENCE,BRILEY PKWY S EXT RAMP & CENTENNIAL BLVD,NASHVILLE,TN,37209,4651,WEST,36.1713,-86.871,POINT (-86.871 36.1713)
20190142752,02/21/2019 06:15:00 PM,2,0,0,,N,320580,2,HEAD-ON,2,RAIN,3,DARK - LIGHTED,12,MOTOR VEHICLE IN TRANSPORT,ELM HILL PKE & DONELSON PKE,NASHVILLE,TN,37214,9411,HERMIT,36.1485,-86.6651,POINT (-86.6651 36.1485)
20190110826,02/10/2019 05:58:00 PM,2,0,0,,N,579971,4,ANGLE,21,CLEAR,3,DARK - LIGHTED,12,MOTOR VEHICLE IN TRANSPORT,KEELEY DR & HAYWOOD LN,NASHVILLE,TN,37211,8709,SOUTH,36.0697,-86.6959,POINT (-86.6959 36.0697)
20190302341,04/19/2019 04:00:00 PM,2,0,0,,N,235761,4,ANGLE,2,RAIN,1,DAYLIGHT,12,MOTOR VEHICLE IN TRANSPORT,GRAYBAR LN & HILLSBORO PKE,NASHVILLE,TN,37215,6105,WEST,36.1112,-86.8113,POINT (-86.8113 36.1112)
20190062024,01/24/2019 12:00:00 AM,2,0,0,,Y,834798,5,SIDESWIPE - SAME DIRECTION,21,CLEAR,1,DAYLIGHT,14,PARKED MOTOR VEHICLE,15TH AVS & DELMAR AV,NASHVILLE,TN,37212,6603,MIDTOW,36.1297,-86.7924,POINT (-86.7924 36.1297)
20190352918,05/08/2019 08:45:00 AM,2,0,0,,N,225886,5,SIDESWIPE - SAME DIRECTION,21,CLEAR,1,DAYLIGHT,12,MOTOR VEHICLE IN TRANSPORT,MCGAVOCK PKE EB ENT RAMP & MCGAVOCK PKE,NASHVILLE,TN,37214,92901,HERMIT,36.2167,-86.6924,POINT (-86.6924 36.2167)
20190144844,02/22/2019 11:00:00 AM,2,0,0,,N,330411,11,Front to Rear,2,RAIN,1,DAYLIGHT,12,MOTOR VEHICLE IN TRANSPORT,21ST AVS & ASHWOOD AV,NASHVILLE,TN,37212,6605,MIDTOW,36.129,-86.8028,POINT (-86.8028 36.129)
20190194348,03/12/2019 01:39:00 PM,2,0,0,,N,191578,11,Front to Rear,21,CLEAR,1,DAYLIGHT,12,MOTOR VEHICLE IN TRANSPORT,GREEN ST & FAIRFIELD AV,NASHVILLE,TN,37210,8207,HERMIT,36.1528,-86.757,POINT (-86.757 36.1528)
20190421053,06/02/2019 05:00:00 PM,2,0,0,,N,256386,11,Front to Rear,21,CLEAR,1,DAYLIGHT,12,MOTOR VEHICLE IN TRANSPORT,ANDERSON RD & SMITH SPRINGS RD,NASHVILLE,TN,37217,8985,HERMIT,36.0877,-86.6072,POINT (-86.6072 36.0877)
20190579258,08/04/2019 12:00:00 AM,2,0,0,,N,429205,4,ANGLE,21,CLEAR,1,DAYLIGHT,12,MOTOR VEHICLE IN TRANSPORT,8TH AVS & LAFAYETTE ST,NASHVILLE,TN,37203,4043,CENTRA,36.1546,-86.7792,POINT (-86.7792 36.1546)
20190121565,02/14/2019 05:12:00 AM,2,0,0,,N,110094,11,Front to Rear,21,CLEAR,3,DARK - LIGHTED,12,MOTOR VEHICLE IN TRANSPORT,CHARLOTTE AV & GEORGE L DAVIS BLVD,NASHVILLE,TN,37203,4205,CENTRA,36.1612,-86.7927,POINT (-86.7927 36.1612)
20190235332,03/26/2019 05:24:00 PM,2,0,0,Y,N,256389,4,ANGLE,21,CLEAR,1,DAYLIGHT,12,MOTOR VEHICLE IN TRANSPORT,FRANKLIN PKE & MORRISWOOD DR,NASHVILLE,TN,37204,7013,MIDTOW,36.0954,-86.7717,POINT (-86.7717 36.0954)
20190294883,04/17/2019 07:46:00 AM,2,0,0,,N,676834,11,Front to Rear,21,CLEAR,1,DAYLIGHT,12,MOTOR VEHICLE IN TRANSPORT,MM 87 0 I 65,NASHVILLE,TN,37207,18020,EAST,36.2018,-86.7766,POINT (-86.7766 36.2018)
20190334735,05/01/2019 10:10:00 AM,2,0,0,,N,591936,4,ANGLE,21,CLEAR,1,DAYLIGHT,12,MOTOR VEHICLE IN TRANSPORT,SOUTH DOUGLAS AV & ELLIOTT AV,NASHVILLE,TN,37204,6923,MIDTOW,36.1306,-86.7817,POINT (-86.7817 36.1306)
20190230204,03/25/2019 06:00:00 AM,2,0,0,,N,299262,11,Front to Rear,22,CLOUDY,1,DAYLIGHT,12,MOTOR VEHICLE IN TRANSPORT,MM 209 6 I 40,NASHVILLE,TN,37203,40040,CENTRA,36.1497,-86.7832,POINT (-86.7832 36.1497)
20190284334,04/13/2019 02:49:00 PM,2,0,0,,Y,279233,11,Front to Rear,21,CLEAR,1,DAYLIGHT,12,MOTOR VEHICLE IN TRANSPORT,OPRY MILLS DR & MOSS ROSE DR,NASHVILLE,TN,37214,9209,HERMIT,36.2029,-86.6947,POINT (-86.6947 36.2029)
20190524949,07/13/2019 03:33:00 PM,2,2,0,,N,267831,2,HEAD-ON,21,CLEAR,1,DAYLIGHT,12,MOTOR VEHICLE IN TRANSPORT,HIGHWAY 100 & OLD HICKORY BLVD,NASHVILLE,TN,37221,6213,WEST,36.0609,-86.9153,POINT (-86.9153 36.0609)
20190163806,02/27/2019 01:00:00 PM,2,0,0,,Y,665896,4,ANGLE,22,CLOUDY,1,DAYLIGHT,12;14,MOTOR VEHICLE IN TRANSPORT;PARKED MOTOR VEHICLE,N 9TH ST & RAMSEY ST,NASHVILLE,TN,37206,1941,EAST,36.1773,-86.7569,POINT (-86.7569 36.1773)
20190504413,07/04/2019 02:54:00 PM,2,0,0,,N,256383,5,SIDESWIPE - SAME DIRECTION,2,RAIN,1,DAYLIGHT,12,MOTOR VEHICLE IN TRANSPORT,I24 E EXT RAMP & I 24,NASHVILLE,TN,37207,30080,NORTH,36.2378,-86.7872,POINT (-86.7872 36.2378)
20190254451,04/02/2019 04:30:00 PM,2,0,0,,N,330435,11,Front to Rear,21,CLEAR,1,DAYLIGHT,12,MOTOR VEHICLE IN TRANSPORT,E TRINITY LN & W TRINITY LN,NASHVILLE,TN,37207,1861,EAST,36.2059,-86.7686,POINT (-86.7686 36.2059)
20190293195,04/16/2019 06:55:00 PM,2,2,0,,N,420040,4,ANGLE,21,CLEAR,1,DAYLIGHT,12,MOTOR VEHICLE IN TRANSPORT,MUSIC SQW & CHET ATKINS PL,NASHVILLE,TN,37203,6715,MIDTOW,36.1492,-86.7934,POINT (-86.7934 36.1492)
20190214232,03/19/2019 04:36:00 PM,2,0,0,,N,240959,11,Front to Rear,21,CLEAR,1,DAYLIGHT,12,MOTOR VEHICLE IN TRANSPORT,GALLATIN PKE & BURCHWOOD AV,NASHVILLE,TN,37216,1403,EAST,36.201,-86.7399,POINT (-86.7399 36.201)
20190383350,05/19/2019 07:12:00 PM,2,1,0,,N,311334,4,ANGLE,21,CLEAR,1,DAYLIGHT,12;13,MOTOR VEHICLE IN TRANSPORT;MOTOR VEHICLE IN TRANSPORT-OTHER ROADWAY,4TH AVS & I40 W EXT RAMP,NASHVILLE,TN,37203,4007,CENTRA,36.1509,-86.7706,POINT (-86.7706 36.1509)