Accident Number,Date and Time,Number of Motor Vehicles,Number of Injuries,Number of Fatalities,Property Damage,Hit and Run,Reporting Officer,Collision Type Code,Collision Type Description,Weather Code,Weather Description,Illumination Code,Illumination Description,Harmful Code,Harmful Code Description,Street Address,City,State,ZIP,RPA,Precinct,Latitude,Longitude,Mapped Location
20190387443,05/21/2019 08:41:00 AM,2,0,0,,N,716886,5,SIDESWIPE - SAME DIRECTION,21,CLEAR,1,DAYLIGHT,12,MOTOR VEHICLE IN TRANSPORT,BELL RD & CANE RIDGE RD,ANTIOCH,TN,37013,8751,SOUTH,36.0447,-86.6615,POINT (-86.6615 36.0447)
20190175494,03/05/2019 06:17:00 PM,2,0,0,,N,151132,11,Front to Rear,21,CLEAR,3,DARK - LIGHTED,12,MOTOR VEHICLE IN TRANSPORT,MM 93 0 I 65,MADISON,TN,37115,17040,MADISO,36.2752,-86.7354,POINT (-86.7354 36.2752)
20190579790,08/04/2019 05:56:00 PM,1,3,0,Y,N,299241,0,NOT COLLISION W/MOTOR VEHICLE-TRANSPORT,2,RAIN,1,DAYLIGHT,24,GUARDRAIL FACE,I40 E EXT RAMP & I 40,NASHVILLE,TN,37214,8955,HERMIT,36.155,-86.6271,POINT (-86.6271 36.155)
20190431597,06/06/2019 01:00:00 PM,2,0,0,,N,224953,5,SIDESWIPE - SAME DIRECTION,21,CLEAR,1,DAYLIGHT,12,MOTOR VEHICLE IN TRANSPORT,MM 47 9 I 24,NASHVILLE,TN,37207,1904,CENTRA,36.1775,-86.7731,POINT (-86.7731 36.1775)
20190456014,06/15/2019 10:30:00 PM,2,1,0,,N,279201,2,HEAD-ON,21,CLEAR,2,DARK - NOT LIGHTED,12,MOTOR VEHICLE IN TRANSPORT,LEBANON PKE & RIVERSTONE BLVD,NASHVILLE,TN,37214,9403,HERMIT,36.1703,-86.654,POINT (-86.654 36.1703)
20190453293,06/14/2019 03:41:00 PM,2,0,0,,Y,256383,11,Front to Rear,21,CLEAR,1,DAYLIGHT,12,MOTOR VEHICLE IN TRANSPORT,LAFAYETTE ST & CLAIBORNE ST,NASHVILLE,TN,37210,8147,SOUTH,36.1483,-86.7609,POINT (-86.7609 36.1483)
20190420890,06/02/2019 03:43:00 PM,2,3,0,,N,298858,2,HEAD-ON,21,CLEAR,1,DAYLIGHT,12,MOTOR VEHICLE IN TRANSPORT,SHELBY AV & I24 E ENT RAMP,NASHVILLE,TN,37213,1007,CENTRA,36.1662,-86.7658,POINT (-86.7658 36.1662)
20190319513,04/25/2019 01:10:00 PM,2,0,0,,N,716886,5,SIDESWIPE - SAME DIRECTION,22,CLOUDY,1,DAYLIGHT,12,MOTOR VEHICLE IN TRANSPORT,BELL RD & BRENTRIDGE CIR,ANTIOCH,TN,37013,8719,SOUTH,36.0466,-86.683,POINT (-86.683 36.0466)
20190418876,06/01/2019 04:20:00 PM,2,1,0,,N,256384,11,Front to Rear,21,CLEAR,1,DAYLIGHT,12,MOTOR VEHICLE IN TRANSPORT,MM 52 0 I 24,NASHVILLE,TN,37217,8816,SOUTH,36.1329,-86.7267,POINT (-86.7267 36.1329)
20190333459,04/29/2019 11:42:00 PM,1,0,0,,N,330445,0,NOT COLLISION W/MOTOR VEHICLE-TRANSPORT,21,CLEAR,3,DARK - LIGHTED,50,DEER (ANIMAL),WOODMONT BLVD & WOODMONT BLVD EB ENT RAM,NASHVILLE,TN,37204,7011,MIDTOW,36.1103,-86.7739,POINT (-86.7739 36.1103)
20190298993,04/18/2019 12:07:00 PM,2,1,0,,N,191578,4,ANGLE,21,CLEAR,1,DAYLIGHT,12,MOTOR VEHICLE IN TRANSPORT,LEBANON PKE & OLD LEBANON PKE,NASHVILLE,TN,37214,9125,HERMIT,36.1678,-86.6637,POINT (-86.6637 36.1678)
20190235477,03/26/2019 06:59:00 PM,2,1,0,,N,330413,11,Front to Rear,21,CLEAR,3,DARK - LIGHTED,12,MOTOR VEHICLE IN TRANSPORT,OLD HICKORY BLVD & S HILLVIEW DR,NASHVILLE,TN,37220,7111,MIDTOW,36.0375,-86.791,POINT (-86.791 36.0375)
20190397976,05/24/2019 04:05:00 PM,2,0,0,,N,151132,2,HEAD-ON,21,CLEAR,1,DAYLIGHT,12,MOTOR VEHICLE IN TRANSPORT,STATE RT 45 & RIO VISTA DR,MADISON,TN,37115,1705,MADISO,36.2628,-86.681,POINT (-86.681 36.2628)
20190461743,06/18/2019 08:44:00 AM,1,0,0,Y,N,676834,0,NOT COLLISION W/MOTOR VEHICLE-TRANSPORT,2,RAIN,1,DAYLIGHT,30,UTILITY POLE,OLD HICKORY BLVD & ASHLAND CITY HWY,NASHVILLE,TN,37218,3235,NORTH,36.2115,-86.921,POINT (-86.921 36.2115)
20190257309,04/03/2019 02:30:00 PM,2,0,0,,Y,134899,4,ANGLE,21,CLEAR,1,DAYLIGHT,12,MOTOR VEHICLE IN TRANSPORT,SPENCE LN & ELM HILL PKE,NASHVILLE,TN,37210,9015,HERMIT,36.1427,-86.7219,POINT (-86.7219 36.1427)
20190299619,04/18/2019 04:05:00 PM,2,0,0,,Y,240955,4,ANGLE,22,CLOUDY,1,DAYLIGHT,14;55,PARKED MOTOR VEHICLE;Motor Vehicle-In-Motion Outside Trafficw,MURFREESBORO PKE & MOUNTAIN SPRINGS RD,ANTIOCH,TN,37013,8927,SOUTH,36.0478,-86.6121,POINT (-86.6121 36.0478)
20190302777,04/19/2019 07:46:00 PM,2,2,0,,N,256389,2,HEAD-ON,2,RAIN,1,DAYLIGHT,12,MOTOR VEHICLE IN TRANSPORT,THOMPSON LN & NOLENSVILLE PKE,NASHVILLE,TN,37211,8519,MIDTOW,36.1109,-86.7452,POINT (-86.7452 36.1109)
20190500682,07/03/2019 06:45:00 AM,2,1,0,,N,226622,4,ANGLE,21,CLEAR,1,DAYLIGHT,12,MOTOR VEHICLE IN TRANSPORT,MICHIGAN AV & 46TH AVN,NASHVILLE,TN,37209,4541,WEST,36.1589,-86.8426,POINT (-86.8426 36.1589)
20190308404,04/22/2019 07:55:00 AM,3,0,0,,N,298864,11,Front to Rear,21,CLEAR,1,DAYLIGHT,12,MOTOR VEHICLE IN TRANSPORT,GALLATIN PKES & DUE WEST AVW,MADISON,TN,37115,1519,MADISO,36.2475,-86.7207,POINT (-86.7207 36.2475)
20190149705,02/24/2019 09:55:00 AM,2,0,0,,N,909494,11,Front to Rear,21,CLEAR,1,DAYLIGHT,12,MOTOR VEHICLE IN TRANSPORT,DOUGLAS AV & N 7TH ST,NASHVILLE,TN,37207,1905,EAST,36.1938,-86.7592,POINT (-86.7592 36.1938)
20190257837,04/03/2019 06:56:00 PM,2,1,0,,N,256389,11,Front to Rear,21,CLEAR,1,DAYLIGHT,12,MOTOR VEHICLE IN TRANSPORT,MM 1 1 I 440,NASHVILLE,TN,37203,5624,MIDTOW,36.1447,-86.8222,POINT (-86.8222 36.1447)
20190184536,03/08/2019 03:00:00 PM,2,0,0,,N,299244,5,SIDESWIPE - SAME DIRECTION,2,RAIN,1,DAYLIGHT,12,MOTOR VEHICLE IN TRANSPORT,8TH AVS & LAFAYETTE ST,NASHVILLE,TN,37203,4043,CENTRA,36.1546,-86.7792,POINT (-86.7792 36.1546)
20190305426,04/21/2019 12:01:00 AM,2,1,0,,N,151122,4,ANGLE,21,CLEAR,3,DARK - LIGHTED,12,MOTOR VEHICLE IN TRANSPORT,NOLENSVILLE PKE & HAYWOOD LN,NASHVILLE,TN,37211,8661,MIDTOW,36.0683,-86.7193,POINT (-86.7193 36.0683)
20190007867,01/03/2019 10:54:00 PM,1,1,0,Y,N,206680,0,NOT COLLISION W/MOTOR VEHICLE-TRANSPORT,21,CLEAR,2,DARK - NOT LIGHTED,24,GUARDRAIL FACE,MM 40 0 I 24,WHITES CREEK,TN,37189,3314,NORTH,36.2834,-86.8066,POINT (-86.8066 36.2834)
20190136286,02/19/2019 04:38:00 PM,2,1,0,,N,714641,11,Front to Rear,2,RAIN,1,DAYLIGHT,12,MOTOR VEHICLE IN TRANSPORT,12TH AVS & BROADWAY,NASHVILLE,TN,37203,4081,CENTRA,36.1563,-86.7873,POINT (-86.7873 36.1563)
20190555613,07/25/2019 05:09:00 PM,2,0,0,,Y,298858,11,Front to Rear,21,CLEAR,1,DAYLIGHT,12,MOTOR VEHICLE IN TRANSPORT,CHARLOTTE AV & GEORGE L DAVIS BLVD,NASHVILLE,TN,37203,4205,CENTRA,36.1612,-86.7927,POINT (-86.7927 36.1612)
20190482974,06/26/2019 12:17:00 PM,2,0,0,,N,462474,11,Front to Rear,21,CLEAR,1,DAYLIGHT,12,MOTOR VEHICLE IN TRANSPORT,GRANNY WHITE PKE & SEWANEE RD,NASHVILLE,TN,37220,7107,MIDTOW,36.0854,-86.8044,POINT (-86.8044 36.0854)
20190158184,02/27/2019 09:10:00 AM,5,0,0,,Y,716886,11,Front to Rear,21,CLEAR,1,DAYLIGHT,12,MOTOR VEHICLE IN TRANSPORT,MM 54 5 I 24,NASHVILLE,TN,37211,84021,SOUTH,36.0999,-86.7113,POINT (-86.7113 36.0999)
20190312214,04/23/2019 08:31:00 AM,2,0,0,,Y,191578,5,SIDESWIPE - SAME DIRECTION,21,CLEAR,1,DAYLIGHT,12,MOTOR VEHICLE IN TRANSPORT,OLD HICKORY BLVD & DODSON CHAPEL RD,HERMITAGE,TN,37076,9561,HERMIT,36.1835,-86.6108,POINT (-86.6108 36.1835)
20190246355,03/30/2019 02:48:00 PM,2,0,0,,N,320599,11,Front to Rear,22,CLOUDY,1,DAYLIGHT,12,MOTOR VEHICLE IN TRANSPORT,LINCOYA BAY DR & BELL RD,NASHVILLE,TN,37214,8957,HERMIT,36.1455,-86.6262,POINT (-86.6262 36.1455)
20190134100,02/19/2019 01:29:00 AM,4,1,0,,Y,279217,5,SIDESWIPE - SAME DIRECTION,21,CLEAR,3,DARK - LIGHTED,12,MOTOR VEHICLE IN TRANSPORT,ROSA L PARKS BLVD & TAYLOR ST,NASHVILLE,TN,37208,4323,NORTH,36.1769,-86.7938,POINT (-86.7938 36.1769)
20190164999,03/01/2019 06:15:00 PM,2,0,0,,N,299266,11,Front to Rear,21,CLEAR,2,DARK - NOT LIGHTED,12,MOTOR VEHICLE IN TRANSPORT,MM 61 6 I 24,ANTIOCH,TN,37013,87040,SOUTH,36.0252,-86.6327,POINT (-86.6327 36.0252)
20190123078,02/14/2019 04:14:00 PM,2,0,0,,N,690942,4,ANGLE,21,CLEAR,1,DAYLIGHT,12,MOTOR VEHICLE IN TRANSPORT,4TH AVN & COMMERCE ST,NASHVILLE,TN,37201,4105,CENTRA,36.1624,-86.7781,POINT (-86.7781 36.1624)
20190413952,05/30/2019 02:20:00 PM,2,0,0,,N,256380,4,ANGLE,21,CLEAR,1,DAYLIGHT,12,MOTOR VEHICLE IN TRANSPORT,YOUNGS LN & FREE SILVER RD,NASHVILLE,TN,37207,3011,NORTH,36.2046,-86.7978,POINT (-86.7978 36.2046)
20190082683,01/31/2019 07:43:00 AM,2,1,0,,N,299249,4,ANGLE,21,CLEAR,1,DAYLIGHT,1;12,MOTOR VEHICLE IN TRANSPORT,SMITH SPRINGS RD & BELL RD,NASHVILLE,TN,37217,8965,HERMIT,36.0903,-86.6265,POINT (-86.6265 36.0903)
20190220573,03/21/2019 01:41:00 PM,2,0,0,,N,630627,5,SIDESWIPE - SAME DIRECTION,22,CLOUDY,1,DAYLIGHT,12,MOTOR VEHICLE IN TRANSPORT,23RD AVN & LESLIE AV,NASHVILLE,TN,37203,5619,MIDTOW,36.1547,-86.8089,POINT (-86.8089 36.1547)
20190574986,08/02/2019 03:10:00 PM,2,0,0,,N,256384,5,SIDESWIPE - SAME DIRECTION,21,CLEAR,1,DAYLIGHT,12,MOTOR VEHICLE IN TRANSPORT,MM 52 2 I 24,NASHVILLE,TN,37217,8816,SOUTH,36.1359,-86.7267,POINT (-86.7267 36.1359)
20190027394,01/11/2019 09:55:00 AM,2,0,0,,N,226098,11,Front to Rear,22,CLOUDY,1,DAYLIGHT,12,MOTOR VEHICLE IN TRANSPORT,MM 87 2 I 65,NASHVILLE,TN,37207,18020,EAST,36.2054,-86.7764,POINT (-86.7764 36.2054)
20190224275,03/22/2019 05:45:00 PM,2,0,0,,N,256389,4,ANGLE,21,CLEAR,1,DAYLIGHT,12,MOTOR VEHICLE IN TRANSPORT,PORTLAND AV & MAGNOLIA BLVD,NASHVILLE,TN,37212,6607,MIDTOW,36.1332,-86.8013,POINT (-86.8013 36.1332)
20190260460,04/04/2019 04:17:00 PM,2,1,0,,Y,306231,4,ANGLE,22,CLOUDY,1,DAYLIGHT,12,MOTOR VEHICLE IN TRANSPORT,W TRINITY LN & HAMPTON ST,NASHVILLE,TN,37207,3007,NORTH,36.2067,-86.7784,POINT (-86.7784 36.2067)
20190054531,01/21/2019 05:10:00 PM,2,0,0,,Y,256448,11,Front to Rear,21,CLEAR,1,DAYLIGHT,12,MOTOR VEHICLE IN TRANSPORT,LEBANON PKE & DONELSON PKE,NASHVILLE,TN,37214,9311,HERMIT,36.1676,-86.6633,POINT (-86.6633 36.1676)
20190537756,07/18/2019 04:30:00 PM,2,1,0,,N,256380,11,Front to Rear,21,CLEAR,1,DAYLIGHT,12,MOTOR VEHICLE IN TRANSPORT,28TH AVN & DELAWARE AV,NASHVILLE,TN,37209,5345,NORTH,36.1562,-86.8188,POINT (-86.8188 36.1562)
20190417180,05/31/2019 12:00:00 AM,2,0,0,,N,298877,11,Front to Rear,21,CLEAR,3,DARK - LIGHTED,12,MOTOR VEHICLE IN TRANSPORT,SUNLIGHT DR & LINBAR DR,NASHVILLE,TN,37211,8443,SOUTH,36.0856,-86.7063,POINT (-86.7063 36.0856)
20190537469,07/18/2019 02:30:00 PM,2,0,0,,Y,256374,4,ANGLE,22,CLOUDY,1,DAYLIGHT,14,PARKED MOTOR VEHICLE,MILL CREEK WHITTEMORE GRNWY & MILL CREEK,ANTIOCH,TN,37013,8757,SOUTH,36.0424,-86.7118,POINT (-86.7118 36.0424)
20190178385,03/06/2019 12:00:00 PM,2,0,0,,Y,580819,4,ANGLE,21,CLEAR,1,DAYLIGHT,12;14,MOTOR VEHICLE IN TRANSPORT;PARKED MOTOR VEHICLE,S 2ND ST & RUSSELL ST,NASHVILLE,TN,37213,1133,CENTRA,36.1683,-86.7706,POINT (-86.7706 36.1683)
20190004199,01/02/2019 02:35:00 PM,2,0,0,,Y,134869,11,Front to Rear,22,CLOUDY,1,DAYLIGHT,12,MOTOR VEHICLE IN TRANSPORT,23RD AVN & CHARLOTTE AV,NASHVILLE,TN,37209,5339,NORTH,36.1558,-86.8097,POINT (-86.8097 36.1558)
20190162175,02/28/2019 05:20:00 PM,2,0,0,,Y,256427,5,SIDESWIPE - SAME DIRECTION,21,CLEAR,3,DARK - LIGHTED,12,MOTOR VEHICLE IN TRANSPORT,MM 211 5 I 40,NASHVILLE,TN,37210,8204,HERMIT,36.1514,-86.7517,POINT (-86.7517 36.1514)
20190426590,06/04/2019 04:58:00 PM,2,0,0,,N,320581,5,SIDESWIPE - SAME DIRECTION,21,CLEAR,1,DAYLIGHT,12,MOTOR VEHICLE IN TRANSPORT,CLARKSVILLE PKE & BUENA VISTA PKE,NASHVILLE,TN,37218,3135,NORTH,36.1935,-86.8309,POINT (-86.8309 36.1935)
20190293692,04/16/2019 11:29:00 PM,4,0,0,,N,592451,4,ANGLE,21,CLEAR,2,DARK - NOT LIGHTED,14;63,PARKED MOTOR VEHICLE;Ran Off Road-Right,11TH AVE N & BUCHANAN ST,NASHVILLE,TN,37208,4453,NORTH,36.1803,-86.8049,POINT (-86.8049 36.1803)
20190245495,03/30/2019 01:09:00 AM,2,2,0,,Y,197055,5,SIDESWIPE - SAME DIRECTION,22,CLOUDY,3,DARK - LIGHTED,14,PARKED MOTOR VEHICLE,TARGET DR & I24 E ENT RAMP,ANTIOCH,TN,37013,8751,SOUTH,36.0439,-86.6583,POINT (-86.6583 36.0439)
20190375039,05/16/2019 01:15:00 PM,2,0,0,,N,716886,11,Front to Rear,21,CLEAR,1,DAYLIGHT,12,MOTOR VEHICLE IN TRANSPORT,I440 W ENT RAMP & I 440,NASHVILLE,TN,37210,81021,SOUTH,36.1259,-86.7322,POINT (-86.7322 36.1259)
20190049877,01/19/2019 08:38:00 PM,2,0,0,,N,212330,4,ANGLE,2,RAIN,3,DARK - LIGHTED,14,PARKED MOTOR VEHICLE,SAM BONEY DR & ELYSIAN FIELDS RD,NASHVILLE,TN,37211,8415,SOUTH,36.089,-86.7274,POINT (-86.7274 36.089)
20190262929,04/05/2019 02:10:00 PM,2,0,0,,N,716886,11,Front to Rear,21,CLEAR,1,DAYLIGHT,12,MOTOR VEHICLE IN TRANSPORT,ANTIOCH PKE & HARDING INDUSTRIAL DR,NASHVILLE,TN,37211,8845,SOUTH,36.0941,-86.6996,POINT (-86.6996 36.0941)
20190302507,04/19/2019 05:25:00 PM,1,1,0,Y,N,256424,0,NOT COLLISION W/MOTOR VEHICLE-TRANSPORT,2,RAIN,1,DAYLIGHT,1;27;63,H-WAY TRAFFIC SIGNAL POST;Ran Off Road-Right,MM 218 3 I 40,NASHVILLE,TN,37214,9404,HERMIT,36.1498,-86.6391,POINT (-86.6391 36.1498)
20190086955,02/01/2019 03:20:00 PM,2,0,0,,N,320599,11,Front to Rear,21,CLEAR,1,DAYLIGHT,12,MOTOR VEHICLE IN TRANSPORT,COUCHVILLE PKE & BELL RD,NASHVILLE,TN,37214,8989,HERMIT,36.1121,-86.6303,POINT (-86.6303 36.1121)
20190544485,07/21/2019 12:48:00 PM,2,1,0,,N,352164,11,Front to Rear,22,CLOUDY,1,DAYLIGHT,12,MOTOR VEHICLE IN TRANSPORT,MM 205 2 I 40,NASHVILLE,TN,37209,52027,WEST,36.154,-86.835,POINT (-86.835 36.154)
20190092635,02/04/2019 04:56:00 AM,1,1,0,,N,320584,0,NOT COLLISION W/MOTOR VEHICLE-TRANSPORT,21,CLEAR,3,DARK - LIGHTED,36;63,CONCRETE TRAFFIC BARRIER;Ran Off Road-Right,MM 53 9 I 24,NASHVILLE,TN,37211,88122,SOUTH,36.1073,-86.7197,POINT (-86.7197 36.1073)
20190512205,07/08/2019 11:32:00 AM,2,0,0,,Y,716886,4,ANGLE,21,CLEAR,1,DAYLIGHT,12,MOTOR VEHICLE IN TRANSPORT,HARDING PL & ANTIOCH PKE,NASHVILLE,TN,37211,8843,SOUTH,36.0878,-86.6914,POINT (-86.6914 36.0878)
20190031038,01/12/2019 08:21:00 PM,2,0,0,,N,311337,5,SIDESWIPE - SAME DIRECTION,2,RAIN,3,DARK - LIGHTED,12,MOTOR VEHICLE IN TRANSPORT,MURFREESBORO PKE & PLUS PARK BLVD,NASHVILLE,TN,37217,8815,HERMIT,36.1337,-86.722,POINT (-86.722 36.1337)
20190003623,01/02/2019 11:35:00 AM,2,1,0,,N,226136,4,ANGLE,22,CLOUDY,1,DAYLIGHT,12,MOTOR VEHICLE IN TRANSPORT,OLD HICKORY BLVD & EDMONDSON PKE,NASHVILLE,TN,37220,8615,MIDTOW,36.04,-86.7435,POINT (-86.7435 36.04)
20190116759,02/12/2019 05:52:00 PM,2,1,0,,N,256441,11,Front to Rear,21,CLEAR,7,Dark-Unknown Lighting,12,MOTOR VEHICLE IN TRANSPORT,MM 81 4 I 65,NASHVILLE,TN,37203,68042,MIDTOW,36.1348,-86.7756,POINT (-86.7756 36.1348)
20190425448,06/04/2019 10:09:00 AM,2,0,0,,N,462474,11,Front to Rear,22,CLOUDY,1,DAYLIGHT,12,MOTOR VEHICLE IN TRANSPORT,OLD HICKORY BLVD & CLOVERLAND DR,BRENTWOOD,TN,37027,8619,MIDTOW,36.0403,-86.7684,POINT (-86.7684 36.0403)
20190393611,05/23/2019 07:41:00 AM,2,0,0,,N,405447,11,Front to Rear,21,CLEAR,1,DAYLIGHT,12,MOTOR VEHICLE IN TRANSPORT,CLOVERLAND DR & FREDERICKSBURG WAY,BRENTWOOD,TN,37027,8623,MIDTOW,36.0322,-86.7651,POINT (-86.7651 36.0322)
20190572378,08/01/2019 03:30:00 PM,3,0,0,,Y,909486,3,REAR-TO-REAR,21,CLEAR,1,DAYLIGHT,14,PARKED MOTOR VEHICLE,4201 NOLENSVILLE PKE,NASHVILLE,TN,37211,8661,MIDTOW,36.0766,-86.7257,POINT (-86.7257 36.0766)
20190534245,07/17/2019 10:30:00 AM,2,1,0,,N,633381,11,Front to Rear,22,CLOUDY,1,DAYLIGHT,12,MOTOR VEHICLE IN TRANSPORT,MM 60 4 I 24,ANTIOCH,TN,37013,88060,SOUTH,36.0364,-86.6449,POINT (-86.6449 36.0364)
20190380634,05/18/2019 12:24:00 PM,2,1,0,,N,468030,5,SIDESWIPE - SAME DIRECTION,22,CLOUDY,1,DAYLIGHT,12,MOTOR VEHICLE IN TRANSPORT,S 7TH ST & CAYCE PLACE PVTDR,NASHVILLE,TN,37206,1023,EAST,36.1677,-86.757,POINT (-86.757 36.1677)
20190547094,07/22/2019 03:25:00 PM,2,0,0,,N,298863,11,Front to Rear,22,CLOUDY,1,DAYLIGHT,12,MOTOR VEHICLE IN TRANSPORT,I40 W ENT RAMP & I 40,NASHVILLE,TN,37210,9007,HERMIT,36.1484,-86.7454,POINT (-86.7454 36.1484)
20190059914,01/23/2019 03:10:00 PM,2,0,0,,N,311338,11,Front to Rear,2,RAIN,1,DAYLIGHT,12,MOTOR VEHICLE IN TRANSPORT,ROSA L PARKS BLVD & DOMINICAN DR,NASHVILLE,TN,37208,4403,NORTH,36.1879,-86.7985,POINT (-86.7985 36.1879)
20190047000,01/18/2019 12:12:00 PM,2,1,0,,N,226136,11,Front to Rear,22,CLOUDY,1,DAYLIGHT,12,MOTOR VEHICLE IN TRANSPORT,I440 E EXT RAMP & I 440,NASHVILLE,TN,37205,5249,WEST,36.1366,-86.8221,POINT (-86.8221 36.1366)
20190031811,01/13/2019 03:05:00 AM,2,0,0,,Y,320578,6,SIDESWIPE - OPPOSITE DIRECTION,2,RAIN,3,DARK - LIGHTED,12,MOTOR VEHICLE IN TRANSPORT,HAYWOOD LN & EZELL RD,NASHVILLE,TN,37211,8709,SOUTH,36.0696,-86.6944,POINT (-86.6944 36.0696)
20190460099,06/17/2019 04:21:00 PM,2,0,0,,N,299257,11,Front to Rear,21,CLEAR,1,DAYLIGHT,12,MOTOR VEHICLE IN TRANSPORT,THOMPSON LN & FOSTER CREIGHTON DR,NASHVILLE,TN,37204,8305,MIDTOW,36.111,-86.754,POINT (-86.754 36.111)
20190345560,05/05/2019 09:00:00 PM,2,1,0,,N,320577,4,ANGLE,21,CLEAR,3,DARK - LIGHTED,1;12,MOTOR VEHICLE IN TRANSPORT,HILLSBORO PKE & STOKES LN,NASHVILLE,TN,37215,6001,WEST,36.1199,-86.8086,POINT (-86.8086 36.1199)
20190184633,03/08/2019 03:30:00 PM,2,0,0,,N,256386,5,SIDESWIPE - SAME DIRECTION,2,RAIN,1,DAYLIGHT,12,MOTOR VEHICLE IN TRANSPORT,MM 214 1 I 40,NASHVILLE,TN,37210,90062,HERMIT,36.142,-86.7124,POINT (-86.7124 36.142)
20190542829,07/20/2019 05:40:00 PM,1,0,0,Y,Y,311344,0,NOT COLLISION W/MOTOR VEHICLE-TRANSPORT,2,RAIN,1,DAYLIGHT,7,,SCALF DR & N DUPONT AV,MADISON,TN,37115,1711,MADISO,36.2669,-86.6924,POINT (-86.6924 36.2669)
20190276577,04/10/2019 06:09:00 PM,2,0,0,,N,690942,4,ANGLE,21,CLEAR,1,DAYLIGHT,12,MOTOR VEHICLE IN TRANSPORT,4TH AVS & PEABODY ST,NASHVILLE,TN,37201,4047,CENTRA,36.1566,-86.7744,POINT (-86.7744 36.1566)
20190510860,07/07/2019 05:18:00 PM,2,0,0,,N,197054,4,ANGLE,22,CLOUDY,1,DAYLIGHT,12,MOTOR VEHICLE IN TRANSPORT,MURFREESBORO PKE & PHILFRE CT,NASHVILLE,TN,37211,8803,SOUTH,36.1295,-86.7148,POINT (-86.7148 36.1295)
20190150109,02/24/2019 02:30:00 PM,2,0,0,,N,299266,4,ANGLE,21,CLEAR,1,DAYLIGHT,12,MOTOR VEHICLE IN TRANSPORT,BELL RD & CANE RIDGE RD,ANTIOCH,TN,37013,8753,SOUTH,36.0449,-86.6631,POINT (-86.6631 36.0449)
20190468932,06/20/2019 05:35:00 PM,2,0,0,,Y,320577,4,ANGLE,21,CLEAR,1,DAYLIGHT,12,MOTOR VEHICLE IN TRANSPORT,THOMPSON LN & NOLENSVILLE PKE,NASHVILLE,TN,37211,8519,MIDTOW,36.1109,-86.7452,POINT (-86.7452 36.1109)
20190278070,04/11/2019 06:32:00 AM,2,0,0,,N,140790,11,Front to Rear,22,CLOUDY,1,DAYLIGHT,12,MOTOR VEHICLE IN TRANSPORT,LEBANON PKE & SHUTE LN,HERMITAGE,TN,37076,9535,HERMIT,36.2146,-86.6047,POINT (-86.6047 36.2146)
20190125645,02/15/2019 01:45:00 PM,2,3,0,Y,N,226622,4,ANGLE,22,CLOUDY,1,DAYLIGHT,12;30,MOTOR VEHICLE IN TRANSPORT;UTILITY POLE,HARDING PKE & WOODLAWN DR,NASHVILLE,TN,37205,6021,WEST,36.1274,-86.8442,POINT (-86.8442 36.1274)
20190316153,04/24/2019 10:48:00 AM,2,0,0,,N,212369,11,Front to Rear,21,CLEAR,1,DAYLIGHT,12,MOTOR VEHICLE IN TRANSPORT,OLD HICKORY BLVD & NOLENSVILLE PKE,ANTIOCH,TN,37013,8757,SOUTH,36.0455,-86.7122,POINT (-86.7122 36.0455)
20190361948,05/11/2019 04:34:00 PM,2,2,0,,N,298874,4,ANGLE,2,RAIN,1,DAYLIGHT,12,MOTOR VEHICLE IN TRANSPORT,CAHAL AV & SCOTT AV,NASHVILLE,TN,37216,1431,EAST,36.1959,-86.7337,POINT (-86.7337 36.1959)
20190235874,03/26/2019 12:00:00 AM,2,0,0,,N,676828,4,ANGLE,21,CLEAR,3,DARK - LIGHTED,12,MOTOR VEHICLE IN TRANSPORT,OLD HICKORY BLVD & ZERMATT AV,NASHVILLE,TN,37211,8651,MIDTOW,36.0457,-86.7206,POINT (-86.7206 36.0457)
20190007355,01/03/2019 04:49:00 PM,2,0,0,,Y,642287,5,SIDESWIPE - SAME DIRECTION,21,CLEAR,5,DUSK,12,MOTOR VEHICLE IN TRANSPORT,MM 211 5 I 40,NASHVILLE,TN,37210,8204,HERMIT,36.1514,-86.7517,POINT (-86.7517 36.1514)
20190500905,07/03/2019 08:07:00 AM,2,0,0,,N,462474,5,SIDESWIPE - SAME DIRECTION,22,CLOUDY,1,DAYLIGHT,12,MOTOR VEHICLE IN TRANSPORT,21ST AVS & GRAND AV,NASHVILLE,TN,37212,6709,MIDTOW,36.1468,-86.7995,POINT (-86.7995 36.1468)
20190283886,04/13/2019 10:28:00 AM,2,1,0,,N,279116,11,Front to Rear,2,RAIN,1,DAYLIGHT,12,MOTOR VEHICLE IN TRANSPORT,8TH AVS & HAMILTON AV,NASHVILLE,TN,37203,6941,MIDTOW,36.139,-86.7784,POINT (-86.7784 36.139)
20190043273,01/17/2019 06:30:00 AM,2,0,0,,N,716886,11,Front to Rear,2,RAIN,4,DAWN,12,MOTOR VEHICLE IN TRANSPORT,HARDING PL & TAMPA DR,NASHVILLE,TN,37211,8705,SOUTH,36.0827,-86.7105,POINT (-86.7105 36.0827)
20190269790,04/08/2019 10:56:00 AM,2,1,0,,N,109534,4,ANGLE,22,CLOUDY,1,DAYLIGHT,12;25,MOTOR VEHICLE IN TRANSPORT;GUARDRAIL END,I40 W ENT RAMP & I 40,NASHVILLE,TN,37210,9007,HERMIT,36.1484,-86.7454,POINT (-86.7454 36.1484)