Accident Number,Date and Time,Number of Motor Vehicles,Number of Injuries,Number of Fatalities,Property Damage,Hit and Run,Reporting Officer,Collision Type Code,Collision Type Description,Weather Code,Weather Description,Illumination Code,Illumination Description,Harmful Code,Harmful Code Description,Street Address,City,State,ZIP,RPA,Precinct,Latitude,Longitude,Mapped Location
20190308870,04/22/2019 11:37:00 AM,2,0,0,,N,267831,4,ANGLE,21,CLEAR,1,DAYLIGHT,12,MOTOR VEHICLE IN TRANSPORT,WESTBORO DR & WEST BEND DR,NASHVILLE,TN,37209,5029,WEST,36.1478,-86.8722,POINT (-86.8722 36.1478)
20190099506,02/06/2019 07:54:00 AM,2,0,0,,N,109527,11,Front to Rear,21,CLEAR,1,DAYLIGHT,12,MOTOR VEHICLE IN TRANSPORT,MM 222 0 I 40,HERMITAGE,TN,37076,9502,HERMIT,36.1694,-86.5791,POINT (-86.5791 36.1694)
20190281096,04/12/2019 08:54:00 AM,2,0,0,,N,414668,11,Front to Rear,2,RAIN,1,DAYLIGHT,12,MOTOR VEHICLE IN TRANSPORT,MM 48 1 I 24,NASHVILLE,TN,37207,1106,EAST,36.1742,-86.7706,POINT (-86.7706 36.1742)
20190126418,02/15/2019 07:28:00 PM,1,0,0,Y,N,420040,0,NOT COLLISION W/MOTOR VEHICLE-TRANSPORT,2,RAIN,2,DARK - NOT LIGHTED,18,OTHER OBJECT (NOT FIXED),MM 3 9 I 440,NASHVILLE,TN,37204,7010,MIDTOW,36.1161,-86.7913,POINT (-86.7913 36.1161)
20190100734,02/06/2019 04:02:00 PM,2,0,0,,N,267831,11,Front to Rear,2,RAIN,1,DAYLIGHT,12,MOTOR VEHICLE IN TRANSPORT,CHARLOTTE PKE & OLD CHARLOTTE PKE,NASHVILLE,TN,37209,5009,WEST,36.1318,-86.8958,POINT (-86.8958 36.1318)
20190410750,05/29/2019 04:45:00 PM,2,0,0,,Y,717341,4,ANGLE,21,CLEAR,1,DAYLIGHT,12,MOTOR VEHICLE IN TRANSPORT,MM 56 5 I 24,NASHVILLE,TN,37211,8708,SOUTH,36.0756,-86.6938,POINT (-86.6938 36.0756)
20190208887,03/17/2019 08:30:00 PM,2,0,0,,Y,298875,11,Front to Rear,21,CLEAR,3,DARK - LIGHTED,12,MOTOR VEHICLE IN TRANSPORT,COLLINS PARK DR & BELL RD,ANTIOCH,TN,37013,8863,SOUTH,36.046,-86.6581,POINT (-86.6581 36.046)
20190488722,06/28/2019 12:46:00 PM,2,0,0,,N,352189,11,Front to Rear,21,CLEAR,1,DAYLIGHT,12,MOTOR VEHICLE IN TRANSPORT,WOODMONT BLVD & LEALAND LN,NASHVILLE,TN,37204,7007,MIDTOW,36.1111,-86.7884,POINT (-86.7884 36.1111)
20190515040,07/09/2019 06:05:00 PM,2,1,0,,Y,206675,4,ANGLE,21,CLEAR,1,DAYLIGHT,12,MOTOR VEHICLE IN TRANSPORT,NOLENSVILLE PKE & HICKORYVIEW DR,NASHVILLE,TN,37211,8717,SOUTH,36.0488,-86.7137,POINT (-86.7137 36.0488)
20190009997,01/04/2019 05:25:00 PM,3,1,0,,N,256499,11,Front to Rear,22,CLOUDY,2,DARK - NOT LIGHTED,12,MOTOR VEHICLE IN TRANSPORT,DEMONBREUN ST & I40 E ENT RAMP,NASHVILLE,TN,37203,6721,MIDTOW,36.1536,-86.7884,POINT (-86.7884 36.1536)
20190551948,07/24/2019 09:43:00 AM,1,0,0,Y,N,352205,0,NOT COLLISION W/MOTOR VEHICLE-TRANSPORT,21,CLEAR,1,DAYLIGHT,31,"OTHER POST, POLE, SUPP.",DABBS AV & 24TH ST,OLD HICKORY,TN,37138,9711,HERMIT,36.249,-86.6394,POINT (-86.6394 36.249)
20190060256,01/23/2019 06:03:00 PM,3,1,0,,Y,256426,11,Front to Rear,2,RAIN,3,DARK - LIGHTED,12,MOTOR VEHICLE IN TRANSPORT,MM 213 5 I 40,NASHVILLE,TN,37210,90062,HERMIT,36.1406,-86.7215,POINT (-86.7215 36.1406)
20190162578,02/28/2019 09:08:00 PM,1,0,0,,N,256383,0,NOT COLLISION W/MOTOR VEHICLE-TRANSPORT,22,CLOUDY,3,DARK - LIGHTED,18,OTHER OBJECT (NOT FIXED),MM 211 9 I 40,NASHVILLE,TN,37210,90022,HERMIT,36.1487,-86.7459,POINT (-86.7459 36.1487)
20190486464,06/27/2019 04:49:00 PM,2,0,0,,N,493312,4,ANGLE,21,CLEAR,1,DAYLIGHT,12,MOTOR VEHICLE IN TRANSPORT,N 1ST ST & SPRING ST,NASHVILLE,TN,37213,1985,CENTRA,36.177,-86.7746,POINT (-86.7746 36.177)
20190344859,05/05/2019 12:37:00 PM,1,0,0,Y,Y,630627,0,NOT COLLISION W/MOTOR VEHICLE-TRANSPORT,22,CLOUDY,1,DAYLIGHT,29,LUMINAIRE/LIGHT SUPPORT,WEST END AV & 18TH AVS,NASHVILLE,TN,37203,5707,MIDTOW,36.1531,-86.7959,POINT (-86.7959 36.1531)
20190106713,02/08/2019 07:30:00 PM,2,1,0,,N,311803,11,Front to Rear,21,CLEAR,2,DARK - NOT LIGHTED,12,MOTOR VEHICLE IN TRANSPORT,MM 3 8 I 440,NASHVILLE,TN,37212,6502,MIDTOW,36.1163,-86.7919,POINT (-86.7919 36.1163)
20190022628,01/09/2019 03:41:00 PM,2,0,0,,Y,226827,5,SIDESWIPE - SAME DIRECTION,21,CLEAR,1,DAYLIGHT,12;14,MOTOR VEHICLE IN TRANSPORT;PARKED MOTOR VEHICLE,2232 GALLATIN PKEN,MADISON,TN,37115,1721,MADISO,36.3073,-86.6848,POINT (-86.6848 36.3073)
20190289683,04/15/2019 06:26:00 PM,2,1,0,,N,267831,4,ANGLE,21,CLEAR,1,DAYLIGHT,12,MOTOR VEHICLE IN TRANSPORT,HARDING PKE & ROYAL OAKS CONDOS PVTDR,NASHVILLE,TN,37205,6101,WEST,36.1235,-86.8497,POINT (-86.8497 36.1235)
20190205314,03/16/2019 08:46:00 AM,2,0,0,,Y,298864,11,Front to Rear,21,CLEAR,1,DAYLIGHT,12,MOTOR VEHICLE IN TRANSPORT,MM 89 8 I 65,NASHVILLE,TN,37207,2002,MADISO,36.237,-86.7602,POINT (-86.7602 36.237)
20190217307,03/20/2019 02:17:00 PM,2,0,0,,Y,414731,4,ANGLE,21,CLEAR,1,DAYLIGHT,12,MOTOR VEHICLE IN TRANSPORT,DELVIN DR & TUSCULUM CT,NASHVILLE,TN,37211,8717,SOUTH,36.0529,-86.697,POINT (-86.697 36.0529)
20190079603,01/30/2019 09:55:00 AM,2,1,0,,N,716886,11,Front to Rear,21,CLEAR,1,DAYLIGHT,12,MOTOR VEHICLE IN TRANSPORT,NOLENSVILLE PKE & HARDING PL,NASHVILLE,TN,37211,8445,SOUTH,36.0809,-86.7267,POINT (-86.7267 36.0809)
20190516559,07/10/2019 07:25:00 AM,2,0,0,,N,352156,11,Front to Rear,21,CLEAR,1,DAYLIGHT,12,MOTOR VEHICLE IN TRANSPORT,0 I65 S EXT RAMP,MADISON,TN,37115,20044,MADISO,36.2481,-86.743,POINT (-86.743 36.2481)
20190060058,01/23/2019 03:50:00 PM,2,0,0,,N,279214,4,ANGLE,2,RAIN,1,DAYLIGHT,12,MOTOR VEHICLE IN TRANSPORT,32ND AVS & WEST END AV,NASHVILLE,TN,37212,5817,MIDTOW,36.142,-86.8162,POINT (-86.8162 36.142)
20190187113,03/09/2019 04:42:00 PM,2,0,0,,N,414711,4,ANGLE,2,RAIN,1,DAYLIGHT,12,MOTOR VEHICLE IN TRANSPORT,HILLSBORO PKE & ABBOTT MARTIN RD,NASHVILLE,TN,37215,6111,WEST,36.1054,-86.8142,POINT (-86.8142 36.1054)
20190144209,02/22/2019 06:30:00 AM,1,1,0,Y,N,240952,0,NOT COLLISION W/MOTOR VEHICLE-TRANSPORT,2,RAIN,9,UNKNOWN,71,EMBANKMENT EARTH,MM 62 3 I 24,ANTIOCH,TN,37013,8806,SOUTH,36.0177,-86.6241,POINT (-86.6241 36.0177)
20190087171,02/01/2019 04:42:00 PM,2,0,0,,N,256419,5,SIDESWIPE - SAME DIRECTION,21,CLEAR,1,DAYLIGHT,12,MOTOR VEHICLE IN TRANSPORT,CHARLOTTE AV & 14TH AVN,NASHVILLE,TN,37203,5501,MIDTOW,36.1606,-86.7941,POINT (-86.7941 36.1606)
20190289566,04/15/2019 05:34:00 PM,2,2,0,,N,206675,4,ANGLE,21,CLEAR,1,DAYLIGHT,12,MOTOR VEHICLE IN TRANSPORT,BLAIR BLVD & 18TH AVS,NASHVILLE,TN,37212,6605,MIDTOW,36.1299,-86.7977,POINT (-86.7977 36.1299)
20190378823,05/17/2019 05:45:00 PM,2,1,0,,N,311327,11,Front to Rear,21,CLEAR,1,DAYLIGHT,12,MOTOR VEHICLE IN TRANSPORT,GALLATIN PKE & BURCHWOOD AV,NASHVILLE,TN,37216,1403,EAST,36.201,-86.7399,POINT (-86.7399 36.201)
20190553671,07/24/2019 09:00:00 PM,3,0,0,,Y,212342,5,SIDESWIPE - SAME DIRECTION,21,CLEAR,3,DARK - LIGHTED,12,MOTOR VEHICLE IN TRANSPORT,MM 217 8 I 40,NASHVILLE,TN,37214,8906,HERMIT,36.141,-86.6569,POINT (-86.6569 36.141)
20190265256,04/06/2019 12:53:00 PM,3,0,0,,Y,693102,11,Front to Rear,21,CLEAR,1,DAYLIGHT,12,MOTOR VEHICLE IN TRANSPORT,MM 214 6 I 40,NASHVILLE,TN,37210,90060,HERMIT,36.1437,-86.7027,POINT (-86.7027 36.1437)
20190119164,02/13/2019 11:14:00 AM,2,0,0,,N,109534,5,SIDESWIPE - SAME DIRECTION,21,CLEAR,1,DAYLIGHT,12,MOTOR VEHICLE IN TRANSPORT,I40 W EXT RAMP & I 40,NASHVILLE,TN,37203,4119,CENTRA,36.1574,-86.79,POINT (-86.79 36.1574)
20190109569,02/10/2019 02:36:00 AM,4,1,0,,N,166477,4,ANGLE,21,CLEAR,3,DARK - LIGHTED,12;54,MOTOR VEHICLE IN TRANSPORT;Set In Motion By Motor Vehicle,BELL RD & MT VIEW RD,ANTIOCH,TN,37013,8865,SOUTH,36.05,-86.6496,POINT (-86.6496 36.05)
20190365666,05/13/2019 10:38:00 AM,2,2,0,,N,755026,11,Front to Rear,21,CLEAR,1,DAYLIGHT,12,MOTOR VEHICLE IN TRANSPORT,I24E & I24 W EXT RAMP,NASHVILLE,TN,37210,8102,SOUTH,36.1336,-86.7269,POINT (-86.7269 36.1336)
20190331206,04/30/2019 07:00:00 AM,2,0,0,,N,224953,6,SIDESWIPE - OPPOSITE DIRECTION,21,CLEAR,1,DAYLIGHT,12,MOTOR VEHICLE IN TRANSPORT,COMMERCE ST & 2ND AVN,NASHVILLE,TN,37201,4101,CENTRA,36.1633,-86.7761,POINT (-86.7761 36.1633)
20190453516,06/14/2019 06:38:00 PM,1,1,0,,N,330435,0,NOT COLLISION W/MOTOR VEHICLE-TRANSPORT,21,CLEAR,1,DAYLIGHT,8,PEDESTRIAN,GALLATIN PKE & HART LN,NASHVILLE,TN,37216,1441,EAST,36.2116,-86.7326,POINT (-86.7326 36.2116)
20190393824,05/23/2019 09:15:00 AM,2,0,0,,N,191578,5,SIDESWIPE - SAME DIRECTION,21,CLEAR,1,DAYLIGHT,12,MOTOR VEHICLE IN TRANSPORT,DONELSON PKE & ELM HILL PKE,NASHVILLE,TN,37214,9105,HERMIT,36.1676,-86.7787,POINT (-86.7787 36.1676)
20190197451,03/13/2019 01:55:00 PM,1,0,0,Y,N,468030,0,NOT COLLISION W/MOTOR VEHICLE-TRANSPORT,22,CLOUDY,1,DAYLIGHT,27;60,H-WAY TRAFFIC SIGNAL POST;Cargo Equip Loss/Shift,SHELBY AV & S 16TH ST,NASHVILLE,TN,37206,1051,EAST,36.1705,-86.7429,POINT (-86.7429 36.1705)
20190396744,05/24/2019 07:05:00 AM,2,0,0,,N,311339,4,ANGLE,21,CLEAR,1,DAYLIGHT,12,MOTOR VEHICLE IN TRANSPORT,11TH AVS & DEMONBREUN ST,NASHVILLE,TN,37203,4019,CENTRA,36.1551,-86.7851,POINT (-86.7851 36.1551)
20190509064,07/06/2019 05:15:00 PM,2,0,0,,Y,330417,4,ANGLE,21,CLEAR,1,DAYLIGHT,12,MOTOR VEHICLE IN TRANSPORT,CHEYENNE BLVD & NOTTINGHAM DR,MADISON,TN,37115,1635,MADISO,36.259,-86.6787,POINT (-86.6787 36.259)
20190257718,04/03/2019 05:00:00 PM,2,0,0,,Y,299238,11,Front to Rear,21,CLEAR,1,DAYLIGHT,12,MOTOR VEHICLE IN TRANSPORT,MM 47 8 I 24,NASHVILLE,TN,37207,1904,CENTRA,36.1775,-86.7731,POINT (-86.7731 36.1775)
20190014636,01/06/2019 09:34:00 PM,1,0,0,,N,676824,0,NOT COLLISION W/MOTOR VEHICLE-TRANSPORT,21,CLEAR,3,DARK - LIGHTED,42,TREE,DR D B TODD JR BLVD & MEHARRY BLVD,NASHVILLE,TN,37208,5409,NORTH,36.1677,-86.8059,POINT (-86.8059 36.1677)
20190343973,05/05/2019 12:00:00 AM,1,1,0,,N,177482,0,NOT COLLISION W/MOTOR VEHICLE-TRANSPORT,2,RAIN,3,DARK - LIGHTED,1,,I40 E EXT RAMP & I 40,NASHVILLE,TN,37214,8955,HERMIT,36.155,-86.6271,POINT (-86.6271 36.155)
20190390939,05/22/2019 10:50:00 AM,2,0,0,,N,676834,5,SIDESWIPE - SAME DIRECTION,21,CLEAR,1,DAYLIGHT,14,PARKED MOTOR VEHICLE,ROSA L PARKS BLVD & CHEATHAM PL,NASHVILLE,TN,37208,4333,NORTH,36.1783,-86.7949,POINT (-86.7949 36.1783)
20190170619,03/04/2019 07:42:00 AM,2,0,0,,N,591936,11,Front to Rear,21,CLEAR,1,DAYLIGHT,12,MOTOR VEHICLE IN TRANSPORT,GRANNY WHITE PKE & NOELTON AV,NASHVILLE,TN,37204,7005,MIDTOW,36.1128,-86.7924,POINT (-86.7924 36.1128)
20190325705,04/27/2019 11:10:00 PM,2,0,0,,N,320591,16,Rear to Side,21,CLEAR,3,DARK - LIGHTED,14,PARKED MOTOR VEHICLE,APACHE TRL & HAYWOOD LN,NASHVILLE,TN,37211,8709,SOUTH,36.0696,-86.6939,POINT (-86.6939 36.0696)
20190366316,05/13/2019 12:00:00 AM,2,0,0,,N,298877,11,Front to Rear,21,CLEAR,1,DAYLIGHT,12,MOTOR VEHICLE IN TRANSPORT,MM 55 0 I 24,NASHVILLE,TN,37211,8812,SOUTH,36.0948,-86.7069,POINT (-86.7069 36.0948)
20190535397,07/17/2019 08:27:00 PM,2,0,0,,N,206675,3,REAR-TO-REAR,21,CLEAR,3,DARK - LIGHTED,12,MOTOR VEHICLE IN TRANSPORT,VAULX LN & GALE LN,NASHVILLE,TN,37204,6935,MIDTOW,36.1182,-86.7787,POINT (-86.7787 36.1182)
20190503940,07/04/2019 10:36:00 AM,1,0,0,Y,N,462474,0,NOT COLLISION W/MOTOR VEHICLE-TRANSPORT,21,CLEAR,1,DAYLIGHT,19,BUILDING,NOLENSVILLE PKE & WOODBINE ST,NASHVILLE,TN,37210,8317,SOUTH,36.1169,-86.7482,POINT (-86.7482 36.1169)
20190253443,04/02/2019 09:15:00 AM,2,0,0,,N,279230,11,Front to Rear,21,CLEAR,1,DAYLIGHT,12,MOTOR VEHICLE IN TRANSPORT,MM 58 2 I 24,ANTIOCH,TN,37013,87060,SOUTH,36.0564,-86.6761,POINT (-86.6761 36.0564)
20190134788,02/19/2019 07:21:00 AM,2,0,0,,N,109534,0,NOT COLLISION W/MOTOR VEHICLE-TRANSPORT,22,CLOUDY,1,DAYLIGHT,18,OTHER OBJECT (NOT FIXED),MM 212 4 I 40,NASHVILLE,TN,37210,82060,HERMIT,36.1441,-86.7389,POINT (-86.7389 36.1441)
20190027954,01/11/2019 02:00:00 PM,2,1,0,,N,717625,11,Front to Rear,21,CLEAR,1,DAYLIGHT,12,MOTOR VEHICLE IN TRANSPORT,DR D B TODD JR BLVD & BUCHANAN ST,NASHVILLE,TN,37208,4413,NORTH,36.1805,-86.8112,POINT (-86.8112 36.1805)
20190250187,04/01/2019 06:00:00 AM,2,1,0,,N,311339,4,ANGLE,21,CLEAR,7,Dark-Unknown Lighting,12,MOTOR VEHICLE IN TRANSPORT,MM 210 7 I 40,NASHVILLE,TN,37210,8202,HERMIT,36.1532,-86.7644,POINT (-86.7644 36.1532)
20190441749,06/10/2019 05:51:00 PM,3,0,0,,Y,620080,4,ANGLE,21,CLEAR,1,DAYLIGHT,12,MOTOR VEHICLE IN TRANSPORT,I40 W ENT RAMP & I 40,NASHVILLE,TN,37210,9007,HERMIT,36.1484,-86.7454,POINT (-86.7454 36.1484)
20190220179,03/21/2019 11:24:00 AM,1,0,0,Y,N,716886,0,NOT COLLISION W/MOTOR VEHICLE-TRANSPORT,21,CLEAR,1,DAYLIGHT,18,OTHER OBJECT (NOT FIXED),HOPEDALE DR & HAYWOOD LN,NASHVILLE,TN,37211,8703,SOUTH,36.0688,-86.7162,POINT (-86.7162 36.0688)
20190315769,04/24/2019 08:20:00 AM,2,0,0,,N,226136,11,Front to Rear,21,CLEAR,1,DAYLIGHT,12,MOTOR VEHICLE IN TRANSPORT,I65 N EXT RAMP & SIDCO DR,NASHVILLE,TN,37220,8601,MIDTOW,36.082,-86.7617,POINT (-86.7617 36.082)
20190184822,03/08/2019 05:17:00 PM,2,0,0,,N,256383,11,Front to Rear,2,RAIN,3,DARK - LIGHTED,12,MOTOR VEHICLE IN TRANSPORT,NOLENSVILLE PKE & NORTHCREST DR,NASHVILLE,TN,37211,8711,SOUTH,36.0667,-86.7179,POINT (-86.7179 36.0667)
20190407030,05/28/2019 11:56:00 AM,2,0,0,,N,212325,11,Front to Rear,22,CLOUDY,1,DAYLIGHT,12,MOTOR VEHICLE IN TRANSPORT,MYATT DR & ANDERSON LN,MADISON,TN,37115,1715,MADISO,36.2728,-86.6895,POINT (-86.6895 36.2728)
20190138890,02/20/2019 01:50:00 PM,2,0,0,,N,267831,11,Front to Rear,22,CLOUDY,1,DAYLIGHT,12,MOTOR VEHICLE IN TRANSPORT,ABBOTT MARTIN RD & SUGARTREE PL,NASHVILLE,TN,37215,6113,WEST,36.1083,-86.8277,POINT (-86.8277 36.1083)
20190546198,07/22/2019 08:08:00 AM,2,1,0,,N,306231,11,Front to Rear,22,CLOUDY,1,DAYLIGHT,12,MOTOR VEHICLE IN TRANSPORT,MM 85 6 I 65,NASHVILLE,TN,37208,43042,NORTH,36.1872,-86.7951,POINT (-86.7951 36.1872)
20190283810,04/13/2019 09:42:00 AM,1,1,0,,N,109534,0,NOT COLLISION W/MOTOR VEHICLE-TRANSPORT,2,RAIN,1,DAYLIGHT,24;39,GUARDRAIL FACE;WALL,I40 E EXT RAMP & I 40,NASHVILLE,TN,37214,8955,HERMIT,36.155,-86.6271,POINT (-86.6271 36.155)
20190266739,04/07/2019 12:00:00 AM,1,0,0,,Y,206672,0,NOT COLLISION W/MOTOR VEHICLE-TRANSPORT,2,RAIN,2,DARK - NOT LIGHTED,34,DITCH,EMMITT AV & GALLAVISTA AV,MADISON,TN,37115,1623,MADISO,36.2511,-86.712,POINT (-86.712 36.2511)
20190437713,06/08/2019 11:35:00 PM,2,1,0,,N,311326,4,ANGLE,21,CLEAR,3,DARK - LIGHTED,12,MOTOR VEHICLE IN TRANSPORT,JO JOHNSTON AV & 17TH AVN,NASHVILLE,TN,37203,5425,NORTH,36.1614,-86.7999,POINT (-86.7999 36.1614)
20190530836,07/16/2019 05:40:00 AM,2,0,0,,N,298859,11,Front to Rear,21,CLEAR,1,DAYLIGHT,12,MOTOR VEHICLE IN TRANSPORT,MM 222 0 I 40,HERMITAGE,TN,37076,9502,HERMIT,36.1694,-86.5791,POINT (-86.5791 36.1694)
20190309727,04/22/2019 04:10:00 PM,1,1,0,Y,N,206675,0,NOT COLLISION W/MOTOR VEHICLE-TRANSPORT,21,CLEAR,1,DAYLIGHT,19,BUILDING,27TH AVN & CENTENNIAL PARK PVTDR,NASHVILLE,TN,37203,5623,MIDTOW,36.1464,-86.8121,POINT (-86.8121 36.1464)
20190428669,06/05/2019 12:36:00 PM,2,1,0,,N,594473,11,Front to Rear,21,CLEAR,1,DAYLIGHT,12,MOTOR VEHICLE IN TRANSPORT,I440 W EXT RAMP & I 440,NASHVILLE,TN,37210,8101,SOUTH,36.1239,-86.7486,POINT (-86.7486 36.1239)
20190349920,05/07/2019 09:01:00 AM,2,0,0,,N,109534,4,ANGLE,21,CLEAR,1,DAYLIGHT,12,MOTOR VEHICLE IN TRANSPORT,TYLER DR & LEBANON PKE,HERMITAGE,TN,37076,9533,HERMIT,36.2011,-86.6176,POINT (-86.6176 36.2011)
20190221087,03/21/2019 05:23:00 PM,2,0,0,,Y,151132,4,ANGLE,22,CLOUDY,1,DAYLIGHT,12,MOTOR VEHICLE IN TRANSPORT,W WEBSTER ST & GALLATIN PKES,MADISON,TN,37115,1783,MADISO,36.2519,-86.7177,POINT (-86.7177 36.2519)
20190524325,07/13/2019 08:10:00 AM,1,0,0,Y,N,462474,0,NOT COLLISION W/MOTOR VEHICLE-TRANSPORT,21,CLEAR,1,DAYLIGHT,25;29,GUARDRAIL END;LUMINAIRE/LIGHT SUPPORT,MM 5 0 I 440,NASHVILLE,TN,37204,8306,MIDTOW,36.1164,-86.7714,POINT (-86.7714 36.1164)
20190415860,05/31/2019 10:50:00 AM,2,0,0,,N,571328,11,Front to Rear,21,CLEAR,1,DAYLIGHT,12,MOTOR VEHICLE IN TRANSPORT,LITTON AV & SCOTT AV,NASHVILLE,TN,37216,1415,EAST,36.2017,-86.7328,POINT (-86.7328 36.2017)
20190439482,06/09/2019 10:10:00 PM,2,1,0,,N,330443,5,SIDESWIPE - SAME DIRECTION,21,CLEAR,3,DARK - LIGHTED,12,MOTOR VEHICLE IN TRANSPORT,OLD HICKORY BLVD & HICKORY HILLS BLVD,WHITES CREEK,TN,37189,2015,MADISO,36.277,-86.7962,POINT (-86.7962 36.277)
20190446942,06/12/2019 12:59:00 PM,2,0,0,,N,462474,11,Front to Rear,22,CLOUDY,1,DAYLIGHT,12,MOTOR VEHICLE IN TRANSPORT,MM 6 3 I 440,NASHVILLE,TN,37211,8106,MIDTOW,36.1231,-86.7512,POINT (-86.7512 36.1231)
20190048723,01/19/2019 03:17:00 AM,2,0,0,Y,N,298871,0,NOT COLLISION W/MOTOR VEHICLE-TRANSPORT,2,RAIN,3,DARK - LIGHTED,14;33;43,PARKED MOTOR VEHICLE;CURB;OTHER FIXED OBJECTS,16TH AVS & TREMONT ST,NASHVILLE,TN,37212,6703,MIDTOW,36.1441,-86.793,POINT (-86.793 36.1441)
20190045604,01/18/2019 12:50:00 AM,2,0,0,,N,212335,11,Front to Rear,2,RAIN,2,DARK - NOT LIGHTED,12,MOTOR VEHICLE IN TRANSPORT,CHURCH ST & PRINTERS ALY,NASHVILLE,TN,37201,4131,CENTRA,36.164,-86.7784,POINT (-86.7784 36.164)
20190553956,07/25/2019 01:55:00 AM,1,1,0,,Y,320590,0,NOT COLLISION W/MOTOR VEHICLE-TRANSPORT,21,CLEAR,3,DARK - LIGHTED,8,PEDESTRIAN,JEFFERSON ST & 17TH AVN,NASHVILLE,TN,37208,5409,NORTH,36.1697,-86.8056,POINT (-86.8056 36.1697)
20190510149,07/07/2019 08:01:00 AM,2,0,0,,N,311331,5,SIDESWIPE - SAME DIRECTION,21,CLEAR,1,DAYLIGHT,12,MOTOR VEHICLE IN TRANSPORT,MM 87 5 I 65,NASHVILLE,TN,37207,1804,EAST,36.2091,-86.776,POINT (-86.776 36.2091)
20190131773,02/18/2019 07:45:00 AM,2,0,0,,N,109534,11,Front to Rear,21,CLEAR,1,DAYLIGHT,12,MOTOR VEHICLE IN TRANSPORT,ELM HILL PKE WB EXT RAMP & BRILEY PKWY N,NASHVILLE,TN,37214,9107,HERMIT,36.1527,-86.6905,POINT (-86.6905 36.1527)
20190222274,03/22/2019 02:11:00 AM,1,0,0,Y,Y,192378,0,NOT COLLISION W/MOTOR VEHICLE-TRANSPORT,22,CLOUDY,3,DARK - LIGHTED,38,FENCE,100 TWIN OAKS PVTDR,NASHVILLE,TN,37211,8409,SOUTH,36.101,-86.7185,POINT (-86.7185 36.101)
20190338712,05/02/2019 05:40:00 PM,2,0,0,,N,298860,11,Front to Rear,21,CLEAR,1,DAYLIGHT,12,MOTOR VEHICLE IN TRANSPORT,LEBANON PKE & TYLER DR,HERMITAGE,TN,37076,9719,HERMIT,36.1776,-86.6167,POINT (-86.6167 36.1776)
20190122538,02/14/2019 12:54:00 PM,2,0,0,,N,191578,11,Front to Rear,21,CLEAR,1,DAYLIGHT,12,MOTOR VEHICLE IN TRANSPORT,OLD MURFREESBORO PKE & SMITH SPRINGS RD,NASHVILLE,TN,37217,8947,HERMIT,36.0975,-86.6552,POINT (-86.6552 36.0975)
20190072519,01/28/2019 07:46:00 AM,1,1,0,,N,676834,0,NOT COLLISION W/MOTOR VEHICLE-TRANSPORT,21,CLEAR,1,DAYLIGHT,8,PEDESTRIAN,DR D B TODD JR BLVD & WHELESS ST,NASHVILLE,TN,37208,4471,NORTH,36.176,-86.8093,POINT (-86.8093 36.176)
20190394427,05/23/2019 01:22:00 PM,3,1,0,,N,352212,11,Front to Rear,21,CLEAR,1,DAYLIGHT,12,MOTOR VEHICLE IN TRANSPORT,MURFREESBORO PKE & SCOTT VALLEY DR,NASHVILLE,TN,37217,8937,HERMIT,36.0803,-86.6454,POINT (-86.6454 36.0803)
20190053764,01/20/2019 12:00:00 AM,2,0,0,,Y,716886,5,SIDESWIPE - SAME DIRECTION,21,CLEAR,1,DAYLIGHT,14,PARKED MOTOR VEHICLE,PICCADILLY ROW & CADOGAN WAY,ANTIOCH,TN,37013,8895,SOUTH,36.0832,-86.6608,POINT (-86.6608 36.0832)
20190205865,03/16/2019 01:56:00 PM,2,0,0,,Y,212343,11,Front to Rear,21,CLEAR,1,DAYLIGHT,12,MOTOR VEHICLE IN TRANSPORT,MM 86 0 I 65,NASHVILLE,TN,37208,4304,CENTRA,36.1916,-86.7859,POINT (-86.7859 36.1916)
20190126546,02/15/2019 09:10:00 PM,2,0,0,,N,298874,4,ANGLE,2,RAIN,3,DARK - LIGHTED,12,MOTOR VEHICLE IN TRANSPORT,MM 49 2 I 24,NASHVILLE,TN,37213,1002,CENTRA,36.1637,-86.7625,POINT (-86.7625 36.1637)
20190219824,03/21/2019 09:10:00 AM,2,0,0,,N,591936,11,Front to Rear,21,CLEAR,1,DAYLIGHT,12,MOTOR VEHICLE IN TRANSPORT,MM 77 7 I 65,NASHVILLE,TN,37220,86042,MIDTOW,36.0804,-86.7642,POINT (-86.7642 36.0804)
20190574251,08/02/2019 09:25:00 AM,2,0,0,,N,191578,0,NOT COLLISION W/MOTOR VEHICLE-TRANSPORT,21,CLEAR,1,DAYLIGHT,18,OTHER OBJECT (NOT FIXED),MCGAVOCK PKE WB ENT RAMP & BRILEY PKWYN,NASHVILLE,TN,37214,92901,HERMIT,36.2164,-86.6921,POINT (-86.6921 36.2164)
20190473719,06/22/2019 05:42:00 PM,2,0,0,,N,299257,11,Front to Rear,21,CLEAR,1,DAYLIGHT,12,MOTOR VEHICLE IN TRANSPORT,HILLSBORO PKE & CRESTMOOR RD,NASHVILLE,TN,37215,6413,MIDTOW,36.1091,-86.8119,POINT (-86.8119 36.1091)
20190439303,06/09/2019 06:29:00 PM,2,0,0,,N,320597,4,ANGLE,22,CLOUDY,1,DAYLIGHT,12,MOTOR VEHICLE IN TRANSPORT,KEELEY DR & HAYWOOD LN,NASHVILLE,TN,37211,8709,SOUTH,36.0697,-86.6959,POINT (-86.6959 36.0697)
20190335358,05/01/2019 02:45:00 PM,2,0,0,,N,212344,5,SIDESWIPE - SAME DIRECTION,21,CLEAR,1,DAYLIGHT,12,MOTOR VEHICLE IN TRANSPORT,MAIN ST ENT RAMP & SPRING ST,NASHVILLE,TN,37207,1995,EAST,36.1732,-86.7657,POINT (-86.7657 36.1732)