Accident Number,Date and Time,Number of Motor Vehicles,Number of Injuries,Number of Fatalities,Property Damage,Hit and Run,Reporting Officer,Collision Type Code,Collision Type Description,Weather Code,Weather Description,Illumination Code,Illumination Description,Harmful Code,Harmful Code Description,Street Address,City,State,ZIP,RPA,Precinct,Latitude,Longitude,Mapped Location
20190550480,07/23/2019 08:40:00 PM,2,1,0,Y,N,330431,2,HEAD-ON,21,CLEAR,3,DARK - LIGHTED,12,MOTOR VEHICLE IN TRANSPORT,FAIRVIEW DR & SOUTHVIEW DR,NASHVILLE,TN,37218,3149,NORTH,36.2118,-86.8436,POINT (-86.8436 36.2118)
20190108185,02/09/2019 10:52:00 AM,2,0,0,,N,620072,4,ANGLE,21,CLEAR,1,DAYLIGHT,12,MOTOR VEHICLE IN TRANSPORT,17TH AVS & BROADWAY,NASHVILLE,TN,37203,5705,MIDTOW,36.1533,-86.794,POINT (-86.794 36.1533)
20190036249,01/14/2019 11:02:00 PM,2,2,0,,N,330420,4,ANGLE,21,CLEAR,3,DARK - LIGHTED,12,MOTOR VEHICLE IN TRANSPORT,MAXWELL RD & LAVERGNE COUCHVILLE PKE,ANTIOCH,TN,37013,8967,SOUTH,36.0374,-86.5864,POINT (-86.5864 36.0374)
20190366989,05/13/2019 09:10:00 PM,2,1,0,,N,206675,11,Front to Rear,21,CLEAR,3,DARK - LIGHTED,12,MOTOR VEHICLE IN TRANSPORT,CHARLOTTE AV & 17TH AVN,NASHVILLE,TN,37203,5425,NORTH,36.1591,-86.7976,POINT (-86.7976 36.1591)
20190468286,06/20/2019 01:46:00 PM,2,0,0,,N,191578,5,SIDESWIPE - SAME DIRECTION,21,CLEAR,1,DAYLIGHT,12,MOTOR VEHICLE IN TRANSPORT,LEBANON PKE & BONNAFORD DR,HERMITAGE,TN,37076,9613,HERMIT,36.1948,-86.6227,POINT (-86.6227 36.1948)
20190397313,05/24/2019 11:49:00 AM,2,0,0,,Y,462474,11,Front to Rear,21,CLEAR,1,DAYLIGHT,55,Motor Vehicle-In-Motion Outside Trafficw,OLD HICKORY BLVD & COZY CREEK LN,BRENTWOOD,TN,37027,8621,MIDTOW,36.041,-86.7462,POINT (-86.7462 36.041)
20190505125,07/04/2019 10:24:00 PM,2,1,0,,N,197054,98,OTHER,21,CLEAR,3,DARK - LIGHTED,12,MOTOR VEHICLE IN TRANSPORT,KAREN DR & ENVIOUS LN,NASHVILLE,TN,37217,8827,HERMIT,36.1396,-86.7008,POINT (-86.7008 36.1396)
20190441552,06/10/2019 02:13:00 PM,2,0,0,,Y,256383,11,Front to Rear,22,CLOUDY,1,DAYLIGHT,12,MOTOR VEHICLE IN TRANSPORT,OLD HICKORY BLVD & LOGISTICS WAY,ANTIOCH,TN,37013,8869,SOUTH,36.0286,-86.614,POINT (-86.614 36.0286)
20190574981,08/02/2019 03:00:00 PM,2,0,0,,Y,256448,5,SIDESWIPE - SAME DIRECTION,21,CLEAR,1,DAYLIGHT,12,MOTOR VEHICLE IN TRANSPORT,BRILEY PKWYN & WINDEMERE DR,NASHVILLE,TN,37214,92980,HERMIT,36.1791,-86.6955,POINT (-86.6955 36.1791)
20190347661,05/06/2019 01:20:00 PM,2,0,0,,Y,551975,5,SIDESWIPE - SAME DIRECTION,21,CLEAR,1,DAYLIGHT,12;54,MOTOR VEHICLE IN TRANSPORT;Set In Motion By Motor Vehicle,ROSA L PARKS BLVD & ROSA L PARKS AV,NASHVILLE,TN,37203,4147,CENTRA,36.1618,-86.7842,POINT (-86.7842 36.1618)
20190345318,05/05/2019 05:55:00 PM,2,0,0,,Y,579971,5,SIDESWIPE - SAME DIRECTION,21,CLEAR,1,DAYLIGHT,12,MOTOR VEHICLE IN TRANSPORT,MURFREESBORO PKE & MOUNTAIN SPRINGS RD,ANTIOCH,TN,37013,8927,SOUTH,36.0478,-86.6121,POINT (-86.6121 36.0478)
20190471282,06/21/2019 01:40:00 PM,2,0,0,,N,226306,4,ANGLE,22,CLOUDY,1,DAYLIGHT,12,MOTOR VEHICLE IN TRANSPORT,HIGHWAY 100 & OLD HARDING PKE,NASHVILLE,TN,37221,4807,WEST,36.0445,-86.956,POINT (-86.956 36.0445)
20190569992,07/31/2019 05:03:00 PM,2,0,0,,N,240979,11,Front to Rear,21,CLEAR,1,DAYLIGHT,12,MOTOR VEHICLE IN TRANSPORT,GALLATIN PKEN & ALTUS AV,MADISON,TN,37115,1721,MADISO,36.2896,-86.7042,POINT (-86.7042 36.2896)
20190331879,04/30/2019 12:15:00 PM,2,0,0,,Y,665896,5,SIDESWIPE - SAME DIRECTION,21,CLEAR,1,DAYLIGHT,12,MOTOR VEHICLE IN TRANSPORT,TREVECCA AV & STROUSE AV,NASHVILLE,TN,37206,1895,EAST,36.194,-86.7452,POINT (-86.7452 36.194)
20190228264,03/24/2019 11:44:00 AM,2,0,0,,N,320595,5,SIDESWIPE - SAME DIRECTION,22,CLOUDY,1,DAYLIGHT,12,MOTOR VEHICLE IN TRANSPORT,MURFREESBORO PKE & DOVER GLEN PVTDR,ANTIOCH,TN,37013,8891,SOUTH,36.0778,-86.6423,POINT (-86.6423 36.0778)
20190302248,04/19/2019 02:50:00 PM,2,1,0,,N,256427,11,Front to Rear,2,RAIN,1,DAYLIGHT,12,MOTOR VEHICLE IN TRANSPORT,MM 210 6 I 40,NASHVILLE,TN,37210,8202,HERMIT,36.1526,-86.7659,POINT (-86.7659 36.1526)
20190130244,02/17/2019 03:09:00 PM,2,2,0,,N,179606,11,Front to Rear,2,RAIN,1,DAYLIGHT,12,MOTOR VEHICLE IN TRANSPORT,MM 4 9 I 440,NASHVILLE,TN,37204,7014,MIDTOW,36.1159,-86.7735,POINT (-86.7735 36.1159)
20190017328,01/07/2019 05:31:00 PM,2,0,0,,N,256383,5,SIDESWIPE - SAME DIRECTION,21,CLEAR,3,DARK - LIGHTED,12,MOTOR VEHICLE IN TRANSPORT,LAFAYETTE ST & 2ND AVS,NASHVILLE,TN,37210,8201,HERMIT,36.1507,-86.768,POINT (-86.768 36.1507)
20190135284,02/19/2019 10:02:00 AM,2,0,0,,N,420059,11,Front to Rear,22,CLOUDY,1,DAYLIGHT,12,MOTOR VEHICLE IN TRANSPORT,NOLENSVILLE PKE & WALLACE RD,NASHVILLE,TN,37211,8609,MIDTOW,36.0783,-86.726,POINT (-86.726 36.0783)
20190265053,04/06/2019 10:30:00 AM,3,0,0,,N,320601,4,ANGLE,21,CLEAR,1,DAYLIGHT,12,MOTOR VEHICLE IN TRANSPORT,EDMONDSON PKE & WALLACE RD,NASHVILLE,TN,37211,8661,MIDTOW,36.0771,-86.7256,POINT (-86.7256 36.0771)
20190501703,07/03/2019 01:30:00 PM,2,0,0,,N,226622,11,Front to Rear,21,CLEAR,1,DAYLIGHT,12,MOTOR VEHICLE IN TRANSPORT,CHARLOTTE PKE & OLD CHARLOTTE PKE,NASHVILLE,TN,37209,5009,WEST,36.1318,-86.8958,POINT (-86.8958 36.1318)
20190423785,06/03/2019 08:38:00 PM,2,2,0,,Y,717341,4,ANGLE,21,CLEAR,3,DARK - LIGHTED,12,MOTOR VEHICLE IN TRANSPORT,NOLENSVILLE PKE & BREWER DR,NASHVILLE,TN,37211,8715,SOUTH,36.0535,-86.715,POINT (-86.715 36.0535)
20190165101,03/01/2019 06:45:00 PM,2,0,0,,N,298874,4,ANGLE,22,CLOUDY,3,DARK - LIGHTED,12,MOTOR VEHICLE IN TRANSPORT,ARDEE AV & GALLATIN PKE,NASHVILLE,TN,37216,1425,EAST,36.2196,-86.7274,POINT (-86.7274 36.2196)
20190203641,03/15/2019 12:00:00 AM,3,2,0,,N,279200,11,Front to Rear,21,CLEAR,1,DAYLIGHT,12,MOTOR VEHICLE IN TRANSPORT,MM 49 6 I 24,NASHVILLE,TN,37210,4008,CENTRA,36.1571,-86.7604,POINT (-86.7604 36.1571)
20190541934,07/20/2019 04:30:00 AM,1,0,0,,N,429188,0,NOT COLLISION W/MOTOR VEHICLE-TRANSPORT,21,CLEAR,7,Dark-Unknown Lighting,33,CURB,MURFREESBORO RD & MURFREESBORO,ANTIOCH,TN,37013,8927,SOUTH,36.0508,-86.6132,POINT (-86.6132 36.0508)
20190075757,01/29/2019 07:20:00 AM,2,0,0,,N,109534,11,Front to Rear,21,CLEAR,1,DAYLIGHT,12,MOTOR VEHICLE IN TRANSPORT,MM 219 3 I 40,NASHVILLE,TN,37214,94022,HERMIT,36.159,-86.6242,POINT (-86.6242 36.159)
20190223748,03/22/2019 01:38:00 PM,2,0,0,,Y,156307,5,SIDESWIPE - SAME DIRECTION,21,CLEAR,1,DAYLIGHT,12,MOTOR VEHICLE IN TRANSPORT,ROSA L PARKS BLVD & MADISON ST,NASHVILLE,TN,37208,4305,NORTH,36.1738,-86.7917,POINT (-86.7917 36.1738)
20190267878,04/07/2019 04:32:00 PM,2,0,0,,Y,212346,5,SIDESWIPE - SAME DIRECTION,2,RAIN,1,DAYLIGHT,12,MOTOR VEHICLE IN TRANSPORT,MM 86 6 I 65,NASHVILLE,TN,37207,3002,NORTH,36.1959,-86.7761,POINT (-86.7761 36.1959)
20190177067,03/06/2019 05:46:00 AM,2,1,0,Y,N,311343,4,ANGLE,21,CLEAR,1,DAYLIGHT,12;43,MOTOR VEHICLE IN TRANSPORT;OTHER FIXED OBJECTS,31ST AVS & 31ST AVN,NASHVILLE,TN,37212,5815,MIDTOW,36.1424,-86.8153,POINT (-86.8153 36.1424)
20190476745,06/24/2019 08:03:00 AM,2,6,1,,N,320575,2,HEAD-ON,2,RAIN,1,DAYLIGHT,12,MOTOR VEHICLE IN TRANSPORT,MT VIEW RD & HICKORY HOLLOW PKWY,ANTIOCH,TN,37013,8859,SOUTH,36.0588,-86.6705,POINT (-86.6705 36.0588)
20190323043,04/26/2019 04:49:00 PM,2,0,0,,N,279124,4,ANGLE,21,CLEAR,1,DAYLIGHT,14,PARKED MOTOR VEHICLE,EASTVIEW DR & PACKARD DR,ANTIOCH,TN,37013,8713,SOUTH,36.064,-86.6879,POINT (-86.6879 36.064)
20190334192,05/01/2019 06:10:00 AM,2,0,0,,N,660929,4,ANGLE,21,CLEAR,4,DAWN,14,PARKED MOTOR VEHICLE,400 HICKORY TRACE DR PVTDR,NASHVILLE,TN,37211,8655,MIDTOW,36.0477,-86.7168,POINT (-86.7168 36.0477)
20190342652,05/04/2019 08:46:00 AM,2,0,0,,N,348631,5,SIDESWIPE - SAME DIRECTION,2,RAIN,1,DAYLIGHT,12,MOTOR VEHICLE IN TRANSPORT,MM 88 0 I 65,NASHVILLE,TN,37207,18041,EAST,36.2165,-86.775,POINT (-86.775 36.2165)
20190433631,06/07/2019 07:55:00 AM,1,0,0,,N,799013,0,NOT COLLISION W/MOTOR VEHICLE-TRANSPORT,2,RAIN,1,DAYLIGHT,24,GUARDRAIL FACE,BRILEY PKWYS & BRILEY PKWYN,NASHVILLE,TN,37218,3212,NORTH,36.2142,-86.8724,POINT (-86.8724 36.2142)
20190329403,04/29/2019 03:29:00 PM,2,0,0,,N,320585,11,Front to Rear,21,CLEAR,1,DAYLIGHT,12,MOTOR VEHICLE IN TRANSPORT,LEBANON PKE & MUNN RD,NASHVILLE,TN,37214,9401,HERMIT,36.1684,-86.6569,POINT (-86.6569 36.1684)
20190506566,07/05/2019 12:44:00 PM,2,0,0,,Y,109534,5,SIDESWIPE - SAME DIRECTION,21,CLEAR,1,DAYLIGHT,12;99,MOTOR VEHICLE IN TRANSPORT;UNKNOWN MOST HARMFUL EVENT,I40 E ENT RAMP & I 24,NASHVILLE,TN,37217,8816,SOUTH,36.1363,-86.7267,POINT (-86.7267 36.1363)
20190012209,01/05/2019 04:40:00 PM,1,0,0,Y,N,579971,0,NOT COLLISION W/MOTOR VEHICLE-TRANSPORT,21,CLEAR,5,DUSK,39;40,WALL;MAIL BOX,MT VIEW RD & TRU LONG DR,ANTIOCH,TN,37013,8977,SOUTH,36.0669,-86.5998,POINT (-86.5998 36.0669)
20190020010,01/08/2019 06:30:00 PM,2,0,0,,N,279214,11,Front to Rear,21,CLEAR,3,DARK - LIGHTED,12,MOTOR VEHICLE IN TRANSPORT,MILNER DR & HARDING PL,NASHVILLE,TN,37211,8609,MIDTOW,36.0778,-86.7316,POINT (-86.7316 36.0778)
20190498066,07/02/2019 09:23:00 AM,1,1,0,,N,690942,0,NOT COLLISION W/MOTOR VEHICLE-TRANSPORT,21,CLEAR,1,DAYLIGHT,8,PEDESTRIAN,JEFFERSON ST & 5TH AVN,NASHVILLE,TN,37219,4235,CENTRA,36.1743,-86.7874,POINT (-86.7874 36.1743)
20190351386,05/07/2019 05:05:00 PM,2,0,0,,N,279214,2,HEAD-ON,21,CLEAR,1,DAYLIGHT,12,MOTOR VEHICLE IN TRANSPORT,WEDGEWOOD AV & 12TH AVS,NASHVILLE,TN,37203,6913,MIDTOW,36.1361,-86.7879,POINT (-86.7879 36.1361)
20190466006,06/19/2019 05:22:00 PM,2,0,0,,N,226827,5,SIDESWIPE - SAME DIRECTION,22,CLOUDY,1,DAYLIGHT,12,MOTOR VEHICLE IN TRANSPORT,GALLATIN PKEN & CONFERENCE DR,MADISON,TN,37115,1731,MADISO,36.3026,-86.692,POINT (-86.692 36.3026)
20190511037,07/07/2019 09:32:00 PM,2,1,0,,Y,279225,11,Front to Rear,21,CLEAR,3,DARK - LIGHTED,12,MOTOR VEHICLE IN TRANSPORT,DONELSON PKE & I40 W EXT RAMP,NASHVILLE,TN,37214,9103,HERMIT,36.1415,-86.6666,POINT (-86.6666 36.1415)
20190162137,02/28/2019 04:20:00 PM,2,0,0,,N,298860,11,Front to Rear,21,CLEAR,1,DAYLIGHT,12,MOTOR VEHICLE IN TRANSPORT,BELL RD & ARBOR LAKE BLVD,HERMITAGE,TN,37076,9527,HERMIT,36.1627,-86.6001,POINT (-86.6001 36.1627)
20190347940,05/06/2019 04:48:00 PM,2,0,0,,N,717341,4,ANGLE,21,CLEAR,1,DAYLIGHT,12,MOTOR VEHICLE IN TRANSPORT,MM 54 0 I 24,NASHVILLE,TN,37211,88122,SOUTH,36.1064,-86.7188,POINT (-86.7188 36.1064)
20190255796,04/03/2019 03:35:00 AM,1,1,0,,N,212349,0,NOT COLLISION W/MOTOR VEHICLE-TRANSPORT,21,CLEAR,3,DARK - LIGHTED,39,WALL,I40 E EXT RAMP & 2ND AVS,NASHVILLE,TN,37210,8201,HERMIT,36.1513,-86.7684,POINT (-86.7684 36.1513)
20190068369,01/26/2019 11:47:00 AM,2,0,0,,N,298864,11,Front to Rear,21,CLEAR,1,DAYLIGHT,12,MOTOR VEHICLE IN TRANSPORT,GALLATIN PKES & MAPLE ST,MADISON,TN,37115,1607,MADISO,36.2617,-86.7124,POINT (-86.7124 36.2617)
20190105696,02/08/2019 11:33:00 AM,2,0,0,,N,226622,4,ANGLE,21,CLEAR,1,DAYLIGHT,12,MOTOR VEHICLE IN TRANSPORT,OLD HICKORY BLVD & SONYA DR,NASHVILLE,TN,37205,4903,WEST,36.1355,-86.8861,POINT (-86.8861 36.1355)
20190193503,03/12/2019 08:00:00 AM,2,0,0,,N,330411,5,SIDESWIPE - SAME DIRECTION,21,CLEAR,1,DAYLIGHT,12,MOTOR VEHICLE IN TRANSPORT,8TH AVS & SOUTH DOUGLAS AV,NASHVILLE,TN,37204,6945,MIDTOW,36.1312,-86.7788,POINT (-86.7788 36.1312)
20190143218,02/21/2019 08:50:00 PM,2,0,0,,Y,197067,5,SIDESWIPE - SAME DIRECTION,2,RAIN,1,DAYLIGHT,12,MOTOR VEHICLE IN TRANSPORT,5TH AVS & BROADWAY,NASHVILLE,TN,37203,4089,CENTRA,36.1605,-86.7784,POINT (-86.7784 36.1605)
20190391594,05/22/2019 03:45:00 PM,3,1,0,,Y,256427,11,Front to Rear,21,CLEAR,1,DAYLIGHT,12,MOTOR VEHICLE IN TRANSPORT,MM 212 0 I 40,NASHVILLE,TN,37210,90041,HERMIT,36.147,-86.7433,POINT (-86.7433 36.147)
20190394013,05/23/2019 10:20:00 AM,3,2,0,,N,716886,11,Front to Rear,21,CLEAR,1,DAYLIGHT,12,MOTOR VEHICLE IN TRANSPORT,MM 52 1 I 24,NASHVILLE,TN,37217,8816,SOUTH,36.1343,-86.7267,POINT (-86.7267 36.1343)
20190480824,06/25/2019 04:15:00 PM,2,0,0,,Y,197070,11,Front to Rear,21,CLEAR,1,DAYLIGHT,12,MOTOR VEHICLE IN TRANSPORT,CLARKSVILLE PKE & CLIFF DR,NASHVILLE,TN,37218,3157,NORTH,36.1923,-86.8291,POINT (-86.8291 36.1923)
20190329692,04/29/2019 05:07:00 PM,2,0,0,,N,299257,4,ANGLE,21,CLEAR,1,DAYLIGHT,12,MOTOR VEHICLE IN TRANSPORT,CALDWELL LN & LEALAND LN,NASHVILLE,TN,37204,7019,MIDTOW,36.106,-86.7891,POINT (-86.7891 36.106)
20190117389,02/12/2019 09:35:00 PM,2,0,0,,N,330411,5,SIDESWIPE - SAME DIRECTION,21,CLEAR,3,DARK - LIGHTED,12,MOTOR VEHICLE IN TRANSPORT,LEBANON PKE & J B ESTILLE DR,NASHVILLE,TN,37214,9125,HERMIT,36.1687,-86.6669,POINT (-86.6669 36.1687)
20190581596,08/05/2019 12:34:00 PM,2,0,0,,Y,225773,5,SIDESWIPE - SAME DIRECTION,21,CLEAR,1,DAYLIGHT,12,MOTOR VEHICLE IN TRANSPORT,HILLSBORO PKE & HAMPTON AV,NASHVILLE,TN,37215,6013,WEST,36.1161,-86.8106,POINT (-86.8106 36.1161)
20190139427,02/20/2019 06:00:00 PM,2,1,0,,N,298858,4,ANGLE,2,RAIN,3,DARK - LIGHTED,12,MOTOR VEHICLE IN TRANSPORT,4TH AVN & CHARLOTTE AV,NASHVILLE,TN,37201,4161,CENTRA,36.1664,-86.7807,POINT (-86.7807 36.1664)
20190121785,02/14/2019 07:45:00 AM,2,0,0,,N,755026,11,Front to Rear,21,CLEAR,1,DAYLIGHT,12,MOTOR VEHICLE IN TRANSPORT,ANTIOCH PKE & HARDING PL,NASHVILLE,TN,37211,8847,SOUTH,36.0874,-86.6922,POINT (-86.6922 36.0874)
20190547354,07/22/2019 04:54:00 PM,2,0,0,,N,524985,11,Front to Rear,2,RAIN,1,DAYLIGHT,12,MOTOR VEHICLE IN TRANSPORT,MM 85 1 I 65,NASHVILLE,TN,37208,43023,NORTH,36.1815,-86.7999,POINT (-86.7999 36.1815)
20190517519,07/10/2019 03:04:00 PM,2,0,0,,N,405418,11,Front to Rear,22,CLOUDY,1,DAYLIGHT,12,MOTOR VEHICLE IN TRANSPORT,EDMONDSON PKE & HOLT RD,BRENTWOOD,TN,37027,8623,MIDTOW,36.0138,-86.7383,POINT (-86.7383 36.0138)
20190004392,01/02/2019 05:11:00 PM,2,1,0,,N,267831,4,ANGLE,2,RAIN,3,DARK - LIGHTED,12,MOTOR VEHICLE IN TRANSPORT,WHITE BRIDGE PKE & CHARLOTTE PKE,NASHVILLE,TN,37209,5033,WEST,36.1494,-86.8579,POINT (-86.8579 36.1494)
20190559159,07/27/2019 02:09:00 AM,2,0,0,,Y,240972,4,ANGLE,21,CLEAR,3,DARK - LIGHTED,12,MOTOR VEHICLE IN TRANSPORT,DEMONBREUN ST & 3RD AVS,NASHVILLE,TN,37201,4051,CENTRA,36.1597,-86.7744,POINT (-86.7744 36.1597)
20190453501,06/14/2019 12:00:00 AM,2,0,0,,N,298861,4,ANGLE,21,CLEAR,1,DAYLIGHT,12,MOTOR VEHICLE IN TRANSPORT,LEBANON PKE & SPENCE LN,NASHVILLE,TN,37210,9019,HERMIT,36.1537,-86.7214,POINT (-86.7214 36.1537)
20190346926,05/06/2019 10:15:00 AM,2,1,0,,N,352198,4,ANGLE,21,CLEAR,1,DAYLIGHT,12,MOTOR VEHICLE IN TRANSPORT,MURPHY AV & ARENA AV,NASHVILLE,TN,37203,5507,MIDTOW,36.1558,-86.8039,POINT (-86.8039 36.1558)
20190004829,01/02/2019 08:32:00 PM,2,0,0,,Y,151132,4,ANGLE,2,RAIN,3,DARK - LIGHTED,12,MOTOR VEHICLE IN TRANSPORT,STATE RT 45 & GALLATIN PKEN,MADISON,TN,37115,1701,MADISO,36.2631,-86.7119,POINT (-86.7119 36.2631)
20190404939,05/27/2019 05:06:00 PM,2,1,0,,N,151132,4,ANGLE,22,CLOUDY,1,DAYLIGHT,12,MOTOR VEHICLE IN TRANSPORT,ANDERSON LN & GALLATIN PKEN,MADISON,TN,37115,1709,MADISO,36.2734,-86.71,POINT (-86.71 36.2734)
20190097590,02/05/2019 04:48:00 PM,2,0,0,,N,256384,11,Front to Rear,21,CLEAR,1,DAYLIGHT,12,MOTOR VEHICLE IN TRANSPORT,I24 E ENT RAMP & I 440,NASHVILLE,TN,37210,83043,SOUTH,36.1254,-86.7296,POINT (-86.7296 36.1254)
20190058434,08/05/2019 12:00:00 AM,1,0,0,,N,279216,0,NOT COLLISION W/MOTOR VEHICLE-TRANSPORT,21,CLEAR,3,DARK - LIGHTED,24,GUARDRAIL FACE,MM 88 7 I 65,NASHVILLE,TN,37207,20021,MADISO,36.2269,-86.7738,POINT (-86.7738 36.2269)
20190542059,07/20/2019 08:36:00 AM,2,0,0,,N,279110,5,SIDESWIPE - SAME DIRECTION,21,CLEAR,1,DAYLIGHT,12,MOTOR VEHICLE IN TRANSPORT,ANTIOCH PKE & HARDING PL,NASHVILLE,TN,37211,8847,SOUTH,36.0874,-86.6922,POINT (-86.6922 36.0874)
20190368374,05/14/2019 08:52:00 AM,2,0,0,,N,279110,11,Front to Rear,21,CLEAR,1,DAYLIGHT,12,MOTOR VEHICLE IN TRANSPORT,BRILEY PKWYN & EAST THOMPSON LN,NASHVILLE,TN,37211,8423,SOUTH,36.1095,-86.7281,POINT (-86.7281 36.1095)
20190110514,02/10/2019 02:30:00 PM,2,0,0,,N,299238,11,Front to Rear,2,RAIN,1,DAYLIGHT,12,MOTOR VEHICLE IN TRANSPORT,EASTLAND AV & N 16TH ST,NASHVILLE,TN,37206,1231,EAST,36.1831,-86.7408,POINT (-86.7408 36.1831)
20190460104,06/17/2019 04:40:00 PM,2,0,0,,N,109536,11,Front to Rear,21,CLEAR,1,DAYLIGHT,12,MOTOR VEHICLE IN TRANSPORT,RIVERGATE STATION PVTDR & GALLATIN PKEN,MADISON,TN,37115,1721,MADISO,36.2931,-86.7024,POINT (-86.7024 36.2931)
20190123389,02/14/2019 06:21:00 PM,2,0,0,,Y,151132,11,Front to Rear,21,CLEAR,2,DARK - NOT LIGHTED,12,MOTOR VEHICLE IN TRANSPORT,DOVERSIDE DR & SKYLINE COMMONS PVTDR,NASHVILLE,TN,37207,2011,MADISO,36.242,-86.7625,POINT (-86.7625 36.242)
20190511663,07/08/2019 06:43:00 AM,2,1,0,,N,279122,11,Front to Rear,21,CLEAR,1,DAYLIGHT,12,MOTOR VEHICLE IN TRANSPORT,MM 87 0 I 65,NASHVILLE,TN,37207,18020,EAST,36.2018,-86.7766,POINT (-86.7766 36.2018)
20190282742,04/12/2019 10:55:00 PM,3,1,0,,N,320578,4,ANGLE,21,CLEAR,3,DARK - LIGHTED,12,MOTOR VEHICLE IN TRANSPORT,RANSOM PL & MURFREESBORO PKE,NASHVILLE,TN,37217,8853,SOUTH,36.0694,-86.6409,POINT (-86.6409 36.0694)
20190389020,05/21/2019 07:10:00 PM,2,0,0,,N,352184,4,ANGLE,21,CLEAR,1,DAYLIGHT,12,MOTOR VEHICLE IN TRANSPORT,LINCOYA DR & MCGAVOCK PKE,NASHVILLE,TN,37214,9303,HERMIT,36.1778,-86.6785,POINT (-86.6785 36.1778)
20190432430,06/06/2019 03:24:00 PM,2,0,0,,N,279208,11,Front to Rear,22,CLOUDY,1,DAYLIGHT,12,MOTOR VEHICLE IN TRANSPORT,17TH AVN & CHURCH ST,NASHVILLE,TN,37203,5519,MIDTOW,36.1558,-86.7959,POINT (-86.7959 36.1558)
20190260601,04/04/2019 04:48:00 PM,3,2,0,,N,279194,11,Front to Rear,21,CLEAR,1,DAYLIGHT,12,MOTOR VEHICLE IN TRANSPORT,MM 208 3 I 40,NASHVILLE,TN,37203,54024,NORTH,36.166,-86.7949,POINT (-86.7949 36.166)
20190217591,03/20/2019 04:11:00 PM,2,0,0,,N,256380,11,Front to Rear,21,CLEAR,1,DAYLIGHT,12,MOTOR VEHICLE IN TRANSPORT,5TH AVN & VAN BUREN ST,NASHVILLE,TN,37208,4333,NORTH,36.179,-86.7905,POINT (-86.7905 36.179)
20190214423,03/19/2019 05:25:00 PM,2,0,0,,Y,161948,11,Front to Rear,21,CLEAR,1,DAYLIGHT,12,MOTOR VEHICLE IN TRANSPORT,MM 215 9 I 40,NASHVILLE,TN,37217,89020,HERMIT,36.1421,-86.6786,POINT (-86.6786 36.1421)
20190282349,04/12/2019 07:22:00 PM,2,1,0,,Y,279124,5,SIDESWIPE - SAME DIRECTION,21,CLEAR,3,DARK - LIGHTED,12,MOTOR VEHICLE IN TRANSPORT,MM 6 1 I 440,NASHVILLE,TN,37211,8106,MIDTOW,36.1221,-86.7542,POINT (-86.7542 36.1221)
20190043874,01/17/2019 11:15:00 AM,2,0,0,,Y,226673,5,SIDESWIPE - SAME DIRECTION,2,RAIN,1,DAYLIGHT,12,MOTOR VEHICLE IN TRANSPORT,MM 213 0 I 40,NASHVILLE,TN,37210,8219,HERMIT,36.1407,-86.7323,POINT (-86.7323 36.1407)
20190296352,04/17/2019 05:05:00 PM,3,2,0,,N,151132,4,ANGLE,22,CLOUDY,1,DAYLIGHT,12,MOTOR VEHICLE IN TRANSPORT,THE GALLERY AT RIVERGATE PVTDR & RIVERGA,MADISON,TN,37115,1731,MADISO,36.3015,-86.6918,POINT (-86.6918 36.3015)
20190238195,03/27/2019 05:04:00 PM,2,0,0,,Y,256383,11,Front to Rear,21,CLEAR,1,DAYLIGHT,12,MOTOR VEHICLE IN TRANSPORT,OLD HICKORY BLVD & BURKITT RD,ANTIOCH,TN,37013,8771,SOUTH,36.0051,-86.6218,POINT (-86.6218 36.0051)
20190461980,06/18/2019 10:32:00 AM,2,0,0,,N,109495,11,Front to Rear,22,CLOUDY,1,DAYLIGHT,12,MOTOR VEHICLE IN TRANSPORT,HARDING PL & HILLSBORO PKE,NASHVILLE,TN,37215,6115,WEST,36.0914,-86.8287,POINT (-86.8287 36.0914)
20190473679,06/22/2019 12:00:00 AM,2,0,0,,N,212344,11,Front to Rear,2,RAIN,1,DAYLIGHT,12,MOTOR VEHICLE IN TRANSPORT,JAMES ROBERTSON PKWY & ELLINGTON PKWY N,NASHVILLE,TN,37206,1109,EAST,36.1718,-86.768,POINT (-86.768 36.1718)
20190009548,01/04/2019 01:30:00 PM,3,0,0,,N,191578,11,Front to Rear,2,RAIN,1,DAYLIGHT,12,MOTOR VEHICLE IN TRANSPORT,OLD HICKORY BLVD & PLANTATION DR,HERMITAGE,TN,37076,9613,HERMIT,36.2006,-86.6209,POINT (-86.6209 36.2006)
20190008984,01/04/2019 08:30:00 AM,2,0,0,,N,405447,4,ANGLE,2,RAIN,1,DAYLIGHT,12,MOTOR VEHICLE IN TRANSPORT,HARDING PL & TROUSDALE DR,NASHVILLE,TN,37220,8601,MIDTOW,36.0811,-86.7584,POINT (-86.7584 36.0811)
20190050964,01/19/2019 11:10:00 PM,1,0,0,Y,N,256569,0,NOT COLLISION W/MOTOR VEHICLE-TRANSPORT,4,SNOW,3,DARK - LIGHTED,19;34;38,BUILDING;DITCH;FENCE,NEELYS BEND RD & RANDY RD,MADISON,TN,37115,1631,MADISO,36.2523,-86.6938,POINT (-86.6938 36.2523)