Accident Number,Date and Time,Number of Motor Vehicles,Number of Injuries,Number of Fatalities,Property Damage,Hit and Run,Reporting Officer,Collision Type Code,Collision Type Description,Weather Code,Weather Description,Illumination Code,Illumination Description,Harmful Code,Harmful Code Description,Street Address,City,State,ZIP,RPA,Precinct,Latitude,Longitude,Mapped Location
20190109077,02/09/2019 09:20:00 PM,2,0,0,,N,256446,4,ANGLE,21,CLEAR,3,DARK - LIGHTED,12,MOTOR VEHICLE IN TRANSPORT,TAMPA DR & HARDING PL,NASHVILLE,TN,37211,8705,SOUTH,36.0827,-86.7105,POINT (-86.7105 36.0827)
20190556275,07/25/2019 11:26:00 PM,2,2,0,,N,298871,4,ANGLE,21,CLEAR,3,DARK - LIGHTED,12,MOTOR VEHICLE IN TRANSPORT,DIVISION ST & MUSIC SQW,NASHVILLE,TN,37203,6733,MIDTOW,36.152,-86.7929,POINT (-86.7929 36.152)
20190207401,03/17/2019 07:20:00 AM,1,1,0,,N,481573,0,NOT COLLISION W/MOTOR VEHICLE-TRANSPORT,21,CLEAR,1,DAYLIGHT,8,PEDESTRIAN,WEDGEWOOD AV & 21ST AVS,NASHVILLE,TN,37212,5825,MIDTOW,36.1376,-86.8008,POINT (-86.8008 36.1376)
20190421388,06/02/2019 09:24:00 PM,1,0,0,,Y,299266,0,NOT COLLISION W/MOTOR VEHICLE-TRANSPORT,21,CLEAR,3,DARK - LIGHTED,41,SHRUBBERY,CUMMINGS PARK DR & CUMMINGS CT,ANTIOCH,TN,37013,8899,SOUTH,36.0703,-86.6811,POINT (-86.6811 36.0703)
20190540563,07/19/2019 05:38:00 PM,2,0,0,Y,N,405418,4,ANGLE,21,CLEAR,1,DAYLIGHT,12;31,"MOTOR VEHICLE IN TRANSPORT;OTHER POST, POLE, SUPP.",GRAYBAR LN & BELMONT BLVD,NASHVILLE,TN,37215,6415,MIDTOW,36.1103,-86.8004,POINT (-86.8004 36.1103)
20190290646,04/16/2019 01:35:00 AM,2,0,0,,Y,140806,5,SIDESWIPE - SAME DIRECTION,21,CLEAR,3,DARK - LIGHTED,12,MOTOR VEHICLE IN TRANSPORT,MM 6 6 I 440,NASHVILLE,TN,37210,81040,SOUTH,36.1243,-86.7447,POINT (-86.7447 36.1243)
20190313636,04/23/2019 04:42:00 PM,2,1,0,,N,256389,4,ANGLE,21,CLEAR,1,DAYLIGHT,12,MOTOR VEHICLE IN TRANSPORT,25TH AVN & BRANDAU PL,NASHVILLE,TN,37203,5617,MIDTOW,36.1484,-86.8092,POINT (-86.8092 36.1484)
20190304361,04/20/2019 12:20:00 PM,2,0,0,,N,571328,11,Front to Rear,2,RAIN,1,DAYLIGHT,12,MOTOR VEHICLE IN TRANSPORT,MM 86 5 I 65,NASHVILLE,TN,37207,3006,NORTH,36.1946,-86.7762,POINT (-86.7762 36.1946)
20190304279,04/20/2019 11:26:00 AM,1,1,0,,N,594473,0,NOT COLLISION W/MOTOR VEHICLE-TRANSPORT,3,"SLEET, HAIL",1,DAYLIGHT,8,PEDESTRIAN,WEDGEWOOD AV & 8TH AVS,NASHVILLE,TN,37204,6919,MIDTOW,36.1343,-86.7796,POINT (-86.7796 36.1343)
20190273798,04/09/2019 04:20:00 PM,2,0,0,,N,279124,4,ANGLE,21,CLEAR,1,DAYLIGHT,12,MOTOR VEHICLE IN TRANSPORT,PETTUS RD & PRESTON RD,ANTIOCH,TN,37013,8763,SOUTH,36.0207,-86.665,POINT (-86.665 36.0207)
20190475660,06/23/2019 07:44:00 PM,2,3,0,,Y,279124,5,SIDESWIPE - SAME DIRECTION,21,CLEAR,1,DAYLIGHT,12,MOTOR VEHICLE IN TRANSPORT,MURFREESBORO PKE & FAIRCLOTH LN,NASHVILLE,TN,37217,8947,HERMIT,36.1032,-86.6665,POINT (-86.6665 36.1032)
20190512256,07/08/2019 01:33:00 PM,2,1,0,,N,161952,11,Front to Rear,21,CLEAR,1,DAYLIGHT,12,MOTOR VEHICLE IN TRANSPORT,CASS ST & 11TH AVN,NASHVILLE,TN,37208,4441,NORTH,36.1857,-86.8075,POINT (-86.8075 36.1857)
20190110571,02/10/2019 03:24:00 PM,2,0,0,,N,109536,11,Front to Rear,2,RAIN,1,DAYLIGHT,12,MOTOR VEHICLE IN TRANSPORT,OLD HICKORY BLVDW & DICKERSON PKE,MADISON,TN,37115,2039,MADISO,36.2692,-86.7556,POINT (-86.7556 36.2692)
20190569229,07/31/2019 11:45:00 AM,2,0,0,,N,716886,11,Front to Rear,21,CLEAR,1,DAYLIGHT,12,MOTOR VEHICLE IN TRANSPORT,BELL RD & BRITTANY PARK DR,ANTIOCH,TN,37013,8719,SOUTH,36.0469,-86.6794,POINT (-86.6794 36.0469)
20190089165,02/02/2019 12:45:00 PM,2,0,0,,N,462474,11,Front to Rear,22,CLOUDY,1,DAYLIGHT,12,MOTOR VEHICLE IN TRANSPORT,OLD HICKORY BLVD & SEVEN SPRINGS WAY PVT,BRENTWOOD,TN,37027,8623,MIDTOW,36.0406,-86.7711,POINT (-86.7711 36.0406)
20190134715,02/19/2019 06:00:00 AM,2,0,0,,Y,628640,5,SIDESWIPE - SAME DIRECTION,22,CLOUDY,1,DAYLIGHT,12,MOTOR VEHICLE IN TRANSPORT,MM 57 4 I 24,ANTIOCH,TN,37013,88080,SOUTH,36.0649,-86.6847,POINT (-86.6847 36.0649)
20190156610,02/26/2019 07:16:00 PM,2,0,0,,Y,596389,11,Front to Rear,21,CLEAR,3,DARK - LIGHTED,12,MOTOR VEHICLE IN TRANSPORT,HIGHWAY 70S & SAWYER BROWN RD,NASHVILLE,TN,37221,4815,WEST,36.0769,-86.9452,POINT (-86.9452 36.0769)
20190289526,04/15/2019 05:18:00 PM,2,1,0,,N,197435,11,Front to Rear,21,CLEAR,1,DAYLIGHT,12,MOTOR VEHICLE IN TRANSPORT,E TRINITY LN & EDWIN ST,NASHVILLE,TN,37207,1855,EAST,36.2048,-86.7533,POINT (-86.7533 36.2048)
20190502360,07/03/2019 05:44:00 PM,2,0,0,,N,420040,5,SIDESWIPE - SAME DIRECTION,22,CLOUDY,1,DAYLIGHT,12,MOTOR VEHICLE IN TRANSPORT,ELLISTON PL & 25TH AVN,NASHVILLE,TN,37203,5623,MIDTOW,36.1474,-86.8085,POINT (-86.8085 36.1474)
20190010788,01/05/2019 12:14:00 AM,2,0,0,,Y,320583,5,SIDESWIPE - SAME DIRECTION,2,RAIN,2,DARK - NOT LIGHTED,12;24,MOTOR VEHICLE IN TRANSPORT;GUARDRAIL FACE,OLD HICKORY BLVD & ENCLAVE CIR,NASHVILLE,TN,37211,8651,MIDTOW,36.0436,-86.726,POINT (-86.726 36.0436)
20190263111,04/05/2019 03:42:00 PM,5,3,0,,N,134899,11,Front to Rear,21,CLEAR,1,DAYLIGHT,12,MOTOR VEHICLE IN TRANSPORT,ELM HILL PKE & AIRWAYS CIR,NASHVILLE,TN,37214,9117,HERMIT,36.1523,-86.6819,POINT (-86.6819 36.1523)
20190147229,02/23/2019 09:02:00 AM,1,0,0,,N,320601,0,NOT COLLISION W/MOTOR VEHICLE-TRANSPORT,2,RAIN,1,DAYLIGHT,36,CONCRETE TRAFFIC BARRIER,MM 54 4 I 24,NASHVILLE,TN,37211,84020,SOUTH,36.1017,-86.7129,POINT (-86.7129 36.1017)
20190246369,03/30/2019 02:01:00 PM,2,0,0,,N,320579,4,ANGLE,22,CLOUDY,1,DAYLIGHT,12,MOTOR VEHICLE IN TRANSPORT,GALLATIN AV & STRATTON AV,NASHVILLE,TN,37206,1243,EAST,36.1824,-86.749,POINT (-86.749 36.1824)
20190347115,05/06/2019 10:44:00 AM,1,0,0,,N,352158,0,NOT COLLISION W/MOTOR VEHICLE-TRANSPORT,21,CLEAR,1,DAYLIGHT,18,OTHER OBJECT (NOT FIXED),MM 74 6 I 65,BRENTWOOD,TN,37027,8604,MIDTOW,36.0387,-86.7826,POINT (-86.7826 36.0387)
20190416586,05/31/2019 03:50:00 PM,2,0,0,,N,420040,4,ANGLE,22,CLOUDY,1,DAYLIGHT,12,MOTOR VEHICLE IN TRANSPORT,BROADWAY & 17TH AVS,NASHVILLE,TN,37203,5705,MIDTOW,36.1531,-86.7942,POINT (-86.7942 36.1531)
20190464249,06/19/2019 05:55:00 AM,2,0,0,,N,212334,11,Front to Rear,21,CLEAR,1,DAYLIGHT,12,MOTOR VEHICLE IN TRANSPORT,OLD CLARKSVILLE PKE & CLARKSVILLE PKE,JOELTON,TN,37080,3317,NORTH,36.3229,-86.9105,POINT (-86.9105 36.3229)
20190396373,05/24/2019 02:43:00 AM,2,0,0,,Y,320583,16,Rear to Side,21,CLEAR,3,DARK - LIGHTED,12,MOTOR VEHICLE IN TRANSPORT,DIVISION ST & MUSIC SQW,NASHVILLE,TN,37203,6733,MIDTOW,36.152,-86.7929,POINT (-86.7929 36.152)
20190228129,03/24/2019 12:00:00 AM,2,0,0,,Y,320595,9,UNKNOWN,21,CLEAR,2,DARK - NOT LIGHTED,12;14,MOTOR VEHICLE IN TRANSPORT;PARKED MOTOR VEHICLE,BRANTLEY DR & SAFFORD VIEW DR,NASHVILLE,TN,37217,8981,HERMIT,36.0748,-86.6214,POINT (-86.6214 36.0748)
20190189025,03/10/2019 02:27:00 PM,2,0,0,,N,256446,11,Front to Rear,21,CLEAR,1,DAYLIGHT,12,MOTOR VEHICLE IN TRANSPORT,HARDING PL & I24 E EXT RAMP,NASHVILLE,TN,37211,8707,SOUTH,36.0855,-86.7016,POINT (-86.7016 36.0855)
20190016423,01/07/2019 01:24:00 PM,2,1,0,,Y,716886,5,SIDESWIPE - SAME DIRECTION,21,CLEAR,1,DAYLIGHT,12,MOTOR VEHICLE IN TRANSPORT,RICHARDS RD & DELIA DR,ANTIOCH,TN,37013,8893,SOUTH,36.0689,-86.6798,POINT (-86.6798 36.0689)
20190267395,04/07/2019 10:46:00 AM,2,0,0,,N,212325,11,Front to Rear,2,RAIN,1,DAYLIGHT,12,MOTOR VEHICLE IN TRANSPORT,BRILEY PKWYW & BRILEY PKWYE,NASHVILLE,TN,37218,3216,NORTH,36.2254,-86.8638,POINT (-86.8638 36.2254)
20190339898,05/03/2019 07:20:00 AM,3,1,0,,N,716877,4,ANGLE,21,CLEAR,1,DAYLIGHT,12;13,MOTOR VEHICLE IN TRANSPORT;MOTOR VEHICLE IN TRANSPORT-OTHER ROADWAY,BATTLE RD & BURKITT RD,ANTIOCH,TN,37013,8771,SOUTH,35.995,-86.6244,POINT (-86.6244 35.995)
20190479509,06/25/2019 07:55:00 AM,2,0,0,,N,226622,4,ANGLE,21,CLEAR,1,DAYLIGHT,12,MOTOR VEHICLE IN TRANSPORT,WOODMONT BLVD & ROYAL OAKS CONDOS PVTDR,NASHVILLE,TN,37205,6101,WEST,36.1239,-86.8466,POINT (-86.8466 36.1239)
20190142639,02/21/2019 06:00:00 PM,1,1,0,,Y,429193,0,NOT COLLISION W/MOTOR VEHICLE-TRANSPORT,2,RAIN,2,DARK - NOT LIGHTED,32;34,CULVERT;DITCH,OLD CHARLOTTE PKE & SEARS RD,PEGRAM,TN,37143,4715,WEST,36.1073,-87.0166,POINT (-87.0166 36.1073)
20190086514,02/01/2019 12:47:00 PM,1,0,0,,N,191578,0,NOT COLLISION W/MOTOR VEHICLE-TRANSPORT,22,CLOUDY,1,DAYLIGHT,16,THROWN OR FALLING OBJECT,MM 213 6 I 40,NASHVILLE,TN,37217,8802,HERMIT,36.1406,-86.7202,POINT (-86.7202 36.1406)
20190092922,02/04/2019 07:55:00 AM,2,0,0,,N,676834,11,Front to Rear,2,RAIN,1,DAYLIGHT,12,MOTOR VEHICLE IN TRANSPORT,MM 88 9 I 65,NASHVILLE,TN,37207,20021,MADISO,36.2296,-86.7719,POINT (-86.7719 36.2296)
20190380478,05/18/2019 10:20:00 AM,2,0,0,,N,414731,5,SIDESWIPE - SAME DIRECTION,21,CLEAR,1,DAYLIGHT,12,MOTOR VEHICLE IN TRANSPORT,S 1ST ST & VICTORY AV,NASHVILLE,TN,37213,1101,CENTRA,36.165,-86.7699,POINT (-86.7699 36.165)
20190548817,07/23/2019 07:18:00 AM,2,0,0,,Y,225773,4,ANGLE,21,CLEAR,1,DAYLIGHT,12,MOTOR VEHICLE IN TRANSPORT,2421 POWELL AV,NASHVILLE,TN,37204,8527,MIDTOW,36.1105,-86.7685,POINT (-86.7685 36.1105)
20190085765,02/01/2019 07:20:00 AM,2,0,0,,N,799013,4,ANGLE,22,CLOUDY,1,DAYLIGHT,12,MOTOR VEHICLE IN TRANSPORT,HERMITAGE AV & DRIFTWOOD ST,NASHVILLE,TN,37210,9005,HERMIT,36.1549,-86.7588,POINT (-86.7588 36.1549)
20190292931,04/16/2019 05:34:00 PM,2,2,0,,N,267831,4,ANGLE,21,CLEAR,1,DAYLIGHT,12,MOTOR VEHICLE IN TRANSPORT,WOODLAWN DR & WILSON BLVDS,NASHVILLE,TN,37215,6015,WEST,36.1244,-86.8333,POINT (-86.8333 36.1244)
20190182096,03/07/2019 12:00:00 AM,2,0,0,,N,279196,11,Front to Rear,21,CLEAR,3,DARK - LIGHTED,12,MOTOR VEHICLE IN TRANSPORT,MM 92 6 I 65,MADISON,TN,37115,1704,MADISO,36.2702,-86.7364,POINT (-86.7364 36.2702)
20190351224,05/07/2019 05:41:00 PM,1,0,0,,N,352162,0,NOT COLLISION W/MOTOR VEHICLE-TRANSPORT,21,CLEAR,1,DAYLIGHT,34,DITCH,CROSS TIMBERS DR & BRIDLE DR,NASHVILLE,TN,37221,4815,WEST,36.078,-86.9354,POINT (-86.9354 36.078)
20190025560,01/10/2019 05:20:00 PM,2,0,0,,N,320577,11,Front to Rear,21,CLEAR,3,DARK - LIGHTED,12,MOTOR VEHICLE IN TRANSPORT,MM 77 4 I 65,NASHVILLE,TN,37220,86042,MIDTOW,36.0772,-86.7665,POINT (-86.7665 36.0772)
20190156298,02/26/2019 04:50:00 PM,6,1,0,,N,256427,98,OTHER,21,CLEAR,1,DAYLIGHT,12,MOTOR VEHICLE IN TRANSPORT,MM 211 1 I 40,NASHVILLE,TN,37210,8008,HERMIT,36.1539,-86.7571,POINT (-86.7571 36.1539)
20190123167,02/14/2019 05:23:00 PM,3,0,0,,N,320585,11,Front to Rear,21,CLEAR,3,DARK - LIGHTED,12,MOTOR VEHICLE IN TRANSPORT,LEBANON PKE & HIGHLAND VIEW DR,HERMITAGE,TN,37076,9719,HERMIT,36.2078,-86.6114,POINT (-86.6114 36.2078)
20190227493,03/24/2019 01:45:00 AM,2,1,0,,N,320598,11,Front to Rear,21,CLEAR,3,DARK - LIGHTED,12,MOTOR VEHICLE IN TRANSPORT,HARDING PL & SIDCO DR,NASHVILLE,TN,37220,8601,MIDTOW,36.0819,-86.7612,POINT (-86.7612 36.0819)
20190145841,02/22/2019 06:55:00 PM,2,0,0,,N,311334,11,Front to Rear,2,RAIN,3,DARK - LIGHTED,12,MOTOR VEHICLE IN TRANSPORT,BROADWAY & 7TH AVN,NASHVILLE,TN,37203,4085,CENTRA,36.1592,-86.7814,POINT (-86.7814 36.1592)
20190574024,08/02/2019 07:34:00 AM,3,1,0,,N,594473,11,Front to Rear,21,CLEAR,1,DAYLIGHT,12,MOTOR VEHICLE IN TRANSPORT,I440 E ENT RAMP & I 440,NASHVILLE,TN,37205,6007,WEST,36.1346,-86.8203,POINT (-86.8203 36.1346)
20190422855,06/03/2019 12:40:00 PM,2,0,0,,N,311799,11,Front to Rear,21,CLEAR,1,DAYLIGHT,12,MOTOR VEHICLE IN TRANSPORT,DICKERSON PKE & OLD DUE WEST AV,MADISON,TN,37115,2017,MADISO,36.25,-86.7572,POINT (-86.7572 36.25)
20190152314,02/25/2019 12:15:00 PM,2,0,0,,N,226136,4,ANGLE,21,CLEAR,1,DAYLIGHT,12,MOTOR VEHICLE IN TRANSPORT,CHARLOTTE AV & 14TH AVN,NASHVILLE,TN,37203,5501,MIDTOW,36.1606,-86.7941,POINT (-86.7941 36.1606)
20190297303,04/17/2019 11:51:00 PM,2,1,0,,N,151122,11,Front to Rear,21,CLEAR,3,DARK - LIGHTED,12,MOTOR VEHICLE IN TRANSPORT,BELL RD & CANE RIDGE RD,ANTIOCH,TN,37013,8753,SOUTH,36.0449,-86.6631,POINT (-86.6631 36.0449)
20190320731,04/25/2019 10:12:00 PM,2,0,0,,N,197059,5,SIDESWIPE - SAME DIRECTION,2,RAIN,3,DARK - LIGHTED,12,MOTOR VEHICLE IN TRANSPORT,ALLIED DR & KEYSTONE AV,NASHVILLE,TN,37211,8511,MIDTOW,36.096,-86.7426,POINT (-86.7426 36.096)
20190304291,04/20/2019 09:37:00 AM,2,0,0,,N,161952,11,Front to Rear,2,RAIN,1,DAYLIGHT,12,MOTOR VEHICLE IN TRANSPORT,MM 87 0 I 65,NASHVILLE,TN,37207,18020,EAST,36.2018,-86.7766,POINT (-86.7766 36.2018)
20190413595,05/30/2019 04:40:00 PM,2,0,0,,Y,151132,11,Front to Rear,22,CLOUDY,1,DAYLIGHT,12,MOTOR VEHICLE IN TRANSPORT,GALLATIN PKES & MOVING CENTER CT,MADISON,TN,37115,1507,MADISO,36.2509,-86.7184,POINT (-86.7184 36.2509)
20190428385,06/05/2019 10:45:00 AM,2,1,0,,N,352186,5,SIDESWIPE - SAME DIRECTION,21,CLEAR,1,DAYLIGHT,12,MOTOR VEHICLE IN TRANSPORT,W TRINITY LN & BRICK CHURCH PKE,NASHVILLE,TN,37207,3003,NORTH,36.2066,-86.7779,POINT (-86.7779 36.2066)
20190306866,04/21/2019 04:07:00 PM,2,0,0,,N,240955,11,Front to Rear,21,CLEAR,1,DAYLIGHT,12,MOTOR VEHICLE IN TRANSPORT,OLD HICKORY BLVD & MURFREESBORO PKE,ANTIOCH,TN,37013,8903,SOUTH,36.0395,-86.6029,POINT (-86.6029 36.0395)
20190532515,07/16/2019 06:10:00 PM,2,0,0,,N,352159,4,ANGLE,21,CLEAR,3,DARK - LIGHTED,12,MOTOR VEHICLE IN TRANSPORT,LEBANON PKE & FAIRWAY DR,NASHVILLE,TN,37214,9109,HERMIT,36.1691,-86.6824,POINT (-86.6824 36.1691)
20190223161,03/22/2019 10:00:00 AM,2,0,0,,N,716886,5,SIDESWIPE - SAME DIRECTION,21,CLEAR,1,DAYLIGHT,12,MOTOR VEHICLE IN TRANSPORT,MM 6 6 I 440,NASHVILLE,TN,37210,81040,SOUTH,36.1243,-86.7447,POINT (-86.7447 36.1243)
20190112139,02/11/2019 07:18:00 AM,2,0,0,,N,311339,11,Front to Rear,22,CLOUDY,4,DAWN,12,MOTOR VEHICLE IN TRANSPORT,MM 210 5 I 40,NASHVILLE,TN,37210,8202,HERMIT,36.1522,-86.7669,POINT (-86.7669 36.1522)
20190438263,06/09/2019 05:45:00 AM,1,0,0,Y,Y,279201,0,NOT COLLISION W/MOTOR VEHICLE-TRANSPORT,21,CLEAR,3,DARK - LIGHTED,7,,ELM HILL PKE & WRIGHT INDUSTRIES PVTDR,NASHVILLE,TN,37210,9017,HERMIT,36.144,-86.7187,POINT (-86.7187 36.144)
20190108979,02/09/2019 06:20:00 PM,2,0,0,,Y,311332,5,SIDESWIPE - SAME DIRECTION,21,CLEAR,3,DARK - LIGHTED,12,MOTOR VEHICLE IN TRANSPORT,CHARLOTTE PKE & I40 E ENT RAMP,NASHVILLE,TN,37205,5007,WEST,36.1319,-86.8955,POINT (-86.8955 36.1319)
20190388707,05/21/2019 05:00:00 PM,2,0,0,,N,420040,4,ANGLE,21,CLEAR,1,DAYLIGHT,12,MOTOR VEHICLE IN TRANSPORT,21ST AVS & ACKLEN AV,NASHVILLE,TN,37212,5825,MIDTOW,36.1356,-86.801,POINT (-86.801 36.1356)
20190043476,01/17/2019 08:27:00 AM,2,1,0,,N,225777,11,Front to Rear,2,RAIN,1,DAYLIGHT,12,MOTOR VEHICLE IN TRANSPORT,CHARLOTTE PKE & LILLY VALLEY WAY,NASHVILLE,TN,37209,4701,WEST,36.1258,-86.9092,POINT (-86.9092 36.1258)
20190177434,03/06/2019 08:30:00 AM,2,0,0,,N,226600,11,Front to Rear,21,CLEAR,1,DAYLIGHT,12,MOTOR VEHICLE IN TRANSPORT,HOBBS RD & WALLACE LN,NASHVILLE,TN,37215,6115,WEST,36.1023,-86.834,POINT (-86.834 36.1023)
20190498683,07/02/2019 01:30:00 PM,2,0,0,,N,267831,5,SIDESWIPE - SAME DIRECTION,21,CLEAR,1,DAYLIGHT,12,MOTOR VEHICLE IN TRANSPORT,CHARLOTTE PKE & CABOT DR,NASHVILLE,TN,37209,4677,WEST,36.2336,-86.7283,POINT (-86.7283 36.2336)
20190549974,07/23/2019 04:30:00 PM,2,0,0,,N,161948,4,ANGLE,21,CLEAR,1,DAYLIGHT,12,MOTOR VEHICLE IN TRANSPORT,LEBANON PKE & FAIRWAY DR,NASHVILLE,TN,37214,9109,HERMIT,36.1691,-86.6824,POINT (-86.6824 36.1691)
20190260687,04/04/2019 07:06:00 PM,1,1,0,,N,206682,0,NOT COLLISION W/MOTOR VEHICLE-TRANSPORT,2,RAIN,1,DAYLIGHT,1,,LICKTON PKE & UNION HILL RD,GOODLETTSVILLE,TN,37072,2143,MADISO,36.334,-86.779,POINT (-86.779 36.334)
20190399963,05/25/2019 09:53:00 AM,2,0,0,,Y,212325,11,Front to Rear,21,CLEAR,1,DAYLIGHT,14;99,PARKED MOTOR VEHICLE;UNKNOWN MOST HARMFUL EVENT,0 GALLATIN PKES,MADISON,TN,37115,1519,MADISO,36.2474,-86.7207,POINT (-86.7207 36.2474)
20190168706,03/03/2019 11:40:00 AM,2,0,0,,N,320601,11,Front to Rear,2,RAIN,1,DAYLIGHT,12,MOTOR VEHICLE IN TRANSPORT,HARDING PL & I24 E EXT RAMP,NASHVILLE,TN,37211,8707,SOUTH,36.0855,-86.7016,POINT (-86.7016 36.0855)
20190179027,03/06/2019 04:30:00 PM,2,0,0,,N,256448,4,ANGLE,21,CLEAR,1,DAYLIGHT,12,MOTOR VEHICLE IN TRANSPORT,ROYAL PKWY & PERIMETER PLACE DR,NASHVILLE,TN,37214,9103,HERMIT,36.1494,-86.675,POINT (-86.675 36.1494)
20190468389,06/20/2019 02:25:00 PM,4,0,0,,N,320575,11,Front to Rear,21,CLEAR,1,DAYLIGHT,12,MOTOR VEHICLE IN TRANSPORT,MM 51 4 I 24,NASHVILLE,TN,37210,82061,HERMIT,36.1388,-86.7284,POINT (-86.7284 36.1388)
20190376770,05/17/2019 01:15:00 AM,2,1,0,,N,299254,11,Front to Rear,21,CLEAR,3,DARK - LIGHTED,12,MOTOR VEHICLE IN TRANSPORT,S LYLE LN & I24 E ENT RAMP,NASHVILLE,TN,37210,8111,SOUTH,36.1252,-86.7342,POINT (-86.7342 36.1252)
20190186005,03/09/2019 03:39:00 AM,2,0,0,,N,197059,11,Front to Rear,22,CLOUDY,3,DARK - LIGHTED,12;23,MOTOR VEHICLE IN TRANSPORT;BRIDGE RAIL,MM 209 8 I 40,NASHVILLE,TN,37203,4004,CENTRA,36.149,-86.7794,POINT (-86.7794 36.149)
20190307048,04/21/2019 06:38:00 PM,2,0,0,,N,279208,5,SIDESWIPE - SAME DIRECTION,21,CLEAR,1,DAYLIGHT,12,MOTOR VEHICLE IN TRANSPORT,31ST AVS & 31ST AVN,NASHVILLE,TN,37212,5815,MIDTOW,36.1424,-86.8153,POINT (-86.8153 36.1424)
20190153563,02/25/2019 08:25:00 PM,2,0,0,,Y,728059,4,ANGLE,21,CLEAR,3,DARK - LIGHTED,12;14,MOTOR VEHICLE IN TRANSPORT;PARKED MOTOR VEHICLE,400 WHITE BRIDGE PL,NASHVILLE,TN,37209,5101,WEST,36.1511,-86.8577,POINT (-86.8577 36.1511)
20190373157,05/15/2019 09:28:00 PM,2,0,0,,N,256383,5,SIDESWIPE - SAME DIRECTION,21,CLEAR,3,DARK - LIGHTED,12,MOTOR VEHICLE IN TRANSPORT,CROSSINGS BLVD & HICKORY HOLLOW PKWY,ANTIOCH,TN,37013,8863,SOUTH,36.0445,-86.651,POINT (-86.651 36.0445)
20190577348,08/03/2019 02:29:00 PM,2,1,0,,N,579971,11,Front to Rear,21,CLEAR,1,DAYLIGHT,12,MOTOR VEHICLE IN TRANSPORT,HAMILTON CHURCH RD & MURFREESBORO PKE,ANTIOCH,TN,37013,8865,SOUTH,36.0645,-86.6288,POINT (-86.6288 36.0645)
20190210275,03/18/2019 12:15:00 PM,2,0,0,,N,140788,4,ANGLE,21,CLEAR,1,DAYLIGHT,12,MOTOR VEHICLE IN TRANSPORT,BUCHANAN ST & 25TH AVN,NASHVILLE,TN,37208,4463,NORTH,36.1804,-86.8179,POINT (-86.8179 36.1804)
20190235234,03/26/2019 05:10:00 PM,4,2,0,,Y,256427,11,Front to Rear,21,CLEAR,1,DAYLIGHT,12,MOTOR VEHICLE IN TRANSPORT,MM 210 2 I 40,NASHVILLE,TN,37203,80021,MIDTOW,36.1493,-86.7736,POINT (-86.7736 36.1493)
20190539653,07/19/2019 11:00:00 AM,2,0,0,,N,226622,4,ANGLE,22,CLOUDY,1,DAYLIGHT,12,MOTOR VEHICLE IN TRANSPORT,CHARLOTTE PKE PVTDR & RIVER RD,NASHVILLE,TN,37209,4701,WEST,36.1286,-86.9068,POINT (-86.9068 36.1286)
20190011550,01/05/2019 08:35:00 AM,2,0,0,,N,320586,11,Front to Rear,21,CLEAR,1,DAYLIGHT,12,MOTOR VEHICLE IN TRANSPORT,MM 54 6 I 24,NASHVILLE,TN,37211,84021,SOUTH,36.0994,-86.7109,POINT (-86.7109 36.0994)
20190005052,01/02/2019 10:34:00 PM,1,0,0,Y,N,151122,0,NOT COLLISION W/MOTOR VEHICLE-TRANSPORT,2,RAIN,3,DARK - LIGHTED,27;63,H-WAY TRAFFIC SIGNAL POST;Ran Off Road-Right,I24 W ENT RAMP & I 24,NASHVILLE,TN,37206,1009,EAST,36.1666,-86.7638,POINT (-86.7638 36.1666)
20190502071,07/03/2019 04:14:00 PM,2,3,0,,N,267831,11,Front to Rear,22,CLOUDY,1,DAYLIGHT,12,MOTOR VEHICLE IN TRANSPORT,CHARLOTTE PKE & CHARLOTTE ROAD CIR,NASHVILLE,TN,37209,5025,WEST,36.1423,-86.8756,POINT (-86.8756 36.1423)
20190314254,04/23/2019 08:22:00 PM,2,0,0,,N,256380,4,ANGLE,21,CLEAR,1,DAYLIGHT,12,MOTOR VEHICLE IN TRANSPORT,CHARLOTTE AV & I40 E EXT RAMP,NASHVILLE,TN,37203,5425,NORTH,36.1609,-86.7934,POINT (-86.7934 36.1609)
20190139309,02/20/2019 04:26:00 PM,2,0,0,,N,256379,11,Front to Rear,2,RAIN,1,DAYLIGHT,12,MOTOR VEHICLE IN TRANSPORT,GLENROSE AV & WHITSETT RD,NASHVILLE,TN,37210,8359,SOUTH,36.1194,-86.7301,POINT (-86.7301 36.1194)
20190412799,05/30/2019 10:54:00 AM,3,1,0,,N,352158,11,Front to Rear,22,CLOUDY,1,DAYLIGHT,12,MOTOR VEHICLE IN TRANSPORT,OLD HICKORY BLVD & I65 N EXT RAMP,BRENTWOOD,TN,37027,8623,MIDTOW,36.0399,-86.781,POINT (-86.781 36.0399)
20190397093,05/24/2019 10:00:00 AM,2,0,0,,N,727203,5,SIDESWIPE - SAME DIRECTION,21,CLEAR,1,DAYLIGHT,14,PARKED MOTOR VEHICLE,SYLVAN ST & CAYCE PLACE PVTDR,NASHVILLE,TN,37206,1021,EAST,36.1676,-86.7588,POINT (-86.7588 36.1676)
20190353383,05/08/2019 11:50:00 AM,3,0,0,,N,420035,4,ANGLE,21,CLEAR,1,DAYLIGHT,12,MOTOR VEHICLE IN TRANSPORT,NEELYS BEND RD & IDLEWILD DR,MADISON,TN,37115,1603,MADISO,36.2555,-86.7058,POINT (-86.7058 36.2555)