Accident Number,Date and Time,Number of Motor Vehicles,Number of Injuries,Number of Fatalities,Property Damage,Hit and Run,Reporting Officer,Collision Type Code,Collision Type Description,Weather Code,Weather Description,Illumination Code,Illumination Description,Harmful Code,Harmful Code Description,Street Address,City,State,ZIP,RPA,Precinct,Latitude,Longitude,Mapped Location
20190244876,03/29/2019 08:40:00 PM,2,0,0,,Y,206675,3,REAR-TO-REAR,21,CLEAR,3,DARK - LIGHTED,12;14,MOTOR VEHICLE IN TRANSPORT;PARKED MOTOR VEHICLE,HARDING PL & NOLENSVILLE PKE,NASHVILLE,TN,37211,8705,SOUTH,36.0797,-86.7261,POINT (-86.7261 36.0797)
20190256634,04/03/2019 09:46:00 AM,1,0,0,,N,834798,0,NOT COLLISION W/MOTOR VEHICLE-TRANSPORT,21,CLEAR,1,DAYLIGHT,39,WALL,MM 5 2 I 440,NASHVILLE,TN,37204,8306,MIDTOW,36.1179,-86.7684,POINT (-86.7684 36.1179)
20190131960,02/18/2019 08:55:00 AM,2,0,0,,N,402660,11,Front to Rear,22,CLOUDY,1,DAYLIGHT,12,MOTOR VEHICLE IN TRANSPORT,WEST END AV & BOWLING AV,NASHVILLE,TN,37205,6005,WEST,36.1347,-86.8251,POINT (-86.8251 36.1347)
20190419450,06/01/2019 04:50:00 PM,1,1,0,Y,N,169414,0,NOT COLLISION W/MOTOR VEHICLE-TRANSPORT,21,CLEAR,1,DAYLIGHT,30;32;40,UTILITY POLE;CULVERT;MAIL BOX,BREWER DR & EULALA DR,NASHVILLE,TN,37211,8717,SOUTH,36.0553,-86.7041,POINT (-86.7041 36.0553)
20190324590,04/27/2019 10:48:00 AM,2,1,0,,N,299249,4,ANGLE,21,CLEAR,1,DAYLIGHT,12,MOTOR VEHICLE IN TRANSPORT,LEBANON PKE & ANDREW JACKSON PKWY,HERMITAGE,TN,37076,9537,HERMIT,36.2151,-86.5962,POINT (-86.5962 36.2151)
20190073725,01/28/2019 04:19:00 PM,2,0,0,,N,256383,5,SIDESWIPE - SAME DIRECTION,22,CLOUDY,1,DAYLIGHT,14,PARKED MOTOR VEHICLE,2087 HOBSON PKE,ANTIOCH,TN,37013,8927,SOUTH,36.0534,-86.5992,POINT (-86.5992 36.0534)
20190142527,02/21/2019 05:14:00 PM,2,0,0,,Y,110092,4,ANGLE,2,RAIN,3,DARK - LIGHTED,12,MOTOR VEHICLE IN TRANSPORT,OLD HICKORY BLVD & IRIS AV,OLD HICKORY,TN,37138,9607,HERMIT,36.2415,-86.6336,POINT (-86.6336 36.2415)
20190432584,06/06/2019 08:39:00 PM,1,0,0,,N,281611,0,NOT COLLISION W/MOTOR VEHICLE-TRANSPORT,2,RAIN,2,DARK - NOT LIGHTED,39,WALL,MM 199 8 I 40,NASHVILLE,TN,37205,4902,WEST,36.1175,-86.9145,POINT (-86.9145 36.1175)
20190051638,01/20/2019 02:55:00 PM,2,0,0,,Y,717341,11,Front to Rear,22,CLOUDY,1,DAYLIGHT,12,MOTOR VEHICLE IN TRANSPORT,HARDING PL & METROPLEX DR,NASHVILLE,TN,37211,8845,SOUTH,36.0868,-86.6949,POINT (-86.6949 36.0868)
20190458014,06/16/2019 10:53:00 PM,1,0,0,,Y,620080,0,NOT COLLISION W/MOTOR VEHICLE-TRANSPORT,22,CLOUDY,3,DARK - LIGHTED,8,PEDESTRIAN,MURFREESBORO PKE & WILHAGAN RD,NASHVILLE,TN,37217,8801,SOUTH,36.1325,-86.7193,POINT (-86.7193 36.1325)
20190102860,02/07/2019 11:03:00 AM,2,0,0,,N,716886,2,HEAD-ON,21,CLEAR,1,DAYLIGHT,12,MOTOR VEHICLE IN TRANSPORT,GRACE CREST PT & EVERGREEN RIDGE PT,NASHVILLE,TN,37217,8853,SOUTH,36.09,-86.6581,POINT (-86.6581 36.09)
20190316985,04/24/2019 05:08:00 PM,2,3,0,,N,279214,11,Front to Rear,21,CLEAR,1,DAYLIGHT,12,MOTOR VEHICLE IN TRANSPORT,I65 S ENT RAMP & I 40,NASHVILLE,TN,37203,4006,CENTRA,36.1491,-86.7753,POINT (-86.7753 36.1491)
20190226860,03/23/2019 07:54:00 PM,2,0,0,,N,279225,5,SIDESWIPE - SAME DIRECTION,21,CLEAR,3,DARK - LIGHTED,12,MOTOR VEHICLE IN TRANSPORT,EAST THOMPSON LN & MURFREESBORO PKE,NASHVILLE,TN,37217,8879,SOUTH,36.1267,-86.7111,POINT (-86.7111 36.1267)
20190015909,01/07/2019 09:32:00 AM,2,0,0,,N,320601,11,Front to Rear,22,CLOUDY,1,DAYLIGHT,12,MOTOR VEHICLE IN TRANSPORT,BRILEY PKWYN & EAST THOMPSON LN,NASHVILLE,TN,37211,8423,SOUTH,36.1095,-86.7281,POINT (-86.7281 36.1095)
20190061997,01/24/2019 07:40:00 AM,3,1,0,,Y,676834,11,Front to Rear,21,CLEAR,1,DAYLIGHT,12,MOTOR VEHICLE IN TRANSPORT,CLARKSVILLE PKE & NORTHSIDE STATION PVTD,NASHVILLE,TN,37218,3141,NORTH,36.2113,-86.8389,POINT (-86.8389 36.2113)
20190144475,02/22/2019 08:19:00 AM,3,0,0,,Y,414731,4,ANGLE,2,RAIN,1,DAYLIGHT,12,MOTOR VEHICLE IN TRANSPORT,HAYWOOD LN & BAKERTOWN RD,NASHVILLE,TN,37211,8851,SOUTH,36.07,-86.6856,POINT (-86.6856 36.07)
20190044898,01/17/2019 05:31:00 PM,2,0,0,,N,909486,6,SIDESWIPE - OPPOSITE DIRECTION,2,RAIN,3,DARK - LIGHTED,12,MOTOR VEHICLE IN TRANSPORT,BLACKMAN RD & DARLINGTON DR,NASHVILLE,TN,37211,8611,MIDTOW,36.0743,-86.7393,POINT (-86.7393 36.0743)
20190329539,04/29/2019 04:21:00 PM,2,0,0,,N,134899,11,Front to Rear,21,CLEAR,1,DAYLIGHT,12,MOTOR VEHICLE IN TRANSPORT,OLD LEBANON PKE & KNOBVIEW DR,NASHVILLE,TN,37214,9309,HERMIT,36.1699,-86.6695,POINT (-86.6695 36.1699)
20190167485,03/02/2019 07:50:00 PM,2,0,0,,N,212330,5,SIDESWIPE - SAME DIRECTION,22,CLOUDY,3,DARK - LIGHTED,12,MOTOR VEHICLE IN TRANSPORT,BRILEY PKWY S EXT RAMP & MURFREESBORO PK,NASHVILLE,TN,37217,8823,HERMIT,36.1194,-86.7017,POINT (-86.7017 36.1194)
20190554644,07/25/2019 08:45:00 AM,2,1,0,,N,226622,4,ANGLE,21,CLEAR,1,DAYLIGHT,12,MOTOR VEHICLE IN TRANSPORT,53RD AVN & ALABAMA AV,NASHVILLE,TN,37209,5121,WEST,36.153,-86.8512,POINT (-86.8512 36.153)
20190030761,01/12/2019 01:00:00 PM,2,0,0,,Y,256417,4,ANGLE,21,CLEAR,9,UNKNOWN,14,PARKED MOTOR VEHICLE,NEWELL AV & ENSLEY AV,OLD HICKORY,TN,37138,9701,HERMIT,36.2713,-86.6649,POINT (-86.6649 36.2713)
20190269027,04/08/2019 03:26:00 AM,1,0,0,,N,166477,0,NOT COLLISION W/MOTOR VEHICLE-TRANSPORT,22,CLOUDY,3,DARK - LIGHTED,36;7,CONCRETE TRAFFIC BARRIER,MM 60 0 I 24,ANTIOCH,TN,37013,88060,SOUTH,36.0403,-86.6502,POINT (-86.6502 36.0403)
20190299010,04/18/2019 11:08:00 AM,2,0,0,,N,226136,4,ANGLE,22,CLOUDY,1,DAYLIGHT,12,MOTOR VEHICLE IN TRANSPORT,NOLENSVILLE PKE & ROSEDALE AV,NASHVILLE,TN,37210,8101,SOUTH,36.1253,-86.7523,POINT (-86.7523 36.1253)
20190461437,06/18/2019 05:53:00 AM,1,0,0,,N,298875,0,NOT COLLISION W/MOTOR VEHICLE-TRANSPORT,2,RAIN,4,DAWN,34;63;7,DITCH;Ran Off Road-Right,MM 56 4 I 24,NASHVILLE,TN,37211,8810,SOUTH,36.0776,-86.6947,POINT (-86.6947 36.0776)
20190142255,02/21/2019 03:33:00 PM,2,1,0,,N,209184,4,ANGLE,2,RAIN,1,DAYLIGHT,12,MOTOR VEHICLE IN TRANSPORT,BELL RD & CANE RIDGE RD,ANTIOCH,TN,37013,8753,SOUTH,36.0449,-86.6631,POINT (-86.6631 36.0449)
20190257446,04/03/2019 03:20:00 PM,2,3,0,,N,206675,11,Front to Rear,21,CLEAR,1,DAYLIGHT,12,MOTOR VEHICLE IN TRANSPORT,21ST AVS & ASHWOOD AV,NASHVILLE,TN,37212,6605,MIDTOW,36.129,-86.8028,POINT (-86.8028 36.129)
20190267016,04/07/2019 06:35:00 AM,1,0,0,,N,876581,0,NOT COLLISION W/MOTOR VEHICLE-TRANSPORT,2,RAIN,1,DAYLIGHT,34,DITCH,BRILEY PKWYW & BRICK CHURCH PKE,NASHVILLE,TN,37207,2014,MADISO,36.2384,-86.7816,POINT (-86.7816 36.2384)
20190489642,06/28/2019 08:45:00 PM,2,0,0,,N,330431,4,ANGLE,21,CLEAR,3,DARK - LIGHTED,12,MOTOR VEHICLE IN TRANSPORT,WHITES CREEK PKE & W TRINITY LN,NASHVILLE,TN,37207,3037,NORTH,36.2076,-86.7921,POINT (-86.7921 36.2076)
20190398284,05/24/2019 06:24:00 PM,2,0,0,,N,279194,11,Front to Rear,21,CLEAR,1,DAYLIGHT,12,MOTOR VEHICLE IN TRANSPORT,25TH AVN & CHARLOTTE AV,NASHVILLE,TN,37203,5619,MIDTOW,36.1553,-86.8121,POINT (-86.8121 36.1553)
20190375410,05/16/2019 03:19:00 PM,2,0,0,,Y,151132,5,SIDESWIPE - SAME DIRECTION,21,CLEAR,1,DAYLIGHT,12,MOTOR VEHICLE IN TRANSPORT,GALLATIN PKES & STATE RT 45,MADISON,TN,37115,1701,MADISO,36.2628,-86.712,POINT (-86.712 36.2628)
20190141281,02/21/2019 07:55:00 AM,2,0,0,,N,799013,11,Front to Rear,21,CLEAR,1,DAYLIGHT,12,MOTOR VEHICLE IN TRANSPORT,MM 215 0 I 40,NASHVILLE,TN,37214,91021,HERMIT,36.1444,-86.6948,POINT (-86.6948 36.1444)
20190306451,04/21/2019 12:20:00 PM,1,0,0,Y,N,909494,0,NOT COLLISION W/MOTOR VEHICLE-TRANSPORT,21,CLEAR,1,DAYLIGHT,32;34;40;72,CULVERT;DITCH;MAIL BOX;EMBANKMENT ROCK/STONE/CONCRETE,JONES AV & CAPITOL VIEW AV,NASHVILLE,TN,37207,1823,EAST,36.219,-86.7556,POINT (-86.7556 36.219)
20190062567,01/24/2019 12:02:00 PM,2,0,0,,N,267831,4,ANGLE,21,CLEAR,1,DAYLIGHT,12,MOTOR VEHICLE IN TRANSPORT,CHARLOTTE AV & 50TH AVN,NASHVILLE,TN,37209,5127,WEST,36.152,-86.8467,POINT (-86.8467 36.152)
20190462472,06/18/2019 02:30:00 PM,2,0,0,,N,279208,11,Front to Rear,21,CLEAR,1,DAYLIGHT,12,MOTOR VEHICLE IN TRANSPORT,CHARLOTTE AV & MCMILLIN ST,NASHVILLE,TN,37203,5503,MIDTOW,36.1596,-86.7962,POINT (-86.7962 36.1596)
20190300183,04/18/2019 08:24:00 PM,2,1,0,,N,256380,11,Front to Rear,2,RAIN,3,DARK - LIGHTED,12,MOTOR VEHICLE IN TRANSPORT,ALBION ST & 33RD AVN,NASHVILLE,TN,37209,4529,NORTH,36.1633,-86.8259,POINT (-86.8259 36.1633)
20190217371,03/20/2019 02:46:00 PM,2,0,0,,N,330415,4,ANGLE,21,CLEAR,1,DAYLIGHT,12,MOTOR VEHICLE IN TRANSPORT,2ND AVS & LINDSLEY AV,NASHVILLE,TN,37210,4005,CENTRA,36.1524,-86.769,POINT (-86.769 36.1524)
20190517326,07/10/2019 01:49:00 PM,2,0,0,,N,690942,4,ANGLE,2,RAIN,1,DAYLIGHT,12,MOTOR VEHICLE IN TRANSPORT,KOREAN VETERANS BLVD & 6TH AVS,NASHVILLE,TN,37203,4043,CENTRA,36.1559,-86.7773,POINT (-86.7773 36.1559)
20190410414,05/29/2019 02:43:00 PM,2,2,0,,N,267831,11,Front to Rear,21,CLEAR,1,DAYLIGHT,12,MOTOR VEHICLE IN TRANSPORT,MM 204 8 I 40,NASHVILLE,TN,37209,45020,WEST,36.1539,-86.8425,POINT (-86.8425 36.1539)
20190578934,08/04/2019 06:15:00 AM,1,0,0,,N,483529,0,NOT COLLISION W/MOTOR VEHICLE-TRANSPORT,21,CLEAR,1,DAYLIGHT,42,TREE,RIVERSIDE DR & RIVERSIDE DR CNCTR,NASHVILLE,TN,37206,1357,EAST,36.1683,-86.7255,POINT (-86.7255 36.1683)
20190083346,01/31/2019 12:33:00 PM,2,0,0,,N,109534,5,SIDESWIPE - SAME DIRECTION,21,CLEAR,1,DAYLIGHT,12,MOTOR VEHICLE IN TRANSPORT,THOMPSON PL & MURFREESBORO PKE,NASHVILLE,TN,37217,8821,HERMIT,36.1267,-86.711,POINT (-86.711 36.1267)
20190488981,06/28/2019 12:00:00 AM,2,0,0,,Y,690942,98,OTHER,21,CLEAR,1,DAYLIGHT,14;99,PARKED MOTOR VEHICLE;UNKNOWN MOST HARMFUL EVENT,YMCA WAY & ROSA L PARKS BLVD,NASHVILLE,TN,37203,4147,CENTRA,36.1629,-86.786,POINT (-86.786 36.1629)
20190381600,05/18/2019 11:33:00 PM,2,0,0,,N,298871,5,SIDESWIPE - SAME DIRECTION,21,CLEAR,3,DARK - LIGHTED,12,MOTOR VEHICLE IN TRANSPORT,BROADWAY & 16TH AVS,NASHVILLE,TN,37203,5701,MIDTOW,36.1543,-86.7929,POINT (-86.7929 36.1543)
20190503487,07/04/2019 04:10:00 AM,2,0,0,,N,240944,4,ANGLE,21,CLEAR,3,DARK - LIGHTED,12,MOTOR VEHICLE IN TRANSPORT,MURFREESBORO PKE & I24 W EXT RAMP,NASHVILLE,TN,37217,8801,SOUTH,36.1348,-86.7236,POINT (-86.7236 36.1348)
20190122762,02/14/2019 02:19:00 PM,2,1,0,,N,191578,4,ANGLE,22,CLOUDY,1,DAYLIGHT,12,MOTOR VEHICLE IN TRANSPORT,FERNBROOK LN & MCGAVOCK PKE,NASHVILLE,TN,37214,9317,HERMIT,36.1859,-86.6762,POINT (-86.6762 36.1859)
20190444350,06/11/2019 02:05:00 PM,2,0,0,,Y,320597,5,SIDESWIPE - SAME DIRECTION,21,CLEAR,1,DAYLIGHT,12,MOTOR VEHICLE IN TRANSPORT,MM 49 4 I 24,NASHVILLE,TN,37206,10040,EAST,36.1613,-86.7604,POINT (-86.7604 36.1613)
20190565952,07/30/2019 06:42:00 AM,2,0,0,,N,352178,11,Front to Rear,22,CLOUDY,1,DAYLIGHT,12,MOTOR VEHICLE IN TRANSPORT,MM 39 6 I 24,WHITES CREEK,TN,37189,2210,MADISO,36.2887,-86.8093,POINT (-86.8093 36.2887)
20190347686,05/06/2019 03:02:00 PM,1,1,0,,N,690942,0,NOT COLLISION W/MOTOR VEHICLE-TRANSPORT,21,CLEAR,1,DAYLIGHT,15,OTHER TYPE NON-MOTORIST,8TH AVS & LAFAYETTE ST,NASHVILLE,TN,37203,4043,CENTRA,36.1546,-86.7792,POINT (-86.7792 36.1546)
20190160895,02/28/2019 07:35:00 AM,2,0,0,,N,226136,11,Front to Rear,22,CLOUDY,1,DAYLIGHT,12,MOTOR VEHICLE IN TRANSPORT,GRANNY WHITE PKE & SHACKLEFORD RD,NASHVILLE,TN,37204,7021,MIDTOW,36.1011,-86.8004,POINT (-86.8004 36.1011)
20190467866,06/20/2019 10:53:00 AM,2,0,0,,Y,676834,11,Front to Rear,21,CLEAR,1,DAYLIGHT,12,MOTOR VEHICLE IN TRANSPORT,MM 88 6 I 65,NASHVILLE,TN,37207,3004,EAST,36.2251,-86.7745,POINT (-86.7745 36.2251)
20190092975,02/04/2019 08:11:00 AM,2,0,0,,N,468030,4,ANGLE,2,RAIN,1,DAYLIGHT,12,MOTOR VEHICLE IN TRANSPORT,CAHAL AV & GALLATIN AV,NASHVILLE,TN,37206,1331,EAST,36.1966,-86.7416,POINT (-86.7416 36.1966)
20190499072,07/02/2019 04:06:00 PM,2,0,0,,N,206964,11,Front to Rear,22,CLOUDY,1,DAYLIGHT,12,MOTOR VEHICLE IN TRANSPORT,BRILEY PKWYN & BRILEY PKWYS,NASHVILLE,TN,37211,8404,SOUTH,36.1092,-86.727,POINT (-86.727 36.1092)
20190181319,03/07/2019 01:08:00 PM,2,0,0,,N,591936,5,SIDESWIPE - SAME DIRECTION,21,CLEAR,1,DAYLIGHT,12,MOTOR VEHICLE IN TRANSPORT,MM 79 0 I 65,NASHVILLE,TN,37204,8502,MIDTOW,36.0987,-86.7636,POINT (-86.7636 36.0987)
20190113300,02/11/2019 04:07:00 PM,2,0,0,,N,151132,11,Front to Rear,2,RAIN,1,DAYLIGHT,12,MOTOR VEHICLE IN TRANSPORT,DOVERSIDE DR & MOOREWOOD DR,NASHVILLE,TN,37207,2033,MADISO,36.2404,-86.773,POINT (-86.773 36.2404)
20190161050,02/28/2019 08:43:00 AM,2,0,0,,Y,909494,11,Front to Rear,22,CLOUDY,1,DAYLIGHT,12,MOTOR VEHICLE IN TRANSPORT,DICKERSON PKE & HANCOCK ST,NASHVILLE,TN,37207,1963,EAST,36.1843,-86.7737,POINT (-86.7737 36.1843)
20190332674,04/30/2019 04:54:00 PM,1,0,0,Y,Y,279124,0,NOT COLLISION W/MOTOR VEHICLE-TRANSPORT,21,CLEAR,1,DAYLIGHT,40,MAIL BOX,ORCHARD MOUNTAIN CT & PICCADILLY ROW,ANTIOCH,TN,37013,8895,SOUTH,36.0826,-86.6524,POINT (-86.6524 36.0826)
20190308267,04/22/2019 06:55:00 AM,2,1,0,,N,676834,4,ANGLE,21,CLEAR,1,DAYLIGHT,12,MOTOR VEHICLE IN TRANSPORT,HERMAN ST & 27TH AVN,NASHVILLE,TN,37208,5309,NORTH,36.162,-86.8172,POINT (-86.8172 36.162)
20190165795,03/02/2019 01:26:00 AM,1,0,0,Y,N,173951,0,NOT COLLISION W/MOTOR VEHICLE-TRANSPORT,21,CLEAR,3,DARK - LIGHTED,34;40,DITCH;MAIL BOX,CENTER ST & NEELYS BEND RD,MADISON,TN,37115,1613,MADISO,36.2505,-86.6889,POINT (-86.6889 36.2505)
20190513923,07/09/2019 07:57:00 AM,3,2,0,,N,474557,11,Front to Rear,21,CLEAR,1,DAYLIGHT,12,MOTOR VEHICLE IN TRANSPORT,BLUE HOLE RD & TUSCULUM RD,ANTIOCH,TN,37013,8721,SOUTH,36.0455,-86.7037,POINT (-86.7037 36.0455)
20190484855,06/27/2019 03:00:00 AM,1,0,0,,N,330414,0,NOT COLLISION W/MOTOR VEHICLE-TRANSPORT,21,CLEAR,3,DARK - LIGHTED,30,UTILITY POLE,GALLATIN PKEN & OLD TIME VILLAGE PVTDR,MADISON,TN,37115,1701,MADISO,36.2638,-86.7117,POINT (-86.7117 36.2638)
20190434568,06/07/2019 03:42:00 PM,2,0,0,,N,420040,4,ANGLE,22,CLOUDY,1,DAYLIGHT,12,MOTOR VEHICLE IN TRANSPORT,21ST AVS & PORTLAND AV,NASHVILLE,TN,37212,6607,MIDTOW,36.1332,-86.8013,POINT (-86.8013 36.1332)
20190241808,03/28/2019 08:55:00 PM,2,0,0,,N,161948,4,ANGLE,21,CLEAR,3,DARK - LIGHTED,12,MOTOR VEHICLE IN TRANSPORT,BRILEY PKWY N EXT RAMP & BRILEY PKWY N E,NASHVILLE,TN,37214,9121,HERMIT,36.1681,-86.6879,POINT (-86.6879 36.1681)
20190278811,04/11/2019 01:00:00 PM,2,0,0,,N,834798,11,Front to Rear,21,CLEAR,1,DAYLIGHT,12,MOTOR VEHICLE IN TRANSPORT,MOORE AV & ENSLEY BLVD,NASHVILLE,TN,37203,8011,MIDTOW,36.1364,-86.7606,POINT (-86.7606 36.1364)
20190012039,01/05/2019 01:49:00 PM,2,0,0,,N,320579,4,ANGLE,21,CLEAR,1,DAYLIGHT,12,MOTOR VEHICLE IN TRANSPORT,S 12TH ST & DAVIDSON ST,NASHVILLE,TN,37206,1027,EAST,36.1624,-86.7499,POINT (-86.7499 36.1624)
20190202321,03/15/2019 05:40:00 AM,2,0,0,,Y,191573,5,SIDESWIPE - SAME DIRECTION,21,CLEAR,3,DARK - LIGHTED,12,MOTOR VEHICLE IN TRANSPORT,MM 211 0 I 40,NASHVILLE,TN,37210,82020,HERMIT,36.1544,-86.7598,POINT (-86.7598 36.1544)
20190185488,03/08/2019 11:19:00 PM,1,2,0,Y,N,256377,0,NOT COLLISION W/MOTOR VEHICLE-TRANSPORT,21,CLEAR,3,DARK - LIGHTED,29;63,LUMINAIRE/LIGHT SUPPORT;Ran Off Road-Right,NASHBORO BLVD & FAIRWAY POINTE PVTDR,NASHVILLE,TN,37217,8937,HERMIT,36.0895,-86.6293,POINT (-86.6293 36.0895)
20190148363,02/23/2019 07:19:00 PM,2,0,0,,Y,256505,4,ANGLE,2,RAIN,3,DARK - LIGHTED,12,MOTOR VEHICLE IN TRANSPORT,BEECHWOOD AV & 21ST AVS,NASHVILLE,TN,37212,6509,MIDTOW,36.127,-86.8033,POINT (-86.8033 36.127)
20190540176,07/19/2019 10:11:00 AM,2,0,0,,Y,299257,4,ANGLE,21,CLEAR,1,DAYLIGHT,14,PARKED MOTOR VEHICLE,HILLSBORO PKE & HILLSBORO DR,NASHVILLE,TN,37215,6405,MIDTOW,36.1019,-86.8178,POINT (-86.8178 36.1019)
20190247789,03/31/2019 04:40:00 AM,2,0,0,,N,191573,6,SIDESWIPE - OPPOSITE DIRECTION,21,CLEAR,3,DARK - LIGHTED,12,MOTOR VEHICLE IN TRANSPORT,2ND AVS & MOLLOY ST,NASHVILLE,TN,37201,4051,CENTRA,36.1591,-86.7734,POINT (-86.7734 36.1591)
20190441191,06/10/2019 09:27:00 AM,2,0,0,,Y,311339,4,ANGLE,21,CLEAR,1,DAYLIGHT,14,PARKED MOTOR VEHICLE,LEA AV & 6TH AVS,NASHVILLE,TN,37203,4039,CENTRA,36.1537,-86.7759,POINT (-86.7759 36.1537)
20190429149,06/05/2019 04:30:00 PM,2,0,0,,N,352198,4,ANGLE,21,CLEAR,1,DAYLIGHT,12,MOTOR VEHICLE IN TRANSPORT,HICKS RD & HIGHWAY 70S,NASHVILLE,TN,37221,4811,WEST,36.0737,-86.9263,POINT (-86.9263 36.0737)
20190322834,04/26/2019 12:00:00 AM,2,1,0,,N,256441,11,Front to Rear,21,CLEAR,1,DAYLIGHT,12,MOTOR VEHICLE IN TRANSPORT,MM 4 4 I 440,NASHVILLE,TN,37204,7014,MIDTOW,36.1158,-86.7827,POINT (-86.7827 36.1158)
20190434576,06/07/2019 03:45:00 PM,2,0,0,,Y,580819,5,SIDESWIPE - SAME DIRECTION,2,RAIN,1,DAYLIGHT,12,MOTOR VEHICLE IN TRANSPORT,DEMONBREUN ST & I 40,NASHVILLE,TN,37203,4081,CENTRA,36.1539,-86.7878,POINT (-86.7878 36.1539)
20190172021,03/04/2019 04:56:00 PM,2,0,0,,N,690942,4,ANGLE,21,CLEAR,1,DAYLIGHT,12,MOTOR VEHICLE IN TRANSPORT,2ND AVS & MOLLOY ST,NASHVILLE,TN,37201,4051,CENTRA,36.1591,-86.7734,POINT (-86.7734 36.1591)
20190391978,05/22/2019 04:45:00 PM,2,0,0,,Y,256412,5,SIDESWIPE - SAME DIRECTION,21,CLEAR,1,DAYLIGHT,12,MOTOR VEHICLE IN TRANSPORT,MM 6 5 I 440,NASHVILLE,TN,37210,81040,SOUTH,36.1242,-86.7451,POINT (-86.7451 36.1242)
20190295526,04/17/2019 11:00:00 AM,2,0,0,,N,279227,11,Front to Rear,21,CLEAR,1,DAYLIGHT,12,MOTOR VEHICLE IN TRANSPORT,CRAIGHEAD ST & NOLENSVILLE PKE,NASHVILLE,TN,37203,8023,MIDTOW,36.134,-86.7589,POINT (-86.7589 36.134)
20190329074,04/29/2019 12:52:00 PM,2,0,0,,N,591936,5,SIDESWIPE - SAME DIRECTION,21,CLEAR,1,DAYLIGHT,12,MOTOR VEHICLE IN TRANSPORT,MM 210 2 I 40,NASHVILLE,TN,37203,80021,MIDTOW,36.1493,-86.7736,POINT (-86.7736 36.1493)
20190004253,01/02/2019 04:19:00 PM,2,0,0,,N,267831,4,ANGLE,22,CLOUDY,5,DUSK,12,MOTOR VEHICLE IN TRANSPORT,HIGHWAY 100 & HEADY DR,NASHVILLE,TN,37205,6209,WEST,36.0992,-86.8717,POINT (-86.8717 36.0992)
20190545283,07/21/2019 10:28:00 PM,2,0,0,,Y,256446,11,Front to Rear,21,CLEAR,3,DARK - LIGHTED,12,MOTOR VEHICLE IN TRANSPORT,HAMILTON CHURCH RD & MURFREESBORO PKE,ANTIOCH,TN,37013,8865,SOUTH,36.0645,-86.6288,POINT (-86.6288 36.0645)
20190030271,01/12/2019 11:15:00 AM,1,0,0,Y,N,226600,0,NOT COLLISION W/MOTOR VEHICLE-TRANSPORT,22,CLOUDY,1,DAYLIGHT,27,H-WAY TRAFFIC SIGNAL POST,HARDING PKE & HIGHWAY 100,NASHVILLE,TN,37205,6209,WEST,36.0997,-86.8714,POINT (-86.8714 36.0997)
20190567316,07/30/2019 05:40:00 PM,2,0,0,,N,714641,11,Front to Rear,21,CLEAR,1,DAYLIGHT,12,MOTOR VEHICLE IN TRANSPORT,ROSA L PARKS BLVD & 9TH AVN,NASHVILLE,TN,37208,4237,CENTRA,36.1721,-86.7907,POINT (-86.7907 36.1721)
20190268027,04/07/2019 06:50:00 PM,3,0,0,,N,299238,2,HEAD-ON,22,CLOUDY,5,DUSK,12,MOTOR VEHICLE IN TRANSPORT,SUMMER PL & S 5TH ST,NASHVILLE,TN,37206,1013,EAST,36.1655,-86.7601,POINT (-86.7601 36.1655)
20190494941,07/01/2019 07:45:00 AM,2,0,0,,Y,716886,6,SIDESWIPE - OPPOSITE DIRECTION,21,CLEAR,1,DAYLIGHT,12,MOTOR VEHICLE IN TRANSPORT,HICKORY PARK DR & BELL RD,ANTIOCH,TN,37013,8753,SOUTH,36.0896,-86.6884,POINT (-86.6884 36.0896)
20190519456,07/11/2019 09:50:00 AM,2,0,0,,N,320595,11,Front to Rear,22,CLOUDY,1,DAYLIGHT,12,MOTOR VEHICLE IN TRANSPORT,MM 212 3 I 40,NASHVILLE,TN,37210,8206,HERMIT,36.1447,-86.7399,POINT (-86.7399 36.1447)
20190061966,01/24/2019 07:40:00 AM,2,0,0,,N,717625,5,SIDESWIPE - SAME DIRECTION,21,CLEAR,1,DAYLIGHT,12,MOTOR VEHICLE IN TRANSPORT,MM 87 9 I 65,NASHVILLE,TN,37207,30041,NORTH,36.2151,-86.7754,POINT (-86.7754 36.2151)
20190420242,06/02/2019 08:15:00 AM,1,1,0,Y,N,320601,0,NOT COLLISION W/MOTOR VEHICLE-TRANSPORT,21,CLEAR,1,DAYLIGHT,1;34;43,DITCH;OTHER FIXED OBJECTS,BURKITT RD & GLORYLAND LN,NOLENSVILLE,TN,37135,8773,SOUTH,35.991,-86.663,POINT (-86.663 35.991)
20190251432,04/01/2019 04:37:00 PM,2,0,0,,N,256383,5,SIDESWIPE - SAME DIRECTION,21,CLEAR,1,DAYLIGHT,12,MOTOR VEHICLE IN TRANSPORT,BELL RD & CEDAR POINTE PKWY,ANTIOCH,TN,37013,8753,SOUTH,36.0449,-86.6671,POINT (-86.6671 36.0449)
20190329480,04/29/2019 03:54:00 PM,2,3,0,,N,279124,11,Front to Rear,21,CLEAR,1,DAYLIGHT,12,MOTOR VEHICLE IN TRANSPORT,OLD HICKORY BLVD & EULALA DR,ANTIOCH,TN,37013,8757,SOUTH,36.0454,-86.7036,POINT (-86.7036 36.0454)
20190436689,06/08/2019 01:25:00 PM,2,2,0,,N,352199,4,ANGLE,22,CLOUDY,1,DAYLIGHT,12,MOTOR VEHICLE IN TRANSPORT,SMITH SPRINGS RD & BELL RD,NASHVILLE,TN,37217,8965,HERMIT,36.0903,-86.6265,POINT (-86.6265 36.0903)