Accident Number,Date and Time,Number of Motor Vehicles,Number of Injuries,Number of Fatalities,Property Damage,Hit and Run,Reporting Officer,Collision Type Code,Collision Type Description,Weather Code,Weather Description,Illumination Code,Illumination Description,Harmful Code,Harmful Code Description,Street Address,City,State,ZIP,RPA,Precinct,Latitude,Longitude,Mapped Location
20190099578,02/07/2019 08:24:00 AM,2,0,0,,N,462501,6,SIDESWIPE - OPPOSITE DIRECTION,21,CLEAR,1,DAYLIGHT,12,MOTOR VEHICLE IN TRANSPORT,6TH AVS & DIVISION ST,NASHVILLE,TN,37203,4007,CENTRA,36.1512,-86.7742,POINT (-86.7742 36.1512)
20190363074,05/12/2019 12:00:00 AM,2,0,0,,Y,320578,5,SIDESWIPE - SAME DIRECTION,21,CLEAR,3,DARK - LIGHTED,12;14,MOTOR VEHICLE IN TRANSPORT;PARKED MOTOR VEHICLE,HIGHLANDER DR & HIGHLANDER CV,ANTIOCH,TN,37013,8861,SOUTH,36.0586,-86.6557,POINT (-86.6557 36.0586)
20190237426,03/27/2019 09:00:00 AM,2,0,0,,Y,405391,9,UNKNOWN,21,CLEAR,1,DAYLIGHT,14,PARKED MOTOR VEHICLE,RIVERVIEW BEND DR & RIVERBRANCH CT,NASHVILLE,TN,37221,4713,WEST,36.0927,-87.002,POINT (-87.002 36.0927)
20190104192,02/07/2019 09:25:00 PM,2,1,0,,Y,281611,6,SIDESWIPE - OPPOSITE DIRECTION,21,CLEAR,2,DARK - NOT LIGHTED,12,MOTOR VEHICLE IN TRANSPORT,MCCRORY LN & HIGHWAY 100,NASHVILLE,TN,37221,4809,WEST,36.0347,-86.9739,POINT (-86.9739 36.0347)
20190383502,05/19/2019 10:19:00 PM,2,1,0,,N,330412,4,ANGLE,21,CLEAR,3,DARK - LIGHTED,12,MOTOR VEHICLE IN TRANSPORT,MYATT DR & MYATT DR PVTDR,MADISON,TN,37115,1721,MADISO,36.2947,-86.6973,POINT (-86.6973 36.2947)
20190032178,01/13/2019 08:39:00 AM,1,0,0,Y,N,256502,0,NOT COLLISION W/MOTOR VEHICLE-TRANSPORT,2,RAIN,1,DAYLIGHT,24,GUARDRAIL FACE,MM 86 3 I 65,NASHVILLE,TN,37207,1910,CENTRA,36.1919,-86.7808,POINT (-86.7808 36.1919)
20190301804,04/19/2019 11:15:00 AM,2,0,0,,N,676834,11,Front to Rear,22,CLOUDY,1,DAYLIGHT,12,MOTOR VEHICLE IN TRANSPORT,MM 87 3 I 65,NASHVILLE,TN,37207,1804,EAST,36.2068,-86.7762,POINT (-86.7762 36.2068)
20190282016,04/12/2019 04:27:00 PM,2,0,0,,N,725756,11,Front to Rear,22,CLOUDY,1,DAYLIGHT,12,MOTOR VEHICLE IN TRANSPORT,HARDING PL & HARDING PKE,NASHVILLE,TN,37205,6201,WEST,36.1022,-86.8703,POINT (-86.8703 36.1022)
20190145023,02/22/2019 12:15:00 PM,1,0,0,,N,690942,0,NOT COLLISION W/MOTOR VEHICLE-TRANSPORT,2,RAIN,1,DAYLIGHT,36,CONCRETE TRAFFIC BARRIER,MM 208 6 I 40,NASHVILLE,TN,37203,42020,CENTRA,36.1629,-86.7935,POINT (-86.7935 36.1629)
20190206653,03/16/2019 10:30:00 PM,2,1,0,,N,240982,4,ANGLE,21,CLEAR,3,DARK - LIGHTED,12,MOTOR VEHICLE IN TRANSPORT,2ND AVS & DEMONBREUN ST,NASHVILLE,TN,37201,4063,CENTRA,36.16,-86.7739,POINT (-86.7739 36.16)
20190170734,03/04/2019 08:07:00 AM,2,3,0,,N,311799,4,ANGLE,22,CLOUDY,1,DAYLIGHT,12,MOTOR VEHICLE IN TRANSPORT,STATE RT 45 & RIO VISTA DR,MADISON,TN,37115,1705,MADISO,36.2628,-86.681,POINT (-86.681 36.2628)
20190528386,07/15/2019 08:05:00 AM,2,0,0,,N,262757,11,Front to Rear,2,RAIN,1,DAYLIGHT,12,MOTOR VEHICLE IN TRANSPORT,MM 215 3 I 40,NASHVILLE,TN,37217,89020,HERMIT,36.1436,-86.6894,POINT (-86.6894 36.1436)
20190429638,06/05/2019 08:20:00 PM,3,4,0,,N,256424,4,ANGLE,21,CLEAR,3,DARK - LIGHTED,12;24,MOTOR VEHICLE IN TRANSPORT;GUARDRAIL FACE,MM 215 0 I 40,NASHVILLE,TN,37214,91021,HERMIT,36.1444,-86.6948,POINT (-86.6948 36.1444)
20190510411,07/07/2019 01:15:00 PM,2,0,0,,Y,876581,4,ANGLE,21,CLEAR,1,DAYLIGHT,55,Motor Vehicle-In-Motion Outside Trafficw,10 ONE MILE PKWY,MADISON,TN,37115,1759,MADISO,36.2794,-86.711,POINT (-86.711 36.2794)
20190164906,03/01/2019 05:23:00 PM,2,0,0,,N,420040,5,SIDESWIPE - SAME DIRECTION,22,CLOUDY,5,DUSK,12,MOTOR VEHICLE IN TRANSPORT,EUGENIA AV & CRUZEN ST,NASHVILLE,TN,37204,8305,MIDTOW,36.1154,-86.7543,POINT (-86.7543 36.1154)
20190428480,06/05/2019 11:18:00 AM,2,0,0,,Y,226622,98,OTHER,21,CLEAR,1,DAYLIGHT,12,MOTOR VEHICLE IN TRANSPORT,HIGHWAY 70S & COLEY DAVIS RD,NASHVILLE,TN,37221,4811,WEST,36.0796,-86.9536,POINT (-86.9536 36.0796)
20190139930,02/20/2019 10:31:00 PM,2,0,0,,N,620080,4,ANGLE,22,CLOUDY,3,DARK - LIGHTED,12,MOTOR VEHICLE IN TRANSPORT,BELL RD & MT VIEW RD,ANTIOCH,TN,37013,8865,SOUTH,36.05,-86.6496,POINT (-86.6496 36.05)
20190385666,05/20/2019 05:43:00 PM,2,1,0,,N,714641,4,ANGLE,21,CLEAR,1,DAYLIGHT,12,MOTOR VEHICLE IN TRANSPORT,BROADWAY & I40 W ENT RAMP,NASHVILLE,TN,37203,4081,CENTRA,36.156,-86.7889,POINT (-86.7889 36.156)
20190029781,01/12/2019 04:38:00 AM,1,0,0,Y,Y,256382,0,NOT COLLISION W/MOTOR VEHICLE-TRANSPORT,21,CLEAR,3,DARK - LIGHTED,43,OTHER FIXED OBJECTS,ALLEN RD & DONELSON PKE,NASHVILLE,TN,37214,9423,HERMIT,36.1507,-86.6666,POINT (-86.6666 36.1507)
20190380576,05/18/2019 11:41:00 AM,2,0,0,,N,161952,11,Front to Rear,21,CLEAR,1,DAYLIGHT,12,MOTOR VEHICLE IN TRANSPORT,BUENA VISTA PKE & CLARKSVILLE PKE,NASHVILLE,TN,37218,3161,NORTH,36.1937,-86.8312,POINT (-86.8312 36.1937)
20190463898,06/19/2019 01:50:00 AM,2,1,0,,Y,245532,4,ANGLE,21,CLEAR,2,DARK - NOT LIGHTED,12,MOTOR VEHICLE IN TRANSPORT,HOBSON & PIN HOOK,ANTIOCH,TN,37013,8905,SOUTH,36.0495,-86.5999,POINT (-86.5999 36.0495)
20190453960,06/14/2019 10:56:00 PM,2,0,0,,N,415780,11,Front to Rear,21,CLEAR,3,DARK - LIGHTED,12,MOTOR VEHICLE IN TRANSPORT,MELROSE AV & I440 E ENT RAMP,NASHVILLE,TN,37211,8343,MIDTOW,36.1205,-86.7501,POINT (-86.7501 36.1205)
20190520131,07/11/2019 03:22:00 PM,1,1,0,Y,N,256383,0,NOT COLLISION W/MOTOR VEHICLE-TRANSPORT,21,CLEAR,1,DAYLIGHT,1;32;40,CULVERT;MAIL BOX,LAVERGNE COUCHVILLE PKE & LAURENWOOD DR,ANTIOCH,TN,37013,8901,SOUTH,36.0392,-86.5861,POINT (-86.5861 36.0392)
20190100366,02/06/2019 01:40:00 PM,2,0,0,,N,235761,4,ANGLE,2,RAIN,1,DAYLIGHT,12,MOTOR VEHICLE IN TRANSPORT,PENNSYLVANIA AV & 61ST AVN,NASHVILLE,TN,37209,4615,WEST,36.165,-86.8614,POINT (-86.8614 36.165)
20190120036,02/13/2019 05:21:00 PM,3,3,0,,N,256383,6,SIDESWIPE - OPPOSITE DIRECTION,21,CLEAR,1,DAYLIGHT,1;12;38,MOTOR VEHICLE IN TRANSPORT;FENCE,MT VIEW CIR & MT VIEW RD,ANTIOCH,TN,37013,8867,SOUTH,36.0515,-86.6227,POINT (-86.6227 36.0515)
20190070583,01/27/2019 11:56:00 AM,2,0,0,,Y,420059,98,OTHER,21,CLEAR,1,DAYLIGHT,14,PARKED MOTOR VEHICLE,NOLENSVILLE PKE & YELTON CT,NASHVILLE,TN,37211,8435,SOUTH,36.0911,-86.7348,POINT (-86.7348 36.0911)
20190174937,03/05/2019 03:00:00 PM,2,0,0,,N,134899,11,Front to Rear,21,CLEAR,1,DAYLIGHT,12,MOTOR VEHICLE IN TRANSPORT,MM 211 0 I 40,NASHVILLE,TN,37210,82020,HERMIT,36.1544,-86.7598,POINT (-86.7598 36.1544)
20190234096,03/26/2019 08:39:00 AM,2,0,0,,N,191578,11,Front to Rear,21,CLEAR,1,DAYLIGHT,12,MOTOR VEHICLE IN TRANSPORT,CENTRAL PKE & DODSON CHAPEL RD,HERMITAGE,TN,37076,9503,HERMIT,36.1721,-86.6147,POINT (-86.6147 36.1721)
20190495512,07/01/2019 12:10:00 PM,1,0,0,,N,676834,0,NOT COLLISION W/MOTOR VEHICLE-TRANSPORT,21,CLEAR,1,DAYLIGHT,36,CONCRETE TRAFFIC BARRIER,MM 86 8 I 65,NASHVILLE,TN,37207,3002,NORTH,36.1987,-86.7764,POINT (-86.7764 36.1987)
20190203778,03/15/2019 05:16:00 PM,2,1,0,,N,169425,4,ANGLE,21,CLEAR,1,DAYLIGHT,12,MOTOR VEHICLE IN TRANSPORT,SIDCO DR & ELYSIAN FIELDS RD,NASHVILLE,TN,37204,8531,MIDTOW,36.0844,-86.7617,POINT (-86.7617 36.0844)
20190436476,06/08/2019 01:00:00 AM,3,0,0,,N,429185,6,SIDESWIPE - OPPOSITE DIRECTION,2,RAIN,3,DARK - LIGHTED,14,PARKED MOTOR VEHICLE,629 ATLANTA DR,HERMITAGE,TN,37076,9537,HERMIT,36.2094,-86.596,POINT (-86.596 36.2094)
20190169264,03/03/2019 06:54:00 PM,2,1,0,,N,320585,11,Front to Rear,21,CLEAR,3,DARK - LIGHTED,12;24,MOTOR VEHICLE IN TRANSPORT;GUARDRAIL FACE,I40 W EXT RAMP & I 40,NASHVILLE,TN,37203,4119,CENTRA,36.1574,-86.79,POINT (-86.79 36.1574)
20190145989,02/22/2019 07:58:00 PM,2,0,0,,N,212322,11,Front to Rear,21,CLEAR,1,DAYLIGHT,12,MOTOR VEHICLE IN TRANSPORT,MURFREESBORO PKE & FRANKLIN LIMESTONE RD,NASHVILLE,TN,37217,8853,SOUTH,36.0944,-86.6534,POINT (-86.6534 36.0944)
20190236656,03/27/2019 05:45:00 AM,1,0,0,,N,330440,0,NOT COLLISION W/MOTOR VEHICLE-TRANSPORT,21,CLEAR,3,DARK - LIGHTED,18,OTHER OBJECT (NOT FIXED),I24 W EXT RAMP & I 24,NASHVILLE,TN,37211,8829,SOUTH,36.1074,-86.7197,POINT (-86.7197 36.1074)
20190482647,06/26/2019 10:06:00 AM,1,0,0,,N,299243,0,NOT COLLISION W/MOTOR VEHICLE-TRANSPORT,21,CLEAR,1,DAYLIGHT,75,Bridge/Overhead Structure,8TH AVS & GLEAVES ST,NASHVILLE,TN,37203,4009,CENTRA,36.1518,-86.7793,POINT (-86.7793 36.1518)
20190469629,06/20/2019 11:00:00 PM,2,0,0,,N,209173,98,OTHER,21,CLEAR,3,DARK - LIGHTED,12,MOTOR VEHICLE IN TRANSPORT,HIGHWAY 70S & I40 W EXT RAMP,NASHVILLE,TN,37221,4711,WEST,36.0817,-86.9571,POINT (-86.9571 36.0817)
20190055816,01/22/2019 07:00:00 AM,1,0,0,Y,N,628640,0,NOT COLLISION W/MOTOR VEHICLE-TRANSPORT,21,CLEAR,1,DAYLIGHT,30,UTILITY POLE,NOLENSVILLE PKE & OLD HICKORY BLVD,NASHVILLE,TN,37211,8717,SOUTH,36.0454,-86.7133,POINT (-86.7133 36.0454)
20190221304,03/21/2019 07:00:00 PM,2,0,0,,N,161939,0,NOT COLLISION W/MOTOR VEHICLE-TRANSPORT,21,CLEAR,3,DARK - LIGHTED,18,OTHER OBJECT (NOT FIXED),MM 57 7 I 24,ANTIOCH,TN,37013,88080,SOUTH,36.061,-86.6807,POINT (-86.6807 36.061)
20190303984,04/20/2019 12:00:00 AM,1,0,0,,Y,320575,9,UNKNOWN,99,UNKNOWN,9,UNKNOWN,99,UNKNOWN MOST HARMFUL EVENT,ANTIOCH PKE & FRANKLIN LIMESTONE RD,ANTIOCH,TN,37013,8899,SOUTH,36.0804,-86.6857,POINT (-86.6857 36.0804)
20190053273,01/21/2019 07:30:00 AM,1,0,0,Y,Y,226134,0,NOT COLLISION W/MOTOR VEHICLE-TRANSPORT,21,CLEAR,1,DAYLIGHT,18,OTHER OBJECT (NOT FIXED),OCALA DR & OCALA CIR,NASHVILLE,TN,37211,8717,SOUTH,36.0517,-86.705,POINT (-86.705 36.0517)
20190093156,02/04/2019 09:14:00 AM,2,0,0,,N,191578,11,Front to Rear,22,CLOUDY,1,DAYLIGHT,12,MOTOR VEHICLE IN TRANSPORT,LEBANON PKE & FAIRWAY DR,NASHVILLE,TN,37214,9109,HERMIT,36.1691,-86.6824,POINT (-86.6824 36.1691)
20190150030,02/24/2019 12:58:00 PM,2,0,0,,Y,320601,11,Front to Rear,21,CLEAR,1,DAYLIGHT,12,MOTOR VEHICLE IN TRANSPORT,THOMPSON LN & NOLENSVILLE PKE,NASHVILLE,TN,37211,8519,MIDTOW,36.1109,-86.7452,POINT (-86.7452 36.1109)
20190145779,02/22/2019 06:19:00 PM,3,2,0,,N,330428,2,HEAD-ON,2,RAIN,2,DARK - NOT LIGHTED,12,MOTOR VEHICLE IN TRANSPORT,HIGHWAY 100 & OLD HICKORY BLVD,NASHVILLE,TN,37221,6213,WEST,36.0609,-86.9153,POINT (-86.9153 36.0609)
20190038819,01/15/2019 05:55:00 PM,2,0,0,,N,206675,4,ANGLE,21,CLEAR,1,DAYLIGHT,12,MOTOR VEHICLE IN TRANSPORT,BLACKMAN RD & SHADESCREST DR,NASHVILLE,TN,37211,8611,MIDTOW,36.0742,-86.7378,POINT (-86.7378 36.0742)
20190472068,06/21/2019 08:57:00 PM,2,0,0,,N,320599,11,Front to Rear,10,SEVERE CROSSWIND,2,DARK - NOT LIGHTED,12,MOTOR VEHICLE IN TRANSPORT,BELL RD & BELL RD PVTDR,HERMITAGE,TN,37076,9501,HERMIT,36.1571,-86.6179,POINT (-86.6179 36.1571)
20190107012,02/08/2019 09:50:00 PM,1,0,0,Y,Y,420040,0,NOT COLLISION W/MOTOR VEHICLE-TRANSPORT,21,CLEAR,3,DARK - LIGHTED,33,CURB,WEDGEWOOD AV & MAGNOLIA BLVD,NASHVILLE,TN,37212,6619,MIDTOW,36.1366,-86.7952,POINT (-86.7952 36.1366)
20190395406,05/23/2019 06:02:00 PM,2,0,0,,N,887598,5,SIDESWIPE - SAME DIRECTION,21,CLEAR,1,DAYLIGHT,12,MOTOR VEHICLE IN TRANSPORT,MM 86 5 I 65,NASHVILLE,TN,37207,3006,NORTH,36.1946,-86.7762,POINT (-86.7762 36.1946)
20190065935,01/25/2019 02:20:00 PM,2,1,0,,Y,716886,4,ANGLE,21,CLEAR,1,DAYLIGHT,12,MOTOR VEHICLE IN TRANSPORT,MT VIEW RD & CROSSINGS BLVD,ANTIOCH,TN,37013,8863,SOUTH,36.0455,-86.6473,POINT (-86.6473 36.0455)
20190213328,03/19/2019 10:30:00 AM,2,0,0,,N,226136,6,SIDESWIPE - OPPOSITE DIRECTION,21,CLEAR,1,DAYLIGHT,14,PARKED MOTOR VEHICLE,HEATHFIELD CIR & BANBURY WAY,BRENTWOOD,TN,37027,8623,MIDTOW,36.0243,-86.7519,POINT (-86.7519 36.0243)
20190392615,05/22/2019 12:00:00 AM,2,0,0,,Y,197075,4,ANGLE,21,CLEAR,3,DARK - LIGHTED,12,MOTOR VEHICLE IN TRANSPORT,MASONWOOD DR & MOOREWOOD DR,NASHVILLE,TN,37207,2033,MADISO,36.2422,-86.7733,POINT (-86.7733 36.2422)
20190372612,05/15/2019 04:30:00 PM,2,0,0,,N,352201,11,Front to Rear,22,CLOUDY,1,DAYLIGHT,12,MOTOR VEHICLE IN TRANSPORT,CHARLOTTE PKE & WESTBORO DR,NASHVILLE,TN,37209,5029,WEST,36.1453,-86.8717,POINT (-86.8717 36.1453)
20190275426,04/10/2019 09:00:00 AM,3,0,0,,N,591933,11,Front to Rear,21,CLEAR,1,DAYLIGHT,12,MOTOR VEHICLE IN TRANSPORT,MURFREESBORO PKE & MOUNTAIN SPRINGS RD,ANTIOCH,TN,37013,8927,SOUTH,36.0478,-86.6121,POINT (-86.6121 36.0478)
20190456943,06/16/2019 09:00:00 AM,2,0,0,,Y,320601,11,Front to Rear,21,CLEAR,1,DAYLIGHT,12,MOTOR VEHICLE IN TRANSPORT,HARDING PL & HARDING MALL DR,NASHVILLE,TN,37211,8445,SOUTH,36.0804,-86.722,POINT (-86.722 36.0804)
20190288399,04/15/2019 09:04:00 AM,2,1,0,,N,414731,11,Front to Rear,21,CLEAR,1,DAYLIGHT,12,MOTOR VEHICLE IN TRANSPORT,MM 54 0 I 24,NASHVILLE,TN,37211,88122,SOUTH,36.1064,-86.7188,POINT (-86.7188 36.1064)
20190426567,06/04/2019 07:02:00 PM,2,0,0,,N,267831,11,Front to Rear,21,CLEAR,1,DAYLIGHT,12,MOTOR VEHICLE IN TRANSPORT,MM 1 7 I 440,NASHVILLE,TN,37209,5312,NORTH,36.1536,-86.8226,POINT (-86.8226 36.1536)
20190010722,01/04/2019 11:43:00 PM,1,0,0,,N,256492,0,NOT COLLISION W/MOTOR VEHICLE-TRANSPORT,2,RAIN,3,DARK - LIGHTED,24,GUARDRAIL FACE,I24E & I24 W ENT RAMP,NASHVILLE,TN,37210,82061,HERMIT,36.1386,-86.7273,POINT (-86.7273 36.1386)
20190381923,05/19/2019 02:40:00 AM,1,0,0,Y,N,189243,0,NOT COLLISION W/MOTOR VEHICLE-TRANSPORT,21,CLEAR,7,Dark-Unknown Lighting,38;63,FENCE;Ran Off Road-Right,NOLENSVILLE PKE & ELYSIAN FIELDS CT,NASHVILLE,TN,37211,8501,MIDTOW,36.0869,-86.7302,POINT (-86.7302 36.0869)
20190087236,02/01/2019 03:40:00 PM,2,0,0,,Y,240985,5,SIDESWIPE - SAME DIRECTION,,,,,12,MOTOR VEHICLE IN TRANSPORT,MM 77 5 I 65,NASHVILLE,TN,37220,86042,MIDTOW,36.0775,-86.7663,POINT (-86.7663 36.0775)
20190047568,01/18/2019 04:55:00 PM,3,2,0,,N,267831,2,HEAD-ON,22,CLOUDY,5,DUSK,12,MOTOR VEHICLE IN TRANSPORT,HIGHWAY 70S & WATERFORD CIR,NASHVILLE,TN,37221,4811,WEST,36.0739,-86.928,POINT (-86.928 36.0739)
20190416216,05/31/2019 01:00:00 PM,2,0,0,,N,352172,4,ANGLE,21,CLEAR,1,DAYLIGHT,12,MOTOR VEHICLE IN TRANSPORT,2ND AVS & I40 W EXT RAMP,NASHVILLE,TN,37210,4003,CENTRA,36.1518,-86.7686,POINT (-86.7686 36.1518)
20190021513,01/09/2019 09:23:00 AM,2,2,0,,N,226136,4,ANGLE,21,CLEAR,1,DAYLIGHT,12,MOTOR VEHICLE IN TRANSPORT,MM 3 9 I 440,NASHVILLE,TN,37204,7010,MIDTOW,36.1161,-86.7913,POINT (-86.7913 36.1161)
20190156830,02/26/2019 09:25:00 PM,1,1,0,,N,299241,0,NOT COLLISION W/MOTOR VEHICLE-TRANSPORT,21,CLEAR,2,DARK - NOT LIGHTED,8,PEDESTRIAN,HARDIN SHIRE DR & SOUTHFORK BLVD,OLD HICKORY,TN,37138,9617,HERMIT,36.2203,-86.6276,POINT (-86.6276 36.2203)
20190185164,03/08/2019 08:30:00 PM,1,1,0,,N,151132,0,NOT COLLISION W/MOTOR VEHICLE-TRANSPORT,2,RAIN,2,DARK - NOT LIGHTED,8,PEDESTRIAN,LOMBARDIA LN & E OLD HICKORY BLVD,MADISON,TN,37115,1627,MADISO,36.2632,-86.6983,POINT (-86.6983 36.2632)
20190440409,06/10/2019 12:00:00 AM,1,0,0,Y,Y,191578,0,NOT COLLISION W/MOTOR VEHICLE-TRANSPORT,99,UNKNOWN,9,UNKNOWN,24;71,GUARDRAIL FACE;EMBANKMENT EARTH,STEWARTS FERRY PKE & S NEW HOPE RD,HERMITAGE,TN,37076,9519,HERMIT,36.1437,-86.5853,POINT (-86.5853 36.1437)
20190522214,07/12/2019 11:38:00 AM,1,0,0,Y,N,279116,0,NOT COLLISION W/MOTOR VEHICLE-TRANSPORT,22,CLOUDY,1,DAYLIGHT,18;39,OTHER OBJECT (NOT FIXED);WALL,BEECH AV & WEDGEWOOD AV,NASHVILLE,TN,37204,6919,MIDTOW,36.134,-86.7806,POINT (-86.7806 36.134)
20190572100,08/01/2019 01:34:00 PM,3,0,0,,N,191578,4,ANGLE,21,CLEAR,1,DAYLIGHT,12,MOTOR VEHICLE IN TRANSPORT,LEBANON PKE & ANDREW JACKSON PKWY,HERMITAGE,TN,37076,9537,HERMIT,36.2151,-86.5962,POINT (-86.5962 36.2151)
20190221650,03/21/2019 10:05:00 PM,3,0,0,,N,279232,4,ANGLE,21,CLEAR,3,DARK - LIGHTED,14,PARKED MOTOR VEHICLE,6TH AVS & DEMONBREUN ST,NASHVILLE,TN,37203,4061,CENTRA,36.1579,-86.7786,POINT (-86.7786 36.1579)
20190383214,05/19/2019 05:14:00 PM,2,0,0,,Y,256426,4,ANGLE,21,CLEAR,1,DAYLIGHT,12,MOTOR VEHICLE IN TRANSPORT,OLD ELM HILL PKE & ERMAC DR,NASHVILLE,TN,37214,9101,HERMIT,36.1529,-86.6868,POINT (-86.6868 36.1529)
20190097366,02/05/2019 03:16:00 PM,2,0,0,,Y,151132,5,SIDESWIPE - SAME DIRECTION,21,CLEAR,1,DAYLIGHT,12,MOTOR VEHICLE IN TRANSPORT,DICKERSON PKE & SKYLINE COMMONS PVTDR,NASHVILLE,TN,37207,2011,MADISO,36.2475,-86.7568,POINT (-86.7568 36.2475)
20190049662,01/19/2019 04:06:00 PM,2,0,0,,Y,311334,9,UNKNOWN,98,OTHER (NARRATIVE),98,OTHER,14,PARKED MOTOR VEHICLE,11TH AVS & 12TH AVS,NASHVILLE,TN,37203,4019,CENTRA,36.1525,-86.7838,POINT (-86.7838 36.1525)
20190488171,06/28/2019 08:40:00 AM,4,4,0,,N,834798,11,Front to Rear,21,CLEAR,1,DAYLIGHT,12,MOTOR VEHICLE IN TRANSPORT,I440 ENT RAMP & I 65,NASHVILLE,TN,37204,7018,MIDTOW,36.1117,-86.7713,POINT (-86.7713 36.1117)
20190338796,05/02/2019 07:21:00 PM,2,0,0,,Y,212330,5,SIDESWIPE - SAME DIRECTION,22,CLOUDY,3,DARK - LIGHTED,12,MOTOR VEHICLE IN TRANSPORT,I440 W ENT RAMP & I 440,NASHVILLE,TN,37210,81021,SOUTH,36.1259,-86.7322,POINT (-86.7322 36.1259)
20190360334,05/10/2019 09:06:00 PM,2,0,0,,N,311328,5,SIDESWIPE - SAME DIRECTION,2,RAIN,3,DARK - LIGHTED,12,MOTOR VEHICLE IN TRANSPORT,COMMERCE ST & 2ND AVN,NASHVILLE,TN,37201,4101,CENTRA,36.1633,-86.7761,POINT (-86.7761 36.1633)
20190262074,04/05/2019 08:14:00 AM,2,0,0,,N,544481,11,Front to Rear,22,CLOUDY,1,DAYLIGHT,12,MOTOR VEHICLE IN TRANSPORT,SPRING ST & DICKERSON PKE,NASHVILLE,TN,37207,1979,EAST,36.1765,-86.7702,POINT (-86.7702 36.1765)
20190203602,03/15/2019 03:59:00 PM,2,0,0,,N,311803,11,Front to Rear,21,CLEAR,1,DAYLIGHT,12,MOTOR VEHICLE IN TRANSPORT,I65 S EXT RAMP & I 65,MADISON,TN,37115,20044,MADISO,36.2481,-86.743,POINT (-86.743 36.2481)
20190407678,05/28/2019 04:29:00 PM,2,0,0,,N,206675,5,SIDESWIPE - SAME DIRECTION,21,CLEAR,1,DAYLIGHT,12,MOTOR VEHICLE IN TRANSPORT,MM 209 5 I 40,NASHVILLE,TN,37203,40040,CENTRA,36.1502,-86.7844,POINT (-86.7844 36.1502)
20190337266,05/02/2019 06:00:00 AM,2,0,0,,N,716886,4,ANGLE,21,CLEAR,1,DAYLIGHT,14,PARKED MOTOR VEHICLE,TRU LONG DR & TRU LONG CT,ANTIOCH,TN,37013,8977,SOUTH,36.066,-86.5991,POINT (-86.5991 36.066)
20190346804,05/06/2019 09:23:00 AM,2,0,0,,N,352158,11,Front to Rear,21,CLEAR,1,DAYLIGHT,12,MOTOR VEHICLE IN TRANSPORT,MM 78 4 I 65,NASHVILLE,TN,37204,8502,MIDTOW,36.0916,-86.7624,POINT (-86.7624 36.0916)
20190243760,03/29/2019 12:37:00 PM,2,0,0,,N,225777,4,ANGLE,21,CLEAR,1,DAYLIGHT,12,MOTOR VEHICLE IN TRANSPORT,OLD HICKORY BLVD & BELLE FOREST SHOPPING,NASHVILLE,TN,37205,4903,WEST,36.0756,-86.921,POINT (-86.921 36.0756)
20190409751,05/29/2019 09:53:00 AM,1,1,0,,N,299243,0,NOT COLLISION W/MOTOR VEHICLE-TRANSPORT,21,CLEAR,1,DAYLIGHT,8,PEDESTRIAN,OPRY PL & BROADWAY,NASHVILLE,TN,37203,4109,CENTRA,36.1609,-86.7787,POINT (-86.7787 36.1609)
20190504672,07/04/2019 05:00:00 PM,2,1,0,,N,179582,4,ANGLE,2,RAIN,1,DAYLIGHT,12,MOTOR VEHICLE IN TRANSPORT,BELL TRACE LN & HICKORY PARK DR,ANTIOCH,TN,37013,8753,SOUTH,36.041,-86.6723,POINT (-86.6723 36.041)
20190397968,05/24/2019 12:00:00 AM,2,0,0,,Y,217537,9,UNKNOWN,21,CLEAR,1,DAYLIGHT,14;55,PARKED MOTOR VEHICLE;Motor Vehicle-In-Motion Outside Trafficw,PATTERSON ST & 17TH AVN,NASHVILLE,TN,37203,5503,MIDTOW,36.1582,-86.7977,POINT (-86.7977 36.1582)
20190018357,01/08/2019 07:45:00 AM,2,0,0,,N,299264,11,Front to Rear,21,CLEAR,1,DAYLIGHT,12,MOTOR VEHICLE IN TRANSPORT,MM 3 6 I 440,NASHVILLE,TN,37212,6502,MIDTOW,36.1161,-86.7967,POINT (-86.7967 36.1161)
20190463213,06/18/2019 08:00:00 PM,2,2,0,,N,725756,11,Front to Rear,22,CLOUDY,5,DUSK,12,MOTOR VEHICLE IN TRANSPORT,OLD HICKORY BLVD & MIDDLETON PARK LN,NASHVILLE,TN,37215,6205,WEST,36.0503,-86.8747,POINT (-86.8747 36.0503)
20190393723,05/23/2019 08:35:00 AM,2,1,0,,N,279206,5,SIDESWIPE - SAME DIRECTION,21,CLEAR,1,DAYLIGHT,12,MOTOR VEHICLE IN TRANSPORT,MM 211 7 I 40,NASHVILLE,TN,37210,82042,HERMIT,36.1499,-86.7483,POINT (-86.7483 36.1499)
20190402460,05/26/2019 03:15:00 PM,2,0,0,,Y,352153,5,SIDESWIPE - SAME DIRECTION,21,CLEAR,1,DAYLIGHT,12,MOTOR VEHICLE IN TRANSPORT,STATE RT 45 & LARKIN SPRINGS RD,MADISON,TN,37115,1705,MADISO,36.2635,-86.6843,POINT (-86.6843 36.2635)
20190064125,01/25/2019 12:30:00 AM,2,0,0,,Y,676828,4,ANGLE,21,CLEAR,3,DARK - LIGHTED,12,MOTOR VEHICLE IN TRANSPORT,WEDGEWOOD AV & 12TH AVS,NASHVILLE,TN,37203,6913,MIDTOW,36.1361,-86.7879,POINT (-86.7879 36.1361)
20190388484,05/21/2019 03:42:00 PM,3,2,0,,N,256426,11,Front to Rear,21,CLEAR,1,DAYLIGHT,12,MOTOR VEHICLE IN TRANSPORT,LEBANON PKE & OMOHUNDRO PL,NASHVILLE,TN,37210,9011,HERMIT,36.1545,-86.7398,POINT (-86.7398 36.1545)