Accident Number,Date and Time,Number of Motor Vehicles,Number of Injuries,Number of Fatalities,Property Damage,Hit and Run,Reporting Officer,Collision Type Code,Collision Type Description,Weather Code,Weather Description,Illumination Code,Illumination Description,Harmful Code,Harmful Code Description,Street Address,City,State,ZIP,RPA,Precinct,Latitude,Longitude,Mapped Location
20190563573,07/29/2019 06:16:00 AM,2,0,0,,N,716886,4,ANGLE,21,CLEAR,1,DAYLIGHT,12,MOTOR VEHICLE IN TRANSPORT,OCTOBER WOODS DR & WILD APPLE CT,ANTIOCH,TN,37013,8765,SOUTH,36.0067,-86.6322,POINT (-86.6322 36.0067)
20190315970,04/24/2019 09:15:00 AM,2,0,0,,N,166478,11,Front to Rear,21,CLEAR,1,DAYLIGHT,12,MOTOR VEHICLE IN TRANSPORT,ROSA L PARKS BLVD & I65 N ENT RAMP,NASHVILLE,TN,37208,4353,NORTH,36.184,-86.798,POINT (-86.798 36.184)
20190529387,07/15/2019 04:19:00 PM,2,1,0,,N,256380,11,Front to Rear,21,CLEAR,1,DAYLIGHT,12,MOTOR VEHICLE IN TRANSPORT,MM 207 9 I 40,NASHVILLE,TN,37208,54022,NORTH,36.1693,-86.7972,POINT (-86.7972 36.1693)
20190092759,02/04/2019 06:23:00 AM,2,2,0,,N,320591,11,Front to Rear,21,CLEAR,1,DAYLIGHT,12,MOTOR VEHICLE IN TRANSPORT,BELL RD & CANE RIDGE RD,ANTIOCH,TN,37013,8753,SOUTH,36.0449,-86.6631,POINT (-86.6631 36.0449)
20190276454,04/10/2019 03:54:00 PM,2,2,0,,Y,256379,4,ANGLE,21,CLEAR,1,DAYLIGHT,12,MOTOR VEHICLE IN TRANSPORT,FOSTER AV & PEACHTREE ST,NASHVILLE,TN,37210,8327,SOUTH,36.1202,-86.743,POINT (-86.743 36.1202)
20190544463,07/21/2019 12:20:00 PM,2,2,0,,N,320595,11,Front to Rear,22,CLOUDY,1,DAYLIGHT,12,MOTOR VEHICLE IN TRANSPORT,BRILEY PKWYN & BRILEY PKWY,NASHVILLE,TN,37217,8998,HERMIT,36.1369,-86.6993,POINT (-86.6993 36.1369)
20190479390,06/25/2019 07:03:00 AM,2,0,0,,N,544482,11,Front to Rear,21,CLEAR,1,DAYLIGHT,12,MOTOR VEHICLE IN TRANSPORT,BROADWAY & 15TH AVN,NASHVILLE,TN,37203,5701,MIDTOW,36.1552,-86.7907,POINT (-86.7907 36.1552)
20190478018,06/24/2019 07:14:00 PM,2,0,0,,N,240957,11,Front to Rear,21,CLEAR,1,DAYLIGHT,12,MOTOR VEHICLE IN TRANSPORT,OLD HICKORY BLVD & ZERMATT AV,NASHVILLE,TN,37211,8651,MIDTOW,36.0457,-86.7206,POINT (-86.7206 36.0457)
20190563742,07/29/2019 08:36:00 AM,2,0,0,,N,352179,11,Front to Rear,21,CLEAR,1,DAYLIGHT,12,MOTOR VEHICLE IN TRANSPORT,LAFAYETTE ST & I40 W EXT RAMP,NASHVILLE,TN,37203,4007,CENTRA,36.1512,-86.7696,POINT (-86.7696 36.1512)
20190128434,02/16/2019 06:15:00 PM,2,0,0,,Y,256441,11,Front to Rear,21,CLEAR,3,DARK - LIGHTED,12,MOTOR VEHICLE IN TRANSPORT,THOMPSON LN & NOLENSVILLE PKE,NASHVILLE,TN,37211,8519,MIDTOW,36.1109,-86.7452,POINT (-86.7452 36.1109)
20190091581,02/03/2019 04:40:00 PM,2,0,0,,N,256412,6,SIDESWIPE - OPPOSITE DIRECTION,21,CLEAR,5,DUSK,12,MOTOR VEHICLE IN TRANSPORT,HICKORY CLUB DR & ZELIDA AV,ANTIOCH,TN,37013,8865,SOUTH,36.0547,-86.6407,POINT (-86.6407 36.0547)
20190533810,07/17/2019 07:34:00 AM,2,0,0,,N,414668,11,Front to Rear,22,CLOUDY,1,DAYLIGHT,12,MOTOR VEHICLE IN TRANSPORT,ELLINGTON PKWYS & ELLINGTON PKWY S EXT R,NASHVILLE,TN,37207,18960,EAST,36.1953,-86.7527,POINT (-86.7527 36.1953)
20190499617,07/02/2019 08:40:00 PM,3,2,0,,N,240976,4,ANGLE,21,CLEAR,2,DARK - NOT LIGHTED,12,MOTOR VEHICLE IN TRANSPORT,DELLWAY DR & DICKERSON PKE,NASHVILLE,TN,37207,1831,EAST,36.2151,-86.764,POINT (-86.764 36.2151)
20190174993,03/05/2019 02:58:00 PM,2,0,0,,N,240957,4,ANGLE,21,CLEAR,1,DAYLIGHT,12,MOTOR VEHICLE IN TRANSPORT,HARDING PL & SIDCO DR,NASHVILLE,TN,37220,8601,MIDTOW,36.0819,-86.7612,POINT (-86.7612 36.0819)
20190210697,03/18/2019 03:12:00 PM,2,0,0,,N,419972,11,Front to Rear,21,CLEAR,1,DAYLIGHT,12,MOTOR VEHICLE IN TRANSPORT,SAINT MARYS CAMPUS PVTDR & RICHLAND CREE,NASHVILLE,TN,37209,5107,WEST,36.1277,-86.8508,POINT (-86.8508 36.1277)
20190159236,02/27/2019 04:56:00 PM,2,0,0,,N,197435,5,SIDESWIPE - SAME DIRECTION,22,CLOUDY,1,DAYLIGHT,12,MOTOR VEHICLE IN TRANSPORT,MM 48 0 I 24,NASHVILLE,TN,37213,1908,CENTRA,36.1759,-86.7721,POINT (-86.7721 36.1759)
20190554886,07/25/2019 11:08:00 AM,2,0,0,,N,109534,5,SIDESWIPE - SAME DIRECTION,21,CLEAR,1,DAYLIGHT,12,MOTOR VEHICLE IN TRANSPORT,I40 E ENT RAMP & I 40,NASHVILLE,TN,37205,4903,WEST,36.1109,-86.922,POINT (-86.922 36.1109)
20190246192,03/30/2019 12:27:00 PM,2,0,0,,N,140790,4,ANGLE,22,CLOUDY,1,DAYLIGHT,12,MOTOR VEHICLE IN TRANSPORT,NEWELL AV & ENSLEY AV,OLD HICKORY,TN,37138,9701,HERMIT,36.2713,-86.6649,POINT (-86.6649 36.2713)
20190164439,03/01/2019 01:38:00 PM,2,0,0,,N,299257,4,ANGLE,21,CLEAR,1,DAYLIGHT,12,MOTOR VEHICLE IN TRANSPORT,LAWRENCE AV & 12TH AVS,NASHVILLE,TN,37204,6925,MIDTOW,36.1291,-86.7883,POINT (-86.7883 36.1291)
20190139729,02/20/2019 08:25:00 PM,1,0,0,,N,109536,0,NOT COLLISION W/MOTOR VEHICLE-TRANSPORT,2,RAIN,3,DARK - LIGHTED,34,DITCH,CAMPBELL RD & OLD DICKERSON PKE,GOODLETTSVILLE,TN,37072,2109,MADISO,36.2945,-86.7564,POINT (-86.7564 36.2945)
20190320000,04/25/2019 05:05:00 PM,2,0,0,,N,690942,4,ANGLE,21,CLEAR,1,DAYLIGHT,12,MOTOR VEHICLE IN TRANSPORT,LAFAYETTE ST & DIVISION ST,NASHVILLE,TN,37203,4007,CENTRA,36.1521,-86.7722,POINT (-86.7722 36.1521)
20190379049,05/17/2019 12:00:00 AM,2,0,0,,N,298877,11,Front to Rear,21,CLEAR,1,DAYLIGHT,12,MOTOR VEHICLE IN TRANSPORT,I440 W ENT RAMP & I 24,NASHVILLE,TN,37217,8801,SOUTH,36.1232,-86.7263,POINT (-86.7263 36.1232)
20190080523,01/30/2019 12:00:00 AM,2,0,0,,N,226827,6,SIDESWIPE - OPPOSITE DIRECTION,21,CLEAR,1,DAYLIGHT,12,MOTOR VEHICLE IN TRANSPORT,DALEMERE DR & DALEMERE CT,NASHVILLE,TN,37207,2133,MADISO,36.2789,-86.7694,POINT (-86.7694 36.2789)
20190434735,06/07/2019 05:03:00 PM,2,1,0,Y,N,256448,4,ANGLE,2,RAIN,1,DAYLIGHT,12,MOTOR VEHICLE IN TRANSPORT,ELM HILL PKE & ERMAC DR,NASHVILLE,TN,37214,9101,HERMIT,36.1534,-86.6867,POINT (-86.6867 36.1534)
20190432325,06/06/2019 05:40:00 PM,2,0,0,,Y,256427,11,Front to Rear,22,CLOUDY,1,DAYLIGHT,12,MOTOR VEHICLE IN TRANSPORT,MM 212 0 I 40,NASHVILLE,TN,37210,90041,HERMIT,36.147,-86.7433,POINT (-86.7433 36.147)
20190264053,04/05/2019 10:23:00 PM,2,0,0,,Y,298871,11,Front to Rear,21,CLEAR,3,DARK - LIGHTED,14,PARKED MOTOR VEHICLE,ELLISTON PL & LOUISE AV,NASHVILLE,TN,37203,5601,MIDTOW,36.1509,-86.8046,POINT (-86.8046 36.1509)
20190312464,04/23/2019 10:19:00 AM,2,0,0,,N,109534,5,SIDESWIPE - SAME DIRECTION,21,CLEAR,1,DAYLIGHT,12,MOTOR VEHICLE IN TRANSPORT,MM 213 7 I 40,NASHVILLE,TN,37217,8802,HERMIT,36.1408,-86.7194,POINT (-86.7194 36.1408)
20190237400,03/27/2019 10:45:00 AM,2,1,0,,Y,419952,11,Front to Rear,21,CLEAR,1,DAYLIGHT,12,MOTOR VEHICLE IN TRANSPORT,CHARLOTTE AV & 40TH AVN,NASHVILLE,TN,37209,5229,WEST,36.1525,-86.8349,POINT (-86.8349 36.1525)
20190443322,06/11/2019 07:35:00 AM,2,0,0,,N,235761,11,Front to Rear,21,CLEAR,1,DAYLIGHT,12,MOTOR VEHICLE IN TRANSPORT,CHARLOTTE PKE & EASTBORO DR,NASHVILLE,TN,37209,5027,WEST,36.1482,-86.8674,POINT (-86.8674 36.1482)
20190220984,03/21/2019 03:45:00 PM,2,1,0,,N,330436,11,Front to Rear,21,CLEAR,1,DAYLIGHT,12,MOTOR VEHICLE IN TRANSPORT,ANTIOCH PKE & JANSING DR,NASHVILLE,TN,37211,8889,SOUTH,36.0839,-86.6895,POINT (-86.6895 36.0839)
20190527591,07/14/2019 12:00:00 AM,2,0,0,,Y,320578,11,Front to Rear,21,CLEAR,1,DAYLIGHT,12,MOTOR VEHICLE IN TRANSPORT,ANTIOCH PKE & HAYWOOD LN,ANTIOCH,TN,37013,8899,SOUTH,36.0703,-86.6845,POINT (-86.6845 36.0703)
20190472104,06/21/2019 09:37:00 PM,3,0,0,,N,320594,11,Front to Rear,10,SEVERE CROSSWIND,2,DARK - NOT LIGHTED,12,MOTOR VEHICLE IN TRANSPORT,WYNTERGRACE FARM RD & SAUNDERSVILLE RD,OLD HICKORY,TN,37138,9721,HERMIT,36.227,-86.5976,POINT (-86.5976 36.227)
20190259205,04/04/2019 07:11:00 AM,2,0,0,,N,109534,11,Front to Rear,21,CLEAR,1,DAYLIGHT,12,MOTOR VEHICLE IN TRANSPORT,INTERNATIONAL PLZ & BRILEY PKWY,NASHVILLE,TN,37217,8951,HERMIT,36.1272,-86.6959,POINT (-86.6959 36.1272)
20190356464,05/09/2019 02:37:00 PM,2,0,0,,N,212369,4,ANGLE,22,CLOUDY,1,DAYLIGHT,12,MOTOR VEHICLE IN TRANSPORT,NOLENSVILLE PKE & ELYSIAN FIELDS CT,NASHVILLE,TN,37211,8415,SOUTH,36.0873,-86.7307,POINT (-86.7307 36.0873)
20190229293,03/24/2019 11:00:00 PM,2,0,0,,Y,311343,4,ANGLE,21,CLEAR,3,DARK - LIGHTED,12,MOTOR VEHICLE IN TRANSPORT,W TRINITY LN & WHITES CREEK PKE,NASHVILLE,TN,37207,3009,NORTH,36.207,-86.7916,POINT (-86.7916 36.207)
20190403582,05/27/2019 03:32:00 AM,1,0,0,,N,320598,0,NOT COLLISION W/MOTOR VEHICLE-TRANSPORT,21,CLEAR,3,DARK - LIGHTED,18,OTHER OBJECT (NOT FIXED),MM 79 7 I 65,NASHVILLE,TN,37204,8504,MIDTOW,36.1092,-86.7698,POINT (-86.7698 36.1092)
20190059249,01/23/2019 09:59:00 AM,2,1,0,,N,429185,11,Front to Rear,2,RAIN,1,DAYLIGHT,12,MOTOR VEHICLE IN TRANSPORT,MURFREESBORO PKE & POLK AV,NASHVILLE,TN,37210,8117,SOUTH,36.1424,-86.7432,POINT (-86.7432 36.1424)
20190536466,07/18/2019 06:39:00 AM,2,0,0,,N,109534,11,Front to Rear,22,CLOUDY,1,DAYLIGHT,12,MOTOR VEHICLE IN TRANSPORT,MM 212 0 I 40,NASHVILLE,TN,37210,90041,HERMIT,36.147,-86.7433,POINT (-86.7433 36.147)
20190065516,01/25/2019 11:40:00 AM,2,0,0,,N,267831,6,SIDESWIPE - OPPOSITE DIRECTION,21,CLEAR,1,DAYLIGHT,12,MOTOR VEHICLE IN TRANSPORT,BELLE FOREST CIR & OLD HICKORY BLVD,NASHVILLE,TN,37221,4815,WEST,36.0769,-86.9209,POINT (-86.9209 36.0769)
20190241439,03/28/2019 05:52:00 PM,2,0,0,,N,320581,5,SIDESWIPE - SAME DIRECTION,21,CLEAR,1,DAYLIGHT,12,MOTOR VEHICLE IN TRANSPORT,14TH AVN & CHARLOTTE AV,NASHVILLE,TN,37203,5501,MIDTOW,36.1608,-86.7937,POINT (-86.7937 36.1608)
20190320338,04/25/2019 07:21:00 PM,2,0,0,,N,151132,4,ANGLE,2,RAIN,5,DUSK,12,MOTOR VEHICLE IN TRANSPORT,GALLATIN PKEN & RIVERGATE PKWY,MADISON,TN,37115,1731,MADISO,36.2973,-86.6988,POINT (-86.6988 36.2973)
20190486512,06/27/2019 05:12:00 PM,1,1,0,,N,352209,0,NOT COLLISION W/MOTOR VEHICLE-TRANSPORT,21,CLEAR,1,DAYLIGHT,9,,WOODLAND ST & N 11TH ST,NASHVILLE,TN,37206,1201,EAST,36.1773,-86.7505,POINT (-86.7505 36.1773)
20190168081,03/03/2019 02:23:00 AM,2,1,0,,N,279197,4,ANGLE,2,RAIN,3,DARK - LIGHTED,12,MOTOR VEHICLE IN TRANSPORT,S 5TH ST & WOODLAND ST,NASHVILLE,TN,37206,1109,EAST,36.1718,-86.7648,POINT (-86.7648 36.1718)
20190206914,03/17/2019 12:50:00 AM,2,2,0,,N,299254,4,ANGLE,21,CLEAR,3,DARK - LIGHTED,12,MOTOR VEHICLE IN TRANSPORT,NEESE DR & SOUTHLAKE DR,NASHVILLE,TN,37211,8401,SOUTH,36.107,-86.7287,POINT (-86.7287 36.107)
20190008681,01/04/2019 05:40:00 AM,1,0,0,,N,330420,0,NOT COLLISION W/MOTOR VEHICLE-TRANSPORT,2,RAIN,3,DARK - LIGHTED,41,SHRUBBERY,HARDING PL & DONELSON PKE,NASHVILLE,TN,37217,8841,SOUTH,36.0928,-86.6789,POINT (-86.6789 36.0928)
20190388767,05/21/2019 05:29:00 PM,2,1,0,,N,267831,11,Front to Rear,21,CLEAR,1,DAYLIGHT,12,MOTOR VEHICLE IN TRANSPORT,HIGHWAY 70S & BELLE FOREST SHOPPING CENT,NASHVILLE,TN,37205,4903,WEST,36.0746,-86.9205,POINT (-86.9205 36.0746)
20190328741,04/29/2019 10:30:00 AM,1,0,0,Y,N,665896,0,NOT COLLISION W/MOTOR VEHICLE-TRANSPORT,21,CLEAR,1,DAYLIGHT,47,FIRE HYDRANT,RIVERSIDE DR & CREIGHTON AV,NASHVILLE,TN,37206,1337,EAST,36.1914,-86.726,POINT (-86.726 36.1914)
20190413616,05/30/2019 03:42:00 PM,2,0,0,,N,405418,4,ANGLE,22,CLOUDY,1,DAYLIGHT,12,MOTOR VEHICLE IN TRANSPORT,HARDING PL & NOLENSVILLE PKE,NASHVILLE,TN,37211,8705,SOUTH,36.0797,-86.7261,POINT (-86.7261 36.0797)
20190320049,04/25/2019 05:13:00 PM,2,0,0,,Y,197054,98,OTHER,21,CLEAR,1,DAYLIGHT,12,MOTOR VEHICLE IN TRANSPORT,MASSMAN DR & PATRICIA DR,NASHVILLE,TN,37217,8825,HERMIT,36.1349,-86.7048,POINT (-86.7048 36.1349)
20190078229,01/30/2019 12:16:00 AM,1,0,0,Y,Y,212310,0,NOT COLLISION W/MOTOR VEHICLE-TRANSPORT,21,CLEAR,2,DARK - NOT LIGHTED,24,GUARDRAIL FACE,MM 34 1 I 24,JOELTON,TN,37080,33160,NORTH,36.3262,-86.8843,POINT (-86.8843 36.3262)
20190071303,01/27/2019 09:24:00 PM,2,0,0,,N,256379,11,Front to Rear,21,CLEAR,3,DARK - LIGHTED,12,MOTOR VEHICLE IN TRANSPORT,CANE RIDGE RD & BELL RD,ANTIOCH,TN,37013,8721,SOUTH,36.0174,-86.6643,POINT (-86.6643 36.0174)
20190361739,05/11/2019 12:00:00 AM,2,0,0,,Y,299243,9,UNKNOWN,21,CLEAR,1,DAYLIGHT,14,PARKED MOTOR VEHICLE,DEMONBREUN ST & 14TH AVS,NASHVILLE,TN,37203,6721,MIDTOW,36.1536,-86.7884,POINT (-86.7884 36.1536)
20190564185,07/29/2019 12:18:00 PM,1,1,0,,N,225777,0,NOT COLLISION W/MOTOR VEHICLE-TRANSPORT,21,CLEAR,1,DAYLIGHT,36,CONCRETE TRAFFIC BARRIER,MM 199 6 I 40,NASHVILLE,TN,37209,4708,WEST,36.1154,-86.9174,POINT (-86.9174 36.1154)
20190434113,06/07/2019 12:03:00 PM,2,1,0,,N,462494,4,ANGLE,22,CLOUDY,1,DAYLIGHT,12,MOTOR VEHICLE IN TRANSPORT,THOMPSON LN & GRANDVIEW AV,NASHVILLE,TN,37211,8519,MIDTOW,36.111,-86.7471,POINT (-86.7471 36.111)
20190048408,01/18/2019 11:50:00 PM,2,0,0,,Y,320602,5,SIDESWIPE - SAME DIRECTION,21,CLEAR,3,DARK - LIGHTED,12,MOTOR VEHICLE IN TRANSPORT,MM 51 4 I 24,NASHVILLE,TN,37210,82061,HERMIT,36.1388,-86.7284,POINT (-86.7284 36.1388)
20190278538,04/11/2019 10:30:00 AM,2,0,0,,N,538214,4,ANGLE,21,CLEAR,1,DAYLIGHT,12,MOTOR VEHICLE IN TRANSPORT,4TH AVS & ASH ST,NASHVILLE,TN,37210,4005,CENTRA,36.1523,-86.7716,POINT (-86.7716 36.1523)
20190145494,02/22/2019 04:07:00 PM,2,0,0,,N,279194,5,SIDESWIPE - SAME DIRECTION,2,RAIN,1,DAYLIGHT,12,MOTOR VEHICLE IN TRANSPORT,MM 86 3 I 65,NASHVILLE,TN,37207,1910,CENTRA,36.1919,-86.7808,POINT (-86.7808 36.1919)
20190345694,05/05/2019 11:01:00 PM,2,0,0,,N,330420,11,Front to Rear,21,CLEAR,3,DARK - LIGHTED,12,MOTOR VEHICLE IN TRANSPORT,BELL RD & TRAILS CIR,NASHVILLE,TN,37214,8995,HERMIT,36.1473,-86.6259,POINT (-86.6259 36.1473)
20190032892,01/13/2019 06:09:00 PM,1,1,0,,N,256501,0,NOT COLLISION W/MOTOR VEHICLE-TRANSPORT,2,RAIN,2,DARK - NOT LIGHTED,24;63,GUARDRAIL FACE;Ran Off Road-Right,MM 88 5 I 65,NASHVILLE,TN,37207,30040,NORTH,36.2237,-86.7746,POINT (-86.7746 36.2237)
20190145303,02/22/2019 02:09:00 PM,2,0,0,,N,134899,11,Front to Rear,2,RAIN,1,DAYLIGHT,12,MOTOR VEHICLE IN TRANSPORT,ROYAL PKWY & EMERY DR,NASHVILLE,TN,37214,9103,HERMIT,36.1513,-86.677,POINT (-86.677 36.1513)
20190073009,01/28/2019 11:22:00 AM,2,0,0,,N,226136,11,Front to Rear,22,CLOUDY,1,DAYLIGHT,12,MOTOR VEHICLE IN TRANSPORT,WOODMONT BLVD WB ENT RAMP & FRANKLIN PKE,NASHVILLE,TN,37204,7001,MIDTOW,36.1106,-86.7734,POINT (-86.7734 36.1106)
20190133105,02/18/2019 05:28:00 PM,2,0,0,,N,192871,5,SIDESWIPE - SAME DIRECTION,21,CLEAR,1,DAYLIGHT,12,MOTOR VEHICLE IN TRANSPORT,STATE RT 45 & LARKIN SPRINGS RD,MADISON,TN,37115,1705,MADISO,36.2635,-86.6843,POINT (-86.6843 36.2635)
20190366232,05/13/2019 03:11:00 PM,1,2,0,,N,256380,0,NOT COLLISION W/MOTOR VEHICLE-TRANSPORT,21,CLEAR,1,DAYLIGHT,34,DITCH,MM 33 3 I 24,JOELTON,TN,37080,23040,NORTH,36.3298,-86.8958,POINT (-86.8958 36.3298)
20190025101,01/10/2019 02:15:00 PM,2,0,0,,Y,267831,11,Front to Rear,21,CLEAR,1,DAYLIGHT,12,MOTOR VEHICLE IN TRANSPORT,HILLSBORO PKE & CRESTMOOR RD,NASHVILLE,TN,37215,6105,WEST,36.1096,-86.8117,POINT (-86.8117 36.1096)
20190188026,03/10/2019 12:00:00 AM,1,0,0,,Y,192378,0,NOT COLLISION W/MOTOR VEHICLE-TRANSPORT,22,CLOUDY,3,DARK - LIGHTED,17;31,"BOULDER;OTHER POST, POLE, SUPP.",UNA ANTIOCH PKE & RICHARDS RD,ANTIOCH,TN,37013,8861,SOUTH,36.0599,-86.6676,POINT (-86.6676 36.0599)
20190159079,02/27/2019 03:45:00 PM,2,1,0,,N,279124,11,Front to Rear,21,CLEAR,1,DAYLIGHT,12,MOTOR VEHICLE IN TRANSPORT,MM 59 0 I 24,ANTIOCH,TN,37013,8808,SOUTH,36.049,-86.6651,POINT (-86.6651 36.049)
20190378188,05/17/2019 12:05:00 PM,2,1,0,,N,320601,4,ANGLE,21,CLEAR,1,DAYLIGHT,12,MOTOR VEHICLE IN TRANSPORT,BELL RD & MURFREESBORO PKE,ANTIOCH,TN,37013,8979,SOUTH,36.0729,-86.6357,POINT (-86.6357 36.0729)
20190204863,03/16/2019 02:38:00 AM,1,0,0,,N,330444,0,NOT COLLISION W/MOTOR VEHICLE-TRANSPORT,22,CLOUDY,2,DARK - NOT LIGHTED,63;64;72,Ran Off Road-Right;Ran Off Road-Left;EMBANKMENT ROCK/STONE/CONCRETE,MM 52 2 I 24,NASHVILLE,TN,37217,8816,SOUTH,36.1359,-86.7267,POINT (-86.7267 36.1359)
20190019004,01/08/2019 12:20:00 PM,2,0,0,,N,226136,4,ANGLE,21,CLEAR,1,DAYLIGHT,12,MOTOR VEHICLE IN TRANSPORT,14TH AVN & I40 E EXT RAMP,NASHVILLE,TN,37203,5425,NORTH,36.1611,-86.7937,POINT (-86.7937 36.1611)
20190248694,03/31/2019 05:01:00 PM,2,0,0,,Y,256417,4,ANGLE,21,CLEAR,1,DAYLIGHT,12,MOTOR VEHICLE IN TRANSPORT,OLD HICKORY BLVD & ANDREW JACKSON WAY,HERMITAGE,TN,37076,9561,HERMIT,36.1826,-86.6084,POINT (-86.6084 36.1826)
20190108284,02/09/2019 12:00:00 PM,2,0,0,,N,226600,11,Front to Rear,22,CLOUDY,1,DAYLIGHT,12,MOTOR VEHICLE IN TRANSPORT,CLEGHORN AV & GREEN HILLS VILLAGE DR,NASHVILLE,TN,37215,6109,WEST,36.1087,-86.8184,POINT (-86.8184 36.1087)
20190316838,04/24/2019 03:59:00 PM,2,1,0,,N,807326,11,Front to Rear,21,CLEAR,1,DAYLIGHT,12,MOTOR VEHICLE IN TRANSPORT,11TH AVS & LAUREL ST,NASHVILLE,TN,37203,4017,CENTRA,36.1539,-86.7843,POINT (-86.7843 36.1539)
20190164689,03/01/2019 03:37:00 PM,2,1,0,,N,320585,11,Front to Rear,21,CLEAR,1,DAYLIGHT,12,MOTOR VEHICLE IN TRANSPORT,LEBANON PKE & MUNN RD,NASHVILLE,TN,37214,9401,HERMIT,36.1684,-86.6569,POINT (-86.6569 36.1684)
20190571680,08/01/2019 09:50:00 AM,2,0,0,,N,352174,4,ANGLE,21,CLEAR,1,DAYLIGHT,12,MOTOR VEHICLE IN TRANSPORT,NOLENSVILLE PKE & BRENTWOOD EAST DR,NASHVILLE,TN,37211,8651,MIDTOW,36.0442,-86.7131,POINT (-86.7131 36.0442)
20190528837,07/15/2019 11:47:00 AM,1,0,0,,N,279113,0,NOT COLLISION W/MOTOR VEHICLE-TRANSPORT,21,CLEAR,1,DAYLIGHT,18,OTHER OBJECT (NOT FIXED),MURFREESBORO PKE & MCGAVOCK PKE,NASHVILLE,TN,37217,8841,SOUTH,36.1129,-86.689,POINT (-86.689 36.1129)
20190341150,05/03/2019 05:32:00 PM,2,0,0,,N,772946,5,SIDESWIPE - SAME DIRECTION,21,CLEAR,1,DAYLIGHT,12,MOTOR VEHICLE IN TRANSPORT,CHARLOTTE AV & 16TH AVN,NASHVILLE,TN,37203,5425,NORTH,36.1593,-86.7971,POINT (-86.7971 36.1593)
20190214377,03/19/2019 05:43:00 PM,2,0,0,,N,256380,11,Front to Rear,21,CLEAR,1,DAYLIGHT,12,MOTOR VEHICLE IN TRANSPORT,BRILEY PKWYE & BRILEY PKWYW,NASHVILLE,TN,37207,20120,MADISO,36.2396,-86.7751,POINT (-86.7751 36.2396)
20190342918,05/04/2019 12:08:00 PM,2,0,0,,N,212325,4,ANGLE,22,CLOUDY,1,DAYLIGHT,12,MOTOR VEHICLE IN TRANSPORT,GALLATIN PKES & MAPLE ST,MADISON,TN,37115,1607,MADISO,36.2617,-86.7124,POINT (-86.7124 36.2617)
20190205982,03/16/2019 02:55:00 PM,2,0,0,,N,690942,98,OTHER,21,CLEAR,1,DAYLIGHT,12,MOTOR VEHICLE IN TRANSPORT,BROADWAY & 4TH AVN,NASHVILLE,TN,37203,4091,CENTRA,36.161,-86.7772,POINT (-86.7772 36.161)
20190184195,03/08/2019 12:11:00 PM,2,0,0,,N,594473,11,Front to Rear,2,RAIN,1,DAYLIGHT,12,MOTOR VEHICLE IN TRANSPORT,I40 E EXT RAMP & I 40,NASHVILLE,TN,37214,8955,HERMIT,36.155,-86.6271,POINT (-86.6271 36.155)
20190276136,04/10/2019 02:30:00 PM,2,0,0,,N,256412,2,HEAD-ON,21,CLEAR,1,DAYLIGHT,12,MOTOR VEHICLE IN TRANSPORT,MT VIEW RD & BELL FORGE LNE,ANTIOCH,TN,37013,8863,SOUTH,36.0471,-86.648,POINT (-86.648 36.0471)
20190313260,04/23/2019 12:00:00 AM,2,0,0,,Y,212344,9,UNKNOWN,21,CLEAR,1,DAYLIGHT,12;14,MOTOR VEHICLE IN TRANSPORT;PARKED MOTOR VEHICLE,LILLIAN ST & S 11TH ST,NASHVILLE,TN,37206,1207,EAST,36.1734,-86.75,POINT (-86.75 36.1734)
20190406993,05/28/2019 11:19:00 AM,2,0,0,,Y,620072,11,Front to Rear,21,CLEAR,1,DAYLIGHT,12,MOTOR VEHICLE IN TRANSPORT,I40 E ENT RAMP & I 40,NASHVILLE,TN,37205,4903,WEST,36.1109,-86.922,POINT (-86.922 36.1109)
20190491034,06/29/2019 01:01:00 PM,1,0,0,,N,311325,0,NOT COLLISION W/MOTOR VEHICLE-TRANSPORT,21,CLEAR,1,DAYLIGHT,18,OTHER OBJECT (NOT FIXED),BRILEY PKWYE & BRILEY PKWYW,NASHVILLE,TN,37207,20120,MADISO,36.2396,-86.7751,POINT (-86.7751 36.2396)
20190291354,04/16/2019 07:39:00 AM,2,0,0,,N,212325,11,Front to Rear,21,CLEAR,1,DAYLIGHT,12,MOTOR VEHICLE IN TRANSPORT,MM 91 7 I 65,MADISON,TN,37115,2006,MADISO,36.257,-86.7385,POINT (-86.7385 36.257)
20190479759,06/25/2019 09:55:00 AM,2,0,0,,N,716886,4,ANGLE,21,CLEAR,1,DAYLIGHT,12,MOTOR VEHICLE IN TRANSPORT,NOLENSVILLE PKE & ROSEDALE AV,NASHVILLE,TN,37210,8101,SOUTH,36.1253,-86.7523,POINT (-86.7523 36.1253)
20190243229,03/29/2019 08:38:00 AM,2,0,0,,N,191578,4,ANGLE,22,CLOUDY,1,DAYLIGHT,12,MOTOR VEHICLE IN TRANSPORT,ANDERSON RD & CREEKVIEW DR,ANTIOCH,TN,37013,8979,SOUTH,36.074,-86.6249,POINT (-86.6249 36.074)
20190510938,07/07/2019 08:05:00 PM,2,0,0,,N,161939,4,ANGLE,22,CLOUDY,3,DARK - LIGHTED,12,MOTOR VEHICLE IN TRANSPORT,MURFREESBORO PKE & MOUNTAIN SPRINGS RD,ANTIOCH,TN,37013,8927,SOUTH,36.0478,-86.6121,POINT (-86.6121 36.0478)