Accident Number,Date and Time,Number of Motor Vehicles,Number of Injuries,Number of Fatalities,Property Damage,Hit and Run,Reporting Officer,Collision Type Code,Collision Type Description,Weather Code,Weather Description,Illumination Code,Illumination Description,Harmful Code,Harmful Code Description,Street Address,City,State,ZIP,RPA,Precinct,Latitude,Longitude,Mapped Location
20190495816,07/01/2019 02:30:00 PM,2,2,0,,N,330413,4,ANGLE,21,CLEAR,1,DAYLIGHT,12,MOTOR VEHICLE IN TRANSPORT,I65 S ENT RAMP & I65 S EXT RAMP,NASHVILLE,TN,37204,6945,MIDTOW,36.1342,-86.7764,POINT (-86.7764 36.1342)
20190046362,01/18/2019 07:56:00 AM,1,0,0,Y,N,226136,0,NOT COLLISION W/MOTOR VEHICLE-TRANSPORT,22,CLOUDY,1,DAYLIGHT,30;40;63,UTILITY POLE;MAIL BOX;Ran Off Road-Right,OVERTON LEA RD & LAKEVIEW DR,NASHVILLE,TN,37220,7109,MIDTOW,36.0763,-86.7979,POINT (-86.7979 36.0763)
20190275962,04/10/2019 01:36:00 PM,2,0,0,,N,580819,5,SIDESWIPE - SAME DIRECTION,21,CLEAR,1,DAYLIGHT,12,MOTOR VEHICLE IN TRANSPORT,COMMERCE ST & 7TH AVN,NASHVILLE,TN,37203,4123,CENTRA,36.1608,-86.7818,POINT (-86.7818 36.1608)
20190364292,05/12/2019 08:52:00 PM,2,0,0,,Y,299267,11,Front to Rear,21,CLEAR,3,DARK - LIGHTED,12,MOTOR VEHICLE IN TRANSPORT,OLD HICKORY BLVD & BRENTWOOD TRC,BRENTWOOD,TN,37027,8623,MIDTOW,36.0411,-86.7762,POINT (-86.7762 36.0411)
20190474562,06/23/2019 04:16:00 AM,1,0,0,Y,N,279117,0,NOT COLLISION W/MOTOR VEHICLE-TRANSPORT,21,CLEAR,3,DARK - LIGHTED,39,WALL,MAPLEWOOD TRC & W MAPLEWOOD LN,NASHVILLE,TN,37207,1807,EAST,36.2331,-86.7587,POINT (-86.7587 36.2331)
20190557806,07/26/2019 02:31:00 PM,2,0,0,,Y,134899,5,SIDESWIPE - SAME DIRECTION,21,CLEAR,1,DAYLIGHT,12,MOTOR VEHICLE IN TRANSPORT,LAFAYETTE ST & 2ND AVS,NASHVILLE,TN,37210,8201,HERMIT,36.1507,-86.768,POINT (-86.768 36.1507)
20190559928,07/27/2019 01:10:00 PM,2,1,0,,N,571328,4,ANGLE,21,CLEAR,1,DAYLIGHT,13,MOTOR VEHICLE IN TRANSPORT-OTHER ROADWAY,LITTON AV & SCOTT AV,NASHVILLE,TN,37216,1415,EAST,36.2017,-86.7328,POINT (-86.7328 36.2017)
20190334405,05/01/2019 07:45:00 AM,2,1,0,,N,343522,11,Front to Rear,21,CLEAR,1,DAYLIGHT,12,MOTOR VEHICLE IN TRANSPORT,MM 199 8 I 40,NASHVILLE,TN,37205,4902,WEST,36.1175,-86.9145,POINT (-86.9145 36.1175)
20190489045,06/28/2019 03:15:00 PM,2,2,0,,N,352207,4,ANGLE,21,CLEAR,1,DAYLIGHT,12,MOTOR VEHICLE IN TRANSPORT,ABBOTT MARTIN RD & CHELMSFORD PL,NASHVILLE,TN,37215,6113,WEST,36.1096,-86.8366,POINT (-86.8366 36.1096)
20190287864,04/14/2019 11:08:00 PM,2,0,0,,N,299254,4,ANGLE,21,CLEAR,2,DARK - NOT LIGHTED,12;14,MOTOR VEHICLE IN TRANSPORT;PARKED MOTOR VEHICLE,DAYBREAK DR & DAYBREAK LN,ANTIOCH,TN,37013,8761,SOUTH,36.0182,-86.6685,POINT (-86.6685 36.0182)
20190225725,03/23/2019 07:35:00 AM,2,0,0,,N,140790,6,SIDESWIPE - OPPOSITE DIRECTION,21,CLEAR,1,DAYLIGHT,12,MOTOR VEHICLE IN TRANSPORT,BELL RD & S NEW HOPE RD,HERMITAGE,TN,37076,9545,HERMIT,36.1491,-86.6256,POINT (-86.6256 36.1491)
20190248465,03/31/2019 02:35:00 PM,2,0,0,,N,240979,4,ANGLE,21,CLEAR,1,DAYLIGHT,12,MOTOR VEHICLE IN TRANSPORT,SHEPHERD HILLS DR & GALLATIN PKEN,GOODLETTSVILLE,TN,37072,1751,MADISO,36.3008,-86.6948,POINT (-86.6948 36.3008)
20190475008,06/23/2019 01:20:00 AM,2,0,0,,Y,481573,4,ANGLE,21,CLEAR,3,DARK - LIGHTED,12,MOTOR VEHICLE IN TRANSPORT,CHURCH ST & 16TH AVN,NASHVILLE,TN,37203,5519,MIDTOW,36.1562,-86.7953,POINT (-86.7953 36.1562)
20190206175,03/16/2019 12:00:00 AM,2,0,0,,N,299258,11,Front to Rear,21,CLEAR,5,DUSK,12,MOTOR VEHICLE IN TRANSPORT,MM 35 4 I 24,WHITES CREEK,TN,37189,2212,NORTH,36.3227,-86.8596,POINT (-86.8596 36.3227)
20190524136,07/13/2019 12:43:00 AM,1,0,0,,N,256377,0,NOT COLLISION W/MOTOR VEHICLE-TRANSPORT,21,CLEAR,3,DARK - LIGHTED,24;33,GUARDRAIL FACE;CURB,BELL RD & NASHBORO BLVD,NASHVILLE,TN,37217,8937,HERMIT,36.0891,-86.6275,POINT (-86.6275 36.0891)
20190281027,04/12/2019 08:14:00 AM,1,0,0,,N,876581,0,NOT COLLISION W/MOTOR VEHICLE-TRANSPORT,2,RAIN,1,DAYLIGHT,1,,I24 W EXT RAMP & BRILEY PKWYE,NASHVILLE,TN,37207,2012,MADISO,36.2381,-86.7832,POINT (-86.7832 36.2381)
20190321709,04/26/2019 06:50:00 AM,2,0,0,,Y,876581,4,ANGLE,22,CLOUDY,1,DAYLIGHT,12,MOTOR VEHICLE IN TRANSPORT,RIVERGATE MARKETPLACE PVTDR & GALLATIN P,MADISON,TN,37115,1731,MADISO,36.3037,-86.6898,POINT (-86.6898 36.3037)
20190244916,03/29/2019 09:17:00 PM,2,0,0,,Y,212346,4,ANGLE,21,CLEAR,3,DARK - LIGHTED,12,MOTOR VEHICLE IN TRANSPORT,4TH AVS & KOREAN VETERANS BLVD,NASHVILLE,TN,37201,4047,CENTRA,36.1569,-86.7745,POINT (-86.7745 36.1569)
20190021280,01/09/2019 07:30:00 AM,2,0,0,,N,716877,11,Front to Rear,21,CLEAR,1,DAYLIGHT,12,MOTOR VEHICLE IN TRANSPORT,BLUE HOLE RD & PETTUS RD,ANTIOCH,TN,37013,8761,SOUTH,36.0283,-86.6727,POINT (-86.6727 36.0283)
20190384993,05/20/2019 12:13:00 PM,2,0,0,,Y,690942,11,Front to Rear,21,CLEAR,1,DAYLIGHT,12;99,MOTOR VEHICLE IN TRANSPORT;UNKNOWN MOST HARMFUL EVENT,I40 E EXT RAMP & CHARLOTTE AV,NASHVILLE,TN,37203,5501,MIDTOW,36.1608,-86.7937,POINT (-86.7937 36.1608)
20190267478,04/07/2019 12:35:00 PM,2,5,1,,N,468030,4,ANGLE,22,CLOUDY,1,DAYLIGHT,12,MOTOR VEHICLE IN TRANSPORT,GALLATIN AV & SHARPE AV,NASHVILLE,TN,37206,1901,EAST,36.1888,-86.7462,POINT (-86.7462 36.1888)
20190451919,06/14/2019 05:48:00 AM,2,0,0,,N,279233,4,ANGLE,21,CLEAR,1,DAYLIGHT,12,MOTOR VEHICLE IN TRANSPORT,ALABAMA AV & 46TH AVN,NASHVILLE,TN,37209,5201,WEST,36.1533,-86.8427,POINT (-86.8427 36.1533)
20190107958,02/09/2019 08:08:00 AM,2,1,0,,N,320595,4,ANGLE,21,CLEAR,1,DAYLIGHT,12,MOTOR VEHICLE IN TRANSPORT,DONELSON PKE & I40 E ENT RAMP,NASHVILLE,TN,37214,8953,HERMIT,36.1396,-86.6662,POINT (-86.6662 36.1396)
20190323656,04/26/2019 10:13:00 PM,2,0,0,,N,110062,5,SIDESWIPE - SAME DIRECTION,21,CLEAR,3,DARK - LIGHTED,12,MOTOR VEHICLE IN TRANSPORT,ROSA L PARKS BLVD & JAMES ROBERTSON PKWY,NASHVILLE,TN,37219,4203,CENTRA,36.1667,-86.7874,POINT (-86.7874 36.1667)
20190547352,07/22/2019 05:11:00 PM,2,0,0,,N,256446,5,SIDESWIPE - SAME DIRECTION,2,RAIN,1,DAYLIGHT,12,MOTOR VEHICLE IN TRANSPORT,FIRESTONE PKWY & OLD HICKORY BLVD,ANTIOCH,TN,37013,8869,SOUTH,36.0168,-86.6199,POINT (-86.6199 36.0168)
20190084851,01/31/2019 11:30:00 PM,1,0,0,Y,N,161945,0,NOT COLLISION W/MOTOR VEHICLE-TRANSPORT,21,CLEAR,3,DARK - LIGHTED,30,UTILITY POLE,NOLENSVILLE PKE & BIENVILLE DR,NASHVILLE,TN,37211,8651,MIDTOW,36.0214,-86.7114,POINT (-86.7114 36.0214)
20190401007,05/25/2019 09:18:00 PM,2,2,0,,N,256386,4,ANGLE,21,CLEAR,3,DARK - LIGHTED,12,MOTOR VEHICLE IN TRANSPORT,STATE HWY 155 & VULTEE BLVD,NASHVILLE,TN,37217,8823,HERMIT,36.1243,-86.6964,POINT (-86.6964 36.1243)
20190258201,04/03/2019 10:42:00 PM,2,0,0,,N,212349,11,Front to Rear,21,CLEAR,3,DARK - LIGHTED,12,MOTOR VEHICLE IN TRANSPORT,MM 210 7 I 40,NASHVILLE,TN,37210,8202,HERMIT,36.1532,-86.7644,POINT (-86.7644 36.1532)
20190471996,06/21/2019 08:29:00 PM,2,1,0,,N,311337,11,Front to Rear,2,RAIN,2,DARK - NOT LIGHTED,12,MOTOR VEHICLE IN TRANSPORT,MM 218 6 I 40,NASHVILLE,TN,37214,89062,HERMIT,36.1523,-86.6347,POINT (-86.6347 36.1523)
20190485820,06/27/2019 11:15:00 AM,2,0,0,,N,462474,11,Front to Rear,21,CLEAR,1,DAYLIGHT,12,MOTOR VEHICLE IN TRANSPORT,HILLSBORO PKE & TYNE BLVD,NASHVILLE,TN,37215,6205,WEST,36.078,-86.8377,POINT (-86.8377 36.078)
20190220842,03/21/2019 02:47:00 PM,2,0,0,,N,240955,11,Front to Rear,21,CLEAR,1,DAYLIGHT,12;34;63;72,MOTOR VEHICLE IN TRANSPORT;DITCH;Ran Off Road-Right;EMBANKMENT ROCK/STONE/CONCRETE,HOBSON PKE & MURFREESBORO PKE,ANTIOCH,TN,37013,8971,SOUTH,36.043,-86.6066,POINT (-86.6066 36.043)
20190471672,06/21/2019 05:14:00 PM,3,2,0,,N,256386,11,Front to Rear,21,CLEAR,1,DAYLIGHT,12,MOTOR VEHICLE IN TRANSPORT,MM 214 3 I 40,NASHVILLE,TN,37217,88021,HERMIT,36.1425,-86.7089,POINT (-86.7089 36.1425)
20190056324,01/22/2019 10:55:00 AM,2,0,0,,N,226136,4,ANGLE,21,CLEAR,1,DAYLIGHT,12,MOTOR VEHICLE IN TRANSPORT,DIVISION ST & 18TH AVS,NASHVILLE,TN,37203,5705,MIDTOW,36.1512,-86.7944,POINT (-86.7944 36.1512)
20190198357,03/13/2019 08:30:00 PM,1,1,0,,N,414731,0,NOT COLLISION W/MOTOR VEHICLE-TRANSPORT,21,CLEAR,3,DARK - LIGHTED,12;8,MOTOR VEHICLE IN TRANSPORT;PEDESTRIAN,BROADWAY & 4TH AVS,NASHVILLE,TN,37203,4091,CENTRA,36.161,-86.7772,POINT (-86.7772 36.161)
20190220618,03/21/2019 02:00:00 PM,2,0,0,,N,580819,11,Front to Rear,22,CLOUDY,1,DAYLIGHT,12,MOTOR VEHICLE IN TRANSPORT,I40 E EXT RAMP & 2ND AVS,NASHVILLE,TN,37210,8201,HERMIT,36.1513,-86.7684,POINT (-86.7684 36.1513)
20190438022,06/09/2019 03:07:00 AM,1,1,0,,N,256377,0,NOT COLLISION W/MOTOR VEHICLE-TRANSPORT,21,CLEAR,3,DARK - LIGHTED,63;71,Ran Off Road-Right;EMBANKMENT EARTH,BRILEY PKWY & KENTON PL,NASHVILLE,TN,37217,8998,HERMIT,36.128,-86.6956,POINT (-86.6956 36.128)
20190317034,04/24/2019 05:38:00 PM,2,1,0,,N,256389,4,ANGLE,21,CLEAR,1,DAYLIGHT,12,MOTOR VEHICLE IN TRANSPORT,SOUTHGATE AV & MARTIN ST,NASHVILLE,TN,37203,8053,MIDTOW,36.1362,-86.7701,POINT (-86.7701 36.1362)
20190283925,04/13/2019 11:00:00 AM,2,0,0,Y,N,279230,4,ANGLE,2,RAIN,1,DAYLIGHT,12,MOTOR VEHICLE IN TRANSPORT,2100 FRANKLIN LIMESTONE RD,NASHVILLE,TN,37217,8853,SOUTH,36.0944,-86.6534,POINT (-86.6534 36.0944)
20190152309,02/25/2019 12:00:00 AM,1,0,0,Y,Y,240952,0,NOT COLLISION W/MOTOR VEHICLE-TRANSPORT,99,UNKNOWN,9,UNKNOWN,20,IMPACT ATTENUATOR,MM 60 2 I 24,ANTIOCH,TN,37013,88060,SOUTH,36.038,-86.6467,POINT (-86.6467 36.038)
20190136663,02/19/2019 07:45:00 PM,2,3,0,,N,240976,11,Front to Rear,2,RAIN,3,DARK - LIGHTED,12,MOTOR VEHICLE IN TRANSPORT,GALLATIN AV & GALLATIN PKE,NASHVILLE,TN,37216,1401,EAST,36.197,-86.7421,POINT (-86.7421 36.197)
20190270596,04/08/2019 04:51:00 PM,2,0,0,,Y,151132,11,Front to Rear,22,CLOUDY,1,DAYLIGHT,12,MOTOR VEHICLE IN TRANSPORT,DUE WEST AVW & GIBSON DR,MADISON,TN,37115,1789,MADISO,36.2482,-86.7236,POINT (-86.7236 36.2482)
20190148642,02/23/2019 11:00:00 PM,2,0,0,,N,298871,11,Front to Rear,2,RAIN,3,DARK - LIGHTED,12,MOTOR VEHICLE IN TRANSPORT,DIVISION ST & DEMONBREUN ST,NASHVILLE,TN,37203,5701,MIDTOW,36.1522,-86.7914,POINT (-86.7914 36.1522)
20190060555,01/23/2019 08:37:00 PM,2,0,0,,Y,151132,6,SIDESWIPE - OPPOSITE DIRECTION,2,RAIN,3,DARK - LIGHTED,12,MOTOR VEHICLE IN TRANSPORT,OLD HICKORY BLVDW & N GRAYCROFT AV,MADISON,TN,37115,1777,MADISO,36.2644,-86.7324,POINT (-86.7324 36.2644)
20190447453,06/12/2019 05:17:00 PM,2,0,0,,N,714641,11,Front to Rear,21,CLEAR,1,DAYLIGHT,12,MOTOR VEHICLE IN TRANSPORT,JEFFERSON ST & 5TH AVN,NASHVILLE,TN,37219,4235,CENTRA,36.1743,-86.7874,POINT (-86.7874 36.1743)
20190464905,06/19/2019 11:23:00 AM,2,0,0,,N,226673,11,Front to Rear,22,CLOUDY,1,DAYLIGHT,12,MOTOR VEHICLE IN TRANSPORT,MM 49 0 I 24,NASHVILLE,TN,37206,10040,EAST,36.1664,-86.7647,POINT (-86.7647 36.1664)
20190024444,01/10/2019 09:15:00 AM,1,0,0,,N,676834,0,NOT COLLISION W/MOTOR VEHICLE-TRANSPORT,21,CLEAR,1,DAYLIGHT,1;71,EMBANKMENT EARTH,CLARKSVILLE PKE & ABERNATHY RD,NASHVILLE,TN,37218,3163,NORTH,36.203,-86.8405,POINT (-86.8405 36.203)
20190356765,05/09/2019 04:30:00 PM,5,3,0,Y,N,306231,4,ANGLE,21,CLEAR,1,DAYLIGHT,12;14,MOTOR VEHICLE IN TRANSPORT;PARKED MOTOR VEHICLE,CLARKSVILLE PKE & BUENA VISTA PKE,NASHVILLE,TN,37218,3135,NORTH,36.1935,-86.8309,POINT (-86.8309 36.1935)
20190022118,01/09/2019 01:25:00 PM,2,0,0,,N,375570,4,ANGLE,21,CLEAR,1,DAYLIGHT,12,MOTOR VEHICLE IN TRANSPORT,EAGAN CIR & STATE RT 45,MADISON,TN,37115,1705,MADISO,36.2624,-86.6791,POINT (-86.6791 36.2624)
20190469042,06/20/2019 06:10:00 PM,1,0,0,Y,N,717341,0,NOT COLLISION W/MOTOR VEHICLE-TRANSPORT,21,CLEAR,1,DAYLIGHT,33,CURB,ANTIOCH PKE & PERIMETER HILL DR,NASHVILLE,TN,37211,8889,SOUTH,36.0859,-86.6911,POINT (-86.6911 36.0859)
20190384191,05/20/2019 06:06:00 AM,2,1,0,,Y,298866,4,ANGLE,21,CLEAR,1,DAYLIGHT,12;13,MOTOR VEHICLE IN TRANSPORT;MOTOR VEHICLE IN TRANSPORT-OTHER ROADWAY,46TH AVN & I40 E ENT RAMP,NASHVILLE,TN,37209,5201,WEST,36.153,-86.8423,POINT (-86.8423 36.153)
20190079248,01/30/2019 07:12:00 AM,2,0,0,,N,191578,11,Front to Rear,4,SNOW,1,DAYLIGHT,12,MOTOR VEHICLE IN TRANSPORT,MM 214 3 I 40,NASHVILLE,TN,37217,88021,HERMIT,36.1425,-86.7089,POINT (-86.7089 36.1425)
20190126166,02/15/2019 05:30:00 PM,2,0,0,,Y,256427,11,Front to Rear,2,RAIN,3,DARK - LIGHTED,12,MOTOR VEHICLE IN TRANSPORT,ELM HILL PKE & AIRWAYS CIR,NASHVILLE,TN,37214,9117,HERMIT,36.1523,-86.6819,POINT (-86.6819 36.1523)
20190203045,03/15/2019 11:24:00 AM,2,1,0,,N,419952,11,Front to Rear,22,CLOUDY,1,DAYLIGHT,12,MOTOR VEHICLE IN TRANSPORT,CHARLOTTE PKE & W HILLWOOD DR,NASHVILLE,TN,37209,5009,WEST,36.1347,-86.8881,POINT (-86.8881 36.1347)
20190313369,04/23/2019 03:02:00 PM,2,0,0,,N,320599,6,SIDESWIPE - OPPOSITE DIRECTION,21,CLEAR,1,DAYLIGHT,12,MOTOR VEHICLE IN TRANSPORT,WOODLAND POINTE DR & BRANCH OAK TRL,NASHVILLE,TN,37214,8943,HERMIT,36.1194,-86.6238,POINT (-86.6238 36.1194)
20190098540,02/06/2019 12:30:00 AM,1,0,0,Y,Y,298866,9,UNKNOWN,21,CLEAR,3,DARK - LIGHTED,30;99,UTILITY POLE;UNKNOWN MOST HARMFUL EVENT,MORROW RD & 57TH AVN,NASHVILLE,TN,37209,4613,WEST,36.16,-86.857,POINT (-86.857 36.16)
20190484166,06/26/2019 09:30:00 PM,2,0,0,,Y,717341,11,Front to Rear,2,RAIN,3,DARK - LIGHTED,12,MOTOR VEHICLE IN TRANSPORT,I24 W ENT RAMP & I 24,NASHVILLE,TN,37206,1009,EAST,36.1666,-86.7638,POINT (-86.7638 36.1666)
20190416665,05/31/2019 04:35:00 PM,2,0,0,,N,279224,11,Front to Rear,21,CLEAR,1,DAYLIGHT,12,MOTOR VEHICLE IN TRANSPORT,MM 49 1 I 24,NASHVILLE,TN,37206,10040,EAST,36.1647,-86.7634,POINT (-86.7634 36.1647)
20190184706,03/08/2019 04:25:00 PM,1,0,0,,N,311798,0,NOT COLLISION W/MOTOR VEHICLE-TRANSPORT,2,RAIN,1,DAYLIGHT,24,GUARDRAIL FACE,BRILEY PKWYW & BRILEY PKWYE,NASHVILLE,TN,37218,3216,NORTH,36.2254,-86.8638,POINT (-86.8638 36.2254)
20190437031,06/08/2019 05:13:00 PM,2,2,0,,N,311337,11,Front to Rear,21,CLEAR,1,DAYLIGHT,12,MOTOR VEHICLE IN TRANSPORT,DONELSON PKE & SHACKLETT DR,NASHVILLE,TN,37214,9411,HERMIT,36.1449,-86.6667,POINT (-86.6667 36.1449)
20190522695,07/12/2019 03:25:00 PM,2,0,0,,N,267831,11,Front to Rear,21,CLEAR,1,DAYLIGHT,12,MOTOR VEHICLE IN TRANSPORT,ABBOTT MARTIN RD & BANDYWOOD DR,NASHVILLE,TN,37215,6111,WEST,36.1061,-86.816,POINT (-86.816 36.1061)
20190113488,02/11/2019 05:33:00 PM,1,0,0,,N,267831,0,NOT COLLISION W/MOTOR VEHICLE-TRANSPORT,2,RAIN,2,DARK - NOT LIGHTED,50,DEER (ANIMAL),POPLAR CREEK RD & ROLLING RIVER PKWY,NASHVILLE,TN,37221,4809,WEST,36.0565,-86.9691,POINT (-86.9691 36.0565)
20190315536,04/24/2019 06:42:00 AM,2,0,0,,N,337277,4,ANGLE,21,CLEAR,1,DAYLIGHT,12,MOTOR VEHICLE IN TRANSPORT,MURFREESBORO PKE & MURFREESBORO PKE,ANTIOCH,TN,37013,8927,SOUTH,36.0478,-86.6121,POINT (-86.6121 36.0478)
20190195206,03/12/2019 12:00:00 AM,3,0,0,,Y,206958,4,ANGLE,22,CLOUDY,3,DARK - LIGHTED,14,PARKED MOTOR VEHICLE,2913 GALLATIN PKE,NASHVILLE,TN,37216,1851,EAST,36.2031,-86.7389,POINT (-86.7389 36.2031)
20190147835,02/23/2019 03:20:00 PM,1,0,0,,N,419997,0,NOT COLLISION W/MOTOR VEHICLE-TRANSPORT,22,CLOUDY,1,DAYLIGHT,16,THROWN OR FALLING OBJECT,MM 204 1 I 40,NASHVILLE,TN,37209,45024,WEST,36.1529,-86.8557,POINT (-86.8557 36.1529)
20190105112,02/08/2019 07:00:00 AM,2,0,0,,N,226622,4,ANGLE,22,CLOUDY,1,DAYLIGHT,12,MOTOR VEHICLE IN TRANSPORT,OLD HICKORY BLVD & SONYA DR,NASHVILLE,TN,37205,4903,WEST,36.1355,-86.8861,POINT (-86.8861 36.1355)
20190068971,01/26/2019 06:51:00 PM,2,0,0,,Y,299266,11,Front to Rear,21,CLEAR,3,DARK - LIGHTED,12,MOTOR VEHICLE IN TRANSPORT,RURAL HILL RD & RICE RD,ANTIOCH,TN,37013,8861,SOUTH,36.0673,-86.6424,POINT (-86.6424 36.0673)
20190091527,02/03/2019 04:50:00 PM,2,0,0,,Y,256443,5,SIDESWIPE - SAME DIRECTION,21,CLEAR,1,DAYLIGHT,12,MOTOR VEHICLE IN TRANSPORT,I24 W ENT RAMP & I 65,NASHVILLE,TN,37207,18041,EAST,36.2216,-86.7738,POINT (-86.7738 36.2216)
20190171240,03/04/2019 11:40:00 AM,2,0,0,,N,240982,4,ANGLE,21,CLEAR,1,DAYLIGHT,12,MOTOR VEHICLE IN TRANSPORT,NOELTON AV & GRANNY WHITE PKE,NASHVILLE,TN,37204,7005,MIDTOW,36.1129,-86.7924,POINT (-86.7924 36.1129)
20190480143,06/25/2019 12:34:00 PM,2,0,0,,N,191578,11,Front to Rear,21,CLEAR,1,DAYLIGHT,12,MOTOR VEHICLE IN TRANSPORT,MM 210 7 I 40,NASHVILLE,TN,37210,8202,HERMIT,36.1532,-86.7644,POINT (-86.7644 36.1532)
20190200751,03/14/2019 03:25:00 PM,2,0,0,,N,256386,11,Front to Rear,21,CLEAR,1,DAYLIGHT,12,MOTOR VEHICLE IN TRANSPORT,MM 214 0 I 40,NASHVILLE,TN,37217,88020,HERMIT,36.1417,-86.7137,POINT (-86.7137 36.1417)
20190206499,03/16/2019 08:35:00 PM,2,0,0,,N,240955,4,ANGLE,21,CLEAR,3,DARK - LIGHTED,12,MOTOR VEHICLE IN TRANSPORT,HAMILTON CHURCH RD & OWENDALE DR,ANTIOCH,TN,37013,8927,SOUTH,36.0648,-86.6221,POINT (-86.6221 36.0648)
20190074458,01/28/2019 10:10:00 PM,2,0,0,,Y,279225,4,ANGLE,2,RAIN,3,DARK - LIGHTED,12,MOTOR VEHICLE IN TRANSPORT,I40 E ENT RAMP & DONELSON PKE,NASHVILLE,TN,37214,8953,HERMIT,36.1398,-86.6662,POINT (-86.6662 36.1398)
20190477512,06/24/2019 03:19:00 PM,2,0,0,,N,690942,2,HEAD-ON,21,CLEAR,1,DAYLIGHT,12,MOTOR VEHICLE IN TRANSPORT,8TH AVS & 8TH AVS,NASHVILLE,TN,37203,4041,CENTRA,36.1545,-86.7796,POINT (-86.7796 36.1545)
20190558619,07/26/2019 09:00:00 PM,2,2,0,,N,834813,11,Front to Rear,22,CLOUDY,1,DAYLIGHT,12,MOTOR VEHICLE IN TRANSPORT,WHITES CREEK PKE & BAXTER RD,JOELTON,TN,37080,2305,NORTH,36.3513,-86.8788,POINT (-86.8788 36.3513)
20190185165,03/08/2019 08:00:00 PM,2,0,0,,N,311332,11,Front to Rear,22,CLOUDY,2,DARK - NOT LIGHTED,12,MOTOR VEHICLE IN TRANSPORT,HIGHWAY 100 & CLAXTON CT,NASHVILLE,TN,37221,4819,WEST,36.0463,-86.946,POINT (-86.946 36.0463)
20190428999,06/05/2019 03:09:00 PM,2,0,0,,N,909486,4,ANGLE,21,CLEAR,1,DAYLIGHT,12,MOTOR VEHICLE IN TRANSPORT,BRENTWOOD EAST DR & OLD HICKORY BLVD,NASHVILLE,TN,37211,8651,MIDTOW,36.0452,-86.7148,POINT (-86.7148 36.0452)
20190129480,02/17/2019 04:50:00 AM,1,0,0,,N,311341,0,NOT COLLISION W/MOTOR VEHICLE-TRANSPORT,2,RAIN,3,DARK - LIGHTED,34,DITCH,6800 CHARLOTTE PKE,NASHVILLE,TN,37209,5009,WEST,36.1345,-86.8892,POINT (-86.8892 36.1345)
20190251634,04/01/2019 05:58:00 PM,2,0,0,,N,279214,11,Front to Rear,21,CLEAR,1,DAYLIGHT,12,MOTOR VEHICLE IN TRANSPORT,WOODMONT BLVD & RICHARDS ST,NASHVILLE,TN,37215,6419,MIDTOW,36.1132,-86.8016,POINT (-86.8016 36.1132)
20190528606,07/15/2019 09:50:00 AM,2,0,0,,N,538214,5,SIDESWIPE - SAME DIRECTION,22,CLOUDY,1,DAYLIGHT,12,MOTOR VEHICLE IN TRANSPORT,I40 W EXT RAMP & I 40,NASHVILLE,TN,37203,4119,CENTRA,36.1574,-86.79,POINT (-86.79 36.1574)
20190016828,01/07/2019 04:05:00 PM,2,0,0,,N,419972,5,SIDESWIPE - SAME DIRECTION,21,CLEAR,1,DAYLIGHT,12,MOTOR VEHICLE IN TRANSPORT,WILSON BLVDS & WEST END AV,NASHVILLE,TN,37205,6019,WEST,36.131,-86.8342,POINT (-86.8342 36.131)
20190519352,07/11/2019 08:57:00 AM,3,1,0,,N,109534,5,SIDESWIPE - SAME DIRECTION,21,CLEAR,1,DAYLIGHT,12,MOTOR VEHICLE IN TRANSPORT,MM 215 2 I 40,NASHVILLE,TN,37214,91021,HERMIT,36.144,-86.6913,POINT (-86.6913 36.144)
20190275746,04/10/2019 12:21:00 PM,2,1,0,,N,755026,11,Front to Rear,21,CLEAR,1,DAYLIGHT,12,MOTOR VEHICLE IN TRANSPORT,NOLENSVILLE PKE & CRAIGHEAD ST,NASHVILLE,TN,37210,8125,SOUTH,36.1338,-86.7588,POINT (-86.7588 36.1338)
20190452826,06/14/2019 01:49:00 PM,2,0,0,,N,352183,4,ANGLE,21,CLEAR,1,DAYLIGHT,12,MOTOR VEHICLE IN TRANSPORT,MCGAVOCK ST & 17TH AVS,NASHVILLE,TN,37203,5703,MIDTOW,36.1528,-86.7933,POINT (-86.7933 36.1528)
20190531800,07/16/2019 01:35:00 PM,2,2,0,,N,352186,98,OTHER,21,CLEAR,1,DAYLIGHT,12,MOTOR VEHICLE IN TRANSPORT,W TRINITY LN & BRICK CHURCH PKE,NASHVILLE,TN,37207,3003,NORTH,36.2066,-86.7779,POINT (-86.7779 36.2066)
20190174929,03/05/2019 12:00:00 AM,2,0,0,,Y,298861,11,Front to Rear,21,CLEAR,1,DAYLIGHT,12,MOTOR VEHICLE IN TRANSPORT,MM 211 0 I 40,NASHVILLE,TN,37210,82020,HERMIT,36.1544,-86.7598,POINT (-86.7598 36.1544)
20190035268,01/14/2019 02:54:00 PM,2,0,0,,N,134899,11,Front to Rear,21,CLEAR,1,DAYLIGHT,12,MOTOR VEHICLE IN TRANSPORT,LEBANON PKE & SHUTE LN,HERMITAGE,TN,37076,9535,HERMIT,36.2146,-86.6047,POINT (-86.6047 36.2146)
20190475682,06/23/2019 07:45:00 PM,2,0,0,,N,320581,5,SIDESWIPE - SAME DIRECTION,22,CLOUDY,5,DUSK,12,MOTOR VEHICLE IN TRANSPORT,MM 86 8 I 65,NASHVILLE,TN,37207,3002,NORTH,36.1987,-86.7764,POINT (-86.7764 36.1987)