Accident Number,Date and Time,Number of Motor Vehicles,Number of Injuries,Number of Fatalities,Property Damage,Hit and Run,Reporting Officer,Collision Type Code,Collision Type Description,Weather Code,Weather Description,Illumination Code,Illumination Description,Harmful Code,Harmful Code Description,Street Address,City,State,ZIP,RPA,Precinct,Latitude,Longitude,Mapped Location
20190437027,06/08/2019 05:26:00 PM,2,1,0,,Y,330425,11,Front to Rear,22,CLOUDY,1,DAYLIGHT,12,MOTOR VEHICLE IN TRANSPORT,GALLATIN PKEN & OLD TIME VILLAGE PVTDR,MADISON,TN,37115,1701,MADISO,36.2638,-86.7117,POINT (-86.7117 36.2638)
20190096972,02/05/2019 01:15:00 PM,2,0,0,,N,594473,5,SIDESWIPE - SAME DIRECTION,21,CLEAR,1,DAYLIGHT,12,MOTOR VEHICLE IN TRANSPORT,WEDGEWOOD AV & BEECH AV,NASHVILLE,TN,37204,6919,MIDTOW,36.1343,-86.7806,POINT (-86.7806 36.1343)
20190575084,08/02/2019 03:55:00 PM,2,0,0,,N,330431,11,Front to Rear,22,CLOUDY,1,DAYLIGHT,12,MOTOR VEHICLE IN TRANSPORT,DR D B TODD JR BLVD & PEARL ST,NASHVILLE,TN,37203,5357,NORTH,36.1589,-86.8008,POINT (-86.8008 36.1589)
20190455503,06/15/2019 04:22:00 PM,2,1,0,,N,299257,11,Front to Rear,21,CLEAR,1,DAYLIGHT,14,PARKED MOTOR VEHICLE,MONTROSE AV & 11TH AVS,NASHVILLE,TN,37204,6949,MIDTOW,36.1236,-86.7887,POINT (-86.7887 36.1236)
20190300164,04/18/2019 09:02:00 PM,2,0,0,,N,330415,5,SIDESWIPE - SAME DIRECTION,2,RAIN,3,DARK - LIGHTED,12,MOTOR VEHICLE IN TRANSPORT,8TH AVS & KOREAN VETERANS BLVD,NASHVILLE,TN,37203,4043,CENTRA,36.1549,-86.7792,POINT (-86.7792 36.1549)
20190183596,03/08/2019 07:57:00 AM,3,0,0,,N,405447,11,Front to Rear,2,RAIN,1,DAYLIGHT,12,MOTOR VEHICLE IN TRANSPORT,OLD HICKORY BLVD & HIGHLAND WAY,NASHVILLE,TN,37211,8651,MIDTOW,36.0398,-86.7409,POINT (-86.7409 36.0398)
20190102312,02/07/2019 06:35:00 AM,2,0,0,,N,226136,4,ANGLE,22,CLOUDY,1,DAYLIGHT,12,MOTOR VEHICLE IN TRANSPORT,20TH AVN & STATE ST,NASHVILLE,TN,37203,5509,MIDTOW,36.1543,-86.8015,POINT (-86.8015 36.1543)
20190070064,01/27/2019 05:34:00 AM,2,1,0,,N,256377,11,Front to Rear,21,CLEAR,3,DARK - LIGHTED,12,MOTOR VEHICLE IN TRANSPORT,MM 215 8 I 40,NASHVILLE,TN,37217,89020,HERMIT,36.1424,-86.6815,POINT (-86.6815 36.1424)
20190041088,01/16/2019 12:00:00 AM,2,0,0,,Y,429205,9,UNKNOWN,22,CLOUDY,1,DAYLIGHT,14;55,PARKED MOTOR VEHICLE;Motor Vehicle-In-Motion Outside Trafficw,10TH AVS & 10TH AVN,NASHVILLE,TN,37203,4077,CENTRA,36.158,-86.7843,POINT (-86.7843 36.158)
20190439756,06/10/2019 12:21:00 AM,2,0,0,,N,212342,4,ANGLE,21,CLEAR,3,DARK - LIGHTED,12,MOTOR VEHICLE IN TRANSPORT,BRILEY PKWY N EXT RAMP & BRILEY PKWY N E,NASHVILLE,TN,37214,9121,HERMIT,36.1681,-86.6879,POINT (-86.6879 36.1681)
20190187922,03/10/2019 01:12:00 AM,3,0,0,,Y,279198,5,SIDESWIPE - SAME DIRECTION,21,CLEAR,3,DARK - LIGHTED,12;14,MOTOR VEHICLE IN TRANSPORT;PARKED MOTOR VEHICLE,PENNOCK AV & DOUGLAS AV,NASHVILLE,TN,37207,1909,EAST,36.1936,-86.766,POINT (-86.766 36.1936)
20190299800,04/18/2019 05:20:00 PM,2,0,0,,N,298858,4,ANGLE,22,CLOUDY,1,DAYLIGHT,12,MOTOR VEHICLE IN TRANSPORT,5TH AVN & JUNIOR GILLIAM WAY,NASHVILLE,TN,37219,4235,CENTRA,36.173,-86.7866,POINT (-86.7866 36.173)
20190378032,05/17/2019 11:40:00 AM,2,0,0,Y,N,352209,4,ANGLE,21,CLEAR,1,DAYLIGHT,12,MOTOR VEHICLE IN TRANSPORT,MURFREESBORO PKE & MCGAVOCK PKE,NASHVILLE,TN,37217,8841,SOUTH,36.1129,-86.689,POINT (-86.689 36.1129)
20190047248,01/18/2019 02:35:00 PM,2,0,0,,N,134899,4,ANGLE,21,CLEAR,1,DAYLIGHT,12,MOTOR VEHICLE IN TRANSPORT,ROBINSON RD & BENNETT DR,OLD HICKORY,TN,37138,9619,HERMIT,36.2652,-86.6638,POINT (-86.6638 36.2652)
20190270432,04/08/2019 03:45:00 PM,2,0,0,,N,311328,11,Front to Rear,22,CLOUDY,1,DAYLIGHT,12,MOTOR VEHICLE IN TRANSPORT,ROSA L PARKS BLVD & COMMERCE ST,NASHVILLE,TN,37203,4115,CENTRA,36.1603,-86.783,POINT (-86.783 36.1603)
20190438763,06/09/2019 12:47:00 PM,2,1,0,,N,278580,4,ANGLE,21,CLEAR,1,DAYLIGHT,12,MOTOR VEHICLE IN TRANSPORT,WHITES CREEK PKE & BUENA VISTA PKE,NASHVILLE,TN,37207,3221,NORTH,36.2508,-86.8284,POINT (-86.8284 36.2508)
20190202445,03/15/2019 07:15:00 AM,2,0,0,,N,299249,11,Front to Rear,21,CLEAR,1,DAYLIGHT,12,MOTOR VEHICLE IN TRANSPORT,LEBANON PKE & OLD HICKORY BLVD,HERMITAGE,TN,37076,9613,HERMIT,36.1756,-86.6154,POINT (-86.6154 36.1756)
20190057887,01/22/2019 09:55:00 PM,2,0,0,,N,429193,0,NOT COLLISION W/MOTOR VEHICLE-TRANSPORT,21,CLEAR,2,DARK - NOT LIGHTED,42;7,TREE,MM 201 8 I 40,NASHVILLE,TN,37209,46027,WEST,36.1385,-86.8896,POINT (-86.8896 36.1385)
20190342393,05/04/2019 05:30:00 AM,3,1,0,,N,256569,4,ANGLE,22,CLOUDY,4,DAWN,12;34,MOTOR VEHICLE IN TRANSPORT;DITCH,NEELYS BEND RD & HILLCREST DR,MADISON,TN,37115,1631,MADISO,36.2422,-86.6654,POINT (-86.6654 36.2422)
20190295071,04/17/2019 08:46:00 AM,1,0,0,,N,572251,0,NOT COLLISION W/MOTOR VEHICLE-TRANSPORT,21,CLEAR,1,DAYLIGHT,36,CONCRETE TRAFFIC BARRIER,MM 91 8 I 65,MADISON,TN,37115,17280,MADISO,36.2589,-86.7382,POINT (-86.7382 36.2589)
20190412977,05/30/2019 12:35:00 PM,2,0,0,,N,571313,11,Front to Rear,22,CLOUDY,1,DAYLIGHT,12,MOTOR VEHICLE IN TRANSPORT,NOLENSVILLE PKE & OCALA DR,NASHVILLE,TN,37211,8715,SOUTH,36.0508,-86.7144,POINT (-86.7144 36.0508)
20190423294,06/03/2019 03:00:00 PM,1,0,0,Y,Y,256441,0,NOT COLLISION W/MOTOR VEHICLE-TRANSPORT,21,CLEAR,1,DAYLIGHT,7,,NOLENSVILLE PKE & YELTON CT,NASHVILLE,TN,37211,8435,SOUTH,36.0911,-86.7348,POINT (-86.7348 36.0911)
20190468095,06/20/2019 12:20:00 PM,2,1,0,,Y,226622,4,ANGLE,22,CLOUDY,1,DAYLIGHT,12,MOTOR VEHICLE IN TRANSPORT,POPLAR CREEK RD & ROLLING RIVER PKWY,NASHVILLE,TN,37221,4809,WEST,36.0565,-86.9691,POINT (-86.9691 36.0565)
20190349663,05/07/2019 07:18:00 AM,3,0,0,,Y,191578,11,Front to Rear,21,CLEAR,1,DAYLIGHT,12,MOTOR VEHICLE IN TRANSPORT,I40 E ENT RAMP & I 40,NASHVILLE,TN,37205,4903,WEST,36.1109,-86.922,POINT (-86.922 36.1109)
20190066728,01/25/2019 07:59:00 PM,1,1,0,,N,256422,0,NOT COLLISION W/MOTOR VEHICLE-TRANSPORT,21,CLEAR,2,DARK - NOT LIGHTED,71,EMBANKMENT EARTH,MM 32 9 I 24,JOELTON,TN,37080,23040,NORTH,36.3324,-86.9017,POINT (-86.9017 36.3324)
20190008848,01/04/2019 07:35:00 AM,2,0,0,,N,876577,11,Front to Rear,2,RAIN,1,DAYLIGHT,12,MOTOR VEHICLE IN TRANSPORT,I24 W ENT RAMP & I 24,NASHVILLE,TN,37206,1009,EAST,36.1666,-86.7638,POINT (-86.7638 36.1666)
20190275220,04/10/2019 08:05:00 AM,2,1,0,,N,279206,11,Front to Rear,21,CLEAR,1,DAYLIGHT,12,MOTOR VEHICLE IN TRANSPORT,LEBANON PKE & LEBANON PIKE CIR,NASHVILLE,TN,37210,9021,HERMIT,36.1536,-86.7179,POINT (-86.7179 36.1536)
20190344033,05/04/2019 09:25:00 PM,2,0,0,,N,320584,6,SIDESWIPE - OPPOSITE DIRECTION,2,RAIN,3,DARK - LIGHTED,12,MOTOR VEHICLE IN TRANSPORT,FESSLERS LN & POLK AV,NASHVILLE,TN,37210,8115,SOUTH,36.1348,-86.7468,POINT (-86.7468 36.1348)
20190066292,01/25/2019 04:51:00 PM,2,1,0,,N,267831,11,Front to Rear,21,CLEAR,1,DAYLIGHT,12,MOTOR VEHICLE IN TRANSPORT,CHARLOTTE AV & 45TH AVN,NASHVILLE,TN,37209,5203,WEST,36.1522,-86.8411,POINT (-86.8411 36.1522)
20190238091,03/27/2019 04:29:00 PM,2,1,0,,N,206682,2,HEAD-ON,21,CLEAR,1,DAYLIGHT,12,MOTOR VEHICLE IN TRANSPORT,GALLATIN PKES & NEELYS BEND RD,MADISON,TN,37115,1605,MADISO,36.2566,-86.7142,POINT (-86.7142 36.2566)
20190555764,07/25/2019 06:37:00 PM,2,0,0,,N,579971,4,ANGLE,21,CLEAR,1,DAYLIGHT,12,MOTOR VEHICLE IN TRANSPORT,OLD HICKORY BLVD & I24 W EXT RAMP,ANTIOCH,TN,37013,8869,SOUTH,36.0158,-86.6201,POINT (-86.6201 36.0158)
20190356935,05/09/2019 05:30:00 PM,2,0,0,,N,352199,4,ANGLE,22,CLOUDY,1,DAYLIGHT,12,MOTOR VEHICLE IN TRANSPORT,EDMONDSON PKE & OLD HICKORY BLVD,NASHVILLE,TN,37211,8651,MIDTOW,36.04,-86.7435,POINT (-86.7435 36.04)
20190335855,05/01/2019 06:55:00 PM,2,0,0,,N,240976,5,SIDESWIPE - SAME DIRECTION,2,RAIN,1,DAYLIGHT,12,MOTOR VEHICLE IN TRANSPORT,SILVERDENE PL & MCFERRIN AV,NASHVILLE,TN,37206,1939,EAST,36.178,-86.7554,POINT (-86.7554 36.178)
20190503369,07/04/2019 01:08:00 AM,2,0,0,,Y,110090,11,Front to Rear,21,CLEAR,3,DARK - LIGHTED,12,MOTOR VEHICLE IN TRANSPORT,HARDING PL & MURFREESBORO PKE,NASHVILLE,TN,37217,8849,SOUTH,36.0986,-86.6594,POINT (-86.6594 36.0986)
20190203929,03/15/2019 05:58:00 PM,2,0,0,,N,256383,11,Front to Rear,21,CLEAR,1,DAYLIGHT,12,MOTOR VEHICLE IN TRANSPORT,MT VIEW RD & HICKORY HOLLOW PKWY,ANTIOCH,TN,37013,8859,SOUTH,36.0588,-86.6705,POINT (-86.6705 36.0588)
20190123091,02/14/2019 03:48:00 PM,2,1,0,,N,299267,4,ANGLE,21,CLEAR,1,DAYLIGHT,12,MOTOR VEHICLE IN TRANSPORT,23RD AVN & BRANDAU PL,NASHVILLE,TN,37203,5617,MIDTOW,36.1508,-86.8061,POINT (-86.8061 36.1508)
20190110977,02/10/2019 08:35:00 PM,2,1,0,,N,206682,5,SIDESWIPE - SAME DIRECTION,21,CLEAR,3,DARK - LIGHTED,12,MOTOR VEHICLE IN TRANSPORT,GALLATIN PKES & GALLATIN PKE SB EXT RAMP,MADISON,TN,37115,1509,MADISO,36.2379,-86.7241,POINT (-86.7241 36.2379)
20190213382,03/19/2019 10:43:00 AM,2,0,0,,N,212369,4,ANGLE,21,CLEAR,1,DAYLIGHT,12,MOTOR VEHICLE IN TRANSPORT,WEDGEWOOD AV & BEECH AV,NASHVILLE,TN,37204,6919,MIDTOW,36.1343,-86.7806,POINT (-86.7806 36.1343)
20190160691,02/28/2019 05:50:00 AM,2,0,0,,N,330433,4,ANGLE,22,CLOUDY,3,DARK - LIGHTED,12,MOTOR VEHICLE IN TRANSPORT,MM 94 1 I 65,MADISON,TN,37115,17042,MADISO,36.2893,-86.724,POINT (-86.724 36.2893)
20190221067,03/21/2019 05:05:00 PM,1,1,0,,Y,256427,0,NOT COLLISION W/MOTOR VEHICLE-TRANSPORT,21,CLEAR,1,DAYLIGHT,9,,FAIRFIELD AV & J C NAPIER ST,NASHVILLE,TN,37210,8207,HERMIT,36.1509,-86.7568,POINT (-86.7568 36.1509)
20190450036,06/13/2019 03:10:00 PM,2,0,0,,Y,151132,4,ANGLE,21,CLEAR,1,DAYLIGHT,12,MOTOR VEHICLE IN TRANSPORT,GALLATIN PKES & MAPLE ST,MADISON,TN,37115,1607,MADISO,36.2617,-86.7124,POINT (-86.7124 36.2617)
20190138139,02/20/2019 07:39:00 AM,3,0,0,,N,224851,11,Front to Rear,2,RAIN,1,DAYLIGHT,12,MOTOR VEHICLE IN TRANSPORT,WOODLAWN DR & HARDING PKE,NASHVILLE,TN,37205,6019,WEST,36.1276,-86.8439,POINT (-86.8439 36.1276)
20190019770,01/08/2019 05:20:00 PM,2,0,0,,Y,420040,11,Front to Rear,21,CLEAR,5,DUSK,12,MOTOR VEHICLE IN TRANSPORT,22ND AVN & CHARLOTTE AV,NASHVILLE,TN,37209,5339,NORTH,36.1569,-86.8074,POINT (-86.8074 36.1569)
20190499308,07/02/2019 06:24:00 PM,2,0,0,,N,565785,11,Front to Rear,21,CLEAR,1,DAYLIGHT,12,MOTOR VEHICLE IN TRANSPORT,OLD HICKORY BLVD & I65 N EXT RAMP,BRENTWOOD,TN,37027,8623,MIDTOW,36.0399,-86.781,POINT (-86.781 36.0399)
20190263817,04/05/2019 08:25:00 PM,2,0,0,,Y,320581,11,Front to Rear,22,CLOUDY,3,DARK - LIGHTED,12,MOTOR VEHICLE IN TRANSPORT,10TH AVN & JEFFERSON ST,NASHVILLE,TN,37208,4243,NORTH,36.1724,-86.7948,POINT (-86.7948 36.1724)
20190544860,07/21/2019 04:51:00 PM,2,0,0,,N,256383,6,SIDESWIPE - OPPOSITE DIRECTION,21,CLEAR,1,DAYLIGHT,12,MOTOR VEHICLE IN TRANSPORT,DOVE CREEK RD & QUAILS NEST CT,ANTIOCH,TN,37013,8925,SOUTH,36.0702,-86.5945,POINT (-86.5945 36.0702)
20190315580,04/24/2019 07:07:00 AM,3,0,0,,N,876581,11,Front to Rear,21,CLEAR,1,DAYLIGHT,12,MOTOR VEHICLE IN TRANSPORT,SPRINGFIELD HWY & WILLIAMSON RD,GOODLETTSVILLE,TN,37072,2219,MADISO,36.3575,-86.7248,POINT (-86.7248 36.3575)
20190147717,02/23/2019 02:35:00 PM,2,0,0,,N,402653,5,SIDESWIPE - SAME DIRECTION,2,RAIN,1,DAYLIGHT,12,MOTOR VEHICLE IN TRANSPORT,BROADWAY & 5TH AVS,NASHVILLE,TN,37203,4089,CENTRA,36.1605,-86.7784,POINT (-86.7784 36.1605)
20190040596,05/27/2019 02:08:00 PM,1,0,0,,N,405447,0,NOT COLLISION W/MOTOR VEHICLE-TRANSPORT,21,CLEAR,1,DAYLIGHT,32;33,CULVERT;CURB,OLD HICKORY BLVD & BRENTWOOD CHASE DR,BRENTWOOD,TN,37027,8621,MIDTOW,36.0402,-86.7523,POINT (-86.7523 36.0402)
20190224195,03/22/2019 05:00:00 PM,2,0,0,,N,151132,11,Front to Rear,21,CLEAR,1,DAYLIGHT,12,MOTOR VEHICLE IN TRANSPORT,GALLATIN PKEN & RIVERCHASE BLVD,MADISON,TN,37115,1721,MADISO,36.3086,-86.6815,POINT (-86.6815 36.3086)
20190047757,01/18/2019 05:36:00 PM,2,0,0,,N,206675,4,ANGLE,21,CLEAR,3,DARK - LIGHTED,12,MOTOR VEHICLE IN TRANSPORT,OLD HICKORY BLVD & HILL RD,NASHVILLE,TN,37220,8615,MIDTOW,36.0397,-86.7436,POINT (-86.7436 36.0397)
20190570206,07/31/2019 07:09:00 PM,2,0,0,,Y,320581,6,SIDESWIPE - OPPOSITE DIRECTION,22,CLOUDY,1,DAYLIGHT,12;14,MOTOR VEHICLE IN TRANSPORT;PARKED MOTOR VEHICLE,12TH AVE N & 14TH AVE N,NASHVILLE,TN,37208,4409,NORTH,36.1825,-86.8076,POINT (-86.8076 36.1825)
20190324817,04/27/2019 02:00:00 PM,2,0,0,,Y,299253,5,SIDESWIPE - SAME DIRECTION,22,CLOUDY,1,DAYLIGHT,14,PARKED MOTOR VEHICLE,EWING DR & BROADMOOR DR,NASHVILLE,TN,37207,1807,EAST,36.23,-86.7626,POINT (-86.7626 36.23)
20190098158,02/05/2019 09:27:00 PM,1,0,0,,N,279124,0,NOT COLLISION W/MOTOR VEHICLE-TRANSPORT,21,CLEAR,3,DARK - LIGHTED,63;7,Ran Off Road-Right,BRILEY PKWY N ENT RAMP & BRILEY PKWYN,NASHVILLE,TN,37209,45065,WEST,36.1584,-86.8635,POINT (-86.8635 36.1584)
20190384225,05/20/2019 06:48:00 AM,2,0,0,,N,352159,11,Front to Rear,21,CLEAR,1,DAYLIGHT,12,MOTOR VEHICLE IN TRANSPORT,MM 210 2 I 40,NASHVILLE,TN,37203,80021,MIDTOW,36.1493,-86.7736,POINT (-86.7736 36.1493)
20190359827,05/10/2019 05:39:00 PM,1,0,0,,N,151132,0,NOT COLLISION W/MOTOR VEHICLE-TRANSPORT,22,CLOUDY,1,DAYLIGHT,36;64,CONCRETE TRAFFIC BARRIER;Ran Off Road-Left,BRILEY PKWYW & BRILEY PKWY W ENT RAMP,MADISON,TN,37115,1594,MADISO,36.2363,-86.7274,POINT (-86.7274 36.2363)
20190079356,01/30/2019 08:04:00 AM,2,0,0,,N,630627,6,SIDESWIPE - OPPOSITE DIRECTION,4,SNOW,1,DAYLIGHT,12,MOTOR VEHICLE IN TRANSPORT,HILLSBORO PKE & ENCLAVE AT HILLSBORO VIL,NASHVILLE,TN,37212,6507,MIDTOW,36.1253,-86.8056,POINT (-86.8056 36.1253)
20190380861,05/18/2019 03:32:00 PM,2,0,0,Y,N,330444,0,NOT COLLISION W/MOTOR VEHICLE-TRANSPORT,21,CLEAR,1,DAYLIGHT,7,,RADNOR ST & NOLENSVILLE PKE,NASHVILLE,TN,37211,8427,SOUTH,36.1051,-86.7415,POINT (-86.7415 36.1051)
20190572697,08/01/2019 05:15:00 PM,2,0,0,,Y,256448,11,Front to Rear,21,CLEAR,1,DAYLIGHT,12,MOTOR VEHICLE IN TRANSPORT,MM 211 1 I 40,NASHVILLE,TN,37210,8008,HERMIT,36.1539,-86.7571,POINT (-86.7571 36.1539)
20190452802,06/14/2019 01:39:00 PM,2,0,0,,N,352178,6,SIDESWIPE - OPPOSITE DIRECTION,21,CLEAR,1,DAYLIGHT,12,MOTOR VEHICLE IN TRANSPORT,1401 CHARLOTTE AV,NASHVILLE,TN,37203,5501,MIDTOW,36.1604,-86.7939,POINT (-86.7939 36.1604)
20190016963,01/07/2019 05:04:00 PM,3,0,0,,Y,311332,11,Front to Rear,21,CLEAR,2,DARK - NOT LIGHTED,12,MOTOR VEHICLE IN TRANSPORT,MM 1 0 I 440,NASHVILLE,TN,37205,5234,WEST,36.1438,-86.8226,POINT (-86.8226 36.1438)
20190388114,05/21/2019 01:22:00 PM,2,0,0,,N,137872,4,ANGLE,21,CLEAR,1,DAYLIGHT,12,MOTOR VEHICLE IN TRANSPORT,LEBANON PKE & TRENTON DR,HERMITAGE,TN,37076,9535,HERMIT,36.2151,-86.6008,POINT (-86.6008 36.2151)
20190116297,02/12/2019 02:21:00 PM,2,0,0,,N,197435,4,ANGLE,22,CLOUDY,1,DAYLIGHT,12,MOTOR VEHICLE IN TRANSPORT,STRATFORD AV & GALLATIN PKE,NASHVILLE,TN,37216,1441,EAST,36.2145,-86.7305,POINT (-86.7305 36.2145)
20190015529,01/07/2019 06:10:00 AM,2,0,0,,N,197067,5,SIDESWIPE - SAME DIRECTION,21,CLEAR,1,DAYLIGHT,12,MOTOR VEHICLE IN TRANSPORT,HERMITAGE AV & PEABODY ST,NASHVILLE,TN,37201,4047,CENTRA,36.1622,-86.7744,POINT (-86.7744 36.1622)
20190455297,06/15/2019 02:41:00 PM,3,0,0,,N,298867,11,Front to Rear,21,CLEAR,1,DAYLIGHT,12,MOTOR VEHICLE IN TRANSPORT,DOUGLAS AV & GALLATIN AV,NASHVILLE,TN,37206,1325,EAST,36.1927,-86.7444,POINT (-86.7444 36.1927)
20190128948,02/16/2019 11:21:00 PM,2,0,0,,N,415780,5,SIDESWIPE - SAME DIRECTION,21,CLEAR,3,DARK - LIGHTED,12,MOTOR VEHICLE IN TRANSPORT,BRIARWOOD DR & TROUSDALE DR,NASHVILLE,TN,37220,8601,MIDTOW,36.0778,-86.7588,POINT (-86.7588 36.0778)
20190211112,03/18/2019 05:57:00 PM,2,0,0,,N,256380,11,Front to Rear,21,CLEAR,1,DAYLIGHT,12,MOTOR VEHICLE IN TRANSPORT,BRILEY PKWYN & BRILEY PKWYS,NASHVILLE,TN,37211,8404,SOUTH,36.1092,-86.727,POINT (-86.727 36.1092)
20190406650,05/28/2019 09:05:00 AM,2,0,0,,N,226136,4,ANGLE,22,CLOUDY,1,DAYLIGHT,12,MOTOR VEHICLE IN TRANSPORT,NOLENSVILLE PKE & NEWSOME ST,NASHVILLE,TN,37210,8319,SOUTH,36.1191,-86.7493,POINT (-86.7493 36.1191)
20190316023,04/24/2019 09:55:00 AM,2,0,0,,N,716886,11,Front to Rear,21,CLEAR,1,DAYLIGHT,12,MOTOR VEHICLE IN TRANSPORT,MM 55 1 I 24,NASHVILLE,TN,37211,8602,SOUTH,36.0928,-86.7055,POINT (-86.7055 36.0928)
20190477900,06/24/2019 04:30:00 PM,2,0,0,,N,330413,11,Front to Rear,21,CLEAR,1,DAYLIGHT,12,MOTOR VEHICLE IN TRANSPORT,OLD HICKORY BLVD & HICKORY TRACE DR,NASHVILLE,TN,37211,8651,MIDTOW,36.0454,-86.7185,POINT (-86.7185 36.0454)
20190253109,04/02/2019 06:19:00 AM,2,0,0,,N,298859,11,Front to Rear,21,CLEAR,1,DAYLIGHT,12,MOTOR VEHICLE IN TRANSPORT,MM 214 0 I 40,NASHVILLE,TN,37217,88020,HERMIT,36.1417,-86.7137,POINT (-86.7137 36.1417)
20190523238,07/12/2019 05:48:00 PM,2,0,0,,Y,299266,11,Front to Rear,21,CLEAR,1,DAYLIGHT,12,MOTOR VEHICLE IN TRANSPORT,HAYWOOD LN & ANTIOCH PKE,NASHVILLE,TN,37211,8851,SOUTH,36.0702,-86.6848,POINT (-86.6848 36.0702)
20190209806,03/18/2019 08:49:00 AM,3,0,0,,N,191578,11,Front to Rear,21,CLEAR,1,DAYLIGHT,12,MOTOR VEHICLE IN TRANSPORT,MM 212 2 I 40,NASHVILLE,TN,37210,90041,HERMIT,36.1458,-86.7414,POINT (-86.7414 36.1458)
20190034387,01/14/2019 08:00:00 AM,1,1,0,Y,N,226622,0,NOT COLLISION W/MOTOR VEHICLE-TRANSPORT,22,CLOUDY,1,DAYLIGHT,24;63;64,GUARDRAIL FACE;Ran Off Road-Right;Ran Off Road-Left,MM 195 3 I 40,NASHVILLE,TN,37221,4704,WEST,36.0743,-86.9721,POINT (-86.9721 36.0743)
20190492072,06/29/2019 12:00:00 AM,2,0,0,,Y,330441,6,SIDESWIPE - OPPOSITE DIRECTION,21,CLEAR,2,DARK - NOT LIGHTED,12;14,MOTOR VEHICLE IN TRANSPORT;PARKED MOTOR VEHICLE,WESTWOOD AV & 26TH AVS,NASHVILLE,TN,37212,5911,MIDTOW,36.1269,-86.8084,POINT (-86.8084 36.1269)
20190237055,03/27/2019 07:23:00 AM,2,0,0,,N,716886,11,Front to Rear,21,CLEAR,1,DAYLIGHT,12,MOTOR VEHICLE IN TRANSPORT,NOLENSVILLE PKE & HARDING PL,NASHVILLE,TN,37211,8445,SOUTH,36.0809,-86.7267,POINT (-86.7267 36.0809)
20190267430,04/07/2019 11:45:00 AM,1,0,0,Y,N,572251,0,NOT COLLISION W/MOTOR VEHICLE-TRANSPORT,2,RAIN,1,DAYLIGHT,30,UTILITY POLE,GALLATIN PKES & LAKEWOOD DR,MADISON,TN,37115,1517,MADISO,36.2434,-86.7229,POINT (-86.7229 36.2434)
20190329601,04/29/2019 04:50:00 PM,2,0,0,,N,298860,11,Front to Rear,21,CLEAR,1,DAYLIGHT,12,MOTOR VEHICLE IN TRANSPORT,OLD LEBANON DIRT RD & TULIP GROVE RD,HERMITAGE,TN,37076,9559,HERMIT,36.1891,-86.5936,POINT (-86.5936 36.1891)
20190203622,03/15/2019 04:11:00 PM,2,1,0,,N,212338,2,HEAD-ON,21,CLEAR,1,DAYLIGHT,12;6,MOTOR VEHICLE IN TRANSPORT,HARDING PL & SHADESCREST DR,NASHVILLE,TN,37211,8607,MIDTOW,36.0771,-86.7366,POINT (-86.7366 36.0771)
20190578399,08/03/2019 12:00:00 AM,2,0,0,,Y,110094,6,SIDESWIPE - OPPOSITE DIRECTION,21,CLEAR,3,DARK - LIGHTED,14;55,PARKED MOTOR VEHICLE;Motor Vehicle-In-Motion Outside Trafficw,CHARLOTTE AV & 5TH AVN,NASHVILLE,TN,37219,4203,CENTRA,36.1659,-86.7819,POINT (-86.7819 36.1659)
20190339108,05/02/2019 11:30:00 PM,1,0,0,Y,N,311326,0,NOT COLLISION W/MOTOR VEHICLE-TRANSPORT,21,CLEAR,3,DARK - LIGHTED,19,BUILDING,CLARKSVILLE PKE & 26TH AVN,NASHVILLE,TN,37208,4421,NORTH,36.1864,-86.8188,POINT (-86.8188 36.1864)
20190240680,03/28/2019 01:25:00 PM,2,0,0,,N,414730,4,ANGLE,21,CLEAR,1,DAYLIGHT,12,MOTOR VEHICLE IN TRANSPORT,CHARLOTTE PKE & BROOK HOLLOW RD,NASHVILLE,TN,37205,5011,WEST,36.1354,-86.8864,POINT (-86.8864 36.1354)
20190256962,04/03/2019 12:25:00 PM,3,1,0,,N,676834,4,ANGLE,21,CLEAR,1,DAYLIGHT,12,MOTOR VEHICLE IN TRANSPORT,DR WALTER S DAVIS BLVD & SCHRADER LN,NASHVILLE,TN,37209,4503,NORTH,36.1727,-86.8253,POINT (-86.8253 36.1727)
20190410473,05/29/2019 02:43:00 PM,2,1,0,,N,256383,11,Front to Rear,21,CLEAR,1,DAYLIGHT,12,MOTOR VEHICLE IN TRANSPORT,OCALA DR & BROOK VIEW ESTATES DR,NASHVILLE,TN,37211,8717,SOUTH,36.0502,-86.6959,POINT (-86.6959 36.0502)
20190344216,05/05/2019 02:50:00 AM,2,0,0,,Y,298859,5,SIDESWIPE - SAME DIRECTION,2,RAIN,2,DARK - NOT LIGHTED,12;14,MOTOR VEHICLE IN TRANSPORT;PARKED MOTOR VEHICLE,TIMBER VALLEY DR & HAMMACK CT,NASHVILLE,TN,37214,8991,HERMIT,36.1315,-86.6375,POINT (-86.6375 36.1315)
20190012137,01/05/2019 03:28:00 PM,2,0,0,,N,279124,11,Front to Rear,21,CLEAR,1,DAYLIGHT,12,MOTOR VEHICLE IN TRANSPORT,BELL RD & I24 E ENT RAMP,ANTIOCH,TN,37013,8751,SOUTH,36.0449,-86.6597,POINT (-86.6597 36.0449)
20190289483,04/15/2019 04:48:00 PM,2,0,0,,N,256389,11,Front to Rear,21,CLEAR,1,DAYLIGHT,12,MOTOR VEHICLE IN TRANSPORT,OLD HICKORY BLVD & DERBY GLEN LN,NASHVILLE,TN,37215,6305,MIDTOW,36.0425,-86.838,POINT (-86.838 36.0425)