Accident Number,Date and Time,Number of Motor Vehicles,Number of Injuries,Number of Fatalities,Property Damage,Hit and Run,Reporting Officer,Collision Type Code,Collision Type Description,Weather Code,Weather Description,Illumination Code,Illumination Description,Harmful Code,Harmful Code Description,Street Address,City,State,ZIP,RPA,Precinct,Latitude,Longitude,Mapped Location
20190338999,05/02/2019 12:00:00 AM,2,0,0,,N,311333,4,ANGLE,22,CLOUDY,1,DAYLIGHT,12,MOTOR VEHICLE IN TRANSPORT,CANE RIDGE RD & MOUNTAINHIGH DR,ANTIOCH,TN,37013,8751,SOUTH,36.039,-86.6591,POINT (-86.6591 36.039)
20190524077,07/13/2019 03:10:00 AM,2,0,0,,Y,330441,4,ANGLE,21,CLEAR,3,DARK - LIGHTED,12,MOTOR VEHICLE IN TRANSPORT,MUSIC SQE & DIVISION ST,NASHVILLE,TN,37203,6733,MIDTOW,36.1518,-86.7916,POINT (-86.7916 36.1518)
20190248938,03/31/2019 12:00:00 AM,1,0,0,Y,N,299258,0,NOT COLLISION W/MOTOR VEHICLE-TRANSPORT,21,CLEAR,1,DAYLIGHT,20;30,IMPACT ATTENUATOR;UTILITY POLE,OLD HICKORY BLVD & BURGESS RD,WHITES CREEK,TN,37189,3305,NORTH,36.2779,-86.8538,POINT (-86.8538 36.2779)
20190560027,07/27/2019 01:35:00 PM,2,0,0,,N,320585,11,Front to Rear,21,CLEAR,1,DAYLIGHT,12,MOTOR VEHICLE IN TRANSPORT,BRILEY PKWYS & BRILEY PKWYN,NASHVILLE,TN,37218,3212,NORTH,36.2142,-86.8724,POINT (-86.8724 36.2142)
20190306669,04/21/2019 02:04:00 PM,2,0,0,,N,579971,4,ANGLE,21,CLEAR,1,DAYLIGHT,12,MOTOR VEHICLE IN TRANSPORT,NOLENSVILLE PKE & CONCORD RD,NASHVILLE,TN,37211,8651,MIDTOW,36.0042,-86.6916,POINT (-86.6916 36.0042)
20190579293,08/04/2019 11:00:00 AM,1,0,0,Y,N,538214,0,NOT COLLISION W/MOTOR VEHICLE-TRANSPORT,21,CLEAR,1,DAYLIGHT,30,UTILITY POLE,I40 W EXT RAMP & I 40,NASHVILLE,TN,37203,4119,CENTRA,36.1574,-86.79,POINT (-86.79 36.1574)
20190312940,04/23/2019 12:58:00 PM,2,0,0,,N,267831,11,Front to Rear,22,CLOUDY,1,DAYLIGHT,12,MOTOR VEHICLE IN TRANSPORT,WHITE BRIDGE PKE & POST RD,NASHVILLE,TN,37205,5017,WEST,36.1281,-86.8522,POINT (-86.8522 36.1281)
20190459067,06/17/2019 08:15:00 AM,2,2,0,,N,594473,2,HEAD-ON,21,CLEAR,1,DAYLIGHT,12,MOTOR VEHICLE IN TRANSPORT,21ST AVS & MEDICAL CENTER DR,NASHVILLE,TN,37240,5805,MIDTOW,36.1425,-86.8001,POINT (-86.8001 36.1425)
20190104025,02/07/2019 07:49:00 PM,2,0,0,,N,256505,4,ANGLE,2,RAIN,3,DARK - LIGHTED,12,MOTOR VEHICLE IN TRANSPORT,PORTLAND AV & MAGNOLIA BLVD,NASHVILLE,TN,37212,6607,MIDTOW,36.1332,-86.8013,POINT (-86.8013 36.1332)
20190207900,03/17/2019 01:28:00 PM,2,1,0,,N,311325,11,Front to Rear,21,CLEAR,1,DAYLIGHT,12,MOTOR VEHICLE IN TRANSPORT,MM 210 4 I 40,NASHVILLE,TN,37210,80022,SOUTH,36.1511,-86.7695,POINT (-86.7695 36.1511)
20190460006,06/17/2019 02:45:00 PM,2,0,0,,N,134899,11,Front to Rear,21,CLEAR,1,DAYLIGHT,12,MOTOR VEHICLE IN TRANSPORT,MM 214 6 I 40,NASHVILLE,TN,37210,90060,HERMIT,36.1437,-86.7027,POINT (-86.7027 36.1437)
20190394957,05/23/2019 04:32:00 PM,2,0,0,,N,256426,4,ANGLE,21,CLEAR,1,DAYLIGHT,12,MOTOR VEHICLE IN TRANSPORT,ELM HILL PKE & ARLINGTON AV,NASHVILLE,TN,37210,9013,HERMIT,36.1437,-86.7319,POINT (-86.7319 36.1437)
20190537199,07/18/2019 12:34:00 PM,2,0,0,,N,594473,5,SIDESWIPE - SAME DIRECTION,22,CLOUDY,1,DAYLIGHT,12;43,MOTOR VEHICLE IN TRANSPORT;OTHER FIXED OBJECTS,21ST AVN & STATE ST,NASHVILLE,TN,37203,5509,MIDTOW,36.1534,-86.8034,POINT (-86.8034 36.1534)
20190184439,03/08/2019 01:52:00 PM,2,0,0,,N,311804,11,Front to Rear,2,RAIN,1,DAYLIGHT,12,MOTOR VEHICLE IN TRANSPORT,MM 208 0 I 40,NASHVILLE,TN,37208,54022,NORTH,36.1707,-86.7983,POINT (-86.7983 36.1707)
20190260371,04/04/2019 03:20:00 PM,2,0,0,,Y,240970,11,Front to Rear,22,CLOUDY,1,DAYLIGHT,12,MOTOR VEHICLE IN TRANSPORT,HARDING PL & TAMPA DR,NASHVILLE,TN,37211,8705,SOUTH,36.0827,-86.7105,POINT (-86.7105 36.0827)
20190502311,07/03/2019 06:39:00 PM,1,2,0,,Y,717341,0,NOT COLLISION W/MOTOR VEHICLE-TRANSPORT,21,CLEAR,1,DAYLIGHT,36;7,CONCRETE TRAFFIC BARRIER,MM 58 9 I 24,ANTIOCH,TN,37013,87061,SOUTH,36.0494,-86.6662,POINT (-86.6662 36.0494)
20190549983,07/23/2019 04:38:00 PM,2,1,0,,N,256426,2,HEAD-ON,21,CLEAR,1,DAYLIGHT,12,MOTOR VEHICLE IN TRANSPORT,ELM HILL PKE & MASSMAN DR,NASHVILLE,TN,37210,9017,HERMIT,36.1449,-86.711,POINT (-86.711 36.1449)
20190149777,02/24/2019 10:53:00 AM,2,1,0,,N,834798,11,Front to Rear,21,CLEAR,1,DAYLIGHT,12,MOTOR VEHICLE IN TRANSPORT,8TH AVS & WEDGEWOOD AV,NASHVILLE,TN,37203,6959,MIDTOW,36.1345,-86.7791,POINT (-86.7791 36.1345)
20190168142,03/03/2019 02:59:00 AM,1,0,0,Y,Y,197059,0,NOT COLLISION W/MOTOR VEHICLE-TRANSPORT,22,CLOUDY,3,DARK - LIGHTED,42;43,TREE;OTHER FIXED OBJECTS,HILLSIDE AV & WADE AV,NASHVILLE,TN,37203,6905,MIDTOW,36.1363,-86.7837,POINT (-86.7837 36.1363)
20190022722,01/09/2019 05:23:00 PM,2,0,0,,N,256423,98,OTHER,21,CLEAR,3,DARK - LIGHTED,12,MOTOR VEHICLE IN TRANSPORT,BUENA VISTA PKE & CLIFF DR,NASHVILLE,TN,37218,3135,NORTH,36.1971,-86.8281,POINT (-86.8281 36.1971)
20190009091,01/04/2019 09:39:00 AM,2,0,0,,N,226136,2,HEAD-ON,2,RAIN,1,DAYLIGHT,12,MOTOR VEHICLE IN TRANSPORT,EDMONDSON PKE & HOLT RD,BRENTWOOD,TN,37027,8623,MIDTOW,36.0138,-86.7383,POINT (-86.7383 36.0138)
20190356375,05/09/2019 01:18:00 PM,2,0,0,,Y,226622,11,Front to Rear,2,RAIN,1,DAYLIGHT,12,MOTOR VEHICLE IN TRANSPORT,CHARLOTTE AV & 54TH AVN,NASHVILLE,TN,37209,5119,WEST,36.1512,-86.8534,POINT (-86.8534 36.1512)
20190208204,03/17/2019 05:04:00 PM,2,3,0,,N,256379,98,OTHER,21,CLEAR,1,DAYLIGHT,12;24,MOTOR VEHICLE IN TRANSPORT;GUARDRAIL FACE,MM 6 8 I 440,NASHVILLE,TN,37210,81040,SOUTH,36.1244,-86.7398,POINT (-86.7398 36.1244)
20190060393,01/23/2019 06:59:00 PM,2,0,0,,N,330419,4,ANGLE,2,RAIN,3,DARK - LIGHTED,12,MOTOR VEHICLE IN TRANSPORT,HIGHWAY 70S & SAWYER BROWN RD,NASHVILLE,TN,37221,4815,WEST,36.0769,-86.9452,POINT (-86.9452 36.0769)
20190178636,03/06/2019 04:23:00 PM,2,1,0,,N,306230,4,ANGLE,21,CLEAR,1,DAYLIGHT,12,MOTOR VEHICLE IN TRANSPORT,OLD CLARKSVILLE PKE & EATONS CREEK RD,JOELTON,TN,37080,3307,NORTH,36.3163,-86.8766,POINT (-86.8766 36.3163)
20190578022,08/03/2019 08:30:00 PM,1,1,0,,N,330444,0,NOT COLLISION W/MOTOR VEHICLE-TRANSPORT,22,CLOUDY,2,DARK - NOT LIGHTED,5,,MM 81 7 I 65,NASHVILLE,TN,37203,8006,MIDTOW,36.1384,-86.7758,POINT (-86.7758 36.1384)
20190557101,07/26/2019 07:45:00 AM,2,0,0,,N,462474,4,ANGLE,21,CLEAR,1,DAYLIGHT,12,MOTOR VEHICLE IN TRANSPORT,TROUSDALE DR & ARROWWOOD DR,NASHVILLE,TN,37220,8601,MIDTOW,36.0701,-86.7587,POINT (-86.7587 36.0701)
20190208012,03/17/2019 02:02:00 PM,2,0,0,,N,330413,11,Front to Rear,21,CLEAR,1,DAYLIGHT,12,MOTOR VEHICLE IN TRANSPORT,MM 5 3 I 440,NASHVILLE,TN,37204,81061,MIDTOW,36.1194,-86.7669,POINT (-86.7669 36.1194)
20190259441,04/04/2019 08:23:00 AM,2,0,0,,N,633385,11,Front to Rear,21,CLEAR,1,DAYLIGHT,12,MOTOR VEHICLE IN TRANSPORT,MM 62 7 I 24,ANTIOCH,TN,37013,8804,SOUTH,36.0129,-86.6187,POINT (-86.6187 36.0129)
20190096431,02/05/2019 10:00:00 AM,2,0,0,,N,714648,4,ANGLE,22,CLOUDY,1,DAYLIGHT,12,MOTOR VEHICLE IN TRANSPORT,W TRINITY LN & LUCAS LN,NASHVILLE,TN,37207,1863,EAST,36.2061,-86.7711,POINT (-86.7711 36.2061)
20190502370,07/03/2019 06:04:00 PM,3,0,0,,N,197054,11,Front to Rear,21,CLEAR,1,DAYLIGHT,12,MOTOR VEHICLE IN TRANSPORT,MM 215 8 I 40,NASHVILLE,TN,37217,89020,HERMIT,36.1424,-86.6815,POINT (-86.6815 36.1424)
20190308488,04/22/2019 08:22:00 AM,2,0,0,,N,226622,4,ANGLE,21,CLEAR,1,DAYLIGHT,12,MOTOR VEHICLE IN TRANSPORT,CENTENNIAL BLVD & 62ND AVN,NASHVILLE,TN,37209,4617,WEST,36.1688,-86.8612,POINT (-86.8612 36.1688)
20190097741,02/05/2019 06:01:00 PM,2,0,0,,Y,,5,SIDESWIPE - SAME DIRECTION,21,CLEAR,3,DARK - LIGHTED,12,MOTOR VEHICLE IN TRANSPORT,MM 85 2 I 65,NASHVILLE,TN,37208,4404,NORTH,36.1833,-86.7989,POINT (-86.7989 36.1833)
20190112029,02/11/2019 06:32:00 AM,3,0,0,,N,109534,11,Front to Rear,22,CLOUDY,3,DARK - LIGHTED,12,MOTOR VEHICLE IN TRANSPORT,MM 213 9 I 40,NASHVILLE,TN,37217,8802,HERMIT,36.1415,-86.7148,POINT (-86.7148 36.1415)
20190483564,06/26/2019 04:15:00 PM,1,0,0,Y,Y,279211,0,NOT COLLISION W/MOTOR VEHICLE-TRANSPORT,21,CLEAR,1,DAYLIGHT,31;72,"OTHER POST, POLE, SUPP.;EMBANKMENT ROCK/STONE/CONCRETE",DRY CREEK RD & HILLS HOLLOW RD,GOODLETTSVILLE,TN,37072,2125,MADISO,36.3035,-86.7413,POINT (-86.7413 36.3035)
20190028379,01/11/2019 04:55:00 PM,2,0,0,,N,311798,5,SIDESWIPE - SAME DIRECTION,21,CLEAR,5,DUSK,12,MOTOR VEHICLE IN TRANSPORT,ROSA L PARKS BLVD & I65 N ENT RAMP,NASHVILLE,TN,37208,4353,NORTH,36.184,-86.798,POINT (-86.798 36.184)
20190454874,06/15/2019 09:03:00 AM,2,0,0,,Y,876581,4,ANGLE,21,CLEAR,1,DAYLIGHT,12,MOTOR VEHICLE IN TRANSPORT,TWIN HILLS DR & GALLATIN PKEN,MADISON,TN,37115,1731,MADISO,36.3021,-86.6927,POINT (-86.6927 36.3021)
20190348052,05/06/2019 05:43:00 PM,2,0,0,,N,256446,4,ANGLE,21,CLEAR,1,DAYLIGHT,12,MOTOR VEHICLE IN TRANSPORT,MURFREESBORO PKE & HAMILTON CROSSINGS,ANTIOCH,TN,37013,8865,SOUTH,36.0655,-86.6292,POINT (-86.6292 36.0655)
20190549374,07/23/2019 11:50:00 AM,2,0,0,,N,716886,5,SIDESWIPE - SAME DIRECTION,21,CLEAR,1,DAYLIGHT,12,MOTOR VEHICLE IN TRANSPORT,MM 6 5 I 440,NASHVILLE,TN,37210,81040,SOUTH,36.1242,-86.7451,POINT (-86.7451 36.1242)
20190139813,02/20/2019 09:20:00 PM,2,0,0,,N,256417,11,Front to Rear,21,CLEAR,2,DARK - NOT LIGHTED,12,MOTOR VEHICLE IN TRANSPORT,I40 E EXT RAMP & OLD HICKORY BLVD,HERMITAGE,TN,37076,9527,HERMIT,36.1696,-86.601,POINT (-86.601 36.1696)
20190069377,01/26/2019 11:30:00 PM,2,0,0,,N,191573,5,SIDESWIPE - SAME DIRECTION,21,CLEAR,3,DARK - LIGHTED,12,MOTOR VEHICLE IN TRANSPORT,1ST AVS & KOREAN VETERANS BLVD,NASHVILLE,TN,37201,4051,CENTRA,36.1584,-86.772,POINT (-86.772 36.1584)
20190385419,05/20/2019 03:00:00 PM,2,0,0,,Y,352164,5,SIDESWIPE - SAME DIRECTION,21,CLEAR,1,DAYLIGHT,12,MOTOR VEHICLE IN TRANSPORT,KNAPP BLVD & DONELSON PKE,NASHVILLE,TN,37217,8951,HERMIT,36.1097,-86.6715,POINT (-86.6715 36.1097)
20190004492,01/02/2019 05:54:00 PM,5,0,0,,N,151132,11,Front to Rear,2,RAIN,3,DARK - LIGHTED,12,MOTOR VEHICLE IN TRANSPORT,BRILEY PKWYW & BRICK CHURCH PKE,NASHVILLE,TN,37207,2014,MADISO,36.2384,-86.7816,POINT (-86.7816 36.2384)
20190539866,07/19/2019 01:00:00 PM,3,0,0,,N,352184,11,Front to Rear,21,CLEAR,1,DAYLIGHT,12,MOTOR VEHICLE IN TRANSPORT,MM 48 9 I 24,NASHVILLE,TN,37213,1104,CENTRA,36.1676,-86.7656,POINT (-86.7656 36.1676)
20190452027,06/14/2019 07:19:00 AM,2,0,0,,Y,240952,11,Front to Rear,21,CLEAR,1,DAYLIGHT,12,MOTOR VEHICLE IN TRANSPORT,I24 E EXT RAMP & I 24,NASHVILLE,TN,37207,30080,NORTH,36.2378,-86.7872,POINT (-86.7872 36.2378)
20190516677,07/10/2019 08:14:00 AM,2,0,0,,N,109534,11,Front to Rear,21,CLEAR,1,DAYLIGHT,12,MOTOR VEHICLE IN TRANSPORT,MM 211 9 I 40,NASHVILLE,TN,37210,90022,HERMIT,36.1487,-86.7459,POINT (-86.7459 36.1487)
20190569542,07/31/2019 01:59:00 PM,2,0,0,,N,716886,11,Front to Rear,21,CLEAR,1,DAYLIGHT,12,MOTOR VEHICLE IN TRANSPORT,RICHARDS RD & DELIA DR,ANTIOCH,TN,37013,8893,SOUTH,36.0689,-86.6798,POINT (-86.6798 36.0689)
20190254532,04/02/2019 05:20:00 PM,2,0,0,,Y,714641,11,Front to Rear,21,CLEAR,1,DAYLIGHT,12,MOTOR VEHICLE IN TRANSPORT,JAMES ROBERTSON PKWY & WOODLAND ST,NASHVILLE,TN,37213,1101,CENTRA,36.1686,-86.7763,POINT (-86.7763 36.1686)
20190407195,05/28/2019 01:05:00 PM,1,0,0,,N,716886,0,NOT COLLISION W/MOTOR VEHICLE-TRANSPORT,21,CLEAR,1,DAYLIGHT,36,CONCRETE TRAFFIC BARRIER,MM 55 7 I 24,NASHVILLE,TN,37211,86020,SOUTH,36.086,-86.7002,POINT (-86.7002 36.086)
20190564495,07/29/2019 02:59:00 PM,1,0,0,Y,N,320582,0,NOT COLLISION W/MOTOR VEHICLE-TRANSPORT,21,CLEAR,1,DAYLIGHT,31,"OTHER POST, POLE, SUPP.",N 9TH ST & MARINA ST,NASHVILLE,TN,37206,1941,EAST,36.1806,-86.7589,POINT (-86.7589 36.1806)
20190132878,02/18/2019 03:26:00 PM,2,0,0,,Y,725756,4,ANGLE,21,CLEAR,1,DAYLIGHT,12,MOTOR VEHICLE IN TRANSPORT,HIGHWAY 70S & BELLEVUE VALLEY PLAZA PVTD,NASHVILLE,TN,37221,4901,WEST,36.0754,-86.9181,POINT (-86.9181 36.0754)
20190443939,06/11/2019 12:33:00 PM,2,0,0,,N,714641,5,SIDESWIPE - SAME DIRECTION,21,CLEAR,1,DAYLIGHT,12,MOTOR VEHICLE IN TRANSPORT,3RD AVN & BROADWAY,NASHVILLE,TN,37201,4105,CENTRA,36.1621,-86.7764,POINT (-86.7764 36.1621)
20190392059,05/22/2019 12:00:00 AM,2,0,0,,Y,298861,11,Front to Rear,21,CLEAR,5,DUSK,12,MOTOR VEHICLE IN TRANSPORT,MURFREESBORO PKE & BELL RD,NASHVILLE,TN,37217,8939,HERMIT,36.0901,-86.6581,POINT (-86.6581 36.0901)
20190297839,04/18/2019 03:04:00 AM,2,3,0,,N,468097,2,HEAD-ON,21,CLEAR,3,DARK - LIGHTED,1;12;24,MOTOR VEHICLE IN TRANSPORT;GUARDRAIL FACE,DONELSON PKE & BNA DR,NASHVILLE,TN,37214,8953,HERMIT,36.1345,-86.6635,POINT (-86.6635 36.1345)
20190209537,03/18/2019 06:45:00 AM,3,1,0,,N,224464,11,Front to Rear,21,CLEAR,1,DAYLIGHT,12,MOTOR VEHICLE IN TRANSPORT,MM 206 8 I 40,NASHVILLE,TN,37208,44022,NORTH,36.1684,-86.8148,POINT (-86.8148 36.1684)
20190470446,06/21/2019 07:06:00 AM,2,0,0,,N,462474,5,SIDESWIPE - SAME DIRECTION,21,CLEAR,1,DAYLIGHT,12,MOTOR VEHICLE IN TRANSPORT,MM 5 3 I 440,NASHVILLE,TN,37204,81061,MIDTOW,36.1194,-86.7669,POINT (-86.7669 36.1194)
20190085980,02/01/2019 09:10:00 AM,2,0,0,,Y,716886,5,SIDESWIPE - SAME DIRECTION,2,RAIN,1,DAYLIGHT,12,MOTOR VEHICLE IN TRANSPORT,ANTIOCH PKE & HARDING PL,NASHVILLE,TN,37211,8847,SOUTH,36.0874,-86.6922,POINT (-86.6922 36.0874)
20190124969,02/15/2019 08:18:00 AM,2,0,0,,N,594473,11,Front to Rear,21,CLEAR,1,DAYLIGHT,12,MOTOR VEHICLE IN TRANSPORT,MM 79 7 I 65,NASHVILLE,TN,37204,8504,MIDTOW,36.1092,-86.7698,POINT (-86.7698 36.1092)
20190378212,05/17/2019 01:30:00 PM,2,1,0,,N,226136,4,ANGLE,22,CLOUDY,1,DAYLIGHT,12,MOTOR VEHICLE IN TRANSPORT,THOMPSON LN & LANDERS AV,NASHVILLE,TN,37211,8521,MIDTOW,36.1112,-86.7487,POINT (-86.7487 36.1112)
20190032325,01/13/2019 10:36:00 AM,1,0,0,,N,161952,0,NOT COLLISION W/MOTOR VEHICLE-TRANSPORT,2,RAIN,1,DAYLIGHT,36,CONCRETE TRAFFIC BARRIER,MM 86 3 I 65,NASHVILLE,TN,37207,1910,CENTRA,36.1919,-86.7808,POINT (-86.7808 36.1919)
20190363241,05/12/2019 06:58:00 AM,1,0,0,Y,N,812949,0,NOT COLLISION W/MOTOR VEHICLE-TRANSPORT,2,RAIN,1,DAYLIGHT,24,GUARDRAIL FACE,MM 88 5 I 65,NASHVILLE,TN,37207,30040,NORTH,36.2237,-86.7746,POINT (-86.7746 36.2237)
20190046402,01/18/2019 07:59:00 AM,2,0,0,,Y,876577,5,SIDESWIPE - SAME DIRECTION,22,CLOUDY,1,DAYLIGHT,12,MOTOR VEHICLE IN TRANSPORT,EAST RIDGE DR & HAYWOOD LN,NASHVILLE,TN,37211,8707,SOUTH,36.07,-86.6988,POINT (-86.6988 36.07)
20190059755,01/23/2019 02:00:00 PM,2,0,0,,Y,226136,4,ANGLE,2,RAIN,1,DAYLIGHT,12,MOTOR VEHICLE IN TRANSPORT,17TH AVS & WEST END AV,NASHVILLE,TN,37203,5707,MIDTOW,36.1538,-86.7944,POINT (-86.7944 36.1538)
20190420551,06/02/2019 11:57:00 AM,2,0,0,,N,311331,4,ANGLE,21,CLEAR,1,DAYLIGHT,12,MOTOR VEHICLE IN TRANSPORT,EASTLAND AV & N 12TH ST,NASHVILLE,TN,37206,1243,EAST,36.1836,-86.7467,POINT (-86.7467 36.1836)
20190251287,04/01/2019 03:09:00 PM,2,0,0,,N,212346,4,ANGLE,,,1,DAYLIGHT,14,PARKED MOTOR VEHICLE,UNION ST & UNION ST EXT RAMP,NASHVILLE,TN,37201,4135,CENTRA,36.1659,-86.7779,POINT (-86.7779 36.1659)
20190281838,04/12/2019 02:37:00 PM,2,1,0,,N,240955,11,Front to Rear,22,CLOUDY,1,DAYLIGHT,12,MOTOR VEHICLE IN TRANSPORT,MURFREESBORO PKE & HAMILTON CHURCH RD,ANTIOCH,TN,37013,8865,SOUTH,36.0649,-86.6286,POINT (-86.6286 36.0649)
20190114735,02/12/2019 03:17:00 AM,1,0,0,,N,279195,0,NOT COLLISION W/MOTOR VEHICLE-TRANSPORT,2,RAIN,2,DARK - NOT LIGHTED,20,IMPACT ATTENUATOR,CENTRAL PKE ENT RAMP & I 40,HERMITAGE,TN,37076,95100,HERMIT,36.171,-86.6062,POINT (-86.6062 36.171)
20190145181,02/22/2019 01:27:00 PM,2,0,0,,Y,909494,5,SIDESWIPE - SAME DIRECTION,2,RAIN,1,DAYLIGHT,12,MOTOR VEHICLE IN TRANSPORT,MM 48 0 I 24,NASHVILLE,TN,37213,1908,CENTRA,36.1759,-86.7721,POINT (-86.7721 36.1759)
20190379171,05/17/2019 08:22:00 PM,2,0,0,,N,330425,11,Front to Rear,21,CLEAR,3,DARK - LIGHTED,12,MOTOR VEHICLE IN TRANSPORT,NEELYS BEND RD & ARGLE AV,MADISON,TN,37115,1605,MADISO,36.256,-86.7123,POINT (-86.7123 36.256)
20190576445,08/03/2019 01:40:00 AM,2,0,0,,N,256493,4,ANGLE,21,CLEAR,3,DARK - LIGHTED,14,PARKED MOTOR VEHICLE,HAROLD DR & PATRICIA DR,NASHVILLE,TN,37217,8825,HERMIT,36.1312,-86.7059,POINT (-86.7059 36.1312)
20190512529,07/08/2019 04:45:00 PM,2,3,0,,N,330443,11,Front to Rear,21,CLEAR,1,DAYLIGHT,12,MOTOR VEHICLE IN TRANSPORT,DULING AV & GALLATIN PKEN,MADISON,TN,37115,1701,MADISO,36.2659,-86.711,POINT (-86.711 36.2659)
20190245724,03/30/2019 05:55:00 AM,2,1,0,,Y,462474,0,NOT COLLISION W/MOTOR VEHICLE-TRANSPORT,21,CLEAR,3,DARK - LIGHTED,18,OTHER OBJECT (NOT FIXED),OLD HICKORY BLVD & BARRINGTON PLACE DR,BRENTWOOD,TN,37027,8621,MIDTOW,36.0397,-86.7565,POINT (-86.7565 36.0397)
20190030984,01/12/2019 06:45:00 PM,2,0,0,,N,256412,11,Front to Rear,2,RAIN,2,DARK - NOT LIGHTED,12,MOTOR VEHICLE IN TRANSPORT,0 NOLENSVILLE PKE,NASHVILLE,TN,37211,8655,MIDTOW,36.0566,-86.7158,POINT (-86.7158 36.0566)
20190567467,07/30/2019 04:00:00 PM,2,0,0,,N,109519,5,SIDESWIPE - SAME DIRECTION,2,RAIN,1,DAYLIGHT,12,MOTOR VEHICLE IN TRANSPORT,HARDING PL & TROUSDALE DR,NASHVILLE,TN,37220,8601,MIDTOW,36.0811,-86.7584,POINT (-86.7584 36.0811)
20190567390,07/30/2019 06:13:00 PM,2,0,0,,Y,279124,11,Front to Rear,2,RAIN,1,DAYLIGHT,12,MOTOR VEHICLE IN TRANSPORT,MT VIEW RD & HICKORY HOLLOW PKWY,ANTIOCH,TN,37013,8859,SOUTH,36.0588,-86.6705,POINT (-86.6705 36.0588)
20190226620,03/23/2019 05:15:00 PM,2,1,0,,N,311328,5,SIDESWIPE - SAME DIRECTION,21,CLEAR,1,DAYLIGHT,12,MOTOR VEHICLE IN TRANSPORT,MM 209 8 I 40,NASHVILLE,TN,37203,4004,CENTRA,36.149,-86.7794,POINT (-86.7794 36.149)
20190494713,07/01/2019 04:42:00 AM,1,1,0,Y,N,299245,0,NOT COLLISION W/MOTOR VEHICLE-TRANSPORT,21,CLEAR,3,DARK - LIGHTED,1,,I24 W ENT RAMP & I 24,NASHVILLE,TN,37206,1009,EAST,36.1666,-86.7638,POINT (-86.7638 36.1666)
20190224512,03/22/2019 07:37:00 PM,2,0,0,,Y,298867,5,SIDESWIPE - SAME DIRECTION,21,CLEAR,2,DARK - NOT LIGHTED,12,MOTOR VEHICLE IN TRANSPORT,CAHAL AV & MARTHA AV,NASHVILLE,TN,37206,1883,EAST,36.1968,-86.7451,POINT (-86.7451 36.1968)
20190089515,02/02/2019 04:45:00 PM,1,1,0,,N,212344,0,NOT COLLISION W/MOTOR VEHICLE-TRANSPORT,21,CLEAR,1,DAYLIGHT,8,PEDESTRIAN,GALLATIN AV & EASTLAND AV,NASHVILLE,TN,37206,1243,EAST,36.1838,-86.7484,POINT (-86.7484 36.1838)
20190576831,08/03/2019 06:40:00 AM,2,0,0,,Y,320575,4,ANGLE,21,CLEAR,1,DAYLIGHT,12,MOTOR VEHICLE IN TRANSPORT,MARGO LN & WILLARD DR,NASHVILLE,TN,37211,8707,SOUTH,36.0737,-86.7013,POINT (-86.7013 36.0737)
20190184176,03/08/2019 11:45:00 AM,2,0,0,,N,191578,11,Front to Rear,2,RAIN,1,DAYLIGHT,12,MOTOR VEHICLE IN TRANSPORT,MM 211 7 I 40,NASHVILLE,TN,37210,82042,HERMIT,36.1499,-86.7483,POINT (-86.7483 36.1499)
20190932488,12/31/2019 06:58:00 PM,2,2,0,,N,717341,11,Front to Rear,21,CLEAR,3,DARK - LIGHTED,12,MOTOR VEHICLE IN TRANSPORT,BELL RD & CAMBRIDGE APTS PVTDR,ANTIOCH,TN,37013,8865,SOUTH,36.0592,-86.6413,POINT (-86.6413 36.0592)
20190642283,08/28/2019 11:53:00 AM,2,0,0,,N,755026,11,Front to Rear,21,CLEAR,1,DAYLIGHT,12,MOTOR VEHICLE IN TRANSPORT,MM 6 8 I 440,NASHVILLE,TN,37210,81040,SOUTH,36.1244,-86.7398,POINT (-86.7398 36.1244)
20190795689,11/01/2019 08:42:00 AM,2,0,0,,Y,179602,2,HEAD-ON,21,CLEAR,1,DAYLIGHT,12,MOTOR VEHICLE IN TRANSPORT,OLD HICKORY BLVD & WHITES CREEK PKE,WHITES CREEK,TN,37189,3229,NORTH,36.2657,-86.8309,POINT (-86.8309 36.2657)
20190600914,08/12/2019 04:33:00 PM,2,2,0,,N,256380,4,ANGLE,21,CLEAR,1,DAYLIGHT,12,MOTOR VEHICLE IN TRANSPORT,18TH AVN & MCKINNEY AV,NASHVILLE,TN,37208,4435,NORTH,36.1876,-86.8123,POINT (-86.8123 36.1876)
20190925033,12/28/2019 01:02:00 AM,2,0,0,,Y,256377,11,Front to Rear,21,CLEAR,3,DARK - LIGHTED,12,MOTOR VEHICLE IN TRANSPORT,BELL RD & STEWARTS FERRY PKE,NASHVILLE,TN,37214,8959,HERMIT,36.1522,-86.6251,POINT (-86.6251 36.1522)
20190607213,08/14/2019 10:37:00 PM,2,2,0,,N,110090,11,Front to Rear,21,CLEAR,3,DARK - LIGHTED,12,MOTOR VEHICLE IN TRANSPORT,CROSSINGS PL & CROSSINGS BLVD,ANTIOCH,TN,37013,8863,SOUTH,36.0444,-86.6482,POINT (-86.6482 36.0444)
20190583914,08/06/2019 09:10:00 AM,1,0,0,Y,N,716886,0,NOT COLLISION W/MOTOR VEHICLE-TRANSPORT,21,CLEAR,1,DAYLIGHT,27;33,H-WAY TRAFFIC SIGNAL POST;CURB,GROVEDALE TRC & PIN HOOK RD,ANTIOCH,TN,37013,8927,SOUTH,36.0502,-86.606,POINT (-86.606 36.0502)