Accident Number,Date and Time,Number of Motor Vehicles,Number of Injuries,Number of Fatalities,Property Damage,Hit and Run,Reporting Officer,Collision Type Code,Collision Type Description,Weather Code,Weather Description,Illumination Code,Illumination Description,Harmful Code,Harmful Code Description,Street Address,City,State,ZIP,RPA,Precinct,Latitude,Longitude,Mapped Location
20190846271,11/22/2019 02:12:00 PM,2,1,0,,N,580819,11,Front to Rear,22,CLOUDY,1,DAYLIGHT,12,MOTOR VEHICLE IN TRANSPORT,DEMONBREUN ST & 13TH AVS,NASHVILLE,TN,37203,4081,CENTRA,36.154,-86.7876,POINT (-86.7876 36.154)
20190725666,10/02/2019 06:56:00 AM,2,2,0,,N,591933,11,Front to Rear,21,CLEAR,1,DAYLIGHT,12,MOTOR VEHICLE IN TRANSPORT,MM 61 6 I 24,ANTIOCH,TN,37013,87040,SOUTH,36.0252,-86.6327,POINT (-86.6327 36.0252)
20190735123,10/06/2019 05:45:00 AM,2,0,0,,Y,,11,Front to Rear,21,CLEAR,3,DARK - LIGHTED,12;14,MOTOR VEHICLE IN TRANSPORT;PARKED MOTOR VEHICLE,7TH AVS & LEA AV,NASHVILLE,TN,37203,4023,CENTRA,36.1539,-86.7779,POINT (-86.7779 36.1539)
20190770732,10/21/2019 05:44:00 PM,2,3,0,,N,151132,4,ANGLE,22,CLOUDY,1,DAYLIGHT,1;12,MOTOR VEHICLE IN TRANSPORT,CUDE LN & GALLATIN PKEN,MADISON,TN,37115,1731,MADISO,36.2998,-86.6966,POINT (-86.6966 36.2998)
20190731928,10/04/2019 04:40:00 PM,2,0,0,,N,256423,5,SIDESWIPE - SAME DIRECTION,21,CLEAR,1,DAYLIGHT,12,MOTOR VEHICLE IN TRANSPORT,ATHENS WAY & GREAT CIRCLE RD,NASHVILLE,TN,37228,4443,NORTH,36.2003,-86.7979,POINT (-86.7979 36.2003)
20190826094,11/14/2019 07:05:00 AM,2,0,0,,N,405447,11,Front to Rear,21,CLEAR,1,DAYLIGHT,12,MOTOR VEHICLE IN TRANSPORT,HUNTINGTON PKWY & EDMONDSON PKE,NASHVILLE,TN,37211,8653,MIDTOW,36.0522,-86.7431,POINT (-86.7431 36.0522)
20190872401,12/04/2019 11:07:00 AM,2,0,0,,N,716886,6,SIDESWIPE - OPPOSITE DIRECTION,21,CLEAR,1,DAYLIGHT,12,MOTOR VEHICLE IN TRANSPORT,GOULD BLVD & FIRESTONE PKWY,ANTIOCH,TN,37013,8869,SOUTH,36.0159,-86.6161,POINT (-86.6161 36.0159)
20190898439,12/15/2019 03:54:00 PM,2,0,0,,N,311327,4,ANGLE,21,CLEAR,1,DAYLIGHT,12,MOTOR VEHICLE IN TRANSPORT,SUMMER PL & S 5TH ST,NASHVILLE,TN,37206,1013,EAST,36.1655,-86.7601,POINT (-86.7601 36.1655)
20190643136,08/28/2019 06:24:00 PM,2,0,0,,N,256383,11,Front to Rear,21,CLEAR,1,DAYLIGHT,12,MOTOR VEHICLE IN TRANSPORT,I24 E EXT RAMP & I 24,NASHVILLE,TN,37207,30080,NORTH,36.2378,-86.7872,POINT (-86.7872 36.2378)
20190784072,10/27/2019 02:00:00 PM,2,0,0,,N,352207,11,Front to Rear,22,CLOUDY,1,DAYLIGHT,12,MOTOR VEHICLE IN TRANSPORT,OLD HICKORY BLVD & EDMONDSON PKE,NASHVILLE,TN,37220,8615,MIDTOW,36.04,-86.7435,POINT (-86.7435 36.04)
20190665041,09/06/2019 04:40:00 PM,2,1,0,,N,279214,11,Front to Rear,21,CLEAR,1,DAYLIGHT,12,MOTOR VEHICLE IN TRANSPORT,GRANNY WHITE PKE & BATTERY LN,NASHVILLE,TN,37215,6313,MIDTOW,36.0888,-86.8031,POINT (-86.8031 36.0888)
20190914708,12/22/2019 08:10:00 PM,2,0,0,,Y,330435,11,Front to Rear,21,CLEAR,2,DARK - NOT LIGHTED,12,MOTOR VEHICLE IN TRANSPORT,ELLINGTON PKWYN & I65 N ENT RAMP,NASHVILLE,TN,37216,1882,EAST,36.2328,-86.7472,POINT (-86.7472 36.2328)
20190794345,10/31/2019 05:00:00 PM,2,0,0,,N,330413,11,Front to Rear,22,CLOUDY,1,DAYLIGHT,12,MOTOR VEHICLE IN TRANSPORT,CALDWELL LN & GRANNY WHITE PIKE,NASHVILLE,TN,37204,7007,MIDTOW,36.1066,-86.7948,POINT (-86.7948 36.1066)
20190726800,10/02/2019 04:04:00 PM,2,0,0,,Y,330444,5,SIDESWIPE - SAME DIRECTION,21,CLEAR,1,DAYLIGHT,12,MOTOR VEHICLE IN TRANSPORT,MM 78 6 I 65,NASHVILLE,TN,37204,7002,MIDTOW,36.0936,-86.7628,POINT (-86.7628 36.0936)
20190618625,08/19/2019 01:23:00 PM,2,1,0,,N,769379,4,ANGLE,21,CLEAR,1,DAYLIGHT,12,MOTOR VEHICLE IN TRANSPORT,TRAVELERS INN DR & HARDING PL,NASHVILLE,TN,37211,8705,SOUTH,36.0849,-86.7034,POINT (-86.7034 36.0849)
20190628207,08/22/2019 06:49:00 PM,1,0,0,,N,256380,0,NOT COLLISION W/MOTOR VEHICLE-TRANSPORT,2,RAIN,1,DAYLIGHT,24,GUARDRAIL FACE,MM 85 5 I 65,NASHVILLE,TN,37208,4304,CENTRA,36.1888,-86.793,POINT (-86.793 36.1888)
20190728567,10/03/2019 09:17:00 AM,2,2,0,Y,N,306231,4,ANGLE,21,CLEAR,1,DAYLIGHT,12;13;30,MOTOR VEHICLE IN TRANSPORT;MOTOR VEHICLE IN TRANSPORT-OTHER ROADWAY;UTILITY POLE,CLARKSVILLE PKE & 26TH AVN,NASHVILLE,TN,37208,4421,NORTH,36.1864,-86.8188,POINT (-86.8188 36.1864)
20190732382,10/04/2019 08:15:00 PM,2,0,0,,N,887598,4,ANGLE,21,CLEAR,2,DARK - NOT LIGHTED,12,MOTOR VEHICLE IN TRANSPORT,OLD HICKORY BLVD & SIMPKINS RD,WHITES CREEK,TN,37189,3305,NORTH,36.2844,-86.862,POINT (-86.862 36.2844)
20190610692,08/16/2019 06:55:00 AM,2,0,0,,Y,693099,4,ANGLE,21,CLEAR,1,DAYLIGHT,12,MOTOR VEHICLE IN TRANSPORT,LAMBERT DR & BRINDLEY DR,NASHVILLE,TN,37220,7101,MIDTOW,36.0782,-86.7673,POINT (-86.7673 36.0782)
20190826975,11/14/2019 03:29:00 PM,2,0,0,,N,384449,4,ANGLE,21,CLEAR,1,DAYLIGHT,12,MOTOR VEHICLE IN TRANSPORT,OLD HICKORY BLVD & I40 W EXT RAMP,HERMITAGE,TN,37076,9557,HERMIT,36.1708,-86.6016,POINT (-86.6016 36.1708)
20190660189,09/04/2019 05:10:00 PM,2,0,0,,N,433550,11,Front to Rear,21,CLEAR,1,DAYLIGHT,14,PARKED MOTOR VEHICLE,JACKSONS RETREAT CT & JACKSONS VALLEY RD,HERMITAGE,TN,37076,9559,HERMIT,36.1869,-86.6028,POINT (-86.6028 36.1869)
20190769752,10/21/2019 08:47:00 AM,2,0,0,,N,716886,11,Front to Rear,21,CLEAR,1,DAYLIGHT,12,MOTOR VEHICLE IN TRANSPORT,I24E & I24 E ENT RAMP,NASHVILLE,TN,37210,8102,SOUTH,36.1363,-86.727,POINT (-86.727 36.1363)
20190827476,11/14/2019 05:29:00 PM,2,0,0,,Y,134871,4,ANGLE,21,CLEAR,3,DARK - LIGHTED,12,MOTOR VEHICLE IN TRANSPORT,DIVISION ST & 6TH AVS,NASHVILLE,TN,37203,4027,CENTRA,36.1514,-86.7738,POINT (-86.7738 36.1514)
20190809832,11/07/2019 07:15:00 AM,2,0,0,,N,226134,2,HEAD-ON,2,RAIN,1,DAYLIGHT,12,MOTOR VEHICLE IN TRANSPORT,MURFREESBORO PKE & OLD HICKORY BLVD,ANTIOCH,TN,37013,8867,SOUTH,36.0413,-86.6051,POINT (-86.6051 36.0413)
20190655304,09/02/2019 06:15:00 PM,2,0,0,,Y,109536,5,SIDESWIPE - SAME DIRECTION,21,CLEAR,1,DAYLIGHT,12,MOTOR VEHICLE IN TRANSPORT,MM 86 5 I 65,NASHVILLE,TN,37207,3006,NORTH,36.1946,-86.7762,POINT (-86.7762 36.1946)
20190900766,12/16/2019 06:09:00 PM,2,0,0,,Y,384414,6,SIDESWIPE - OPPOSITE DIRECTION,2,RAIN,2,DARK - NOT LIGHTED,12,MOTOR VEHICLE IN TRANSPORT,SATURN DR & GOODBAR DR,NASHVILLE,TN,37217,8823,HERMIT,36.1242,-86.6999,POINT (-86.6999 36.1242)
20190741362,10/09/2019 03:25:00 AM,1,0,0,,Y,279197,0,NOT COLLISION W/MOTOR VEHICLE-TRANSPORT,21,CLEAR,3,DARK - LIGHTED,31,"OTHER POST, POLE, SUPP.",DOUGLAS AV & N 5TH ST,NASHVILLE,TN,37207,1907,EAST,36.1939,-86.7621,POINT (-86.7621 36.1939)
20190906018,12/18/2019 06:31:00 PM,2,0,0,,N,179583,11,Front to Rear,21,CLEAR,3,DARK - LIGHTED,12,MOTOR VEHICLE IN TRANSPORT,MM 52 1 I 24,NASHVILLE,TN,37217,8816,SOUTH,36.1343,-86.7267,POINT (-86.7267 36.1343)
20190848137,11/23/2019 09:39:00 AM,2,0,0,,Y,693102,4,ANGLE,2,RAIN,1,DAYLIGHT,12,MOTOR VEHICLE IN TRANSPORT,THOMPSON PL & PATRICIA DR,NASHVILLE,TN,37217,8821,HERMIT,36.1272,-86.7073,POINT (-86.7073 36.1272)
20190696582,09/19/2019 07:10:00 PM,2,0,0,,N,226827,11,Front to Rear,21,CLEAR,3,DARK - LIGHTED,12,MOTOR VEHICLE IN TRANSPORT,GALLATIN PKEN & W MONTICELLO AV,MADISON,TN,37115,1719,MADISO,36.2868,-86.7054,POINT (-86.7054 36.2868)
20190626872,08/22/2019 08:53:00 AM,2,0,0,,N,311339,11,Front to Rear,21,CLEAR,1,DAYLIGHT,12,MOTOR VEHICLE IN TRANSPORT,MM 48 1 I 24,NASHVILLE,TN,37207,1106,EAST,36.1742,-86.7706,POINT (-86.7706 36.1742)
20190795994,11/01/2019 11:25:00 AM,1,0,0,Y,N,311339,0,NOT COLLISION W/MOTOR VEHICLE-TRANSPORT,21,CLEAR,1,DAYLIGHT,19,BUILDING,ALMOND & ALMOND,NASHVILLE,TN,37210,4031,CENTRA,36.1539,-86.7719,POINT (-86.7719 36.1539)
20190624403,08/21/2019 12:00:00 PM,2,0,0,,N,109534,5,SIDESWIPE - SAME DIRECTION,21,CLEAR,1,DAYLIGHT,12,MOTOR VEHICLE IN TRANSPORT,MM 212 7 I 40,NASHVILLE,TN,37210,82060,HERMIT,36.143,-86.737,POINT (-86.737 36.143)
20190697006,09/19/2019 11:10:00 PM,1,0,0,Y,N,352204,0,NOT COLLISION W/MOTOR VEHICLE-TRANSPORT,21,CLEAR,2,DARK - NOT LIGHTED,27,H-WAY TRAFFIC SIGNAL POST,I40 W EXT RAMP & I 40,NASHVILLE,TN,37203,4119,CENTRA,36.1574,-86.79,POINT (-86.79 36.1574)
20190650748,08/31/2019 12:00:00 AM,2,0,0,,N,279200,5,SIDESWIPE - SAME DIRECTION,21,CLEAR,5,DUSK,12,MOTOR VEHICLE IN TRANSPORT,4TH AVS & ELM ST,NASHVILLE,TN,37210,4005,CENTRA,36.1533,-86.7722,POINT (-86.7722 36.1533)
20190804754,11/05/2019 08:32:00 AM,3,1,0,,N,191578,11,Front to Rear,21,CLEAR,1,DAYLIGHT,12,MOTOR VEHICLE IN TRANSPORT,MM 212 3 I 40,NASHVILLE,TN,37210,8206,HERMIT,36.1447,-86.7399,POINT (-86.7399 36.1447)
20190814762,11/09/2019 09:15:00 AM,4,1,0,,N,620061,11,Front to Rear,21,CLEAR,1,DAYLIGHT,12,MOTOR VEHICLE IN TRANSPORT,I440 W EXT RAMP & I 440,NASHVILLE,TN,37212,6501,MIDTOW,36.122,-86.804,POINT (-86.804 36.122)
20190605376,08/14/2019 07:58:00 AM,2,0,0,,N,109534,11,Front to Rear,21,CLEAR,1,DAYLIGHT,12,MOTOR VEHICLE IN TRANSPORT,ELM HILL PKE & FESSLERS LN,NASHVILLE,TN,37210,8217,HERMIT,36.1447,-86.744,POINT (-86.744 36.1447)
20190770705,10/21/2019 05:32:00 PM,2,2,0,,N,256426,2,HEAD-ON,2,RAIN,5,DUSK,12,MOTOR VEHICLE IN TRANSPORT,RAMP & -UNKNOWN RAMP/ROAD -,NASHVILLE,TN,37210,9039,HERMIT,36.1514,-86.6917,POINT (-86.6917 36.1514)
20190803298,11/04/2019 06:26:00 PM,2,2,0,,N,352168,11,Front to Rear,21,CLEAR,2,DARK - NOT LIGHTED,12,MOTOR VEHICLE IN TRANSPORT,BLACKMAN RD & DARLINGTON DR,NASHVILLE,TN,37211,8611,MIDTOW,36.0743,-86.7393,POINT (-86.7393 36.0743)
20190705227,09/23/2019 04:16:00 PM,2,1,0,,Y,151132,4,ANGLE,22,CLOUDY,1,DAYLIGHT,12,MOTOR VEHICLE IN TRANSPORT,THE SHOPPES AT RIVERGATE PVTDR & GALLATI,MADISON,TN,37115,1737,MADISO,36.3043,-86.6908,POINT (-86.6908 36.3043)
20190779749,10/25/2019 10:18:00 AM,1,0,0,,N,414731,0,NOT COLLISION W/MOTOR VEHICLE-TRANSPORT,2,RAIN,1,DAYLIGHT,43,OTHER FIXED OBJECTS,FRANKLIN LIMESTONE RD & BILLINGSGATE RD,NASHVILLE,TN,37217,8849,SOUTH,36.0785,-86.6743,POINT (-86.6743 36.0785)
20190900485,12/16/2019 03:30:00 PM,2,0,0,,N,320585,11,Front to Rear,2,RAIN,1,DAYLIGHT,12,MOTOR VEHICLE IN TRANSPORT,LEBANON PKE & WELLINGTON SQ,NASHVILLE,TN,37214,9403,HERMIT,36.1766,-86.6455,POINT (-86.6455 36.1766)
20190702490,09/22/2019 11:45:00 AM,2,0,0,,N,596389,11,Front to Rear,21,CLEAR,1,DAYLIGHT,12,MOTOR VEHICLE IN TRANSPORT,I65 S EXT RAMP & I 65,MADISON,TN,37115,20044,MADISO,36.2481,-86.743,POINT (-86.743 36.2481)
20190690762,09/17/2019 03:20:00 PM,2,0,0,,N,240982,11,Front to Rear,21,CLEAR,1,DAYLIGHT,12,MOTOR VEHICLE IN TRANSPORT,MM 48 7 I 24,NASHVILLE,TN,37213,1104,CENTRA,36.1696,-86.7668,POINT (-86.7668 36.1696)
20190635458,08/25/2019 05:20:00 PM,2,0,0,,N,256446,4,ANGLE,2,RAIN,1,DAYLIGHT,12,MOTOR VEHICLE IN TRANSPORT,OLD HICKORY BLVD & I24 W EXT RAMP,ANTIOCH,TN,37013,8869,SOUTH,36.0158,-86.6201,POINT (-86.6201 36.0158)
20190726598,10/02/2019 02:11:00 PM,2,0,0,,N,140804,11,Front to Rear,21,CLEAR,1,DAYLIGHT,12,MOTOR VEHICLE IN TRANSPORT,GALLATIN PKE & E TRINITY LN,NASHVILLE,TN,37216,1837,EAST,36.205,-86.7376,POINT (-86.7376 36.205)
20190861189,11/29/2019 12:37:00 PM,2,2,0,,N,225777,4,ANGLE,22,CLOUDY,1,DAYLIGHT,12,MOTOR VEHICLE IN TRANSPORT,SHAWNEE DR & DAVIDSON DR,NASHVILLE,TN,37205,4905,WEST,36.1222,-86.9019,POINT (-86.9019 36.1222)
20190619024,08/19/2019 04:24:00 PM,2,1,0,,N,279211,11,Front to Rear,21,CLEAR,1,DAYLIGHT,12,MOTOR VEHICLE IN TRANSPORT,BRILEY PKWYW & TANGLEWOOD CT,MADISON,TN,37115,1598,MADISO,36.2346,-86.7178,POINT (-86.7178 36.2346)
20190841833,11/20/2019 07:50:00 PM,2,1,0,,N,256394,4,ANGLE,21,CLEAR,3,DARK - LIGHTED,12,MOTOR VEHICLE IN TRANSPORT,SMITH SPRINGS RD & RURAL HILL RD,NASHVILLE,TN,37217,8965,HERMIT,36.0899,-86.6248,POINT (-86.6248 36.0899)
20190907563,12/19/2019 09:46:00 AM,2,0,0,,N,384403,11,Front to Rear,21,CLEAR,1,DAYLIGHT,12,MOTOR VEHICLE IN TRANSPORT,MM 53 1 I 24,NASHVILLE,TN,37210,88142,SOUTH,36.1172,-86.7256,POINT (-86.7256 36.1172)
20190630326,08/23/2019 01:25:00 PM,2,0,0,,Y,716886,5,SIDESWIPE - SAME DIRECTION,21,CLEAR,1,DAYLIGHT,12,MOTOR VEHICLE IN TRANSPORT,MM 57 4 I 24,ANTIOCH,TN,37013,88080,SOUTH,36.0649,-86.6847,POINT (-86.6847 36.0649)
20190927649,12/29/2019 01:40:00 PM,2,1,0,,Y,352204,6,SIDESWIPE - OPPOSITE DIRECTION,2,RAIN,1,DAYLIGHT,12,MOTOR VEHICLE IN TRANSPORT,OLD HICKORY BLVD & RIDGELAKE PKWY,NASHVILLE,TN,37205,4903,WEST,36.0974,-86.9249,POINT (-86.9249 36.0974)
20190640549,08/27/2019 07:49:00 PM,1,1,0,Y,N,420040,0,NOT COLLISION W/MOTOR VEHICLE-TRANSPORT,22,CLOUDY,3,DARK - LIGHTED,31,"OTHER POST, POLE, SUPP.",29TH AVN & POSTON AV,NASHVILLE,TN,37203,5625,MIDTOW,36.1465,-86.8147,POINT (-86.8147 36.1465)
20190759453,10/16/2019 05:41:00 PM,2,0,0,,N,352169,11,Front to Rear,21,CLEAR,1,DAYLIGHT,12,MOTOR VEHICLE IN TRANSPORT,MYATT DR & SPRING BRANCH DR,MADISON,TN,37115,1721,MADISO,36.2938,-86.6964,POINT (-86.6964 36.2938)
20190727172,10/02/2019 07:20:00 PM,2,0,0,,N,279214,5,SIDESWIPE - SAME DIRECTION,21,CLEAR,3,DARK - LIGHTED,12,MOTOR VEHICLE IN TRANSPORT,4TH AVS & I40 E EXT RAMP,NASHVILLE,TN,37210,8153,SOUTH,36.1505,-86.7704,POINT (-86.7704 36.1505)
20190908554,12/19/2019 05:50:00 PM,2,0,0,,N,384395,98,OTHER,21,CLEAR,7,Dark-Unknown Lighting,12,MOTOR VEHICLE IN TRANSPORT,SMITH SPRINGS RD & ANDERSON RD,NASHVILLE,TN,37217,8931,HERMIT,36.0878,-86.6079,POINT (-86.6079 36.0878)
20190810674,11/07/2019 02:57:00 PM,2,0,0,,N,405418,11,Front to Rear,2,RAIN,1,DAYLIGHT,12,MOTOR VEHICLE IN TRANSPORT,OLD HICKORY BLVD & WILDWOOD VALLEY DR,BRENTWOOD,TN,37027,6301,MIDTOW,36.0463,-86.8582,POINT (-86.8582 36.0463)
20190690331,09/17/2019 12:39:00 PM,2,0,0,,N,716886,16,Rear to Side,21,CLEAR,1,DAYLIGHT,12,MOTOR VEHICLE IN TRANSPORT,OAK CHASE DR & OAK SPRINGS CT,ANTIOCH,TN,37013,8755,SOUTH,36.0326,-86.6767,POINT (-86.6767 36.0326)
20190621304,08/20/2019 10:09:00 AM,2,1,0,,N,109515,4,ANGLE,21,CLEAR,1,DAYLIGHT,12,MOTOR VEHICLE IN TRANSPORT,TWIN HILLS DR & GALLATIN PKEN,MADISON,TN,37115,1731,MADISO,36.3021,-86.6927,POINT (-86.6927 36.3021)
20190772020,10/22/2019 08:05:00 AM,2,0,0,,N,110063,5,SIDESWIPE - SAME DIRECTION,21,CLEAR,1,DAYLIGHT,12,MOTOR VEHICLE IN TRANSPORT,MM 87 2 I 65,NASHVILLE,TN,37207,18020,EAST,36.2054,-86.7764,POINT (-86.7764 36.2054)
20190843159,11/21/2019 09:50:00 AM,2,1,0,,N,240952,6,SIDESWIPE - OPPOSITE DIRECTION,21,CLEAR,1,DAYLIGHT,12,MOTOR VEHICLE IN TRANSPORT,OLD HICKORY BLVD & FIRESTONE PKWY,ANTIOCH,TN,37013,8867,SOUTH,36.017,-86.6199,POINT (-86.6199 36.017)
20190724824,10/01/2019 09:10:00 PM,1,0,0,Y,Y,240983,0,NOT COLLISION W/MOTOR VEHICLE-TRANSPORT,21,CLEAR,2,DARK - NOT LIGHTED,31;40;63,"OTHER POST, POLE, SUPP.;MAIL BOX;Ran Off Road-Right",HAMILTON CHURCH RD & MARHADEN DR,ANTIOCH,TN,37013,8907,SOUTH,36.0571,-86.592,POINT (-86.592 36.0571)
20190749319,10/12/2019 10:01:00 AM,2,0,0,,N,140804,5,SIDESWIPE - SAME DIRECTION,21,CLEAR,1,DAYLIGHT,12,MOTOR VEHICLE IN TRANSPORT,STRATTON AV & GALLATIN AV,NASHVILLE,TN,37206,1243,EAST,36.1827,-86.7488,POINT (-86.7488 36.1827)
20190600730,08/12/2019 03:15:00 PM,2,0,0,,N,267831,11,Front to Rear,21,CLEAR,1,DAYLIGHT,12,MOTOR VEHICLE IN TRANSPORT,MM 1 5 I 440,NASHVILLE,TN,37209,5232,WEST,36.1508,-86.8228,POINT (-86.8228 36.1508)
20190925241,12/28/2019 06:30:00 AM,2,0,0,,Y,352211,11,Front to Rear,2,RAIN,1,DAYLIGHT,12,MOTOR VEHICLE IN TRANSPORT,WOODMONT BLVD & HILLSBORO PKE,NASHVILLE,TN,37215,6105,WEST,36.114,-86.8109,POINT (-86.8109 36.114)
20190787295,10/28/2019 09:47:00 PM,2,0,0,,Y,110090,11,Front to Rear,21,CLEAR,3,DARK - LIGHTED,12,MOTOR VEHICLE IN TRANSPORT,I24 E EXT RAMP & I 24,NASHVILLE,TN,37207,30080,NORTH,36.2378,-86.7872,POINT (-86.7872 36.2378)
20190688308,09/16/2019 05:07:00 PM,2,1,0,,N,384444,11,Front to Rear,21,CLEAR,1,DAYLIGHT,12,MOTOR VEHICLE IN TRANSPORT,OLD HICKORY BLVD & GAUCHO ROAD PVTDR,NASHVILLE,TN,37221,6213,WEST,36.0543,-86.8997,POINT (-86.8997 36.0543)
20190719044,09/29/2019 10:00:00 AM,1,1,0,,N,140808,0,NOT COLLISION W/MOTOR VEHICLE-TRANSPORT,21,CLEAR,1,DAYLIGHT,9,,HUNTINGTON PKWY & EDMONDSON PKE,NASHVILLE,TN,37211,8653,MIDTOW,36.0522,-86.7431,POINT (-86.7431 36.0522)
20190837832,11/19/2019 09:27:00 AM,2,0,0,,N,384433,4,ANGLE,21,CLEAR,1,DAYLIGHT,12,MOTOR VEHICLE IN TRANSPORT,LEA AV & HERMITAGE AV,NASHVILLE,TN,37210,4033,CENTRA,36.1562,-86.769,POINT (-86.769 36.1562)
20190749534,10/12/2019 12:57:00 PM,2,2,0,,N,298864,4,ANGLE,21,CLEAR,1,DAYLIGHT,12,MOTOR VEHICLE IN TRANSPORT,ROOSEVELT AV & GALLATIN PKEN,MADISON,TN,37115,1761,MADISO,36.2711,-86.7104,POINT (-86.7104 36.2711)
20190914512,12/22/2019 03:13:00 PM,2,0,0,,Y,320603,16,Rear to Side,2,RAIN,1,DAYLIGHT,55,Motor Vehicle-In-Motion Outside Trafficw,RICHLAND CREEK SHOPPING CENTER & CHARLOT,NASHVILLE,TN,37209,5117,WEST,36.1515,-86.8542,POINT (-86.8542 36.1515)
20190702737,09/22/2019 03:19:00 PM,2,0,0,,N,309262,11,Front to Rear,21,CLEAR,1,DAYLIGHT,12,MOTOR VEHICLE IN TRANSPORT,MM 93 2 I 65,MADISON,TN,37115,17062,MADISO,36.2787,-86.7343,POINT (-86.7343 36.2787)
20190815625,11/09/2019 08:21:00 PM,3,0,0,Y,Y,256417,11,Front to Rear,21,CLEAR,3,DARK - LIGHTED,14,PARKED MOTOR VEHICLE,CENTRAL VALLEY DR & BROOKE VALLEY DR,HERMITAGE,TN,37076,9539,HERMIT,36.1744,-86.5873,POINT (-86.5873 36.1744)
20190729452,10/03/2019 05:01:00 PM,3,0,0,,N,151132,11,Front to Rear,21,CLEAR,1,DAYLIGHT,12,MOTOR VEHICLE IN TRANSPORT,NEELYS BEND RD & HOWSE AV,MADISON,TN,37115,1611,MADISO,36.2532,-86.6975,POINT (-86.6975 36.2532)
20190763331,10/18/2019 12:00:00 AM,1,0,0,,Y,256428,0,NOT COLLISION W/MOTOR VEHICLE-TRANSPORT,21,CLEAR,9,UNKNOWN,30,UTILITY POLE,MARIE ST & STAINBACK AV,NASHVILLE,TN,37207,1871,EAST,36.1968,-86.7647,POINT (-86.7647 36.1968)
20190654915,09/02/2019 02:37:00 PM,2,0,0,,N,468030,98,OTHER,22,CLOUDY,1,DAYLIGHT,14,PARKED MOTOR VEHICLE,N 12TH ST & PETWAY AV,NASHVILLE,TN,37206,1319,EAST,36.1862,-86.7456,POINT (-86.7456 36.1862)
20190693852,09/18/2019 06:07:00 PM,2,0,0,,Y,580819,11,Front to Rear,21,CLEAR,1,DAYLIGHT,12,MOTOR VEHICLE IN TRANSPORT,LAFAYETTE ST & I40 W EXT RAMP,NASHVILLE,TN,37203,4007,CENTRA,36.1512,-86.7696,POINT (-86.7696 36.1512)
20190743543,10/09/2019 11:53:00 PM,2,3,0,,N,151122,2,HEAD-ON,21,CLEAR,3,DARK - LIGHTED,12,MOTOR VEHICLE IN TRANSPORT,RECOVERY RD & WALLACE RD,NASHVILLE,TN,37211,8705,SOUTH,36.0791,-86.7205,POINT (-86.7205 36.0791)
20190612821,08/16/2019 12:00:00 AM,2,0,0,,Y,320591,6,SIDESWIPE - OPPOSITE DIRECTION,21,CLEAR,3,DARK - LIGHTED,12,MOTOR VEHICLE IN TRANSPORT,MURFREESBORO PKE & MOUNTAIN SPRINGS RD,ANTIOCH,TN,37013,8927,SOUTH,36.0478,-86.6121,POINT (-86.6121 36.0478)
20190736874,10/07/2019 06:57:00 AM,2,0,0,,N,225773,11,Front to Rear,2,RAIN,1,DAYLIGHT,12,MOTOR VEHICLE IN TRANSPORT,MM 79 8 I 65,NASHVILLE,TN,37204,7004,MIDTOW,36.1111,-86.7715,POINT (-86.7715 36.1111)
20190903289,12/17/2019 05:45:00 PM,1,0,0,Y,Y,206682,0,NOT COLLISION W/MOTOR VEHICLE-TRANSPORT,21,CLEAR,3,DARK - LIGHTED,30,UTILITY POLE,CHEYENNE BLVD & RIVER RETREAT PVTDR,MADISON,TN,37115,1633,MADISO,36.2563,-86.6749,POINT (-86.6749 36.2563)
20190623218,08/21/2019 02:25:00 AM,2,0,0,,N,220884,2,HEAD-ON,21,CLEAR,3,DARK - LIGHTED,12,MOTOR VEHICLE IN TRANSPORT,GALLATIN PKES & DUE WEST AVW,MADISON,TN,37115,1519,MADISO,36.2475,-86.7207,POINT (-86.7207 36.2475)
20190903782,12/17/2019 11:10:00 PM,2,0,0,,N,384439,4,ANGLE,21,CLEAR,3,DARK - LIGHTED,12,MOTOR VEHICLE IN TRANSPORT,BLUFFHOLLOW GAP & DEER VALLEY TRL,ANTIOCH,TN,37013,8755,SOUTH,36.03,-86.6777,POINT (-86.6777 36.03)
20190768703,10/20/2019 08:57:00 PM,1,0,0,,N,256383,0,NOT COLLISION W/MOTOR VEHICLE-TRANSPORT,21,CLEAR,3,DARK - LIGHTED,30,UTILITY POLE,JOYNER AV & BURBANK AV,NASHVILLE,TN,37210,8317,SOUTH,36.1164,-86.7463,POINT (-86.7463 36.1164)
20190904971,12/18/2019 08:00:00 AM,2,0,0,,Y,525538,5,SIDESWIPE - SAME DIRECTION,21,CLEAR,1,DAYLIGHT,14,PARKED MOTOR VEHICLE,STATE ST & CHURCH STREET ALY,NASHVILLE,TN,37203,5513,MIDTOW,36.1556,-86.7989,POINT (-86.7989 36.1556)
20190792038,10/30/2019 05:35:00 PM,3,1,0,,N,212338,2,HEAD-ON,2,RAIN,3,DARK - LIGHTED,12;6,MOTOR VEHICLE IN TRANSPORT,BELMONT BLVD & GRAYBAR LN,NASHVILLE,TN,37215,6413,MIDTOW,36.1105,-86.8003,POINT (-86.8003 36.1105)
20190877070,12/06/2019 07:55:00 AM,2,0,0,,N,420035,4,ANGLE,22,CLOUDY,1,DAYLIGHT,12,MOTOR VEHICLE IN TRANSPORT,GALLATIN PKES & MADISON SQ,MADISON,TN,37115,1623,MADISO,36.2541,-86.7161,POINT (-86.7161 36.2541)