Accident Number,Date and Time,Number of Motor Vehicles,Number of Injuries,Number of Fatalities,Property Damage,Hit and Run,Reporting Officer,Collision Type Code,Collision Type Description,Weather Code,Weather Description,Illumination Code,Illumination Description,Harmful Code,Harmful Code Description,Street Address,City,State,ZIP,RPA,Precinct,Latitude,Longitude,Mapped Location
20190592868,08/09/2019 11:04:00 AM,2,3,0,,N,169421,4,ANGLE,21,CLEAR,1,DAYLIGHT,12,MOTOR VEHICLE IN TRANSPORT,CLARKSVILLE PKE & 26TH AVN,NASHVILLE,TN,37208,4421,NORTH,36.1864,-86.8188,POINT (-86.8188 36.1864)
20190717856,09/28/2019 06:50:00 PM,1,1,0,,N,330440,0,NOT COLLISION W/MOTOR VEHICLE-TRANSPORT,21,CLEAR,3,DARK - LIGHTED,8,PEDESTRIAN,25TH AVE N & DOWLAN ST,NASHVILLE,TN,37208,4433,NORTH,36.1884,-86.8168,POINT (-86.8168 36.1884)
20190811837,11/08/2019 02:00:00 AM,2,0,0,,Y,320583,5,SIDESWIPE - SAME DIRECTION,21,CLEAR,3,DARK - LIGHTED,12,MOTOR VEHICLE IN TRANSPORT,MM 4 8 I 440,NASHVILLE,TN,37204,6930,MIDTOW,36.1159,-86.7752,POINT (-86.7752 36.1159)
20190830897,11/16/2019 06:32:00 AM,5,1,0,,N,311331,0,NOT COLLISION W/MOTOR VEHICLE-TRANSPORT,21,CLEAR,4,DAWN,1;14,PARKED MOTOR VEHICLE,DICKERSON PKE & MARTIN AV,NASHVILLE,TN,37207,1833,EAST,36.2101,-86.7659,POINT (-86.7659 36.2101)
20190657973,09/03/2019 08:52:00 PM,2,1,0,,Y,256426,4,ANGLE,21,CLEAR,3,DARK - LIGHTED,12,MOTOR VEHICLE IN TRANSPORT,LEBANON PKE & ANDREW JACKSON PKWY,HERMITAGE,TN,37076,9537,HERMIT,36.2151,-86.5962,POINT (-86.5962 36.2151)
20190622555,08/20/2019 12:00:00 AM,2,0,0,,Y,256427,5,SIDESWIPE - SAME DIRECTION,21,CLEAR,3,DARK - LIGHTED,12,MOTOR VEHICLE IN TRANSPORT,MM 213 0 I 40,NASHVILLE,TN,37210,8219,HERMIT,36.1407,-86.7323,POINT (-86.7323 36.1407)
20190891215,12/12/2019 08:44:00 AM,2,1,0,,N,256428,4,ANGLE,21,CLEAR,1,DAYLIGHT,12,MOTOR VEHICLE IN TRANSPORT,MCFERRIN AV & ELLINGTON PKWY S EXT RAMP,NASHVILLE,TN,37206,1903,EAST,36.1934,-86.7533,POINT (-86.7533 36.1934)
20190712345,09/26/2019 10:54:00 AM,2,0,0,,Y,384392,11,Front to Rear,22,CLOUDY,1,DAYLIGHT,12,MOTOR VEHICLE IN TRANSPORT,US HWY 70S & 16TH AVE N,NASHVILLE,TN,37203,5701,MIDTOW,36.1546,-86.7922,POINT (-86.7922 36.1546)
20190585608,08/06/2019 07:00:00 PM,2,0,0,,N,212342,11,Front to Rear,2,RAIN,5,DUSK,12,MOTOR VEHICLE IN TRANSPORT,STATE HWY 155 & GLASTONBURY RD,NASHVILLE,TN,37217,88940,HERMIT,36.1374,-86.6998,POINT (-86.6998 36.1374)
20190894243,12/13/2019 11:39:00 AM,2,0,0,,Y,109534,5,SIDESWIPE - SAME DIRECTION,5,FOG,1,DAYLIGHT,12;99,MOTOR VEHICLE IN TRANSPORT;UNKNOWN MOST HARMFUL EVENT,LAFAYETTE ST & UNIVERSITY CT,NASHVILLE,TN,37210,8151,SOUTH,36.1499,-86.7657,POINT (-86.7657 36.1499)
20190756015,10/15/2019 10:12:00 AM,2,0,0,,N,620061,4,ANGLE,21,CLEAR,1,DAYLIGHT,12,MOTOR VEHICLE IN TRANSPORT,HILLSBORO PKE & HAMPTON AV,NASHVILLE,TN,37215,6013,WEST,36.1161,-86.8106,POINT (-86.8106 36.1161)
20190891326,12/12/2019 09:38:00 AM,3,1,0,,N,306231,11,Front to Rear,21,CLEAR,1,DAYLIGHT,12,MOTOR VEHICLE IN TRANSPORT,I40 E ENT RAMP & I 65,NASHVILLE,TN,37208,44040,NORTH,36.1768,-86.8011,POINT (-86.8011 36.1768)
20190749650,10/12/2019 12:00:00 AM,2,0,0,,N,279200,11,Front to Rear,21,CLEAR,1,DAYLIGHT,12,MOTOR VEHICLE IN TRANSPORT,8TH AVS & MCGAVOCK ST,NASHVILLE,TN,37203,4075,CENTRA,36.1579,-86.7814,POINT (-86.7814 36.1579)
20190877145,12/06/2019 08:21:00 AM,2,0,0,,N,352164,5,SIDESWIPE - SAME DIRECTION,22,CLOUDY,1,DAYLIGHT,12,MOTOR VEHICLE IN TRANSPORT,MM 56 6 I 24,NASHVILLE,TN,37211,8810,SOUTH,36.0742,-86.6927,POINT (-86.6927 36.0742)
20190661878,09/05/2019 11:10:00 AM,2,0,0,,Y,462474,3,REAR-TO-REAR,21,CLEAR,1,DAYLIGHT,55,Motor Vehicle-In-Motion Outside Trafficw,KIRKWOOD AV & FRANKLIN PKE,NASHVILLE,TN,37204,6957,MIDTOW,36.1211,-86.7772,POINT (-86.7772 36.1211)
20190888617,12/11/2019 09:20:00 AM,2,1,0,,N,620061,11,Front to Rear,21,CLEAR,1,DAYLIGHT,12,MOTOR VEHICLE IN TRANSPORT,MM 4 4 I 440,NASHVILLE,TN,37204,7014,MIDTOW,36.1158,-86.7827,POINT (-86.7827 36.1158)
20190922030,12/26/2019 04:40:00 PM,2,0,0,,Y,352156,4,ANGLE,21,CLEAR,5,DUSK,12,MOTOR VEHICLE IN TRANSPORT,JOYNER AV & FOSTER AV,NASHVILLE,TN,37210,8317,SOUTH,36.1163,-86.7435,POINT (-86.7435 36.1163)
20190633356,08/24/2019 06:55:00 PM,2,0,0,,N,299241,4,ANGLE,21,CLEAR,1,DAYLIGHT,12,MOTOR VEHICLE IN TRANSPORT,GRANWOOD BLVD & STATE HWY 45,OLD HICKORY,TN,37138,9617,HERMIT,36.2167,-86.6239,POINT (-86.6239 36.2167)
20190614441,08/17/2019 07:00:00 PM,2,1,0,,Y,330436,2,HEAD-ON,21,CLEAR,1,DAYLIGHT,12,MOTOR VEHICLE IN TRANSPORT,2ND AVS & MIDDLETON ST,NASHVILLE,TN,37210,4005,CENTRA,36.1542,-86.7702,POINT (-86.7702 36.1542)
20190833443,11/17/2019 02:00:00 PM,4,2,0,,N,571328,11,Front to Rear,21,CLEAR,1,DAYLIGHT,12,MOTOR VEHICLE IN TRANSPORT,GALLATIN AV & MANSFIELD ST,NASHVILLE,TN,37206,1937,EAST,36.1814,-86.7494,POINT (-86.7494 36.1814)
20190836479,11/18/2019 07:30:00 PM,2,0,0,,Y,717341,4,ANGLE,21,CLEAR,3,DARK - LIGHTED,14,PARKED MOTOR VEHICLE,ROBERT YOEST DR & OCALA DR,NASHVILLE,TN,37211,8717,SOUTH,36.0514,-86.6901,POINT (-86.6901 36.0514)
20190860203,11/28/2019 09:58:00 PM,2,0,0,,N,197055,5,SIDESWIPE - SAME DIRECTION,99,UNKNOWN,3,DARK - LIGHTED,14,PARKED MOTOR VEHICLE,SWAN RIDGE DR & PORT HOPE CT,ANTIOCH,TN,37013,8905,SOUTH,36.054,-86.5871,POINT (-86.5871 36.054)
20190614034,08/17/2019 03:21:00 PM,2,0,0,,Y,596389,11,Front to Rear,21,CLEAR,1,DAYLIGHT,12,MOTOR VEHICLE IN TRANSPORT,MM 196 0 I 40,NASHVILLE,TN,37221,4804,WEST,36.0788,-86.9613,POINT (-86.9613 36.0788)
20190645286,08/29/2019 04:05:00 PM,2,0,0,,N,256386,11,Front to Rear,21,CLEAR,1,DAYLIGHT,12,MOTOR VEHICLE IN TRANSPORT,BELL RD & PRIEST WOODS DR,NASHVILLE,TN,37214,8945,HERMIT,36.1265,-86.6298,POINT (-86.6298 36.1265)
20190645429,08/29/2019 05:12:00 PM,2,0,0,,Y,887598,11,Front to Rear,21,CLEAR,1,DAYLIGHT,12,MOTOR VEHICLE IN TRANSPORT,CLARKSVILLE PKE & BUENA VISTA PKE,NASHVILLE,TN,37218,3135,NORTH,36.1935,-86.8309,POINT (-86.8309 36.1935)
20190781104,10/25/2019 11:00:00 PM,3,2,0,,N,311338,11,Front to Rear,2,RAIN,3,DARK - LIGHTED,12,MOTOR VEHICLE IN TRANSPORT,MM 86 8 I 65,NASHVILLE,TN,37207,3002,NORTH,36.1987,-86.7764,POINT (-86.7764 36.1987)
20190705310,09/23/2019 05:50:00 PM,2,1,0,,N,384411,4,ANGLE,22,CLOUDY,1,DAYLIGHT,12,MOTOR VEHICLE IN TRANSPORT,THOMPSON PL & MURFREESBORO PKE,NASHVILLE,TN,37217,8821,HERMIT,36.1267,-86.711,POINT (-86.711 36.1267)
20190666900,09/07/2019 12:00:00 AM,2,0,0,,Y,212344,4,ANGLE,99,UNKNOWN,9,UNKNOWN,12;14,MOTOR VEHICLE IN TRANSPORT;PARKED MOTOR VEHICLE,ORDWAY PL & N 12TH ST,NASHVILLE,TN,37206,1211,EAST,36.1805,-86.748,POINT (-86.748 36.1805)
20190693952,09/18/2019 07:24:00 PM,3,1,0,,N,299257,11,Front to Rear,21,CLEAR,3,DARK - LIGHTED,12,MOTOR VEHICLE IN TRANSPORT,WEDGEWOOD AV & I65 N ENT RAMP,NASHVILLE,TN,37204,8027,MIDTOW,36.1343,-86.7747,POINT (-86.7747 36.1343)
20190702521,09/22/2019 12:18:00 PM,2,0,0,,Y,320574,5,SIDESWIPE - SAME DIRECTION,21,CLEAR,1,DAYLIGHT,12,MOTOR VEHICLE IN TRANSPORT,MM 52 2 I 24,NASHVILLE,TN,37217,8816,SOUTH,36.1359,-86.7267,POINT (-86.7267 36.1359)
20190918640,12/24/2019 12:00:00 AM,1,0,0,,Y,807326,0,NOT COLLISION W/MOTOR VEHICLE-TRANSPORT,99,UNKNOWN,9,UNKNOWN,1;24;63,GUARDRAIL FACE;Ran Off Road-Right,I24 E ENT RAMP & I 24,NASHVILLE,TN,37213,1007,CENTRA,36.1662,-86.7659,POINT (-86.7659 36.1662)
20190822647,11/12/2019 09:38:00 PM,1,1,0,,N,179583,0,NOT COLLISION W/MOTOR VEHICLE-TRANSPORT,21,CLEAR,3,DARK - LIGHTED,8,PEDESTRIAN,MURFREESBORO PKE & PHILFRE CT,NASHVILLE,TN,37211,8803,SOUTH,36.078,-86.6829,POINT (-86.6829 36.078)
20190673827,09/10/2019 04:54:00 PM,2,1,0,,N,299257,11,Front to Rear,2,RAIN,1,DAYLIGHT,12,MOTOR VEHICLE IN TRANSPORT,ALLIED DR & NOLENSVILLE PKE,NASHVILLE,TN,37211,8511,MIDTOW,36.0962,-86.7377,POINT (-86.7377 36.0962)
20190821446,11/12/2019 12:00:00 AM,1,0,0,,Y,278580,0,NOT COLLISION W/MOTOR VEHICLE-TRANSPORT,21,CLEAR,1,DAYLIGHT,30;63,UTILITY POLE;Ran Off Road-Right,BRICK CHURCH LN & TRAIL HOLLOW LN,WHITES CREEK,TN,37189,3225,NORTH,36.2448,-86.7865,POINT (-86.7865 36.2448)
20190604029,08/13/2019 05:15:00 PM,2,0,0,,Y,279214,4,ANGLE,2,RAIN,1,DAYLIGHT,12,MOTOR VEHICLE IN TRANSPORT,MELROSE AV & GRANDVIEW AV,NASHVILLE,TN,37211,8343,MIDTOW,36.1205,-86.7504,POINT (-86.7504 36.1205)
20190691569,09/17/2019 11:16:00 PM,1,0,0,,N,279117,0,NOT COLLISION W/MOTOR VEHICLE-TRANSPORT,21,CLEAR,3,DARK - LIGHTED,24,GUARDRAIL FACE,SPRING ST & ELLINGTON PKWY N ENT RAMP,NASHVILLE,TN,37206,1997,EAST,36.1755,-86.7659,POINT (-86.7659 36.1755)
20190736102,10/06/2019 06:59:00 PM,2,1,0,,N,240960,4,ANGLE,98,OTHER (NARRATIVE),3,DARK - LIGHTED,12,MOTOR VEHICLE IN TRANSPORT,GREENFIELD AV & GALLATIN PKE,NASHVILLE,TN,37216,1439,EAST,36.2109,-86.7331,POINT (-86.7331 36.2109)
20190825039,11/13/2019 06:48:00 PM,2,2,0,,N,311337,4,ANGLE,21,CLEAR,3,DARK - LIGHTED,12,MOTOR VEHICLE IN TRANSPORT,LEBANON PKE & HERMITAGE RD,OLD HICKORY,TN,37138,9739,HERMIT,36.2003,-86.6186,POINT (-86.6186 36.2003)
20190845670,11/22/2019 09:23:00 AM,2,0,0,,N,226673,5,SIDESWIPE - SAME DIRECTION,2,RAIN,1,DAYLIGHT,12,MOTOR VEHICLE IN TRANSPORT,MM 48 8 I 24,NASHVILLE,TN,37213,1104,CENTRA,36.1682,-86.7659,POINT (-86.7659 36.1682)
20190647100,08/30/2019 06:50:00 AM,2,0,0,,Y,279227,4,ANGLE,21,CLEAR,1,DAYLIGHT,12,MOTOR VEHICLE IN TRANSPORT,NOLENSVILLE PKE & STRASSER DR,NASHVILLE,TN,37211,8659,MIDTOW,36.0601,-86.7164,POINT (-86.7164 36.0601)
20190842978,11/21/2019 08:29:00 AM,2,0,0,,N,140808,4,ANGLE,21,CLEAR,1,DAYLIGHT,12,MOTOR VEHICLE IN TRANSPORT,LEALAND LN & NOELTON AV,NASHVILLE,TN,37204,7005,MIDTOW,36.112,-86.7872,POINT (-86.7872 36.112)
20190584921,08/06/2019 03:25:00 PM,2,0,0,,N,179582,11,Front to Rear,21,CLEAR,1,DAYLIGHT,12,MOTOR VEHICLE IN TRANSPORT,HARDING PL & TRAVELERS INN DR,NASHVILLE,TN,37211,8705,SOUTH,36.085,-86.7031,POINT (-86.7031 36.085)
20190647001,08/30/2019 05:57:00 AM,2,0,0,,N,320586,11,Front to Rear,21,CLEAR,1,DAYLIGHT,12,MOTOR VEHICLE IN TRANSPORT,FOSTER AV & TPS COMPLEX PVTDR,NASHVILLE,TN,37210,8113,SOUTH,36.1305,-86.7418,POINT (-86.7418 36.1305)
20190808231,11/06/2019 03:03:00 PM,2,0,0,,N,179606,5,SIDESWIPE - SAME DIRECTION,21,CLEAR,1,DAYLIGHT,12,MOTOR VEHICLE IN TRANSPORT,HILLSBORO PKE & I440 W ENT RAMP,NASHVILLE,TN,37212,6501,MIDTOW,36.1244,-86.8063,POINT (-86.8063 36.1244)
20190664770,09/06/2019 02:42:00 PM,1,1,0,,N,299266,0,NOT COLLISION W/MOTOR VEHICLE-TRANSPORT,21,CLEAR,1,DAYLIGHT,8,PEDESTRIAN,APACHE TRL & HAYWOOD LN,NASHVILLE,TN,37211,8709,SOUTH,36.0696,-86.6939,POINT (-86.6939 36.0696)
20190712275,09/26/2019 09:03:00 AM,2,0,0,,N,414731,6,SIDESWIPE - OPPOSITE DIRECTION,21,CLEAR,1,DAYLIGHT,12;30,MOTOR VEHICLE IN TRANSPORT;UTILITY POLE,OLD HICKORY BLVD & PETTUS RD,ANTIOCH,TN,37013,8767,SOUTH,36.0109,-86.6654,POINT (-86.6654 36.0109)
20190890282,12/11/2019 11:35:00 PM,2,0,0,,Y,256414,4,ANGLE,21,CLEAR,3,DARK - LIGHTED,12,MOTOR VEHICLE IN TRANSPORT,HAMILTON CHURCH RD & MURFREESBORO PKE,ANTIOCH,TN,37013,8865,SOUTH,36.0645,-86.6288,POINT (-86.6288 36.0645)
20190730456,10/04/2019 01:50:00 AM,1,1,0,Y,N,481573,0,NOT COLLISION W/MOTOR VEHICLE-TRANSPORT,21,CLEAR,3,DARK - LIGHTED,1;32,CULVERT,ROBERT E LEE CT & ROBERT E LEE DR,NASHVILLE,TN,37215,6307,MIDTOW,36.0651,-86.8275,POINT (-86.8275 36.0651)
20190641756,08/28/2019 07:29:00 AM,2,0,0,,N,462474,11,Front to Rear,21,CLEAR,1,DAYLIGHT,12,MOTOR VEHICLE IN TRANSPORT,HARDING PL & HILLSBORO PKE,NASHVILLE,TN,37215,6311,MIDTOW,36.0914,-86.8285,POINT (-86.8285 36.0914)
20190622202,08/20/2019 05:34:00 PM,2,0,0,,N,320599,11,Front to Rear,22,CLOUDY,1,DAYLIGHT,12,MOTOR VEHICLE IN TRANSPORT,MM 214 4 I 40,NASHVILLE,TN,37210,90061,HERMIT,36.1431,-86.7063,POINT (-86.7063 36.1431)
20190780679,10/25/2019 06:54:00 PM,1,0,0,,N,807326,0,NOT COLLISION W/MOTOR VEHICLE-TRANSPORT,2,RAIN,3,DARK - LIGHTED,36,CONCRETE TRAFFIC BARRIER,MM 208 5 I 40,NASHVILLE,TN,37203,42020,CENTRA,36.1639,-86.7937,POINT (-86.7937 36.1639)
20190916048,12/23/2019 12:35:00 PM,2,0,0,,N,343522,4,ANGLE,21,CLEAR,1,DAYLIGHT,12,MOTOR VEHICLE IN TRANSPORT,CHARLOTTE PKE & RIVER RD,NASHVILLE,TN,37209,4701,WEST,36.1287,-86.9065,POINT (-86.9065 36.1287)
20190714045,09/27/2019 02:40:00 AM,2,0,0,,N,240944,11,Front to Rear,21,CLEAR,3,DARK - LIGHTED,12,MOTOR VEHICLE IN TRANSPORT,MM 57 7 I 24,ANTIOCH,TN,37013,88080,SOUTH,36.061,-86.6807,POINT (-86.6807 36.061)
20190639211,08/27/2019 08:43:00 AM,2,0,0,,N,134899,5,SIDESWIPE - SAME DIRECTION,21,CLEAR,1,DAYLIGHT,12,MOTOR VEHICLE IN TRANSPORT,MURFREESBORO PKE & TRANSIT AV,NASHVILLE,TN,37210,8217,HERMIT,36.141,-86.7387,POINT (-86.7387 36.141)
20190719657,09/29/2019 02:19:00 PM,2,0,0,,Y,298858,98,OTHER,21,CLEAR,1,DAYLIGHT,12,MOTOR VEHICLE IN TRANSPORT,I40 W ENT RAMP & I 40,NASHVILLE,TN,37210,9007,HERMIT,36.1484,-86.7454,POINT (-86.7454 36.1484)
20190786394,10/28/2019 03:56:00 PM,2,0,0,,Y,179606,4,ANGLE,21,CLEAR,1,DAYLIGHT,12,MOTOR VEHICLE IN TRANSPORT,ROSEDALE AV & NOLENSVILLE PKE,NASHVILLE,TN,37211,8043,MIDTOW,36.125,-86.7522,POINT (-86.7522 36.125)
20190894323,12/13/2019 01:05:00 PM,2,0,0,,N,628640,4,ANGLE,22,CLOUDY,1,DAYLIGHT,12,MOTOR VEHICLE IN TRANSPORT,THOMPSON LN & LOGAN ST,NASHVILLE,TN,37211,8425,SOUTH,36.1107,-86.7419,POINT (-86.7419 36.1107)
20190831375,11/16/2019 12:05:00 PM,4,0,0,,N,876573,11,Front to Rear,21,CLEAR,1,DAYLIGHT,12,MOTOR VEHICLE IN TRANSPORT,PARK ROYAL LN & MT VIEW RD,ANTIOCH,TN,37013,8977,SOUTH,36.0702,-86.5927,POINT (-86.5927 36.0702)
20190782231,10/26/2019 03:36:00 PM,3,2,0,,N,240955,11,Front to Rear,2,RAIN,1,DAYLIGHT,12,MOTOR VEHICLE IN TRANSPORT,MM 52 0 I 24,NASHVILLE,TN,37217,8816,SOUTH,36.1329,-86.7267,POINT (-86.7267 36.1329)
20190752905,10/14/2019 06:29:00 AM,1,1,0,,N,109534,0,NOT COLLISION W/MOTOR VEHICLE-TRANSPORT,98,OTHER (NARRATIVE),2,DARK - NOT LIGHTED,1;34;42;63,DITCH;TREE;Ran Off Road-Right,I40 E EXT RAMP & I40 W ENT RAMP,HERMITAGE,TN,37076,9510,HERMIT,36.1772,-86.6052,POINT (-86.6052 36.1772)
20190855148,11/26/2019 01:56:00 PM,2,0,0,,N,493304,2,HEAD-ON,22,CLOUDY,1,DAYLIGHT,12,MOTOR VEHICLE IN TRANSPORT,E OLD HICKORY BLVD & DELAWARE AV,MADISON,TN,37115,1607,MADISO,36.2628,-86.7042,POINT (-86.7042 36.2628)
20190775312,10/23/2019 02:23:00 PM,3,1,0,,N,109495,4,ANGLE,21,CLEAR,1,DAYLIGHT,12,MOTOR VEHICLE IN TRANSPORT,8TH AVS & BASS ST,NASHVILLE,TN,37203,6811,MIDTOW,36.1474,-86.7791,POINT (-86.7791 36.1474)
20190736668,10/07/2019 03:42:00 AM,1,1,0,,N,330420,0,NOT COLLISION W/MOTOR VEHICLE-TRANSPORT,2,RAIN,3,DARK - LIGHTED,36,CONCRETE TRAFFIC BARRIER,MM 211 6 I 40,NASHVILLE,TN,37210,82042,HERMIT,36.1508,-86.7502,POINT (-86.7502 36.1508)
20190627844,08/22/2019 04:39:00 PM,2,0,0,,N,320582,4,ANGLE,22,CLOUDY,1,DAYLIGHT,12,MOTOR VEHICLE IN TRANSPORT,HART LN & BAXTER ST,NASHVILLE,TN,37216,1817,EAST,36.212,-86.7336,POINT (-86.7336 36.212)
20190745592,10/10/2019 06:53:00 PM,2,0,0,,N,240983,4,ANGLE,21,CLEAR,2,DARK - NOT LIGHTED,12,MOTOR VEHICLE IN TRANSPORT,ANTIOCH PKE & PERIMETER HILL DR,NASHVILLE,TN,37211,8889,SOUTH,36.0859,-86.6911,POINT (-86.6911 36.0859)
20190659236,09/04/2019 08:58:00 AM,4,1,0,,N,110063,11,Front to Rear,21,CLEAR,1,DAYLIGHT,12,MOTOR VEHICLE IN TRANSPORT,MM 86 1 I 65,NASHVILLE,TN,37228,44060,NORTH,36.1918,-86.7835,POINT (-86.7835 36.1918)
20190909761,12/20/2019 12:00:00 AM,2,0,0,,N,334981,11,Front to Rear,21,CLEAR,1,DAYLIGHT,12,MOTOR VEHICLE IN TRANSPORT,4TH AVS & HUMPHREYS ST,NASHVILLE,TN,37210,8127,SOUTH,36.1411,-86.7642,POINT (-86.7642 36.1411)
20190790579,10/30/2019 04:45:00 AM,2,0,0,,N,311340,11,Front to Rear,2,RAIN,3,DARK - LIGHTED,12,MOTOR VEHICLE IN TRANSPORT,I440 W EXT RAMP & I 440,NASHVILLE,TN,37210,8101,SOUTH,36.1239,-86.7486,POINT (-86.7486 36.1239)
20190921899,12/26/2019 03:22:00 PM,2,0,0,,N,240983,5,SIDESWIPE - SAME DIRECTION,21,CLEAR,1,DAYLIGHT,12,MOTOR VEHICLE IN TRANSPORT,4TH AVS & MILDRED SHUTE AV,NASHVILLE,TN,37210,8143,SOUTH,36.1465,-86.7677,POINT (-86.7677 36.1465)
20190777874,10/24/2019 02:49:00 PM,2,0,0,,N,134899,4,ANGLE,21,CLEAR,1,DAYLIGHT,12,MOTOR VEHICLE IN TRANSPORT,MURFREESBORO PKE EXT RAMP & MURFREESBORO,NASHVILLE,TN,37217,8818,HERMIT,36.1361,-86.7254,POINT (-86.7254 36.1361)
20190854597,11/26/2019 09:26:00 AM,2,0,0,,N,109534,11,Front to Rear,22,CLOUDY,1,DAYLIGHT,12,MOTOR VEHICLE IN TRANSPORT,MM 211 9 I 40,NASHVILLE,TN,37210,90022,HERMIT,36.1487,-86.7459,POINT (-86.7459 36.1487)
20190640208,08/27/2019 04:50:00 PM,2,0,0,,N,279214,4,ANGLE,21,CLEAR,1,DAYLIGHT,12,MOTOR VEHICLE IN TRANSPORT,I65 S ENT RAMP & I65 S EXT RAMP,NASHVILLE,TN,37204,6945,MIDTOW,36.1342,-86.7764,POINT (-86.7764 36.1342)
20190722047,09/30/2019 07:35:00 PM,2,0,0,,N,151132,5,SIDESWIPE - SAME DIRECTION,21,CLEAR,3,DARK - LIGHTED,12,MOTOR VEHICLE IN TRANSPORT,GALLATIN PKEN & RIVERGATE PKWY,MADISON,TN,37115,1731,MADISO,36.2973,-86.6988,POINT (-86.6988 36.2973)
20190698619,09/20/2019 03:09:00 PM,2,0,0,,N,330425,5,SIDESWIPE - SAME DIRECTION,21,CLEAR,1,DAYLIGHT,12,MOTOR VEHICLE IN TRANSPORT,US HWY 31E & E OLD HICKORY BLVD,MADISON,TN,37115,1701,MADISO,36.2622,-86.7122,POINT (-86.7122 36.2622)
20190857858,11/27/2019 03:55:00 PM,1,1,0,Y,N,717341,0,NOT COLLISION W/MOTOR VEHICLE-TRANSPORT,21,CLEAR,1,DAYLIGHT,72,EMBANKMENT ROCK/STONE/CONCRETE,ANTIOCH PKE & HARDING INDUSTRIAL DR,NASHVILLE,TN,37211,8845,SOUTH,36.0941,-86.6996,POINT (-86.6996 36.0941)
20190724127,10/01/2019 02:10:00 PM,2,0,0,,N,299241,11,Front to Rear,21,CLEAR,1,DAYLIGHT,12,MOTOR VEHICLE IN TRANSPORT,OLD LEBANON DIRT RD & TULIP GROVE RD,HERMITAGE,TN,37076,9559,HERMIT,36.1891,-86.5936,POINT (-86.5936 36.1891)
20190796693,11/01/2019 05:23:00 PM,2,1,0,,N,212338,2,HEAD-ON,21,CLEAR,1,DAYLIGHT,12;6,MOTOR VEHICLE IN TRANSPORT,FRANKLIN PKE & S CURTISWOOD LN,NASHVILLE,TN,37204,7027,MIDTOW,36.0881,-86.7718,POINT (-86.7718 36.0881)
20190784731,10/27/2019 11:50:00 PM,2,0,0,,N,311341,5,SIDESWIPE - SAME DIRECTION,22,CLOUDY,3,DARK - LIGHTED,12,MOTOR VEHICLE IN TRANSPORT,US HWY 70S & -UNKNOWN RAMP/ROAD -,NASHVILLE,TN,37205,6007,WEST,36.1367,-86.8217,POINT (-86.8217 36.1367)
20190819926,11/11/2019 09:05:00 PM,1,0,0,Y,N,524985,0,NOT COLLISION W/MOTOR VEHICLE-TRANSPORT,3,"SLEET, HAIL",2,DARK - NOT LIGHTED,24,GUARDRAIL FACE,MM 86 5 I 65,NASHVILLE,TN,37207,3006,NORTH,36.1946,-86.7762,POINT (-86.7762 36.1946)
20190762545,10/17/2019 09:55:00 PM,2,0,0,,N,405424,4,ANGLE,21,CLEAR,2,DARK - NOT LIGHTED,12,MOTOR VEHICLE IN TRANSPORT,ELM HILL PKE & NOBLE VALLEY DR,NASHVILLE,TN,37214,8995,HERMIT,36.1425,-86.6316,POINT (-86.6316 36.1425)
20190682634,09/13/2019 09:25:00 PM,2,0,0,,Y,299254,4,ANGLE,21,CLEAR,3,DARK - LIGHTED,12,MOTOR VEHICLE IN TRANSPORT,US HWY 70 & 14TH AVE,NASHVILLE,TN,37203,5701,MIDTOW,36.1556,-86.7897,POINT (-86.7897 36.1556)
20190872817,12/04/2019 03:22:00 PM,2,0,0,,N,311332,5,SIDESWIPE - SAME DIRECTION,21,CLEAR,1,DAYLIGHT,12,MOTOR VEHICLE IN TRANSPORT,OLD HICKORY BLVD & BELLE FOREST SHOPPING,NASHVILLE,TN,37205,4903,WEST,36.0756,-86.921,POINT (-86.921 36.0756)
20190772277,10/22/2019 10:01:00 AM,3,2,0,,N,191578,11,Front to Rear,21,CLEAR,1,DAYLIGHT,12,MOTOR VEHICLE IN TRANSPORT,BRILEY PKWYS & BRILEY PKWY S ENT RAMP,NASHVILLE,TN,37211,88962,SOUTH,36.1103,-86.7197,POINT (-86.7197 36.1103)
20190854425,11/26/2019 07:58:00 AM,2,0,0,,N,716886,11,Front to Rear,21,CLEAR,1,DAYLIGHT,12,MOTOR VEHICLE IN TRANSPORT,MM 57 3 I 24,ANTIOCH,TN,37013,88080,SOUTH,36.0663,-86.6861,POINT (-86.6861 36.0663)
20190693449,09/18/2019 12:57:00 PM,1,0,0,,N,151132,0,NOT COLLISION W/MOTOR VEHICLE-TRANSPORT,21,CLEAR,1,DAYLIGHT,34;42;63,DITCH;TREE;Ran Off Road-Right,OLD DUE WEST AV & SKYLINE MEMORIAL CT,MADISON,TN,37115,2009,MADISO,36.2493,-86.7464,POINT (-86.7464 36.2493)
20190631774,08/23/2019 11:48:00 PM,2,0,0,,N,299245,11,Front to Rear,21,CLEAR,3,DARK - LIGHTED,12,MOTOR VEHICLE IN TRANSPORT,DICKERSON PKE & BROADMOOR DR,NASHVILLE,TN,37207,1811,EAST,36.2294,-86.7593,POINT (-86.7593 36.2294)
20190675767,09/11/2019 09:47:00 AM,3,0,0,,N,134899,11,Front to Rear,21,CLEAR,1,DAYLIGHT,12,MOTOR VEHICLE IN TRANSPORT,MURFREESBORO PKE & SPENCE LN,NASHVILLE,TN,37217,8801,SOUTH,36.1357,-86.7249,POINT (-86.7249 36.1357)