Accident Number,Date and Time,Number of Motor Vehicles,Number of Injuries,Number of Fatalities,Property Damage,Hit and Run,Reporting Officer,Collision Type Code,Collision Type Description,Weather Code,Weather Description,Illumination Code,Illumination Description,Harmful Code,Harmful Code Description,Street Address,City,State,ZIP,RPA,Precinct,Latitude,Longitude,Mapped Location
20190637739,08/26/2019 04:48:00 PM,2,0,0,,Y,256383,5,SIDESWIPE - SAME DIRECTION,22,CLOUDY,1,DAYLIGHT,12,MOTOR VEHICLE IN TRANSPORT,BELL RD & MT VIEW RD,ANTIOCH,TN,37013,8865,SOUTH,36.05,-86.6496,POINT (-86.6496 36.05)
20190838705,11/19/2019 04:38:00 PM,2,0,0,,N,887598,5,SIDESWIPE - SAME DIRECTION,21,CLEAR,5,DUSK,12,MOTOR VEHICLE IN TRANSPORT,GALLATIN PKE & KIRKLAND AV,NASHVILLE,TN,37216,1439,EAST,36.2093,-86.7343,POINT (-86.7343 36.2093)
20190644814,08/29/2019 11:56:00 AM,2,1,0,,N,140808,5,SIDESWIPE - SAME DIRECTION,21,CLEAR,1,DAYLIGHT,12,MOTOR VEHICLE IN TRANSPORT,WEST END AV & ELLISTON PL,NASHVILLE,TN,37212,5717,MIDTOW,36.1475,-86.8074,POINT (-86.8074 36.1475)
20190885433,12/10/2019 04:50:00 AM,1,0,0,Y,N,320578,0,NOT COLLISION W/MOTOR VEHICLE-TRANSPORT,2,RAIN,3,DARK - LIGHTED,30,UTILITY POLE,MM 56 0 I 24,NASHVILLE,TN,37211,8708,SOUTH,36.0818,-86.6975,POINT (-86.6975 36.0818)
20190753120,10/14/2019 08:10:00 AM,3,0,0,,N,279110,2,HEAD-ON,21,CLEAR,1,DAYLIGHT,12,MOTOR VEHICLE IN TRANSPORT,COLLIER AV & NOLENSVILLE PKE,NASHVILLE,TN,37211,8425,SOUTH,36.1101,-86.7448,POINT (-86.7448 36.1101)
20190878565,12/06/2019 07:07:00 PM,2,0,0,,Y,352161,11,Front to Rear,21,CLEAR,3,DARK - LIGHTED,12,MOTOR VEHICLE IN TRANSPORT,28TH AVN & CHARLOTTE AV,NASHVILLE,TN,37209,5341,MIDTOW,36.154,-86.8182,POINT (-86.8182 36.154)
20190689834,09/17/2019 08:17:00 AM,2,1,0,,N,584947,11,Front to Rear,21,CLEAR,1,DAYLIGHT,12,MOTOR VEHICLE IN TRANSPORT,I65 S ENT RAMP & OLD HICKORY BLVD,NASHVILLE,TN,37220,7111,MIDTOW,36.0376,-86.7851,POINT (-86.7851 36.0376)
20190696167,09/19/2019 02:50:00 PM,2,0,0,,N,320579,4,ANGLE,21,CLEAR,1,DAYLIGHT,12,MOTOR VEHICLE IN TRANSPORT,GALLATIN AV & MANSFIELD ST,NASHVILLE,TN,37206,1937,EAST,36.1814,-86.7494,POINT (-86.7494 36.1814)
20190595709,08/10/2019 01:18:00 PM,3,0,0,,N,212325,11,Front to Rear,21,CLEAR,1,DAYLIGHT,12,MOTOR VEHICLE IN TRANSPORT,GALLATIN PKES & BERKLEY DR,MADISON,TN,37115,1519,MADISO,36.247,-86.721,POINT (-86.721 36.247)
20190713496,09/26/2019 09:13:00 PM,2,0,0,,Y,240983,11,Front to Rear,21,CLEAR,2,DARK - NOT LIGHTED,12,MOTOR VEHICLE IN TRANSPORT,MM 61 8 I 24,ANTIOCH,TN,37013,8806,SOUTH,36.0231,-86.6301,POINT (-86.6301 36.0231)
20190686297,09/15/2019 07:35:00 PM,2,0,0,,Y,330412,4,ANGLE,21,CLEAR,3,DARK - LIGHTED,12;99,MOTOR VEHICLE IN TRANSPORT;UNKNOWN MOST HARMFUL EVENT,ALTA LOMA RD & GLEAVES ST,MADISON,TN,37115,1757,MADISO,36.2945,-86.7053,POINT (-86.7053 36.2945)
20190889381,12/11/2019 03:40:00 PM,2,0,0,,N,256501,11,Front to Rear,21,CLEAR,1,DAYLIGHT,12,MOTOR VEHICLE IN TRANSPORT,BUENA VISTA PKE & EAST LN,NASHVILLE,TN,37218,3101,NORTH,36.2012,-86.8224,POINT (-86.8224 36.2012)
20190625964,08/22/2019 12:13:00 AM,2,1,0,,N,256377,4,ANGLE,21,CLEAR,3,DARK - LIGHTED,12;33,MOTOR VEHICLE IN TRANSPORT;CURB,JUAREZ DR & LEBANON PKE,HERMITAGE,TN,37076,9531,HERMIT,36.1817,-86.6721,POINT (-86.6721 36.1817)
20190756857,10/15/2019 04:45:00 PM,2,0,0,,N,256384,5,SIDESWIPE - SAME DIRECTION,21,CLEAR,1,DAYLIGHT,12,MOTOR VEHICLE IN TRANSPORT,3RD AVS & 4TH AVS,NASHVILLE,TN,37210,8141,SOUTH,36.1449,-86.7654,POINT (-86.7654 36.1449)
20190611803,08/16/2019 04:45:00 PM,2,0,0,,N,714641,11,Front to Rear,21,CLEAR,1,DAYLIGHT,12,MOTOR VEHICLE IN TRANSPORT,CLARK PL & 10TH AVS,NASHVILLE,TN,37203,4041,CENTRA,36.155,-86.782,POINT (-86.782 36.155)
20190841529,11/20/2019 05:00:00 PM,2,0,0,,N,256384,11,Front to Rear,21,CLEAR,3,DARK - LIGHTED,12,MOTOR VEHICLE IN TRANSPORT,I440 W ENT RAMP & I 24,NASHVILLE,TN,37217,8801,SOUTH,36.1232,-86.7263,POINT (-86.7263 36.1232)
20190833658,11/17/2019 05:05:00 PM,2,1,0,,N,197054,11,Front to Rear,21,CLEAR,3,DARK - LIGHTED,12;41,MOTOR VEHICLE IN TRANSPORT;SHRUBBERY,MURFREESBORO PKE & PHILFRE CT,NASHVILLE,TN,37211,8803,SOUTH,36.078,-86.6829,POINT (-86.6829 36.078)
20190914630,12/22/2019 06:56:00 PM,2,2,0,,N,298877,11,Front to Rear,2,RAIN,3,DARK - LIGHTED,12,MOTOR VEHICLE IN TRANSPORT,NOLENSVILLE PKE & WELCH RD,NASHVILLE,TN,37211,8445,SOUTH,36.083,-86.7274,POINT (-86.7274 36.083)
20190890857,12/12/2019 05:00:00 AM,2,0,0,,N,299270,4,ANGLE,21,CLEAR,2,DARK - NOT LIGHTED,12,MOTOR VEHICLE IN TRANSPORT,15TH AVN & CHURCH ST,NASHVILLE,TN,37203,5517,MIDTOW,36.1574,-86.7927,POINT (-86.7927 36.1574)
20190592484,08/09/2019 07:40:00 AM,3,0,0,,N,109534,11,Front to Rear,21,CLEAR,1,DAYLIGHT,12,MOTOR VEHICLE IN TRANSPORT,OLD HICKORY BLVD & CENTER ST,OLD HICKORY,TN,37138,9717,HERMIT,36.2252,-86.6256,POINT (-86.6256 36.2252)
20190682763,09/13/2019 10:15:00 PM,2,0,0,,Y,109519,6,SIDESWIPE - OPPOSITE DIRECTION,21,CLEAR,2,DARK - NOT LIGHTED,12,MOTOR VEHICLE IN TRANSPORT,1034 WOODVALE DR,NASHVILLE,TN,37204,7021,MIDTOW,36.1021,-86.7928,POINT (-86.7928 36.1021)
20190709702,09/25/2019 10:30:00 AM,1,0,0,,N,352207,0,NOT COLLISION W/MOTOR VEHICLE-TRANSPORT,21,CLEAR,1,DAYLIGHT,12;42,MOTOR VEHICLE IN TRANSPORT;TREE,23RD AVN & WEST END AV,NASHVILLE,TN,37203,5615,MIDTOW,36.1493,-86.8049,POINT (-86.8049 36.1493)
20190692442,09/18/2019 07:13:00 AM,3,0,0,,Y,191578,11,Front to Rear,21,CLEAR,1,DAYLIGHT,12,MOTOR VEHICLE IN TRANSPORT,LEBANON PKE & J B ESTILLE DR,NASHVILLE,TN,37214,9125,HERMIT,36.1687,-86.6669,POINT (-86.6669 36.1687)
20190899737,12/16/2019 08:29:00 AM,2,0,0,,Y,716886,5,SIDESWIPE - SAME DIRECTION,2,RAIN,1,DAYLIGHT,12,MOTOR VEHICLE IN TRANSPORT,MM 62 8 I 24,ANTIOCH,TN,37013,8804,SOUTH,36.0118,-86.6175,POINT (-86.6175 36.0118)
20190817276,11/10/2019 03:50:00 PM,2,0,0,,Y,311328,11,Front to Rear,21,CLEAR,1,DAYLIGHT,12,MOTOR VEHICLE IN TRANSPORT,JAMES ROBERTSON PKWY & 6TH AVN,NASHVILLE,TN,37219,4203,CENTRA,36.1687,-86.7847,POINT (-86.7847 36.1687)
20190810325,11/07/2019 11:54:00 AM,3,0,0,,N,414668,11,Front to Rear,2,RAIN,1,DAYLIGHT,12,MOTOR VEHICLE IN TRANSPORT,MM 87 0 I 65,NASHVILLE,TN,37207,18020,EAST,36.2018,-86.7766,POINT (-86.7766 36.2018)
20190837600,11/19/2019 07:35:00 AM,2,0,0,,N,628640,4,ANGLE,22,CLOUDY,1,DAYLIGHT,12,MOTOR VEHICLE IN TRANSPORT,LUTIE ST & STERLING BOONE DR,NASHVILLE,TN,37210,8329,SOUTH,36.1169,-86.7387,POINT (-86.7387 36.1169)
20190880193,12/07/2019 06:16:00 PM,2,0,0,,Y,256383,11,Front to Rear,21,CLEAR,2,DARK - NOT LIGHTED,12,MOTOR VEHICLE IN TRANSPORT,HAYWOOD LN & EAST RIDGE DR,NASHVILLE,TN,37211,8707,SOUTH,36.07,-86.6985,POINT (-86.6985 36.07)
20190861862,11/29/2019 07:32:00 PM,3,0,0,,N,240983,4,ANGLE,21,CLEAR,3,DARK - LIGHTED,12,MOTOR VEHICLE IN TRANSPORT,HARDING PL & RECOVERY RD,NASHVILLE,TN,37211,8705,SOUTH,36.0804,-86.7179,POINT (-86.7179 36.0804)
20190873176,12/04/2019 07:17:00 PM,3,1,0,,N,256392,4,ANGLE,21,CLEAR,3,DARK - LIGHTED,12,MOTOR VEHICLE IN TRANSPORT,CLARKSVILLE PKE & NORTHSIDE STATION PVTD,NASHVILLE,TN,37218,3141,NORTH,36.2113,-86.8389,POINT (-86.8389 36.2113)
20190630508,08/23/2019 03:01:00 PM,2,0,0,,N,212343,11,Front to Rear,22,CLOUDY,1,DAYLIGHT,12,MOTOR VEHICLE IN TRANSPORT,MM 47 0 I 24,NASHVILLE,TN,37207,1910,CENTRA,36.1886,-86.7761,POINT (-86.7761 36.1886)
20190737544,10/07/2019 01:53:00 PM,1,1,0,Y,N,311799,0,NOT COLLISION W/MOTOR VEHICLE-TRANSPORT,22,CLOUDY,1,DAYLIGHT,1;40;41;42,MAIL BOX;SHRUBBERY;TREE,BRIARVILLE RD & S GRAYCROFT AV,MADISON,TN,37115,1799,MADISO,36.246,-86.7359,POINT (-86.7359 36.246)
20190862766,11/30/2019 12:00:00 AM,1,0,0,,N,278580,0,NOT COLLISION W/MOTOR VEHICLE-TRANSPORT,22,CLOUDY,1,DAYLIGHT,42;63,TREE;Ran Off Road-Right,MM 38 2 I 24,WHITES CREEK,TN,37189,2212,NORTH,36.3069,-86.8181,POINT (-86.8181 36.3069)
20190755770,10/15/2019 07:57:00 AM,2,0,0,,N,620061,5,SIDESWIPE - SAME DIRECTION,21,CLEAR,1,DAYLIGHT,12,MOTOR VEHICLE IN TRANSPORT,FRANKLIN PKE & HARDING PL,NASHVILLE,TN,37204,7027,MIDTOW,36.0866,-86.772,POINT (-86.772 36.0866)
20190840510,11/20/2019 09:15:00 AM,2,0,0,,Y,676834,4,ANGLE,21,CLEAR,1,DAYLIGHT,12,MOTOR VEHICLE IN TRANSPORT,WHITES CREEK PKE & FREE SILVER RD,NASHVILLE,TN,37207,3039,NORTH,36.2092,-86.7955,POINT (-86.7955 36.2092)
20190676449,09/11/2019 03:26:00 PM,2,0,0,,N,256383,11,Front to Rear,21,CLEAR,1,DAYLIGHT,12,MOTOR VEHICLE IN TRANSPORT,MM 54 9 I 24,NASHVILLE,TN,37211,8812,SOUTH,36.0962,-86.7081,POINT (-86.7081 36.0962)
20190669180,09/08/2019 04:40:00 PM,2,1,0,,N,565785,11,Front to Rear,21,CLEAR,1,DAYLIGHT,12,MOTOR VEHICLE IN TRANSPORT,WEDGEWOOD AV & I65 N ENT RAMP,NASHVILLE,TN,37204,8027,MIDTOW,36.1343,-86.7747,POINT (-86.7747 36.1343)
20190781490,10/26/2019 03:50:00 AM,1,0,0,Y,N,279201,0,NOT COLLISION W/MOTOR VEHICLE-TRANSPORT,2,RAIN,2,DARK - NOT LIGHTED,40,MAIL BOX,PLANTATION DR & BONNAVISTA DR,HERMITAGE,TN,37076,9601,HERMIT,36.1993,-86.6346,POINT (-86.6346 36.1993)
20190918839,12/24/2019 07:30:00 PM,2,0,0,,Y,225894,5,SIDESWIPE - SAME DIRECTION,21,CLEAR,3,DARK - LIGHTED,12,MOTOR VEHICLE IN TRANSPORT,STEWARTS FERRY PKE & MTMHI PVTDR,NASHVILLE,TN,37214,9407,HERMIT,36.1625,-86.6477,POINT (-86.6477 36.1625)
20190832077,11/16/2019 08:00:00 PM,1,1,0,,N,256427,9,UNKNOWN,21,CLEAR,3,DARK - LIGHTED,99,UNKNOWN MOST HARMFUL EVENT,GREEN ST & EXIT 212,NASHVILLE,TN,37210,9005,HERMIT,36.1526,-86.7536,POINT (-86.7536 36.1526)
20190785338,10/28/2019 07:05:00 AM,2,1,0,,N,909494,4,ANGLE,22,CLOUDY,1,DAYLIGHT,12,MOTOR VEHICLE IN TRANSPORT,FERN AV & WHITES CREEK PKE,NASHVILLE,TN,37207,1867,EAST,36.1955,-86.7751,POINT (-86.7751 36.1955)
20190793914,10/31/2019 01:42:00 PM,2,0,0,,N,665896,5,SIDESWIPE - SAME DIRECTION,22,CLOUDY,1,DAYLIGHT,12,MOTOR VEHICLE IN TRANSPORT,N 7TH ST & MAIN ST,NASHVILLE,TN,37206,1997,EAST,36.1746,-86.761,POINT (-86.761 36.1746)
20190821915,11/12/2019 03:32:00 PM,2,0,0,,N,151132,5,SIDESWIPE - SAME DIRECTION,21,CLEAR,1,DAYLIGHT,12,MOTOR VEHICLE IN TRANSPORT,GALLATIN PKEN & CUDE LN,MADISON,TN,37115,1731,MADISO,36.2998,-86.6965,POINT (-86.6965 36.2998)
20190648172,08/30/2019 05:00:00 PM,2,0,0,,N,298874,11,Front to Rear,21,CLEAR,1,DAYLIGHT,12,MOTOR VEHICLE IN TRANSPORT,WOODLAND ST & MCFERRIN AV,NASHVILLE,TN,37206,1129,EAST,36.1753,-86.7556,POINT (-86.7556 36.1753)
20190805393,11/05/2019 01:10:00 PM,2,0,0,,N,348631,11,Front to Rear,21,CLEAR,1,DAYLIGHT,12,MOTOR VEHICLE IN TRANSPORT,DICKERSON PKE & E TRINITY LN,NASHVILLE,TN,37207,1861,EAST,36.2055,-86.7684,POINT (-86.7684 36.2055)
20190661564,09/05/2019 08:45:00 AM,2,0,0,,N,716886,11,Front to Rear,21,CLEAR,1,DAYLIGHT,12,MOTOR VEHICLE IN TRANSPORT,BRILEY PKWYS & BRILEY PKWYN,NASHVILLE,TN,37218,3212,NORTH,36.2142,-86.8724,POINT (-86.8724 36.2142)
20190616085,08/18/2019 11:15:00 AM,2,0,0,,N,653629,4,ANGLE,21,CLEAR,1,DAYLIGHT,12,MOTOR VEHICLE IN TRANSPORT,LEBANON PKE & ANDREW JACKSON PKWY,HERMITAGE,TN,37076,9537,HERMIT,36.2151,-86.5962,POINT (-86.5962 36.2151)
20190777586,10/24/2019 12:43:00 PM,2,0,0,,N,191578,11,Front to Rear,21,CLEAR,1,DAYLIGHT,12,MOTOR VEHICLE IN TRANSPORT,MM 211 5 I 40,NASHVILLE,TN,37210,8204,HERMIT,36.1514,-86.7517,POINT (-86.7517 36.1514)
20190606366,08/14/2019 02:00:00 PM,2,0,0,,Y,524985,11,Front to Rear,21,CLEAR,1,DAYLIGHT,14,PARKED MOTOR VEHICLE,ARTIC AV & BRICK CHURCH PKE,NASHVILLE,TN,37207,3007,NORTH,36.2037,-86.7795,POINT (-86.7795 36.2037)
20190855473,11/26/2019 04:25:00 PM,2,0,0,,N,192872,2,HEAD-ON,2,RAIN,98,OTHER,12,MOTOR VEHICLE IN TRANSPORT,DICKERSON PKE & BROADMOOR DR,NASHVILLE,TN,37207,1809,EAST,36.2277,-86.7596,POINT (-86.7596 36.2277)
20190878737,12/06/2019 06:26:00 PM,1,0,0,Y,Y,306708,0,NOT COLLISION W/MOTOR VEHICLE-TRANSPORT,21,CLEAR,3,DARK - LIGHTED,30,UTILITY POLE,SEALEY DR & ROOSEVELT AV,MADISON,TN,37115,1711,MADISO,36.2703,-86.7016,POINT (-86.7016 36.2703)
20190824026,11/13/2019 10:06:00 AM,2,0,0,,N,525538,5,SIDESWIPE - SAME DIRECTION,21,CLEAR,1,DAYLIGHT,12,MOTOR VEHICLE IN TRANSPORT,14TH AVS & BROADWAY,NASHVILLE,TN,37203,5701,MIDTOW,36.1557,-86.7897,POINT (-86.7897 36.1557)
20190723895,10/01/2019 12:59:00 PM,2,0,0,,N,225773,11,Front to Rear,21,CLEAR,1,DAYLIGHT,12,MOTOR VEHICLE IN TRANSPORT,WEDGEWOOD AV & 8TH AVS,NASHVILLE,TN,37204,6919,MIDTOW,36.1343,-86.7796,POINT (-86.7796 36.1343)
20190747554,10/11/2019 02:10:00 PM,2,0,0,,Y,311332,6,SIDESWIPE - OPPOSITE DIRECTION,22,CLOUDY,1,DAYLIGHT,12,MOTOR VEHICLE IN TRANSPORT,OLD HICKORY BLVD & BELLE FOREST SHOPPING,NASHVILLE,TN,37205,4903,WEST,36.0756,-86.921,POINT (-86.921 36.0756)
20190696685,09/19/2019 05:48:00 PM,2,0,0,,N,887598,4,ANGLE,21,CLEAR,1,DAYLIGHT,12,MOTOR VEHICLE IN TRANSPORT,MEHARRY BLVD & DR D B TODD JR BLVD,NASHVILLE,TN,37208,5327,NORTH,36.1681,-86.8078,POINT (-86.8078 36.1681)
20190857990,11/27/2019 12:00:00 AM,2,0,0,,N,212344,4,ANGLE,21,CLEAR,3,DARK - LIGHTED,12,MOTOR VEHICLE IN TRANSPORT,GALLATIN PKE & DELMAS AV,NASHVILLE,TN,37216,1401,EAST,36.1992,-86.7409,POINT (-86.7409 36.1992)
20190607915,08/15/2019 06:33:00 AM,2,0,0,,N,462474,11,Front to Rear,21,CLEAR,1,DAYLIGHT,12,MOTOR VEHICLE IN TRANSPORT,BROADWAY & 20TH AVS,NASHVILLE,TN,37203,5711,MIDTOW,36.1496,-86.798,POINT (-86.798 36.1496)
20190662464,09/05/2019 04:25:00 PM,2,0,0,,N,330415,11,Front to Rear,21,CLEAR,1,DAYLIGHT,12,MOTOR VEHICLE IN TRANSPORT,0 I 40,NASHVILLE,TN,37210,9002,HERMIT,36.1532,-86.7556,POINT (-86.7556 36.1532)
20190816859,11/10/2019 10:05:00 AM,2,0,0,,Y,419997,4,ANGLE,21,CLEAR,1,DAYLIGHT,12,MOTOR VEHICLE IN TRANSPORT,US HWY 70 & LELLYETT ST,NASHVILLE,TN,37209,5025,WEST,36.1489,-86.8642,POINT (-86.8642 36.1489)
20190900909,12/16/2019 07:22:00 PM,2,0,0,,Y,352168,16,Rear to Side,2,RAIN,3,DARK - LIGHTED,14,PARKED MOTOR VEHICLE,NOLENSVILLE PKE & YELTON CT,NASHVILLE,TN,37211,8435,SOUTH,36.0911,-86.7348,POINT (-86.7348 36.0911)
20190698940,09/20/2019 05:53:00 PM,2,1,0,,N,384410,2,HEAD-ON,21,CLEAR,1,DAYLIGHT,12,MOTOR VEHICLE IN TRANSPORT,SIDCO DR & POWELL AV,NASHVILLE,TN,37204,8531,MIDTOW,36.0943,-86.7582,POINT (-86.7582 36.0943)
20190791075,10/30/2019 09:55:00 AM,1,0,0,Y,N,224955,0,NOT COLLISION W/MOTOR VEHICLE-TRANSPORT,2,RAIN,1,DAYLIGHT,40,MAIL BOX,OLD HICKORY BLVDW & NESBITT LN,MADISON,TN,37115,2041,MADISO,36.2658,-86.7407,POINT (-86.7407 36.2658)
20190847095,11/22/2019 12:00:00 AM,2,0,0,,Y,352156,4,ANGLE,21,CLEAR,3,DARK - LIGHTED,12;14,MOTOR VEHICLE IN TRANSPORT;PARKED MOTOR VEHICLE,EDGE O LAKE DR & DOVER GLEN PVTDR,ANTIOCH,TN,37013,8861,SOUTH,36.0745,-86.6478,POINT (-86.6478 36.0745)
20190677407,09/12/2019 12:29:00 AM,1,0,0,Y,N,468098,0,NOT COLLISION W/MOTOR VEHICLE-TRANSPORT,21,CLEAR,3,DARK - LIGHTED,38,FENCE,BLUE HOLE RD & BELL RD,ANTIOCH,TN,37013,8721,SOUTH,36.0458,-86.6744,POINT (-86.6744 36.0458)
20190683778,09/14/2019 11:28:00 AM,2,0,0,,N,179602,4,ANGLE,21,CLEAR,1,DAYLIGHT,12,MOTOR VEHICLE IN TRANSPORT,BAPTIST WORLD CENTER DR & VASHTI ST,NASHVILLE,TN,37207,3001,NORTH,36.1949,-86.7798,POINT (-86.7798 36.1949)
20190931278,12/31/2019 07:25:00 AM,2,2,0,,N,384435,6,SIDESWIPE - OPPOSITE DIRECTION,21,CLEAR,1,DAYLIGHT,12,MOTOR VEHICLE IN TRANSPORT,CHARLOTTE AV & 35TH AVN,NASHVILLE,TN,37209,5237,WEST,36.1528,-86.826,POINT (-86.826 36.1528)
20190592650,08/09/2019 12:00:00 AM,2,0,0,,Y,716886,5,SIDESWIPE - SAME DIRECTION,21,CLEAR,1,DAYLIGHT,14,PARKED MOTOR VEHICLE,GROVEDALE TRC & PIN HOOK RD,ANTIOCH,TN,37013,8927,SOUTH,36.0502,-86.606,POINT (-86.606 36.0502)
20190600724,08/12/2019 03:02:00 PM,2,0,0,,N,151132,5,SIDESWIPE - SAME DIRECTION,21,CLEAR,1,DAYLIGHT,12,MOTOR VEHICLE IN TRANSPORT,MM 91 3 I 65,MADISON,TN,37115,2006,MADISO,36.2514,-86.7406,POINT (-86.7406 36.2514)
20190690856,09/17/2019 04:54:00 PM,2,1,0,,N,320597,11,Front to Rear,21,CLEAR,1,DAYLIGHT,12,MOTOR VEHICLE IN TRANSPORT,MM 62 8 I 24,ANTIOCH,TN,37013,8804,SOUTH,36.0118,-86.6175,POINT (-86.6175 36.0118)
20190610525,08/16/2019 05:00:00 AM,1,1,0,,N,330411,0,NOT COLLISION W/MOTOR VEHICLE-TRANSPORT,21,CLEAR,4,DAWN,24;36,GUARDRAIL FACE;CONCRETE TRAFFIC BARRIER,MM 36 7 I 24,WHITES CREEK,TN,37189,33180,NORTH,36.3184,-86.8397,POINT (-86.8397 36.3184)
20190589109,08/08/2019 04:34:00 AM,2,1,0,,N,279198,4,ANGLE,21,CLEAR,3,DARK - LIGHTED,12,MOTOR VEHICLE IN TRANSPORT,WOODLAND ST & S 6TH ST,NASHVILLE,TN,37206,1117,EAST,36.1727,-86.7625,POINT (-86.7625 36.1727)
20190854063,11/26/2019 12:00:00 AM,1,0,0,,Y,330441,0,NOT COLLISION W/MOTOR VEHICLE-TRANSPORT,21,CLEAR,3,DARK - LIGHTED,33;55,CURB;Motor Vehicle-In-Motion Outside Trafficw,ALBION ST & 34TH AVN,NASHVILLE,TN,37209,4565,NORTH,36.1631,-86.8274,POINT (-86.8274 36.1631)
20190777268,10/24/2019 09:55:00 AM,2,0,0,,N,225777,4,ANGLE,21,CLEAR,1,DAYLIGHT,12,MOTOR VEHICLE IN TRANSPORT,HIGHWAY 70S & BELLEVUE CTR PVTDR,NASHVILLE,TN,37221,4811,WEST,36.0785,-86.9508,POINT (-86.9508 36.0785)
20190765683,10/19/2019 05:36:00 AM,2,2,0,,Y,109522,11,Front to Rear,21,CLEAR,3,DARK - LIGHTED,12;36,MOTOR VEHICLE IN TRANSPORT;CONCRETE TRAFFIC BARRIER,MM 2 5 I 440,NASHVILLE,TN,37215,6008,WEST,36.124,-86.8116,POINT (-86.8116 36.124)
20190725789,10/02/2019 08:01:00 AM,2,0,0,,N,109534,11,Front to Rear,21,CLEAR,1,DAYLIGHT,12,MOTOR VEHICLE IN TRANSPORT,LEBANON PKE & CENTRAL PKE,HERMITAGE,TN,37076,9601,HERMIT,36.1868,-86.6316,POINT (-86.6316 36.1868)
20190747564,10/11/2019 02:33:00 PM,2,0,0,,N,320603,11,Front to Rear,21,CLEAR,1,DAYLIGHT,12,MOTOR VEHICLE IN TRANSPORT,US HWY 70S & CONNECTING ROAD,NASHVILLE,TN,37205,6123,WEST,36.1037,-86.8695,POINT (-86.8695 36.1037)
20190840217,11/20/2019 06:55:00 AM,3,0,0,,N,166478,11,Front to Rear,21,CLEAR,1,DAYLIGHT,12,MOTOR VEHICLE IN TRANSPORT,MM 85 0 I 65,NASHVILLE,TN,37208,43021,NORTH,36.1799,-86.8005,POINT (-86.8005 36.1799)
20190791709,10/30/2019 12:00:00 AM,2,2,0,,N,212344,11,Front to Rear,2,RAIN,1,DAYLIGHT,12,MOTOR VEHICLE IN TRANSPORT,GALLATIN PKE & BROADMOOR DR,NASHVILLE,TN,37216,1513,EAST,36.2295,-86.7251,POINT (-86.7251 36.2295)
20190649629,08/31/2019 03:38:00 AM,2,0,0,,N,212334,5,SIDESWIPE - SAME DIRECTION,21,CLEAR,2,DARK - NOT LIGHTED,12,MOTOR VEHICLE IN TRANSPORT,MM 40 4 I 24,WHITES CREEK,TN,37189,3314,NORTH,36.2786,-86.8016,POINT (-86.8016 36.2786)
20190780140,10/25/2019 01:50:00 PM,2,0,0,,Y,384433,11,Front to Rear,2,RAIN,1,DAYLIGHT,12,MOTOR VEHICLE IN TRANSPORT,HERMITAGE AV & LEA AV,NASHVILLE,TN,37210,4033,CENTRA,36.1566,-86.7687,POINT (-86.7687 36.1566)
20190675697,09/11/2019 09:40:00 AM,2,0,0,,N,109534,11,Front to Rear,21,CLEAR,1,DAYLIGHT,12,MOTOR VEHICLE IN TRANSPORT,MM 212 8 I 40,NASHVILLE,TN,37210,90040,HERMIT,36.1425,-86.7353,POINT (-86.7353 36.1425)
20190793741,10/31/2019 12:30:00 PM,3,2,0,,N,191578,4,ANGLE,22,CLOUDY,1,DAYLIGHT,12,MOTOR VEHICLE IN TRANSPORT,INTERSTATE DR & SHELBY AV,NASHVILLE,TN,37213,1107,CENTRA,36.1668,-86.7661,POINT (-86.7661 36.1668)
20190829765,11/15/2019 05:45:00 PM,2,0,0,,N,256384,11,Front to Rear,21,CLEAR,3,DARK - LIGHTED,12,MOTOR VEHICLE IN TRANSPORT,EAST THOMPSON LN & CURREY RD,NASHVILLE,TN,37211,8809,SOUTH,36.1189,-86.7186,POINT (-86.7186 36.1189)
20190927884,12/29/2019 06:15:00 PM,2,0,0,,N,320577,4,ANGLE,2,RAIN,3,DARK - LIGHTED,12,MOTOR VEHICLE IN TRANSPORT,MM 210 3 I 40,NASHVILLE,TN,37203,80021,MIDTOW,36.15,-86.7719,POINT (-86.7719 36.15)
20190894687,12/13/2019 04:35:00 PM,1,0,0,,N,320582,0,NOT COLLISION W/MOTOR VEHICLE-TRANSPORT,2,RAIN,5,DUSK,32;34;63,CULVERT;DITCH;Ran Off Road-Right,EWING DR & BROADMOOR DR,NASHVILLE,TN,37207,1807,EAST,36.23,-86.7626,POINT (-86.7626 36.23)
20190635794,08/25/2019 09:31:00 PM,2,1,0,,N,109536,4,ANGLE,2,RAIN,3,DARK - LIGHTED,12,MOTOR VEHICLE IN TRANSPORT,BRICK CHURCH PKE & MOOREWOOD DR,NASHVILLE,TN,37207,2031,MADISO,36.2332,-86.7814,POINT (-86.7814 36.2332)
20190821558,11/12/2019 12:45:00 PM,2,0,0,,N,405391,4,ANGLE,21,CLEAR,1,DAYLIGHT,12,MOTOR VEHICLE IN TRANSPORT,CHARLOTTE PKE & RUSSLEO DR,NASHVILLE,TN,37209,5021,WEST,36.1401,-86.8793,POINT (-86.8793 36.1401)
20190607359,08/14/2019 11:16:00 PM,2,0,0,,N,197060,5,SIDESWIPE - SAME DIRECTION,21,CLEAR,2,DARK - NOT LIGHTED,12,MOTOR VEHICLE IN TRANSPORT,640 MYATT DR,MADISON,TN,37115,1721,MADISO,36.2917,-86.6943,POINT (-86.6943 36.2917)