Accident Number,Date and Time,Number of Motor Vehicles,Number of Injuries,Number of Fatalities,Property Damage,Hit and Run,Reporting Officer,Collision Type Code,Collision Type Description,Weather Code,Weather Description,Illumination Code,Illumination Description,Harmful Code,Harmful Code Description,Street Address,City,State,ZIP,RPA,Precinct,Latitude,Longitude,Mapped Location
20190634042,08/25/2019 12:02:00 AM,2,0,0,,N,256488,5,SIDESWIPE - SAME DIRECTION,21,CLEAR,3,DARK - LIGHTED,12,MOTOR VEHICLE IN TRANSPORT,1ST AVS & DOWNTOWN GRNWY,NASHVILLE,TN,37201,4101,CENTRA,36.1612,-86.7737,POINT (-86.7737 36.1612)
20190863783,11/30/2019 08:20:00 PM,2,1,0,,N,298860,4,ANGLE,2,RAIN,2,DARK - NOT LIGHTED,13,MOTOR VEHICLE IN TRANSPORT-OTHER ROADWAY,OLD HICKORY BLVD & BELL RD,HERMITAGE,TN,37076,9545,HERMIT,36.1613,-86.5971,POINT (-86.5971 36.1613)
20190681204,09/13/2019 09:37:00 AM,2,0,0,,N,311804,11,Front to Rear,21,CLEAR,1,DAYLIGHT,12,MOTOR VEHICLE IN TRANSPORT,MM 209 6 I 40,NASHVILLE,TN,37203,40040,CENTRA,36.1497,-86.7832,POINT (-86.7832 36.1497)
20190760053,10/16/2019 11:30:00 PM,2,0,0,,N,175719,4,ANGLE,22,CLOUDY,3,DARK - LIGHTED,12,MOTOR VEHICLE IN TRANSPORT,BROADMOOR DR & DICKERSON PKE,NASHVILLE,TN,37207,1809,EAST,36.2294,-86.7593,POINT (-86.7593 36.2294)
20190932484,12/31/2019 06:57:00 PM,2,0,0,,N,256389,4,ANGLE,21,CLEAR,3,DARK - LIGHTED,12,MOTOR VEHICLE IN TRANSPORT,OLD HICKORY BLVD & BRENTWOOD EAST DR,NASHVILLE,TN,37211,8651,MIDTOW,36.0452,-86.7154,POINT (-86.7154 36.0452)
20190924354,12/27/2019 06:25:00 PM,2,0,0,,N,352156,4,ANGLE,21,CLEAR,5,DUSK,12,MOTOR VEHICLE IN TRANSPORT,BRILEY PKWYN & EAST THOMPSON LN,NASHVILLE,TN,37211,8423,SOUTH,36.1095,-86.7281,POINT (-86.7281 36.1095)
20190712526,09/26/2019 12:45:00 PM,1,1,0,,N,320595,0,NOT COLLISION W/MOTOR VEHICLE-TRANSPORT,22,CLOUDY,1,DAYLIGHT,39,WALL,I40 E EXT RAMP & I 40,NASHVILLE,TN,37214,8955,HERMIT,36.155,-86.6271,POINT (-86.6271 36.155)
20190766643,10/19/2019 05:34:00 PM,2,0,0,,Y,212343,5,SIDESWIPE - SAME DIRECTION,22,CLOUDY,4,DAWN,12,MOTOR VEHICLE IN TRANSPORT,KOREAN VETERANS BLVD & DAVIDSON ST,NASHVILLE,TN,37213,1001,CENTRA,36.1611,-86.7694,POINT (-86.7694 36.1611)
20190618515,08/19/2019 12:36:00 PM,2,0,0,,N,332253,4,ANGLE,21,CLEAR,1,DAYLIGHT,12,MOTOR VEHICLE IN TRANSPORT,OLD HICKORY BLVD & HICKORY HILLS BLVD,WHITES CREEK,TN,37189,2015,MADISO,36.277,-86.7962,POINT (-86.7962 36.277)
20190687967,09/16/2019 02:48:00 PM,3,1,0,,Y,151132,2,HEAD-ON,21,CLEAR,1,DAYLIGHT,12,MOTOR VEHICLE IN TRANSPORT,CREEKWOOD DR & RICHMOND HILL DR,NASHVILLE,TN,37207,2005,MADISO,36.2314,-86.7735,POINT (-86.7735 36.2314)
20190800266,11/03/2019 09:40:00 AM,1,0,0,Y,N,151152,0,NOT COLLISION W/MOTOR VEHICLE-TRANSPORT,21,CLEAR,1,DAYLIGHT,40,MAIL BOX,OLD MATTHEWS RD & SILAS DR,NASHVILLE,TN,37207,3047,NORTH,36.2166,-86.7895,POINT (-86.7895 36.2166)
20190820845,11/12/2019 06:50:00 AM,2,2,0,,N,716886,4,ANGLE,21,CLEAR,1,DAYLIGHT,12,MOTOR VEHICLE IN TRANSPORT,WELCH RD & TRAVIS DR,NASHVILLE,TN,37211,8445,SOUTH,36.0832,-86.7246,POINT (-86.7246 36.0832)
20190846345,11/22/2019 01:09:00 PM,2,0,0,,Y,240983,5,SIDESWIPE - SAME DIRECTION,22,CLOUDY,1,DAYLIGHT,12,MOTOR VEHICLE IN TRANSPORT,HARDING PL & ANTIOCH PKE,NASHVILLE,TN,37211,8847,SOUTH,36.0875,-86.6921,POINT (-86.6921 36.0875)
20190845248,11/22/2019 04:50:00 AM,1,1,0,,N,320590,0,NOT COLLISION W/MOTOR VEHICLE-TRANSPORT,2,RAIN,3,DARK - LIGHTED,23,BRIDGE RAIL,W TRINITY LN & DAY ST,NASHVILLE,TN,37207,3013,NORTH,36.2073,-86.805,POINT (-86.805 36.2073)
20190886885,12/10/2019 04:52:00 PM,3,2,0,,N,192871,11,Front to Rear,21,CLEAR,5,DUSK,12,MOTOR VEHICLE IN TRANSPORT,S GRAYCROFT AV & VANTREASE RD,MADISON,TN,37115,1777,MADISO,36.1651,-86.8013,POINT (-86.8013 36.1651)
20190909460,12/20/2019 03:00:00 AM,1,0,0,,Y,330416,0,NOT COLLISION W/MOTOR VEHICLE-TRANSPORT,21,CLEAR,2,DARK - NOT LIGHTED,3,,NANCY BETH DR & SPRING BRANCH DR,MADISON,TN,37115,1721,MADISO,36.2933,-86.6894,POINT (-86.6894 36.2933)
20190894618,12/13/2019 02:53:00 PM,2,0,0,,N,352197,2,HEAD-ON,2,RAIN,1,DAYLIGHT,12,MOTOR VEHICLE IN TRANSPORT,NOLENSVILLE PKE & ELYSIAN FIELDS CT,NASHVILLE,TN,37211,8415,SOUTH,36.0873,-86.7307,POINT (-86.7307 36.0873)
20190687130,09/16/2019 07:32:00 AM,2,0,0,,N,716886,5,SIDESWIPE - SAME DIRECTION,21,CLEAR,1,DAYLIGHT,14,PARKED MOTOR VEHICLE,I24 W ENT RAMP & I 24,NASHVILLE,TN,37206,1009,EAST,36.1666,-86.7638,POINT (-86.7638 36.1666)
20190749990,10/12/2019 06:31:00 PM,2,0,0,,N,352197,11,Front to Rear,21,CLEAR,3,DARK - LIGHTED,12,MOTOR VEHICLE IN TRANSPORT,MILL CREEK WHITTLEMORE GRNWY & SWISS AV,ANTIOCH,TN,37013,8757,SOUTH,36.0424,-86.7129,POINT (-86.7129 36.0424)
20190659354,09/04/2019 09:59:00 AM,2,2,0,,Y,716886,11,Front to Rear,21,CLEAR,1,DAYLIGHT,12,MOTOR VEHICLE IN TRANSPORT,BELL RD & HICKORY HOLLOW TER,ANTIOCH,TN,37013,8865,SOUTH,36.3008,-86.6948,POINT (-86.6948 36.3008)
20190868753,12/03/2019 05:56:00 AM,2,0,0,,N,320586,5,SIDESWIPE - SAME DIRECTION,21,CLEAR,4,DAWN,12,MOTOR VEHICLE IN TRANSPORT,MM 52 4 I 24,NASHVILLE,TN,37210,82061,HERMIT,36.139,-86.727,POINT (-86.727 36.139)
20190731914,10/04/2019 04:14:00 PM,2,0,0,,N,311333,11,Front to Rear,21,CLEAR,1,DAYLIGHT,12,MOTOR VEHICLE IN TRANSPORT,LAFAYETTE ST & CLAIBORNE ST,NASHVILLE,TN,37210,8147,SOUTH,36.1483,-86.7609,POINT (-86.7609 36.1483)
20190732130,10/04/2019 06:40:00 PM,2,0,0,,N,330425,11,Front to Rear,21,CLEAR,3,DARK - LIGHTED,12,MOTOR VEHICLE IN TRANSPORT,STATE HWY 155 & GALLATIN PIKE S,MADISON,TN,37115,1594,MADISO,36.2353,-86.7249,POINT (-86.7249 36.2353)
20190654557,09/02/2019 10:20:00 AM,2,0,0,,Y,716886,5,SIDESWIPE - SAME DIRECTION,21,CLEAR,1,DAYLIGHT,12,MOTOR VEHICLE IN TRANSPORT,MM 58 1 I 24,ANTIOCH,TN,37013,88080,SOUTH,36.0572,-86.6767,POINT (-86.6767 36.0572)
20190747864,10/11/2019 05:45:00 PM,2,0,0,,N,279224,4,ANGLE,2,RAIN,3,DARK - LIGHTED,12,MOTOR VEHICLE IN TRANSPORT,FATHERLAND ST & PROSPECT ST,NASHVILLE,TN,37206,1127,EAST,36.1733,-86.7544,POINT (-86.7544 36.1733)
20190596856,08/10/2019 10:43:00 PM,3,0,0,,N,311343,4,ANGLE,21,CLEAR,3,DARK - LIGHTED,12;54,MOTOR VEHICLE IN TRANSPORT;Set In Motion By Motor Vehicle,8TH AVS & WEDGEWOOD AV,NASHVILLE,TN,37203,6959,MIDTOW,36.1345,-86.7791,POINT (-86.7791 36.1345)
20190782396,10/26/2019 05:30:00 PM,2,1,0,,N,256412,5,SIDESWIPE - SAME DIRECTION,2,RAIN,5,DUSK,12,MOTOR VEHICLE IN TRANSPORT,CITATION DR & EZELL PKE,NASHVILLE,TN,37217,8849,SOUTH,36.1005,-86.6723,POINT (-86.6723 36.1005)
20190634740,08/25/2019 08:51:00 AM,2,0,0,,N,420059,5,SIDESWIPE - SAME DIRECTION,21,CLEAR,1,DAYLIGHT,12,MOTOR VEHICLE IN TRANSPORT,NOLENSVILLE PKE & WALLACE RD,NASHVILLE,TN,37211,8705,SOUTH,36.0782,-86.7259,POINT (-86.7259 36.0782)
20190659298,08/31/2019 05:15:00 PM,2,0,0,,Y,226092,5,SIDESWIPE - SAME DIRECTION,21,CLEAR,1,DAYLIGHT,12,MOTOR VEHICLE IN TRANSPORT,CLARKSVILLE PKE & CLIFF DR,NASHVILLE,TN,37218,3157,NORTH,36.1923,-86.8291,POINT (-86.8291 36.1923)
20190751996,10/13/2019 08:04:00 PM,2,0,0,,Y,579971,4,ANGLE,21,CLEAR,3,DARK - LIGHTED,12,MOTOR VEHICLE IN TRANSPORT,HAYWOOD LN & EZELL RD,NASHVILLE,TN,37211,8709,SOUTH,36.0696,-86.6944,POINT (-86.6944 36.0696)
20190650559,08/30/2019 07:00:00 PM,2,0,0,,Y,256392,11,Front to Rear,21,CLEAR,3,DARK - LIGHTED,12,MOTOR VEHICLE IN TRANSPORT,MORENA ST & DR D B TODD JR BLVD,NASHVILLE,TN,37208,5331,NORTH,36.165,-86.8066,POINT (-86.8066 36.165)
20190650241,08/31/2019 12:32:00 PM,1,0,0,Y,Y,110063,0,NOT COLLISION W/MOTOR VEHICLE-TRANSPORT,21,CLEAR,1,DAYLIGHT,31,"OTHER POST, POLE, SUPP.",VISTA LN & EWING DR,NASHVILLE,TN,37207,3045,NORTH,36.2319,-86.7956,POINT (-86.7956 36.2319)
20190690756,09/17/2019 03:58:00 PM,2,0,0,,N,151132,5,SIDESWIPE - SAME DIRECTION,21,CLEAR,1,DAYLIGHT,12,MOTOR VEHICLE IN TRANSPORT,MM 91 6 I 65,MADISON,TN,37115,2006,MADISO,36.2559,-86.7386,POINT (-86.7386 36.2559)
20190848755,11/23/2019 04:55:00 PM,2,0,0,,N,320597,4,ANGLE,2,RAIN,1,DAYLIGHT,12,MOTOR VEHICLE IN TRANSPORT,LUKER LN & TUSCULUM RD,ANTIOCH,TN,37013,8713,SOUTH,36.0539,-86.6912,POINT (-86.6912 36.0539)
20190782989,10/27/2019 12:49:00 AM,2,0,0,,N,352201,5,SIDESWIPE - SAME DIRECTION,22,CLOUDY,2,DARK - NOT LIGHTED,12,MOTOR VEHICLE IN TRANSPORT,2ND AVN & CHURCH ST,NASHVILLE,TN,37201,4133,CENTRA,36.1646,-86.7769,POINT (-86.7769 36.1646)
20190930153,12/30/2019 05:55:00 PM,3,1,0,,N,161939,11,Front to Rear,21,CLEAR,3,DARK - LIGHTED,12,MOTOR VEHICLE IN TRANSPORT,MURFREESBORO PKE & HICKORY WOODS DR,ANTIOCH,TN,37013,8967,SOUTH,36.0264,-86.5884,POINT (-86.5884 36.0264)
20190879394,12/07/2019 05:27:00 AM,1,0,0,,Y,320574,0,NOT COLLISION W/MOTOR VEHICLE-TRANSPORT,99,UNKNOWN,9,UNKNOWN,34,DITCH,ENVIOUS LN & DABBS AVE,NASHVILLE,TN,37217,8827,HERMIT,36.1426,-86.7016,POINT (-86.7016 36.1426)
20190808224,11/06/2019 02:59:00 PM,2,0,0,,N,299267,11,Front to Rear,21,CLEAR,1,DAYLIGHT,12,MOTOR VEHICLE IN TRANSPORT,CHARLOTTE AV & JO JOHNSTON AV,NASHVILLE,TN,37203,5357,NORTH,36.1574,-86.8024,POINT (-86.8024 36.1574)
20190801870,11/04/2019 07:00:00 AM,1,1,0,,Y,320575,0,NOT COLLISION W/MOTOR VEHICLE-TRANSPORT,21,CLEAR,1,DAYLIGHT,9,,FAIRLANE DR & CROSBY LN,NASHVILLE,TN,37211,8711,SOUTH,36.0636,-86.7097,POINT (-86.7097 36.0636)
20190611518,08/16/2019 02:53:00 PM,2,1,0,,N,256380,11,Front to Rear,21,CLEAR,1,DAYLIGHT,12,MOTOR VEHICLE IN TRANSPORT,ROSA L PARKS BLVD & GARFIELD ST,NASHVILLE,TN,37208,4343,NORTH,36.18,-86.796,POINT (-86.796 36.18)
20190892049,12/12/2019 02:57:00 PM,2,0,0,,Y,197070,5,SIDESWIPE - SAME DIRECTION,21,CLEAR,1,DAYLIGHT,14,PARKED MOTOR VEHICLE,DR D B TODD JR BLVD & CHARLOTTE AV,NASHVILLE,TN,37203,5357,NORTH,36.1584,-86.8004,POINT (-86.8004 36.1584)
20190621389,08/15/2019 02:30:00 PM,1,0,0,,N,716886,0,NOT COLLISION W/MOTOR VEHICLE-TRANSPORT,21,CLEAR,1,DAYLIGHT,18,OTHER OBJECT (NOT FIXED),BRILEY PKWY & BRILEY PKWYN,NASHVILLE,TN,37217,88940,HERMIT,36.1378,-86.7,POINT (-86.7 36.1378)
20190637457,08/26/2019 03:00:00 PM,2,0,0,,Y,633391,5,SIDESWIPE - SAME DIRECTION,22,CLOUDY,98,OTHER,12,MOTOR VEHICLE IN TRANSPORT,MM 2 7 I 440,NASHVILLE,TN,37215,6008,WEST,36.1231,-86.807,POINT (-86.807 36.1231)
20190595478,08/10/2019 10:26:00 AM,2,0,0,,N,320586,11,Front to Rear,21,CLEAR,1,DAYLIGHT,12,MOTOR VEHICLE IN TRANSPORT,LINBAR DR & HARDING PL,NASHVILLE,TN,37211,8705,SOUTH,36.0842,-86.7059,POINT (-86.7059 36.0842)
20190884612,12/09/2019 08:38:00 PM,2,1,0,,N,179606,11,Front to Rear,2,RAIN,3,DARK - LIGHTED,12,MOTOR VEHICLE IN TRANSPORT,MURFREESBORO PKE & FOOTHILL DR,NASHVILLE,TN,37217,8815,HERMIT,36.1315,-86.7174,POINT (-86.7174 36.1315)
20190789462,10/29/2019 06:53:00 PM,2,0,0,,N,240983,5,SIDESWIPE - SAME DIRECTION,21,CLEAR,5,DUSK,12,MOTOR VEHICLE IN TRANSPORT,4TH AVS & MCCANN ST,NASHVILLE,TN,37210,8153,SOUTH,36.1499,-86.77,POINT (-86.77 36.1499)
20190652738,09/01/2019 03:46:00 PM,1,1,0,Y,N,579971,0,NOT COLLISION W/MOTOR VEHICLE-TRANSPORT,2,RAIN,1,DAYLIGHT,40;63,MAIL BOX;Ran Off Road-Right,FORRESTAL WAY & SEASONS DR,ANTIOCH,TN,37013,8925,SOUTH,36.0706,-86.5989,POINT (-86.5989 36.0706)
20190721194,09/30/2019 11:45:00 AM,2,0,0,,Y,384431,5,SIDESWIPE - SAME DIRECTION,21,CLEAR,1,DAYLIGHT,12,MOTOR VEHICLE IN TRANSPORT,MM 207 0 I 40,NASHVILLE,TN,37208,44021,NORTH,36.1696,-86.8114,POINT (-86.8114 36.1696)
20190742523,10/09/2019 03:12:00 PM,2,0,0,,N,151132,4,ANGLE,21,CLEAR,1,DAYLIGHT,12,MOTOR VEHICLE IN TRANSPORT,MADISON BLVD & GALLATIN PKES,MADISON,TN,37115,1625,MADISO,36.255,-86.7152,POINT (-86.7152 36.255)
20190676653,09/11/2019 05:00:00 PM,3,1,0,,N,352156,11,Front to Rear,21,CLEAR,1,DAYLIGHT,12;20,MOTOR VEHICLE IN TRANSPORT;IMPACT ATTENUATOR,MURFREESBORO PKE & AIR FREIGHT BLVD,NASHVILLE,TN,37217,8841,SOUTH,36.1102,-86.6825,POINT (-86.6825 36.1102)
20190898566,12/15/2019 05:35:00 PM,1,0,0,Y,N,384403,0,NOT COLLISION W/MOTOR VEHICLE-TRANSPORT,21,CLEAR,3,DARK - LIGHTED,24;34;41;7,GUARDRAIL FACE;DITCH;SHRUBBERY,BRILEY PKWYN & BRILEY PKWY N ENT RAMP,NASHVILLE,TN,37214,9203,HERMIT,36.1716,-86.6885,POINT (-86.6885 36.1716)
20190745878,10/10/2019 12:00:00 AM,2,0,0,,Y,352185,5,SIDESWIPE - SAME DIRECTION,99,UNKNOWN,9,UNKNOWN,14,PARKED MOTOR VEHICLE,OTAY ST & CHASE ST,NASHVILLE,TN,37216,1431,EAST,36.1991,-86.7341,POINT (-86.7341 36.1991)
20190692374,09/18/2019 06:30:00 AM,2,1,0,,N,332298,11,Front to Rear,21,CLEAR,1,DAYLIGHT,12,MOTOR VEHICLE IN TRANSPORT,MM 76 7 I 65,NASHVILLE,TN,37220,7101,MIDTOW,36.0664,-86.7712,POINT (-86.7712 36.0664)
20190828933,11/15/2019 10:21:00 AM,2,0,0,,N,716886,11,Front to Rear,21,CLEAR,1,DAYLIGHT,12,MOTOR VEHICLE IN TRANSPORT,MM 57 9 I 24,ANTIOCH,TN,37013,88080,SOUTH,36.0597,-86.6792,POINT (-86.6792 36.0597)
20190845337,11/22/2019 06:21:00 AM,2,0,0,,N,352188,11,Front to Rear,2,RAIN,1,DAYLIGHT,12,MOTOR VEHICLE IN TRANSPORT,MOUNT VIEW RD & ASHEFORD TRC,ANTIOCH,TN,37013,8867,SOUTH,36.0457,-86.6278,POINT (-86.6278 36.0457)
20190741032,10/08/2019 10:35:00 PM,2,0,0,,N,279216,11,Front to Rear,21,CLEAR,3,DARK - LIGHTED,12,MOTOR VEHICLE IN TRANSPORT,W TRINITY LN & BRICK CHURCH PKE,NASHVILLE,TN,37207,3003,NORTH,36.2066,-86.7779,POINT (-86.7779 36.2066)
20190759327,10/16/2019 03:56:00 PM,2,0,0,,Y,311337,5,SIDESWIPE - SAME DIRECTION,21,CLEAR,1,DAYLIGHT,12,MOTOR VEHICLE IN TRANSPORT,MM 212 0 I 40,NASHVILLE,TN,37210,90041,HERMIT,36.147,-86.7433,POINT (-86.7433 36.147)
20190587909,08/07/2019 06:13:00 PM,2,0,0,,N,256386,4,ANGLE,21,CLEAR,1,DAYLIGHT,12,MOTOR VEHICLE IN TRANSPORT,OLD MURFREESBORO PIKE & SMITH SPRINGS RD,NASHVILLE,TN,37217,8947,HERMIT,36.0968,-86.6546,POINT (-86.6546 36.0968)
20190651811,09/01/2019 03:45:00 AM,2,0,0,,N,299270,5,SIDESWIPE - SAME DIRECTION,21,CLEAR,3,DARK - LIGHTED,12,MOTOR VEHICLE IN TRANSPORT,14TH AVS & BROADWAY,NASHVILLE,TN,37203,5701,MIDTOW,36.1557,-86.7897,POINT (-86.7897 36.1557)
20190907252,12/19/2019 07:34:00 AM,2,0,0,,Y,191578,4,ANGLE,21,CLEAR,1,DAYLIGHT,12,MOTOR VEHICLE IN TRANSPORT,CENTRAL PKE & BURNING TREE DR,HERMITAGE,TN,37076,9557,HERMIT,36.1728,-86.6008,POINT (-86.6008 36.1728)
20190750327,10/12/2019 10:47:00 PM,2,0,0,,N,240982,4,ANGLE,21,CLEAR,3,DARK - LIGHTED,12,MOTOR VEHICLE IN TRANSPORT,INTERSTATE DR & JAMES ROBERTSON PKWY,NASHVILLE,TN,37213,1105,CENTRA,36.1714,-86.769,POINT (-86.769 36.1714)
20190739261,10/08/2019 06:30:00 AM,2,0,0,,N,352167,11,Front to Rear,22,CLOUDY,1,DAYLIGHT,12,MOTOR VEHICLE IN TRANSPORT,MURFREESBORO PKE & MOUNTAIN SPRINGS RD,ANTIOCH,TN,37013,8927,SOUTH,36.0478,-86.6121,POINT (-86.6121 36.0478)
20190885702,12/10/2019 07:15:00 AM,2,0,0,,Y,384416,6,SIDESWIPE - OPPOSITE DIRECTION,2,RAIN,1,DAYLIGHT,12,MOTOR VEHICLE IN TRANSPORT,MM 85 4 I 65,NASHVILLE,TN,37208,43042,NORTH,36.1875,-86.7947,POINT (-86.7947 36.1875)
20190875565,12/05/2019 05:05:00 PM,2,1,0,,N,352177,11,Front to Rear,21,CLEAR,3,DARK - LIGHTED,12,MOTOR VEHICLE IN TRANSPORT,HEMINGWAY DR & US HWY 431,NASHVILLE,TN,37215,6203,WEST,36.0797,-86.8362,POINT (-86.8362 36.0797)
20190734437,10/05/2019 08:13:00 PM,2,0,0,,N,256386,4,ANGLE,21,CLEAR,3,DARK - LIGHTED,12,MOTOR VEHICLE IN TRANSPORT,BRILEY PKWY & VULTEE BLVD,NASHVILLE,TN,37217,8998,HERMIT,36.1245,-86.6963,POINT (-86.6963 36.1245)
20190608441,08/15/2019 10:42:00 AM,3,2,0,,N,191578,11,Front to Rear,21,CLEAR,1,DAYLIGHT,12,MOTOR VEHICLE IN TRANSPORT,MM 211 5 I 40,NASHVILLE,TN,37210,8204,HERMIT,36.1514,-86.7517,POINT (-86.7517 36.1514)
20190753291,10/14/2019 09:40:00 AM,1,0,0,,N,226586,0,NOT COLLISION W/MOTOR VEHICLE-TRANSPORT,21,CLEAR,1,DAYLIGHT,32,CULVERT,JAMES ROBERTSON PKWY & GAY ST,NASHVILLE,TN,37219,4203,CENTRA,36.192,-86.7173,POINT (-86.7173 36.192)
20190835300,11/18/2019 10:00:00 AM,2,2,0,,Y,676834,11,Front to Rear,21,CLEAR,1,DAYLIGHT,12,MOTOR VEHICLE IN TRANSPORT,CLARKSVILLE PKE & STEVENS LN,NASHVILLE,TN,37218,3219,NORTH,36.2388,-86.8307,POINT (-86.8307 36.2388)
20190820824,11/12/2019 05:50:00 AM,1,0,0,Y,N,161945,0,NOT COLLISION W/MOTOR VEHICLE-TRANSPORT,21,CLEAR,4,DAWN,38,FENCE,765 EDMONDSON PKE,NASHVILLE,TN,37211,8653,MIDTOW,36.0536,-86.7424,POINT (-86.7424 36.0536)
20190581759,08/05/2019 01:09:00 PM,2,0,0,,N,212369,5,SIDESWIPE - SAME DIRECTION,21,CLEAR,1,DAYLIGHT,12,MOTOR VEHICLE IN TRANSPORT,14TH AVN & CHARLOTTE AV,NASHVILLE,TN,37203,5425,NORTH,36.161,-86.7937,POINT (-86.7937 36.161)
20190872881,12/04/2019 04:19:00 PM,2,0,0,,N,384403,11,Front to Rear,21,CLEAR,5,DUSK,12,MOTOR VEHICLE IN TRANSPORT,CHARLOTTE AV & 46TH AVN,NASHVILLE,TN,37209,5203,WEST,36.1522,-86.8422,POINT (-86.8422 36.1522)
20190689704,09/17/2019 07:55:00 AM,2,0,0,,N,226622,11,Front to Rear,21,CLEAR,1,DAYLIGHT,12,MOTOR VEHICLE IN TRANSPORT,HARDING PL & HILLSBORO PKE,NASHVILLE,TN,37215,6115,WEST,36.0914,-86.8287,POINT (-86.8287 36.0914)
20190824694,11/13/2019 04:38:00 PM,2,0,0,,N,330415,4,ANGLE,21,CLEAR,1,DAYLIGHT,12,MOTOR VEHICLE IN TRANSPORT,0 3RD AVN,NASHVILLE,TN,37201,4133,CENTRA,36.1642,-86.7775,POINT (-86.7775 36.1642)
20190759639,10/16/2019 07:07:00 PM,1,0,0,,N,240968,0,NOT COLLISION W/MOTOR VEHICLE-TRANSPORT,21,CLEAR,3,DARK - LIGHTED,50,DEER (ANIMAL),SMITH SPRINGS RD & CLEARLAKE DRW,NASHVILLE,TN,37217,8929,HERMIT,36.0891,-86.6143,POINT (-86.6143 36.0891)
20190763227,10/18/2019 06:20:00 AM,2,0,0,,N,256492,11,Front to Rear,21,CLEAR,4,DAWN,12,MOTOR VEHICLE IN TRANSPORT,MM 211 4 I 40,NASHVILLE,TN,37210,8204,HERMIT,36.1517,-86.7525,POINT (-86.7525 36.1517)
20190764856,10/18/2019 09:05:00 PM,2,0,0,,N,298874,4,ANGLE,21,CLEAR,3,DARK - LIGHTED,12,MOTOR VEHICLE IN TRANSPORT,GARTLAND AV & N 11TH ST,NASHVILLE,TN,37206,1241,EAST,36.1796,-86.7499,POINT (-86.7499 36.1796)
20190911129,12/20/2019 12:00:00 AM,2,0,0,,N,352196,5,SIDESWIPE - SAME DIRECTION,21,CLEAR,3,DARK - LIGHTED,12,MOTOR VEHICLE IN TRANSPORT,NOLENSVILLE PKE & MILL CREEK WHITTLEMORE,ANTIOCH,TN,37013,8757,SOUTH,36.0431,-86.713,POINT (-86.713 36.0431)
20190796525,11/01/2019 03:56:00 PM,2,0,0,,N,299267,11,Front to Rear,21,CLEAR,1,DAYLIGHT,12,MOTOR VEHICLE IN TRANSPORT,BLAKEMORE AV & NATCHEZ TRC,NASHVILLE,TN,37212,5811,MIDTOW,36.1385,-86.8097,POINT (-86.8097 36.1385)
20190836199,11/18/2019 05:31:00 PM,2,0,0,,Y,384446,5,SIDESWIPE - SAME DIRECTION,21,CLEAR,3,DARK - LIGHTED,12,MOTOR VEHICLE IN TRANSPORT,HILLWOOD BLVD & POST RD,NASHVILLE,TN,37205,5001,WEST,36.1246,-86.8556,POINT (-86.8556 36.1246)
20190614630,08/17/2019 05:25:00 PM,2,0,0,,N,161939,11,Front to Rear,21,CLEAR,1,DAYLIGHT,12,MOTOR VEHICLE IN TRANSPORT,I24 W EXT RAMP & I 24,NASHVILLE,TN,37211,8829,SOUTH,36.1074,-86.7197,POINT (-86.7197 36.1074)
20190814870,11/09/2019 11:06:00 AM,2,0,0,,N,320601,11,Front to Rear,21,CLEAR,1,DAYLIGHT,12,MOTOR VEHICLE IN TRANSPORT,BRILEY PKWYN & EAST THOMPSON LN,NASHVILLE,TN,37211,8423,SOUTH,36.1095,-86.7281,POINT (-86.7281 36.1095)
20190756419,10/15/2019 01:45:00 PM,2,0,0,,N,676834,5,SIDESWIPE - SAME DIRECTION,21,CLEAR,1,DAYLIGHT,12,MOTOR VEHICLE IN TRANSPORT,CLARKSVILLE PKE & CLIFF DR,NASHVILLE,TN,37218,3157,NORTH,36.1923,-86.8291,POINT (-86.8291 36.1923)
20190740096,10/08/2019 03:44:00 PM,2,0,0,,Y,256389,6,SIDESWIPE - OPPOSITE DIRECTION,21,CLEAR,1,DAYLIGHT,12,MOTOR VEHICLE IN TRANSPORT,14TH AVS & EDGEHILL AV,NASHVILLE,TN,37212,6631,MIDTOW,36.142,-86.7896,POINT (-86.7896 36.142)
20190792237,10/30/2019 07:35:00 PM,2,0,0,,N,909486,5,SIDESWIPE - SAME DIRECTION,2,RAIN,2,DARK - NOT LIGHTED,12,MOTOR VEHICLE IN TRANSPORT,EDMONDSON PKE & MCMURRAY DR,NASHVILLE,TN,37220,8615,MIDTOW,36.0579,-86.7418,POINT (-86.7418 36.0579)
20190647922,08/30/2019 12:00:00 AM,2,0,0,,Y,299257,9,UNKNOWN,22,CLOUDY,3,DARK - LIGHTED,12,MOTOR VEHICLE IN TRANSPORT,HILLSIDE AV & WEDGEWOOD AV,NASHVILLE,TN,37203,6905,MIDTOW,36.135,-86.784,POINT (-86.784 36.135)
20190868980,12/03/2019 07:56:00 AM,2,0,0,,N,462474,4,ANGLE,21,CLEAR,1,DAYLIGHT,12,MOTOR VEHICLE IN TRANSPORT,US HWY 31 ALT & TIMMONS ST,NASHVILLE,TN,37211,8425,SOUTH,36.1073,-86.7433,POINT (-86.7433 36.1073)
20190708130,09/24/2019 08:07:00 PM,4,2,0,Y,N,240983,11,Front to Rear,21,CLEAR,2,DARK - NOT LIGHTED,14;19;54;55;63,PARKED MOTOR VEHICLE;BUILDING;Set In Motion By Motor Vehicle;Motor Vehicle-In-Motion Outside Trafficw;Ran Off Road-Right,MURFREESBORO PKE & BELL RD,ANTIOCH,TN,37013,8979,SOUTH,36.072,-86.636,POINT (-86.636 36.072)