Accident Number,Date and Time,Number of Motor Vehicles,Number of Injuries,Number of Fatalities,Property Damage,Hit and Run,Reporting Officer,Collision Type Code,Collision Type Description,Weather Code,Weather Description,Illumination Code,Illumination Description,Harmful Code,Harmful Code Description,Street Address,City,State,ZIP,RPA,Precinct,Latitude,Longitude,Mapped Location
20190733670,10/05/2019 12:15:00 PM,2,0,0,,N,352201,11,Front to Rear,21,CLEAR,1,DAYLIGHT,12,MOTOR VEHICLE IN TRANSPORT,BELL RD & TRAILS CIR,NASHVILLE,TN,37214,8995,HERMIT,36.1473,-86.6259,POINT (-86.6259 36.1473)
20190856345,11/27/2019 01:26:00 AM,1,2,0,Y,N,415780,0,NOT COLLISION W/MOTOR VEHICLE-TRANSPORT,2,RAIN,3,DARK - LIGHTED,1;20,IMPACT ATTENUATOR,I40 E EXT RAMP & I 40,NASHVILLE,TN,37214,8955,HERMIT,36.155,-86.6271,POINT (-86.6271 36.155)
20190796446,11/01/2019 03:24:00 PM,2,0,0,,Y,352168,11,Front to Rear,21,CLEAR,1,DAYLIGHT,12,MOTOR VEHICLE IN TRANSPORT,OLD HICKORY BLVD & WINDYPINE DR,NASHVILLE,TN,37211,8651,MIDTOW,36.0411,-86.7267,POINT (-86.7267 36.0411)
20190864297,12/01/2019 02:55:00 AM,1,0,0,,N,320590,0,NOT COLLISION W/MOTOR VEHICLE-TRANSPORT,21,CLEAR,3,DARK - LIGHTED,24,GUARDRAIL FACE,MM 86 5 I 65,NASHVILLE,TN,37207,3006,NORTH,36.1946,-86.7762,POINT (-86.7762 36.1946)
20190826671,11/14/2019 12:45:00 PM,1,0,0,,N,676834,0,NOT COLLISION W/MOTOR VEHICLE-TRANSPORT,21,CLEAR,1,DAYLIGHT,1;32,CULVERT,WHITES CREEK PKE & BRILEY PKWY E ENT RAM,NASHVILLE,TN,37207,3025,NORTH,36.2307,-86.813,POINT (-86.813 36.2307)
20190747065,10/11/2019 09:45:00 AM,2,1,0,,N,693093,4,ANGLE,21,CLEAR,1,DAYLIGHT,12,MOTOR VEHICLE IN TRANSPORT,GALLATIN PKES & HICKORY ST,MADISON,TN,37115,1605,MADISO,36.2604,-86.7129,POINT (-86.7129 36.2604)
20190793276,10/31/2019 07:57:00 AM,2,0,0,,N,279206,5,SIDESWIPE - SAME DIRECTION,2,RAIN,3,DARK - LIGHTED,12,MOTOR VEHICLE IN TRANSPORT,BRILEY PKWYS & BRILEY PKWY S EXT RAMP,NASHVILLE,TN,37210,9098,HERMIT,36.148,-86.6929,POINT (-86.6929 36.148)
20190604075,08/13/2019 06:30:00 PM,2,0,0,,N,240966,5,SIDESWIPE - SAME DIRECTION,21,CLEAR,1,DAYLIGHT,12,MOTOR VEHICLE IN TRANSPORT,I24 E EXT RAMP & SPRING ST,NASHVILLE,TN,37213,1985,CENTRA,36.1768,-86.7728,POINT (-86.7728 36.1768)
20190802793,11/04/2019 01:30:00 PM,2,2,0,,N,226092,4,ANGLE,21,CLEAR,1,DAYLIGHT,12,MOTOR VEHICLE IN TRANSPORT,CLARKSVILLE PKE & CLARKSVILLE PKE SB EXT,NASHVILLE,TN,37218,3219,NORTH,36.2312,-86.833,POINT (-86.833 36.2312)
20190680864,09/13/2019 07:00:00 AM,2,0,0,,N,279227,11,Front to Rear,21,CLEAR,1,DAYLIGHT,12,MOTOR VEHICLE IN TRANSPORT,MM 58 1 I 24,ANTIOCH,TN,37013,88080,SOUTH,36.0572,-86.6767,POINT (-86.6767 36.0572)
20190849317,11/24/2019 12:00:00 AM,1,0,0,,N,299248,0,NOT COLLISION W/MOTOR VEHICLE-TRANSPORT,21,CLEAR,3,DARK - LIGHTED,50,DEER (ANIMAL),MM 54 0 I 24,NASHVILLE,TN,37211,88122,SOUTH,36.1064,-86.7188,POINT (-86.7188 36.1064)
20190858251,11/27/2019 07:27:00 PM,1,0,0,,N,151132,0,NOT COLLISION W/MOTOR VEHICLE-TRANSPORT,21,CLEAR,2,DARK - NOT LIGHTED,50,DEER (ANIMAL),SPRINGFIELD HWY & HAPPY VALLEY RD,GOODLETTSVILLE,TN,37072,2215,MADISO,36.3798,-86.7519,POINT (-86.7519 36.3798)
20190598082,08/11/2019 01:09:00 PM,2,0,0,,Y,352205,5,SIDESWIPE - SAME DIRECTION,21,CLEAR,1,DAYLIGHT,55,Motor Vehicle-In-Motion Outside Trafficw,BONNASPRING DR & BONNAFORD DR,HERMITAGE,TN,37076,9613,HERMIT,36.1964,-86.6229,POINT (-86.6229 36.1964)
20190849652,11/24/2019 04:12:00 AM,1,0,0,,N,256382,0,NOT COLLISION W/MOTOR VEHICLE-TRANSPORT,21,CLEAR,3,DARK - LIGHTED,50,DEER (ANIMAL),US HWY 70 & DISSPAYNE DR,NASHVILLE,TN,37214,9403,HERMIT,36.1726,-86.6495,POINT (-86.6495 36.1726)
20190716643,09/28/2019 02:50:00 AM,1,1,0,,N,311338,0,NOT COLLISION W/MOTOR VEHICLE-TRANSPORT,22,CLOUDY,3,DARK - LIGHTED,30,UTILITY POLE,16TH AVN & WHELESS ST,NASHVILLE,TN,37208,4455,NORTH,36.1773,-86.8072,POINT (-86.8072 36.1773)
20190753525,10/14/2019 11:35:00 AM,2,0,0,,N,225777,2,HEAD-ON,21,CLEAR,1,DAYLIGHT,12,MOTOR VEHICLE IN TRANSPORT,WHITE BRIDGE PKE & TARGET PVTDR,NASHVILLE,TN,37205,5019,WEST,36.1295,-86.8546,POINT (-86.8546 36.1295)
20190891675,12/12/2019 11:48:00 AM,2,0,0,,N,876581,4,ANGLE,21,CLEAR,1,DAYLIGHT,12,MOTOR VEHICLE IN TRANSPORT,DICKERSON PKE & DUE WEST AVN,MADISON,TN,37115,2017,MADISO,36.2563,-86.7579,POINT (-86.7579 36.2563)
20190858095,11/27/2019 06:16:00 PM,2,1,0,,N,240983,4,ANGLE,21,CLEAR,2,DARK - NOT LIGHTED,12,MOTOR VEHICLE IN TRANSPORT,ANTIOCH PKE & HAYSTACK LN,NASHVILLE,TN,37211,8851,SOUTH,36.0709,-86.6844,POINT (-86.6844 36.0709)
20190709720,09/25/2019 10:17:00 AM,2,3,0,,N,594473,11,Front to Rear,21,CLEAR,1,DAYLIGHT,12,MOTOR VEHICLE IN TRANSPORT,FRANKLIN PKE & CALDWELL LN,NASHVILLE,TN,37204,7011,MIDTOW,36.1059,-86.7728,POINT (-86.7728 36.1059)
20190888286,12/11/2019 06:49:00 AM,2,0,0,,N,755026,11,Front to Rear,21,CLEAR,1,DAYLIGHT,12,MOTOR VEHICLE IN TRANSPORT,BRILEY PKWYS & I24 W EXT RAMP,NASHVILLE,TN,37211,88962,SOUTH,36.11,-86.7208,POINT (-86.7208 36.11)
20190761915,10/17/2019 05:11:00 PM,2,0,0,,N,580819,11,Front to Rear,21,CLEAR,1,DAYLIGHT,12,MOTOR VEHICLE IN TRANSPORT,2ND AVS & LAFAYETTE ST,NASHVILLE,TN,37210,8201,HERMIT,36.1512,-86.7682,POINT (-86.7682 36.1512)
20190769540,10/21/2019 12:00:00 AM,1,0,0,Y,Y,676834,0,NOT COLLISION W/MOTOR VEHICLE-TRANSPORT,99,UNKNOWN,2,DARK - NOT LIGHTED,38,FENCE,500 GREEN LN,WHITES CREEK,TN,37189,3223,NORTH,36.2371,-86.8081,POINT (-86.8081 36.2371)
20190603702,08/13/2019 12:00:00 AM,1,0,0,Y,N,298861,0,NOT COLLISION W/MOTOR VEHICLE-TRANSPORT,2,RAIN,1,DAYLIGHT,38;40;42,FENCE;MAIL BOX;TREE,MCGAVOCK PKE & DUNDEE LN,NASHVILLE,TN,37214,9211,HERMIT,36.1998,-86.6761,POINT (-86.6761 36.1998)
20190712985,09/26/2019 04:40:00 PM,2,1,0,,N,419972,11,Front to Rear,21,CLEAR,1,DAYLIGHT,12,MOTOR VEHICLE IN TRANSPORT,HARDING PKE & BRIXWORTH LN,NASHVILLE,TN,37205,6019,WEST,36.1288,-86.8416,POINT (-86.8416 36.1288)
20190799032,11/02/2019 06:30:00 PM,1,0,0,,N,352156,0,NOT COLLISION W/MOTOR VEHICLE-TRANSPORT,21,CLEAR,2,DARK - NOT LIGHTED,50,DEER (ANIMAL),HOBSON PKE & COUCHVILLE PKE,HERMITAGE,TN,37076,8909,SOUTH,36.1565,-86.7372,POINT (-86.7372 36.1565)
20190633084,08/24/2019 04:53:00 PM,2,2,0,,N,405418,4,ANGLE,22,CLOUDY,1,DAYLIGHT,1;12,MOTOR VEHICLE IN TRANSPORT,NOLENSVILLE PKE & PARAGON MILLS RD,NASHVILLE,TN,37211,8421,SOUTH,36.0848,-86.7281,POINT (-86.7281 36.0848)
20190808513,11/06/2019 05:15:00 PM,2,0,0,,N,887592,4,ANGLE,21,CLEAR,3,DARK - LIGHTED,12,MOTOR VEHICLE IN TRANSPORT,KENNER AV & RIDGEFIELD DR,NASHVILLE,TN,37205,6021,WEST,36.124,-86.8447,POINT (-86.8447 36.124)
20190802881,11/04/2019 12:00:00 AM,2,0,0,,N,279200,11,Front to Rear,21,CLEAR,1,DAYLIGHT,12,MOTOR VEHICLE IN TRANSPORT,MM 49 6 I 24,NASHVILLE,TN,37210,4008,CENTRA,36.1571,-86.7604,POINT (-86.7604 36.1571)
20190771146,10/21/2019 11:01:00 PM,1,0,0,,N,747556,0,NOT COLLISION W/MOTOR VEHICLE-TRANSPORT,21,CLEAR,3,DARK - LIGHTED,41,SHRUBBERY,DELRAY DR & GEORGIA AV,NASHVILLE,TN,37209,4637,WEST,36.1539,-86.8533,POINT (-86.8533 36.1539)
20190739504,10/08/2019 09:34:00 AM,2,0,0,,N,109534,11,Front to Rear,22,CLOUDY,1,DAYLIGHT,12,MOTOR VEHICLE IN TRANSPORT,OLD HICKORY BLVD & FERRELL DR,OLD HICKORY,TN,37138,9607,HERMIT,36.244,-86.6367,POINT (-86.6367 36.244)
20190812763,11/08/2019 11:47:00 AM,2,0,0,,N,320592,11,Front to Rear,21,CLEAR,1,DAYLIGHT,12,MOTOR VEHICLE IN TRANSPORT,DODSON CHAPEL RD & BROOKS MILL CIR,HERMITAGE,TN,37076,9529,HERMIT,36.1694,-86.615,POINT (-86.615 36.1694)
20190847634,11/23/2019 02:20:00 AM,2,1,0,,N,298859,4,ANGLE,2,RAIN,2,DARK - NOT LIGHTED,12,MOTOR VEHICLE IN TRANSPORT,I40 E EXT RAMP & I 40,NASHVILLE,TN,37214,8955,HERMIT,36.155,-86.6271,POINT (-86.6271 36.155)
20190678704,09/12/2019 12:45:00 PM,2,0,0,,N,462474,11,Front to Rear,21,CLEAR,1,DAYLIGHT,12,MOTOR VEHICLE IN TRANSPORT,FRANKLIN RD & FRANKLIN PKE,NASHVILLE,TN,37220,7111,MIDTOW,36.0363,-86.787,POINT (-86.787 36.0363)
20190617923,08/19/2019 08:20:00 AM,4,0,0,,N,226622,11,Front to Rear,21,CLEAR,1,DAYLIGHT,12,MOTOR VEHICLE IN TRANSPORT,OLD HICKORY BLVD & CHICKERING MEADOW,NASHVILLE,TN,37221,6215,WEST,36.0493,-86.8699,POINT (-86.8699 36.0493)
20190862960,11/30/2019 08:27:00 AM,2,0,0,,N,591933,11,Front to Rear,22,CLOUDY,1,DAYLIGHT,12,MOTOR VEHICLE IN TRANSPORT,NOLENSVILLE PKE & OLD HICKORY BLVD,NASHVILLE,TN,37211,8717,SOUTH,36.0454,-86.7133,POINT (-86.7133 36.0454)
20190893830,12/13/2019 09:15:00 AM,2,0,0,,N,834798,4,ANGLE,21,CLEAR,1,DAYLIGHT,12,MOTOR VEHICLE IN TRANSPORT,CHARLOTTE AV & 15TH AVN,NASHVILLE,TN,37203,5501,MIDTOW,36.1603,-86.7946,POINT (-86.7946 36.1603)
20190754010,10/14/2019 12:00:00 AM,2,0,0,,Y,352213,4,ANGLE,21,CLEAR,1,DAYLIGHT,12,MOTOR VEHICLE IN TRANSPORT,KNOB RD & KENDALL DR,NASHVILLE,TN,37209,5105,WEST,36.139,-86.8535,POINT (-86.8535 36.139)
20190810849,11/07/2019 04:06:00 PM,2,0,0,,N,240983,11,Front to Rear,2,RAIN,1,DAYLIGHT,12,MOTOR VEHICLE IN TRANSPORT,MM 58 6 I 24,ANTIOCH,TN,37013,8808,SOUTH,36.0518,-86.67,POINT (-86.67 36.0518)
20190636789,08/26/2019 08:28:00 AM,1,1,0,,Y,352197,0,NOT COLLISION W/MOTOR VEHICLE-TRANSPORT,2,RAIN,1,DAYLIGHT,1,,HAMILTON CHURCH RD & LAVERGNE COUCHVILLE,ANTIOCH,TN,37013,8999,SOUTH,36.0542,-86.5731,POINT (-86.5731 36.0542)
20190888969,12/11/2019 12:45:00 PM,2,2,0,,N,462501,4,ANGLE,21,CLEAR,1,DAYLIGHT,12,MOTOR VEHICLE IN TRANSPORT,2ND AVN & TAYLOR ST,NASHVILLE,TN,37208,4319,CENTRA,36.1797,-86.7864,POINT (-86.7864 36.1797)
20190729959,10/03/2019 09:11:00 PM,2,1,0,,N,240983,11,Front to Rear,21,CLEAR,2,DARK - NOT LIGHTED,12,MOTOR VEHICLE IN TRANSPORT,BELL RD & MT VIEW RD,ANTIOCH,TN,37013,8865,SOUTH,36.05,-86.6496,POINT (-86.6496 36.05)
20190845730,11/22/2019 09:55:00 AM,1,0,0,,N,226622,0,NOT COLLISION W/MOTOR VEHICLE-TRANSPORT,2,RAIN,1,DAYLIGHT,63;72,Ran Off Road-Right;EMBANKMENT ROCK/STONE/CONCRETE,MM 198 7 I 40,NASHVILLE,TN,37221,48062,WEST,36.1054,-86.9305,POINT (-86.9305 36.1054)
20190636741,08/26/2019 08:10:00 AM,2,0,0,,N,716886,6,SIDESWIPE - OPPOSITE DIRECTION,2,RAIN,1,DAYLIGHT,12,MOTOR VEHICLE IN TRANSPORT,SMITH SPRINGS PKWY & MT VIEW RD,ANTIOCH,TN,37013,8977,SOUTH,36.0721,-86.5887,POINT (-86.5887 36.0721)
20190896653,12/14/2019 12:00:00 AM,2,0,0,,Y,311333,5,SIDESWIPE - SAME DIRECTION,22,CLOUDY,1,DAYLIGHT,12,MOTOR VEHICLE IN TRANSPORT,BELL RD & CEDAR POINTE PKWY,ANTIOCH,TN,37013,8753,SOUTH,36.0449,-86.6671,POINT (-86.6671 36.0449)
20190715710,09/27/2019 06:11:00 PM,1,0,0,,N,151132,0,NOT COLLISION W/MOTOR VEHICLE-TRANSPORT,21,CLEAR,5,DUSK,34,DITCH,SPRINGFIELD HWY & HAPPY VALLEY RD,GOODLETTSVILLE,TN,37072,2215,MADISO,36.3798,-86.7519,POINT (-86.7519 36.3798)
20190715072,09/29/2019 01:22:00 PM,2,1,0,,N,262766,4,ANGLE,21,CLEAR,1,DAYLIGHT,12,MOTOR VEHICLE IN TRANSPORT,US HWY 70S & STATE HWY 251,NASHVILLE,TN,37221,4901,WEST,36.0752,-86.9185,POINT (-86.9185 36.0752)
20190918457,12/24/2019 02:56:00 PM,2,1,0,,N,596389,11,Front to Rear,22,CLOUDY,1,DAYLIGHT,12;5,MOTOR VEHICLE IN TRANSPORT,HIGHWAY 100 & TRACE CREEK DR,NASHVILLE,TN,37221,4807,WEST,36.0481,-86.9409,POINT (-86.9409 36.0481)
20190748812,10/12/2019 03:30:00 AM,2,0,0,,N,320583,4,ANGLE,21,CLEAR,3,DARK - LIGHTED,12,MOTOR VEHICLE IN TRANSPORT,28TH AVN & CHARLOTTE AV,NASHVILLE,TN,37209,5341,MIDTOW,36.154,-86.8182,POINT (-86.8182 36.154)
20190584477,08/06/2019 01:19:00 PM,2,0,0,,N,226622,4,ANGLE,22,CLOUDY,1,DAYLIGHT,12,MOTOR VEHICLE IN TRANSPORT,SHARONDALE DR & WOODLAWN DR,NASHVILLE,TN,37215,6001,WEST,36.1251,-86.816,POINT (-86.816 36.1251)
20190784195,10/27/2019 05:11:00 PM,2,0,0,,Y,311337,5,SIDESWIPE - SAME DIRECTION,21,CLEAR,1,DAYLIGHT,12,MOTOR VEHICLE IN TRANSPORT,OLD HICKORY BLVD & ANDREW JACKSON PKWY,HERMITAGE,TN,37076,9561,HERMIT,36.1836,-86.6107,POINT (-86.6107 36.1836)
20190781210,10/26/2019 12:10:00 AM,2,0,0,,N,299248,5,SIDESWIPE - SAME DIRECTION,2,RAIN,3,DARK - LIGHTED,12,MOTOR VEHICLE IN TRANSPORT,MCCANN ST & 4TH AVS,NASHVILLE,TN,37210,8153,SOUTH,36.1498,-86.7696,POINT (-86.7696 36.1498)
20190893534,12/13/2019 06:58:00 AM,2,0,0,,N,834798,11,Front to Rear,21,CLEAR,1,DAYLIGHT,12,MOTOR VEHICLE IN TRANSPORT,OLD HICKORY BLVD & I65 S EXT RAMP,NASHVILLE,TN,37220,7111,MIDTOW,36.0377,-86.7848,POINT (-86.7848 36.0377)
20190625535,08/21/2019 08:45:00 PM,2,0,0,,N,834813,11,Front to Rear,21,CLEAR,2,DARK - NOT LIGHTED,12,MOTOR VEHICLE IN TRANSPORT,I24 W EXT RAMP & I 24,NASHVILLE,TN,37211,8829,SOUTH,36.1074,-86.7197,POINT (-86.7197 36.1074)
20190866059,12/02/2019 12:00:00 AM,1,0,0,,N,468098,0,NOT COLLISION W/MOTOR VEHICLE-TRANSPORT,2,RAIN,2,DARK - NOT LIGHTED,34,DITCH,MT VIEW RD & HICKORY HOLLOW PKWY,ANTIOCH,TN,37013,8859,SOUTH,36.0588,-86.6705,POINT (-86.6705 36.0588)
20190888026,12/11/2019 03:36:00 AM,2,0,0,Y,Y,212334,6,SIDESWIPE - OPPOSITE DIRECTION,21,CLEAR,2,DARK - NOT LIGHTED,12,MOTOR VEHICLE IN TRANSPORT,WHITES CREEK PKE & MORGAN RD,JOELTON,TN,37080,2309,NORTH,36.3526,-86.8806,POINT (-86.8806 36.3526)
20190645073,08/29/2019 02:16:00 PM,3,6,1,,N,571313,11,Front to Rear,21,CLEAR,1,DAYLIGHT,12,MOTOR VEHICLE IN TRANSPORT,MM 209 6 I 40,NASHVILLE,TN,37203,68021,MIDTOW,36.1494,-86.7836,POINT (-86.7836 36.1494)
20190833892,11/17/2019 07:50:00 PM,2,1,0,,N,352207,11,Front to Rear,21,CLEAR,3,DARK - LIGHTED,12,MOTOR VEHICLE IN TRANSPORT,CREEKSIDE MANOR PVTDR & BELLEVUE RD,NASHVILLE,TN,37221,4811,WEST,36.0721,-86.9407,POINT (-86.9407 36.0721)
20190774761,10/23/2019 10:08:00 AM,2,1,0,,N,320586,11,Front to Rear,21,CLEAR,1,DAYLIGHT,12,MOTOR VEHICLE IN TRANSPORT,ANTIOCH PKE & HARDING PL,NASHVILLE,TN,37211,8847,SOUTH,36.0874,-86.6922,POINT (-86.6922 36.0874)
20190870077,12/03/2019 02:45:00 PM,2,0,0,,Y,419972,5,SIDESWIPE - SAME DIRECTION,21,CLEAR,1,DAYLIGHT,12,MOTOR VEHICLE IN TRANSPORT,MM 1 4 I 440,NASHVILLE,TN,37209,52320,WEST,36.1496,-86.8227,POINT (-86.8227 36.1496)
20190625845,08/21/2019 11:20:00 PM,2,0,0,,N,879558,11,Front to Rear,21,CLEAR,2,DARK - NOT LIGHTED,12,MOTOR VEHICLE IN TRANSPORT,I40 W EXT RAMP & I 40,NASHVILLE,TN,37203,4119,CENTRA,36.1574,-86.79,POINT (-86.79 36.1574)
20190715574,09/27/2019 12:00:00 AM,2,0,0,,N,298877,11,Front to Rear,21,CLEAR,1,DAYLIGHT,12,MOTOR VEHICLE IN TRANSPORT,MURFREESBORO PKE & FESSLERS LN,NASHVILLE,TN,37210,8117,SOUTH,36.1427,-86.744,POINT (-86.744 36.1427)
20190787968,10/29/2019 06:32:00 AM,3,2,0,,N,320601,11,Front to Rear,22,CLOUDY,4,DAWN,12,MOTOR VEHICLE IN TRANSPORT,MM 55 0 I 24,NASHVILLE,TN,37211,8812,SOUTH,36.0948,-86.7069,POINT (-86.7069 36.0948)
20190931668,12/31/2019 11:19:00 AM,2,0,0,,N,109534,16,Rear to Side,21,CLEAR,1,DAYLIGHT,12,MOTOR VEHICLE IN TRANSPORT,PACIFICA DR & ALOHA CT,HERMITAGE,TN,37076,9601,HERMIT,36.1918,-86.628,POINT (-86.628 36.1918)
20190894582,12/13/2019 03:42:00 PM,1,0,0,Y,N,256423,0,NOT COLLISION W/MOTOR VEHICLE-TRANSPORT,2,RAIN,1,DAYLIGHT,24,GUARDRAIL FACE,MM 86 1 I 65,NASHVILLE,TN,37228,44060,NORTH,36.1918,-86.7835,POINT (-86.7835 36.1918)
20190611927,08/16/2019 05:35:00 PM,2,0,0,,N,717341,3,REAR-TO-REAR,21,CLEAR,1,DAYLIGHT,55,Motor Vehicle-In-Motion Outside Trafficw,NOLENSVILLE PKE & OCALA DR,NASHVILLE,TN,37211,8655,MIDTOW,36.0849,-86.7284,POINT (-86.7284 36.0849)
20190669287,09/08/2019 07:03:00 PM,2,0,0,,N,330436,5,SIDESWIPE - SAME DIRECTION,21,CLEAR,1,DAYLIGHT,12,MOTOR VEHICLE IN TRANSPORT,NANCE AV & ACADEMY PL,NASHVILLE,TN,37210,4001,CENTRA,36.1561,-86.765,POINT (-86.765 36.1561)
20190815295,11/09/2019 04:25:00 PM,2,0,0,,N,279225,3,REAR-TO-REAR,21,CLEAR,1,DAYLIGHT,14,PARKED MOTOR VEHICLE,SATURN DR & BRILEY PKWY S EXT RAMP,NASHVILLE,TN,37217,8823,HERMIT,36.1205,-86.6976,POINT (-86.6976 36.1205)
20190807301,11/06/2019 06:45:00 AM,2,0,0,,N,462474,4,ANGLE,21,CLEAR,1,DAYLIGHT,12,MOTOR VEHICLE IN TRANSPORT,LINDEN AV & 21ST AVS,NASHVILLE,TN,37212,6605,MIDTOW,36.1281,-86.8032,POINT (-86.8032 36.1281)
20190889838,12/11/2019 05:34:00 PM,2,0,0,,N,179606,4,ANGLE,21,CLEAR,1,DAYLIGHT,12,MOTOR VEHICLE IN TRANSPORT,ALLIED DR & NOLENSVILLE PKE,NASHVILLE,TN,37211,8511,MIDTOW,36.0962,-86.7377,POINT (-86.7377 36.0962)
20190629527,08/23/2019 07:23:00 AM,2,0,0,,N,716886,4,ANGLE,21,CLEAR,1,DAYLIGHT,12,MOTOR VEHICLE IN TRANSPORT,CANE RIDGE RD & CANEWOOD DR,ANTIOCH,TN,37013,8751,SOUTH,36.0439,-86.6616,POINT (-86.6616 36.0439)
20190595834,08/10/2019 02:00:00 PM,2,0,0,,N,330443,5,SIDESWIPE - SAME DIRECTION,21,CLEAR,1,DAYLIGHT,12,MOTOR VEHICLE IN TRANSPORT,DOVERSIDE DR & SKYLINE COMMONS PVTDR,NASHVILLE,TN,37207,2011,MADISO,36.242,-86.7625,POINT (-86.7625 36.242)
20190696050,09/19/2019 01:40:00 PM,2,0,0,,N,717341,4,ANGLE,21,CLEAR,1,DAYLIGHT,12,MOTOR VEHICLE IN TRANSPORT,BELL RD & CANE RIDGE RD,ANTIOCH,TN,37013,8753,SOUTH,36.0449,-86.6631,POINT (-86.6631 36.0449)
20190592541,08/09/2019 08:13:00 AM,2,1,0,,N,594473,0,NOT COLLISION W/MOTOR VEHICLE-TRANSPORT,21,CLEAR,1,DAYLIGHT,30;7,UTILITY POLE,18TH AVN & PATTERSON ST,NASHVILLE,TN,37203,5505,MIDTOW,36.1569,-86.799,POINT (-86.799 36.1569)
20190759141,10/16/2019 02:50:00 PM,2,1,0,,N,311332,11,Front to Rear,21,CLEAR,1,DAYLIGHT,12,MOTOR VEHICLE IN TRANSPORT,CHARLOTTE AV & 43RD AVN,NASHVILLE,TN,37209,5219,WEST,36.1523,-86.8389,POINT (-86.8389 36.1523)
20190840341,11/20/2019 07:52:00 AM,2,0,0,,N,191578,16,Rear to Side,21,CLEAR,1,DAYLIGHT,12,MOTOR VEHICLE IN TRANSPORT,PRIEST WOODS DR & ISLAND VIEW CT,NASHVILLE,TN,37214,8991,HERMIT,36.1278,-86.6345,POINT (-86.6345 36.1278)
20190644722,08/29/2019 08:43:00 AM,2,0,0,,Y,140808,11,Front to Rear,21,CLEAR,1,DAYLIGHT,12,MOTOR VEHICLE IN TRANSPORT,MM 86 7 I 65,NASHVILLE,TN,37207,3002,NORTH,36.1972,-86.7762,POINT (-86.7762 36.1972)
20190647571,08/30/2019 12:10:00 PM,2,0,0,,N,834798,5,SIDESWIPE - SAME DIRECTION,21,CLEAR,1,DAYLIGHT,12,MOTOR VEHICLE IN TRANSPORT,WOODMONT BLVD & BELMONT BLVD,NASHVILLE,TN,37215,6415,MIDTOW,36.113,-86.7998,POINT (-86.7998 36.113)
20190850292,11/24/2019 12:23:00 PM,2,0,0,,N,109495,5,SIDESWIPE - SAME DIRECTION,21,CLEAR,1,DAYLIGHT,12,MOTOR VEHICLE IN TRANSPORT,WEDGEWOOD AV & 8TH AVS,NASHVILLE,TN,37204,6919,MIDTOW,36.1343,-86.7796,POINT (-86.7796 36.1343)
20190635102,08/25/2019 10:00:00 AM,2,0,0,,Y,633381,4,ANGLE,22,CLOUDY,1,DAYLIGHT,14,PARKED MOTOR VEHICLE,BLUE HOLE RD & BELL RD,ANTIOCH,TN,37013,8721,SOUTH,36.0458,-86.6744,POINT (-86.6744 36.0458)
20190683421,09/14/2019 06:10:00 AM,2,0,0,,Y,628640,5,SIDESWIPE - SAME DIRECTION,21,CLEAR,1,DAYLIGHT,12,MOTOR VEHICLE IN TRANSPORT,MM 211 5 I 40,NASHVILLE,TN,37210,8204,HERMIT,36.1514,-86.7517,POINT (-86.7517 36.1514)
20190888810,12/11/2019 11:00:00 AM,1,0,0,,N,226622,0,NOT COLLISION W/MOTOR VEHICLE-TRANSPORT,21,CLEAR,1,DAYLIGHT,50,DEER (ANIMAL),OLD HICKORY BLVD & GAUCHO ROAD PVTDR,NASHVILLE,TN,37221,6213,WEST,36.0543,-86.8997,POINT (-86.8997 36.0543)
20190614945,08/17/2019 10:15:00 PM,2,2,0,,N,320599,11,Front to Rear,21,CLEAR,3,DARK - LIGHTED,12,MOTOR VEHICLE IN TRANSPORT,MURFREESBORO PKE & OLD MURFREESBORO PKE,NASHVILLE,TN,37217,8849,SOUTH,36.1046,-86.6694,POINT (-86.6694 36.1046)
20190854290,11/26/2019 05:07:00 AM,2,0,0,,Y,665896,4,ANGLE,21,CLEAR,3,DARK - LIGHTED,12;14,MOTOR VEHICLE IN TRANSPORT;PARKED MOTOR VEHICLE,700 LUCAS LN,NASHVILLE,TN,37207,1863,EAST,36.2042,-86.772,POINT (-86.772 36.2042)
20190846817,11/22/2019 05:10:00 PM,2,0,0,,N,212330,4,ANGLE,22,CLOUDY,3,DARK - LIGHTED,12,MOTOR VEHICLE IN TRANSPORT,WOODYCREST AV & POLK AV,NASHVILLE,TN,37210,8161,SOUTH,36.1351,-86.7454,POINT (-86.7454 36.1351)
20190726891,10/02/2019 04:56:00 PM,2,0,0,,N,384442,11,Front to Rear,21,CLEAR,1,DAYLIGHT,12,MOTOR VEHICLE IN TRANSPORT,OLD HICKORY BLVD & I40 W EXT RAMP,HERMITAGE,TN,37076,9557,HERMIT,36.1708,-86.6016,POINT (-86.6016 36.1708)
20190640274,08/27/2019 05:19:00 PM,2,1,0,,N,197047,11,Front to Rear,21,CLEAR,1,DAYLIGHT,12;18,MOTOR VEHICLE IN TRANSPORT;OTHER OBJECT (NOT FIXED),RIVERSIDE DR & LITTON AV,NASHVILLE,TN,37216,1407,EAST,36.2002,-86.7229,POINT (-86.7229 36.2002)
20190811066,11/07/2019 05:24:00 PM,2,0,0,,N,240957,11,Front to Rear,2,RAIN,2,DARK - NOT LIGHTED,12,MOTOR VEHICLE IN TRANSPORT,BRIARWOOD DR & BLACKMAN RD,NASHVILLE,TN,37211,8611,MIDTOW,36.0746,-86.7505,POINT (-86.7505 36.0746)