Accident Number,Date and Time,Number of Motor Vehicles,Number of Injuries,Number of Fatalities,Property Damage,Hit and Run,Reporting Officer,Collision Type Code,Collision Type Description,Weather Code,Weather Description,Illumination Code,Illumination Description,Harmful Code,Harmful Code Description,Street Address,City,State,ZIP,RPA,Precinct,Latitude,Longitude,Mapped Location
20190843398,11/21/2019 12:01:00 PM,2,0,0,,N,485261,5,SIDESWIPE - SAME DIRECTION,22,CLOUDY,1,DAYLIGHT,12,MOTOR VEHICLE IN TRANSPORT,GEORGE L DAVIS BLVD & CHURCH ST,NASHVILLE,TN,37203,4119,CENTRA,36.1584,-86.7906,POINT (-86.7906 36.1584)
20190692844,09/18/2019 10:06:00 AM,2,2,0,,N,109515,11,Front to Rear,21,CLEAR,1,DAYLIGHT,12,MOTOR VEHICLE IN TRANSPORT,MYATT DR & MADISON INDUSTRIAL RD,MADISON,TN,37115,1715,MADISO,36.2781,-86.6904,POINT (-86.6904 36.2781)
20190922100,12/26/2019 05:30:00 PM,3,1,0,,N,352173,11,Front to Rear,21,CLEAR,3,DARK - LIGHTED,12,MOTOR VEHICLE IN TRANSPORT,DICKERSON PKE & BRILEY PKWYE,MADISON,TN,37115,2007,MADISO,36.2411,-86.7573,POINT (-86.7573 36.2411)
20190679195,09/12/2019 04:39:00 PM,2,1,0,,N,212348,4,ANGLE,21,CLEAR,1,DAYLIGHT,12,MOTOR VEHICLE IN TRANSPORT,WOODMONT BLVD & 23RD AVS,NASHVILLE,TN,37215,6105,WEST,36.1147,-86.8181,POINT (-86.8181 36.1147)
20190742857,10/09/2019 05:50:00 PM,2,0,0,,N,197054,5,SIDESWIPE - SAME DIRECTION,21,CLEAR,1,DAYLIGHT,12,MOTOR VEHICLE IN TRANSPORT,MURFREESBORO PKE EXT RAMP & I24 W ENT RA,NASHVILLE,TN,37217,8818,HERMIT,36.1364,-86.7256,POINT (-86.7256 36.1364)
20190714503,09/27/2019 08:10:00 AM,2,1,0,,N,799013,11,Front to Rear,21,CLEAR,1,DAYLIGHT,12,MOTOR VEHICLE IN TRANSPORT,LEBANON PKE & RIVERSTONE BLVD,NASHVILLE,TN,37214,9403,HERMIT,36.1703,-86.654,POINT (-86.654 36.1703)
20190775750,10/23/2019 05:51:00 PM,2,1,0,Y,N,151132,11,Front to Rear,21,CLEAR,5,DUSK,12;24,MOTOR VEHICLE IN TRANSPORT;GUARDRAIL FACE,MM 43 0 I 24,WHITES CREEK,TN,37189,3226,NORTH,36.246,-86.7844,POINT (-86.7844 36.246)
20190813229,11/08/2019 03:50:00 PM,2,0,0,,N,352166,4,ANGLE,21,CLEAR,1,DAYLIGHT,12,MOTOR VEHICLE IN TRANSPORT,GALLATIN PKES & MADISON SQ,MADISON,TN,37115,1623,MADISO,36.2541,-86.7161,POINT (-86.7161 36.2541)
20190887642,12/11/2019 12:06:00 AM,2,0,0,,Y,256492,4,ANGLE,21,CLEAR,3,DARK - LIGHTED,14,PARKED MOTOR VEHICLE,LEWIS ST & LAFAYETTE ST,NASHVILLE,TN,37210,8145,SOUTH,36.1083,-86.7324,POINT (-86.7324 36.1083)
20190837470,11/19/2019 06:27:00 AM,1,1,0,Y,N,676834,0,NOT COLLISION W/MOTOR VEHICLE-TRANSPORT,22,CLOUDY,1,DAYLIGHT,18;30;42,OTHER OBJECT (NOT FIXED);UTILITY POLE;TREE,ED TEMPLE BLVD & BEASLEY ST,NASHVILLE,TN,37209,4503,NORTH,36.1682,-86.8209,POINT (-86.8209 36.1682)
20190726940,10/02/2019 05:26:00 PM,2,0,0,,N,256389,4,ANGLE,21,CLEAR,1,DAYLIGHT,1;12,MOTOR VEHICLE IN TRANSPORT,MELROSE AV & GRANDVIEW AV,NASHVILLE,TN,37211,8343,MIDTOW,36.1205,-86.7504,POINT (-86.7504 36.1205)
20190740285,10/08/2019 05:23:00 PM,2,0,0,,N,311333,4,ANGLE,21,CLEAR,1,DAYLIGHT,12,MOTOR VEHICLE IN TRANSPORT,MURFREESBORO PKE & LAVERGNE COUCHVILLE P,ANTIOCH,TN,37013,8869,SOUTH,36.0279,-86.5899,POINT (-86.5899 36.0279)
20190631504,08/23/2019 09:01:00 PM,2,0,0,,N,256383,5,SIDESWIPE - SAME DIRECTION,21,CLEAR,3,DARK - LIGHTED,14,PARKED MOTOR VEHICLE,5824 MILL CREEK WHITTEMORE GRNWY,ANTIOCH,TN,37013,8757,SOUTH,36.0415,-86.711,POINT (-86.711 36.0415)
20190669665,09/09/2019 12:48:00 AM,2,2,0,,N,330419,11,Front to Rear,21,CLEAR,3,DARK - LIGHTED,1;12,MOTOR VEHICLE IN TRANSPORT,MM 92 5 I 65,MADISON,TN,37115,1704,MADISO,36.2678,-86.7369,POINT (-86.7369 36.2678)
20190855393,11/26/2019 03:31:00 PM,2,0,0,,Y,179583,11,Front to Rear,2,RAIN,1,DAYLIGHT,12,MOTOR VEHICLE IN TRANSPORT,MM 51 6 I 24,NASHVILLE,TN,37210,82061,HERMIT,36.1403,-86.7313,POINT (-86.7313 36.1403)
20190866844,12/02/2019 11:25:00 AM,2,0,0,,N,191578,5,SIDESWIPE - SAME DIRECTION,21,CLEAR,1,DAYLIGHT,12,MOTOR VEHICLE IN TRANSPORT,ELM HILL PKE & MCGAVOCK PKE,NASHVILLE,TN,37214,9115,HERMIT,36.1528,-86.6834,POINT (-86.6834 36.1528)
20190801964,11/04/2019 07:47:00 AM,2,0,0,,N,299249,11,Front to Rear,21,CLEAR,1,DAYLIGHT,12,MOTOR VEHICLE IN TRANSPORT,STEWARTS FERRY PKE & STONES RIV STEWARTS,NASHVILLE,TN,37214,9401,HERMIT,36.1649,-86.6517,POINT (-86.6517 36.1649)
20190593583,08/09/2019 04:15:00 PM,2,0,0,,Y,256427,11,Front to Rear,21,CLEAR,1,DAYLIGHT,12,MOTOR VEHICLE IN TRANSPORT,BRILEY PKWYW & PENNINGTON BEND RD,NASHVILLE,TN,37214,92860,HERMIT,36.2357,-86.71,POINT (-86.71 36.2357)
20190609259,08/15/2019 04:38:00 PM,2,0,0,,N,240957,4,ANGLE,21,CLEAR,1,DAYLIGHT,12,MOTOR VEHICLE IN TRANSPORT,EDMONDSON PKE & ELLINGTON AG CENTER PVTD,NASHVILLE,TN,37211,8657,MIDTOW,36.0617,-86.7403,POINT (-86.7403 36.0617)
20190782615,10/26/2019 07:35:00 PM,2,0,0,,Y,352169,6,SIDESWIPE - OPPOSITE DIRECTION,2,RAIN,3,DARK - LIGHTED,12,MOTOR VEHICLE IN TRANSPORT,US HWY 31E & NEELYS BEND RD,MADISON,TN,37115,1625,MADISO,36.2562,-86.7144,POINT (-86.7144 36.2562)
20190586374,08/07/2019 06:38:00 AM,2,0,0,,N,224824,11,Front to Rear,21,CLEAR,1,DAYLIGHT,12,MOTOR VEHICLE IN TRANSPORT,MM 221 3 I 40,HERMITAGE,TN,37076,95020,HERMIT,36.1701,-86.5928,POINT (-86.5928 36.1701)
20190736731,10/07/2019 03:50:00 AM,2,0,0,,Y,279216,11,Front to Rear,2,RAIN,3,DARK - LIGHTED,55,Motor Vehicle-In-Motion Outside Trafficw,W TRINITY LN & HAMPTON ST,NASHVILLE,TN,37207,3007,NORTH,36.2067,-86.7784,POINT (-86.7784 36.2067)
20190739707,10/08/2019 11:41:00 AM,2,1,0,,N,191578,4,ANGLE,21,CLEAR,1,DAYLIGHT,12,MOTOR VEHICLE IN TRANSPORT,MUSIC VALLEY DR & MUSIC CITY CIR,NASHVILLE,TN,37214,9213,HERMIT,36.2243,-86.6948,POINT (-86.6948 36.2243)
20190683513,09/14/2019 08:15:00 AM,2,1,0,,N,306231,11,Front to Rear,21,CLEAR,1,DAYLIGHT,12,MOTOR VEHICLE IN TRANSPORT,ASHLAND CITY HWY & CLARKSVILLE PKE,NASHVILLE,TN,37218,3121,NORTH,36.1976,-86.8375,POINT (-86.8375 36.1976)
20190753904,10/14/2019 02:50:00 PM,2,0,0,,N,807319,11,Front to Rear,21,CLEAR,1,DAYLIGHT,12,MOTOR VEHICLE IN TRANSPORT,GALLATIN PKES & LAKEWOOD DR,MADISON,TN,37115,1517,MADISO,36.2434,-86.7229,POINT (-86.7229 36.2434)
20190856094,11/26/2019 10:33:00 PM,1,0,0,,N,256448,0,NOT COLLISION W/MOTOR VEHICLE-TRANSPORT,2,RAIN,2,DARK - NOT LIGHTED,18,OTHER OBJECT (NOT FIXED),MM 213 0 I 40,NASHVILLE,TN,37210,8219,HERMIT,36.1407,-86.7323,POINT (-86.7323 36.1407)
20190764411,10/18/2019 04:59:00 PM,2,0,0,,Y,320585,11,Front to Rear,21,CLEAR,1,DAYLIGHT,12,MOTOR VEHICLE IN TRANSPORT,MM 215 5 I 40,NASHVILLE,TN,37217,89020,HERMIT,36.1432,-86.6865,POINT (-86.6865 36.1432)
20190758695,10/16/2019 11:25:00 AM,2,0,0,,N,716886,5,SIDESWIPE - SAME DIRECTION,21,CLEAR,1,DAYLIGHT,12,MOTOR VEHICLE IN TRANSPORT,NOLENSVILLE PKE & I440 E ENT RAMP,NASHVILLE,TN,37210,8319,SOUTH,36.1203,-86.7499,POINT (-86.7499 36.1203)
20190891055,12/12/2019 06:20:00 AM,2,0,0,,N,279227,4,ANGLE,21,CLEAR,1,DAYLIGHT,12,MOTOR VEHICLE IN TRANSPORT,MURFREESBORO PKE & HOBSON PKE,ANTIOCH,TN,37013,8927,SOUTH,36.043,-86.6066,POINT (-86.6066 36.043)
20190792149,10/30/2019 07:53:00 PM,1,0,0,,N,834813,0,NOT COLLISION W/MOTOR VEHICLE-TRANSPORT,5,FOG,2,DARK - NOT LIGHTED,50,DEER (ANIMAL),WHITES CREEK PKE & GREENBRIER RD,JOELTON,TN,37080,2303,NORTH,36.3421,-86.8717,POINT (-86.8717 36.3421)
20190857542,11/27/2019 01:21:00 PM,1,1,0,,N,179602,0,NOT COLLISION W/MOTOR VEHICLE-TRANSPORT,21,CLEAR,1,DAYLIGHT,1,,WHITES CREEK PKE & LAIN HOLLOW RD,JOELTON,TN,37080,2319,NORTH,36.3701,-86.8897,POINT (-86.8897 36.3701)
20190615580,08/18/2019 12:00:00 AM,1,0,0,,Y,256377,0,NOT COLLISION W/MOTOR VEHICLE-TRANSPORT,21,CLEAR,2,DARK - NOT LIGHTED,34;63,DITCH;Ran Off Road-Right,230 BELL RD,NASHVILLE,TN,37217,8965,HERMIT,36.0835,-86.6285,POINT (-86.6285 36.0835)
20190892075,12/12/2019 03:44:00 PM,3,1,0,,Y,405418,11,Front to Rear,22,CLOUDY,1,DAYLIGHT,12,MOTOR VEHICLE IN TRANSPORT,HARDING PL & SIDCO DR,NASHVILLE,TN,37220,8601,MIDTOW,36.0819,-86.7612,POINT (-86.7612 36.0819)
20190691025,09/17/2019 06:21:00 PM,2,0,0,,N,151132,4,ANGLE,21,CLEAR,5,DUSK,12,MOTOR VEHICLE IN TRANSPORT,GALLATIN PKES & HICKORY ST,MADISON,TN,37115,1605,MADISO,36.2604,-86.7129,POINT (-86.7129 36.2604)
20190806135,11/05/2019 07:10:00 PM,2,0,0,,Y,352192,4,ANGLE,21,CLEAR,3,DARK - LIGHTED,12,MOTOR VEHICLE IN TRANSPORT,CHARLOTTE PKE & HILLWOOD BLVD,NASHVILLE,TN,37209,5021,WEST,36.138,-86.8819,POINT (-86.8819 36.138)
20190781077,10/25/2019 10:40:00 PM,2,0,0,,N,256376,4,ANGLE,2,RAIN,3,DARK - LIGHTED,12,MOTOR VEHICLE IN TRANSPORT,28TH AVN & TORBETT ST,NASHVILLE,TN,37209,5345,NORTH,36.1573,-86.8186,POINT (-86.8186 36.1573)
20190893120,12/13/2019 01:15:00 AM,1,0,0,,N,352153,0,NOT COLLISION W/MOTOR VEHICLE-TRANSPORT,21,CLEAR,2,DARK - NOT LIGHTED,33;41;42,CURB;SHRUBBERY;TREE,PEBBLE CREEK DR & EDGE O LAKE DR,ANTIOCH,TN,37013,8861,SOUTH,36.0723,-86.6468,POINT (-86.6468 36.0723)
20190740432,10/08/2019 06:50:00 PM,2,1,0,,Y,717341,11,Front to Rear,21,CLEAR,3,DARK - LIGHTED,12,MOTOR VEHICLE IN TRANSPORT,BELL RD & I24 E EXT RAMP,ANTIOCH,TN,37013,8751,SOUTH,36.0451,-86.6593,POINT (-86.6593 36.0451)
20190709361,09/25/2019 08:11:00 AM,2,0,0,,N,620061,11,Front to Rear,21,CLEAR,1,DAYLIGHT,12,MOTOR VEHICLE IN TRANSPORT,OLD HICKORY BLVD & BRENTWOOD TRC,BRENTWOOD,TN,37027,8623,MIDTOW,36.0411,-86.7762,POINT (-86.7762 36.0411)
20190597044,08/11/2019 12:00:00 AM,2,0,0,,Y,200016,16,Rear to Side,21,CLEAR,9,UNKNOWN,12;14,MOTOR VEHICLE IN TRANSPORT;PARKED MOTOR VEHICLE,23RD AVN & BUCHANAN ST,NASHVILLE,TN,37208,4461,NORTH,36.1793,-86.8143,POINT (-86.8143 36.1793)
20190857477,11/27/2019 12:46:00 PM,2,0,0,,N,716886,4,ANGLE,21,CLEAR,1,DAYLIGHT,12,MOTOR VEHICLE IN TRANSPORT,MT VIEW RD & BELL RD,ANTIOCH,TN,37013,8871,SOUTH,36.0456,-86.6637,POINT (-86.6637 36.0456)
20190819603,11/11/2019 05:25:00 PM,2,0,0,,N,429193,11,Front to Rear,2,RAIN,3,DARK - LIGHTED,12,MOTOR VEHICLE IN TRANSPORT,CHARLOTTE PK & ANNEX AV,NASHVILLE,TN,37209,5023,WEST,36.1397,-86.8798,POINT (-86.8798 36.1397)
20190692608,09/18/2019 08:45:00 AM,2,0,0,,N,716886,5,SIDESWIPE - SAME DIRECTION,21,CLEAR,1,DAYLIGHT,14,PARKED MOTOR VEHICLE,BRIDGECREST DR & EDENCREST DR,ANTIOCH,TN,37013,8861,SOUTH,36.0651,-86.647,POINT (-86.647 36.0651)
20190900501,12/16/2019 12:00:00 AM,3,0,0,,N,384408,11,Front to Rear,99,UNKNOWN,7,Dark-Unknown Lighting,12,MOTOR VEHICLE IN TRANSPORT,CHARLOTTE PKE & OCEOLA AV,NASHVILLE,TN,37209,5025,WEST,36.1495,-86.8605,POINT (-86.8605 36.1495)
20190781036,10/25/2019 10:20:00 PM,1,0,0,,N,256501,0,NOT COLLISION W/MOTOR VEHICLE-TRANSPORT,2,RAIN,3,DARK - LIGHTED,38,FENCE,34TH AVN & ALBION ST,NASHVILLE,TN,37209,4565,NORTH,36.1628,-86.8272,POINT (-86.8272 36.1628)
20190613750,08/17/2019 12:08:00 PM,1,0,0,Y,N,419952,0,NOT COLLISION W/MOTOR VEHICLE-TRANSPORT,21,CLEAR,1,DAYLIGHT,19;33,BUILDING;CURB,WHITE BRIDGE PKE & CHARLOTTE PKE,NASHVILLE,TN,37209,5033,WEST,36.1494,-86.8579,POINT (-86.8579 36.1494)
20190645816,08/29/2019 05:18:00 PM,1,0,0,,Y,256389,0,NOT COLLISION W/MOTOR VEHICLE-TRANSPORT,21,CLEAR,3,DARK - LIGHTED,34,DITCH,HILL RD & STONE BOX LN,NASHVILLE,TN,37220,8617,MIDTOW,36.0497,-86.7649,POINT (-86.7649 36.0497)
20190651261,08/31/2019 09:43:00 PM,2,0,0,,N,279203,11,Front to Rear,21,CLEAR,3,DARK - LIGHTED,12,MOTOR VEHICLE IN TRANSPORT,SPRING ST & N 1ST ST,NASHVILLE,TN,37207,1955,CENTRA,36.177,-86.7746,POINT (-86.7746 36.177)
20190602208,08/12/2019 12:00:00 AM,3,0,0,,Y,320578,11,Front to Rear,21,CLEAR,2,DARK - NOT LIGHTED,14,PARKED MOTOR VEHICLE,TERRAGON TRL & DOWDY DR,ANTIOCH,TN,37013,8899,SOUTH,36.0714,-86.6711,POINT (-86.6711 36.0714)
20190664182,09/06/2019 08:22:00 AM,2,1,0,,N,676834,11,Front to Rear,21,CLEAR,1,DAYLIGHT,12,MOTOR VEHICLE IN TRANSPORT,MM 85 0 I 65,NASHVILLE,TN,37208,43021,NORTH,36.1799,-86.8005,POINT (-86.8005 36.1799)
20190845784,11/22/2019 10:16:00 AM,2,0,0,,N,414731,11,Front to Rear,22,CLOUDY,1,DAYLIGHT,12,MOTOR VEHICLE IN TRANSPORT,BRILEY PKWYS & I24 E EXT RAMP,NASHVILLE,TN,37211,8336,SOUTH,36.1092,-86.7262,POINT (-86.7262 36.1092)
20190603898,08/13/2019 05:25:00 PM,2,1,0,,N,717341,11,Front to Rear,2,RAIN,1,DAYLIGHT,12,MOTOR VEHICLE IN TRANSPORT,MM 52 1 I 24,NASHVILLE,TN,37217,8816,SOUTH,36.1343,-86.7267,POINT (-86.7267 36.1343)
20190700801,09/21/2019 03:38:00 PM,2,2,0,,N,212348,4,ANGLE,21,CLEAR,1,DAYLIGHT,12,MOTOR VEHICLE IN TRANSPORT,HARDING PKE & RIDGEFIELD WAY,NASHVILLE,TN,37205,6021,WEST,36.1264,-86.8456,POINT (-86.8456 36.1264)
20190876257,12/05/2019 11:20:00 PM,2,0,0,,N,311326,4,ANGLE,21,CLEAR,3,DARK - LIGHTED,12,MOTOR VEHICLE IN TRANSPORT,CHARLOTTE AV & 18TH AVN,NASHVILLE,TN,37203,5505,MIDTOW,36.1581,-86.7999,POINT (-86.7999 36.1581)
20190753712,10/14/2019 01:10:00 PM,2,0,0,,N,909494,11,Front to Rear,21,CLEAR,1,DAYLIGHT,12,MOTOR VEHICLE IN TRANSPORT,MAIN ST & S 9TH ST,NASHVILLE,TN,37206,1999,EAST,36.176,-86.7572,POINT (-86.7572 36.176)
20190772839,10/22/2019 02:55:00 PM,2,0,0,,N,345098,4,ANGLE,21,CLEAR,1,DAYLIGHT,12;24;34,MOTOR VEHICLE IN TRANSPORT;GUARDRAIL FACE;DITCH,CLARKSVILLE PKE & STEVENS LN,NASHVILLE,TN,37218,3219,NORTH,36.2388,-86.8307,POINT (-86.8307 36.2388)
20190834943,11/18/2019 07:28:00 AM,2,0,0,,N,320586,11,Front to Rear,21,CLEAR,2,DARK - NOT LIGHTED,13,MOTOR VEHICLE IN TRANSPORT-OTHER ROADWAY,MM 52 0 I 24,NASHVILLE,TN,37217,8816,SOUTH,36.1329,-86.7267,POINT (-86.7267 36.1329)
20190666663,09/07/2019 10:30:00 AM,2,0,0,,N,109495,5,SIDESWIPE - SAME DIRECTION,21,CLEAR,1,DAYLIGHT,12,MOTOR VEHICLE IN TRANSPORT,WEDGEWOOD AV & LINDELL AV,NASHVILLE,TN,37204,8027,MIDTOW,36.1341,-86.7733,POINT (-86.7733 36.1341)
20190781266,10/26/2019 12:20:00 AM,2,0,0,,N,352153,11,Front to Rear,2,RAIN,2,DARK - NOT LIGHTED,12,MOTOR VEHICLE IN TRANSPORT,EZELL RD & LUNA DR,NASHVILLE,TN,37211,8889,SOUTH,36.0794,-86.6897,POINT (-86.6897 36.0794)
20190802566,11/04/2019 12:15:00 PM,2,0,0,,N,235761,4,ANGLE,21,CLEAR,1,DAYLIGHT,12,MOTOR VEHICLE IN TRANSPORT,OCEOLA AV & CHARLOTTE PKE,NASHVILLE,TN,37209,5033,WEST,36.1497,-86.8599,POINT (-86.8599 36.1497)
20190793082,10/31/2019 06:30:00 AM,5,2,0,,N,320583,11,Front to Rear,2,RAIN,1,DAYLIGHT,12,MOTOR VEHICLE IN TRANSPORT,WEDGEWOOD AV & 19TH AVS,NASHVILLE,TN,37212,6611,MIDTOW,36.1373,-86.7981,POINT (-86.7981 36.1373)
20190886776,12/10/2019 02:15:00 PM,2,1,0,,N,240986,5,SIDESWIPE - SAME DIRECTION,22,CLOUDY,1,DAYLIGHT,12,MOTOR VEHICLE IN TRANSPORT,DICKERSON PKE & HOMESTEAD RD,NASHVILLE,TN,37216,1805,EAST,36.2351,-86.7584,POINT (-86.7584 36.2351)
20190819115,11/11/2019 12:20:00 PM,2,2,0,Y,N,223502,4,ANGLE,2,RAIN,1,DAYLIGHT,12,MOTOR VEHICLE IN TRANSPORT,MURFREESBORO PKE & GLENGARRY DR,NASHVILLE,TN,37217,8823,HERMIT,36.1208,-86.7036,POINT (-86.7036 36.1208)
20190636574,08/26/2019 06:45:00 AM,1,0,0,,N,224949,0,NOT COLLISION W/MOTOR VEHICLE-TRANSPORT,2,RAIN,1,DAYLIGHT,75,Bridge/Overhead Structure,SPRING ST & ELLINGTON PKWYN,NASHVILLE,TN,37206,1998,EAST,36.176,-86.7662,POINT (-86.7662 36.176)
20190609668,08/15/2019 08:14:00 PM,2,0,0,,Y,169425,11,Front to Rear,21,CLEAR,3,DARK - LIGHTED,12,MOTOR VEHICLE IN TRANSPORT,OLD HICKORY BLVD & SEVEN SPRINGS WAY,BRENTWOOD,TN,37027,8623,MIDTOW,36.0398,-86.7685,POINT (-86.7685 36.0398)
20190643464,08/28/2019 10:25:00 PM,2,0,0,,N,256426,11,Front to Rear,21,CLEAR,3,DARK - LIGHTED,14,PARKED MOTOR VEHICLE,0 FESSLERS LN,NASHVILLE,TN,37210,8215,HERMIT,36.145,-86.744,POINT (-86.744 36.145)
20190830109,11/15/2019 09:21:00 PM,3,0,0,,Y,256446,4,ANGLE,21,CLEAR,3,DARK - LIGHTED,12,MOTOR VEHICLE IN TRANSPORT,MURFREESBORO PKE & FOREST VIEW DR,ANTIOCH,TN,37013,8865,SOUTH,36.0674,-86.6313,POINT (-86.6313 36.0674)
20190921259,12/26/2019 08:50:00 AM,2,0,0,,N,279227,11,Front to Rear,21,CLEAR,1,DAYLIGHT,12,MOTOR VEHICLE IN TRANSPORT,KEELEY DR & CREEKSIDE DR,NASHVILLE,TN,37211,8709,SOUTH,36.0665,-86.6969,POINT (-86.6969 36.0665)
20190775677,10/23/2019 05:17:00 PM,2,1,0,,N,256423,11,Front to Rear,21,CLEAR,1,DAYLIGHT,12,MOTOR VEHICLE IN TRANSPORT,ASHLAND CITY HWY & NORTH GATE SHOPPING C,NASHVILLE,TN,37218,3121,NORTH,36.1978,-86.8388,POINT (-86.8388 36.1978)
20190825226,11/13/2019 12:00:00 AM,2,0,0,,N,240983,6,SIDESWIPE - OPPOSITE DIRECTION,21,CLEAR,2,DARK - NOT LIGHTED,12,MOTOR VEHICLE IN TRANSPORT,HICKORY HOLLOW TER & WILLOW POINTE PVTDR,ANTIOCH,TN,37013,8861,SOUTH,36.0519,-86.6477,POINT (-86.6477 36.0519)
20190905793,12/18/2019 04:22:00 PM,2,0,0,,N,299257,4,ANGLE,21,CLEAR,1,DAYLIGHT,12,MOTOR VEHICLE IN TRANSPORT,THOMPSON LN & LANDERS AV,NASHVILLE,TN,37211,8521,MIDTOW,36.1112,-86.7487,POINT (-86.7487 36.1112)
20190785807,10/28/2019 09:50:00 AM,2,0,0,Y,N,352164,11,Front to Rear,21,CLEAR,1,DAYLIGHT,14,PARKED MOTOR VEHICLE,BURKITT PLACE DR & GAINSFORD LN,NOLENSVILLE,TN,37135,8773,SOUTH,35.9875,-86.6752,POINT (-86.6752 35.9875)
20190641525,08/28/2019 05:37:00 AM,2,1,0,,Y,279203,11,Front to Rear,21,CLEAR,2,DARK - NOT LIGHTED,12,MOTOR VEHICLE IN TRANSPORT,I40 W EXT RAMP & I 40,NASHVILLE,TN,37203,4119,CENTRA,36.1574,-86.79,POINT (-86.79 36.1574)
20190781829,10/26/2019 09:15:00 AM,2,0,0,,N,226306,11,Front to Rear,22,CLOUDY,98,OTHER,12,MOTOR VEHICLE IN TRANSPORT,HIGHWAY 70S & BELLEVUE CTR PVTDR,NASHVILLE,TN,37221,4811,WEST,36.0785,-86.9508,POINT (-86.9508 36.0785)
20190744171,10/10/2019 06:43:00 AM,3,0,0,,N,755026,11,Front to Rear,21,CLEAR,1,DAYLIGHT,12,MOTOR VEHICLE IN TRANSPORT,MM 53 0 I 24,NASHVILLE,TN,37210,8302,SOUTH,36.1189,-86.7264,POINT (-86.7264 36.1189)
20190891269,12/12/2019 09:08:00 AM,2,2,0,,N,716886,11,Front to Rear,21,CLEAR,1,DAYLIGHT,12,MOTOR VEHICLE IN TRANSPORT,MM 6 6 I 440,NASHVILLE,TN,37210,81040,SOUTH,36.1243,-86.7447,POINT (-86.7447 36.1243)
20190662943,09/05/2019 08:42:00 PM,2,0,0,Y,Y,384436,0,NOT COLLISION W/MOTOR VEHICLE-TRANSPORT,21,CLEAR,2,DARK - NOT LIGHTED,14;38;40;42,PARKED MOTOR VEHICLE;FENCE;MAIL BOX;TREE,MCKENNELL DR & RIVERSIDE DR,NASHVILLE,TN,37206,1351,EAST,36.1929,-86.724,POINT (-86.724 36.1929)
20190781715,10/26/2019 07:17:00 AM,2,0,0,,N,812949,5,SIDESWIPE - SAME DIRECTION,2,RAIN,1,DAYLIGHT,14,PARKED MOTOR VEHICLE,EWING DR & VISTA LN,NASHVILLE,TN,37207,3045,NORTH,36.2315,-86.7956,POINT (-86.7956 36.2315)
20190627156,08/22/2019 11:06:00 AM,2,0,0,,Y,134899,5,SIDESWIPE - SAME DIRECTION,21,CLEAR,1,DAYLIGHT,12,MOTOR VEHICLE IN TRANSPORT,OLD HICKORY BLVD & I40 E EXT RAMP,HERMITAGE,TN,37076,9561,HERMIT,36.178,-86.6051,POINT (-86.6051 36.178)
20190719425,09/29/2019 03:30:00 PM,2,0,0,,N,320582,5,SIDESWIPE - SAME DIRECTION,21,CLEAR,1,DAYLIGHT,12,MOTOR VEHICLE IN TRANSPORT,MM 87 3 I 65,NASHVILLE,TN,37207,1804,EAST,36.2068,-86.7762,POINT (-86.7762 36.2068)
20190621155,08/20/2019 09:42:00 AM,4,0,0,,N,462474,11,Front to Rear,21,CLEAR,1,DAYLIGHT,12,MOTOR VEHICLE IN TRANSPORT,WOODMONT BLVD & MCNAIRY LN,NASHVILLE,TN,37204,7009,MIDTOW,36.1104,-86.7828,POINT (-86.7828 36.1104)
20190584871,08/06/2019 04:25:00 PM,2,0,0,,N,256448,11,Front to Rear,21,CLEAR,1,DAYLIGHT,12,MOTOR VEHICLE IN TRANSPORT,DONELSONWOOD DR & STEWARTS FERRY PKE,NASHVILLE,TN,37214,9401,HERMIT,36.1677,-86.6568,POINT (-86.6568 36.1677)
20190640868,08/27/2019 11:03:00 PM,2,0,0,,Y,161955,2,HEAD-ON,21,CLEAR,3,DARK - LIGHTED,12;14,MOTOR VEHICLE IN TRANSPORT;PARKED MOTOR VEHICLE,UNIVERSITY CT & CARROLL ST,NASHVILLE,TN,37210,8201,HERMIT,36.1525,-86.7637,POINT (-86.7637 36.1525)
20190878124,12/06/2019 04:40:00 PM,2,1,0,,N,225894,4,ANGLE,21,CLEAR,5,DUSK,12,MOTOR VEHICLE IN TRANSPORT,BRILEY PKWY N ENT RAMP & LEBANON PKE,NASHVILLE,TN,37214,9203,HERMIT,36.1685,-86.688,POINT (-86.688 36.1685)
20190721437,09/30/2019 02:17:00 PM,3,1,0,,N,311804,11,Front to Rear,21,CLEAR,1,DAYLIGHT,12,MOTOR VEHICLE IN TRANSPORT,MM 48 9 I 24,NASHVILLE,TN,37213,1104,CENTRA,36.1676,-86.7656,POINT (-86.7656 36.1676)
20190831813,11/16/2019 05:19:00 PM,2,0,0,,Y,279116,4,ANGLE,21,CLEAR,3,DARK - LIGHTED,12,MOTOR VEHICLE IN TRANSPORT,MM 209 2 I 40,NASHVILLE,TN,37203,5702,MIDTOW,36.1554,-86.7891,POINT (-86.7891 36.1554)
20190765145,10/19/2019 12:04:00 AM,2,0,0,,Y,200016,4,ANGLE,21,CLEAR,3,DARK - LIGHTED,12,MOTOR VEHICLE IN TRANSPORT,28TH AVE N & JEFFERSON ST,NASHVILLE,TN,37209,4521,NORTH,36.1678,-86.8207,POINT (-86.8207 36.1678)
20190762012,10/17/2019 04:35:00 PM,2,0,0,,N,320585,11,Front to Rear,21,CLEAR,1,DAYLIGHT,12,MOTOR VEHICLE IN TRANSPORT,STATE HWY 45 & ANDREW JACKSON WAY,HERMITAGE,TN,37076,9561,HERMIT,36.1824,-86.6082,POINT (-86.6082 36.1824)