Accident Number,Date and Time,Number of Motor Vehicles,Number of Injuries,Number of Fatalities,Property Damage,Hit and Run,Reporting Officer,Collision Type Code,Collision Type Description,Weather Code,Weather Description,Illumination Code,Illumination Description,Harmful Code,Harmful Code Description,Street Address,City,State,ZIP,RPA,Precinct,Latitude,Longitude,Mapped Location
20190855699,11/26/2019 05:25:00 PM,2,0,0,,Y,311328,11,Front to Rear,2,RAIN,3,DARK - LIGHTED,12,MOTOR VEHICLE IN TRANSPORT,JAMES ROBERTSON PKWY & MAIN ST,NASHVILLE,TN,37213,1105,CENTRA,36.1713,-86.7694,POINT (-86.7694 36.1713)
20190884382,12/09/2019 06:34:00 PM,2,1,0,,N,240957,11,Front to Rear,2,RAIN,3,DARK - LIGHTED,12,MOTOR VEHICLE IN TRANSPORT,NOLENSVILLE PKE & HICKORYVIEW DR,NASHVILLE,TN,37211,8717,SOUTH,36.0488,-86.7137,POINT (-86.7137 36.0488)
20190878778,12/06/2019 11:30:00 PM,2,1,0,,N,352209,4,ANGLE,21,CLEAR,3,DARK - LIGHTED,12,MOTOR VEHICLE IN TRANSPORT,8TH AVS & LAFAYETTE ST,NASHVILLE,TN,37203,4043,CENTRA,36.1546,-86.7792,POINT (-86.7792 36.1546)
20190673388,09/10/2019 12:15:00 PM,2,0,0,,N,584947,5,SIDESWIPE - SAME DIRECTION,21,CLEAR,1,DAYLIGHT,12,MOTOR VEHICLE IN TRANSPORT,TOBYLYNN DR & BRUCEWOOD DR,NASHVILLE,TN,37211,8653,MIDTOW,36.0494,-86.7331,POINT (-86.7331 36.0494)
20190901743,12/17/2019 06:14:00 AM,3,4,0,,N,212342,4,ANGLE,2,RAIN,3,DARK - LIGHTED,12,MOTOR VEHICLE IN TRANSPORT,BRILEY PKWY & VULTEE BLVD,NASHVILLE,TN,37217,8998,HERMIT,36.1245,-86.6963,POINT (-86.6963 36.1245)
20190838587,11/19/2019 03:40:00 PM,2,0,0,,N,299257,4,ANGLE,21,CLEAR,1,DAYLIGHT,12,MOTOR VEHICLE IN TRANSPORT,SIDCO DR & THOMPSON LN,NASHVILLE,TN,37204,8523,MIDTOW,36.1112,-86.7552,POINT (-86.7552 36.1112)
20190783342,10/27/2019 06:15:00 AM,2,2,0,,N,320588,4,ANGLE,2,RAIN,3,DARK - LIGHTED,12,MOTOR VEHICLE IN TRANSPORT,GARFIELD ST & ROSA L PARKS BLVD,NASHVILLE,TN,37208,4343,NORTH,36.1806,-86.7963,POINT (-86.7963 36.1806)
20190725910,09/30/2019 12:00:00 AM,2,0,0,,Y,166478,5,SIDESWIPE - SAME DIRECTION,99,UNKNOWN,9,UNKNOWN,12;14;99,MOTOR VEHICLE IN TRANSPORT;PARKED MOTOR VEHICLE;UNKNOWN MOST HARMFUL EVENT,21ST AVN & FORMOSA ST,NASHVILLE,TN,37208,4469,NORTH,36.1744,-86.8106,POINT (-86.8106 36.1744)
20190892570,12/12/2019 06:00:00 PM,2,0,0,,Y,298858,5,SIDESWIPE - SAME DIRECTION,21,CLEAR,1,DAYLIGHT,12,MOTOR VEHICLE IN TRANSPORT,GRUNDY ST & 12TH AVE N,NASHVILLE,TN,37203,4119,CENTRA,36.1578,-86.7887,POINT (-86.7887 36.1578)
20190697987,09/20/2019 09:15:00 AM,2,0,0,,N,134899,4,ANGLE,21,CLEAR,1,DAYLIGHT,12,MOTOR VEHICLE IN TRANSPORT,LEBANON PKE & DONELSON PKE,NASHVILLE,TN,37214,9311,HERMIT,36.1676,-86.6633,POINT (-86.6633 36.1676)
20190770551,10/21/2019 04:14:00 PM,2,0,0,,Y,384421,11,Front to Rear,2,RAIN,1,DAYLIGHT,12,MOTOR VEHICLE IN TRANSPORT,MM 211 2 I 40,NASHVILLE,TN,37210,8008,HERMIT,36.1535,-86.7564,POINT (-86.7564 36.1535)
20190865004,12/01/2019 12:44:00 PM,2,2,0,,N,352211,98,OTHER,21,CLEAR,1,DAYLIGHT,12;33,MOTOR VEHICLE IN TRANSPORT;CURB,STATE HWY 155 & BROOKWOOD TER,NASHVILLE,TN,37209,5107,WEST,36.1301,-86.8555,POINT (-86.8555 36.1301)
20190761427,10/17/2019 01:00:00 PM,2,0,0,,N,405391,4,ANGLE,21,CLEAR,1,DAYLIGHT,12,MOTOR VEHICLE IN TRANSPORT,I40 E ENT RAMP & I 40,NASHVILLE,TN,37205,4903,WEST,36.1109,-86.922,POINT (-86.922 36.1109)
20190775854,10/23/2019 12:00:00 AM,2,0,0,,Y,279200,11,Front to Rear,21,CLEAR,3,DARK - LIGHTED,12,MOTOR VEHICLE IN TRANSPORT,8TH AVS & MCGAVOCK ST,NASHVILLE,TN,37203,4075,CENTRA,36.1579,-86.7814,POINT (-86.7814 36.1579)
20190703967,09/23/2019 07:05:00 AM,2,1,0,,N,352178,11,Front to Rear,22,CLOUDY,1,DAYLIGHT,12,MOTOR VEHICLE IN TRANSPORT,BRILEY PKWYS & BRILEY PKWY S EXT RAMP,NASHVILLE,TN,37210,9098,HERMIT,36.148,-86.6929,POINT (-86.6929 36.148)
20190798358,11/02/2019 12:34:00 PM,2,0,0,,N,279230,11,Front to Rear,21,CLEAR,1,DAYLIGHT,12,MOTOR VEHICLE IN TRANSPORT,BELL RD & HICKORY HOLLOW MALL PVTDR PL,ANTIOCH,TN,37013,8863,SOUTH,36.0493,-86.6517,POINT (-86.6517 36.0493)
20190792840,10/31/2019 02:56:00 AM,3,1,0,,N,256382,0,NOT COLLISION W/MOTOR VEHICLE-TRANSPORT,,,3,DARK - LIGHTED,12;39;4,MOTOR VEHICLE IN TRANSPORT;WALL,MM 51 4 I 24,NASHVILLE,TN,37210,82061,HERMIT,36.1388,-86.7284,POINT (-86.7284 36.1388)
20190766911,10/19/2019 08:20:00 PM,2,0,0,,Y,320603,11,Front to Rear,2,RAIN,3,DARK - LIGHTED,12,MOTOR VEHICLE IN TRANSPORT,EXIT 206 & I 40,NASHVILLE,TN,37209,52280,WEST,36.1558,-86.8239,POINT (-86.8239 36.1558)
20190832635,11/17/2019 02:14:00 AM,2,0,0,,Y,352162,11,Front to Rear,21,CLEAR,3,DARK - LIGHTED,12,MOTOR VEHICLE IN TRANSPORT,12TH AVS & BROADWAY,NASHVILLE,TN,37203,4081,CENTRA,36.1563,-86.7873,POINT (-86.7873 36.1563)
20190913823,12/21/2019 12:00:00 AM,1,0,0,Y,Y,551975,0,NOT COLLISION W/MOTOR VEHICLE-TRANSPORT,99,UNKNOWN,9,UNKNOWN,15;7,OTHER TYPE NON-MOTORIST,COMBS DR & SILAS DR,NASHVILLE,TN,37207,3039,NORTH,36.2161,-86.7903,POINT (-86.7903 36.2161)
20190771844,10/22/2019 06:30:00 AM,5,0,0,,N,716886,11,Front to Rear,21,CLEAR,1,DAYLIGHT,12,MOTOR VEHICLE IN TRANSPORT,MM 56 7 I 24,NASHVILLE,TN,37211,8810,SOUTH,36.0726,-86.6916,POINT (-86.6916 36.0726)
20190838209,11/19/2019 12:46:00 PM,2,0,0,,N,352164,5,SIDESWIPE - SAME DIRECTION,21,CLEAR,1,DAYLIGHT,12,MOTOR VEHICLE IN TRANSPORT,MM 55 0 I 24,NASHVILLE,TN,37211,8812,SOUTH,36.0948,-86.7069,POINT (-86.7069 36.0948)
20190735516,10/06/2019 11:16:00 AM,3,1,0,,Y,311325,4,ANGLE,22,CLOUDY,1,DAYLIGHT,12,MOTOR VEHICLE IN TRANSPORT,MM 212 0 I 40,NASHVILLE,TN,37210,90041,HERMIT,36.147,-86.7433,POINT (-86.7433 36.147)
20190700416,09/21/2019 10:17:00 AM,2,2,0,,N,306231,4,ANGLE,21,CLEAR,1,DAYLIGHT,12,MOTOR VEHICLE IN TRANSPORT,ROSA L PARKS BLVD & JEFFERSON ST,NASHVILLE,TN,37208,4237,CENTRA,36.1733,-86.7914,POINT (-86.7914 36.1733)
20190733310,10/05/2019 07:59:00 AM,2,0,0,,N,110063,5,SIDESWIPE - SAME DIRECTION,21,CLEAR,1,DAYLIGHT,12,MOTOR VEHICLE IN TRANSPORT,MM 86 5 I 65,NASHVILLE,TN,37207,3006,NORTH,36.1946,-86.7762,POINT (-86.7762 36.1946)
20190900250,12/16/2019 01:17:00 PM,2,1,0,,N,109515,11,Front to Rear,2,RAIN,1,DAYLIGHT,12,MOTOR VEHICLE IN TRANSPORT,MYATT DR & MADISON INDUSTRIAL RD,MADISON,TN,37115,1715,MADISO,36.2781,-86.6904,POINT (-86.6904 36.2781)
20190602458,08/13/2019 07:15:00 AM,2,0,0,Y,N,352168,11,Front to Rear,21,CLEAR,1,DAYLIGHT,12;39,MOTOR VEHICLE IN TRANSPORT;WALL,FRANKLIN PKE & SOUTHMEADE PKWY,NASHVILLE,TN,37204,7013,MIDTOW,36.0929,-86.7714,POINT (-86.7714 36.0929)
20190916634,12/23/2019 04:56:00 PM,2,0,0,,N,240983,11,Front to Rear,21,CLEAR,5,DUSK,12,MOTOR VEHICLE IN TRANSPORT,MM 59 1 I 24,ANTIOCH,TN,37013,87061,SOUTH,36.0478,-86.6634,POINT (-86.6634 36.0478)
20190902657,12/17/2019 01:05:00 PM,2,0,0,,Y,473670,11,Front to Rear,21,CLEAR,1,DAYLIGHT,12,MOTOR VEHICLE IN TRANSPORT,GALLATIN AV & STROUSE AV,NASHVILLE,TN,37206,1363,EAST,36.194,-86.7437,POINT (-86.7437 36.194)
20190910939,12/20/2019 05:20:00 PM,2,0,0,,N,311337,11,Front to Rear,21,CLEAR,3,DARK - LIGHTED,12,MOTOR VEHICLE IN TRANSPORT,ANDREW JACKSON PKWY & US HWY 70,HERMITAGE,TN,37076,9715,HERMIT,36.2156,-86.5977,POINT (-86.5977 36.2156)
20190603599,08/13/2019 03:09:00 PM,3,0,0,,N,330445,5,SIDESWIPE - SAME DIRECTION,2,RAIN,1,DAYLIGHT,12,MOTOR VEHICLE IN TRANSPORT,OAKLAND AV & PRIMROSE AV,NASHVILLE,TN,37212,6501,MIDTOW,36.12,-86.797,POINT (-86.797 36.12)
20190693440,09/18/2019 02:40:00 PM,2,0,0,,N,384444,11,Front to Rear,21,CLEAR,1,DAYLIGHT,12,MOTOR VEHICLE IN TRANSPORT,OLD HICKORY BLVD & HIGHWAY 70S,NASHVILLE,TN,37221,4901,WEST,36.0742,-86.9208,POINT (-86.9208 36.0742)
20190617864,08/19/2019 07:50:00 AM,2,0,0,,N,352174,4,ANGLE,21,CLEAR,1,DAYLIGHT,12,MOTOR VEHICLE IN TRANSPORT,EDMONDSON PKE & WEXFORD DOWNS LN,NASHVILLE,TN,37211,8651,MIDTOW,36.0198,-86.7421,POINT (-86.7421 36.0198)
20190635453,08/25/2019 05:41:00 PM,2,0,0,,N,299257,11,Front to Rear,2,RAIN,1,DAYLIGHT,12,MOTOR VEHICLE IN TRANSPORT,MM 81 1 I 65,NASHVILLE,TN,37204,80040,MIDTOW,36.1313,-86.7738,POINT (-86.7738 36.1313)
20190587744,08/07/2019 04:00:00 PM,2,0,0,,Y,212344,5,SIDESWIPE - SAME DIRECTION,21,CLEAR,1,DAYLIGHT,14,PARKED MOTOR VEHICLE,STRATTON AV & N 12TH ST,NASHVILLE,TN,37206,1243,EAST,36.1825,-86.7469,POINT (-86.7469 36.1825)
20190846415,11/22/2019 03:28:00 PM,2,0,0,,N,320597,11,Front to Rear,22,CLOUDY,1,DAYLIGHT,12,MOTOR VEHICLE IN TRANSPORT,BELL RD & THE OVERLOOK PVTDR,ANTIOCH,TN,37013,8865,SOUTH,36.056,-86.6421,POINT (-86.6421 36.056)
20190932928,12/31/2019 11:19:00 PM,2,0,0,,Y,298871,4,ANGLE,21,CLEAR,3,DARK - LIGHTED,12,MOTOR VEHICLE IN TRANSPORT,17TH AVN & CHURCH ST,NASHVILLE,TN,37203,5519,MIDTOW,36.1558,-86.7959,POINT (-86.7959 36.1558)
20190590034,08/08/2019 12:16:00 PM,2,0,0,,N,267831,98,OTHER,22,CLOUDY,1,DAYLIGHT,12,MOTOR VEHICLE IN TRANSPORT,MORROW RD & MICHIGAN AV,NASHVILLE,TN,37209,4611,WEST,36.1591,-86.8557,POINT (-86.8557 36.1591)
20190760667,10/17/2019 06:29:00 AM,2,0,0,,N,414668,5,SIDESWIPE - SAME DIRECTION,21,CLEAR,3,DARK - LIGHTED,12,MOTOR VEHICLE IN TRANSPORT,MM 88 0 I 65,NASHVILLE,TN,37207,18041,EAST,36.2165,-86.775,POINT (-86.775 36.2165)
20190810087,11/07/2019 09:42:00 AM,2,0,0,,N,134899,4,ANGLE,2,RAIN,1,DAYLIGHT,12,MOTOR VEHICLE IN TRANSPORT,MCGAVOCK PKE & AUTUMN CHASE DR,NASHVILLE,TN,37214,9317,HERMIT,36.192,-86.6737,POINT (-86.6737 36.192)
20190644511,08/29/2019 07:30:00 AM,2,0,0,,N,876573,11,Front to Rear,21,CLEAR,1,DAYLIGHT,12,MOTOR VEHICLE IN TRANSPORT,MURFREESBORO PKE & MOUNTAIN SPRINGS RD,ANTIOCH,TN,37013,8927,SOUTH,36.0478,-86.6121,POINT (-86.6121 36.0478)
20190655134,09/02/2019 04:46:00 PM,2,2,0,,N,579971,4,ANGLE,21,CLEAR,1,DAYLIGHT,12,MOTOR VEHICLE IN TRANSPORT,BELL FORGE LNE & BELL RD,ANTIOCH,TN,37013,8865,SOUTH,36.0505,-86.6468,POINT (-86.6468 36.0505)
20190813465,11/08/2019 06:35:00 PM,2,1,0,,N,320582,11,Front to Rear,21,CLEAR,3,DARK - LIGHTED,12,MOTOR VEHICLE IN TRANSPORT,GALLATIN PKE & GREENFIELD AV,NASHVILLE,TN,37216,1439,EAST,36.2107,-86.7332,POINT (-86.7332 36.2107)
20190743375,10/09/2019 10:07:00 PM,1,1,0,,N,240983,0,NOT COLLISION W/MOTOR VEHICLE-TRANSPORT,21,CLEAR,2,DARK - NOT LIGHTED,63;71,Ran Off Road-Right;EMBANKMENT EARTH,BURKITT RD & CANONBURY DR,NOLENSVILLE,TN,37135,8773,SOUTH,35.991,-86.6754,POINT (-86.6754 35.991)
20190813283,11/08/2019 05:00:00 PM,2,1,0,,N,330443,11,Front to Rear,21,CLEAR,3,DARK - LIGHTED,12,MOTOR VEHICLE IN TRANSPORT,MM 44 2 I 24,NASHVILLE,TN,37207,32242,NORTH,36.2297,-86.7813,POINT (-86.7813 36.2297)
20190850997,11/24/2019 09:20:00 PM,2,0,0,,Y,320577,4,ANGLE,21,CLEAR,3,DARK - LIGHTED,12,MOTOR VEHICLE IN TRANSPORT,I65 N EXT RAMP & SIDCO DR,NASHVILLE,TN,37220,8601,MIDTOW,36.082,-86.7617,POINT (-86.7617 36.082)
20190872569,12/04/2019 01:21:00 PM,2,1,0,,N,191578,4,ANGLE,21,CLEAR,1,DAYLIGHT,12,MOTOR VEHICLE IN TRANSPORT,ANDREW JACKSON PKWY & LEBANON PKE,HERMITAGE,TN,37076,9537,HERMIT,36.2146,-86.5977,POINT (-86.5977 36.2146)
20190751622,10/13/2019 03:44:00 PM,2,0,0,,N,197068,11,Front to Rear,21,CLEAR,1,DAYLIGHT,12,MOTOR VEHICLE IN TRANSPORT,3RD AVN & JEFFERSON ST,NASHVILLE,TN,37201,4233,CENTRA,36.175,-86.7847,POINT (-86.7847 36.175)
20190852372,11/25/2019 12:45:00 PM,2,1,0,,N,262766,11,Front to Rear,21,CLEAR,1,DAYLIGHT,12,MOTOR VEHICLE IN TRANSPORT,CONNECTING ROAD & US HWY 70S,NASHVILLE,TN,37205,4915,WEST,36.1038,-86.8697,POINT (-86.8697 36.1038)
20190611274,08/16/2019 12:23:00 PM,2,0,0,,N,462474,4,ANGLE,21,CLEAR,1,DAYLIGHT,12,MOTOR VEHICLE IN TRANSPORT,THOMPSON LN & EUGENIA AV,NASHVILLE,TN,37204,8523,MIDTOW,36.1111,-86.7548,POINT (-86.7548 36.1111)
20190687888,09/16/2019 02:10:00 PM,2,0,0,,N,716886,5,SIDESWIPE - SAME DIRECTION,21,CLEAR,1,DAYLIGHT,12,MOTOR VEHICLE IN TRANSPORT,BRILEY PKWY N EXT RAMP & BRILEY PKWYN,NASHVILLE,TN,37214,9223,HERMIT,36.1966,-86.6876,POINT (-86.6876 36.1966)
20190770759,10/21/2019 05:59:00 PM,2,1,0,,N,256389,11,Front to Rear,2,RAIN,1,DAYLIGHT,12,MOTOR VEHICLE IN TRANSPORT,21ST AVS & CHILDRENS WAY,NASHVILLE,TN,37212,5809,MIDTOW,36.1386,-86.8006,POINT (-86.8006 36.1386)
20190902873,12/17/2019 03:00:00 PM,3,0,0,,N,320581,11,Front to Rear,21,CLEAR,1,DAYLIGHT,12,MOTOR VEHICLE IN TRANSPORT,MM 208 3 I 40,NASHVILLE,TN,37203,54024,NORTH,36.166,-86.7949,POINT (-86.7949 36.166)
20190763840,10/18/2019 11:31:00 AM,2,0,0,,N,384403,11,Front to Rear,21,CLEAR,1,DAYLIGHT,12,MOTOR VEHICLE IN TRANSPORT,WEST END AV & 29TH AVN,NASHVILLE,TN,37212,5815,MIDTOW,36.1444,-86.8134,POINT (-86.8134 36.1444)
20190811007,11/07/2019 06:10:00 PM,2,0,0,,N,352197,4,ANGLE,2,RAIN,3,DARK - LIGHTED,12,MOTOR VEHICLE IN TRANSPORT,MURFREESBORO PKE & BELL RD,ANTIOCH,TN,37013,8865,SOUTH,36.072,-86.636,POINT (-86.636 36.072)
20190699534,09/20/2019 10:30:00 PM,4,3,0,,Y,311343,11,Front to Rear,21,CLEAR,3,DARK - LIGHTED,12,MOTOR VEHICLE IN TRANSPORT,MM 81 0 I 65,NASHVILLE,TN,37204,80040,MIDTOW,36.1299,-86.7731,POINT (-86.7731 36.1299)
20190659997,09/04/2019 03:14:00 PM,1,1,0,,Y,343614,0,NOT COLLISION W/MOTOR VEHICLE-TRANSPORT,21,CLEAR,1,DAYLIGHT,8,PEDESTRIAN,JO JOHNSTON AV & FISK ST,NASHVILLE,TN,37203,5403,NORTH,36.161,-86.8007,POINT (-86.8007 36.161)
20190691051,09/17/2019 12:00:00 AM,1,0,0,,Y,279224,0,NOT COLLISION W/MOTOR VEHICLE-TRANSPORT,21,CLEAR,1,DAYLIGHT,36,CONCRETE TRAFFIC BARRIER,SPRING ST & SPRING ST ENT RAMP,NASHVILLE,TN,37207,1979,EAST,36.1764,-86.7677,POINT (-86.7677 36.1764)
20190624929,08/21/2019 04:05:00 PM,2,0,0,,N,206964,4,ANGLE,21,CLEAR,1,DAYLIGHT,12,MOTOR VEHICLE IN TRANSPORT,OLD HICKORY BLVD & BELL RD,HERMITAGE,TN,37076,9545,HERMIT,36.1613,-86.5971,POINT (-86.5971 36.1613)
20190742064,10/09/2019 10:31:00 AM,2,0,0,,N,225773,11,Front to Rear,21,CLEAR,1,DAYLIGHT,12,MOTOR VEHICLE IN TRANSPORT,MM 79 6 I 65,NASHVILLE,TN,37204,8504,MIDTOW,36.109,-86.7696,POINT (-86.7696 36.109)
20190734569,10/05/2019 12:00:00 AM,2,0,0,,Y,240981,4,ANGLE,21,CLEAR,3,DARK - LIGHTED,12,MOTOR VEHICLE IN TRANSPORT,MCFERRIN AV & W EASTLAND AV,NASHVILLE,TN,37206,1937,EAST,36.184,-86.7546,POINT (-86.7546 36.184)
20190826051,11/14/2019 06:50:00 AM,2,1,0,,Y,716886,5,SIDESWIPE - SAME DIRECTION,21,CLEAR,1,DAYLIGHT,12,MOTOR VEHICLE IN TRANSPORT,I24E & I24 W ENT RAMP,NASHVILLE,TN,37210,82061,HERMIT,36.1386,-86.7273,POINT (-86.7273 36.1386)
20190800614,11/03/2019 02:30:00 PM,2,0,0,,Y,352178,11,Front to Rear,21,CLEAR,1,DAYLIGHT,12,MOTOR VEHICLE IN TRANSPORT,28TH AVN & I40 W EXT RAMP,NASHVILLE,TN,37209,4521,NORTH,36.1652,-86.8201,POINT (-86.8201 36.1652)
20190685697,09/15/2019 10:36:00 AM,2,0,0,,N,140804,11,Front to Rear,21,CLEAR,1,DAYLIGHT,12,MOTOR VEHICLE IN TRANSPORT,GALLATIN PKE & DELMAS AV,NASHVILLE,TN,37216,1401,EAST,36.1992,-86.7409,POINT (-86.7409 36.1992)
20190848359,11/23/2019 12:10:00 PM,2,0,0,,Y,320592,98,OTHER,2,RAIN,1,DAYLIGHT,12,MOTOR VEHICLE IN TRANSPORT,MM 211 3 I 40,NASHVILLE,TN,37210,9002,HERMIT,36.1524,-86.7539,POINT (-86.7539 36.1524)
20190904507,12/18/2019 06:30:00 AM,1,2,0,,N,110064,0,NOT COLLISION W/MOTOR VEHICLE-TRANSPORT,21,CLEAR,4,DAWN,8,PEDESTRIAN,WHISPERING OAKS PL & HARDING PL,NASHVILLE,TN,37211,8419,SOUTH,36.0817,-86.7137,POINT (-86.7137 36.0817)
20190655834,09/02/2019 10:46:00 PM,1,0,0,,N,298879,0,NOT COLLISION W/MOTOR VEHICLE-TRANSPORT,21,CLEAR,2,DARK - NOT LIGHTED,18,OTHER OBJECT (NOT FIXED),HIGHWAY 100 & HARPETH TRACE DR,NASHVILLE,TN,37221,6211,WEST,36.0698,-86.8974,POINT (-86.8974 36.0698)
20190929855,12/30/2019 01:59:00 PM,2,0,0,,N,330412,5,SIDESWIPE - SAME DIRECTION,21,CLEAR,1,DAYLIGHT,12,MOTOR VEHICLE IN TRANSPORT,GALLATIN PKEN & OLD TIME VILLAGE PVTDR,MADISON,TN,37115,1701,MADISO,36.2638,-86.7117,POINT (-86.7117 36.2638)
20190756586,10/15/2019 02:15:00 PM,2,0,0,,N,197070,11,Front to Rear,21,CLEAR,1,DAYLIGHT,12,MOTOR VEHICLE IN TRANSPORT,28TH AVN & TORBETT ST,NASHVILLE,TN,37209,5345,NORTH,36.1573,-86.8186,POINT (-86.8186 36.1573)
20190704294,09/23/2019 09:25:00 AM,2,0,0,,Y,134899,11,Front to Rear,21,CLEAR,1,DAYLIGHT,12,MOTOR VEHICLE IN TRANSPORT,MURFREESBORO PKE & BRITISH WOODS DR,NASHVILLE,TN,37217,8853,SOUTH,36.0914,-86.6514,POINT (-86.6514 36.0914)
20190819265,11/11/2019 02:47:00 PM,2,0,0,,Y,169421,2,HEAD-ON,2,RAIN,1,DAYLIGHT,12,MOTOR VEHICLE IN TRANSPORT,16TH AVN & DR D B TODD JR BLVD,NASHVILLE,TN,37208,4413,NORTH,36.1817,-86.8106,POINT (-86.8106 36.1817)
20190686662,09/16/2019 12:04:00 AM,2,1,0,Y,N,284059,4,ANGLE,21,CLEAR,3,DARK - LIGHTED,1;12;30;32,MOTOR VEHICLE IN TRANSPORT;UTILITY POLE;CULVERT,BAPTIST WORLD CENTER DR & LOCK RD,NASHVILLE,TN,37207,3011,NORTH,36.2015,-86.7879,POINT (-86.7879 36.2015)
20190651039,08/31/2019 04:12:00 PM,2,0,0,,Y,320603,5,SIDESWIPE - SAME DIRECTION,21,CLEAR,1,DAYLIGHT,14,PARKED MOTOR VEHICLE,PARKING LOT & GREEN HILLS VLG,NASHVILLE,TN,37215,6109,WEST,36.1076,-86.8181,POINT (-86.8181 36.1076)
20190892892,12/12/2019 10:57:00 PM,2,0,0,,N,110062,5,SIDESWIPE - SAME DIRECTION,21,CLEAR,3,DARK - LIGHTED,12,MOTOR VEHICLE IN TRANSPORT,UNION ST & 1ST AVN,NASHVILLE,TN,37201,4163,CENTRA,36.1667,-86.7772,POINT (-86.7772 36.1667)
20190670914,09/09/2019 02:10:00 PM,1,1,0,,N,109534,0,NOT COLLISION W/MOTOR VEHICLE-TRANSPORT,21,CLEAR,1,DAYLIGHT,33;42;63,CURB;TREE;Ran Off Road-Right,ELM HILL PKE & ARLINGTON AV,NASHVILLE,TN,37210,9013,HERMIT,36.1437,-86.7319,POINT (-86.7319 36.1437)
20190647821,08/30/2019 02:16:00 PM,2,1,0,,N,320586,4,ANGLE,21,CLEAR,1,DAYLIGHT,12,MOTOR VEHICLE IN TRANSPORT,MURFREESBORO PKE & LESTER AV,NASHVILLE,TN,37210,8211,HERMIT,36.1456,-86.7529,POINT (-86.7529 36.1456)
20190908428,12/19/2019 02:41:00 PM,2,0,0,,N,256383,4,ANGLE,21,CLEAR,1,DAYLIGHT,12,MOTOR VEHICLE IN TRANSPORT,LEWIS ST & LAFAYETTE ST,NASHVILLE,TN,37210,8145,SOUTH,36.1083,-86.7324,POINT (-86.7324 36.1083)
20190908287,12/18/2019 03:15:00 PM,2,0,0,,N,320577,5,SIDESWIPE - SAME DIRECTION,21,CLEAR,1,DAYLIGHT,12,MOTOR VEHICLE IN TRANSPORT,MM 209 7 I 40,NASHVILLE,TN,37203,4004,CENTRA,36.1492,-86.7812,POINT (-86.7812 36.1492)
20190784187,10/27/2019 05:51:00 PM,2,2,0,,N,352192,5,SIDESWIPE - SAME DIRECTION,21,CLEAR,1,DAYLIGHT,12,MOTOR VEHICLE IN TRANSPORT,MM 201 2 I 40,NASHVILLE,TN,37209,46027,WEST,36.132,-86.8976,POINT (-86.8976 36.132)
20190723341,10/01/2019 08:12:00 AM,2,0,0,,N,334981,11,Front to Rear,21,CLEAR,1,DAYLIGHT,12,MOTOR VEHICLE IN TRANSPORT,MCGAVOCK PKE & MAPLECREST DR,NASHVILLE,TN,37214,9201,HERMIT,36.1769,-86.6786,POINT (-86.6786 36.1769)
20190841004,11/20/2019 12:45:00 PM,2,1,0,,N,384398,11,Front to Rear,21,CLEAR,1,DAYLIGHT,12,MOTOR VEHICLE IN TRANSPORT,JOYNER AV & NOLENSVILLE PKE,NASHVILLE,TN,37210,8317,SOUTH,36.1165,-86.7481,POINT (-86.7481 36.1165)
20190760853,10/17/2019 07:50:00 AM,2,0,0,,N,226622,11,Front to Rear,21,CLEAR,1,DAYLIGHT,12,MOTOR VEHICLE IN TRANSPORT,BRILEY PKWY S EXT RAMP & CENTENNIAL BLVD,NASHVILLE,TN,37209,4651,WEST,36.1713,-86.871,POINT (-86.871 36.1713)
20190776988,10/24/2019 07:35:00 AM,2,0,0,,N,212325,4,ANGLE,21,CLEAR,1,DAYLIGHT,12,MOTOR VEHICLE IN TRANSPORT,GALLATIN PKES & BRINK HAVEN AV,MADISON,TN,37115,1507,MADISO,36.2511,-86.7182,POINT (-86.7182 36.2511)
20190757468,10/15/2019 11:26:00 PM,1,0,0,Y,N,384423,0,NOT COLLISION W/MOTOR VEHICLE-TRANSPORT,21,CLEAR,3,DARK - LIGHTED,34;40,DITCH;MAIL BOX,LEMONT DR & MARSWEN DR,NASHVILLE,TN,37216,1803,EAST,36.2348,-86.7433,POINT (-86.7433 36.2348)
20190907873,12/19/2019 12:30:00 PM,3,0,0,,N,298864,2,HEAD-ON,21,CLEAR,1,DAYLIGHT,12;54,MOTOR VEHICLE IN TRANSPORT;Set In Motion By Motor Vehicle,OLD HICKORY BLVDW & DICKERSON PKE,MADISON,TN,37115,2039,MADISO,36.2692,-86.7556,POINT (-86.7556 36.2692)
20190863948,11/30/2019 10:29:00 PM,1,0,0,,N,169414,0,NOT COLLISION W/MOTOR VEHICLE-TRANSPORT,2,RAIN,3,DARK - LIGHTED,34,DITCH,GLENROSE AV & OLD GLENROSE AV,NASHVILLE,TN,37210,8355,SOUTH,36.1195,-86.7302,POINT (-86.7302 36.1195)
20190876905,12/06/2019 06:20:00 AM,3,0,0,,N,320575,11,Front to Rear,22,CLOUDY,1,DAYLIGHT,12,MOTOR VEHICLE IN TRANSPORT,BELL RD & BEECHWOOD TER,ANTIOCH,TN,37013,8753,SOUTH,36.0449,-86.6684,POINT (-86.6684 36.0449)