Accident Number,Date and Time,Number of Motor Vehicles,Number of Injuries,Number of Fatalities,Property Damage,Hit and Run,Reporting Officer,Collision Type Code,Collision Type Description,Weather Code,Weather Description,Illumination Code,Illumination Description,Harmful Code,Harmful Code Description,Street Address,City,State,ZIP,RPA,Precinct,Latitude,Longitude,Mapped Location
20190717615,09/28/2019 03:26:00 PM,2,1,0,,N,330436,5,SIDESWIPE - SAME DIRECTION,21,CLEAR,1,DAYLIGHT,12,MOTOR VEHICLE IN TRANSPORT,LEA AV & 2ND AVS,NASHVILLE,TN,37210,4031,CENTRA,36.1556,-86.7712,POINT (-86.7712 36.1556)
20190731803,10/04/2019 03:56:00 PM,2,1,0,,N,212338,2,HEAD-ON,21,CLEAR,1,DAYLIGHT,12;6,MOTOR VEHICLE IN TRANSPORT,WOODMONT BLVD & GRANNY WHITE PKE,NASHVILLE,TN,37204,7007,MIDTOW,36.1116,-86.7926,POINT (-86.7926 36.1116)
20190877946,12/06/2019 03:22:00 PM,2,0,0,,N,151132,11,Front to Rear,22,CLOUDY,1,DAYLIGHT,12,MOTOR VEHICLE IN TRANSPORT,MYATT DR & EDENWOLD RD,MADISON,TN,37115,1721,MADISO,36.2917,-86.6943,POINT (-86.6943 36.2917)
20190782111,10/26/2019 01:27:00 PM,2,1,0,,N,384423,11,Front to Rear,2,RAIN,1,DAYLIGHT,12,MOTOR VEHICLE IN TRANSPORT,JOCELYN HOLLOW RD & BROOK HOLLOW RD,NASHVILLE,TN,37205,4909,WEST,36.1041,-86.8844,POINT (-86.8844 36.1041)
20190648056,08/30/2019 03:26:00 PM,2,1,0,,N,256501,11,Front to Rear,21,CLEAR,1,DAYLIGHT,12,MOTOR VEHICLE IN TRANSPORT,MM 207 3 I 40,NASHVILLE,TN,37208,54021,NORTH,36.1703,-86.8056,POINT (-86.8056 36.1703)
20190863745,11/30/2019 06:58:00 PM,2,1,0,,Y,579971,11,Front to Rear,2,RAIN,3,DARK - LIGHTED,12,MOTOR VEHICLE IN TRANSPORT,BELL RD & CEDAR POINTE PKWY,ANTIOCH,TN,37013,8753,SOUTH,36.0449,-86.6671,POINT (-86.6671 36.0449)
20190819516,11/11/2019 04:40:00 PM,2,1,0,,N,256426,5,SIDESWIPE - SAME DIRECTION,2,RAIN,98,OTHER,12,MOTOR VEHICLE IN TRANSPORT,MM 51 5 I 24,NASHVILLE,TN,37210,9004,HERMIT,36.1404,-86.7287,POINT (-86.7287 36.1404)
20190662448,09/05/2019 02:42:00 PM,2,0,0,,Y,714641,6,SIDESWIPE - OPPOSITE DIRECTION,21,CLEAR,1,DAYLIGHT,12,MOTOR VEHICLE IN TRANSPORT,S 1ST ST & MAIN ST,NASHVILLE,TN,37213,1133,CENTRA,36.17,-86.7727,POINT (-86.7727 36.17)
20190735847,10/06/2019 04:00:00 PM,2,0,0,,Y,433550,11,Front to Rear,2,RAIN,1,DAYLIGHT,12,MOTOR VEHICLE IN TRANSPORT,I40 E EXT RAMP & I 40,NASHVILLE,TN,37214,8955,HERMIT,36.155,-86.6271,POINT (-86.6271 36.155)
20190843945,11/21/2019 03:13:00 PM,2,0,0,,N,256446,11,Front to Rear,21,CLEAR,1,DAYLIGHT,12,MOTOR VEHICLE IN TRANSPORT,OLD HICKORY BLVD & FIRESTONE PKWY,ANTIOCH,TN,37013,8867,SOUTH,36.017,-86.6199,POINT (-86.6199 36.017)
20190640037,08/27/2019 03:38:00 PM,2,0,0,,N,169425,4,ANGLE,21,CLEAR,1,DAYLIGHT,12,MOTOR VEHICLE IN TRANSPORT,POWELL AV & OLD POWELL AV,NASHVILLE,TN,37204,8525,MIDTOW,36.1109,-86.7672,POINT (-86.7672 36.1109)
20190679623,09/12/2019 07:50:00 PM,2,0,0,,N,279224,11,Front to Rear,21,CLEAR,3,DARK - LIGHTED,12,MOTOR VEHICLE IN TRANSPORT,SHELBY AV & EDGEFIELD MANOR PVTDR,NASHVILLE,TN,37206,1011,EAST,36.1678,-86.7616,POINT (-86.7616 36.1678)
20190750707,10/13/2019 02:28:00 AM,2,1,0,,Y,206683,11,Front to Rear,21,CLEAR,3,DARK - LIGHTED,12,MOTOR VEHICLE IN TRANSPORT,HICKORY HOLLOW PKWY & BELL RD,ANTIOCH,TN,37013,8863,SOUTH,36.0475,-86.656,POINT (-86.656 36.0475)
20190879929,12/07/2019 02:10:00 PM,2,0,0,,Y,352204,11,Front to Rear,21,CLEAR,1,DAYLIGHT,12,MOTOR VEHICLE IN TRANSPORT,CHARLOTTE PKE & CHARLOTTE ROAD CIR,NASHVILLE,TN,37209,5025,WEST,36.1423,-86.8756,POINT (-86.8756 36.1423)
20190622254,08/20/2019 04:20:00 PM,3,0,0,,N,179582,4,ANGLE,21,CLEAR,1,DAYLIGHT,12,MOTOR VEHICLE IN TRANSPORT,ANTIOCH PKE & HAYSTACK LN,NASHVILLE,TN,37211,8851,SOUTH,36.0709,-86.6844,POINT (-86.6844 36.0709)
20190715902,09/27/2019 07:56:00 PM,2,0,0,,N,330425,11,Front to Rear,21,CLEAR,3,DARK - LIGHTED,12,MOTOR VEHICLE IN TRANSPORT,US HWY 31E & MADISON SQ,MADISON,TN,37115,1623,MADISO,36.2547,-86.7155,POINT (-86.7155 36.2547)
20190798077,11/02/2019 08:48:00 AM,1,0,0,Y,N,419952,0,NOT COLLISION W/MOTOR VEHICLE-TRANSPORT,21,CLEAR,1,DAYLIGHT,33;40;41,CURB;MAIL BOX;SHRUBBERY,PERCY WARNER BLVD & HIGHWAY 100,NASHVILLE,TN,37205,4913,WEST,36.0831,-86.8843,POINT (-86.8843 36.0831)
20190885560,12/10/2019 06:20:00 AM,2,0,0,,N,109515,5,SIDESWIPE - SAME DIRECTION,2,RAIN,1,DAYLIGHT,12,MOTOR VEHICLE IN TRANSPORT,MM 89 0 I 65,NASHVILLE,TN,37207,20020,MADISO,36.2309,-86.7709,POINT (-86.7709 36.2309)
20190843927,11/21/2019 04:03:00 PM,5,2,0,,N,240985,5,SIDESWIPE - SAME DIRECTION,21,CLEAR,1,DAYLIGHT,12,MOTOR VEHICLE IN TRANSPORT,NOLENSVILLE PKE & ANTIOCH PKE,NASHVILLE,TN,37211,8427,SOUTH,36.1018,-86.7406,POINT (-86.7406 36.1018)
20190905926,12/18/2019 05:30:00 PM,3,0,0,,N,279214,11,Front to Rear,21,CLEAR,3,DARK - LIGHTED,12,MOTOR VEHICLE IN TRANSPORT,MM 79 1 I 65,NASHVILLE,TN,37204,8504,MIDTOW,36.1016,-86.7648,POINT (-86.7648 36.1016)
20190883963,12/09/2019 03:29:00 PM,2,0,0,,N,384446,11,Front to Rear,21,CLEAR,1,DAYLIGHT,12,MOTOR VEHICLE IN TRANSPORT,CHARLOTTE PKE & BROOK HOLLOW RD,NASHVILLE,TN,37205,5011,WEST,36.1354,-86.8864,POINT (-86.8864 36.1354)
20190659240,09/04/2019 08:37:00 AM,2,0,0,,Y,462474,11,Front to Rear,21,CLEAR,1,DAYLIGHT,12,MOTOR VEHICLE IN TRANSPORT,MM 81 0 I 65,NASHVILLE,TN,37204,80040,MIDTOW,36.1299,-86.7731,POINT (-86.7731 36.1299)
20190632965,08/24/2019 03:01:00 PM,3,0,0,,N,212369,11,Front to Rear,21,CLEAR,1,DAYLIGHT,12,MOTOR VEHICLE IN TRANSPORT,GRANNY WHITE PKE & GOODLOE DR,NASHVILLE,TN,37220,7107,MIDTOW,36.0807,-86.8054,POINT (-86.8054 36.0807)
20190926000,12/28/2019 05:37:00 PM,3,0,0,,N,384395,11,Front to Rear,21,CLEAR,3,DARK - LIGHTED,12,MOTOR VEHICLE IN TRANSPORT,RANSOM PL & MURFREESBORO PKE,NASHVILLE,TN,37217,8853,SOUTH,36.0694,-86.6409,POINT (-86.6409 36.0694)
20190656490,09/03/2019 07:16:00 AM,2,0,0,,N,420059,5,SIDESWIPE - SAME DIRECTION,21,CLEAR,1,DAYLIGHT,12,MOTOR VEHICLE IN TRANSPORT,TIMBERHILL DR & HARDING PL,NASHVILLE,TN,37211,8603,MIDTOW,36.0811,-86.7554,POINT (-86.7554 36.0811)
20190676114,09/11/2019 12:48:00 PM,3,1,0,,N,834798,11,Front to Rear,21,CLEAR,1,DAYLIGHT,12,MOTOR VEHICLE IN TRANSPORT,CHARLOTTE AV & 25TH AVN,NASHVILLE,TN,37203,5619,MIDTOW,36.1553,-86.8121,POINT (-86.8121 36.1553)
20190813740,11/08/2019 08:56:00 PM,2,1,0,,N,352197,2,HEAD-ON,21,CLEAR,3,DARK - LIGHTED,12,MOTOR VEHICLE IN TRANSPORT,MURFREESBORO PKE & HOBSON PKE,ANTIOCH,TN,37013,8927,SOUTH,36.043,-86.6066,POINT (-86.6066 36.043)
20190745327,10/10/2019 04:02:00 PM,2,0,0,,N,320603,11,Front to Rear,21,CLEAR,1,DAYLIGHT,12,MOTOR VEHICLE IN TRANSPORT,MM 2 4 I 440,NASHVILLE,TN,37215,6008,WEST,36.1238,-86.8108,POINT (-86.8108 36.1238)
20190839086,11/19/2019 06:47:00 PM,2,0,0,,Y,240957,11,Front to Rear,21,CLEAR,3,DARK - LIGHTED,12,MOTOR VEHICLE IN TRANSPORT,EDMONDSON PKE & SEVEN MILE CREEK GRNWY,NASHVILLE,TN,37211,8657,MIDTOW,36.0585,-86.7416,POINT (-86.7416 36.0585)
20190721634,09/30/2019 04:10:00 PM,2,1,0,,N,256501,11,Front to Rear,21,CLEAR,1,DAYLIGHT,12,MOTOR VEHICLE IN TRANSPORT,BRILEY PKWYN & ASHLAND CITY HWY,NASHVILLE,TN,37218,31040,NORTH,36.2094,-86.8715,POINT (-86.8715 36.2094)
20190815580,11/09/2019 07:45:00 PM,4,1,0,,N,279124,11,Front to Rear,21,CLEAR,2,DARK - NOT LIGHTED,12,MOTOR VEHICLE IN TRANSPORT,MM 59 2 I 24,ANTIOCH,TN,37013,87061,SOUTH,36.0467,-86.6614,POINT (-86.6614 36.0467)
20190855703,11/26/2019 06:17:00 PM,2,0,0,,N,197070,5,SIDESWIPE - SAME DIRECTION,21,CLEAR,1,DAYLIGHT,14,PARKED MOTOR VEHICLE,TAYLOR ST & 7TH AVN,NASHVILLE,TN,37208,4323,NORTH,36.1772,-86.7932,POINT (-86.7932 36.1772)
20190833985,11/17/2019 09:00:00 PM,2,1,0,,N,206682,11,Front to Rear,21,CLEAR,3,DARK - LIGHTED,12,MOTOR VEHICLE IN TRANSPORT,SANDHURST DR & BUBBLING WELL RD,MADISON,TN,37115,1617,MADISO,36.2601,-86.6789,POINT (-86.6789 36.2601)
20190791994,10/30/2019 06:00:00 PM,2,1,0,,N,256448,2,HEAD-ON,2,RAIN,2,DARK - NOT LIGHTED,12,MOTOR VEHICLE IN TRANSPORT,LAKELAND DR & EMERY DR,NASHVILLE,TN,37214,9105,HERMIT,36.1549,-86.6746,POINT (-86.6746 36.1549)
20190627577,08/22/2019 02:51:00 PM,1,1,0,,N,212343,0,NOT COLLISION W/MOTOR VEHICLE-TRANSPORT,22,CLOUDY,1,DAYLIGHT,15,OTHER TYPE NON-MOTORIST,DEMONBREUN ST & 12TH AVS,NASHVILLE,TN,37203,4015,CENTRA,36.1545,-86.7865,POINT (-86.7865 36.1545)
20190859213,11/28/2019 12:00:00 AM,1,0,0,,Y,607049,9,UNKNOWN,21,CLEAR,9,UNKNOWN,99,UNKNOWN MOST HARMFUL EVENT,OLD HICKORY BLVD & HICKORY HILLS BLVD,WHITES CREEK,TN,37189,2015,MADISO,36.277,-86.7962,POINT (-86.7962 36.277)
20190766471,10/19/2019 03:35:00 PM,2,1,0,,Y,240976,4,ANGLE,2,RAIN,1,DAYLIGHT,12,MOTOR VEHICLE IN TRANSPORT,MAIN ST & N 10TH ST,NASHVILLE,TN,37206,1131,EAST,36.1782,-86.7517,POINT (-86.7517 36.1782)
20190754330,10/14/2019 06:46:00 PM,2,1,0,,N,197070,11,Front to Rear,21,CLEAR,1,DAYLIGHT,12,MOTOR VEHICLE IN TRANSPORT,CHEATHAM PL & ROSA L PARKS BLVD,NASHVILLE,TN,37208,4343,NORTH,36.1781,-86.7947,POINT (-86.7947 36.1781)
20190845600,11/22/2019 08:44:00 AM,1,0,0,,N,226622,0,NOT COLLISION W/MOTOR VEHICLE-TRANSPORT,2,RAIN,1,DAYLIGHT,25,GUARDRAIL END,OLD HARDING PKE & BIG EAST FORK RD,NASHVILLE,TN,37221,4805,WEST,36.0018,-87.0304,POINT (-87.0304 36.0018)
20190841404,11/20/2019 03:50:00 PM,2,0,0,,N,179599,11,Front to Rear,21,CLEAR,1,DAYLIGHT,12,MOTOR VEHICLE IN TRANSPORT,MM 85 5 I 65,NASHVILLE,TN,37208,4304,CENTRA,36.1888,-86.793,POINT (-86.793 36.1888)
20190825291,11/13/2019 10:28:00 PM,2,1,0,,Y,384408,11,Front to Rear,21,CLEAR,3,DARK - LIGHTED,12,MOTOR VEHICLE IN TRANSPORT,BRILEY PKWYS & MUSIC VALLEY DR,NASHVILLE,TN,37214,9284,HERMIT,36.2205,-86.6935,POINT (-86.6935 36.2205)
20190672653,09/10/2019 07:40:00 AM,2,0,0,,N,352174,11,Front to Rear,21,CLEAR,1,DAYLIGHT,12,MOTOR VEHICLE IN TRANSPORT,MM 3 9 I 440,NASHVILLE,TN,37204,7010,MIDTOW,36.1161,-86.7913,POINT (-86.7913 36.1161)
20190744703,10/10/2019 11:18:00 AM,2,0,0,,N,580819,11,Front to Rear,22,CLOUDY,98,OTHER,14,PARKED MOTOR VEHICLE,OLDHAM ST & N 1ST ST,NASHVILLE,TN,37213,1985,CENTRA,36.1744,-86.7741,POINT (-86.7741 36.1744)
20190759178,10/16/2019 03:22:00 PM,2,0,0,,N,256389,4,ANGLE,21,CLEAR,1,DAYLIGHT,12,MOTOR VEHICLE IN TRANSPORT,NOLENSVILLE PKE & OLD HICKORY BLVD,NASHVILLE,TN,37211,8717,SOUTH,36.0454,-86.7133,POINT (-86.7133 36.0454)
20190674687,09/11/2019 12:48:00 AM,2,0,0,,N,352183,11,Front to Rear,21,CLEAR,3,DARK - LIGHTED,12,MOTOR VEHICLE IN TRANSPORT,MURFREESBORO PKE & MCGAVOCK PKE,NASHVILLE,TN,37217,8841,SOUTH,36.1129,-86.689,POINT (-86.689 36.1129)
20190852051,11/25/2019 08:55:00 AM,1,0,0,Y,N,332253,0,NOT COLLISION W/MOTOR VEHICLE-TRANSPORT,21,CLEAR,1,DAYLIGHT,34;40,DITCH;MAIL BOX,OLD HICKORY BLVD & DALEMERE DR,NASHVILLE,TN,37207,2133,MADISO,36.2782,-86.772,POINT (-86.772 36.2782)
20190609429,08/15/2019 05:54:00 PM,2,0,0,,N,420040,5,SIDESWIPE - SAME DIRECTION,21,CLEAR,1,DAYLIGHT,12,MOTOR VEHICLE IN TRANSPORT,MM 3 1 I 440,NASHVILLE,TN,37215,6424,MIDTOW,36.1182,-86.8009,POINT (-86.8009 36.1182)
20190900996,12/16/2019 08:21:00 PM,2,0,0,,Y,240983,11,Front to Rear,2,RAIN,2,DARK - NOT LIGHTED,12,MOTOR VEHICLE IN TRANSPORT,MURFREESBORO PKE & RURAL HILL RD,ANTIOCH,TN,37013,8861,SOUTH,36.0745,-86.6387,POINT (-86.6387 36.0745)
20190651871,08/31/2019 11:55:00 PM,2,0,0,,N,169414,3,REAR-TO-REAR,21,CLEAR,3,DARK - LIGHTED,14,PARKED MOTOR VEHICLE,NOLENSVILLE PKE & LENOX VILLAGE DR,ANTIOCH,TN,37013,8759,SOUTH,36.026,-86.713,POINT (-86.713 36.026)
20190665595,09/06/2019 05:51:00 PM,2,0,0,,Y,240955,4,ANGLE,21,CLEAR,1,DAYLIGHT,12;14;32,MOTOR VEHICLE IN TRANSPORT;PARKED MOTOR VEHICLE;CULVERT,HICKORY VALLEY CONDOS PVTDR & ASH GROVE,NASHVILLE,TN,37211,8717,SOUTH,36.0493,-86.7048,POINT (-86.7048 36.0493)
20190848003,11/23/2019 08:00:00 AM,1,1,0,,N,306231,0,NOT COLLISION W/MOTOR VEHICLE-TRANSPORT,2,RAIN,1,DAYLIGHT,24,GUARDRAIL FACE,MM 207 3 I 40,NASHVILLE,TN,37208,54021,NORTH,36.1703,-86.8056,POINT (-86.8056 36.1703)
20190813007,11/08/2019 02:02:00 PM,2,0,0,,Y,212343,11,Front to Rear,21,CLEAR,1,DAYLIGHT,12,MOTOR VEHICLE IN TRANSPORT,MM 48 2 I 24,NASHVILLE,TN,37207,1106,EAST,36.1729,-86.7693,POINT (-86.7693 36.1729)
20190700993,09/21/2019 05:58:00 PM,3,0,0,,N,570084,4,ANGLE,21,CLEAR,1,DAYLIGHT,12,MOTOR VEHICLE IN TRANSPORT,I24 W EXT RAMP & I 24,NASHVILLE,TN,37211,8829,SOUTH,36.1074,-86.7197,POINT (-86.7197 36.1074)
20190822254,11/12/2019 06:16:00 PM,3,0,0,,N,240957,11,Front to Rear,21,CLEAR,2,DARK - NOT LIGHTED,12,MOTOR VEHICLE IN TRANSPORT,HARDING PL & SIDCO DR,NASHVILLE,TN,37220,8601,MIDTOW,36.0819,-86.7612,POINT (-86.7612 36.0819)
20190669095,09/08/2019 01:35:00 PM,2,0,0,,Y,352161,11,Front to Rear,21,CLEAR,1,DAYLIGHT,14,PARKED MOTOR VEHICLE,OPRY MILLS DR & OPRYLAND DR,NASHVILLE,TN,37214,9209,HERMIT,36.2116,-86.7002,POINT (-86.7002 36.2116)
20190770060,10/21/2019 11:53:00 AM,2,0,0,,N,676834,11,Front to Rear,2,RAIN,1,DAYLIGHT,12,MOTOR VEHICLE IN TRANSPORT,MM 86 8 I 65,NASHVILLE,TN,37207,3002,NORTH,36.1987,-86.7764,POINT (-86.7764 36.1987)
20190800822,11/03/2019 05:14:00 PM,3,0,0,,Y,179583,11,Front to Rear,21,CLEAR,3,DARK - LIGHTED,12,MOTOR VEHICLE IN TRANSPORT,I24E & I24 W EXT RAMP,NASHVILLE,TN,37210,8102,SOUTH,36.1336,-86.7269,POINT (-86.7269 36.1336)
20190878064,12/06/2019 04:00:00 PM,2,0,0,,Y,352177,3,REAR-TO-REAR,21,CLEAR,1,DAYLIGHT,12,MOTOR VEHICLE IN TRANSPORT,BANDYWOOD DR & HILLSBORO CIR,NASHVILLE,TN,37215,6111,WEST,36.105,-86.8195,POINT (-86.8195 36.105)
20190821042,11/12/2019 08:05:00 AM,1,0,0,Y,N,225777,0,NOT COLLISION W/MOTOR VEHICLE-TRANSPORT,21,CLEAR,1,DAYLIGHT,40,MAIL BOX,BEAUTIFUL VALLEY DR & MCCRORY LN,NASHVILLE,TN,37221,4713,WEST,36.0816,-87.0234,POINT (-87.0234 36.0816)
20190809684,11/07/2019 05:52:00 AM,1,1,0,,N,468098,0,NOT COLLISION W/MOTOR VEHICLE-TRANSPORT,2,RAIN,1,DAYLIGHT,8,PEDESTRIAN,ANTIOCH PKE & CHEROKEE HILLS DR,ANTIOCH,TN,37013,8899,SOUTH,36.0796,-86.6848,POINT (-86.6848 36.0796)
20190835502,11/18/2019 11:55:00 AM,2,0,0,,Y,226622,5,SIDESWIPE - SAME DIRECTION,22,CLOUDY,1,DAYLIGHT,12,MOTOR VEHICLE IN TRANSPORT,WHITE BRIDGE PKE & CHARLOTTE PKE,NASHVILLE,TN,37209,5033,WEST,36.1494,-86.8579,POINT (-86.8579 36.1494)
20190664144,09/06/2019 12:00:00 AM,3,0,0,,Y,633381,4,ANGLE,,,3,DARK - LIGHTED,14,PARKED MOTOR VEHICLE,CAMBRIDGE APTS PVTDR & BELL RD,ANTIOCH,TN,37013,8861,SOUTH,36.0596,-86.6411,POINT (-86.6411 36.0596)
20190654397,09/02/2019 08:45:00 AM,2,0,0,,Y,223502,5,SIDESWIPE - SAME DIRECTION,21,CLEAR,1,DAYLIGHT,14,PARKED MOTOR VEHICLE,PARRIS AV & MURFREESBORO PKE,NASHVILLE,TN,37210,8213,HERMIT,36.1439,-86.7476,POINT (-86.7476 36.1439)
20190750526,10/13/2019 12:30:00 AM,2,5,1,,N,212335,2,HEAD-ON,22,CLOUDY,2,DARK - NOT LIGHTED,12,MOTOR VEHICLE IN TRANSPORT,5TH AVN & CHURCH ST,NASHVILLE,TN,37219,4141,CENTRA,36.1634,-86.7803,POINT (-86.7803 36.1634)
20190807495,11/06/2019 08:50:00 AM,2,0,0,,N,279227,98,OTHER,21,CLEAR,1,DAYLIGHT,12,MOTOR VEHICLE IN TRANSPORT,BELL RD & BRENTRIDGE DR,ANTIOCH,TN,37013,8755,SOUTH,36.0465,-86.6834,POINT (-86.6834 36.0465)
20190723431,10/01/2019 08:46:00 AM,2,0,0,,N,337277,11,Front to Rear,21,CLEAR,1,DAYLIGHT,12,MOTOR VEHICLE IN TRANSPORT,BRILEY PKWYN & GLASTONBURY RD,NASHVILLE,TN,37217,8998,HERMIT,36.1372,-86.6996,POINT (-86.6996 36.1372)
20190621132,08/20/2019 09:10:00 AM,2,0,0,,N,332253,9,UNKNOWN,21,CLEAR,1,DAYLIGHT,12,MOTOR VEHICLE IN TRANSPORT,MM 206 1 I 40,NASHVILLE,TN,37209,53122,NORTH,36.1594,-86.8217,POINT (-86.8217 36.1594)
20190885529,12/10/2019 05:45:00 AM,2,0,0,,Y,352162,11,Front to Rear,2,RAIN,3,DARK - LIGHTED,12,MOTOR VEHICLE IN TRANSPORT,MM 48 2 I 24,NASHVILLE,TN,37207,1106,EAST,36.1729,-86.7693,POINT (-86.7693 36.1729)
20190797193,11/01/2019 09:32:00 PM,4,1,0,,Y,320582,11,Front to Rear,21,CLEAR,3,DARK - LIGHTED,12,MOTOR VEHICLE IN TRANSPORT,SPRING ST & SPRING ST ENT RAMP,NASHVILLE,TN,37207,1979,EAST,36.1764,-86.7677,POINT (-86.7677 36.1764)
20190676742,09/11/2019 05:47:00 PM,2,1,0,,N,256448,4,ANGLE,21,CLEAR,1,DAYLIGHT,12,MOTOR VEHICLE IN TRANSPORT,WOODBERRY DR & MCGAVOCK PKE,NASHVILLE,TN,37214,9119,HERMIT,36.1568,-86.6809,POINT (-86.6809 36.1568)
20190825066,11/13/2019 07:48:00 PM,2,3,0,,N,151132,2,HEAD-ON,21,CLEAR,3,DARK - LIGHTED,12,MOTOR VEHICLE IN TRANSPORT,STATE RT 45 & RIO VISTA DR,MADISON,TN,37115,1705,MADISO,36.2628,-86.681,POINT (-86.681 36.2628)
20190903597,12/17/2019 08:55:00 PM,2,2,0,Y,N,240955,4,ANGLE,21,CLEAR,3,DARK - LIGHTED,12;33;41,MOTOR VEHICLE IN TRANSPORT;CURB;SHRUBBERY,HAMILTON CHURCH RD & OWENDALE DR,ANTIOCH,TN,37013,8927,SOUTH,36.0648,-86.6221,POINT (-86.6221 36.0648)
20190621553,08/20/2019 12:30:00 PM,2,0,0,,N,420035,11,Front to Rear,21,CLEAR,1,DAYLIGHT,12,MOTOR VEHICLE IN TRANSPORT,BRILEY PKWYE & I24 W ENT RAMP,NASHVILLE,TN,37207,2012,MADISO,36.2381,-86.7844,POINT (-86.7844 36.2381)
20190857604,11/27/2019 01:24:00 PM,2,1,0,,N,161952,4,ANGLE,21,CLEAR,1,DAYLIGHT,12,MOTOR VEHICLE IN TRANSPORT,COUNTY HOSPITAL RD & HYDES FERRY RD,NASHVILLE,TN,37218,3129,NORTH,36.1875,-86.8398,POINT (-86.8398 36.1875)
20190590662,08/08/2019 05:05:00 PM,3,0,0,,Y,109536,11,Front to Rear,21,CLEAR,1,DAYLIGHT,12,MOTOR VEHICLE IN TRANSPORT,MM 40 4 I 24,WHITES CREEK,TN,37189,3314,NORTH,36.2786,-86.8016,POINT (-86.8016 36.2786)
20190761136,10/17/2019 10:48:00 AM,2,0,0,,N,485261,16,Rear to Side,21,CLEAR,1,DAYLIGHT,14,PARKED MOTOR VEHICLE,MIDDLETON ST & 2ND AVS,NASHVILLE,TN,37210,4029,CENTRA,36.1546,-86.7702,POINT (-86.7702 36.1546)
20190793144,10/31/2019 07:05:00 AM,2,0,0,,N,224386,6,SIDESWIPE - OPPOSITE DIRECTION,2,RAIN,1,DAYLIGHT,14,PARKED MOTOR VEHICLE,ELKMONT DR & HOLBROOK DR,NASHVILLE,TN,37211,8401,SOUTH,36.1019,-86.7293,POINT (-86.7293 36.1019)
20190663300,09/05/2019 10:21:00 PM,1,0,0,,N,879558,0,NOT COLLISION W/MOTOR VEHICLE-TRANSPORT,21,CLEAR,3,DARK - LIGHTED,18,OTHER OBJECT (NOT FIXED),MM 211 9 I 40,NASHVILLE,TN,37210,90022,HERMIT,36.1487,-86.7459,POINT (-86.7459 36.1487)
20190626601,08/22/2019 07:15:00 AM,2,0,0,,N,676834,5,SIDESWIPE - SAME DIRECTION,21,CLEAR,1,DAYLIGHT,12,MOTOR VEHICLE IN TRANSPORT,14TH AVN & CHARLOTTE AV,NASHVILLE,TN,37203,5501,MIDTOW,36.1608,-86.7937,POINT (-86.7937 36.1608)
20190636700,08/26/2019 07:45:00 AM,3,0,0,,Y,226134,11,Front to Rear,2,RAIN,4,DAWN,12,MOTOR VEHICLE IN TRANSPORT,LAFAYETTE ST & LINCOLN ST,NASHVILLE,TN,37210,8145,SOUTH,36.1482,-86.7604,POINT (-86.7604 36.1482)
20190708717,09/25/2019 01:05:00 AM,2,2,0,,N,299274,4,ANGLE,21,CLEAR,3,DARK - LIGHTED,12,MOTOR VEHICLE IN TRANSPORT,LEWIS ST & LAFAYETTE ST,NASHVILLE,TN,37210,8145,SOUTH,36.1083,-86.7324,POINT (-86.7324 36.1083)
20190690629,09/17/2019 03:09:00 PM,2,1,0,,N,714641,11,Front to Rear,21,CLEAR,1,DAYLIGHT,12,MOTOR VEHICLE IN TRANSPORT,LINDSLEY AV & ANTHES DR,NASHVILLE,TN,37210,4003,CENTRA,36.1548,-86.7634,POINT (-86.7634 36.1548)
20190758852,10/16/2019 12:15:00 PM,2,0,0,,N,226405,11,Front to Rear,21,CLEAR,1,DAYLIGHT,12,MOTOR VEHICLE IN TRANSPORT,WEST END AV & ACKLEN PARK DR,NASHVILLE,TN,37203,5627,MIDTOW,36.1409,-86.8174,POINT (-86.8174 36.1409)
20190644436,08/29/2019 08:30:00 AM,2,1,0,,N,212347,4,ANGLE,21,CLEAR,1,DAYLIGHT,12,MOTOR VEHICLE IN TRANSPORT,HILLWOOD BLVD & CHARLOTTE PKE,NASHVILLE,TN,37209,5021,WEST,36.1391,-86.8806,POINT (-86.8806 36.1391)
20190889523,12/11/2019 05:06:00 PM,2,1,0,,N,311332,4,ANGLE,21,CLEAR,5,DUSK,12,MOTOR VEHICLE IN TRANSPORT,STATE HWY 100 & OLD HARDING LN,NASHVILLE,TN,37221,4805,WEST,36.0268,-87.0174,POINT (-87.0174 36.0268)
20190785435,10/28/2019 07:43:00 AM,2,0,0,,Y,676834,5,SIDESWIPE - SAME DIRECTION,22,CLOUDY,1,DAYLIGHT,12,MOTOR VEHICLE IN TRANSPORT,MM 85 0 I 65,NASHVILLE,TN,37208,43021,NORTH,36.1799,-86.8005,POINT (-86.8005 36.1799)
20190711913,09/26/2019 05:50:00 AM,2,0,0,,N,179580,6,SIDESWIPE - OPPOSITE DIRECTION,21,CLEAR,1,DAYLIGHT,12,MOTOR VEHICLE IN TRANSPORT,ROSA L PARKS BLVD & JEFFERSON ST,NASHVILLE,TN,37208,4237,CENTRA,36.1733,-86.7914,POINT (-86.7914 36.1733)
20190844370,11/21/2019 06:32:00 PM,2,0,0,,N,320585,11,Front to Rear,21,CLEAR,3,DARK - LIGHTED,12,MOTOR VEHICLE IN TRANSPORT,I40 E EXT RAMP & I40 E ENT RAMP,NASHVILLE,TN,37217,8998,HERMIT,36.1429,-86.6975,POINT (-86.6975 36.1429)
20190912478,12/21/2019 02:35:00 PM,2,0,0,,N,256394,11,Front to Rear,22,CLOUDY,1,DAYLIGHT,12,MOTOR VEHICLE IN TRANSPORT,BRILEY PKWY N EXT RAMP & BRILEY PKWYN,NASHVILLE,TN,37214,9223,HERMIT,36.1966,-86.6876,POINT (-86.6876 36.1966)