Accident Number,Date and Time,Number of Motor Vehicles,Number of Injuries,Number of Fatalities,Property Damage,Hit and Run,Reporting Officer,Collision Type Code,Collision Type Description,Weather Code,Weather Description,Illumination Code,Illumination Description,Harmful Code,Harmful Code Description,Street Address,City,State,ZIP,RPA,Precinct,Latitude,Longitude,Mapped Location
20190911820,12/21/2019 04:40:00 AM,2,0,0,,N,352193,5,SIDESWIPE - SAME DIRECTION,21,CLEAR,2,DARK - NOT LIGHTED,12,MOTOR VEHICLE IN TRANSPORT,MM 220 1 I 40,HERMITAGE,TN,37076,94021,HERMIT,36.1655,-86.6137,POINT (-86.6137 36.1655)
20190900649,12/16/2019 05:00:00 PM,2,0,0,,Y,298867,6,SIDESWIPE - OPPOSITE DIRECTION,2,RAIN,3,DARK - LIGHTED,12,MOTOR VEHICLE IN TRANSPORT,MAIN ST & N 7TH ST,NASHVILLE,TN,37206,1117,EAST,36.1745,-86.7609,POINT (-86.7609 36.1745)
20190736407,10/06/2019 11:40:00 PM,1,0,0,,N,352188,0,NOT COLLISION W/MOTOR VEHICLE-TRANSPORT,2,RAIN,3,DARK - LIGHTED,34,DITCH,I24 W ENT RAMP & I 24,NASHVILLE,TN,37206,1009,EAST,36.1666,-86.7638,POINT (-86.7638 36.1666)
20190758905,10/16/2019 12:52:00 PM,1,1,0,,N,306231,0,NOT COLLISION W/MOTOR VEHICLE-TRANSPORT,21,CLEAR,1,DAYLIGHT,1,,I24 E EXT RAMP & I 24,NASHVILLE,TN,37207,30080,NORTH,36.2378,-86.7872,POINT (-86.7872 36.2378)
20190689195,09/17/2019 01:40:00 AM,1,1,0,,N,299274,0,NOT COLLISION W/MOTOR VEHICLE-TRANSPORT,21,CLEAR,3,DARK - LIGHTED,9,,ELM HILL PKE & FESSLERS LN,NASHVILLE,TN,37210,8217,HERMIT,36.1447,-86.744,POINT (-86.744 36.1447)
20190915776,12/23/2019 09:05:00 AM,2,0,0,,N,262766,16,Rear to Side,21,CLEAR,1,DAYLIGHT,14,PARKED MOTOR VEHICLE,TIMBERWOOD DR & CHICKERING CT,NASHVILLE,TN,37215,6205,WEST,36.0648,-86.8542,POINT (-86.8542 36.0648)
20190667127,09/07/2019 05:15:00 PM,2,2,0,,N,433550,11,Front to Rear,21,CLEAR,1,DAYLIGHT,12,MOTOR VEHICLE IN TRANSPORT,MM 221 3 I 40,HERMITAGE,TN,37076,95020,HERMIT,36.1701,-86.5928,POINT (-86.5928 36.1701)
20190828653,11/15/2019 07:50:00 AM,2,2,0,,N,384442,11,Front to Rear,21,CLEAR,1,DAYLIGHT,12,MOTOR VEHICLE IN TRANSPORT,HILLSBORO PKE & LOMBARDY AV,NASHVILLE,TN,37215,6001,WEST,36.1212,-86.8076,POINT (-86.8076 36.1212)
20190844166,11/21/2019 06:10:00 PM,2,0,0,,N,352156,2,HEAD-ON,21,CLEAR,3,DARK - LIGHTED,12,MOTOR VEHICLE IN TRANSPORT,EAST THOMPSON LN & MURFREESBORO PKE,NASHVILLE,TN,37217,8879,SOUTH,36.1267,-86.7111,POINT (-86.7111 36.1267)
20190902118,12/17/2019 08:00:00 AM,2,0,0,,N,226586,5,SIDESWIPE - SAME DIRECTION,22,CLOUDY,1,DAYLIGHT,12,MOTOR VEHICLE IN TRANSPORT,BROADWAY & 11TH AVN,NASHVILLE,TN,37203,4077,CENTRA,36.1574,-86.7856,POINT (-86.7856 36.1574)
20190826038,11/14/2019 06:32:00 AM,2,0,0,,N,571313,11,Front to Rear,21,CLEAR,1,DAYLIGHT,12,MOTOR VEHICLE IN TRANSPORT,I65 ENT RAMP & I 440,NASHVILLE,TN,37204,81061,MIDTOW,36.1189,-86.7675,POINT (-86.7675 36.1189)
20190833514,11/17/2019 02:29:00 PM,2,0,0,,N,320585,16,Rear to Side,22,CLOUDY,1,DAYLIGHT,12,MOTOR VEHICLE IN TRANSPORT,LEBANON PKE & SHUTE LN,HERMITAGE,TN,37076,9535,HERMIT,36.2146,-86.6047,POINT (-86.6047 36.2146)
20190603697,08/13/2019 03:55:00 PM,2,0,0,,N,206672,6,SIDESWIPE - OPPOSITE DIRECTION,2,RAIN,1,DAYLIGHT,12,MOTOR VEHICLE IN TRANSPORT,8TH AVS & KOREAN VETERANS BLVD,NASHVILLE,TN,37203,4043,CENTRA,36.1549,-86.7792,POINT (-86.7792 36.1549)
20190886221,12/10/2019 11:44:00 AM,3,2,0,,N,384398,11,Front to Rear,22,CLOUDY,1,DAYLIGHT,12,MOTOR VEHICLE IN TRANSPORT,MURFREESBORO PKE & RANSOM PL,NASHVILLE,TN,37217,8853,SOUTH,36.0892,-86.6501,POINT (-86.6501 36.0892)
20190910779,12/20/2019 03:56:00 PM,2,0,0,,N,311337,4,ANGLE,21,CLEAR,5,DUSK,12,MOTOR VEHICLE IN TRANSPORT,ANDREW JACKSON PKWY & JACKSON PASS,HERMITAGE,TN,37076,9559,HERMIT,36.1869,-86.6085,POINT (-86.6085 36.1869)
20190827179,11/14/2019 04:53:00 PM,2,0,0,,N,151132,11,Front to Rear,22,CLOUDY,5,DUSK,12,MOTOR VEHICLE IN TRANSPORT,RIVERGATE MARKETPLACE PVTDR & GALLATIN P,MADISON,TN,37115,1731,MADISO,36.3037,-86.6898,POINT (-86.6898 36.3037)
20190797546,11/02/2019 12:43:00 AM,1,0,0,,Y,311336,0,NOT COLLISION W/MOTOR VEHICLE-TRANSPORT,21,CLEAR,3,DARK - LIGHTED,37,Other Traffic Barrier,W TRINITY LN & LUCAS LN,NASHVILLE,TN,37207,1863,EAST,36.2061,-86.7711,POINT (-86.7711 36.2061)
20190611372,08/16/2019 01:11:00 PM,2,0,0,,N,462474,11,Front to Rear,21,CLEAR,1,DAYLIGHT,12,MOTOR VEHICLE IN TRANSPORT,I440 ENT RAMP & I 65,NASHVILLE,TN,37204,7018,MIDTOW,36.1117,-86.7713,POINT (-86.7713 36.1117)
20190731512,10/04/2019 01:18:00 PM,1,0,0,,N,716886,0,NOT COLLISION W/MOTOR VEHICLE-TRANSPORT,21,CLEAR,1,DAYLIGHT,18,OTHER OBJECT (NOT FIXED),MM 56 1 I 24,NASHVILLE,TN,37211,88100,SOUTH,36.0813,-86.697,POINT (-86.697 36.0813)
20190778326,10/24/2019 07:15:00 PM,1,1,0,,N,352185,9,UNKNOWN,21,CLEAR,3,DARK - LIGHTED,8;99,PEDESTRIAN;UNKNOWN MOST HARMFUL EVENT,S 5TH ST & SPRING ST,NASHVILLE,TN,37206,1109,EAST,36.1726,-86.7652,POINT (-86.7652 36.1726)
20190656942,09/03/2019 09:40:00 AM,2,0,0,,N,226586,98,OTHER,21,CLEAR,1,DAYLIGHT,12,MOTOR VEHICLE IN TRANSPORT,2ND AVS & KOREAN VETERANS BLVD,NASHVILLE,TN,37201,4047,CENTRA,36.1576,-86.7724,POINT (-86.7724 36.1576)
20190750214,10/12/2019 09:12:00 PM,1,1,0,,N,320585,0,NOT COLLISION W/MOTOR VEHICLE-TRANSPORT,21,CLEAR,3,DARK - LIGHTED,36,CONCRETE TRAFFIC BARRIER,STATE HWY 155 & MCGAVOCK PIKE,NASHVILLE,TN,37214,9286,HERMIT,36.2168,-86.6925,POINT (-86.6925 36.2168)
20190625432,08/21/2019 07:00:00 PM,2,0,0,,N,717341,11,Front to Rear,21,CLEAR,1,DAYLIGHT,12,MOTOR VEHICLE IN TRANSPORT,NOLENSVILLE PKE & MILL CREEK WHITTLEMORE,ANTIOCH,TN,37013,8757,SOUTH,36.0431,-86.713,POINT (-86.713 36.0431)
20190656776,09/03/2019 10:06:00 AM,2,1,0,,N,320586,4,ANGLE,21,CLEAR,1,DAYLIGHT,12,MOTOR VEHICLE IN TRANSPORT,HAYWOOD LN & EAST RIDGE DR,NASHVILLE,TN,37211,8707,SOUTH,36.07,-86.6985,POINT (-86.6985 36.07)
20190638575,08/27/2019 03:11:00 AM,2,2,0,,N,279203,4,ANGLE,22,CLOUDY,3,DARK - LIGHTED,12,MOTOR VEHICLE IN TRANSPORT,UNION ST & 7TH AVN,NASHVILLE,TN,37203,4145,CENTRA,36.1635,-86.7835,POINT (-86.7835 36.1635)
20190841348,11/20/2019 03:15:00 PM,2,1,0,,N,192872,4,ANGLE,21,CLEAR,1,DAYLIGHT,12,MOTOR VEHICLE IN TRANSPORT,BROADMOOR DR & DICKERSON PKE,NASHVILLE,TN,37207,1811,EAST,36.2293,-86.7591,POINT (-86.7591 36.2293)
20190689114,09/17/2019 12:39:00 AM,2,2,0,,N,384437,11,Front to Rear,21,CLEAR,3,DARK - LIGHTED,12,MOTOR VEHICLE IN TRANSPORT,6TH AVN & CHARLOTTE AV,NASHVILLE,TN,37219,4157,CENTRA,36.1651,-86.783,POINT (-86.783 36.1651)
20190735891,10/06/2019 12:00:00 AM,2,0,0,,N,206964,11,Front to Rear,2,RAIN,1,DAYLIGHT,12,MOTOR VEHICLE IN TRANSPORT,ANTIOCH PKE & MILL CREEK BLUE HOLE GRNWY,ANTIOCH,TN,37013,8857,SOUTH,36.0662,-86.6811,POINT (-86.6811 36.0662)
20190821217,11/12/2019 09:43:00 AM,2,0,0,,N,620072,5,SIDESWIPE - SAME DIRECTION,21,CLEAR,1,DAYLIGHT,12,MOTOR VEHICLE IN TRANSPORT,21ST AVS & CHILDRENS WAY,NASHVILLE,TN,37212,5809,MIDTOW,36.1386,-86.8006,POINT (-86.8006 36.1386)
20190720281,09/30/2019 02:30:00 AM,2,1,0,,Y,309263,6,SIDESWIPE - OPPOSITE DIRECTION,21,CLEAR,2,DARK - NOT LIGHTED,12,MOTOR VEHICLE IN TRANSPORT,DICKERSON PKE & KINGSTON ST,NASHVILLE,TN,37207,1833,EAST,36.2095,-86.7664,POINT (-86.7664 36.2095)
20190790916,10/30/2019 07:51:00 AM,2,0,0,,N,665896,11,Front to Rear,2,RAIN,1,DAYLIGHT,12,MOTOR VEHICLE IN TRANSPORT,N 1ST ST & DICKERSON PKE,NASHVILLE,TN,37207,1953,EAST,36.1832,-86.7739,POINT (-86.7739 36.1832)
20190715022,09/27/2019 01:07:00 PM,3,2,0,,N,902543,11,Front to Rear,21,CLEAR,1,DAYLIGHT,12,MOTOR VEHICLE IN TRANSPORT,GALLATIN PKE & MAPLEWOOD PL,NASHVILLE,TN,37216,1513,EAST,36.2273,-86.7253,POINT (-86.7253 36.2273)
20190748172,10/11/2019 06:41:00 PM,2,0,0,,N,320599,11,Front to Rear,2,RAIN,3,DARK - LIGHTED,12,MOTOR VEHICLE IN TRANSPORT,LEBANON PKE & MCGAVOCK PKE,NASHVILLE,TN,37214,9201,HERMIT,36.1694,-86.6799,POINT (-86.6799 36.1694)
20190908341,12/19/2019 12:00:00 AM,2,0,0,,N,311333,11,Front to Rear,21,CLEAR,2,DARK - NOT LIGHTED,12,MOTOR VEHICLE IN TRANSPORT,HOBSON PKE & MURFREESBORO PKE,ANTIOCH,TN,37013,8971,SOUTH,36.043,-86.6066,POINT (-86.6066 36.043)
20190922734,12/27/2019 12:48:00 AM,3,0,0,,Y,352212,11,Front to Rear,21,CLEAR,3,DARK - LIGHTED,14;55,PARKED MOTOR VEHICLE;Motor Vehicle-In-Motion Outside Trafficw,HOLLY ST & S 13TH ST,NASHVILLE,TN,37206,1209,EAST,36.176,-86.7473,POINT (-86.7473 36.176)
20190895046,12/13/2019 05:59:00 PM,2,0,0,,N,134871,4,ANGLE,2,RAIN,3,DARK - LIGHTED,12,MOTOR VEHICLE IN TRANSPORT,GLEAVES ST & PINE ST,NASHVILLE,TN,37203,4021,CENTRA,36.1521,-86.7815,POINT (-86.7815 36.1521)
20190770644,10/21/2019 05:07:00 PM,1,0,0,,N,352192,0,NOT COLLISION W/MOTOR VEHICLE-TRANSPORT,2,RAIN,1,DAYLIGHT,36,CONCRETE TRAFFIC BARRIER,MM 200 6 I 40,NASHVILLE,TN,37209,4708,WEST,36.1261,-86.904,POINT (-86.904 36.1261)
20190758305,10/16/2019 08:05:00 AM,3,2,0,,N,876581,4,ANGLE,21,CLEAR,1,DAYLIGHT,12,MOTOR VEHICLE IN TRANSPORT,EWING LN & BRICK CHURCH PKE,NASHVILLE,TN,37207,2031,MADISO,36.2323,-86.7803,POINT (-86.7803 36.2323)
20190916394,12/23/2019 03:45:00 PM,2,0,0,,N,384437,5,SIDESWIPE - SAME DIRECTION,21,CLEAR,1,DAYLIGHT,12,MOTOR VEHICLE IN TRANSPORT,OPRY MILLS DR & BRILEY PKWY S EXT RAMP,NASHVILLE,TN,37214,9209,HERMIT,36.1978,-86.6913,POINT (-86.6913 36.1978)
20190852793,11/25/2019 03:40:00 PM,2,0,0,,N,717341,11,Front to Rear,21,CLEAR,1,DAYLIGHT,12,MOTOR VEHICLE IN TRANSPORT,BELL RD & THE OVERLOOK PVTDR,ANTIOCH,TN,37013,8865,SOUTH,36.056,-86.6421,POINT (-86.6421 36.056)
20190581687,08/05/2019 02:00:00 PM,2,0,0,,N,716886,11,Front to Rear,21,CLEAR,1,DAYLIGHT,12,MOTOR VEHICLE IN TRANSPORT,OLD HICKORY BLVD & BELL RD,HERMITAGE,TN,37076,9545,HERMIT,36.1613,-86.5971,POINT (-86.5971 36.1613)
20190630605,08/23/2019 03:00:00 PM,1,0,0,Y,Y,311327,0,NOT COLLISION W/MOTOR VEHICLE-TRANSPORT,21,CLEAR,1,DAYLIGHT,19,BUILDING,1400 MONETTA AV,NASHVILLE,TN,37216,1431,EAST,36.2006,-86.7321,POINT (-86.7321 36.2006)
20190813081,11/08/2019 03:30:00 PM,2,0,0,,N,240976,11,Front to Rear,21,CLEAR,1,DAYLIGHT,12,MOTOR VEHICLE IN TRANSPORT,MM 48 0 I 24,NASHVILLE,TN,37213,1908,CENTRA,36.1759,-86.7721,POINT (-86.7721 36.1759)
20190768413,10/20/2019 05:10:00 PM,2,0,0,,Y,352195,2,HEAD-ON,21,CLEAR,1,DAYLIGHT,13,MOTOR VEHICLE IN TRANSPORT-OTHER ROADWAY,LEWIS ST & FAIN ST,NASHVILLE,TN,37210,8207,HERMIT,36.1518,-86.758,POINT (-86.758 36.1518)
20190846550,11/22/2019 04:20:00 PM,3,1,0,,N,256394,11,Front to Rear,22,CLOUDY,1,DAYLIGHT,12,MOTOR VEHICLE IN TRANSPORT,MM 214 3 I 40,NASHVILLE,TN,37217,88021,HERMIT,36.1425,-86.7089,POINT (-86.7089 36.1425)
20190832861,11/17/2019 04:50:00 AM,1,0,0,Y,N,320578,0,NOT COLLISION W/MOTOR VEHICLE-TRANSPORT,21,CLEAR,3,DARK - LIGHTED,32,CULVERT,PACKARD DR & PANAMINT DR,ANTIOCH,TN,37013,8713,SOUTH,36.0633,-86.6896,POINT (-86.6896 36.0633)
20190909944,12/20/2019 08:20:00 AM,2,0,0,,Y,299243,5,SIDESWIPE - SAME DIRECTION,21,CLEAR,1,DAYLIGHT,12,MOTOR VEHICLE IN TRANSPORT,12TH AVS & MCGAVOCK ST,NASHVILLE,TN,37203,4079,CENTRA,36.1556,-86.7868,POINT (-86.7868 36.1556)
20190793078,10/31/2019 06:02:00 AM,1,0,0,,N,191578,0,NOT COLLISION W/MOTOR VEHICLE-TRANSPORT,2,RAIN,2,DARK - NOT LIGHTED,36,CONCRETE TRAFFIC BARRIER,MM 220 6 I 40,HERMITAGE,TN,37076,89042,HERMIT,36.1693,-86.6057,POINT (-86.6057 36.1693)
20190667593,09/07/2019 08:55:00 PM,2,1,0,,N,279211,11,Front to Rear,21,CLEAR,3,DARK - LIGHTED,12,MOTOR VEHICLE IN TRANSPORT,MARTINGALE DR & ROBINSON RD,OLD HICKORY,TN,37138,9619,HERMIT,36.2579,-86.6569,POINT (-86.6569 36.2579)
20190748141,10/11/2019 08:25:00 PM,2,0,0,,N,330415,11,Front to Rear,2,RAIN,3,DARK - LIGHTED,12,MOTOR VEHICLE IN TRANSPORT,0 8TH AVS,NASHVILLE,TN,37203,4043,CENTRA,36.1549,-86.7792,POINT (-86.7792 36.1549)
20190835185,11/18/2019 09:11:00 AM,2,0,0,,N,311325,11,Front to Rear,21,CLEAR,1,DAYLIGHT,12,MOTOR VEHICLE IN TRANSPORT,MM 215 5 I 40,NASHVILLE,TN,37217,89020,HERMIT,36.1432,-86.6865,POINT (-86.6865 36.1432)
20190767240,10/20/2019 12:30:00 AM,1,0,0,,N,226054,0,NOT COLLISION W/MOTOR VEHICLE-TRANSPORT,2,RAIN,2,DARK - NOT LIGHTED,34,DITCH,OLD CHARLOTTE PKE & SEARS RD,PEGRAM,TN,37143,4715,WEST,36.1073,-87.0166,POINT (-87.0166 36.1073)
20190789731,10/29/2019 07:41:00 PM,2,0,0,,Y,384402,11,Front to Rear,21,CLEAR,2,DARK - NOT LIGHTED,14;55,PARKED MOTOR VEHICLE;Motor Vehicle-In-Motion Outside Trafficw,SMITH SPRINGS RD & CASTLEGATE DR,NASHVILLE,TN,37217,8929,HERMIT,36.0891,-86.6149,POINT (-86.6149 36.0891)
20190709355,09/25/2019 08:09:00 AM,2,2,0,,N,384403,4,ANGLE,21,CLEAR,1,DAYLIGHT,12,MOTOR VEHICLE IN TRANSPORT,NOLENSVILLE PKE & COLLIER AV,NASHVILLE,TN,37211,8425,SOUTH,36.11,-86.7447,POINT (-86.7447 36.11)
20190759403,10/16/2019 05:00:00 PM,2,0,0,,N,161948,5,SIDESWIPE - SAME DIRECTION,21,CLEAR,1,DAYLIGHT,12,MOTOR VEHICLE IN TRANSPORT,DONELSON PKE & LEBANON PKE,NASHVILLE,TN,37214,9401,HERMIT,36.1666,-86.6635,POINT (-86.6635 36.1666)
20190816012,11/10/2019 12:09:00 AM,1,1,0,,N,352212,0,NOT COLLISION W/MOTOR VEHICLE-TRANSPORT,21,CLEAR,3,DARK - LIGHTED,8,PEDESTRIAN,SHELBY AVE & S 14TH ST,NASHVILLE,TN,37206,1035,EAST,36.1709,-86.7473,POINT (-86.7473 36.1709)
20190706624,09/24/2019 06:30:00 AM,2,0,0,,N,226092,11,Front to Rear,21,CLEAR,4,DAWN,12,MOTOR VEHICLE IN TRANSPORT,MM 86 9 I 65,NASHVILLE,TN,37207,3002,NORTH,36.2009,-86.7768,POINT (-86.7768 36.2009)
20190738126,10/07/2019 07:10:00 PM,4,0,0,,Y,352204,11,Front to Rear,21,CLEAR,2,DARK - NOT LIGHTED,12,MOTOR VEHICLE IN TRANSPORT,HIGHWAY 100 & OLD HICKORY BLVD,NASHVILLE,TN,37221,6213,WEST,36.0609,-86.9153,POINT (-86.9153 36.0609)
20190606725,08/14/2019 06:09:00 PM,2,0,0,,N,256389,4,ANGLE,21,CLEAR,1,DAYLIGHT,12,MOTOR VEHICLE IN TRANSPORT,ACKLEN PARK DR & PARK DR,NASHVILLE,TN,37203,5629,MIDTOW,36.1413,-86.818,POINT (-86.818 36.1413)
20190664976,09/06/2019 03:33:00 PM,2,0,0,,N,197070,11,Front to Rear,21,CLEAR,1,DAYLIGHT,12,MOTOR VEHICLE IN TRANSPORT,I40 E EXT RAMP & I 40,NASHVILLE,TN,37214,8955,HERMIT,36.155,-86.6271,POINT (-86.6271 36.155)
20190615033,08/17/2019 11:00:00 PM,2,0,0,,N,212335,5,SIDESWIPE - SAME DIRECTION,21,CLEAR,3,DARK - LIGHTED,12,MOTOR VEHICLE IN TRANSPORT,3RD AVN & UNION ST,NASHVILLE,TN,37201,4137,CENTRA,36.1653,-86.7785,POINT (-86.7785 36.1653)
20190827297,11/14/2019 06:03:00 PM,2,0,0,,N,151132,11,Front to Rear,22,CLOUDY,3,DARK - LIGHTED,12,MOTOR VEHICLE IN TRANSPORT,GALLATIN PKES & HICKORY ST,MADISON,TN,37115,1605,MADISO,36.2604,-86.7129,POINT (-86.7129 36.2604)
20190595432,08/10/2019 12:00:00 AM,2,0,0,,Y,352159,11,Front to Rear,99,UNKNOWN,2,DARK - NOT LIGHTED,14;99,PARKED MOTOR VEHICLE;UNKNOWN MOST HARMFUL EVENT,S 12TH ST & SHELBY AV,NASHVILLE,TN,37206,1035,EAST,36.1707,-86.7495,POINT (-86.7495 36.1707)
20190807766,11/06/2019 11:11:00 AM,2,0,0,,N,134899,4,ANGLE,21,CLEAR,1,DAYLIGHT,12,MOTOR VEHICLE IN TRANSPORT,ELM HILL PKE & TWIN ELMS CT,NASHVILLE,TN,37210,9013,HERMIT,36.1438,-86.7344,POINT (-86.7344 36.1438)
20190584983,08/06/2019 05:15:00 PM,2,1,0,,N,420040,5,SIDESWIPE - SAME DIRECTION,22,CLOUDY,1,DAYLIGHT,12,MOTOR VEHICLE IN TRANSPORT,CHURCH ST & 15TH AVN,NASHVILLE,TN,37203,5517,MIDTOW,36.1574,-86.7926,POINT (-86.7926 36.1574)
20190640733,08/27/2019 08:28:00 PM,2,0,0,,N,163667,11,Front to Rear,21,CLEAR,2,DARK - NOT LIGHTED,12,MOTOR VEHICLE IN TRANSPORT,BRILEY PKWY N EXT RAMP & COUNTY HOSPITAL,NASHVILLE,TN,37218,3133,NORTH,36.1869,-86.8613,POINT (-86.8613 36.1869)
20190786627,10/28/2019 05:40:00 PM,2,0,0,,Y,279116,4,ANGLE,22,CLOUDY,1,DAYLIGHT,12,MOTOR VEHICLE IN TRANSPORT,POWELL AV & OLD POWELL AV,NASHVILLE,TN,37204,8525,MIDTOW,36.1109,-86.7672,POINT (-86.7672 36.1109)
20190721426,09/30/2019 02:14:00 PM,1,0,0,Y,N,262749,0,NOT COLLISION W/MOTOR VEHICLE-TRANSPORT,21,CLEAR,1,DAYLIGHT,18,OTHER OBJECT (NOT FIXED),DODSON CHAPEL RD & HOGGETT FORD RD,HERMITAGE,TN,37076,9503,HERMIT,36.1698,-86.615,POINT (-86.615 36.1698)
20190646137,08/29/2019 02:30:00 PM,2,1,0,,N,352170,11,Front to Rear,21,CLEAR,1,DAYLIGHT,14,PARKED MOTOR VEHICLE,DORY DR & CENTREBOARD CT,ANTIOCH,TN,37013,8907,SOUTH,36.0672,-86.581,POINT (-86.581 36.0672)
20190588878,08/08/2019 12:20:00 AM,1,0,0,,N,352209,0,NOT COLLISION W/MOTOR VEHICLE-TRANSPORT,21,CLEAR,3,DARK - LIGHTED,33;42,CURB;TREE,S 2ND ST & VICTORY AV,NASHVILLE,TN,37213,1103,CENTRA,36.1653,-86.7685,POINT (-86.7685 36.1653)
20190626939,08/22/2019 09:32:00 AM,2,0,0,,N,109534,4,ANGLE,21,CLEAR,1,DAYLIGHT,12,MOTOR VEHICLE IN TRANSPORT,ANDREW JACKSON PKWY & OLD HICKORY BLVD,HERMITAGE,TN,37076,9561,HERMIT,36.1835,-86.6108,POINT (-86.6108 36.1835)
20190732029,10/04/2019 05:50:00 PM,2,1,0,,N,298860,4,ANGLE,21,CLEAR,1,DAYLIGHT,12,MOTOR VEHICLE IN TRANSPORT,DODSON CHAPEL RD & ALBEE DR,HERMITAGE,TN,37076,9511,HERMIT,36.1816,-86.6108,POINT (-86.6108 36.1816)
20190770207,10/21/2019 01:15:00 PM,2,0,0,,N,571328,5,SIDESWIPE - SAME DIRECTION,21,CLEAR,1,DAYLIGHT,12,MOTOR VEHICLE IN TRANSPORT,GALLATIN PKE & DELMAS AV,NASHVILLE,TN,37216,1401,EAST,36.1992,-86.7409,POINT (-86.7409 36.1992)
20190897614,12/15/2019 04:20:00 AM,1,0,0,,N,352209,0,NOT COLLISION W/MOTOR VEHICLE-TRANSPORT,21,CLEAR,3,DARK - LIGHTED,33,CURB,3RD AVN & DEADERICK ST,NASHVILLE,TN,37201,4163,CENTRA,36.1663,-86.7791,POINT (-86.7791 36.1663)
20190810456,11/07/2019 01:00:00 PM,2,1,0,,N,538214,4,ANGLE,2,RAIN,1,DAYLIGHT,12,MOTOR VEHICLE IN TRANSPORT,LINDSLEY AV & 1ST AVS,NASHVILLE,TN,37210,4003,CENTRA,36.1528,-86.7681,POINT (-86.7681 36.1528)
20190881475,12/08/2019 10:30:00 AM,2,0,0,,N,402660,98,OTHER,22,CLOUDY,1,DAYLIGHT,12,MOTOR VEHICLE IN TRANSPORT,MM 1 0 I 440,NASHVILLE,TN,37205,5234,WEST,36.1438,-86.8226,POINT (-86.8226 36.1438)
20190919757,12/25/2019 12:00:00 AM,1,1,0,Y,N,278580,0,NOT COLLISION W/MOTOR VEHICLE-TRANSPORT,21,CLEAR,1,DAYLIGHT,30;63,UTILITY POLE;Ran Off Road-Right,HIGDON RD & ARRINGTON RD,JOELTON,TN,37080,3339,NORTH,36.2732,-86.9582,POINT (-86.9582 36.2732)
20190749836,10/12/2019 04:55:00 PM,2,1,0,,N,337276,4,ANGLE,21,CLEAR,1,DAYLIGHT,13,MOTOR VEHICLE IN TRANSPORT-OTHER ROADWAY,SHELBY AVE & S 8TH ST,NASHVILLE,TN,37206,1123,EAST,36.1696,-86.757,POINT (-86.757 36.1696)
20190642015,08/28/2019 03:05:00 AM,1,0,0,Y,Y,717341,0,NOT COLLISION W/MOTOR VEHICLE-TRANSPORT,21,CLEAR,3,DARK - LIGHTED,40,MAIL BOX,JESSIE DR & BREVARD CT,NASHVILLE,TN,37211,8417,SOUTH,36.0922,-86.7128,POINT (-86.7128 36.0922)
20190882901,12/09/2019 06:38:00 AM,2,0,0,,Y,109534,11,Front to Rear,22,CLOUDY,3,DARK - LIGHTED,12;99,MOTOR VEHICLE IN TRANSPORT;UNKNOWN MOST HARMFUL EVENT,MURFREESBORO PKE & EZELL PKE,NASHVILLE,TN,37217,8849,SOUTH,36.1047,-86.6695,POINT (-86.6695 36.1047)
20190726223,10/02/2019 11:15:00 AM,2,0,0,,N,109534,11,Front to Rear,21,CLEAR,1,DAYLIGHT,12,MOTOR VEHICLE IN TRANSPORT,MURFREESBORO PKE & RANSOM PL,NASHVILLE,TN,37217,8853,SOUTH,36.0892,-86.6501,POINT (-86.6501 36.0892)
20190660398,09/04/2019 07:15:00 PM,2,0,0,,N,256380,4,ANGLE,21,CLEAR,1,DAYLIGHT,12,MOTOR VEHICLE IN TRANSPORT,ED TEMPLE BLVD & JEFFERSON ST,NASHVILLE,TN,37208,4523,NORTH,36.1678,-86.8208,POINT (-86.8208 36.1678)
20190613337,08/17/2019 06:01:00 AM,2,0,0,,N,311336,5,SIDESWIPE - SAME DIRECTION,21,CLEAR,1,DAYLIGHT,12,MOTOR VEHICLE IN TRANSPORT,MM 87 8 I 65,NASHVILLE,TN,37207,1804,EAST,36.2138,-86.7754,POINT (-86.7754 36.2138)
20190593103,08/09/2019 12:53:00 PM,2,0,0,,N,306231,4,ANGLE,21,CLEAR,1,DAYLIGHT,12,MOTOR VEHICLE IN TRANSPORT,CLARKSVILLE PKE & ROSA L PARKS BLVD,NASHVILLE,TN,37228,4483,NORTH,36.1889,-86.8231,POINT (-86.8231 36.1889)
20190855552,11/26/2019 05:41:00 PM,2,0,0,,N,256426,4,ANGLE,2,RAIN,3,DARK - LIGHTED,12,MOTOR VEHICLE IN TRANSPORT,LEBANON PKE & BLUEFIELD AV,NASHVILLE,TN,37214,9113,HERMIT,36.1696,-86.6721,POINT (-86.6721 36.1696)
20190913525,12/22/2019 12:00:00 AM,2,0,0,,Y,330441,4,ANGLE,21,CLEAR,3,DARK - LIGHTED,14;55,PARKED MOTOR VEHICLE;Motor Vehicle-In-Motion Outside Trafficw,HICKORY PLZ & OLD HICKORY BLVD,NASHVILLE,TN,37211,8655,MIDTOW,36.0453,-86.717,POINT (-86.717 36.0453)
20190616956,08/18/2019 09:40:00 PM,1,0,0,,N,320578,0,NOT COLLISION W/MOTOR VEHICLE-TRANSPORT,21,CLEAR,2,DARK - NOT LIGHTED,32,CULVERT,MM 56 3 I 24,NASHVILLE,TN,37211,8708,SOUTH,36.0778,-86.6951,POINT (-86.6951 36.0778)