Accident Number,Date and Time,Number of Motor Vehicles,Number of Injuries,Number of Fatalities,Property Damage,Hit and Run,Reporting Officer,Collision Type Code,Collision Type Description,Weather Code,Weather Description,Illumination Code,Illumination Description,Harmful Code,Harmful Code Description,Street Address,City,State,ZIP,RPA,Precinct,Latitude,Longitude,Mapped Location
20190780790,10/25/2019 06:41:00 PM,2,0,0,,Y,330445,5,SIDESWIPE - SAME DIRECTION,2,RAIN,3,DARK - LIGHTED,12,MOTOR VEHICLE IN TRANSPORT,BROADWAY & 16TH AVS,NASHVILLE,TN,37203,5701,MIDTOW,36.1543,-86.7929,POINT (-86.7929 36.1543)
20190897195,12/14/2019 11:00:00 PM,2,0,0,,N,330433,11,Front to Rear,21,CLEAR,3,DARK - LIGHTED,12,MOTOR VEHICLE IN TRANSPORT,DUE WEST AVN & DICKERSON PKE,MADISON,TN,37115,2019,MADISO,36.2562,-86.7572,POINT (-86.7572 36.2562)
20190606817,08/14/2019 06:57:00 PM,2,0,0,,N,240955,11,Front to Rear,21,CLEAR,1,DAYLIGHT,12,MOTOR VEHICLE IN TRANSPORT,HOBSON PKE & GRANNY WRIGHT LN,HERMITAGE,TN,37076,8913,SOUTH,36.1081,-86.5496,POINT (-86.5496 36.1081)
20190699783,09/21/2019 01:02:00 AM,2,4,0,,N,330419,2,HEAD-ON,21,CLEAR,3,DARK - LIGHTED,12,MOTOR VEHICLE IN TRANSPORT,OLD HICKORY BLVDW & I65 N ENT RAMP,MADISON,TN,37115,1777,MADISO,36.2643,-86.7361,POINT (-86.7361 36.2643)
20190722215,09/30/2019 09:15:00 PM,2,0,0,,Y,151132,4,ANGLE,21,CLEAR,3,DARK - LIGHTED,12,MOTOR VEHICLE IN TRANSPORT,STATE RT 45 & MYATT DR,MADISON,TN,37115,1705,MADISO,36.2641,-86.6903,POINT (-86.6903 36.2641)
20190861481,11/29/2019 03:30:00 PM,2,0,0,,Y,212344,11,Front to Rear,22,CLOUDY,1,DAYLIGHT,12;14,MOTOR VEHICLE IN TRANSPORT;PARKED MOTOR VEHICLE,S 11TH ST & HOLLY ST,NASHVILLE,TN,37206,1201,EAST,36.1768,-86.75,POINT (-86.75 36.1768)
20190594607,08/09/2019 11:22:00 PM,1,0,0,Y,Y,311343,0,NOT COLLISION W/MOTOR VEHICLE-TRANSPORT,21,CLEAR,2,DARK - NOT LIGHTED,40;63,MAIL BOX;Ran Off Road-Right,9TH AVS & CARUTHERS AV,NASHVILLE,TN,37204,6927,MIDTOW,36.1248,-86.7835,POINT (-86.7835 36.1248)
20190630643,08/25/2019 04:05:00 PM,2,0,0,,N,256392,4,ANGLE,21,CLEAR,1,DAYLIGHT,12,MOTOR VEHICLE IN TRANSPORT,28TH AVN & ALAMEDA ST,NASHVILLE,TN,37209,4521,NORTH,36.1655,-86.8202,POINT (-86.8202 36.1655)
20190905534,12/18/2019 01:45:00 PM,2,0,0,,N,225777,0,NOT COLLISION W/MOTOR VEHICLE-TRANSPORT,21,CLEAR,1,DAYLIGHT,16,THROWN OR FALLING OBJECT,MM 200 1 I 40,NASHVILLE,TN,37205,4902,WEST,36.1207,-86.9112,POINT (-86.9112 36.1207)
20190601306,08/12/2019 07:37:00 PM,2,0,0,,Y,330435,5,SIDESWIPE - SAME DIRECTION,21,CLEAR,1,DAYLIGHT,12,MOTOR VEHICLE IN TRANSPORT,EASTLAND AV & GALLATIN AV,NASHVILLE,TN,37206,1243,EAST,36.1838,-86.7484,POINT (-86.7484 36.1838)
20190895037,12/13/2019 07:20:00 PM,2,0,0,,Y,279225,16,Rear to Side,2,RAIN,3,DARK - LIGHTED,14;99,PARKED MOTOR VEHICLE;UNKNOWN MOST HARMFUL EVENT,KAREN DR & ENVIOUS LN,NASHVILLE,TN,37217,8827,HERMIT,36.1396,-86.7008,POINT (-86.7008 36.1396)
20190678310,09/12/2019 10:00:00 AM,2,0,0,,N,716886,4,ANGLE,21,CLEAR,1,DAYLIGHT,12,MOTOR VEHICLE IN TRANSPORT,THOMPSON LN & FOSTER AV,NASHVILLE,TN,37211,8425,SOUTH,36.1108,-86.7433,POINT (-86.7433 36.1108)
20190596818,08/10/2019 09:00:00 PM,2,0,0,,N,330441,11,Front to Rear,21,CLEAR,2,DARK - NOT LIGHTED,12,MOTOR VEHICLE IN TRANSPORT,MM 76 7 I 65,NASHVILLE,TN,37220,7101,MIDTOW,36.0664,-86.7712,POINT (-86.7712 36.0664)
20190697700,09/20/2019 07:00:00 AM,2,0,0,,N,676834,11,Front to Rear,21,CLEAR,1,DAYLIGHT,12,MOTOR VEHICLE IN TRANSPORT,I40 E EXT RAMP & I 40,NASHVILLE,TN,37214,8955,HERMIT,36.155,-86.6271,POINT (-86.6271 36.155)
20190647814,08/30/2019 02:08:00 PM,2,2,0,,N,716886,4,ANGLE,21,CLEAR,1,DAYLIGHT,12,MOTOR VEHICLE IN TRANSPORT,HICKORY VALLEY CONDOS PVTDR & OLD HICKOR,NASHVILLE,TN,37211,8717,SOUTH,36.0457,-86.7064,POINT (-86.7064 36.0457)
20190767271,10/19/2019 11:00:00 PM,2,0,0,,Y,110097,5,SIDESWIPE - SAME DIRECTION,22,CLOUDY,3,DARK - LIGHTED,12,MOTOR VEHICLE IN TRANSPORT,RURAL HILL RD & HICKORY HIGHLANDS DR,ANTIOCH,TN,37013,8861,SOUTH,36.0594,-86.6452,POINT (-86.6452 36.0594)
20190863375,11/30/2019 03:20:00 PM,3,0,0,,Y,330431,5,SIDESWIPE - SAME DIRECTION,2,RAIN,1,DAYLIGHT,12,MOTOR VEHICLE IN TRANSPORT,MM 88 3 I 65,NASHVILLE,TN,37207,18041,EAST,36.2201,-86.7743,POINT (-86.7743 36.2201)
20190847291,11/22/2019 11:05:00 PM,2,0,0,,N,320583,4,ANGLE,21,CLEAR,3,DARK - LIGHTED,12,MOTOR VEHICLE IN TRANSPORT,17TH AVS & BROADWAY,NASHVILLE,TN,37203,5705,MIDTOW,36.1533,-86.794,POINT (-86.794 36.1533)
20190637118,08/26/2019 11:50:00 AM,2,1,0,,N,226622,4,ANGLE,2,RAIN,1,DAYLIGHT,12,MOTOR VEHICLE IN TRANSPORT,CHARLOTTE PKE & FORREST VALLEY DR,NASHVILLE,TN,37221,4711,WEST,36.1052,-86.9441,POINT (-86.9441 36.1052)
20190804327,11/05/2019 05:05:00 AM,2,0,0,,N,769384,5,SIDESWIPE - SAME DIRECTION,21,CLEAR,3,DARK - LIGHTED,12,MOTOR VEHICLE IN TRANSPORT,2ND AVS & KOREAN VETERANS BLVD,NASHVILLE,TN,37201,4047,CENTRA,36.1576,-86.7724,POINT (-86.7724 36.1576)
20190779997,10/25/2019 12:00:00 PM,2,0,0,,Y,352174,5,SIDESWIPE - SAME DIRECTION,22,CLOUDY,1,DAYLIGHT,12,MOTOR VEHICLE IN TRANSPORT,WEST END AV & 30TH AVN,NASHVILLE,TN,37212,5815,MIDTOW,36.1437,-86.8142,POINT (-86.8142 36.1437)
20190847110,11/22/2019 09:15:00 PM,2,0,0,,Y,352207,4,ANGLE,21,CLEAR,3,DARK - LIGHTED,12,MOTOR VEHICLE IN TRANSPORT,EDMONDSON PKE & WALLACE RD,NASHVILLE,TN,37211,8661,MIDTOW,36.0771,-86.7256,POINT (-86.7256 36.0771)
20190819057,11/11/2019 12:01:00 PM,2,1,0,,N,716886,11,Front to Rear,21,CLEAR,1,DAYLIGHT,12,MOTOR VEHICLE IN TRANSPORT,HARDING PL & METROPLEX DR,NASHVILLE,TN,37211,8889,SOUTH,36.0868,-86.6959,POINT (-86.6959 36.0868)
20190775809,10/23/2019 12:00:00 AM,2,0,0,,Y,279200,11,Front to Rear,21,CLEAR,3,DARK - LIGHTED,12,MOTOR VEHICLE IN TRANSPORT,8TH AVS & MCGAVOCK ST,NASHVILLE,TN,37203,4075,CENTRA,36.1579,-86.7814,POINT (-86.7814 36.1579)
20190924053,12/27/2019 03:49:00 PM,2,0,0,,N,298867,11,Front to Rear,21,CLEAR,1,DAYLIGHT,12,MOTOR VEHICLE IN TRANSPORT,CLEVELAND ST & MCFERRIN AV,NASHVILLE,TN,37206,1943,EAST,36.1843,-86.7548,POINT (-86.7548 36.1843)
20190732619,10/04/2019 10:42:00 PM,1,0,0,,N,620080,0,NOT COLLISION W/MOTOR VEHICLE-TRANSPORT,21,CLEAR,3,DARK - LIGHTED,8,PEDESTRIAN,LAFAYETTE ST & 5TH AVS,NASHVILLE,TN,37203,4027,CENTRA,36.1525,-86.7733,POINT (-86.7733 36.1525)
20190632701,08/24/2019 12:08:00 PM,3,0,0,,N,206962,4,ANGLE,22,CLOUDY,1,DAYLIGHT,12,MOTOR VEHICLE IN TRANSPORT,STATE HWY 45 & ARCHWOOD DR,MADISON,TN,37115,1705,MADISO,36.2637,-86.6871,POINT (-86.6871 36.2637)
20190706736,09/24/2019 08:01:00 AM,1,1,0,,N,226673,0,NOT COLLISION W/MOTOR VEHICLE-TRANSPORT,21,CLEAR,1,DAYLIGHT,8,PEDESTRIAN,GAY ST & 2ND AVN,NASHVILLE,TN,37201,4211,CENTRA,36.1693,-86.7794,POINT (-86.7794 36.1693)
20190675773,09/11/2019 10:07:00 AM,4,5,1,,N,716886,4,ANGLE,21,CLEAR,1,DAYLIGHT,12,MOTOR VEHICLE IN TRANSPORT,NOLENSVILLE PKE & WALLACE RD,NASHVILLE,TN,37211,8609,MIDTOW,36.0783,-86.726,POINT (-86.726 36.0783)
20190661196,09/05/2019 03:41:00 AM,1,0,0,,Y,240944,0,NOT COLLISION W/MOTOR VEHICLE-TRANSPORT,21,CLEAR,2,DARK - NOT LIGHTED,7,,HOBSON PKE & COUCHVILLE PKE,HERMITAGE,TN,37076,8909,SOUTH,36.1565,-86.7372,POINT (-86.7372 36.1565)
20190625033,08/21/2019 05:00:00 PM,3,0,0,,N,151132,11,Front to Rear,21,CLEAR,1,DAYLIGHT,12,MOTOR VEHICLE IN TRANSPORT,BRILEY PKWYW & BRICK CHURCH PKE,NASHVILLE,TN,37207,2014,MADISO,36.2384,-86.7816,POINT (-86.7816 36.2384)
20190721674,09/30/2019 03:41:00 PM,2,0,0,,N,240983,11,Front to Rear,21,CLEAR,1,DAYLIGHT,12,MOTOR VEHICLE IN TRANSPORT,MM 54 7 I 24,NASHVILLE,TN,37211,8602,SOUTH,36.0977,-86.7096,POINT (-86.7096 36.0977)
20190794860,10/31/2019 11:17:00 PM,1,1,0,,N,384444,0,NOT COLLISION W/MOTOR VEHICLE-TRANSPORT,21,CLEAR,3,DARK - LIGHTED,24;72,GUARDRAIL FACE;EMBANKMENT ROCK/STONE/CONCRETE,RIO VISTA DR & CHARTER VILLAGE APTS PVTD,MADISON,TN,37115,1713,MADISO,36.2685,-86.6826,POINT (-86.6826 36.2685)
20190834890,11/18/2019 06:56:00 AM,2,0,0,,N,226673,11,Front to Rear,21,CLEAR,1,DAYLIGHT,12,MOTOR VEHICLE IN TRANSPORT,MM 209 3 I 40,NASHVILLE,TN,37203,40041,CENTRA,36.1537,-86.7878,POINT (-86.7878 36.1537)
20190600551,08/12/2019 12:16:00 PM,2,0,0,,Y,716886,4,ANGLE,21,CLEAR,1,DAYLIGHT,12,MOTOR VEHICLE IN TRANSPORT,MURFREESBORO PKE & MOUNTAIN SPRINGS RD,ANTIOCH,TN,37013,8927,SOUTH,36.0478,-86.6121,POINT (-86.6121 36.0478)
20190629643,08/23/2019 08:00:00 AM,2,1,0,,N,311799,4,ANGLE,22,CLOUDY,1,DAYLIGHT,12,MOTOR VEHICLE IN TRANSPORT,GALLATIN PKEN & WILEY ST,MADISON,TN,37115,1707,MADISO,36.2692,-86.7106,POINT (-86.7106 36.2692)
20190803300,11/04/2019 06:20:00 PM,2,0,0,,N,384424,11,Front to Rear,21,CLEAR,3,DARK - LIGHTED,12,MOTOR VEHICLE IN TRANSPORT,S 1ST ST & VICTORY AV,NASHVILLE,TN,37213,1101,CENTRA,36.165,-86.7699,POINT (-86.7699 36.165)
20190706864,09/24/2019 08:55:00 AM,2,1,0,,N,226622,4,ANGLE,21,CLEAR,1,DAYLIGHT,12,MOTOR VEHICLE IN TRANSPORT,HOBBS RD & THE COMMONS DR,NASHVILLE,TN,37215,6115,WEST,36.1018,-86.8276,POINT (-86.8276 36.1018)
20190829675,11/15/2019 05:15:00 PM,2,0,0,,Y,151132,11,Front to Rear,21,CLEAR,3,DARK - LIGHTED,12,MOTOR VEHICLE IN TRANSPORT,DICKERSON PKE & WESTCHESTER DR,NASHVILLE,TN,37207,2043,MADISO,36.2632,-86.7573,POINT (-86.7573 36.2632)
20190845998,11/22/2019 12:01:00 PM,2,1,0,,N,226600,4,ANGLE,22,CLOUDY,1,DAYLIGHT,12,MOTOR VEHICLE IN TRANSPORT,HARDING PKE & ROYAL OAKS CONDOS PVTDR,NASHVILLE,TN,37205,6101,WEST,36.1235,-86.8497,POINT (-86.8497 36.1235)
20190814617,11/09/2019 08:03:00 AM,1,0,0,,N,279110,0,NOT COLLISION W/MOTOR VEHICLE-TRANSPORT,21,CLEAR,1,DAYLIGHT,50,DEER (ANIMAL),MCGAVOCK PKE & HARDING PL,NASHVILLE,TN,37217,8839,SOUTH,36.0915,-86.6857,POINT (-86.6857 36.0915)
20190701466,09/21/2019 10:22:00 PM,1,1,0,,N,197060,0,NOT COLLISION W/MOTOR VEHICLE-TRANSPORT,21,CLEAR,3,DARK - LIGHTED,36,CONCRETE TRAFFIC BARRIER,0 I 65,NASHVILLE,TN,37207,3002,NORTH,36.2047,-86.7767,POINT (-86.7767 36.2047)
20190739883,10/08/2019 01:27:00 PM,2,1,0,,N,109534,11,Front to Rear,21,CLEAR,1,DAYLIGHT,12,MOTOR VEHICLE IN TRANSPORT,MURFREESBORO PKE & BELL RD,ANTIOCH,TN,37013,8865,SOUTH,36.072,-86.636,POINT (-86.636 36.072)
20190729000,10/03/2019 12:07:00 PM,3,1,0,,Y,420059,11,Front to Rear,21,CLEAR,1,DAYLIGHT,12,MOTOR VEHICLE IN TRANSPORT,ELYSIAN FIELDS CT & NOLENSVILLE PKE,NASHVILLE,TN,37211,8415,SOUTH,36.087,-86.73,POINT (-86.73 36.087)
20190715241,09/27/2019 02:50:00 PM,2,0,0,,N,279224,11,Front to Rear,21,CLEAR,1,DAYLIGHT,12,MOTOR VEHICLE IN TRANSPORT,MM 49 5 I 24,NASHVILLE,TN,37210,4008,CENTRA,36.1588,-86.7604,POINT (-86.7604 36.1588)
20190921714,12/26/2019 01:42:00 PM,2,0,0,,Y,320575,5,SIDESWIPE - SAME DIRECTION,22,CLOUDY,1,DAYLIGHT,12,MOTOR VEHICLE IN TRANSPORT,MM 59 9 I 24,ANTIOCH,TN,37013,8704,SOUTH,36.041,-86.6518,POINT (-86.6518 36.041)
20190589786,08/08/2019 09:45:00 AM,2,0,0,,N,348631,5,SIDESWIPE - SAME DIRECTION,21,CLEAR,1,DAYLIGHT,12,MOTOR VEHICLE IN TRANSPORT,MM 212 0 I 40,NASHVILLE,TN,37210,90041,HERMIT,36.147,-86.7433,POINT (-86.7433 36.147)
20190602353,08/13/2019 06:44:00 AM,3,0,0,,N,226622,11,Front to Rear,21,CLEAR,1,DAYLIGHT,12,MOTOR VEHICLE IN TRANSPORT,MM 0 5 I 440,NASHVILLE,TN,37209,5232,WEST,36.1514,-86.8228,POINT (-86.8228 36.1514)
20190829052,11/15/2019 12:00:00 AM,2,0,0,,Y,311339,4,ANGLE,99,UNKNOWN,3,DARK - LIGHTED,14,PARKED MOTOR VEHICLE,BROADWAY & 3RD AVN,NASHVILLE,TN,37201,4105,CENTRA,36.1615,-86.776,POINT (-86.776 36.1615)
20190920157,12/25/2019 05:37:00 PM,2,0,0,,N,279224,16,Rear to Side,21,CLEAR,3,DARK - LIGHTED,14,PARKED MOTOR VEHICLE,GREENLAND AV & MCGAVOCK PKE,NASHVILLE,TN,37216,1447,EAST,36.2133,-86.7116,POINT (-86.7116 36.2133)
20190783365,10/27/2019 06:58:00 AM,3,0,0,,Y,571313,11,Front to Rear,2,RAIN,4,DAWN,14,PARKED MOTOR VEHICLE,VILLA PL & WEDGEWOOD AV,NASHVILLE,TN,37212,6619,MIDTOW,36.137,-86.7931,POINT (-86.7931 36.137)
20190754121,10/14/2019 04:27:00 PM,3,0,0,,Y,352178,11,Front to Rear,21,CLEAR,1,DAYLIGHT,12,MOTOR VEHICLE IN TRANSPORT,DR DB TODD JR BLVD & JACKSON ST,NASHVILLE,TN,37208,5409,NORTH,36.1659,-86.8052,POINT (-86.8052 36.1659)
20190770387,10/21/2019 02:30:00 PM,2,0,0,,N,579971,4,ANGLE,2,RAIN,1,DAYLIGHT,12,MOTOR VEHICLE IN TRANSPORT,MARTWAY DR & EDGE O LAKE DR,ANTIOCH,TN,37013,8891,SOUTH,36.0789,-86.6452,POINT (-86.6452 36.0789)
20190805681,11/05/2019 03:34:00 PM,2,0,0,,Y,240986,11,Front to Rear,21,CLEAR,1,DAYLIGHT,12,MOTOR VEHICLE IN TRANSPORT,MAIN ST & YEAMAN PL,NASHVILLE,TN,37206,1113,EAST,36.1734,-86.7639,POINT (-86.7639 36.1734)
20190724335,10/01/2019 04:21:00 PM,2,1,0,,N,330445,4,ANGLE,21,CLEAR,1,DAYLIGHT,12,MOTOR VEHICLE IN TRANSPORT,14TH AVN & CHARLOTTE AV,NASHVILLE,TN,37203,5501,MIDTOW,36.1608,-86.7937,POINT (-86.7937 36.1608)
20190867695,12/02/2019 05:30:00 PM,2,0,0,,N,352173,11,Front to Rear,21,CLEAR,3,DARK - LIGHTED,12,MOTOR VEHICLE IN TRANSPORT,DOVERSIDE DR & DICKERSON PKE,NASHVILLE,TN,37207,2011,MADISO,36.2557,-86.7552,POINT (-86.7552 36.2557)
20190860045,11/28/2019 08:31:00 PM,2,1,0,,Y,240983,4,ANGLE,2,RAIN,3,DARK - LIGHTED,12,MOTOR VEHICLE IN TRANSPORT,STATE HWY 254 & BLUE HOLE RD,ANTIOCH,TN,37013,8755,SOUTH,36.0459,-86.6753,POINT (-86.6753 36.0459)
20190725636,10/02/2019 06:39:00 AM,3,0,0,,N,352178,4,ANGLE,21,CLEAR,1,DAYLIGHT,12,MOTOR VEHICLE IN TRANSPORT,MM 32 2 I 24,JOELTON,TN,37080,23040,NORTH,36.3376,-86.9132,POINT (-86.9132 36.3376)
20190739555,10/08/2019 09:59:00 AM,2,0,0,,N,225773,5,SIDESWIPE - SAME DIRECTION,21,CLEAR,1,DAYLIGHT,12,MOTOR VEHICLE IN TRANSPORT,THOMPSON LN & FOSTER CREIGHTON DR,NASHVILLE,TN,37204,8305,MIDTOW,36.111,-86.754,POINT (-86.754 36.111)
20190767426,10/20/2019 03:00:00 AM,1,0,0,,N,240978,0,NOT COLLISION W/MOTOR VEHICLE-TRANSPORT,2,RAIN,3,DARK - LIGHTED,42;64,TREE;Ran Off Road-Left,RIVERWOOD DR & MURRAY PL,NASHVILLE,TN,37216,1511,EAST,36.2168,-86.7106,POINT (-86.7106 36.2168)
20190810040,11/07/2019 08:46:00 AM,2,0,0,,N,134899,11,Front to Rear,2,RAIN,1,DAYLIGHT,12,MOTOR VEHICLE IN TRANSPORT,I40 W ENT RAMP & I 40,NASHVILLE,TN,37210,9007,HERMIT,36.1484,-86.7454,POINT (-86.7454 36.1484)
20190838821,11/19/2019 05:36:00 PM,2,0,0,,N,298867,11,Front to Rear,21,CLEAR,3,DARK - LIGHTED,12,MOTOR VEHICLE IN TRANSPORT,MM 47 0 I 24,NASHVILLE,TN,37207,1910,CENTRA,36.1886,-86.7761,POINT (-86.7761 36.1886)
20190618177,08/19/2019 10:18:00 AM,1,1,0,,N,665896,0,NOT COLLISION W/MOTOR VEHICLE-TRANSPORT,21,CLEAR,1,DAYLIGHT,24,GUARDRAIL FACE,ELLINGTON PKWYS & SPRING ST ENT RAMP,NASHVILLE,TN,37207,19961,EAST,36.1766,-86.7658,POINT (-86.7658 36.1766)
20190822159,11/12/2019 04:40:00 PM,2,0,0,,N,352195,5,SIDESWIPE - SAME DIRECTION,21,CLEAR,1,DAYLIGHT,12,MOTOR VEHICLE IN TRANSPORT,ANDREW JACKSON PKWY & LEBANON PKE,HERMITAGE,TN,37076,9537,HERMIT,36.2146,-86.5977,POINT (-86.5977 36.2146)
20190587300,08/07/2019 01:36:00 PM,2,1,0,,N,714641,11,Front to Rear,21,CLEAR,1,DAYLIGHT,12,MOTOR VEHICLE IN TRANSPORT,SHELBY AV & I24 E EXT RAMP,NASHVILLE,TN,37213,1007,CENTRA,36.1664,-86.7654,POINT (-86.7654 36.1664)
20190844086,11/21/2019 05:27:00 PM,1,1,0,,N,320582,0,NOT COLLISION W/MOTOR VEHICLE-TRANSPORT,22,CLOUDY,3,DARK - LIGHTED,8,PEDESTRIAN,DICKERSON PKE & OLD TRINITY LN,NASHVILLE,TN,37207,1833,EAST,36.2064,-86.7684,POINT (-86.7684 36.2064)
20190928610,12/30/2019 02:13:00 AM,2,0,0,,N,206683,11,Front to Rear,22,CLOUDY,3,DARK - LIGHTED,12,MOTOR VEHICLE IN TRANSPORT,MM 57 6 I 24,ANTIOCH,TN,37013,87060,SOUTH,36.0629,-86.6829,POINT (-86.6829 36.0629)
20190872688,12/04/2019 01:39:00 PM,2,0,0,,Y,151132,5,SIDESWIPE - SAME DIRECTION,21,CLEAR,1,DAYLIGHT,12,MOTOR VEHICLE IN TRANSPORT,MM 91 7 I 65,MADISON,TN,37115,2006,MADISO,36.257,-86.7385,POINT (-86.7385 36.257)
20190929406,12/30/2019 10:07:00 AM,2,0,0,,N,544481,5,SIDESWIPE - SAME DIRECTION,21,CLEAR,1,DAYLIGHT,12,MOTOR VEHICLE IN TRANSPORT,GALLATIN PKE & BRILEY PKWY E EXT RAMP,NASHVILLE,TN,37216,1503,EAST,36.2338,-86.7248,POINT (-86.7248 36.2338)
20190791556,10/30/2019 02:07:00 PM,2,0,0,,N,179606,2,HEAD-ON,2,RAIN,1,DAYLIGHT,12,MOTOR VEHICLE IN TRANSPORT,MAGNOLIA BLVD & 17TH AVS,NASHVILLE,TN,37212,6611,MIDTOW,36.1355,-86.7972,POINT (-86.7972 36.1355)
20190599929,08/12/2019 08:39:00 AM,2,1,0,,N,137872,11,Front to Rear,21,CLEAR,1,DAYLIGHT,12,MOTOR VEHICLE IN TRANSPORT,OLD HICKORY BLVD & CENTRAL PKE,HERMITAGE,TN,37076,9561,HERMIT,36.1763,-86.5828,POINT (-86.5828 36.1763)
20190731168,10/04/2019 10:20:00 AM,1,0,0,,N,384449,0,NOT COLLISION W/MOTOR VEHICLE-TRANSPORT,99,UNKNOWN,1,DAYLIGHT,18,OTHER OBJECT (NOT FIXED),24TH AVN & BRANDAU PL,NASHVILLE,TN,37203,5623,MIDTOW,36.1499,-86.808,POINT (-86.808 36.1499)
20190813413,11/08/2019 06:07:00 PM,2,0,0,,N,279233,5,SIDESWIPE - SAME DIRECTION,21,CLEAR,3,DARK - LIGHTED,12,MOTOR VEHICLE IN TRANSPORT,CHARLOTTE AV & 49TH AVN,NASHVILLE,TN,37209,5129,WEST,36.1521,-86.8463,POINT (-86.8463 36.1521)
20190823797,11/13/2019 08:05:00 AM,2,0,0,,N,384398,5,SIDESWIPE - SAME DIRECTION,21,CLEAR,1,DAYLIGHT,12,MOTOR VEHICLE IN TRANSPORT,LAVERGNE COUCHVILLE PKE & MURFREESBORO P,ANTIOCH,TN,37013,8967,SOUTH,36.0288,-86.5901,POINT (-86.5901 36.0288)
20190900406,12/16/2019 02:50:00 PM,2,1,0,,Y,429193,4,ANGLE,2,RAIN,1,DAYLIGHT,12;18;33,MOTOR VEHICLE IN TRANSPORT;OTHER OBJECT (NOT FIXED);CURB,CHARLOTTE PKE & HILLWOOD BLVD,NASHVILLE,TN,37209,5021,WEST,36.138,-86.8819,POINT (-86.8819 36.138)
20190709990,09/25/2019 12:51:00 PM,2,0,0,,N,384403,11,Front to Rear,21,CLEAR,1,DAYLIGHT,12,MOTOR VEHICLE IN TRANSPORT,EDMONDSON PKE & NOLENSVILLE PKE,NASHVILLE,TN,37211,8661,MIDTOW,36.0771,-86.7256,POINT (-86.7256 36.0771)
20190621972,08/20/2019 03:41:00 PM,2,2,0,,N,169425,4,ANGLE,21,CLEAR,1,DAYLIGHT,12,MOTOR VEHICLE IN TRANSPORT,WEDGEWOOD AV & MAGNOLIA BLVD,NASHVILLE,TN,37212,6619,MIDTOW,36.1366,-86.7952,POINT (-86.7952 36.1366)
20190809840,11/07/2019 07:30:00 AM,2,0,0,,N,169421,11,Front to Rear,2,RAIN,1,DAYLIGHT,12,MOTOR VEHICLE IN TRANSPORT,CLARKSVILLE PKE & CREASY DR,JOELTON,TN,37080,3329,NORTH,36.3147,-86.8841,POINT (-86.8841 36.3147)
20190905121,12/18/2019 10:22:00 AM,2,0,0,,N,225768,11,Front to Rear,22,CLOUDY,1,DAYLIGHT,12,MOTOR VEHICLE IN TRANSPORT,2ND AVS & PEABODY ST,NASHVILLE,TN,37201,4047,CENTRA,36.1568,-86.7719,POINT (-86.7719 36.1568)
20190704382,09/23/2019 12:00:00 AM,1,0,0,Y,Y,226622,0,NOT COLLISION W/MOTOR VEHICLE-TRANSPORT,99,UNKNOWN,9,UNKNOWN,41;63;71,SHRUBBERY;Ran Off Road-Right;EMBANKMENT EARTH,SUMMERLY DR & CHARLOTTE PKE,NASHVILLE,TN,37209,5021,WEST,36.1311,-86.881,POINT (-86.881 36.1311)
20190875813,12/05/2019 06:59:00 PM,2,1,0,,N,151132,4,ANGLE,21,CLEAR,3,DARK - LIGHTED,12,MOTOR VEHICLE IN TRANSPORT,TWIN HILLS DR & GALLATIN PKEN,MADISON,TN,37115,1731,MADISO,36.3021,-86.6927,POINT (-86.6927 36.3021)
20190751368,10/13/2019 11:40:00 AM,2,0,0,,N,352192,11,Front to Rear,21,CLEAR,1,DAYLIGHT,12,MOTOR VEHICLE IN TRANSPORT,OLD HICKORY BLVD & CHICKERING CIR,NASHVILLE,TN,37221,6215,WEST,36.0512,-86.8831,POINT (-86.8831 36.0512)
20190757162,10/15/2019 08:12:00 PM,1,0,0,,N,151132,0,NOT COLLISION W/MOTOR VEHICLE-TRANSPORT,21,CLEAR,2,DARK - NOT LIGHTED,50,DEER (ANIMAL),DUE WEST AVN & DUE WEST VALLEY DR,MADISON,TN,37115,2017,MADISO,36.2552,-86.7479,POINT (-86.7479 36.2552)
20190705786,09/23/2019 10:45:00 PM,1,0,0,,N,226175,0,NOT COLLISION W/MOTOR VEHICLE-TRANSPORT,21,CLEAR,2,DARK - NOT LIGHTED,50,DEER (ANIMAL),CHARLOTTE PKE & HIGHWAY 70S,NASHVILLE,TN,37221,4709,WEST,36.0918,-86.98,POINT (-86.98 36.0918)
20190812530,11/08/2019 12:00:00 AM,2,0,0,,Y,320601,9,UNKNOWN,21,CLEAR,9,UNKNOWN,14,PARKED MOTOR VEHICLE,TIBBS DR & TIBBS CT,NASHVILLE,TN,37211,8435,SOUTH,36.0942,-86.7322,POINT (-86.7322 36.0942)
20190916019,12/23/2019 12:10:00 PM,3,1,0,,N,225886,11,Front to Rear,21,CLEAR,1,DAYLIGHT,12,MOTOR VEHICLE IN TRANSPORT,SHUTE LN & SAUNDERSVILLE RD,OLD HICKORY,TN,37138,9717,HERMIT,36.2267,-86.6032,POINT (-86.6032 36.2267)
20190745160,10/10/2019 03:20:00 PM,3,1,0,,N,320577,11,Front to Rear,21,CLEAR,1,DAYLIGHT,12,MOTOR VEHICLE IN TRANSPORT,MM 81 1 I 65,NASHVILLE,TN,37204,80040,MIDTOW,36.1313,-86.7738,POINT (-86.7738 36.1313)