Accident Number,Date and Time,Number of Motor Vehicles,Number of Injuries,Number of Fatalities,Property Damage,Hit and Run,Reporting Officer,Collision Type Code,Collision Type Description,Weather Code,Weather Description,Illumination Code,Illumination Description,Harmful Code,Harmful Code Description,Street Address,City,State,ZIP,RPA,Precinct,Latitude,Longitude,Mapped Location
20190805851,11/05/2019 05:47:00 PM,2,1,0,,N,384449,5,SIDESWIPE - SAME DIRECTION,21,CLEAR,1,DAYLIGHT,12,MOTOR VEHICLE IN TRANSPORT,STATE HWY 265 & TULIP GROVE RD,HERMITAGE,TN,37076,9557,HERMIT,36.1725,-86.5949,POINT (-86.5949 36.1725)
20190610700,08/16/2019 07:45:00 AM,2,0,0,,N,262766,11,Front to Rear,21,CLEAR,1,DAYLIGHT,12,MOTOR VEHICLE IN TRANSPORT,HIGHWAY 70S & OLD HARDING PKE,NASHVILLE,TN,37221,4901,WEST,36.0743,-86.9215,POINT (-86.9215 36.0743)
20190904809,12/18/2019 08:06:00 AM,2,1,0,,N,474557,11,Front to Rear,22,CLOUDY,1,DAYLIGHT,12,MOTOR VEHICLE IN TRANSPORT,NOLENSVILLE PKE & HARDING PL,NASHVILLE,TN,37211,8445,SOUTH,36.0809,-86.7267,POINT (-86.7267 36.0809)
20190606557,08/14/2019 04:57:00 PM,1,0,0,,N,299257,0,NOT COLLISION W/MOTOR VEHICLE-TRANSPORT,21,CLEAR,1,DAYLIGHT,9,,SOUTHGATE AV & RAINS AV,NASHVILLE,TN,37203,8019,MIDTOW,36.1358,-86.7655,POINT (-86.7655 36.1358)
20190851831,11/25/2019 07:47:00 AM,3,0,0,,Y,405447,11,Front to Rear,21,CLEAR,1,DAYLIGHT,12,MOTOR VEHICLE IN TRANSPORT,MM 75 1 I 65,BRENTWOOD,TN,37027,86040,MIDTOW,36.0452,-86.7791,POINT (-86.7791 36.0452)
20190675397,09/11/2019 07:33:00 AM,2,0,0,,N,299243,11,Front to Rear,21,CLEAR,1,DAYLIGHT,12,MOTOR VEHICLE IN TRANSPORT,MM 48 9 I 24,NASHVILLE,TN,37213,1104,CENTRA,36.1676,-86.7656,POINT (-86.7656 36.1676)
20190703014,09/22/2019 07:20:00 PM,2,0,0,,N,161939,11,Front to Rear,21,CLEAR,2,DARK - NOT LIGHTED,55,Motor Vehicle-In-Motion Outside Trafficw,MM 61 4 I 24,ANTIOCH,TN,37013,87040,SOUTH,36.0259,-86.6335,POINT (-86.6335 36.0259)
20190930590,12/30/2019 10:43:00 PM,2,0,0,,Y,109531,6,SIDESWIPE - OPPOSITE DIRECTION,21,CLEAR,3,DARK - LIGHTED,12,MOTOR VEHICLE IN TRANSPORT,GALLATIN AV & W EASTLAND AV,NASHVILLE,TN,37206,1243,EAST,36.1836,-86.7485,POINT (-86.7485 36.1836)
20190744521,10/10/2019 09:50:00 AM,2,0,0,,N,462474,11,Front to Rear,22,CLOUDY,1,DAYLIGHT,12,MOTOR VEHICLE IN TRANSPORT,EDMONDSON PKE & DERBY TRC,NASHVILLE,TN,37211,8653,MIDTOW,36.0442,-86.7441,POINT (-86.7441 36.0442)
20190931956,12/31/2019 01:46:00 PM,2,1,0,,N,473670,11,Front to Rear,21,CLEAR,1,DAYLIGHT,12,MOTOR VEHICLE IN TRANSPORT,ELLINGTON PKWYN & HART LN,NASHVILLE,TN,37216,1894,EAST,36.2177,-86.7474,POINT (-86.7474 36.2177)
20190614111,08/17/2019 04:04:00 PM,3,0,0,,N,256446,11,Front to Rear,21,CLEAR,1,DAYLIGHT,12,MOTOR VEHICLE IN TRANSPORT,NOLENSVILLE RD & BURKITT RD,NOLENSVILLE,TN,37135,8773,SOUTH,35.9912,-86.6835,POINT (-86.6835 35.9912)
20190623804,08/21/2019 07:46:00 AM,2,0,0,,N,206962,5,SIDESWIPE - SAME DIRECTION,21,CLEAR,1,DAYLIGHT,12,MOTOR VEHICLE IN TRANSPORT,ANDERSON LN & US HWY 31E,MADISON,TN,37115,1761,MADISO,36.2735,-86.7101,POINT (-86.7101 36.2735)
20190704564,09/23/2019 11:56:00 AM,2,0,0,,N,807344,4,ANGLE,22,CLOUDY,1,DAYLIGHT,12,MOTOR VEHICLE IN TRANSPORT,8TH AVS & LAFAYETTE ST,NASHVILLE,TN,37203,4043,CENTRA,36.1546,-86.7792,POINT (-86.7792 36.1546)
20190747721,10/11/2019 03:28:00 PM,2,0,0,,N,279116,4,ANGLE,2,RAIN,1,DAYLIGHT,12,MOTOR VEHICLE IN TRANSPORT,NOLENSVILLE PKE & CRAIGHEAD ST,NASHVILLE,TN,37210,8125,SOUTH,36.1338,-86.7588,POINT (-86.7588 36.1338)
20190780301,10/25/2019 03:21:00 PM,2,0,0,,N,352155,4,ANGLE,2,RAIN,1,DAYLIGHT,12,MOTOR VEHICLE IN TRANSPORT,EWING DR & GWYNNWOOD DR,NASHVILLE,TN,37207,3029,NORTH,36.2315,-86.7925,POINT (-86.7925 36.2315)
20190826295,11/14/2019 09:00:00 AM,2,0,0,,N,553957,5,SIDESWIPE - SAME DIRECTION,22,CLOUDY,1,DAYLIGHT,12,MOTOR VEHICLE IN TRANSPORT,MM 220 8 I 40,HERMITAGE,TN,37076,89042,HERMIT,36.1701,-86.6013,POINT (-86.6013 36.1701)
20190728444,10/03/2019 08:13:00 AM,2,0,0,,N,352202,11,Front to Rear,21,CLEAR,1,DAYLIGHT,12,MOTOR VEHICLE IN TRANSPORT,I40 W ENT RAMP & I 40,NASHVILLE,TN,37210,9007,HERMIT,36.1484,-86.7454,POINT (-86.7454 36.1484)
20190694013,09/18/2019 08:05:00 PM,2,0,0,,N,240983,11,Front to Rear,21,CLEAR,2,DARK - NOT LIGHTED,12,MOTOR VEHICLE IN TRANSPORT,MM 58 7 I 24,ANTIOCH,TN,37013,8808,SOUTH,36.0513,-86.6692,POINT (-86.6692 36.0513)
20190899655,12/16/2019 07:49:00 AM,2,0,0,,N,109534,11,Front to Rear,2,RAIN,1,DAYLIGHT,12,MOTOR VEHICLE IN TRANSPORT,LEBANON PKE & OLD HICKORY BLVD,HERMITAGE,TN,37076,9613,HERMIT,36.1756,-86.6154,POINT (-86.6154 36.1756)
20190780082,10/25/2019 01:25:00 PM,2,1,0,,Y,799013,4,ANGLE,22,CLOUDY,1,DAYLIGHT,12,MOTOR VEHICLE IN TRANSPORT,OPRY MILLS DR & GAYLORD DR,NASHVILLE,TN,37214,9209,HERMIT,36.1976,-86.6915,POINT (-86.6915 36.1976)
20190687505,09/16/2019 10:33:00 AM,2,5,1,,N,594473,4,ANGLE,21,CLEAR,1,DAYLIGHT,12,MOTOR VEHICLE IN TRANSPORT,HARDING PL & SIDCO DR,NASHVILLE,TN,37220,8601,MIDTOW,36.0819,-86.7612,POINT (-86.7612 36.0819)
20190790871,10/30/2019 08:10:00 AM,3,3,0,,N,352198,11,Front to Rear,2,RAIN,1,DAYLIGHT,12,MOTOR VEHICLE IN TRANSPORT,MM 90 9 I 65,MADISON,TN,37115,20044,MADISO,36.2468,-86.7444,POINT (-86.7444 36.2468)
20190903137,12/17/2019 04:35:00 PM,2,0,0,,N,279211,11,Front to Rear,21,CLEAR,1,DAYLIGHT,12,MOTOR VEHICLE IN TRANSPORT,I65 S EXT RAMP & I 65,MADISON,TN,37115,20044,MADISO,36.2481,-86.743,POINT (-86.743 36.2481)
20190903466,12/17/2019 06:42:00 PM,2,0,0,,Y,240955,6,SIDESWIPE - OPPOSITE DIRECTION,21,CLEAR,2,DARK - NOT LIGHTED,12,MOTOR VEHICLE IN TRANSPORT,MT VIEW RD & LEATHERBURY CT,ANTIOCH,TN,37013,8977,SOUTH,36.0708,-86.5916,POINT (-86.5916 36.0708)
20190624329,08/21/2019 11:27:00 AM,2,0,0,,N,225773,5,SIDESWIPE - SAME DIRECTION,21,CLEAR,1,DAYLIGHT,12,MOTOR VEHICLE IN TRANSPORT,POWELL AV & ARMORY OAKS DR,NASHVILLE,TN,37204,8525,MIDTOW,36.1035,-86.7627,POINT (-86.7627 36.1035)
20190581904,08/05/2019 03:19:00 PM,2,0,0,,N,256380,11,Front to Rear,21,CLEAR,1,DAYLIGHT,12,MOTOR VEHICLE IN TRANSPORT,11TH AVN & WALSH ST,NASHVILLE,TN,37208,4439,NORTH,36.1896,-86.8083,POINT (-86.8083 36.1896)
20190643025,08/28/2019 06:02:00 PM,2,0,0,,N,256383,11,Front to Rear,21,CLEAR,1,DAYLIGHT,12,MOTOR VEHICLE IN TRANSPORT,I24 E ENT RAMP & I 24,NASHVILLE,TN,37213,1007,CENTRA,36.1662,-86.7659,POINT (-86.7659 36.1662)
20190630022,08/23/2019 10:55:00 AM,2,1,0,,N,462474,6,SIDESWIPE - OPPOSITE DIRECTION,22,CLOUDY,1,DAYLIGHT,12,MOTOR VEHICLE IN TRANSPORT,HILL RD & WOODRIDGE CT,NASHVILLE,TN,37220,8615,MIDTOW,36.0431,-86.7528,POINT (-86.7528 36.0431)
20190664985,09/06/2019 04:21:00 PM,2,2,0,Y,N,887598,4,ANGLE,21,CLEAR,1,DAYLIGHT,12;47,MOTOR VEHICLE IN TRANSPORT;FIRE HYDRANT,EWING DR & GWYNNWOOD DR,NASHVILLE,TN,37207,3029,NORTH,36.2315,-86.7925,POINT (-86.7925 36.2315)
20190704756,09/23/2019 01:31:00 PM,2,1,0,,N,311799,5,SIDESWIPE - SAME DIRECTION,21,CLEAR,1,DAYLIGHT,12;36,MOTOR VEHICLE IN TRANSPORT;CONCRETE TRAFFIC BARRIER,MM 90 7 I 65,MADISON,TN,37115,20044,MADISO,36.2444,-86.7473,POINT (-86.7473 36.2444)
20190752177,10/13/2019 11:13:00 PM,1,0,0,,N,330433,0,NOT COLLISION W/MOTOR VEHICLE-TRANSPORT,21,CLEAR,2,DARK - NOT LIGHTED,50,DEER (ANIMAL),SPRINGFIELD HWY & GAYLEMORE DR,GOODLETTSVILLE,TN,37072,2219,MADISO,36.3648,-86.733,POINT (-86.733 36.3648)
20190737813,10/07/2019 04:46:00 PM,2,0,0,,N,279208,4,ANGLE,22,CLOUDY,1,DAYLIGHT,12,MOTOR VEHICLE IN TRANSPORT,WEDGEWOOD AV & 21ST AVS,NASHVILLE,TN,37212,5825,MIDTOW,36.1376,-86.8008,POINT (-86.8008 36.1376)
20190726657,10/02/2019 02:45:00 PM,2,0,0,,N,279214,11,Front to Rear,21,CLEAR,1,DAYLIGHT,12,MOTOR VEHICLE IN TRANSPORT,BRIGHTWOOD AV & LOMBARDY AV,NASHVILLE,TN,37215,6419,MIDTOW,36.1177,-86.8012,POINT (-86.8012 36.1177)
20190729399,10/03/2019 04:00:00 PM,2,1,0,,N,299253,11,Front to Rear,21,CLEAR,1,DAYLIGHT,12,MOTOR VEHICLE IN TRANSPORT,I65 N EXT RAMP & I65 N ENT RAMP,NASHVILLE,TN,37207,1863,EAST,36.2061,-86.774,POINT (-86.774 36.2061)
20190826357,11/14/2019 09:30:00 AM,2,0,0,,Y,607049,11,Front to Rear,21,CLEAR,1,DAYLIGHT,12,MOTOR VEHICLE IN TRANSPORT,MM 93 3 I 65,MADISON,TN,37115,17062,MADISO,36.2795,-86.7339,POINT (-86.7339 36.2795)
20190611554,08/16/2019 02:15:00 PM,2,0,0,,N,320577,5,SIDESWIPE - SAME DIRECTION,21,CLEAR,1,DAYLIGHT,12,MOTOR VEHICLE IN TRANSPORT,I65 N ENT RAMP & I 65,NASHVILLE,TN,37207,1829,EAST,36.209,-86.7759,POINT (-86.7759 36.209)
20190632633,08/24/2019 11:16:00 AM,2,0,0,,N,620072,11,Front to Rear,22,CLOUDY,1,DAYLIGHT,12,MOTOR VEHICLE IN TRANSPORT,BLAKEMORE AVE & US HWY 431,NASHVILLE,TN,37212,5825,MIDTOW,36.1376,-86.8008,POINT (-86.8008 36.1376)
20190719157,09/29/2019 11:30:00 AM,2,1,0,,N,607049,11,Front to Rear,21,CLEAR,1,DAYLIGHT,12,MOTOR VEHICLE IN TRANSPORT,OLD HICKORY BLVDW & HERITAGE DR,MADISON,TN,37115,1749,MADISO,36.2641,-86.7242,POINT (-86.7242 36.2641)
20190621652,08/20/2019 01:13:00 PM,2,0,0,,N,191578,5,SIDESWIPE - SAME DIRECTION,21,CLEAR,1,DAYLIGHT,12,MOTOR VEHICLE IN TRANSPORT,MM 212 1 I 40,NASHVILLE,TN,37210,90041,HERMIT,36.1463,-86.7422,POINT (-86.7422 36.1463)
20190762178,10/17/2019 07:04:00 PM,2,0,0,,Y,212343,5,SIDESWIPE - SAME DIRECTION,21,CLEAR,3,DARK - LIGHTED,12,MOTOR VEHICLE IN TRANSPORT,CHARLOTTE AV & 11TH AVN,NASHVILLE,TN,37203,4205,CENTRA,36.1627,-86.7894,POINT (-86.7894 36.1627)
20190670514,09/09/2019 10:45:00 AM,2,0,0,,N,676834,4,ANGLE,21,CLEAR,1,DAYLIGHT,12,MOTOR VEHICLE IN TRANSPORT,DR D B TODD JR BLVD & BUCHANAN ST,NASHVILLE,TN,37208,4413,NORTH,36.1805,-86.8112,POINT (-86.8112 36.1805)
20190679150,09/12/2019 04:15:00 PM,2,0,0,,N,352156,4,ANGLE,21,CLEAR,1,DAYLIGHT,12,MOTOR VEHICLE IN TRANSPORT,DREWRY DR & WAIKIKI BLVD,ANTIOCH,TN,37013,8855,SOUTH,36.0686,-86.6762,POINT (-86.6762 36.0686)
20190747451,10/11/2019 01:43:00 PM,2,0,0,,N,109534,11,Front to Rear,22,CLOUDY,1,DAYLIGHT,12,MOTOR VEHICLE IN TRANSPORT,BELL RD PVTDR & BELL RD,NASHVILLE,TN,37214,8959,HERMIT,36.1556,-86.6221,POINT (-86.6221 36.1556)
20190914934,12/22/2019 11:10:00 PM,2,0,0,,N,298859,4,ANGLE,2,RAIN,2,DARK - NOT LIGHTED,12,MOTOR VEHICLE IN TRANSPORT,ELM HILL PKE & TIMBER VALLEY DR,NASHVILLE,TN,37214,8991,HERMIT,36.1419,-86.64,POINT (-86.64 36.1419)
20190735444,10/06/2019 10:25:00 AM,1,0,0,,N,299243,0,NOT COLLISION W/MOTOR VEHICLE-TRANSPORT,2,RAIN,1,DAYLIGHT,36,CONCRETE TRAFFIC BARRIER,MM 208 8 I 40,NASHVILLE,TN,37203,4102,CENTRA,36.1597,-86.7923,POINT (-86.7923 36.1597)
20190826130,11/14/2019 07:32:00 AM,4,3,0,,N,320595,11,Front to Rear,21,CLEAR,1,DAYLIGHT,12,MOTOR VEHICLE IN TRANSPORT,DONELSON PKE & I40 W EXT RAMP,NASHVILLE,TN,37214,9103,HERMIT,36.1415,-86.6666,POINT (-86.6666 36.1415)
20190845522,11/22/2019 08:19:00 AM,2,0,0,,N,507813,11,Front to Rear,2,RAIN,1,DAYLIGHT,12,MOTOR VEHICLE IN TRANSPORT,US HWY 31E & JEWELL ST,NASHVILLE,TN,37207,18981,EAST,36.1987,-86.7518,POINT (-86.7518 36.1987)
20190698119,09/20/2019 10:38:00 AM,2,1,0,,N,225773,11,Front to Rear,21,CLEAR,1,DAYLIGHT,12,MOTOR VEHICLE IN TRANSPORT,WOODMONT BLVD & HOPKINS ST,NASHVILLE,TN,37215,6413,MIDTOW,36.1136,-86.8062,POINT (-86.8062 36.1136)
20190810364,11/07/2019 12:20:00 PM,1,1,0,,N,311325,0,NOT COLLISION W/MOTOR VEHICLE-TRANSPORT,2,RAIN,1,DAYLIGHT,24,GUARDRAIL FACE,MM 213 0 I 40,NASHVILLE,TN,37210,8219,HERMIT,36.1407,-86.7323,POINT (-86.7323 36.1407)
20190880248,12/07/2019 07:15:00 PM,2,0,0,,N,580819,5,SIDESWIPE - SAME DIRECTION,21,CLEAR,3,DARK - LIGHTED,12,MOTOR VEHICLE IN TRANSPORT,5TH AVS & BROADWAY,NASHVILLE,TN,37203,4089,CENTRA,36.1605,-86.7784,POINT (-86.7784 36.1605)
20190628262,08/22/2019 07:45:00 PM,2,0,0,,N,256386,11,Front to Rear,22,CLOUDY,1,DAYLIGHT,12,MOTOR VEHICLE IN TRANSPORT,STEWARTS FERRY PKE & I40 E ENT RAMP,NASHVILLE,TN,37214,8955,HERMIT,36.1545,-86.6262,POINT (-86.6262 36.1545)
20190915965,12/18/2019 07:00:00 AM,2,0,0,,Y,320574,9,UNKNOWN,99,UNKNOWN,9,UNKNOWN,14,PARKED MOTOR VEHICLE,1100 COARSEY DR,NASHVILLE,TN,37217,8821,HERMIT,36.1251,-86.705,POINT (-86.705 36.1251)
20190835402,11/18/2019 12:00:00 AM,2,0,0,,N,429205,6,SIDESWIPE - OPPOSITE DIRECTION,22,CLOUDY,1,DAYLIGHT,12,MOTOR VEHICLE IN TRANSPORT,MURFREESBORO PKE & MILL CREEK RD,NASHVILLE,TN,37211,8803,SOUTH,36.1288,-86.7138,POINT (-86.7138 36.1288)
20190798525,11/02/2019 02:09:00 PM,2,0,0,,N,405418,4,ANGLE,21,CLEAR,1,DAYLIGHT,12,MOTOR VEHICLE IN TRANSPORT,NOLENSVILLE PKE & FLORA MAXWELL RD,NASHVILLE,TN,37211,8701,SOUTH,36.0751,-86.7249,POINT (-86.7249 36.0751)
20190717081,09/28/2019 09:35:00 AM,2,0,0,,N,109495,4,ANGLE,21,CLEAR,1,DAYLIGHT,12,MOTOR VEHICLE IN TRANSPORT,15TH AVS & DELMAR AV,NASHVILLE,TN,37212,6603,MIDTOW,36.1297,-86.7924,POINT (-86.7924 36.1297)
20190686121,09/15/2019 04:58:00 PM,2,0,0,,N,298858,5,SIDESWIPE - SAME DIRECTION,21,CLEAR,1,DAYLIGHT,12,MOTOR VEHICLE IN TRANSPORT,12TH AVS & MCGAVOCK ST,NASHVILLE,TN,37203,4079,CENTRA,36.1556,-86.7868,POINT (-86.7868 36.1556)
20190749419,10/12/2019 11:00:00 AM,2,0,0,,N,352174,4,ANGLE,21,CLEAR,1,DAYLIGHT,12,MOTOR VEHICLE IN TRANSPORT,HILLSBORO PKE & HAMPTON AV,NASHVILLE,TN,37215,6013,WEST,36.1161,-86.8106,POINT (-86.8106 36.1161)
20190627434,08/22/2019 01:30:00 PM,2,0,0,,Y,109534,11,Front to Rear,21,CLEAR,1,DAYLIGHT,12;99,MOTOR VEHICLE IN TRANSPORT;UNKNOWN MOST HARMFUL EVENT,MURFREESBORO PKE & MARTWAY DR,ANTIOCH,TN,37013,8891,SOUTH,36.0783,-86.643,POINT (-86.643 36.0783)
20190786946,10/28/2019 07:23:00 PM,2,0,0,,Y,352197,4,ANGLE,21,CLEAR,3,DARK - LIGHTED,12,MOTOR VEHICLE IN TRANSPORT,STANFORD VILLAGE DR & STANFORD VILLAGE C,ANTIOCH,TN,37013,8759,SOUTH,36.0223,-86.6862,POINT (-86.6862 36.0223)
20190819918,11/11/2019 08:54:00 PM,1,0,0,Y,N,429193,0,NOT COLLISION W/MOTOR VEHICLE-TRANSPORT,2,RAIN,2,DARK - NOT LIGHTED,33,CURB,SAWYER BROWN RD & TODD PREIS DR,NASHVILLE,TN,37221,4811,WEST,36.0712,-86.9471,POINT (-86.9471 36.0712)
20190785572,10/28/2019 05:45:00 AM,1,1,0,,Y,225950,0,NOT COLLISION W/MOTOR VEHICLE-TRANSPORT,99,UNKNOWN,7,Dark-Unknown Lighting,9,,BLAKEMORE AV & 26TH AVS,NASHVILLE,TN,37212,5821,MIDTOW,36.1384,-86.8086,POINT (-86.8086 36.1384)
20190707122,09/24/2019 11:04:00 AM,3,0,0,,N,320586,5,SIDESWIPE - SAME DIRECTION,21,CLEAR,1,DAYLIGHT,12,MOTOR VEHICLE IN TRANSPORT,NOLENSVILLE PKE & PARAGON MILLS RD,NASHVILLE,TN,37211,8421,SOUTH,36.0848,-86.7281,POINT (-86.7281 36.0848)
20190701438,09/21/2019 10:07:00 PM,2,2,0,,N,161946,11,Front to Rear,21,CLEAR,3,DARK - LIGHTED,12,MOTOR VEHICLE IN TRANSPORT,GALLATIN AV & GALLATIN PKE,NASHVILLE,TN,37216,1401,EAST,36.197,-86.7421,POINT (-86.7421 36.197)
20190861101,11/29/2019 11:27:00 AM,2,0,0,,N,834798,11,Front to Rear,21,CLEAR,1,DAYLIGHT,12,MOTOR VEHICLE IN TRANSPORT,MM 5 3 I 440,NASHVILLE,TN,37204,81061,MIDTOW,36.1194,-86.7669,POINT (-86.7669 36.1194)
20190676601,09/11/2019 04:00:00 PM,2,0,0,,Y,299238,11,Front to Rear,21,CLEAR,1,DAYLIGHT,12;14,MOTOR VEHICLE IN TRANSPORT;PARKED MOTOR VEHICLE,FOSTER ST & LISCHEY AV,NASHVILLE,TN,37207,1979,EAST,36.1786,-86.7651,POINT (-86.7651 36.1786)
20190593314,08/09/2019 01:40:00 PM,2,2,0,,N,420040,11,Front to Rear,22,CLOUDY,1,DAYLIGHT,12,MOTOR VEHICLE IN TRANSPORT,CHURCH ST & 14TH AVN,NASHVILLE,TN,37203,5517,MIDTOW,36.1579,-86.7916,POINT (-86.7916 36.1579)
20190839336,11/19/2019 10:25:00 PM,3,0,0,,N,717341,11,Front to Rear,21,CLEAR,3,DARK - LIGHTED,12,MOTOR VEHICLE IN TRANSPORT,MM 53 0 I 24,NASHVILLE,TN,37210,8302,SOUTH,36.1189,-86.7264,POINT (-86.7264 36.1189)
20190758174,10/16/2019 06:33:00 AM,2,0,0,,N,109534,11,Front to Rear,22,CLOUDY,3,DARK - LIGHTED,12,MOTOR VEHICLE IN TRANSPORT,BRILEY PKWY N ENT RAMP & BRILEY PKWYN,NASHVILLE,TN,37209,45065,WEST,36.1584,-86.8635,POINT (-86.8635 36.1584)
20190848936,11/23/2019 07:42:00 PM,2,0,0,,N,330415,4,ANGLE,2,RAIN,3,DARK - LIGHTED,12,MOTOR VEHICLE IN TRANSPORT,0 13TH AVE S,NASHVILLE,TN,37203,4081,CENTRA,36.1541,-86.7876,POINT (-86.7876 36.1541)
20190799393,11/02/2019 11:45:00 PM,1,0,0,,N,330411,0,NOT COLLISION W/MOTOR VEHICLE-TRANSPORT,21,CLEAR,2,DARK - NOT LIGHTED,50,DEER (ANIMAL),BRILEY PKWYW & BRILEY PKWYE,NASHVILLE,TN,37218,3216,NORTH,36.2254,-86.8638,POINT (-86.8638 36.2254)
20190593191,08/09/2019 01:36:00 PM,3,1,0,,N,306231,11,Front to Rear,21,CLEAR,1,DAYLIGHT,12,MOTOR VEHICLE IN TRANSPORT,MM 208 0 I 40,NASHVILLE,TN,37208,54022,NORTH,36.1707,-86.7983,POINT (-86.7983 36.1707)
20190583569,08/06/2019 07:00:00 AM,2,0,0,,N,226622,11,Front to Rear,21,CLEAR,1,DAYLIGHT,12,MOTOR VEHICLE IN TRANSPORT,HIGHWAY 70S & COLEY DAVIS RD,NASHVILLE,TN,37221,4811,WEST,36.0796,-86.9536,POINT (-86.9536 36.0796)
20190693783,09/18/2019 05:37:00 PM,2,0,0,,N,197068,4,ANGLE,21,CLEAR,1,DAYLIGHT,12,MOTOR VEHICLE IN TRANSPORT,BROADWAY & 9TH AVN,NASHVILLE,TN,37203,4083,CENTRA,36.1586,-86.7828,POINT (-86.7828 36.1586)
20190874605,12/05/2019 07:36:00 AM,1,0,0,Y,N,110092,0,NOT COLLISION W/MOTOR VEHICLE-TRANSPORT,21,CLEAR,1,DAYLIGHT,18,OTHER OBJECT (NOT FIXED),SMITH SPRINGS PKWY & CHESHIRE PASS,ANTIOCH,TN,37013,8977,SOUTH,36.0706,-86.5869,POINT (-86.5869 36.0706)
20190898929,12/15/2019 10:27:00 PM,2,2,0,,N,279203,11,Front to Rear,21,CLEAR,2,DARK - NOT LIGHTED,12,MOTOR VEHICLE IN TRANSPORT,CHURCH ST & GEORGE L DAVIS BLVD,NASHVILLE,TN,37203,4119,CENTRA,36.1587,-86.79,POINT (-86.79 36.1587)
20190627983,08/22/2019 05:51:00 PM,2,0,0,,N,240979,4,ANGLE,2,RAIN,1,DAYLIGHT,12,MOTOR VEHICLE IN TRANSPORT,OLD HICKORY BLVDW & GIBSON DR,MADISON,TN,37115,1773,MADISO,36.2637,-86.7182,POINT (-86.7182 36.2637)
20190724593,10/01/2019 07:31:00 PM,2,0,0,,N,151132,11,Front to Rear,21,CLEAR,3,DARK - LIGHTED,12,MOTOR VEHICLE IN TRANSPORT,GALLATIN PKES & WOODRUFF ST,MADISON,TN,37115,1605,MADISO,36.2599,-86.7131,POINT (-86.7131 36.2599)
20190804858,11/05/2019 08:50:00 AM,2,0,0,,N,716886,11,Front to Rear,21,CLEAR,1,DAYLIGHT,12,MOTOR VEHICLE IN TRANSPORT,I24 W EXT RAMP & I 24,NASHVILLE,TN,37211,8829,SOUTH,36.1074,-86.7197,POINT (-86.7197 36.1074)
20190810713,11/07/2019 03:33:00 PM,2,0,0,,N,807326,11,Front to Rear,2,RAIN,1,DAYLIGHT,12,MOTOR VEHICLE IN TRANSPORT,MM 82 2 I 65,NASHVILLE,TN,37203,6804,MIDTOW,36.1456,-86.7776,POINT (-86.7776 36.1456)
20190817462,11/10/2019 05:49:00 PM,2,0,0,,N,320580,11,Front to Rear,21,CLEAR,3,DARK - LIGHTED,12,MOTOR VEHICLE IN TRANSPORT,MM 210 7 I 40,NASHVILLE,TN,37210,8202,HERMIT,36.1532,-86.7644,POINT (-86.7644 36.1532)
20190668398,09/08/2019 12:00:00 AM,1,0,0,,Y,279110,0,NOT COLLISION W/MOTOR VEHICLE-TRANSPORT,99,UNKNOWN,9,UNKNOWN,34,DITCH,MCCALL ST & GLENCLIFF RD,NASHVILLE,TN,37211,8413,SOUTH,36.0984,-86.7204,POINT (-86.7204 36.0984)
20190754441,10/13/2019 06:41:00 PM,1,0,0,,N,352205,0,NOT COLLISION W/MOTOR VEHICLE-TRANSPORT,21,CLEAR,3,DARK - LIGHTED,11,OTHER ANIMAL,STATE HWY 45 & HICKORY INDUSTRIAL DR,OLD HICKORY,TN,37138,9619,HERMIT,36.2665,-86.6703,POINT (-86.6703 36.2665)
20190852628,11/25/2019 02:32:00 PM,2,0,0,,N,137872,4,ANGLE,21,CLEAR,1,DAYLIGHT,13,MOTOR VEHICLE IN TRANSPORT-OTHER ROADWAY,LEBANON PKE & HERMITAGE RD,OLD HICKORY,TN,37138,9739,HERMIT,36.2003,-86.6186,POINT (-86.6186 36.2003)
20190676377,09/11/2019 02:47:00 PM,2,0,0,,N,134899,5,SIDESWIPE - SAME DIRECTION,21,CLEAR,1,DAYLIGHT,12,MOTOR VEHICLE IN TRANSPORT,ELM HILL PKE & TIMBER VALLEY DR,NASHVILLE,TN,37214,8991,HERMIT,36.1419,-86.64,POINT (-86.64 36.1419)
20190791043,10/30/2019 09:41:00 AM,2,0,0,,N,676834,11,Front to Rear,2,RAIN,1,DAYLIGHT,12,MOTOR VEHICLE IN TRANSPORT,MM 84 9 I 65,NASHVILLE,TN,37208,44040,NORTH,36.1782,-86.8009,POINT (-86.8009 36.1782)
20190815844,11/09/2019 09:00:00 PM,2,0,0,,N,279117,16,Rear to Side,21,CLEAR,2,DARK - NOT LIGHTED,14,PARKED MOTOR VEHICLE,2500 BETHWOOD DR,NASHVILLE,TN,37207,1887,EAST,36.213,-86.7534,POINT (-86.7534 36.213)
20190767299,10/20/2019 01:35:00 AM,3,0,0,,Y,299245,5,SIDESWIPE - SAME DIRECTION,2,RAIN,3,DARK - LIGHTED,12;36,MOTOR VEHICLE IN TRANSPORT;CONCRETE TRAFFIC BARRIER,MM 88 6 I 65,NASHVILLE,TN,37207,3004,EAST,36.2251,-86.7745,POINT (-86.7745 36.2251)
20190749475,10/12/2019 12:09:00 PM,2,0,0,,N,462474,11,Front to Rear,21,CLEAR,1,DAYLIGHT,12,MOTOR VEHICLE IN TRANSPORT,STATE HWY 254 & BRENTWOOD COMMONS WAY,BRENTWOOD,TN,37027,8623,MIDTOW,36.0411,-86.7761,POINT (-86.7761 36.0411)