Accident Number,Date and Time,Number of Motor Vehicles,Number of Injuries,Number of Fatalities,Property Damage,Hit and Run,Reporting Officer,Collision Type Code,Collision Type Description,Weather Code,Weather Description,Illumination Code,Illumination Description,Harmful Code,Harmful Code Description,Street Address,City,State,ZIP,RPA,Precinct,Latitude,Longitude,Mapped Location
20190838456,11/19/2019 01:34:00 PM,2,0,0,,Y,330428,4,ANGLE,21,CLEAR,1,DAYLIGHT,12,MOTOR VEHICLE IN TRANSPORT,51ST AVN & CENTENNIAL BLVD,NASHVILLE,TN,37209,4607,WEST,36.1622,-86.8491,POINT (-86.8491 36.1622)
20190794777,10/31/2019 07:16:00 PM,2,0,0,,N,256446,4,ANGLE,21,CLEAR,3,DARK - LIGHTED,12,MOTOR VEHICLE IN TRANSPORT,OLD HICKORY BLVD & FIRESTONE PKWY,ANTIOCH,TN,37013,8867,SOUTH,36.017,-86.6199,POINT (-86.6199 36.017)
20190882005,12/08/2019 07:00:00 PM,2,0,0,,N,330425,11,Front to Rear,21,CLEAR,3,DARK - LIGHTED,12,MOTOR VEHICLE IN TRANSPORT,DUE WEST AVE & GALLATIN PKES,MADISON,TN,37115,1519,MADISO,36.2481,-86.7203,POINT (-86.7203 36.2481)
20190665782,09/06/2019 09:10:00 PM,2,0,0,,Y,298858,5,SIDESWIPE - SAME DIRECTION,21,CLEAR,3,DARK - LIGHTED,12,MOTOR VEHICLE IN TRANSPORT,MM 47 8 I 24,NASHVILLE,TN,37207,1904,CENTRA,36.1775,-86.7731,POINT (-86.7731 36.1775)
20190891143,12/12/2019 08:10:00 AM,3,0,0,,Y,161952,11,Front to Rear,21,CLEAR,1,DAYLIGHT,12,MOTOR VEHICLE IN TRANSPORT,BRILEY PKWYS & BRILEY PKWY S ENT RAMP,NASHVILLE,TN,37211,88962,SOUTH,36.1103,-86.7197,POINT (-86.7197 36.1103)
20190871985,12/04/2019 08:45:00 AM,2,1,0,,N,876581,11,Front to Rear,21,CLEAR,1,DAYLIGHT,12,MOTOR VEHICLE IN TRANSPORT,BRILEY PKWY W EXT RAMP & BRICK CHURCH PK,NASHVILLE,TN,37207,2033,MADISO,36.2397,-86.7808,POINT (-86.7808 36.2397)
20190910387,12/20/2019 12:28:00 PM,2,0,0,,N,226622,4,ANGLE,22,CLOUDY,1,DAYLIGHT,12,MOTOR VEHICLE IN TRANSPORT,CRESTMOOR RD & CLEGHORN AV,NASHVILLE,TN,37215,6109,WEST,36.1097,-86.8168,POINT (-86.8168 36.1097)
20190920273,12/25/2019 06:35:00 PM,2,1,0,,N,179583,11,Front to Rear,21,CLEAR,3,DARK - LIGHTED,12,MOTOR VEHICLE IN TRANSPORT,MURFREESBORO PKE & HAMILTON CHURCH RD,ANTIOCH,TN,37013,8865,SOUTH,36.0649,-86.6286,POINT (-86.6286 36.0649)
20190684909,09/15/2019 12:30:00 AM,2,0,0,,Y,256492,5,SIDESWIPE - SAME DIRECTION,21,CLEAR,3,DARK - LIGHTED,12,MOTOR VEHICLE IN TRANSPORT,CARROLL ST & 1ST AVS,NASHVILLE,TN,37210,8201,HERMIT,36.1515,-86.7676,POINT (-86.7676 36.1515)
20190905388,12/18/2019 12:12:00 PM,2,0,0,,N,462474,5,SIDESWIPE - SAME DIRECTION,21,CLEAR,1,DAYLIGHT,12,MOTOR VEHICLE IN TRANSPORT,MM 76 5 I 65,NASHVILLE,TN,37220,71040,MIDTOW,36.0639,-86.7716,POINT (-86.7716 36.0639)
20190851719,11/25/2019 06:50:00 AM,2,0,0,,N,693093,5,SIDESWIPE - SAME DIRECTION,21,CLEAR,1,DAYLIGHT,12,MOTOR VEHICLE IN TRANSPORT,STATE RT 45 & GALLATIN PKEN,MADISON,TN,37115,1701,MADISO,36.2631,-86.7119,POINT (-86.7119 36.2631)
20190896332,12/14/2019 11:50:00 AM,3,0,0,,N,224824,11,Front to Rear,22,CLOUDY,1,DAYLIGHT,12,MOTOR VEHICLE IN TRANSPORT,LEBANON PKE & ANDREW JACKSON PKWY,HERMITAGE,TN,37076,9537,HERMIT,36.2151,-86.5962,POINT (-86.5962 36.2151)
20190782625,10/26/2019 01:52:00 PM,2,0,0,,Y,311337,4,ANGLE,2,RAIN,1,DAYLIGHT,12,MOTOR VEHICLE IN TRANSPORT,ANDREW JACKSON PKWY & LEBANON PKE,HERMITAGE,TN,37076,9537,HERMIT,36.2146,-86.5977,POINT (-86.5977 36.2146)
20190701699,09/22/2019 12:01:00 AM,2,0,0,,N,330433,11,Front to Rear,21,CLEAR,3,DARK - LIGHTED,12,MOTOR VEHICLE IN TRANSPORT,OLD HICKORY BLVDW & DICKERSON PKE,MADISON,TN,37115,2039,MADISO,36.2692,-86.7556,POINT (-86.7556 36.2692)
20190709830,09/25/2019 11:57:00 AM,1,1,0,,Y,191578,0,NOT COLLISION W/MOTOR VEHICLE-TRANSPORT,21,CLEAR,1,DAYLIGHT,8,PEDESTRIAN,LEBANON PKE & ANDREW JACKSON PKWY,HERMITAGE,TN,37076,9537,HERMIT,36.2151,-86.5962,POINT (-86.5962 36.2151)
20190612999,08/17/2019 01:52:00 AM,4,2,0,,Y,197053,11,Front to Rear,21,CLEAR,3,DARK - LIGHTED,12;14,MOTOR VEHICLE IN TRANSPORT;PARKED MOTOR VEHICLE,MM 58 2 I 24,ANTIOCH,TN,37013,87060,SOUTH,36.0564,-86.6761,POINT (-86.6761 36.0564)
20190772084,10/22/2019 08:27:00 AM,2,0,0,,N,206962,4,ANGLE,21,CLEAR,1,DAYLIGHT,12,MOTOR VEHICLE IN TRANSPORT,STATE HWY 45 & MYATT DR,MADISON,TN,37115,1705,MADISO,36.2641,-86.6903,POINT (-86.6903 36.2641)
20190809780,11/07/2019 07:01:00 AM,2,0,0,,N,224790,4,ANGLE,2,RAIN,1,DAYLIGHT,12,MOTOR VEHICLE IN TRANSPORT,DICKERSON PKE ENT RAMP & I 24,NASHVILLE,TN,37207,1904,CENTRA,36.18,-86.7742,POINT (-86.7742 36.18)
20190896319,12/14/2019 11:19:00 AM,2,0,0,,N,834798,4,ANGLE,21,CLEAR,1,DAYLIGHT,12,MOTOR VEHICLE IN TRANSPORT,GLEN ECHO RD & HILLSBORO PKE,NASHVILLE,TN,37215,6107,WEST,36.1087,-86.8121,POINT (-86.8121 36.1087)
20190732698,10/04/2019 12:00:00 AM,1,0,0,Y,Y,240944,0,NOT COLLISION W/MOTOR VEHICLE-TRANSPORT,21,CLEAR,3,DARK - LIGHTED,46,TRAFFIC SIGNAL SUPPORT,ANTIOCH PKE & EZELL PKE,NASHVILLE,TN,37211,8889,SOUTH,36.0773,-86.7253,POINT (-86.7253 36.0773)
20190654826,09/02/2019 01:24:00 PM,1,0,0,Y,N,473670,0,NOT COLLISION W/MOTOR VEHICLE-TRANSPORT,21,CLEAR,1,DAYLIGHT,43,OTHER FIXED OBJECTS,DICKERSON PKE & BROADMOOR DR,NASHVILLE,TN,37207,1811,EAST,36.2294,-86.7593,POINT (-86.7593 36.2294)
20190657106,09/03/2019 11:51:00 AM,2,0,0,,N,594473,16,Rear to Side,21,CLEAR,1,DAYLIGHT,14,PARKED MOTOR VEHICLE,LYNWOOD AV & 8TH AVS,NASHVILLE,TN,37203,6941,MIDTOW,36.1383,-86.7785,POINT (-86.7785 36.1383)
20190761812,10/17/2019 04:18:00 PM,2,0,0,,N,320580,5,SIDESWIPE - SAME DIRECTION,21,CLEAR,1,DAYLIGHT,12,MOTOR VEHICLE IN TRANSPORT,DECATUR AV & HERMITAGE AV,NASHVILLE,TN,37210,9005,HERMIT,36.1532,-86.7537,POINT (-86.7537 36.1532)
20190827244,11/14/2019 03:10:00 PM,2,0,0,,N,717341,11,Front to Rear,21,CLEAR,1,DAYLIGHT,12,MOTOR VEHICLE IN TRANSPORT,US HWY 31 ALT & FLORA MAXWELL RD,NASHVILLE,TN,37211,8701,SOUTH,36.0759,-86.7252,POINT (-86.7252 36.0759)
20190796437,11/01/2019 02:55:00 PM,2,0,0,,N,240983,11,Front to Rear,21,CLEAR,1,DAYLIGHT,12,MOTOR VEHICLE IN TRANSPORT,MM 54 8 I 24,NASHVILLE,TN,37211,8812,SOUTH,36.0968,-86.7085,POINT (-86.7085 36.0968)
20190907590,12/19/2019 09:22:00 AM,2,0,0,,N,755026,11,Front to Rear,21,CLEAR,1,DAYLIGHT,12,MOTOR VEHICLE IN TRANSPORT,MM 52 6 I 24,NASHVILLE,TN,37210,81022,SOUTH,36.1244,-86.7281,POINT (-86.7281 36.1244)
20190631625,08/23/2019 09:45:00 PM,2,1,0,,N,267831,4,ANGLE,21,CLEAR,3,DARK - LIGHTED,12,MOTOR VEHICLE IN TRANSPORT,ESTES RD & WOODMONT BLVD,NASHVILLE,TN,37215,6103,WEST,36.1165,-86.8365,POINT (-86.8365 36.1165)
20190705584,09/23/2019 06:16:00 PM,2,0,0,,N,197054,6,SIDESWIPE - OPPOSITE DIRECTION,22,CLOUDY,1,DAYLIGHT,12,MOTOR VEHICLE IN TRANSPORT,PATRICIA DR & HAROLD DR,NASHVILLE,TN,37217,8819,HERMIT,36.1309,-86.7065,POINT (-86.7065 36.1309)
20190810893,11/07/2019 04:55:00 PM,2,0,0,,N,299238,6,SIDESWIPE - OPPOSITE DIRECTION,2,RAIN,5,DUSK,12,MOTOR VEHICLE IN TRANSPORT,GALLATIN PKE & LELAND AV,NASHVILLE,TN,37216,1415,EAST,36.2039,-86.7383,POINT (-86.7383 36.2039)
20190918837,12/24/2019 12:00:00 AM,2,0,0,,Y,279233,9,UNKNOWN,21,CLEAR,9,UNKNOWN,14,PARKED MOTOR VEHICLE,0 W HILLWOOD DR,NASHVILLE,TN,37209,5009,WEST,36.1347,-86.8881,POINT (-86.8881 36.1347)
20190858412,11/27/2019 09:20:00 PM,1,1,0,,Y,306230,0,NOT COLLISION W/MOTOR VEHICLE-TRANSPORT,21,CLEAR,3,DARK - LIGHTED,8,PEDESTRIAN,BUCHANAN ST & 16TH AVN,NASHVILLE,TN,37208,4455,NORTH,36.18,-86.81,POINT (-86.81 36.18)
20190786406,10/28/2019 03:45:00 PM,2,0,0,,N,909486,11,Front to Rear,21,CLEAR,1,DAYLIGHT,12,MOTOR VEHICLE IN TRANSPORT,HARDING PL & DANBY DR,NASHVILLE,TN,37211,8607,MIDTOW,36.0786,-86.7452,POINT (-86.7452 36.0786)
20190831416,11/16/2019 12:37:00 PM,2,0,0,,N,320574,4,ANGLE,21,CLEAR,1,DAYLIGHT,12,MOTOR VEHICLE IN TRANSPORT,LEBANON PKE & BONNASPRING DR,HERMITAGE,TN,37076,9613,HERMIT,36.1776,-86.6059,POINT (-86.6059 36.1776)
20190885920,12/10/2019 09:15:00 AM,2,0,0,,N,222047,11,Front to Rear,2,RAIN,1,DAYLIGHT,12,MOTOR VEHICLE IN TRANSPORT,OLD MURFREESBORO PKE & SMITH SPRINGS RD,NASHVILLE,TN,37217,8947,HERMIT,36.0975,-86.6552,POINT (-86.6552 36.0975)
20190793492,10/31/2019 12:00:00 AM,2,0,0,,Y,665896,5,SIDESWIPE - SAME DIRECTION,22,CLOUDY,1,DAYLIGHT,12;14,MOTOR VEHICLE IN TRANSPORT;PARKED MOTOR VEHICLE,FATHERLAND ST & S 11TH ST,NASHVILLE,TN,37206,1207,EAST,36.1741,-86.7504,POINT (-86.7504 36.1741)
20190926866,12/29/2019 02:52:00 AM,2,2,0,,N,279117,5,SIDESWIPE - SAME DIRECTION,2,RAIN,2,DARK - NOT LIGHTED,12,MOTOR VEHICLE IN TRANSPORT,MM 88 2 I 65,NASHVILLE,TN,37207,18041,EAST,36.2188,-86.7747,POINT (-86.7747 36.2188)
20190777981,10/24/2019 04:00:00 PM,2,0,0,,N,279214,4,ANGLE,21,CLEAR,1,DAYLIGHT,12,MOTOR VEHICLE IN TRANSPORT,LEALAND LN & GALE LN,NASHVILLE,TN,37204,6933,MIDTOW,36.1168,-86.787,POINT (-86.787 36.1168)
20190775364,10/23/2019 02:51:00 PM,2,0,0,,N,206682,5,SIDESWIPE - SAME DIRECTION,21,CLEAR,1,DAYLIGHT,12,MOTOR VEHICLE IN TRANSPORT,OLD HICKORY BLVDW & OLD TIME VILLAGE PVT,MADISON,TN,37115,1771,MADISO,36.2632,-86.7131,POINT (-86.7131 36.2632)
20190777961,10/24/2019 03:46:00 PM,2,0,0,,N,714641,4,ANGLE,21,CLEAR,1,DAYLIGHT,12,MOTOR VEHICLE IN TRANSPORT,EDGEHILL AV & 9TH AVS,NASHVILLE,TN,37203,6907,MIDTOW,36.1419,-86.7811,POINT (-86.7811 36.1419)
20190850555,11/24/2019 04:13:00 PM,2,0,0,,N,330425,11,Front to Rear,21,CLEAR,1,DAYLIGHT,12,MOTOR VEHICLE IN TRANSPORT,ANDERSON LN & MYATT DR,MADISON,TN,37115,1713,MADISO,36.2721,-86.689,POINT (-86.689 36.2721)
20190736756,10/07/2019 05:24:00 AM,2,0,0,,N,352193,11,Front to Rear,2,RAIN,3,DARK - LIGHTED,12,MOTOR VEHICLE IN TRANSPORT,MM 51 6 I 24,NASHVILLE,TN,37210,82061,HERMIT,36.1403,-86.7313,POINT (-86.7313 36.1403)
20190914444,12/22/2019 04:10:00 PM,2,0,0,,Y,384449,11,Front to Rear,22,CLOUDY,1,DAYLIGHT,12,MOTOR VEHICLE IN TRANSPORT,MM 49 6 I 24,NASHVILLE,TN,37210,4008,CENTRA,36.1571,-86.7604,POINT (-86.7604 36.1571)
20190829351,11/15/2019 02:32:00 PM,1,1,0,Y,N,109534,0,NOT COLLISION W/MOTOR VEHICLE-TRANSPORT,21,CLEAR,1,DAYLIGHT,30;63,UTILITY POLE;Ran Off Road-Right,FAIRFIELD AV & ROBERTSON ST,NASHVILLE,TN,37210,8221,HERMIT,36.1491,-86.7573,POINT (-86.7573 36.1491)
20190618401,08/19/2019 11:58:00 AM,2,1,0,,Y,212325,11,Front to Rear,21,CLEAR,1,DAYLIGHT,12,MOTOR VEHICLE IN TRANSPORT,MYATT DR & GALLATIN PKEN,MADISON,TN,37115,1731,MADISO,36.2967,-86.699,POINT (-86.699 36.2967)
20190915801,12/23/2019 09:54:00 AM,2,0,0,,N,225886,4,ANGLE,21,CLEAR,1,DAYLIGHT,12,MOTOR VEHICLE IN TRANSPORT,LEBANON PKE & ANDREW JACKSON PKWY,HERMITAGE,TN,37076,9537,HERMIT,36.2151,-86.5962,POINT (-86.5962 36.2151)
20190597301,08/11/2019 03:12:00 AM,2,0,0,,N,240944,11,Front to Rear,21,CLEAR,3,DARK - LIGHTED,12,MOTOR VEHICLE IN TRANSPORT,HAYWOOD LN & WEST VALLEY DR,NASHVILLE,TN,37211,8711,SOUTH,36.0701,-86.6998,POINT (-86.6998 36.0701)
20190666393,09/06/2019 01:57:00 PM,2,0,0,,N,352197,11,Front to Rear,21,CLEAR,1,DAYLIGHT,12,MOTOR VEHICLE IN TRANSPORT,HOBSON PKE & MURFREESBORO PKE,ANTIOCH,TN,37013,8971,SOUTH,36.043,-86.6066,POINT (-86.6066 36.043)
20190894272,12/13/2019 12:20:00 PM,2,1,0,,N,716886,11,Front to Rear,2,RAIN,1,DAYLIGHT,12,MOTOR VEHICLE IN TRANSPORT,NOLENSVILLE PKE & VERITAS ST,NASHVILLE,TN,37211,8431,SOUTH,36.0971,-86.7382,POINT (-86.7382 36.0971)
20190639331,08/27/2019 09:49:00 AM,2,1,0,,N,191578,11,Front to Rear,21,CLEAR,1,DAYLIGHT,12,MOTOR VEHICLE IN TRANSPORT,BRILEY PKWYN & GLASTONBURY RD,NASHVILLE,TN,37217,8998,HERMIT,36.1372,-86.6996,POINT (-86.6996 36.1372)
20190929888,12/30/2019 04:00:00 PM,2,1,0,,N,384395,11,Front to Rear,21,CLEAR,1,DAYLIGHT,12,MOTOR VEHICLE IN TRANSPORT,OLD HICKORY BLVD & ANDREW JACKSON PKWY,HERMITAGE,TN,37076,9561,HERMIT,36.1836,-86.6107,POINT (-86.6107 36.1836)
20190771829,10/22/2019 05:40:00 AM,2,1,0,,Y,342952,11,Front to Rear,21,CLEAR,3,DARK - LIGHTED,12,MOTOR VEHICLE IN TRANSPORT,MM 211 7 I 40,NASHVILLE,TN,37210,82042,HERMIT,36.1499,-86.7483,POINT (-86.7483 36.1499)
20190890736,12/12/2019 03:40:00 AM,2,0,0,,Y,279198,5,SIDESWIPE - SAME DIRECTION,21,CLEAR,3,DARK - LIGHTED,12,MOTOR VEHICLE IN TRANSPORT,MM 49 6 I 24,NASHVILLE,TN,37210,4008,CENTRA,36.1571,-86.7604,POINT (-86.7604 36.1571)
20190911172,12/20/2019 07:50:00 PM,2,0,0,,Y,330435,11,Front to Rear,21,CLEAR,3,DARK - LIGHTED,12,MOTOR VEHICLE IN TRANSPORT,E TRINITY LN & W TRINITY LN,NASHVILLE,TN,37207,1861,EAST,36.2059,-86.7686,POINT (-86.7686 36.2059)
20190712414,09/26/2019 11:43:00 AM,2,1,0,,N,191578,4,ANGLE,22,CLOUDY,1,DAYLIGHT,12,MOTOR VEHICLE IN TRANSPORT,JOYNER AV & NOLENSVILLE PKE,NASHVILLE,TN,37210,8317,SOUTH,36.1165,-86.7481,POINT (-86.7481 36.1165)
20190756196,10/15/2019 11:10:00 AM,2,0,0,,N,109495,5,SIDESWIPE - SAME DIRECTION,21,CLEAR,1,DAYLIGHT,12,MOTOR VEHICLE IN TRANSPORT,WEDGEWOOD AV & I65 N ENT RAMP,NASHVILLE,TN,37204,8027,MIDTOW,36.1343,-86.7747,POINT (-86.7747 36.1343)
20190673891,09/10/2019 03:36:00 PM,2,1,0,,Y,206958,4,ANGLE,2,RAIN,1,DAYLIGHT,12,MOTOR VEHICLE IN TRANSPORT,DICKERSON PKE & MERIDIAN ST,NASHVILLE,TN,37207,1979,EAST,36.1783,-86.7722,POINT (-86.7722 36.1783)
20190707482,09/24/2019 02:01:00 PM,2,0,0,,N,462474,4,ANGLE,21,CLEAR,1,DAYLIGHT,12,MOTOR VEHICLE IN TRANSPORT,CHARLOTTE AV & 19TH AVN,NASHVILLE,TN,37203,5507,MIDTOW,36.1576,-86.8016,POINT (-86.8016 36.1576)
20190916725,12/23/2019 06:55:00 PM,2,0,0,,N,311333,11,Front to Rear,21,CLEAR,7,Dark-Unknown Lighting,12,MOTOR VEHICLE IN TRANSPORT,MURFREESBORO PKE & HICKORY WOODS DR,ANTIOCH,TN,37013,8967,SOUTH,36.0264,-86.5884,POINT (-86.5884 36.0264)
20190747126,10/11/2019 12:00:00 AM,2,0,0,,Y,320575,4,ANGLE,99,UNKNOWN,9,UNKNOWN,14,PARKED MOTOR VEHICLE,OAKWOOD TERRACE DR & ARTELIA DR,ANTIOCH,TN,37013,8899,SOUTH,36.0728,-86.6745,POINT (-86.6745 36.0728)
20190674251,09/10/2019 08:38:00 PM,1,1,0,,Y,256383,0,NOT COLLISION W/MOTOR VEHICLE-TRANSPORT,21,CLEAR,2,DARK - NOT LIGHTED,9,,EAST THOMPSON LN & OLD GLENROSE AV,NASHVILLE,TN,37211,8809,SOUTH,36.1165,-86.7193,POINT (-86.7193 36.1165)
20190733995,10/05/2019 04:31:00 PM,2,2,0,Y,N,299241,2,HEAD-ON,21,CLEAR,1,DAYLIGHT,12,MOTOR VEHICLE IN TRANSPORT,DONELSON PKE & COLONIAL CIR,NASHVILLE,TN,37214,9113,HERMIT,36.1634,-86.664,POINT (-86.664 36.1634)
20190845476,11/22/2019 07:56:00 AM,2,1,0,,N,352214,11,Front to Rear,2,RAIN,1,DAYLIGHT,12,MOTOR VEHICLE IN TRANSPORT,CLARKSVILLE PKE & CEDAR CIR,NASHVILLE,TN,37218,3141,NORTH,36.2137,-86.8383,POINT (-86.8383 36.2137)
20190682399,09/13/2019 07:45:00 PM,2,0,0,,N,298877,11,Front to Rear,21,CLEAR,3,DARK - LIGHTED,12,MOTOR VEHICLE IN TRANSPORT,MM 58 0 I 24,ANTIOCH,TN,37013,88080,SOUTH,36.0584,-86.678,POINT (-86.678 36.0584)
20190668136,09/08/2019 03:35:00 AM,2,1,0,Y,Y,352170,5,SIDESWIPE - SAME DIRECTION,21,CLEAR,3,DARK - LIGHTED,12,MOTOR VEHICLE IN TRANSPORT,I24 E EXT RAMP & I 24,NASHVILLE,TN,37207,30080,NORTH,36.2378,-86.7872,POINT (-86.7872 36.2378)
20190693833,09/18/2019 06:21:00 PM,2,0,0,,Y,807344,4,ANGLE,21,CLEAR,1,DAYLIGHT,12,MOTOR VEHICLE IN TRANSPORT,3RD AVN & JAMES ROBERTSON PKWY,NASHVILLE,TN,37201,4201,CENTRA,36.1674,-86.7797,POINT (-86.7797 36.1674)
20190690379,09/17/2019 12:18:00 PM,4,0,0,,Y,594473,11,Front to Rear,21,CLEAR,1,DAYLIGHT,12,MOTOR VEHICLE IN TRANSPORT,WEDGEWOOD AV & VILLA PL,NASHVILLE,TN,37212,6613,MIDTOW,36.1362,-86.7935,POINT (-86.7935 36.1362)
20190866314,12/02/2019 06:58:00 AM,3,0,0,,N,240952,98,OTHER,22,CLOUDY,1,DAYLIGHT,12,MOTOR VEHICLE IN TRANSPORT,PIN HOOK RD & HOBSON PKE,ANTIOCH,TN,37013,8927,SOUTH,36.0493,-86.5999,POINT (-86.5999 36.0493)
20190846920,11/22/2019 07:10:00 PM,2,0,0,,Y,320582,5,SIDESWIPE - SAME DIRECTION,21,CLEAR,3,DARK - LIGHTED,12,MOTOR VEHICLE IN TRANSPORT,MM 86 7 I 65,NASHVILLE,TN,37207,3002,NORTH,36.1972,-86.7762,POINT (-86.7762 36.1972)
20190795212,11/01/2019 12:00:00 AM,1,0,0,,Y,352188,0,NOT COLLISION W/MOTOR VEHICLE-TRANSPORT,21,CLEAR,2,DARK - NOT LIGHTED,44,PAVED SURFACE-IRREGULAR,EAGLE VIEW BLVD & WILD OAKS CT,ANTIOCH,TN,37013,8865,SOUTH,36.0514,-86.6419,POINT (-86.6419 36.0514)
20190691764,09/18/2019 02:50:00 AM,1,0,0,Y,N,110062,0,NOT COLLISION W/MOTOR VEHICLE-TRANSPORT,21,CLEAR,3,DARK - LIGHTED,30,UTILITY POLE,2ND AVN & DOWNTOWN GRNWY,NASHVILLE,TN,37201,4231,CENTRA,36.1749,-86.7821,POINT (-86.7821 36.1749)
20190598075,08/11/2019 12:45:00 PM,2,0,0,,N,420059,11,Front to Rear,21,CLEAR,1,DAYLIGHT,12,MOTOR VEHICLE IN TRANSPORT,EDMONDSON PKE & WALLACE RD,NASHVILLE,TN,37211,8661,MIDTOW,36.0771,-86.7256,POINT (-86.7256 36.0771)
20190682421,09/13/2019 07:55:00 PM,2,0,0,,N,352156,11,Front to Rear,21,CLEAR,3,DARK - LIGHTED,12,MOTOR VEHICLE IN TRANSPORT,MM 57 3 I 24,ANTIOCH,TN,37013,88080,SOUTH,36.0663,-86.6861,POINT (-86.6861 36.0663)
20190837575,11/19/2019 07:25:00 AM,2,0,0,,N,584947,4,ANGLE,21,CLEAR,1,DAYLIGHT,12,MOTOR VEHICLE IN TRANSPORT,EDMONDSON PKE & ELLINGTON AG CENTER PVTD,NASHVILLE,TN,37211,8657,MIDTOW,36.0617,-86.7403,POINT (-86.7403 36.0617)
20190829137,11/15/2019 12:18:00 PM,1,1,0,Y,N,140808,0,NOT COLLISION W/MOTOR VEHICLE-TRANSPORT,21,CLEAR,1,DAYLIGHT,19,BUILDING,COTTON LN & LANDMARK CT,NASHVILLE,TN,37211,8661,MIDTOW,36.069,-86.7234,POINT (-86.7234 36.069)
20190910636,12/20/2019 03:00:00 PM,2,1,0,,N,905011,11,Front to Rear,21,CLEAR,1,DAYLIGHT,12,MOTOR VEHICLE IN TRANSPORT,ED TEMPLE BLVD & JEFFERSON ST,NASHVILLE,TN,37208,4523,NORTH,36.1678,-86.8208,POINT (-86.8208 36.1678)
20190713146,09/26/2019 05:45:00 PM,2,0,0,,N,279208,5,SIDESWIPE - SAME DIRECTION,21,CLEAR,1,DAYLIGHT,12,MOTOR VEHICLE IN TRANSPORT,17TH AVS & WEST END AV,NASHVILLE,TN,37203,5707,MIDTOW,36.1538,-86.7944,POINT (-86.7944 36.1538)
20190917849,12/24/2019 06:50:00 AM,2,1,0,,N,109495,4,ANGLE,21,CLEAR,1,DAYLIGHT,1;12,MOTOR VEHICLE IN TRANSPORT,I65 N ENT RAMP & I 65,NASHVILLE,TN,37207,1829,EAST,36.209,-86.7759,POINT (-86.7759 36.209)
20190674164,09/10/2019 08:10:00 PM,2,0,0,Y,Y,352213,98,OTHER,21,CLEAR,3,DARK - LIGHTED,12;24,MOTOR VEHICLE IN TRANSPORT;GUARDRAIL FACE,MM 205 2 I 40,NASHVILLE,TN,37209,52027,WEST,36.154,-86.835,POINT (-86.835 36.154)
20190775005,10/23/2019 12:02:00 PM,2,3,0,,N,493304,4,ANGLE,21,CLEAR,1,DAYLIGHT,12,MOTOR VEHICLE IN TRANSPORT,NEELYS BEND RD & IDLEWILD AV,MADISON,TN,37115,1625,MADISO,36.2556,-86.7073,POINT (-86.7073 36.2556)
20190585526,08/06/2019 08:10:00 PM,2,0,0,,N,240968,4,ANGLE,2,RAIN,3,DARK - LIGHTED,12,MOTOR VEHICLE IN TRANSPORT,MURFREESBORO PKE & BROOKSBORO PL,ANTIOCH,TN,37013,8891,SOUTH,36.0837,-86.6472,POINT (-86.6472 36.0837)
20190712861,09/26/2019 03:40:00 PM,2,0,0,,N,256384,11,Front to Rear,21,CLEAR,1,DAYLIGHT,12,MOTOR VEHICLE IN TRANSPORT,I24E & I24 W EXT RAMP,NASHVILLE,TN,37210,8102,SOUTH,36.1336,-86.7269,POINT (-86.7269 36.1336)
20190807531,11/06/2019 09:21:00 AM,2,2,0,,N,191578,11,Front to Rear,21,CLEAR,1,DAYLIGHT,12,MOTOR VEHICLE IN TRANSPORT,MURFREESBORO PKE & EZELL PKE,NASHVILLE,TN,37217,8849,SOUTH,36.1047,-86.6695,POINT (-86.6695 36.1047)
20190657774,09/03/2019 06:41:00 PM,2,2,0,,N,240979,11,Front to Rear,21,CLEAR,1,DAYLIGHT,12,MOTOR VEHICLE IN TRANSPORT,OLD HICKORY BLVDW & DOUGLAS ST,MADISON,TN,37115,1771,MADISO,36.2633,-86.7146,POINT (-86.7146 36.2633)
20190847189,11/22/2019 10:02:00 PM,2,1,0,,N,256488,4,ANGLE,21,CLEAR,3,DARK - LIGHTED,12,MOTOR VEHICLE IN TRANSPORT,DIVISION ST & 8TH AVS,NASHVILLE,TN,37203,4011,CENTRA,36.1498,-86.7801,POINT (-86.7801 36.1498)
20190859187,11/28/2019 06:47:00 AM,1,0,0,,N,716886,0,NOT COLLISION W/MOTOR VEHICLE-TRANSPORT,21,CLEAR,1,DAYLIGHT,50,DEER (ANIMAL),OLD HICKORY BLVD & OCTOBER WOODS DR,ANTIOCH,TN,37013,8771,SOUTH,36.0081,-86.6218,POINT (-86.6218 36.0081)
20190755927,10/15/2019 09:30:00 AM,2,0,0,,N,191578,11,Front to Rear,21,CLEAR,1,DAYLIGHT,12,MOTOR VEHICLE IN TRANSPORT,LEBANON PKE & JUAREZ DR,HERMITAGE,TN,37076,9531,HERMIT,36.1927,-86.6237,POINT (-86.6237 36.1927)
20190749323,10/12/2019 12:00:00 AM,2,0,0,,Y,320586,2,HEAD-ON,99,UNKNOWN,7,Dark-Unknown Lighting,14,PARKED MOTOR VEHICLE,ELYSIAN FIELDS RD & DEWAIN DR,NASHVILLE,TN,37211,8439,SOUTH,36.0901,-86.7209,POINT (-86.7209 36.0901)
20190662408,09/05/2019 03:45:00 PM,4,0,0,,N,717341,11,Front to Rear,21,CLEAR,1,DAYLIGHT,12,MOTOR VEHICLE IN TRANSPORT,HARDING PL & TAMPA DR,NASHVILLE,TN,37211,8705,SOUTH,36.0827,-86.7105,POINT (-86.7105 36.0827)