Accident Number,Date and Time,Number of Motor Vehicles,Number of Injuries,Number of Fatalities,Property Damage,Hit and Run,Reporting Officer,Collision Type Code,Collision Type Description,Weather Code,Weather Description,Illumination Code,Illumination Description,Harmful Code,Harmful Code Description,Street Address,City,State,ZIP,RPA,Precinct,Latitude,Longitude,Mapped Location
20190836157,11/18/2019 05:16:00 PM,3,0,0,,N,579971,11,Front to Rear,21,CLEAR,3,DARK - LIGHTED,12,MOTOR VEHICLE IN TRANSPORT,HAYWOOD LN & I24 E ENT RAMP,NASHVILLE,TN,37211,8709,SOUTH,36.0691,-86.6905,POINT (-86.6905 36.0691)
20190913927,12/22/2019 08:57:00 AM,1,0,0,Y,N,278580,0,NOT COLLISION W/MOTOR VEHICLE-TRANSPORT,22,CLOUDY,1,DAYLIGHT,42;64,TREE;Ran Off Road-Left,CANTARUTTI RD & ALESSIO RD,JOELTON,TN,37080,3245,NORTH,36.2834,-86.879,POINT (-86.879 36.2834)
20190878567,12/06/2019 08:54:00 PM,2,1,0,,N,256386,4,ANGLE,21,CLEAR,3,DARK - LIGHTED,12,MOTOR VEHICLE IN TRANSPORT,RISING SUN LN & ROLLING MILL RD,OLD HICKORY,TN,37138,9713,HERMIT,36.2366,-86.6171,POINT (-86.6171 36.2366)
20190796149,11/01/2019 12:49:00 PM,3,0,0,,Y,134899,11,Front to Rear,21,CLEAR,1,DAYLIGHT,12,MOTOR VEHICLE IN TRANSPORT,OLD HICKORY BLVD & PLANTATION DR,OLD HICKORY,TN,37138,9739,HERMIT,36.2006,-86.6209,POINT (-86.6209 36.2006)
20190692486,09/18/2019 07:35:00 AM,2,0,0,,N,225773,4,ANGLE,21,CLEAR,1,DAYLIGHT,12,MOTOR VEHICLE IN TRANSPORT,GRANDVIEW DR & BELMONT BLVD,NASHVILLE,TN,37215,6415,MIDTOW,36.1089,-86.7999,POINT (-86.7999 36.1089)
20190665271,09/06/2019 06:40:00 PM,3,2,0,,N,212343,4,ANGLE,21,CLEAR,1,DAYLIGHT,1;12;33,MOTOR VEHICLE IN TRANSPORT;CURB,4TH AVN & CHARLOTTE AV,NASHVILLE,TN,37201,4161,CENTRA,36.1664,-86.7807,POINT (-86.7807 36.1664)
20190723259,10/01/2019 07:47:00 AM,2,0,0,,N,225773,11,Front to Rear,21,CLEAR,1,DAYLIGHT,12,MOTOR VEHICLE IN TRANSPORT,FRANKLIN PKE & FRANKLIN PKE PVTDR,NASHVILLE,TN,37204,7013,MIDTOW,36.1076,-86.773,POINT (-86.773 36.1076)
20190630663,08/23/2019 04:10:00 PM,2,0,0,,Y,206682,6,SIDESWIPE - OPPOSITE DIRECTION,21,CLEAR,1,DAYLIGHT,14,PARKED MOTOR VEHICLE,GALLATIN PKES & E OLD HICKORY BLVD,MADISON,TN,37115,1771,MADISO,36.2622,-86.7122,POINT (-86.7122 36.2622)
20190803164,11/04/2019 05:13:00 PM,3,0,0,,N,240957,4,ANGLE,21,CLEAR,3,DARK - LIGHTED,12,MOTOR VEHICLE IN TRANSPORT,NOLENSVILLE PKE & MCCLAIN AV,NASHVILLE,TN,37210,8315,SOUTH,36.1119,-86.7458,POINT (-86.7458 36.1119)
20190852898,11/25/2019 12:00:00 AM,1,0,0,Y,Y,352213,9,UNKNOWN,21,CLEAR,3,DARK - LIGHTED,99,UNKNOWN MOST HARMFUL EVENT,MICHIGAN AVE & 47TH AVE N,NASHVILLE,TN,37209,4539,WEST,36.1589,-86.8437,POINT (-86.8437 36.1589)
20190888505,12/11/2019 08:20:00 AM,2,0,0,,N,352174,4,ANGLE,21,CLEAR,1,DAYLIGHT,12,MOTOR VEHICLE IN TRANSPORT,ELLISTON PL & 22ND AVN,NASHVILLE,TN,37203,5601,MIDTOW,36.1517,-86.8037,POINT (-86.8037 36.1517)
20190805695,11/05/2019 01:54:00 PM,2,0,0,,N,279233,5,SIDESWIPE - SAME DIRECTION,21,CLEAR,1,DAYLIGHT,12,MOTOR VEHICLE IN TRANSPORT,WHITE BRIDGE PKE & CHARLOTTE PKE,NASHVILLE,TN,37209,5033,WEST,36.1494,-86.8579,POINT (-86.8579 36.1494)
20190780900,10/25/2019 08:50:00 PM,2,0,0,,Y,299238,4,ANGLE,2,RAIN,3,DARK - LIGHTED,12,MOTOR VEHICLE IN TRANSPORT,GALLATIN PKES & BRILEY PKWYW,MADISON,TN,37115,1598,MADISO,36.2352,-86.7247,POINT (-86.7247 36.2352)
20190773998,10/23/2019 02:49:00 AM,1,0,0,,N,256382,0,NOT COLLISION W/MOTOR VEHICLE-TRANSPORT,21,CLEAR,3,DARK - LIGHTED,18,OTHER OBJECT (NOT FIXED),MM 219 0 I 40,NASHVILLE,TN,37214,94022,HERMIT,36.156,-86.629,POINT (-86.629 36.156)
20190850342,11/24/2019 01:26:00 PM,2,1,0,,N,320574,5,SIDESWIPE - SAME DIRECTION,21,CLEAR,1,DAYLIGHT,12,MOTOR VEHICLE IN TRANSPORT,BELL RD & ELM HILL PIKE,NASHVILLE,TN,37214,8995,HERMIT,36.1411,-86.628,POINT (-86.628 36.1411)
20190780492,10/25/2019 04:44:00 PM,2,0,0,,N,240983,11,Front to Rear,2,RAIN,1,DAYLIGHT,12,MOTOR VEHICLE IN TRANSPORT,MURFREESBORO PKE & MOUNTAIN SPRINGS RD,ANTIOCH,TN,37013,8927,SOUTH,36.0478,-86.6121,POINT (-86.6121 36.0478)
20190803266,11/04/2019 05:19:00 PM,2,0,0,,N,179606,11,Front to Rear,21,CLEAR,3,DARK - LIGHTED,12,MOTOR VEHICLE IN TRANSPORT,MM 6 4 I 440,NASHVILLE,TN,37210,83040,SOUTH,36.1239,-86.7466,POINT (-86.7466 36.1239)
20190742729,10/09/2019 04:47:00 PM,2,2,0,,N,151132,11,Front to Rear,21,CLEAR,1,DAYLIGHT,12,MOTOR VEHICLE IN TRANSPORT,OLD HICKORY BLVDW & PEGGY ST,MADISON,TN,37115,1773,MADISO,36.2636,-86.7171,POINT (-86.7171 36.2636)
20190902275,12/17/2019 09:00:00 AM,2,1,0,,N,224953,4,ANGLE,22,CLOUDY,1,DAYLIGHT,12,MOTOR VEHICLE IN TRANSPORT,ROSA L PARKS BLVD & HARRISON ST,NASHVILLE,TN,37208,4219,CENTRA,36.1685,-86.7883,POINT (-86.7883 36.1685)
20190766247,10/19/2019 11:16:00 AM,1,1,0,,N,256502,0,NOT COLLISION W/MOTOR VEHICLE-TRANSPORT,21,CLEAR,1,DAYLIGHT,8,PEDESTRIAN,CLARE AV & ALBION ST,NASHVILLE,TN,37209,4567,NORTH,36.1627,-86.8303,POINT (-86.8303 36.1627)
20190802505,11/04/2019 11:37:00 AM,2,0,0,,Y,352167,9,UNKNOWN,21,CLEAR,9,UNKNOWN,12,MOTOR VEHICLE IN TRANSPORT,BRIDGECREST DR & BRIDGECREST WAY,ANTIOCH,TN,37013,8861,SOUTH,36.0659,-86.6495,POINT (-86.6495 36.0659)
20190694171,09/18/2019 09:35:00 PM,2,1,0,,N,256383,2,HEAD-ON,21,CLEAR,2,DARK - NOT LIGHTED,14,PARKED MOTOR VEHICLE,PEBBLE CREEK DR & PEBBLE CREEK CTE,ANTIOCH,TN,37013,8861,SOUTH,36.0711,-86.6512,POINT (-86.6512 36.0711)
20190635076,08/25/2019 01:29:00 PM,1,1,0,,N,876581,0,NOT COLLISION W/MOTOR VEHICLE-TRANSPORT,2,RAIN,1,DAYLIGHT,72,EMBANKMENT ROCK/STONE/CONCRETE,MM 40 9 I 24,WHITES CREEK,TN,37189,20161,MADISO,36.2725,-86.7951,POINT (-86.7951 36.2725)
20190906224,12/18/2019 08:38:00 PM,2,1,0,,N,330444,4,ANGLE,21,CLEAR,2,DARK - NOT LIGHTED,12,MOTOR VEHICLE IN TRANSPORT,US HWY 431 & -UNKNOWN RAMP/ROAD -,NASHVILLE,TN,37207,1829,EAST,36.2063,-86.773,POINT (-86.773 36.2063)
20190596145,08/10/2019 05:46:00 PM,2,1,0,,N,330415,4,ANGLE,21,CLEAR,1,DAYLIGHT,12,MOTOR VEHICLE IN TRANSPORT,0 KOREAN VETERANS BLVD,NASHVILLE,TN,37203,4043,CENTRA,36.1556,-86.7779,POINT (-86.7779 36.1556)
20190697851,09/20/2019 08:19:00 AM,2,0,0,,N,299243,11,Front to Rear,21,CLEAR,1,DAYLIGHT,12,MOTOR VEHICLE IN TRANSPORT,MM 49 2 I 24,NASHVILLE,TN,37213,1002,CENTRA,36.1637,-86.7625,POINT (-86.7625 36.1637)
20190704583,09/23/2019 11:34:00 AM,2,0,0,,Y,212325,6,SIDESWIPE - OPPOSITE DIRECTION,21,CLEAR,1,DAYLIGHT,12,MOTOR VEHICLE IN TRANSPORT,BERKLEY DR & CORELAND DR,MADISON,TN,37115,1519,MADISO,36.2466,-86.7193,POINT (-86.7193 36.2466)
20190642869,08/28/2019 04:23:00 PM,2,0,0,,N,256392,4,ANGLE,21,CLEAR,1,DAYLIGHT,12,MOTOR VEHICLE IN TRANSPORT,21ST AVE N & OSAGE ST,NASHVILLE,TN,37208,4457,NORTH,36.177,-86.8112,POINT (-86.8112 36.177)
20190669378,09/08/2019 08:30:00 PM,2,2,0,,N,179606,2,HEAD-ON,21,CLEAR,1,DAYLIGHT,12,MOTOR VEHICLE IN TRANSPORT,BRILEY PKWY & I40 W EXT RAMP,NASHVILLE,TN,37209,4696,WEST,36.153,-86.8576,POINT (-86.8576 36.153)
20190783735,10/27/2019 11:36:00 AM,2,0,0,,N,332253,4,ANGLE,22,CLOUDY,1,DAYLIGHT,12,MOTOR VEHICLE IN TRANSPORT,OLD HICKORY BLVD & HICKORY HILLS BLVD,WHITES CREEK,TN,37189,2015,MADISO,36.277,-86.7962,POINT (-86.7962 36.277)
20190855091,11/26/2019 01:23:00 PM,1,1,0,,N,462474,0,NOT COLLISION W/MOTOR VEHICLE-TRANSPORT,22,CLOUDY,1,DAYLIGHT,8,PEDESTRIAN,US HWY 70S & 28TH AVE S,NASHVILLE,TN,37212,5815,MIDTOW,36.1453,-86.8119,POINT (-86.8119 36.1453)
20190798714,11/02/2019 04:20:00 PM,2,0,0,,N,299238,11,Front to Rear,21,CLEAR,1,DAYLIGHT,12,MOTOR VEHICLE IN TRANSPORT,GALLATIN PKE & MALQUIN DR,NASHVILLE,TN,37216,1513,EAST,36.2306,-86.725,POINT (-86.725 36.2306)
20190613882,08/17/2019 01:53:00 PM,2,0,0,,N,462474,4,ANGLE,,,1,DAYLIGHT,12,MOTOR VEHICLE IN TRANSPORT,NOLENSVILLE PKE & CONCORD RD,ANTIOCH,TN,37013,8767,SOUTH,35.997,-86.6899,POINT (-86.6899 35.997)
20190811321,11/07/2019 07:30:00 PM,2,0,0,,N,384403,2,HEAD-ON,21,CLEAR,3,DARK - LIGHTED,12;14,MOTOR VEHICLE IN TRANSPORT;PARKED MOTOR VEHICLE,WESTBROOK AV & CRAIGHEAD AV,NASHVILLE,TN,37205,5213,WEST,36.1391,-86.829,POINT (-86.829 36.1391)
20190637971,08/26/2019 06:01:00 PM,2,0,0,,Y,352172,11,Front to Rear,21,CLEAR,1,DAYLIGHT,12,MOTOR VEHICLE IN TRANSPORT,WHITE BRIDGE PKE & WOODMONT BLVD,NASHVILLE,TN,37205,5015,WEST,36.1254,-86.848,POINT (-86.848 36.1254)
20190765612,10/19/2019 04:20:00 AM,1,0,0,,N,352193,0,NOT COLLISION W/MOTOR VEHICLE-TRANSPORT,21,CLEAR,3,DARK - LIGHTED,50,DEER (ANIMAL),MM 218 6 I 40,NASHVILLE,TN,37214,89062,HERMIT,36.1523,-86.6347,POINT (-86.6347 36.1523)
20190605213,08/14/2019 06:50:00 AM,2,1,0,,N,462474,4,ANGLE,21,CLEAR,1,DAYLIGHT,12,MOTOR VEHICLE IN TRANSPORT,19TH AVS & BROADWAY,NASHVILLE,TN,37203,5705,MIDTOW,36.151,-86.7965,POINT (-86.7965 36.151)
20190791275,10/30/2019 11:46:00 AM,2,0,0,,Y,676834,11,Front to Rear,2,RAIN,1,DAYLIGHT,12,MOTOR VEHICLE IN TRANSPORT,MM 86 4 I 65,NASHVILLE,TN,37207,19060,EAST,36.1937,-86.7758,POINT (-86.7758 36.1937)
20190835980,11/18/2019 03:57:00 PM,2,0,0,,N,256426,11,Front to Rear,21,CLEAR,1,DAYLIGHT,12,MOTOR VEHICLE IN TRANSPORT,MM 212 2 I 40,NASHVILLE,TN,37210,90041,HERMIT,36.1458,-86.7414,POINT (-86.7414 36.1458)
20190645535,08/29/2019 06:11:00 PM,2,1,0,,N,256384,2,HEAD-ON,21,CLEAR,1,DAYLIGHT,12,MOTOR VEHICLE IN TRANSPORT,HAYWOOD LN & EZELL RD,NASHVILLE,TN,37211,8709,SOUTH,36.0696,-86.6944,POINT (-86.6944 36.0696)
20190855933,11/26/2019 09:24:00 PM,1,1,0,,N,240983,0,NOT COLLISION W/MOTOR VEHICLE-TRANSPORT,2,RAIN,2,DARK - NOT LIGHTED,63;72,Ran Off Road-Right;EMBANKMENT ROCK/STONE/CONCRETE,I24 E EXT RAMP & I 24,NASHVILLE,TN,37207,30080,NORTH,36.2378,-86.7872,POINT (-86.7872 36.2378)
20190676604,09/11/2019 04:45:00 PM,2,0,0,,N,256383,11,Front to Rear,21,CLEAR,1,DAYLIGHT,12,MOTOR VEHICLE IN TRANSPORT,BRILEY PKWYN & TALLWOOD DR,NASHVILLE,TN,37211,8404,SOUTH,36.1091,-86.7262,POINT (-86.7262 36.1091)
20190815143,11/09/2019 03:00:00 PM,2,1,0,,N,320577,11,Front to Rear,21,CLEAR,1,DAYLIGHT,12,MOTOR VEHICLE IN TRANSPORT,MM 5 6 I 440,NASHVILLE,TN,37211,81060,MIDTOW,36.1219,-86.7622,POINT (-86.7622 36.1219)
20190878057,12/06/2019 05:00:00 PM,2,0,0,,N,352207,4,ANGLE,21,CLEAR,3,DARK - LIGHTED,12,MOTOR VEHICLE IN TRANSPORT,MM 6 0 I 440,NASHVILLE,TN,37211,81060,MIDTOW,36.1217,-86.7565,POINT (-86.7565 36.1217)
20190796861,11/01/2019 05:50:00 PM,2,0,0,,Y,311344,4,ANGLE,21,CLEAR,5,DUSK,12,MOTOR VEHICLE IN TRANSPORT,DICKERSON PKE & OLD HICKORY BLVD,NASHVILLE,TN,37207,2133,MADISO,36.2693,-86.7557,POINT (-86.7557 36.2693)
20190846824,11/22/2019 06:45:00 PM,7,0,0,,N,330427,11,Front to Rear,21,CLEAR,2,DARK - NOT LIGHTED,12,MOTOR VEHICLE IN TRANSPORT,MM 32 8 I 24,JOELTON,TN,37080,23040,NORTH,36.3329,-86.9028,POINT (-86.9028 36.3329)
20190793374,10/31/2019 09:12:00 AM,2,0,0,,N,225777,4,ANGLE,2,RAIN,1,DAYLIGHT,12,MOTOR VEHICLE IN TRANSPORT,MM 200 6 I 40,NASHVILLE,TN,37209,4708,WEST,36.1261,-86.904,POINT (-86.904 36.1261)
20190794175,10/31/2019 02:36:00 PM,1,0,0,Y,N,192871,0,NOT COLLISION W/MOTOR VEHICLE-TRANSPORT,21,CLEAR,1,DAYLIGHT,30;40,UTILITY POLE;MAIL BOX,DUE WEST AVE & ARGLE AV,MADISON,TN,37115,1505,MADISO,36.2476,-86.7157,POINT (-86.7157 36.2476)
20190603301,08/13/2019 01:00:00 PM,2,0,0,,Y,352168,11,Front to Rear,21,CLEAR,1,DAYLIGHT,12,MOTOR VEHICLE IN TRANSPORT,MM 4 2 I 440,NASHVILLE,TN,37204,7012,MIDTOW,36.116,-86.7861,POINT (-86.7861 36.116)
20190828488,11/15/2019 05:50:00 AM,2,2,0,Y,N,320598,11,Front to Rear,21,CLEAR,4,DAWN,12;24,MOTOR VEHICLE IN TRANSPORT;GUARDRAIL FACE,MM 75 0 I 65,BRENTWOOD,TN,37027,86040,MIDTOW,36.0442,-86.7806,POINT (-86.7806 36.0442)
20190818798,11/11/2019 09:10:00 AM,3,0,0,,N,235761,11,Front to Rear,21,CLEAR,1,DAYLIGHT,12,MOTOR VEHICLE IN TRANSPORT,MM 2 2 I 440,NASHVILLE,TN,37215,6006,WEST,36.1272,-86.8152,POINT (-86.8152 36.1272)
20190906112,12/18/2019 06:50:00 PM,2,1,0,,N,279211,4,ANGLE,22,CLOUDY,3,DARK - LIGHTED,12,MOTOR VEHICLE IN TRANSPORT,NORTHSIDE MARKETPLACE PVTDR & GALLATIN P,MADISON,TN,37115,1721,MADISO,36.3073,-86.6848,POINT (-86.6848 36.3073)
20190649228,08/30/2019 11:20:00 PM,1,0,0,,N,311340,0,NOT COLLISION W/MOTOR VEHICLE-TRANSPORT,21,CLEAR,3,DARK - LIGHTED,16,THROWN OR FALLING OBJECT,MM 209 5 I 40,NASHVILLE,TN,37203,40040,CENTRA,36.1502,-86.7844,POINT (-86.7844 36.1502)
20190850403,11/24/2019 02:24:00 PM,3,1,0,,N,909494,4,ANGLE,21,CLEAR,1,DAYLIGHT,12,MOTOR VEHICLE IN TRANSPORT,DOUGLAS AV & JONES AV,NASHVILLE,TN,37207,1905,EAST,36.1939,-86.7595,POINT (-86.7595 36.1939)
20190873076,12/04/2019 06:11:00 PM,2,1,0,,N,311332,4,ANGLE,21,CLEAR,2,DARK - NOT LIGHTED,12;34,MOTOR VEHICLE IN TRANSPORT;DITCH,MM 199 8 I 40,NASHVILLE,TN,37205,4902,WEST,36.1175,-86.9145,POINT (-86.9145 36.1175)
20190741648,10/09/2019 06:13:00 AM,2,0,0,,N,161952,5,SIDESWIPE - SAME DIRECTION,21,CLEAR,4,DAWN,12,MOTOR VEHICLE IN TRANSPORT,MM 87 1 I 65,NASHVILLE,TN,37207,18020,EAST,36.2041,-86.7765,POINT (-86.7765 36.2041)
20190673739,09/10/2019 03:58:00 PM,2,0,0,,Y,714641,5,SIDESWIPE - SAME DIRECTION,21,CLEAR,1,DAYLIGHT,12,MOTOR VEHICLE IN TRANSPORT,8TH AVS & LAFAYETTE ST,NASHVILLE,TN,37203,4043,CENTRA,36.1546,-86.7792,POINT (-86.7792 36.1546)
20190662712,09/05/2019 06:26:00 PM,2,0,0,,N,384436,4,ANGLE,21,CLEAR,1,DAYLIGHT,12,MOTOR VEHICLE IN TRANSPORT,S 5TH ST & SHELBY AV,NASHVILLE,TN,37206,1009,EAST,36.1676,-86.7622,POINT (-86.7622 36.1676)
20190823811,11/13/2019 07:35:00 AM,3,0,0,,Y,299247,11,Front to Rear,21,CLEAR,1,DAYLIGHT,12,MOTOR VEHICLE IN TRANSPORT,BRILEY PKWY & GLASTONBURY RD,NASHVILLE,TN,37217,88943,HERMIT,36.1372,-86.6997,POINT (-86.6997 36.1372)
20190777544,10/24/2019 11:59:00 AM,2,0,0,,N,419952,5,SIDESWIPE - SAME DIRECTION,21,CLEAR,1,DAYLIGHT,12,MOTOR VEHICLE IN TRANSPORT,HARDING PKE & RIDGEFIELD WAY,NASHVILLE,TN,37205,6021,WEST,36.1264,-86.8456,POINT (-86.8456 36.1264)
20190757009,10/15/2019 06:42:00 PM,3,1,0,,N,405418,11,Front to Rear,21,CLEAR,3,DARK - LIGHTED,12,MOTOR VEHICLE IN TRANSPORT,NOLENSVILLE PKE & OLD HICKORY BLVD,NASHVILLE,TN,37211,8717,SOUTH,36.0454,-86.7133,POINT (-86.7133 36.0454)
20190844312,11/21/2019 07:30:00 PM,2,0,0,,N,420040,4,ANGLE,22,CLOUDY,3,DARK - LIGHTED,12,MOTOR VEHICLE IN TRANSPORT,21ST AVS & SWEETBRIAR AV,NASHVILLE,TN,37212,6509,MIDTOW,36.126,-86.805,POINT (-86.805 36.126)
20190855817,11/26/2019 07:09:00 PM,2,0,0,,N,384422,5,SIDESWIPE - SAME DIRECTION,2,RAIN,3,DARK - LIGHTED,12,MOTOR VEHICLE IN TRANSPORT,MURFREESBORO PKE & DONELSON PKE,NASHVILLE,TN,37217,8841,SOUTH,36.1062,-86.6731,POINT (-86.6731 36.1062)
20190617210,08/18/2019 11:15:00 PM,1,0,0,,N,330438,0,NOT COLLISION W/MOTOR VEHICLE-TRANSPORT,21,CLEAR,3,DARK - LIGHTED,30,UTILITY POLE,TULIP GROVE RD & OLD LEBANON DIRT RD,HERMITAGE,TN,37076,9513,HERMIT,36.1886,-86.5933,POINT (-86.5933 36.1886)
20190829930,11/15/2019 06:20:00 PM,2,0,0,,N,279116,4,ANGLE,21,CLEAR,2,DARK - NOT LIGHTED,12,MOTOR VEHICLE IN TRANSPORT,POWELL AV & POWELL AV EXT RAMP,NASHVILLE,TN,37204,8527,MIDTOW,36.1002,-86.761,POINT (-86.761 36.1002)
20190641802,08/28/2019 08:06:00 AM,2,0,0,,Y,256371,11,Front to Rear,21,CLEAR,1,DAYLIGHT,12,MOTOR VEHICLE IN TRANSPORT,MM 222 4 I 40,HERMITAGE,TN,37076,9502,HERMIT,36.1691,-86.572,POINT (-86.572 36.1691)
20190723819,10/01/2019 12:20:00 PM,2,0,0,,N,109495,4,ANGLE,21,CLEAR,1,DAYLIGHT,12,MOTOR VEHICLE IN TRANSPORT,BENTON AV & 8TH AVS,NASHVILLE,TN,37204,6919,MIDTOW,36.1325,-86.7793,POINT (-86.7793 36.1325)
20190874767,12/05/2019 10:29:00 AM,3,0,0,,N,226622,11,Front to Rear,21,CLEAR,1,DAYLIGHT,12,MOTOR VEHICLE IN TRANSPORT,I40 E EXT RAMP & I 40,NASHVILLE,TN,37214,8955,HERMIT,36.155,-86.6271,POINT (-86.6271 36.155)
20190772918,10/22/2019 03:35:00 PM,2,0,0,,N,240957,11,Front to Rear,21,CLEAR,1,DAYLIGHT,12,MOTOR VEHICLE IN TRANSPORT,HARDING PL & TROUSDALE DR,NASHVILLE,TN,37204,8533,MIDTOW,36.0811,-86.7584,POINT (-86.7584 36.0811)
20190755747,10/15/2019 08:10:00 AM,2,0,0,,N,716886,5,SIDESWIPE - SAME DIRECTION,21,CLEAR,1,DAYLIGHT,12,MOTOR VEHICLE IN TRANSPORT,HAYWOOD LN & NOLENSVILLE PKE,NASHVILLE,TN,37211,8711,SOUTH,36.0683,-86.7189,POINT (-86.7189 36.0683)
20190851780,11/25/2019 07:20:00 AM,2,0,0,,N,191578,5,SIDESWIPE - SAME DIRECTION,21,CLEAR,1,DAYLIGHT,12,MOTOR VEHICLE IN TRANSPORT,OLD HICKORY BLVD & ANDREW JACKSON PKWY,HERMITAGE,TN,37076,9561,HERMIT,36.1836,-86.6107,POINT (-86.6107 36.1836)
20190722006,09/30/2019 07:06:00 PM,2,0,0,,N,320599,4,ANGLE,21,CLEAR,3,DARK - LIGHTED,12,MOTOR VEHICLE IN TRANSPORT,BELL RD & STEWARTS FERRY PKE,NASHVILLE,TN,37214,8959,HERMIT,36.1522,-86.6251,POINT (-86.6251 36.1522)
20190707429,09/24/2019 12:15:00 PM,2,0,0,,N,352202,11,Front to Rear,21,CLEAR,1,DAYLIGHT,12,MOTOR VEHICLE IN TRANSPORT,8TH AVS & DIVISION ST,NASHVILLE,TN,37203,4009,CENTRA,36.1497,-86.7792,POINT (-86.7792 36.1497)
20190770380,10/21/2019 02:50:00 PM,1,0,0,,N,330440,0,NOT COLLISION W/MOTOR VEHICLE-TRANSPORT,2,RAIN,1,DAYLIGHT,24,GUARDRAIL FACE,MM 88 5 I 65,NASHVILLE,TN,37207,30040,NORTH,36.2237,-86.7746,POINT (-86.7746 36.2237)
20190648759,08/30/2019 08:34:00 PM,2,2,0,Y,N,384450,5,SIDESWIPE - SAME DIRECTION,21,CLEAR,3,DARK - LIGHTED,12;25;64;71,MOTOR VEHICLE IN TRANSPORT;GUARDRAIL END;Ran Off Road-Left;EMBANKMENT EARTH,MM 86 5 I 65,NASHVILLE,TN,37207,3006,NORTH,36.1946,-86.7762,POINT (-86.7762 36.1946)
20190790740,10/30/2019 06:24:00 AM,2,0,0,,N,224824,11,Front to Rear,2,RAIN,3,DARK - LIGHTED,12,MOTOR VEHICLE IN TRANSPORT,OLD LEBANON DIRT RD & ANDREW JACKSON PKW,HERMITAGE,TN,37076,9523,HERMIT,36.188,-86.6077,POINT (-86.6077 36.188)
20190749701,10/12/2019 03:25:00 PM,2,0,0,,N,256417,11,Front to Rear,21,CLEAR,1,DAYLIGHT,12,MOTOR VEHICLE IN TRANSPORT,CASCADE DR & SHASTA DR,HERMITAGE,TN,37076,9727,HERMIT,36.2223,-86.5908,POINT (-86.5908 36.2223)
20190918703,12/24/2019 06:16:00 PM,2,2,0,,N,306708,4,ANGLE,21,CLEAR,7,Dark-Unknown Lighting,12,MOTOR VEHICLE IN TRANSPORT,PORT DR & WESTCHESTER DR,MADISON,TN,37115,2041,MADISO,36.2639,-86.7425,POINT (-86.7425 36.2639)
20190791195,10/30/2019 11:10:00 AM,1,1,0,Y,N,665896,0,NOT COLLISION W/MOTOR VEHICLE-TRANSPORT,22,CLOUDY,1,DAYLIGHT,1;67;71,Vehicle Airborne;EMBANKMENT EARTH,ELLINGTON PKWY S EXT RAMP & MCFERRIN AV,NASHVILLE,TN,37207,18960,EAST,36.1934,-86.7533,POINT (-86.7533 36.1934)
20190719561,09/29/2019 04:41:00 PM,2,0,0,,N,212369,5,SIDESWIPE - SAME DIRECTION,21,CLEAR,1,DAYLIGHT,12,MOTOR VEHICLE IN TRANSPORT,OLD HICKORY BLVD & EDMONDSON PKE,NASHVILLE,TN,37220,8615,MIDTOW,36.04,-86.7435,POINT (-86.7435 36.04)
20190781989,10/26/2019 11:53:00 AM,2,0,0,,Y,311799,11,Front to Rear,2,RAIN,1,DAYLIGHT,12,MOTOR VEHICLE IN TRANSPORT,DUE WEST AVW & S GRAYCROFT AV,MADISON,TN,37115,1799,MADISO,36.2492,-86.7345,POINT (-86.7345 36.2492)
20190657535,09/03/2019 03:59:00 PM,2,0,0,,N,279225,4,ANGLE,21,CLEAR,1,DAYLIGHT,12,MOTOR VEHICLE IN TRANSPORT,TYLER DR & LEBANON PKE,HERMITAGE,TN,37076,9507,HERMIT,36.2237,-86.5898,POINT (-86.5898 36.2237)
20190595545,08/10/2019 11:08:00 AM,2,0,0,,N,224824,11,Front to Rear,21,CLEAR,1,DAYLIGHT,12,MOTOR VEHICLE IN TRANSPORT,LEBANON PKE WB EXT RAMP & OLD HICKORY BL,OLD HICKORY,TN,37138,9739,HERMIT,36.1992,-86.6204,POINT (-86.6204 36.1992)
20190732810,10/05/2019 12:00:00 AM,2,0,0,,N,330411,5,SIDESWIPE - SAME DIRECTION,21,CLEAR,3,DARK - LIGHTED,12,MOTOR VEHICLE IN TRANSPORT,MM 46 6 I 24,NASHVILLE,TN,37207,3006,NORTH,36.1936,-86.7762,POINT (-86.7762 36.1936)
20190681860,09/13/2019 03:42:00 PM,2,1,0,,N,887598,11,Front to Rear,21,CLEAR,1,DAYLIGHT,12,MOTOR VEHICLE IN TRANSPORT,BRILEY PKWYE & I24 E EXT RAMP,NASHVILLE,TN,37207,30080,NORTH,36.2379,-86.7869,POINT (-86.7869 36.2379)
20190889556,12/11/2019 05:25:00 PM,2,0,0,,N,256423,11,Front to Rear,21,CLEAR,2,DARK - NOT LIGHTED,12,MOTOR VEHICLE IN TRANSPORT,BRILEY PKWYS & ASHLAND CITY HWY,NASHVILLE,TN,37218,3206,NORTH,36.2091,-86.8715,POINT (-86.8715 36.2091)
20190615855,08/18/2019 09:19:00 AM,2,1,0,,N,320595,11,Front to Rear,21,CLEAR,1,DAYLIGHT,12,MOTOR VEHICLE IN TRANSPORT,KNIGHTS OF COLUMBUS BLVD & I40 E ENT RAM,NASHVILLE,TN,37217,8951,HERMIT,36.1422,-86.6967,POINT (-86.6967 36.1422)
20190752110,10/13/2019 09:21:00 PM,2,0,0,,Y,298859,4,ANGLE,21,CLEAR,3,DARK - LIGHTED,12,MOTOR VEHICLE IN TRANSPORT,OLD MURFREESBORO PIKE & SMITH SPRINGS RD,NASHVILLE,TN,37217,8947,HERMIT,36.0968,-86.6546,POINT (-86.6546 36.0968)