Accident Number,Date and Time,Number of Motor Vehicles,Number of Injuries,Number of Fatalities,Property Damage,Hit and Run,Reporting Officer,Collision Type Code,Collision Type Description,Weather Code,Weather Description,Illumination Code,Illumination Description,Harmful Code,Harmful Code Description,Street Address,City,State,ZIP,RPA,Precinct,Latitude,Longitude,Mapped Location
20190814903,11/10/2019 11:30:00 AM,1,0,0,,N,807319,0,NOT COLLISION W/MOTOR VEHICLE-TRANSPORT,21,CLEAR,1,DAYLIGHT,8,PEDESTRIAN,MM 208 7 I 40,NASHVILLE,TN,37203,4202,CENTRA,36.1613,-86.7932,POINT (-86.7932 36.1613)
20190929119,12/30/2019 08:00:00 AM,2,1,0,,Y,109495,5,SIDESWIPE - SAME DIRECTION,21,CLEAR,1,DAYLIGHT,12,MOTOR VEHICLE IN TRANSPORT,MM 7 1 I 440,NASHVILLE,TN,37210,8104,SOUTH,36.1249,-86.7355,POINT (-86.7355 36.1249)
20190898060,12/15/2019 10:50:00 AM,2,3,0,,N,262766,11,Front to Rear,21,CLEAR,1,DAYLIGHT,12,MOTOR VEHICLE IN TRANSPORT,OLD HICKORY BLVD & CHICKERING WOOD DR,NASHVILLE,TN,37215,6205,WEST,36.0479,-86.865,POINT (-86.865 36.0479)
20190698960,09/20/2019 05:05:00 PM,2,0,0,,N,420040,5,SIDESWIPE - SAME DIRECTION,21,CLEAR,1,DAYLIGHT,12,MOTOR VEHICLE IN TRANSPORT,WEST END AV & 25TH AVS,NASHVILLE,TN,37212,5717,MIDTOW,36.147,-86.8084,POINT (-86.8084 36.147)
20190824674,11/13/2019 03:10:00 PM,2,0,0,,N,384424,5,SIDESWIPE - SAME DIRECTION,21,CLEAR,1,DAYLIGHT,12,MOTOR VEHICLE IN TRANSPORT,CHARLOTTE AV & I40 E EXT RAMP,NASHVILLE,TN,37203,5425,NORTH,36.1609,-86.7934,POINT (-86.7934 36.1609)
20190840367,11/20/2019 08:05:00 AM,2,1,0,,N,799013,5,SIDESWIPE - SAME DIRECTION,21,CLEAR,1,DAYLIGHT,1;12;36,MOTOR VEHICLE IN TRANSPORT;CONCRETE TRAFFIC BARRIER,BRILEY PKWYN & MUSIC VALLEY DR,NASHVILLE,TN,37214,92860,HERMIT,36.2225,-86.6937,POINT (-86.6937 36.2225)
20190896505,12/14/2019 02:40:00 PM,3,0,0,,N,330425,11,Front to Rear,22,CLOUDY,1,DAYLIGHT,12,MOTOR VEHICLE IN TRANSPORT,GALLATIN PKES & E PALESTINE AV,MADISON,TN,37115,1507,MADISO,36.2491,-86.7196,POINT (-86.7196 36.2491)
20190889527,12/11/2019 02:50:00 PM,2,0,0,,N,240983,5,SIDESWIPE - SAME DIRECTION,21,CLEAR,1,DAYLIGHT,12,MOTOR VEHICLE IN TRANSPORT,GRACEWOOD GROVE & STONEFARM TRL,ANTIOCH,TN,37013,8927,SOUTH,36.051,-86.6052,POINT (-86.6052 36.051)
20190759764,10/16/2019 08:25:00 PM,2,0,0,,Y,240966,11,Front to Rear,21,CLEAR,3,DARK - LIGHTED,12,MOTOR VEHICLE IN TRANSPORT,DOUGLAS AV & ELLINGTON PKWYS,NASHVILLE,TN,37206,1992,EAST,36.1934,-86.7529,POINT (-86.7529 36.1934)
20190772645,10/22/2019 01:03:00 PM,2,0,0,,N,191578,5,SIDESWIPE - SAME DIRECTION,21,CLEAR,1,DAYLIGHT,12,MOTOR VEHICLE IN TRANSPORT,FESSLERS LN & MURFREESBORO PKE,NASHVILLE,TN,37210,8217,HERMIT,36.1428,-86.7444,POINT (-86.7444 36.1428)
20190685931,09/15/2019 02:18:00 PM,2,1,0,,N,206964,11,Front to Rear,21,CLEAR,1,DAYLIGHT,12,MOTOR VEHICLE IN TRANSPORT,BELL RD & BENT TREE  PVTDR,ANTIOCH,TN,37013,8865,SOUTH,36.0516,-86.6456,POINT (-86.6456 36.0516)
20190879584,12/07/2019 10:20:00 AM,1,3,0,,N,279230,0,NOT COLLISION W/MOTOR VEHICLE-TRANSPORT,21,CLEAR,1,DAYLIGHT,24,GUARDRAIL FACE,MM 62 4 I 24,ANTIOCH,TN,37013,8806,SOUTH,36.0157,-86.6218,POINT (-86.6218 36.0157)
20190712640,09/26/2019 01:30:00 PM,2,0,0,,Y,311339,4,ANGLE,22,CLOUDY,1,DAYLIGHT,12,MOTOR VEHICLE IN TRANSPORT,MM 209 6 I 40,NASHVILLE,TN,37203,40040,CENTRA,36.1497,-86.7832,POINT (-86.7832 36.1497)
20190702391,09/22/2019 10:00:00 AM,2,0,0,,N,320575,4,ANGLE,21,CLEAR,1,DAYLIGHT,12,MOTOR VEHICLE IN TRANSPORT,OAKWOOD FOREST DR & UNA ANTIOCH PKE,ANTIOCH,TN,37013,8891,SOUTH,36.0781,-86.657,POINT (-86.657 36.0781)
20190894636,12/13/2019 04:07:00 PM,2,0,0,,Y,414668,11,Front to Rear,2,RAIN,1,DAYLIGHT,12,MOTOR VEHICLE IN TRANSPORT,MM 85 3 I 65,NASHVILLE,TN,37208,43042,NORTH,36.1847,-86.7977,POINT (-86.7977 36.1847)
20190832026,11/16/2019 07:30:00 PM,2,0,0,,Y,212338,98,OTHER,21,CLEAR,2,DARK - NOT LIGHTED,12,MOTOR VEHICLE IN TRANSPORT,BEECH GROVE WAY & HAMDEN DR,NASHVILLE,TN,37211,8657,MIDTOW,36.0565,-86.7382,POINT (-86.7382 36.0565)
20190925892,12/28/2019 04:17:00 PM,1,0,0,Y,N,311804,0,NOT COLLISION W/MOTOR VEHICLE-TRANSPORT,22,CLOUDY,1,DAYLIGHT,38,FENCE,N 1ST ST & OLDHAM ST,NASHVILLE,TN,37213,1985,CENTRA,36.1744,-86.7742,POINT (-86.7742 36.1744)
20190605395,08/14/2019 08:10:00 AM,2,1,0,,N,352179,11,Front to Rear,21,CLEAR,1,DAYLIGHT,12,MOTOR VEHICLE IN TRANSPORT,MM 210 1 I 40,NASHVILLE,TN,37203,4006,CENTRA,36.1492,-86.7751,POINT (-86.7751 36.1492)
20190889040,12/11/2019 01:10:00 PM,2,0,0,,N,384436,11,Front to Rear,21,CLEAR,1,DAYLIGHT,12,MOTOR VEHICLE IN TRANSPORT,I24E & I24 W EXT RAMP,NASHVILLE,TN,37210,8102,SOUTH,36.1336,-86.7269,POINT (-86.7269 36.1336)
20190810773,11/07/2019 03:50:00 PM,2,0,0,,Y,240982,5,SIDESWIPE - SAME DIRECTION,2,RAIN,1,DAYLIGHT,12,MOTOR VEHICLE IN TRANSPORT,4TH AVS & LAFAYETTE ST,NASHVILLE,TN,37203,4007,CENTRA,36.1515,-86.7711,POINT (-86.7711 36.1515)
20190894361,12/13/2019 01:33:00 PM,1,0,0,Y,N,468160,0,NOT COLLISION W/MOTOR VEHICLE-TRANSPORT,2,RAIN,1,DAYLIGHT,40,MAIL BOX,DONELSONWOOD DR & STEWARTS FERRY PKE,NASHVILLE,TN,37214,9401,HERMIT,36.1677,-86.6568,POINT (-86.6568 36.1677)
20190914752,12/22/2019 08:53:00 PM,2,0,0,,Y,299257,4,ANGLE,2,RAIN,3,DARK - LIGHTED,12,MOTOR VEHICLE IN TRANSPORT,I65 S ENT RAMP & I 40,NASHVILLE,TN,37203,4006,CENTRA,36.1491,-86.7753,POINT (-86.7753 36.1491)
20190902751,12/17/2019 01:55:00 PM,2,1,0,,N,876581,4,ANGLE,22,CLOUDY,1,DAYLIGHT,12,MOTOR VEHICLE IN TRANSPORT,CONFERENCE DR & THE SHOPPES AT RIVERGATE,MADISON,TN,37115,1737,MADISO,36.3038,-86.6926,POINT (-86.6926 36.3038)
20190618779,08/19/2019 02:28:00 PM,1,0,0,Y,N,151132,0,NOT COLLISION W/MOTOR VEHICLE-TRANSPORT,21,CLEAR,1,DAYLIGHT,18,OTHER OBJECT (NOT FIXED),MM 39 5 I 24,WHITES CREEK,TN,37189,2210,MADISO,36.2896,-86.8096,POINT (-86.8096 36.2896)
20190756040,10/14/2019 11:00:00 PM,2,0,0,,Y,620057,9,UNKNOWN,99,UNKNOWN,9,UNKNOWN,14,PARKED MOTOR VEHICLE,BRICK CT & BRICK DR,NASHVILLE,TN,37207,2045,MADISO,36.2581,-86.7768,POINT (-86.7768 36.2581)
20190805875,11/05/2019 05:00:00 PM,2,0,0,,N,256384,5,SIDESWIPE - SAME DIRECTION,21,CLEAR,3,DARK - LIGHTED,12,MOTOR VEHICLE IN TRANSPORT,MM 51 3 I 24,NASHVILLE,TN,37210,8102,SOUTH,36.137,-86.7273,POINT (-86.7273 36.137)
20190683711,09/14/2019 10:35:00 AM,2,0,0,Y,N,402660,4,ANGLE,21,CLEAR,1,DAYLIGHT,12;38,MOTOR VEHICLE IN TRANSPORT;FENCE,NEBRASKA AV & 39TH AVN,NASHVILLE,TN,37209,5215,WEST,36.1427,-86.8308,POINT (-86.8308 36.1427)
20190705271,09/23/2019 04:35:00 PM,2,0,0,,Y,717341,11,Front to Rear,21,CLEAR,1,DAYLIGHT,12,MOTOR VEHICLE IN TRANSPORT,HAMILTON CHURCH RD & HOBSON PKE,ANTIOCH,TN,37013,8905,SOUTH,36.0586,-86.5978,POINT (-86.5978 36.0586)
20190743422,10/09/2019 12:00:00 AM,2,0,0,,Y,256493,9,UNKNOWN,21,CLEAR,1,DAYLIGHT,14,PARKED MOTOR VEHICLE,WILDWOOD DR & GOODWIN DR,NASHVILLE,TN,37217,8965,HERMIT,36.0839,-86.6244,POINT (-86.6244 36.0839)
20190848649,11/23/2019 04:09:00 PM,1,0,0,Y,N,306708,0,NOT COLLISION W/MOTOR VEHICLE-TRANSPORT,22,CLOUDY,1,DAYLIGHT,19,BUILDING,SINGER DR & ROOSEVELT AVE,MADISON,TN,37115,1711,MADISO,36.1572,-86.8036,POINT (-86.8036 36.1572)
20190707508,09/24/2019 02:41:00 PM,2,0,0,,N,256380,4,ANGLE,21,CLEAR,1,DAYLIGHT,12,MOTOR VEHICLE IN TRANSPORT,CHARLOTTE AV & 18TH AVN,NASHVILLE,TN,37203,5505,MIDTOW,36.1581,-86.7999,POINT (-86.7999 36.1581)
20190791551,10/30/2019 02:20:00 PM,2,2,0,,N,473670,11,Front to Rear,2,RAIN,1,DAYLIGHT,12,MOTOR VEHICLE IN TRANSPORT,DICKERSON PKE & JOSEPH AV,NASHVILLE,TN,37207,1893,EAST,36.1944,-86.7723,POINT (-86.7723 36.1944)
20190733192,10/05/2019 05:50:00 AM,2,0,0,,N,279201,5,SIDESWIPE - SAME DIRECTION,21,CLEAR,3,DARK - LIGHTED,14,PARKED MOTOR VEHICLE,MM 212 8 I 40,NASHVILLE,TN,37210,90040,HERMIT,36.1425,-86.7353,POINT (-86.7353 36.1425)
20190650321,08/31/2019 12:14:00 PM,2,0,0,,Y,320592,11,Front to Rear,21,CLEAR,1,DAYLIGHT,12,MOTOR VEHICLE IN TRANSPORT,MURFREESBORO PKE & POLK AV,NASHVILLE,TN,37210,8117,SOUTH,36.1424,-86.7432,POINT (-86.7432 36.1424)
20190719906,09/29/2019 09:10:00 PM,2,0,0,,Y,298874,11,Front to Rear,21,CLEAR,3,DARK - LIGHTED,12,MOTOR VEHICLE IN TRANSPORT,GALLATIN AV & GALLATIN PKE,NASHVILLE,TN,37216,1401,EAST,36.197,-86.7421,POINT (-86.7421 36.197)
20190655207,09/02/2019 05:34:00 PM,2,1,0,,Y,256383,11,Front to Rear,21,CLEAR,1,DAYLIGHT,12,MOTOR VEHICLE IN TRANSPORT,HARDING PL & METROPLEX DR,NASHVILLE,TN,37211,8889,SOUTH,36.0868,-86.6959,POINT (-86.6959 36.0868)
20190916117,12/23/2019 12:54:00 PM,1,0,0,,N,909494,0,NOT COLLISION W/MOTOR VEHICLE-TRANSPORT,21,CLEAR,1,DAYLIGHT,36;7,CONCRETE TRAFFIC BARRIER,MM 88 8 I 65,NASHVILLE,TN,37207,20021,MADISO,36.2285,-86.7727,POINT (-86.7727 36.2285)
20190767068,10/19/2019 06:22:00 PM,2,0,0,,Y,256377,11,Front to Rear,21,CLEAR,3,DARK - LIGHTED,12,MOTOR VEHICLE IN TRANSPORT,0 GLENROSE AV,NASHVILLE,TN,37210,8101,SOUTH,36.1259,-86.7524,POINT (-86.7524 36.1259)
20190642458,08/28/2019 01:06:00 PM,2,0,0,,N,109534,11,Front to Rear,21,CLEAR,1,DAYLIGHT,12,MOTOR VEHICLE IN TRANSPORT,LEBANON PKE & OLD HICKORY BLVD,HERMITAGE,TN,37076,9613,HERMIT,36.1756,-86.6154,POINT (-86.6154 36.1756)
20190853696,11/25/2019 11:19:00 PM,2,1,0,,N,384434,4,ANGLE,21,CLEAR,3,DARK - LIGHTED,12,MOTOR VEHICLE IN TRANSPORT,MURFREESBORO PKE & BELL RD,ANTIOCH,TN,37013,8865,SOUTH,36.072,-86.636,POINT (-86.636 36.072)
20190616682,08/18/2019 06:55:00 PM,3,0,0,,N,596389,4,ANGLE,21,CLEAR,5,DUSK,12,MOTOR VEHICLE IN TRANSPORT,OLD HICKORY BLVD & HIGHWAY 70S,NASHVILLE,TN,37221,4901,WEST,36.0742,-86.9208,POINT (-86.9208 36.0742)
20190602908,08/13/2019 10:01:00 AM,2,0,0,,N,584947,11,Front to Rear,21,CLEAR,1,DAYLIGHT,12,MOTOR VEHICLE IN TRANSPORT,MM 80 0 I 65,NASHVILLE,TN,37204,7018,MIDTOW,36.1134,-86.7724,POINT (-86.7724 36.1134)
20190693194,09/18/2019 12:13:00 PM,2,0,0,,N,225773,4,ANGLE,21,CLEAR,1,DAYLIGHT,12,MOTOR VEHICLE IN TRANSPORT,21ST AVS & BLAIR BLVD,NASHVILLE,TN,37212,6607,MIDTOW,36.1304,-86.802,POINT (-86.802 36.1304)
20190845382,11/22/2019 05:46:00 AM,2,0,0,,N,137872,5,SIDESWIPE - SAME DIRECTION,2,RAIN,3,DARK - LIGHTED,12,MOTOR VEHICLE IN TRANSPORT,MURFREESBORO PKE & FOOTHILL DR,NASHVILLE,TN,37217,8801,SOUTH,36.1314,-86.7172,POINT (-86.7172 36.1314)
20190885861,12/10/2019 08:26:00 AM,2,0,0,,N,414731,11,Front to Rear,22,CLOUDY,1,DAYLIGHT,12,MOTOR VEHICLE IN TRANSPORT,UNA ANTIOCH PIKE & TREETOP DR,NASHVILLE,TN,37217,8853,SOUTH,36.0758,-86.6605,POINT (-86.6605 36.0758)
20190732122,10/04/2019 06:30:00 PM,2,1,0,,N,330443,4,ANGLE,21,CLEAR,3,DARK - LIGHTED,12,MOTOR VEHICLE IN TRANSPORT,GALLATIN PKEN & MCHENRY CENTER PVTDR,GOODLETTSVILLE,TN,37072,1753,MADISO,36.2949,-86.7009,POINT (-86.7009 36.2949)
20190636559,08/26/2019 06:20:00 AM,2,0,0,,Y,279201,5,SIDESWIPE - SAME DIRECTION,2,RAIN,1,DAYLIGHT,12,MOTOR VEHICLE IN TRANSPORT,MM 212 0 I 40,NASHVILLE,TN,37210,90041,HERMIT,36.147,-86.7433,POINT (-86.7433 36.147)
20190930408,12/30/2019 07:55:00 PM,2,0,0,,N,279208,5,SIDESWIPE - SAME DIRECTION,21,CLEAR,7,Dark-Unknown Lighting,12,MOTOR VEHICLE IN TRANSPORT,WEST END AV & 19TH AVN,NASHVILLE,TN,37203,5707,MIDTOW,36.1526,-86.7968,POINT (-86.7968 36.1526)
20190804575,11/05/2019 06:40:00 AM,2,1,0,,N,226098,11,Front to Rear,21,CLEAR,1,DAYLIGHT,12,MOTOR VEHICLE IN TRANSPORT,MM 36 6 I 24,WHITES CREEK,TN,37189,33180,NORTH,36.3184,-86.8427,POINT (-86.8427 36.3184)
20190671390,09/09/2019 06:12:00 PM,1,0,0,,Y,179606,0,NOT COLLISION W/MOTOR VEHICLE-TRANSPORT,21,CLEAR,1,DAYLIGHT,30,UTILITY POLE,HUMPHREYS ST & PILLOW ST,NASHVILLE,TN,37203,8009,MIDTOW,36.1418,-86.7663,POINT (-86.7663 36.1418)
20190637571,08/26/2019 04:13:00 PM,1,0,0,,N,151132,0,NOT COLLISION W/MOTOR VEHICLE-TRANSPORT,2,RAIN,1,DAYLIGHT,34;63,DITCH;Ran Off Road-Right,BRILEY PKWYE & BRILEY PKWYW,NASHVILLE,TN,37207,20120,MADISO,36.2396,-86.7751,POINT (-86.7751 36.2396)
20190855585,11/26/2019 04:45:00 PM,2,0,0,,N,256448,11,Front to Rear,2,RAIN,1,DAYLIGHT,12,MOTOR VEHICLE IN TRANSPORT,ELM HILL PKE & AIRWAYS CIR,NASHVILLE,TN,37214,9117,HERMIT,36.1523,-86.6819,POINT (-86.6819 36.1523)
20190687096,09/16/2019 06:57:00 AM,2,0,0,,Y,191578,5,SIDESWIPE - SAME DIRECTION,21,CLEAR,1,DAYLIGHT,12,MOTOR VEHICLE IN TRANSPORT,MM 213 9 I 40,NASHVILLE,TN,37217,8802,HERMIT,36.1415,-86.7148,POINT (-86.7148 36.1415)
20190813481,11/08/2019 05:33:00 PM,2,0,0,,N,330445,4,ANGLE,21,CLEAR,3,DARK - LIGHTED,12,MOTOR VEHICLE IN TRANSPORT,WEST END AV & 29TH AVS,NASHVILLE,TN,37212,5815,MIDTOW,36.1439,-86.8139,POINT (-86.8139 36.1439)
20190771973,10/22/2019 07:46:00 AM,2,0,0,,N,191578,11,Front to Rear,21,CLEAR,1,DAYLIGHT,12,MOTOR VEHICLE IN TRANSPORT,MM 211 6 I 40,NASHVILLE,TN,37210,82042,HERMIT,36.1508,-86.7502,POINT (-86.7502 36.1508)
20190649367,08/31/2019 01:15:00 AM,2,0,0,,Y,481573,11,Front to Rear,21,CLEAR,3,DARK - LIGHTED,12;14,MOTOR VEHICLE IN TRANSPORT;PARKED MOTOR VEHICLE,FRANKLIN PKE & OLD HICKORY BLVD,NASHVILLE,TN,37220,7111,MIDTOW,36.0377,-86.7865,POINT (-86.7865 36.0377)
20190788101,10/29/2019 07:44:00 AM,3,1,0,,N,279113,98,OTHER,21,CLEAR,1,DAYLIGHT,12,MOTOR VEHICLE IN TRANSPORT,ATRIUM WAY & ELM HILL PKE,NASHVILLE,TN,37214,9107,HERMIT,36.1535,-86.6877,POINT (-86.6877 36.1535)
20190902707,12/17/2019 01:30:00 PM,2,0,0,,N,226622,5,SIDESWIPE - SAME DIRECTION,22,CLOUDY,1,DAYLIGHT,12,MOTOR VEHICLE IN TRANSPORT,WHITE BRIDGE PKE & LENOX AV,NASHVILLE,TN,37209,5103,WEST,36.1493,-86.8579,POINT (-86.8579 36.1493)
20190862206,11/29/2019 11:00:00 PM,2,0,0,,N,330414,4,ANGLE,21,CLEAR,3,DARK - LIGHTED,12,MOTOR VEHICLE IN TRANSPORT,US HWY 31E & E WEBSTER ST,MADISON,TN,37115,1507,MADISO,36.2524,-86.7174,POINT (-86.7174 36.2524)
20190846323,11/22/2019 02:47:00 PM,2,0,0,,N,256446,4,ANGLE,21,CLEAR,1,DAYLIGHT,12,MOTOR VEHICLE IN TRANSPORT,MURFREESBORO PKE & HOBSON PKE,ANTIOCH,TN,37013,8927,SOUTH,36.1576,-86.6584,POINT (-86.6584 36.1576)
20190746026,10/10/2019 10:06:00 PM,2,0,0,,Y,468098,11,Front to Rear,21,CLEAR,3,DARK - LIGHTED,12,MOTOR VEHICLE IN TRANSPORT,NOLENSVILLE PKE & TUSCULUM RD,NASHVILLE,TN,37211,8715,SOUTH,36.0587,-86.7162,POINT (-86.7162 36.0587)
20190676033,09/11/2019 12:06:00 PM,3,0,0,,N,876573,98,OTHER,21,CLEAR,1,DAYLIGHT,12,MOTOR VEHICLE IN TRANSPORT,MURFREESBORO PKE & MOUNTAIN SPRINGS RD,ANTIOCH,TN,37013,8927,SOUTH,36.0478,-86.6121,POINT (-86.6121 36.0478)
20190631657,08/23/2019 10:38:00 PM,2,0,0,,Y,279117,4,ANGLE,21,CLEAR,2,DARK - NOT LIGHTED,12,MOTOR VEHICLE IN TRANSPORT,FERN AV & WHITES CREEK PKE,NASHVILLE,TN,37207,1867,EAST,36.1955,-86.7751,POINT (-86.7751 36.1955)
20190619224,08/19/2019 05:20:00 PM,4,0,0,,Y,717341,11,Front to Rear,21,CLEAR,1,DAYLIGHT,12,MOTOR VEHICLE IN TRANSPORT,BURKITT RD & BATTLE RD,ANTIOCH,TN,37013,8771,SOUTH,36.0594,-86.7161,POINT (-86.7161 36.0594)
20190886426,12/10/2019 01:05:00 PM,2,0,0,,N,109534,11,Front to Rear,22,CLOUDY,1,DAYLIGHT,12,MOTOR VEHICLE IN TRANSPORT,KNIGHTS OF COLUMBUS BLVD & I40 E ENT RAM,NASHVILLE,TN,37217,8951,HERMIT,36.1422,-86.6967,POINT (-86.6967 36.1422)
20190669362,09/08/2019 12:00:00 AM,2,0,0,,Y,279118,4,ANGLE,21,CLEAR,7,Dark-Unknown Lighting,12,MOTOR VEHICLE IN TRANSPORT,WILCLAY DR & CHARLOTTE PKE,NASHVILLE,TN,37209,5023,WEST,36.1432,-86.876,POINT (-86.876 36.1432)
20190767218,10/19/2019 11:43:00 PM,1,0,0,,N,298879,0,NOT COLLISION W/MOTOR VEHICLE-TRANSPORT,22,CLOUDY,2,DARK - NOT LIGHTED,50,DEER (ANIMAL),OLD HARDING PKE & HARPETH RIV MORTON MIL,NASHVILLE,TN,37221,4819,WEST,36.0579,-86.9456,POINT (-86.9456 36.0579)
20190925330,12/28/2019 08:11:00 AM,1,1,0,,N,224437,0,NOT COLLISION W/MOTOR VEHICLE-TRANSPORT,8,"SMOG, SMOKE",1,DAYLIGHT,2;24;63;72,GUARDRAIL FACE;Ran Off Road-Right;EMBANKMENT ROCK/STONE/CONCRETE,MM 51 5 I 24,NASHVILLE,TN,37210,9004,HERMIT,36.1404,-86.7287,POINT (-86.7287 36.1404)
20190719826,09/29/2019 08:12:00 PM,1,0,0,,N,299257,0,NOT COLLISION W/MOTOR VEHICLE-TRANSPORT,21,CLEAR,,,36,CONCRETE TRAFFIC BARRIER,MM 5 8 I 440,NASHVILLE,TN,37204,83062,MIDTOW,36.1217,-86.7596,POINT (-86.7596 36.1217)
20190698988,09/20/2019 06:17:00 PM,2,2,0,,N,320599,4,ANGLE,21,CLEAR,5,DUSK,12,MOTOR VEHICLE IN TRANSPORT,JUAREZ DR & HERMITAGE MARKETPLACE PVTDR,HERMITAGE,TN,37076,9507,HERMIT,36.1924,-86.6162,POINT (-86.6162 36.1924)
20190603754,08/13/2019 04:21:00 PM,2,0,0,,N,256446,4,ANGLE,2,RAIN,1,DAYLIGHT,12,MOTOR VEHICLE IN TRANSPORT,MURFREESBORO PKE & HAMILTON CHURCH RD,ANTIOCH,TN,37013,8865,SOUTH,36.0649,-86.6286,POINT (-86.6286 36.0649)
20190607956,08/15/2019 07:08:00 AM,2,0,0,,N,109534,11,Front to Rear,,,1,DAYLIGHT,12,MOTOR VEHICLE IN TRANSPORT,PITTS AV & LAKESHORE DR,OLD HICKORY,TN,37138,9723,HERMIT,36.2388,-86.63,POINT (-86.63 36.2388)
20190753273,10/14/2019 08:35:00 AM,2,0,0,,Y,320592,5,SIDESWIPE - SAME DIRECTION,21,CLEAR,1,DAYLIGHT,12,MOTOR VEHICLE IN TRANSPORT,BRILEY PKWYN & BRILEY PKWY N EXT RAMP,NASHVILLE,TN,37214,9294,HERMIT,36.1977,-86.688,POINT (-86.688 36.1977)
20190678018,09/12/2019 07:16:00 AM,1,1,0,,N,306231,0,NOT COLLISION W/MOTOR VEHICLE-TRANSPORT,21,CLEAR,1,DAYLIGHT,36,CONCRETE TRAFFIC BARRIER,BRILEY PKWYN & BRILEY PKWYS,NASHVILLE,TN,37211,8404,SOUTH,36.1092,-86.727,POINT (-86.727 36.1092)
20190844765,11/21/2019 11:53:00 PM,1,0,0,,N,212334,0,NOT COLLISION W/MOTOR VEHICLE-TRANSPORT,2,RAIN,3,DARK - LIGHTED,24,GUARDRAIL FACE,MM 40 3 I 24,WHITES CREEK,TN,37189,2210,MADISO,36.2798,-86.8023,POINT (-86.8023 36.2798)
20190888853,10/15/2019 11:45:00 AM,2,0,0,,N,716886,11,Front to Rear,21,CLEAR,1,DAYLIGHT,12,MOTOR VEHICLE IN TRANSPORT,MORRIS GENTRY BLVD & MURFREESBORO PKE,ANTIOCH,TN,37013,8865,SOUTH,36.0673,-86.6314,POINT (-86.6314 36.0673)
20190791713,10/30/2019 03:22:00 PM,2,0,0,,Y,330444,4,ANGLE,2,RAIN,1,DAYLIGHT,12,MOTOR VEHICLE IN TRANSPORT,LYLE AVE & US HWY 431,NASHVILLE,TN,37203,5711,MIDTOW,36.1503,-86.7972,POINT (-86.7972 36.1503)
20190698456,09/20/2019 12:45:00 PM,2,0,0,,N,716886,4,ANGLE,21,CLEAR,1,DAYLIGHT,12,MOTOR VEHICLE IN TRANSPORT,HEIL QUAKER BLVD & CORPORATE PL,ANTIOCH,TN,37013,8869,SOUTH,36.0147,-86.6083,POINT (-86.6083 36.0147)
20190715991,09/27/2019 08:39:00 PM,1,0,0,,Y,384411,0,NOT COLLISION W/MOTOR VEHICLE-TRANSPORT,21,CLEAR,3,DARK - LIGHTED,1,,NASHBORO BLVD PVTDR & NASHBORO BLVD,NASHVILLE,TN,37217,8937,HERMIT,36.0887,-86.6418,POINT (-86.6418 36.0887)
20190680768,09/13/2019 06:13:00 AM,2,1,0,,N,320575,5,SIDESWIPE - SAME DIRECTION,21,CLEAR,1,DAYLIGHT,12,MOTOR VEHICLE IN TRANSPORT,MM 55 9 I 24,NASHVILLE,TN,37211,88100,SOUTH,36.0833,-86.6982,POINT (-86.6982 36.0833)
20190817191,11/10/2019 02:30:00 PM,2,0,0,,N,256384,11,Front to Rear,21,CLEAR,1,DAYLIGHT,12,MOTOR VEHICLE IN TRANSPORT,I24E & I24 W ENT RAMP,NASHVILLE,TN,37210,82061,HERMIT,36.1386,-86.7273,POINT (-86.7273 36.1386)
20190763546,10/18/2019 09:10:00 AM,2,0,0,,N,716886,4,ANGLE,21,CLEAR,1,DAYLIGHT,12,MOTOR VEHICLE IN TRANSPORT,NOLENSVILLE PKE & ROSEDALE AV,NASHVILLE,TN,37211,8043,MIDTOW,36.125,-86.7522,POINT (-86.7522 36.125)
20190627900,08/22/2019 05:00:00 PM,2,0,0,,N,337276,11,Front to Rear,2,RAIN,1,DAYLIGHT,12,MOTOR VEHICLE IN TRANSPORT,MM 89 0 I 65,NASHVILLE,TN,37207,20020,MADISO,36.2309,-86.7709,POINT (-86.7709 36.2309)
20190655529,09/02/2019 12:00:00 AM,2,0,0,,N,298877,5,SIDESWIPE - SAME DIRECTION,21,CLEAR,3,DARK - LIGHTED,12,MOTOR VEHICLE IN TRANSPORT,NOLENSVILLE PKE & HARDING PL,NASHVILLE,TN,37211,8501,MIDTOW,36.0807,-86.7267,POINT (-86.7267 36.0807)
20190758084,10/16/2019 05:44:00 AM,1,1,0,,N,110090,0,NOT COLLISION W/MOTOR VEHICLE-TRANSPORT,2,RAIN,3,DARK - LIGHTED,24,GUARDRAIL FACE,I24 E EXT RAMP & I 24,NASHVILLE,TN,37207,30080,NORTH,36.2378,-86.7872,POINT (-86.7872 36.2378)
20190764754,10/18/2019 08:00:00 PM,2,0,0,,N,352207,11,Front to Rear,21,CLEAR,3,DARK - LIGHTED,12,MOTOR VEHICLE IN TRANSPORT,I440 W ENT RAMP & I 440,NASHVILLE,TN,37210,81021,SOUTH,36.1259,-86.7322,POINT (-86.7322 36.1259)
20190841709,11/20/2019 05:45:00 PM,2,0,0,,N,240955,11,Front to Rear,21,CLEAR,5,DUSK,12,MOTOR VEHICLE IN TRANSPORT,MURFREESBORO PKE & BELL RD,ANTIOCH,TN,37013,8865,SOUTH,36.072,-86.636,POINT (-86.636 36.072)
20190856494,11/27/2019 02:59:00 AM,1,0,0,,Y,256569,0,NOT COLLISION W/MOTOR VEHICLE-TRANSPORT,2,RAIN,2,DARK - NOT LIGHTED,34;42,DITCH;TREE,STATE HWY 45 & HICKORY INDUSTRIAL DR,OLD HICKORY,TN,37138,9619,HERMIT,36.2665,-86.6703,POINT (-86.6703 36.2665)