Accident Number,Date and Time,Number of Motor Vehicles,Number of Injuries,Number of Fatalities,Property Damage,Hit and Run,Reporting Officer,Collision Type Code,Collision Type Description,Weather Code,Weather Description,Illumination Code,Illumination Description,Harmful Code,Harmful Code Description,Street Address,City,State,ZIP,RPA,Precinct,Latitude,Longitude,Mapped Location
20190820710,11/12/2019 04:45:00 AM,1,0,0,,N,256493,0,NOT COLLISION W/MOTOR VEHICLE-TRANSPORT,98,OTHER (NARRATIVE),3,DARK - LIGHTED,36,CONCRETE TRAFFIC BARRIER,I40 E ENT RAMP & I 40,NASHVILLE,TN,37205,4903,WEST,36.1109,-86.922,POINT (-86.922 36.1109)
20190653414,09/01/2019 10:13:00 PM,2,0,0,,N,256492,4,ANGLE,21,CLEAR,3,DARK - LIGHTED,12,MOTOR VEHICLE IN TRANSPORT,BRILEY PKWY N ENT RAMP & LEBANON PKE,NASHVILLE,TN,37214,9203,HERMIT,36.1685,-86.688,POINT (-86.688 36.1685)
20190846890,11/22/2019 06:14:00 PM,2,0,0,,N,212322,11,Front to Rear,21,CLEAR,1,DAYLIGHT,12,MOTOR VEHICLE IN TRANSPORT,STATE HWY 255 & HARDING INDUSTRIAL DR,NASHVILLE,TN,37211,8847,SOUTH,36.0896,-86.6885,POINT (-86.6885 36.0896)
20190790714,10/30/2019 06:47:00 AM,1,1,0,,N,299243,0,NOT COLLISION W/MOTOR VEHICLE-TRANSPORT,2,RAIN,3,DARK - LIGHTED,8,PEDESTRIAN,4TH AVN & UNION ST,NASHVILLE,TN,37219,4159,CENTRA,36.1652,-86.78,POINT (-86.78 36.1652)
20190773223,10/22/2019 12:00:00 AM,2,0,0,,N,279200,5,SIDESWIPE - SAME DIRECTION,21,CLEAR,5,DUSK,12,MOTOR VEHICLE IN TRANSPORT,DEMONBREUN ST & 14TH AVS,NASHVILLE,TN,37203,6721,MIDTOW,36.1536,-86.7884,POINT (-86.7884 36.1536)
20190714724,09/27/2019 10:05:00 AM,2,0,0,,N,140804,11,Front to Rear,21,CLEAR,1,DAYLIGHT,14,PARKED MOTOR VEHICLE,BRONTE & LITTON,NASHVILLE,TN,37216,1401,EAST,36.1999,-86.7368,POINT (-86.7368 36.1999)
20190605826,08/14/2019 11:19:00 AM,2,0,0,,Y,226622,4,ANGLE,22,CLOUDY,1,DAYLIGHT,12,MOTOR VEHICLE IN TRANSPORT,BURGESS AV & WHITE BRIDGE PKE,NASHVILLE,TN,37209,5103,WEST,36.145,-86.8579,POINT (-86.8579 36.145)
20190891671,12/12/2019 12:20:00 PM,2,1,0,,N,571313,11,Front to Rear,22,CLOUDY,1,DAYLIGHT,12,MOTOR VEHICLE IN TRANSPORT,8TH AVS & WEDGEWOOD AV,NASHVILLE,TN,37203,6959,MIDTOW,36.1345,-86.7791,POINT (-86.7791 36.1345)
20190775909,10/23/2019 06:30:00 PM,2,0,0,,N,225894,11,Front to Rear,21,CLEAR,5,DUSK,12,MOTOR VEHICLE IN TRANSPORT,JACKSON DOWNS BLVD & LEBANON PKE,NASHVILLE,TN,37214,9403,HERMIT,36.1853,-86.6365,POINT (-86.6365 36.1853)
20190836057,11/18/2019 04:37:00 PM,2,2,0,,N,330445,11,Front to Rear,21,CLEAR,5,DUSK,12,MOTOR VEHICLE IN TRANSPORT,MM 208 7 I 40,NASHVILLE,TN,37203,4202,CENTRA,36.1613,-86.7932,POINT (-86.7932 36.1613)
20190674303,09/10/2019 09:12:00 PM,1,1,0,,N,256374,0,NOT COLLISION W/MOTOR VEHICLE-TRANSPORT,2,RAIN,3,DARK - LIGHTED,64;7,Ran Off Road-Left,HICKORY HOLLOW PKWY & MT VIEW RD,ANTIOCH,TN,37013,8859,SOUTH,36.0588,-86.6703,POINT (-86.6703 36.0588)
20190819649,11/11/2019 05:50:00 PM,2,0,0,,Y,256384,11,Front to Rear,2,RAIN,3,DARK - LIGHTED,12,MOTOR VEHICLE IN TRANSPORT,MM 52 2 I 24,NASHVILLE,TN,37217,8816,SOUTH,36.1359,-86.7267,POINT (-86.7267 36.1359)
20190866788,12/02/2019 10:58:00 AM,2,0,0,,N,311799,11,Front to Rear,22,CLOUDY,1,DAYLIGHT,12,MOTOR VEHICLE IN TRANSPORT,N GRAYCROFT AV & OLD HICKORY BLVDW,MADISON,TN,37115,1745,MADISO,36.2648,-86.7323,POINT (-86.7323 36.2648)
20190780894,10/25/2019 07:20:00 PM,2,0,0,,Y,352156,11,Front to Rear,2,RAIN,3,DARK - LIGHTED,12,MOTOR VEHICLE IN TRANSPORT,STATE HWY 155 & RAMP,NASHVILLE,TN,37211,88962,SOUTH,36.1106,-86.7161,POINT (-86.7161 36.1106)
20190815357,11/09/2019 05:14:00 PM,2,1,0,,N,352197,4,ANGLE,21,CLEAR,3,DARK - LIGHTED,12,MOTOR VEHICLE IN TRANSPORT,MT VIEW RD & TRU LONG DR,ANTIOCH,TN,37013,8977,SOUTH,36.0669,-86.5998,POINT (-86.5998 36.0669)
20190876134,12/05/2019 10:10:00 PM,2,0,0,,N,717341,,,,,,,12,MOTOR VEHICLE IN TRANSPORT,ANTIOCH PKE & RICHARDS RD,ANTIOCH,TN,37013,8899,SOUTH,36.0692,-86.6838,POINT (-86.6838 36.0692)
20190586488,08/07/2019 07:08:00 AM,2,0,0,,N,474557,4,ANGLE,21,CLEAR,1,DAYLIGHT,12,MOTOR VEHICLE IN TRANSPORT,OLD HICKORY BLVD & HICKORY VALLEY CONDOS,ANTIOCH,TN,37013,8757,SOUTH,36.0457,-86.7091,POINT (-86.7091 36.0457)
20190611726,08/16/2019 04:14:00 PM,2,0,0,,N,256448,11,Front to Rear,21,CLEAR,1,DAYLIGHT,12,MOTOR VEHICLE IN TRANSPORT,STEWARTS FERRY PKE & LAUER DR,NASHVILLE,TN,37214,9413,HERMIT,36.1571,-86.6339,POINT (-86.6339 36.1571)
20190593610,08/09/2019 03:50:00 PM,2,0,0,,N,212330,11,Front to Rear,21,CLEAR,1,DAYLIGHT,12,MOTOR VEHICLE IN TRANSPORT,SOUTHLAKE DR & BRILEY PKWYN,NASHVILLE,TN,37211,8423,SOUTH,36.1095,-86.7281,POINT (-86.7281 36.1095)
20190855406,11/26/2019 03:57:00 PM,2,0,0,,N,134871,5,SIDESWIPE - SAME DIRECTION,2,RAIN,1,DAYLIGHT,12,MOTOR VEHICLE IN TRANSPORT,INTERSTATE DR & WOODLAND ST,NASHVILLE,TN,37213,1105,CENTRA,36.1705,-86.7684,POINT (-86.7684 36.1705)
20190764274,10/18/2019 03:55:00 PM,2,0,0,,N,151132,11,Front to Rear,21,CLEAR,1,DAYLIGHT,12,MOTOR VEHICLE IN TRANSPORT,MM 90 3 I 65,MADISON,TN,37115,20044,MADISO,36.2409,-86.7515,POINT (-86.7515 36.2409)
20190673761,09/10/2019 03:42:00 PM,2,0,0,,N,169425,11,Front to Rear,21,CLEAR,1,DAYLIGHT,12,MOTOR VEHICLE IN TRANSPORT,I440 W EXT RAMP & I 440,NASHVILLE,TN,37212,6501,MIDTOW,36.122,-86.804,POINT (-86.804 36.122)
20190803177,11/04/2019 05:11:00 PM,2,0,0,,Y,161946,5,SIDESWIPE - SAME DIRECTION,21,CLEAR,3,DARK - LIGHTED,12,MOTOR VEHICLE IN TRANSPORT,MM 211 1 I 40,NASHVILLE,TN,37210,8008,HERMIT,36.1539,-86.7571,POINT (-86.7571 36.1539)
20190815151,11/09/2019 02:40:00 PM,2,0,0,,N,311328,11,Front to Rear,21,CLEAR,1,DAYLIGHT,12,MOTOR VEHICLE IN TRANSPORT,MM 49 2 I 24,NASHVILLE,TN,37213,1002,CENTRA,36.1637,-86.7625,POINT (-86.7625 36.1637)
20190614787,08/17/2019 08:48:00 PM,2,0,0,,Y,212348,11,Front to Rear,21,CLEAR,3,DARK - LIGHTED,12,MOTOR VEHICLE IN TRANSPORT,UNION ST & 7TH AVN,NASHVILLE,TN,37203,4145,CENTRA,36.1635,-86.7835,POINT (-86.7835 36.1635)
20190853742,11/26/2019 12:08:00 AM,3,0,0,,N,256492,0,NOT COLLISION W/MOTOR VEHICLE-TRANSPORT,21,CLEAR,3,DARK - LIGHTED,18,OTHER OBJECT (NOT FIXED),MM 211 7 I 40,NASHVILLE,TN,37210,82042,HERMIT,36.1499,-86.7483,POINT (-86.7483 36.1499)
20190780533,10/25/2019 05:30:00 PM,2,0,0,,N,330440,4,ANGLE,2,RAIN,1,DAYLIGHT,12,MOTOR VEHICLE IN TRANSPORT,CLARKSVILLE PKE & 23RD AVN,NASHVILLE,TN,37208,4485,NORTH,36.1841,-86.8144,POINT (-86.8144 36.1841)
20190742840,10/09/2019 05:42:00 PM,3,0,0,,N,197070,11,Front to Rear,21,CLEAR,1,DAYLIGHT,12,MOTOR VEHICLE IN TRANSPORT,MM 207 9 I 40,NASHVILLE,TN,37208,54022,NORTH,36.1693,-86.7972,POINT (-86.7972 36.1693)
20190692956,09/18/2019 11:07:00 AM,2,1,0,,N,191578,11,Front to Rear,21,CLEAR,1,DAYLIGHT,12,MOTOR VEHICLE IN TRANSPORT,MURFREESBORO PKE & EZELL PKE,NASHVILLE,TN,37217,8849,SOUTH,36.1047,-86.6695,POINT (-86.6695 36.1047)
20190860173,11/28/2019 10:35:00 PM,1,0,0,,N,311338,0,NOT COLLISION W/MOTOR VEHICLE-TRANSPORT,2,RAIN,3,DARK - LIGHTED,29,LUMINAIRE/LIGHT SUPPORT,0 26TH AVN,NASHVILLE,TN,37228,4483,NORTH,36.187,-86.819,POINT (-86.819 36.187)
20190843475,11/21/2019 12:43:00 PM,2,0,0,,N,384436,11,Front to Rear,22,CLOUDY,1,DAYLIGHT,12,MOTOR VEHICLE IN TRANSPORT,THOMPSON LN & NOLENSVILLE PKE,NASHVILLE,TN,37211,8519,MIDTOW,36.1109,-86.7452,POINT (-86.7452 36.1109)
20190887143,12/10/2019 06:15:00 PM,2,1,0,,N,330428,4,ANGLE,21,CLEAR,3,DARK - LIGHTED,12,MOTOR VEHICLE IN TRANSPORT,40TH AVE N & US HWY 70,NASHVILLE,TN,37209,5225,WEST,36.1526,-86.8348,POINT (-86.8348 36.1526)
20190766962,10/19/2019 08:40:00 PM,2,0,0,,Y,352161,4,ANGLE,21,CLEAR,3,DARK - LIGHTED,12,MOTOR VEHICLE IN TRANSPORT,DIVISION ST & DEMONBREUN ST,NASHVILLE,TN,37203,5701,MIDTOW,36.1522,-86.7914,POINT (-86.7914 36.1522)
20190631229,08/23/2019 07:47:00 PM,2,0,0,,N,256389,5,SIDESWIPE - SAME DIRECTION,21,CLEAR,1,DAYLIGHT,12,MOTOR VEHICLE IN TRANSPORT,MM 81 6 I 65,NASHVILLE,TN,37203,8006,MIDTOW,36.1373,-86.7757,POINT (-86.7757 36.1373)
20190667260,09/07/2019 06:46:00 PM,2,1,0,,N,256386,4,ANGLE,21,CLEAR,1,DAYLIGHT,12,MOTOR VEHICLE IN TRANSPORT,BELL RD & PRIEST WOODS DR,NASHVILLE,TN,37214,8989,HERMIT,36.1275,-86.6296,POINT (-86.6296 36.1275)
20190916229,12/23/2019 02:20:00 PM,2,1,0,,N,311804,11,Front to Rear,21,CLEAR,1,DAYLIGHT,12,MOTOR VEHICLE IN TRANSPORT,MM 48 1 I 24,NASHVILLE,TN,37207,1106,EAST,36.1742,-86.7706,POINT (-86.7706 36.1742)
20190609417,08/15/2019 12:00:00 AM,2,1,0,,N,311333,11,Front to Rear,21,CLEAR,1,DAYLIGHT,12,MOTOR VEHICLE IN TRANSPORT,BELL RD & BRENTRIDGE DR,ANTIOCH,TN,37013,8755,SOUTH,36.0465,-86.6834,POINT (-86.6834 36.0465)
20190586732,08/07/2019 09:45:00 AM,1,1,0,Y,N,226622,0,NOT COLLISION W/MOTOR VEHICLE-TRANSPORT,22,CLOUDY,1,DAYLIGHT,40;41;64;72,MAIL BOX;SHRUBBERY;Ran Off Road-Left;EMBANKMENT ROCK/STONE/CONCRETE,TYNE BLVD & HARPETH HILLS DR,NASHVILLE,TN,37215,6203,WEST,36.0844,-86.8498,POINT (-86.8498 36.0844)
20190801962,11/04/2019 07:31:00 AM,3,1,0,,N,191578,11,Front to Rear,21,CLEAR,1,DAYLIGHT,12,MOTOR VEHICLE IN TRANSPORT,MM 214 0 I 40,NASHVILLE,TN,37217,88020,HERMIT,36.1417,-86.7137,POINT (-86.7137 36.1417)
20190745586,10/10/2019 07:31:00 PM,2,0,0,,N,320585,11,Front to Rear,21,CLEAR,3,DARK - LIGHTED,12,MOTOR VEHICLE IN TRANSPORT,MM 211 9 I 40,NASHVILLE,TN,37210,90022,HERMIT,36.1487,-86.7459,POINT (-86.7459 36.1487)
20190925700,12/28/2019 01:44:00 PM,2,1,0,,N,834798,5,SIDESWIPE - SAME DIRECTION,21,CLEAR,1,DAYLIGHT,12,MOTOR VEHICLE IN TRANSPORT,4TH AVS & CAMERON ST,NASHVILLE,TN,37210,8153,SOUTH,36.1477,-86.7685,POINT (-86.7685 36.1477)
20190836281,11/18/2019 06:12:00 PM,2,0,0,,N,151132,11,Front to Rear,21,CLEAR,2,DARK - NOT LIGHTED,12,MOTOR VEHICLE IN TRANSPORT,MM 41 0 I 24,WHITES CREEK,TN,37189,3226,NORTH,36.2715,-86.7951,POINT (-86.7951 36.2715)
20190710954,09/25/2019 09:01:00 PM,2,2,0,,N,693098,11,Front to Rear,21,CLEAR,3,DARK - LIGHTED,12,MOTOR VEHICLE IN TRANSPORT,CHARLOTTE PKE & WESTBORO DR,NASHVILLE,TN,37209,5027,WEST,36.1459,-86.871,POINT (-86.871 36.1459)
20190910807,12/20/2019 05:02:00 PM,2,0,0,,N,298867,6,SIDESWIPE - OPPOSITE DIRECTION,21,CLEAR,3,DARK - LIGHTED,12,MOTOR VEHICLE IN TRANSPORT,SPRING ST & I24 W EXT RAMP,NASHVILLE,TN,37207,1983,EAST,36.1767,-86.7723,POINT (-86.7723 36.1767)
20190634136,08/25/2019 12:00:00 AM,1,0,0,Y,Y,299248,0,NOT COLLISION W/MOTOR VEHICLE-TRANSPORT,21,CLEAR,3,DARK - LIGHTED,1;30,UTILITY POLE,THOMPSON LN & FOSTER AV,NASHVILLE,TN,37211,8425,SOUTH,36.1108,-86.7433,POINT (-86.7433 36.1108)
20190687226,09/16/2019 08:05:00 AM,2,0,0,,N,191578,11,Front to Rear,21,CLEAR,1,DAYLIGHT,12,MOTOR VEHICLE IN TRANSPORT,MM 212 8 I 40,NASHVILLE,TN,37210,90040,HERMIT,36.1425,-86.7353,POINT (-86.7353 36.1425)
20190905700,12/18/2019 03:53:00 PM,2,1,0,,N,311337,11,Front to Rear,21,CLEAR,1,DAYLIGHT,12,MOTOR VEHICLE IN TRANSPORT,MM 211 0 I 40,NASHVILLE,TN,37210,82020,HERMIT,36.1544,-86.7598,POINT (-86.7598 36.1544)
20190643866,08/29/2019 01:29:00 AM,1,0,0,Y,Y,110090,0,NOT COLLISION W/MOTOR VEHICLE-TRANSPORT,21,CLEAR,2,DARK - NOT LIGHTED,40,MAIL BOX,BURKITT RD & WHITTEMORE LN,NOLENSVILLE,TN,37135,8773,SOUTH,35.9919,-86.6548,POINT (-86.6548 35.9919)
20190835619,11/18/2019 12:47:00 PM,3,0,0,,N,876581,4,ANGLE,22,CLOUDY,1,DAYLIGHT,12;14,MOTOR VEHICLE IN TRANSPORT;PARKED MOTOR VEHICLE,DICKERSON PKE & VILLAGE HILLS PVTDR,MADISON,TN,37115,2019,MADISO,36.2596,-86.7578,POINT (-86.7578 36.2596)
20190932101,12/31/2019 03:05:00 PM,2,0,0,,N,311328,5,SIDESWIPE - SAME DIRECTION,21,CLEAR,1,DAYLIGHT,12,MOTOR VEHICLE IN TRANSPORT,I 40 & UNKNOWN RAMP,NASHVILLE,TN,37210,9041,HERMIT,36.144,-86.7013,POINT (-86.7013 36.144)
20190764160,10/18/2019 02:15:00 PM,2,0,0,,N,299253,4,ANGLE,21,CLEAR,1,DAYLIGHT,12,MOTOR VEHICLE IN TRANSPORT,DICKERSON PKE & GORDON TER,NASHVILLE,TN,37207,1831,EAST,36.2127,-86.7648,POINT (-86.7648 36.2127)
20190833183,11/17/2019 12:00:00 AM,2,0,0,,Y,419952,6,SIDESWIPE - OPPOSITE DIRECTION,21,CLEAR,9,UNKNOWN,12;14,MOTOR VEHICLE IN TRANSPORT;PARKED MOTOR VEHICLE,OCEOLA AV & MAUDINA AV,NASHVILLE,TN,37209,5025,WEST,36.1447,-86.8596,POINT (-86.8596 36.1447)
20190865402,12/01/2019 05:55:00 PM,2,0,0,,Y,320581,4,ANGLE,22,CLOUDY,3,DARK - LIGHTED,14,PARKED MOTOR VEHICLE,GRANSTAFF APTS @ METROCENTER P & ROSA L,NASHVILLE,TN,37228,4483,NORTH,36.1936,-86.8099,POINT (-86.8099 36.1936)
20190910567,12/20/2019 02:00:00 PM,3,1,0,,N,352164,11,Front to Rear,21,CLEAR,1,DAYLIGHT,12,MOTOR VEHICLE IN TRANSPORT,NOLENSVILLE PKE & CONCORD RD,ANTIOCH,TN,37013,8767,SOUTH,35.997,-86.6899,POINT (-86.6899 35.997)
20190838179,11/19/2019 12:37:00 PM,3,0,0,,N,384442,11,Front to Rear,21,CLEAR,1,DAYLIGHT,12,MOTOR VEHICLE IN TRANSPORT,WOODMONT BLVD & LEALAND LN,NASHVILLE,TN,37204,7007,MIDTOW,36.1111,-86.7884,POINT (-86.7884 36.1111)
20190753669,10/14/2019 12:40:00 PM,2,0,0,,N,332253,4,ANGLE,21,CLEAR,1,DAYLIGHT,12,MOTOR VEHICLE IN TRANSPORT,CRANAPPLE CV & MULBERRY DOWNS CIR,NASHVILLE,TN,37207,2027,MADISO,36.2523,-86.7676,POINT (-86.7676 36.2523)
20190700594,09/21/2019 11:05:00 AM,2,0,0,,Y,352211,11,Front to Rear,21,CLEAR,1,DAYLIGHT,12,MOTOR VEHICLE IN TRANSPORT,WESTBORO DR & THUNDERBIRD DR,NASHVILLE,TN,37209,4671,WEST,36.1515,-86.8753,POINT (-86.8753 36.1515)
20190671002,09/09/2019 03:00:00 PM,2,0,0,,N,320597,11,Front to Rear,21,CLEAR,1,DAYLIGHT,12,MOTOR VEHICLE IN TRANSPORT,HARDING PL & I24 W ENT RAMP,NASHVILLE,TN,37211,8889,SOUTH,36.0868,-86.6977,POINT (-86.6977 36.0868)
20190816461,11/10/2019 05:56:00 AM,2,0,0,,Y,151122,5,SIDESWIPE - SAME DIRECTION,21,CLEAR,4,DAWN,12,MOTOR VEHICLE IN TRANSPORT,MM 55 2 I 24,NASHVILLE,TN,37211,8812,SOUTH,36.0923,-86.7049,POINT (-86.7049 36.0923)
20190682010,09/13/2019 04:55:00 PM,3,0,0,,N,279225,5,SIDESWIPE - SAME DIRECTION,21,CLEAR,1,DAYLIGHT,12,MOTOR VEHICLE IN TRANSPORT,MM 214 0 I 40,NASHVILLE,TN,37217,88020,HERMIT,36.1417,-86.7137,POINT (-86.7137 36.1417)
20190647099,08/30/2019 08:34:00 AM,2,0,0,,N,140790,11,Front to Rear,21,CLEAR,1,DAYLIGHT,12,MOTOR VEHICLE IN TRANSPORT,MM 214 5 I 40,NASHVILLE,TN,37217,88022,HERMIT,36.1434,-86.7031,POINT (-86.7031 36.1434)
20190801884,11/04/2019 07:18:00 AM,2,0,0,,N,320586,11,Front to Rear,21,CLEAR,1,DAYLIGHT,12,MOTOR VEHICLE IN TRANSPORT,MM 56 4 I 24,NASHVILLE,TN,37211,8810,SOUTH,36.0776,-86.6947,POINT (-86.6947 36.0776)
20190673955,09/10/2019 05:30:00 PM,2,0,0,,N,320581,5,SIDESWIPE - SAME DIRECTION,22,CLOUDY,1,DAYLIGHT,12,MOTOR VEHICLE IN TRANSPORT,MM 207 3 I 40,NASHVILLE,TN,37208,54021,NORTH,36.1703,-86.8056,POINT (-86.8056 36.1703)
20190721553,09/30/2019 02:25:00 PM,2,0,0,,Y,267831,4,ANGLE,21,CLEAR,1,DAYLIGHT,12;14,MOTOR VEHICLE IN TRANSPORT;PARKED MOTOR VEHICLE,SAINT MARYS CAMPUS PVTDR & POST PL,NASHVILLE,TN,37209,5107,WEST,36.1284,-86.8516,POINT (-86.8516 36.1284)
20190929280,12/30/2019 09:44:00 AM,2,0,0,,Y,485261,5,SIDESWIPE - SAME DIRECTION,21,CLEAR,1,DAYLIGHT,12,MOTOR VEHICLE IN TRANSPORT,4TH AVS & KOREAN VETERANS BLVD,NASHVILLE,TN,37201,4047,CENTRA,36.1569,-86.7745,POINT (-86.7745 36.1569)
20190931111,12/31/2019 05:06:00 AM,1,0,0,,Y,256493,9,UNKNOWN,21,CLEAR,3,DARK - LIGHTED,99,UNKNOWN MOST HARMFUL EVENT,BELL RD & NASHBORO BLVD,NASHVILLE,TN,37217,8965,HERMIT,36.0895,-86.6273,POINT (-86.6273 36.0895)
20190750822,10/13/2019 03:48:00 AM,2,1,0,,Y,415780,4,ANGLE,21,CLEAR,3,DARK - LIGHTED,12,MOTOR VEHICLE IN TRANSPORT,4TH AVS & MCCANN ST,NASHVILLE,TN,37203,8003,MIDTOW,36.1496,-86.7698,POINT (-86.7698 36.1496)
20190609585,08/15/2019 07:35:00 PM,1,2,0,,N,256388,0,NOT COLLISION W/MOTOR VEHICLE-TRANSPORT,21,CLEAR,5,DUSK,42,TREE,BUENA VISTA PKE & W TRINITY LN,NASHVILLE,TN,37218,3101,NORTH,36.2025,-86.8205,POINT (-86.8205 36.2025)
20190914555,12/22/2019 05:10:00 PM,2,0,0,,Y,212327,11,Front to Rear,2,RAIN,3,DARK - LIGHTED,12,MOTOR VEHICLE IN TRANSPORT,SMITH SPRINGS RD & BELL RD,NASHVILLE,TN,37217,8965,HERMIT,36.0903,-86.6265,POINT (-86.6265 36.0903)
20190733814,10/05/2019 02:11:00 PM,2,0,0,,N,299266,11,Front to Rear,21,CLEAR,1,DAYLIGHT,12,MOTOR VEHICLE IN TRANSPORT,I24 E ENT RAMP & I 24,NASHVILLE,TN,37213,1007,CENTRA,36.1662,-86.7659,POINT (-86.7659 36.1662)
20190761353,10/17/2019 12:30:00 PM,2,0,0,,N,267831,5,SIDESWIPE - SAME DIRECTION,21,CLEAR,1,DAYLIGHT,12,MOTOR VEHICLE IN TRANSPORT,CHARLOTTE PKE & CHARLOTTE PKE PVTDR,NASHVILLE,TN,37209,4703,WEST,36.1293,-86.9044,POINT (-86.9044 36.1293)
20190679479,09/12/2019 06:38:00 PM,2,0,0,,Y,256383,5,SIDESWIPE - SAME DIRECTION,21,CLEAR,1,DAYLIGHT,12,MOTOR VEHICLE IN TRANSPORT,I24 E ENT RAMP & I 24,NASHVILLE,TN,37213,1007,CENTRA,36.1662,-86.7659,POINT (-86.7659 36.1662)
20190657720,09/03/2019 05:05:00 PM,2,0,0,,N,212330,98,OTHER,21,CLEAR,1,DAYLIGHT,12,MOTOR VEHICLE IN TRANSPORT,CURREY RD & EAST THOMPSON LN,NASHVILLE,TN,37217,8879,SOUTH,36.1188,-86.718,POINT (-86.718 36.1188)
20190914518,12/22/2019 05:07:00 PM,2,0,0,,N,330436,11,Front to Rear,2,RAIN,3,DARK - LIGHTED,12,MOTOR VEHICLE IN TRANSPORT,I40 W ENT RAMP & I 24,NASHVILLE,TN,37210,4008,CENTRA,36.1572,-86.7604,POINT (-86.7604 36.1572)
20190781963,10/26/2019 10:36:00 AM,2,0,0,,N,109527,11,Front to Rear,22,CLOUDY,1,DAYLIGHT,12,MOTOR VEHICLE IN TRANSPORT,DODSON CHAPEL RD & CENTRAL PKE,HERMITAGE,TN,37076,9503,HERMIT,36.1747,-86.6143,POINT (-86.6143 36.1747)
20190857098,11/27/2019 09:31:00 AM,2,0,0,,N,256428,5,SIDESWIPE - SAME DIRECTION,21,CLEAR,1,DAYLIGHT,12,MOTOR VEHICLE IN TRANSPORT,US HWY 31E & -UNKNOWN RAMP/ROAD -,NASHVILLE,TN,37206,19942,EAST,36.1906,-86.7532,POINT (-86.7532 36.1906)
20190859896,11/28/2019 05:50:00 PM,2,0,0,,N,330413,4,ANGLE,2,RAIN,2,DARK - NOT LIGHTED,12,MOTOR VEHICLE IN TRANSPORT,WHISPERING HILLS DR & EDMONDSON PIKE,NASHVILLE,TN,37211,8659,MIDTOW,36.0721,-86.7329,POINT (-86.7329 36.0721)
20190664034,09/06/2019 07:59:00 AM,2,0,0,,N,462474,4,ANGLE,21,CLEAR,1,DAYLIGHT,12,MOTOR VEHICLE IN TRANSPORT,GATEWAY LN & LEALAND LN,NASHVILLE,TN,37220,7107,MIDTOW,36.0827,-86.7937,POINT (-86.7937 36.0827)
20190682094,09/13/2019 05:25:00 PM,2,0,0,,N,352166,11,Front to Rear,21,CLEAR,1,DAYLIGHT,12,MOTOR VEHICLE IN TRANSPORT,MM 49 6 I 24,NASHVILLE,TN,37210,4008,CENTRA,36.1571,-86.7604,POINT (-86.7604 36.1571)
20190929521,12/30/2019 11:07:00 AM,2,0,0,,N,620061,16,Rear to Side,21,CLEAR,1,DAYLIGHT,12,MOTOR VEHICLE IN TRANSPORT,STATE HWY 155 & GRANDVIEW AVE,NASHVILLE,TN,37211,8343,MIDTOW,36.111,-86.7465,POINT (-86.7465 36.111)
20190807924,11/06/2019 12:24:00 PM,1,0,0,Y,N,191578,0,NOT COLLISION W/MOTOR VEHICLE-TRANSPORT,21,CLEAR,1,DAYLIGHT,40,MAIL BOX,STEWARTS FERRY PKE & CLOVERWOOD DR,NASHVILLE,TN,37214,9407,HERMIT,36.1579,-86.6378,POINT (-86.6378 36.1579)
20190695466,09/19/2019 08:46:00 AM,2,0,0,,N,716886,11,Front to Rear,21,CLEAR,1,DAYLIGHT,12,MOTOR VEHICLE IN TRANSPORT,HARDING PL & METROPLEX DR,NASHVILLE,TN,37211,8889,SOUTH,36.0868,-86.6959,POINT (-86.6959 36.0868)
20190898503,12/15/2019 04:29:00 PM,2,0,0,,N,179606,5,SIDESWIPE - SAME DIRECTION,21,CLEAR,1,DAYLIGHT,12,MOTOR VEHICLE IN TRANSPORT,MM 209 8 I 40,NASHVILLE,TN,37203,4004,CENTRA,36.149,-86.7794,POINT (-86.7794 36.149)
20190639776,08/27/2019 01:03:00 PM,2,0,0,,N,594473,6,SIDESWIPE - OPPOSITE DIRECTION,22,CLOUDY,1,DAYLIGHT,12,MOTOR VEHICLE IN TRANSPORT,28TH AVN & CHARLOTTE AV,NASHVILLE,TN,37209,5341,MIDTOW,36.154,-86.8182,POINT (-86.8182 36.154)
20190721743,09/30/2019 05:43:00 PM,2,1,0,,N,256380,11,Front to Rear,21,CLEAR,1,DAYLIGHT,12,MOTOR VEHICLE IN TRANSPORT,28TH AVN & ALBION ST,NASHVILLE,TN,37208,4525,NORTH,36.1637,-86.8198,POINT (-86.8198 36.1637)
20190738050,10/07/2019 06:20:00 PM,2,0,0,,N,161939,11,Front to Rear,22,CLOUDY,3,DARK - LIGHTED,12,MOTOR VEHICLE IN TRANSPORT,STATE HWY 171 & OWEN DR,ANTIOCH,TN,37013,8869,SOUTH,36.0183,-86.6195,POINT (-86.6195 36.0183)
20190746355,10/11/2019 01:35:00 AM,2,0,0,,Y,256376,11,Front to Rear,21,CLEAR,3,DARK - LIGHTED,12;14,MOTOR VEHICLE IN TRANSPORT;PARKED MOTOR VEHICLE,24TH AVN & DOWLAN ST,NASHVILLE,TN,37208,4489,NORTH,36.1894,-86.8154,POINT (-86.8154 36.1894)
20190764737,10/18/2019 07:54:00 PM,2,0,0,,Y,330425,4,ANGLE,21,CLEAR,3,DARK - LIGHTED,12,MOTOR VEHICLE IN TRANSPORT,MYATT DR & E OLD HICKORY BLVD,MADISON,TN,37115,1705,MADISO,36.1344,-86.7269,POINT (-86.7269 36.1344)