Accident Number,Date and Time,Number of Motor Vehicles,Number of Injuries,Number of Fatalities,Property Damage,Hit and Run,Reporting Officer,Collision Type Code,Collision Type Description,Weather Code,Weather Description,Illumination Code,Illumination Description,Harmful Code,Harmful Code Description,Street Address,City,State,ZIP,RPA,Precinct,Latitude,Longitude,Mapped Location
20190848298,11/23/2019 11:19:00 AM,2,0,0,,N,462474,98,OTHER,22,CLOUDY,1,DAYLIGHT,12,MOTOR VEHICLE IN TRANSPORT,WEDGEWOOD AVE & RAMP,NASHVILLE,TN,37204,6945,MIDTOW,36.1342,-86.7766,POINT (-86.7766 36.1342)
20190761274,10/17/2019 11:51:00 AM,2,1,0,,N,876581,4,ANGLE,21,CLEAR,1,DAYLIGHT,12,MOTOR VEHICLE IN TRANSPORT,MYATT DR & GALLATIN PKEN,MADISON,TN,37115,1731,MADISO,36.2967,-86.699,POINT (-86.699 36.2967)
20190893530,12/13/2019 06:48:00 AM,2,0,0,,N,179602,11,Front to Rear,22,CLOUDY,1,DAYLIGHT,12,MOTOR VEHICLE IN TRANSPORT,S HAMILTON RD & CLARKSVILLE PKE,NASHVILLE,TN,37218,3157,NORTH,36.1933,-86.8315,POINT (-86.8315 36.1933)
20190685671,09/15/2019 11:04:00 AM,2,2,0,,N,591933,4,ANGLE,21,CLEAR,1,DAYLIGHT,12,MOTOR VEHICLE IN TRANSPORT,I24 W EXT RAMP & I 24,NASHVILLE,TN,37211,8829,SOUTH,36.1074,-86.7197,POINT (-86.7197 36.1074)
20190922157,12/26/2019 06:07:00 PM,1,1,0,,N,256417,0,NOT COLLISION W/MOTOR VEHICLE-TRANSPORT,21,CLEAR,2,DARK - NOT LIGHTED,8,PEDESTRIAN,CENTRAL PKE & CENTRAL PKE EXIT RAMP,HERMITAGE,TN,37076,95060,HERMIT,36.174,-86.6067,POINT (-86.6067 36.174)
20190648958,08/30/2019 08:00:00 PM,2,0,0,,N,420040,4,ANGLE,21,CLEAR,3,DARK - LIGHTED,12,MOTOR VEHICLE IN TRANSPORT,20TH AVN & PATTERSON ST,NASHVILLE,TN,37203,5509,MIDTOW,36.1553,-86.8022,POINT (-86.8022 36.1553)
20190921047,12/26/2019 06:40:00 AM,2,0,0,,N,769379,11,Front to Rear,21,CLEAR,1,DAYLIGHT,12,MOTOR VEHICLE IN TRANSPORT,MM 55 4 I 24,NASHVILLE,TN,37211,8812,SOUTH,36.0901,-86.7031,POINT (-86.7031 36.0901)
20190691123,09/17/2019 06:44:00 PM,2,0,0,,N,109536,5,SIDESWIPE - SAME DIRECTION,21,CLEAR,3,DARK - LIGHTED,12,MOTOR VEHICLE IN TRANSPORT,MM 91 6 I 65,MADISON,TN,37115,2006,MADISO,36.2559,-86.7386,POINT (-86.7386 36.2559)
20190636869,08/26/2019 05:31:00 AM,2,0,0,,N,330419,4,ANGLE,2,RAIN,1,DAYLIGHT,12,MOTOR VEHICLE IN TRANSPORT,OLD HICKORY BLVDW & N GRAYCROFT AV,MADISON,TN,37115,1777,MADISO,36.2644,-86.7324,POINT (-86.7324 36.2644)
20190650436,08/31/2019 03:17:00 PM,2,1,0,,N,320580,11,Front to Rear,21,CLEAR,1,DAYLIGHT,12,MOTOR VEHICLE IN TRANSPORT,ELM HILL PKE & AIRWAYS CIR,NASHVILLE,TN,37214,9117,HERMIT,36.1523,-86.6819,POINT (-86.6819 36.1523)
20190616360,08/18/2019 01:31:00 PM,2,0,0,,N,309262,3,REAR-TO-REAR,21,CLEAR,1,DAYLIGHT,12,MOTOR VEHICLE IN TRANSPORT,BROOKWAY DR & WESTCHESTER DR,NASHVILLE,TN,37207,2045,MADISO,36.2532,-86.7739,POINT (-86.7739 36.2532)
20190725893,10/02/2019 08:45:00 AM,1,0,0,,N,352164,0,NOT COLLISION W/MOTOR VEHICLE-TRANSPORT,21,CLEAR,1,DAYLIGHT,50,DEER (ANIMAL),BELL RD & BROOK VIEW ESTATES DR,ANTIOCH,TN,37013,8755,SOUTH,36.0439,-86.6933,POINT (-86.6933 36.0439)
20190812536,11/08/2019 09:30:00 AM,1,1,0,,N,665896,0,NOT COLLISION W/MOTOR VEHICLE-TRANSPORT,21,CLEAR,1,DAYLIGHT,8,PEDESTRIAN,GRANADA AV & LAURENT ST,NASHVILLE,TN,37206,1927,EAST,36.1888,-86.752,POINT (-86.752 36.1888)
20190925450,12/28/2019 10:06:00 AM,2,0,0,,N,902543,4,ANGLE,22,CLOUDY,1,DAYLIGHT,12,MOTOR VEHICLE IN TRANSPORT,US HWY 31W & BROADMOOR DR,NASHVILLE,TN,37207,1811,EAST,36.2289,-86.7594,POINT (-86.7594 36.2289)
20190784247,10/27/2019 06:29:00 PM,2,0,0,,N,279116,4,ANGLE,22,CLOUDY,3,DARK - LIGHTED,12,MOTOR VEHICLE IN TRANSPORT,GRAYBAR LN & GRANNY WHITE PKE,NASHVILLE,TN,37215,6415,MIDTOW,36.1097,-86.7934,POINT (-86.7934 36.1097)
20190904990,12/18/2019 09:37:00 AM,2,0,0,,Y,226586,11,Front to Rear,22,CLOUDY,1,DAYLIGHT,12,MOTOR VEHICLE IN TRANSPORT,LAFAYETTE ST & 5TH AVS,NASHVILLE,TN,37203,4027,CENTRA,36.1525,-86.7733,POINT (-86.7733 36.1525)
20190802855,11/04/2019 02:49:00 PM,2,2,0,,N,256389,4,ANGLE,21,CLEAR,1,DAYLIGHT,12,MOTOR VEHICLE IN TRANSPORT,NOLENSVILLE PKE & WELSHWOOD DR,NASHVILLE,TN,37211,8445,SOUTH,36.0824,-86.7272,POINT (-86.7272 36.0824)
20190898179,12/14/2019 07:30:00 AM,2,0,0,,Y,525538,4,ANGLE,21,CLEAR,1,DAYLIGHT,14,PARKED MOTOR VEHICLE,32ND AVS & DUDLEY AV,NASHVILLE,TN,37212,5817,MIDTOW,36.1401,-86.8147,POINT (-86.8147 36.1401)
20190612775,08/16/2019 11:40:00 PM,3,1,0,,Y,320578,11,Front to Rear,21,CLEAR,3,DARK - LIGHTED,12,MOTOR VEHICLE IN TRANSPORT,MURFREESBORO PKE & RANSOM PL,NASHVILLE,TN,37217,8853,SOUTH,36.0892,-86.6501,POINT (-86.6501 36.0892)
20190897995,12/15/2019 10:05:00 AM,2,0,0,,N,468030,11,Front to Rear,22,CLOUDY,1,DAYLIGHT,12,MOTOR VEHICLE IN TRANSPORT,MM 49 3 I 24,NASHVILLE,TN,37206,10040,EAST,36.1629,-86.7614,POINT (-86.7614 36.1629)
20190824332,11/13/2019 12:45:00 PM,2,0,0,,N,235761,11,Front to Rear,21,CLEAR,1,DAYLIGHT,12,MOTOR VEHICLE IN TRANSPORT,MM 203 0 I 40,NASHVILLE,TN,37209,50021,WEST,36.149,-86.8742,POINT (-86.8742 36.149)
20190776954,10/24/2019 07:16:00 AM,2,0,0,,N,716886,11,Front to Rear,21,CLEAR,1,DAYLIGHT,12,MOTOR VEHICLE IN TRANSPORT,BELL RD & BLUE HOLE RD,ANTIOCH,TN,37013,8719,SOUTH,36.0458,-86.6744,POINT (-86.6744 36.0458)
20190658965,09/04/2019 06:49:00 AM,2,0,0,,N,755026,5,SIDESWIPE - SAME DIRECTION,21,CLEAR,1,DAYLIGHT,12,MOTOR VEHICLE IN TRANSPORT,NOLENSVILLE PKE & WALLACE RD,NASHVILLE,TN,37211,8701,SOUTH,36.0766,-86.7254,POINT (-86.7254 36.0766)
20190689507,09/17/2019 05:55:00 AM,1,1,0,,N,320578,0,NOT COLLISION W/MOTOR VEHICLE-TRANSPORT,21,CLEAR,1,DAYLIGHT,7,,HAYWOOD LN & EZELL RD,NASHVILLE,TN,37211,8709,SOUTH,36.0696,-86.6944,POINT (-86.6944 36.0696)
20190747128,10/11/2019 10:41:00 AM,6,0,0,,Y,306231,11,Front to Rear,21,CLEAR,1,DAYLIGHT,12,MOTOR VEHICLE IN TRANSPORT,MM 86 1 I 65,NASHVILLE,TN,37228,44060,NORTH,36.1918,-86.7835,POINT (-86.7835 36.1918)
20190651946,09/01/2019 05:55:00 AM,1,0,0,Y,N,256377,0,NOT COLLISION W/MOTOR VEHICLE-TRANSPORT,21,CLEAR,1,DAYLIGHT,25;64,GUARDRAIL END;Ran Off Road-Left,I40 E EXT RAMP & I 40,NASHVILLE,TN,37214,8955,HERMIT,36.155,-86.6271,POINT (-86.6271 36.155)
20190871793,12/04/2019 07:25:00 AM,2,0,0,,N,191578,4,ANGLE,21,CLEAR,1,DAYLIGHT,12,MOTOR VEHICLE IN TRANSPORT,OMOHUNDRO PL & LEBANON PKE,NASHVILLE,TN,37210,9035,HERMIT,36.1545,-86.7396,POINT (-86.7396 36.1545)
20190727816,10/03/2019 02:20:00 AM,2,1,0,,N,256493,4,ANGLE,21,CLEAR,3,DARK - LIGHTED,12,MOTOR VEHICLE IN TRANSPORT,MURFREESBORO PKE & BRILEY PKWYS,NASHVILLE,TN,37217,88942,HERMIT,36.1183,-86.7003,POINT (-86.7003 36.1183)
20190632587,08/24/2019 10:22:00 AM,1,0,0,,N,584947,0,NOT COLLISION W/MOTOR VEHICLE-TRANSPORT,21,CLEAR,1,DAYLIGHT,30,UTILITY POLE,HARDING PL & OVERCREST DR,NASHVILLE,TN,37211,8609,MIDTOW,36.0772,-86.7336,POINT (-86.7336 36.0772)
20190821837,11/12/2019 02:57:00 PM,1,0,0,,N,151132,0,NOT COLLISION W/MOTOR VEHICLE-TRANSPORT,21,CLEAR,1,DAYLIGHT,16,THROWN OR FALLING OBJECT,I65 S EXT RAMP & I 65,MADISON,TN,37115,20044,MADISO,36.2481,-86.743,POINT (-86.743 36.2481)
20190791025,10/30/2019 08:40:00 AM,2,0,0,,N,384445,16,Rear to Side,2,RAIN,1,DAYLIGHT,12,MOTOR VEHICLE IN TRANSPORT,CENTENNIAL BLVD & 51ST AVN,NASHVILLE,TN,37209,4509,WEST,36.162,-86.849,POINT (-86.849 36.162)
20190878930,12/07/2019 01:00:00 AM,2,0,0,,N,330422,4,ANGLE,21,CLEAR,3,DARK - LIGHTED,12,MOTOR VEHICLE IN TRANSPORT,HYDES FERRY RD & HINKLE DR,NASHVILLE,TN,37218,3173,NORTH,36.1819,-86.8341,POINT (-86.8341 36.1819)
20190678468,09/12/2019 10:55:00 AM,2,0,0,,N,716886,11,Front to Rear,21,CLEAR,1,DAYLIGHT,12,MOTOR VEHICLE IN TRANSPORT,THOMPSON LN & LOGAN ST,NASHVILLE,TN,37211,8425,SOUTH,36.1107,-86.7419,POINT (-86.7419 36.1107)
20190827462,11/14/2019 06:35:00 PM,2,1,0,,N,320577,11,Front to Rear,21,CLEAR,3,DARK - LIGHTED,12,MOTOR VEHICLE IN TRANSPORT,MM 4 3 I 440,NASHVILLE,TN,37204,7014,MIDTOW,36.1159,-86.783,POINT (-86.783 36.1159)
20190855706,11/26/2019 05:32:00 PM,3,0,0,,Y,352178,11,Front to Rear,2,RAIN,3,DARK - LIGHTED,12,MOTOR VEHICLE IN TRANSPORT,MM 209 0 I 40,NASHVILLE,TN,37203,4104,CENTRA,36.1574,-86.7903,POINT (-86.7903 36.1574)
20190903216,12/17/2019 04:20:00 PM,2,1,0,,N,717341,4,ANGLE,22,CLOUDY,1,DAYLIGHT,12,MOTOR VEHICLE IN TRANSPORT,NOLENSVILLE PKE & OLD HICKORY BLVD,NASHVILLE,TN,37211,8717,SOUTH,36.0454,-86.7133,POINT (-86.7133 36.0454)
20190582836,08/05/2019 11:47:00 PM,1,0,0,,N,298875,0,NOT COLLISION W/MOTOR VEHICLE-TRANSPORT,21,CLEAR,2,DARK - NOT LIGHTED,42;63,TREE;Ran Off Road-Right,PETTUS RD & PRESTON RD,ANTIOCH,TN,37013,8761,SOUTH,36.0225,-86.6648,POINT (-86.6648 36.0225)
20190843749,11/21/2019 12:00:00 AM,2,2,0,,N,206674,4,ANGLE,22,CLOUDY,1,DAYLIGHT,12,MOTOR VEHICLE IN TRANSPORT,BRICK CHURCH PKE & I65 S ENT RAMP,NASHVILLE,TN,37207,3007,NORTH,36.2054,-86.778,POINT (-86.778 36.2054)
20190902362,12/17/2019 10:30:00 AM,1,1,0,,N,191578,0,NOT COLLISION W/MOTOR VEHICLE-TRANSPORT,22,CLOUDY,1,DAYLIGHT,8,PEDESTRIAN,TULIP GROVE RD & BROOKE CASTLE DR,HERMITAGE,TN,37076,9525,HERMIT,36.2069,-86.5898,POINT (-86.5898 36.2069)
20190863174,11/30/2019 12:07:00 PM,2,1,0,,N,320586,2,HEAD-ON,2,RAIN,1,DAYLIGHT,12,MOTOR VEHICLE IN TRANSPORT,UNA ANTIOCH PKE & RICHARDS RD,ANTIOCH,TN,37013,8861,SOUTH,36.0599,-86.6676,POINT (-86.6676 36.0599)
20190664413,09/06/2019 11:15:00 AM,1,1,0,Y,N,140808,0,NOT COLLISION W/MOTOR VEHICLE-TRANSPORT,21,CLEAR,1,DAYLIGHT,43,OTHER FIXED OBJECTS,WEST END AV & ACKLEN PARK DR,NASHVILLE,TN,37203,5627,MIDTOW,36.1409,-86.8174,POINT (-86.8174 36.1409)
20190703858,09/23/2019 05:55:00 AM,2,0,0,,N,299248,5,SIDESWIPE - SAME DIRECTION,21,CLEAR,3,DARK - LIGHTED,12,MOTOR VEHICLE IN TRANSPORT,I440 W ENT RAMP & I 24,NASHVILLE,TN,37217,8801,SOUTH,36.1232,-86.7263,POINT (-86.7263 36.1232)
20190737270,10/07/2019 12:07:00 PM,2,0,0,,N,620061,11,Front to Rear,2,RAIN,1,DAYLIGHT,12,MOTOR VEHICLE IN TRANSPORT,14TH AVS & BROADWAY,NASHVILLE,TN,37203,5701,MIDTOW,36.1557,-86.7897,POINT (-86.7897 36.1557)
20190925579,12/28/2019 11:32:00 AM,2,0,0,,N,414668,11,Front to Rear,22,CLOUDY,1,DAYLIGHT,12,MOTOR VEHICLE IN TRANSPORT,MM 87 0 I 65,NASHVILLE,TN,37207,18020,EAST,36.2018,-86.7766,POINT (-86.7766 36.2018)
20190644234,08/29/2019 07:00:00 AM,2,0,0,,N,352164,11,Front to Rear,21,CLEAR,1,DAYLIGHT,12,MOTOR VEHICLE IN TRANSPORT,MM 62 1 I 24,ANTIOCH,TN,37013,8806,SOUTH,36.0195,-86.626,POINT (-86.626 36.0195)
20190842011,11/20/2019 06:30:00 PM,2,0,0,,Y,352184,9,UNKNOWN,21,CLEAR,3,DARK - LIGHTED,14,PARKED MOTOR VEHICLE,SEYMOUR AV & LAURENT ST,NASHVILLE,TN,37206,1929,EAST,36.1861,-86.7518,POINT (-86.7518 36.1861)
20190904629,12/18/2019 06:45:00 AM,1,0,0,Y,N,226600,0,NOT COLLISION W/MOTOR VEHICLE-TRANSPORT,22,CLOUDY,1,DAYLIGHT,27,H-WAY TRAFFIC SIGNAL POST,SHARONDALE DR & HILLSBORO PKE,NASHVILLE,TN,37215,6001,WEST,36.1208,-86.8082,POINT (-86.8082 36.1208)
20190911621,12/21/2019 12:00:00 AM,1,0,0,Y,N,330441,0,NOT COLLISION W/MOTOR VEHICLE-TRANSPORT,21,CLEAR,2,DARK - NOT LIGHTED,2;20,IMPACT ATTENUATOR,MM 4 5 I 440,NASHVILLE,TN,37204,7014,MIDTOW,36.1157,-86.7807,POINT (-86.7807 36.1157)
20190621019,08/20/2019 08:10:00 AM,2,0,0,,N,224895,5,SIDESWIPE - SAME DIRECTION,21,CLEAR,1,DAYLIGHT,12,MOTOR VEHICLE IN TRANSPORT,I40 E EXT RAMP & I 40,NASHVILLE,TN,37214,8955,HERMIT,36.155,-86.6271,POINT (-86.6271 36.155)
20190848161,11/23/2019 06:01:00 AM,1,0,0,Y,Y,693102,0,NOT COLLISION W/MOTOR VEHICLE-TRANSPORT,21,CLEAR,3,DARK - LIGHTED,40,MAIL BOX,KAREN DR & LAURINDA DR,NASHVILLE,TN,37217,8827,HERMIT,36.1397,-86.7036,POINT (-86.7036 36.1397)
20190766535,10/19/2019 12:00:00 AM,2,0,0,,N,279200,11,Front to Rear,22,CLOUDY,98,OTHER,12,MOTOR VEHICLE IN TRANSPORT,MM 48 1 I 24,NASHVILLE,TN,37207,1106,EAST,36.1742,-86.7706,POINT (-86.7706 36.1742)
20190858101,11/27/2019 05:53:00 PM,2,0,0,,N,256383,5,SIDESWIPE - SAME DIRECTION,21,CLEAR,3,DARK - LIGHTED,12,MOTOR VEHICLE IN TRANSPORT,ELYSIAN FIELDS RD & ELYSIAN FIELDS CT,NASHVILLE,TN,37211,8415,SOUTH,36.0866,-86.7286,POINT (-86.7286 36.0866)
20190626715,08/22/2019 07:53:00 AM,2,0,0,,N,109534,11,Front to Rear,21,CLEAR,1,DAYLIGHT,12,MOTOR VEHICLE IN TRANSPORT,LEBANON PKE & DONELSON PKE,NASHVILLE,TN,37214,9311,HERMIT,36.1676,-86.6633,POINT (-86.6633 36.1676)
20190719188,09/29/2019 12:04:00 PM,2,0,0,,N,352168,4,ANGLE,21,CLEAR,1,DAYLIGHT,12,MOTOR VEHICLE IN TRANSPORT,FRANKLIN PKE & BILOXI AV,NASHVILLE,TN,37204,6931,MIDTOW,36.1227,-86.7759,POINT (-86.7759 36.1227)
20190838945,11/19/2019 06:39:00 PM,2,0,0,,Y,330445,11,Front to Rear,21,CLEAR,3,DARK - LIGHTED,12,MOTOR VEHICLE IN TRANSPORT,MM 1 7 I 440,NASHVILLE,TN,37209,5312,NORTH,36.1536,-86.8226,POINT (-86.8226 36.1536)
20190881501,12/08/2019 11:52:00 AM,2,0,0,,N,620061,5,SIDESWIPE - SAME DIRECTION,21,CLEAR,1,DAYLIGHT,12,MOTOR VEHICLE IN TRANSPORT,18TH AVN & CHURCH ST,NASHVILLE,TN,37203,5521,MIDTOW,36.155,-86.7975,POINT (-86.7975 36.155)
20190923980,12/27/2019 03:14:00 PM,2,0,0,,N,311327,11,Front to Rear,21,CLEAR,1,DAYLIGHT,12,MOTOR VEHICLE IN TRANSPORT,MM 48 8 I 24,NASHVILLE,TN,37213,1104,CENTRA,36.1682,-86.7659,POINT (-86.7659 36.1682)
20190794309,10/31/2019 05:25:00 PM,2,2,0,,N,384421,11,Front to Rear,21,CLEAR,1,DAYLIGHT,12,MOTOR VEHICLE IN TRANSPORT,MURFREESBORO PKE & FOOTHILL DR,NASHVILLE,TN,37217,8801,SOUTH,36.1314,-86.7172,POINT (-86.7172 36.1314)
20190728707,10/03/2019 10:34:00 AM,2,0,0,,N,384392,5,SIDESWIPE - SAME DIRECTION,21,CLEAR,1,DAYLIGHT,12,MOTOR VEHICLE IN TRANSPORT,13TH AVE S & DEMONBREUN ST,NASHVILLE,TN,37203,4081,CENTRA,36.154,-86.7876,POINT (-86.7876 36.154)
20190671370,09/09/2019 05:26:00 PM,2,0,0,,N,299257,11,Front to Rear,21,CLEAR,1,DAYLIGHT,12,MOTOR VEHICLE IN TRANSPORT,HILLSBORO PKE & GREEN HILLS VILLAGE DR,NASHVILLE,TN,37215,6107,WEST,36.1073,-86.813,POINT (-86.813 36.1073)
20190873664,12/05/2019 12:00:00 AM,1,0,0,,N,240978,0,NOT COLLISION W/MOTOR VEHICLE-TRANSPORT,21,CLEAR,3,DARK - LIGHTED,30,UTILITY POLE,HART LN & DICKERSON PKE,NASHVILLE,TN,37207,1887,EAST,36.2217,-86.7617,POINT (-86.7617 36.2217)
20190700748,09/21/2019 03:10:00 PM,2,0,0,Y,N,747556,4,ANGLE,21,CLEAR,1,DAYLIGHT,12,MOTOR VEHICLE IN TRANSPORT,HARDING PL & WAUFORD DR,NASHVILLE,TN,37211,8605,MIDTOW,36.0809,-86.7516,POINT (-86.7516 36.0809)
20190693600,09/18/2019 04:00:00 PM,2,0,0,,N,256394,4,ANGLE,21,CLEAR,1,DAYLIGHT,12,MOTOR VEHICLE IN TRANSPORT,ANDREW JACKSON PKWY & TYLER DR,HERMITAGE,TN,37076,9509,HERMIT,36.1974,-86.6086,POINT (-86.6086 36.1974)
20190604066,08/13/2019 07:48:00 PM,2,0,0,,N,169425,11,Front to Rear,21,CLEAR,1,DAYLIGHT,12,MOTOR VEHICLE IN TRANSPORT,MM 80 2 I 65,NASHVILLE,TN,37204,8306,MIDTOW,36.1159,-86.7732,POINT (-86.7732 36.1159)
20190622111,08/20/2019 03:59:00 PM,2,0,0,,Y,256380,11,Front to Rear,21,CLEAR,1,DAYLIGHT,12,MOTOR VEHICLE IN TRANSPORT,MM 1 7 I 440,NASHVILLE,TN,37209,5312,NORTH,36.1536,-86.8226,POINT (-86.8226 36.1536)
20190872991,12/04/2019 05:15:00 PM,2,2,0,,N,151132,4,ANGLE,21,CLEAR,2,DARK - NOT LIGHTED,12,MOTOR VEHICLE IN TRANSPORT,OLD HICKORY BLVD & MARYDALE DR,NASHVILLE,TN,37207,2025,MADISO,36.2718,-86.7615,POINT (-86.7615 36.2718)
20190863653,11/30/2019 06:30:00 PM,2,0,0,,Y,330425,11,Front to Rear,2,RAIN,3,DARK - LIGHTED,12,MOTOR VEHICLE IN TRANSPORT,W WEBSTER ST & GALLATIN PKES,MADISON,TN,37115,1783,MADISO,36.2519,-86.7177,POINT (-86.7177 36.2519)
20190760654,10/17/2019 06:43:00 AM,2,1,0,,N,876573,4,ANGLE,21,CLEAR,1,DAYLIGHT,12;42,MOTOR VEHICLE IN TRANSPORT;TREE,HUNTINGBORO TRL & SEASONS DR,ANTIOCH,TN,37013,8925,SOUTH,36.0718,-86.5942,POINT (-86.5942 36.0718)
20190698709,09/20/2019 03:48:00 PM,2,1,0,,N,240983,5,SIDESWIPE - SAME DIRECTION,21,CLEAR,1,DAYLIGHT,14,PARKED MOTOR VEHICLE,MURFREESBORO PKE & HAMILTON CHURCH RD,ANTIOCH,TN,37013,8865,SOUTH,36.0649,-86.6286,POINT (-86.6286 36.0649)
20190773193,10/22/2019 05:30:00 PM,2,0,0,,N,807326,4,ANGLE,21,CLEAR,1,DAYLIGHT,12,MOTOR VEHICLE IN TRANSPORT,4TH AVS & PEABODY ST,NASHVILLE,TN,37201,4047,CENTRA,36.1566,-86.7744,POINT (-86.7744 36.1566)
20190749265,10/12/2019 09:00:00 AM,2,0,0,,N,109495,4,ANGLE,22,CLOUDY,1,DAYLIGHT,12,MOTOR VEHICLE IN TRANSPORT,BENTON AV & FARRELL KEY AV,NASHVILLE,TN,37204,8031,MIDTOW,36.1316,-86.7676,POINT (-86.7676 36.1316)
20190603198,08/13/2019 12:15:00 PM,2,0,0,,N,665896,4,ANGLE,21,CLEAR,1,DAYLIGHT,12,MOTOR VEHICLE IN TRANSPORT,DICKERSON PKE & HANCOCK ST,NASHVILLE,TN,37207,1963,EAST,36.1843,-86.7737,POINT (-86.7737 36.1843)
20190890402,12/08/2019 07:30:00 AM,1,0,0,,N,299270,0,NOT COLLISION W/MOTOR VEHICLE-TRANSPORT,21,CLEAR,1,DAYLIGHT,18,OTHER OBJECT (NOT FIXED),OLD HICKORY BLVD & WOODWARD HILLS PL,NASHVILLE,TN,37220,7111,MIDTOW,36.038,-86.7978,POINT (-86.7978 36.038)
20190867176,12/02/2019 02:05:00 PM,2,1,0,Y,N,580819,4,ANGLE,22,CLOUDY,1,DAYLIGHT,12,MOTOR VEHICLE IN TRANSPORT,JAMES ROBERTSON PKWY & INTERSTATE DR,NASHVILLE,TN,37213,1105,CENTRA,36.1714,-86.769,POINT (-86.769 36.1714)
20190800872,11/03/2019 06:05:00 PM,2,2,0,,N,161939,4,ANGLE,21,CLEAR,3,DARK - LIGHTED,12,MOTOR VEHICLE IN TRANSPORT,I 24 & UNKNOWN RAMP,NASHVILLE,TN,37210,9004,HERMIT,36.1402,-86.7258,POINT (-86.7258 36.1402)
20190905882,12/18/2019 05:20:00 PM,6,2,0,,Y,330412,11,Front to Rear,21,CLEAR,2,DARK - NOT LIGHTED,12,MOTOR VEHICLE IN TRANSPORT,MM 39 8 I 24,WHITES CREEK,TN,37189,3314,NORTH,36.2853,-86.8083,POINT (-86.8083 36.2853)
20190864039,11/30/2019 11:30:00 PM,1,0,0,,Y,330416,0,NOT COLLISION W/MOTOR VEHICLE-TRANSPORT,2,RAIN,3,DARK - LIGHTED,1;24;63,GUARDRAIL FACE;Ran Off Road-Right,EWING LN & BRICK CHURCH PIKE,NASHVILLE,TN,37207,2003,MADISO,36.2327,-86.7817,POINT (-86.7817 36.2327)
20190760870,10/17/2019 08:24:00 AM,1,0,0,Y,N,538214,0,NOT COLLISION W/MOTOR VEHICLE-TRANSPORT,21,CLEAR,1,DAYLIGHT,24,GUARDRAIL FACE,I40 W ENT RAMP & GEORGE L DAVIS BLVD,NASHVILLE,TN,37203,4119,CENTRA,36.1575,-86.7901,POINT (-86.7901 36.1575)
20190795262,11/01/2019 03:32:00 AM,2,0,0,,N,352215,4,ANGLE,21,CLEAR,3,DARK - LIGHTED,12,MOTOR VEHICLE IN TRANSPORT,21ST AVE N & CHURCH ST,NASHVILLE,TN,37203,5601,MIDTOW,36.1525,-86.8027,POINT (-86.8027 36.1525)
20190841256,11/20/2019 01:06:00 PM,2,0,0,,N,384423,5,SIDESWIPE - SAME DIRECTION,21,CLEAR,1,DAYLIGHT,12,MOTOR VEHICLE IN TRANSPORT,HIGHWAY 70S & BELLEVUE RD,NASHVILLE,TN,37221,4811,WEST,36.0755,-86.9404,POINT (-86.9404 36.0755)
20190926157,12/28/2019 07:40:00 PM,2,1,0,,N,352197,4,ANGLE,21,CLEAR,3,DARK - LIGHTED,12,MOTOR VEHICLE IN TRANSPORT,OLD HICKORY BLVD & FIRESTONE PKWY,ANTIOCH,TN,37013,8867,SOUTH,36.017,-86.6199,POINT (-86.6199 36.017)
20190894993,12/13/2019 05:30:00 PM,2,0,0,,N,279214,11,Front to Rear,2,RAIN,3,DARK - LIGHTED,12,MOTOR VEHICLE IN TRANSPORT,MARTIN ST & CHESTNUT ST,NASHVILLE,TN,37203,8045,MIDTOW,36.1436,-86.7695,POINT (-86.7695 36.1436)
20190639014,08/27/2019 07:26:00 AM,2,0,0,,N,332253,11,Front to Rear,22,CLOUDY,1,DAYLIGHT,12,MOTOR VEHICLE IN TRANSPORT,S GRAYCROFT AV & DUE WEST AVW,MADISON,TN,37115,1779,MADISO,36.2504,-86.7343,POINT (-86.7343 36.2504)
20190606023,08/14/2019 12:51:00 PM,1,0,0,Y,N,887608,0,NOT COLLISION W/MOTOR VEHICLE-TRANSPORT,21,CLEAR,1,DAYLIGHT,38,FENCE,E OLD HICKORY & QUEEN ANN,MADISON,TN,37115,1705,MADISO,36.2626,-86.682,POINT (-86.682 36.2626)
20190821613,11/12/2019 01:20:00 PM,2,0,0,,N,716886,5,SIDESWIPE - SAME DIRECTION,21,CLEAR,1,DAYLIGHT,12,MOTOR VEHICLE IN TRANSPORT,HARDING PL & DONELSON PKE,NASHVILLE,TN,37217,8841,SOUTH,36.0928,-86.6789,POINT (-86.6789 36.0928)
20190679124,09/12/2019 02:30:00 PM,3,0,0,,Y,267831,5,SIDESWIPE - SAME DIRECTION,21,CLEAR,1,DAYLIGHT,12;14,MOTOR VEHICLE IN TRANSPORT;PARKED MOTOR VEHICLE,CARNAVON PKWY & CLEARBROOK DR,NASHVILLE,TN,37205,4903,WEST,36.0914,-86.8942,POINT (-86.8942 36.0914)
20190855629,11/26/2019 06:03:00 PM,2,2,0,,Y,299266,11,Front to Rear,2,RAIN,2,DARK - NOT LIGHTED,12,MOTOR VEHICLE IN TRANSPORT,MM 57 4 I 24,ANTIOCH,TN,37013,88080,SOUTH,36.0649,-86.6847,POINT (-86.6847 36.0649)
20190593934,08/09/2019 05:40:00 PM,2,0,0,,N,279225,4,ANGLE,21,CLEAR,1,DAYLIGHT,12,MOTOR VEHICLE IN TRANSPORT,LAURINDA DR & KAREN DR,NASHVILLE,TN,37217,8887,HERMIT,36.1398,-86.7019,POINT (-86.7019 36.1398)
20190582106,08/05/2019 05:06:00 PM,3,0,0,,N,352172,11,Front to Rear,21,CLEAR,1,DAYLIGHT,12,MOTOR VEHICLE IN TRANSPORT,OLD HICKORY BLVD & I40 E ENT RAMP,HERMITAGE,TN,37076,9543,HERMIT,36.1696,-86.601,POINT (-86.601 36.1696)