Accident Number,Date and Time,Number of Motor Vehicles,Number of Injuries,Number of Fatalities,Property Damage,Hit and Run,Reporting Officer,Collision Type Code,Collision Type Description,Weather Code,Weather Description,Illumination Code,Illumination Description,Harmful Code,Harmful Code Description,Street Address,City,State,ZIP,RPA,Precinct,Latitude,Longitude,Mapped Location
20190754446,10/14/2019 07:30:00 PM,2,2,0,,N,433550,2,HEAD-ON,21,CLEAR,2,DARK - NOT LIGHTED,13,MOTOR VEHICLE IN TRANSPORT-OTHER ROADWAY,MM 220 8 I 40,HERMITAGE,TN,37076,89042,HERMIT,36.1701,-86.6013,POINT (-86.6013 36.1701)
20190733813,10/05/2019 02:41:00 PM,2,1,0,,N,299257,11,Front to Rear,21,CLEAR,1,DAYLIGHT,12,MOTOR VEHICLE IN TRANSPORT,MM 4 2 I 440,NASHVILLE,TN,37204,7012,MIDTOW,36.116,-86.7861,POINT (-86.7861 36.116)
20190900075,12/16/2019 11:30:00 AM,1,1,0,,Y,226622,0,NOT COLLISION W/MOTOR VEHICLE-TRANSPORT,2,RAIN,1,DAYLIGHT,8,PEDESTRIAN,SAWYER BROWN RD & BELLEVUE CTR PVTDR,NASHVILLE,TN,37221,4815,WEST,36.079,-86.9446,POINT (-86.9446 36.079)
20190778637,10/24/2019 08:49:00 PM,2,0,0,,N,419972,4,ANGLE,21,CLEAR,3,DARK - LIGHTED,12,MOTOR VEHICLE IN TRANSPORT,HARDING PKE & MONTGOMERY BELL AV,NASHVILLE,TN,37205,6019,WEST,36.13,-86.8387,POINT (-86.8387 36.13)
20190720862,09/30/2019 09:15:00 AM,2,0,0,,N,352164,4,ANGLE,21,CLEAR,1,DAYLIGHT,12,MOTOR VEHICLE IN TRANSPORT,NOLENSVILLE PKE & MILL CREEK WHITTEMORE,ANTIOCH,TN,37013,8757,SOUTH,36.04,-86.7128,POINT (-86.7128 36.04)
20190766568,10/19/2019 04:11:00 PM,2,0,0,,N,224437,11,Front to Rear,21,CLEAR,1,DAYLIGHT,12,MOTOR VEHICLE IN TRANSPORT,INTERSTATE DR & RUSSELL ST,NASHVILLE,TN,37213,1107,CENTRA,36.1694,-86.7679,POINT (-86.7679 36.1694)
20190785850,10/28/2019 11:36:00 AM,1,0,0,,N,191578,0,NOT COLLISION W/MOTOR VEHICLE-TRANSPORT,22,CLOUDY,1,DAYLIGHT,40,MAIL BOX,BLUE BRICK DR & MCCAMPBELL AV,NASHVILLE,TN,37214,9401,HERMIT,36.1649,-86.6566,POINT (-86.6566 36.1649)
20190853117,11/25/2019 06:34:00 PM,2,0,0,,N,256426,11,Front to Rear,21,CLEAR,3,DARK - LIGHTED,12,MOTOR VEHICLE IN TRANSPORT,I40 E ENT RAMP & I 40,NASHVILLE,TN,37205,4903,WEST,36.1109,-86.922,POINT (-86.922 36.1109)
20190768184,10/20/2019 01:50:00 PM,2,0,0,,N,352167,5,SIDESWIPE - SAME DIRECTION,21,CLEAR,1,DAYLIGHT,12,MOTOR VEHICLE IN TRANSPORT,MM 59 0 I 24,ANTIOCH,TN,37013,8808,SOUTH,36.049,-86.6651,POINT (-86.6651 36.049)
20190609492,08/15/2019 04:15:00 PM,2,0,0,,N,693098,5,SIDESWIPE - SAME DIRECTION,21,CLEAR,1,DAYLIGHT,12,MOTOR VEHICLE IN TRANSPORT,HARDING PKE & WOODMONT BLVD,NASHVILLE,TN,37205,6021,WEST,36.1253,-86.8472,POINT (-86.8472 36.1253)
20190607103,08/14/2019 09:23:00 PM,2,3,0,,N,151132,2,HEAD-ON,21,CLEAR,3,DARK - LIGHTED,12,MOTOR VEHICLE IN TRANSPORT,DICKERSON PKES & HILLCREST RD,GOODLETTSVILLE,TN,37072,2111,MADISO,36.2864,-86.7451,POINT (-86.7451 36.2864)
20190706751,09/24/2019 08:18:00 AM,2,0,0,,N,462474,11,Front to Rear,21,CLEAR,1,DAYLIGHT,12,MOTOR VEHICLE IN TRANSPORT,HILLSBORO PKE & GRAYBAR LN,NASHVILLE,TN,37215,6105,WEST,36.1112,-86.8113,POINT (-86.8113 36.1112)
20190666879,09/07/2019 02:11:00 PM,2,0,0,,N,299253,5,SIDESWIPE - SAME DIRECTION,21,CLEAR,1,DAYLIGHT,12,MOTOR VEHICLE IN TRANSPORT,E TRINITY LN & JONES AV,NASHVILLE,TN,37207,1835,EAST,36.2051,-86.7576,POINT (-86.7576 36.2051)
20190808344,11/06/2019 12:00:00 AM,2,0,0,,Y,279211,9,UNKNOWN,99,UNKNOWN,9,UNKNOWN,14,PARKED MOTOR VEHICLE,CRISLYNNDALE DR & SPEARS RD,NASHVILLE,TN,37207,2005,MADISO,36.2392,-86.7704,POINT (-86.7704 36.2392)
20190883999,12/09/2019 03:40:00 PM,2,0,0,,Y,352186,5,SIDESWIPE - SAME DIRECTION,21,CLEAR,98,OTHER,12,MOTOR VEHICLE IN TRANSPORT,BRILEY PKWYE & I24 E EXT RAMP,NASHVILLE,TN,37207,30080,NORTH,36.2379,-86.7869,POINT (-86.7869 36.2379)
20190685810,09/15/2019 12:45:00 PM,2,0,0,,N,342952,5,SIDESWIPE - SAME DIRECTION,21,CLEAR,1,DAYLIGHT,12,MOTOR VEHICLE IN TRANSPORT,MM 214 4 I 40,NASHVILLE,TN,37210,90061,HERMIT,36.1431,-86.7063,POINT (-86.7063 36.1431)
20190610845,08/16/2019 08:30:00 AM,2,0,0,,Y,676834,11,Front to Rear,21,CLEAR,1,DAYLIGHT,12,MOTOR VEHICLE IN TRANSPORT,WHITES CREEK PKE & MOORMANS ARM RD,NASHVILLE,TN,37207,3033,NORTH,36.2182,-86.8035,POINT (-86.8035 36.2182)
20190813636,11/08/2019 07:58:00 PM,4,3,0,,Y,256383,98,OTHER,21,CLEAR,2,DARK - NOT LIGHTED,12,MOTOR VEHICLE IN TRANSPORT,MM 62 3 I 24,ANTIOCH,TN,37013,8806,SOUTH,36.0177,-86.6241,POINT (-86.6241 36.0177)
20190894715,12/13/2019 04:50:00 PM,2,0,0,,N,279214,5,SIDESWIPE - SAME DIRECTION,2,RAIN,1,DAYLIGHT,12,MOTOR VEHICLE IN TRANSPORT,HILLSBORO PKE & STOKES LN,NASHVILLE,TN,37215,6001,WEST,36.1199,-86.8086,POINT (-86.8086 36.1199)
20190901999,12/17/2019 07:39:00 AM,2,0,0,,Y,206962,5,SIDESWIPE - SAME DIRECTION,22,CLOUDY,1,DAYLIGHT,12,MOTOR VEHICLE IN TRANSPORT,MM 90 9 I 65,MADISON,TN,37115,20044,MADISO,36.2468,-86.7444,POINT (-86.7444 36.2468)
20190727265,10/02/2019 08:45:00 PM,2,2,0,,N,352195,2,HEAD-ON,21,CLEAR,2,DARK - NOT LIGHTED,12,MOTOR VEHICLE IN TRANSPORT,BELL RD & REELFOOT DR,NASHVILLE,TN,37214,8995,HERMIT,36.1363,-86.6298,POINT (-86.6298 36.1363)
20190808562,11/06/2019 05:43:00 PM,2,0,0,,N,197068,4,ANGLE,22,CLOUDY,3,DARK - LIGHTED,12,MOTOR VEHICLE IN TRANSPORT,JAMES ROBERTSON PKWY & 3RD AVN,NASHVILLE,TN,37201,4201,CENTRA,36.1673,-86.7792,POINT (-86.7792 36.1673)
20190846993,11/22/2019 05:49:00 PM,2,0,0,,Y,352197,11,Front to Rear,21,CLEAR,3,DARK - LIGHTED,12,MOTOR VEHICLE IN TRANSPORT,NOLENSVILLE PKE & SUGAR VALLEY DR,ANTIOCH,TN,37013,8759,SOUTH,36.016,-86.7061,POINT (-86.7061 36.016)
20190753852,10/14/2019 02:28:00 PM,2,1,0,,N,807344,4,ANGLE,21,CLEAR,1,DAYLIGHT,12,MOTOR VEHICLE IN TRANSPORT,2ND AVS & KOREAN VETERANS BLVD,NASHVILLE,TN,37201,4047,CENTRA,36.1576,-86.7724,POINT (-86.7724 36.1576)
20190908805,12/19/2019 08:30:00 PM,2,1,0,,N,256412,11,Front to Rear,21,CLEAR,2,DARK - NOT LIGHTED,12,MOTOR VEHICLE IN TRANSPORT,BRILEY PKWYN & I24 W EXT RAMP,NASHVILLE,TN,37211,8829,SOUTH,36.1099,-86.7203,POINT (-86.7203 36.1099)
20190739417,10/08/2019 08:36:00 AM,1,1,0,,N,352202,0,NOT COLLISION W/MOTOR VEHICLE-TRANSPORT,21,CLEAR,1,DAYLIGHT,8,PEDESTRIAN,LAFAYETTE ST & 6TH AVS,NASHVILLE,TN,37203,4025,CENTRA,36.1533,-86.7757,POINT (-86.7757 36.1533)
20190810077,11/07/2019 09:17:00 AM,2,0,0,,Y,676834,0,NOT COLLISION W/MOTOR VEHICLE-TRANSPORT,2,RAIN,1,DAYLIGHT,36;99,CONCRETE TRAFFIC BARRIER;UNKNOWN MOST HARMFUL EVENT,MM 1 1 I 440,NASHVILLE,TN,37203,5624,MIDTOW,36.1447,-86.8222,POINT (-86.8222 36.1447)
20190590362,08/08/2019 02:33:00 PM,2,0,0,,N,909486,4,ANGLE,21,CLEAR,1,DAYLIGHT,12,MOTOR VEHICLE IN TRANSPORT,FRANKLIN PKE & OLD HICKORY BLVD,NASHVILLE,TN,37220,7111,MIDTOW,36.0377,-86.7865,POINT (-86.7865 36.0377)
20190828053,11/15/2019 09:22:00 AM,2,0,0,,N,620072,11,Front to Rear,21,CLEAR,1,DAYLIGHT,12,MOTOR VEHICLE IN TRANSPORT,CHARLOTTE AV & 15TH AVN,NASHVILLE,TN,37203,5501,MIDTOW,36.1603,-86.7946,POINT (-86.7946 36.1603)
20190788764,10/29/2019 01:30:00 PM,2,0,0,,Y,223502,4,ANGLE,22,CLOUDY,1,DAYLIGHT,12,MOTOR VEHICLE IN TRANSPORT,THOMPSON LN & SIMMONS AV,NASHVILLE,TN,37211,8425,SOUTH,36.1106,-86.7413,POINT (-86.7413 36.1106)
20190736957,10/07/2019 07:20:00 AM,2,0,0,,N,334981,4,ANGLE,22,CLOUDY,1,DAYLIGHT,13,MOTOR VEHICLE IN TRANSPORT-OTHER ROADWAY,CHARLES E DAVIS BLVD & LAFAYETTE ST,NASHVILLE,TN,37210,8201,HERMIT,36.1488,-86.7625,POINT (-86.7625 36.1488)
20190627475,08/22/2019 01:54:00 PM,2,0,0,,Y,320580,5,SIDESWIPE - SAME DIRECTION,22,CLOUDY,1,DAYLIGHT,12,MOTOR VEHICLE IN TRANSPORT,MM 51 5 I 24,NASHVILLE,TN,37210,9004,HERMIT,36.1404,-86.7287,POINT (-86.7287 36.1404)
20190827164,11/14/2019 04:45:00 PM,2,1,0,,N,256427,11,Front to Rear,21,CLEAR,5,DUSK,12,MOTOR VEHICLE IN TRANSPORT,US HWY 41 & FESSLERS LN,NASHVILLE,TN,37210,8217,HERMIT,36.1428,-86.7444,POINT (-86.7444 36.1428)
20190778405,10/24/2019 07:55:00 PM,2,0,0,,N,320585,4,ANGLE,21,CLEAR,3,DARK - LIGHTED,12,MOTOR VEHICLE IN TRANSPORT,MM 220 8 I 40,HERMITAGE,TN,37076,89042,HERMIT,36.1701,-86.6013,POINT (-86.6013 36.1701)
20190673055,09/10/2019 10:48:00 AM,2,1,0,,N,676834,11,Front to Rear,21,CLEAR,1,DAYLIGHT,12,MOTOR VEHICLE IN TRANSPORT,ROSA L PARKS BLVD & I65 S EXT RAMP,NASHVILLE,TN,37208,4405,NORTH,36.1861,-86.7984,POINT (-86.7984 36.1861)
20190640077,08/27/2019 12:00:00 AM,2,0,0,,N,212344,11,Front to Rear,21,CLEAR,1,DAYLIGHT,12,MOTOR VEHICLE IN TRANSPORT,SCOTT AV & DOUGLAS AV,NASHVILLE,TN,37206,1347,EAST,36.1913,-86.7333,POINT (-86.7333 36.1913)
20190768205,10/20/2019 02:26:00 PM,2,0,0,,N,212325,11,Front to Rear,21,CLEAR,1,DAYLIGHT,12,MOTOR VEHICLE IN TRANSPORT,GALLATIN PKES & BERKLEY DR,MADISON,TN,37115,1519,MADISO,36.247,-86.721,POINT (-86.721 36.247)
20190761209,10/17/2019 11:27:00 AM,2,0,0,,N,462474,11,Front to Rear,21,CLEAR,1,DAYLIGHT,12,MOTOR VEHICLE IN TRANSPORT,I65 S ENT RAMP & I 65,NASHVILLE,TN,37207,3007,NORTH,36.2057,-86.778,POINT (-86.778 36.2057)
20190892330,12/12/2019 05:42:00 PM,2,1,0,,N,309262,11,Front to Rear,21,CLEAR,2,DARK - NOT LIGHTED,12,MOTOR VEHICLE IN TRANSPORT,MM 39 4 I 24,WHITES CREEK,TN,37189,3314,NORTH,36.2912,-86.8102,POINT (-86.8102 36.2912)
20190636686,08/26/2019 07:39:00 AM,2,0,0,,N,320574,11,Front to Rear,2,RAIN,1,DAYLIGHT,12,MOTOR VEHICLE IN TRANSPORT,MM 212 0 I 40,NASHVILLE,TN,37210,90041,HERMIT,36.147,-86.7433,POINT (-86.7433 36.147)
20190690444,09/17/2019 01:00:00 PM,2,0,0,,Y,607049,5,SIDESWIPE - SAME DIRECTION,21,CLEAR,1,DAYLIGHT,12,MOTOR VEHICLE IN TRANSPORT,N DUPONT AV & ARCHWOOD PL,MADISON,TN,37115,1705,MADISO,36.2662,-86.685,POINT (-86.685 36.2662)
20190828719,11/15/2019 08:20:00 AM,2,2,0,,N,384416,4,ANGLE,21,CLEAR,1,DAYLIGHT,12,MOTOR VEHICLE IN TRANSPORT,COWAN ST & SPRING ST,NASHVILLE,TN,37213,1987,CENTRA,36.177,-86.7761,POINT (-86.7761 36.177)
20190810548,11/07/2019 01:52:00 PM,1,0,0,Y,N,134899,0,NOT COLLISION W/MOTOR VEHICLE-TRANSPORT,2,RAIN,1,DAYLIGHT,24,GUARDRAIL FACE,MM 220 5 I 40,HERMITAGE,TN,37076,89042,HERMIT,36.1691,-86.6064,POINT (-86.6064 36.1691)
20190912527,12/21/2019 03:13:00 PM,1,0,0,Y,N,352186,0,NOT COLLISION W/MOTOR VEHICLE-TRANSPORT,21,CLEAR,1,DAYLIGHT,19;38;64,BUILDING;FENCE;Ran Off Road-Left,COMBS DR & COMBS TER,NASHVILLE,TN,37207,3047,NORTH,36.2166,-86.791,POINT (-86.791 36.2166)
20190711292,09/26/2019 12:37:00 AM,1,0,0,,Y,384423,0,NOT COLLISION W/MOTOR VEHICLE-TRANSPORT,21,CLEAR,3,DARK - LIGHTED,30,UTILITY POLE,STRAIGHTWAY AV & GALLATIN AV,NASHVILLE,TN,37206,1895,EAST,36.1936,-86.7439,POINT (-86.7439 36.1936)
20190694974,09/19/2019 05:51:00 AM,2,2,0,,N,256377,11,Front to Rear,21,CLEAR,1,DAYLIGHT,12,MOTOR VEHICLE IN TRANSPORT,DONELSON PKE & I40 E ENT RAMP,NASHVILLE,TN,37214,8953,HERMIT,36.1396,-86.6662,POINT (-86.6662 36.1396)
20190627971,08/22/2019 05:45:00 PM,2,1,0,,N,256448,4,ANGLE,2,RAIN,1,DAYLIGHT,12,MOTOR VEHICLE IN TRANSPORT,LEBANON PKE & OLD LEBANON PKE,NASHVILLE,TN,37214,9125,HERMIT,36.1678,-86.6637,POINT (-86.6637 36.1678)
20190770162,10/21/2019 12:26:00 PM,2,1,0,,N,191578,4,ANGLE,2,RAIN,1,DAYLIGHT,12,MOTOR VEHICLE IN TRANSPORT,OLD HICKORY BLVD & CENTRAL PKE,HERMITAGE,TN,37076,9557,HERMIT,36.1676,-86.7787,POINT (-86.7787 36.1676)
20190863844,11/30/2019 09:00:00 PM,1,0,0,,Y,306708,0,NOT COLLISION W/MOTOR VEHICLE-TRANSPORT,2,RAIN,9,UNKNOWN,34,DITCH,BRICK CHURCH PIKE & CHESAPEAKE DR,NASHVILLE,TN,37207,2033,MADISO,36.2462,-86.7792,POINT (-86.7792 36.2462)
20190684434,09/14/2019 07:05:00 PM,2,1,0,,N,352184,11,Front to Rear,21,CLEAR,5,DUSK,12,MOTOR VEHICLE IN TRANSPORT,GALLATIN AV & W EASTLAND AV,NASHVILLE,TN,37206,1243,EAST,36.1836,-86.7485,POINT (-86.7485 36.1836)
20190735595,10/06/2019 12:20:00 PM,1,0,0,Y,N,483529,0,NOT COLLISION W/MOTOR VEHICLE-TRANSPORT,22,CLOUDY,1,DAYLIGHT,38,FENCE,HAYSBORO AV & LOG CABIN RD,NASHVILLE,TN,37216,1515,EAST,36.231,-86.7177,POINT (-86.7177 36.231)
20190733434,10/05/2019 09:22:00 AM,2,0,0,,Y,902543,5,SIDESWIPE - SAME DIRECTION,21,CLEAR,1,DAYLIGHT,14,PARKED MOTOR VEHICLE,STOCKELL ST & VAUGHN ST,NASHVILLE,TN,37207,1959,EAST,36.1879,-86.7693,POINT (-86.7693 36.1879)
20190737443,10/07/2019 12:30:00 PM,2,0,0,,Y,348631,11,Front to Rear,2,RAIN,1,DAYLIGHT,55,Motor Vehicle-In-Motion Outside Trafficw,DICKERSON & DICKERSON PIKE,NASHVILLE,TN,37207,1833,EAST,36.2083,-86.7674,POINT (-86.7674 36.2083)
20190628131,08/22/2019 05:23:00 PM,2,0,0,,N,330444,4,ANGLE,22,CLOUDY,1,DAYLIGHT,12,MOTOR VEHICLE IN TRANSPORT,ACKLEN AV & NATCHEZ TRC,NASHVILLE,TN,37212,5819,MIDTOW,36.1362,-86.8112,POINT (-86.8112 36.1362)
20190636582,08/26/2019 06:29:00 AM,2,0,0,,N,716886,11,Front to Rear,2,RAIN,1,DAYLIGHT,12,MOTOR VEHICLE IN TRANSPORT,MM 54 7 I 24,NASHVILLE,TN,37211,8602,SOUTH,36.0977,-86.7096,POINT (-86.7096 36.0977)
20190717349,09/28/2019 01:03:00 PM,2,0,0,,N,320575,5,SIDESWIPE - SAME DIRECTION,21,CLEAR,1,DAYLIGHT,12,MOTOR VEHICLE IN TRANSPORT,OLD HICKORY BLVD & BROKEN BOW DR,ANTIOCH,TN,37013,8767,SOUTH,36.0143,-86.6792,POINT (-86.6792 36.0143)
20190734341,10/05/2019 06:20:00 PM,2,0,0,,N,299241,11,Front to Rear,21,CLEAR,7,Dark-Unknown Lighting,12,MOTOR VEHICLE IN TRANSPORT,STEWARTS FERRY PKE & MCCRORY CREEK RD,NASHVILLE,TN,37214,9415,HERMIT,36.1572,-86.6346,POINT (-86.6346 36.1572)
20190793230,10/31/2019 07:47:00 AM,2,1,0,,N,226600,11,Front to Rear,2,RAIN,1,DAYLIGHT,12,MOTOR VEHICLE IN TRANSPORT,HIGHWAY 100 & OLD HICKORY BLVD,NASHVILLE,TN,37221,6213,WEST,36.0609,-86.9153,POINT (-86.9153 36.0609)
20190802159,11/04/2019 09:00:00 AM,2,0,0,,N,311799,4,ANGLE,21,CLEAR,1,DAYLIGHT,12,MOTOR VEHICLE IN TRANSPORT,ANDERSON LN & SNOW AV,MADISON,TN,37115,1727,MADISO,36.2729,-86.6992,POINT (-86.6992 36.2729)
20190872262,12/04/2019 10:57:00 AM,2,0,0,,N,137872,11,Front to Rear,21,CLEAR,1,DAYLIGHT,12,MOTOR VEHICLE IN TRANSPORT,CENTRAL PKE & TULIP GROVE RD,HERMITAGE,TN,37076,9557,HERMIT,36.09,-86.6401,POINT (-86.6401 36.09)
20190908602,12/19/2019 06:00:00 PM,2,0,0,,Y,240966,5,SIDESWIPE - SAME DIRECTION,21,CLEAR,3,DARK - LIGHTED,14,PARKED MOTOR VEHICLE,DICKERSON PKE & HANCOCK ST,NASHVILLE,TN,37207,1963,EAST,36.1843,-86.7737,POINT (-86.7737 36.1843)
20190899525,12/16/2019 06:10:00 AM,2,1,0,,Y,676834,11,Front to Rear,2,RAIN,1,DAYLIGHT,12,MOTOR VEHICLE IN TRANSPORT,I65 S EXT RAMP & I 65,MADISON,TN,37115,20044,MADISO,36.2481,-86.743,POINT (-86.743 36.2481)
20190796824,11/01/2019 06:21:00 PM,2,0,0,,N,256392,11,Front to Rear,21,CLEAR,3,DARK - LIGHTED,12,MOTOR VEHICLE IN TRANSPORT,BRICK CHURCH PKE & ARTIC AV,NASHVILLE,TN,37207,3003,NORTH,36.2038,-86.7771,POINT (-86.7771 36.2038)
20190789267,10/29/2019 05:05:00 PM,2,0,0,,N,420040,4,ANGLE,22,CLOUDY,1,DAYLIGHT,12,MOTOR VEHICLE IN TRANSPORT,WEST END AV & LOUISE AV,NASHVILLE,TN,37203,5715,MIDTOW,36.1497,-86.8029,POINT (-86.8029 36.1497)
20190661808,09/05/2019 10:50:00 AM,2,0,0,,N,665896,6,SIDESWIPE - OPPOSITE DIRECTION,21,CLEAR,1,DAYLIGHT,12;14,MOTOR VEHICLE IN TRANSPORT;PARKED MOTOR VEHICLE,HOLLY ST & S 18TH ST,NASHVILLE,TN,37206,1259,EAST,36.1751,-86.7381,POINT (-86.7381 36.1751)
20190882844,12/09/2019 06:00:00 AM,2,0,0,,Y,330420,11,Front to Rear,21,CLEAR,3,DARK - LIGHTED,12,MOTOR VEHICLE IN TRANSPORT,MM 212 0 I 40,NASHVILLE,TN,37210,90041,HERMIT,36.147,-86.7433,POINT (-86.7433 36.147)
20190850406,11/24/2019 02:45:00 PM,2,1,0,,N,352169,11,Front to Rear,21,CLEAR,1,DAYLIGHT,12,MOTOR VEHICLE IN TRANSPORT,MYATT DR & SPRING BRANCH DR,MADISON,TN,37115,1731,MADISO,36.2939,-86.6965,POINT (-86.6965 36.2939)
20190714344,09/27/2019 06:30:00 AM,2,0,0,,N,352207,4,ANGLE,21,CLEAR,1,DAYLIGHT,12,MOTOR VEHICLE IN TRANSPORT,19TH AVN & PATTERSON ST,NASHVILLE,TN,37203,5505,MIDTOW,36.1562,-86.8004,POINT (-86.8004 36.1562)
20190889600,12/11/2019 05:15:00 PM,2,0,0,,N,197070,4,ANGLE,21,CLEAR,1,DAYLIGHT,12,MOTOR VEHICLE IN TRANSPORT,12TH AVN & JEFFERSON ST,NASHVILLE,TN,37208,5429,NORTH,36.1713,-86.7992,POINT (-86.7992 36.1713)
20190736722,10/07/2019 04:43:00 AM,1,0,0,,N,352205,0,NOT COLLISION W/MOTOR VEHICLE-TRANSPORT,2,RAIN,3,DARK - LIGHTED,36,CONCRETE TRAFFIC BARRIER,MM 215 9 I 40,NASHVILLE,TN,37217,89020,HERMIT,36.1421,-86.6786,POINT (-86.6786 36.1421)
20190912892,12/21/2019 07:04:00 PM,2,0,0,,N,197068,4,ANGLE,21,CLEAR,3,DARK - LIGHTED,12,MOTOR VEHICLE IN TRANSPORT,2ND AVS & BROADWAY,NASHVILLE,TN,37201,4093,CENTRA,36.1619,-86.7752,POINT (-86.7752 36.1619)
20190785480,10/28/2019 08:08:00 AM,2,0,0,,N,191578,11,Front to Rear,22,CLOUDY,1,DAYLIGHT,12,MOTOR VEHICLE IN TRANSPORT,ELM HILL PKE & MCGAVOCK PKE,NASHVILLE,TN,37214,9115,HERMIT,36.1528,-86.6834,POINT (-86.6834 36.1528)
20190619573,08/19/2019 08:25:00 PM,2,0,0,,Y,717341,4,ANGLE,21,CLEAR,3,DARK - LIGHTED,12,MOTOR VEHICLE IN TRANSPORT,WINTHORNE DR & MCDONALD DR,NASHVILLE,TN,37217,8811,SOUTH,36.1178,-86.7032,POINT (-86.7032 36.1178)
20190627238,08/22/2019 11:40:00 AM,2,0,0,,Y,212318,5,SIDESWIPE - SAME DIRECTION,21,CLEAR,1,DAYLIGHT,12,MOTOR VEHICLE IN TRANSPORT,17TH AVN & WEST END AV,NASHVILLE,TN,37203,5519,MIDTOW,36.1543,-86.7948,POINT (-86.7948 36.1543)
20190821102,11/12/2019 08:38:00 AM,2,0,0,,N,525538,5,SIDESWIPE - SAME DIRECTION,21,CLEAR,1,DAYLIGHT,12,MOTOR VEHICLE IN TRANSPORT,MM 209 7 I 40,NASHVILLE,TN,37203,4004,CENTRA,36.1492,-86.7812,POINT (-86.7812 36.1492)
20190770635,10/21/2019 04:55:00 PM,2,0,0,,N,256384,11,Front to Rear,2,RAIN,1,DAYLIGHT,12,MOTOR VEHICLE IN TRANSPORT,NOLENSVILLE PKE & CRAIGHEAD ST,NASHVILLE,TN,37210,8125,SOUTH,36.1338,-86.7588,POINT (-86.7588 36.1338)
20190620896,08/20/2019 07:53:00 AM,3,0,0,,N,212345,11,Front to Rear,21,CLEAR,1,DAYLIGHT,12,MOTOR VEHICLE IN TRANSPORT,ELLINGTON PKWYS & ELLINGTON PKWY S ENT R,NASHVILLE,TN,37207,1996,EAST,36.1828,-86.7615,POINT (-86.7615 36.1828)
20190884901,12/09/2019 10:30:00 PM,1,0,0,,N,332215,0,NOT COLLISION W/MOTOR VEHICLE-TRANSPORT,2,RAIN,7,Dark-Unknown Lighting,36,CONCRETE TRAFFIC BARRIER,MM 1 8 I 440,NASHVILLE,TN,37212,5906,MIDTOW,36.1328,-86.8186,POINT (-86.8186 36.1328)
20190672601,09/10/2019 07:15:00 AM,2,0,0,,Y,420035,5,SIDESWIPE - SAME DIRECTION,21,CLEAR,1,DAYLIGHT,12,MOTOR VEHICLE IN TRANSPORT,GALLATIN PKE & HAYSBORO AV,NASHVILLE,TN,37216,1503,EAST,36.2316,-86.7249,POINT (-86.7249 36.2316)
20190676905,09/11/2019 06:31:00 PM,2,0,0,,N,212369,5,SIDESWIPE - SAME DIRECTION,21,CLEAR,1,DAYLIGHT,12,MOTOR VEHICLE IN TRANSPORT,HARDING PL & I65 N ENT RAMP,NASHVILLE,TN,37204,8529,MIDTOW,36.0825,-86.7631,POINT (-86.7631 36.0825)
20190723572,10/01/2019 09:56:00 AM,3,0,0,,N,462474,11,Front to Rear,21,CLEAR,1,DAYLIGHT,12,MOTOR VEHICLE IN TRANSPORT,NATCHEZ TRC & FAIRFAX AV,NASHVILLE,TN,37212,5903,MIDTOW,36.1351,-86.8114,POINT (-86.8114 36.1351)
20190696963,09/19/2019 10:20:00 PM,3,0,0,,N,161945,11,Front to Rear,21,CLEAR,3,DARK - LIGHTED,12,MOTOR VEHICLE IN TRANSPORT,OCALA DR & NOLENSVILLE PKE,NASHVILLE,TN,37211,8717,SOUTH,36.0516,-86.714,POINT (-86.714 36.0516)
20190867759,12/02/2019 06:15:00 PM,2,0,0,,N,352197,5,SIDESWIPE - SAME DIRECTION,21,CLEAR,3,DARK - LIGHTED,12,MOTOR VEHICLE IN TRANSPORT,MM 53 2 I 24,NASHVILLE,TN,37210,83020,SOUTH,36.116,-86.7253,POINT (-86.7253 36.116)
20190826903,11/14/2019 02:17:00 PM,2,0,0,,N,320603,11,Front to Rear,21,CLEAR,1,DAYLIGHT,12,MOTOR VEHICLE IN TRANSPORT,CHARLOTTE PKE & HILLWOOD BLVD,NASHVILLE,TN,37209,5021,WEST,36.138,-86.8819,POINT (-86.8819 36.138)
20190918000,12/24/2019 09:02:00 AM,2,0,0,,N,473670,5,SIDESWIPE - SAME DIRECTION,21,CLEAR,1,DAYLIGHT,12,MOTOR VEHICLE IN TRANSPORT,I24 W EXT RAMP & I 24,NASHVILLE,TN,37211,8829,SOUTH,36.1074,-86.7197,POINT (-86.7197 36.1074)
20190590513,08/08/2019 03:56:00 PM,2,0,0,,N,690942,4,ANGLE,21,CLEAR,1,DAYLIGHT,12,MOTOR VEHICLE IN TRANSPORT,3RD AVN & JACKSON ST RAMP,NASHVILLE,TN,37201,4233,CENTRA,36.1747,-86.7845,POINT (-86.7845 36.1747)
20190798001,11/02/2019 07:30:00 AM,2,0,0,,N,320575,4,ANGLE,21,CLEAR,1,DAYLIGHT,12,MOTOR VEHICLE IN TRANSPORT,WALLACE RD & LARGO DR,NASHVILLE,TN,37211,8705,SOUTH,36.084,-86.702,POINT (-86.702 36.084)
20190875701,12/05/2019 06:18:00 PM,2,1,0,,Y,151132,6,SIDESWIPE - OPPOSITE DIRECTION,21,CLEAR,2,DARK - NOT LIGHTED,12,MOTOR VEHICLE IN TRANSPORT,BRICK CHURCH PKE & JACKSON RD,WHITES CREEK,TN,37189,2105,MADISO,36.2959,-86.782,POINT (-86.782 36.2959)