Accident Number,Date and Time,Number of Motor Vehicles,Number of Injuries,Number of Fatalities,Property Damage,Hit and Run,Reporting Officer,Collision Type Code,Collision Type Description,Weather Code,Weather Description,Illumination Code,Illumination Description,Harmful Code,Harmful Code Description,Street Address,City,State,ZIP,RPA,Precinct,Latitude,Longitude,Mapped Location
20190885749,12/10/2019 07:45:00 AM,2,0,0,,Y,256502,5,SIDESWIPE - SAME DIRECTION,4,SNOW,1,DAYLIGHT,12,MOTOR VEHICLE IN TRANSPORT,I65 S ENT RAMP & I 65,NASHVILLE,TN,37207,3007,NORTH,36.2057,-86.778,POINT (-86.778 36.2057)
20190688556,09/16/2019 07:40:00 PM,2,1,0,Y,N,197435,11,Front to Rear,21,CLEAR,3,DARK - LIGHTED,12,MOTOR VEHICLE IN TRANSPORT,BRILEY PKWYE & BRILEY PKWY E EXT RAMP,NASHVILLE,TN,37216,1588,EAST,36.2394,-86.7439,POINT (-86.7439 36.2394)
20190815902,11/09/2019 11:00:00 PM,1,0,0,,N,209173,0,NOT COLLISION W/MOTOR VEHICLE-TRANSPORT,21,CLEAR,2,DARK - NOT LIGHTED,34,DITCH,SOMERSET FARMS DR & COLEY DAVIS RD,NASHVILLE,TN,37221,4811,WEST,36.0752,-86.9676,POINT (-86.9676 36.0752)
20190640363,08/27/2019 06:03:00 PM,2,0,0,,N,714641,5,SIDESWIPE - SAME DIRECTION,22,CLOUDY,1,DAYLIGHT,12,MOTOR VEHICLE IN TRANSPORT,GAY ST & 5TH AVN,NASHVILLE,TN,37219,4203,CENTRA,36.1679,-86.7832,POINT (-86.7832 36.1679)
20190907413,12/19/2019 12:00:00 AM,2,0,0,,Y,620072,4,ANGLE,99,UNKNOWN,9,UNKNOWN,12;14,MOTOR VEHICLE IN TRANSPORT;PARKED MOTOR VEHICLE,BROADWAY & DIVISION ST,NASHVILLE,TN,37212,6711,MIDTOW,36.1486,-86.7991,POINT (-86.7991 36.1486)
20190844103,11/21/2019 05:41:00 PM,2,1,0,,N,330415,4,ANGLE,21,CLEAR,3,DARK - LIGHTED,12,MOTOR VEHICLE IN TRANSPORT,0 US HWY 70,NASHVILLE,TN,37201,4103,CENTRA,36.1618,-86.7754,POINT (-86.7754 36.1618)
20190786549,10/28/2019 05:13:00 PM,2,0,0,,N,714641,4,ANGLE,22,CLOUDY,1,DAYLIGHT,12,MOTOR VEHICLE IN TRANSPORT,4TH AVS & I40 W EXT RAMP,NASHVILLE,TN,37203,4007,CENTRA,36.1509,-86.7706,POINT (-86.7706 36.1509)
20190894882,12/13/2019 05:45:00 PM,2,0,0,,Y,330435,4,ANGLE,2,RAIN,3,DARK - LIGHTED,12,MOTOR VEHICLE IN TRANSPORT,HART LN & DICKERSON PKE,NASHVILLE,TN,37207,1887,EAST,36.2217,-86.7617,POINT (-86.7617 36.2217)
20190814077,11/09/2019 12:38:00 AM,1,0,0,,Y,320590,0,NOT COLLISION W/MOTOR VEHICLE-TRANSPORT,21,CLEAR,3,DARK - LIGHTED,42;64,TREE;Ran Off Road-Left,BRICK CHURCH PKE & BRICK CHURCH PARK DR,NASHVILLE,TN,37207,3047,NORTH,36.2242,-86.7822,POINT (-86.7822 36.2242)
20190780703,10/25/2019 07:14:00 PM,2,0,0,,Y,151132,4,ANGLE,2,RAIN,3,DARK - LIGHTED,12,MOTOR VEHICLE IN TRANSPORT,CONFERENCE DR & VIETNAM VETERANS BLVD NB,MADISON,TN,37115,1737,MADISO,36.3068,-86.6944,POINT (-86.6944 36.3068)
20190668440,09/08/2019 07:51:00 AM,2,0,0,,Y,179602,11,Front to Rear,21,CLEAR,1,DAYLIGHT,14;54,PARKED MOTOR VEHICLE;Set In Motion By Motor Vehicle,OLD MATTHEWS RD & TROY CT,NASHVILLE,TN,37207,3039,NORTH,36.2172,-86.7942,POINT (-86.7942 36.2172)
20190692564,09/18/2019 08:00:00 AM,2,0,0,,N,235761,11,Front to Rear,21,CLEAR,1,DAYLIGHT,12,MOTOR VEHICLE IN TRANSPORT,BRILEY PKWY N EXT RAMP & BRILEY PKWY N E,NASHVILLE,TN,37214,9121,HERMIT,36.1681,-86.6879,POINT (-86.6879 36.1681)
20190695197,09/19/2019 07:50:00 AM,2,1,0,,N,665896,11,Front to Rear,21,CLEAR,1,DAYLIGHT,12,MOTOR VEHICLE IN TRANSPORT,SHELBY AV & S 9TH ST,NASHVILLE,TN,37206,1031,EAST,36.1708,-86.754,POINT (-86.754 36.1708)
20190630424,08/23/2019 02:10:00 PM,2,0,0,,Y,716886,16,Rear to Side,21,CLEAR,1,DAYLIGHT,14,PARKED MOTOR VEHICLE,MURFREESBORO PKE & MOUNTAIN SPRINGS RD,ANTIOCH,TN,37013,8927,SOUTH,36.0478,-86.6121,POINT (-86.6121 36.0478)
20190623700,08/21/2019 06:41:00 AM,2,1,0,,N,620072,5,SIDESWIPE - SAME DIRECTION,21,CLEAR,1,DAYLIGHT,12,MOTOR VEHICLE IN TRANSPORT,14TH AVE & US HWY 70,NASHVILLE,TN,37203,5701,MIDTOW,36.1556,-86.7897,POINT (-86.7897 36.1556)
20190770365,10/21/2019 02:45:00 PM,2,0,0,Y,N,429193,0,NOT COLLISION W/MOTOR VEHICLE-TRANSPORT,2,RAIN,1,DAYLIGHT,24;68;7,GUARDRAIL FACE;Cross Center Line,NEWSOM STATION RD & HIGHWAY 70,NASHVILLE,TN,37221,4713,WEST,36.0914,-86.9871,POINT (-86.9871 36.0914)
20190793362,10/31/2019 09:03:00 AM,2,0,0,,N,226600,4,ANGLE,2,RAIN,1,DAYLIGHT,12,MOTOR VEHICLE IN TRANSPORT,HILLSBORO PKE & HAMPTON AV,NASHVILLE,TN,37215,6013,WEST,36.1161,-86.8106,POINT (-86.8106 36.1161)
20190608288,08/08/2019 07:00:00 PM,2,0,0,,Y,876573,4,ANGLE,21,CLEAR,1,DAYLIGHT,14,PARKED MOTOR VEHICLE,100 MOUNTAINHIGH DR,ANTIOCH,TN,37013,8753,SOUTH,36.039,-86.6592,POINT (-86.6592 36.039)
20190657709,09/03/2019 05:55:00 PM,2,0,0,,N,279214,4,ANGLE,21,CLEAR,1,DAYLIGHT,12,MOTOR VEHICLE IN TRANSPORT,12TH AVS & BATE AV,NASHVILLE,TN,37212,6601,MIDTOW,36.1319,-86.7887,POINT (-86.7887 36.1319)
20190688268,09/16/2019 12:00:00 AM,2,0,0,,Y,240966,5,SIDESWIPE - SAME DIRECTION,21,CLEAR,1,DAYLIGHT,12;14,MOTOR VEHICLE IN TRANSPORT;PARKED MOTOR VEHICLE,N 5TH ST & ARRINGTON ST,NASHVILLE,TN,37207,1945,EAST,36.1845,-86.7634,POINT (-86.7634 36.1845)
20190748369,10/11/2019 08:51:00 PM,2,0,0,,N,206683,5,SIDESWIPE - SAME DIRECTION,2,RAIN,3,DARK - LIGHTED,12,MOTOR VEHICLE IN TRANSPORT,MM 56 6 I 24,NASHVILLE,TN,37211,8810,SOUTH,36.0742,-86.6927,POINT (-86.6927 36.0742)
20190642717,08/28/2019 03:25:00 PM,2,0,0,,Y,714641,11,Front to Rear,21,CLEAR,1,DAYLIGHT,12;14,MOTOR VEHICLE IN TRANSPORT;PARKED MOTOR VEHICLE,N 1ST ST & SPRING ST,NASHVILLE,TN,37213,1985,CENTRA,36.177,-86.7746,POINT (-86.7746 36.177)
20190757813,10/16/2019 02:30:00 AM,1,0,0,,N,299274,0,NOT COLLISION W/MOTOR VEHICLE-TRANSPORT,2,RAIN,3,DARK - LIGHTED,36,CONCRETE TRAFFIC BARRIER,I24E & I40 E ENT RAMP,NASHVILLE,TN,37210,82061,HERMIT,36.1381,-86.7274,POINT (-86.7274 36.1381)
20190884555,12/09/2019 07:41:00 PM,2,0,0,,Y,330445,5,SIDESWIPE - SAME DIRECTION,2,RAIN,3,DARK - LIGHTED,12;14,MOTOR VEHICLE IN TRANSPORT;PARKED MOTOR VEHICLE,WEST END AV & 31ST AVN,NASHVILLE,TN,37212,5815,MIDTOW,36.1426,-86.8155,POINT (-86.8155 36.1426)
20190796920,11/01/2019 07:12:00 PM,2,0,0,,N,352178,5,SIDESWIPE - SAME DIRECTION,21,CLEAR,3,DARK - LIGHTED,12,MOTOR VEHICLE IN TRANSPORT,JEFFERSON ST & 21ST AVN,NASHVILLE,TN,37208,5351,NORTH,36.1688,-86.8114,POINT (-86.8114 36.1688)
20190598365,08/11/2019 04:12:00 PM,2,0,0,,N,299267,4,ANGLE,21,CLEAR,1,DAYLIGHT,12,MOTOR VEHICLE IN TRANSPORT,31ST AVN & WEST END AV,NASHVILLE,TN,37203,5625,MIDTOW,36.1427,-86.8156,POINT (-86.8156 36.1427)
20190747806,10/11/2019 05:10:00 PM,2,0,0,,N,337276,11,Front to Rear,2,RAIN,5,DUSK,12,MOTOR VEHICLE IN TRANSPORT,PINEHURST DR & STRATFORD AVE,NASHVILLE,TN,37216,1409,EAST,36.199,-86.717,POINT (-86.717 36.199)
20190706636,09/24/2019 07:18:00 AM,1,1,0,,N,402660,0,NOT COLLISION W/MOTOR VEHICLE-TRANSPORT,21,CLEAR,1,DAYLIGHT,7,,MM 205 6 I 40,NASHVILLE,TN,37209,5228,WEST,36.1559,-86.8271,POINT (-86.8271 36.1559)
20190782942,10/27/2019 12:05:00 AM,2,2,0,,N,320590,2,HEAD-ON,21,CLEAR,3,DARK - LIGHTED,12,MOTOR VEHICLE IN TRANSPORT,I65 N ENT RAMP & I 40,NASHVILLE,TN,37208,44041,NORTH,36.1734,-86.8012,POINT (-86.8012 36.1734)
20190619830,08/19/2019 10:00:00 PM,2,0,0,,Y,676828,11,Front to Rear,21,CLEAR,3,DARK - LIGHTED,12,MOTOR VEHICLE IN TRANSPORT,MM 5 5 I 440,NASHVILLE,TN,37204,83062,MIDTOW,36.1211,-86.7641,POINT (-86.7641 36.1211)
20190809939,11/07/2019 08:16:00 AM,3,0,0,,Y,191578,4,ANGLE,2,RAIN,1,DAYLIGHT,12,MOTOR VEHICLE IN TRANSPORT,LEWIS ST & LAFAYETTE ST,NASHVILLE,TN,37210,8145,SOUTH,36.1083,-86.7324,POINT (-86.7324 36.1083)
20190791003,10/30/2019 09:12:00 AM,2,1,0,,Y,620061,5,SIDESWIPE - SAME DIRECTION,2,RAIN,1,DAYLIGHT,12;14,MOTOR VEHICLE IN TRANSPORT;PARKED MOTOR VEHICLE,WINFORD AV & CRUZEN ST,NASHVILLE,TN,37211,8043,MIDTOW,36.1236,-86.7561,POINT (-86.7561 36.1236)
20190841281,11/20/2019 03:03:00 PM,2,0,0,,Y,330415,5,SIDESWIPE - SAME DIRECTION,21,CLEAR,1,DAYLIGHT,12,MOTOR VEHICLE IN TRANSPORT,0 I 24,NASHVILLE,TN,37211,8709,SOUTH,36.0692,-86.6897,POINT (-86.6897 36.0692)
20190736321,10/06/2019 10:40:00 PM,1,0,0,Y,N,109531,0,NOT COLLISION W/MOTOR VEHICLE-TRANSPORT,2,RAIN,3,DARK - LIGHTED,34,DITCH,CHESTER AV & BELLE FORREST AV,NASHVILLE,TN,37206,1333,EAST,36.1948,-86.7352,POINT (-86.7352 36.1948)
20190927302,12/29/2019 09:11:00 AM,1,1,0,Y,N,306231,0,NOT COLLISION W/MOTOR VEHICLE-TRANSPORT,2,RAIN,1,DAYLIGHT,24,GUARDRAIL FACE,MM 86 4 I 65,NASHVILLE,TN,37207,19060,EAST,36.1937,-86.7758,POINT (-86.7758 36.1937)
20190741968,10/09/2019 09:42:00 AM,3,5,1,Y,N,191578,4,ANGLE,21,CLEAR,1,DAYLIGHT,12;30,MOTOR VEHICLE IN TRANSPORT;UTILITY POLE,JACKSON DOWNS BLVD & LEBANON PKE,NASHVILLE,TN,37214,9403,HERMIT,36.1853,-86.6365,POINT (-86.6365 36.1853)
20190794425,10/31/2019 06:52:00 PM,3,2,0,,N,151132,11,Front to Rear,22,CLOUDY,3,DARK - LIGHTED,12,MOTOR VEHICLE IN TRANSPORT,RIVERGATE MARKETPLACE PVTDR & GALLATIN P,MADISON,TN,37115,1731,MADISO,36.3037,-86.6898,POINT (-86.6898 36.3037)
20190651210,08/31/2019 10:20:00 PM,3,3,0,,N,405404,4,ANGLE,21,CLEAR,2,DARK - NOT LIGHTED,1;12;24;34,MOTOR VEHICLE IN TRANSPORT;GUARDRAIL FACE;DITCH,52 I24E,NASHVILLE,TN,37210,81020,SOUTH,36.1305,-86.7271,POINT (-86.7271 36.1305)
20190908364,12/19/2019 04:13:00 PM,2,0,0,,N,352197,4,ANGLE,21,CLEAR,1,DAYLIGHT,12,MOTOR VEHICLE IN TRANSPORT,MM 59 6 I 24,ANTIOCH,TN,37013,88060,SOUTH,36.0438,-86.6561,POINT (-86.6561 36.0438)
20190797748,11/02/2019 03:09:00 AM,2,0,0,,N,109542,5,SIDESWIPE - SAME DIRECTION,21,CLEAR,3,DARK - LIGHTED,12,MOTOR VEHICLE IN TRANSPORT,BROADWAY & 4TH AVN,NASHVILLE,TN,37203,4091,CENTRA,36.161,-86.7772,POINT (-86.7772 36.161)
20190910441,12/20/2019 12:57:00 PM,2,0,0,,N,109534,11,Front to Rear,22,CLOUDY,1,DAYLIGHT,12,MOTOR VEHICLE IN TRANSPORT,I440 W ENT RAMP & I 24,NASHVILLE,TN,37217,8801,SOUTH,36.1232,-86.7263,POINT (-86.7263 36.1232)
20190857402,11/27/2019 11:11:00 AM,2,0,0,,Y,206962,11,Front to Rear,21,CLEAR,1,DAYLIGHT,12,MOTOR VEHICLE IN TRANSPORT,US HWY 31E & DULING AVE,MADISON,TN,37115,1701,MADISO,36.2661,-86.711,POINT (-86.711 36.2661)
20190873058,12/04/2019 05:42:00 PM,3,1,0,,N,909486,11,Front to Rear,21,CLEAR,3,DARK - LIGHTED,12,MOTOR VEHICLE IN TRANSPORT,MM 77 0 I 65,NASHVILLE,TN,37220,86042,MIDTOW,36.0708,-86.7697,POINT (-86.7697 36.0708)
20190647984,08/30/2019 03:40:00 PM,2,1,0,,N,256389,4,ANGLE,21,CLEAR,1,DAYLIGHT,12,MOTOR VEHICLE IN TRANSPORT,HARDING PL & OVERCREST DR,NASHVILLE,TN,37211,8609,MIDTOW,36.0772,-86.7336,POINT (-86.7336 36.0772)
20190660127,09/04/2019 04:37:00 PM,2,0,0,,N,179606,11,Front to Rear,21,CLEAR,1,DAYLIGHT,12,MOTOR VEHICLE IN TRANSPORT,MM 80 0 I 65,NASHVILLE,TN,37204,7018,MIDTOW,36.1134,-86.7724,POINT (-86.7724 36.1134)
20190793684,10/31/2019 12:00:00 PM,1,0,0,,N,420035,0,NOT COLLISION W/MOTOR VEHICLE-TRANSPORT,22,CLOUDY,1,DAYLIGHT,36,CONCRETE TRAFFIC BARRIER,MM 90 4 I 65,MADISON,TN,37115,1702,MADISO,36.2414,-86.7507,POINT (-86.7507 36.2414)
20190710382,09/25/2019 04:00:00 PM,2,1,0,,N,279211,4,ANGLE,21,CLEAR,1,DAYLIGHT,12,MOTOR VEHICLE IN TRANSPORT,BRICK CHURCH PKE & EWING LN,NASHVILLE,TN,37207,2031,MADISO,36.2326,-86.7814,POINT (-86.7814 36.2326)
20190715123,09/27/2019 01:40:00 PM,2,1,0,,N,628640,11,Front to Rear,21,CLEAR,1,DAYLIGHT,12,MOTOR VEHICLE IN TRANSPORT,MM 53 7 I 24,NASHVILLE,TN,37211,88122,SOUTH,36.1097,-86.7216,POINT (-86.7216 36.1097)
20190779574,10/25/2019 08:50:00 AM,2,1,0,,N,384442,11,Front to Rear,22,CLOUDY,1,DAYLIGHT,12;55,MOTOR VEHICLE IN TRANSPORT;Motor Vehicle-In-Motion Outside Trafficw,THOMPSON LN & E IRIS DR,NASHVILLE,TN,37204,8525,MIDTOW,36.1117,-86.7607,POINT (-86.7607 36.1117)
20190800058,11/03/2019 07:15:00 AM,2,1,0,,N,352167,11,Front to Rear,21,CLEAR,1,DAYLIGHT,12,MOTOR VEHICLE IN TRANSPORT,HARDING PL & HARDING MALL DR,NASHVILLE,TN,37211,8705,SOUTH,36.0804,-86.7218,POINT (-86.7218 36.0804)
20190640129,08/27/2019 04:03:00 PM,2,0,0,,N,169425,5,SIDESWIPE - SAME DIRECTION,21,CLEAR,1,DAYLIGHT,12,MOTOR VEHICLE IN TRANSPORT,TROUSDALE DR & HARDING PL,NASHVILLE,TN,37220,8601,MIDTOW,36.0811,-86.7584,POINT (-86.7584 36.0811)
20190660270,09/04/2019 05:19:00 PM,2,0,0,,N,299267,4,ANGLE,21,CLEAR,1,DAYLIGHT,12,MOTOR VEHICLE IN TRANSPORT,18TH AVS & WEDGEWOOD AV,NASHVILLE,TN,37212,6611,MIDTOW,36.137,-86.797,POINT (-86.797 36.137)
20190846009,11/22/2019 12:11:00 PM,2,0,0,,N,279113,98,OTHER,21,CLEAR,1,DAYLIGHT,12,MOTOR VEHICLE IN TRANSPORT,MM 212 0 I 40,NASHVILLE,TN,37210,90041,HERMIT,36.147,-86.7433,POINT (-86.7433 36.147)
20190820684,11/12/2019 12:00:00 AM,2,1,0,,N,330441,4,ANGLE,3,"SLEET, HAIL",2,DARK - NOT LIGHTED,12;68,MOTOR VEHICLE IN TRANSPORT;Cross Center Line,HARDING PL & SIDCO DR,NASHVILLE,TN,37220,8601,MIDTOW,36.0819,-86.7612,POINT (-86.7612 36.0819)
20190625008,08/21/2019 04:42:00 PM,3,0,0,,N,256384,4,ANGLE,21,CLEAR,1,DAYLIGHT,12,MOTOR VEHICLE IN TRANSPORT,4TH AVS & MILDRED SHUTE AV,NASHVILLE,TN,37210,8143,SOUTH,36.1465,-86.7677,POINT (-86.7677 36.1465)
20190840845,11/20/2019 11:00:00 AM,2,0,0,,Y,676834,4,ANGLE,21,CLEAR,1,DAYLIGHT,12;14,MOTOR VEHICLE IN TRANSPORT;PARKED MOTOR VEHICLE,12TH AVN & WHELESS ST,NASHVILLE,TN,37208,4471,NORTH,36.1784,-86.8048,POINT (-86.8048 36.1784)
20190637695,08/26/2019 10:15:00 AM,1,1,0,,Y,279118,0,NOT COLLISION W/MOTOR VEHICLE-TRANSPORT,99,UNKNOWN,1,DAYLIGHT,55;8,Motor Vehicle-In-Motion Outside Trafficw;PEDESTRIAN,PATTERSON ST & 23RD AVN,NASHVILLE,TN,37203,5609,MIDTOW,36.1529,-86.8076,POINT (-86.8076 36.1529)
20190751468,10/13/2019 01:28:00 PM,3,0,0,,N,384439,11,Front to Rear,21,CLEAR,1,DAYLIGHT,12,MOTOR VEHICLE IN TRANSPORT,MM 210 3 I 40,NASHVILLE,TN,37203,80021,MIDTOW,36.15,-86.7719,POINT (-86.7719 36.15)
20190707897,09/24/2019 05:03:00 PM,2,0,0,,N,256426,4,ANGLE,21,CLEAR,1,DAYLIGHT,12,MOTOR VEHICLE IN TRANSPORT,DONELSON PKE & I40 W ENT RAMP,NASHVILLE,TN,37214,9103,HERMIT,36.143,-86.6667,POINT (-86.6667 36.143)
20190700076,09/21/2019 12:00:00 AM,2,0,0,,N,311340,4,ANGLE,21,CLEAR,3,DARK - LIGHTED,12,MOTOR VEHICLE IN TRANSPORT,20TH AVN & CHURCH ST,NASHVILLE,TN,37203,5527,MIDTOW,36.1534,-86.8008,POINT (-86.8008 36.1534)
20190660210,09/04/2019 05:00:00 PM,2,0,0,,N,306230,11,Front to Rear,21,CLEAR,1,DAYLIGHT,12,MOTOR VEHICLE IN TRANSPORT,MM 207 2 I 40,NASHVILLE,TN,37208,54020,NORTH,36.1698,-86.8089,POINT (-86.8089 36.1698)
20190905397,12/18/2019 12:55:00 PM,2,0,0,,N,474557,4,ANGLE,21,CLEAR,1,DAYLIGHT,12,MOTOR VEHICLE IN TRANSPORT,PETTUS RD & PRESTON RD,ANTIOCH,TN,37013,8763,SOUTH,36.0207,-86.665,POINT (-86.665 36.0207)
20190932123,12/31/2019 12:15:00 PM,2,0,0,,N,524985,98,OTHER,21,CLEAR,1,DAYLIGHT,55,Motor Vehicle-In-Motion Outside Trafficw,BRICK CHURCH PKE & ARTIC AV,NASHVILLE,TN,37207,3003,NORTH,36.2038,-86.7771,POINT (-86.7771 36.2038)
20190894972,12/13/2019 07:14:00 PM,2,2,0,,N,298858,2,HEAD-ON,2,RAIN,3,DARK - LIGHTED,12,MOTOR VEHICLE IN TRANSPORT,MM 47 7 I 24,NASHVILLE,TN,37207,19020,EAST,36.179,-86.7737,POINT (-86.7737 36.179)
20190695744,09/19/2019 11:23:00 AM,2,0,0,,N,212325,11,Front to Rear,21,CLEAR,1,DAYLIGHT,12,MOTOR VEHICLE IN TRANSPORT,SHEPHERD HILLS DR & GALLATIN PKEN,GOODLETTSVILLE,TN,37072,1751,MADISO,36.3008,-86.6948,POINT (-86.6948 36.3008)
20190861407,11/29/2019 03:05:00 PM,2,5,1,,N,240955,11,Front to Rear,22,CLOUDY,1,DAYLIGHT,12,MOTOR VEHICLE IN TRANSPORT,HICKORY WOODS DR & US HWY 41,ANTIOCH,TN,37013,8967,SOUTH,36.0265,-86.5883,POINT (-86.5883 36.0265)
20190594492,08/09/2019 09:45:00 PM,1,0,0,Y,N,330441,0,NOT COLLISION W/MOTOR VEHICLE-TRANSPORT,21,CLEAR,2,DARK - NOT LIGHTED,40,MAIL BOX,LEALAND LN & KIRKMAN LN,NASHVILLE,TN,37220,7103,MIDTOW,36.0869,-86.7912,POINT (-86.7912 36.0869)
20190722335,09/30/2019 10:24:00 PM,2,1,0,,N,352155,5,SIDESWIPE - SAME DIRECTION,21,CLEAR,3,DARK - LIGHTED,12,MOTOR VEHICLE IN TRANSPORT,MM 1 7 I 440,NASHVILLE,TN,37209,5312,NORTH,36.1536,-86.8226,POINT (-86.8226 36.1536)
20190632868,08/24/2019 02:38:00 PM,2,1,0,,N,320580,4,ANGLE,21,CLEAR,1,DAYLIGHT,12;30,MOTOR VEHICLE IN TRANSPORT;UTILITY POLE,SPENCE LN & LEBANON PKE,NASHVILLE,TN,37210,9019,HERMIT,36.1537,-86.7216,POINT (-86.7216 36.1537)
20190754147,10/14/2019 04:55:00 PM,1,1,0,,N,352195,0,NOT COLLISION W/MOTOR VEHICLE-TRANSPORT,21,CLEAR,1,DAYLIGHT,18,OTHER OBJECT (NOT FIXED),STATE HWY 155 & UNKNOWN RAMP,NASHVILLE,TN,37216,1503,EAST,36.2341,-86.7222,POINT (-86.7222 36.2341)
20190688292,09/16/2019 04:46:00 PM,2,0,0,,N,240986,4,ANGLE,21,CLEAR,1,DAYLIGHT,12,MOTOR VEHICLE IN TRANSPORT,CAHAL AVE & BRANCH ST,NASHVILLE,TN,37206,1335,EAST,36.1949,-86.726,POINT (-86.726 36.1949)
20190914361,12/22/2019 02:21:00 PM,2,0,0,,N,320597,4,ANGLE,21,CLEAR,1,DAYLIGHT,12,MOTOR VEHICLE IN TRANSPORT,MT VIEW RD & BELL FORGE LNE,ANTIOCH,TN,37013,8863,SOUTH,36.0471,-86.648,POINT (-86.648 36.0471)
20190688256,09/16/2019 04:40:00 PM,2,0,0,,Y,420040,5,SIDESWIPE - SAME DIRECTION,21,CLEAR,1,DAYLIGHT,12;14,MOTOR VEHICLE IN TRANSPORT;PARKED MOTOR VEHICLE,POSTON AV & 28TH AVN,NASHVILLE,TN,37203,5625,MIDTOW,36.146,-86.8137,POINT (-86.8137 36.146)
20190641747,08/28/2019 07:45:00 AM,4,0,0,,N,716886,11,Front to Rear,21,CLEAR,1,DAYLIGHT,12,MOTOR VEHICLE IN TRANSPORT,MM 54 5 I 24,NASHVILLE,TN,37211,84021,SOUTH,36.0999,-86.7113,POINT (-86.7113 36.0999)
20190806047,11/05/2019 06:09:00 PM,2,0,0,,N,384423,4,ANGLE,21,CLEAR,3,DARK - LIGHTED,12,MOTOR VEHICLE IN TRANSPORT,TODD PREIS DR & SAWYER BROWN RD,NASHVILLE,TN,37221,4811,WEST,36.0711,-86.9471,POINT (-86.9471 36.0711)
20190919717,12/25/2019 04:00:00 AM,1,0,0,Y,N,223502,0,NOT COLLISION W/MOTOR VEHICLE-TRANSPORT,22,CLOUDY,3,DARK - LIGHTED,30;31,"UTILITY POLE;OTHER POST, POLE, SUPP.",3700 TIBBS DR,NASHVILLE,TN,37211,8435,SOUTH,36.0944,-86.7331,POINT (-86.7331 36.0944)
20190582622,08/05/2019 09:00:00 PM,2,0,0,,Y,256448,11,Front to Rear,21,CLEAR,3,DARK - LIGHTED,12,MOTOR VEHICLE IN TRANSPORT,ROYAL PKWY & RACHEL DR,NASHVILLE,TN,37214,9103,HERMIT,36.147,-86.6722,POINT (-86.6722 36.147)
20190733951,10/05/2019 03:46:00 PM,2,1,0,,N,330428,11,Front to Rear,21,CLEAR,1,DAYLIGHT,12,MOTOR VEHICLE IN TRANSPORT,CHARLOTTE PKE & OCEOLA AV,NASHVILLE,TN,37209,5025,WEST,36.1495,-86.8605,POINT (-86.8605 36.1495)
20190884412,12/09/2019 05:35:00 PM,2,0,0,,N,279225,4,ANGLE,21,CLEAR,3,DARK - LIGHTED,12,MOTOR VEHICLE IN TRANSPORT,WOODBERRY DR & BLUE HILLS DR,NASHVILLE,TN,37214,9123,HERMIT,36.1574,-86.6848,POINT (-86.6848 36.1574)
20190638274,08/26/2019 12:00:00 AM,1,0,0,Y,Y,279198,0,NOT COLLISION W/MOTOR VEHICLE-TRANSPORT,21,CLEAR,3,DARK - LIGHTED,24,GUARDRAIL FACE,WHITES CREEK PKE & LOTTA AV,NASHVILLE,TN,37207,1917,EAST,36.1905,-86.7746,POINT (-86.7746 36.1905)
20190853189,11/25/2019 07:10:00 PM,1,1,0,,N,345098,0,NOT COLLISION W/MOTOR VEHICLE-TRANSPORT,21,CLEAR,3,DARK - LIGHTED,8,PEDESTRIAN,NOLENSVILLE PKE & MCNALLY DR,NASHVILLE,TN,37211,8435,SOUTH,36.0933,-86.7362,POINT (-86.7362 36.0933)
20190871724,12/04/2019 06:56:00 AM,2,2,0,,N,834798,11,Front to Rear,21,CLEAR,1,DAYLIGHT,12,MOTOR VEHICLE IN TRANSPORT,I65 S ENT RAMP & I 40,NASHVILLE,TN,37203,4006,CENTRA,36.1491,-86.7753,POINT (-86.7753 36.1491)
20190900171,12/16/2019 12:39:00 PM,1,0,0,,Y,676834,0,NOT COLLISION W/MOTOR VEHICLE-TRANSPORT,2,RAIN,1,DAYLIGHT,43;71,OTHER FIXED OBJECTS;EMBANKMENT EARTH,MM 88 4 I 65,NASHVILLE,TN,37207,30040,NORTH,36.2217,-86.7746,POINT (-86.7746 36.2217)
20190747722,10/11/2019 02:50:00 PM,2,0,0,,Y,330413,5,SIDESWIPE - SAME DIRECTION,22,CLOUDY,1,DAYLIGHT,12,MOTOR VEHICLE IN TRANSPORT,POWELL AVE & POWELL PL,NASHVILLE,TN,37204,8525,MIDTOW,36.1065,-86.7646,POINT (-86.7646 36.1065)
20190924158,12/27/2019 04:58:00 PM,2,2,0,,N,256448,4,ANGLE,21,CLEAR,1,DAYLIGHT,12,MOTOR VEHICLE IN TRANSPORT,DONELSON PKE & WHITLAND CROSSING DR,NASHVILLE,TN,37214,9409,HERMIT,36.1538,-86.6655,POINT (-86.6655 36.1538)
20190814478,11/09/2019 12:00:00 AM,1,0,0,,Y,330411,9,UNKNOWN,99,UNKNOWN,9,UNKNOWN,99,UNKNOWN MOST HARMFUL EVENT,OLD CLARKSVILLE PIKE & US HWY 41 ALT,JOELTON,TN,37080,3315,NORTH,36.3209,-86.9013,POINT (-86.9013 36.3209)
20190624870,08/21/2019 03:15:00 PM,2,1,0,,N,256427,11,Front to Rear,21,CLEAR,1,DAYLIGHT,12,MOTOR VEHICLE IN TRANSPORT,MM 211 7 I 40,NASHVILLE,TN,37210,82042,HERMIT,36.1499,-86.7483,POINT (-86.7483 36.1499)