Accident Number,Date and Time,Number of Motor Vehicles,Number of Injuries,Number of Fatalities,Property Damage,Hit and Run,Reporting Officer,Collision Type Code,Collision Type Description,Weather Code,Weather Description,Illumination Code,Illumination Description,Harmful Code,Harmful Code Description,Street Address,City,State,ZIP,RPA,Precinct,Latitude,Longitude,Mapped Location
20190781455,10/26/2019 03:02:00 AM,1,0,0,,N,169414,0,NOT COLLISION W/MOTOR VEHICLE-TRANSPORT,2,RAIN,2,DARK - NOT LIGHTED,36,CONCRETE TRAFFIC BARRIER,MM 6 8 I 440,NASHVILLE,TN,37210,81040,SOUTH,36.1244,-86.7398,POINT (-86.7398 36.1244)
20190616845,08/18/2019 08:57:00 PM,2,1,0,,N,256446,11,Front to Rear,21,CLEAR,3,DARK - LIGHTED,12,MOTOR VEHICLE IN TRANSPORT,CROSSINGS BLVD & CROSSINGS PL,ANTIOCH,TN,37013,8863,SOUTH,36.0897,-86.6881,POINT (-86.6881 36.0897)
20190706691,09/24/2019 07:40:00 AM,2,0,0,,N,278580,11,Front to Rear,21,CLEAR,1,DAYLIGHT,12,MOTOR VEHICLE IN TRANSPORT,MM 86 9 I 65,NASHVILLE,TN,37207,3002,NORTH,36.2009,-86.7768,POINT (-86.7768 36.2009)
20190629980,08/23/2019 10:15:00 AM,2,0,0,,N,352174,11,Front to Rear,21,CLEAR,1,DAYLIGHT,12,MOTOR VEHICLE IN TRANSPORT,HARDING PL & I65 S ENT RAMP,NASHVILLE,TN,37220,7101,MIDTOW,36.0827,-86.7651,POINT (-86.7651 36.0827)
20190764522,10/18/2019 05:26:00 PM,2,1,0,,N,256386,11,Front to Rear,21,CLEAR,1,DAYLIGHT,12,MOTOR VEHICLE IN TRANSPORT,STEWARTS FERRY PKE & I40 E EXT RAMP,NASHVILLE,TN,37214,8955,HERMIT,36.1549,-86.6269,POINT (-86.6269 36.1549)
20190824480,11/13/2019 02:00:00 PM,2,0,0,,N,256392,4,ANGLE,21,CLEAR,1,DAYLIGHT,12,MOTOR VEHICLE IN TRANSPORT,CHARLOTTE AV & 19TH AVN,NASHVILLE,TN,37203,5507,MIDTOW,36.1576,-86.8016,POINT (-86.8016 36.1576)
20190714955,09/27/2019 11:49:00 AM,2,0,0,,N,311331,5,SIDESWIPE - SAME DIRECTION,21,CLEAR,1,DAYLIGHT,12,MOTOR VEHICLE IN TRANSPORT,DICKERSON PKE & DICKERSON PKE NB ENT RAM,NASHVILLE,TN,37207,1961,EAST,36.1812,-86.7736,POINT (-86.7736 36.1812)
20190653020,09/01/2019 12:00:00 AM,2,1,0,,N,298877,2,HEAD-ON,21,CLEAR,3,DARK - LIGHTED,12,MOTOR VEHICLE IN TRANSPORT,PACKARD DR & CREEKSIDE DR,ANTIOCH,TN,37013,8713,SOUTH,36.0634,-86.7015,POINT (-86.7015 36.0634)
20190908114,12/19/2019 01:30:00 PM,1,0,0,,Y,834813,0,NOT COLLISION W/MOTOR VEHICLE-TRANSPORT,21,CLEAR,1,DAYLIGHT,24,GUARDRAIL FACE,LITTLE MARROWBONE RD & EATONS CREEK RD,JOELTON,TN,37080,3319,NORTH,36.2745,-86.8981,POINT (-86.8981 36.2745)
20190753073,10/14/2019 07:30:00 AM,2,0,0,,Y,676834,11,Front to Rear,21,CLEAR,1,DAYLIGHT,12,MOTOR VEHICLE IN TRANSPORT,MM 88 0 I 65,NASHVILLE,TN,37207,18041,EAST,36.2165,-86.775,POINT (-86.775 36.2165)
20190744271,10/10/2019 07:27:00 AM,2,0,0,,N,384392,5,SIDESWIPE - SAME DIRECTION,21,CLEAR,1,DAYLIGHT,12,MOTOR VEHICLE IN TRANSPORT,CHURCH ST & -UNKNOWN RAMP/ROAD -,NASHVILLE,TN,37203,4153,CENTRA,36.1582,-86.791,POINT (-86.791 36.1582)
20190767042,10/19/2019 10:40:00 PM,2,1,0,,Y,330411,4,ANGLE,2,RAIN,3,DARK - LIGHTED,12,MOTOR VEHICLE IN TRANSPORT,CLARKSVILLE PKE & LLOYD RD,NASHVILLE,TN,37218,3219,NORTH,36.2634,-86.8544,POINT (-86.8544 36.2634)
20190788379,10/29/2019 10:15:00 AM,2,2,0,Y,N,348631,0,NOT COLLISION W/MOTOR VEHICLE-TRANSPORT,21,CLEAR,1,DAYLIGHT,14;19,PARKED MOTOR VEHICLE;BUILDING,PETWAY AV & MCFERRIN AV,NASHVILLE,TN,37206,1925,EAST,36.1873,-86.7541,POINT (-86.7541 36.1873)
20190775679,10/23/2019 05:04:00 PM,2,0,0,,N,179606,5,SIDESWIPE - SAME DIRECTION,21,CLEAR,1,DAYLIGHT,12,MOTOR VEHICLE IN TRANSPORT,MM 80 0 I 65,NASHVILLE,TN,37204,7018,MIDTOW,36.1134,-86.7724,POINT (-86.7724 36.1134)
20190830180,11/15/2019 10:00:00 PM,2,0,0,,N,352184,5,SIDESWIPE - SAME DIRECTION,21,CLEAR,3,DARK - LIGHTED,12,MOTOR VEHICLE IN TRANSPORT,MAIN ST & YEAMAN PL,NASHVILLE,TN,37206,1113,EAST,36.1734,-86.7639,POINT (-86.7639 36.1734)
20190702788,09/22/2019 04:00:00 PM,2,2,0,,N,306708,4,ANGLE,21,CLEAR,1,DAYLIGHT,12,MOTOR VEHICLE IN TRANSPORT,BEVERLY DR & LINDA LN,MADISON,TN,37115,1749,MADISO,36.2611,-86.7244,POINT (-86.7244 36.2611)
20190648111,08/30/2019 04:18:00 PM,2,0,0,,N,279225,11,Front to Rear,21,CLEAR,1,DAYLIGHT,12,MOTOR VEHICLE IN TRANSPORT,MM 214 0 I 40,NASHVILLE,TN,37217,88020,HERMIT,36.1417,-86.7137,POINT (-86.7137 36.1417)
20190615494,08/18/2019 04:00:00 AM,1,0,0,,N,209173,0,NOT COLLISION W/MOTOR VEHICLE-TRANSPORT,21,CLEAR,2,DARK - NOT LIGHTED,36,CONCRETE TRAFFIC BARRIER,MM 200 3 I 40,NASHVILLE,TN,37209,4708,WEST,36.1231,-86.9092,POINT (-86.9092 36.1231)
20190877397,12/06/2019 10:26:00 AM,2,0,0,,Y,834798,11,Front to Rear,21,CLEAR,1,DAYLIGHT,12,MOTOR VEHICLE IN TRANSPORT,NOLENSVILLE PKE & CONCORD RD,NASHVILLE,TN,37211,8651,MIDTOW,36.0042,-86.6916,POINT (-86.6916 36.0042)
20190627713,08/22/2019 03:35:00 PM,2,0,0,,Y,717341,2,HEAD-ON,22,CLOUDY,1,DAYLIGHT,12,MOTOR VEHICLE IN TRANSPORT,MURFREESBORO PKE & FOREST VIEW DR,ANTIOCH,TN,37013,8865,SOUTH,36.0674,-86.6313,POINT (-86.6313 36.0674)
20190892531,12/12/2019 07:34:00 PM,2,0,0,,N,320599,11,Front to Rear,21,CLEAR,3,DARK - LIGHTED,12,MOTOR VEHICLE IN TRANSPORT,SPENCE LN & MURFREESBORO PKE,NASHVILLE,TN,37217,8815,HERMIT,36.1359,-86.725,POINT (-86.725 36.1359)
20190623732,08/21/2019 07:17:00 AM,2,0,0,,N,414668,11,Front to Rear,21,CLEAR,1,DAYLIGHT,12,MOTOR VEHICLE IN TRANSPORT,MM 87 4 I 65,NASHVILLE,TN,37207,1804,EAST,36.2081,-86.7761,POINT (-86.7761 36.2081)
20190681468,09/13/2019 12:00:00 PM,3,1,0,,N,665896,4,ANGLE,21,CLEAR,1,DAYLIGHT,12,MOTOR VEHICLE IN TRANSPORT,MAIN ST & N 8TH ST,NASHVILLE,TN,37206,1999,EAST,36.1754,-86.7588,POINT (-86.7588 36.1754)
20190582086,08/05/2019 05:08:00 PM,2,0,0,,N,909486,11,Front to Rear,21,CLEAR,1,DAYLIGHT,12,MOTOR VEHICLE IN TRANSPORT,OVERCREST DR & MILNER DR,NASHVILLE,TN,37211,8607,MIDTOW,36.0747,-86.7346,POINT (-86.7346 36.0747)
20190855537,11/26/2019 05:08:00 PM,3,1,0,,N,240983,11,Front to Rear,2,RAIN,2,DARK - NOT LIGHTED,12,MOTOR VEHICLE IN TRANSPORT,NOLENSVILLE PKE & VERITAS ST,NASHVILLE,TN,37211,8431,SOUTH,36.0971,-86.7382,POINT (-86.7382 36.0971)
20190840271,11/20/2019 07:23:00 AM,2,4,0,,N,179602,5,SIDESWIPE - SAME DIRECTION,21,CLEAR,1,DAYLIGHT,12,MOTOR VEHICLE IN TRANSPORT,STOKERS LNN & BORDEAUX PL,NASHVILLE,TN,37207,3015,NORTH,36.2111,-86.8126,POINT (-86.8126 36.2111)
20190875162,12/05/2019 01:44:00 PM,2,1,0,,N,384442,4,ANGLE,21,CLEAR,1,DAYLIGHT,12,MOTOR VEHICLE IN TRANSPORT,LONE OAK RD & GLENDALE LN,NASHVILLE,TN,37215,6401,MIDTOW,36.0946,-86.8021,POINT (-86.8021 36.0946)
20190616455,08/18/2019 04:48:00 PM,1,0,0,,N,596389,0,NOT COLLISION W/MOTOR VEHICLE-TRANSPORT,21,CLEAR,1,DAYLIGHT,18,OTHER OBJECT (NOT FIXED),MM 194 7 I 40,NASHVILLE,TN,37221,4704,WEST,36.076,-86.9817,POINT (-86.9817 36.076)
20190826251,11/14/2019 08:35:00 AM,2,0,0,,N,571313,4,ANGLE,21,CLEAR,1,DAYLIGHT,12,MOTOR VEHICLE IN TRANSPORT,8TH AVS & EAST ARGYLE AV,NASHVILLE,TN,37203,6901,MIDTOW,36.1347,-86.7791,POINT (-86.7791 36.1347)
20190683656,09/14/2019 09:57:00 AM,2,0,0,,N,352211,11,Front to Rear,21,CLEAR,1,DAYLIGHT,12,MOTOR VEHICLE IN TRANSPORT,I 40 & UNKNOWN RAMP,NASHVILLE,TN,37210,9041,HERMIT,36.144,-86.7013,POINT (-86.7013 36.144)
20190770025,10/21/2019 10:28:00 AM,2,0,0,,N,140808,11,Front to Rear,2,RAIN,1,DAYLIGHT,12,MOTOR VEHICLE IN TRANSPORT,HOGAN RD & RAGLAND DR,NASHVILLE,TN,37220,7111,MIDTOW,36.0662,-86.772,POINT (-86.772 36.0662)
20190710769,09/25/2019 06:21:00 PM,2,0,0,,N,256389,5,SIDESWIPE - SAME DIRECTION,21,CLEAR,3,DARK - LIGHTED,12,MOTOR VEHICLE IN TRANSPORT,CHURCH ST & 14TH AVN,NASHVILLE,TN,37203,5517,MIDTOW,36.1579,-86.7916,POINT (-86.7916 36.1579)
20190777287,10/24/2019 12:00:00 AM,1,0,0,Y,Y,633381,9,UNKNOWN,21,CLEAR,9,UNKNOWN,31;99,"OTHER POST, POLE, SUPP.;UNKNOWN MOST HARMFUL EVENT",BELL HOLLOW APTS PVTDR & CANE RIDGE RD,ANTIOCH,TN,37013,8751,SOUTH,36.0417,-86.6608,POINT (-86.6608 36.0417)
20190731471,10/04/2019 01:00:00 PM,2,0,0,,N,306231,4,ANGLE,21,CLEAR,1,DAYLIGHT,12,MOTOR VEHICLE IN TRANSPORT,MM 85 0 I 65,NASHVILLE,TN,37208,43021,NORTH,36.1799,-86.8005,POINT (-86.8005 36.1799)
20190842921,11/21/2019 08:00:00 AM,3,4,0,,N,676834,11,Front to Rear,21,CLEAR,1,DAYLIGHT,12,MOTOR VEHICLE IN TRANSPORT,10TH AVN & JEFFERSON ST,NASHVILLE,TN,37208,4243,NORTH,36.1724,-86.7948,POINT (-86.7948 36.1724)
20190661517,09/05/2019 08:15:00 AM,2,0,0,,N,676834,4,ANGLE,21,CLEAR,1,DAYLIGHT,12,MOTOR VEHICLE IN TRANSPORT,ASHLAND CITY HWY & CATO RD,NASHVILLE,TN,37218,3207,NORTH,36.2089,-86.8641,POINT (-86.8641 36.2089)
20190833043,11/17/2019 07:50:00 AM,2,0,0,,N,279227,11,Front to Rear,21,CLEAR,1,DAYLIGHT,12,MOTOR VEHICLE IN TRANSPORT,NOLENSVILLE PKE & HICKORYVIEW DR,NASHVILLE,TN,37211,8717,SOUTH,36.0488,-86.7137,POINT (-86.7137 36.0488)
20190782487,10/26/2019 05:54:00 PM,2,0,0,,N,206682,5,SIDESWIPE - SAME DIRECTION,21,CLEAR,1,DAYLIGHT,12,MOTOR VEHICLE IN TRANSPORT,GALLATIN PKES & E OLD HICKORY BLVD,MADISON,TN,37115,1771,MADISO,36.2622,-86.7122,POINT (-86.7122 36.2622)
20190704181,09/23/2019 08:25:00 AM,2,0,0,,N,225773,11,Front to Rear,22,CLOUDY,1,DAYLIGHT,12,MOTOR VEHICLE IN TRANSPORT,BURTON HILLS BLVD & HILLSBORO PKE,NASHVILLE,TN,37215,6403,MIDTOW,36.0956,-86.8254,POINT (-86.8254 36.0956)
20190716543,09/28/2019 01:34:00 AM,2,0,0,,Y,879558,11,Front to Rear,21,CLEAR,2,DARK - NOT LIGHTED,12,MOTOR VEHICLE IN TRANSPORT,MM 218 2 I 40,NASHVILLE,TN,37214,89062,HERMIT,36.1489,-86.6401,POINT (-86.6401 36.1489)
20190867629,12/02/2019 05:08:00 PM,1,0,0,,Y,225894,0,NOT COLLISION W/MOTOR VEHICLE-TRANSPORT,21,CLEAR,3,DARK - LIGHTED,27;32,H-WAY TRAFFIC SIGNAL POST;CULVERT,DONNA HILL CT & TALLY GREEN CT,NASHVILLE,TN,37214,9223,HERMIT,36.1986,-86.6859,POINT (-86.6859 36.1986)
20190841573,11/20/2019 05:20:00 PM,2,2,0,,N,306230,4,ANGLE,21,CLEAR,3,DARK - LIGHTED,1;12,MOTOR VEHICLE IN TRANSPORT,29TH AVN & JOHN A MERRITT BLVD,NASHVILLE,TN,37209,4521,NORTH,36.1679,-86.8214,POINT (-86.8214 36.1679)
20190698380,09/20/2019 12:51:00 PM,6,3,0,,N,665896,4,ANGLE,21,CLEAR,1,DAYLIGHT,12;14;18,MOTOR VEHICLE IN TRANSPORT;PARKED MOTOR VEHICLE;OTHER OBJECT (NOT FIXED),DICKERSON PKE & BROADMOOR DR,NASHVILLE,TN,37207,1811,EAST,36.2294,-86.7593,POINT (-86.7593 36.2294)
20190724391,10/01/2019 05:12:00 PM,2,0,0,,N,571321,5,SIDESWIPE - SAME DIRECTION,21,CLEAR,1,DAYLIGHT,12,MOTOR VEHICLE IN TRANSPORT,BRILEY PKWYS & AVERITT EXPRESS DR,NASHVILLE,TN,37211,88962,SOUTH,36.1106,-86.7164,POINT (-86.7164 36.1106)
20190932473,12/31/2019 04:30:00 PM,2,0,0,,Y,225894,5,SIDESWIPE - SAME DIRECTION,21,CLEAR,1,DAYLIGHT,12,MOTOR VEHICLE IN TRANSPORT,MM 211 4 I 40,NASHVILLE,TN,37210,8204,HERMIT,36.1517,-86.7525,POINT (-86.7525 36.1517)
20190734921,10/06/2019 12:00:00 AM,2,0,0,,Y,320578,5,SIDESWIPE - SAME DIRECTION,21,CLEAR,2,DARK - NOT LIGHTED,12,MOTOR VEHICLE IN TRANSPORT,0 APACHE TRL,NASHVILLE,TN,37211,8707,SOUTH,36.0696,-86.6939,POINT (-86.6939 36.0696)
20190724217,10/01/2019 03:50:00 PM,2,1,0,,N,717341,4,ANGLE,21,CLEAR,1,DAYLIGHT,12,MOTOR VEHICLE IN TRANSPORT,4TH AVS & I40 E EXT RAMP,NASHVILLE,TN,37210,8153,SOUTH,36.1505,-86.7704,POINT (-86.7704 36.1505)
20190635579,08/25/2019 06:18:00 PM,2,0,0,,N,279116,5,SIDESWIPE - SAME DIRECTION,2,RAIN,7,Dark-Unknown Lighting,14,PARKED MOTOR VEHICLE,SOUTH ST & 12TH AVS,NASHVILLE,TN,37203,6805,MIDTOW,36.1474,-86.7857,POINT (-86.7857 36.1474)
20190795604,11/01/2019 07:50:00 AM,2,0,0,,N,384413,11,Front to Rear,21,CLEAR,1,DAYLIGHT,12,MOTOR VEHICLE IN TRANSPORT,MURFREESBORO PKE & ARLINGTON AV,NASHVILLE,TN,37210,8159,SOUTH,36.1399,-86.7354,POINT (-86.7354 36.1399)
20190770949,10/21/2019 07:46:00 PM,2,0,0,,Y,299266,4,ANGLE,22,CLOUDY,2,DARK - NOT LIGHTED,14;55,PARKED MOTOR VEHICLE;Motor Vehicle-In-Motion Outside Trafficw,PICCADILLY ROW & PICCADILLY SAC,NASHVILLE,TN,37217,8853,SOUTH,36.079,-86.6639,POINT (-86.6639 36.079)
20190900725,12/16/2019 05:11:00 PM,2,0,0,,N,320597,4,ANGLE,21,CLEAR,1,DAYLIGHT,12,MOTOR VEHICLE IN TRANSPORT,NORTHCREST DR & NOLENSVILLE PKE,NASHVILLE,TN,37211,8711,SOUTH,36.0667,-86.7179,POINT (-86.7179 36.0667)
20190729231,10/03/2019 01:02:00 PM,2,0,0,,Y,256389,5,SIDESWIPE - SAME DIRECTION,21,CLEAR,1,DAYLIGHT,12,MOTOR VEHICLE IN TRANSPORT,BROADWAY & 18TH AVS,NASHVILLE,TN,37203,5705,MIDTOW,36.1521,-86.7953,POINT (-86.7953 36.1521)
20190700978,09/21/2019 05:27:00 PM,2,2,0,,N,384410,98,OTHER,21,CLEAR,1,DAYLIGHT,12,MOTOR VEHICLE IN TRANSPORT,NOLENSVILLE PKE & APRIL LN,NASHVILLE,TN,37211,8715,SOUTH,36.056,-86.7157,POINT (-86.7157 36.056)
20190601041,08/12/2019 05:49:00 PM,2,0,0,,N,320599,11,Front to Rear,22,CLOUDY,1,DAYLIGHT,12,MOTOR VEHICLE IN TRANSPORT,BELL RD & WOODLAND POINTE DR,NASHVILLE,TN,37214,8943,HERMIT,36.1227,-86.6305,POINT (-86.6305 36.1227)
20190795419,11/01/2019 05:32:00 AM,2,0,0,,N,212334,11,Front to Rear,21,CLEAR,2,DARK - NOT LIGHTED,12,MOTOR VEHICLE IN TRANSPORT,MM 38 1 I 24,WHITES CREEK,TN,37189,33181,NORTH,36.3071,-86.8193,POINT (-86.8193 36.3071)
20190811107,11/07/2019 12:00:00 AM,1,2,0,,N,352196,0,NOT COLLISION W/MOTOR VEHICLE-TRANSPORT,21,CLEAR,7,Dark-Unknown Lighting,34,DITCH,ZELIDA AV & HICKORY CLUB DR,ANTIOCH,TN,37013,8865,SOUTH,36.0554,-86.6333,POINT (-86.6333 36.0554)
20190896850,12/14/2019 06:20:00 PM,2,2,0,,N,298877,2,HEAD-ON,21,CLEAR,3,DARK - LIGHTED,12,MOTOR VEHICLE IN TRANSPORT,HAYWOOD LN & FAULKNER DR,NASHVILLE,TN,37211,8703,SOUTH,36.0682,-86.7107,POINT (-86.7107 36.0682)
20190921656,12/26/2019 12:25:00 PM,2,0,0,,Y,633381,11,Front to Rear,22,CLOUDY,1,DAYLIGHT,14,PARKED MOTOR VEHICLE,NEW TOWNE & TOWNE RIDGE,ANTIOCH,TN,37013,8975,SOUTH,36.0712,-86.6047,POINT (-86.6047 36.0712)
20190663582,09/06/2019 02:22:00 AM,1,0,0,,N,330438,0,NOT COLLISION W/MOTOR VEHICLE-TRANSPORT,21,CLEAR,3,DARK - LIGHTED,11,OTHER ANIMAL,I40 W ENT RAMP & I40 E EXT RAMP,HERMITAGE,TN,37076,9506,HERMIT,36.1755,-86.6059,POINT (-86.6059 36.1755)
20190861614,11/29/2019 04:50:00 PM,2,1,0,,N,298860,4,ANGLE,21,CLEAR,1,DAYLIGHT,12,MOTOR VEHICLE IN TRANSPORT,OLD HICKORY BLVD & JUAREZ DR,HERMITAGE,TN,37076,9531,HERMIT,36.1919,-86.6157,POINT (-86.6157 36.1919)
20190589444,08/08/2019 07:36:00 AM,2,0,0,,N,716886,5,SIDESWIPE - SAME DIRECTION,21,CLEAR,1,DAYLIGHT,12,MOTOR VEHICLE IN TRANSPORT,HARDING PL & METROPLEX DR,NASHVILLE,TN,37211,8845,SOUTH,36.0868,-86.6949,POINT (-86.6949 36.0868)
20190756716,10/15/2019 04:00:00 PM,2,0,0,,N,352195,2,HEAD-ON,21,CLEAR,1,DAYLIGHT,13,MOTOR VEHICLE IN TRANSPORT-OTHER ROADWAY,KERMIT DR & GOODBAR DR,NASHVILLE,TN,37217,8821,HERMIT,36.1255,-86.7003,POINT (-86.7003 36.1255)
20190896957,12/14/2019 07:08:00 PM,3,0,0,,N,352197,11,Front to Rear,21,CLEAR,3,DARK - LIGHTED,12,MOTOR VEHICLE IN TRANSPORT,MM 60 9 I 24,ANTIOCH,TN,37013,8806,SOUTH,36.0316,-86.6395,POINT (-86.6395 36.0316)
20190896267,12/14/2019 10:50:00 AM,3,0,0,,Y,384414,11,Front to Rear,22,CLOUDY,1,DAYLIGHT,12,MOTOR VEHICLE IN TRANSPORT,US HWY 70S & RAMP,NASHVILLE,TN,37221,4713,WEST,36.0816,-86.9571,POINT (-86.9571 36.0816)
20190809763,11/07/2019 06:37:00 AM,1,0,0,,N,299249,0,NOT COLLISION W/MOTOR VEHICLE-TRANSPORT,2,RAIN,4,DAWN,50,DEER (ANIMAL),CHANDLER RD & W DIVISION ST,HERMITAGE,TN,37076,9525,HERMIT,36.2002,-86.5797,POINT (-86.5797 36.2002)
20190770894,10/21/2019 07:15:00 PM,2,2,0,,N,352177,11,Front to Rear,2,RAIN,3,DARK - LIGHTED,12,MOTOR VEHICLE IN TRANSPORT,HILLSBORO PKE & STANFORD DR,NASHVILLE,TN,37215,6203,WEST,36.0823,-86.8341,POINT (-86.8341 36.0823)
20190882767,12/09/2019 05:20:00 AM,1,0,0,,Y,224437,0,NOT COLLISION W/MOTOR VEHICLE-TRANSPORT,21,CLEAR,3,DARK - LIGHTED,8,PEDESTRIAN,4500 APACHE TRL,NASHVILLE,TN,37211,8709,SOUTH,36.067,-86.6885,POINT (-86.6885 36.067)
20190786694,10/28/2019 06:29:00 PM,2,0,0,,N,240966,5,SIDESWIPE - SAME DIRECTION,21,CLEAR,3,DARK - LIGHTED,14,PARKED MOTOR VEHICLE,N 5TH ST & CLEVELAND ST,NASHVILLE,TN,37207,1945,EAST,36.186,-86.7632,POINT (-86.7632 36.186)
20190826476,11/14/2019 10:27:00 AM,2,0,0,,N,109534,11,Front to Rear,21,CLEAR,1,DAYLIGHT,12,MOTOR VEHICLE IN TRANSPORT,HERMITAGE AV & CAULEY AV,NASHVILLE,TN,37210,9005,HERMIT,36.1538,-86.7479,POINT (-86.7479 36.1538)
20190773083,10/22/2019 04:58:00 PM,2,0,0,,N,429193,0,NOT COLLISION W/MOTOR VEHICLE-TRANSPORT,21,CLEAR,1,DAYLIGHT,18,OTHER OBJECT (NOT FIXED),MM 200 4 I 40,NASHVILLE,TN,37205,4902,WEST,36.1242,-86.9074,POINT (-86.9074 36.1242)
20190687088,09/16/2019 06:09:00 AM,2,0,0,,N,716886,11,Front to Rear,21,CLEAR,1,DAYLIGHT,12,MOTOR VEHICLE IN TRANSPORT,APACHE TRL & HAYWOOD LN,NASHVILLE,TN,37211,8709,SOUTH,36.0696,-86.6939,POINT (-86.6939 36.0696)
20190905936,12/18/2019 05:48:00 PM,2,0,0,,N,311337,11,Front to Rear,21,CLEAR,1,DAYLIGHT,12,MOTOR VEHICLE IN TRANSPORT,MM 212 0 I 40,NASHVILLE,TN,37210,90041,HERMIT,36.147,-86.7433,POINT (-86.7433 36.147)
20190688371,09/16/2019 05:45:00 PM,2,1,0,,N,320577,4,ANGLE,21,CLEAR,1,DAYLIGHT,12,MOTOR VEHICLE IN TRANSPORT,WOODMONT BLVD & AMANDA AV,NASHVILLE,TN,37215,6413,MIDTOW,36.1133,-86.8031,POINT (-86.8031 36.1133)
20190729353,10/03/2019 04:10:00 PM,2,2,0,,N,299238,11,Front to Rear,21,CLEAR,1,DAYLIGHT,12,MOTOR VEHICLE IN TRANSPORT,SHELBY AV & S 6TH ST,NASHVILLE,TN,37206,1043,EAST,36.1664,-86.8056,POINT (-86.8056 36.1664)
20190707283,09/24/2019 12:10:00 PM,2,0,0,,Y,226586,5,SIDESWIPE - SAME DIRECTION,21,CLEAR,1,DAYLIGHT,12,MOTOR VEHICLE IN TRANSPORT,COMMERCE ST & 5TH AVN,NASHVILLE,TN,37219,4107,CENTRA,36.1619,-86.7793,POINT (-86.7793 36.1619)
20190884629,12/09/2019 09:11:00 PM,1,1,0,,N,279225,0,NOT COLLISION W/MOTOR VEHICLE-TRANSPORT,2,RAIN,2,DARK - NOT LIGHTED,39,WALL,BRILEY PKWYS & BRILEY PKWYN,NASHVILLE,TN,37218,3212,NORTH,36.2142,-86.8724,POINT (-86.8724 36.2142)
20190656343,09/03/2019 06:05:00 AM,2,0,0,,Y,279216,11,Front to Rear,21,CLEAR,1,DAYLIGHT,12,MOTOR VEHICLE IN TRANSPORT,MM 87 0 I 65,NASHVILLE,TN,37207,18020,EAST,36.2018,-86.7766,POINT (-86.7766 36.2018)
20190593241,08/09/2019 02:04:00 PM,3,0,0,,N,462474,11,Front to Rear,22,CLOUDY,1,DAYLIGHT,12,MOTOR VEHICLE IN TRANSPORT,MM 2 5 I 440,NASHVILLE,TN,37215,6008,WEST,36.124,-86.8116,POINT (-86.8116 36.124)
20190627752,08/22/2019 04:00:00 PM,2,1,0,,N,256389,11,Front to Rear,21,CLEAR,1,DAYLIGHT,12,MOTOR VEHICLE IN TRANSPORT,8TH AVS & LYNWOOD AV,NASHVILLE,TN,37203,6941,MIDTOW,36.1384,-86.7785,POINT (-86.7785 36.1384)
20190671274,09/09/2019 05:15:00 PM,2,1,0,,N,330412,6,SIDESWIPE - OPPOSITE DIRECTION,21,CLEAR,1,DAYLIGHT,12,MOTOR VEHICLE IN TRANSPORT,GALLATIN PKEN & ROOSEVELT AV,MADISON,TN,37115,1761,MADISO,36.2717,-86.7103,POINT (-86.7103 36.2717)
20190583527,08/06/2019 06:00:00 AM,2,0,0,,Y,224437,4,ANGLE,21,CLEAR,1,DAYLIGHT,12,MOTOR VEHICLE IN TRANSPORT,THOMPSON LN & NOLENSVILLE PKE,NASHVILLE,TN,37211,8519,MIDTOW,36.1109,-86.7452,POINT (-86.7452 36.1109)
20190611136,08/16/2019 10:06:00 AM,2,0,0,,N,462474,11,Front to Rear,21,CLEAR,1,DAYLIGHT,12,MOTOR VEHICLE IN TRANSPORT,BATTERY LN & PADDOCK PK,NASHVILLE,TN,37220,7105,MIDTOW,36.0887,-86.7947,POINT (-86.7947 36.0887)
20190621217,08/20/2019 10:00:00 AM,2,0,0,,Y,226622,16,Rear to Side,21,CLEAR,1,DAYLIGHT,12,MOTOR VEHICLE IN TRANSPORT,CHARLOTTE PKE & OCEOLA AV,NASHVILLE,TN,37209,5025,WEST,36.1495,-86.8605,POINT (-86.8605 36.1495)
20190828703,11/15/2019 12:00:00 AM,2,0,0,,Y,676834,6,SIDESWIPE - OPPOSITE DIRECTION,99,UNKNOWN,9,UNKNOWN,12;14,MOTOR VEHICLE IN TRANSPORT;PARKED MOTOR VEHICLE,REV DR ENOCH JONES BLVD & 11TH AVN,NASHVILLE,TN,37208,4301,NORTH,36.1724,-86.7975,POINT (-86.7975 36.1724)
20190603645,08/13/2019 02:26:00 PM,2,0,0,,Y,256423,6,SIDESWIPE - OPPOSITE DIRECTION,2,RAIN,1,DAYLIGHT,12,MOTOR VEHICLE IN TRANSPORT,GRAYS POINT RD & RIDGE RD,JOELTON,TN,37080,3319,NORTH,36.2818,-86.926,POINT (-86.926 36.2818)
20190698258,09/20/2019 11:45:00 AM,2,0,0,,N,676834,5,SIDESWIPE - SAME DIRECTION,21,CLEAR,1,DAYLIGHT,12,MOTOR VEHICLE IN TRANSPORT,ATHENS WAY & ROSA L PARKS BLVD,NASHVILLE,TN,37228,4445,NORTH,36.1928,-86.8017,POINT (-86.8017 36.1928)
20190670241,09/09/2019 08:17:00 AM,3,0,0,,N,225773,11,Front to Rear,21,CLEAR,1,DAYLIGHT,12,MOTOR VEHICLE IN TRANSPORT,MM 78 4 I 65,NASHVILLE,TN,37204,8502,MIDTOW,36.0916,-86.7624,POINT (-86.7624 36.0916)