Accident Number,Date and Time,Number of Motor Vehicles,Number of Injuries,Number of Fatalities,Property Damage,Hit and Run,Reporting Officer,Collision Type Code,Collision Type Description,Weather Code,Weather Description,Illumination Code,Illumination Description,Harmful Code,Harmful Code Description,Street Address,City,State,ZIP,RPA,Precinct,Latitude,Longitude,Mapped Location
20190737705,10/07/2019 02:20:00 PM,2,0,0,,N,420040,4,ANGLE,22,CLOUDY,1,DAYLIGHT,12,MOTOR VEHICLE IN TRANSPORT,ACKLEN AV & 24TH AVS,NASHVILLE,TN,37212,5825,MIDTOW,36.1359,-86.8036,POINT (-86.8036 36.1359)
20190795800,11/01/2019 09:40:00 AM,1,0,0,,N,571313,0,NOT COLLISION W/MOTOR VEHICLE-TRANSPORT,21,CLEAR,1,DAYLIGHT,34,DITCH,HILLVIEW DR & OLD HICKORY BLVD,NASHVILLE,TN,37220,7111,MIDTOW,36.0376,-86.7934,POINT (-86.7934 36.0376)
20190704605,09/23/2019 12:26:00 PM,1,1,0,,N,320575,0,NOT COLLISION W/MOTOR VEHICLE-TRANSPORT,22,CLOUDY,1,DAYLIGHT,1;63;71,Ran Off Road-Right;EMBANKMENT EARTH,PRESTON RD & CANE RIDGE RD,ANTIOCH,TN,37013,8753,SOUTH,36.0346,-86.6602,POINT (-86.6602 36.0346)
20190904636,12/18/2019 07:30:00 AM,2,0,0,,Y,676834,5,SIDESWIPE - SAME DIRECTION,22,CLOUDY,1,DAYLIGHT,12,MOTOR VEHICLE IN TRANSPORT,14TH AVN & CHARLOTTE AV,NASHVILLE,TN,37203,5501,MIDTOW,36.1608,-86.7937,POINT (-86.7937 36.1608)
20190911038,12/20/2019 06:18:00 PM,2,1,0,,Y,405418,11,Front to Rear,22,CLOUDY,3,DARK - LIGHTED,12,MOTOR VEHICLE IN TRANSPORT,NOLENSVILLE PKE & ELYSIAN FIELDS CT,NASHVILLE,TN,37211,8415,SOUTH,36.0873,-86.7307,POINT (-86.7307 36.0873)
20190815561,11/09/2019 06:13:00 PM,2,0,0,,Y,352197,4,ANGLE,21,CLEAR,3,DARK - LIGHTED,12,MOTOR VEHICLE IN TRANSPORT,MT VIEW RD & TRU LONG DR,ANTIOCH,TN,37013,8977,SOUTH,36.0669,-86.5998,POINT (-86.5998 36.0669)
20190859672,11/28/2019 02:36:00 PM,2,0,0,,Y,240955,4,ANGLE,22,CLOUDY,1,DAYLIGHT,12,MOTOR VEHICLE IN TRANSPORT,DOVE CREEK RD & SEASONS DR,ANTIOCH,TN,37013,8925,SOUTH,36.0708,-86.5971,POINT (-86.5971 36.0708)
20190734144,10/05/2019 05:28:00 PM,2,0,0,,N,298863,4,ANGLE,21,CLEAR,9,UNKNOWN,12,MOTOR VEHICLE IN TRANSPORT,I40 W EXT RAMP & I 40,NASHVILLE,TN,37203,4119,CENTRA,36.1574,-86.79,POINT (-86.79 36.1574)
20190671770,09/09/2019 08:39:00 PM,2,0,0,,N,717341,4,ANGLE,21,CLEAR,3,DARK - LIGHTED,12,MOTOR VEHICLE IN TRANSPORT,BLANTON AV & MURFREESBORO PKE,NASHVILLE,TN,37210,8219,HERMIT,36.1386,-86.7315,POINT (-86.7315 36.1386)
20190842108,11/21/2019 12:00:00 AM,2,0,0,,N,384448,4,ANGLE,21,CLEAR,2,DARK - NOT LIGHTED,12,MOTOR VEHICLE IN TRANSPORT,TODD PREIS DR & SAWYER BROWN RD,NASHVILLE,TN,37221,4811,WEST,36.0711,-86.9471,POINT (-86.9471 36.0711)
20190812807,11/08/2019 11:18:00 AM,2,0,0,,N,665896,4,ANGLE,21,CLEAR,1,DAYLIGHT,12,MOTOR VEHICLE IN TRANSPORT,GALLATIN PKE & DELMAS AV,NASHVILLE,TN,37216,1401,EAST,36.1992,-86.7409,POINT (-86.7409 36.1992)
20190807669,11/06/2019 10:26:00 AM,2,0,0,,N,462474,11,Front to Rear,21,CLEAR,1,DAYLIGHT,12,MOTOR VEHICLE IN TRANSPORT,OLD HICKORY BLVD & ST REGIS CT,NASHVILLE,TN,37215,6305,MIDTOW,36.042,-86.8337,POINT (-86.8337 36.042)
20190847689,11/23/2019 03:00:00 AM,1,0,0,,N,279213,0,NOT COLLISION W/MOTOR VEHICLE-TRANSPORT,2,RAIN,3,DARK - LIGHTED,32,CULVERT,NESBITT LN & HERITAGE DR,MADISON,TN,37115,1765,MADISO,36.2735,-86.7188,POINT (-86.7188 36.2735)
20190702412,09/22/2019 09:40:00 AM,2,0,0,,N,179602,4,ANGLE,21,CLEAR,1,DAYLIGHT,14,PARKED MOTOR VEHICLE,OLD MATTHEWS RD & COMBS DR,NASHVILLE,TN,37207,3039,NORTH,36.2183,-86.7938,POINT (-86.7938 36.2183)
20190835453,11/18/2019 11:15:00 AM,2,0,0,,Y,212318,11,Front to Rear,21,CLEAR,1,DAYLIGHT,12,MOTOR VEHICLE IN TRANSPORT,NOLENSVILLE PKE & OLD HICKORY BLVD,NASHVILLE,TN,37211,8717,SOUTH,36.0454,-86.7133,POINT (-86.7133 36.0454)
20190617576,08/19/2019 03:17:00 AM,1,1,0,,N,320584,0,NOT COLLISION W/MOTOR VEHICLE-TRANSPORT,21,CLEAR,3,DARK - LIGHTED,24,GUARDRAIL FACE,FRANKLIN LIMESTONE RD & BILLINGSGATE RD,NASHVILLE,TN,37217,8849,SOUTH,36.0785,-86.6743,POINT (-86.6743 36.0785)
20190907546,12/19/2019 09:03:00 AM,2,0,0,,N,109534,11,Front to Rear,21,CLEAR,1,DAYLIGHT,12,MOTOR VEHICLE IN TRANSPORT,I24E & I24 W ENT RAMP,NASHVILLE,TN,37210,82061,HERMIT,36.1386,-86.7273,POINT (-86.7273 36.1386)
20190768224,10/20/2019 02:29:00 PM,2,0,0,,N,320585,11,Front to Rear,21,CLEAR,1,DAYLIGHT,12,MOTOR VEHICLE IN TRANSPORT,MM 211 2 I 40,NASHVILLE,TN,37210,8008,HERMIT,36.1535,-86.7564,POINT (-86.7564 36.1535)
20190780028,10/25/2019 12:50:00 PM,2,2,0,,N,226405,5,SIDESWIPE - SAME DIRECTION,22,CLOUDY,1,DAYLIGHT,12,MOTOR VEHICLE IN TRANSPORT,20TH AVN & PATTERSON ST,NASHVILLE,TN,37203,5509,MIDTOW,36.1553,-86.8022,POINT (-86.8022 36.1553)
20190670585,09/09/2019 11:10:00 AM,2,0,0,,N,676834,5,SIDESWIPE - SAME DIRECTION,21,CLEAR,1,DAYLIGHT,12,MOTOR VEHICLE IN TRANSPORT,WHITES CREEK PKE & SYCAMORE CREEK RD,JOELTON,TN,37080,2321,NORTH,36.3819,-86.895,POINT (-86.895 36.3819)
20190704803,09/23/2019 01:50:00 PM,2,1,0,,N,676834,0,NOT COLLISION W/MOTOR VEHICLE-TRANSPORT,21,CLEAR,1,DAYLIGHT,12;30,MOTOR VEHICLE IN TRANSPORT;UTILITY POLE,CLARKSVILLE PKE & 23RD AVN,NASHVILLE,TN,37208,4485,NORTH,36.1841,-86.8144,POINT (-86.8144 36.1841)
20190848789,11/23/2019 06:03:00 PM,2,3,0,,N,352204,2,HEAD-ON,2,RAIN,2,DARK - NOT LIGHTED,12,MOTOR VEHICLE IN TRANSPORT,WEST PARK PVTDR & CHARLOTTE PKE,NASHVILLE,TN,37209,4701,WEST,36.1209,-86.917,POINT (-86.917 36.1209)
20190915597,12/23/2019 12:00:00 AM,1,0,0,Y,N,320586,0,NOT COLLISION W/MOTOR VEHICLE-TRANSPORT,21,CLEAR,1,DAYLIGHT,31,"OTHER POST, POLE, SUPP.",THOMPSON LN & PRESCOTT PL,NASHVILLE,TN,37211,8403,SOUTH,36.1101,-86.7363,POINT (-86.7363 36.1101)
20190776133,10/23/2019 09:15:00 PM,2,1,0,,N,352177,6,SIDESWIPE - OPPOSITE DIRECTION,21,CLEAR,3,DARK - LIGHTED,12,MOTOR VEHICLE IN TRANSPORT,HEADY DR & HIGHWAY 100,NASHVILLE,TN,37205,4913,WEST,36.0989,-86.8719,POINT (-86.8719 36.0989)
20190829614,11/15/2019 04:48:00 PM,2,0,0,,N,320580,11,Front to Rear,21,CLEAR,5,DUSK,12,MOTOR VEHICLE IN TRANSPORT,MM 215 9 I 40,NASHVILLE,TN,37217,89020,HERMIT,36.1421,-86.6786,POINT (-86.6786 36.1421)
20190874436,12/05/2019 08:00:00 AM,2,0,0,,Y,538214,5,SIDESWIPE - SAME DIRECTION,21,CLEAR,1,DAYLIGHT,12,MOTOR VEHICLE IN TRANSPORT,MM 213 0 I 40,NASHVILLE,TN,37210,8219,HERMIT,36.1407,-86.7323,POINT (-86.7323 36.1407)
20190581969,08/05/2019 03:41:00 PM,2,0,0,,N,256426,11,Front to Rear,21,CLEAR,1,DAYLIGHT,12,MOTOR VEHICLE IN TRANSPORT,BRILEY PKWY N EXT RAMP & ELM HILL PKE,NASHVILLE,TN,37214,9107,HERMIT,36.1523,-86.6905,POINT (-86.6905 36.1523)
20190834697,11/18/2019 04:25:00 AM,1,0,0,,N,330411,0,NOT COLLISION W/MOTOR VEHICLE-TRANSPORT,21,CLEAR,2,DARK - NOT LIGHTED,24;50,GUARDRAIL FACE;DEER (ANIMAL),MM 34 5 I 24,JOELTON,TN,37080,33160,NORTH,36.3249,-86.8751,POINT (-86.8751 36.3249)
20190758167,10/16/2019 06:40:00 AM,2,0,0,,N,591933,11,Front to Rear,21,CLEAR,1,DAYLIGHT,12,MOTOR VEHICLE IN TRANSPORT,CROSSINGS PL & CROSSINGS BLVD,ANTIOCH,TN,37013,8863,SOUTH,36.0444,-86.6482,POINT (-86.6482 36.0444)
20190630161,08/23/2019 12:05:00 PM,2,0,0,,N,462474,11,Front to Rear,22,CLOUDY,1,DAYLIGHT,12,MOTOR VEHICLE IN TRANSPORT,21ST AVS & SWEETBRIAR AV,NASHVILLE,TN,37212,6509,MIDTOW,36.126,-86.805,POINT (-86.805 36.126)
20190914858,12/22/2019 10:30:00 PM,2,0,0,,N,352153,4,ANGLE,2,RAIN,3,DARK - LIGHTED,12,MOTOR VEHICLE IN TRANSPORT,NEESE DR & I24 E ENT RAMP,NASHVILLE,TN,37211,8401,SOUTH,36.1075,-86.7255,POINT (-86.7255 36.1075)
20190726708,10/02/2019 03:10:00 PM,2,0,0,,N,161948,11,Front to Rear,21,CLEAR,1,DAYLIGHT,12,MOTOR VEHICLE IN TRANSPORT,LEBANON PKE & MILL CREEK MEADOW DR,NASHVILLE,TN,37210,9019,HERMIT,36.164,-86.6989,POINT (-86.6989 36.164)
20190760925,10/17/2019 08:50:00 AM,2,0,0,,N,420035,11,Front to Rear,21,CLEAR,1,DAYLIGHT,12,MOTOR VEHICLE IN TRANSPORT,GALLATIN PKES & BERKLEY DR,MADISON,TN,37115,1519,MADISO,36.247,-86.721,POINT (-86.721 36.247)
20190730147,10/03/2019 11:22:00 PM,2,2,0,,N,352162,11,Front to Rear,21,CLEAR,3,DARK - LIGHTED,12,MOTOR VEHICLE IN TRANSPORT,CHURCH ST & CAPITOL BLVD,NASHVILLE,TN,37219,4125,CENTRA,36.1623,-86.7821,POINT (-86.7821 36.1623)
20190690870,09/17/2019 04:41:00 PM,2,0,0,,N,169425,11,Front to Rear,21,CLEAR,1,DAYLIGHT,12,MOTOR VEHICLE IN TRANSPORT,MM 81 6 I 65,NASHVILLE,TN,37203,8006,MIDTOW,36.1373,-86.7757,POINT (-86.7757 36.1373)
20190931857,12/31/2019 12:44:00 PM,2,0,0,,N,551975,11,Front to Rear,21,CLEAR,1,DAYLIGHT,12,MOTOR VEHICLE IN TRANSPORT,CLARKSVILLE PKE & NORTHSIDE STATION PVTD,NASHVILLE,TN,37218,3141,NORTH,36.2113,-86.8389,POINT (-86.8389 36.2113)
20190827106,11/14/2019 03:55:00 PM,2,0,0,,N,320582,5,SIDESWIPE - SAME DIRECTION,21,CLEAR,1,DAYLIGHT,12,MOTOR VEHICLE IN TRANSPORT,DICKERSON PKE & LORRAINE AV,NASHVILLE,TN,37207,1827,EAST,36.2175,-86.7632,POINT (-86.7632 36.2175)
20190654808,09/02/2019 12:55:00 PM,2,0,0,,Y,402660,5,SIDESWIPE - SAME DIRECTION,21,CLEAR,1,DAYLIGHT,12,MOTOR VEHICLE IN TRANSPORT,MM 1 9 I 440,NASHVILLE,TN,37205,6004,WEST,36.1308,-86.8176,POINT (-86.8176 36.1308)
20190646196,08/29/2019 11:40:00 PM,1,2,0,,N,256492,0,NOT COLLISION W/MOTOR VEHICLE-TRANSPORT,21,CLEAR,3,DARK - LIGHTED,34;39,DITCH;WALL,MM 212 6 I 40,NASHVILLE,TN,37210,90040,HERMIT,36.1439,-86.7382,POINT (-86.7382 36.1439)
20190662422,09/05/2019 03:36:00 PM,2,0,0,,Y,256392,11,Front to Rear,21,CLEAR,1,DAYLIGHT,12,MOTOR VEHICLE IN TRANSPORT,MM 207 0 I 40,NASHVILLE,TN,37208,44021,NORTH,36.1696,-86.8114,POINT (-86.8114 36.1696)
20190906424,12/18/2019 11:06:00 PM,2,1,0,,N,191786,11,Front to Rear,21,CLEAR,3,DARK - LIGHTED,12,MOTOR VEHICLE IN TRANSPORT,DR D B TODD JR BLVD & MEHARRY BLVD,NASHVILLE,TN,37208,5327,NORTH,36.1677,-86.8059,POINT (-86.8059 36.1677)
20190704479,09/23/2019 11:09:00 AM,2,1,0,,N,769379,4,ANGLE,2,RAIN,1,DAYLIGHT,12,MOTOR VEHICLE IN TRANSPORT,APACHE TRL & HICKORY LAKE APTS PVTDR,NASHVILLE,TN,37211,8709,SOUTH,36.0671,-86.6892,POINT (-86.6892 36.0671)
20190838459,11/19/2019 02:18:00 PM,2,0,0,,N,580819,98,OTHER,22,CLOUDY,1,DAYLIGHT,14,PARKED MOTOR VEHICLE,100 UNION ST EXT RAMP,NASHVILLE,TN,37201,4135,CENTRA,36.166,-86.7778,POINT (-86.7778 36.166)
20190848489,11/23/2019 02:31:00 PM,2,1,0,,Y,538214,11,Front to Rear,2,RAIN,1,DAYLIGHT,12,MOTOR VEHICLE IN TRANSPORT,10TH CIRN & 10TH AVN,NASHVILLE,TN,37203,4205,CENTRA,36.1634,-86.7878,POINT (-86.7878 36.1634)
20190690194,09/17/2019 11:49:00 AM,4,1,0,,N,226622,4,ANGLE,21,CLEAR,1,DAYLIGHT,12,MOTOR VEHICLE IN TRANSPORT,OLD HICKORY BLVD & HILLSBORO PKE,BRENTWOOD,TN,37027,6301,MIDTOW,36.0473,-86.8627,POINT (-86.8627 36.0473)
20190670119,09/09/2019 07:20:00 AM,2,1,0,,N,320592,98,OTHER,21,CLEAR,1,DAYLIGHT,12,MOTOR VEHICLE IN TRANSPORT,DONELSON PKE & ROYAL PKWY,NASHVILLE,TN,37214,9411,HERMIT,36.1472,-86.6664,POINT (-86.6664 36.1472)
20190810227,11/07/2019 11:03:00 AM,2,0,0,,Y,134899,11,Front to Rear,2,RAIN,1,DAYLIGHT,12,MOTOR VEHICLE IN TRANSPORT,MM 210 5 I 40,NASHVILLE,TN,37210,8202,HERMIT,36.1522,-86.7669,POINT (-86.7669 36.1522)
20190769008,10/20/2019 10:00:00 PM,2,0,0,,Y,352153,4,ANGLE,21,CLEAR,2,DARK - NOT LIGHTED,12,MOTOR VEHICLE IN TRANSPORT,BELL RD & BENZING RD,ANTIOCH,TN,37013,8755,SOUTH,36.0453,-86.7017,POINT (-86.7017 36.0453)
20190665080,09/06/2019 05:11:00 PM,2,0,0,,N,256383,4,ANGLE,21,CLEAR,1,DAYLIGHT,12,MOTOR VEHICLE IN TRANSPORT,SCOTWOOD DR & BENITA DR,NASHVILLE,TN,37211,8417,SOUTH,36.0927,-86.7156,POINT (-86.7156 36.0927)
20190793541,10/31/2019 10:43:00 AM,2,0,0,,Y,405447,4,ANGLE,2,RAIN,1,DAYLIGHT,14,PARKED MOTOR VEHICLE,VALLEY BROOK TOWNHOMES PVTDR & ZERMATT A,NASHVILLE,TN,37211,8651,MIDTOW,36.0424,-86.7216,POINT (-86.7216 36.0424)
20190700502,09/21/2019 11:35:00 AM,2,0,0,,N,226586,11,Front to Rear,21,CLEAR,1,DAYLIGHT,12,MOTOR VEHICLE IN TRANSPORT,DEMONBREUN ST & 7TH AVS,NASHVILLE,TN,37203,4061,CENTRA,36.1574,-86.7797,POINT (-86.7797 36.1574)
20190851637,11/25/2019 05:57:00 AM,1,0,0,,N,311336,0,NOT COLLISION W/MOTOR VEHICLE-TRANSPORT,21,CLEAR,3,DARK - LIGHTED,25,GUARDRAIL END,ELLINGTON PKWYS & ELLINGTON PKWYN,NASHVILLE,TN,37207,1995,EAST,36.1758,-86.7666,POINT (-86.7666 36.1758)
20190880437,12/07/2019 09:33:00 PM,3,1,0,,N,330412,11,Front to Rear,21,CLEAR,3,DARK - LIGHTED,12,MOTOR VEHICLE IN TRANSPORT,EWING DR & BRICK CHURCH PKE,NASHVILLE,TN,37207,2031,MADISO,36.025,-86.721,POINT (-86.721 36.025)
20190812426,11/08/2019 08:30:00 AM,2,1,0,,N,405397,11,Front to Rear,21,CLEAR,1,DAYLIGHT,12,MOTOR VEHICLE IN TRANSPORT,7TH AVN & COMMERCE ST,NASHVILLE,TN,37203,4109,CENTRA,36.1607,-86.7817,POINT (-86.7817 36.1607)
20190888425,12/11/2019 07:49:00 AM,2,0,0,,Y,109534,11,Front to Rear,21,CLEAR,1,DAYLIGHT,12;99,MOTOR VEHICLE IN TRANSPORT;UNKNOWN MOST HARMFUL EVENT,BELL RD & BELL RD PVTDR,HERMITAGE,TN,37076,9501,HERMIT,36.1571,-86.6179,POINT (-86.6179 36.1571)
20190598409,08/11/2019 05:13:00 PM,2,0,0,,N,299267,0,NOT COLLISION W/MOTOR VEHICLE-TRANSPORT,21,CLEAR,1,DAYLIGHT,7,,KOREAN VETERANS BLVD & 5TH AVS,NASHVILLE,TN,37203,4057,CENTRA,36.1563,-86.7763,POINT (-86.7763 36.1563)
20190768798,10/20/2019 10:47:00 PM,2,0,0,,Y,197060,11,Front to Rear,21,CLEAR,2,DARK - NOT LIGHTED,12,MOTOR VEHICLE IN TRANSPORT,1100 GALLATIN PKE NB EXT RAMP,MADISON,TN,37115,1509,MADISO,36.2366,-86.7245,POINT (-86.7245 36.2366)
20190710009,09/25/2019 12:07:00 PM,2,0,0,,Y,474557,11,Front to Rear,21,CLEAR,1,DAYLIGHT,12,MOTOR VEHICLE IN TRANSPORT,BELL RD & MORRIS GENTRY BLVD,ANTIOCH,TN,37013,8865,SOUTH,36.0666,-86.6366,POINT (-86.6366 36.0666)
20190781324,10/26/2019 01:25:00 AM,2,0,0,,N,352201,4,ANGLE,2,RAIN,2,DARK - NOT LIGHTED,12,MOTOR VEHICLE IN TRANSPORT,3RD AVS & KOREAN VETERANS BLVD,NASHVILLE,TN,37201,4053,CENTRA,36.1579,-86.7736,POINT (-86.7736 36.1579)
20190835066,11/18/2019 08:20:00 AM,3,0,0,,N,226586,11,Front to Rear,21,CLEAR,1,DAYLIGHT,12,MOTOR VEHICLE IN TRANSPORT,MM 49 0 I 24,NASHVILLE,TN,37206,10040,EAST,36.1664,-86.7647,POINT (-86.7647 36.1664)
20190915919,12/23/2019 11:15:00 AM,2,0,0,,N,591933,11,Front to Rear,21,CLEAR,1,DAYLIGHT,12,MOTOR VEHICLE IN TRANSPORT,MM 61 6 I 24,ANTIOCH,TN,37013,87040,SOUTH,36.0252,-86.6327,POINT (-86.6327 36.0252)
20190875141,12/05/2019 01:38:00 PM,2,0,0,,N,834798,5,SIDESWIPE - SAME DIRECTION,21,CLEAR,1,DAYLIGHT,12,MOTOR VEHICLE IN TRANSPORT,I40 W EXT RAMP & 28TH AVN,NASHVILLE,TN,37208,4525,NORTH,36.1644,-86.8199,POINT (-86.8199 36.1644)
20190866380,12/02/2019 07:30:00 AM,2,0,0,,N,591936,11,Front to Rear,22,CLOUDY,1,DAYLIGHT,12,MOTOR VEHICLE IN TRANSPORT,FRANKLIN PKE & NORWOOD DR,NASHVILLE,TN,37204,7013,MIDTOW,36.0988,-86.7721,POINT (-86.7721 36.0988)
20190676395,09/11/2019 02:08:00 PM,1,0,0,Y,N,151132,0,NOT COLLISION W/MOTOR VEHICLE-TRANSPORT,21,CLEAR,1,DAYLIGHT,39,WALL,WALTON LN & GALLATIN PKES,MADISON,TN,37115,1509,MADISO,36.2389,-86.7254,POINT (-86.7254 36.2389)
20190723598,10/01/2019 10:14:00 AM,1,1,0,Y,N,716886,0,NOT COLLISION W/MOTOR VEHICLE-TRANSPORT,21,CLEAR,1,DAYLIGHT,31,"OTHER POST, POLE, SUPP.",WELCH RD & TRAVIS DR,NASHVILLE,TN,37211,8445,SOUTH,36.0832,-86.7246,POINT (-86.7246 36.0832)
20190712823,09/26/2019 03:16:00 PM,4,0,0,,N,212343,11,Front to Rear,22,CLOUDY,1,DAYLIGHT,12,MOTOR VEHICLE IN TRANSPORT,MM 49 0 I 24,NASHVILLE,TN,37206,10040,EAST,36.1664,-86.7647,POINT (-86.7647 36.1664)
20190713443,09/26/2019 08:36:00 PM,2,0,0,,Y,320585,11,Front to Rear,21,CLEAR,3,DARK - LIGHTED,14,PARKED MOTOR VEHICLE,US HWY 70 & HICKORY HILL LN,HERMITAGE,TN,37076,9531,HERMIT,36.1882,-86.6293,POINT (-86.6293 36.1882)
20190753180,10/14/2019 08:37:00 AM,2,0,0,,N,620061,5,SIDESWIPE - SAME DIRECTION,21,CLEAR,1,DAYLIGHT,12,MOTOR VEHICLE IN TRANSPORT,13TH AV CIR & 14TH AVN,NASHVILLE,TN,37203,5501,MIDTOW,36.16,-86.7941,POINT (-86.7941 36.16)
20190746073,10/10/2019 11:20:00 PM,2,0,0,,N,320578,2,HEAD-ON,21,CLEAR,3,DARK - LIGHTED,12,MOTOR VEHICLE IN TRANSPORT,LINBAR DR & LUNA DR,NASHVILLE,TN,37211,8707,SOUTH,36.0805,-86.6979,POINT (-86.6979 36.0805)
20190632719,08/24/2019 12:00:00 PM,2,0,0,,N,320601,11,Front to Rear,21,CLEAR,1,DAYLIGHT,12,MOTOR VEHICLE IN TRANSPORT,MM 54 6 I 24,NASHVILLE,TN,37211,84021,SOUTH,36.0994,-86.7109,POINT (-86.7109 36.0994)
20190622021,08/20/2019 01:47:00 PM,2,0,0,,Y,320594,16,Rear to Side,21,CLEAR,1,DAYLIGHT,14,PARKED MOTOR VEHICLE,ROCKWOOD DR & HERMITAGE WOODS DR,HERMITAGE,TN,37076,9557,HERMIT,36.1807,-86.6034,POINT (-86.6034 36.1807)
20190908297,12/19/2019 04:13:00 PM,2,0,0,,N,352169,11,Front to Rear,21,CLEAR,1,DAYLIGHT,12,MOTOR VEHICLE IN TRANSPORT,STATE HWY 45 & RIO VISTA DR,MADISON,TN,37115,1705,MADISO,36.2628,-86.681,POINT (-86.681 36.2628)
20190808564,11/06/2019 06:00:00 PM,2,1,0,,N,256384,4,ANGLE,21,CLEAR,3,DARK - LIGHTED,12,MOTOR VEHICLE IN TRANSPORT,NOLENSVILLE PKE & VERITAS ST,NASHVILLE,TN,37211,8431,SOUTH,36.0971,-86.7382,POINT (-86.7382 36.0971)
20190682295,09/13/2019 07:00:00 PM,2,1,0,,N,311327,4,ANGLE,21,CLEAR,3,DARK - LIGHTED,12,MOTOR VEHICLE IN TRANSPORT,GALLATIN AV & W EASTLAND AV,NASHVILLE,TN,37206,1243,EAST,36.1836,-86.7485,POINT (-86.7485 36.1836)
20190871921,12/04/2019 08:15:00 AM,2,0,0,,Y,591933,11,Front to Rear,21,CLEAR,1,DAYLIGHT,12,MOTOR VEHICLE IN TRANSPORT,MURFREESBORO PKE & OLD HICKORY BLVD,ANTIOCH,TN,37013,8867,SOUTH,36.0413,-86.6051,POINT (-86.6051 36.0413)
20190768533,10/20/2019 06:42:00 PM,3,4,0,,N,256426,11,Front to Rear,21,CLEAR,3,DARK - LIGHTED,12,MOTOR VEHICLE IN TRANSPORT,MM 210 5 I 40,NASHVILLE,TN,37210,8202,HERMIT,36.1522,-86.7669,POINT (-86.7669 36.1522)
20190917119,12/23/2019 10:15:00 PM,2,0,0,,Y,179603,11,Front to Rear,21,CLEAR,3,DARK - LIGHTED,12,MOTOR VEHICLE IN TRANSPORT,SKYLINE MEMORIAL CT & DICKERSON PKE,MADISON,TN,37115,2009,MADISO,36.2439,-86.7566,POINT (-86.7566 36.2439)
20190705140,09/23/2019 04:31:00 PM,2,0,0,,Y,298863,5,SIDESWIPE - SAME DIRECTION,21,CLEAR,1,DAYLIGHT,12,MOTOR VEHICLE IN TRANSPORT,LAFAYETTE ST & 7TH AVS,NASHVILLE,TN,37203,4023,CENTRA,36.1541,-86.7779,POINT (-86.7779 36.1541)
20190778053,10/24/2019 04:27:00 PM,2,0,0,,Y,384421,5,SIDESWIPE - SAME DIRECTION,21,CLEAR,1,DAYLIGHT,12,MOTOR VEHICLE IN TRANSPORT,BELL RD & STEWARTS FERRY PKE,NASHVILLE,TN,37214,8959,HERMIT,36.1522,-86.6251,POINT (-86.6251 36.1522)
20190637536,08/26/2019 03:55:00 PM,2,0,0,,N,320580,4,ANGLE,22,CLOUDY,1,DAYLIGHT,12,MOTOR VEHICLE IN TRANSPORT,I40 E EXT RAMP & I 40,NASHVILLE,TN,37214,8955,HERMIT,36.155,-86.6271,POINT (-86.6271 36.155)
20190900324,12/16/2019 12:00:00 AM,2,0,0,,Y,109534,11,Front to Rear,99,UNKNOWN,9,UNKNOWN,14;99,PARKED MOTOR VEHICLE;UNKNOWN MOST HARMFUL EVENT,FITZPATRICK RD & NORWALK DR,NASHVILLE,TN,37214,8955,HERMIT,36.1461,-86.6321,POINT (-86.6321 36.1461)
20190911322,12/20/2019 10:37:00 PM,2,0,0,,Y,256377,11,Front to Rear,21,CLEAR,3,DARK - LIGHTED,12,MOTOR VEHICLE IN TRANSPORT,LEWIS ST & LAFAYETTE ST,NASHVILLE,TN,37210,8145,SOUTH,36.1083,-86.7324,POINT (-86.7324 36.1083)
20190701714,09/22/2019 12:30:00 AM,1,0,0,Y,N,909497,0,NOT COLLISION W/MOTOR VEHICLE-TRANSPORT,21,CLEAR,3,DARK - LIGHTED,40,MAIL BOX,3200 LAKESHORE DR,OLD HICKORY,TN,37138,9711,HERMIT,36.2436,-86.6287,POINT (-86.6287 36.2436)
20190804914,11/05/2019 09:40:00 AM,2,0,0,,N,224824,5,SIDESWIPE - SAME DIRECTION,21,CLEAR,1,DAYLIGHT,12,MOTOR VEHICLE IN TRANSPORT,OLD HICKORY BLVD & ANDREW JACKSON PKWY,HERMITAGE,TN,37076,9561,HERMIT,36.1836,-86.6107,POINT (-86.6107 36.1836)
20190639526,08/27/2019 11:25:00 AM,2,0,0,,Y,191578,11,Front to Rear,22,CLOUDY,1,DAYLIGHT,55,Motor Vehicle-In-Motion Outside Trafficw,ALLEN RD & DONELSON PKE,NASHVILLE,TN,37214,9423,HERMIT,36.1507,-86.6666,POINT (-86.6666 36.1507)
20190672449,09/10/2019 05:35:00 AM,3,0,0,,N,468098,11,Front to Rear,21,CLEAR,3,DARK - LIGHTED,12,MOTOR VEHICLE IN TRANSPORT,MM 56 2 I 24,NASHVILLE,TN,37211,88100,SOUTH,36.0799,-86.6961,POINT (-86.6961 36.0799)
20190586697,08/07/2019 09:10:00 AM,2,0,0,,N,676834,5,SIDESWIPE - SAME DIRECTION,21,CLEAR,1,DAYLIGHT,12,MOTOR VEHICLE IN TRANSPORT,I65 S ENT RAMP & I 65,NASHVILLE,TN,37207,3007,NORTH,36.2057,-86.778,POINT (-86.778 36.2057)
20190793429,10/31/2019 09:41:00 AM,3,0,0,,N,676834,11,Front to Rear,22,CLOUDY,1,DAYLIGHT,12,MOTOR VEHICLE IN TRANSPORT,US HWY 70 & 23RD AVE N,NASHVILLE,TN,37209,5339,NORTH,36.1558,-86.8098,POINT (-86.8098 36.1558)