Accident Number,Date and Time,Number of Motor Vehicles,Number of Injuries,Number of Fatalities,Property Damage,Hit and Run,Reporting Officer,Collision Type Code,Collision Type Description,Weather Code,Weather Description,Illumination Code,Illumination Description,Harmful Code,Harmful Code Description,Street Address,City,State,ZIP,RPA,Precinct,Latitude,Longitude,Mapped Location
20190740142,10/08/2019 02:21:00 PM,2,0,0,,Y,279208,98,OTHER,21,CLEAR,1,DAYLIGHT,14,PARKED MOTOR VEHICLE,HAYES ST & 20TH AVN,NASHVILLE,TN,37203,5527,MIDTOW,36.1522,-86.8004,POINT (-86.8004 36.1522)
20190842883,11/21/2019 07:44:00 AM,2,0,0,,N,109534,5,SIDESWIPE - SAME DIRECTION,21,CLEAR,1,DAYLIGHT,12,MOTOR VEHICLE IN TRANSPORT,ELM HILL PKE & DONELSON PKE,NASHVILLE,TN,37214,9411,HERMIT,36.1485,-86.6651,POINT (-86.6651 36.1485)
20190859464,11/28/2019 11:03:00 AM,2,2,0,,N,716886,4,ANGLE,21,CLEAR,1,DAYLIGHT,12,MOTOR VEHICLE IN TRANSPORT,BELL FORGE LNE & BELL RD,ANTIOCH,TN,37013,8865,SOUTH,36.0505,-86.6468,POINT (-86.6468 36.0505)
20190808004,11/06/2019 12:59:00 PM,2,2,0,,N,620061,98,OTHER,21,CLEAR,1,DAYLIGHT,12,MOTOR VEHICLE IN TRANSPORT,FRANKLIN PIKE CIR & OLD HICKORY BLVD,BRENTWOOD,TN,37027,8619,MIDTOW,36.0412,-86.7795,POINT (-86.7795 36.0412)
20190916168,12/23/2019 01:30:00 PM,2,0,0,,Y,665896,4,ANGLE,21,CLEAR,1,DAYLIGHT,12,MOTOR VEHICLE IN TRANSPORT,WOODLAND ST & S 9TH ST,NASHVILLE,TN,37206,1119,EAST,36.1749,-86.7569,POINT (-86.7569 36.1749)
20190740046,10/08/2019 03:00:00 PM,2,0,0,,Y,352207,4,ANGLE,21,CLEAR,1,DAYLIGHT,12,MOTOR VEHICLE IN TRANSPORT,NOLENSVILLE PKE & HARDING PL,NASHVILLE,TN,37211,8445,SOUTH,36.0809,-86.7267,POINT (-86.7267 36.0809)
20190841599,11/20/2019 05:30:00 PM,2,0,0,,N,352177,6,SIDESWIPE - OPPOSITE DIRECTION,21,CLEAR,3,DARK - LIGHTED,12,MOTOR VEHICLE IN TRANSPORT,MATTHEW LN & HILLSBORO PKE,NASHVILLE,TN,37215,6419,MIDTOW,36.1165,-86.8105,POINT (-86.8105 36.1165)
20190780471,10/25/2019 04:45:00 PM,3,1,0,,N,405418,6,SIDESWIPE - OPPOSITE DIRECTION,2,RAIN,1,DAYLIGHT,12,MOTOR VEHICLE IN TRANSPORT,EDMONDSON PKE & EDMONDSON PIKE,NASHVILLE,TN,37211,8651,MIDTOW,36.0134,-86.7385,POINT (-86.7385 36.0134)
20190777964,10/24/2019 03:52:00 PM,2,1,0,,N,256392,5,SIDESWIPE - SAME DIRECTION,21,CLEAR,1,DAYLIGHT,12,MOTOR VEHICLE IN TRANSPORT,ROSA L PARKS BLVD & TAYLOR ST,NASHVILLE,TN,37208,4323,NORTH,36.1769,-86.7938,POINT (-86.7938 36.1769)
20190919985,12/25/2019 01:00:00 PM,2,0,0,,Y,134903,5,SIDESWIPE - SAME DIRECTION,21,CLEAR,1,DAYLIGHT,12;33,MOTOR VEHICLE IN TRANSPORT;CURB,RACHELS TRL & ANDREW JACKSON PKWY,HERMITAGE,TN,37076,9509,HERMIT,36.2054,-86.6062,POINT (-86.6062 36.2054)
20190814879,11/09/2019 10:45:00 AM,2,0,0,,Y,140808,5,SIDESWIPE - SAME DIRECTION,21,CLEAR,1,DAYLIGHT,12,MOTOR VEHICLE IN TRANSPORT,NOLENSVILLE PKE & ZOO RD,NASHVILLE,TN,37211,8415,SOUTH,36.0887,-86.7322,POINT (-86.7322 36.0887)
20190930127,12/30/2019 05:50:00 PM,2,1,0,,Y,161948,11,Front to Rear,21,CLEAR,3,DARK - LIGHTED,12,MOTOR VEHICLE IN TRANSPORT,OPRYLAND DR & OPRY MILLS DR,NASHVILLE,TN,37214,9209,HERMIT,36.2116,-86.7002,POINT (-86.7002 36.2116)
20190823859,11/13/2019 08:55:00 AM,2,0,0,,N,191578,11,Front to Rear,21,CLEAR,1,DAYLIGHT,12,MOTOR VEHICLE IN TRANSPORT,LEBANON PKE & J B ESTILLE DR,NASHVILLE,TN,37214,9125,HERMIT,36.1687,-86.6669,POINT (-86.6669 36.1687)
20190657318,09/03/2019 02:22:00 PM,2,0,0,,N,151132,5,SIDESWIPE - SAME DIRECTION,21,CLEAR,1,DAYLIGHT,12,MOTOR VEHICLE IN TRANSPORT,GALLATIN PKES & HICKORY ST,MADISON,TN,37115,1605,MADISO,36.2604,-86.7129,POINT (-86.7129 36.2604)
20190631634,08/23/2019 10:34:00 PM,2,2,0,,N,256379,4,ANGLE,21,CLEAR,3,DARK - LIGHTED,12,MOTOR VEHICLE IN TRANSPORT,CANE RIDGE RD & CHIMNEYTOP DR,ANTIOCH,TN,37013,8751,SOUTH,36.0401,-86.6602,POINT (-86.6602 36.0401)
20190668041,09/08/2019 02:00:00 AM,2,1,0,,Y,256493,11,Front to Rear,21,CLEAR,3,DARK - LIGHTED,12,MOTOR VEHICLE IN TRANSPORT,MM 215 7 I 40,NASHVILLE,TN,37217,89020,HERMIT,36.1426,-86.6823,POINT (-86.6823 36.1426)
20190714994,09/27/2019 12:44:00 PM,2,0,0,,N,212345,5,SIDESWIPE - SAME DIRECTION,21,CLEAR,1,DAYLIGHT,12,MOTOR VEHICLE IN TRANSPORT,E TRINITY LN & OAKWOOD AV,NASHVILLE,TN,37207,1887,EAST,36.2048,-86.7524,POINT (-86.7524 36.2048)
20190855005,11/26/2019 12:35:00 PM,1,1,0,Y,N,716886,0,NOT COLLISION W/MOTOR VEHICLE-TRANSPORT,21,CLEAR,1,DAYLIGHT,30,UTILITY POLE,XAVIER DR & XAVIER CT,ANTIOCH,TN,37013,8899,SOUTH,36.0729,-86.6711,POINT (-86.6711 36.0729)
20190879250,12/06/2019 07:30:00 PM,3,0,0,,Y,320584,4,ANGLE,21,CLEAR,3,DARK - LIGHTED,14,PARKED MOTOR VEHICLE,TAMPA DR & SPARTAN DR,NASHVILLE,TN,37211,8443,SOUTH,36.084,-86.7113,POINT (-86.7113 36.084)
20190912678,12/21/2019 05:00:00 PM,2,0,0,,N,330435,4,ANGLE,21,CLEAR,3,DARK - LIGHTED,12,MOTOR VEHICLE IN TRANSPORT,GALLATIN PKE & MCGAVOCK PKE,NASHVILLE,TN,37216,1415,EAST,36.205,-86.7376,POINT (-86.7376 36.205)
20190792472,10/30/2019 11:01:00 PM,1,0,0,,N,212334,0,NOT COLLISION W/MOTOR VEHICLE-TRANSPORT,22,CLOUDY,3,DARK - LIGHTED,50,DEER (ANIMAL),WHITES CREEK PKE & OLD CLARKSVILLE PKE,JOELTON,TN,37080,3307,NORTH,36.312,-86.8602,POINT (-86.8602 36.312)
20190870100,12/03/2019 04:36:00 PM,2,0,0,,N,151132,11,Front to Rear,21,CLEAR,5,DUSK,12,MOTOR VEHICLE IN TRANSPORT,MM 90 3 I 65,MADISON,TN,37115,20044,MADISO,36.2409,-86.7515,POINT (-86.7515 36.2409)
20190628024,08/22/2019 06:09:00 PM,2,1,0,,N,212346,11,Front to Rear,2,RAIN,1,DAYLIGHT,12,MOTOR VEHICLE IN TRANSPORT,4TH AVS & ASH ST,NASHVILLE,TN,37210,4005,CENTRA,36.1523,-86.7716,POINT (-86.7716 36.1523)
20190829204,11/15/2019 11:58:00 AM,3,1,0,,N,676834,0,NOT COLLISION W/MOTOR VEHICLE-TRANSPORT,21,CLEAR,1,DAYLIGHT,54;7,Set In Motion By Motor Vehicle,BUCHANAN ST & 12TH AVN,NASHVILLE,TN,37208,4453,NORTH,36.1802,-86.8064,POINT (-86.8064 36.1802)
20190805843,11/05/2019 04:26:00 PM,2,0,0,,N,330428,5,SIDESWIPE - SAME DIRECTION,21,CLEAR,1,DAYLIGHT,12,MOTOR VEHICLE IN TRANSPORT,I440 E ENT RAMP & I 440,NASHVILLE,TN,37205,6007,WEST,36.1346,-86.8203,POINT (-86.8203 36.1346)
20190618089,08/19/2019 08:30:00 AM,2,0,0,,N,223502,5,SIDESWIPE - SAME DIRECTION,21,CLEAR,1,DAYLIGHT,12,MOTOR VEHICLE IN TRANSPORT,MM 54 0 I 24,NASHVILLE,TN,37211,88122,SOUTH,36.1064,-86.7188,POINT (-86.7188 36.1064)
20190771944,10/22/2019 07:33:00 AM,2,0,0,,N,429185,11,Front to Rear,21,CLEAR,1,DAYLIGHT,12,MOTOR VEHICLE IN TRANSPORT,OLD HICKORY BLVD & ANDREW JACKSON PKWY,HERMITAGE,TN,37076,9561,HERMIT,36.1836,-86.6107,POINT (-86.6107 36.1836)
20190736524,10/07/2019 12:00:00 AM,2,1,0,,N,299261,4,ANGLE,2,RAIN,3,DARK - LIGHTED,12,MOTOR VEHICLE IN TRANSPORT,NOLENSVILLE PKE & I440 W EXT RAMP,NASHVILLE,TN,37211,8043,MIDTOW,36.1241,-86.7517,POINT (-86.7517 36.1241)
20190819481,11/11/2019 04:00:00 PM,2,0,0,,Y,151132,11,Front to Rear,2,RAIN,5,DUSK,12,MOTOR VEHICLE IN TRANSPORT,OLD HICKORY BLVDW & N GRAYCROFT AV,MADISON,TN,37115,1777,MADISO,36.2644,-86.7324,POINT (-86.7324 36.2644)
20190693407,09/18/2019 02:20:00 PM,1,0,0,Y,N,420059,0,NOT COLLISION W/MOTOR VEHICLE-TRANSPORT,21,CLEAR,1,DAYLIGHT,40,MAIL BOX,FARRELL PKWY & STILLWOOD DR,NASHVILLE,TN,37220,8601,MIDTOW,36.0725,-86.7623,POINT (-86.7623 36.0725)
20190802375,11/04/2019 10:38:00 AM,2,0,0,,N,716886,11,Front to Rear,21,CLEAR,1,DAYLIGHT,12,MOTOR VEHICLE IN TRANSPORT,MM 52 2 I 24,NASHVILLE,TN,37217,8816,SOUTH,36.1359,-86.7267,POINT (-86.7267 36.1359)
20190902121,12/17/2019 08:35:00 AM,3,0,0,,N,405447,11,Front to Rear,2,RAIN,1,DAYLIGHT,12,MOTOR VEHICLE IN TRANSPORT,NOLENSVILLE PKE & MILL CREEK WHITTEMORE,ANTIOCH,TN,37013,8757,SOUTH,36.04,-86.7128,POINT (-86.7128 36.04)
20190667744,09/07/2019 11:25:00 PM,2,0,0,,Y,320584,11,Front to Rear,21,CLEAR,3,DARK - LIGHTED,12,MOTOR VEHICLE IN TRANSPORT,NOLENSVILLE PKE & I440 E EXT RAMP,NASHVILLE,TN,37210,8321,SOUTH,36.1216,-86.7505,POINT (-86.7505 36.1216)
20190896128,12/14/2019 07:20:00 AM,1,0,0,Y,Y,279230,0,NOT COLLISION W/MOTOR VEHICLE-TRANSPORT,2,RAIN,2,DARK - NOT LIGHTED,38,FENCE,505 PICCADILLY ROW,NASHVILLE,TN,37217,8853,SOUTH,36.1676,-86.7787,POINT (-86.7787 36.1676)
20190656691,09/03/2019 09:15:00 AM,2,0,0,,N,462474,5,SIDESWIPE - SAME DIRECTION,21,CLEAR,1,DAYLIGHT,12,MOTOR VEHICLE IN TRANSPORT,BROADWAY & I40 W EXT RAMP,NASHVILLE,TN,37203,4002,CENTRA,36.1559,-86.7892,POINT (-86.7892 36.1559)
20190773452,10/22/2019 12:00:00 AM,2,0,0,,N,279200,2,HEAD-ON,21,CLEAR,3,DARK - LIGHTED,12,MOTOR VEHICLE IN TRANSPORT,LAUREL ST & 11TH AVS,NASHVILLE,TN,37203,4017,CENTRA,36.1541,-86.7844,POINT (-86.7844 36.1541)
20190603373,08/13/2019 01:25:00 PM,2,0,0,,N,620072,4,ANGLE,22,CLOUDY,1,DAYLIGHT,12,MOTOR VEHICLE IN TRANSPORT,20TH AVE N & STATE ST,NASHVILLE,TN,37203,5509,MIDTOW,36.1544,-86.8015,POINT (-86.8015 36.1544)
20190850186,11/24/2019 10:50:00 AM,4,0,0,,Y,311331,2,HEAD-ON,21,CLEAR,1,DAYLIGHT,12,MOTOR VEHICLE IN TRANSPORT,NEILL AV & MARINA ST,NASHVILLE,TN,37206,1941,EAST,36.1802,-86.7601,POINT (-86.7601 36.1802)
20190910079,12/20/2019 09:45:00 AM,2,0,0,,N,676834,5,SIDESWIPE - SAME DIRECTION,21,CLEAR,1,DAYLIGHT,14,PARKED MOTOR VEHICLE,6TH AVN & MONROE ST,NASHVILLE,TN,37208,4323,NORTH,36.1764,-86.7903,POINT (-86.7903 36.1764)
20190784418,10/27/2019 08:31:00 PM,2,0,0,,N,384408,4,ANGLE,21,CLEAR,3,DARK - LIGHTED,12,MOTOR VEHICLE IN TRANSPORT,ELM HILL PKE & EMERY DR,NASHVILLE,TN,37214,9103,HERMIT,36.1517,-86.677,POINT (-86.677 36.1517)
20190695491,09/19/2019 10:05:00 AM,2,0,0,,N,405427,98,OTHER,21,CLEAR,1,DAYLIGHT,12,MOTOR VEHICLE IN TRANSPORT,CHURCH ST & GEORGE L DAVIS BLVD,NASHVILLE,TN,37203,4119,CENTRA,36.1587,-86.79,POINT (-86.79 36.1587)
20190788395,10/29/2019 10:20:00 AM,2,1,0,,N,226405,4,ANGLE,22,CLOUDY,1,DAYLIGHT,12,MOTOR VEHICLE IN TRANSPORT,WEDGEWOOD AV & MAGNOLIA BLVD,NASHVILLE,TN,37212,6619,MIDTOW,36.1366,-86.7952,POINT (-86.7952 36.1366)
20190753205,10/14/2019 08:25:00 AM,2,0,0,,N,299247,11,Front to Rear,21,CLEAR,1,DAYLIGHT,12,MOTOR VEHICLE IN TRANSPORT,BRILEY PKWYN & BRILEY PKWY,NASHVILLE,TN,37217,8998,HERMIT,36.1369,-86.6993,POINT (-86.6993 36.1369)
20190850180,11/24/2019 11:10:00 AM,2,0,0,,N,343522,4,ANGLE,21,CLEAR,1,DAYLIGHT,12,MOTOR VEHICLE IN TRANSPORT,BELLEVUE VALLEY PLAZA PVTDR & HIGHWAY 70,NASHVILLE,TN,37221,4901,WEST,36.0746,-86.9195,POINT (-86.9195 36.0746)
20190845442,11/22/2019 06:00:00 AM,3,0,0,,Y,876573,11,Front to Rear,2,RAIN,2,DARK - NOT LIGHTED,12,MOTOR VEHICLE IN TRANSPORT,MM 58 0 I 24,ANTIOCH,TN,37013,88080,SOUTH,36.0584,-86.678,POINT (-86.678 36.0584)
20190747294,10/11/2019 12:14:00 PM,2,0,0,,Y,462474,4,ANGLE,22,CLOUDY,1,DAYLIGHT,12,MOTOR VEHICLE IN TRANSPORT,NOLENSVILLE PKE & ANTIOCH PKE,NASHVILLE,TN,37211,8427,SOUTH,36.1018,-86.7406,POINT (-86.7406 36.1018)
20190646830,08/30/2019 06:15:00 AM,2,0,0,,N,405424,4,ANGLE,21,CLEAR,4,DAWN,12,MOTOR VEHICLE IN TRANSPORT,BELL RD & HERON POINTE DR,NASHVILLE,TN,37214,8943,HERMIT,36.1184,-86.6311,POINT (-86.6311 36.1184)
20190714882,09/25/2019 12:00:00 AM,2,0,0,,Y,571316,9,UNKNOWN,99,UNKNOWN,9,UNKNOWN,12;14,MOTOR VEHICLE IN TRANSPORT;PARKED MOTOR VEHICLE,VAUGHN ST & N 3RD ST,NASHVILLE,TN,37207,1935,EAST,36.1881,-86.7661,POINT (-86.7661 36.1881)
20190723207,10/01/2019 07:20:00 AM,3,0,0,,Y,716886,11,Front to Rear,21,CLEAR,1,DAYLIGHT,12,MOTOR VEHICLE IN TRANSPORT,NOLENSVILLE PKE & ELYSIAN FIELDS CT,NASHVILLE,TN,37211,8415,SOUTH,36.0873,-86.7307,POINT (-86.7307 36.0873)
20190839419,11/19/2019 11:19:00 PM,2,1,0,,Y,330433,4,ANGLE,21,CLEAR,3,DARK - LIGHTED,12,MOTOR VEHICLE IN TRANSPORT,BRILEY PKWY W EXT RAMP & BRICK CHURCH PK,NASHVILLE,TN,37207,2033,MADISO,36.2397,-86.7808,POINT (-86.7808 36.2397)
20190883646,12/09/2019 12:55:00 PM,2,0,0,,N,226673,11,Front to Rear,22,CLOUDY,1,DAYLIGHT,12,MOTOR VEHICLE IN TRANSPORT,JEFFERSON ST & 4TH AVN,NASHVILLE,TN,37201,4233,CENTRA,36.1747,-86.786,POINT (-86.786 36.1747)
20190850423,11/24/2019 02:47:00 PM,2,2,0,,N,579971,4,ANGLE,21,CLEAR,1,DAYLIGHT,12,MOTOR VEHICLE IN TRANSPORT,GLENROSE AV & GLENMONT DR,NASHVILLE,TN,37210,8807,SOUTH,36.1152,-86.7211,POINT (-86.7211 36.1152)
20190920656,12/25/2019 11:30:00 PM,2,0,0,,N,225819,11,Front to Rear,21,CLEAR,3,DARK - LIGHTED,12,MOTOR VEHICLE IN TRANSPORT,W OAK HIGHLAND DR & SYRAH LN,ANTIOCH,TN,37013,8755,SOUTH,36.0357,-86.6825,POINT (-86.6825 36.0357)
20190815201,11/09/2019 03:33:00 PM,2,1,0,,Y,279116,4,ANGLE,21,CLEAR,1,DAYLIGHT,12,MOTOR VEHICLE IN TRANSPORT,CHESTNUT ST & 8TH AVS,NASHVILLE,TN,37203,6941,MIDTOW,36.1417,-86.7787,POINT (-86.7787 36.1417)
20190604218,08/13/2019 08:14:00 PM,2,1,0,,N,565785,11,Front to Rear,21,CLEAR,3,DARK - LIGHTED,12,MOTOR VEHICLE IN TRANSPORT,WEDGEWOOD AV & 12TH AVS,NASHVILLE,TN,37203,6913,MIDTOW,36.1361,-86.7879,POINT (-86.7879 36.1361)
20190665433,09/06/2019 07:20:00 PM,2,2,0,,Y,887598,11,Front to Rear,21,CLEAR,3,DARK - LIGHTED,12,MOTOR VEHICLE IN TRANSPORT,I24 E ENT RAMP & I 24,NASHVILLE,TN,37213,1007,CENTRA,36.1662,-86.7659,POINT (-86.7659 36.1662)
20190810743,11/07/2019 03:46:00 PM,2,0,0,,N,384402,5,SIDESWIPE - SAME DIRECTION,2,RAIN,1,DAYLIGHT,12,MOTOR VEHICLE IN TRANSPORT,MURFREESBORO PKE & HARDING PL,NASHVILLE,TN,37217,8947,HERMIT,36.0982,-86.6587,POINT (-86.6587 36.0982)
20190683662,09/14/2019 10:00:00 AM,2,4,0,,N,628640,4,ANGLE,21,CLEAR,1,DAYLIGHT,12,MOTOR VEHICLE IN TRANSPORT,GLENCLIFF RD & TWIN OAKS DR,NASHVILLE,TN,37211,8401,SOUTH,36.104,-86.721,POINT (-86.721 36.104)
20190818690,11/11/2019 08:00:00 AM,2,0,0,,N,311331,6,SIDESWIPE - OPPOSITE DIRECTION,21,CLEAR,1,DAYLIGHT,12,MOTOR VEHICLE IN TRANSPORT,BEN ALLEN RD & HART LN,NASHVILLE,TN,37216,1813,EAST,36.2175,-86.7435,POINT (-86.7435 36.2175)
20190870847,12/03/2019 11:03:00 PM,2,0,0,,Y,279117,5,SIDESWIPE - SAME DIRECTION,21,CLEAR,3,DARK - LIGHTED,12,MOTOR VEHICLE IN TRANSPORT,W TRINITY LN & I65 N ENT RAMP,NASHVILLE,TN,37207,1863,EAST,36.2063,-86.7735,POINT (-86.7735 36.2063)
20190815875,11/09/2019 10:45:00 PM,2,1,0,,Y,352209,11,Front to Rear,21,CLEAR,3,DARK - LIGHTED,12,MOTOR VEHICLE IN TRANSPORT,WOODLAND ST & S 5TH ST,NASHVILLE,TN,37206,1109,EAST,36.1716,-86.7653,POINT (-86.7653 36.1716)
20190741790,10/09/2019 07:49:00 AM,2,0,0,,N,384418,5,SIDESWIPE - SAME DIRECTION,21,CLEAR,1,DAYLIGHT,12,MOTOR VEHICLE IN TRANSPORT,MM 222 1 I 40,HERMITAGE,TN,37076,9502,HERMIT,36.1693,-86.5778,POINT (-86.5778 36.1693)
20190828565,11/15/2019 06:56:00 AM,2,0,0,Y,N,311325,4,ANGLE,21,CLEAR,1,DAYLIGHT,12,MOTOR VEHICLE IN TRANSPORT,SPENCE LN & ELM HILL PIKE,NASHVILLE,TN,37210,9015,HERMIT,36.144,-86.7226,POINT (-86.7226 36.144)
20190836190,11/18/2019 05:15:00 PM,3,0,0,,N,279214,11,Front to Rear,21,CLEAR,1,DAYLIGHT,12,MOTOR VEHICLE IN TRANSPORT,WOODMONT BLVD & LEALAND LN,NASHVILLE,TN,37204,7007,MIDTOW,36.1111,-86.7884,POINT (-86.7884 36.1111)
20190701992,09/22/2019 12:00:00 AM,1,0,0,,N,279233,0,NOT COLLISION W/MOTOR VEHICLE-TRANSPORT,21,CLEAR,3,DARK - LIGHTED,34,DITCH,MM 0 2 I 440,NASHVILLE,TN,37205,5240,WEST,36.1403,-86.8231,POINT (-86.8231 36.1403)
20190827081,11/14/2019 03:53:00 PM,2,0,0,,Y,299267,4,ANGLE,21,CLEAR,1,DAYLIGHT,12,MOTOR VEHICLE IN TRANSPORT,CHARLOTTE AV & 23RD AVN,NASHVILLE,TN,37209,5339,NORTH,36.1558,-86.8097,POINT (-86.8097 36.1558)
20190873043,12/04/2019 05:44:00 PM,2,0,0,,Y,256426,5,SIDESWIPE - SAME DIRECTION,21,CLEAR,5,DUSK,12,MOTOR VEHICLE IN TRANSPORT,MM 213 5 I 40,NASHVILLE,TN,37210,90062,HERMIT,36.1406,-86.7215,POINT (-86.7215 36.1406)
20190673822,09/10/2019 04:38:00 PM,2,0,0,,N,279204,11,Front to Rear,22,CLOUDY,1,DAYLIGHT,12,MOTOR VEHICLE IN TRANSPORT,MM 85 3 I 65,NASHVILLE,TN,37208,43042,NORTH,36.1847,-86.7977,POINT (-86.7977 36.1847)
20190734031,10/05/2019 04:55:00 PM,2,2,0,,N,330443,4,ANGLE,21,CLEAR,1,DAYLIGHT,12,MOTOR VEHICLE IN TRANSPORT,EWING DR & BRICK CHURCH PKE,NASHVILLE,TN,37207,2001,MADISO,36.2316,-86.7815,POINT (-86.7815 36.2316)
20190900686,12/16/2019 04:27:00 PM,2,0,0,,N,309262,11,Front to Rear,2,RAIN,1,DAYLIGHT,12,MOTOR VEHICLE IN TRANSPORT,MM 91 2 I 65,MADISON,TN,37115,2006,MADISO,36.2503,-86.7413,POINT (-86.7413 36.2503)
20190808345,11/06/2019 04:10:00 PM,2,4,0,,N,717341,4,ANGLE,22,CLOUDY,1,DAYLIGHT,12,MOTOR VEHICLE IN TRANSPORT,ANTIOCH PKE & WINGATE AV,NASHVILLE,TN,37211,8407,SOUTH,36.1014,-86.7364,POINT (-86.7364 36.1014)
20190645001,08/29/2019 01:00:00 PM,2,0,0,,N,311339,4,ANGLE,21,CLEAR,1,DAYLIGHT,12,MOTOR VEHICLE IN TRANSPORT,MM 210 7 I 40,NASHVILLE,TN,37210,8202,HERMIT,36.1532,-86.7644,POINT (-86.7644 36.1532)
20190865559,12/01/2019 08:10:00 PM,2,0,0,,N,330444,11,Front to Rear,22,CLOUDY,2,DARK - NOT LIGHTED,12,MOTOR VEHICLE IN TRANSPORT,US HWY 431 & -UNKNOWN RAMP/ROAD -,NASHVILLE,TN,37207,1829,EAST,36.2063,-86.773,POINT (-86.773 36.2063)
20190658553,09/04/2019 02:24:00 AM,2,0,0,,N,279198,11,Front to Rear,21,CLEAR,3,DARK - LIGHTED,14,PARKED MOTOR VEHICLE,SYLVAN ST & S 6TH ST,MADISON,TN,37115,2101,MADISO,36.1657,-86.7587,POINT (-86.7587 36.1657)
20190899424,12/16/2019 05:33:00 AM,2,0,0,,N,166477,5,SIDESWIPE - SAME DIRECTION,2,RAIN,2,DARK - NOT LIGHTED,12,MOTOR VEHICLE IN TRANSPORT,MM 57 8 I 24,ANTIOCH,TN,37013,87060,SOUTH,36.06,-86.6798,POINT (-86.6798 36.06)
20190780452,10/25/2019 04:37:00 PM,3,0,0,,N,320603,5,SIDESWIPE - SAME DIRECTION,2,RAIN,1,DAYLIGHT,12,MOTOR VEHICLE IN TRANSPORT,CHARLOTTE AV & MORROW RD,NASHVILLE,TN,37209,5119,WEST,36.1516,-86.8521,POINT (-86.8521 36.1516)
20190846806,11/22/2019 06:51:00 PM,2,0,0,,N,330415,11,Front to Rear,22,CLOUDY,3,DARK - LIGHTED,12,MOTOR VEHICLE IN TRANSPORT,0 I 65,NASHVILLE,TN,37207,3002,NORTH,36.2047,-86.7767,POINT (-86.7767 36.2047)
20190813005,11/08/2019 02:58:00 PM,1,3,0,Y,N,834813,0,NOT COLLISION W/MOTOR VEHICLE-TRANSPORT,21,CLEAR,1,DAYLIGHT,32,CULVERT,5550 EATONS CREEK RD,JOELTON,TN,37080,3319,NORTH,36.2762,-86.8956,POINT (-86.8956 36.2762)
20190592996,08/09/2019 12:06:00 PM,2,1,0,,Y,352163,4,ANGLE,21,CLEAR,1,DAYLIGHT,12,MOTOR VEHICLE IN TRANSPORT,ELM HILL PKE & MCCRORY CREEK RD,NASHVILLE,TN,37214,9413,HERMIT,36.1437,-86.6553,POINT (-86.6553 36.1437)
20190765564,10/19/2019 03:05:00 AM,2,0,0,,Y,320583,4,ANGLE,21,CLEAR,3,DARK - LIGHTED,12,MOTOR VEHICLE IN TRANSPORT,16TH AVS & MCGAVOCK ST,NASHVILLE,TN,37203,5701,MIDTOW,36.153,-86.792,POINT (-86.792 36.153)
20190763274,10/18/2019 06:50:00 AM,2,0,0,,N,716886,11,Front to Rear,21,CLEAR,1,DAYLIGHT,12,MOTOR VEHICLE IN TRANSPORT,I440 W ENT RAMP & I 24,NASHVILLE,TN,37217,8801,SOUTH,36.1232,-86.7263,POINT (-86.7263 36.1232)
20190777688,10/24/2019 01:32:00 PM,2,0,0,,N,262749,11,Front to Rear,21,CLEAR,1,DAYLIGHT,12,MOTOR VEHICLE IN TRANSPORT,MM 212 3 I 40,NASHVILLE,TN,37210,8206,HERMIT,36.1447,-86.7399,POINT (-86.7399 36.1447)
20190791850,10/30/2019 12:36:00 PM,2,0,0,,Y,279224,5,SIDESWIPE - SAME DIRECTION,2,RAIN,1,DAYLIGHT,12;14,MOTOR VEHICLE IN TRANSPORT;PARKED MOTOR VEHICLE,HAYSBORO AV & INGLEWOOD CT,NASHVILLE,TN,37216,1513,EAST,36.2311,-86.7217,POINT (-86.7217 36.2311)
20190678256,09/12/2019 09:08:00 AM,2,0,0,,N,191578,11,Front to Rear,21,CLEAR,1,DAYLIGHT,12,MOTOR VEHICLE IN TRANSPORT,I24 W EXT RAMP & SPENCE LN,NASHVILLE,TN,37217,8801,SOUTH,36.1358,-86.725,POINT (-86.725 36.1358)
20190736866,10/07/2019 05:54:00 AM,2,0,0,,N,320601,4,ANGLE,21,CLEAR,1,DAYLIGHT,12,MOTOR VEHICLE IN TRANSPORT,I24 W ENT RAMP & I 24,NASHVILLE,TN,37206,1009,EAST,36.1666,-86.7638,POINT (-86.7638 36.1666)
20190833221,11/17/2019 10:15:00 AM,2,1,0,Y,N,343522,11,Front to Rear,21,CLEAR,1,DAYLIGHT,1;12,MOTOR VEHICLE IN TRANSPORT,HIGHWAY 100 & OLD HARDING PKE,NASHVILLE,TN,37221,4807,WEST,36.0445,-86.956,POINT (-86.956 36.0445)
20190894253,12/13/2019 12:40:00 PM,1,0,0,Y,N,320574,0,NOT COLLISION W/MOTOR VEHICLE-TRANSPORT,2,RAIN,1,DAYLIGHT,24,GUARDRAIL FACE,I 40 & UNKNOWN RAMP,NASHVILLE,TN,37210,9041,HERMIT,36.144,-86.7013,POINT (-86.7013 36.144)
20190793961,10/31/2019 02:00:00 PM,2,0,0,,Y,134899,5,SIDESWIPE - SAME DIRECTION,2,RAIN,1,DAYLIGHT,12,MOTOR VEHICLE IN TRANSPORT,BRILEY PKWYN & BRILEY PKWY N ENT RAMP,NASHVILLE,TN,37214,9203,HERMIT,36.1716,-86.6885,POINT (-86.6885 36.1716)
20190596471,08/10/2019 06:35:00 PM,2,0,0,,Y,320580,4,ANGLE,21,CLEAR,3,DARK - LIGHTED,55,Motor Vehicle-In-Motion Outside Trafficw,OPRY MILLS DR & MOSS ROSE DR,NASHVILLE,TN,37214,9209,HERMIT,36.2029,-86.6947,POINT (-86.6947 36.2029)