Accident Number,Date and Time,Number of Motor Vehicles,Number of Injuries,Number of Fatalities,Property Damage,Hit and Run,Reporting Officer,Collision Type Code,Collision Type Description,Weather Code,Weather Description,Illumination Code,Illumination Description,Harmful Code,Harmful Code Description,Street Address,City,State,ZIP,RPA,Precinct,Latitude,Longitude,Mapped Location
20190697919,09/20/2019 08:45:00 AM,1,0,0,Y,N,226586,0,NOT COLLISION W/MOTOR VEHICLE-TRANSPORT,21,CLEAR,1,DAYLIGHT,47,FIRE HYDRANT,5TH AVN & GAY ST,NASHVILLE,TN,37219,4203,CENTRA,36.1679,-86.7832,POINT (-86.7832 36.1679)
20190635283,08/25/2019 04:04:00 PM,2,3,0,,N,206682,2,HEAD-ON,21,CLEAR,1,DAYLIGHT,12,MOTOR VEHICLE IN TRANSPORT,S GRAYCROFT AV & DUE WEST AVW,MADISON,TN,37115,1779,MADISO,36.2504,-86.7343,POINT (-86.7343 36.2504)
20190769684,10/21/2019 07:18:00 AM,1,0,0,,Y,474557,0,NOT COLLISION W/MOTOR VEHICLE-TRANSPORT,22,CLOUDY,1,DAYLIGHT,41;42,SHRUBBERY;TREE,BELL RD & THE OVERLOOK PVTDR,ANTIOCH,TN,37013,8865,SOUTH,36.056,-86.6421,POINT (-86.6421 36.056)
20190859812,11/28/2019 04:32:00 PM,3,1,0,,Y,299253,4,ANGLE,21,CLEAR,1,DAYLIGHT,12,MOTOR VEHICLE IN TRANSPORT,BROADMOOR DR & DICKERSON PKE,NASHVILLE,TN,37207,1809,EAST,36.2294,-86.7593,POINT (-86.7593 36.2294)
20190760755,10/17/2019 07:15:00 AM,2,0,0,,N,320575,4,ANGLE,21,CLEAR,1,DAYLIGHT,12,MOTOR VEHICLE IN TRANSPORT,NOLENSVILLE PKE & FLORA MAXWELL RD,NASHVILLE,TN,37211,8701,SOUTH,36.0751,-86.7249,POINT (-86.7249 36.0751)
20190680912,09/13/2019 07:58:00 AM,1,0,0,,N,902543,0,NOT COLLISION W/MOTOR VEHICLE-TRANSPORT,21,CLEAR,1,DAYLIGHT,33,CURB,DOUGLAS AV & LISCHEY AV,NASHVILLE,TN,37207,1909,EAST,36.1936,-86.7633,POINT (-86.7633 36.1936)
20190800763,11/03/2019 04:34:00 PM,1,0,0,,N,320585,0,NOT COLLISION W/MOTOR VEHICLE-TRANSPORT,21,CLEAR,1,DAYLIGHT,11,OTHER ANIMAL,LEBANON PKE & WELLINGTON SQ,NASHVILLE,TN,37214,9403,HERMIT,36.1766,-86.6455,POINT (-86.6455 36.1766)
20190820912,11/12/2019 07:23:00 AM,2,2,0,,N,169421,6,SIDESWIPE - OPPOSITE DIRECTION,21,CLEAR,1,DAYLIGHT,13,MOTOR VEHICLE IN TRANSPORT-OTHER ROADWAY,12TH AVN & WHELESS ST,NASHVILLE,TN,37208,4471,NORTH,36.1784,-86.8048,POINT (-86.8048 36.1784)
20190796524,11/01/2019 03:59:00 PM,3,1,0,,N,330444,6,SIDESWIPE - OPPOSITE DIRECTION,21,CLEAR,1,DAYLIGHT,12,MOTOR VEHICLE IN TRANSPORT,18TH AVE S & ROY ACUFF PL,NASHVILLE,TN,37203,6715,MIDTOW,36.1502,-86.7945,POINT (-86.7945 36.1502)
20190757146,10/15/2019 05:35:00 PM,2,0,0,,N,240976,4,ANGLE,21,CLEAR,1,DAYLIGHT,12,MOTOR VEHICLE IN TRANSPORT,DICKERSON PKE & ROCK ST,NASHVILLE,TN,37207,1829,EAST,36.214,-86.7644,POINT (-86.7644 36.214)
20190855748,11/26/2019 07:10:00 PM,1,0,0,,Y,311328,0,NOT COLLISION W/MOTOR VEHICLE-TRANSPORT,2,RAIN,2,DARK - NOT LIGHTED,36,CONCRETE TRAFFIC BARRIER,MM 209 2 I 40,NASHVILLE,TN,37203,4002,CENTRA,36.1553,-86.7889,POINT (-86.7889 36.1553)
20190876956,12/06/2019 07:15:00 AM,2,0,0,,N,278580,11,Front to Rear,22,CLOUDY,1,DAYLIGHT,12,MOTOR VEHICLE IN TRANSPORT,CLARKSVILLE PKE & ROSA L PARKS BLVD,NASHVILLE,TN,37228,4483,NORTH,36.1889,-86.8231,POINT (-86.8231 36.1889)
20190929188,12/30/2019 08:53:00 AM,2,0,0,,N,109534,4,ANGLE,21,CLEAR,1,DAYLIGHT,12,MOTOR VEHICLE IN TRANSPORT,LEBANON PKE & SHUTE LN,HERMITAGE,TN,37076,9535,HERMIT,36.2146,-86.6047,POINT (-86.6047 36.2146)
20190710401,09/25/2019 04:00:00 PM,2,0,0,,N,320581,4,ANGLE,22,CLOUDY,1,DAYLIGHT,12,MOTOR VEHICLE IN TRANSPORT,EATONS CREEK RD & SULPHUR CREEK RD,NASHVILLE,TN,37218,3211,NORTH,36.2285,-86.8685,POINT (-86.8685 36.2285)
20190774474,10/23/2019 06:33:00 AM,2,0,0,,N,462474,11,Front to Rear,21,CLEAR,1,DAYLIGHT,12,MOTOR VEHICLE IN TRANSPORT,OLD HICKORY BLVD & HICKORY VILLA DR,NASHVILLE,TN,37211,8651,MIDTOW,36.0457,-86.7205,POINT (-86.7205 36.0457)
20190855868,11/26/2019 08:46:00 PM,1,0,0,Y,N,256386,0,NOT COLLISION W/MOTOR VEHICLE-TRANSPORT,2,RAIN,3,DARK - LIGHTED,30,UTILITY POLE,TRAILS END LN & QUAIL RD,NASHVILLE,TN,37214,8991,HERMIT,36.1397,-86.6361,POINT (-86.6361 36.1397)
20190850300,11/24/2019 12:46:00 PM,2,1,0,,N,348631,4,ANGLE,21,CLEAR,5,DUSK,12,MOTOR VEHICLE IN TRANSPORT,KIRKLAND AV & GALLATIN PKE,NASHVILLE,TN,37216,1417,EAST,36.2089,-86.7346,POINT (-86.7346 36.2089)
20190666138,09/07/2019 01:50:00 AM,1,0,0,,Y,481573,9,UNKNOWN,21,CLEAR,3,DARK - LIGHTED,99,UNKNOWN MOST HARMFUL EVENT,HARDING PL & SHADESCREST DR,NASHVILLE,TN,37211,8607,MIDTOW,36.0771,-86.7366,POINT (-86.7366 36.0771)
20190914616,12/22/2019 03:49:00 PM,1,0,0,,N,320597,0,NOT COLLISION W/MOTOR VEHICLE-TRANSPORT,2,RAIN,1,DAYLIGHT,24,GUARDRAIL FACE,MT VIEW RD & OTTENVILLE AV,ANTIOCH,TN,37013,8871,SOUTH,36.0583,-86.669,POINT (-86.669 36.0583)
20190749764,10/12/2019 04:12:00 PM,3,1,0,,N,579971,11,Front to Rear,21,CLEAR,1,DAYLIGHT,12,MOTOR VEHICLE IN TRANSPORT,EZELL PKE & HARDING PL,NASHVILLE,TN,37211,8847,SOUTH,36.0896,-86.6885,POINT (-86.6885 36.0896)
20190931429,12/31/2019 09:00:00 AM,1,0,0,Y,N,306231,0,NOT COLLISION W/MOTOR VEHICLE-TRANSPORT,21,CLEAR,1,DAYLIGHT,40,MAIL BOX,KINGS CT & KINGS LN,NASHVILLE,TN,37218,3165,NORTH,36.2165,-86.8517,POINT (-86.8517 36.2165)
20190851993,11/25/2019 08:36:00 AM,2,0,0,,N,191578,11,Front to Rear,21,CLEAR,1,DAYLIGHT,12,MOTOR VEHICLE IN TRANSPORT,MM 215 5 I 40,NASHVILLE,TN,37217,89020,HERMIT,36.1432,-86.6865,POINT (-86.6865 36.1432)
20190770461,10/21/2019 03:14:00 PM,2,0,0,,Y,384421,11,Front to Rear,2,RAIN,1,DAYLIGHT,12,MOTOR VEHICLE IN TRANSPORT,I40 E ENT RAMP & I 24,NASHVILLE,TN,37217,8816,SOUTH,36.1363,-86.7267,POINT (-86.7267 36.1363)
20190846729,11/22/2019 06:43:00 PM,2,0,0,,Y,212322,5,SIDESWIPE - SAME DIRECTION,21,CLEAR,1,DAYLIGHT,12,MOTOR VEHICLE IN TRANSPORT,MM 58 5 I 24,ANTIOCH,TN,37013,87061,SOUTH,36.0527,-86.6719,POINT (-86.6719 36.0527)
20190879474,12/07/2019 08:45:00 AM,1,0,0,Y,Y,299249,0,NOT COLLISION W/MOTOR VEHICLE-TRANSPORT,21,CLEAR,4,DAWN,32,CULVERT,BONNAWOOD DR & BONNAHURST DR,HERMITAGE,TN,37076,9615,HERMIT,36.2024,-86.6304,POINT (-86.6304 36.2024)
20190809781,11/07/2019 07:01:00 AM,3,0,0,,Y,799013,11,Front to Rear,2,RAIN,1,DAYLIGHT,12,MOTOR VEHICLE IN TRANSPORT,MCGAVOCK PKE & FERNBROOK LN,NASHVILLE,TN,37214,9317,HERMIT,36.1859,-86.6762,POINT (-86.6762 36.1859)
20190720750,09/30/2019 08:00:00 AM,2,0,0,,N,352179,5,SIDESWIPE - SAME DIRECTION,21,CLEAR,1,DAYLIGHT,12;14,MOTOR VEHICLE IN TRANSPORT;PARKED MOTOR VEHICLE,DREXEL ST & 8TH AVS,NASHVILLE,TN,37203,4023,CENTRA,36.1528,-86.7788,POINT (-86.7788 36.1528)
20190448654,08/06/2019 03:53:00 PM,2,1,0,,N,524985,11,Front to Rear,21,CLEAR,1,DAYLIGHT,12;14;63,MOTOR VEHICLE IN TRANSPORT;PARKED MOTOR VEHICLE;Ran Off Road-Right,BORDEAUX PL & STOKERS LNN,NASHVILLE,TN,37207,3015,NORTH,36.2114,-86.8121,POINT (-86.8121 36.2114)
20190657471,09/03/2019 03:50:00 PM,2,0,0,,N,330431,5,SIDESWIPE - SAME DIRECTION,21,CLEAR,1,DAYLIGHT,12,MOTOR VEHICLE IN TRANSPORT,MM 86 5 I 65,NASHVILLE,TN,37207,3006,NORTH,36.1946,-86.7762,POINT (-86.7762 36.1946)
20190844566,11/21/2019 10:09:00 PM,1,2,0,,N,151132,0,NOT COLLISION W/MOTOR VEHICLE-TRANSPORT,22,CLOUDY,3,DARK - LIGHTED,1;34;64,DITCH;Ran Off Road-Left,MYATT DR & FANT INDUSTRIAL DR,MADISON,TN,37115,1715,MADISO,36.2806,-86.6915,POINT (-86.6915 36.2806)
20190687017,09/16/2019 06:22:00 AM,2,1,0,,Y,473670,4,ANGLE,21,CLEAR,1,DAYLIGHT,12,MOTOR VEHICLE IN TRANSPORT,GALLATIN PKE & HOME RD,NASHVILLE,TN,37216,1439,EAST,36.2102,-86.7337,POINT (-86.7337 36.2102)
20190758373,10/16/2019 12:00:00 AM,1,0,0,,Y,384439,0,NOT COLLISION W/MOTOR VEHICLE-TRANSPORT,99,UNKNOWN,9,UNKNOWN,42,TREE,MM 4 7 I 440,NASHVILLE,TN,37204,7014,MIDTOW,36.1157,-86.7771,POINT (-86.7771 36.1157)
20190636048,08/26/2019 12:45:00 AM,1,0,0,Y,N,240982,0,NOT COLLISION W/MOTOR VEHICLE-TRANSPORT,2,RAIN,3,DARK - LIGHTED,24,GUARDRAIL FACE,ELLINGTON PKWYN & ELLINGTON PKWY N ENT R,NASHVILLE,TN,37216,1821,EAST,36.2069,-86.7496,POINT (-86.7496 36.2069)
20190717449,09/28/2019 02:46:00 PM,2,1,0,,N,256446,5,SIDESWIPE - SAME DIRECTION,21,CLEAR,1,DAYLIGHT,12,MOTOR VEHICLE IN TRANSPORT,MURFREESBORO PKE & MAXWELL RD,ANTIOCH,TN,37013,8869,SOUTH,36.0353,-86.5983,POINT (-86.5983 36.0353)
20190914704,12/22/2019 08:11:00 PM,2,0,0,,Y,352192,6,SIDESWIPE - OPPOSITE DIRECTION,2,RAIN,3,DARK - LIGHTED,13,MOTOR VEHICLE IN TRANSPORT-OTHER ROADWAY,WILCLAY DR & MERCOMATIC CT,NASHVILLE,TN,37209,5023,WEST,36.1432,-86.8764,POINT (-86.8764 36.1432)
20190650663,08/31/2019 06:15:00 PM,2,1,0,,N,320577,4,ANGLE,21,CLEAR,1,DAYLIGHT,12,MOTOR VEHICLE IN TRANSPORT,NOLENSVILLE PKE & OLD HICKORY BLVD,NASHVILLE,TN,37211,8717,SOUTH,36.0454,-86.7133,POINT (-86.7133 36.0454)
20190874365,12/05/2019 07:22:00 AM,2,0,0,,N,226622,4,ANGLE,21,CLEAR,1,DAYLIGHT,12,MOTOR VEHICLE IN TRANSPORT,W TYNE DR & HIGHWAY 100,NASHVILLE,TN,37205,6209,WEST,36.0971,-86.8733,POINT (-86.8733 36.0971)
20190724715,10/01/2019 12:00:00 AM,2,0,0,,N,279200,5,SIDESWIPE - SAME DIRECTION,21,CLEAR,3,DARK - LIGHTED,12,MOTOR VEHICLE IN TRANSPORT,BROADWAY & 6TH AVS,NASHVILLE,TN,37203,4089,CENTRA,36.1599,-86.7798,POINT (-86.7798 36.1599)
20190829873,11/15/2019 07:05:00 PM,2,0,0,,N,330435,5,SIDESWIPE - SAME DIRECTION,21,CLEAR,3,DARK - LIGHTED,12,MOTOR VEHICLE IN TRANSPORT,MM 86 5 I 65,NASHVILLE,TN,37207,3006,NORTH,36.1946,-86.7762,POINT (-86.7762 36.1946)
20190740528,10/08/2019 07:36:00 PM,2,1,0,,N,256389,4,ANGLE,21,CLEAR,2,DARK - NOT LIGHTED,12,MOTOR VEHICLE IN TRANSPORT,HARDING PL & TROUSDALE DR,NASHVILLE,TN,37220,8601,MIDTOW,36.0811,-86.7584,POINT (-86.7584 36.0811)
20190875008,12/05/2019 12:21:00 PM,2,0,0,,N,109534,5,SIDESWIPE - SAME DIRECTION,21,CLEAR,1,DAYLIGHT,12,MOTOR VEHICLE IN TRANSPORT,SEASONS DR & FORRESTAL WAY,ANTIOCH,TN,37013,8925,SOUTH,36.0708,-86.5989,POINT (-86.5989 36.0708)
20190903393,12/17/2019 06:40:00 PM,2,0,0,,Y,834813,11,Front to Rear,22,CLOUDY,3,DARK - LIGHTED,12,MOTOR VEHICLE IN TRANSPORT,I24 E EXT RAMP & OLD HICKORY BLVD,WHITES CREEK,TN,37189,3301,NORTH,36.2769,-86.8011,POINT (-86.8011 36.2769)
20190837012,11/19/2019 01:39:00 AM,1,1,0,,N,279203,0,NOT COLLISION W/MOTOR VEHICLE-TRANSPORT,21,CLEAR,2,DARK - NOT LIGHTED,8,PEDESTRIAN,GEORGE L DAVIS BLVD & CHURCH ST,NASHVILLE,TN,37203,4119,CENTRA,36.1584,-86.7906,POINT (-86.7906 36.1584)
20190707668,09/24/2019 03:39:00 PM,2,0,0,,N,169425,4,ANGLE,21,CLEAR,1,DAYLIGHT,12,MOTOR VEHICLE IN TRANSPORT,17TH AVS & BROADWAY,NASHVILLE,TN,37203,5705,MIDTOW,36.1533,-86.794,POINT (-86.794 36.1533)
20190681879,09/13/2019 03:48:00 PM,2,0,0,,N,352184,4,ANGLE,21,CLEAR,1,DAYLIGHT,12,MOTOR VEHICLE IN TRANSPORT,GALLATIN AV & STROUSE AV,NASHVILLE,TN,37206,1363,EAST,36.194,-86.7437,POINT (-86.7437 36.194)
20190618839,08/19/2019 03:05:00 PM,2,0,0,,Y,330445,5,SIDESWIPE - SAME DIRECTION,21,CLEAR,1,DAYLIGHT,12,MOTOR VEHICLE IN TRANSPORT,CHARLOTTE AV & 17TH AVN,NASHVILLE,TN,37203,5425,NORTH,36.1591,-86.7976,POINT (-86.7976 36.1591)
20190649116,08/30/2019 10:45:00 PM,2,0,0,,Y,256377,5,SIDESWIPE - SAME DIRECTION,21,CLEAR,3,DARK - LIGHTED,12,MOTOR VEHICLE IN TRANSPORT,BRILEY PKWYS & BRILEY PKWY S EXT RAMP,NASHVILLE,TN,37210,9098,HERMIT,36.148,-86.6929,POINT (-86.6929 36.148)
20190634998,08/25/2019 12:35:00 PM,2,0,0,,N,343522,4,ANGLE,22,CLOUDY,1,DAYLIGHT,12,MOTOR VEHICLE IN TRANSPORT,HIGHWAY 70S & BELLEVUE VALLEY PLAZA PVTD,NASHVILLE,TN,37221,4901,WEST,36.0754,-86.9181,POINT (-86.9181 36.0754)
20190616828,08/18/2019 08:40:00 PM,2,0,0,,N,279214,11,Front to Rear,21,CLEAR,3,DARK - LIGHTED,12,MOTOR VEHICLE IN TRANSPORT,WEDGEWOOD AV & BRANSFORD AV,NASHVILLE,TN,37203,8053,MIDTOW,36.1333,-86.7688,POINT (-86.7688 36.1333)
20190832294,11/16/2019 10:50:00 PM,1,1,0,,N,352189,0,NOT COLLISION W/MOTOR VEHICLE-TRANSPORT,21,CLEAR,7,Dark-Unknown Lighting,8,PEDESTRIAN,CHARLOTTE AV & 49TH AVN,NASHVILLE,TN,37209,5129,WEST,36.1521,-86.8463,POINT (-86.8463 36.1521)
20190700330,09/21/2019 08:55:00 AM,1,0,0,,N,140790,0,NOT COLLISION W/MOTOR VEHICLE-TRANSPORT,21,CLEAR,1,DAYLIGHT,1;64,Ran Off Road-Left,LEBANON PKE & DOWNEYMEADE DR,NASHVILLE,TN,37214,9403,HERMIT,36.1821,-86.6412,POINT (-86.6412 36.1821)
20190748411,10/11/2019 11:09:00 PM,2,2,0,,N,299274,4,ANGLE,2,RAIN,3,DARK - LIGHTED,12,MOTOR VEHICLE IN TRANSPORT,LEBANON PKE & FAIRWAY DR,NASHVILLE,TN,37214,9109,HERMIT,36.1691,-86.6824,POINT (-86.6824 36.1691)
20190643938,08/29/2019 03:10:00 AM,1,1,0,,N,352153,0,NOT COLLISION W/MOTOR VEHICLE-TRANSPORT,21,CLEAR,3,DARK - LIGHTED,34;41,DITCH;SHRUBBERY,NOLENSVILLE PKE & TUSCULUM RD,NASHVILLE,TN,37211,8715,SOUTH,36.0587,-86.7162,POINT (-86.7162 36.0587)
20190781914,10/26/2019 10:40:00 AM,1,0,0,,N,299249,0,NOT COLLISION W/MOTOR VEHICLE-TRANSPORT,2,RAIN,1,DAYLIGHT,7,,I40 E EXT RAMP & I 40,NASHVILLE,TN,37214,8955,HERMIT,36.155,-86.6271,POINT (-86.6271 36.155)
20190905735,12/18/2019 04:07:00 PM,2,1,0,,N,240966,4,ANGLE,21,CLEAR,1,DAYLIGHT,12,MOTOR VEHICLE IN TRANSPORT,CHICAMAUGA AV & BAILEY ST,NASHVILLE,TN,37206,1931,EAST,36.1848,-86.7495,POINT (-86.7495 36.1848)
20190779813,10/25/2019 10:50:00 AM,2,1,0,,N,693102,4,ANGLE,2,RAIN,1,DAYLIGHT,12,MOTOR VEHICLE IN TRANSPORT,BRILEY PKWYN & GLASTONBURY RD,NASHVILLE,TN,37217,8998,HERMIT,36.1372,-86.6996,POINT (-86.6996 36.1372)
20190599681,08/12/2019 06:49:00 AM,1,0,0,Y,N,306231,0,NOT COLLISION W/MOTOR VEHICLE-TRANSPORT,21,CLEAR,1,DAYLIGHT,39,WALL,YOUNGS LN & ROY ST,NASHVILLE,TN,37207,3011,NORTH,36.2043,-86.8063,POINT (-86.8063 36.2043)
20190618727,08/19/2019 01:25:00 PM,2,0,0,,Y,717341,4,ANGLE,21,CLEAR,1,DAYLIGHT,14,PARKED MOTOR VEHICLE,BOAZ LN & AVERY PARK DR,ANTIOCH,TN,37013,8759,SOUTH,36.0177,-86.7002,POINT (-86.7002 36.0177)
20190681814,09/13/2019 03:08:00 PM,2,0,0,,N,717341,16,Rear to Side,21,CLEAR,1,DAYLIGHT,14,PARKED MOTOR VEHICLE,TURLEY DR & DADE DR,NASHVILLE,TN,37211,8707,SOUTH,36.0743,-86.7087,POINT (-86.7087 36.0743)
20190804528,11/05/2019 07:10:00 AM,2,0,0,,N,191578,5,SIDESWIPE - SAME DIRECTION,21,CLEAR,1,DAYLIGHT,12,MOTOR VEHICLE IN TRANSPORT,SPENCE LN & ELM HILL PKE,NASHVILLE,TN,37210,9015,HERMIT,36.1427,-86.7219,POINT (-86.7219 36.1427)
20190668793,09/08/2019 12:15:00 PM,2,0,0,,N,571313,4,ANGLE,21,CLEAR,1,DAYLIGHT,12,MOTOR VEHICLE IN TRANSPORT,16TH AVS & MCGAVOCK ST,NASHVILLE,TN,37203,5701,MIDTOW,36.153,-86.792,POINT (-86.792 36.153)
20190682610,09/13/2019 08:18:00 PM,2,0,0,,N,151131,5,SIDESWIPE - SAME DIRECTION,21,CLEAR,3,DARK - LIGHTED,12;14,MOTOR VEHICLE IN TRANSPORT;PARKED MOTOR VEHICLE,14TH AVN & CLAY ST,NASHVILLE,TN,37208,4411,NORTH,36.1827,-86.8087,POINT (-86.8087 36.1827)
20190844429,11/21/2019 08:35:00 PM,2,0,0,,Y,151132,11,Front to Rear,22,CLOUDY,3,DARK - LIGHTED,12,MOTOR VEHICLE IN TRANSPORT,BRILEY PKWY E ENT RAMP & BRILEY PKWYE,NASHVILLE,TN,37216,1503,EAST,36.2342,-86.7207,POINT (-86.7207 36.2342)
20190927617,12/29/2019 02:08:00 PM,2,2,0,,N,320601,4,ANGLE,2,RAIN,1,DAYLIGHT,12,MOTOR VEHICLE IN TRANSPORT,MM 56 7 I 24,NASHVILLE,TN,37211,8810,SOUTH,36.0726,-86.6916,POINT (-86.6916 36.0726)
20190600564,08/12/2019 01:48:00 PM,2,0,0,,N,320595,11,Front to Rear,21,CLEAR,1,DAYLIGHT,12,MOTOR VEHICLE IN TRANSPORT,BRILEY PKWY & BRILEY PKWYS,NASHVILLE,TN,37209,4637,WEST,36.1539,-86.8575,POINT (-86.8575 36.1539)
20190606024,08/14/2019 12:30:00 PM,2,0,0,,N,279227,5,SIDESWIPE - SAME DIRECTION,21,CLEAR,1,DAYLIGHT,12,MOTOR VEHICLE IN TRANSPORT,TUSCULUM RD & COLERIDGE DR,NASHVILLE,TN,37211,8717,SOUTH,36.0548,-86.6942,POINT (-86.6942 36.0548)
20190624633,08/21/2019 01:57:00 PM,2,0,0,,Y,109534,3,REAR-TO-REAR,21,CLEAR,1,DAYLIGHT,14;99,PARKED MOTOR VEHICLE;UNKNOWN MOST HARMFUL EVENT,CENTRAL PKE & CRYSTAL SPRING LN,HERMITAGE,TN,37076,9529,HERMIT,36.1743,-86.6108,POINT (-86.6108 36.1743)
20190774522,10/23/2019 08:05:00 AM,2,0,0,,N,343522,11,Front to Rear,21,CLEAR,1,DAYLIGHT,12,MOTOR VEHICLE IN TRANSPORT,HARDING PKE & BROOK HOLLOW RD,NASHVILLE,TN,37205,4913,WEST,36.095,-86.8804,POINT (-86.8804 36.095)
20190801776,11/04/2019 05:25:00 AM,2,0,0,,Y,352205,5,SIDESWIPE - SAME DIRECTION,21,CLEAR,4,DAWN,12,MOTOR VEHICLE IN TRANSPORT,STATE HWY 155 & CORPORATE DR,NASHVILLE,TN,37217,8998,HERMIT,36.1334,-86.6966,POINT (-86.6966 36.1334)
20190914578,12/22/2019 06:09:00 PM,4,2,0,Y,Y,320599,4,ANGLE,2,RAIN,3,DARK - LIGHTED,12;63;71,MOTOR VEHICLE IN TRANSPORT;Ran Off Road-Right;EMBANKMENT EARTH,EDGE O LAKE DR & MURFREESBORO PKE,NASHVILLE,TN,37217,8939,HERMIT,36.0797,-86.6443,POINT (-86.6443 36.0797)
20190800270,11/03/2019 09:45:00 AM,2,0,0,,N,620061,98,OTHER,21,CLEAR,1,DAYLIGHT,12,MOTOR VEHICLE IN TRANSPORT,ADAMWOOD DR & WHISPERING HILLS DR,NASHVILLE,TN,37211,8661,MIDTOW,36.0707,-86.7304,POINT (-86.7304 36.0707)
20190645248,08/29/2019 01:42:00 PM,2,0,0,,N,256389,11,Front to Rear,21,CLEAR,1,DAYLIGHT,12,MOTOR VEHICLE IN TRANSPORT,HILLSBORO PKE & GREEN HILLS VILLAGE DR,NASHVILLE,TN,37215,6411,MIDTOW,36.107,-86.8132,POINT (-86.8132 36.107)
20190777177,10/24/2019 09:18:00 AM,2,0,0,,N,134899,5,SIDESWIPE - SAME DIRECTION,21,CLEAR,1,DAYLIGHT,12,MOTOR VEHICLE IN TRANSPORT,LEBANON PKE & PARK DR,NASHVILLE,TN,37214,9307,HERMIT,36.1697,-86.677,POINT (-86.677 36.1697)
20190751851,10/13/2019 06:43:00 PM,2,1,0,,N,384450,11,Front to Rear,21,CLEAR,2,DARK - NOT LIGHTED,12,MOTOR VEHICLE IN TRANSPORT,MM 38 6 I 24,WHITES CREEK,TN,37189,33181,NORTH,36.3026,-86.8128,POINT (-86.8128 36.3026)
20190930414,12/30/2019 06:00:00 PM,2,0,0,,Y,311328,5,SIDESWIPE - SAME DIRECTION,21,CLEAR,3,DARK - LIGHTED,14,PARKED MOTOR VEHICLE,ALMOND ST & MOLLOY ST,NASHVILLE,TN,37201,4053,CENTRA,36.1585,-86.7748,POINT (-86.7748 36.1585)
20190607980,08/15/2019 07:15:00 AM,2,0,0,,N,191578,5,SIDESWIPE - SAME DIRECTION,21,CLEAR,1,DAYLIGHT,12,MOTOR VEHICLE IN TRANSPORT,FESSLERS LN & RUNDLE AV,NASHVILLE,TN,37210,8215,HERMIT,36.1467,-86.7438,POINT (-86.7438 36.1467)
20190602996,08/13/2019 11:15:00 AM,1,0,0,Y,N,676834,0,NOT COLLISION W/MOTOR VEHICLE-TRANSPORT,21,CLEAR,1,DAYLIGHT,27,H-WAY TRAFFIC SIGNAL POST,DR D B TODD JR BLVD & PEARL ST,NASHVILLE,TN,37203,5357,NORTH,36.1589,-86.8008,POINT (-86.8008 36.1589)
20190603775,08/13/2019 04:44:00 PM,2,0,0,,N,256426,11,Front to Rear,2,RAIN,1,DAYLIGHT,12,MOTOR VEHICLE IN TRANSPORT,MM 212 3 I 40,NASHVILLE,TN,37210,8206,HERMIT,36.1447,-86.7399,POINT (-86.7399 36.1447)
20190678060,09/12/2019 07:38:00 AM,2,0,0,,N,109534,11,Front to Rear,21,CLEAR,1,DAYLIGHT,12,MOTOR VEHICLE IN TRANSPORT,MM 214 3 I 40,NASHVILLE,TN,37217,88021,HERMIT,36.1425,-86.7089,POINT (-86.7089 36.1425)
20190719756,09/29/2019 05:15:00 PM,2,0,0,,Y,320603,11,Front to Rear,21,CLEAR,3,DARK - LIGHTED,12,MOTOR VEHICLE IN TRANSPORT,SAWYER BROWN RD & TODD PREIS DR,NASHVILLE,TN,37221,4811,WEST,36.0712,-86.9471,POINT (-86.9471 36.0712)
20190800373,11/03/2019 10:55:00 AM,2,0,0,Y,Y,352179,5,SIDESWIPE - SAME DIRECTION,21,CLEAR,1,DAYLIGHT,12;14;19;42;64,MOTOR VEHICLE IN TRANSPORT;PARKED MOTOR VEHICLE;BUILDING;TREE;Ran Off Road-Left,MOOREWOOD DR & WILMOTH RD,NASHVILLE,TN,37207,2005,MADISO,36.2356,-86.7751,POINT (-86.7751 36.2356)
20190710793,09/25/2019 06:30:00 PM,2,0,0,,N,420040,5,SIDESWIPE - SAME DIRECTION,22,CLOUDY,1,DAYLIGHT,14,PARKED MOTOR VEHICLE,BELMONT BLVD & ACKLEN AV,NASHVILLE,TN,37212,6611,MIDTOW,36.1351,-86.7956,POINT (-86.7956 36.1351)
20190860171,11/28/2019 10:30:00 PM,1,0,0,,Y,352153,0,NOT COLLISION W/MOTOR VEHICLE-TRANSPORT,22,CLOUDY,3,DARK - LIGHTED,33,CURB,MURFREESBORO PKE & I24 W EXT RAMP,NASHVILLE,TN,37217,8801,SOUTH,36.1348,-86.7236,POINT (-86.7236 36.1348)
20190886023,12/10/2019 10:15:00 AM,2,2,0,,N,591936,4,ANGLE,22,CLOUDY,1,DAYLIGHT,12,MOTOR VEHICLE IN TRANSPORT,FRANKLIN PKE & KIRKWOOD AV,NASHVILLE,TN,37204,6957,MIDTOW,36.1209,-86.7753,POINT (-86.7753 36.1209)
20190605557,08/14/2019 07:15:00 AM,2,0,0,,Y,665896,6,SIDESWIPE - OPPOSITE DIRECTION,21,CLEAR,1,DAYLIGHT,12,MOTOR VEHICLE IN TRANSPORT,DICKERSON PKE & ROCK ST,NASHVILLE,TN,37207,1829,EAST,36.214,-86.7644,POINT (-86.7644 36.214)
20190920490,12/25/2019 11:21:00 PM,2,0,0,,N,256376,5,SIDESWIPE - SAME DIRECTION,21,CLEAR,2,DARK - NOT LIGHTED,12;24,MOTOR VEHICLE IN TRANSPORT;GUARDRAIL FACE,MM 37 2 I 24,WHITES CREEK,TN,37189,2212,NORTH,36.3151,-86.8326,POINT (-86.8326 36.3151)