Accident Number,Date and Time,Number of Motor Vehicles,Number of Injuries,Number of Fatalities,Property Damage,Hit and Run,Reporting Officer,Collision Type Code,Collision Type Description,Weather Code,Weather Description,Illumination Code,Illumination Description,Harmful Code,Harmful Code Description,Street Address,City,State,ZIP,RPA,Precinct,Latitude,Longitude,Mapped Location
20190860308,11/29/2019 12:15:00 AM,2,0,0,,Y,179603,11,Front to Rear,21,CLEAR,3,DARK - LIGHTED,12,MOTOR VEHICLE IN TRANSPORT,MM 89 0 I 65,NASHVILLE,TN,37207,20020,MADISO,36.2309,-86.7709,POINT (-86.7709 36.2309)
20190780911,10/25/2019 09:00:00 PM,1,1,0,,N,256394,0,NOT COLLISION W/MOTOR VEHICLE-TRANSPORT,2,RAIN,3,DARK - LIGHTED,8,PEDESTRIAN,NASHBORO BLVD & MURFREESBORO PKE,NASHVILLE,TN,37217,8935,HERMIT,36.0884,-86.6478,POINT (-86.6478 36.0884)
20190813383,11/08/2019 05:55:00 PM,2,4,0,,N,240983,2,HEAD-ON,21,CLEAR,3,DARK - LIGHTED,12,MOTOR VEHICLE IN TRANSPORT,BLUE HOLE RD & BELL RD,ANTIOCH,TN,37013,8719,SOUTH,36.0458,-86.6744,POINT (-86.6744 36.0458)
20190585070,08/06/2019 05:35:00 PM,2,0,0,,N,664196,5,SIDESWIPE - SAME DIRECTION,21,CLEAR,1,DAYLIGHT,12,MOTOR VEHICLE IN TRANSPORT,OLD HICKORY BLVD & WESTPARK DR,NASHVILLE,TN,37220,7111,MIDTOW,36.0382,-86.8009,POINT (-86.8009 36.0382)
20190592427,08/09/2019 07:15:00 AM,2,0,0,,N,594473,4,ANGLE,21,CLEAR,1,DAYLIGHT,12,MOTOR VEHICLE IN TRANSPORT,FRANKLIN PKE & FRANKLIN PKE SB ENT RAMP,NASHVILLE,TN,37204,7001,MIDTOW,36.1115,-86.7734,POINT (-86.7734 36.1115)
20190788159,10/29/2019 08:09:00 AM,2,1,0,,N,320574,4,ANGLE,22,CLOUDY,1,DAYLIGHT,12,MOTOR VEHICLE IN TRANSPORT,MURFREESBORO PKE & UNA ANTIOCH PKE,NASHVILLE,TN,37217,8937,HERMIT,36.0854,-86.6479,POINT (-86.6479 36.0854)
20190818351,11/11/2019 03:51:00 AM,1,1,0,,N,197060,0,NOT COLLISION W/MOTOR VEHICLE-TRANSPORT,21,CLEAR,3,DARK - LIGHTED,42,TREE,1137 N GRAYCROFT AV,MADISON,TN,37115,1739,MADISO,36.284,-86.7183,POINT (-86.7183 36.284)
20190685776,09/15/2019 12:31:00 PM,2,0,0,,Y,140804,5,SIDESWIPE - SAME DIRECTION,21,CLEAR,1,DAYLIGHT,12,MOTOR VEHICLE IN TRANSPORT,ARDEE AV & GALLATIN PKE,NASHVILLE,TN,37216,1425,EAST,36.2196,-86.7274,POINT (-86.7274 36.2196)
20190803370,11/04/2019 05:33:00 PM,2,0,0,,N,197070,5,SIDESWIPE - SAME DIRECTION,21,CLEAR,1,DAYLIGHT,12,MOTOR VEHICLE IN TRANSPORT,HERMAN ST & BLANK ST,NASHVILLE,TN,37208,5419,NORTH,36.1651,-86.8013,POINT (-86.8013 36.1651)
20190762112,10/17/2019 06:51:00 PM,2,0,0,,N,909486,4,ANGLE,21,CLEAR,3,DARK - LIGHTED,12,MOTOR VEHICLE IN TRANSPORT,HARDING PL & OVERCREST DR,NASHVILLE,TN,37211,8609,MIDTOW,36.0772,-86.7336,POINT (-86.7336 36.0772)
20190657026,09/03/2019 11:30:00 AM,2,0,0,,N,755026,11,Front to Rear,21,CLEAR,1,DAYLIGHT,12,MOTOR VEHICLE IN TRANSPORT,MM 53 2 I 24,NASHVILLE,TN,37210,83020,SOUTH,36.116,-86.7253,POINT (-86.7253 36.116)
20190854272,11/26/2019 06:32:00 AM,1,1,0,Y,N,311799,0,NOT COLLISION W/MOTOR VEHICLE-TRANSPORT,22,CLOUDY,1,DAYLIGHT,20,IMPACT ATTENUATOR,I65 S EXT RAMP & I 65,MADISON,TN,37115,20044,MADISO,36.2481,-86.743,POINT (-86.743 36.2481)
20190668206,09/08/2019 12:00:00 AM,2,0,0,,Y,320591,11,Front to Rear,21,CLEAR,3,DARK - LIGHTED,12,MOTOR VEHICLE IN TRANSPORT,NOLENSVILLE PKE & OLD HICKORY BLVD,NASHVILLE,TN,37211,8717,SOUTH,36.0454,-86.7133,POINT (-86.7133 36.0454)
20190886291,12/10/2019 12:20:00 PM,1,0,0,,Y,716886,0,NOT COLLISION W/MOTOR VEHICLE-TRANSPORT,22,CLOUDY,1,DAYLIGHT,34,DITCH,CITATION DR & CITATION CT,NASHVILLE,TN,37217,8849,SOUTH,36.1014,-86.6698,POINT (-86.6698 36.1014)
20190877511,12/06/2019 11:25:00 AM,2,2,0,,N,716886,2,HEAD-ON,2,RAIN,1,DAYLIGHT,12,MOTOR VEHICLE IN TRANSPORT,ANTIOCH PKE & METROPLEX DR,NASHVILLE,TN,37211,8845,SOUTH,36.0959,-86.7022,POINT (-86.7022 36.0959)
20190854939,11/26/2019 12:10:00 PM,2,3,0,,N,226622,4,ANGLE,22,CLOUDY,1,DAYLIGHT,12,MOTOR VEHICLE IN TRANSPORT,MURPHY RD & 45TH AVN,NASHVILLE,TN,37209,5205,WEST,36.141,-86.8404,POINT (-86.8404 36.141)
20190794134,10/31/2019 03:15:00 PM,2,0,0,,N,905011,4,ANGLE,22,CLOUDY,1,DAYLIGHT,12,MOTOR VEHICLE IN TRANSPORT,US HWY 70 & 14TH AVE,NASHVILLE,TN,37203,5425,NORTH,36.1612,-86.7949,POINT (-86.7949 36.1612)
20190852543,11/25/2019 01:45:00 PM,2,0,0,,N,334981,5,SIDESWIPE - SAME DIRECTION,21,CLEAR,1,DAYLIGHT,12,MOTOR VEHICLE IN TRANSPORT,1900 20TH AVN,NASHVILLE,TN,37203,5507,MIDTOW,36.1562,-86.8029,POINT (-86.8029 36.1562)
20190633897,08/24/2019 09:12:00 PM,2,0,0,,N,298871,11,Front to Rear,21,CLEAR,3,DARK - LIGHTED,12,MOTOR VEHICLE IN TRANSPORT,ELLISTON PL & 21ST AVN,NASHVILLE,TN,37203,5601,MIDTOW,36.1522,-86.8031,POINT (-86.8031 36.1522)
20190900048,12/16/2019 11:30:00 AM,2,0,0,,N,402660,11,Front to Rear,3,"SLEET, HAIL",1,DAYLIGHT,12,MOTOR VEHICLE IN TRANSPORT,CHARLOTTE AV & 45TH AVN,NASHVILLE,TN,37209,5203,WEST,36.1522,-86.8411,POINT (-86.8411 36.1522)
20190756128,10/15/2019 11:16:00 AM,2,0,0,,N,206962,11,Front to Rear,21,CLEAR,1,DAYLIGHT,12,MOTOR VEHICLE IN TRANSPORT,US HWY 31W & -UNKNOWN RAMP/ROAD -,NASHVILLE,TN,37207,1995,EAST,36.1732,-86.7656,POINT (-86.7656 36.1732)
20190695319,09/19/2019 06:55:00 AM,2,0,0,,Y,191578,4,ANGLE,21,CLEAR,1,DAYLIGHT,14;55,PARKED MOTOR VEHICLE;Motor Vehicle-In-Motion Outside Trafficw,TWO RIVERS PARK PVTDR & MCGAVOCK PKE,NASHVILLE,TN,37214,9221,HERMIT,36.1851,-86.6792,POINT (-86.6792 36.1851)
20190885937,12/10/2019 08:13:00 AM,2,0,0,,Y,414731,6,SIDESWIPE - OPPOSITE DIRECTION,22,CLOUDY,1,DAYLIGHT,12,MOTOR VEHICLE IN TRANSPORT,SUMMERCREST TRL & SUMMERCREST BLVD,ANTIOCH,TN,37013,8867,SOUTH,36.0434,-86.6182,POINT (-86.6182 36.0434)
20190679353,09/12/2019 05:38:00 PM,2,0,0,,Y,299238,5,SIDESWIPE - SAME DIRECTION,21,CLEAR,1,DAYLIGHT,12,MOTOR VEHICLE IN TRANSPORT,GALLATIN AV & EASTLAND AV,NASHVILLE,TN,37206,1243,EAST,36.1838,-86.7484,POINT (-86.7484 36.1838)
20190747841,10/11/2019 05:35:00 PM,2,0,0,,N,256448,11,Front to Rear,2,RAIN,1,DAYLIGHT,12,MOTOR VEHICLE IN TRANSPORT,ELM HILL PKE & MCGAVOCK PKE,NASHVILLE,TN,37214,9115,HERMIT,36.1528,-86.6834,POINT (-86.6834 36.1528)
20190897572,12/15/2019 12:00:00 AM,2,0,0,,Y,298866,9,UNKNOWN,21,CLEAR,2,DARK - NOT LIGHTED,99,UNKNOWN MOST HARMFUL EVENT,WHITE BRIDGE PL & WHITE BRIDGE PKE,NASHVILLE,TN,37209,5101,WEST,36.1512,-86.8578,POINT (-86.8578 36.1512)
20190796636,11/01/2019 04:50:00 PM,2,0,0,,N,352156,11,Front to Rear,21,CLEAR,1,DAYLIGHT,12,MOTOR VEHICLE IN TRANSPORT,BRILEY PKWYS & BRILEY PKWYN,NASHVILLE,TN,37218,3212,NORTH,36.2142,-86.8724,POINT (-86.8724 36.2142)
20190618443,08/19/2019 12:11:00 PM,2,1,0,,N,716886,4,ANGLE,21,CLEAR,1,DAYLIGHT,12,MOTOR VEHICLE IN TRANSPORT,APOLLO DR & JASON DR,ANTIOCH,TN,37013,8899,SOUTH,36.0722,-86.6668,POINT (-86.6668 36.0722)
20190618810,08/19/2019 12:00:00 AM,2,0,0,,N,311333,5,SIDESWIPE - SAME DIRECTION,21,CLEAR,1,DAYLIGHT,12,MOTOR VEHICLE IN TRANSPORT,MURFREESBORO PKE & HOBSON PKE,ANTIOCH,TN,37013,8927,SOUTH,36.043,-86.6066,POINT (-86.6066 36.043)
20190698866,09/20/2019 04:45:00 PM,2,0,0,,N,299267,4,ANGLE,21,CLEAR,1,DAYLIGHT,12,MOTOR VEHICLE IN TRANSPORT,17TH AVS & MCGAVOCK ST,NASHVILLE,TN,37203,5703,MIDTOW,36.1527,-86.7935,POINT (-86.7935 36.1527)
20190918664,12/24/2019 05:43:00 PM,3,3,0,,N,306230,4,ANGLE,21,CLEAR,3,DARK - LIGHTED,12;14,MOTOR VEHICLE IN TRANSPORT;PARKED MOTOR VEHICLE,16TH AVN & BUCHANAN ST,NASHVILLE,TN,37208,4413,NORTH,36.1804,-86.81,POINT (-86.81 36.1804)
20190700554,09/21/2019 11:44:00 AM,2,0,0,,N,633381,11,Front to Rear,21,CLEAR,1,DAYLIGHT,12,MOTOR VEHICLE IN TRANSPORT,I24 W EXT RAMP & I 24,NASHVILLE,TN,37211,8829,SOUTH,36.1074,-86.7197,POINT (-86.7197 36.1074)
20190784006,10/27/2019 03:33:00 PM,2,0,0,,N,256446,11,Front to Rear,21,CLEAR,1,DAYLIGHT,12,MOTOR VEHICLE IN TRANSPORT,I24 W EXT RAMP & OLD HICKORY BLVD,ANTIOCH,TN,37013,8869,SOUTH,36.0151,-86.6203,POINT (-86.6203 36.0151)
20190812852,11/08/2019 12:47:00 PM,4,2,0,,Y,191578,11,Front to Rear,21,CLEAR,1,DAYLIGHT,12,MOTOR VEHICLE IN TRANSPORT,MM 218 3 I 40,NASHVILLE,TN,37214,9404,HERMIT,36.1498,-86.6391,POINT (-86.6391 36.1498)
20190719244,09/29/2019 12:40:00 PM,2,1,0,,N,352201,5,SIDESWIPE - SAME DIRECTION,21,CLEAR,1,DAYLIGHT,12,MOTOR VEHICLE IN TRANSPORT,MM 214 2 I 40,NASHVILLE,TN,37210,90062,HERMIT,36.1424,-86.7107,POINT (-86.7107 36.1424)
20190675979,09/11/2019 11:45:00 AM,2,0,0,,N,191578,5,SIDESWIPE - SAME DIRECTION,21,CLEAR,1,DAYLIGHT,12,MOTOR VEHICLE IN TRANSPORT,MM 213 5 I 40,NASHVILLE,TN,37210,90062,HERMIT,36.1406,-86.7215,POINT (-86.7215 36.1406)
20190889607,12/11/2019 04:24:00 PM,3,0,0,,Y,320599,11,Front to Rear,21,CLEAR,5,DUSK,12,MOTOR VEHICLE IN TRANSPORT,I24 W ENT RAMP & I 40,NASHVILLE,TN,37217,8818,HERMIT,36.1397,-86.7275,POINT (-86.7275 36.1397)
20190927452,12/29/2019 11:15:00 AM,2,2,0,,N,262757,4,ANGLE,2,RAIN,1,DAYLIGHT,12,MOTOR VEHICLE IN TRANSPORT,MM 215 4 I 40,NASHVILLE,TN,37217,89020,HERMIT,36.1434,-86.6882,POINT (-86.6882 36.1434)
20190780829,10/25/2019 08:05:00 PM,4,0,0,,N,256448,4,ANGLE,2,RAIN,3,DARK - LIGHTED,12,MOTOR VEHICLE IN TRANSPORT,ROYAL PKWY & AIRPORT CENTER DR,NASHVILLE,TN,37214,9411,HERMIT,36.1455,-86.6627,POINT (-86.6627 36.1455)
20190642836,08/28/2019 04:32:00 PM,2,1,0,,N,240955,11,Front to Rear,21,CLEAR,1,DAYLIGHT,12,MOTOR VEHICLE IN TRANSPORT,HOBSON PKE & MARITIME PORT,ANTIOCH,TN,37013,8927,SOUTH,36.0554,-86.5988,POINT (-86.5988 36.0554)
20190719876,09/29/2019 07:37:00 PM,2,0,0,,N,298858,5,SIDESWIPE - SAME DIRECTION,21,CLEAR,3,DARK - LIGHTED,12,MOTOR VEHICLE IN TRANSPORT,JEFFERSON ST & 1ST AVN,NASHVILLE,TN,37201,4231,CENTRA,36.176,-86.7806,POINT (-86.7806 36.176)
20190626761,08/22/2019 08:00:00 AM,2,0,0,,N,226622,4,ANGLE,21,CLEAR,1,DAYLIGHT,12,MOTOR VEHICLE IN TRANSPORT,39TH AVN & DR WALTER S DAVIS BLVD,NASHVILLE,TN,37209,4507,WEST,36.1662,-86.835,POINT (-86.835 36.1662)
20190622291,08/20/2019 06:02:00 PM,2,0,0,,N,299241,4,ANGLE,21,CLEAR,1,DAYLIGHT,12,MOTOR VEHICLE IN TRANSPORT,OLD HICKORY BLVD & PITTS AV,OLD HICKORY,TN,37138,9711,HERMIT,36.2392,-86.6305,POINT (-86.6305 36.2392)
20190672632,09/10/2019 07:08:00 AM,2,1,0,,N,716886,4,ANGLE,21,CLEAR,1,DAYLIGHT,12,MOTOR VEHICLE IN TRANSPORT,FOSTER AV & LYLE LN,NASHVILLE,TN,37210,8111,SOUTH,36.1282,-86.7421,POINT (-86.7421 36.1282)
20190870809,12/03/2019 08:30:00 PM,2,0,0,Y,Y,332215,11,Front to Rear,21,CLEAR,3,DARK - LIGHTED,14,PARKED MOTOR VEHICLE,ELKINS AV & 35TH AVN,NASHVILLE,TN,37209,5243,WEST,36.1506,-86.826,POINT (-86.826 36.1506)
20190756803,10/15/2019 04:47:00 PM,2,0,0,,N,468160,11,Front to Rear,21,CLEAR,1,DAYLIGHT,12,MOTOR VEHICLE IN TRANSPORT,STATE HWY 255 & CONNECTING ROAD,NASHVILLE,TN,37214,8953,HERMIT,36.1387,-86.6654,POINT (-86.6654 36.1387)
20190825522,11/14/2019 12:45:00 AM,2,0,0,,N,352209,5,SIDESWIPE - SAME DIRECTION,21,CLEAR,3,DARK - LIGHTED,12,MOTOR VEHICLE IN TRANSPORT,5TH AVN & UNION ST,NASHVILLE,TN,37219,4141,CENTRA,36.1643,-86.7809,POINT (-86.7809 36.1643)
20190827313,11/14/2019 05:50:00 PM,2,0,0,,N,330413,11,Front to Rear,21,CLEAR,3,DARK - LIGHTED,12,MOTOR VEHICLE IN TRANSPORT,MM 79 2 I 65,NASHVILLE,TN,37204,8504,MIDTOW,36.1029,-86.7655,POINT (-86.7655 36.1029)
20190788095,10/29/2019 07:41:00 AM,2,0,0,,N,332253,4,ANGLE,22,CLOUDY,1,DAYLIGHT,12,MOTOR VEHICLE IN TRANSPORT,OLD HICKORY BLVDW & WALKER ST,MADISON,TN,37115,1743,MADISO,36.2638,-86.7194,POINT (-86.7194 36.2638)
20190904223,12/18/2019 03:28:00 AM,2,2,0,,N,226175,11,Front to Rear,21,CLEAR,3,DARK - LIGHTED,12,MOTOR VEHICLE IN TRANSPORT,I40 W ENT RAMP & I 40,NASHVILLE,TN,37210,9007,HERMIT,36.1484,-86.7454,POINT (-86.7454 36.1484)
20190685016,09/15/2019 12:57:00 AM,2,0,0,,Y,166477,11,Front to Rear,21,CLEAR,3,DARK - LIGHTED,12,MOTOR VEHICLE IN TRANSPORT,MM 52 9 I 24,NASHVILLE,TN,37217,8816,SOUTH,36.1206,-86.7268,POINT (-86.7268 36.1206)
20190742297,10/09/2019 01:00:00 PM,2,0,0,,N,676834,4,ANGLE,21,CLEAR,1,DAYLIGHT,12,MOTOR VEHICLE IN TRANSPORT,JEFFERSON ST & DR D B TODD JR BLVD,NASHVILLE,TN,37208,5325,NORTH,36.1694,-86.807,POINT (-86.807 36.1694)
20190720841,09/30/2019 07:14:00 AM,2,0,0,,N,240952,11,Front to Rear,21,CLEAR,1,DAYLIGHT,12,MOTOR VEHICLE IN TRANSPORT,OLD HICKORY BLVD & LOGISTICS WAY,ANTIOCH,TN,37013,8869,SOUTH,36.0286,-86.614,POINT (-86.614 36.0286)
20190687350,09/16/2019 09:13:00 AM,2,0,0,,N,571313,11,Front to Rear,21,CLEAR,1,DAYLIGHT,12,MOTOR VEHICLE IN TRANSPORT,WEDGEWOOD AV & 8TH AVS,NASHVILLE,TN,37204,6919,MIDTOW,36.1343,-86.7796,POINT (-86.7796 36.1343)
20190652724,09/01/2019 04:09:00 PM,2,0,0,,N,887598,11,Front to Rear,21,CLEAR,1,DAYLIGHT,12,MOTOR VEHICLE IN TRANSPORT,BEAR HOLLOW RD & BERNARD RD,WHITES CREEK,TN,37189,3347,NORTH,36.2969,-86.8882,POINT (-86.8882 36.2969)
20190786310,10/28/2019 03:13:00 PM,2,0,0,,N,384423,5,SIDESWIPE - SAME DIRECTION,21,CLEAR,1,DAYLIGHT,12,MOTOR VEHICLE IN TRANSPORT,HIGHWAY 70S & COLEY DAVIS RD,NASHVILLE,TN,37221,4811,WEST,36.0796,-86.9536,POINT (-86.9536 36.0796)
20190835893,11/18/2019 01:49:00 PM,2,0,0,,N,279116,5,SIDESWIPE - SAME DIRECTION,21,CLEAR,1,DAYLIGHT,14,PARKED MOTOR VEHICLE,1 RAINS AV,NASHVILLE,TN,37203,8019,MIDTOW,36.1345,-86.7657,POINT (-86.7657 36.1345)
20190692459,09/18/2019 07:18:00 AM,2,0,0,,N,191578,4,ANGLE,21,CLEAR,1,DAYLIGHT,12,MOTOR VEHICLE IN TRANSPORT,SPENCE LN & LEBANON PKE,NASHVILLE,TN,37210,9019,HERMIT,36.1537,-86.7216,POINT (-86.7216 36.1537)
20190912659,12/21/2019 03:45:00 PM,3,0,0,,N,299266,11,Front to Rear,21,CLEAR,1,DAYLIGHT,12,MOTOR VEHICLE IN TRANSPORT,MM 59 2 I 24,ANTIOCH,TN,37013,87061,SOUTH,36.0467,-86.6614,POINT (-86.6614 36.0467)
20190841755,11/20/2019 07:11:00 PM,2,1,0,,Y,299241,4,ANGLE,21,CLEAR,7,Dark-Unknown Lighting,12,MOTOR VEHICLE IN TRANSPORT,STATE HWY 255 & SHACKLETT DR,NASHVILLE,TN,37214,9103,HERMIT,36.1454,-86.6668,POINT (-86.6668 36.1454)
20190731754,10/04/2019 03:30:00 PM,2,0,0,,N,299253,4,ANGLE,21,CLEAR,1,DAYLIGHT,12,MOTOR VEHICLE IN TRANSPORT,E TRINITY LN & OAKWOOD AV,NASHVILLE,TN,37207,1887,EAST,36.2048,-86.7524,POINT (-86.7524 36.2048)
20190891123,12/12/2019 08:00:00 AM,3,1,0,,N,633381,11,Front to Rear,21,CLEAR,1,DAYLIGHT,12,MOTOR VEHICLE IN TRANSPORT,BELL RD & HICKORY HOLLOW TER,ANTIOCH,TN,37013,8865,SOUTH,36.3008,-86.6948,POINT (-86.6948 36.3008)
20190667074,09/07/2019 02:24:00 PM,2,0,0,,Y,579971,4,ANGLE,21,CLEAR,1,DAYLIGHT,12,MOTOR VEHICLE IN TRANSPORT,MURFREESBORO PKE & THOMPSON PL,NASHVILLE,TN,37217,8879,SOUTH,36.1267,-86.7111,POINT (-86.7111 36.1267)
20190650460,08/31/2019 02:35:00 PM,2,0,0,,N,298863,4,ANGLE,21,CLEAR,1,DAYLIGHT,12,MOTOR VEHICLE IN TRANSPORT,8TH AVS & LAFAYETTE ST,NASHVILLE,TN,37203,4043,CENTRA,36.1546,-86.7792,POINT (-86.7792 36.1546)
20190791575,10/30/2019 02:37:00 PM,1,0,0,Y,N,240983,0,NOT COLLISION W/MOTOR VEHICLE-TRANSPORT,2,RAIN,1,DAYLIGHT,24;64;68,GUARDRAIL FACE;Ran Off Road-Left;Cross Center Line,I24 W EXT RAMP & I 24,NASHVILLE,TN,37211,8829,SOUTH,36.1074,-86.7197,POINT (-86.7197 36.1074)
20190633951,08/24/2019 11:00:00 PM,2,3,0,,N,330413,4,ANGLE,21,CLEAR,3,DARK - LIGHTED,12,MOTOR VEHICLE IN TRANSPORT,MILL CREEK WHITTLEMORE GRNWY & SWISS AV,ANTIOCH,TN,37013,8757,SOUTH,36.0424,-86.7129,POINT (-86.7129 36.0424)
20190831308,11/16/2019 11:34:00 AM,2,1,0,,N,462474,4,ANGLE,21,CLEAR,1,DAYLIGHT,12,MOTOR VEHICLE IN TRANSPORT,ELYSIAN FIELDS RD & LYNN DR,NASHVILLE,TN,37211,8509,MIDTOW,36.0848,-86.7339,POINT (-86.7339 36.0848)
20190891342,12/12/2019 09:33:00 AM,2,0,0,,N,134899,5,SIDESWIPE - SAME DIRECTION,21,CLEAR,1,DAYLIGHT,12,MOTOR VEHICLE IN TRANSPORT,MM 220 2 I 40,HERMITAGE,TN,37076,94021,HERMIT,36.1665,-86.6122,POINT (-86.6122 36.1665)
20190662013,09/05/2019 12:30:00 PM,2,0,0,,Y,665896,9,UNKNOWN,21,CLEAR,1,DAYLIGHT,12,MOTOR VEHICLE IN TRANSPORT,DICKERSON PKE & BROADMOOR DR,NASHVILLE,TN,37207,1811,EAST,36.2294,-86.7593,POINT (-86.7593 36.2294)
20190608411,08/15/2019 10:06:00 AM,2,1,0,,N,279116,11,Front to Rear,22,CLOUDY,1,DAYLIGHT,12,MOTOR VEHICLE IN TRANSPORT,I440 E ENT RAMP & I 65,NASHVILLE,TN,37204,7018,MIDTOW,36.1138,-86.7719,POINT (-86.7719 36.1138)
20190592657,08/09/2019 09:18:00 AM,2,0,0,,N,538214,4,ANGLE,22,CLOUDY,1,DAYLIGHT,12,MOTOR VEHICLE IN TRANSPORT,DIVISION ST & 5TH AVS,NASHVILLE,TN,37203,4007,CENTRA,36.1516,-86.7734,POINT (-86.7734 36.1516)
20190614696,08/17/2019 07:05:00 PM,2,0,0,,N,320603,5,SIDESWIPE - SAME DIRECTION,21,CLEAR,1,DAYLIGHT,12,MOTOR VEHICLE IN TRANSPORT,OLD HICKORY BLVD & HIGHWAY 70S,NASHVILLE,TN,37221,4901,WEST,36.0742,-86.9208,POINT (-86.9208 36.0742)
20190755863,10/15/2019 08:58:00 AM,2,1,0,,N,402653,4,ANGLE,21,CLEAR,1,DAYLIGHT,12,MOTOR VEHICLE IN TRANSPORT,OLDHAM ST & N 1ST ST,NASHVILLE,TN,37213,1985,CENTRA,36.1744,-86.7741,POINT (-86.7741 36.1744)
20190823710,11/13/2019 07:10:00 AM,2,0,0,,N,352174,11,Front to Rear,21,CLEAR,1,DAYLIGHT,12,MOTOR VEHICLE IN TRANSPORT,STATE HWY 254 & BALLEROY DR,NASHVILLE,TN,37215,6303,MIDTOW,36.0434,-86.8438,POINT (-86.8438 36.0434)
20190684873,09/15/2019 12:09:00 AM,2,0,0,,N,298858,4,ANGLE,21,CLEAR,3,DARK - LIGHTED,14;55,PARKED MOTOR VEHICLE;Motor Vehicle-In-Motion Outside Trafficw,BROADWAY & 12TH AVS,NASHVILLE,TN,37203,4079,CENTRA,36.1566,-86.7875,POINT (-86.7875 36.1566)
20190739322,10/08/2019 07:40:00 AM,2,0,0,,N,226306,11,Front to Rear,22,CLOUDY,98,OTHER,12,MOTOR VEHICLE IN TRANSPORT,HIGHWAY 70S & I40 E ENT RAMP,NASHVILLE,TN,37221,4813,WEST,36.0808,-86.9556,POINT (-86.9556 36.0808)
20190820564,11/12/2019 03:10:00 AM,1,0,0,,N,298859,0,NOT COLLISION W/MOTOR VEHICLE-TRANSPORT,3,"SLEET, HAIL",3,DARK - LIGHTED,24,GUARDRAIL FACE,STATE HWY 155 & STATE HWY 155,NASHVILLE,TN,37214,92920,HERMIT,36.2014,-86.6891,POINT (-86.6891 36.2014)
20190750024,10/12/2019 07:02:00 PM,2,0,0,,Y,299266,11,Front to Rear,21,CLEAR,2,DARK - NOT LIGHTED,12,MOTOR VEHICLE IN TRANSPORT,MM 55 5 I 24,NASHVILLE,TN,37211,8812,SOUTH,36.0886,-86.7019,POINT (-86.7019 36.0886)
20190738257,10/07/2019 09:30:00 PM,2,3,0,,N,161939,11,Front to Rear,21,CLEAR,3,DARK - LIGHTED,12,MOTOR VEHICLE IN TRANSPORT,US HWY 41 & OLD HICKORY BLVD,ANTIOCH,TN,37013,8971,SOUTH,36.0398,-86.6034,POINT (-86.6034 36.0398)
20190879716,12/07/2019 12:05:00 PM,3,2,0,,N,212318,4,ANGLE,21,CLEAR,1,DAYLIGHT,12,MOTOR VEHICLE IN TRANSPORT,ENGLISH VILLAGE DR & VILLAGE WAY,NASHVILLE,TN,37211,8653,MIDTOW,36.046,-86.7308,POINT (-86.7308 36.046)
20190895557,12/14/2019 01:24:00 AM,2,1,0,,N,342952,6,SIDESWIPE - OPPOSITE DIRECTION,2,RAIN,3,DARK - LIGHTED,12,MOTOR VEHICLE IN TRANSPORT,HAMILTON CHURCH RD & HOBSON PKE,ANTIOCH,TN,37013,8905,SOUTH,36.0586,-86.5978,POINT (-86.5978 36.0586)
20190748025,10/11/2019 07:25:00 PM,2,2,0,,N,240983,4,ANGLE,2,RAIN,2,DARK - NOT LIGHTED,12,MOTOR VEHICLE IN TRANSPORT,HAYWOOD LN & EAST RIDGE DR,NASHVILLE,TN,37211,8707,SOUTH,36.07,-86.6985,POINT (-86.6985 36.07)
20190891003,12/12/2019 07:10:00 AM,2,0,0,,N,834798,5,SIDESWIPE - SAME DIRECTION,21,CLEAR,1,DAYLIGHT,12,MOTOR VEHICLE IN TRANSPORT,FOSTER CREIGHTON DR & FONTANA AV,NASHVILLE,TN,37204,8523,MIDTOW,36.1073,-86.754,POINT (-86.754 36.1073)
20190733135,10/05/2019 04:49:00 AM,2,0,0,,Y,384421,5,SIDESWIPE - SAME DIRECTION,21,CLEAR,7,Dark-Unknown Lighting,12,MOTOR VEHICLE IN TRANSPORT,BELL RD & HICKORY HIGHLANDS DR,ANTIOCH,TN,37013,8865,SOUTH,36.0606,-86.64,POINT (-86.64 36.0606)
20190752069,10/13/2019 10:00:00 PM,2,0,0,,Y,197068,5,SIDESWIPE - SAME DIRECTION,21,CLEAR,3,DARK - LIGHTED,12,MOTOR VEHICLE IN TRANSPORT,SPRING ST & I24 W EXT RAMP,NASHVILLE,TN,37207,1983,EAST,36.1767,-86.7723,POINT (-86.7723 36.1767)
20190810910,11/07/2019 04:40:00 PM,2,0,0,,N,256448,4,ANGLE,2,RAIN,5,DUSK,12,MOTOR VEHICLE IN TRANSPORT,DONELSON PKE & ELM HILL PKE,NASHVILLE,TN,37214,9105,HERMIT,36.1676,-86.7787,POINT (-86.7787 36.1676)
20190637620,08/26/2019 04:27:00 PM,2,0,0,,N,429193,11,Front to Rear,21,CLEAR,1,DAYLIGHT,12,MOTOR VEHICLE IN TRANSPORT,CHARLOTTE PKE & OLD HICKORY BLVD,NASHVILLE,TN,37209,4701,WEST,36.1177,-86.9218,POINT (-86.9218 36.1177)
20190763662,10/18/2019 10:16:00 AM,3,2,0,,N,571313,11,Front to Rear,21,CLEAR,1,DAYLIGHT,12;7,MOTOR VEHICLE IN TRANSPORT,MM 3 1 I 440,NASHVILLE,TN,37215,6424,MIDTOW,36.1182,-86.8009,POINT (-86.8009 36.1182)