Accident Number,Date and Time,Number of Motor Vehicles,Number of Injuries,Number of Fatalities,Property Damage,Hit and Run,Reporting Officer,Collision Type Code,Collision Type Description,Weather Code,Weather Description,Illumination Code,Illumination Description,Harmful Code,Harmful Code Description,Street Address,City,State,ZIP,RPA,Precinct,Latitude,Longitude,Mapped Location
20190723291,10/01/2019 07:58:00 AM,2,0,0,,N,348631,11,Front to Rear,21,CLEAR,1,DAYLIGHT,12,MOTOR VEHICLE IN TRANSPORT,S 9TH ST & SHELBY AV,NASHVILLE,TN,37206,1045,EAST,36.1707,-86.7543,POINT (-86.7543 36.1707)
20190851170,11/24/2019 11:15:00 PM,1,0,0,,N,352193,0,NOT COLLISION W/MOTOR VEHICLE-TRANSPORT,21,CLEAR,2,DARK - NOT LIGHTED,50;63,DEER (ANIMAL);Ran Off Road-Right,MCCAMPBELL AV & COTTONWOOD DR,NASHVILLE,TN,37214,9419,HERMIT,36.1635,-86.6542,POINT (-86.6542 36.1635)
20190732834,10/05/2019 12:50:00 AM,1,1,0,Y,N,229888,0,NOT COLLISION W/MOTOR VEHICLE-TRANSPORT,21,CLEAR,3,DARK - LIGHTED,30,UTILITY POLE,DICKERSON PKE & I24 W ENT RAMP,NASHVILLE,TN,37207,1979,EAST,36.1771,-86.7712,POINT (-86.7712 36.1771)
20190705404,09/23/2019 05:34:00 PM,2,0,0,,Y,256380,4,ANGLE,21,CLEAR,1,DAYLIGHT,12,MOTOR VEHICLE IN TRANSPORT,14TH AVN & JEFFERSON ST,NASHVILLE,TN,37208,5415,NORTH,36.1707,-86.8013,POINT (-86.8013 36.1707)
20190674267,09/10/2019 05:56:00 PM,2,0,0,,Y,279225,11,Front to Rear,21,CLEAR,1,DAYLIGHT,12,MOTOR VEHICLE IN TRANSPORT,CENTRAL PKE & HERMITAGE INDUSTRIAL DR,HERMITAGE,TN,37076,9503,HERMIT,36.184,-86.6246,POINT (-86.6246 36.184)
20190715476,09/27/2019 04:45:00 PM,2,0,0,,N,717341,4,ANGLE,21,CLEAR,1,DAYLIGHT,12,MOTOR VEHICLE IN TRANSPORT,I24 W EXT RAMP & I 24,NASHVILLE,TN,37211,8829,SOUTH,36.1074,-86.7197,POINT (-86.7197 36.1074)
20190826161,11/14/2019 07:54:00 AM,2,0,0,,N,405447,4,ANGLE,21,CLEAR,1,DAYLIGHT,12,MOTOR VEHICLE IN TRANSPORT,EDMONDSON PKE & WEXFORD DOWNS LN,NASHVILLE,TN,37211,8651,MIDTOW,36.0198,-86.7421,POINT (-86.7421 36.0198)
20190783235,10/27/2019 12:00:00 AM,1,1,0,,N,299248,0,NOT COLLISION W/MOTOR VEHICLE-TRANSPORT,21,CLEAR,3,DARK - LIGHTED,36,CONCRETE TRAFFIC BARRIER,EAST THOMPSON LN & LAWNDALE DR,NASHVILLE,TN,37217,8879,SOUTH,36.1223,-86.7176,POINT (-86.7176 36.1223)
20190906164,12/18/2019 07:57:00 PM,2,0,0,,N,240957,4,ANGLE,21,CLEAR,3,DARK - LIGHTED,12,MOTOR VEHICLE IN TRANSPORT,HARDING PL & I65 S ENT RAMP,NASHVILLE,TN,37220,7101,MIDTOW,36.0827,-86.7651,POINT (-86.7651 36.0827)
20190900617,12/16/2019 03:30:00 PM,2,1,0,,N,419972,6,SIDESWIPE - OPPOSITE DIRECTION,,,,,12,MOTOR VEHICLE IN TRANSPORT,SHARONDALE DR & WOODLAWN DR,NASHVILLE,TN,37215,6001,WEST,36.1251,-86.816,POINT (-86.816 36.1251)
20190901875,12/17/2019 12:00:00 AM,2,2,0,,N,330441,4,ANGLE,2,RAIN,1,DAYLIGHT,12,MOTOR VEHICLE IN TRANSPORT,THOMPSON LN & EUGENIA AV,NASHVILLE,TN,37204,8523,MIDTOW,36.1111,-86.7548,POINT (-86.7548 36.1111)
20190859096,11/28/2019 05:07:00 AM,1,0,0,,N,298875,0,NOT COLLISION W/MOTOR VEHICLE-TRANSPORT,21,CLEAR,3,DARK - LIGHTED,18;39,OTHER OBJECT (NOT FIXED);WALL,I440 W ENT RAMP & I 24,NASHVILLE,TN,37217,8801,SOUTH,36.1232,-86.7263,POINT (-86.7263 36.1232)
20190686578,09/15/2019 09:27:00 PM,2,0,0,,Y,309263,5,SIDESWIPE - SAME DIRECTION,21,CLEAR,3,DARK - LIGHTED,12;14,MOTOR VEHICLE IN TRANSPORT;PARKED MOTOR VEHICLE,S 13TH ST & SHELBY AV,NASHVILLE,TN,37206,1035,EAST,36.1704,-86.7482,POINT (-86.7482 36.1704)
20190650018,08/31/2019 09:49:00 AM,2,1,0,,N,620061,11,Front to Rear,21,CLEAR,1,DAYLIGHT,12,MOTOR VEHICLE IN TRANSPORT,NOLENSVILLE PKE & GOVENORS CT,NASHVILLE,TN,37211,8651,MIDTOW,36.01,-86.7019,POINT (-86.7019 36.01)
20190906207,12/18/2019 08:30:00 PM,2,3,0,,N,352184,4,ANGLE,21,CLEAR,3,DARK - LIGHTED,12,MOTOR VEHICLE IN TRANSPORT,DICKERSON PKE & MAPLEWOOD TRC,NASHVILLE,TN,37216,1805,EAST,36.2333,-86.7586,POINT (-86.7586 36.2333)
20190914275,12/22/2019 01:42:00 PM,2,0,0,,N,384435,11,Front to Rear,2,RAIN,1,DAYLIGHT,12,MOTOR VEHICLE IN TRANSPORT,WHITE BRIDGE PKE & LIONS HEAD VILLAGE PV,NASHVILLE,TN,37205,5017,WEST,36.1284,-86.8526,POINT (-86.8526 36.1284)
20190864860,12/01/2019 10:49:00 AM,4,4,0,,N,306231,11,Front to Rear,21,CLEAR,1,DAYLIGHT,12,MOTOR VEHICLE IN TRANSPORT,MM 38 2 I 24,WHITES CREEK,TN,37189,2212,NORTH,36.3069,-86.8181,POINT (-86.8181 36.3069)
20190718765,09/29/2019 04:05:00 AM,2,0,0,,Y,320584,11,Front to Rear,21,CLEAR,3,DARK - LIGHTED,12,MOTOR VEHICLE IN TRANSPORT,MURFREESBORO PKE & GLENGARRY DR,NASHVILLE,TN,37217,8823,HERMIT,36.1208,-86.7036,POINT (-86.7036 36.1208)
20190641673,08/28/2019 06:59:00 AM,2,0,0,,Y,812949,11,Front to Rear,21,CLEAR,1,DAYLIGHT,12,MOTOR VEHICLE IN TRANSPORT,CLARKSVILLE PKE & KINGS LN,NASHVILLE,TN,37218,3141,NORTH,36.2167,-86.8375,POINT (-86.8375 36.2167)
20190587127,08/07/2019 12:27:00 PM,4,2,0,,N,676834,11,Front to Rear,21,CLEAR,1,DAYLIGHT,12,MOTOR VEHICLE IN TRANSPORT,MM 1 7 I 440,NASHVILLE,TN,37209,5312,NORTH,36.1536,-86.8226,POINT (-86.8226 36.1536)
20190788855,10/29/2019 02:10:00 PM,2,0,0,,N,226586,5,SIDESWIPE - SAME DIRECTION,22,CLOUDY,1,DAYLIGHT,12,MOTOR VEHICLE IN TRANSPORT,MM 209 6 I 40,NASHVILLE,TN,37203,68021,MIDTOW,36.1494,-86.7836,POINT (-86.7836 36.1494)
20190710388,09/25/2019 04:37:00 PM,2,0,0,,N,169425,11,Front to Rear,21,CLEAR,1,DAYLIGHT,12,MOTOR VEHICLE IN TRANSPORT,MM 80 0 I 65,NASHVILLE,TN,37204,7018,MIDTOW,36.1134,-86.7724,POINT (-86.7724 36.1134)
20190875595,12/05/2019 05:27:00 PM,2,1,0,,N,256389,2,HEAD-ON,21,CLEAR,3,DARK - LIGHTED,12,MOTOR VEHICLE IN TRANSPORT,NOLENSVILLE PKE & TUSCULUM RD,NASHVILLE,TN,37211,8715,SOUTH,36.0587,-86.7162,POINT (-86.7162 36.0587)
20190622544,08/20/2019 08:45:00 PM,2,1,0,,N,352172,4,ANGLE,22,CLOUDY,3,DARK - LIGHTED,12,MOTOR VEHICLE IN TRANSPORT,I40 E ENT RAMP & I 40,NASHVILLE,TN,37205,4903,WEST,36.1109,-86.922,POINT (-86.922 36.1109)
20190701822,09/22/2019 02:30:00 AM,3,0,0,,N,309263,4,ANGLE,21,CLEAR,3,DARK - LIGHTED,12,MOTOR VEHICLE IN TRANSPORT,SPRING ST & N 1ST ST,NASHVILLE,TN,37213,1985,CENTRA,36.177,-86.7746,POINT (-86.7746 36.177)
20190781116,10/25/2019 12:00:00 AM,3,0,0,,Y,330422,2,HEAD-ON,2,RAIN,9,UNKNOWN,14,PARKED MOTOR VEHICLE,OWEN ST & CLAY ST,NASHVILLE,TN,37208,4441,NORTH,36.185,-86.8057,POINT (-86.8057 36.185)
20190611059,08/16/2019 10:32:00 AM,2,1,0,,N,137872,4,ANGLE,21,CLEAR,1,DAYLIGHT,12,MOTOR VEHICLE IN TRANSPORT,LAKELAND DR & DONELSON PKE,NASHVILLE,TN,37214,9105,HERMIT,36.1551,-86.6661,POINT (-86.6661 36.1551)
20190613228,08/17/2019 12:00:00 AM,2,0,0,,N,320591,11,Front to Rear,21,CLEAR,2,DARK - NOT LIGHTED,12,MOTOR VEHICLE IN TRANSPORT,MM 62 0 I 24,ANTIOCH,TN,37013,87040,SOUTH,36.0208,-86.6278,POINT (-86.6278 36.0208)
20190744915,10/10/2019 01:25:00 PM,2,1,0,,N,538214,11,Front to Rear,22,CLOUDY,1,DAYLIGHT,12,MOTOR VEHICLE IN TRANSPORT,I24 E ENT RAMP & I 24,NASHVILLE,TN,37213,1007,CENTRA,36.1662,-86.7659,POINT (-86.7659 36.1662)
20190665236,09/06/2019 06:26:00 PM,2,1,0,,N,240966,11,Front to Rear,21,CLEAR,1,DAYLIGHT,12,MOTOR VEHICLE IN TRANSPORT,ELLINGTON PKWY S EXT RAMP & MCFERRIN AV,NASHVILLE,TN,37207,18960,EAST,36.1934,-86.7533,POINT (-86.7533 36.1934)
20190687818,09/16/2019 01:30:00 PM,2,1,0,,N,140808,11,Front to Rear,21,CLEAR,1,DAYLIGHT,12,MOTOR VEHICLE IN TRANSPORT,OLD HICKORY BLVD & RIVER OAKS RD,NASHVILLE,TN,37215,6305,MIDTOW,36.0419,-86.8248,POINT (-86.8248 36.0419)
20190896760,12/14/2019 05:08:00 PM,2,0,0,,N,352156,11,Front to Rear,22,CLOUDY,5,DUSK,12,MOTOR VEHICLE IN TRANSPORT,I24E & I24 W EXT RAMP,NASHVILLE,TN,37210,8102,SOUTH,36.1336,-86.7269,POINT (-86.7269 36.1336)
20190838904,11/19/2019 06:03:00 PM,4,0,0,,N,109519,11,Front to Rear,21,CLEAR,2,DARK - NOT LIGHTED,12;14,MOTOR VEHICLE IN TRANSPORT;PARKED MOTOR VEHICLE,MM 52 2 I 24,NASHVILLE,TN,37217,8816,SOUTH,36.1359,-86.7267,POINT (-86.7267 36.1359)
20190923609,12/27/2019 11:12:00 AM,4,0,0,,N,352164,5,SIDESWIPE - SAME DIRECTION,21,CLEAR,1,DAYLIGHT,12,MOTOR VEHICLE IN TRANSPORT,HAMILTON CHURCH RD & MURFREESBORO PKE,ANTIOCH,TN,37013,8865,SOUTH,36.0645,-86.6288,POINT (-86.6288 36.0645)
20190760726,10/17/2019 06:47:00 AM,2,0,0,,N,462474,5,SIDESWIPE - SAME DIRECTION,21,CLEAR,4,DAWN,12,MOTOR VEHICLE IN TRANSPORT,17TH AVS & BROADWAY,NASHVILLE,TN,37203,5705,MIDTOW,36.1533,-86.794,POINT (-86.794 36.1533)
20190735765,10/06/2019 03:07:00 PM,1,0,0,,N,565785,0,NOT COLLISION W/MOTOR VEHICLE-TRANSPORT,21,CLEAR,1,DAYLIGHT,17,BOULDER,WEDGEWOOD AV & I65 N ENT RAMP,NASHVILLE,TN,37204,8027,MIDTOW,36.1343,-86.7747,POINT (-86.7747 36.1343)
20190608661,08/15/2019 12:10:00 PM,2,0,0,,N,267831,11,Front to Rear,21,CLEAR,1,DAYLIGHT,12,MOTOR VEHICLE IN TRANSPORT,I40 E EXT RAMP & CHARLOTTE PKE,NASHVILLE,TN,37205,5005,WEST,36.131,-86.8978,POINT (-86.8978 36.131)
20190755740,10/15/2019 12:00:00 AM,1,0,0,,Y,876581,0,NOT COLLISION W/MOTOR VEHICLE-TRANSPORT,21,CLEAR,1,DAYLIGHT,42,TREE,LICKTON PKE & SHAW RD,WHITES CREEK,TN,37189,2105,MADISO,36.3069,-86.8019,POINT (-86.8019 36.3069)
20190932749,12/31/2019 09:38:00 PM,2,0,0,,Y,256386,5,SIDESWIPE - SAME DIRECTION,21,CLEAR,2,DARK - NOT LIGHTED,12,MOTOR VEHICLE IN TRANSPORT,ELM HILL PKE & TIMBER VALLEY DR,NASHVILLE,TN,37214,8991,HERMIT,36.1419,-86.64,POINT (-86.64 36.1419)
20190658015,09/03/2019 09:19:00 PM,2,0,0,,N,279225,5,SIDESWIPE - SAME DIRECTION,21,CLEAR,2,DARK - NOT LIGHTED,12,MOTOR VEHICLE IN TRANSPORT,I40 E EXT RAMP & I 40,NASHVILLE,TN,37214,8955,HERMIT,36.155,-86.6271,POINT (-86.6271 36.155)
20190861222,11/29/2019 12:44:00 PM,2,0,0,,N,716886,11,Front to Rear,21,CLEAR,1,DAYLIGHT,12,MOTOR VEHICLE IN TRANSPORT,BELL RD & BLUE HOLE RD,ANTIOCH,TN,37013,8719,SOUTH,36.0458,-86.6744,POINT (-86.6744 36.0458)
20190802515,11/04/2019 11:40:00 AM,3,0,0,,N,343522,11,Front to Rear,21,CLEAR,1,DAYLIGHT,12,MOTOR VEHICLE IN TRANSPORT,HARDING PKE & ROYAL OAKS CONDOS PVTDR,NASHVILLE,TN,37205,6101,WEST,36.1235,-86.8497,POINT (-86.8497 36.1235)
20190894187,12/13/2019 12:07:00 PM,2,0,0,,N,420035,4,ANGLE,22,CLOUDY,1,DAYLIGHT,12,MOTOR VEHICLE IN TRANSPORT,GALLATIN PKES & NEELYS BEND RD,MADISON,TN,37115,1605,MADISO,36.2566,-86.7142,POINT (-86.7142 36.2566)
20190653328,09/01/2019 09:20:00 PM,2,2,0,,N,320580,5,SIDESWIPE - SAME DIRECTION,21,CLEAR,3,DARK - LIGHTED,1;12;36,MOTOR VEHICLE IN TRANSPORT;CONCRETE TRAFFIC BARRIER,MM 212 0 I 40,NASHVILLE,TN,37210,90041,HERMIT,36.147,-86.7433,POINT (-86.7433 36.147)
20190684055,09/14/2019 02:36:00 PM,2,0,0,,Y,212330,98,OTHER,21,CLEAR,1,DAYLIGHT,14,PARKED MOTOR VEHICLE,DRUMMOND DR & EAST THOMPSON LN,NASHVILLE,TN,37211,8809,SOUTH,36.1149,-86.7196,POINT (-86.7196 36.1149)
20190798803,11/02/2019 05:30:00 PM,2,0,0,,N,330415,4,ANGLE,21,CLEAR,1,DAYLIGHT,12,MOTOR VEHICLE IN TRANSPORT,2ND AVS & KOREAN VETERANS BLVD,NASHVILLE,TN,37201,4047,CENTRA,36.1576,-86.7724,POINT (-86.7724 36.1576)
20190647309,08/30/2019 10:46:00 AM,2,0,0,,N,267831,4,ANGLE,21,CLEAR,1,DAYLIGHT,12,MOTOR VEHICLE IN TRANSPORT,CHARLOTTE AV & 35TH AVN,NASHVILLE,TN,37209,5237,WEST,36.1528,-86.826,POINT (-86.826 36.1528)
20190777393,10/24/2019 10:58:00 AM,2,2,0,,N,493304,11,Front to Rear,21,CLEAR,1,DAYLIGHT,12,MOTOR VEHICLE IN TRANSPORT,GALLATIN PKEN & NESBITT LN,MADISON,TN,37115,1709,MADISO,36.2724,-86.7102,POINT (-86.7102 36.2724)
20190597854,08/11/2019 10:17:00 AM,1,1,0,,Y,352201,0,NOT COLLISION W/MOTOR VEHICLE-TRANSPORT,21,CLEAR,1,DAYLIGHT,8,PEDESTRIAN,NASHBORO BLVD & VILLAGE GREEN DR,NASHVILLE,TN,37217,8937,HERMIT,36.0894,-86.6338,POINT (-86.6338 36.0894)
20190595099,08/10/2019 04:40:00 AM,2,0,0,,N,256495,5,SIDESWIPE - SAME DIRECTION,2,RAIN,3,DARK - LIGHTED,12;14,MOTOR VEHICLE IN TRANSPORT;PARKED MOTOR VEHICLE,KELLOW ST & MIDDLE ST,NASHVILLE,TN,37208,4493,NORTH,36.1904,-86.8096,POINT (-86.8096 36.1904)
20190723148,10/01/2019 06:36:00 AM,2,0,0,,N,109534,11,Front to Rear,21,CLEAR,1,DAYLIGHT,12,MOTOR VEHICLE IN TRANSPORT,STEWARTS FERRY PKE & PERCY PRIEST DR,NASHVILLE,TN,37214,8955,HERMIT,36.1539,-86.6256,POINT (-86.6256 36.1539)
20190927690,12/29/2019 12:00:00 AM,1,0,0,,N,256379,0,NOT COLLISION W/MOTOR VEHICLE-TRANSPORT,2,RAIN,1,DAYLIGHT,36,CONCRETE TRAFFIC BARRIER,MM 53 2 I 24,NASHVILLE,TN,37210,83020,SOUTH,36.116,-86.7253,POINT (-86.7253 36.116)
20190726978,10/02/2019 05:48:00 PM,2,1,0,,N,429193,4,ANGLE,21,CLEAR,1,DAYLIGHT,12,MOTOR VEHICLE IN TRANSPORT,HWY 70 S & OLD HICKORY BLVD,NASHVILLE,TN,37221,4901,WEST,36.0745,-86.921,POINT (-86.921 36.0745)
20190698276,09/20/2019 12:04:00 PM,2,2,0,Y,N,716886,4,ANGLE,21,CLEAR,1,DAYLIGHT,12,MOTOR VEHICLE IN TRANSPORT,LAVERGNE COUCHVILLE PKE & MAXWELL RD,ANTIOCH,TN,37013,8967,SOUTH,36.0374,-86.5864,POINT (-86.5864 36.0374)
20190588381,08/07/2019 12:00:00 AM,2,0,0,,N,240981,4,ANGLE,21,CLEAR,3,DARK - LIGHTED,12,MOTOR VEHICLE IN TRANSPORT,MM 88 3 I 65,NASHVILLE,TN,37207,18041,EAST,36.2201,-86.7743,POINT (-86.7743 36.2201)
20190798729,11/02/2019 04:36:00 PM,2,0,0,,N,330425,11,Front to Rear,21,CLEAR,1,DAYLIGHT,12,MOTOR VEHICLE IN TRANSPORT,GALLATIN PKES & LAKEWOOD DR,MADISON,TN,37115,1517,MADISO,36.2434,-86.7229,POINT (-86.7229 36.2434)
20190843375,11/21/2019 11:50:00 AM,2,0,0,,Y,226622,4,ANGLE,22,CLOUDY,1,DAYLIGHT,12,MOTOR VEHICLE IN TRANSPORT,52ND AVN & KENTUCKY AV,NASHVILLE,TN,37209,4603,WEST,36.1598,-86.8503,POINT (-86.8503 36.1598)
20190763995,10/18/2019 12:33:00 PM,1,0,0,,N,212325,0,NOT COLLISION W/MOTOR VEHICLE-TRANSPORT,21,CLEAR,1,DAYLIGHT,30;63,UTILITY POLE;Ran Off Road-Right,RANDY RD & NEELYS BEND RD,MADISON,TN,37115,1629,MADISO,36.2535,-86.6935,POINT (-86.6935 36.2535)
20190742753,10/09/2019 05:00:00 PM,3,0,0,,Y,352185,11,Front to Rear,21,CLEAR,1,DAYLIGHT,12;14,MOTOR VEHICLE IN TRANSPORT;PARKED MOTOR VEHICLE,S 5TH ST & SUMMER PL,NASHVILLE,TN,37206,1013,EAST,36.1655,-86.761,POINT (-86.761 36.1655)
20190703424,09/22/2019 05:25:00 PM,2,0,0,,N,206683,4,ANGLE,21,CLEAR,1,DAYLIGHT,14,PARKED MOTOR VEHICLE,CALAIS CIR & OWENDALE DR,ANTIOCH,TN,37013,8979,SOUTH,36.0653,-86.6218,POINT (-86.6218 36.0653)
20190657397,09/03/2019 03:02:00 PM,1,0,0,,N,151132,0,NOT COLLISION W/MOTOR VEHICLE-TRANSPORT,21,CLEAR,1,DAYLIGHT,34;63,DITCH;Ran Off Road-Right,LICKTON PKE & LICKTON PKE PVTDR,WHITES CREEK,TN,37189,3301,NORTH,36.2923,-86.811,POINT (-86.811 36.2923)
20190850871,11/24/2019 07:47:00 PM,1,0,0,Y,N,419972,0,NOT COLLISION W/MOTOR VEHICLE-TRANSPORT,21,CLEAR,3,DARK - LIGHTED,33,CURB,CHARLOTTE PKE & MIDLAND AV,NASHVILLE,TN,37209,5033,WEST,36.1499,-86.8591,POINT (-86.8591 36.1499)
20190868950,12/03/2019 07:42:00 AM,2,0,0,,N,109534,4,ANGLE,22,CLOUDY,1,DAYLIGHT,12,MOTOR VEHICLE IN TRANSPORT,OLD HICKORY BLVD & BURNING TREE DR,HERMITAGE,TN,37076,9557,HERMIT,36.1742,-86.6019,POINT (-86.6019 36.1742)
20190740749,10/08/2019 09:08:00 PM,2,0,0,,Y,240968,2,HEAD-ON,21,CLEAR,3,DARK - LIGHTED,12,MOTOR VEHICLE IN TRANSPORT,BRILEY PKWY & VULTEE BLVD,NASHVILLE,TN,37217,8998,HERMIT,36.1245,-86.6963,POINT (-86.6963 36.1245)
20190789302,10/29/2019 05:08:00 PM,2,1,0,,N,279116,11,Front to Rear,22,CLOUDY,5,DUSK,12,MOTOR VEHICLE IN TRANSPORT,MM 209 5 I 40,NASHVILLE,TN,37203,40040,CENTRA,36.1502,-86.7844,POINT (-86.7844 36.1502)
20190721446,09/30/2019 02:47:00 PM,2,0,0,,N,151132,11,Front to Rear,21,CLEAR,1,DAYLIGHT,12,MOTOR VEHICLE IN TRANSPORT,OLD HICKORY BLVDW & HEAD DR,MADISON,TN,37115,1777,MADISO,36.2642,-86.7346,POINT (-86.7346 36.2642)
20190894811,12/13/2019 04:16:00 PM,2,0,0,,N,905011,6,SIDESWIPE - OPPOSITE DIRECTION,21,CLEAR,1,DAYLIGHT,12,MOTOR VEHICLE IN TRANSPORT,25TH AVN & HYDE ST,NASHVILLE,TN,37208,4487,NORTH,36.1875,-86.8169,POINT (-86.8169 36.1875)
20190824920,11/13/2019 06:06:00 PM,2,1,0,,N,279116,2,HEAD-ON,21,CLEAR,3,DARK - LIGHTED,12,MOTOR VEHICLE IN TRANSPORT,GRANNY WHITE PKE & DORSET DR,NASHVILLE,TN,37220,7111,MIDTOW,36.0426,-86.8161,POINT (-86.8161 36.0426)
20190799429,11/03/2019 12:13:00 AM,2,4,0,,N,299261,11,Front to Rear,21,CLEAR,3,DARK - LIGHTED,12;8,MOTOR VEHICLE IN TRANSPORT;PEDESTRIAN,25TH AVS & WEST END AV,NASHVILLE,TN,37212,5717,MIDTOW,36.1468,-86.8082,POINT (-86.8082 36.1468)
20190932945,12/31/2019 12:00:00 AM,1,0,0,,Y,909497,0,NOT COLLISION W/MOTOR VEHICLE-TRANSPORT,21,CLEAR,2,DARK - NOT LIGHTED,1;99,UNKNOWN MOST HARMFUL EVENT,SHUTE LN & OLD HICKORY BLVD,OLD HICKORY,TN,37138,9713,HERMIT,36.2323,-86.6247,POINT (-86.6247 36.2323)
20190801915,11/04/2019 07:30:00 AM,2,0,0,,N,384442,11,Front to Rear,21,CLEAR,1,DAYLIGHT,12,MOTOR VEHICLE IN TRANSPORT,SIDCO DR & NORRIS AV,NASHVILLE,TN,37204,8523,MIDTOW,36.1059,-86.7559,POINT (-86.7559 36.1059)
20190803043,11/04/2019 04:30:00 PM,2,0,0,,N,807319,4,ANGLE,21,CLEAR,1,DAYLIGHT,12,MOTOR VEHICLE IN TRANSPORT,ATHENS WAY & ROSA L PARKS BLVD,NASHVILLE,TN,37228,4445,NORTH,36.1928,-86.8017,POINT (-86.8017 36.1928)
20190815068,11/09/2019 01:48:00 PM,2,0,0,,N,584947,11,Front to Rear,21,CLEAR,1,DAYLIGHT,12,MOTOR VEHICLE IN TRANSPORT,THOMPSON LN & SIDCO DR,NASHVILLE,TN,37204,8525,MIDTOW,36.1112,-86.7559,POINT (-86.7559 36.1112)
20190780548,10/25/2019 05:30:00 PM,3,1,0,,N,256394,11,Front to Rear,2,RAIN,3,DARK - LIGHTED,12,MOTOR VEHICLE IN TRANSPORT,MM 214 6 I 40,NASHVILLE,TN,37210,90060,HERMIT,36.1437,-86.7027,POINT (-86.7027 36.1437)
20190733798,10/05/2019 02:35:00 PM,2,2,0,,N,352184,4,ANGLE,21,CLEAR,1,DAYLIGHT,12,MOTOR VEHICLE IN TRANSPORT,DICKERSON PKE & PINE RIDGE DR,NASHVILLE,TN,37207,1823,EAST,36.2212,-86.7618,POINT (-86.7618 36.2212)
20190860306,11/28/2019 11:50:00 PM,2,0,0,,N,197055,0,NOT COLLISION W/MOTOR VEHICLE-TRANSPORT,99,UNKNOWN,3,DARK - LIGHTED,7,,MM 1 0 GONDOLA,ANTIOCH,TN,37013,8997,SOUTH,36.0826,-86.6004,POINT (-86.6004 36.0826)
20190625322,08/21/2019 07:02:00 PM,2,0,0,,Y,169425,5,SIDESWIPE - SAME DIRECTION,21,CLEAR,1,DAYLIGHT,12,MOTOR VEHICLE IN TRANSPORT,OLD HICKORY BLVD & SEVEN SPRINGS WAY PVT,BRENTWOOD,TN,37027,8623,MIDTOW,36.0406,-86.7711,POINT (-86.7711 36.0406)
20190648220,08/30/2019 05:55:00 PM,2,0,0,,N,320580,4,ANGLE,21,CLEAR,1,DAYLIGHT,12,MOTOR VEHICLE IN TRANSPORT,LEBANON PKE & EDDINGS LN,NASHVILLE,TN,37214,9401,HERMIT,36.1672,-86.6619,POINT (-86.6619 36.1672)
20190782494,10/26/2019 06:35:00 PM,1,0,0,,N,352197,0,NOT COLLISION W/MOTOR VEHICLE-TRANSPORT,22,CLOUDY,3,DARK - LIGHTED,18,OTHER OBJECT (NOT FIXED),MM 57 1 I 24,ANTIOCH,TN,37013,88080,SOUTH,36.0686,-86.6885,POINT (-86.6885 36.0686)
20190636590,08/26/2019 06:30:00 AM,1,0,0,,N,169421,0,NOT COLLISION W/MOTOR VEHICLE-TRANSPORT,2,RAIN,1,DAYLIGHT,24,GUARDRAIL FACE,MM 86 3 I 65,NASHVILLE,TN,37207,1910,CENTRA,36.1919,-86.7808,POINT (-86.7808 36.1919)
20190819717,11/11/2019 06:15:00 PM,2,0,0,,N,279214,11,Front to Rear,2,RAIN,3,DARK - LIGHTED,12,MOTOR VEHICLE IN TRANSPORT,MM 80 2 I 65,NASHVILLE,TN,37204,8306,MIDTOW,36.1159,-86.7732,POINT (-86.7732 36.1159)
20190605470,08/14/2019 08:40:00 AM,2,0,0,,Y,693093,11,Front to Rear,21,CLEAR,1,DAYLIGHT,12,MOTOR VEHICLE IN TRANSPORT,DUE WEST AVW & S GRAYCROFT AV,MADISON,TN,37115,1799,MADISO,36.2492,-86.7345,POINT (-86.7345 36.2492)
20190657143,09/03/2019 12:56:00 PM,2,0,0,,N,580819,4,ANGLE,21,CLEAR,1,DAYLIGHT,12,MOTOR VEHICLE IN TRANSPORT,CHARLOTTE AV & 25TH AVN,NASHVILLE,TN,37203,5619,MIDTOW,36.1553,-86.8121,POINT (-86.8121 36.1553)
20190766798,10/19/2019 07:29:00 PM,4,5,1,,Y,212338,11,Front to Rear,2,RAIN,3,DARK - LIGHTED,12;6,MOTOR VEHICLE IN TRANSPORT,I65 ENT RAMP & I 440,NASHVILLE,TN,37204,81061,MIDTOW,36.1189,-86.7675,POINT (-86.7675 36.1189)
20190875358,12/05/2019 02:54:00 PM,2,0,0,,N,298863,4,ANGLE,21,CLEAR,1,DAYLIGHT,12,MOTOR VEHICLE IN TRANSPORT,4TH AVE S & LEA AVE,NASHVILLE,TN,37203,4037,CENTRA,36.1547,-86.7731,POINT (-86.7731 36.1547)
20190916376,12/23/2019 03:16:00 PM,2,0,0,,N,352197,11,Front to Rear,21,CLEAR,1,DAYLIGHT,12,MOTOR VEHICLE IN TRANSPORT,MURFREESBORO PKE & FOREST VIEW DR,ANTIOCH,TN,37013,8865,SOUTH,36.0674,-86.6313,POINT (-86.6313 36.0674)
20190780717,10/25/2019 07:30:00 PM,2,0,0,,Y,299238,4,ANGLE,2,RAIN,3,DARK - LIGHTED,12,MOTOR VEHICLE IN TRANSPORT,MCGAVOCK PKE & RIVERSIDE DR,NASHVILLE,TN,37216,1437,EAST,36.2048,-86.7244,POINT (-86.7244 36.2048)
20190739432,10/08/2019 08:45:00 AM,2,0,0,,N,109534,5,SIDESWIPE - SAME DIRECTION,22,CLOUDY,1,DAYLIGHT,12,MOTOR VEHICLE IN TRANSPORT,MURFREESBORO PKE & ARLINGTON AV,NASHVILLE,TN,37210,8159,SOUTH,36.1399,-86.7354,POINT (-86.7354 36.1399)