Accident Number,Date and Time,Number of Motor Vehicles,Number of Injuries,Number of Fatalities,Property Damage,Hit and Run,Reporting Officer,Collision Type Code,Collision Type Description,Weather Code,Weather Description,Illumination Code,Illumination Description,Harmful Code,Harmful Code Description,Street Address,City,State,ZIP,RPA,Precinct,Latitude,Longitude,Mapped Location
20190607794,08/15/2019 05:20:00 AM,2,0,0,,N,332215,5,SIDESWIPE - SAME DIRECTION,21,CLEAR,3,DARK - LIGHTED,12,MOTOR VEHICLE IN TRANSPORT,MM 195 5 I 40,NASHVILLE,TN,37221,4804,WEST,36.0751,-86.969,POINT (-86.969 36.0751)
20190785425,10/28/2019 07:58:00 AM,2,1,0,,N,384451,11,Front to Rear,21,CLEAR,1,DAYLIGHT,12,MOTOR VEHICLE IN TRANSPORT,LEBANON PKE & MEDICAL DR,NASHVILLE,TN,37214,9311,HERMIT,36.1763,-86.6457,POINT (-86.6457 36.1763)
20190745938,10/10/2019 09:50:00 PM,2,0,0,,Y,240976,4,ANGLE,21,CLEAR,2,DARK - NOT LIGHTED,12;14,MOTOR VEHICLE IN TRANSPORT;PARKED MOTOR VEHICLE,W GREENWOOD AV & BAILEY ST,NASHVILLE,TN,37206,1901,EAST,36.1906,-86.7472,POINT (-86.7472 36.1906)
20190779345,10/25/2019 06:50:00 AM,3,0,0,,N,279227,11,Front to Rear,21,CLEAR,1,DAYLIGHT,12,MOTOR VEHICLE IN TRANSPORT,MURFREESBORO PKE & NASHBORO BLVD,ANTIOCH,TN,37013,8891,SOUTH,36.0869,-86.6487,POINT (-86.6487 36.0869)
20190598208,08/11/2019 01:50:00 PM,2,0,0,,Y,256374,4,ANGLE,21,CLEAR,1,DAYLIGHT,12,MOTOR VEHICLE IN TRANSPORT,BELL RD & CEDAR POINTE PKWY,ANTIOCH,TN,37013,8721,SOUTH,36.0447,-86.6639,POINT (-86.6639 36.0447)
20190921938,12/26/2019 12:00:00 AM,2,3,0,,N,352196,4,ANGLE,21,CLEAR,1,DAYLIGHT,12,MOTOR VEHICLE IN TRANSPORT,HAMILTON CHURCH RD & MURFREESBORO PKE,ANTIOCH,TN,37013,8865,SOUTH,36.0645,-86.6288,POINT (-86.6288 36.0645)
20190854393,11/26/2019 07:42:00 AM,1,0,0,Y,N,462474,0,NOT COLLISION W/MOTOR VEHICLE-TRANSPORT,22,CLOUDY,1,DAYLIGHT,32;63,CULVERT;Ran Off Road-Right,OTTER CREEK RD & ROBERT E LEE DR,NASHVILLE,TN,37215,6309,MIDTOW,36.0648,-86.8248,POINT (-86.8248 36.0648)
20190893632,12/13/2019 07:53:00 AM,3,1,0,,N,109534,11,Front to Rear,22,CLOUDY,1,DAYLIGHT,12,MOTOR VEHICLE IN TRANSPORT,MM 211 8 I 40,NASHVILLE,TN,37210,90022,HERMIT,36.149,-86.7465,POINT (-86.7465 36.149)
20190918080,12/24/2019 09:58:00 AM,2,2,0,Y,N,256502,2,HEAD-ON,21,CLEAR,1,DAYLIGHT,12,MOTOR VEHICLE IN TRANSPORT,CLARKSVILLE PKE & ROSA L PARKS BLVD,NASHVILLE,TN,37228,4483,NORTH,36.1889,-86.8231,POINT (-86.8231 36.1889)
20190740182,10/08/2019 04:20:00 PM,2,0,0,,N,714641,5,SIDESWIPE - SAME DIRECTION,21,CLEAR,1,DAYLIGHT,12,MOTOR VEHICLE IN TRANSPORT,WOODLAND ST & INTERSTATE DR,NASHVILLE,TN,37213,1107,CENTRA,36.1705,-86.7685,POINT (-86.7685 36.1705)
20190865186,12/01/2019 03:19:00 PM,2,3,0,,N,279225,11,Front to Rear,21,CLEAR,1,DAYLIGHT,12,MOTOR VEHICLE IN TRANSPORT,BELL RD & MOSSDALE DR,NASHVILLE,TN,37217,8937,HERMIT,36.0828,-86.6287,POINT (-86.6287 36.0828)
20190667235,09/07/2019 05:30:00 PM,2,0,0,,Y,306230,4,ANGLE,21,CLEAR,1,DAYLIGHT,12,MOTOR VEHICLE IN TRANSPORT,WHELESS ST & 16TH AVN,NASHVILLE,TN,37208,4471,NORTH,36.1771,-86.8071,POINT (-86.8071 36.1771)
20190632780,08/24/2019 01:05:00 PM,2,1,0,,N,166478,4,ANGLE,,,1,DAYLIGHT,12,MOTOR VEHICLE IN TRANSPORT,12TH AVN & CLINTON ST,NASHVILLE,TN,37203,5423,NORTH,36.1652,-86.795,POINT (-86.795 36.1652)
20190789923,10/29/2019 11:01:00 PM,1,0,0,Y,N,384418,0,NOT COLLISION W/MOTOR VEHICLE-TRANSPORT,21,CLEAR,2,DARK - NOT LIGHTED,30,UTILITY POLE,CLAIBORNE ST & LAFAYETTE ST,NASHVILLE,TN,37210,8147,SOUTH,36.1484,-86.7612,POINT (-86.7612 36.1484)
20190926412,12/28/2019 10:26:00 PM,2,0,0,,N,352205,5,SIDESWIPE - SAME DIRECTION,21,CLEAR,3,DARK - LIGHTED,12,MOTOR VEHICLE IN TRANSPORT,BRILEY PKWYS & BRILEY PKWY S ENT RAMP,NASHVILLE,TN,37211,88962,SOUTH,36.1103,-86.7197,POINT (-86.7197 36.1103)
20190724188,10/01/2019 03:38:00 PM,3,1,0,,N,384442,11,Front to Rear,21,CLEAR,1,DAYLIGHT,12;71,MOTOR VEHICLE IN TRANSPORT;EMBANKMENT EARTH,3000 LEBANON PKE,NASHVILLE,TN,37214,9311,HERMIT,36.1727,-86.6495,POINT (-86.6495 36.1727)
20190867084,12/02/2019 01:11:00 PM,4,2,0,,N,591936,11,Front to Rear,21,CLEAR,1,DAYLIGHT,12,MOTOR VEHICLE IN TRANSPORT,ACKLEN AV & WEDGEWOOD AV,NASHVILLE,TN,37204,6919,MIDTOW,36.1342,-86.7817,POINT (-86.7817 36.1342)
20190783675,10/27/2019 10:30:00 AM,2,0,0,,N,571328,5,SIDESWIPE - SAME DIRECTION,21,CLEAR,1,DAYLIGHT,12,MOTOR VEHICLE IN TRANSPORT,711 GALLATIN AV,NASHVILLE,TN,37206,1301,EAST,36.1844,-86.748,POINT (-86.748 36.1844)
20190746570,10/11/2019 04:25:00 AM,2,0,0,,Y,299274,5,SIDESWIPE - SAME DIRECTION,21,CLEAR,2,DARK - NOT LIGHTED,12,MOTOR VEHICLE IN TRANSPORT,MM 217 9 I 40,NASHVILLE,TN,37214,94040,HERMIT,36.1411,-86.658,POINT (-86.658 36.1411)
20190855425,11/26/2019 04:09:00 PM,2,0,0,,N,197070,11,Front to Rear,21,CLEAR,1,DAYLIGHT,12,MOTOR VEHICLE IN TRANSPORT,MM 84 7 I 65,NASHVILLE,TN,37208,44040,NORTH,36.1761,-86.8012,POINT (-86.8012 36.1761)
20190657853,09/03/2019 04:00:00 PM,2,0,0,,Y,240955,11,Front to Rear,21,CLEAR,1,DAYLIGHT,12,MOTOR VEHICLE IN TRANSPORT,ASHMONT CIR & ASHMONT DR,NASHVILLE,TN,37211,8717,SOUTH,36.0468,-86.7019,POINT (-86.7019 36.0468)
20190694665,09/19/2019 02:13:00 AM,1,0,0,,Y,110090,0,NOT COLLISION W/MOTOR VEHICLE-TRANSPORT,21,CLEAR,3,DARK - LIGHTED,36,CONCRETE TRAFFIC BARRIER,MM 55 9 I 24,NASHVILLE,TN,37211,88100,SOUTH,36.0833,-86.6982,POINT (-86.6982 36.0833)
20190678971,09/12/2019 02:54:00 PM,1,1,0,Y,N,419972,0,NOT COLLISION W/MOTOR VEHICLE-TRANSPORT,21,CLEAR,1,DAYLIGHT,39,WALL,WILSON BLVDS & WOODMONT BLVD,NASHVILLE,TN,37215,6015,WEST,36.1166,-86.8349,POINT (-86.8349 36.1166)
20190893485,12/13/2019 06:30:00 AM,1,0,0,,N,693093,0,NOT COLLISION W/MOTOR VEHICLE-TRANSPORT,22,CLOUDY,1,DAYLIGHT,50,DEER (ANIMAL),TINNIN RD & GAYLEMORE DR,GOODLETTSVILLE,TN,37072,2219,MADISO,36.376,-86.7292,POINT (-86.7292 36.376)
20190691093,09/17/2019 07:02:00 PM,2,4,0,,N,151132,11,Front to Rear,21,CLEAR,2,DARK - NOT LIGHTED,12,MOTOR VEHICLE IN TRANSPORT,OLD HICKORY BLVDW & N MARTHONA RD,MADISON,TN,37115,1745,MADISO,36.2644,-86.7292,POINT (-86.7292 36.2644)
20190600872,08/12/2019 04:12:00 PM,2,0,0,,N,714641,5,SIDESWIPE - SAME DIRECTION,21,CLEAR,1,DAYLIGHT,12,MOTOR VEHICLE IN TRANSPORT,DEMONBREUN ST & 9TH AVS,NASHVILLE,TN,37203,4041,CENTRA,36.1563,-86.7821,POINT (-86.7821 36.1563)
20190606307,08/14/2019 02:48:00 PM,3,0,0,,N,267831,11,Front to Rear,21,CLEAR,1,DAYLIGHT,12,MOTOR VEHICLE IN TRANSPORT,OLD HICKORY BLVD & CHICKERING RD,NASHVILLE,TN,37221,6215,WEST,36.0505,-86.8767,POINT (-86.8767 36.0505)
20190687232,09/16/2019 08:18:00 AM,2,0,0,,N,225773,11,Front to Rear,21,CLEAR,1,DAYLIGHT,12,MOTOR VEHICLE IN TRANSPORT,I65 N ENT RAMP & I 65,NASHVILLE,TN,37207,1829,EAST,36.209,-86.7759,POINT (-86.7759 36.209)
20190635567,08/25/2019 07:19:00 PM,1,1,0,,N,309262,0,NOT COLLISION W/MOTOR VEHICLE-TRANSPORT,2,RAIN,3,DARK - LIGHTED,36,CONCRETE TRAFFIC BARRIER,MM 91 9 I 65,MADISON,TN,37115,17280,MADISO,36.259,-86.7382,POINT (-86.7382 36.259)
20190724634,10/01/2019 05:50:00 PM,2,1,0,,N,352195,2,HEAD-ON,21,CLEAR,1,DAYLIGHT,12,MOTOR VEHICLE IN TRANSPORT,MM 215 0 I 40,NASHVILLE,TN,37214,91021,HERMIT,36.1444,-86.6948,POINT (-86.6948 36.1444)
20190676969,09/11/2019 06:00:00 PM,2,0,0,,N,256386,11,Front to Rear,21,CLEAR,5,DUSK,12,MOTOR VEHICLE IN TRANSPORT,BRILEY PKWYN & BRILEY PKWY,NASHVILLE,TN,37217,8998,HERMIT,36.1369,-86.6993,POINT (-86.6993 36.1369)
20190620761,08/20/2019 07:00:00 AM,7,6,1,,N,226622,11,Front to Rear,21,CLEAR,1,DAYLIGHT,12,MOTOR VEHICLE IN TRANSPORT,MM 2 2 I 440,NASHVILLE,TN,37215,6006,WEST,36.1272,-86.8152,POINT (-86.8152 36.1272)
20190925336,12/28/2019 08:25:00 AM,1,0,0,,N,212345,0,NOT COLLISION W/MOTOR VEHICLE-TRANSPORT,2,RAIN,1,DAYLIGHT,24,GUARDRAIL FACE,I24 W EXT RAMP & I 24,NASHVILLE,TN,37211,8829,SOUTH,36.1074,-86.7197,POINT (-86.7197 36.1074)
20190676488,09/11/2019 12:00:00 AM,2,0,0,,N,279123,4,ANGLE,21,CLEAR,1,DAYLIGHT,12,MOTOR VEHICLE IN TRANSPORT,I440 W ENT RAMP & I 24,NASHVILLE,TN,37217,8801,SOUTH,36.1232,-86.7263,POINT (-86.7263 36.1232)
20190898233,12/15/2019 10:45:00 AM,2,0,0,,Y,348631,6,SIDESWIPE - OPPOSITE DIRECTION,21,CLEAR,1,DAYLIGHT,55,Motor Vehicle-In-Motion Outside Trafficw,JOYCE LN & GALLATIN PKE,NASHVILLE,TN,37216,1801,EAST,36.2336,-86.7252,POINT (-86.7252 36.2336)
20190675448,09/11/2019 07:50:00 AM,2,0,0,,N,693093,11,Front to Rear,21,CLEAR,1,DAYLIGHT,12,MOTOR VEHICLE IN TRANSPORT,MYATT DR & GALLATIN PKEN,MADISON,TN,37115,1731,MADISO,36.2967,-86.699,POINT (-86.699 36.2967)
20190896240,12/14/2019 10:26:00 AM,2,0,0,,N,799013,11,Front to Rear,2,RAIN,1,DAYLIGHT,12,MOTOR VEHICLE IN TRANSPORT,BRILEY PKWYN & BRILEY PKWYS,NASHVILLE,TN,37211,8404,SOUTH,36.1092,-86.727,POINT (-86.727 36.1092)
20190795478,11/01/2019 06:50:00 AM,3,1,0,,Y,226622,4,ANGLE,22,CLOUDY,1,DAYLIGHT,12,MOTOR VEHICLE IN TRANSPORT,MM 192 7 I 40,NASHVILLE,TN,37221,4704,WEST,36.0772,-87.0168,POINT (-87.0168 36.0772)
20190823405,11/13/2019 04:45:00 AM,1,0,0,,Y,173951,0,NOT COLLISION W/MOTOR VEHICLE-TRANSPORT,21,CLEAR,3,DARK - LIGHTED,1,,BRILEY PKWY W EXT RAMP & GALLATIN PKES,MADISON,TN,37115,1517,MADISO,36.2367,-86.7245,POINT (-86.7245 36.2367)
20190736218,10/06/2019 08:51:00 PM,4,2,0,,N,306230,11,Front to Rear,2,RAIN,2,DARK - NOT LIGHTED,12;14,MOTOR VEHICLE IN TRANSPORT;PARKED MOTOR VEHICLE,MM 86 5 I 65,NASHVILLE,TN,37207,3006,NORTH,36.1946,-86.7762,POINT (-86.7762 36.1946)
20190875483,12/05/2019 02:31:00 PM,2,0,0,,Y,151132,11,Front to Rear,21,CLEAR,1,DAYLIGHT,12,MOTOR VEHICLE IN TRANSPORT,I65 N EXT RAMP & OLD HICKORY BLVDW,MADISON,TN,37115,1777,MADISO,36.2642,-86.7356,POINT (-86.7356 36.2642)
20190778201,10/24/2019 05:46:00 PM,2,0,0,,Y,330440,5,SIDESWIPE - SAME DIRECTION,21,CLEAR,1,DAYLIGHT,12,MOTOR VEHICLE IN TRANSPORT,CLARKSVILLE PIKE & 26TH AVE N,NASHVILLE,TN,37208,4429,NORTH,36.1864,-86.8188,POINT (-86.8188 36.1864)
20190721936,09/30/2019 06:38:00 PM,2,0,0,,N,267831,11,Front to Rear,21,CLEAR,1,DAYLIGHT,12,MOTOR VEHICLE IN TRANSPORT,46TH AVN & I40 E ENT RAMP,NASHVILLE,TN,37209,5201,WEST,36.153,-86.8423,POINT (-86.8423 36.153)
20190840896,11/20/2019 11:27:00 AM,2,0,0,,N,628640,4,ANGLE,21,CLEAR,1,DAYLIGHT,12,MOTOR VEHICLE IN TRANSPORT,HARDING PL & ANTIOCH PKE,NASHVILLE,TN,37211,8847,SOUTH,36.0875,-86.6921,POINT (-86.6921 36.0875)
20190661356,09/05/2019 06:00:00 AM,2,0,0,,N,226622,98,OTHER,21,CLEAR,1,DAYLIGHT,12,MOTOR VEHICLE IN TRANSPORT,MM 203 4 I 40,NASHVILLE,TN,37209,46021,WEST,36.1504,-86.8677,POINT (-86.8677 36.1504)
20190700556,09/21/2019 12:30:00 PM,2,0,0,,Y,140790,4,ANGLE,21,CLEAR,1,DAYLIGHT,12,MOTOR VEHICLE IN TRANSPORT,ELM HILL PKE & MASSMAN DR,NASHVILLE,TN,37210,9017,HERMIT,36.1449,-86.711,POINT (-86.711 36.1449)
20190860838,11/29/2019 08:50:00 AM,2,0,0,,N,716886,11,Front to Rear,21,CLEAR,1,DAYLIGHT,12,MOTOR VEHICLE IN TRANSPORT,MM 59 1 I 24,ANTIOCH,TN,37013,87061,SOUTH,36.0478,-86.6634,POINT (-86.6634 36.0478)
20190756250,10/15/2019 12:14:00 PM,2,0,0,,N,225773,11,Front to Rear,21,CLEAR,1,DAYLIGHT,12,MOTOR VEHICLE IN TRANSPORT,HARDING PL & I65 S ENT RAMP,NASHVILLE,TN,37220,7101,MIDTOW,36.0827,-86.7651,POINT (-86.7651 36.0827)
20190907356,12/19/2019 08:13:00 AM,2,0,0,,N,191578,4,ANGLE,21,CLEAR,1,DAYLIGHT,12,MOTOR VEHICLE IN TRANSPORT,LEBANON PKE & DONELSON PKE,NASHVILLE,TN,37214,9311,HERMIT,36.1676,-86.6633,POINT (-86.6633 36.1676)
20190736197,10/06/2019 08:34:00 PM,1,0,0,,N,311337,0,NOT COLLISION W/MOTOR VEHICLE-TRANSPORT,2,RAIN,3,DARK - LIGHTED,63;7,Ran Off Road-Right,LEBANON PKE & RIVERCREST PASS,NASHVILLE,TN,37214,9403,HERMIT,36.171,-86.6527,POINT (-86.6527 36.171)
20190750978,10/13/2019 06:11:00 AM,2,0,0,,Y,352215,4,ANGLE,21,CLEAR,4,DAWN,12,MOTOR VEHICLE IN TRANSPORT,STATE HWY 155 & US HWY 31 ALT,NASHVILLE,TN,37211,8425,SOUTH,36.1109,-86.7452,POINT (-86.7452 36.1109)
20190721259,09/30/2019 12:34:00 PM,2,1,0,,N,109534,11,Front to Rear,21,CLEAR,1,DAYLIGHT,12,MOTOR VEHICLE IN TRANSPORT,I40 W ENT RAMP & I 40,NASHVILLE,TN,37210,9007,HERMIT,36.1484,-86.7454,POINT (-86.7454 36.1484)
20190730969,10/04/2019 07:49:00 AM,2,0,0,,Y,342952,11,Front to Rear,21,CLEAR,1,DAYLIGHT,12,MOTOR VEHICLE IN TRANSPORT,FESSLERS LN & BONDS AV,NASHVILLE,TN,37210,9011,HERMIT,36.1486,-86.7433,POINT (-86.7433 36.1486)
20190922249,12/26/2019 07:18:00 PM,2,1,0,,N,299254,5,SIDESWIPE - SAME DIRECTION,21,CLEAR,3,DARK - LIGHTED,12,MOTOR VEHICLE IN TRANSPORT,ALLEY & TREUTLAND AVE,NASHVILLE,TN,37207,1961,EAST,36.1804,-86.7724,POINT (-86.7724 36.1804)
20190712702,09/26/2019 02:42:00 PM,2,1,0,,N,240983,4,ANGLE,22,CLOUDY,1,DAYLIGHT,12,MOTOR VEHICLE IN TRANSPORT,MM 57 6 I 24,ANTIOCH,TN,37013,87060,SOUTH,36.0629,-86.6829,POINT (-86.6829 36.0629)
20190819601,11/11/2019 04:55:00 PM,1,0,0,,N,905011,0,NOT COLLISION W/MOTOR VEHICLE-TRANSPORT,2,RAIN,5,DUSK,50,DEER (ANIMAL),ASHLAND CITY HWY & ASHLAND CITY HWY,NASHVILLE,TN,37218,3237,NORTH,36.2124,-86.9206,POINT (-86.9206 36.2124)
20190710891,09/25/2019 08:29:00 PM,2,0,0,,Y,240979,5,SIDESWIPE - SAME DIRECTION,21,CLEAR,3,DARK - LIGHTED,12,MOTOR VEHICLE IN TRANSPORT,MM 88 4 I 65,NASHVILLE,TN,37207,30040,NORTH,36.2217,-86.7746,POINT (-86.7746 36.2217)
20190791789,10/30/2019 03:32:00 PM,1,1,0,,N,320599,0,NOT COLLISION W/MOTOR VEHICLE-TRANSPORT,2,RAIN,1,DAYLIGHT,42;63,TREE;Ran Off Road-Right,OLD LEBANON DIRT RD & WEBER RD,HERMITAGE,TN,37076,9507,HERMIT,36.1904,-86.613,POINT (-86.613 36.1904)
20190844028,11/21/2019 04:55:00 PM,3,0,0,,N,384408,11,Front to Rear,22,CLOUDY,5,DUSK,12,MOTOR VEHICLE IN TRANSPORT,BRILEY PKWYN & FAIRBROOK DR,NASHVILLE,TN,37214,9294,HERMIT,36.2039,-86.6895,POINT (-86.6895 36.2039)
20190857042,11/27/2019 08:30:00 AM,2,0,0,,N,225950,6,SIDESWIPE - OPPOSITE DIRECTION,21,CLEAR,1,DAYLIGHT,12,MOTOR VEHICLE IN TRANSPORT,21ST AVS & BLAIR BLVD,NASHVILLE,TN,37212,6607,MIDTOW,36.1304,-86.802,POINT (-86.802 36.1304)
20190910733,12/20/2019 03:00:00 PM,2,0,0,,Y,352156,4,ANGLE,21,CLEAR,1,DAYLIGHT,14,PARKED MOTOR VEHICLE,MCCANN ST & 2ND AVS,NASHVILLE,TN,37210,8153,SOUTH,36.1505,-86.7679,POINT (-86.7679 36.1505)
20190642510,08/28/2019 01:30:00 PM,2,0,0,,Y,676834,11,Front to Rear,21,CLEAR,1,DAYLIGHT,12,MOTOR VEHICLE IN TRANSPORT,SKYLINE MEMORIAL CT & DICKERSON PKE,MADISON,TN,37115,2009,MADISO,36.2439,-86.7566,POINT (-86.7566 36.2439)
20190802996,11/04/2019 03:57:00 PM,2,2,0,,N,299253,4,ANGLE,21,CLEAR,1,DAYLIGHT,12,MOTOR VEHICLE IN TRANSPORT,BEN ALLEN RD & HART LN,NASHVILLE,TN,37216,1813,EAST,36.2175,-86.7435,POINT (-86.7435 36.2175)
20190752128,10/13/2019 12:00:00 AM,2,1,0,,N,330441,11,Front to Rear,21,CLEAR,3,DARK - LIGHTED,12;42,MOTOR VEHICLE IN TRANSPORT;TREE,NOLENSVILLE PKE & ELBERTA ST,NASHVILLE,TN,37210,8319,SOUTH,36.1191,-86.7493,POINT (-86.7493 36.1191)
20190648045,08/30/2019 04:04:00 PM,2,0,0,,N,151132,11,Front to Rear,21,CLEAR,1,DAYLIGHT,12,MOTOR VEHICLE IN TRANSPORT,MM 91 8 I 65,MADISON,TN,37115,17280,MADISO,36.2589,-86.7382,POINT (-86.7382 36.2589)
20190682250,09/13/2019 06:02:00 PM,2,0,0,,N,212330,5,SIDESWIPE - SAME DIRECTION,21,CLEAR,5,DUSK,12,MOTOR VEHICLE IN TRANSPORT,WINTHORNE DR & BRILEY PKWYS,NASHVILLE,TN,37217,8896,SOUTH,36.1171,-86.7026,POINT (-86.7026 36.1171)
20190927368,12/29/2019 10:03:00 AM,2,7,1,,N,224437,4,ANGLE,2,RAIN,1,DAYLIGHT,12,MOTOR VEHICLE IN TRANSPORT,LAFAYETTE ST & 4TH AVS,NASHVILLE,TN,37210,4005,CENTRA,36.1518,-86.7713,POINT (-86.7713 36.1518)
20190611601,08/16/2019 03:16:00 PM,2,0,0,,Y,299257,4,ANGLE,21,CLEAR,1,DAYLIGHT,12,MOTOR VEHICLE IN TRANSPORT,ACKLEN AV & 12TH AVS,NASHVILLE,TN,37204,6943,MIDTOW,36.1338,-86.7888,POINT (-86.7888 36.1338)
20190883756,12/09/2019 01:46:00 PM,2,0,0,,N,191578,5,SIDESWIPE - SAME DIRECTION,22,CLOUDY,1,DAYLIGHT,12,MOTOR VEHICLE IN TRANSPORT,LEBANON PKE & TYLER DR,HERMITAGE,TN,37076,9719,HERMIT,36.1776,-86.6167,POINT (-86.6167 36.1776)
20190816668,11/10/2019 08:16:00 AM,1,0,0,,N,298864,0,NOT COLLISION W/MOTOR VEHICLE-TRANSPORT,21,CLEAR,1,DAYLIGHT,11,OTHER ANIMAL,NEELYS BEND RD & KINSEY BLVD,MADISON,TN,37115,1631,MADISO,36.2512,-86.6906,POINT (-86.6906 36.2512)
20190624655,08/21/2019 02:11:00 PM,2,0,0,,N,620072,11,Front to Rear,21,CLEAR,1,DAYLIGHT,12,MOTOR VEHICLE IN TRANSPORT,US HWY 31 ALT & RAMP,NASHVILLE,TN,37210,8153,SOUTH,36.1505,-86.7703,POINT (-86.7703 36.1505)
20190586973,08/07/2019 11:10:00 AM,2,0,0,,N,420035,4,ANGLE,21,CLEAR,1,DAYLIGHT,12,MOTOR VEHICLE IN TRANSPORT,W WEBSTER ST & GALLATIN PKES,MADISON,TN,37115,1783,MADISO,36.2519,-86.7177,POINT (-86.7177 36.2519)
20190895344,12/13/2019 11:08:00 PM,1,0,0,Y,N,415780,0,NOT COLLISION W/MOTOR VEHICLE-TRANSPORT,21,CLEAR,3,DARK - LIGHTED,20;33,IMPACT ATTENUATOR;CURB,1 12TH AVS,NASHVILLE,TN,37212,6513,MIDTOW,36.1254,-86.7896,POINT (-86.7896 36.1254)
20190706782,09/24/2019 08:17:00 AM,2,0,0,,Y,405447,5,SIDESWIPE - SAME DIRECTION,21,CLEAR,1,DAYLIGHT,12,MOTOR VEHICLE IN TRANSPORT,MM 78 0 I 65,NASHVILLE,TN,37204,8502,MIDTOW,36.0856,-86.7632,POINT (-86.7632 36.0856)
20190728780,10/03/2019 11:00:00 AM,5,0,0,Y,Y,571313,98,OTHER,21,CLEAR,1,DAYLIGHT,12;14;38,MOTOR VEHICLE IN TRANSPORT;PARKED MOTOR VEHICLE;FENCE,HILLSIDE AVE & W ARGYLE AVE,NASHVILLE,TN,37203,6907,MIDTOW,36.1368,-86.7836,POINT (-86.7836 36.1368)
20190874096,12/05/2019 05:02:00 AM,2,0,0,,N,415780,5,SIDESWIPE - SAME DIRECTION,21,CLEAR,3,DARK - LIGHTED,12,MOTOR VEHICLE IN TRANSPORT,MM 6 0 I 440,NASHVILLE,TN,37211,81060,MIDTOW,36.1217,-86.7565,POINT (-86.7565 36.1217)
20190847148,11/22/2019 05:30:00 PM,2,0,0,,N,352186,2,HEAD-ON,21,CLEAR,1,DAYLIGHT,12,MOTOR VEHICLE IN TRANSPORT,CLARKSVILLE PKE & ABERNATHY RD,NASHVILLE,TN,37218,3163,NORTH,36.203,-86.8405,POINT (-86.8405 36.203)
20190869343,12/03/2019 10:30:00 AM,1,0,0,,N,226306,0,NOT COLLISION W/MOTOR VEHICLE-TRANSPORT,21,CLEAR,1,DAYLIGHT,18,OTHER OBJECT (NOT FIXED),ORLANDO AV & CHARLOTTE PKE,NASHVILLE,TN,37209,5103,WEST,36.15,-86.8573,POINT (-86.8573 36.15)
20190855587,11/26/2019 05:38:00 PM,2,1,0,,N,620080,4,ANGLE,2,RAIN,3,DARK - LIGHTED,12,MOTOR VEHICLE IN TRANSPORT,OLD HICKORY BLVDW & HEAD DR,MADISON,TN,37115,1777,MADISO,36.2642,-86.7346,POINT (-86.7346 36.2642)
20190899524,12/16/2019 06:15:00 AM,2,0,0,,Y,665896,5,SIDESWIPE - SAME DIRECTION,2,RAIN,4,DAWN,12,MOTOR VEHICLE IN TRANSPORT,GALLATIN PKE & HART LN,NASHVILLE,TN,37216,1441,EAST,36.2116,-86.7326,POINT (-86.7326 36.2116)
20190582083,08/05/2019 04:38:00 PM,2,0,0,,N,256383,4,ANGLE,21,CLEAR,1,DAYLIGHT,12,MOTOR VEHICLE IN TRANSPORT,RECOVERY RD & HARDING PL,NASHVILLE,TN,37211,8705,SOUTH,36.0802,-86.718,POINT (-86.718 36.0802)
20190827204,11/14/2019 05:12:00 PM,3,0,0,,N,384424,4,ANGLE,21,CLEAR,3,DARK - LIGHTED,12;99,MOTOR VEHICLE IN TRANSPORT;UNKNOWN MOST HARMFUL EVENT,8TH AVS & LAFAYETTE ST,NASHVILLE,TN,37203,4043,CENTRA,36.1546,-86.7792,POINT (-86.7792 36.1546)
20190761210,10/17/2019 11:28:00 AM,2,0,0,,N,665896,11,Front to Rear,21,CLEAR,1,DAYLIGHT,12,MOTOR VEHICLE IN TRANSPORT,LITTON AV & RIVERSIDE DR,NASHVILLE,TN,37216,1407,EAST,36.1999,-86.7229,POINT (-86.7229 36.1999)
20190873050,12/04/2019 05:25:00 PM,2,0,0,,Y,384424,5,SIDESWIPE - SAME DIRECTION,21,CLEAR,3,DARK - LIGHTED,12,MOTOR VEHICLE IN TRANSPORT,BROADWAY & 4TH AVN,NASHVILLE,TN,37203,4091,CENTRA,36.161,-86.7772,POINT (-86.7772 36.161)
20190932102,12/31/2019 03:25:00 PM,2,0,0,,N,151132,5,SIDESWIPE - SAME DIRECTION,21,CLEAR,1,DAYLIGHT,12,MOTOR VEHICLE IN TRANSPORT,GALLATIN PKES & MAPLE ST,MADISON,TN,37115,1607,MADISO,36.2617,-86.7124,POINT (-86.7124 36.2617)
20190720974,09/30/2019 10:15:00 AM,3,1,0,,N,179580,11,Front to Rear,21,CLEAR,1,DAYLIGHT,12,MOTOR VEHICLE IN TRANSPORT,DR D B TODD JR BLVD & KNOWLES ST,NASHVILLE,TN,37208,4477,NORTH,36.1724,-86.8078,POINT (-86.8078 36.1724)
20190855881,11/26/2019 07:00:00 PM,3,0,0,,Y,717341,11,Front to Rear,2,RAIN,3,DARK - LIGHTED,14,PARKED MOTOR VEHICLE,LAKEWALK DR & PIN OAK DR,ANTIOCH,TN,37013,8905,SOUTH,36.0515,-86.5908,POINT (-86.5908 36.0515)
20190613588,08/17/2019 09:40:00 AM,1,1,0,,N,320601,0,NOT COLLISION W/MOTOR VEHICLE-TRANSPORT,21,CLEAR,1,DAYLIGHT,1;71,EMBANKMENT EARTH,OLD HICKORY BLVD & PETTUS RD,ANTIOCH,TN,37013,8767,SOUTH,36.0109,-86.6654,POINT (-86.6654 36.0109)