Accident Number,Date and Time,Number of Motor Vehicles,Number of Injuries,Number of Fatalities,Property Damage,Hit and Run,Reporting Officer,Collision Type Code,Collision Type Description,Weather Code,Weather Description,Illumination Code,Illumination Description,Harmful Code,Harmful Code Description,Street Address,City,State,ZIP,RPA,Precinct,Latitude,Longitude,Mapped Location
20190754169,10/14/2019 05:11:00 PM,2,0,0,,N,384411,11,Front to Rear,21,CLEAR,1,DAYLIGHT,12,MOTOR VEHICLE IN TRANSPORT,I40 E EXT RAMP & I 40,NASHVILLE,TN,37214,8955,HERMIT,36.155,-86.6271,POINT (-86.6271 36.155)
20190749414,10/12/2019 11:15:00 AM,2,0,0,,N,262766,4,ANGLE,21,CLEAR,1,DAYLIGHT,12,MOTOR VEHICLE IN TRANSPORT,SAWYER BROWN RD & ESTERBROOK DR,NASHVILLE,TN,37221,4815,WEST,36.0822,-86.9442,POINT (-86.9442 36.0822)
20190852338,11/25/2019 11:55:00 AM,2,1,0,,N,420059,5,SIDESWIPE - SAME DIRECTION,21,CLEAR,1,DAYLIGHT,12,MOTOR VEHICLE IN TRANSPORT,NOLENSVILLE PKE & HAYWOOD LN,NASHVILLE,TN,37211,8661,MIDTOW,36.0683,-86.7193,POINT (-86.7193 36.0683)
20190766637,10/19/2019 01:17:00 PM,2,0,0,,N,299267,4,ANGLE,21,CLEAR,1,DAYLIGHT,12,MOTOR VEHICLE IN TRANSPORT,I40 E EXT RAMP & I 40,NASHVILLE,TN,37214,8955,HERMIT,36.155,-86.6271,POINT (-86.6271 36.155)
20190696751,09/19/2019 08:46:00 PM,2,0,0,,N,240983,11,Front to Rear,21,CLEAR,2,DARK - NOT LIGHTED,12,MOTOR VEHICLE IN TRANSPORT,ANTIOCH PKE & CANDY LN,NASHVILLE,TN,37211,8845,SOUTH,36.0918,-86.697,POINT (-86.697 36.0918)
20190616283,08/18/2019 02:46:00 PM,1,0,0,Y,N,299241,0,NOT COLLISION W/MOTOR VEHICLE-TRANSPORT,21,CLEAR,1,DAYLIGHT,19,BUILDING,MARKET SQ & JACKSONS VALLEY RD,HERMITAGE,TN,37076,9559,HERMIT,36.1841,-86.5994,POINT (-86.5994 36.1841)
20190700618,09/21/2019 01:20:00 PM,2,0,0,,Y,225950,4,ANGLE,21,CLEAR,1,DAYLIGHT,12,MOTOR VEHICLE IN TRANSPORT,12TH AVS & W GROVE AV,NASHVILLE,TN,37203,6913,MIDTOW,36.1354,-86.789,POINT (-86.789 36.1354)
20190840467,11/20/2019 08:40:00 AM,2,0,0,,N,206962,5,SIDESWIPE - SAME DIRECTION,21,CLEAR,1,DAYLIGHT,12,MOTOR VEHICLE IN TRANSPORT,MM 88 5 I 65,NASHVILLE,TN,37207,30040,NORTH,36.2237,-86.7746,POINT (-86.7746 36.2237)
20190639760,08/27/2019 01:15:00 PM,2,0,0,,N,591936,11,Front to Rear,21,CLEAR,1,DAYLIGHT,12,MOTOR VEHICLE IN TRANSPORT,FRANKLIN PKE & BERRY RD,NASHVILLE,TN,37204,6937,MIDTOW,36.1189,-86.7746,POINT (-86.7746 36.1189)
20190863959,11/30/2019 10:44:00 PM,2,1,0,,Y,197060,4,ANGLE,21,CLEAR,3,DARK - LIGHTED,12,MOTOR VEHICLE IN TRANSPORT,239 MOOREWOOD DR,NASHVILLE,TN,37207,2031,MADISO,36.2348,-86.7756,POINT (-86.7756 36.2348)
20190719228,09/29/2019 12:34:00 PM,2,0,0,,N,384439,11,Front to Rear,21,CLEAR,1,DAYLIGHT,12,MOTOR VEHICLE IN TRANSPORT,I440 E EXT RAMP & I 440,NASHVILLE,TN,37205,5249,WEST,36.1366,-86.8221,POINT (-86.8221 36.1366)
20190862207,11/29/2019 10:00:00 PM,2,0,0,,Y,311326,11,Front to Rear,21,CLEAR,3,DARK - LIGHTED,12,MOTOR VEHICLE IN TRANSPORT,12TH AVN & IRELAND ST,NASHVILLE,TN,37208,5427,NORTH,36.168,-86.7969,POINT (-86.7969 36.168)
20190905466,12/18/2019 01:15:00 PM,2,0,0,,Y,676834,4,ANGLE,22,CLOUDY,1,DAYLIGHT,12,MOTOR VEHICLE IN TRANSPORT,CLARKSVILLE PKE & 23RD AVN,NASHVILLE,TN,37208,4485,NORTH,36.1841,-86.8144,POINT (-86.8144 36.1841)
20190900684,12/16/2019 05:25:00 PM,2,0,0,,N,298877,11,Front to Rear,2,RAIN,1,DAYLIGHT,12,MOTOR VEHICLE IN TRANSPORT,MM 53 3 I 24,NASHVILLE,TN,37210,88141,SOUTH,36.1146,-86.7245,POINT (-86.7245 36.1146)
20190652493,09/01/2019 12:59:00 PM,2,0,0,,N,109527,11,Front to Rear,21,CLEAR,1,DAYLIGHT,12,MOTOR VEHICLE IN TRANSPORT,BELL RD & ELM HILL PKE,NASHVILLE,TN,37214,8995,HERMIT,36.1411,-86.628,POINT (-86.628 36.1411)
20190856503,11/27/2019 03:07:00 AM,1,0,0,,N,468097,0,NOT COLLISION W/MOTOR VEHICLE-TRANSPORT,21,CLEAR,3,DARK - LIGHTED,1;2;29,LUMINAIRE/LIGHT SUPPORT,MM 211 0 I 40,NASHVILLE,TN,37210,82020,HERMIT,36.1544,-86.7598,POINT (-86.7598 36.1544)
20190751759,10/13/2019 05:27:00 PM,1,1,0,,Y,197054,0,NOT COLLISION W/MOTOR VEHICLE-TRANSPORT,21,CLEAR,1,DAYLIGHT,8,PEDESTRIAN,US HWY 41 & CONNECTING ROAD,NASHVILLE,TN,37217,8823,HERMIT,36.1224,-86.7054,POINT (-86.7054 36.1224)
20190618473,08/19/2019 12:55:00 PM,1,1,0,,N,352164,0,NOT COLLISION W/MOTOR VEHICLE-TRANSPORT,21,CLEAR,1,DAYLIGHT,18,OTHER OBJECT (NOT FIXED),1200 BELL RD,ANTIOCH,TN,37013,8753,SOUTH,36.0447,-86.6639,POINT (-86.6639 36.0447)
20190884483,12/09/2019 05:15:00 PM,2,0,0,,Y,384408,11,Front to Rear,99,UNKNOWN,7,Dark-Unknown Lighting,12,MOTOR VEHICLE IN TRANSPORT,BRILEY PKWYW & BRILEY PKWYE,NASHVILLE,TN,37218,3216,NORTH,36.2254,-86.8638,POINT (-86.8638 36.2254)
20190767532,10/20/2019 04:28:00 AM,2,0,0,,N,151122,5,SIDESWIPE - SAME DIRECTION,2,RAIN,3,DARK - LIGHTED,12,MOTOR VEHICLE IN TRANSPORT,BRILEY PKWYN & BRILEY PKWYS,NASHVILLE,TN,37211,8404,SOUTH,36.1092,-86.727,POINT (-86.727 36.1092)
20190829568,11/15/2019 03:21:00 PM,2,0,0,,N,384403,4,ANGLE,21,CLEAR,1,DAYLIGHT,12,MOTOR VEHICLE IN TRANSPORT,CHARLOTTE PKE & LELLYETT ST,NASHVILLE,TN,37209,5025,WEST,36.1489,-86.8645,POINT (-86.8645 36.1489)
20190790823,10/30/2019 07:41:00 AM,2,2,0,,N,474557,4,ANGLE,2,RAIN,1,DAYLIGHT,12,MOTOR VEHICLE IN TRANSPORT,APACHE TRL & BARELLA DR,ANTIOCH,TN,37013,8713,SOUTH,36.0618,-86.6826,POINT (-86.6826 36.0618)
20190629965,08/23/2019 10:28:00 AM,2,0,0,,N,109534,2,HEAD-ON,22,CLOUDY,1,DAYLIGHT,12,MOTOR VEHICLE IN TRANSPORT,WOODBERRY DR & MCGAVOCK PKE,NASHVILLE,TN,37214,9119,HERMIT,36.1568,-86.6809,POINT (-86.6809 36.1568)
20190734807,10/06/2019 12:44:00 AM,2,0,0,,N,330413,4,ANGLE,21,CLEAR,3,DARK - LIGHTED,12,MOTOR VEHICLE IN TRANSPORT,19TH AVE S & US HWY 431,NASHVILLE,TN,37203,5705,MIDTOW,36.151,-86.7965,POINT (-86.7965 36.151)
20190862054,11/29/2019 09:42:00 PM,1,1,0,,N,256446,0,NOT COLLISION W/MOTOR VEHICLE-TRANSPORT,21,CLEAR,3,DARK - LIGHTED,8,PEDESTRIAN,MURFREESBORO PKE & HAMILTON CHURCH RD,ANTIOCH,TN,37013,8865,SOUTH,36.0649,-86.6286,POINT (-86.6286 36.0649)
20190594009,08/09/2019 06:15:00 PM,2,0,0,,N,330431,11,Front to Rear,21,CLEAR,1,DAYLIGHT,12,MOTOR VEHICLE IN TRANSPORT,W TRINITY LN & MONTICELLO DR,NASHVILLE,TN,37207,3019,NORTH,36.2072,-86.7832,POINT (-86.7832 36.2072)
20190606690,08/14/2019 05:56:00 PM,2,0,0,,N,169425,11,Front to Rear,21,CLEAR,1,DAYLIGHT,12,MOTOR VEHICLE IN TRANSPORT,MM 6 0 I 440,NASHVILLE,TN,37211,81060,MIDTOW,36.1217,-86.7565,POINT (-86.7565 36.1217)
20190780225,10/25/2019 02:29:00 PM,2,0,0,,N,240983,5,SIDESWIPE - SAME DIRECTION,2,RAIN,1,DAYLIGHT,12;33,MOTOR VEHICLE IN TRANSPORT;CURB,ASHEFORD TRC & BENT WOOD DR,ANTIOCH,TN,37013,8867,SOUTH,36.0424,-86.6227,POINT (-86.6227 36.0424)
20190800921,11/03/2019 06:48:00 PM,2,0,0,,N,330425,4,ANGLE,21,CLEAR,3,DARK - LIGHTED,12,MOTOR VEHICLE IN TRANSPORT,GALLATIN PKES & E OLD HICKORY BLVD,MADISON,TN,37115,1771,MADISO,36.2622,-86.7122,POINT (-86.7122 36.2622)
20190635551,08/25/2019 07:08:00 PM,1,0,0,,N,299241,0,NOT COLLISION W/MOTOR VEHICLE-TRANSPORT,2,RAIN,2,DARK - NOT LIGHTED,36,CONCRETE TRAFFIC BARRIER,I 40 & UNKNOWN RAMP,NASHVILLE,TN,37210,9041,HERMIT,36.144,-86.7013,POINT (-86.7013 36.144)
20190743009,10/09/2019 06:58:00 PM,2,0,0,,Y,256386,4,ANGLE,21,CLEAR,3,DARK - LIGHTED,12,MOTOR VEHICLE IN TRANSPORT,SMITH SPRINGS RD & OLD SMITH SPRINGS RD,NASHVILLE,TN,37217,8935,HERMIT,36.0921,-86.631,POINT (-86.631 36.0921)
20190761918,10/17/2019 05:02:00 PM,2,0,0,,N,256426,5,SIDESWIPE - SAME DIRECTION,21,CLEAR,1,DAYLIGHT,12,MOTOR VEHICLE IN TRANSPORT,MM 212 8 I 40,NASHVILLE,TN,37210,90040,HERMIT,36.1425,-86.7353,POINT (-86.7353 36.1425)
20190764707,10/18/2019 07:39:00 PM,2,0,0,,N,151132,11,Front to Rear,21,CLEAR,3,DARK - LIGHTED,12,MOTOR VEHICLE IN TRANSPORT,DICKERSON PKE & DICKERSON PKE ENT RAMP,MADISON,TN,37115,2009,MADISO,36.242,-86.7571,POINT (-86.7571 36.242)
20190810043,11/07/2019 09:10:00 AM,2,0,0,,N,384445,11,Front to Rear,2,RAIN,1,DAYLIGHT,12,MOTOR VEHICLE IN TRANSPORT,42ND AVN & CHARLOTTE AV,NASHVILLE,TN,37209,5217,WEST,36.1524,-86.8371,POINT (-86.8371 36.1524)
20190924734,12/27/2019 10:52:00 PM,1,1,0,,N,311343,0,NOT COLLISION W/MOTOR VEHICLE-TRANSPORT,5,FOG,3,DARK - LIGHTED,36,CONCRETE TRAFFIC BARRIER,I440 W ENT RAMP & I 440,NASHVILLE,TN,37210,81021,SOUTH,36.1259,-86.7322,POINT (-86.7322 36.1259)
20190754595,10/14/2019 09:22:00 PM,2,0,0,,Y,240983,4,ANGLE,21,CLEAR,2,DARK - NOT LIGHTED,12;34;63;65;66,MOTOR VEHICLE IN TRANSPORT;DITCH;Ran Off Road-Right;Cross Median;Down Hill-Run Away,I24 E ENT RAMP & I 24,NASHVILLE,TN,37213,1007,CENTRA,36.1662,-86.7659,POINT (-86.7659 36.1662)
20190863481,11/30/2019 04:40:00 PM,3,2,0,,N,352166,5,SIDESWIPE - SAME DIRECTION,2,RAIN,5,DUSK,12,MOTOR VEHICLE IN TRANSPORT,BRILEY PKWYE & DOVERSIDE DR,NASHVILLE,TN,37207,20121,MADISO,36.2401,-86.7694,POINT (-86.7694 36.2401)
20190863105,11/30/2019 11:14:00 AM,2,0,0,,Y,110063,11,Front to Rear,2,RAIN,1,DAYLIGHT,12,MOTOR VEHICLE IN TRANSPORT,MM 44 3 I 24,NASHVILLE,TN,37207,32242,NORTH,36.229,-86.7805,POINT (-86.7805 36.229)
20190849199,11/23/2019 12:00:00 AM,2,0,0,,Y,330441,4,ANGLE,21,CLEAR,3,DARK - LIGHTED,12,MOTOR VEHICLE IN TRANSPORT,NOLENSVILLE PKE & I440 W EXT RAMP,NASHVILLE,TN,37210,8101,SOUTH,36.1242,-86.7518,POINT (-86.7518 36.1242)
20190696484,09/19/2019 05:01:00 PM,2,0,0,,N,887598,11,Front to Rear,21,CLEAR,1,DAYLIGHT,12,MOTOR VEHICLE IN TRANSPORT,MM 207 1 I 40,NASHVILLE,TN,37208,54020,NORTH,36.1698,-86.8093,POINT (-86.8093 36.1698)
20190798336,11/02/2019 11:30:00 AM,2,0,0,,N,462474,4,ANGLE,21,CLEAR,1,DAYLIGHT,13,MOTOR VEHICLE IN TRANSPORT-OTHER ROADWAY,TYNE BLVD & GRANNY WHITE PKE,NASHVILLE,TN,37215,6309,MIDTOW,36.0808,-86.8071,POINT (-86.8071 36.0808)
20190720835,09/30/2019 08:43:00 AM,2,3,0,,N,262766,4,ANGLE,21,CLEAR,1,DAYLIGHT,12,MOTOR VEHICLE IN TRANSPORT,CLEMATIS DR & DAVIDSON RD,NASHVILLE,TN,37205,5005,WEST,36.1217,-86.8965,POINT (-86.8965 36.1217)
20190731164,10/04/2019 07:45:00 AM,2,0,0,,N,716886,5,SIDESWIPE - SAME DIRECTION,21,CLEAR,1,DAYLIGHT,12,MOTOR VEHICLE IN TRANSPORT,4TH AVS & HOUSTON ST,NASHVILLE,TN,37203,8045,MIDTOW,36.143,-86.7654,POINT (-86.7654 36.143)
20190872093,12/04/2019 09:42:00 AM,3,0,0,,N,834798,11,Front to Rear,21,CLEAR,1,DAYLIGHT,12,MOTOR VEHICLE IN TRANSPORT,OLD HICKORY BLVD & THRIBLE SPRINGS DR,NASHVILLE,TN,37211,8651,MIDTOW,36.0392,-86.7359,POINT (-86.7359 36.0392)
20190904528,12/18/2019 06:48:00 AM,1,0,0,,N,151124,0,NOT COLLISION W/MOTOR VEHICLE-TRANSPORT,98,OTHER (NARRATIVE),4,DAWN,36,CONCRETE TRAFFIC BARRIER,I65 S EXT RAMP & BRILEY PKWYW,NASHVILLE,TN,37216,18800,EAST,36.2398,-86.7474,POINT (-86.7474 36.2398)
20190749061,10/12/2019 07:20:00 AM,1,0,0,,N,262766,0,NOT COLLISION W/MOTOR VEHICLE-TRANSPORT,21,CLEAR,1,DAYLIGHT,1;32,CULVERT,THUNDERBIRD DR & STARLINER DR,NASHVILLE,TN,37209,4675,WEST,36.1461,-86.8814,POINT (-86.8814 36.1461)
20190929684,12/30/2019 12:04:00 PM,3,0,0,,N,161952,11,Front to Rear,21,CLEAR,1,DAYLIGHT,12;24,MOTOR VEHICLE IN TRANSPORT;GUARDRAIL FACE,MM 38 7 I 24,WHITES CREEK,TN,37189,33181,NORTH,36.3004,-86.8122,POINT (-86.8122 36.3004)
20190795864,11/01/2019 12:00:00 AM,2,0,0,,N,620072,4,ANGLE,21,CLEAR,1,DAYLIGHT,12,MOTOR VEHICLE IN TRANSPORT,14TH AVS & WEDGEWOOD AV,NASHVILLE,TN,37212,6617,MIDTOW,36.136,-86.7907,POINT (-86.7907 36.136)
20190747847,10/11/2019 05:19:00 PM,2,0,0,,N,311332,4,ANGLE,2,RAIN,1,DAYLIGHT,12,MOTOR VEHICLE IN TRANSPORT,HIGHWAY 70S & BELLE FOREST SHOPPING CENT,NASHVILLE,TN,37205,4903,WEST,36.0746,-86.9205,POINT (-86.9205 36.0746)
20190707989,09/24/2019 05:00:00 PM,2,0,0,,N,279214,4,ANGLE,21,CLEAR,1,DAYLIGHT,12,MOTOR VEHICLE IN TRANSPORT,ELYSIAN FIELDS RD & SIDCO DR,NASHVILLE,TN,37204,8529,MIDTOW,36.0849,-86.7618,POINT (-86.7618 36.0849)
20190659045,09/04/2019 07:37:00 AM,2,2,0,,N,256428,11,Front to Rear,21,CLEAR,1,DAYLIGHT,12,MOTOR VEHICLE IN TRANSPORT,SPRING ST ENT RAMP & SPRING ST,NASHVILLE,TN,37207,1977,EAST,36.1764,-86.7672,POINT (-86.7672 36.1764)
20190824298,11/13/2019 12:28:00 PM,2,0,0,,N,226622,4,ANGLE,,,1,DAYLIGHT,12,MOTOR VEHICLE IN TRANSPORT,I40 E EXT RAMP & I 40,NASHVILLE,TN,37214,8955,HERMIT,36.155,-86.6271,POINT (-86.6271 36.155)
20190879379,12/07/2019 12:20:00 AM,1,0,0,Y,Y,628640,0,NOT COLLISION W/MOTOR VEHICLE-TRANSPORT,22,CLOUDY,3,DARK - LIGHTED,38,FENCE,223 STIRTON RD,NASHVILLE,TN,37210,8331,SOUTH,36.1239,-86.7338,POINT (-86.7338 36.1239)
20190826192,11/14/2019 08:00:00 AM,3,0,0,,N,693093,11,Front to Rear,21,CLEAR,1,DAYLIGHT,12,MOTOR VEHICLE IN TRANSPORT,DICKERSON PKE & DUE WEST AVN,MADISON,TN,37115,2017,MADISO,36.2563,-86.7579,POINT (-86.7579 36.2563)
20190929579,12/30/2019 12:45:00 PM,2,1,0,,N,109534,4,ANGLE,21,CLEAR,1,DAYLIGHT,12,MOTOR VEHICLE IN TRANSPORT,LEBANON PKE & HERMITAGE RD,OLD HICKORY,TN,37138,9739,HERMIT,36.2003,-86.6186,POINT (-86.6186 36.2003)
20190913193,12/21/2019 11:51:00 PM,2,1,0,,N,299269,11,Front to Rear,21,CLEAR,2,DARK - NOT LIGHTED,14,PARKED MOTOR VEHICLE,PANORAMA DR & CROWE DR,NASHVILLE,TN,37218,3173,NORTH,36.1818,-86.8411,POINT (-86.8411 36.1818)
20190753804,10/14/2019 01:57:00 PM,2,0,0,,N,420059,4,ANGLE,21,CLEAR,1,DAYLIGHT,12,MOTOR VEHICLE IN TRANSPORT,OLD HICKORY BLVD & EDMONDSON PKE,NASHVILLE,TN,37220,8615,MIDTOW,36.04,-86.7435,POINT (-86.7435 36.04)
20190828770,11/15/2019 08:53:00 AM,1,0,0,,N,414731,0,NOT COLLISION W/MOTOR VEHICLE-TRANSPORT,21,CLEAR,1,DAYLIGHT,7,,MM 53 6 I 24,NASHVILLE,TN,37211,83021,SOUTH,36.1114,-86.7229,POINT (-86.7229 36.1114)
20190623698,08/21/2019 06:50:00 AM,2,0,0,,N,493309,11,Front to Rear,21,CLEAR,1,DAYLIGHT,12,MOTOR VEHICLE IN TRANSPORT,MM 93 9 I 65,MADISON,TN,37115,17042,MADISO,36.2869,-86.7266,POINT (-86.7266 36.2869)
20190793263,10/31/2019 07:15:00 AM,2,0,0,,N,384398,11,Front to Rear,2,RAIN,1,DAYLIGHT,12,MOTOR VEHICLE IN TRANSPORT,HOBSON PKE & MURFREESBORO PKE,ANTIOCH,TN,37013,8971,SOUTH,36.043,-86.6066,POINT (-86.6066 36.043)
20190583192,08/06/2019 12:00:00 AM,1,0,0,,N,299248,0,NOT COLLISION W/MOTOR VEHICLE-TRANSPORT,21,CLEAR,2,DARK - NOT LIGHTED,24;34,GUARDRAIL FACE;DITCH,CURREY RD & FORRESTER DR,NASHVILLE,TN,37217,8839,SOUTH,36.1045,-86.6959,POINT (-86.6959 36.1045)
20190855525,11/26/2019 05:02:00 PM,2,0,0,,N,151132,11,Front to Rear,2,RAIN,5,DUSK,12,MOTOR VEHICLE IN TRANSPORT,GALLATIN PKES & HICKORY ST,MADISON,TN,37115,1605,MADISO,36.2604,-86.7129,POINT (-86.7129 36.2604)
20190754096,10/14/2019 04:20:00 PM,2,0,0,,N,433550,2,HEAD-ON,21,CLEAR,1,DAYLIGHT,13,MOTOR VEHICLE IN TRANSPORT-OTHER ROADWAY,SAUNDERSVILLE RD & WOODSIDE DR,HERMITAGE,TN,37076,9727,HERMIT,36.2289,-86.5913,POINT (-86.5913 36.2289)
20190627435,08/22/2019 01:32:00 PM,2,0,0,,N,716886,5,SIDESWIPE - SAME DIRECTION,21,CLEAR,1,DAYLIGHT,14,PARKED MOTOR VEHICLE,3RD AVS & 2ND AVS,NASHVILLE,TN,37210,8169,SOUTH,36.1438,-86.7646,POINT (-86.7646 36.1438)
20190793388,09/23/2019 01:00:00 AM,1,0,0,,Y,876573,0,NOT COLLISION W/MOTOR VEHICLE-TRANSPORT,21,CLEAR,2,DARK - NOT LIGHTED,43,OTHER FIXED OBJECTS,SMITH SPRINGS RD & SCENIC LAKE CT,ANTIOCH,TN,37013,8997,SOUTH,36.0814,-86.5937,POINT (-86.5937 36.0814)
20190886909,12/10/2019 05:10:00 PM,2,0,0,,N,330436,11,Front to Rear,21,CLEAR,3,DARK - LIGHTED,12,MOTOR VEHICLE IN TRANSPORT,MM 210 1 I 40,NASHVILLE,TN,37203,4006,CENTRA,36.1492,-86.7751,POINT (-86.7751 36.1492)
20190883062,12/09/2019 08:00:00 AM,2,1,0,,N,109534,11,Front to Rear,22,CLOUDY,1,DAYLIGHT,12,MOTOR VEHICLE IN TRANSPORT,LEBANON PKE & PARK DR,NASHVILLE,TN,37214,9307,HERMIT,36.1697,-86.677,POINT (-86.677 36.1697)
20190726034,10/02/2019 09:57:00 AM,2,1,0,,N,876581,11,Front to Rear,21,CLEAR,1,DAYLIGHT,12,MOTOR VEHICLE IN TRANSPORT,US HWY 31E & CONFERENCE DR,MADISON,TN,37115,1731,MADISO,36.3028,-86.6918,POINT (-86.6918 36.3028)
20190731579,10/04/2019 01:00:00 PM,2,0,0,,N,420035,11,Front to Rear,21,CLEAR,1,DAYLIGHT,12,MOTOR VEHICLE IN TRANSPORT,GALLATIN PKES & WOODRUFF ST,MADISON,TN,37115,1605,MADISO,36.2599,-86.7131,POINT (-86.7131 36.2599)
20190609241,08/15/2019 03:53:00 PM,2,0,0,,N,299266,11,Front to Rear,21,CLEAR,1,DAYLIGHT,12,MOTOR VEHICLE IN TRANSPORT,BELL RD & CANE RIDGE RD,ANTIOCH,TN,37013,8721,SOUTH,36.0447,-86.6615,POINT (-86.6615 36.0447)
20190584539,08/06/2019 02:06:00 PM,3,0,0,,N,716886,5,SIDESWIPE - SAME DIRECTION,21,CLEAR,1,DAYLIGHT,12,MOTOR VEHICLE IN TRANSPORT,MM 55 2 I 24,NASHVILLE,TN,37211,8812,SOUTH,36.0923,-86.7049,POINT (-86.7049 36.0923)
20190647726,08/30/2019 01:18:00 PM,2,0,0,,N,169421,5,SIDESWIPE - SAME DIRECTION,21,CLEAR,1,DAYLIGHT,12,MOTOR VEHICLE IN TRANSPORT,MM 208 1 I 40,NASHVILLE,TN,37208,42023,NORTH,36.1684,-86.7964,POINT (-86.7964 36.1684)
20190892266,12/12/2019 05:04:00 PM,3,2,0,,N,256389,11,Front to Rear,21,CLEAR,3,DARK - LIGHTED,12,MOTOR VEHICLE IN TRANSPORT,MM 78 1 I 65,NASHVILLE,TN,37204,7002,MIDTOW,36.0868,-86.7632,POINT (-86.7632 36.0868)
20190600293,08/12/2019 11:00:00 AM,2,0,0,,Y,279112,5,SIDESWIPE - SAME DIRECTION,21,CLEAR,1,DAYLIGHT,55,Motor Vehicle-In-Motion Outside Trafficw,MM 202 0 I 40,NASHVILLE,TN,37209,46027,WEST,36.1401,-86.8875,POINT (-86.8875 36.1401)
20190706816,09/24/2019 08:38:00 AM,2,0,0,,Y,620072,4,ANGLE,21,CLEAR,1,DAYLIGHT,12,MOTOR VEHICLE IN TRANSPORT,14TH AVE & US HWY 70,NASHVILLE,TN,37203,5701,MIDTOW,36.1556,-86.7897,POINT (-86.7897 36.1556)
20190723926,10/01/2019 01:10:00 PM,2,0,0,,N,191578,4,ANGLE,21,CLEAR,1,DAYLIGHT,12,MOTOR VEHICLE IN TRANSPORT,LEBANON PKE & FAIRWAY DR,NASHVILLE,TN,37214,9109,HERMIT,36.1691,-86.6824,POINT (-86.6824 36.1691)
20190714642,09/27/2019 08:00:00 AM,2,0,0,,N,226673,4,ANGLE,21,CLEAR,1,DAYLIGHT,14,PARKED MOTOR VEHICLE,1ST AVN & UNION ST EXT RAMP,NASHVILLE,TN,37201,4135,CENTRA,36.1661,-86.7769,POINT (-86.7769 36.1661)
20190857932,11/27/2019 04:21:00 PM,2,0,0,,Y,256389,4,ANGLE,21,CLEAR,1,DAYLIGHT,12,MOTOR VEHICLE IN TRANSPORT,THOMPSON LN & EUGENIA AV,NASHVILLE,TN,37204,8523,MIDTOW,36.1111,-86.7548,POINT (-86.7548 36.1111)
20190619229,08/19/2019 06:00:00 PM,2,0,0,,N,256496,4,ANGLE,21,CLEAR,1,DAYLIGHT,12,MOTOR VEHICLE IN TRANSPORT,STATE HWY 45 & MERRITT ST,OLD HICKORY,TN,37138,9611,HERMIT,36.2553,-86.6531,POINT (-86.6531 36.2553)
20190626673,08/22/2019 07:27:00 AM,2,0,0,,N,834798,4,ANGLE,21,CLEAR,1,DAYLIGHT,12,MOTOR VEHICLE IN TRANSPORT,21ST AVS & BERNARD AV,NASHVILLE,TN,37212,5901,MIDTOW,36.1313,-86.8015,POINT (-86.8015 36.1313)
20190795668,11/01/2019 07:35:00 AM,2,0,0,,N,429188,4,ANGLE,21,CLEAR,1,DAYLIGHT,12,MOTOR VEHICLE IN TRANSPORT,SUGARLOAF DR & SUGAR MILL DR,ANTIOCH,TN,37013,8759,SOUTH,36.0179,-86.6987,POINT (-86.6987 36.0179)
20190689607,09/17/2019 07:00:00 AM,3,1,0,,N,591933,11,Front to Rear,21,CLEAR,1,DAYLIGHT,12,MOTOR VEHICLE IN TRANSPORT,MM 61 8 I 24,ANTIOCH,TN,37013,8806,SOUTH,36.0231,-86.6301,POINT (-86.6301 36.0231)
20190747219,10/11/2019 11:34:00 AM,2,0,0,,N,320601,5,SIDESWIPE - SAME DIRECTION,22,CLOUDY,1,DAYLIGHT,12,MOTOR VEHICLE IN TRANSPORT,I440 W ENT RAMP & I 24,NASHVILLE,TN,37217,8801,SOUTH,36.1232,-86.7263,POINT (-86.7263 36.1232)
20190728192,10/02/2019 11:00:00 PM,2,0,0,,Y,384421,11,Front to Rear,21,CLEAR,7,Dark-Unknown Lighting,12,MOTOR VEHICLE IN TRANSPORT,MM 61 1 I 24,ANTIOCH,TN,37013,8806,SOUTH,36.0284,-86.636,POINT (-86.636 36.0284)
20190610217,08/15/2019 09:45:00 PM,2,0,0,,Y,161945,5,SIDESWIPE - SAME DIRECTION,21,CLEAR,3,DARK - LIGHTED,12,MOTOR VEHICLE IN TRANSPORT,OLD HICKORY BLVD & FRANKLIN PIKE CIR,BRENTWOOD,TN,37027,8623,MIDTOW,36.0405,-86.7801,POINT (-86.7801 36.0405)
20190908671,12/19/2019 07:07:00 PM,2,0,0,,Y,256446,4,ANGLE,21,CLEAR,3,DARK - LIGHTED,12,MOTOR VEHICLE IN TRANSPORT,5300 MT VIEW RD,ANTIOCH,TN,37013,8863,SOUTH,36.0498,-86.6496,POINT (-86.6496 36.0498)
20190670508,09/09/2019 10:40:00 AM,2,0,0,,Y,420035,4,ANGLE,21,CLEAR,1,DAYLIGHT,14,PARKED MOTOR VEHICLE,GALLATIN PKES & MAPLE ST,MADISON,TN,37115,1607,MADISO,36.2617,-86.7124,POINT (-86.7124 36.2617)
20190788614,10/29/2019 12:30:00 PM,2,0,0,,N,235761,98,OTHER,22,CLOUDY,1,DAYLIGHT,12,MOTOR VEHICLE IN TRANSPORT,CHARLOTTE PKE & OCEOLA AV,NASHVILLE,TN,37209,5025,WEST,36.1495,-86.8605,POINT (-86.8605 36.1495)
20190590272,08/08/2019 02:01:00 PM,2,0,0,,N,462474,5,SIDESWIPE - SAME DIRECTION,22,CLOUDY,1,DAYLIGHT,12,MOTOR VEHICLE IN TRANSPORT,TROUSDALE DR & HARDING PL,NASHVILLE,TN,37220,8601,MIDTOW,36.0811,-86.7584,POINT (-86.7584 36.0811)