Accident Number,Date and Time,Number of Motor Vehicles,Number of Injuries,Number of Fatalities,Property Damage,Hit and Run,Reporting Officer,Collision Type Code,Collision Type Description,Weather Code,Weather Description,Illumination Code,Illumination Description,Harmful Code,Harmful Code Description,Street Address,City,State,ZIP,RPA,Precinct,Latitude,Longitude,Mapped Location
20190737126,10/07/2019 08:03:00 AM,2,0,0,,N,140808,11,Front to Rear,2,RAIN,1,DAYLIGHT,12,MOTOR VEHICLE IN TRANSPORT,CLOVERLAND DR & VALLEY VIEW RD,BRENTWOOD,TN,37027,8623,MIDTOW,36.0352,-86.7687,POINT (-86.7687 36.0352)
20190698768,09/20/2019 04:05:00 PM,2,0,0,,N,405418,4,ANGLE,21,CLEAR,1,DAYLIGHT,12,MOTOR VEHICLE IN TRANSPORT,HUNTINGTON PKWY & EDMONDSON PKE,NASHVILLE,TN,37211,8653,MIDTOW,36.0522,-86.7431,POINT (-86.7431 36.0522)
20190603960,08/13/2019 06:05:00 PM,3,0,0,,N,717341,11,Front to Rear,22,CLOUDY,1,DAYLIGHT,12,MOTOR VEHICLE IN TRANSPORT,I24E & I24 E ENT RAMP,NASHVILLE,TN,37210,8102,SOUTH,36.1363,-86.727,POINT (-86.727 36.1363)
20190748560,10/12/2019 12:30:00 AM,2,1,0,,N,311343,4,ANGLE,2,RAIN,3,DARK - LIGHTED,12;55,MOTOR VEHICLE IN TRANSPORT;Motor Vehicle-In-Motion Outside Trafficw,WOODMONT BLVD & GRANNY WHITE PKE,NASHVILLE,TN,37204,7007,MIDTOW,36.1116,-86.7926,POINT (-86.7926 36.1116)
20190630792,08/23/2019 05:13:00 PM,3,0,0,,N,320597,11,Front to Rear,21,CLEAR,1,DAYLIGHT,12,MOTOR VEHICLE IN TRANSPORT,HARDING PL & I24 W ENT RAMP,NASHVILLE,TN,37211,8889,SOUTH,36.0868,-86.6977,POINT (-86.6977 36.0868)
20190621041,08/20/2019 08:56:00 AM,2,0,0,,N,299247,5,SIDESWIPE - SAME DIRECTION,21,CLEAR,1,DAYLIGHT,12,MOTOR VEHICLE IN TRANSPORT,MURFREESBORO PKE & EZELL PKE,NASHVILLE,TN,37217,8949,HERMIT,36.1058,-86.6723,POINT (-86.6723 36.1058)
20190712235,09/26/2019 10:00:00 AM,2,1,0,,N,184158,11,Front to Rear,22,CLOUDY,1,DAYLIGHT,12,MOTOR VEHICLE IN TRANSPORT,ALABAMA AV & 51ST AVN,NASHVILLE,TN,37209,5121,WEST,36.1531,-86.8486,POINT (-86.8486 36.1531)
20190891833,12/12/2019 01:34:00 PM,1,3,0,,N,224955,0,NOT COLLISION W/MOTOR VEHICLE-TRANSPORT,21,CLEAR,1,DAYLIGHT,36,CONCRETE TRAFFIC BARRIER,BRILEY PKWYW & BRILEY PKWYE,NASHVILLE,TN,37218,3216,NORTH,36.2254,-86.8638,POINT (-86.8638 36.2254)
20190870212,12/03/2019 05:23:00 PM,3,1,0,,N,256389,11,Front to Rear,21,CLEAR,3,DARK - LIGHTED,12,MOTOR VEHICLE IN TRANSPORT,GLEN LEVEN DR & FRANKLIN PKE,NASHVILLE,TN,37204,7013,MIDTOW,36.1036,-86.7726,POINT (-86.7726 36.1036)
20190699609,09/20/2019 11:11:00 PM,1,1,0,,N,256492,0,NOT COLLISION W/MOTOR VEHICLE-TRANSPORT,21,CLEAR,3,DARK - LIGHTED,36,CONCRETE TRAFFIC BARRIER,MM 211 7 I 40,NASHVILLE,TN,37210,82042,HERMIT,36.1499,-86.7483,POINT (-86.7483 36.1499)
20190607276,08/14/2019 09:00:00 PM,2,0,0,,N,279195,11,Front to Rear,21,CLEAR,3,DARK - LIGHTED,12,MOTOR VEHICLE IN TRANSPORT,BRILEY PKWYN & CORPORATE DR,NASHVILLE,TN,37217,8998,HERMIT,36.1343,-86.6974,POINT (-86.6974 36.1343)
20190849508,11/24/2019 02:26:00 AM,1,1,0,Y,N,352170,0,NOT COLLISION W/MOTOR VEHICLE-TRANSPORT,21,CLEAR,3,DARK - LIGHTED,30;43,UTILITY POLE;OTHER FIXED OBJECTS,HAMILTON CHURCH RD & OWENDALE DR,ANTIOCH,TN,37013,8927,SOUTH,36.0648,-86.6221,POINT (-86.6221 36.0648)
20190758432,10/16/2019 09:00:00 AM,2,1,0,,Y,352164,4,ANGLE,21,CLEAR,1,DAYLIGHT,12,MOTOR VEHICLE IN TRANSPORT,OCALA DR & TUSCULUM CT,NASHVILLE,TN,37211,8717,SOUTH,36.0509,-86.6982,POINT (-86.6982 36.0509)
20190765051,10/18/2019 10:02:00 PM,2,0,0,,N,256377,5,SIDESWIPE - SAME DIRECTION,21,CLEAR,3,DARK - LIGHTED,12,MOTOR VEHICLE IN TRANSPORT,MURFREESBORO PKE & LAKEVILLA DR,ANTIOCH,TN,37013,8861,SOUTH,36.0767,-86.6409,POINT (-86.6409 36.0767)
20190761800,10/17/2019 04:05:00 PM,3,0,0,,Y,507813,11,Front to Rear,21,CLEAR,1,DAYLIGHT,12,MOTOR VEHICLE IN TRANSPORT,THOMPSON LN & ST EDWARDS DR,NASHVILLE,TN,37211,8403,SOUTH,36.1103,-86.7383,POINT (-86.7383 36.1103)
20190666784,09/07/2019 12:49:00 PM,4,0,0,,N,299243,11,Front to Rear,21,CLEAR,1,DAYLIGHT,12,MOTOR VEHICLE IN TRANSPORT,MM 49 3 I 24,NASHVILLE,TN,37206,10040,EAST,36.1629,-86.7614,POINT (-86.7614 36.1629)
20190593839,08/09/2019 05:22:00 PM,2,0,0,,N,212330,11,Front to Rear,21,CLEAR,1,DAYLIGHT,12,MOTOR VEHICLE IN TRANSPORT,TUSCULUM RD & PACKARD DR,NASHVILLE,TN,37211,8715,SOUTH,36.0589,-86.7089,POINT (-86.7089 36.0589)
20190831972,11/16/2019 07:09:00 PM,3,1,0,,Y,256446,11,Front to Rear,21,CLEAR,3,DARK - LIGHTED,12,MOTOR VEHICLE IN TRANSPORT,OLD HICKORY BLVD & PRESERVE BLVD,ANTIOCH,TN,37013,8869,SOUTH,36.0327,-86.6119,POINT (-86.6119 36.0327)
20190791615,10/30/2019 02:10:00 PM,1,0,0,,N,311332,0,NOT COLLISION W/MOTOR VEHICLE-TRANSPORT,2,RAIN,1,DAYLIGHT,36,CONCRETE TRAFFIC BARRIER,MM 198 2 I 40,NASHVILLE,TN,37221,4806,WEST,36.101,-86.9345,POINT (-86.9345 36.101)
20190881581,12/08/2019 12:23:00 PM,2,0,0,,N,279230,4,ANGLE,21,CLEAR,1,DAYLIGHT,12,MOTOR VEHICLE IN TRANSPORT,NOLENSVILLE PKE & WALLACE RD,NASHVILLE,TN,37211,8705,SOUTH,36.0782,-86.7259,POINT (-86.7259 36.0782)
20190852689,11/25/2019 02:54:00 PM,2,0,0,,N,134899,11,Front to Rear,21,CLEAR,1,DAYLIGHT,12,MOTOR VEHICLE IN TRANSPORT,LEBANON PKE & JACKSON DOWNS BLVD,NASHVILLE,TN,37214,9403,HERMIT,36.1854,-86.6362,POINT (-86.6362 36.1854)
20190611962,08/16/2019 06:02:00 PM,1,0,0,Y,N,279116,0,NOT COLLISION W/MOTOR VEHICLE-TRANSPORT,21,CLEAR,1,DAYLIGHT,18;42;43;47,OTHER OBJECT (NOT FIXED);TREE;OTHER FIXED OBJECTS;FIRE HYDRANT,12TH AVS & WADE AV,NASHVILLE,TN,37212,6617,MIDTOW,36.1366,-86.7885,POINT (-86.7885 36.1366)
20190781206,10/25/2019 07:15:00 PM,2,0,0,,Y,330414,4,ANGLE,2,RAIN,2,DARK - NOT LIGHTED,12,MOTOR VEHICLE IN TRANSPORT,E WEBSTER ST & LIBERTY CIR,MADISON,TN,37115,1507,MADISO,36.251,-86.7154,POINT (-86.7154 36.251)
20190863904,11/30/2019 09:57:00 PM,2,2,0,,N,320599,4,ANGLE,2,RAIN,2,DARK - NOT LIGHTED,12,MOTOR VEHICLE IN TRANSPORT,MURFREESBORO PKE & RURAL HILL RD,ANTIOCH,TN,37013,8861,SOUTH,36.0745,-86.6387,POINT (-86.6387 36.0745)
20190849131,11/23/2019 09:32:00 PM,3,0,0,,N,179606,11,Front to Rear,21,CLEAR,3,DARK - LIGHTED,12;7,MOTOR VEHICLE IN TRANSPORT,MM 209 7 I 40,NASHVILLE,TN,37203,4004,CENTRA,36.1492,-86.7812,POINT (-86.7812 36.1492)
20190655411,09/02/2019 07:30:00 PM,2,0,0,,Y,279228,4,ANGLE,21,CLEAR,3,DARK - LIGHTED,14,PARKED MOTOR VEHICLE,0 ADAMWOOD DR,NASHVILLE,TN,37211,8661,MIDTOW,36.0692,-86.7278,POINT (-86.7278 36.0692)
20190717288,09/28/2019 12:18:00 PM,2,0,0,,Y,306231,11,Front to Rear,21,CLEAR,1,DAYLIGHT,12,MOTOR VEHICLE IN TRANSPORT,MM 85 4 I 65,NASHVILLE,TN,37208,43042,NORTH,36.1875,-86.7947,POINT (-86.7947 36.1875)
20190662648,09/05/2019 05:57:00 PM,2,0,0,,N,240979,5,SIDESWIPE - SAME DIRECTION,21,CLEAR,1,DAYLIGHT,12,MOTOR VEHICLE IN TRANSPORT,MM 91 1 I 65,MADISON,TN,37115,17021,MADISO,36.2485,-86.7424,POINT (-86.7424 36.2485)
20190817749,11/10/2019 07:22:00 PM,2,0,0,,N,330412,11,Front to Rear,21,CLEAR,1,DAYLIGHT,14,PARKED MOTOR VEHICLE,WALTON LN & OAKLAND ACRES DR,MADISON,TN,37115,1793,MADISO,36.2395,-86.7311,POINT (-86.7311 36.2395)
20190591315,08/08/2019 10:33:00 PM,2,1,0,,Y,524985,4,ANGLE,21,CLEAR,3,DARK - LIGHTED,12,MOTOR VEHICLE IN TRANSPORT,W TRINITY LN & HAMPTON ST,NASHVILLE,TN,37207,3007,NORTH,36.2067,-86.7784,POINT (-86.7784 36.2067)
20190868133,12/02/2019 10:57:00 PM,2,0,0,,N,311341,4,ANGLE,22,CLOUDY,3,DARK - LIGHTED,12,MOTOR VEHICLE IN TRANSPORT,MM 1 9 I 440,NASHVILLE,TN,37205,6004,WEST,36.1308,-86.8176,POINT (-86.8176 36.1308)
20190708016,09/24/2019 06:59:00 PM,4,0,0,,N,717341,11,Front to Rear,21,CLEAR,3,DARK - LIGHTED,12,MOTOR VEHICLE IN TRANSPORT,MM 54 7 I 24,NASHVILLE,TN,37211,8602,SOUTH,36.0977,-86.7096,POINT (-86.7096 36.0977)
20190676960,09/11/2019 07:50:00 PM,2,1,0,,Y,256448,11,Front to Rear,21,CLEAR,3,DARK - LIGHTED,12,MOTOR VEHICLE IN TRANSPORT,ELM HILL PKE & AIRWAYS CIR,NASHVILLE,TN,37214,9117,HERMIT,36.1523,-86.6819,POINT (-86.6819 36.1523)
20190761569,10/17/2019 02:15:00 PM,2,1,0,,N,279206,4,ANGLE,21,CLEAR,1,DAYLIGHT,12,MOTOR VEHICLE IN TRANSPORT,LEBANON PKE & PARK DR,NASHVILLE,TN,37214,9307,HERMIT,36.1697,-86.677,POINT (-86.677 36.1697)
20190772127,10/22/2019 08:40:00 AM,2,0,0,,N,262766,11,Front to Rear,21,CLEAR,1,DAYLIGHT,12,MOTOR VEHICLE IN TRANSPORT,MM 204 1 I 40,NASHVILLE,TN,37209,45024,WEST,36.1529,-86.8557,POINT (-86.8557 36.1529)
20190843334,11/21/2019 10:01:00 AM,2,0,0,,N,544481,5,SIDESWIPE - SAME DIRECTION,22,CLOUDY,1,DAYLIGHT,12,MOTOR VEHICLE IN TRANSPORT,I24 W ENT RAMP & I 24,NASHVILLE,TN,37206,1009,EAST,36.1666,-86.7638,POINT (-86.7638 36.1666)
20190908808,12/19/2019 08:40:00 PM,1,2,0,,N,633370,0,NOT COLLISION W/MOTOR VEHICLE-TRANSPORT,21,CLEAR,3,DARK - LIGHTED,24,GUARDRAIL FACE,DONELSON PKE & AIRPORT SERVICE RD,NASHVILLE,TN,37214,8953,HERMIT,36.1209,-86.6665,POINT (-86.6665 36.1209)
20190673153,09/10/2019 11:21:00 AM,1,1,0,,N,807344,0,NOT COLLISION W/MOTOR VEHICLE-TRANSPORT,21,CLEAR,1,DAYLIGHT,8,PEDESTRIAN,4TH AVN & UNION ST,NASHVILLE,TN,37219,4159,CENTRA,36.1652,-86.78,POINT (-86.78 36.1652)
20190735950,10/06/2019 05:15:00 PM,2,0,0,,N,320597,4,ANGLE,2,RAIN,1,DAYLIGHT,12,MOTOR VEHICLE IN TRANSPORT,BLUE HOLE RD & BELL RD,ANTIOCH,TN,37013,8721,SOUTH,36.0458,-86.6744,POINT (-86.6744 36.0458)
20190813399,11/08/2019 06:00:00 PM,2,0,0,,N,311344,11,Front to Rear,21,CLEAR,3,DARK - LIGHTED,12,MOTOR VEHICLE IN TRANSPORT,MM 94 9 I 65,GOODLETTSVILLE,TN,37072,17060,MADISO,36.2975,-86.7142,POINT (-86.7142 36.2975)
20190778467,10/24/2019 07:50:00 PM,2,0,0,,N,905011,11,Front to Rear,21,CLEAR,3,DARK - LIGHTED,12,MOTOR VEHICLE IN TRANSPORT,RAMP & I 65,NASHVILLE,TN,37208,4351,NORTH,36.184,-86.7981,POINT (-86.7981 36.184)
20190885714,12/10/2019 08:00:00 AM,2,0,0,,N,352164,5,SIDESWIPE - SAME DIRECTION,4,SNOW,1,DAYLIGHT,12,MOTOR VEHICLE IN TRANSPORT,I40 E ENT RAMP & I 24,NASHVILLE,TN,37217,8816,SOUTH,36.1363,-86.7267,POINT (-86.7267 36.1363)
20190704914,09/23/2019 02:16:00 PM,2,0,0,,N,299253,4,ANGLE,22,CLOUDY,1,DAYLIGHT,12,MOTOR VEHICLE IN TRANSPORT,W TRINITY LN & I65 N ENT RAMP,NASHVILLE,TN,37207,1863,EAST,36.2063,-86.7735,POINT (-86.7735 36.2063)
20190810675,11/07/2019 02:12:00 PM,3,0,0,,Y,384403,5,SIDESWIPE - SAME DIRECTION,2,RAIN,1,DAYLIGHT,12,MOTOR VEHICLE IN TRANSPORT,WHITE BRIDGE PKE & NES PVTDR,NASHVILLE,TN,37205,5017,WEST,36.1272,-86.8507,POINT (-86.8507 36.1272)
20190688810,09/16/2019 10:13:00 PM,2,0,0,,Y,169425,5,SIDESWIPE - SAME DIRECTION,21,CLEAR,3,DARK - LIGHTED,12,MOTOR VEHICLE IN TRANSPORT,MM 74 7 I 65,NASHVILLE,TN,37220,71040,MIDTOW,36.0415,-86.7825,POINT (-86.7825 36.0415)
20190682582,09/13/2019 08:51:00 PM,2,0,0,,Y,415780,5,SIDESWIPE - SAME DIRECTION,21,CLEAR,3,DARK - LIGHTED,14,PARKED MOTOR VEHICLE,1 CRAIGHEAD ST,NASHVILLE,TN,37203,8023,MIDTOW,36.128,-86.7619,POINT (-86.7619 36.128)
20190636704,08/26/2019 07:13:00 AM,2,0,0,,N,620061,11,Front to Rear,2,RAIN,1,DAYLIGHT,12,MOTOR VEHICLE IN TRANSPORT,HOLT RD & HITCHING POST LN,NASHVILLE,TN,37211,8651,MIDTOW,36.0155,-86.7391,POINT (-86.7391 36.0155)
20190852941,11/25/2019 04:55:00 PM,2,1,0,,N,299264,5,SIDESWIPE - SAME DIRECTION,21,CLEAR,5,DUSK,12,MOTOR VEHICLE IN TRANSPORT,I40 E ENT RAMP & I 40,NASHVILLE,TN,37205,4903,WEST,36.1109,-86.922,POINT (-86.922 36.1109)
20190585499,08/06/2019 09:06:00 PM,2,0,0,,N,337276,4,ANGLE,2,RAIN,2,DARK - NOT LIGHTED,12,MOTOR VEHICLE IN TRANSPORT,HART LN & ELLINGTON PKWY S EXT RAMP,NASHVILLE,TN,37207,1887,EAST,36.2186,-86.7481,POINT (-86.7481 36.2186)
20190896503,12/14/2019 02:25:00 PM,2,0,0,,Y,337276,4,ANGLE,22,CLOUDY,1,DAYLIGHT,14;55,PARKED MOTOR VEHICLE;Motor Vehicle-In-Motion Outside Trafficw,SHELTON AV & GALLATIN PKE,NASHVILLE,TN,37216,1439,EAST,36.2098,-86.7339,POINT (-86.7339 36.2098)
20190767809,10/20/2019 08:20:00 AM,1,0,0,,N,343522,0,NOT COLLISION W/MOTOR VEHICLE-TRANSPORT,21,CLEAR,1,DAYLIGHT,50,DEER (ANIMAL),MM 192 0 I 40,NASHVILLE,TN,37221,4802,WEST,36.077,-87.03,POINT (-87.03 36.077)
20190626667,08/22/2019 07:11:00 AM,3,0,0,,N,179602,11,Front to Rear,22,CLOUDY,1,DAYLIGHT,12,MOTOR VEHICLE IN TRANSPORT,MM 87 0 I 65,NASHVILLE,TN,37207,18020,EAST,36.2018,-86.7766,POINT (-86.7766 36.2018)
20190795938,11/01/2019 11:00:00 AM,2,0,0,,N,538214,5,SIDESWIPE - SAME DIRECTION,21,CLEAR,1,DAYLIGHT,14,PARKED MOTOR VEHICLE,3RD AVN & COMMERCE ST,NASHVILLE,TN,37201,4105,CENTRA,36.1627,-86.7767,POINT (-86.7767 36.1627)
20190880054,12/07/2019 04:35:00 PM,3,1,0,,N,352197,11,Front to Rear,21,CLEAR,5,DUSK,12,MOTOR VEHICLE IN TRANSPORT,MURFREESBORO PKE & MOUNTAIN SPRINGS RD,ANTIOCH,TN,37013,8927,SOUTH,36.0478,-86.6121,POINT (-86.6121 36.0478)
20190764471,10/18/2019 05:35:00 PM,2,0,0,,Y,580819,11,Front to Rear,21,CLEAR,1,DAYLIGHT,12,MOTOR VEHICLE IN TRANSPORT,KOREAN VETERANS BLVD & KOREAN VETERANS B,NASHVILLE,TN,37210,4001,CENTRA,36.1581,-86.769,POINT (-86.769 36.1581)
20190875348,12/05/2019 03:22:00 PM,2,0,0,,N,909486,4,ANGLE,21,CLEAR,1,DAYLIGHT,12,MOTOR VEHICLE IN TRANSPORT,STATE HWY 255 & SHADESCREST DR,NASHVILLE,TN,37211,8607,MIDTOW,36.0771,-86.7366,POINT (-86.7366 36.0771)
20190794402,10/31/2019 06:39:00 PM,2,0,0,,N,580819,5,SIDESWIPE - SAME DIRECTION,21,CLEAR,3,DARK - LIGHTED,12,MOTOR VEHICLE IN TRANSPORT,DEMONBREUN ST & 6TH AVS,NASHVILLE,TN,37203,4061,CENTRA,36.1577,-86.779,POINT (-86.779 36.1577)
20190684614,09/14/2019 09:04:00 PM,1,1,0,Y,N,279116,0,NOT COLLISION W/MOTOR VEHICLE-TRANSPORT,21,CLEAR,7,Dark-Unknown Lighting,30,UTILITY POLE,HUMPHREYS ST & BROWN ST,NASHVILLE,TN,37203,8009,MIDTOW,36.1419,-86.7678,POINT (-86.7678 36.1419)
20190735710,10/06/2019 02:08:00 PM,2,0,0,,Y,320601,11,Front to Rear,22,CLOUDY,1,DAYLIGHT,12;33,MOTOR VEHICLE IN TRANSPORT;CURB,BELL RD & BRENTRIDGE DR,ANTIOCH,TN,37013,8755,SOUTH,36.0465,-86.6834,POINT (-86.6834 36.0465)
20190775058,10/23/2019 12:35:00 PM,2,1,0,,Y,594473,4,ANGLE,21,CLEAR,1,DAYLIGHT,12,MOTOR VEHICLE IN TRANSPORT,19TH AVN & CARTWRIGHT ST,NASHVILLE,TN,37203,5505,MIDTOW,36.1568,-86.8008,POINT (-86.8008 36.1568)
20190700937,09/21/2019 02:55:00 PM,2,0,0,,N,256394,2,HEAD-ON,21,CLEAR,1,DAYLIGHT,12,MOTOR VEHICLE IN TRANSPORT,US HWY 70 & RAMP,NASHVILLE,TN,37214,9403,HERMIT,36.1853,-86.6361,POINT (-86.6361 36.1853)
20190737600,10/07/2019 01:21:00 PM,2,0,0,,Y,429193,4,ANGLE,2,RAIN,1,DAYLIGHT,12,MOTOR VEHICLE IN TRANSPORT,BELLE FOREST SHOPPING CENTER P & HIGHWAY,NASHVILLE,TN,37205,4903,WEST,36.0755,-86.9197,POINT (-86.9197 36.0755)
20190791662,10/30/2019 03:18:00 PM,2,2,0,,N,330412,4,ANGLE,2,RAIN,1,DAYLIGHT,12,MOTOR VEHICLE IN TRANSPORT,CUDE LN & GALLATIN PKEN,MADISON,TN,37115,1731,MADISO,36.2998,-86.6966,POINT (-86.6966 36.2998)
20190824922,11/13/2019 05:40:00 PM,2,0,0,,N,384424,5,SIDESWIPE - SAME DIRECTION,21,CLEAR,3,DARK - LIGHTED,12,MOTOR VEHICLE IN TRANSPORT,MM 48 8 I 24,NASHVILLE,TN,37213,1104,CENTRA,36.1682,-86.7659,POINT (-86.7659 36.1682)
20190664894,09/06/2019 03:43:00 PM,2,1,0,,N,320585,4,ANGLE,21,CLEAR,1,DAYLIGHT,12,MOTOR VEHICLE IN TRANSPORT,STATE HWY 155 & WALNUT HILL DR,NASHVILLE,TN,37214,9298,HERMIT,36.173,-86.689,POINT (-86.689 36.173)
20190651227,08/31/2019 10:41:00 PM,2,0,0,,N,279117,5,SIDESWIPE - SAME DIRECTION,21,CLEAR,3,DARK - LIGHTED,12,MOTOR VEHICLE IN TRANSPORT,DOUGLAS AV & DICKERSON PKE,NASHVILLE,TN,37207,1911,EAST,36.1945,-86.7723,POINT (-86.7723 36.1945)
20190695344,09/19/2019 08:45:00 AM,2,0,0,,N,420059,6,SIDESWIPE - OPPOSITE DIRECTION,21,CLEAR,1,DAYLIGHT,12,MOTOR VEHICLE IN TRANSPORT,NOLENSVILLE PKE & HARRISON ST,NASHVILLE,TN,37211,8431,SOUTH,36.0983,-86.7388,POINT (-86.7388 36.0983)
20190714948,09/27/2019 12:13:00 PM,2,0,0,,N,191578,4,ANGLE,21,CLEAR,1,DAYLIGHT,12;36,MOTOR VEHICLE IN TRANSPORT;CONCRETE TRAFFIC BARRIER,LEBANON PKE & BRILEY PKWY N ENT RAMP,NASHVILLE,TN,37214,9121,HERMIT,36.1685,-86.6872,POINT (-86.6872 36.1685)
20190657731,09/03/2019 05:35:00 PM,2,1,0,,N,212369,4,ANGLE,21,CLEAR,1,DAYLIGHT,12,MOTOR VEHICLE IN TRANSPORT,WEXFORD DOWNS LN & EDMONDSON PKE,NASHVILLE,TN,37211,8651,MIDTOW,36.0198,-86.7421,POINT (-86.7421 36.0198)
20190587782,08/07/2019 05:27:00 PM,2,0,0,,N,256380,11,Front to Rear,21,CLEAR,1,DAYLIGHT,12,MOTOR VEHICLE IN TRANSPORT,ROSA L PARKS BLVD & MADISON ST,NASHVILLE,TN,37208,4305,NORTH,36.1738,-86.7917,POINT (-86.7917 36.1738)
20190788301,10/29/2019 09:31:00 AM,2,1,0,Y,N,405404,4,ANGLE,21,CLEAR,1,DAYLIGHT,12;30,MOTOR VEHICLE IN TRANSPORT;UTILITY POLE,GALLATIN PKE & FAIRWIN AV,NASHVILLE,TN,37216,1401,EAST,36.1977,-86.7417,POINT (-86.7417 36.1977)
20190810928,11/07/2019 05:20:00 PM,2,0,0,,N,834813,5,SIDESWIPE - SAME DIRECTION,22,CLOUDY,2,DARK - NOT LIGHTED,12,MOTOR VEHICLE IN TRANSPORT,MM 41 1 I 24,WHITES CREEK,TN,37189,20161,MADISO,36.2707,-86.7938,POINT (-86.7938 36.2707)
20190733834,10/05/2019 02:45:00 PM,2,1,0,,N,298860,11,Front to Rear,21,CLEAR,1,DAYLIGHT,12,MOTOR VEHICLE IN TRANSPORT,SHUTE LN & OLD HICKORY BLVD,OLD HICKORY,TN,37138,9713,HERMIT,36.2323,-86.6247,POINT (-86.6247 36.2323)
20190796831,11/01/2019 06:34:00 PM,2,0,0,,N,352197,11,Front to Rear,21,CLEAR,3,DARK - LIGHTED,12,MOTOR VEHICLE IN TRANSPORT,HOBSON PKE & MURFREESBORO PKE,ANTIOCH,TN,37013,8971,SOUTH,36.043,-86.6066,POINT (-86.6066 36.043)
20190690454,09/17/2019 01:36:00 PM,2,1,0,,N,352186,5,SIDESWIPE - SAME DIRECTION,21,CLEAR,1,DAYLIGHT,12,MOTOR VEHICLE IN TRANSPORT,JEFFERSON ST & OLDHAM ST PVTDR,NASHVILLE,TN,37213,1989,CENTRA,36.176,-86.7803,POINT (-86.7803 36.176)
20190642292,08/28/2019 11:01:00 AM,2,0,0,,N,620061,5,SIDESWIPE - SAME DIRECTION,21,CLEAR,1,DAYLIGHT,12,MOTOR VEHICLE IN TRANSPORT,17TH AVS & BROADWAY,NASHVILLE,TN,37203,5705,MIDTOW,36.1533,-86.794,POINT (-86.794 36.1533)
20190910956,12/20/2019 06:43:00 PM,2,1,0,,N,163667,11,Front to Rear,21,CLEAR,3,DARK - LIGHTED,12,MOTOR VEHICLE IN TRANSPORT,HARDING PL & NOLENSVILLE PKE,NASHVILLE,TN,37211,8705,SOUTH,36.0797,-86.7261,POINT (-86.7261 36.0797)
20190871675,12/04/2019 06:27:00 AM,2,1,0,,N,415780,5,SIDESWIPE - SAME DIRECTION,21,CLEAR,1,DAYLIGHT,12,MOTOR VEHICLE IN TRANSPORT,I40 E EXT RAMP & I 40,NASHVILLE,TN,37214,8955,HERMIT,36.155,-86.6271,POINT (-86.6271 36.155)
20190841219,11/20/2019 02:35:00 PM,2,0,0,,N,137872,5,SIDESWIPE - SAME DIRECTION,21,CLEAR,1,DAYLIGHT,12,MOTOR VEHICLE IN TRANSPORT,OLD MURFREESBORO PKE & SMITH SPRINGS RD,NASHVILLE,TN,37217,8947,HERMIT,36.0975,-86.6552,POINT (-86.6552 36.0975)
20190639048,08/27/2019 07:38:00 AM,1,0,0,Y,N,226586,0,NOT COLLISION W/MOTOR VEHICLE-TRANSPORT,22,CLOUDY,1,DAYLIGHT,75,Bridge/Overhead Structure,0 I40 E ENT RAMP,NASHVILLE,TN,37210,4008,CENTRA,36.1561,-86.7603,POINT (-86.7603 36.1561)
20190894956,12/13/2019 05:40:00 PM,2,0,0,,N,256448,4,ANGLE,22,CLOUDY,3,DARK - LIGHTED,12,MOTOR VEHICLE IN TRANSPORT,DONELSON PKE & I40 W ENT RAMP,NASHVILLE,TN,37214,9103,HERMIT,36.143,-86.6667,POINT (-86.6667 36.143)
20190741836,10/09/2019 08:00:00 AM,2,1,0,,N,223502,4,ANGLE,21,CLEAR,1,DAYLIGHT,12,MOTOR VEHICLE IN TRANSPORT,CROSSINGS BLVD & CROSSINGS PL,ANTIOCH,TN,37013,8863,SOUTH,36.0897,-86.6881,POINT (-86.6881 36.0897)
20190927109,12/29/2019 06:12:00 AM,1,1,0,,N,279203,0,NOT COLLISION W/MOTOR VEHICLE-TRANSPORT,2,RAIN,2,DARK - NOT LIGHTED,36,CONCRETE TRAFFIC BARRIER,I40 W EXT RAMP & I 40,NASHVILLE,TN,37203,4119,CENTRA,36.1574,-86.79,POINT (-86.79 36.1574)
20190707090,09/24/2019 11:01:00 AM,2,2,0,Y,N,226622,4,ANGLE,21,CLEAR,1,DAYLIGHT,12;27,MOTOR VEHICLE IN TRANSPORT;H-WAY TRAFFIC SIGNAL POST,I40 E ENT RAMP & I 40,NASHVILLE,TN,37205,4903,WEST,36.1109,-86.922,POINT (-86.922 36.1109)
20190733616,10/05/2019 11:48:00 AM,2,0,0,,Y,140808,11,Front to Rear,21,CLEAR,1,DAYLIGHT,12,MOTOR VEHICLE IN TRANSPORT,NOLENSVILLE PKE & OLD HICKORY BLVD,NASHVILLE,TN,37211,8717,SOUTH,36.0454,-86.7133,POINT (-86.7133 36.0454)
20190796365,11/01/2019 02:40:00 PM,2,0,0,,N,256412,4,ANGLE,21,CLEAR,1,DAYLIGHT,12,MOTOR VEHICLE IN TRANSPORT,NOLENSVILLE PKE & ZOO RD,NASHVILLE,TN,37211,8509,MIDTOW,36.0886,-86.732,POINT (-86.732 36.0886)
20190629753,08/22/2019 05:00:00 PM,1,0,0,Y,Y,633381,0,NOT COLLISION W/MOTOR VEHICLE-TRANSPORT,2,RAIN,1,DAYLIGHT,40,MAIL BOX,HAMLET HILL & ROSALEE,ANTIOCH,TN,37013,8927,SOUTH,36.0584,-86.6093,POINT (-86.6093 36.0584)