Accident Number,Date and Time,Number of Motor Vehicles,Number of Injuries,Number of Fatalities,Property Damage,Hit and Run,Reporting Officer,Collision Type Code,Collision Type Description,Weather Code,Weather Description,Illumination Code,Illumination Description,Harmful Code,Harmful Code Description,Street Address,City,State,ZIP,RPA,Precinct,Latitude,Longitude,Mapped Location
20190797901,11/02/2019 06:04:00 AM,2,1,0,,N,320578,4,ANGLE,21,CLEAR,3,DARK - LIGHTED,12,MOTOR VEHICLE IN TRANSPORT,NEESE DR & I24 E ENT RAMP,NASHVILLE,TN,37211,8401,SOUTH,36.1075,-86.7255,POINT (-86.7255 36.1075)
20190903120,12/17/2019 03:27:00 PM,1,0,0,Y,Y,256423,0,NOT COLLISION W/MOTOR VEHICLE-TRANSPORT,21,CLEAR,1,DAYLIGHT,43,OTHER FIXED OBJECTS,W TRINITY LN & SCRUGGS LN,NASHVILLE,TN,37207,3009,NORTH,36.207,-86.7825,POINT (-86.7825 36.207)
20190826893,11/14/2019 02:30:00 PM,2,0,0,,Y,212338,11,Front to Rear,21,CLEAR,1,DAYLIGHT,12,MOTOR VEHICLE IN TRANSPORT,HILLSBORO PKE & GREEN HILLS VILLAGE DR,NASHVILLE,TN,37215,6411,MIDTOW,36.107,-86.8132,POINT (-86.8132 36.107)
20190900013,12/16/2019 11:06:00 AM,2,1,0,,Y,716886,11,Front to Rear,2,RAIN,1,DAYLIGHT,12,MOTOR VEHICLE IN TRANSPORT,HOBSON PKE & MURFREESBORO PKE,ANTIOCH,TN,37013,8867,SOUTH,36.043,-86.6066,POINT (-86.6066 36.043)
20190687218,09/16/2019 08:00:00 AM,2,0,0,,N,665896,11,Front to Rear,21,CLEAR,1,DAYLIGHT,12,MOTOR VEHICLE IN TRANSPORT,RIVERSIDE DR & EASTLAND AV,NASHVILLE,TN,37206,1343,EAST,36.1818,-86.7256,POINT (-86.7256 36.1818)
20190871987,12/04/2019 08:49:00 AM,2,0,0,,N,109534,11,Front to Rear,21,CLEAR,1,DAYLIGHT,12,MOTOR VEHICLE IN TRANSPORT,LEBANON PKE & DISSPAYNE DR,NASHVILLE,TN,37214,9403,HERMIT,36.1725,-86.6496,POINT (-86.6496 36.1725)
20190683923,09/14/2019 01:27:00 PM,4,1,0,,N,140804,11,Front to Rear,21,CLEAR,1,DAYLIGHT,12;14,MOTOR VEHICLE IN TRANSPORT;PARKED MOTOR VEHICLE,MANSFIELD ST & MYRTLE ST,NASHVILLE,TN,37206,1943,EAST,36.1825,-86.7573,POINT (-86.7573 36.1825)
20190841414,11/20/2019 04:09:00 PM,3,1,0,,N,306230,4,ANGLE,21,CLEAR,1,DAYLIGHT,12,MOTOR VEHICLE IN TRANSPORT,JO JOHNSTON AV & PEARL ST,NASHVILLE,TN,37203,5357,NORTH,36.1583,-86.8031,POINT (-86.8031 36.1583)
20190843761,11/21/2019 01:45:00 PM,2,0,0,,N,320582,5,SIDESWIPE - SAME DIRECTION,22,CLOUDY,1,DAYLIGHT,12,MOTOR VEHICLE IN TRANSPORT,MM 48 7 I 24,NASHVILLE,TN,37213,1104,CENTRA,36.1696,-86.7668,POINT (-86.7668 36.1696)
20190848713,11/23/2019 04:55:00 PM,2,0,0,,N,352184,11,Front to Rear,22,CLOUDY,5,DUSK,12,MOTOR VEHICLE IN TRANSPORT,MM 48 2 I 24,NASHVILLE,TN,37207,1106,EAST,36.1729,-86.7693,POINT (-86.7693 36.1729)
20190698706,09/20/2019 03:46:00 PM,2,0,0,,N,151132,11,Front to Rear,21,CLEAR,1,DAYLIGHT,12,MOTOR VEHICLE IN TRANSPORT,GALLATIN PKEN & RIVERGATE PKWY,MADISON,TN,37115,1731,MADISO,36.2973,-86.6988,POINT (-86.6988 36.2973)
20190590329,08/08/2019 02:39:00 PM,2,0,0,,N,109534,11,Front to Rear,21,CLEAR,1,DAYLIGHT,12,MOTOR VEHICLE IN TRANSPORT,MM 212 8 I 40,NASHVILLE,TN,37210,90040,HERMIT,36.1425,-86.7353,POINT (-86.7353 36.1425)
20190632161,08/24/2019 12:00:00 AM,1,4,0,Y,N,298875,0,NOT COLLISION W/MOTOR VEHICLE-TRANSPORT,21,CLEAR,2,DARK - NOT LIGHTED,1;63;72,Ran Off Road-Right;EMBANKMENT ROCK/STONE/CONCRETE,0 EZELL RD,NASHVILLE,TN,37211,8707,SOUTH,36.0696,-86.6939,POINT (-86.6939 36.0696)
20190924200,12/27/2019 05:15:00 PM,2,1,0,,N,320603,2,HEAD-ON,21,CLEAR,3,DARK - LIGHTED,1;12,MOTOR VEHICLE IN TRANSPORT,HIGHWAY 100 & OLD HARDING PKE,NASHVILLE,TN,37221,4807,WEST,36.0445,-86.956,POINT (-86.956 36.0445)
20190821408,11/12/2019 10:30:00 AM,1,1,0,,N,226098,0,NOT COLLISION W/MOTOR VEHICLE-TRANSPORT,21,CLEAR,1,DAYLIGHT,34;42,DITCH;TREE,RIDGE RD & HIGDON RD,JOELTON,TN,37080,3321,NORTH,36.1565,-86.7372,POINT (-86.7372 36.1565)
20190807368,11/06/2019 08:01:00 AM,2,1,0,,N,306231,11,Front to Rear,21,CLEAR,1,DAYLIGHT,55,Motor Vehicle-In-Motion Outside Trafficw,STEVENS LN & CLARKSVILLE PKE,NASHVILLE,TN,37218,3215,NORTH,36.238,-86.8308,POINT (-86.8308 36.238)
20190759400,10/16/2019 04:46:00 PM,2,0,0,,N,256426,4,ANGLE,21,CLEAR,1,DAYLIGHT,12,MOTOR VEHICLE IN TRANSPORT,ELM HILL PIKE & NELSON PL,NASHVILLE,TN,37214,9103,HERMIT,36.149,-86.6677,POINT (-86.6677 36.149)
20190911124,12/20/2019 08:30:00 PM,3,0,0,,Y,352186,5,SIDESWIPE - SAME DIRECTION,21,CLEAR,3,DARK - LIGHTED,12,MOTOR VEHICLE IN TRANSPORT,MM 86 5 I 65,NASHVILLE,TN,37207,3006,NORTH,36.1946,-86.7762,POINT (-86.7762 36.1946)
20190844132,11/21/2019 05:54:00 PM,2,0,0,,N,256386,11,Front to Rear,21,CLEAR,5,DUSK,12,MOTOR VEHICLE IN TRANSPORT,BELL RD & HARBORWOOD DR,NASHVILLE,TN,37214,8989,HERMIT,36.1327,-86.6292,POINT (-86.6292 36.1327)
20190702302,09/21/2019 05:15:00 PM,1,0,0,Y,Y,320575,0,NOT COLLISION W/MOTOR VEHICLE-TRANSPORT,21,CLEAR,1,DAYLIGHT,40,MAIL BOX,LUKER LN & HAYS BLACKMAN LOOP,ANTIOCH,TN,37013,8713,SOUTH,36.0566,-86.6932,POINT (-86.6932 36.0566)
20190595165,08/10/2019 12:00:00 AM,1,0,0,,Y,330411,0,NOT COLLISION W/MOTOR VEHICLE-TRANSPORT,99,UNKNOWN,9,UNKNOWN,1,,N AVONDALE CIR & AVONDALE CIR,NASHVILLE,TN,37207,3019,NORTH,36.2091,-86.783,POINT (-86.783 36.2091)
20190645380,08/29/2019 04:47:00 PM,3,0,0,,Y,256383,3,REAR-TO-REAR,21,CLEAR,1,DAYLIGHT,14,PARKED MOTOR VEHICLE,HICKORY HOLLOW MALL PVTDR PL & MT VIEW R,ANTIOCH,TN,37013,8871,SOUTH,36.0523,-86.6572,POINT (-86.6572 36.0523)
20190908420,12/19/2019 04:40:00 PM,2,0,0,,Y,807326,5,SIDESWIPE - SAME DIRECTION,21,CLEAR,5,DUSK,12,MOTOR VEHICLE IN TRANSPORT,COWAN ST & SPRING ST,NASHVILLE,TN,37213,1987,CENTRA,36.177,-86.7761,POINT (-86.7761 36.177)
20190633087,08/24/2019 04:28:00 PM,2,0,0,,N,256383,11,Front to Rear,22,CLOUDY,1,DAYLIGHT,12,MOTOR VEHICLE IN TRANSPORT,MURFREESBORO PKE & HICKORY WOODS DR,ANTIOCH,TN,37013,8967,SOUTH,36.0264,-86.5884,POINT (-86.5884 36.0264)
20190702664,09/22/2019 02:40:00 PM,1,0,0,,N,320595,0,NOT COLLISION W/MOTOR VEHICLE-TRANSPORT,21,CLEAR,1,DAYLIGHT,16,THROWN OR FALLING OBJECT,BELL RD & REELFOOT CIR,NASHVILLE,TN,37214,8989,HERMIT,36.1373,-86.6292,POINT (-86.6292 36.1373)
20190624145,08/21/2019 10:00:00 AM,2,0,0,,N,179580,5,SIDESWIPE - SAME DIRECTION,21,CLEAR,1,DAYLIGHT,12,MOTOR VEHICLE IN TRANSPORT,ROSA L PARKS BLVD & I65 S ENT RAMP,NASHVILLE,TN,37208,4403,NORTH,36.1846,-86.7981,POINT (-86.7981 36.1846)
20190902421,12/17/2019 10:57:00 AM,2,0,0,,N,384444,4,ANGLE,21,CLEAR,1,DAYLIGHT,12,MOTOR VEHICLE IN TRANSPORT,MM 212 6 I 40,NASHVILLE,TN,37210,90040,HERMIT,36.1439,-86.7382,POINT (-86.7382 36.1439)
20190583616,08/06/2019 07:02:00 AM,2,1,0,,N,191578,11,Front to Rear,21,CLEAR,1,DAYLIGHT,12,MOTOR VEHICLE IN TRANSPORT,LEBANON PKE & DOWNEYMEADE DR,NASHVILLE,TN,37214,9403,HERMIT,36.1821,-86.6412,POINT (-86.6412 36.1821)
20190664403,09/06/2019 11:33:00 AM,2,0,0,,N,226622,4,ANGLE,22,CLOUDY,1,DAYLIGHT,12,MOTOR VEHICLE IN TRANSPORT,HARDING PKE & PAGE RD,NASHVILLE,TN,37205,6201,WEST,36.1006,-86.871,POINT (-86.871 36.1006)
20190590690,08/08/2019 05:25:00 PM,2,0,0,,N,151132,11,Front to Rear,22,CLOUDY,1,DAYLIGHT,12,MOTOR VEHICLE IN TRANSPORT,MM 92 4 I 65,MADISON,TN,37115,1704,MADISO,36.2667,-86.7371,POINT (-86.7371 36.2667)
20190717713,09/28/2019 04:45:00 PM,2,1,0,,N,311344,11,Front to Rear,21,CLEAR,1,DAYLIGHT,12,MOTOR VEHICLE IN TRANSPORT,DUE WEST AVW & FREDA VILLA,MADISON,TN,37115,1789,MADISO,36.2483,-86.7245,POINT (-86.7245 36.2483)
20190785588,10/28/2019 09:06:00 AM,2,0,0,,N,320601,11,Front to Rear,22,CLOUDY,1,DAYLIGHT,12,MOTOR VEHICLE IN TRANSPORT,ANTIOCH PKE & HARDING PL,NASHVILLE,TN,37211,8847,SOUTH,36.0874,-86.6922,POINT (-86.6922 36.0874)
20190619848,08/19/2019 09:33:00 PM,2,0,0,,N,330420,4,ANGLE,21,CLEAR,3,DARK - LIGHTED,12,MOTOR VEHICLE IN TRANSPORT,LEBANON PKE & HICKORY HILL LN,HERMITAGE,TN,37076,9531,HERMIT,36.1889,-86.6283,POINT (-86.6283 36.1889)
20190905982,12/18/2019 06:18:00 PM,2,0,0,,N,887592,4,ANGLE,21,CLEAR,3,DARK - LIGHTED,12,MOTOR VEHICLE IN TRANSPORT,ANDERSON LN & MCARTHUR DR,MADISON,TN,37115,1715,MADISO,36.2722,-86.6907,POINT (-86.6907 36.2722)
20190637043,08/26/2019 09:44:00 AM,2,0,0,,N,716886,6,SIDESWIPE - OPPOSITE DIRECTION,2,RAIN,1,DAYLIGHT,12,MOTOR VEHICLE IN TRANSPORT,SMITH SPRINGS PKWY & HOBSON PKE,ANTIOCH,TN,37013,8977,SOUTH,36.0686,-86.5853,POINT (-86.5853 36.0686)
20190669612,09/08/2019 10:57:00 PM,1,1,0,,N,309263,0,NOT COLLISION W/MOTOR VEHICLE-TRANSPORT,21,CLEAR,3,DARK - LIGHTED,34,DITCH,EWING DR & HILLHURST DR,NASHVILLE,TN,37207,1809,EAST,36.2303,-86.7704,POINT (-86.7704 36.2303)
20190926001,12/28/2019 05:30:00 PM,2,0,0,,Y,352155,11,Front to Rear,21,CLEAR,1,DAYLIGHT,12,MOTOR VEHICLE IN TRANSPORT,I65 S ENT RAMP & I 65,NASHVILLE,TN,37207,3007,NORTH,36.2057,-86.778,POINT (-86.778 36.2057)
20190817041,11/10/2019 12:45:00 PM,2,3,0,,N,320586,4,ANGLE,21,CLEAR,1,DAYLIGHT,12,MOTOR VEHICLE IN TRANSPORT,PIN HOOK RD & HOBSON PKE,ANTIOCH,TN,37013,8927,SOUTH,36.0493,-86.5999,POINT (-86.5999 36.0493)
20190700977,09/21/2019 05:52:00 PM,2,0,0,,N,298863,4,ANGLE,21,CLEAR,1,DAYLIGHT,12,MOTOR VEHICLE IN TRANSPORT,LAFAYETTE ST & 6TH AVS,NASHVILLE,TN,37203,4025,CENTRA,36.1533,-86.7757,POINT (-86.7757 36.1533)
20190829595,11/15/2019 03:49:00 PM,2,0,0,,Y,240968,5,SIDESWIPE - SAME DIRECTION,21,CLEAR,1,DAYLIGHT,12,MOTOR VEHICLE IN TRANSPORT,MM 215 0 I 40,NASHVILLE,TN,37214,91021,HERMIT,36.1444,-86.6948,POINT (-86.6948 36.1444)
20190900671,12/16/2019 05:21:00 PM,2,0,0,,Y,179583,11,Front to Rear,2,RAIN,3,DARK - LIGHTED,12,MOTOR VEHICLE IN TRANSPORT,I24 W ENT RAMP & I 24,NASHVILLE,TN,37206,1009,EAST,36.1666,-86.7638,POINT (-86.7638 36.1666)
20190717952,09/28/2019 07:48:00 PM,1,1,0,,N,311332,0,NOT COLLISION W/MOTOR VEHICLE-TRANSPORT,21,CLEAR,3,DARK - LIGHTED,1;34,DITCH,US HWY 70S & STATE HWY 251,NASHVILLE,TN,37221,4901,WEST,36.0752,-86.9185,POINT (-86.9185 36.0752)
20190793298,10/31/2019 08:29:00 AM,3,0,0,,N,352198,11,Front to Rear,2,RAIN,1,DAYLIGHT,12,MOTOR VEHICLE IN TRANSPORT,MM 90 8 I 65,MADISON,TN,37115,20044,MADISO,36.2462,-86.7451,POINT (-86.7451 36.2462)
20190711040,09/25/2019 09:43:00 PM,2,0,0,,Y,169425,4,ANGLE,21,CLEAR,9,UNKNOWN,12,MOTOR VEHICLE IN TRANSPORT,15TH AVS & COMPTON AV,NASHVILLE,TN,37212,6603,MIDTOW,36.1302,-86.7924,POINT (-86.7924 36.1302)
20190704093,09/23/2019 08:02:00 AM,2,0,0,,N,109527,11,Front to Rear,21,CLEAR,1,DAYLIGHT,12,MOTOR VEHICLE IN TRANSPORT,STEWARTS FERRY PKE & CLOVERWOOD DR,NASHVILLE,TN,37214,9407,HERMIT,36.1579,-86.6378,POINT (-86.6378 36.1579)
20190767109,10/19/2019 11:00:00 PM,2,0,0,,N,200016,16,Rear to Side,21,CLEAR,3,DARK - LIGHTED,12,MOTOR VEHICLE IN TRANSPORT,MEHARRY BLVD & 17TH AVN,NASHVILLE,TN,37208,5409,NORTH,36.1682,-86.8046,POINT (-86.8046 36.1682)
20190717837,09/28/2019 12:00:00 AM,2,0,0,,N,299258,5,SIDESWIPE - SAME DIRECTION,21,CLEAR,2,DARK - NOT LIGHTED,12,MOTOR VEHICLE IN TRANSPORT,MM 87 9 I 65,NASHVILLE,TN,37207,30041,NORTH,36.2151,-86.7754,POINT (-86.7754 36.2151)
20190867588,12/02/2019 04:40:00 PM,2,1,0,,N,580819,5,SIDESWIPE - SAME DIRECTION,22,CLOUDY,5,DUSK,12,MOTOR VEHICLE IN TRANSPORT,2ND AVS & LEA AV,NASHVILLE,TN,37210,4033,CENTRA,36.1554,-86.7709,POINT (-86.7709 36.1554)
20190681596,09/13/2019 01:13:00 PM,2,0,0,,N,716886,16,Rear to Side,21,CLEAR,1,DAYLIGHT,14,PARKED MOTOR VEHICLE,ANTIOCH PKE & COLBY DR,NASHVILLE,TN,37211,8407,SOUTH,36.1009,-86.7285,POINT (-86.7285 36.1009)
20190682285,09/13/2019 12:00:00 AM,2,0,0,,Y,311333,9,UNKNOWN,21,CLEAR,1,DAYLIGHT,14,PARKED MOTOR VEHICLE,NOLENSVILLE PKE & HICKORYVIEW DR,NASHVILLE,TN,37211,8717,SOUTH,36.0488,-86.7137,POINT (-86.7137 36.0488)
20190892555,12/12/2019 06:49:00 PM,2,0,0,,Y,256394,11,Front to Rear,22,CLOUDY,3,DARK - LIGHTED,12,MOTOR VEHICLE IN TRANSPORT,MM 213 7 I 40,NASHVILLE,TN,37217,8802,HERMIT,36.1408,-86.7194,POINT (-86.7194 36.1408)
20190584325,08/06/2019 12:16:00 PM,2,0,0,,N,716886,4,ANGLE,21,CLEAR,1,DAYLIGHT,12,MOTOR VEHICLE IN TRANSPORT,UNA ANTIOCH PKE & MURFREESBORO PKE,ANTIOCH,TN,37013,8891,SOUTH,36.086,-86.6491,POINT (-86.6491 36.086)
20190783114,10/27/2019 02:31:00 AM,1,1,0,,N,311336,0,NOT COLLISION W/MOTOR VEHICLE-TRANSPORT,21,CLEAR,3,DARK - LIGHTED,30,UTILITY POLE,DOUGLAS AV & N 5TH ST,NASHVILLE,TN,37207,1907,EAST,36.1939,-86.7621,POINT (-86.7621 36.1939)
20190701322,09/21/2019 09:00:00 PM,2,0,0,,N,298874,2,HEAD-ON,21,CLEAR,3,DARK - LIGHTED,12,MOTOR VEHICLE IN TRANSPORT,EASTLAND AV & GALLATIN AV,NASHVILLE,TN,37206,1243,EAST,36.1838,-86.7484,POINT (-86.7484 36.1838)
20190782175,10/26/2019 02:23:00 PM,2,0,0,,Y,179606,9,UNKNOWN,2,RAIN,1,DAYLIGHT,14,PARKED MOTOR VEHICLE,POWELL AV & POWELL PL,NASHVILLE,TN,37204,8527,MIDTOW,36.1065,-86.7646,POINT (-86.7646 36.1065)
20190728298,10/03/2019 07:00:00 AM,3,1,0,,N,306231,11,Front to Rear,21,CLEAR,1,DAYLIGHT,12,MOTOR VEHICLE IN TRANSPORT,MM 37 2 I 24,WHITES CREEK,TN,37189,2212,NORTH,36.3151,-86.8326,POINT (-86.8326 36.3151)
20190635336,08/25/2019 04:33:00 PM,2,1,0,,N,279208,4,ANGLE,2,RAIN,1,DAYLIGHT,12,MOTOR VEHICLE IN TRANSPORT,WEDGEWOOD AV & MAGNOLIA BLVD,NASHVILLE,TN,37212,6619,MIDTOW,36.1366,-86.7952,POINT (-86.7952 36.1366)
20190776839,10/24/2019 05:49:00 AM,2,1,0,,N,384418,4,ANGLE,21,CLEAR,5,DUSK,12,MOTOR VEHICLE IN TRANSPORT,HAMILTON CHURCH RD & HOBSON PKE,ANTIOCH,TN,37013,8905,SOUTH,36.0586,-86.5978,POINT (-86.5978 36.0586)
20190798552,11/02/2019 02:49:00 PM,3,1,0,,N,330428,11,Front to Rear,21,CLEAR,1,DAYLIGHT,12,MOTOR VEHICLE IN TRANSPORT,WHITE BRIDGE PKE & BROOKWOOD TER,NASHVILLE,TN,37205,5019,WEST,36.1299,-86.8552,POINT (-86.8552 36.1299)
20190739761,10/08/2019 12:16:00 PM,2,1,0,,N,384392,5,SIDESWIPE - SAME DIRECTION,21,CLEAR,1,DAYLIGHT,12,MOTOR VEHICLE IN TRANSPORT,16TH AVE S & MCGAVOCK ST,NASHVILLE,TN,37203,5703,MIDTOW,36.1532,-86.7922,POINT (-86.7922 36.1532)
20190632496,08/24/2019 06:45:00 AM,2,0,0,,Y,352211,5,SIDESWIPE - SAME DIRECTION,21,CLEAR,1,DAYLIGHT,12,MOTOR VEHICLE IN TRANSPORT,BRILEY PKWY S EXT RAMP & I40 W ENT RAMP,NASHVILLE,TN,37209,46120,WEST,36.1558,-86.8585,POINT (-86.8585 36.1558)
20190757364,10/15/2019 08:25:00 PM,2,0,0,,N,109522,5,SIDESWIPE - SAME DIRECTION,21,CLEAR,3,DARK - LIGHTED,12,MOTOR VEHICLE IN TRANSPORT,HILLSBORO PKE & I440 E ENT RAMP,NASHVILLE,TN,37215,6001,WEST,36.1219,-86.8072,POINT (-86.8072 36.1219)
20190660990,09/05/2019 01:54:00 AM,5,0,0,Y,Y,384421,5,SIDESWIPE - SAME DIRECTION,21,CLEAR,3,DARK - LIGHTED,12;14;30,MOTOR VEHICLE IN TRANSPORT;PARKED MOTOR VEHICLE;UTILITY POLE,LAFAYETTE ST & 2ND AVS,NASHVILLE,TN,37210,8201,HERMIT,36.1507,-86.768,POINT (-86.768 36.1507)
20190710637,09/25/2019 05:34:00 PM,2,0,0,,N,384450,4,ANGLE,21,CLEAR,1,DAYLIGHT,12,MOTOR VEHICLE IN TRANSPORT,WHITES CREEK PKE & W TRINITY LN,NASHVILLE,TN,37207,3037,NORTH,36.2076,-86.7921,POINT (-86.7921 36.2076)
20190834866,11/18/2019 06:41:00 AM,2,0,0,,N,755026,5,SIDESWIPE - SAME DIRECTION,21,CLEAR,1,DAYLIGHT,12,MOTOR VEHICLE IN TRANSPORT,CHESTNUT ST & 3RD AVS,NASHVILLE,TN,37210,8141,SOUTH,36.1456,-86.7652,POINT (-86.7652 36.1456)
20190908424,12/19/2019 02:27:00 PM,2,0,0,,N,240955,4,ANGLE,21,CLEAR,1,DAYLIGHT,12,MOTOR VEHICLE IN TRANSPORT,LOGISTICS WAY & OLD HICKORY BLVD,ANTIOCH,TN,37013,8869,SOUTH,36.0326,-86.6119,POINT (-86.6119 36.0326)
20190671082,09/09/2019 02:22:00 PM,2,0,0,Y,Y,717341,4,ANGLE,21,CLEAR,1,DAYLIGHT,55,Motor Vehicle-In-Motion Outside Trafficw,LAFAYETTE ST & CLAIBORNE ST,NASHVILLE,TN,37210,8147,SOUTH,36.1483,-86.7609,POINT (-86.7609 36.1483)
20190874561,12/05/2019 08:55:00 AM,2,0,0,,N,676834,11,Front to Rear,21,CLEAR,1,DAYLIGHT,12,MOTOR VEHICLE IN TRANSPORT,MM 86 9 I 65,NASHVILLE,TN,37207,3002,NORTH,36.2009,-86.7768,POINT (-86.7768 36.2009)
20190843979,11/21/2019 04:30:00 PM,2,0,0,,Y,320582,4,ANGLE,22,CLOUDY,5,DUSK,12,MOTOR VEHICLE IN TRANSPORT,W TRINITY LN & E TRINITY LN,NASHVILLE,TN,37207,1863,EAST,36.2059,-86.7688,POINT (-86.7688 36.2059)
20190717653,09/28/2019 04:45:00 PM,2,0,0,,N,330440,4,ANGLE,21,CLEAR,1,DAYLIGHT,12,MOTOR VEHICLE IN TRANSPORT,CLARKSVILLE PIKE & 23RD AVE N,NASHVILLE,TN,37208,4415,NORTH,36.184,-86.8142,POINT (-86.8142 36.184)
20190789286,10/29/2019 04:30:00 PM,2,0,0,,N,298867,5,SIDESWIPE - SAME DIRECTION,21,CLEAR,5,DUSK,12,MOTOR VEHICLE IN TRANSPORT,MM 47 9 I 24,NASHVILLE,TN,37207,1904,CENTRA,36.1775,-86.7731,POINT (-86.7731 36.1775)
20190699246,09/20/2019 07:55:00 PM,2,1,0,,N,240966,11,Front to Rear,21,CLEAR,3,DARK - LIGHTED,12,MOTOR VEHICLE IN TRANSPORT,DICKERSON PKE & DICKERSON PKE NB ENT RAM,NASHVILLE,TN,37207,1961,EAST,36.1812,-86.7736,POINT (-86.7736 36.1812)
20190704274,09/23/2019 09:24:00 AM,1,1,0,,N,298864,0,NOT COLLISION W/MOTOR VEHICLE-TRANSPORT,22,CLOUDY,1,DAYLIGHT,8,PEDESTRIAN,GALLATIN PKES & MAPLE ST,MADISON,TN,37115,1607,MADISO,36.2617,-86.7124,POINT (-86.7124 36.2617)
20190648026,08/30/2019 03:00:00 PM,2,0,0,,N,320597,5,SIDESWIPE - SAME DIRECTION,21,CLEAR,1,DAYLIGHT,12,MOTOR VEHICLE IN TRANSPORT,BELL RD & EAGLE VIEW BLVD,ANTIOCH,TN,37013,8865,SOUTH,36.0522,-86.6449,POINT (-86.6449 36.0522)
20190907866,12/19/2019 11:34:00 AM,2,0,0,,N,384418,6,SIDESWIPE - OPPOSITE DIRECTION,21,CLEAR,1,DAYLIGHT,13,MOTOR VEHICLE IN TRANSPORT-OTHER ROADWAY,14TH AVN & I40 E ENT RAMP,NASHVILLE,TN,37203,5517,MIDTOW,36.1561,-86.7901,POINT (-86.7901 36.1561)
20190857713,11/27/2019 02:56:00 PM,2,0,0,,N,279208,11,Front to Rear,21,CLEAR,1,DAYLIGHT,12,MOTOR VEHICLE IN TRANSPORT,MM 209 1 I 40,NASHVILLE,TN,37203,4002,CENTRA,36.1558,-86.7892,POINT (-86.7892 36.1558)
20190772591,10/22/2019 12:50:00 PM,2,0,0,,N,676834,4,ANGLE,21,CLEAR,1,DAYLIGHT,12,MOTOR VEHICLE IN TRANSPORT,I65 N EXT RAMP & I 65,NASHVILLE,TN,37207,1863,EAST,36.2057,-86.7747,POINT (-86.7747 36.2057)
20190791311,10/30/2019 11:36:00 AM,2,0,0,,N,876581,5,SIDESWIPE - SAME DIRECTION,2,RAIN,1,DAYLIGHT,12,MOTOR VEHICLE IN TRANSPORT,MM 91 5 I 65,MADISON,TN,37115,1728,MADISO,36.2538,-86.739,POINT (-86.739 36.2538)
20190820260,11/12/2019 12:50:00 AM,1,0,0,Y,N,161945,0,NOT COLLISION W/MOTOR VEHICLE-TRANSPORT,4,SNOW,2,DARK - NOT LIGHTED,36,CONCRETE TRAFFIC BARRIER,HILLSBORO PKE & OTTER CREEK RD,NASHVILLE,TN,37215,6205,WEST,36.0681,-86.8441,POINT (-86.8441 36.0681)
20190688094,09/16/2019 03:08:00 PM,2,2,0,,N,151131,11,Front to Rear,21,CLEAR,1,DAYLIGHT,12,MOTOR VEHICLE IN TRANSPORT,MM 85 0 I 65,NASHVILLE,TN,37208,43021,NORTH,36.1799,-86.8005,POINT (-86.8005 36.1799)
20190751655,10/13/2019 02:18:00 PM,2,0,0,,Y,330445,4,ANGLE,21,CLEAR,1,DAYLIGHT,12,MOTOR VEHICLE IN TRANSPORT,HYNES ST & 15TH AVN,NASHVILLE,TN,37203,5503,MIDTOW,36.1587,-86.794,POINT (-86.794 36.1587)
20190860039,11/28/2019 12:00:00 AM,2,0,0,,N,212344,4,ANGLE,2,RAIN,3,DARK - LIGHTED,12,MOTOR VEHICLE IN TRANSPORT,WOODLAND ST & S 9TH ST,NASHVILLE,TN,37206,1119,EAST,36.1749,-86.7569,POINT (-86.7569 36.1749)
20190653555,09/01/2019 12:00:00 AM,2,0,0,,Y,311326,4,ANGLE,21,CLEAR,2,DARK - NOT LIGHTED,14,PARKED MOTOR VEHICLE,29TH AVN & CLIFTON AV,NASHVILLE,TN,37209,5305,NORTH,36.159,-86.8199,POINT (-86.8199 36.159)
20190611847,08/16/2019 04:25:00 PM,2,0,0,,N,256389,4,ANGLE,21,CLEAR,1,DAYLIGHT,12,MOTOR VEHICLE IN TRANSPORT,PORTLAND AV & BELMONT BLVD,NASHVILLE,TN,37212,6611,MIDTOW,36.1329,-86.796,POINT (-86.796 36.1329)
20190764325,10/18/2019 04:22:00 PM,3,0,0,,N,225894,3,REAR-TO-REAR,21,CLEAR,1,DAYLIGHT,12,MOTOR VEHICLE IN TRANSPORT,MM 211 0 I 40,NASHVILLE,TN,37210,82020,HERMIT,36.1544,-86.7598,POINT (-86.7598 36.1544)
20190794687,10/31/2019 09:15:00 PM,2,0,0,,N,240976,11,Front to Rear,21,CLEAR,3,DARK - LIGHTED,12,MOTOR VEHICLE IN TRANSPORT,DOUGLAS AV & ELLINGTON PKWYS,NASHVILLE,TN,37206,1992,EAST,36.1934,-86.7529,POINT (-86.7529 36.1934)
20190786634,10/28/2019 05:00:00 PM,2,0,0,,Y,905011,5,SIDESWIPE - SAME DIRECTION,22,CLOUDY,3,DARK - LIGHTED,12,MOTOR VEHICLE IN TRANSPORT,MM 207 7 I 40,NASHVILLE,TN,37208,54021,NORTH,36.1729,-86.8012,POINT (-86.8012 36.1729)
20190816332,11/10/2019 03:22:00 AM,2,1,0,,Y,352212,4,ANGLE,21,CLEAR,3,DARK - LIGHTED,12,MOTOR VEHICLE IN TRANSPORT,EASTLAND AVE & GALLATIN AVE,NASHVILLE,TN,37206,1243,EAST,36.1838,-86.7484,POINT (-86.7484 36.1838)