Accident Number,Date and Time,Number of Motor Vehicles,Number of Injuries,Number of Fatalities,Property Damage,Hit and Run,Reporting Officer,Collision Type Code,Collision Type Description,Weather Code,Weather Description,Illumination Code,Illumination Description,Harmful Code,Harmful Code Description,Street Address,City,State,ZIP,RPA,Precinct,Latitude,Longitude,Mapped Location
20190731355,10/04/2019 12:03:00 PM,2,1,0,,N,462474,11,Front to Rear,21,CLEAR,1,DAYLIGHT,12,MOTOR VEHICLE IN TRANSPORT,I65 N EXT RAMP & OLD HICKORY BLVD,BRENTWOOD,TN,37027,8619,MIDTOW,36.0395,-86.7817,POINT (-86.7817 36.0395)
20190861731,11/29/2019 06:04:00 PM,2,0,0,,Y,311337,11,Front to Rear,21,CLEAR,3,DARK - LIGHTED,12,MOTOR VEHICLE IN TRANSPORT,BRILEY PKWYN & BRILEY PKWYS,NASHVILLE,TN,37211,8404,SOUTH,36.1092,-86.727,POINT (-86.727 36.1092)
20190773391,10/22/2019 07:40:00 PM,2,0,0,,Y,311328,11,Front to Rear,21,CLEAR,3,DARK - LIGHTED,12,MOTOR VEHICLE IN TRANSPORT,10TH CIRN & 10TH AVN,NASHVILLE,TN,37203,4205,CENTRA,36.1634,-86.7878,POINT (-86.7878 36.1634)
20190766134,10/19/2019 10:40:00 AM,2,0,0,,N,571328,6,SIDESWIPE - OPPOSITE DIRECTION,21,CLEAR,1,DAYLIGHT,12,MOTOR VEHICLE IN TRANSPORT,GALLATIN AV & ORDWAY PL,NASHVILLE,TN,37206,1939,EAST,36.1809,-86.7496,POINT (-86.7496 36.1809)
20190589511,08/08/2019 08:11:00 AM,2,0,0,,N,414668,11,Front to Rear,22,CLOUDY,1,DAYLIGHT,12,MOTOR VEHICLE IN TRANSPORT,MM 87 4 I 65,NASHVILLE,TN,37207,1804,EAST,36.2081,-86.7761,POINT (-86.7761 36.2081)
20190853136,11/25/2019 06:04:00 PM,2,0,0,,N,330428,11,Front to Rear,21,CLEAR,3,DARK - LIGHTED,12,MOTOR VEHICLE IN TRANSPORT,MM 205 2 I 40,NASHVILLE,TN,37209,52027,WEST,36.154,-86.835,POINT (-86.835 36.154)
20190615806,08/18/2019 08:45:00 AM,2,0,0,,N,320575,11,Front to Rear,21,CLEAR,1,DAYLIGHT,12,MOTOR VEHICLE IN TRANSPORT,MURFREESBORO PKE & FOREST VIEW DR,ANTIOCH,TN,37013,8865,SOUTH,36.0674,-86.6313,POINT (-86.6313 36.0674)
20190698458,09/20/2019 01:36:00 PM,2,0,0,,N,384439,5,SIDESWIPE - SAME DIRECTION,21,CLEAR,1,DAYLIGHT,12,MOTOR VEHICLE IN TRANSPORT,MM 209 4 I 40,NASHVILLE,TN,37203,40041,CENTRA,36.1519,-86.7866,POINT (-86.7866 36.1519)
20190773259,10/22/2019 05:35:00 PM,2,0,0,,N,256448,4,ANGLE,21,CLEAR,1,DAYLIGHT,12,MOTOR VEHICLE IN TRANSPORT,MM 215 5 I 40,NASHVILLE,TN,37217,89020,HERMIT,36.1432,-86.6865,POINT (-86.6865 36.1432)
20190749286,10/12/2019 09:20:00 AM,2,0,0,,Y,352159,16,Rear to Side,21,CLEAR,1,DAYLIGHT,14,PARKED MOTOR VEHICLE,GALLATIN PKE & GREENFIELD AV,NASHVILLE,TN,37216,1439,EAST,36.2107,-86.7332,POINT (-86.7332 36.2107)
20190754041,10/14/2019 03:59:00 PM,1,1,0,,Y,212346,0,NOT COLLISION W/MOTOR VEHICLE-TRANSPORT,21,CLEAR,1,DAYLIGHT,8,PEDESTRIAN,BROADWAY & 4TH AVN,NASHVILLE,TN,37203,4091,CENTRA,36.161,-86.7772,POINT (-86.7772 36.161)
20190715118,09/27/2019 02:05:00 PM,2,0,0,,N,256389,4,ANGLE,21,CLEAR,1,DAYLIGHT,12,MOTOR VEHICLE IN TRANSPORT,HARDING PL & NOLENSVILLE PKE,NASHVILLE,TN,37211,8705,SOUTH,36.0797,-86.7261,POINT (-86.7261 36.0797)
20190671933,09/09/2019 11:50:00 PM,3,2,0,,N,311336,11,Front to Rear,21,CLEAR,3,DARK - LIGHTED,12;14,MOTOR VEHICLE IN TRANSPORT;PARKED MOTOR VEHICLE,E TRINITY LN & W TRINITY LN,NASHVILLE,TN,37207,1861,EAST,36.2059,-86.7686,POINT (-86.7686 36.2059)
20190692642,09/18/2019 12:00:00 AM,2,0,0,,Y,665896,9,UNKNOWN,99,UNKNOWN,9,UNKNOWN,12;14,MOTOR VEHICLE IN TRANSPORT;PARKED MOTOR VEHICLE,N 6TH ST & HOWERTON ST,NASHVILLE,TN,37206,1997,EAST,36.1754,-86.764,POINT (-86.764 36.1754)
20190916603,12/23/2019 05:45:00 PM,2,1,0,,N,352172,11,Front to Rear,21,CLEAR,3,DARK - LIGHTED,12,MOTOR VEHICLE IN TRANSPORT,GALLATIN PKEN & NORTHSIDE MARKETPLACE PV,MADISON,TN,37115,1721,MADISO,36.3073,-86.6849,POINT (-86.6849 36.3073)
20190769810,10/21/2019 09:28:00 AM,2,1,0,,N,311804,11,Front to Rear,22,CLOUDY,1,DAYLIGHT,12,MOTOR VEHICLE IN TRANSPORT,MM 210 4 I 40,NASHVILLE,TN,37210,80022,SOUTH,36.1511,-86.7695,POINT (-86.7695 36.1511)
20190671839,09/09/2019 07:10:00 PM,1,0,0,,N,311341,0,NOT COLLISION W/MOTOR VEHICLE-TRANSPORT,21,CLEAR,5,DUSK,25,GUARDRAIL END,MM 1 0 I 440,NASHVILLE,TN,37205,5234,WEST,36.1438,-86.8226,POINT (-86.8226 36.1438)
20190889165,12/11/2019 02:11:00 PM,1,0,0,,N,256389,0,NOT COLLISION W/MOTOR VEHICLE-TRANSPORT,21,CLEAR,1,DAYLIGHT,71,EMBANKMENT EARTH,2811 JOYNER AVE,NASHVILLE,TN,37210,8353,SOUTH,36.116,-86.7412,POINT (-86.7412 36.116)
20190894926,12/13/2019 06:52:00 PM,2,0,0,,N,414668,4,ANGLE,22,CLOUDY,3,DARK - LIGHTED,12,MOTOR VEHICLE IN TRANSPORT,1ST AVS & MOLLOY ST,NASHVILLE,TN,37201,4051,CENTRA,36.1597,-86.7728,POINT (-86.7728 36.1597)
20190707867,09/24/2019 05:24:00 PM,2,0,0,,Y,151132,16,Rear to Side,21,CLEAR,1,DAYLIGHT,14,PARKED MOTOR VEHICLE,SCALF DR & N DUPONT AV,MADISON,TN,37115,1711,MADISO,36.2669,-86.6924,POINT (-86.6924 36.2669)
20190845426,11/22/2019 07:15:00 AM,2,0,0,,Y,140808,5,SIDESWIPE - SAME DIRECTION,2,RAIN,1,DAYLIGHT,12,MOTOR VEHICLE IN TRANSPORT,MM 209 4 I 40,NASHVILLE,TN,37203,40041,CENTRA,36.1519,-86.7866,POINT (-86.7866 36.1519)
20190811499,11/07/2019 11:19:00 PM,1,0,0,Y,Y,240979,0,NOT COLLISION W/MOTOR VEHICLE-TRANSPORT,21,CLEAR,7,Dark-Unknown Lighting,24,GUARDRAIL FACE,COUNTY HOSPITAL RD & BRILEY PKWY S EXT R,NASHVILLE,TN,37218,3201,NORTH,36.1886,-86.8653,POINT (-86.8653 36.1886)
20190634391,08/25/2019 03:55:00 AM,2,0,0,,Y,298866,4,ANGLE,21,CLEAR,3,DARK - LIGHTED,13,MOTOR VEHICLE IN TRANSPORT-OTHER ROADWAY,CHARLOTTE PKE & AMERICAN RD,NASHVILLE,TN,37209,5027,WEST,36.1444,-86.8727,POINT (-86.8727 36.1444)
20190822160,11/12/2019 05:40:00 PM,2,0,0,,Y,212338,11,Front to Rear,21,CLEAR,1,DAYLIGHT,12,MOTOR VEHICLE IN TRANSPORT,WEDGEWOOD AV & HILLSIDE AV,NASHVILLE,TN,37203,6915,MIDTOW,36.1347,-86.784,POINT (-86.784 36.1347)
20190821239,11/12/2019 09:12:00 AM,2,0,0,,N,716886,5,SIDESWIPE - SAME DIRECTION,21,CLEAR,1,DAYLIGHT,12,MOTOR VEHICLE IN TRANSPORT,MURFREESBORO PKE & BELL RD,ANTIOCH,TN,37013,8865,SOUTH,36.072,-86.636,POINT (-86.636 36.072)
20190896855,12/14/2019 06:15:00 PM,3,1,0,,N,161939,11,Front to Rear,22,CLOUDY,3,DARK - LIGHTED,12,MOTOR VEHICLE IN TRANSPORT,MM 59 6 I 24,ANTIOCH,TN,37013,88060,SOUTH,36.0438,-86.6561,POINT (-86.6561 36.0438)
20190927777,12/29/2019 04:31:00 PM,1,0,0,Y,N,352178,0,NOT COLLISION W/MOTOR VEHICLE-TRANSPORT,2,RAIN,5,DUSK,36,CONCRETE TRAFFIC BARRIER,BRILEY PKWYW & BRILEY PKWYE,NASHVILLE,TN,37218,3216,NORTH,36.2254,-86.8638,POINT (-86.8638 36.2254)
20190831758,11/16/2019 12:00:00 AM,2,0,0,,N,279200,11,Front to Rear,21,CLEAR,5,DUSK,12,MOTOR VEHICLE IN TRANSPORT,MM 48 0 I 24,NASHVILLE,TN,37213,1908,CENTRA,36.1759,-86.7721,POINT (-86.7721 36.1759)
20190775658,10/23/2019 04:43:00 PM,2,0,0,,Y,212330,11,Front to Rear,21,CLEAR,1,DAYLIGHT,12,MOTOR VEHICLE IN TRANSPORT,EAST THOMPSON LN & BROWNING RD,NASHVILLE,TN,37217,8879,SOUTH,36.121,-86.718,POINT (-86.718 36.121)
20190918921,12/24/2019 10:30:00 PM,2,1,0,,Y,151122,6,SIDESWIPE - OPPOSITE DIRECTION,21,CLEAR,2,DARK - NOT LIGHTED,12,MOTOR VEHICLE IN TRANSPORT,HAMILTON CHURCH & PIN OAK,ANTIOCH,TN,37013,8905,SOUTH,36.0559,-86.5878,POINT (-86.5878 36.0559)
20190802264,11/04/2019 09:39:00 AM,2,0,0,,N,191578,11,Front to Rear,21,CLEAR,1,DAYLIGHT,12,MOTOR VEHICLE IN TRANSPORT,MM 52 4 I 24,NASHVILLE,TN,37210,82061,HERMIT,36.139,-86.727,POINT (-86.727 36.139)
20190778503,10/24/2019 08:20:00 PM,2,0,0,,N,240976,4,ANGLE,21,CLEAR,3,DARK - LIGHTED,12,MOTOR VEHICLE IN TRANSPORT,GALLATIN AV & DOUGLAS AV,NASHVILLE,TN,37206,1325,EAST,36.193,-86.7442,POINT (-86.7442 36.193)
20190923251,12/27/2019 08:03:00 AM,2,1,0,,N,633390,11,Front to Rear,22,CLOUDY,1,DAYLIGHT,12,MOTOR VEHICLE IN TRANSPORT,W TRINITY LN & I65 N EXT RAMP,NASHVILLE,TN,37207,1863,EAST,36.2062,-86.7736,POINT (-86.7736 36.2062)
20190768257,10/20/2019 02:00:00 PM,2,0,0,,Y,352173,4,ANGLE,21,CLEAR,1,DAYLIGHT,12,MOTOR VEHICLE IN TRANSPORT,DICKERSON PKE & DICKERSON PKE ENT RAMP,MADISON,TN,37115,2009,MADISO,36.242,-86.7571,POINT (-86.7571 36.242)
20190819196,11/11/2019 01:33:00 PM,1,1,0,,Y,571313,0,NOT COLLISION W/MOTOR VEHICLE-TRANSPORT,22,CLOUDY,1,DAYLIGHT,8,PEDESTRIAN,WEDGEWOOD AV & 8TH AVS,NASHVILLE,TN,37204,6919,MIDTOW,36.1343,-86.7796,POINT (-86.7796 36.1343)
20190903187,12/17/2019 05:17:00 PM,2,0,0,,N,179606,11,Front to Rear,21,CLEAR,3,DARK - LIGHTED,12,MOTOR VEHICLE IN TRANSPORT,MM 5 9 I 440,NASHVILLE,TN,37204,83062,MIDTOW,36.1215,-86.7578,POINT (-86.7578 36.1215)
20190710157,09/25/2019 02:51:00 PM,2,1,0,,N,169425,4,ANGLE,21,CLEAR,1,DAYLIGHT,12,MOTOR VEHICLE IN TRANSPORT,POWELL AV & POWELL PL,NASHVILLE,TN,37204,8527,MIDTOW,36.1065,-86.7646,POINT (-86.7646 36.1065)
20190582232,08/05/2019 06:29:00 PM,2,0,0,,N,298877,11,Front to Rear,21,CLEAR,1,DAYLIGHT,12,MOTOR VEHICLE IN TRANSPORT,MM 54 9 I 24,NASHVILLE,TN,37211,8812,SOUTH,36.0962,-86.7081,POINT (-86.7081 36.0962)
20190749228,10/12/2019 12:00:00 AM,2,0,0,,Y,799013,2,HEAD-ON,99,UNKNOWN,9,UNKNOWN,12;14,MOTOR VEHICLE IN TRANSPORT;PARKED MOTOR VEHICLE,MCGAVOCK PKE & OUTLET CENTER DR,NASHVILLE,TN,37214,9209,HERMIT,36.2172,-86.6989,POINT (-86.6989 36.2172)
20190868094,12/02/2019 09:48:00 PM,2,0,0,,N,256377,11,Front to Rear,21,CLEAR,2,DARK - NOT LIGHTED,12,MOTOR VEHICLE IN TRANSPORT,BELL RD & ELM HILL PKE,NASHVILLE,TN,37214,8995,HERMIT,36.1411,-86.628,POINT (-86.628 36.1411)
20190918846,12/24/2019 08:57:00 PM,1,1,0,,N,256426,0,NOT COLLISION W/MOTOR VEHICLE-TRANSPORT,21,CLEAR,3,DARK - LIGHTED,24,GUARDRAIL FACE,LEBANON PKE & DOWNEYMEADE DR,NASHVILLE,TN,37214,9403,HERMIT,36.1821,-86.6412,POINT (-86.6412 36.1821)
20190863107,11/30/2019 10:43:00 AM,2,0,0,,Y,320592,5,SIDESWIPE - SAME DIRECTION,2,RAIN,1,DAYLIGHT,12,MOTOR VEHICLE IN TRANSPORT,MM 211 1 I 40,NASHVILLE,TN,37210,8008,HERMIT,36.1539,-86.7571,POINT (-86.7571 36.1539)
20190910836,12/20/2019 05:17:00 PM,2,0,0,,N,279116,11,Front to Rear,22,CLOUDY,3,DARK - LIGHTED,12,MOTOR VEHICLE IN TRANSPORT,THOMPSON LN & EUGENIA AV,NASHVILLE,TN,37204,8523,MIDTOW,36.1111,-86.7548,POINT (-86.7548 36.1111)
20190768051,10/20/2019 11:47:00 AM,2,0,0,,N,311325,11,Front to Rear,21,CLEAR,1,DAYLIGHT,12,MOTOR VEHICLE IN TRANSPORT,MM 52 1 I 24,NASHVILLE,TN,37217,8816,SOUTH,36.1343,-86.7267,POINT (-86.7267 36.1343)
20190840734,11/20/2019 10:35:00 AM,2,0,0,,N,420035,4,ANGLE,21,CLEAR,1,DAYLIGHT,12,MOTOR VEHICLE IN TRANSPORT,E PALESTINE AV & GALLATIN PKES,MADISON,TN,37115,1507,MADISO,36.2491,-86.718,POINT (-86.718 36.2491)
20190790646,10/30/2019 05:55:00 AM,1,1,0,,N,169414,0,NOT COLLISION W/MOTOR VEHICLE-TRANSPORT,2,RAIN,3,DARK - LIGHTED,24;36,GUARDRAIL FACE;CONCRETE TRAFFIC BARRIER,MM 54 2 I 24,NASHVILLE,TN,37211,88122,SOUTH,36.1038,-86.7151,POINT (-86.7151 36.1038)
20190912931,12/21/2019 08:00:00 PM,1,0,0,Y,Y,240985,0,NOT COLLISION W/MOTOR VEHICLE-TRANSPORT,21,CLEAR,2,DARK - NOT LIGHTED,43;64,OTHER FIXED OBJECTS;Ran Off Road-Left,OLD HICKORY BLVD & BALLEROY DR,BRENTWOOD,TN,37027,6301,MIDTOW,36.0443,-86.8463,POINT (-86.8463 36.0443)
20190840204,11/20/2019 07:00:00 AM,2,0,0,,Y,226622,5,SIDESWIPE - SAME DIRECTION,21,CLEAR,1,DAYLIGHT,12,MOTOR VEHICLE IN TRANSPORT,CHARLOTTE PKE & CHARLOTTE ROAD CIR,NASHVILLE,TN,37209,5025,WEST,36.1423,-86.8756,POINT (-86.8756 36.1423)
20190660244,09/04/2019 05:42:00 PM,2,0,0,,N,151132,4,ANGLE,21,CLEAR,1,DAYLIGHT,12,MOTOR VEHICLE IN TRANSPORT,OLD HICKORY BLVDW & BEVERLY DR,MADISON,TN,37115,1749,MADISO,36.2641,-86.7252,POINT (-86.7252 36.2641)
20190827398,11/14/2019 07:07:00 PM,2,1,0,,N,330415,4,ANGLE,21,CLEAR,3,DARK - LIGHTED,12,MOTOR VEHICLE IN TRANSPORT,0 4TH AVS,NASHVILLE,TN,37210,8143,SOUTH,36.1465,-86.7677,POINT (-86.7677 36.1465)
20190685953,09/15/2019 03:17:00 PM,2,1,0,,N,279116,4,ANGLE,21,CLEAR,1,DAYLIGHT,12,MOTOR VEHICLE IN TRANSPORT,BROADWAY & 20TH AVS,NASHVILLE,TN,37203,5711,MIDTOW,36.1496,-86.798,POINT (-86.798 36.1496)
20190706141,09/23/2019 11:55:00 PM,2,0,0,,N,320578,11,Front to Rear,21,CLEAR,3,DARK - LIGHTED,12,MOTOR VEHICLE IN TRANSPORT,MT VIEW RD & RURAL HILL RD,ANTIOCH,TN,37013,8871,SOUTH,36.0484,-86.6574,POINT (-86.6574 36.0484)
20190737934,10/07/2019 05:59:00 PM,2,1,0,,N,256389,4,ANGLE,21,CLEAR,1,DAYLIGHT,12,MOTOR VEHICLE IN TRANSPORT,HARDING PL & NOLENSVILLE PKE,NASHVILLE,TN,37211,8705,SOUTH,36.0797,-86.7261,POINT (-86.7261 36.0797)
20190815161,11/09/2019 02:40:00 PM,2,0,0,,N,352204,11,Front to Rear,21,CLEAR,1,DAYLIGHT,12,MOTOR VEHICLE IN TRANSPORT,CHARLOTTE PKE & CABOT DR,NASHVILLE,TN,37209,4677,WEST,36.2336,-86.7283,POINT (-86.7283 36.2336)
20190734632,10/05/2019 11:46:00 PM,2,1,0,,N,320598,4,ANGLE,21,CLEAR,2,DARK - NOT LIGHTED,12,MOTOR VEHICLE IN TRANSPORT,WOODLAND HILLS DR & STATE HWY 254,NASHVILLE,TN,37211,8651,MIDTOW,36.0378,-86.7308,POINT (-86.7308 36.0378)
20190701983,09/22/2019 04:17:00 AM,3,2,0,,N,298875,4,ANGLE,21,CLEAR,3,DARK - LIGHTED,12;68,MOTOR VEHICLE IN TRANSPORT;Cross Center Line,GROVEDALE TRC & PIN HOOK RD,ANTIOCH,TN,37013,8927,SOUTH,36.0502,-86.606,POINT (-86.606 36.0502)
20190763162,10/18/2019 05:29:00 AM,3,1,0,,N,220884,11,Front to Rear,21,CLEAR,3,DARK - LIGHTED,12,MOTOR VEHICLE IN TRANSPORT,GALLATIN PKES & DUE WEST AVE,MADISON,TN,37115,1507,MADISO,36.2487,-86.7199,POINT (-86.7199 36.2487)
20190768468,10/20/2019 05:46:00 PM,3,1,0,,N,212344,11,Front to Rear,21,CLEAR,5,DUSK,12,MOTOR VEHICLE IN TRANSPORT,MM 48 8 I 24,NASHVILLE,TN,37213,1104,CENTRA,36.1682,-86.7659,POINT (-86.7659 36.1682)
20190649293,08/31/2019 12:58:00 AM,2,0,0,,N,299245,98,OTHER,21,CLEAR,3,DARK - LIGHTED,14,PARKED MOTOR VEHICLE,KIRKLAND AV & GALLATIN PKE,NASHVILLE,TN,37216,1417,EAST,36.2089,-86.7346,POINT (-86.7346 36.2089)
20190880110,12/07/2019 05:20:00 PM,2,1,0,,N,352185,11,Front to Rear,21,CLEAR,3,DARK - LIGHTED,12,MOTOR VEHICLE IN TRANSPORT,GALLATIN AV & STRATTON AV,NASHVILLE,TN,37206,1243,EAST,36.1824,-86.749,POINT (-86.749 36.1824)
20190638152,08/26/2019 10:32:00 PM,1,1,0,,N,279201,0,NOT COLLISION W/MOTOR VEHICLE-TRANSPORT,21,CLEAR,3,DARK - LIGHTED,42,TREE,ELM HILL PKE & ARLINGTON AV,NASHVILLE,TN,37210,9013,HERMIT,36.1437,-86.7319,POINT (-86.7319 36.1437)
20190814632,11/09/2019 08:14:00 AM,2,0,0,,N,584947,6,SIDESWIPE - OPPOSITE DIRECTION,21,CLEAR,1,DAYLIGHT,12,MOTOR VEHICLE IN TRANSPORT,HOLT RUN DR & HOLT GROVE CT,NASHVILLE,TN,37211,8651,MIDTOW,36.0118,-86.728,POINT (-86.728 36.0118)
20190835090,11/18/2019 08:29:00 AM,2,1,0,,N,226092,11,Front to Rear,21,CLEAR,1,DAYLIGHT,12,MOTOR VEHICLE IN TRANSPORT,MM 207 1 I 40,NASHVILLE,TN,37208,54020,NORTH,36.1698,-86.8093,POINT (-86.8093 36.1698)
20190642767,08/28/2019 03:50:00 PM,2,2,0,,N,299241,11,Front to Rear,21,CLEAR,1,DAYLIGHT,12,MOTOR VEHICLE IN TRANSPORT,STATE HWY 265 & LAKESIDE PL,HERMITAGE,TN,37076,9503,HERMIT,36.1767,-86.6162,POINT (-86.6162 36.1767)
20190819719,11/11/2019 06:50:00 PM,2,0,0,,N,352161,11,Front to Rear,2,RAIN,1,DAYLIGHT,12,MOTOR VEHICLE IN TRANSPORT,MM 86 4 I 65,NASHVILLE,TN,37207,19060,EAST,36.1937,-86.7758,POINT (-86.7758 36.1937)
20190923857,12/27/2019 01:55:00 PM,2,1,0,,N,384421,4,ANGLE,21,CLEAR,1,DAYLIGHT,12,MOTOR VEHICLE IN TRANSPORT,4TH AVS & I40 W EXT RAMP,NASHVILLE,TN,37203,4007,CENTRA,36.1509,-86.7706,POINT (-86.7706 36.1509)
20190732231,10/04/2019 07:31:00 PM,2,1,0,,N,240966,11,Front to Rear,21,CLEAR,3,DARK - LIGHTED,12,MOTOR VEHICLE IN TRANSPORT,MM 88 4 I 65,NASHVILLE,TN,37207,30040,NORTH,36.2217,-86.7746,POINT (-86.7746 36.2217)
20190785308,10/28/2019 06:45:00 AM,2,0,0,,N,320588,11,Front to Rear,22,CLOUDY,1,DAYLIGHT,12,MOTOR VEHICLE IN TRANSPORT,MM 207 7 I 40,NASHVILLE,TN,37208,54021,NORTH,36.1729,-86.8012,POINT (-86.8012 36.1729)
20190734468,10/05/2019 10:04:00 PM,2,0,0,,N,330445,4,ANGLE,21,CLEAR,3,DARK - LIGHTED,12,MOTOR VEHICLE IN TRANSPORT,MAGNOLIA BLVD & 17TH AVS,NASHVILLE,TN,37212,6611,MIDTOW,36.1355,-86.7972,POINT (-86.7972 36.1355)
20190855620,11/26/2019 12:00:00 AM,2,0,0,,N,206674,11,Front to Rear,2,RAIN,3,DARK - LIGHTED,12,MOTOR VEHICLE IN TRANSPORT,WHITES CREEK PKE & MOORMANS ARM RD,NASHVILLE,TN,37207,3033,NORTH,36.2182,-86.8035,POINT (-86.8035 36.2182)
20190644179,08/29/2019 06:38:00 AM,2,0,0,,N,109534,11,Front to Rear,21,CLEAR,1,DAYLIGHT,12,MOTOR VEHICLE IN TRANSPORT,MM 215 0 I 40,NASHVILLE,TN,37214,91021,HERMIT,36.1444,-86.6948,POINT (-86.6948 36.1444)
20190741825,10/09/2019 12:00:00 AM,2,0,0,,N,429205,5,SIDESWIPE - SAME DIRECTION,21,CLEAR,1,DAYLIGHT,12,MOTOR VEHICLE IN TRANSPORT,MM 49 4 I 24,NASHVILLE,TN,37206,10040,EAST,36.1613,-86.7604,POINT (-86.7604 36.1613)
20190587585,08/07/2019 03:56:00 PM,2,1,0,,Y,240966,11,Front to Rear,21,CLEAR,1,DAYLIGHT,12,MOTOR VEHICLE IN TRANSPORT,DICKERSON PKE & RICHARDSON AV,NASHVILLE,TN,37207,1911,EAST,36.1916,-86.7727,POINT (-86.7727 36.1916)
20190701542,09/21/2019 11:10:00 PM,2,1,0,,N,320583,4,ANGLE,21,CLEAR,3,DARK - LIGHTED,12,MOTOR VEHICLE IN TRANSPORT,NOLENSVILLE PKE & BREWER DR,NASHVILLE,TN,37211,8715,SOUTH,36.0535,-86.715,POINT (-86.715 36.0535)
20190848018,11/23/2019 08:12:00 AM,1,0,0,,N,311325,0,NOT COLLISION W/MOTOR VEHICLE-TRANSPORT,2,RAIN,1,DAYLIGHT,11,OTHER ANIMAL,US HWY 70 & RAMP,NASHVILLE,TN,37214,9403,HERMIT,36.1853,-86.6361,POINT (-86.6361 36.1853)
20190840476,11/20/2019 08:56:00 AM,2,0,0,,N,755026,4,ANGLE,21,CLEAR,1,DAYLIGHT,12,MOTOR VEHICLE IN TRANSPORT,3RD AVS & CAMERON ST,NASHVILLE,TN,37210,8153,SOUTH,36.1482,-86.7675,POINT (-86.7675 36.1482)
20190908189,12/19/2019 03:26:00 PM,3,0,0,,N,352156,11,Front to Rear,21,CLEAR,1,DAYLIGHT,12,MOTOR VEHICLE IN TRANSPORT,HARDING PL & EZELL PKE,NASHVILLE,TN,37211,8847,SOUTH,36.0892,-86.6874,POINT (-86.6874 36.0892)
20190828456,11/15/2019 05:30:00 AM,2,0,0,,N,212334,5,SIDESWIPE - SAME DIRECTION,21,CLEAR,2,DARK - NOT LIGHTED,12,MOTOR VEHICLE IN TRANSPORT,MM 38 9 I 24,WHITES CREEK,TN,37189,33181,NORTH,36.2989,-86.8119,POINT (-86.8119 36.2989)
20190623841,08/21/2019 08:00:00 AM,1,1,0,,Y,256502,0,NOT COLLISION W/MOTOR VEHICLE-TRANSPORT,21,CLEAR,1,DAYLIGHT,9,,JEFFERSON ST & DR D B TODD JR BLVD,NASHVILLE,TN,37208,5325,NORTH,36.1694,-86.807,POINT (-86.807 36.1694)
20190746821,10/11/2019 07:44:00 AM,2,0,0,,N,462474,4,ANGLE,22,CLOUDY,1,DAYLIGHT,12,MOTOR VEHICLE IN TRANSPORT,WEDGEWOOD AV & 19TH AVS,NASHVILLE,TN,37212,6611,MIDTOW,36.1373,-86.7981,POINT (-86.7981 36.1373)
20190838716,11/19/2019 04:46:00 PM,2,2,0,,N,256417,6,SIDESWIPE - OPPOSITE DIRECTION,21,CLEAR,1,DAYLIGHT,12,MOTOR VEHICLE IN TRANSPORT,OLD LEBANON DIRT RD & TULIP GROVE RD,HERMITAGE,TN,37076,9559,HERMIT,36.1891,-86.5936,POINT (-86.5936 36.1891)
20190927541,12/29/2019 12:50:00 PM,2,0,0,,N,591936,11,Front to Rear,2,RAIN,1,DAYLIGHT,12,MOTOR VEHICLE IN TRANSPORT,WOODMONT BLVD & NOELTON AV,NASHVILLE,TN,37215,6415,MIDTOW,36.1122,-86.7943,POINT (-86.7943 36.1122)
20190663878,09/06/2019 12:00:00 AM,1,0,0,,Y,109515,0,NOT COLLISION W/MOTOR VEHICLE-TRANSPORT,99,UNKNOWN,9,UNKNOWN,41;63,SHRUBBERY;Ran Off Road-Right,UNION HILL RD & CROCKER SPRINGS RD,GOODLETTSVILLE,TN,37072,2207,MADISO,36.3328,-86.8246,POINT (-86.8246 36.3328)
20190708668,09/25/2019 01:00:00 AM,1,0,0,,Y,279195,0,NOT COLLISION W/MOTOR VEHICLE-TRANSPORT,21,CLEAR,3,DARK - LIGHTED,34,DITCH,ANDREW JACKSON WAY & OLD HICKORY BLVD,HERMITAGE,TN,37076,9557,HERMIT,36.1823,-86.608,POINT (-86.608 36.1823)
20190737652,10/07/2019 03:11:00 PM,2,2,0,,N,330417,11,Front to Rear,22,CLOUDY,1,DAYLIGHT,12,MOTOR VEHICLE IN TRANSPORT,DICKERSON PKE & SKYLINE COMMONS PVTDR,NASHVILLE,TN,37207,2011,MADISO,36.2475,-86.7568,POINT (-86.7568 36.2475)
20190824638,11/13/2019 02:52:00 PM,1,0,0,,N,240983,0,NOT COLLISION W/MOTOR VEHICLE-TRANSPORT,21,CLEAR,1,DAYLIGHT,50,DEER (ANIMAL),MURFREESBORO PKE & MOUNTAIN SPRINGS RD,ANTIOCH,TN,37013,8927,SOUTH,36.0478,-86.6121,POINT (-86.6121 36.0478)
20190697697,09/20/2019 12:00:00 AM,2,0,0,,Y,676834,3,REAR-TO-REAR,99,UNKNOWN,9,UNKNOWN,12;14,MOTOR VEHICLE IN TRANSPORT;PARKED MOTOR VEHICLE,26TH AVN & BOOKER ST,NASHVILLE,TN,37208,5311,NORTH,36.1604,-86.8153,POINT (-86.8153 36.1604)
20190644331,08/29/2019 07:45:00 AM,3,0,0,,N,676834,11,Front to Rear,21,CLEAR,1,DAYLIGHT,12,MOTOR VEHICLE IN TRANSPORT,MM 86 6 I 65,NASHVILLE,TN,37207,3002,NORTH,36.1959,-86.7761,POINT (-86.7761 36.1959)