Accident Number,Date and Time,Number of Motor Vehicles,Number of Injuries,Number of Fatalities,Property Damage,Hit and Run,Reporting Officer,Collision Type Code,Collision Type Description,Weather Code,Weather Description,Illumination Code,Illumination Description,Harmful Code,Harmful Code Description,Street Address,City,State,ZIP,RPA,Precinct,Latitude,Longitude,Mapped Location
20190918555,12/24/2019 04:07:00 PM,2,0,0,,N,298877,4,ANGLE,21,CLEAR,1,DAYLIGHT,12,MOTOR VEHICLE IN TRANSPORT,HARDING PL & ANTIOCH PKE,NASHVILLE,TN,37211,8843,SOUTH,36.0878,-86.6914,POINT (-86.6914 36.0878)
20190715600,09/27/2019 05:18:00 PM,2,0,0,,N,320597,11,Front to Rear,21,CLEAR,1,DAYLIGHT,12,MOTOR VEHICLE IN TRANSPORT,BRILEY PKWYS & I24 W ENT RAMP,NASHVILLE,TN,37211,88962,SOUTH,36.1099,-86.7214,POINT (-86.7214 36.1099)
20190810643,11/07/2019 02:31:00 PM,2,0,0,,N,212330,11,Front to Rear,2,RAIN,1,DAYLIGHT,12,MOTOR VEHICLE IN TRANSPORT,MM 52 7 I 24,NASHVILLE,TN,37210,81022,SOUTH,36.1226,-86.7277,POINT (-86.7277 36.1226)
20190621370,08/20/2019 11:18:00 AM,2,1,0,,N,462474,4,ANGLE,21,CLEAR,1,DAYLIGHT,12,MOTOR VEHICLE IN TRANSPORT,WEDGEWOOD AV & BEECH AV,NASHVILLE,TN,37204,6919,MIDTOW,36.1343,-86.7806,POINT (-86.7806 36.1343)
20190726976,10/02/2019 03:37:00 PM,2,0,0,,N,419972,4,ANGLE,21,CLEAR,1,DAYLIGHT,12,MOTOR VEHICLE IN TRANSPORT,WHITE BRIDGE PKE & LENOX AV,NASHVILLE,TN,37209,5103,WEST,36.1493,-86.8579,POINT (-86.8579 36.1493)
20190791855,10/30/2019 04:45:00 PM,2,0,0,,N,256448,5,SIDESWIPE - SAME DIRECTION,2,RAIN,1,DAYLIGHT,12,MOTOR VEHICLE IN TRANSPORT,ELM HILL PKE & MCCRORY CREEK RD,NASHVILLE,TN,37214,9413,HERMIT,36.1437,-86.6553,POINT (-86.6553 36.1437)
20190722145,09/30/2019 08:30:00 PM,2,0,0,,N,330431,11,Front to Rear,21,CLEAR,2,DARK - NOT LIGHTED,12,MOTOR VEHICLE IN TRANSPORT,MM 36 9 I 24,WHITES CREEK,TN,37189,33180,NORTH,36.3167,-86.8347,POINT (-86.8347 36.3167)
20190595584,08/10/2019 11:29:00 AM,2,0,0,,N,320592,0,NOT COLLISION W/MOTOR VEHICLE-TRANSPORT,21,CLEAR,1,DAYLIGHT,18,OTHER OBJECT (NOT FIXED),BRILEY PKWYN & BRILEY PKWY N ENT RAMP,NASHVILLE,TN,37214,9203,HERMIT,36.1716,-86.6885,POINT (-86.6885 36.1716)
20190812793,11/08/2019 11:41:00 AM,2,0,0,,N,462474,11,Front to Rear,21,CLEAR,1,DAYLIGHT,12,MOTOR VEHICLE IN TRANSPORT,TROUSDALE DR & TIMBERHILL DR,NASHVILLE,TN,37204,8533,MIDTOW,36.083,-86.7578,POINT (-86.7578 36.083)
20190608316,08/15/2019 08:41:00 AM,2,0,0,,N,716886,4,ANGLE,21,CLEAR,1,DAYLIGHT,12,MOTOR VEHICLE IN TRANSPORT,OLD HICKORY BLVD & NOLENSVILLE PKE,ANTIOCH,TN,37013,8757,SOUTH,36.0455,-86.7122,POINT (-86.7122 36.0455)
20190847256,11/22/2019 12:00:00 AM,3,3,0,Y,N,320591,98,OTHER,21,CLEAR,3,DARK - LIGHTED,12;14,MOTOR VEHICLE IN TRANSPORT;PARKED MOTOR VEHICLE,HICKORY RIM CT & HICKORY PASS LN,ANTIOCH,TN,37013,8967,SOUTH,36.0357,-86.5834,POINT (-86.5834 36.0357)
20190739282,10/08/2019 07:20:00 AM,2,0,0,,N,876581,5,SIDESWIPE - SAME DIRECTION,21,CLEAR,1,DAYLIGHT,12,MOTOR VEHICLE IN TRANSPORT,I65 S EXT RAMP & I 65,MADISON,TN,37115,20044,MADISO,36.2481,-86.743,POINT (-86.743 36.2481)
20190766016,10/19/2019 09:35:00 AM,2,0,0,,N,332253,11,Front to Rear,21,CLEAR,1,DAYLIGHT,12,MOTOR VEHICLE IN TRANSPORT,GALLATIN PKEN & NORTHSIDE DR,MADISON,TN,37115,1721,MADISO,36.3059,-86.6872,POINT (-86.6872 36.3059)
20190873241,12/04/2019 12:00:00 AM,2,0,0,,Y,384403,9,UNKNOWN,21,CLEAR,9,UNKNOWN,12;14,MOTOR VEHICLE IN TRANSPORT;PARKED MOTOR VEHICLE,VERNON AV & NASHUA AV,NASHVILLE,TN,37209,4661,WEST,36.16,-86.868,POINT (-86.868 36.16)
20190673481,09/10/2019 01:30:00 PM,2,1,0,,N,311799,4,ANGLE,21,CLEAR,1,DAYLIGHT,12,MOTOR VEHICLE IN TRANSPORT,BRILEY PKWY W EXT RAMP & KINSINGTON DR,MADISON,TN,37115,15940,MADISO,36.2377,-86.7331,POINT (-86.7331 36.2377)
20190812674,11/08/2019 10:53:00 AM,2,0,0,,N,902543,4,ANGLE,21,CLEAR,1,DAYLIGHT,12,MOTOR VEHICLE IN TRANSPORT,BROADMOOR DR & DICKERSON PKE,NASHVILLE,TN,37207,1809,EAST,36.2294,-86.7593,POINT (-86.7593 36.2294)
20190857763,11/27/2019 12:00:00 AM,2,1,0,,N,352196,11,Front to Rear,21,CLEAR,1,DAYLIGHT,12,MOTOR VEHICLE IN TRANSPORT,MM 59 7 I 24,ANTIOCH,TN,37013,88060,SOUTH,36.0428,-86.6545,POINT (-86.6545 36.0428)
20190655065,09/02/2019 03:48:00 PM,3,0,0,,N,429193,11,Front to Rear,21,CLEAR,1,DAYLIGHT,12,MOTOR VEHICLE IN TRANSPORT,CHARLOTTE PKE & CHARLOTTE PKE PVTDR,NASHVILLE,TN,37209,4703,WEST,36.1293,-86.9044,POINT (-86.9044 36.1293)
20190636737,08/26/2019 07:55:00 AM,1,1,0,,N,235761,0,NOT COLLISION W/MOTOR VEHICLE-TRANSPORT,2,RAIN,1,DAYLIGHT,36,CONCRETE TRAFFIC BARRIER,MM 203 2 I 40,NASHVILLE,TN,37209,46022,WEST,36.1501,-86.8701,POINT (-86.8701 36.1501)
20190804661,11/05/2019 07:58:00 AM,2,0,0,,N,584947,11,Front to Rear,21,CLEAR,1,DAYLIGHT,12,MOTOR VEHICLE IN TRANSPORT,HILLSBORO PKE & OTTER CREEK RD,NASHVILLE,TN,37215,6205,WEST,36.0681,-86.8441,POINT (-86.8441 36.0681)
20190596263,08/10/2019 04:15:00 PM,2,0,0,,Y,596389,5,SIDESWIPE - SAME DIRECTION,21,CLEAR,1,DAYLIGHT,12;14,MOTOR VEHICLE IN TRANSPORT;PARKED MOTOR VEHICLE,8125 BELLEVUE CTR PVTDR,NASHVILLE,TN,37221,4813,WEST,36.0818,-86.9487,POINT (-86.9487 36.0818)
20190586276,08/07/2019 05:20:00 AM,2,0,0,,Y,256495,11,Front to Rear,21,CLEAR,3,DARK - LIGHTED,12,MOTOR VEHICLE IN TRANSPORT,MM 84 9 I 65,NASHVILLE,TN,37208,44040,NORTH,36.1782,-86.8009,POINT (-86.8009 36.1782)
20190701437,09/21/2019 07:28:00 PM,2,0,0,,Y,240955,4,ANGLE,21,CLEAR,3,DARK - LIGHTED,12,MOTOR VEHICLE IN TRANSPORT,MURFREESBORO PKE & HAMILTON CHURCH RD,ANTIOCH,TN,37013,8865,SOUTH,36.0649,-86.6286,POINT (-86.6286 36.0649)
20190768633,10/20/2019 07:40:00 PM,2,0,0,,Y,352166,5,SIDESWIPE - SAME DIRECTION,21,CLEAR,3,DARK - LIGHTED,12,MOTOR VEHICLE IN TRANSPORT,STATE RT 45 & GALLATIN PKEN,MADISON,TN,37115,1701,MADISO,36.2631,-86.7119,POINT (-86.7119 36.2631)
20190792398,10/30/2019 12:00:00 AM,2,0,0,,Y,212348,6,SIDESWIPE - OPPOSITE DIRECTION,2,RAIN,3,DARK - LIGHTED,14,PARKED MOTOR VEHICLE,GLEAVES ST & 8TH AVS,NASHVILLE,TN,37203,4019,CENTRA,36.1518,-86.7794,POINT (-86.7794 36.1518)
20190819373,11/11/2019 03:04:00 PM,2,0,0,,N,419972,11,Front to Rear,2,RAIN,1,DAYLIGHT,12,MOTOR VEHICLE IN TRANSPORT,HARDING PKE & WOODLAWN DR,NASHVILLE,TN,37205,6021,WEST,36.1274,-86.8442,POINT (-86.8442 36.1274)
20190848754,11/23/2019 05:35:00 PM,3,0,0,,N,579971,11,Front to Rear,21,CLEAR,3,DARK - LIGHTED,12,MOTOR VEHICLE IN TRANSPORT,MM 6 6 I 440,NASHVILLE,TN,37210,81040,SOUTH,36.1243,-86.7447,POINT (-86.7447 36.1243)
20190625488,08/21/2019 12:00:00 AM,2,0,0,,Y,240976,16,Rear to Side,21,CLEAR,9,UNKNOWN,14,PARKED MOTOR VEHICLE,N 7TH ST & HOWERTON ST,NASHVILLE,TN,37206,1999,EAST,36.1765,-86.7621,POINT (-86.7621 36.1765)
20190904677,12/18/2019 07:45:00 AM,2,1,0,,N,420059,11,Front to Rear,21,CLEAR,1,DAYLIGHT,12,MOTOR VEHICLE IN TRANSPORT,HARDING PL & DANBY DR,NASHVILLE,TN,37211,8607,MIDTOW,36.0786,-86.7452,POINT (-86.7452 36.0786)
20190679110,09/12/2019 03:54:00 PM,2,0,0,,N,256383,5,SIDESWIPE - SAME DIRECTION,21,CLEAR,1,DAYLIGHT,12,MOTOR VEHICLE IN TRANSPORT,MURFREESBORO PKE & EZELL PKE,NASHVILLE,TN,37217,8849,SOUTH,36.1047,-86.6695,POINT (-86.6695 36.1047)
20190780044,10/25/2019 01:06:00 PM,2,0,0,,Y,134899,11,Front to Rear,2,RAIN,1,DAYLIGHT,12,MOTOR VEHICLE IN TRANSPORT,ANDREW JACKSON PKWY & HIGHLAND VIEW DR,HERMITAGE,TN,37076,9509,HERMIT,36.2069,-86.6056,POINT (-86.6056 36.2069)
20190787762,10/29/2019 12:00:00 AM,2,0,0,,Y,226175,11,Front to Rear,21,CLEAR,3,DARK - LIGHTED,12,MOTOR VEHICLE IN TRANSPORT,0 I 40,NASHVILLE,TN,37210,9002,HERMIT,36.1532,-86.7556,POINT (-86.7556 36.1532)
20190676425,09/11/2019 03:10:00 PM,2,0,0,,Y,256380,11,Front to Rear,21,CLEAR,1,DAYLIGHT,12,MOTOR VEHICLE IN TRANSPORT,ROSA L PARKS BLVD & DOMINICAN DR,NASHVILLE,TN,37208,4403,NORTH,36.1879,-86.7985,POINT (-86.7985 36.1879)
20190884586,12/09/2019 08:50:00 PM,1,1,0,,N,384446,0,NOT COLLISION W/MOTOR VEHICLE-TRANSPORT,2,RAIN,2,DARK - NOT LIGHTED,36;64,CONCRETE TRAFFIC BARRIER;Ran Off Road-Left,MM 198 4 I 40,NASHVILLE,TN,37221,4806,WEST,36.103,-86.9331,POINT (-86.9331 36.103)
20190922055,12/26/2019 05:00:00 PM,2,0,0,,N,311344,11,Front to Rear,21,CLEAR,3,DARK - LIGHTED,12,MOTOR VEHICLE IN TRANSPORT,CUDE LN & GALLATIN PKEN,MADISON,TN,37115,1731,MADISO,36.2998,-86.6966,POINT (-86.6966 36.2998)
20190838104,11/19/2019 11:20:00 AM,2,0,0,,Y,311799,0,NOT COLLISION W/MOTOR VEHICLE-TRANSPORT,21,CLEAR,1,DAYLIGHT,60,Cargo Equip Loss/Shift,BRILEY PKWYW & BRILEY PKWYE,NASHVILLE,TN,37218,3216,NORTH,36.2254,-86.8638,POINT (-86.8638 36.2254)
20190808598,11/06/2019 06:14:00 PM,3,1,0,,N,256389,11,Front to Rear,21,CLEAR,3,DARK - LIGHTED,12,MOTOR VEHICLE IN TRANSPORT,MM 76 7 I 65,NASHVILLE,TN,37220,7101,MIDTOW,36.0664,-86.7712,POINT (-86.7712 36.0664)
20190846379,11/22/2019 01:45:00 PM,2,0,0,,Y,330445,5,SIDESWIPE - SAME DIRECTION,21,CLEAR,1,DAYLIGHT,12,MOTOR VEHICLE IN TRANSPORT,HAWKINS ST & 12TH AVS,NASHVILLE,TN,37203,6723,MIDTOW,36.1487,-86.7856,POINT (-86.7856 36.1487)
20190835407,11/18/2019 11:00:00 AM,2,0,0,,N,226622,4,ANGLE,22,CLOUDY,1,DAYLIGHT,12,MOTOR VEHICLE IN TRANSPORT,CHARLOTTE PKE & HILLWOOD BLVD,NASHVILLE,TN,37209,5021,WEST,36.138,-86.8819,POINT (-86.8819 36.138)
20190779980,10/25/2019 12:42:00 PM,2,0,0,,Y,134899,16,Rear to Side,2,RAIN,1,DAYLIGHT,12;14,MOTOR VEHICLE IN TRANSPORT;PARKED MOTOR VEHICLE,STEWARTS FERRY PKE & MCCRORY CREEK RD,NASHVILLE,TN,37214,9415,HERMIT,36.1572,-86.6346,POINT (-86.6346 36.1572)
20190860071,11/28/2019 08:39:00 PM,1,0,0,,N,256446,0,NOT COLLISION W/MOTOR VEHICLE-TRANSPORT,2,RAIN,3,DARK - LIGHTED,50,DEER (ANIMAL),HOBSON PKE & OLD HICKORY BLVD,ANTIOCH,TN,37013,8867,SOUTH,36.036,-86.611,POINT (-86.611 36.036)
20190768833,10/20/2019 09:07:00 PM,2,0,0,,Y,769384,5,SIDESWIPE - SAME DIRECTION,21,CLEAR,3,DARK - LIGHTED,12,MOTOR VEHICLE IN TRANSPORT,MM 210 3 I 40,NASHVILLE,TN,37203,4006,CENTRA,36.15,-86.7724,POINT (-86.7724 36.15)
20190875926,12/05/2019 07:55:00 PM,2,0,0,,N,352156,5,SIDESWIPE - SAME DIRECTION,21,CLEAR,3,DARK - LIGHTED,12,MOTOR VEHICLE IN TRANSPORT,MM 52 7 I 24,NASHVILLE,TN,37210,81022,SOUTH,36.1226,-86.7277,POINT (-86.7277 36.1226)
20190732001,10/04/2019 05:14:00 PM,1,0,0,,N,267831,0,NOT COLLISION W/MOTOR VEHICLE-TRANSPORT,21,CLEAR,1,DAYLIGHT,39,WALL,MM 196 8 I 40,NASHVILLE,TN,37221,4806,WEST,36.0848,-86.9489,POINT (-86.9489 36.0848)
20190843156,11/21/2019 08:45:00 AM,3,0,0,,Y,225950,4,ANGLE,21,CLEAR,1,DAYLIGHT,12,MOTOR VEHICLE IN TRANSPORT,WEST END AV & 27TH AVN,NASHVILLE,TN,37212,5815,MIDTOW,36.1458,-86.8108,POINT (-86.8108 36.1458)
20190759735,10/16/2019 06:29:00 PM,2,0,0,,Y,256389,11,Front to Rear,21,CLEAR,3,DARK - LIGHTED,12,MOTOR VEHICLE IN TRANSPORT,OLD HICKORY BLVD & KINGSBURY DR,NASHVILLE,TN,37215,6305,MIDTOW,36.0428,-86.8403,POINT (-86.8403 36.0428)
20190618066,08/19/2019 08:55:00 AM,2,0,0,,Y,306231,5,SIDESWIPE - SAME DIRECTION,21,CLEAR,4,DAWN,12,MOTOR VEHICLE IN TRANSPORT,BRICK CHURCH PKE & I65 S EXT RAMP,NASHVILLE,TN,37207,3021,NORTH,36.207,-86.7779,POINT (-86.7779 36.207)
20190736526,10/07/2019 01:19:00 AM,2,0,0,,N,330420,5,SIDESWIPE - SAME DIRECTION,2,RAIN,3,DARK - LIGHTED,12,MOTOR VEHICLE IN TRANSPORT,MM 211 7 I 40,NASHVILLE,TN,37210,82042,HERMIT,36.1499,-86.7483,POINT (-86.7483 36.1499)
20190898237,12/15/2019 01:14:00 PM,2,1,0,,Y,769379,4,ANGLE,21,CLEAR,1,DAYLIGHT,12,MOTOR VEHICLE IN TRANSPORT,NOLENSVILLE PKE & ZOO RD,NASHVILLE,TN,37211,8509,MIDTOW,36.0886,-86.732,POINT (-86.732 36.0886)
20190604146,08/13/2019 05:00:00 PM,2,0,0,,N,717341,11,Front to Rear,2,RAIN,1,DAYLIGHT,12,MOTOR VEHICLE IN TRANSPORT,MM 55 0 I 24,NASHVILLE,TN,37211,8812,SOUTH,36.0948,-86.7069,POINT (-86.7069 36.0948)
20190845297,11/22/2019 05:38:00 AM,1,0,0,,N,330420,0,NOT COLLISION W/MOTOR VEHICLE-TRANSPORT,2,RAIN,3,DARK - LIGHTED,24,GUARDRAIL FACE,MM 213 0 I 40,NASHVILLE,TN,37210,8219,HERMIT,36.1407,-86.7323,POINT (-86.7323 36.1407)
20190812359,11/08/2019 07:59:00 AM,2,0,0,,N,191578,11,Front to Rear,21,CLEAR,1,DAYLIGHT,12,MOTOR VEHICLE IN TRANSPORT,LEBANON PKE & OLD HICKORY BLVD,HERMITAGE,TN,37076,9613,HERMIT,36.1756,-86.6154,POINT (-86.6154 36.1756)
20190628108,08/22/2019 06:46:00 PM,3,1,0,,N,429193,4,ANGLE,21,CLEAR,1,DAYLIGHT,12;39,MOTOR VEHICLE IN TRANSPORT;WALL,MM 198 5 I 40,NASHVILLE,TN,37221,4806,WEST,36.104,-86.9321,POINT (-86.9321 36.104)
20190903218,12/17/2019 05:28:00 PM,2,0,0,,N,311332,4,ANGLE,21,CLEAR,3,DARK - LIGHTED,12,MOTOR VEHICLE IN TRANSPORT,SAWYER BROWN RD & BELLEVUE CTR PVTDR,NASHVILLE,TN,37221,4815,WEST,36.079,-86.9446,POINT (-86.9446 36.079)
20190905033,12/18/2019 12:00:00 AM,1,0,0,Y,Y,716886,0,NOT COLLISION W/MOTOR VEHICLE-TRANSPORT,21,CLEAR,9,UNKNOWN,33;43,CURB;OTHER FIXED OBJECTS,BABY RUTH LN & MT VIEW RD,ANTIOCH,TN,37013,8865,SOUTH,36.0445,-86.6402,POINT (-86.6402 36.0445)
20190659520,09/04/2019 11:08:00 AM,2,0,0,,N,206962,4,ANGLE,21,CLEAR,1,DAYLIGHT,12,MOTOR VEHICLE IN TRANSPORT,US HWY 31E & STATE HWY 45,MADISON,TN,37115,1701,MADISO,36.2649,-86.7113,POINT (-86.7113 36.2649)
20190773061,10/22/2019 04:33:00 PM,2,0,0,,Y,256446,4,ANGLE,21,CLEAR,1,DAYLIGHT,12,MOTOR VEHICLE IN TRANSPORT,14000 OLD HICKORY BLVD,ANTIOCH,TN,37013,8761,SOUTH,36.0109,-86.6653,POINT (-86.6653 36.0109)
20190869592,12/03/2019 12:20:00 PM,1,1,0,,N,483529,0,NOT COLLISION W/MOTOR VEHICLE-TRANSPORT,21,CLEAR,1,DAYLIGHT,8,PEDESTRIAN,GALLATIN AV & SEYMOUR AV,NASHVILLE,TN,37206,1319,EAST,36.1857,-86.7476,POINT (-86.7476 36.1857)
20190766681,10/19/2019 05:38:00 PM,2,0,0,,N,161939,11,Front to Rear,2,RAIN,1,DAYLIGHT,12,MOTOR VEHICLE IN TRANSPORT,CANE RIDGE RD & OLD FRANKLIN RD,ANTIOCH,TN,37013,8765,SOUTH,36.0288,-86.6489,POINT (-86.6489 36.0288)
20190700196,09/21/2019 07:10:00 AM,1,0,0,,N,571328,0,NOT COLLISION W/MOTOR VEHICLE-TRANSPORT,21,CLEAR,1,DAYLIGHT,50,DEER (ANIMAL),EASTLAND AV & BRITTANY DR,NASHVILLE,TN,37206,1373,EAST,36.1783,-86.7152,POINT (-86.7152 36.1783)
20190894055,12/13/2019 10:46:00 AM,2,0,0,,N,716886,11,Front to Rear,22,CLOUDY,1,DAYLIGHT,12,MOTOR VEHICLE IN TRANSPORT,EAST THOMPSON LN & MURFREESBORO PKE,NASHVILLE,TN,37217,8879,SOUTH,36.1267,-86.7111,POINT (-86.7111 36.1267)
20190688399,09/16/2019 05:30:00 PM,2,0,0,,N,352166,11,Front to Rear,21,CLEAR,1,DAYLIGHT,12,MOTOR VEHICLE IN TRANSPORT,SHELBY AV & I24 E EXT RAMP,NASHVILLE,TN,37213,1007,CENTRA,36.1664,-86.7654,POINT (-86.7654 36.1664)
20190690719,09/17/2019 03:50:00 PM,2,1,0,,N,320594,4,ANGLE,21,CLEAR,1,DAYLIGHT,12,MOTOR VEHICLE IN TRANSPORT,HADLEY AV & 11TH ST,OLD HICKORY,TN,37138,9733,HERMIT,36.2594,-86.6478,POINT (-86.6478 36.2594)
20190645783,08/29/2019 08:27:00 PM,3,2,0,,Y,256383,5,SIDESWIPE - SAME DIRECTION,21,CLEAR,3,DARK - LIGHTED,1;12;24,MOTOR VEHICLE IN TRANSPORT;GUARDRAIL FACE,MM 57 5 I 24,ANTIOCH,TN,37013,87060,SOUTH,36.0636,-86.6836,POINT (-86.6836 36.0636)
20190782992,10/27/2019 12:43:00 AM,2,0,0,,Y,279117,6,SIDESWIPE - OPPOSITE DIRECTION,21,CLEAR,3,DARK - LIGHTED,12,MOTOR VEHICLE IN TRANSPORT,DICKERSON PKE & HILLHURST DR,NASHVILLE,TN,37207,1827,EAST,36.2257,-86.7603,POINT (-86.7603 36.2257)
20190705519,09/23/2019 07:43:00 PM,2,0,0,,N,565785,11,Front to Rear,21,CLEAR,3,DARK - LIGHTED,12,MOTOR VEHICLE IN TRANSPORT,FRANKLIN PKE & HORNER AV,NASHVILLE,TN,37204,6921,MIDTOW,36.1223,-86.7758,POINT (-86.7758 36.1223)
20190630271,08/23/2019 01:01:00 PM,3,2,0,,N,109534,11,Front to Rear,21,CLEAR,1,DAYLIGHT,12,MOTOR VEHICLE IN TRANSPORT,OLD HICKORY BLVD & ANDREW JACKSON PKWY,HERMITAGE,TN,37076,9561,HERMIT,36.1836,-86.6107,POINT (-86.6107 36.1836)
20190791597,10/30/2019 02:50:00 PM,2,0,0,,N,151132,4,ANGLE,2,RAIN,1,DAYLIGHT,12,MOTOR VEHICLE IN TRANSPORT,SKYLINE MEMORIAL CT & DICKERSON PKE,MADISON,TN,37115,2009,MADISO,36.2439,-86.7566,POINT (-86.7566 36.2439)
20190639098,08/27/2019 07:58:00 AM,2,0,0,,N,716886,11,Front to Rear,21,CLEAR,1,DAYLIGHT,12,MOTOR VEHICLE IN TRANSPORT,NOLENSVILLE RD & BURKITT RD,NOLENSVILLE,TN,37135,8773,SOUTH,35.9912,-86.6835,POINT (-86.6835 35.9912)
20190851651,11/25/2019 05:33:00 AM,2,0,0,,N,676834,5,SIDESWIPE - SAME DIRECTION,21,CLEAR,3,DARK - LIGHTED,12,MOTOR VEHICLE IN TRANSPORT,ROSA L PARKS BLVD & GARFIELD ST,NASHVILLE,TN,37208,4343,NORTH,36.18,-86.796,POINT (-86.796 36.18)
20190883380,12/09/2019 10:36:00 AM,2,1,0,,N,352202,5,SIDESWIPE - SAME DIRECTION,21,CLEAR,1,DAYLIGHT,12,MOTOR VEHICLE IN TRANSPORT,BROADWAY & I40 W EXT RAMP,NASHVILLE,TN,37203,4002,CENTRA,36.1559,-86.7892,POINT (-86.7892 36.1559)
20190865703,12/01/2019 10:42:00 PM,1,0,0,,N,620080,0,NOT COLLISION W/MOTOR VEHICLE-TRANSPORT,22,CLOUDY,3,DARK - LIGHTED,33;41;42,CURB;SHRUBBERY;TREE,HARDING PKE & KENNER AV,NASHVILLE,TN,37205,6021,WEST,36.1261,-86.8461,POINT (-86.8461 36.1261)
20190781151,10/25/2019 11:20:00 PM,2,0,0,,N,330411,11,Front to Rear,2,RAIN,3,DARK - LIGHTED,12,MOTOR VEHICLE IN TRANSPORT,MM 86 6 I 65,NASHVILLE,TN,37207,3002,NORTH,36.1959,-86.7761,POINT (-86.7761 36.1959)
20190670143,09/09/2019 07:33:00 AM,2,0,0,,N,474557,11,Front to Rear,21,CLEAR,1,DAYLIGHT,12,MOTOR VEHICLE IN TRANSPORT,HARDING PL & HUMBER DR,NASHVILLE,TN,37211,8705,SOUTH,36.081,-86.7158,POINT (-86.7158 36.081)
20190813098,11/08/2019 03:25:00 PM,2,0,0,,N,384403,4,ANGLE,21,CLEAR,1,DAYLIGHT,12,MOTOR VEHICLE IN TRANSPORT,OCEOLA AV & CHARLOTTE PKE,NASHVILLE,TN,37209,5033,WEST,36.1497,-86.8599,POINT (-86.8599 36.1497)
20190737321,10/07/2019 12:01:00 AM,2,0,0,,Y,320575,4,ANGLE,99,UNKNOWN,2,DARK - NOT LIGHTED,14,PARKED MOTOR VEHICLE,FAULKNER DR & WILLOW LN,NASHVILLE,TN,37211,8703,SOUTH,36.0782,-86.7115,POINT (-86.7115 36.0782)
20190817365,11/10/2019 04:32:00 PM,2,0,0,,N,352202,11,Front to Rear,21,CLEAR,1,DAYLIGHT,12,MOTOR VEHICLE IN TRANSPORT,7TH AVS & BROADWAY,NASHVILLE,TN,37203,4085,CENTRA,36.1594,-86.781,POINT (-86.781 36.1594)
20190745362,10/10/2019 05:51:00 PM,1,0,0,,N,240983,0,NOT COLLISION W/MOTOR VEHICLE-TRANSPORT,21,CLEAR,1,DAYLIGHT,20,IMPACT ATTENUATOR,I440 W ENT RAMP & I 24,NASHVILLE,TN,37217,8801,SOUTH,36.1232,-86.7263,POINT (-86.7263 36.1232)
20190876057,12/05/2019 09:25:00 PM,2,2,0,,N,311337,4,ANGLE,21,CLEAR,3,DARK - LIGHTED,12,MOTOR VEHICLE IN TRANSPORT,I24 W EXT RAMP & SPENCE LN,NASHVILLE,TN,37217,8801,SOUTH,36.1358,-86.725,POINT (-86.725 36.1358)
20190728839,10/03/2019 11:37:00 AM,2,2,0,,N,226600,4,ANGLE,21,CLEAR,1,DAYLIGHT,12,MOTOR VEHICLE IN TRANSPORT,CHARLOTTE AV & 51ST AVN,NASHVILLE,TN,37209,5129,WEST,36.152,-86.8486,POINT (-86.8486 36.152)
20190925981,12/28/2019 05:00:00 PM,2,0,0,,Y,330435,4,ANGLE,21,CLEAR,3,DARK - LIGHTED,12,MOTOR VEHICLE IN TRANSPORT,DICKERSON PKE & BROADMOOR DR,NASHVILLE,TN,37207,1811,EAST,36.2294,-86.7593,POINT (-86.7593 36.2294)
20190885081,12/10/2019 01:10:00 AM,1,0,0,,N,352215,0,NOT COLLISION W/MOTOR VEHICLE-TRANSPORT,2,RAIN,3,DARK - LIGHTED,1;64;68,Ran Off Road-Left;Cross Center Line,STATE HWY 255 & TIMBERHILL DR,NASHVILLE,TN,37211,8605,MIDTOW,36.0813,-86.7537,POINT (-86.7537 36.0813)
20190825015,11/13/2019 06:17:00 PM,2,0,0,,N,240983,11,Front to Rear,21,CLEAR,2,DARK - NOT LIGHTED,12,MOTOR VEHICLE IN TRANSPORT,MURFREESBORO PKE & EZELL PKE,NASHVILLE,TN,37217,8849,SOUTH,36.1047,-86.6695,POINT (-86.6695 36.1047)
20190857364,11/27/2019 11:50:00 AM,2,1,0,,Y,902543,4,ANGLE,21,CLEAR,1,DAYLIGHT,12,MOTOR VEHICLE IN TRANSPORT,US HWY 31W & SUNSET DR,NASHVILLE,TN,37207,1887,EAST,36.2227,-86.7613,POINT (-86.7613 36.2227)
20190604493,08/13/2019 10:05:00 PM,1,0,0,Y,N,191572,0,NOT COLLISION W/MOTOR VEHICLE-TRANSPORT,21,CLEAR,3,DARK - LIGHTED,38,FENCE,MEADE AV & PATTERSON ST,NASHVILLE,TN,37211,8515,MIDTOW,36.1028,-86.7451,POINT (-86.7451 36.1028)
20190696576,09/19/2019 04:43:00 PM,2,0,0,,N,191575,4,ANGLE,21,CLEAR,1,DAYLIGHT,12,MOTOR VEHICLE IN TRANSPORT,LEBANON PKE & FAIRWAY DR,NASHVILLE,TN,37214,9109,HERMIT,36.1691,-86.6824,POINT (-86.6824 36.1691)
20190690065,09/17/2019 10:32:00 AM,2,0,0,,N,320601,4,ANGLE,21,CLEAR,1,DAYLIGHT,13,MOTOR VEHICLE IN TRANSPORT-OTHER ROADWAY,MURFREESBORO PKE & MOUNTAIN SPRINGS RD,ANTIOCH,TN,37013,8927,SOUTH,36.0478,-86.6121,POINT (-86.6121 36.0478)
20190713899,09/27/2019 12:00:00 AM,2,0,0,Y,Y,197075,5,SIDESWIPE - SAME DIRECTION,21,CLEAR,3,DARK - LIGHTED,12;33;40;41,MOTOR VEHICLE IN TRANSPORT;CURB;MAIL BOX;SHRUBBERY,OLD HICKORY BLVDW & HEAD DR,MADISON,TN,37115,1777,MADISO,36.2642,-86.7346,POINT (-86.7346 36.2642)