Accident Number,Date and Time,Number of Motor Vehicles,Number of Injuries,Number of Fatalities,Property Damage,Hit and Run,Reporting Officer,Collision Type Code,Collision Type Description,Weather Code,Weather Description,Illumination Code,Illumination Description,Harmful Code,Harmful Code Description,Street Address,City,State,ZIP,RPA,Precinct,Latitude,Longitude,Mapped Location
20190702389,09/22/2019 10:24:00 AM,2,5,1,,N,262766,4,ANGLE,21,CLEAR,1,DAYLIGHT,12,MOTOR VEHICLE IN TRANSPORT,US HWY 70 & STATE HWY 251,NASHVILLE,TN,37209,4701,WEST,36.1174,-86.9222,POINT (-86.9222 36.1174)
20190718007,09/28/2019 06:00:00 PM,2,0,0,,N,633391,16,Rear to Side,21,CLEAR,3,DARK - LIGHTED,12,MOTOR VEHICLE IN TRANSPORT,MM 204 2 I 40,NASHVILLE,TN,37209,45023,WEST,36.1532,-86.8539,POINT (-86.8539 36.1532)
20190877548,12/06/2019 11:42:00 AM,2,0,0,,N,109534,5,SIDESWIPE - SAME DIRECTION,22,CLOUDY,1,DAYLIGHT,12,MOTOR VEHICLE IN TRANSPORT,MM 211 1 I 40,NASHVILLE,TN,37210,8008,HERMIT,36.1539,-86.7571,POINT (-86.7571 36.1539)
20190775103,10/23/2019 12:45:00 PM,2,0,0,,N,676834,5,SIDESWIPE - SAME DIRECTION,21,CLEAR,1,DAYLIGHT,12,MOTOR VEHICLE IN TRANSPORT,MM 86 5 I 65,NASHVILLE,TN,37207,3006,NORTH,36.1946,-86.7762,POINT (-86.7762 36.1946)
20190705629,09/23/2019 06:50:00 PM,2,0,0,,N,429193,4,ANGLE,21,CLEAR,2,DARK - NOT LIGHTED,12,MOTOR VEHICLE IN TRANSPORT,PRINCETON AV & CHRISTOPHER ST,NASHVILLE,TN,37205,5213,WEST,36.1362,-86.8326,POINT (-86.8326 36.1362)
20190640860,08/27/2019 11:14:00 PM,2,1,0,,N,352170,11,Front to Rear,21,CLEAR,3,DARK - LIGHTED,12,MOTOR VEHICLE IN TRANSPORT,MM 61 2 I 24,ANTIOCH,TN,37013,87040,SOUTH,36.028,-86.6359,POINT (-86.6359 36.028)
20190666673,09/07/2019 11:15:00 AM,2,1,0,,N,352197,4,ANGLE,21,CLEAR,1,DAYLIGHT,12,MOTOR VEHICLE IN TRANSPORT,NOLENSVILLE PKE & HAYWOOD LN,NASHVILLE,TN,37211,8661,MIDTOW,36.0683,-86.7193,POINT (-86.7193 36.0683)
20190816914,11/10/2019 10:46:00 AM,2,0,0,,Y,212325,4,ANGLE,21,CLEAR,1,DAYLIGHT,12,MOTOR VEHICLE IN TRANSPORT,LAKEWOOD DR & GALLATIN PKES,MADISON,TN,37115,1517,MADISO,36.2444,-86.7222,POINT (-86.7222 36.2444)
20190730642,10/04/2019 05:00:00 AM,2,0,0,,N,197067,4,ANGLE,21,CLEAR,3,DARK - LIGHTED,12,MOTOR VEHICLE IN TRANSPORT,UNION ST & 7TH AVN,NASHVILLE,TN,37203,4145,CENTRA,36.1635,-86.7835,POINT (-86.7835 36.1635)
20190693591,09/18/2019 02:30:00 PM,2,0,0,,N,909486,5,SIDESWIPE - SAME DIRECTION,21,CLEAR,1,DAYLIGHT,12,MOTOR VEHICLE IN TRANSPORT,HARDING PL & SEVEN MILE CREEK HARDING MA,NASHVILLE,TN,37211,8705,SOUTH,36.0801,-86.7245,POINT (-86.7245 36.0801)
20190633001,08/24/2019 03:56:00 PM,1,1,0,,N,320603,0,NOT COLLISION W/MOTOR VEHICLE-TRANSPORT,21,CLEAR,1,DAYLIGHT,24,GUARDRAIL FACE,STATE HWY 251 & LAKEVIEW DR,NASHVILLE,TN,37209,4705,WEST,36.1548,-86.9514,POINT (-86.9514 36.1548)
20190769454,10/21/2019 06:35:00 AM,2,0,0,,N,320598,4,ANGLE,21,CLEAR,1,DAYLIGHT,12,MOTOR VEHICLE IN TRANSPORT,BRANSFORD AVE & STATE HWY 155,NASHVILLE,TN,37204,8525,MIDTOW,36.112,-86.7671,POINT (-86.7671 36.112)
20190586573,08/07/2019 08:15:00 AM,2,0,0,,N,109515,5,SIDESWIPE - SAME DIRECTION,21,CLEAR,1,DAYLIGHT,12,MOTOR VEHICLE IN TRANSPORT,GALLATIN PKES & MADISON SQ,MADISON,TN,37115,1623,MADISO,36.2541,-86.7161,POINT (-86.7161 36.2541)
20190909939,12/20/2019 08:22:00 AM,2,1,0,,N,462474,11,Front to Rear,21,CLEAR,1,DAYLIGHT,12,MOTOR VEHICLE IN TRANSPORT,OLD HICKORY BLVD & SEVEN SPRINGS WAY,BRENTWOOD,TN,37027,8623,MIDTOW,36.0398,-86.7685,POINT (-86.7685 36.0398)
20190788417,10/29/2019 10:29:00 AM,2,0,0,,N,584947,4,ANGLE,22,CLOUDY,1,DAYLIGHT,12,MOTOR VEHICLE IN TRANSPORT,ENCLAVE CIR & OLD HICKORY BLVD,NASHVILLE,TN,37211,8653,MIDTOW,36.0443,-86.7246,POINT (-86.7246 36.0443)
20190622160,08/20/2019 05:00:00 PM,2,0,0,,N,352166,11,Front to Rear,21,CLEAR,1,DAYLIGHT,12,MOTOR VEHICLE IN TRANSPORT,MM 209 6 I 40,NASHVILLE,TN,37203,40040,CENTRA,36.1497,-86.7832,POINT (-86.7832 36.1497)
20190756053,10/15/2019 10:17:00 AM,1,0,0,Y,N,420059,0,NOT COLLISION W/MOTOR VEHICLE-TRANSPORT,21,CLEAR,1,DAYLIGHT,34,DITCH,BLACKMAN RD & TIMBERDALE DR,NASHVILLE,TN,37211,8611,MIDTOW,36.0744,-86.7433,POINT (-86.7433 36.0744)
20190927843,12/29/2019 05:38:00 PM,1,1,0,,N,330435,0,NOT COLLISION W/MOTOR VEHICLE-TRANSPORT,2,RAIN,2,DARK - NOT LIGHTED,25,GUARDRAIL END,ELLINGTON PKWYS & SLAYDON DR,NASHVILLE,TN,37207,1892,EAST,36.2117,-86.7489,POINT (-86.7489 36.2117)
20190771994,10/22/2019 07:53:00 AM,4,5,1,,N,716886,4,ANGLE,21,CLEAR,1,DAYLIGHT,12;32;34,MOTOR VEHICLE IN TRANSPORT;CULVERT;DITCH,HOBSON PKE & HAMILTON CHURCH RD,ANTIOCH,TN,37013,8907,SOUTH,36.0593,-86.597,POINT (-86.597 36.0593)
20190692416,09/18/2019 07:00:00 AM,2,0,0,,N,352164,11,Front to Rear,21,CLEAR,1,DAYLIGHT,12,MOTOR VEHICLE IN TRANSPORT,PETTUS RD & SUNDOWN DR,ANTIOCH,TN,37013,8763,SOUTH,36.0189,-86.6646,POINT (-86.6646 36.0189)
20190831586,11/16/2019 02:38:00 PM,2,0,0,,N,212346,4,ANGLE,21,CLEAR,1,DAYLIGHT,12,MOTOR VEHICLE IN TRANSPORT,JEFFERSON ST & 3RD AVN,NASHVILLE,TN,37201,4233,CENTRA,36.175,-86.7847,POINT (-86.7847 36.175)
20190767002,10/19/2019 09:55:00 PM,1,1,0,,N,384444,0,NOT COLLISION W/MOTOR VEHICLE-TRANSPORT,21,CLEAR,3,DARK - LIGHTED,15,OTHER TYPE NON-MOTORIST,MURPHY RD & MURPHY RD 46TH AV N ROUND,NASHVILLE,TN,37209,5207,WEST,36.141,-86.8409,POINT (-86.8409 36.141)
20190640481,08/27/2019 07:15:00 PM,2,2,0,,N,256384,4,ANGLE,21,CLEAR,3,DARK - LIGHTED,12,MOTOR VEHICLE IN TRANSPORT,MURFREESBORO PKE & BELL RD,ANTIOCH,TN,37013,8979,SOUTH,36.072,-86.636,POINT (-86.636 36.072)
20190599878,08/12/2019 07:43:00 AM,2,0,0,,N,311799,11,Front to Rear,21,CLEAR,1,DAYLIGHT,12,MOTOR VEHICLE IN TRANSPORT,MM 91 1 I 65,MADISON,TN,37115,17021,MADISO,36.2485,-86.7424,POINT (-86.7424 36.2485)
20190716625,09/28/2019 02:45:00 AM,2,0,0,,N,197053,4,ANGLE,21,CLEAR,3,DARK - LIGHTED,12,MOTOR VEHICLE IN TRANSPORT,NOLENSVILLE PKE & STRASSER DR,NASHVILLE,TN,37211,8659,MIDTOW,36.0601,-86.7164,POINT (-86.7164 36.0601)
20190675730,09/11/2019 09:17:00 AM,2,0,0,,Y,620061,5,SIDESWIPE - SAME DIRECTION,21,CLEAR,1,DAYLIGHT,14,PARKED MOTOR VEHICLE,HOGAN RD & TROUSDALE DR,NASHVILLE,TN,37220,8615,MIDTOW,36.0652,-86.7592,POINT (-86.7592 36.0652)
20190913574,12/22/2019 03:55:00 AM,1,0,0,,Y,352209,9,UNKNOWN,21,CLEAR,2,DARK - NOT LIGHTED,99,UNKNOWN MOST HARMFUL EVENT,MM 49 6 I 24,NASHVILLE,TN,37210,4008,CENTRA,36.1571,-86.7604,POINT (-86.7604 36.1571)
20190736089,10/06/2019 07:10:00 PM,2,0,0,,N,887598,4,ANGLE,2,RAIN,3,DARK - LIGHTED,12,MOTOR VEHICLE IN TRANSPORT,I65 S ENT RAMP & I 65,NASHVILLE,TN,37207,3007,NORTH,36.2057,-86.778,POINT (-86.778 36.2057)
20190716274,09/27/2019 10:35:00 PM,2,0,0,,N,256376,11,Front to Rear,21,CLEAR,3,DARK - LIGHTED,12,MOTOR VEHICLE IN TRANSPORT,MM 85 2 I 65,NASHVILLE,TN,37208,4404,NORTH,36.1833,-86.7989,POINT (-86.7989 36.1833)
20190812988,11/08/2019 02:40:00 PM,2,0,0,,N,311332,11,Front to Rear,21,CLEAR,1,DAYLIGHT,12,MOTOR VEHICLE IN TRANSPORT,I40 E EXT RAMP & I 40,NASHVILLE,TN,37214,8955,HERMIT,36.155,-86.6271,POINT (-86.6271 36.155)
20190847036,11/22/2019 07:26:00 PM,3,0,0,,N,279225,2,HEAD-ON,2,RAIN,3,DARK - LIGHTED,12;13,MOTOR VEHICLE IN TRANSPORT;MOTOR VEHICLE IN TRANSPORT-OTHER ROADWAY,ATRIUM WAY & ELM HILL PKE,NASHVILLE,TN,37214,9107,HERMIT,36.1535,-86.6877,POINT (-86.6877 36.1535)
20190876997,12/06/2019 07:31:00 AM,2,1,0,,N,834798,4,ANGLE,21,CLEAR,1,DAYLIGHT,12,MOTOR VEHICLE IN TRANSPORT,EDGEHILL AV & VILLA PL,NASHVILLE,TN,37212,6703,MIDTOW,36.1432,-86.7919,POINT (-86.7919 36.1432)
20190712645,09/26/2019 01:54:00 PM,1,1,0,Y,N,755026,0,NOT COLLISION W/MOTOR VEHICLE-TRANSPORT,21,CLEAR,1,DAYLIGHT,34;39,DITCH;WALL,WILLARD DR & WALLACE RD,NASHVILLE,TN,37211,8707,SOUTH,36.0798,-86.7038,POINT (-86.7038 36.0798)
20190842746,11/21/2019 06:21:00 AM,2,0,0,,N,191578,4,ANGLE,21,CLEAR,1,DAYLIGHT,12,MOTOR VEHICLE IN TRANSPORT,DONELSON PKE & SHACKLETT DR,NASHVILLE,TN,37214,9411,HERMIT,36.1449,-86.6667,POINT (-86.6667 36.1449)
20190698572,09/20/2019 02:52:00 PM,2,0,0,,Y,151132,5,SIDESWIPE - SAME DIRECTION,21,CLEAR,1,DAYLIGHT,12,MOTOR VEHICLE IN TRANSPORT,GALLATIN PKES & E OLD HICKORY BLVD,MADISON,TN,37115,1771,MADISO,36.2622,-86.7122,POINT (-86.7122 36.2622)
20190769631,10/21/2019 08:00:00 AM,2,0,0,,N,665896,11,Front to Rear,22,CLOUDY,1,DAYLIGHT,12,MOTOR VEHICLE IN TRANSPORT,DICKERSON PKE & E TRINITY LN,NASHVILLE,TN,37207,1861,EAST,36.2055,-86.7684,POINT (-86.7684 36.2055)
20190620729,08/20/2019 06:18:00 AM,2,0,0,,N,352202,11,Front to Rear,21,CLEAR,1,DAYLIGHT,12,MOTOR VEHICLE IN TRANSPORT,MM 210 6 I 40,NASHVILLE,TN,37210,8202,HERMIT,36.1526,-86.7659,POINT (-86.7659 36.1526)
20190664525,09/06/2019 12:25:00 PM,2,0,0,,N,665896,4,ANGLE,21,CLEAR,1,DAYLIGHT,12,MOTOR VEHICLE IN TRANSPORT,EWING DR & BROADMOOR DR,NASHVILLE,TN,37207,1807,EAST,36.23,-86.7626,POINT (-86.7626 36.23)
20190594504,08/10/2019 12:00:00 AM,1,0,0,,N,197067,0,NOT COLLISION W/MOTOR VEHICLE-TRANSPORT,21,CLEAR,2,DARK - NOT LIGHTED,18,OTHER OBJECT (NOT FIXED),MM 82 1 I 65,NASHVILLE,TN,37203,80061,MIDTOW,36.1449,-86.777,POINT (-86.777 36.1449)
20190768307,10/20/2019 03:30:00 PM,2,0,0,,N,352168,11,Front to Rear,21,CLEAR,1,DAYLIGHT,12,MOTOR VEHICLE IN TRANSPORT,NOLENSVILLE PKE & PERSIA WAY,NASHVILLE,TN,37211,8651,MIDTOW,36.0226,-86.7123,POINT (-86.7123 36.0226)
20190841618,11/20/2019 05:40:00 PM,2,0,0,,N,834813,11,Front to Rear,22,CLOUDY,2,DARK - NOT LIGHTED,12,MOTOR VEHICLE IN TRANSPORT,I24 W EXT RAMP & I 24,NASHVILLE,TN,37211,8829,SOUTH,36.1074,-86.7197,POINT (-86.7197 36.1074)
20190792143,10/30/2019 07:53:00 PM,1,0,0,,N,256392,0,NOT COLLISION W/MOTOR VEHICLE-TRANSPORT,2,RAIN,3,DARK - LIGHTED,24,GUARDRAIL FACE,MM 85 4 I 65,NASHVILLE,TN,37208,43042,NORTH,36.1875,-86.7947,POINT (-86.7947 36.1875)
20190684223,09/14/2019 04:26:00 PM,2,0,0,,Y,206964,98,OTHER,21,CLEAR,1,DAYLIGHT,14,PARKED MOTOR VEHICLE,HICKORY LAKE APTS PVTDR & APACHE TRL,NASHVILLE,TN,37211,8709,SOUTH,36.0675,-86.6923,POINT (-86.6923 36.0675)
20190808520,11/06/2019 05:00:00 PM,1,0,0,,N,433550,0,NOT COLLISION W/MOTOR VEHICLE-TRANSPORT,21,CLEAR,2,DARK - NOT LIGHTED,50,DEER (ANIMAL),INDUSTRIAL DR & RAMP,OLD HICKORY,TN,37138,9611,HERMIT,36.2646,-86.6595,POINT (-86.6595 36.2646)
20190887286,12/10/2019 08:33:00 PM,2,1,0,,N,717341,4,ANGLE,21,CLEAR,3,DARK - LIGHTED,12,MOTOR VEHICLE IN TRANSPORT,ASH GROVE DR & NOLENSVILLE PKE,NASHVILLE,TN,37211,8717,SOUTH,36.0496,-86.7136,POINT (-86.7136 36.0496)
20190636076,08/26/2019 01:30:00 AM,1,1,0,,Y,256377,0,NOT COLLISION W/MOTOR VEHICLE-TRANSPORT,2,RAIN,3,DARK - LIGHTED,8,PEDESTRIAN,MURFREESBORO PKE & SMITH SPRINGS RD,NASHVILLE,TN,37217,8849,SOUTH,36.0962,-86.6556,POINT (-86.6556 36.0962)
20190823989,11/13/2019 10:00:00 AM,2,0,0,,N,384442,5,SIDESWIPE - SAME DIRECTION,21,CLEAR,1,DAYLIGHT,12,MOTOR VEHICLE IN TRANSPORT,I24 W ENT RAMP & I 24,NASHVILLE,TN,37206,1009,EAST,36.1666,-86.7638,POINT (-86.7638 36.1666)
20190702631,09/22/2019 01:54:00 PM,2,0,0,,N,384439,4,ANGLE,21,CLEAR,1,DAYLIGHT,12,MOTOR VEHICLE IN TRANSPORT,LONE OAK RD & BELMONT PARK TER,NASHVILLE,TN,37215,6401,MIDTOW,36.094,-86.8059,POINT (-86.8059 36.094)
20190855840,11/26/2019 08:08:00 PM,1,0,0,,N,151132,0,NOT COLLISION W/MOTOR VEHICLE-TRANSPORT,2,RAIN,3,DARK - LIGHTED,34;64,DITCH;Ran Off Road-Left,BRICK CHURCH PKE & VILLAGE TRL,NASHVILLE,TN,37207,2037,MADISO,36.2618,-86.7576,POINT (-86.7576 36.2618)
20190706506,09/24/2019 05:52:00 AM,1,0,0,Y,Y,429185,0,NOT COLLISION W/MOTOR VEHICLE-TRANSPORT,21,CLEAR,3,DARK - LIGHTED,30,UTILITY POLE,MURFREESBORO PKE & PLUS PARK BLVD,NASHVILLE,TN,37217,8815,HERMIT,36.1337,-86.722,POINT (-86.722 36.1337)
20190782205,10/26/2019 03:00:00 PM,2,0,0,,Y,299238,5,SIDESWIPE - SAME DIRECTION,2,RAIN,1,DAYLIGHT,12,MOTOR VEHICLE IN TRANSPORT,GALLATIN PKE & GILLOCK ST,NASHVILLE,TN,37216,1441,EAST,36.2139,-86.731,POINT (-86.731 36.2139)
20190862043,11/29/2019 06:30:00 PM,2,0,0,,Y,240983,9,UNKNOWN,21,CLEAR,2,DARK - NOT LIGHTED,14,PARKED MOTOR VEHICLE,SEVEN MILE CREEK HARDING MALL & HARDING,NASHVILLE,TN,37211,8445,SOUTH,36.0816,-86.7247,POINT (-86.7247 36.0816)
20190873496,12/04/2019 09:30:00 PM,2,0,0,,N,299238,4,ANGLE,21,CLEAR,3,DARK - LIGHTED,12,MOTOR VEHICLE IN TRANSPORT,FERNWOOD DR & MCGAVOCK PKE,NASHVILLE,TN,37216,1435,EAST,36.2087,-86.7148,POINT (-86.7148 36.2087)
20190672791,09/10/2019 08:30:00 AM,2,0,0,,Y,226622,11,Front to Rear,21,CLEAR,1,DAYLIGHT,12,MOTOR VEHICLE IN TRANSPORT,FREEDOM DR & WESTBORO DR,NASHVILLE,TN,37209,4683,WEST,36.1557,-86.8774,POINT (-86.8774 36.1557)
20190659261,09/04/2019 09:06:00 AM,2,0,0,,N,462474,11,Front to Rear,21,CLEAR,1,DAYLIGHT,12,MOTOR VEHICLE IN TRANSPORT,I440 W ENT RAMP & I 65,NASHVILLE,TN,37204,7018,MIDTOW,36.1157,-86.7732,POINT (-86.7732 36.1157)
20190908727,12/19/2019 06:15:00 PM,2,0,0,,Y,352156,11,Front to Rear,21,CLEAR,3,DARK - LIGHTED,12,MOTOR VEHICLE IN TRANSPORT,MM 52 7 I 24,NASHVILLE,TN,37210,81022,SOUTH,36.1226,-86.7277,POINT (-86.7277 36.1226)
20190895930,12/14/2019 05:56:00 AM,2,0,0,,N,256377,11,Front to Rear,21,CLEAR,3,DARK - LIGHTED,12,MOTOR VEHICLE IN TRANSPORT,MURFREESBORO PKE & NASHBORO BLVD,ANTIOCH,TN,37013,8891,SOUTH,36.0869,-86.6487,POINT (-86.6487 36.0869)
20190768414,10/20/2019 04:08:00 PM,2,0,0,,Y,352186,3,REAR-TO-REAR,21,CLEAR,1,DAYLIGHT,12,MOTOR VEHICLE IN TRANSPORT,SCRUGGS LN & W TRINITY LN,NASHVILLE,TN,37207,3007,NORTH,36.2068,-86.781,POINT (-86.781 36.2068)
20190610740,08/16/2019 07:35:00 AM,2,0,0,,N,633390,11,Front to Rear,21,CLEAR,1,DAYLIGHT,12,MOTOR VEHICLE IN TRANSPORT,ELLINGTON PKWYS & ELLINGTON PKWYN,NASHVILLE,TN,37207,1995,EAST,36.1758,-86.7666,POINT (-86.7666 36.1758)
20190760990,10/17/2019 09:30:00 AM,3,2,0,,N,191578,11,Front to Rear,21,CLEAR,1,DAYLIGHT,12,MOTOR VEHICLE IN TRANSPORT,MM 215 6 I 40,NASHVILLE,TN,37214,9102,HERMIT,36.1431,-86.6845,POINT (-86.6845 36.1431)
20190842750,11/21/2019 06:42:00 AM,3,1,0,,N,179602,5,SIDESWIPE - SAME DIRECTION,22,CLOUDY,1,DAYLIGHT,12,MOTOR VEHICLE IN TRANSPORT,MM 34 1 I 24,JOELTON,TN,37080,33160,NORTH,36.3262,-86.8843,POINT (-86.8843 36.3262)
20190808048,11/06/2019 01:20:00 PM,2,0,0,,N,352179,11,Front to Rear,21,CLEAR,1,DAYLIGHT,12,MOTOR VEHICLE IN TRANSPORT,DICKERSON PKE & DUE WEST AVN,MADISON,TN,37115,2017,MADISO,36.2563,-86.7579,POINT (-86.7579 36.2563)
20190611876,08/16/2019 05:21:00 PM,2,0,0,,N,690942,4,ANGLE,21,CLEAR,1,DAYLIGHT,12,MOTOR VEHICLE IN TRANSPORT,8TH AVS & BROADWAY,NASHVILLE,TN,37203,4085,CENTRA,36.1588,-86.782,POINT (-86.782 36.1588)
20190912365,12/21/2019 01:05:00 PM,2,1,0,,N,468030,4,ANGLE,22,CLOUDY,1,DAYLIGHT,12,MOTOR VEHICLE IN TRANSPORT,EASTLAND AV & GALLATIN AV,NASHVILLE,TN,37206,1243,EAST,36.1838,-86.7484,POINT (-86.7484 36.1838)
20190914685,12/22/2019 07:50:00 PM,2,1,0,,N,352207,4,ANGLE,2,RAIN,3,DARK - LIGHTED,12,MOTOR VEHICLE IN TRANSPORT,STONE BROOK DR & OLD HICKORY BLVD,BRENTWOOD,TN,37027,8623,MIDTOW,36.0409,-86.7794,POINT (-86.7794 36.0409)
20190662128,09/05/2019 12:08:00 PM,2,0,0,,N,225950,4,ANGLE,21,CLEAR,1,DAYLIGHT,12;18,MOTOR VEHICLE IN TRANSPORT;OTHER OBJECT (NOT FIXED),MAGNOLIA BLVD & PORTLAND AV,NASHVILLE,TN,37212,6607,MIDTOW,36.1336,-86.8011,POINT (-86.8011 36.1336)
20190755814,10/15/2019 08:34:00 AM,2,0,0,,N,716886,11,Front to Rear,21,CLEAR,1,DAYLIGHT,12,MOTOR VEHICLE IN TRANSPORT,MM 54 9 I 24,NASHVILLE,TN,37211,8812,SOUTH,36.0962,-86.7081,POINT (-86.7081 36.0962)
20190627957,08/22/2019 04:36:00 PM,1,0,0,,Y,298858,0,NOT COLLISION W/MOTOR VEHICLE-TRANSPORT,22,CLOUDY,1,DAYLIGHT,9,,5TH AVN & COMMERCE ST,NASHVILLE,TN,37219,4107,CENTRA,36.1619,-86.7793,POINT (-86.7793 36.1619)
20190907460,12/19/2019 09:00:00 AM,2,0,0,,N,109534,11,Front to Rear,21,CLEAR,1,DAYLIGHT,12,MOTOR VEHICLE IN TRANSPORT,I40 W EXT RAMP & I 40,NASHVILLE,TN,37203,4119,CENTRA,36.1574,-86.79,POINT (-86.79 36.1574)
20190699110,09/20/2019 07:00:00 PM,2,1,0,,N,320594,0,NOT COLLISION W/MOTOR VEHICLE-TRANSPORT,21,CLEAR,3,DARK - LIGHTED,8,PEDESTRIAN,ROBINSON RD & INDUSTRIAL DR,OLD HICKORY,TN,37138,9611,HERMIT,36.263,-86.6618,POINT (-86.6618 36.263)
20190591096,08/08/2019 08:41:00 PM,2,3,0,,N,256383,2,HEAD-ON,21,CLEAR,3,DARK - LIGHTED,12,MOTOR VEHICLE IN TRANSPORT,ANTIOCH PKE & FRANKLIN LIMESTONE RD,ANTIOCH,TN,37013,8899,SOUTH,36.0804,-86.6857,POINT (-86.6857 36.0804)
20190796269,11/01/2019 02:01:00 PM,3,3,0,,N,594473,11,Front to Rear,21,CLEAR,1,DAYLIGHT,12,MOTOR VEHICLE IN TRANSPORT,MM 1 1 I 440,NASHVILLE,TN,37203,5624,MIDTOW,36.1447,-86.8222,POINT (-86.8222 36.1447)
20190650051,08/31/2019 10:10:00 AM,2,2,0,,N,279230,11,Front to Rear,21,CLEAR,1,DAYLIGHT,12,MOTOR VEHICLE IN TRANSPORT,MM 55 5 I 24,NASHVILLE,TN,37211,8812,SOUTH,36.0886,-86.7019,POINT (-86.7019 36.0886)
20190907582,12/19/2019 10:07:00 AM,2,0,0,,N,676834,11,Front to Rear,21,CLEAR,1,DAYLIGHT,12,MOTOR VEHICLE IN TRANSPORT,MM 208 3 I 40,NASHVILLE,TN,37203,54024,NORTH,36.166,-86.7949,POINT (-86.7949 36.166)
20190683959,09/14/2019 12:00:00 AM,2,1,0,,N,278580,4,ANGLE,21,CLEAR,1,DAYLIGHT,12,MOTOR VEHICLE IN TRANSPORT,OLD HICKORY BLVD & ASHLAND CITY HWY,NASHVILLE,TN,37218,3235,NORTH,36.2115,-86.921,POINT (-86.921 36.2115)
20190709692,09/25/2019 10:46:00 AM,2,3,0,,N,628640,2,HEAD-ON,21,CLEAR,1,DAYLIGHT,12,MOTOR VEHICLE IN TRANSPORT,NOLENSVILLE PKE & ALLIED DR,NASHVILLE,TN,37211,8511,MIDTOW,36.0962,-86.7377,POINT (-86.7377 36.0962)
20190786511,10/28/2019 04:54:00 PM,2,0,0,,N,299264,5,SIDESWIPE - SAME DIRECTION,21,CLEAR,1,DAYLIGHT,12,MOTOR VEHICLE IN TRANSPORT,MM 209 2 I 40,NASHVILLE,TN,37203,5702,MIDTOW,36.1554,-86.7891,POINT (-86.7891 36.1554)
20190091545,12/24/2019 03:04:00 AM,1,0,0,,N,352183,0,NOT COLLISION W/MOTOR VEHICLE-TRANSPORT,22,CLOUDY,3,DARK - LIGHTED,34,DITCH,OLD DUE WEST AV & DICKERSON PKE,NASHVILLE,TN,37207,2011,MADISO,36.2497,-86.7571,POINT (-86.7571 36.2497)
20190593063,08/09/2019 12:33:00 PM,2,0,0,,N,716886,4,ANGLE,21,CLEAR,1,DAYLIGHT,12,MOTOR VEHICLE IN TRANSPORT,MURFREESBORO PKE & DONELSON PKE,NASHVILLE,TN,37217,8841,SOUTH,36.1062,-86.6731,POINT (-86.6731 36.1062)
20190780423,10/25/2019 03:50:00 PM,2,0,0,,N,352156,4,ANGLE,2,RAIN,1,DAYLIGHT,12,MOTOR VEHICLE IN TRANSPORT,US HWY 31 ALT & HIGH ST,NASHVILLE,TN,37211,8515,MIDTOW,36.1008,-86.7401,POINT (-86.7401 36.1008)
20190644583,08/29/2019 09:59:00 AM,2,0,0,,N,716886,11,Front to Rear,21,CLEAR,1,DAYLIGHT,12,MOTOR VEHICLE IN TRANSPORT,HARDING PL & I24 W EXT RAMP,NASHVILLE,TN,37211,8889,SOUTH,36.0864,-86.6989,POINT (-86.6989 36.0864)
20190691317,09/17/2019 08:18:00 PM,2,0,0,,N,240983,4,ANGLE,21,CLEAR,2,DARK - NOT LIGHTED,12,MOTOR VEHICLE IN TRANSPORT,BARNES RD & NOLENSVILLE PKE,ANTIOCH,TN,37013,8759,SOUTH,36.0335,-86.713,POINT (-86.713 36.0335)
20190770657,10/21/2019 05:14:00 PM,2,2,0,,N,279211,11,Front to Rear,22,CLOUDY,1,DAYLIGHT,12,MOTOR VEHICLE IN TRANSPORT,BRICK CHURCH PKE & BRILEY PKWY E EXT RAM,NASHVILLE,TN,37207,2003,MADISO,36.2376,-86.781,POINT (-86.781 36.2376)
20190749881,10/12/2019 03:56:00 PM,1,0,0,,N,384411,0,NOT COLLISION W/MOTOR VEHICLE-TRANSPORT,21,CLEAR,1,DAYLIGHT,11,OTHER ANIMAL,OLD HICKORY BLVD & RACHELS LN,HERMITAGE,TN,37076,9603,HERMIT,36.2125,-86.6227,POINT (-86.6227 36.2125)
20190810792,11/07/2019 04:12:00 PM,2,0,0,,N,299267,11,Front to Rear,2,RAIN,1,DAYLIGHT,12,MOTOR VEHICLE IN TRANSPORT,28TH AVN & CHARLOTTE AV,NASHVILLE,TN,37209,5341,MIDTOW,36.154,-86.8182,POINT (-86.8182 36.154)
20190803782,11/04/2019 11:17:00 PM,2,0,0,,Y,405424,5,SIDESWIPE - SAME DIRECTION,21,CLEAR,3,DARK - LIGHTED,12,MOTOR VEHICLE IN TRANSPORT,HERON POINTE DR & BELL RD,NASHVILLE,TN,37214,8943,HERMIT,36.1182,-86.6311,POINT (-86.6311 36.1182)
20190802056,11/04/2019 08:10:00 AM,2,0,0,,N,620061,5,SIDESWIPE - SAME DIRECTION,21,CLEAR,1,DAYLIGHT,12,MOTOR VEHICLE IN TRANSPORT,WEST END AV & NATCHEZ TRC,NASHVILLE,TN,37212,5801,MIDTOW,36.1463,-86.8098,POINT (-86.8098 36.1463)
20190724162,10/01/2019 02:50:00 PM,3,0,0,,Y,352166,3,REAR-TO-REAR,21,CLEAR,1,DAYLIGHT,14,PARKED MOTOR VEHICLE,UNIVERSITY ST & LINDSLEY AV,NASHVILLE,TN,37210,4003,CENTRA,36.1535,-86.7663,POINT (-86.7663 36.1535)