Accident Number,Date and Time,Number of Motor Vehicles,Number of Injuries,Number of Fatalities,Property Damage,Hit and Run,Reporting Officer,Collision Type Code,Collision Type Description,Weather Code,Weather Description,Illumination Code,Illumination Description,Harmful Code,Harmful Code Description,Street Address,City,State,ZIP,RPA,Precinct,Latitude,Longitude,Mapped Location
20190891181,12/12/2019 08:25:00 AM,2,1,0,,N,352179,11,Front to Rear,21,CLEAR,1,DAYLIGHT,12,MOTOR VEHICLE IN TRANSPORT,MM 90 8 I 65,MADISON,TN,37115,20044,MADISO,36.2462,-86.7451,POINT (-86.7451 36.2462)
20190712175,09/26/2019 08:08:00 AM,3,1,0,,N,140804,5,SIDESWIPE - SAME DIRECTION,21,CLEAR,1,DAYLIGHT,12,MOTOR VEHICLE IN TRANSPORT,MM 14 2 BRILEY PKWY E,NASHVILLE,TN,37216,1596,EAST,36.2343,-86.7187,POINT (-86.7187 36.2343)
20190907220,12/19/2019 07:00:00 AM,3,0,0,,Y,279227,4,ANGLE,21,CLEAR,1,DAYLIGHT,12,MOTOR VEHICLE IN TRANSPORT,MM 54 0 I 24,NASHVILLE,TN,37211,88122,SOUTH,36.1064,-86.7188,POINT (-86.7188 36.1064)
20190833805,11/17/2019 07:08:00 PM,2,0,0,,N,279116,4,ANGLE,21,CLEAR,3,DARK - LIGHTED,12,MOTOR VEHICLE IN TRANSPORT,ARMORY DR & SIDCO DR,NASHVILLE,TN,37204,8527,MIDTOW,36.1022,-86.7563,POINT (-86.7563 36.1022)
20190669084,09/08/2019 03:45:00 PM,2,1,0,,N,311327,4,ANGLE,21,CLEAR,1,DAYLIGHT,12,MOTOR VEHICLE IN TRANSPORT,WOODLAND ST & S 10TH ST,NASHVILLE,TN,37206,1201,EAST,36.177,-86.7512,POINT (-86.7512 36.177)
20190872703,12/04/2019 02:50:00 PM,2,0,0,,N,311337,11,Front to Rear,21,CLEAR,1,DAYLIGHT,12,MOTOR VEHICLE IN TRANSPORT,MM 211 0 I 40,NASHVILLE,TN,37210,82020,HERMIT,36.1544,-86.7598,POINT (-86.7598 36.1544)
20190772227,10/22/2019 09:40:00 AM,2,0,0,,N,462474,5,SIDESWIPE - SAME DIRECTION,21,CLEAR,1,DAYLIGHT,12,MOTOR VEHICLE IN TRANSPORT,CHURCH ST & 20TH AVN,NASHVILLE,TN,37203,5525,MIDTOW,36.1538,-86.8001,POINT (-86.8001 36.1538)
20190655987,09/03/2019 01:36:00 AM,1,1,0,,N,320600,0,NOT COLLISION W/MOTOR VEHICLE-TRANSPORT,21,CLEAR,2,DARK - NOT LIGHTED,42,TREE,MM 33 6 I 24,JOELTON,TN,37080,3316,NORTH,36.328,-86.8932,POINT (-86.8932 36.328)
20190930140,12/30/2019 05:30:00 PM,2,0,0,,Y,352168,5,SIDESWIPE - SAME DIRECTION,21,CLEAR,5,DUSK,12,MOTOR VEHICLE IN TRANSPORT,MCMURRAY DR & HILSON RD,NASHVILLE,TN,37211,8657,MIDTOW,36.0549,-86.729,POINT (-86.729 36.0549)
20190736479,10/06/2019 06:10:00 PM,2,0,0,,N,299248,5,SIDESWIPE - SAME DIRECTION,2,RAIN,3,DARK - LIGHTED,12,MOTOR VEHICLE IN TRANSPORT,RECOVERY RD & HARDING PL,NASHVILLE,TN,37211,8705,SOUTH,36.0802,-86.718,POINT (-86.718 36.0802)
20190800638,11/03/2019 03:08:00 PM,1,0,0,,N,320597,0,NOT COLLISION W/MOTOR VEHICLE-TRANSPORT,21,CLEAR,1,DAYLIGHT,34,DITCH,NOLENSVILLE PKE & BASS AV,NASHVILLE,TN,37211,8701,SOUTH,36.0709,-86.7231,POINT (-86.7231 36.0709)
20190754017,10/14/2019 12:00:00 AM,2,0,0,,N,279200,5,SIDESWIPE - SAME DIRECTION,21,CLEAR,1,DAYLIGHT,14,PARKED MOTOR VEHICLE,CHARLOTTE AV & ROSA L PARKS BLVD,NASHVILLE,TN,37203,4147,CENTRA,36.1634,-86.7876,POINT (-86.7876 36.1634)
20190765896,10/19/2019 08:05:00 AM,2,0,0,,N,352174,4,ANGLE,21,CLEAR,1,DAYLIGHT,12,MOTOR VEHICLE IN TRANSPORT,17TH AVS & WEST END AV,NASHVILLE,TN,37203,5707,MIDTOW,36.1538,-86.7944,POINT (-86.7944 36.1538)
20190621448,08/20/2019 11:47:00 AM,2,0,0,,Y,348631,5,SIDESWIPE - SAME DIRECTION,21,CLEAR,1,DAYLIGHT,12,MOTOR VEHICLE IN TRANSPORT,MM 49 6 I 24,NASHVILLE,TN,37210,4008,CENTRA,36.1571,-86.7604,POINT (-86.7604 36.1571)
20190676681,09/11/2019 05:09:00 PM,2,0,0,,Y,256380,11,Front to Rear,21,CLEAR,1,DAYLIGHT,12,MOTOR VEHICLE IN TRANSPORT,I65 N ENT RAMP & I 40,NASHVILLE,TN,37208,44041,NORTH,36.1734,-86.8012,POINT (-86.8012 36.1734)
20190927939,12/29/2019 07:07:00 PM,3,0,0,,N,256379,11,Front to Rear,2,RAIN,3,DARK - LIGHTED,12,MOTOR VEHICLE IN TRANSPORT,MM 54 8 I 24,NASHVILLE,TN,37211,8812,SOUTH,36.0968,-86.7085,POINT (-86.7085 36.0968)
20190651020,08/31/2019 12:00:00 AM,1,0,0,,N,279200,0,NOT COLLISION W/MOTOR VEHICLE-TRANSPORT,21,CLEAR,3,DARK - LIGHTED,39,WALL,MM 48 1 I 24,NASHVILLE,TN,37207,1106,EAST,36.1742,-86.7706,POINT (-86.7706 36.1742)
20190818117,11/11/2019 12:55:00 AM,2,0,0,,Y,256493,5,SIDESWIPE - SAME DIRECTION,21,CLEAR,3,DARK - LIGHTED,12,MOTOR VEHICLE IN TRANSPORT,BELL RD & ANDERSON RD,NASHVILLE,TN,37217,8939,HERMIT,36.0748,-86.6351,POINT (-86.6351 36.0748)
20190644378,08/29/2019 07:45:00 AM,2,0,0,,N,633381,4,ANGLE,21,CLEAR,1,DAYLIGHT,12,MOTOR VEHICLE IN TRANSPORT,OLD HICKORY BLVD & BURKITT RD,ANTIOCH,TN,37013,8771,SOUTH,36.0051,-86.6218,POINT (-86.6218 36.0051)
20190600606,08/12/2019 02:00:00 PM,1,0,0,Y,N,580819,0,NOT COLLISION W/MOTOR VEHICLE-TRANSPORT,21,CLEAR,1,DAYLIGHT,18,OTHER OBJECT (NOT FIXED),100 2ND AVN,NASHVILLE,TN,37201,4101,CENTRA,36.1633,-86.7761,POINT (-86.7761 36.1633)
20190782349,10/26/2019 05:00:00 PM,1,0,0,Y,Y,352185,0,NOT COLLISION W/MOTOR VEHICLE-TRANSPORT,2,RAIN,1,DAYLIGHT,43,OTHER FIXED OBJECTS,TROTTER RD & TROTTER ACCESS RD,NASHVILLE,TN,,,,36.2009,-87.7194,POINT (-87.7194 36.2009)
20190618956,08/19/2019 03:52:00 PM,2,0,0,,N,690942,4,ANGLE,21,CLEAR,1,DAYLIGHT,12,MOTOR VEHICLE IN TRANSPORT,BROADWAY & 9TH AVN,NASHVILLE,TN,37203,4083,CENTRA,36.1586,-86.7828,POINT (-86.7828 36.1586)
20190587480,08/07/2019 03:09:00 PM,2,0,0,,N,267831,11,Front to Rear,21,CLEAR,1,DAYLIGHT,12,MOTOR VEHICLE IN TRANSPORT,OLD HICKORY BLVD & CHICKERING MEADOW,NASHVILLE,TN,37221,6215,WEST,36.0493,-86.8699,POINT (-86.8699 36.0493)
20190679115,09/12/2019 04:06:00 PM,2,0,0,,N,714641,5,SIDESWIPE - SAME DIRECTION,21,CLEAR,1,DAYLIGHT,12,MOTOR VEHICLE IN TRANSPORT,ASH ST & 3RD AVS,NASHVILLE,TN,37210,4005,CENTRA,36.1527,-86.7708,POINT (-86.7708 36.1527)
20190818648,11/11/2019 07:35:00 AM,2,0,0,,Y,571313,98,OTHER,21,CLEAR,1,DAYLIGHT,12;14,MOTOR VEHICLE IN TRANSPORT;PARKED MOTOR VEHICLE,WINFORD AV & MELROSE AV,NASHVILLE,TN,37204,8305,MIDTOW,36.1192,-86.7548,POINT (-86.7548 36.1192)
20190853394,11/25/2019 08:31:00 PM,1,0,0,,N,279225,0,NOT COLLISION W/MOTOR VEHICLE-TRANSPORT,21,CLEAR,2,DARK - NOT LIGHTED,18,OTHER OBJECT (NOT FIXED),MM 218 6 I 40,NASHVILLE,TN,37214,89062,HERMIT,36.1523,-86.6347,POINT (-86.6347 36.1523)
20190863746,11/30/2019 07:30:00 PM,1,0,0,Y,N,279233,0,NOT COLLISION W/MOTOR VEHICLE-TRANSPORT,2,RAIN,3,DARK - LIGHTED,38,FENCE,51ST AVN & DELAWARE AV,NASHVILLE,TN,37209,4543,WEST,36.1544,-86.8487,POINT (-86.8487 36.1544)
20190848167,11/23/2019 10:01:00 AM,2,0,0,,N,462474,4,ANGLE,22,CLOUDY,1,DAYLIGHT,12,MOTOR VEHICLE IN TRANSPORT,PARIS AVE & 12TH AVE S,NASHVILLE,TN,37204,6949,MIDTOW,36.1217,-86.7903,POINT (-86.7903 36.1217)
20190749610,10/12/2019 01:59:00 PM,2,0,0,,N,414668,11,Front to Rear,21,CLEAR,1,DAYLIGHT,12,MOTOR VEHICLE IN TRANSPORT,RUSSELL ST & INTERSTATE DR,NASHVILLE,TN,37213,1135,CENTRA,36.1691,-86.7687,POINT (-86.7687 36.1691)
20190600927,08/12/2019 04:40:00 PM,2,0,0,,Y,909486,4,ANGLE,21,CLEAR,1,DAYLIGHT,12,MOTOR VEHICLE IN TRANSPORT,EDMONDSON PKE & OLD HICKORY BLVD,NASHVILLE,TN,37211,8651,MIDTOW,36.04,-86.7435,POINT (-86.7435 36.04)
20190677188,09/11/2019 10:12:00 PM,2,0,0,,N,256383,11,Front to Rear,21,CLEAR,2,DARK - NOT LIGHTED,12,MOTOR VEHICLE IN TRANSPORT,I24 E EXT RAMP & I 24,NASHVILLE,TN,37207,30080,NORTH,36.2378,-86.7872,POINT (-86.7872 36.2378)
20190894831,12/13/2019 04:30:00 PM,2,0,0,,N,330431,11,Front to Rear,2,RAIN,5,DUSK,12,MOTOR VEHICLE IN TRANSPORT,ED TEMPLE BLVD & ROSA L PARKS BLVD,NASHVILLE,TN,37228,4483,NORTH,36.188,-86.8216,POINT (-86.8216 36.188)
20190683861,09/14/2019 12:23:00 PM,2,1,0,,N,320574,4,ANGLE,21,CLEAR,1,DAYLIGHT,12,MOTOR VEHICLE IN TRANSPORT,MCCRORY CREEK RD & STEWARTS FERRY PIKE,NASHVILLE,TN,37214,9413,HERMIT,36.1574,-86.6359,POINT (-86.6359 36.1574)
20190779878,10/25/2019 11:28:00 AM,2,0,0,,Y,676834,4,ANGLE,2,RAIN,1,DAYLIGHT,12,MOTOR VEHICLE IN TRANSPORT,BATAVIA ST & 30TH AVE N,NASHVILLE,TN,37209,4563,NORTH,36.1609,-86.8219,POINT (-86.8219 36.1609)
20190800436,11/03/2019 12:01:00 PM,2,2,0,,N,109527,4,ANGLE,21,CLEAR,1,DAYLIGHT,12,MOTOR VEHICLE IN TRANSPORT,EDGE O LAKE DR & MARTWAY DR,ANTIOCH,TN,37013,8891,SOUTH,36.0789,-86.6452,POINT (-86.6452 36.0789)
20190690949,09/17/2019 05:22:00 PM,1,0,0,Y,N,256424,0,NOT COLLISION W/MOTOR VEHICLE-TRANSPORT,21,CLEAR,1,DAYLIGHT,32,CULVERT,1 JACKSONIAN DR,HERMITAGE,TN,37076,9615,HERMIT,36.2031,-86.6349,POINT (-86.6349 36.2031)
20190744378,10/10/2019 08:35:00 AM,1,0,0,Y,N,384392,0,NOT COLLISION W/MOTOR VEHICLE-TRANSPORT,21,CLEAR,1,DAYLIGHT,19,BUILDING,18TH AVE S & GRAND AVE,NASHVILLE,TN,37212,6709,MIDTOW,36.147,-86.7951,POINT (-86.7951 36.147)
20190589320,08/08/2019 06:35:00 AM,2,0,0,,N,352178,11,Front to Rear,21,CLEAR,1,DAYLIGHT,12,MOTOR VEHICLE IN TRANSPORT,MM 38 2 I 24,WHITES CREEK,TN,37189,2212,NORTH,36.3069,-86.8181,POINT (-86.8181 36.3069)
20190805231,11/05/2019 12:05:00 PM,3,1,0,,N,405391,11,Front to Rear,21,CLEAR,1,DAYLIGHT,12,MOTOR VEHICLE IN TRANSPORT,CHARLOTTE AV & CHARLOTTE PKE,NASHVILLE,TN,37209,5115,WEST,36.151,-86.8543,POINT (-86.8543 36.151)
20190742790,10/09/2019 05:18:00 PM,2,1,0,,Y,151132,2,HEAD-ON,21,CLEAR,1,DAYLIGHT,12,MOTOR VEHICLE IN TRANSPORT,GALLATIN PKES & MAPLE ST,MADISON,TN,37115,1607,MADISO,36.2617,-86.7124,POINT (-86.7124 36.2617)
20190757578,10/15/2019 11:53:00 PM,2,1,0,,Y,161945,0,NOT COLLISION W/MOTOR VEHICLE-TRANSPORT,2,RAIN,3,DARK - LIGHTED,41;99,SHRUBBERY;UNKNOWN MOST HARMFUL EVENT,LAMBERT DR & BRINDLEY DR,NASHVILLE,TN,37220,7101,MIDTOW,36.0782,-86.7673,POINT (-86.7673 36.0782)
20190661680,09/05/2019 09:55:00 AM,2,0,0,,N,676834,11,Front to Rear,21,CLEAR,1,DAYLIGHT,12,MOTOR VEHICLE IN TRANSPORT,MM 86 8 I 65,NASHVILLE,TN,37207,3002,NORTH,36.1987,-86.7764,POINT (-86.7764 36.1987)
20190803333,11/04/2019 06:25:00 PM,2,0,0,,N,299264,4,ANGLE,21,CLEAR,3,DARK - LIGHTED,12,MOTOR VEHICLE IN TRANSPORT,BERNARD AV & 21ST AVS,NASHVILLE,TN,37212,6607,MIDTOW,36.1318,-86.8015,POINT (-86.8015 36.1318)
20190752945,10/14/2019 07:00:00 AM,2,0,0,,N,226622,11,Front to Rear,5,FOG,1,DAYLIGHT,12,MOTOR VEHICLE IN TRANSPORT,MM 201 1 I 40,NASHVILLE,TN,37209,46027,WEST,36.1314,-86.8982,POINT (-86.8982 36.1314)
20190629377,08/23/2019 06:07:00 AM,3,0,0,,N,676834,11,Front to Rear,22,CLOUDY,1,DAYLIGHT,12,MOTOR VEHICLE IN TRANSPORT,MM 87 0 I 65,NASHVILLE,TN,37207,18020,EAST,36.2018,-86.7766,POINT (-86.7766 36.2018)
20190595923,08/10/2019 02:38:00 PM,2,0,0,,Y,311337,4,ANGLE,21,CLEAR,1,DAYLIGHT,55,Motor Vehicle-In-Motion Outside Trafficw,MILLWOOD DR & MURFREESBORO PKE,NASHVILLE,TN,37217,8815,HERMIT,36.1295,-86.7147,POINT (-86.7147 36.1295)
20190770886,10/21/2019 05:50:00 PM,2,0,0,,Y,352166,11,Front to Rear,2,RAIN,3,DARK - LIGHTED,12,MOTOR VEHICLE IN TRANSPORT,GALLATIN PKES & MAPLE ST,MADISON,TN,37115,1607,MADISO,36.2617,-86.7124,POINT (-86.7124 36.2617)
20190823688,11/13/2019 07:30:00 AM,2,5,1,,N,665896,4,ANGLE,21,CLEAR,1,DAYLIGHT,12,MOTOR VEHICLE IN TRANSPORT,WOODLAND ST & S 9TH ST,NASHVILLE,TN,37206,1119,EAST,36.1749,-86.7569,POINT (-86.7569 36.1749)
20190612972,08/17/2019 01:30:00 AM,2,0,0,,Y,311343,4,ANGLE,21,CLEAR,3,DARK - LIGHTED,14,PARKED MOTOR VEHICLE,8TH AVS & ROYCROFT PL,NASHVILLE,TN,37204,6945,MIDTOW,36.1339,-86.7791,POINT (-86.7791 36.1339)
20190712499,09/26/2019 12:10:00 PM,2,0,0,,N,226092,4,ANGLE,2,RAIN,1,DAYLIGHT,12,MOTOR VEHICLE IN TRANSPORT,19TH AVN & CHARLOTTE AV,NASHVILLE,TN,37203,5507,MIDTOW,36.1576,-86.8014,POINT (-86.8014 36.1576)
20190605897,08/14/2019 11:45:00 AM,2,0,0,,N,352214,11,Front to Rear,21,CLEAR,1,DAYLIGHT,12,MOTOR VEHICLE IN TRANSPORT,JEFFERSON ST & JEFFERSON ST PVTDR,NASHVILLE,TN,37208,5321,NORTH,36.1687,-86.8124,POINT (-86.8124 36.1687)
20190891465,12/12/2019 10:49:00 AM,3,0,0,,N,191578,5,SIDESWIPE - SAME DIRECTION,21,CLEAR,1,DAYLIGHT,12,MOTOR VEHICLE IN TRANSPORT,BRILEY PKWYN & CORPORATE DR,NASHVILLE,TN,37217,8998,HERMIT,36.1343,-86.6974,POINT (-86.6974 36.1343)
20190732307,10/04/2019 07:20:00 PM,2,0,0,,N,384411,5,SIDESWIPE - SAME DIRECTION,21,CLEAR,3,DARK - LIGHTED,12,MOTOR VEHICLE IN TRANSPORT,VULTEE BLVD & BRILEY PKWY,NASHVILLE,TN,37217,8998,HERMIT,36.1243,-86.6963,POINT (-86.6963 36.1243)
20190824047,11/13/2019 10:35:00 AM,4,2,0,,N,676834,11,Front to Rear,21,CLEAR,1,DAYLIGHT,12,MOTOR VEHICLE IN TRANSPORT,CHARLOTTE AV & DR D B TODD JR BLVD,NASHVILLE,TN,37203,5505,MIDTOW,36.1581,-86.8,POINT (-86.8 36.1581)
20190634970,08/25/2019 11:36:00 AM,2,0,0,,Y,876581,5,SIDESWIPE - SAME DIRECTION,22,CLOUDY,1,DAYLIGHT,12,MOTOR VEHICLE IN TRANSPORT,MM 93 5 I 65,MADISON,TN,37115,17062,MADISO,36.2824,-86.7316,POINT (-86.7316 36.2824)
20190774610,10/23/2019 07:50:00 AM,2,0,0,,Y,279206,5,SIDESWIPE - SAME DIRECTION,21,CLEAR,1,DAYLIGHT,12,MOTOR VEHICLE IN TRANSPORT,US HWY 41 & CRENSHAW ST,NASHVILLE,TN,37210,8201,HERMIT,36.1494,-86.764,POINT (-86.764 36.1494)
20190780661,10/25/2019 06:15:00 PM,2,1,0,,N,330413,11,Front to Rear,2,RAIN,7,Dark-Unknown Lighting,12,MOTOR VEHICLE IN TRANSPORT,BELMONT BLVD & PARIS AVE,NASHVILLE,TN,37212,6505,MIDTOW,36.1224,-86.7947,POINT (-86.7947 36.1224)
20190729461,10/03/2019 04:29:00 PM,2,0,0,,N,311337,11,Front to Rear,21,CLEAR,1,DAYLIGHT,12,MOTOR VEHICLE IN TRANSPORT,MM 215 0 I 40,NASHVILLE,TN,37214,91021,HERMIT,36.1444,-86.6948,POINT (-86.6948 36.1444)
20190737535,10/07/2019 01:47:00 PM,2,0,0,,N,311325,5,SIDESWIPE - SAME DIRECTION,2,RAIN,1,DAYLIGHT,12;39,MOTOR VEHICLE IN TRANSPORT;WALL,MM 212 9 I 40,NASHVILLE,TN,37210,82061,HERMIT,36.1404,-86.7312,POINT (-86.7312 36.1404)
20190676474,09/11/2019 03:41:00 PM,3,0,0,,N,169425,11,Front to Rear,21,CLEAR,1,DAYLIGHT,12,MOTOR VEHICLE IN TRANSPORT,WEDGEWOOD AV & I65 S EXT RAMP,NASHVILLE,TN,37204,6945,MIDTOW,36.1342,-86.7764,POINT (-86.7764 36.1342)
20190744331,10/10/2019 08:10:00 AM,2,0,0,,N,676834,5,SIDESWIPE - SAME DIRECTION,21,CLEAR,1,DAYLIGHT,12,MOTOR VEHICLE IN TRANSPORT,JEFFERSON ST & 3RD AVN,NASHVILLE,TN,37201,4233,CENTRA,36.175,-86.7847,POINT (-86.7847 36.175)
20190747732,10/11/2019 04:35:00 PM,2,0,0,,Y,226424,11,Front to Rear,22,CLOUDY,1,DAYLIGHT,12,MOTOR VEHICLE IN TRANSPORT,DOMINICAN DR & ROSA L PARKS BLVD,NASHVILLE,TN,37228,4445,NORTH,36.1879,-86.7985,POINT (-86.7985 36.1879)
20190866589,12/02/2019 09:00:00 AM,2,0,0,,N,571313,11,Front to Rear,22,CLOUDY,1,DAYLIGHT,12,MOTOR VEHICLE IN TRANSPORT,HARDING PL & TWINMONT CT,NASHVILLE,TN,37215,6403,MIDTOW,36.0911,-86.8254,POINT (-86.8254 36.0911)
20190695470,09/19/2019 09:24:00 AM,1,0,0,,N,462501,0,NOT COLLISION W/MOTOR VEHICLE-TRANSPORT,21,CLEAR,1,DAYLIGHT,33,CURB,CHURCH ST & 12TH AVN,NASHVILLE,TN,37203,4119,CENTRA,36.159,-86.7894,POINT (-86.7894 36.159)
20190679151,09/12/2019 04:05:00 PM,2,0,0,,Y,299266,4,ANGLE,21,CLEAR,1,DAYLIGHT,12,MOTOR VEHICLE IN TRANSPORT,MM 56 6 I 24,NASHVILLE,TN,37211,8810,SOUTH,36.0742,-86.6927,POINT (-86.6927 36.0742)
20190635057,08/25/2019 01:19:00 PM,1,0,0,,N,320575,0,NOT COLLISION W/MOTOR VEHICLE-TRANSPORT,22,CLOUDY,1,DAYLIGHT,1;34;63,DITCH;Ran Off Road-Right,I24 E EXT RAMP & I 24,NASHVILLE,TN,37207,30080,NORTH,36.2378,-86.7872,POINT (-86.7872 36.2378)
20190781573,10/26/2019 05:33:00 AM,5,1,0,,N,352163,98,OTHER,2,RAIN,3,DARK - LIGHTED,12,MOTOR VEHICLE IN TRANSPORT,MM 211 5 I 40,NASHVILLE,TN,37210,8204,HERMIT,36.1514,-86.7517,POINT (-86.7517 36.1514)
20190692993,09/18/2019 11:21:00 AM,2,0,0,,N,716886,4,ANGLE,21,CLEAR,1,DAYLIGHT,12,MOTOR VEHICLE IN TRANSPORT,DONELSON PKE & OLD EZELL RD,NASHVILLE,TN,37217,8841,SOUTH,36.0996,-86.6768,POINT (-86.6768 36.0996)
20190641667,08/28/2019 06:50:00 AM,2,0,0,,N,716886,5,SIDESWIPE - SAME DIRECTION,21,CLEAR,1,DAYLIGHT,12,MOTOR VEHICLE IN TRANSPORT,I 24 & UNKNOWN RAMP,NASHVILLE,TN,37210,9004,HERMIT,36.1402,-86.7258,POINT (-86.7258 36.1402)
20190584736,08/06/2019 03:31:00 PM,2,0,0,,N,267831,5,SIDESWIPE - SAME DIRECTION,21,CLEAR,1,DAYLIGHT,12,MOTOR VEHICLE IN TRANSPORT,I440 E ENT RAMP & I 440,NASHVILLE,TN,37205,6007,WEST,36.1346,-86.8203,POINT (-86.8203 36.1346)
20190790882,10/30/2019 08:10:00 AM,2,0,0,,Y,665896,5,SIDESWIPE - SAME DIRECTION,22,CLOUDY,1,DAYLIGHT,12,MOTOR VEHICLE IN TRANSPORT,S 5TH ST & SPRING ST,NASHVILLE,TN,37206,1109,EAST,36.1726,-86.7652,POINT (-86.7652 36.1726)
20190711970,09/26/2019 07:35:00 AM,2,0,0,,N,419997,11,Front to Rear,21,CLEAR,1,DAYLIGHT,12,MOTOR VEHICLE IN TRANSPORT,ALABAMA AVE & 52ND AVE N,NASHVILLE,TN,37209,5121,WEST,36.153,-86.8505,POINT (-86.8505 36.153)
20190897257,12/14/2019 11:15:00 PM,1,0,0,Y,N,311341,0,NOT COLLISION W/MOTOR VEHICLE-TRANSPORT,21,CLEAR,3,DARK - LIGHTED,1,,CENTENNIAL BLVD & BOMAR BLVD,NASHVILLE,TN,37209,4621,WEST,36.1717,-86.8648,POINT (-86.8648 36.1717)
20190855168,11/26/2019 02:17:00 PM,2,1,0,,N,134899,0,NOT COLLISION W/MOTOR VEHICLE-TRANSPORT,22,CLOUDY,1,DAYLIGHT,34;7;71,DITCH;EMBANKMENT EARTH,TWO RIVERS PKWY & TWO RIVERS PARK PVTDR,NASHVILLE,TN,37214,9221,HERMIT,36.1837,-86.6809,POINT (-86.6809 36.1837)
20190744146,10/10/2019 06:24:00 AM,4,2,0,,N,633381,11,Front to Rear,21,CLEAR,1,DAYLIGHT,12,MOTOR VEHICLE IN TRANSPORT,MURFREESBORO PKE & BELL RD,ANTIOCH,TN,37013,8979,SOUTH,36.072,-86.636,POINT (-86.636 36.072)
20190883891,12/09/2019 03:02:00 PM,2,0,0,,N,179606,11,Front to Rear,21,CLEAR,5,DUSK,12,MOTOR VEHICLE IN TRANSPORT,MM 6 2 I 440,NASHVILLE,TN,37211,83061,MIDTOW,36.1225,-86.7522,POINT (-86.7522 36.1225)
20190824604,11/13/2019 03:54:00 PM,2,0,0,,N,256389,11,Front to Rear,21,CLEAR,1,DAYLIGHT,12,MOTOR VEHICLE IN TRANSPORT,MM 74 8 I 65,NASHVILLE,TN,37220,7111,MIDTOW,36.0417,-86.7824,POINT (-86.7824 36.0417)
20190878365,12/06/2019 06:10:00 PM,2,0,0,,N,352156,5,SIDESWIPE - SAME DIRECTION,21,CLEAR,5,DUSK,12,MOTOR VEHICLE IN TRANSPORT,MM 59 2 I 24,ANTIOCH,TN,37013,87061,SOUTH,36.0467,-86.6614,POINT (-86.6614 36.0467)
20190845404,11/22/2019 06:42:00 AM,2,0,0,,N,110063,11,Front to Rear,2,RAIN,1,DAYLIGHT,12,MOTOR VEHICLE IN TRANSPORT,MM 86 7 I 65,NASHVILLE,TN,37207,3002,NORTH,36.1972,-86.7762,POINT (-86.7762 36.1972)
20190858223,11/27/2019 06:52:00 PM,2,0,0,,Y,279123,11,Front to Rear,22,CLOUDY,3,DARK - LIGHTED,12,MOTOR VEHICLE IN TRANSPORT,I40 W EXT RAMP & I 40,NASHVILLE,TN,37203,4119,CENTRA,36.1574,-86.79,POINT (-86.79 36.1574)
20190828973,11/15/2019 10:40:00 AM,2,0,0,,N,384442,11,Front to Rear,21,CLEAR,1,DAYLIGHT,12,MOTOR VEHICLE IN TRANSPORT,MM 79 7 I 65,NASHVILLE,TN,37204,8504,MIDTOW,36.1092,-86.7698,POINT (-86.7698 36.1092)
20190783954,10/27/2019 02:52:00 PM,2,0,0,,Y,352161,11,Front to Rear,21,CLEAR,1,DAYLIGHT,12,MOTOR VEHICLE IN TRANSPORT,MCMILLAN ST & US HWY 70,NASHVILLE,TN,37203,5503,MIDTOW,36.1596,-86.7962,POINT (-86.7962 36.1596)
20190588014,08/07/2019 07:00:00 PM,2,1,0,,Y,256374,4,ANGLE,22,CLOUDY,1,DAYLIGHT,12,MOTOR VEHICLE IN TRANSPORT,BELL RD & BRITTANY PARK DR,ANTIOCH,TN,37013,8719,SOUTH,36.0469,-86.6794,POINT (-86.6794 36.0469)
20190709511,09/25/2019 09:18:00 AM,2,1,0,,N,594473,11,Front to Rear,21,CLEAR,1,DAYLIGHT,12,MOTOR VEHICLE IN TRANSPORT,CHARLOTTE AV & 27TH AVN,NASHVILLE,TN,37209,5341,MIDTOW,36.1543,-86.8168,POINT (-86.8168 36.1543)
20190633760,08/24/2019 09:24:00 PM,2,4,0,,N,320579,4,ANGLE,21,CLEAR,3,DARK - LIGHTED,12,MOTOR VEHICLE IN TRANSPORT,GALLATIN PKE & LITTON AV,NASHVILLE,TN,37216,1415,EAST,36.2027,-86.739,POINT (-86.739 36.2027)
20190681899,09/13/2019 04:01:00 PM,2,1,0,,N,256389,4,ANGLE,21,CLEAR,1,DAYLIGHT,12,MOTOR VEHICLE IN TRANSPORT,8TH AVS & EAST ARGYLE AV,NASHVILLE,TN,37203,6901,MIDTOW,36.1347,-86.7791,POINT (-86.7791 36.1347)
20190761997,10/17/2019 05:55:00 PM,2,0,0,,N,429193,11,Front to Rear,21,CLEAR,1,DAYLIGHT,12,MOTOR VEHICLE IN TRANSPORT,CHARLOTTE AV & MORROW RD,NASHVILLE,TN,37209,5119,WEST,36.1516,-86.8521,POINT (-86.8521 36.1516)
20190662635,09/05/2019 05:04:00 PM,2,1,0,,N,212369,4,ANGLE,21,CLEAR,1,DAYLIGHT,12,MOTOR VEHICLE IN TRANSPORT,HARDING PL & NOLENSVILLE PKE,NASHVILLE,TN,37211,8705,SOUTH,36.0797,-86.7261,POINT (-86.7261 36.0797)
20190690825,09/17/2019 04:30:00 PM,2,0,0,,N,151132,5,SIDESWIPE - SAME DIRECTION,21,CLEAR,1,DAYLIGHT,12,MOTOR VEHICLE IN TRANSPORT,MM 91 4 I 65,MADISON,TN,37115,2006,MADISO,36.2532,-86.7394,POINT (-86.7394 36.2532)
20190900528,12/16/2019 02:08:00 PM,2,0,0,,N,192871,11,Front to Rear,2,RAIN,1,DAYLIGHT,12,MOTOR VEHICLE IN TRANSPORT,STATE RT 45 & RIO VISTA DR,MADISON,TN,37115,1705,MADISO,36.2628,-86.681,POINT (-86.681 36.2628)