Accident Number,Date and Time,Number of Motor Vehicles,Number of Injuries,Number of Fatalities,Property Damage,Hit and Run,Reporting Officer,Collision Type Code,Collision Type Description,Weather Code,Weather Description,Illumination Code,Illumination Description,Harmful Code,Harmful Code Description,Street Address,City,State,ZIP,RPA,Precinct,Latitude,Longitude,Mapped Location
20190866937,12/02/2019 12:05:00 PM,2,0,0,,N,224437,11,Front to Rear,21,CLEAR,1,DAYLIGHT,12,MOTOR VEHICLE IN TRANSPORT,LEBANON PKE & POLO PARK APT PVTDR,NASHVILLE,TN,37214,9403,HERMIT,36.1807,-86.6396,POINT (-86.6396 36.1807)
20190881779,12/08/2019 03:15:00 PM,2,0,0,,Y,579971,5,SIDESWIPE - SAME DIRECTION,21,CLEAR,1,DAYLIGHT,12,MOTOR VEHICLE IN TRANSPORT,MM 62 2 I 24,ANTIOCH,TN,37013,87040,SOUTH,36.0186,-86.6253,POINT (-86.6253 36.0186)
20190734942,10/06/2019 01:15:00 AM,2,0,0,,Y,311340,4,ANGLE,21,CLEAR,3,DARK - LIGHTED,12;14,MOTOR VEHICLE IN TRANSPORT;PARKED MOTOR VEHICLE,DIVISION ST & LYLE AV,NASHVILLE,TN,37212,6711,MIDTOW,36.1501,-86.7964,POINT (-86.7964 36.1501)
20190637340,08/26/2019 01:50:00 PM,1,0,0,,Y,716886,0,NOT COLLISION W/MOTOR VEHICLE-TRANSPORT,2,RAIN,1,DAYLIGHT,20,IMPACT ATTENUATOR,MM 55 3 I 24,NASHVILLE,TN,37211,8602,SOUTH,36.0913,-86.7043,POINT (-86.7043 36.0913)
20190871833,12/04/2019 07:46:00 AM,2,0,0,,N,109534,11,Front to Rear,21,CLEAR,1,DAYLIGHT,12,MOTOR VEHICLE IN TRANSPORT,OLD HICKORY BLVD & ANDREW JACKSON PKWY,HERMITAGE,TN,37076,9561,HERMIT,36.1836,-86.6107,POINT (-86.6107 36.1836)
20190846177,11/22/2019 01:30:00 PM,3,0,0,,N,240952,2,HEAD-ON,22,CLOUDY,1,DAYLIGHT,12;14,MOTOR VEHICLE IN TRANSPORT;PARKED MOTOR VEHICLE,TRU LONG DR & TRU LONG CT,ANTIOCH,TN,37013,8977,SOUTH,36.066,-86.5991,POINT (-86.5991 36.066)
20190839511,11/20/2019 12:05:00 AM,2,0,0,,N,256492,4,ANGLE,21,CLEAR,3,DARK - LIGHTED,12,MOTOR VEHICLE IN TRANSPORT,MM 211 7 I 40,NASHVILLE,TN,37210,82042,HERMIT,36.1499,-86.7483,POINT (-86.7483 36.1499)
20190777630,10/24/2019 01:05:00 PM,1,1,0,,N,902543,0,NOT COLLISION W/MOTOR VEHICLE-TRANSPORT,21,CLEAR,1,DAYLIGHT,8,PEDESTRIAN,LUCAS LN & W TRINITY LN,NASHVILLE,TN,37207,1863,EAST,36.2061,-86.7711,POINT (-86.7711 36.2061)
20190886817,12/10/2019 04:24:00 PM,1,0,0,,Y,834813,9,UNKNOWN,22,CLOUDY,1,DAYLIGHT,99,UNKNOWN MOST HARMFUL EVENT,CLARKSVILLE PKE & OLD CLARKSVILLE PKE,JOELTON,TN,37080,3317,NORTH,36.3191,-86.8922,POINT (-86.8922 36.3191)
20190909680,12/20/2019 06:10:00 AM,2,2,0,,N,256493,2,HEAD-ON,21,CLEAR,4,DAWN,12,MOTOR VEHICLE IN TRANSPORT,BELL RD & REELFOOT DR,NASHVILLE,TN,37214,8989,HERMIT,36.1362,-86.6298,POINT (-86.6298 36.1362)
20190880829,12/08/2019 02:08:00 AM,2,2,0,,N,330420,4,ANGLE,21,CLEAR,3,DARK - LIGHTED,12,MOTOR VEHICLE IN TRANSPORT,I40 E EXT RAMP & I 40,NASHVILLE,TN,37214,8955,HERMIT,36.155,-86.6271,POINT (-86.6271 36.155)
20190729247,10/03/2019 02:55:00 PM,2,0,0,,N,151132,0,NOT COLLISION W/MOTOR VEHICLE-TRANSPORT,21,CLEAR,1,DAYLIGHT,16,THROWN OR FALLING OBJECT,MM 94 4 I 65,MADISON,TN,37115,17042,MADISO,36.2921,-86.7207,POINT (-86.7207 36.2921)
20190869328,12/03/2019 12:00:00 AM,1,0,0,Y,Y,462474,0,NOT COLLISION W/MOTOR VEHICLE-TRANSPORT,21,CLEAR,1,DAYLIGHT,24,GUARDRAIL FACE,OVERTON LEA RD & LEALAND LN,NASHVILLE,TN,37220,7109,MIDTOW,36.0769,-86.7911,POINT (-86.7911 36.0769)
20190737158,10/07/2019 06:34:00 AM,3,2,0,,N,320586,11,Front to Rear,2,RAIN,1,DAYLIGHT,12,MOTOR VEHICLE IN TRANSPORT,MM 56 0 I 24,NASHVILLE,TN,37211,8708,SOUTH,36.0818,-86.6975,POINT (-86.6975 36.0818)
20190716718,09/28/2019 04:06:00 AM,1,0,0,Y,N,200016,0,NOT COLLISION W/MOTOR VEHICLE-TRANSPORT,21,CLEAR,3,DARK - LIGHTED,19,BUILDING,CAPITOL PT & 16TH AVN,NASHVILLE,TN,37203,5425,NORTH,36.1605,-86.7965,POINT (-86.7965 36.1605)
20190774400,10/23/2019 07:00:00 AM,2,0,0,,N,191578,11,Front to Rear,21,CLEAR,1,DAYLIGHT,12,MOTOR VEHICLE IN TRANSPORT,MM 218 0 I 40,NASHVILLE,TN,37217,89020,HERMIT,36.1413,-86.667,POINT (-86.667 36.1413)
20190584989,08/06/2019 05:20:00 PM,2,0,0,,N,226424,4,ANGLE,21,CLEAR,1,DAYLIGHT,12,MOTOR VEHICLE IN TRANSPORT,CLARKSVILLE PKE & W SUMMITT AV,NASHVILLE,TN,37218,3161,NORTH,36.195,-86.8334,POINT (-86.8334 36.195)
20190596752,08/10/2019 09:50:00 PM,2,0,0,,Y,330443,5,SIDESWIPE - SAME DIRECTION,21,CLEAR,3,DARK - LIGHTED,12,MOTOR VEHICLE IN TRANSPORT,MM 87 0 I 65,NASHVILLE,TN,37207,18020,EAST,36.2018,-86.7766,POINT (-86.7766 36.2018)
20190920261,12/25/2019 07:27:00 PM,2,1,0,,N,320580,4,ANGLE,21,CLEAR,3,DARK - LIGHTED,12,MOTOR VEHICLE IN TRANSPORT,GREEN ST & CHARLES E DAVIS BLVD,NASHVILLE,TN,37210,8205,HERMIT,36.1532,-86.7618,POINT (-86.7618 36.1532)
20190895095,12/13/2019 08:28:00 PM,1,1,0,,N,384449,0,NOT COLLISION W/MOTOR VEHICLE-TRANSPORT,2,RAIN,2,DARK - NOT LIGHTED,1,,BELL RD & OLD HICKORY BLVD,HERMITAGE,TN,37076,9527,HERMIT,36.169,-86.6006,POINT (-86.6006 36.169)
20190719719,09/29/2019 07:04:00 PM,2,0,0,,N,887592,0,NOT COLLISION W/MOTOR VEHICLE-TRANSPORT,21,CLEAR,3,DARK - LIGHTED,8,PEDESTRIAN,NOLENSVILLE PKE & OLD HICKORY BLVD,NASHVILLE,TN,37211,8717,SOUTH,36.0454,-86.7133,POINT (-86.7133 36.0454)
20190815632,11/09/2019 08:18:00 PM,1,0,0,Y,Y,352166,0,NOT COLLISION W/MOTOR VEHICLE-TRANSPORT,21,CLEAR,2,DARK - NOT LIGHTED,30;40;47,UTILITY POLE;MAIL BOX;FIRE HYDRANT,DUE WEST AVE & CORELAND DR,MADISON,TN,37115,1519,MADISO,36.2479,-86.7189,POINT (-86.7189 36.2479)
20190851911,11/25/2019 07:59:00 AM,2,1,0,,N,665896,11,Front to Rear,21,CLEAR,1,DAYLIGHT,12,MOTOR VEHICLE IN TRANSPORT,ELLINGTON PKWYS & ELLINGTON PKWY S ENT R,NASHVILLE,TN,37207,1996,EAST,36.1828,-86.7615,POINT (-86.7615 36.1828)
20190740206,10/08/2019 04:40:00 PM,2,0,0,,N,714641,11,Front to Rear,21,CLEAR,1,DAYLIGHT,12,MOTOR VEHICLE IN TRANSPORT,LINDSLEY AV & ANTHES DR,NASHVILLE,TN,37210,4003,CENTRA,36.1548,-86.7634,POINT (-86.7634 36.1548)
20190613730,08/17/2019 11:00:00 AM,2,1,0,,N,343522,5,SIDESWIPE - SAME DIRECTION,21,CLEAR,1,DAYLIGHT,12,MOTOR VEHICLE IN TRANSPORT,ANNEX AV & CHARLOTTE PKE,NASHVILLE,TN,37209,5009,WEST,36.14,-86.8818,POINT (-86.8818 36.14)
20190794269,10/31/2019 03:39:00 PM,2,0,0,,Y,151132,6,SIDESWIPE - OPPOSITE DIRECTION,22,CLOUDY,1,DAYLIGHT,12,MOTOR VEHICLE IN TRANSPORT,RIVERGATE MARKETPLACE PVTDR & GALLATIN P,MADISON,TN,37115,1731,MADISO,36.3037,-86.6898,POINT (-86.6898 36.3037)
20190608391,08/15/2019 10:20:00 AM,2,0,0,,N,716886,11,Front to Rear,21,CLEAR,1,DAYLIGHT,12,MOTOR VEHICLE IN TRANSPORT,I24 W EXT RAMP & I 24,NASHVILLE,TN,37211,8829,SOUTH,36.1074,-86.7197,POINT (-86.7197 36.1074)
20190891893,12/12/2019 02:09:00 PM,2,4,0,,N,137872,4,ANGLE,21,CLEAR,1,DAYLIGHT,12,MOTOR VEHICLE IN TRANSPORT,TULIP GROVE RD & WILLESDEN GREEN,HERMITAGE,TN,37076,9513,HERMIT,36.1841,-86.5947,POINT (-86.5947 36.1841)
20190645228,08/29/2019 03:38:00 PM,2,1,0,,N,579971,4,ANGLE,21,CLEAR,1,DAYLIGHT,12,MOTOR VEHICLE IN TRANSPORT,MAXWELL RD & LAVERGNE COUCHVILLE PKE,ANTIOCH,TN,37013,8967,SOUTH,36.0374,-86.5864,POINT (-86.5864 36.0374)
20190620894,08/20/2019 07:37:00 AM,2,1,0,,N,620072,4,ANGLE,21,CLEAR,1,DAYLIGHT,12,MOTOR VEHICLE IN TRANSPORT,BLAIR BLVD & NATCHEZ TRC,NASHVILLE,TN,37212,5909,MIDTOW,36.1315,-86.8118,POINT (-86.8118 36.1315)
20190695117,09/19/2019 07:15:00 AM,2,0,0,,N,676834,11,Front to Rear,21,CLEAR,1,DAYLIGHT,12,MOTOR VEHICLE IN TRANSPORT,ASHLAND CITY HWY & ASHLAND CITY HWY WB E,NASHVILLE,TN,37218,3201,NORTH,36.2101,-86.8731,POINT (-86.8731 36.2101)
20190867375,12/02/2019 04:00:00 PM,2,0,0,,Y,134899,11,Front to Rear,22,CLOUDY,1,DAYLIGHT,12,MOTOR VEHICLE IN TRANSPORT,MCGAVOCK PKE & MUSIC VALLEY DR,NASHVILLE,TN,37214,9213,HERMIT,36.217,-86.6951,POINT (-86.6951 36.217)
20190845880,11/22/2019 09:26:00 AM,1,0,0,,N,306231,0,NOT COLLISION W/MOTOR VEHICLE-TRANSPORT,2,RAIN,1,DAYLIGHT,34;42,DITCH;TREE,EATONS CREEK RD & GRAYS POINT RD,JOELTON,TN,37080,3319,NORTH,36.2881,-86.8936,POINT (-86.8936 36.2881)
20190778989,10/25/2019 12:00:00 AM,1,0,0,Y,N,191572,0,NOT COLLISION W/MOTOR VEHICLE-TRANSPORT,21,CLEAR,3,DARK - LIGHTED,42,TREE,KIRKWOOD AV & 10TH AVS,NASHVILLE,TN,37204,6935,MIDTOW,36.1197,-86.7873,POINT (-86.7873 36.1197)
20190849216,11/23/2019 10:30:00 PM,2,0,0,,Y,352153,4,ANGLE,22,CLOUDY,3,DARK - LIGHTED,13,MOTOR VEHICLE IN TRANSPORT-OTHER ROADWAY,CANE RIDGE RD & STATE HWY 254,ANTIOCH,TN,37013,8721,SOUTH,36.0456,-86.6618,POINT (-86.6618 36.0456)
20190858380,11/27/2019 09:05:00 PM,1,0,0,,N,309262,0,NOT COLLISION W/MOTOR VEHICLE-TRANSPORT,21,CLEAR,2,DARK - NOT LIGHTED,34,DITCH,OLD HICKORY BLVD & MARYDALE DR,NASHVILLE,TN,37207,2025,MADISO,36.2718,-86.7615,POINT (-86.7615 36.2718)
20190759653,10/16/2019 06:30:00 PM,2,0,0,,Y,256386,4,ANGLE,21,CLEAR,3,DARK - LIGHTED,14,PARKED MOTOR VEHICLE,BLACKWOOD DR & STEWARTS FERRY PKE,NASHVILLE,TN,37214,8955,HERMIT,36.1526,-86.6255,POINT (-86.6255 36.1526)
20190763909,10/18/2019 12:40:00 PM,2,0,0,,N,420034,4,ANGLE,21,CLEAR,1,DAYLIGHT,12,MOTOR VEHICLE IN TRANSPORT,CLARKSVILLE PKE & BUENA VISTA PKE,NASHVILLE,TN,37218,3135,NORTH,36.1935,-86.8309,POINT (-86.8309 36.1935)
20190731895,10/04/2019 04:09:00 PM,2,0,0,,N,240955,4,ANGLE,21,CLEAR,1,DAYLIGHT,12,MOTOR VEHICLE IN TRANSPORT,ANDERSON RD & OWENDALE DR,NASHVILLE,TN,37217,8963,HERMIT,36.0739,-86.6236,POINT (-86.6236 36.0739)
20190611655,08/16/2019 12:00:00 AM,2,0,0,,N,298868,11,Front to Rear,21,CLEAR,1,DAYLIGHT,12,MOTOR VEHICLE IN TRANSPORT,MM 2 0 I 440,NASHVILLE,TN,37205,6004,WEST,36.13,-86.8171,POINT (-86.8171 36.13)
20190592513,08/09/2019 07:58:00 AM,3,0,0,,N,299243,4,ANGLE,21,CLEAR,1,DAYLIGHT,12,MOTOR VEHICLE IN TRANSPORT,BROADWAY & 14TH AVS,NASHVILLE,TN,37203,5701,MIDTOW,36.1557,-86.7897,POINT (-86.7897 36.1557)
20190769953,10/21/2019 11:02:00 AM,2,1,0,,N,665896,11,Front to Rear,22,CLOUDY,1,DAYLIGHT,12,MOTOR VEHICLE IN TRANSPORT,MM 90 1 I 65,MADISON,TN,37115,20022,MADISO,36.239,-86.7548,POINT (-86.7548 36.239)
20190642091,08/28/2019 07:48:00 AM,2,0,0,Y,N,462474,4,ANGLE,21,CLEAR,1,DAYLIGHT,12,MOTOR VEHICLE IN TRANSPORT,HOLT RD & HITCHING POST LN,NASHVILLE,TN,37211,8651,MIDTOW,36.0155,-86.7391,POINT (-86.7391 36.0155)
20190673984,09/10/2019 06:19:00 PM,2,0,0,,N,507813,5,SIDESWIPE - SAME DIRECTION,21,CLEAR,1,DAYLIGHT,12,MOTOR VEHICLE IN TRANSPORT,BRILEY PKWYN & BRILEY PKWYS,NASHVILLE,TN,37211,8404,SOUTH,36.1092,-86.727,POINT (-86.727 36.1092)
20190598663,08/11/2019 08:21:00 PM,2,2,0,,N,299241,4,ANGLE,21,CLEAR,7,Dark-Unknown Lighting,12,MOTOR VEHICLE IN TRANSPORT,LEBANON PKE & CENTRAL PKE,HERMITAGE,TN,37076,9601,HERMIT,36.1452,-86.6246,POINT (-86.6246 36.1452)
20190644472,08/29/2019 09:00:00 AM,2,0,0,,N,320575,11,Front to Rear,21,CLEAR,1,DAYLIGHT,12,MOTOR VEHICLE IN TRANSPORT,OLD HICKORY BLVD & EULALA DR,ANTIOCH,TN,37013,8757,SOUTH,36.0454,-86.7036,POINT (-86.7036 36.0454)
20190796496,11/01/2019 03:45:00 PM,2,0,0,,Y,212346,11,Front to Rear,21,CLEAR,1,DAYLIGHT,12,MOTOR VEHICLE IN TRANSPORT,OPRY PL & 5TH AVN,NASHVILLE,TN,37219,4107,CENTRA,36.1619,-86.7793,POINT (-86.7793 36.1619)
20190680767,09/13/2019 07:50:00 AM,2,0,0,,Y,279110,11,Front to Rear,21,CLEAR,1,DAYLIGHT,12,MOTOR VEHICLE IN TRANSPORT,MM 6 3 I 440,NASHVILLE,TN,37210,8304,SOUTH,36.1229,-86.751,POINT (-86.751 36.1229)
20190629071,08/23/2019 02:45:00 AM,2,1,0,,N,352153,11,Front to Rear,21,CLEAR,2,DARK - NOT LIGHTED,12,MOTOR VEHICLE IN TRANSPORT,MM 51 1 I 24,NASHVILLE,TN,37210,81020,SOUTH,36.1315,-86.7272,POINT (-86.7272 36.1315)
20190651687,09/01/2019 02:04:00 AM,1,0,0,,N,320584,0,NOT COLLISION W/MOTOR VEHICLE-TRANSPORT,21,CLEAR,3,DARK - LIGHTED,33,CURB,RICE RD & EDGE O LAKE DR,ANTIOCH,TN,37013,8861,SOUTH,36.0694,-86.6407,POINT (-86.6407 36.0694)
20190815045,11/09/2019 11:30:00 AM,2,0,0,,N,807319,11,Front to Rear,21,CLEAR,1,DAYLIGHT,12,MOTOR VEHICLE IN TRANSPORT,MM 208 4 I 40,NASHVILLE,TN,37203,54024,NORTH,36.165,-86.7943,POINT (-86.7943 36.165)
20190782898,10/26/2019 11:43:00 PM,1,2,0,Y,N,284059,0,NOT COLLISION W/MOTOR VEHICLE-TRANSPORT,21,CLEAR,2,DARK - NOT LIGHTED,24,GUARDRAIL FACE,CLAY LICK RD & UNION HILL RD,WHITES CREEK,TN,37189,3303,NORTH,36.3174,-86.8614,POINT (-86.8614 36.3174)
20190734825,10/06/2019 01:52:00 AM,2,0,0,,N,109531,5,SIDESWIPE - SAME DIRECTION,21,CLEAR,3,DARK - LIGHTED,12,MOTOR VEHICLE IN TRANSPORT,ELLINGTON PKWY N ENT RAMP & I 24,NASHVILLE,TN,37206,1109,EAST,36.172,-86.7675,POINT (-86.7675 36.172)
20190723646,10/01/2019 10:38:00 AM,2,0,0,,N,267831,11,Front to Rear,21,CLEAR,1,DAYLIGHT,12,MOTOR VEHICLE IN TRANSPORT,MM 2 0 I 440,NASHVILLE,TN,37205,6004,WEST,36.13,-86.8171,POINT (-86.8171 36.13)
20190928113,12/29/2019 10:01:00 PM,1,1,0,,N,320599,0,NOT COLLISION W/MOTOR VEHICLE-TRANSPORT,2,RAIN,2,DARK - NOT LIGHTED,24;63,GUARDRAIL FACE;Ran Off Road-Right,MM 51 4 I 24,NASHVILLE,TN,37210,82061,HERMIT,36.1388,-86.7284,POINT (-86.7284 36.1388)
20190639345,08/27/2019 09:39:00 AM,3,0,0,,N,716886,5,SIDESWIPE - SAME DIRECTION,21,CLEAR,1,DAYLIGHT,12,MOTOR VEHICLE IN TRANSPORT,MM 51 2 I 24,NASHVILLE,TN,37210,81020,SOUTH,36.1299,-86.7278,POINT (-86.7278 36.1299)
20190753433,10/14/2019 10:30:00 AM,2,0,0,,N,262757,11,Front to Rear,21,CLEAR,1,DAYLIGHT,12,MOTOR VEHICLE IN TRANSPORT,RAMP & UNKNOWN RAMP,NASHVILLE,TN,37214,8953,HERMIT,36.1398,-86.6662,POINT (-86.6662 36.1398)
20190820854,11/12/2019 06:30:00 AM,1,0,0,,N,384442,0,NOT COLLISION W/MOTOR VEHICLE-TRANSPORT,21,CLEAR,1,DAYLIGHT,43,OTHER FIXED OBJECTS,I440 E ENT RAMP & I 65,NASHVILLE,TN,37204,7018,MIDTOW,36.1138,-86.7719,POINT (-86.7719 36.1138)
20190738133,10/07/2019 07:47:00 PM,2,0,0,,N,909486,4,ANGLE,21,CLEAR,3,DARK - LIGHTED,12,MOTOR VEHICLE IN TRANSPORT,HARDING PL & NOLENSVILLE PKE,NASHVILLE,TN,37211,8705,SOUTH,36.0797,-86.7261,POINT (-86.7261 36.0797)
20190712847,09/26/2019 03:45:00 PM,2,1,0,,N,161948,4,ANGLE,21,CLEAR,1,DAYLIGHT,12,MOTOR VEHICLE IN TRANSPORT,FERNBROOK LN & MCGAVOCK PKE,NASHVILLE,TN,37214,9317,HERMIT,36.1859,-86.6762,POINT (-86.6762 36.1859)
20190689702,09/17/2019 07:40:00 AM,2,0,0,,N,191578,11,Front to Rear,21,CLEAR,1,DAYLIGHT,12,MOTOR VEHICLE IN TRANSPORT,MM 219 9 I 40,HERMITAGE,TN,37076,94021,HERMIT,36.1635,-86.6169,POINT (-86.6169 36.1635)
20190636898,08/26/2019 09:25:00 AM,2,0,0,,N,109495,11,Front to Rear,2,RAIN,1,DAYLIGHT,12,MOTOR VEHICLE IN TRANSPORT,8TH AVS & I65 S ENT RAMP,NASHVILLE,TN,37203,6804,MIDTOW,36.1481,-86.7791,POINT (-86.7791 36.1481)
20190652692,09/01/2019 02:20:00 PM,2,0,0,,N,330443,5,SIDESWIPE - SAME DIRECTION,21,CLEAR,1,DAYLIGHT,12,MOTOR VEHICLE IN TRANSPORT,GALLATIN PKEN & GARNER AV,MADISON,TN,37115,1725,MADISO,36.2698,-86.7105,POINT (-86.7105 36.2698)
20190536468,09/10/2019 08:01:00 AM,2,4,0,Y,N,474557,4,ANGLE,21,CLEAR,1,DAYLIGHT,12,MOTOR VEHICLE IN TRANSPORT,THOMPSON LN & PRESCOTT PL,NASHVILLE,TN,37211,8403,SOUTH,36.1101,-86.7363,POINT (-86.7363 36.1101)
20190894003,12/13/2019 10:21:00 AM,2,0,0,,N,620072,4,ANGLE,22,CLOUDY,1,DAYLIGHT,12,MOTOR VEHICLE IN TRANSPORT,16TH AVS & HORTON AV,NASHVILLE,TN,37212,6621,MIDTOW,36.1403,-86.7944,POINT (-86.7944 36.1403)
20190869976,12/03/2019 03:28:00 PM,2,0,0,,N,240983,11,Front to Rear,21,CLEAR,1,DAYLIGHT,12,MOTOR VEHICLE IN TRANSPORT,MM 53 8 I 24,NASHVILLE,TN,37211,8402,SOUTH,36.1083,-86.7209,POINT (-86.7209 36.1083)
20190788932,10/29/2019 02:54:00 PM,1,0,0,,Y,151132,0,NOT COLLISION W/MOTOR VEHICLE-TRANSPORT,22,CLOUDY,1,DAYLIGHT,36;64,CONCRETE TRAFFIC BARRIER;Ran Off Road-Left,BRILEY PKWYW & BRILEY PKWYE,NASHVILLE,TN,37218,3216,NORTH,36.2254,-86.8638,POINT (-86.8638 36.2254)
20190883278,12/09/2019 09:10:00 AM,2,0,0,,Y,343522,11,Front to Rear,21,CLEAR,1,DAYLIGHT,12,MOTOR VEHICLE IN TRANSPORT,CHARLOTTE PKE PVTDR & BROOKMEADE GRNWY,NASHVILLE,TN,37209,4703,WEST,36.1316,-86.9061,POINT (-86.9061 36.1316)
20190605306,08/14/2019 07:45:00 AM,2,0,0,,N,676834,5,SIDESWIPE - SAME DIRECTION,21,CLEAR,1,DAYLIGHT,12,MOTOR VEHICLE IN TRANSPORT,MM 206 6 I 40,NASHVILLE,TN,37208,53124,NORTH,36.1664,-86.8171,POINT (-86.8171 36.1664)
20190584406,08/06/2019 01:00:00 PM,2,0,0,,N,676834,4,ANGLE,21,CLEAR,1,DAYLIGHT,12,MOTOR VEHICLE IN TRANSPORT,GREAT CIRCLE RD & MAINSTREAM DR,NASHVILLE,TN,37228,4443,NORTH,36.1989,-86.8082,POINT (-86.8082 36.1989)
20190793805,10/31/2019 12:58:00 PM,2,1,0,,N,493304,4,ANGLE,22,CLOUDY,1,DAYLIGHT,12,MOTOR VEHICLE IN TRANSPORT,GALLATIN PKES & DUE WEST AVW,MADISON,TN,37115,1519,MADISO,36.2475,-86.7207,POINT (-86.7207 36.2475)
20190719326,09/29/2019 02:03:00 PM,2,0,0,,N,320592,5,SIDESWIPE - SAME DIRECTION,21,CLEAR,1,DAYLIGHT,12,MOTOR VEHICLE IN TRANSPORT,MM 210 6 I 40,NASHVILLE,TN,37210,8202,HERMIT,36.1526,-86.7659,POINT (-86.7659 36.1526)
20190713518,09/26/2019 12:00:00 AM,3,0,0,,Y,256427,11,Front to Rear,21,CLEAR,3,DARK - LIGHTED,12,MOTOR VEHICLE IN TRANSPORT,MM 211 4 I 40,NASHVILLE,TN,37210,8204,HERMIT,36.1517,-86.7525,POINT (-86.7525 36.1517)
20190860159,11/28/2019 10:21:00 PM,1,1,0,,N,212343,0,NOT COLLISION W/MOTOR VEHICLE-TRANSPORT,22,CLOUDY,3,DARK - LIGHTED,8,PEDESTRIAN,INTERSTATE DR & JAMES ROBERTSON PKWY,NASHVILLE,TN,37213,1105,CENTRA,36.1714,-86.769,POINT (-86.769 36.1714)
20190672893,09/10/2019 09:16:00 AM,2,0,0,,N,226586,5,SIDESWIPE - SAME DIRECTION,21,CLEAR,1,DAYLIGHT,12,MOTOR VEHICLE IN TRANSPORT,8TH AVS & CANNERY ROW,NASHVILLE,TN,37203,4023,CENTRA,36.153,-86.7793,POINT (-86.7793 36.153)
20190775587,10/23/2019 04:10:00 PM,1,0,0,,N,384408,0,NOT COLLISION W/MOTOR VEHICLE-TRANSPORT,21,CLEAR,1,DAYLIGHT,18,OTHER OBJECT (NOT FIXED),BRILEY PKWYS & BRILEY PKWYN,NASHVILLE,TN,37218,3212,NORTH,36.2142,-86.8724,POINT (-86.8724 36.2142)
20190759309,10/16/2019 04:27:00 PM,2,1,0,,N,320579,11,Front to Rear,21,CLEAR,1,DAYLIGHT,12,MOTOR VEHICLE IN TRANSPORT,MAIN ST & N 8TH ST,NASHVILLE,TN,37206,1119,EAST,36.1753,-86.7588,POINT (-86.7588 36.1753)
20190867376,12/02/2019 03:54:00 PM,2,0,0,,N,309262,5,SIDESWIPE - SAME DIRECTION,21,CLEAR,1,DAYLIGHT,12,MOTOR VEHICLE IN TRANSPORT,BRILEY PKWY W EXT RAMP & KINSINGTON DR,MADISON,TN,37115,15940,MADISO,36.2377,-86.7331,POINT (-86.7331 36.2377)
20190667089,09/07/2019 03:42:00 PM,2,0,0,,N,256446,11,Front to Rear,21,CLEAR,1,DAYLIGHT,12,MOTOR VEHICLE IN TRANSPORT,MM 59 7 I 24,ANTIOCH,TN,37013,88060,SOUTH,36.0428,-86.6545,POINT (-86.6545 36.0428)
20190695878,09/19/2019 12:00:00 AM,2,0,0,,Y,352164,11,Front to Rear,21,CLEAR,1,DAYLIGHT,12,MOTOR VEHICLE IN TRANSPORT,BELL RD & MT VIEW RD,ANTIOCH,TN,37013,8865,SOUTH,36.05,-86.6496,POINT (-86.6496 36.05)
20190836589,11/18/2019 09:05:00 PM,1,0,0,Y,Y,256391,0,NOT COLLISION W/MOTOR VEHICLE-TRANSPORT,21,CLEAR,3,DARK - LIGHTED,43,OTHER FIXED OBJECTS,REVELS DR & WHITES CREEK PKE,NASHVILLE,TN,37207,3047,NORTH,36.2211,-86.8049,POINT (-86.8049 36.2211)
20190813915,11/08/2019 10:50:00 PM,1,1,0,Y,N,320578,0,NOT COLLISION W/MOTOR VEHICLE-TRANSPORT,21,CLEAR,3,DARK - LIGHTED,24,GUARDRAIL FACE,BELL RD & THE OVERLOOK PVTDR,ANTIOCH,TN,37013,8865,SOUTH,36.056,-86.6421,POINT (-86.6421 36.056)
20190734054,10/05/2019 05:11:00 PM,1,0,0,Y,N,240960,0,NOT COLLISION W/MOTOR VEHICLE-TRANSPORT,21,CLEAR,1,DAYLIGHT,40,MAIL BOX,HAYSBORO AV & GALLATIN PKE,NASHVILLE,TN,37216,1513,EAST,36.2312,-86.7235,POINT (-86.7235 36.2312)
20190912410,12/21/2019 01:38:00 PM,2,0,0,,Y,352164,5,SIDESWIPE - SAME DIRECTION,22,CLOUDY,1,DAYLIGHT,12,MOTOR VEHICLE IN TRANSPORT,ARBOR COMMON & BEECHWOOD TER,ANTIOCH,TN,37013,8753,SOUTH,36.0449,-86.6684,POINT (-86.6684 36.0449)
20190626774,08/22/2019 08:18:00 AM,2,0,0,,N,716886,5,SIDESWIPE - SAME DIRECTION,21,CLEAR,1,DAYLIGHT,12,MOTOR VEHICLE IN TRANSPORT,I24E & I24 W EXT RAMP,NASHVILLE,TN,37210,8102,SOUTH,36.1336,-86.7269,POINT (-86.7269 36.1336)
20190592596,08/09/2019 08:43:00 AM,2,1,0,,N,716886,11,Front to Rear,21,CLEAR,1,DAYLIGHT,12,MOTOR VEHICLE IN TRANSPORT,MM 6 6 I 440,NASHVILLE,TN,37210,81040,SOUTH,36.1243,-86.7447,POINT (-86.7447 36.1243)
20190799174,11/02/2019 09:13:00 PM,3,0,0,,N,212346,11,Front to Rear,21,CLEAR,3,DARK - LIGHTED,12,MOTOR VEHICLE IN TRANSPORT,JEFFERSON ST & OLDHAM ST PVTDR,NASHVILLE,TN,37213,1989,CENTRA,36.176,-86.7803,POINT (-86.7803 36.176)