Accident Number,Date and Time,Number of Motor Vehicles,Number of Injuries,Number of Fatalities,Property Damage,Hit and Run,Reporting Officer,Collision Type Code,Collision Type Description,Weather Code,Weather Description,Illumination Code,Illumination Description,Harmful Code,Harmful Code Description,Street Address,City,State,ZIP,RPA,Precinct,Latitude,Longitude,Mapped Location
20190743245,10/09/2019 08:45:00 PM,2,0,0,,N,256392,4,ANGLE,21,CLEAR,3,DARK - LIGHTED,12,MOTOR VEHICLE IN TRANSPORT,MONROE ST & 9TH AVN,NASHVILLE,TN,37208,4303,NORTH,36.1749,-86.7941,POINT (-86.7941 36.1749)
20190708405,09/24/2019 10:30:00 PM,2,0,0,,N,384419,11,Front to Rear,21,CLEAR,3,DARK - LIGHTED,12,MOTOR VEHICLE IN TRANSPORT,5TH AVS & BROADWAY,NASHVILLE,TN,37203,4089,CENTRA,36.1605,-86.7784,POINT (-86.7784 36.1605)
20190646776,08/30/2019 05:27:00 AM,2,0,0,,Y,161945,5,SIDESWIPE - SAME DIRECTION,21,CLEAR,3,DARK - LIGHTED,12,MOTOR VEHICLE IN TRANSPORT,HARDING PL & TROUSDALE DR,NASHVILLE,TN,37220,8601,MIDTOW,36.0811,-86.7584,POINT (-86.7584 36.0811)
20190875095,12/05/2019 01:07:00 PM,2,1,0,,N,384416,11,Front to Rear,21,CLEAR,1,DAYLIGHT,12,MOTOR VEHICLE IN TRANSPORT,MM 48 9 I 24,NASHVILLE,TN,37213,1104,CENTRA,36.1676,-86.7656,POINT (-86.7656 36.1676)
20190609079,08/15/2019 03:18:00 PM,2,1,0,,Y,420040,11,Front to Rear,21,CLEAR,1,DAYLIGHT,12,MOTOR VEHICLE IN TRANSPORT,OLD HICKORY BLVD & OAKES DR,BRENTWOOD,TN,37027,8623,MIDTOW,36.0408,-86.7735,POINT (-86.7735 36.0408)
20190907076,12/19/2019 05:51:00 AM,2,0,0,,N,256377,11,Front to Rear,21,CLEAR,2,DARK - NOT LIGHTED,12,MOTOR VEHICLE IN TRANSPORT,COUCHVILLE PKE & PULLEY RD,NASHVILLE,TN,37217,8947,HERMIT,36.1176,-86.6597,POINT (-86.6597 36.1176)
20190872949,12/04/2019 04:50:00 PM,2,0,0,,Y,212343,11,Front to Rear,21,CLEAR,5,DUSK,12,MOTOR VEHICLE IN TRANSPORT,MM 49 0 I 24,NASHVILLE,TN,37206,10040,EAST,36.1664,-86.7647,POINT (-86.7647 36.1664)
20190766581,10/19/2019 04:24:00 PM,2,0,0,,N,299266,11,Front to Rear,2,RAIN,1,DAYLIGHT,12,MOTOR VEHICLE IN TRANSPORT,REEVES RD & ANTIOCH PKE,ANTIOCH,TN,37013,8893,SOUTH,36.0655,-86.68,POINT (-86.68 36.0655)
20190914213,12/22/2019 01:01:00 PM,2,1,0,,N,352214,4,ANGLE,2,RAIN,1,DAYLIGHT,12,MOTOR VEHICLE IN TRANSPORT,DR D B TODD JR BLVD & BUCHANAN ST,NASHVILLE,TN,37208,4413,NORTH,36.1805,-86.8112,POINT (-86.8112 36.1805)
20190750233,10/12/2019 09:01:00 PM,2,0,0,,Y,256392,5,SIDESWIPE - SAME DIRECTION,21,CLEAR,3,DARK - LIGHTED,12,MOTOR VEHICLE IN TRANSPORT,ROSA L PARKS BLVD & HUME ST,NASHVILLE,TN,37208,4343,NORTH,36.1788,-86.7952,POINT (-86.7952 36.1788)
20190726969,10/02/2019 05:41:00 PM,2,0,0,,N,151132,4,ANGLE,21,CLEAR,1,DAYLIGHT,12,MOTOR VEHICLE IN TRANSPORT,GALLATIN PKES & MAPLE ST,MADISON,TN,37115,1607,MADISO,36.2617,-86.7124,POINT (-86.7124 36.2617)
20190891053,12/12/2019 07:30:00 AM,2,0,0,,N,420035,4,ANGLE,,,1,DAYLIGHT,12,MOTOR VEHICLE IN TRANSPORT,E CAMPBELL RD & RONNIE RD,MADISON,TN,37115,1759,MADISO,36.2757,-86.7257,POINT (-86.7257 36.2757)
20190793368,10/31/2019 08:13:00 AM,2,0,0,,N,414731,5,SIDESWIPE - SAME DIRECTION,2,RAIN,1,DAYLIGHT,12,MOTOR VEHICLE IN TRANSPORT,ANTIOCH PKE & HAYWOOD LN,ANTIOCH,TN,37013,8899,SOUTH,36.0703,-86.6845,POINT (-86.6845 36.0703)
20190872379,12/04/2019 11:56:00 AM,2,0,0,,N,665896,2,HEAD-ON,21,CLEAR,1,DAYLIGHT,12,MOTOR VEHICLE IN TRANSPORT,E TRINITY LN & AMBROSE AV,NASHVILLE,TN,37207,1853,EAST,36.2046,-86.7484,POINT (-86.7484 36.2046)
20190659213,09/04/2019 08:38:00 AM,2,0,0,,Y,676834,11,Front to Rear,21,CLEAR,1,DAYLIGHT,12,MOTOR VEHICLE IN TRANSPORT,CHARLOTTE AV & FISK ST,NASHVILLE,TN,37203,5401,NORTH,36.1586,-86.7987,POINT (-86.7987 36.1586)
20190724752,10/01/2019 06:25:00 PM,2,0,0,,N,633391,11,Front to Rear,21,CLEAR,1,DAYLIGHT,12,MOTOR VEHICLE IN TRANSPORT,I40 W EXT RAMP & I 40,NASHVILLE,TN,37203,4119,CENTRA,36.1574,-86.79,POINT (-86.79 36.1574)
20190894647,12/13/2019 03:30:00 PM,2,0,0,,N,352195,11,Front to Rear,2,RAIN,1,DAYLIGHT,12,MOTOR VEHICLE IN TRANSPORT,MM 214 0 I 40,NASHVILLE,TN,37217,88020,HERMIT,36.1417,-86.7137,POINT (-86.7137 36.1417)
20190710754,09/25/2019 07:27:00 PM,2,1,0,,N,909486,4,ANGLE,21,CLEAR,3,DARK - LIGHTED,12,MOTOR VEHICLE IN TRANSPORT,HARDING PL & NOLENSVILLE PKE,NASHVILLE,TN,37211,8705,SOUTH,36.0797,-86.7261,POINT (-86.7261 36.0797)
20190668878,09/08/2019 01:20:00 PM,3,1,0,,N,352168,5,SIDESWIPE - SAME DIRECTION,21,CLEAR,1,DAYLIGHT,12,MOTOR VEHICLE IN TRANSPORT,MM 210 2 I 40,NASHVILLE,TN,37203,80021,MIDTOW,36.1493,-86.7736,POINT (-86.7736 36.1493)
20190822637,11/12/2019 09:10:00 PM,2,0,0,,Y,887598,5,SIDESWIPE - SAME DIRECTION,21,CLEAR,3,DARK - LIGHTED,12,MOTOR VEHICLE IN TRANSPORT,ROSA L PARKS BLVD & DOMINICAN DR,NASHVILLE,TN,37208,4403,NORTH,36.1879,-86.7985,POINT (-86.7985 36.1879)
20190876891,12/06/2019 06:46:00 AM,2,0,0,,N,109534,5,SIDESWIPE - SAME DIRECTION,22,CLOUDY,3,DARK - LIGHTED,12,MOTOR VEHICLE IN TRANSPORT,STEWARTS FERRY PKE & LAUER DR,NASHVILLE,TN,37214,9413,HERMIT,36.1571,-86.6339,POINT (-86.6339 36.1571)
20190831842,11/16/2019 06:00:00 PM,2,3,0,,N,330417,4,ANGLE,21,CLEAR,2,DARK - NOT LIGHTED,12,MOTOR VEHICLE IN TRANSPORT,0 WALTON FERRY RD,MADISON,TN,37115,1703,MADISO,36.2639,-86.7044,POINT (-86.7044 36.2639)
20190705020,09/23/2019 03:16:00 PM,2,0,0,,N,384411,11,Front to Rear,22,CLOUDY,1,DAYLIGHT,12,MOTOR VEHICLE IN TRANSPORT,BELL RD & COUCHVILLE PKE,NASHVILLE,TN,37214,8989,HERMIT,36.1121,-86.6303,POINT (-86.6303 36.1121)
20190812871,11/08/2019 01:10:00 PM,2,0,0,,N,226622,4,ANGLE,21,CLEAR,1,DAYLIGHT,12,MOTOR VEHICLE IN TRANSPORT,HIGHWAY 100 & OLD HARDING PKE,NASHVILLE,TN,37221,4807,WEST,36.0445,-86.956,POINT (-86.956 36.0445)
20190881686,12/08/2019 03:00:00 PM,1,1,0,,N,352172,0,NOT COLLISION W/MOTOR VEHICLE-TRANSPORT,21,CLEAR,1,DAYLIGHT,1,,MM 40 8 I 24,WHITES CREEK,TN,37189,3226,NORTH,36.2733,-86.7966,POINT (-86.7966 36.2733)
20190614391,08/17/2019 05:40:00 PM,2,0,0,,Y,306230,5,SIDESWIPE - SAME DIRECTION,21,CLEAR,1,DAYLIGHT,12,MOTOR VEHICLE IN TRANSPORT,ALAMEDA ST & 33RD AVN,NASHVILLE,TN,37209,4557,NORTH,36.1648,-86.8263,POINT (-86.8263 36.1648)
20190885557,12/10/2019 06:50:00 AM,1,0,0,Y,N,191578,0,NOT COLLISION W/MOTOR VEHICLE-TRANSPORT,3,"SLEET, HAIL",4,DAWN,34,DITCH,STEWARTS FERRY PKE & CLOVER BOTTOM PVTDR,NASHVILLE,TN,37214,9407,HERMIT,36.1609,-86.6452,POINT (-86.6452 36.1609)
20190932941,12/31/2019 10:45:00 PM,2,0,0,,Y,507813,11,Front to Rear,21,CLEAR,7,Dark-Unknown Lighting,12,MOTOR VEHICLE IN TRANSPORT,TAMPA DR & HARDING PL,NASHVILLE,TN,37211,8705,SOUTH,36.0827,-86.7105,POINT (-86.7105 36.0827)
20190756827,10/15/2019 05:00:00 PM,2,1,0,Y,Y,212330,4,ANGLE,21,CLEAR,1,DAYLIGHT,12,MOTOR VEHICLE IN TRANSPORT,MM 53 2 I 24,NASHVILLE,TN,37210,83020,SOUTH,36.116,-86.7253,POINT (-86.7253 36.116)
20190844956,11/22/2019 01:00:00 AM,2,0,0,,Y,352209,11,Front to Rear,22,CLOUDY,3,DARK - LIGHTED,14;55,PARKED MOTOR VEHICLE;Motor Vehicle-In-Motion Outside Trafficw,2100 CHARLOTTE AV,NASHVILLE,TN,37209,5339,NORTH,36.1567,-86.8058,POINT (-86.8058 36.1567)
20190827429,11/14/2019 06:02:00 PM,2,0,0,,N,240966,5,SIDESWIPE - SAME DIRECTION,21,CLEAR,3,DARK - LIGHTED,12,MOTOR VEHICLE IN TRANSPORT,DICKERSON PKE & CLEVELAND ST,NASHVILLE,TN,37207,1919,EAST,36.1875,-86.7734,POINT (-86.7734 36.1875)
20190722036,09/30/2019 07:32:00 PM,1,1,0,,Y,212322,0,NOT COLLISION W/MOTOR VEHICLE-TRANSPORT,21,CLEAR,2,DARK - NOT LIGHTED,8,PEDESTRIAN,HAYSTACK LN & ANTIOCH PKE,NASHVILLE,TN,37211,8851,SOUTH,36.0714,-86.6848,POINT (-86.6848 36.0714)
20190788004,10/29/2019 06:27:00 AM,1,0,0,,N,224824,0,NOT COLLISION W/MOTOR VEHICLE-TRANSPORT,21,CLEAR,4,DAWN,18,OTHER OBJECT (NOT FIXED),MM 221 0 I 40,HERMITAGE,TN,37076,9504,HERMIT,36.1702,-86.5982,POINT (-86.5982 36.1702)
20190617182,08/19/2019 12:17:00 AM,2,0,0,,N,320584,5,SIDESWIPE - SAME DIRECTION,21,CLEAR,3,DARK - LIGHTED,12,MOTOR VEHICLE IN TRANSPORT,HARDING PL & I24 W ENT RAMP,NASHVILLE,TN,37211,8889,SOUTH,36.0868,-86.6977,POINT (-86.6977 36.0868)
20190640288,08/27/2019 05:00:00 PM,2,0,0,,Y,256444,4,ANGLE,21,CLEAR,1,DAYLIGHT,12,MOTOR VEHICLE IN TRANSPORT,LAFAYETTE ST & ASH ST,NASHVILLE,TN,37210,4005,CENTRA,36.1521,-86.7721,POINT (-86.7721 36.1521)
20190796757,11/01/2019 05:25:00 PM,2,0,0,,Y,299253,11,Front to Rear,21,CLEAR,1,DAYLIGHT,12,MOTOR VEHICLE IN TRANSPORT,DOUGLAS AV & EMMETT AV,NASHVILLE,TN,37206,1933,EAST,36.1931,-86.7487,POINT (-86.7487 36.1931)
20190912242,12/21/2019 11:00:00 AM,2,0,0,,N,256502,6,SIDESWIPE - OPPOSITE DIRECTION,21,CLEAR,1,DAYLIGHT,12,MOTOR VEHICLE IN TRANSPORT,BUCHANAN ST & 26TH AVN,NASHVILLE,TN,37208,4463,NORTH,36.1804,-86.8192,POINT (-86.8192 36.1804)
20190610986,08/16/2019 09:50:00 AM,2,1,0,,N,716886,5,SIDESWIPE - SAME DIRECTION,21,CLEAR,1,DAYLIGHT,12;24;36,MOTOR VEHICLE IN TRANSPORT;GUARDRAIL FACE;CONCRETE TRAFFIC BARRIER,MM 58 5 I 24,ANTIOCH,TN,37013,87061,SOUTH,36.0527,-86.6719,POINT (-86.6719 36.0527)
20190822617,11/12/2019 08:10:00 PM,1,0,0,Y,N,717341,0,NOT COLLISION W/MOTOR VEHICLE-TRANSPORT,21,CLEAR,3,DARK - LIGHTED,11;34,OTHER ANIMAL;DITCH,BREWER DR & RAYWOOD LN,NASHVILLE,TN,37211,8715,SOUTH,36.0537,-86.7138,POINT (-86.7138 36.0537)
20190685739,09/15/2019 11:50:00 AM,4,1,0,,Y,279206,11,Front to Rear,21,CLEAR,1,DAYLIGHT,12,MOTOR VEHICLE IN TRANSPORT,MM 211 7 I 40,NASHVILLE,TN,37210,82042,HERMIT,36.1499,-86.7483,POINT (-86.7483 36.1499)
20190605587,08/14/2019 09:35:00 AM,2,0,0,,Y,226092,5,SIDESWIPE - SAME DIRECTION,21,CLEAR,1,DAYLIGHT,12,MOTOR VEHICLE IN TRANSPORT,CHARLOTTE AV & DR D B TODD JR BLVD,NASHVILLE,TN,37203,5505,MIDTOW,36.1581,-86.8,POINT (-86.8 36.1581)
20190711881,09/26/2019 06:43:00 AM,2,0,0,,N,226673,11,Front to Rear,21,CLEAR,1,DAYLIGHT,12,MOTOR VEHICLE IN TRANSPORT,JAMES ROBERTSON PKWY & 7TH AVN,NASHVILLE,TN,37219,4203,CENTRA,36.1679,-86.7863,POINT (-86.7863 36.1679)
20190841777,11/20/2019 06:45:00 PM,2,0,0,,Y,256394,11,Front to Rear,21,CLEAR,1,DAYLIGHT,12,MOTOR VEHICLE IN TRANSPORT,MM 209 3 I 40,NASHVILLE,TN,37203,40041,CENTRA,36.1537,-86.7878,POINT (-86.7878 36.1537)
20190695840,09/19/2019 01:09:00 PM,2,0,0,,N,191578,4,ANGLE,21,CLEAR,1,DAYLIGHT,12,MOTOR VEHICLE IN TRANSPORT,MURFREESBORO PKE & NASHBORO BLVD,ANTIOCH,TN,37013,8891,SOUTH,36.0869,-86.6487,POINT (-86.6487 36.0869)
20190782872,10/26/2019 12:00:00 AM,2,0,0,,N,299248,4,ANGLE,21,CLEAR,3,DARK - LIGHTED,12,MOTOR VEHICLE IN TRANSPORT,SPENCE LN & MURFREESBORO PKE,NASHVILLE,TN,37217,8815,HERMIT,36.1359,-86.725,POINT (-86.725 36.1359)
20190753474,10/14/2019 11:07:00 AM,1,0,0,,N,320592,0,NOT COLLISION W/MOTOR VEHICLE-TRANSPORT,21,CLEAR,1,DAYLIGHT,11,OTHER ANIMAL,MM 220 0 I 40,HERMITAGE,TN,37076,94021,HERMIT,36.1643,-86.6157,POINT (-86.6157 36.1643)
20190794226,10/31/2019 04:39:00 PM,2,2,0,,N,345098,2,HEAD-ON,22,CLOUDY,1,DAYLIGHT,12,MOTOR VEHICLE IN TRANSPORT,4500 CLARKSVILLE PKE,NASHVILLE,TN,37218,3219,NORTH,36.2319,-86.8326,POINT (-86.8326 36.2319)
20190744838,10/10/2019 12:17:00 PM,2,0,0,,N,223502,5,SIDESWIPE - SAME DIRECTION,21,CLEAR,1,DAYLIGHT,12,MOTOR VEHICLE IN TRANSPORT,I440 W ENT RAMP & I 440,NASHVILLE,TN,37210,81021,SOUTH,36.1259,-86.7322,POINT (-86.7322 36.1259)
20190687631,09/16/2019 11:45:00 AM,2,0,0,,N,584947,11,Front to Rear,21,CLEAR,1,DAYLIGHT,12,MOTOR VEHICLE IN TRANSPORT,BLACKMAN RD & TIMBERDALE DR,NASHVILLE,TN,37211,8611,MIDTOW,36.0744,-86.7433,POINT (-86.7433 36.0744)
20190897058,12/14/2019 07:35:00 PM,3,0,0,,N,320585,11,Front to Rear,21,CLEAR,2,DARK - NOT LIGHTED,12,MOTOR VEHICLE IN TRANSPORT,BRILEY PKWYN & OPRY MILLS DR,NASHVILLE,TN,37214,9294,HERMIT,36.1969,-86.6878,POINT (-86.6878 36.1969)
20190888300,12/11/2019 07:00:00 AM,2,0,0,,N,384398,5,SIDESWIPE - SAME DIRECTION,21,CLEAR,1,DAYLIGHT,12,MOTOR VEHICLE IN TRANSPORT,MM 62 1 I 24,ANTIOCH,TN,37013,8806,SOUTH,36.0195,-86.626,POINT (-86.626 36.0195)
20190850756,11/24/2019 06:29:00 PM,1,1,0,,N,320597,0,NOT COLLISION W/MOTOR VEHICLE-TRANSPORT,21,CLEAR,2,DARK - NOT LIGHTED,30,UTILITY POLE,RURAL HILL RD & WILLOW POINTE PVTDR,ANTIOCH,TN,37013,8861,SOUTH,36.054,-86.6529,POINT (-86.6529 36.054)
20190638958,08/27/2019 07:07:00 AM,2,0,0,,N,716886,11,Front to Rear,21,CLEAR,1,DAYLIGHT,12,MOTOR VEHICLE IN TRANSPORT,MM 62 1 I 24,ANTIOCH,TN,37013,8806,SOUTH,36.0195,-86.626,POINT (-86.626 36.0195)
20190607857,08/15/2019 06:15:00 AM,2,0,0,,N,352209,11,Front to Rear,21,CLEAR,1,DAYLIGHT,12,MOTOR VEHICLE IN TRANSPORT,MM 49 4 I 24,NASHVILLE,TN,37206,10040,EAST,36.1613,-86.7604,POINT (-86.7604 36.1613)
20190932175,12/31/2019 04:00:00 PM,2,2,0,,N,330417,4,ANGLE,21,CLEAR,1,DAYLIGHT,12,MOTOR VEHICLE IN TRANSPORT,STATE RT 45 & RIO VISTA DR,MADISON,TN,37115,1705,MADISO,36.2628,-86.681,POINT (-86.681 36.2628)
20190792020,10/30/2019 06:41:00 PM,3,2,0,,N,256389,11,Front to Rear,2,RAIN,1,DAYLIGHT,12,MOTOR VEHICLE IN TRANSPORT,MM 1 9 I 440,NASHVILLE,TN,37205,6004,WEST,36.1308,-86.8176,POINT (-86.8176 36.1308)
20190595700,08/10/2019 01:20:00 PM,2,2,0,,N,240952,11,Front to Rear,21,CLEAR,1,DAYLIGHT,12,MOTOR VEHICLE IN TRANSPORT,MURFREESBORO PKE & MOUNTAIN SPRINGS RD,ANTIOCH,TN,37013,8927,SOUTH,36.0478,-86.6121,POINT (-86.6121 36.0478)
20190812818,11/08/2019 12:17:00 PM,2,0,0,,N,352164,11,Front to Rear,21,CLEAR,1,DAYLIGHT,12,MOTOR VEHICLE IN TRANSPORT,FIRESTONE PKWY & OLD HICKORY BLVD,ANTIOCH,TN,37013,8869,SOUTH,36.0168,-86.6199,POINT (-86.6199 36.0168)
20190899776,12/16/2019 08:55:00 AM,2,0,0,,N,226092,4,ANGLE,2,RAIN,1,DAYLIGHT,12,MOTOR VEHICLE IN TRANSPORT,12TH AVN & HERMAN ST,NASHVILLE,TN,37203,5421,NORTH,36.1672,-86.7964,POINT (-86.7964 36.1672)
20190735921,10/06/2019 03:00:00 PM,2,1,0,,N,197054,0,NOT COLLISION W/MOTOR VEHICLE-TRANSPORT,2,RAIN,1,DAYLIGHT,12;36,MOTOR VEHICLE IN TRANSPORT;CONCRETE TRAFFIC BARRIER,MM 216 0 I 40,NASHVILLE,TN,37217,89020,HERMIT,36.142,-86.6779,POINT (-86.6779 36.142)
20190862769,11/30/2019 04:00:00 AM,1,0,0,Y,Y,352164,0,NOT COLLISION W/MOTOR VEHICLE-TRANSPORT,21,CLEAR,2,DARK - NOT LIGHTED,34,DITCH,300 TUSCULUM RD,NASHVILLE,TN,37211,8715,SOUTH,36.0581,-86.7029,POINT (-86.7029 36.0581)
20190864969,12/01/2019 12:20:00 PM,2,0,0,,Y,352179,2,HEAD-ON,21,CLEAR,1,DAYLIGHT,14;55,PARKED MOTOR VEHICLE;Motor Vehicle-In-Motion Outside Trafficw,3400 DOVERSIDE DR,NASHVILLE,TN,37207,2011,MADISO,36.2426,-86.7582,POINT (-86.7582 36.2426)
20190856040,11/26/2019 12:00:00 AM,1,0,0,,N,384448,0,NOT COLLISION W/MOTOR VEHICLE-TRANSPORT,2,RAIN,2,DARK - NOT LIGHTED,63;72,Ran Off Road-Right;EMBANKMENT ROCK/STONE/CONCRETE,OLD HICKORY BLVD & GAUCHO ROAD PVTDR,NASHVILLE,TN,37221,6213,WEST,36.0543,-86.8997,POINT (-86.8997 36.0543)
20190717243,09/28/2019 11:26:00 AM,4,2,0,,N,693102,11,Front to Rear,21,CLEAR,1,DAYLIGHT,12,MOTOR VEHICLE IN TRANSPORT,MM 214 4 I 40,NASHVILLE,TN,37210,90061,HERMIT,36.1431,-86.7063,POINT (-86.7063 36.1431)
20190675547,09/11/2019 08:35:00 AM,2,1,0,,N,676834,5,SIDESWIPE - SAME DIRECTION,21,CLEAR,1,DAYLIGHT,12,MOTOR VEHICLE IN TRANSPORT,DOMINICAN DR & ROSA L PARKS BLVD,NASHVILLE,TN,37228,4445,NORTH,36.1879,-86.7985,POINT (-86.7985 36.1879)
20190771878,10/22/2019 06:54:00 AM,2,0,0,,Y,544481,11,Front to Rear,21,CLEAR,4,DAWN,12,MOTOR VEHICLE IN TRANSPORT,ELLINGTON PKWYS & ELLINGTON PKWY S EXT R,NASHVILLE,TN,37207,18960,EAST,36.1953,-86.7527,POINT (-86.7527 36.1953)
20190600179,08/12/2019 10:35:00 AM,2,1,0,,N,716886,11,Front to Rear,21,CLEAR,1,DAYLIGHT,12,MOTOR VEHICLE IN TRANSPORT,MURFREESBORO PKE & EZELL PKE,NASHVILLE,TN,37217,8841,SOUTH,36.1057,-86.6719,POINT (-86.6719 36.1057)
20190729643,10/03/2019 06:39:00 PM,2,0,0,,Y,579971,4,ANGLE,21,CLEAR,5,DUSK,12,MOTOR VEHICLE IN TRANSPORT,ANTIOCH PKE & REEVES RD,ANTIOCH,TN,37013,8893,SOUTH,36.0655,-86.68,POINT (-86.68 36.0655)
20190651159,08/31/2019 08:22:00 PM,2,0,0,,N,320599,5,SIDESWIPE - SAME DIRECTION,21,CLEAR,2,DARK - NOT LIGHTED,12,MOTOR VEHICLE IN TRANSPORT,I40 E EXT RAMP & OLD HICKORY BLVD,HERMITAGE,TN,37076,9527,HERMIT,36.1696,-86.601,POINT (-86.601 36.1696)
20190878036,12/06/2019 04:00:00 PM,2,0,0,,N,381709,4,ANGLE,22,CLOUDY,5,DUSK,12,MOTOR VEHICLE IN TRANSPORT,8TH AVS & KOREAN VETERANS BLVD,NASHVILLE,TN,37203,4043,CENTRA,36.1549,-86.7792,POINT (-86.7792 36.1549)
20190824994,11/13/2019 06:00:00 PM,2,0,0,,N,256379,11,Front to Rear,21,CLEAR,3,DARK - LIGHTED,12,MOTOR VEHICLE IN TRANSPORT,NOLENSVILLE PKE & WOODYCREST AV,NASHVILLE,TN,37211,8041,MIDTOW,36.1312,-86.7562,POINT (-86.7562 36.1312)
20190609353,08/15/2019 05:15:00 PM,3,1,0,,N,352195,11,Front to Rear,21,CLEAR,1,DAYLIGHT,12,MOTOR VEHICLE IN TRANSPORT,MM 218 6 I 40,NASHVILLE,TN,37214,89062,HERMIT,36.1523,-86.6347,POINT (-86.6347 36.1523)
20190603941,08/13/2019 05:53:00 PM,1,0,0,,N,267831,0,NOT COLLISION W/MOTOR VEHICLE-TRANSPORT,22,CLOUDY,1,DAYLIGHT,39,WALL,BRILEY PKWY S EXT RAMP & I40 W ENT RAMP,NASHVILLE,TN,37209,46120,WEST,36.1558,-86.8585,POINT (-86.8585 36.1558)
20190783601,10/27/2019 09:58:00 AM,2,6,1,,N,109527,2,HEAD-ON,22,CLOUDY,1,DAYLIGHT,12,MOTOR VEHICLE IN TRANSPORT,BELL RD & STEWARTS FERRY PKE,NASHVILLE,TN,37214,8959,HERMIT,36.1522,-86.6251,POINT (-86.6251 36.1522)
20190663921,09/06/2019 07:08:00 AM,4,3,0,,N,902543,11,Front to Rear,21,CLEAR,1,DAYLIGHT,12,MOTOR VEHICLE IN TRANSPORT,I65 S EXT RAMP & BRILEY PKWY E EXT RAMP,NASHVILLE,TN,37216,18800,EAST,36.239,-86.7447,POINT (-86.7447 36.239)
20190717373,09/28/2019 01:20:00 PM,1,1,0,Y,N,343522,0,NOT COLLISION W/MOTOR VEHICLE-TRANSPORT,21,CLEAR,1,DAYLIGHT,17;38,BOULDER;FENCE,OLD HICKORY BLVD & RIDGELAKE PKWY,NASHVILLE,TN,37205,4903,WEST,36.0974,-86.9249,POINT (-86.9249 36.0974)
20190778141,10/24/2019 05:15:00 PM,2,0,0,,N,212346,11,Front to Rear,21,CLEAR,1,DAYLIGHT,12,MOTOR VEHICLE IN TRANSPORT,CHARLOTTE AV & GEORGE L DAVIS BLVD,NASHVILLE,TN,37203,4205,CENTRA,36.1612,-86.7927,POINT (-86.7927 36.1612)
20190850221,11/24/2019 11:35:00 AM,3,0,0,,N,352179,11,Front to Rear,21,CLEAR,1,DAYLIGHT,12,MOTOR VEHICLE IN TRANSPORT,STATE HWY 45 & RAMP,NASHVILLE,TN,37207,2133,MADISO,36.2693,-86.7562,POINT (-86.7562 36.2693)
20190585958,08/06/2019 08:43:00 PM,2,1,0,,Y,166477,11,Front to Rear,2,RAIN,3,DARK - LIGHTED,12,MOTOR VEHICLE IN TRANSPORT,BRILEY PKWYN & I24 W EXT RAMP,NASHVILLE,TN,37211,8829,SOUTH,36.1099,-86.7203,POINT (-86.7203 36.1099)
20190634207,08/25/2019 01:30:00 AM,1,0,0,,N,209173,0,NOT COLLISION W/MOTOR VEHICLE-TRANSPORT,21,CLEAR,2,DARK - NOT LIGHTED,30,UTILITY POLE,MCCRORY LN & AVONDALE PARK BLVD,NASHVILLE,TN,37221,4801,WEST,36.0665,-86.9977,POINT (-86.9977 36.0665)
20190772816,10/22/2019 02:44:00 PM,4,1,0,,Y,256389,11,Front to Rear,21,CLEAR,1,DAYLIGHT,12,MOTOR VEHICLE IN TRANSPORT,MM 1 1 I 440,NASHVILLE,TN,37203,5624,MIDTOW,36.1447,-86.8222,POINT (-86.8222 36.1447)
20190884401,12/09/2019 05:58:00 PM,2,0,0,,Y,717341,4,ANGLE,22,CLOUDY,3,DARK - LIGHTED,14,PARKED MOTOR VEHICLE,FRANKLIN LIMESTONE RD & ANTIOCH PKE,ANTIOCH,TN,37013,8899,SOUTH,36.0808,-86.6845,POINT (-86.6845 36.0808)
20190874239,12/05/2019 06:30:00 AM,2,0,0,,N,660929,11,Front to Rear,21,CLEAR,1,DAYLIGHT,12,MOTOR VEHICLE IN TRANSPORT,600 HARDING PL,NASHVILLE,TN,37211,8503,MIDTOW,36.0776,-86.7402,POINT (-86.7402 36.0776)
20190754067,10/14/2019 03:30:00 PM,2,0,0,,N,330435,4,ANGLE,21,CLEAR,1,DAYLIGHT,12,MOTOR VEHICLE IN TRANSPORT,W TRINITY LN & I65 N ENT RAMP,NASHVILLE,TN,37207,1863,EAST,36.2063,-86.7735,POINT (-86.7735 36.2063)
20190900129,12/16/2019 12:16:00 PM,1,0,0,,N,414731,0,NOT COLLISION W/MOTOR VEHICLE-TRANSPORT,22,CLOUDY,1,DAYLIGHT,24,GUARDRAIL FACE,I24 E ENT RAMP & I24 E ENT RAMP,ANTIOCH,TN,37013,8751,SOUTH,36.0446,-86.6594,POINT (-86.6594 36.0446)
20190888857,12/11/2019 11:51:00 AM,2,0,0,,N,137872,11,Front to Rear,21,CLEAR,1,DAYLIGHT,12,MOTOR VEHICLE IN TRANSPORT,ELM HILL PKE & MCGAVOCK PKE,NASHVILLE,TN,37214,9115,HERMIT,36.1528,-86.6834,POINT (-86.6834 36.1528)
20190888532,12/11/2019 08:49:00 AM,2,0,0,,N,812949,11,Front to Rear,21,CLEAR,1,DAYLIGHT,12,MOTOR VEHICLE IN TRANSPORT,STATE HWY 155 & DRAKES BRANCH RD,NASHVILLE,TN,37218,3216,NORTH,36.2283,-86.8567,POINT (-86.8567 36.2283)
20190690934,09/17/2019 05:29:00 PM,3,0,0,,N,197435,11,Front to Rear,21,CLEAR,1,DAYLIGHT,12,MOTOR VEHICLE IN TRANSPORT,DICKERSON PKE & HOMESTEAD RD,NASHVILLE,TN,37216,1805,EAST,36.2351,-86.7584,POINT (-86.7584 36.2351)