Accident Number,Date and Time,Number of Motor Vehicles,Number of Injuries,Number of Fatalities,Property Damage,Hit and Run,Reporting Officer,Collision Type Code,Collision Type Description,Weather Code,Weather Description,Illumination Code,Illumination Description,Harmful Code,Harmful Code Description,Street Address,City,State,ZIP,RPA,Precinct,Latitude,Longitude,Mapped Location
20190737226,10/07/2019 10:26:00 AM,2,0,0,,Y,109534,11,Front to Rear,22,CLOUDY,1,DAYLIGHT,12;99,MOTOR VEHICLE IN TRANSPORT;UNKNOWN MOST HARMFUL EVENT,BRILEY PKWY & VULTEE BLVD,NASHVILLE,TN,37217,8998,HERMIT,36.1245,-86.6963,POINT (-86.6963 36.1245)
20190837694,11/19/2019 08:29:00 AM,2,0,0,,N,462474,4,ANGLE,22,CLOUDY,1,DAYLIGHT,12,MOTOR VEHICLE IN TRANSPORT,ELLINGTON CIR & EDMONDSON PIKE,NASHVILLE,TN,37220,8615,MIDTOW,36.0601,-86.7411,POINT (-86.7411 36.0601)
20190828721,11/15/2019 08:20:00 AM,2,1,0,,N,332253,11,Front to Rear,22,CLOUDY,1,DAYLIGHT,12,MOTOR VEHICLE IN TRANSPORT,MM 92 6 I 65,MADISON,TN,37115,1704,MADISO,36.2702,-86.7364,POINT (-86.7364 36.2702)
20190639984,08/27/2019 03:08:00 PM,2,1,0,,N,151132,4,ANGLE,22,CLOUDY,1,DAYLIGHT,12,MOTOR VEHICLE IN TRANSPORT,DUE WEST AVW & S GRAYCROFT AV,MADISON,TN,37115,1799,MADISO,36.2492,-86.7345,POINT (-86.7345 36.2492)
20190893242,12/13/2019 03:02:00 AM,1,0,0,,Y,256376,0,NOT COLLISION W/MOTOR VEHICLE-TRANSPORT,21,CLEAR,3,DARK - LIGHTED,33,CURB,MONROE ST & 10TH AVE N,NASHVILLE,TN,37208,4303,NORTH,36.1746,-86.7952,POINT (-86.7952 36.1746)
20190709517,09/25/2019 08:36:00 AM,2,0,0,,Y,544481,11,Front to Rear,22,CLOUDY,1,DAYLIGHT,12,MOTOR VEHICLE IN TRANSPORT,W TRINITY LN & DICKERSON PKE,NASHVILLE,TN,37207,1829,EAST,36.2059,-86.7692,POINT (-86.7692 36.2059)
20190759203,10/16/2019 02:59:00 PM,2,0,0,,Y,429193,4,ANGLE,21,CLEAR,1,DAYLIGHT,12,MOTOR VEHICLE IN TRANSPORT,CHARLOTTE PK & I 40 W ENTRANCE RAMP,NASHVILLE,TN,37209,4677,WEST,36.1304,-86.8999,POINT (-86.8999 36.1304)
20190793038,10/31/2019 05:22:00 AM,3,1,0,,N,169414,5,SIDESWIPE - SAME DIRECTION,2,RAIN,3,DARK - LIGHTED,12,MOTOR VEHICLE IN TRANSPORT,MM 54 4 I 24,NASHVILLE,TN,37211,84020,SOUTH,36.1017,-86.7129,POINT (-86.7129 36.1017)
20190710298,09/25/2019 02:02:00 PM,2,0,0,,Y,299257,4,ANGLE,21,CLEAR,1,DAYLIGHT,14,PARKED MOTOR VEHICLE,GRAND AV & 21ST AVS,NASHVILLE,TN,37212,6709,MIDTOW,36.1474,-86.799,POINT (-86.799 36.1474)
20190614050,08/17/2019 03:30:00 PM,2,0,0,,N,206672,5,SIDESWIPE - SAME DIRECTION,21,CLEAR,1,DAYLIGHT,12,MOTOR VEHICLE IN TRANSPORT,4TH AVS & ASH ST,NASHVILLE,TN,37210,4005,CENTRA,36.1523,-86.7716,POINT (-86.7716 36.1523)
20190855549,11/26/2019 04:56:00 PM,2,0,0,,N,151132,11,Front to Rear,2,RAIN,1,DAYLIGHT,12,MOTOR VEHICLE IN TRANSPORT,MYATT DR & MYATT CENTER LN,MADISON,TN,37115,1715,MADISO,36.2468,-86.6694,POINT (-86.6694 36.2468)
20190733763,10/05/2019 01:40:00 PM,2,0,0,,N,902543,4,ANGLE,21,CLEAR,1,DAYLIGHT,12,MOTOR VEHICLE IN TRANSPORT,GATEWOOD AVE & US HWY 31W,NASHVILLE,TN,37207,1865,EAST,36.2002,-86.7699,POINT (-86.7699 36.2002)
20190789652,10/29/2019 08:10:00 PM,2,0,0,,N,279214,11,Front to Rear,21,CLEAR,3,DARK - LIGHTED,12,MOTOR VEHICLE IN TRANSPORT,HILLSBORO PKE & I440 E ENT RAMP,NASHVILLE,TN,37215,6419,MIDTOW,36.1216,-86.8074,POINT (-86.8074 36.1216)
20190846096,11/22/2019 10:49:00 AM,2,0,0,Y,Y,876573,4,ANGLE,22,CLOUDY,1,DAYLIGHT,12,MOTOR VEHICLE IN TRANSPORT,MURFREESBORO PKE & FOREST VIEW DR,ANTIOCH,TN,37013,8865,SOUTH,36.0674,-86.6313,POINT (-86.6313 36.0674)
20190916723,12/23/2019 06:25:00 PM,2,0,0,,N,161939,11,Front to Rear,21,CLEAR,3,DARK - LIGHTED,12,MOTOR VEHICLE IN TRANSPORT,MT VIEW RD & MURFREESBORO PKE,ANTIOCH,TN,37013,8867,SOUTH,36.0543,-86.6186,POINT (-86.6186 36.0543)
20190861643,11/29/2019 03:04:00 PM,2,0,0,,Y,240983,3,REAR-TO-REAR,21,CLEAR,1,DAYLIGHT,14,PARKED MOTOR VEHICLE,MURFREESBORO PKE & HAMILTON CHURCH RD,ANTIOCH,TN,37013,8865,SOUTH,36.0649,-86.6286,POINT (-86.6286 36.0649)
20190593363,08/09/2019 03:08:00 PM,2,0,0,,N,298863,4,ANGLE,21,CLEAR,1,DAYLIGHT,12,MOTOR VEHICLE IN TRANSPORT,8TH AVS & LAFAYETTE ST,NASHVILLE,TN,37203,4043,CENTRA,36.1546,-86.7792,POINT (-86.7792 36.1546)
20190602563,08/13/2019 08:20:00 AM,2,0,0,,N,414668,11,Front to Rear,21,CLEAR,1,DAYLIGHT,12,MOTOR VEHICLE IN TRANSPORT,MM 84 8 I 65,NASHVILLE,TN,37208,43021,NORTH,36.1768,-86.8008,POINT (-86.8008 36.1768)
20190707773,09/24/2019 04:30:00 PM,2,3,0,,N,717341,11,Front to Rear,21,CLEAR,1,DAYLIGHT,12,MOTOR VEHICLE IN TRANSPORT,BLUE HOLE RD & TIMBERLAKE CIR,ANTIOCH,TN,37013,8719,SOUTH,36.0488,-86.6733,POINT (-86.6733 36.0488)
20190647658,08/30/2019 12:45:00 PM,2,0,0,,N,676834,5,SIDESWIPE - SAME DIRECTION,21,CLEAR,1,DAYLIGHT,12,MOTOR VEHICLE IN TRANSPORT,DOMINICAN DR & FRENCH LANDING DR,NASHVILLE,TN,37208,4403,NORTH,36.1884,-86.7963,POINT (-86.7963 36.1884)
20190855217,11/26/2019 02:46:00 PM,2,0,0,,Y,134899,11,Front to Rear,22,CLOUDY,1,DAYLIGHT,12,MOTOR VEHICLE IN TRANSPORT,CENTRAL PKE & OLD HICKORY BLVD,HERMITAGE,TN,37076,9557,HERMIT,36.1736,-86.6021,POINT (-86.6021 36.1736)
20190861380,11/29/2019 02:31:00 PM,2,0,0,,Y,256386,5,SIDESWIPE - SAME DIRECTION,22,CLOUDY,1,DAYLIGHT,12,MOTOR VEHICLE IN TRANSPORT,BELL RD & STEWARTS FERRY PKE,NASHVILLE,TN,37214,8959,HERMIT,36.1522,-86.6251,POINT (-86.6251 36.1522)
20190856278,11/27/2019 12:00:00 AM,1,0,0,,Y,166477,0,NOT COLLISION W/MOTOR VEHICLE-TRANSPORT,2,RAIN,2,DARK - NOT LIGHTED,33;63,CURB;Ran Off Road-Right,PEBBLE CREEK DR & EDGE O LAKE DR,ANTIOCH,TN,37013,8861,SOUTH,36.0723,-86.6468,POINT (-86.6468 36.0723)
20190648817,08/30/2019 08:58:00 PM,2,2,0,,N,298858,11,Front to Rear,21,CLEAR,3,DARK - LIGHTED,12,MOTOR VEHICLE IN TRANSPORT,S 2ND ST & SHELBY AV,NASHVILLE,TN,37213,1007,CENTRA,36.1649,-86.7679,POINT (-86.7679 36.1649)
20190764354,10/18/2019 04:35:00 PM,2,0,0,,N,352184,4,ANGLE,21,CLEAR,1,DAYLIGHT,12,MOTOR VEHICLE IN TRANSPORT,MM 86 8 I 65,NASHVILLE,TN,37207,3002,NORTH,36.1987,-86.7764,POINT (-86.7764 36.1987)
20190679233,09/12/2019 04:54:00 PM,2,4,0,,N,330425,6,SIDESWIPE - OPPOSITE DIRECTION,21,CLEAR,1,DAYLIGHT,12,MOTOR VEHICLE IN TRANSPORT,US HWY 31E & HARRINGTON AVE,MADISON,TN,37115,1605,MADISO,36.2573,-86.7139,POINT (-86.7139 36.2573)
20190636611,08/26/2019 07:01:00 AM,2,2,0,,N,279230,4,ANGLE,2,RAIN,1,DAYLIGHT,12,MOTOR VEHICLE IN TRANSPORT,OAKWOOD FOREST DR & UNA ANTIOCH PIKE,ANTIOCH,TN,37013,8891,SOUTH,36.0781,-86.657,POINT (-86.657 36.0781)
20190843757,11/21/2019 02:29:00 PM,4,0,0,,N,279116,4,ANGLE,22,CLOUDY,1,DAYLIGHT,12,MOTOR VEHICLE IN TRANSPORT,I65 N EXT RAMP & SIDCO DR,NASHVILLE,TN,37220,8601,MIDTOW,36.082,-86.7617,POINT (-86.7617 36.082)
20190892253,12/12/2019 04:26:00 PM,2,0,0,,N,151132,5,SIDESWIPE - SAME DIRECTION,21,CLEAR,5,DUSK,12,MOTOR VEHICLE IN TRANSPORT,MM 93 0 I 65,MADISON,TN,37115,17040,MADISO,36.2752,-86.7354,POINT (-86.7354 36.2752)
20190825204,11/13/2019 09:05:00 PM,2,5,1,,N,717341,4,ANGLE,21,CLEAR,3,DARK - LIGHTED,12,MOTOR VEHICLE IN TRANSPORT,US HWY 41 & HAMILTON CHURCH RD,ANTIOCH,TN,37013,8865,SOUTH,36.0648,-86.6285,POINT (-86.6285 36.0648)
20190755654,10/15/2019 07:08:00 AM,2,0,0,,Y,191578,11,Front to Rear,21,CLEAR,1,DAYLIGHT,12,MOTOR VEHICLE IN TRANSPORT,ROYAL PKWY & PERIMETER PLACE DR,NASHVILLE,TN,37214,9103,HERMIT,36.1494,-86.675,POINT (-86.675 36.1494)
20190734555,10/05/2019 06:59:00 PM,2,0,0,,N,311341,4,ANGLE,21,CLEAR,3,DARK - LIGHTED,12,MOTOR VEHICLE IN TRANSPORT,TODD PREIS DR & SAWYER BROWN RD,NASHVILLE,TN,37221,4811,WEST,36.0711,-86.9471,POINT (-86.9471 36.0711)
20190821869,11/12/2019 03:05:00 PM,2,0,0,,N,420040,4,ANGLE,21,CLEAR,1,DAYLIGHT,12,MOTOR VEHICLE IN TRANSPORT,MUSIC SQ E & SOUTH ST,NASHVILLE,TN,37203,6723,MIDTOW,36.148,-86.7923,POINT (-86.7923 36.148)
20190750672,10/13/2019 12:00:00 AM,2,0,0,,Y,110094,98,OTHER,21,CLEAR,9,UNKNOWN,14,PARKED MOTOR VEHICLE,4TH AVS & 4TH AVN,NASHVILLE,TN,37203,4091,CENTRA,36.1607,-86.777,POINT (-86.777 36.1607)
20190754660,10/14/2019 10:09:00 PM,1,0,0,,N,256411,0,NOT COLLISION W/MOTOR VEHICLE-TRANSPORT,21,CLEAR,3,DARK - LIGHTED,33,CURB,HEIMAN ST & 14TH AVE N,NASHVILLE,TN,37208,4473,NORTH,36.1733,-86.8022,POINT (-86.8022 36.1733)
20190851057,11/24/2019 10:02:00 PM,2,1,0,,N,179606,4,ANGLE,21,CLEAR,3,DARK - LIGHTED,12,MOTOR VEHICLE IN TRANSPORT,WEDGEWOOD AV & 8TH AVS,NASHVILLE,TN,37204,6919,MIDTOW,36.1343,-86.7796,POINT (-86.7796 36.1343)
20190916400,12/23/2019 03:49:00 PM,2,0,0,,N,279208,11,Front to Rear,21,CLEAR,1,DAYLIGHT,12,MOTOR VEHICLE IN TRANSPORT,MM 209 2 I 40,NASHVILLE,TN,37203,4002,CENTRA,36.1553,-86.7889,POINT (-86.7889 36.1553)
20190856634,11/27/2019 05:16:00 AM,2,2,0,,N,909497,4,ANGLE,2,RAIN,7,Dark-Unknown Lighting,12,MOTOR VEHICLE IN TRANSPORT,ANDREW JACKSON PKWY & SAUNDERSVILLE RD,HERMITAGE,TN,37076,9715,HERMIT,36.2256,-86.5978,POINT (-86.5978 36.2256)
20190782518,10/26/2019 07:09:00 PM,2,0,0,,N,299267,4,ANGLE,21,CLEAR,3,DARK - LIGHTED,12,MOTOR VEHICLE IN TRANSPORT,ORLEANS DR & WEST END AV,NASHVILLE,TN,37212,5819,MIDTOW,36.1393,-86.8189,POINT (-86.8189 36.1393)
20190693116,09/18/2019 11:44:00 AM,2,0,0,,N,384439,11,Front to Rear,21,CLEAR,1,DAYLIGHT,12,MOTOR VEHICLE IN TRANSPORT,THOMPSON LN & GRANDVIEW AV,NASHVILLE,TN,37211,8519,MIDTOW,36.111,-86.7471,POINT (-86.7471 36.111)
20190666555,09/07/2019 09:15:00 AM,2,0,0,Y,N,299247,6,SIDESWIPE - OPPOSITE DIRECTION,21,CLEAR,1,DAYLIGHT,14,PARKED MOTOR VEHICLE,MAGNUM DR & ALBEE DR,HERMITAGE,TN,37076,9561,HERMIT,36.1786,-86.6117,POINT (-86.6117 36.1786)
20190795555,11/01/2019 07:20:00 AM,2,0,0,,N,224824,11,Front to Rear,21,CLEAR,1,DAYLIGHT,12,MOTOR VEHICLE IN TRANSPORT,I40 W EXT RAMP & I 40,NASHVILLE,TN,37203,4119,CENTRA,36.1574,-86.79,POINT (-86.79 36.1574)
20190838501,11/19/2019 03:10:00 PM,2,0,0,,N,151132,4,ANGLE,21,CLEAR,1,DAYLIGHT,12,MOTOR VEHICLE IN TRANSPORT,DUE WEST AVW & GIBSON DR,MADISON,TN,37115,1789,MADISO,36.2482,-86.7236,POINT (-86.7236 36.2482)
20190698064,09/20/2019 09:52:00 AM,2,0,0,,Y,222047,11,Front to Rear,21,CLEAR,1,DAYLIGHT,12,MOTOR VEHICLE IN TRANSPORT,WOODLAND POINTE DR & BELL RD,NASHVILLE,TN,37214,8943,HERMIT,36.1227,-86.6305,POINT (-86.6305 36.1227)
20190620738,08/20/2019 06:44:00 AM,2,1,0,,N,553957,98,OTHER,21,CLEAR,1,DAYLIGHT,12,MOTOR VEHICLE IN TRANSPORT,MASSMAN DR & METCOM CENTER PVTDR,NASHVILLE,TN,37210,9037,HERMIT,36.1458,-86.7125,POINT (-86.7125 36.1458)
20190727201,10/02/2019 05:10:00 PM,2,1,0,,Y,320581,11,Front to Rear,21,CLEAR,1,DAYLIGHT,12,MOTOR VEHICLE IN TRANSPORT,28TH AVN & BOOKER ST,NASHVILLE,TN,37208,5309,NORTH,36.1607,-86.819,POINT (-86.819 36.1607)
20190724447,10/01/2019 05:19:00 PM,2,0,0,,N,320599,4,ANGLE,22,CLOUDY,1,DAYLIGHT,12,MOTOR VEHICLE IN TRANSPORT,I40 W ENT RAMP & I 40,NASHVILLE,TN,37210,9007,HERMIT,36.1484,-86.7454,POINT (-86.7454 36.1484)
20190863447,11/30/2019 04:29:00 PM,2,1,0,,N,256446,11,Front to Rear,2,RAIN,5,DUSK,12,MOTOR VEHICLE IN TRANSPORT,I24 E EXT RAMP & I 24,NASHVILLE,TN,37207,30080,NORTH,36.2378,-86.7872,POINT (-86.7872 36.2378)
20190590102,08/08/2019 12:47:00 PM,2,0,0,,N,420059,11,Front to Rear,21,CLEAR,1,DAYLIGHT,12,MOTOR VEHICLE IN TRANSPORT,HARDING PL & COVENTRY DR,NASHVILLE,TN,37211,8609,MIDTOW,36.0789,-86.7284,POINT (-86.7284 36.0789)
20190922128,12/26/2019 05:10:00 PM,2,0,0,,Y,179582,5,SIDESWIPE - SAME DIRECTION,21,CLEAR,3,DARK - LIGHTED,55,Motor Vehicle-In-Motion Outside Trafficw,NOLENSVILLE PKE & FAIRLANE DR,NASHVILLE,TN,37211,8711,SOUTH,36.0645,-86.7172,POINT (-86.7172 36.0645)
20190829906,11/15/2019 07:35:00 PM,3,1,0,,N,256389,11,Front to Rear,21,CLEAR,3,DARK - LIGHTED,12,MOTOR VEHICLE IN TRANSPORT,WEST END AV & 31ST AVN,NASHVILLE,TN,37212,5815,MIDTOW,36.1426,-86.8155,POINT (-86.8155 36.1426)
20190798400,11/02/2019 01:14:00 PM,2,0,0,,N,591933,11,Front to Rear,21,CLEAR,1,DAYLIGHT,12,MOTOR VEHICLE IN TRANSPORT,MM 60 9 I 24,ANTIOCH,TN,37013,8806,SOUTH,36.0316,-86.6395,POINT (-86.6395 36.0316)
20190819547,11/11/2019 05:08:00 PM,2,0,0,,N,579971,11,Front to Rear,2,RAIN,3,DARK - LIGHTED,12,MOTOR VEHICLE IN TRANSPORT,MM 55 7 I 24,NASHVILLE,TN,37211,86020,SOUTH,36.086,-86.7002,POINT (-86.7002 36.086)
20190714564,09/27/2019 08:30:00 AM,2,1,0,,N,240952,11,Front to Rear,21,CLEAR,1,DAYLIGHT,12,MOTOR VEHICLE IN TRANSPORT,MM 59 7 I 24,ANTIOCH,TN,37013,88060,SOUTH,36.0428,-86.6545,POINT (-86.6545 36.0428)
20190692588,09/18/2019 08:20:00 AM,2,0,0,,Y,420035,11,Front to Rear,21,CLEAR,1,DAYLIGHT,12,MOTOR VEHICLE IN TRANSPORT,E OLD HICKORY BLVD & GALLATIN PKES,MADISON,TN,37115,1607,MADISO,36.2623,-86.7118,POINT (-86.7118 36.2623)
20190655069,09/02/2019 04:00:00 PM,2,0,0,,N,225950,11,Front to Rear,21,CLEAR,1,DAYLIGHT,12,MOTOR VEHICLE IN TRANSPORT,MT VIEW RD & CROSSINGS BLVD,ANTIOCH,TN,37013,8863,SOUTH,36.0455,-86.6473,POINT (-86.6473 36.0455)
20190781639,10/26/2019 06:45:00 AM,2,0,0,,N,110063,11,Front to Rear,2,RAIN,3,DARK - LIGHTED,12,MOTOR VEHICLE IN TRANSPORT,MM 86 7 I 65,NASHVILLE,TN,37207,3002,NORTH,36.1972,-86.7762,POINT (-86.7762 36.1972)
20190660273,09/04/2019 05:55:00 PM,1,0,0,Y,N,256380,0,NOT COLLISION W/MOTOR VEHICLE-TRANSPORT,21,CLEAR,1,DAYLIGHT,18,OTHER OBJECT (NOT FIXED),ROSA L PARKS BLVD & JEFFERSON ST,NASHVILLE,TN,37208,4237,CENTRA,36.1733,-86.7914,POINT (-86.7914 36.1733)
20190775998,10/23/2019 07:55:00 PM,2,2,0,,N,256424,4,ANGLE,21,CLEAR,2,DARK - NOT LIGHTED,12,MOTOR VEHICLE IN TRANSPORT,ANDERSON RD & OWENDALE DR,NASHVILLE,TN,37217,8963,HERMIT,36.0739,-86.6236,POINT (-86.6236 36.0739)
20190726527,10/02/2019 10:44:00 AM,2,0,0,,N,462474,4,ANGLE,21,CLEAR,1,DAYLIGHT,12,MOTOR VEHICLE IN TRANSPORT,ORLEANS DR & ACKLEN AV,NASHVILLE,TN,37212,5817,MIDTOW,36.1393,-86.8177,POINT (-86.8177 36.1393)
20190669997,09/09/2019 05:55:00 AM,2,0,0,,N,175719,5,SIDESWIPE - SAME DIRECTION,21,CLEAR,1,DAYLIGHT,12,MOTOR VEHICLE IN TRANSPORT,BRILEY PKWYE & BRILEY PKWYW,NASHVILLE,TN,37207,20120,MADISO,36.2396,-86.7751,POINT (-86.7751 36.2396)
20190725442,10/02/2019 04:40:00 AM,2,1,0,,N,384402,4,ANGLE,21,CLEAR,3,DARK - LIGHTED,1;12;36,MOTOR VEHICLE IN TRANSPORT;CONCRETE TRAFFIC BARRIER,MM 6 5 I 440,NASHVILLE,TN,37210,81040,SOUTH,36.1242,-86.7451,POINT (-86.7451 36.1242)
20190795465,11/01/2019 06:25:00 AM,2,1,0,,N,311800,11,Front to Rear,21,CLEAR,4,DAWN,12,MOTOR VEHICLE IN TRANSPORT,MM 210 6 I 40,NASHVILLE,TN,37210,8202,HERMIT,36.1526,-86.7659,POINT (-86.7659 36.1526)
20190824136,11/13/2019 12:00:00 AM,2,0,0,,Y,414731,9,UNKNOWN,99,UNKNOWN,9,UNKNOWN,12;99,MOTOR VEHICLE IN TRANSPORT;UNKNOWN MOST HARMFUL EVENT,PICCADILLY ROW & LAMBETH WAY,NASHVILLE,TN,37217,8853,SOUTH,36.0816,-86.6632,POINT (-86.6632 36.0816)
20190684842,09/14/2019 11:00:00 PM,2,0,0,,Y,175719,98,OTHER,21,CLEAR,3,DARK - LIGHTED,14,PARKED MOTOR VEHICLE,JOSEPH AV & HANCOCK ST,NASHVILLE,TN,37207,1963,EAST,36.1843,-86.7724,POINT (-86.7724 36.1843)
20190907315,12/19/2019 07:56:00 AM,2,0,0,,N,474557,4,ANGLE,21,CLEAR,1,DAYLIGHT,12,MOTOR VEHICLE IN TRANSPORT,NOLENSVILLE PKE & WHITSETT RD,NASHVILLE,TN,37210,8317,SOUTH,36.0773,-86.7253,POINT (-86.7253 36.0773)
20190756602,10/15/2019 01:13:00 PM,3,0,0,,N,151132,11,Front to Rear,22,CLOUDY,1,DAYLIGHT,12,MOTOR VEHICLE IN TRANSPORT,NEELYS BEND RD & GALLATIN PKES,MADISON,TN,37115,1783,MADISO,36.2562,-86.7144,POINT (-86.7144 36.2562)
20190835042,11/18/2019 08:15:00 AM,2,0,0,,N,676834,4,ANGLE,21,CLEAR,1,DAYLIGHT,12,MOTOR VEHICLE IN TRANSPORT,CLARKSVILLE PKE & ASHTON AV,NASHVILLE,TN,37218,3115,NORTH,36.1961,-86.8352,POINT (-86.8352 36.1961)
20190855682,11/26/2019 05:40:00 PM,1,0,0,Y,N,134871,0,NOT COLLISION W/MOTOR VEHICLE-TRANSPORT,2,RAIN,3,DARK - LIGHTED,75,Bridge/Overhead Structure,8TH AVS & GLEAVES ST,NASHVILLE,TN,37203,4009,CENTRA,36.1518,-86.7793,POINT (-86.7793 36.1518)
20190712517,09/26/2019 11:50:00 AM,1,0,0,Y,Y,493309,0,NOT COLLISION W/MOTOR VEHICLE-TRANSPORT,22,CLOUDY,1,DAYLIGHT,30,UTILITY POLE,NESBITT LN & GRAYLAND DR,MADISON,TN,37115,1765,MADISO,36.2737,-86.723,POINT (-86.723 36.2737)
20190661376,09/05/2019 07:05:00 AM,2,0,0,,N,109534,11,Front to Rear,21,CLEAR,1,DAYLIGHT,12,MOTOR VEHICLE IN TRANSPORT,FESSLERS LN & RUNDLE AV,NASHVILLE,TN,37210,8215,HERMIT,36.1467,-86.7438,POINT (-86.7438 36.1467)
20190789305,10/29/2019 05:31:00 PM,2,0,0,,N,179606,5,SIDESWIPE - SAME DIRECTION,21,CLEAR,5,DUSK,12,MOTOR VEHICLE IN TRANSPORT,NOLENSVILLE PKE & WOODYCREST AV,NASHVILLE,TN,37211,8041,MIDTOW,36.1312,-86.7562,POINT (-86.7562 36.1312)
20190721404,09/30/2019 02:00:00 PM,2,2,0,,N,226622,4,ANGLE,22,CLOUDY,1,DAYLIGHT,12,MOTOR VEHICLE IN TRANSPORT,WHITE BRIDGE PKE & CHARLOTTE PKE,NASHVILLE,TN,37209,5033,WEST,36.1494,-86.8579,POINT (-86.8579 36.1494)
20190799562,11/03/2019 01:53:00 AM,1,1,0,,N,187882,0,NOT COLLISION W/MOTOR VEHICLE-TRANSPORT,21,CLEAR,3,DARK - LIGHTED,42,TREE,GREENWOOD AV & RIVERSIDE DR,NASHVILLE,TN,37206,1367,EAST,36.188,-86.7255,POINT (-86.7255 36.188)
20190886676,12/10/2019 03:11:00 PM,2,0,0,,N,330428,11,Front to Rear,21,CLEAR,1,DAYLIGHT,12,MOTOR VEHICLE IN TRANSPORT,I 440 & I 40 EXT RAMP,NASHVILLE,TN,37209,5312,NORTH,36.154,-86.8226,POINT (-86.8226 36.154)
20190721160,09/30/2019 12:01:00 PM,2,0,0,,N,414668,11,Front to Rear,22,CLOUDY,1,DAYLIGHT,12,MOTOR VEHICLE IN TRANSPORT,I65 S EXT RAMP & ROSA L PARKS BLVD,NASHVILLE,TN,37208,4403,NORTH,36.1853,-86.7982,POINT (-86.7982 36.1853)
20190793101,10/31/2019 06:44:00 AM,2,0,0,,N,665896,4,ANGLE,2,RAIN,1,DAYLIGHT,12,MOTOR VEHICLE IN TRANSPORT,DICKERSON PKE & EVANSTON AV,NASHVILLE,TN,37207,1911,EAST,36.1908,-86.7729,POINT (-86.7729 36.1908)
20190826883,11/14/2019 02:10:00 PM,2,0,0,,N,151132,4,ANGLE,22,CLOUDY,1,DAYLIGHT,12,MOTOR VEHICLE IN TRANSPORT,GALLATIN PKEN & STATE RT 45,MADISON,TN,37115,1701,MADISO,36.2644,-86.7115,POINT (-86.7115 36.2644)
20190892428,12/12/2019 06:35:00 PM,2,0,0,,N,256426,5,SIDESWIPE - SAME DIRECTION,21,CLEAR,3,DARK - LIGHTED,12,MOTOR VEHICLE IN TRANSPORT,MM 212 6 I 40,NASHVILLE,TN,37210,90040,HERMIT,36.1439,-86.7382,POINT (-86.7382 36.1439)
20190615541,08/18/2019 12:00:00 AM,2,0,0,,Y,311338,5,SIDESWIPE - SAME DIRECTION,21,CLEAR,3,DARK - LIGHTED,14,PARKED MOTOR VEHICLE,10TH AVN & BUCHANAN ST,NASHVILLE,TN,37208,4451,NORTH,36.18,-86.8027,POINT (-86.8027 36.18)
20190583727,08/06/2019 07:40:00 AM,2,1,0,,N,429188,11,Front to Rear,21,CLEAR,1,DAYLIGHT,12,MOTOR VEHICLE IN TRANSPORT,MM 56 1 I 24,NASHVILLE,TN,37211,88100,SOUTH,36.0813,-86.697,POINT (-86.697 36.0813)
20190600826,08/12/2019 03:45:00 PM,2,2,0,,N,717341,4,ANGLE,21,CLEAR,1,DAYLIGHT,12,MOTOR VEHICLE IN TRANSPORT,MURFREESBORO PKE & HAMILTON CHURCH RD,ANTIOCH,TN,37013,8865,SOUTH,36.0649,-86.6286,POINT (-86.6286 36.0649)
20190757831,10/16/2019 02:40:00 AM,2,1,0,,N,384437,4,ANGLE,2,RAIN,3,DARK - LIGHTED,12,MOTOR VEHICLE IN TRANSPORT,COMMERCE ST & 5TH AVN,NASHVILLE,TN,37219,4107,CENTRA,36.1619,-86.7793,POINT (-86.7793 36.1619)
20190813462,11/08/2019 06:13:00 PM,1,0,0,,N,405418,0,NOT COLLISION W/MOTOR VEHICLE-TRANSPORT,21,CLEAR,3,DARK - LIGHTED,50,DEER (ANIMAL),EDMONDSON PKE & BRENTWOOD PL,NASHVILLE,TN,37211,8653,MIDTOW,36.0484,-86.7436,POINT (-86.7436 36.0484)
20190635711,08/25/2019 09:00:00 PM,2,0,0,,N,320582,11,Front to Rear,2,RAIN,2,DARK - NOT LIGHTED,12;14,MOTOR VEHICLE IN TRANSPORT;PARKED MOTOR VEHICLE,HART AV & CLEVELAND ST,NASHVILLE,TN,37206,1943,EAST,36.1838,-86.7558,POINT (-86.7558 36.1838)
20190732140,10/04/2019 03:55:00 PM,2,0,0,,N,352166,5,SIDESWIPE - SAME DIRECTION,21,CLEAR,1,DAYLIGHT,12,MOTOR VEHICLE IN TRANSPORT,HERMITAGE AV & KOREAN VETERANS BLVD,NASHVILLE,TN,37201,4047,CENTRA,36.1583,-86.7719,POINT (-86.7719 36.1583)
20190805588,11/05/2019 01:15:00 PM,2,0,0,,Y,311327,4,ANGLE,21,CLEAR,1,DAYLIGHT,12,MOTOR VEHICLE IN TRANSPORT,BROADMOOR DR & GRINSTEAD PL,NASHVILLE,TN,37216,1839,EAST,36.2296,-86.7305,POINT (-86.7305 36.2296)
20190884287,12/09/2019 04:50:00 PM,2,0,0,,N,161939,11,Front to Rear,22,CLOUDY,1,DAYLIGHT,12,MOTOR VEHICLE IN TRANSPORT,OLD HICKORY BLVD & OWEN DR,ANTIOCH,TN,37013,8869,SOUTH,36.0183,-86.6196,POINT (-86.6196 36.0183)
20190606750,08/14/2019 06:24:00 PM,2,0,0,,N,690942,4,ANGLE,21,CLEAR,1,DAYLIGHT,12,MOTOR VEHICLE IN TRANSPORT,8TH AVS & CANNERY ROW,NASHVILLE,TN,37203,4023,CENTRA,36.153,-86.7793,POINT (-86.7793 36.153)