Accident Number,Date and Time,Number of Motor Vehicles,Number of Injuries,Number of Fatalities,Property Damage,Hit and Run,Reporting Officer,Collision Type Code,Collision Type Description,Weather Code,Weather Description,Illumination Code,Illumination Description,Harmful Code,Harmful Code Description,Street Address,City,State,ZIP,RPA,Precinct,Latitude,Longitude,Mapped Location
20190602682,08/13/2019 09:00:00 AM,2,0,0,,N,665896,5,SIDESWIPE - SAME DIRECTION,21,CLEAR,1,DAYLIGHT,12,MOTOR VEHICLE IN TRANSPORT,MM 89 7 I 65,NASHVILLE,TN,37207,2002,MADISO,36.2365,-86.7618,POINT (-86.7618 36.2365)
20190758319,10/16/2019 08:11:00 AM,3,1,0,,N,140790,11,Front to Rear,21,CLEAR,1,DAYLIGHT,12,MOTOR VEHICLE IN TRANSPORT,MM 219 9 I 40,HERMITAGE,TN,37076,94021,HERMIT,36.1635,-86.6169,POINT (-86.6169 36.1635)
20190794994,11/01/2019 12:29:00 AM,2,0,0,,N,161945,5,SIDESWIPE - SAME DIRECTION,21,CLEAR,3,DARK - LIGHTED,12,MOTOR VEHICLE IN TRANSPORT,OLD HICKORY BLVD & WOODLANDS AV,NASHVILLE,TN,37211,8651,MIDTOW,36.0429,-86.7263,POINT (-86.7263 36.0429)
20190718138,09/28/2019 09:45:00 PM,1,1,0,,N,330445,0,NOT COLLISION W/MOTOR VEHICLE-TRANSPORT,21,CLEAR,3,DARK - LIGHTED,8,PEDESTRIAN,DEMONBREUN ST & MUSIC CIRE,NASHVILLE,TN,37203,6721,MIDTOW,36.1528,-86.79,POINT (-86.79 36.1528)
20190852725,11/25/2019 03:15:00 PM,2,0,0,,N,384402,11,Front to Rear,21,CLEAR,1,DAYLIGHT,12,MOTOR VEHICLE IN TRANSPORT,SMITH SPRINGS RD & ANDERSON RD,NASHVILLE,TN,37217,8931,HERMIT,36.0878,-86.6079,POINT (-86.6079 36.0878)
20190642947,08/28/2019 05:29:00 PM,4,2,0,,N,240955,4,ANGLE,21,CLEAR,1,DAYLIGHT,12,MOTOR VEHICLE IN TRANSPORT,BELL RD & BLUE HOLE RD,ANTIOCH,TN,37013,8719,SOUTH,36.0458,-86.6744,POINT (-86.6744 36.0458)
20190770823,10/21/2019 06:20:00 PM,1,1,0,,N,384449,0,NOT COLLISION W/MOTOR VEHICLE-TRANSPORT,2,RAIN,2,DARK - NOT LIGHTED,24,GUARDRAIL FACE,MM 220 5 I 40,HERMITAGE,TN,37076,89042,HERMIT,36.1691,-86.6064,POINT (-86.6064 36.1691)
20190676197,09/11/2019 01:15:00 PM,2,0,0,,N,109534,5,SIDESWIPE - SAME DIRECTION,21,CLEAR,1,DAYLIGHT,12,MOTOR VEHICLE IN TRANSPORT,MM 210 7 I 40,NASHVILLE,TN,37210,8202,HERMIT,36.1532,-86.7644,POINT (-86.7644 36.1532)
20190757405,10/15/2019 10:20:00 PM,2,0,0,,N,229888,11,Front to Rear,21,CLEAR,3,DARK - LIGHTED,12,MOTOR VEHICLE IN TRANSPORT,MM 48 9 I 24,NASHVILLE,TN,37213,1104,CENTRA,36.1676,-86.7656,POINT (-86.7656 36.1676)
20190889484,12/11/2019 04:47:00 PM,1,1,0,,Y,151132,0,NOT COLLISION W/MOTOR VEHICLE-TRANSPORT,21,CLEAR,5,DUSK,8,PEDESTRIAN,GALLATIN PKES & BERKLEY DR,MADISON,TN,37115,1519,MADISO,36.247,-86.721,POINT (-86.721 36.247)
20190811239,11/07/2019 06:37:00 PM,2,0,0,,N,330440,6,SIDESWIPE - OPPOSITE DIRECTION,21,CLEAR,3,DARK - LIGHTED,12,MOTOR VEHICLE IN TRANSPORT,ROSA L PARKS BLVD & JEFFERSON ST,NASHVILLE,TN,37208,4237,CENTRA,36.1733,-86.7914,POINT (-86.7914 36.1733)
20190780227,10/25/2019 02:52:00 PM,2,1,0,,N,256446,4,ANGLE,2,RAIN,1,DAYLIGHT,12,MOTOR VEHICLE IN TRANSPORT,SMITH SPRINGS PKWY & MT VIEW RD,ANTIOCH,TN,37013,8977,SOUTH,36.0721,-86.5887,POINT (-86.5887 36.0721)
20190895743,12/14/2019 03:15:00 AM,2,1,0,,Y,320583,11,Front to Rear,2,RAIN,3,DARK - LIGHTED,14,PARKED MOTOR VEHICLE,CHURCH ST & 17TH AVN,NASHVILLE,TN,37203,5513,MIDTOW,36.1556,-86.7964,POINT (-86.7964 36.1556)
20190603654,08/13/2019 03:41:00 PM,2,0,0,,N,151132,11,Front to Rear,2,RAIN,1,DAYLIGHT,12,MOTOR VEHICLE IN TRANSPORT,MM 92 0 I 65,MADISON,TN,37115,17280,MADISO,36.2612,-86.7382,POINT (-86.7382 36.2612)
20190742161,10/09/2019 11:38:00 AM,1,0,0,,Y,665896,0,NOT COLLISION W/MOTOR VEHICLE-TRANSPORT,21,CLEAR,1,DAYLIGHT,30,UTILITY POLE,E TRINITY LN & OVERBY RD,NASHVILLE,TN,37207,1857,EAST,36.2053,-86.7598,POINT (-86.7598 36.2053)
20190841152,11/20/2019 01:45:00 PM,2,0,0,,Y,676834,11,Front to Rear,21,CLEAR,1,DAYLIGHT,12,MOTOR VEHICLE IN TRANSPORT,JEFFERSON ST & ROSA L PARKS BLVD,NASHVILLE,TN,37208,4237,CENTRA,36.1733,-86.7914,POINT (-86.7914 36.1733)
20190587733,08/07/2019 05:00:00 PM,2,0,0,,N,330444,11,Front to Rear,21,CLEAR,1,DAYLIGHT,12,MOTOR VEHICLE IN TRANSPORT,WEDGEWOOD AV & 17TH AVS,NASHVILLE,TN,37212,6611,MIDTOW,36.1369,-86.7958,POINT (-86.7958 36.1369)
20190924670,12/27/2019 09:35:00 PM,2,0,0,,N,352169,11,Front to Rear,21,CLEAR,3,DARK - LIGHTED,12,MOTOR VEHICLE IN TRANSPORT,ANDERSON LN & US HWY 31E,MADISON,TN,37115,1761,MADISO,36.2735,-86.7101,POINT (-86.7101 36.2735)
20190725155,10/02/2019 12:35:00 AM,1,1,0,Y,N,191786,0,NOT COLLISION W/MOTOR VEHICLE-TRANSPORT,21,CLEAR,3,DARK - LIGHTED,1;24;27;71,GUARDRAIL FACE;H-WAY TRAFFIC SIGNAL POST;EMBANKMENT EARTH,MM 85 5 I 65,NASHVILLE,TN,37208,4304,CENTRA,36.1888,-86.793,POINT (-86.793 36.1888)
20190826076,11/14/2019 07:05:00 AM,2,0,0,,N,224824,11,Front to Rear,21,CLEAR,1,DAYLIGHT,12,MOTOR VEHICLE IN TRANSPORT,CENTRAL PKE & CRYSTAL SPRING LN,HERMITAGE,TN,37076,9529,HERMIT,36.1743,-86.6108,POINT (-86.6108 36.1743)
20190846495,11/22/2019 03:51:00 PM,2,0,0,,N,240983,11,Front to Rear,22,CLOUDY,1,DAYLIGHT,12,MOTOR VEHICLE IN TRANSPORT,SUNNYWOOD DR & ALTERAS CIR,ANTIOCH,TN,37013,8759,SOUTH,36.0187,-86.7029,POINT (-86.7029 36.0187)
20190725638,10/02/2019 06:42:00 AM,2,2,0,,N,716886,4,ANGLE,21,CLEAR,1,DAYLIGHT,12,MOTOR VEHICLE IN TRANSPORT,OLD HICKORY BLVD & BURKITT RD,ANTIOCH,TN,37013,8771,SOUTH,36.0051,-86.6218,POINT (-86.6218 36.0051)
20190683992,09/14/2019 02:35:00 PM,2,0,0,,N,161939,4,ANGLE,21,CLEAR,1,DAYLIGHT,12,MOTOR VEHICLE IN TRANSPORT,MOUNT VIEW RD & MOUNT VIEW PKWY,ANTIOCH,TN,37013,8863,SOUTH,36.0455,-86.6474,POINT (-86.6474 36.0455)
20190810142,11/07/2019 10:14:00 AM,2,0,0,,N,462474,4,ANGLE,2,RAIN,1,DAYLIGHT,12,MOTOR VEHICLE IN TRANSPORT,HARDING PL & SIDCO DR,NASHVILLE,TN,37220,8601,MIDTOW,36.0819,-86.7612,POINT (-86.7612 36.0819)
20190622100,08/20/2019 04:45:00 PM,2,0,0,,N,267831,11,Front to Rear,21,CLEAR,1,DAYLIGHT,12,MOTOR VEHICLE IN TRANSPORT,HIGHWAY 70S & CROSS TIMBERS DR,NASHVILLE,TN,37221,4811,WEST,36.074,-86.9352,POINT (-86.9352 36.074)
20190725043,10/01/2019 11:27:00 PM,4,0,0,,N,384446,11,Front to Rear,21,CLEAR,3,DARK - LIGHTED,12,MOTOR VEHICLE IN TRANSPORT,MM 61 1 I 24,ANTIOCH,TN,37013,8806,SOUTH,36.0284,-86.636,POINT (-86.636 36.0284)
20190832681,11/17/2019 02:52:00 AM,2,2,0,,N,352163,11,Front to Rear,21,CLEAR,3,DARK - LIGHTED,12;13,MOTOR VEHICLE IN TRANSPORT;MOTOR VEHICLE IN TRANSPORT-OTHER ROADWAY,MM 211 1 I 40,NASHVILLE,TN,37210,8008,HERMIT,36.1539,-86.7571,POINT (-86.7571 36.1539)
20190894609,12/13/2019 12:00:00 AM,2,1,0,,N,197070,11,Front to Rear,2,RAIN,3,DARK - LIGHTED,12,MOTOR VEHICLE IN TRANSPORT,CLARKSVILLE PKE & MCDANIEL ST,NASHVILLE,TN,37208,4415,NORTH,36.1837,-86.8138,POINT (-86.8138 36.1837)
20190857453,11/27/2019 12:25:00 PM,3,0,0,,Y,179602,11,Front to Rear,21,CLEAR,1,DAYLIGHT,12,MOTOR VEHICLE IN TRANSPORT,MM 39 4 I 24,WHITES CREEK,TN,37189,3314,NORTH,36.2912,-86.8102,POINT (-86.8102 36.2912)
20190650318,08/31/2019 01:10:00 PM,2,0,0,,N,262766,6,SIDESWIPE - OPPOSITE DIRECTION,21,CLEAR,1,DAYLIGHT,12;24,MOTOR VEHICLE IN TRANSPORT;GUARDRAIL FACE,MCCRORY LN & NATCHEZ POINTE BLVD,NASHVILLE,TN,37221,4803,WEST,36.0438,-86.9797,POINT (-86.9797 36.0438)
20190590415,08/08/2019 03:15:00 PM,2,0,0,,Y,256383,11,Front to Rear,22,CLOUDY,1,DAYLIGHT,12,MOTOR VEHICLE IN TRANSPORT,MURFREESBORO PKE & OLD MURFREESBORO PKE,NASHVILLE,TN,37217,8849,SOUTH,36.1046,-86.6694,POINT (-86.6694 36.1046)
20190895301,12/13/2019 09:34:00 PM,2,0,0,,N,256377,4,ANGLE,21,CLEAR,2,DARK - NOT LIGHTED,12,MOTOR VEHICLE IN TRANSPORT,ELM HILL PKE & TIMBER VALLEY DR,NASHVILLE,TN,37214,8991,HERMIT,36.1419,-86.64,POINT (-86.64 36.1419)
20190840946,11/20/2019 12:10:00 PM,2,0,0,,N,337277,4,ANGLE,21,CLEAR,1,DAYLIGHT,12,MOTOR VEHICLE IN TRANSPORT,MURPHY RD & WEST END AV EXT RAMP,NASHVILLE,TN,37203,5629,MIDTOW,36.1396,-86.8216,POINT (-86.8216 36.1396)
20190719674,09/29/2019 12:00:00 AM,2,0,0,,N,311333,2,HEAD-ON,21,CLEAR,1,DAYLIGHT,12;14,MOTOR VEHICLE IN TRANSPORT;PARKED MOTOR VEHICLE,MT VIEW RD & TRU LONG DR,ANTIOCH,TN,37013,8977,SOUTH,36.0669,-86.5998,POINT (-86.5998 36.0669)
20190872519,12/04/2019 12:55:00 PM,2,1,0,,N,716886,4,ANGLE,21,CLEAR,1,DAYLIGHT,12,MOTOR VEHICLE IN TRANSPORT,ANTIOCH PKE & RICHARDS RD,ANTIOCH,TN,37013,8899,SOUTH,36.0692,-86.6838,POINT (-86.6838 36.0692)
20190751595,10/13/2019 02:52:00 PM,2,0,0,,N,298863,4,ANGLE,21,CLEAR,1,DAYLIGHT,12,MOTOR VEHICLE IN TRANSPORT,I24 W ENT RAMP & I 24,NASHVILLE,TN,37206,1009,EAST,36.1666,-86.7638,POINT (-86.7638 36.1666)
20190608787,08/15/2019 01:00:00 PM,2,1,0,,N,352202,4,ANGLE,21,CLEAR,1,DAYLIGHT,12,MOTOR VEHICLE IN TRANSPORT,4TH AVS & ELM ST,NASHVILLE,TN,37210,4005,CENTRA,36.1533,-86.7722,POINT (-86.7722 36.1533)
20190894875,12/13/2019 06:10:00 PM,2,1,0,,Y,161939,11,Front to Rear,2,RAIN,3,DARK - LIGHTED,12,MOTOR VEHICLE IN TRANSPORT,MURFREESBORO PKE & OLD HICKORY BLVD,ANTIOCH,TN,37013,8867,SOUTH,36.0413,-86.6051,POINT (-86.6051 36.0413)
20190800891,11/03/2019 06:18:00 PM,1,1,0,,N,433550,0,NOT COLLISION W/MOTOR VEHICLE-TRANSPORT,21,CLEAR,2,DARK - NOT LIGHTED,8,PEDESTRIAN,TRENTON DR & COLUMBUS DR,HERMITAGE,TN,37076,9535,HERMIT,36.2139,-86.5997,POINT (-86.5997 36.2139)
20190763895,10/18/2019 10:39:00 AM,2,0,0,,Y,384403,5,SIDESWIPE - SAME DIRECTION,21,CLEAR,1,DAYLIGHT,12,MOTOR VEHICLE IN TRANSPORT,WEST END AV & 29TH AVN,NASHVILLE,TN,37212,5815,MIDTOW,36.1444,-86.8134,POINT (-86.8134 36.1444)
20190678570,09/12/2019 11:55:00 AM,1,1,0,,N,226622,0,NOT COLLISION W/MOTOR VEHICLE-TRANSPORT,22,CLOUDY,1,DAYLIGHT,41;64,SHRUBBERY;Ran Off Road-Left,OLD CHARLOTTE PKE & OLD CHARLOTTE PKE PV,PEGRAM,TN,37143,4715,WEST,36.1188,-86.9757,POINT (-86.9757 36.1188)
20190683628,09/14/2019 09:38:00 AM,2,0,0,,N,212325,4,ANGLE,21,CLEAR,1,DAYLIGHT,12,MOTOR VEHICLE IN TRANSPORT,GALLATIN PKEN & OLD TIME VILLAGE PVTDR,MADISON,TN,37115,1701,MADISO,36.2638,-86.7117,POINT (-86.7117 36.2638)
20190790791,10/30/2019 07:15:00 AM,2,1,0,,N,405391,4,ANGLE,2,RAIN,1,DAYLIGHT,12,MOTOR VEHICLE IN TRANSPORT,OLD HICKORY BLVD & BELLE VALLEY DR,NASHVILLE,TN,37221,4815,WEST,36.1056,-86.9222,POINT (-86.9222 36.1056)
20190910920,12/20/2019 05:59:00 PM,2,1,0,,N,320582,11,Front to Rear,21,CLEAR,3,DARK - LIGHTED,12,MOTOR VEHICLE IN TRANSPORT,CLEVELAND ST & N 6TH ST,NASHVILLE,TN,37207,1945,EAST,36.1858,-86.7619,POINT (-86.7619 36.1858)
20190815657,11/09/2019 07:10:00 PM,3,0,0,,N,352172,11,Front to Rear,21,CLEAR,2,DARK - NOT LIGHTED,12,MOTOR VEHICLE IN TRANSPORT,OLD HICKORY BLVD & GRANDVILLE BLVD,NASHVILLE,TN,37207,2103,MADISO,36.279,-86.7741,POINT (-86.7741 36.279)
20190824762,11/13/2019 05:07:00 PM,2,0,0,,N,256389,11,Front to Rear,21,CLEAR,3,DARK - LIGHTED,12,MOTOR VEHICLE IN TRANSPORT,MM 210 0 I 40,NASHVILLE,TN,37203,8002,MIDTOW,36.1484,-86.7771,POINT (-86.7771 36.1484)
20190901981,12/17/2019 06:32:00 AM,2,0,0,,N,405447,11,Front to Rear,2,RAIN,1,DAYLIGHT,12,MOTOR VEHICLE IN TRANSPORT,BRENTWOOD HIGHLANDS DR & NOLENSVILLE PKE,NASHVILLE,TN,37211,8651,MIDTOW,36.0356,-86.7134,POINT (-86.7134 36.0356)
20190606634,08/14/2019 05:34:00 PM,2,0,0,,N,151132,11,Front to Rear,21,CLEAR,1,DAYLIGHT,12,MOTOR VEHICLE IN TRANSPORT,OLD HICKORY BLVD & DALEMERE DR,NASHVILLE,TN,37207,2133,MADISO,36.2782,-86.772,POINT (-86.772 36.2782)
20190801110,11/03/2019 09:25:00 PM,1,0,0,,N,352155,0,NOT COLLISION W/MOTOR VEHICLE-TRANSPORT,21,CLEAR,2,DARK - NOT LIGHTED,1,,MM 37 6 I 24,WHITES CREEK,TN,37189,33181,NORTH,36.3105,-86.8277,POINT (-86.8277 36.3105)
20190821741,11/12/2019 02:30:00 PM,1,1,0,,N,223502,0,NOT COLLISION W/MOTOR VEHICLE-TRANSPORT,21,CLEAR,1,DAYLIGHT,8,PEDESTRIAN,NOLENSVILLE PKE & I440 W EXT RAMP,NASHVILLE,TN,37210,8101,SOUTH,36.1242,-86.7518,POINT (-86.7518 36.1242)
20190731854,10/04/2019 04:07:00 PM,2,0,0,,N,267831,98,OTHER,21,CLEAR,1,DAYLIGHT,14,PARKED MOTOR VEHICLE,CENTENNIAL BLVD & CENTENNIAL PL,NASHVILLE,TN,37209,4651,WEST,36.1787,-86.8764,POINT (-86.8764 36.1787)
20190635529,08/25/2019 06:15:00 PM,2,0,0,,N,161948,5,SIDESWIPE - SAME DIRECTION,2,RAIN,3,DARK - LIGHTED,12,MOTOR VEHICLE IN TRANSPORT,MCGAVOCK PKE & MUSIC VALLEY DR,NASHVILLE,TN,37214,9213,HERMIT,36.217,-86.6951,POINT (-86.6951 36.217)
20190791987,10/30/2019 06:13:00 PM,2,0,0,,N,420040,11,Front to Rear,22,CLOUDY,3,DARK - LIGHTED,12,MOTOR VEHICLE IN TRANSPORT,MM 2 5 I 440,NASHVILLE,TN,37215,6008,WEST,36.124,-86.8116,POINT (-86.8116 36.124)
20190761974,10/17/2019 04:47:00 PM,2,1,0,,N,311337,4,ANGLE,21,CLEAR,1,DAYLIGHT,12,MOTOR VEHICLE IN TRANSPORT,ELM HILL PKE & MCCRORY CREEK RD,NASHVILLE,TN,37214,9413,HERMIT,36.1437,-86.6553,POINT (-86.6553 36.1437)
20190786192,10/28/2019 02:00:00 PM,2,0,0,,Y,352164,5,SIDESWIPE - SAME DIRECTION,21,CLEAR,1,DAYLIGHT,12,MOTOR VEHICLE IN TRANSPORT,LAVERGNE COUCHVILLE PKE & PIN HOOK RD,ANTIOCH,TN,37013,8901,SOUTH,36.0463,-86.5825,POINT (-86.5825 36.0463)
20190852360,11/25/2019 12:19:00 PM,2,0,0,,N,226622,11,Front to Rear,21,CLEAR,1,DAYLIGHT,12,MOTOR VEHICLE IN TRANSPORT,MM 194 2 I 40,NASHVILLE,TN,37221,4804,WEST,36.0779,-86.9902,POINT (-86.9902 36.0779)
20190770351,10/21/2019 01:50:00 PM,2,1,0,,N,352156,11,Front to Rear,2,RAIN,1,DAYLIGHT,12,MOTOR VEHICLE IN TRANSPORT,NOLENSVILLE PKE & VERITAS ST,NASHVILLE,TN,37211,8431,SOUTH,36.0971,-86.7382,POINT (-86.7382 36.0971)
20190929670,12/30/2019 01:30:00 PM,2,0,0,,N,343522,11,Front to Rear,21,CLEAR,1,DAYLIGHT,12,MOTOR VEHICLE IN TRANSPORT,I40 E EXT RAMP & I 40,NASHVILLE,TN,37214,8955,HERMIT,36.155,-86.6271,POINT (-86.6271 36.155)
20190915501,12/23/2019 06:40:00 AM,2,0,0,,Y,320601,11,Front to Rear,21,CLEAR,1,DAYLIGHT,12,MOTOR VEHICLE IN TRANSPORT,HARDING PL & I24 W ENT RAMP,NASHVILLE,TN,37211,8889,SOUTH,36.0868,-86.6977,POINT (-86.6977 36.0868)
20190704036,09/23/2019 07:35:00 AM,2,0,0,,N,414668,11,Front to Rear,22,CLOUDY,1,DAYLIGHT,12,MOTOR VEHICLE IN TRANSPORT,MURFREESBORO PKE & MCGAVOCK PKE,NASHVILLE,TN,37217,8841,SOUTH,36.1129,-86.689,POINT (-86.689 36.1129)
20190781681,10/26/2019 07:20:00 AM,3,0,0,,Y,279122,11,Front to Rear,22,CLOUDY,1,DAYLIGHT,12,MOTOR VEHICLE IN TRANSPORT,MM 86 5 I 65,NASHVILLE,TN,37207,3006,NORTH,36.1946,-86.7762,POINT (-86.7762 36.1946)
20190853168,11/25/2019 05:43:00 PM,2,0,0,,N,197070,11,Front to Rear,21,CLEAR,1,DAYLIGHT,14,PARKED MOTOR VEHICLE,10TH AVN & IRELAND ST,NASHVILLE,TN,37208,4229,NORTH,36.1694,-86.7928,POINT (-86.7928 36.1694)
20190734153,10/05/2019 06:35:00 PM,2,4,0,,N,693098,5,SIDESWIPE - SAME DIRECTION,21,CLEAR,3,DARK - LIGHTED,12,MOTOR VEHICLE IN TRANSPORT,WHITE BRIDGE PKE & TARGET PVTDR,NASHVILLE,TN,37205,5019,WEST,36.1295,-86.8546,POINT (-86.8546 36.1295)
20190688035,09/16/2019 12:00:00 AM,2,0,0,,N,212344,4,ANGLE,21,CLEAR,1,DAYLIGHT,12,MOTOR VEHICLE IN TRANSPORT,EASTLAND AV & PORTER RD,NASHVILLE,TN,37206,1305,EAST,36.1824,-86.733,POINT (-86.733 36.1824)
20190870306,12/03/2019 06:00:00 PM,2,2,0,,N,306708,4,ANGLE,21,CLEAR,3,DARK - LIGHTED,12,MOTOR VEHICLE IN TRANSPORT,STATE RT 45 & MCARTHUR DR,MADISON,TN,37115,1705,MADISO,36.2642,-86.6915,POINT (-86.6915 36.2642)
20190809884,11/07/2019 07:47:00 AM,2,0,0,,N,225773,4,ANGLE,2,RAIN,1,DAYLIGHT,12,MOTOR VEHICLE IN TRANSPORT,MELROSE AV & GRANDVIEW AV,NASHVILLE,TN,37211,8343,MIDTOW,36.1205,-86.7504,POINT (-86.7504 36.1205)
20190889690,12/11/2019 06:28:00 PM,3,2,0,,Y,279116,11,Front to Rear,21,CLEAR,3,DARK - LIGHTED,12,MOTOR VEHICLE IN TRANSPORT,MM 78 4 I 65,NASHVILLE,TN,37204,8502,MIDTOW,36.0916,-86.7624,POINT (-86.7624 36.0916)
20190651334,08/31/2019 11:18:00 PM,2,0,0,,Y,197060,2,HEAD-ON,21,CLEAR,3,DARK - LIGHTED,14,PARKED MOTOR VEHICLE,271 GLEAVES ST,GOODLETTSVILLE,TN,37072,1753,MADISO,36.2978,-86.7007,POINT (-86.7007 36.2978)
20190632718,08/24/2019 12:16:00 PM,2,1,0,,N,320586,11,Front to Rear,21,CLEAR,1,DAYLIGHT,12,MOTOR VEHICLE IN TRANSPORT,MM 59 6 I 24,ANTIOCH,TN,37013,88060,SOUTH,36.0438,-86.6561,POINT (-86.6561 36.0438)
20190611323,08/16/2019 12:45:00 PM,3,0,0,,N,665896,4,ANGLE,21,CLEAR,1,DAYLIGHT,12,MOTOR VEHICLE IN TRANSPORT,GALLATIN AV & CHICAMAUGA AV,NASHVILLE,TN,37206,1301,EAST,36.1843,-86.7482,POINT (-86.7482 36.1843)
20190665135,09/06/2019 05:41:00 PM,2,0,0,,Y,579971,11,Front to Rear,21,CLEAR,1,DAYLIGHT,12,MOTOR VEHICLE IN TRANSPORT,OLD HICKORY BLVD & NOLENSVILLE PKE,ANTIOCH,TN,37013,8757,SOUTH,36.0455,-86.7122,POINT (-86.7122 36.0455)
20190653103,09/01/2019 12:00:00 AM,3,1,0,,N,279200,4,ANGLE,21,CLEAR,3,DARK - LIGHTED,12,MOTOR VEHICLE IN TRANSPORT,HERMITAGE AV & KOREAN VETERANS BLVD,NASHVILLE,TN,37201,4047,CENTRA,36.1583,-86.7719,POINT (-86.7719 36.1583)
20190594790,08/10/2019 01:10:00 AM,2,1,0,,Y,311338,4,ANGLE,21,CLEAR,3,DARK - LIGHTED,12,MOTOR VEHICLE IN TRANSPORT,VANTAGE WAY CT & VANTAGE WAY,NASHVILLE,TN,37228,4499,NORTH,36.191,-86.799,POINT (-86.799 36.191)
20190700732,09/21/2019 01:58:00 PM,2,0,0,,N,279116,4,ANGLE,21,CLEAR,1,DAYLIGHT,12,MOTOR VEHICLE IN TRANSPORT,BLAKEMORE AV & NATCHEZ TRC,NASHVILLE,TN,37212,5811,MIDTOW,36.1385,-86.8097,POINT (-86.8097 36.1385)
20190612383,08/16/2019 08:26:00 PM,2,1,0,,N,256448,4,ANGLE,21,CLEAR,3,DARK - LIGHTED,12,MOTOR VEHICLE IN TRANSPORT,STEWARTS FERRY PKE & I40 W EXT RAMP,NASHVILLE,TN,37214,9413,HERMIT,36.1565,-86.6313,POINT (-86.6313 36.1565)
20190585059,08/06/2019 05:53:00 PM,2,0,0,,Y,151132,5,SIDESWIPE - SAME DIRECTION,22,CLOUDY,1,DAYLIGHT,14,PARKED MOTOR VEHICLE,GALLATIN PKES & E OLD HICKORY BLVD,MADISON,TN,37115,1771,MADISO,36.2622,-86.7122,POINT (-86.7122 36.2622)
20190858245,11/27/2019 06:14:00 PM,1,0,0,,N,524985,0,NOT COLLISION W/MOTOR VEHICLE-TRANSPORT,21,CLEAR,2,DARK - NOT LIGHTED,50,DEER (ANIMAL),KINGS LN & CLARKSVILLE PKE,NASHVILLE,TN,37218,3107,NORTH,36.2186,-86.8363,POINT (-86.8363 36.2186)
20190884258,12/09/2019 05:01:00 PM,2,1,0,,N,134871,11,Front to Rear,21,CLEAR,3,DARK - LIGHTED,12,MOTOR VEHICLE IN TRANSPORT,MM 209 6 I 40,NASHVILLE,TN,37203,40040,CENTRA,36.1497,-86.7832,POINT (-86.7832 36.1497)
20190781283,10/26/2019 12:48:00 AM,2,0,0,,N,298871,5,SIDESWIPE - SAME DIRECTION,2,RAIN,3,DARK - LIGHTED,12,MOTOR VEHICLE IN TRANSPORT,MUSIC SQE & ROY ACUFF PL,NASHVILLE,TN,37203,6717,MIDTOW,36.15,-86.7919,POINT (-86.7919 36.15)
20190745294,10/10/2019 04:13:00 PM,2,0,0,,N,330413,11,Front to Rear,22,CLOUDY,1,DAYLIGHT,12,MOTOR VEHICLE IN TRANSPORT,HARDING PL & SIDCO DR,NASHVILLE,TN,37220,8601,MIDTOW,36.0819,-86.7612,POINT (-86.7612 36.0819)
20190627609,08/22/2019 03:07:00 PM,2,0,0,,N,256411,11,Front to Rear,22,CLOUDY,1,DAYLIGHT,12,MOTOR VEHICLE IN TRANSPORT,I40 E EXT RAMP & JEFFERSON ST,NASHVILLE,TN,37208,5321,NORTH,36.1685,-86.814,POINT (-86.814 36.1685)
20190858863,11/28/2019 02:31:00 AM,2,0,0,,N,256377,11,Front to Rear,21,CLEAR,2,DARK - NOT LIGHTED,12,MOTOR VEHICLE IN TRANSPORT,BELL RD & ELM HILL PKE,NASHVILLE,TN,37214,8995,HERMIT,36.1411,-86.628,POINT (-86.628 36.1411)
20190875682,12/05/2019 06:05:00 PM,2,1,0,,N,311344,11,Front to Rear,21,CLEAR,3,DARK - LIGHTED,12,MOTOR VEHICLE IN TRANSPORT,GALLATIN PKEN & RIVERGATE PKWY,MADISON,TN,37115,1731,MADISO,36.2973,-86.6988,POINT (-86.6988 36.2973)
20190693759,09/18/2019 05:31:00 PM,2,0,0,,N,134871,16,Rear to Side,21,CLEAR,1,DAYLIGHT,12,MOTOR VEHICLE IN TRANSPORT,MM 210 5 I 40,NASHVILLE,TN,37210,8202,HERMIT,36.1522,-86.7669,POINT (-86.7669 36.1522)
20190648505,08/30/2019 06:37:00 PM,2,0,0,,Y,256383,5,SIDESWIPE - SAME DIRECTION,21,CLEAR,5,DUSK,12,MOTOR VEHICLE IN TRANSPORT,HAYWOOD LN & EZELL RD,NASHVILLE,TN,37211,8709,SOUTH,36.0696,-86.6944,POINT (-86.6944 36.0696)
20190604115,08/13/2019 06:16:00 PM,2,0,0,,Y,256383,4,ANGLE,2,RAIN,1,DAYLIGHT,12,MOTOR VEHICLE IN TRANSPORT,HAMILTON CHURCH RD & MURFREESBORO PKE,ANTIOCH,TN,37013,8865,SOUTH,36.0645,-86.6288,POINT (-86.6288 36.0645)
20190748438,10/11/2019 10:00:00 PM,2,0,0,,N,384419,11,Front to Rear,2,RAIN,3,DARK - LIGHTED,12,MOTOR VEHICLE IN TRANSPORT,BROADWAY & 8TH AVS,NASHVILLE,TN,37203,4083,CENTRA,36.1589,-86.7821,POINT (-86.7821 36.1589)
20190867657,12/02/2019 05:21:00 PM,3,0,0,,N,299264,11,Front to Rear,21,CLEAR,3,DARK - LIGHTED,12,MOTOR VEHICLE IN TRANSPORT,MM 82 0 I 65,NASHVILLE,TN,37203,80061,MIDTOW,36.1433,-86.7769,POINT (-86.7769 36.1433)