Accident Number,Date and Time,Number of Motor Vehicles,Number of Injuries,Number of Fatalities,Property Damage,Hit and Run,Reporting Officer,Collision Type Code,Collision Type Description,Weather Code,Weather Description,Illumination Code,Illumination Description,Harmful Code,Harmful Code Description,Street Address,City,State,ZIP,RPA,Precinct,Latitude,Longitude,Mapped Location
20190647666,08/30/2019 12:53:00 PM,2,1,0,,N,620072,4,ANGLE,21,CLEAR,1,DAYLIGHT,12,MOTOR VEHICLE IN TRANSPORT,REIDHURST AVE & ELLISTON PL,NASHVILLE,TN,37203,5617,MIDTOW,36.1486,-86.8081,POINT (-86.8081 36.1486)
20190664129,09/06/2019 09:02:00 AM,2,2,0,,N,299249,11,Front to Rear,21,CLEAR,1,DAYLIGHT,12,MOTOR VEHICLE IN TRANSPORT,TULIP GROVE RD & ROCKWOOD DR,HERMITAGE,TN,37076,9557,HERMIT,36.1758,-86.5945,POINT (-86.5945 36.1758)
20190620980,08/20/2019 08:20:00 AM,2,1,0,,N,493309,2,HEAD-ON,21,CLEAR,1,DAYLIGHT,12,MOTOR VEHICLE IN TRANSPORT,DUE WEST AVW & S GRAYCROFT AV,MADISON,TN,37115,1799,MADISO,36.2492,-86.7345,POINT (-86.7345 36.2492)
20190716126,09/27/2019 07:19:00 PM,3,0,0,,Y,298863,11,Front to Rear,21,CLEAR,9,UNKNOWN,12,MOTOR VEHICLE IN TRANSPORT,I40 W EXT RAMP & I 40,NASHVILLE,TN,37203,4119,CENTRA,36.1574,-86.79,POINT (-86.79 36.1574)
20190837708,11/19/2019 08:36:00 AM,2,1,0,Y,N,462474,4,ANGLE,21,CLEAR,1,DAYLIGHT,12,MOTOR VEHICLE IN TRANSPORT,VAULX LN & INVERNESS AVE,NASHVILLE,TN,37204,6931,MIDTOW,36.1239,-86.7813,POINT (-86.7813 36.1239)
20190723371,10/01/2019 08:25:00 AM,2,2,0,,N,320601,4,ANGLE,21,CLEAR,1,DAYLIGHT,12,MOTOR VEHICLE IN TRANSPORT,NOLENSVILLE PKE & STRASSER DR,NASHVILLE,TN,37211,8659,MIDTOW,36.0601,-86.7164,POINT (-86.7164 36.0601)
20190761714,10/17/2019 03:35:00 PM,2,0,0,,N,256391,11,Front to Rear,21,CLEAR,1,DAYLIGHT,12,MOTOR VEHICLE IN TRANSPORT,MM 211 9 I 40,NASHVILLE,TN,37210,90022,HERMIT,36.1487,-86.7459,POINT (-86.7459 36.1487)
20190659356,09/04/2019 08:10:00 AM,2,0,0,,N,429188,11,Front to Rear,21,CLEAR,1,DAYLIGHT,12,MOTOR VEHICLE IN TRANSPORT,MM 6 7 I 440,NASHVILLE,TN,37210,81040,SOUTH,36.1244,-86.7414,POINT (-86.7414 36.1244)
20190751676,10/13/2019 04:25:00 PM,2,0,0,,N,330443,5,SIDESWIPE - SAME DIRECTION,21,CLEAR,1,DAYLIGHT,12,MOTOR VEHICLE IN TRANSPORT,STATE RT 45 & MYATT DR,MADISON,TN,37115,1705,MADISO,36.2641,-86.6903,POINT (-86.6903 36.2641)
20190668962,09/08/2019 02:27:00 PM,3,0,0,,N,256383,11,Front to Rear,21,CLEAR,1,DAYLIGHT,12,MOTOR VEHICLE IN TRANSPORT,HAYWOOD LN & I24 E EXT RAMP,NASHVILLE,TN,37211,8709,SOUTH,36.0691,-86.6911,POINT (-86.6911 36.0691)
20190777047,10/24/2019 08:13:00 AM,2,0,0,,Y,384436,11,Front to Rear,21,CLEAR,1,DAYLIGHT,12,MOTOR VEHICLE IN TRANSPORT,HARDING PL & I24 W ENT RAMP,NASHVILLE,TN,37211,8889,SOUTH,36.0868,-86.6977,POINT (-86.6977 36.0868)
20190593585,08/09/2019 03:05:00 PM,1,0,0,,N,256423,0,NOT COLLISION W/MOTOR VEHICLE-TRANSPORT,21,CLEAR,1,DAYLIGHT,18,OTHER OBJECT (NOT FIXED),MM 43 3 I 24,WHITES CREEK,TN,37189,32260,NORTH,36.2411,-86.7858,POINT (-86.7858 36.2411)
20190928288,12/29/2019 11:56:00 PM,2,0,0,,N,298875,11,Front to Rear,21,CLEAR,3,DARK - LIGHTED,12,MOTOR VEHICLE IN TRANSPORT,MURFREESBORO PKE & AIR FREIGHT BLVD,NASHVILLE,TN,37217,8841,SOUTH,36.1102,-86.6825,POINT (-86.6825 36.1102)
20190902517,12/17/2019 11:52:00 AM,2,0,0,,Y,225773,11,Front to Rear,22,CLOUDY,1,DAYLIGHT,12,MOTOR VEHICLE IN TRANSPORT,I440 E EXT RAMP & I 440,NASHVILLE,TN,37205,5249,WEST,36.1366,-86.8221,POINT (-86.8221 36.1366)
20190901834,12/17/2019 05:56:00 AM,2,0,0,,N,311341,11,Front to Rear,2,RAIN,3,DARK - LIGHTED,12,MOTOR VEHICLE IN TRANSPORT,STATE HWY 155 & EXIT 26B,NASHVILLE,TN,37209,4618,WEST,36.1718,-86.8691,POINT (-86.8691 36.1718)
20190724273,10/01/2019 03:55:00 PM,2,0,0,,N,352172,4,ANGLE,21,CLEAR,1,DAYLIGHT,12,MOTOR VEHICLE IN TRANSPORT,OLD HICKORY BLVD & BELLE FOREST SHOPPING,NASHVILLE,TN,37205,4903,WEST,36.0756,-86.921,POINT (-86.921 36.0756)
20190721802,09/30/2019 04:46:00 PM,2,0,0,,N,179583,11,Front to Rear,21,CLEAR,1,DAYLIGHT,12,MOTOR VEHICLE IN TRANSPORT,MM 6 6 I 440,NASHVILLE,TN,37210,81040,SOUTH,36.1243,-86.7447,POINT (-86.7447 36.1243)
20190625003,08/21/2019 04:30:00 PM,2,1,0,,N,352166,11,Front to Rear,21,CLEAR,1,DAYLIGHT,12,MOTOR VEHICLE IN TRANSPORT,MM 210 7 I 40,NASHVILLE,TN,37210,8202,HERMIT,36.1532,-86.7644,POINT (-86.7644 36.1532)
20190876342,12/06/2019 12:14:00 AM,2,0,0,,Y,352162,11,Front to Rear,21,CLEAR,3,DARK - LIGHTED,14;55,PARKED MOTOR VEHICLE;Motor Vehicle-In-Motion Outside Trafficw,2ND AVN & UNION ST,NASHVILLE,TN,37201,4135,CENTRA,36.1658,-86.7776,POINT (-86.7776 36.1658)
20190723911,10/01/2019 01:00:00 PM,4,1,0,,Y,179580,5,SIDESWIPE - SAME DIRECTION,21,CLEAR,1,DAYLIGHT,12,MOTOR VEHICLE IN TRANSPORT,CHARLOTTE AV & JO JOHNSTON AV,NASHVILLE,TN,37203,5357,NORTH,36.1574,-86.8024,POINT (-86.8024 36.1574)
20190699436,09/20/2019 09:00:00 PM,2,0,0,,Y,298874,9,UNKNOWN,21,CLEAR,9,UNKNOWN,12;14,MOTOR VEHICLE IN TRANSPORT;PARKED MOTOR VEHICLE,PRESTON DR & MCKENNELL DR,NASHVILLE,TN,37206,1351,EAST,36.1912,-86.7175,POINT (-86.7175 36.1912)
20190791232,10/30/2019 11:26:00 AM,5,4,0,,N,352198,5,SIDESWIPE - SAME DIRECTION,2,RAIN,1,DAYLIGHT,12,MOTOR VEHICLE IN TRANSPORT,MM 91 3 I 65,MADISON,TN,37115,2006,MADISO,36.2514,-86.7406,POINT (-86.7406 36.2514)
20190833894,11/17/2019 07:55:00 PM,1,3,0,,N,579971,0,NOT COLLISION W/MOTOR VEHICLE-TRANSPORT,21,CLEAR,3,DARK - LIGHTED,36;63,CONCRETE TRAFFIC BARRIER;Ran Off Road-Right,MM 56 0 I 24,NASHVILLE,TN,37211,8708,SOUTH,36.0818,-86.6975,POINT (-86.6975 36.0818)
20190683096,09/14/2019 02:00:00 AM,2,1,0,Y,Y,309263,11,Front to Rear,21,CLEAR,3,DARK - LIGHTED,12,MOTOR VEHICLE IN TRANSPORT,GALLATIN AV & SHARPE AV,NASHVILLE,TN,37206,1901,EAST,36.1888,-86.7462,POINT (-86.7462 36.1888)
20190782046,10/26/2019 12:44:00 PM,1,0,0,,N,311325,0,NOT COLLISION W/MOTOR VEHICLE-TRANSPORT,2,RAIN,1,DAYLIGHT,34,DITCH,SHUTE LN & MONTCHANIN TER,OLD HICKORY,TN,37138,9717,HERMIT,36.2315,-86.6168,POINT (-86.6168 36.2315)
20190735892,10/06/2019 04:34:00 PM,2,0,0,,N,579971,4,ANGLE,2,RAIN,1,DAYLIGHT,12,MOTOR VEHICLE IN TRANSPORT,UNA ANTIOCH PKE & BILLINGSGATE RD,ANTIOCH,TN,37013,8861,SOUTH,36.0752,-86.6623,POINT (-86.6623 36.0752)
20190845668,11/22/2019 09:22:00 AM,1,1,0,,N,306231,0,NOT COLLISION W/MOTOR VEHICLE-TRANSPORT,2,RAIN,1,DAYLIGHT,24,GUARDRAIL FACE,MM 86 5 I 65,NASHVILLE,TN,37207,3006,NORTH,36.1946,-86.7762,POINT (-86.7762 36.1946)
20190878238,12/06/2019 05:42:00 PM,2,0,0,,N,151132,5,SIDESWIPE - SAME DIRECTION,22,CLOUDY,3,DARK - LIGHTED,12,MOTOR VEHICLE IN TRANSPORT,MM 94 0 I 65,GOODLETTSVILLE,TN,37072,17061,MADISO,36.2879,-86.7259,POINT (-86.7259 36.2879)
20190797337,11/01/2019 11:13:00 PM,1,0,0,Y,N,173951,0,NOT COLLISION W/MOTOR VEHICLE-TRANSPORT,21,CLEAR,3,DARK - LIGHTED,30,UTILITY POLE,BERKLEY DR & ARGLE AV,MADISON,TN,37115,1505,MADISO,36.2456,-86.7157,POINT (-86.7157 36.2456)
20190770541,10/20/2019 12:00:00 AM,2,0,0,,Y,905011,11,Front to Rear,22,CLOUDY,7,Dark-Unknown Lighting,14;99,PARKED MOTOR VEHICLE;UNKNOWN MOST HARMFUL EVENT,23RD AVN & OSAGE ST,NASHVILLE,TN,37208,4467,NORTH,36.1757,-86.8135,POINT (-86.8135 36.1757)
20190584447,08/06/2019 01:20:00 PM,2,0,0,,N,191578,5,SIDESWIPE - SAME DIRECTION,21,CLEAR,1,DAYLIGHT,12,MOTOR VEHICLE IN TRANSPORT,LEBANON PKE & BRILEY PKWYN,NASHVILLE,TN,37214,9121,HERMIT,36.1684,-86.6882,POINT (-86.6882 36.1684)
20190619382,08/19/2019 06:28:00 PM,2,0,0,,Y,151132,11,Front to Rear,21,CLEAR,1,DAYLIGHT,12,MOTOR VEHICLE IN TRANSPORT,GALLATIN PKEN & RIVERCHASE BLVD,MADISON,TN,37115,1721,MADISO,36.3086,-86.6815,POINT (-86.6815 36.3086)
20190714414,09/27/2019 07:24:00 AM,2,0,0,,N,191578,16,Rear to Side,21,CLEAR,1,DAYLIGHT,12,MOTOR VEHICLE IN TRANSPORT,NORWALK DR & BLACKWOOD DR,NASHVILLE,TN,37214,8955,HERMIT,36.1493,-86.6296,POINT (-86.6296 36.1493)
20190884197,12/09/2019 12:00:00 AM,3,0,0,,N,179606,5,SIDESWIPE - SAME DIRECTION,21,CLEAR,3,DARK - LIGHTED,12,MOTOR VEHICLE IN TRANSPORT,I40 E EXT RAMP & I 40,NASHVILLE,TN,37214,8955,HERMIT,36.155,-86.6271,POINT (-86.6271 36.155)
20190585274,08/06/2019 06:10:00 PM,2,0,0,,N,256427,11,Front to Rear,21,CLEAR,1,DAYLIGHT,12,MOTOR VEHICLE IN TRANSPORT,MM 212 3 I 40,NASHVILLE,TN,37210,8206,HERMIT,36.1447,-86.7399,POINT (-86.7399 36.1447)
20190722333,09/30/2019 12:00:00 AM,1,1,0,,N,330441,0,NOT COLLISION W/MOTOR VEHICLE-TRANSPORT,21,CLEAR,2,DARK - NOT LIGHTED,1;63;72,Ran Off Road-Right;EMBANKMENT ROCK/STONE/CONCRETE,MM 82 0 I 65,NASHVILLE,TN,37203,80061,MIDTOW,36.1433,-86.7769,POINT (-86.7769 36.1433)
20190888805,12/11/2019 10:53:00 AM,1,1,0,Y,N,109534,0,NOT COLLISION W/MOTOR VEHICLE-TRANSPORT,21,CLEAR,1,DAYLIGHT,30;63,UTILITY POLE;Ran Off Road-Right,HERMITAGE PARK DR & OLD HICKORY BLVD,HERMITAGE,TN,37076,9543,HERMIT,36.166,-86.5985,POINT (-86.5985 36.166)
20190807316,11/06/2019 07:30:00 AM,2,0,0,,N,665896,11,Front to Rear,21,CLEAR,1,DAYLIGHT,12,MOTOR VEHICLE IN TRANSPORT,SPRING ST ENT RAMP & ELLINGTON PKWYS,NASHVILLE,TN,37207,1977,EAST,36.178,-86.7641,POINT (-86.7641 36.178)
20190849074,11/23/2019 09:15:00 PM,2,0,0,,N,240985,11,Front to Rear,2,RAIN,3,DARK - LIGHTED,12,MOTOR VEHICLE IN TRANSPORT,STONE BROOK DR & OLD HICKORY BLVD,BRENTWOOD,TN,37027,8623,MIDTOW,36.0409,-86.7794,POINT (-86.7794 36.0409)
20190911471,12/21/2019 12:15:00 AM,2,0,0,,N,256495,4,ANGLE,21,CLEAR,3,DARK - LIGHTED,12,MOTOR VEHICLE IN TRANSPORT,CLARKSVILLE PKE & ROSA L PARKS BLVD,NASHVILLE,TN,37228,4483,NORTH,36.1889,-86.8231,POINT (-86.8231 36.1889)
20190828644,11/15/2019 07:30:00 AM,2,0,0,,N,223502,11,Front to Rear,21,CLEAR,1,DAYLIGHT,12,MOTOR VEHICLE IN TRANSPORT,MM 6 3 I 440,NASHVILLE,TN,37210,8304,SOUTH,36.1229,-86.751,POINT (-86.751 36.1229)
20190820987,11/12/2019 07:54:00 AM,2,0,0,,N,311804,4,ANGLE,21,CLEAR,1,DAYLIGHT,14,PARKED MOTOR VEHICLE,2ND AVN & CHURCH ST,NASHVILLE,TN,37201,4133,CENTRA,36.1646,-86.7769,POINT (-86.7769 36.1646)
20190601383,08/12/2019 09:09:00 PM,1,0,0,,N,717341,0,NOT COLLISION W/MOTOR VEHICLE-TRANSPORT,21,CLEAR,3,DARK - LIGHTED,7,,WAIKIKI BLVD & SUGARCANE LN,ANTIOCH,TN,37013,8899,SOUTH,36.0734,-86.6786,POINT (-86.6786 36.0734)
20190826689,11/14/2019 04:00:00 AM,2,0,0,,N,384445,6,SIDESWIPE - OPPOSITE DIRECTION,21,CLEAR,9,UNKNOWN,14,PARKED MOTOR VEHICLE,LOUISIANA AV & 56TH AVN,NASHVILLE,TN,37209,4611,WEST,36.1619,-86.8556,POINT (-86.8556 36.1619)
20190736672,10/07/2019 03:45:00 AM,1,0,0,,N,299245,0,NOT COLLISION W/MOTOR VEHICLE-TRANSPORT,2,RAIN,3,DARK - LIGHTED,36,CONCRETE TRAFFIC BARRIER,MM 49 1 I 24,NASHVILLE,TN,37206,10040,EAST,36.1647,-86.7634,POINT (-86.7634 36.1647)
20190872708,12/04/2019 02:14:00 PM,2,0,0,,N,161946,11,Front to Rear,21,CLEAR,1,DAYLIGHT,12,MOTOR VEHICLE IN TRANSPORT,ELLINGTON PKWY N EXT RAMP & ELLINGTON PK,NASHVILLE,TN,37207,18982,EAST,36.2046,-86.7497,POINT (-86.7497 36.2046)
20190758241,10/16/2019 07:30:00 AM,2,1,0,,N,279122,11,Front to Rear,21,CLEAR,1,DAYLIGHT,12,MOTOR VEHICLE IN TRANSPORT,MM 87 0 I 65,NASHVILLE,TN,37207,18020,EAST,36.2018,-86.7766,POINT (-86.7766 36.2018)
20190756739,10/15/2019 03:27:00 PM,2,0,0,,N,206676,5,SIDESWIPE - SAME DIRECTION,21,CLEAR,1,DAYLIGHT,12,MOTOR VEHICLE IN TRANSPORT,MADISON ST & DUVAL CT,MADISON,TN,37115,1781,MADISO,36.2586,-86.7145,POINT (-86.7145 36.2586)
20190836336,11/18/2019 04:30:00 PM,2,0,0,,Y,384408,5,SIDESWIPE - SAME DIRECTION,21,CLEAR,9,UNKNOWN,12,MOTOR VEHICLE IN TRANSPORT,MM 211 4 I 40,NASHVILLE,TN,37210,8204,HERMIT,36.1517,-86.7525,POINT (-86.7525 36.1517)
20190712166,09/26/2019 09:12:00 AM,2,0,0,,N,109534,11,Front to Rear,21,CLEAR,1,DAYLIGHT,12,MOTOR VEHICLE IN TRANSPORT,LEBANON PKE & MCGAVOCK PKE,NASHVILLE,TN,37214,9201,HERMIT,36.1694,-86.6799,POINT (-86.6799 36.1694)
20190760301,10/17/2019 01:35:00 AM,1,0,0,,Y,256376,0,NOT COLLISION W/MOTOR VEHICLE-TRANSPORT,21,CLEAR,3,DARK - LIGHTED,39,WALL,MM 85 4 I 65,NASHVILLE,TN,37208,43042,NORTH,36.1875,-86.7947,POINT (-86.7947 36.1875)
20190886136,12/10/2019 11:04:00 AM,2,0,0,,Y,279230,5,SIDESWIPE - SAME DIRECTION,2,RAIN,1,DAYLIGHT,14,PARKED MOTOR VEHICLE,1300 ANTIOCH PKE,NASHVILLE,TN,37211,8847,SOUTH,36.0875,-86.6921,POINT (-86.6921 36.0875)
20190813130,11/08/2019 03:50:00 PM,2,0,0,,N,311328,4,ANGLE,21,CLEAR,1,DAYLIGHT,12,MOTOR VEHICLE IN TRANSPORT,ELM ST & 3RD AVS,NASHVILLE,TN,37210,4005,CENTRA,36.1537,-86.7712,POINT (-86.7712 36.1537)
20190918196,12/24/2019 11:25:00 AM,2,2,0,,N,320575,2,HEAD-ON,21,CLEAR,1,DAYLIGHT,12,MOTOR VEHICLE IN TRANSPORT,BRILEY PKWY N ENT RAMP & BRILEY PKWYN,NASHVILLE,TN,37209,45065,WEST,36.1584,-86.8635,POINT (-86.8635 36.1584)
20190909884,12/20/2019 07:45:00 AM,2,0,0,,N,676834,11,Front to Rear,21,CLEAR,1,DAYLIGHT,12,MOTOR VEHICLE IN TRANSPORT,I40 E ENT RAMP & I 40,NASHVILLE,TN,37205,4903,WEST,36.1109,-86.922,POINT (-86.922 36.1109)
20190798081,11/02/2019 12:00:00 AM,1,0,0,Y,Y,352164,0,NOT COLLISION W/MOTOR VEHICLE-TRANSPORT,21,CLEAR,1,DAYLIGHT,34,DITCH,WOODYCREST AV & HERRON DR,NASHVILLE,TN,37210,8125,SOUTH,36.1331,-86.7521,POINT (-86.7521 36.1331)
20190837482,11/19/2019 06:39:00 AM,2,0,0,,Y,109534,11,Front to Rear,2,RAIN,3,DARK - LIGHTED,12;99,MOTOR VEHICLE IN TRANSPORT;UNKNOWN MOST HARMFUL EVENT,MM 211 8 I 40,NASHVILLE,TN,37210,90022,HERMIT,36.149,-86.7465,POINT (-86.7465 36.149)
20190861666,11/29/2019 04:40:00 PM,2,0,0,,Y,256427,5,SIDESWIPE - SAME DIRECTION,21,CLEAR,5,DUSK,12,MOTOR VEHICLE IN TRANSPORT,MM 211 7 I 40,NASHVILLE,TN,37210,82042,HERMIT,36.1499,-86.7483,POINT (-86.7483 36.1499)
20190692657,09/18/2019 09:11:00 AM,2,0,0,,N,225886,11,Front to Rear,21,CLEAR,1,DAYLIGHT,12,MOTOR VEHICLE IN TRANSPORT,MM 211 8 I 40,NASHVILLE,TN,37210,90022,HERMIT,36.149,-86.7465,POINT (-86.7465 36.149)
20190908907,12/19/2019 09:39:00 PM,2,1,0,,Y,320585,11,Front to Rear,21,CLEAR,2,DARK - NOT LIGHTED,12,MOTOR VEHICLE IN TRANSPORT,I40 W ENT RAMP & I 40,NASHVILLE,TN,37210,9007,HERMIT,36.1484,-86.7454,POINT (-86.7454 36.1484)
20190810413,11/07/2019 12:40:00 PM,1,1,0,,N,693093,0,NOT COLLISION W/MOTOR VEHICLE-TRANSPORT,2,RAIN,1,DAYLIGHT,8,PEDESTRIAN,OLD HICKORY BLVD & DALEMERE DR,NASHVILLE,TN,37207,2025,MADISO,36.2783,-86.7722,POINT (-86.7722 36.2783)
20190674093,09/10/2019 07:25:00 PM,2,0,0,,N,714641,0,NOT COLLISION W/MOTOR VEHICLE-TRANSPORT,21,CLEAR,3,DARK - LIGHTED,18,OTHER OBJECT (NOT FIXED),KOREAN VETERANS BLVD & DOWNTOWN GRNWY,NASHVILLE,TN,37201,4049,CENTRA,36.1592,-86.7702,POINT (-86.7702 36.1592)
20190638033,08/26/2019 08:15:00 PM,2,0,0,,Y,420040,11,Front to Rear,21,CLEAR,3,DARK - LIGHTED,12;14,MOTOR VEHICLE IN TRANSPORT;PARKED MOTOR VEHICLE,BELMONT BLVD & COMPTON AV,NASHVILLE,TN,37212,6603,MIDTOW,36.131,-86.7956,POINT (-86.7956 36.131)
20190847435,11/23/2019 12:15:00 AM,3,3,0,,Y,330414,11,Front to Rear,21,CLEAR,3,DARK - LIGHTED,12,MOTOR VEHICLE IN TRANSPORT,STATE HWY 155 & EXIT 14A,MADISON,TN,37115,1598,MADISO,36.2345,-86.7183,POINT (-86.7183 36.2345)
20190756576,10/15/2019 02:45:00 PM,2,0,0,,N,384436,4,ANGLE,21,CLEAR,1,DAYLIGHT,12,MOTOR VEHICLE IN TRANSPORT,CHESTER AV & GALLATIN AV,NASHVILLE,TN,37206,1363,EAST,36.195,-86.7432,POINT (-86.7432 36.195)
20190609515,08/15/2019 06:59:00 PM,2,2,0,,N,330412,4,ANGLE,21,CLEAR,1,DAYLIGHT,12,MOTOR VEHICLE IN TRANSPORT,DUE WEST AVN & DICKERSON PKE,MADISON,TN,37115,2019,MADISO,36.2562,-86.7572,POINT (-86.7572 36.2562)
20190685229,09/15/2019 04:45:00 AM,1,0,0,,N,298859,0,NOT COLLISION W/MOTOR VEHICLE-TRANSPORT,21,CLEAR,3,DARK - LIGHTED,41,SHRUBBERY,MM 218 5 I 40,NASHVILLE,TN,37214,9404,HERMIT,36.1522,-86.6352,POINT (-86.6352 36.1522)
20190793107,10/31/2019 06:55:00 AM,2,0,0,,N,226622,11,Front to Rear,2,RAIN,3,DARK - LIGHTED,12,MOTOR VEHICLE IN TRANSPORT,HARDING PKE & HIGHWAY 100,NASHVILLE,TN,37205,6209,WEST,36.0997,-86.8714,POINT (-86.8714 36.0997)
20190837513,11/19/2019 06:46:00 AM,2,0,0,,N,352164,11,Front to Rear,21,CLEAR,1,DAYLIGHT,12,MOTOR VEHICLE IN TRANSPORT,MM 61 2 I 24,ANTIOCH,TN,37013,87040,SOUTH,36.028,-86.6359,POINT (-86.6359 36.028)
20190704573,09/23/2019 12:07:00 PM,2,3,0,,N,665896,4,ANGLE,21,CLEAR,1,DAYLIGHT,12,MOTOR VEHICLE IN TRANSPORT,RAMSEY ST & NEILL AV,NASHVILLE,TN,37206,1999,EAST,36.1766,-86.7587,POINT (-86.7587 36.1766)
20190690509,09/17/2019 02:05:00 PM,2,1,0,,N,594473,2,HEAD-ON,21,CLEAR,1,DAYLIGHT,12,MOTOR VEHICLE IN TRANSPORT,BATTERY LN & FRANKLIN PKE,NASHVILLE,TN,37204,7027,MIDTOW,36.0866,-86.7725,POINT (-86.7725 36.0866)
20190671349,09/09/2019 03:40:00 PM,3,0,0,,Y,279214,11,Front to Rear,21,CLEAR,1,DAYLIGHT,12,MOTOR VEHICLE IN TRANSPORT,NOLENSVILLE PKE & GLENROSE AV,NASHVILLE,TN,37210,8101,SOUTH,36.1257,-86.7525,POINT (-86.7525 36.1257)
20190739704,10/08/2019 11:28:00 AM,2,0,0,,N,405391,5,SIDESWIPE - SAME DIRECTION,21,CLEAR,1,DAYLIGHT,12,MOTOR VEHICLE IN TRANSPORT,CHARLOTTE PKE & CABOT DR,NASHVILLE,TN,37209,4677,WEST,36.2336,-86.7283,POINT (-86.7283 36.2336)
20190859084,11/28/2019 12:00:00 AM,1,0,0,,Y,468098,9,UNKNOWN,21,CLEAR,3,DARK - LIGHTED,99,UNKNOWN MOST HARMFUL EVENT,PICCADILLY ROW & BISHOPSGATE RD,NASHVILLE,TN,37217,8853,SOUTH,36.0784,-86.659,POINT (-86.659 36.0784)
20190660024,09/04/2019 03:29:00 PM,1,0,0,,Y,197070,0,NOT COLLISION W/MOTOR VEHICLE-TRANSPORT,21,CLEAR,1,DAYLIGHT,47,FIRE HYDRANT,22ND AVN & FELICIA ST,NASHVILLE,TN,37209,5339,NORTH,36.1576,-86.8077,POINT (-86.8077 36.1576)
20190914145,12/22/2019 11:50:00 AM,2,1,0,,N,279227,11,Front to Rear,2,RAIN,1,DAYLIGHT,12,MOTOR VEHICLE IN TRANSPORT,BELL RD & BLUE HOLE RD,ANTIOCH,TN,37013,8753,SOUTH,36.0458,-86.6744,POINT (-86.6744 36.0458)
20190644336,08/29/2019 07:58:00 AM,2,0,0,,N,299243,5,SIDESWIPE - SAME DIRECTION,21,CLEAR,1,DAYLIGHT,12,MOTOR VEHICLE IN TRANSPORT,MM 49 2 I 24,NASHVILLE,TN,37213,1002,CENTRA,36.1637,-86.7625,POINT (-86.7625 36.1637)
20190593706,08/09/2019 04:42:00 PM,2,0,0,,Y,320582,16,Rear to Side,21,CLEAR,1,DAYLIGHT,12,MOTOR VEHICLE IN TRANSPORT,GALLATIN PKE & LITTON AV,NASHVILLE,TN,37216,1415,EAST,36.2027,-86.739,POINT (-86.739 36.2027)
20190619469,08/19/2019 05:54:00 PM,2,0,0,,N,279225,5,SIDESWIPE - SAME DIRECTION,21,CLEAR,3,DARK - LIGHTED,12,MOTOR VEHICLE IN TRANSPORT,BLACKWOOD DR & STEWARTS FERRY PKE,NASHVILLE,TN,37214,8955,HERMIT,36.1526,-86.6255,POINT (-86.6255 36.1526)
20190767674,10/20/2019 06:22:00 AM,1,0,0,,Y,240952,9,UNKNOWN,99,UNKNOWN,9,UNKNOWN,99,UNKNOWN MOST HARMFUL EVENT,FRANKLIN LIMESTONE RD & BILLINGSGATE RD,NASHVILLE,TN,37217,8849,SOUTH,36.0785,-86.6743,POINT (-86.6743 36.0785)
20190786625,10/28/2019 05:51:00 PM,2,1,0,,N,352172,4,ANGLE,21,CLEAR,1,DAYLIGHT,12,MOTOR VEHICLE IN TRANSPORT,GALLATIN PKES & HARRINGTON AV,MADISON,TN,37115,1605,MADISO,36.2578,-86.7138,POINT (-86.7138 36.2578)
20190609374,08/15/2019 05:35:00 PM,2,1,0,,N,299266,4,ANGLE,21,CLEAR,1,DAYLIGHT,12,MOTOR VEHICLE IN TRANSPORT,REEVES RD & LORI DR,ANTIOCH,TN,37013,8893,SOUTH,36.0655,-86.6785,POINT (-86.6785 36.0655)
20190829471,11/15/2019 02:42:00 PM,2,0,0,,N,352168,16,Rear to Side,21,CLEAR,1,DAYLIGHT,12,MOTOR VEHICLE IN TRANSPORT,5125 GREEN LEAF DR,NASHVILLE,TN,37211,8655,MIDTOW,36.0575,-86.7193,POINT (-86.7193 36.0575)
20190659674,09/04/2019 12:23:00 PM,2,0,0,,Y,109534,5,SIDESWIPE - SAME DIRECTION,21,CLEAR,1,DAYLIGHT,12;99,MOTOR VEHICLE IN TRANSPORT;UNKNOWN MOST HARMFUL EVENT,MURFREESBORO PKE & WILHAGAN RD,NASHVILLE,TN,37217,8801,SOUTH,36.1325,-86.7193,POINT (-86.7193 36.1325)
20190845873,11/22/2019 11:01:00 AM,2,0,0,,N,665896,4,ANGLE,22,CLOUDY,1,DAYLIGHT,12,MOTOR VEHICLE IN TRANSPORT,DICKERSON PKE & HANCOCK ST,NASHVILLE,TN,37207,1963,EAST,36.1843,-86.7737,POINT (-86.7737 36.1843)
20190912834,12/21/2019 05:54:00 PM,2,0,0,,Y,725774,5,SIDESWIPE - SAME DIRECTION,21,CLEAR,3,DARK - LIGHTED,12,MOTOR VEHICLE IN TRANSPORT,BRILEY PKWYS & BRILEY PKWY S EXT RAMP,NASHVILLE,TN,37210,9098,HERMIT,36.148,-86.6929,POINT (-86.6929 36.148)
20190645178,08/29/2019 03:08:00 PM,2,3,0,,N,298858,2,HEAD-ON,21,CLEAR,1,DAYLIGHT,12,MOTOR VEHICLE IN TRANSPORT,CHURCH ST & GEORGE L DAVIS BLVD,NASHVILLE,TN,37203,4119,CENTRA,36.1587,-86.79,POINT (-86.79 36.1587)