Accident Number,Date and Time,Number of Motor Vehicles,Number of Injuries,Number of Fatalities,Property Damage,Hit and Run,Reporting Officer,Collision Type Code,Collision Type Description,Weather Code,Weather Description,Illumination Code,Illumination Description,Harmful Code,Harmful Code Description,Street Address,City,State,ZIP,RPA,Precinct,Latitude,Longitude,Mapped Location
20190692650,09/18/2019 08:51:00 AM,2,2,0,,N,191578,4,ANGLE,21,CLEAR,1,DAYLIGHT,12,MOTOR VEHICLE IN TRANSPORT,LEWIS ST & LAFAYETTE ST,NASHVILLE,TN,37210,8145,SOUTH,36.1083,-86.7324,POINT (-86.7324 36.1083)
20190655498,09/02/2019 08:38:00 PM,2,2,0,,N,299264,5,SIDESWIPE - SAME DIRECTION,21,CLEAR,3,DARK - LIGHTED,12,MOTOR VEHICLE IN TRANSPORT,CHARLOTTE AV & 14TH AVN,NASHVILLE,TN,37203,5425,NORTH,36.1605,-86.7942,POINT (-86.7942 36.1605)
20190849706,11/24/2019 12:00:00 AM,1,1,0,,N,299269,0,NOT COLLISION W/MOTOR VEHICLE-TRANSPORT,22,CLOUDY,2,DARK - NOT LIGHTED,34;64,DITCH;Ran Off Road-Left,MM 36 9 I 24,WHITES CREEK,TN,37189,33180,NORTH,36.3167,-86.8347,POINT (-86.8347 36.3167)
20190813456,11/08/2019 06:13:00 PM,2,0,0,,N,320580,11,Front to Rear,21,CLEAR,3,DARK - LIGHTED,12,MOTOR VEHICLE IN TRANSPORT,MM 212 1 I 40,NASHVILLE,TN,37210,90041,HERMIT,36.1463,-86.7422,POINT (-86.7422 36.1463)
20190817699,11/10/2019 08:42:00 PM,2,1,0,Y,Y,579971,4,ANGLE,21,CLEAR,3,DARK - LIGHTED,14;55,PARKED MOTOR VEHICLE;Motor Vehicle-In-Motion Outside Trafficw,DREWRY DR & IRMA DR,ANTIOCH,TN,37013,8893,SOUTH,36.0665,-86.6755,POINT (-86.6755 36.0665)
20190810918,11/07/2019 05:15:00 PM,2,0,0,,N,256383,11,Front to Rear,22,CLOUDY,2,DARK - NOT LIGHTED,12,MOTOR VEHICLE IN TRANSPORT,MM 62 7 I 24,ANTIOCH,TN,37013,8804,SOUTH,36.0129,-86.6187,POINT (-86.6187 36.0129)
20190673564,09/10/2019 02:34:00 PM,2,1,0,,N,311327,4,ANGLE,21,CLEAR,1,DAYLIGHT,12,MOTOR VEHICLE IN TRANSPORT,GALLATIN PKE & OAK ST,NASHVILLE,TN,37216,1445,EAST,36.2162,-86.7293,POINT (-86.7293 36.2162)
20190813217,11/08/2019 04:30:00 PM,2,0,0,,N,337276,4,ANGLE,21,CLEAR,1,DAYLIGHT,12,MOTOR VEHICLE IN TRANSPORT,GREENFIELD AVE & GALLATIN PIKE,NASHVILLE,TN,37216,1439,EAST,36.2108,-86.7322,POINT (-86.7322 36.2108)
20190621865,08/20/2019 02:40:00 PM,5,1,0,,N,256383,11,Front to Rear,22,CLOUDY,1,DAYLIGHT,12,MOTOR VEHICLE IN TRANSPORT,MM 55 0 I 24,NASHVILLE,TN,37211,8812,SOUTH,36.0948,-86.7069,POINT (-86.7069 36.0948)
20190867565,12/02/2019 05:42:00 PM,2,0,0,,Y,206682,11,Front to Rear,21,CLEAR,3,DARK - LIGHTED,12,MOTOR VEHICLE IN TRANSPORT,EAGAN CIR & STATE RT 45,MADISON,TN,37115,1705,MADISO,36.2624,-86.6791,POINT (-86.6791 36.2624)
20190921148,12/26/2019 08:00:00 AM,1,0,0,Y,N,676834,0,NOT COLLISION W/MOTOR VEHICLE-TRANSPORT,22,CLOUDY,1,DAYLIGHT,36,CONCRETE TRAFFIC BARRIER,MM 85 0 I 65,NASHVILLE,TN,37208,43021,NORTH,36.1799,-86.8005,POINT (-86.8005 36.1799)
20190846543,11/22/2019 04:30:00 PM,1,1,0,,N,330427,0,NOT COLLISION W/MOTOR VEHICLE-TRANSPORT,21,CLEAR,1,DAYLIGHT,34,DITCH,OLD CLARKSVILLE PKE & EATONS CREEK RD,JOELTON,TN,37080,3307,NORTH,36.3163,-86.8766,POINT (-86.8766 36.3163)
20190709167,09/25/2019 06:10:00 AM,2,0,0,,N,320586,11,Front to Rear,21,CLEAR,1,DAYLIGHT,12,MOTOR VEHICLE IN TRANSPORT,I440 W ENT RAMP & I 24,NASHVILLE,TN,37217,8801,SOUTH,36.1232,-86.7263,POINT (-86.7263 36.1232)
20190896468,12/14/2019 01:40:00 PM,2,0,0,,Y,384433,5,SIDESWIPE - SAME DIRECTION,21,CLEAR,1,DAYLIGHT,12,MOTOR VEHICLE IN TRANSPORT,BROADWAY & 4TH AVN,NASHVILLE,TN,37203,4091,CENTRA,36.161,-86.7772,POINT (-86.7772 36.161)
20190869773,12/03/2019 01:49:00 PM,4,0,0,,N,462474,11,Front to Rear,21,CLEAR,1,DAYLIGHT,12,MOTOR VEHICLE IN TRANSPORT,US HWY 431 & RAMP,NASHVILLE,TN,37207,1863,EAST,36.2063,-86.7744,POINT (-86.7744 36.2063)
20190855627,11/26/2019 05:59:00 PM,2,1,0,,N,330445,5,SIDESWIPE - SAME DIRECTION,21,CLEAR,3,DARK - LIGHTED,12,MOTOR VEHICLE IN TRANSPORT,WEST END AV & 30TH AVN,NASHVILLE,TN,37212,5815,MIDTOW,36.1437,-86.8142,POINT (-86.8142 36.1437)
20190728173,10/03/2019 06:11:00 AM,2,0,0,,Y,352183,5,SIDESWIPE - SAME DIRECTION,21,CLEAR,1,DAYLIGHT,12,MOTOR VEHICLE IN TRANSPORT,I 24 & I 24,NASHVILLE,TN,37217,8801,SOUTH,36.1318,-86.7265,POINT (-86.7265 36.1318)
20190581666,08/05/2019 01:22:00 PM,2,2,0,,N,191578,5,SIDESWIPE - SAME DIRECTION,21,CLEAR,1,DAYLIGHT,12,MOTOR VEHICLE IN TRANSPORT,BRILEY PKWYN & GLASTONBURY RD,NASHVILLE,TN,37217,8998,HERMIT,36.1372,-86.6996,POINT (-86.6996 36.1372)
20190808749,11/06/2019 08:00:00 PM,1,0,0,Y,Y,212309,0,NOT COLLISION W/MOTOR VEHICLE-TRANSPORT,22,CLOUDY,3,DARK - LIGHTED,40;55,MAIL BOX;Motor Vehicle-In-Motion Outside Trafficw,TUSCULUM RD & BENZING RD,ANTIOCH,TN,37013,8713,SOUTH,36.1565,-86.7372,POINT (-86.7372 36.1565)
20190584857,08/06/2019 04:28:00 PM,2,1,0,,N,256426,11,Front to Rear,21,CLEAR,1,DAYLIGHT,12,MOTOR VEHICLE IN TRANSPORT,MM 212 9 I 40,NASHVILLE,TN,37210,82061,HERMIT,36.1404,-86.7312,POINT (-86.7312 36.1404)
20190640771,08/27/2019 10:06:00 PM,1,0,0,,N,320599,0,NOT COLLISION W/MOTOR VEHICLE-TRANSPORT,22,CLOUDY,2,DARK - NOT LIGHTED,36;64,CONCRETE TRAFFIC BARRIER;Ran Off Road-Left,MM 217 7 I 40,NASHVILLE,TN,37214,94040,HERMIT,36.1415,-86.6551,POINT (-86.6551 36.1415)
20190658302,09/03/2019 11:30:00 PM,2,0,0,,Y,240981,11,Front to Rear,21,CLEAR,3,DARK - LIGHTED,14,PARKED MOTOR VEHICLE,N 11TH ST & FORREST AV,NASHVILLE,TN,37206,1241,EAST,36.1784,-86.7499,POINT (-86.7499 36.1784)
20190591632,08/08/2019 12:00:00 AM,1,0,0,,Y,240944,0,NOT COLLISION W/MOTOR VEHICLE-TRANSPORT,21,CLEAR,3,DARK - LIGHTED,71,EMBANKMENT EARTH,REEVES RD & GOODWIN RD,ANTIOCH,TN,37013,8893,SOUTH,36.1565,-86.7372,POINT (-86.7372 36.1565)
20190832578,11/17/2019 01:21:00 AM,2,0,0,,Y,298866,11,Front to Rear,21,CLEAR,3,DARK - LIGHTED,12,MOTOR VEHICLE IN TRANSPORT,I40 W EXT RAMP & I 40,NASHVILLE,TN,37203,4119,CENTRA,36.1574,-86.79,POINT (-86.79 36.1574)
20190838071,11/19/2019 11:42:00 AM,2,0,0,,N,591936,4,ANGLE,21,CLEAR,1,DAYLIGHT,12,MOTOR VEHICLE IN TRANSPORT,8TH AVS & ROYCROFT PL,NASHVILLE,TN,37204,6945,MIDTOW,36.1339,-86.7791,POINT (-86.7791 36.1339)
20190621092,08/20/2019 09:21:00 AM,2,0,0,,N,191578,11,Front to Rear,21,CLEAR,1,DAYLIGHT,12,MOTOR VEHICLE IN TRANSPORT,I40 W EXT RAMP & STEWARTS FERRY PKE,NASHVILLE,TN,37214,9413,HERMIT,36.1565,-86.6313,POINT (-86.6313 36.1565)
20190848475,11/23/2019 02:00:00 PM,2,1,0,,N,352164,11,Front to Rear,22,CLOUDY,1,DAYLIGHT,12,MOTOR VEHICLE IN TRANSPORT,NOLENSVILLE PKE & TUSCULUM RD,NASHVILLE,TN,37211,8715,SOUTH,36.0587,-86.7162,POINT (-86.7162 36.0587)
20190897453,12/15/2019 01:49:00 AM,3,1,0,,N,330419,11,Front to Rear,21,CLEAR,3,DARK - LIGHTED,12,MOTOR VEHICLE IN TRANSPORT,MM 93 0 I 65,MADISON,TN,37115,17040,MADISO,36.2752,-86.7354,POINT (-86.7354 36.2752)
20190929929,12/30/2019 04:22:00 PM,2,0,0,,N,352156,4,ANGLE,21,CLEAR,1,DAYLIGHT,12,MOTOR VEHICLE IN TRANSPORT,I40 W EXT RAMP & I 40,NASHVILLE,TN,37203,4119,CENTRA,36.1574,-86.79,POINT (-86.79 36.1574)
20190770392,10/21/2019 02:02:00 PM,2,0,0,,N,384402,4,ANGLE,2,RAIN,1,DAYLIGHT,12,MOTOR VEHICLE IN TRANSPORT,OLD MURFREESBORO PKE & SMITH SPRINGS RD,NASHVILLE,TN,37217,8947,HERMIT,36.0975,-86.6552,POINT (-86.6552 36.0975)
20190841467,11/20/2019 04:37:00 PM,3,1,0,,N,256392,11,Front to Rear,21,CLEAR,1,DAYLIGHT,12,MOTOR VEHICLE IN TRANSPORT,DR D B TODD JR BLVD & MEHARRY BLVD,NASHVILLE,TN,37208,5327,NORTH,36.1677,-86.8059,POINT (-86.8059 36.1677)
20190670766,09/09/2019 12:34:00 PM,2,0,0,,N,348631,5,SIDESWIPE - SAME DIRECTION,21,CLEAR,1,DAYLIGHT,12,MOTOR VEHICLE IN TRANSPORT,GALLATIN AV & CAHAL AV,NASHVILLE,TN,37206,1331,EAST,36.196,-86.7426,POINT (-86.7426 36.196)
20190874612,12/05/2019 08:24:00 AM,3,0,0,,N,352159,11,Front to Rear,21,CLEAR,1,DAYLIGHT,12,MOTOR VEHICLE IN TRANSPORT,ELLINGTON PKWYS & ELLINGTON PKWYN,NASHVILLE,TN,37207,1995,EAST,36.1758,-86.7666,POINT (-86.7666 36.1758)
20190707390,09/24/2019 01:11:00 PM,2,2,0,,N,109527,4,ANGLE,21,CLEAR,1,DAYLIGHT,12,MOTOR VEHICLE IN TRANSPORT,HAMPTON HALL WAY & S NEW HOPE RD,HERMITAGE,TN,37076,9545,HERMIT,36.1642,-86.5847,POINT (-86.5847 36.1642)
20190636807,08/26/2019 07:50:00 AM,3,0,0,,N,320588,11,Front to Rear,2,RAIN,1,DAYLIGHT,12,MOTOR VEHICLE IN TRANSPORT,MM 86 3 I 65,NASHVILLE,TN,37207,1910,CENTRA,36.1919,-86.7808,POINT (-86.7808 36.1919)
20190594139,08/09/2019 08:09:00 PM,3,0,0,,Y,256383,11,Front to Rear,21,CLEAR,3,DARK - LIGHTED,12,MOTOR VEHICLE IN TRANSPORT,WALLACE RD & EDMONDSON PKE,NASHVILLE,TN,37211,8701,SOUTH,36.0778,-86.7242,POINT (-86.7242 36.0778)
20190802969,11/04/2019 01:50:00 PM,2,0,0,,N,352207,4,ANGLE,21,CLEAR,1,DAYLIGHT,12,MOTOR VEHICLE IN TRANSPORT,OLD HICKORY BLVD & FRANKLIN PIKE CIR,BRENTWOOD,TN,37027,8623,MIDTOW,36.0405,-86.7801,POINT (-86.7801 36.0405)
20190614992,08/17/2019 10:35:00 PM,2,0,0,,Y,320583,11,Front to Rear,21,CLEAR,3,DARK - LIGHTED,12,MOTOR VEHICLE IN TRANSPORT,OLD HICKORY BLVD & ZERMATT AV,NASHVILLE,TN,37211,8651,MIDTOW,36.0457,-86.7206,POINT (-86.7206 36.0457)
20190861874,11/29/2019 07:35:00 PM,5,1,0,,N,256394,11,Front to Rear,22,CLOUDY,3,DARK - LIGHTED,12;24,MOTOR VEHICLE IN TRANSPORT;GUARDRAIL FACE,MM 212 3 I 40,NASHVILLE,TN,37210,8206,HERMIT,36.1447,-86.7399,POINT (-86.7399 36.1447)
20190747963,10/11/2019 06:54:00 PM,2,0,0,,N,134871,11,Front to Rear,2,RAIN,3,DARK - LIGHTED,14,PARKED MOTOR VEHICLE,BROADWAY & 2ND AVN,NASHVILLE,TN,37201,4093,CENTRA,36.1618,-86.7754,POINT (-86.7754 36.1618)
20190659870,09/04/2019 02:05:00 PM,2,3,0,,N,716886,11,Front to Rear,21,CLEAR,1,DAYLIGHT,12,MOTOR VEHICLE IN TRANSPORT,MURFREESBORO PKE & MOUNTAIN SPRINGS RD,ANTIOCH,TN,37013,8927,SOUTH,36.0478,-86.6121,POINT (-86.6121 36.0478)
20190663937,09/06/2019 07:14:00 AM,3,5,1,,N,493304,4,ANGLE,21,CLEAR,1,DAYLIGHT,12,MOTOR VEHICLE IN TRANSPORT,NEELYS BEND RD & FOREST PARK RD,MADISON,TN,37115,1603,MADISO,36.2554,-86.7042,POINT (-86.7042 36.2554)
20190880397,12/07/2019 12:00:00 AM,1,1,0,Y,N,352213,0,NOT COLLISION W/MOTOR VEHICLE-TRANSPORT,21,CLEAR,2,DARK - NOT LIGHTED,19,BUILDING,CARRIAGE DR & HARNESS DR,NASHVILLE,TN,37221,4815,WEST,36.0791,-86.938,POINT (-86.938 36.0791)
20190864344,11/30/2019 09:45:00 PM,1,0,0,Y,Y,151122,0,NOT COLLISION W/MOTOR VEHICLE-TRANSPORT,2,RAIN,3,DARK - LIGHTED,32,CULVERT,RAYWOOD LN & FAIRLANE DR,NASHVILLE,TN,37211,8711,SOUTH,36.0635,-86.7141,POINT (-86.7141 36.0635)
20190732266,10/04/2019 05:35:00 PM,2,0,0,,N,352166,4,ANGLE,21,CLEAR,3,DARK - LIGHTED,12,MOTOR VEHICLE IN TRANSPORT,NELSON MERRY ST & 11TH AVN,NASHVILLE,TN,37203,4205,CENTRA,36.1635,-86.7912,POINT (-86.7912 36.1635)
20190793047,10/31/2019 05:52:00 AM,1,0,0,,N,299261,0,NOT COLLISION W/MOTOR VEHICLE-TRANSPORT,2,RAIN,3,DARK - LIGHTED,18,OTHER OBJECT (NOT FIXED),GRANNY WHITE PKE & DUNCANWOOD DR,NASHVILLE,TN,37204,7021,MIDTOW,36.0991,-86.8009,POINT (-86.8009 36.0991)
20190731604,10/04/2019 02:00:00 PM,2,0,0,,N,384439,4,ANGLE,21,CLEAR,1,DAYLIGHT,12,MOTOR VEHICLE IN TRANSPORT,SOUTH ST & SOUTHSIDE AV,NASHVILLE,TN,37203,6801,MIDTOW,36.1471,-86.7828,POINT (-86.7828 36.1471)
20190704420,09/23/2019 10:35:00 AM,3,1,0,,N,693093,4,ANGLE,22,CLOUDY,1,DAYLIGHT,12;36,MOTOR VEHICLE IN TRANSPORT;CONCRETE TRAFFIC BARRIER,MM 91 5 I 65,MADISON,TN,37115,1728,MADISO,36.2538,-86.739,POINT (-86.739 36.2538)
20190853160,11/25/2019 06:20:00 PM,2,0,0,,N,352204,5,SIDESWIPE - SAME DIRECTION,21,CLEAR,2,DARK - NOT LIGHTED,12,MOTOR VEHICLE IN TRANSPORT,HIGHWAY 70S & HARPETH VALLEY RD,NASHVILLE,TN,37221,4713,WEST,36.0823,-86.9605,POINT (-86.9605 36.0823)
20190881302,12/08/2019 09:08:00 AM,2,0,0,,N,348631,5,SIDESWIPE - SAME DIRECTION,21,CLEAR,1,DAYLIGHT,12,MOTOR VEHICLE IN TRANSPORT,MM 47 6 I 24,NASHVILLE,TN,37207,1904,CENTRA,36.1803,-86.7744,POINT (-86.7744 36.1803)
20190804916,11/05/2019 12:00:00 AM,2,0,0,,N,384451,4,ANGLE,21,CLEAR,1,DAYLIGHT,14,PARKED MOTOR VEHICLE,9TH ST & LIVINGSTON ST,OLD HICKORY,TN,37138,9611,HERMIT,36.2619,-86.653,POINT (-86.653 36.2619)
20190780586,10/25/2019 05:09:00 PM,2,0,0,,N,279116,4,ANGLE,2,RAIN,2,DARK - NOT LIGHTED,12,MOTOR VEHICLE IN TRANSPORT,BRANSFORD AV & WEDGEWOOD AV,NASHVILLE,TN,37203,8053,MIDTOW,36.1333,-86.7688,POINT (-86.7688 36.1333)
20190920062,12/25/2019 03:59:00 PM,2,0,0,,Y,352173,5,SIDESWIPE - SAME DIRECTION,21,CLEAR,1,DAYLIGHT,12,MOTOR VEHICLE IN TRANSPORT,CHESAPEAKE DR & WOODSTOCK DR,NASHVILLE,TN,37207,2033,MADISO,36.2459,-86.7759,POINT (-86.7759 36.2459)
20190627198,08/22/2019 11:33:00 AM,2,0,0,,N,191578,4,ANGLE,21,CLEAR,1,DAYLIGHT,12,MOTOR VEHICLE IN TRANSPORT,LEBANON PKE & ANDREW JACKSON PKWY,HERMITAGE,TN,37076,9537,HERMIT,36.2151,-86.5962,POINT (-86.5962 36.2151)
20190719380,09/29/2019 02:33:00 PM,2,2,0,,N,197054,11,Front to Rear,21,CLEAR,1,DAYLIGHT,12,MOTOR VEHICLE IN TRANSPORT,MM 214 1 I 40,NASHVILLE,TN,37210,90062,HERMIT,36.142,-86.7124,POINT (-86.7124 36.142)
20190754298,10/14/2019 06:18:00 PM,2,0,0,,N,151132,5,SIDESWIPE - SAME DIRECTION,21,CLEAR,5,DUSK,12,MOTOR VEHICLE IN TRANSPORT,MM 43 0 I 24,WHITES CREEK,TN,37189,3226,NORTH,36.246,-86.7844,POINT (-86.7844 36.246)
20190743183,10/09/2019 08:26:00 PM,2,2,0,Y,N,524985,5,SIDESWIPE - SAME DIRECTION,21,CLEAR,3,DARK - LIGHTED,12;24,MOTOR VEHICLE IN TRANSPORT;GUARDRAIL FACE,MM 86 5 I 65,NASHVILLE,TN,37207,3006,NORTH,36.1946,-86.7762,POINT (-86.7762 36.1946)
20190709199,09/25/2019 07:00:00 AM,1,0,0,,N,591933,0,NOT COLLISION W/MOTOR VEHICLE-TRANSPORT,21,CLEAR,1,DAYLIGHT,50,DEER (ANIMAL),HOBSON PKE & GRANNY WRIGHT LN,HERMITAGE,TN,37076,8913,SOUTH,36.1081,-86.5496,POINT (-86.5496 36.1081)
20190857790,11/27/2019 03:23:00 PM,2,0,0,,N,240983,11,Front to Rear,21,CLEAR,1,DAYLIGHT,12,MOTOR VEHICLE IN TRANSPORT,BRILEY PKWYN & MURFREESBORO PKE,NASHVILLE,TN,37217,88981,SOUTH,36.1182,-86.7003,POINT (-86.7003 36.1182)
20190899596,12/16/2019 07:24:00 AM,2,0,0,,N,716886,4,ANGLE,2,RAIN,1,DAYLIGHT,12,MOTOR VEHICLE IN TRANSPORT,NOLENSVILLE PKE & WELCH RD,NASHVILLE,TN,37211,8445,SOUTH,36.083,-86.7274,POINT (-86.7274 36.083)
20190838772,11/19/2019 05:15:00 PM,2,0,0,,Y,299257,4,ANGLE,21,CLEAR,,,12,MOTOR VEHICLE IN TRANSPORT,MM 2 4 I 440,NASHVILLE,TN,37215,6008,WEST,36.1238,-86.8108,POINT (-86.8108 36.1238)
20190688078,09/16/2019 03:39:00 PM,2,1,0,,N,256446,11,Front to Rear,21,CLEAR,1,DAYLIGHT,12,MOTOR VEHICLE IN TRANSPORT,MURFREESBORO PKE & DONELSON PKE,NASHVILLE,TN,37217,8841,SOUTH,36.1062,-86.6731,POINT (-86.6731 36.1062)
20190822425,11/12/2019 05:15:00 PM,1,0,0,Y,Y,717341,0,NOT COLLISION W/MOTOR VEHICLE-TRANSPORT,21,CLEAR,3,DARK - LIGHTED,43,OTHER FIXED OBJECTS,LESTER AV & TREVECCA UNIVERSITY PVTDR,NASHVILLE,TN,37210,8119,SOUTH,36.1419,-86.7532,POINT (-86.7532 36.1419)
20190794510,10/31/2019 07:26:00 PM,2,0,0,,Y,352168,11,Front to Rear,22,CLOUDY,7,Dark-Unknown Lighting,12,MOTOR VEHICLE IN TRANSPORT,NOLENSVILLE PKE & STRASSER DR,NASHVILLE,TN,37211,8711,SOUTH,36.0601,-86.7164,POINT (-86.7164 36.0601)
20190681409,09/13/2019 10:53:00 AM,2,0,0,,N,311804,4,ANGLE,21,CLEAR,1,DAYLIGHT,12,MOTOR VEHICLE IN TRANSPORT,NELSON MERRY ST & 10TH CIRN,NASHVILLE,TN,37203,4205,CENTRA,36.1646,-86.7887,POINT (-86.7887 36.1646)
20190612212,08/16/2019 04:45:00 PM,2,0,0,,N,420040,5,SIDESWIPE - SAME DIRECTION,21,CLEAR,1,DAYLIGHT,12,MOTOR VEHICLE IN TRANSPORT,I440 W ENT RAMP & I 440,NASHVILLE,TN,37210,81021,SOUTH,36.1259,-86.7322,POINT (-86.7322 36.1259)
20190701032,09/21/2019 04:18:00 PM,2,0,0,,Y,887598,5,SIDESWIPE - SAME DIRECTION,21,CLEAR,1,DAYLIGHT,12,MOTOR VEHICLE IN TRANSPORT,JOHN A MERRITT BLVD & 29TH AVN,NASHVILLE,TN,37209,4521,NORTH,36.168,-86.8214,POINT (-86.8214 36.168)
20190806025,11/05/2019 05:55:00 PM,2,0,0,,N,179606,98,OTHER,21,CLEAR,3,DARK - LIGHTED,12,MOTOR VEHICLE IN TRANSPORT,NOLENSVILLE PKE & WOODYCREST AV,NASHVILLE,TN,37211,8041,MIDTOW,36.1312,-86.7562,POINT (-86.7562 36.1312)
20190713299,09/26/2019 07:25:00 PM,2,1,0,,Y,717341,11,Front to Rear,21,CLEAR,3,DARK - LIGHTED,12,MOTOR VEHICLE IN TRANSPORT,MM 59 1 I 24,ANTIOCH,TN,37013,87061,SOUTH,36.0478,-86.6634,POINT (-86.6634 36.0478)
20190629821,08/23/2019 09:17:00 AM,2,0,0,,N,299243,11,Front to Rear,21,CLEAR,1,DAYLIGHT,12,MOTOR VEHICLE IN TRANSPORT,MM 211 1 I 40,NASHVILLE,TN,37210,8008,HERMIT,36.1539,-86.7571,POINT (-86.7571 36.1539)
20190764561,10/18/2019 06:20:00 PM,2,0,0,,N,311328,5,SIDESWIPE - SAME DIRECTION,21,CLEAR,3,DARK - LIGHTED,12,MOTOR VEHICLE IN TRANSPORT,JAMES ROBERTSON PKWY & 3RD AVN,NASHVILLE,TN,37201,4201,CENTRA,36.1673,-86.7792,POINT (-86.7792 36.1673)
20190773292,10/22/2019 07:00:00 PM,2,1,0,,N,298877,11,Front to Rear,21,CLEAR,3,DARK - LIGHTED,12,MOTOR VEHICLE IN TRANSPORT,MM 55 4 I 24,NASHVILLE,TN,37211,8812,SOUTH,36.0901,-86.7031,POINT (-86.7031 36.0901)
20190616182,08/18/2019 01:09:00 PM,2,1,0,,N,320574,2,HEAD-ON,21,CLEAR,1,DAYLIGHT,12,MOTOR VEHICLE IN TRANSPORT,MOSSDALE DR & BELL RD,NASHVILLE,TN,37217,8937,HERMIT,36.0828,-86.6287,POINT (-86.6287 36.0828)
20190589734,08/08/2019 09:15:00 AM,2,0,0,,N,223502,11,Front to Rear,21,CLEAR,1,DAYLIGHT,12,MOTOR VEHICLE IN TRANSPORT,MM 55 0 I 24,NASHVILLE,TN,37211,8812,SOUTH,36.0948,-86.7069,POINT (-86.7069 36.0948)
20190881414,12/08/2019 10:47:00 AM,2,0,0,,N,834798,11,Front to Rear,21,CLEAR,1,DAYLIGHT,12,MOTOR VEHICLE IN TRANSPORT,I440 W ENT RAMP & I 440,NASHVILLE,TN,37210,81021,SOUTH,36.1259,-86.7322,POINT (-86.7322 36.1259)
20190681091,09/13/2019 01:10:00 AM,2,0,0,,Y,140808,6,SIDESWIPE - OPPOSITE DIRECTION,99,UNKNOWN,7,Dark-Unknown Lighting,14,PARKED MOTOR VEHICLE,LYLE AV & WEST END AV,NASHVILLE,TN,37203,5709,MIDTOW,36.1518,-86.7984,POINT (-86.7984 36.1518)
20190606207,08/14/2019 02:10:00 PM,2,0,0,,N,876581,11,Front to Rear,21,CLEAR,1,DAYLIGHT,12,MOTOR VEHICLE IN TRANSPORT,STATE HWY 45 & -UNKNOWN RAMP/ROAD -,MADISON,TN,37115,2101,MADISO,36.2655,-86.7398,POINT (-86.7398 36.2655)
20190735496,10/06/2019 11:02:00 AM,2,0,0,,N,140808,11,Front to Rear,22,CLOUDY,1,DAYLIGHT,12,MOTOR VEHICLE IN TRANSPORT,WHISPERING HILLS DR & EDMONDSON PKE,NASHVILLE,TN,37211,8659,MIDTOW,36.0721,-86.7329,POINT (-86.7329 36.0721)
20190698934,09/20/2019 05:25:00 PM,2,0,0,,Y,256380,11,Front to Rear,21,CLEAR,1,DAYLIGHT,12,MOTOR VEHICLE IN TRANSPORT,ALBION ST & 32ND AVN,NASHVILLE,TN,37209,4529,NORTH,36.1635,-86.8248,POINT (-86.8248 36.1635)
20190872032,12/04/2019 08:54:00 AM,2,1,0,,N,716886,11,Front to Rear,21,CLEAR,1,DAYLIGHT,12,MOTOR VEHICLE IN TRANSPORT,MM 62 1 I 24,ANTIOCH,TN,37013,8806,SOUTH,36.0195,-86.626,POINT (-86.626 36.0195)
20190826053,11/14/2019 06:50:00 AM,2,0,0,,N,191578,11,Front to Rear,21,CLEAR,1,DAYLIGHT,12,MOTOR VEHICLE IN TRANSPORT,MM 211 8 I 40,NASHVILLE,TN,37210,90022,HERMIT,36.149,-86.7465,POINT (-86.7465 36.149)
20190681728,09/13/2019 02:22:00 PM,2,0,0,,Y,134899,16,Rear to Side,21,CLEAR,1,DAYLIGHT,12,MOTOR VEHICLE IN TRANSPORT,BLACKWOOD DR & STEWARTS FERRY PKE,NASHVILLE,TN,37214,8955,HERMIT,36.1526,-86.6255,POINT (-86.6255 36.1526)
20190777844,10/24/2019 02:30:00 PM,3,2,0,,N,330413,11,Front to Rear,21,CLEAR,1,DAYLIGHT,12,MOTOR VEHICLE IN TRANSPORT,EXIT 3 & I 440,NASHVILLE,TN,37215,6001,WEST,36.1237,-86.8111,POINT (-86.8111 36.1237)
20190670324,09/09/2019 08:58:00 AM,2,0,0,,N,348631,11,Front to Rear,21,CLEAR,1,DAYLIGHT,12,MOTOR VEHICLE IN TRANSPORT,S 4TH ST & I24 W EXT RAMP,NASHVILLE,TN,37206,1009,EAST,36.1654,-86.7627,POINT (-86.7627 36.1654)
20190784607,10/27/2019 11:00:00 PM,1,0,0,Y,Y,279117,0,NOT COLLISION W/MOTOR VEHICLE-TRANSPORT,21,CLEAR,2,DARK - NOT LIGHTED,38,FENCE,3500 BAXTER AV,NASHVILLE,TN,37216,1817,EAST,36.2127,-86.7337,POINT (-86.7337 36.2127)
20190647977,08/30/2019 03:18:00 PM,2,0,0,,N,151132,4,ANGLE,21,CLEAR,1,DAYLIGHT,12,MOTOR VEHICLE IN TRANSPORT,ANDERSON LN & GALLATIN PKEN,MADISON,TN,37115,1709,MADISO,36.2734,-86.71,POINT (-86.71 36.2734)
20190642000,08/28/2019 09:35:00 AM,2,0,0,,N,166478,98,OTHER,21,CLEAR,1,DAYLIGHT,12,MOTOR VEHICLE IN TRANSPORT,10TH AVN & JEFFERSON ST,NASHVILLE,TN,37208,4243,NORTH,36.1724,-86.7948,POINT (-86.7948 36.1724)
20190848481,11/23/2019 02:20:00 PM,2,0,0,,N,352202,5,SIDESWIPE - SAME DIRECTION,21,CLEAR,1,DAYLIGHT,12,MOTOR VEHICLE IN TRANSPORT,KOREAN VETERANS BLVD & 1ST AVS,NASHVILLE,TN,37201,4047,CENTRA,36.1583,-86.7719,POINT (-86.7719 36.1583)