Accident Number,Date and Time,Number of Motor Vehicles,Number of Injuries,Number of Fatalities,Property Damage,Hit and Run,Reporting Officer,Collision Type Code,Collision Type Description,Weather Code,Weather Description,Illumination Code,Illumination Description,Harmful Code,Harmful Code Description,Street Address,City,State,ZIP,RPA,Precinct,Latitude,Longitude,Mapped Location
20190735606,10/06/2019 12:15:00 PM,2,0,0,,Y,402660,6,SIDESWIPE - OPPOSITE DIRECTION,22,CLOUDY,1,DAYLIGHT,14,PARKED MOTOR VEHICLE,CENTENNIAL BLVD & LOUISIANA AV,NASHVILLE,TN,37209,4509,WEST,36.1623,-86.8477,POINT (-86.8477 36.1623)
20190905327,12/18/2019 11:57:00 AM,2,0,0,,N,580819,5,SIDESWIPE - SAME DIRECTION,21,CLEAR,1,DAYLIGHT,12,MOTOR VEHICLE IN TRANSPORT,UNION ST & CAPITOL BLVD,NASHVILLE,TN,37219,4143,CENTRA,36.1637,-86.7829,POINT (-86.7829 36.1637)
20190742239,10/09/2019 09:57:00 AM,1,0,0,Y,Y,226673,0,NOT COLLISION W/MOTOR VEHICLE-TRANSPORT,21,CLEAR,1,DAYLIGHT,18,OTHER OBJECT (NOT FIXED),3RD AVS & DEMONBREUN ST,NASHVILLE,TN,37201,4065,CENTRA,36.16,-86.7747,POINT (-86.7747 36.16)
20190689304,09/17/2019 12:00:00 AM,2,0,0,,Y,320578,4,ANGLE,21,CLEAR,3,DARK - LIGHTED,12,MOTOR VEHICLE IN TRANSPORT,I24 E EXT RAMP & I 24,NASHVILLE,TN,37207,30080,NORTH,36.2378,-86.7872,POINT (-86.7872 36.2378)
20190624888,08/21/2019 03:57:00 PM,3,0,0,,N,299241,11,Front to Rear,21,CLEAR,1,DAYLIGHT,12,MOTOR VEHICLE IN TRANSPORT,MM 214 0 I 40,NASHVILLE,TN,37217,88020,HERMIT,36.1417,-86.7137,POINT (-86.7137 36.1417)
20190705697,09/23/2019 08:58:00 PM,2,0,0,,Y,169425,4,ANGLE,21,CLEAR,3,DARK - LIGHTED,12,MOTOR VEHICLE IN TRANSPORT,EDMONDSON PKE & OLD HICKORY BLVD,NASHVILLE,TN,37211,8651,MIDTOW,36.04,-86.7435,POINT (-86.7435 36.04)
20190811654,11/08/2019 12:31:00 AM,2,0,0,,Y,330420,4,ANGLE,21,CLEAR,3,DARK - LIGHTED,12,MOTOR VEHICLE IN TRANSPORT,US HWY 70 & MCGAVOCK PIKE,NASHVILLE,TN,37214,9111,HERMIT,36.1694,-86.6799,POINT (-86.6799 36.1694)
20190772570,10/22/2019 12:18:00 PM,2,0,0,,N,226622,11,Front to Rear,21,CLEAR,1,DAYLIGHT,12,MOTOR VEHICLE IN TRANSPORT,ROBERTSON AV & STEVENSON ST,NASHVILLE,TN,37209,4649,WEST,36.1565,-86.8653,POINT (-86.8653 36.1565)
20190779559,10/25/2019 08:30:00 AM,2,0,0,,N,352174,11,Front to Rear,21,CLEAR,1,DAYLIGHT,12,MOTOR VEHICLE IN TRANSPORT,DR D B TODD JR BLVD & CHARLOTTE AV,NASHVILLE,TN,37203,5357,NORTH,36.1584,-86.8004,POINT (-86.8004 36.1584)
20190724033,10/01/2019 02:00:00 PM,2,0,0,,N,109495,5,SIDESWIPE - SAME DIRECTION,21,CLEAR,1,DAYLIGHT,12,MOTOR VEHICLE IN TRANSPORT,4TH AVS & CHESTNUT ST,NASHVILLE,TN,37203,8005,MIDTOW,36.1451,-86.7668,POINT (-86.7668 36.1451)
20190779514,10/25/2019 08:00:00 AM,2,0,0,,N,799013,11,Front to Rear,22,CLOUDY,1,DAYLIGHT,12,MOTOR VEHICLE IN TRANSPORT,BRILEY PKWYE & BRUSH HILL RD,NASHVILLE,TN,37216,15960,EAST,36.2346,-86.7164,POINT (-86.7164 36.2346)
20190916796,12/23/2019 07:47:00 PM,2,0,0,,N,179606,5,SIDESWIPE - SAME DIRECTION,21,CLEAR,3,DARK - LIGHTED,12,MOTOR VEHICLE IN TRANSPORT,4TH AVS & MILDRED SHUTE AV,NASHVILLE,TN,37210,8143,SOUTH,36.1465,-86.7677,POINT (-86.7677 36.1465)
20190758651,10/16/2019 10:45:00 AM,2,0,0,,N,665896,11,Front to Rear,21,CLEAR,1,DAYLIGHT,12,MOTOR VEHICLE IN TRANSPORT,W TRINITY LN & E TRINITY LN,NASHVILLE,TN,37207,1863,EAST,36.2059,-86.7688,POINT (-86.7688 36.2059)
20190791562,10/30/2019 01:30:00 PM,2,0,0,,Y,226134,9,UNKNOWN,2,RAIN,1,DAYLIGHT,14,PARKED MOTOR VEHICLE,2669 US HWY 41,NASHVILLE,TN,37217,8939,HERMIT,36.0719,-86.6362,POINT (-86.6362 36.0719)
20190707139,09/24/2019 10:16:00 AM,2,0,0,,Y,311804,4,ANGLE,21,CLEAR,1,DAYLIGHT,12,MOTOR VEHICLE IN TRANSPORT,ROSA L PARKS BLVD & JAMES ROBERTSON PKWY,NASHVILLE,TN,37219,4203,CENTRA,36.1667,-86.7874,POINT (-86.7874 36.1667)
20190596572,08/10/2019 08:42:00 PM,3,0,0,,Y,256441,11,Front to Rear,21,CLEAR,3,DARK - LIGHTED,12,MOTOR VEHICLE IN TRANSPORT,EDMONDSON PIKE & SUTER DR,NASHVILLE,TN,37211,8611,MIDTOW,36.071,-86.7339,POINT (-86.7339 36.071)
20190697654,09/20/2019 06:06:00 AM,2,1,0,,Y,306231,5,SIDESWIPE - SAME DIRECTION,21,CLEAR,1,DAYLIGHT,12,MOTOR VEHICLE IN TRANSPORT,MM 35 0 I 24,JOELTON,TN,37080,3318,NORTH,36.3239,-86.867,POINT (-86.867 36.3239)
20190770534,10/21/2019 04:00:00 PM,2,0,0,,N,384449,11,Front to Rear,2,RAIN,1,DAYLIGHT,13,MOTOR VEHICLE IN TRANSPORT-OTHER ROADWAY,LEBANON PKE & HICKORY HILL LN,HERMITAGE,TN,37076,9531,HERMIT,36.1889,-86.6283,POINT (-86.6283 36.1889)
20190819318,11/11/2019 02:40:00 PM,2,0,0,,Y,256384,5,SIDESWIPE - SAME DIRECTION,2,RAIN,1,DAYLIGHT,14,PARKED MOTOR VEHICLE,BOWWOOD CT & EAST THOMPSON LN,NASHVILLE,TN,37217,8879,SOUTH,36.1256,-86.7113,POINT (-86.7113 36.1256)
20190833318,11/17/2019 11:40:00 AM,2,1,0,,N,620061,98,OTHER,21,CLEAR,1,DAYLIGHT,12,MOTOR VEHICLE IN TRANSPORT,OAKLAND AVE & SWEETBRIAR AVE,NASHVILLE,TN,37212,6511,MIDTOW,36.1249,-86.7957,POINT (-86.7957 36.1249)
20190884142,12/09/2019 03:53:00 PM,2,0,0,,N,299257,4,ANGLE,21,CLEAR,1,DAYLIGHT,12,MOTOR VEHICLE IN TRANSPORT,HILLSBORO PKE & GREEN HILLS VILLAGE DR,NASHVILLE,TN,37215,6411,MIDTOW,36.107,-86.8132,POINT (-86.8132 36.107)
20190806261,11/05/2019 09:00:00 PM,2,1,0,,Y,717341,11,Front to Rear,21,CLEAR,3,DARK - LIGHTED,1;12,MOTOR VEHICLE IN TRANSPORT,MT VIEW RD & TRU LONG DR,ANTIOCH,TN,37013,8977,SOUTH,36.0669,-86.5998,POINT (-86.5998 36.0669)
20190854791,11/26/2019 10:49:00 AM,2,0,0,,Y,311799,11,Front to Rear,22,CLOUDY,1,DAYLIGHT,12,MOTOR VEHICLE IN TRANSPORT,OLD HICKORY BLVDW & I65 S EXT RAMP,MADISON,TN,37115,2041,MADISO,36.2655,-86.7399,POINT (-86.7399 36.2655)
20190778291,10/24/2019 06:52:00 PM,2,1,0,,N,256446,4,ANGLE,21,CLEAR,3,DARK - LIGHTED,12,MOTOR VEHICLE IN TRANSPORT,I24 W ENT RAMP & I 24,NASHVILLE,TN,37206,1009,EAST,36.1666,-86.7638,POINT (-86.7638 36.1666)
20190597199,08/11/2019 12:00:00 AM,2,1,0,,N,320591,4,ANGLE,21,CLEAR,3,DARK - LIGHTED,12,MOTOR VEHICLE IN TRANSPORT,I24 E ENT RAMP & I 24,NASHVILLE,TN,37213,1007,CENTRA,36.1662,-86.7659,POINT (-86.7659 36.1662)
20190923115,12/27/2019 06:32:00 AM,1,0,0,,N,419952,0,NOT COLLISION W/MOTOR VEHICLE-TRANSPORT,2,RAIN,2,DARK - NOT LIGHTED,36,CONCRETE TRAFFIC BARRIER,MM 198 6 I 40,NASHVILLE,TN,37221,4806,WEST,36.1042,-86.9319,POINT (-86.9319 36.1042)
20190903426,12/17/2019 07:18:00 PM,1,0,0,,Y,206958,9,UNKNOWN,21,CLEAR,7,Dark-Unknown Lighting,99,UNKNOWN MOST HARMFUL EVENT,MM 89 0 I 65,NASHVILLE,TN,37207,20020,MADISO,36.2309,-86.7709,POINT (-86.7709 36.2309)
20190857591,11/27/2019 01:40:00 PM,2,0,0,,Y,226586,5,SIDESWIPE - SAME DIRECTION,21,CLEAR,1,DAYLIGHT,12,MOTOR VEHICLE IN TRANSPORT,14TH AVN & BROADWAY,NASHVILLE,TN,37203,5701,MIDTOW,36.1557,-86.7897,POINT (-86.7897 36.1557)
20190590759,08/08/2019 05:12:00 PM,2,0,0,,N,151132,5,SIDESWIPE - SAME DIRECTION,22,CLOUDY,1,DAYLIGHT,12,MOTOR VEHICLE IN TRANSPORT,GALLATIN PKES & DUE WEST AVE,MADISON,TN,37115,1507,MADISO,36.2487,-86.7199,POINT (-86.7199 36.2487)
20190805754,11/05/2019 03:53:00 PM,2,0,0,,N,279211,11,Front to Rear,21,CLEAR,1,DAYLIGHT,12,MOTOR VEHICLE IN TRANSPORT,S GRAYCROFT AV & N GRAYCROFT AV,MADISON,TN,37115,1775,MADISO,36.264,-86.7324,POINT (-86.7324 36.264)
20190783062,10/27/2019 01:47:00 AM,2,1,0,,N,352188,11,Front to Rear,21,CLEAR,3,DARK - LIGHTED,55,Motor Vehicle-In-Motion Outside Trafficw,STATE HWY 254 & BLUE HOLE RD,ANTIOCH,TN,37013,8755,SOUTH,36.0459,-86.6753,POINT (-86.6753 36.0459)
20190584101,08/06/2019 10:41:00 AM,2,1,0,,N,405427,11,Front to Rear,21,CLEAR,1,DAYLIGHT,12,MOTOR VEHICLE IN TRANSPORT,2ND AVS & LEA AV,NASHVILLE,TN,37210,4033,CENTRA,36.1554,-86.7709,POINT (-86.7709 36.1554)
20190678216,09/12/2019 08:49:00 AM,2,0,0,,N,225886,5,SIDESWIPE - SAME DIRECTION,21,CLEAR,1,DAYLIGHT,12,MOTOR VEHICLE IN TRANSPORT,I40 W ENT RAMP & CENTRAL PKE,HERMITAGE,TN,37076,95060,HERMIT,36.1739,-86.6061,POINT (-86.6061 36.1739)
20190931912,12/31/2019 01:23:00 PM,2,0,0,,N,420059,11,Front to Rear,21,CLEAR,1,DAYLIGHT,12,MOTOR VEHICLE IN TRANSPORT,MM 74 8 I 65,NASHVILLE,TN,37220,7111,MIDTOW,36.0417,-86.7824,POINT (-86.7824 36.0417)
20190657540,09/03/2019 04:30:00 PM,2,0,0,,N,714641,5,SIDESWIPE - SAME DIRECTION,21,CLEAR,1,DAYLIGHT,12,MOTOR VEHICLE IN TRANSPORT,2ND AVN & UNION ST EXT RAMP,NASHVILLE,TN,37201,4135,CENTRA,36.1657,-86.7776,POINT (-86.7776 36.1657)
20190675956,09/11/2019 10:40:00 AM,2,0,0,,N,493309,5,SIDESWIPE - SAME DIRECTION,21,CLEAR,1,DAYLIGHT,12,MOTOR VEHICLE IN TRANSPORT,MM 92 3 I 65,MADISON,TN,37115,1704,MADISO,36.2653,-86.7374,POINT (-86.7374 36.2653)
20190737982,10/07/2019 05:40:00 PM,2,0,0,,Y,330435,5,SIDESWIPE - SAME DIRECTION,21,CLEAR,1,DAYLIGHT,12,MOTOR VEHICLE IN TRANSPORT,BRILEY PKWYN & BRILEY PKWY N EXT RAMP,NASHVILLE,TN,37214,9294,HERMIT,36.1977,-86.688,POINT (-86.688 36.1977)
20190643201,08/28/2019 07:20:00 PM,2,0,0,,Y,279214,4,ANGLE,21,CLEAR,3,DARK - LIGHTED,12,MOTOR VEHICLE IN TRANSPORT,SOUTH DOUGLAS AV & BEECH AV,NASHVILLE,TN,37204,6919,MIDTOW,36.1317,-86.7793,POINT (-86.7793 36.1317)
20190745023,10/10/2019 02:13:00 PM,2,0,0,,N,256389,11,Front to Rear,21,CLEAR,1,DAYLIGHT,12,MOTOR VEHICLE IN TRANSPORT,MM 3 0 I 440,NASHVILLE,TN,37215,6424,MIDTOW,36.1201,-86.8026,POINT (-86.8026 36.1201)
20190629791,08/23/2019 09:02:00 AM,2,0,0,,N,109534,11,Front to Rear,22,CLOUDY,1,DAYLIGHT,12,MOTOR VEHICLE IN TRANSPORT,MM 212 7 I 40,NASHVILLE,TN,37210,82060,HERMIT,36.143,-86.737,POINT (-86.737 36.143)
20190897068,12/14/2019 08:52:00 PM,1,1,0,,N,352197,0,NOT COLLISION W/MOTOR VEHICLE-TRANSPORT,21,CLEAR,3,DARK - LIGHTED,8,PEDESTRIAN,OLD HICKORY BLVD & NOLENSVILLE PKE,ANTIOCH,TN,37013,8757,SOUTH,36.0455,-86.7122,POINT (-86.7122 36.0455)
20190670808,09/09/2019 12:00:00 AM,2,0,0,,Y,352168,16,Rear to Side,21,CLEAR,7,Dark-Unknown Lighting,14,PARKED MOTOR VEHICLE,CARUTHERS AV & 12TH AVS,NASHVILLE,TN,37204,6925,MIDTOW,36.1258,-86.7893,POINT (-86.7893 36.1258)
20190817109,11/10/2019 01:23:00 PM,2,0,0,,N,755026,4,ANGLE,21,CLEAR,1,DAYLIGHT,12,MOTOR VEHICLE IN TRANSPORT,WALLACE RD & HUMBER DR,NASHVILLE,TN,37211,8703,SOUTH,36.0795,-86.7145,POINT (-86.7145 36.0795)
20190829583,11/15/2019 03:43:00 PM,2,0,0,,N,197070,11,Front to Rear,21,CLEAR,1,DAYLIGHT,12,MOTOR VEHICLE IN TRANSPORT,MM 208 5 I 40,NASHVILLE,TN,37203,42020,CENTRA,36.1639,-86.7937,POINT (-86.7937 36.1639)
20190587434,08/07/2019 02:14:00 PM,2,0,0,,N,169425,5,SIDESWIPE - SAME DIRECTION,21,CLEAR,1,DAYLIGHT,12,MOTOR VEHICLE IN TRANSPORT,MM 210 1 I 40,NASHVILLE,TN,37203,4006,CENTRA,36.1492,-86.7751,POINT (-86.7751 36.1492)
20190760920,10/17/2019 12:00:00 AM,2,1,0,,N,429205,11,Front to Rear,21,CLEAR,1,DAYLIGHT,12,MOTOR VEHICLE IN TRANSPORT,3RD AVN & JEFFERSON ST,NASHVILLE,TN,37201,4233,CENTRA,36.175,-86.7847,POINT (-86.7847 36.175)
20190904844,12/18/2019 08:51:00 AM,2,0,0,,N,109534,11,Front to Rear,22,CLOUDY,1,DAYLIGHT,12,MOTOR VEHICLE IN TRANSPORT,MM 211 9 I 40,NASHVILLE,TN,37210,90022,HERMIT,36.1487,-86.7459,POINT (-86.7459 36.1487)
20190702962,09/22/2019 06:25:00 PM,2,1,0,,Y,311332,6,SIDESWIPE - OPPOSITE DIRECTION,21,CLEAR,1,DAYLIGHT,12,MOTOR VEHICLE IN TRANSPORT,CHARLOTTE PKE & I40 E ENT RAMP,NASHVILLE,TN,37205,5007,WEST,36.1319,-86.8955,POINT (-86.8955 36.1319)
20190932016,12/31/2019 12:00:00 AM,2,0,0,,N,206674,6,SIDESWIPE - OPPOSITE DIRECTION,21,CLEAR,1,DAYLIGHT,12,MOTOR VEHICLE IN TRANSPORT,21ST AVN & JEFFERSON ST,NASHVILLE,TN,37208,5325,NORTH,36.1691,-86.8096,POINT (-86.8096 36.1691)
20190654408,09/02/2019 08:00:00 AM,2,0,0,Y,Y,311804,4,ANGLE,21,CLEAR,1,DAYLIGHT,12;38,MOTOR VEHICLE IN TRANSPORT;FENCE,N 1ST ST & MAIN ST,NASHVILLE,TN,37213,1991,CENTRA,36.1703,-86.7729,POINT (-86.7729 36.1703)
20190664218,09/06/2019 09:37:00 AM,2,0,0,,N,140808,5,SIDESWIPE - SAME DIRECTION,21,CLEAR,1,DAYLIGHT,12,MOTOR VEHICLE IN TRANSPORT,21ST AVN & CHURCH ST,NASHVILLE,TN,37203,5527,MIDTOW,36.152,-86.8024,POINT (-86.8024 36.152)
20190927778,12/29/2019 04:07:00 PM,2,0,0,,N,240957,4,ANGLE,2,RAIN,5,DUSK,12,MOTOR VEHICLE IN TRANSPORT,NOLENSVILLE PKE & CONCORD RD,NASHVILLE,TN,37211,8651,MIDTOW,36.0042,-86.6916,POINT (-86.6916 36.0042)
20190885514,12/10/2019 06:15:00 AM,1,1,0,,Y,352215,0,NOT COLLISION W/MOTOR VEHICLE-TRANSPORT,2,RAIN,3,DARK - LIGHTED,8,PEDESTRIAN,US HWY 31 ALT & WELSHWOOD DR,NASHVILLE,TN,37211,8445,SOUTH,36.0818,-86.727,POINT (-86.727 36.0818)
20190921477,12/26/2019 11:20:00 AM,2,0,0,,N,493309,11,Front to Rear,21,CLEAR,1,DAYLIGHT,12,MOTOR VEHICLE IN TRANSPORT,DICKERSON PKE & BELL GRIMES LN,MADISON,TN,37115,2039,MADISO,36.2686,-86.756,POINT (-86.756 36.2686)
20190661783,09/05/2019 10:22:00 AM,2,0,0,,N,226622,4,ANGLE,21,CLEAR,1,DAYLIGHT,12,MOTOR VEHICLE IN TRANSPORT,HILLWOOD BLVD & FLEETWOOD DR,NASHVILLE,TN,37209,5021,WEST,36.1362,-86.8767,POINT (-86.8767 36.1362)
20190766939,10/19/2019 08:52:00 PM,2,2,0,,N,279225,5,SIDESWIPE - SAME DIRECTION,21,CLEAR,2,DARK - NOT LIGHTED,12,MOTOR VEHICLE IN TRANSPORT,MM 212 0 I 40,NASHVILLE,TN,37210,90041,HERMIT,36.147,-86.7433,POINT (-86.7433 36.147)
20190905860,12/18/2019 05:13:00 PM,2,0,0,,N,206682,11,Front to Rear,21,CLEAR,3,DARK - LIGHTED,12,MOTOR VEHICLE IN TRANSPORT,NEELYS BEND RD & HOSPITAL DR,MADISON,TN,37115,1631,MADISO,36.1355,-86.8861,POINT (-86.8861 36.1355)
20190637254,08/26/2019 01:05:00 PM,2,0,0,,N,714641,11,Front to Rear,22,CLOUDY,1,DAYLIGHT,12,MOTOR VEHICLE IN TRANSPORT,3RD AVN & GARFIELD ST,NASHVILLE,TN,37208,4337,NORTH,36.1839,-86.7905,POINT (-86.7905 36.1839)
20190693667,09/18/2019 04:36:00 PM,1,0,0,,N,256380,0,NOT COLLISION W/MOTOR VEHICLE-TRANSPORT,21,CLEAR,1,DAYLIGHT,50,DEER (ANIMAL),WHITES CREEK PKE & UNION HILL RD,JOELTON,TN,37080,3311,NORTH,36.3181,-86.8665,POINT (-86.8665 36.3181)
20190825254,11/13/2019 09:03:00 PM,1,0,0,,N,256444,0,NOT COLLISION W/MOTOR VEHICLE-TRANSPORT,21,CLEAR,3,DARK - LIGHTED,50,DEER (ANIMAL),LEBANON PKE & SPRING PLACE DR,NASHVILLE,TN,37214,9403,HERMIT,36.1745,-86.647,POINT (-86.647 36.1745)
20190780957,10/25/2019 09:33:00 PM,2,1,0,,N,240983,2,HEAD-ON,2,RAIN,2,DARK - NOT LIGHTED,12,MOTOR VEHICLE IN TRANSPORT,ANTIOCH PKE & HICKORY HOLLOW PKWY,ANTIOCH,TN,37013,8859,SOUTH,36.0599,-86.6716,POINT (-86.6716 36.0599)
20190703110,09/22/2019 08:56:00 PM,2,2,0,,N,311337,4,ANGLE,21,CLEAR,2,DARK - NOT LIGHTED,12,MOTOR VEHICLE IN TRANSPORT,MM 211 0 I 40,NASHVILLE,TN,37210,82020,HERMIT,36.1544,-86.7598,POINT (-86.7598 36.1544)
20190819233,11/11/2019 01:54:00 PM,2,2,0,,N,405447,4,ANGLE,2,RAIN,1,DAYLIGHT,12,MOTOR VEHICLE IN TRANSPORT,HARDING PL & COVENTRY DR,NASHVILLE,TN,37211,8609,MIDTOW,36.0789,-86.7284,POINT (-86.7284 36.0789)
20190827634,11/14/2019 09:00:00 PM,2,0,0,,Y,384408,4,ANGLE,21,CLEAR,3,DARK - LIGHTED,14;55,PARKED MOTOR VEHICLE;Motor Vehicle-In-Motion Outside Trafficw,OPRY MILLS DR & OPRYLAND DR,NASHVILLE,TN,37214,9209,HERMIT,36.2116,-86.7002,POINT (-86.7002 36.2116)
20190840577,11/20/2019 09:46:00 AM,1,1,0,,N,468030,0,NOT COLLISION W/MOTOR VEHICLE-TRANSPORT,21,CLEAR,1,DAYLIGHT,36,CONCRETE TRAFFIC BARRIER,BRILEY PKWYE & MUSIC VALLEY DR,NASHVILLE,TN,37214,9284,HERMIT,36.2356,-86.7089,POINT (-86.7089 36.2356)
20190790592,10/30/2019 05:09:00 AM,1,0,0,,N,110062,0,NOT COLLISION W/MOTOR VEHICLE-TRANSPORT,2,RAIN,3,DARK - LIGHTED,36,CONCRETE TRAFFIC BARRIER,MM 49 3 I 24,NASHVILLE,TN,37206,10040,EAST,36.1629,-86.7614,POINT (-86.7614 36.1629)
20190769730,10/21/2019 08:52:00 AM,2,0,0,,N,224437,11,Front to Rear,21,CLEAR,1,DAYLIGHT,12,MOTOR VEHICLE IN TRANSPORT,MM 2 2 I 440,NASHVILLE,TN,37215,6006,WEST,36.1272,-86.8152,POINT (-86.8152 36.1272)
20190768132,10/20/2019 12:50:00 PM,2,1,0,,Y,320595,5,SIDESWIPE - SAME DIRECTION,21,CLEAR,1,DAYLIGHT,12,MOTOR VEHICLE IN TRANSPORT,MM 213 0 I 40,NASHVILLE,TN,37210,8219,HERMIT,36.1407,-86.7323,POINT (-86.7323 36.1407)
20190678680,09/12/2019 12:45:00 PM,2,0,0,,N,716886,4,ANGLE,21,CLEAR,1,DAYLIGHT,12,MOTOR VEHICLE IN TRANSPORT,HARDING PL & AIRPARK CENTER DR,NASHVILLE,TN,37217,8841,SOUTH,36.0929,-86.6798,POINT (-86.6798 36.0929)
20190894775,12/13/2019 05:24:00 PM,2,1,0,,Y,717341,98,OTHER,2,RAIN,3,DARK - LIGHTED,12,MOTOR VEHICLE IN TRANSPORT,MM 52 7 I 24,NASHVILLE,TN,37210,81022,SOUTH,36.1226,-86.7277,POINT (-86.7277 36.1226)
20190693333,09/18/2019 01:45:00 PM,2,0,0,,N,607049,5,SIDESWIPE - SAME DIRECTION,21,CLEAR,1,DAYLIGHT,12,MOTOR VEHICLE IN TRANSPORT,MM 92 1 I 65,MADISON,TN,37115,17280,MADISO,36.263,-86.7378,POINT (-86.7378 36.263)
20190733807,10/05/2019 12:00:00 AM,2,0,0,,N,212344,4,ANGLE,21,CLEAR,1,DAYLIGHT,12,MOTOR VEHICLE IN TRANSPORT,ORDWAY PL & N 14TH ST,NASHVILLE,TN,37206,1215,EAST,36.1802,-86.7453,POINT (-86.7453 36.1802)
20190626496,08/22/2019 05:45:00 AM,2,2,0,,N,299245,4,ANGLE,21,CLEAR,1,DAYLIGHT,12,MOTOR VEHICLE IN TRANSPORT,GALLATIN PKE & SOLLEY DR,NASHVILLE,TN,37216,1513,EAST,36.2311,-86.7249,POINT (-86.7249 36.2311)
20190821679,11/12/2019 01:51:00 PM,2,0,0,,Y,191578,4,ANGLE,21,CLEAR,1,DAYLIGHT,14;55,PARKED MOTOR VEHICLE;Motor Vehicle-In-Motion Outside Trafficw,LEBANON PKE & REMINGTON PARK RD,HERMITAGE,TN,37076,9727,HERMIT,36.216,-86.5927,POINT (-86.5927 36.216)
20190798591,11/02/2019 03:09:00 PM,2,0,0,,N,352156,6,SIDESWIPE - OPPOSITE DIRECTION,21,CLEAR,1,DAYLIGHT,12,MOTOR VEHICLE IN TRANSPORT,SADDLECREEK WAY & SPRUCEDALE DR,ANTIOCH,TN,37013,8867,SOUTH,36.0365,-86.6135,POINT (-86.6135 36.0365)
20190803257,11/04/2019 05:46:00 PM,3,0,0,,N,179583,11,Front to Rear,21,CLEAR,3,DARK - LIGHTED,12,MOTOR VEHICLE IN TRANSPORT,MM 54 3 I 24,NASHVILLE,TN,37211,84020,SOUTH,36.1034,-86.7148,POINT (-86.7148 36.1034)
20190915960,12/23/2019 11:50:00 AM,2,0,0,,N,225773,4,ANGLE,21,CLEAR,1,DAYLIGHT,12,MOTOR VEHICLE IN TRANSPORT,POWELL AV & SIDCO DR,NASHVILLE,TN,37204,8527,MIDTOW,36.096,-86.7589,POINT (-86.7589 36.096)
20190771874,10/22/2019 06:25:00 AM,2,0,0,,N,224824,4,ANGLE,21,CLEAR,4,DAWN,12,MOTOR VEHICLE IN TRANSPORT,LEBANON PKE & LYNMEADE DR,NASHVILLE,TN,37210,9019,HERMIT,36.163,-86.7,POINT (-86.7 36.163)
20190751232,10/13/2019 09:30:00 AM,2,2,0,,N,109495,4,ANGLE,21,CLEAR,1,DAYLIGHT,12,MOTOR VEHICLE IN TRANSPORT,12TH AVS & ASHWOOD AV,NASHVILLE,TN,37204,6925,MIDTOW,36.1289,-86.789,POINT (-86.789 36.1289)
20190889864,12/11/2019 08:02:00 PM,2,0,0,,N,240986,3,REAR-TO-REAR,21,CLEAR,7,Dark-Unknown Lighting,12,MOTOR VEHICLE IN TRANSPORT,CAHAL AV & TREVECCA AV,NASHVILLE,TN,37206,1883,EAST,36.1964,-86.7439,POINT (-86.7439 36.1964)
20190911053,12/20/2019 07:00:00 PM,3,1,0,,N,320577,11,Front to Rear,21,CLEAR,2,DARK - NOT LIGHTED,12,MOTOR VEHICLE IN TRANSPORT,MM 5 7 I 440,NASHVILLE,TN,37211,81060,MIDTOW,36.122,-86.7605,POINT (-86.7605 36.122)
20190905744,12/18/2019 02:50:00 PM,2,0,0,,N,384408,4,ANGLE,21,CLEAR,5,DUSK,12,MOTOR VEHICLE IN TRANSPORT,HILLSBORO PKE & BURTON HILLS BLVD,NASHVILLE,TN,37215,6403,MIDTOW,36.0956,-86.8254,POINT (-86.8254 36.0956)
20190844279,11/21/2019 05:00:00 PM,2,0,0,,N,256392,5,SIDESWIPE - SAME DIRECTION,21,CLEAR,1,DAYLIGHT,12,MOTOR VEHICLE IN TRANSPORT,I65 N ENT RAMP & I 65,NASHVILLE,TN,37207,1829,EAST,36.209,-86.7759,POINT (-86.7759 36.209)
20190658938,09/04/2019 06:49:00 AM,2,0,0,,N,226622,4,ANGLE,21,CLEAR,1,DAYLIGHT,12,MOTOR VEHICLE IN TRANSPORT,CHARLOTTE PKE & MIDLAND AV,NASHVILLE,TN,37209,5033,WEST,36.1499,-86.8591,POINT (-86.8591 36.1499)
20190792416,10/30/2019 09:20:00 PM,2,0,0,,N,212312,11,Front to Rear,2,RAIN,3,DARK - LIGHTED,12,MOTOR VEHICLE IN TRANSPORT,WEST END AV & WILSON BLVDS,NASHVILLE,TN,37205,6019,WEST,36.1314,-86.8343,POINT (-86.8343 36.1314)
20190675091,09/11/2019 04:32:00 AM,3,4,0,,N,879558,5,SIDESWIPE - SAME DIRECTION,21,CLEAR,3,DARK - LIGHTED,1;12,MOTOR VEHICLE IN TRANSPORT,BRILEY PKWYN & BRILEY PKWYS,NASHVILLE,TN,37211,8404,SOUTH,36.1092,-86.727,POINT (-86.727 36.1092)
20190823822,11/13/2019 08:40:00 AM,2,1,0,,N,109534,11,Front to Rear,21,CLEAR,1,DAYLIGHT,12,MOTOR VEHICLE IN TRANSPORT,MM 215 6 I 40,NASHVILLE,TN,37214,9102,HERMIT,36.1431,-86.6845,POINT (-86.6845 36.1431)
20190833402,11/16/2019 09:30:00 PM,2,0,0,,Y,620061,11,Front to Rear,21,CLEAR,3,DARK - LIGHTED,12,MOTOR VEHICLE IN TRANSPORT,EDGEHILL AVE & VILLA PL,NASHVILLE,TN,37212,6703,MIDTOW,36.1432,-86.7919,POINT (-86.7919 36.1432)