Accident Number,Date and Time,Number of Motor Vehicles,Number of Injuries,Number of Fatalities,Property Damage,Hit and Run,Reporting Officer,Collision Type Code,Collision Type Description,Weather Code,Weather Description,Illumination Code,Illumination Description,Harmful Code,Harmful Code Description,Street Address,City,State,ZIP,RPA,Precinct,Latitude,Longitude,Mapped Location
20190723445,10/01/2019 08:49:00 AM,2,0,0,,N,462474,11,Front to Rear,21,CLEAR,1,DAYLIGHT,12,MOTOR VEHICLE IN TRANSPORT,MAGNOLIA BLVD & 20TH AVS,NASHVILLE,TN,37212,6607,MIDTOW,36.1345,-86.8001,POINT (-86.8001 36.1345)
20190802164,11/04/2019 09:03:00 AM,2,0,0,,N,191578,11,Front to Rear,21,CLEAR,1,DAYLIGHT,12,MOTOR VEHICLE IN TRANSPORT,BRILEY PKWY S EXT RAMP & ELM HILL PKE,NASHVILLE,TN,37210,9039,HERMIT,36.1513,-86.6919,POINT (-86.6919 36.1513)
20190807009,11/06/2019 12:00:00 AM,1,0,0,Y,Y,212336,9,UNKNOWN,21,CLEAR,3,DARK - LIGHTED,99,UNKNOWN MOST HARMFUL EVENT,HART LN & BEN ALLEN RD,NASHVILLE,TN,37216,1821,EAST,36.2175,-86.7435,POINT (-86.7435 36.2175)
20190635019,08/25/2019 12:56:00 PM,1,0,0,,N,206962,0,NOT COLLISION W/MOTOR VEHICLE-TRANSPORT,2,RAIN,1,DAYLIGHT,36,CONCRETE TRAFFIC BARRIER,MM 89 9 I 65,NASHVILLE,TN,37207,2002,MADISO,36.2374,-86.759,POINT (-86.759 36.2374)
20190807489,11/06/2019 08:56:00 AM,2,6,1,,N,716886,11,Front to Rear,21,CLEAR,1,DAYLIGHT,12,MOTOR VEHICLE IN TRANSPORT,MM 55 4 I 24,NASHVILLE,TN,37211,8812,SOUTH,36.0901,-86.7031,POINT (-86.7031 36.0901)
20190794136,10/31/2019 03:26:00 PM,2,0,0,,Y,352197,4,ANGLE,22,CLOUDY,1,DAYLIGHT,12,MOTOR VEHICLE IN TRANSPORT,HARDING PL & OLD EZELL RD,NASHVILLE,TN,37211,8847,SOUTH,36.0901,-86.6877,POINT (-86.6877 36.0901)
20190785806,10/28/2019 08:23:00 AM,2,0,0,,Y,384398,4,ANGLE,22,CLOUDY,1,DAYLIGHT,12,MOTOR VEHICLE IN TRANSPORT,OLD HICKORY BLVD & I24 E ENT RAMP,ANTIOCH,TN,37013,8771,SOUTH,36.0134,-86.6207,POINT (-86.6207 36.0134)
20190676501,09/11/2019 03:29:00 PM,2,0,0,,Y,807344,4,ANGLE,21,CLEAR,1,DAYLIGHT,12;14,MOTOR VEHICLE IN TRANSPORT;PARKED MOTOR VEHICLE,5TH AVS & PEABODY ST,NASHVILLE,TN,37203,4039,CENTRA,36.1556,-86.7752,POINT (-86.7752 36.1556)
20190910355,12/20/2019 12:09:00 PM,1,0,0,,N,109534,0,NOT COLLISION W/MOTOR VEHICLE-TRANSPORT,21,CLEAR,1,DAYLIGHT,50,DEER (ANIMAL),LEBANON PKE & DISSPAYNE DR,NASHVILLE,TN,37214,9403,HERMIT,36.1725,-86.6496,POINT (-86.6496 36.1725)
20190866582,12/02/2019 09:03:00 AM,2,0,0,,N,474557,5,SIDESWIPE - SAME DIRECTION,22,CLOUDY,1,DAYLIGHT,12,MOTOR VEHICLE IN TRANSPORT,NOLENSVILLE PKE & WALLACE RD,NASHVILLE,TN,37211,8701,SOUTH,36.0766,-86.7254,POINT (-86.7254 36.0766)
20190782061,10/26/2019 12:40:00 PM,2,0,0,,N,352167,5,SIDESWIPE - SAME DIRECTION,22,CLOUDY,1,DAYLIGHT,12,MOTOR VEHICLE IN TRANSPORT,BELL RD & BRENTRIDGE DR,ANTIOCH,TN,37013,8719,SOUTH,36.047,-86.6815,POINT (-86.6815 36.047)
20190927917,12/29/2019 06:45:00 PM,3,3,0,,N,279208,5,SIDESWIPE - SAME DIRECTION,2,RAIN,2,DARK - NOT LIGHTED,12;39,MOTOR VEHICLE IN TRANSPORT;WALL,MM 77 2 I 65,NASHVILLE,TN,37220,86042,MIDTOW,36.0734,-86.7691,POINT (-86.7691 36.0734)
20190747553,10/11/2019 02:04:00 PM,2,0,0,,Y,240983,11,Front to Rear,22,CLOUDY,1,DAYLIGHT,12,MOTOR VEHICLE IN TRANSPORT,I440 E ENT RAMP & I 440,NASHVILLE,TN,37205,6007,WEST,36.1346,-86.8203,POINT (-86.8203 36.1346)
20190709184,09/25/2019 06:03:00 AM,2,0,0,,Y,299247,11,Front to Rear,22,CLOUDY,7,Dark-Unknown Lighting,12,MOTOR VEHICLE IN TRANSPORT,MM 52 2 I 24,NASHVILLE,TN,37217,8816,SOUTH,36.1359,-86.7267,POINT (-86.7267 36.1359)
20190798789,11/02/2019 05:00:00 PM,3,1,0,,Y,330444,5,SIDESWIPE - SAME DIRECTION,21,CLEAR,1,DAYLIGHT,12,MOTOR VEHICLE IN TRANSPORT,MM 209 3 I 40,NASHVILLE,TN,37203,40041,CENTRA,36.1537,-86.7878,POINT (-86.7878 36.1537)
20190663410,09/06/2019 12:30:00 AM,2,0,0,,N,240978,11,Front to Rear,21,CLEAR,3,DARK - LIGHTED,12,MOTOR VEHICLE IN TRANSPORT,MM 86 5 I 65,NASHVILLE,TN,37207,3006,NORTH,36.1946,-86.7762,POINT (-86.7762 36.1946)
20190845612,11/22/2019 08:39:00 AM,2,0,0,,N,414731,11,Front to Rear,2,RAIN,1,DAYLIGHT,12,MOTOR VEHICLE IN TRANSPORT,MM 52 2 I 24,NASHVILLE,TN,37217,8816,SOUTH,36.1359,-86.7267,POINT (-86.7267 36.1359)
20190898579,12/15/2019 05:42:00 PM,2,2,0,,Y,298867,11,Front to Rear,21,CLEAR,3,DARK - LIGHTED,12,MOTOR VEHICLE IN TRANSPORT,MANSFIELD ST & MCFERRIN AV,NASHVILLE,TN,37206,1943,EAST,36.1818,-86.7548,POINT (-86.7548 36.1818)
20190864024,11/30/2019 09:45:00 PM,1,1,0,,N,330411,0,NOT COLLISION W/MOTOR VEHICLE-TRANSPORT,2,RAIN,3,DARK - LIGHTED,36,CONCRETE TRAFFIC BARRIER,MM 87 1 I 65,NASHVILLE,TN,37207,18020,EAST,36.2041,-86.7765,POINT (-86.7765 36.2041)
20190590639,08/08/2019 05:00:00 PM,2,0,0,,N,714641,5,SIDESWIPE - SAME DIRECTION,21,CLEAR,1,DAYLIGHT,12,MOTOR VEHICLE IN TRANSPORT,SPRING ST & N 1ST ST,NASHVILLE,TN,37207,1955,CENTRA,36.177,-86.7746,POINT (-86.7746 36.177)
20190840201,11/20/2019 06:37:00 AM,2,2,0,,Y,306231,4,ANGLE,21,CLEAR,1,DAYLIGHT,12,MOTOR VEHICLE IN TRANSPORT,KNIGHT DR & WHITES CREEK PKE,WHITES CREEK,TN,37189,3223,NORTH,36.2232,-86.8086,POINT (-86.8086 36.2232)
20190777596,10/24/2019 12:48:00 PM,3,1,0,,N,140808,4,ANGLE,21,CLEAR,1,DAYLIGHT,1;12,MOTOR VEHICLE IN TRANSPORT,TROUSDALE DR & GRASSMERE PK,NASHVILLE,TN,37211,8509,MIDTOW,36.0866,-86.7539,POINT (-86.7539 36.0866)
20190628114,08/22/2019 05:48:00 PM,2,0,0,,N,279208,4,ANGLE,21,CLEAR,1,DAYLIGHT,12,MOTOR VEHICLE IN TRANSPORT,31ST AVS & 31ST AVN,NASHVILLE,TN,37212,5815,MIDTOW,36.1424,-86.8153,POINT (-86.8153 36.1424)
20190770059,10/21/2019 11:50:00 AM,1,1,0,,N,224437,0,NOT COLLISION W/MOTOR VEHICLE-TRANSPORT,22,CLOUDY,1,DAYLIGHT,1;34,DITCH,I40 E ENT RAMP & I 40,NASHVILLE,TN,37205,4903,WEST,36.1109,-86.922,POINT (-86.922 36.1109)
20190805369,11/05/2019 01:05:00 PM,2,1,0,,N,665896,4,ANGLE,21,CLEAR,1,DAYLIGHT,12,MOTOR VEHICLE IN TRANSPORT,N 11TH ST & WOODLAND ST,NASHVILLE,TN,37206,1241,EAST,36.1779,-86.7499,POINT (-86.7499 36.1779)
20190821188,11/12/2019 08:01:00 AM,2,0,0,,Y,716886,6,SIDESWIPE - OPPOSITE DIRECTION,21,CLEAR,1,DAYLIGHT,12,MOTOR VEHICLE IN TRANSPORT,EAST THOMPSON LN & I24 E EXT RAMP,NASHVILLE,TN,37211,8337,SOUTH,36.1113,-86.7245,POINT (-86.7245 36.1113)
20190931729,12/31/2019 11:45:00 AM,2,0,0,,N,676832,11,Front to Rear,21,CLEAR,1,DAYLIGHT,12,MOTOR VEHICLE IN TRANSPORT,US HWY 70 & OLD CHARLOTTE PIKE,NASHVILLE,TN,37205,5007,WEST,36.1328,-86.893,POINT (-86.893 36.1328)
20190827165,11/14/2019 04:51:00 PM,3,2,0,,N,240983,4,ANGLE,21,CLEAR,5,DUSK,12,MOTOR VEHICLE IN TRANSPORT,MURFREESBORO & PIN HOOK,ANTIOCH,TN,37013,8927,SOUTH,36.0488,-86.613,POINT (-86.613 36.0488)
20190611383,08/16/2019 01:15:00 PM,2,0,0,,N,462474,4,ANGLE,21,CLEAR,1,DAYLIGHT,12,MOTOR VEHICLE IN TRANSPORT,17TH AVS & MCGAVOCK ST,NASHVILLE,TN,37203,5703,MIDTOW,36.1527,-86.7935,POINT (-86.7935 36.1527)
20190777242,10/24/2019 09:48:00 AM,1,1,0,,N,834798,0,NOT COLLISION W/MOTOR VEHICLE-TRANSPORT,21,CLEAR,1,DAYLIGHT,1,,MM 80 0 I 65,NASHVILLE,TN,37204,7018,MIDTOW,36.1134,-86.7724,POINT (-86.7724 36.1134)
20190853629,11/25/2019 10:30:00 PM,1,0,0,,N,352163,0,NOT COLLISION W/MOTOR VEHICLE-TRANSPORT,21,CLEAR,2,DARK - NOT LIGHTED,50,DEER (ANIMAL),ANDREW JACKSON PKWY & DONELSON TRC,HERMITAGE,TN,37076,9727,HERMIT,36.2219,-86.5976,POINT (-86.5976 36.2219)
20190627293,08/22/2019 11:59:00 AM,2,0,0,,N,226622,4,ANGLE,22,CLOUDY,1,DAYLIGHT,12,MOTOR VEHICLE IN TRANSPORT,BROWNLEE DR & BROOK HOLLOW RD,NASHVILLE,TN,37205,4917,WEST,36.1121,-86.8868,POINT (-86.8868 36.1121)
20190894890,12/13/2019 04:22:00 PM,2,0,0,,N,352186,2,HEAD-ON,2,RAIN,5,DUSK,12,MOTOR VEHICLE IN TRANSPORT,CLARKSVILLE PKE & ASHLAND CITY HWY,NASHVILLE,TN,37218,3121,NORTH,36.1976,-86.8373,POINT (-86.8373 36.1976)
20190816303,11/10/2019 02:50:00 AM,2,0,0,,N,298859,11,Front to Rear,21,CLEAR,3,DARK - LIGHTED,12,MOTOR VEHICLE IN TRANSPORT,RAMP & I 40,NASHVILLE,TN,37210,8201,HERMIT,36.1513,-86.7684,POINT (-86.7684 36.1513)
20190826018,11/14/2019 06:18:00 AM,2,0,0,,N,220884,11,Front to Rear,21,CLEAR,1,DAYLIGHT,12,MOTOR VEHICLE IN TRANSPORT,GALLATIN PKES & E PALESTINE AV,MADISON,TN,37115,1507,MADISO,36.2491,-86.7196,POINT (-86.7196 36.2491)
20190688570,09/16/2019 07:46:00 PM,2,0,0,,N,725756,11,Front to Rear,21,CLEAR,3,DARK - LIGHTED,12,MOTOR VEHICLE IN TRANSPORT,HIGHWAY 70S & BELLE FOREST SHOPPING CENT,NASHVILLE,TN,37205,4903,WEST,36.0746,-86.9205,POINT (-86.9205 36.0746)
20190911984,12/21/2019 07:50:00 AM,2,0,0,,N,279227,4,ANGLE,21,CLEAR,1,DAYLIGHT,12,MOTOR VEHICLE IN TRANSPORT,HARDING PL & EZELL PARK PVTDR,NASHVILLE,TN,37211,8847,SOUTH,36.0904,-86.6873,POINT (-86.6873 36.0904)
20190767206,10/20/2019 12:21:00 AM,2,0,0,,N,279117,11,Front to Rear,21,CLEAR,3,DARK - LIGHTED,12,MOTOR VEHICLE IN TRANSPORT,E TRINITY LN & W TRINITY LN,NASHVILLE,TN,37207,1861,EAST,36.2059,-86.7686,POINT (-86.7686 36.2059)
20190662476,09/05/2019 04:30:00 PM,2,1,0,,N,256389,4,ANGLE,21,CLEAR,1,DAYLIGHT,12,MOTOR VEHICLE IN TRANSPORT,EDGEHILL AV & 9TH AVS,NASHVILLE,TN,37203,6907,MIDTOW,36.1419,-86.7811,POINT (-86.7811 36.1419)
20190828655,11/15/2019 07:53:00 AM,2,0,0,,N,311799,11,Front to Rear,21,CLEAR,1,DAYLIGHT,12,MOTOR VEHICLE IN TRANSPORT,BRILEY PKWYE & BRILEY PKWYW,NASHVILLE,TN,37207,20120,MADISO,36.2396,-86.7751,POINT (-86.7751 36.2396)
20190818624,11/11/2019 07:15:00 AM,2,0,0,,Y,224464,11,Front to Rear,21,CLEAR,1,DAYLIGHT,12;14;55,MOTOR VEHICLE IN TRANSPORT;PARKED MOTOR VEHICLE;Motor Vehicle-In-Motion Outside Trafficw,6TH AVN & BUCHANAN ST,NASHVILLE,TN,37208,4341,NORTH,36.1835,-86.7951,POINT (-86.7951 36.1835)
20190720417,09/30/2019 03:45:00 AM,1,0,0,,Y,256492,0,NOT COLLISION W/MOTOR VEHICLE-TRANSPORT,21,CLEAR,3,DARK - LIGHTED,34,DITCH,IRONWOOD DR & LAKELAND DR,NASHVILLE,TN,37214,9421,HERMIT,36.154,-86.6511,POINT (-86.6511 36.154)
20190866201,12/02/2019 05:30:00 AM,2,0,0,,Y,352163,4,ANGLE,2,RAIN,3,DARK - LIGHTED,12;65,MOTOR VEHICLE IN TRANSPORT;Cross Median,NASHBORO BLVD & MURFREESBORO PKE,NASHVILLE,TN,37217,8935,HERMIT,36.0884,-86.6478,POINT (-86.6478 36.0884)
20190668873,09/08/2019 01:15:00 PM,2,1,0,,N,320592,98,OTHER,21,CLEAR,1,DAYLIGHT,12,MOTOR VEHICLE IN TRANSPORT,ROYAL PKWY & PERIMETER PLACE DR,NASHVILLE,TN,37214,9103,HERMIT,36.1494,-86.675,POINT (-86.675 36.1494)
20190737700,10/07/2019 03:16:00 PM,2,0,0,,N,330445,4,ANGLE,22,CLOUDY,1,DAYLIGHT,12,MOTOR VEHICLE IN TRANSPORT,HORTON AV & 16TH AVS,NASHVILLE,TN,37212,6619,MIDTOW,36.1407,-86.7936,POINT (-86.7936 36.1407)
20190793817,10/31/2019 12:45:00 PM,2,0,0,,N,352174,11,Front to Rear,22,CLOUDY,1,DAYLIGHT,12,MOTOR VEHICLE IN TRANSPORT,8TH AVS & WEDGEWOOD AV,NASHVILLE,TN,37203,6959,MIDTOW,36.1345,-86.7791,POINT (-86.7791 36.1345)
20190638542,08/27/2019 12:00:00 AM,1,0,0,Y,Y,660929,0,NOT COLLISION W/MOTOR VEHICLE-TRANSPORT,21,CLEAR,3,DARK - LIGHTED,27;32;63,H-WAY TRAFFIC SIGNAL POST;CULVERT;Ran Off Road-Right,OLD HICKORY BLVD & MONTELLE LN,NASHVILLE,TN,37211,8651,MIDTOW,36.0387,-86.7332,POINT (-86.7332 36.0387)
20190915787,12/23/2019 09:05:00 AM,2,0,0,,N,166478,4,ANGLE,21,CLEAR,1,DAYLIGHT,12,MOTOR VEHICLE IN TRANSPORT,DOMINICAN DR & ATHENS WAY,NASHVILLE,TN,37228,4445,NORTH,36.1876,-86.7999,POINT (-86.7999 36.1876)
20190667114,09/07/2019 05:10:00 PM,2,0,0,,N,161939,11,Front to Rear,21,CLEAR,1,DAYLIGHT,12,MOTOR VEHICLE IN TRANSPORT,OLD HICKORY BLVD & I24 E ENT RAMP,ANTIOCH,TN,37013,8771,SOUTH,36.0134,-86.6207,POINT (-86.6207 36.0134)
20190914462,12/22/2019 04:10:00 PM,2,0,0,,N,311328,4,ANGLE,2,RAIN,98,OTHER,12,MOTOR VEHICLE IN TRANSPORT,US HWY 70 & 13TH AVE S,NASHVILLE,TN,37203,4081,CENTRA,36.1559,-86.7891,POINT (-86.7891 36.1559)
20190924550,12/27/2019 08:41:00 PM,2,0,0,,Y,240983,5,SIDESWIPE - SAME DIRECTION,21,CLEAR,2,DARK - NOT LIGHTED,12;36,MOTOR VEHICLE IN TRANSPORT;CONCRETE TRAFFIC BARRIER,MM 55 8 I 24,NASHVILLE,TN,37211,88100,SOUTH,36.0854,-86.6996,POINT (-86.6996 36.0854)
20190712730,09/26/2019 12:46:00 PM,2,0,0,,Y,256380,11,Front to Rear,21,CLEAR,1,DAYLIGHT,12,MOTOR VEHICLE IN TRANSPORT,MM 88 2 I 65,NASHVILLE,TN,37207,18041,EAST,36.2188,-86.7747,POINT (-86.7747 36.2188)
20190832844,11/17/2019 04:44:00 AM,2,0,0,,N,320584,5,SIDESWIPE - SAME DIRECTION,21,CLEAR,3,DARK - LIGHTED,12,MOTOR VEHICLE IN TRANSPORT,MM 52 8 I 24,NASHVILLE,TN,37210,81022,SOUTH,36.1212,-86.7272,POINT (-86.7272 36.1212)
20190862907,11/30/2019 08:34:00 AM,2,2,0,,N,834798,4,ANGLE,2,RAIN,1,DAYLIGHT,12,MOTOR VEHICLE IN TRANSPORT,CHARLOTTE AV & DR D B TODD JR BLVD,NASHVILLE,TN,37203,5505,MIDTOW,36.1581,-86.8,POINT (-86.8 36.1581)
20190766716,10/19/2019 06:29:00 PM,2,0,0,,N,197068,11,Front to Rear,22,CLOUDY,3,DARK - LIGHTED,12,MOTOR VEHICLE IN TRANSPORT,CHURCH ST & 6TH AVN,NASHVILLE,TN,37219,4125,CENTRA,36.1626,-86.7814,POINT (-86.7814 36.1626)
20190821291,11/12/2019 09:49:00 AM,1,0,0,,N,620061,0,NOT COLLISION W/MOTOR VEHICLE-TRANSPORT,4,SNOW,1,DAYLIGHT,36,CONCRETE TRAFFIC BARRIER,MM 79 1 I 65,NASHVILLE,TN,37204,8504,MIDTOW,36.1016,-86.7648,POINT (-86.7648 36.1016)
20190681229,09/13/2019 10:06:00 AM,2,0,0,,Y,462474,4,ANGLE,21,CLEAR,1,DAYLIGHT,12,MOTOR VEHICLE IN TRANSPORT,HARDING PL & TROUSDALE DR,NASHVILLE,TN,37220,8601,MIDTOW,36.0811,-86.7584,POINT (-86.7584 36.0811)
20190923851,12/27/2019 12:00:00 AM,2,0,0,,Y,352211,11,Front to Rear,21,CLEAR,1,DAYLIGHT,12,MOTOR VEHICLE IN TRANSPORT,CHARLOTTE AV & 40TH AVN,NASHVILLE,TN,37209,5229,WEST,36.1525,-86.8349,POINT (-86.8349 36.1525)
20190590398,08/08/2019 03:07:00 PM,2,1,0,,N,267831,4,ANGLE,21,CLEAR,1,DAYLIGHT,12,MOTOR VEHICLE IN TRANSPORT,51ST AVN & ALABAMA AV,NASHVILLE,TN,37209,5121,WEST,36.1531,-86.8486,POINT (-86.8486 36.1531)
20190761952,10/17/2019 12:00:00 AM,2,0,0,,N,311333,4,ANGLE,21,CLEAR,1,DAYLIGHT,12,MOTOR VEHICLE IN TRANSPORT,MURFREESBORO PKE & BELL RD,ANTIOCH,TN,37013,8865,SOUTH,36.072,-86.636,POINT (-86.636 36.072)
20190908025,12/19/2019 12:00:00 AM,2,0,0,,Y,429205,6,SIDESWIPE - OPPOSITE DIRECTION,21,CLEAR,1,DAYLIGHT,12,MOTOR VEHICLE IN TRANSPORT,DEMONBREUN ST & 10TH AVS,NASHVILLE,TN,37203,4019,CENTRA,36.156,-86.7829,POINT (-86.7829 36.156)
20190671108,09/09/2019 01:55:00 PM,2,0,0,,Y,151132,16,Rear to Side,21,CLEAR,1,DAYLIGHT,14,PARKED MOTOR VEHICLE,GALLATIN PKEN & NORTHSIDE MARKETPLACE PV,MADISON,TN,37115,1721,MADISO,36.3073,-86.6849,POINT (-86.6849 36.3073)
20190908390,12/19/2019 02:45:00 PM,2,0,0,,N,226424,4,ANGLE,21,CLEAR,1,DAYLIGHT,12,MOTOR VEHICLE IN TRANSPORT,MURFREESBORO PKE & FESSLERS LN,NASHVILLE,TN,37210,8117,SOUTH,36.1427,-86.744,POINT (-86.744 36.1427)
20190768442,10/20/2019 05:23:00 PM,2,0,0,,N,299267,2,HEAD-ON,21,CLEAR,1,DAYLIGHT,12,MOTOR VEHICLE IN TRANSPORT,HARDING PL & TROUSDALE DR,NASHVILLE,TN,37220,8601,MIDTOW,36.0811,-86.7584,POINT (-86.7584 36.0811)
20190664856,09/06/2019 03:20:00 PM,2,0,0,,N,714641,16,Rear to Side,21,CLEAR,1,DAYLIGHT,12,MOTOR VEHICLE IN TRANSPORT,BANKERS ALY & 2ND AVN,NASHVILLE,TN,37201,4135,CENTRA,36.1651,-86.7777,POINT (-86.7777 36.1651)
20190774583,10/23/2019 07:35:00 AM,2,0,0,,N,224824,4,ANGLE,21,CLEAR,1,DAYLIGHT,12,MOTOR VEHICLE IN TRANSPORT,OLD HICKORY BLVD & CENTRAL PKE,HERMITAGE,TN,37076,9557,HERMIT,36.1676,-86.7787,POINT (-86.7787 36.1676)
20190615025,08/17/2019 11:05:00 PM,2,0,0,,Y,256492,4,ANGLE,21,CLEAR,3,DARK - LIGHTED,12,MOTOR VEHICLE IN TRANSPORT,MM 212 2 I 40,NASHVILLE,TN,37210,90041,HERMIT,36.1458,-86.7414,POINT (-86.7414 36.1458)
20190587893,08/07/2019 06:09:00 PM,2,0,0,,Y,256380,5,SIDESWIPE - SAME DIRECTION,21,CLEAR,1,DAYLIGHT,14,PARKED MOTOR VEHICLE,BOOKER ST & 26TH AVN,NASHVILLE,TN,37208,5309,NORTH,36.1608,-86.8154,POINT (-86.8154 36.1608)
20190594794,08/10/2019 12:59:00 AM,2,0,0,,Y,173951,4,ANGLE,21,CLEAR,3,DARK - LIGHTED,14,PARKED MOTOR VEHICLE,E OLD HICKORY BLVD & HANKINS ST,MADISON,TN,37115,1627,MADISO,36.2631,-86.7002,POINT (-86.7002 36.2631)
20190872002,12/04/2019 08:54:00 AM,2,1,0,,N,384398,11,Front to Rear,21,CLEAR,1,DAYLIGHT,12,MOTOR VEHICLE IN TRANSPORT,MM 62 0 I 24,ANTIOCH,TN,37013,87040,SOUTH,36.0208,-86.6278,POINT (-86.6278 36.0208)
20190852802,11/25/2019 03:17:00 PM,2,0,0,,Y,240983,16,Rear to Side,21,CLEAR,1,DAYLIGHT,12,MOTOR VEHICLE IN TRANSPORT,RICHARDS RD & CUMMINGS PARK DR,ANTIOCH,TN,37013,8899,SOUTH,36.069,-86.6812,POINT (-86.6812 36.069)
20190894510,12/13/2019 03:01:00 PM,2,1,0,,N,279124,4,ANGLE,2,RAIN,1,DAYLIGHT,12,MOTOR VEHICLE IN TRANSPORT,MURFREESBORO PKE & VULTEE BLVD,NASHVILLE,TN,37217,8823,HERMIT,36.1239,-86.7074,POINT (-86.7074 36.1239)
20190581838,08/05/2019 02:21:00 PM,2,0,0,,N,169425,11,Front to Rear,21,CLEAR,1,DAYLIGHT,12,MOTOR VEHICLE IN TRANSPORT,MM 81 9 I 65,NASHVILLE,TN,37203,80060,MIDTOW,36.1419,-86.7766,POINT (-86.7766 36.1419)
20190706566,09/24/2019 06:48:00 AM,2,0,0,,Y,462474,5,SIDESWIPE - SAME DIRECTION,21,CLEAR,1,DAYLIGHT,12,MOTOR VEHICLE IN TRANSPORT,I40 W EXT RAMP & I 440,NASHVILLE,TN,37209,5230,WEST,36.1543,-86.823,POINT (-86.823 36.1543)
20190774478,10/23/2019 07:50:00 AM,2,2,0,,N,226622,4,ANGLE,21,CLEAR,1,DAYLIGHT,12,MOTOR VEHICLE IN TRANSPORT,HARDING PKE & HARDING PL,NASHVILLE,TN,37205,6201,WEST,36.1014,-86.8706,POINT (-86.8706 36.1014)
20190912712,12/21/2019 05:24:00 PM,2,0,0,,N,320585,11,Front to Rear,21,CLEAR,2,DARK - NOT LIGHTED,12,MOTOR VEHICLE IN TRANSPORT,MM 210 5 I 40,NASHVILLE,TN,37210,8202,HERMIT,36.1522,-86.7669,POINT (-86.7669 36.1522)
20190897277,12/14/2019 11:23:00 PM,2,0,0,,N,279197,5,SIDESWIPE - SAME DIRECTION,21,CLEAR,3,DARK - LIGHTED,12,MOTOR VEHICLE IN TRANSPORT,S 4TH ST & SHELBY AV,NASHVILLE,TN,37206,1009,EAST,36.1668,-86.7636,POINT (-86.7636 36.1668)
20190752376,10/14/2019 12:50:00 AM,2,0,0,,Y,311340,4,ANGLE,21,CLEAR,3,DARK - LIGHTED,12,MOTOR VEHICLE IN TRANSPORT,EDGEHILL AV & 17TH AVS,NASHVILLE,TN,37212,6627,MIDTOW,36.1435,-86.7944,POINT (-86.7944 36.1435)
20190786685,10/28/2019 05:40:00 PM,2,0,0,,N,352156,11,Front to Rear,21,CLEAR,1,DAYLIGHT,12,MOTOR VEHICLE IN TRANSPORT,HARDING PL & HARDING INDUSTRIAL DR,NASHVILLE,TN,37211,8847,SOUTH,36.0898,-86.6882,POINT (-86.6882 36.0898)
20190793347,10/31/2019 08:59:00 AM,2,1,0,,N,594473,4,ANGLE,2,RAIN,1,DAYLIGHT,12,MOTOR VEHICLE IN TRANSPORT,NOEL DR & OLD HICKORY BLVD,BRENTWOOD,TN,37027,6301,MIDTOW,36.0448,-86.8489,POINT (-86.8489 36.0448)
20200000118,12/31/2019 12:00:00 AM,2,0,0,Y,Y,320591,4,ANGLE,21,CLEAR,3,DARK - LIGHTED,12,MOTOR VEHICLE IN TRANSPORT,HAMILTON CHURCH RD & HOBSON PKE,ANTIOCH,TN,37013,8905,SOUTH,36.0586,-86.5978,POINT (-86.5978 36.0586)
20190608065,08/15/2019 07:53:00 AM,2,0,0,,N,633390,4,ANGLE,21,CLEAR,1,DAYLIGHT,12,MOTOR VEHICLE IN TRANSPORT,DICKERSON PKE & ALHAMBRA CIR,NASHVILLE,TN,37207,1823,EAST,36.2196,-86.7624,POINT (-86.7624 36.2196)
20190780830,10/25/2019 06:41:00 PM,2,0,0,,N,256394,11,Front to Rear,2,RAIN,3,DARK - LIGHTED,12,MOTOR VEHICLE IN TRANSPORT,BRILEY PKWYN & I40 E ENT RAMP,NASHVILLE,TN,37217,8998,HERMIT,36.1392,-86.7002,POINT (-86.7002 36.1392)
20190844752,11/21/2019 11:33:00 PM,2,0,0,,Y,197067,5,SIDESWIPE - SAME DIRECTION,2,RAIN,2,DARK - NOT LIGHTED,14;55,PARKED MOTOR VEHICLE;Motor Vehicle-In-Motion Outside Trafficw,1 CANNERY ROW,NASHVILLE,TN,37203,4019,CENTRA,36.1529,-86.7794,POINT (-86.7794 36.1529)
20190589118,08/08/2019 04:30:00 AM,1,0,0,,N,330414,0,NOT COLLISION W/MOTOR VEHICLE-TRANSPORT,21,CLEAR,2,DARK - NOT LIGHTED,50,DEER (ANIMAL),OLD SPRINGFIELD PIKE & LICKTON PIKE,GOODLETTSVILLE,TN,37072,2221,MADISO,36.3464,-86.7256,POINT (-86.7256 36.3464)
20190688051,09/16/2019 02:09:00 PM,2,0,0,,N,256380,4,ANGLE,21,CLEAR,1,DAYLIGHT,12,MOTOR VEHICLE IN TRANSPORT,EATONS CREEK RD & I24 E EXT RAMP,JOELTON,TN,37080,3331,NORTH,36.3217,-86.8687,POINT (-86.8687 36.3217)
20190726274,10/02/2019 11:17:00 AM,2,0,0,,N,462474,4,ANGLE,21,CLEAR,1,DAYLIGHT,12,MOTOR VEHICLE IN TRANSPORT,HARDING PL & WAUFORD DR,NASHVILLE,TN,37211,8605,MIDTOW,36.0809,-86.7516,POINT (-86.7516 36.0809)
20190719972,09/29/2019 07:20:00 PM,3,0,0,,Y,481573,11,Front to Rear,21,CLEAR,3,DARK - LIGHTED,12,MOTOR VEHICLE IN TRANSPORT,EDMONDSON PKE & WALLACE RD,NASHVILLE,TN,37211,8661,MIDTOW,36.0771,-86.7256,POINT (-86.7256 36.0771)
20190919459,12/25/2019 12:00:00 AM,1,0,0,,Y,256377,0,NOT COLLISION W/MOTOR VEHICLE-TRANSPORT,21,CLEAR,3,DARK - LIGHTED,34;63,DITCH;Ran Off Road-Right,MM 214 2 I 40,NASHVILLE,TN,37210,90062,HERMIT,36.1424,-86.7107,POINT (-86.7107 36.1424)