Accident Number,Date and Time,Number of Motor Vehicles,Number of Injuries,Number of Fatalities,Property Damage,Hit and Run,Reporting Officer,Collision Type Code,Collision Type Description,Weather Code,Weather Description,Illumination Code,Illumination Description,Harmful Code,Harmful Code Description,Street Address,City,State,ZIP,RPA,Precinct,Latitude,Longitude,Mapped Location
20190848687,11/23/2019 04:40:00 PM,1,0,0,,N,352173,0,NOT COLLISION W/MOTOR VEHICLE-TRANSPORT,2,RAIN,1,DAYLIGHT,34,DITCH,I24 W ENT RAMP & I 24,NASHVILLE,TN,37206,1009,EAST,36.1666,-86.7638,POINT (-86.7638 36.1666)
20190716171,09/27/2019 10:03:00 PM,2,0,0,,N,298863,11,Front to Rear,21,CLEAR,7,Dark-Unknown Lighting,14,PARKED MOTOR VEHICLE,DEMONBREUN ST & 4TH AVS,NASHVILLE,TN,37203,4055,CENTRA,36.159,-86.7759,POINT (-86.7759 36.159)
20190583673,08/06/2019 07:30:00 AM,2,0,0,,N,716886,4,ANGLE,21,CLEAR,1,DAYLIGHT,12,MOTOR VEHICLE IN TRANSPORT,TIMMONS ST & NOLENSVILLE PKE,NASHVILLE,TN,37211,8425,SOUTH,36.1078,-86.7427,POINT (-86.7427 36.1078)
20190758089,10/16/2019 05:46:00 AM,1,0,0,,N,212334,0,NOT COLLISION W/MOTOR VEHICLE-TRANSPORT,22,CLOUDY,2,DARK - NOT LIGHTED,42,TREE,MM 38 5 I 24,WHITES CREEK,TN,37189,33181,NORTH,36.3034,-86.8132,POINT (-86.8132 36.3034)
20190820883,11/12/2019 06:45:00 AM,2,0,0,,N,420059,11,Front to Rear,21,CLEAR,1,DAYLIGHT,12,MOTOR VEHICLE IN TRANSPORT,TROUSDALE DR & BLACKMAN RD,NASHVILLE,TN,37211,8603,MIDTOW,36.0391,-86.7437,POINT (-86.7437 36.0391)
20190593102,08/09/2019 12:54:00 PM,2,1,0,,N,299243,11,Front to Rear,21,CLEAR,1,DAYLIGHT,12,MOTOR VEHICLE IN TRANSPORT,MM 48 8 I 24,NASHVILLE,TN,37213,1104,CENTRA,36.1682,-86.7659,POINT (-86.7659 36.1682)
20190805832,11/05/2019 04:42:00 PM,2,0,0,,N,384421,11,Front to Rear,21,CLEAR,1,DAYLIGHT,12,MOTOR VEHICLE IN TRANSPORT,MM 215 5 I 40,NASHVILLE,TN,37217,89020,HERMIT,36.1432,-86.6865,POINT (-86.6865 36.1432)
20190863337,11/30/2019 03:04:00 PM,2,0,0,,N,352168,2,HEAD-ON,22,CLOUDY,1,DAYLIGHT,12,MOTOR VEHICLE IN TRANSPORT,NOLENSVILLE PKE & HARDING PL,NASHVILLE,TN,37211,8445,SOUTH,36.0809,-86.7267,POINT (-86.7267 36.0809)
20190676772,09/11/2019 05:05:00 PM,2,0,0,,N,169425,4,ANGLE,21,CLEAR,1,DAYLIGHT,12,MOTOR VEHICLE IN TRANSPORT,18TH AVS & ROY ACUFF PL,NASHVILLE,TN,37203,6715,MIDTOW,36.1502,-86.7945,POINT (-86.7945 36.1502)
20190678641,09/12/2019 11:00:00 AM,2,0,0,,N,352214,98,OTHER,21,CLEAR,1,DAYLIGHT,12,MOTOR VEHICLE IN TRANSPORT,CHARLOTTE AV & 24TH AVN,NASHVILLE,TN,37203,5619,MIDTOW,36.1557,-86.8104,POINT (-86.8104 36.1557)
20190696979,09/19/2019 10:35:00 PM,2,1,0,,N,197055,5,SIDESWIPE - SAME DIRECTION,21,CLEAR,3,DARK - LIGHTED,12,MOTOR VEHICLE IN TRANSPORT,MURFREESBORO & MT VIEW,ANTIOCH,TN,37013,8927,SOUTH,36.0543,-86.6187,POINT (-86.6187 36.0543)
20190835428,11/18/2019 09:00:00 AM,2,0,0,Y,Y,352164,6,SIDESWIPE - OPPOSITE DIRECTION,22,CLOUDY,1,DAYLIGHT,12,MOTOR VEHICLE IN TRANSPORT,RURAL HILL RD & TOOK DR,ANTIOCH,TN,37013,8861,SOUTH,36.0687,-86.6398,POINT (-86.6398 36.0687)
20190676741,09/11/2019 05:46:00 PM,2,0,0,,N,620080,11,Front to Rear,22,CLOUDY,1,DAYLIGHT,12,MOTOR VEHICLE IN TRANSPORT,MAIN ST ENT RAMP & SPRING ST,NASHVILLE,TN,37207,1995,EAST,36.1732,-86.7657,POINT (-86.7657 36.1732)
20190736338,10/06/2019 10:50:00 PM,2,0,0,,N,330438,2,HEAD-ON,2,RAIN,3,DARK - LIGHTED,12,MOTOR VEHICLE IN TRANSPORT,MM 211 6 I 40,NASHVILLE,TN,37210,82042,HERMIT,36.1508,-86.7502,POINT (-86.7502 36.1508)
20190584920,08/06/2019 04:32:00 PM,2,0,0,,Y,169425,11,Front to Rear,21,CLEAR,1,DAYLIGHT,12,MOTOR VEHICLE IN TRANSPORT,MM 209 2 I 40,NASHVILLE,TN,37203,4002,CENTRA,36.1553,-86.7889,POINT (-86.7889 36.1553)
20190846133,11/22/2019 01:05:00 PM,2,0,0,,Y,665896,98,OTHER,22,CLOUDY,1,DAYLIGHT,12;14,MOTOR VEHICLE IN TRANSPORT;PARKED MOTOR VEHICLE,EASTMORELAND ST & DICKERSON PKE,NASHVILLE,TN,37207,1893,EAST,36.1955,-86.7719,POINT (-86.7719 36.1955)
20190908606,12/19/2019 06:38:00 PM,2,1,0,,N,240985,98,OTHER,21,CLEAR,3,DARK - LIGHTED,12,MOTOR VEHICLE IN TRANSPORT,HARDING PL & NOLENSVILLE PKE,NASHVILLE,TN,37211,8705,SOUTH,36.0797,-86.7261,POINT (-86.7261 36.0797)
20190907824,12/19/2019 12:11:00 PM,2,2,0,,N,580819,4,ANGLE,21,CLEAR,1,DAYLIGHT,12,MOTOR VEHICLE IN TRANSPORT,8TH AVS & BROADWAY,NASHVILLE,TN,37203,4085,CENTRA,36.1588,-86.782,POINT (-86.782 36.1588)
20190872858,12/04/2019 04:12:00 PM,1,0,0,Y,N,179606,0,NOT COLLISION W/MOTOR VEHICLE-TRANSPORT,21,CLEAR,1,DAYLIGHT,38,FENCE,LYNWOOD AV & HAMILTON AV,NASHVILLE,TN,37203,6941,MIDTOW,36.1386,-86.7772,POINT (-86.7772 36.1386)
20190596828,08/10/2019 09:19:00 PM,3,0,0,,N,298871,11,Front to Rear,21,CLEAR,3,DARK - LIGHTED,12,MOTOR VEHICLE IN TRANSPORT,18TH AVS & WEST END AV,NASHVILLE,TN,37203,5523,MIDTOW,36.153,-86.796,POINT (-86.796 36.153)
20190753445,10/14/2019 11:00:00 AM,3,1,0,,Y,544481,4,ANGLE,21,CLEAR,1,DAYLIGHT,12,MOTOR VEHICLE IN TRANSPORT,CLEVELAND ST & N 9TH ST,NASHVILLE,TN,37206,1925,EAST,36.1847,-86.7583,POINT (-86.7583 36.1847)
20190697767,09/20/2019 07:35:00 AM,3,0,0,,N,716886,11,Front to Rear,21,CLEAR,1,DAYLIGHT,12,MOTOR VEHICLE IN TRANSPORT,BELL RD & CANE RIDGE RD,ANTIOCH,TN,37013,8721,SOUTH,36.0447,-86.6615,POINT (-86.6615 36.0447)
20190734395,10/05/2019 08:40:00 PM,2,1,0,,N,405418,5,SIDESWIPE - SAME DIRECTION,21,CLEAR,3,DARK - LIGHTED,12,MOTOR VEHICLE IN TRANSPORT,FRANKLIN PKE & OLD HICKORY BLVD,NASHVILLE,TN,37220,7111,MIDTOW,36.0377,-86.7865,POINT (-86.7865 36.0377)
20190608467,08/15/2019 10:45:00 AM,2,0,0,,N,225773,5,SIDESWIPE - SAME DIRECTION,21,CLEAR,1,DAYLIGHT,12,MOTOR VEHICLE IN TRANSPORT,MM 75 3 I 65,NASHVILLE,TN,37220,71040,MIDTOW,36.0483,-86.7762,POINT (-86.7762 36.0483)
20190875450,12/05/2019 04:00:00 PM,2,0,0,,N,352184,11,Front to Rear,21,CLEAR,1,DAYLIGHT,12,MOTOR VEHICLE IN TRANSPORT,MM 47 1 I 24,NASHVILLE,TN,37207,1904,CENTRA,36.187,-86.776,POINT (-86.776 36.187)
20190594545,08/09/2019 10:39:00 PM,2,0,0,,Y,352189,4,ANGLE,21,CLEAR,7,Dark-Unknown Lighting,12,MOTOR VEHICLE IN TRANSPORT,CHARLOTTE PKE & WESTBORO DR,NASHVILLE,TN,37209,5027,WEST,36.1459,-86.871,POINT (-86.871 36.1459)
20190713305,09/26/2019 07:34:00 PM,2,1,0,,N,240983,4,ANGLE,22,CLOUDY,2,DARK - NOT LIGHTED,12,MOTOR VEHICLE IN TRANSPORT,LOGISTICS WAY & OLD HICKORY BLVD,ANTIOCH,TN,37013,8869,SOUTH,36.0326,-86.6119,POINT (-86.6119 36.0326)
20190699942,09/21/2019 12:00:00 AM,1,0,0,Y,Y,330441,0,NOT COLLISION W/MOTOR VEHICLE-TRANSPORT,21,CLEAR,3,DARK - LIGHTED,33;55,CURB;Motor Vehicle-In-Motion Outside Trafficw,HARDING PL & COVENTRY DR,NASHVILLE,TN,37211,8609,MIDTOW,36.0789,-86.7284,POINT (-86.7284 36.0789)
20190681412,09/13/2019 11:18:00 AM,2,0,0,,N,807344,11,Front to Rear,21,CLEAR,1,DAYLIGHT,12,MOTOR VEHICLE IN TRANSPORT,INTERSTATE DR & JAMES ROBERTSON PKWY,NASHVILLE,TN,37213,1105,CENTRA,36.1714,-86.769,POINT (-86.769 36.1714)
20190662267,09/05/2019 02:52:00 PM,2,2,0,,N,256389,2,HEAD-ON,21,CLEAR,1,DAYLIGHT,12,MOTOR VEHICLE IN TRANSPORT,HARDING PL & COMPTON TRC,NASHVILLE,TN,37215,6313,MIDTOW,36.0902,-86.8118,POINT (-86.8118 36.0902)
20190779925,10/25/2019 12:05:00 PM,2,1,0,,N,420035,4,ANGLE,2,RAIN,1,DAYLIGHT,12,MOTOR VEHICLE IN TRANSPORT,GALLATIN PKES & MADISON SQ,MADISON,TN,37115,1623,MADISO,36.2541,-86.7161,POINT (-86.7161 36.2541)
20190819061,11/11/2019 12:00:00 PM,2,1,0,,N,256502,4,ANGLE,21,CLEAR,1,DAYLIGHT,12,MOTOR VEHICLE IN TRANSPORT,SCOVEL ST & DR D B TODD JR BLVD,NASHVILLE,TN,37208,4475,NORTH,36.1705,-86.807,POINT (-86.807 36.1705)
20190877725,12/06/2019 01:06:00 PM,2,0,0,,N,384398,5,SIDESWIPE - SAME DIRECTION,22,CLOUDY,1,DAYLIGHT,12,MOTOR VEHICLE IN TRANSPORT,OLD HICKORY BLVD & FIRESTONE PKWY,ANTIOCH,TN,37013,8867,SOUTH,36.017,-86.6199,POINT (-86.6199 36.017)
20190672951,09/10/2019 09:30:00 AM,2,0,0,,N,620061,11,Front to Rear,21,CLEAR,1,DAYLIGHT,12,MOTOR VEHICLE IN TRANSPORT,BRENTWOOD CHASE DR & OLD HICKORY BLVD,BRENTWOOD,TN,37027,8619,MIDTOW,36.0399,-86.7524,POINT (-86.7524 36.0399)
20190841660,11/20/2019 05:44:00 PM,1,1,0,,Y,256392,0,NOT COLLISION W/MOTOR VEHICLE-TRANSPORT,21,CLEAR,3,DARK - LIGHTED,8,PEDESTRIAN,24TH AVN & CLARKSVILLE PKE,NASHVILLE,TN,37208,4417,NORTH,36.1847,-86.8157,POINT (-86.8157 36.1847)
20190643145,08/28/2019 07:16:00 PM,1,1,0,,N,256383,0,NOT COLLISION W/MOTOR VEHICLE-TRANSPORT,21,CLEAR,1,DAYLIGHT,30;5;63,UTILITY POLE;Ran Off Road-Right,MURFREESBORO PKE & HAMILTON GLEN PL,ANTIOCH,TN,37013,8865,SOUTH,36.0602,-86.6234,POINT (-86.6234 36.0602)
20190767070,10/19/2019 10:45:00 PM,2,2,0,,N,352209,11,Front to Rear,22,CLOUDY,3,DARK - LIGHTED,12,MOTOR VEHICLE IN TRANSPORT,BROADWAY & I40 W ENT RAMP,NASHVILLE,TN,37203,4081,CENTRA,36.156,-86.7889,POINT (-86.7889 36.156)
20190891450,12/12/2019 07:50:00 AM,1,0,0,Y,Y,137872,0,NOT COLLISION W/MOTOR VEHICLE-TRANSPORT,21,CLEAR,1,DAYLIGHT,43,OTHER FIXED OBJECTS,GRANWOOD BLVD & OLD HICKORY BLVD,OLD HICKORY,TN,37138,9617,HERMIT,36.2168,-86.6235,POINT (-86.6235 36.2168)
20190796657,11/01/2019 04:51:00 PM,2,0,0,,N,256384,11,Front to Rear,21,CLEAR,1,DAYLIGHT,12,MOTOR VEHICLE IN TRANSPORT,MM 53 2 I 24,NASHVILLE,TN,37210,83020,SOUTH,36.116,-86.7253,POINT (-86.7253 36.116)
20190772818,10/22/2019 02:22:00 PM,2,0,0,,N,134899,4,ANGLE,21,CLEAR,1,DAYLIGHT,12,MOTOR VEHICLE IN TRANSPORT,US HWY 70 & DISSPAYNE DR,NASHVILLE,TN,37214,9403,HERMIT,36.1726,-86.6495,POINT (-86.6495 36.1726)
20190672895,09/10/2019 09:39:00 AM,2,0,0,,Y,109534,5,SIDESWIPE - SAME DIRECTION,21,CLEAR,1,DAYLIGHT,14;99,PARKED MOTOR VEHICLE;UNKNOWN MOST HARMFUL EVENT,STEWARTS FERRY PKE & CLOVER BOTTOM PVTDR,NASHVILLE,TN,37214,9407,HERMIT,36.1609,-86.6452,POINT (-86.6452 36.1609)
20190905515,12/18/2019 01:57:00 PM,2,0,0,,N,462474,4,ANGLE,21,CLEAR,1,DAYLIGHT,12,MOTOR VEHICLE IN TRANSPORT,BEDDINGTON PK & GRANNY WHITE PKE,NASHVILLE,TN,37215,6305,MIDTOW,36.0575,-86.8161,POINT (-86.8161 36.0575)
20190715024,09/27/2019 01:17:00 PM,2,0,0,,Y,226622,11,Front to Rear,21,CLEAR,1,DAYLIGHT,12,MOTOR VEHICLE IN TRANSPORT,HILLSBORO PKE & HAMPTON PL,NASHVILLE,TN,37215,6013,WEST,36.115,-86.8107,POINT (-86.8107 36.115)
20190710113,09/25/2019 02:28:00 PM,2,0,0,,N,134899,5,SIDESWIPE - SAME DIRECTION,21,CLEAR,1,DAYLIGHT,12,MOTOR VEHICLE IN TRANSPORT,KNOBVIEW DR & OLD LEBANON PKE,NASHVILLE,TN,37214,9307,HERMIT,36.1703,-86.67,POINT (-86.67 36.1703)
20190728911,10/03/2019 12:10:00 PM,1,0,0,,N,299247,0,NOT COLLISION W/MOTOR VEHICLE-TRANSPORT,21,CLEAR,1,DAYLIGHT,18,OTHER OBJECT (NOT FIXED),BRILEY PKWYN & BRILEY PKWY N ENT RAMP,NASHVILLE,TN,37214,9203,HERMIT,36.1716,-86.6885,POINT (-86.6885 36.1716)
20190897239,12/14/2019 10:58:00 PM,2,0,0,,Y,330420,11,Front to Rear,21,CLEAR,3,DARK - LIGHTED,12,MOTOR VEHICLE IN TRANSPORT,I 40 & UNKNOWN RAMP,NASHVILLE,TN,37210,9041,HERMIT,36.144,-86.7013,POINT (-86.7013 36.144)
20190920217,12/25/2019 06:35:00 PM,1,2,0,,N,163667,0,NOT COLLISION W/MOTOR VEHICLE-TRANSPORT,21,CLEAR,2,DARK - NOT LIGHTED,18,OTHER OBJECT (NOT FIXED),MM 75 0 I 65,BRENTWOOD,TN,37027,86040,MIDTOW,36.0442,-86.7806,POINT (-86.7806 36.0442)
20190787981,10/29/2019 06:45:00 AM,2,0,0,,N,414668,4,ANGLE,22,CLOUDY,3,DARK - LIGHTED,12,MOTOR VEHICLE IN TRANSPORT,MM 87 0 I 65,NASHVILLE,TN,37207,18020,EAST,36.2018,-86.7766,POINT (-86.7766 36.2018)
20190744259,10/10/2019 07:39:00 AM,1,1,0,,Y,384392,0,NOT COLLISION W/MOTOR VEHICLE-TRANSPORT,21,CLEAR,1,DAYLIGHT,8,PEDESTRIAN,US HWY 70 & CHURCH ST,NASHVILLE,TN,37203,4153,CENTRA,36.1584,-86.7906,POINT (-86.7906 36.1584)
20190705800,09/23/2019 09:15:00 PM,2,0,0,,N,330438,5,SIDESWIPE - SAME DIRECTION,21,CLEAR,3,DARK - LIGHTED,12,MOTOR VEHICLE IN TRANSPORT,CENTRAL PKE & OLD HICKORY BLVD,HERMITAGE,TN,37076,9529,HERMIT,36.1736,-86.6021,POINT (-86.6021 36.1736)
20190855777,11/26/2019 05:10:00 PM,2,0,0,,Y,717341,4,ANGLE,2,RAIN,5,DUSK,12,MOTOR VEHICLE IN TRANSPORT,MURFREESBORO PKE & MCGAVOCK PKE,NASHVILLE,TN,37217,8841,SOUTH,36.1129,-86.689,POINT (-86.689 36.1129)
20190796649,11/01/2019 03:30:00 PM,2,1,0,,N,256389,11,Front to Rear,21,CLEAR,1,DAYLIGHT,12,MOTOR VEHICLE IN TRANSPORT,GRANNY WHITE PKE & GRANDVIEW DR,NASHVILLE,TN,37204,7007,MIDTOW,36.1079,-86.7939,POINT (-86.7939 36.1079)
20190749544,10/12/2019 01:08:00 PM,2,0,0,,N,343522,11,Front to Rear,21,CLEAR,1,DAYLIGHT,12,MOTOR VEHICLE IN TRANSPORT,HIGHWAY 70S & COLICE JEANNE RD,NASHVILLE,TN,37221,4811,WEST,36.074,-86.9353,POINT (-86.9353 36.074)
20190602346,08/13/2019 06:45:00 AM,2,1,0,,N,676834,11,Front to Rear,21,CLEAR,1,DAYLIGHT,12,MOTOR VEHICLE IN TRANSPORT,MM 207 1 I 40,NASHVILLE,TN,37208,54020,NORTH,36.1698,-86.8093,POINT (-86.8093 36.1698)
20190739611,10/08/2019 10:17:00 AM,2,0,0,,N,184158,4,ANGLE,22,CLOUDY,1,DAYLIGHT,12,MOTOR VEHICLE IN TRANSPORT,WOODMONT BLVD & HARDING PKE,NASHVILLE,TN,37205,6101,WEST,36.1245,-86.8472,POINT (-86.8472 36.1245)
20190701455,09/21/2019 10:17:00 PM,2,0,0,,N,298871,11,Front to Rear,21,CLEAR,3,DARK - LIGHTED,12,MOTOR VEHICLE IN TRANSPORT,MM 205 2 I 40,NASHVILLE,TN,37209,52027,WEST,36.154,-86.835,POINT (-86.835 36.154)
20190707042,09/24/2019 10:24:00 AM,2,1,0,,N,224464,2,HEAD-ON,21,CLEAR,1,DAYLIGHT,12,MOTOR VEHICLE IN TRANSPORT,DR D B TODD JR BLVD & JEFFERSON ST,NASHVILLE,TN,37208,5325,NORTH,36.1695,-86.8067,POINT (-86.8067 36.1695)
20190855557,11/26/2019 05:23:00 PM,2,1,0,,N,256389,11,Front to Rear,2,RAIN,3,DARK - LIGHTED,12,MOTOR VEHICLE IN TRANSPORT,MM 6 0 I 440,NASHVILLE,TN,37211,81060,MIDTOW,36.1217,-86.7565,POINT (-86.7565 36.1217)
20190836239,11/18/2019 05:21:00 PM,2,0,0,,Y,197070,11,Front to Rear,21,CLEAR,7,Dark-Unknown Lighting,12,MOTOR VEHICLE IN TRANSPORT,MM 49 4 I 24,NASHVILLE,TN,37206,10040,EAST,36.1613,-86.7604,POINT (-86.7604 36.1613)
20190650143,08/31/2019 11:17:00 AM,3,1,0,,N,212345,4,ANGLE,21,CLEAR,1,DAYLIGHT,12,MOTOR VEHICLE IN TRANSPORT,FATHERLAND ST & S 16TH ST,NASHVILLE,TN,37206,1223,EAST,36.1734,-86.7424,POINT (-86.7424 36.1734)
20190783500,10/27/2019 08:20:00 AM,2,1,0,,N,343522,5,SIDESWIPE - SAME DIRECTION,2,RAIN,1,DAYLIGHT,12,MOTOR VEHICLE IN TRANSPORT,MM 198 0 I 40,NASHVILLE,TN,37221,4706,WEST,36.0975,-86.9364,POINT (-86.9364 36.0975)
20190733968,10/05/2019 03:48:00 PM,2,0,0,,Y,298877,5,SIDESWIPE - SAME DIRECTION,21,CLEAR,1,DAYLIGHT,12,MOTOR VEHICLE IN TRANSPORT,HARDING PL & I24 W ENT RAMP,NASHVILLE,TN,37211,8889,SOUTH,36.0868,-86.6977,POINT (-86.6977 36.0868)
20190910245,12/20/2019 01:00:00 AM,1,0,0,Y,Y,212325,0,NOT COLLISION W/MOTOR VEHICLE-TRANSPORT,21,CLEAR,2,DARK - NOT LIGHTED,38;63,FENCE;Ran Off Road-Right,ROOSEVELT AV & CEDARCREST AV,MADISON,TN,37115,1725,MADISO,36.2707,-86.7054,POINT (-86.7054 36.2707)
20190751405,10/13/2019 12:20:00 PM,1,1,0,,N,279110,0,NOT COLLISION W/MOTOR VEHICLE-TRANSPORT,21,CLEAR,1,DAYLIGHT,34,DITCH,NOLENSVILLE PKE & YELTON CT,NASHVILLE,TN,37211,8435,SOUTH,36.0911,-86.7348,POINT (-86.7348 36.0911)
20190827177,11/14/2019 04:31:00 PM,2,0,0,,N,384446,11,Front to Rear,21,CLEAR,5,DUSK,12,MOTOR VEHICLE IN TRANSPORT,MM 197 6 I 40,NASHVILLE,TN,37221,4806,WEST,36.093,-86.9382,POINT (-86.9382 36.093)
20190858320,11/27/2019 07:46:00 PM,1,0,0,Y,Y,151132,0,NOT COLLISION W/MOTOR VEHICLE-TRANSPORT,21,CLEAR,3,DARK - LIGHTED,43,OTHER FIXED OBJECTS,GALLATIN PKES & EMMITT AV,MADISON,TN,37115,1623,MADISO,36.2536,-86.7165,POINT (-86.7165 36.2536)
20190921840,12/26/2019 02:19:00 PM,2,1,0,,N,717341,11,Front to Rear,22,CLOUDY,1,DAYLIGHT,12,MOTOR VEHICLE IN TRANSPORT,NOLENSVILLE PKE & CENTRAL AV,NASHVILLE,TN,37210,8315,SOUTH,36.114,-86.7468,POINT (-86.7468 36.114)
20190589818,08/08/2019 09:50:00 AM,2,0,0,,N,414668,5,SIDESWIPE - SAME DIRECTION,22,CLOUDY,1,DAYLIGHT,12,MOTOR VEHICLE IN TRANSPORT,BRILEY PKWY N ENT RAMP & BRILEY PKWYN,NASHVILLE,TN,37209,45065,WEST,36.1584,-86.8635,POINT (-86.8635 36.1584)
20190813159,11/08/2019 03:44:00 PM,2,0,0,,N,384439,4,ANGLE,21,CLEAR,1,DAYLIGHT,12,MOTOR VEHICLE IN TRANSPORT,FRANKLIN AV & N 14TH ST,NASHVILLE,TN,37206,1303,EAST,36.185,-86.7444,POINT (-86.7444 36.185)
20190597176,08/11/2019 01:54:00 AM,2,1,0,,Y,415780,5,SIDESWIPE - SAME DIRECTION,21,CLEAR,3,DARK - LIGHTED,12,MOTOR VEHICLE IN TRANSPORT,MM 81 8 I 65,NASHVILLE,TN,37203,68040,MIDTOW,36.1403,-86.7764,POINT (-86.7764 36.1403)
20190680895,09/13/2019 07:33:00 AM,2,0,0,,N,226622,16,Rear to Side,21,CLEAR,1,DAYLIGHT,12,MOTOR VEHICLE IN TRANSPORT,48TH AVN & MICHIGAN AV,NASHVILLE,TN,37209,4541,WEST,36.1584,-86.845,POINT (-86.845 36.1584)
20190883190,12/09/2019 08:50:00 AM,2,0,0,,N,571313,4,ANGLE,22,CLOUDY,1,DAYLIGHT,12,MOTOR VEHICLE IN TRANSPORT,MM 80 8 I 65,NASHVILLE,TN,37204,80040,MIDTOW,36.127,-86.7725,POINT (-86.7725 36.127)
20190764250,10/18/2019 03:20:00 PM,3,0,0,,N,299264,11,Front to Rear,21,CLEAR,1,DAYLIGHT,12,MOTOR VEHICLE IN TRANSPORT,MM 3 0 I 440,NASHVILLE,TN,37215,6424,MIDTOW,36.1201,-86.8026,POINT (-86.8026 36.1201)
20190845246,11/22/2019 04:43:00 AM,2,0,0,,Y,330420,5,SIDESWIPE - SAME DIRECTION,2,RAIN,2,DARK - NOT LIGHTED,12;24,MOTOR VEHICLE IN TRANSPORT;GUARDRAIL FACE,MM 212 9 I 40,NASHVILLE,TN,37210,82061,HERMIT,36.1404,-86.7312,POINT (-86.7312 36.1404)
20190848795,11/23/2019 06:00:00 PM,1,2,0,Y,N,330431,0,NOT COLLISION W/MOTOR VEHICLE-TRANSPORT,2,RAIN,3,DARK - LIGHTED,40;41,MAIL BOX;SHRUBBERY,BUENA VISTA PKE & MOORMANS ARM RD,NASHVILLE,TN,37207,3015,NORTH,36.2148,-86.8177,POINT (-86.8177 36.2148)
20190629651,08/23/2019 07:58:00 AM,2,0,0,,N,352211,11,Front to Rear,21,CLEAR,1,DAYLIGHT,12,MOTOR VEHICLE IN TRANSPORT,MM 205 0 I 40,NASHVILLE,TN,37209,45020,WEST,36.154,-86.8391,POINT (-86.8391 36.154)
20190926388,12/28/2019 11:04:00 PM,2,0,0,,N,415780,5,SIDESWIPE - SAME DIRECTION,21,CLEAR,3,DARK - LIGHTED,12,MOTOR VEHICLE IN TRANSPORT,MM 81 9 I 65,NASHVILLE,TN,37203,80060,MIDTOW,36.1419,-86.7766,POINT (-86.7766 36.1419)
20190803315,11/04/2019 06:04:00 PM,2,0,0,,Y,330445,11,Front to Rear,21,CLEAR,3,DARK - LIGHTED,12,MOTOR VEHICLE IN TRANSPORT,MM 2 0 I 440,NASHVILLE,TN,37212,5906,MIDTOW,36.1302,-86.8169,POINT (-86.8169 36.1302)
20190891072,12/12/2019 07:28:00 AM,2,0,0,,N,156307,4,ANGLE,21,CLEAR,1,DAYLIGHT,12,MOTOR VEHICLE IN TRANSPORT,CHARLOTTE AV & 23RD AVN,NASHVILLE,TN,37209,5339,NORTH,36.1558,-86.8097,POINT (-86.8097 36.1558)
20190847029,11/22/2019 08:41:00 PM,1,0,0,,Y,256446,0,NOT COLLISION W/MOTOR VEHICLE-TRANSPORT,2,RAIN,2,DARK - NOT LIGHTED,71,EMBANKMENT EARTH,13000 OLD HICKORY BLVD,ANTIOCH,TN,37013,8867,SOUTH,36.0168,-86.6199,POINT (-86.6199 36.0168)
20190790748,10/30/2019 06:41:00 AM,2,0,0,,N,676834,11,Front to Rear,2,RAIN,3,DARK - LIGHTED,12,MOTOR VEHICLE IN TRANSPORT,MM 87 2 I 65,NASHVILLE,TN,37207,18020,EAST,36.2054,-86.7764,POINT (-86.7764 36.2054)
20190812882,11/08/2019 12:00:00 PM,2,0,0,,N,320575,5,SIDESWIPE - SAME DIRECTION,21,CLEAR,1,DAYLIGHT,12,MOTOR VEHICLE IN TRANSPORT,MM 55 4 I 24,NASHVILLE,TN,37211,8812,SOUTH,36.0901,-86.7031,POINT (-86.7031 36.0901)
20190739527,10/08/2019 09:35:00 AM,2,0,0,,N,226600,11,Front to Rear,22,CLOUDY,1,DAYLIGHT,12,MOTOR VEHICLE IN TRANSPORT,HIGHWAY 100 & WARNER NATURE CTR PVTDR,NASHVILLE,TN,37221,6213,WEST,36.0611,-86.9131,POINT (-86.9131 36.0611)
20190771038,10/21/2019 08:35:00 PM,2,0,0,,N,256384,5,SIDESWIPE - SAME DIRECTION,3,"SLEET, HAIL",3,DARK - LIGHTED,12,MOTOR VEHICLE IN TRANSPORT,MM 53 0 I 24,NASHVILLE,TN,37210,8302,SOUTH,36.1189,-86.7264,POINT (-86.7264 36.1189)
20190900402,12/16/2019 02:25:00 PM,2,0,0,,N,197070,4,ANGLE,21,CLEAR,1,DAYLIGHT,12,MOTOR VEHICLE IN TRANSPORT,CHARLOTTE AV & JO JOHNSTON AV,NASHVILLE,TN,37203,5357,NORTH,36.1574,-86.8024,POINT (-86.8024 36.1574)
20190808512,11/06/2019 05:15:00 PM,2,0,0,,N,717341,11,Front to Rear,21,CLEAR,2,DARK - NOT LIGHTED,12,MOTOR VEHICLE IN TRANSPORT,MM 59 8 I 24,ANTIOCH,TN,37013,88060,SOUTH,36.0422,-86.6533,POINT (-86.6533 36.0422)
20190653386,09/01/2019 10:04:00 PM,2,1,0,,Y,240957,4,ANGLE,21,CLEAR,3,DARK - LIGHTED,12;37,MOTOR VEHICLE IN TRANSPORT;Other Traffic Barrier,HARDING PL & DANBY DR,NASHVILLE,TN,37211,8607,MIDTOW,36.0786,-86.7452,POINT (-86.7452 36.0786)