Accident Number,Date and Time,Number of Motor Vehicles,Number of Injuries,Number of Fatalities,Property Damage,Hit and Run,Reporting Officer,Collision Type Code,Collision Type Description,Weather Code,Weather Description,Illumination Code,Illumination Description,Harmful Code,Harmful Code Description,Street Address,City,State,ZIP,RPA,Precinct,Latitude,Longitude,Mapped Location
20190713343,09/26/2019 06:17:00 PM,2,0,0,,N,169425,11,Front to Rear,21,CLEAR,1,DAYLIGHT,12,MOTOR VEHICLE IN TRANSPORT,OLD HICKORY BLVD & SEVEN SPRINGS WAY PVT,BRENTWOOD,TN,37027,8623,MIDTOW,36.0406,-86.7711,POINT (-86.7711 36.0406)
20190622048,08/20/2019 03:45:00 PM,2,0,0,,N,226673,11,Front to Rear,22,CLOUDY,1,DAYLIGHT,12,MOTOR VEHICLE IN TRANSPORT,ELM HILL PKE & SANBORN DR,NASHVILLE,TN,37210,9041,HERMIT,36.1508,-86.6927,POINT (-86.6927 36.1508)
20190770784,10/21/2019 12:00:00 AM,2,0,0,,Y,887598,5,SIDESWIPE - SAME DIRECTION,2,RAIN,5,DUSK,12;14,MOTOR VEHICLE IN TRANSPORT;PARKED MOTOR VEHICLE,MM 200 0 I 40,NASHVILLE,TN,37209,4708,WEST,36.1189,-86.9133,POINT (-86.9133 36.1189)
20190735814,10/06/2019 03:35:00 PM,2,1,0,,N,565785,3,REAR-TO-REAR,21,CLEAR,1,DAYLIGHT,12,MOTOR VEHICLE IN TRANSPORT,MOORE AV & RAINS AV,NASHVILLE,TN,37203,8047,MIDTOW,36.1372,-86.7651,POINT (-86.7651 36.1372)
20190844083,11/21/2019 05:26:00 PM,2,1,0,,N,256389,11,Front to Rear,21,CLEAR,3,DARK - LIGHTED,12,MOTOR VEHICLE IN TRANSPORT,MM 77 0 I 65,NASHVILLE,TN,37220,86042,MIDTOW,36.0708,-86.7697,POINT (-86.7697 36.0708)
20190788557,10/29/2019 11:50:00 AM,2,0,0,,Y,320601,5,SIDESWIPE - SAME DIRECTION,22,CLOUDY,1,DAYLIGHT,12,MOTOR VEHICLE IN TRANSPORT,MM 7 2 I 440,NASHVILLE,TN,37210,83043,SOUTH,36.1251,-86.7339,POINT (-86.7339 36.1251)
20190900488,12/16/2019 02:45:00 PM,2,0,0,,N,352207,11,Front to Rear,21,CLEAR,1,DAYLIGHT,12,MOTOR VEHICLE IN TRANSPORT,NOLENSVILLE PKE & CONCORD RD,NASHVILLE,TN,37211,8651,MIDTOW,36.0042,-86.6916,POINT (-86.6916 36.0042)
20190780826,10/25/2019 12:00:00 AM,2,0,0,,Y,352196,11,Front to Rear,2,RAIN,2,DARK - NOT LIGHTED,12,MOTOR VEHICLE IN TRANSPORT,PETTUS RD & BLUE HOLE RD,ANTIOCH,TN,37013,8755,SOUTH,36.0283,-86.6727,POINT (-86.6727 36.0283)
20190684118,09/14/2019 03:50:00 PM,2,2,0,,N,279124,4,ANGLE,21,CLEAR,1,DAYLIGHT,12,MOTOR VEHICLE IN TRANSPORT,RICHARDS RD & ANTIOCH PKE,ANTIOCH,TN,37013,8893,SOUTH,36.0692,-86.6838,POINT (-86.6838 36.0692)
20190791586,10/30/2019 02:40:00 PM,1,0,0,,N,279224,0,NOT COLLISION W/MOTOR VEHICLE-TRANSPORT,2,RAIN,1,DAYLIGHT,36,CONCRETE TRAFFIC BARRIER,MM 49 3 I 24,NASHVILLE,TN,37206,10040,EAST,36.1629,-86.7614,POINT (-86.7614 36.1629)
20190726273,10/02/2019 11:42:00 AM,2,2,0,,N,591933,11,Front to Rear,21,CLEAR,1,DAYLIGHT,12,MOTOR VEHICLE IN TRANSPORT,MM 62 8 I 24,ANTIOCH,TN,37013,8804,SOUTH,36.0118,-86.6175,POINT (-86.6175 36.0118)
20190601449,08/12/2019 09:35:00 PM,2,0,0,,N,717341,11,Front to Rear,21,CLEAR,3,DARK - LIGHTED,12,MOTOR VEHICLE IN TRANSPORT,BELL RD & BROOK VIEW ESTATES DR,ANTIOCH,TN,37013,8755,SOUTH,36.0439,-86.6933,POINT (-86.6933 36.0439)
20190597991,08/11/2019 12:09:00 PM,2,0,0,,N,834798,5,SIDESWIPE - SAME DIRECTION,21,CLEAR,1,DAYLIGHT,12,MOTOR VEHICLE IN TRANSPORT,EDMONDSON PKE & MILNER DR,NASHVILLE,TN,37211,8661,MIDTOW,36.0737,-86.7319,POINT (-86.7319 36.0737)
20190903330,12/17/2019 06:20:00 PM,2,0,0,,N,330425,4,ANGLE,21,CLEAR,3,DARK - LIGHTED,12,MOTOR VEHICLE IN TRANSPORT,OLD HICKORY BLVDW & BEVERLY DR,MADISON,TN,37115,1749,MADISO,36.2641,-86.7252,POINT (-86.7252 36.2641)
20190778328,10/24/2019 07:15:00 PM,2,2,0,,N,352177,98,OTHER,21,CLEAR,2,DARK - NOT LIGHTED,12,MOTOR VEHICLE IN TRANSPORT,HILLSBORO PKE & CROMWELL DR,NASHVILLE,TN,,6205,WEST,,,
20190757278,10/15/2019 07:53:00 PM,2,0,0,,N,384450,5,SIDESWIPE - SAME DIRECTION,21,CLEAR,3,DARK - LIGHTED,14,PARKED MOTOR VEHICLE,VISTAVALLEY CT & SUNNYVIEW DR,NASHVILLE,TN,37218,3107,NORTH,36.2261,-86.8321,POINT (-86.8321 36.2261)
20190843418,11/21/2019 10:30:00 AM,2,0,0,,Y,240952,5,SIDESWIPE - SAME DIRECTION,21,CLEAR,1,DAYLIGHT,12,MOTOR VEHICLE IN TRANSPORT,MT VIEW RD & HICKORY HOLLOW MALL PVTDR P,ANTIOCH,TN,37013,8871,SOUTH,36.0538,-86.6559,POINT (-86.6559 36.0538)
20190784142,10/27/2019 05:21:00 PM,3,3,0,,N,179606,11,Front to Rear,21,CLEAR,1,DAYLIGHT,12,MOTOR VEHICLE IN TRANSPORT,MM 82 2 I 65,NASHVILLE,TN,37203,6804,MIDTOW,36.1456,-86.7776,POINT (-86.7776 36.1456)
20190856001,11/26/2019 10:12:00 PM,2,0,0,,N,212343,0,NOT COLLISION W/MOTOR VEHICLE-TRANSPORT,2,RAIN,3,DARK - LIGHTED,12;36,MOTOR VEHICLE IN TRANSPORT;CONCRETE TRAFFIC BARRIER,MM 49 0 I 24,NASHVILLE,TN,37206,10040,EAST,36.1664,-86.7647,POINT (-86.7647 36.1664)
20190929368,12/30/2019 10:25:00 AM,2,3,0,,N,352159,4,ANGLE,21,CLEAR,1,DAYLIGHT,13,MOTOR VEHICLE IN TRANSPORT-OTHER ROADWAY,MCGAVOCK PKE & GALLATIN PKE,NASHVILLE,TN,37216,1415,EAST,36.205,-86.7376,POINT (-86.7376 36.205)
20190841294,11/20/2019 03:06:00 PM,2,0,0,,N,240983,11,Front to Rear,21,CLEAR,1,DAYLIGHT,12,MOTOR VEHICLE IN TRANSPORT,THOMPSON LN & BRILEY PKWYN,NASHVILLE,TN,37211,8423,SOUTH,36.1095,-86.7283,POINT (-86.7283 36.1095)
20190810774,11/07/2019 04:06:00 PM,3,0,0,,N,212322,11,Front to Rear,2,RAIN,1,DAYLIGHT,12,MOTOR VEHICLE IN TRANSPORT,MM 58 6 I 24,ANTIOCH,TN,37013,8808,SOUTH,36.0518,-86.67,POINT (-86.67 36.0518)
20190789000,10/29/2019 02:32:00 PM,2,0,0,,Y,717341,4,ANGLE,21,CLEAR,1,DAYLIGHT,14,PARKED MOTOR VEHICLE,PEBBLE CREEK DR & MOUNTAIN LAUREL DR,ANTIOCH,TN,37013,8861,SOUTH,36.0719,-86.6581,POINT (-86.6581 36.0719)
20190815342,11/09/2019 05:05:00 PM,2,1,0,,N,161939,0,NOT COLLISION W/MOTOR VEHICLE-TRANSPORT,21,CLEAR,3,DARK - LIGHTED,8,PEDESTRIAN,HAMILTON CHURCH RD & US HWY 41,ANTIOCH,TN,37013,8865,SOUTH,36.0643,-86.629,POINT (-86.629 36.0643)
20190605400,08/14/2019 12:00:00 AM,1,0,0,Y,Y,462474,0,NOT COLLISION W/MOTOR VEHICLE-TRANSPORT,21,CLEAR,1,DAYLIGHT,30;63,UTILITY POLE;Ran Off Road-Right,LAKEMONT DR & FOREST ACRES DR,NASHVILLE,TN,37220,7111,MIDTOW,36.0458,-86.7832,POINT (-86.7832 36.0458)
20190826712,11/14/2019 01:40:00 PM,2,0,0,,N,420035,4,ANGLE,21,CLEAR,1,DAYLIGHT,12,MOTOR VEHICLE IN TRANSPORT,GALLATIN PKES & STATE RT 45,MADISON,TN,37115,1701,MADISO,36.2628,-86.712,POINT (-86.712 36.2628)
20190912167,12/21/2019 10:29:00 AM,2,0,0,,N,902543,5,SIDESWIPE - SAME DIRECTION,22,CLOUDY,1,DAYLIGHT,12,MOTOR VEHICLE IN TRANSPORT,GALLATIN PIKE & UNKNOWN RAMP,NASHVILLE,TN,37216,1503,EAST,36.2338,-86.7237,POINT (-86.7237 36.2338)
20190690915,09/17/2019 05:23:00 PM,2,1,0,,N,714641,11,Front to Rear,21,CLEAR,1,DAYLIGHT,12,MOTOR VEHICLE IN TRANSPORT,MM 49 2 I 24,NASHVILLE,TN,37213,1002,CENTRA,36.1637,-86.7625,POINT (-86.7625 36.1637)
20190669194,09/08/2019 06:01:00 PM,2,1,0,Y,Y,330445,0,NOT COLLISION W/MOTOR VEHICLE-TRANSPORT,21,CLEAR,1,DAYLIGHT,12;34;40,MOTOR VEHICLE IN TRANSPORT;DITCH;MAIL BOX,S CURTISWOOD LN & GLEN LEVEN DR,NASHVILLE,TN,37204,7015,MIDTOW,36.0959,-86.7778,POINT (-86.7778 36.0959)
20190747667,10/11/2019 03:50:00 PM,2,0,0,,N,298863,4,ANGLE,2,RAIN,1,DAYLIGHT,12,MOTOR VEHICLE IN TRANSPORT,1ST AVS & MOLLOY ST,NASHVILLE,TN,37201,4051,CENTRA,36.1597,-86.7728,POINT (-86.7728 36.1597)
20190851828,11/25/2019 07:44:00 AM,2,1,0,,N,332253,4,ANGLE,21,CLEAR,1,DAYLIGHT,12,MOTOR VEHICLE IN TRANSPORT,DICKERSON PKE & OLD HICKORY BLVD,NASHVILLE,TN,37207,2133,MADISO,36.2693,-86.7557,POINT (-86.7557 36.2693)
20190703033,09/22/2019 07:35:00 PM,1,1,0,Y,N,384394,0,NOT COLLISION W/MOTOR VEHICLE-TRANSPORT,21,CLEAR,3,DARK - LIGHTED,31;7,"OTHER POST, POLE, SUPP.",PLUS PARK BLVD & PAVILION BLVD,NASHVILLE,TN,37217,8801,SOUTH,36.1321,-86.7237,POINT (-86.7237 36.1321)
20190671733,09/09/2019 09:33:00 PM,2,0,0,,N,151132,4,ANGLE,21,CLEAR,2,DARK - NOT LIGHTED,12,MOTOR VEHICLE IN TRANSPORT,E OLD HICKORY BLVD & DELAWARE AV,MADISON,TN,37115,1607,MADISO,36.2628,-86.7042,POINT (-86.7042 36.2628)
20190809853,11/07/2019 07:30:00 AM,2,0,0,,N,225773,11,Front to Rear,2,RAIN,1,DAYLIGHT,12,MOTOR VEHICLE IN TRANSPORT,WOODMONT BLVD & BELMONT BLVD,NASHVILLE,TN,37215,6415,MIDTOW,36.113,-86.7998,POINT (-86.7998 36.113)
20190774837,10/23/2019 10:30:00 AM,2,0,0,,N,402660,11,Front to Rear,21,CLEAR,1,DAYLIGHT,12,MOTOR VEHICLE IN TRANSPORT,WHITE BRIDGE PKE & NASHVILLE TECH PVTDR,NASHVILLE,TN,37209,5107,WEST,36.1372,-86.8579,POINT (-86.8579 36.1372)
20190869973,12/03/2019 03:10:00 PM,2,0,0,,N,580819,5,SIDESWIPE - SAME DIRECTION,22,CLOUDY,1,DAYLIGHT,12,MOTOR VEHICLE IN TRANSPORT,7TH AVN & CHURCH ST,NASHVILLE,TN,37219,4125,CENTRA,36.1621,-86.7827,POINT (-86.7827 36.1621)
20190740143,10/08/2019 04:10:00 PM,2,0,0,,N,299264,98,OTHER,21,CLEAR,1,DAYLIGHT,14,PARKED MOTOR VEHICLE,HAYES ST & 21ST AVN,NASHVILLE,TN,37203,5601,MIDTOW,36.151,-86.8028,POINT (-86.8028 36.151)
20190657443,09/03/2019 12:00:00 AM,2,0,0,,Y,212344,5,SIDESWIPE - SAME DIRECTION,21,CLEAR,1,DAYLIGHT,12;14,MOTOR VEHICLE IN TRANSPORT;PARKED MOTOR VEHICLE,FATHERLAND ST & S 10TH ST,NASHVILLE,TN,37206,1205,EAST,36.1742,-86.7513,POINT (-86.7513 36.1742)
20190890188,12/11/2019 12:00:00 AM,2,0,0,,Y,212312,9,UNKNOWN,21,CLEAR,3,DARK - LIGHTED,14,PARKED MOTOR VEHICLE,SYLVAN GLEN CT & PARK AV,NASHVILLE,TN,37209,5217,WEST,36.1508,-86.8374,POINT (-86.8374 36.1508)
20190608201,08/15/2019 08:48:00 AM,2,1,0,,N,140808,11,Front to Rear,21,CLEAR,1,DAYLIGHT,12,MOTOR VEHICLE IN TRANSPORT,THOMPSON LN & NOLENSVILLE PKE,NASHVILLE,TN,37211,8519,MIDTOW,36.1109,-86.7452,POINT (-86.7452 36.1109)
20190900692,12/16/2019 05:11:00 PM,2,0,0,,N,212346,11,Front to Rear,2,RAIN,3,DARK - LIGHTED,12,MOTOR VEHICLE IN TRANSPORT,LAFAYETTE ST & 6TH AVS,NASHVILLE,TN,37203,4025,CENTRA,36.1533,-86.7757,POINT (-86.7757 36.1533)
20190840299,11/20/2019 07:50:00 AM,2,0,0,,N,226600,98,OTHER,21,CLEAR,1,DAYLIGHT,12,MOTOR VEHICLE IN TRANSPORT,SNEED TER & ESTES RD,NASHVILLE,TN,37215,6113,WEST,36.1082,-86.8376,POINT (-86.8376 36.1082)
20190863251,11/30/2019 01:28:00 PM,3,1,0,,N,298864,4,ANGLE,2,RAIN,1,DAYLIGHT,13;14;54;55,MOTOR VEHICLE IN TRANSPORT-OTHER ROADWAY;PARKED MOTOR VEHICLE;Set In Motion By Motor Vehicle;Motor Vehicle-In-Motion Outside Trafficw,500 HARRINGTON AV,MADISON,TN,37115,1605,MADISO,36.2574,-86.7137,POINT (-86.7137 36.2574)
20190687659,09/16/2019 11:57:00 AM,2,0,0,,N,267831,5,SIDESWIPE - SAME DIRECTION,21,CLEAR,1,DAYLIGHT,12,MOTOR VEHICLE IN TRANSPORT,BRILEY PKWY & I40 W EXT RAMP,NASHVILLE,TN,37209,4696,WEST,36.153,-86.8576,POINT (-86.8576 36.153)
20190824152,11/13/2019 10:30:00 AM,2,0,0,,N,225950,4,ANGLE,21,CLEAR,1,DAYLIGHT,12,MOTOR VEHICLE IN TRANSPORT,MURPHY AV & 22ND AVN,NASHVILLE,TN,37203,5609,MIDTOW,36.1546,-86.8064,POINT (-86.8064 36.1546)
20190891874,12/12/2019 01:53:00 PM,2,0,0,,N,134899,11,Front to Rear,21,CLEAR,1,DAYLIGHT,12,MOTOR VEHICLE IN TRANSPORT,DONELSON PKE & MURFREESBORO PKE,NASHVILLE,TN,37217,8841,SOUTH,36.1062,-86.6731,POINT (-86.6731 36.1062)
20190918456,12/24/2019 02:54:00 PM,4,0,0,,N,330435,98,OTHER,21,CLEAR,1,DAYLIGHT,12;18,MOTOR VEHICLE IN TRANSPORT;OTHER OBJECT (NOT FIXED),MM 88 0 I 65,NASHVILLE,TN,37207,18041,EAST,36.2165,-86.775,POINT (-86.775 36.2165)
20190780321,10/25/2019 03:21:00 PM,2,0,0,,N,384449,11,Front to Rear,2,RAIN,1,DAYLIGHT,12,MOTOR VEHICLE IN TRANSPORT,I40 E EXT RAMP & I 40,NASHVILLE,TN,37214,8955,HERMIT,36.155,-86.6271,POINT (-86.6271 36.155)
20190584440,08/06/2019 01:06:00 PM,2,0,0,,N,311804,11,Front to Rear,21,CLEAR,1,DAYLIGHT,12,MOTOR VEHICLE IN TRANSPORT,MM 48 7 I 24,NASHVILLE,TN,37213,1104,CENTRA,36.1696,-86.7668,POINT (-86.7668 36.1696)
20190829786,11/15/2019 06:20:00 PM,3,6,1,,N,320594,4,ANGLE,21,CLEAR,3,DARK - LIGHTED,12,MOTOR VEHICLE IN TRANSPORT,ROBINSON RD & MERRITT ST,OLD HICKORY,TN,37138,9609,HERMIT,36.2556,-86.6536,POINT (-86.6536 36.2556)
20190805916,11/05/2019 05:49:00 PM,3,4,0,,N,384408,11,Front to Rear,21,CLEAR,2,DARK - NOT LIGHTED,12,MOTOR VEHICLE IN TRANSPORT,MM 215 8 I 40,NASHVILLE,TN,37217,89020,HERMIT,36.1424,-86.6815,POINT (-86.6815 36.1424)
20190618259,08/19/2019 10:37:00 AM,2,0,0,,Y,676834,4,ANGLE,21,CLEAR,1,DAYLIGHT,12,MOTOR VEHICLE IN TRANSPORT,CHARLOTTE AV & 25TH AVN,NASHVILLE,TN,37203,5619,MIDTOW,36.1553,-86.8121,POINT (-86.8121 36.1553)
20190587312,08/07/2019 01:16:00 PM,1,0,0,,N,414731,0,NOT COLLISION W/MOTOR VEHICLE-TRANSPORT,21,CLEAR,1,DAYLIGHT,43,OTHER FIXED OBJECTS,MORTON AV & WINGATE AV,NASHVILLE,TN,37211,8405,SOUTH,36.1057,-86.7348,POINT (-86.7348 36.1057)
20190704550,09/23/2019 11:50:00 AM,2,1,0,,N,235761,4,ANGLE,21,CLEAR,1,DAYLIGHT,12,MOTOR VEHICLE IN TRANSPORT,INDIANA AV & 51ST AVN,NASHVILLE,TN,37209,4601,WEST,36.1565,-86.849,POINT (-86.849 36.1565)
20190791497,10/30/2019 01:41:00 PM,1,1,0,,N,594473,0,NOT COLLISION W/MOTOR VEHICLE-TRANSPORT,2,RAIN,1,DAYLIGHT,42;64,TREE;Ran Off Road-Left,I440 ENT RAMP & I 65,NASHVILLE,TN,37204,7018,MIDTOW,36.1117,-86.7713,POINT (-86.7713 36.1117)
20190914360,12/22/2019 02:36:00 PM,2,0,0,,N,299266,4,ANGLE,2,RAIN,1,DAYLIGHT,12,MOTOR VEHICLE IN TRANSPORT,ANTIOCH PKE & HAYWOOD LN,ANTIOCH,TN,37013,8899,SOUTH,36.0703,-86.6845,POINT (-86.6845 36.0703)
20190764576,10/18/2019 04:40:00 PM,2,0,0,,Y,330431,11,Front to Rear,21,CLEAR,1,DAYLIGHT,12,MOTOR VEHICLE IN TRANSPORT,CLARKSVILLE PKE & KINGS LN,NASHVILLE,TN,37218,3141,NORTH,36.2167,-86.8375,POINT (-86.8375 36.2167)
20190716351,09/27/2019 11:48:00 PM,2,1,0,,N,330445,4,ANGLE,21,CLEAR,3,DARK - LIGHTED,12,MOTOR VEHICLE IN TRANSPORT,3RD AVS & KOREAN VETERANS BLVD,NASHVILLE,TN,37201,4053,CENTRA,36.1579,-86.7736,POINT (-86.7736 36.1579)
20190916481,12/23/2019 03:55:00 PM,2,0,0,,Y,330440,5,SIDESWIPE - SAME DIRECTION,21,CLEAR,1,DAYLIGHT,12,MOTOR VEHICLE IN TRANSPORT,I40 W EXT RAMP & I 40,NASHVILLE,TN,37203,4119,CENTRA,36.1574,-86.79,POINT (-86.79 36.1574)
20190679170,09/12/2019 04:30:00 PM,1,0,0,Y,N,179582,0,NOT COLLISION W/MOTOR VEHICLE-TRANSPORT,21,CLEAR,1,DAYLIGHT,19,BUILDING,KOTHE WAY & BRUIN DR,ANTIOCH,TN,37013,8979,SOUTH,36.0722,-86.6314,POINT (-86.6314 36.0722)
20190791633,10/30/2019 03:04:00 PM,2,1,0,,N,306708,11,Front to Rear,2,RAIN,1,DAYLIGHT,12,MOTOR VEHICLE IN TRANSPORT,ANDERSON LN & BECKLEA DR,MADISON,TN,37115,1729,MADISO,36.273,-86.701,POINT (-86.701 36.273)
20190614910,08/17/2019 09:51:00 PM,2,0,0,,N,256417,5,SIDESWIPE - SAME DIRECTION,21,CLEAR,3,DARK - LIGHTED,12,MOTOR VEHICLE IN TRANSPORT,ROBINSON RD & MERRITT ST,OLD HICKORY,TN,37138,9609,HERMIT,36.2556,-86.6536,POINT (-86.6536 36.2556)
20190682112,09/13/2019 05:30:00 PM,2,0,0,,N,420040,11,Front to Rear,21,CLEAR,1,DAYLIGHT,12,MOTOR VEHICLE IN TRANSPORT,BELMONT BLVD & LINDEN AV,NASHVILLE,TN,37212,6515,MIDTOW,36.1275,-86.7943,POINT (-86.7943 36.1275)
20190853716,11/26/2019 12:02:00 AM,2,1,0,,N,320584,11,Front to Rear,21,CLEAR,3,DARK - LIGHTED,12,MOTOR VEHICLE IN TRANSPORT,MM 54 0 I 24,NASHVILLE,TN,37211,88122,SOUTH,36.1064,-86.7188,POINT (-86.7188 36.1064)
20190726871,10/02/2019 04:48:00 PM,2,0,0,,N,298858,6,SIDESWIPE - OPPOSITE DIRECTION,21,CLEAR,1,DAYLIGHT,12,MOTOR VEHICLE IN TRANSPORT,DEMONBREUN ST & 5TH AVS,NASHVILLE,TN,37203,4057,CENTRA,36.1582,-86.7777,POINT (-86.7777 36.1582)
20190756333,10/15/2019 12:58:00 PM,2,0,0,,N,226622,11,Front to Rear,21,CLEAR,1,DAYLIGHT,12,MOTOR VEHICLE IN TRANSPORT,BRILEY PKWYN & BRILEY PKWYS,NASHVILLE,TN,37211,8404,SOUTH,36.1092,-86.727,POINT (-86.727 36.1092)
20190647628,08/30/2019 12:35:00 PM,2,0,0,,N,571313,4,ANGLE,21,CLEAR,1,DAYLIGHT,12,MOTOR VEHICLE IN TRANSPORT,STATE HWY 155 & EUGENIA AVE,NASHVILLE,TN,37204,8523,MIDTOW,36.111,-86.754,POINT (-86.754 36.111)
20190642321,08/28/2019 12:05:00 PM,2,0,0,,N,594473,11,Front to Rear,21,CLEAR,1,DAYLIGHT,12,MOTOR VEHICLE IN TRANSPORT,I65 S ENT RAMP & I65 S EXT RAMP,NASHVILLE,TN,37204,6945,MIDTOW,36.1342,-86.7764,POINT (-86.7764 36.1342)
20190726828,10/02/2019 04:25:00 PM,3,0,0,,N,279214,11,Front to Rear,21,CLEAR,1,DAYLIGHT,12,MOTOR VEHICLE IN TRANSPORT,I440 ENT RAMP & I 65,NASHVILLE,TN,37204,7018,MIDTOW,36.1117,-86.7713,POINT (-86.7713 36.1117)
20190613891,08/17/2019 11:20:00 AM,2,0,0,,Y,256428,3,REAR-TO-REAR,21,CLEAR,1,DAYLIGHT,12;14,MOTOR VEHICLE IN TRANSPORT;PARKED MOTOR VEHICLE,PENNOCK AV & GATEWOOD AV,NASHVILLE,TN,37207,1897,EAST,36.1985,-86.7654,POINT (-86.7654 36.1985)
20190603997,08/13/2019 05:19:00 PM,2,0,0,,N,169425,5,SIDESWIPE - SAME DIRECTION,2,RAIN,1,DAYLIGHT,12,MOTOR VEHICLE IN TRANSPORT,MM 210 0 I 40,NASHVILLE,TN,37203,8002,MIDTOW,36.1484,-86.7771,POINT (-86.7771 36.1484)
20190742856,10/09/2019 05:43:00 PM,2,0,0,,N,352172,11,Front to Rear,21,CLEAR,1,DAYLIGHT,12,MOTOR VEHICLE IN TRANSPORT,STATE HWY 45 & UNKNOWN RAMP,MADISON,TN,37115,1777,MADISO,36.2642,-86.7358,POINT (-86.7358 36.2642)
20190768190,10/20/2019 09:00:00 AM,2,0,0,,Y,330435,9,UNKNOWN,21,CLEAR,1,DAYLIGHT,12,MOTOR VEHICLE IN TRANSPORT,110 GALLATIN AV,NASHVILLE,TN,37206,1939,EAST,36.1783,-86.7516,POINT (-86.7516 36.1783)
20190876203,12/05/2019 11:00:00 PM,2,0,0,,Y,256495,5,SIDESWIPE - SAME DIRECTION,21,CLEAR,3,DARK - LIGHTED,12,MOTOR VEHICLE IN TRANSPORT,MM 205 5 I 40,NASHVILLE,TN,37209,52040,WEST,36.1549,-86.8305,POINT (-86.8305 36.1549)
20190733818,10/05/2019 12:00:00 AM,2,0,0,,N,279200,5,SIDESWIPE - SAME DIRECTION,21,CLEAR,1,DAYLIGHT,14,PARKED MOTOR VEHICLE,DEMONBREUN ST & 3RD AVS,NASHVILLE,TN,37201,4051,CENTRA,36.1597,-86.7744,POINT (-86.7744 36.1597)
20190903271,12/17/2019 05:44:00 PM,2,0,0,,N,179582,11,Front to Rear,21,CLEAR,3,DARK - LIGHTED,12,MOTOR VEHICLE IN TRANSPORT,MM 58 8 I 24,ANTIOCH,TN,37013,87061,SOUTH,36.0506,-86.6683,POINT (-86.6683 36.0506)
20190880500,12/07/2019 10:38:00 PM,2,1,0,,N,320578,11,Front to Rear,21,CLEAR,3,DARK - LIGHTED,12,MOTOR VEHICLE IN TRANSPORT,ANTIOCH PKE & RICHARDS RD,ANTIOCH,TN,37013,8899,SOUTH,36.0692,-86.6838,POINT (-86.6838 36.0692)
20190669718,09/09/2019 01:34:00 AM,1,0,0,,N,384446,0,NOT COLLISION W/MOTOR VEHICLE-TRANSPORT,21,CLEAR,3,DARK - LIGHTED,42,TREE,BELL RD & BROOK VIEW ESTATES DR,ANTIOCH,TN,37013,8719,SOUTH,36.0439,-86.6933,POINT (-86.6933 36.0439)
20190886996,12/10/2019 06:00:00 PM,3,0,0,,N,179606,11,Front to Rear,21,CLEAR,3,DARK - LIGHTED,12,MOTOR VEHICLE IN TRANSPORT,MM 5 9 I 440,NASHVILLE,TN,37204,83062,MIDTOW,36.1215,-86.7578,POINT (-86.7578 36.1215)
20190850651,11/24/2019 05:16:00 PM,2,0,0,,N,384421,11,Front to Rear,21,CLEAR,2,DARK - NOT LIGHTED,12,MOTOR VEHICLE IN TRANSPORT,I40 E ENT RAMP & I 24,NASHVILLE,TN,37217,8816,SOUTH,36.1363,-86.7267,POINT (-86.7267 36.1363)
20190884344,12/09/2019 06:33:00 PM,2,1,0,,Y,320581,4,ANGLE,22,CLOUDY,3,DARK - LIGHTED,12,MOTOR VEHICLE IN TRANSPORT,MM 205 9 I 40,NASHVILLE,TN,37209,45042,NORTH,36.1578,-86.8233,POINT (-86.8233 36.1578)
20190740506,10/08/2019 06:54:00 PM,2,2,0,,N,807326,11,Front to Rear,21,CLEAR,3,DARK - LIGHTED,12,MOTOR VEHICLE IN TRANSPORT,6TH AVS & DIVISION ST,NASHVILLE,TN,37203,4007,CENTRA,36.1512,-86.7742,POINT (-86.7742 36.1512)
20190722449,09/30/2019 12:00:00 AM,1,0,0,,N,161945,0,NOT COLLISION W/MOTOR VEHICLE-TRANSPORT,21,CLEAR,3,DARK - LIGHTED,34,DITCH,0 NOLENSVILLE PKE,ANTIOCH,TN,37013,8759,SOUTH,36.0125,-86.7034,POINT (-86.7034 36.0125)
20190780731,10/25/2019 07:22:00 PM,7,0,0,,Y,151132,4,ANGLE,2,RAIN,3,DARK - LIGHTED,12;14,MOTOR VEHICLE IN TRANSPORT;PARKED MOTOR VEHICLE,DUE WEST AVN & OLD DUE WEST AV,MADISON,TN,37115,2009,MADISO,36.2504,-86.7421,POINT (-86.7421 36.2504)
20190884723,12/09/2019 09:10:00 PM,2,0,0,,Y,717341,4,ANGLE,2,RAIN,3,DARK - LIGHTED,12,MOTOR VEHICLE IN TRANSPORT,BELL RD & MT VIEW RD,ANTIOCH,TN,37013,8865,SOUTH,36.05,-86.6496,POINT (-86.6496 36.05)
20190906085,12/18/2019 06:25:00 PM,2,0,0,,N,299238,11,Front to Rear,21,CLEAR,3,DARK - LIGHTED,12,MOTOR VEHICLE IN TRANSPORT,GALLATIN PKE & E TRINITY LN,NASHVILLE,TN,37216,1837,EAST,36.205,-86.7376,POINT (-86.7376 36.205)
20190740293,10/08/2019 05:27:00 PM,2,0,0,,N,197435,4,ANGLE,21,CLEAR,1,DAYLIGHT,12,MOTOR VEHICLE IN TRANSPORT,JOYCE LN & GALLATIN PKE,NASHVILLE,TN,37216,1801,EAST,36.2336,-86.7252,POINT (-86.7252 36.2336)
20190873435,12/04/2019 12:00:00 AM,2,1,0,,N,212344,11,Front to Rear,21,CLEAR,3,DARK - LIGHTED,12,MOTOR VEHICLE IN TRANSPORT,MM 47 5 I 24,NASHVILLE,TN,37207,19021,EAST,36.1817,-86.7747,POINT (-86.7747 36.1817)