Accident Number,Date and Time,Number of Motor Vehicles,Number of Injuries,Number of Fatalities,Property Damage,Hit and Run,Reporting Officer,Collision Type Code,Collision Type Description,Weather Code,Weather Description,Illumination Code,Illumination Description,Harmful Code,Harmful Code Description,Street Address,City,State,ZIP,RPA,Precinct,Latitude,Longitude,Mapped Location
20190641545,08/28/2019 05:50:00 AM,2,0,0,,N,279201,11,Front to Rear,21,CLEAR,1,DAYLIGHT,12,MOTOR VEHICLE IN TRANSPORT,MM 212 0 I 40,NASHVILLE,TN,37210,90041,HERMIT,36.147,-86.7433,POINT (-86.7433 36.147)
20190800540,11/03/2019 01:43:00 PM,1,3,0,,N,320586,0,NOT COLLISION W/MOTOR VEHICLE-TRANSPORT,21,CLEAR,1,DAYLIGHT,43;64,OTHER FIXED OBJECTS;Ran Off Road-Left,MM 51 2 I 24,NASHVILLE,TN,37210,81020,SOUTH,36.1299,-86.7278,POINT (-86.7278 36.1299)
20190753921,10/14/2019 02:55:00 PM,2,0,0,,N,151132,5,SIDESWIPE - SAME DIRECTION,21,CLEAR,1,DAYLIGHT,12,MOTOR VEHICLE IN TRANSPORT,N GRAYCROFT AV & OLD HICKORY BLVDW,MADISON,TN,37115,1745,MADISO,36.2648,-86.7323,POINT (-86.7323 36.2648)
20190898390,12/15/2019 03:15:00 PM,2,0,0,,N,330440,4,ANGLE,21,CLEAR,1,DAYLIGHT,12,MOTOR VEHICLE IN TRANSPORT,CLARKSVILLE PKE & ROSA L PARKS BLVD,NASHVILLE,TN,37228,4483,NORTH,36.1889,-86.8231,POINT (-86.8231 36.1889)
20190792257,10/30/2019 08:00:00 PM,2,0,0,,N,433550,11,Front to Rear,2,RAIN,2,DARK - NOT LIGHTED,12,MOTOR VEHICLE IN TRANSPORT,SHUTE LN & CHASE BLVD,OLD HICKORY,TN,37138,9717,HERMIT,36.2256,-86.6033,POINT (-86.6033 36.2256)
20190737824,10/07/2019 04:52:00 PM,2,0,0,,N,414711,11,Front to Rear,21,CLEAR,1,DAYLIGHT,12,MOTOR VEHICLE IN TRANSPORT,HILLSBORO PKE & OVERHILL DR,NASHVILLE,TN,37215,6111,WEST,36.1013,-86.8183,POINT (-86.8183 36.1013)
20190605531,08/14/2019 08:00:00 AM,3,1,0,,N,462474,11,Front to Rear,22,CLOUDY,1,DAYLIGHT,12,MOTOR VEHICLE IN TRANSPORT,MM 3 1 I 440,NASHVILLE,TN,37215,6424,MIDTOW,36.1182,-86.8009,POINT (-86.8009 36.1182)
20190781072,10/25/2019 10:15:00 PM,3,0,0,,N,311340,4,ANGLE,2,RAIN,3,DARK - LIGHTED,12;14,MOTOR VEHICLE IN TRANSPORT;PARKED MOTOR VEHICLE,LONG BLVD & OMAN ST,NASHVILLE,TN,37203,5627,MIDTOW,36.1458,-86.8194,POINT (-86.8194 36.1458)
20190729268,10/03/2019 03:15:00 PM,2,0,0,,Y,384436,5,SIDESWIPE - SAME DIRECTION,21,CLEAR,1,DAYLIGHT,12,MOTOR VEHICLE IN TRANSPORT,2ND AVS & KOREAN VETERANS BLVD,NASHVILLE,TN,37201,4047,CENTRA,36.1576,-86.7724,POINT (-86.7724 36.1576)
20190717532,09/28/2019 03:39:00 PM,2,1,0,,N,320585,5,SIDESWIPE - SAME DIRECTION,21,CLEAR,1,DAYLIGHT,12,MOTOR VEHICLE IN TRANSPORT,US HWY 70 & FAIRWAY DR,NASHVILLE,TN,37214,9121,HERMIT,36.1688,-86.6845,POINT (-86.6845 36.1688)
20190619187,08/19/2019 04:27:00 PM,2,0,0,,N,352213,5,SIDESWIPE - SAME DIRECTION,21,CLEAR,1,DAYLIGHT,12,MOTOR VEHICLE IN TRANSPORT,MM 2 4 I 440,NASHVILLE,TN,37215,6008,WEST,36.1238,-86.8108,POINT (-86.8108 36.1238)
20190831848,11/16/2019 05:10:00 PM,1,0,0,,N,352173,0,NOT COLLISION W/MOTOR VEHICLE-TRANSPORT,21,CLEAR,2,DARK - NOT LIGHTED,50,DEER (ANIMAL),SPRINGFIELD HWY & BAKER STATION RD,GOODLETTSVILLE,TN,37072,2215,MADISO,36.3771,-86.7492,POINT (-86.7492 36.3771)
20190907578,12/19/2019 10:01:00 AM,2,0,0,,N,384451,4,ANGLE,21,CLEAR,1,DAYLIGHT,12,MOTOR VEHICLE IN TRANSPORT,HARDING PKE & LEAKE AV,NASHVILLE,TN,37205,6123,WEST,36.1048,-86.8688,POINT (-86.8688 36.1048)
20190875267,12/05/2019 02:45:00 PM,2,0,0,,N,551975,11,Front to Rear,21,CLEAR,1,DAYLIGHT,12,MOTOR VEHICLE IN TRANSPORT,4500 NORTHSIDE STATION PVTDR,NASHVILLE,TN,37218,3141,NORTH,36.211,-86.8389,POINT (-86.8389 36.211)
20190824640,11/13/2019 12:00:00 AM,2,1,0,,N,579971,11,Front to Rear,21,CLEAR,5,DUSK,12,MOTOR VEHICLE IN TRANSPORT,NOLENSVILLE PKE & FLORA MAXWELL RD,NASHVILLE,TN,37211,8701,SOUTH,36.0751,-86.7249,POINT (-86.7249 36.0751)
20190888487,12/10/2019 02:00:00 PM,2,0,0,,N,226134,5,SIDESWIPE - SAME DIRECTION,22,CLOUDY,1,DAYLIGHT,14,PARKED MOTOR VEHICLE,MURFREESBORO PKE & EDGE O LAKE DR,ANTIOCH,TN,37013,8891,SOUTH,36.0795,-86.6446,POINT (-86.6446 36.0795)
20190802622,11/04/2019 12:00:00 AM,2,0,0,,Y,226092,6,SIDESWIPE - OPPOSITE DIRECTION,21,CLEAR,1,DAYLIGHT,14,PARKED MOTOR VEHICLE,27TH AVN & HERMAN ST,NASHVILLE,TN,37208,5347,NORTH,36.1624,-86.8175,POINT (-86.8175 36.1624)
20190922229,12/26/2019 06:25:00 PM,2,0,0,,N,279224,4,ANGLE,21,CLEAR,3,DARK - LIGHTED,12,MOTOR VEHICLE IN TRANSPORT,WOODLAND ST & S 9TH ST,NASHVILLE,TN,37206,1119,EAST,36.1749,-86.7569,POINT (-86.7569 36.1749)
20190866605,12/02/2019 08:19:00 AM,2,1,0,,N,191578,11,Front to Rear,22,CLOUDY,1,DAYLIGHT,12,MOTOR VEHICLE IN TRANSPORT,ELM HILL PKE & MASSMAN DR,NASHVILLE,TN,37210,9017,HERMIT,36.1449,-86.711,POINT (-86.711 36.1449)
20190902478,12/17/2019 11:29:00 AM,2,0,0,,N,665896,11,Front to Rear,22,CLOUDY,1,DAYLIGHT,12,MOTOR VEHICLE IN TRANSPORT,GALLATIN PKE & KIRKLAND AV,NASHVILLE,TN,37216,1439,EAST,36.2093,-86.7343,POINT (-86.7343 36.2093)
20190719709,09/29/2019 04:25:00 PM,1,0,0,,Y,384416,0,NOT COLLISION W/MOTOR VEHICLE-TRANSPORT,21,CLEAR,1,DAYLIGHT,25,GUARDRAIL END,TUSCULUM RD & HICKORY GLADE DR,NASHVILLE,TN,37211,8715,SOUTH,36.0597,-86.7049,POINT (-86.7049 36.0597)
20190747084,10/11/2019 12:00:00 AM,2,0,0,,Y,676834,9,UNKNOWN,99,UNKNOWN,9,UNKNOWN,12;14,MOTOR VEHICLE IN TRANSPORT;PARKED MOTOR VEHICLE,15TH AVN & BUCHANAN ST,NASHVILLE,TN,37208,4411,NORTH,36.1816,-86.8094,POINT (-86.8094 36.1816)
20190705050,09/23/2019 03:45:00 PM,2,1,0,,N,429193,4,ANGLE,22,CLOUDY,1,DAYLIGHT,12,MOTOR VEHICLE IN TRANSPORT,HWY 70 S & PRIVATE DRIVE,NASHVILLE,TN,37221,4811,WEST,36.0774,-86.9472,POINT (-86.9472 36.0774)
20190781692,10/26/2019 07:20:00 AM,2,1,0,,N,279122,11,Front to Rear,22,CLOUDY,1,DAYLIGHT,12;21,MOTOR VEHICLE IN TRANSPORT;BRIDGE PIER/ABUTMENT,MM 86 5 I 65,NASHVILLE,TN,37207,3006,NORTH,36.1946,-86.7762,POINT (-86.7762 36.1946)
20190905649,12/18/2019 03:14:00 PM,2,0,0,,Y,212322,98,OTHER,21,CLEAR,1,DAYLIGHT,12;14,MOTOR VEHICLE IN TRANSPORT;PARKED MOTOR VEHICLE,ANTIOCH PKE & CHEROKEE PL,ANTIOCH,TN,37013,8899,SOUTH,36.0804,-86.6857,POINT (-86.6857 36.0804)
20190810656,11/07/2019 03:08:00 PM,1,1,0,,N,807326,0,NOT COLLISION W/MOTOR VEHICLE-TRANSPORT,2,RAIN,1,DAYLIGHT,8,PEDESTRIAN,JEFFERSON ST & 5TH AVN,NASHVILLE,TN,37219,4235,CENTRA,36.1743,-86.7874,POINT (-86.7874 36.1743)
20190791890,10/30/2019 05:24:00 PM,1,1,0,,N,197070,0,NOT COLLISION W/MOTOR VEHICLE-TRANSPORT,22,CLOUDY,1,DAYLIGHT,8,PEDESTRIAN,16TH AVN & PEARL ST,NASHVILLE,TN,37203,5425,NORTH,36.161,-86.7972,POINT (-86.7972 36.161)
20190723543,10/01/2019 08:10:00 AM,2,0,0,,Y,462474,11,Front to Rear,21,CLEAR,1,DAYLIGHT,12,MOTOR VEHICLE IN TRANSPORT,MM 86 8 I 65,NASHVILLE,TN,37207,3002,NORTH,36.1987,-86.7764,POINT (-86.7764 36.1987)
20190716875,09/28/2019 06:15:00 AM,2,0,0,,N,311339,4,ANGLE,21,CLEAR,7,Dark-Unknown Lighting,12,MOTOR VEHICLE IN TRANSPORT,5TH AVS & KOREAN VETERANS BLVD,NASHVILLE,TN,37203,4057,CENTRA,36.157,-86.7762,POINT (-86.7762 36.157)
20190804731,11/05/2019 08:26:00 AM,2,1,0,,N,716886,4,ANGLE,21,CLEAR,1,DAYLIGHT,12,MOTOR VEHICLE IN TRANSPORT,MURFREESBORO PKE & MOUNTAIN SPRINGS RD,ANTIOCH,TN,37013,8927,SOUTH,36.0478,-86.6121,POINT (-86.6121 36.0478)
20190888410,12/11/2019 07:46:00 AM,2,0,0,,N,109534,11,Front to Rear,21,CLEAR,1,DAYLIGHT,12,MOTOR VEHICLE IN TRANSPORT,BRILEY PKWY & VULTEE BLVD,NASHVILLE,TN,37217,8998,HERMIT,36.1245,-86.6963,POINT (-86.6963 36.1245)
20190819387,11/11/2019 02:35:00 PM,2,0,0,,Y,420040,11,Front to Rear,2,RAIN,1,DAYLIGHT,12,MOTOR VEHICLE IN TRANSPORT,25TH AVE N & US HWY 70,NASHVILLE,TN,37203,5619,MIDTOW,36.1542,-86.8125,POINT (-86.8125 36.1542)
20190764213,10/18/2019 02:21:00 PM,2,0,0,,Y,405418,5,SIDESWIPE - SAME DIRECTION,21,CLEAR,1,DAYLIGHT,12,MOTOR VEHICLE IN TRANSPORT,NOLENSVILLE PKE & HARDING PL,NASHVILLE,TN,37211,8501,MIDTOW,36.0807,-86.7267,POINT (-86.7267 36.0807)
20190796111,11/01/2019 10:45:00 AM,2,0,0,,N,493309,11,Front to Rear,21,CLEAR,1,DAYLIGHT,12,MOTOR VEHICLE IN TRANSPORT,I65 N EXT RAMP & OLD HICKORY BLVDW,MADISON,TN,37115,1777,MADISO,36.2642,-86.7356,POINT (-86.7356 36.2642)
20190593306,08/09/2019 01:26:00 PM,2,1,0,,N,538214,11,Front to Rear,21,CLEAR,1,DAYLIGHT,12,MOTOR VEHICLE IN TRANSPORT,MM 86 3 I 65,NASHVILLE,TN,37207,1910,CENTRA,36.1919,-86.7808,POINT (-86.7808 36.1919)
20190691097,09/17/2019 06:45:00 PM,2,0,0,,Y,330435,5,SIDESWIPE - SAME DIRECTION,21,CLEAR,3,DARK - LIGHTED,12,MOTOR VEHICLE IN TRANSPORT,MAIN ST & MCFERRIN AV,NASHVILLE,TN,37206,1131,EAST,36.1763,-86.7564,POINT (-86.7564 36.1763)
20190856558,11/27/2019 04:15:00 AM,1,1,0,,N,256493,0,NOT COLLISION W/MOTOR VEHICLE-TRANSPORT,2,RAIN,3,DARK - LIGHTED,36,CONCRETE TRAFFIC BARRIER,MM 211 8 I 40,NASHVILLE,TN,37210,90022,HERMIT,36.149,-86.7465,POINT (-86.7465 36.149)
20190639735,08/27/2019 01:08:00 PM,2,0,0,,N,714641,4,ANGLE,22,CLOUDY,1,DAYLIGHT,12,MOTOR VEHICLE IN TRANSPORT,6TH AVS & MULBERRY ST,NASHVILLE,TN,37203,4007,CENTRA,36.1499,-86.7734,POINT (-86.7734 36.1499)
20190729485,10/03/2019 05:19:00 PM,2,1,0,,Y,311337,11,Front to Rear,21,CLEAR,1,DAYLIGHT,12,MOTOR VEHICLE IN TRANSPORT,MM 52 0 I 24,NASHVILLE,TN,37217,8816,SOUTH,36.1329,-86.7267,POINT (-86.7267 36.1329)
20190848254,11/23/2019 10:50:00 AM,2,0,0,,N,352174,4,ANGLE,22,CLOUDY,1,DAYLIGHT,12,MOTOR VEHICLE IN TRANSPORT,CHURCH ST & 19TH AVN,NASHVILLE,TN,37203,5525,MIDTOW,36.1542,-86.7992,POINT (-86.7992 36.1542)
20190900753,12/16/2019 06:01:00 PM,2,3,0,,N,279225,4,ANGLE,2,RAIN,2,DARK - NOT LIGHTED,12,MOTOR VEHICLE IN TRANSPORT,STEWARTS FERRY PKE & PERCY PRIEST DR,NASHVILLE,TN,37214,8955,HERMIT,36.1539,-86.6256,POINT (-86.6256 36.1539)
20190867031,12/02/2019 11:20:00 AM,2,0,0,,N,876581,11,Front to Rear,21,CLEAR,1,DAYLIGHT,12,MOTOR VEHICLE IN TRANSPORT,GALLATIN PKES & E OLD HICKORY BLVD,MADISON,TN,37115,1771,MADISO,36.2622,-86.7122,POINT (-86.7122 36.2622)
20190719059,09/29/2019 10:13:00 AM,2,0,0,,Y,332253,4,ANGLE,21,CLEAR,1,DAYLIGHT,12;14,MOTOR VEHICLE IN TRANSPORT;PARKED MOTOR VEHICLE,SKYLINE COMMONS PVTDR & DOVERSIDE DR,NASHVILLE,TN,37207,2011,MADISO,36.2442,-86.7622,POINT (-86.7622 36.2442)
20190770692,10/21/2019 04:08:00 PM,2,0,0,,N,909486,11,Front to Rear,2,RAIN,5,DUSK,12,MOTOR VEHICLE IN TRANSPORT,NOLENSVILLE PKE & COTTON LN,NASHVILLE,TN,37211,8701,SOUTH,36.0705,-86.7224,POINT (-86.7224 36.0705)
20190673317,09/10/2019 12:30:00 PM,4,3,0,,N,308295,11,Front to Rear,21,CLEAR,1,DAYLIGHT,12;64,MOTOR VEHICLE IN TRANSPORT;Ran Off Road-Left,2611 WHITES CREEK PKE,NASHVILLE,TN,37207,3047,NORTH,36.2165,-86.8021,POINT (-86.8021 36.2165)
20190749333,10/12/2019 10:07:00 AM,2,0,0,,N,468036,11,Front to Rear,21,CLEAR,1,DAYLIGHT,12,MOTOR VEHICLE IN TRANSPORT,MM 87 2 I 65,NASHVILLE,TN,37207,18020,EAST,36.2054,-86.7764,POINT (-86.7764 36.2054)
20190805952,11/05/2019 06:00:00 PM,2,0,0,,N,352177,4,ANGLE,21,CLEAR,3,DARK - LIGHTED,12,MOTOR VEHICLE IN TRANSPORT,HARDING PKE & WOODMONT BLVD,NASHVILLE,TN,37205,6021,WEST,36.1253,-86.8472,POINT (-86.8472 36.1253)
20190900754,12/16/2019 05:55:00 PM,4,0,0,,Y,330435,11,Front to Rear,2,RAIN,2,DARK - NOT LIGHTED,12,MOTOR VEHICLE IN TRANSPORT,ELLINGTON PKWYS & ELLINGTON PKWYN,NASHVILLE,TN,37207,1995,EAST,36.1758,-86.7666,POINT (-86.7666 36.1758)
20190925242,12/28/2019 06:56:00 AM,1,1,0,,N,110063,0,NOT COLLISION W/MOTOR VEHICLE-TRANSPORT,2,RAIN,1,DAYLIGHT,33,CURB,BRICK CHURCH PARK DR & ALDRICH LN,NASHVILLE,TN,37207,3023,NORTH,36.2272,-86.7882,POINT (-86.7882 36.2272)
20190768625,10/20/2019 07:42:00 PM,3,0,0,,N,579971,98,OTHER,21,CLEAR,3,DARK - LIGHTED,12,MOTOR VEHICLE IN TRANSPORT,MM 59 3 I 24,ANTIOCH,TN,37013,87061,SOUTH,36.0459,-86.6601,POINT (-86.6601 36.0459)
20190623537,08/21/2019 05:15:00 AM,1,0,0,Y,N,173951,0,NOT COLLISION W/MOTOR VEHICLE-TRANSPORT,21,CLEAR,2,DARK - NOT LIGHTED,11,OTHER ANIMAL,NEELYS BEND RD & NEELYS BEND RD PVTDR,MADISON,TN,37115,1637,MADISO,36.2221,-86.6672,POINT (-86.6672 36.2221)
20190862231,11/29/2019 12:00:00 AM,1,0,0,Y,N,320591,0,NOT COLLISION W/MOTOR VEHICLE-TRANSPORT,21,CLEAR,3,DARK - LIGHTED,7,,FAIRFIELD AV & GREEN ST,NASHVILLE,TN,37210,8221,HERMIT,36.1527,-86.7564,POINT (-86.7564 36.1527)
20190776271,10/23/2019 12:00:00 AM,2,0,0,,N,384407,5,SIDESWIPE - SAME DIRECTION,21,CLEAR,7,Dark-Unknown Lighting,12,MOTOR VEHICLE IN TRANSPORT,MM 212 3 I 40,NASHVILLE,TN,37210,8206,HERMIT,36.1447,-86.7399,POINT (-86.7399 36.1447)
20190636486,08/26/2019 05:36:00 AM,1,0,0,,N,298859,0,NOT COLLISION W/MOTOR VEHICLE-TRANSPORT,22,CLOUDY,3,DARK - LIGHTED,39,WALL,LEBANON PKE & BRILEY PKWYN,NASHVILLE,TN,37214,9121,HERMIT,36.1684,-86.6882,POINT (-86.6882 36.1684)
20190904758,12/18/2019 08:00:00 AM,2,0,0,,N,591933,11,Front to Rear,22,CLOUDY,1,DAYLIGHT,12,MOTOR VEHICLE IN TRANSPORT,I24 W ENT RAMP & I 24,NASHVILLE,TN,37206,1009,EAST,36.1666,-86.7638,POINT (-86.7638 36.1666)
20190630116,08/23/2019 11:39:00 AM,2,0,0,,N,580819,5,SIDESWIPE - SAME DIRECTION,22,CLOUDY,1,DAYLIGHT,12,MOTOR VEHICLE IN TRANSPORT,2ND AVS & ASH ST,NASHVILLE,TN,37210,4029,CENTRA,36.1533,-86.7696,POINT (-86.7696 36.1533)
20190753929,10/14/2019 12:40:00 PM,2,0,0,,Y,420040,5,SIDESWIPE - SAME DIRECTION,21,CLEAR,1,DAYLIGHT,12,MOTOR VEHICLE IN TRANSPORT,2500 21ST AVS,NASHVILLE,TN,37212,6507,MIDTOW,36.1258,-86.805,POINT (-86.805 36.1258)
20190841675,11/20/2019 06:26:00 PM,2,0,0,,N,256392,5,SIDESWIPE - SAME DIRECTION,21,CLEAR,3,DARK - LIGHTED,12,MOTOR VEHICLE IN TRANSPORT,MM 207 8 I 40,NASHVILLE,TN,37208,54021,NORTH,36.1721,-86.8004,POINT (-86.8004 36.1721)
20190640533,08/27/2019 07:44:00 PM,2,0,0,,Y,429193,4,ANGLE,21,CLEAR,3,DARK - LIGHTED,12;14,MOTOR VEHICLE IN TRANSPORT;PARKED MOTOR VEHICLE,6838 CHARLOTTE PK & CHARLOTTE PK,NASHVILLE,TN,37209,5009,WEST,36.1329,-86.8948,POINT (-86.8948 36.1329)
20190771849,10/22/2019 06:34:00 AM,3,0,0,,N,191578,11,Front to Rear,21,CLEAR,1,DAYLIGHT,12,MOTOR VEHICLE IN TRANSPORT,MM 215 7 I 40,NASHVILLE,TN,37217,89020,HERMIT,36.1426,-86.6823,POINT (-86.6823 36.1426)
20190851653,11/25/2019 06:05:00 AM,2,0,0,,N,299270,5,SIDESWIPE - SAME DIRECTION,21,CLEAR,3,DARK - LIGHTED,12,MOTOR VEHICLE IN TRANSPORT,14TH AVN & CHARLOTTE AV,NASHVILLE,TN,37203,5501,MIDTOW,36.1608,-86.7937,POINT (-86.7937 36.1608)
20190777010,10/24/2019 07:45:00 AM,2,0,0,,N,320575,11,Front to Rear,21,CLEAR,1,DAYLIGHT,12,MOTOR VEHICLE IN TRANSPORT,MM 60 9 I 24,ANTIOCH,TN,37013,8806,SOUTH,36.0316,-86.6395,POINT (-86.6395 36.0316)
20190836505,11/18/2019 08:41:00 PM,2,4,0,,Y,151132,2,HEAD-ON,22,CLOUDY,3,DARK - LIGHTED,12,MOTOR VEHICLE IN TRANSPORT,GALLATIN PKES & GALLATIN PKE,MADISON,TN,37115,1517,MADISO,36.2383,-86.724,POINT (-86.724 36.2383)
20190810156,11/07/2019 10:02:00 AM,2,3,0,,N,226622,4,ANGLE,2,RAIN,1,DAYLIGHT,12,MOTOR VEHICLE IN TRANSPORT,BOWLING AV & GOLF CLUB LN,NASHVILLE,TN,37215,6015,WEST,36.1193,-86.8267,POINT (-86.8267 36.1193)
20190727949,10/03/2019 03:46:00 AM,2,0,0,,N,405404,11,Front to Rear,21,CLEAR,3,DARK - LIGHTED,12,MOTOR VEHICLE IN TRANSPORT,MM 56 8 I 24,NASHVILLE,TN,37211,8810,SOUTH,36.0721,-86.6914,POINT (-86.6914 36.0721)
20190833432,11/17/2019 01:00:00 PM,2,0,0,,Y,226586,5,SIDESWIPE - SAME DIRECTION,22,CLOUDY,1,DAYLIGHT,12,MOTOR VEHICLE IN TRANSPORT,MM 210 2 I 40,NASHVILLE,TN,37203,4006,CENTRA,36.1499,-86.7726,POINT (-86.7726 36.1499)
20190760648,10/17/2019 05:49:00 AM,4,0,0,,N,716886,11,Front to Rear,21,CLEAR,1,DAYLIGHT,12,MOTOR VEHICLE IN TRANSPORT,MM 58 3 I 24,ANTIOCH,TN,37013,87060,SOUTH,36.0551,-86.6748,POINT (-86.6748 36.0551)
20190632592,08/24/2019 10:30:00 AM,2,0,0,,N,279110,5,SIDESWIPE - SAME DIRECTION,21,CLEAR,1,DAYLIGHT,12,MOTOR VEHICLE IN TRANSPORT,NOLENSVILLE PKE & ROSEDALE AV,NASHVILLE,TN,37210,8101,SOUTH,36.1253,-86.7523,POINT (-86.7523 36.1253)
20190909947,12/20/2019 08:25:00 AM,1,1,0,,N,384431,0,NOT COLLISION W/MOTOR VEHICLE-TRANSPORT,21,CLEAR,1,DAYLIGHT,74,Occupant Struck By Own Vehicle,10TH AVS & DEMONBREUN ST,NASHVILLE,TN,37203,4041,CENTRA,36.1561,-86.7828,POINT (-86.7828 36.1561)
20190846391,11/22/2019 03:15:00 PM,2,0,0,,N,727202,4,ANGLE,22,CLOUDY,1,DAYLIGHT,13,MOTOR VEHICLE IN TRANSPORT-OTHER ROADWAY,KEELEY DR & HAYWOOD LN,NASHVILLE,TN,37211,8709,SOUTH,36.0697,-86.6959,POINT (-86.6959 36.0697)
20190726564,10/02/2019 12:51:00 PM,2,0,0,,Y,191578,5,SIDESWIPE - SAME DIRECTION,21,CLEAR,1,DAYLIGHT,12,MOTOR VEHICLE IN TRANSPORT,OLD HICKORY BLVD & ANDREW JACKSON PKWY,HERMITAGE,TN,37076,9561,HERMIT,36.1836,-86.6107,POINT (-86.6107 36.1836)
20190888583,12/11/2019 09:05:00 AM,2,2,0,,N,226622,4,ANGLE,21,CLEAR,1,DAYLIGHT,12,MOTOR VEHICLE IN TRANSPORT,DAVIDSON RD & BROOK HOLLOW RD,NASHVILLE,TN,37205,4905,WEST,36.1176,-86.8874,POINT (-86.8874 36.1176)
20190848001,11/23/2019 07:57:00 AM,1,1,0,,N,279230,0,NOT COLLISION W/MOTOR VEHICLE-TRANSPORT,2,RAIN,1,DAYLIGHT,34;43,DITCH;OTHER FIXED OBJECTS,I24 W EXT RAMP & I 24,NASHVILLE,TN,37211,8829,SOUTH,36.1074,-86.7197,POINT (-86.7197 36.1074)
20190830602,11/16/2019 02:36:00 AM,1,0,0,Y,N,109522,0,NOT COLLISION W/MOTOR VEHICLE-TRANSPORT,21,CLEAR,3,DARK - LIGHTED,27;29,H-WAY TRAFFIC SIGNAL POST;LUMINAIRE/LIGHT SUPPORT,ALABAMA AV & 46TH AVN,NASHVILLE,TN,37209,5201,WEST,36.1533,-86.8427,POINT (-86.8427 36.1533)
20190877554,12/06/2019 11:35:00 AM,2,0,0,,Y,676834,5,SIDESWIPE - SAME DIRECTION,22,CLOUDY,1,DAYLIGHT,12,MOTOR VEHICLE IN TRANSPORT,MM 47 2 I 24,NASHVILLE,TN,37207,19021,EAST,36.1858,-86.7752,POINT (-86.7752 36.1858)
20190693522,09/18/2019 03:15:00 PM,2,0,0,,Y,279214,11,Front to Rear,21,CLEAR,1,DAYLIGHT,12,MOTOR VEHICLE IN TRANSPORT,MM 2 0 I 440,NASHVILLE,TN,37205,6004,WEST,36.13,-86.8171,POINT (-86.8171 36.13)
20190894039,12/13/2019 10:25:00 AM,2,0,0,,N,320588,4,ANGLE,22,CLOUDY,1,DAYLIGHT,12,MOTOR VEHICLE IN TRANSPORT,5TH AVE N & JEFFERSON ST,NASHVILLE,TN,37219,4235,CENTRA,36.1743,-86.7874,POINT (-86.7874 36.1743)
20190700720,09/21/2019 03:03:00 PM,2,0,0,,N,320579,5,SIDESWIPE - SAME DIRECTION,21,CLEAR,1,DAYLIGHT,12,MOTOR VEHICLE IN TRANSPORT,GALLATIN AV & STRATTON AV,NASHVILLE,TN,37206,1243,EAST,36.1824,-86.749,POINT (-86.749 36.1824)
20190657743,09/03/2019 06:21:00 PM,3,0,0,,N,267831,11,Front to Rear,21,CLEAR,1,DAYLIGHT,12,MOTOR VEHICLE IN TRANSPORT,MM 202 0 I 40,NASHVILLE,TN,37209,46027,WEST,36.1401,-86.8875,POINT (-86.8875 36.1401)
20190587704,08/07/2019 04:54:00 PM,2,0,0,,N,151132,11,Front to Rear,21,CLEAR,1,DAYLIGHT,12,MOTOR VEHICLE IN TRANSPORT,MM 92 0 I 65,MADISON,TN,37115,17280,MADISO,36.2612,-86.7382,POINT (-86.7382 36.2612)
20190592923,08/09/2019 11:27:00 AM,2,1,0,,N,584947,11,Front to Rear,21,CLEAR,1,DAYLIGHT,12,MOTOR VEHICLE IN TRANSPORT,OLD HICKORY BLVD & I65 N EXT RAMP,BRENTWOOD,TN,37027,8623,MIDTOW,36.0399,-86.781,POINT (-86.781 36.0399)
20190848734,11/23/2019 05:15:00 PM,2,1,0,,N,433550,11,Front to Rear,2,RAIN,2,DARK - NOT LIGHTED,12,MOTOR VEHICLE IN TRANSPORT,RAINER DR & CASCADE DR,OLD HICKORY,TN,37138,9729,HERMIT,36.2279,-86.5915,POINT (-86.5915 36.2279)
20190618417,08/19/2019 12:06:00 PM,2,2,0,,N,225773,11,Front to Rear,21,CLEAR,1,DAYLIGHT,12,MOTOR VEHICLE IN TRANSPORT,MM 79 7 I 65,NASHVILLE,TN,37204,8504,MIDTOW,36.1092,-86.7698,POINT (-86.7698 36.1092)
20190097306,08/11/2019 03:18:00 AM,2,1,0,,N,352188,4,ANGLE,21,CLEAR,3,DARK - LIGHTED,12;65,MOTOR VEHICLE IN TRANSPORT;Cross Median,HAYWOOD LN & HAYWOOD SQUARE PVTDR,NASHVILLE,TN,37211,8709,SOUTH,36.0694,-86.6927,POINT (-86.6927 36.0694)
20190763701,10/18/2019 10:54:00 AM,1,1,0,Y,N,226622,0,NOT COLLISION W/MOTOR VEHICLE-TRANSPORT,21,CLEAR,1,DAYLIGHT,8,PEDESTRIAN,ABBOTT MARTIN RD & CROSS CREEK RD,NASHVILLE,TN,37215,6113,WEST,36.1066,-86.8218,POINT (-86.8218 36.1066)
20190736116,10/06/2019 07:29:00 PM,2,0,0,,Y,320599,4,ANGLE,2,RAIN,2,DARK - NOT LIGHTED,12,MOTOR VEHICLE IN TRANSPORT,CASTLEGATE DR & SMITH SPRINGS RD,NASHVILLE,TN,37217,8929,HERMIT,36.0892,-86.6148,POINT (-86.6148 36.0892)
20190685742,09/15/2019 11:08:00 AM,2,2,0,,N,279230,3,REAR-TO-REAR,21,CLEAR,1,DAYLIGHT,55,Motor Vehicle-In-Motion Outside Trafficw,2101 FRANKLIN LIMESTONE RD,NASHVILLE,TN,37217,8853,SOUTH,36.0939,-86.6536,POINT (-86.6536 36.0939)
20190747789,10/11/2019 05:14:00 PM,1,1,0,Y,N,240983,0,NOT COLLISION W/MOTOR VEHICLE-TRANSPORT,2,RAIN,1,DAYLIGHT,30;63,UTILITY POLE;Ran Off Road-Right,ANTIOCH PKE & REEVES RD,ANTIOCH,TN,37013,8893,SOUTH,36.0655,-86.68,POINT (-86.68 36.0655)