Accident Number,Date and Time,Number of Motor Vehicles,Number of Injuries,Number of Fatalities,Property Damage,Hit and Run,Reporting Officer,Collision Type Code,Collision Type Description,Weather Code,Weather Description,Illumination Code,Illumination Description,Harmful Code,Harmful Code Description,Street Address,City,State,ZIP,RPA,Precinct,Latitude,Longitude,Mapped Location
20190912989,12/21/2019 12:00:00 AM,3,0,0,,N,352196,5,SIDESWIPE - SAME DIRECTION,21,CLEAR,3,DARK - LIGHTED,12,MOTOR VEHICLE IN TRANSPORT,OLD HICKORY BLVD & I24 E EXT RAMP,WHITES CREEK,TN,37189,3227,NORTH,36.2768,-86.801,POINT (-86.801 36.2768)
20190644298,08/29/2019 07:41:00 AM,2,0,0,,N,755026,11,Front to Rear,21,CLEAR,1,DAYLIGHT,12,MOTOR VEHICLE IN TRANSPORT,MM 52 7 I 24,NASHVILLE,TN,37210,81022,SOUTH,36.1226,-86.7277,POINT (-86.7277 36.1226)
20190645325,08/29/2019 04:12:00 PM,2,0,0,,N,256384,11,Front to Rear,21,CLEAR,1,DAYLIGHT,12,MOTOR VEHICLE IN TRANSPORT,BRILEY PKWYS & I24 W EXT RAMP,NASHVILLE,TN,37211,88962,SOUTH,36.11,-86.7208,POINT (-86.7208 36.11)
20190705665,09/23/2019 06:19:00 PM,2,0,0,,Y,320599,11,Front to Rear,22,CLOUDY,5,DUSK,14,PARKED MOTOR VEHICLE,NASHBORO BLVD & MURFREESBORO PKE,NASHVILLE,TN,37217,8935,HERMIT,36.0884,-86.6478,POINT (-86.6478 36.0884)
20190810972,11/07/2019 06:12:00 PM,2,0,0,,N,384402,11,Front to Rear,2,RAIN,3,DARK - LIGHTED,12,MOTOR VEHICLE IN TRANSPORT,MM 218 0 I 40,NASHVILLE,TN,37217,89020,HERMIT,36.1413,-86.667,POINT (-86.667 36.1413)
20190645435,08/29/2019 05:14:00 PM,2,0,0,,N,151132,4,ANGLE,21,CLEAR,1,DAYLIGHT,12,MOTOR VEHICLE IN TRANSPORT,CUNNIFF PKWY & DICKERSON PKES,MADISON,TN,37115,2101,MADISO,36.2843,-86.7464,POINT (-86.7464 36.2843)
20190666459,09/07/2019 12:00:00 AM,1,0,0,Y,Y,262766,0,NOT COLLISION W/MOTOR VEHICLE-TRANSPORT,99,UNKNOWN,9,UNKNOWN,32;63,CULVERT;Ran Off Road-Right,PREMIER DR & MERCOMATIC DR,NASHVILLE,TN,37209,5023,WEST,36.1471,-86.8751,POINT (-86.8751 36.1471)
20190655577,09/02/2019 09:03:00 PM,2,0,0,,N,311333,4,ANGLE,21,CLEAR,1,DAYLIGHT,12,MOTOR VEHICLE IN TRANSPORT,HAMILTON CHURCH RD & HOBSON PKE,ANTIOCH,TN,37013,8905,SOUTH,36.0586,-86.5978,POINT (-86.5978 36.0586)
20190714190,09/27/2019 04:51:00 AM,2,2,0,,N,311341,4,ANGLE,5,FOG,3,DARK - LIGHTED,12,MOTOR VEHICLE IN TRANSPORT,ABBOTT MARTIN RD & CLEGHORN AV,NASHVILLE,TN,37215,6113,WEST,36.1065,-86.82,POINT (-86.82 36.1065)
20190760954,10/17/2019 08:00:00 AM,2,0,0,,Y,226622,4,ANGLE,21,CLEAR,1,DAYLIGHT,12,MOTOR VEHICLE IN TRANSPORT,MM 205 4 I 40,NASHVILLE,TN,37209,52040,WEST,36.1546,-86.8315,POINT (-86.8315 36.1546)
20190796184,11/01/2019 02:10:00 PM,2,0,0,,N,352198,5,SIDESWIPE - SAME DIRECTION,21,CLEAR,1,DAYLIGHT,12,MOTOR VEHICLE IN TRANSPORT,US HWY 31E & NEELYS BEND RD,MADISON,TN,37115,1625,MADISO,36.2562,-86.7144,POINT (-86.7144 36.2562)
20190801867,11/04/2019 06:58:00 AM,2,0,0,,N,140808,4,ANGLE,21,CLEAR,1,DAYLIGHT,12,MOTOR VEHICLE IN TRANSPORT,LAMBERT DR & BRINDLEY DR,NASHVILLE,TN,37220,7101,MIDTOW,36.0782,-86.7673,POINT (-86.7673 36.0782)
20190728747,10/03/2019 10:39:00 AM,2,0,0,,N,352202,5,SIDESWIPE - SAME DIRECTION,21,CLEAR,1,DAYLIGHT,13,MOTOR VEHICLE IN TRANSPORT-OTHER ROADWAY,4TH AVS & LEA AV,NASHVILLE,TN,37203,4037,CENTRA,36.1547,-86.7731,POINT (-86.7731 36.1547)
20190879618,12/07/2019 12:00:00 AM,2,0,0,,Y,343522,9,UNKNOWN,99,UNKNOWN,9,UNKNOWN,12,MOTOR VEHICLE IN TRANSPORT,BRIDLE DR & CROSS TIMBERS DR,NASHVILLE,TN,37221,4815,WEST,36.078,-86.9354,POINT (-86.9354 36.078)
20190890916,12/12/2019 12:00:00 AM,2,1,0,,N,299248,4,ANGLE,21,CLEAR,3,DARK - LIGHTED,12,MOTOR VEHICLE IN TRANSPORT,MURFREESBORO PKE & MCGAVOCK PKE,NASHVILLE,TN,37217,8841,SOUTH,36.1129,-86.689,POINT (-86.689 36.1129)
20190793296,10/31/2019 08:20:00 AM,1,0,0,Y,N,311339,0,NOT COLLISION W/MOTOR VEHICLE-TRANSPORT,2,RAIN,1,DAYLIGHT,37,Other Traffic Barrier,PINE ST & 11TH AVS,NASHVILLE,TN,37203,4019,CENTRA,36.1529,-86.7837,POINT (-86.7837 36.1529)
20190899796,12/16/2019 09:02:00 AM,2,0,0,,N,716886,5,SIDESWIPE - SAME DIRECTION,2,RAIN,1,DAYLIGHT,12,MOTOR VEHICLE IN TRANSPORT,MM 54 8 I 24,NASHVILLE,TN,37211,8812,SOUTH,36.0968,-86.7085,POINT (-86.7085 36.0968)
20190842987,11/21/2019 08:32:00 AM,1,1,0,,N,191578,0,NOT COLLISION W/MOTOR VEHICLE-TRANSPORT,22,CLOUDY,1,DAYLIGHT,50,DEER (ANIMAL),CENTRAL PKE & S NEW HOPE RD,HERMITAGE,TN,37076,9557,HERMIT,36.1729,-86.5849,POINT (-86.5849 36.1729)
20190584737,08/06/2019 03:25:00 PM,2,0,0,,N,717341,5,SIDESWIPE - SAME DIRECTION,21,CLEAR,1,DAYLIGHT,12,MOTOR VEHICLE IN TRANSPORT,HARDING PL & TRAVELERS INN DR,NASHVILLE,TN,37211,8705,SOUTH,36.085,-86.7031,POINT (-86.7031 36.085)
20190757368,10/15/2019 10:30:00 PM,2,0,0,,N,256426,5,SIDESWIPE - SAME DIRECTION,22,CLOUDY,3,DARK - LIGHTED,12,MOTOR VEHICLE IN TRANSPORT,EXIT 216C & UNKNOWN RAMP,NASHVILLE,TN,37214,8953,HERMIT,36.1396,-86.665,POINT (-86.665 36.1396)
20190789122,10/29/2019 04:13:00 PM,3,0,0,,N,179606,11,Front to Rear,21,CLEAR,1,DAYLIGHT,12,MOTOR VEHICLE IN TRANSPORT,MM 6 3 I 440,NASHVILLE,TN,37210,8304,SOUTH,36.1229,-86.751,POINT (-86.751 36.1229)
20190765185,10/19/2019 12:00:00 AM,3,0,0,,N,169414,11,Front to Rear,21,CLEAR,7,Dark-Unknown Lighting,12,MOTOR VEHICLE IN TRANSPORT,I24 E EXT RAMP & I 24,NASHVILLE,TN,37207,30080,NORTH,36.2378,-86.7872,POINT (-86.7872 36.2378)
20190880918,12/08/2019 02:17:00 AM,2,1,0,,N,256377,11,Front to Rear,21,CLEAR,2,DARK - NOT LIGHTED,12,MOTOR VEHICLE IN TRANSPORT,MM 212 9 I 40,NASHVILLE,TN,37210,82061,HERMIT,36.1404,-86.7312,POINT (-86.7312 36.1404)
20190729198,10/03/2019 02:27:00 PM,2,0,0,,N,240983,5,SIDESWIPE - SAME DIRECTION,21,CLEAR,1,DAYLIGHT,12,MOTOR VEHICLE IN TRANSPORT,EAST THOMPSON LN & BRILEY PKWYN,NASHVILLE,TN,37211,8337,SOUTH,36.1095,-86.728,POINT (-86.728 36.1095)
20190640552,08/27/2019 06:06:00 PM,2,0,0,,Y,256427,11,Front to Rear,21,CLEAR,1,DAYLIGHT,12,MOTOR VEHICLE IN TRANSPORT,COTTAGE LN & LEBANON PKE,NASHVILLE,TN,37214,9205,HERMIT,36.1679,-86.6925,POINT (-86.6925 36.1679)
20190611280,08/16/2019 12:16:00 PM,2,0,0,,N,716886,5,SIDESWIPE - SAME DIRECTION,21,CLEAR,1,DAYLIGHT,12,MOTOR VEHICLE IN TRANSPORT,BELL RD & CANE RIDGE RD,ANTIOCH,TN,37013,8753,SOUTH,36.0449,-86.6631,POINT (-86.6631 36.0449)
20190692569,09/18/2019 08:00:00 AM,2,0,0,,N,676834,4,ANGLE,21,CLEAR,1,DAYLIGHT,12,MOTOR VEHICLE IN TRANSPORT,W HEIMAN ST & ED TEMPLE BLVD,NASHVILLE,TN,37209,4503,NORTH,36.1697,-86.8213,POINT (-86.8213 36.1697)
20190824197,11/12/2019 09:30:00 PM,2,0,0,,Y,420035,4,ANGLE,21,CLEAR,2,DARK - NOT LIGHTED,14,PARKED MOTOR VEHICLE,MAY DR & MAYLENE DR,MADISON,TN,37115,1715,MADISO,36.2788,-86.6974,POINT (-86.6974 36.2788)
20190630914,08/23/2019 04:30:00 PM,3,0,0,,N,352213,11,Front to Rear,21,CLEAR,1,DAYLIGHT,12,MOTOR VEHICLE IN TRANSPORT,HOBBS RD & STAMMER PL,NASHVILLE,TN,37215,6115,WEST,36.1012,-86.8213,POINT (-86.8213 36.1012)
20190874502,12/05/2019 08:20:00 AM,2,0,0,,N,279206,4,ANGLE,21,CLEAR,1,DAYLIGHT,12,MOTOR VEHICLE IN TRANSPORT,LEBANON PKE & SHADY GROVE RD,NASHVILLE,TN,37214,9113,HERMIT,36.1699,-86.6736,POINT (-86.6736 36.1699)
20190694036,09/18/2019 07:19:00 PM,1,1,0,,N,384416,0,NOT COLLISION W/MOTOR VEHICLE-TRANSPORT,21,CLEAR,9,UNKNOWN,18,OTHER OBJECT (NOT FIXED),MURFREESBORO PKE & MOUNTAIN SPRINGS RD,ANTIOCH,TN,37013,8927,SOUTH,36.0478,-86.6121,POINT (-86.6121 36.0478)
20190650553,08/31/2019 04:40:00 PM,2,1,0,,N,256384,4,ANGLE,21,CLEAR,1,DAYLIGHT,12,MOTOR VEHICLE IN TRANSPORT,NOLENSVILLE PKE & TIMMONS ST,NASHVILLE,TN,37211,8425,SOUTH,36.1073,-86.7434,POINT (-86.7434 36.1073)
20190655088,09/02/2019 04:20:00 PM,2,0,0,,N,179606,11,Front to Rear,21,CLEAR,1,DAYLIGHT,12,MOTOR VEHICLE IN TRANSPORT,MM 5 9 I 440,NASHVILLE,TN,37204,83062,MIDTOW,36.1215,-86.7578,POINT (-86.7578 36.1215)
20190699594,09/20/2019 10:39:00 PM,3,0,0,,Y,200016,11,Front to Rear,21,CLEAR,3,DARK - LIGHTED,12;14,MOTOR VEHICLE IN TRANSPORT;PARKED MOTOR VEHICLE,ROSA L PARKS BLVD & JEFFERSON ST,NASHVILLE,TN,37208,4237,CENTRA,36.1733,-86.7914,POINT (-86.7914 36.1733)
20190659427,09/04/2019 10:40:00 AM,3,1,0,,N,716886,11,Front to Rear,21,CLEAR,1,DAYLIGHT,12,MOTOR VEHICLE IN TRANSPORT,MM 53 3 I 24,NASHVILLE,TN,37210,88141,SOUTH,36.1146,-86.7245,POINT (-86.7245 36.1146)
20190820869,11/12/2019 07:00:00 AM,3,1,0,,N,352202,4,ANGLE,21,CLEAR,1,DAYLIGHT,12,MOTOR VEHICLE IN TRANSPORT,JEFFERSON ST & OLDHAM ST PVTDR,NASHVILLE,TN,37213,1989,CENTRA,36.176,-86.7803,POINT (-86.7803 36.176)
20190878725,12/06/2019 10:50:00 PM,2,0,0,,Y,415780,98,OTHER,21,CLEAR,3,DARK - LIGHTED,12,MOTOR VEHICLE IN TRANSPORT,I40 W EXT RAMP & I 40,NASHVILLE,TN,37203,4119,CENTRA,36.1574,-86.79,POINT (-86.79 36.1574)
20190656395,09/03/2019 07:30:00 AM,2,0,0,,N,224953,5,SIDESWIPE - SAME DIRECTION,21,CLEAR,1,DAYLIGHT,12,MOTOR VEHICLE IN TRANSPORT,CHURCH ST & ARCADE ALY,NASHVILLE,TN,37219,4129,CENTRA,36.1634,-86.7796,POINT (-86.7796 36.1634)
20190693138,09/18/2019 12:15:00 PM,2,0,0,,Y,676834,5,SIDESWIPE - SAME DIRECTION,21,CLEAR,1,DAYLIGHT,12,MOTOR VEHICLE IN TRANSPORT,MM 205 6 I 40,NASHVILLE,TN,37209,5228,WEST,36.1559,-86.8271,POINT (-86.8271 36.1559)
20190838980,11/19/2019 06:45:00 PM,2,0,0,,Y,384424,5,SIDESWIPE - SAME DIRECTION,21,CLEAR,3,DARK - LIGHTED,12,MOTOR VEHICLE IN TRANSPORT,MM 49 2 I 24,NASHVILLE,TN,37213,1002,CENTRA,36.1637,-86.7625,POINT (-86.7625 36.1637)
20190924228,12/27/2019 03:00:00 PM,2,0,0,,Y,352172,5,SIDESWIPE - SAME DIRECTION,21,CLEAR,1,DAYLIGHT,12,MOTOR VEHICLE IN TRANSPORT,SKYLINE COMMONS PVTDR & DOVERSIDE DR,NASHVILLE,TN,37207,2011,MADISO,36.2442,-86.7622,POINT (-86.7622 36.2442)
20190632465,08/24/2019 12:00:00 AM,1,0,0,Y,Y,179602,0,NOT COLLISION W/MOTOR VEHICLE-TRANSPORT,22,CLOUDY,5,DUSK,38,FENCE,VISTA LN & WOODPOINT DR,NASHVILLE,TN,37207,3045,NORTH,36.2344,-86.7958,POINT (-86.7958 36.2344)
20190807408,11/06/2019 08:15:00 AM,2,0,0,,Y,191578,5,SIDESWIPE - SAME DIRECTION,21,CLEAR,1,DAYLIGHT,12,MOTOR VEHICLE IN TRANSPORT,MM 213 0 I 40,NASHVILLE,TN,37210,8219,HERMIT,36.1407,-86.7323,POINT (-86.7323 36.1407)
20190877625,12/06/2019 12:20:00 PM,2,1,0,Y,N,834798,11,Front to Rear,21,CLEAR,1,DAYLIGHT,12;19,MOTOR VEHICLE IN TRANSPORT;BUILDING,FRANKLIN PIKE CIR & I65 N ENT RAMP,BRENTWOOD,TN,37027,8619,MIDTOW,36.0416,-86.7812,POINT (-86.7812 36.0416)
20190662261,09/05/2019 02:28:00 PM,2,0,0,,Y,151132,5,SIDESWIPE - SAME DIRECTION,21,CLEAR,1,DAYLIGHT,12,MOTOR VEHICLE IN TRANSPORT,MYATT DR & GALLATIN PKEN,MADISON,TN,37115,1731,MADISO,36.2967,-86.699,POINT (-86.699 36.2967)
20190603302,08/13/2019 01:00:00 PM,2,0,0,,Y,109534,11,Front to Rear,21,CLEAR,1,DAYLIGHT,12;99,MOTOR VEHICLE IN TRANSPORT;UNKNOWN MOST HARMFUL EVENT,MURFREESBORO PKE & NASHBORO BLVD,ANTIOCH,TN,37013,8891,SOUTH,36.0869,-86.6487,POINT (-86.6487 36.0869)
20190724367,10/01/2019 03:20:00 PM,2,0,0,,Y,330435,5,SIDESWIPE - SAME DIRECTION,21,CLEAR,1,DAYLIGHT,12,MOTOR VEHICLE IN TRANSPORT,1003 DOUGLAS AV,NASHVILLE,TN,37206,1895,EAST,36.193,-86.747,POINT (-86.747 36.193)
20190635182,08/25/2019 02:31:00 PM,2,0,0,,N,212369,11,Front to Rear,22,CLOUDY,1,DAYLIGHT,12,MOTOR VEHICLE IN TRANSPORT,OLD HICKORY BLVD & BRENTWOOD EAST DR,NASHVILLE,TN,37211,8651,MIDTOW,36.0452,-86.7154,POINT (-86.7154 36.0452)
20190908552,12/19/2019 06:00:00 PM,2,0,0,,N,311333,5,SIDESWIPE - SAME DIRECTION,21,CLEAR,2,DARK - NOT LIGHTED,12,MOTOR VEHICLE IN TRANSPORT,OLD HICKORY BLVD & I24 E ENT RAMP,ANTIOCH,TN,37013,8771,SOUTH,36.0134,-86.6207,POINT (-86.6207 36.0134)
20190796808,11/01/2019 06:10:00 PM,2,1,0,,N,256383,11,Front to Rear,21,CLEAR,3,DARK - LIGHTED,12,MOTOR VEHICLE IN TRANSPORT,MM 6 3 I 440,NASHVILLE,TN,37210,8304,SOUTH,36.1229,-86.751,POINT (-86.751 36.1229)
20190807402,11/06/2019 08:20:00 AM,2,0,0,,N,384414,11,Front to Rear,21,CLEAR,1,DAYLIGHT,12,MOTOR VEHICLE IN TRANSPORT,OLD HICKORY BLVD & BELLEVUE RD,NASHVILLE,TN,37221,4819,WEST,36.0631,-86.9169,POINT (-86.9169 36.0631)
20190879841,12/07/2019 01:26:00 PM,1,1,0,,Y,769379,0,NOT COLLISION W/MOTOR VEHICLE-TRANSPORT,21,CLEAR,1,DAYLIGHT,8,PEDESTRIAN,N HILL ST & LEWIS ST,NASHVILLE,TN,37210,8135,SOUTH,36.145,-86.759,POINT (-86.759 36.145)
20190647900,08/30/2019 02:30:00 PM,2,0,0,,N,330436,11,Front to Rear,21,CLEAR,1,DAYLIGHT,12,MOTOR VEHICLE IN TRANSPORT,WOODLAND ST & JAMES ROBERTSON PKWY,NASHVILLE,TN,37213,1101,CENTRA,36.1676,-86.7758,POINT (-86.7758 36.1676)
20190750255,10/12/2019 09:30:00 PM,2,0,0,,N,352197,11,Front to Rear,21,CLEAR,3,DARK - LIGHTED,12,MOTOR VEHICLE IN TRANSPORT,MURFREESBORO PKE & HOBSON PKE,ANTIOCH,TN,37013,8927,SOUTH,36.043,-86.6066,POINT (-86.6066 36.043)
20190640137,08/27/2019 03:36:00 PM,2,0,0,,Y,179606,11,Front to Rear,21,CLEAR,1,DAYLIGHT,12,MOTOR VEHICLE IN TRANSPORT,POWELL AV & POWELL PL,NASHVILLE,TN,37204,8527,MIDTOW,36.1065,-86.7646,POINT (-86.7646 36.1065)
20190679651,09/12/2019 08:10:00 PM,3,0,0,,Y,267831,4,ANGLE,21,CLEAR,3,DARK - LIGHTED,12;14,MOTOR VEHICLE IN TRANSPORT;PARKED MOTOR VEHICLE,MAUDINA AV & DEMOSS RD,NASHVILLE,TN,37209,5025,WEST,36.1441,-86.8616,POINT (-86.8616 36.1441)
20190696211,09/19/2019 04:23:00 PM,3,3,0,,N,256380,11,Front to Rear,21,CLEAR,1,DAYLIGHT,12,MOTOR VEHICLE IN TRANSPORT,CLARKSVILLE PKE & DRY FORK RD,NASHVILLE,TN,37218,3231,NORTH,36.276,-86.868,POINT (-86.868 36.276)
20190861987,11/29/2019 06:27:00 PM,2,0,0,,Y,256386,5,SIDESWIPE - SAME DIRECTION,21,CLEAR,3,DARK - LIGHTED,12,MOTOR VEHICLE IN TRANSPORT,I40 E ENT RAMP & I 40,NASHVILLE,TN,37205,4903,WEST,36.1109,-86.922,POINT (-86.922 36.1109)
20190659138,09/04/2019 08:16:00 AM,2,0,0,,N,462474,11,Front to Rear,21,CLEAR,1,DAYLIGHT,12,MOTOR VEHICLE IN TRANSPORT,CHURCH ST & 21ST AVN,NASHVILLE,TN,37203,5527,MIDTOW,36.1525,-86.8027,POINT (-86.8027 36.1525)
20190884212,12/09/2019 03:30:00 PM,2,0,0,,Y,299253,6,SIDESWIPE - OPPOSITE DIRECTION,22,CLOUDY,1,DAYLIGHT,12,MOTOR VEHICLE IN TRANSPORT,HILLTOP LN & HART LN,NASHVILLE,TN,37216,1817,EAST,36.2137,-86.736,POINT (-86.736 36.2137)
20190782496,10/26/2019 06:58:00 PM,2,1,0,,Y,279124,4,ANGLE,2,RAIN,3,DARK - LIGHTED,12,MOTOR VEHICLE IN TRANSPORT,ZELIDA AV & BELL RD,ANTIOCH,TN,37013,8865,SOUTH,36.0549,-86.6425,POINT (-86.6425 36.0549)
20190872089,12/04/2019 09:45:00 AM,3,0,0,,Y,633381,11,Front to Rear,21,CLEAR,1,DAYLIGHT,12,MOTOR VEHICLE IN TRANSPORT,MM 62 8 I 24,ANTIOCH,TN,37013,8804,SOUTH,36.0118,-86.6175,POINT (-86.6175 36.0118)
20190723161,10/01/2019 06:54:00 AM,1,1,0,,N,311799,0,NOT COLLISION W/MOTOR VEHICLE-TRANSPORT,21,CLEAR,1,DAYLIGHT,8,PEDESTRIAN,HARRIS ST & GALLATIN PKES,MADISON,TN,37115,1605,MADISO,36.2584,-86.7135,POINT (-86.7135 36.2584)
20190715880,09/27/2019 07:47:00 PM,2,1,0,,N,256380,11,Front to Rear,21,CLEAR,3,DARK - LIGHTED,12,MOTOR VEHICLE IN TRANSPORT,MM 86 9 I 65,NASHVILLE,TN,37207,3002,NORTH,36.2009,-86.7768,POINT (-86.7768 36.2009)
20190637765,08/26/2019 06:15:00 PM,2,2,0,,N,717341,2,HEAD-ON,22,CLOUDY,1,DAYLIGHT,12,MOTOR VEHICLE IN TRANSPORT,TUSCULUM RD & SHACKLETT LANE CT,ANTIOCH,TN,37013,8713,SOUTH,36.0529,-86.6747,POINT (-86.6747 36.0529)
20190627878,08/22/2019 04:45:00 PM,2,0,0,,N,352156,11,Front to Rear,2,RAIN,1,DAYLIGHT,12,MOTOR VEHICLE IN TRANSPORT,PICCADILLY ROW & UNA ANTIOCH PKE,NASHVILLE,TN,37217,8853,SOUTH,36.0775,-86.658,POINT (-86.658 36.0775)
20190810273,11/07/2019 11:20:00 AM,2,0,0,,N,384445,5,SIDESWIPE - SAME DIRECTION,2,RAIN,1,DAYLIGHT,12,MOTOR VEHICLE IN TRANSPORT,CHARLOTTE PKE & WHITE BRIDGE PKE,NASHVILLE,TN,37209,5033,WEST,36.15,-86.8584,POINT (-86.8584 36.15)
20190750732,10/13/2019 02:37:00 AM,1,1,0,Y,N,110094,0,NOT COLLISION W/MOTOR VEHICLE-TRANSPORT,21,CLEAR,3,DARK - LIGHTED,30;33,UTILITY POLE;CURB,VICTORY AV & S 1ST ST,NASHVILLE,TN,37213,1101,CENTRA,36.1649,-86.7702,POINT (-86.7702 36.1649)
20190867268,12/02/2019 02:55:00 PM,2,2,0,,N,419972,4,ANGLE,22,CLOUDY,1,DAYLIGHT,12,MOTOR VEHICLE IN TRANSPORT,WEST END AV & WILSON BLVDN,NASHVILLE,TN,37205,6009,WEST,36.132,-86.8326,POINT (-86.8326 36.132)
20190854964,11/26/2019 12:19:00 PM,2,1,0,,N,591936,11,Front to Rear,21,CLEAR,1,DAYLIGHT,12,MOTOR VEHICLE IN TRANSPORT,MM 3 2 I 440,NASHVILLE,TN,37215,6422,MIDTOW,36.1177,-86.8005,POINT (-86.8005 36.1177)
20190812962,11/08/2019 01:50:00 PM,2,0,0,,Y,320575,11,Front to Rear,21,CLEAR,1,DAYLIGHT,12,MOTOR VEHICLE IN TRANSPORT,HARDING PL & HARDING MALL DR,NASHVILLE,TN,37211,8705,SOUTH,36.0804,-86.7218,POINT (-86.7218 36.0804)
20190719201,09/29/2019 11:40:00 AM,2,0,0,,N,226586,5,SIDESWIPE - SAME DIRECTION,21,CLEAR,1,DAYLIGHT,12,MOTOR VEHICLE IN TRANSPORT,JAMES ROBERTSON PKWY & 5TH AVN,NASHVILLE,TN,37219,4203,CENTRA,36.1687,-86.7838,POINT (-86.7838 36.1687)
20190881626,12/08/2019 01:01:00 PM,2,0,0,,Y,419952,6,SIDESWIPE - OPPOSITE DIRECTION,22,CLOUDY,1,DAYLIGHT,12,MOTOR VEHICLE IN TRANSPORT,MCCRORY LN & NEWSOM STATION RD,NASHVILLE,TN,37221,4713,WEST,36.0784,-87.0219,POINT (-87.0219 36.0784)
20190676135,09/11/2019 12:52:00 PM,2,0,0,,N,191578,5,SIDESWIPE - SAME DIRECTION,21,CLEAR,1,DAYLIGHT,12,MOTOR VEHICLE IN TRANSPORT,HERMITAGE AV & DRIFTWOOD ST,NASHVILLE,TN,37210,9005,HERMIT,36.1549,-86.7588,POINT (-86.7588 36.1549)
20190893118,12/13/2019 12:40:00 AM,1,1,0,Y,N,256414,0,NOT COLLISION W/MOTOR VEHICLE-TRANSPORT,21,CLEAR,2,DARK - NOT LIGHTED,34;40,DITCH;MAIL BOX,OLD HICKORY BLVD & WHITTEMORE LN,ANTIOCH,TN,37013,8769,SOUTH,36.0021,-86.6535,POINT (-86.6535 36.0021)
20190813782,11/08/2019 09:20:00 PM,1,0,0,,N,256448,0,NOT COLLISION W/MOTOR VEHICLE-TRANSPORT,21,CLEAR,3,DARK - LIGHTED,50,DEER (ANIMAL),MM 219 4 I 40,NASHVILLE,TN,37214,89043,HERMIT,36.1594,-86.6232,POINT (-86.6232 36.1594)
20190766451,10/19/2019 03:20:00 PM,2,1,0,,N,352186,2,HEAD-ON,2,RAIN,1,DAYLIGHT,12,MOTOR VEHICLE IN TRANSPORT,CLARKSVILLE PKE & BUENA VISTA PKE,NASHVILLE,TN,37218,3135,NORTH,36.1935,-86.8309,POINT (-86.8309 36.1935)
20190914640,12/22/2019 07:07:00 PM,2,1,0,,N,320580,11,Front to Rear,2,RAIN,3,DARK - LIGHTED,12,MOTOR VEHICLE IN TRANSPORT,BELL RD & BELL RD PVTDR,HERMITAGE,TN,37076,9501,HERMIT,36.1571,-86.6179,POINT (-86.6179 36.1571)
20190858776,11/28/2019 12:20:00 AM,2,0,0,,N,384418,5,SIDESWIPE - SAME DIRECTION,21,CLEAR,3,DARK - LIGHTED,11;12;14,OTHER ANIMAL;MOTOR VEHICLE IN TRANSPORT;PARKED MOTOR VEHICLE,FIRELIGHT CT & FIRELIGHT TRL,ANTIOCH,TN,37013,8967,SOUTH,36.0297,-86.5832,POINT (-86.5832 36.0297)
20190714436,09/27/2019 07:33:00 AM,3,1,0,,N,226622,11,Front to Rear,22,CLOUDY,1,DAYLIGHT,12,MOTOR VEHICLE IN TRANSPORT,MM 205 6 I 40,NASHVILLE,TN,37209,5228,WEST,36.1559,-86.8271,POINT (-86.8271 36.1559)
20190846728,11/22/2019 05:49:00 PM,2,0,0,,N,580819,5,SIDESWIPE - SAME DIRECTION,22,CLOUDY,3,DARK - LIGHTED,12,MOTOR VEHICLE IN TRANSPORT,SHELBY AV & S 2ND ST,NASHVILLE,TN,37213,1103,CENTRA,36.1653,-86.7682,POINT (-86.7682 36.1653)
20190900884,12/16/2019 07:27:00 PM,2,2,0,,N,330436,5,SIDESWIPE - SAME DIRECTION,2,RAIN,3,DARK - LIGHTED,12,MOTOR VEHICLE IN TRANSPORT,MM 47 4 I 24,NASHVILLE,TN,37207,1904,CENTRA,36.1827,-86.7752,POINT (-86.7752 36.1827)
20190741688,10/09/2019 07:08:00 AM,3,0,0,,N,225773,11,Front to Rear,21,CLEAR,1,DAYLIGHT,12,MOTOR VEHICLE IN TRANSPORT,MM 79 7 I 65,NASHVILLE,TN,37204,8504,MIDTOW,36.1092,-86.7698,POINT (-86.7698 36.1092)
20190859531,11/28/2019 12:11:00 PM,2,1,0,,N,653629,4,ANGLE,22,CLOUDY,1,DAYLIGHT,12,MOTOR VEHICLE IN TRANSPORT,OLD HICKORY BLVD & HERMITAGE MARKETPLACE,HERMITAGE,TN,37076,9531,HERMIT,36.1885,-86.6143,POINT (-86.6143 36.1885)
20190798276,11/02/2019 09:45:00 AM,2,0,0,,N,224824,11,Front to Rear,21,CLEAR,1,DAYLIGHT,12,MOTOR VEHICLE IN TRANSPORT,CHANDLER GROVE DR & CHANDLER RD,HERMITAGE,TN,37076,9513,HERMIT,36.2001,-86.5829,POINT (-86.5829 36.2001)
20190766043,10/19/2019 09:56:00 AM,2,0,0,,N,279110,11,Front to Rear,21,CLEAR,1,DAYLIGHT,12,MOTOR VEHICLE IN TRANSPORT,I24 E EXT RAMP & I 24,NASHVILLE,TN,37207,30080,NORTH,36.2378,-86.7872,POINT (-86.7872 36.2378)
20190686094,09/15/2019 04:58:00 PM,2,0,0,,N,299257,4,ANGLE,21,CLEAR,1,DAYLIGHT,12,MOTOR VEHICLE IN TRANSPORT,MEADE AV & DRAKE AV,NASHVILLE,TN,37211,8515,MIDTOW,36.1019,-86.7454,POINT (-86.7454 36.1019)