Accident Number,Date and Time,Number of Motor Vehicles,Number of Injuries,Number of Fatalities,Property Damage,Hit and Run,Reporting Officer,Collision Type Code,Collision Type Description,Weather Code,Weather Description,Illumination Code,Illumination Description,Harmful Code,Harmful Code Description,Street Address,City,State,ZIP,RPA,Precinct,Latitude,Longitude,Mapped Location
20190706813,09/24/2019 08:37:00 AM,2,0,0,,N,462474,11,Front to Rear,21,CLEAR,1,DAYLIGHT,12,MOTOR VEHICLE IN TRANSPORT,MM 79 8 I 65,NASHVILLE,TN,37204,7004,MIDTOW,36.1111,-86.7715,POINT (-86.7715 36.1111)
20190878248,12/06/2019 05:32:00 PM,2,0,0,,N,256423,11,Front to Rear,21,CLEAR,3,DARK - LIGHTED,12,MOTOR VEHICLE IN TRANSPORT,CLARKSVILLE PKE & W HAMILTON RD,NASHVILLE,TN,37218,3141,NORTH,36.2091,-86.8394,POINT (-86.8394 36.2091)
20190610852,08/16/2019 08:33:00 AM,2,0,0,,N,462474,11,Front to Rear,21,CLEAR,1,DAYLIGHT,12,MOTOR VEHICLE IN TRANSPORT,HARDING PL & HILLSBORO PKE,NASHVILLE,TN,37215,6311,MIDTOW,36.0914,-86.8285,POINT (-86.8285 36.0914)
20190630612,08/23/2019 03:05:00 PM,2,0,0,,N,352172,11,Front to Rear,21,CLEAR,1,DAYLIGHT,12,MOTOR VEHICLE IN TRANSPORT,OLD HICKORY BLVD & HIGHWAY 70S,NASHVILLE,TN,37221,4901,WEST,36.0742,-86.9208,POINT (-86.9208 36.0742)
20190825145,11/13/2019 06:16:00 PM,2,0,0,,Y,240983,5,SIDESWIPE - SAME DIRECTION,21,CLEAR,2,DARK - NOT LIGHTED,12,MOTOR VEHICLE IN TRANSPORT,ANTIOCH PKE & HAYSTACK LN,NASHVILLE,TN,37211,8851,SOUTH,36.0709,-86.6844,POINT (-86.6844 36.0709)
20190835972,11/18/2019 03:46:00 PM,2,0,0,,N,384421,5,SIDESWIPE - SAME DIRECTION,21,CLEAR,1,DAYLIGHT,12,MOTOR VEHICLE IN TRANSPORT,BRILEY PKWY & BRILEY PKWYN,NASHVILLE,TN,37217,88940,HERMIT,36.1378,-86.7,POINT (-86.7 36.1378)
20190605240,08/14/2019 06:51:00 AM,2,1,0,,N,420059,11,Front to Rear,21,CLEAR,1,DAYLIGHT,12,MOTOR VEHICLE IN TRANSPORT,THRIBLE SPRINGS DR & OLD HICKORY BLVD,NASHVILLE,TN,37211,8653,MIDTOW,36.0396,-86.7358,POINT (-86.7358 36.0396)
20190867114,12/02/2019 01:26:00 PM,2,0,0,,N,909494,11,Front to Rear,22,CLOUDY,1,DAYLIGHT,12,MOTOR VEHICLE IN TRANSPORT,WHITES CREEK PKE & DICKERSON PKE,NASHVILLE,TN,37207,1917,EAST,36.1888,-86.7732,POINT (-86.7732 36.1888)
20190778553,10/24/2019 09:15:00 PM,1,0,0,,Y,807319,0,NOT COLLISION W/MOTOR VEHICLE-TRANSPORT,22,CLOUDY,3,DARK - LIGHTED,8,PEDESTRIAN,NOLENSVILLE PKE & MORTON AV,NASHVILLE,TN,37211,8405,SOUTH,36.1062,-86.7428,POINT (-86.7428 36.1062)
20190885418,12/10/2019 04:40:00 AM,1,1,0,,Y,161945,0,NOT COLLISION W/MOTOR VEHICLE-TRANSPORT,2,RAIN,3,DARK - LIGHTED,8,PEDESTRIAN,5701 OLD HICKORY BLVD,HERMITAGE,TN,37076,9561,HERMIT,36.1751,-86.603,POINT (-86.603 36.1751)
20190665297,09/06/2019 05:42:00 PM,2,0,0,,N,320603,4,ANGLE,21,CLEAR,1,DAYLIGHT,12,MOTOR VEHICLE IN TRANSPORT,PARK AVE & 37TH AVE N,NASHVILLE,TN,37209,5241,WEST,36.1516,-86.828,POINT (-86.828 36.1516)
20190855827,11/26/2019 08:07:00 PM,2,0,0,,N,384423,4,ANGLE,2,RAIN,3,DARK - LIGHTED,12,MOTOR VEHICLE IN TRANSPORT,HIGHWAY 70S & BELLEVUE CTR PVTDR,NASHVILLE,TN,37221,4811,WEST,36.0785,-86.9508,POINT (-86.9508 36.0785)
20190610995,08/16/2019 10:25:00 AM,2,0,0,,N,235761,4,ANGLE,21,CLEAR,1,DAYLIGHT,12,MOTOR VEHICLE IN TRANSPORT,HILLSBORO PKE & HAMPTON AV,NASHVILLE,TN,37215,6013,WEST,36.1161,-86.8106,POINT (-86.8106 36.1161)
20190683204,09/14/2019 03:15:00 AM,1,0,0,,Y,405424,0,NOT COLLISION W/MOTOR VEHICLE-TRANSPORT,21,CLEAR,3,DARK - LIGHTED,24,GUARDRAIL FACE,MM 218 2 I 40,NASHVILLE,TN,37214,89062,HERMIT,36.1489,-86.6401,POINT (-86.6401 36.1489)
20190863231,11/30/2019 12:40:00 PM,2,0,0,,Y,226600,6,SIDESWIPE - OPPOSITE DIRECTION,2,RAIN,1,DAYLIGHT,12,MOTOR VEHICLE IN TRANSPORT,HILLSBORO PKE & WARFIELD DR,NASHVILLE,TN,37215,6405,MIDTOW,36.1034,-86.8161,POINT (-86.8161 36.1034)
20190902631,12/17/2019 12:51:00 PM,2,1,0,,N,109534,4,ANGLE,22,CLOUDY,1,DAYLIGHT,12,MOTOR VEHICLE IN TRANSPORT,DONELSON PKE & I40 E ENT RAMP,NASHVILLE,TN,37214,8953,HERMIT,36.1396,-86.6662,POINT (-86.6662 36.1396)
20190819751,11/11/2019 12:00:00 AM,2,0,0,,N,212344,11,Front to Rear,2,RAIN,3,DARK - LIGHTED,12,MOTOR VEHICLE IN TRANSPORT,GALLATIN AV & N 11TH ST,NASHVILLE,TN,37206,1241,EAST,36.1796,-86.7502,POINT (-86.7502 36.1796)
20190744750,10/10/2019 11:46:00 AM,2,1,0,,N,352211,4,ANGLE,21,CLEAR,1,DAYLIGHT,12;34,MOTOR VEHICLE IN TRANSPORT;DITCH,CENTENNIAL BLVD & TDOT PVTDR,NASHVILLE,TN,37209,4651,WEST,36.1725,-86.8742,POINT (-86.8742 36.1725)
20190613860,08/17/2019 01:32:00 PM,2,0,0,,N,311339,4,ANGLE,21,CLEAR,1,DAYLIGHT,12,MOTOR VEHICLE IN TRANSPORT,MM 49 5 I 24,NASHVILLE,TN,37210,4008,CENTRA,36.1588,-86.7604,POINT (-86.7604 36.1588)
20190910883,12/20/2019 05:23:00 PM,2,0,0,,N,256386,98,OTHER,21,CLEAR,2,DARK - NOT LIGHTED,12,MOTOR VEHICLE IN TRANSPORT,MURFREESBORO PKE & MCGAVOCK PKE,NASHVILLE,TN,37217,8841,SOUTH,36.1129,-86.689,POINT (-86.689 36.1129)
20190829718,11/15/2019 05:40:00 PM,2,2,0,,Y,905011,4,ANGLE,21,CLEAR,2,DARK - NOT LIGHTED,12,MOTOR VEHICLE IN TRANSPORT,12TH AVN & JEFFERSON ST,NASHVILLE,TN,37208,5429,NORTH,36.1713,-86.7992,POINT (-86.7992 36.1713)
20190807319,11/06/2019 07:34:00 AM,4,0,0,,Y,716886,5,SIDESWIPE - SAME DIRECTION,21,CLEAR,1,DAYLIGHT,12,MOTOR VEHICLE IN TRANSPORT,I24E & I24 W EXT RAMP,NASHVILLE,TN,37210,8102,SOUTH,36.1336,-86.7269,POINT (-86.7269 36.1336)
20190912443,12/21/2019 02:15:00 PM,2,0,0,,N,320582,4,ANGLE,22,CLOUDY,1,DAYLIGHT,12,MOTOR VEHICLE IN TRANSPORT,E TRINITY LN & SULTANA AV,NASHVILLE,TN,37207,1859,EAST,36.2055,-86.7634,POINT (-86.7634 36.2055)
20190785320,10/28/2019 07:00:00 AM,2,0,0,,Y,546012,5,SIDESWIPE - SAME DIRECTION,5,FOG,1,DAYLIGHT,12,MOTOR VEHICLE IN TRANSPORT,MM 91 2 I 65,MADISON,TN,37115,2006,MADISO,36.2503,-86.7413,POINT (-86.7413 36.2503)
20190793883,10/31/2019 01:32:00 PM,2,1,0,,N,620072,4,ANGLE,22,CLOUDY,1,DAYLIGHT,12,MOTOR VEHICLE IN TRANSPORT,HAMILTON AVE & HAGAN ST,NASHVILLE,TN,37203,8049,MIDTOW,36.1389,-86.7721,POINT (-86.7721 36.1389)
20190808758,11/06/2019 07:15:00 PM,2,0,0,,N,384403,4,ANGLE,21,CLEAR,3,DARK - LIGHTED,12;14,MOTOR VEHICLE IN TRANSPORT;PARKED MOTOR VEHICLE,LEONARD AV & WHITLAND AV,NASHVILLE,TN,37205,6009,WEST,36.1298,-86.8291,POINT (-86.8291 36.1298)
20190616964,08/18/2019 10:44:00 PM,2,0,0,,N,309263,4,ANGLE,21,CLEAR,3,DARK - LIGHTED,12,MOTOR VEHICLE IN TRANSPORT,N 14TH ST & EASTLAND AV,NASHVILLE,TN,37206,1215,EAST,36.183,-86.745,POINT (-86.745 36.183)
20190649073,08/30/2019 10:05:00 PM,2,0,0,,N,212334,5,SIDESWIPE - SAME DIRECTION,21,CLEAR,2,DARK - NOT LIGHTED,12,MOTOR VEHICLE IN TRANSPORT,MM 34 9 I 24,JOELTON,TN,37080,33160,NORTH,36.3241,-86.8687,POINT (-86.8687 36.3241)
20190721152,09/30/2019 11:55:00 AM,2,0,0,,Y,311339,4,ANGLE,21,CLEAR,1,DAYLIGHT,12,MOTOR VEHICLE IN TRANSPORT,MM 210 7 I 40,NASHVILLE,TN,37210,8202,HERMIT,36.1532,-86.7644,POINT (-86.7644 36.1532)
20190656760,09/03/2019 09:57:00 AM,2,0,0,,N,676834,11,Front to Rear,21,CLEAR,1,DAYLIGHT,12,MOTOR VEHICLE IN TRANSPORT,OLD HICKORY BLVD & ASHLAND CITY HWY,NASHVILLE,TN,37218,3235,NORTH,36.2115,-86.921,POINT (-86.921 36.2115)
20190778443,10/24/2019 08:00:00 PM,1,0,0,Y,N,717341,0,NOT COLLISION W/MOTOR VEHICLE-TRANSPORT,21,CLEAR,3,DARK - LIGHTED,18,OTHER OBJECT (NOT FIXED),CURREY RD & GREYMONT DR,NASHVILLE,TN,37211,8809,SOUTH,36.1184,-86.7162,POINT (-86.7162 36.1184)
20190755774,10/15/2019 08:00:00 AM,2,0,0,,N,226622,11,Front to Rear,21,CLEAR,1,DAYLIGHT,12,MOTOR VEHICLE IN TRANSPORT,MM 205 9 I 40,NASHVILLE,TN,37209,45042,NORTH,36.1578,-86.8233,POINT (-86.8233 36.1578)
20190772208,10/22/2019 09:00:00 AM,2,0,0,,N,676834,11,Front to Rear,21,CLEAR,1,DAYLIGHT,12,MOTOR VEHICLE IN TRANSPORT,MM 86 4 I 65,NASHVILLE,TN,37207,19060,EAST,36.1937,-86.7758,POINT (-86.7758 36.1937)
20190717320,09/28/2019 11:45:00 AM,2,1,0,,N,352177,4,ANGLE,21,CLEAR,1,DAYLIGHT,12,MOTOR VEHICLE IN TRANSPORT,BELL RD & MURFREESBORO PKE,ANTIOCH,TN,37013,8861,SOUTH,36.072,-86.636,POINT (-86.636 36.072)
20190654387,09/02/2019 08:35:00 AM,1,1,0,,N,716886,0,NOT COLLISION W/MOTOR VEHICLE-TRANSPORT,21,CLEAR,1,DAYLIGHT,34,DITCH,UNA ANTIOCH PKE & TREETOP DR,ANTIOCH,TN,37013,8861,SOUTH,36.0759,-86.6599,POINT (-86.6599 36.0759)
20190910453,12/20/2019 01:00:00 PM,2,2,0,,N,240952,5,SIDESWIPE - SAME DIRECTION,21,CLEAR,1,DAYLIGHT,12;24,MOTOR VEHICLE IN TRANSPORT;GUARDRAIL FACE,MM 53 9 I 24,NASHVILLE,TN,37211,88122,SOUTH,36.1073,-86.7197,POINT (-86.7197 36.1073)
20190878333,12/06/2019 06:28:00 PM,2,1,0,,N,256446,11,Front to Rear,21,CLEAR,3,DARK - LIGHTED,12,MOTOR VEHICLE IN TRANSPORT,MM 59 6 I 24,ANTIOCH,TN,37013,88060,SOUTH,36.0438,-86.6561,POINT (-86.6561 36.0438)
20190591569,08/09/2019 12:17:00 AM,2,3,0,,N,415780,4,ANGLE,21,CLEAR,3,DARK - LIGHTED,12,MOTOR VEHICLE IN TRANSPORT,4TH AVS & CHESTNUT ST,NASHVILLE,TN,37210,8169,SOUTH,36.1449,-86.7667,POINT (-86.7667 36.1449)
20190684754,09/14/2019 09:30:00 PM,2,0,0,,N,330416,5,SIDESWIPE - SAME DIRECTION,21,CLEAR,3,DARK - LIGHTED,12,MOTOR VEHICLE IN TRANSPORT,GALLATIN PKES & E OLD HICKORY BLVD,MADISON,TN,37115,1771,MADISO,36.2622,-86.7122,POINT (-86.7122 36.2622)
20190816910,11/10/2019 10:40:00 AM,2,0,0,,N,320595,4,ANGLE,21,CLEAR,1,DAYLIGHT,12,MOTOR VEHICLE IN TRANSPORT,BRILEY PKWY & GLASTONBURY RD,NASHVILLE,TN,37217,88943,HERMIT,36.1372,-86.6997,POINT (-86.6997 36.1372)
20190818157,11/11/2019 01:31:00 AM,1,1,0,,N,468098,0,NOT COLLISION W/MOTOR VEHICLE-TRANSPORT,21,CLEAR,2,DARK - NOT LIGHTED,31,"OTHER POST, POLE, SUPP.",HARDING PL & WELCH RD,NASHVILLE,TN,37211,8705,SOUTH,36.0808,-86.7166,POINT (-86.7166 36.0808)
20190657382,09/03/2019 03:15:00 PM,3,0,0,,N,256383,11,Front to Rear,21,CLEAR,1,DAYLIGHT,12,MOTOR VEHICLE IN TRANSPORT,MM 56 6 I 24,NASHVILLE,TN,37211,8810,SOUTH,36.0742,-86.6927,POINT (-86.6927 36.0742)
20190905965,12/18/2019 05:56:00 PM,2,0,0,,N,580819,5,SIDESWIPE - SAME DIRECTION,21,CLEAR,3,DARK - LIGHTED,12,MOTOR VEHICLE IN TRANSPORT,5TH AVN & DEADERICK ST,NASHVILLE,TN,37219,4157,CENTRA,36.1654,-86.7816,POINT (-86.7816 36.1654)
20190714345,09/27/2019 06:17:00 AM,2,1,0,,N,384439,4,ANGLE,21,CLEAR,1,DAYLIGHT,12,MOTOR VEHICLE IN TRANSPORT,CONCORD RD & NOLENSVILLE PKE,NASHVILLE,TN,37211,8651,MIDTOW,35.997,-86.6899,POINT (-86.6899 35.997)
20190889540,12/11/2019 05:13:00 PM,2,1,0,,N,256389,4,ANGLE,21,CLEAR,3,DARK - LIGHTED,12,MOTOR VEHICLE IN TRANSPORT,MELROSE AVE & WINFORD AVE,NASHVILLE,TN,37211,8309,MIDTOW,36.1193,-86.7547,POINT (-86.7547 36.1193)
20190644858,08/29/2019 11:59:00 AM,2,0,0,,N,834798,11,Front to Rear,21,CLEAR,1,DAYLIGHT,12,MOTOR VEHICLE IN TRANSPORT,BELMONT BLVD & BEECHWOOD AV,NASHVILLE,TN,37212,6511,MIDTOW,36.1257,-86.7941,POINT (-86.7941 36.1257)
20190791219,10/30/2019 11:22:00 AM,2,0,0,,N,468160,5,SIDESWIPE - SAME DIRECTION,22,CLOUDY,1,DAYLIGHT,14,PARKED MOTOR VEHICLE,HILLS LN & OLD HICKORY BLVD,OLD HICKORY,TN,37138,9739,HERMIT,36.2057,-86.6224,POINT (-86.6224 36.2057)
20190886871,12/10/2019 04:41:00 PM,2,0,0,,N,256426,11,Front to Rear,21,CLEAR,5,DUSK,12,MOTOR VEHICLE IN TRANSPORT,MM 215 7 I 40,NASHVILLE,TN,37217,89020,HERMIT,36.1426,-86.6823,POINT (-86.6823 36.1426)
20190648445,08/30/2019 04:35:00 PM,2,0,0,,N,320582,4,ANGLE,21,CLEAR,1,DAYLIGHT,12,MOTOR VEHICLE IN TRANSPORT,ARDEE AV & GALLATIN PKE,NASHVILLE,TN,37216,1425,EAST,36.2196,-86.7274,POINT (-86.7274 36.2196)
20190620900,08/20/2019 07:59:00 AM,2,0,0,,N,620061,11,Front to Rear,21,CLEAR,1,DAYLIGHT,12,MOTOR VEHICLE IN TRANSPORT,I440 W EXT RAMP & I 440,NASHVILLE,TN,37210,8101,SOUTH,36.1239,-86.7486,POINT (-86.7486 36.1239)
20190853127,11/25/2019 06:39:00 PM,2,0,0,,N,384422,11,Front to Rear,21,CLEAR,3,DARK - LIGHTED,12,MOTOR VEHICLE IN TRANSPORT,MM 56 8 I 24,NASHVILLE,TN,37211,8810,SOUTH,36.0721,-86.6914,POINT (-86.6914 36.0721)
20190821898,11/12/2019 03:30:00 PM,2,0,0,,N,717341,11,Front to Rear,21,CLEAR,1,DAYLIGHT,14,PARKED MOTOR VEHICLE,DUNAILIE DR & WINTHORNE DR,NASHVILLE,TN,37217,8831,SOUTH,36.1146,-86.7031,POINT (-86.7031 36.1146)
20190635811,08/25/2019 10:22:00 PM,2,1,0,,Y,887598,5,SIDESWIPE - SAME DIRECTION,2,RAIN,3,DARK - LIGHTED,12,MOTOR VEHICLE IN TRANSPORT,MM 86 5 I 65,NASHVILLE,TN,37207,3006,NORTH,36.1946,-86.7762,POINT (-86.7762 36.1946)
20190630530,08/23/2019 02:10:00 PM,2,0,0,,Y,330443,11,Front to Rear,21,CLEAR,1,DAYLIGHT,12,MOTOR VEHICLE IN TRANSPORT,GALLATIN PKEN & RIVERGATE MARKETPLACE PV,MADISON,TN,37115,1731,MADISO,36.3044,-86.6895,POINT (-86.6895 36.3044)
20190754761,10/14/2019 11:10:00 PM,1,1,0,Y,N,384402,0,NOT COLLISION W/MOTOR VEHICLE-TRANSPORT,21,CLEAR,2,DARK - NOT LIGHTED,20,IMPACT ATTENUATOR,EXIT 53 & UNKNOWN RAMP,NASHVILLE,TN,37210,83043,SOUTH,36.1258,-86.7309,POINT (-86.7309 36.1258)
20190879678,12/07/2019 11:34:00 AM,2,0,0,,N,620072,5,SIDESWIPE - SAME DIRECTION,21,CLEAR,1,DAYLIGHT,12;33,MOTOR VEHICLE IN TRANSPORT;CURB,CHURCH ST & 14TH AVN,NASHVILLE,TN,37203,5517,MIDTOW,36.1579,-86.7916,POINT (-86.7916 36.1579)
20190821140,11/12/2019 08:11:00 AM,2,0,0,,N,226622,11,Front to Rear,21,CLEAR,1,DAYLIGHT,12,MOTOR VEHICLE IN TRANSPORT,WHITE BRIDGE PKE & WOODMONT BLVD,NASHVILLE,TN,37205,5015,WEST,36.1254,-86.848,POINT (-86.848 36.1254)
20190607938,08/15/2019 07:00:00 AM,2,0,0,,N,420035,11,Front to Rear,21,CLEAR,1,DAYLIGHT,12,MOTOR VEHICLE IN TRANSPORT,GALLATIN PKES & GALLATIN PKE,MADISON,TN,37115,1517,MADISO,36.2383,-86.724,POINT (-86.724 36.2383)
20190863592,11/30/2019 12:00:00 AM,1,0,0,,Y,352196,0,NOT COLLISION W/MOTOR VEHICLE-TRANSPORT,2,RAIN,3,DARK - LIGHTED,34,DITCH,HICKORY PARK DR & HICKORY PARK LN,ANTIOCH,TN,37013,8753,SOUTH,36.0438,-86.6706,POINT (-86.6706 36.0438)
20190829294,11/15/2019 01:48:00 PM,2,1,0,,N,140808,4,ANGLE,21,CLEAR,1,DAYLIGHT,12,MOTOR VEHICLE IN TRANSPORT,EDMONDSON PKE & WALLACE RD,NASHVILLE,TN,37211,8661,MIDTOW,36.0771,-86.7256,POINT (-86.7256 36.0771)
20190850365,11/24/2019 01:27:00 PM,2,0,0,,N,320592,11,Front to Rear,21,CLEAR,1,DAYLIGHT,12,MOTOR VEHICLE IN TRANSPORT,MM 213 8 I 40,NASHVILLE,TN,37217,8802,HERMIT,36.1413,-86.7163,POINT (-86.7163 36.1413)
20190821268,11/12/2019 10:00:00 AM,2,0,0,,N,352164,6,SIDESWIPE - OPPOSITE DIRECTION,21,CLEAR,1,DAYLIGHT,12,MOTOR VEHICLE IN TRANSPORT,BURKITT RD & WHITTEMORE LN,NOLENSVILLE,TN,37135,8773,SOUTH,35.9919,-86.6548,POINT (-86.6548 35.9919)
20190671627,09/09/2019 08:15:00 PM,2,0,0,,Y,717341,4,ANGLE,21,CLEAR,1,DAYLIGHT,12,MOTOR VEHICLE IN TRANSPORT,NOLENSVILLE PKE & ROSEDALE AV,NASHVILLE,TN,37210,8101,SOUTH,36.1253,-86.7523,POINT (-86.7523 36.1253)
20190608794,08/15/2019 01:05:00 PM,2,0,0,,N,607049,11,Front to Rear,21,CLEAR,1,DAYLIGHT,12,MOTOR VEHICLE IN TRANSPORT,GALLATIN PKES & HARRINGTON AV,MADISON,TN,37115,1605,MADISO,36.2578,-86.7138,POINT (-86.7138 36.2578)
20190868740,12/03/2019 05:45:00 AM,2,0,0,,N,240944,5,SIDESWIPE - SAME DIRECTION,21,CLEAR,3,DARK - LIGHTED,12,MOTOR VEHICLE IN TRANSPORT,MM 56 1 I 24,NASHVILLE,TN,37211,88100,SOUTH,36.0813,-86.697,POINT (-86.697 36.0813)
20190615354,08/18/2019 02:23:00 AM,1,2,0,,N,345098,0,NOT COLLISION W/MOTOR VEHICLE-TRANSPORT,21,CLEAR,3,DARK - LIGHTED,33;42;63,CURB;TREE;Ran Off Road-Right,428 DONELSON PKE,NASHVILLE,TN,37214,9409,HERMIT,36.1535,-86.6657,POINT (-86.6657 36.1535)
20190863784,11/30/2019 08:28:00 PM,1,1,0,Y,N,596389,0,NOT COLLISION W/MOTOR VEHICLE-TRANSPORT,2,RAIN,2,DARK - NOT LIGHTED,24;36,GUARDRAIL FACE;CONCRETE TRAFFIC BARRIER,MM 198 6 I 40,NASHVILLE,TN,37221,4806,WEST,36.1042,-86.9319,POINT (-86.9319 36.1042)
20190885666,12/10/2019 07:37:00 AM,3,0,0,,N,462474,11,Front to Rear,3,"SLEET, HAIL",1,DAYLIGHT,12,MOTOR VEHICLE IN TRANSPORT,MM 77 2 I 65,NASHVILLE,TN,37220,86042,MIDTOW,36.0734,-86.7691,POINT (-86.7691 36.0734)
20190709378,09/25/2019 08:10:00 AM,1,0,0,Y,N,256502,0,NOT COLLISION W/MOTOR VEHICLE-TRANSPORT,21,CLEAR,1,DAYLIGHT,36,CONCRETE TRAFFIC BARRIER,MM 85 1 I 65,NASHVILLE,TN,37208,43023,NORTH,36.1815,-86.7999,POINT (-86.7999 36.1815)
20190607445,08/14/2019 11:30:00 PM,2,0,0,,N,405424,3,REAR-TO-REAR,21,CLEAR,3,DARK - LIGHTED,14,PARKED MOTOR VEHICLE,813 EMBER LAKE DR,NASHVILLE,TN,37214,8955,HERMIT,36.1485,-86.6307,POINT (-86.6307 36.1485)
20190917832,12/24/2019 06:45:00 AM,1,2,0,,Y,151124,0,NOT COLLISION W/MOTOR VEHICLE-TRANSPORT,21,CLEAR,1,DAYLIGHT,31,"OTHER POST, POLE, SUPP.",DICKERSON PKE & OLD TRINITY LN,NASHVILLE,TN,37207,1833,EAST,36.2064,-86.7684,POINT (-86.7684 36.2064)
20190748421,10/11/2019 09:36:00 PM,1,1,0,,N,320584,0,NOT COLLISION W/MOTOR VEHICLE-TRANSPORT,2,RAIN,2,DARK - NOT LIGHTED,34,DITCH,CANE RIDGE RD & OLD FRANKLIN RD,ANTIOCH,TN,37013,8751,SOUTH,36.0316,-86.654,POINT (-86.654 36.0316)
20190702796,09/22/2019 03:30:00 PM,2,0,0,,N,320581,4,ANGLE,21,CLEAR,1,DAYLIGHT,12,MOTOR VEHICLE IN TRANSPORT,ALBION ST & 30TH AVN,NASHVILLE,TN,37209,4527,NORTH,36.1639,-86.8224,POINT (-86.8224 36.1639)
20190603741,08/13/2019 04:20:00 PM,2,2,0,,N,352161,11,Front to Rear,2,RAIN,1,DAYLIGHT,12,MOTOR VEHICLE IN TRANSPORT,JEFFERSON ST & 1ST AVN,NASHVILLE,TN,37201,4231,CENTRA,36.176,-86.7806,POINT (-86.7806 36.176)
20190742614,10/09/2019 03:40:00 PM,2,1,0,,N,161948,4,ANGLE,21,CLEAR,1,DAYLIGHT,12,MOTOR VEHICLE IN TRANSPORT,BRILEY PKWY N EXT RAMP & BRILEY PKWY N E,NASHVILLE,TN,37214,9121,HERMIT,36.1681,-86.6879,POINT (-86.6879 36.1681)
20190788121,10/29/2019 07:55:00 AM,2,0,0,,N,594473,5,SIDESWIPE - SAME DIRECTION,21,CLEAR,1,DAYLIGHT,12,MOTOR VEHICLE IN TRANSPORT,20TH AVN & STATE ST,NASHVILLE,TN,37203,5509,MIDTOW,36.1543,-86.8015,POINT (-86.8015 36.1543)
20190857204,11/27/2019 10:24:00 AM,2,0,0,,N,299247,4,ANGLE,21,CLEAR,1,DAYLIGHT,12,MOTOR VEHICLE IN TRANSPORT,SMITH SPRINGS RD & BELL RD,NASHVILLE,TN,37217,8965,HERMIT,36.0903,-86.6265,POINT (-86.6265 36.0903)
20190891539,12/12/2019 11:24:00 AM,2,0,0,,N,212318,0,NOT COLLISION W/MOTOR VEHICLE-TRANSPORT,21,CLEAR,1,DAYLIGHT,33;41;99,CURB;SHRUBBERY;UNKNOWN MOST HARMFUL EVENT,MELPARK DR & US HWY 31,NASHVILLE,TN,37204,6921,MIDTOW,36.1275,-86.7775,POINT (-86.7775 36.1275)
20190731011,10/04/2019 08:55:00 AM,2,0,0,,N,716886,4,ANGLE,21,CLEAR,1,DAYLIGHT,12,MOTOR VEHICLE IN TRANSPORT,THOMPSON LN & FOSTER AV,NASHVILLE,TN,37211,8425,SOUTH,36.1108,-86.7433,POINT (-86.7433 36.1108)
20190909910,12/20/2019 08:03:00 AM,2,0,0,,Y,109534,2,HEAD-ON,21,CLEAR,1,DAYLIGHT,12;99,MOTOR VEHICLE IN TRANSPORT;UNKNOWN MOST HARMFUL EVENT,MURFREESBORO PKE & BROOKSBORO PL,ANTIOCH,TN,37013,8891,SOUTH,36.0837,-86.6472,POINT (-86.6472 36.0837)
20190812679,11/08/2019 10:30:00 AM,3,0,0,,N,384436,4,ANGLE,21,CLEAR,1,DAYLIGHT,12,MOTOR VEHICLE IN TRANSPORT,HARDING PL & SEVEN MILE CREEK HARDING MA,NASHVILLE,TN,37211,8705,SOUTH,36.0801,-86.7245,POINT (-86.7245 36.0801)
20190903054,12/17/2019 04:16:00 PM,2,4,0,,N,256379,11,Front to Rear,22,CLOUDY,1,DAYLIGHT,12,MOTOR VEHICLE IN TRANSPORT,THOMPSON LN & BRILEY PKWYN,NASHVILLE,TN,37211,8423,SOUTH,36.1095,-86.7283,POINT (-86.7283 36.1095)
20190733672,10/05/2019 12:31:00 PM,2,0,0,,Y,384439,5,SIDESWIPE - SAME DIRECTION,21,CLEAR,1,DAYLIGHT,12,MOTOR VEHICLE IN TRANSPORT,NOLENSVILLE PKE & HARDING PL,NASHVILLE,TN,37211,8445,SOUTH,36.0809,-86.7267,POINT (-86.7267 36.0809)
20190611717,08/16/2019 03:51:00 PM,2,0,0,,Y,256383,5,SIDESWIPE - SAME DIRECTION,21,CLEAR,1,DAYLIGHT,12,MOTOR VEHICLE IN TRANSPORT,MM 52 7 I 24,NASHVILLE,TN,37210,81022,SOUTH,36.1226,-86.7277,POINT (-86.7277 36.1226)
20190894833,12/13/2019 05:52:00 PM,3,1,0,,N,352197,11,Front to Rear,2,RAIN,3,DARK - LIGHTED,12,MOTOR VEHICLE IN TRANSPORT,MM 52 0 I 24,NASHVILLE,TN,37217,8816,SOUTH,36.1329,-86.7267,POINT (-86.7267 36.1329)
20190889997,12/11/2019 09:24:00 PM,1,1,0,Y,N,134871,0,NOT COLLISION W/MOTOR VEHICLE-TRANSPORT,21,CLEAR,3,DARK - LIGHTED,20,IMPACT ATTENUATOR,I40 W ENT RAMP & I 24,NASHVILLE,TN,37210,4008,CENTRA,36.1572,-86.7604,POINT (-86.7604 36.1572)
20190764455,10/18/2019 05:13:00 PM,2,0,0,,N,151132,11,Front to Rear,21,CLEAR,1,DAYLIGHT,12,MOTOR VEHICLE IN TRANSPORT,DICKERSON PKE & NESBITT DR,MADISON,TN,37115,2101,MADISO,36.2798,-86.7499,POINT (-86.7499 36.2798)
20190800240,11/03/2019 09:19:00 AM,2,0,0,,Y,348631,11,Front to Rear,21,CLEAR,1,DAYLIGHT,12,MOTOR VEHICLE IN TRANSPORT,S 5TH ST & SHELBY AV,NASHVILLE,TN,37206,1009,EAST,36.1676,-86.7622,POINT (-86.7622 36.1676)