Accident Number,Date and Time,Number of Motor Vehicles,Number of Injuries,Number of Fatalities,Property Damage,Hit and Run,Reporting Officer,Collision Type Code,Collision Type Description,Weather Code,Weather Description,Illumination Code,Illumination Description,Harmful Code,Harmful Code Description,Street Address,City,State,ZIP,RPA,Precinct,Latitude,Longitude,Mapped Location
20190742153,10/09/2019 12:00:00 AM,2,0,0,,Y,352174,9,UNKNOWN,21,CLEAR,1,DAYLIGHT,14,PARKED MOTOR VEHICLE,MURPHY AV & 22ND AVN,NASHVILLE,TN,37203,5609,MIDTOW,36.1546,-86.8064,POINT (-86.8064 36.1546)
20190789473,10/29/2019 06:48:00 PM,2,1,0,,N,240983,4,ANGLE,21,CLEAR,2,DARK - NOT LIGHTED,12,MOTOR VEHICLE IN TRANSPORT,EAST THOMPSON LN & LAWNDALE DR,NASHVILLE,TN,37217,8879,SOUTH,36.1223,-86.7176,POINT (-86.7176 36.1223)
20190654724,09/02/2019 12:14:00 PM,2,0,0,,N,224895,5,SIDESWIPE - SAME DIRECTION,21,CLEAR,1,DAYLIGHT,12,MOTOR VEHICLE IN TRANSPORT,HARDING PKE & WHITE BRIDGE PKE,NASHVILLE,TN,37205,6101,WEST,36.125,-86.8476,POINT (-86.8476 36.125)
20190687064,09/16/2019 07:00:00 AM,2,0,0,,N,462501,5,SIDESWIPE - SAME DIRECTION,21,CLEAR,1,DAYLIGHT,12,MOTOR VEHICLE IN TRANSPORT,14TH AVS & DEMONBREUN ST,NASHVILLE,TN,37203,6721,MIDTOW,36.1536,-86.7884,POINT (-86.7884 36.1536)
20190800020,11/03/2019 06:54:00 AM,2,0,0,,N,320592,11,Front to Rear,21,CLEAR,1,DAYLIGHT,12,MOTOR VEHICLE IN TRANSPORT,MM 215 5 I 40,NASHVILLE,TN,37217,89020,HERMIT,36.1432,-86.6865,POINT (-86.6865 36.1432)
20190742565,10/09/2019 03:20:00 PM,2,0,0,,N,714641,5,SIDESWIPE - SAME DIRECTION,21,CLEAR,1,DAYLIGHT,12,MOTOR VEHICLE IN TRANSPORT,N 1ST ST & OLDHAM ST,NASHVILLE,TN,37213,1987,CENTRA,36.1757,-86.7745,POINT (-86.7745 36.1757)
20190882933,12/09/2019 06:30:00 AM,2,0,0,,N,278580,4,ANGLE,22,CLOUDY,1,DAYLIGHT,12,MOTOR VEHICLE IN TRANSPORT,MM 35 9 I 24,WHITES CREEK,TN,37189,33180,NORTH,36.3205,-86.851,POINT (-86.851 36.3205)
20190761101,10/17/2019 10:20:00 AM,2,0,0,,N,225950,4,ANGLE,21,CLEAR,1,DAYLIGHT,12,MOTOR VEHICLE IN TRANSPORT,BLAKEMORE AV & 24TH AVS,NASHVILLE,TN,37212,5809,MIDTOW,36.138,-86.8051,POINT (-86.8051 36.138)
20190867591,12/02/2019 05:56:00 PM,3,2,0,,N,420040,11,Front to Rear,22,CLOUDY,3,DARK - LIGHTED,12,MOTOR VEHICLE IN TRANSPORT,MM 208 8 I 40,NASHVILLE,TN,37203,4102,CENTRA,36.1597,-86.7923,POINT (-86.7923 36.1597)
20190648504,08/30/2019 07:00:00 PM,2,0,0,,Y,256424,4,ANGLE,21,CLEAR,1,DAYLIGHT,14,PARKED MOTOR VEHICLE,0 SWEETWATER CIR,HERMITAGE,TN,37076,9715,HERMIT,36.2167,-86.602,POINT (-86.602 36.2167)
20190817370,11/10/2019 04:49:00 PM,2,1,0,,N,299267,4,ANGLE,21,CLEAR,1,DAYLIGHT,12,MOTOR VEHICLE IN TRANSPORT,WEST END AV & 24TH AVN,NASHVILLE,TN,37203,5715,MIDTOW,36.1482,-86.8059,POINT (-86.8059 36.1482)
20190731659,10/04/2019 02:05:00 PM,2,1,0,,N,256389,4,ANGLE,21,CLEAR,1,DAYLIGHT,12,MOTOR VEHICLE IN TRANSPORT,NOLENSVILLE PKE & WHEELER AV,NASHVILLE,TN,37211,8511,MIDTOW,36.0957,-86.7374,POINT (-86.7374 36.0957)
20190684195,09/14/2019 02:07:00 PM,2,0,0,,N,330412,5,SIDESWIPE - SAME DIRECTION,21,CLEAR,1,DAYLIGHT,12,MOTOR VEHICLE IN TRANSPORT,US HWY 31W & WESTCHESTER DR,MADISON,TN,37115,2019,MADISO,36.2626,-86.7574,POINT (-86.7574 36.2626)
20190782479,10/26/2019 05:20:00 PM,3,0,0,,N,330413,11,Front to Rear,2,RAIN,1,DAYLIGHT,12,MOTOR VEHICLE IN TRANSPORT,BATTERY LN & LEALAND LN,NASHVILLE,TN,37204,7025,MIDTOW,36.0883,-86.791,POINT (-86.791 36.0883)
20190657769,09/03/2019 05:44:00 PM,2,0,0,,N,184870,5,SIDESWIPE - SAME DIRECTION,21,CLEAR,1,DAYLIGHT,12,MOTOR VEHICLE IN TRANSPORT,HARDING PKE & KENNER AV,NASHVILLE,TN,37205,6021,WEST,36.1261,-86.8461,POINT (-86.8461 36.1261)
20190855738,11/26/2019 04:41:00 PM,1,1,0,Y,N,279214,0,NOT COLLISION W/MOTOR VEHICLE-TRANSPORT,2,RAIN,1,DAYLIGHT,18,OTHER OBJECT (NOT FIXED),KIRKWOOD AV & W KIRKWOOD AV,NASHVILLE,TN,37204,6935,MIDTOW,36.1204,-86.7825,POINT (-86.7825 36.1204)
20190605715,08/14/2019 10:39:00 AM,2,1,0,,N,591934,11,Front to Rear,21,CLEAR,1,DAYLIGHT,12,MOTOR VEHICLE IN TRANSPORT,GALLATIN PKES & EMMITT AV,MADISON,TN,37115,1623,MADISO,36.2536,-86.7165,POINT (-86.7165 36.2536)
20190732080,10/04/2019 05:56:00 PM,2,0,0,,N,320585,5,SIDESWIPE - SAME DIRECTION,21,CLEAR,1,DAYLIGHT,12,MOTOR VEHICLE IN TRANSPORT,STATE HWY 155 & MUSIC VALLEY DR,NASHVILLE,TN,37214,92860,HERMIT,36.2297,-86.6986,POINT (-86.6986 36.2297)
20190786610,10/28/2019 05:40:00 PM,2,0,0,,N,179606,11,Front to Rear,21,CLEAR,5,DUSK,12,MOTOR VEHICLE IN TRANSPORT,MM 79 4 I 65,NASHVILLE,TN,37204,70042,MIDTOW,36.105,-86.7672,POINT (-86.7672 36.105)
20190780842,10/25/2019 08:28:00 PM,1,1,0,,N,306708,0,NOT COLLISION W/MOTOR VEHICLE-TRANSPORT,2,RAIN,3,DARK - LIGHTED,8,PEDESTRIAN,EMMITT AVE & US HWY 31E,MADISON,TN,37115,1623,MADISO,36.2533,-86.7168,POINT (-86.7168 36.2533)
20190619065,08/19/2019 05:22:00 PM,2,0,0,,N,299241,4,ANGLE,21,CLEAR,1,DAYLIGHT,12,MOTOR VEHICLE IN TRANSPORT,US HWY 70 & JUAREZ DR,HERMITAGE,TN,37076,9531,HERMIT,36.1929,-86.6238,POINT (-86.6238 36.1929)
20190692389,09/18/2019 06:49:00 AM,2,1,0,,Y,716886,11,Front to Rear,21,CLEAR,1,DAYLIGHT,12,MOTOR VEHICLE IN TRANSPORT,MM 52 2 I 24,NASHVILLE,TN,37217,8816,SOUTH,36.1359,-86.7267,POINT (-86.7267 36.1359)
20190652712,09/01/2019 03:56:00 PM,2,0,0,,N,299257,4,ANGLE,21,CLEAR,1,DAYLIGHT,12,MOTOR VEHICLE IN TRANSPORT,STOKES LN & STOKESBORO CT,NASHVILLE,TN,37215,6419,MIDTOW,36.1174,-86.8031,POINT (-86.8031 36.1174)
20190778052,10/24/2019 04:30:00 PM,2,0,0,,N,384439,4,ANGLE,21,CLEAR,1,DAYLIGHT,12,MOTOR VEHICLE IN TRANSPORT,BRANCH ST & CAHAL AV,NASHVILLE,TN,37206,1335,EAST,36.1949,-86.726,POINT (-86.726 36.1949)
20190659996,09/04/2019 02:21:00 PM,2,0,0,,N,267831,11,Front to Rear,21,CLEAR,1,DAYLIGHT,12,MOTOR VEHICLE IN TRANSPORT,WEST END AV & ELMINGTON AV,NASHVILLE,TN,37205,6005,WEST,36.1349,-86.8245,POINT (-86.8245 36.1349)
20190747982,10/11/2019 06:55:00 PM,2,0,0,,N,320577,11,Front to Rear,21,CLEAR,1,DAYLIGHT,12,MOTOR VEHICLE IN TRANSPORT,EDGEHILL AV & 11TH AVS,NASHVILLE,TN,37203,6807,MIDTOW,36.1422,-86.7852,POINT (-86.7852 36.1422)
20190831207,11/16/2019 10:09:00 AM,2,0,0,,N,902543,5,SIDESWIPE - SAME DIRECTION,21,CLEAR,1,DAYLIGHT,12,MOTOR VEHICLE IN TRANSPORT,JOSEPH AVE & BERRY ST,NASHVILLE,TN,37207,1963,EAST,36.1823,-86.7727,POINT (-86.7727 36.1823)
20190690857,09/17/2019 04:29:00 PM,2,0,0,,N,352161,11,Front to Rear,21,CLEAR,1,DAYLIGHT,12,MOTOR VEHICLE IN TRANSPORT,BRILEY PKWYW & BRILEY PKWYN,NASHVILLE,TN,37214,92860,HERMIT,36.2339,-86.7023,POINT (-86.7023 36.2339)
20190924044,12/27/2019 03:40:00 PM,2,1,0,,Y,330435,11,Front to Rear,21,CLEAR,1,DAYLIGHT,12,MOTOR VEHICLE IN TRANSPORT,E TRINITY LN & W TRINITY LN,NASHVILLE,TN,37207,1861,EAST,36.2059,-86.7686,POINT (-86.7686 36.2059)
20190858152,11/27/2019 06:45:00 PM,2,0,0,,N,433550,6,SIDESWIPE - OPPOSITE DIRECTION,21,CLEAR,3,DARK - LIGHTED,13,MOTOR VEHICLE IN TRANSPORT-OTHER ROADWAY,SHUTE LN & BRANDYWINE POINT BLVD,OLD HICKORY,TN,37138,9721,HERMIT,36.2304,-86.6053,POINT (-86.6053 36.2304)
20190753193,10/14/2019 08:34:00 AM,2,0,0,,N,226098,11,Front to Rear,21,CLEAR,1,DAYLIGHT,12,MOTOR VEHICLE IN TRANSPORT,MM 40 0 I 24,WHITES CREEK,TN,37189,3314,NORTH,36.2834,-86.8066,POINT (-86.8066 36.2834)
20190759254,10/16/2019 03:56:00 PM,2,1,0,,N,717341,4,ANGLE,21,CLEAR,1,DAYLIGHT,12,MOTOR VEHICLE IN TRANSPORT,FOSTER AV & THOMPSON LN,NASHVILLE,TN,37210,8333,SOUTH,36.1119,-86.7429,POINT (-86.7429 36.1119)
20190644428,08/29/2019 08:36:00 AM,2,0,0,,N,553957,11,Front to Rear,21,CLEAR,1,DAYLIGHT,12,MOTOR VEHICLE IN TRANSPORT,MM 221 5 I 40,HERMITAGE,TN,37076,95020,HERMIT,36.1698,-86.5879,POINT (-86.5879 36.1698)
20190900146,12/16/2019 12:25:00 PM,2,0,0,,Y,343522,11,Front to Rear,2,RAIN,1,DAYLIGHT,12,MOTOR VEHICLE IN TRANSPORT,CHARLOTTE PKE & CABOT DR,NASHVILLE,TN,37209,4677,WEST,36.2336,-86.7283,POINT (-86.7283 36.2336)
20190824657,11/13/2019 04:02:00 PM,3,0,0,,N,384403,4,ANGLE,21,CLEAR,5,DUSK,12,MOTOR VEHICLE IN TRANSPORT,ROYAL OAKS CONDOS PVTDR & HARDING PKE,NASHVILLE,TN,37205,6101,WEST,36.124,-86.849,POINT (-86.849 36.124)
20190907748,12/19/2019 12:00:00 PM,2,0,0,,Y,235761,5,SIDESWIPE - SAME DIRECTION,21,CLEAR,1,DAYLIGHT,12,MOTOR VEHICLE IN TRANSPORT,31ST AVS & 31ST AVN,NASHVILLE,TN,37212,5815,MIDTOW,36.1424,-86.8153,POINT (-86.8153 36.1424)
20190748408,10/11/2019 12:00:00 AM,1,0,0,Y,N,330441,0,NOT COLLISION W/MOTOR VEHICLE-TRANSPORT,2,RAIN,2,DARK - NOT LIGHTED,25,GUARDRAIL END,DRAKE AV & LOUISE DR,NASHVILLE,TN,37211,8521,MIDTOW,36.1021,-86.7479,POINT (-86.7479 36.1021)
20190611649,08/16/2019 12:00:00 AM,2,0,0,,Y,298874,9,UNKNOWN,99,UNKNOWN,9,UNKNOWN,12;14,MOTOR VEHICLE IN TRANSPORT;PARKED MOTOR VEHICLE,SYLVAN ST & S 5TH ST,NASHVILLE,TN,37206,1013,EAST,36.1665,-86.7616,POINT (-86.7616 36.1665)
20190681632,09/13/2019 01:39:00 PM,2,2,0,,N,332253,4,ANGLE,21,CLEAR,1,DAYLIGHT,12,MOTOR VEHICLE IN TRANSPORT,MM 94 0 I 65,GOODLETTSVILLE,TN,37072,17061,MADISO,36.2879,-86.7259,POINT (-86.7259 36.2879)
20190739205,10/08/2019 06:37:00 AM,2,1,0,,N,320586,11,Front to Rear,21,CLEAR,4,DAWN,12,MOTOR VEHICLE IN TRANSPORT,NOLENSVILLE PKE & HARDING PL,NASHVILLE,TN,37211,8445,SOUTH,36.0809,-86.7267,POINT (-86.7267 36.0809)
20190604039,08/13/2019 06:30:00 PM,2,0,0,,N,298874,4,ANGLE,22,CLOUDY,1,DAYLIGHT,12,MOTOR VEHICLE IN TRANSPORT,JAMES ROBERTSON PKWY & SPRING ST,NASHVILLE,TN,37206,1113,EAST,36.1728,-86.7653,POINT (-86.7653 36.1728)
20190784443,10/27/2019 08:44:00 PM,2,1,0,,Y,197054,11,Front to Rear,21,CLEAR,7,Dark-Unknown Lighting,12,MOTOR VEHICLE IN TRANSPORT,LAFAYETTE ST & CLAIBORNE ST,NASHVILLE,TN,37210,8147,SOUTH,36.1483,-86.7609,POINT (-86.7609 36.1483)
20190921846,12/26/2019 02:35:00 PM,2,0,0,,N,256426,4,ANGLE,22,CLOUDY,1,DAYLIGHT,12,MOTOR VEHICLE IN TRANSPORT,DONELSON PKE & LEBANON PKE,NASHVILLE,TN,37214,9401,HERMIT,36.1666,-86.6635,POINT (-86.6635 36.1666)
20190754207,10/14/2019 04:38:00 PM,3,0,0,,N,279116,11,Front to Rear,21,CLEAR,1,DAYLIGHT,12,MOTOR VEHICLE IN TRANSPORT,THOMPSON LN & E IRIS DR,NASHVILLE,TN,37204,8525,MIDTOW,36.1117,-86.7607,POINT (-86.7607 36.1117)
20190610758,08/16/2019 07:46:00 AM,2,0,0,,N,462474,11,Front to Rear,21,CLEAR,1,DAYLIGHT,12,MOTOR VEHICLE IN TRANSPORT,MM 79 7 I 65,NASHVILLE,TN,37204,8504,MIDTOW,36.1092,-86.7698,POINT (-86.7698 36.1092)
20190927474,12/29/2019 11:40:00 AM,2,0,0,,N,348631,11,Front to Rear,2,RAIN,1,DAYLIGHT,12,MOTOR VEHICLE IN TRANSPORT,PORTER RD & BENJAMIN ST,NASHVILLE,TN,37206,1309,EAST,36.1856,-86.731,POINT (-86.731 36.1856)
20190608705,08/15/2019 12:29:00 PM,2,0,0,,N,226622,11,Front to Rear,21,CLEAR,1,DAYLIGHT,12,MOTOR VEHICLE IN TRANSPORT,HARDING PKE & WOODMONT BLVD,NASHVILLE,TN,37205,6021,WEST,36.1253,-86.8472,POINT (-86.8472 36.1253)
20190907255,12/19/2019 07:30:00 AM,2,1,0,,N,306231,4,ANGLE,21,CLEAR,1,DAYLIGHT,12,MOTOR VEHICLE IN TRANSPORT,CHARLOTTE AV & 25TH AVN,NASHVILLE,TN,37203,5619,MIDTOW,36.1553,-86.8121,POINT (-86.8121 36.1553)
20190805777,11/05/2019 04:04:00 PM,2,1,0,,N,384408,5,SIDESWIPE - SAME DIRECTION,21,CLEAR,5,DUSK,12,MOTOR VEHICLE IN TRANSPORT,MM 212 6 I 40,NASHVILLE,TN,37210,90040,HERMIT,36.1439,-86.7382,POINT (-86.7382 36.1439)
20190651701,09/01/2019 02:10:00 AM,2,0,0,,Y,212335,11,Front to Rear,21,CLEAR,3,DARK - LIGHTED,12,MOTOR VEHICLE IN TRANSPORT,3RD AVS & BROADWAY,NASHVILLE,TN,37201,4105,CENTRA,36.1615,-86.776,POINT (-86.776 36.1615)
20190869139,12/03/2019 08:45:00 AM,2,0,0,,N,384445,11,Front to Rear,21,CLEAR,1,DAYLIGHT,12,MOTOR VEHICLE IN TRANSPORT,HOBBS RD & HILLSBORO PKE,NASHVILLE,TN,37215,6115,WEST,36.101,-86.8191,POINT (-86.8191 36.101)
20190624855,08/21/2019 03:16:00 PM,2,0,0,,N,298858,11,Front to Rear,21,CLEAR,1,DAYLIGHT,12,MOTOR VEHICLE IN TRANSPORT,SHELBY AV & I24 E ENT RAMP,NASHVILLE,TN,37213,1007,CENTRA,36.1662,-86.7658,POINT (-86.7658 36.1662)
20190654593,09/02/2019 10:31:00 AM,3,0,0,,N,279230,11,Front to Rear,21,CLEAR,1,DAYLIGHT,12,MOTOR VEHICLE IN TRANSPORT,ANTIOCH PKE & REEVES RD,ANTIOCH,TN,37013,8893,SOUTH,36.0655,-86.68,POINT (-86.68 36.0655)
20190688133,09/16/2019 03:12:00 PM,2,0,0,,Y,909486,11,Front to Rear,21,CLEAR,1,DAYLIGHT,12,MOTOR VEHICLE IN TRANSPORT,NOLENSVILLE PKE & J J WATSON AV,NASHVILLE,TN,37211,8701,SOUTH,36.0724,-86.7241,POINT (-86.7241 36.0724)
20190790968,10/30/2019 09:00:00 AM,2,1,0,,N,226622,11,Front to Rear,2,RAIN,1,DAYLIGHT,12,MOTOR VEHICLE IN TRANSPORT,WEST END AV & MURPHY RD,NASHVILLE,TN,37212,5819,MIDTOW,36.1382,-86.8203,POINT (-86.8203 36.1382)
20190808245,11/06/2019 02:29:00 PM,2,0,0,,N,279233,11,Front to Rear,21,CLEAR,1,DAYLIGHT,12,MOTOR VEHICLE IN TRANSPORT,MM 2 6 I 440,NASHVILLE,TN,37215,6008,WEST,36.1234,-86.8086,POINT (-86.8086 36.1234)
20190851035,11/24/2019 12:00:00 AM,2,0,0,,Y,240981,5,SIDESWIPE - SAME DIRECTION,21,CLEAR,3,DARK - LIGHTED,12,MOTOR VEHICLE IN TRANSPORT,I65 N EXT RAMP & I 65,NASHVILLE,TN,37207,1863,EAST,36.2057,-86.7747,POINT (-86.7747 36.2057)
20190869098,12/03/2019 08:39:00 AM,3,3,0,,N,226622,11,Front to Rear,21,CLEAR,1,DAYLIGHT,12,MOTOR VEHICLE IN TRANSPORT,WOODMONT BLVD & WESTCHASE DR,NASHVILLE,TN,37205,6021,WEST,36.121,-86.8439,POINT (-86.8439 36.121)
20190701200,09/21/2019 08:00:00 PM,2,0,0,,N,330415,4,ANGLE,21,CLEAR,3,DARK - LIGHTED,12,MOTOR VEHICLE IN TRANSPORT,0 BROADWAY,NASHVILLE,TN,37201,4105,CENTRA,36.1616,-86.776,POINT (-86.776 36.1616)
20190814911,11/09/2019 11:25:00 AM,2,0,0,,N,226600,4,ANGLE,21,CLEAR,1,DAYLIGHT,12,MOTOR VEHICLE IN TRANSPORT,WOODMONT BLVD & VALLEY BROOK RD,NASHVILLE,TN,37215,6105,WEST,36.1141,-86.8121,POINT (-86.8121 36.1141)
20190716249,09/27/2019 08:00:00 PM,2,0,0,,N,311341,4,ANGLE,21,CLEAR,2,DARK - NOT LIGHTED,12,MOTOR VEHICLE IN TRANSPORT,TEMPLE RD & OLD HARDING PIKE,NASHVILLE,TN,37221,4819,WEST,36.0484,-86.9529,POINT (-86.9529 36.0484)
20190793264,10/31/2019 08:01:00 AM,2,0,0,,N,384416,5,SIDESWIPE - SAME DIRECTION,2,RAIN,1,DAYLIGHT,12,MOTOR VEHICLE IN TRANSPORT,HERMITAGE AV & ROLLING MILL HILL GRNWY,NASHVILLE,TN,37210,4029,CENTRA,36.1552,-86.7648,POINT (-86.7648 36.1552)
20190780715,10/25/2019 05:00:00 PM,2,0,0,,N,352207,11,Front to Rear,2,RAIN,2,DARK - NOT LIGHTED,12,MOTOR VEHICLE IN TRANSPORT,NOLENSVILLE PKE & ANDER DR,NASHVILLE,TN,37211,8651,MIDTOW,36.0017,-86.696,POINT (-86.696 36.0017)
20190770538,10/21/2019 04:00:00 PM,2,1,0,,N,256448,4,ANGLE,2,RAIN,1,DAYLIGHT,12,MOTOR VEHICLE IN TRANSPORT,ROYAL PKWY & CLARIDGE DR,NASHVILLE,TN,37214,9103,HERMIT,36.1461,-86.6676,POINT (-86.6676 36.1461)
20190864267,12/01/2019 02:30:00 AM,2,0,0,,Y,279195,0,NOT COLLISION W/MOTOR VEHICLE-TRANSPORT,22,CLOUDY,2,DARK - NOT LIGHTED,39;99,WALL;UNKNOWN MOST HARMFUL EVENT,HICKORY HILL LN & BONNASIDE DR,HERMITAGE,TN,37076,9601,HERMIT,36.1926,-86.6316,POINT (-86.6316 36.1926)
20190714501,09/27/2019 07:16:00 AM,2,0,0,,N,225773,4,ANGLE,21,CLEAR,1,DAYLIGHT,12,MOTOR VEHICLE IN TRANSPORT,BLAIR BLVD & 25TH AVS,NASHVILLE,TN,37212,5909,MIDTOW,36.131,-86.8074,POINT (-86.8074 36.131)
20190894983,12/13/2019 07:20:00 PM,2,0,0,,N,256501,11,Front to Rear,21,CLEAR,2,DARK - NOT LIGHTED,12,MOTOR VEHICLE IN TRANSPORT,MM 37 8 I 24,WHITES CREEK,TN,37189,33181,NORTH,36.3095,-86.8254,POINT (-86.8254 36.3095)
20190619389,08/19/2019 07:00:00 PM,1,1,0,,N,330427,0,NOT COLLISION W/MOTOR VEHICLE-TRANSPORT,21,CLEAR,1,DAYLIGHT,8,PEDESTRIAN,OLD BUENA VISTA RD & NOCTURNE FOREST DR,NASHVILLE,TN,37207,3015,NORTH,36.208,-86.8126,POINT (-86.8126 36.208)
20190626817,08/22/2019 08:15:00 AM,2,0,0,,N,235761,5,SIDESWIPE - SAME DIRECTION,21,CLEAR,1,DAYLIGHT,12,MOTOR VEHICLE IN TRANSPORT,CHARLOTTE PKE & MIDLAND AV,NASHVILLE,TN,37209,5033,WEST,36.1499,-86.8591,POINT (-86.8591 36.1499)
20190739938,10/08/2019 01:53:00 PM,2,2,0,,N,110059,4,ANGLE,21,CLEAR,1,DAYLIGHT,12,MOTOR VEHICLE IN TRANSPORT,HIGHWAY 70S & BELLEVUE CTR PVTDR,NASHVILLE,TN,37221,4811,WEST,36.0785,-86.9508,POINT (-86.9508 36.0785)
20190779452,10/25/2019 07:35:00 AM,2,0,0,,N,571313,4,ANGLE,22,CLOUDY,1,DAYLIGHT,12,MOTOR VEHICLE IN TRANSPORT,NOLENSVILLE PKE & ROSEDALE AV,NASHVILLE,TN,37211,8043,MIDTOW,36.125,-86.7522,POINT (-86.7522 36.125)
20190645052,08/29/2019 02:02:00 PM,2,1,0,,N,352178,11,Front to Rear,21,CLEAR,1,DAYLIGHT,12,MOTOR VEHICLE IN TRANSPORT,CLARKSVILLE PKE & DRY FORK RD,NASHVILLE,TN,37218,3231,NORTH,36.276,-86.868,POINT (-86.868 36.276)
20190889031,12/11/2019 01:05:00 PM,2,0,0,,N,352174,11,Front to Rear,21,CLEAR,1,DAYLIGHT,12,MOTOR VEHICLE IN TRANSPORT,MM 3 2 I 440,NASHVILLE,TN,37215,6422,MIDTOW,36.1177,-86.8005,POINT (-86.8005 36.1177)
20190747049,10/11/2019 09:50:00 AM,2,0,0,,N,348631,11,Front to Rear,21,CLEAR,1,DAYLIGHT,12,MOTOR VEHICLE IN TRANSPORT,SHELBY AV & S 7TH ST,NASHVILLE,TN,37206,1023,EAST,36.1693,-86.7578,POINT (-86.7578 36.1693)
20190844129,11/21/2019 05:45:00 PM,1,1,0,,N,384424,0,NOT COLLISION W/MOTOR VEHICLE-TRANSPORT,21,CLEAR,3,DARK - LIGHTED,30;6,UTILITY POLE,4TH AVS & LEA AV,NASHVILLE,TN,37203,4037,CENTRA,36.1547,-86.7731,POINT (-86.7731 36.1547)
20190616512,08/18/2019 05:07:00 PM,2,0,0,,N,256441,11,Front to Rear,21,CLEAR,1,DAYLIGHT,12,MOTOR VEHICLE IN TRANSPORT,STATE HWY 254 & HILL RD,NASHVILLE,TN,37220,8615,MIDTOW,36.0416,-86.7492,POINT (-86.7492 36.0416)
20190700902,09/21/2019 03:34:00 PM,2,1,0,,N,240955,4,ANGLE,21,CLEAR,1,DAYLIGHT,12,MOTOR VEHICLE IN TRANSPORT,OLD FRANKLIN RD & CANE RIDGE RD,ANTIOCH,TN,37013,8763,SOUTH,36.0287,-86.6494,POINT (-86.6494 36.0287)
20190735493,10/06/2019 12:00:00 AM,3,0,0,,N,278580,11,Front to Rear,2,RAIN,1,DAYLIGHT,12,MOTOR VEHICLE IN TRANSPORT,MM 86 6 I 65,NASHVILLE,TN,37207,3002,NORTH,36.1959,-86.7761,POINT (-86.7761 36.1959)
20190875800,12/05/2019 06:57:00 PM,2,0,0,,N,311337,11,Front to Rear,21,CLEAR,2,DARK - NOT LIGHTED,12,MOTOR VEHICLE IN TRANSPORT,MM 215 0 I 40,NASHVILLE,TN,37214,91021,HERMIT,36.1444,-86.6948,POINT (-86.6948 36.1444)
20190702026,09/22/2019 05:15:00 AM,2,0,0,,N,109522,5,SIDESWIPE - SAME DIRECTION,21,CLEAR,3,DARK - LIGHTED,14,PARKED MOTOR VEHICLE,OBRIEN AV & NEWTON AV,NASHVILLE,TN,37209,5031,WEST,36.1502,-86.8632,POINT (-86.8632 36.1502)
20190832771,11/17/2019 12:00:00 AM,1,1,0,,N,384418,9,UNKNOWN,21,CLEAR,2,DARK - NOT LIGHTED,99,UNKNOWN MOST HARMFUL EVENT,OLD HICKORY BLVD & LOGISTICS WAY,ANTIOCH,TN,37013,8869,SOUTH,36.0286,-86.614,POINT (-86.614 36.0286)
20190892885,12/12/2019 09:39:00 PM,2,0,0,,Y,352199,11,Front to Rear,21,CLEAR,3,DARK - LIGHTED,12,MOTOR VEHICLE IN TRANSPORT,GALLATIN PKES & E OLD HICKORY BLVD,MADISON,TN,37115,1771,MADISO,36.2622,-86.7122,POINT (-86.7122 36.2622)
20190860027,11/28/2019 08:14:00 PM,2,1,0,,N,256383,4,ANGLE,2,RAIN,3,DARK - LIGHTED,12,MOTOR VEHICLE IN TRANSPORT,I24 W EXT RAMP & I 24,NASHVILLE,TN,37211,8829,SOUTH,36.1074,-86.7197,POINT (-86.7197 36.1074)
20190798919,11/02/2019 06:37:00 PM,1,1,0,,N,320580,0,NOT COLLISION W/MOTOR VEHICLE-TRANSPORT,21,CLEAR,3,DARK - LIGHTED,24,GUARDRAIL FACE,LEBANON PKE & FESSLERS LN,NASHVILLE,TN,37210,9007,HERMIT,36.1543,-86.7422,POINT (-86.7422 36.1543)
20190893893,12/13/2019 09:41:00 AM,2,0,0,,N,834798,5,SIDESWIPE - SAME DIRECTION,21,CLEAR,1,DAYLIGHT,12,MOTOR VEHICLE IN TRANSPORT,4TH AVS & CAMERON ST,NASHVILLE,TN,37210,8153,SOUTH,36.1477,-86.7685,POINT (-86.7685 36.1477)
20190590551,08/08/2019 04:15:00 PM,2,0,0,,N,352172,4,ANGLE,21,CLEAR,1,DAYLIGHT,12,MOTOR VEHICLE IN TRANSPORT,BEECH BEND DR & OLD HARDING PKE,NASHVILLE,TN,37221,4819,WEST,36.0623,-86.9427,POINT (-86.9427 36.0623)
20190923141,12/27/2019 06:46:00 AM,2,0,0,,N,384403,4,ANGLE,2,RAIN,4,DAWN,12,MOTOR VEHICLE IN TRANSPORT,CROSSINGS PL & CROSSINGS BLVD,ANTIOCH,TN,37013,8863,SOUTH,36.0444,-86.6482,POINT (-86.6482 36.0444)
20190589555,08/08/2019 08:10:00 AM,2,0,0,,Y,716886,4,ANGLE,21,CLEAR,1,DAYLIGHT,12,MOTOR VEHICLE IN TRANSPORT,2ND AVS & MILDRED SHUTE AV,NASHVILLE,TN,37210,8143,SOUTH,36.1471,-86.7656,POINT (-86.7656 36.1471)
20190612646,08/16/2019 10:13:00 PM,2,0,0,,N,405427,98,OTHER,21,CLEAR,3,DARK - LIGHTED,14,PARKED MOTOR VEHICLE,BROADWAY & 3RD AVN,NASHVILLE,TN,37201,4105,CENTRA,36.1615,-86.776,POINT (-86.776 36.1615)