Accident Number,Date and Time,Number of Motor Vehicles,Number of Injuries,Number of Fatalities,Property Damage,Hit and Run,Reporting Officer,Collision Type Code,Collision Type Description,Weather Code,Weather Description,Illumination Code,Illumination Description,Harmful Code,Harmful Code Description,Street Address,City,State,ZIP,RPA,Precinct,Latitude,Longitude,Mapped Location
20190850863,11/24/2019 06:57:00 PM,2,1,0,,N,212344,11,Front to Rear,21,CLEAR,3,DARK - LIGHTED,12,MOTOR VEHICLE IN TRANSPORT,MM 48 3 I 24,NASHVILLE,TN,37213,11080,CENTRA,36.1722,-86.7689,POINT (-86.7689 36.1722)
20190823757,11/13/2019 08:00:00 AM,1,0,0,,N,462501,0,NOT COLLISION W/MOTOR VEHICLE-TRANSPORT,21,CLEAR,1,DAYLIGHT,30,UTILITY POLE,ALLEY 102 & LEA AVE,NASHVILLE,TN,37210,4033,CENTRA,36.1564,-86.7694,POINT (-86.7694 36.1564)
20190748740,10/12/2019 02:15:00 AM,2,0,0,,Y,279197,11,Front to Rear,21,CLEAR,3,DARK - LIGHTED,12,MOTOR VEHICLE IN TRANSPORT,I40 E ENT RAMP & I 40,NASHVILLE,TN,37205,4903,WEST,36.1109,-86.922,POINT (-86.922 36.1109)
20190849802,11/24/2019 05:59:00 AM,2,0,0,,Y,812949,5,SIDESWIPE - SAME DIRECTION,21,CLEAR,1,DAYLIGHT,12,MOTOR VEHICLE IN TRANSPORT,BRILEY PKWYN & ASHLAND CITY HWY,NASHVILLE,TN,37218,31040,NORTH,36.2094,-86.8715,POINT (-86.8715 36.2094)
20190606561,08/14/2019 05:02:00 PM,3,1,0,,N,256383,11,Front to Rear,21,CLEAR,1,DAYLIGHT,12,MOTOR VEHICLE IN TRANSPORT,BELL RD & CANE RIDGE RD,ANTIOCH,TN,37013,8753,SOUTH,36.0449,-86.6631,POINT (-86.6631 36.0449)
20190592539,08/09/2019 08:06:00 AM,2,0,0,,Y,414668,5,SIDESWIPE - SAME DIRECTION,22,CLOUDY,1,DAYLIGHT,12,MOTOR VEHICLE IN TRANSPORT,MM 87 6 I 65,NASHVILLE,TN,37207,1804,EAST,36.2107,-86.7758,POINT (-86.7758 36.2107)
20190892197,12/12/2019 04:00:00 PM,2,0,0,,N,320580,5,SIDESWIPE - SAME DIRECTION,21,CLEAR,5,DUSK,12,MOTOR VEHICLE IN TRANSPORT,MM 212 3 I 40,NASHVILLE,TN,37210,8206,HERMIT,36.1447,-86.7399,POINT (-86.7399 36.1447)
20190802745,11/04/2019 01:33:00 PM,3,1,0,,N,716886,4,ANGLE,21,CLEAR,1,DAYLIGHT,12,MOTOR VEHICLE IN TRANSPORT,MURFREESBORO PKE & MOUNTAIN SPRINGS RD,ANTIOCH,TN,37013,8927,SOUTH,36.0478,-86.6121,POINT (-86.6121 36.0478)
20190889568,12/11/2019 05:35:00 PM,2,2,0,,N,179606,6,SIDESWIPE - OPPOSITE DIRECTION,21,CLEAR,3,DARK - LIGHTED,12,MOTOR VEHICLE IN TRANSPORT,WEDGEWOOD AV & WAVERLY AV,NASHVILLE,TN,37203,6911,MIDTOW,36.1354,-86.7859,POINT (-86.7859 36.1354)
20190713093,09/26/2019 05:02:00 PM,2,0,0,,N,887592,4,ANGLE,21,CLEAR,1,DAYLIGHT,12,MOTOR VEHICLE IN TRANSPORT,HIGHWAY 100 & OLD HARDING PKE,NASHVILLE,TN,37221,4807,WEST,36.0445,-86.956,POINT (-86.956 36.0445)
20190758263,10/16/2019 07:36:00 AM,3,3,0,,N,414668,11,Front to Rear,22,CLOUDY,1,DAYLIGHT,12,MOTOR VEHICLE IN TRANSPORT,MM 87 6 I 65,NASHVILLE,TN,37207,1804,EAST,36.2107,-86.7758,POINT (-86.7758 36.2107)
20190729898,10/03/2019 08:25:00 PM,3,0,0,,N,256389,11,Front to Rear,21,CLEAR,3,DARK - LIGHTED,12,MOTOR VEHICLE IN TRANSPORT,MM 5 2 I 440,NASHVILLE,TN,37204,8306,MIDTOW,36.1179,-86.7684,POINT (-86.7684 36.1179)
20190752316,10/14/2019 12:28:00 AM,1,1,0,,N,191786,0,NOT COLLISION W/MOTOR VEHICLE-TRANSPORT,21,CLEAR,3,DARK - LIGHTED,1;39,WALL,MM 207 9 I 40,NASHVILLE,TN,37208,54022,NORTH,36.1693,-86.7972,POINT (-86.7972 36.1693)
20190728613,10/03/2019 09:37:00 AM,2,1,0,,N,191578,11,Front to Rear,21,CLEAR,1,DAYLIGHT,12,MOTOR VEHICLE IN TRANSPORT,ELM HILL PKE & MASSMAN DR,NASHVILLE,TN,37210,9017,HERMIT,36.1449,-86.711,POINT (-86.711 36.1449)
20190826294,11/14/2019 09:00:00 AM,2,0,0,,N,225950,4,ANGLE,21,CLEAR,1,DAYLIGHT,12,MOTOR VEHICLE IN TRANSPORT,DOROTHY PL & MAGNOLIA BLVD,NASHVILLE,TN,37212,6621,MIDTOW,36.1372,-86.7951,POINT (-86.7951 36.1372)
20190894574,12/13/2019 03:38:00 PM,2,0,0,,Y,151132,11,Front to Rear,2,RAIN,1,DAYLIGHT,12,MOTOR VEHICLE IN TRANSPORT,MM 90 5 I 65,MADISON,TN,37115,20044,MADISO,36.2427,-86.7493,POINT (-86.7493 36.2427)
20190706698,09/24/2019 07:33:00 AM,2,0,0,,Y,226622,4,ANGLE,21,CLEAR,1,DAYLIGHT,12,MOTOR VEHICLE IN TRANSPORT,WOODMONT BLVD & HARDING PKE,NASHVILLE,TN,37205,6101,WEST,36.1245,-86.8472,POINT (-86.8472 36.1245)
20190904618,12/18/2019 06:55:00 AM,2,0,0,,N,256428,5,SIDESWIPE - SAME DIRECTION,21,CLEAR,1,DAYLIGHT,12,MOTOR VEHICLE IN TRANSPORT,S 7TH ST & WOODLAND ST,NASHVILLE,TN,37206,1117,EAST,36.1735,-86.7603,POINT (-86.7603 36.1735)
20190626674,08/22/2019 07:25:00 AM,2,0,0,,Y,256428,5,SIDESWIPE - SAME DIRECTION,21,CLEAR,1,DAYLIGHT,12,MOTOR VEHICLE IN TRANSPORT,E TRINITY LN & W TRINITY LN,NASHVILLE,TN,37207,1861,EAST,36.2059,-86.7686,POINT (-86.7686 36.2059)
20190715533,09/27/2019 05:18:00 PM,2,2,0,,N,384411,6,SIDESWIPE - OPPOSITE DIRECTION,21,CLEAR,1,DAYLIGHT,12,MOTOR VEHICLE IN TRANSPORT,ELM HILL PKE & ELM HILL PKE EB EXT RAMP,NASHVILLE,TN,37210,9041,HERMIT,36.1513,-86.6916,POINT (-86.6916 36.1513)
20190768149,10/20/2019 12:15:00 PM,2,0,0,,Y,279208,11,Front to Rear,21,CLEAR,1,DAYLIGHT,14,PARKED MOTOR VEHICLE,WEST END AV & 18TH AVS,NASHVILLE,TN,37203,5707,MIDTOW,36.1531,-86.7959,POINT (-86.7959 36.1531)
20190912860,12/21/2019 07:26:00 PM,2,1,0,,N,352155,11,Front to Rear,21,CLEAR,3,DARK - LIGHTED,12,MOTOR VEHICLE IN TRANSPORT,BRICK CHURCH PKE & AVONDALE CIR,NASHVILLE,TN,37207,3021,NORTH,36.2089,-86.7779,POINT (-86.7779 36.2089)
20190846921,11/22/2019 06:10:00 PM,3,0,0,,N,279116,11,Front to Rear,2,RAIN,3,DARK - LIGHTED,12,MOTOR VEHICLE IN TRANSPORT,MM 81 1 I 65,NASHVILLE,TN,37204,80040,MIDTOW,36.1313,-86.7738,POINT (-86.7738 36.1313)
20190787963,10/29/2019 06:31:00 AM,4,0,0,,N,191578,11,Front to Rear,21,CLEAR,4,DAWN,12,MOTOR VEHICLE IN TRANSPORT,OLD HICKORY BLVD & PLANTATION DR,HERMITAGE,TN,37076,9615,HERMIT,36.2012,-86.6211,POINT (-86.6211 36.2012)
20190903156,12/17/2019 04:37:00 PM,2,1,0,,N,330417,4,ANGLE,21,CLEAR,5,DUSK,12,MOTOR VEHICLE IN TRANSPORT,DOUGLAS ST & MADISON ST,MADISON,TN,37115,1783,MADISO,36.2588,-86.7162,POINT (-86.7162 36.2588)
20190717237,09/28/2019 11:23:00 AM,2,3,0,,N,299243,4,ANGLE,21,CLEAR,1,DAYLIGHT,12,MOTOR VEHICLE IN TRANSPORT,OLDHAM ST & N 1ST ST,NASHVILLE,TN,37213,1985,CENTRA,36.1744,-86.7741,POINT (-86.7741 36.1744)
20190927705,12/29/2019 03:23:00 PM,2,2,0,,N,320599,4,ANGLE,2,RAIN,1,DAYLIGHT,12,MOTOR VEHICLE IN TRANSPORT,HERON POINTE DR & BELL RD,NASHVILLE,TN,37214,8943,HERMIT,36.1182,-86.6311,POINT (-86.6311 36.1182)
20190614260,08/17/2019 04:50:00 PM,2,0,0,,N,298874,11,Front to Rear,21,CLEAR,1,DAYLIGHT,12,MOTOR VEHICLE IN TRANSPORT,MM 49 3 I 24,NASHVILLE,TN,37206,10040,EAST,36.1629,-86.7614,POINT (-86.7614 36.1629)
20190582201,08/05/2019 06:15:00 PM,2,0,0,,Y,267831,11,Front to Rear,21,CLEAR,1,DAYLIGHT,12,MOTOR VEHICLE IN TRANSPORT,HILLSBORO PKE & I440 E ENT RAMP,NASHVILLE,TN,37215,6419,MIDTOW,36.1216,-86.8074,POINT (-86.8074 36.1216)
20190781317,10/25/2019 09:30:00 PM,2,0,0,,N,384394,11,Front to Rear,2,RAIN,2,DARK - NOT LIGHTED,12,MOTOR VEHICLE IN TRANSPORT,MM 199 0 I 40,NASHVILLE,TN,37221,48062,WEST,36.1081,-86.927,POINT (-86.927 36.1081)
20190724283,10/01/2019 04:33:00 PM,2,0,0,,N,299241,11,Front to Rear,21,CLEAR,1,DAYLIGHT,12,MOTOR VEHICLE IN TRANSPORT,LEBANON PKE & LEBANON PKE WB EXT RAMP,HERMITAGE,TN,37076,9507,HERMIT,36.1995,-86.6194,POINT (-86.6194 36.1995)
20190782453,10/26/2019 06:21:00 PM,3,5,1,,N,320585,98,OTHER,21,CLEAR,3,DARK - LIGHTED,12,MOTOR VEHICLE IN TRANSPORT,STATE HWY 155 & -UNKNOWN RAMP/ROAD -,NASHVILLE,TN,37214,9296,HERMIT,36.186,-86.6911,POINT (-86.6911 36.186)
20190628777,08/23/2019 12:24:00 AM,2,0,0,,Y,415780,4,ANGLE,21,CLEAR,3,DARK - LIGHTED,12,MOTOR VEHICLE IN TRANSPORT,4TH AVS & I40 W EXT RAMP,NASHVILLE,TN,37203,4007,CENTRA,36.1509,-86.7706,POINT (-86.7706 36.1509)
20190641743,08/28/2019 07:30:00 AM,2,0,0,,N,665896,11,Front to Rear,21,CLEAR,1,DAYLIGHT,12,MOTOR VEHICLE IN TRANSPORT,STRATFORD AV & SHELTON AV,NASHVILLE,TN,37216,1443,EAST,36.2106,-86.7191,POINT (-86.7191 36.2106)
20190867569,12/02/2019 05:07:00 PM,2,0,0,,N,352172,11,Front to Rear,21,CLEAR,1,DAYLIGHT,12,MOTOR VEHICLE IN TRANSPORT,OLD HICKORY BLVDW & DICKERSON PKE,MADISON,TN,37115,2039,MADISO,36.2692,-86.7556,POINT (-86.7556 36.2692)
20190582623,08/05/2019 09:33:00 PM,2,1,0,,N,169425,2,HEAD-ON,21,CLEAR,3,DARK - LIGHTED,12,MOTOR VEHICLE IN TRANSPORT,EDMONDSON PKE & WALLACE RD,NASHVILLE,TN,37211,8661,MIDTOW,36.0771,-86.7256,POINT (-86.7256 36.0771)
20190931990,12/31/2019 01:39:00 PM,2,0,0,,N,384421,4,ANGLE,21,CLEAR,1,DAYLIGHT,12,MOTOR VEHICLE IN TRANSPORT,EAST THOMPSON LN & OLD GLENROSE AV,NASHVILLE,TN,37211,8809,SOUTH,36.1165,-86.7193,POINT (-86.7193 36.1165)
20190796516,11/01/2019 03:55:00 PM,2,0,0,,N,299257,4,ANGLE,21,CLEAR,1,DAYLIGHT,12,MOTOR VEHICLE IN TRANSPORT,MM 209 8 I 40,NASHVILLE,TN,37203,4004,CENTRA,36.149,-86.7794,POINT (-86.7794 36.149)
20190615464,08/18/2019 12:00:00 AM,2,0,0,,Y,676828,4,ANGLE,21,CLEAR,3,DARK - LIGHTED,14;55,PARKED MOTOR VEHICLE;Motor Vehicle-In-Motion Outside Trafficw,21ST AVS & CAPERS AV,NASHVILLE,TN,37212,6625,MIDTOW,36.1388,-86.8006,POINT (-86.8006 36.1388)
20190599931,08/12/2019 08:39:00 AM,2,0,0,,N,320575,4,ANGLE,21,CLEAR,1,DAYLIGHT,12,MOTOR VEHICLE IN TRANSPORT,MURFREESBORO PKE & UNA ANTIOCH PKE,NASHVILLE,TN,37217,8937,HERMIT,36.0854,-86.6479,POINT (-86.6479 36.0854)
20190896868,12/14/2019 06:20:00 PM,2,0,0,,N,279225,4,ANGLE,21,CLEAR,2,DARK - NOT LIGHTED,12,MOTOR VEHICLE IN TRANSPORT,STEWARTS FERRY PKE & PERCY PRIEST DR,NASHVILLE,TN,37214,8955,HERMIT,36.1539,-86.6256,POINT (-86.6256 36.1539)
20190641919,08/28/2019 08:43:00 AM,2,2,0,,N,308295,11,Front to Rear,21,CLEAR,1,DAYLIGHT,12,MOTOR VEHICLE IN TRANSPORT,BRILEY PKWYW & BRILEY PKWY W EXT RAMP,MADISON,TN,37115,1598,MADISO,36.2346,-86.7177,POINT (-86.7177 36.2346)
20190586855,08/07/2019 12:00:00 AM,2,0,0,,Y,716886,9,UNKNOWN,21,CLEAR,1,DAYLIGHT,14,PARKED MOTOR VEHICLE,LAKEWALK DR & MARITIME PORT,ANTIOCH,TN,37013,8905,SOUTH,36.053,-86.5976,POINT (-86.5976 36.053)
20190722229,09/30/2019 09:20:00 PM,2,0,0,,Y,337276,4,ANGLE,21,CLEAR,3,DARK - LIGHTED,14;55,PARKED MOTOR VEHICLE;Motor Vehicle-In-Motion Outside Trafficw,GALLATIN PKE & W KIRKLAND AV,NASHVILLE,TN,37216,1417,EAST,36.2087,-86.7347,POINT (-86.7347 36.2087)
20190795402,11/01/2019 05:28:00 AM,4,0,0,,N,330411,11,Front to Rear,21,CLEAR,2,DARK - NOT LIGHTED,12,MOTOR VEHICLE IN TRANSPORT,MM 39 1 I 24,WHITES CREEK,TN,37189,33181,NORTH,36.296,-86.8112,POINT (-86.8112 36.296)
20190861450,11/29/2019 03:28:00 PM,1,0,0,Y,N,240983,0,NOT COLLISION W/MOTOR VEHICLE-TRANSPORT,21,CLEAR,1,DAYLIGHT,16,THROWN OR FALLING OBJECT,MM 58 4 I 24,ANTIOCH,TN,37013,8857,SOUTH,36.0537,-86.6728,POINT (-86.6728 36.0537)
20190863976,11/30/2019 08:58:00 PM,2,0,0,,Y,200016,6,SIDESWIPE - OPPOSITE DIRECTION,2,RAIN,3,DARK - LIGHTED,12,MOTOR VEHICLE IN TRANSPORT,JEFFERSON ST & 16TH AVN,NASHVILLE,TN,37208,5415,NORTH,36.1705,-86.8026,POINT (-86.8026 36.1705)
20190807219,11/06/2019 06:42:00 AM,2,0,0,,N,352179,5,SIDESWIPE - SAME DIRECTION,21,CLEAR,1,DAYLIGHT,12,MOTOR VEHICLE IN TRANSPORT,I65 S EXT RAMP & I 65,MADISON,TN,37115,20044,MADISO,36.2481,-86.743,POINT (-86.743 36.2481)
20190855370,11/26/2019 03:21:00 PM,2,0,0,,N,279208,16,Rear to Side,21,CLEAR,1,DAYLIGHT,14,PARKED MOTOR VEHICLE,BROADWAY & 17TH AVS,NASHVILLE,TN,37203,5705,MIDTOW,36.1531,-86.7942,POINT (-86.7942 36.1531)
20190880211,12/07/2019 06:28:00 PM,2,0,0,,Y,352168,5,SIDESWIPE - SAME DIRECTION,21,CLEAR,7,Dark-Unknown Lighting,12,MOTOR VEHICLE IN TRANSPORT,EDMONDSON PKE & WALLACE RD,NASHVILLE,TN,37211,8661,MIDTOW,36.0771,-86.7256,POINT (-86.7256 36.0771)
20190665026,09/06/2019 04:42:00 PM,2,0,0,,N,352195,3,REAR-TO-REAR,21,CLEAR,1,DAYLIGHT,12,MOTOR VEHICLE IN TRANSPORT,SMITH SPRINGS RD & CHASE COVE APTS PVTDR,NASHVILLE,TN,37217,8929,HERMIT,36.0883,-86.6093,POINT (-86.6093 36.0883)
20190924854,12/28/2019 12:14:00 AM,2,0,0,,Y,298871,4,ANGLE,21,CLEAR,3,DARK - LIGHTED,12,MOTOR VEHICLE IN TRANSPORT,WEST END AV & 17TH AVS,NASHVILLE,TN,37203,5707,MIDTOW,36.1538,-86.7944,POINT (-86.7944 36.1538)
20190726983,10/02/2019 05:30:00 PM,2,1,0,,N,330444,5,SIDESWIPE - SAME DIRECTION,21,CLEAR,1,DAYLIGHT,12,MOTOR VEHICLE IN TRANSPORT,MM 80 3 I 65,NASHVILLE,TN,37204,69021,MIDTOW,36.1173,-86.7737,POINT (-86.7737 36.1173)
20190624418,08/21/2019 12:00:00 PM,2,1,0,,N,473670,11,Front to Rear,21,CLEAR,1,DAYLIGHT,12,MOTOR VEHICLE IN TRANSPORT,DICKERSON PKE & HOMESTEAD RD,NASHVILLE,TN,37207,1807,EAST,36.2356,-86.7583,POINT (-86.7583 36.2356)
20190698451,09/20/2019 01:31:00 PM,1,0,0,,N,109534,0,NOT COLLISION W/MOTOR VEHICLE-TRANSPORT,21,CLEAR,1,DAYLIGHT,25,GUARDRAIL END,MM 214 6 I 40,NASHVILLE,TN,37210,90060,HERMIT,36.1437,-86.7027,POINT (-86.7027 36.1437)
20190737613,10/07/2019 02:43:00 PM,2,0,0,,N,279214,4,ANGLE,2,RAIN,1,DAYLIGHT,12,MOTOR VEHICLE IN TRANSPORT,VAULX LN & KIRKWOOD AV,NASHVILLE,TN,37204,6935,MIDTOW,36.1203,-86.7792,POINT (-86.7792 36.1203)
20190631513,08/23/2019 09:19:00 PM,2,3,0,,N,330412,11,Front to Rear,21,CLEAR,3,DARK - LIGHTED,12,MOTOR VEHICLE IN TRANSPORT,BRICK CHURCH PKE & BRILEY PKWYW,NASHVILLE,TN,37207,2014,MADISO,36.2384,-86.7809,POINT (-86.7809 36.2384)
20190872296,12/04/2019 11:00:00 AM,2,0,0,,N,538214,5,SIDESWIPE - SAME DIRECTION,21,CLEAR,1,DAYLIGHT,14,PARKED MOTOR VEHICLE,3RD AVS & BROADWAY,NASHVILLE,TN,37201,4105,CENTRA,36.1615,-86.776,POINT (-86.776 36.1615)
20190605546,08/14/2019 09:20:00 AM,2,0,0,,N,262757,11,Front to Rear,21,CLEAR,1,DAYLIGHT,12,MOTOR VEHICLE IN TRANSPORT,LEBANON PKE & FESSLERS LN,NASHVILLE,TN,37210,9007,HERMIT,36.1543,-86.7422,POINT (-86.7422 36.1543)
20190766843,10/19/2019 08:00:00 PM,2,0,0,,Y,352184,11,Front to Rear,21,CLEAR,3,DARK - LIGHTED,12,MOTOR VEHICLE IN TRANSPORT,W TRINITY LN & LUCAS LN,NASHVILLE,TN,37207,1863,EAST,36.2061,-86.7711,POINT (-86.7711 36.2061)
20190735456,10/06/2019 10:30:00 AM,2,0,0,,Y,620061,11,Front to Rear,2,RAIN,1,DAYLIGHT,12,MOTOR VEHICLE IN TRANSPORT,15TH AVN & CHURCH ST,NASHVILLE,TN,37203,5517,MIDTOW,36.1574,-86.7927,POINT (-86.7927 36.1574)
20190932576,12/31/2019 07:56:00 PM,2,2,0,,Y,256417,11,Front to Rear,21,CLEAR,2,DARK - NOT LIGHTED,12,MOTOR VEHICLE IN TRANSPORT,CENTRAL PKE & N NEW HOPE RD,HERMITAGE,TN,37076,9541,HERMIT,36.1776,-86.6059,POINT (-86.6059 36.1776)
20190598232,08/11/2019 03:10:00 PM,2,0,0,,N,330431,5,SIDESWIPE - SAME DIRECTION,21,CLEAR,1,DAYLIGHT,12,MOTOR VEHICLE IN TRANSPORT,RAMP & BUENA VISTA PIKE,NASHVILLE,TN,37218,3155,NORTH,36.1941,-86.8309,POINT (-86.8309 36.1941)
20190914855,12/22/2019 08:00:00 PM,2,0,0,,N,279197,4,ANGLE,21,CLEAR,3,DARK - LIGHTED,12,MOTOR VEHICLE IN TRANSPORT,CRUTCHER ST & S 5TH ST,NASHVILLE,TN,37206,1009,EAST,36.1624,-86.7593,POINT (-86.7593 36.1624)
20190628153,08/22/2019 06:55:00 PM,3,0,0,,N,179582,11,Front to Rear,2,RAIN,1,DAYLIGHT,12;42,MOTOR VEHICLE IN TRANSPORT;TREE,PACKARD DR & CREEKSIDE DR,ANTIOCH,TN,37013,8713,SOUTH,36.0634,-86.7015,POINT (-86.7015 36.0634)
20190780526,10/25/2019 05:28:00 PM,4,1,0,,N,320597,11,Front to Rear,2,RAIN,1,DAYLIGHT,12,MOTOR VEHICLE IN TRANSPORT,MM 57 6 I 24,ANTIOCH,TN,37013,87060,SOUTH,36.0629,-86.6829,POINT (-86.6829 36.0629)
20190846631,11/22/2019 05:10:00 PM,2,0,0,,N,151132,11,Front to Rear,22,CLOUDY,3,DARK - LIGHTED,12,MOTOR VEHICLE IN TRANSPORT,MM 90 2 I 65,MADISON,TN,37115,20022,MADISO,36.2398,-86.7532,POINT (-86.7532 36.2398)
20190819681,11/11/2019 05:20:00 PM,1,0,0,,N,352207,0,NOT COLLISION W/MOTOR VEHICLE-TRANSPORT,2,RAIN,2,DARK - NOT LIGHTED,34,DITCH,EDMONDSON PKE & MT PISGAH RD,NASHVILLE,TN,37211,8651,MIDTOW,36.0244,-86.7424,POINT (-86.7424 36.0244)
20190890952,12/12/2019 06:31:00 AM,3,1,0,,N,110063,2,HEAD-ON,21,CLEAR,1,DAYLIGHT,12;50;71,MOTOR VEHICLE IN TRANSPORT;DEER (ANIMAL);EMBANKMENT EARTH,WHITES CREEK PKE & OLD HICKORY BLVD,WHITES CREEK,TN,37189,3305,NORTH,36.2685,-86.8313,POINT (-86.8313 36.2685)
20190899658,12/16/2019 07:45:00 AM,3,1,0,,N,226134,4,ANGLE,2,RAIN,1,DAYLIGHT,12,MOTOR VEHICLE IN TRANSPORT,CHESTNUT ST & 1ST AVS,NASHVILLE,TN,37210,8137,SOUTH,36.1464,-86.7632,POINT (-86.7632 36.1464)
20190855234,11/26/2019 02:34:00 PM,2,0,0,,N,240983,4,ANGLE,22,CLOUDY,1,DAYLIGHT,12,MOTOR VEHICLE IN TRANSPORT,HARDING PL & NOLENSVILLE PKE,NASHVILLE,TN,37211,8705,SOUTH,36.0797,-86.7261,POINT (-86.7261 36.0797)
20190882094,12/08/2019 08:41:00 PM,2,2,0,,N,320599,11,Front to Rear,21,CLEAR,2,DARK - NOT LIGHTED,12,MOTOR VEHICLE IN TRANSPORT,MM 218 6 I 40,NASHVILLE,TN,37214,89062,HERMIT,36.1523,-86.6347,POINT (-86.6347 36.1523)
20190801999,11/04/2019 07:48:00 AM,1,0,0,,Y,474557,0,NOT COLLISION W/MOTOR VEHICLE-TRANSPORT,21,CLEAR,1,DAYLIGHT,42,TREE,HAMILTON CHURCH RD & ZELIDA AV,ANTIOCH,TN,37013,8865,SOUTH,36.055,-86.6366,POINT (-86.6366 36.055)
20190593319,08/09/2019 02:45:00 PM,2,0,0,,N,320577,5,SIDESWIPE - SAME DIRECTION,21,CLEAR,1,DAYLIGHT,12,MOTOR VEHICLE IN TRANSPORT,HARDING PL & FRANKLIN PKE,NASHVILLE,TN,37204,7029,MIDTOW,36.0866,-86.7716,POINT (-86.7716 36.0866)
20190763359,10/18/2019 07:30:00 AM,2,0,0,,N,571313,11,Front to Rear,21,CLEAR,1,DAYLIGHT,12,MOTOR VEHICLE IN TRANSPORT,MM 79 7 I 65,NASHVILLE,TN,37204,8504,MIDTOW,36.1092,-86.7698,POINT (-86.7698 36.1092)
20190778162,10/24/2019 05:45:00 PM,2,0,0,,Y,279112,11,Front to Rear,21,CLEAR,1,DAYLIGHT,12,MOTOR VEHICLE IN TRANSPORT,6TH AVN & CHURCH ST,NASHVILLE,TN,37219,4125,CENTRA,36.1626,-86.7814,POINT (-86.7814 36.1626)
20190733322,10/05/2019 08:20:00 AM,2,0,0,,N,235761,4,ANGLE,21,CLEAR,1,DAYLIGHT,12,MOTOR VEHICLE IN TRANSPORT,COCKRILL BEND BLVD & COCKRILL BEND CIR,NASHVILLE,TN,37209,4653,WEST,36.1782,-86.896,POINT (-86.896 36.1782)
20190623822,08/21/2019 07:49:00 AM,2,0,0,,N,755026,5,SIDESWIPE - SAME DIRECTION,21,CLEAR,1,DAYLIGHT,12,MOTOR VEHICLE IN TRANSPORT,I440 W ENT RAMP & I 24,NASHVILLE,TN,37217,8801,SOUTH,36.1232,-86.7263,POINT (-86.7263 36.1232)
20190838150,11/19/2019 12:18:00 PM,1,1,0,Y,N,693102,0,NOT COLLISION W/MOTOR VEHICLE-TRANSPORT,21,CLEAR,1,DAYLIGHT,29,LUMINAIRE/LIGHT SUPPORT,BRILEY PKWYS & CURREY RD,NASHVILLE,TN,37211,88961,SOUTH,36.1115,-86.7116,POINT (-86.7116 36.1115)
20190843380,11/21/2019 12:00:00 PM,2,0,0,,Y,462501,6,SIDESWIPE - OPPOSITE DIRECTION,21,CLEAR,1,DAYLIGHT,14,PARKED MOTOR VEHICLE,GLEAVES ST & 10TH AVS,NASHVILLE,TN,37203,4021,CENTRA,36.152,-86.781,POINT (-86.781 36.152)
20190681797,09/13/2019 03:01:00 PM,2,0,0,,N,693098,5,SIDESWIPE - SAME DIRECTION,21,CLEAR,1,DAYLIGHT,12,MOTOR VEHICLE IN TRANSPORT,MM 2 3 I 440,NASHVILLE,TN,37215,6006,WEST,36.1262,-86.8146,POINT (-86.8146 36.1262)
20190910818,12/20/2019 05:11:00 PM,3,3,0,,N,580819,11,Front to Rear,21,CLEAR,3,DARK - LIGHTED,12,MOTOR VEHICLE IN TRANSPORT,JAMES ROBERTSON PKWY & JAMES ROBERTSON P,NASHVILLE,TN,37206,1109,EAST,36.1724,-86.7665,POINT (-86.7665 36.1724)
20190810624,11/07/2019 02:49:00 PM,2,1,0,,N,279116,4,ANGLE,2,RAIN,1,DAYLIGHT,12,MOTOR VEHICLE IN TRANSPORT,POWELL AV RAMP & ARMORY DR,NASHVILLE,TN,37204,8527,MIDTOW,36.1024,-86.7602,POINT (-86.7602 36.1024)
20190590449,08/08/2019 03:26:00 PM,2,0,0,,N,151132,5,SIDESWIPE - SAME DIRECTION,21,CLEAR,1,DAYLIGHT,12,MOTOR VEHICLE IN TRANSPORT,GALLATIN PKEN & NESBITT LN,MADISON,TN,37115,1709,MADISO,36.2724,-86.7102,POINT (-86.7102 36.2724)
20190583924,08/06/2019 09:11:00 AM,2,0,0,,N,332253,5,SIDESWIPE - SAME DIRECTION,22,CLOUDY,1,DAYLIGHT,12,MOTOR VEHICLE IN TRANSPORT,MM 91 6 I 65,MADISON,TN,37115,2006,MADISO,36.2559,-86.7386,POINT (-86.7386 36.2559)
20190877882,12/06/2019 02:31:00 PM,2,0,0,,N,384446,2,HEAD-ON,21,CLEAR,1,DAYLIGHT,12,MOTOR VEHICLE IN TRANSPORT,SAUSSY PL & SAUSSY CT,NASHVILLE,TN,37205,4903,WEST,36.1135,-86.9133,POINT (-86.9133 36.1135)
20190795719,11/01/2019 08:53:00 AM,2,1,0,Y,N,223502,5,SIDESWIPE - SAME DIRECTION,21,CLEAR,1,DAYLIGHT,12,MOTOR VEHICLE IN TRANSPORT,MM 53 0 I 24,NASHVILLE,TN,37210,8302,SOUTH,36.1189,-86.7264,POINT (-86.7264 36.1189)
20190928578,12/30/2019 12:00:00 AM,1,0,0,Y,Y,352170,0,NOT COLLISION W/MOTOR VEHICLE-TRANSPORT,99,UNKNOWN,3,DARK - LIGHTED,40,MAIL BOX,MURFREESBORO PKE & MOUNTAIN SPRINGS RD,ANTIOCH,TN,37013,8927,SOUTH,36.0478,-86.6121,POINT (-86.6121 36.0478)
20190685201,09/15/2019 12:00:00 AM,1,0,0,Y,Y,320578,0,NOT COLLISION W/MOTOR VEHICLE-TRANSPORT,21,CLEAR,2,DARK - NOT LIGHTED,32;40,CULVERT;MAIL BOX,PACKARD DR & FAIRLANE DR,ANTIOCH,TN,37013,8713,SOUTH,36.0611,-86.7026,POINT (-86.7026 36.0611)