Accident Number,Date and Time,Number of Motor Vehicles,Number of Injuries,Number of Fatalities,Property Damage,Hit and Run,Reporting Officer,Collision Type Code,Collision Type Description,Weather Code,Weather Description,Illumination Code,Illumination Description,Harmful Code,Harmful Code Description,Street Address,City,State,ZIP,RPA,Precinct,Latitude,Longitude,Mapped Location
20190861155,11/29/2019 12:15:00 PM,2,0,0,,Y,348631,11,Front to Rear,21,CLEAR,1,DAYLIGHT,12,MOTOR VEHICLE IN TRANSPORT,CAHAL AV & GALLATIN AV,NASHVILLE,TN,37206,1331,EAST,36.1966,-86.7416,POINT (-86.7416 36.1966)
20190753499,10/14/2019 11:29:00 AM,1,0,0,,N,226622,0,NOT COLLISION W/MOTOR VEHICLE-TRANSPORT,21,CLEAR,1,DAYLIGHT,11,OTHER ANIMAL,KNOB RD & BROOKVALE TER,NASHVILLE,TN,37209,5021,WEST,36.138,-86.8597,POINT (-86.8597 36.138)
20190842009,11/20/2019 09:34:00 PM,2,3,0,,N,256379,4,ANGLE,21,CLEAR,3,DARK - LIGHTED,12,MOTOR VEHICLE IN TRANSPORT,BRILEY PKWYN & EAST THOMPSON LN,NASHVILLE,TN,37211,8423,SOUTH,36.1095,-86.7281,POINT (-86.7281 36.1095)
20190897211,12/14/2019 12:00:00 AM,2,0,0,,Y,197055,0,NOT COLLISION W/MOTOR VEHICLE-TRANSPORT,99,UNKNOWN,9,UNKNOWN,14;7,PARKED MOTOR VEHICLE,LAKEWALK DR & MARITIME PORT,ANTIOCH,TN,37013,8905,SOUTH,36.053,-86.5976,POINT (-86.5976 36.053)
20190664014,09/06/2019 07:50:00 AM,2,0,0,,N,633381,3,REAR-TO-REAR,21,CLEAR,1,DAYLIGHT,14,PARKED MOTOR VEHICLE,ROUNDWOOD FOREST DR & CALAIS CIR,ANTIOCH,TN,37013,8979,SOUTH,36.0653,-86.622,POINT (-86.622 36.0653)
20190700611,09/21/2019 11:13:00 AM,2,0,0,,Y,902543,4,ANGLE,21,CLEAR,1,DAYLIGHT,12,MOTOR VEHICLE IN TRANSPORT,BROADMOOR DR & DICKERSON PKE,NASHVILLE,TN,37207,1809,EAST,36.2294,-86.7593,POINT (-86.7593 36.2294)
20190693885,09/18/2019 05:40:00 PM,3,0,0,,Y,717341,11,Front to Rear,21,CLEAR,1,DAYLIGHT,12,MOTOR VEHICLE IN TRANSPORT,I24 E EXT RAMP & BELL RD,ANTIOCH,TN,37013,8721,SOUTH,36.045,-86.6598,POINT (-86.6598 36.045)
20190798576,11/02/2019 12:40:00 PM,2,0,0,,Y,352186,5,SIDESWIPE - SAME DIRECTION,21,CLEAR,1,DAYLIGHT,12,MOTOR VEHICLE IN TRANSPORT,W TRINITY LN & BRICK CHURCH PKE,NASHVILLE,TN,37207,3003,NORTH,36.2066,-86.7779,POINT (-86.7779 36.2066)
20190724825,10/01/2019 09:24:00 PM,2,0,0,,N,717341,5,SIDESWIPE - SAME DIRECTION,21,CLEAR,3,DARK - LIGHTED,12,MOTOR VEHICLE IN TRANSPORT,MM 54 3 I 24,NASHVILLE,TN,37211,84020,SOUTH,36.1034,-86.7148,POINT (-86.7148 36.1034)
20190685028,09/15/2019 01:57:00 AM,1,1,0,Y,N,299261,0,NOT COLLISION W/MOTOR VEHICLE-TRANSPORT,21,CLEAR,3,DARK - LIGHTED,43,OTHER FIXED OBJECTS,THOMPSON LN & E IRIS DR,NASHVILLE,TN,37204,8525,MIDTOW,36.1117,-86.7607,POINT (-86.7607 36.1117)
20190803166,11/04/2019 05:10:00 PM,2,0,0,,N,197070,5,SIDESWIPE - SAME DIRECTION,21,CLEAR,1,DAYLIGHT,12,MOTOR VEHICLE IN TRANSPORT,CHARLOTTE AV & 22ND AVN,NASHVILLE,TN,37203,5609,MIDTOW,36.1562,-86.8077,POINT (-86.8077 36.1562)
20190920704,12/26/2019 01:50:00 AM,1,0,0,Y,N,109531,0,NOT COLLISION W/MOTOR VEHICLE-TRANSPORT,21,CLEAR,3,DARK - LIGHTED,30,UTILITY POLE,EASTDALE AV & GALLATIN PKE,NASHVILLE,TN,37216,1501,EAST,36.2254,-86.7255,POINT (-86.7255 36.2254)
20190865003,12/01/2019 12:42:00 PM,2,1,0,,N,591936,5,SIDESWIPE - SAME DIRECTION,21,CLEAR,1,DAYLIGHT,12,MOTOR VEHICLE IN TRANSPORT,MM 79 6 I 65,NASHVILLE,TN,37204,8504,MIDTOW,36.109,-86.7696,POINT (-86.7696 36.109)
20190837817,11/19/2019 09:21:00 AM,2,0,0,,N,462474,11,Front to Rear,21,CLEAR,1,DAYLIGHT,12,MOTOR VEHICLE IN TRANSPORT,US HWY 70 & 25TH AVE N,NASHVILLE,TN,37203,5621,MIDTOW,36.1551,-86.8128,POINT (-86.8128 36.1551)
20190704569,09/23/2019 10:50:00 AM,2,0,0,,Y,462501,11,Front to Rear,21,CLEAR,1,DAYLIGHT,12,MOTOR VEHICLE IN TRANSPORT,MM 52 0 I 24,NASHVILLE,TN,37217,8816,SOUTH,36.1329,-86.7267,POINT (-86.7267 36.1329)
20190691016,09/17/2019 06:17:00 PM,1,2,0,,Y,384450,0,NOT COLLISION W/MOTOR VEHICLE-TRANSPORT,21,CLEAR,1,DAYLIGHT,63;9,Ran Off Road-Right,ASHLAND CITY HWY & BULL RUN RD,NASHVILLE,TN,37218,3325,NORTH,36.2114,-86.9212,POINT (-86.9212 36.2114)
20190695060,09/19/2019 06:32:00 AM,2,0,0,,N,109534,11,Front to Rear,21,CLEAR,1,DAYLIGHT,12,MOTOR VEHICLE IN TRANSPORT,MM 213 9 I 40,NASHVILLE,TN,37217,8802,HERMIT,36.1415,-86.7148,POINT (-86.7148 36.1415)
20190791045,10/30/2019 09:35:00 AM,1,0,0,Y,N,279206,0,NOT COLLISION W/MOTOR VEHICLE-TRANSPORT,2,RAIN,1,DAYLIGHT,30,UTILITY POLE,CENTURY BLVD & MCGAVOCK PKE,NASHVILLE,TN,37214,9115,HERMIT,36.1447,-86.6865,POINT (-86.6865 36.1447)
20190594024,08/09/2019 07:18:00 PM,2,1,0,,N,311332,5,SIDESWIPE - SAME DIRECTION,21,CLEAR,1,DAYLIGHT,14;39;63,PARKED MOTOR VEHICLE;WALL;Ran Off Road-Right,MM 202 8 I 40,NASHVILLE,TN,37209,46024,WEST,36.1476,-86.8773,POINT (-86.8773 36.1476)
20190824478,11/13/2019 01:56:00 PM,2,0,0,,N,279208,4,ANGLE,21,CLEAR,1,DAYLIGHT,12,MOTOR VEHICLE IN TRANSPORT,17TH AVN & CHURCH ST,NASHVILLE,TN,37203,5519,MIDTOW,36.1558,-86.7959,POINT (-86.7959 36.1558)
20190671470,09/09/2019 03:15:00 PM,2,0,0,,Y,717341,9,UNKNOWN,21,CLEAR,1,DAYLIGHT,55,Motor Vehicle-In-Motion Outside Trafficw,25TH AVS & WEST END AV,NASHVILLE,TN,37212,5717,MIDTOW,36.1468,-86.8082,POINT (-86.8082 36.1468)
20190891157,12/12/2019 08:18:00 AM,2,0,0,,N,109534,5,SIDESWIPE - SAME DIRECTION,21,CLEAR,1,DAYLIGHT,12,MOTOR VEHICLE IN TRANSPORT,MM 215 0 I 40,NASHVILLE,TN,37214,91021,HERMIT,36.1444,-86.6948,POINT (-86.6948 36.1444)
20190666589,09/07/2019 09:44:00 AM,2,0,0,,N,352197,5,SIDESWIPE - SAME DIRECTION,21,CLEAR,1,DAYLIGHT,12,MOTOR VEHICLE IN TRANSPORT,MM 55 3 I 24,NASHVILLE,TN,37211,8602,SOUTH,36.0913,-86.7043,POINT (-86.7043 36.0913)
20190670926,09/09/2019 02:24:00 PM,1,0,0,Y,N,352179,0,NOT COLLISION W/MOTOR VEHICLE-TRANSPORT,21,CLEAR,1,DAYLIGHT,30,UTILITY POLE,DEMONBREUN ST & 12TH AVS,NASHVILLE,TN,37203,4015,CENTRA,36.1545,-86.7865,POINT (-86.7865 36.1545)
20190587081,08/07/2019 11:51:00 AM,3,0,0,,N,267831,11,Front to Rear,21,CLEAR,1,DAYLIGHT,12,MOTOR VEHICLE IN TRANSPORT,HILLSBORO PKE & HAMPTON AV,NASHVILLE,TN,37215,6013,WEST,36.1161,-86.8106,POINT (-86.8106 36.1161)
20190794486,10/31/2019 07:14:00 PM,2,0,0,,N,134871,5,SIDESWIPE - SAME DIRECTION,21,CLEAR,2,DARK - NOT LIGHTED,14,PARKED MOTOR VEHICLE,LEA AV & RUTLEDGE ST,NASHVILLE,TN,37210,4033,CENTRA,36.156,-86.7702,POINT (-86.7702 36.156)
20190593574,08/09/2019 04:08:00 PM,2,0,0,,N,690942,4,ANGLE,21,CLEAR,1,DAYLIGHT,12,MOTOR VEHICLE IN TRANSPORT,DIVISION ST & 8TH AVS,NASHVILLE,TN,37203,4011,CENTRA,36.1498,-86.7801,POINT (-86.7801 36.1498)
20190765294,10/19/2019 12:13:00 AM,2,1,0,,N,110090,11,Front to Rear,21,CLEAR,3,DARK - LIGHTED,12,MOTOR VEHICLE IN TRANSPORT,MM 59 7 I 24,ANTIOCH,TN,37013,88060,SOUTH,36.0428,-86.6545,POINT (-86.6545 36.0428)
20190602670,08/13/2019 09:01:00 AM,2,0,0,,Y,299264,5,SIDESWIPE - SAME DIRECTION,21,CLEAR,1,DAYLIGHT,12,MOTOR VEHICLE IN TRANSPORT,WEDGEWOOD AV & 17TH AVS,NASHVILLE,TN,37212,6611,MIDTOW,36.1369,-86.7958,POINT (-86.7958 36.1369)
20190827074,11/14/2019 03:25:00 PM,2,0,0,,N,279233,4,ANGLE,21,CLEAR,1,DAYLIGHT,12,MOTOR VEHICLE IN TRANSPORT,CHARLOTTE PKE & LELLYETT ST,NASHVILLE,TN,37209,5025,WEST,36.1489,-86.8645,POINT (-86.8645 36.1489)
20190674505,09/10/2019 09:40:00 PM,2,0,0,,Y,384402,5,SIDESWIPE - SAME DIRECTION,21,CLEAR,3,DARK - LIGHTED,12,MOTOR VEHICLE IN TRANSPORT,EAST THOMPSON LN & MURFREESBORO PKE,NASHVILLE,TN,37217,8879,SOUTH,36.1267,-86.7111,POINT (-86.7111 36.1267)
20190698058,09/20/2019 12:00:00 AM,2,0,0,,Y,384392,5,SIDESWIPE - SAME DIRECTION,21,CLEAR,9,UNKNOWN,12;14,MOTOR VEHICLE IN TRANSPORT;PARKED MOTOR VEHICLE,DEMONBREUN ST & CONNECTING ROAD,NASHVILLE,TN,37203,5701,MIDTOW,36.153,-86.7898,POINT (-86.7898 36.153)
20190688333,09/16/2019 05:18:00 PM,2,0,0,,N,299241,11,Front to Rear,21,CLEAR,1,DAYLIGHT,12,MOTOR VEHICLE IN TRANSPORT,OLD HICKORY BLVD & BURNING TREE DR,HERMITAGE,TN,37076,9557,HERMIT,36.1742,-86.6019,POINT (-86.6019 36.1742)
20190727199,10/02/2019 07:25:00 PM,2,0,0,,Y,256427,11,Front to Rear,21,CLEAR,3,DARK - LIGHTED,12,MOTOR VEHICLE IN TRANSPORT,MM 211 7 I 40,NASHVILLE,TN,37210,82042,HERMIT,36.1499,-86.7483,POINT (-86.7483 36.1499)
20190600897,08/12/2019 03:15:00 PM,2,0,0,,N,267831,11,Front to Rear,21,CLEAR,1,DAYLIGHT,12,MOTOR VEHICLE IN TRANSPORT,MM 1 5 I 440,NASHVILLE,TN,37209,5232,WEST,36.1508,-86.8228,POINT (-86.8228 36.1508)
20190809766,11/07/2019 07:00:00 AM,2,1,0,,N,226622,4,ANGLE,2,RAIN,1,DAYLIGHT,12,MOTOR VEHICLE IN TRANSPORT,SAWYER BROWN RD & HUNTERS RUN,NASHVILLE,TN,37221,4711,WEST,36.1064,-86.9308,POINT (-86.9308 36.1064)
20190910423,12/20/2019 12:30:00 PM,2,0,0,,Y,405397,5,SIDESWIPE - SAME DIRECTION,21,CLEAR,1,DAYLIGHT,12,MOTOR VEHICLE IN TRANSPORT,3RD AVN & BROADWAY,NASHVILLE,TN,37201,4105,CENTRA,36.1621,-86.7764,POINT (-86.7764 36.1621)
20190896323,12/14/2019 11:11:00 AM,2,0,0,,N,902543,4,ANGLE,2,RAIN,1,DAYLIGHT,12,MOTOR VEHICLE IN TRANSPORT,W GREENWOOD AV & CLINE AV,NASHVILLE,TN,37206,1901,EAST,36.191,-86.7518,POINT (-86.7518 36.191)
20190662882,09/05/2019 08:13:00 PM,2,0,0,,N,161955,5,SIDESWIPE - SAME DIRECTION,21,CLEAR,3,DARK - LIGHTED,14,PARKED MOTOR VEHICLE,MCCARTHY PARK LN & GWYNNWOOD DR,NASHVILLE,TN,37207,3023,NORTH,36.2307,-86.7933,POINT (-86.7933 36.2307)
20190772036,10/22/2019 08:10:00 AM,3,0,0,,N,262749,11,Front to Rear,21,CLEAR,1,DAYLIGHT,12,MOTOR VEHICLE IN TRANSPORT,LEBANON PKE & MEADOW CLIFF,NASHVILLE,TN,37210,9019,HERMIT,36.1635,-86.6995,POINT (-86.6995 36.1635)
20190711161,09/25/2019 07:40:00 PM,2,0,0,,Y,279201,11,Front to Rear,21,CLEAR,3,DARK - LIGHTED,14,PARKED MOTOR VEHICLE,RAMP & STATE HWY 45,HERMITAGE,TN,37076,9561,HERMIT,36.1742,-86.6025,POINT (-86.6025 36.1742)
20190761368,10/17/2019 12:34:00 PM,2,0,0,,N,676834,6,SIDESWIPE - OPPOSITE DIRECTION,21,CLEAR,1,DAYLIGHT,12,MOTOR VEHICLE IN TRANSPORT,BERNARD RD & KNIPFER RD,JOELTON,TN,37080,3333,NORTH,36.3,-86.9028,POINT (-86.9028 36.3)
20190703943,09/23/2019 06:50:00 AM,2,0,0,,N,212345,11,Front to Rear,22,CLOUDY,1,DAYLIGHT,12,MOTOR VEHICLE IN TRANSPORT,ELLINGTON PKWYS & ELLINGTON PKWY S ENT R,NASHVILLE,TN,37207,1996,EAST,36.1828,-86.7615,POINT (-86.7615 36.1828)
20190893525,12/13/2019 06:55:00 AM,1,2,0,Y,N,226622,0,NOT COLLISION W/MOTOR VEHICLE-TRANSPORT,22,CLOUDY,1,DAYLIGHT,32;40;63;67;72,CULVERT;MAIL BOX;Ran Off Road-Right;Vehicle Airborne;EMBANKMENT ROCK/STONE/CONCRETE,RIVER ROAD PKE & BIGGS RD,NASHVILLE,TN,37209,4705,WEST,36.1988,-86.9729,POINT (-86.9729 36.1988)
20190892414,12/12/2019 06:00:00 PM,2,0,0,,N,352177,4,ANGLE,21,CLEAR,3,DARK - LIGHTED,12,MOTOR VEHICLE IN TRANSPORT,HILLSBORO PKE & HAMPTON PL,NASHVILLE,TN,37215,6013,WEST,36.115,-86.8107,POINT (-86.8107 36.115)
20190654816,09/02/2019 01:18:00 PM,2,0,0,,N,109534,4,ANGLE,21,CLEAR,1,DAYLIGHT,12,MOTOR VEHICLE IN TRANSPORT,LEBANON PKE & MCGAVOCK PKE,NASHVILLE,TN,37214,9201,HERMIT,36.1694,-86.6799,POINT (-86.6799 36.1694)
20190905320,12/18/2019 12:10:00 PM,2,0,0,,N,402660,98,OTHER,21,CLEAR,1,DAYLIGHT,12,MOTOR VEHICLE IN TRANSPORT,ELMINGTON AV & WEST END AV,NASHVILLE,TN,37205,6007,WEST,36.1352,-86.8235,POINT (-86.8235 36.1352)
20190850213,11/24/2019 11:33:00 AM,3,1,0,,N,591936,11,Front to Rear,21,CLEAR,1,DAYLIGHT,12,MOTOR VEHICLE IN TRANSPORT,FRANKLIN PKE & 8TH AVS,NASHVILLE,TN,37204,6929,MIDTOW,36.1286,-86.7779,POINT (-86.7779 36.1286)
20190829316,11/15/2019 02:00:00 PM,2,0,0,,N,665896,4,ANGLE,21,CLEAR,1,DAYLIGHT,12,MOTOR VEHICLE IN TRANSPORT,MERIDIAN ST & GATEWOOD AV,NASHVILLE,TN,37207,1869,EAST,36.1998,-86.7666,POINT (-86.7666 36.1998)
20190668932,09/08/2019 02:10:00 PM,2,1,0,,Y,320595,11,Front to Rear,21,CLEAR,1,DAYLIGHT,12,MOTOR VEHICLE IN TRANSPORT,MURFREESBORO PKE & MILL CREEK RD,NASHVILLE,TN,37211,8803,SOUTH,36.1288,-86.7138,POINT (-86.7138 36.1288)
20190852420,11/25/2019 12:44:00 PM,2,0,0,,N,320601,11,Front to Rear,21,CLEAR,1,DAYLIGHT,12,MOTOR VEHICLE IN TRANSPORT,BELL RD & THE OVERLOOK PVTDR,ANTIOCH,TN,37013,8865,SOUTH,36.056,-86.6421,POINT (-86.6421 36.056)
20190594184,08/09/2019 08:15:00 PM,2,0,0,,N,240976,11,Front to Rear,21,CLEAR,3,DARK - LIGHTED,12,MOTOR VEHICLE IN TRANSPORT,MAIN ST & N 8TH ST,NASHVILLE,TN,37206,1119,EAST,36.1753,-86.7588,POINT (-86.7588 36.1753)
20190891358,12/12/2019 09:47:00 AM,2,0,0,,N,462474,11,Front to Rear,21,CLEAR,1,DAYLIGHT,12,MOTOR VEHICLE IN TRANSPORT,I65 N EXT RAMP & OLD HICKORY BLVD,BRENTWOOD,TN,37027,8619,MIDTOW,36.0395,-86.7817,POINT (-86.7817 36.0395)
20190776986,10/24/2019 07:34:00 AM,1,0,0,Y,N,716886,0,NOT COLLISION W/MOTOR VEHICLE-TRANSPORT,21,CLEAR,1,DAYLIGHT,75,Bridge/Overhead Structure,FOSTER AV & MURFREESBORO PKE,NASHVILLE,TN,37210,8113,SOUTH,36.1416,-86.7406,POINT (-86.7406 36.1416)
20190702522,09/22/2019 12:17:00 PM,2,0,0,,N,311799,11,Front to Rear,21,CLEAR,1,DAYLIGHT,12,MOTOR VEHICLE IN TRANSPORT,DICKERSON PKE & SKYLINE COMMONS PVTDR,NASHVILLE,TN,37207,2011,MADISO,36.2475,-86.7568,POINT (-86.7568 36.2475)
20190784168,10/27/2019 05:40:00 PM,2,1,0,,Y,352168,2,HEAD-ON,21,CLEAR,1,DAYLIGHT,12,MOTOR VEHICLE IN TRANSPORT,NOLENSVILLE PKE & HARDING PL,NASHVILLE,TN,37211,8445,SOUTH,36.0809,-86.7267,POINT (-86.7267 36.0809)
20190668123,09/08/2019 03:20:00 AM,2,0,0,,N,330438,11,Front to Rear,21,CLEAR,3,DARK - LIGHTED,12,MOTOR VEHICLE IN TRANSPORT,BRILEY PKWYS & BRILEY PKWYN,NASHVILLE,TN,37218,3212,NORTH,36.2142,-86.8724,POINT (-86.8724 36.2142)
20190894220,12/13/2019 12:20:00 PM,2,0,0,,Y,876573,11,Front to Rear,2,RAIN,1,DAYLIGHT,12,MOTOR VEHICLE IN TRANSPORT,GROVEDALE TRC & PIN HOOK RD,ANTIOCH,TN,37013,8927,SOUTH,36.0502,-86.606,POINT (-86.606 36.0502)
20190703576,09/23/2019 01:50:00 AM,2,0,0,,N,481573,11,Front to Rear,21,CLEAR,2,DARK - NOT LIGHTED,12,MOTOR VEHICLE IN TRANSPORT,EDMONDSON PKE & NOLENSVILLE PKE,NASHVILLE,TN,37211,8661,MIDTOW,36.0771,-86.7256,POINT (-86.7256 36.0771)
20190717791,09/28/2019 06:01:00 PM,2,1,0,,N,256383,4,ANGLE,21,CLEAR,1,DAYLIGHT,12,MOTOR VEHICLE IN TRANSPORT,HAMILTON CHURCH RD & OWENDALE DR,ANTIOCH,TN,37013,8927,SOUTH,36.0648,-86.6221,POINT (-86.6221 36.0648)
20190633549,08/24/2019 07:20:00 PM,2,0,0,,N,330443,11,Front to Rear,21,CLEAR,2,DARK - NOT LIGHTED,12,MOTOR VEHICLE IN TRANSPORT,I24 W EXT RAMP & I 24,NASHVILLE,TN,37211,8829,SOUTH,36.1074,-86.7197,POINT (-86.7197 36.1074)
20190734010,10/05/2019 04:20:00 PM,2,0,0,,Y,320580,4,ANGLE,21,CLEAR,1,DAYLIGHT,12,MOTOR VEHICLE IN TRANSPORT,ELM HILL PKE & SPENCE LN,NASHVILLE,TN,37210,9017,HERMIT,36.144,-86.7226,POINT (-86.7226 36.144)
20190828977,11/15/2019 10:30:00 AM,2,0,0,,Y,676834,5,SIDESWIPE - SAME DIRECTION,21,CLEAR,1,DAYLIGHT,12;14,MOTOR VEHICLE IN TRANSPORT;PARKED MOTOR VEHICLE,CEPHAS ST & CLAY ST,NASHVILLE,TN,37208,4409,NORTH,36.1839,-86.8071,POINT (-86.8071 36.1839)
20190863528,11/30/2019 05:18:00 PM,1,0,0,,N,279225,0,NOT COLLISION W/MOTOR VEHICLE-TRANSPORT,2,RAIN,2,DARK - NOT LIGHTED,25,GUARDRAIL END,MM 51 6 I 24,NASHVILLE,TN,37210,82061,HERMIT,36.1403,-86.7313,POINT (-86.7313 36.1403)
20190590044,08/08/2019 12:15:00 PM,2,0,0,,N,225773,4,ANGLE,21,CLEAR,1,DAYLIGHT,12,MOTOR VEHICLE IN TRANSPORT,MORRISWOOD DR & FRANKLIN PKE,NASHVILLE,TN,37204,7015,MIDTOW,36.0967,-86.7719,POINT (-86.7719 36.0967)
20190699577,09/20/2019 05:25:00 PM,2,0,0,,N,109522,5,SIDESWIPE - SAME DIRECTION,21,CLEAR,1,DAYLIGHT,12,MOTOR VEHICLE IN TRANSPORT,ESTES RD & WOODMONT BLVD,NASHVILLE,TN,37215,6103,WEST,36.1165,-86.8365,POINT (-86.8365 36.1165)
20190604391,08/13/2019 09:10:00 PM,2,0,0,,Y,717341,4,ANGLE,21,CLEAR,3,DARK - LIGHTED,12,MOTOR VEHICLE IN TRANSPORT,HAMILTON CHURCH RD & MURFREESBORO PKE,ANTIOCH,TN,37013,8865,SOUTH,36.0645,-86.6288,POINT (-86.6288 36.0645)
20190777889,10/24/2019 03:09:00 PM,2,2,0,Y,N,151132,11,Front to Rear,21,CLEAR,1,DAYLIGHT,12;18,MOTOR VEHICLE IN TRANSPORT;OTHER OBJECT (NOT FIXED),MYATT DR & ANDERSON LN,MADISON,TN,37115,1715,MADISO,36.2728,-86.6895,POINT (-86.6895 36.2728)
20190582038,08/05/2019 04:39:00 PM,2,0,0,,N,267831,11,Front to Rear,21,CLEAR,1,DAYLIGHT,12,MOTOR VEHICLE IN TRANSPORT,HARDING PKE & WOODLAWN DR,NASHVILLE,TN,37205,6021,WEST,36.1274,-86.8442,POINT (-86.8442 36.1274)
20190686925,09/16/2019 04:26:00 AM,2,2,0,,N,468098,11,Front to Rear,21,CLEAR,2,DARK - NOT LIGHTED,12;14,MOTOR VEHICLE IN TRANSPORT;PARKED MOTOR VEHICLE,MM 59 0 I 24,ANTIOCH,TN,37013,8808,SOUTH,36.049,-86.6651,POINT (-86.6651 36.049)
20190627607,08/22/2019 02:57:00 PM,2,0,0,,N,197054,11,Front to Rear,22,CLOUDY,1,DAYLIGHT,12,MOTOR VEHICLE IN TRANSPORT,MM 52 2 I 24,NASHVILLE,TN,37217,8816,SOUTH,36.1359,-86.7267,POINT (-86.7267 36.1359)
20190749343,10/12/2019 12:00:00 AM,1,0,0,,Y,279227,0,NOT COLLISION W/MOTOR VEHICLE-TRANSPORT,99,UNKNOWN,9,UNKNOWN,34;71,DITCH;EMBANKMENT EARTH,CANE RIDGE RD & OLD FRANKLIN RD,ANTIOCH,TN,37013,8751,SOUTH,36.0316,-86.654,POINT (-86.654 36.0316)
20190641872,08/28/2019 08:55:00 AM,2,1,0,,N,226622,11,Front to Rear,22,CLOUDY,1,DAYLIGHT,12,MOTOR VEHICLE IN TRANSPORT,MM 205 6 I 40,NASHVILLE,TN,37209,5228,WEST,36.1559,-86.8271,POINT (-86.8271 36.1559)
20190837563,11/19/2019 07:21:00 AM,1,0,0,Y,N,812949,0,NOT COLLISION W/MOTOR VEHICLE-TRANSPORT,2,RAIN,1,DAYLIGHT,24,GUARDRAIL FACE,I65 S ENT RAMP & I 24,NASHVILLE,TN,37207,1906,EAST,36.1903,-86.776,POINT (-86.776 36.1903)
20190782339,10/26/2019 04:37:00 PM,2,0,0,,N,240955,11,Front to Rear,2,RAIN,1,DAYLIGHT,12;39,MOTOR VEHICLE IN TRANSPORT;WALL,I24E & I24 W ENT RAMP,NASHVILLE,TN,37210,82061,HERMIT,36.1386,-86.7273,POINT (-86.7273 36.1386)
20190742133,10/09/2019 11:05:00 AM,2,2,0,,N,262757,4,ANGLE,21,CLEAR,1,DAYLIGHT,12,MOTOR VEHICLE IN TRANSPORT,ELM HILL PIKE & STATE HWY 255,NASHVILLE,TN,37214,9103,HERMIT,36.1488,-86.6664,POINT (-86.6664 36.1488)
20190621889,08/20/2019 12:00:00 AM,1,0,0,,Y,299258,0,NOT COLLISION W/MOTOR VEHICLE-TRANSPORT,22,CLOUDY,1,DAYLIGHT,20;63,IMPACT ATTENUATOR;Ran Off Road-Right,KNIGHT DR & EWING DR,NASHVILLE,TN,37207,3023,NORTH,36.2316,-86.804,POINT (-86.804 36.2316)
20190585161,08/06/2019 06:45:00 PM,2,0,0,,N,807319,11,Front to Rear,22,CLOUDY,1,DAYLIGHT,12,MOTOR VEHICLE IN TRANSPORT,MURFREESBORO PKE & ARLINGTON AV,NASHVILLE,TN,37210,8159,SOUTH,36.1399,-86.7354,POINT (-86.7354 36.1399)
20190901907,12/17/2019 06:45:00 AM,2,0,0,,N,224953,4,ANGLE,22,CLOUDY,1,DAYLIGHT,12,MOTOR VEHICLE IN TRANSPORT,JAMES ROBERTSON PKWY & MAIN ST,NASHVILLE,TN,37213,1105,CENTRA,36.1713,-86.7694,POINT (-86.7694 36.1713)
20190821777,11/12/2019 02:36:00 PM,2,2,0,,N,212348,4,ANGLE,21,CLEAR,1,DAYLIGHT,12,MOTOR VEHICLE IN TRANSPORT,3RD AVN & COMMERCE ST,NASHVILLE,TN,37201,4105,CENTRA,36.1627,-86.7767,POINT (-86.7767 36.1627)
20190841253,11/20/2019 01:23:00 PM,2,0,0,,N,256426,16,Rear to Side,21,CLEAR,1,DAYLIGHT,12,MOTOR VEHICLE IN TRANSPORT,SPENCE LN & ELM HILL PKE,NASHVILLE,TN,37210,9015,HERMIT,36.1427,-86.7219,POINT (-86.7219 36.1427)
20190911044,12/20/2019 07:30:00 PM,2,0,0,,Y,402675,98,OTHER,21,CLEAR,3,DARK - LIGHTED,14,PARKED MOTOR VEHICLE,EDMONDSON PKE & WALLACE RD,NASHVILLE,TN,37211,8661,MIDTOW,36.0771,-86.7256,POINT (-86.7256 36.0771)
20190639298,08/27/2019 09:00:00 AM,3,0,0,,N,665896,11,Front to Rear,22,CLOUDY,1,DAYLIGHT,12,MOTOR VEHICLE IN TRANSPORT,I65 N EXT RAMP & DICKERSON PKE,NASHVILLE,TN,37216,1805,EAST,36.2366,-86.7581,POINT (-86.7581 36.2366)
20190751645,10/13/2019 03:55:00 PM,2,0,0,,N,330413,4,ANGLE,21,CLEAR,1,DAYLIGHT,12;13,MOTOR VEHICLE IN TRANSPORT;MOTOR VEHICLE IN TRANSPORT-OTHER ROADWAY,WEDGEWOOD AVE & ACKLEN AVE,NASHVILLE,TN,37203,6905,MIDTOW,36.1344,-86.7809,POINT (-86.7809 36.1344)
20190736522,10/07/2019 01:19:00 AM,1,1,0,,N,352163,0,NOT COLLISION W/MOTOR VEHICLE-TRANSPORT,2,RAIN,2,DARK - NOT LIGHTED,72,EMBANKMENT ROCK/STONE/CONCRETE,MM 212 4 I 40,NASHVILLE,TN,37210,82060,HERMIT,36.1441,-86.7389,POINT (-86.7389 36.1441)
20190586399,08/07/2019 05:21:00 AM,2,0,0,,N,716886,4,ANGLE,21,CLEAR,1,DAYLIGHT,12,MOTOR VEHICLE IN TRANSPORT,FIRESTONE PKWY & OLD HICKORY BLVD,ANTIOCH,TN,37013,8869,SOUTH,36.0168,-86.6199,POINT (-86.6199 36.0168)
20190728535,10/03/2019 09:00:00 AM,2,0,0,,N,405391,4,ANGLE,21,CLEAR,1,DAYLIGHT,12,MOTOR VEHICLE IN TRANSPORT,OLD HICKORY BLVD & OLD CHARLOTTE PKE,NASHVILLE,TN,37209,4701,WEST,36.1217,-86.923,POINT (-86.923 36.1217)