Accident Number,Date and Time,Number of Motor Vehicles,Number of Injuries,Number of Fatalities,Property Damage,Hit and Run,Reporting Officer,Collision Type Code,Collision Type Description,Weather Code,Weather Description,Illumination Code,Illumination Description,Harmful Code,Harmful Code Description,Street Address,City,State,ZIP,RPA,Precinct,Latitude,Longitude,Mapped Location
20190720080,09/29/2019 12:00:00 AM,2,0,0,,Y,320591,9,UNKNOWN,21,CLEAR,9,UNKNOWN,12,MOTOR VEHICLE IN TRANSPORT,HAMILTON CHURCH RD & HAMILTON CROSSINGS,ANTIOCH,TN,37013,8865,SOUTH,36.0629,-86.6291,POINT (-86.6291 36.0629)
20190881204,12/08/2019 08:00:00 AM,2,0,0,,N,320574,11,Front to Rear,21,CLEAR,1,DAYLIGHT,12,MOTOR VEHICLE IN TRANSPORT,STEWARTS FERRY PIKE & BELL RD,NASHVILLE,TN,37214,8955,HERMIT,36.1523,-86.6252,POINT (-86.6252 36.1523)
20190712083,09/26/2019 08:28:00 AM,4,2,0,,N,493309,11,Front to Rear,21,CLEAR,1,DAYLIGHT,12,MOTOR VEHICLE IN TRANSPORT,MM 90 9 I 65,MADISON,TN,37115,20044,MADISO,36.2468,-86.7444,POINT (-86.7444 36.2468)
20190802922,11/04/2019 03:12:00 PM,2,0,0,,Y,330412,5,SIDESWIPE - SAME DIRECTION,21,CLEAR,1,DAYLIGHT,12;99,MOTOR VEHICLE IN TRANSPORT;UNKNOWN MOST HARMFUL EVENT,MYATT DR & SPRING BRANCH DR,MADISON,TN,37115,1721,MADISO,36.2938,-86.6964,POINT (-86.6964 36.2938)
20190686907,09/16/2019 03:12:00 AM,1,0,0,Y,N,384446,0,NOT COLLISION W/MOTOR VEHICLE-TRANSPORT,21,CLEAR,2,DARK - NOT LIGHTED,24,GUARDRAIL FACE,MM 59 1 I 24,ANTIOCH,TN,37013,87061,SOUTH,36.0478,-86.6634,POINT (-86.6634 36.0478)
20190664385,09/06/2019 11:20:00 AM,1,0,0,Y,Y,279110,0,NOT COLLISION W/MOTOR VEHICLE-TRANSPORT,99,UNKNOWN,9,UNKNOWN,40,MAIL BOX,EAST THOMPSON LN & WIMPOLE DR,NASHVILLE,TN,37217,8879,SOUTH,36.1247,-86.7148,POINT (-86.7148 36.1247)
20190798283,11/02/2019 11:16:00 AM,2,1,0,,N,311325,4,ANGLE,21,CLEAR,1,DAYLIGHT,12,MOTOR VEHICLE IN TRANSPORT,IRONWOOD DR & LAKELAND DR,NASHVILLE,TN,37214,9421,HERMIT,36.154,-86.6511,POINT (-86.6511 36.154)
20190605422,08/14/2019 08:27:00 AM,2,0,0,,Y,716886,11,Front to Rear,21,CLEAR,1,DAYLIGHT,12,MOTOR VEHICLE IN TRANSPORT,MM 56 6 I 24,NASHVILLE,TN,37211,8810,SOUTH,36.0742,-86.6927,POINT (-86.6927 36.0742)
20190925626,12/28/2019 11:37:00 AM,2,0,0,,Y,414668,11,Front to Rear,22,CLOUDY,1,DAYLIGHT,12,MOTOR VEHICLE IN TRANSPORT,I24 W EXT RAMP & WHITES CREEK PKE,JOELTON,TN,37080,2309,NORTH,36.3259,-86.8689,POINT (-86.8689 36.3259)
20190725956,10/02/2019 09:25:00 AM,2,0,0,,N,225773,11,Front to Rear,21,CLEAR,1,DAYLIGHT,12,MOTOR VEHICLE IN TRANSPORT,MM 80 2 I 65,NASHVILLE,TN,37204,8306,MIDTOW,36.1159,-86.7732,POINT (-86.7732 36.1159)
20190744188,10/10/2019 06:45:00 AM,1,0,0,,N,876581,0,NOT COLLISION W/MOTOR VEHICLE-TRANSPORT,21,CLEAR,1,DAYLIGHT,50,DEER (ANIMAL),NORTHSIDE DR & GALLATIN PKEN,MADISON,TN,37115,1731,MADISO,36.3057,-86.6875,POINT (-86.6875 36.3057)
20190878442,12/06/2019 07:00:00 PM,2,0,0,,Y,352177,2,HEAD-ON,21,CLEAR,2,DARK - NOT LIGHTED,12,MOTOR VEHICLE IN TRANSPORT,SHARONDALE DR & US HWY 431,NASHVILLE,TN,37215,6001,WEST,36.1207,-86.808,POINT (-86.808 36.1207)
20190909243,12/20/2019 12:00:00 AM,2,0,0,,N,299248,11,Front to Rear,21,CLEAR,3,DARK - LIGHTED,12,MOTOR VEHICLE IN TRANSPORT,MM 53 5 I 24,NASHVILLE,TN,37210,88141,SOUTH,36.1122,-86.7232,POINT (-86.7232 36.1122)
20190756511,10/15/2019 02:30:00 PM,2,0,0,,Y,134899,16,Rear to Side,22,CLOUDY,1,DAYLIGHT,12,MOTOR VEHICLE IN TRANSPORT,LEBANON PKE & ANDREW JACKSON PKWY,HERMITAGE,TN,37076,9537,HERMIT,36.2151,-86.5962,POINT (-86.5962 36.2151)
20190873002,12/04/2019 05:20:00 PM,3,2,0,,N,240983,11,Front to Rear,21,CLEAR,2,DARK - NOT LIGHTED,12,MOTOR VEHICLE IN TRANSPORT,EAST THOMPSON LN & LAWNDALE DR,NASHVILLE,TN,37217,8879,SOUTH,36.1223,-86.7176,POINT (-86.7176 36.1223)
20190641740,08/28/2019 07:30:00 AM,1,1,0,,N,279206,0,NOT COLLISION W/MOTOR VEHICLE-TRANSPORT,21,CLEAR,1,DAYLIGHT,34,DITCH,PENNINGTON BEND RD & MCGAVOCK PKE,NASHVILLE,TN,37214,9315,HERMIT,36.2163,-86.689,POINT (-86.689 36.2163)
20190661879,09/05/2019 11:22:00 AM,2,0,0,,Y,693102,4,ANGLE,21,CLEAR,1,DAYLIGHT,12,MOTOR VEHICLE IN TRANSPORT,JUPITER DR & MURFREESBORO PKE,NASHVILLE,TN,37217,8823,HERMIT,36.1196,-86.7019,POINT (-86.7019 36.1196)
20190922066,12/26/2019 04:50:00 PM,2,0,0,,Y,717341,11,Front to Rear,22,CLOUDY,5,DUSK,12,MOTOR VEHICLE IN TRANSPORT,NOLENSVILLE PKE & HAYWOOD LN,NASHVILLE,TN,37211,8661,MIDTOW,36.0683,-86.7193,POINT (-86.7193 36.0683)
20190648203,08/30/2019 05:20:00 PM,5,0,0,,Y,579971,11,Front to Rear,21,CLEAR,1,DAYLIGHT,12,MOTOR VEHICLE IN TRANSPORT,MM 56 7 I 24,NASHVILLE,TN,37211,8810,SOUTH,36.0726,-86.6916,POINT (-86.6916 36.0726)
20190671331,09/09/2019 05:30:00 PM,2,0,0,,N,151132,4,ANGLE,21,CLEAR,1,DAYLIGHT,12,MOTOR VEHICLE IN TRANSPORT,OLD HICKORY BLVDW & BEVERLY DR,MADISON,TN,37115,1749,MADISO,36.2641,-86.7252,POINT (-86.7252 36.2641)
20190603767,08/13/2019 02:57:00 PM,2,0,0,,N,151132,11,Front to Rear,2,RAIN,1,DAYLIGHT,12,MOTOR VEHICLE IN TRANSPORT,DICKERSON PKE & NESBITT DR,MADISON,TN,37115,2101,MADISO,36.2798,-86.7499,POINT (-86.7499 36.2798)
20190838543,11/19/2019 03:07:00 PM,2,0,0,,N,405418,11,Front to Rear,22,CLOUDY,1,DAYLIGHT,12,MOTOR VEHICLE IN TRANSPORT,OLD HICKORY BLVD & SEVEN SPRINGS WAY PVT,BRENTWOOD,TN,37027,8623,MIDTOW,36.0406,-86.7711,POINT (-86.7711 36.0406)
20190712362,09/26/2019 11:14:00 AM,2,0,0,,N,212325,11,Front to Rear,2,RAIN,1,DAYLIGHT,12,MOTOR VEHICLE IN TRANSPORT,ANDERSON LN & MYATT DR,MADISON,TN,37115,1713,MADISO,36.2721,-86.689,POINT (-86.689 36.2721)
20190730455,10/04/2019 02:05:00 AM,2,0,0,,N,352155,4,ANGLE,21,CLEAR,3,DARK - LIGHTED,12,MOTOR VEHICLE IN TRANSPORT,28TH AVN & ALBION ST,NASHVILLE,TN,37208,4525,NORTH,36.1637,-86.8198,POINT (-86.8198 36.1637)
20190855160,11/26/2019 02:00:00 PM,1,1,0,Y,N,224464,0,NOT COLLISION W/MOTOR VEHICLE-TRANSPORT,21,CLEAR,1,DAYLIGHT,47;63,FIRE HYDRANT;Ran Off Road-Right,24TH AVN & CLARKSVILLE PKE,NASHVILLE,TN,37208,4417,NORTH,36.1847,-86.8157,POINT (-86.8157 36.1847)
20190751931,10/13/2019 07:20:00 PM,2,0,0,,N,337276,4,ANGLE,21,CLEAR,3,DARK - LIGHTED,12,MOTOR VEHICLE IN TRANSPORT,WOODLAND ST & S 13TH ST,NASHVILLE,TN,37206,1239,EAST,36.1771,-86.7473,POINT (-86.7473 36.1771)
20190781243,10/26/2019 12:30:00 AM,1,1,0,,Y,284059,0,NOT COLLISION W/MOTOR VEHICLE-TRANSPORT,2,RAIN,2,DARK - NOT LIGHTED,8,PEDESTRIAN,BRICK CHURCH PKE & READ AV,NASHVILLE,TN,37207,3003,NORTH,36.2,-86.7772,POINT (-86.7772 36.2)
20190695742,09/19/2019 12:15:00 PM,2,0,0,,N,676834,11,Front to Rear,21,CLEAR,1,DAYLIGHT,12,MOTOR VEHICLE IN TRANSPORT,I40 W EXT RAMP & I 40,NASHVILLE,TN,37203,4119,CENTRA,36.1574,-86.79,POINT (-86.79 36.1574)
20190707782,09/24/2019 04:33:00 PM,2,0,0,,Y,299257,4,ANGLE,21,CLEAR,1,DAYLIGHT,12,MOTOR VEHICLE IN TRANSPORT,NOLENSVILLE PKE & NAPOLEON AV,NASHVILLE,TN,37210,8109,SOUTH,36.1282,-86.7539,POINT (-86.7539 36.1282)
20190652293,09/01/2019 12:00:00 AM,1,0,0,,Y,206962,9,UNKNOWN,99,UNKNOWN,9,UNKNOWN,99,UNKNOWN MOST HARMFUL EVENT,HERITAGE DR & CONNECTING ROAD,MADISON,TN,37115,1765,MADISO,36.265,-86.7244,POINT (-86.7244 36.265)
20190745849,10/10/2019 07:14:00 PM,2,0,0,,Y,352155,4,ANGLE,21,CLEAR,3,DARK - LIGHTED,12,MOTOR VEHICLE IN TRANSPORT,I 65 & UNKNOWN RAMP,NASHVILLE,TN,37207,18020,EAST,36.2064,-86.7764,POINT (-86.7764 36.2064)
20190682813,09/13/2019 09:55:00 PM,2,0,0,,Y,879558,5,SIDESWIPE - SAME DIRECTION,21,CLEAR,3,DARK - LIGHTED,12,MOTOR VEHICLE IN TRANSPORT,BRILEY PKWYE & I65 N ENT RAMP,MADISON,TN,37115,20122,MADISO,36.2408,-86.7525,POINT (-86.7525 36.2408)
20190854570,11/26/2019 09:10:00 AM,2,0,0,,N,462474,4,ANGLE,22,CLOUDY,1,DAYLIGHT,12,MOTOR VEHICLE IN TRANSPORT,US HWY 70S & 27TH AVE N,NASHVILLE,TN,37212,5815,MIDTOW,36.1455,-86.8115,POINT (-86.8115 36.1455)
20190902152,12/17/2019 08:49:00 AM,2,0,0,,N,493304,4,ANGLE,22,CLOUDY,1,DAYLIGHT,12,MOTOR VEHICLE IN TRANSPORT,GALLATIN PKES & MAPLE ST,MADISON,TN,37115,1607,MADISO,36.2617,-86.7124,POINT (-86.7124 36.2617)
20190802414,11/04/2019 10:50:00 AM,2,0,0,,N,620061,11,Front to Rear,21,CLEAR,1,DAYLIGHT,12,MOTOR VEHICLE IN TRANSPORT,EDGEHILL AV & 19TH AVS,NASHVILLE,TN,37212,6625,MIDTOW,36.1439,-86.7977,POINT (-86.7977 36.1439)
20190670316,09/09/2019 08:30:00 AM,2,0,0,,N,352168,11,Front to Rear,21,CLEAR,1,DAYLIGHT,12,MOTOR VEHICLE IN TRANSPORT,BELMONT BLVD & KIRKWOOD AV,NASHVILLE,TN,37212,6505,MIDTOW,36.1213,-86.795,POINT (-86.795 36.1213)
20190647993,08/30/2019 03:30:00 PM,2,0,0,,N,580819,5,SIDESWIPE - SAME DIRECTION,21,CLEAR,1,DAYLIGHT,12,MOTOR VEHICLE IN TRANSPORT,JAMES ROBERTSON PKWY & PUBLIC SQ,NASHVILLE,TN,37201,4163,CENTRA,36.1677,-86.7784,POINT (-86.7784 36.1677)
20190582341,08/05/2019 07:11:00 PM,2,1,0,,N,256379,4,ANGLE,21,CLEAR,5,DUSK,12;34,MOTOR VEHICLE IN TRANSPORT;DITCH,MCCALL ST & ANTIOCH PKE,NASHVILLE,TN,37211,8413,SOUTH,36.099,-86.7175,POINT (-86.7175 36.099)
20190768254,10/20/2019 03:08:00 PM,2,1,0,,N,299266,11,Front to Rear,21,CLEAR,1,DAYLIGHT,12,MOTOR VEHICLE IN TRANSPORT,I24 E EXT RAMP & I 24,NASHVILLE,TN,37207,30080,NORTH,36.2378,-86.7872,POINT (-86.7872 36.2378)
20190858020,11/27/2019 03:53:00 PM,2,0,0,,Y,212343,5,SIDESWIPE - SAME DIRECTION,21,CLEAR,1,DAYLIGHT,12,MOTOR VEHICLE IN TRANSPORT,SPRING ST & N 1ST ST,NASHVILLE,TN,37213,1985,CENTRA,36.177,-86.7746,POINT (-86.7746 36.177)
20190913987,12/22/2019 12:00:00 AM,1,0,0,,Y,212345,9,UNKNOWN,21,CLEAR,9,UNKNOWN,99,UNKNOWN MOST HARMFUL EVENT,GILLOCK ST & HILLTOP LN,NASHVILLE,TN,37216,1885,EAST,36.2155,-86.7348,POINT (-86.7348 36.2155)
20190775062,10/23/2019 12:54:00 PM,2,1,0,,N,320586,4,ANGLE,21,CLEAR,1,DAYLIGHT,12,MOTOR VEHICLE IN TRANSPORT,1ST AVS & CHESTNUT ST,NASHVILLE,TN,37210,8143,SOUTH,36.1463,-86.7634,POINT (-86.7634 36.1463)
20190833997,11/17/2019 09:17:00 PM,2,0,0,,N,352168,4,ANGLE,21,CLEAR,2,DARK - NOT LIGHTED,12,MOTOR VEHICLE IN TRANSPORT,NORTHCREST DR & NOLENSVILLE PKE,NASHVILLE,TN,37211,8711,SOUTH,36.0667,-86.7179,POINT (-86.7179 36.0667)
20190679403,09/12/2019 02:49:00 PM,2,0,0,,Y,240979,4,ANGLE,21,CLEAR,1,DAYLIGHT,12,MOTOR VEHICLE IN TRANSPORT,BRIARVILLE RD & WORTH ST,MADISON,TN,37115,1791,MADISO,36.2426,-86.7365,POINT (-86.7365 36.2426)
20190851756,11/25/2019 07:12:00 AM,2,0,0,,N,109534,5,SIDESWIPE - SAME DIRECTION,21,CLEAR,1,DAYLIGHT,12,MOTOR VEHICLE IN TRANSPORT,MCGAVOCK PKE & TWO RIVERS PKWY,NASHVILLE,TN,37214,9317,HERMIT,36.1832,-86.6775,POINT (-86.6775 36.1832)
20190683601,09/14/2019 09:24:00 AM,2,1,0,,N,320595,4,ANGLE,21,CLEAR,1,DAYLIGHT,12,MOTOR VEHICLE IN TRANSPORT,BELL RD & MURFREESBORO PKE,ANTIOCH,TN,37013,8979,SOUTH,36.0729,-86.6357,POINT (-86.6357 36.0729)
20190876675,12/06/2019 03:25:00 AM,2,0,0,,Y,330422,4,ANGLE,21,CLEAR,3,DARK - LIGHTED,14,PARKED MOTOR VEHICLE,W TRINITY LN & HAMPTON ST,NASHVILLE,TN,37207,3007,NORTH,36.2067,-86.7784,POINT (-86.7784 36.2067)
20190692469,09/18/2019 07:12:00 AM,2,0,0,,N,184158,11,Front to Rear,21,CLEAR,1,DAYLIGHT,14,PARKED MOTOR VEHICLE,LOUISIANA AV & 54TH AVN,NASHVILLE,TN,37209,4631,WEST,36.1619,-86.8531,POINT (-86.8531 36.1619)
20190821616,11/12/2019 01:11:00 PM,2,0,0,,N,137872,11,Front to Rear,21,CLEAR,1,DAYLIGHT,12,MOTOR VEHICLE IN TRANSPORT,MM 214 5 I 40,NASHVILLE,TN,37217,88022,HERMIT,36.1434,-86.7031,POINT (-86.7031 36.1434)
20190770822,10/21/2019 05:59:00 PM,2,0,0,,N,330428,4,ANGLE,2,RAIN,5,DUSK,12,MOTOR VEHICLE IN TRANSPORT,WESTMONT AV & CANTRELL AV,NASHVILLE,TN,37215,6015,WEST,36.122,-86.8319,POINT (-86.8319 36.122)
20190673830,09/10/2019 04:00:00 PM,2,0,0,,N,256424,11,Front to Rear,21,CLEAR,1,DAYLIGHT,12,MOTOR VEHICLE IN TRANSPORT,MM 214 5 I 40,NASHVILLE,TN,37217,88022,HERMIT,36.1434,-86.7031,POINT (-86.7031 36.1434)
20190926293,12/28/2019 09:55:00 PM,2,1,0,,N,352156,4,ANGLE,21,CLEAR,3,DARK - LIGHTED,12,MOTOR VEHICLE IN TRANSPORT,NOLENSVILLE PKE & TUSCULUM RD,NASHVILLE,TN,37211,8715,SOUTH,36.0587,-86.7162,POINT (-86.7162 36.0587)
20190863853,11/30/2019 09:15:00 PM,2,1,0,,N,352156,11,Front to Rear,2,RAIN,3,DARK - LIGHTED,12,MOTOR VEHICLE IN TRANSPORT,MURFREESBORO PKE & I24 W EXT RAMP,NASHVILLE,TN,37217,8801,SOUTH,36.1348,-86.7236,POINT (-86.7236 36.1348)
20190685784,09/15/2019 12:52:00 PM,2,0,0,,N,834798,4,ANGLE,21,CLEAR,1,DAYLIGHT,12,MOTOR VEHICLE IN TRANSPORT,12TH AVS & ASHWOOD AV,NASHVILLE,TN,37204,6925,MIDTOW,36.1289,-86.789,POINT (-86.789 36.1289)
20190905874,12/18/2019 05:15:00 PM,2,1,0,,N,179599,11,Front to Rear,21,CLEAR,3,DARK - LIGHTED,12,MOTOR VEHICLE IN TRANSPORT,I40 E EXT RAMP & I 40,NASHVILLE,TN,37214,8955,HERMIT,36.155,-86.6271,POINT (-86.6271 36.155)
20190615991,08/18/2019 11:23:00 AM,2,0,0,,N,140790,11,Front to Rear,21,CLEAR,1,DAYLIGHT,12,MOTOR VEHICLE IN TRANSPORT,CENTRAL PKE & TULIP GROVE RD,HERMITAGE,TN,37076,9557,HERMIT,36.09,-86.6401,POINT (-86.6401 36.09)
20190638928,08/27/2019 06:26:00 AM,2,0,0,,N,352178,11,Front to Rear,22,CLOUDY,1,DAYLIGHT,12,MOTOR VEHICLE IN TRANSPORT,WHITES CREEK PKE & BRILEY PKWY W ENT RAM,NASHVILLE,TN,37207,3221,NORTH,36.2346,-86.8158,POINT (-86.8158 36.2346)
20190793375,10/31/2019 09:12:00 AM,2,0,0,,N,462474,0,NOT COLLISION W/MOTOR VEHICLE-TRANSPORT,2,RAIN,1,DAYLIGHT,12;18;61,MOTOR VEHICLE IN TRANSPORT;OTHER OBJECT (NOT FIXED);Equip Failure,HILLSBORO PKE & LOMBARDY AV,NASHVILLE,TN,37215,6419,MIDTOW,36.1207,-86.808,POINT (-86.808 36.1207)
20190688444,09/16/2019 05:41:00 PM,2,1,0,,Y,279124,4,ANGLE,21,CLEAR,1,DAYLIGHT,12,MOTOR VEHICLE IN TRANSPORT,ANTIOCH PKE & PERIMETER HILL DR,NASHVILLE,TN,37211,8889,SOUTH,36.0859,-86.6911,POINT (-86.6911 36.0859)
20190677007,09/11/2019 08:00:00 PM,2,0,0,,Y,209189,4,ANGLE,21,CLEAR,3,DARK - LIGHTED,12,MOTOR VEHICLE IN TRANSPORT,W TRINITY LN & I65 N EXT RAMP,NASHVILLE,TN,37207,1863,EAST,36.2062,-86.7736,POINT (-86.7736 36.2062)
20190692847,09/18/2019 10:07:00 AM,2,0,0,,Y,109534,11,Front to Rear,21,CLEAR,1,DAYLIGHT,12;99,MOTOR VEHICLE IN TRANSPORT;UNKNOWN MOST HARMFUL EVENT,RANSOM PL & MURFREESBORO PKE,NASHVILLE,TN,37217,8853,SOUTH,36.0694,-86.6409,POINT (-86.6409 36.0694)
20190736973,10/07/2019 08:00:00 AM,3,4,0,,N,352164,11,Front to Rear,21,CLEAR,1,DAYLIGHT,12,MOTOR VEHICLE IN TRANSPORT,MM 54 1 I 24,NASHVILLE,TN,37211,84020,SOUTH,36.1045,-86.7166,POINT (-86.7166 36.1045)
20190672643,09/10/2019 07:40:00 AM,2,0,0,,N,676834,11,Front to Rear,21,CLEAR,1,DAYLIGHT,12,MOTOR VEHICLE IN TRANSPORT,MM 84 8 I 65,NASHVILLE,TN,37208,43021,NORTH,36.1768,-86.8008,POINT (-86.8008 36.1768)
20190810094,11/07/2019 09:16:00 AM,1,0,0,,N,676834,0,NOT COLLISION W/MOTOR VEHICLE-TRANSPORT,2,RAIN,1,DAYLIGHT,36,CONCRETE TRAFFIC BARRIER,MM 208 4 I 40,NASHVILLE,TN,37203,54024,NORTH,36.165,-86.7943,POINT (-86.7943 36.165)
20190877197,12/06/2019 09:00:00 AM,2,0,0,,N,224437,98,OTHER,21,CLEAR,1,DAYLIGHT,12,MOTOR VEHICLE IN TRANSPORT,HARDING PL & METROPLEX DR,NASHVILLE,TN,37211,8845,SOUTH,36.0868,-86.6949,POINT (-86.6949 36.0868)
20190735903,10/06/2019 04:15:00 PM,2,0,0,,N,299238,11,Front to Rear,2,RAIN,1,DAYLIGHT,12,MOTOR VEHICLE IN TRANSPORT,SHELBY AV & I24 E EXT RAMP,NASHVILLE,TN,37213,1007,CENTRA,36.1664,-86.7654,POINT (-86.7654 36.1664)
20190854410,11/26/2019 07:53:00 AM,2,0,0,,N,544481,11,Front to Rear,22,CLOUDY,1,DAYLIGHT,12,MOTOR VEHICLE IN TRANSPORT,E TRINITY LN & SULTANA AV,NASHVILLE,TN,37207,1859,EAST,36.2055,-86.7634,POINT (-86.7634 36.2055)
20190754393,10/14/2019 06:50:00 PM,2,1,0,,Y,337277,5,SIDESWIPE - SAME DIRECTION,21,CLEAR,1,DAYLIGHT,12;99,MOTOR VEHICLE IN TRANSPORT;UNKNOWN MOST HARMFUL EVENT,DUE WEST AVE & GALLATIN PKES,MADISON,TN,37115,1519,MADISO,36.2481,-86.7203,POINT (-86.7203 36.2481)
20190769697,10/21/2019 08:14:00 AM,2,0,0,,N,414668,11,Front to Rear,22,CLOUDY,1,DAYLIGHT,12,MOTOR VEHICLE IN TRANSPORT,MM 88 1 I 65,NASHVILLE,TN,37207,18041,EAST,36.2169,-86.775,POINT (-86.775 36.2169)
20190753802,10/14/2019 02:10:00 PM,1,0,0,,N,887592,0,NOT COLLISION W/MOTOR VEHICLE-TRANSPORT,21,CLEAR,1,DAYLIGHT,33,CURB,SPRING ST & I24 W EXT RAMP,NASHVILLE,TN,37207,1983,EAST,36.1767,-86.7723,POINT (-86.7723 36.1767)
20190782071,10/26/2019 01:01:00 PM,2,1,0,,N,109527,11,Front to Rear,22,CLOUDY,1,DAYLIGHT,12,MOTOR VEHICLE IN TRANSPORT,SHUTE LN & BRANDYWINE POINTE BLVD,OLD HICKORY,TN,37138,9717,HERMIT,36.2305,-86.6061,POINT (-86.6061 36.2305)
20190635479,08/25/2019 05:55:00 PM,1,0,0,,N,320603,0,NOT COLLISION W/MOTOR VEHICLE-TRANSPORT,2,RAIN,5,DUSK,36,CONCRETE TRAFFIC BARRIER,MM 203 1 I 40,NASHVILLE,TN,37209,46022,WEST,36.1499,-86.8716,POINT (-86.8716 36.1499)
20190810274,11/07/2019 11:32:00 AM,1,0,0,Y,N,161952,0,NOT COLLISION W/MOTOR VEHICLE-TRANSPORT,2,RAIN,1,DAYLIGHT,31,"OTHER POST, POLE, SUPP.",3896 STEWARTS LN,NASHVILLE,TN,37218,3133,NORTH,36.1974,-86.8621,POINT (-86.8621 36.1974)
20190889359,12/11/2019 03:38:00 PM,2,0,0,,Y,420040,5,SIDESWIPE - SAME DIRECTION,21,CLEAR,1,DAYLIGHT,12,MOTOR VEHICLE IN TRANSPORT,CHURCH ST & GEORGE L DAVIS BLVD,NASHVILLE,TN,37203,4119,CENTRA,36.1587,-86.79,POINT (-86.79 36.1587)
20190798653,11/02/2019 03:53:00 PM,1,1,0,,Y,352172,0,NOT COLLISION W/MOTOR VEHICLE-TRANSPORT,21,CLEAR,1,DAYLIGHT,9,,STAR BLVD & N GRAYCROFT AV,MADISON,TN,37115,1739,MADISO,36.2862,-86.7188,POINT (-86.7188 36.2862)
20190626167,08/22/2019 01:30:00 AM,2,0,0,,Y,330414,4,ANGLE,21,CLEAR,3,DARK - LIGHTED,12;14,MOTOR VEHICLE IN TRANSPORT;PARKED MOTOR VEHICLE,WADE CIR & EXIT 1,GOODLETTSVILLE,TN,37072,1723,MADISO,36.3084,-86.7025,POINT (-86.7025 36.3084)
20190796168,11/01/2019 12:53:00 PM,2,0,0,,N,191578,5,SIDESWIPE - SAME DIRECTION,21,CLEAR,1,DAYLIGHT,12,MOTOR VEHICLE IN TRANSPORT,MM 211 6 I 40,NASHVILLE,TN,37210,82042,HERMIT,36.1508,-86.7502,POINT (-86.7502 36.1508)
20190815546,11/09/2019 07:21:00 PM,2,1,0,,N,311337,4,ANGLE,21,CLEAR,3,DARK - LIGHTED,12,MOTOR VEHICLE IN TRANSPORT,OLD HICKORY BLVD & STATE HWY 45,WHITES CREEK,TN,37189,3229,NORTH,36.2657,-86.833,POINT (-86.833 36.2657)
20190672607,09/10/2019 07:21:00 AM,2,0,0,,N,584947,4,ANGLE,21,CLEAR,1,DAYLIGHT,12,MOTOR VEHICLE IN TRANSPORT,ELLINGTON CIR & EDMONDSON PKE,NASHVILLE,TN,37211,8657,MIDTOW,36.0601,-86.7411,POINT (-86.7411 36.0601)
20190927993,12/29/2019 08:00:00 PM,2,1,0,,N,279124,11,Front to Rear,21,CLEAR,2,DARK - NOT LIGHTED,12,MOTOR VEHICLE IN TRANSPORT,SOUTHLAKE DR & HOLBROOK DR,NASHVILLE,TN,37211,8401,SOUTH,36.104,-86.7292,POINT (-86.7292 36.104)
20190663706,09/06/2019 04:04:00 AM,2,1,0,,Y,110090,11,Front to Rear,21,CLEAR,3,DARK - LIGHTED,12,MOTOR VEHICLE IN TRANSPORT,MURFREESBORO PKE & NASHBORO BLVD,ANTIOCH,TN,37013,8891,SOUTH,36.0869,-86.6487,POINT (-86.6487 36.0869)
20190584617,08/06/2019 02:00:00 PM,2,2,0,,Y,352166,5,SIDESWIPE - SAME DIRECTION,21,CLEAR,1,DAYLIGHT,12,MOTOR VEHICLE IN TRANSPORT,MM 210 8 I 40,NASHVILLE,TN,37210,40080,CENTRA,36.1544,-86.7625,POINT (-86.7625 36.1544)
20190621542,08/20/2019 12:30:00 PM,2,0,0,,Y,716886,4,ANGLE,21,CLEAR,1,DAYLIGHT,12,MOTOR VEHICLE IN TRANSPORT,HAYWOOD LN & I24 W EXT RAMP,ANTIOCH,TN,37013,8857,SOUTH,36.0695,-86.6875,POINT (-86.6875 36.0695)
20190690388,09/17/2019 01:02:00 PM,2,0,0,,Y,384392,4,ANGLE,21,CLEAR,1,DAYLIGHT,12,MOTOR VEHICLE IN TRANSPORT,ORLEANS DR & US HWY 70S,NASHVILLE,TN,37203,5629,MIDTOW,36.1394,-86.8191,POINT (-86.8191 36.1394)
20190811371,11/07/2019 09:40:00 PM,2,0,0,,N,717341,11,Front to Rear,21,CLEAR,3,DARK - LIGHTED,12,MOTOR VEHICLE IN TRANSPORT,OLD HICKORY BLVD & OWEN DR,ANTIOCH,TN,37013,8867,SOUTH,36.0183,-86.6196,POINT (-86.6196 36.0183)
20190765623,10/19/2019 04:44:00 AM,2,1,0,,N,212342,11,Front to Rear,21,CLEAR,3,DARK - LIGHTED,12,MOTOR VEHICLE IN TRANSPORT,STATE HWY 155 & GLASTONBURY RD,NASHVILLE,TN,37217,88940,HERMIT,36.1374,-86.6998,POINT (-86.6998 36.1374)
20190797237,11/01/2019 10:02:00 PM,2,1,0,,N,256392,11,Front to Rear,21,CLEAR,3,DARK - LIGHTED,12,MOTOR VEHICLE IN TRANSPORT,W TRINITY LN & BRICK CHURCH PKE,NASHVILLE,TN,37207,3003,NORTH,36.2066,-86.7779,POINT (-86.7779 36.2066)
20190779348,10/25/2019 06:31:00 AM,2,0,0,,N,633390,4,ANGLE,22,CLOUDY,4,DAWN,12,MOTOR VEHICLE IN TRANSPORT,W TRINITY LN & LUCAS LN,NASHVILLE,TN,37207,1829,EAST,36.2062,-86.7723,POINT (-86.7723 36.2062)