Accident Number,Date and Time,Number of Motor Vehicles,Number of Injuries,Number of Fatalities,Property Damage,Hit and Run,Reporting Officer,Collision Type Code,Collision Type Description,Weather Code,Weather Description,Illumination Code,Illumination Description,Harmful Code,Harmful Code Description,Street Address,City,State,ZIP,RPA,Precinct,Latitude,Longitude,Mapped Location
20190673051,09/10/2019 10:40:00 AM,1,0,0,,N,279110,0,NOT COLLISION W/MOTOR VEHICLE-TRANSPORT,21,CLEAR,1,DAYLIGHT,37,Other Traffic Barrier,MM 62 3 I 24,ANTIOCH,TN,37013,8806,SOUTH,36.0177,-86.6241,POINT (-86.6241 36.0177)
20190903484,12/17/2019 07:38:00 PM,2,0,0,Y,Y,240983,11,Front to Rear,21,CLEAR,2,DARK - NOT LIGHTED,14;40,PARKED MOTOR VEHICLE;MAIL BOX,JOYNER AV & BURBANK AV,NASHVILLE,TN,37210,8317,SOUTH,36.1164,-86.7463,POINT (-86.7463 36.1164)
20190607967,08/15/2019 07:12:00 AM,2,0,0,,N,676834,5,SIDESWIPE - SAME DIRECTION,21,CLEAR,1,DAYLIGHT,12,MOTOR VEHICLE IN TRANSPORT,MM 44 6 I 24,NASHVILLE,TN,37207,32242,NORTH,36.2276,-86.7791,POINT (-86.7791 36.2276)
20190734123,10/05/2019 06:01:00 PM,2,0,0,,N,299257,4,ANGLE,21,CLEAR,3,DARK - LIGHTED,12,MOTOR VEHICLE IN TRANSPORT,KIRKWOOD AV & 12TH AVS,NASHVILLE,TN,37204,6955,MIDTOW,36.1208,-86.7905,POINT (-86.7905 36.1208)
20190844497,11/21/2019 09:12:00 PM,3,0,0,,N,384446,11,Front to Rear,21,CLEAR,3,DARK - LIGHTED,12,MOTOR VEHICLE IN TRANSPORT,CHARLOTTE PKE & RIVER RD,NASHVILLE,TN,37209,4701,WEST,36.1287,-86.9065,POINT (-86.9065 36.1287)
20190813667,11/08/2019 08:00:00 PM,2,0,0,,N,352207,4,ANGLE,21,CLEAR,3,DARK - LIGHTED,12,MOTOR VEHICLE IN TRANSPORT,I65 N ENT RAMP & I 65,NASHVILLE,TN,37207,1829,EAST,36.209,-86.7759,POINT (-86.7759 36.209)
20190912508,12/21/2019 03:08:00 PM,2,1,0,,N,179606,4,ANGLE,21,CLEAR,1,DAYLIGHT,12,MOTOR VEHICLE IN TRANSPORT,GLENROSE AV & NOLENSVILLE PKE,NASHVILLE,TN,37210,8109,SOUTH,36.1258,-86.7526,POINT (-86.7526 36.1258)
20190673577,09/10/2019 12:00:00 AM,2,1,0,,N,279118,0,NOT COLLISION W/MOTOR VEHICLE-TRANSPORT,21,CLEAR,1,DAYLIGHT,16,THROWN OR FALLING OBJECT,BELL RD & COLLINS PARK DR,ANTIOCH,TN,37013,8863,SOUTH,36.2189,-86.8464,POINT (-86.8464 36.2189)
20190595465,08/10/2019 10:17:00 AM,2,0,0,,Y,299243,11,Front to Rear,21,CLEAR,1,DAYLIGHT,14,PARKED MOTOR VEHICLE,DEADERICK ST & 3RD AVN,NASHVILLE,TN,37201,4161,CENTRA,36.1662,-86.7795,POINT (-86.7795 36.1662)
20190669103,09/08/2019 04:18:00 PM,2,0,0,,Y,320599,6,SIDESWIPE - OPPOSITE DIRECTION,21,CLEAR,1,DAYLIGHT,12,MOTOR VEHICLE IN TRANSPORT,CENTRAL PKE & LEBANON PKE,HERMITAGE,TN,37076,9505,HERMIT,36.1776,-86.6167,POINT (-86.6167 36.1776)
20190905897,12/18/2019 05:30:00 PM,2,0,0,,N,256392,11,Front to Rear,21,CLEAR,3,DARK - LIGHTED,12,MOTOR VEHICLE IN TRANSPORT,MM 85 4 I 65,NASHVILLE,TN,37208,43042,NORTH,36.1875,-86.7947,POINT (-86.7947 36.1875)
20190918690,12/24/2019 06:08:00 PM,3,0,0,,N,197068,11,Front to Rear,21,CLEAR,3,DARK - LIGHTED,12,MOTOR VEHICLE IN TRANSPORT,MM 49 0 I 24,NASHVILLE,TN,37206,10040,EAST,36.1664,-86.7647,POINT (-86.7647 36.1664)
20190690585,09/17/2019 02:55:00 PM,2,1,0,,N,151132,0,NOT COLLISION W/MOTOR VEHICLE-TRANSPORT,21,CLEAR,1,DAYLIGHT,1;12;14;36;4;60,MOTOR VEHICLE IN TRANSPORT;PARKED MOTOR VEHICLE;CONCRETE TRAFFIC BARRIER;Cargo Equip Loss/Shift,MM 91 7 I 65,MADISON,TN,37115,2006,MADISO,36.257,-86.7385,POINT (-86.7385 36.257)
20190649247,08/30/2019 10:54:00 PM,2,0,0,,Y,405424,0,NOT COLLISION W/MOTOR VEHICLE-TRANSPORT,21,CLEAR,3,DARK - LIGHTED,12;14;42,MOTOR VEHICLE IN TRANSPORT;PARKED MOTOR VEHICLE;TREE,TIMBER VALLEY DR & TIMBER PT,NASHVILLE,TN,37214,8945,HERMIT,36.1268,-86.6361,POINT (-86.6361 36.1268)
20190769963,10/21/2019 09:11:00 AM,2,2,0,,N,420059,11,Front to Rear,21,CLEAR,1,DAYLIGHT,12,MOTOR VEHICLE IN TRANSPORT,OLD HICKORY BLVD & HIGHLAND WAY,NASHVILLE,TN,37211,8651,MIDTOW,36.0398,-86.7409,POINT (-86.7409 36.0398)
20190699051,09/20/2019 06:25:00 PM,2,0,0,,Y,330443,4,ANGLE,21,CLEAR,1,DAYLIGHT,12,MOTOR VEHICLE IN TRANSPORT,GALLATIN PKEN & OLD TIME VILLAGE PVTDR,MADISON,TN,37115,1701,MADISO,36.2638,-86.7117,POINT (-86.7117 36.2638)
20190768186,10/20/2019 02:02:00 PM,2,1,0,,N,140804,11,Front to Rear,21,CLEAR,1,DAYLIGHT,12,MOTOR VEHICLE IN TRANSPORT,DICKERSON PKE & RICHARDSON AV,NASHVILLE,TN,37207,1911,EAST,36.1916,-86.7727,POINT (-86.7727 36.1916)
20190777358,10/24/2019 10:50:00 AM,2,2,0,,N,226622,4,ANGLE,21,CLEAR,1,DAYLIGHT,12,MOTOR VEHICLE IN TRANSPORT,I40 W ENT RAMP & I 40,NASHVILLE,TN,37210,9007,HERMIT,36.1484,-86.7454,POINT (-86.7454 36.1484)
20190755703,10/15/2019 07:07:00 AM,1,0,0,Y,N,109534,0,NOT COLLISION W/MOTOR VEHICLE-TRANSPORT,2,RAIN,1,DAYLIGHT,24,GUARDRAIL FACE,MCCRORY CREEK RD & HONEYBROOK DR,NASHVILLE,TN,37214,9413,HERMIT,36.1462,-86.6534,POINT (-86.6534 36.1462)
20190833478,11/17/2019 02:38:00 PM,1,0,0,Y,N,419972,0,NOT COLLISION W/MOTOR VEHICLE-TRANSPORT,21,CLEAR,1,DAYLIGHT,19,BUILDING,CHARLOTTE AV & 45TH AVN,NASHVILLE,TN,37209,5203,WEST,36.1522,-86.8411,POINT (-86.8411 36.1522)
20190747769,10/11/2019 04:52:00 PM,2,1,0,,N,320603,11,Front to Rear,2,RAIN,1,DAYLIGHT,12,MOTOR VEHICLE IN TRANSPORT,BOWLING AVE & LINDEN SQ,NASHVILLE,TN,37205,6005,WEST,36.1242,-86.8265,POINT (-86.8265 36.1242)
20190809233,11/06/2019 11:22:00 PM,2,0,0,,Y,256377,5,SIDESWIPE - SAME DIRECTION,21,CLEAR,3,DARK - LIGHTED,12,MOTOR VEHICLE IN TRANSPORT,MM 213 6 I 40,NASHVILLE,TN,37217,8802,HERMIT,36.1406,-86.7202,POINT (-86.7202 36.1406)
20190892238,12/12/2019 04:50:00 PM,2,0,0,,N,320599,11,Front to Rear,21,CLEAR,5,DUSK,12,MOTOR VEHICLE IN TRANSPORT,MM 214 1 I 40,NASHVILLE,TN,37210,90062,HERMIT,36.142,-86.7124,POINT (-86.7124 36.142)
20190800814,11/03/2019 05:10:00 PM,2,0,0,,N,256379,11,Front to Rear,21,CLEAR,3,DARK - LIGHTED,12,MOTOR VEHICLE IN TRANSPORT,BRILEY PKWYN & TALLWOOD DR,NASHVILLE,TN,37211,8404,SOUTH,36.1091,-86.7262,POINT (-86.7262 36.1091)
20190735607,10/06/2019 12:34:00 PM,1,0,0,Y,N,179602,0,NOT COLLISION W/MOTOR VEHICLE-TRANSPORT,22,CLOUDY,1,DAYLIGHT,30,UTILITY POLE,LORRAINE AV & DICKERSON PKE,NASHVILLE,TN,37207,1823,EAST,36.2174,-86.7632,POINT (-86.7632 36.2174)
20190670065,09/09/2019 06:58:00 AM,2,1,0,,N,306231,11,Front to Rear,21,CLEAR,1,DAYLIGHT,12,MOTOR VEHICLE IN TRANSPORT,MM 86 2 I 65,NASHVILLE,TN,37207,1910,CENTRA,36.1919,-86.7812,POINT (-86.7812 36.1919)
20190844249,11/21/2019 06:31:00 PM,2,2,0,,N,240983,4,ANGLE,21,CLEAR,2,DARK - NOT LIGHTED,12,MOTOR VEHICLE IN TRANSPORT,APACHE TRL & MILL CREEK BLUE HOLE GRNWY,ANTIOCH,TN,37013,8713,SOUTH,36.0588,-86.6793,POINT (-86.6793 36.0588)
20190761642,10/17/2019 02:54:00 PM,2,0,0,,N,240983,11,Front to Rear,21,CLEAR,1,DAYLIGHT,12,MOTOR VEHICLE IN TRANSPORT,OLD HICKORY BLVD & I24 W EXT RAMP,ANTIOCH,TN,37013,8869,SOUTH,36.0158,-86.6201,POINT (-86.6201 36.0158)
20190855548,11/26/2019 05:00:00 PM,2,0,0,,N,192379,4,ANGLE,21,CLEAR,3,DARK - LIGHTED,55,Motor Vehicle-In-Motion Outside Trafficw,2200 BRICK CHURCH PKE,NASHVILLE,TN,37207,3019,NORTH,36.2065,-86.7783,POINT (-86.7783 36.2065)
20190649967,08/31/2019 09:07:00 AM,2,1,0,,N,902543,11,Front to Rear,21,CLEAR,1,DAYLIGHT,12,MOTOR VEHICLE IN TRANSPORT,HART LN & WHITNEY PARK DR,NASHVILLE,TN,37207,1887,EAST,36.2198,-86.7508,POINT (-86.7508 36.2198)
20190636797,08/26/2019 07:43:00 AM,2,0,0,,N,320574,11,Front to Rear,2,RAIN,1,DAYLIGHT,12,MOTOR VEHICLE IN TRANSPORT,MM 52 2 I 24,NASHVILLE,TN,37217,8816,SOUTH,36.1359,-86.7267,POINT (-86.7267 36.1359)
20190587786,08/07/2019 05:28:00 PM,4,0,0,,N,807344,11,Front to Rear,21,CLEAR,1,DAYLIGHT,12,MOTOR VEHICLE IN TRANSPORT,JEFFERSON ST & 1ST AVN,NASHVILLE,TN,37201,4231,CENTRA,36.176,-86.7806,POINT (-86.7806 36.176)
20190606183,08/14/2019 02:00:00 PM,2,4,0,,N,676834,2,HEAD-ON,21,CLEAR,1,DAYLIGHT,12,MOTOR VEHICLE IN TRANSPORT,BUENA VISTA PKE & MATTIE ST,NASHVILLE,TN,37218,3101,NORTH,36.2,-86.8253,POINT (-86.8253 36.2)
20190782281,10/26/2019 04:04:00 PM,2,0,0,,N,298877,11,Front to Rear,2,RAIN,1,DAYLIGHT,12,MOTOR VEHICLE IN TRANSPORT,HARDING PL & METROPLEX DR,NASHVILLE,TN,37211,8889,SOUTH,36.0868,-86.6959,POINT (-86.6959 36.0868)
20190698883,09/20/2019 05:06:00 PM,2,0,0,,N,240955,11,Front to Rear,21,CLEAR,1,DAYLIGHT,12,MOTOR VEHICLE IN TRANSPORT,FIRESTONE PKWY & J P HENNESSY DR,ANTIOCH,TN,37013,8869,SOUTH,36.0113,-86.6093,POINT (-86.6093 36.0113)
20190658866,09/04/2019 05:35:00 AM,2,0,0,,Y,229888,11,Front to Rear,21,CLEAR,4,DAWN,12;14,MOTOR VEHICLE IN TRANSPORT;PARKED MOTOR VEHICLE,S 12TH ST & GLENVIEW DR,NASHVILLE,TN,37206,1027,EAST,36.1641,-86.7498,POINT (-86.7498 36.1641)
20190725830,10/02/2019 08:04:00 AM,2,0,0,,N,384420,11,Front to Rear,21,CLEAR,1,DAYLIGHT,12,MOTOR VEHICLE IN TRANSPORT,MM 207 2 I 40,NASHVILLE,TN,37208,54020,NORTH,36.1698,-86.8089,POINT (-86.8089 36.1698)
20190789227,10/29/2019 05:05:00 PM,2,1,0,,N,256389,4,ANGLE,21,CLEAR,1,DAYLIGHT,12,MOTOR VEHICLE IN TRANSPORT,DIVISION ST & 19TH AVS,NASHVILLE,TN,37203,6715,MIDTOW,36.1506,-86.7955,POINT (-86.7955 36.1506)
20190804478,11/05/2019 06:48:00 AM,2,1,0,,N,665896,11,Front to Rear,22,CLOUDY,1,DAYLIGHT,12,MOTOR VEHICLE IN TRANSPORT,ELLINGTON PKWYS & ELLINGTON PKWY S ENT R,NASHVILLE,TN,37207,1996,EAST,36.1828,-86.7615,POINT (-86.7615 36.1828)
20190598339,08/11/2019 04:15:00 PM,2,0,0,,Y,306708,5,SIDESWIPE - SAME DIRECTION,21,CLEAR,1,DAYLIGHT,12,MOTOR VEHICLE IN TRANSPORT,RIVERGATE PKWY & RIVERGATE MALL PVTDR,GOODLETTSVILLE,TN,37072,1751,MADISO,36.3007,-86.701,POINT (-86.701 36.3007)
20190914735,12/22/2019 08:35:00 PM,2,0,0,,N,179606,11,Front to Rear,2,RAIN,3,DARK - LIGHTED,12,MOTOR VEHICLE IN TRANSPORT,4TH AVS & I40 E EXT RAMP,NASHVILLE,TN,37210,8153,SOUTH,36.1505,-86.7704,POINT (-86.7704 36.1505)
20190595858,08/10/2019 02:20:00 PM,2,0,0,,N,279214,4,ANGLE,21,CLEAR,1,DAYLIGHT,12,MOTOR VEHICLE IN TRANSPORT,MOORE AV & RAINS AV,NASHVILLE,TN,37203,8047,MIDTOW,36.1372,-86.7651,POINT (-86.7651 36.1372)
20190783780,10/27/2019 12:10:00 PM,2,0,0,,N,224953,9,UNKNOWN,22,CLOUDY,1,DAYLIGHT,12,MOTOR VEHICLE IN TRANSPORT,CHURCH ST & 4TH AVN,NASHVILLE,TN,37219,4129,CENTRA,36.1635,-86.7793,POINT (-86.7793 36.1635)
20190894846,12/13/2019 05:32:00 PM,3,0,0,,Y,414711,11,Front to Rear,2,RAIN,1,DAYLIGHT,12,MOTOR VEHICLE IN TRANSPORT,HARDING PKE & HARDING PL,NASHVILLE,TN,37205,6201,WEST,36.1014,-86.8706,POINT (-86.8706 36.1014)
20190737169,10/07/2019 12:00:00 AM,1,0,0,,N,109534,0,NOT COLLISION W/MOTOR VEHICLE-TRANSPORT,2,RAIN,3,DARK - LIGHTED,39,WALL,MM 217 9 I 40,NASHVILLE,TN,37214,94040,HERMIT,36.1411,-86.658,POINT (-86.658 36.1411)
20190734003,10/05/2019 12:00:00 AM,1,0,0,Y,Y,405418,0,NOT COLLISION W/MOTOR VEHICLE-TRANSPORT,21,CLEAR,1,DAYLIGHT,31,"OTHER POST, POLE, SUPP.",CLOVERLAND DR & COPPERFIELD CT,BRENTWOOD,TN,37027,8623,MIDTOW,36.0312,-86.7523,POINT (-86.7523 36.0312)
20190770126,10/21/2019 12:15:00 PM,2,0,0,,N,676834,11,Front to Rear,22,CLOUDY,1,DAYLIGHT,12,MOTOR VEHICLE IN TRANSPORT,ROSA L PARKS BLVD & I65 S EXT RAMP,NASHVILLE,TN,37208,4405,NORTH,36.1861,-86.7984,POINT (-86.7984 36.1861)
20190661549,09/05/2019 08:36:00 AM,2,0,0,,N,140808,5,SIDESWIPE - SAME DIRECTION,21,CLEAR,1,DAYLIGHT,12,MOTOR VEHICLE IN TRANSPORT,OLD HICKORY BLVD & I65 N EXT RAMP,BRENTWOOD,TN,37027,8623,MIDTOW,36.0399,-86.781,POINT (-86.781 36.0399)
20190611872,08/16/2019 05:25:00 AM,2,0,0,,N,405427,11,Front to Rear,21,CLEAR,1,DAYLIGHT,12,MOTOR VEHICLE IN TRANSPORT,14TH AVS & DEMONBREUN ST,NASHVILLE,TN,37203,6721,MIDTOW,36.1536,-86.7884,POINT (-86.7884 36.1536)
20190691249,09/17/2019 05:02:00 PM,2,0,0,,Y,240983,4,ANGLE,21,CLEAR,2,DARK - NOT LIGHTED,12,MOTOR VEHICLE IN TRANSPORT,HAYWOOD LN & HAYWOOD SQUARE PVTDR,NASHVILLE,TN,37211,8709,SOUTH,36.0694,-86.6927,POINT (-86.6927 36.0694)
20190589338,08/08/2019 06:30:00 AM,2,0,0,,N,279227,11,Front to Rear,21,CLEAR,1,DAYLIGHT,12,MOTOR VEHICLE IN TRANSPORT,MORRIS GENTRY BLVD & MURFREESBORO PKE,ANTIOCH,TN,37013,8865,SOUTH,36.0673,-86.6314,POINT (-86.6314 36.0673)
20190723661,10/01/2019 09:59:00 AM,2,0,0,,N,462474,4,ANGLE,21,CLEAR,1,DAYLIGHT,12,MOTOR VEHICLE IN TRANSPORT,PATTERSON ST & 23RD AVN,NASHVILLE,TN,37203,5609,MIDTOW,36.1529,-86.8076,POINT (-86.8076 36.1529)
20190835469,11/18/2019 11:45:00 AM,2,0,0,,N,755026,4,ANGLE,21,CLEAR,1,DAYLIGHT,12,MOTOR VEHICLE IN TRANSPORT,HAMILTON CHURCH RD & MURFREESBORO PKE,ANTIOCH,TN,37013,8865,SOUTH,36.0645,-86.6288,POINT (-86.6288 36.0645)
20190728259,10/03/2019 06:35:00 AM,2,5,1,,N,633390,11,Front to Rear,21,CLEAR,1,DAYLIGHT,12,MOTOR VEHICLE IN TRANSPORT,ELLINGTON PKWYS & ELLINGTON PKWYN,NASHVILLE,TN,37207,1995,EAST,36.1758,-86.7666,POINT (-86.7666 36.1758)
20190818564,11/11/2019 06:29:00 AM,2,0,0,,Y,311799,5,SIDESWIPE - SAME DIRECTION,21,CLEAR,1,DAYLIGHT,12,MOTOR VEHICLE IN TRANSPORT,BRILEY PKWYW & BRILEY PKWY W ENT RAMP,MADISON,TN,37115,1594,MADISO,36.2363,-86.7274,POINT (-86.7274 36.2363)
20190863661,11/30/2019 06:44:00 PM,2,1,0,,N,352155,4,ANGLE,2,RAIN,1,DAYLIGHT,12,MOTOR VEHICLE IN TRANSPORT,17TH AVN & CHARLOTTE AV,NASHVILLE,TN,37203,5401,NORTH,36.1591,-86.7984,POINT (-86.7984 36.1591)
20190843079,11/21/2019 08:10:00 AM,2,0,0,,Y,628640,5,SIDESWIPE - SAME DIRECTION,22,CLOUDY,1,DAYLIGHT,12,MOTOR VEHICLE IN TRANSPORT,NOLENSVILLE PKE & LUTIE ST,NASHVILLE,TN,37210,8319,SOUTH,36.1178,-86.7487,POINT (-86.7487 36.1178)
20190634722,08/25/2019 12:00:00 AM,1,0,0,Y,Y,320575,0,NOT COLLISION W/MOTOR VEHICLE-TRANSPORT,99,UNKNOWN,9,UNKNOWN,30;63,UTILITY POLE;Ran Off Road-Right,ANTIOCH PKE & EZELL PKE,NASHVILLE,TN,37211,8889,SOUTH,36.0773,-86.7253,POINT (-86.7253 36.0773)
20190737396,10/07/2019 12:18:00 PM,2,0,0,,N,279122,4,ANGLE,2,RAIN,1,DAYLIGHT,12,MOTOR VEHICLE IN TRANSPORT,MM 86 3 I 65,NASHVILLE,TN,37207,1910,CENTRA,36.1919,-86.7808,POINT (-86.7808 36.1919)
20190759834,10/16/2019 09:10:00 PM,2,0,0,,Y,226685,4,ANGLE,22,CLOUDY,3,DARK - LIGHTED,12,MOTOR VEHICLE IN TRANSPORT,CHARLOTTE AV & MORROW RD,NASHVILLE,TN,37209,5119,WEST,36.1516,-86.8521,POINT (-86.8521 36.1516)
20190673774,09/10/2019 12:00:00 AM,1,1,0,,N,109536,0,NOT COLLISION W/MOTOR VEHICLE-TRANSPORT,21,CLEAR,1,DAYLIGHT,6;63,Ran Off Road-Right,DUE WEST AVN & DICKERSON PKE,MADISON,TN,37115,2019,MADISO,36.2562,-86.7572,POINT (-86.7572 36.2562)
20190848761,11/23/2019 04:09:00 PM,2,0,0,,Y,206682,16,Rear to Side,21,CLEAR,1,DAYLIGHT,14,PARKED MOTOR VEHICLE,QUEEN ANNE DR & BUBBLING WELL RD,MADISON,TN,37115,1635,MADISO,36.2615,-86.6816,POINT (-86.6816 36.2615)
20190900636,12/16/2019 04:56:00 PM,2,0,0,Y,N,330412,4,ANGLE,2,RAIN,1,DAYLIGHT,12,MOTOR VEHICLE IN TRANSPORT,DUE WEST AVN & PORT DR,MADISON,TN,37115,2041,MADISO,36.2538,-86.744,POINT (-86.744 36.2538)
20190627244,08/22/2019 11:45:00 AM,2,0,0,,Y,676834,5,SIDESWIPE - SAME DIRECTION,21,CLEAR,1,DAYLIGHT,12,MOTOR VEHICLE IN TRANSPORT,CHARLOTTE AV & GEORGE L DAVIS BLVD,NASHVILLE,TN,37203,4205,CENTRA,36.1612,-86.7927,POINT (-86.7927 36.1612)
20190681896,09/13/2019 03:55:00 PM,2,0,0,,N,256448,11,Front to Rear,21,CLEAR,1,DAYLIGHT,12,MOTOR VEHICLE IN TRANSPORT,LEBANON PKE & WELLINGTON SQ,NASHVILLE,TN,37214,9403,HERMIT,36.1766,-86.6455,POINT (-86.6455 36.1766)
20190801570,11/04/2019 03:13:00 AM,1,0,0,Y,N,384434,9,UNKNOWN,21,CLEAR,9,UNKNOWN,99,UNKNOWN MOST HARMFUL EVENT,BRITISH WOODS DR & MURFREESBORO PKE,NASHVILLE,TN,37217,8853,SOUTH,36.0912,-86.6515,POINT (-86.6515 36.0912)
20190796843,11/01/2019 06:25:00 PM,2,0,0,,N,807326,11,Front to Rear,21,CLEAR,3,DARK - LIGHTED,12,MOTOR VEHICLE IN TRANSPORT,MM 210 7 I 40,NASHVILLE,TN,37210,8202,HERMIT,36.1532,-86.7644,POINT (-86.7644 36.1532)
20190803230,11/04/2019 05:35:00 PM,2,0,0,,Y,330445,11,Front to Rear,21,CLEAR,1,DAYLIGHT,12,MOTOR VEHICLE IN TRANSPORT,MM 2 0 I 440,NASHVILLE,TN,37212,5906,MIDTOW,36.1302,-86.8169,POINT (-86.8169 36.1302)
20190845344,11/22/2019 06:30:00 AM,1,0,0,,N,834798,0,NOT COLLISION W/MOTOR VEHICLE-TRANSPORT,2,RAIN,1,DAYLIGHT,39,WALL,MM 208 9 I 40,NASHVILLE,TN,37203,4102,CENTRA,36.1587,-86.7915,POINT (-86.7915 36.1587)
20190754704,10/14/2019 09:43:00 PM,1,1,0,Y,Y,405424,0,NOT COLLISION W/MOTOR VEHICLE-TRANSPORT,21,CLEAR,3,DARK - LIGHTED,32,CULVERT,1150 VULTEE BLVD,NASHVILLE,TN,37217,8821,HERMIT,36.124,-86.706,POINT (-86.706 36.124)
20190830311,11/15/2019 12:00:00 AM,2,0,0,,Y,256495,9,UNKNOWN,21,CLEAR,3,DARK - LIGHTED,14,PARKED MOTOR VEHICLE,17TH AVN & UNDERWOOD ST,NASHVILLE,TN,37208,4475,NORTH,36.1741,-86.8062,POINT (-86.8062 36.1741)
20190750005,10/12/2019 06:47:00 PM,3,0,0,,N,579971,11,Front to Rear,21,CLEAR,3,DARK - LIGHTED,12,MOTOR VEHICLE IN TRANSPORT,EZELL PKE & ANTIOCH PKE,NASHVILLE,TN,37211,8847,SOUTH,36.0711,-86.6843,POINT (-86.6843 36.0711)
20190738080,10/07/2019 07:25:00 PM,1,0,0,Y,Y,330443,0,NOT COLLISION W/MOTOR VEHICLE-TRANSPORT,21,CLEAR,2,DARK - NOT LIGHTED,34,DITCH,LICKTON PKE & LICKTON PKE PVTDR,WHITES CREEK,TN,37189,3301,NORTH,36.2923,-86.811,POINT (-86.811 36.2923)
20190731855,10/04/2019 04:20:00 PM,2,2,0,,N,311344,4,ANGLE,21,CLEAR,1,DAYLIGHT,12,MOTOR VEHICLE IN TRANSPORT,GALLATIN PKES & MADISON BLVD,MADISON,TN,37115,1623,MADISO,36.2547,-86.7155,POINT (-86.7155 36.2547)
20190840266,11/20/2019 07:25:00 AM,2,0,0,,N,676834,11,Front to Rear,21,CLEAR,1,DAYLIGHT,12,MOTOR VEHICLE IN TRANSPORT,MM 85 8 I 65,NASHVILLE,TN,37208,4304,CENTRA,36.191,-86.7885,POINT (-86.7885 36.191)
20190695379,09/19/2019 08:19:00 AM,1,0,0,,N,226622,0,NOT COLLISION W/MOTOR VEHICLE-TRANSPORT,21,CLEAR,1,DAYLIGHT,50,DEER (ANIMAL),CHICKERING MEADOW PVTDR & CHICKERING MEA,NASHVILLE,TN,37221,6215,WEST,36.0492,-86.8698,POINT (-86.8698 36.0492)
20190587149,08/07/2019 12:31:00 PM,2,0,0,,N,493304,4,ANGLE,21,CLEAR,1,DAYLIGHT,12,MOTOR VEHICLE IN TRANSPORT,MADISON BLVD & DENSON AV,MADISON,TN,37115,1601,MADISO,36.2528,-86.7078,POINT (-86.7078 36.2528)
20190810949,11/07/2019 03:49:00 PM,2,1,0,,N,807326,4,ANGLE,2,RAIN,1,DAYLIGHT,12,MOTOR VEHICLE IN TRANSPORT,8TH AVS & LAFAYETTE ST,NASHVILLE,TN,37203,4043,CENTRA,36.1546,-86.7792,POINT (-86.7792 36.1546)
20190794507,10/31/2019 06:02:00 PM,2,0,0,,Y,384403,4,ANGLE,21,CLEAR,3,DARK - LIGHTED,12,MOTOR VEHICLE IN TRANSPORT,CHARLOTTE PKE & LELLYETT ST,NASHVILLE,TN,37209,5031,WEST,36.149,-86.8639,POINT (-86.8639 36.149)
20190800401,11/03/2019 11:44:00 AM,2,0,0,,N,311325,11,Front to Rear,21,CLEAR,1,DAYLIGHT,12,MOTOR VEHICLE IN TRANSPORT,US HWY 70 & RAMP,NASHVILLE,TN,37214,9403,HERMIT,36.1853,-86.6361,POINT (-86.6361 36.1853)
20190712500,09/26/2019 12:33:00 PM,2,0,0,,N,226134,4,ANGLE,22,CLOUDY,1,DAYLIGHT,12,MOTOR VEHICLE IN TRANSPORT,HARDING PL & JONQUIL DR,NASHVILLE,TN,37211,8705,SOUTH,36.0804,-86.7179,POINT (-86.7179 36.0804)
20190592819,08/09/2019 10:28:00 AM,2,0,0,,N,226622,4,ANGLE,22,CLOUDY,1,DAYLIGHT,12,MOTOR VEHICLE IN TRANSPORT,OLD HICKORY BLVD & BELLEVUE VALLEY PLAZA,NASHVILLE,TN,37221,4901,WEST,36.0734,-86.9207,POINT (-86.9207 36.0734)
20190932357,12/31/2019 05:40:00 PM,2,0,0,,Y,384420,5,SIDESWIPE - SAME DIRECTION,21,CLEAR,3,DARK - LIGHTED,12,MOTOR VEHICLE IN TRANSPORT,MM 211 2 I 40,NASHVILLE,TN,37210,8008,HERMIT,36.1535,-86.7564,POINT (-86.7564 36.1535)
20190619956,08/19/2019 09:45:00 PM,2,0,0,,N,332298,4,ANGLE,21,CLEAR,3,DARK - LIGHTED,12,MOTOR VEHICLE IN TRANSPORT,FRANKLIN PKE & OLD HICKORY BLVD,NASHVILLE,TN,37220,7111,MIDTOW,36.0377,-86.7865,POINT (-86.7865 36.0377)
20190783611,10/27/2019 09:50:00 AM,2,0,0,,N,279227,6,SIDESWIPE - OPPOSITE DIRECTION,2,RAIN,1,DAYLIGHT,12,MOTOR VEHICLE IN TRANSPORT,BELL RD & RICE RD,ANTIOCH,TN,37013,8865,SOUTH,36.0731,-86.6358,POINT (-86.6358 36.0731)
20190655210,09/02/2019 05:36:00 PM,3,1,0,,N,580819,11,Front to Rear,21,CLEAR,1,DAYLIGHT,12,MOTOR VEHICLE IN TRANSPORT,8TH AVS & DIVISION ST,NASHVILLE,TN,37203,4009,CENTRA,36.1497,-86.7792,POINT (-86.7792 36.1497)
20190696756,09/19/2019 08:03:00 PM,2,0,0,,Y,256426,5,SIDESWIPE - SAME DIRECTION,21,CLEAR,2,DARK - NOT LIGHTED,12,MOTOR VEHICLE IN TRANSPORT,MCGAVOCK PKE & WOODBERRY DR,NASHVILLE,TN,37214,9119,HERMIT,36.1568,-86.6809,POINT (-86.6809 36.1568)
20190583782,08/06/2019 08:07:00 AM,2,0,0,,N,716886,11,Front to Rear,21,CLEAR,1,DAYLIGHT,12,MOTOR VEHICLE IN TRANSPORT,MURFREESBORO PKE & EZELL PKE,NASHVILLE,TN,37217,8849,SOUTH,36.1047,-86.6695,POINT (-86.6695 36.1047)