Accident Number,Date and Time,Number of Motor Vehicles,Number of Injuries,Number of Fatalities,Property Damage,Hit and Run,Reporting Officer,Collision Type Code,Collision Type Description,Weather Code,Weather Description,Illumination Code,Illumination Description,Harmful Code,Harmful Code Description,Street Address,City,State,ZIP,RPA,Precinct,Latitude,Longitude,Mapped Location
20190791568,10/30/2019 02:27:00 PM,2,0,0,,N,137872,4,ANGLE,2,RAIN,98,OTHER,12,MOTOR VEHICLE IN TRANSPORT,OLD HICKORY BLVD & I40 E ENT RAMP,HERMITAGE,TN,37076,9543,HERMIT,36.1696,-86.601,POINT (-86.601 36.1696)
20190656727,09/03/2019 09:33:00 AM,2,0,0,,N,109534,5,SIDESWIPE - SAME DIRECTION,21,CLEAR,1,DAYLIGHT,12,MOTOR VEHICLE IN TRANSPORT,MM 53 0 I 24,NASHVILLE,TN,37210,8302,SOUTH,36.1189,-86.7264,POINT (-86.7264 36.1189)
20190688334,09/16/2019 12:00:00 AM,2,0,0,,N,279200,4,ANGLE,21,CLEAR,1,DAYLIGHT,12,MOTOR VEHICLE IN TRANSPORT,MM 48 8 I 24,NASHVILLE,TN,37213,1104,CENTRA,36.1682,-86.7659,POINT (-86.7659 36.1682)
20190780692,10/25/2019 06:00:00 PM,2,0,0,,N,256384,5,SIDESWIPE - SAME DIRECTION,2,RAIN,3,DARK - LIGHTED,12,MOTOR VEHICLE IN TRANSPORT,2ND AVS & CAMERON ST,NASHVILLE,TN,37210,8153,SOUTH,36.1485,-86.7665,POINT (-86.7665 36.1485)
20190775016,10/23/2019 11:53:00 AM,2,0,0,,N,134899,11,Front to Rear,21,CLEAR,1,DAYLIGHT,12,MOTOR VEHICLE IN TRANSPORT,STATE HWY 45 & 2ND ST,OLD HICKORY,TN,37138,9717,HERMIT,36.2176,-86.6238,POINT (-86.6238 36.2176)
20190906460,12/18/2019 11:30:00 PM,1,0,0,,N,299274,0,NOT COLLISION W/MOTOR VEHICLE-TRANSPORT,21,CLEAR,3,DARK - LIGHTED,24;63,GUARDRAIL FACE;Ran Off Road-Right,LEBANON PKE & OLD LEBANON PKE,NASHVILLE,TN,37214,9125,HERMIT,36.1678,-86.6637,POINT (-86.6637 36.1678)
20190727096,10/02/2019 06:56:00 PM,1,0,0,Y,N,299267,0,NOT COLLISION W/MOTOR VEHICLE-TRANSPORT,21,CLEAR,3,DARK - LIGHTED,7,,ORLEANS DR & WEST END AV,NASHVILLE,TN,37212,5819,MIDTOW,36.1393,-86.8189,POINT (-86.8189 36.1393)
20190912702,12/21/2019 05:18:00 PM,2,1,0,,N,725774,5,SIDESWIPE - SAME DIRECTION,21,CLEAR,3,DARK - LIGHTED,12,MOTOR VEHICLE IN TRANSPORT,ALLEN RD & DONELSON PKE,NASHVILLE,TN,37214,9423,HERMIT,36.1507,-86.6666,POINT (-86.6666 36.1507)
20190706658,09/24/2019 07:20:00 AM,2,0,0,,N,109495,4,ANGLE,21,CLEAR,1,DAYLIGHT,12,MOTOR VEHICLE IN TRANSPORT,14TH AVS & BROADWAY,NASHVILLE,TN,37203,5701,MIDTOW,36.1557,-86.7897,POINT (-86.7897 36.1557)
20190817224,11/10/2019 03:10:00 PM,2,0,0,,Y,330413,11,Front to Rear,21,CLEAR,1,DAYLIGHT,12,MOTOR VEHICLE IN TRANSPORT,WEDGEWOOD AVE & US HWY 31,NASHVILLE,TN,37204,6945,MIDTOW,36.1342,-86.779,POINT (-86.779 36.1342)
20190775486,10/23/2019 03:40:00 PM,1,0,0,Y,N,151132,0,NOT COLLISION W/MOTOR VEHICLE-TRANSPORT,21,CLEAR,1,DAYLIGHT,16,THROWN OR FALLING OBJECT,MM 89 8 I 65,NASHVILLE,TN,37207,2002,MADISO,36.237,-86.7602,POINT (-86.7602 36.237)
20190841370,11/20/2019 12:00:00 AM,2,0,0,,N,352196,11,Front to Rear,21,CLEAR,1,DAYLIGHT,12,MOTOR VEHICLE IN TRANSPORT,BELL RD & BLUE HOLE RD,ANTIOCH,TN,37013,8719,SOUTH,36.0458,-86.6744,POINT (-86.6744 36.0458)
20190636579,08/26/2019 06:20:00 AM,1,0,0,,N,320588,0,NOT COLLISION W/MOTOR VEHICLE-TRANSPORT,2,RAIN,3,DARK - LIGHTED,24,GUARDRAIL FACE,MM 206 0 I 40,NASHVILLE,TN,37209,45042,NORTH,36.1586,-86.8226,POINT (-86.8226 36.1586)
20190897560,12/15/2019 03:15:00 AM,1,0,0,Y,N,279195,0,NOT COLLISION W/MOTOR VEHICLE-TRANSPORT,21,CLEAR,3,DARK - LIGHTED,30;40;63,UTILITY POLE;MAIL BOX;Ran Off Road-Right,DONELSON PKE & COLONIAL CIR,NASHVILLE,TN,37214,9113,HERMIT,36.1634,-86.664,POINT (-86.664 36.1634)
20190810445,11/07/2019 12:59:00 PM,2,0,0,,N,665896,11,Front to Rear,2,RAIN,1,DAYLIGHT,12,MOTOR VEHICLE IN TRANSPORT,N 1ST ST & I24 E EXT RAMP,NASHVILLE,TN,37207,1955,CENTRA,36.1784,-86.7744,POINT (-86.7744 36.1784)
20190743409,10/09/2019 10:20:00 PM,2,1,0,,N,179603,11,Front to Rear,21,CLEAR,3,DARK - LIGHTED,12,MOTOR VEHICLE IN TRANSPORT,DICKERSON PKE & DICKERSON PKE ENT RAMP,MADISON,TN,37115,2009,MADISO,36.242,-86.7571,POINT (-86.7571 36.242)
20190782931,10/27/2019 12:09:00 AM,2,1,0,,Y,320600,4,ANGLE,21,CLEAR,3,DARK - LIGHTED,12,MOTOR VEHICLE IN TRANSPORT,ROSA L PARKS BLVD & I65 N EXT RAMP,NASHVILLE,TN,37208,4353,NORTH,36.1825,-86.7977,POINT (-86.7977 36.1825)
20190797837,11/02/2019 03:13:00 AM,1,0,0,Y,Y,110062,0,NOT COLLISION W/MOTOR VEHICLE-TRANSPORT,21,CLEAR,3,DARK - LIGHTED,29,LUMINAIRE/LIGHT SUPPORT,SHELBY ST PEDESTRIAN BRIDGE GR & EAST BA,NASHVILLE,TN,37213,1001,CENTRA,36.1634,-86.7705,POINT (-86.7705 36.1634)
20190693044,09/18/2019 11:29:00 AM,2,0,0,,N,716886,11,Front to Rear,21,CLEAR,1,DAYLIGHT,12,MOTOR VEHICLE IN TRANSPORT,MURFREESBORO PKE & BELL RD,ANTIOCH,TN,37013,8861,SOUTH,36.072,-86.636,POINT (-86.636 36.072)
20190600848,08/12/2019 02:41:00 PM,2,0,0,,N,161946,0,NOT COLLISION W/MOTOR VEHICLE-TRANSPORT,21,CLEAR,1,DAYLIGHT,18,OTHER OBJECT (NOT FIXED),MM 88 3 I 65,NASHVILLE,TN,37207,18041,EAST,36.2201,-86.7743,POINT (-86.7743 36.2201)
20190705544,09/23/2019 07:57:00 PM,1,1,0,Y,N,299264,0,NOT COLLISION W/MOTOR VEHICLE-TRANSPORT,21,CLEAR,1,DAYLIGHT,24;50,GUARDRAIL FACE;DEER (ANIMAL),I65 N EXT RAMP & I 65,NASHVILLE,TN,37207,1863,EAST,36.2057,-86.7747,POINT (-86.7747 36.2057)
20190879229,12/07/2019 04:19:00 AM,2,0,0,,N,352188,11,Front to Rear,21,CLEAR,2,DARK - NOT LIGHTED,12,MOTOR VEHICLE IN TRANSPORT,MM 59 9 I 24,ANTIOCH,TN,37013,8704,SOUTH,36.041,-86.6518,POINT (-86.6518 36.041)
20190789591,10/29/2019 07:35:00 PM,1,0,0,,N,352161,0,NOT COLLISION W/MOTOR VEHICLE-TRANSPORT,21,CLEAR,3,DARK - LIGHTED,18,OTHER OBJECT (NOT FIXED),MM 85 4 I 65,NASHVILLE,TN,37208,43042,NORTH,36.1875,-86.7947,POINT (-86.7947 36.1875)
20190784235,10/27/2019 06:27:00 PM,2,0,0,,N,384423,11,Front to Rear,21,CLEAR,3,DARK - LIGHTED,12,MOTOR VEHICLE IN TRANSPORT,MM 200 8 I 40,NASHVILLE,TN,37209,4708,WEST,36.1281,-86.9012,POINT (-86.9012 36.1281)
20190648739,08/30/2019 08:11:00 PM,2,0,0,,N,299257,4,ANGLE,21,CLEAR,3,DARK - LIGHTED,12,MOTOR VEHICLE IN TRANSPORT,GRAYBAR LN & BELMONT BLVD,NASHVILLE,TN,37215,6415,MIDTOW,36.1103,-86.8004,POINT (-86.8004 36.1103)
20190884590,12/09/2019 07:49:00 PM,3,0,0,,N,330428,11,Front to Rear,2,RAIN,3,DARK - LIGHTED,12,MOTOR VEHICLE IN TRANSPORT,US HWY 70 & MARCIA AVE,NASHVILLE,TN,37209,5027,WEST,36.1467,-86.87,POINT (-86.87 36.1467)
20190914592,12/22/2019 06:20:00 PM,3,0,0,,N,433550,6,SIDESWIPE - OPPOSITE DIRECTION,2,RAIN,2,DARK - NOT LIGHTED,13,MOTOR VEHICLE IN TRANSPORT-OTHER ROADWAY,OLD HICKORY BLVD & OLD LEBANON DIRT RD,HERMITAGE,TN,37076,9531,HERMIT,36.1911,-86.6155,POINT (-86.6155 36.1911)
20190767098,10/19/2019 11:09:00 PM,2,0,0,,Y,311336,4,ANGLE,21,CLEAR,3,DARK - LIGHTED,12,MOTOR VEHICLE IN TRANSPORT,GALLATIN PKE & E TRINITY LN,NASHVILLE,TN,37216,1837,EAST,36.205,-86.7376,POINT (-86.7376 36.205)
20190807963,11/06/2019 11:00:00 AM,1,0,0,Y,N,226600,0,NOT COLLISION W/MOTOR VEHICLE-TRANSPORT,21,CLEAR,1,DAYLIGHT,30,UTILITY POLE,HARDING PKE & WOODLAWN DR,NASHVILLE,TN,37205,6021,WEST,36.1274,-86.8442,POINT (-86.8442 36.1274)
20190650261,08/31/2019 12:20:00 PM,2,0,0,,Y,320601,5,SIDESWIPE - SAME DIRECTION,21,CLEAR,1,DAYLIGHT,12,MOTOR VEHICLE IN TRANSPORT,MURFREESBORO PKE & PARRIS AV,NASHVILLE,TN,37210,8117,SOUTH,36.1438,-86.7473,POINT (-86.7473 36.1438)
20190846326,11/22/2019 02:39:00 PM,2,0,0,,N,240955,4,ANGLE,22,CLOUDY,1,DAYLIGHT,12,MOTOR VEHICLE IN TRANSPORT,I24 W ENT RAMP & I 24,NASHVILLE,TN,37206,1009,EAST,36.1666,-86.7638,POINT (-86.7638 36.1666)
20190675821,09/11/2019 10:20:00 AM,2,2,0,,N,109495,4,ANGLE,21,CLEAR,1,DAYLIGHT,12,MOTOR VEHICLE IN TRANSPORT,FORT NEGLEY BLVD & I40 W ENT RAMP,NASHVILLE,TN,37203,8007,MIDTOW,36.1463,-86.7764,POINT (-86.7764 36.1463)
20190846054,11/22/2019 12:19:00 PM,1,0,0,,N,226622,0,NOT COLLISION W/MOTOR VEHICLE-TRANSPORT,2,RAIN,1,DAYLIGHT,50,DEER (ANIMAL),HIGHWAY 70S & ASLAN CT,NASHVILLE,TN,37221,4713,WEST,36.0808,-86.9624,POINT (-86.9624 36.0808)
20190820427,11/12/2019 12:00:00 AM,1,0,0,Y,Y,352199,0,NOT COLLISION W/MOTOR VEHICLE-TRANSPORT,21,CLEAR,3,DARK - LIGHTED,19,BUILDING,1023 GALLATIN PKES,MADISON,TN,37115,1507,MADISO,36.2496,-86.719,POINT (-86.719 36.2496)
20190709560,09/25/2019 09:45:00 AM,2,0,0,,Y,384439,5,SIDESWIPE - SAME DIRECTION,21,CLEAR,1,DAYLIGHT,12;39,MOTOR VEHICLE IN TRANSPORT;WALL,MM 2 5 I 440,NASHVILLE,TN,37215,6008,WEST,36.124,-86.8116,POINT (-86.8116 36.124)
20190637065,08/26/2019 10:30:00 AM,2,2,0,,N,225773,4,ANGLE,2,RAIN,1,DAYLIGHT,12,MOTOR VEHICLE IN TRANSPORT,KIRKWOOD AV & FRANKLIN PKE,NASHVILLE,TN,37204,6957,MIDTOW,36.1211,-86.7772,POINT (-86.7772 36.1211)
20190838864,11/19/2019 05:35:00 PM,2,0,0,,N,384402,5,SIDESWIPE - SAME DIRECTION,21,CLEAR,2,DARK - NOT LIGHTED,12,MOTOR VEHICLE IN TRANSPORT,BELL RD & LINCOYA BAY DR,NASHVILLE,TN,37214,8957,HERMIT,36.1455,-86.6262,POINT (-86.6262 36.1455)
20190666927,09/07/2019 03:10:00 PM,1,0,0,Y,N,887598,0,NOT COLLISION W/MOTOR VEHICLE-TRANSPORT,21,CLEAR,1,DAYLIGHT,24;34,GUARDRAIL FACE;DITCH,OLD HICKORY BLVD & SIMPKINS RD,WHITES CREEK,TN,37189,3305,NORTH,36.2844,-86.862,POINT (-86.862 36.2844)
20190764852,10/18/2019 07:49:00 PM,2,0,0,,N,256386,11,Front to Rear,21,CLEAR,3,DARK - LIGHTED,12,MOTOR VEHICLE IN TRANSPORT,MM 212 3 I 40,NASHVILLE,TN,37210,8206,HERMIT,36.1447,-86.7399,POINT (-86.7399 36.1447)
20190796675,11/01/2019 04:37:00 PM,2,0,0,,Y,420040,5,SIDESWIPE - SAME DIRECTION,21,CLEAR,1,DAYLIGHT,12,MOTOR VEHICLE IN TRANSPORT,WEDGEWOOD AV & 21ST AVS,NASHVILLE,TN,37212,5825,MIDTOW,36.1376,-86.8008,POINT (-86.8008 36.1376)
20190759647,10/16/2019 07:25:00 PM,2,1,0,,N,717341,11,Front to Rear,21,CLEAR,3,DARK - LIGHTED,12,MOTOR VEHICLE IN TRANSPORT,MURFREESBORO PKE & HAMILTON CHURCH RD,ANTIOCH,TN,37013,8865,SOUTH,36.0649,-86.6286,POINT (-86.6286 36.0649)
20190652964,09/01/2019 05:50:00 PM,2,0,0,,N,337276,5,SIDESWIPE - SAME DIRECTION,21,CLEAR,1,DAYLIGHT,12,MOTOR VEHICLE IN TRANSPORT,DICKERSON PKE & DELLWAY VILLA RD,NASHVILLE,TN,37207,1831,EAST,36.2136,-86.7645,POINT (-86.7645 36.2136)
20190883263,12/09/2019 09:33:00 AM,2,0,0,,N,109534,11,Front to Rear,22,CLOUDY,1,DAYLIGHT,12,MOTOR VEHICLE IN TRANSPORT,MM 214 9 I 40,NASHVILLE,TN,37217,8902,HERMIT,36.1442,-86.6969,POINT (-86.6969 36.1442)
20190884309,12/09/2019 05:27:00 PM,2,0,0,,N,240983,11,Front to Rear,22,CLOUDY,2,DARK - NOT LIGHTED,12,MOTOR VEHICLE IN TRANSPORT,MM 6 7 I 440,NASHVILLE,TN,37210,81040,SOUTH,36.1244,-86.7414,POINT (-86.7414 36.1244)
20190793674,10/31/2019 11:56:00 AM,2,0,0,,N,134899,11,Front to Rear,2,RAIN,1,DAYLIGHT,12,MOTOR VEHICLE IN TRANSPORT,BELL RD & NED SHELTON RD,NASHVILLE,TN,37217,8987,HERMIT,36.1048,-86.6285,POINT (-86.6285 36.1048)
20190786287,10/28/2019 03:02:00 PM,1,0,0,,N,134899,0,NOT COLLISION W/MOTOR VEHICLE-TRANSPORT,22,CLOUDY,1,DAYLIGHT,42;64;68;7,TREE;Ran Off Road-Left;Cross Center Line,CINDER RD & SWINGING BRIDGE RD,OLD HICKORY,TN,37138,9705,HERMIT,36.283,-86.6752,POINT (-86.6752 36.283)
20190670170,09/09/2019 07:28:00 AM,2,1,0,,N,109495,11,Front to Rear,21,CLEAR,1,DAYLIGHT,12,MOTOR VEHICLE IN TRANSPORT,OLD HICKORY BLVD & FRANKLIN PKE,NASHVILLE,TN,37220,7111,MIDTOW,36.0374,-86.7864,POINT (-86.7864 36.0374)
20190791730,10/30/2019 03:25:00 PM,4,0,0,,N,384403,11,Front to Rear,2,RAIN,5,DUSK,12,MOTOR VEHICLE IN TRANSPORT,CHARLOTTE AV & 43RD AVN,NASHVILLE,TN,37209,5219,WEST,36.1523,-86.8389,POINT (-86.8389 36.1523)
20190606833,08/14/2019 07:08:00 PM,2,1,0,,N,256380,4,ANGLE,21,CLEAR,1,DAYLIGHT,12,MOTOR VEHICLE IN TRANSPORT,NORTHSIDE STATION PVTDR & CLARKSVILLE PK,NASHVILLE,TN,37218,3141,NORTH,36.211,-86.8389,POINT (-86.8389 36.211)
20190804282,11/05/2019 04:25:00 AM,2,0,0,,Y,279201,6,SIDESWIPE - OPPOSITE DIRECTION,21,CLEAR,3,DARK - LIGHTED,12,MOTOR VEHICLE IN TRANSPORT,LEBANON PKE & THE CROSSINGS PVTDR,NASHVILLE,TN,37214,9121,HERMIT,36.169,-86.6833,POINT (-86.6833 36.169)
20190920147,12/25/2019 05:15:00 PM,2,0,0,,N,330440,4,ANGLE,21,CLEAR,3,DARK - LIGHTED,12,MOTOR VEHICLE IN TRANSPORT,21ST AVN & JEFFERSON ST,NASHVILLE,TN,37208,5325,NORTH,36.1691,-86.8096,POINT (-86.8096 36.1691)
20190749862,10/12/2019 05:14:00 PM,2,1,0,,N,206964,4,ANGLE,21,CLEAR,1,DAYLIGHT,12,MOTOR VEHICLE IN TRANSPORT,HARDING PL & MURFREESBORO PKE,NASHVILLE,TN,37217,8849,SOUTH,36.0986,-86.6594,POINT (-86.6594 36.0986)
20190606303,08/14/2019 02:36:00 PM,4,0,0,,Y,256380,11,Front to Rear,21,CLEAR,1,DAYLIGHT,12,MOTOR VEHICLE IN TRANSPORT,3RD AVN & DOMINICAN DR,NASHVILLE,TN,37208,4403,NORTH,36.1878,-86.7945,POINT (-86.7945 36.1878)
20190656575,09/03/2019 08:21:00 AM,2,0,0,,N,462474,11,Front to Rear,21,CLEAR,1,DAYLIGHT,12,MOTOR VEHICLE IN TRANSPORT,HARDING PL & SIDCO DR,NASHVILLE,TN,37220,8601,MIDTOW,36.0819,-86.7612,POINT (-86.7612 36.0819)
20190625904,08/21/2019 11:45:00 PM,2,0,0,,N,352183,6,SIDESWIPE - OPPOSITE DIRECTION,21,CLEAR,2,DARK - NOT LIGHTED,12,MOTOR VEHICLE IN TRANSPORT,MM 53 6 I 24,NASHVILLE,TN,37211,83021,SOUTH,36.1114,-86.7229,POINT (-86.7229 36.1114)
20190779604,10/25/2019 08:59:00 AM,2,0,0,,N,571313,4,ANGLE,22,CLOUDY,1,DAYLIGHT,12,MOTOR VEHICLE IN TRANSPORT,WEDGEWOOD AV & NEAL TER,NASHVILLE,TN,37204,8025,MIDTOW,36.1332,-86.7678,POINT (-86.7678 36.1332)
20190646374,08/30/2019 01:10:00 AM,3,1,0,,N,298859,11,Front to Rear,21,CLEAR,3,DARK - LIGHTED,12,MOTOR VEHICLE IN TRANSPORT,I40 E EXT RAMP & I 40,NASHVILLE,TN,37214,8955,HERMIT,36.155,-86.6271,POINT (-86.6271 36.155)
20190870725,12/03/2019 09:36:00 PM,1,0,0,,N,834813,0,NOT COLLISION W/MOTOR VEHICLE-TRANSPORT,21,CLEAR,2,DARK - NOT LIGHTED,18,OTHER OBJECT (NOT FIXED),MM 34 8 I 24,JOELTON,TN,37080,33160,NORTH,36.3243,-86.8707,POINT (-86.8707 36.3243)
20190820647,11/12/2019 04:14:00 AM,1,0,0,,N,279201,0,NOT COLLISION W/MOTOR VEHICLE-TRANSPORT,3,"SLEET, HAIL",2,DARK - NOT LIGHTED,39,WALL,I40 W EXT RAMP & I 40,NASHVILLE,TN,37203,4119,CENTRA,36.1574,-86.79,POINT (-86.79 36.1574)
20190660309,09/04/2019 05:20:00 PM,2,1,0,,N,179591,4,ANGLE,21,CLEAR,1,DAYLIGHT,12,MOTOR VEHICLE IN TRANSPORT,HERMOSA ST & 21ST AVN,NASHVILLE,TN,37208,5331,NORTH,36.1639,-86.8069,POINT (-86.8069 36.1639)
20190740107,10/08/2019 03:45:00 PM,2,0,0,,Y,420040,11,Front to Rear,21,CLEAR,1,DAYLIGHT,12,MOTOR VEHICLE IN TRANSPORT,MM 208 8 I 40,NASHVILLE,TN,37203,4102,CENTRA,36.1597,-86.7923,POINT (-86.7923 36.1597)
20190695607,09/19/2019 11:05:00 AM,2,1,0,,N,693093,4,ANGLE,21,CLEAR,1,DAYLIGHT,1;12,MOTOR VEHICLE IN TRANSPORT,NORTHSIDE DR & GALLATIN PKEN,MADISON,TN,37115,1731,MADISO,36.3057,-86.6875,POINT (-86.6875 36.3057)
20190594367,08/09/2019 09:36:00 PM,2,2,0,,Y,256391,4,ANGLE,21,CLEAR,3,DARK - LIGHTED,1;12,MOTOR VEHICLE IN TRANSPORT,W TRINITY LN & SCRUGGS LN,NASHVILLE,TN,37207,3009,NORTH,36.207,-86.7825,POINT (-86.7825 36.207)
20190772320,10/22/2019 10:17:00 AM,2,0,0,,N,134899,5,SIDESWIPE - SAME DIRECTION,21,CLEAR,1,DAYLIGHT,12,MOTOR VEHICLE IN TRANSPORT,MM 212 8 I 40,NASHVILLE,TN,37210,90040,HERMIT,36.1425,-86.7353,POINT (-86.7353 36.1425)
20190673249,09/10/2019 11:57:00 AM,1,0,0,Y,Y,352159,0,NOT COLLISION W/MOTOR VEHICLE-TRANSPORT,21,CLEAR,1,DAYLIGHT,27,H-WAY TRAFFIC SIGNAL POST,ORDWAY PL & N 15TH ST,NASHVILLE,TN,37206,1217,EAST,36.1799,-86.7425,POINT (-86.7425 36.1799)
20190660412,09/04/2019 05:07:00 PM,2,0,0,,N,256379,4,ANGLE,21,CLEAR,1,DAYLIGHT,12,MOTOR VEHICLE IN TRANSPORT,NOLENSVILLE PKE & CENTRAL AV,NASHVILLE,TN,37210,8315,SOUTH,36.114,-86.7468,POINT (-86.7468 36.114)
20190750391,10/12/2019 10:17:00 PM,2,0,0,,N,352183,11,Front to Rear,21,CLEAR,9,UNKNOWN,12,MOTOR VEHICLE IN TRANSPORT,WESTCHESTER DR & MEADOW CT,NASHVILLE,TN,37207,2045,MADISO,36.2536,-86.773,POINT (-86.773 36.2536)
20190769973,10/21/2019 11:00:00 AM,2,0,0,,Y,226622,4,ANGLE,2,RAIN,1,DAYLIGHT,12,MOTOR VEHICLE IN TRANSPORT,CHARLOTTE AV & 54TH AVN,NASHVILLE,TN,37209,5119,WEST,36.1512,-86.8534,POINT (-86.8534 36.1512)
20190823219,11/13/2019 12:00:00 AM,1,0,0,,N,240944,0,NOT COLLISION W/MOTOR VEHICLE-TRANSPORT,21,CLEAR,3,DARK - LIGHTED,33,CURB,LINBAR DR & MELMACK DR,NASHVILLE,TN,37211,8707,SOUTH,36.0732,-86.6931,POINT (-86.6931 36.0732)
20190715703,09/27/2019 06:23:00 PM,3,1,0,,N,240983,11,Front to Rear,21,CLEAR,2,DARK - NOT LIGHTED,12,MOTOR VEHICLE IN TRANSPORT,MURFREESBORO PKE & LAVERGNE COUCHVILLE P,ANTIOCH,TN,37013,8869,SOUTH,36.0279,-86.5899,POINT (-86.5899 36.0279)
20190772119,10/22/2019 08:29:00 AM,2,0,0,,N,320601,4,ANGLE,21,CLEAR,1,DAYLIGHT,12,MOTOR VEHICLE IN TRANSPORT,PETTUS RD & BLUE HOLE RD,ANTIOCH,TN,37013,8755,SOUTH,36.0283,-86.6727,POINT (-86.6727 36.0283)
20190672815,09/10/2019 08:55:00 AM,2,2,0,,N,693093,4,ANGLE,21,CLEAR,1,DAYLIGHT,12,MOTOR VEHICLE IN TRANSPORT,STATE RT 45 & MCARTHUR DR,MADISON,TN,37115,1705,MADISO,36.2642,-86.6915,POINT (-86.6915 36.2642)
20190710189,09/25/2019 03:03:00 PM,2,2,0,,N,240983,4,ANGLE,22,CLOUDY,1,DAYLIGHT,12,MOTOR VEHICLE IN TRANSPORT,ZELIDA AV & BELL RD,ANTIOCH,TN,37013,8865,SOUTH,36.0549,-86.6425,POINT (-86.6425 36.0549)
20190853254,11/25/2019 07:37:00 PM,2,0,0,,N,256446,4,ANGLE,21,CLEAR,3,DARK - LIGHTED,12,MOTOR VEHICLE IN TRANSPORT,MM 61 2 I 24,ANTIOCH,TN,37013,87040,SOUTH,36.028,-86.6359,POINT (-86.6359 36.028)
20190714892,09/27/2019 11:46:00 AM,2,0,0,,N,110063,5,SIDESWIPE - SAME DIRECTION,21,CLEAR,1,DAYLIGHT,12,MOTOR VEHICLE IN TRANSPORT,BAPTIST WORLD CENTER DR & YOUNGS LN,NASHVILLE,TN,37207,3009,NORTH,36.2067,-86.7913,POINT (-86.7913 36.2067)
20190668215,09/08/2019 04:30:00 AM,1,0,0,Y,N,109531,0,NOT COLLISION W/MOTOR VEHICLE-TRANSPORT,21,CLEAR,2,DARK - NOT LIGHTED,34,DITCH,PORTER RD & DUGGER DR,NASHVILLE,TN,37206,1375,EAST,36.1956,-86.7118,POINT (-86.7118 36.1956)
20190678523,09/12/2019 10:38:00 AM,2,1,0,,N,179602,11,Front to Rear,21,CLEAR,1,DAYLIGHT,12,MOTOR VEHICLE IN TRANSPORT,MM 86 9 I 65,NASHVILLE,TN,37207,3002,NORTH,36.2009,-86.7768,POINT (-86.7768 36.2009)
20190666521,09/07/2019 07:50:00 AM,2,0,0,,N,402660,11,Front to Rear,21,CLEAR,1,DAYLIGHT,12,MOTOR VEHICLE IN TRANSPORT,HIGHWAY 100 & WARNER NATURE CTR PVTDR,NASHVILLE,TN,37221,6213,WEST,36.0611,-86.9131,POINT (-86.9131 36.0611)
20190685105,09/15/2019 01:16:00 AM,2,0,0,,Y,384402,11,Front to Rear,21,CLEAR,3,DARK - LIGHTED,12,MOTOR VEHICLE IN TRANSPORT,BRILEY PKWY S ENT RAMP & BRILEY PKWY S E,NASHVILLE,TN,37210,9039,HERMIT,36.1525,-86.6919,POINT (-86.6919 36.1525)
20190819272,11/11/2019 02:00:00 PM,2,0,0,,Y,226622,5,SIDESWIPE - SAME DIRECTION,2,RAIN,1,DAYLIGHT,12,MOTOR VEHICLE IN TRANSPORT,MM 1 5 I 440,NASHVILLE,TN,37209,5232,WEST,36.1508,-86.8228,POINT (-86.8228 36.1508)
20190721038,09/30/2019 06:30:00 AM,2,0,0,,Y,352207,4,ANGLE,21,CLEAR,1,DAYLIGHT,12,MOTOR VEHICLE IN TRANSPORT,ACKLEN PARK DR & WEST END CIR,NASHVILLE,TN,37203,5627,MIDTOW,36.1417,-86.8186,POINT (-86.8186 36.1417)
20190673879,09/10/2019 05:28:00 PM,2,0,0,,Y,240955,11,Front to Rear,22,CLOUDY,1,DAYLIGHT,12;14;40,MOTOR VEHICLE IN TRANSPORT;PARKED MOTOR VEHICLE;MAIL BOX,OWENDALE DR & ANDERSON RD,ANTIOCH,TN,37013,8979,SOUTH,36.0702,-86.6845,POINT (-86.6845 36.0702)
20190682861,09/13/2019 12:00:00 AM,1,0,0,Y,Y,279117,0,NOT COLLISION W/MOTOR VEHICLE-TRANSPORT,21,CLEAR,2,DARK - NOT LIGHTED,38,FENCE,SUNSET CIR & SUNSET DR,NASHVILLE,TN,37207,1827,EAST,36.2244,-86.7624,POINT (-86.7624 36.2244)
20190732639,10/04/2019 10:30:00 PM,2,2,0,,N,197067,4,ANGLE,21,CLEAR,3,DARK - LIGHTED,12,MOTOR VEHICLE IN TRANSPORT,2ND AVS & KOREAN VETERANS BLVD,NASHVILLE,TN,37201,4047,CENTRA,36.1576,-86.7724,POINT (-86.7724 36.1576)
20190912251,12/21/2019 11:30:00 AM,2,1,0,,N,311331,11,Front to Rear,22,CLOUDY,1,DAYLIGHT,12,MOTOR VEHICLE IN TRANSPORT,SPRING ST & MAIN ST ENT RAMP,NASHVILLE,TN,37206,1997,EAST,36.173,-86.7654,POINT (-86.7654 36.173)
20190895613,12/14/2019 02:00:00 AM,2,0,0,,N,481573,2,HEAD-ON,2,RAIN,3,DARK - LIGHTED,12,MOTOR VEHICLE IN TRANSPORT,HARDING PL & I65 S EXT RAMP,NASHVILLE,TN,37220,7101,MIDTOW,36.0826,-86.7642,POINT (-86.7642 36.0826)
20190812263,11/08/2019 07:05:00 AM,2,0,0,,Y,224437,98,OTHER,21,CLEAR,1,DAYLIGHT,12,MOTOR VEHICLE IN TRANSPORT,THOMPSON PL & MURFREESBORO PKE,NASHVILLE,TN,37217,8821,HERMIT,36.1267,-86.711,POINT (-86.711 36.1267)