Accident Number,Date and Time,Number of Motor Vehicles,Number of Injuries,Number of Fatalities,Property Damage,Hit and Run,Reporting Officer,Collision Type Code,Collision Type Description,Weather Code,Weather Description,Illumination Code,Illumination Description,Harmful Code,Harmful Code Description,Street Address,City,State,ZIP,RPA,Precinct,Latitude,Longitude,Mapped Location
20190584628,08/06/2019 02:50:00 PM,2,0,0,,Y,212338,5,SIDESWIPE - SAME DIRECTION,21,CLEAR,1,DAYLIGHT,12,MOTOR VEHICLE IN TRANSPORT,HARDING PL & NOLENSVILLE PKE,NASHVILLE,TN,37211,8501,MIDTOW,36.0795,-86.7268,POINT (-86.7268 36.0795)
20190924776,12/27/2019 05:00:00 PM,2,0,0,,Y,330411,16,Rear to Side,21,CLEAR,1,DAYLIGHT,14,PARKED MOTOR VEHICLE,CLIFF DR & GOODRICH AV,NASHVILLE,TN,37218,3155,NORTH,36.1973,-86.8286,POINT (-86.8286 36.1973)
20190753339,10/14/2019 10:00:00 AM,2,0,0,,N,716886,11,Front to Rear,21,CLEAR,1,DAYLIGHT,12,MOTOR VEHICLE IN TRANSPORT,MM 60 0 I 24,ANTIOCH,TN,37013,88060,SOUTH,36.0403,-86.6502,POINT (-86.6502 36.0403)
20190836337,11/18/2019 06:20:00 PM,2,0,0,,N,256374,11,Front to Rear,22,CLOUDY,3,DARK - LIGHTED,12,MOTOR VEHICLE IN TRANSPORT,MM 59 4 I 24,ANTIOCH,TN,37013,8808,SOUTH,36.0454,-86.659,POINT (-86.659 36.0454)
20190680983,09/13/2019 08:35:00 AM,2,1,0,,N,299243,11,Front to Rear,21,CLEAR,1,DAYLIGHT,12,MOTOR VEHICLE IN TRANSPORT,JAMES ROBERTSON PKWY & INTERSTATE DR,NASHVILLE,TN,37213,1105,CENTRA,36.1714,-86.769,POINT (-86.769 36.1714)
20190593765,08/09/2019 12:00:00 AM,1,1,0,,Y,256427,0,NOT COLLISION W/MOTOR VEHICLE-TRANSPORT,21,CLEAR,1,DAYLIGHT,9,,HERMITAGE AV & DECATUR AV,NASHVILLE,TN,37210,9005,HERMIT,36.1536,-86.7536,POINT (-86.7536 36.1536)
20190614236,08/17/2019 05:20:00 PM,1,1,0,Y,N,330431,0,NOT COLLISION W/MOTOR VEHICLE-TRANSPORT,21,CLEAR,1,DAYLIGHT,41;63,SHRUBBERY;Ran Off Road-Right,WHITES CREEK PKE & E NOCTURNE DR,NASHVILLE,TN,37207,3033,NORTH,36.2117,-86.7978,POINT (-86.7978 36.2117)
20190919433,12/25/2019 03:50:00 AM,1,1,0,,N,110064,0,NOT COLLISION W/MOTOR VEHICLE-TRANSPORT,21,CLEAR,3,DARK - LIGHTED,1;63,Ran Off Road-Right,MURFREESBORO PKE & HAMILTON GLEN PL,ANTIOCH,TN,37013,8865,SOUTH,36.0602,-86.6234,POINT (-86.6234 36.0602)
20190661581,09/05/2019 08:36:00 AM,1,0,0,,N,109530,0,NOT COLLISION W/MOTOR VEHICLE-TRANSPORT,21,CLEAR,1,DAYLIGHT,18,OTHER OBJECT (NOT FIXED),MM 46 6 I 24,NASHVILLE,TN,37207,3006,NORTH,36.1936,-86.7762,POINT (-86.7762 36.1936)
20190798513,11/02/2019 02:25:00 PM,2,0,0,,N,320597,11,Front to Rear,21,CLEAR,1,DAYLIGHT,12,MOTOR VEHICLE IN TRANSPORT,MM 59 3 I 24,ANTIOCH,TN,37013,87061,SOUTH,36.0459,-86.6601,POINT (-86.6601 36.0459)
20190918381,12/24/2019 01:46:00 PM,2,0,0,,N,225886,4,ANGLE,21,CLEAR,1,DAYLIGHT,12,MOTOR VEHICLE IN TRANSPORT,ANDREW JACKSON PKWY & LEBANON PKE,HERMITAGE,TN,37076,9537,HERMIT,36.2146,-86.5977,POINT (-86.5977 36.2146)
20190770745,10/21/2019 04:30:00 PM,2,0,0,,N,279214,4,ANGLE,2,RAIN,1,DAYLIGHT,12,MOTOR VEHICLE IN TRANSPORT,GALE LN & GALE PARK LN,NASHVILLE,TN,37204,6957,MIDTOW,36.1184,-86.776,POINT (-86.776 36.1184)
20190700917,09/21/2019 05:27:00 PM,2,1,0,,N,299257,4,ANGLE,21,CLEAR,1,DAYLIGHT,12,MOTOR VEHICLE IN TRANSPORT,HARDING PL & NOLENSVILLE PKE,NASHVILLE,TN,37211,8705,SOUTH,36.0797,-86.7261,POINT (-86.7261 36.0797)
20190912748,12/21/2019 05:56:00 PM,2,0,0,,N,299266,2,HEAD-ON,21,CLEAR,2,DARK - NOT LIGHTED,12,MOTOR VEHICLE IN TRANSPORT,COUNTRYSIDE DR & RADER RIDGE RD,ANTIOCH,TN,37013,8861,SOUTH,36.0727,-86.6624,POINT (-86.6624 36.0727)
20190829623,11/15/2019 03:47:00 PM,2,0,0,,N,384449,98,OTHER,21,CLEAR,5,DUSK,12,MOTOR VEHICLE IN TRANSPORT,JUAREZ DR & LEBANON PKE,HERMITAGE,TN,37076,9531,HERMIT,36.1817,-86.6721,POINT (-86.6721 36.1817)
20190636753,08/26/2019 08:12:00 AM,2,0,0,,N,414668,11,Front to Rear,2,RAIN,1,DAYLIGHT,12,MOTOR VEHICLE IN TRANSPORT,MM 87 1 I 65,NASHVILLE,TN,37207,18020,EAST,36.2041,-86.7765,POINT (-86.7765 36.2041)
20190717988,09/28/2019 12:00:00 AM,2,0,0,,N,299258,5,SIDESWIPE - SAME DIRECTION,21,CLEAR,2,DARK - NOT LIGHTED,12,MOTOR VEHICLE IN TRANSPORT,MM 87 9 I 65,NASHVILLE,TN,37207,30041,NORTH,36.2151,-86.7754,POINT (-86.7754 36.2151)
20190726979,10/02/2019 05:45:00 PM,2,2,0,,N,352195,4,ANGLE,21,CLEAR,1,DAYLIGHT,12,MOTOR VEHICLE IN TRANSPORT,OLD MURFREESBORO PKE & FAIRCLOTH LN,NASHVILLE,TN,37217,8947,HERMIT,36.1036,-86.6665,POINT (-86.6665 36.1036)
20190875207,12/05/2019 02:03:00 PM,2,0,0,,N,109534,11,Front to Rear,21,CLEAR,1,DAYLIGHT,12,MOTOR VEHICLE IN TRANSPORT,MM 213 0 I 40,NASHVILLE,TN,37210,8219,HERMIT,36.1407,-86.7323,POINT (-86.7323 36.1407)
20190635500,08/25/2019 06:21:00 PM,3,0,0,,N,212369,5,SIDESWIPE - SAME DIRECTION,2,RAIN,1,DAYLIGHT,12,MOTOR VEHICLE IN TRANSPORT,OLD HICKORY BLVD & EDMONDSON PKE,NASHVILLE,TN,37220,8615,MIDTOW,36.04,-86.7435,POINT (-86.7435 36.04)
20190773279,10/22/2019 06:31:00 PM,2,0,0,,N,279214,4,ANGLE,21,CLEAR,1,DAYLIGHT,12,MOTOR VEHICLE IN TRANSPORT,LEALAND LN & KIRKWOOD AV,NASHVILLE,TN,37204,6935,MIDTOW,36.1197,-86.7873,POINT (-86.7873 36.1197)
20190756710,10/15/2019 04:03:00 PM,2,1,0,,N,256389,5,SIDESWIPE - SAME DIRECTION,21,CLEAR,1,DAYLIGHT,12;24;71,MOTOR VEHICLE IN TRANSPORT;GUARDRAIL FACE;EMBANKMENT EARTH,MM 75 2 I 65,NASHVILLE,TN,37220,71040,MIDTOW,36.0464,-86.7779,POINT (-86.7779 36.0464)
20190832965,11/17/2019 06:06:00 AM,2,0,0,,Y,311325,6,SIDESWIPE - OPPOSITE DIRECTION,21,CLEAR,4,DAWN,12,MOTOR VEHICLE IN TRANSPORT,ATRIUM WAY & STATE HWY 155,NASHVILLE,TN,37214,9107,HERMIT,36.1586,-86.6909,POINT (-86.6909 36.1586)
20190801931,11/04/2019 07:37:00 AM,2,0,0,,N,769379,4,ANGLE,21,CLEAR,1,DAYLIGHT,12,MOTOR VEHICLE IN TRANSPORT,NOLENSVILLE PKE & VERITAS ST,NASHVILLE,TN,37211,8431,SOUTH,36.0971,-86.7382,POINT (-86.7382 36.0971)
20190919010,12/24/2019 10:31:00 PM,1,2,0,,N,468098,0,NOT COLLISION W/MOTOR VEHICLE-TRANSPORT,21,CLEAR,3,DARK - LIGHTED,1;42;63,TREE;Ran Off Road-Right,HAMILTON CHURCH & MARHADEN,ANTIOCH,TN,37013,8905,SOUTH,36.0569,-86.5909,POINT (-86.5909 36.0569)
20190617958,08/19/2019 08:22:00 AM,2,0,0,,N,306231,11,Front to Rear,21,CLEAR,1,DAYLIGHT,12,MOTOR VEHICLE IN TRANSPORT,MM 87 5 I 65,NASHVILLE,TN,37207,1804,EAST,36.2091,-86.776,POINT (-86.776 36.2091)
20190747528,10/11/2019 02:53:00 PM,1,1,0,,N,330412,0,NOT COLLISION W/MOTOR VEHICLE-TRANSPORT,21,CLEAR,1,DAYLIGHT,34,DITCH,HUNTERS LN & GRANDVILLE BLVD,NASHVILLE,TN,37207,2103,MADISO,36.2875,-86.7703,POINT (-86.7703 36.2875)
20190901289,12/17/2019 12:15:00 AM,2,2,0,,N,256414,4,ANGLE,2,RAIN,3,DARK - LIGHTED,1;12;33,MOTOR VEHICLE IN TRANSPORT;CURB,MILL CREEK WHITTLEMORE GRNWY & SWISS AV,ANTIOCH,TN,37013,8757,SOUTH,36.0424,-86.7129,POINT (-86.7129 36.0424)
20190684111,09/14/2019 03:20:00 PM,1,0,0,,N,330425,0,NOT COLLISION W/MOTOR VEHICLE-TRANSPORT,21,CLEAR,1,DAYLIGHT,18,OTHER OBJECT (NOT FIXED),MM 93 8 I 65,MADISON,TN,37115,17042,MADISO,36.2854,-86.7282,POINT (-86.7282 36.2854)
20190855694,11/26/2019 05:07:00 PM,2,0,0,,Y,330428,4,ANGLE,2,RAIN,3,DARK - LIGHTED,12,MOTOR VEHICLE IN TRANSPORT,MM 204 2 I 40,NASHVILLE,TN,37209,45023,WEST,36.1532,-86.8539,POINT (-86.8539 36.1532)
20190841543,11/20/2019 05:16:00 PM,2,2,0,Y,N,279211,4,ANGLE,21,CLEAR,3,DARK - LIGHTED,12;30,MOTOR VEHICLE IN TRANSPORT;UTILITY POLE,OLD HICKORY BLVDW & NESBITT DR,MADISON,TN,37115,2039,MADISO,36.2671,-86.7453,POINT (-86.7453 36.2671)
20190604068,08/13/2019 12:00:00 AM,2,0,0,,Y,212344,5,SIDESWIPE - SAME DIRECTION,2,RAIN,7,Dark-Unknown Lighting,12,MOTOR VEHICLE IN TRANSPORT,WINDING WAY & GALLATIN PKE,NASHVILLE,TN,37216,1501,EAST,36.2264,-86.7251,POINT (-86.7251 36.2264)
20190821998,11/12/2019 04:35:00 PM,1,1,0,Y,N,717341,0,NOT COLLISION W/MOTOR VEHICLE-TRANSPORT,21,CLEAR,1,DAYLIGHT,19,BUILDING,SPRINGSTEAD TRL & LAKEWALK DR,ANTIOCH,TN,37013,8905,SOUTH,36.0516,-86.5937,POINT (-86.5937 36.0516)
20190783308,10/27/2019 12:00:00 AM,1,0,0,Y,Y,298866,9,UNKNOWN,99,UNKNOWN,9,UNKNOWN,24;99,GUARDRAIL FACE;UNKNOWN MOST HARMFUL EVENT,STATE HWY 155 & DULUTH AVE,NASHVILLE,TN,37209,46140,WEST,36.1597,-86.8659,POINT (-86.8659 36.1597)
20190688365,09/16/2019 04:35:00 PM,2,0,0,,N,717341,4,ANGLE,21,CLEAR,1,DAYLIGHT,12,MOTOR VEHICLE IN TRANSPORT,GARWOOD DR & DODGE DR,NASHVILLE,TN,37210,8331,SOUTH,36.1237,-86.7307,POINT (-86.7307 36.1237)
20190915982,12/23/2019 12:02:00 PM,2,0,0,,N,279230,11,Front to Rear,21,CLEAR,1,DAYLIGHT,12,MOTOR VEHICLE IN TRANSPORT,MURFREESBORO PKE & MOUNTAIN SPRINGS RD,ANTIOCH,TN,37013,8927,SOUTH,36.0478,-86.6121,POINT (-86.6121 36.0478)
20190887917,12/11/2019 02:18:00 AM,1,0,0,Y,Y,229888,0,NOT COLLISION W/MOTOR VEHICLE-TRANSPORT,21,CLEAR,3,DARK - LIGHTED,30,UTILITY POLE,DICKERSON PKE & E TRINITY LN,NASHVILLE,TN,37207,1861,EAST,36.2055,-86.7684,POINT (-86.7684 36.2055)
20190704928,09/23/2019 02:43:00 PM,2,0,0,,Y,134899,5,SIDESWIPE - SAME DIRECTION,21,CLEAR,1,DAYLIGHT,12,MOTOR VEHICLE IN TRANSPORT,SHELBY AV & I24 E EXT RAMP,NASHVILLE,TN,37213,1007,CENTRA,36.1664,-86.7654,POINT (-86.7654 36.1664)
20190782266,10/26/2019 12:00:00 AM,1,0,0,Y,Y,352204,0,NOT COLLISION W/MOTOR VEHICLE-TRANSPORT,2,RAIN,1,DAYLIGHT,31,"OTHER POST, POLE, SUPP.",HILLWOOD BLVD & FLEETWOOD DR,NASHVILLE,TN,37209,5021,WEST,36.1362,-86.8767,POINT (-86.8767 36.1362)
20190893719,12/13/2019 07:30:00 AM,2,0,0,,N,226306,11,Front to Rear,22,CLOUDY,1,DAYLIGHT,12,MOTOR VEHICLE IN TRANSPORT,OLD HICKORY BLVD & ROCKY LN,NASHVILLE,TN,37221,4815,WEST,36.1078,-86.9224,POINT (-86.9224 36.1078)
20190896910,12/14/2019 06:50:00 PM,2,0,0,,N,381709,4,ANGLE,22,CLOUDY,3,DARK - LIGHTED,14,PARKED MOTOR VEHICLE,CHURCH ST & 2ND AVN,NASHVILLE,TN,37201,4101,CENTRA,36.1646,-86.7768,POINT (-86.7768 36.1646)
20190861700,11/29/2019 05:40:00 PM,3,1,0,,N,256427,11,Front to Rear,21,CLEAR,3,DARK - LIGHTED,12,MOTOR VEHICLE IN TRANSPORT,BRILEY PKWYS & BRILEY PKWYN,NASHVILLE,TN,37218,3212,NORTH,36.2142,-86.8724,POINT (-86.8724 36.2142)
20190817840,11/10/2019 10:45:00 PM,2,1,0,,N,151122,2,HEAD-ON,21,CLEAR,3,DARK - LIGHTED,12,MOTOR VEHICLE IN TRANSPORT,APACHE TRL & VILLAS OF BAVARIA PVTDR,NASHVILLE,TN,37211,8709,SOUTH,36.0663,-86.6871,POINT (-86.6871 36.0663)
20190710638,09/25/2019 06:24:00 PM,1,1,0,,N,279211,0,NOT COLLISION W/MOTOR VEHICLE-TRANSPORT,21,CLEAR,1,DAYLIGHT,63;7,Ran Off Road-Right,BRICK CHURCH PKE & BELLSHIRE DR,NASHVILLE,TN,37207,2037,MADISO,36.2622,-86.776,POINT (-86.776 36.2622)
20190729229,10/03/2019 01:12:00 PM,2,1,0,,N,212369,11,Front to Rear,21,CLEAR,1,DAYLIGHT,12,MOTOR VEHICLE IN TRANSPORT,OLD HICKORY BLVD & EDMONDSON PKE,NASHVILLE,TN,37220,8615,MIDTOW,36.04,-86.7435,POINT (-86.7435 36.04)
20190776195,10/23/2019 10:06:00 PM,2,1,0,,N,256389,4,ANGLE,21,CLEAR,3,DARK - LIGHTED,12,MOTOR VEHICLE IN TRANSPORT,MM 81 6 I 65,NASHVILLE,TN,37203,8006,MIDTOW,36.1373,-86.7757,POINT (-86.7757 36.1373)
20190681567,09/13/2019 12:55:00 PM,2,1,0,,Y,676834,4,ANGLE,21,CLEAR,1,DAYLIGHT,12,MOTOR VEHICLE IN TRANSPORT,I65 S EXT RAMP & BRICK CHURCH PKE,NASHVILLE,TN,37207,3021,NORTH,36.2076,-86.7776,POINT (-86.7776 36.2076)
20190629539,08/23/2019 07:25:00 AM,2,0,0,,N,876581,11,Front to Rear,21,CLEAR,1,DAYLIGHT,12,MOTOR VEHICLE IN TRANSPORT,US HWY 31E & EDGEMEADE BLVD,MADISON,TN,37115,1719,MADISO,36.2834,-86.7069,POINT (-86.7069 36.2834)
20190845452,11/22/2019 07:15:00 AM,2,0,0,,Y,462474,11,Front to Rear,2,RAIN,1,DAYLIGHT,12,MOTOR VEHICLE IN TRANSPORT,STATE HWY 254 & RAMP,NASHVILLE,TN,37220,7111,MIDTOW,36.0375,-86.7852,POINT (-86.7852 36.0375)
20190622305,08/20/2019 06:15:00 PM,2,1,0,,N,256427,11,Front to Rear,21,CLEAR,1,DAYLIGHT,12,MOTOR VEHICLE IN TRANSPORT,MM 213 0 I 40,NASHVILLE,TN,37210,8219,HERMIT,36.1407,-86.7323,POINT (-86.7323 36.1407)
20190762188,10/17/2019 07:35:00 PM,2,0,0,,N,279116,4,ANGLE,21,CLEAR,3,DARK - LIGHTED,12,MOTOR VEHICLE IN TRANSPORT,MM 209 6 I 40,NASHVILLE,TN,37203,68021,MIDTOW,36.1494,-86.7836,POINT (-86.7836 36.1494)
20190864895,12/01/2019 11:24:00 AM,2,3,0,,N,473670,5,SIDESWIPE - SAME DIRECTION,21,CLEAR,1,DAYLIGHT,12,MOTOR VEHICLE IN TRANSPORT,MM 49 1 I 24,NASHVILLE,TN,37206,10040,EAST,36.1647,-86.7634,POINT (-86.7634 36.1647)
20190738255,10/07/2019 09:25:00 PM,2,0,0,,Y,717341,4,ANGLE,21,CLEAR,3,DARK - LIGHTED,12,MOTOR VEHICLE IN TRANSPORT,TAMPA DR & HARDING PL,NASHVILLE,TN,37211,8705,SOUTH,36.0827,-86.7105,POINT (-86.7105 36.0827)
20190857934,11/27/2019 04:06:00 PM,2,0,0,,Y,240983,11,Front to Rear,21,CLEAR,1,DAYLIGHT,12,MOTOR VEHICLE IN TRANSPORT,NOLENSVILLE PKE & MORTON AV,NASHVILLE,TN,37211,8405,SOUTH,36.1062,-86.7428,POINT (-86.7428 36.1062)
20190688446,09/16/2019 06:10:00 PM,2,0,0,,N,309262,5,SIDESWIPE - SAME DIRECTION,21,CLEAR,1,DAYLIGHT,12,MOTOR VEHICLE IN TRANSPORT,MYATT DR & N DUPONT AV,MADISON,TN,37115,1705,MADISO,36.2662,-86.6901,POINT (-86.6901 36.2662)
20190863054,11/30/2019 10:30:00 AM,2,1,0,,Y,311331,5,SIDESWIPE - SAME DIRECTION,22,CLOUDY,1,DAYLIGHT,12,MOTOR VEHICLE IN TRANSPORT,MM 86 8 I 65,NASHVILLE,TN,37207,3002,NORTH,36.1987,-86.7764,POINT (-86.7764 36.1987)
20190640099,08/27/2019 04:05:00 PM,3,1,0,,Y,320599,11,Front to Rear,22,CLOUDY,1,DAYLIGHT,12,MOTOR VEHICLE IN TRANSPORT,LEBANON PKE & DONELSON PKE,NASHVILLE,TN,37214,9311,HERMIT,36.1676,-86.6633,POINT (-86.6633 36.1676)
20190734319,10/05/2019 08:14:00 PM,3,2,0,,Y,320599,11,Front to Rear,21,CLEAR,3,DARK - LIGHTED,12,MOTOR VEHICLE IN TRANSPORT,MURFREESBORO PKE & RANSOM PL,NASHVILLE,TN,37217,8853,SOUTH,36.0892,-86.6501,POINT (-86.6501 36.0892)
20190819726,11/11/2019 05:55:00 PM,2,0,0,,Y,256448,5,SIDESWIPE - SAME DIRECTION,2,RAIN,3,DARK - LIGHTED,12,MOTOR VEHICLE IN TRANSPORT,MM 211 4 I 40,NASHVILLE,TN,37210,8204,HERMIT,36.1517,-86.7525,POINT (-86.7525 36.1517)
20190633099,08/24/2019 04:55:00 PM,2,0,0,,N,330427,11,Front to Rear,21,CLEAR,1,DAYLIGHT,12,MOTOR VEHICLE IN TRANSPORT,BRICK CHURCH PIKE & -UNKNOWN RAMP/ROAD -,NASHVILLE,TN,37207,20141,MADISO,36.2384,-86.7808,POINT (-86.7808 36.2384)
20190912054,12/21/2019 09:03:00 AM,2,0,0,,N,462501,4,ANGLE,21,CLEAR,1,DAYLIGHT,12,MOTOR VEHICLE IN TRANSPORT,BROADWAY & I40 W ENT RAMP,NASHVILLE,TN,37203,4081,CENTRA,36.156,-86.7889,POINT (-86.7889 36.156)
20190699996,09/21/2019 03:39:00 AM,1,3,0,Y,N,298875,0,NOT COLLISION W/MOTOR VEHICLE-TRANSPORT,21,CLEAR,3,DARK - LIGHTED,30;63,UTILITY POLE;Ran Off Road-Right,HAMILTON CHURCH RD & MURFREESBORO PKE,ANTIOCH,TN,37013,8865,SOUTH,36.0645,-86.6288,POINT (-86.6288 36.0645)
20190627726,08/22/2019 03:38:00 PM,2,0,0,,N,256444,4,ANGLE,22,CLOUDY,1,DAYLIGHT,12,MOTOR VEHICLE IN TRANSPORT,HERMITAGE AV & LITTLE GREEN ST,NASHVILLE,TN,37210,9005,HERMIT,36.1532,-86.7496,POINT (-86.7496 36.1532)
20190815726,11/09/2019 12:00:00 AM,2,0,0,,N,256427,5,SIDESWIPE - SAME DIRECTION,21,CLEAR,3,DARK - LIGHTED,1;12,MOTOR VEHICLE IN TRANSPORT,MM 211 6 I 40,NASHVILLE,TN,37210,82042,HERMIT,36.1508,-86.7502,POINT (-86.7502 36.1508)
20190876122,12/05/2019 10:07:00 PM,1,1,0,,N,151132,0,NOT COLLISION W/MOTOR VEHICLE-TRANSPORT,21,CLEAR,2,DARK - NOT LIGHTED,1;34;63,DITCH;Ran Off Road-Right,GREER RD & TIMBER TRL,GOODLETTSVILLE,TN,37072,2203,MADISO,36.378,-86.7863,POINT (-86.7863 36.378)
20190794276,10/31/2019 05:00:00 PM,2,0,0,,Y,330413,11,Front to Rear,22,CLOUDY,1,DAYLIGHT,12,MOTOR VEHICLE IN TRANSPORT,STATE HWY 155 & US HWY 31 ALT,NASHVILLE,TN,37211,8425,SOUTH,36.1109,-86.7452,POINT (-86.7452 36.1109)
20190742902,10/09/2019 06:15:00 PM,1,1,0,,N,240983,0,NOT COLLISION W/MOTOR VEHICLE-TRANSPORT,21,CLEAR,5,DUSK,1;63,Ran Off Road-Right,I24 W EXT RAMP & I 24,NASHVILLE,TN,37211,8829,SOUTH,36.1074,-86.7197,POINT (-86.7197 36.1074)
20190599099,08/12/2019 01:07:00 AM,1,0,0,,N,330422,0,NOT COLLISION W/MOTOR VEHICLE-TRANSPORT,21,CLEAR,2,DARK - NOT LIGHTED,44,PAVED SURFACE-IRREGULAR,MM 35 8 I 24,WHITES CREEK,TN,37189,33180,NORTH,36.321,-86.8532,POINT (-86.8532 36.321)
20190643082,08/28/2019 06:26:00 PM,2,0,0,,N,169425,6,SIDESWIPE - OPPOSITE DIRECTION,21,CLEAR,3,DARK - LIGHTED,14,PARKED MOTOR VEHICLE,WEDGEWOOD AV & 19TH AVS,NASHVILLE,TN,37212,6611,MIDTOW,36.1373,-86.7981,POINT (-86.7981 36.1373)
20190654837,09/02/2019 01:30:00 PM,2,1,0,,N,320601,4,ANGLE,21,CLEAR,1,DAYLIGHT,55,Motor Vehicle-In-Motion Outside Trafficw,OLD HICKORY BLVD & NOLENSVILLE PKE,ANTIOCH,TN,37013,8757,SOUTH,36.0455,-86.7122,POINT (-86.7122 36.0455)
20190880436,12/07/2019 09:25:00 PM,1,0,0,,Y,352192,0,NOT COLLISION W/MOTOR VEHICLE-TRANSPORT,21,CLEAR,2,DARK - NOT LIGHTED,21,BRIDGE PIER/ABUTMENT,STATE HWY 155 & -UNKNOWN RAMP/ROAD -,NASHVILLE,TN,37214,9296,HERMIT,36.186,-86.6911,POINT (-86.6911 36.186)
20190780094,10/25/2019 01:32:00 PM,2,0,0,,N,212325,4,ANGLE,2,RAIN,1,DAYLIGHT,12,MOTOR VEHICLE IN TRANSPORT,GALLATIN PKEN & OLD TIME VILLAGE PVTDR,MADISON,TN,37115,1701,MADISO,36.2638,-86.7117,POINT (-86.7117 36.2638)
20190596919,08/10/2019 11:40:00 PM,3,1,0,,N,134867,11,Front to Rear,21,CLEAR,2,DARK - NOT LIGHTED,12;14,MOTOR VEHICLE IN TRANSPORT;PARKED MOTOR VEHICLE,MM 210 7 I 40,NASHVILLE,TN,37210,8202,HERMIT,36.1532,-86.7644,POINT (-86.7644 36.1532)
20190605808,08/14/2019 11:20:00 AM,2,2,0,,N,179580,4,ANGLE,21,CLEAR,1,DAYLIGHT,12,MOTOR VEHICLE IN TRANSPORT,21ST AVN & OSAGE ST,NASHVILLE,TN,37208,4469,NORTH,36.1764,-86.8111,POINT (-86.8111 36.1764)
20190891688,12/12/2019 12:34:00 PM,2,0,0,,N,834798,4,ANGLE,21,CLEAR,1,DAYLIGHT,12,MOTOR VEHICLE IN TRANSPORT,POWELL AV & POWELL PL,NASHVILLE,TN,37204,8527,MIDTOW,36.1065,-86.7646,POINT (-86.7646 36.1065)
20190774614,10/23/2019 08:51:00 AM,2,0,0,,N,306231,5,SIDESWIPE - SAME DIRECTION,21,CLEAR,1,DAYLIGHT,12,MOTOR VEHICLE IN TRANSPORT,CLARKSVILLE PKE & W SUMMITT AV,NASHVILLE,TN,37218,3161,NORTH,36.195,-86.8334,POINT (-86.8334 36.195)
20190908278,12/19/2019 04:05:00 PM,2,0,0,,N,256426,4,ANGLE,21,CLEAR,1,DAYLIGHT,12,MOTOR VEHICLE IN TRANSPORT,COTTAGE LN & JUNE DR,NASHVILLE,TN,37214,9219,HERMIT,36.1692,-86.6925,POINT (-86.6925 36.1692)
20190696506,09/19/2019 06:31:00 PM,3,0,0,,Y,298867,6,SIDESWIPE - OPPOSITE DIRECTION,21,CLEAR,1,DAYLIGHT,12,MOTOR VEHICLE IN TRANSPORT,MM 87 2 I 65,NASHVILLE,TN,37207,18020,EAST,36.2054,-86.7764,POINT (-86.7764 36.2054)
20190854221,11/26/2019 05:00:00 AM,1,0,0,Y,Y,352215,9,UNKNOWN,21,CLEAR,3,DARK - LIGHTED,99,UNKNOWN MOST HARMFUL EVENT,EXIT 82B & I 65,NASHVILLE,TN,37203,80062,MIDTOW,36.1476,-86.7766,POINT (-86.7766 36.1476)
20190607161,08/14/2019 09:45:00 PM,2,0,0,,Y,717341,4,ANGLE,21,CLEAR,3,DARK - LIGHTED,14,PARKED MOTOR VEHICLE,TANGLEWOOD CT & WHISPERING OAKS PL,NASHVILLE,TN,37211,8419,SOUTH,36.0824,-86.7145,POINT (-86.7145 36.0824)
20190724208,10/01/2019 03:49:00 PM,2,0,0,,N,212322,5,SIDESWIPE - SAME DIRECTION,21,CLEAR,1,DAYLIGHT,12,MOTOR VEHICLE IN TRANSPORT,DONELSON PKE & MURFREESBORO PKE,NASHVILLE,TN,37217,8841,SOUTH,36.1062,-86.6731,POINT (-86.6731 36.1062)
20190812725,11/08/2019 11:25:00 AM,2,0,0,,N,405447,5,SIDESWIPE - SAME DIRECTION,21,CLEAR,1,DAYLIGHT,12,MOTOR VEHICLE IN TRANSPORT,MM 77 3 I 65,NASHVILLE,TN,37220,86042,MIDTOW,36.0758,-86.7677,POINT (-86.7677 36.0758)
20190786789,10/28/2019 06:57:00 PM,2,0,0,,Y,298867,6,SIDESWIPE - OPPOSITE DIRECTION,21,CLEAR,3,DARK - LIGHTED,12,MOTOR VEHICLE IN TRANSPORT,MCFERRIN AV & SHARPE AV,NASHVILLE,TN,37206,1927,EAST,36.1883,-86.7543,POINT (-86.7543 36.1883)
20190642891,08/28/2019 04:13:00 PM,2,0,0,,N,429193,4,ANGLE,21,CLEAR,1,DAYLIGHT,12,MOTOR VEHICLE IN TRANSPORT,MM 195 7 I 40,NASHVILLE,TN,37221,4704,WEST,36.0768,-86.966,POINT (-86.966 36.0768)
20190729332,10/03/2019 04:01:00 PM,2,0,0,,N,279116,4,ANGLE,21,CLEAR,1,DAYLIGHT,12,MOTOR VEHICLE IN TRANSPORT,HYNES ST & 15TH AVN,NASHVILLE,TN,37203,5503,MIDTOW,36.1587,-86.794,POINT (-86.794 36.1587)
20190860241,11/28/2019 11:30:00 PM,1,1,0,,Y,279195,0,NOT COLLISION W/MOTOR VEHICLE-TRANSPORT,2,RAIN,2,DARK - NOT LIGHTED,42,TREE,BELL RD & ALTA LAKE GRNWY,HERMITAGE,TN,37076,9501,HERMIT,36.1658,-86.6088,POINT (-86.6088 36.1658)
20190679558,09/12/2019 07:15:00 PM,2,0,0,,N,717341,11,Front to Rear,21,CLEAR,3,DARK - LIGHTED,12,MOTOR VEHICLE IN TRANSPORT,MURFREESBORO PKE & EDGE O LAKE DR,ANTIOCH,TN,37013,8891,SOUTH,36.0795,-86.6446,POINT (-86.6446 36.0795)