Accident Number,Date and Time,Number of Motor Vehicles,Number of Injuries,Number of Fatalities,Property Damage,Hit and Run,Reporting Officer,Collision Type Code,Collision Type Description,Weather Code,Weather Description,Illumination Code,Illumination Description,Harmful Code,Harmful Code Description,Street Address,City,State,ZIP,RPA,Precinct,Latitude,Longitude,Mapped Location
20190717088,09/28/2019 09:40:00 AM,3,0,0,,N,262757,11,Front to Rear,21,CLEAR,1,DAYLIGHT,12,MOTOR VEHICLE IN TRANSPORT,MM 215 2 I 40,NASHVILLE,TN,37214,91021,HERMIT,36.144,-86.6913,POINT (-86.6913 36.144)
20190845762,11/22/2019 10:11:00 AM,1,0,0,Y,N,262749,0,NOT COLLISION W/MOTOR VEHICLE-TRANSPORT,2,RAIN,1,DAYLIGHT,38;42;71,FENCE;TREE;EMBANKMENT EARTH,LEBANON PKE & DANYACREST DR,NASHVILLE,TN,37214,9403,HERMIT,36.1786,-86.6447,POINT (-86.6447 36.1786)
20190668678,09/08/2019 10:47:00 AM,2,1,0,,Y,140808,4,ANGLE,21,CLEAR,1,DAYLIGHT,12,MOTOR VEHICLE IN TRANSPORT,NOLENSVILLE PKE & MCMURRAY DR,NASHVILLE,TN,37211,8711,SOUTH,36.0611,-86.7166,POINT (-86.7166 36.0611)
20190828689,11/15/2019 08:05:00 AM,2,0,0,,N,665896,5,SIDESWIPE - SAME DIRECTION,21,CLEAR,1,DAYLIGHT,12,MOTOR VEHICLE IN TRANSPORT,GALLATIN AV & CAHAL AV,NASHVILLE,TN,37206,1331,EAST,36.196,-86.7426,POINT (-86.7426 36.196)
20190613764,08/17/2019 12:17:00 PM,1,1,0,,N,279122,0,NOT COLLISION W/MOTOR VEHICLE-TRANSPORT,21,CLEAR,1,DAYLIGHT,5;63,Ran Off Road-Right,EATONS CREEK RD & GRAYS POINT RD,JOELTON,TN,37080,3319,NORTH,36.2881,-86.8936,POINT (-86.8936 36.2881)
20190759524,10/16/2019 05:34:00 PM,2,0,0,,N,256386,5,SIDESWIPE - SAME DIRECTION,21,CLEAR,1,DAYLIGHT,12,MOTOR VEHICLE IN TRANSPORT,BRILEY PKWYN & GLASTONBURY RD,NASHVILLE,TN,37217,8998,HERMIT,36.1372,-86.6996,POINT (-86.6996 36.1372)
20190595122,08/10/2019 05:30:00 AM,3,1,0,,N,320578,5,SIDESWIPE - SAME DIRECTION,21,CLEAR,1,DAYLIGHT,12,MOTOR VEHICLE IN TRANSPORT,MM 57 1 I 24,ANTIOCH,TN,37013,88080,SOUTH,36.0686,-86.6885,POINT (-86.6885 36.0686)
20190709923,09/25/2019 12:33:00 PM,2,0,0,,N,594473,5,SIDESWIPE - SAME DIRECTION,21,CLEAR,1,DAYLIGHT,12,MOTOR VEHICLE IN TRANSPORT,THOMPSON LN & W IRIS DR,NASHVILLE,TN,37204,8525,MIDTOW,36.1124,-86.7675,POINT (-86.7675 36.1124)
20190701469,09/21/2019 09:30:00 PM,3,0,0,,Y,330438,5,SIDESWIPE - SAME DIRECTION,21,CLEAR,3,DARK - LIGHTED,12,MOTOR VEHICLE IN TRANSPORT,OLD HICKORY BLVD & CHANDLER PL,HERMITAGE,TN,37076,9561,HERMIT,36.183,-86.6093,POINT (-86.6093 36.183)
20190679515,09/12/2019 04:40:00 PM,2,0,0,,Y,256386,5,SIDESWIPE - SAME DIRECTION,21,CLEAR,1,DAYLIGHT,12,MOTOR VEHICLE IN TRANSPORT,MURFREESBORO PKE & TOWN PARK DR,NASHVILLE,TN,37217,8947,HERMIT,36.1031,-86.6662,POINT (-86.6662 36.1031)
20190634630,08/25/2019 12:00:00 AM,2,0,0,,Y,306231,5,SIDESWIPE - SAME DIRECTION,99,UNKNOWN,9,UNKNOWN,14,PARKED MOTOR VEHICLE,9TH AVN & COFFEE ST,NASHVILLE,TN,37208,4447,NORTH,36.183,-86.8026,POINT (-86.8026 36.183)
20190632636,08/24/2019 11:09:00 AM,2,0,0,,N,462474,4,ANGLE,21,CLEAR,1,DAYLIGHT,12,MOTOR VEHICLE IN TRANSPORT,GRANNY WHITE PKE & OTTER CREEK RD,NASHVILLE,TN,37220,7111,MIDTOW,36.0656,-86.8127,POINT (-86.8127 36.0656)
20190866674,12/02/2019 09:42:00 AM,2,0,0,,N,716886,11,Front to Rear,21,CLEAR,1,DAYLIGHT,14,PARKED MOTOR VEHICLE,ABERCORN CT & SANDPIPER LN,ANTIOCH,TN,37013,8867,SOUTH,36.0451,-86.6162,POINT (-86.6162 36.0451)
20190718941,09/29/2019 08:23:00 AM,2,1,0,,N,279230,4,ANGLE,21,CLEAR,1,DAYLIGHT,1;12,MOTOR VEHICLE IN TRANSPORT,MURFREESBORO PKE & HOBSON PKE,ANTIOCH,TN,37013,8927,SOUTH,36.043,-86.6066,POINT (-86.6066 36.043)
20190815126,11/09/2019 02:35:00 PM,2,1,0,,N,320599,11,Front to Rear,21,CLEAR,1,DAYLIGHT,12,MOTOR VEHICLE IN TRANSPORT,MM 52 4 I 24,NASHVILLE,TN,37210,82061,HERMIT,36.139,-86.727,POINT (-86.727 36.139)
20190642817,08/28/2019 04:16:00 PM,2,1,0,,N,256444,4,ANGLE,21,CLEAR,1,DAYLIGHT,12,MOTOR VEHICLE IN TRANSPORT,ELM HILL PKE & LANNIE BOSWELL AV,NASHVILLE,TN,37210,9013,HERMIT,36.1439,-86.7356,POINT (-86.7356 36.1439)
20190836271,11/18/2019 05:44:00 PM,2,0,0,,N,384423,4,ANGLE,21,CLEAR,3,DARK - LIGHTED,12,MOTOR VEHICLE IN TRANSPORT,HIGHWAY 100 & WESTHAVEN DR,NASHVILLE,TN,37221,4805,WEST,36.0348,-86.9721,POINT (-86.9721 36.0348)
20190900847,12/16/2019 07:00:00 PM,2,0,0,,N,225894,11,Front to Rear,2,RAIN,3,DARK - LIGHTED,12,MOTOR VEHICLE IN TRANSPORT,BRILEY PKWYS & CRESTLINE DR,NASHVILLE,TN,37214,92960,HERMIT,36.1756,-86.6922,POINT (-86.6922 36.1756)
20190910208,12/20/2019 10:51:00 AM,2,0,0,,N,226673,5,SIDESWIPE - SAME DIRECTION,21,CLEAR,1,DAYLIGHT,12,MOTOR VEHICLE IN TRANSPORT,5TH AVN & CHARLOTTE AV,NASHVILLE,TN,37219,4203,CENTRA,36.1659,-86.7819,POINT (-86.7819 36.1659)
20190773176,10/22/2019 05:50:00 PM,2,0,0,,N,151132,5,SIDESWIPE - SAME DIRECTION,21,CLEAR,5,DUSK,12,MOTOR VEHICLE IN TRANSPORT,GALLATIN PKEN & RIVERGATE PKWY,MADISON,TN,37115,1731,MADISO,36.2973,-86.6988,POINT (-86.6988 36.2973)
20190809815,11/07/2019 07:18:00 AM,2,0,0,,N,161952,11,Front to Rear,2,RAIN,4,DAWN,12,MOTOR VEHICLE IN TRANSPORT,MM 33 7 I 24,JOELTON,TN,37080,23040,NORTH,36.3274,-86.8902,POINT (-86.8902 36.3274)
20190741768,10/09/2019 07:50:00 AM,2,1,0,,N,676834,11,Front to Rear,21,CLEAR,1,DAYLIGHT,12,MOTOR VEHICLE IN TRANSPORT,MM 85 5 I 65,NASHVILLE,TN,37208,4304,CENTRA,36.1888,-86.793,POINT (-86.793 36.1888)
20190827280,11/14/2019 05:25:00 PM,2,0,0,,N,279208,11,Front to Rear,21,CLEAR,7,Dark-Unknown Lighting,12,MOTOR VEHICLE IN TRANSPORT,MM 209 0 I 40,NASHVILLE,TN,37203,4104,CENTRA,36.1574,-86.7903,POINT (-86.7903 36.1574)
20190714714,09/27/2019 10:05:00 AM,2,0,0,,N,420035,4,ANGLE,21,CLEAR,1,DAYLIGHT,12,MOTOR VEHICLE IN TRANSPORT,E PALESTINE AV & GALLATIN PKES,MADISON,TN,37115,1507,MADISO,36.2491,-86.718,POINT (-86.718 36.2491)
20190749442,10/12/2019 11:00:00 AM,2,0,0,,N,384439,11,Front to Rear,21,CLEAR,1,DAYLIGHT,12,MOTOR VEHICLE IN TRANSPORT,HARDING PL & SIDCO DR,NASHVILLE,TN,37220,8601,MIDTOW,36.0819,-86.7612,POINT (-86.7612 36.0819)
20190921265,12/26/2019 09:04:00 AM,1,0,0,Y,N,299243,0,NOT COLLISION W/MOTOR VEHICLE-TRANSPORT,22,CLOUDY,1,DAYLIGHT,31,"OTHER POST, POLE, SUPP.",PRINTERS ALY & BANKERS ALY,NASHVILLE,TN,37201,4137,CENTRA,36.1647,-86.7788,POINT (-86.7788 36.1647)
20190804817,11/05/2019 08:55:00 AM,2,0,0,,N,693102,4,ANGLE,22,CLOUDY,1,DAYLIGHT,12,MOTOR VEHICLE IN TRANSPORT,MM 213 5 I 40,NASHVILLE,TN,37210,90062,HERMIT,36.1406,-86.7215,POINT (-86.7215 36.1406)
20190715337,09/27/2019 03:37:00 PM,2,0,0,,Y,330428,11,Front to Rear,21,CLEAR,1,DAYLIGHT,12,MOTOR VEHICLE IN TRANSPORT,37TH AVN & MURPHY RD,NASHVILLE,TN,37209,5207,WEST,36.1403,-86.8292,POINT (-86.8292 36.1403)
20190721005,09/30/2019 10:35:00 AM,2,0,0,,Y,311799,5,SIDESWIPE - SAME DIRECTION,21,CLEAR,1,DAYLIGHT,12,MOTOR VEHICLE IN TRANSPORT,DOVERSIDE DR & DICKERSON PKE,NASHVILLE,TN,37207,2011,MADISO,36.2557,-86.7552,POINT (-86.7552 36.2557)
20190596158,08/10/2019 04:30:00 PM,2,0,0,,Y,256441,4,ANGLE,21,CLEAR,1,DAYLIGHT,12,MOTOR VEHICLE IN TRANSPORT,SIDCO DR & STATE HWY 255,NASHVILLE,TN,37204,8531,MIDTOW,36.0829,-86.7615,POINT (-86.7615 36.0829)
20190778204,10/24/2019 06:02:00 PM,1,0,0,Y,N,352186,0,NOT COLLISION W/MOTOR VEHICLE-TRANSPORT,21,CLEAR,5,DUSK,28,OVERHEAD SIGN SUPPORT,US HWY 431 & RAMP,NASHVILLE,TN,37207,1863,EAST,36.2063,-86.7744,POINT (-86.7744 36.2063)
20190775647,10/23/2019 04:55:00 PM,3,0,0,,N,320581,11,Front to Rear,21,CLEAR,1,DAYLIGHT,12,MOTOR VEHICLE IN TRANSPORT,JEFFERSON ST & 14TH AVN,NASHVILLE,TN,37208,5415,NORTH,36.1707,-86.8018,POINT (-86.8018 36.1707)
20190615178,08/18/2019 12:00:00 AM,1,0,0,Y,Y,175719,9,UNKNOWN,21,CLEAR,2,DARK - NOT LIGHTED,99,UNKNOWN MOST HARMFUL EVENT,ELLINGTON PKWYN & ELLINGTON PKWYS,NASHVILLE,TN,37216,1890,EAST,36.2227,-86.7464,POINT (-86.7464 36.2227)
20190627991,08/22/2019 05:53:00 PM,2,1,0,,N,256389,4,ANGLE,2,RAIN,1,DAYLIGHT,12,MOTOR VEHICLE IN TRANSPORT,DELMAR AV & BELMONT BLVD,NASHVILLE,TN,37212,6603,MIDTOW,36.1301,-86.7956,POINT (-86.7956 36.1301)
20190865414,12/01/2019 06:05:00 PM,2,1,0,,N,384419,11,Front to Rear,21,CLEAR,3,DARK - LIGHTED,12,MOTOR VEHICLE IN TRANSPORT,GALLATIN PKE SB EXT RAMP & GALLATIN PKE,NASHVILLE,TN,37216,1503,EAST,36.2336,-86.7245,POINT (-86.7245 36.2336)
20190896320,12/14/2019 11:40:00 AM,3,6,1,,N,262757,5,SIDESWIPE - SAME DIRECTION,21,CLEAR,1,DAYLIGHT,12,MOTOR VEHICLE IN TRANSPORT,MM 212 2 I 40,NASHVILLE,TN,37210,90041,HERMIT,36.1458,-86.7414,POINT (-86.7414 36.1458)
20190729723,10/03/2019 05:30:00 PM,2,0,0,,N,320577,4,ANGLE,21,CLEAR,1,DAYLIGHT,12,MOTOR VEHICLE IN TRANSPORT,BRENTWOOD TRC & OLD HICKORY BLVD,BRENTWOOD,TN,37027,8623,MIDTOW,36.0411,-86.7762,POINT (-86.7762 36.0411)
20190740318,10/08/2019 05:49:00 PM,2,0,0,,N,184870,4,ANGLE,21,CLEAR,1,DAYLIGHT,13,MOTOR VEHICLE IN TRANSPORT-OTHER ROADWAY,CHARLOTTE AV & 46TH AVN,NASHVILLE,TN,37209,5203,WEST,36.1522,-86.8422,POINT (-86.8422 36.1522)
20190925790,12/28/2019 03:10:00 PM,2,0,0,,N,352197,11,Front to Rear,21,CLEAR,1,DAYLIGHT,12,MOTOR VEHICLE IN TRANSPORT,I24 E EXT RAMP & I 24,NASHVILLE,TN,37207,30080,NORTH,36.2378,-86.7872,POINT (-86.7872 36.2378)
20190611533,08/16/2019 02:35:00 PM,2,0,0,,N,579971,5,SIDESWIPE - SAME DIRECTION,21,CLEAR,1,DAYLIGHT,12,MOTOR VEHICLE IN TRANSPORT,MM 55 0 I 24,NASHVILLE,TN,37211,8812,SOUTH,36.0948,-86.7069,POINT (-86.7069 36.0948)
20190781659,10/26/2019 06:55:00 AM,2,0,0,,N,628640,11,Front to Rear,2,RAIN,1,DAYLIGHT,14,PARKED MOTOR VEHICLE,RADNOR ST & MCCOMBS AV,NASHVILLE,TN,37211,8405,SOUTH,36.105,-86.7397,POINT (-86.7397 36.105)
20190610097,08/16/2019 12:33:00 AM,2,0,0,,N,212348,4,ANGLE,21,CLEAR,3,DARK - LIGHTED,55,Motor Vehicle-In-Motion Outside Trafficw,1100 12TH AVS,NASHVILLE,TN,37203,4079,CENTRA,36.1563,-86.7871,POINT (-86.7871 36.1563)
20190646339,08/29/2019 10:37:00 PM,2,0,0,,N,320584,5,SIDESWIPE - SAME DIRECTION,21,CLEAR,3,DARK - LIGHTED,12,MOTOR VEHICLE IN TRANSPORT,MM 53 3 I 24,NASHVILLE,TN,37210,88141,SOUTH,36.1146,-86.7245,POINT (-86.7245 36.1146)
20190644458,08/29/2019 12:00:00 AM,5,1,0,,N,299247,11,Front to Rear,21,CLEAR,1,DAYLIGHT,12;36;54,MOTOR VEHICLE IN TRANSPORT;CONCRETE TRAFFIC BARRIER;Set In Motion By Motor Vehicle,MM 212 0 I 40,NASHVILLE,TN,37210,90041,HERMIT,36.147,-86.7433,POINT (-86.7433 36.147)
20190866463,12/02/2019 08:11:00 AM,1,0,0,Y,Y,311331,0,NOT COLLISION W/MOTOR VEHICLE-TRANSPORT,22,CLOUDY,1,DAYLIGHT,30,UTILITY POLE,DICKERSON PKE & MARTIN AV,NASHVILLE,TN,37207,1833,EAST,36.2101,-86.7659,POINT (-86.7659 36.2101)
20190801886,11/04/2019 07:18:00 AM,2,0,0,,N,191578,4,ANGLE,21,CLEAR,1,DAYLIGHT,12,MOTOR VEHICLE IN TRANSPORT,OLD HICKORY BLVD & MILLS RD,HERMITAGE,TN,37076,9527,HERMIT,36.1695,-86.6011,POINT (-86.6011 36.1695)
20190900459,12/16/2019 03:17:00 PM,2,0,0,,Y,330431,11,Front to Rear,2,RAIN,1,DAYLIGHT,12,MOTOR VEHICLE IN TRANSPORT,BRILEY PKWY S ENT RAMP & BRILEY PKWY N E,NASHVILLE,TN,37218,3201,NORTH,36.2071,-86.871,POINT (-86.871 36.2071)
20190891410,12/12/2019 09:10:00 AM,2,0,0,,N,224824,11,Front to Rear,21,CLEAR,1,DAYLIGHT,12,MOTOR VEHICLE IN TRANSPORT,MM 213 9 I 40,NASHVILLE,TN,37217,8802,HERMIT,36.1415,-86.7148,POINT (-86.7148 36.1415)
20190702838,09/22/2019 12:00:00 AM,2,0,0,,Y,298877,0,NOT COLLISION W/MOTOR VEHICLE-TRANSPORT,21,CLEAR,1,DAYLIGHT,7,,MM 62 7 I 24,ANTIOCH,TN,37013,8804,SOUTH,36.0129,-86.6187,POINT (-86.6187 36.0129)
20190827852,11/14/2019 10:30:00 PM,2,0,0,,Y,332298,5,SIDESWIPE - SAME DIRECTION,21,CLEAR,3,DARK - LIGHTED,12,MOTOR VEHICLE IN TRANSPORT,OLD HICKORY BLVD & FRANKLIN PIKE CIR,BRENTWOOD,TN,37027,8623,MIDTOW,36.0405,-86.7801,POINT (-86.7801 36.0405)
20190709875,09/25/2019 12:00:00 PM,2,0,0,,N,352207,5,SIDESWIPE - SAME DIRECTION,21,CLEAR,1,DAYLIGHT,12,MOTOR VEHICLE IN TRANSPORT,BROADWAY & 18TH AVS,NASHVILLE,TN,37203,5705,MIDTOW,36.1521,-86.7953,POINT (-86.7953 36.1521)
20190898506,12/15/2019 04:29:00 PM,2,1,0,,N,299266,4,ANGLE,21,CLEAR,5,DUSK,12,MOTOR VEHICLE IN TRANSPORT,3RD AVS & HART ST,NASHVILLE,TN,37210,8169,SOUTH,36.143,-86.7642,POINT (-86.7642 36.143)
20190746072,10/10/2019 12:00:00 AM,2,1,0,,N,240978,5,SIDESWIPE - SAME DIRECTION,21,CLEAR,3,DARK - LIGHTED,14,PARKED MOTOR VEHICLE,STRAIGHTWAY AV & N 16TH ST,NASHVILLE,TN,37206,1363,EAST,36.1931,-86.7381,POINT (-86.7381 36.1931)
20190897369,12/15/2019 12:14:00 AM,2,0,0,,N,197055,5,SIDESWIPE - SAME DIRECTION,22,CLOUDY,3,DARK - LIGHTED,12,MOTOR VEHICLE IN TRANSPORT,MM 59 1 I 24,ANTIOCH,TN,37013,87061,SOUTH,36.0478,-86.6634,POINT (-86.6634 36.0478)
20190603916,08/13/2019 05:01:00 PM,2,0,0,,N,256441,6,SIDESWIPE - OPPOSITE DIRECTION,2,RAIN,1,DAYLIGHT,12,MOTOR VEHICLE IN TRANSPORT,WHISPERING HILLS DR & WHISPERING HILLS C,NASHVILLE,TN,37211,8661,MIDTOW,36.0663,-86.7296,POINT (-86.7296 36.0663)
20190904519,12/18/2019 06:45:00 AM,1,3,0,,N,226622,0,NOT COLLISION W/MOTOR VEHICLE-TRANSPORT,21,CLEAR,1,DAYLIGHT,1;36,CONCRETE TRAFFIC BARRIER,BRILEY PKWY S EXT RAMP & I 40,NASHVILLE,TN,37209,46123,WEST,36.153,-86.8566,POINT (-86.8566 36.153)
20190874433,12/05/2019 07:59:00 AM,2,0,0,,N,834798,11,Front to Rear,21,CLEAR,1,DAYLIGHT,12,MOTOR VEHICLE IN TRANSPORT,NATCHEZ TRC & ASHWOOD AV,NASHVILLE,TN,37212,5907,MIDTOW,36.1307,-86.812,POINT (-86.812 36.1307)
20190731877,10/04/2019 04:33:00 PM,2,0,0,,N,320599,11,Front to Rear,21,CLEAR,1,DAYLIGHT,12,MOTOR VEHICLE IN TRANSPORT,MM 211 3 I 40,NASHVILLE,TN,37210,9002,HERMIT,36.1524,-86.7539,POINT (-86.7539 36.1524)
20190665302,09/06/2019 05:10:00 PM,2,0,0,,N,405418,4,ANGLE,21,CLEAR,1,DAYLIGHT,12,MOTOR VEHICLE IN TRANSPORT,NOLENSVILLE PKE & SHADOW GLEN DR,ANTIOCH,TN,37013,8757,SOUTH,36.0379,-86.7131,POINT (-86.7131 36.0379)
20190665748,09/06/2019 09:55:00 PM,2,1,0,,N,352184,4,ANGLE,21,CLEAR,3,DARK - LIGHTED,12,MOTOR VEHICLE IN TRANSPORT,MCFERRIN AV & SEYMOUR AV,NASHVILLE,TN,37206,1925,EAST,36.1862,-86.7542,POINT (-86.7542 36.1862)
20190647002,08/30/2019 07:56:00 AM,1,0,0,,Y,493304,0,NOT COLLISION W/MOTOR VEHICLE-TRANSPORT,21,CLEAR,1,DAYLIGHT,31,"OTHER POST, POLE, SUPP.",3RD AV & E OLD HICKORY BLVD,MADISON,TN,37115,1607,MADISO,36.2603,-86.7054,POINT (-86.7054 36.2603)
20190848836,11/23/2019 06:42:00 PM,2,0,0,,Y,256383,5,SIDESWIPE - SAME DIRECTION,2,RAIN,3,DARK - LIGHTED,12,MOTOR VEHICLE IN TRANSPORT,MM 53 6 I 24,NASHVILLE,TN,37211,83021,SOUTH,36.1114,-86.7229,POINT (-86.7229 36.1114)
20190689735,09/17/2019 07:52:00 AM,2,0,0,,N,620061,11,Front to Rear,21,CLEAR,1,DAYLIGHT,12,MOTOR VEHICLE IN TRANSPORT,FRANKLIN PKE & I440 ENT RAMP,NASHVILLE,TN,37204,6937,MIDTOW,36.1184,-86.7744,POINT (-86.7744 36.1184)
20190768763,10/20/2019 09:51:00 PM,2,3,0,,N,212344,4,ANGLE,21,CLEAR,3,DARK - LIGHTED,12,MOTOR VEHICLE IN TRANSPORT,ORDWAY PL & GALLATIN AV,NASHVILLE,TN,37206,1241,EAST,36.1806,-86.749,POINT (-86.749 36.1806)
20190602518,08/13/2019 07:05:00 AM,2,0,0,,N,620057,11,Front to Rear,21,CLEAR,1,DAYLIGHT,12,MOTOR VEHICLE IN TRANSPORT,OLD HICKORY BLVDW & BOYDS HILLTOP DR,MADISON,TN,37115,1777,MADISO,36.2642,-86.7355,POINT (-86.7355 36.2642)
20190749496,10/12/2019 12:20:00 PM,3,0,0,,N,226600,11,Front to Rear,21,CLEAR,1,DAYLIGHT,12,MOTOR VEHICLE IN TRANSPORT,OLD HICKORY BLVD & MIDDLEBORO CT,NASHVILLE,TN,37221,6215,WEST,36.05,-86.8725,POINT (-86.8725 36.05)
20190614613,08/17/2019 07:55:00 PM,2,0,0,,N,224437,11,Front to Rear,21,CLEAR,3,DARK - LIGHTED,12,MOTOR VEHICLE IN TRANSPORT,KOREAN VETERANS BLVD & SHELBY AV,NASHVILLE,TN,37213,1003,CENTRA,36.1644,-86.7682,POINT (-86.7682 36.1644)
20190878189,12/06/2019 04:44:00 PM,3,0,0,,N,256389,11,Front to Rear,21,CLEAR,1,DAYLIGHT,12,MOTOR VEHICLE IN TRANSPORT,MM 82 0 I 65,NASHVILLE,TN,37203,80061,MIDTOW,36.1433,-86.7769,POINT (-86.7769 36.1433)
20190643557,08/28/2019 11:22:00 PM,2,1,0,,N,256439,4,ANGLE,21,CLEAR,3,DARK - LIGHTED,12,MOTOR VEHICLE IN TRANSPORT,9TH AVN & CHURCH ST,NASHVILLE,TN,37203,4121,CENTRA,36.1613,-86.7845,POINT (-86.7845 36.1613)
20190621183,08/20/2019 09:45:00 AM,1,0,0,,N,405391,0,NOT COLLISION W/MOTOR VEHICLE-TRANSPORT,21,CLEAR,1,DAYLIGHT,50,DEER (ANIMAL),HARDING PKE & HILLWOOD BLVD,NASHVILLE,TN,37205,5015,WEST,36.1226,-86.8509,POINT (-86.8509 36.1226)
20190905695,12/18/2019 03:53:00 PM,2,0,0,,N,240955,11,Front to Rear,21,CLEAR,1,DAYLIGHT,12,MOTOR VEHICLE IN TRANSPORT,MM 59 4 I 24,ANTIOCH,TN,37013,8808,SOUTH,36.0454,-86.659,POINT (-86.659 36.0454)
20190832661,11/17/2019 02:25:00 AM,2,0,0,,Y,320598,11,Front to Rear,21,CLEAR,3,DARK - LIGHTED,12,MOTOR VEHICLE IN TRANSPORT,NOLENSVILLE PKE & HARDING PL,NASHVILLE,TN,37211,8445,SOUTH,36.0809,-86.7267,POINT (-86.7267 36.0809)
20190747158,10/11/2019 10:40:00 AM,2,0,0,,N,320601,5,SIDESWIPE - SAME DIRECTION,22,CLOUDY,1,DAYLIGHT,12,MOTOR VEHICLE IN TRANSPORT,HARDING PL & HARDING MALL DR,NASHVILLE,TN,37211,8705,SOUTH,36.0804,-86.7218,POINT (-86.7218 36.0804)
20190651900,09/01/2019 05:28:00 AM,1,0,0,,N,352162,0,NOT COLLISION W/MOTOR VEHICLE-TRANSPORT,21,CLEAR,3,DARK - LIGHTED,1;24;67;71,GUARDRAIL FACE;Vehicle Airborne;EMBANKMENT EARTH,MM 210 9 I 40,NASHVILLE,TN,37210,8008,HERMIT,36.1547,-86.7615,POINT (-86.7615 36.1547)
20190647012,08/30/2019 07:54:00 AM,2,0,0,,N,716886,11,Front to Rear,21,CLEAR,1,DAYLIGHT,12,MOTOR VEHICLE IN TRANSPORT,MM 61 9 I 24,ANTIOCH,TN,37013,87040,SOUTH,36.0219,-86.629,POINT (-86.629 36.0219)
20190851003,11/24/2019 09:10:00 PM,3,0,0,,Y,330435,11,Front to Rear,21,CLEAR,3,DARK - LIGHTED,12,MOTOR VEHICLE IN TRANSPORT,INGA ST & MCCLURKAN AV PV,NASHVILLE,TN,37206,1883,EAST,36.1969,-86.7503,POINT (-86.7503 36.1969)
20190645610,08/29/2019 06:07:00 PM,2,0,0,,N,212369,11,Front to Rear,21,CLEAR,1,DAYLIGHT,12,MOTOR VEHICLE IN TRANSPORT,BLACKMAN RD & DARLINGTON DR,NASHVILLE,TN,37211,8611,MIDTOW,36.0743,-86.7393,POINT (-86.7393 36.0743)
20190736944,10/06/2019 07:00:00 PM,2,0,0,,Y,320586,6,SIDESWIPE - OPPOSITE DIRECTION,99,UNKNOWN,3,DARK - LIGHTED,14,PARKED MOTOR VEHICLE,RICHARDS RD & CUMMINGS PARK DR,ANTIOCH,TN,37013,8899,SOUTH,36.069,-86.6812,POINT (-86.6812 36.069)
20190685647,09/15/2019 10:37:00 AM,2,0,0,,Y,352211,11,Front to Rear,21,CLEAR,1,DAYLIGHT,12,MOTOR VEHICLE IN TRANSPORT,WARFIELD DR & HILLSBORO PKE,NASHVILLE,TN,37215,6405,MIDTOW,36.1029,-86.8155,POINT (-86.8155 36.1029)
20190855718,11/26/2019 06:55:00 PM,2,0,0,,N,429193,4,ANGLE,2,RAIN,2,DARK - NOT LIGHTED,12,MOTOR VEHICLE IN TRANSPORT,HIGHWAY 70S & OLD HARDING PKE,NASHVILLE,TN,37221,4901,WEST,36.0743,-86.9215,POINT (-86.9215 36.0743)
20190812564,11/08/2019 09:22:00 AM,2,0,0,,N,665896,4,ANGLE,21,CLEAR,1,DAYLIGHT,12,MOTOR VEHICLE IN TRANSPORT,JAMES ROBERTSON PKWY ENT RAMP & JAMES RO,NASHVILLE,TN,37207,1995,EAST,36.1722,-86.7671,POINT (-86.7671 36.1722)
20190598050,08/11/2019 12:47:00 PM,2,3,0,,N,299243,4,ANGLE,21,CLEAR,1,DAYLIGHT,12;13,MOTOR VEHICLE IN TRANSPORT;MOTOR VEHICLE IN TRANSPORT-OTHER ROADWAY,4TH AVS & I40 E EXT RAMP,NASHVILLE,TN,37210,8153,SOUTH,36.1505,-86.7704,POINT (-86.7704 36.1505)
20190612852,08/16/2019 11:58:00 PM,2,0,0,,Y,134867,5,SIDESWIPE - SAME DIRECTION,21,CLEAR,2,DARK - NOT LIGHTED,12,MOTOR VEHICLE IN TRANSPORT,JAMES ROBERTSON PKWY & MAIN ST,NASHVILLE,TN,37207,1109,EAST,36.1726,-86.7659,POINT (-86.7659 36.1726)
20190926868,12/29/2019 02:45:00 AM,2,0,0,,Y,330416,11,Front to Rear,2,RAIN,3,DARK - LIGHTED,12;36,MOTOR VEHICLE IN TRANSPORT;CONCRETE TRAFFIC BARRIER,MM 88 6 I 65,NASHVILLE,TN,37207,3004,EAST,36.2251,-86.7745,POINT (-86.7745 36.2251)
20190781085,10/25/2019 11:00:00 PM,2,0,0,,Y,415780,11,Front to Rear,2,RAIN,3,DARK - LIGHTED,12,MOTOR VEHICLE IN TRANSPORT,I40 W ENT RAMP & I 65,NASHVILLE,TN,37203,80061,MIDTOW,36.1462,-86.777,POINT (-86.777 36.1462)
20190650435,08/31/2019 03:36:00 PM,2,0,0,,N,279124,4,ANGLE,21,CLEAR,1,DAYLIGHT,12,MOTOR VEHICLE IN TRANSPORT,HAYWOOD LN & EAST RIDGE DR,NASHVILLE,TN,37211,8707,SOUTH,36.07,-86.6985,POINT (-86.6985 36.07)
20190693996,09/18/2019 07:58:00 PM,2,1,0,,Y,384410,2,HEAD-ON,21,CLEAR,3,DARK - LIGHTED,12;6,MOTOR VEHICLE IN TRANSPORT,8TH AVS & HAMILTON AV,NASHVILLE,TN,37203,6941,MIDTOW,36.139,-86.7784,POINT (-86.7784 36.139)
20190780708,10/25/2019 06:50:00 PM,2,0,0,,N,279214,11,Front to Rear,2,RAIN,3,DARK - LIGHTED,12,MOTOR VEHICLE IN TRANSPORT,I65 S ENT RAMP & I65 S EXT RAMP,NASHVILLE,TN,37204,6945,MIDTOW,36.1342,-86.7764,POINT (-86.7764 36.1342)