Accident Number,Date and Time,Number of Motor Vehicles,Number of Injuries,Number of Fatalities,Property Damage,Hit and Run,Reporting Officer,Collision Type Code,Collision Type Description,Weather Code,Weather Description,Illumination Code,Illumination Description,Harmful Code,Harmful Code Description,Street Address,City,State,ZIP,RPA,Precinct,Latitude,Longitude,Mapped Location
20190684420,09/14/2019 05:52:00 PM,2,0,0,,Y,311333,11,Front to Rear,21,CLEAR,1,DAYLIGHT,12,MOTOR VEHICLE IN TRANSPORT,I24 W EXT RAMP & I 24,NASHVILLE,TN,37211,8829,SOUTH,36.1074,-86.7197,POINT (-86.7197 36.1074)
20190843902,11/21/2019 12:00:00 AM,2,1,0,,N,197070,11,Front to Rear,21,CLEAR,1,DAYLIGHT,12,MOTOR VEHICLE IN TRANSPORT,MM 208 2 I 40,NASHVILLE,TN,37208,54023,NORTH,36.1681,-86.7964,POINT (-86.7964 36.1681)
20190788390,10/29/2019 10:20:00 AM,2,0,0,,N,525538,4,ANGLE,21,CLEAR,1,DAYLIGHT,12,MOTOR VEHICLE IN TRANSPORT,WEDGEWOOD AV & MAGNOLIA BLVD,NASHVILLE,TN,37212,6619,MIDTOW,36.1366,-86.7952,POINT (-86.7952 36.1366)
20190620397,08/19/2019 12:00:00 AM,1,0,0,,N,320578,0,NOT COLLISION W/MOTOR VEHICLE-TRANSPORT,21,CLEAR,2,DARK - NOT LIGHTED,33,CURB,MCGAVOCK PKE & CURREY RD,NASHVILLE,TN,37217,8841,SOUTH,36.1025,-86.692,POINT (-86.692 36.1025)
20190847831,11/23/2019 05:15:00 AM,1,1,0,Y,N,330414,0,NOT COLLISION W/MOTOR VEHICLE-TRANSPORT,2,RAIN,2,DARK - NOT LIGHTED,19,BUILDING,ANDERSON LN & SNOW AVE,MADISON,TN,37115,1727,MADISO,36.2729,-86.6984,POINT (-86.6984 36.2729)
20190755939,10/15/2019 09:30:00 AM,2,0,0,,N,676834,11,Front to Rear,21,CLEAR,1,DAYLIGHT,12,MOTOR VEHICLE IN TRANSPORT,14TH AVN & CHARLOTTE AV,NASHVILLE,TN,37203,5425,NORTH,36.161,-86.7937,POINT (-86.7937 36.161)
20190915941,12/23/2019 11:30:00 AM,2,3,0,,N,352167,2,HEAD-ON,21,CLEAR,1,DAYLIGHT,12,MOTOR VEHICLE IN TRANSPORT,NOLENSVILLE PKE & GLENROSE AV,NASHVILLE,TN,37210,8101,SOUTH,36.1257,-86.7525,POINT (-86.7525 36.1257)
20190657815,09/03/2019 06:46:00 PM,2,0,0,,Y,320597,4,ANGLE,21,CLEAR,1,DAYLIGHT,12,MOTOR VEHICLE IN TRANSPORT,BLUE HOLE RD & TUSCULUM RD,ANTIOCH,TN,37013,8719,SOUTH,36.0526,-86.673,POINT (-86.673 36.0526)
20190864567,12/01/2019 06:50:00 AM,2,0,0,,N,591933,11,Front to Rear,21,CLEAR,1,DAYLIGHT,12,MOTOR VEHICLE IN TRANSPORT,OLD HICKORY BLVD & BARNES RD,ANTIOCH,TN,37013,8761,SOUTH,36.0199,-86.681,POINT (-86.681 36.0199)
20190733634,10/05/2019 12:03:00 PM,3,0,0,,N,584947,11,Front to Rear,21,CLEAR,1,DAYLIGHT,12,MOTOR VEHICLE IN TRANSPORT,HARDING PL & TROUSDALE DR,NASHVILLE,TN,37211,8603,MIDTOW,36.081,-86.757,POINT (-86.757 36.081)
20190783014,10/27/2019 01:00:00 AM,2,1,0,,N,311343,11,Front to Rear,21,CLEAR,3,DARK - LIGHTED,12,MOTOR VEHICLE IN TRANSPORT,MM 5 6 I 440,NASHVILLE,TN,37211,81060,MIDTOW,36.1219,-86.7622,POINT (-86.7622 36.1219)
20190808342,11/06/2019 03:30:00 PM,2,0,0,,N,772946,5,SIDESWIPE - SAME DIRECTION,21,CLEAR,1,DAYLIGHT,12,MOTOR VEHICLE IN TRANSPORT,ROSA L PARKS BLVD & MADISON ST,NASHVILLE,TN,37208,4305,NORTH,36.1738,-86.7917,POINT (-86.7917 36.1738)
20190819562,11/11/2019 05:00:00 PM,2,0,0,,N,279214,4,ANGLE,2,RAIN,3,DARK - LIGHTED,12,MOTOR VEHICLE IN TRANSPORT,HILLSBORO PKE & I440 W EXT RAMP,NASHVILLE,TN,37215,6008,WEST,36.1231,-86.8068,POINT (-86.8068 36.1231)
20190790540,10/30/2019 04:40:00 AM,2,0,0,,N,299248,11,Front to Rear,2,RAIN,2,DARK - NOT LIGHTED,12,MOTOR VEHICLE IN TRANSPORT,HARDING PL & EZELL PKE,NASHVILLE,TN,37211,8843,SOUTH,36.0885,-86.6901,POINT (-86.6901 36.0885)
20190927826,12/29/2019 12:00:00 AM,4,0,0,,N,352196,11,Front to Rear,2,RAIN,3,DARK - LIGHTED,12,MOTOR VEHICLE IN TRANSPORT,MM 58 0 I 24,ANTIOCH,TN,37013,88080,SOUTH,36.0584,-86.678,POINT (-86.678 36.0584)
20190824962,11/13/2019 06:24:00 PM,2,0,0,,Y,887598,5,SIDESWIPE - SAME DIRECTION,21,CLEAR,3,DARK - LIGHTED,12,MOTOR VEHICLE IN TRANSPORT,W TRINITY LN & WHITES CREEK PKE,NASHVILLE,TN,37207,3009,NORTH,36.207,-86.7916,POINT (-86.7916 36.207)
20190909503,12/20/2019 03:25:00 AM,2,0,0,,Y,332215,6,SIDESWIPE - OPPOSITE DIRECTION,21,CLEAR,2,DARK - NOT LIGHTED,12;14,MOTOR VEHICLE IN TRANSPORT;PARKED MOTOR VEHICLE,HILLSBORO PKE & STANFORD DR,NASHVILLE,TN,37215,6203,WEST,36.0823,-86.8341,POINT (-86.8341 36.0823)
20190627885,08/22/2019 04:40:00 PM,2,0,0,,Y,717341,4,ANGLE,2,RAIN,1,DAYLIGHT,12,MOTOR VEHICLE IN TRANSPORT,FIRESTONE PKWY & OLD HICKORY BLVD,ANTIOCH,TN,37013,8869,SOUTH,36.0168,-86.6199,POINT (-86.6199 36.0168)
20190929547,12/30/2019 11:49:00 AM,2,1,0,,N,571313,6,SIDESWIPE - OPPOSITE DIRECTION,21,CLEAR,1,DAYLIGHT,12,MOTOR VEHICLE IN TRANSPORT,ARMORY DR & SIDCO DR,NASHVILLE,TN,37204,8527,MIDTOW,36.1022,-86.7563,POINT (-86.7563 36.1022)
20190841027,11/20/2019 12:50:00 PM,2,0,0,,N,693093,11,Front to Rear,21,CLEAR,1,DAYLIGHT,12,MOTOR VEHICLE IN TRANSPORT,STATE HWY 45 & N GRAYCROFT AVE,MADISON,TN,37115,1777,MADISO,36.2644,-86.7326,POINT (-86.7326 36.2644)
20190888474,12/11/2019 08:19:00 AM,2,0,0,,N,716886,11,Front to Rear,21,CLEAR,1,DAYLIGHT,12,MOTOR VEHICLE IN TRANSPORT,NOLENSVILLE PKE & KINHAWK DR,ANTIOCH,TN,37013,8759,SOUTH,36.0294,-86.7125,POINT (-86.7125 36.0294)
20190875943,12/05/2019 08:29:00 PM,3,2,0,,N,212330,5,SIDESWIPE - SAME DIRECTION,21,CLEAR,3,DARK - LIGHTED,12,MOTOR VEHICLE IN TRANSPORT,MM 54 8 I 24,NASHVILLE,TN,37211,8812,SOUTH,36.0968,-86.7085,POINT (-86.7085 36.0968)
20190867210,12/02/2019 02:25:00 PM,2,1,0,,N,571313,4,ANGLE,22,CLOUDY,1,DAYLIGHT,12,MOTOR VEHICLE IN TRANSPORT,I65 S EXT RAMP & HARDING PL,NASHVILLE,TN,37220,7101,MIDTOW,36.0827,-86.7651,POINT (-86.7651 36.0827)
20190702680,09/22/2019 02:50:00 PM,2,1,0,,N,887598,11,Front to Rear,21,CLEAR,1,DAYLIGHT,12,MOTOR VEHICLE IN TRANSPORT,CLARKSVILLE PKE & DRY FORK RD,NASHVILLE,TN,37218,3231,NORTH,36.276,-86.868,POINT (-86.868 36.276)
20190913238,12/21/2019 12:00:00 AM,2,0,0,,Y,197055,0,NOT COLLISION W/MOTOR VEHICLE-TRANSPORT,99,UNKNOWN,9,UNKNOWN,14;7,PARKED MOTOR VEHICLE,WINDCREST TRL & BAYSHORE CV,ANTIOCH,TN,37013,8907,SOUTH,36.0609,-86.5931,POINT (-86.5931 36.0609)
20190824839,11/13/2019 05:32:00 PM,2,0,0,,N,240983,5,SIDESWIPE - SAME DIRECTION,21,CLEAR,2,DARK - NOT LIGHTED,12,MOTOR VEHICLE IN TRANSPORT,MM 54 6 I 24,NASHVILLE,TN,37211,84021,SOUTH,36.0994,-86.7109,POINT (-86.7109 36.0994)
20190620941,08/20/2019 08:10:00 AM,2,0,0,,N,320601,4,ANGLE,21,CLEAR,1,DAYLIGHT,12,MOTOR VEHICLE IN TRANSPORT,I24 E ENT RAMP & I 24,NASHVILLE,TN,37213,1007,CENTRA,36.1662,-86.7659,POINT (-86.7659 36.1662)
20190682896,09/13/2019 11:24:00 PM,1,0,0,,N,311326,0,NOT COLLISION W/MOTOR VEHICLE-TRANSPORT,21,CLEAR,3,DARK - LIGHTED,8,PEDESTRIAN,DR D B TODD JR BLVD & MEHARRY BLVD,NASHVILLE,TN,37208,5409,NORTH,36.1677,-86.8059,POINT (-86.8059 36.1677)
20190709709,09/25/2019 10:45:00 AM,2,0,0,,N,384392,5,SIDESWIPE - SAME DIRECTION,21,CLEAR,1,DAYLIGHT,12,MOTOR VEHICLE IN TRANSPORT,MM 209 6 I 40,NASHVILLE,TN,37203,68021,MIDTOW,36.1494,-86.7836,POINT (-86.7836 36.1494)
20190737432,10/07/2019 12:09:00 PM,2,0,0,,N,909494,5,SIDESWIPE - SAME DIRECTION,2,RAIN,1,DAYLIGHT,12,MOTOR VEHICLE IN TRANSPORT,DICKERSON PKE & MAPLEWOOD TRC,NASHVILLE,TN,37216,1805,EAST,36.2333,-86.7586,POINT (-86.7586 36.2333)
20190863908,11/30/2019 10:20:00 PM,1,0,0,,N,279124,0,NOT COLLISION W/MOTOR VEHICLE-TRANSPORT,2,RAIN,2,DARK - NOT LIGHTED,36;64,CONCRETE TRAFFIC BARRIER;Ran Off Road-Left,MM 60 4 I 24,ANTIOCH,TN,37013,88060,SOUTH,36.0364,-86.6449,POINT (-86.6449 36.0364)
20190644221,08/29/2019 07:06:00 AM,2,0,0,,N,352205,98,OTHER,21,CLEAR,1,DAYLIGHT,14,PARKED MOTOR VEHICLE,2905 NAUTILUS,NASHVILLE,TN,37217,8929,HERMIT,36.084,-86.6064,POINT (-86.6064 36.084)
20190838880,11/19/2019 06:39:00 PM,2,1,0,,N,330435,5,SIDESWIPE - SAME DIRECTION,21,CLEAR,3,DARK - LIGHTED,12,MOTOR VEHICLE IN TRANSPORT,HART LN & DICKERSON PKE,NASHVILLE,TN,37207,1887,EAST,36.2217,-86.7617,POINT (-86.7617 36.2217)
20190682438,09/13/2019 07:40:00 PM,1,0,0,,N,256386,0,NOT COLLISION W/MOTOR VEHICLE-TRANSPORT,21,CLEAR,3,DARK - LIGHTED,50,DEER (ANIMAL),EXIT 219 & I 40,NASHVILLE,TN,37214,8955,HERMIT,36.154,-86.6295,POINT (-86.6295 36.154)
20190881593,12/08/2019 12:14:00 PM,2,0,0,,N,405391,4,ANGLE,21,CLEAR,1,DAYLIGHT,12,MOTOR VEHICLE IN TRANSPORT,CHARLOTTE PKE & EASTBORO DR,NASHVILLE,TN,37209,5027,WEST,36.1482,-86.8674,POINT (-86.8674 36.1482)
20190852381,11/25/2019 12:13:00 PM,2,0,0,,N,405447,11,Front to Rear,21,CLEAR,1,DAYLIGHT,12,MOTOR VEHICLE IN TRANSPORT,I65 N EXT RAMP & I65 N ENT RAMP,NASHVILLE,TN,37220,8601,MIDTOW,36.0817,-86.7619,POINT (-86.7619 36.0817)
20190900024,12/16/2019 11:19:00 AM,2,0,0,,N,311804,11,Front to Rear,2,RAIN,1,DAYLIGHT,12,MOTOR VEHICLE IN TRANSPORT,I40 W EXT RAMP & I 40,NASHVILLE,TN,37203,4119,CENTRA,36.1574,-86.79,POINT (-86.79 36.1574)
20190848332,11/23/2019 11:50:00 AM,2,0,0,,N,343522,11,Front to Rear,2,RAIN,1,DAYLIGHT,12,MOTOR VEHICLE IN TRANSPORT,HIGHWAY 100 & OLD HARDING PKE,NASHVILLE,TN,37221,4807,WEST,36.0445,-86.956,POINT (-86.956 36.0445)
20190641206,08/28/2019 01:38:00 AM,2,1,0,,Y,311340,4,ANGLE,21,CLEAR,3,DARK - LIGHTED,12,MOTOR VEHICLE IN TRANSPORT,14TH AVS & DEMONBREUN ST,NASHVILLE,TN,37203,6721,MIDTOW,36.1536,-86.7884,POINT (-86.7884 36.1536)
20190785268,10/28/2019 06:24:00 AM,3,0,0,,N,191578,11,Front to Rear,5,FOG,4,DAWN,12,MOTOR VEHICLE IN TRANSPORT,MM 212 1 I 40,NASHVILLE,TN,37210,90041,HERMIT,36.1463,-86.7422,POINT (-86.7422 36.1463)
20190617866,08/19/2019 07:51:00 AM,2,0,0,,N,140808,11,Front to Rear,21,CLEAR,1,DAYLIGHT,12,MOTOR VEHICLE IN TRANSPORT,EDMONDSON PKE & CLOVERLAND DR,NASHVILLE,TN,37211,8651,MIDTOW,36.0295,-86.7441,POINT (-86.7441 36.0295)
20190894137,12/13/2019 11:32:00 AM,2,0,0,,N,716886,5,SIDESWIPE - SAME DIRECTION,2,RAIN,1,DAYLIGHT,12,MOTOR VEHICLE IN TRANSPORT,MM 56 5 I 24,NASHVILLE,TN,37211,8708,SOUTH,36.0756,-86.6938,POINT (-86.6938 36.0756)
20190859359,11/28/2019 09:15:00 AM,2,1,0,,N,607049,4,ANGLE,21,CLEAR,1,DAYLIGHT,12,MOTOR VEHICLE IN TRANSPORT,SKYLINE MEMORIAL CT & DICKERSON PKE,MADISON,TN,37115,2009,MADISO,36.2439,-86.7566,POINT (-86.7566 36.2439)
20190693597,09/18/2019 04:07:00 PM,2,0,0,,N,433550,11,Front to Rear,21,CLEAR,1,DAYLIGHT,12,MOTOR VEHICLE IN TRANSPORT,ANDREW JACKSON PKWY & OLD HICKORY BLVD,HERMITAGE,TN,37076,9561,HERMIT,36.1835,-86.6108,POINT (-86.6108 36.1835)
20190739342,10/08/2019 12:00:00 AM,1,0,0,Y,Y,474557,0,NOT COLLISION W/MOTOR VEHICLE-TRANSPORT,22,CLOUDY,9,UNKNOWN,40,MAIL BOX,HAYWOOD LN & HAYWOOD CTN,NASHVILLE,TN,37211,8711,SOUTH,36.0684,-86.7078,POINT (-86.7078 36.0684)
20190779752,10/25/2019 10:18:00 AM,2,0,0,,N,544482,11,Front to Rear,22,CLOUDY,1,DAYLIGHT,14,PARKED MOTOR VEHICLE,MUSIC SQW & ROY ACUFF PL,NASHVILLE,TN,37203,6715,MIDTOW,36.1502,-86.7932,POINT (-86.7932 36.1502)
20190603205,08/13/2019 12:25:00 PM,2,0,0,,N,267831,11,Front to Rear,21,CLEAR,1,DAYLIGHT,12,MOTOR VEHICLE IN TRANSPORT,HARDING PKE & BOSLEY SPRINGS RD,NASHVILLE,TN,37205,6019,WEST,36.1276,-86.8439,POINT (-86.8439 36.1276)
20190786016,10/28/2019 12:26:00 PM,2,0,0,,N,525538,4,ANGLE,21,CLEAR,1,DAYLIGHT,12,MOTOR VEHICLE IN TRANSPORT,MUSIC SQE & ROY ACUFF PL,NASHVILLE,TN,37203,6717,MIDTOW,36.15,-86.7919,POINT (-86.7919 36.15)
20190921851,12/26/2019 03:11:00 PM,1,0,0,Y,Y,161939,0,NOT COLLISION W/MOTOR VEHICLE-TRANSPORT,21,CLEAR,1,DAYLIGHT,43,OTHER FIXED OBJECTS,I24 E ENT RAMP & I 24,NASHVILLE,TN,37213,1007,CENTRA,36.1662,-86.7659,POINT (-86.7659 36.1662)
20190594881,08/10/2019 02:30:00 AM,2,0,0,,Y,109542,5,SIDESWIPE - SAME DIRECTION,21,CLEAR,3,DARK - LIGHTED,12,MOTOR VEHICLE IN TRANSPORT,5TH AVS & BROADWAY,NASHVILLE,TN,37203,4089,CENTRA,36.1605,-86.7784,POINT (-86.7784 36.1605)
20190795245,11/01/2019 03:30:00 AM,1,3,0,Y,Y,330411,0,NOT COLLISION W/MOTOR VEHICLE-TRANSPORT,21,CLEAR,3,DARK - LIGHTED,19,BUILDING,OLD HICKORY BLVD & WHITES CREEK PKE,WHITES CREEK,TN,37189,3229,NORTH,36.2657,-86.8309,POINT (-86.8309 36.2657)
20190689803,09/17/2019 08:20:00 AM,3,3,0,,N,226405,11,Front to Rear,21,CLEAR,1,DAYLIGHT,12,MOTOR VEHICLE IN TRANSPORT,I65 S EXT RAMP & I 65,MADISON,TN,37115,20044,MADISO,36.2481,-86.743,POINT (-86.743 36.2481)
20190665257,09/06/2019 05:30:00 PM,2,0,0,,N,320577,11,Front to Rear,21,CLEAR,1,DAYLIGHT,12,MOTOR VEHICLE IN TRANSPORT,I440 W EXT RAMP & I 440,NASHVILLE,TN,37210,8101,SOUTH,36.1239,-86.7486,POINT (-86.7486 36.1239)
20190903797,12/17/2019 07:07:00 PM,2,0,0,,Y,109522,11,Front to Rear,21,CLEAR,7,Dark-Unknown Lighting,14,PARKED MOTOR VEHICLE,OCEOLA AV & CHARLOTTE PKE,NASHVILLE,TN,37209,5033,WEST,36.1497,-86.8599,POINT (-86.8599 36.1497)
20190675953,09/11/2019 11:00:00 AM,2,0,0,,N,279227,4,ANGLE,21,CLEAR,1,DAYLIGHT,14,PARKED MOTOR VEHICLE,5000 MELMACK DR,NASHVILLE,TN,37211,8707,SOUTH,36.0749,-86.6963,POINT (-86.6963 36.0749)
20190823901,11/13/2019 09:11:00 AM,2,0,0,,N,226622,4,ANGLE,21,CLEAR,1,DAYLIGHT,12,MOTOR VEHICLE IN TRANSPORT,I40 E ENT RAMP & I 40,NASHVILLE,TN,37205,4903,WEST,36.1109,-86.922,POINT (-86.922 36.1109)
20190630803,08/23/2019 05:01:00 PM,2,1,0,,N,330436,11,Front to Rear,21,CLEAR,1,DAYLIGHT,12,MOTOR VEHICLE IN TRANSPORT,MM 49 0 I 24,NASHVILLE,TN,37206,10040,EAST,36.1664,-86.7647,POINT (-86.7647 36.1664)
20190636107,08/26/2019 01:04:00 AM,3,0,0,,Y,352196,2,HEAD-ON,2,RAIN,2,DARK - NOT LIGHTED,12;14,MOTOR VEHICLE IN TRANSPORT;PARKED MOTOR VEHICLE,FAULKNER DR & LEOPOLE RD,NASHVILLE,TN,37211,8703,SOUTH,36.0759,-86.7115,POINT (-86.7115 36.0759)
20190855057,11/26/2019 01:00:00 PM,1,0,0,,N,676834,0,NOT COLLISION W/MOTOR VEHICLE-TRANSPORT,22,CLOUDY,1,DAYLIGHT,18,OTHER OBJECT (NOT FIXED),2100 BUCHANAN ST,NASHVILLE,TN,37208,4415,NORTH,36.1802,-86.8119,POINT (-86.8119 36.1802)
20190606081,08/14/2019 01:10:00 PM,2,0,0,,N,420035,4,ANGLE,21,CLEAR,1,DAYLIGHT,12,MOTOR VEHICLE IN TRANSPORT,OLD TIME VILLAGE PVTDR & GALLATIN PKEN,MADISON,TN,37115,1763,MADISO,36.2644,-86.7118,POINT (-86.7118 36.2644)
20190892388,12/12/2019 05:30:00 AM,2,0,0,,N,320603,11,Front to Rear,21,CLEAR,3,DARK - LIGHTED,12,MOTOR VEHICLE IN TRANSPORT,CENTENNIAL BLVD & LOUISIANA AV,NASHVILLE,TN,37209,4509,WEST,36.1623,-86.8477,POINT (-86.8477 36.1623)
20190591333,08/08/2019 09:30:00 PM,2,0,0,,N,256377,11,Front to Rear,21,CLEAR,3,DARK - LIGHTED,12,MOTOR VEHICLE IN TRANSPORT,I40 W EXT RAMP & I 40,NASHVILLE,TN,37203,4119,CENTRA,36.1574,-86.79,POINT (-86.79 36.1574)
20190708098,09/24/2019 07:47:00 PM,2,0,0,,N,197068,5,SIDESWIPE - SAME DIRECTION,21,CLEAR,3,DARK - LIGHTED,12,MOTOR VEHICLE IN TRANSPORT,JAMES ROBERTSON PKWY & 4TH AVN,NASHVILLE,TN,37219,4203,CENTRA,36.1673,-86.7811,POINT (-86.7811 36.1673)
20190792108,10/30/2019 06:00:00 PM,2,0,0,,N,433550,11,Front to Rear,2,RAIN,5,DUSK,12,MOTOR VEHICLE IN TRANSPORT,SHUTE LN & CHASE BLVD,OLD HICKORY,TN,37138,9717,HERMIT,36.2256,-86.6033,POINT (-86.6033 36.2256)
20190906051,12/18/2019 06:40:00 PM,2,0,0,,N,279214,5,SIDESWIPE - SAME DIRECTION,21,CLEAR,3,DARK - LIGHTED,12,MOTOR VEHICLE IN TRANSPORT,I65 S ENT RAMP & I 40,NASHVILLE,TN,37203,4006,CENTRA,36.1491,-86.7753,POINT (-86.7753 36.1491)
20190626683,08/22/2019 07:35:00 AM,2,2,0,,N,191578,11,Front to Rear,21,CLEAR,1,DAYLIGHT,12,MOTOR VEHICLE IN TRANSPORT,MM 219 6 I 40,HERMITAGE,TN,37076,94021,HERMIT,36.1613,-86.6205,POINT (-86.6205 36.1613)
20190724045,10/01/2019 02:13:00 PM,2,1,0,,N,256411,11,Front to Rear,21,CLEAR,1,DAYLIGHT,12,MOTOR VEHICLE IN TRANSPORT,I65 S EXT RAMP & ROSA L PARKS BLVD,NASHVILLE,TN,37208,4403,NORTH,36.1853,-86.7982,POINT (-86.7982 36.1853)
20190819819,11/11/2019 08:01:00 PM,2,0,0,,N,330435,5,SIDESWIPE - SAME DIRECTION,2,RAIN,3,DARK - LIGHTED,12,MOTOR VEHICLE IN TRANSPORT,MM 49 5 I 24,NASHVILLE,TN,37210,4008,CENTRA,36.1588,-86.7604,POINT (-86.7604 36.1588)
20190794065,10/31/2019 02:30:00 PM,3,0,0,,Y,807326,11,Front to Rear,22,CLOUDY,1,DAYLIGHT,12,MOTOR VEHICLE IN TRANSPORT,MM 49 5 I 24,NASHVILLE,TN,37210,4008,CENTRA,36.1588,-86.7604,POINT (-86.7604 36.1588)
20190841542,11/20/2019 05:06:00 PM,2,0,0,,N,179606,11,Front to Rear,21,CLEAR,2,DARK - NOT LIGHTED,12,MOTOR VEHICLE IN TRANSPORT,MM 3 9 I 440,NASHVILLE,TN,37204,7010,MIDTOW,36.1161,-86.7913,POINT (-86.7913 36.1161)
20190908769,12/19/2019 08:15:00 PM,3,1,0,,N,337276,4,ANGLE,21,CLEAR,2,DARK - NOT LIGHTED,1;12;14,MOTOR VEHICLE IN TRANSPORT;PARKED MOTOR VEHICLE,N 16TH ST & STRATTON AV,NASHVILLE,TN,37206,1231,EAST,36.1821,-86.7411,POINT (-86.7411 36.1821)
20190728645,10/03/2019 09:50:00 AM,3,0,0,,N,538214,5,SIDESWIPE - SAME DIRECTION,21,CLEAR,1,DAYLIGHT,12,MOTOR VEHICLE IN TRANSPORT,I65 S ENT RAMP & I 40,NASHVILLE,TN,37203,4006,CENTRA,36.1491,-86.7753,POINT (-86.7753 36.1491)
20190901130,12/16/2019 08:56:00 PM,2,0,0,,N,887598,11,Front to Rear,2,RAIN,2,DARK - NOT LIGHTED,12,MOTOR VEHICLE IN TRANSPORT,HERMITAGE AV & STANLEY ST,NASHVILLE,TN,37210,9005,HERMIT,36.1533,-86.7502,POINT (-86.7502 36.1533)
20190686293,09/15/2019 07:40:00 PM,2,0,0,Y,N,433550,11,Front to Rear,21,CLEAR,2,DARK - NOT LIGHTED,12;14,MOTOR VEHICLE IN TRANSPORT;PARKED MOTOR VEHICLE,STONEWATER DR & RIVER VISTA CT,HERMITAGE,TN,37076,9529,HERMIT,36.164,-86.624,POINT (-86.624 36.164)
20190609240,08/15/2019 04:24:00 PM,2,0,0,,N,887598,4,ANGLE,21,CLEAR,1,DAYLIGHT,12,MOTOR VEHICLE IN TRANSPORT,KINGS LN & AMES DR,NASHVILLE,TN,37218,3143,NORTH,36.2208,-86.8225,POINT (-86.8225 36.2208)
20190681407,09/13/2019 11:31:00 AM,2,0,0,,Y,716886,5,SIDESWIPE - SAME DIRECTION,21,CLEAR,1,DAYLIGHT,12;36,MOTOR VEHICLE IN TRANSPORT;CONCRETE TRAFFIC BARRIER,MM 53 4 I 24,NASHVILLE,TN,37210,88141,SOUTH,36.1127,-86.7234,POINT (-86.7234 36.1127)
20190777780,10/24/2019 02:10:00 PM,2,3,0,Y,N,226405,4,ANGLE,21,CLEAR,1,DAYLIGHT,12;39,MOTOR VEHICLE IN TRANSPORT;WALL,15TH AVN & HYNES ST,NASHVILLE,TN,37203,5503,MIDTOW,36.1587,-86.794,POINT (-86.794 36.1587)
20190659071,09/04/2019 07:45:00 AM,2,1,0,,N,420035,11,Front to Rear,21,CLEAR,1,DAYLIGHT,12,MOTOR VEHICLE IN TRANSPORT,MM 89 4 I 65,NASHVILLE,TN,37207,18062,EAST,36.2348,-86.7656,POINT (-86.7656 36.2348)
20190884390,12/09/2019 03:40:00 PM,1,0,0,,N,352204,0,NOT COLLISION W/MOTOR VEHICLE-TRANSPORT,21,CLEAR,1,DAYLIGHT,8,PEDESTRIAN,US HWY 70 & RIVER RD,NASHVILLE,TN,37209,4701,WEST,36.1286,-86.9065,POINT (-86.9065 36.1286)
20190791423,10/30/2019 12:50:00 PM,2,0,0,,N,676834,11,Front to Rear,21,CLEAR,1,DAYLIGHT,12,MOTOR VEHICLE IN TRANSPORT,ROSA L PARKS BLVD & ATHENS WAY,NASHVILLE,TN,37228,4445,NORTH,36.193,-86.8018,POINT (-86.8018 36.193)
20190861853,11/29/2019 07:25:00 PM,1,1,0,,N,161939,0,NOT COLLISION W/MOTOR VEHICLE-TRANSPORT,21,CLEAR,3,DARK - LIGHTED,1,,OLD HICKORY BLVD & BELL RD,HERMITAGE,TN,37076,9545,HERMIT,36.1613,-86.5971,POINT (-86.5971 36.1613)
20190676638,09/11/2019 04:37:00 PM,2,1,0,,N,279208,11,Front to Rear,21,CLEAR,1,DAYLIGHT,12,MOTOR VEHICLE IN TRANSPORT,CHARLOTTE AV & 18TH AVN,NASHVILLE,TN,37203,5505,MIDTOW,36.1581,-86.7999,POINT (-86.7999 36.1581)
20190609956,08/15/2019 09:44:00 PM,2,0,0,,N,256377,4,ANGLE,21,CLEAR,3,DARK - LIGHTED,12,MOTOR VEHICLE IN TRANSPORT,DONELSON PKE & I40 W ENT RAMP,NASHVILLE,TN,37214,9103,HERMIT,36.143,-86.6667,POINT (-86.6667 36.143)
20190692522,09/18/2019 07:38:00 AM,2,0,0,,N,226092,11,Front to Rear,21,CLEAR,1,DAYLIGHT,12,MOTOR VEHICLE IN TRANSPORT,I40 E EXT RAMP & I 40,NASHVILLE,TN,37214,8955,HERMIT,36.155,-86.6271,POINT (-86.6271 36.155)
20190699587,09/20/2019 11:02:00 PM,2,1,0,,N,109542,11,Front to Rear,21,CLEAR,3,DARK - LIGHTED,12,MOTOR VEHICLE IN TRANSPORT,JUNIOR GILLIAM WAY & 4TH AVN,NASHVILLE,TN,37201,4215,CENTRA,36.1735,-86.7852,POINT (-86.7852 36.1735)
20190765608,10/19/2019 04:04:00 AM,2,0,0,,Y,352170,98,OTHER,21,CLEAR,3,DARK - LIGHTED,14,PARKED MOTOR VEHICLE,I24 W EXT RAMP & I 24,NASHVILLE,TN,37211,8829,SOUTH,36.1074,-86.7197,POINT (-86.7197 36.1074)
20190723220,10/01/2019 07:28:00 AM,2,0,0,,N,320586,11,Front to Rear,21,CLEAR,1,DAYLIGHT,12,MOTOR VEHICLE IN TRANSPORT,HAMILTON CHURCH RD & OWENDALE DR,ANTIOCH,TN,37013,8927,SOUTH,36.0648,-86.6221,POINT (-86.6221 36.0648)
20190784044,10/27/2019 04:01:00 PM,2,2,0,,N,352161,4,ANGLE,21,CLEAR,1,DAYLIGHT,12,MOTOR VEHICLE IN TRANSPORT,JO JOHNSTON AVE & 16TH AVE N,NASHVILLE,TN,37203,5425,NORTH,36.1622,-86.798,POINT (-86.798 36.1622)