Accident Number,Date and Time,Number of Motor Vehicles,Number of Injuries,Number of Fatalities,Property Damage,Hit and Run,Reporting Officer,Collision Type Code,Collision Type Description,Weather Code,Weather Description,Illumination Code,Illumination Description,Harmful Code,Harmful Code Description,Street Address,City,State,ZIP,RPA,Precinct,Latitude,Longitude,Mapped Location
20190717514,09/28/2019 03:01:00 PM,2,0,0,,N,298877,11,Front to Rear,21,CLEAR,1,DAYLIGHT,12,MOTOR VEHICLE IN TRANSPORT,MM 53 6 I 24,NASHVILLE,TN,37211,83021,SOUTH,36.1114,-86.7229,POINT (-86.7229 36.1114)
20190786458,10/28/2019 04:18:00 PM,3,0,0,,N,352168,5,SIDESWIPE - SAME DIRECTION,21,CLEAR,1,DAYLIGHT,12,MOTOR VEHICLE IN TRANSPORT,NOLENSVILLE PKE & WELSHWOOD DR,NASHVILLE,TN,37211,8501,MIDTOW,36.0826,-86.7273,POINT (-86.7273 36.0826)
20190930125,12/30/2019 05:47:00 PM,3,1,0,,N,298877,11,Front to Rear,21,CLEAR,3,DARK - LIGHTED,12,MOTOR VEHICLE IN TRANSPORT,I24E & I24 W EXT RAMP,NASHVILLE,TN,37210,8102,SOUTH,36.1336,-86.7269,POINT (-86.7269 36.1336)
20190741663,10/09/2019 06:33:00 AM,2,0,0,,N,184158,11,Front to Rear,21,CLEAR,1,DAYLIGHT,12,MOTOR VEHICLE IN TRANSPORT,MM 205 6 I 40,NASHVILLE,TN,37209,5228,WEST,36.1559,-86.8271,POINT (-86.8271 36.1559)
20190760892,10/17/2019 08:25:00 AM,2,1,0,,N,226576,4,ANGLE,21,CLEAR,1,DAYLIGHT,12,MOTOR VEHICLE IN TRANSPORT,RUSSELL ST & S 1ST ST,NASHVILLE,TN,37213,1133,CENTRA,36.168,-86.7716,POINT (-86.7716 36.168)
20190693398,09/18/2019 01:29:00 PM,2,0,0,,N,594473,5,SIDESWIPE - SAME DIRECTION,21,CLEAR,1,DAYLIGHT,12,MOTOR VEHICLE IN TRANSPORT,16TH AVS & MUSIC SQS,NASHVILLE,TN,37212,6729,MIDTOW,36.1468,-86.7925,POINT (-86.7925 36.1468)
20190887200,12/10/2019 07:35:00 PM,3,0,0,,Y,384408,5,SIDESWIPE - SAME DIRECTION,21,CLEAR,2,DARK - NOT LIGHTED,12,MOTOR VEHICLE IN TRANSPORT,BRILEY PKWYS & BRILEY PKWYN,NASHVILLE,TN,37218,3212,NORTH,36.2142,-86.8724,POINT (-86.8724 36.2142)
20190656068,09/03/2019 06:02:00 AM,2,0,0,,N,298859,4,ANGLE,21,CLEAR,1,DAYLIGHT,12,MOTOR VEHICLE IN TRANSPORT,BRILEY PKWY & VENUS DR,NASHVILLE,TN,37217,88942,HERMIT,36.1232,-86.6965,POINT (-86.6965 36.1232)
20190590309,08/08/2019 02:22:00 PM,2,0,0,,N,306231,4,ANGLE,21,CLEAR,1,DAYLIGHT,12,MOTOR VEHICLE IN TRANSPORT,MM 206 7 I 40,NASHVILLE,TN,37208,4504,NORTH,36.1678,-86.8158,POINT (-86.8158 36.1678)
20190587742,08/07/2019 05:09:00 PM,1,1,0,,N,256379,0,NOT COLLISION W/MOTOR VEHICLE-TRANSPORT,21,CLEAR,1,DAYLIGHT,1,,I24 W ENT RAMP & I 24,NASHVILLE,TN,37206,1009,EAST,36.1666,-86.7638,POINT (-86.7638 36.1666)
20190756742,10/15/2019 04:03:00 PM,2,0,0,,N,429193,4,ANGLE,21,CLEAR,1,DAYLIGHT,12,MOTOR VEHICLE IN TRANSPORT,MM 200 8 I 40,NASHVILLE,TN,37209,4708,WEST,36.1281,-86.9012,POINT (-86.9012 36.1281)
20190613638,08/16/2019 05:00:00 PM,1,0,0,Y,Y,311325,0,NOT COLLISION W/MOTOR VEHICLE-TRANSPORT,21,CLEAR,1,DAYLIGHT,38,FENCE,BUTLER RD & BUTLER RD,NASHVILLE,TN,37217,8981,HERMIT,36.0825,-86.618,POINT (-86.618 36.0825)
20190847585,11/23/2019 01:35:00 AM,1,0,0,Y,Y,311340,0,NOT COLLISION W/MOTOR VEHICLE-TRANSPORT,2,RAIN,3,DARK - LIGHTED,19,BUILDING,MURPHY RD & PARK DR,NASHVILLE,TN,37203,5629,MIDTOW,36.1394,-86.8197,POINT (-86.8197 36.1394)
20190775861,10/23/2019 06:40:00 PM,2,1,0,,Y,256427,11,Front to Rear,21,CLEAR,3,DARK - LIGHTED,12,MOTOR VEHICLE IN TRANSPORT,MM 211 7 I 40,NASHVILLE,TN,37210,82042,HERMIT,36.1499,-86.7483,POINT (-86.7483 36.1499)
20190808495,11/06/2019 05:27:00 PM,2,1,0,,N,197070,11,Front to Rear,21,CLEAR,1,DAYLIGHT,12,MOTOR VEHICLE IN TRANSPORT,MM 85 0 I 65,NASHVILLE,TN,37208,43021,NORTH,36.1799,-86.8005,POINT (-86.8005 36.1799)
20190621188,08/20/2019 09:15:00 AM,2,1,0,,N,226600,11,Front to Rear,21,CLEAR,1,DAYLIGHT,12,MOTOR VEHICLE IN TRANSPORT,WOODMONT BLVD & ECHO HILL RD,NASHVILLE,TN,37215,6105,WEST,36.1149,-86.8206,POINT (-86.8206 36.1149)
20190885483,12/10/2019 05:50:00 AM,1,0,0,,N,352193,0,NOT COLLISION W/MOTOR VEHICLE-TRANSPORT,2,RAIN,3,DARK - LIGHTED,50,DEER (ANIMAL),DONELSON PKE & WOODBERRY DR,NASHVILLE,TN,37214,9113,HERMIT,36.1605,-86.6645,POINT (-86.6645 36.1605)
20190874667,12/05/2019 09:42:00 AM,1,1,0,Y,N,110063,0,NOT COLLISION W/MOTOR VEHICLE-TRANSPORT,21,CLEAR,1,DAYLIGHT,32;40;63,CULVERT;MAIL BOX;Ran Off Road-Right,WHITES CREEK PKE & JACKMAN RD,JOELTON,TN,37080,2311,NORTH,36.3575,-86.8826,POINT (-86.8826 36.3575)
20190925882,12/28/2019 04:08:00 PM,1,0,0,Y,Y,256423,0,NOT COLLISION W/MOTOR VEHICLE-TRANSPORT,21,CLEAR,1,DAYLIGHT,30;34,UTILITY POLE;DITCH,W GREEN LN & WHITES CREEK PKE,NASHVILLE,TN,37207,3221,NORTH,36.2378,-86.8181,POINT (-86.8181 36.2378)
20190781514,10/26/2019 04:28:00 AM,1,1,0,Y,N,229888,0,NOT COLLISION W/MOTOR VEHICLE-TRANSPORT,2,RAIN,3,DARK - LIGHTED,12;30,MOTOR VEHICLE IN TRANSPORT;UTILITY POLE,EVANSTON AV & DICKERSON PKE,NASHVILLE,TN,37207,1911,EAST,36.1901,-86.7729,POINT (-86.7729 36.1901)
20190855443,11/26/2019 04:14:00 PM,2,1,0,,N,212343,5,SIDESWIPE - SAME DIRECTION,2,RAIN,5,DUSK,12,MOTOR VEHICLE IN TRANSPORT,MM 48 0 I 24,NASHVILLE,TN,37213,1908,CENTRA,36.1759,-86.7721,POINT (-86.7721 36.1759)
20190788695,10/29/2019 12:59:00 PM,2,1,0,Y,N,485261,4,ANGLE,21,CLEAR,1,DAYLIGHT,12,MOTOR VEHICLE IN TRANSPORT,7TH AVS & BROADWAY,NASHVILLE,TN,37203,4085,CENTRA,36.1594,-86.781,POINT (-86.781 36.1594)
20190829702,11/15/2019 05:35:00 PM,2,1,0,,N,298867,11,Front to Rear,21,CLEAR,2,DARK - NOT LIGHTED,12,MOTOR VEHICLE IN TRANSPORT,ELLINGTON PKWYN & ELLINGTON PKWYS,NASHVILLE,TN,37216,1890,EAST,36.2227,-86.7464,POINT (-86.7464 36.2227)
20190757104,10/15/2019 07:00:00 PM,2,0,0,,Y,909486,4,ANGLE,21,CLEAR,3,DARK - LIGHTED,12,MOTOR VEHICLE IN TRANSPORT,HARDING PL & TROUSDALE DR,NASHVILLE,TN,37220,8601,MIDTOW,36.0811,-86.7584,POINT (-86.7584 36.0811)
20190790682,10/30/2019 06:17:00 AM,2,0,0,,Y,352193,5,SIDESWIPE - SAME DIRECTION,2,RAIN,3,DARK - LIGHTED,12,MOTOR VEHICLE IN TRANSPORT,I40 W EXT RAMP & I 40,NASHVILLE,TN,37203,4119,CENTRA,36.1574,-86.79,POINT (-86.79 36.1574)
20190745107,10/10/2019 03:20:00 PM,2,0,0,,N,352156,4,ANGLE,21,CLEAR,1,DAYLIGHT,12,MOTOR VEHICLE IN TRANSPORT,HAYWOOD LN & EZELL RD,NASHVILLE,TN,37211,8709,SOUTH,36.0696,-86.6944,POINT (-86.6944 36.0696)
20190685093,09/14/2019 07:45:00 PM,2,0,0,,Y,330438,5,SIDESWIPE - SAME DIRECTION,21,CLEAR,5,DUSK,12,MOTOR VEHICLE IN TRANSPORT,BRILEY PKWY S EXT RAMP & I40 W ENT RAMP,NASHVILLE,TN,37209,46120,WEST,36.1558,-86.8585,POINT (-86.8585 36.1558)
20190774566,10/23/2019 08:05:00 AM,2,0,0,,N,262749,11,Front to Rear,21,CLEAR,1,DAYLIGHT,12,MOTOR VEHICLE IN TRANSPORT,STEWARTS FERRY PKE & CLOVER BOTTOM PVTDR,NASHVILLE,TN,37214,9407,HERMIT,36.1609,-86.6452,POINT (-86.6452 36.1609)
20190690751,09/17/2019 03:56:00 PM,2,1,0,,Y,267831,11,Front to Rear,21,CLEAR,1,DAYLIGHT,12,MOTOR VEHICLE IN TRANSPORT,WHITE BRIDGE PKE & BURGESS AV,NASHVILLE,TN,37209,5025,WEST,36.1446,-86.8579,POINT (-86.8579 36.1446)
20190711956,09/26/2019 06:05:00 AM,2,0,0,,N,299247,5,SIDESWIPE - SAME DIRECTION,21,CLEAR,2,DARK - NOT LIGHTED,12,MOTOR VEHICLE IN TRANSPORT,MM 51 5 I 24,NASHVILLE,TN,37210,9004,HERMIT,36.1404,-86.7287,POINT (-86.7287 36.1404)
20190723737,10/01/2019 11:45:00 AM,2,0,0,,N,716886,11,Front to Rear,21,CLEAR,1,DAYLIGHT,12,MOTOR VEHICLE IN TRANSPORT,MURFREESBORO PKE & OLD HICKORY BLVD,ANTIOCH,TN,37013,8867,SOUTH,36.0413,-86.6051,POINT (-86.6051 36.0413)
20190740953,10/08/2019 11:18:00 PM,1,1,0,Y,N,384402,0,NOT COLLISION W/MOTOR VEHICLE-TRANSPORT,21,CLEAR,2,DARK - NOT LIGHTED,31;7,"OTHER POST, POLE, SUPP.",PRESTON RD & PETTUS RD,ANTIOCH,TN,37013,8763,SOUTH,36.0258,-86.663,POINT (-86.663 36.0258)
20190894621,12/13/2019 04:02:00 PM,3,0,0,,N,725774,11,Front to Rear,2,RAIN,5,DUSK,12,MOTOR VEHICLE IN TRANSPORT,SAUNDERSVILLE RD & SHUTE LN,OLD HICKORY,TN,37138,9721,HERMIT,36.2263,-86.6032,POINT (-86.6032 36.2263)
20190695080,09/19/2019 05:45:00 AM,2,0,0,,Y,352202,11,Front to Rear,21,CLEAR,3,DARK - LIGHTED,12,MOTOR VEHICLE IN TRANSPORT,KOREAN VETERANS BLVD & 3RD AVS,NASHVILLE,TN,37201,4047,CENTRA,36.1578,-86.7732,POINT (-86.7732 36.1578)
20190894955,12/13/2019 05:05:00 PM,2,0,0,,N,717341,4,ANGLE,2,RAIN,3,DARK - LIGHTED,12,MOTOR VEHICLE IN TRANSPORT,MURFREESBORO PKE & LAKEVILLA DR,ANTIOCH,TN,37013,8861,SOUTH,36.0767,-86.6409,POINT (-86.6409 36.0767)
20190619558,08/19/2019 08:39:00 PM,2,0,0,,Y,256383,5,SIDESWIPE - SAME DIRECTION,21,CLEAR,3,DARK - LIGHTED,14,PARKED MOTOR VEHICLE,WILLARD DR & WALLACE RD,NASHVILLE,TN,37211,8707,SOUTH,36.0798,-86.7038,POINT (-86.7038 36.0798)
20190758824,10/16/2019 12:09:00 PM,2,0,0,,N,414731,11,Front to Rear,21,CLEAR,1,DAYLIGHT,12,MOTOR VEHICLE IN TRANSPORT,ANTIOCH PKE & CANDY LN,NASHVILLE,TN,37211,8845,SOUTH,36.0918,-86.697,POINT (-86.697 36.0918)
20190791273,10/30/2019 11:48:00 AM,2,0,0,,N,134899,4,ANGLE,2,RAIN,1,DAYLIGHT,12,MOTOR VEHICLE IN TRANSPORT,LAFAYETTE ST & UNIVERSITY CT,NASHVILLE,TN,37210,8151,SOUTH,36.1499,-86.7657,POINT (-86.7657 36.1499)
20190644410,08/29/2019 08:15:00 AM,2,0,0,,N,676834,5,SIDESWIPE - SAME DIRECTION,21,CLEAR,1,DAYLIGHT,12,MOTOR VEHICLE IN TRANSPORT,22ND AVN & HEIMAN ST,NASHVILLE,TN,37208,4479,NORTH,36.1716,-86.8114,POINT (-86.8114 36.1716)
20190802816,11/04/2019 02:20:00 PM,1,1,0,,N,235761,0,NOT COLLISION W/MOTOR VEHICLE-TRANSPORT,21,CLEAR,1,DAYLIGHT,8,PEDESTRIAN,CHARLOTTE PKE & LELLYETT ST,NASHVILLE,TN,37209,5031,WEST,36.149,-86.8639,POINT (-86.8639 36.149)
20190844293,11/21/2019 07:34:00 PM,2,2,0,,N,384402,11,Front to Rear,21,CLEAR,3,DARK - LIGHTED,12,MOTOR VEHICLE IN TRANSPORT,RURAL HILL RD & MURFREESBORO PKE,NASHVILLE,TN,37217,8939,HERMIT,36.0746,-86.6384,POINT (-86.6384 36.0746)
20190779319,10/25/2019 06:36:00 AM,1,0,0,,N,134899,0,NOT COLLISION W/MOTOR VEHICLE-TRANSPORT,21,CLEAR,3,DARK - LIGHTED,50,DEER (ANIMAL),LEBANON PKE & MEADOW CLIFF,NASHVILLE,TN,37210,9019,HERMIT,36.1635,-86.6995,POINT (-86.6995 36.1635)
20190619392,08/19/2019 06:20:00 PM,3,1,0,,N,320577,11,Front to Rear,21,CLEAR,1,DAYLIGHT,12,MOTOR VEHICLE IN TRANSPORT,MM 4 4 I 440,NASHVILLE,TN,37204,7014,MIDTOW,36.1158,-86.7827,POINT (-86.7827 36.1158)
20190735994,10/06/2019 05:35:00 PM,2,1,0,,N,330445,4,ANGLE,2,RAIN,1,DAYLIGHT,12,MOTOR VEHICLE IN TRANSPORT,HARDING PL & TROUSDALE DR,NASHVILLE,TN,37204,8533,MIDTOW,36.0811,-86.7584,POINT (-86.7584 36.0811)
20190770404,10/21/2019 02:51:00 PM,2,2,0,,N,352197,11,Front to Rear,2,RAIN,1,DAYLIGHT,12,MOTOR VEHICLE IN TRANSPORT,PIN HOOK RD & HOBSON PKE,ANTIOCH,TN,37013,8927,SOUTH,36.0493,-86.5999,POINT (-86.5999 36.0493)
20190892377,12/12/2019 05:42:00 PM,2,0,0,,N,279211,11,Front to Rear,21,CLEAR,2,DARK - NOT LIGHTED,12,MOTOR VEHICLE IN TRANSPORT,MM 39 5 I 24,WHITES CREEK,TN,37189,2210,MADISO,36.2896,-86.8096,POINT (-86.8096 36.2896)
20190886472,12/10/2019 01:30:00 PM,1,0,0,,N,235761,0,NOT COLLISION W/MOTOR VEHICLE-TRANSPORT,22,CLOUDY,1,DAYLIGHT,18,OTHER OBJECT (NOT FIXED),MM 202 7 I 40,NASHVILLE,TN,37209,50022,WEST,36.1468,-86.8781,POINT (-86.8781 36.1468)
20190636687,08/26/2019 07:40:00 AM,2,0,0,,N,226622,4,ANGLE,2,RAIN,1,DAYLIGHT,12,MOTOR VEHICLE IN TRANSPORT,HOBBS RD & ESTES RD,NASHVILLE,TN,37205,6117,WEST,36.103,-86.8383,POINT (-86.8383 36.103)
20190793239,10/31/2019 07:04:00 AM,2,0,0,,N,620080,11,Front to Rear,2,RAIN,1,DAYLIGHT,12,MOTOR VEHICLE IN TRANSPORT,700 MURFREESBORO PKE,NASHVILLE,TN,37210,8219,HERMIT,36.1394,-86.7338,POINT (-86.7338 36.1394)
20190755787,10/15/2019 08:20:00 AM,2,0,0,,N,226586,11,Front to Rear,21,CLEAR,1,DAYLIGHT,12,MOTOR VEHICLE IN TRANSPORT,UNION ST & 6TH AVN,NASHVILLE,TN,37219,4141,CENTRA,36.164,-86.7823,POINT (-86.7823 36.164)
20190823728,11/13/2019 07:40:00 AM,2,0,0,,N,620061,11,Front to Rear,21,CLEAR,1,DAYLIGHT,12,MOTOR VEHICLE IN TRANSPORT,BLACKMAN RD & SHADESCREST DR,NASHVILLE,TN,37211,8611,MIDTOW,36.0742,-86.7378,POINT (-86.7378 36.0742)
20190899460,12/16/2019 05:58:00 AM,2,0,0,,N,330420,11,Front to Rear,2,RAIN,3,DARK - LIGHTED,12,MOTOR VEHICLE IN TRANSPORT,MM 210 7 I 40,NASHVILLE,TN,37210,8202,HERMIT,36.1532,-86.7644,POINT (-86.7644 36.1532)
20190720789,09/30/2019 08:13:00 AM,2,0,0,,N,334981,5,SIDESWIPE - SAME DIRECTION,21,CLEAR,1,DAYLIGHT,12,MOTOR VEHICLE IN TRANSPORT,LAFAYETTE ST & 2ND AVS,NASHVILLE,TN,37210,8201,HERMIT,36.1507,-86.768,POINT (-86.768 36.1507)
20190793197,10/31/2019 07:32:00 AM,3,2,0,,N,594473,11,Front to Rear,2,RAIN,1,DAYLIGHT,12,MOTOR VEHICLE IN TRANSPORT,FRANKLIN PKE & FOREST ACRES DR,NASHVILLE,TN,37220,7111,MIDTOW,36.0636,-86.7743,POINT (-86.7743 36.0636)
20190884687,12/09/2019 09:38:00 PM,3,0,0,,N,256426,5,SIDESWIPE - SAME DIRECTION,2,RAIN,3,DARK - LIGHTED,12,MOTOR VEHICLE IN TRANSPORT,MM 213 0 I 40,NASHVILLE,TN,37210,8219,HERMIT,36.1407,-86.7323,POINT (-86.7323 36.1407)
20190797482,11/02/2019 12:20:00 AM,2,1,0,,Y,298859,11,Front to Rear,21,CLEAR,3,DARK - LIGHTED,12,MOTOR VEHICLE IN TRANSPORT,MOSSDALE DR & BELL RD,NASHVILLE,TN,37217,8937,HERMIT,36.0828,-86.6287,POINT (-86.6287 36.0828)
20190896586,12/14/2019 02:41:00 PM,2,0,0,,N,352168,11,Front to Rear,22,CLOUDY,1,DAYLIGHT,12,MOTOR VEHICLE IN TRANSPORT,NOLENSVILLE PKE & ELYSIAN FIELDS CT,NASHVILLE,TN,37211,8501,MIDTOW,36.0869,-86.7302,POINT (-86.7302 36.0869)
20190596806,08/10/2019 10:44:00 PM,2,3,0,,N,240944,2,HEAD-ON,21,CLEAR,3,DARK - LIGHTED,12,MOTOR VEHICLE IN TRANSPORT,UNA ANTIOCH PKE & OAK BARREL DR,ANTIOCH,TN,37013,8891,SOUTH,36.0806,-86.6538,POINT (-86.6538 36.0806)
20190667443,09/07/2019 08:25:00 PM,2,0,0,,N,256386,2,HEAD-ON,21,CLEAR,3,DARK - LIGHTED,12,MOTOR VEHICLE IN TRANSPORT,PRINCETON PL & OLD HICKORY BLVD,HERMITAGE,TN,37076,9557,HERMIT,36.1727,-86.6019,POINT (-86.6019 36.1727)
20190677020,09/11/2019 06:55:00 PM,2,0,0,,N,240966,4,ANGLE,21,CLEAR,1,DAYLIGHT,12,MOTOR VEHICLE IN TRANSPORT,W TRINITY LN & LUCAS LN,NASHVILLE,TN,37207,1863,EAST,36.2061,-86.7711,POINT (-86.7711 36.2061)
20190731588,10/04/2019 01:38:00 PM,2,0,0,,N,226586,5,SIDESWIPE - SAME DIRECTION,21,CLEAR,1,DAYLIGHT,12,MOTOR VEHICLE IN TRANSPORT,MM 47 4 I 24,NASHVILLE,TN,37207,1904,CENTRA,36.1827,-86.7752,POINT (-86.7752 36.1827)
20190683892,09/14/2019 11:30:00 AM,1,0,0,Y,N,226600,0,NOT COLLISION W/MOTOR VEHICLE-TRANSPORT,21,CLEAR,1,DAYLIGHT,24,GUARDRAIL FACE,I440 E EXT RAMP & I 440,NASHVILLE,TN,37205,5249,WEST,36.1366,-86.8221,POINT (-86.8221 36.1366)
20190867923,12/02/2019 08:00:00 PM,2,0,0,,N,279208,5,SIDESWIPE - SAME DIRECTION,21,CLEAR,7,Dark-Unknown Lighting,12,MOTOR VEHICLE IN TRANSPORT,BROADWAY & 15TH AVN,NASHVILLE,TN,37203,5701,MIDTOW,36.1552,-86.7907,POINT (-86.7907 36.1552)
20190886215,12/10/2019 11:40:00 AM,2,0,0,,N,665896,5,SIDESWIPE - SAME DIRECTION,22,CLOUDY,1,DAYLIGHT,12,MOTOR VEHICLE IN TRANSPORT,GALLATIN PKE & DOZIER PL,NASHVILLE,TN,37216,1851,EAST,36.2017,-86.7395,POINT (-86.7395 36.2017)
20190626953,08/22/2019 09:40:00 AM,2,0,0,,Y,716886,5,SIDESWIPE - SAME DIRECTION,21,CLEAR,1,DAYLIGHT,12,MOTOR VEHICLE IN TRANSPORT,MM 52 6 I 24,NASHVILLE,TN,37210,81022,SOUTH,36.1244,-86.7281,POINT (-86.7281 36.1244)
20190603805,08/13/2019 03:57:00 PM,1,1,0,,N,256417,0,NOT COLLISION W/MOTOR VEHICLE-TRANSPORT,2,RAIN,1,DAYLIGHT,24,GUARDRAIL FACE,MM 215 1 I 40,NASHVILLE,TN,37214,91021,HERMIT,36.1443,-86.6934,POINT (-86.6934 36.1443)
20190910738,12/20/2019 04:22:00 PM,2,0,0,,N,134871,4,ANGLE,21,CLEAR,5,DUSK,12,MOTOR VEHICLE IN TRANSPORT,DEMONBREUN ST & I40 W EXT RAMP,NASHVILLE,TN,37203,4015,CENTRA,36.1539,-86.7878,POINT (-86.7878 36.1539)
20190645369,08/29/2019 04:46:00 PM,3,1,0,,N,256389,4,ANGLE,21,CLEAR,1,DAYLIGHT,12,MOTOR VEHICLE IN TRANSPORT,WOODMONT BLVD & HOPKINS ST,NASHVILLE,TN,37215,6413,MIDTOW,36.1136,-86.8062,POINT (-86.8062 36.1136)
20190794187,10/31/2019 04:17:00 PM,2,0,0,,N,420040,11,Front to Rear,22,CLOUDY,1,DAYLIGHT,12,MOTOR VEHICLE IN TRANSPORT,WEDGEWOOD AV & 21ST AVS,NASHVILLE,TN,37212,5825,MIDTOW,36.1376,-86.8008,POINT (-86.8008 36.1376)
20190758216,10/16/2019 12:00:00 AM,3,3,0,,N,352179,98,OTHER,22,CLOUDY,1,DAYLIGHT,12,MOTOR VEHICLE IN TRANSPORT,EWING DR & BRICK CHURCH PIKE,NASHVILLE,TN,37207,2003,MADISO,36.2316,-86.7815,POINT (-86.7815 36.2316)
20190685954,09/15/2019 02:45:00 PM,2,0,0,,N,161939,11,Front to Rear,21,CLEAR,1,DAYLIGHT,12,MOTOR VEHICLE IN TRANSPORT,US HWY 41 & MOUNTAIN SPRINGS RD,ANTIOCH,TN,37013,8927,SOUTH,36.0488,-86.613,POINT (-86.613 36.0488)
20190889227,12/11/2019 02:41:00 PM,3,1,0,,N,299264,11,Front to Rear,21,CLEAR,1,DAYLIGHT,12,MOTOR VEHICLE IN TRANSPORT,MM 208 6 I 40,NASHVILLE,TN,37203,42020,CENTRA,36.1629,-86.7935,POINT (-86.7935 36.1629)
20190598734,08/11/2019 09:04:00 PM,2,1,0,,N,212322,11,Front to Rear,21,CLEAR,2,DARK - NOT LIGHTED,12,MOTOR VEHICLE IN TRANSPORT,MM 56 9 I 24,NASHVILLE,TN,37211,8810,SOUTH,36.0705,-86.6903,POINT (-86.6903 36.0705)
20190602811,08/13/2019 10:00:00 AM,2,2,0,,N,676834,11,Front to Rear,21,CLEAR,1,DAYLIGHT,12,MOTOR VEHICLE IN TRANSPORT,CLARKSVILLE PKE & CEDAR CIR,NASHVILLE,TN,37218,3141,NORTH,36.2137,-86.8383,POINT (-86.8383 36.2137)
20190848971,11/23/2019 08:00:00 PM,2,0,0,,N,256394,4,ANGLE,22,CLOUDY,2,DARK - NOT LIGHTED,14,PARKED MOTOR VEHICLE,PATRICIA DR & THOMPSON PL,NASHVILLE,TN,37217,8819,HERMIT,36.1294,-86.7072,POINT (-86.7072 36.1294)
20190611628,08/16/2019 03:25:00 PM,2,0,0,,N,420040,11,Front to Rear,21,CLEAR,1,DAYLIGHT,12,MOTOR VEHICLE IN TRANSPORT,MM 5 3 I 440,NASHVILLE,TN,37204,81061,MIDTOW,36.1194,-86.7669,POINT (-86.7669 36.1194)
20190650605,08/31/2019 05:13:00 PM,2,0,0,,N,279116,5,SIDESWIPE - SAME DIRECTION,22,CLOUDY,1,DAYLIGHT,12,MOTOR VEHICLE IN TRANSPORT,OLD HICKORY BLVD & FRANKLIN PIKE CIR,BRENTWOOD,TN,37027,8623,MIDTOW,36.0405,-86.7801,POINT (-86.7801 36.0405)
20190770684,10/21/2019 12:00:00 AM,2,1,0,Y,N,311333,11,Front to Rear,2,RAIN,1,DAYLIGHT,12,MOTOR VEHICLE IN TRANSPORT,PETTUS RD & PRESTON RD,ANTIOCH,TN,37013,8761,SOUTH,36.0225,-86.6648,POINT (-86.6648 36.0225)
20190689146,09/17/2019 12:13:00 AM,1,0,0,,N,279221,0,NOT COLLISION W/MOTOR VEHICLE-TRANSPORT,21,CLEAR,3,DARK - LIGHTED,18,OTHER OBJECT (NOT FIXED),DICKERSON PKES & OLD DICKERSON PKE,GOODLETTSVILLE,TN,37072,2111,MADISO,36.2892,-86.7417,POINT (-86.7417 36.2892)
20190816934,11/10/2019 11:06:00 AM,2,2,0,,N,306231,4,ANGLE,21,CLEAR,1,DAYLIGHT,12,MOTOR VEHICLE IN TRANSPORT,CLARKSVILLE PKE & BUENA VISTA PKE,NASHVILLE,TN,37218,3135,NORTH,36.1935,-86.8309,POINT (-86.8309 36.1935)
20190749625,10/12/2019 02:40:00 PM,4,3,0,,N,311337,4,ANGLE,21,CLEAR,1,DAYLIGHT,12,MOTOR VEHICLE IN TRANSPORT,EDGE O LAKE DR & BELL RD,NASHVILLE,TN,37217,8963,HERMIT,36.0794,-86.6326,POINT (-86.6326 36.0794)
20190896697,12/14/2019 02:14:00 PM,2,1,0,,N,384403,11,Front to Rear,21,CLEAR,1,DAYLIGHT,12,MOTOR VEHICLE IN TRANSPORT,CHARLOTTE PKE & WATTS LN,NASHVILLE,TN,37209,5023,WEST,36.1437,-86.8736,POINT (-86.8736 36.1437)
20190685990,09/15/2019 02:19:00 PM,2,0,0,,N,298867,5,SIDESWIPE - SAME DIRECTION,21,CLEAR,1,DAYLIGHT,12,MOTOR VEHICLE IN TRANSPORT,DICKERSON PKE & OAK VALLEY DR,NASHVILLE,TN,37207,1811,EAST,36.2305,-86.7591,POINT (-86.7591 36.2305)
20190736733,10/07/2019 05:00:00 AM,2,1,0,,N,109531,11,Front to Rear,2,RAIN,3,DARK - LIGHTED,12;14,MOTOR VEHICLE IN TRANSPORT;PARKED MOTOR VEHICLE,MM 49 1 I 24,NASHVILLE,TN,37206,10040,EAST,36.1647,-86.7634,POINT (-86.7634 36.1647)
20190780265,10/25/2019 01:55:00 PM,2,0,0,,N,352161,11,Front to Rear,2,RAIN,1,DAYLIGHT,12,MOTOR VEHICLE IN TRANSPORT,DR DB TODD JR BLVD & SAINT LOUIS ST,NASHVILLE,TN,37208,4413,NORTH,36.1808,-86.8114,POINT (-86.8114 36.1808)
20190857605,11/27/2019 01:39:00 PM,2,0,0,,N,493304,11,Front to Rear,21,CLEAR,1,DAYLIGHT,12,MOTOR VEHICLE IN TRANSPORT,MM 93 2 I 65,MADISON,TN,37115,17062,MADISO,36.2787,-86.7343,POINT (-86.7343 36.2787)
20190681858,09/13/2019 03:35:00 PM,2,1,0,,Y,717341,11,Front to Rear,21,CLEAR,1,DAYLIGHT,12,MOTOR VEHICLE IN TRANSPORT,HARDING PL & WHISPERING OAKS PL,NASHVILLE,TN,37211,8705,SOUTH,36.0817,-86.7137,POINT (-86.7137 36.0817)
20190925417,12/28/2019 12:00:00 AM,1,0,0,,N,278580,0,NOT COLLISION W/MOTOR VEHICLE-TRANSPORT,22,CLOUDY,1,DAYLIGHT,34;63,DITCH;Ran Off Road-Right,KNIGHT DR & WHITES CREEK PKE,WHITES CREEK,TN,37189,3223,NORTH,36.2232,-86.8086,POINT (-86.8086 36.2232)