Accident Number,Date and Time,Number of Motor Vehicles,Number of Injuries,Number of Fatalities,Property Damage,Hit and Run,Reporting Officer,Collision Type Code,Collision Type Description,Weather Code,Weather Description,Illumination Code,Illumination Description,Harmful Code,Harmful Code Description,Street Address,City,State,ZIP,RPA,Precinct,Latitude,Longitude,Mapped Location
20190810564,11/07/2019 02:03:00 PM,2,1,0,,N,352179,4,ANGLE,2,RAIN,1,DAYLIGHT,12,MOTOR VEHICLE IN TRANSPORT,W CAMPBELL RD & DICKERSON PKES,GOODLETTSVILLE,TN,37072,2113,MADISO,36.2924,-86.7337,POINT (-86.7337 36.2924)
20190615983,08/18/2019 10:57:00 AM,2,0,0,,Y,909494,11,Front to Rear,21,CLEAR,1,DAYLIGHT,12,MOTOR VEHICLE IN TRANSPORT,MM 47 9 I 24,NASHVILLE,TN,37207,1904,CENTRA,36.1775,-86.7731,POINT (-86.7731 36.1775)
20190748413,10/11/2019 08:30:00 PM,3,0,0,,Y,169414,11,Front to Rear,2,RAIN,3,DARK - LIGHTED,12,MOTOR VEHICLE IN TRANSPORT,MM 56 6 I 24,NASHVILLE,TN,37211,8810,SOUTH,36.0742,-86.6927,POINT (-86.6927 36.0742)
20190846708,11/22/2019 05:24:00 PM,2,0,0,,N,384403,11,Front to Rear,21,CLEAR,3,DARK - LIGHTED,12,MOTOR VEHICLE IN TRANSPORT,CHARLOTTE PKE & AMERICAN RD,NASHVILLE,TN,37209,5027,WEST,36.1444,-86.8727,POINT (-86.8727 36.1444)
20190867874,12/02/2019 07:30:00 PM,2,0,0,,N,320580,5,SIDESWIPE - SAME DIRECTION,21,CLEAR,3,DARK - LIGHTED,12,MOTOR VEHICLE IN TRANSPORT,MM 211 8 I 40,NASHVILLE,TN,37210,90022,HERMIT,36.149,-86.7465,POINT (-86.7465 36.149)
20190625255,08/21/2019 05:46:00 PM,2,0,0,,N,320579,4,ANGLE,21,CLEAR,5,DUSK,12,MOTOR VEHICLE IN TRANSPORT,MCEWEN AV & LAKEHURST DR,NASHVILLE,TN,37206,1261,EAST,36.1808,-86.7354,POINT (-86.7354 36.1808)
20190770216,10/21/2019 12:50:00 PM,2,0,0,,N,348631,11,Front to Rear,2,RAIN,1,DAYLIGHT,12,MOTOR VEHICLE IN TRANSPORT,S 14TH ST & SHELBY AV,NASHVILLE,TN,37206,1035,EAST,36.169,-86.7471,POINT (-86.7471 36.169)
20190637480,08/26/2019 03:17:00 PM,2,0,0,,N,320599,11,Front to Rear,22,CLOUDY,1,DAYLIGHT,12,MOTOR VEHICLE IN TRANSPORT,OLD HICKORY BLVD & ANDREW JACKSON PKWY,HERMITAGE,TN,37076,9561,HERMIT,36.1836,-86.6107,POINT (-86.6107 36.1836)
20190793168,10/31/2019 05:55:00 AM,2,0,0,,N,628640,11,Front to Rear,2,RAIN,3,DARK - LIGHTED,12,MOTOR VEHICLE IN TRANSPORT,MM 6 8 I 440,NASHVILLE,TN,37210,81040,SOUTH,36.1244,-86.7398,POINT (-86.7398 36.1244)
20190908594,12/19/2019 04:20:00 PM,2,0,0,,N,420040,5,SIDESWIPE - SAME DIRECTION,21,CLEAR,5,DUSK,14,PARKED MOTOR VEHICLE,2800 WEST END AV,NASHVILLE,TN,37203,5625,MIDTOW,36.1451,-86.8124,POINT (-86.8124 36.1451)
20190899968,12/16/2019 10:39:00 AM,2,1,0,,N,226622,11,Front to Rear,2,RAIN,1,DAYLIGHT,12,MOTOR VEHICLE IN TRANSPORT,HARDING PKE & POST RD,NASHVILLE,TN,37205,6123,WEST,36.1043,-86.8692,POINT (-86.8692 36.1043)
20190779895,10/25/2019 11:40:00 AM,2,0,0,,N,384442,11,Front to Rear,21,CLEAR,1,DAYLIGHT,12,MOTOR VEHICLE IN TRANSPORT,FRANKLIN PKE SB ENT RAMP & FRANKLIN PKE,NASHVILLE,TN,37204,7011,MIDTOW,36.1084,-86.7731,POINT (-86.7731 36.1084)
20190894807,12/13/2019 05:43:00 PM,3,0,0,,N,330427,11,Front to Rear,21,CLEAR,2,DARK - NOT LIGHTED,12,MOTOR VEHICLE IN TRANSPORT,MM 38 0 I 24,WHITES CREEK,TN,37189,2212,NORTH,36.3083,-86.8217,POINT (-86.8217 36.3083)
20190902752,12/17/2019 01:57:00 PM,4,1,0,,N,716886,11,Front to Rear,21,CLEAR,1,DAYLIGHT,12,MOTOR VEHICLE IN TRANSPORT,MURFREESBORO PKE & THOMPSON PL,NASHVILLE,TN,37217,8817,HERMIT,36.1266,-86.7111,POINT (-86.7111 36.1266)
20190747953,10/11/2019 06:47:00 PM,3,0,0,,N,311327,11,Front to Rear,2,RAIN,3,DARK - LIGHTED,12,MOTOR VEHICLE IN TRANSPORT,GALLATIN PKE & W KIRKLAND AV,NASHVILLE,TN,37216,1417,EAST,36.2087,-86.7347,POINT (-86.7347 36.2087)
20190821529,11/12/2019 12:41:00 PM,2,1,0,,N,405447,4,ANGLE,21,CLEAR,1,DAYLIGHT,12,MOTOR VEHICLE IN TRANSPORT,TROUSDALE DR & GRASSMERE PK,NASHVILLE,TN,37211,8509,MIDTOW,36.0866,-86.7539,POINT (-86.7539 36.0866)
20190733202,10/05/2019 06:08:00 AM,2,0,0,,N,279201,11,Front to Rear,21,CLEAR,1,DAYLIGHT,12,MOTOR VEHICLE IN TRANSPORT,MM 212 8 I 40,NASHVILLE,TN,37210,90040,HERMIT,36.1425,-86.7353,POINT (-86.7353 36.1425)
20190715035,09/27/2019 12:50:00 PM,2,0,0,,N,191578,11,Front to Rear,21,CLEAR,1,DAYLIGHT,12,MOTOR VEHICLE IN TRANSPORT,MM 212 7 I 40,NASHVILLE,TN,37210,82060,HERMIT,36.143,-86.737,POINT (-86.737 36.143)
20190783992,10/27/2019 03:20:00 PM,1,0,0,,N,352204,0,NOT COLLISION W/MOTOR VEHICLE-TRANSPORT,22,CLOUDY,1,DAYLIGHT,50,DEER (ANIMAL),MM 201 3 I 40,NASHVILLE,TN,37209,46027,WEST,36.1339,-86.8958,POINT (-86.8958 36.1339)
20190756338,10/15/2019 11:30:00 AM,2,1,0,,N,384392,11,Front to Rear,21,CLEAR,1,DAYLIGHT,12,MOTOR VEHICLE IN TRANSPORT,WEDGEWOOD AVE & 12TH AVE S,NASHVILLE,TN,37212,6617,MIDTOW,36.1362,-86.7887,POINT (-86.7887 36.1362)
20190790848,10/30/2019 07:50:00 AM,2,0,0,,Y,633390,4,ANGLE,2,RAIN,1,DAYLIGHT,12,MOTOR VEHICLE IN TRANSPORT,MM 86 8 I 65,NASHVILLE,TN,37207,3002,NORTH,36.1987,-86.7764,POINT (-86.7764 36.1987)
20190766633,10/19/2019 05:20:00 PM,3,0,0,,N,330435,2,HEAD-ON,2,RAIN,1,DAYLIGHT,12,MOTOR VEHICLE IN TRANSPORT,DICKERSON PKE & GRIZZARD AV,NASHVILLE,TN,37207,1833,EAST,36.2082,-86.7674,POINT (-86.7674 36.2082)
20190687149,09/16/2019 07:34:00 AM,2,0,0,,N,191578,11,Front to Rear,21,CLEAR,1,DAYLIGHT,12,MOTOR VEHICLE IN TRANSPORT,MM 211 9 I 40,NASHVILLE,TN,37210,90022,HERMIT,36.1487,-86.7459,POINT (-86.7459 36.1487)
20190606897,08/14/2019 06:15:00 PM,2,0,0,,N,256448,4,ANGLE,21,CLEAR,1,DAYLIGHT,12,MOTOR VEHICLE IN TRANSPORT,BONNACREEK DR & PLANTATION DR,HERMITAGE,TN,37076,9601,HERMIT,36.1942,-86.6351,POINT (-86.6351 36.1942)
20190913219,12/22/2019 12:00:00 AM,1,0,0,Y,N,352209,0,NOT COLLISION W/MOTOR VEHICLE-TRANSPORT,21,CLEAR,3,DARK - LIGHTED,18,OTHER OBJECT (NOT FIXED),MM 49 6 I 24,NASHVILLE,TN,37210,4008,CENTRA,36.1571,-86.7604,POINT (-86.7604 36.1571)
20190882939,12/09/2019 07:00:00 AM,2,2,0,,N,311331,4,ANGLE,22,CLOUDY,1,DAYLIGHT,12,MOTOR VEHICLE IN TRANSPORT,DICKERSON PKE & E TRINITY LN,NASHVILLE,TN,37207,1861,EAST,36.2055,-86.7684,POINT (-86.7684 36.2055)
20190642137,08/28/2019 10:55:00 AM,1,1,0,,N,109495,0,NOT COLLISION W/MOTOR VEHICLE-TRANSPORT,21,CLEAR,1,DAYLIGHT,24,GUARDRAIL FACE,MM 1 3 I 440,NASHVILLE,TN,37205,5242,WEST,36.1385,-86.8226,POINT (-86.8226 36.1385)
20190660444,09/04/2019 07:47:00 PM,3,2,0,,N,256389,11,Front to Rear,21,CLEAR,3,DARK - LIGHTED,12,MOTOR VEHICLE IN TRANSPORT,MM 79 5 I 65,NASHVILLE,TN,37204,70042,MIDTOW,36.106,-86.7678,POINT (-86.7678 36.106)
20190613425,08/17/2019 07:30:00 AM,2,1,0,,N,402660,11,Front to Rear,21,CLEAR,1,DAYLIGHT,12,MOTOR VEHICLE IN TRANSPORT,MAXON AV & SNYDER AV,NASHVILLE,TN,37209,4663,WEST,36.1528,-86.8612,POINT (-86.8612 36.1528)
20190853040,11/25/2019 05:20:00 PM,2,0,0,,N,161939,11,Front to Rear,21,CLEAR,3,DARK - LIGHTED,12,MOTOR VEHICLE IN TRANSPORT,MM 59 8 I 24,ANTIOCH,TN,37013,88060,SOUTH,36.0422,-86.6533,POINT (-86.6533 36.0422)
20190730958,10/04/2019 08:21:00 AM,2,0,0,,N,109534,4,ANGLE,21,CLEAR,1,DAYLIGHT,12,MOTOR VEHICLE IN TRANSPORT,ELM HILL PKE & LANNIE BOSWELL AV,NASHVILLE,TN,37210,9013,HERMIT,36.1439,-86.7356,POINT (-86.7356 36.1439)
20190641326,08/28/2019 03:09:00 AM,1,0,0,,N,320600,0,NOT COLLISION W/MOTOR VEHICLE-TRANSPORT,21,CLEAR,2,DARK - NOT LIGHTED,24,GUARDRAIL FACE,ROSA L PARKS BLVD & 26TH AVN,NASHVILLE,TN,37228,4483,NORTH,36.1892,-86.8206,POINT (-86.8206 36.1892)
20190678041,09/12/2019 07:24:00 AM,2,0,0,,N,191578,11,Front to Rear,21,CLEAR,1,DAYLIGHT,12,MOTOR VEHICLE IN TRANSPORT,FESSLERS LN & RUNDLE AV,NASHVILLE,TN,37210,8215,HERMIT,36.1467,-86.7438,POINT (-86.7438 36.1467)
20190717332,09/28/2019 12:40:00 PM,2,0,0,,N,352205,5,SIDESWIPE - SAME DIRECTION,21,CLEAR,1,DAYLIGHT,12,MOTOR VEHICLE IN TRANSPORT,MM 214 6 I 40,NASHVILLE,TN,37210,90060,HERMIT,36.1437,-86.7027,POINT (-86.7027 36.1437)
20190924726,12/27/2019 10:08:00 PM,2,0,0,,N,256377,11,Front to Rear,5,FOG,2,DARK - NOT LIGHTED,12;34,MOTOR VEHICLE IN TRANSPORT;DITCH,MM 218 5 I 40,NASHVILLE,TN,37214,9404,HERMIT,36.1522,-86.6352,POINT (-86.6352 36.1522)
20190719515,09/29/2019 04:30:00 PM,1,0,0,,N,330443,0,NOT COLLISION W/MOTOR VEHICLE-TRANSPORT,21,CLEAR,1,DAYLIGHT,50,DEER (ANIMAL),OLD HICKORY BLVD & LICKTON PKE,WHITES CREEK,TN,37189,3227,NORTH,36.2736,-86.8173,POINT (-86.8173 36.2736)
20190771965,10/22/2019 07:39:00 AM,1,0,0,,N,384398,0,NOT COLLISION W/MOTOR VEHICLE-TRANSPORT,21,CLEAR,1,DAYLIGHT,42;63,TREE;Ran Off Road-Right,HAMILTON CHURCH RD & HAMILTON CIR,ANTIOCH,TN,37013,8905,SOUTH,36.0577,-86.5956,POINT (-86.5956 36.0577)
20190721464,09/30/2019 02:00:00 PM,2,0,0,,Y,256389,11,Front to Rear,21,CLEAR,1,DAYLIGHT,12,MOTOR VEHICLE IN TRANSPORT,HARDING PL & NOLENSVILLE PKE,NASHVILLE,TN,37211,8705,SOUTH,36.0797,-86.7261,POINT (-86.7261 36.0797)
20190631686,08/23/2019 10:45:00 PM,1,1,0,,Y,226175,0,NOT COLLISION W/MOTOR VEHICLE-TRANSPORT,21,CLEAR,3,DARK - LIGHTED,8,PEDESTRIAN,OLD HICKORY BLVD & HIGHWAY 70S,NASHVILLE,TN,37221,4901,WEST,36.0742,-86.9208,POINT (-86.9208 36.0742)
20190794432,10/31/2019 06:43:00 PM,2,0,0,,N,256386,4,ANGLE,21,CLEAR,3,DARK - LIGHTED,12,MOTOR VEHICLE IN TRANSPORT,STEWARTS FERRY PKE & PERCY PRIEST DR,NASHVILLE,TN,37214,8955,HERMIT,36.1539,-86.6256,POINT (-86.6256 36.1539)
20190651129,08/31/2019 10:00:00 PM,2,0,0,,Y,240955,4,ANGLE,21,CLEAR,3,DARK - LIGHTED,12,MOTOR VEHICLE IN TRANSPORT,PIN HOOK RD & PIN HOOK RD,ANTIOCH,TN,37013,8927,SOUTH,36.0501,-86.6062,POINT (-86.6062 36.0501)
20190894447,12/13/2019 02:22:00 PM,2,0,0,,N,352211,5,SIDESWIPE - SAME DIRECTION,2,RAIN,1,DAYLIGHT,12,MOTOR VEHICLE IN TRANSPORT,US HWY 70 & 51ST AVE N,NASHVILLE,TN,37209,5123,WEST,36.1519,-86.8492,POINT (-86.8492 36.1519)
20190671399,09/09/2019 06:14:00 PM,3,0,0,,Y,320599,11,Front to Rear,22,CLOUDY,1,DAYLIGHT,12,MOTOR VEHICLE IN TRANSPORT,MM 211 4 I 40,NASHVILLE,TN,37210,8204,HERMIT,36.1517,-86.7525,POINT (-86.7525 36.1517)
20190845308,11/22/2019 05:50:00 AM,1,0,0,,N,191786,0,NOT COLLISION W/MOTOR VEHICLE-TRANSPORT,2,RAIN,3,DARK - LIGHTED,24,GUARDRAIL FACE,MM 206 0 I 40,NASHVILLE,TN,37209,45042,NORTH,36.1586,-86.8226,POINT (-86.8226 36.1586)
20190640670,08/27/2019 09:00:00 PM,2,1,0,,N,352195,4,ANGLE,21,CLEAR,7,Dark-Unknown Lighting,12,MOTOR VEHICLE IN TRANSPORT,EDGE O LAKE DR & MURFREESBORO PKE,NASHVILLE,TN,37217,8939,HERMIT,36.0797,-86.6443,POINT (-86.6443 36.0797)
20190742011,10/09/2019 09:00:00 AM,2,1,0,,N,224953,11,Front to Rear,21,CLEAR,1,DAYLIGHT,12,MOTOR VEHICLE IN TRANSPORT,MM 208 1 I 40,NASHVILLE,TN,37208,42023,NORTH,36.1684,-86.7964,POINT (-86.7964 36.1684)
20190676047,09/11/2019 11:58:00 AM,2,0,0,,N,225773,3,REAR-TO-REAR,21,CLEAR,1,DAYLIGHT,12,MOTOR VEHICLE IN TRANSPORT,W GROVE AV & 10TH AVS,NASHVILLE,TN,37203,6913,MIDTOW,36.1346,-86.7862,POINT (-86.7862 36.1346)
20190616914,08/18/2019 10:15:00 PM,2,0,0,Y,N,279124,4,ANGLE,21,CLEAR,3,DARK - LIGHTED,12,MOTOR VEHICLE IN TRANSPORT,WALLACE RD & TAMPA DR,NASHVILLE,TN,37211,8703,SOUTH,36.0791,-86.7091,POINT (-86.7091 36.0791)
20190840788,11/20/2019 10:55:00 AM,2,0,0,,Y,755026,11,Front to Rear,21,CLEAR,1,DAYLIGHT,12,MOTOR VEHICLE IN TRANSPORT,I24E & I24 W EXT RAMP,NASHVILLE,TN,37210,8102,SOUTH,36.1336,-86.7269,POINT (-86.7269 36.1336)
20190634797,08/25/2019 09:35:00 AM,2,1,0,,Y,352197,4,ANGLE,21,CLEAR,1,DAYLIGHT,12;24,MOTOR VEHICLE IN TRANSPORT;GUARDRAIL FACE,MM 54 7 I 24,NASHVILLE,TN,37211,8602,SOUTH,36.0977,-86.7096,POINT (-86.7096 36.0977)
20190809917,11/07/2019 08:00:00 AM,1,0,0,,N,769379,0,NOT COLLISION W/MOTOR VEHICLE-TRANSPORT,2,RAIN,1,DAYLIGHT,24,GUARDRAIL FACE,MM 51 3 I 24,NASHVILLE,TN,37210,8102,SOUTH,36.137,-86.7273,POINT (-86.7273 36.137)
20190633437,08/24/2019 12:00:00 AM,2,3,0,,N,298868,2,HEAD-ON,21,CLEAR,1,DAYLIGHT,12,MOTOR VEHICLE IN TRANSPORT,ROBERTSON AV & STEVENSON ST,NASHVILLE,TN,37209,4649,WEST,36.1565,-86.8653,POINT (-86.8653 36.1565)
20190888630,12/11/2019 09:32:00 AM,2,0,0,,N,109534,11,Front to Rear,21,CLEAR,1,DAYLIGHT,12,MOTOR VEHICLE IN TRANSPORT,I40 E EXT RAMP & I 40,NASHVILLE,TN,37214,8955,HERMIT,36.155,-86.6271,POINT (-86.6271 36.155)
20190718390,09/29/2019 12:00:00 AM,2,0,0,,Y,279197,9,UNKNOWN,21,CLEAR,5,DUSK,14,PARKED MOTOR VEHICLE,LENORE ST & S 7TH ST,NASHVILLE,TN,37206,1027,EAST,36.1648,-86.7549,POINT (-86.7549 36.1648)
20190616711,08/18/2019 06:35:00 PM,2,0,0,,Y,579971,4,ANGLE,21,CLEAR,1,DAYLIGHT,12,MOTOR VEHICLE IN TRANSPORT,BROOK VIEW ESTATES DR & JANICE DR,NASHVILLE,TN,37211,8717,SOUTH,36.0475,-86.693,POINT (-86.693 36.0475)
20190889522,12/11/2019 05:05:00 PM,2,0,0,,N,384446,0,NOT COLLISION W/MOTOR VEHICLE-TRANSPORT,21,CLEAR,2,DARK - NOT LIGHTED,34;63;7,DITCH;Ran Off Road-Right,HIGHWAY 100 & OLD HICKORY BLVD,NASHVILLE,TN,37221,6213,WEST,36.0609,-86.9153,POINT (-86.9153 36.0609)
20190900253,12/16/2019 01:14:00 PM,2,0,0,,N,716886,11,Front to Rear,2,RAIN,1,DAYLIGHT,12,MOTOR VEHICLE IN TRANSPORT,HEIL QUAKER BLVD & CORPORATE PL,ANTIOCH,TN,37013,8869,SOUTH,36.0147,-86.6083,POINT (-86.6083 36.0147)
20190930505,12/30/2019 08:57:00 PM,2,0,0,,N,352195,11,Front to Rear,21,CLEAR,3,DARK - LIGHTED,12,MOTOR VEHICLE IN TRANSPORT,MURFREESBORO PKE & BELL RD,ANTIOCH,TN,37013,8861,SOUTH,36.072,-86.636,POINT (-86.636 36.072)
20190886012,12/10/2019 09:30:00 AM,2,0,0,,Y,429188,11,Front to Rear,2,RAIN,1,DAYLIGHT,12,MOTOR VEHICLE IN TRANSPORT,MM 59 1 I 24,ANTIOCH,TN,37013,87061,SOUTH,36.0478,-86.6634,POINT (-86.6634 36.0478)
20190796870,11/01/2019 06:55:00 PM,2,1,0,,N,240983,4,ANGLE,21,CLEAR,2,DARK - NOT LIGHTED,12,MOTOR VEHICLE IN TRANSPORT,CANE RIDGE RD & TARGET DR,ANTIOCH,TN,37013,8751,SOUTH,36.0443,-86.6615,POINT (-86.6615 36.0443)
20190668232,09/08/2019 12:00:00 AM,1,0,0,,Y,299274,9,UNKNOWN,21,CLEAR,2,DARK - NOT LIGHTED,99,UNKNOWN MOST HARMFUL EVENT,PENNINGTON BEND RD & BARTON LN,NASHVILLE,TN,37214,9215,HERMIT,36.2287,-86.6913,POINT (-86.6913 36.2287)
20190663188,09/05/2019 09:55:00 PM,2,1,0,,Y,179603,5,SIDESWIPE - SAME DIRECTION,21,CLEAR,3,DARK - LIGHTED,12,MOTOR VEHICLE IN TRANSPORT,DOVERSIDE DR & DICKERSON PKE,NASHVILLE,TN,37207,2011,MADISO,36.2557,-86.7552,POINT (-86.7552 36.2557)
20190885787,12/10/2019 08:25:00 AM,2,0,0,,N,693093,11,Front to Rear,3,"SLEET, HAIL",1,DAYLIGHT,12,MOTOR VEHICLE IN TRANSPORT,I65 S EXT RAMP & I 65,MADISON,TN,37115,20044,MADISO,36.2481,-86.743,POINT (-86.743 36.2481)
20190917931,12/24/2019 08:10:00 AM,3,0,0,,Y,224824,4,ANGLE,21,CLEAR,1,DAYLIGHT,12,MOTOR VEHICLE IN TRANSPORT,MARTINGALE DR & ROBINSON RD,OLD HICKORY,TN,37138,9619,HERMIT,36.2579,-86.6569,POINT (-86.6569 36.2579)
20190664422,09/06/2019 11:35:00 AM,1,0,0,Y,N,676834,0,NOT COLLISION W/MOTOR VEHICLE-TRANSPORT,21,CLEAR,1,DAYLIGHT,47,FIRE HYDRANT,17TH AVN & HERMAN ST,NASHVILLE,TN,37203,5405,NORTH,36.1647,-86.8022,POINT (-86.8022 36.1647)
20190590736,08/08/2019 05:27:00 PM,2,0,0,,N,279208,4,ANGLE,21,CLEAR,1,DAYLIGHT,12,MOTOR VEHICLE IN TRANSPORT,WEST END AV & 32ND AVS,NASHVILLE,TN,37212,5817,MIDTOW,36.1421,-86.8161,POINT (-86.8161 36.1421)
20190847541,11/23/2019 12:00:00 AM,1,0,0,,N,212336,0,NOT COLLISION W/MOTOR VEHICLE-TRANSPORT,2,RAIN,3,DARK - LIGHTED,47;71,FIRE HYDRANT;EMBANKMENT EARTH,DICKERSON PKE & HOMESTEAD RD,NASHVILLE,TN,37216,1805,EAST,36.2351,-86.7584,POINT (-86.7584 36.2351)
20190758973,10/16/2019 01:21:00 PM,2,0,0,,N,225773,11,Front to Rear,21,CLEAR,1,DAYLIGHT,12,MOTOR VEHICLE IN TRANSPORT,MM 209 2 I 40,NASHVILLE,TN,37203,5702,MIDTOW,36.1554,-86.7891,POINT (-86.7891 36.1554)
20190647809,08/30/2019 01:50:00 PM,2,0,0,,N,226098,11,Front to Rear,21,CLEAR,1,DAYLIGHT,12,MOTOR VEHICLE IN TRANSPORT,MM 37 0 I 24,WHITES CREEK,TN,37189,33180,NORTH,36.3176,-86.8361,POINT (-86.8361 36.3176)
20190908053,12/19/2019 02:04:00 PM,2,0,0,,N,299243,4,ANGLE,21,CLEAR,1,DAYLIGHT,12,MOTOR VEHICLE IN TRANSPORT,RICHARDS RD & DOWDY DR,ANTIOCH,TN,37013,8899,SOUTH,36.0681,-86.6691,POINT (-86.6691 36.0681)
20190761792,10/17/2019 04:19:00 PM,3,1,0,,Y,240983,11,Front to Rear,21,CLEAR,1,DAYLIGHT,12,MOTOR VEHICLE IN TRANSPORT,MM 58 3 I 24,ANTIOCH,TN,37013,87060,SOUTH,36.0551,-86.6748,POINT (-86.6748 36.0551)
20190601040,08/12/2019 05:33:00 PM,2,2,0,,N,256448,4,ANGLE,21,CLEAR,1,DAYLIGHT,12,MOTOR VEHICLE IN TRANSPORT,DONELSON PKE & I40 W ENT RAMP,NASHVILLE,TN,37214,9103,HERMIT,36.143,-86.6667,POINT (-86.6667 36.143)
20190608612,08/15/2019 11:53:00 AM,3,0,0,,N,462474,4,ANGLE,21,CLEAR,1,DAYLIGHT,12;13,MOTOR VEHICLE IN TRANSPORT;MOTOR VEHICLE IN TRANSPORT-OTHER ROADWAY,FRANKLIN PKE & TYNE BLVD,NASHVILLE,TN,37220,7101,MIDTOW,36.0752,-86.7735,POINT (-86.7735 36.0752)
20190861552,11/29/2019 04:30:00 PM,2,0,0,,Y,352155,4,ANGLE,21,CLEAR,1,DAYLIGHT,12;14,MOTOR VEHICLE IN TRANSPORT;PARKED MOTOR VEHICLE,KINGVIEW CT & KINGVIEW DR,NASHVILLE,TN,37218,3141,NORTH,36.2176,-86.8353,POINT (-86.8353 36.2176)
20190895028,12/13/2019 07:54:00 PM,3,2,0,,N,298867,11,Front to Rear,2,RAIN,3,DARK - LIGHTED,12,MOTOR VEHICLE IN TRANSPORT,ELLINGTON PKWYS & SPRING ST,NASHVILLE,TN,37207,19961,EAST,36.1761,-86.7663,POINT (-86.7663 36.1761)
20190823640,11/13/2019 07:05:00 AM,2,1,0,,N,384398,4,ANGLE,21,CLEAR,1,DAYLIGHT,12,MOTOR VEHICLE IN TRANSPORT,I24 E EXT RAMP & I 24,NASHVILLE,TN,37207,30080,NORTH,36.2378,-86.7872,POINT (-86.7872 36.2378)
20190724704,10/01/2019 12:00:00 AM,2,2,0,,N,206674,11,Front to Rear,21,CLEAR,2,DARK - NOT LIGHTED,12,MOTOR VEHICLE IN TRANSPORT,CLARKSVILLE PKE & KOLZ LN,JOELTON,TN,37080,3307,NORTH,36.2986,-86.8879,POINT (-86.8879 36.2986)
20190905404,12/18/2019 12:52:00 PM,2,0,0,,N,337277,4,ANGLE,22,CLOUDY,1,DAYLIGHT,12,MOTOR VEHICLE IN TRANSPORT,CHURCH ST & MCMILLIN ST,NASHVILLE,TN,37203,5517,MIDTOW,36.1571,-86.7934,POINT (-86.7934 36.1571)
20190707842,09/24/2019 05:15:00 PM,2,2,0,,N,179591,4,ANGLE,21,CLEAR,1,DAYLIGHT,12,MOTOR VEHICLE IN TRANSPORT,CASS ST & 11TH AVN,NASHVILLE,TN,37208,4441,NORTH,36.1857,-86.8075,POINT (-86.8075 36.1857)
20190659745,09/04/2019 01:00:00 PM,3,3,0,,N,665896,11,Front to Rear,21,CLEAR,1,DAYLIGHT,12,MOTOR VEHICLE IN TRANSPORT,DICKERSON PKE & BROADMOOR DR,NASHVILLE,TN,37207,1811,EAST,36.2294,-86.7593,POINT (-86.7593 36.2294)
20190907192,12/19/2019 07:01:00 AM,2,0,0,,N,256428,5,SIDESWIPE - SAME DIRECTION,21,CLEAR,1,DAYLIGHT,12,MOTOR VEHICLE IN TRANSPORT,MM 48 1 I 24,NASHVILLE,TN,37207,1106,EAST,36.1742,-86.7706,POINT (-86.7706 36.1742)
20190767350,10/20/2019 02:10:00 AM,2,2,0,,N,279233,4,ANGLE,2,RAIN,3,DARK - LIGHTED,12,MOTOR VEHICLE IN TRANSPORT,OLD HICKORY BLVD & BELLE VALLEY DR,NASHVILLE,TN,37221,4815,WEST,36.1056,-86.9222,POINT (-86.9222 36.1056)
20190721677,09/30/2019 03:41:00 PM,2,0,0,,N,256389,5,SIDESWIPE - SAME DIRECTION,21,CLEAR,1,DAYLIGHT,12,MOTOR VEHICLE IN TRANSPORT,NOLENSVILLE PKE & THOMPSON LN,NASHVILLE,TN,37211,8425,SOUTH,36.1109,-86.7452,POINT (-86.7452 36.1109)
20190625044,08/21/2019 05:01:00 PM,2,0,0,,N,169425,11,Front to Rear,21,CLEAR,1,DAYLIGHT,12,MOTOR VEHICLE IN TRANSPORT,MM 77 6 I 65,NASHVILLE,TN,37220,86042,MIDTOW,36.0799,-86.7644,POINT (-86.7644 36.0799)
20190632691,08/24/2019 12:10:00 PM,3,0,0,,N,279110,11,Front to Rear,21,CLEAR,1,DAYLIGHT,12,MOTOR VEHICLE IN TRANSPORT,MM 59 7 I 24,ANTIOCH,TN,37013,88060,SOUTH,36.0428,-86.6545,POINT (-86.6545 36.0428)
20190834927,11/18/2019 07:00:00 AM,2,0,0,,N,226405,5,SIDESWIPE - SAME DIRECTION,21,CLEAR,1,DAYLIGHT,12,MOTOR VEHICLE IN TRANSPORT,MM 208 0 I 40,NASHVILLE,TN,37208,54022,NORTH,36.1707,-86.7983,POINT (-86.7983 36.1707)
20190748092,10/11/2019 07:40:00 PM,1,0,0,Y,N,330435,0,NOT COLLISION W/MOTOR VEHICLE-TRANSPORT,2,RAIN,2,DARK - NOT LIGHTED,24,GUARDRAIL FACE,ELLINGTON PKWYS & SLAYDON DR,NASHVILLE,TN,37207,1892,EAST,36.2117,-86.7489,POINT (-86.7489 36.2117)
20190612000,08/16/2019 12:00:00 AM,2,0,0,,Y,206674,5,SIDESWIPE - SAME DIRECTION,21,CLEAR,1,DAYLIGHT,12,MOTOR VEHICLE IN TRANSPORT,I40 W EXT RAMP & I 40,NASHVILLE,TN,37203,4119,CENTRA,36.1574,-86.79,POINT (-86.79 36.1574)
20190636863,08/26/2019 08:20:00 AM,2,0,0,,N,109495,11,Front to Rear,2,RAIN,1,DAYLIGHT,12,MOTOR VEHICLE IN TRANSPORT,8TH AVS & CHESTNUT ST,NASHVILLE,TN,37203,6941,MIDTOW,36.1417,-86.7787,POINT (-86.7787 36.1417)