Accident Number,Date and Time,Number of Motor Vehicles,Number of Injuries,Number of Fatalities,Property Damage,Hit and Run,Reporting Officer,Collision Type Code,Collision Type Description,Weather Code,Weather Description,Illumination Code,Illumination Description,Harmful Code,Harmful Code Description,Street Address,City,State,ZIP,RPA,Precinct,Latitude,Longitude,Mapped Location
20190763562,10/18/2019 09:10:00 AM,1,0,0,Y,Y,166478,0,NOT COLLISION W/MOTOR VEHICLE-TRANSPORT,21,CLEAR,1,DAYLIGHT,31,"OTHER POST, POLE, SUPP.",DR D B TODD JR BLVD & JACKSON ST,NASHVILLE,TN,37208,5409,NORTH,36.1657,-86.8051,POINT (-86.8051 36.1657)
20190782207,10/26/2019 02:00:00 PM,2,0,0,,N,352207,4,ANGLE,22,CLOUDY,1,DAYLIGHT,12,MOTOR VEHICLE IN TRANSPORT,NOLENSVILLE PKE & FAIRLANE DR,NASHVILLE,TN,37211,8659,MIDTOW,36.0639,-86.7171,POINT (-86.7171 36.0639)
20190732110,10/04/2019 06:11:00 PM,2,0,0,,Y,240983,5,SIDESWIPE - SAME DIRECTION,21,CLEAR,5,DUSK,12,MOTOR VEHICLE IN TRANSPORT,ANTIOCH PKE & HAYWOOD LN,ANTIOCH,TN,37013,8899,SOUTH,36.0703,-86.6845,POINT (-86.6845 36.0703)
20190743118,10/09/2019 07:47:00 PM,2,0,0,,Y,807326,11,Front to Rear,21,CLEAR,3,DARK - LIGHTED,12,MOTOR VEHICLE IN TRANSPORT,MM 210 7 I 40,NASHVILLE,TN,37210,8202,HERMIT,36.1532,-86.7644,POINT (-86.7644 36.1532)
20190768364,10/20/2019 04:25:00 PM,2,3,0,,N,352161,4,ANGLE,21,CLEAR,1,DAYLIGHT,12,MOTOR VEHICLE IN TRANSPORT,16TH AVE N & COCKRILL ST,NASHVILLE,TN,37208,4475,NORTH,36.1752,-86.8055,POINT (-86.8055 36.1752)
20190704247,09/23/2019 09:00:00 AM,2,0,0,,Y,676834,5,SIDESWIPE - SAME DIRECTION,22,CLOUDY,1,DAYLIGHT,12,MOTOR VEHICLE IN TRANSPORT,MM 206 8 I 40,NASHVILLE,TN,37208,44022,NORTH,36.1684,-86.8148,POINT (-86.8148 36.1684)
20190656986,09/03/2019 11:47:00 AM,2,0,0,,N,462474,11,Front to Rear,21,CLEAR,1,DAYLIGHT,12,MOTOR VEHICLE IN TRANSPORT,EDGEHILL AV & 18TH AVS,NASHVILLE,TN,37212,6627,MIDTOW,36.1437,-86.7957,POINT (-86.7957 36.1437)
20190716027,09/27/2019 08:51:00 PM,2,0,0,,N,299266,4,ANGLE,21,CLEAR,3,DARK - LIGHTED,12,MOTOR VEHICLE IN TRANSPORT,I24 W EXT RAMP & I 24,NASHVILLE,TN,37211,8829,SOUTH,36.1074,-86.7197,POINT (-86.7197 36.1074)
20190806035,11/05/2019 06:30:00 PM,1,0,0,,N,279211,0,NOT COLLISION W/MOTOR VEHICLE-TRANSPORT,21,CLEAR,3,DARK - LIGHTED,50,DEER (ANIMAL),DICKERSON PKES & HILLCREST RD,GOODLETTSVILLE,TN,37072,2111,MADISO,36.2864,-86.7451,POINT (-86.7451 36.2864)
20190726604,10/02/2019 02:15:00 PM,2,1,0,,N,109534,11,Front to Rear,21,CLEAR,1,DAYLIGHT,12,MOTOR VEHICLE IN TRANSPORT,FESSLERS LN & ELM HILL PKE,NASHVILLE,TN,37210,8211,HERMIT,36.1456,-86.744,POINT (-86.744 36.1456)
20190764750,10/18/2019 07:57:00 PM,1,1,0,,N,256389,0,NOT COLLISION W/MOTOR VEHICLE-TRANSPORT,21,CLEAR,3,DARK - LIGHTED,8,PEDESTRIAN,23RD AVN & CHARLOTTE AV,NASHVILLE,TN,37209,5339,NORTH,36.1558,-86.8097,POINT (-86.8097 36.1558)
20190715655,09/27/2019 02:53:00 PM,2,0,0,,N,320585,4,ANGLE,21,CLEAR,1,DAYLIGHT,13,MOTOR VEHICLE IN TRANSPORT-OTHER ROADWAY,GOODBAR DR & VULTEE BLVD,NASHVILLE,TN,37217,8821,HERMIT,36.1246,-86.7001,POINT (-86.7001 36.1246)
20190813350,11/08/2019 05:30:00 PM,3,0,0,,N,352186,11,Front to Rear,21,CLEAR,3,DARK - LIGHTED,12,MOTOR VEHICLE IN TRANSPORT,CLARKSVILLE PKE & KINGS LN,NASHVILLE,TN,37218,3141,NORTH,36.2167,-86.8375,POINT (-86.8375 36.2167)
20190849640,11/24/2019 03:20:00 AM,2,0,0,,Y,320578,5,SIDESWIPE - SAME DIRECTION,21,CLEAR,3,DARK - LIGHTED,14,PARKED MOTOR VEHICLE,0 APACHE TRL,NASHVILLE,TN,37211,8707,SOUTH,36.0696,-86.6939,POINT (-86.6939 36.0696)
20190927454,12/29/2019 11:05:00 AM,2,0,0,,N,546012,4,ANGLE,2,RAIN,1,DAYLIGHT,12,MOTOR VEHICLE IN TRANSPORT,GALLATIN PKEN & ROOSEVELT AV,MADISON,TN,37115,1761,MADISO,36.2717,-86.7103,POINT (-86.7103 36.2717)
20190632905,08/24/2019 02:45:00 PM,3,0,0,,N,299257,4,ANGLE,21,CLEAR,1,DAYLIGHT,12;14,MOTOR VEHICLE IN TRANSPORT;PARKED MOTOR VEHICLE,MONTROSE AV & 11TH AVS,NASHVILLE,TN,37204,6949,MIDTOW,36.1236,-86.7887,POINT (-86.7887 36.1236)
20190585727,08/06/2019 11:10:00 PM,2,0,0,,Y,212337,4,ANGLE,21,CLEAR,3,DARK - LIGHTED,12,MOTOR VEHICLE IN TRANSPORT,ROSA L PARKS BLVD & VANTAGE WAY,NASHVILLE,TN,37228,4499,NORTH,36.1918,-86.7996,POINT (-86.7996 36.1918)
20190808174,11/06/2019 02:18:00 PM,2,0,0,,Y,256383,11,Front to Rear,21,CLEAR,1,DAYLIGHT,12,MOTOR VEHICLE IN TRANSPORT,APRIL LN & RAYWOOD LN,NASHVILLE,TN,37211,8715,SOUTH,36.0557,-86.7114,POINT (-86.7114 36.0557)
20190600512,08/12/2019 12:20:00 PM,2,0,0,,Y,212318,5,SIDESWIPE - SAME DIRECTION,21,CLEAR,1,DAYLIGHT,12,MOTOR VEHICLE IN TRANSPORT,14TH AVS & DEMONBREUN ST,NASHVILLE,TN,37203,6721,MIDTOW,36.1536,-86.7884,POINT (-86.7884 36.1536)
20190687995,09/16/2019 02:42:00 PM,2,0,0,,N,169425,5,SIDESWIPE - SAME DIRECTION,21,CLEAR,1,DAYLIGHT,12,MOTOR VEHICLE IN TRANSPORT,ELLISTON PL & 24TH AVN,NASHVILLE,TN,37203,5615,MIDTOW,36.1487,-86.807,POINT (-86.807 36.1487)
20190782704,10/26/2019 09:12:00 PM,2,2,0,,N,256386,11,Front to Rear,21,CLEAR,3,DARK - LIGHTED,12,MOTOR VEHICLE IN TRANSPORT,MM 217 5 I 40,NASHVILLE,TN,37214,8906,HERMIT,36.1425,-86.651,POINT (-86.651 36.1425)
20190829801,11/15/2019 05:15:00 PM,2,0,0,,Y,256384,11,Front to Rear,21,CLEAR,3,DARK - LIGHTED,12,MOTOR VEHICLE IN TRANSPORT,MM 6 5 I 440,NASHVILLE,TN,37210,81040,SOUTH,36.1242,-86.7451,POINT (-86.7451 36.1242)
20190781397,10/26/2019 02:31:00 AM,1,0,0,,N,352163,0,NOT COLLISION W/MOTOR VEHICLE-TRANSPORT,2,RAIN,3,DARK - LIGHTED,23,BRIDGE RAIL,MM 211 5 I 40,NASHVILLE,TN,37210,8204,HERMIT,36.1514,-86.7517,POINT (-86.7517 36.1514)
20190794842,10/31/2019 11:04:00 PM,2,0,0,,N,352212,4,ANGLE,21,CLEAR,3,DARK - LIGHTED,12,MOTOR VEHICLE IN TRANSPORT,CLEVELAND ST & US HWY 31E,NASHVILLE,TN,37207,1996,EAST,36.1851,-86.7599,POINT (-86.7599 36.1851)
20190852843,11/25/2019 12:00:00 AM,3,0,0,,N,298877,11,Front to Rear,21,CLEAR,1,DAYLIGHT,12,MOTOR VEHICLE IN TRANSPORT,I24E & I24 W EXT RAMP,NASHVILLE,TN,37210,8102,SOUTH,36.1336,-86.7269,POINT (-86.7269 36.1336)
20190724332,10/01/2019 04:11:00 PM,2,1,0,,Y,405418,11,Front to Rear,21,CLEAR,1,DAYLIGHT,12,MOTOR VEHICLE IN TRANSPORT,WELSHWOOD DR & NOLENSVILLE PKE,NASHVILLE,TN,37211,8445,SOUTH,36.0826,-86.7273,POINT (-86.7273 36.0826)
20190756563,10/15/2019 01:46:00 PM,1,0,0,Y,N,256423,0,NOT COLLISION W/MOTOR VEHICLE-TRANSPORT,21,CLEAR,1,DAYLIGHT,19,BUILDING,WHITES CREEK PKE & RILEY ADCOCK RD,JOELTON,TN,37080,2319,NORTH,36.3714,-86.8908,POINT (-86.8908 36.3714)
20190661982,09/05/2019 12:15:00 PM,2,0,0,,N,191578,4,ANGLE,21,CLEAR,1,DAYLIGHT,12,MOTOR VEHICLE IN TRANSPORT,SPENCE LN & MURFREESBORO PKE,NASHVILLE,TN,37217,8815,HERMIT,36.1359,-86.725,POINT (-86.725 36.1359)
20190867516,12/02/2019 04:35:00 PM,2,0,0,,N,352156,11,Front to Rear,21,CLEAR,5,DUSK,12,MOTOR VEHICLE IN TRANSPORT,MURFREESBORO PKE & RURAL HILL RD,ANTIOCH,TN,37013,8861,SOUTH,36.0745,-86.6387,POINT (-86.6387 36.0745)
20190698376,09/20/2019 12:51:00 PM,2,0,0,,N,225773,11,Front to Rear,21,CLEAR,1,DAYLIGHT,12,MOTOR VEHICLE IN TRANSPORT,MM 79 6 I 65,NASHVILLE,TN,37204,8504,MIDTOW,36.109,-86.7696,POINT (-86.7696 36.109)
20190885575,12/10/2019 07:03:00 AM,2,0,0,,N,665896,11,Front to Rear,2,RAIN,1,DAYLIGHT,12,MOTOR VEHICLE IN TRANSPORT,ELLINGTON PKWYS & ELLINGTON PKWY S EXT R,NASHVILLE,TN,37207,18960,EAST,36.1953,-86.7527,POINT (-86.7527 36.1953)
20190731308,10/04/2019 10:42:00 AM,2,0,0,,N,224955,5,SIDESWIPE - SAME DIRECTION,21,CLEAR,1,DAYLIGHT,12,MOTOR VEHICLE IN TRANSPORT,OLD HICKORY BLVDW & I65 S ENT RAMP,MADISON,TN,37115,2041,MADISO,36.2649,-86.7381,POINT (-86.7381 36.2649)
20190837871,11/19/2019 09:55:00 AM,2,0,0,,N,620061,0,NOT COLLISION W/MOTOR VEHICLE-TRANSPORT,21,CLEAR,1,DAYLIGHT,47;7,FIRE HYDRANT,WHISPERING HILLS DR & EDMONDSON PKE,NASHVILLE,TN,37211,8659,MIDTOW,36.0721,-86.7329,POINT (-86.7329 36.0721)
20190660447,09/04/2019 07:47:00 PM,2,1,0,,N,279124,4,ANGLE,21,CLEAR,3,DARK - LIGHTED,12,MOTOR VEHICLE IN TRANSPORT,FAIRCLOTH LN & OLD MURFREESBORO PKE,NASHVILLE,TN,37217,8947,HERMIT,36.1036,-86.6665,POINT (-86.6665 36.1036)
20190788363,10/29/2019 10:09:00 AM,4,1,0,,N,419983,11,Front to Rear,22,CLOUDY,1,DAYLIGHT,12,MOTOR VEHICLE IN TRANSPORT,MM 210 2 I 40,NASHVILLE,TN,37203,4006,CENTRA,36.1499,-86.7726,POINT (-86.7726 36.1499)
20190748835,10/12/2019 03:33:00 AM,1,0,0,,Y,169414,0,NOT COLLISION W/MOTOR VEHICLE-TRANSPORT,22,CLOUDY,3,DARK - LIGHTED,24,GUARDRAIL FACE,MM 54 6 I 24,NASHVILLE,TN,37211,84021,SOUTH,36.0994,-86.7109,POINT (-86.7109 36.0994)
20190744666,10/10/2019 10:40:00 AM,2,0,0,,N,226673,11,Front to Rear,21,CLEAR,1,DAYLIGHT,12,MOTOR VEHICLE IN TRANSPORT,MM 49 2 I 24,NASHVILLE,TN,37213,1002,CENTRA,36.1637,-86.7625,POINT (-86.7625 36.1637)
20190830186,11/15/2019 10:02:00 PM,2,0,0,Y,N,320585,5,SIDESWIPE - SAME DIRECTION,21,CLEAR,3,DARK - LIGHTED,12,MOTOR VEHICLE IN TRANSPORT,MM 210 6 I 40,NASHVILLE,TN,37210,8202,HERMIT,36.1526,-86.7659,POINT (-86.7659 36.1526)
20190845799,11/22/2019 09:58:00 AM,2,0,0,,N,110063,5,SIDESWIPE - SAME DIRECTION,2,RAIN,1,DAYLIGHT,12,MOTOR VEHICLE IN TRANSPORT,MM 87 8 I 65,NASHVILLE,TN,37207,1804,EAST,36.2138,-86.7754,POINT (-86.7754 36.2138)
20190740016,10/08/2019 01:07:00 PM,2,1,0,,Y,256501,11,Front to Rear,21,CLEAR,1,DAYLIGHT,12,MOTOR VEHICLE IN TRANSPORT,I65 S EXT RAMP & I 65,MADISON,TN,37115,20044,MADISO,36.2481,-86.743,POINT (-86.743 36.2481)
20190618793,08/19/2019 02:40:00 PM,2,0,0,,N,169425,5,SIDESWIPE - SAME DIRECTION,21,CLEAR,1,DAYLIGHT,12,MOTOR VEHICLE IN TRANSPORT,MM 6 0 I 440,NASHVILLE,TN,37211,81060,MIDTOW,36.1217,-86.7565,POINT (-86.7565 36.1217)
20190872653,12/04/2019 02:07:00 PM,2,1,0,Y,N,909494,6,SIDESWIPE - OPPOSITE DIRECTION,21,CLEAR,1,DAYLIGHT,12,MOTOR VEHICLE IN TRANSPORT,DICKERSON PKE & LORRAINE AV,NASHVILLE,TN,37207,1827,EAST,36.2175,-86.7632,POINT (-86.7632 36.2175)
20190792064,10/30/2019 12:00:00 AM,2,0,0,,N,206674,5,SIDESWIPE - SAME DIRECTION,2,RAIN,3,DARK - LIGHTED,12,MOTOR VEHICLE IN TRANSPORT,MM 84 8 I 65,NASHVILLE,TN,37208,43021,NORTH,36.1768,-86.8008,POINT (-86.8008 36.1768)
20190776166,10/23/2019 09:36:00 PM,2,0,0,,Y,161946,11,Front to Rear,21,CLEAR,2,DARK - NOT LIGHTED,12,MOTOR VEHICLE IN TRANSPORT,BROADMOOR DR & HILLSIDE RD,NASHVILLE,TN,37207,1845,EAST,36.2298,-86.7563,POINT (-86.7563 36.2298)
20190911020,12/20/2019 06:30:00 PM,2,1,0,,N,330435,11,Front to Rear,21,CLEAR,3,DARK - LIGHTED,12,MOTOR VEHICLE IN TRANSPORT,MM 89 9 I 65,NASHVILLE,TN,37207,2002,MADISO,36.2374,-86.759,POINT (-86.759 36.2374)
20190694121,09/18/2019 09:06:00 PM,2,1,0,,N,345098,0,NOT COLLISION W/MOTOR VEHICLE-TRANSPORT,21,CLEAR,2,DARK - NOT LIGHTED,33;63;7,CURB;Ran Off Road-Right,OLD HICKORY BLVD & HILLS LN,OLD HICKORY,TN,37138,9739,HERMIT,36.2057,-86.6224,POINT (-86.6224 36.2057)
20190826238,11/14/2019 08:27:00 AM,3,0,0,,N,191578,11,Front to Rear,21,CLEAR,1,DAYLIGHT,12,MOTOR VEHICLE IN TRANSPORT,MM 221 7 I 40,HERMITAGE,TN,37076,95020,HERMIT,36.1697,-86.5855,POINT (-86.5855 36.1697)
20190647529,08/30/2019 11:58:00 AM,2,0,0,,N,620072,5,SIDESWIPE - SAME DIRECTION,21,CLEAR,1,DAYLIGHT,12,MOTOR VEHICLE IN TRANSPORT,US HWY 431 & ACKLEN AVE,NASHVILLE,TN,37212,5825,MIDTOW,36.1357,-86.801,POINT (-86.801 36.1357)
20190620721,08/20/2019 06:20:00 AM,2,0,0,,N,493309,11,Front to Rear,21,CLEAR,1,DAYLIGHT,12,MOTOR VEHICLE IN TRANSPORT,OLD HICKORY BLVDW & I65 N EXT RAMP,MADISON,TN,37115,1777,MADISO,36.2643,-86.7361,POINT (-86.7361 36.2643)
20190751294,10/13/2019 10:20:00 AM,1,1,0,,N,769379,0,NOT COLLISION W/MOTOR VEHICLE-TRANSPORT,21,CLEAR,1,DAYLIGHT,34,DITCH,MM 51 3 I 24,NASHVILLE,TN,37210,8102,SOUTH,36.137,-86.7273,POINT (-86.7273 36.137)
20190868968,12/03/2019 07:51:00 AM,2,0,0,,N,384450,4,ANGLE,21,CLEAR,1,DAYLIGHT,12,MOTOR VEHICLE IN TRANSPORT,CRUTCHER ST & S 5TH ST,NASHVILLE,TN,37206,1009,EAST,36.1624,-86.7593,POINT (-86.7593 36.1624)
20190835685,11/18/2019 12:00:00 AM,2,0,0,,N,320586,0,NOT COLLISION W/MOTOR VEHICLE-TRANSPORT,21,CLEAR,1,DAYLIGHT,16,THROWN OR FALLING OBJECT,GLENROSE AV & FOSTER AV,NASHVILLE,TN,37210,8105,SOUTH,36.1254,-86.7424,POINT (-86.7424 36.1254)
20190791162,10/30/2019 10:42:00 AM,2,0,0,,Y,594473,11,Front to Rear,2,RAIN,1,DAYLIGHT,12,MOTOR VEHICLE IN TRANSPORT,MM 209 5 I 40,NASHVILLE,TN,37203,40040,CENTRA,36.1502,-86.7844,POINT (-86.7844 36.1502)
20190847116,11/22/2019 12:00:00 AM,2,0,0,,Y,905011,5,SIDESWIPE - SAME DIRECTION,22,CLOUDY,3,DARK - LIGHTED,12,MOTOR VEHICLE IN TRANSPORT,MM 207 6 I 40,NASHVILLE,TN,37208,54021,NORTH,36.1707,-86.8044,POINT (-86.8044 36.1707)
20190912917,12/21/2019 08:05:00 PM,2,0,0,,N,352197,11,Front to Rear,21,CLEAR,2,DARK - NOT LIGHTED,12,MOTOR VEHICLE IN TRANSPORT,I24 W EXT RAMP & I 24,NASHVILLE,TN,37211,8829,SOUTH,36.1074,-86.7197,POINT (-86.7197 36.1074)
20190664041,09/06/2019 08:00:00 AM,2,0,0,,N,665896,4,ANGLE,21,CLEAR,1,DAYLIGHT,12,MOTOR VEHICLE IN TRANSPORT,BROADMOOR DR & SAUNDERS AV,NASHVILLE,TN,37216,1841,EAST,36.2297,-86.7325,POINT (-86.7325 36.2297)
20190761911,10/17/2019 05:14:00 PM,2,0,0,,N,212343,4,ANGLE,21,CLEAR,1,DAYLIGHT,12,MOTOR VEHICLE IN TRANSPORT,5TH AVN & JUNIOR GILLIAM WAY,NASHVILLE,TN,37219,4235,CENTRA,36.173,-86.7866,POINT (-86.7866 36.173)
20190612543,08/16/2019 09:15:00 PM,2,0,0,,Y,320582,5,SIDESWIPE - SAME DIRECTION,21,CLEAR,3,DARK - LIGHTED,12;33;68,MOTOR VEHICLE IN TRANSPORT;CURB;Cross Center Line,DICKERSON PKE & RICHARDSON AV,NASHVILLE,TN,37207,1911,EAST,36.1916,-86.7727,POINT (-86.7727 36.1916)
20190923555,12/27/2019 11:04:00 AM,2,0,0,,Y,279110,5,SIDESWIPE - SAME DIRECTION,21,CLEAR,1,DAYLIGHT,12,MOTOR VEHICLE IN TRANSPORT,HARDING PL & DANBY DR,NASHVILLE,TN,37211,8607,MIDTOW,36.0786,-86.7452,POINT (-86.7452 36.0786)
20190703202,09/22/2019 10:30:00 PM,2,1,0,,N,256412,4,ANGLE,21,CLEAR,2,DARK - NOT LIGHTED,12,MOTOR VEHICLE IN TRANSPORT,BELL RD & MURFREESBORO PKE,ANTIOCH,TN,37013,8979,SOUTH,36.0729,-86.6357,POINT (-86.6357 36.0729)
20190792091,10/30/2019 07:20:00 PM,3,2,0,,N,279116,11,Front to Rear,2,RAIN,3,DARK - LIGHTED,12,MOTOR VEHICLE IN TRANSPORT,MM 2 1 I 440,NASHVILLE,TN,37215,6006,WEST,36.1289,-86.8163,POINT (-86.8163 36.1289)
20190811072,11/07/2019 05:36:00 PM,2,0,0,,N,405418,4,ANGLE,21,CLEAR,7,Dark-Unknown Lighting,12,MOTOR VEHICLE IN TRANSPORT,OVERTON LEA RD & GRANNY WHITE PKE,NASHVILLE,TN,37220,7109,MIDTOW,36.0784,-86.8046,POINT (-86.8046 36.0784)
20190852246,11/25/2019 11:00:00 AM,2,0,0,,N,311799,11,Front to Rear,21,CLEAR,1,DAYLIGHT,11;12,OTHER ANIMAL;MOTOR VEHICLE IN TRANSPORT,SPRINGFIELD HWY & GRACELAND DR,GOODLETTSVILLE,TN,37072,2201,MADISO,36.3678,-86.7373,POINT (-86.7373 36.3678)
20190825080,11/13/2019 06:54:00 PM,2,0,0,,N,384408,6,SIDESWIPE - OPPOSITE DIRECTION,21,CLEAR,3,DARK - LIGHTED,12,MOTOR VEHICLE IN TRANSPORT,PENNINGTON BEND RD & WOODDALE LN,NASHVILLE,TN,37214,9215,HERMIT,36.2375,-86.7064,POINT (-86.7064 36.2375)
20190904438,12/18/2019 05:30:00 AM,1,0,0,,N,212336,0,NOT COLLISION W/MOTOR VEHICLE-TRANSPORT,21,CLEAR,3,DARK - LIGHTED,36,CONCRETE TRAFFIC BARRIER,I65 S EXT RAMP & ELLINGTON PKWYN,NASHVILLE,TN,37216,1880,EAST,36.2351,-86.7458,POINT (-86.7458 36.2351)
20190754154,10/14/2019 04:30:00 PM,2,0,0,,N,352186,11,Front to Rear,21,CLEAR,1,DAYLIGHT,12,MOTOR VEHICLE IN TRANSPORT,WHITES CREEK PKE & OLD HICKORY BLVD,WHITES CREEK,TN,37189,3305,NORTH,36.2685,-86.8313,POINT (-86.8313 36.2685)
20190653544,09/01/2019 11:26:00 PM,2,0,0,,Y,191786,5,SIDESWIPE - SAME DIRECTION,21,CLEAR,3,DARK - LIGHTED,12,MOTOR VEHICLE IN TRANSPORT,I40 E ENT RAMP & I 40,NASHVILLE,TN,37205,4903,WEST,36.1109,-86.922,POINT (-86.922 36.1109)
20190766957,10/19/2019 08:55:00 PM,2,0,0,,Y,905011,5,SIDESWIPE - SAME DIRECTION,22,CLOUDY,2,DARK - NOT LIGHTED,12,MOTOR VEHICLE IN TRANSPORT,CLARKSVILLE PKE & ROSA L PARKS BLVD,NASHVILLE,TN,37228,4483,NORTH,36.1889,-86.8231,POINT (-86.8231 36.1889)
20190812965,11/08/2019 02:28:00 PM,2,0,0,,N,345098,11,Front to Rear,21,CLEAR,1,DAYLIGHT,12,MOTOR VEHICLE IN TRANSPORT,ANDREW JACKSON PKWY & LEBANON PKE,HERMITAGE,TN,37076,9537,HERMIT,36.2146,-86.5977,POINT (-86.5977 36.2146)
20190731622,10/04/2019 02:20:00 PM,2,0,0,,N,716886,4,ANGLE,21,CLEAR,1,DAYLIGHT,12,MOTOR VEHICLE IN TRANSPORT,TURLEY DR & WILLOW LN,NASHVILLE,TN,37211,8707,SOUTH,36.0778,-86.7092,POINT (-86.7092 36.0778)
20190750556,10/13/2019 12:56:00 AM,1,0,0,Y,Y,206683,0,NOT COLLISION W/MOTOR VEHICLE-TRANSPORT,21,CLEAR,3,DARK - LIGHTED,7,,WALES DR & HOPEDALE DR,NASHVILLE,TN,37211,8703,SOUTH,36.0727,-86.7161,POINT (-86.7161 36.0727)
20190675429,09/11/2019 07:30:00 AM,3,0,0,,N,226622,11,Front to Rear,21,CLEAR,1,DAYLIGHT,12,MOTOR VEHICLE IN TRANSPORT,I40 E ENT RAMP & I 40,NASHVILLE,TN,37205,4903,WEST,36.1109,-86.922,POINT (-86.922 36.1109)
20190742909,10/09/2019 05:15:00 PM,2,0,0,,Y,807326,5,SIDESWIPE - SAME DIRECTION,21,CLEAR,1,DAYLIGHT,12,MOTOR VEHICLE IN TRANSPORT,BROADWAY & 4TH AVN,NASHVILLE,TN,37203,4091,CENTRA,36.161,-86.7772,POINT (-86.7772 36.161)
20190611168,08/16/2019 11:25:00 AM,2,1,0,,N,665896,4,ANGLE,21,CLEAR,1,DAYLIGHT,12,MOTOR VEHICLE IN TRANSPORT,DICKERSON PKE & HOMESTEAD RD,NASHVILLE,TN,37216,1805,EAST,36.2351,-86.7584,POINT (-86.7584 36.2351)
20190822294,11/12/2019 06:33:00 PM,2,0,0,,Y,279208,4,ANGLE,21,CLEAR,7,Dark-Unknown Lighting,12,MOTOR VEHICLE IN TRANSPORT,I40 E EXT RAMP & I 40,NASHVILLE,TN,37214,8955,HERMIT,36.155,-86.6271,POINT (-86.6271 36.155)
20190889529,12/11/2019 05:28:00 PM,2,0,0,,N,384402,2,HEAD-ON,21,CLEAR,3,DARK - LIGHTED,12,MOTOR VEHICLE IN TRANSPORT,MURFREESBORO PKE & BRITISH WOODS DR,NASHVILLE,TN,37217,8853,SOUTH,36.0914,-86.6514,POINT (-86.6514 36.0914)
20190795635,11/01/2019 07:58:00 AM,2,1,0,,N,352198,11,Front to Rear,21,CLEAR,1,DAYLIGHT,12,MOTOR VEHICLE IN TRANSPORT,DOVERSIDE DR & US HWY 31W,NASHVILLE,TN,37207,2011,MADISO,36.2426,-86.757,POINT (-86.757 36.2426)
20190888914,12/11/2019 12:05:00 PM,2,0,0,,Y,665896,5,SIDESWIPE - SAME DIRECTION,21,CLEAR,1,DAYLIGHT,12,MOTOR VEHICLE IN TRANSPORT,MM 47 7 I 24,NASHVILLE,TN,37207,19020,EAST,36.179,-86.7737,POINT (-86.7737 36.179)
20190770942,10/21/2019 07:40:00 PM,1,0,0,Y,N,320597,0,NOT COLLISION W/MOTOR VEHICLE-TRANSPORT,2,RAIN,2,DARK - NOT LIGHTED,40,MAIL BOX,WILLARD DR & WILLOW LN,NASHVILLE,TN,37211,8707,SOUTH,36.0764,-86.7028,POINT (-86.7028 36.0764)
20190612225,08/16/2019 05:39:00 PM,1,0,0,Y,Y,256380,0,NOT COLLISION W/MOTOR VEHICLE-TRANSPORT,21,CLEAR,1,DAYLIGHT,27,H-WAY TRAFFIC SIGNAL POST,STOKERS LNS & NOCTURNE FOREST DR,NASHVILLE,TN,37207,3015,NORTH,36.2103,-86.812,POINT (-86.812 36.2103)
20190657521,09/03/2019 03:52:00 PM,2,0,0,,N,212369,5,SIDESWIPE - SAME DIRECTION,21,CLEAR,1,DAYLIGHT,12,MOTOR VEHICLE IN TRANSPORT,MM 2 4 I 440,NASHVILLE,TN,37212,5902,MIDTOW,36.1247,-86.8127,POINT (-86.8127 36.1247)
20190729773,10/03/2019 07:40:00 PM,2,0,0,,N,299241,11,Front to Rear,21,CLEAR,3,DARK - LIGHTED,12,MOTOR VEHICLE IN TRANSPORT,PITTS AV & LAKESHORE DR,OLD HICKORY,TN,37138,9723,HERMIT,36.2388,-86.63,POINT (-86.63 36.2388)
20190728438,10/03/2019 08:15:00 AM,2,0,0,,N,876573,4,ANGLE,21,CLEAR,1,DAYLIGHT,12,MOTOR VEHICLE IN TRANSPORT,MURFREESBORO PKE & LAVERGNE COUCHVILLE P,ANTIOCH,TN,37013,8869,SOUTH,36.0279,-86.5899,POINT (-86.5899 36.0279)
20190773115,10/22/2019 03:10:00 PM,2,0,0,,N,725756,4,ANGLE,21,CLEAR,1,DAYLIGHT,12,MOTOR VEHICLE IN TRANSPORT,VALLEY BROOK RD & WOODMONT BLVD,NASHVILLE,TN,37215,6105,WEST,36.1141,-86.8123,POINT (-86.8123 36.1141)
20190735983,10/06/2019 12:00:00 AM,1,2,0,,N,507813,0,NOT COLLISION W/MOTOR VEHICLE-TRANSPORT,2,RAIN,5,DUSK,34,DITCH,FRANKLIN LIMESTONE RD & MULLINS RD,ANTIOCH,TN,37013,8899,SOUTH,36.0813,-86.679,POINT (-86.679 36.0813)
20190875859,12/05/2019 07:35:00 PM,3,0,0,,N,717341,11,Front to Rear,21,CLEAR,3,DARK - LIGHTED,12,MOTOR VEHICLE IN TRANSPORT,BRILEY PKWYN & BRILEY PKWYS,NASHVILLE,TN,37211,8404,SOUTH,36.1092,-86.727,POINT (-86.727 36.1092)
20190637085,08/26/2019 11:31:00 AM,2,1,0,,N,462494,11,Front to Rear,2,RAIN,1,DAYLIGHT,12,MOTOR VEHICLE IN TRANSPORT,WOODMONT BLVD & GENERAL HOOD TRL,NASHVILLE,TN,37204,7011,MIDTOW,36.1099,-86.7793,POINT (-86.7793 36.1099)