Accident Number,Date and Time,Number of Motor Vehicles,Number of Injuries,Number of Fatalities,Property Damage,Hit and Run,Reporting Officer,Collision Type Code,Collision Type Description,Weather Code,Weather Description,Illumination Code,Illumination Description,Harmful Code,Harmful Code Description,Street Address,City,State,ZIP,RPA,Precinct,Latitude,Longitude,Mapped Location
20190819556,11/11/2019 04:48:00 PM,2,0,0,,Y,179583,5,SIDESWIPE - SAME DIRECTION,2,RAIN,5,DUSK,12,MOTOR VEHICLE IN TRANSPORT,HARDING PL & OLD EZELL RD,NASHVILLE,TN,37211,8847,SOUTH,36.0901,-86.6877,POINT (-86.6877 36.0901)
20190615472,08/18/2019 03:43:00 AM,1,1,0,,N,279203,0,NOT COLLISION W/MOTOR VEHICLE-TRANSPORT,21,CLEAR,2,DARK - NOT LIGHTED,1;36,CONCRETE TRAFFIC BARRIER,MM 212 8 I 40,NASHVILLE,TN,37210,90040,HERMIT,36.1425,-86.7353,POINT (-86.7353 36.1425)
20190877394,12/06/2019 10:28:00 AM,2,0,0,,N,191578,4,ANGLE,22,CLOUDY,1,DAYLIGHT,12,MOTOR VEHICLE IN TRANSPORT,CHARLES E DAVIS BLVD & CANNON ST,NASHVILLE,TN,37210,8205,HERMIT,36.1512,-86.7621,POINT (-86.7621 36.1512)
20190841437,11/20/2019 03:30:00 PM,2,0,0,,Y,352185,6,SIDESWIPE - OPPOSITE DIRECTION,21,CLEAR,1,DAYLIGHT,12,MOTOR VEHICLE IN TRANSPORT,DICKERSON PKE & I65 N ENT RAMP,NASHVILLE,TN,37216,1805,EAST,36.2361,-86.7582,POINT (-86.7582 36.2361)
20190670538,09/09/2019 10:47:00 AM,3,0,0,,N,468030,11,Front to Rear,21,CLEAR,1,DAYLIGHT,12,MOTOR VEHICLE IN TRANSPORT,GALLATIN AV & CHESTER AV,NASHVILLE,TN,37206,1331,EAST,36.1955,-86.7429,POINT (-86.7429 36.1955)
20190710908,09/25/2019 08:40:00 PM,2,1,0,,N,717341,11,Front to Rear,21,CLEAR,2,DARK - NOT LIGHTED,12,MOTOR VEHICLE IN TRANSPORT,MM 63 0 I 24,ANTIOCH,TN,37013,8702,SOUTH,36.0094,-86.6151,POINT (-86.6151 36.0094)
20190692964,09/18/2019 11:11:00 AM,2,1,0,,N,262757,11,Front to Rear,21,CLEAR,1,DAYLIGHT,12,MOTOR VEHICLE IN TRANSPORT,MM 211 4 I 40,NASHVILLE,TN,37210,8204,HERMIT,36.1517,-86.7525,POINT (-86.7525 36.1517)
20190704780,09/23/2019 01:44:00 PM,2,2,0,,N,212325,4,ANGLE,21,CLEAR,1,DAYLIGHT,1;12,MOTOR VEHICLE IN TRANSPORT,STATE RT 45 & RIO VISTA DR,MADISON,TN,37115,1705,MADISO,36.2628,-86.681,POINT (-86.681 36.2628)
20190790896,10/30/2019 08:08:00 AM,2,0,0,,N,544482,4,ANGLE,2,RAIN,1,DAYLIGHT,12,MOTOR VEHICLE IN TRANSPORT,HOGAN RD & REGENT DR,NASHVILLE,TN,37220,8617,MIDTOW,36.0659,-86.7681,POINT (-86.7681 36.0659)
20190634905,08/25/2019 11:09:00 AM,2,0,0,,Y,140808,5,SIDESWIPE - SAME DIRECTION,22,CLOUDY,1,DAYLIGHT,12,MOTOR VEHICLE IN TRANSPORT,I65 N ENT RAMP & I 65,NASHVILLE,TN,37207,1829,EAST,36.209,-86.7759,POINT (-86.7759 36.209)
20190850275,11/24/2019 12:07:00 PM,2,0,0,,N,473670,11,Front to Rear,21,CLEAR,1,DAYLIGHT,12,MOTOR VEHICLE IN TRANSPORT,EDGEFIELD MANOR PVTDR & S 5TH ST,NASHVILLE,TN,37206,1115,EAST,36.1686,-86.7627,POINT (-86.7627 36.1686)
20190855304,11/26/2019 03:11:00 PM,3,0,0,,Y,717341,11,Front to Rear,2,RAIN,1,DAYLIGHT,12,MOTOR VEHICLE IN TRANSPORT,I24E & I40 E ENT RAMP,NASHVILLE,TN,37210,82061,HERMIT,36.1381,-86.7274,POINT (-86.7274 36.1381)
20190701973,09/22/2019 03:00:00 AM,2,0,0,,Y,320578,4,ANGLE,21,CLEAR,3,DARK - LIGHTED,12,MOTOR VEHICLE IN TRANSPORT,HAYWOOD SQUARE PVTDR & APACHE TRL,NASHVILLE,TN,37211,8709,SOUTH,36.0687,-86.6934,POINT (-86.6934 36.0687)
20190603493,08/13/2019 02:28:00 PM,2,1,0,,N,267831,11,Front to Rear,21,CLEAR,1,DAYLIGHT,12,MOTOR VEHICLE IN TRANSPORT,OLD HARDING PKE & MORTON MILL RD,NASHVILLE,TN,37221,4819,WEST,36.0575,-86.946,POINT (-86.946 36.0575)
20190815764,11/09/2019 05:28:00 PM,1,0,0,,Y,579971,0,NOT COLLISION W/MOTOR VEHICLE-TRANSPORT,21,CLEAR,1,DAYLIGHT,7,,MOSS RD & OTTENVILLE AV,ANTIOCH,TN,37013,8861,SOUTH,36.0591,-86.6656,POINT (-86.6656 36.0591)
20190926058,12/28/2019 06:28:00 PM,1,1,0,Y,N,240985,0,NOT COLLISION W/MOTOR VEHICLE-TRANSPORT,21,CLEAR,3,DARK - LIGHTED,40,MAIL BOX,BLACKMAN RD & DARLINGTON DR,NASHVILLE,TN,37211,8607,MIDTOW,36.0743,-86.7392,POINT (-86.7392 36.0743)
20190622152,08/15/2019 05:00:00 PM,1,0,0,Y,Y,256444,0,NOT COLLISION W/MOTOR VEHICLE-TRANSPORT,21,CLEAR,1,DAYLIGHT,40,MAIL BOX,PENNINGTON BEND RD & VALLEY BEND DR,NASHVILLE,TN,37214,9215,HERMIT,36.2233,-86.6887,POINT (-86.6887 36.2233)
20190593496,08/09/2019 03:40:00 PM,2,0,0,,N,320580,5,SIDESWIPE - SAME DIRECTION,21,CLEAR,1,DAYLIGHT,12,MOTOR VEHICLE IN TRANSPORT,MM 212 9 I 40,NASHVILLE,TN,37210,82061,HERMIT,36.1404,-86.7312,POINT (-86.7312 36.1404)
20190707309,09/24/2019 12:07:00 PM,2,2,0,,N,224955,11,Front to Rear,21,CLEAR,1,DAYLIGHT,12,MOTOR VEHICLE IN TRANSPORT,MYATT DR & ANDERSON LN,MADISON,TN,37115,1715,MADISO,36.2728,-86.6895,POINT (-86.6895 36.2728)
20190833646,11/17/2019 04:54:00 PM,2,0,0,,N,279208,4,ANGLE,21,CLEAR,1,DAYLIGHT,12,MOTOR VEHICLE IN TRANSPORT,17TH AVS & WEST END AV,NASHVILLE,TN,37203,5707,MIDTOW,36.1538,-86.7944,POINT (-86.7944 36.1538)
20190783899,10/27/2019 02:05:00 PM,1,1,0,,N,352159,0,NOT COLLISION W/MOTOR VEHICLE-TRANSPORT,22,CLOUDY,1,DAYLIGHT,18,OTHER OBJECT (NOT FIXED),ELLINGTON PKWY S ENT RAMP & ELLINGTON PK,NASHVILLE,TN,37207,1855,EAST,36.2032,-86.7516,POINT (-86.7516 36.2032)
20190657212,09/03/2019 01:20:00 PM,2,0,0,,Y,262749,11,Front to Rear,21,CLEAR,1,DAYLIGHT,12,MOTOR VEHICLE IN TRANSPORT,JACKSON DOWNS BLVD & LEBANON PKE,NASHVILLE,TN,37214,9403,HERMIT,36.1853,-86.6365,POINT (-86.6365 36.1853)
20190624328,08/21/2019 11:30:00 AM,1,1,0,Y,N,191578,0,NOT COLLISION W/MOTOR VEHICLE-TRANSPORT,21,CLEAR,1,DAYLIGHT,1;30;33;40,UTILITY POLE;CURB;MAIL BOX,OLD MURFREESBORO PKE & SMITH SPRINGS RD,NASHVILLE,TN,37217,8947,HERMIT,36.0975,-86.6552,POINT (-86.6552 36.0975)
20190843116,11/21/2019 09:30:00 AM,1,2,0,,N,226622,0,NOT COLLISION W/MOTOR VEHICLE-TRANSPORT,21,CLEAR,1,DAYLIGHT,1;63,Ran Off Road-Right,MM 194 5 I 40,NASHVILLE,TN,37221,4704,WEST,36.077,-86.9845,POINT (-86.9845 36.077)
20190581953,08/05/2019 02:39:00 PM,2,0,0,,N,267831,4,ANGLE,21,CLEAR,1,DAYLIGHT,12,MOTOR VEHICLE IN TRANSPORT,53RD AVN & CHARLOTTE AV,NASHVILLE,TN,37209,5121,WEST,36.1519,-86.8512,POINT (-86.8512 36.1519)
20190792880,10/31/2019 03:45:00 AM,2,0,0,,N,212342,5,SIDESWIPE - SAME DIRECTION,21,CLEAR,3,DARK - LIGHTED,12,MOTOR VEHICLE IN TRANSPORT,KAREN DR & STATE HWY 155,NASHVILLE,TN,37217,8951,HERMIT,36.1395,-86.7002,POINT (-86.7002 36.1395)
20190626879,08/22/2019 08:55:00 AM,2,0,0,,N,716886,4,ANGLE,21,CLEAR,1,DAYLIGHT,12,MOTOR VEHICLE IN TRANSPORT,OLD HICKORY BLVD & NOLENSVILLE PKE,ANTIOCH,TN,37013,8757,SOUTH,36.0455,-86.7122,POINT (-86.7122 36.0455)
20190810965,11/07/2019 05:35:00 PM,2,0,0,,N,311344,11,Front to Rear,2,RAIN,2,DARK - NOT LIGHTED,12,MOTOR VEHICLE IN TRANSPORT,BRILEY PKWYW & DOVERSIDE DR,NASHVILLE,TN,37207,20141,MADISO,36.2393,-86.7768,POINT (-86.7768 36.2393)
20190780561,10/25/2019 05:30:00 PM,2,1,0,,N,330428,16,Rear to Side,2,RAIN,5,DUSK,12,MOTOR VEHICLE IN TRANSPORT,CHARLOTTE PKE & RUSSLEO DR,NASHVILLE,TN,37209,5021,WEST,36.1401,-86.8793,POINT (-86.8793 36.1401)
20190657238,09/03/2019 01:44:00 PM,2,1,0,Y,N,594473,4,ANGLE,21,CLEAR,1,DAYLIGHT,12,MOTOR VEHICLE IN TRANSPORT,25TH AVN & CENTENNIAL PARK PVTDR,NASHVILLE,TN,37203,5623,MIDTOW,36.1503,-86.8107,POINT (-86.8107 36.1503)
20190843103,11/21/2019 09:34:00 AM,2,0,0,,N,191578,11,Front to Rear,22,CLOUDY,1,DAYLIGHT,12,MOTOR VEHICLE IN TRANSPORT,MM 212 1 I 40,NASHVILLE,TN,37210,90041,HERMIT,36.1463,-86.7422,POINT (-86.7422 36.1463)
20190803549,11/04/2019 08:44:00 PM,1,0,0,Y,Y,320594,0,NOT COLLISION W/MOTOR VEHICLE-TRANSPORT,21,CLEAR,3,DARK - LIGHTED,18,OTHER OBJECT (NOT FIXED),ROCKWOOD DR & HERMITAGE WOODS DR,HERMITAGE,TN,37076,9557,HERMIT,36.1807,-86.6034,POINT (-86.6034 36.1807)
20190783208,10/27/2019 03:40:00 AM,1,0,0,,N,279201,0,NOT COLLISION W/MOTOR VEHICLE-TRANSPORT,21,CLEAR,2,DARK - NOT LIGHTED,1,,ERMAC DR & OLD ELM HILL PKE,NASHVILLE,TN,37214,9101,HERMIT,36.1507,-86.6872,POINT (-86.6872 36.1507)
20190704485,09/23/2019 11:13:00 AM,1,0,0,Y,Y,223502,0,NOT COLLISION W/MOTOR VEHICLE-TRANSPORT,2,RAIN,1,DAYLIGHT,15,OTHER TYPE NON-MOTORIST,THOMPSON LN & FOSTER AV,NASHVILLE,TN,37211,8425,SOUTH,36.1108,-86.7433,POINT (-86.7433 36.1108)
20190923271,12/26/2019 12:00:00 AM,1,0,0,Y,Y,352159,0,NOT COLLISION W/MOTOR VEHICLE-TRANSPORT,99,UNKNOWN,9,UNKNOWN,30,UTILITY POLE,GALLATIN PKE & CALVERT ST,NASHVILLE,TN,37216,1501,EAST,36.226,-86.7255,POINT (-86.7255 36.226)
20190805526,11/05/2019 02:21:00 PM,2,1,0,,N,134899,4,ANGLE,21,CLEAR,1,DAYLIGHT,12,MOTOR VEHICLE IN TRANSPORT,MARTINGALE DR & ROBINSON RD,OLD HICKORY,TN,37138,9619,HERMIT,36.2579,-86.6569,POINT (-86.6569 36.2579)
20190621648,08/20/2019 01:11:00 PM,2,0,0,,Y,493304,5,SIDESWIPE - SAME DIRECTION,21,CLEAR,1,DAYLIGHT,12,MOTOR VEHICLE IN TRANSPORT,BRILEY PKWYW & BRILEY PKWYE,NASHVILLE,TN,37218,3216,NORTH,36.2254,-86.8638,POINT (-86.8638 36.2254)
20190708547,09/25/2019 12:12:00 AM,4,1,0,Y,Y,191786,5,SIDESWIPE - SAME DIRECTION,21,CLEAR,3,DARK - LIGHTED,12;18;29,MOTOR VEHICLE IN TRANSPORT;OTHER OBJECT (NOT FIXED);LUMINAIRE/LIGHT SUPPORT,MM 208 1 I 40,NASHVILLE,TN,37208,42023,NORTH,36.1684,-86.7964,POINT (-86.7964 36.1684)
20190745575,10/10/2019 07:29:00 PM,2,0,0,,N,169425,11,Front to Rear,21,CLEAR,3,DARK - LIGHTED,12,MOTOR VEHICLE IN TRANSPORT,MM 1 3 I 440,NASHVILLE,TN,37205,5242,WEST,36.1385,-86.8226,POINT (-86.8226 36.1385)
20190712442,09/26/2019 12:00:00 PM,2,0,0,,N,226673,11,Front to Rear,2,RAIN,1,DAYLIGHT,12,MOTOR VEHICLE IN TRANSPORT,MM 49 0 I 24,NASHVILLE,TN,37206,10040,EAST,36.1664,-86.7647,POINT (-86.7647 36.1664)
20190796051,11/01/2019 12:04:00 PM,2,0,0,,N,462474,11,Front to Rear,21,CLEAR,1,DAYLIGHT,12,MOTOR VEHICLE IN TRANSPORT,FRANKLIN PIKE CIR & OLD HICKORY BLVD,BRENTWOOD,TN,37027,8619,MIDTOW,36.0412,-86.7795,POINT (-86.7795 36.0412)
20190782837,10/26/2019 11:05:00 PM,2,0,0,,Y,279216,11,Front to Rear,22,CLOUDY,3,DARK - LIGHTED,12,MOTOR VEHICLE IN TRANSPORT,MM 86 5 I 65,NASHVILLE,TN,37207,3006,NORTH,36.1946,-86.7762,POINT (-86.7762 36.1946)
20190611724,08/16/2019 04:15:00 PM,2,0,0,,N,179582,5,SIDESWIPE - SAME DIRECTION,21,CLEAR,1,DAYLIGHT,12,MOTOR VEHICLE IN TRANSPORT,BELL RD & HICKORY HOLLOW TER,ANTIOCH,TN,37013,8865,SOUTH,36.3008,-86.6948,POINT (-86.6948 36.3008)
20190586912,08/07/2019 10:58:00 AM,3,0,0,,N,299264,11,Front to Rear,21,CLEAR,1,DAYLIGHT,12,MOTOR VEHICLE IN TRANSPORT,FRANKLIN PKE & OLD HICKORY BLVD,NASHVILLE,TN,37220,7111,MIDTOW,36.0377,-86.7865,POINT (-86.7865 36.0377)
20190853255,11/25/2019 12:00:00 AM,2,0,0,,Y,352178,5,SIDESWIPE - SAME DIRECTION,21,CLEAR,3,DARK - LIGHTED,14,PARKED MOTOR VEHICLE,HERMAN ST & 16TH AVE N,NASHVILLE,TN,37203,5421,NORTH,36.1656,-86.8,POINT (-86.8 36.1656)
20190651077,08/31/2019 08:50:00 PM,2,0,0,,N,311328,11,Front to Rear,21,CLEAR,7,Dark-Unknown Lighting,12,MOTOR VEHICLE IN TRANSPORT,JAMES ROBERTSON PKWY & ELLINGTON PKWY N,NASHVILLE,TN,37206,1109,EAST,36.1718,-86.768,POINT (-86.768 36.1718)
20190667224,09/07/2019 06:12:00 PM,2,0,0,,Y,320585,5,SIDESWIPE - SAME DIRECTION,21,CLEAR,1,DAYLIGHT,12,MOTOR VEHICLE IN TRANSPORT,ELM HILL PKE & AIRPORT CENTER DR,NASHVILLE,TN,37214,9411,HERMIT,36.1471,-86.6622,POINT (-86.6622 36.1471)
20190726711,10/02/2019 03:08:00 PM,2,0,0,,Y,240976,11,Front to Rear,21,CLEAR,1,DAYLIGHT,12;14,MOTOR VEHICLE IN TRANSPORT;PARKED MOTOR VEHICLE,N 2ND ST & CLEVELAND ST,NASHVILLE,TN,37207,1949,EAST,36.1872,-86.7709,POINT (-86.7709 36.1872)
20190783856,10/26/2019 11:00:00 PM,2,0,0,,Y,262757,6,SIDESWIPE - OPPOSITE DIRECTION,2,RAIN,3,DARK - LIGHTED,12,MOTOR VEHICLE IN TRANSPORT,ERMAC DR & MARRIOTT DR,NASHVILLE,TN,37214,9115,HERMIT,36.1449,-86.6899,POINT (-86.6899 36.1449)
20190698104,09/20/2019 10:30:00 AM,2,0,0,,N,620057,0,NOT COLLISION W/MOTOR VEHICLE-TRANSPORT,21,CLEAR,1,DAYLIGHT,12;36,MOTOR VEHICLE IN TRANSPORT;CONCRETE TRAFFIC BARRIER,I65 N ENT RAMP & I 65,NASHVILLE,TN,37207,1829,EAST,36.209,-86.7759,POINT (-86.7759 36.209)
20190826154,11/14/2019 07:45:00 AM,2,0,0,,N,235761,11,Front to Rear,21,CLEAR,1,DAYLIGHT,12,MOTOR VEHICLE IN TRANSPORT,HARDING PKE & HARDING PL,NASHVILLE,TN,37205,6201,WEST,36.1014,-86.8706,POINT (-86.8706 36.1014)
20190775908,10/23/2019 07:00:00 PM,2,0,0,,N,909486,6,SIDESWIPE - OPPOSITE DIRECTION,21,CLEAR,3,DARK - LIGHTED,12,MOTOR VEHICLE IN TRANSPORT,WHISPERING HILLS DR & EDMONDSON PKE,NASHVILLE,TN,37211,8659,MIDTOW,36.0721,-86.7329,POINT (-86.7329 36.0721)
20190628637,08/22/2019 11:30:00 PM,2,1,0,,N,352209,4,ANGLE,21,CLEAR,3,DARK - LIGHTED,12,MOTOR VEHICLE IN TRANSPORT,INTERSTATE DR & JAMES ROBERTSON PKWY,NASHVILLE,TN,37213,1105,CENTRA,36.1714,-86.769,POINT (-86.769 36.1714)
20190799631,11/03/2019 12:00:00 AM,1,0,0,,Y,320591,9,UNKNOWN,21,CLEAR,3,DARK - LIGHTED,99,UNKNOWN MOST HARMFUL EVENT,MM 6 9 I 440,NASHVILLE,TN,37210,81040,SOUTH,36.1245,-86.7391,POINT (-86.7391 36.1245)
20190819629,11/11/2019 05:48:00 PM,2,0,0,,Y,420040,5,SIDESWIPE - SAME DIRECTION,2,RAIN,5,DUSK,12,MOTOR VEHICLE IN TRANSPORT,US HWY 31 & DIVISION ST,NASHVILLE,TN,37203,4011,CENTRA,36.1497,-86.7792,POINT (-86.7792 36.1497)
20190684009,09/14/2019 12:52:00 PM,2,0,0,,N,256448,4,ANGLE,21,CLEAR,1,DAYLIGHT,12,MOTOR VEHICLE IN TRANSPORT,ROYAL PKWY & DONELSON PKE,NASHVILLE,TN,37214,9103,HERMIT,36.1463,-86.6689,POINT (-86.6689 36.1463)
20190835579,11/18/2019 12:39:00 PM,2,1,0,,N,384436,11,Front to Rear,21,CLEAR,1,DAYLIGHT,12,MOTOR VEHICLE IN TRANSPORT,MM 7 0 I 440,NASHVILLE,TN,37210,83042,SOUTH,36.1243,-86.738,POINT (-86.738 36.1243)
20190724583,10/01/2019 07:31:00 PM,2,1,0,,N,429193,11,Front to Rear,21,CLEAR,3,DARK - LIGHTED,12,MOTOR VEHICLE IN TRANSPORT,I40 E ENT RAMP & I 40,NASHVILLE,TN,37205,4903,WEST,36.1109,-86.922,POINT (-86.922 36.1109)
20190930210,12/30/2019 06:30:00 PM,3,0,0,,Y,352156,5,SIDESWIPE - SAME DIRECTION,21,CLEAR,3,DARK - LIGHTED,12,MOTOR VEHICLE IN TRANSPORT,MM 53 0 I 24,NASHVILLE,TN,37210,8302,SOUTH,36.1189,-86.7264,POINT (-86.7264 36.1189)
20190793155,10/31/2019 06:33:00 AM,2,1,0,,N,571313,11,Front to Rear,2,RAIN,4,DAWN,12,MOTOR VEHICLE IN TRANSPORT,MM 81 5 I 65,NASHVILLE,TN,37203,8006,MIDTOW,36.1361,-86.7756,POINT (-86.7756 36.1361)
20190625157,08/21/2019 05:44:00 PM,2,0,0,,N,169425,4,ANGLE,21,CLEAR,1,DAYLIGHT,12,MOTOR VEHICLE IN TRANSPORT,CHURCH STE & PLUM ORCHARD DR,BRENTWOOD,TN,37027,8623,MIDTOW,36.0331,-86.7742,POINT (-86.7742 36.0331)
20190819110,11/11/2019 12:36:00 PM,2,0,0,,N,352202,4,ANGLE,21,CLEAR,1,DAYLIGHT,12,MOTOR VEHICLE IN TRANSPORT,LAFAYETTE ST & ASH ST,NASHVILLE,TN,37210,4005,CENTRA,36.1521,-86.7721,POINT (-86.7721 36.1521)
20190609670,08/15/2019 08:16:00 PM,1,1,0,,Y,151132,0,NOT COLLISION W/MOTOR VEHICLE-TRANSPORT,21,CLEAR,3,DARK - LIGHTED,8,PEDESTRIAN,GALLATIN PKES & MAPLE ST,MADISON,TN,37115,1607,MADISO,36.2617,-86.7124,POINT (-86.7124 36.2617)
20190678996,09/12/2019 03:06:00 PM,2,0,0,,N,405418,11,Front to Rear,21,CLEAR,1,DAYLIGHT,12,MOTOR VEHICLE IN TRANSPORT,BATTERY LN & DUSTIN LN,NASHVILLE,TN,37220,7103,MIDTOW,36.088,-86.7827,POINT (-86.7827 36.088)
20190730081,10/03/2019 09:36:00 PM,2,0,0,,N,256492,5,SIDESWIPE - SAME DIRECTION,21,CLEAR,3,DARK - LIGHTED,12,MOTOR VEHICLE IN TRANSPORT,I40 W EXT RAMP & I 40,NASHVILLE,TN,37203,4119,CENTRA,36.1574,-86.79,POINT (-86.79 36.1574)
20190690662,09/17/2019 03:20:00 PM,2,0,0,,N,433550,2,HEAD-ON,21,CLEAR,1,DAYLIGHT,13,MOTOR VEHICLE IN TRANSPORT-OTHER ROADWAY,MM 220 8 I 40,HERMITAGE,TN,37076,89042,HERMIT,36.1701,-86.6013,POINT (-86.6013 36.1701)
20190803093,11/04/2019 12:21:00 PM,2,1,0,,Y,298877,6,SIDESWIPE - OPPOSITE DIRECTION,21,CLEAR,1,DAYLIGHT,12,MOTOR VEHICLE IN TRANSPORT,NOLENSVILLE PKE & BREWER DR,NASHVILLE,TN,37211,8715,SOUTH,36.0535,-86.715,POINT (-86.715 36.0535)
20190593220,08/09/2019 01:45:00 PM,1,1,0,,N,151131,0,NOT COLLISION W/MOTOR VEHICLE-TRANSPORT,21,CLEAR,1,DAYLIGHT,36,CONCRETE TRAFFIC BARRIER,ROSA L PARKS BLVD & LOCKLAYER ST,NASHVILLE,TN,37208,4239,NORTH,36.1714,-86.7902,POINT (-86.7902 36.1714)
20190635441,08/25/2019 05:18:00 PM,2,0,0,,N,197068,11,Front to Rear,2,RAIN,1,DAYLIGHT,12,MOTOR VEHICLE IN TRANSPORT,12TH AVS & BROADWAY,NASHVILLE,TN,37203,4081,CENTRA,36.1563,-86.7873,POINT (-86.7873 36.1563)
20190675557,09/11/2019 08:15:00 AM,2,0,0,,N,206962,4,ANGLE,21,CLEAR,1,DAYLIGHT,12,MOTOR VEHICLE IN TRANSPORT,STATE HWY 45 & S GRAYCROFT AVE,MADISON,TN,37115,1775,MADISO,36.2644,-86.7322,POINT (-86.7322 36.2644)
20190899275,12/16/2019 12:00:00 AM,1,0,0,,N,676828,0,NOT COLLISION W/MOTOR VEHICLE-TRANSPORT,2,RAIN,3,DARK - LIGHTED,30;31,"UTILITY POLE;OTHER POST, POLE, SUPP.",21ST AVS & BLAIR BLVD,NASHVILLE,TN,37212,6607,MIDTOW,36.1304,-86.802,POINT (-86.802 36.1304)
20190657648,09/03/2019 05:27:00 PM,2,0,0,,Y,714641,11,Front to Rear,21,CLEAR,1,DAYLIGHT,12,MOTOR VEHICLE IN TRANSPORT,4TH AVN & CHURCH ST,NASHVILLE,TN,37219,4129,CENTRA,36.1637,-86.779,POINT (-86.779 36.1637)
20190859889,11/28/2019 05:47:00 PM,2,0,0,,Y,256446,6,SIDESWIPE - OPPOSITE DIRECTION,2,RAIN,3,DARK - LIGHTED,12,MOTOR VEHICLE IN TRANSPORT,BATTLE RD & CAROTHERS RD,NOLENSVILLE,TN,37135,8773,SOUTH,35.9849,-86.6262,POINT (-86.6262 35.9849)
20190826949,11/14/2019 03:10:00 PM,2,0,0,,N,717341,4,ANGLE,21,CLEAR,1,DAYLIGHT,12,MOTOR VEHICLE IN TRANSPORT,POLK AVE & WOODYCREST AVE,NASHVILLE,TN,37210,8115,SOUTH,36.1351,-86.7454,POINT (-86.7454 36.1351)
20190655280,09/02/2019 06:19:00 PM,2,1,0,,N,206674,11,Front to Rear,21,CLEAR,1,DAYLIGHT,12,MOTOR VEHICLE IN TRANSPORT,I40 W EXT RAMP & I 40,NASHVILLE,TN,37203,4119,CENTRA,36.1574,-86.79,POINT (-86.79 36.1574)
20190817563,11/10/2019 05:45:00 PM,2,0,0,,Y,256384,11,Front to Rear,21,CLEAR,3,DARK - LIGHTED,12,MOTOR VEHICLE IN TRANSPORT,MM 49 2 I 24,NASHVILLE,TN,37213,1002,CENTRA,36.1637,-86.7625,POINT (-86.7625 36.1637)
20190583571,08/06/2019 06:48:00 AM,2,0,0,,N,714641,11,Front to Rear,21,CLEAR,1,DAYLIGHT,12,MOTOR VEHICLE IN TRANSPORT,ELLINGTON PKWYS & ELLINGTON PKWYN,NASHVILLE,TN,37207,1995,EAST,36.1758,-86.7666,POINT (-86.7666 36.1758)
20190929798,12/30/2019 03:00:00 PM,2,1,0,,N,179582,4,ANGLE,21,CLEAR,1,DAYLIGHT,12,MOTOR VEHICLE IN TRANSPORT,OLD HICKORY BLVD & EULALA DR,ANTIOCH,TN,37013,8757,SOUTH,36.0454,-86.7036,POINT (-86.7036 36.0454)
20190904311,12/18/2019 12:00:00 AM,1,1,0,,N,279195,0,NOT COLLISION W/MOTOR VEHICLE-TRANSPORT,21,CLEAR,2,DARK - NOT LIGHTED,1,,I40 W ENT RAMP & I 40,NASHVILLE,TN,37210,9007,HERMIT,36.1484,-86.7454,POINT (-86.7454 36.1484)
20190830286,11/15/2019 09:54:00 PM,2,0,0,,N,352215,4,ANGLE,21,CLEAR,3,DARK - LIGHTED,12,MOTOR VEHICLE IN TRANSPORT,CHURCH ST & 15TH AVE N,NASHVILLE,TN,37203,5501,MIDTOW,36.1574,-86.7926,POINT (-86.7926 36.1574)
20190922131,12/26/2019 05:51:00 PM,2,0,0,,Y,320599,5,SIDESWIPE - SAME DIRECTION,21,CLEAR,3,DARK - LIGHTED,12,MOTOR VEHICLE IN TRANSPORT,MM 215 4 I 40,NASHVILLE,TN,37217,89020,HERMIT,36.1434,-86.6882,POINT (-86.6882 36.1434)
20190613191,08/17/2019 01:52:00 AM,1,0,0,,Y,352183,0,NOT COLLISION W/MOTOR VEHICLE-TRANSPORT,21,CLEAR,2,DARK - NOT LIGHTED,24;36,GUARDRAIL FACE;CONCRETE TRAFFIC BARRIER,MM 58 0 I 24,ANTIOCH,TN,37013,88080,SOUTH,36.0584,-86.678,POINT (-86.678 36.0584)
20190775655,10/23/2019 05:04:00 PM,2,0,0,,Y,580819,11,Front to Rear,21,CLEAR,1,DAYLIGHT,12,MOTOR VEHICLE IN TRANSPORT,4TH AVN & CHURCH ST,NASHVILLE,TN,37219,4129,CENTRA,36.1637,-86.779,POINT (-86.779 36.1637)
20190657627,09/03/2019 05:13:00 PM,2,0,0,,Y,256386,5,SIDESWIPE - SAME DIRECTION,21,CLEAR,1,DAYLIGHT,12,MOTOR VEHICLE IN TRANSPORT,BELL RD & BLACKWOOD DR,NASHVILLE,TN,37214,8959,HERMIT,36.174,-86.6057,POINT (-86.6057 36.174)
20190714508,09/27/2019 08:05:00 AM,2,1,0,,N,279227,4,ANGLE,21,CLEAR,1,DAYLIGHT,12,MOTOR VEHICLE IN TRANSPORT,PERIMETER HILL DR & ANTIOCH PKE,NASHVILLE,TN,37211,8847,SOUTH,36.0855,-86.6908,POINT (-86.6908 36.0855)
20190843462,11/21/2019 12:34:00 PM,2,1,0,,N,834798,11,Front to Rear,21,CLEAR,1,DAYLIGHT,12,MOTOR VEHICLE IN TRANSPORT,MM 209 7 I 40,NASHVILLE,TN,37203,4004,CENTRA,36.1492,-86.7812,POINT (-86.7812 36.1492)
20190630359,08/23/2019 01:30:00 PM,2,0,0,,Y,226622,11,Front to Rear,22,CLOUDY,1,DAYLIGHT,12,MOTOR VEHICLE IN TRANSPORT,CHARLOTTE PKE & WHITE BRIDGE PKE,NASHVILLE,TN,37209,5033,WEST,36.15,-86.8584,POINT (-86.8584 36.15)