Accident Number,Date and Time,Number of Motor Vehicles,Number of Injuries,Number of Fatalities,Property Damage,Hit and Run,Reporting Officer,Collision Type Code,Collision Type Description,Weather Code,Weather Description,Illumination Code,Illumination Description,Harmful Code,Harmful Code Description,Street Address,City,State,ZIP,RPA,Precinct,Latitude,Longitude,Mapped Location
20190852960,11/25/2019 04:30:00 PM,3,0,0,,Y,352168,11,Front to Rear,21,CLEAR,5,DUSK,12,MOTOR VEHICLE IN TRANSPORT,MM 77 4 I 65,NASHVILLE,TN,37220,86042,MIDTOW,36.0772,-86.7665,POINT (-86.7665 36.0772)
20190736953,10/07/2019 07:10:00 AM,2,0,0,,N,320601,11,Front to Rear,22,CLOUDY,1,DAYLIGHT,12,MOTOR VEHICLE IN TRANSPORT,HARDING PL & I24 W ENT RAMP,NASHVILLE,TN,37211,8889,SOUTH,36.0868,-86.6977,POINT (-86.6977 36.0868)
20190697991,09/20/2019 09:17:00 AM,2,0,0,,N,191578,11,Front to Rear,21,CLEAR,1,DAYLIGHT,12,MOTOR VEHICLE IN TRANSPORT,MM 212 3 I 40,NASHVILLE,TN,37210,8206,HERMIT,36.1447,-86.7399,POINT (-86.7399 36.1447)
20190835254,11/18/2019 09:49:00 AM,2,0,0,,N,109534,5,SIDESWIPE - SAME DIRECTION,21,CLEAR,1,DAYLIGHT,12,MOTOR VEHICLE IN TRANSPORT,MM 211 2 I 40,NASHVILLE,TN,37210,8008,HERMIT,36.1535,-86.7564,POINT (-86.7564 36.1535)
20190787200,10/28/2019 11:09:00 PM,1,0,0,,N,212342,0,NOT COLLISION W/MOTOR VEHICLE-TRANSPORT,21,CLEAR,3,DARK - LIGHTED,50,DEER (ANIMAL),MM 217 6 I 40,NASHVILLE,TN,37214,94040,HERMIT,36.1418,-86.6535,POINT (-86.6535 36.1418)
20190592638,08/09/2019 09:00:00 AM,2,1,0,,Y,240952,11,Front to Rear,22,CLOUDY,1,DAYLIGHT,12,MOTOR VEHICLE IN TRANSPORT,MT VIEW RD & BELL FORGE LNE,ANTIOCH,TN,37013,8863,SOUTH,36.0471,-86.648,POINT (-86.648 36.0471)
20190838586,11/19/2019 03:26:00 PM,2,0,0,,Y,834813,11,Front to Rear,22,CLOUDY,1,DAYLIGHT,12,MOTOR VEHICLE IN TRANSPORT,GREEN LN & WHITES CREEK PKE,WHITES CREEK,TN,37189,3223,NORTH,36.2365,-86.8142,POINT (-86.8142 36.2365)
20190738065,10/07/2019 06:34:00 PM,2,0,0,,Y,240983,11,Front to Rear,21,CLEAR,2,DARK - NOT LIGHTED,12,MOTOR VEHICLE IN TRANSPORT,HARDING PL & TAMPA DR,NASHVILLE,TN,37211,8705,SOUTH,36.0827,-86.7105,POINT (-86.7105 36.0827)
20190834910,11/18/2019 07:14:00 AM,2,0,0,,N,384436,11,Front to Rear,21,CLEAR,1,DAYLIGHT,12,MOTOR VEHICLE IN TRANSPORT,EAST THOMPSON LN & CURREY RD,NASHVILLE,TN,37211,8809,SOUTH,36.1189,-86.7186,POINT (-86.7186 36.1189)
20190661412,09/05/2019 06:24:00 AM,2,0,0,,Y,140808,5,SIDESWIPE - SAME DIRECTION,21,CLEAR,1,DAYLIGHT,12,MOTOR VEHICLE IN TRANSPORT,MURFREESBORO PKE & HICKORY WOODS DR,ANTIOCH,TN,37013,8967,SOUTH,36.0264,-86.5884,POINT (-86.5884 36.0264)
20190651636,09/01/2019 01:21:00 AM,2,0,0,,N,169414,2,HEAD-ON,21,CLEAR,2,DARK - NOT LIGHTED,14,PARKED MOTOR VEHICLE,SUNNYWOOD DR & BURNT PINE CT,ANTIOCH,TN,37013,8759,SOUTH,36.0245,-86.6999,POINT (-86.6999 36.0245)
20190682052,09/13/2019 05:17:00 PM,2,2,0,,N,256389,4,ANGLE,21,CLEAR,1,DAYLIGHT,12,MOTOR VEHICLE IN TRANSPORT,CHARLOTTE AV & 16TH AVN,NASHVILLE,TN,37203,5503,MIDTOW,36.1595,-86.7964,POINT (-86.7964 36.1595)
20190586388,08/07/2019 06:10:00 AM,1,0,0,Y,N,352186,0,NOT COLLISION W/MOTOR VEHICLE-TRANSPORT,21,CLEAR,1,DAYLIGHT,30,UTILITY POLE,COWAN ST & I24 E EXT RAMP,NASHVILLE,TN,37207,1955,CENTRA,36.1824,-86.7759,POINT (-86.7759 36.1824)
20190761834,10/17/2019 04:20:00 PM,2,0,0,,N,725756,11,Front to Rear,21,CLEAR,1,DAYLIGHT,14,PARKED MOTOR VEHICLE,BELLEVUE CTR PVTDR & SAWYER BROWN RD,NASHVILLE,TN,37221,4813,WEST,36.079,-86.9447,POINT (-86.9447 36.079)
20190882017,12/08/2019 06:44:00 PM,2,0,0,,N,352156,5,SIDESWIPE - SAME DIRECTION,21,CLEAR,3,DARK - LIGHTED,12,MOTOR VEHICLE IN TRANSPORT,MURFREESBORO PKE & BOWWOOD CT,NASHVILLE,TN,37217,8811,SOUTH,36.1256,-86.7097,POINT (-86.7097 36.1256)
20190838343,11/19/2019 01:54:00 PM,2,0,0,,Y,109534,5,SIDESWIPE - SAME DIRECTION,22,CLOUDY,1,DAYLIGHT,12,MOTOR VEHICLE IN TRANSPORT,OLD HICKORY BLVD & ANDREW JACKSON PKWY,HERMITAGE,TN,37076,9561,HERMIT,36.1836,-86.6107,POINT (-86.6107 36.1836)
20190796461,11/01/2019 03:00:00 PM,2,0,0,,N,717341,4,ANGLE,21,CLEAR,1,DAYLIGHT,12,MOTOR VEHICLE IN TRANSPORT,4TH AVS & MCCANN ST,NASHVILLE,TN,37210,8153,SOUTH,36.1499,-86.77,POINT (-86.77 36.1499)
20190777976,10/24/2019 04:02:00 PM,2,2,0,,N,240983,4,ANGLE,21,CLEAR,1,DAYLIGHT,12,MOTOR VEHICLE IN TRANSPORT,I24 W EXT RAMP & I 24,NASHVILLE,TN,37211,8829,SOUTH,36.1074,-86.7197,POINT (-86.7197 36.1074)
20190736457,10/07/2019 12:15:00 AM,1,0,0,,N,226175,0,NOT COLLISION W/MOTOR VEHICLE-TRANSPORT,2,RAIN,3,DARK - LIGHTED,1;39,WALL,I40 E EXT RAMP & I 40,NASHVILLE,TN,37214,8955,HERMIT,36.155,-86.6271,POINT (-86.6271 36.155)
20190807915,11/06/2019 12:20:00 PM,2,0,0,,N,665896,11,Front to Rear,21,CLEAR,1,DAYLIGHT,12,MOTOR VEHICLE IN TRANSPORT,GALLATIN AV & MAXWELL AV,NASHVILLE,TN,37206,1243,EAST,36.1821,-86.7491,POINT (-86.7491 36.1821)
20190773738,10/22/2019 11:05:00 PM,1,0,0,,N,109542,0,NOT COLLISION W/MOTOR VEHICLE-TRANSPORT,21,CLEAR,3,DARK - LIGHTED,38,FENCE,INTERSTATE DR & WOODLAND ST,NASHVILLE,TN,37213,1105,CENTRA,36.1705,-86.7684,POINT (-86.7684 36.1705)
20190838206,11/19/2019 12:45:00 PM,2,0,0,,N,620061,98,OTHER,21,CLEAR,1,DAYLIGHT,12,MOTOR VEHICLE IN TRANSPORT,HARDING PL & TROUSDALE DR,NASHVILLE,TN,37220,8601,MIDTOW,36.0811,-86.7584,POINT (-86.7584 36.0811)
20190693851,09/18/2019 06:10:00 PM,2,0,0,,Y,256386,11,Front to Rear,21,CLEAR,1,DAYLIGHT,12,MOTOR VEHICLE IN TRANSPORT,BELL RD & BLACKWOOD DR,NASHVILLE,TN,37214,8959,HERMIT,36.174,-86.6057,POINT (-86.6057 36.174)
20190667782,09/07/2019 11:59:00 PM,2,0,0,,N,298871,4,ANGLE,21,CLEAR,3,DARK - LIGHTED,12,MOTOR VEHICLE IN TRANSPORT,14TH AVS & BROADWAY,NASHVILLE,TN,37203,5701,MIDTOW,36.1557,-86.7897,POINT (-86.7897 36.1557)
20190871912,12/04/2019 08:15:00 AM,2,0,0,,N,676834,11,Front to Rear,21,CLEAR,1,DAYLIGHT,12,MOTOR VEHICLE IN TRANSPORT,CLARKSVILLE PKE & CEDAR CIR,NASHVILLE,TN,37218,3141,NORTH,36.2137,-86.8383,POINT (-86.8383 36.2137)
20190727045,10/02/2019 12:00:00 AM,2,1,0,,N,212344,11,Front to Rear,21,CLEAR,1,DAYLIGHT,12,MOTOR VEHICLE IN TRANSPORT,MAIN ST & N 10TH ST,NASHVILLE,TN,37206,1131,EAST,36.1782,-86.7517,POINT (-86.7517 36.1782)
20190735169,10/06/2019 06:54:00 AM,2,0,0,,N,299243,4,ANGLE,21,CLEAR,1,DAYLIGHT,12,MOTOR VEHICLE IN TRANSPORT,COMMERCE ST & ROSA L PARKS BLVD,NASHVILLE,TN,37203,4113,CENTRA,36.1603,-86.783,POINT (-86.783 36.1603)
20190684919,09/15/2019 12:40:00 AM,3,1,0,,N,330416,4,ANGLE,21,CLEAR,3,DARK - LIGHTED,12,MOTOR VEHICLE IN TRANSPORT,GALLATIN PKES & DUE WEST AVW,MADISON,TN,37115,1519,MADISO,36.2475,-86.7207,POINT (-86.7207 36.2475)
20190902681,12/17/2019 10:40:00 AM,2,0,0,,Y,807344,4,ANGLE,22,CLOUDY,1,DAYLIGHT,12,MOTOR VEHICLE IN TRANSPORT,2ND AVS & LINDSLEY AV,NASHVILLE,TN,37210,4005,CENTRA,36.1524,-86.769,POINT (-86.769 36.1524)
20190837607,11/19/2019 07:30:00 AM,2,0,0,,N,320586,5,SIDESWIPE - SAME DIRECTION,22,CLOUDY,1,DAYLIGHT,12,MOTOR VEHICLE IN TRANSPORT,HARDING PL & ANTIOCH PKE,NASHVILLE,TN,37211,8843,SOUTH,36.0878,-86.6914,POINT (-86.6914 36.0878)
20190749262,10/12/2019 12:00:00 AM,1,0,0,,Y,320595,0,NOT COLLISION W/MOTOR VEHICLE-TRANSPORT,99,UNKNOWN,9,UNKNOWN,1;34;42,DITCH;TREE,NASHBORO BLVD & FAIRWAY VILLAS PVTDR,NASHVILLE,TN,37217,8937,HERMIT,36.0898,-86.6391,POINT (-86.6391 36.0898)
20190712438,09/26/2019 11:48:00 AM,2,0,0,,N,468036,11,Front to Rear,2,RAIN,1,DAYLIGHT,12;61,MOTOR VEHICLE IN TRANSPORT;Equip Failure,W TRINITY LN & LUCAS LN,NASHVILLE,TN,37207,1863,EAST,36.2061,-86.7711,POINT (-86.7711 36.2061)
20190873513,12/04/2019 10:40:00 PM,2,1,0,,N,256389,2,HEAD-ON,21,CLEAR,3,DARK - LIGHTED,12,MOTOR VEHICLE IN TRANSPORT,OLD HICKORY BLVD & WOODLAND HILLS DR,NASHVILLE,TN,37211,8653,MIDTOW,36.0386,-86.7309,POINT (-86.7309 36.0386)
20190742331,10/09/2019 12:22:00 PM,2,0,0,,N,109534,11,Front to Rear,21,CLEAR,1,DAYLIGHT,12,MOTOR VEHICLE IN TRANSPORT,LEBANON PKE & FAIRWAY DR,NASHVILLE,TN,37214,9109,HERMIT,36.1691,-86.6824,POINT (-86.6824 36.1691)
20190666694,09/07/2019 11:29:00 AM,2,0,0,,N,212325,4,ANGLE,21,CLEAR,1,DAYLIGHT,12,MOTOR VEHICLE IN TRANSPORT,BERKLEY DR & CORELAND DR,MADISON,TN,37115,1519,MADISO,36.2466,-86.7193,POINT (-86.7193 36.2466)
20190827340,11/14/2019 06:30:00 PM,3,1,0,,N,320580,11,Front to Rear,21,CLEAR,3,DARK - LIGHTED,12,MOTOR VEHICLE IN TRANSPORT,MM 211 8 I 40,NASHVILLE,TN,37210,90022,HERMIT,36.149,-86.7465,POINT (-86.7465 36.149)
20190713134,09/26/2019 05:45:00 PM,1,0,0,,N,240968,0,NOT COLLISION W/MOTOR VEHICLE-TRANSPORT,21,CLEAR,1,DAYLIGHT,18,OTHER OBJECT (NOT FIXED),NASHBORO BLVD & MURFREESBORO PKE,NASHVILLE,TN,37217,8935,HERMIT,36.0884,-86.6478,POINT (-86.6478 36.0884)
20190879118,12/07/2019 02:00:00 AM,1,0,0,Y,Y,352153,0,NOT COLLISION W/MOTOR VEHICLE-TRANSPORT,21,CLEAR,3,DARK - LIGHTED,24;40,GUARDRAIL FACE;MAIL BOX,HAYWOOD LN & HAYWOOD CT,NASHVILLE,TN,37211,8711,SOUTH,36.0703,-86.7022,POINT (-86.7022 36.0703)
20190858593,11/27/2019 09:55:00 PM,2,0,0,,Y,330419,4,ANGLE,21,CLEAR,3,DARK - LIGHTED,12,MOTOR VEHICLE IN TRANSPORT,DUE WEST AVN & OLD DUE WEST AV,MADISON,TN,37115,2009,MADISO,36.2504,-86.7421,POINT (-86.7421 36.2504)
20190845482,11/22/2019 07:55:00 AM,3,0,0,,N,693093,5,SIDESWIPE - SAME DIRECTION,2,RAIN,1,DAYLIGHT,12,MOTOR VEHICLE IN TRANSPORT,DUE WEST AVN & OLD DUE WEST AV,MADISON,TN,37115,2009,MADISO,36.2504,-86.7421,POINT (-86.7421 36.2504)
20190915806,12/23/2019 10:00:00 AM,2,0,0,,N,278580,4,ANGLE,21,CLEAR,1,DAYLIGHT,1;12;63,MOTOR VEHICLE IN TRANSPORT;Ran Off Road-Right,MM 39 4 I 24,WHITES CREEK,TN,37189,3314,NORTH,36.2912,-86.8102,POINT (-86.8102 36.2912)
20190895202,12/13/2019 09:05:00 PM,2,1,0,,N,352168,2,HEAD-ON,22,CLOUDY,2,DARK - NOT LIGHTED,12,MOTOR VEHICLE IN TRANSPORT,ELLINGTON CIR & EDMONSON CIR,NASHVILLE,TN,37211,8657,MIDTOW,36.059,-86.7399,POINT (-86.7399 36.059)
20190831470,11/16/2019 01:33:00 PM,2,0,0,,N,462474,4,ANGLE,21,CLEAR,1,DAYLIGHT,12,MOTOR VEHICLE IN TRANSPORT,US HWY 31 & OTTER CREEK RD,NASHVILLE,TN,37220,7111,MIDTOW,36.0663,-86.7742,POINT (-86.7742 36.0663)
20190786407,10/28/2019 03:45:00 PM,3,1,0,,N,717341,11,Front to Rear,22,CLOUDY,1,DAYLIGHT,12,MOTOR VEHICLE IN TRANSPORT,MURFREESBORO PKE & MOUNTAIN SPRINGS RD,ANTIOCH,TN,37013,8927,SOUTH,36.0478,-86.6121,POINT (-86.6121 36.0478)
20190761955,10/17/2019 05:35:00 PM,2,0,0,,Y,714641,98,OTHER,21,CLEAR,1,DAYLIGHT,12,MOTOR VEHICLE IN TRANSPORT,INTERSTATE DR & JAMES ROBERTSON PKWY,NASHVILLE,TN,37213,1993,CENTRA,36.1717,-86.7692,POINT (-86.7692 36.1717)
20190793772,10/31/2019 12:00:00 AM,1,0,0,Y,Y,571313,0,NOT COLLISION W/MOTOR VEHICLE-TRANSPORT,22,CLOUDY,1,DAYLIGHT,30;63,UTILITY POLE;Ran Off Road-Right,THOMPSON LN & E IRIS DR,NASHVILLE,TN,37204,8525,MIDTOW,36.1117,-86.7607,POINT (-86.7607 36.1117)
20190851975,11/25/2019 08:43:00 AM,2,0,0,,N,109534,11,Front to Rear,21,CLEAR,1,DAYLIGHT,12,MOTOR VEHICLE IN TRANSPORT,I40 W EXT RAMP & I 40,NASHVILLE,TN,37203,4119,CENTRA,36.1574,-86.79,POINT (-86.79 36.1574)
20190717734,09/28/2019 05:35:00 PM,3,1,0,,Y,206964,4,ANGLE,22,CLOUDY,5,DUSK,12,MOTOR VEHICLE IN TRANSPORT,OLD HICKORY BLVD & EULALA DR,ANTIOCH,TN,37013,8757,SOUTH,36.0454,-86.7036,POINT (-86.7036 36.0454)
20190892946,12/12/2019 11:30:00 PM,2,0,0,,N,384407,5,SIDESWIPE - SAME DIRECTION,21,CLEAR,3,DARK - LIGHTED,12,MOTOR VEHICLE IN TRANSPORT,MASHBURN RD & THOMPSON LN,NASHVILLE,TN,37211,8423,SOUTH,36.1097,-86.7311,POINT (-86.7311 36.1097)
20190599877,08/12/2019 07:46:00 AM,1,0,0,Y,N,226095,0,NOT COLLISION W/MOTOR VEHICLE-TRANSPORT,21,CLEAR,1,DAYLIGHT,30;63,UTILITY POLE;Ran Off Road-Right,REVELS DR & HIGHLAND TRACE DR,NASHVILLE,TN,37207,3047,NORTH,36.2222,-86.8027,POINT (-86.8027 36.2222)
20190813533,11/08/2019 07:00:00 PM,3,0,0,,Y,320580,98,OTHER,21,CLEAR,3,DARK - LIGHTED,12,MOTOR VEHICLE IN TRANSPORT,MM 212 1 I 40,NASHVILLE,TN,37210,90041,HERMIT,36.1463,-86.7422,POINT (-86.7422 36.1463)
20190761487,10/17/2019 01:35:00 PM,2,1,0,,Y,330415,5,SIDESWIPE - SAME DIRECTION,21,CLEAR,1,DAYLIGHT,12,MOTOR VEHICLE IN TRANSPORT,0 3RD AVS,NASHVILLE,TN,37201,4105,CENTRA,36.1615,-86.776,POINT (-86.776 36.1615)
20190900674,12/16/2019 12:00:00 AM,2,0,0,,N,212344,5,SIDESWIPE - SAME DIRECTION,2,RAIN,3,DARK - LIGHTED,12,MOTOR VEHICLE IN TRANSPORT,MM 49 2 I 24,NASHVILLE,TN,37213,1002,CENTRA,36.1637,-86.7625,POINT (-86.7625 36.1637)
20190854542,11/26/2019 08:57:00 AM,3,1,0,,N,343522,5,SIDESWIPE - SAME DIRECTION,22,CLOUDY,1,DAYLIGHT,12;13,MOTOR VEHICLE IN TRANSPORT;MOTOR VEHICLE IN TRANSPORT-OTHER ROADWAY,NEWSOM STATION RD & BUFFALO RD,NASHVILLE,TN,37221,4713,WEST,36.0916,-86.987,POINT (-86.987 36.0916)
20190754443,10/14/2019 07:48:00 PM,2,0,0,,N,191570,11,Front to Rear,21,CLEAR,3,DARK - LIGHTED,12,MOTOR VEHICLE IN TRANSPORT,WEDGEWOOD AV & BEECH AV,NASHVILLE,TN,37204,6919,MIDTOW,36.1343,-86.7806,POINT (-86.7806 36.1343)
20190735895,10/06/2019 04:44:00 PM,3,0,0,,N,693098,4,ANGLE,2,RAIN,1,DAYLIGHT,12,MOTOR VEHICLE IN TRANSPORT,MM 204 5 I 40,NASHVILLE,TN,37209,52022,WEST,36.1537,-86.8487,POINT (-86.8487 36.1537)
20190682454,09/13/2019 07:56:00 PM,2,0,0,Y,N,240960,11,Front to Rear,21,CLEAR,3,DARK - LIGHTED,14,PARKED MOTOR VEHICLE,WINDING WAY & BETTY NICHOLS PL,NASHVILLE,TN,37216,1501,EAST,36.2265,-86.7229,POINT (-86.7229 36.2265)
20190800623,11/03/2019 03:00:00 PM,2,2,0,,N,579971,4,ANGLE,21,CLEAR,1,DAYLIGHT,12,MOTOR VEHICLE IN TRANSPORT,CITATION DR & EZELL PKE,NASHVILLE,TN,37217,8849,SOUTH,36.1005,-86.6723,POINT (-86.6723 36.1005)
20190585284,08/06/2019 07:44:00 PM,2,0,0,,N,256383,4,ANGLE,21,CLEAR,3,DARK - LIGHTED,12,MOTOR VEHICLE IN TRANSPORT,BELL CREST DR & BELL RD,ANTIOCH,TN,37013,8865,SOUTH,36.0633,-86.6374,POINT (-86.6374 36.0633)
20190911142,12/20/2019 08:09:00 PM,2,0,0,,Y,320599,11,Front to Rear,21,CLEAR,3,DARK - LIGHTED,12,MOTOR VEHICLE IN TRANSPORT,BRILEY PKWY S EXT RAMP & MURFREESBORO PK,NASHVILLE,TN,37217,8823,HERMIT,36.1194,-86.7017,POINT (-86.7017 36.1194)
20190901881,12/17/2019 06:15:00 AM,2,1,0,,N,299270,2,HEAD-ON,22,CLOUDY,3,DARK - LIGHTED,12,MOTOR VEHICLE IN TRANSPORT,I40 E EXT RAMP & I 40,NASHVILLE,TN,37214,8955,HERMIT,36.155,-86.6271,POINT (-86.6271 36.155)
20190606735,08/14/2019 05:45:00 PM,2,0,0,,Y,299254,11,Front to Rear,21,CLEAR,1,DAYLIGHT,12,MOTOR VEHICLE IN TRANSPORT,ED TEMPLE BLVD & ROSA L PARKS BLVD,NASHVILLE,TN,37228,4483,NORTH,36.188,-86.8216,POINT (-86.8216 36.188)
20190798324,11/01/2019 12:00:00 AM,2,0,0,,Y,320586,11,Front to Rear,99,UNKNOWN,7,Dark-Unknown Lighting,12,MOTOR VEHICLE IN TRANSPORT,ANDERSON LN & NIX DR,MADISON,TN,37115,1727,MADISO,36.2725,-86.6933,POINT (-86.6933 36.2725)
20190692328,09/18/2019 05:55:00 AM,2,0,0,,N,493301,4,ANGLE,21,CLEAR,4,DAWN,12,MOTOR VEHICLE IN TRANSPORT,OLD HARDING PIKE & MORTON MILL RD,NASHVILLE,TN,37221,4811,WEST,36.0585,-86.9451,POINT (-86.9451 36.0585)
20190767303,10/20/2019 01:45:00 AM,1,0,0,,N,298879,0,NOT COLLISION W/MOTOR VEHICLE-TRANSPORT,22,CLOUDY,2,DARK - NOT LIGHTED,50,DEER (ANIMAL),MM 200 5 I 40,NASHVILLE,TN,37209,4708,WEST,36.1249,-86.9066,POINT (-86.9066 36.1249)
20190689558,09/17/2019 06:45:00 AM,3,1,0,,N,716886,11,Front to Rear,21,CLEAR,1,DAYLIGHT,12,MOTOR VEHICLE IN TRANSPORT,MM 54 7 I 24,NASHVILLE,TN,37211,8602,SOUTH,36.0977,-86.7096,POINT (-86.7096 36.0977)
20190907977,12/19/2019 12:55:00 PM,2,0,0,,N,420035,4,ANGLE,21,CLEAR,1,DAYLIGHT,12,MOTOR VEHICLE IN TRANSPORT,E PALESTINE AV & E WEBSTER ST,MADISON,TN,37115,1507,MADISO,36.2492,-86.7134,POINT (-86.7134 36.2492)
20190671036,09/09/2019 03:05:00 PM,2,0,0,,N,240955,5,SIDESWIPE - SAME DIRECTION,21,CLEAR,1,DAYLIGHT,12,MOTOR VEHICLE IN TRANSPORT,BELL RD & BLUE HOLE RD,ANTIOCH,TN,37013,8719,SOUTH,36.0458,-86.6744,POINT (-86.6744 36.0458)
20190758448,10/16/2019 09:00:00 AM,3,1,0,,N,109495,11,Front to Rear,21,CLEAR,1,DAYLIGHT,12,MOTOR VEHICLE IN TRANSPORT,HILLSBORO PKE & STANFORD DR,NASHVILLE,TN,37215,6203,WEST,36.0823,-86.8341,POINT (-86.8341 36.0823)
20190796171,11/01/2019 12:00:00 AM,2,0,0,,Y,769379,5,SIDESWIPE - SAME DIRECTION,21,CLEAR,9,UNKNOWN,14,PARKED MOTOR VEHICLE,DONNA KAY DR & BOLSTER CT,NASHVILLE,TN,37211,8417,SOUTH,36.0956,-86.7103,POINT (-86.7103 36.0956)
20190600279,08/12/2019 11:45:00 AM,2,0,0,,Y,352207,4,ANGLE,21,CLEAR,1,DAYLIGHT,12,MOTOR VEHICLE IN TRANSPORT,I65 S ENT RAMP & I 40,NASHVILLE,TN,37203,4006,CENTRA,36.1491,-86.7753,POINT (-86.7753 36.1491)
20190813012,11/08/2019 03:01:00 PM,2,1,0,,N,137872,11,Front to Rear,21,CLEAR,1,DAYLIGHT,12,MOTOR VEHICLE IN TRANSPORT,ELM HILL PKE & TIMBER VALLEY DR,NASHVILLE,TN,37214,8991,HERMIT,36.1419,-86.64,POINT (-86.64 36.1419)
20190796700,11/01/2019 05:22:00 PM,2,1,0,,Y,352173,11,Front to Rear,21,CLEAR,1,DAYLIGHT,12,MOTOR VEHICLE IN TRANSPORT,CONFERENCE DR & RIVERGATE MALL PVTDR,GOODLETTSVILLE,TN,37072,1751,MADISO,36.3055,-86.6936,POINT (-86.6936 36.3055)
20190896127,12/14/2019 07:53:00 AM,1,0,0,Y,N,179602,0,NOT COLLISION W/MOTOR VEHICLE-TRANSPORT,22,CLOUDY,1,DAYLIGHT,24,GUARDRAIL FACE,BRILEY PKWYW & BUENA VISTA PKE,NASHVILLE,TN,37218,3220,NORTH,36.2325,-86.8259,POINT (-86.8259 36.2325)
20190847213,11/22/2019 10:30:00 PM,2,0,0,,N,352156,11,Front to Rear,22,CLOUDY,3,DARK - LIGHTED,55,Motor Vehicle-In-Motion Outside Trafficw,MURFREESBORO PKE & RANSOM PL,NASHVILLE,TN,37217,8853,SOUTH,36.0892,-86.6501,POINT (-86.6501 36.0892)
20190631558,08/23/2019 09:40:00 PM,2,2,0,,N,161939,11,Front to Rear,21,CLEAR,3,DARK - LIGHTED,12,MOTOR VEHICLE IN TRANSPORT,US HWY 41 & OLD HICKORY BLVD,ANTIOCH,TN,37013,8971,SOUTH,36.0398,-86.6034,POINT (-86.6034 36.0398)
20190910611,12/20/2019 03:03:00 PM,2,0,0,,N,212322,11,Front to Rear,21,CLEAR,1,DAYLIGHT,12,MOTOR VEHICLE IN TRANSPORT,EZELL PKE & HARDING PL,NASHVILLE,TN,37211,8847,SOUTH,36.0896,-86.6885,POINT (-86.6885 36.0896)
20190690272,09/17/2019 12:16:00 PM,2,0,0,,Y,716886,11,Front to Rear,21,CLEAR,1,DAYLIGHT,12,MOTOR VEHICLE IN TRANSPORT,LINBAR DR & HARDING PL,NASHVILLE,TN,37211,8705,SOUTH,36.0842,-86.7059,POINT (-86.7059 36.0842)
20190918794,12/24/2019 12:00:00 AM,2,0,0,,Y,279233,5,SIDESWIPE - SAME DIRECTION,21,CLEAR,3,DARK - LIGHTED,12,MOTOR VEHICLE IN TRANSPORT,I40 E EXT RAMP & I 40,NASHVILLE,TN,37214,8955,HERMIT,36.155,-86.6271,POINT (-86.6271 36.155)
20190929714,12/30/2019 02:21:00 PM,2,1,0,,N,299257,4,ANGLE,21,CLEAR,1,DAYLIGHT,55,Motor Vehicle-In-Motion Outside Trafficw,THOMPSON LN & W IRIS DR,NASHVILLE,TN,37204,8527,MIDTOW,36.1124,-86.768,POINT (-86.768 36.1124)
20190825388,11/13/2019 11:38:00 PM,2,0,0,,N,109542,5,SIDESWIPE - SAME DIRECTION,21,CLEAR,3,DARK - LIGHTED,12,MOTOR VEHICLE IN TRANSPORT,7TH AVS & BROADWAY,NASHVILLE,TN,37203,4085,CENTRA,36.1594,-86.781,POINT (-86.781 36.1594)
20190910833,12/20/2019 05:00:00 PM,2,0,0,,N,905011,11,Front to Rear,21,CLEAR,3,DARK - LIGHTED,12,MOTOR VEHICLE IN TRANSPORT,I65 N ENT RAMP & I 40,NASHVILLE,TN,37208,44041,NORTH,36.1734,-86.8012,POINT (-86.8012 36.1734)
20190742744,10/09/2019 04:55:00 PM,2,1,0,,N,240955,4,ANGLE,21,CLEAR,1,DAYLIGHT,12,MOTOR VEHICLE IN TRANSPORT,MURFREESBORO PKE & MOUNTAIN SPRINGS RD,ANTIOCH,TN,37013,8927,SOUTH,36.0478,-86.6121,POINT (-86.6121 36.0478)
20190604220,08/13/2019 07:48:00 PM,2,0,0,,N,909486,5,SIDESWIPE - SAME DIRECTION,21,CLEAR,5,DUSK,12,MOTOR VEHICLE IN TRANSPORT,NOLENSVILLE PKE & HAYWOOD LN,NASHVILLE,TN,37211,8661,MIDTOW,36.0683,-86.7193,POINT (-86.7193 36.0683)
20190847180,11/22/2019 09:57:00 PM,2,0,0,,N,337276,4,ANGLE,21,CLEAR,3,DARK - LIGHTED,12,MOTOR VEHICLE IN TRANSPORT,US HWY 31 & MAIN ST,NASHVILLE,TN,37213,1101,CENTRA,36.169,-86.7753,POINT (-86.7753 36.169)
20190655797,09/02/2019 08:01:00 PM,2,1,0,,N,110090,11,Front to Rear,21,CLEAR,2,DARK - NOT LIGHTED,12,MOTOR VEHICLE IN TRANSPORT,OCALA DR & NOLENSVILLE PKE,NASHVILLE,TN,37211,8717,SOUTH,36.0516,-86.714,POINT (-86.714 36.0516)
20190780985,10/25/2019 08:50:00 PM,1,0,0,Y,N,717341,0,NOT COLLISION W/MOTOR VEHICLE-TRANSPORT,2,RAIN,3,DARK - LIGHTED,43,OTHER FIXED OBJECTS,CREEKSIDE DR & KEELEY DR,NASHVILLE,TN,37211,8709,SOUTH,36.0681,-86.6964,POINT (-86.6964 36.0681)
20190819583,11/11/2019 04:40:00 PM,2,0,0,,N,225894,5,SIDESWIPE - SAME DIRECTION,2,RAIN,1,DAYLIGHT,12,MOTOR VEHICLE IN TRANSPORT,JACKSON DOWNS BLVD & LEBANON PKE,NASHVILLE,TN,37214,9403,HERMIT,36.1853,-86.6365,POINT (-86.6365 36.1853)