Accident Number,Date and Time,Number of Motor Vehicles,Number of Injuries,Number of Fatalities,Property Damage,Hit and Run,Reporting Officer,Collision Type Code,Collision Type Description,Weather Code,Weather Description,Illumination Code,Illumination Description,Harmful Code,Harmful Code Description,Street Address,City,State,ZIP,RPA,Precinct,Latitude,Longitude,Mapped Location
20190767992,10/20/2019 10:40:00 AM,2,1,0,,N,571313,4,ANGLE,22,CLOUDY,1,DAYLIGHT,12,MOTOR VEHICLE IN TRANSPORT,POWELL AV & OLD POWELL AV,NASHVILLE,TN,37204,8525,MIDTOW,36.1109,-86.7672,POINT (-86.7672 36.1109)
20190694246,09/18/2019 09:20:00 PM,2,0,0,,N,240983,11,Front to Rear,21,CLEAR,2,DARK - NOT LIGHTED,12,MOTOR VEHICLE IN TRANSPORT,MURFREESBORO PKE & SPENCE LN,NASHVILLE,TN,37217,8801,SOUTH,36.1357,-86.7249,POINT (-86.7249 36.1357)
20190772651,10/22/2019 01:11:00 PM,1,1,0,,Y,676834,0,NOT COLLISION W/MOTOR VEHICLE-TRANSPORT,21,CLEAR,1,DAYLIGHT,8,PEDESTRIAN,29TH AVN & JOHN A MERRITT BLVD,NASHVILLE,TN,37209,4521,NORTH,36.1679,-86.8214,POINT (-86.8214 36.1679)
20190593826,08/09/2019 05:55:00 PM,2,0,0,,N,256386,11,Front to Rear,21,CLEAR,1,DAYLIGHT,12,MOTOR VEHICLE IN TRANSPORT,I 40 & UNKNOWN RAMP,NASHVILLE,TN,37210,9041,HERMIT,36.144,-86.7013,POINT (-86.7013 36.144)
20190721492,09/30/2019 02:50:00 PM,2,0,0,,N,420040,11,Front to Rear,21,CLEAR,1,DAYLIGHT,12,MOTOR VEHICLE IN TRANSPORT,MM 208 8 I 40,NASHVILLE,TN,37203,4102,CENTRA,36.1597,-86.7923,POINT (-86.7923 36.1597)
20190780257,10/25/2019 02:55:00 PM,2,0,0,,Y,352197,5,SIDESWIPE - SAME DIRECTION,2,RAIN,1,DAYLIGHT,12,MOTOR VEHICLE IN TRANSPORT,MM 59 7 I 24,ANTIOCH,TN,37013,88060,SOUTH,36.0428,-86.6545,POINT (-86.6545 36.0428)
20190732424,10/04/2019 08:53:00 PM,1,0,0,,Y,299266,0,NOT COLLISION W/MOTOR VEHICLE-TRANSPORT,21,CLEAR,2,DARK - NOT LIGHTED,42,TREE,UNA ANTIOCH PKE & PICCADILLY ROW,ANTIOCH,TN,37013,8891,SOUTH,36.0822,-86.652,POINT (-86.652 36.0822)
20190612118,08/16/2019 06:56:00 PM,2,0,0,,Y,240955,11,Front to Rear,21,CLEAR,1,DAYLIGHT,12,MOTOR VEHICLE IN TRANSPORT,MURFREESBORO PKE & MOUNTAIN SPRINGS RD,ANTIOCH,TN,37013,8927,SOUTH,36.0478,-86.6121,POINT (-86.6121 36.0478)
20190864060,11/30/2019 11:35:00 PM,2,1,0,,Y,284059,11,Front to Rear,2,RAIN,3,DARK - LIGHTED,12,MOTOR VEHICLE IN TRANSPORT,W TRINITY LN & BRICK CHURCH PKE,NASHVILLE,TN,37207,3003,NORTH,36.2066,-86.7779,POINT (-86.7779 36.2066)
20190902005,12/17/2019 07:40:00 AM,2,0,0,,N,384451,11,Front to Rear,2,RAIN,1,DAYLIGHT,12,MOTOR VEHICLE IN TRANSPORT,OLD HICKORY BLVD & SONYA DR,NASHVILLE,TN,37221,4815,WEST,36.1098,-86.9225,POINT (-86.9225 36.1098)
20190861096,11/29/2019 11:22:00 AM,2,0,0,,N,544482,11,Front to Rear,22,CLOUDY,1,DAYLIGHT,12,MOTOR VEHICLE IN TRANSPORT,MM 5 3 I 440,NASHVILLE,TN,37204,81061,MIDTOW,36.1194,-86.7669,POINT (-86.7669 36.1194)
20190803183,11/04/2019 05:22:00 PM,2,2,0,,N,197070,11,Front to Rear,21,CLEAR,1,DAYLIGHT,12,MOTOR VEHICLE IN TRANSPORT,JEFFERSON ST & 12TH AVN,NASHVILLE,TN,37208,5429,NORTH,36.1712,-86.7997,POINT (-86.7997 36.1712)
20190644952,08/29/2019 12:59:00 PM,5,3,0,,Y,716886,11,Front to Rear,21,CLEAR,1,DAYLIGHT,12,MOTOR VEHICLE IN TRANSPORT,MM 6 5 I 440,NASHVILLE,TN,37210,81040,SOUTH,36.1242,-86.7451,POINT (-86.7451 36.1242)
20190676586,09/11/2019 04:00:00 PM,2,0,0,,N,429193,11,Front to Rear,21,CLEAR,1,DAYLIGHT,12,MOTOR VEHICLE IN TRANSPORT,I 40 W EXIT RAMP & CHARLOTTE PK,NASHVILLE,TN,37209,4677,WEST,36.1304,-86.9001,POINT (-86.9001 36.1304)
20190845372,11/22/2019 06:56:00 AM,2,0,0,,N,384442,2,HEAD-ON,2,RAIN,3,DARK - LIGHTED,12,MOTOR VEHICLE IN TRANSPORT,12TH AVS & BROADWAY,NASHVILLE,TN,37203,4081,CENTRA,36.1563,-86.7873,POINT (-86.7873 36.1563)
20190800881,11/03/2019 06:02:00 PM,2,0,0,,N,179606,4,ANGLE,21,CLEAR,3,DARK - LIGHTED,12,MOTOR VEHICLE IN TRANSPORT,4TH AVS & MCCANN ST,NASHVILLE,TN,37203,8003,MIDTOW,36.1496,-86.7698,POINT (-86.7698 36.1496)
20190855956,11/26/2019 09:41:00 PM,2,0,0,,N,298877,5,SIDESWIPE - SAME DIRECTION,2,RAIN,3,DARK - LIGHTED,12,MOTOR VEHICLE IN TRANSPORT,MM 52 2 I 24,NASHVILLE,TN,37217,8816,SOUTH,36.1359,-86.7267,POINT (-86.7267 36.1359)
20190670292,09/09/2019 08:20:00 AM,2,0,0,,N,224895,4,ANGLE,21,CLEAR,1,DAYLIGHT,12,MOTOR VEHICLE IN TRANSPORT,HIGHWAY 100 & CHEEK RD,NASHVILLE,TN,37205,4913,WEST,36.0916,-86.8781,POINT (-86.8781 36.0916)
20190596127,08/10/2019 05:18:00 PM,2,0,0,,Y,320582,4,ANGLE,21,CLEAR,1,DAYLIGHT,12,MOTOR VEHICLE IN TRANSPORT,DICKERSON PKE & OLD TRINITY LN,NASHVILLE,TN,37207,1833,EAST,36.2064,-86.7684,POINT (-86.7684 36.2064)
20190843879,11/21/2019 03:43:00 PM,2,0,0,,N,580819,5,SIDESWIPE - SAME DIRECTION,22,CLOUDY,1,DAYLIGHT,14,PARKED MOTOR VEHICLE,UNION ST & ARCADE ALY,NASHVILLE,TN,37219,4139,CENTRA,36.1648,-86.7804,POINT (-86.7804 36.1648)
20190697910,09/20/2019 08:10:00 AM,3,3,0,,N,226600,11,Front to Rear,21,CLEAR,1,DAYLIGHT,12,MOTOR VEHICLE IN TRANSPORT,WHITE BRIDGE PKE & POST PL,NASHVILLE,TN,37209,5107,WEST,36.1145,-86.8161,POINT (-86.8161 36.1145)
20190766148,10/19/2019 11:21:00 AM,2,0,0,,N,468030,4,ANGLE,22,CLOUDY,1,DAYLIGHT,12,MOTOR VEHICLE IN TRANSPORT,EASTLAND AV & GALLATIN AV,NASHVILLE,TN,37206,1243,EAST,36.1838,-86.7484,POINT (-86.7484 36.1838)
20190843975,11/21/2019 03:30:00 PM,2,0,0,,N,161939,6,SIDESWIPE - OPPOSITE DIRECTION,21,CLEAR,1,DAYLIGHT,12,MOTOR VEHICLE IN TRANSPORT,HAMILTON CHURCH RD & HOBSON PKE,ANTIOCH,TN,37013,8905,SOUTH,36.0586,-86.5978,POINT (-86.5978 36.0586)
20190923404,12/27/2019 09:26:00 AM,2,0,0,,N,384446,11,Front to Rear,22,CLOUDY,1,DAYLIGHT,12,MOTOR VEHICLE IN TRANSPORT,I40 W EXT RAMP & I 40,NASHVILLE,TN,37203,4119,CENTRA,36.1574,-86.79,POINT (-86.79 36.1574)
20190742994,10/09/2019 06:58:00 PM,2,0,0,,N,240976,5,SIDESWIPE - SAME DIRECTION,21,CLEAR,2,DARK - NOT LIGHTED,12,MOTOR VEHICLE IN TRANSPORT,W EASTLAND AV & CLEVELAND ST,NASHVILLE,TN,37206,1925,EAST,36.1852,-86.7567,POINT (-86.7567 36.1852)
20190786133,10/28/2019 01:29:00 PM,2,0,0,,N,414731,11,Front to Rear,22,CLOUDY,1,DAYLIGHT,12,MOTOR VEHICLE IN TRANSPORT,I24 E EXT RAMP & OLD HICKORY BLVD,WHITES CREEK,TN,37189,3301,NORTH,36.2769,-86.8011,POINT (-86.8011 36.2769)
20190855791,11/26/2019 06:20:00 PM,2,0,0,,Y,384408,11,Front to Rear,2,RAIN,3,DARK - LIGHTED,12,MOTOR VEHICLE IN TRANSPORT,MCGAVOCK PKE & PLEASANT GREEN RD,NASHVILLE,TN,37214,9211,HERMIT,36.2135,-86.6878,POINT (-86.6878 36.2135)
20190773040,10/22/2019 04:00:00 PM,2,0,0,,N,468160,11,Front to Rear,21,CLEAR,1,DAYLIGHT,12,MOTOR VEHICLE IN TRANSPORT,OLD HICKORY BLVD & STATE HWY 45,WHITES CREEK,TN,37189,3229,NORTH,36.2657,-86.833,POINT (-86.833 36.2657)
20190828546,11/15/2019 06:39:00 AM,2,1,0,,N,306231,11,Front to Rear,21,CLEAR,1,DAYLIGHT,12,MOTOR VEHICLE IN TRANSPORT,MM 86 6 I 65,NASHVILLE,TN,37207,3002,NORTH,36.1959,-86.7761,POINT (-86.7761 36.1959)
20190728418,10/03/2019 08:02:00 AM,3,0,0,,N,191578,4,ANGLE,21,CLEAR,1,DAYLIGHT,12,MOTOR VEHICLE IN TRANSPORT,LEBANON PKE & HICKORY HILL LN,HERMITAGE,TN,37076,9531,HERMIT,36.1889,-86.6283,POINT (-86.6283 36.1889)
20190878504,12/06/2019 12:00:00 AM,2,0,0,,N,352196,4,ANGLE,21,CLEAR,3,DARK - LIGHTED,12,MOTOR VEHICLE IN TRANSPORT,APRIL LN & NOLENSVILLE PKE,NASHVILLE,TN,37211,8715,SOUTH,36.056,-86.7155,POINT (-86.7155 36.056)
20190727853,10/02/2019 08:30:00 PM,2,0,0,,Y,384446,5,SIDESWIPE - SAME DIRECTION,21,CLEAR,2,DARK - NOT LIGHTED,12,MOTOR VEHICLE IN TRANSPORT,PIN HOOK RD & LAVERGNE COUCHVILLE PKE,ANTIOCH,TN,37013,8905,SOUTH,36.0464,-86.5835,POINT (-86.5835 36.0464)
20190664662,09/06/2019 01:33:00 PM,2,0,0,,N,226622,11,Front to Rear,21,CLEAR,1,DAYLIGHT,12,MOTOR VEHICLE IN TRANSPORT,HILLSBORO PKE & GRAYBAR LN,NASHVILLE,TN,37215,6105,WEST,36.1112,-86.8113,POINT (-86.8113 36.1112)
20190737605,10/07/2019 01:57:00 PM,2,1,0,,N,256389,11,Front to Rear,2,RAIN,1,DAYLIGHT,12,MOTOR VEHICLE IN TRANSPORT,OLD HICKORY BLVD & KINGSBURY DR,NASHVILLE,TN,37215,6305,MIDTOW,36.0428,-86.8403,POINT (-86.8403 36.0428)
20190609384,08/15/2019 05:38:00 PM,2,0,0,,Y,299257,11,Front to Rear,21,CLEAR,1,DAYLIGHT,12,MOTOR VEHICLE IN TRANSPORT,WINFORD AV & I440 E EXT RAMP,NASHVILLE,TN,37211,83061,MIDTOW,36.1215,-86.7559,POINT (-86.7559 36.1215)
20190899728,12/16/2019 08:28:00 AM,2,0,0,,N,665896,11,Front to Rear,2,RAIN,1,DAYLIGHT,12,MOTOR VEHICLE IN TRANSPORT,MM 47 1 I 24,NASHVILLE,TN,37207,1904,CENTRA,36.187,-86.776,POINT (-86.776 36.187)
20190666170,09/07/2019 01:15:00 AM,2,0,0,,N,330438,5,SIDESWIPE - SAME DIRECTION,21,CLEAR,3,DARK - LIGHTED,12,MOTOR VEHICLE IN TRANSPORT,FESSLERS LN & ELM HILL PKE,NASHVILLE,TN,37210,8211,HERMIT,36.1456,-86.744,POINT (-86.744 36.1456)
20190785345,10/28/2019 07:30:00 AM,2,1,0,,N,676834,4,ANGLE,22,CLOUDY,1,DAYLIGHT,12,MOTOR VEHICLE IN TRANSPORT,28TH AVN & HERMAN ST,NASHVILLE,TN,37208,5309,NORTH,36.1616,-86.8192,POINT (-86.8192 36.1616)
20190669437,09/08/2019 09:40:00 PM,2,1,0,,N,330445,4,ANGLE,21,CLEAR,3,DARK - LIGHTED,12,MOTOR VEHICLE IN TRANSPORT,NOLENSVILLE PKE & LUTIE ST,NASHVILLE,TN,37210,8319,SOUTH,36.1178,-86.7487,POINT (-86.7487 36.1178)
20190822371,11/12/2019 06:30:00 PM,2,0,0,,N,311344,11,Front to Rear,21,CLEAR,3,DARK - LIGHTED,12,MOTOR VEHICLE IN TRANSPORT,I65 N EXT RAMP & OLD HICKORY BLVDW,MADISON,TN,37115,1777,MADISO,36.2642,-86.7356,POINT (-86.7356 36.2642)
20190745176,10/10/2019 04:00:00 PM,2,1,0,,N,330413,11,Front to Rear,22,CLOUDY,1,DAYLIGHT,12,MOTOR VEHICLE IN TRANSPORT,HARDING PL & I65 N ENT RAMP,NASHVILLE,TN,37204,8529,MIDTOW,36.0825,-86.7631,POINT (-86.7631 36.0825)
20190872539,12/04/2019 01:00:00 PM,2,0,0,,N,676834,5,SIDESWIPE - SAME DIRECTION,21,CLEAR,1,DAYLIGHT,12,MOTOR VEHICLE IN TRANSPORT,14TH AVN & CHARLOTTE AV,NASHVILLE,TN,37203,5501,MIDTOW,36.1608,-86.7937,POINT (-86.7937 36.1608)
20190666848,09/07/2019 01:50:00 PM,3,2,0,,Y,876581,4,ANGLE,21,CLEAR,1,DAYLIGHT,12,MOTOR VEHICLE IN TRANSPORT,RIVERGATE MARKETPLACE PVTDR & GALLATIN P,MADISON,TN,37115,1731,MADISO,36.3037,-86.6898,POINT (-86.6898 36.3037)
20190665151,09/06/2019 04:29:00 PM,2,0,0,,N,169425,4,ANGLE,21,CLEAR,1,DAYLIGHT,12,MOTOR VEHICLE IN TRANSPORT,NOLENSVILLE PKE & ELYSIAN FIELDS CT,NASHVILLE,TN,37211,8415,SOUTH,36.0873,-86.7307,POINT (-86.7307 36.0873)
20190850495,11/24/2019 02:05:00 PM,1,1,0,Y,N,352166,0,NOT COLLISION W/MOTOR VEHICLE-TRANSPORT,21,CLEAR,1,DAYLIGHT,40,MAIL BOX,QUAIL RIDGE DR & INDIAN SUMMER DR,WHITES CREEK,TN,37189,2105,MADISO,36.2879,-86.7868,POINT (-86.7868 36.2879)
20190831910,11/16/2019 06:27:00 PM,1,1,0,,N,320597,0,NOT COLLISION W/MOTOR VEHICLE-TRANSPORT,21,CLEAR,3,DARK - LIGHTED,36,CONCRETE TRAFFIC BARRIER,MM 56 8 I 24,NASHVILLE,TN,37211,8810,SOUTH,36.0721,-86.6914,POINT (-86.6914 36.0721)
20190873287,12/04/2019 08:20:00 PM,2,0,0,,N,212348,4,ANGLE,21,CLEAR,3,DARK - LIGHTED,12,MOTOR VEHICLE IN TRANSPORT,GAY ST & JAMES ROBERTSON PKWY,NASHVILLE,TN,37219,4203,CENTRA,36.1682,-86.7821,POINT (-86.7821 36.1682)
20190712002,09/26/2019 07:45:00 AM,2,0,0,,N,226600,11,Front to Rear,21,CLEAR,1,DAYLIGHT,12,MOTOR VEHICLE IN TRANSPORT,I440 E EXT RAMP & I 440,NASHVILLE,TN,37205,5249,WEST,36.1366,-86.8221,POINT (-86.8221 36.1366)
20190881006,12/08/2019 04:50:00 AM,1,0,0,,Y,209173,0,NOT COLLISION W/MOTOR VEHICLE-TRANSPORT,21,CLEAR,2,DARK - NOT LIGHTED,34,DITCH,OLD CHARLOTTE PKE & GOWER RD,NASHVILLE,TN,37221,4709,WEST,36.1221,-86.9311,POINT (-86.9311 36.1221)
20190713480,09/26/2019 09:00:00 PM,2,0,0,,N,256427,5,SIDESWIPE - SAME DIRECTION,21,CLEAR,3,DARK - LIGHTED,12,MOTOR VEHICLE IN TRANSPORT,MM 211 2 I 40,NASHVILLE,TN,37210,8008,HERMIT,36.1535,-86.7564,POINT (-86.7564 36.1535)
20190606712,08/14/2019 04:22:00 PM,3,0,0,,Y,256426,11,Front to Rear,21,CLEAR,1,DAYLIGHT,12,MOTOR VEHICLE IN TRANSPORT,MM 212 3 I 40,NASHVILLE,TN,37210,8206,HERMIT,36.1447,-86.7399,POINT (-86.7399 36.1447)
20190621021,08/20/2019 08:50:00 AM,2,0,0,,N,352192,4,ANGLE,21,CLEAR,1,DAYLIGHT,12,MOTOR VEHICLE IN TRANSPORT,CHARLOTTE PKE & OCEOLA AV,NASHVILLE,TN,37209,5025,WEST,36.1495,-86.8605,POINT (-86.8605 36.1495)
20190698938,09/20/2019 03:34:00 PM,2,0,0,,N,330428,4,ANGLE,21,CLEAR,1,DAYLIGHT,12,MOTOR VEHICLE IN TRANSPORT,WHITE BRIDGE PKE & LENOX AV,NASHVILLE,TN,37209,5103,WEST,36.1493,-86.8579,POINT (-86.8579 36.1493)
20190584851,08/06/2019 03:50:00 PM,2,0,0,,N,298874,5,SIDESWIPE - SAME DIRECTION,21,CLEAR,1,DAYLIGHT,12,MOTOR VEHICLE IN TRANSPORT,BRILEY PKWYE & GALLATIN PKE,NASHVILLE,TN,37216,15921,EAST,36.235,-86.725,POINT (-86.725 36.235)
20190593726,08/09/2019 12:00:00 AM,1,1,0,Y,N,226827,0,NOT COLLISION W/MOTOR VEHICLE-TRANSPORT,21,CLEAR,1,DAYLIGHT,32;34;38;63,CULVERT;DITCH;FENCE;Ran Off Road-Right,GREER RD & VALLEY VIEW CT,GOODLETTSVILLE,TN,37072,2203,MADISO,36.3823,-86.7839,POINT (-86.7839 36.3823)
20190817628,11/10/2019 07:41:00 PM,1,0,0,,N,384423,0,NOT COLLISION W/MOTOR VEHICLE-TRANSPORT,21,CLEAR,3,DARK - LIGHTED,18,OTHER OBJECT (NOT FIXED),MM 194 0 I 40,NASHVILLE,TN,37221,4704,WEST,36.0781,-86.9939,POINT (-86.9939 36.0781)
20190626613,08/22/2019 07:02:00 AM,2,1,0,,N,109534,11,Front to Rear,21,CLEAR,1,DAYLIGHT,12,MOTOR VEHICLE IN TRANSPORT,MM 214 1 I 40,NASHVILLE,TN,37210,90062,HERMIT,36.142,-86.7124,POINT (-86.7124 36.142)
20190800480,11/03/2019 12:53:00 PM,2,1,0,,N,769379,4,ANGLE,21,CLEAR,1,DAYLIGHT,12,MOTOR VEHICLE IN TRANSPORT,ELYSIAN FIELDS RD & NOLENSVILLE PKE,NASHVILLE,TN,37211,8415,SOUTH,36.0864,-86.7291,POINT (-86.7291 36.0864)
20190708050,09/24/2019 07:20:00 PM,1,0,0,Y,N,240983,0,NOT COLLISION W/MOTOR VEHICLE-TRANSPORT,21,CLEAR,2,DARK - NOT LIGHTED,40;42;63,MAIL BOX;TREE;Ran Off Road-Right,DONNA KAY DR & KAY CT,NASHVILLE,TN,37211,8441,SOUTH,36.0932,-86.7102,POINT (-86.7102 36.0932)
20190608562,08/10/2019 11:00:00 AM,2,0,0,,Y,226622,9,UNKNOWN,99,UNKNOWN,9,UNKNOWN,12,MOTOR VEHICLE IN TRANSPORT,6800 CHARLOTTE PKE,NASHVILLE,TN,37209,5009,WEST,36.1346,-86.89,POINT (-86.89 36.1346)
20190589561,08/08/2019 07:26:00 AM,2,0,0,,N,352178,11,Front to Rear,21,CLEAR,1,DAYLIGHT,12,MOTOR VEHICLE IN TRANSPORT,MM 37 1 I 24,WHITES CREEK,TN,37189,33181,NORTH,36.3164,-86.8344,POINT (-86.8344 36.3164)
20190699040,09/20/2019 05:57:00 PM,2,1,0,,N,579971,4,ANGLE,21,CLEAR,1,DAYLIGHT,12,MOTOR VEHICLE IN TRANSPORT,KEELEY DR & HAYWOOD LN,NASHVILLE,TN,37211,8709,SOUTH,36.0697,-86.6959,POINT (-86.6959 36.0697)
20190852036,11/25/2019 08:37:00 AM,2,0,0,,Y,212325,4,ANGLE,21,CLEAR,1,DAYLIGHT,12,MOTOR VEHICLE IN TRANSPORT,GALLATIN PKEN & NESBITT LN,MADISON,TN,37115,1709,MADISO,36.2724,-86.7102,POINT (-86.7102 36.2724)
20190870202,12/03/2019 05:16:00 PM,3,1,0,,N,279225,11,Front to Rear,21,CLEAR,3,DARK - LIGHTED,12,MOTOR VEHICLE IN TRANSPORT,THOMPSON PL & MURFREESBORO PKE,NASHVILLE,TN,37217,8821,HERMIT,36.1267,-86.711,POINT (-86.711 36.1267)
20190747711,10/11/2019 04:21:00 PM,2,0,0,,Y,256379,11,Front to Rear,22,CLOUDY,5,DUSK,12,MOTOR VEHICLE IN TRANSPORT,MM 51 3 I 24,NASHVILLE,TN,37210,8102,SOUTH,36.137,-86.7273,POINT (-86.7273 36.137)
20190818856,11/11/2019 09:50:00 AM,3,2,0,,Y,279122,11,Front to Rear,22,CLOUDY,1,DAYLIGHT,12,MOTOR VEHICLE IN TRANSPORT,MM 87 4 I 65,NASHVILLE,TN,37207,1804,EAST,36.2081,-86.7761,POINT (-86.7761 36.2081)
20190649536,08/31/2019 01:45:00 AM,4,0,0,,N,320583,11,Front to Rear,21,CLEAR,3,DARK - LIGHTED,14,PARKED MOTOR VEHICLE,CHURCH ST & 15TH AVN,NASHVILLE,TN,37203,5517,MIDTOW,36.1574,-86.7926,POINT (-86.7926 36.1574)
20190786737,10/28/2019 06:21:00 PM,3,1,0,,N,256446,11,Front to Rear,21,CLEAR,3,DARK - LIGHTED,12,MOTOR VEHICLE IN TRANSPORT,MM 60 8 I 24,ANTIOCH,TN,37013,88060,SOUTH,36.0325,-86.6406,POINT (-86.6406 36.0325)
20190624121,08/21/2019 09:43:00 AM,2,1,0,,N,348631,4,ANGLE,21,CLEAR,1,DAYLIGHT,12,MOTOR VEHICLE IN TRANSPORT,SHELBY AV & S 4TH ST,NASHVILLE,TN,37206,1009,EAST,36.167,-86.7637,POINT (-86.7637 36.167)
20190701013,09/21/2019 12:00:00 AM,2,1,0,,N,279200,5,SIDESWIPE - SAME DIRECTION,21,CLEAR,1,DAYLIGHT,12;13,MOTOR VEHICLE IN TRANSPORT;MOTOR VEHICLE IN TRANSPORT-OTHER ROADWAY,DIVISION ST & MAGAZINE ST,NASHVILLE,TN,37203,4019,CENTRA,36.151,-86.7831,POINT (-86.7831 36.151)
20190659600,09/04/2019 11:58:00 AM,2,0,0,,N,462474,11,Front to Rear,21,CLEAR,1,DAYLIGHT,12,MOTOR VEHICLE IN TRANSPORT,21ST AVN & CHURCH ST,NASHVILLE,TN,37203,5527,MIDTOW,36.152,-86.8024,POINT (-86.8024 36.152)
20190629419,08/23/2019 06:15:00 AM,2,0,0,,N,229888,11,Front to Rear,21,CLEAR,1,DAYLIGHT,12,MOTOR VEHICLE IN TRANSPORT,ELLINGTON PKWYS & SPRING ST ENT RAMP,NASHVILLE,TN,37207,19961,EAST,36.1766,-86.7658,POINT (-86.7658 36.1766)
20190765728,10/19/2019 05:38:00 AM,1,0,0,Y,N,109522,0,NOT COLLISION W/MOTOR VEHICLE-TRANSPORT,21,CLEAR,3,DARK - LIGHTED,24,GUARDRAIL FACE,MM 2 5 I 440,NASHVILLE,TN,37215,6008,WEST,36.124,-86.8116,POINT (-86.8116 36.124)
20190908815,12/19/2019 08:48:00 PM,2,0,0,,Y,256426,11,Front to Rear,21,CLEAR,3,DARK - LIGHTED,12,MOTOR VEHICLE IN TRANSPORT,MM 215 5 I 40,NASHVILLE,TN,37217,89020,HERMIT,36.1432,-86.6865,POINT (-86.6865 36.1432)
20190700335,09/21/2019 08:54:00 AM,2,0,0,,N,594473,4,ANGLE,21,CLEAR,1,DAYLIGHT,12,MOTOR VEHICLE IN TRANSPORT,MCMURRAY DR & ASHLEY DR,NASHVILLE,TN,37211,8657,MIDTOW,36.0551,-86.7319,POINT (-86.7319 36.0551)
20190910233,12/20/2019 10:59:00 AM,2,1,0,,N,191578,11,Front to Rear,21,CLEAR,1,DAYLIGHT,12,MOTOR VEHICLE IN TRANSPORT,BRILEY PKWY N EXT RAMP & BRILEY PKWYN,NASHVILLE,TN,37214,9223,HERMIT,36.1966,-86.6876,POINT (-86.6876 36.1966)
20190690496,09/17/2019 02:00:00 PM,2,0,0,,N,716886,11,Front to Rear,21,CLEAR,1,DAYLIGHT,12,MOTOR VEHICLE IN TRANSPORT,BELL RD & CANE RIDGE RD,ANTIOCH,TN,37013,8753,SOUTH,36.0449,-86.6631,POINT (-86.6631 36.0449)
20190918785,12/24/2019 07:20:00 PM,2,0,0,,N,420040,11,Front to Rear,21,CLEAR,3,DARK - LIGHTED,12,MOTOR VEHICLE IN TRANSPORT,CHARLOTTE AV & 14TH AVN,NASHVILLE,TN,37203,5501,MIDTOW,36.1606,-86.7941,POINT (-86.7941 36.1606)
20190863111,11/30/2019 11:00:00 AM,2,0,0,,Y,419997,11,Front to Rear,22,CLOUDY,1,DAYLIGHT,12,MOTOR VEHICLE IN TRANSPORT,HILLWOOD PRIVATE CV & CHARLOTTE PKE,NASHVILLE,TN,37205,5007,WEST,36.1339,-86.8901,POINT (-86.8901 36.1339)
20190692969,09/18/2019 11:12:00 AM,2,2,0,,N,405427,4,ANGLE,21,CLEAR,1,DAYLIGHT,12,MOTOR VEHICLE IN TRANSPORT,8TH AVS & DREXEL ST,NASHVILLE,TN,37203,4023,CENTRA,36.1528,-86.7793,POINT (-86.7793 36.1528)
20190760253,10/17/2019 01:24:00 AM,2,0,0,,N,384437,11,Front to Rear,21,CLEAR,3,DARK - LIGHTED,12,MOTOR VEHICLE IN TRANSPORT,5TH AVS & BROADWAY,NASHVILLE,TN,37203,4089,CENTRA,36.1605,-86.7784,POINT (-86.7784 36.1605)
20190924250,12/27/2019 05:20:00 PM,2,0,0,,N,256383,11,Front to Rear,21,CLEAR,2,DARK - NOT LIGHTED,12,MOTOR VEHICLE IN TRANSPORT,MM 52 1 I 24,NASHVILLE,TN,37217,8816,SOUTH,36.1343,-86.7267,POINT (-86.7267 36.1343)
20190607093,08/14/2019 09:21:00 PM,2,0,0,,N,311344,11,Front to Rear,21,CLEAR,3,DARK - LIGHTED,12,MOTOR VEHICLE IN TRANSPORT,RIVERGATE PKWY & GALLATIN PKEN,MADISON,TN,37115,1731,MADISO,36.2969,-86.6992,POINT (-86.6992 36.2969)
20190737470,10/07/2019 01:00:00 PM,1,1,0,,N,420035,0,NOT COLLISION W/MOTOR VEHICLE-TRANSPORT,2,RAIN,1,DAYLIGHT,36,CONCRETE TRAFFIC BARRIER,I65 S EXT RAMP & I 65,MADISON,TN,37115,20044,MADISO,36.2481,-86.743,POINT (-86.743 36.2481)
20190791667,10/30/2019 03:15:00 PM,2,0,0,,N,337276,5,SIDESWIPE - SAME DIRECTION,2,RAIN,1,DAYLIGHT,12;14,MOTOR VEHICLE IN TRANSPORT;PARKED MOTOR VEHICLE,0 N 10TH ST,NASHVILLE,TN,37206,1939,EAST,36.1782,-86.7517,POINT (-86.7517 36.1782)
20190919026,12/24/2019 11:23:00 PM,1,0,0,,N,256377,0,NOT COLLISION W/MOTOR VEHICLE-TRANSPORT,21,CLEAR,2,DARK - NOT LIGHTED,41;42;64,SHRUBBERY;TREE;Ran Off Road-Left,3500 BUTLER RD,NASHVILLE,TN,37217,8929,HERMIT,36.0884,-86.6171,POINT (-86.6171 36.0884)
20190810573,11/07/2019 12:01:00 AM,2,0,0,,Y,226092,16,Rear to Side,99,UNKNOWN,3,DARK - LIGHTED,14,PARKED MOTOR VEHICLE,FISK ST & CHARLOTTE AV,NASHVILLE,TN,37203,5401,NORTH,36.1591,-86.7995,POINT (-86.7995 36.1591)
20190707689,09/24/2019 03:15:00 PM,2,0,0,,N,633391,11,Front to Rear,21,CLEAR,1,DAYLIGHT,12,MOTOR VEHICLE IN TRANSPORT,MM 205 7 I 40,NASHVILLE,TN,37209,45044,WEST,36.1563,-86.8262,POINT (-86.8262 36.1563)