Accident Number,Date and Time,Number of Motor Vehicles,Number of Injuries,Number of Fatalities,Property Damage,Hit and Run,Reporting Officer,Collision Type Code,Collision Type Description,Weather Code,Weather Description,Illumination Code,Illumination Description,Harmful Code,Harmful Code Description,Street Address,City,State,ZIP,RPA,Precinct,Latitude,Longitude,Mapped Location
20190735797,10/06/2019 02:15:00 PM,2,0,0,,Y,299264,4,ANGLE,22,CLOUDY,1,DAYLIGHT,12,MOTOR VEHICLE IN TRANSPORT,NOLENSVILLE PKE & NATCHEZ CT,NASHVILLE,TN,37211,8511,MIDTOW,36.0944,-86.7367,POINT (-86.7367 36.0944)
20190618886,08/19/2019 03:00:00 PM,3,2,0,,N,256379,11,Front to Rear,21,CLEAR,1,DAYLIGHT,12,MOTOR VEHICLE IN TRANSPORT,MM 52 1 I 24,NASHVILLE,TN,37217,8816,SOUTH,36.1343,-86.7267,POINT (-86.7267 36.1343)
20190781814,10/26/2019 12:00:00 AM,1,0,0,Y,Y,298864,0,NOT COLLISION W/MOTOR VEHICLE-TRANSPORT,2,RAIN,2,DARK - NOT LIGHTED,32;64,CULVERT;Ran Off Road-Left,SNOW AV & STONEY RIVER LN,MADISON,TN,37115,1729,MADISO,36.2796,-86.6998,POINT (-86.6998 36.2796)
20190613932,08/17/2019 12:38:00 PM,2,0,0,,N,240960,5,SIDESWIPE - SAME DIRECTION,21,CLEAR,1,DAYLIGHT,12,MOTOR VEHICLE IN TRANSPORT,GALLATIN PKE & LITTON AV,NASHVILLE,TN,37216,1415,EAST,36.2027,-86.739,POINT (-86.739 36.2027)
20190685751,09/15/2019 12:15:00 PM,2,1,0,,N,419952,5,SIDESWIPE - SAME DIRECTION,21,CLEAR,1,DAYLIGHT,12,MOTOR VEHICLE IN TRANSPORT,BELLE FOREST SHOPPING CENTER P & OLD HIC,NASHVILLE,TN,37205,4903,WEST,36.0755,-86.921,POINT (-86.921 36.0755)
20190824973,11/13/2019 05:53:00 PM,2,0,0,,Y,330415,4,ANGLE,21,CLEAR,3,DARK - LIGHTED,12,MOTOR VEHICLE IN TRANSPORT,0 BROADWAY,NASHVILLE,TN,37201,4105,CENTRA,36.1616,-86.776,POINT (-86.776 36.1616)
20190668495,09/08/2019 08:26:00 AM,2,2,0,,Y,279122,4,ANGLE,21,CLEAR,1,DAYLIGHT,12,MOTOR VEHICLE IN TRANSPORT,23RD AVN & FORMOSA ST,NASHVILLE,TN,37208,4463,NORTH,36.1736,-86.813,POINT (-86.813 36.1736)
20190690464,09/17/2019 01:45:00 PM,2,1,0,,N,665896,4,ANGLE,21,CLEAR,1,DAYLIGHT,12,MOTOR VEHICLE IN TRANSPORT,W TRINITY LN & I65 N EXT RAMP,NASHVILLE,TN,37207,1863,EAST,36.2062,-86.7736,POINT (-86.7736 36.2062)
20190714933,09/27/2019 12:00:00 PM,2,1,0,,N,226622,4,ANGLE,21,CLEAR,1,DAYLIGHT,12,MOTOR VEHICLE IN TRANSPORT,HARDING PKE & RIDGEFIELD WAY,NASHVILLE,TN,37205,6021,WEST,36.1264,-86.8456,POINT (-86.8456 36.1264)
20190765924,10/19/2019 03:00:00 AM,3,0,0,,Y,352159,2,HEAD-ON,21,CLEAR,7,Dark-Unknown Lighting,14;99,PARKED MOTOR VEHICLE;UNKNOWN MOST HARMFUL EVENT,MANSFIELD ST & MYRTLE ST,NASHVILLE,TN,37206,1915,EAST,36.1825,-86.7574,POINT (-86.7574 36.1825)
20190810416,11/07/2019 12:40:00 PM,1,0,0,Y,N,420035,0,NOT COLLISION W/MOTOR VEHICLE-TRANSPORT,2,RAIN,1,DAYLIGHT,30;43,UTILITY POLE;OTHER FIXED OBJECTS,GALLATIN PKES & LAKEWOOD DR,MADISON,TN,37115,1517,MADISO,36.2434,-86.7229,POINT (-86.7229 36.2434)
20190794648,10/31/2019 06:41:00 PM,2,0,0,,N,240955,11,Front to Rear,22,CLOUDY,3,DARK - LIGHTED,12,MOTOR VEHICLE IN TRANSPORT,HAMILTON CHURCH RD & OWENDALE DR,ANTIOCH,TN,37013,8927,SOUTH,36.0648,-86.6221,POINT (-86.6221 36.0648)
20190772109,10/22/2019 08:39:00 AM,2,0,0,,N,544481,11,Front to Rear,21,CLEAR,1,DAYLIGHT,12,MOTOR VEHICLE IN TRANSPORT,ELLINGTON PKWYS & ELLINGTON PKWY N EXT R,NASHVILLE,TN,37206,1992,EAST,36.1906,-86.7534,POINT (-86.7534 36.1906)
20190673141,09/10/2019 11:15:00 AM,1,0,0,Y,N,226586,0,NOT COLLISION W/MOTOR VEHICLE-TRANSPORT,21,CLEAR,1,DAYLIGHT,18,OTHER OBJECT (NOT FIXED),GARFIELD ST & 3RD AVN,NASHVILLE,TN,37208,4337,NORTH,36.1831,-86.7905,POINT (-86.7905 36.1831)
20190829566,11/15/2019 02:50:00 PM,2,0,0,,N,311328,5,SIDESWIPE - SAME DIRECTION,21,CLEAR,1,DAYLIGHT,12,MOTOR VEHICLE IN TRANSPORT,MM 48 9 I 24,NASHVILLE,TN,37213,1104,CENTRA,36.1676,-86.7656,POINT (-86.7656 36.1676)
20190661586,09/05/2019 08:57:00 AM,4,0,0,,Y,224437,11,Front to Rear,21,CLEAR,1,DAYLIGHT,12,MOTOR VEHICLE IN TRANSPORT,MM 6 7 I 440,NASHVILLE,TN,37210,81040,SOUTH,36.1244,-86.7414,POINT (-86.7414 36.1244)
20190610243,08/16/2019 01:57:00 AM,1,1,0,,N,169414,0,NOT COLLISION W/MOTOR VEHICLE-TRANSPORT,21,CLEAR,2,DARK - NOT LIGHTED,37,Other Traffic Barrier,I24 & I,ANTIOCH,TN,37013,87040,SOUTH,36.019,-86.6257,POINT (-86.6257 36.019)
20190704406,09/23/2019 10:31:00 AM,2,0,0,,Y,665896,4,ANGLE,22,CLOUDY,1,DAYLIGHT,12,MOTOR VEHICLE IN TRANSPORT,GALLATIN AV & CAHAL AV,NASHVILLE,TN,37206,1331,EAST,36.196,-86.7426,POINT (-86.7426 36.196)
20190797943,11/02/2019 06:40:00 AM,2,0,0,,Y,299247,11,Front to Rear,5,FOG,3,DARK - LIGHTED,12,MOTOR VEHICLE IN TRANSPORT,MM 217 1 I 40,NASHVILLE,TN,37214,89062,HERMIT,36.1452,-86.646,POINT (-86.646 36.1452)
20190611597,08/16/2019 02:45:00 PM,2,0,0,,Y,717341,11,Front to Rear,21,CLEAR,1,DAYLIGHT,12,MOTOR VEHICLE IN TRANSPORT,MM 53 3 I 24,NASHVILLE,TN,37210,88141,SOUTH,36.1146,-86.7245,POINT (-86.7245 36.1146)
20190869712,12/03/2019 01:24:00 PM,2,0,0,,N,109534,5,SIDESWIPE - SAME DIRECTION,21,CLEAR,1,DAYLIGHT,12,MOTOR VEHICLE IN TRANSPORT,LEBANON PKE & BONNASPRING DR,HERMITAGE,TN,37076,9613,HERMIT,36.1776,-86.6059,POINT (-86.6059 36.1776)
20190930163,12/30/2019 06:05:00 PM,2,1,0,,N,420040,5,SIDESWIPE - SAME DIRECTION,22,CLOUDY,3,DARK - LIGHTED,12,MOTOR VEHICLE IN TRANSPORT,21ST AVS & ACKLEN AV,NASHVILLE,TN,37212,5825,MIDTOW,36.1356,-86.801,POINT (-86.801 36.1356)
20190699209,09/20/2019 07:33:00 PM,2,2,0,,N,298863,11,Front to Rear,21,CLEAR,7,Dark-Unknown Lighting,12,MOTOR VEHICLE IN TRANSPORT,MM 49 0 I 24,NASHVILLE,TN,37206,10040,EAST,36.1664,-86.7647,POINT (-86.7647 36.1664)
20190879486,12/07/2019 07:46:00 AM,2,1,0,,N,311804,4,ANGLE,22,CLOUDY,1,DAYLIGHT,12,MOTOR VEHICLE IN TRANSPORT,3RD AVN & JAMES ROBERTSON PKWY,NASHVILLE,TN,37201,4201,CENTRA,36.1674,-86.7797,POINT (-86.7797 36.1674)
20190796349,11/01/2019 02:33:00 PM,2,0,0,,N,256383,4,ANGLE,21,CLEAR,1,DAYLIGHT,12,MOTOR VEHICLE IN TRANSPORT,WHEELER AV & NOLENSVILLE PKE,NASHVILLE,TN,37211,8435,SOUTH,36.0957,-86.7367,POINT (-86.7367 36.0957)
20190801745,11/04/2019 05:34:00 AM,1,0,0,,N,224437,0,NOT COLLISION W/MOTOR VEHICLE-TRANSPORT,21,CLEAR,3,DARK - LIGHTED,42;63,TREE;Ran Off Road-Right,1204 KERMIT DR,NASHVILLE,TN,37217,8821,HERMIT,36.1244,-86.7038,POINT (-86.7038 36.1244)
20190914650,12/22/2019 06:04:00 PM,2,0,0,,N,330415,11,Front to Rear,2,RAIN,3,DARK - LIGHTED,12,MOTOR VEHICLE IN TRANSPORT,0 4TH AVE S,NASHVILLE,TN,37201,4093,CENTRA,36.161,-86.7771,POINT (-86.7771 36.161)
20190767302,10/20/2019 12:00:00 AM,2,0,0,,Y,240981,11,Front to Rear,99,UNKNOWN,2,DARK - NOT LIGHTED,12;14,MOTOR VEHICLE IN TRANSPORT;PARKED MOTOR VEHICLE,800 MERIDIAN ST,NASHVILLE,TN,37207,1949,EAST,36.1839,-86.7686,POINT (-86.7686 36.1839)
20190853571,11/25/2019 10:13:00 PM,1,1,0,,N,179606,0,NOT COLLISION W/MOTOR VEHICLE-TRANSPORT,21,CLEAR,3,DARK - LIGHTED,34;7,DITCH,MOORE AV & MARTIN ST,NASHVILLE,TN,37203,8047,MIDTOW,36.1376,-86.7697,POINT (-86.7697 36.1376)
20190639024,08/27/2019 07:33:00 AM,2,0,0,,N,226622,4,ANGLE,22,CLOUDY,1,DAYLIGHT,12,MOTOR VEHICLE IN TRANSPORT,MM 205 6 I 40,NASHVILLE,TN,37209,5228,WEST,36.1559,-86.8271,POINT (-86.8271 36.1559)
20190673659,09/10/2019 02:18:00 PM,2,0,0,,N,151132,5,SIDESWIPE - SAME DIRECTION,22,CLOUDY,1,DAYLIGHT,12,MOTOR VEHICLE IN TRANSPORT,GALLATIN PKEN & OLD TIME VILLAGE PVTDR,MADISON,TN,37115,1701,MADISO,36.2638,-86.7117,POINT (-86.7117 36.2638)
20190720067,09/29/2019 11:00:00 PM,1,0,0,Y,Y,279216,0,NOT COLLISION W/MOTOR VEHICLE-TRANSPORT,21,CLEAR,3,DARK - LIGHTED,38,FENCE,W TRINITY LN & HAMPTON ST,NASHVILLE,TN,37207,3007,NORTH,36.2067,-86.7784,POINT (-86.7784 36.2067)
20190716698,09/28/2019 03:40:00 AM,2,0,0,,N,279198,5,SIDESWIPE - SAME DIRECTION,21,CLEAR,3,DARK - LIGHTED,12,MOTOR VEHICLE IN TRANSPORT,MAIN ST ENT RAMP & SPRING ST,NASHVILLE,TN,37207,1995,EAST,36.1732,-86.7657,POINT (-86.7657 36.1732)
20190668673,09/08/2019 10:35:00 AM,2,2,0,,N,405391,11,Front to Rear,21,CLEAR,1,DAYLIGHT,12,MOTOR VEHICLE IN TRANSPORT,CHARLOTTE PKE & OLD CHARLOTTE PKE,NASHVILLE,TN,37209,5009,WEST,36.1318,-86.8958,POINT (-86.8958 36.1318)
20190770623,10/21/2019 04:58:00 PM,3,0,0,,N,151132,11,Front to Rear,2,RAIN,1,DAYLIGHT,12,MOTOR VEHICLE IN TRANSPORT,MM 90 6 I 65,MADISON,TN,37115,17020,MADISO,36.2435,-86.7481,POINT (-86.7481 36.2435)
20190848703,11/23/2019 04:56:00 PM,2,1,0,,N,256386,4,ANGLE,,,5,DUSK,12,MOTOR VEHICLE IN TRANSPORT,STEWARTS FERRY PKE & I40 E EXT RAMP,NASHVILLE,TN,37214,8955,HERMIT,36.1549,-86.6269,POINT (-86.6269 36.1549)
20190596233,08/10/2019 03:30:00 PM,2,0,0,,N,161939,4,ANGLE,21,CLEAR,1,DAYLIGHT,12,MOTOR VEHICLE IN TRANSPORT,US HWY 31 ALT & CONCORD HILLS DR,NASHVILLE,TN,37211,8651,MIDTOW,35.9994,-86.6935,POINT (-86.6935 35.9994)
20190744168,10/10/2019 06:12:00 AM,2,0,0,,Y,384439,5,SIDESWIPE - SAME DIRECTION,21,CLEAR,1,DAYLIGHT,12,MOTOR VEHICLE IN TRANSPORT,MM 53 0 I 24,NASHVILLE,TN,37210,8302,SOUTH,36.1189,-86.7264,POINT (-86.7264 36.1189)
20190752117,10/13/2019 09:45:00 PM,3,1,0,,Y,256493,4,ANGLE,21,CLEAR,3,DARK - LIGHTED,12,MOTOR VEHICLE IN TRANSPORT,MURFREESBORO PKE & LAKEVILLA DR,ANTIOCH,TN,37013,8861,SOUTH,36.0767,-86.6409,POINT (-86.6409 36.0767)
20190844209,11/21/2019 06:26:00 PM,2,2,0,,N,151132,4,ANGLE,21,CLEAR,3,DARK - LIGHTED,12,MOTOR VEHICLE IN TRANSPORT,MYATT DR & ANDERSON LN,MADISON,TN,37115,1715,MADISO,36.2728,-86.6895,POINT (-86.6895 36.2728)
20190894809,12/13/2019 05:42:00 PM,2,0,0,,N,256383,5,SIDESWIPE - SAME DIRECTION,2,RAIN,3,DARK - LIGHTED,12,MOTOR VEHICLE IN TRANSPORT,MM 52 0 I 24,NASHVILLE,TN,37217,8816,SOUTH,36.1329,-86.7267,POINT (-86.7267 36.1329)
20190779838,10/25/2019 11:05:00 AM,1,1,0,,N,544481,0,NOT COLLISION W/MOTOR VEHICLE-TRANSPORT,2,RAIN,1,DAYLIGHT,72,EMBANKMENT ROCK/STONE/CONCRETE,MM 87 1 I 65,NASHVILLE,TN,37207,18020,EAST,36.2041,-86.7765,POINT (-86.7765 36.2041)
20190924034,12/27/2019 12:00:00 AM,1,1,0,,N,279233,0,NOT COLLISION W/MOTOR VEHICLE-TRANSPORT,21,CLEAR,1,DAYLIGHT,30,UTILITY POLE,46TH AVN & CHARLOTTE AV,NASHVILLE,TN,37209,5201,WEST,36.1527,-86.8422,POINT (-86.8422 36.1527)
20190785288,10/28/2019 06:27:00 AM,2,0,0,,Y,191578,5,SIDESWIPE - SAME DIRECTION,5,FOG,4,DAWN,12,MOTOR VEHICLE IN TRANSPORT,MM 212 4 I 40,NASHVILLE,TN,37210,82060,HERMIT,36.1441,-86.7389,POINT (-86.7389 36.1441)
20190819841,11/11/2019 08:00:00 PM,2,2,0,,N,299264,4,ANGLE,2,RAIN,3,DARK - LIGHTED,12,MOTOR VEHICLE IN TRANSPORT,WEST END AV & 21ST AVN,NASHVILLE,TN,37203,5715,MIDTOW,36.1503,-86.8016,POINT (-86.8016 36.1503)
20190619635,08/19/2019 09:15:00 PM,2,1,0,,N,256448,4,ANGLE,21,CLEAR,3,DARK - LIGHTED,12,MOTOR VEHICLE IN TRANSPORT,MM 211 5 I 40,NASHVILLE,TN,37210,8204,HERMIT,36.1514,-86.7517,POINT (-86.7517 36.1514)
20190717738,09/28/2019 04:45:00 PM,2,0,0,,Y,179591,5,SIDESWIPE - SAME DIRECTION,21,CLEAR,1,DAYLIGHT,12,MOTOR VEHICLE IN TRANSPORT,ROSA L PARKS BLVD & VANTAGE WAY CT,NASHVILLE,TN,37228,4445,NORTH,36.1923,-86.8001,POINT (-86.8001 36.1923)
20190712719,09/26/2019 02:20:00 PM,2,0,0,,N,429193,4,ANGLE,21,CLEAR,1,DAYLIGHT,12,MOTOR VEHICLE IN TRANSPORT,CHARLOTTE PKE & SUMMERLY DR,NASHVILLE,TN,37209,5021,WEST,36.1378,-86.8822,POINT (-86.8822 36.1378)
20190762207,10/17/2019 06:25:00 PM,1,0,0,Y,N,320577,0,NOT COLLISION W/MOTOR VEHICLE-TRANSPORT,21,CLEAR,3,DARK - LIGHTED,41,SHRUBBERY,1400 8TH AVS,NASHVILLE,TN,37203,6903,MIDTOW,36.1408,-86.7786,POINT (-86.7786 36.1408)
20190846354,11/22/2019 02:59:00 PM,2,1,0,,N,405418,4,ANGLE,22,CLOUDY,1,DAYLIGHT,12,MOTOR VEHICLE IN TRANSPORT,OLD HICKORY BLVD & BRENTWOOD TRC,BRENTWOOD,TN,37027,8623,MIDTOW,36.0411,-86.7762,POINT (-86.7762 36.0411)
20190775063,10/23/2019 12:30:00 PM,2,1,0,,N,226622,11,Front to Rear,21,CLEAR,1,DAYLIGHT,12,MOTOR VEHICLE IN TRANSPORT,WEST END AV & BOWLING AV,NASHVILLE,TN,37205,6005,WEST,36.1347,-86.8251,POINT (-86.8251 36.1347)
20190735495,10/06/2019 10:57:00 AM,2,0,0,,N,812949,11,Front to Rear,2,RAIN,1,DAYLIGHT,12,MOTOR VEHICLE IN TRANSPORT,W TRINITY LN & I65 S ENT RAMP,NASHVILLE,TN,37207,3002,NORTH,36.2065,-86.7765,POINT (-86.7765 36.2065)
20190585013,08/06/2019 05:35:00 PM,2,1,0,,N,320599,11,Front to Rear,22,CLOUDY,1,DAYLIGHT,12,MOTOR VEHICLE IN TRANSPORT,JACKSON DOWNS BLVD & LEBANON PKE,NASHVILLE,TN,37214,9403,HERMIT,36.1853,-86.6365,POINT (-86.6365 36.1853)
20190636931,08/26/2019 10:00:00 AM,2,1,0,,N,665896,5,SIDESWIPE - SAME DIRECTION,22,CLOUDY,1,DAYLIGHT,12,MOTOR VEHICLE IN TRANSPORT,DICKERSON PKE & GRIZZARD AV,NASHVILLE,TN,37207,1833,EAST,36.2082,-86.7674,POINT (-86.7674 36.2082)
20190880022,12/07/2019 04:05:00 PM,2,0,0,,N,579971,4,ANGLE,21,CLEAR,5,DUSK,12,MOTOR VEHICLE IN TRANSPORT,I24 E ENT RAMP & I 24,NASHVILLE,TN,37213,1007,CENTRA,36.1662,-86.7659,POINT (-86.7659 36.1662)
20190636822,08/26/2019 07:48:00 AM,2,0,0,,N,414668,11,Front to Rear,2,RAIN,1,DAYLIGHT,12,MOTOR VEHICLE IN TRANSPORT,MM 86 5 I 65,NASHVILLE,TN,37207,3006,NORTH,36.1946,-86.7762,POINT (-86.7762 36.1946)
20190587896,08/07/2019 05:13:00 PM,2,0,0,,N,256383,11,Front to Rear,21,CLEAR,1,DAYLIGHT,12,MOTOR VEHICLE IN TRANSPORT,MURFREESBORO PKE & LAKEVILLA DR,ANTIOCH,TN,37013,8861,SOUTH,36.0767,-86.6409,POINT (-86.6409 36.0767)
20190749884,10/12/2019 05:38:00 PM,2,0,0,,N,330415,5,SIDESWIPE - SAME DIRECTION,21,CLEAR,1,DAYLIGHT,12,MOTOR VEHICLE IN TRANSPORT,0 BROADWAY,NASHVILLE,TN,37201,4105,CENTRA,36.1616,-86.776,POINT (-86.776 36.1616)
20190881416,12/08/2019 10:49:00 AM,1,0,0,Y,N,584947,0,NOT COLLISION W/MOTOR VEHICLE-TRANSPORT,21,CLEAR,1,DAYLIGHT,40,MAIL BOX,EDENBRIDGE WAY & OTTER CREEK RD,NASHVILLE,TN,37215,6305,MIDTOW,36.0607,-86.8323,POINT (-86.8323 36.0607)
20190698833,09/20/2019 04:48:00 PM,2,0,0,,N,151132,5,SIDESWIPE - SAME DIRECTION,21,CLEAR,1,DAYLIGHT,12,MOTOR VEHICLE IN TRANSPORT,FREDA VILLA & DUE WEST AVW,MADISON,TN,37115,1789,MADISO,36.247,-86.7252,POINT (-86.7252 36.247)
20190628023,08/22/2019 05:56:00 PM,2,0,0,,N,226827,11,Front to Rear,2,RAIN,1,DAYLIGHT,12,MOTOR VEHICLE IN TRANSPORT,GALLATIN PKEN & EDGEMEADE BLVD,MADISON,TN,37115,1719,MADISO,36.2829,-86.7072,POINT (-86.7072 36.2829)
20190689689,09/17/2019 07:30:00 AM,2,0,0,,N,278580,11,Front to Rear,21,CLEAR,1,DAYLIGHT,12,MOTOR VEHICLE IN TRANSPORT,MM 37 3 I 24,WHITES CREEK,TN,37189,2212,NORTH,36.3138,-86.8311,POINT (-86.8311 36.3138)
20190897389,12/15/2019 01:00:00 AM,2,0,0,,N,311340,5,SIDESWIPE - SAME DIRECTION,21,CLEAR,3,DARK - LIGHTED,12,MOTOR VEHICLE IN TRANSPORT,17TH AVS & BROADWAY,NASHVILLE,TN,37203,5705,MIDTOW,36.1533,-86.794,POINT (-86.794 36.1533)
20190733045,10/05/2019 12:00:00 AM,1,0,0,,N,110062,0,NOT COLLISION W/MOTOR VEHICLE-TRANSPORT,21,CLEAR,3,DARK - LIGHTED,24;36,GUARDRAIL FACE;CONCRETE TRAFFIC BARRIER,MM 86 4 I 65,NASHVILLE,TN,37207,19060,EAST,36.1937,-86.7758,POINT (-86.7758 36.1937)
20190664631,09/06/2019 01:20:00 PM,2,0,0,,N,109534,9,UNKNOWN,21,CLEAR,1,DAYLIGHT,99,UNKNOWN MOST HARMFUL EVENT,MM 213 4 I 40,NASHVILLE,TN,37217,8818,HERMIT,36.1399,-86.7253,POINT (-86.7253 36.1399)
20190705507,09/23/2019 07:36:00 PM,2,0,0,,N,256380,4,ANGLE,21,CLEAR,2,DARK - NOT LIGHTED,12,MOTOR VEHICLE IN TRANSPORT,MM 38 8 I 24,WHITES CREEK,TN,37189,2212,NORTH,36.2992,-86.8116,POINT (-86.8116 36.2992)
20190802109,11/04/2019 08:40:00 AM,2,1,0,,N,226092,4,ANGLE,21,CLEAR,1,DAYLIGHT,12,MOTOR VEHICLE IN TRANSPORT,FELICIA ST & 28TH AVN,NASHVILLE,TN,37209,5303,NORTH,36.155,-86.8187,POINT (-86.8187 36.155)
20190825565,11/14/2019 01:10:00 AM,2,1,0,,Y,256377,0,NOT COLLISION W/MOTOR VEHICLE-TRANSPORT,21,CLEAR,3,DARK - LIGHTED,12;8,MOTOR VEHICLE IN TRANSPORT;PEDESTRIAN,822 MURFREESBORO PKE,NASHVILLE,TN,37217,8815,HERMIT,36.1349,-86.7241,POINT (-86.7241 36.1349)
20190887136,12/10/2019 06:55:00 PM,2,1,0,,N,240983,4,ANGLE,22,CLOUDY,2,DARK - NOT LIGHTED,12,MOTOR VEHICLE IN TRANSPORT,TUSCULUM CT & OCALA DR,NASHVILLE,TN,37211,8717,SOUTH,36.0505,-86.6992,POINT (-86.6992 36.0505)
20190645702,08/29/2019 07:45:00 PM,2,1,0,,N,337276,5,SIDESWIPE - SAME DIRECTION,21,CLEAR,3,DARK - LIGHTED,12,MOTOR VEHICLE IN TRANSPORT,QUEEN AV & DICKERSON PKE,NASHVILLE,TN,37207,1833,EAST,36.2084,-86.7673,POINT (-86.7673 36.2084)
20190782843,10/26/2019 11:10:00 PM,2,1,0,,N,298859,11,Front to Rear,2,RAIN,3,DARK - LIGHTED,12,MOTOR VEHICLE IN TRANSPORT,I40 E EXT RAMP & I 40,NASHVILLE,TN,37214,8955,HERMIT,36.155,-86.6271,POINT (-86.6271 36.155)
20190915961,12/23/2019 11:49:00 AM,2,3,0,,N,876581,11,Front to Rear,21,CLEAR,1,DAYLIGHT,12,MOTOR VEHICLE IN TRANSPORT,STATE RT 45 & DELAWARE AV,MADISON,TN,37115,1701,MADISO,36.2637,-86.7045,POINT (-86.7045 36.2637)
20190794499,10/31/2019 07:31:00 PM,2,0,0,,Y,330415,9,UNKNOWN,22,CLOUDY,3,DARK - LIGHTED,99,UNKNOWN MOST HARMFUL EVENT,0 4TH AVN,NASHVILLE,TN,37219,4159,CENTRA,36.1664,-86.7807,POINT (-86.7807 36.1664)
20190669501,09/08/2019 10:47:00 PM,2,1,0,,N,320583,5,SIDESWIPE - SAME DIRECTION,21,CLEAR,3,DARK - LIGHTED,12,MOTOR VEHICLE IN TRANSPORT,20TH AVN & HUBBS ALY,NASHVILLE,TN,37203,5511,MIDTOW,36.1539,-86.8012,POINT (-86.8012 36.1539)
20190776796,10/24/2019 05:06:00 AM,1,0,0,,N,298875,0,NOT COLLISION W/MOTOR VEHICLE-TRANSPORT,21,CLEAR,3,DARK - LIGHTED,7,,LAFAYETTE ST & FAIRFIELD AV,NASHVILLE,TN,37210,8133,SOUTH,36.1473,-86.7579,POINT (-86.7579 36.1473)
20190899615,12/16/2019 07:27:00 AM,3,0,0,,N,676834,11,Front to Rear,2,RAIN,1,DAYLIGHT,12,MOTOR VEHICLE IN TRANSPORT,CLARKSVILLE PKE & KINGS LN,NASHVILLE,TN,37218,3141,NORTH,36.2167,-86.8375,POINT (-86.8375 36.2167)
20190592431,08/09/2019 06:45:00 AM,2,0,0,,Y,191578,5,SIDESWIPE - SAME DIRECTION,21,CLEAR,1,DAYLIGHT,12,MOTOR VEHICLE IN TRANSPORT,BRILEY PKWYN & BRILEY PKWY N EXT RAMP,NASHVILLE,TN,37214,9294,HERMIT,36.1977,-86.688,POINT (-86.688 36.1977)
20190715605,09/27/2019 04:23:00 PM,2,0,0,,N,717341,4,ANGLE,21,CLEAR,1,DAYLIGHT,12,MOTOR VEHICLE IN TRANSPORT,EDGE O LAKE DR & MURFREESBORO PKE,NASHVILLE,TN,37217,8939,HERMIT,36.0797,-86.6443,POINT (-86.6443 36.0797)
20190831634,11/16/2019 01:55:00 PM,2,1,0,,N,320577,11,Front to Rear,21,CLEAR,1,DAYLIGHT,12,MOTOR VEHICLE IN TRANSPORT,THOMPSON LN & NOLENSVILLE PKE,NASHVILLE,TN,37211,8425,SOUTH,36.1109,-86.7447,POINT (-86.7447 36.1109)
20190817141,11/10/2019 02:18:00 PM,2,0,0,,Y,306231,11,Front to Rear,21,CLEAR,1,DAYLIGHT,12,MOTOR VEHICLE IN TRANSPORT,JEFFERSON ST & 9TH AVN,NASHVILLE,TN,37208,4239,NORTH,36.1729,-86.7931,POINT (-86.7931 36.1729)
20190736849,10/07/2019 06:35:00 AM,2,0,0,,N,109534,5,SIDESWIPE - SAME DIRECTION,2,RAIN,3,DARK - LIGHTED,12,MOTOR VEHICLE IN TRANSPORT,MM 51 5 I 24,NASHVILLE,TN,37210,9004,HERMIT,36.1404,-86.7287,POINT (-86.7287 36.1404)
20190687441,09/16/2019 10:05:00 AM,2,0,0,,Y,676834,11,Front to Rear,21,CLEAR,1,DAYLIGHT,12,MOTOR VEHICLE IN TRANSPORT,MM 86 6 I 65,NASHVILLE,TN,37207,3002,NORTH,36.1959,-86.7761,POINT (-86.7761 36.1959)
20190829569,11/15/2019 04:31:00 PM,2,0,0,,Y,298867,5,SIDESWIPE - SAME DIRECTION,21,CLEAR,1,DAYLIGHT,12,MOTOR VEHICLE IN TRANSPORT,PETWAY AV & GALLATIN AV,NASHVILLE,TN,37206,1319,EAST,36.1866,-86.7471,POINT (-86.7471 36.1866)
20190814107,11/09/2019 12:58:00 AM,2,0,0,,Y,256495,11,Front to Rear,21,CLEAR,2,DARK - NOT LIGHTED,12;14,MOTOR VEHICLE IN TRANSPORT;PARKED MOTOR VEHICLE,10TH AVN & BUCHANAN ST,NASHVILLE,TN,37208,4451,NORTH,36.18,-86.8027,POINT (-86.8027 36.18)
20190805785,11/05/2019 02:33:00 PM,2,0,0,,N,240983,11,Front to Rear,21,CLEAR,1,DAYLIGHT,12,MOTOR VEHICLE IN TRANSPORT,HAMILTON CHURCH RD & OWENDALE DR,ANTIOCH,TN,37013,8927,SOUTH,36.0648,-86.6221,POINT (-86.6221 36.0648)
20190804416,11/05/2019 12:00:00 AM,1,0,0,,N,384448,0,NOT COLLISION W/MOTOR VEHICLE-TRANSPORT,21,CLEAR,1,DAYLIGHT,50,DEER (ANIMAL),RIVER ROAD PKE & RIVER ROAD PKE PVTDR,NASHVILLE,TN,37209,4705,WEST,36.2021,-86.9796,POINT (-86.9796 36.2021)
20190720613,09/30/2019 07:00:00 AM,2,0,0,,N,716886,5,SIDESWIPE - SAME DIRECTION,21,CLEAR,1,DAYLIGHT,12,MOTOR VEHICLE IN TRANSPORT,MM 54 3 I 24,NASHVILLE,TN,37211,84020,SOUTH,36.1034,-86.7148,POINT (-86.7148 36.1034)
20190907101,12/19/2019 06:05:00 AM,2,0,0,,N,212342,5,SIDESWIPE - SAME DIRECTION,21,CLEAR,3,DARK - LIGHTED,12,MOTOR VEHICLE IN TRANSPORT,KNIGHTS OF COLUMBUS BLVD & I40 E ENT RAM,NASHVILLE,TN,37217,8951,HERMIT,36.1422,-86.6967,POINT (-86.6967 36.1422)