Accident Number,Date and Time,Number of Motor Vehicles,Number of Injuries,Number of Fatalities,Property Damage,Hit and Run,Reporting Officer,Collision Type Code,Collision Type Description,Weather Code,Weather Description,Illumination Code,Illumination Description,Harmful Code,Harmful Code Description,Street Address,City,State,ZIP,RPA,Precinct,Latitude,Longitude,Mapped Location
20190717756,09/28/2019 05:20:00 PM,2,0,0,,N,330436,4,ANGLE,21,CLEAR,1,DAYLIGHT,12,MOTOR VEHICLE IN TRANSPORT,PEABODY ST & 6TH AVS,NASHVILLE,TN,37203,4039,CENTRA,36.1549,-86.7767,POINT (-86.7767 36.1549)
20190764635,10/18/2019 06:50:00 PM,2,0,0,,N,330445,11,Front to Rear,21,CLEAR,3,DARK - LIGHTED,12,MOTOR VEHICLE IN TRANSPORT,MM 209 0 I 40,NASHVILLE,TN,37203,4104,CENTRA,36.1574,-86.7903,POINT (-86.7903 36.1574)
20190617954,08/19/2019 07:53:00 AM,2,0,0,,N,191578,11,Front to Rear,21,CLEAR,1,DAYLIGHT,12,MOTOR VEHICLE IN TRANSPORT,MM 215 5 I 40,NASHVILLE,TN,37217,89020,HERMIT,36.1432,-86.6865,POINT (-86.6865 36.1432)
20190728322,10/03/2019 07:26:00 AM,2,0,0,,N,226622,4,ANGLE,21,CLEAR,1,DAYLIGHT,12,MOTOR VEHICLE IN TRANSPORT,INDIANA AV & 51ST AVN,NASHVILLE,TN,37209,4601,WEST,36.1565,-86.849,POINT (-86.849 36.1565)
20190857734,11/27/2019 02:57:00 PM,3,0,0,,N,256389,11,Front to Rear,21,CLEAR,1,DAYLIGHT,12,MOTOR VEHICLE IN TRANSPORT,MM 5 9 I 440,NASHVILLE,TN,37204,83062,MIDTOW,36.1215,-86.7578,POINT (-86.7578 36.1215)
20190820542,11/12/2019 03:10:00 AM,1,0,0,,N,298859,0,NOT COLLISION W/MOTOR VEHICLE-TRANSPORT,3,"SLEET, HAIL",3,DARK - LIGHTED,36,CONCRETE TRAFFIC BARRIER,STATE HWY 155 & STATE HWY 155,NASHVILLE,TN,37214,92920,HERMIT,36.2014,-86.6891,POINT (-86.6891 36.2014)
20190608323,08/15/2019 09:45:00 AM,3,1,0,,N,109534,11,Front to Rear,21,CLEAR,1,DAYLIGHT,12,MOTOR VEHICLE IN TRANSPORT,ROBINSON RD & ELLISTON ST,OLD HICKORY,TN,37138,9609,HERMIT,36.2539,-86.6499,POINT (-86.6499 36.2539)
20190584233,08/06/2019 11:53:00 AM,2,0,0,,N,716886,11,Front to Rear,21,CLEAR,1,DAYLIGHT,12,MOTOR VEHICLE IN TRANSPORT,MM 56 1 I 24,NASHVILLE,TN,37211,88100,SOUTH,36.0813,-86.697,POINT (-86.697 36.0813)
20190907409,12/19/2019 08:30:00 AM,2,0,0,,Y,676834,5,SIDESWIPE - SAME DIRECTION,21,CLEAR,1,DAYLIGHT,12,MOTOR VEHICLE IN TRANSPORT,MM 87 7 I 65,NASHVILLE,TN,37207,1804,EAST,36.2114,-86.7757,POINT (-86.7757 36.2114)
20190772427,10/22/2019 11:16:00 AM,2,2,0,,N,109515,11,Front to Rear,21,CLEAR,1,DAYLIGHT,12,MOTOR VEHICLE IN TRANSPORT,OLD HICKORY BLVDW & HERITAGE DR,MADISON,TN,37115,1749,MADISO,36.2641,-86.7242,POINT (-86.7242 36.2641)
20190681982,09/13/2019 04:30:00 PM,2,0,0,,N,330443,11,Front to Rear,21,CLEAR,1,DAYLIGHT,12,MOTOR VEHICLE IN TRANSPORT,MM 92 6 I 65,MADISON,TN,37115,1704,MADISO,36.2702,-86.7364,POINT (-86.7364 36.2702)
20190820278,11/12/2019 01:05:00 AM,1,0,0,,N,151122,0,NOT COLLISION W/MOTOR VEHICLE-TRANSPORT,3,"SLEET, HAIL",3,DARK - LIGHTED,36;41,CONCRETE TRAFFIC BARRIER;SHRUBBERY,MM 56 6 I 24,NASHVILLE,TN,37211,8810,SOUTH,36.0742,-86.6927,POINT (-86.6927 36.0742)
20190675896,09/11/2019 10:56:00 AM,2,0,0,,N,109534,11,Front to Rear,21,CLEAR,1,DAYLIGHT,12,MOTOR VEHICLE IN TRANSPORT,LEBANON PKE WB EXT RAMP & LEBANON PKE,HERMITAGE,TN,37076,9507,HERMIT,36.1995,-86.6194,POINT (-86.6194 36.1995)
20190732775,10/05/2019 12:29:00 AM,2,2,0,,N,284059,4,ANGLE,21,CLEAR,3,DARK - LIGHTED,12,MOTOR VEHICLE IN TRANSPORT,STEVENS LN & CLARKSVILLE PKE,NASHVILLE,TN,37218,3215,NORTH,36.238,-86.8308,POINT (-86.8308 36.238)
20190759706,10/16/2019 07:00:00 PM,2,0,0,,N,330413,11,Front to Rear,21,CLEAR,2,DARK - NOT LIGHTED,12,MOTOR VEHICLE IN TRANSPORT,19TH AVE S & WEDGEWOOD AVE,NASHVILLE,TN,37212,6607,MIDTOW,36.1373,-86.7981,POINT (-86.7981 36.1373)
20190778475,10/24/2019 06:15:00 PM,1,0,0,,N,352204,0,NOT COLLISION W/MOTOR VEHICLE-TRANSPORT,21,CLEAR,2,DARK - NOT LIGHTED,11,OTHER ANIMAL,STATE HWY 100 & OLD HARDING PIKE,NASHVILLE,TN,37221,4807,WEST,36.0446,-86.9557,POINT (-86.9557 36.0446)
20190598071,08/11/2019 01:06:00 PM,2,0,0,,N,311804,11,Front to Rear,21,CLEAR,1,DAYLIGHT,12,MOTOR VEHICLE IN TRANSPORT,I40 E ENT RAMP & I 24,NASHVILLE,TN,37217,8816,SOUTH,36.1363,-86.7267,POINT (-86.7267 36.1363)
20190731864,10/04/2019 04:10:00 PM,2,0,0,,N,256389,4,ANGLE,21,CLEAR,1,DAYLIGHT,12,MOTOR VEHICLE IN TRANSPORT,FRANKLIN PKE & HOGAN RD,NASHVILLE,TN,37220,7101,MIDTOW,36.0668,-86.7742,POINT (-86.7742 36.0668)
20190603787,08/13/2019 04:51:00 PM,1,1,0,,N,267831,0,NOT COLLISION W/MOTOR VEHICLE-TRANSPORT,2,RAIN,1,DAYLIGHT,39,WALL,MM 200 4 I 40,NASHVILLE,TN,37205,4902,WEST,36.1242,-86.9074,POINT (-86.9074 36.1242)
20190789148,10/29/2019 04:28:00 PM,2,0,0,,N,240986,5,SIDESWIPE - SAME DIRECTION,22,CLOUDY,1,DAYLIGHT,12,MOTOR VEHICLE IN TRANSPORT,GREENFIELD AV & GALLATIN PKE,NASHVILLE,TN,37216,1439,EAST,36.2109,-86.7331,POINT (-86.7331 36.2109)
20190776397,10/24/2019 12:20:00 AM,1,1,0,,N,330422,9,UNKNOWN,21,CLEAR,7,Dark-Unknown Lighting,99,UNKNOWN MOST HARMFUL EVENT,BLEVINS RD & OLD HICKORY BLVD,WHITES CREEK,TN,37189,3227,NORTH,36.2764,-86.8031,POINT (-86.8031 36.2764)
20190652727,09/01/2019 04:05:00 PM,2,2,0,,N,330443,6,SIDESWIPE - OPPOSITE DIRECTION,21,CLEAR,1,DAYLIGHT,12,MOTOR VEHICLE IN TRANSPORT,GALLATIN PKEN & EDGEMEADE BLVD,MADISON,TN,37115,1719,MADISO,36.2829,-86.7072,POINT (-86.7072 36.2829)
20190710773,09/25/2019 05:59:00 PM,2,0,0,,N,169425,5,SIDESWIPE - SAME DIRECTION,21,CLEAR,1,DAYLIGHT,12,MOTOR VEHICLE IN TRANSPORT,25TH AVN & ELLISTON PL,NASHVILLE,TN,37203,5623,MIDTOW,36.1474,-86.8085,POINT (-86.8085 36.1474)
20190884310,12/09/2019 05:35:00 PM,3,0,0,,N,384424,11,Front to Rear,22,CLOUDY,3,DARK - LIGHTED,12,MOTOR VEHICLE IN TRANSPORT,I40 W EXT RAMP & I 40,NASHVILLE,TN,37203,4119,CENTRA,36.1574,-86.79,POINT (-86.79 36.1574)
20190753966,10/14/2019 03:57:00 PM,2,0,0,,N,433550,6,SIDESWIPE - OPPOSITE DIRECTION,21,CLEAR,1,DAYLIGHT,13,MOTOR VEHICLE IN TRANSPORT-OTHER ROADWAY,LEBANON PKE & ANDREW JACKSON PKWY,HERMITAGE,TN,37076,9537,HERMIT,36.2151,-86.5962,POINT (-86.5962 36.2151)
20190875947,12/05/2019 08:28:00 PM,3,2,0,,N,384446,4,ANGLE,21,CLEAR,3,DARK - LIGHTED,12,MOTOR VEHICLE IN TRANSPORT,HIGHWAY 70S & SAWYER BROWN RD,NASHVILLE,TN,37221,4815,WEST,36.0769,-86.9452,POINT (-86.9452 36.0769)
20190670304,09/09/2019 08:40:00 AM,1,1,0,,N,226622,0,NOT COLLISION W/MOTOR VEHICLE-TRANSPORT,21,CLEAR,1,DAYLIGHT,8,PEDESTRIAN,CHARLOTTE PKE & WESTBORO DR,NASHVILLE,TN,37209,5027,WEST,36.1459,-86.871,POINT (-86.871 36.1459)
20190742670,10/09/2019 01:43:00 PM,2,0,0,,N,240968,4,ANGLE,21,CLEAR,1,DAYLIGHT,12,MOTOR VEHICLE IN TRANSPORT,SMITH SPRINGS RD & ANDERSON RD,NASHVILLE,TN,37217,8931,HERMIT,36.0878,-86.6079,POINT (-86.6079 36.0878)
20190766087,10/19/2019 10:25:00 AM,1,0,0,,N,799013,0,NOT COLLISION W/MOTOR VEHICLE-TRANSPORT,22,CLOUDY,1,DAYLIGHT,18,OTHER OBJECT (NOT FIXED),BRILEY PKWYS & BRILEY PKWYN,NASHVILLE,TN,37218,3212,NORTH,36.2142,-86.8724,POINT (-86.8724 36.2142)
20190864673,12/01/2019 08:25:00 AM,2,1,0,,N,262757,4,ANGLE,21,CLEAR,1,DAYLIGHT,12,MOTOR VEHICLE IN TRANSPORT,TIMWOOD DR & WESTERN HILLS DR,NASHVILLE,TN,37214,9315,HERMIT,36.2112,-86.6833,POINT (-86.6833 36.2112)
20190718610,09/29/2019 01:00:00 AM,2,0,0,,Y,311338,11,Front to Rear,22,CLOUDY,3,DARK - LIGHTED,12,MOTOR VEHICLE IN TRANSPORT,ROSA L PARKS BLVD & I65 S ENT RAMP,NASHVILLE,TN,37208,4403,NORTH,36.1846,-86.7981,POINT (-86.7981 36.1846)
20190827334,11/14/2019 06:02:00 PM,2,0,0,,Y,240979,4,ANGLE,21,CLEAR,2,DARK - NOT LIGHTED,14,PARKED MOTOR VEHICLE,NESBITT LN & DIANE DR,MADISON,TN,37115,1767,MADISO,36.2727,-86.727,POINT (-86.727 36.2727)
20190757088,10/15/2019 05:16:00 PM,2,0,0,,N,240983,5,SIDESWIPE - SAME DIRECTION,21,CLEAR,1,DAYLIGHT,12,MOTOR VEHICLE IN TRANSPORT,MM 53 6 I 24,NASHVILLE,TN,37211,83021,SOUTH,36.1114,-86.7229,POINT (-86.7229 36.1114)
20190660460,09/04/2019 05:50:00 PM,2,0,0,,N,179606,5,SIDESWIPE - SAME DIRECTION,21,CLEAR,1,DAYLIGHT,12,MOTOR VEHICLE IN TRANSPORT,MM 82 0 I 65,NASHVILLE,TN,37203,80061,MIDTOW,36.1433,-86.7769,POINT (-86.7769 36.1433)
20190813916,11/08/2019 10:20:00 PM,2,0,0,,N,240978,4,ANGLE,21,CLEAR,3,DARK - LIGHTED,12,MOTOR VEHICLE IN TRANSPORT,S 8TH ST & SHELBY AV,NASHVILLE,TN,37206,1023,EAST,36.1699,-86.7562,POINT (-86.7562 36.1699)
20190614276,08/17/2019 05:38:00 PM,2,0,0,,N,279214,11,Front to Rear,21,CLEAR,1,DAYLIGHT,12,MOTOR VEHICLE IN TRANSPORT,I65 ENT RAMP & I 440,NASHVILLE,TN,37204,81061,MIDTOW,36.1189,-86.7675,POINT (-86.7675 36.1189)
20190911008,12/20/2019 07:11:00 PM,2,0,0,,N,212322,4,ANGLE,21,CLEAR,2,DARK - NOT LIGHTED,12,MOTOR VEHICLE IN TRANSPORT,BELL RD & BEECHWOOD TER,ANTIOCH,TN,37013,8753,SOUTH,36.0449,-86.6684,POINT (-86.6684 36.0449)
20190780609,10/25/2019 06:19:00 PM,3,1,0,,N,320603,11,Front to Rear,2,RAIN,3,DARK - LIGHTED,12,MOTOR VEHICLE IN TRANSPORT,HILLWOOD BLVD & FLEETWOOD DR,NASHVILLE,TN,37209,5021,WEST,36.1362,-86.8767,POINT (-86.8767 36.1362)
20190667164,09/07/2019 04:24:00 PM,2,0,0,,Y,240979,5,SIDESWIPE - SAME DIRECTION,21,CLEAR,1,DAYLIGHT,12,MOTOR VEHICLE IN TRANSPORT,MYATT DR & MYATT DR PVTDR,MADISON,TN,37115,1721,MADISO,36.2947,-86.6973,POINT (-86.6973 36.2947)
20190858604,11/27/2019 11:45:00 PM,4,4,0,,N,405424,11,Front to Rear,21,CLEAR,3,DARK - LIGHTED,12,MOTOR VEHICLE IN TRANSPORT,MM 215 0 I 40,NASHVILLE,TN,37214,91021,HERMIT,36.1444,-86.6948,POINT (-86.6948 36.1444)
20190709466,09/25/2019 08:53:00 AM,2,0,0,,N,620061,6,SIDESWIPE - OPPOSITE DIRECTION,21,CLEAR,1,DAYLIGHT,13,MOTOR VEHICLE IN TRANSPORT-OTHER ROADWAY,6000 MT PISGAH RD,NASHVILLE,TN,37211,8651,MIDTOW,36.0218,-86.7427,POINT (-86.7427 36.0218)
20190893745,12/13/2019 08:34:00 AM,2,0,0,,N,834798,5,SIDESWIPE - SAME DIRECTION,21,CLEAR,1,DAYLIGHT,12,MOTOR VEHICLE IN TRANSPORT,MM 3 0 I 440,NASHVILLE,TN,37215,6424,MIDTOW,36.1201,-86.8026,POINT (-86.8026 36.1201)
20190782384,10/26/2019 04:16:00 PM,3,2,0,,N,240955,11,Front to Rear,2,RAIN,1,DAYLIGHT,12,MOTOR VEHICLE IN TRANSPORT,MM 52 1 I 24,NASHVILLE,TN,37217,8816,SOUTH,36.1343,-86.7267,POINT (-86.7267 36.1343)
20190861738,11/29/2019 06:12:00 PM,2,0,0,,Y,151132,16,Rear to Side,22,CLOUDY,3,DARK - LIGHTED,14,PARKED MOTOR VEHICLE,EWING DR & BRICK CHURCH PKE,NASHVILLE,TN,37207,2001,MADISO,36.2316,-86.7815,POINT (-86.7815 36.2316)
20190840226,11/20/2019 07:01:00 AM,2,2,0,,N,299243,11,Front to Rear,21,CLEAR,1,DAYLIGHT,12,MOTOR VEHICLE IN TRANSPORT,MM 49 6 I 24,NASHVILLE,TN,37210,4008,CENTRA,36.1571,-86.7604,POINT (-86.7604 36.1571)
20190696073,09/19/2019 02:13:00 PM,2,0,0,,Y,134899,5,SIDESWIPE - SAME DIRECTION,21,CLEAR,1,DAYLIGHT,12;14,MOTOR VEHICLE IN TRANSPORT;PARKED MOTOR VEHICLE,MCGAVOCK PKE & TWO RIVERS PKWY,NASHVILLE,TN,37214,9317,HERMIT,36.1832,-86.6775,POINT (-86.6775 36.1832)
20190630768,08/23/2019 05:01:00 PM,2,0,0,,N,256389,4,ANGLE,21,CLEAR,1,DAYLIGHT,12,MOTOR VEHICLE IN TRANSPORT,17TH AVN & STATE ST,NASHVILLE,TN,37203,5513,MIDTOW,36.1568,-86.7967,POINT (-86.7967 36.1568)
20190837564,11/19/2019 06:54:00 AM,2,0,0,,Y,620061,11,Front to Rear,2,RAIN,1,DAYLIGHT,12,MOTOR VEHICLE IN TRANSPORT,LINBAR DR & HARDING PL,NASHVILLE,TN,37211,8705,SOUTH,36.0842,-86.7059,POINT (-86.7059 36.0842)
20190872571,12/04/2019 11:55:00 AM,2,0,0,,N,343522,11,Front to Rear,21,CLEAR,1,DAYLIGHT,12,MOTOR VEHICLE IN TRANSPORT,CHARLOTTE PKE & CHARLOTTE ROAD CIR,NASHVILLE,TN,37209,5025,WEST,36.1423,-86.8756,POINT (-86.8756 36.1423)
20190587067,08/07/2019 11:56:00 AM,2,0,0,,Y,191578,5,SIDESWIPE - SAME DIRECTION,21,CLEAR,1,DAYLIGHT,12,MOTOR VEHICLE IN TRANSPORT,MURFREESBORO PKE & WILHAGAN RD,NASHVILLE,TN,37217,8801,SOUTH,36.1325,-86.7193,POINT (-86.7193 36.1325)
20190622499,08/20/2019 08:24:00 PM,1,0,0,Y,Y,151132,0,NOT COLLISION W/MOTOR VEHICLE-TRANSPORT,22,CLOUDY,3,DARK - LIGHTED,24;64,GUARDRAIL FACE;Ran Off Road-Left,MM 88 7 I 65,NASHVILLE,TN,37207,20021,MADISO,36.2269,-86.7738,POINT (-86.7738 36.2269)
20190597517,08/11/2019 05:59:00 AM,1,0,0,Y,N,298866,0,NOT COLLISION W/MOTOR VEHICLE-TRANSPORT,21,CLEAR,1,DAYLIGHT,38,FENCE,CHARLOTTE PKE & CHARLOTTE AV,NASHVILLE,TN,37209,5103,WEST,36.151,-86.8546,POINT (-86.8546 36.151)
20190903571,12/17/2019 07:15:00 PM,2,0,0,,N,352192,11,Front to Rear,21,CLEAR,3,DARK - LIGHTED,12,MOTOR VEHICLE IN TRANSPORT,HARDING PKE & KENNER AV,NASHVILLE,TN,37205,6021,WEST,36.1261,-86.8461,POINT (-86.8461 36.1261)
20190701751,09/22/2019 01:30:00 AM,1,1,0,,N,633391,0,NOT COLLISION W/MOTOR VEHICLE-TRANSPORT,21,CLEAR,3,DARK - LIGHTED,8,PEDESTRIAN,BROADWAY & 4TH AVN,NASHVILLE,TN,37203,4091,CENTRA,36.161,-86.7772,POINT (-86.7772 36.161)
20190845391,11/22/2019 07:00:00 AM,1,2,0,Y,N,224464,0,NOT COLLISION W/MOTOR VEHICLE-TRANSPORT,2,RAIN,1,DAYLIGHT,30,UTILITY POLE,24TH AVN & HERMOSA ST,NASHVILLE,TN,37208,5349,NORTH,36.1635,-86.8118,POINT (-86.8118 36.1635)
20190738356,10/07/2019 10:29:00 PM,2,0,0,,Y,279117,5,SIDESWIPE - SAME DIRECTION,21,CLEAR,3,DARK - LIGHTED,12,MOTOR VEHICLE IN TRANSPORT,MM 88 2 I 65,NASHVILLE,TN,37207,18041,EAST,36.2188,-86.7747,POINT (-86.7747 36.2188)
20190896057,12/14/2019 01:00:00 AM,2,0,0,,Y,226306,5,SIDESWIPE - SAME DIRECTION,22,CLOUDY,4,DAWN,14,PARKED MOTOR VEHICLE,HICKS RD & STALLION DR,NASHVILLE,TN,37221,4813,WEST,36.0873,-86.9376,POINT (-86.9376 36.0873)
20190734550,10/05/2019 10:59:00 PM,2,0,0,,N,256376,11,Front to Rear,21,CLEAR,3,DARK - LIGHTED,12,MOTOR VEHICLE IN TRANSPORT,10TH AVN & JEFFERSON ST,NASHVILLE,TN,37208,4243,NORTH,36.1724,-86.7948,POINT (-86.7948 36.1724)
20190840752,11/20/2019 10:45:00 AM,3,3,0,,N,834798,11,Front to Rear,21,CLEAR,1,DAYLIGHT,12,MOTOR VEHICLE IN TRANSPORT,MM 4 6 I 440,NASHVILLE,TN,37204,7014,MIDTOW,36.1157,-86.7776,POINT (-86.7776 36.1157)
20190684027,09/14/2019 02:44:00 PM,2,3,0,,N,279208,4,ANGLE,21,CLEAR,1,DAYLIGHT,12,MOTOR VEHICLE IN TRANSPORT,CHET ATKINS PL & MUSIC SQW,NASHVILLE,TN,37212,6713,MIDTOW,36.1485,-86.7935,POINT (-86.7935 36.1485)
20190932198,12/31/2019 04:14:00 PM,2,1,0,,N,240983,11,Front to Rear,21,CLEAR,1,DAYLIGHT,12,MOTOR VEHICLE IN TRANSPORT,HAYWOOD LN & I24 W EXT RAMP,ANTIOCH,TN,37013,8857,SOUTH,36.0695,-86.6875,POINT (-86.6875 36.0695)
20190757461,10/15/2019 12:00:00 AM,2,0,0,,Y,676828,5,SIDESWIPE - SAME DIRECTION,21,CLEAR,3,DARK - LIGHTED,12,MOTOR VEHICLE IN TRANSPORT,I40 E EXT RAMP & I 40,NASHVILLE,TN,37214,8955,HERMIT,36.155,-86.6271,POINT (-86.6271 36.155)
20190602237,08/13/2019 12:00:00 AM,1,0,0,Y,Y,352153,0,NOT COLLISION W/MOTOR VEHICLE-TRANSPORT,21,CLEAR,2,DARK - NOT LIGHTED,40,MAIL BOX,MT VIEW RD & MT VIEW CIR,ANTIOCH,TN,37013,8867,SOUTH,36.0237,-86.6644,POINT (-86.6644 36.0237)
20190755856,10/15/2019 08:50:00 AM,2,0,0,,N,226405,11,Front to Rear,21,CLEAR,1,DAYLIGHT,12,MOTOR VEHICLE IN TRANSPORT,BELMONT BLVD & SWEETBRIAR AV,NASHVILLE,TN,37212,6513,MIDTOW,36.1248,-86.7942,POINT (-86.7942 36.1248)
20190749321,10/12/2019 12:00:00 AM,1,0,0,Y,Y,628640,0,NOT COLLISION W/MOTOR VEHICLE-TRANSPORT,21,CLEAR,1,DAYLIGHT,18,OTHER OBJECT (NOT FIXED),WELCH RD & SHASTA DR,NASHVILLE,TN,37211,8419,SOUTH,36.0813,-86.717,POINT (-86.717 36.0813)
20190684462,09/14/2019 06:01:00 PM,2,0,0,,N,299266,4,ANGLE,21,CLEAR,1,DAYLIGHT,12,MOTOR VEHICLE IN TRANSPORT,MM 56 0 I 24,NASHVILLE,TN,37211,8708,SOUTH,36.0818,-86.6975,POINT (-86.6975 36.0818)
20190839318,11/19/2019 12:00:00 AM,2,1,0,,N,298875,4,ANGLE,21,CLEAR,3,DARK - LIGHTED,12,MOTOR VEHICLE IN TRANSPORT,MM 53 0 I 24,NASHVILLE,TN,37210,8302,SOUTH,36.1189,-86.7264,POINT (-86.7264 36.1189)
20190821191,11/12/2019 09:30:00 AM,2,2,0,,N,384442,11,Front to Rear,21,CLEAR,1,DAYLIGHT,12,MOTOR VEHICLE IN TRANSPORT,BATTERY LN & CHURCHWOOD DR,NASHVILLE,TN,37204,7027,MIDTOW,36.0871,-86.7794,POINT (-86.7794 36.0871)
20190661470,09/05/2019 07:56:00 AM,2,0,0,,N,320575,5,SIDESWIPE - SAME DIRECTION,21,CLEAR,1,DAYLIGHT,12,MOTOR VEHICLE IN TRANSPORT,MM 59 5 I 24,ANTIOCH,TN,37013,88060,SOUTH,36.0441,-86.6567,POINT (-86.6567 36.0441)
20190769959,10/21/2019 11:05:00 AM,2,0,0,,N,384451,11,Front to Rear,2,RAIN,1,DAYLIGHT,12,MOTOR VEHICLE IN TRANSPORT,JAMES KAY LN & DODSON CHAPEL RD,HERMITAGE,TN,37076,9511,HERMIT,36.1778,-86.615,POINT (-86.615 36.1778)
20190868824,12/03/2019 06:55:00 AM,2,1,0,,Y,876573,11,Front to Rear,21,CLEAR,1,DAYLIGHT,12,MOTOR VEHICLE IN TRANSPORT,MURFREESBORO PKE & OLD HICKORY BLVD,ANTIOCH,TN,37013,8867,SOUTH,36.0413,-86.6051,POINT (-86.6051 36.0413)
20190838753,11/19/2019 05:06:00 PM,4,1,0,,N,151132,11,Front to Rear,21,CLEAR,3,DARK - LIGHTED,12,MOTOR VEHICLE IN TRANSPORT,I65 N ENT RAMP & I 65,NASHVILLE,TN,37207,1829,EAST,36.209,-86.7759,POINT (-86.7759 36.209)
20190798670,11/02/2019 03:20:00 PM,2,0,0,,N,161939,11,Front to Rear,21,CLEAR,1,DAYLIGHT,12,MOTOR VEHICLE IN TRANSPORT,MM 61 8 I 24,ANTIOCH,TN,37013,8806,SOUTH,36.0231,-86.6301,POINT (-86.6301 36.0231)
20190815160,11/09/2019 02:45:00 PM,2,0,0,,Y,330440,6,SIDESWIPE - OPPOSITE DIRECTION,21,CLEAR,1,DAYLIGHT,14,PARKED MOTOR VEHICLE,26TH AVN & 25TH AVN,NASHVILLE,TN,37208,4431,NORTH,36.1905,-86.8173,POINT (-86.8173 36.1905)
20190930508,12/30/2019 09:41:00 PM,2,1,0,,N,240983,4,ANGLE,21,CLEAR,2,DARK - NOT LIGHTED,12,MOTOR VEHICLE IN TRANSPORT,HICKORY HOLLOW PKWY & BELL RD,ANTIOCH,TN,37013,8863,SOUTH,36.0475,-86.656,POINT (-86.656 36.0475)
20190904632,12/18/2019 07:30:00 AM,2,0,0,,N,384446,2,HEAD-ON,21,CLEAR,1,DAYLIGHT,12,MOTOR VEHICLE IN TRANSPORT,ANDERSON RD & LAKE SIDE CT,NASHVILLE,TN,37217,8985,HERMIT,36.0925,-86.6059,POINT (-86.6059 36.0925)
20190731482,10/04/2019 01:00:00 PM,2,0,0,,N,224464,98,OTHER,21,CLEAR,1,DAYLIGHT,12,MOTOR VEHICLE IN TRANSPORT,26TH AVN & FELICIA ST,NASHVILLE,TN,37209,5315,NORTH,36.1567,-86.8154,POINT (-86.8154 36.1567)
20190927779,12/29/2019 04:34:00 PM,2,1,0,,N,330412,4,ANGLE,2,RAIN,1,DAYLIGHT,12,MOTOR VEHICLE IN TRANSPORT,MM 89 4 I 65,NASHVILLE,TN,37207,18062,EAST,36.2348,-86.7656,POINT (-86.7656 36.2348)
20190835824,11/18/2019 02:51:00 PM,2,0,0,,N,179606,11,Front to Rear,21,CLEAR,1,DAYLIGHT,12,MOTOR VEHICLE IN TRANSPORT,MM 210 0 I 40,NASHVILLE,TN,37203,8002,MIDTOW,36.1484,-86.7771,POINT (-86.7771 36.1484)
20190700970,09/21/2019 05:51:00 PM,2,2,0,,N,330412,4,ANGLE,21,CLEAR,1,DAYLIGHT,12,MOTOR VEHICLE IN TRANSPORT,RIVERGATE MARKETPLACE PVTDR & GALLATIN P,MADISON,TN,37115,1731,MADISO,36.3037,-86.6898,POINT (-86.6898 36.3037)
20190681476,09/13/2019 11:45:00 AM,2,1,0,,N,571313,11,Front to Rear,21,CLEAR,1,DAYLIGHT,12,MOTOR VEHICLE IN TRANSPORT,NOLENSVILLE PKE & GLENROSE AV,NASHVILLE,TN,37210,8101,SOUTH,36.1257,-86.7525,POINT (-86.7525 36.1257)
20190798174,11/02/2019 12:00:00 AM,2,0,0,,Y,278580,9,UNKNOWN,21,CLEAR,9,UNKNOWN,14,PARKED MOTOR VEHICLE,JORDAN RIDGE DR & CATO RIDGE DR,NASHVILLE,TN,37218,3211,NORTH,36.2238,-86.8712,POINT (-86.8712 36.2238)
20190782471,10/26/2019 06:53:00 PM,1,0,0,,N,352197,0,NOT COLLISION W/MOTOR VEHICLE-TRANSPORT,21,CLEAR,3,DARK - LIGHTED,18,OTHER OBJECT (NOT FIXED),MM 57 2 I 24,NASHVILLE,TN,37211,8706,SOUTH,36.0675,-86.6877,POINT (-86.6877 36.0675)
20190747766,10/11/2019 04:55:00 PM,2,0,0,,Y,311327,2,HEAD-ON,2,RAIN,1,DAYLIGHT,12,MOTOR VEHICLE IN TRANSPORT,GREENFIELD AV & SHELTON AV,NASHVILLE,TN,37216,1439,EAST,36.2105,-86.7302,POINT (-86.7302 36.2105)
20190607779,08/15/2019 04:50:00 AM,1,0,0,Y,Y,660929,0,NOT COLLISION W/MOTOR VEHICLE-TRANSPORT,21,CLEAR,3,DARK - LIGHTED,18,OTHER OBJECT (NOT FIXED),4000 NOLENSVILLE,NASHVILLE,TN,37211,8445,SOUTH,36.0826,-86.7273,POINT (-86.7273 36.0826)
20190602493,08/13/2019 07:30:00 AM,2,2,0,,N,109495,11,Front to Rear,21,CLEAR,1,DAYLIGHT,12,MOTOR VEHICLE IN TRANSPORT,BATTERY LN & CHURCHWOOD DR,NASHVILLE,TN,37220,7103,MIDTOW,36.0868,-86.7756,POINT (-86.7756 36.0868)
20190786763,10/28/2019 06:22:00 PM,2,0,0,,N,579971,4,ANGLE,21,CLEAR,1,DAYLIGHT,14,PARKED MOTOR VEHICLE,ROCKY TOP DR & ROCKY TOP CT,ANTIOCH,TN,37013,8967,SOUTH,36.0317,-86.5823,POINT (-86.5823 36.0317)
20190733796,10/05/2019 02:30:00 PM,4,2,0,,N,887598,98,OTHER,21,CLEAR,1,DAYLIGHT,12,MOTOR VEHICLE IN TRANSPORT,CLARKSVILLE PKE & ROSA L PARKS BLVD,NASHVILLE,TN,37228,4483,NORTH,36.1889,-86.8231,POINT (-86.8231 36.1889)