Accident Number,Date and Time,Number of Motor Vehicles,Number of Injuries,Number of Fatalities,Property Damage,Hit and Run,Reporting Officer,Collision Type Code,Collision Type Description,Weather Code,Weather Description,Illumination Code,Illumination Description,Harmful Code,Harmful Code Description,Street Address,City,State,ZIP,RPA,Precinct,Latitude,Longitude,Mapped Location
20190782691,10/26/2019 09:05:00 PM,4,9,3,,Y,579971,2,HEAD-ON,21,CLEAR,3,DARK - LIGHTED,12,MOTOR VEHICLE IN TRANSPORT,MURFREESBORO PKE & RURAL HILL RD,ANTIOCH,TN,37013,8861,SOUTH,36.0745,-86.6387,POINT (-86.6387 36.0745)
20190848055,11/23/2019 08:47:00 AM,1,1,0,,N,462474,0,NOT COLLISION W/MOTOR VEHICLE-TRANSPORT,22,CLOUDY,1,DAYLIGHT,71,EMBANKMENT EARTH,MM 81 7 I 65,NASHVILLE,TN,37203,8006,MIDTOW,36.1384,-86.7758,POINT (-86.7758 36.1384)
20190648393,08/30/2019 05:55:00 PM,3,0,0,,N,299257,11,Front to Rear,21,CLEAR,1,DAYLIGHT,12,MOTOR VEHICLE IN TRANSPORT,WOODMONT BLVD & STOKESMONT RD,NASHVILLE,TN,37215,6413,MIDTOW,36.1134,-86.8041,POINT (-86.8041 36.1134)
20190815037,11/09/2019 01:25:00 PM,2,0,0,,N,226306,0,NOT COLLISION W/MOTOR VEHICLE-TRANSPORT,21,CLEAR,1,DAYLIGHT,18,OTHER OBJECT (NOT FIXED),HIGHWAY 70S & SAWYER BROWN RD,NASHVILLE,TN,37221,4815,WEST,36.0769,-86.9452,POINT (-86.9452 36.0769)
20190911986,12/21/2019 07:55:00 AM,1,1,0,,N,352179,0,NOT COLLISION W/MOTOR VEHICLE-TRANSPORT,21,CLEAR,1,DAYLIGHT,36;63,CONCRETE TRAFFIC BARRIER;Ran Off Road-Right,STATE HWY 155 & -UNKNOWN RAMP/ROAD -,NASHVILLE,TN,37214,9296,HERMIT,36.186,-86.6911,POINT (-86.6911 36.186)
20190892205,12/12/2019 04:31:00 PM,2,0,0,,N,151132,11,Front to Rear,21,CLEAR,5,DUSK,12,MOTOR VEHICLE IN TRANSPORT,MM 42 1 I 24,WHITES CREEK,TN,37189,3226,NORTH,36.257,-86.7874,POINT (-86.7874 36.257)
20190611503,08/16/2019 01:44:00 PM,2,0,0,,N,714641,6,SIDESWIPE - OPPOSITE DIRECTION,21,CLEAR,1,DAYLIGHT,14,PARKED MOTOR VEHICLE,OVERTON ST & GLEAVES ST,NASHVILLE,TN,37203,4021,CENTRA,36.1521,-86.7823,POINT (-86.7823 36.1521)
20190931802,12/31/2019 12:00:00 AM,2,0,0,,N,334981,5,SIDESWIPE - SAME DIRECTION,21,CLEAR,1,DAYLIGHT,12,MOTOR VEHICLE IN TRANSPORT,THOMPSON LN & W IRIS DR,NASHVILLE,TN,37204,8527,MIDTOW,36.1124,-86.768,POINT (-86.768 36.1124)
20190595620,08/10/2019 12:13:00 PM,2,0,0,,Y,212325,11,Front to Rear,21,CLEAR,1,DAYLIGHT,12,MOTOR VEHICLE IN TRANSPORT,GALLATIN PKES & MOVING CENTER CT,MADISON,TN,37115,1507,MADISO,36.2509,-86.7184,POINT (-86.7184 36.2509)
20190789300,10/29/2019 05:15:00 PM,2,0,0,,N,279214,4,ANGLE,21,CLEAR,3,DARK - LIGHTED,12,MOTOR VEHICLE IN TRANSPORT,GRAYBAR LN & BELMONT BLVD,NASHVILLE,TN,37215,6415,MIDTOW,36.1103,-86.8004,POINT (-86.8004 36.1103)
20190826379,11/14/2019 09:35:00 AM,2,0,0,,N,414731,5,SIDESWIPE - SAME DIRECTION,21,CLEAR,1,DAYLIGHT,12,MOTOR VEHICLE IN TRANSPORT,HARDING PL & METROPLEX DR,NASHVILLE,TN,37211,8889,SOUTH,36.0868,-86.6959,POINT (-86.6959 36.0868)
20190894648,12/13/2019 04:19:00 PM,1,1,0,,N,887592,0,NOT COLLISION W/MOTOR VEHICLE-TRANSPORT,2,RAIN,5,DUSK,8,PEDESTRIAN,GALLATIN PKE & STRATFORD AV,NASHVILLE,TN,37216,1817,EAST,36.2147,-86.7304,POINT (-86.7304 36.2147)
20190701658,09/22/2019 12:30:00 AM,1,0,0,,N,320590,0,NOT COLLISION W/MOTOR VEHICLE-TRANSPORT,21,CLEAR,2,DARK - NOT LIGHTED,11,OTHER ANIMAL,MM 39 9 I 24,WHITES CREEK,TN,37189,3314,NORTH,36.2843,-86.8075,POINT (-86.8075 36.2843)
20190699604,09/20/2019 10:58:00 PM,2,0,0,,N,256377,11,Front to Rear,21,CLEAR,3,DARK - LIGHTED,12,MOTOR VEHICLE IN TRANSPORT,MM 212 3 I 40,NASHVILLE,TN,37210,8206,HERMIT,36.1447,-86.7399,POINT (-86.7399 36.1447)
20190621620,08/20/2019 01:00:00 PM,2,0,0,,N,402653,4,ANGLE,21,CLEAR,1,DAYLIGHT,12,MOTOR VEHICLE IN TRANSPORT,BROADWAY & 9TH AVS,NASHVILLE,TN,37203,4083,CENTRA,36.1583,-86.7834,POINT (-86.7834 36.1583)
20190896955,12/14/2019 07:28:00 PM,2,1,0,,Y,298877,11,Front to Rear,21,CLEAR,3,DARK - LIGHTED,12,MOTOR VEHICLE IN TRANSPORT,PARAGON MILLS RD & NOLENSVILLE PKE,NASHVILLE,TN,37211,8421,SOUTH,36.085,-86.7279,POINT (-86.7279 36.085)
20190676540,09/11/2019 04:13:00 PM,2,0,0,,Y,151132,11,Front to Rear,21,CLEAR,1,DAYLIGHT,12,MOTOR VEHICLE IN TRANSPORT,GALLATIN PKEN & TWIN HILLS DR,MADISON,TN,37115,1731,MADISO,36.3021,-86.6928,POINT (-86.6928 36.3021)
20190645549,08/29/2019 05:38:00 PM,2,0,0,,N,330444,4,ANGLE,21,CLEAR,1,DAYLIGHT,12,MOTOR VEHICLE IN TRANSPORT,DIVISION ST & LYLE AV,NASHVILLE,TN,37212,6711,MIDTOW,36.1501,-86.7964,POINT (-86.7964 36.1501)
20190664917,09/06/2019 03:07:00 PM,2,0,0,,N,267831,4,ANGLE,21,CLEAR,1,DAYLIGHT,12,MOTOR VEHICLE IN TRANSPORT,MORROW RD & 59TH AVN,NASHVILLE,TN,37209,4613,WEST,36.1614,-86.8595,POINT (-86.8595 36.1614)
20190845544,11/22/2019 08:30:00 AM,3,0,0,,N,337277,4,ANGLE,2,RAIN,1,DAYLIGHT,12;14,MOTOR VEHICLE IN TRANSPORT;PARKED MOTOR VEHICLE,23RD AVN & ELLISTON PL,NASHVILLE,TN,37203,5615,MIDTOW,36.1501,-86.8055,POINT (-86.8055 36.1501)
20190649244,08/31/2019 12:30:00 AM,1,0,0,,Y,330411,9,UNKNOWN,21,CLEAR,2,DARK - NOT LIGHTED,99,UNKNOWN MOST HARMFUL EVENT,BULL RUN RD & KIRBY HILL RD,NASHVILLE,TN,37218,3325,NORTH,36.2387,-86.9449,POINT (-86.9449 36.2387)
20190914925,12/22/2019 11:29:00 PM,1,0,0,Y,N,352162,0,NOT COLLISION W/MOTOR VEHICLE-TRANSPORT,22,CLOUDY,3,DARK - LIGHTED,27;29;34,H-WAY TRAFFIC SIGNAL POST;LUMINAIRE/LIGHT SUPPORT;DITCH,MM 49 0 I 24,NASHVILLE,TN,37206,10040,EAST,36.1664,-86.7647,POINT (-86.7647 36.1664)
20190727114,10/02/2019 06:30:00 PM,2,1,0,,Y,352166,11,Front to Rear,21,CLEAR,3,DARK - LIGHTED,12,MOTOR VEHICLE IN TRANSPORT,MM 210 7 I 40,NASHVILLE,TN,37210,8202,HERMIT,36.1532,-86.7644,POINT (-86.7644 36.1532)
20190710053,09/25/2019 01:45:00 PM,2,1,0,,N,665896,4,ANGLE,21,CLEAR,1,DAYLIGHT,12,MOTOR VEHICLE IN TRANSPORT,E TRINITY LN & OAKWOOD AV,NASHVILLE,TN,37207,1887,EAST,36.2048,-86.7524,POINT (-86.7524 36.2048)
20190704916,09/23/2019 01:45:00 PM,2,0,0,,N,298874,5,SIDESWIPE - SAME DIRECTION,21,CLEAR,1,DAYLIGHT,12,MOTOR VEHICLE IN TRANSPORT,MM 49 2 I 24,NASHVILLE,TN,37213,1002,CENTRA,36.1637,-86.7625,POINT (-86.7625 36.1637)
20190908205,12/19/2019 03:10:00 PM,2,2,0,,Y,352173,11,Front to Rear,21,CLEAR,1,DAYLIGHT,12,MOTOR VEHICLE IN TRANSPORT,OLD HICKORY BLVDW & HERITAGE DR,MADISON,TN,37115,1749,MADISO,36.2641,-86.7242,POINT (-86.7242 36.2641)
20190900273,12/16/2019 01:29:00 PM,2,0,0,,N,352214,11,Front to Rear,2,RAIN,1,DAYLIGHT,12,MOTOR VEHICLE IN TRANSPORT,W TRINITY LN & MONTICELLO DR,NASHVILLE,TN,37207,3009,NORTH,36.207,-86.7826,POINT (-86.7826 36.207)
20190640316,08/27/2019 05:39:00 PM,2,0,0,,N,299257,11,Front to Rear,22,CLOUDY,1,DAYLIGHT,12,MOTOR VEHICLE IN TRANSPORT,MM 80 2 I 65,NASHVILLE,TN,37204,8306,MIDTOW,36.1159,-86.7732,POINT (-86.7732 36.1159)
20190721878,09/30/2019 05:53:00 PM,2,0,0,,N,384411,5,SIDESWIPE - SAME DIRECTION,21,CLEAR,1,DAYLIGHT,12,MOTOR VEHICLE IN TRANSPORT,DONELSON PKE & I40 W EXT RAMP,NASHVILLE,TN,37214,9103,HERMIT,36.1415,-86.6666,POINT (-86.6666 36.1415)
20190843721,11/21/2019 02:38:00 PM,2,0,0,,Y,240952,4,ANGLE,21,CLEAR,1,DAYLIGHT,12,MOTOR VEHICLE IN TRANSPORT,RANSOM PL & MURFREESBORO PKE,NASHVILLE,TN,37217,8853,SOUTH,36.0694,-86.6409,POINT (-86.6409 36.0694)
20190724195,10/01/2019 03:38:00 PM,1,1,0,,N,299257,0,NOT COLLISION W/MOTOR VEHICLE-TRANSPORT,21,CLEAR,1,DAYLIGHT,7,,ELM HILL PKE & AIR LANE DR,NASHVILLE,TN,37210,9031,HERMIT,36.1457,-86.7061,POINT (-86.7061 36.1457)
20190734433,10/05/2019 09:35:00 PM,1,1,0,,N,330443,0,NOT COLLISION W/MOTOR VEHICLE-TRANSPORT,21,CLEAR,3,DARK - LIGHTED,50,DEER (ANIMAL),DICKERSON PKE & BARNETT DR,NASHVILLE,TN,37207,2035,MADISO,36.2685,-86.756,POINT (-86.756 36.2685)
20190795562,11/01/2019 07:15:00 AM,2,0,0,,N,769379,11,Front to Rear,21,CLEAR,1,DAYLIGHT,12,MOTOR VEHICLE IN TRANSPORT,I440 W ENT RAMP & I 24,NASHVILLE,TN,37217,8801,SOUTH,36.1232,-86.7263,POINT (-86.7263 36.1232)
20190714652,09/27/2019 09:42:00 AM,2,0,0,,N,140804,5,SIDESWIPE - SAME DIRECTION,21,CLEAR,1,DAYLIGHT,12,MOTOR VEHICLE IN TRANSPORT,MM 14 0 BRILEY,NASHVILLE,TN,37216,15920,EAST,36.2368,-86.7296,POINT (-86.7296 36.2368)
20190843364,11/21/2019 12:00:00 AM,2,0,0,,N,429205,5,SIDESWIPE - SAME DIRECTION,22,CLOUDY,1,DAYLIGHT,14,PARKED MOTOR VEHICLE,BROADWAY & 7TH AVN,NASHVILLE,TN,37203,4085,CENTRA,36.1592,-86.7814,POINT (-86.7814 36.1592)
20190722377,09/30/2019 08:11:00 PM,2,0,0,,N,200016,4,ANGLE,21,CLEAR,3,DARK - LIGHTED,12,MOTOR VEHICLE IN TRANSPORT,MM 84 8 I 65,NASHVILLE,TN,37208,43021,NORTH,36.1768,-86.8008,POINT (-86.8008 36.1768)
20190775798,10/23/2019 06:16:00 PM,3,1,0,,N,240983,11,Front to Rear,21,CLEAR,2,DARK - NOT LIGHTED,12;36,MOTOR VEHICLE IN TRANSPORT;CONCRETE TRAFFIC BARRIER,MM 58 1 I 24,ANTIOCH,TN,37013,88080,SOUTH,36.0572,-86.6767,POINT (-86.6767 36.0572)
20190600885,08/12/2019 04:18:00 PM,3,4,0,Y,N,151132,4,ANGLE,21,CLEAR,1,DAYLIGHT,12;47;63,MOTOR VEHICLE IN TRANSPORT;FIRE HYDRANT;Ran Off Road-Right,VAILVIEW DR & OAKVIEW DR,NASHVILLE,TN,37207,2005,MADISO,36.2398,-86.7664,POINT (-86.7664 36.2398)
20190819620,11/11/2019 04:49:00 PM,4,0,0,,Y,352168,5,SIDESWIPE - SAME DIRECTION,2,RAIN,5,DUSK,12;36,MOTOR VEHICLE IN TRANSPORT;CONCRETE TRAFFIC BARRIER,OLD HICKORY BLVD & SEVEN SPRINGS WAY PVT,BRENTWOOD,TN,37027,8623,MIDTOW,36.0406,-86.7711,POINT (-86.7711 36.0406)
20190855369,11/26/2019 03:58:00 PM,1,1,0,Y,N,206682,0,NOT COLLISION W/MOTOR VEHICLE-TRANSPORT,2,RAIN,1,DAYLIGHT,30,UTILITY POLE,CHEYENNE BLVD & NEELY MEADOWS PVTDR,MADISON,TN,37115,1633,MADISO,36.2569,-86.6772,POINT (-86.6772 36.2569)
20190845836,11/22/2019 10:45:00 AM,2,1,0,,N,279227,98,OTHER,2,RAIN,1,DAYLIGHT,12,MOTOR VEHICLE IN TRANSPORT,HARDING PL & AIRPARK CENTER DR,NASHVILLE,TN,37217,8841,SOUTH,36.0929,-86.6798,POINT (-86.6798 36.0929)
20190621319,08/20/2019 10:40:00 AM,2,0,0,,N,693093,5,SIDESWIPE - SAME DIRECTION,21,CLEAR,1,DAYLIGHT,12,MOTOR VEHICLE IN TRANSPORT,GALLATIN PKES & HARRINGTON AV,MADISON,TN,37115,1605,MADISO,36.2578,-86.7138,POINT (-86.7138 36.2578)
20190639906,08/27/2019 02:25:00 PM,1,0,0,Y,N,151132,0,NOT COLLISION W/MOTOR VEHICLE-TRANSPORT,22,CLOUDY,1,DAYLIGHT,18,OTHER OBJECT (NOT FIXED),GALLATIN PKES & LAKEWOOD DR,MADISON,TN,37115,1517,MADISO,36.2434,-86.7229,POINT (-86.7229 36.2434)
20190643012,08/28/2019 06:04:00 PM,4,0,0,,Y,151132,11,Front to Rear,21,CLEAR,1,DAYLIGHT,12,MOTOR VEHICLE IN TRANSPORT,OLD HICKORY BLVD & DALEMERE DR,NASHVILLE,TN,37207,2025,MADISO,36.2783,-86.7722,POINT (-86.7722 36.2783)
20190865204,12/01/2019 03:35:00 PM,2,1,0,,N,330435,4,ANGLE,21,CLEAR,1,DAYLIGHT,12,MOTOR VEHICLE IN TRANSPORT,DICKERSON PKE & HILLHURST DR,NASHVILLE,TN,37207,1811,EAST,36.2269,-86.7599,POINT (-86.7599 36.2269)
20190855586,11/26/2019 04:56:00 PM,2,0,0,,N,279208,11,Front to Rear,2,RAIN,5,DUSK,12,MOTOR VEHICLE IN TRANSPORT,18TH AVN & PATTERSON ST,NASHVILLE,TN,37203,5505,MIDTOW,36.1569,-86.799,POINT (-86.799 36.1569)
20190644348,08/29/2019 07:55:00 AM,3,1,0,,N,223502,4,ANGLE,21,CLEAR,1,DAYLIGHT,12,MOTOR VEHICLE IN TRANSPORT,STERLING BOONE DR & LUTIE ST,NASHVILLE,TN,37210,8329,SOUTH,36.1169,-86.7387,POINT (-86.7387 36.1169)
20190598508,08/11/2019 12:00:00 AM,2,1,0,,N,311333,4,ANGLE,21,CLEAR,1,DAYLIGHT,12,MOTOR VEHICLE IN TRANSPORT,HOBSON PKE & OLD HICKORY BLVD,ANTIOCH,TN,37013,8867,SOUTH,36.036,-86.611,POINT (-86.611 36.036)
20190634110,08/25/2019 12:30:00 AM,1,1,0,Y,N,256495,0,NOT COLLISION W/MOTOR VEHICLE-TRANSPORT,21,CLEAR,3,DARK - LIGHTED,30,UTILITY POLE,CHARLOTTE AV & 14TH AVN,NASHVILLE,TN,37203,5425,NORTH,36.1605,-86.7942,POINT (-86.7942 36.1605)
20190929626,12/30/2019 01:17:00 PM,3,0,0,,N,485261,4,ANGLE,21,CLEAR,1,DAYLIGHT,12,MOTOR VEHICLE IN TRANSPORT,2ND AVS & KOREAN VETERANS BLVD,NASHVILLE,TN,37201,4047,CENTRA,36.1576,-86.7724,POINT (-86.7724 36.1576)
20190824986,11/13/2019 06:07:00 PM,2,0,0,,Y,887598,5,SIDESWIPE - SAME DIRECTION,21,CLEAR,3,DARK - LIGHTED,12,MOTOR VEHICLE IN TRANSPORT,W TRINITY LN & I65 N ENT RAMP,NASHVILLE,TN,37207,1863,EAST,36.2063,-86.7735,POINT (-86.7735 36.2063)
20190816474,11/10/2019 06:03:00 AM,2,1,0,,N,151122,11,Front to Rear,21,CLEAR,4,DAWN,14,PARKED MOTOR VEHICLE,MM 55 2 I 24,NASHVILLE,TN,37211,8812,SOUTH,36.0923,-86.7049,POINT (-86.7049 36.0923)
20190848642,11/23/2019 02:50:00 PM,2,0,0,,N,320603,4,ANGLE,2,RAIN,1,DAYLIGHT,12,MOTOR VEHICLE IN TRANSPORT,US HWY 70 & ORLANDO AVE,NASHVILLE,TN,37209,5103,WEST,36.1507,-86.8557,POINT (-86.8557 36.1507)
20190701504,09/21/2019 10:15:00 PM,2,0,0,,Y,299274,11,Front to Rear,21,CLEAR,3,DARK - LIGHTED,12,MOTOR VEHICLE IN TRANSPORT,MM 211 6 I 40,NASHVILLE,TN,37210,82042,HERMIT,36.1508,-86.7502,POINT (-86.7502 36.1508)
20190601060,08/12/2019 04:00:00 PM,2,0,0,,Y,299253,11,Front to Rear,21,CLEAR,1,DAYLIGHT,12,MOTOR VEHICLE IN TRANSPORT,ELLINGTON PKWY N EXT RAMP & BROADMOOR DR,NASHVILLE,TN,37216,1843,EAST,36.2305,-86.7458,POINT (-86.7458 36.2305)
20190696740,09/19/2019 08:00:00 PM,2,1,0,,N,909486,11,Front to Rear,21,CLEAR,3,DARK - LIGHTED,12,MOTOR VEHICLE IN TRANSPORT,NOLENSVILLE PKE & YELTON CT,NASHVILLE,TN,37211,8435,SOUTH,36.0911,-86.7348,POINT (-86.7348 36.0911)
20190792004,10/30/2019 06:20:00 PM,3,0,0,,N,352184,11,Front to Rear,22,CLOUDY,3,DARK - LIGHTED,12,MOTOR VEHICLE IN TRANSPORT,MM 86 3 I 65,NASHVILLE,TN,37207,1910,CENTRA,36.1919,-86.7808,POINT (-86.7808 36.1919)
20190780549,10/25/2019 05:42:00 PM,2,1,0,,N,151132,2,HEAD-ON,2,RAIN,2,DARK - NOT LIGHTED,12,MOTOR VEHICLE IN TRANSPORT,UNION HILL RD & LICKTON PKE,GOODLETTSVILLE,TN,37072,2225,MADISO,36.3366,-86.7805,POINT (-86.7805 36.3366)
20190901191,12/16/2019 11:21:00 PM,1,0,0,Y,N,384439,0,NOT COLLISION W/MOTOR VEHICLE-TRANSPORT,2,RAIN,3,DARK - LIGHTED,31,"OTHER POST, POLE, SUPP.",HARDING PL & ANTIOCH PKE,NASHVILLE,TN,37211,8843,SOUTH,36.0878,-86.6914,POINT (-86.6914 36.0878)
20190925440,12/28/2019 09:50:00 AM,1,0,0,Y,N,348631,0,NOT COLLISION W/MOTOR VEHICLE-TRANSPORT,2,RAIN,1,DAYLIGHT,24,GUARDRAIL FACE,ELLINGTON PKWYN & ELLINGTON PKWY N ENT R,NASHVILLE,TN,37216,1821,EAST,36.2069,-86.7496,POINT (-86.7496 36.2069)
20190626831,08/22/2019 08:39:00 AM,2,1,0,,Y,224824,4,ANGLE,21,CLEAR,1,DAYLIGHT,12,MOTOR VEHICLE IN TRANSPORT,OLD HICKORY BLVD & CENTRAL PKE,HERMITAGE,TN,37076,9557,HERMIT,36.1676,-86.7787,POINT (-86.7787 36.1676)
20190704303,09/23/2019 09:22:00 AM,2,1,0,,N,226622,11,Front to Rear,22,CLOUDY,1,DAYLIGHT,12,MOTOR VEHICLE IN TRANSPORT,I40 W EXT RAMP & I 40,NASHVILLE,TN,37203,4119,CENTRA,36.1574,-86.79,POINT (-86.79 36.1574)
20190731795,10/04/2019 12:00:00 AM,2,1,0,,N,226827,11,Front to Rear,21,CLEAR,1,DAYLIGHT,12,MOTOR VEHICLE IN TRANSPORT,RIVERGATE PKWY & GALLATIN PKEN,MADISON,TN,37115,1731,MADISO,36.2969,-86.6992,POINT (-86.6992 36.2969)
20190931847,12/31/2019 12:15:00 PM,2,0,0,,N,525538,11,Front to Rear,21,CLEAR,1,DAYLIGHT,12,MOTOR VEHICLE IN TRANSPORT,WEST END AV & ACKLEN PARK DR,NASHVILLE,TN,37203,5627,MIDTOW,36.1409,-86.8174,POINT (-86.8174 36.1409)
20190729312,10/03/2019 03:46:00 PM,2,0,0,,N,299241,11,Front to Rear,21,CLEAR,1,DAYLIGHT,12,MOTOR VEHICLE IN TRANSPORT,SHUTE LN & OLD HICKORY BLVD,OLD HICKORY,TN,37138,9713,HERMIT,36.2323,-86.6247,POINT (-86.6247 36.2323)
20190709865,09/25/2019 12:09:00 PM,1,0,0,Y,N,384439,0,NOT COLLISION W/MOTOR VEHICLE-TRANSPORT,21,CLEAR,1,DAYLIGHT,18;25,OTHER OBJECT (NOT FIXED);GUARDRAIL END,MM 6 1 I 440,NASHVILLE,TN,37211,8106,MIDTOW,36.1221,-86.7542,POINT (-86.7542 36.1221)
20190783637,10/27/2019 10:20:00 AM,2,0,0,,N,352167,11,Front to Rear,22,CLOUDY,1,DAYLIGHT,12;14,MOTOR VEHICLE IN TRANSPORT;PARKED MOTOR VEHICLE,BARNES BEND DR & THISTLE DOWN LN,ANTIOCH,TN,37013,8759,SOUTH,36.0254,-86.6965,POINT (-86.6965 36.0254)
20190785838,10/28/2019 11:27:00 AM,3,0,0,,N,320586,5,SIDESWIPE - SAME DIRECTION,22,CLOUDY,1,DAYLIGHT,12,MOTOR VEHICLE IN TRANSPORT,MM 53 2 I 24,NASHVILLE,TN,37210,83020,SOUTH,36.116,-86.7253,POINT (-86.7253 36.116)
20190629878,08/23/2019 09:40:00 AM,2,0,0,,N,633381,5,SIDESWIPE - SAME DIRECTION,22,CLOUDY,1,DAYLIGHT,12,MOTOR VEHICLE IN TRANSPORT,CROSSINGS BLVD & CROSSINGS PL,ANTIOCH,TN,37013,8863,SOUTH,36.0897,-86.6881,POINT (-86.6881 36.0897)
20190895300,12/13/2019 10:33:00 PM,2,1,0,,N,299269,5,SIDESWIPE - SAME DIRECTION,2,RAIN,3,DARK - LIGHTED,12,MOTOR VEHICLE IN TRANSPORT,MM 86 5 I 65,NASHVILLE,TN,37207,3006,NORTH,36.1946,-86.7762,POINT (-86.7762 36.1946)
20190743416,10/09/2019 10:40:00 PM,2,0,0,,Y,279217,11,Front to Rear,21,CLEAR,3,DARK - LIGHTED,12,MOTOR VEHICLE IN TRANSPORT,CLARKSVILLE PKE & 26TH AVN,NASHVILLE,TN,37208,4421,NORTH,36.1864,-86.8188,POINT (-86.8188 36.1864)
20190851124,11/24/2019 10:00:00 PM,2,0,0,,N,209173,98,OTHER,21,CLEAR,3,DARK - LIGHTED,13,MOTOR VEHICLE IN TRANSPORT-OTHER ROADWAY,US HWY 70S & CONNECTING ROAD,NASHVILLE,TN,37205,6123,WEST,36.1037,-86.8695,POINT (-86.8695 36.1037)
20190595935,08/10/2019 03:50:00 PM,3,2,0,,N,161946,4,ANGLE,21,CLEAR,1,DAYLIGHT,12;13,MOTOR VEHICLE IN TRANSPORT;MOTOR VEHICLE IN TRANSPORT-OTHER ROADWAY,HART LN & DICKERSON PKE,NASHVILLE,TN,37207,1887,EAST,36.2217,-86.7617,POINT (-86.7617 36.2217)
20190789739,10/29/2019 08:25:00 PM,2,0,0,,N,887592,4,ANGLE,21,CLEAR,3,DARK - LIGHTED,12,MOTOR VEHICLE IN TRANSPORT,CHARLOTTE PKE & OLD CHARLOTTE PKE,NASHVILLE,TN,37209,5009,WEST,36.1318,-86.8958,POINT (-86.8958 36.1318)
20190721258,09/30/2019 12:33:00 PM,2,0,0,,Y,429185,5,SIDESWIPE - SAME DIRECTION,21,CLEAR,1,DAYLIGHT,14,PARKED MOTOR VEHICLE,4145 LEBANON PKE,HERMITAGE,TN,37076,9507,HERMIT,36.2011,-86.6176,POINT (-86.6176 36.2011)
20190911379,12/20/2019 10:50:00 PM,2,0,0,,Y,320590,2,HEAD-ON,21,CLEAR,3,DARK - LIGHTED,12,MOTOR VEHICLE IN TRANSPORT,W TRINITY LN & HAMPTON ST,NASHVILLE,TN,37207,3007,NORTH,36.2067,-86.7784,POINT (-86.7784 36.2067)
20190654917,09/02/2019 02:40:00 PM,2,1,0,,N,299257,11,Front to Rear,21,CLEAR,1,DAYLIGHT,12,MOTOR VEHICLE IN TRANSPORT,OLD POWELL AV & W IRIS DR,NASHVILLE,TN,37204,8527,MIDTOW,36.1123,-86.768,POINT (-86.768 36.1123)
20190665136,09/06/2019 05:30:00 PM,2,0,0,,N,179582,4,ANGLE,21,CLEAR,1,DAYLIGHT,12,MOTOR VEHICLE IN TRANSPORT,MURFREESBORO PKE & RURAL HILL RD,ANTIOCH,TN,37013,8861,SOUTH,36.0745,-86.6387,POINT (-86.6387 36.0745)
20190793524,10/31/2019 10:22:00 AM,2,0,0,,N,665896,4,ANGLE,22,CLOUDY,1,DAYLIGHT,12,MOTOR VEHICLE IN TRANSPORT,CAHAL AV & SCOTT AV,NASHVILLE,TN,37216,1431,EAST,36.1959,-86.7337,POINT (-86.7337 36.1959)
20190754795,10/14/2019 10:02:00 PM,2,0,0,,Y,166477,5,SIDESWIPE - SAME DIRECTION,21,CLEAR,3,DARK - LIGHTED,12,MOTOR VEHICLE IN TRANSPORT,OAK CHASE DR & OAK SPRINGS CT,ANTIOCH,TN,37013,8755,SOUTH,36.0326,-86.6767,POINT (-86.6767 36.0326)
20190898138,12/15/2019 10:15:00 AM,2,0,0,,N,525538,11,Front to Rear,21,CLEAR,1,DAYLIGHT,12,MOTOR VEHICLE IN TRANSPORT,20TH AVS & WEST END AV,NASHVILLE,TN,37203,5709,MIDTOW,36.1514,-86.7993,POINT (-86.7993 36.1514)
20190636762,08/26/2019 07:40:00 AM,2,0,0,,Y,352201,3,REAR-TO-REAR,2,RAIN,1,DAYLIGHT,12,MOTOR VEHICLE IN TRANSPORT,BELL RD & ELM HILL PKE,NASHVILLE,TN,37214,8995,HERMIT,36.1411,-86.628,POINT (-86.628 36.1411)
20190737322,10/07/2019 11:31:00 AM,2,0,0,,Y,109530,11,Front to Rear,22,CLOUDY,1,DAYLIGHT,12,MOTOR VEHICLE IN TRANSPORT,ALMOND ST & DEMONBREUN ST,NASHVILLE,TN,37201,4053,CENTRA,36.1589,-86.775,POINT (-86.775 36.1589)
20190758262,10/16/2019 06:29:00 AM,1,0,0,,N,633381,0,NOT COLLISION W/MOTOR VEHICLE-TRANSPORT,2,RAIN,3,DARK - LIGHTED,34,DITCH,J P HENNESSY DR & FIRESTONE PKWY,ANTIOCH,TN,37013,8869,SOUTH,36.0114,-86.6092,POINT (-86.6092 36.0114)
20190753707,10/14/2019 01:05:00 PM,2,2,0,,N,109495,4,ANGLE,21,CLEAR,1,DAYLIGHT,12,MOTOR VEHICLE IN TRANSPORT,4TH AVS & I40 E EXT RAMP,NASHVILLE,TN,37210,8153,SOUTH,36.1505,-86.7704,POINT (-86.7704 36.1505)
20190808603,11/06/2019 06:00:00 PM,3,0,0,,N,717341,4,ANGLE,21,CLEAR,3,DARK - LIGHTED,12,MOTOR VEHICLE IN TRANSPORT,ANTIOCH PKE & HARDING PL,NASHVILLE,TN,37211,8847,SOUTH,36.0874,-86.6922,POINT (-86.6922 36.0874)
20190846291,11/22/2019 02:20:00 PM,2,2,0,,N,140808,11,Front to Rear,22,CLOUDY,1,DAYLIGHT,12,MOTOR VEHICLE IN TRANSPORT,OLD HICKORY BLVD & I65 N ENT RAMP,BRENTWOOD,TN,37027,8619,MIDTOW,36.0401,-86.7807,POINT (-86.7807 36.0401)