Accident Number,Date and Time,Number of Motor Vehicles,Number of Injuries,Number of Fatalities,Property Damage,Hit and Run,Reporting Officer,Collision Type Code,Collision Type Description,Weather Code,Weather Description,Illumination Code,Illumination Description,Harmful Code,Harmful Code Description,Street Address,City,State,ZIP,RPA,Precinct,Latitude,Longitude,Mapped Location
20190632102,08/24/2019 03:00:00 AM,2,2,0,,N,209173,6,SIDESWIPE - OPPOSITE DIRECTION,21,CLEAR,2,DARK - NOT LIGHTED,12,MOTOR VEHICLE IN TRANSPORT,MM 202 0 I 40,NASHVILLE,TN,37209,46027,WEST,36.1401,-86.8875,POINT (-86.8875 36.1401)
20190724507,10/01/2019 12:00:00 AM,2,0,0,,N,279200,5,SIDESWIPE - SAME DIRECTION,21,CLEAR,3,DARK - LIGHTED,12,MOTOR VEHICLE IN TRANSPORT,8TH AVS & LAFAYETTE ST,NASHVILLE,TN,37203,4043,CENTRA,36.1546,-86.7792,POINT (-86.7792 36.1546)
20190616803,08/18/2019 08:24:00 PM,2,0,0,,N,311327,4,ANGLE,21,CLEAR,3,DARK - LIGHTED,12,MOTOR VEHICLE IN TRANSPORT,SHARPE AV & N 14TH ST,NASHVILLE,TN,37206,1319,EAST,36.1886,-86.7439,POINT (-86.7439 36.1886)
20190863991,11/30/2019 10:40:00 PM,2,0,0,,N,352193,5,SIDESWIPE - SAME DIRECTION,2,RAIN,3,DARK - LIGHTED,12,MOTOR VEHICLE IN TRANSPORT,MM 213 0 I 40,NASHVILLE,TN,37210,8219,HERMIT,36.1407,-86.7323,POINT (-86.7323 36.1407)
20190850441,11/24/2019 02:40:00 PM,2,0,0,,N,384408,5,SIDESWIPE - SAME DIRECTION,21,CLEAR,1,DAYLIGHT,12,MOTOR VEHICLE IN TRANSPORT,MM 212 0 I 40,NASHVILLE,TN,37210,90041,HERMIT,36.147,-86.7433,POINT (-86.7433 36.147)
20190712455,09/26/2019 12:05:00 PM,4,0,0,,Y,212318,5,SIDESWIPE - SAME DIRECTION,21,CLEAR,1,DAYLIGHT,14,PARKED MOTOR VEHICLE,FOREST ACRES DR & US HWY 31,NASHVILLE,TN,37220,7111,MIDTOW,36.064,-86.776,POINT (-86.776 36.064)
20190609475,08/15/2019 06:36:00 PM,1,1,0,,N,151132,0,NOT COLLISION W/MOTOR VEHICLE-TRANSPORT,21,CLEAR,1,DAYLIGHT,34;36;64,DITCH;CONCRETE TRAFFIC BARRIER;Ran Off Road-Left,BRILEY PKWYW & MOOREWOOD DR,NASHVILLE,TN,37207,20141,MADISO,36.2398,-86.773,POINT (-86.773 36.2398)
20190735942,10/06/2019 05:10:00 PM,1,1,0,,N,330443,0,NOT COLLISION W/MOTOR VEHICLE-TRANSPORT,22,CLOUDY,1,DAYLIGHT,36,CONCRETE TRAFFIC BARRIER,I65 N EXT RAMP & I 65,NASHVILLE,TN,37207,1863,EAST,36.2057,-86.7747,POINT (-86.7747 36.2057)
20190852904,11/25/2019 04:36:00 PM,3,0,0,,N,256389,11,Front to Rear,21,CLEAR,1,DAYLIGHT,12,MOTOR VEHICLE IN TRANSPORT,MM 79 5 I 65,NASHVILLE,TN,37204,70042,MIDTOW,36.106,-86.7678,POINT (-86.7678 36.106)
20190793122,10/31/2019 06:53:00 AM,2,0,0,,N,224575,4,ANGLE,2,RAIN,3,DARK - LIGHTED,12,MOTOR VEHICLE IN TRANSPORT,GLEN ECHO RD & BENHAM AV,NASHVILLE,TN,37215,6413,MIDTOW,36.1082,-86.8102,POINT (-86.8102 36.1082)
20190886359,12/10/2019 12:35:00 PM,2,0,0,,N,468160,4,ANGLE,21,CLEAR,1,DAYLIGHT,12,MOTOR VEHICLE IN TRANSPORT,CENTRAL PKE & OLD HICKORY BLVD,HERMITAGE,TN,37076,9557,HERMIT,36.1736,-86.6021,POINT (-86.6021 36.1736)
20190681806,09/13/2019 03:05:00 PM,2,2,0,,N,320577,4,ANGLE,21,CLEAR,1,DAYLIGHT,12,MOTOR VEHICLE IN TRANSPORT,4TH AVS & MCCANN ST,NASHVILLE,TN,37210,8153,SOUTH,36.1499,-86.77,POINT (-86.77 36.1499)
20190796838,11/01/2019 06:28:00 PM,2,0,0,,N,256386,11,Front to Rear,21,CLEAR,5,DUSK,12,MOTOR VEHICLE IN TRANSPORT,BELL RD & DODSON CHAPEL RD,HERMITAGE,TN,37076,9501,HERMIT,36.1632,-86.6131,POINT (-86.6131 36.1632)
20190682593,09/13/2019 08:45:00 PM,1,0,0,Y,N,226827,0,NOT COLLISION W/MOTOR VEHICLE-TRANSPORT,21,CLEAR,2,DARK - NOT LIGHTED,39,WALL,BELLSHIRE DR & TUCKAHOE DR,NASHVILLE,TN,37207,2021,MADISO,36.2605,-86.7627,POINT (-86.7627 36.2605)
20190742785,10/09/2019 05:16:00 PM,2,0,0,,Y,279211,11,Front to Rear,21,CLEAR,1,DAYLIGHT,12,MOTOR VEHICLE IN TRANSPORT,DICKERSON PKE & SKYLINE COMMONS PVTDR,NASHVILLE,TN,37207,2011,MADISO,36.2475,-86.7568,POINT (-86.7568 36.2475)
20190899420,12/16/2019 05:27:00 AM,2,1,0,,N,279203,2,HEAD-ON,2,RAIN,2,DARK - NOT LIGHTED,12,MOTOR VEHICLE IN TRANSPORT,CHARLOTTE AV & GEORGE L DAVIS BLVD,NASHVILLE,TN,37203,4205,CENTRA,36.1612,-86.7927,POINT (-86.7927 36.1612)
20190781985,10/26/2019 11:51:00 AM,2,0,0,,N,902543,4,ANGLE,2,RAIN,1,DAYLIGHT,12,MOTOR VEHICLE IN TRANSPORT,DICKERSON PKE & HILLHURST DR,NASHVILLE,TN,37207,1811,EAST,36.2269,-86.7599,POINT (-86.7599 36.2269)
20190650386,08/31/2019 12:00:00 AM,1,0,0,Y,N,279200,0,NOT COLLISION W/MOTOR VEHICLE-TRANSPORT,21,CLEAR,1,DAYLIGHT,30,UTILITY POLE,12TH AVN & 11TH AVN,NASHVILLE,TN,37208,5429,NORTH,36.1713,-86.7992,POINT (-86.7992 36.1713)
20190813438,11/08/2019 06:07:00 PM,2,0,0,,N,352172,11,Front to Rear,21,CLEAR,2,DARK - NOT LIGHTED,12,MOTOR VEHICLE IN TRANSPORT,MM 41 8 I 24,WHITES CREEK,TN,37189,3226,NORTH,36.2601,-86.7888,POINT (-86.7888 36.2601)
20190662703,09/05/2019 06:20:00 PM,2,1,0,,N,330440,4,ANGLE,21,CLEAR,1,DAYLIGHT,12,MOTOR VEHICLE IN TRANSPORT,CLARKSVILLE PKE & ROSA L PARKS BLVD,NASHVILLE,TN,37228,4483,NORTH,36.1889,-86.8231,POINT (-86.8231 36.1889)
20190775932,10/23/2019 06:55:00 PM,2,0,0,,N,151132,11,Front to Rear,21,CLEAR,3,DARK - LIGHTED,12,MOTOR VEHICLE IN TRANSPORT,MM 94 3 I 65,MADISON,TN,37115,17042,MADISO,36.2916,-86.7213,POINT (-86.7213 36.2916)
20190678073,09/12/2019 07:39:00 AM,2,0,0,,Y,179602,11,Front to Rear,21,CLEAR,1,DAYLIGHT,12,MOTOR VEHICLE IN TRANSPORT,MM 86 5 I 65,NASHVILLE,TN,37207,3006,NORTH,36.1946,-86.7762,POINT (-86.7762 36.1946)
20190641669,08/28/2019 06:59:00 AM,2,0,0,,N,342952,4,ANGLE,21,CLEAR,1,DAYLIGHT,12,MOTOR VEHICLE IN TRANSPORT,RURAL HILL RD & SMITH SPRINGS RD,NASHVILLE,TN,37217,8987,HERMIT,36.0896,-86.6221,POINT (-86.6221 36.0896)
20190682542,09/13/2019 08:36:00 PM,2,2,0,,Y,330445,4,ANGLE,21,CLEAR,3,DARK - LIGHTED,12,MOTOR VEHICLE IN TRANSPORT,WEDGEWOOD AV & MAGNOLIA BLVD,NASHVILLE,TN,37212,6619,MIDTOW,36.1366,-86.7952,POINT (-86.7952 36.1366)
20190905022,12/18/2019 08:39:00 AM,2,0,0,,N,384421,4,ANGLE,21,CLEAR,1,DAYLIGHT,12,MOTOR VEHICLE IN TRANSPORT,CAMERON ST & 3RD AVS,NASHVILLE,TN,37210,8153,SOUTH,36.1481,-86.7676,POINT (-86.7676 36.1481)
20190909736,12/20/2019 06:30:00 AM,2,0,0,,N,716877,11,Front to Rear,21,CLEAR,3,DARK - LIGHTED,12,MOTOR VEHICLE IN TRANSPORT,MM 57 3 I 24,ANTIOCH,TN,37013,88080,SOUTH,36.0663,-86.6861,POINT (-86.6861 36.0663)
20190781587,10/26/2019 05:38:00 AM,2,1,0,,N,279203,5,SIDESWIPE - SAME DIRECTION,2,RAIN,2,DARK - NOT LIGHTED,12,MOTOR VEHICLE IN TRANSPORT,MM 209 0 I 40,NASHVILLE,TN,37203,4104,CENTRA,36.1574,-86.7903,POINT (-86.7903 36.1574)
20190886088,12/10/2019 10:45:00 AM,2,0,0,,N,337277,4,ANGLE,22,CLOUDY,1,DAYLIGHT,12,MOTOR VEHICLE IN TRANSPORT,21ST AVN & CHURCH ST,NASHVILLE,TN,37203,5527,MIDTOW,36.152,-86.8024,POINT (-86.8024 36.152)
20190788279,10/29/2019 09:20:00 AM,2,0,0,,N,279230,11,Front to Rear,21,CLEAR,1,DAYLIGHT,12,MOTOR VEHICLE IN TRANSPORT,MURFREESBORO PKE & HAMILTON CHURCH RD,ANTIOCH,TN,37013,8865,SOUTH,36.0649,-86.6286,POINT (-86.6286 36.0649)
20190626899,08/22/2019 09:07:00 AM,2,0,0,,N,306231,4,ANGLE,22,CLOUDY,1,DAYLIGHT,12,MOTOR VEHICLE IN TRANSPORT,W TRINITY LN & WHITES CREEK PKE,NASHVILLE,TN,37207,3009,NORTH,36.207,-86.7916,POINT (-86.7916 36.207)
20190813414,11/08/2019 05:52:00 PM,2,0,0,,N,352161,5,SIDESWIPE - SAME DIRECTION,21,CLEAR,3,DARK - LIGHTED,12,MOTOR VEHICLE IN TRANSPORT,MM 208 4 I 40,NASHVILLE,TN,37203,54024,NORTH,36.165,-86.7943,POINT (-86.7943 36.165)
20190611759,08/16/2019 04:25:00 PM,2,2,0,,N,256386,6,SIDESWIPE - OPPOSITE DIRECTION,21,CLEAR,1,DAYLIGHT,12,MOTOR VEHICLE IN TRANSPORT,BRILEY PKWY & KERMIT DR,NASHVILLE,TN,37217,8998,HERMIT,36.1256,-86.6962,POINT (-86.6962 36.1256)
20190782774,10/26/2019 10:13:00 PM,2,0,0,,N,330431,11,Front to Rear,2,RAIN,3,DARK - LIGHTED,12,MOTOR VEHICLE IN TRANSPORT,MM 86 5 I 65,NASHVILLE,TN,37207,3006,NORTH,36.1946,-86.7762,POINT (-86.7762 36.1946)
20190914006,12/22/2019 10:00:00 AM,2,0,0,,N,109495,4,ANGLE,22,CLOUDY,1,DAYLIGHT,12,MOTOR VEHICLE IN TRANSPORT,NOLENSVILLE PKE & ROSEDALE AV,NASHVILLE,TN,37211,8043,MIDTOW,36.125,-86.7522,POINT (-86.7522 36.125)
20190774751,10/23/2019 08:30:00 AM,2,0,0,,N,109495,5,SIDESWIPE - SAME DIRECTION,21,CLEAR,1,DAYLIGHT,14,PARKED MOTOR VEHICLE,CLAYTON AV & BELMONT BLVD,NASHVILLE,TN,37212,6501,MIDTOW,36.1188,-86.7962,POINT (-86.7962 36.1188)
20190863949,11/30/2019 10:34:00 PM,2,0,0,,N,320584,11,Front to Rear,2,RAIN,2,DARK - NOT LIGHTED,12,MOTOR VEHICLE IN TRANSPORT,MM 57 6 I 24,ANTIOCH,TN,37013,87060,SOUTH,36.0629,-86.6829,POINT (-86.6829 36.0629)
20190609440,08/15/2019 05:25:00 PM,2,0,0,,N,256448,5,SIDESWIPE - SAME DIRECTION,21,CLEAR,1,DAYLIGHT,12,MOTOR VEHICLE IN TRANSPORT,LEBANON PKE & J B ESTILLE DR,NASHVILLE,TN,37214,9125,HERMIT,36.1687,-86.6669,POINT (-86.6669 36.1687)
20190603037,08/13/2019 10:55:00 AM,2,1,0,,N,414731,11,Front to Rear,21,CLEAR,1,DAYLIGHT,12,MOTOR VEHICLE IN TRANSPORT,NOLENSVILLE PKE & OLD HICKORY BLVD,NASHVILLE,TN,37211,8717,SOUTH,36.0454,-86.7133,POINT (-86.7133 36.0454)
20190896438,12/14/2019 01:15:00 PM,2,1,0,,N,109515,11,Front to Rear,22,CLOUDY,1,DAYLIGHT,12,MOTOR VEHICLE IN TRANSPORT,GALLATIN PKEN & RIVERGATE STATION PVTDR,MADISON,TN,37115,1721,MADISO,36.2949,-86.6998,POINT (-86.6998 36.2949)
20190871756,12/04/2019 06:37:00 AM,2,0,0,,Y,352179,5,SIDESWIPE - SAME DIRECTION,21,CLEAR,1,DAYLIGHT,12,MOTOR VEHICLE IN TRANSPORT,MM 90 1 I 65,MADISON,TN,37115,20022,MADISO,36.239,-86.7548,POINT (-86.7548 36.239)
20190855618,11/26/2019 05:55:00 PM,2,0,0,,N,179606,5,SIDESWIPE - SAME DIRECTION,2,RAIN,3,DARK - LIGHTED,12,MOTOR VEHICLE IN TRANSPORT,I440 E ENT RAMP & I 65,NASHVILLE,TN,37204,7018,MIDTOW,36.1138,-86.7719,POINT (-86.7719 36.1138)
20190886035,12/10/2019 10:19:00 AM,1,1,0,,N,420059,0,NOT COLLISION W/MOTOR VEHICLE-TRANSPORT,22,CLOUDY,1,DAYLIGHT,34,DITCH,TUSCULUM RD & TUSCULUM SQUARE DR,NASHVILLE,TN,37211,8659,MIDTOW,36.0589,-86.7167,POINT (-86.7167 36.0589)
20190813223,11/08/2019 04:33:00 PM,2,0,0,,N,330415,5,SIDESWIPE - SAME DIRECTION,21,CLEAR,1,DAYLIGHT,12,MOTOR VEHICLE IN TRANSPORT,0 8TH AVS,NASHVILLE,TN,37203,4043,CENTRA,36.1549,-86.7792,POINT (-86.7792 36.1549)
20190930238,12/30/2019 06:44:00 PM,2,0,0,,N,714641,5,SIDESWIPE - SAME DIRECTION,21,CLEAR,3,DARK - LIGHTED,12,MOTOR VEHICLE IN TRANSPORT,JAMES ROBERTSON PKWY & MAIN ST,NASHVILLE,TN,37213,1105,CENTRA,36.1713,-86.7694,POINT (-86.7694 36.1713)
20190770363,10/21/2019 02:25:00 PM,2,0,0,,N,384398,11,Front to Rear,2,RAIN,1,DAYLIGHT,12,MOTOR VEHICLE IN TRANSPORT,MT VIEW RD & HIGHLANDER DR,ANTIOCH,TN,37013,8861,SOUTH,36.055,-86.6623,POINT (-86.6623 36.055)
20190806045,11/05/2019 06:03:00 PM,2,0,0,,N,909486,11,Front to Rear,21,CLEAR,2,DARK - NOT LIGHTED,12,MOTOR VEHICLE IN TRANSPORT,KINGSBURY DR & HILLSBORO PKE,NASHVILLE,TN,,6205,WEST,,,
20190892058,12/12/2019 03:35:00 PM,2,1,0,,N,256412,4,ANGLE,21,CLEAR,1,DAYLIGHT,12,MOTOR VEHICLE IN TRANSPORT,WALLACE RD & RECOVERY RD,NASHVILLE,TN,37211,8701,SOUTH,36.0791,-86.7206,POINT (-86.7206 36.0791)
20190793046,10/31/2019 05:48:00 AM,2,0,0,,Y,330420,5,SIDESWIPE - SAME DIRECTION,2,RAIN,3,DARK - LIGHTED,12;36,MOTOR VEHICLE IN TRANSPORT;CONCRETE TRAFFIC BARRIER,BRILEY PKWYN & BRILEY PKWY N ENT RAMP,NASHVILLE,TN,37214,9203,HERMIT,36.1716,-86.6885,POINT (-86.6885 36.1716)
20190596729,08/10/2019 09:51:00 PM,2,2,0,,N,240955,4,ANGLE,21,CLEAR,3,DARK - LIGHTED,12,MOTOR VEHICLE IN TRANSPORT,HAMILTON CHURCH RD & OWENDALE DR,ANTIOCH,TN,37013,8927,SOUTH,36.0648,-86.6221,POINT (-86.6221 36.0648)
20190613647,08/17/2019 10:38:00 AM,1,0,0,,N,279110,0,NOT COLLISION W/MOTOR VEHICLE-TRANSPORT,21,CLEAR,1,DAYLIGHT,36,CONCRETE TRAFFIC BARRIER,I24 W EXT RAMP & I 24,NASHVILLE,TN,37211,8829,SOUTH,36.1074,-86.7197,POINT (-86.7197 36.1074)
20190838101,11/19/2019 11:55:00 AM,2,0,0,,N,462474,5,SIDESWIPE - SAME DIRECTION,21,CLEAR,1,DAYLIGHT,12,MOTOR VEHICLE IN TRANSPORT,US HWY 70S & 15TH AVE N,NASHVILLE,TN,37203,5701,MIDTOW,36.1552,-86.7906,POINT (-86.7906 36.1552)
20190777169,10/24/2019 09:10:00 AM,2,0,0,,N,693093,11,Front to Rear,21,CLEAR,1,DAYLIGHT,12,MOTOR VEHICLE IN TRANSPORT,OLD HICKORY BLVD & BRICK CHURCH PKE,WHITES CREEK,TN,37189,2015,MADISO,36.2796,-86.7836,POINT (-86.7836 36.2796)
20190623701,08/21/2019 06:50:00 AM,2,0,0,,N,352178,11,Front to Rear,21,CLEAR,1,DAYLIGHT,12,MOTOR VEHICLE IN TRANSPORT,MM 36 0 I 24,WHITES CREEK,TN,37189,33180,NORTH,36.3201,-86.8502,POINT (-86.8502 36.3201)
20190781108,10/25/2019 09:15:00 PM,2,0,0,,N,330414,11,Front to Rear,2,RAIN,3,DARK - LIGHTED,12,MOTOR VEHICLE IN TRANSPORT,E PALESTINE AVE & US HWY 31E,MADISON,TN,37115,1507,MADISO,36.2494,-86.7194,POINT (-86.7194 36.2494)
20190733963,10/05/2019 11:19:00 AM,2,0,0,,N,320581,5,SIDESWIPE - SAME DIRECTION,21,CLEAR,1,DAYLIGHT,12,MOTOR VEHICLE IN TRANSPORT,CASS ST & 10TH AVN,NASHVILLE,TN,37208,4441,NORTH,36.1864,-86.805,POINT (-86.805 36.1864)
20190616265,08/18/2019 02:57:00 PM,1,2,0,Y,N,306708,0,NOT COLLISION W/MOTOR VEHICLE-TRANSPORT,21,CLEAR,1,DAYLIGHT,40,MAIL BOX,DALEMERE DR & STATE HWY 45,NASHVILLE,TN,37207,2133,MADISO,36.2789,-86.771,POINT (-86.771 36.2789)
20190651224,08/31/2019 10:35:00 PM,1,1,0,,N,311340,0,NOT COLLISION W/MOTOR VEHICLE-TRANSPORT,21,CLEAR,3,DARK - LIGHTED,8,PEDESTRIAN,21ST AVS & BELCOURT AV,NASHVILLE,TN,37212,6607,MIDTOW,36.1367,-86.8009,POINT (-86.8009 36.1367)
20190727489,10/02/2019 11:24:00 PM,1,2,0,,N,212334,0,NOT COLLISION W/MOTOR VEHICLE-TRANSPORT,21,CLEAR,2,DARK - NOT LIGHTED,42,TREE,BLUE BERRY HILL RD & OLD HICKORY BLVD,ASHLAND CITY,TN,37015,3343,NORTH,36.2558,-86.8948,POINT (-86.8948 36.2558)
20190759461,10/16/2019 04:45:00 PM,2,0,0,,N,151132,11,Front to Rear,21,CLEAR,1,DAYLIGHT,12,MOTOR VEHICLE IN TRANSPORT,MM 94 0 I 65,GOODLETTSVILLE,TN,37072,17061,MADISO,36.2879,-86.7259,POINT (-86.7259 36.2879)
20190700999,09/21/2019 05:20:00 PM,3,0,0,,Y,384394,11,Front to Rear,21,CLEAR,1,DAYLIGHT,12,MOTOR VEHICLE IN TRANSPORT,HARDING PL & HUMBER DR,NASHVILLE,TN,37211,8705,SOUTH,36.081,-86.7158,POINT (-86.7158 36.081)
20190741765,10/09/2019 07:53:00 AM,2,0,0,,N,384439,11,Front to Rear,21,CLEAR,1,DAYLIGHT,12,MOTOR VEHICLE IN TRANSPORT,CRAIGHEAD ST & OCEANSIDE DR,NASHVILLE,TN,37204,8033,MIDTOW,36.1263,-86.7713,POINT (-86.7713 36.1263)
20190888547,12/11/2019 08:25:00 AM,2,0,0,,N,474557,5,SIDESWIPE - SAME DIRECTION,21,CLEAR,1,DAYLIGHT,12,MOTOR VEHICLE IN TRANSPORT,ANTIOCH PKE & FRANKLIN LIMESTONE RD,ANTIOCH,TN,37013,8899,SOUTH,36.0804,-86.6857,POINT (-86.6857 36.0804)
20190784034,10/27/2019 04:01:00 PM,2,0,0,,N,320585,11,Front to Rear,21,CLEAR,1,DAYLIGHT,12,MOTOR VEHICLE IN TRANSPORT,MM 53 7 I 24,NASHVILLE,TN,37211,88122,SOUTH,36.1097,-86.7216,POINT (-86.7216 36.1097)
20190900096,12/16/2019 11:45:00 AM,2,0,0,,N,665896,4,ANGLE,2,RAIN,1,DAYLIGHT,12,MOTOR VEHICLE IN TRANSPORT,CHESTER AV & GALLATIN AV,NASHVILLE,TN,37206,1363,EAST,36.195,-86.7432,POINT (-86.7432 36.195)
20190651568,09/01/2019 12:45:00 AM,2,0,0,,Y,256492,5,SIDESWIPE - SAME DIRECTION,21,CLEAR,3,DARK - LIGHTED,12,MOTOR VEHICLE IN TRANSPORT,3RD AVS & BROADWAY,NASHVILLE,TN,37201,4105,CENTRA,36.1615,-86.776,POINT (-86.776 36.1615)
20190603393,08/13/2019 01:30:00 PM,2,0,0,,N,594473,11,Front to Rear,21,CLEAR,1,DAYLIGHT,12,MOTOR VEHICLE IN TRANSPORT,MM 4 3 I 440,NASHVILLE,TN,37204,7014,MIDTOW,36.1159,-86.783,POINT (-86.783 36.1159)
20190802768,11/04/2019 01:50:00 PM,2,0,0,,Y,352161,11,Front to Rear,21,CLEAR,1,DAYLIGHT,12,MOTOR VEHICLE IN TRANSPORT,SCOVEL ST & DR D B TODD JR BLVD,NASHVILLE,TN,37208,4475,NORTH,36.1705,-86.807,POINT (-86.807 36.1705)
20190617962,08/19/2019 08:25:00 AM,2,0,0,,Y,352214,11,Front to Rear,21,CLEAR,1,DAYLIGHT,12,MOTOR VEHICLE IN TRANSPORT,MM 207 8 I 40,NASHVILLE,TN,37208,54021,NORTH,36.1721,-86.8004,POINT (-86.8004 36.1721)
20190669548,09/08/2019 12:00:00 AM,1,0,0,,Y,332298,0,NOT COLLISION W/MOTOR VEHICLE-TRANSPORT,21,CLEAR,2,DARK - NOT LIGHTED,41,SHRUBBERY,5600 HICKORY SPRINGS RD,NASHVILLE,TN,37215,6305,MIDTOW,36.0452,-86.8212,POINT (-86.8212 36.0452)
20190796680,11/01/2019 05:10:00 PM,2,0,0,,N,330428,5,SIDESWIPE - SAME DIRECTION,21,CLEAR,1,DAYLIGHT,12,MOTOR VEHICLE IN TRANSPORT,I40 W EXT RAMP & I 40,NASHVILLE,TN,37203,4119,CENTRA,36.1574,-86.79,POINT (-86.79 36.1574)
20190843783,11/21/2019 01:55:00 PM,1,0,0,Y,N,256412,0,NOT COLLISION W/MOTOR VEHICLE-TRANSPORT,21,CLEAR,1,DAYLIGHT,19,BUILDING,REISCHA SUE CIR & REISCHA DR,NASHVILLE,TN,37211,8441,SOUTH,36.0877,-86.7047,POINT (-86.7047 36.0877)
20190657392,09/03/2019 11:23:00 AM,2,0,0,,N,256380,4,ANGLE,21,CLEAR,1,DAYLIGHT,14,PARKED MOTOR VEHICLE,14TH AVN & CLINTON ST,NASHVILLE,TN,37203,5423,NORTH,36.1641,-86.7968,POINT (-86.7968 36.1641)
20190885758,12/10/2019 08:10:00 AM,2,1,0,,N,191578,4,ANGLE,4,SNOW,1,DAYLIGHT,12,MOTOR VEHICLE IN TRANSPORT,GREEN ST & CHARLES E DAVIS BLVD,NASHVILLE,TN,37210,8205,HERMIT,36.1532,-86.7618,POINT (-86.7618 36.1532)
20190679337,09/12/2019 05:30:00 PM,2,0,0,,N,256426,5,SIDESWIPE - SAME DIRECTION,21,CLEAR,1,DAYLIGHT,12,MOTOR VEHICLE IN TRANSPORT,LEBANON PKE & THE CROSSINGS PVTDR,NASHVILLE,TN,37214,9121,HERMIT,36.169,-86.6833,POINT (-86.6833 36.169)
20190875026,12/05/2019 12:20:00 PM,2,0,0,,N,279227,5,SIDESWIPE - SAME DIRECTION,21,CLEAR,1,DAYLIGHT,12,MOTOR VEHICLE IN TRANSPORT,BELL RD & I24 W EXT RAMP,ANTIOCH,TN,37013,8859,SOUTH,36.0457,-86.6583,POINT (-86.6583 36.0457)
20190846474,11/22/2019 03:53:00 PM,2,0,0,,N,330444,11,Front to Rear,22,CLOUDY,1,DAYLIGHT,12,MOTOR VEHICLE IN TRANSPORT,ELLISTON PL & REIDHURST AVE,NASHVILLE,TN,37203,5615,MIDTOW,36.1481,-86.8077,POINT (-86.8077 36.1481)
20190622245,08/20/2019 05:03:00 PM,2,0,0,,N,169425,4,ANGLE,21,CLEAR,1,DAYLIGHT,12,MOTOR VEHICLE IN TRANSPORT,32ND AVS & WEST END AV,NASHVILLE,TN,37212,5817,MIDTOW,36.142,-86.8162,POINT (-86.8162 36.142)
20190908436,12/19/2019 04:50:00 PM,2,0,0,,N,184158,11,Front to Rear,21,CLEAR,1,DAYLIGHT,12,MOTOR VEHICLE IN TRANSPORT,GALLATIN PKE & E TRINITY LN,NASHVILLE,TN,37216,1837,EAST,36.205,-86.7376,POINT (-86.7376 36.205)
20190727103,10/02/2019 12:00:00 AM,2,0,0,,Y,267831,5,SIDESWIPE - SAME DIRECTION,21,CLEAR,1,DAYLIGHT,14;60,PARKED MOTOR VEHICLE;Cargo Equip Loss/Shift,NEVADA AV & 40TH AVN,NASHVILLE,TN,37209,5233,WEST,36.1493,-86.8333,POINT (-86.8333 36.1493)
20190603669,08/13/2019 03:45:00 PM,3,0,0,,Y,717341,11,Front to Rear,2,RAIN,1,DAYLIGHT,12,MOTOR VEHICLE IN TRANSPORT,MM 55 2 I 24,NASHVILLE,TN,37211,8812,SOUTH,36.0923,-86.7049,POINT (-86.7049 36.0923)
20190719829,09/29/2019 05:14:00 PM,2,0,0,,N,197054,5,SIDESWIPE - SAME DIRECTION,21,CLEAR,1,DAYLIGHT,12,MOTOR VEHICLE IN TRANSPORT,BRILEY PKWY & I40 E ENT RAMP,NASHVILLE,TN,37217,88940,HERMIT,36.1398,-86.7003,POINT (-86.7003 36.1398)
20190645493,08/29/2019 04:56:00 PM,2,0,0,,N,419972,5,SIDESWIPE - SAME DIRECTION,21,CLEAR,1,DAYLIGHT,12,MOTOR VEHICLE IN TRANSPORT,WILSON BLVDN & WEST END AV,NASHVILLE,TN,37205,5211,WEST,36.1322,-86.8338,POINT (-86.8338 36.1322)
20190790986,10/30/2019 08:48:00 AM,2,0,0,,N,653629,11,Front to Rear,2,RAIN,1,DAYLIGHT,12,MOTOR VEHICLE IN TRANSPORT,ANDREW JACKSON PKWY & ALBANY DR,HERMITAGE,TN,37076,9509,HERMIT,36.2103,-86.6006,POINT (-86.6006 36.2103)
20190841330,11/20/2019 03:05:00 PM,2,0,0,,N,909486,2,HEAD-ON,21,CLEAR,1,DAYLIGHT,12,MOTOR VEHICLE IN TRANSPORT,OTTER CREEK RD & GRANNY WHITE PKE,NASHVILLE,TN,37220,7111,MIDTOW,36.0656,-86.8127,POINT (-86.8127 36.0656)
20190739965,10/08/2019 02:13:00 PM,2,0,0,,N,405447,5,SIDESWIPE - SAME DIRECTION,21,CLEAR,1,DAYLIGHT,12,MOTOR VEHICLE IN TRANSPORT,MM 74 9 I 65,NASHVILLE,TN,37220,71040,MIDTOW,36.0438,-86.7814,POINT (-86.7814 36.0438)
20190791258,10/30/2019 11:36:00 AM,1,0,0,,Y,676834,0,NOT COLLISION W/MOTOR VEHICLE-TRANSPORT,2,RAIN,1,DAYLIGHT,23,BRIDGE RAIL,MM 86 2 I 65,NASHVILLE,TN,37207,1910,CENTRA,36.1919,-86.7812,POINT (-86.7812 36.1919)
20190685940,09/15/2019 03:07:00 PM,1,1,0,,N,320580,0,NOT COLLISION W/MOTOR VEHICLE-TRANSPORT,21,CLEAR,1,DAYLIGHT,55;8,Motor Vehicle-In-Motion Outside Trafficw;PEDESTRIAN,LEBANON PKE & ANDREW JACKSON PKWY,HERMITAGE,TN,37076,9537,HERMIT,36.2151,-86.5962,POINT (-86.5962 36.2151)