Accident Number,Date and Time,Number of Motor Vehicles,Number of Injuries,Number of Fatalities,Property Damage,Hit and Run,Reporting Officer,Collision Type Code,Collision Type Description,Weather Code,Weather Description,Illumination Code,Illumination Description,Harmful Code,Harmful Code Description,Street Address,City,State,ZIP,RPA,Precinct,Latitude,Longitude,Mapped Location
20190625024,08/21/2019 04:44:00 PM,3,0,0,,N,197047,11,Front to Rear,21,CLEAR,1,DAYLIGHT,12,MOTOR VEHICLE IN TRANSPORT,CAHAL AV & SCOTT AV,NASHVILLE,TN,37216,1431,EAST,36.1959,-86.7337,POINT (-86.7337 36.1959)
20190809975,11/07/2019 08:20:00 AM,2,0,0,,N,665896,5,SIDESWIPE - SAME DIRECTION,2,RAIN,1,DAYLIGHT,12,MOTOR VEHICLE IN TRANSPORT,STRATFORD AV & KENNEDY AV,NASHVILLE,TN,37216,1443,EAST,36.2132,-86.7217,POINT (-86.7217 36.2132)
20190851246,11/24/2019 11:30:00 PM,2,0,0,,N,330411,4,ANGLE,21,CLEAR,3,DARK - LIGHTED,12,MOTOR VEHICLE IN TRANSPORT,CLARKSVILLE PIKE & 26TH AVE N,NASHVILLE,TN,37208,4429,NORTH,36.1864,-86.8188,POINT (-86.8188 36.1864)
20190625186,08/21/2019 05:35:00 PM,2,0,0,,N,256427,5,SIDESWIPE - SAME DIRECTION,21,CLEAR,1,DAYLIGHT,12,MOTOR VEHICLE IN TRANSPORT,HERMITAGE AV & KEITH ST,NASHVILLE,TN,37210,9003,HERMIT,36.1534,-86.7512,POINT (-86.7512 36.1534)
20190772620,10/22/2019 12:49:00 PM,2,1,0,,N,184870,11,Front to Rear,21,CLEAR,1,DAYLIGHT,12,MOTOR VEHICLE IN TRANSPORT,I440 E ENT RAMP & I 440,NASHVILLE,TN,37215,6419,MIDTOW,36.1216,-86.8066,POINT (-86.8066 36.1216)
20190660335,09/04/2019 06:13:00 PM,2,0,0,,Y,179606,4,ANGLE,21,CLEAR,1,DAYLIGHT,12,MOTOR VEHICLE IN TRANSPORT,BRANSFORD AV & CRAIGHEAD ST,NASHVILLE,TN,37203,8023,MIDTOW,36.128,-86.767,POINT (-86.767 36.128)
20190920035,12/25/2019 02:27:00 PM,1,0,0,Y,Y,256446,0,NOT COLLISION W/MOTOR VEHICLE-TRANSPORT,21,CLEAR,1,DAYLIGHT,39,WALL,CANE RIDGE RD & OLD HICKORY BLVD,ANTIOCH,TN,37013,8763,SOUTH,36.0056,-86.64,POINT (-86.64 36.0056)
20190622508,08/20/2019 06:06:00 PM,2,0,0,,N,279225,16,Rear to Side,21,CLEAR,1,DAYLIGHT,12,MOTOR VEHICLE IN TRANSPORT,TIMBERWAY DR & TIMBERWAY CIR,NASHVILLE,TN,37214,8991,HERMIT,36.1376,-86.6399,POINT (-86.6399 36.1376)
20190704127,09/23/2019 08:02:00 AM,2,0,0,Y,N,474557,5,SIDESWIPE - SAME DIRECTION,22,CLOUDY,1,DAYLIGHT,12,MOTOR VEHICLE IN TRANSPORT,KEELEY DR & LUKER LN,ANTIOCH,TN,37013,8713,SOUTH,36.0572,-86.6933,POINT (-86.6933 36.0572)
20190853097,11/25/2019 06:16:00 PM,3,0,0,,N,384446,11,Front to Rear,21,CLEAR,3,DARK - LIGHTED,12,MOTOR VEHICLE IN TRANSPORT,HIGHWAY 100 & NATCHEZ TRACE PKWY EXT RAM,NASHVILLE,TN,37221,4805,WEST,36.0346,-86.9729,POINT (-86.9729 36.0346)
20190620819,08/20/2019 07:23:00 AM,2,0,0,,N,676834,4,ANGLE,21,CLEAR,1,DAYLIGHT,12,MOTOR VEHICLE IN TRANSPORT,CLARKSVILLE PKE & STEVENS LN,NASHVILLE,TN,37218,3219,NORTH,36.2388,-86.8307,POINT (-86.8307 36.2388)
20190881349,12/08/2019 09:30:00 AM,2,0,0,,N,320575,16,Rear to Side,21,CLEAR,1,DAYLIGHT,12,MOTOR VEHICLE IN TRANSPORT,LUKER LN & KEELEY DR,ANTIOCH,TN,37013,8713,SOUTH,36.057,-86.6933,POINT (-86.6933 36.057)
20190904018,12/18/2019 01:05:00 AM,2,0,0,,N,352209,11,Front to Rear,21,CLEAR,3,DARK - LIGHTED,14,PARKED MOTOR VEHICLE,TAYLOR ST & 2ND AVN,NASHVILLE,TN,37208,4319,CENTRA,36.1797,-86.7864,POINT (-86.7864 36.1797)
20190759134,10/16/2019 02:00:00 PM,2,1,0,,N,384444,11,Front to Rear,21,CLEAR,1,DAYLIGHT,12,MOTOR VEHICLE IN TRANSPORT,OLD HICKORY BLVD & BELLEVUE RD,NASHVILLE,TN,37221,4819,WEST,36.0631,-86.9169,POINT (-86.9169 36.0631)
20190650376,08/31/2019 02:25:00 PM,2,1,0,,N,109495,5,SIDESWIPE - SAME DIRECTION,21,CLEAR,1,DAYLIGHT,12,MOTOR VEHICLE IN TRANSPORT,WEDGEWOOD AV & BEECH AV,NASHVILLE,TN,37204,6919,MIDTOW,36.1343,-86.7806,POINT (-86.7806 36.1343)
20190764043,10/18/2019 12:39:00 PM,2,0,0,,N,594473,5,SIDESWIPE - SAME DIRECTION,21,CLEAR,1,DAYLIGHT,12,MOTOR VEHICLE IN TRANSPORT,14TH AVN & BROADWAY,NASHVILLE,TN,37203,5701,MIDTOW,36.1557,-86.7897,POINT (-86.7897 36.1557)
20190886641,12/10/2019 03:04:00 PM,2,0,0,,Y,256417,11,Front to Rear,21,CLEAR,1,DAYLIGHT,12,MOTOR VEHICLE IN TRANSPORT,ANDREW JACKSON PKWY & ALBANY DR,HERMITAGE,TN,37076,9509,HERMIT,36.2103,-86.6006,POINT (-86.6006 36.2103)
20190660745,09/04/2019 11:03:00 PM,2,0,0,,N,384419,5,SIDESWIPE - SAME DIRECTION,21,CLEAR,3,DARK - LIGHTED,12,MOTOR VEHICLE IN TRANSPORT,3RD AVS & DEMONBREUN ST,NASHVILLE,TN,37201,4065,CENTRA,36.16,-86.7747,POINT (-86.7747 36.16)
20190654644,09/02/2019 11:07:00 AM,2,0,0,,N,755026,11,Front to Rear,21,CLEAR,1,DAYLIGHT,12,MOTOR VEHICLE IN TRANSPORT,BOWWOOD CT & MURFREESBORO PKE,NASHVILLE,TN,37217,8811,SOUTH,36.1256,-86.7098,POINT (-86.7098 36.1256)
20190845686,11/22/2019 09:34:00 AM,2,0,0,,N,384442,4,ANGLE,2,RAIN,1,DAYLIGHT,12,MOTOR VEHICLE IN TRANSPORT,GRAYBAR LN & LEALAND LN,NASHVILLE,TN,37204,7007,MIDTOW,36.1085,-86.7882,POINT (-86.7882 36.1085)
20190668038,09/07/2019 12:43:00 AM,2,0,0,,Y,173951,4,ANGLE,21,CLEAR,3,DARK - LIGHTED,12;13,MOTOR VEHICLE IN TRANSPORT;MOTOR VEHICLE IN TRANSPORT-OTHER ROADWAY,WARRIOR RD & LARKIN SPRINGS RD,MADISON,TN,37115,1635,MADISO,36.2594,-86.6849,POINT (-86.6849 36.2594)
20190812913,11/08/2019 12:55:00 PM,2,0,0,,N,179602,5,SIDESWIPE - SAME DIRECTION,21,CLEAR,1,DAYLIGHT,12,MOTOR VEHICLE IN TRANSPORT,MM 87 0 I 65,NASHVILLE,TN,37207,18020,EAST,36.2018,-86.7766,POINT (-86.7766 36.2018)
20190895099,12/13/2019 08:48:00 PM,2,0,0,,N,279124,11,Front to Rear,2,RAIN,3,DARK - LIGHTED,12,MOTOR VEHICLE IN TRANSPORT,OLD HICKORY BLVD & HOBSON PKE,ANTIOCH,TN,37013,8867,SOUTH,36.0415,-86.6052,POINT (-86.6052 36.0415)
20190616867,08/18/2019 09:25:00 PM,1,0,0,Y,N,279116,0,NOT COLLISION W/MOTOR VEHICLE-TRANSPORT,21,CLEAR,3,DARK - LIGHTED,25;36,GUARDRAIL END;CONCRETE TRAFFIC BARRIER,I65 N ENT RAMP & I 65,NASHVILLE,TN,37207,1829,EAST,36.209,-86.7759,POINT (-86.7759 36.209)
20190766548,10/19/2019 04:20:00 PM,3,0,0,,N,256427,11,Front to Rear,22,CLOUDY,1,DAYLIGHT,12,MOTOR VEHICLE IN TRANSPORT,MM 213 0 I 40,NASHVILLE,TN,37210,8219,HERMIT,36.1407,-86.7323,POINT (-86.7323 36.1407)
20190673953,09/10/2019 05:58:00 PM,2,0,0,,N,151132,11,Front to Rear,2,RAIN,1,DAYLIGHT,12,MOTOR VEHICLE IN TRANSPORT,MYATT DR & MYATT CENTER LN,MADISON,TN,37115,1715,MADISO,36.2468,-86.6694,POINT (-86.6694 36.2468)
20190748073,10/11/2019 07:15:00 PM,2,0,0,,N,807319,11,Front to Rear,2,RAIN,3,DARK - LIGHTED,14,PARKED MOTOR VEHICLE,JUNIOR GILLIAM WAY & 3RD AVN,NASHVILLE,TN,37201,4215,CENTRA,36.174,-86.7841,POINT (-86.7841 36.174)
20190763757,10/18/2019 09:33:00 AM,2,1,0,,N,384439,4,ANGLE,21,CLEAR,1,DAYLIGHT,12,MOTOR VEHICLE IN TRANSPORT,MONTROSE AV & 10TH AVS,NASHVILLE,TN,37204,6927,MIDTOW,36.1234,-86.7864,POINT (-86.7864 36.1234)
20190782156,10/26/2019 02:40:00 PM,2,0,0,,N,905011,11,Front to Rear,2,RAIN,1,DAYLIGHT,12,MOTOR VEHICLE IN TRANSPORT,DR DB TODD JR BLVD & JEFFERSON ST,NASHVILLE,TN,37208,5409,NORTH,36.1695,-86.8066,POINT (-86.8066 36.1695)
20190928669,12/29/2019 10:30:00 PM,2,0,0,,Y,200016,11,Front to Rear,21,CLEAR,3,DARK - LIGHTED,12,MOTOR VEHICLE IN TRANSPORT,I 40 & UNKNOWN RAMP,NASHVILLE,TN,37210,9041,HERMIT,36.144,-86.7013,POINT (-86.7013 36.144)
20190693389,09/18/2019 02:12:00 PM,2,0,0,,Y,134899,5,SIDESWIPE - SAME DIRECTION,21,CLEAR,1,DAYLIGHT,12,MOTOR VEHICLE IN TRANSPORT,ATLANTA DR & CONCORD DR,HERMITAGE,TN,37076,9537,HERMIT,36.2065,-86.5932,POINT (-86.5932 36.2065)
20190647265,08/28/2019 09:30:00 AM,2,0,0,,N,224437,4,ANGLE,21,CLEAR,1,DAYLIGHT,12;14,MOTOR VEHICLE IN TRANSPORT;PARKED MOTOR VEHICLE,LEONARD AV & WEST END AV,NASHVILLE,TN,37205,6009,WEST,36.1329,-86.8293,POINT (-86.8293 36.1329)
20190662113,09/05/2019 01:19:00 PM,2,1,0,,N,693102,11,Front to Rear,21,CLEAR,1,DAYLIGHT,12,MOTOR VEHICLE IN TRANSPORT,BELL RD & MURFREESBORO PKE,ANTIOCH,TN,37013,8979,SOUTH,36.0729,-86.6357,POINT (-86.6357 36.0729)
20190725551,10/02/2019 05:27:00 AM,2,1,0,,N,311343,2,HEAD-ON,21,CLEAR,3,DARK - LIGHTED,12,MOTOR VEHICLE IN TRANSPORT,THOMPSON LN & SIDCO DR,NASHVILLE,TN,37204,8525,MIDTOW,36.1112,-86.7559,POINT (-86.7559 36.1112)
20190647872,08/30/2019 02:49:00 PM,2,1,0,,N,320599,11,Front to Rear,21,CLEAR,1,DAYLIGHT,12,MOTOR VEHICLE IN TRANSPORT,OLD HICKORY BLVD & GRANWOOD BLVD,OLD HICKORY,TN,37138,9617,HERMIT,36.2192,-86.6243,POINT (-86.6243 36.2192)
20190932750,12/31/2019 09:29:00 PM,2,0,0,,Y,256446,11,Front to Rear,21,CLEAR,3,DARK - LIGHTED,12,MOTOR VEHICLE IN TRANSPORT,MM 61 4 I 24,ANTIOCH,TN,37013,87040,SOUTH,36.0259,-86.6335,POINT (-86.6335 36.0259)
20190799350,11/02/2019 11:27:00 PM,1,1,0,,N,311343,0,NOT COLLISION W/MOTOR VEHICLE-TRANSPORT,21,CLEAR,2,DARK - NOT LIGHTED,24,GUARDRAIL FACE,MM 5 3 I 440,NASHVILLE,TN,37204,81061,MIDTOW,36.1194,-86.7669,POINT (-86.7669 36.1194)
20190633970,08/24/2019 10:45:00 PM,1,0,0,Y,N,330438,0,NOT COLLISION W/MOTOR VEHICLE-TRANSPORT,21,CLEAR,3,DARK - LIGHTED,40,MAIL BOX,TULIP GROVE RD & OLD LEBANON DIRT RD,HERMITAGE,TN,37076,9513,HERMIT,36.1886,-86.5933,POINT (-86.5933 36.1886)
20190615763,08/18/2019 08:14:00 AM,1,0,0,,N,240952,0,NOT COLLISION W/MOTOR VEHICLE-TRANSPORT,21,CLEAR,1,DAYLIGHT,33,CURB,MOUNT VIEW RD & BELL FORGE LN E,ANTIOCH,TN,37013,8865,SOUTH,36.0471,-86.648,POINT (-86.648 36.0471)
20190885583,12/10/2019 06:50:00 AM,1,0,0,,N,109495,0,NOT COLLISION W/MOTOR VEHICLE-TRANSPORT,3,"SLEET, HAIL",1,DAYLIGHT,23,BRIDGE RAIL,MM 209 9 I 40,NASHVILLE,TN,37203,40060,CENTRA,36.1489,-86.7777,POINT (-86.7777 36.1489)
20190914255,12/22/2019 01:30:00 PM,2,0,0,,Y,166478,11,Front to Rear,2,RAIN,1,DAYLIGHT,12,MOTOR VEHICLE IN TRANSPORT,BUCHANAN ST & 10TH AVN,NASHVILLE,TN,37208,4451,NORTH,36.1804,-86.803,POINT (-86.803 36.1804)
20190879741,12/07/2019 12:30:00 PM,3,0,0,,Y,320601,11,Front to Rear,21,CLEAR,1,DAYLIGHT,12,MOTOR VEHICLE IN TRANSPORT,HARDING PL & TRAVELERS INN DR,NASHVILLE,TN,37211,8443,SOUTH,36.0849,-86.7034,POINT (-86.7034 36.0849)
20190715191,09/27/2019 02:44:00 PM,2,1,0,,Y,169425,11,Front to Rear,21,CLEAR,1,DAYLIGHT,12,MOTOR VEHICLE IN TRANSPORT,MM 79 5 I 65,NASHVILLE,TN,37204,70042,MIDTOW,36.106,-86.7678,POINT (-86.7678 36.106)
20190773359,10/22/2019 07:35:00 PM,2,0,0,,N,299264,5,SIDESWIPE - SAME DIRECTION,21,CLEAR,3,DARK - LIGHTED,12,MOTOR VEHICLE IN TRANSPORT,MM 209 3 I 40,NASHVILLE,TN,37203,40041,CENTRA,36.1537,-86.7878,POINT (-86.7878 36.1537)
20190731818,10/04/2019 03:00:00 PM,2,0,0,,N,352166,11,Front to Rear,21,CLEAR,1,DAYLIGHT,12,MOTOR VEHICLE IN TRANSPORT,MM 48 1 I 24,NASHVILLE,TN,37207,1106,EAST,36.1742,-86.7706,POINT (-86.7706 36.1742)
20190719317,09/29/2019 01:56:00 PM,2,0,0,,N,584947,11,Front to Rear,21,CLEAR,1,DAYLIGHT,12,MOTOR VEHICLE IN TRANSPORT,I65 N EXT RAMP & I 65,NASHVILLE,TN,37207,1863,EAST,36.2057,-86.7747,POINT (-86.7747 36.2057)
20190613186,08/17/2019 12:00:00 AM,2,1,0,,N,299248,5,SIDESWIPE - SAME DIRECTION,21,CLEAR,2,DARK - NOT LIGHTED,12,MOTOR VEHICLE IN TRANSPORT,MM 57 4 I 24,ANTIOCH,TN,37013,88080,SOUTH,36.0649,-86.6847,POINT (-86.6847 36.0649)
20190889437,12/11/2019 04:25:00 PM,2,0,0,,N,179606,5,SIDESWIPE - SAME DIRECTION,21,CLEAR,1,DAYLIGHT,12,MOTOR VEHICLE IN TRANSPORT,I65 N ENT RAMP & I 65,NASHVILLE,TN,37207,1829,EAST,36.209,-86.7759,POINT (-86.7759 36.209)
20190817042,11/10/2019 12:45:00 PM,2,1,0,,N,420059,11,Front to Rear,21,CLEAR,1,DAYLIGHT,12,MOTOR VEHICLE IN TRANSPORT,NOLENSVILLE PKE & HARDING PL,NASHVILLE,TN,37211,8445,SOUTH,36.0809,-86.7267,POINT (-86.7267 36.0809)
20190601097,08/12/2019 06:23:00 PM,2,1,0,,N,352166,4,ANGLE,21,CLEAR,1,DAYLIGHT,12,MOTOR VEHICLE IN TRANSPORT,17TH AVN & CHURCH ST,NASHVILLE,TN,37203,5519,MIDTOW,36.1558,-86.7959,POINT (-86.7959 36.1558)
20190758686,10/16/2019 11:09:00 AM,2,3,0,,N,716886,4,ANGLE,21,CLEAR,1,DAYLIGHT,12,MOTOR VEHICLE IN TRANSPORT,PEACHTREE ST & AUSTIN AV,NASHVILLE,TN,37210,8319,SOUTH,36.1205,-86.749,POINT (-86.749 36.1205)
20190684993,09/15/2019 12:00:00 AM,1,0,0,,N,909497,0,NOT COLLISION W/MOTOR VEHICLE-TRANSPORT,21,CLEAR,2,DARK - NOT LIGHTED,34,DITCH,LONGHUNTER CT & NASHBORO BLVD,NASHVILLE,TN,37217,8935,HERMIT,36.0896,-86.6427,POINT (-86.6427 36.0896)
20190721570,09/30/2019 02:57:00 PM,2,0,0,,N,909486,5,SIDESWIPE - SAME DIRECTION,21,CLEAR,1,DAYLIGHT,12,MOTOR VEHICLE IN TRANSPORT,NOLENSVILLE PKE & COLLIER AV,NASHVILLE,TN,37211,8425,SOUTH,36.11,-86.7447,POINT (-86.7447 36.11)
20190889183,12/11/2019 02:28:00 PM,2,0,0,Y,N,468030,4,ANGLE,21,CLEAR,1,DAYLIGHT,12,MOTOR VEHICLE IN TRANSPORT,CHAPEL AV & BENJAMIN ST,NASHVILLE,TN,37206,1317,EAST,36.1868,-86.7374,POINT (-86.7374 36.1868)
20190767943,10/20/2019 10:20:00 AM,2,1,0,,Y,332253,5,SIDESWIPE - SAME DIRECTION,21,CLEAR,1,DAYLIGHT,12,MOTOR VEHICLE IN TRANSPORT,MM 92 1 I 65,MADISON,TN,37115,17280,MADISO,36.263,-86.7378,POINT (-86.7378 36.263)
20190844906,11/22/2019 01:05:00 AM,1,0,0,,N,330420,0,NOT COLLISION W/MOTOR VEHICLE-TRANSPORT,2,RAIN,3,DARK - LIGHTED,36,CONCRETE TRAFFIC BARRIER,MM 52 4 I 24,NASHVILLE,TN,37210,82061,HERMIT,36.139,-86.727,POINT (-86.727 36.139)
20190827401,11/14/2019 07:27:00 PM,2,4,0,,N,330427,6,SIDESWIPE - OPPOSITE DIRECTION,21,CLEAR,3,DARK - LIGHTED,12,MOTOR VEHICLE IN TRANSPORT,I24 E ENT RAMP & I 24,NASHVILLE,TN,37213,1007,CENTRA,36.1662,-86.7659,POINT (-86.7659 36.1662)
20190736705,10/07/2019 04:29:00 AM,2,1,0,,N,146772,0,NOT COLLISION W/MOTOR VEHICLE-TRANSPORT,2,RAIN,2,DARK - NOT LIGHTED,18,OTHER OBJECT (NOT FIXED),LICKTON PKE & LICKTON PKE PVTDR,WHITES CREEK,TN,37189,3301,NORTH,36.2923,-86.811,POINT (-86.811 36.2923)
20190857675,11/27/2019 02:15:00 PM,3,2,0,,N,279224,11,Front to Rear,21,CLEAR,1,DAYLIGHT,12,MOTOR VEHICLE IN TRANSPORT,MM 48 9 I 24,NASHVILLE,TN,37213,1104,CENTRA,36.1676,-86.7656,POINT (-86.7656 36.1676)
20190685863,09/15/2019 11:35:00 AM,2,0,0,,Y,769379,5,SIDESWIPE - SAME DIRECTION,21,CLEAR,1,DAYLIGHT,12,MOTOR VEHICLE IN TRANSPORT,MM 53 3 I 24,NASHVILLE,TN,37210,88141,SOUTH,36.1146,-86.7245,POINT (-86.7245 36.1146)
20190792124,10/30/2019 06:38:00 PM,2,0,0,,N,179606,5,SIDESWIPE - SAME DIRECTION,2,RAIN,3,DARK - LIGHTED,12,MOTOR VEHICLE IN TRANSPORT,MM 209 5 I 40,NASHVILLE,TN,37203,40040,CENTRA,36.1502,-86.7844,POINT (-86.7844 36.1502)
20190783260,10/27/2019 02:14:00 AM,2,0,0,,N,169414,11,Front to Rear,22,CLOUDY,3,DARK - LIGHTED,12,MOTOR VEHICLE IN TRANSPORT,MM 51 3 I 24,NASHVILLE,TN,37210,8102,SOUTH,36.137,-86.7273,POINT (-86.7273 36.137)
20190628188,08/22/2019 07:26:00 PM,2,1,0,,N,197047,11,Front to Rear,22,CLOUDY,5,DUSK,12,MOTOR VEHICLE IN TRANSPORT,GALLATIN PKE & GREENLAND AV,NASHVILLE,TN,37216,1425,EAST,36.2222,-86.7261,POINT (-86.7261 36.2222)
20190637225,08/26/2019 12:48:00 PM,3,1,0,,N,352197,11,Front to Rear,21,CLEAR,1,DAYLIGHT,12,MOTOR VEHICLE IN TRANSPORT,THOMPSON LN & SOUTHLAKE DR,NASHVILLE,TN,37211,8423,SOUTH,36.1095,-86.7284,POINT (-86.7284 36.1095)
20190825162,11/13/2019 08:15:00 PM,2,0,0,,N,256427,4,ANGLE,21,CLEAR,3,DARK - LIGHTED,12,MOTOR VEHICLE IN TRANSPORT,ELM HILL PIKE & RAMP,NASHVILLE,TN,37214,9107,HERMIT,36.153,-86.6837,POINT (-86.6837 36.153)
20190750011,10/12/2019 06:56:00 PM,1,1,0,,Y,320582,0,NOT COLLISION W/MOTOR VEHICLE-TRANSPORT,21,CLEAR,3,DARK - LIGHTED,8,PEDESTRIAN,DICKERSON PKE & HART LN,NASHVILLE,TN,37207,1887,EAST,36.2227,-86.7613,POINT (-86.7613 36.2227)
20190921501,12/26/2019 11:30:00 AM,2,0,0,,Y,676834,5,SIDESWIPE - SAME DIRECTION,22,CLOUDY,1,DAYLIGHT,12,MOTOR VEHICLE IN TRANSPORT,LUNN DR & PUTNAM DR,NASHVILLE,TN,37218,3109,NORTH,36.2247,-86.8492,POINT (-86.8492 36.2247)
20190625614,08/21/2019 09:26:00 PM,2,0,0,,Y,151132,9,UNKNOWN,21,CLEAR,2,DARK - NOT LIGHTED,14,PARKED MOTOR VEHICLE,RICHMOND HILL DR & MEADOWSIDE LN,NASHVILLE,TN,37207,2031,MADISO,36.2354,-86.778,POINT (-86.778 36.2354)
20190745027,10/10/2019 12:51:00 PM,2,0,0,,N,240983,4,ANGLE,22,CLOUDY,1,DAYLIGHT,12,MOTOR VEHICLE IN TRANSPORT,CORPORATE PL & HEIL QUAKER BLVD,ANTIOCH,TN,37013,8869,SOUTH,36.0174,-86.6073,POINT (-86.6073 36.0174)
20190767035,10/19/2019 08:47:00 PM,2,0,0,,Y,256488,11,Front to Rear,21,CLEAR,3,DARK - LIGHTED,12,MOTOR VEHICLE IN TRANSPORT,UNION ST & 5TH AVN,NASHVILLE,TN,37219,4141,CENTRA,36.1645,-86.7811,POINT (-86.7811 36.1645)
20190896774,12/14/2019 05:14:00 PM,2,0,0,,N,352195,11,Front to Rear,21,CLEAR,7,Dark-Unknown Lighting,12,MOTOR VEHICLE IN TRANSPORT,STATE HWY 155 & EXIT 12,NASHVILLE,TN,37214,9286,HERMIT,36.2205,-86.6933,POINT (-86.6933 36.2205)
20190841725,11/20/2019 06:51:00 PM,1,0,0,Y,N,240983,0,NOT COLLISION W/MOTOR VEHICLE-TRANSPORT,21,CLEAR,2,DARK - NOT LIGHTED,20;63,IMPACT ATTENUATOR;Ran Off Road-Right,I440 W ENT RAMP & I 24,NASHVILLE,TN,37217,8801,SOUTH,36.1232,-86.7263,POINT (-86.7263 36.1232)
20190742764,10/09/2019 04:59:00 PM,2,0,0,,N,414711,4,ANGLE,21,CLEAR,1,DAYLIGHT,12,MOTOR VEHICLE IN TRANSPORT,WEST END AV & BOWLING AV,NASHVILLE,TN,37205,6005,WEST,36.1347,-86.8251,POINT (-86.8251 36.1347)
20190775591,10/23/2019 04:30:00 PM,2,1,0,,N,717341,11,Front to Rear,21,CLEAR,1,DAYLIGHT,12,MOTOR VEHICLE IN TRANSPORT,MURFREESBORO PKE & HAMILTON CHURCH RD,ANTIOCH,TN,37013,8865,SOUTH,36.0649,-86.6286,POINT (-86.6286 36.0649)
20190660850,09/05/2019 12:25:00 AM,1,1,0,Y,N,279201,0,NOT COLLISION W/MOTOR VEHICLE-TRANSPORT,21,CLEAR,3,DARK - LIGHTED,38,FENCE,LEBANON PKE & MEADOW CLIFF,NASHVILLE,TN,37210,9019,HERMIT,36.1635,-86.6995,POINT (-86.6995 36.1635)
20190847738,11/23/2019 03:40:00 AM,1,0,0,Y,Y,320583,0,NOT COLLISION W/MOTOR VEHICLE-TRANSPORT,2,RAIN,2,DARK - NOT LIGHTED,20,IMPACT ATTENUATOR,I65 N ENT RAMP & I 440,NASHVILLE,TN,37204,81061,MIDTOW,36.1179,-86.7693,POINT (-86.7693 36.1179)
20190644357,08/29/2019 08:00:00 AM,2,0,0,,N,151124,4,ANGLE,21,CLEAR,1,DAYLIGHT,12,MOTOR VEHICLE IN TRANSPORT,CAYCE PLACE PVTDR & S 7TH ST,NASHVILLE,TN,37206,1021,EAST,36.1671,-86.7568,POINT (-86.7568 36.1671)
20190822036,11/12/2019 04:53:00 PM,2,1,0,,N,306708,11,Front to Rear,21,CLEAR,5,DUSK,12;13,MOTOR VEHICLE IN TRANSPORT;MOTOR VEHICLE IN TRANSPORT-OTHER ROADWAY,STATE HWY 45 & US HWY 31E,MADISON,TN,37115,1701,MADISO,36.2631,-86.7119,POINT (-86.7119 36.2631)
20190751244,10/13/2019 09:44:00 AM,2,1,0,,N,620061,4,ANGLE,21,CLEAR,1,DAYLIGHT,1;12,MOTOR VEHICLE IN TRANSPORT,OLD HICKORY BLVD & EDMONDSON PKE,NASHVILLE,TN,37220,8615,MIDTOW,36.04,-86.7435,POINT (-86.7435 36.04)
20190911021,12/20/2019 06:15:00 PM,2,0,0,,N,311328,5,SIDESWIPE - SAME DIRECTION,21,CLEAR,3,DARK - LIGHTED,12,MOTOR VEHICLE IN TRANSPORT,INTERSTATE DR & US HWY 31,NASHVILLE,TN,37213,1107,CENTRA,36.1714,-86.769,POINT (-86.769 36.1714)
20190737917,10/07/2019 05:47:00 PM,2,0,0,,N,298863,4,ANGLE,21,CLEAR,1,DAYLIGHT,12,MOTOR VEHICLE IN TRANSPORT,LAFAYETTE ST & ASH ST,NASHVILLE,TN,37210,4005,CENTRA,36.1521,-86.7721,POINT (-86.7721 36.1521)
20190821917,11/12/2019 01:57:00 PM,2,0,0,,N,151132,4,ANGLE,21,CLEAR,1,DAYLIGHT,12,MOTOR VEHICLE IN TRANSPORT,GALLATIN PKES & NEELYS BEND RD,MADISON,TN,37115,1605,MADISO,36.2566,-86.7142,POINT (-86.7142 36.2566)
20190647313,08/30/2019 10:45:00 AM,2,2,0,,N,676834,4,ANGLE,21,CLEAR,1,DAYLIGHT,12,MOTOR VEHICLE IN TRANSPORT,CLIFTON AV & 33RD AVN,NASHVILLE,TN,37209,4551,NORTH,36.1589,-86.8256,POINT (-86.8256 36.1589)
20190728404,10/03/2019 08:03:00 AM,1,0,0,Y,N,191578,0,NOT COLLISION W/MOTOR VEHICLE-TRANSPORT,21,CLEAR,1,DAYLIGHT,43,OTHER FIXED OBJECTS,ELM HILL PKE & ATRIUM WAY,NASHVILLE,TN,37214,9101,HERMIT,36.1532,-86.6877,POINT (-86.6877 36.1532)
20190772957,10/22/2019 03:56:00 PM,2,1,0,,N,212338,11,Front to Rear,21,CLEAR,1,DAYLIGHT,12,MOTOR VEHICLE IN TRANSPORT,SIDCO DR & HARDING PL,NASHVILLE,TN,37204,8531,MIDTOW,36.0834,-86.7616,POINT (-86.7616 36.0834)
20190861212,11/29/2019 12:56:00 PM,2,2,0,,N,462474,4,ANGLE,22,CLOUDY,1,DAYLIGHT,12,MOTOR VEHICLE IN TRANSPORT,NORTHCREST DR & COTTON LN,NASHVILLE,TN,37211,8659,MIDTOW,36.067,-86.725,POINT (-86.725 36.067)
20190928139,12/27/2019 10:00:00 AM,2,0,0,,Y,161945,98,OTHER,99,UNKNOWN,1,DAYLIGHT,14,PARKED MOTOR VEHICLE,15180 HICKORY POINT PVTDR,NASHVILLE,TN,37211,8655,MIDTOW,36.0461,-86.7217,POINT (-86.7217 36.0461)
20190703099,09/22/2019 08:46:00 PM,1,1,0,Y,Y,887598,0,NOT COLLISION W/MOTOR VEHICLE-TRANSPORT,21,CLEAR,3,DARK - LIGHTED,30;34;40,UTILITY POLE;DITCH;MAIL BOX,BRICK CHURCH PKE & READ AV,NASHVILLE,TN,37207,3003,NORTH,36.2,-86.7772,POINT (-86.7772 36.2)