Accident Number,Date and Time,Number of Motor Vehicles,Number of Injuries,Number of Fatalities,Property Damage,Hit and Run,Reporting Officer,Collision Type Code,Collision Type Description,Weather Code,Weather Description,Illumination Code,Illumination Description,Harmful Code,Harmful Code Description,Street Address,City,State,ZIP,RPA,Precinct,Latitude,Longitude,Mapped Location
20190614494,08/17/2019 07:23:00 PM,3,0,0,,Y,179583,11,Front to Rear,21,CLEAR,1,DAYLIGHT,12,MOTOR VEHICLE IN TRANSPORT,NOLENSVILLE PKE & MCNALLY DR,NASHVILLE,TN,37211,8511,MIDTOW,36.0933,-86.7362,POINT (-86.7362 36.0933)
20190778749,10/24/2019 11:20:00 PM,1,1,0,,N,330411,0,NOT COLLISION W/MOTOR VEHICLE-TRANSPORT,21,CLEAR,3,DARK - LIGHTED,1,,EWING DR & EWING LN,NASHVILLE,TN,37207,3023,NORTH,36.2324,-86.787,POINT (-86.787 36.2324)
20190819197,11/11/2019 01:35:00 PM,1,1,0,,N,420059,0,NOT COLLISION W/MOTOR VEHICLE-TRANSPORT,21,CLEAR,1,DAYLIGHT,42,TREE,FOREST ACRES DR & FOREST ACRES CT,NASHVILLE,TN,37220,7111,MIDTOW,36.0592,-86.7798,POINT (-86.7798 36.0592)
20190636868,08/26/2019 07:23:00 AM,3,0,0,,N,716886,11,Front to Rear,2,RAIN,1,DAYLIGHT,12,MOTOR VEHICLE IN TRANSPORT,BLUE HOLE RD & BELL RD,ANTIOCH,TN,37013,8721,SOUTH,36.0458,-86.6744,POINT (-86.6744 36.0458)
20190786062,10/28/2019 01:15:00 PM,3,1,0,,Y,405447,11,Front to Rear,22,CLOUDY,1,DAYLIGHT,12,MOTOR VEHICLE IN TRANSPORT,OLD HICKORY BLVD & HILL RD,NASHVILLE,TN,37220,8615,MIDTOW,36.0397,-86.7436,POINT (-86.7436 36.0397)
20190760710,10/17/2019 07:05:00 AM,2,0,0,,N,420035,11,Front to Rear,21,CLEAR,1,DAYLIGHT,12,MOTOR VEHICLE IN TRANSPORT,NEELYS BEND RD & ARGLE AV,MADISON,TN,37115,1605,MADISO,36.256,-86.7123,POINT (-86.7123 36.256)
20190810587,11/07/2019 02:15:00 PM,2,0,0,,Y,420035,4,ANGLE,2,RAIN,1,DAYLIGHT,12,MOTOR VEHICLE IN TRANSPORT,HUNTERS LN & YOEST DR,GOODLETTSVILLE,TN,37072,2109,MADISO,36.278,-86.7541,POINT (-86.7541 36.278)
20190875617,12/05/2019 05:36:00 PM,3,0,0,,N,256383,11,Front to Rear,21,CLEAR,3,DARK - LIGHTED,12,MOTOR VEHICLE IN TRANSPORT,HARDING PL & EZELL PKE,NASHVILLE,TN,37211,8847,SOUTH,36.0892,-86.6874,POINT (-86.6874 36.0892)
20190877261,12/06/2019 09:28:00 AM,2,0,0,,N,462474,11,Front to Rear,2,RAIN,1,DAYLIGHT,12,MOTOR VEHICLE IN TRANSPORT,OLD HICKORY BLVD & EDMONDSON PKE,NASHVILLE,TN,37220,8615,MIDTOW,36.04,-86.7435,POINT (-86.7435 36.04)
20190698368,09/20/2019 12:20:00 PM,2,0,0,,N,343522,11,Front to Rear,21,CLEAR,1,DAYLIGHT,12,MOTOR VEHICLE IN TRANSPORT,OLD HICKORY BLVD & WOODBURY FALLS DR,NASHVILLE,TN,37205,4903,WEST,36.0879,-86.9207,POINT (-86.9207 36.0879)
20190655667,09/02/2019 12:00:00 AM,2,0,0,,Y,311333,11,Front to Rear,21,CLEAR,2,DARK - NOT LIGHTED,12,MOTOR VEHICLE IN TRANSPORT,I24 E EXT RAMP & I 24,NASHVILLE,TN,37207,30080,NORTH,36.2378,-86.7872,POINT (-86.7872 36.2378)
20190650014,08/31/2019 09:41:00 AM,3,0,0,,N,320586,11,Front to Rear,21,CLEAR,1,DAYLIGHT,12,MOTOR VEHICLE IN TRANSPORT,MM 54 8 I 24,NASHVILLE,TN,37211,8812,SOUTH,36.0968,-86.7085,POINT (-86.7085 36.0968)
20190764791,10/18/2019 08:10:00 PM,2,1,0,,Y,725756,11,Front to Rear,21,CLEAR,3,DARK - LIGHTED,12,MOTOR VEHICLE IN TRANSPORT,HIGHWAY 100 & OLD HARDING PKE,NASHVILLE,TN,37221,4807,WEST,36.0445,-86.956,POINT (-86.956 36.0445)
20190797756,11/02/2019 12:00:00 AM,1,1,0,,N,330441,0,NOT COLLISION W/MOTOR VEHICLE-TRANSPORT,21,CLEAR,2,DARK - NOT LIGHTED,42;63,TREE;Ran Off Road-Right,TYNE BLVD & VINTAGE PL,NASHVILLE,TN,37215,6307,MIDTOW,36.0743,-86.8324,POINT (-86.8324 36.0743)
20190830906,11/16/2019 12:00:00 AM,1,0,0,Y,Y,279227,0,NOT COLLISION W/MOTOR VEHICLE-TRANSPORT,99,UNKNOWN,9,UNKNOWN,43;47,OTHER FIXED OBJECTS;FIRE HYDRANT,UNA ANTIOCH PKE & CHADFIELD WAY,ANTIOCH,TN,37013,8861,SOUTH,36.0619,-86.6648,POINT (-86.6648 36.0619)
20190611094,08/16/2019 10:55:00 AM,2,0,0,,N,716886,5,SIDESWIPE - SAME DIRECTION,21,CLEAR,1,DAYLIGHT,12,MOTOR VEHICLE IN TRANSPORT,HAYWOOD LN & ANTIOCH PKE,NASHVILLE,TN,37211,8851,SOUTH,36.0702,-86.6848,POINT (-86.6848 36.0702)
20190872781,12/04/2019 02:43:00 PM,2,0,0,,N,137872,11,Front to Rear,21,CLEAR,1,DAYLIGHT,12,MOTOR VEHICLE IN TRANSPORT,LEBANON PKE & J B ESTILLE DR,NASHVILLE,TN,37214,9125,HERMIT,36.1687,-86.6669,POINT (-86.6669 36.1687)
20190610911,08/16/2019 09:10:00 AM,2,0,0,,N,676834,5,SIDESWIPE - SAME DIRECTION,21,CLEAR,1,DAYLIGHT,12,MOTOR VEHICLE IN TRANSPORT,BRICK CHURCH PKE & W TRINITY LN,NASHVILLE,TN,37207,3003,NORTH,36.2064,-86.7779,POINT (-86.7779 36.2064)
20190745012,10/10/2019 02:37:00 PM,2,0,0,,N,256386,4,ANGLE,21,CLEAR,1,DAYLIGHT,12,MOTOR VEHICLE IN TRANSPORT,MILLWOOD DR & MURFREESBORO PKE,NASHVILLE,TN,37217,8815,HERMIT,36.1295,-86.7147,POINT (-86.7147 36.1295)
20190594916,08/10/2019 03:01:00 AM,1,1,0,,N,334981,0,NOT COLLISION W/MOTOR VEHICLE-TRANSPORT,21,CLEAR,3,DARK - LIGHTED,8,PEDESTRIAN,4TH & SYMPHONY,NASHVILLE,TN,37219,4107,CENTRA,36.161,-86.7772,POINT (-86.7772 36.161)
20190838727,11/19/2019 04:53:00 PM,2,0,0,,N,256389,11,Front to Rear,21,CLEAR,1,DAYLIGHT,12,MOTOR VEHICLE IN TRANSPORT,CHARLOTTE AV & 22ND AVN,NASHVILLE,TN,37203,5609,MIDTOW,36.1562,-86.8077,POINT (-86.8077 36.1562)
20190880198,12/07/2019 06:34:00 PM,3,2,0,,N,330428,4,ANGLE,21,CLEAR,3,DARK - LIGHTED,12;13,MOTOR VEHICLE IN TRANSPORT;MOTOR VEHICLE IN TRANSPORT-OTHER ROADWAY,STATE HWY 155 & POST PL,NASHVILLE,TN,37205,5017,WEST,36.1287,-86.8533,POINT (-86.8533 36.1287)
20190889825,12/11/2019 07:40:00 PM,2,0,0,,N,352177,5,SIDESWIPE - SAME DIRECTION,21,CLEAR,3,DARK - LIGHTED,12,MOTOR VEHICLE IN TRANSPORT,I40 W ENT RAMP & I 40,NASHVILLE,TN,37210,9007,HERMIT,36.1484,-86.7454,POINT (-86.7454 36.1484)
20190609352,08/15/2019 05:21:00 PM,3,0,0,,N,151132,11,Front to Rear,21,CLEAR,1,DAYLIGHT,12,MOTOR VEHICLE IN TRANSPORT,GALLATIN PKES & HARRIS ST,MADISON,TN,37115,1605,MADISO,36.2586,-86.7135,POINT (-86.7135 36.2586)
20190815480,11/09/2019 06:30:00 PM,2,3,0,,N,330443,4,ANGLE,21,CLEAR,3,DARK - LIGHTED,12,MOTOR VEHICLE IN TRANSPORT,BRICK CHURCH PKE & EWING LN,NASHVILLE,TN,37207,2031,MADISO,36.2326,-86.7814,POINT (-86.7814 36.2326)
20190586412,08/07/2019 06:55:00 AM,2,0,0,,N,226622,5,SIDESWIPE - SAME DIRECTION,21,CLEAR,1,DAYLIGHT,12,MOTOR VEHICLE IN TRANSPORT,MM 193 2 I 40,NASHVILLE,TN,37221,4804,WEST,36.0772,-87.0078,POINT (-87.0078 36.0772)
20190834597,11/18/2019 03:15:00 AM,3,0,0,,N,311340,3,REAR-TO-REAR,21,CLEAR,2,DARK - NOT LIGHTED,14;55,PARKED MOTOR VEHICLE;Motor Vehicle-In-Motion Outside Trafficw,15TH AVN & CHURCH ST,NASHVILLE,TN,37203,5517,MIDTOW,36.1574,-86.7927,POINT (-86.7927 36.1574)
20190608136,08/15/2019 07:01:00 AM,2,0,0,,N,716886,5,SIDESWIPE - SAME DIRECTION,21,CLEAR,1,DAYLIGHT,12,MOTOR VEHICLE IN TRANSPORT,OLD HICKORY BLVD & FIRESTONE PKWY,ANTIOCH,TN,37013,8867,SOUTH,36.017,-86.6199,POINT (-86.6199 36.017)
20190650904,08/31/2019 08:00:00 PM,2,1,0,,N,716886,11,Front to Rear,21,CLEAR,3,DARK - LIGHTED,12,MOTOR VEHICLE IN TRANSPORT,WOODLAND ST & INTERSTATE DR,NASHVILLE,TN,37213,1107,CENTRA,36.1705,-86.7685,POINT (-86.7685 36.1705)
20190698230,09/20/2019 11:45:00 AM,2,0,0,,N,235761,11,Front to Rear,21,CLEAR,1,DAYLIGHT,12,MOTOR VEHICLE IN TRANSPORT,CHARLOTTE AV & 52ND AVN,NASHVILLE,TN,37209,5123,WEST,36.1519,-86.8495,POINT (-86.8495 36.1519)
20190826120,11/14/2019 07:30:00 AM,2,1,0,,N,384416,11,Front to Rear,21,CLEAR,1,DAYLIGHT,12,MOTOR VEHICLE IN TRANSPORT,MM 49 6 I 24,NASHVILLE,TN,37210,4008,CENTRA,36.1571,-86.7604,POINT (-86.7604 36.1571)
20190819808,11/11/2019 06:19:00 PM,2,0,0,,Y,320585,4,ANGLE,2,RAIN,3,DARK - LIGHTED,12,MOTOR VEHICLE IN TRANSPORT,CENTRAL PKE & BURNING TREE DR,HERMITAGE,TN,37076,9557,HERMIT,36.1728,-86.6008,POINT (-86.6008 36.1728)
20190675556,09/11/2019 08:36:00 AM,2,0,0,,N,716886,11,Front to Rear,21,CLEAR,1,DAYLIGHT,12,MOTOR VEHICLE IN TRANSPORT,MM 59 6 I 24,ANTIOCH,TN,37013,88060,SOUTH,36.0438,-86.6561,POINT (-86.6561 36.0438)
20190773089,10/22/2019 04:44:00 PM,2,0,0,,N,151132,4,ANGLE,21,CLEAR,1,DAYLIGHT,12,MOTOR VEHICLE IN TRANSPORT,GLEAVES ST & RIVERGATE PKWY,GOODLETTSVILLE,TN,37072,1751,MADISO,36.2981,-86.6999,POINT (-86.6999 36.2981)
20190712289,09/26/2019 09:45:00 AM,2,1,0,,Y,179602,5,SIDESWIPE - SAME DIRECTION,22,CLOUDY,1,DAYLIGHT,12,MOTOR VEHICLE IN TRANSPORT,28TH AVN & I40 W EXT RAMP,NASHVILLE,TN,37209,4521,NORTH,36.1652,-86.8201,POINT (-86.8201 36.1652)
20190670606,09/09/2019 11:38:00 AM,2,0,0,,Y,109534,5,SIDESWIPE - SAME DIRECTION,21,CLEAR,1,DAYLIGHT,12;99,MOTOR VEHICLE IN TRANSPORT;UNKNOWN MOST HARMFUL EVENT,ANDREW JACKSON WAY & OLD HICKORY BLVD,HERMITAGE,TN,37076,9557,HERMIT,36.1823,-86.608,POINT (-86.608 36.1823)
20190922097,12/26/2019 05:27:00 PM,6,1,0,,Y,240985,11,Front to Rear,21,CLEAR,1,DAYLIGHT,12,MOTOR VEHICLE IN TRANSPORT,MM 75 1 I 65,BRENTWOOD,TN,37027,86040,MIDTOW,36.0452,-86.7791,POINT (-86.7791 36.0452)
20190830145,11/15/2019 09:05:00 PM,3,0,0,,N,352204,11,Front to Rear,21,CLEAR,2,DARK - NOT LIGHTED,12,MOTOR VEHICLE IN TRANSPORT,STATE HWY 100 & OLD HARDING LN,NASHVILLE,TN,37221,4805,WEST,36.0268,-87.0174,POINT (-87.0174 36.0268)
20190714512,09/27/2019 08:18:00 AM,2,1,0,,N,628640,4,ANGLE,21,CLEAR,1,DAYLIGHT,12,MOTOR VEHICLE IN TRANSPORT,MURFREESBORO PKE & BELL RD,ANTIOCH,TN,37013,8865,SOUTH,36.072,-86.636,POINT (-86.636 36.072)
20190704626,09/23/2019 12:37:00 PM,2,0,0,,N,191578,11,Front to Rear,21,CLEAR,1,DAYLIGHT,12,MOTOR VEHICLE IN TRANSPORT,MURFREESBORO PKE & GLENGARRY DR,NASHVILLE,TN,37217,8823,HERMIT,36.1208,-86.7036,POINT (-86.7036 36.1208)
20190679304,09/12/2019 05:20:00 PM,2,2,0,,N,352172,11,Front to Rear,21,CLEAR,1,DAYLIGHT,12,MOTOR VEHICLE IN TRANSPORT,MM 195 7 I 40,NASHVILLE,TN,37221,4704,WEST,36.0768,-86.966,POINT (-86.966 36.0768)
20190638019,08/26/2019 08:57:00 PM,1,0,0,,N,429193,0,NOT COLLISION W/MOTOR VEHICLE-TRANSPORT,21,CLEAR,2,DARK - NOT LIGHTED,34;63,DITCH;Ran Off Road-Right,CHARLOTTE PKE & WOODLAND WAY,NASHVILLE,TN,37221,4711,WEST,36.1096,-86.9337,POINT (-86.9337 36.1096)
20190650810,08/31/2019 04:50:00 PM,2,0,0,,N,633391,16,Rear to Side,21,CLEAR,1,DAYLIGHT,14,PARKED MOTOR VEHICLE,COUCH DR & TRICE DR,NASHVILLE,TN,37209,4613,WEST,36.1589,-86.8592,POINT (-86.8592 36.1589)
20190913744,12/22/2019 06:50:00 AM,2,1,0,,Y,224953,4,ANGLE,21,CLEAR,1,DAYLIGHT,12,MOTOR VEHICLE IN TRANSPORT,5TH AVN & UNION ST,NASHVILLE,TN,37219,4141,CENTRA,36.1643,-86.7809,POINT (-86.7809 36.1643)
20190848950,11/23/2019 07:59:00 PM,1,0,0,,N,306230,0,NOT COLLISION W/MOTOR VEHICLE-TRANSPORT,21,CLEAR,2,DARK - NOT LIGHTED,42,TREE,OLD HICKORY BLVD & EATONS CREEK RD,NASHVILLE,TN,37218,3213,NORTH,36.26,-86.8934,POINT (-86.8934 36.26)
20190745771,10/10/2019 08:41:00 PM,2,0,0,,N,206958,11,Front to Rear,21,CLEAR,7,Dark-Unknown Lighting,12,MOTOR VEHICLE IN TRANSPORT,EASTLAND AV & N 14TH ST,NASHVILLE,TN,37206,1215,EAST,36.1834,-86.7449,POINT (-86.7449 36.1834)
20190653113,09/01/2019 06:12:00 PM,1,0,0,Y,Y,256446,0,NOT COLLISION W/MOTOR VEHICLE-TRANSPORT,21,CLEAR,3,DARK - LIGHTED,19;38;71,BUILDING;FENCE;EMBANKMENT EARTH,5000 BLUE HOLE RD,ANTIOCH,TN,37013,8719,SOUTH,36.0526,-86.6731,POINT (-86.6731 36.0526)
20190840479,11/20/2019 08:50:00 AM,2,0,0,,N,226092,5,SIDESWIPE - SAME DIRECTION,21,CLEAR,1,DAYLIGHT,12,MOTOR VEHICLE IN TRANSPORT,MM 207 9 I 40,NASHVILLE,TN,37208,54022,NORTH,36.1693,-86.7972,POINT (-86.7972 36.1693)
20190717393,09/28/2019 01:19:00 PM,3,1,0,,Y,306231,11,Front to Rear,21,CLEAR,1,DAYLIGHT,12,MOTOR VEHICLE IN TRANSPORT,MM 85 4 I 65,NASHVILLE,TN,37208,43042,NORTH,36.1875,-86.7947,POINT (-86.7947 36.1875)
20190831988,11/16/2019 07:10:00 PM,2,0,0,,Y,179583,11,Front to Rear,21,CLEAR,3,DARK - LIGHTED,14,PARKED MOTOR VEHICLE,MURFREESBORO PKE & I24 W EXT RAMP,NASHVILLE,TN,37217,8801,SOUTH,36.1348,-86.7236,POINT (-86.7236 36.1348)
20190916674,12/23/2019 06:15:00 PM,2,2,0,,N,240957,11,Front to Rear,21,CLEAR,3,DARK - LIGHTED,12,MOTOR VEHICLE IN TRANSPORT,NOLENSVILLE PKE & CONCORD RD,NASHVILLE,TN,37211,8651,MIDTOW,36.0042,-86.6916,POINT (-86.6916 36.0042)
20190632815,08/24/2019 01:02:00 PM,2,0,0,,N,419952,4,ANGLE,22,CLOUDY,1,DAYLIGHT,12,MOTOR VEHICLE IN TRANSPORT,OLD HICKORY BLVD & HIGHWAY 70S,NASHVILLE,TN,37221,4901,WEST,36.0742,-86.9208,POINT (-86.9208 36.0742)
20190808932,11/06/2019 09:48:00 PM,2,0,0,,N,256446,4,ANGLE,21,CLEAR,3,DARK - LIGHTED,12,MOTOR VEHICLE IN TRANSPORT,MM 60 4 I 24,ANTIOCH,TN,37013,88060,SOUTH,36.0364,-86.6449,POINT (-86.6449 36.0364)
20190908569,12/19/2019 05:55:00 PM,2,0,0,,N,524985,11,Front to Rear,21,CLEAR,3,DARK - LIGHTED,12,MOTOR VEHICLE IN TRANSPORT,WHITES CREEK PKE & REVELS DR,NASHVILLE,TN,37207,3023,NORTH,36.2219,-86.8051,POINT (-86.8051 36.2219)
20190807535,11/06/2019 09:24:00 AM,1,1,0,,N,226098,0,NOT COLLISION W/MOTOR VEHICLE-TRANSPORT,21,CLEAR,1,DAYLIGHT,2;42;63,TREE;Ran Off Road-Right,MM 37 1 I 24,WHITES CREEK,TN,37189,33181,NORTH,36.3164,-86.8344,POINT (-86.8344 36.3164)
20190581955,08/05/2019 03:35:00 PM,2,1,0,Y,N,151132,4,ANGLE,21,CLEAR,1,DAYLIGHT,12;31;64,"MOTOR VEHICLE IN TRANSPORT;OTHER POST, POLE, SUPP.;Ran Off Road-Left",E OLD HICKORY BLVD & MYATT DR,MADISON,TN,37115,1629,MADISO,36.2631,-86.6905,POINT (-86.6905 36.2631)
20190690227,09/17/2019 11:42:00 AM,2,1,0,,N,384392,4,ANGLE,21,CLEAR,1,DAYLIGHT,12;30,MOTOR VEHICLE IN TRANSPORT;UTILITY POLE,FAIRFAX AVE & NATCHEZ TRC,NASHVILLE,TN,37212,5905,MIDTOW,36.1351,-86.8114,POINT (-86.8114 36.1351)
20190793010,10/31/2019 05:22:00 AM,1,1,0,,N,298875,0,NOT COLLISION W/MOTOR VEHICLE-TRANSPORT,2,RAIN,2,DARK - NOT LIGHTED,36,CONCRETE TRAFFIC BARRIER,MM 53 7 I 24,NASHVILLE,TN,37211,88122,SOUTH,36.1097,-86.7216,POINT (-86.7216 36.1097)
20190734262,10/05/2019 05:35:00 PM,2,0,0,,Y,179591,5,SIDESWIPE - SAME DIRECTION,21,CLEAR,1,DAYLIGHT,12,MOTOR VEHICLE IN TRANSPORT,HEIMAN ST & DR D B TODD JR BLVD,NASHVILLE,TN,37208,4475,NORTH,36.1714,-86.8074,POINT (-86.8074 36.1714)
20190709498,09/25/2019 08:35:00 AM,2,1,0,,N,384439,11,Front to Rear,21,CLEAR,1,DAYLIGHT,12,MOTOR VEHICLE IN TRANSPORT,MM 75 0 I 65,BRENTWOOD,TN,37027,86040,MIDTOW,36.0442,-86.7806,POINT (-86.7806 36.0442)
20190780032,10/25/2019 12:47:00 PM,2,0,0,,Y,352179,11,Front to Rear,21,CLEAR,1,DAYLIGHT,12,MOTOR VEHICLE IN TRANSPORT,SKYLINE MEMORIAL CT & DICKERSON PKE,MADISON,TN,37115,2009,MADISO,36.2439,-86.7566,POINT (-86.7566 36.2439)
20190837629,11/19/2019 07:53:00 AM,2,0,0,,Y,311799,11,Front to Rear,22,CLOUDY,1,DAYLIGHT,12,MOTOR VEHICLE IN TRANSPORT,MM 92 0 I 65,MADISON,TN,37115,17280,MADISO,36.2612,-86.7382,POINT (-86.7382 36.2612)
20190775753,10/23/2019 05:20:00 PM,4,1,0,,N,717341,11,Front to Rear,21,CLEAR,1,DAYLIGHT,12,MOTOR VEHICLE IN TRANSPORT,BELL RD & BRENTRIDGE DR,ANTIOCH,TN,37013,8755,SOUTH,36.0465,-86.6834,POINT (-86.6834 36.0465)
20190854429,11/26/2019 07:45:00 AM,2,0,0,,N,226622,11,Front to Rear,22,CLOUDY,1,DAYLIGHT,12,MOTOR VEHICLE IN TRANSPORT,MM 193 1 I 40,NASHVILLE,TN,37221,4704,WEST,36.0773,-87.0104,POINT (-87.0104 36.0773)
20190748603,10/11/2019 10:00:00 PM,2,0,0,,Y,110062,98,OTHER,2,RAIN,3,DARK - LIGHTED,12,MOTOR VEHICLE IN TRANSPORT,PALMER PL & 8TH AVS,NASHVILLE,TN,37203,4019,CENTRA,36.1535,-86.7796,POINT (-86.7796 36.1535)
20190835072,11/18/2019 08:20:00 AM,2,0,0,,N,352164,11,Front to Rear,21,CLEAR,1,DAYLIGHT,12,MOTOR VEHICLE IN TRANSPORT,MM 58 5 I 24,ANTIOCH,TN,37013,87061,SOUTH,36.0527,-86.6719,POINT (-86.6719 36.0527)
20190806010,11/05/2019 06:45:00 PM,1,1,0,,N,256446,0,NOT COLLISION W/MOTOR VEHICLE-TRANSPORT,21,CLEAR,3,DARK - LIGHTED,11,OTHER ANIMAL,HOBSON PKE & GRANNY WRIGHT LN,HERMITAGE,TN,37076,8913,SOUTH,36.1081,-86.5496,POINT (-86.5496 36.1081)
20190734296,10/05/2019 07:48:00 PM,2,0,0,,Y,256383,5,SIDESWIPE - SAME DIRECTION,21,CLEAR,3,DARK - LIGHTED,12,MOTOR VEHICLE IN TRANSPORT,MM 52 9 I 24,NASHVILLE,TN,37217,8816,SOUTH,36.1206,-86.7268,POINT (-86.7268 36.1206)
20190798475,11/02/2019 02:05:00 PM,2,0,0,,N,834798,5,SIDESWIPE - SAME DIRECTION,21,CLEAR,1,DAYLIGHT,12,MOTOR VEHICLE IN TRANSPORT,MM 210 1 I 40,NASHVILLE,TN,37203,4006,CENTRA,36.1492,-86.7751,POINT (-86.7751 36.1492)
20190815727,11/09/2019 09:00:00 PM,2,0,0,,,298863,4,ANGLE,21,CLEAR,3,DARK - LIGHTED,12,MOTOR VEHICLE IN TRANSPORT,US HWY 70 & 9TH AVE N,NASHVILLE,TN,37203,4083,CENTRA,36.1586,-86.7828,POINT (-86.7828 36.1586)
20190636804,08/26/2019 08:00:00 AM,2,0,0,,N,109495,5,SIDESWIPE - SAME DIRECTION,2,RAIN,1,DAYLIGHT,12,MOTOR VEHICLE IN TRANSPORT,MM 3 0 I 440,NASHVILLE,TN,37215,6424,MIDTOW,36.1201,-86.8026,POINT (-86.8026 36.1201)
20190585032,08/06/2019 05:42:00 PM,2,0,0,,N,179583,5,SIDESWIPE - SAME DIRECTION,21,CLEAR,1,DAYLIGHT,12,MOTOR VEHICLE IN TRANSPORT,MM 57 8 I 24,ANTIOCH,TN,37013,87060,SOUTH,36.06,-86.6798,POINT (-86.6798 36.06)
20190694725,09/19/2019 02:50:00 AM,1,1,0,,N,179603,0,NOT COLLISION W/MOTOR VEHICLE-TRANSPORT,21,CLEAR,3,DARK - LIGHTED,36;63;64,CONCRETE TRAFFIC BARRIER;Ran Off Road-Right;Ran Off Road-Left,MM 43 5 I 24,NASHVILLE,TN,37207,2014,MADISO,36.2381,-86.786,POINT (-86.786 36.2381)
20190802984,11/04/2019 02:30:00 PM,2,1,0,,N,717341,11,Front to Rear,21,CLEAR,1,DAYLIGHT,12,MOTOR VEHICLE IN TRANSPORT,HAYWOOD LN & EZELL RD,NASHVILLE,TN,37211,8709,SOUTH,36.0696,-86.6944,POINT (-86.6944 36.0696)
20190764271,10/18/2019 03:50:00 PM,1,0,0,,N,311332,0,NOT COLLISION W/MOTOR VEHICLE-TRANSPORT,21,CLEAR,1,DAYLIGHT,34;42;63,DITCH;TREE;Ran Off Road-Right,RIVER RD & GOWER RD,NASHVILLE,TN,37209,4701,WEST,36.1313,-86.9231,POINT (-86.9231 36.1313)
20190923931,12/27/2019 02:10:00 PM,2,0,0,,N,330413,6,SIDESWIPE - OPPOSITE DIRECTION,22,CLOUDY,1,DAYLIGHT,12,MOTOR VEHICLE IN TRANSPORT,CONNECTING ROAD & STATE HWY 155,NASHVILLE,TN,37217,8998,HERMIT,36.1348,-86.6977,POINT (-86.6977 36.1348)
20190732269,10/04/2019 07:33:00 PM,1,0,0,Y,N,240983,0,NOT COLLISION W/MOTOR VEHICLE-TRANSPORT,21,CLEAR,3,DARK - LIGHTED,30;64;68,UTILITY POLE;Ran Off Road-Left;Cross Center Line,BELL RD & BENZING RD,ANTIOCH,TN,37013,8755,SOUTH,36.0453,-86.7017,POINT (-86.7017 36.0453)
20190770914,10/21/2019 07:10:00 PM,2,0,0,,N,352204,4,ANGLE,2,RAIN,2,DARK - NOT LIGHTED,12,MOTOR VEHICLE IN TRANSPORT,TODD PREIS DR & SAWYER BROWN RD,NASHVILLE,TN,37221,4811,WEST,36.0711,-86.9471,POINT (-86.9471 36.0711)
20190829639,11/15/2019 04:56:00 PM,2,0,0,,N,405418,11,Front to Rear,21,CLEAR,1,DAYLIGHT,12,MOTOR VEHICLE IN TRANSPORT,OLD HICKORY BLVD & BRENTWOOD TRC,BRENTWOOD,TN,37027,8623,MIDTOW,36.0411,-86.7762,POINT (-86.7762 36.0411)
20190915939,12/23/2019 11:30:00 AM,4,2,0,,N,352164,11,Front to Rear,21,CLEAR,1,DAYLIGHT,12,MOTOR VEHICLE IN TRANSPORT,OLD HICKORY BLVD & OWEN DR,ANTIOCH,TN,37013,8869,SOUTH,36.0183,-86.6196,POINT (-86.6196 36.0183)
20190838399,11/19/2019 02:20:00 PM,2,0,0,,N,693093,11,Front to Rear,22,CLOUDY,1,DAYLIGHT,14,PARKED MOTOR VEHICLE,GALLATIN PKES & EMMITT AV,MADISON,TN,37115,1623,MADISO,36.2536,-86.7165,POINT (-86.7165 36.2536)
20190778173,10/24/2019 04:30:00 PM,2,0,0,,N,279214,4,ANGLE,21,CLEAR,1,DAYLIGHT,12,MOTOR VEHICLE IN TRANSPORT,GRAYBAR LN & BELMONT BLVD,NASHVILLE,TN,37215,6415,MIDTOW,36.1103,-86.8004,POINT (-86.8004 36.1103)
20190856499,11/27/2019 12:00:00 AM,1,1,0,,N,493301,0,NOT COLLISION W/MOTOR VEHICLE-TRANSPORT,2,RAIN,3,DARK - LIGHTED,33,CURB,SAWYER BROWN RD & TODD PREIS DR,NASHVILLE,TN,37221,4811,WEST,36.0712,-86.9471,POINT (-86.9471 36.0712)
20190637548,08/26/2019 03:48:00 PM,2,1,0,,Y,330440,11,Front to Rear,2,RAIN,1,DAYLIGHT,12,MOTOR VEHICLE IN TRANSPORT,DOMINICAN DR & ROSA L PARKS BLVD,NASHVILLE,TN,37228,4445,NORTH,36.1879,-86.7985,POINT (-86.7985 36.1879)
20190906320,12/18/2019 09:40:00 PM,1,1,0,Y,N,179606,0,NOT COLLISION W/MOTOR VEHICLE-TRANSPORT,21,CLEAR,3,DARK - LIGHTED,36,CONCRETE TRAFFIC BARRIER,I65 S ENT RAMP & I 440,NASHVILLE,TN,37204,81061,MIDTOW,36.1171,-86.7714,POINT (-86.7714 36.1171)
20190910555,12/20/2019 01:20:00 PM,2,1,0,,N,462474,11,Front to Rear,22,CLOUDY,1,DAYLIGHT,12,MOTOR VEHICLE IN TRANSPORT,HARDING PL & TROUSDALE DR,NASHVILLE,TN,37220,8601,MIDTOW,36.0811,-86.7584,POINT (-86.7584 36.0811)
20190896221,12/14/2019 10:28:00 AM,3,0,0,,N,799013,11,Front to Rear,2,RAIN,1,DAYLIGHT,12;54,MOTOR VEHICLE IN TRANSPORT;Set In Motion By Motor Vehicle,OPRY MILLS DR & BRILEY PKWY S EXT RAMP,NASHVILLE,TN,37214,9209,HERMIT,36.1978,-86.6913,POINT (-86.6913 36.1978)