Accident Number,Date and Time,Number of Motor Vehicles,Number of Injuries,Number of Fatalities,Property Damage,Hit and Run,Reporting Officer,Collision Type Code,Collision Type Description,Weather Code,Weather Description,Illumination Code,Illumination Description,Harmful Code,Harmful Code Description,Street Address,City,State,ZIP,RPA,Precinct,Latitude,Longitude,Mapped Location
20190828461,11/15/2019 05:37:00 AM,3,0,0,,N,109534,0,NOT COLLISION W/MOTOR VEHICLE-TRANSPORT,21,CLEAR,3,DARK - LIGHTED,1;18;36,OTHER OBJECT (NOT FIXED);CONCRETE TRAFFIC BARRIER,MM 211 0 I 40,NASHVILLE,TN,37210,82020,HERMIT,36.1544,-86.7598,POINT (-86.7598 36.1544)
20190847283,11/22/2019 09:57:00 PM,1,0,0,,N,298866,0,NOT COLLISION W/MOTOR VEHICLE-TRANSPORT,21,CLEAR,3,DARK - LIGHTED,50,DEER (ANIMAL),STATE HWY 155 & KNOB RD,NASHVILLE,TN,37209,5021,WEST,36.1376,-86.8578,POINT (-86.8578 36.1376)
20190827061,11/14/2019 03:55:00 PM,3,1,0,,N,352156,4,ANGLE,21,CLEAR,5,DUSK,12,MOTOR VEHICLE IN TRANSPORT,TUSCULUM RD & PACKARD DR,NASHVILLE,TN,37211,8715,SOUTH,36.0589,-86.7089,POINT (-86.7089 36.0589)
20190857452,11/27/2019 12:30:00 PM,3,0,0,,N,352174,4,ANGLE,21,CLEAR,1,DAYLIGHT,12,MOTOR VEHICLE IN TRANSPORT,SOUTH ST & 12TH AVS,NASHVILLE,TN,37203,6805,MIDTOW,36.1474,-86.7857,POINT (-86.7857 36.1474)
20190819591,11/11/2019 05:23:00 PM,2,0,0,,Y,256389,5,SIDESWIPE - SAME DIRECTION,2,RAIN,3,DARK - LIGHTED,12,MOTOR VEHICLE IN TRANSPORT,MM 209 6 I 40,NASHVILLE,TN,37203,68021,MIDTOW,36.1494,-86.7836,POINT (-86.7836 36.1494)
20190914506,12/22/2019 05:11:00 PM,2,0,0,,Y,693098,6,SIDESWIPE - OPPOSITE DIRECTION,22,CLOUDY,3,DARK - LIGHTED,12,MOTOR VEHICLE IN TRANSPORT,63RD AVN & LOUISIANA AV,NASHVILLE,TN,37209,4615,WEST,36.166,-86.865,POINT (-86.865 36.166)
20190907494,12/19/2019 09:19:00 AM,2,0,0,,Y,226673,11,Front to Rear,21,CLEAR,1,DAYLIGHT,12,MOTOR VEHICLE IN TRANSPORT,SHELBY AV & I24 E EXT RAMP,NASHVILLE,TN,37213,1007,CENTRA,36.1664,-86.7654,POINT (-86.7654 36.1664)
20190698066,09/20/2019 10:03:00 AM,1,1,0,,N,352174,0,NOT COLLISION W/MOTOR VEHICLE-TRANSPORT,21,CLEAR,1,DAYLIGHT,8,PEDESTRIAN,HARDING PL & COVENTRY DR,NASHVILLE,TN,37211,8609,MIDTOW,36.0789,-86.7284,POINT (-86.7284 36.0789)
20190609450,08/15/2019 07:38:00 PM,1,2,0,,N,256391,0,NOT COLLISION W/MOTOR VEHICLE-TRANSPORT,21,CLEAR,3,DARK - LIGHTED,1;42,TREE,BUENA VISTA PKE & W TRINITY LN,NASHVILLE,TN,37218,3101,NORTH,36.2025,-86.8205,POINT (-86.8205 36.2025)
20190634810,08/25/2019 09:45:00 AM,2,1,0,,N,419952,11,Front to Rear,22,CLOUDY,1,DAYLIGHT,12,MOTOR VEHICLE IN TRANSPORT,KNOB RD & KENDALL DR,NASHVILLE,TN,37209,5105,WEST,36.139,-86.8535,POINT (-86.8535 36.139)
20190660084,09/04/2019 04:13:00 PM,2,0,0,,Y,299267,0,NOT COLLISION W/MOTOR VEHICLE-TRANSPORT,21,CLEAR,1,DAYLIGHT,7,,CHARLOTTE AV & 25TH AVN,NASHVILLE,TN,37203,5619,MIDTOW,36.1553,-86.8121,POINT (-86.8121 36.1553)
20190911201,12/20/2019 07:49:00 PM,3,0,0,,N,240955,11,Front to Rear,21,CLEAR,3,DARK - LIGHTED,12,MOTOR VEHICLE IN TRANSPORT,MM 59 6 I 24,ANTIOCH,TN,37013,88060,SOUTH,36.0438,-86.6561,POINT (-86.6561 36.0438)
20190900148,12/16/2019 12:19:00 PM,2,0,0,,N,226622,4,ANGLE,2,RAIN,1,DAYLIGHT,12,MOTOR VEHICLE IN TRANSPORT,MURPHY RD & 44TH AVN,NASHVILLE,TN,37209,5207,WEST,36.141,-86.8397,POINT (-86.8397 36.141)
20190788516,10/29/2019 12:00:00 AM,2,0,0,,N,278580,4,ANGLE,22,CLOUDY,1,DAYLIGHT,12,MOTOR VEHICLE IN TRANSPORT,MM 38 1 I 24,WHITES CREEK,TN,37189,33181,NORTH,36.3071,-86.8193,POINT (-86.8193 36.3071)
20190700487,09/21/2019 11:25:00 AM,2,1,0,,N,320595,11,Front to Rear,21,CLEAR,1,DAYLIGHT,12,MOTOR VEHICLE IN TRANSPORT,HARDING PL & LARGO DR,NASHVILLE,TN,37211,8705,SOUTH,36.0833,-86.7086,POINT (-86.7086 36.0833)
20190765299,10/19/2019 01:17:00 AM,1,1,0,,Y,240982,0,NOT COLLISION W/MOTOR VEHICLE-TRANSPORT,21,CLEAR,3,DARK - LIGHTED,8,PEDESTRIAN,DEMONBREUN ST & 5TH AVS,NASHVILLE,TN,37203,4057,CENTRA,36.1582,-86.7777,POINT (-86.7777 36.1582)
20190776126,10/23/2019 09:14:00 PM,1,0,0,Y,Y,429193,0,NOT COLLISION W/MOTOR VEHICLE-TRANSPORT,21,CLEAR,2,DARK - NOT LIGHTED,38;63,FENCE;Ran Off Road-Right,8125 RIVER ROAD PK & CUB CREEK RD,NASHVILLE,TN,37209,4705,WEST,36.1884,-86.9567,POINT (-86.9567 36.1884)
20190809899,11/07/2019 07:55:00 AM,2,0,0,,N,311325,5,SIDESWIPE - SAME DIRECTION,2,RAIN,1,DAYLIGHT,12,MOTOR VEHICLE IN TRANSPORT,MM 214 2 I 40,NASHVILLE,TN,37210,90062,HERMIT,36.1424,-86.7107,POINT (-86.7107 36.1424)
20190781297,10/26/2019 01:10:00 AM,1,0,0,,N,330420,0,NOT COLLISION W/MOTOR VEHICLE-TRANSPORT,2,RAIN,3,DARK - LIGHTED,36,CONCRETE TRAFFIC BARRIER,MM 211 7 I 40,NASHVILLE,TN,37210,82042,HERMIT,36.1499,-86.7483,POINT (-86.7483 36.1499)
20190682008,09/13/2019 04:54:00 PM,3,2,0,,N,352172,11,Front to Rear,21,CLEAR,1,DAYLIGHT,12,MOTOR VEHICLE IN TRANSPORT,MM 202 1 I 40,NASHVILLE,TN,37209,46027,WEST,36.1409,-86.8863,POINT (-86.8863 36.1409)
20190840834,11/20/2019 11:21:00 AM,3,7,1,,N,179602,11,Front to Rear,21,CLEAR,1,DAYLIGHT,12,MOTOR VEHICLE IN TRANSPORT,MM 206 6 I 40,NASHVILLE,TN,37208,53124,NORTH,36.1664,-86.8171,POINT (-86.8171 36.1664)
20190635478,08/25/2019 04:18:00 PM,2,0,0,,N,212330,11,Front to Rear,2,RAIN,1,DAYLIGHT,12,MOTOR VEHICLE IN TRANSPORT,MURFREESBORO PKE & PARRIS AV,NASHVILLE,TN,37210,8117,SOUTH,36.1438,-86.7473,POINT (-86.7473 36.1438)
20190795471,11/01/2019 06:40:00 AM,3,1,0,,N,405424,11,Front to Rear,21,CLEAR,4,DAWN,12,MOTOR VEHICLE IN TRANSPORT,HARBOR LIGHTS DR & BELL RD,NASHVILLE,TN,37217,8935,HERMIT,36.0939,-86.6249,POINT (-86.6249 36.0939)
20190775991,10/23/2019 07:56:00 PM,2,1,0,,Y,279116,4,ANGLE,21,CLEAR,3,DARK - LIGHTED,12,MOTOR VEHICLE IN TRANSPORT,FESSLERS LN & ELM HILL PKE,NASHVILLE,TN,37210,8211,HERMIT,36.1456,-86.744,POINT (-86.744 36.1456)
20190750441,10/12/2019 11:46:00 PM,3,1,0,,N,352205,2,HEAD-ON,21,CLEAR,3,DARK - LIGHTED,12,MOTOR VEHICLE IN TRANSPORT,MURFREESBORO PKE & CRUTCHFIELD AV,NASHVILLE,TN,37210,8159,SOUTH,36.138,-86.7299,POINT (-86.7299 36.138)
20190739301,10/08/2019 07:35:00 AM,2,1,0,,N,223502,11,Front to Rear,22,CLOUDY,1,DAYLIGHT,12,MOTOR VEHICLE IN TRANSPORT,MM 52 0 I 24,NASHVILLE,TN,37217,8816,SOUTH,36.1329,-86.7267,POINT (-86.7267 36.1329)
20190900948,12/16/2019 12:00:00 AM,1,0,0,Y,Y,279118,9,UNKNOWN,2,RAIN,3,DARK - LIGHTED,99,UNKNOWN MOST HARMFUL EVENT,ANTIOCH PKE & REEVES RD,ANTIOCH,TN,37013,8893,SOUTH,36.0655,-86.68,POINT (-86.68 36.0655)
20190735572,10/06/2019 12:10:00 PM,2,0,0,,Y,140804,9,UNKNOWN,22,CLOUDY,1,DAYLIGHT,14,PARKED MOTOR VEHICLE,S 6TH ST & WOODLAND ST,NASHVILLE,TN,37206,1117,EAST,36.1726,-86.7628,POINT (-86.7628 36.1726)
20190857190,11/27/2019 10:17:00 AM,2,0,0,,N,110063,5,SIDESWIPE - SAME DIRECTION,21,CLEAR,1,DAYLIGHT,12,MOTOR VEHICLE IN TRANSPORT,MM 88 0 I 65,NASHVILLE,TN,37207,18041,EAST,36.2165,-86.775,POINT (-86.775 36.2165)
20190667651,09/07/2019 10:30:00 PM,3,1,0,,N,161939,11,Front to Rear,21,CLEAR,3,DARK - LIGHTED,12,MOTOR VEHICLE IN TRANSPORT,NOLENSVILLE PKE & BREWER DR,NASHVILLE,TN,37211,8715,SOUTH,36.0535,-86.715,POINT (-86.715 36.0535)
20190768525,10/20/2019 06:33:00 PM,2,0,0,,N,179583,11,Front to Rear,21,CLEAR,3,DARK - LIGHTED,12,MOTOR VEHICLE IN TRANSPORT,I24E & I24 W EXT RAMP,NASHVILLE,TN,37210,8102,SOUTH,36.1336,-86.7269,POINT (-86.7269 36.1336)
20190723593,10/01/2019 10:11:00 AM,2,0,0,,Y,279230,6,SIDESWIPE - OPPOSITE DIRECTION,21,CLEAR,1,DAYLIGHT,14,PARKED MOTOR VEHICLE,3562 GRACEWOOD GROVE,ANTIOCH,TN,37013,8927,SOUTH,36.0525,-86.6061,POINT (-86.6061 36.0525)
20190903901,12/18/2019 12:13:00 AM,2,0,0,,N,384442,5,SIDESWIPE - SAME DIRECTION,21,CLEAR,3,DARK - LIGHTED,12,MOTOR VEHICLE IN TRANSPORT,6TH AVS & BROADWAY,NASHVILLE,TN,37203,4087,CENTRA,36.1594,-86.7796,POINT (-86.7796 36.1594)
20190685587,09/15/2019 09:48:00 AM,2,0,0,,N,311799,4,ANGLE,21,CLEAR,1,DAYLIGHT,12,MOTOR VEHICLE IN TRANSPORT,CREEKWOOD DR & CARTERWOOD DR,NASHVILLE,TN,37207,2031,MADISO,36.232,-86.7744,POINT (-86.7744 36.232)
20190761256,10/17/2019 11:45:00 AM,2,1,0,,N,405391,11,Front to Rear,21,CLEAR,1,DAYLIGHT,12,MOTOR VEHICLE IN TRANSPORT,HIGHWAY 70S & WATERFORD CIR,NASHVILLE,TN,37221,4811,WEST,36.0739,-86.928,POINT (-86.928 36.0739)
20190793151,10/31/2019 06:45:00 AM,2,0,0,,Y,474557,4,ANGLE,2,RAIN,1,DAYLIGHT,12,MOTOR VEHICLE IN TRANSPORT,PACKARD DR & EAST RIDGE DR,ANTIOCH,TN,37013,8713,SOUTH,36.0632,-86.7,POINT (-86.7 36.0632)
20190598433,08/11/2019 04:45:00 PM,1,0,0,Y,Y,179582,0,NOT COLLISION W/MOTOR VEHICLE-TRANSPORT,21,CLEAR,1,DAYLIGHT,38,FENCE,HAYWOOD LN & LOCUSTWOOD DR,NASHVILLE,TN,37211,8711,SOUTH,36.0689,-86.7031,POINT (-86.7031 36.0689)
20190621879,08/20/2019 01:30:00 PM,1,0,0,Y,N,320597,0,NOT COLLISION W/MOTOR VEHICLE-TRANSPORT,21,CLEAR,1,DAYLIGHT,40,MAIL BOX,WATERFORD WAY & NEWINGTON CV,ANTIOCH,TN,37013,8997,SOUTH,36.0828,-86.5868,POINT (-86.5868 36.0828)
20190924831,12/27/2019 11:20:00 PM,2,0,0,,Y,320590,11,Front to Rear,21,CLEAR,3,DARK - LIGHTED,14,PARKED MOTOR VEHICLE,AVONDALE CIR & HAMPTON ST,NASHVILLE,TN,37207,3019,NORTH,36.2089,-86.7791,POINT (-86.7791 36.2089)
20190750817,10/13/2019 03:22:00 AM,2,1,0,,Y,320584,4,ANGLE,21,CLEAR,3,DARK - LIGHTED,12,MOTOR VEHICLE IN TRANSPORT,I24 W ENT RAMP & I 24,NASHVILLE,TN,37206,1009,EAST,36.1666,-86.7638,POINT (-86.7638 36.1666)
20190721605,09/30/2019 12:47:00 PM,2,0,0,,Y,256380,9,UNKNOWN,21,CLEAR,1,DAYLIGHT,12,MOTOR VEHICLE IN TRANSPORT,MORENA ST & DR D B TODD JR BLVD,NASHVILLE,TN,37208,5331,NORTH,36.165,-86.8066,POINT (-86.8066 36.165)
20190799678,11/03/2019 02:15:00 AM,2,1,0,,N,109531,4,ANGLE,21,CLEAR,3,DARK - LIGHTED,12,MOTOR VEHICLE IN TRANSPORT,DOUGLAS AV & GALLATIN AV,NASHVILLE,TN,37206,1325,EAST,36.1927,-86.7444,POINT (-86.7444 36.1927)
20190690769,09/17/2019 03:53:00 PM,2,0,0,,N,320599,5,SIDESWIPE - SAME DIRECTION,21,CLEAR,1,DAYLIGHT,12,MOTOR VEHICLE IN TRANSPORT,MM 211 8 I 40,NASHVILLE,TN,37210,90022,HERMIT,36.149,-86.7465,POINT (-86.7465 36.149)
20190835070,11/18/2019 08:11:00 AM,1,0,0,Y,N,226622,0,NOT COLLISION W/MOTOR VEHICLE-TRANSPORT,21,CLEAR,1,DAYLIGHT,25;63,GUARDRAIL END;Ran Off Road-Right,MCCRORY LN & NEWSOM STATION RD,NASHVILLE,TN,37221,4713,WEST,36.0784,-87.0219,POINT (-87.0219 36.0784)
20190671272,09/09/2019 04:46:00 PM,2,0,0,,N,151132,4,ANGLE,21,CLEAR,1,DAYLIGHT,12,MOTOR VEHICLE IN TRANSPORT,GALLATIN PKEN & CUDE LN,MADISON,TN,37115,1731,MADISO,36.2998,-86.6965,POINT (-86.6965 36.2998)
20190675935,09/11/2019 11:15:00 AM,2,0,0,,N,343522,11,Front to Rear,21,CLEAR,1,DAYLIGHT,12,MOTOR VEHICLE IN TRANSPORT,SAWYER BROWN RD & GENERAL GEORGE PATTON,NASHVILLE,TN,37221,4811,WEST,36.0683,-86.9493,POINT (-86.9493 36.0683)
20190661382,09/05/2019 07:08:00 AM,2,0,0,,N,716886,11,Front to Rear,21,CLEAR,1,DAYLIGHT,12,MOTOR VEHICLE IN TRANSPORT,MM 62 1 I 24,ANTIOCH,TN,37013,8806,SOUTH,36.0195,-86.626,POINT (-86.626 36.0195)
20190695175,09/19/2019 07:37:00 AM,2,0,0,,Y,109534,16,Rear to Side,21,CLEAR,1,DAYLIGHT,12;99,MOTOR VEHICLE IN TRANSPORT;UNKNOWN MOST HARMFUL EVENT,HERMITAGE AV & DECATUR AV,NASHVILLE,TN,37210,9005,HERMIT,36.1536,-86.7536,POINT (-86.7536 36.1536)
20190871783,12/04/2019 07:15:00 AM,2,0,0,,Y,493309,4,ANGLE,21,CLEAR,1,DAYLIGHT,12,MOTOR VEHICLE IN TRANSPORT,STATE RT 45 & MCARTHUR DR,MADISON,TN,37115,1705,MADISO,36.2642,-86.6915,POINT (-86.6915 36.2642)
20190659028,09/04/2019 07:25:00 AM,2,0,0,,N,462474,5,SIDESWIPE - SAME DIRECTION,21,CLEAR,1,DAYLIGHT,12,MOTOR VEHICLE IN TRANSPORT,31ST AVN & WEST END AV,NASHVILLE,TN,37203,5625,MIDTOW,36.1427,-86.8156,POINT (-86.8156 36.1427)
20190683706,09/14/2019 10:34:00 AM,3,0,0,,N,110063,11,Front to Rear,21,CLEAR,1,DAYLIGHT,12,MOTOR VEHICLE IN TRANSPORT,MM 87 6 I 65,NASHVILLE,TN,37207,1804,EAST,36.2107,-86.7758,POINT (-86.7758 36.2107)
20190889446,12/11/2019 04:28:00 PM,2,0,0,,N,299257,4,ANGLE,21,CLEAR,1,DAYLIGHT,12,MOTOR VEHICLE IN TRANSPORT,SIDCO DR & CSX DR,NASHVILLE,TN,37204,8531,MIDTOW,36.0836,-86.7616,POINT (-86.7616 36.0836)
20190795269,11/01/2019 03:20:00 AM,2,0,0,,Y,320578,11,Front to Rear,21,CLEAR,2,DARK - NOT LIGHTED,12,MOTOR VEHICLE IN TRANSPORT,MM 57 0 I 24,NASHVILLE,TN,37211,8708,SOUTH,36.0695,-86.6897,POINT (-86.6897 36.0695)
20190805760,11/05/2019 04:13:00 PM,2,2,0,,N,320594,4,ANGLE,21,CLEAR,1,DAYLIGHT,13,MOTOR VEHICLE IN TRANSPORT-OTHER ROADWAY,OLD HICKORY BLVD & FELLOWSHIP LN,OLD HICKORY,TN,37138,9607,HERMIT,36.238,-86.6291,POINT (-86.6291 36.238)
20190639913,08/27/2019 02:10:00 PM,2,0,0,,N,352195,4,ANGLE,21,CLEAR,1,DAYLIGHT,12,MOTOR VEHICLE IN TRANSPORT,ANDERSON RD & FOREST TRACE DR,ANTIOCH,TN,37013,8979,SOUTH,36.0744,-86.6296,POINT (-86.6296 36.0744)
20190824344,11/13/2019 01:13:00 PM,2,0,0,,N,384442,11,Front to Rear,21,CLEAR,1,DAYLIGHT,12,MOTOR VEHICLE IN TRANSPORT,POWELL AV & BRANSFORD AV,NASHVILLE,TN,37204,8525,MIDTOW,36.1122,-86.767,POINT (-86.767 36.1122)
20190856074,11/26/2019 08:48:00 PM,1,0,0,,N,256382,0,NOT COLLISION W/MOTOR VEHICLE-TRANSPORT,2,RAIN,3,DARK - LIGHTED,25,GUARDRAIL END,MM 211 5 I 40,NASHVILLE,TN,37210,8204,HERMIT,36.1514,-86.7517,POINT (-86.7517 36.1514)
20190650299,08/31/2019 01:07:00 PM,2,0,0,,N,140804,98,OTHER,21,CLEAR,1,DAYLIGHT,12,MOTOR VEHICLE IN TRANSPORT,BERRYWOOD RD & STRATFORD AV,NASHVILLE,TN,37216,1435,EAST,36.2057,-86.7163,POINT (-86.7163 36.2057)
20190627188,08/22/2019 11:30:00 AM,2,0,0,,N,755026,5,SIDESWIPE - SAME DIRECTION,21,CLEAR,1,DAYLIGHT,12,MOTOR VEHICLE IN TRANSPORT,I24E & I24 E ENT RAMP,NASHVILLE,TN,37210,8102,SOUTH,36.1363,-86.727,POINT (-86.727 36.1363)
20190842806,11/21/2019 07:05:00 AM,2,1,0,,N,769379,4,ANGLE,21,CLEAR,1,DAYLIGHT,12;39,MOTOR VEHICLE IN TRANSPORT;WALL,ANTIOCH PKE & CANDY LN,NASHVILLE,TN,37211,8845,SOUTH,36.0918,-86.697,POINT (-86.697 36.0918)
20190792518,10/30/2019 10:35:00 PM,2,0,0,,Y,212342,4,ANGLE,21,CLEAR,3,DARK - LIGHTED,12,MOTOR VEHICLE IN TRANSPORT,US HWY 41 & MCGAVOCK PIKE,NASHVILLE,TN,37217,8835,SOUTH,36.1134,-86.6904,POINT (-86.6904 36.1134)
20190884175,12/09/2019 04:49:00 PM,2,0,0,,N,352168,11,Front to Rear,22,CLOUDY,5,DUSK,12,MOTOR VEHICLE IN TRANSPORT,GRANNY WHITE PKE & OLD HICKORY BLVD,NASHVILLE,TN,37220,7111,MIDTOW,36.0397,-86.8164,POINT (-86.8164 36.0397)
20190713763,09/26/2019 11:57:00 PM,1,1,0,,N,352183,0,NOT COLLISION W/MOTOR VEHICLE-TRANSPORT,21,CLEAR,2,DARK - NOT LIGHTED,1,,EAST THOMPSON LN & EAST THOMPSON LN,NASHVILLE,TN,37211,8423,SOUTH,36.1095,-86.7281,POINT (-86.7281 36.1095)
20190657220,09/03/2019 02:02:00 PM,2,0,0,,N,716886,11,Front to Rear,21,CLEAR,1,DAYLIGHT,12,MOTOR VEHICLE IN TRANSPORT,HARDING PL & I24 W ENT RAMP,NASHVILLE,TN,37211,8889,SOUTH,36.0868,-86.6977,POINT (-86.6977 36.0868)
20190917023,12/23/2019 09:40:00 PM,2,0,0,,N,206682,3,REAR-TO-REAR,21,CLEAR,3,DARK - LIGHTED,14,PARKED MOTOR VEHICLE,LONDON BRIDGE RD & SANDHURST DR,MADISON,TN,37115,1635,MADISO,36.2612,-86.678,POINT (-86.678 36.2612)
20190616238,08/18/2019 02:39:00 PM,1,0,0,,N,429193,0,NOT COLLISION W/MOTOR VEHICLE-TRANSPORT,21,CLEAR,1,DAYLIGHT,47,FIRE HYDRANT,6585 CABOT DR & CABOT DR,NASHVILLE,TN,37209,4677,WEST,36.1392,-86.89,POINT (-86.89 36.1392)
20190930094,12/30/2019 04:01:00 PM,2,0,0,,Y,352204,5,SIDESWIPE - SAME DIRECTION,21,CLEAR,1,DAYLIGHT,12,MOTOR VEHICLE IN TRANSPORT,OLD HICKORY BLVD & BELLEVUE VALLEY PLAZA,NASHVILLE,TN,37221,4901,WEST,36.0734,-86.9207,POINT (-86.9207 36.0734)
20190749739,10/12/2019 03:44:00 PM,2,0,0,,N,405418,5,SIDESWIPE - SAME DIRECTION,21,CLEAR,1,DAYLIGHT,12,MOTOR VEHICLE IN TRANSPORT,OLD HICKORY BLVD & HEALTH PARK DR,BRENTWOOD,TN,37027,8623,MIDTOW,36.0408,-86.7735,POINT (-86.7735 36.0408)
20190630299,08/23/2019 01:09:00 PM,2,0,0,,N,320595,4,ANGLE,22,CLOUDY,1,DAYLIGHT,12,MOTOR VEHICLE IN TRANSPORT,MURFREESBORO PKE & GLENGARRY DR,NASHVILLE,TN,37217,8823,HERMIT,36.1208,-86.7036,POINT (-86.7036 36.1208)
20190819449,11/11/2019 04:02:00 PM,2,0,0,,N,109536,11,Front to Rear,2,RAIN,5,DUSK,12,MOTOR VEHICLE IN TRANSPORT,MM 94 2 I 65,GOODLETTSVILLE,TN,37072,17061,MADISO,36.2904,-86.723,POINT (-86.723 36.2904)
20190766434,10/19/2019 01:15:00 PM,2,0,0,,N,330431,11,Front to Rear,22,CLOUDY,1,DAYLIGHT,12,MOTOR VEHICLE IN TRANSPORT,MM 39 4 I 24,WHITES CREEK,TN,37189,3314,NORTH,36.2912,-86.8102,POINT (-86.8102 36.2912)
20190920026,12/25/2019 02:06:00 PM,1,1,0,Y,N,352161,0,NOT COLLISION W/MOTOR VEHICLE-TRANSPORT,21,CLEAR,1,DAYLIGHT,32,CULVERT,WHITES CREEK PKE & LAWS RD,WHITES CREEK,TN,37189,3305,NORTH,36.2876,-86.8432,POINT (-86.8432 36.2876)
20190784419,10/27/2019 08:32:00 PM,3,1,0,,Y,320597,2,HEAD-ON,21,CLEAR,3,DARK - LIGHTED,12,MOTOR VEHICLE IN TRANSPORT,ANTIOCH PKE & BLUE HOLE RD,ANTIOCH,TN,37013,8857,SOUTH,36.06,-86.6721,POINT (-86.6721 36.06)
20190841579,11/20/2019 05:32:00 PM,2,0,0,,N,298877,11,Front to Rear,21,CLEAR,3,DARK - LIGHTED,12,MOTOR VEHICLE IN TRANSPORT,HARDING PL & HARDING MALL DR,NASHVILLE,TN,37211,8705,SOUTH,36.0804,-86.7218,POINT (-86.7218 36.0804)
20190819529,11/11/2019 04:48:00 PM,2,0,0,,Y,134903,9,UNKNOWN,2,RAIN,5,DUSK,12,MOTOR VEHICLE IN TRANSPORT,CENTRAL PKE ENT RAMP & I40 E EXT RAMP,HERMITAGE,TN,37076,95100,HERMIT,36.1731,-86.6056,POINT (-86.6056 36.1731)
20190734706,10/06/2019 12:39:00 AM,3,0,0,,Y,298866,5,SIDESWIPE - SAME DIRECTION,21,CLEAR,3,DARK - LIGHTED,12,MOTOR VEHICLE IN TRANSPORT,MM 1 8 I 440,NASHVILLE,TN,37205,6004,WEST,36.1322,-86.8186,POINT (-86.8186 36.1322)
20190673818,09/10/2019 03:40:00 PM,2,0,0,,Y,320581,5,SIDESWIPE - SAME DIRECTION,22,CLOUDY,1,DAYLIGHT,12,MOTOR VEHICLE IN TRANSPORT,ALAMEDA ST & 26TH AVN,NASHVILLE,TN,37208,5307,NORTH,36.166,-86.8172,POINT (-86.8172 36.166)
20190855602,11/26/2019 05:33:00 PM,2,0,0,,N,384423,4,ANGLE,2,RAIN,3,DARK - LIGHTED,12,MOTOR VEHICLE IN TRANSPORT,HIGHWAY 70S & BELLEVUE CTR PVTDR,NASHVILLE,TN,37221,4811,WEST,36.0785,-86.9508,POINT (-86.9508 36.0785)
20190841470,11/20/2019 01:40:00 PM,1,0,0,Y,N,311344,0,NOT COLLISION W/MOTOR VEHICLE-TRANSPORT,21,CLEAR,1,DAYLIGHT,7,,INGRAM RD & LICKTON PKE,WHITES CREEK,TN,37189,2105,MADISO,36.295,-86.8097,POINT (-86.8097 36.295)
20190714973,09/27/2019 12:33:00 PM,1,0,0,,N,140808,0,NOT COLLISION W/MOTOR VEHICLE-TRANSPORT,21,CLEAR,1,DAYLIGHT,4,,GREEN VALLEY DR & GREEN VALLEY CT,NASHVILLE,TN,37220,7111,MIDTOW,36.0529,-86.7845,POINT (-86.7845 36.0529)
20190790785,10/30/2019 07:20:00 AM,2,2,0,,N,665896,2,HEAD-ON,2,RAIN,1,DAYLIGHT,12,MOTOR VEHICLE IN TRANSPORT,GALLATIN PKE & STRATFORD AV,NASHVILLE,TN,37216,1817,EAST,36.2147,-86.7304,POINT (-86.7304 36.2147)
20190666237,09/07/2019 04:21:00 AM,1,1,0,,N,110090,0,NOT COLLISION W/MOTOR VEHICLE-TRANSPORT,21,CLEAR,3,DARK - LIGHTED,1;34,DITCH,MURFREESBORO PKE & OLD HICKORY BLVD,ANTIOCH,TN,37013,8867,SOUTH,36.0413,-86.6051,POINT (-86.6051 36.0413)
20190864003,11/30/2019 11:11:00 PM,1,0,0,,N,352212,0,NOT COLLISION W/MOTOR VEHICLE-TRANSPORT,2,RAIN,3,DARK - LIGHTED,30;31;64;71,"UTILITY POLE;OTHER POST, POLE, SUPP.;Ran Off Road-Left;EMBANKMENT EARTH",4100 GALLATIN PIKE,NASHVILLE,TN,37216,1425,EAST,36.2207,-86.7268,POINT (-86.7268 36.2207)
20190851196,11/25/2019 12:00:00 AM,2,2,0,,N,481573,4,ANGLE,21,CLEAR,3,DARK - LIGHTED,12,MOTOR VEHICLE IN TRANSPORT,NOLENSVILLE PKE & TUSCULUM RD,NASHVILLE,TN,37211,8715,SOUTH,36.0587,-86.7162,POINT (-86.7162 36.0587)
20190895255,12/13/2019 09:35:00 PM,3,0,0,,Y,717341,11,Front to Rear,21,CLEAR,3,DARK - LIGHTED,12,MOTOR VEHICLE IN TRANSPORT,MURFREESBORO PKE & MOUNTAIN SPRINGS RD,ANTIOCH,TN,37013,8927,SOUTH,36.0478,-86.6121,POINT (-86.6121 36.0478)
20190758486,10/16/2019 09:30:00 AM,2,0,0,,N,223502,11,Front to Rear,21,CLEAR,1,DAYLIGHT,12,MOTOR VEHICLE IN TRANSPORT,UNA ANTIOCH PKE & BILLINGSGATE RD,ANTIOCH,TN,37013,8861,SOUTH,36.0752,-86.6623,POINT (-86.6623 36.0752)
20190913589,12/22/2019 04:10:00 AM,2,0,0,,Y,256493,4,ANGLE,21,CLEAR,3,DARK - LIGHTED,12,MOTOR VEHICLE IN TRANSPORT,RAVINE DR & FLINTLOCK PL,NASHVILLE,TN,37217,8937,HERMIT,36.083,-86.6373,POINT (-86.6373 36.083)
20190840406,11/20/2019 08:20:00 AM,2,0,0,,N,222047,11,Front to Rear,21,CLEAR,1,DAYLIGHT,12,MOTOR VEHICLE IN TRANSPORT,2700 SMITH SPRINGS RD,NASHVILLE,TN,37217,8987,HERMIT,36.0904,-86.6263,POINT (-86.6263 36.0904)