Accident Number,Date and Time,Number of Motor Vehicles,Number of Injuries,Number of Fatalities,Property Damage,Hit and Run,Reporting Officer,Collision Type Code,Collision Type Description,Weather Code,Weather Description,Illumination Code,Illumination Description,Harmful Code,Harmful Code Description,Street Address,City,State,ZIP,RPA,Precinct,Latitude,Longitude,Mapped Location
20190695517,09/19/2019 10:15:00 AM,2,0,0,,N,212318,11,Front to Rear,21,CLEAR,1,DAYLIGHT,12,MOTOR VEHICLE IN TRANSPORT,US HWY 31 & ROBERTSON ACADEMY RD,NASHVILLE,TN,37220,7103,MIDTOW,36.082,-86.7725,POINT (-86.7725 36.082)
20190630342,08/23/2019 01:34:00 PM,2,0,0,,N,352205,11,Front to Rear,21,CLEAR,1,DAYLIGHT,12,MOTOR VEHICLE IN TRANSPORT,OLD HICKORY BLVD & ANDREW JACKSON PKWY,HERMITAGE,TN,37076,9561,HERMIT,36.1836,-86.6107,POINT (-86.6107 36.1836)
20190831396,11/16/2019 12:30:00 PM,2,0,0,,N,279227,11,Front to Rear,21,CLEAR,1,DAYLIGHT,12,MOTOR VEHICLE IN TRANSPORT,TUSCULUM RD & BENZING RD,ANTIOCH,TN,37013,8713,SOUTH,36.1565,-86.7372,POINT (-86.7372 36.1565)
20190730880,10/04/2019 07:44:00 AM,2,0,0,,N,538214,5,SIDESWIPE - SAME DIRECTION,21,CLEAR,1,DAYLIGHT,12,MOTOR VEHICLE IN TRANSPORT,GEORGE L DAVIS BLVD & I40 W EXT RAMP,NASHVILLE,TN,37203,4119,CENTRA,36.1582,-86.7904,POINT (-86.7904 36.1582)
20190786234,10/28/2019 02:31:00 PM,2,0,0,,Y,330428,4,ANGLE,21,CLEAR,1,DAYLIGHT,12,MOTOR VEHICLE IN TRANSPORT,49TH AVN & DELAWARE AV,NASHVILLE,TN,37209,4543,WEST,36.1546,-86.8461,POINT (-86.8461 36.1546)
20190724964,10/01/2019 10:55:00 PM,2,0,0,,N,256493,4,ANGLE,21,CLEAR,3,DARK - LIGHTED,12,MOTOR VEHICLE IN TRANSPORT,STEWARTS FERRY PKE & LEBANON PKE,NASHVILLE,TN,37214,9401,HERMIT,36.1684,-86.6569,POINT (-86.6569 36.1684)
20190895069,12/13/2019 12:00:00 AM,2,0,0,,N,279233,4,ANGLE,2,RAIN,3,DARK - LIGHTED,12,MOTOR VEHICLE IN TRANSPORT,BAUGH RD & BELLEVUE RD,NASHVILLE,TN,37221,4811,WEST,36.0689,-86.9414,POINT (-86.9414 36.0689)
20190698584,09/20/2019 02:57:00 PM,2,0,0,,N,299267,4,ANGLE,21,CLEAR,1,DAYLIGHT,12,MOTOR VEHICLE IN TRANSPORT,14TH AVN & CHARLOTTE AV,NASHVILLE,TN,37203,5425,NORTH,36.161,-86.7937,POINT (-86.7937 36.161)
20190920928,12/26/2019 12:00:00 AM,2,0,0,,Y,256414,5,SIDESWIPE - SAME DIRECTION,21,CLEAR,3,DARK - LIGHTED,14,PARKED MOTOR VEHICLE,BARKSDALE LN & FOREST VIEW DR,ANTIOCH,TN,37013,8979,SOUTH,36.0701,-86.6286,POINT (-86.6286 36.0701)
20190825419,11/13/2019 09:50:00 PM,1,0,0,Y,Y,161945,0,NOT COLLISION W/MOTOR VEHICLE-TRANSPORT,21,CLEAR,3,DARK - LIGHTED,40,MAIL BOX,NORTHCREST DR & COTTON LN,NASHVILLE,TN,37211,8659,MIDTOW,36.067,-86.725,POINT (-86.725 36.067)
20190929803,12/30/2019 01:56:00 PM,1,0,0,,N,279211,0,NOT COLLISION W/MOTOR VEHICLE-TRANSPORT,21,CLEAR,1,DAYLIGHT,34;63,DITCH;Ran Off Road-Right,CREEKWOOD DR & LARKSPUR DR,NASHVILLE,TN,37207,2005,MADISO,36.2347,-86.767,POINT (-86.767 36.2347)
20190667513,09/07/2019 09:01:00 PM,2,2,0,,N,256383,6,SIDESWIPE - OPPOSITE DIRECTION,21,CLEAR,3,DARK - LIGHTED,12,MOTOR VEHICLE IN TRANSPORT,BELL RD & MT VIEW RD,ANTIOCH,TN,37013,8865,SOUTH,36.05,-86.6496,POINT (-86.6496 36.05)
20190637415,08/26/2019 01:59:00 PM,1,0,0,Y,N,330428,0,NOT COLLISION W/MOTOR VEHICLE-TRANSPORT,22,CLOUDY,1,DAYLIGHT,19,BUILDING,MORROW RD & MARILYN RD,NASHVILLE,TN,37209,4625,WEST,36.1621,-86.8607,POINT (-86.8607 36.1621)
20190582679,08/05/2019 10:00:00 PM,1,1,0,Y,N,717341,0,NOT COLLISION W/MOTOR VEHICLE-TRANSPORT,21,CLEAR,1,DAYLIGHT,38,FENCE,CANE RIDGE RD & BLAIRFIELD DR,ANTIOCH,TN,37013,8765,SOUTH,36.0134,-86.6404,POINT (-86.6404 36.0134)
20190604070,08/13/2019 06:41:00 PM,2,0,0,,N,256383,5,SIDESWIPE - SAME DIRECTION,22,CLOUDY,1,DAYLIGHT,12,MOTOR VEHICLE IN TRANSPORT,MURFREESBORO PKE & HAMILTON CHURCH RD,ANTIOCH,TN,37013,8865,SOUTH,36.0649,-86.6286,POINT (-86.6286 36.0649)
20190780478,10/25/2019 04:53:00 PM,3,3,0,,N,256417,11,Front to Rear,2,RAIN,1,DAYLIGHT,12,MOTOR VEHICLE IN TRANSPORT,LEBANON PKE & ANDREW JACKSON PKWY,HERMITAGE,TN,37076,9537,HERMIT,36.2151,-86.5962,POINT (-86.5962 36.2151)
20190743064,10/09/2019 07:29:00 PM,2,0,0,,N,352196,11,Front to Rear,21,CLEAR,3,DARK - LIGHTED,12,MOTOR VEHICLE IN TRANSPORT,BLUE HOLE RD & BELL RD,ANTIOCH,TN,37013,8721,SOUTH,36.0458,-86.6744,POINT (-86.6744 36.0458)
20190786200,10/28/2019 02:14:00 PM,2,1,0,,N,579971,2,HEAD-ON,21,CLEAR,1,DAYLIGHT,12,MOTOR VEHICLE IN TRANSPORT,ANTIOCH PKE & HARDING PL,NASHVILLE,TN,37211,8847,SOUTH,36.0874,-86.6922,POINT (-86.6922 36.0874)
20190828893,11/15/2019 09:03:00 AM,2,0,0,,Y,225950,11,Front to Rear,21,CLEAR,1,DAYLIGHT,12,MOTOR VEHICLE IN TRANSPORT,17TH AVN & STATE ST,NASHVILLE,TN,37203,5513,MIDTOW,36.1568,-86.7967,POINT (-86.7967 36.1568)
20190912415,12/23/2019 01:13:00 PM,3,0,0,,Y,812949,11,Front to Rear,21,CLEAR,1,DAYLIGHT,12,MOTOR VEHICLE IN TRANSPORT,MM 35 7 I 24,WHITES CREEK,TN,37189,2212,NORTH,36.3216,-86.8549,POINT (-86.8549 36.3216)
20190666667,09/07/2019 10:45:00 AM,2,0,0,,N,876581,4,ANGLE,21,CLEAR,1,DAYLIGHT,12,MOTOR VEHICLE IN TRANSPORT,GALLATIN PKEN & CUDE LN,MADISON,TN,37115,1731,MADISO,36.2998,-86.6965,POINT (-86.6965 36.2998)
20190710308,09/25/2019 12:00:00 AM,1,0,0,Y,N,151131,0,NOT COLLISION W/MOTOR VEHICLE-TRANSPORT,21,CLEAR,1,DAYLIGHT,40,MAIL BOX,HYDES FERRY RD & S HAMILTON RD,NASHVILLE,TN,37218,3131,NORTH,36.1883,-86.8369,POINT (-86.8369 36.1883)
20190716614,09/28/2019 02:37:00 AM,2,2,0,,N,352170,11,Front to Rear,21,CLEAR,3,DARK - LIGHTED,12,MOTOR VEHICLE IN TRANSPORT,THE OVERLOOK PVTDR & CAMBRIDGE APTS PVTD,ANTIOCH,TN,37013,8861,SOUTH,36.0598,-86.6416,POINT (-86.6416 36.0598)
20190693404,09/18/2019 02:19:00 PM,2,0,0,,N,191578,5,SIDESWIPE - SAME DIRECTION,21,CLEAR,1,DAYLIGHT,12;36,MOTOR VEHICLE IN TRANSPORT;CONCRETE TRAFFIC BARRIER,MM 221 5 I 40,HERMITAGE,TN,37076,95020,HERMIT,36.1698,-86.5879,POINT (-86.5879 36.1698)
20190664710,09/06/2019 02:10:00 PM,2,1,0,,N,429188,11,Front to Rear,21,CLEAR,1,DAYLIGHT,12,MOTOR VEHICLE IN TRANSPORT,MM 59 6 I 24,ANTIOCH,TN,37013,88060,SOUTH,36.0438,-86.6561,POINT (-86.6561 36.0438)
20190907856,12/19/2019 12:25:00 PM,2,3,0,,N,109534,11,Front to Rear,21,CLEAR,1,DAYLIGHT,12,MOTOR VEHICLE IN TRANSPORT,BRILEY PKWYN & GLASTONBURY RD,NASHVILLE,TN,37217,8998,HERMIT,36.1372,-86.6996,POINT (-86.6996 36.1372)
20190689656,09/17/2019 07:22:00 AM,4,1,0,,N,109534,11,Front to Rear,21,CLEAR,1,DAYLIGHT,12,MOTOR VEHICLE IN TRANSPORT,I40 W ENT RAMP & I 40,NASHVILLE,TN,37210,9007,HERMIT,36.1484,-86.7454,POINT (-86.7454 36.1484)
20190645023,08/29/2019 01:40:00 PM,2,0,0,,N,633381,4,ANGLE,21,CLEAR,1,DAYLIGHT,12,MOTOR VEHICLE IN TRANSPORT,MT VIEW RD & BABY RUTH LN,ANTIOCH,TN,37013,8863,SOUTH,36.0433,-86.6408,POINT (-86.6408 36.0433)
20190703247,09/22/2019 12:00:00 AM,2,0,0,,Y,298875,11,Front to Rear,21,CLEAR,3,DARK - LIGHTED,12,MOTOR VEHICLE IN TRANSPORT,HARDING PL & ANTIOCH PKE,NASHVILLE,TN,37211,8843,SOUTH,36.0878,-86.6914,POINT (-86.6914 36.0878)
20190833814,11/17/2019 06:56:00 PM,2,0,0,,Y,320597,2,HEAD-ON,21,CLEAR,3,DARK - LIGHTED,12,MOTOR VEHICLE IN TRANSPORT,EDGE O LAKE DR & RICE RD,ANTIOCH,TN,37013,8861,SOUTH,36.0728,-86.6462,POINT (-86.6462 36.0728)
20190911009,12/20/2019 06:43:00 PM,2,0,0,,Y,279116,5,SIDESWIPE - SAME DIRECTION,22,CLOUDY,3,DARK - LIGHTED,12,MOTOR VEHICLE IN TRANSPORT,MM 78 6 I 65,NASHVILLE,TN,37204,7002,MIDTOW,36.0936,-86.7628,POINT (-86.7628 36.0936)
20190776172,10/23/2019 09:53:00 PM,3,0,0,Y,Y,887598,0,NOT COLLISION W/MOTOR VEHICLE-TRANSPORT,21,CLEAR,3,DARK - LIGHTED,16;75,THROWN OR FALLING OBJECT;Bridge/Overhead Structure,MM 3 3 I 440,NASHVILLE,TN,37215,6422,MIDTOW,36.1163,-86.7985,POINT (-86.7985 36.1163)
20190873463,12/04/2019 09:40:00 PM,1,0,0,,N,337276,0,NOT COLLISION W/MOTOR VEHICLE-TRANSPORT,21,CLEAR,2,DARK - NOT LIGHTED,11,OTHER ANIMAL,SCOTT AVE & DOUGLAS AVE,NASHVILLE,TN,37206,1347,EAST,36.1912,-86.7333,POINT (-86.7333 36.1912)
20190892399,12/12/2019 04:54:00 PM,1,0,0,,Y,151132,0,NOT COLLISION W/MOTOR VEHICLE-TRANSPORT,21,CLEAR,5,DUSK,34;63,DITCH;Ran Off Road-Right,DICKERSON PKE & DARBYTOWN DR,MADISON,TN,37115,2039,MADISO,36.266,-86.7569,POINT (-86.7569 36.266)
20190846916,11/22/2019 06:58:00 PM,4,4,0,,N,240979,4,ANGLE,21,CLEAR,3,DARK - LIGHTED,12,MOTOR VEHICLE IN TRANSPORT,BROADMOOR DR & US HWY 31W,NASHVILLE,TN,37207,1811,EAST,36.2294,-86.7593,POINT (-86.7593 36.2294)
20190820962,11/12/2019 07:31:00 AM,2,0,0,,N,676834,11,Front to Rear,21,CLEAR,,,12,MOTOR VEHICLE IN TRANSPORT,CHARLOTTE AV & 16TH AVN,NASHVILLE,TN,37203,5503,MIDTOW,36.1595,-86.7964,POINT (-86.7964 36.1595)
20190744299,10/10/2019 08:01:00 AM,2,0,0,Y,N,226098,5,SIDESWIPE - SAME DIRECTION,21,CLEAR,1,DAYLIGHT,12;37,MOTOR VEHICLE IN TRANSPORT;Other Traffic Barrier,MM 37 1 I 24,WHITES CREEK,TN,37189,33181,NORTH,36.3164,-86.8344,POINT (-86.8344 36.3164)
20190852124,11/25/2019 09:58:00 AM,3,1,0,,N,544481,5,SIDESWIPE - SAME DIRECTION,21,CLEAR,1,DAYLIGHT,12,MOTOR VEHICLE IN TRANSPORT,MM 47 2 I 24,NASHVILLE,TN,37207,19021,EAST,36.1858,-86.7752,POINT (-86.7752 36.1858)
20190883090,12/09/2019 08:08:00 AM,2,0,0,,N,468030,0,NOT COLLISION W/MOTOR VEHICLE-TRANSPORT,22,CLOUDY,1,DAYLIGHT,16,THROWN OR FALLING OBJECT,I65 N ENT RAMP & BRILEY PKWYE,NASHVILLE,TN,37216,1805,EAST,36.2401,-86.7504,POINT (-86.7504 36.2401)
20190674167,09/10/2019 08:07:00 PM,2,2,0,,Y,717341,11,Front to Rear,22,CLOUDY,3,DARK - LIGHTED,12,MOTOR VEHICLE IN TRANSPORT,BELL RD & CANE RIDGE RD,ANTIOCH,TN,37013,8753,SOUTH,36.0449,-86.6631,POINT (-86.6631 36.0449)
20190873144,12/04/2019 06:10:00 PM,2,0,0,,N,330413,4,ANGLE,21,CLEAR,3,DARK - LIGHTED,12,MOTOR VEHICLE IN TRANSPORT,US HWY 31 ALT & RAMP,NASHVILLE,TN,37210,8153,SOUTH,36.1505,-86.7703,POINT (-86.7703 36.1505)
20190642024,08/28/2019 08:04:00 AM,2,0,0,,N,334981,5,SIDESWIPE - SAME DIRECTION,21,CLEAR,1,DAYLIGHT,12,MOTOR VEHICLE IN TRANSPORT,MM 213 0 I 40,NASHVILLE,TN,37210,8219,HERMIT,36.1407,-86.7323,POINT (-86.7323 36.1407)
20190770257,10/21/2019 01:38:00 PM,2,1,0,,N,334981,11,Front to Rear,2,RAIN,1,DAYLIGHT,12,MOTOR VEHICLE IN TRANSPORT,NOLENSVILLE PKE & I440 E ENT RAMP,NASHVILLE,TN,37210,8319,SOUTH,36.1203,-86.7499,POINT (-86.7499 36.1203)
20190693738,09/18/2019 05:25:00 PM,2,0,0,,N,807344,4,ANGLE,21,CLEAR,1,DAYLIGHT,12,MOTOR VEHICLE IN TRANSPORT,COWAN ST & SPRING ST,NASHVILLE,TN,37213,1987,CENTRA,36.177,-86.7761,POINT (-86.7761 36.177)
20190805487,11/05/2019 01:45:00 PM,2,0,0,,N,462474,5,SIDESWIPE - SAME DIRECTION,21,CLEAR,1,DAYLIGHT,12,MOTOR VEHICLE IN TRANSPORT,WEDGEWOOD AV & 15TH AVS,NASHVILLE,TN,37212,6615,MIDTOW,36.136,-86.7919,POINT (-86.7919 36.136)
20190855633,11/26/2019 06:05:00 PM,2,0,0,,N,140806,4,ANGLE,2,RAIN,3,DARK - LIGHTED,12,MOTOR VEHICLE IN TRANSPORT,ACKLEN AV & 12TH AVS,NASHVILLE,TN,37204,6943,MIDTOW,36.1338,-86.7888,POINT (-86.7888 36.1338)
20190593060,08/09/2019 12:00:00 PM,2,0,0,,Y,676834,4,ANGLE,21,CLEAR,1,DAYLIGHT,12,MOTOR VEHICLE IN TRANSPORT,BRICK CHURCH PKE & W TRINITY LN,NASHVILLE,TN,37207,3003,NORTH,36.2064,-86.7779,POINT (-86.7779 36.2064)
20190745209,10/10/2019 04:21:00 PM,2,1,0,,N,279211,4,ANGLE,21,CLEAR,1,DAYLIGHT,12,MOTOR VEHICLE IN TRANSPORT,SKYLINE COMMONS PVTDR & DOVERSIDE DR,NASHVILLE,TN,37207,2011,MADISO,36.2442,-86.7622,POINT (-86.7622 36.2442)
20190763332,10/18/2019 07:16:00 AM,2,0,0,,N,109534,4,ANGLE,21,CLEAR,1,DAYLIGHT,12,MOTOR VEHICLE IN TRANSPORT,LEBANON PKE & CLOVERNOOK DR,NASHVILLE,TN,37210,9019,HERMIT,36.1547,-86.7124,POINT (-86.7124 36.1547)
20190658639,09/04/2019 03:10:00 AM,1,0,0,,N,197075,0,NOT COLLISION W/MOTOR VEHICLE-TRANSPORT,21,CLEAR,3,DARK - LIGHTED,50,DEER (ANIMAL),DICKERSON PKES & ROBERT CARTWRIGHT DR,GOODLETTSVILLE,TN,37072,2113,MADISO,36.2958,-86.7267,POINT (-86.7267 36.2958)
20190634934,08/25/2019 11:34:00 AM,3,2,0,,N,279230,4,ANGLE,,,1,DAYLIGHT,12,MOTOR VEHICLE IN TRANSPORT,NOLENSVILLE PKE & SWISS AV,ANTIOCH,TN,37013,8757,SOUTH,36.0425,-86.7129,POINT (-86.7129 36.0425)
20190895961,12/14/2019 07:02:00 AM,1,1,0,Y,N,834798,0,NOT COLLISION W/MOTOR VEHICLE-TRANSPORT,21,CLEAR,1,DAYLIGHT,27;30,H-WAY TRAFFIC SIGNAL POST;UTILITY POLE,4TH AVS & RAINS AV,NASHVILLE,TN,37210,8127,SOUTH,36.1407,-86.7639,POINT (-86.7639 36.1407)
20190826201,11/14/2019 08:08:00 AM,2,0,0,,N,716886,11,Front to Rear,21,CLEAR,1,DAYLIGHT,12,MOTOR VEHICLE IN TRANSPORT,HARDING PL & TAMPA DR,NASHVILLE,TN,37211,8705,SOUTH,36.0827,-86.7105,POINT (-86.7105 36.0827)
20190850184,11/24/2019 11:14:00 AM,2,0,0,,N,320592,4,ANGLE,21,CLEAR,1,DAYLIGHT,12,MOTOR VEHICLE IN TRANSPORT,MUSIC VALLEY DR & MCGAVOCK PKE,NASHVILLE,TN,37214,9209,HERMIT,36.2171,-86.6964,POINT (-86.6964 36.2171)
20190800665,11/03/2019 03:14:00 PM,2,0,0,,Y,524985,11,Front to Rear,21,CLEAR,1,DAYLIGHT,12,MOTOR VEHICLE IN TRANSPORT,I65 S ENT RAMP & I 24,NASHVILLE,TN,37207,1906,EAST,36.1903,-86.776,POINT (-86.776 36.1903)
20190872483,12/04/2019 12:38:00 PM,2,0,0,,Y,485261,11,Front to Rear,21,CLEAR,1,DAYLIGHT,12,MOTOR VEHICLE IN TRANSPORT,DIVISION ST & 12TH AVS,NASHVILLE,TN,37203,4013,CENTRA,36.1511,-86.7845,POINT (-86.7845 36.1511)
20190666748,09/07/2019 12:24:00 PM,2,3,0,,N,320574,11,Front to Rear,21,CLEAR,1,DAYLIGHT,12,MOTOR VEHICLE IN TRANSPORT,OLD HICKORY BLVD & 2ND ST,OLD HICKORY,TN,37138,9717,HERMIT,36.2168,-86.6235,POINT (-86.6235 36.2168)
20190669045,09/08/2019 03:35:00 PM,1,0,0,,N,212322,0,NOT COLLISION W/MOTOR VEHICLE-TRANSPORT,21,CLEAR,1,DAYLIGHT,18,OTHER OBJECT (NOT FIXED),MT VIEW RD & KEVINWOOD CT,ANTIOCH,TN,37013,8861,SOUTH,36.0563,-86.6642,POINT (-86.6642 36.0563)
20190916228,12/23/2019 02:18:00 PM,3,3,0,,N,256502,11,Front to Rear,21,CLEAR,1,DAYLIGHT,12,MOTOR VEHICLE IN TRANSPORT,MM 84 8 I 65,NASHVILLE,TN,37208,43021,NORTH,36.1768,-86.8008,POINT (-86.8008 36.1768)
20190766954,10/19/2019 09:10:00 PM,2,0,0,,N,256427,11,Front to Rear,21,CLEAR,3,DARK - LIGHTED,12,MOTOR VEHICLE IN TRANSPORT,MM 211 9 I 40,NASHVILLE,TN,37210,90022,HERMIT,36.1487,-86.7459,POINT (-86.7459 36.1487)
20190670202,09/09/2019 08:03:00 AM,2,2,0,,N,311804,11,Front to Rear,21,CLEAR,1,DAYLIGHT,12,MOTOR VEHICLE IN TRANSPORT,MM 209 3 I 40,NASHVILLE,TN,37203,40041,CENTRA,36.1537,-86.7878,POINT (-86.7878 36.1537)
20190596219,08/10/2019 06:28:00 PM,2,0,0,,N,179583,4,ANGLE,21,CLEAR,1,DAYLIGHT,12,MOTOR VEHICLE IN TRANSPORT,WHITSETT RD & FOSTER AV,NASHVILLE,TN,37210,8333,SOUTH,36.1152,-86.7436,POINT (-86.7436 36.1152)
20190600269,08/12/2019 11:00:00 AM,2,0,0,,N,212347,11,Front to Rear,21,CLEAR,1,DAYLIGHT,1;12,MOTOR VEHICLE IN TRANSPORT,MM 2 2 I 440,NASHVILLE,TN,37215,6006,WEST,36.1272,-86.8152,POINT (-86.8152 36.1272)
20190697986,09/20/2019 08:40:00 AM,2,1,0,,N,226405,5,SIDESWIPE - SAME DIRECTION,21,CLEAR,1,DAYLIGHT,12,MOTOR VEHICLE IN TRANSPORT,CHARLOTTE AV & 22ND AVN,NASHVILLE,TN,37203,5609,MIDTOW,36.1562,-86.8077,POINT (-86.8077 36.1562)
20190833244,11/17/2019 10:30:00 AM,2,0,0,,N,109495,5,SIDESWIPE - SAME DIRECTION,21,CLEAR,1,DAYLIGHT,12,MOTOR VEHICLE IN TRANSPORT,I65 N EXT RAMP & I 65,NASHVILLE,TN,37207,1863,EAST,36.2057,-86.7747,POINT (-86.7747 36.2057)
20190631694,08/23/2019 10:30:00 PM,2,0,0,,Y,279216,11,Front to Rear,21,CLEAR,1,DAYLIGHT,12,MOTOR VEHICLE IN TRANSPORT,AVONDALE CIR & BRICK CHURCH PKE,NASHVILLE,TN,37207,3021,NORTH,36.2091,-86.7779,POINT (-86.7779 36.2091)
20190813826,11/08/2019 06:25:00 PM,2,0,0,,N,256386,11,Front to Rear,21,CLEAR,5,DUSK,12,MOTOR VEHICLE IN TRANSPORT,BRILEY PKWY & KAREN DR,NASHVILLE,TN,37217,88940,HERMIT,36.1395,-86.7003,POINT (-86.7003 36.1395)
20190847413,11/23/2019 12:13:00 AM,2,0,0,,N,298859,4,ANGLE,2,RAIN,3,DARK - LIGHTED,12,MOTOR VEHICLE IN TRANSPORT,BELL RD & STEWARTS FERRY PKE,NASHVILLE,TN,37214,8959,HERMIT,36.1522,-86.6251,POINT (-86.6251 36.1522)
20190621278,08/20/2019 08:10:00 AM,2,0,0,,N,716886,5,SIDESWIPE - SAME DIRECTION,21,CLEAR,1,DAYLIGHT,12,MOTOR VEHICLE IN TRANSPORT,OLD HICKORY BLVD & I24 W EXT RAMP,ANTIOCH,TN,37013,8869,SOUTH,36.0158,-86.6201,POINT (-86.6201 36.0158)
20190627724,08/22/2019 03:50:00 PM,2,0,0,,N,191578,4,ANGLE,21,CLEAR,1,DAYLIGHT,12;14,MOTOR VEHICLE IN TRANSPORT;PARKED MOTOR VEHICLE,GAY ST & DOWNTOWN GRNWY,NASHVILLE,TN,37201,4163,CENTRA,36.1679,-86.7773,POINT (-86.7773 36.1679)
20190647661,08/30/2019 12:52:00 PM,2,0,0,,N,267831,11,Front to Rear,21,CLEAR,1,DAYLIGHT,12,MOTOR VEHICLE IN TRANSPORT,CHARLOTTE AV & 53RD AVN,NASHVILLE,TN,37209,5123,WEST,36.1519,-86.8511,POINT (-86.8511 36.1519)
20190805971,11/05/2019 12:00:00 AM,1,1,0,,N,279200,0,NOT COLLISION W/MOTOR VEHICLE-TRANSPORT,21,CLEAR,3,DARK - LIGHTED,39;8,WALL;PEDESTRIAN,3RD AVN & COMMERCE ST,NASHVILLE,TN,37201,4105,CENTRA,36.1627,-86.7767,POINT (-86.7767 36.1627)
20190875638,12/05/2019 05:40:00 PM,2,2,0,,N,717341,11,Front to Rear,21,CLEAR,3,DARK - LIGHTED,12,MOTOR VEHICLE IN TRANSPORT,MM 59 8 I 24,ANTIOCH,TN,37013,88060,SOUTH,36.0422,-86.6533,POINT (-86.6533 36.0422)
20190670517,09/09/2019 10:35:00 AM,2,0,0,,Y,352168,5,SIDESWIPE - SAME DIRECTION,21,CLEAR,1,DAYLIGHT,12,MOTOR VEHICLE IN TRANSPORT,MM 3 1 I 440,NASHVILLE,TN,37215,6424,MIDTOW,36.1182,-86.8009,POINT (-86.8009 36.1182)
20190874726,12/05/2019 01:30:00 AM,2,0,0,Y,Y,665896,0,NOT COLLISION W/MOTOR VEHICLE-TRANSPORT,21,CLEAR,2,DARK - NOT LIGHTED,14;19;34;55,PARKED MOTOR VEHICLE;BUILDING;DITCH;Motor Vehicle-In-Motion Outside Trafficw,2600 WOODYHILL DR,NASHVILLE,TN,37207,1831,EAST,36.2106,-86.7585,POINT (-86.7585 36.2106)
20190899511,12/16/2019 06:55:00 AM,1,1,0,,N,226622,0,NOT COLLISION W/MOTOR VEHICLE-TRANSPORT,2,RAIN,1,DAYLIGHT,42;63,TREE;Ran Off Road-Right,MCCRORY LN & I40 E ENT RAMP,NASHVILLE,TN,37221,4801,WEST,36.0742,-87.0122,POINT (-87.0122 36.0742)
20190883983,12/09/2019 03:43:00 PM,2,0,0,,N,299257,4,ANGLE,21,CLEAR,1,DAYLIGHT,12,MOTOR VEHICLE IN TRANSPORT,MM 81 2 I 65,NASHVILLE,TN,37204,8033,MIDTOW,36.1317,-86.7741,POINT (-86.7741 36.1317)
20190807998,11/06/2019 01:00:00 PM,2,0,0,,N,352198,5,SIDESWIPE - SAME DIRECTION,21,CLEAR,1,DAYLIGHT,12,MOTOR VEHICLE IN TRANSPORT,US HWY 31W & US HWY 31W,NASHVILLE,TN,37207,1831,EAST,36.2136,-86.7645,POINT (-86.7645 36.2136)
20190700753,09/21/2019 01:36:00 PM,2,0,0,,Y,256386,11,Front to Rear,21,CLEAR,1,DAYLIGHT,12,MOTOR VEHICLE IN TRANSPORT,HERON POINTE DR & BELL RD,NASHVILLE,TN,37214,8943,HERMIT,36.1182,-86.6311,POINT (-86.6311 36.1182)
20190727471,10/02/2019 10:15:00 PM,2,0,0,,Y,279197,11,Front to Rear,21,CLEAR,3,DARK - LIGHTED,12,MOTOR VEHICLE IN TRANSPORT,GALLATIN PKE & HAYSBORO AV,NASHVILLE,TN,37216,1503,EAST,36.2316,-86.7249,POINT (-86.7249 36.2316)
20190878884,12/07/2019 12:30:00 AM,1,0,0,,N,330433,0,NOT COLLISION W/MOTOR VEHICLE-TRANSPORT,21,CLEAR,2,DARK - NOT LIGHTED,1;34,DITCH,BELLSHIRE DR & DICKERSON PKE,NASHVILLE,TN,37207,2035,MADISO,36.2593,-86.7581,POINT (-86.7581 36.2593)
20190624943,08/21/2019 04:21:00 PM,2,0,0,,N,197054,4,ANGLE,21,CLEAR,1,DAYLIGHT,12,MOTOR VEHICLE IN TRANSPORT,MURFREESBORO PKE & KERMIT DR,NASHVILLE,TN,37217,8823,HERMIT,36.1215,-86.7045,POINT (-86.7045 36.1215)
20190721811,09/30/2019 04:29:00 PM,2,1,0,,N,256446,4,ANGLE,21,CLEAR,1,DAYLIGHT,12,MOTOR VEHICLE IN TRANSPORT,CROSSINGS BLVD & MT VIEW RD,ANTIOCH,TN,37013,8863,SOUTH,36.0455,-86.6473,POINT (-86.6473 36.0455)
20190722124,09/30/2019 12:00:00 AM,2,0,0,,Y,384448,5,SIDESWIPE - SAME DIRECTION,21,CLEAR,3,DARK - LIGHTED,12,MOTOR VEHICLE IN TRANSPORT,W TRINITY LN & E TRINITY LN,NASHVILLE,TN,37207,1863,EAST,36.2059,-86.7688,POINT (-86.7688 36.2059)
20190836020,11/18/2019 04:15:00 PM,2,0,0,,N,240983,4,ANGLE,21,CLEAR,1,DAYLIGHT,12,MOTOR VEHICLE IN TRANSPORT,MURFREESBORO & MT. VIEW,ANTIOCH,TN,37013,8865,SOUTH,36.0544,-86.6188,POINT (-86.6188 36.0544)
20190695835,09/19/2019 01:15:00 PM,2,1,0,,N,665896,11,Front to Rear,21,CLEAR,1,DAYLIGHT,12,MOTOR VEHICLE IN TRANSPORT,GALLATIN PKE NB EXT RAMP & GALLATIN PKE,NASHVILLE,TN,37216,1503,EAST,36.2333,-86.7245,POINT (-86.7245 36.2333)
20190668790,09/08/2019 12:14:00 PM,3,0,0,,N,140808,11,Front to Rear,21,CLEAR,1,DAYLIGHT,12,MOTOR VEHICLE IN TRANSPORT,NOLENSVILLE PKE & BREWER DR,NASHVILLE,TN,37211,8715,SOUTH,36.0535,-86.715,POINT (-86.715 36.0535)