Accident Number,Date and Time,Number of Motor Vehicles,Number of Injuries,Number of Fatalities,Property Damage,Hit and Run,Reporting Officer,Collision Type Code,Collision Type Description,Weather Code,Weather Description,Illumination Code,Illumination Description,Harmful Code,Harmful Code Description,Street Address,City,State,ZIP,RPA,Precinct,Latitude,Longitude,Mapped Location
20190829892,11/15/2019 07:20:00 PM,2,0,0,,N,256386,11,Front to Rear,21,CLEAR,3,DARK - LIGHTED,12,MOTOR VEHICLE IN TRANSPORT,STEWARTS FERRY PKE & I40 E ENT RAMP,NASHVILLE,TN,37214,8955,HERMIT,36.1545,-86.6262,POINT (-86.6262 36.1545)
20190676672,09/11/2019 05:10:00 PM,2,3,0,,N,212369,5,SIDESWIPE - SAME DIRECTION,21,CLEAR,1,DAYLIGHT,12,MOTOR VEHICLE IN TRANSPORT,MM 79 5 I 65,NASHVILLE,TN,37204,70042,MIDTOW,36.106,-86.7678,POINT (-86.7678 36.106)
20190745112,10/10/2019 12:00:00 AM,2,1,0,,N,298877,11,Front to Rear,21,CLEAR,1,DAYLIGHT,12,MOTOR VEHICLE IN TRANSPORT,MM 52 2 I 24,NASHVILLE,TN,37217,8816,SOUTH,36.1359,-86.7267,POINT (-86.7267 36.1359)
20190898526,12/15/2019 12:00:00 AM,2,0,0,,Y,311328,9,UNKNOWN,99,UNKNOWN,9,UNKNOWN,14;99,PARKED MOTOR VEHICLE;UNKNOWN MOST HARMFUL EVENT,12TH AVS & 11TH AVS,NASHVILLE,TN,37203,4015,CENTRA,36.1515,-86.7843,POINT (-86.7843 36.1515)
20190821022,11/12/2019 07:50:00 AM,2,0,0,,N,591936,11,Front to Rear,98,OTHER (NARRATIVE),1,DAYLIGHT,12,MOTOR VEHICLE IN TRANSPORT,HARDING PL & HILLSBORO PKE,NASHVILLE,TN,37215,6311,MIDTOW,36.0914,-86.8285,POINT (-86.8285 36.0914)
20190924341,12/27/2019 06:13:00 PM,2,0,0,,Y,298867,11,Front to Rear,21,CLEAR,3,DARK - LIGHTED,12,MOTOR VEHICLE IN TRANSPORT,DICKERSON PKE & BROADMOOR DR,NASHVILLE,TN,37207,1809,EAST,36.2277,-86.7596,POINT (-86.7596 36.2277)
20190918383,12/24/2019 11:39:00 AM,2,0,0,,N,320601,4,ANGLE,21,CLEAR,1,DAYLIGHT,12,MOTOR VEHICLE IN TRANSPORT,DOVER GLEN DR & SEPTO CT,ANTIOCH,TN,37013,8861,SOUTH,36.0745,-86.6511,POINT (-86.6511 36.0745)
20190832052,11/16/2019 07:50:00 PM,1,0,0,,N,352156,0,NOT COLLISION W/MOTOR VEHICLE-TRANSPORT,21,CLEAR,3,DARK - LIGHTED,42,TREE,NOLENSVILLE PKE & THOMPSON LN,NASHVILLE,TN,37211,8425,SOUTH,36.1109,-86.7452,POINT (-86.7452 36.1109)
20190777349,10/24/2019 10:41:00 AM,2,0,0,,N,352205,5,SIDESWIPE - SAME DIRECTION,21,CLEAR,1,DAYLIGHT,12;14,MOTOR VEHICLE IN TRANSPORT;PARKED MOTOR VEHICLE,UNION ST & 6TH AVE N,NASHVILLE,TN,37219,4141,CENTRA,36.164,-86.7823,POINT (-86.7823 36.164)
20190884925,12/09/2019 12:00:00 AM,2,1,0,,N,191572,98,OTHER,2,RAIN,3,DARK - LIGHTED,12,MOTOR VEHICLE IN TRANSPORT,4TH AVS & CHESTNUT ST,NASHVILLE,TN,37210,8169,SOUTH,36.1449,-86.7667,POINT (-86.7667 36.1449)
20190677383,09/12/2019 12:10:00 AM,2,0,0,,N,110090,4,ANGLE,21,CLEAR,3,DARK - LIGHTED,12,MOTOR VEHICLE IN TRANSPORT,FIRESTONE PKWY & OLD HICKORY BLVD,ANTIOCH,TN,37013,8869,SOUTH,36.0168,-86.6199,POINT (-86.6199 36.0168)
20190585195,08/06/2019 06:10:00 PM,1,1,0,,N,311328,0,NOT COLLISION W/MOTOR VEHICLE-TRANSPORT,21,CLEAR,1,DAYLIGHT,9,,3RD AVN & JEFFERSON ST,NASHVILLE,TN,37201,4233,CENTRA,36.175,-86.7847,POINT (-86.7847 36.175)
20190785659,10/28/2019 09:16:00 AM,2,0,0,,N,405447,2,HEAD-ON,22,CLOUDY,1,DAYLIGHT,12,MOTOR VEHICLE IN TRANSPORT,OLD HICKORY BLVD & EDMONDSON PKE,NASHVILLE,TN,37220,8615,MIDTOW,36.04,-86.7435,POINT (-86.7435 36.04)
20190838862,11/19/2019 05:44:00 PM,2,0,0,,N,179606,4,ANGLE,21,CLEAR,3,DARK - LIGHTED,12,MOTOR VEHICLE IN TRANSPORT,4TH AVS & MILDRED SHUTE AV,NASHVILLE,TN,37210,8143,SOUTH,36.1465,-86.7677,POINT (-86.7677 36.1465)
20190837755,11/19/2019 08:49:00 AM,2,0,0,,N,311799,11,Front to Rear,21,CLEAR,1,DAYLIGHT,12,MOTOR VEHICLE IN TRANSPORT,MM 90 8 I 65,MADISON,TN,37115,20044,MADISO,36.2462,-86.7451,POINT (-86.7451 36.2462)
20190618925,08/19/2019 03:42:00 PM,2,0,0,,N,584947,5,SIDESWIPE - SAME DIRECTION,21,CLEAR,1,DAYLIGHT,12,MOTOR VEHICLE IN TRANSPORT,MM 210 1 I 40,NASHVILLE,TN,37203,4006,CENTRA,36.1492,-86.7751,POINT (-86.7751 36.1492)
20190768011,10/20/2019 12:00:00 AM,1,0,0,Y,Y,352211,0,NOT COLLISION W/MOTOR VEHICLE-TRANSPORT,99,UNKNOWN,9,UNKNOWN,46,TRAFFIC SIGNAL SUPPORT,HILLSBORO PKE & GLEN ECHO RD,NASHVILLE,TN,37215,6411,MIDTOW,36.1073,-86.813,POINT (-86.813 36.1073)
20190911685,12/21/2019 01:19:00 AM,1,2,0,Y,N,256377,0,NOT COLLISION W/MOTOR VEHICLE-TRANSPORT,21,CLEAR,3,DARK - LIGHTED,30;63,UTILITY POLE;Ran Off Road-Right,1011 BRILEY PKWY,NASHVILLE,TN,37217,8821,HERMIT,36.1264,-86.6962,POINT (-86.6962 36.1264)
20190828640,11/15/2019 07:30:00 AM,2,0,0,,N,279227,4,ANGLE,21,CLEAR,1,DAYLIGHT,12,MOTOR VEHICLE IN TRANSPORT,FRANKLIN LIMESTONE RD & ANTIOCH PKE,ANTIOCH,TN,37013,8899,SOUTH,36.0808,-86.6845,POINT (-86.6845 36.0808)
20190840356,11/20/2019 08:05:00 AM,2,1,0,,N,676834,11,Front to Rear,21,CLEAR,1,DAYLIGHT,12,MOTOR VEHICLE IN TRANSPORT,CLARKSVILLE PKE & CLIFF DR,NASHVILLE,TN,37218,3157,NORTH,36.1923,-86.8291,POINT (-86.8291 36.1923)
20190850660,11/24/2019 05:15:00 PM,1,0,0,Y,N,224437,0,NOT COLLISION W/MOTOR VEHICLE-TRANSPORT,21,CLEAR,3,DARK - LIGHTED,18,OTHER OBJECT (NOT FIXED),3RD AVS & DEMONBREUN ST,NASHVILLE,TN,37201,4065,CENTRA,36.16,-86.7747,POINT (-86.7747 36.16)
20190752003,10/13/2019 08:35:00 PM,2,1,0,,N,352207,11,Front to Rear,21,CLEAR,2,DARK - NOT LIGHTED,12,MOTOR VEHICLE IN TRANSPORT,EDMONDSON PKE & PROVIDENCE HTS,NASHVILLE,TN,37211,8661,MIDTOW,36.0762,-86.7276,POINT (-86.7276 36.0762)
20190685180,09/15/2019 03:56:00 AM,2,0,0,,Y,309263,4,ANGLE,21,CLEAR,3,DARK - LIGHTED,12,MOTOR VEHICLE IN TRANSPORT,JAMES ROBERTSON PKWY & SPRING ST,NASHVILLE,TN,37206,1113,EAST,36.1728,-86.7653,POINT (-86.7653 36.1728)
20190898570,12/15/2019 05:10:00 PM,2,0,0,,Y,279225,5,SIDESWIPE - SAME DIRECTION,21,CLEAR,3,DARK - LIGHTED,14,PARKED MOTOR VEHICLE,MILLWOOD DR & MURFREESBORO PKE,NASHVILLE,TN,37217,8815,HERMIT,36.1295,-86.7147,POINT (-86.7147 36.1295)
20190704575,09/23/2019 12:07:00 PM,2,1,0,Y,N,225773,4,ANGLE,22,CLOUDY,1,DAYLIGHT,12;38,MOTOR VEHICLE IN TRANSPORT;FENCE,ARMORY DR & NORRIS AV,NASHVILLE,TN,37204,8523,MIDTOW,36.1032,-86.7531,POINT (-86.7531 36.1032)
20190909063,12/19/2019 09:49:00 PM,1,1,0,Y,Y,330419,0,NOT COLLISION W/MOTOR VEHICLE-TRANSPORT,21,CLEAR,3,DARK - LIGHTED,18,OTHER OBJECT (NOT FIXED),LINDA LN & GIBSON DR,MADISON,TN,37115,1749,MADISO,36.2609,-86.7183,POINT (-86.7183 36.2609)
20190805161,11/05/2019 11:35:00 AM,3,0,0,,N,693093,11,Front to Rear,21,CLEAR,1,DAYLIGHT,12,MOTOR VEHICLE IN TRANSPORT,DUE WEST AVW & FREDA VILLA,MADISON,TN,37115,1789,MADISO,36.2483,-86.7245,POINT (-86.7245 36.2483)
20190786652,10/28/2019 06:00:00 PM,2,0,0,,N,807326,11,Front to Rear,21,CLEAR,1,DAYLIGHT,12,MOTOR VEHICLE IN TRANSPORT,8TH AVS & DREXEL ST,NASHVILLE,TN,37203,4023,CENTRA,36.1528,-86.7793,POINT (-86.7793 36.1528)
20190843223,11/21/2019 10:03:00 AM,2,0,0,,N,769379,11,Front to Rear,21,CLEAR,1,DAYLIGHT,12,MOTOR VEHICLE IN TRANSPORT,TIMMONS ST & SIMMONS AV,NASHVILLE,TN,37211,8403,SOUTH,36.1076,-86.7411,POINT (-86.7411 36.1076)
20190817735,11/10/2019 08:55:00 PM,2,0,0,,N,905011,4,ANGLE,21,CLEAR,3,DARK - LIGHTED,12,MOTOR VEHICLE IN TRANSPORT,14TH AVE & US HWY 70,NASHVILLE,TN,37203,5425,NORTH,36.1612,-86.7949,POINT (-86.7949 36.1612)
20190687049,09/16/2019 06:45:00 AM,2,0,0,,N,191578,11,Front to Rear,21,CLEAR,1,DAYLIGHT,12,MOTOR VEHICLE IN TRANSPORT,MM 211 7 I 40,NASHVILLE,TN,37210,82042,HERMIT,36.1499,-86.7483,POINT (-86.7483 36.1499)
20190695405,09/19/2019 09:25:00 AM,2,3,0,,N,429188,2,HEAD-ON,21,CLEAR,1,DAYLIGHT,12,MOTOR VEHICLE IN TRANSPORT,RURAL HILL RD & WILLOW POINTE PVTDR,ANTIOCH,TN,37013,8861,SOUTH,36.054,-86.6529,POINT (-86.6529 36.054)
20190801892,11/04/2019 07:13:00 AM,2,1,0,,Y,320601,11,Front to Rear,21,CLEAR,1,DAYLIGHT,12,MOTOR VEHICLE IN TRANSPORT,HAYWOOD LN & EZELL RD,NASHVILLE,TN,37211,8709,SOUTH,36.0696,-86.6944,POINT (-86.6944 36.0696)
20190800556,11/03/2019 01:52:00 PM,1,0,0,Y,N,633381,0,NOT COLLISION W/MOTOR VEHICLE-TRANSPORT,21,CLEAR,1,DAYLIGHT,40;43;64,MAIL BOX;OTHER FIXED OBJECTS;Ran Off Road-Left,4200 MAXWELL RD,ANTIOCH,TN,37013,8901,SOUTH,36.0376,-86.5863,POINT (-86.5863 36.0376)
20190655317,09/02/2019 06:38:00 PM,2,0,0,,Y,197068,9,UNKNOWN,21,CLEAR,5,DUSK,14,PARKED MOTOR VEHICLE,11TH AVS & LAUREL ST,NASHVILLE,TN,37203,4017,CENTRA,36.1539,-86.7843,POINT (-86.7843 36.1539)
20190718938,09/29/2019 08:21:00 AM,2,0,0,,Y,468030,4,ANGLE,99,UNKNOWN,9,UNKNOWN,14,PARKED MOTOR VEHICLE,BETH DR & EASTLAND AV,NASHVILLE,TN,37206,1357,EAST,36.1811,-86.7104,POINT (-86.7104 36.1811)
20190658197,09/03/2019 11:20:00 PM,2,0,0,,Y,256376,4,ANGLE,21,CLEAR,3,DARK - LIGHTED,12,MOTOR VEHICLE IN TRANSPORT,ALBION ST & 32ND AVN,NASHVILLE,TN,37209,4529,NORTH,36.1635,-86.8248,POINT (-86.8248 36.1635)
20190622052,08/20/2019 03:16:00 PM,2,0,0,,Y,206958,11,Front to Rear,2,RAIN,1,DAYLIGHT,12,MOTOR VEHICLE IN TRANSPORT,GALLATIN PKE & E TRINITY LN,NASHVILLE,TN,37216,1837,EAST,36.205,-86.7376,POINT (-86.7376 36.205)
20190749578,10/12/2019 01:30:00 PM,2,1,0,,N,620072,11,Front to Rear,21,CLEAR,1,DAYLIGHT,12,MOTOR VEHICLE IN TRANSPORT,31ST AVE S & US HWY 70S,NASHVILLE,TN,37203,5625,MIDTOW,36.1426,-86.8155,POINT (-86.8155 36.1426)
20190866710,12/02/2019 08:20:00 AM,2,0,0,,Y,226586,98,OTHER,22,CLOUDY,1,DAYLIGHT,12,MOTOR VEHICLE IN TRANSPORT,ROSA L PARKS BLVD & CLARKSVILLE PKE,NASHVILLE,TN,37228,4483,NORTH,36.1888,-86.822,POINT (-86.822 36.1888)
20190688854,09/16/2019 10:49:00 PM,2,1,0,,Y,298875,5,SIDESWIPE - SAME DIRECTION,21,CLEAR,3,DARK - LIGHTED,12,MOTOR VEHICLE IN TRANSPORT,NOLENSVILLE PKE & COLEMAN ST,NASHVILLE,TN,37210,8109,SOUTH,36.1276,-86.7535,POINT (-86.7535 36.1276)
20190584053,08/06/2019 10:20:00 AM,2,1,0,,N,716886,11,Front to Rear,21,CLEAR,1,DAYLIGHT,12,MOTOR VEHICLE IN TRANSPORT,MURFREESBORO PKE & HAMILTON CHURCH RD,ANTIOCH,TN,37013,8865,SOUTH,36.0649,-86.6286,POINT (-86.6286 36.0649)
20190766723,10/19/2019 06:35:00 PM,2,1,0,,N,179583,11,Front to Rear,21,CLEAR,3,DARK - LIGHTED,12,MOTOR VEHICLE IN TRANSPORT,I24E & I24 W ENT RAMP,NASHVILLE,TN,37210,82061,HERMIT,36.1386,-86.7273,POINT (-86.7273 36.1386)
20190729489,10/03/2019 04:29:00 PM,2,0,0,,N,256389,5,SIDESWIPE - SAME DIRECTION,21,CLEAR,1,DAYLIGHT,12,MOTOR VEHICLE IN TRANSPORT,MM 209 5 I 40,NASHVILLE,TN,37203,40040,CENTRA,36.1502,-86.7844,POINT (-86.7844 36.1502)
20190733809,10/05/2019 02:48:00 PM,2,1,0,,N,212369,5,SIDESWIPE - SAME DIRECTION,21,CLEAR,1,DAYLIGHT,12,MOTOR VEHICLE IN TRANSPORT,NOLENSVILLE PKE & TIMMONS ST,NASHVILLE,TN,37211,8425,SOUTH,36.1073,-86.7434,POINT (-86.7434 36.1073)
20190696446,09/19/2019 05:55:00 PM,2,0,0,,N,279214,11,Front to Rear,21,CLEAR,1,DAYLIGHT,12,MOTOR VEHICLE IN TRANSPORT,HILLSBORO PKE & LOMBARDY AV,NASHVILLE,TN,37215,6001,WEST,36.1212,-86.8076,POINT (-86.8076 36.1212)
20190585036,08/06/2019 05:40:00 PM,5,3,0,,N,330445,11,Front to Rear,21,CLEAR,1,DAYLIGHT,12,MOTOR VEHICLE IN TRANSPORT,WOODMONT BLVD & BENHAM AV,NASHVILLE,TN,37215,6413,MIDTOW,36.1137,-86.8077,POINT (-86.8077 36.1137)
20190880102,12/07/2019 05:05:00 PM,3,0,0,,Y,579971,4,ANGLE,21,CLEAR,3,DARK - LIGHTED,12,MOTOR VEHICLE IN TRANSPORT,MM 59 3 I 24,ANTIOCH,TN,37013,87061,SOUTH,36.0459,-86.6601,POINT (-86.6601 36.0459)
20190592483,08/09/2019 07:15:00 AM,2,0,0,,N,279206,11,Front to Rear,22,CLOUDY,1,DAYLIGHT,12,MOTOR VEHICLE IN TRANSPORT,US HWY 70 & SHADY GROVE RD,NASHVILLE,TN,37214,9113,HERMIT,36.1699,-86.6736,POINT (-86.6736 36.1699)
20190587947,08/07/2019 06:49:00 PM,2,0,0,,N,169425,11,Front to Rear,21,CLEAR,9,UNKNOWN,12,MOTOR VEHICLE IN TRANSPORT,MM 6 0 I 440,NASHVILLE,TN,37211,81060,MIDTOW,36.1217,-86.7565,POINT (-86.7565 36.1217)
20190764147,10/18/2019 02:46:00 PM,2,0,0,,N,256389,11,Front to Rear,21,CLEAR,1,DAYLIGHT,12,MOTOR VEHICLE IN TRANSPORT,MM 80 0 I 65,NASHVILLE,TN,37204,7018,MIDTOW,36.1134,-86.7724,POINT (-86.7724 36.1134)
20190881855,12/08/2019 12:00:00 AM,2,1,0,,N,352196,4,ANGLE,21,CLEAR,2,DARK - NOT LIGHTED,12,MOTOR VEHICLE IN TRANSPORT,HAMILTON CHURCH RD & OWENDALE DR,ANTIOCH,TN,37013,8979,SOUTH,36.0648,-86.6221,POINT (-86.6221 36.0648)
20190637587,08/26/2019 04:25:00 PM,2,2,0,,N,352161,4,ANGLE,22,CLOUDY,1,DAYLIGHT,12,MOTOR VEHICLE IN TRANSPORT,ELM HILL PKE & MCGAVOCK PKE,NASHVILLE,TN,37214,9115,HERMIT,36.1528,-86.6834,POINT (-86.6834 36.1528)
20190659386,09/04/2019 10:15:00 AM,2,1,0,,N,352201,5,SIDESWIPE - SAME DIRECTION,21,CLEAR,1,DAYLIGHT,12,MOTOR VEHICLE IN TRANSPORT,MM 217 3 I 40,NASHVILLE,TN,37214,9404,HERMIT,36.1436,-86.6491,POINT (-86.6491 36.1436)
20190729424,10/03/2019 03:12:00 PM,2,0,0,,N,256411,4,ANGLE,21,CLEAR,1,DAYLIGHT,12,MOTOR VEHICLE IN TRANSPORT,I 40 & EXIT 207,NASHVILLE,TN,37208,4504,NORTH,36.1679,-86.8156,POINT (-86.8156 36.1679)
20190687260,09/16/2019 07:59:00 AM,2,0,0,,N,665896,5,SIDESWIPE - SAME DIRECTION,21,CLEAR,1,DAYLIGHT,12,MOTOR VEHICLE IN TRANSPORT,S 6TH ST & CRUTCHER ST,NASHVILLE,TN,37206,1015,EAST,36.1628,-86.7571,POINT (-86.7571 36.1628)
20190863857,11/30/2019 09:23:00 PM,1,0,0,Y,N,320581,0,NOT COLLISION W/MOTOR VEHICLE-TRANSPORT,2,RAIN,3,DARK - LIGHTED,24,GUARDRAIL FACE,MM 86 5 I 65,NASHVILLE,TN,37207,3006,NORTH,36.1946,-86.7762,POINT (-86.7762 36.1946)
20190845923,11/22/2019 11:32:00 AM,2,0,0,,N,191578,11,Front to Rear,22,CLOUDY,1,DAYLIGHT,12,MOTOR VEHICLE IN TRANSPORT,OLD HICKORY BLVD & DODSON CHAPEL RD,HERMITAGE,TN,37076,9561,HERMIT,36.1835,-86.6108,POINT (-86.6108 36.1835)
20190855247,11/26/2019 02:31:00 PM,2,0,0,,N,306230,4,ANGLE,2,RAIN,1,DAYLIGHT,12,MOTOR VEHICLE IN TRANSPORT,DR D B TODD JR BLVD & OSAGE ST,NASHVILLE,TN,37208,4455,NORTH,36.1771,-86.8098,POINT (-86.8098 36.1771)
20190911228,12/20/2019 08:39:00 PM,2,0,0,,Y,212322,11,Front to Rear,21,CLEAR,2,DARK - NOT LIGHTED,12,MOTOR VEHICLE IN TRANSPORT,HAYWOOD LN & FAULKNER DR,NASHVILLE,TN,37211,8703,SOUTH,36.0682,-86.7107,POINT (-86.7107 36.0682)
20190618560,08/19/2019 12:50:00 PM,2,1,0,,N,716886,11,Front to Rear,21,CLEAR,1,DAYLIGHT,12,MOTOR VEHICLE IN TRANSPORT,BELL RD & COLLINS PARK DR,ANTIOCH,TN,37013,8863,SOUTH,36.2189,-86.8464,POINT (-86.8464 36.2189)
20190686405,09/15/2019 08:46:00 PM,1,0,0,,N,352161,0,NOT COLLISION W/MOTOR VEHICLE-TRANSPORT,21,CLEAR,3,DARK - LIGHTED,36,CONCRETE TRAFFIC BARRIER,BRILEY PKWYN & BRILEY PKWY N EXT RAMP,NASHVILLE,TN,37214,9294,HERMIT,36.1977,-86.688,POINT (-86.688 36.1977)
20190808329,11/06/2019 03:39:00 PM,3,0,0,,Y,419972,5,SIDESWIPE - SAME DIRECTION,21,CLEAR,1,DAYLIGHT,12,MOTOR VEHICLE IN TRANSPORT,KENNER AV & RIDGEFIELD DR,NASHVILLE,TN,37205,6021,WEST,36.124,-86.8447,POINT (-86.8447 36.124)
20190584914,08/06/2019 03:30:00 PM,4,0,0,Y,N,579971,11,Front to Rear,21,CLEAR,1,DAYLIGHT,12,MOTOR VEHICLE IN TRANSPORT,THOMPSON LN & HARTFORD DR,NASHVILLE,TN,37211,8423,SOUTH,36.1098,-86.7335,POINT (-86.7335 36.1098)
20190590883,08/08/2019 12:00:00 AM,1,0,0,,Y,298877,0,NOT COLLISION W/MOTOR VEHICLE-TRANSPORT,21,CLEAR,1,DAYLIGHT,8,PEDESTRIAN,NOLENSVILLE PKE & MORTON AV,NASHVILLE,TN,37211,8405,SOUTH,36.1062,-86.7428,POINT (-86.7428 36.1062)
20190910095,12/20/2019 09:53:00 AM,2,0,0,,N,223502,11,Front to Rear,21,CLEAR,1,DAYLIGHT,12,MOTOR VEHICLE IN TRANSPORT,MM 51 2 I 24,NASHVILLE,TN,37210,81020,SOUTH,36.1299,-86.7278,POINT (-86.7278 36.1299)
20190723788,10/01/2019 10:30:00 AM,2,0,0,,Y,352214,5,SIDESWIPE - SAME DIRECTION,21,CLEAR,1,DAYLIGHT,12,MOTOR VEHICLE IN TRANSPORT,32ND AVN & ALAMEDA ST,NASHVILLE,TN,37209,4519,NORTH,36.1652,-86.8252,POINT (-86.8252 36.1652)
20190794179,10/31/2019 03:40:00 PM,2,0,0,,Y,330443,5,SIDESWIPE - SAME DIRECTION,22,CLOUDY,1,DAYLIGHT,12,MOTOR VEHICLE IN TRANSPORT,MM 44 3 I 24,NASHVILLE,TN,37207,32242,NORTH,36.229,-86.7805,POINT (-86.7805 36.229)
20190719665,09/29/2019 05:56:00 PM,2,0,0,,N,299266,11,Front to Rear,21,CLEAR,5,DUSK,12,MOTOR VEHICLE IN TRANSPORT,ANTIOCH PKE & HAYSTACK LN,NASHVILLE,TN,37211,8851,SOUTH,36.0709,-86.6844,POINT (-86.6844 36.0709)
20190867626,12/02/2019 05:30:00 PM,1,0,0,Y,N,384408,0,NOT COLLISION W/MOTOR VEHICLE-TRANSPORT,21,CLEAR,3,DARK - LIGHTED,32;34;40,CULVERT;DITCH;MAIL BOX,CAPELLA CT & KNOBVIEW DR,NASHVILLE,TN,37214,9307,HERMIT,36.1737,-86.6729,POINT (-86.6729 36.1737)
20190910254,12/20/2019 11:09:00 AM,1,0,0,Y,N,462501,0,NOT COLLISION W/MOTOR VEHICLE-TRANSPORT,21,CLEAR,1,DAYLIGHT,30;38;41;43,UTILITY POLE;FENCE;SHRUBBERY;OTHER FIXED OBJECTS,3RD AVN & BUCHANAN ST,NASHVILLE,TN,37208,4353,NORTH,36.1853,-86.7915,POINT (-86.7915 36.1853)
20190836210,11/18/2019 05:37:00 PM,3,0,0,,Y,298867,11,Front to Rear,21,CLEAR,2,DARK - NOT LIGHTED,12,MOTOR VEHICLE IN TRANSPORT,ELLINGTON PKWYN & ELLINGTON PKWY N ENT R,NASHVILLE,TN,37216,1821,EAST,36.2069,-86.7496,POINT (-86.7496 36.2069)
20190662550,09/05/2019 05:11:00 PM,4,2,0,,Y,151132,11,Front to Rear,21,CLEAR,1,DAYLIGHT,12,MOTOR VEHICLE IN TRANSPORT,OLD HICKORY BLVDW & STATE RT 45,MADISON,TN,37115,1771,MADISO,36.2631,-86.7122,POINT (-86.7122 36.2631)
20190614974,08/17/2019 10:39:00 PM,1,0,0,Y,N,256383,0,NOT COLLISION W/MOTOR VEHICLE-TRANSPORT,21,CLEAR,3,DARK - LIGHTED,24,GUARDRAIL FACE,I24 E EXT RAMP & I 24,NASHVILLE,TN,37207,30080,NORTH,36.2378,-86.7872,POINT (-86.7872 36.2378)
20190700649,09/21/2019 12:20:00 PM,2,0,0,,Y,279206,11,Front to Rear,21,CLEAR,1,DAYLIGHT,12,MOTOR VEHICLE IN TRANSPORT,US HWY 70 & FESSLERS LN,NASHVILLE,TN,37210,9011,HERMIT,36.1543,-86.7421,POINT (-86.7421 36.1543)
20190795979,11/01/2019 10:50:00 AM,2,0,0,,Y,420035,4,ANGLE,21,CLEAR,1,DAYLIGHT,12,MOTOR VEHICLE IN TRANSPORT,GALLATIN PKE & JOYCE LN,NASHVILLE,TN,37216,1801,EAST,36.2336,-86.7248,POINT (-86.7248 36.2336)
20190841676,11/20/2019 06:13:00 PM,2,0,0,,N,151132,11,Front to Rear,21,CLEAR,3,DARK - LIGHTED,12,MOTOR VEHICLE IN TRANSPORT,MM 93 0 I 65,MADISON,TN,37115,17040,MADISO,36.2752,-86.7354,POINT (-86.7354 36.2752)
20190605912,08/14/2019 12:00:00 AM,2,0,0,,N,429205,11,Front to Rear,21,CLEAR,1,DAYLIGHT,12,MOTOR VEHICLE IN TRANSPORT,DEMONBREUN ST & 8TH AVS,NASHVILLE,TN,37203,4061,CENTRA,36.157,-86.7806,POINT (-86.7806 36.157)
20190581699,08/05/2019 01:28:00 PM,2,1,0,,N,212325,11,Front to Rear,22,CLOUDY,1,DAYLIGHT,12,MOTOR VEHICLE IN TRANSPORT,E OLD HICKORY BLVD & GALLATIN PKES,MADISON,TN,37115,1607,MADISO,36.2623,-86.7118,POINT (-86.7118 36.2623)
20190643176,08/28/2019 07:13:00 PM,2,0,0,,N,151132,4,ANGLE,21,CLEAR,5,DUSK,12,MOTOR VEHICLE IN TRANSPORT,STATE RT 45 & RIO VISTA DR,MADISON,TN,37115,1705,MADISO,36.2628,-86.681,POINT (-86.681 36.2628)
20190752947,10/14/2019 06:50:00 AM,2,0,0,,N,352164,6,SIDESWIPE - OPPOSITE DIRECTION,21,CLEAR,1,DAYLIGHT,12,MOTOR VEHICLE IN TRANSPORT,TUSCULUM RD & PACKARD DR,ANTIOCH,TN,37013,8713,SOUTH,36.0594,-86.7075,POINT (-86.7075 36.0594)
20190777637,10/24/2019 01:07:00 PM,2,0,0,,N,134899,11,Front to Rear,21,CLEAR,1,DAYLIGHT,12,MOTOR VEHICLE IN TRANSPORT,MM 221 0 I 40,HERMITAGE,TN,37076,9504,HERMIT,36.1702,-86.5982,POINT (-86.5982 36.1702)
20190846192,11/22/2019 01:27:00 PM,2,0,0,,N,834798,4,ANGLE,21,CLEAR,1,DAYLIGHT,12,MOTOR VEHICLE IN TRANSPORT,MONTROSE AV & 10TH AVS,NASHVILLE,TN,37204,6927,MIDTOW,36.1234,-86.7864,POINT (-86.7864 36.1234)
20190820892,11/12/2019 06:50:00 AM,3,1,0,,N,224955,98,OTHER,21,CLEAR,2,DARK - NOT LIGHTED,12,MOTOR VEHICLE IN TRANSPORT,DICKERSON PKE & I65 N ENT RAMP,NASHVILLE,TN,37216,1805,EAST,36.2361,-86.7582,POINT (-86.7582 36.2361)
20190902428,12/17/2019 11:03:00 AM,2,1,0,,N,462474,11,Front to Rear,22,CLOUDY,1,DAYLIGHT,12,MOTOR VEHICLE IN TRANSPORT,OLD HICKORY BLVD & FRANKLIN PIKE CIR,BRENTWOOD,TN,37027,8623,MIDTOW,36.0405,-86.7801,POINT (-86.7801 36.0405)
20190848352,11/23/2019 12:16:00 PM,2,0,0,,N,462474,11,Front to Rear,22,CLOUDY,1,DAYLIGHT,12,MOTOR VEHICLE IN TRANSPORT,US HWY 70S & 23RD AVE N,NASHVILLE,TN,37203,5715,MIDTOW,36.1488,-86.8046,POINT (-86.8046 36.1488)
20190779782,10/25/2019 10:40:00 AM,1,1,0,,N,222047,0,NOT COLLISION W/MOTOR VEHICLE-TRANSPORT,2,RAIN,1,DAYLIGHT,36,CONCRETE TRAFFIC BARRIER,I40 E EXT RAMP & I 40,NASHVILLE,TN,37214,8955,HERMIT,36.155,-86.6271,POINT (-86.6271 36.155)
20190894732,12/13/2019 04:34:00 PM,2,1,0,,N,256386,11,Front to Rear,2,RAIN,5,DUSK,12,MOTOR VEHICLE IN TRANSPORT,MM 218 6 I 40,NASHVILLE,TN,37214,89062,HERMIT,36.1523,-86.6347,POINT (-86.6347 36.1523)