Accident Number,Date and Time,Number of Motor Vehicles,Number of Injuries,Number of Fatalities,Property Damage,Hit and Run,Reporting Officer,Collision Type Code,Collision Type Description,Weather Code,Weather Description,Illumination Code,Illumination Description,Harmful Code,Harmful Code Description,Street Address,City,State,ZIP,RPA,Precinct,Latitude,Longitude,Mapped Location
20190816867,11/10/2019 12:00:00 AM,2,0,0,,Y,876581,4,ANGLE,21,CLEAR,2,DARK - NOT LIGHTED,14,PARKED MOTOR VEHICLE,HERITAGE CT & HERITAGE SQUARE DR,MADISON,TN,37115,1765,MADISO,36.2705,-86.7233,POINT (-86.7233 36.2705)
20190633025,08/24/2019 04:05:00 PM,2,0,0,,Y,330443,2,HEAD-ON,22,CLOUDY,1,DAYLIGHT,12,MOTOR VEHICLE IN TRANSPORT,THE GALLERY AT RIVERGATE PVTDR & TWIN HI,MADISON,TN,37115,1731,MADISO,36.3014,-86.6927,POINT (-86.6927 36.3014)
20190611552,08/16/2019 03:02:00 PM,2,0,0,,Y,256386,5,SIDESWIPE - SAME DIRECTION,21,CLEAR,1,DAYLIGHT,12,MOTOR VEHICLE IN TRANSPORT,BLACKWOOD DR & STEWARTS FERRY PKE,NASHVILLE,TN,37214,8955,HERMIT,36.1526,-86.6255,POINT (-86.6255 36.1526)
20190608433,08/15/2019 10:31:00 AM,2,1,0,,N,223502,4,ANGLE,21,CLEAR,1,DAYLIGHT,12,MOTOR VEHICLE IN TRANSPORT,NOLENSVILLE PKE & ROSEDALE AV,NASHVILLE,TN,37211,8043,MIDTOW,36.125,-86.7522,POINT (-86.7522 36.125)
20190801878,11/04/2019 06:35:00 AM,4,1,0,,Y,226098,5,SIDESWIPE - SAME DIRECTION,21,CLEAR,1,DAYLIGHT,12,MOTOR VEHICLE IN TRANSPORT,MM 33 4 I 24,JOELTON,TN,37080,3316,NORTH,36.3288,-86.8952,POINT (-86.8952 36.3288)
20190825809,11/14/2019 03:49:00 AM,2,1,0,,N,256492,4,ANGLE,21,CLEAR,3,DARK - LIGHTED,12;24,MOTOR VEHICLE IN TRANSPORT;GUARDRAIL FACE,MM 211 7 I 40,NASHVILLE,TN,37210,82042,HERMIT,36.1499,-86.7483,POINT (-86.7483 36.1499)
20190900440,12/16/2019 02:11:00 PM,2,1,0,,Y,298867,11,Front to Rear,2,RAIN,1,DAYLIGHT,12,MOTOR VEHICLE IN TRANSPORT,MAIN ST & N 6TH ST,NASHVILLE,TN,37206,1117,EAST,36.1738,-86.7628,POINT (-86.7628 36.1738)
20190854925,11/26/2019 11:20:00 AM,1,0,0,,N,402659,0,NOT COLLISION W/MOTOR VEHICLE-TRANSPORT,21,CLEAR,1,DAYLIGHT,11,OTHER ANIMAL,MCCRORY LN & BEAUTIFUL VALLEY DR,NASHVILLE,TN,37221,4713,WEST,36.0831,-87.024,POINT (-87.024 36.0831)
20190851949,11/25/2019 08:17:00 AM,2,0,0,,N,109534,11,Front to Rear,21,CLEAR,1,DAYLIGHT,12,MOTOR VEHICLE IN TRANSPORT,BRILEY PKWY & VENUS DR,NASHVILLE,TN,37217,88942,HERMIT,36.1232,-86.6965,POINT (-86.6965 36.1232)
20190707397,09/24/2019 01:16:00 PM,1,1,0,Y,N,134899,0,NOT COLLISION W/MOTOR VEHICLE-TRANSPORT,21,CLEAR,1,DAYLIGHT,30;31;63,"UTILITY POLE;OTHER POST, POLE, SUPP.;Ran Off Road-Right",RICHMOND ST & OLD HICKORY BLVD,OLD HICKORY,TN,37138,9705,HERMIT,36.2677,-86.6492,POINT (-86.6492 36.2677)
20190762027,10/17/2019 05:55:00 PM,2,2,0,,N,256426,11,Front to Rear,21,CLEAR,1,DAYLIGHT,12,MOTOR VEHICLE IN TRANSPORT,RAMP & US HWY 70,NASHVILLE,TN,37214,9403,HERMIT,36.1852,-86.6362,POINT (-86.6362 36.1852)
20190670862,09/09/2019 12:30:00 PM,2,1,0,,Y,716886,11,Front to Rear,21,CLEAR,1,DAYLIGHT,12,MOTOR VEHICLE IN TRANSPORT,RAMP & STATE HWY 171,ANTIOCH,TN,37013,8971,SOUTH,36.0432,-86.6059,POINT (-86.6059 36.0432)
20190853559,11/25/2019 08:00:00 PM,2,1,0,,Y,420040,5,SIDESWIPE - SAME DIRECTION,22,CLOUDY,3,DARK - LIGHTED,12,MOTOR VEHICLE IN TRANSPORT,CHARLOTTE AV & 16TH AVN,NASHVILLE,TN,37203,5503,MIDTOW,36.1595,-86.7964,POINT (-86.7964 36.1595)
20190798560,11/02/2019 02:59:00 PM,2,0,0,,N,352197,4,ANGLE,21,CLEAR,1,DAYLIGHT,12,MOTOR VEHICLE IN TRANSPORT,MURFREESBORO PKE & OLD HICKORY BLVD,ANTIOCH,TN,37013,8867,SOUTH,36.0413,-86.6051,POINT (-86.6051 36.0413)
20190698914,09/20/2019 05:36:00 PM,2,2,0,,N,206963,4,ANGLE,21,CLEAR,1,DAYLIGHT,12,MOTOR VEHICLE IN TRANSPORT,HIGHWAY 100 & COLLINS RD,NASHVILLE,TN,37221,4807,WEST,36.0438,-86.9589,POINT (-86.9589 36.0438)
20190872101,12/04/2019 09:30:00 AM,2,0,0,,N,799013,5,SIDESWIPE - SAME DIRECTION,21,CLEAR,1,DAYLIGHT,12,MOTOR VEHICLE IN TRANSPORT,BRILEY PKWYS & BRILEY PKWYN,NASHVILLE,TN,37218,3212,NORTH,36.2142,-86.8724,POINT (-86.8724 36.2142)
20190912622,12/21/2019 04:00:00 PM,2,0,0,,Y,330413,4,ANGLE,21,CLEAR,1,DAYLIGHT,12,MOTOR VEHICLE IN TRANSPORT,MELROSE AVE & WINFORD AVE,NASHVILLE,TN,37211,8309,MIDTOW,36.1193,-86.7547,POINT (-86.7547 36.1193)
20190616197,08/18/2019 12:48:00 PM,2,0,0,,N,320595,11,Front to Rear,21,CLEAR,1,DAYLIGHT,12,MOTOR VEHICLE IN TRANSPORT,OLD HICKORY BLVD & OLD LEBANON DIRT RD,HERMITAGE,TN,37076,9507,HERMIT,36.1911,-86.6152,POINT (-86.6152 36.1911)
20190589668,08/08/2019 09:23:00 AM,3,0,0,,N,140808,11,Front to Rear,21,CLEAR,1,DAYLIGHT,12,MOTOR VEHICLE IN TRANSPORT,EDMONDSON PKE & FRONTIER LN,NASHVILLE,TN,37211,8651,MIDTOW,36.0344,-86.7436,POINT (-86.7436 36.0344)
20190657772,09/03/2019 02:50:00 PM,2,0,0,,Y,384442,11,Front to Rear,21,CLEAR,1,DAYLIGHT,12,MOTOR VEHICLE IN TRANSPORT,5000 OLD HICKORY BLVD,NASHVILLE,TN,37218,3235,NORTH,36.2079,-86.9235,POINT (-86.9235 36.2079)
20190733104,10/05/2019 04:20:00 AM,1,1,0,Y,N,330420,0,NOT COLLISION W/MOTOR VEHICLE-TRANSPORT,21,CLEAR,3,DARK - LIGHTED,33;38,CURB;FENCE,SMITH SPRINGS RD & OLD SMITH SPRINGS RD,NASHVILLE,TN,37217,8935,HERMIT,36.0921,-86.631,POINT (-86.631 36.0921)
20190651882,09/01/2019 05:11:00 AM,2,0,0,,N,134867,5,SIDESWIPE - SAME DIRECTION,21,CLEAR,3,DARK - LIGHTED,14,PARKED MOTOR VEHICLE,11TH AVS & LAUREL ST,NASHVILLE,TN,37203,4017,CENTRA,36.1539,-86.7843,POINT (-86.7843 36.1539)
20190680734,09/13/2019 06:33:00 AM,2,2,0,,N,716886,5,SIDESWIPE - SAME DIRECTION,21,CLEAR,1,DAYLIGHT,1;12,MOTOR VEHICLE IN TRANSPORT,MM 59 8 I 24,ANTIOCH,TN,37013,88060,SOUTH,36.0422,-86.6533,POINT (-86.6533 36.0422)
20190905179,12/18/2019 11:04:00 AM,2,0,0,,N,109534,5,SIDESWIPE - SAME DIRECTION,22,CLOUDY,1,DAYLIGHT,12,MOTOR VEHICLE IN TRANSPORT,ELM HILL PKE & MASSMAN DR,NASHVILLE,TN,37210,9017,HERMIT,36.1449,-86.711,POINT (-86.711 36.1449)
20190835835,11/18/2019 01:57:00 PM,2,0,0,,N,240957,5,SIDESWIPE - SAME DIRECTION,21,CLEAR,1,DAYLIGHT,12,MOTOR VEHICLE IN TRANSPORT,NOLENSVILLE PKE & OLD HICKORY BLVD,NASHVILLE,TN,37211,8717,SOUTH,36.0454,-86.7133,POINT (-86.7133 36.0454)
20190905612,12/18/2019 02:57:00 PM,2,0,0,,Y,137872,6,SIDESWIPE - OPPOSITE DIRECTION,21,CLEAR,1,DAYLIGHT,12,MOTOR VEHICLE IN TRANSPORT,HERMITAGE AV & FAIRFIELD AV,NASHVILLE,TN,37210,9005,HERMIT,36.1539,-86.7564,POINT (-86.7564 36.1539)
20190658945,09/04/2019 06:46:00 AM,2,0,0,,N,109534,5,SIDESWIPE - SAME DIRECTION,21,CLEAR,1,DAYLIGHT,12;33;34,MOTOR VEHICLE IN TRANSPORT;CURB;DITCH,MASSMAN DR & ELM HILL PKE,NASHVILLE,TN,37210,9031,HERMIT,36.1424,-86.7103,POINT (-86.7103 36.1424)
20190883384,12/09/2019 10:46:00 AM,2,3,0,,N,716886,11,Front to Rear,22,CLOUDY,1,DAYLIGHT,12;24,MOTOR VEHICLE IN TRANSPORT;GUARDRAIL FACE,MM 54 6 I 24,NASHVILLE,TN,37211,84021,SOUTH,36.0994,-86.7109,POINT (-86.7109 36.0994)
20190696959,09/19/2019 09:00:00 PM,2,0,0,,N,330413,11,Front to Rear,21,CLEAR,7,Dark-Unknown Lighting,12,MOTOR VEHICLE IN TRANSPORT,US HWY 431 & -UNKNOWN RAMP/ROAD -,NASHVILLE,TN,37207,1829,EAST,36.2063,-86.773,POINT (-86.773 36.2063)
20190891005,12/12/2019 06:36:00 AM,2,0,0,,N,161952,4,ANGLE,21,CLEAR,1,DAYLIGHT,12,MOTOR VEHICLE IN TRANSPORT,2306 BRICK CHURCH PKE,NASHVILLE,TN,37207,3019,NORTH,36.2077,-86.778,POINT (-86.778 36.2077)
20190788994,10/29/2019 03:13:00 PM,2,0,0,,N,179606,4,ANGLE,21,CLEAR,1,DAYLIGHT,12,MOTOR VEHICLE IN TRANSPORT,8TH AVS & WEDGEWOOD AV,NASHVILLE,TN,37203,6959,MIDTOW,36.1345,-86.7791,POINT (-86.7791 36.1345)
20190600769,08/12/2019 03:33:00 PM,2,0,0,,N,690942,4,ANGLE,21,CLEAR,1,DAYLIGHT,12,MOTOR VEHICLE IN TRANSPORT,8TH AVS & 8TH AVS,NASHVILLE,TN,37203,4041,CENTRA,36.1545,-86.7796,POINT (-86.7796 36.1545)
20190787999,10/29/2019 06:55:00 AM,2,5,1,,N,620057,2,HEAD-ON,22,CLOUDY,1,DAYLIGHT,12,MOTOR VEHICLE IN TRANSPORT,OLD HICKORY BLVDW & HERITAGE DR,MADISON,TN,37115,1749,MADISO,36.2641,-86.7242,POINT (-86.7242 36.2641)
20190793350,10/31/2019 08:25:00 AM,2,0,0,,Y,693093,6,SIDESWIPE - OPPOSITE DIRECTION,2,RAIN,1,DAYLIGHT,12,MOTOR VEHICLE IN TRANSPORT,LICKTON PKE & UNION HILL RD,GOODLETTSVILLE,TN,37072,2225,MADISO,36.3457,-86.8371,POINT (-86.8371 36.3457)
20190632495,08/24/2019 08:42:00 AM,2,0,0,,Y,306231,11,Front to Rear,22,CLOUDY,1,DAYLIGHT,12,MOTOR VEHICLE IN TRANSPORT,I65 N EXT RAMP & ROSA L PARKS BLVD,NASHVILLE,TN,37208,4351,NORTH,36.1827,-86.7987,POINT (-86.7987 36.1827)
20190808640,11/06/2019 05:25:00 PM,2,0,0,,N,909486,11,Front to Rear,21,CLEAR,2,DARK - NOT LIGHTED,12,MOTOR VEHICLE IN TRANSPORT,LYNN DR & DANBY DR,NASHVILLE,TN,37211,8501,MIDTOW,36.0812,-86.7448,POINT (-86.7448 36.0812)
20190681968,09/13/2019 04:34:00 PM,1,1,0,,N,485261,0,NOT COLLISION W/MOTOR VEHICLE-TRANSPORT,21,CLEAR,1,DAYLIGHT,8,PEDESTRIAN,3RD AVN & COMMERCE ST,NASHVILLE,TN,37201,4105,CENTRA,36.1627,-86.7767,POINT (-86.7767 36.1627)
20190857814,11/27/2019 03:39:00 PM,2,1,0,,Y,206682,4,ANGLE,21,CLEAR,1,DAYLIGHT,12,MOTOR VEHICLE IN TRANSPORT,E OLD HICKORY BLVD & LARKIN SPRINGS RD,MADISON,TN,37115,1705,MADISO,36.2627,-86.6844,POINT (-86.6844 36.2627)
20190875598,12/05/2019 05:00:00 PM,2,0,0,,Y,352184,11,Front to Rear,21,CLEAR,3,DARK - LIGHTED,12,MOTOR VEHICLE IN TRANSPORT,DICKERSON PKE & DUKE ST,NASHVILLE,TN,37207,1833,EAST,36.2072,-86.768,POINT (-86.768 36.2072)
20190592925,08/09/2019 10:16:00 AM,2,0,0,,Y,311331,11,Front to Rear,21,CLEAR,1,DAYLIGHT,12;14,MOTOR VEHICLE IN TRANSPORT;PARKED MOTOR VEHICLE,SHARPE AV & GALLATIN AV,NASHVILLE,TN,37206,1319,EAST,36.1891,-86.7455,POINT (-86.7455 36.1891)
20190726146,10/02/2019 10:46:00 AM,4,1,0,,N,716886,11,Front to Rear,21,CLEAR,1,DAYLIGHT,12,MOTOR VEHICLE IN TRANSPORT,MM 59 6 I 24,ANTIOCH,TN,37013,88060,SOUTH,36.0438,-86.6561,POINT (-86.6561 36.0438)
20190706931,09/24/2019 09:30:00 AM,2,0,0,,N,256502,2,HEAD-ON,21,CLEAR,1,DAYLIGHT,12,MOTOR VEHICLE IN TRANSPORT,PEARL ST & 17TH AVN,NASHVILLE,TN,37203,5401,NORTH,36.1599,-86.7995,POINT (-86.7995 36.1599)
20190743351,10/09/2019 09:33:00 PM,1,0,0,,N,320603,0,NOT COLLISION W/MOTOR VEHICLE-TRANSPORT,21,CLEAR,3,DARK - LIGHTED,37,Other Traffic Barrier,MM 193 1 I 40,NASHVILLE,TN,37221,4704,WEST,36.0773,-87.0104,POINT (-87.0104 36.0773)
20190764570,10/18/2019 06:25:00 PM,1,0,0,Y,N,299266,0,NOT COLLISION W/MOTOR VEHICLE-TRANSPORT,21,CLEAR,3,DARK - LIGHTED,30,UTILITY POLE,HARDING PL & SEVEN MILE CREEK HARDING MA,NASHVILLE,TN,37211,8705,SOUTH,36.0801,-86.7245,POINT (-86.7245 36.0801)
20190717939,09/28/2019 07:35:00 PM,2,0,0,,Y,384394,11,Front to Rear,21,CLEAR,3,DARK - LIGHTED,12,MOTOR VEHICLE IN TRANSPORT,HARDING PL & LARGO DR,NASHVILLE,TN,37211,8705,SOUTH,36.0833,-86.7086,POINT (-86.7086 36.0833)
20190896381,12/13/2019 07:04:00 PM,1,0,0,Y,Y,429185,0,NOT COLLISION W/MOTOR VEHICLE-TRANSPORT,22,CLOUDY,1,DAYLIGHT,38,FENCE,6001 OLD HICKORY BLVD,HERMITAGE,TN,37076,9545,HERMIT,36.1634,-86.5971,POINT (-86.5971 36.1634)
20190771805,10/22/2019 06:00:00 AM,2,0,0,,N,320584,11,Front to Rear,21,CLEAR,3,DARK - LIGHTED,12,MOTOR VEHICLE IN TRANSPORT,MM 53 0 I 24,NASHVILLE,TN,37210,8302,SOUTH,36.1189,-86.7264,POINT (-86.7264 36.1189)
20190705312,09/23/2019 05:27:00 PM,2,0,0,,Y,299241,11,Front to Rear,21,CLEAR,1,DAYLIGHT,12,MOTOR VEHICLE IN TRANSPORT,I40 W ENT RAMP & I 40,NASHVILLE,TN,37210,9007,HERMIT,36.1484,-86.7454,POINT (-86.7454 36.1484)
20190910898,12/20/2019 12:00:00 AM,2,0,0,,N,352196,11,Front to Rear,21,CLEAR,3,DARK - LIGHTED,12,MOTOR VEHICLE IN TRANSPORT,HARDING PL & MURFREESBORO PKE,NASHVILLE,TN,37217,8849,SOUTH,36.0986,-86.6594,POINT (-86.6594 36.0986)
20190778265,10/24/2019 06:38:00 PM,2,2,0,,N,240983,11,Front to Rear,21,CLEAR,2,DARK - NOT LIGHTED,12,MOTOR VEHICLE IN TRANSPORT,MM 52 0 I 24,NASHVILLE,TN,37217,8816,SOUTH,36.1329,-86.7267,POINT (-86.7267 36.1329)
20190643282,08/28/2019 08:29:00 PM,2,2,0,,N,256446,11,Front to Rear,21,CLEAR,3,DARK - LIGHTED,12,MOTOR VEHICLE IN TRANSPORT,OLD HICKORY BLVD & I24 E ENT RAMP,ANTIOCH,TN,37013,8771,SOUTH,36.0134,-86.6207,POINT (-86.6207 36.0134)
20190852988,11/25/2019 04:15:00 PM,2,0,0,,N,320580,11,Front to Rear,21,CLEAR,1,DAYLIGHT,12,MOTOR VEHICLE IN TRANSPORT,LEBANON PKE & BRILEY PKWY N ENT RAMP,NASHVILLE,TN,37214,9121,HERMIT,36.1685,-86.6872,POINT (-86.6872 36.1685)
20190793945,10/31/2019 01:30:00 PM,2,0,0,Y,Y,226134,5,SIDESWIPE - SAME DIRECTION,2,RAIN,1,DAYLIGHT,12;27,MOTOR VEHICLE IN TRANSPORT;H-WAY TRAFFIC SIGNAL POST,MM 53 8 I 24,NASHVILLE,TN,37211,8402,SOUTH,36.1083,-86.7209,POINT (-86.7209 36.1083)
20190710743,09/25/2019 07:23:00 PM,2,4,0,,N,212369,4,ANGLE,21,CLEAR,3,DARK - LIGHTED,12,MOTOR VEHICLE IN TRANSPORT,EDMONDSON PKE & BRENTWOOD SQ,NASHVILLE,TN,37211,8653,MIDTOW,36.0416,-86.7439,POINT (-86.7439 36.0416)
20190605316,08/14/2019 07:35:00 AM,3,0,0,,N,876581,11,Front to Rear,21,CLEAR,1,DAYLIGHT,12,MOTOR VEHICLE IN TRANSPORT,US HWY 31E & CONFERENCE DR,MADISON,TN,37115,1731,MADISO,36.3028,-86.6918,POINT (-86.6918 36.3028)
20190587443,08/07/2019 02:13:00 PM,4,0,0,,N,279208,4,ANGLE,21,CLEAR,1,DAYLIGHT,12;14,MOTOR VEHICLE IN TRANSPORT;PARKED MOTOR VEHICLE,17TH AVS & DOROTHY PL,NASHVILLE,TN,37212,6621,MIDTOW,36.1383,-86.7954,POINT (-86.7954 36.1383)
20190693658,09/18/2019 04:09:00 PM,2,0,0,,Y,151132,11,Front to Rear,21,CLEAR,1,DAYLIGHT,12,MOTOR VEHICLE IN TRANSPORT,BRILEY PKWYE & OAKVIEW DR,NASHVILLE,TN,37207,20121,MADISO,36.2403,-86.7688,POINT (-86.7688 36.2403)
20190826449,11/14/2019 12:20:00 PM,2,1,0,,N,571313,11,Front to Rear,21,CLEAR,1,DAYLIGHT,12,MOTOR VEHICLE IN TRANSPORT,MM 210 3 I 40,NASHVILLE,TN,37203,80021,MIDTOW,36.15,-86.7719,POINT (-86.7719 36.15)
20190931662,12/31/2019 11:00:00 AM,1,0,0,Y,Y,384431,0,NOT COLLISION W/MOTOR VEHICLE-TRANSPORT,21,CLEAR,1,DAYLIGHT,15,OTHER TYPE NON-MOTORIST,5TH AVN & UNION ST,NASHVILLE,TN,37219,4141,CENTRA,36.1643,-86.7809,POINT (-86.7809 36.1643)
20190639649,08/27/2019 12:30:00 PM,2,2,0,,N,594473,11,Front to Rear,22,CLOUDY,1,DAYLIGHT,12,MOTOR VEHICLE IN TRANSPORT,I 440 & I440 W ENT RAMP,NASHVILLE,TN,37211,8043,MIDTOW,36.1221,-86.7544,POINT (-86.7544 36.1221)
20190596571,08/10/2019 08:42:00 PM,1,0,0,,N,320594,0,NOT COLLISION W/MOTOR VEHICLE-TRANSPORT,21,CLEAR,2,DARK - NOT LIGHTED,32,CULVERT,BURNETT RD & CINDER RD,OLD HICKORY,TN,37138,9737,HERMIT,36.2901,-86.6624,POINT (-86.6624 36.2901)
20190672578,09/10/2019 07:00:00 AM,2,0,0,,Y,676834,5,SIDESWIPE - SAME DIRECTION,21,CLEAR,1,DAYLIGHT,12,MOTOR VEHICLE IN TRANSPORT,BRILEY PKWYW & BRILEY PKWYE,NASHVILLE,TN,37218,3216,NORTH,36.2254,-86.8638,POINT (-86.8638 36.2254)
20190697653,09/20/2019 06:45:00 AM,3,1,0,,N,716886,11,Front to Rear,21,CLEAR,1,DAYLIGHT,12,MOTOR VEHICLE IN TRANSPORT,MM 53 0 I 24,NASHVILLE,TN,37210,8302,SOUTH,36.1189,-86.7264,POINT (-86.7264 36.1189)
20190916604,12/23/2019 05:30:00 PM,3,2,0,,N,298877,5,SIDESWIPE - SAME DIRECTION,21,CLEAR,3,DARK - LIGHTED,12,MOTOR VEHICLE IN TRANSPORT,BLUE HOLE RD & BLUE HOLE GRNWY PVTDR,ANTIOCH,TN,37013,8859,SOUTH,36.0593,-86.6724,POINT (-86.6724 36.0593)
20190875167,12/05/2019 01:21:00 PM,2,0,0,,N,306231,4,ANGLE,21,CLEAR,1,DAYLIGHT,12,MOTOR VEHICLE IN TRANSPORT,I65 S EXT RAMP & I 65,MADISON,TN,37115,20044,MADISO,36.2481,-86.743,POINT (-86.743 36.2481)
20190827493,11/14/2019 05:56:00 PM,3,0,0,,N,405418,6,SIDESWIPE - OPPOSITE DIRECTION,22,CLOUDY,3,DARK - LIGHTED,12,MOTOR VEHICLE IN TRANSPORT,LYNN DR & CORNING DR,NASHVILLE,TN,37211,8501,MIDTOW,36.0832,-86.7339,POINT (-86.7339 36.0832)
20190713188,09/26/2019 06:40:00 PM,2,1,0,,N,330425,5,SIDESWIPE - SAME DIRECTION,21,CLEAR,5,DUSK,12,MOTOR VEHICLE IN TRANSPORT,US HWY 31E & DUE WEST AVE E,MADISON,TN,37115,1507,MADISO,36.2481,-86.7203,POINT (-86.7203 36.2481)
20190842084,11/20/2019 10:30:00 PM,3,2,0,,N,175719,11,Front to Rear,22,CLOUDY,3,DARK - LIGHTED,12,MOTOR VEHICLE IN TRANSPORT,DOUGLAS AV & EMMETT AV,NASHVILLE,TN,37206,1933,EAST,36.1931,-86.7487,POINT (-86.7487 36.1931)
20190681323,09/13/2019 10:47:00 AM,2,0,0,,N,226673,5,SIDESWIPE - SAME DIRECTION,21,CLEAR,1,DAYLIGHT,12,MOTOR VEHICLE IN TRANSPORT,14TH AVS & BROADWAY,NASHVILLE,TN,37203,5701,MIDTOW,36.1557,-86.7897,POINT (-86.7897 36.1557)
20190671537,09/09/2019 12:00:00 AM,2,0,0,,Y,134871,11,Front to Rear,21,CLEAR,2,DARK - NOT LIGHTED,14;99,PARKED MOTOR VEHICLE;UNKNOWN MOST HARMFUL EVENT,10TH AVS & GLEAVES ST,NASHVILLE,TN,37203,4021,CENTRA,36.1518,-86.781,POINT (-86.781 36.1518)
20190820881,11/12/2019 07:05:00 AM,2,2,0,,N,311799,11,Front to Rear,21,CLEAR,1,DAYLIGHT,12,MOTOR VEHICLE IN TRANSPORT,BRILEY PKWYW & ELLINGTON PKWYS,MADISON,TN,37115,1590,MADISO,36.239,-86.7416,POINT (-86.7416 36.239)
20190751582,10/13/2019 02:10:00 PM,2,0,0,,N,299264,11,Front to Rear,21,CLEAR,1,DAYLIGHT,55,Motor Vehicle-In-Motion Outside Trafficw,MM 209 4 I 40,NASHVILLE,TN,37203,40041,CENTRA,36.1519,-86.7866,POINT (-86.7866 36.1519)
20190845198,11/22/2019 04:11:00 AM,1,0,0,,Y,320590,0,NOT COLLISION W/MOTOR VEHICLE-TRANSPORT,2,RAIN,3,DARK - LIGHTED,24,GUARDRAIL FACE,W TRINITY LN & DAY ST,NASHVILLE,TN,37207,3013,NORTH,36.2073,-86.805,POINT (-86.805 36.2073)
20190888304,12/11/2019 06:50:00 AM,2,0,0,,N,693093,5,SIDESWIPE - SAME DIRECTION,21,CLEAR,1,DAYLIGHT,12,MOTOR VEHICLE IN TRANSPORT,DICKERSON PKES & DICKERSON PKE,MADISON,TN,37115,2101,MADISO,36.2836,-86.7471,POINT (-86.7471 36.2836)
20190894797,12/13/2019 03:31:00 PM,2,0,0,,Y,279225,2,HEAD-ON,2,RAIN,1,DAYLIGHT,12,MOTOR VEHICLE IN TRANSPORT,SMITH SPRINGS RD & BUTLER RD,NASHVILLE,TN,37217,8981,HERMIT,36.0893,-86.6178,POINT (-86.6178 36.0893)
20190896971,12/14/2019 07:38:00 PM,2,0,0,,N,320585,11,Front to Rear,21,CLEAR,2,DARK - NOT LIGHTED,12,MOTOR VEHICLE IN TRANSPORT,BRILEY PKWYS & OPRYLAND DR,NASHVILLE,TN,37214,9209,HERMIT,36.2067,-86.6906,POINT (-86.6906 36.2067)
20190822605,11/12/2019 09:11:00 PM,2,2,0,,N,579971,4,ANGLE,21,CLEAR,3,DARK - LIGHTED,12,MOTOR VEHICLE IN TRANSPORT,RANSOM PL & MURFREESBORO PKE,NASHVILLE,TN,37217,8853,SOUTH,36.0694,-86.6409,POINT (-86.6409 36.0694)
20190930587,12/30/2019 10:50:00 PM,2,0,0,,N,240944,4,ANGLE,21,CLEAR,3,DARK - LIGHTED,12,MOTOR VEHICLE IN TRANSPORT,GREYMONT DR & GLENGARRY DR,NASHVILLE,TN,37217,8811,SOUTH,36.1173,-86.7068,POINT (-86.7068 36.1173)
20190810270,11/07/2019 11:30:00 AM,2,0,0,,N,594473,11,Front to Rear,2,RAIN,1,DAYLIGHT,12,MOTOR VEHICLE IN TRANSPORT,17TH AVS & EDGEHILL AV,NASHVILLE,TN,37212,6707,MIDTOW,36.1443,-86.7943,POINT (-86.7943 36.1443)
20190590916,08/08/2019 05:11:00 PM,2,1,0,,N,151132,4,ANGLE,21,CLEAR,5,DUSK,1;12,MOTOR VEHICLE IN TRANSPORT,STATE RT 45 & MYATT DR,MADISON,TN,37115,1705,MADISO,36.2641,-86.6903,POINT (-86.6903 36.2641)
20190791414,10/30/2019 01:00:00 PM,4,0,0,Y,N,665896,4,ANGLE,22,CLOUDY,1,DAYLIGHT,12;25;36,MOTOR VEHICLE IN TRANSPORT;GUARDRAIL END;CONCRETE TRAFFIC BARRIER,MM 47 8 I 24,NASHVILLE,TN,37207,1904,CENTRA,36.1775,-86.7731,POINT (-86.7731 36.1775)
20190715106,09/27/2019 01:58:00 PM,2,0,0,,N,134899,5,SIDESWIPE - SAME DIRECTION,21,CLEAR,1,DAYLIGHT,12,MOTOR VEHICLE IN TRANSPORT,MCGAVOCK PKE EB EXT RAMP & MCGAVOCK PKE,NASHVILLE,TN,37214,92840,HERMIT,36.2168,-86.6926,POINT (-86.6926 36.2168)
20190927595,12/29/2019 12:00:00 AM,3,0,0,,Y,320575,9,UNKNOWN,99,UNKNOWN,9,UNKNOWN,14,PARKED MOTOR VEHICLE,RICHARDS RD & DELIA DR,ANTIOCH,TN,37013,8893,SOUTH,36.0689,-86.6798,POINT (-86.6798 36.0689)
20190629731,08/23/2019 08:35:00 AM,2,0,0,,N,306231,4,ANGLE,22,CLOUDY,1,DAYLIGHT,12,MOTOR VEHICLE IN TRANSPORT,28TH AVN & JEFFERSON ST,NASHVILLE,TN,37208,4525,NORTH,36.1672,-86.8206,POINT (-86.8206 36.1672)
20190897029,12/14/2019 08:20:00 PM,1,0,0,,N,330431,0,NOT COLLISION W/MOTOR VEHICLE-TRANSPORT,2,RAIN,3,DARK - LIGHTED,34,DITCH,WHITES CREEK PKE & MOORMANS ARM RD,NASHVILLE,TN,37207,3033,NORTH,36.2182,-86.8035,POINT (-86.8035 36.2182)
20190815252,11/09/2019 04:08:00 PM,2,1,0,,N,352172,11,Front to Rear,21,CLEAR,1,DAYLIGHT,12,MOTOR VEHICLE IN TRANSPORT,NORTHSIDE DR & GALLATIN PKEN,MADISON,TN,37115,1731,MADISO,36.3057,-86.6875,POINT (-86.6875 36.3057)
20190880873,12/08/2019 02:36:00 AM,1,0,0,,N,320584,0,NOT COLLISION W/MOTOR VEHICLE-TRANSPORT,21,CLEAR,3,DARK - LIGHTED,34,DITCH,I24 E EXT RAMP & I 24,NASHVILLE,TN,37207,30080,NORTH,36.2378,-86.7872,POINT (-86.7872 36.2378)