Accident Number,Date and Time,Number of Motor Vehicles,Number of Injuries,Number of Fatalities,Property Damage,Hit and Run,Reporting Officer,Collision Type Code,Collision Type Description,Weather Code,Weather Description,Illumination Code,Illumination Description,Harmful Code,Harmful Code Description,Street Address,City,State,ZIP,RPA,Precinct,Latitude,Longitude,Mapped Location
20190784155,10/27/2019 05:25:00 PM,2,0,0,,N,299267,4,ANGLE,21,CLEAR,1,DAYLIGHT,12,MOTOR VEHICLE IN TRANSPORT,WEST END AV & 25TH AVN,NASHVILLE,TN,37212,5801,MIDTOW,36.1467,-86.8089,POINT (-86.8089 36.1467)
20190710428,09/25/2019 04:25:00 PM,2,0,0,,N,279208,4,ANGLE,22,CLOUDY,1,DAYLIGHT,12,MOTOR VEHICLE IN TRANSPORT,DEMONBREUN ST & 14TH AVS,NASHVILLE,TN,37203,6721,MIDTOW,36.1536,-86.7884,POINT (-86.7884 36.1536)
20190661727,09/05/2019 10:15:00 AM,2,0,0,,N,156307,4,ANGLE,21,CLEAR,1,DAYLIGHT,12,MOTOR VEHICLE IN TRANSPORT,MM 44 2 I 24,NASHVILLE,TN,37207,32242,NORTH,36.2297,-86.7813,POINT (-86.7813 36.2297)
20190669322,09/08/2019 07:50:00 PM,1,1,0,,N,468097,0,NOT COLLISION W/MOTOR VEHICLE-TRANSPORT,21,CLEAR,3,DARK - LIGHTED,8,PEDESTRIAN,3909 CLARKSVILLE PKE,NASHVILLE,TN,37218,3149,NORTH,36.2086,-86.8396,POINT (-86.8396 36.2086)
20190862768,11/30/2019 06:50:00 AM,2,0,0,,Y,298864,6,SIDESWIPE - OPPOSITE DIRECTION,22,CLOUDY,4,DAWN,12,MOTOR VEHICLE IN TRANSPORT,MADISON BLVD & GALLATIN PKES,MADISON,TN,37115,1625,MADISO,36.255,-86.7152,POINT (-86.7152 36.255)
20190761100,10/17/2019 12:00:00 AM,2,0,0,,N,429205,5,SIDESWIPE - SAME DIRECTION,21,CLEAR,1,DAYLIGHT,12,MOTOR VEHICLE IN TRANSPORT,4TH AVS & LEA AV,NASHVILLE,TN,37203,4037,CENTRA,36.1547,-86.7731,POINT (-86.7731 36.1547)
20190840578,11/20/2019 09:47:00 AM,2,0,0,Y,N,834798,4,ANGLE,21,CLEAR,1,DAYLIGHT,12,MOTOR VEHICLE IN TRANSPORT,PORTLAND AV & MAGNOLIA BLVD,NASHVILLE,TN,37212,6607,MIDTOW,36.1332,-86.8013,POINT (-86.8013 36.1332)
20190812721,11/08/2019 12:00:00 AM,2,0,0,,Y,352179,5,SIDESWIPE - SAME DIRECTION,21,CLEAR,1,DAYLIGHT,12,MOTOR VEHICLE IN TRANSPORT,DICKERSON PKE & BROADMOOR DR,NASHVILLE,TN,37207,1811,EAST,36.2294,-86.7593,POINT (-86.7593 36.2294)
20190702989,09/22/2019 06:30:00 PM,2,0,0,,Y,140777,5,SIDESWIPE - SAME DIRECTION,21,CLEAR,5,DUSK,12,MOTOR VEHICLE IN TRANSPORT,DIVISION ST & I40 E ENT RAMP,NASHVILLE,TN,37203,40040,CENTRA,36.1513,-86.7861,POINT (-86.7861 36.1513)
20190807446,11/06/2019 08:35:00 AM,2,1,0,,N,343522,4,ANGLE,21,CLEAR,1,DAYLIGHT,12,MOTOR VEHICLE IN TRANSPORT,WEST MEADE DR & JOCELYN HOLLOW RD,NASHVILLE,TN,37205,4915,WEST,36.1049,-86.8791,POINT (-86.8791 36.1049)
20190821206,11/12/2019 09:43:00 AM,2,1,0,,N,226576,11,Front to Rear,21,CLEAR,1,DAYLIGHT,12,MOTOR VEHICLE IN TRANSPORT,MM 49 3 I 24,NASHVILLE,TN,37206,10040,EAST,36.1629,-86.7614,POINT (-86.7614 36.1629)
20190900530,12/16/2019 03:51:00 PM,1,2,0,Y,N,352186,0,NOT COLLISION W/MOTOR VEHICLE-TRANSPORT,2,RAIN,1,DAYLIGHT,1;24;34;71,GUARDRAIL FACE;DITCH;EMBANKMENT EARTH,MM 86 5 I 65,NASHVILLE,TN,37207,3006,NORTH,36.1946,-86.7762,POINT (-86.7762 36.1946)
20190869892,12/03/2019 02:29:00 PM,2,1,0,,Y,256389,11,Front to Rear,21,CLEAR,1,DAYLIGHT,12,MOTOR VEHICLE IN TRANSPORT,OLD HICKORY BLVD & I65 S ENT RAMP,NASHVILLE,TN,37220,7111,MIDTOW,36.0376,-86.7851,POINT (-86.7851 36.0376)
20190844126,11/21/2019 05:00:00 PM,2,0,0,,N,256384,11,Front to Rear,21,CLEAR,3,DARK - LIGHTED,12,MOTOR VEHICLE IN TRANSPORT,I24E & I24 E ENT RAMP,NASHVILLE,TN,37210,8102,SOUTH,36.1363,-86.727,POINT (-86.727 36.1363)
20190877663,12/06/2019 12:38:00 PM,2,3,0,,N,306231,4,ANGLE,2,RAIN,1,DAYLIGHT,12,MOTOR VEHICLE IN TRANSPORT,DR D B TODD JR BLVD & CLAY ST,NASHVILLE,TN,37208,4415,NORTH,36.1826,-86.8123,POINT (-86.8123 36.1826)
20190841245,11/18/2019 09:00:00 PM,1,0,0,,N,151132,0,NOT COLLISION W/MOTOR VEHICLE-TRANSPORT,21,CLEAR,2,DARK - NOT LIGHTED,71,EMBANKMENT EARTH,GALLATIN PKES & GALLATIN PKE,MADISON,TN,37115,1517,MADISO,36.2383,-86.724,POINT (-86.724 36.2383)
20190608180,08/15/2019 08:26:00 AM,2,0,0,,N,462474,5,SIDESWIPE - SAME DIRECTION,21,CLEAR,1,DAYLIGHT,12,MOTOR VEHICLE IN TRANSPORT,TROUSDALE DR & BRIARWOOD DR,NASHVILLE,TN,37220,8601,MIDTOW,36.0775,-86.7589,POINT (-86.7589 36.0775)
20190863229,11/30/2019 12:44:00 PM,2,0,0,,N,320575,11,Front to Rear,2,RAIN,1,DAYLIGHT,12,MOTOR VEHICLE IN TRANSPORT,BELL FORGE LNE & BELL RD,ANTIOCH,TN,37013,8865,SOUTH,36.0505,-86.6468,POINT (-86.6468 36.0505)
20190860000,11/28/2019 12:00:00 AM,1,0,0,Y,Y,352213,0,NOT COLLISION W/MOTOR VEHICLE-TRANSPORT,22,CLOUDY,2,DARK - NOT LIGHTED,19,BUILDING,40TH AVN & ALBION ST,NASHVILLE,TN,37209,4571,WEST,36.1611,-86.836,POINT (-86.836 36.1611)
20190687896,09/16/2019 01:40:00 PM,2,0,0,,Y,546012,11,Front to Rear,21,CLEAR,1,DAYLIGHT,12,MOTOR VEHICLE IN TRANSPORT,OLD HICKORY BLVDW & BOYDS HILLTOP DR,MADISON,TN,37115,1777,MADISO,36.2642,-86.7355,POINT (-86.7355 36.2642)
20190843875,11/21/2019 12:00:00 PM,2,0,0,,Y,299253,4,ANGLE,22,CLOUDY,1,DAYLIGHT,14,PARKED MOTOR VEHICLE,CAHAL AV & INGA ST,NASHVILLE,TN,37206,1883,EAST,36.1944,-86.7463,POINT (-86.7463 36.1944)
20190792349,10/30/2019 09:53:00 PM,2,1,0,,N,887598,11,Front to Rear,2,RAIN,3,DARK - LIGHTED,12,MOTOR VEHICLE IN TRANSPORT,CAHAL AV & GALLATIN AV,NASHVILLE,TN,37206,1331,EAST,36.1966,-86.7416,POINT (-86.7416 36.1966)
20190921860,12/26/2019 01:40:00 PM,2,0,0,,N,256448,11,Front to Rear,21,CLEAR,1,DAYLIGHT,12,MOTOR VEHICLE IN TRANSPORT,JACKSON DOWNS BLVD & LEBANON PKE,NASHVILLE,TN,37214,9403,HERMIT,36.1853,-86.6365,POINT (-86.6365 36.1853)
20190806334,11/05/2019 06:00:00 PM,2,0,0,,Y,279211,4,ANGLE,21,CLEAR,5,DUSK,12,MOTOR VEHICLE IN TRANSPORT,MM 89 5 I 65,NASHVILLE,TN,37207,2002,MADISO,36.2356,-86.7644,POINT (-86.7644 36.2356)
20190803141,11/04/2019 05:41:00 PM,3,0,0,,N,909486,11,Front to Rear,21,CLEAR,3,DARK - LIGHTED,12,MOTOR VEHICLE IN TRANSPORT,MM 77 3 I 65,NASHVILLE,TN,37220,86042,MIDTOW,36.0758,-86.7677,POINT (-86.7677 36.0758)
20190597834,08/11/2019 09:54:00 AM,2,0,0,,Y,256502,6,SIDESWIPE - OPPOSITE DIRECTION,21,CLEAR,1,DAYLIGHT,14,PARKED MOTOR VEHICLE,SCOVEL ST & W HEIMAN ST,NASHVILLE,TN,37208,4561,NORTH,36.1695,-86.8142,POINT (-86.8142 36.1695)
20190777812,10/24/2019 02:30:00 PM,3,0,0,,N,134899,11,Front to Rear,21,CLEAR,1,DAYLIGHT,12,MOTOR VEHICLE IN TRANSPORT,I24 W ENT RAMP & I 40,NASHVILLE,TN,37217,8818,HERMIT,36.1397,-86.7275,POINT (-86.7275 36.1397)
20190771286,10/22/2019 12:00:00 AM,1,0,0,Y,Y,200016,0,NOT COLLISION W/MOTOR VEHICLE-TRANSPORT,21,CLEAR,3,DARK - LIGHTED,30,UTILITY POLE,JACKSON ST & 17TH AVE N,NASHVILLE,TN,37208,5419,NORTH,36.1665,-86.8033,POINT (-86.8033 36.1665)
20190735746,10/06/2019 02:52:00 PM,2,0,0,,Y,507813,5,SIDESWIPE - SAME DIRECTION,21,CLEAR,1,DAYLIGHT,12,MOTOR VEHICLE IN TRANSPORT,EAST THOMPSON LN & BRILEY PKWYN,NASHVILLE,TN,37211,8337,SOUTH,36.1095,-86.728,POINT (-86.728 36.1095)
20190626378,08/22/2019 04:32:00 AM,1,0,0,,Y,405424,0,NOT COLLISION W/MOTOR VEHICLE-TRANSPORT,21,CLEAR,3,DARK - LIGHTED,36,CONCRETE TRAFFIC BARRIER,MM 215 6 I 40,NASHVILLE,TN,37214,9102,HERMIT,36.1431,-86.6845,POINT (-86.6845 36.1431)
20190802351,11/04/2019 09:45:00 AM,2,1,0,,N,166478,4,ANGLE,21,CLEAR,1,DAYLIGHT,12,MOTOR VEHICLE IN TRANSPORT,I40 W ENT RAMP & I 40,NASHVILLE,TN,37210,9007,HERMIT,36.1484,-86.7454,POINT (-86.7454 36.1484)
20190875386,12/05/2019 02:59:00 PM,2,0,0,,N,256389,11,Front to Rear,21,CLEAR,1,DAYLIGHT,12,MOTOR VEHICLE IN TRANSPORT,OCALA DR & NOLENSVILLE PKE,NASHVILLE,TN,37211,8717,SOUTH,36.0516,-86.714,POINT (-86.714 36.0516)
20190756843,10/15/2019 04:58:00 PM,2,0,0,,N,151132,11,Front to Rear,21,CLEAR,1,DAYLIGHT,12,MOTOR VEHICLE IN TRANSPORT,BRILEY PKWY W EXT RAMP & BRICK CHURCH PK,NASHVILLE,TN,37207,2033,MADISO,36.2397,-86.7808,POINT (-86.7808 36.2397)
20190932302,12/31/2019 05:12:00 PM,2,1,0,,N,256389,5,SIDESWIPE - SAME DIRECTION,21,CLEAR,3,DARK - LIGHTED,12,MOTOR VEHICLE IN TRANSPORT,20TH AVN & MURPHY AV,NASHVILLE,TN,37203,5507,MIDTOW,36.1562,-86.8029,POINT (-86.8029 36.1562)
20190838902,11/19/2019 06:11:00 PM,2,0,0,,N,109534,5,SIDESWIPE - SAME DIRECTION,21,CLEAR,3,DARK - LIGHTED,12,MOTOR VEHICLE IN TRANSPORT,MCGAVOCK PKE & MUSIC VALLEY DR,NASHVILLE,TN,37214,9213,HERMIT,36.217,-86.6951,POINT (-86.6951 36.217)
20190726412,10/02/2019 12:33:00 PM,2,2,0,,N,226622,11,Front to Rear,21,CLEAR,1,DAYLIGHT,12,MOTOR VEHICLE IN TRANSPORT,I440 E EXT RAMP & I 440,NASHVILLE,TN,37205,5249,WEST,36.1366,-86.8221,POINT (-86.8221 36.1366)
20190601348,08/12/2019 08:35:00 PM,2,0,0,,N,298874,4,ANGLE,21,CLEAR,3,DARK - LIGHTED,12,MOTOR VEHICLE IN TRANSPORT,GREENWOOD AV & SCOTT AV,NASHVILLE,TN,37206,1329,EAST,36.1892,-86.7336,POINT (-86.7336 36.1892)
20190794813,10/31/2019 09:33:00 PM,1,0,0,,N,212334,0,NOT COLLISION W/MOTOR VEHICLE-TRANSPORT,21,CLEAR,3,DARK - LIGHTED,50,DEER (ANIMAL),OLD CLARKSVILLE PKE & JOELTON COMMUNITY,JOELTON,TN,37080,3307,NORTH,36.3139,-86.8679,POINT (-86.8679 36.3139)
20190828727,11/15/2019 08:19:00 AM,2,0,0,,N,620072,3,REAR-TO-REAR,21,CLEAR,1,DAYLIGHT,12,MOTOR VEHICLE IN TRANSPORT,POSTON AV & 30TH AVN,NASHVILLE,TN,37203,5625,MIDTOW,36.1451,-86.8155,POINT (-86.8155 36.1451)
20190639927,08/27/2019 02:51:00 PM,2,0,0,,N,594473,5,SIDESWIPE - SAME DIRECTION,22,CLOUDY,1,DAYLIGHT,12,MOTOR VEHICLE IN TRANSPORT,14TH AVN & CHARLOTTE AV,NASHVILLE,TN,37203,5501,MIDTOW,36.1608,-86.7937,POINT (-86.7937 36.1608)
20190604121,08/13/2019 05:44:00 PM,2,0,0,,Y,212338,5,SIDESWIPE - SAME DIRECTION,2,RAIN,1,DAYLIGHT,12,MOTOR VEHICLE IN TRANSPORT,SIDCO DR & ELYSIAN FIELDS RD,NASHVILLE,TN,37204,8531,MIDTOW,36.0844,-86.7617,POINT (-86.7617 36.0844)
20190783588,10/27/2019 09:52:00 AM,2,0,0,,N,311799,0,NOT COLLISION W/MOTOR VEHICLE-TRANSPORT,22,CLOUDY,1,DAYLIGHT,24;7,GUARDRAIL FACE,MM 93 2 I 65,MADISON,TN,37115,17062,MADISO,36.2787,-86.7343,POINT (-86.7343 36.2787)
20190729620,10/03/2019 06:18:00 PM,2,1,0,,N,151132,4,ANGLE,21,CLEAR,5,DUSK,12,MOTOR VEHICLE IN TRANSPORT,GALLATIN PKES & MAPLE ST,MADISON,TN,37115,1607,MADISO,36.2617,-86.7124,POINT (-86.7124 36.2617)
20190630261,08/23/2019 12:55:00 PM,2,0,0,,N,134899,11,Front to Rear,21,CLEAR,1,DAYLIGHT,12,MOTOR VEHICLE IN TRANSPORT,MM 212 1 I 40,NASHVILLE,TN,37210,90041,HERMIT,36.1463,-86.7422,POINT (-86.7422 36.1463)
20190673033,09/10/2019 10:35:00 AM,2,0,0,,N,716886,4,ANGLE,21,CLEAR,1,DAYLIGHT,12,MOTOR VEHICLE IN TRANSPORT,GRACEWOOD GROVE & STONEFARM TRL,ANTIOCH,TN,37013,8927,SOUTH,36.051,-86.6052,POINT (-86.6052 36.051)
20190789958,10/29/2019 11:19:00 PM,2,2,0,,N,256569,4,ANGLE,21,CLEAR,3,DARK - LIGHTED,1;12,MOTOR VEHICLE IN TRANSPORT,STATE RT 45 & MCARTHUR DR,MADISON,TN,37115,1705,MADISO,36.2642,-86.6915,POINT (-86.6915 36.2642)
20190863175,11/30/2019 12:13:00 PM,2,0,0,,Y,279113,98,OTHER,2,RAIN,1,DAYLIGHT,12,MOTOR VEHICLE IN TRANSPORT,MM 215 0 I 40,NASHVILLE,TN,37214,91021,HERMIT,36.1444,-86.6948,POINT (-86.6948 36.1444)
20190771885,10/22/2019 06:54:00 AM,2,0,0,,N,716886,11,Front to Rear,21,CLEAR,1,DAYLIGHT,12,MOTOR VEHICLE IN TRANSPORT,MM 59 8 I 24,ANTIOCH,TN,37013,88060,SOUTH,36.0422,-86.6533,POINT (-86.6533 36.0422)
20190681377,09/13/2019 11:19:00 AM,3,0,0,,N,140808,11,Front to Rear,21,CLEAR,1,DAYLIGHT,12,MOTOR VEHICLE IN TRANSPORT,MM 2 7 I 440,NASHVILLE,TN,37215,6008,WEST,36.1231,-86.807,POINT (-86.807 36.1231)
20190759231,10/16/2019 03:17:00 PM,3,0,0,,Y,320581,5,SIDESWIPE - SAME DIRECTION,21,CLEAR,1,DAYLIGHT,14,PARKED MOTOR VEHICLE,CUMBERLAND BND & GREAT CIRCLE RD,NASHVILLE,TN,37228,4401,NORTH,36.1929,-86.7914,POINT (-86.7914 36.1929)
20190927592,12/29/2019 01:20:00 PM,2,1,0,,N,279206,4,ANGLE,2,RAIN,1,DAYLIGHT,12,MOTOR VEHICLE IN TRANSPORT,LEBANON PKE & DISSPAYNE DR,NASHVILLE,TN,37214,9403,HERMIT,36.1725,-86.6496,POINT (-86.6496 36.1725)
20190634309,08/25/2019 03:05:00 AM,1,2,0,,N,415780,0,NOT COLLISION W/MOTOR VEHICLE-TRANSPORT,21,CLEAR,3,DARK - LIGHTED,20,IMPACT ATTENUATOR,MM 82 2 I 65,NASHVILLE,TN,37203,6804,MIDTOW,36.1456,-86.7776,POINT (-86.7776 36.1456)
20190874263,12/05/2019 06:46:00 AM,2,0,0,,N,474557,4,ANGLE,21,CLEAR,1,DAYLIGHT,12,MOTOR VEHICLE IN TRANSPORT,HICKORY HOLLOW PKWY & BELL RD,ANTIOCH,TN,37013,8863,SOUTH,36.0475,-86.656,POINT (-86.656 36.0475)
20190610997,08/16/2019 09:57:00 AM,2,2,0,,Y,191578,4,ANGLE,21,CLEAR,1,DAYLIGHT,12,MOTOR VEHICLE IN TRANSPORT,ANDREW JACKSON PKWY & CHANDLER RD,HERMITAGE,TN,37076,9511,HERMIT,36.1891,-86.6072,POINT (-86.6072 36.1891)
20190846206,11/22/2019 01:45:00 PM,2,0,0,,N,384436,11,Front to Rear,22,CLOUDY,1,DAYLIGHT,12,MOTOR VEHICLE IN TRANSPORT,MM 6 3 I 440,NASHVILLE,TN,37210,8304,SOUTH,36.1229,-86.751,POINT (-86.751 36.1229)
20190640362,08/27/2019 05:10:00 PM,2,0,0,,N,256380,11,Front to Rear,21,CLEAR,1,DAYLIGHT,12,MOTOR VEHICLE IN TRANSPORT,CHARLOTTE AV & 15TH AVN,NASHVILLE,TN,37203,5501,MIDTOW,36.1603,-86.7946,POINT (-86.7946 36.1603)
20190739451,10/08/2019 08:57:00 AM,1,0,0,,N,405447,0,NOT COLLISION W/MOTOR VEHICLE-TRANSPORT,22,CLOUDY,1,DAYLIGHT,36,CONCRETE TRAFFIC BARRIER,MM 4 4 I 440,NASHVILLE,TN,37204,7014,MIDTOW,36.1158,-86.7827,POINT (-86.7827 36.1158)
20190658250,09/03/2019 11:00:00 PM,2,0,0,,Y,279201,5,SIDESWIPE - SAME DIRECTION,21,CLEAR,2,DARK - NOT LIGHTED,12,MOTOR VEHICLE IN TRANSPORT,MM 212 9 I 40,NASHVILLE,TN,37210,82061,HERMIT,36.1404,-86.7312,POINT (-86.7312 36.1404)
20190614060,08/17/2019 03:40:00 PM,3,0,0,,N,306230,5,SIDESWIPE - SAME DIRECTION,21,CLEAR,1,DAYLIGHT,12,MOTOR VEHICLE IN TRANSPORT,23RD AVN & OSAGE ST,NASHVILLE,TN,37208,4467,NORTH,36.1757,-86.8135,POINT (-86.8135 36.1757)
20190832206,11/16/2019 09:42:00 PM,1,1,0,,N,299267,0,NOT COLLISION W/MOTOR VEHICLE-TRANSPORT,21,CLEAR,3,DARK - LIGHTED,36,CONCRETE TRAFFIC BARRIER,MM 79 1 I 65,NASHVILLE,TN,37204,8504,MIDTOW,36.1016,-86.7648,POINT (-86.7648 36.1016)
20190754009,10/14/2019 03:43:00 PM,2,2,0,,N,320580,4,ANGLE,21,CLEAR,1,DAYLIGHT,12,MOTOR VEHICLE IN TRANSPORT,ELM HILL PKE & ARLINGTON AV,NASHVILLE,TN,37210,9013,HERMIT,36.1437,-86.7319,POINT (-86.7319 36.1437)
20190726742,10/02/2019 03:42:00 PM,2,2,0,,N,197054,11,Front to Rear,21,CLEAR,1,DAYLIGHT,12,MOTOR VEHICLE IN TRANSPORT,MM 214 3 I 40,NASHVILLE,TN,37217,88021,HERMIT,36.1425,-86.7089,POINT (-86.7089 36.1425)
20190791813,10/30/2019 04:44:00 PM,2,0,0,,N,240983,5,SIDESWIPE - SAME DIRECTION,2,RAIN,1,DAYLIGHT,12,MOTOR VEHICLE IN TRANSPORT,ELBERTA ST & BURBANK AV,NASHVILLE,TN,37210,8319,SOUTH,36.1188,-86.7458,POINT (-86.7458 36.1188)
20190898082,12/15/2019 11:12:00 AM,2,0,0,,N,812949,11,Front to Rear,22,CLOUDY,1,DAYLIGHT,12,MOTOR VEHICLE IN TRANSPORT,MM 86 9 I 65,NASHVILLE,TN,37207,3002,NORTH,36.2009,-86.7768,POINT (-86.7768 36.2009)
20190737823,10/07/2019 03:47:00 PM,2,0,0,,N,206964,11,Front to Rear,22,CLOUDY,5,DUSK,12,MOTOR VEHICLE IN TRANSPORT,OLD HICKORY BLVD & PRESERVE BLVD,ANTIOCH,TN,37013,8869,SOUTH,36.0327,-86.6119,POINT (-86.6119 36.0327)
20190918623,12/24/2019 05:00:00 PM,2,1,0,,Y,256384,4,ANGLE,21,CLEAR,3,DARK - LIGHTED,12,MOTOR VEHICLE IN TRANSPORT,HUMBER DR & HARDING PL,NASHVILLE,TN,37211,8705,SOUTH,36.0812,-86.7151,POINT (-86.7151 36.0812)
20190746864,10/11/2019 08:00:00 AM,2,0,0,,N,352174,4,ANGLE,21,CLEAR,1,DAYLIGHT,12,MOTOR VEHICLE IN TRANSPORT,CLOVERLAND DR & OLD HICKORY BLVD,BRENTWOOD,TN,37027,8623,MIDTOW,36.0399,-86.7684,POINT (-86.7684 36.0399)
20190740668,10/08/2019 08:25:00 PM,1,0,0,,N,717341,0,NOT COLLISION W/MOTOR VEHICLE-TRANSPORT,21,CLEAR,2,DARK - NOT LIGHTED,63;7,Ran Off Road-Right,I24 E EXT RAMP & I 24,NASHVILLE,TN,37207,30080,NORTH,36.2378,-86.7872,POINT (-86.7872 36.2378)
20190886939,12/10/2019 05:10:00 PM,2,1,0,,N,134871,11,Front to Rear,21,CLEAR,3,DARK - LIGHTED,12,MOTOR VEHICLE IN TRANSPORT,MM 210 1 I 40,NASHVILLE,TN,37203,4006,CENTRA,36.1492,-86.7751,POINT (-86.7751 36.1492)
20190884285,12/09/2019 05:56:00 PM,2,0,0,,N,330445,11,Front to Rear,21,CLEAR,1,DAYLIGHT,12,MOTOR VEHICLE IN TRANSPORT,32ND AVS & BELCOURT AV,NASHVILLE,TN,37212,5817,MIDTOW,36.1371,-86.8136,POINT (-86.8136 36.1371)
20190747465,10/11/2019 01:50:00 PM,2,0,0,,N,352211,3,REAR-TO-REAR,21,CLEAR,1,DAYLIGHT,12,MOTOR VEHICLE IN TRANSPORT,HARDING PKE & RIDGEFIELD WAY,NASHVILLE,TN,37205,6021,WEST,36.1264,-86.8456,POINT (-86.8456 36.1264)
20190691178,09/17/2019 07:37:00 PM,2,2,0,,N,267831,11,Front to Rear,21,CLEAR,3,DARK - LIGHTED,12,MOTOR VEHICLE IN TRANSPORT,WHITE BRIDGE PKE & CHARLOTTE PKE,NASHVILLE,TN,37209,5033,WEST,36.1494,-86.8579,POINT (-86.8579 36.1494)
20190755600,10/15/2019 07:07:00 AM,2,1,0,,N,109534,5,SIDESWIPE - SAME DIRECTION,2,RAIN,1,DAYLIGHT,12,MOTOR VEHICLE IN TRANSPORT,MCCRORY CREEK RD & HURT DR,NASHVILLE,TN,37214,9413,HERMIT,36.1459,-86.6535,POINT (-86.6535 36.1459)
20190663927,09/06/2019 06:39:00 AM,2,0,0,,Y,109534,11,Front to Rear,21,CLEAR,1,DAYLIGHT,12,MOTOR VEHICLE IN TRANSPORT,I40 W EXT RAMP & I 40,NASHVILLE,TN,37203,4119,CENTRA,36.1574,-86.79,POINT (-86.79 36.1574)
20190617353,08/19/2019 02:17:00 AM,1,1,0,,N,330420,0,NOT COLLISION W/MOTOR VEHICLE-TRANSPORT,21,CLEAR,2,DARK - NOT LIGHTED,36,CONCRETE TRAFFIC BARRIER,MM 52 1 I 24,NASHVILLE,TN,37217,8816,SOUTH,36.1343,-86.7267,POINT (-86.7267 36.1343)
20190673432,09/10/2019 01:20:00 PM,2,1,0,,N,716886,11,Front to Rear,21,CLEAR,1,DAYLIGHT,12,MOTOR VEHICLE IN TRANSPORT,NOLENSVILLE PKE & WALLACE RD,NASHVILLE,TN,37211,8701,SOUTH,36.0766,-86.7254,POINT (-86.7254 36.0766)
20190726911,10/02/2019 05:05:00 PM,2,1,0,,N,320581,11,Front to Rear,21,CLEAR,1,DAYLIGHT,12,MOTOR VEHICLE IN TRANSPORT,MM 207 0 I 40,NASHVILLE,TN,37208,44021,NORTH,36.1696,-86.8114,POINT (-86.8114 36.1696)
20190593378,08/09/2019 03:14:00 PM,2,0,0,,N,420040,11,Front to Rear,22,CLOUDY,1,DAYLIGHT,12,MOTOR VEHICLE IN TRANSPORT,MM 208 4 I 40,NASHVILLE,TN,37203,54024,NORTH,36.165,-86.7943,POINT (-86.7943 36.165)
20190871703,12/04/2019 05:09:00 AM,2,0,0,,N,676834,5,SIDESWIPE - SAME DIRECTION,21,CLEAR,3,DARK - LIGHTED,12,MOTOR VEHICLE IN TRANSPORT,MM 88 3 I 65,NASHVILLE,TN,37207,18041,EAST,36.2201,-86.7743,POINT (-86.7743 36.2201)
20190733715,10/05/2019 01:22:00 PM,2,0,0,,N,212325,4,ANGLE,21,CLEAR,1,DAYLIGHT,12,MOTOR VEHICLE IN TRANSPORT,GALLATIN PKES & BERKLEY DR,MADISON,TN,37115,1519,MADISO,36.247,-86.721,POINT (-86.721 36.247)
20190888606,12/11/2019 08:51:00 AM,2,0,0,,N,134899,4,ANGLE,21,CLEAR,1,DAYLIGHT,12,MOTOR VEHICLE IN TRANSPORT,BOWWOOD CT & MURFREESBORO PKE,NASHVILLE,TN,37217,8811,SOUTH,36.1256,-86.7098,POINT (-86.7098 36.1256)
20190610652,08/16/2019 06:50:00 AM,3,0,0,,N,235761,9,UNKNOWN,21,CLEAR,1,DAYLIGHT,12,MOTOR VEHICLE IN TRANSPORT,44TH AVN & ALABAMA AV,NASHVILLE,TN,37209,5219,WEST,36.153,-86.8396,POINT (-86.8396 36.153)
20190842943,11/21/2019 08:10:00 AM,2,0,0,,N,665896,11,Front to Rear,22,CLOUDY,1,DAYLIGHT,12,MOTOR VEHICLE IN TRANSPORT,SHELBY AV & S 4TH ST,NASHVILLE,TN,37206,1009,EAST,36.167,-86.7637,POINT (-86.7637 36.167)
20190647723,08/30/2019 12:48:00 PM,2,0,0,,N,807344,4,ANGLE,21,CLEAR,1,DAYLIGHT,12;14,MOTOR VEHICLE IN TRANSPORT;PARKED MOTOR VEHICLE,2200 THE CROSSINGS PVTDR,NASHVILLE,TN,37214,9203,HERMIT,36.1694,-86.6847,POINT (-86.6847 36.1694)
20190882811,12/09/2019 05:30:00 AM,2,0,0,,N,330414,4,ANGLE,21,CLEAR,2,DARK - NOT LIGHTED,12,MOTOR VEHICLE IN TRANSPORT,STATE HWY 45 & DELAWARE AVE,MADISON,TN,37115,1703,MADISO,36.2637,-86.7045,POINT (-86.7045 36.2637)
20190821854,11/12/2019 03:24:00 PM,2,0,0,,N,330435,5,SIDESWIPE - SAME DIRECTION,21,CLEAR,1,DAYLIGHT,12,MOTOR VEHICLE IN TRANSPORT,SHELTON AV & WINDSOR AV,NASHVILLE,TN,37216,1439,EAST,36.2094,-86.7304,POINT (-86.7304 36.2094)
20190625010,08/21/2019 12:00:00 AM,2,0,0,,Y,279200,5,SIDESWIPE - SAME DIRECTION,21,CLEAR,1,DAYLIGHT,12,MOTOR VEHICLE IN TRANSPORT,8TH AVS & CLARK PL,NASHVILLE,TN,37203,4059,CENTRA,36.1558,-86.7801,POINT (-86.7801 36.1558)
20190904658,12/18/2019 07:50:00 AM,2,0,0,,N,716877,6,SIDESWIPE - OPPOSITE DIRECTION,21,CLEAR,1,DAYLIGHT,12,MOTOR VEHICLE IN TRANSPORT,CULBERTSON RD & CALDERWOOD DR,ANTIOCH,TN,37013,8767,SOUTH,36.0141,-86.6816,POINT (-86.6816 36.0141)