Accident Number,Date and Time,Number of Motor Vehicles,Number of Injuries,Number of Fatalities,Property Damage,Hit and Run,Reporting Officer,Collision Type Code,Collision Type Description,Weather Code,Weather Description,Illumination Code,Illumination Description,Harmful Code,Harmful Code Description,Street Address,City,State,ZIP,RPA,Precinct,Latitude,Longitude,Mapped Location
20190810724,11/07/2019 03:40:00 PM,2,1,0,,N,256389,11,Front to Rear,2,RAIN,1,DAYLIGHT,12,MOTOR VEHICLE IN TRANSPORT,FRANKLIN PKE & ROBERTSON ACADEMY RD,NASHVILLE,TN,37220,7101,MIDTOW,36.0813,-86.7726,POINT (-86.7726 36.0813)
20190889617,12/11/2019 06:07:00 PM,2,1,0,,N,887598,11,Front to Rear,21,CLEAR,3,DARK - LIGHTED,12,MOTOR VEHICLE IN TRANSPORT,BRILEY PKWYN & BRILEY PKWY N ENT RAMP,NASHVILLE,TN,37214,9203,HERMIT,36.1716,-86.6885,POINT (-86.6885 36.1716)
20190804664,11/05/2019 07:45:00 AM,2,0,0,,N,462494,11,Front to Rear,21,CLEAR,1,DAYLIGHT,12,MOTOR VEHICLE IN TRANSPORT,ROSA L PARKS BLVD & I65 N ENT RAMP,NASHVILLE,TN,37208,4353,NORTH,36.184,-86.798,POINT (-86.798 36.184)
20190898955,12/15/2019 10:13:00 PM,3,0,0,,N,151122,5,SIDESWIPE - SAME DIRECTION,21,CLEAR,3,DARK - LIGHTED,14;63,PARKED MOTOR VEHICLE;Ran Off Road-Right,EAST RIDGE DR & CREEKSIDE DR,NASHVILLE,TN,37211,8709,SOUTH,36.0683,-86.6988,POINT (-86.6988 36.0683)
20190598134,08/11/2019 01:44:00 PM,2,3,0,,N,405391,4,ANGLE,21,CLEAR,1,DAYLIGHT,12,MOTOR VEHICLE IN TRANSPORT,BROOK HOLLOW RD & CHARLOTTE PKE,NASHVILLE,TN,37205,5013,WEST,36.1358,-86.8852,POINT (-86.8852 36.1358)
20190810303,11/07/2019 10:30:00 AM,2,0,0,,N,384414,11,Front to Rear,22,CLOUDY,1,DAYLIGHT,12,MOTOR VEHICLE IN TRANSPORT,OLD HICKORY BLVD & HIGHWAY 70S,NASHVILLE,TN,37221,4901,WEST,36.0742,-86.9208,POINT (-86.9208 36.0742)
20190611291,08/16/2019 12:35:00 PM,3,1,0,,N,212325,4,ANGLE,21,CLEAR,1,DAYLIGHT,12,MOTOR VEHICLE IN TRANSPORT,STATE RT 45 & RIO VISTA DR,MADISON,TN,37115,1705,MADISO,36.2628,-86.681,POINT (-86.681 36.2628)
20190749006,10/12/2019 06:20:00 AM,2,0,0,,Y,226306,11,Front to Rear,21,CLEAR,3,DARK - LIGHTED,12,MOTOR VEHICLE IN TRANSPORT,CLOFTON DR & OLD HARDING PKE,NASHVILLE,TN,37221,4819,WEST,36.0638,-86.9397,POINT (-86.9397 36.0638)
20190929318,12/30/2019 10:00:00 AM,2,0,0,,N,676834,11,Front to Rear,21,CLEAR,1,DAYLIGHT,12,MOTOR VEHICLE IN TRANSPORT,CHARLOTTE AV & FISK ST,NASHVILLE,TN,37203,5401,NORTH,36.1586,-86.7987,POINT (-86.7987 36.1586)
20190648028,08/30/2019 03:56:00 PM,2,0,0,,Y,887598,11,Front to Rear,21,CLEAR,1,DAYLIGHT,12,MOTOR VEHICLE IN TRANSPORT,BUENA VISTA PKE & MATTIE ST,NASHVILLE,TN,37218,3101,NORTH,36.2,-86.8253,POINT (-86.8253 36.2)
20190840321,11/20/2019 07:40:00 AM,2,0,0,,N,169421,5,SIDESWIPE - SAME DIRECTION,21,CLEAR,1,DAYLIGHT,12,MOTOR VEHICLE IN TRANSPORT,BRICK CHURCH PKE & DENNIS DR,NASHVILLE,TN,37207,3047,NORTH,36.2126,-86.779,POINT (-86.779 36.2126)
20190810229,11/07/2019 11:00:00 AM,2,0,0,,N,226306,4,ANGLE,22,CLOUDY,1,DAYLIGHT,12,MOTOR VEHICLE IN TRANSPORT,HIGHWAY 70S & BELLEVUE CTR PVTDR,NASHVILLE,TN,37221,4811,WEST,36.0785,-86.9508,POINT (-86.9508 36.0785)
20190726529,10/02/2019 01:32:00 PM,1,0,0,,N,716886,0,NOT COLLISION W/MOTOR VEHICLE-TRANSPORT,21,CLEAR,1,DAYLIGHT,34,DITCH,MM 60 6 I 24,ANTIOCH,TN,37013,88060,SOUTH,36.0339,-86.6421,POINT (-86.6421 36.0339)
20190854823,11/26/2019 11:10:00 AM,2,0,0,,Y,405447,11,Front to Rear,22,CLOUDY,1,DAYLIGHT,12,MOTOR VEHICLE IN TRANSPORT,NOLENSVILLE PKE & OLD HICKORY BLVD,NASHVILLE,TN,37211,8717,SOUTH,36.0454,-86.7133,POINT (-86.7133 36.0454)
20190614561,08/17/2019 06:07:00 PM,2,0,0,,Y,299266,0,NOT COLLISION W/MOTOR VEHICLE-TRANSPORT,22,CLOUDY,1,DAYLIGHT,16,THROWN OR FALLING OBJECT,RICHARDS RD & ANTIOCH PKE,ANTIOCH,TN,37013,8893,SOUTH,36.0692,-86.6838,POINT (-86.6838 36.0692)
20190808627,11/06/2019 06:34:00 PM,1,0,0,,N,384449,0,NOT COLLISION W/MOTOR VEHICLE-TRANSPORT,22,CLOUDY,2,DARK - NOT LIGHTED,50,DEER (ANIMAL),I40 W ENT RAMP & I40 E EXT RAMP,HERMITAGE,TN,37076,9506,HERMIT,36.1755,-86.6059,POINT (-86.6059 36.1755)
20190873030,12/04/2019 04:48:00 PM,3,0,0,,N,352155,11,Front to Rear,21,CLEAR,1,DAYLIGHT,12,MOTOR VEHICLE IN TRANSPORT,US HWY 431 & SOLNESS AVE,WHITES CREEK,TN,37189,3223,NORTH,36.2434,-86.8218,POINT (-86.8218 36.2434)
20190782549,10/26/2019 07:25:00 PM,1,1,0,Y,N,352156,0,NOT COLLISION W/MOTOR VEHICLE-TRANSPORT,22,CLOUDY,3,DARK - LIGHTED,27;34,H-WAY TRAFFIC SIGNAL POST;DITCH,MM 56 8 I 24,NASHVILLE,TN,37211,8810,SOUTH,36.0721,-86.6914,POINT (-86.6914 36.0721)
20190713853,09/27/2019 12:45:00 AM,2,0,0,,Y,220884,11,Front to Rear,21,CLEAR,3,DARK - LIGHTED,12,MOTOR VEHICLE IN TRANSPORT,GALLATIN PKES & GALLATIN PKE,MADISON,TN,37115,1517,MADISO,36.2383,-86.724,POINT (-86.724 36.2383)
20190682175,09/13/2019 06:02:00 PM,2,0,0,,N,384436,4,ANGLE,21,CLEAR,1,DAYLIGHT,12,MOTOR VEHICLE IN TRANSPORT,LITTON AV & GALLATIN PKE,NASHVILLE,TN,37216,1403,EAST,36.2024,-86.7392,POINT (-86.7392 36.2024)
20190602051,08/13/2019 03:43:00 AM,2,1,0,,Y,110064,11,Front to Rear,21,CLEAR,3,DARK - LIGHTED,12,MOTOR VEHICLE IN TRANSPORT,I24 W ENT RAMP & I 24,NASHVILLE,TN,37206,1009,EAST,36.1666,-86.7638,POINT (-86.7638 36.1666)
20190884596,12/09/2019 08:50:00 PM,1,0,0,,N,352204,0,NOT COLLISION W/MOTOR VEHICLE-TRANSPORT,2,RAIN,2,DARK - NOT LIGHTED,36,CONCRETE TRAFFIC BARRIER,MM 201 0 I 40,NASHVILLE,TN,37209,4708,WEST,36.1301,-86.8994,POINT (-86.8994 36.1301)
20190662520,09/05/2019 03:35:00 PM,2,0,0,,N,169425,4,ANGLE,21,CLEAR,1,DAYLIGHT,12,MOTOR VEHICLE IN TRANSPORT,LYNN DR & COVENTRY CT,NASHVILLE,TN,37211,8501,MIDTOW,36.0821,-86.7364,POINT (-86.7364 36.0821)
20190877637,12/06/2019 12:15:00 PM,2,0,0,,N,235761,98,OTHER,22,CLOUDY,1,DAYLIGHT,12;14,MOTOR VEHICLE IN TRANSPORT;PARKED MOTOR VEHICLE,CHARLOTTE PKE & AMERICAN RD,NASHVILLE,TN,37209,5027,WEST,36.1444,-86.8727,POINT (-86.8727 36.1444)
20190648974,08/30/2019 10:00:00 PM,2,0,0,,N,212323,4,ANGLE,21,CLEAR,3,DARK - LIGHTED,12,MOTOR VEHICLE IN TRANSPORT,JOHN A MERRITT BLVD & 33RD AVE N,NASHVILLE,TN,37209,4519,NORTH,36.1671,-86.8269,POINT (-86.8269 36.1671)
20190702505,09/22/2019 12:01:00 PM,2,0,0,,N,620061,5,SIDESWIPE - SAME DIRECTION,21,CLEAR,1,DAYLIGHT,12,MOTOR VEHICLE IN TRANSPORT,32ND AVS & WEST END AV,NASHVILLE,TN,37212,5817,MIDTOW,36.142,-86.8162,POINT (-86.8162 36.142)
20190756393,10/15/2019 01:34:00 PM,1,0,0,,N,716886,0,NOT COLLISION W/MOTOR VEHICLE-TRANSPORT,21,CLEAR,1,DAYLIGHT,42,TREE,EZELL PKE & CITATION DR,NASHVILLE,TN,37217,8849,SOUTH,36.1003,-86.6723,POINT (-86.6723 36.1003)
20190760907,10/17/2019 08:31:00 AM,3,0,0,,Y,262749,4,ANGLE,21,CLEAR,1,DAYLIGHT,12,MOTOR VEHICLE IN TRANSPORT,LEBANON PKE & OLD LEBANON PKE,NASHVILLE,TN,37214,9125,HERMIT,36.1678,-86.6637,POINT (-86.6637 36.1678)
20190869608,12/03/2019 12:15:00 PM,2,0,0,,N,693102,4,ANGLE,21,CLEAR,1,DAYLIGHT,12,MOTOR VEHICLE IN TRANSPORT,PATRICIA DR & THOMPSON PL,NASHVILLE,TN,37217,8819,HERMIT,36.1294,-86.7072,POINT (-86.7072 36.1294)
20190789518,10/29/2019 06:25:00 PM,2,0,0,,N,330435,5,SIDESWIPE - SAME DIRECTION,21,CLEAR,3,DARK - LIGHTED,12,MOTOR VEHICLE IN TRANSPORT,E TRINITY LN & W TRINITY LN,NASHVILLE,TN,37207,1861,EAST,36.2059,-86.7686,POINT (-86.7686 36.2059)
20190648079,08/30/2019 04:29:00 PM,2,0,0,,N,169425,5,SIDESWIPE - SAME DIRECTION,21,CLEAR,1,DAYLIGHT,12,MOTOR VEHICLE IN TRANSPORT,14TH AVN & I40 E EXT RAMP,NASHVILLE,TN,37203,5425,NORTH,36.1611,-86.7937,POINT (-86.7937 36.1611)
20190848760,11/23/2019 05:43:00 PM,2,1,0,,N,256383,4,ANGLE,2,RAIN,3,DARK - LIGHTED,12,MOTOR VEHICLE IN TRANSPORT,HAYSTACK LN & BAKERTOWN RD,NASHVILLE,TN,37211,8851,SOUTH,36.0713,-86.6865,POINT (-86.6865 36.0713)
20190757859,10/16/2019 02:55:00 AM,1,0,0,Y,Y,279198,0,NOT COLLISION W/MOTOR VEHICLE-TRANSPORT,21,CLEAR,3,DARK - LIGHTED,38,FENCE,S 8TH ST & FATHERLAND ST,NASHVILLE,TN,37206,1121,EAST,36.1722,-86.7575,POINT (-86.7575 36.1722)
20190659557,09/04/2019 10:58:00 AM,2,0,0,,N,493304,11,Front to Rear,21,CLEAR,1,DAYLIGHT,12,MOTOR VEHICLE IN TRANSPORT,GALLATIN PKES & WOODRUFF ST,MADISON,TN,37115,1605,MADISO,36.2599,-86.7131,POINT (-86.7131 36.2599)
20190721930,09/30/2019 12:00:00 PM,1,1,0,,Y,352166,0,NOT COLLISION W/MOTOR VEHICLE-TRANSPORT,21,CLEAR,1,DAYLIGHT,8,PEDESTRIAN,3RD AVS & DEMONBREUN ST,NASHVILLE,TN,37201,4065,CENTRA,36.16,-86.7747,POINT (-86.7747 36.16)
20190812393,11/08/2019 08:05:00 AM,2,0,0,,N,693093,11,Front to Rear,21,CLEAR,1,DAYLIGHT,12,MOTOR VEHICLE IN TRANSPORT,MYATT DR & SPRING BRANCH DR,MADISON,TN,37115,1721,MADISO,36.2938,-86.6964,POINT (-86.6964 36.2938)
20190723751,10/01/2019 10:00:00 AM,2,0,0,,N,166478,4,ANGLE,21,CLEAR,1,DAYLIGHT,12,MOTOR VEHICLE IN TRANSPORT,ALBION ST & 32ND AVN,NASHVILLE,TN,37209,4529,NORTH,36.1635,-86.8248,POINT (-86.8248 36.1635)
20190903236,12/17/2019 05:26:00 PM,3,2,0,,N,580819,11,Front to Rear,21,CLEAR,3,DARK - LIGHTED,12,MOTOR VEHICLE IN TRANSPORT,JAMES ROBERTSON PKWY & JAMES ROBERTSON P,NASHVILLE,TN,37206,1109,EAST,36.1724,-86.7665,POINT (-86.7665 36.1724)
20190628100,08/22/2019 06:35:00 PM,2,0,0,,N,151132,11,Front to Rear,2,RAIN,1,DAYLIGHT,12,MOTOR VEHICLE IN TRANSPORT,MM 93 0 I 65,MADISON,TN,37115,17040,MADISO,36.2752,-86.7354,POINT (-86.7354 36.2752)
20190863477,11/30/2019 04:10:00 PM,2,0,0,,N,206964,11,Front to Rear,2,RAIN,5,DUSK,12,MOTOR VEHICLE IN TRANSPORT,UNA ANTIOCH PKE & BILLINGSGATE RD,ANTIOCH,TN,37013,8861,SOUTH,36.0752,-86.6623,POINT (-86.6623 36.0752)
20190737276,10/07/2019 10:50:00 AM,2,2,0,,Y,109495,11,Front to Rear,22,CLOUDY,1,DAYLIGHT,12,MOTOR VEHICLE IN TRANSPORT,WEDGEWOOD AV & 8TH AVS,NASHVILLE,TN,37204,6919,MIDTOW,36.1343,-86.7796,POINT (-86.7796 36.1343)
20190804408,11/05/2019 05:57:00 AM,2,0,0,,N,224464,4,ANGLE,21,CLEAR,2,DARK - NOT LIGHTED,12,MOTOR VEHICLE IN TRANSPORT,VANTAGE WAY CT & VANTAGE WAY,NASHVILLE,TN,37228,4499,NORTH,36.191,-86.799,POINT (-86.799 36.191)
20190640462,08/27/2019 07:10:00 PM,2,0,0,,N,109536,4,ANGLE,21,CLEAR,5,DUSK,12,MOTOR VEHICLE IN TRANSPORT,MOONLIGHT DR & VILLAGE TRL,NASHVILLE,TN,37207,2033,MADISO,36.2472,-86.777,POINT (-86.777 36.2472)
20190851619,11/25/2019 05:40:00 AM,2,0,0,,N,352201,11,Front to Rear,21,CLEAR,4,DAWN,12,MOTOR VEHICLE IN TRANSPORT,I40 W ENT RAMP & I 40,NASHVILLE,TN,37210,9007,HERMIT,36.1484,-86.7454,POINT (-86.7454 36.1484)
20190670066,09/09/2019 06:56:00 AM,2,2,0,,N,191578,11,Front to Rear,21,CLEAR,1,DAYLIGHT,12,MOTOR VEHICLE IN TRANSPORT,ELM HILL PKE & MCCRORY CREEK RD,NASHVILLE,TN,37214,9413,HERMIT,36.1437,-86.6553,POINT (-86.6553 36.1437)
20190795731,11/01/2019 09:11:00 AM,2,2,0,,Y,226622,11,Front to Rear,21,CLEAR,1,DAYLIGHT,12,MOTOR VEHICLE IN TRANSPORT,DAVIDSON RD & JOCELYN HOLLOW RD,NASHVILLE,TN,37205,4919,WEST,36.1165,-86.8706,POINT (-86.8706 36.1165)
20190888822,12/11/2019 11:19:00 AM,2,2,0,,Y,320586,2,HEAD-ON,21,CLEAR,1,DAYLIGHT,12,MOTOR VEHICLE IN TRANSPORT,AMBONNAY DR & DOLCETTO GROVE,ANTIOCH,TN,37013,8767,SOUTH,36.0002,-86.6893,POINT (-86.6893 36.0002)
20190772868,10/22/2019 02:52:00 PM,2,0,0,,N,298877,5,SIDESWIPE - SAME DIRECTION,21,CLEAR,1,DAYLIGHT,55,Motor Vehicle-In-Motion Outside Trafficw,MM 55 3 I 24,NASHVILLE,TN,37211,8602,SOUTH,36.0913,-86.7043,POINT (-86.7043 36.0913)
20190763049,10/18/2019 03:17:00 AM,2,0,0,,Y,110090,5,SIDESWIPE - SAME DIRECTION,21,CLEAR,3,DARK - LIGHTED,12,MOTOR VEHICLE IN TRANSPORT,MM 53 0 I 24,NASHVILLE,TN,37210,8302,SOUTH,36.1189,-86.7264,POINT (-86.7264 36.1189)
20190856756,11/27/2019 06:53:00 AM,2,1,0,,N,384436,11,Front to Rear,21,CLEAR,1,DAYLIGHT,12,MOTOR VEHICLE IN TRANSPORT,I24 W EXT RAMP & I 24,NASHVILLE,TN,37211,8829,SOUTH,36.1074,-86.7197,POINT (-86.7197 36.1074)
20190754200,10/14/2019 05:09:00 PM,2,0,0,,Y,330428,16,Rear to Side,21,CLEAR,1,DAYLIGHT,14,PARKED MOTOR VEHICLE,CHARLOTTE AV & 47TH AVN,NASHVILLE,TN,37209,5129,WEST,36.1522,-86.8432,POINT (-86.8432 36.1522)
20190624832,08/21/2019 02:20:00 PM,2,0,0,,N,169425,11,Front to Rear,21,CLEAR,1,DAYLIGHT,12,MOTOR VEHICLE IN TRANSPORT,OLD HICKORY BLVD & I65 S EXT RAMP,NASHVILLE,TN,37220,7111,MIDTOW,36.0377,-86.7848,POINT (-86.7848 36.0377)
20190869136,12/03/2019 09:05:00 AM,2,2,0,,N,676834,4,ANGLE,21,CLEAR,1,DAYLIGHT,12,MOTOR VEHICLE IN TRANSPORT,CLARKSVILLE PKE & 26TH AVN,NASHVILLE,TN,37208,4421,NORTH,36.1864,-86.8188,POINT (-86.8188 36.1864)
20190791589,10/30/2019 02:47:00 PM,1,1,0,,N,279233,0,NOT COLLISION W/MOTOR VEHICLE-TRANSPORT,2,RAIN,1,DAYLIGHT,36,CONCRETE TRAFFIC BARRIER,MM 205 5 I 40,NASHVILLE,TN,37209,52040,WEST,36.1549,-86.8305,POINT (-86.8305 36.1549)
20190824957,11/13/2019 12:00:00 AM,2,0,0,,N,279200,5,SIDESWIPE - SAME DIRECTION,21,CLEAR,3,DARK - LIGHTED,12,MOTOR VEHICLE IN TRANSPORT,BROADWAY & 5TH AVS,NASHVILLE,TN,37203,4089,CENTRA,36.1605,-86.7784,POINT (-86.7784 36.1605)
20190922264,12/26/2019 07:31:00 PM,2,2,0,,Y,197054,4,ANGLE,21,CLEAR,1,DAYLIGHT,12,MOTOR VEHICLE IN TRANSPORT,MURFREESBORO PKE & FOOTHILL DR,NASHVILLE,TN,37217,8815,HERMIT,36.1315,-86.7174,POINT (-86.7174 36.1315)
20190780718,10/25/2019 07:31:00 PM,2,0,0,,N,256383,4,ANGLE,2,RAIN,3,DARK - LIGHTED,12,MOTOR VEHICLE IN TRANSPORT,NOLENSVILLE PKE & WELSHWOOD DR,NASHVILLE,TN,37211,8445,SOUTH,36.0824,-86.7272,POINT (-86.7272 36.0824)
20190726466,10/02/2019 01:00:00 PM,2,0,0,,N,352179,5,SIDESWIPE - SAME DIRECTION,21,CLEAR,1,DAYLIGHT,12,MOTOR VEHICLE IN TRANSPORT,ROSA L PARKS BLVD & JAMES ROBERTSON PKWY,NASHVILLE,TN,37219,4203,CENTRA,36.1667,-86.7874,POINT (-86.7874 36.1667)
20190644138,08/29/2019 06:00:00 AM,2,0,0,,Y,197053,5,SIDESWIPE - SAME DIRECTION,21,CLEAR,1,DAYLIGHT,12;36,MOTOR VEHICLE IN TRANSPORT;CONCRETE TRAFFIC BARRIER,MM 6 3 I 440,NASHVILLE,TN,37210,8304,SOUTH,36.1229,-86.751,POINT (-86.751 36.1229)
20190931757,12/31/2019 12:00:00 PM,2,0,0,,N,334981,11,Front to Rear,21,CLEAR,1,DAYLIGHT,12,MOTOR VEHICLE IN TRANSPORT,HARDING PL & HILLSBORO PKE,NASHVILLE,TN,37215,6311,MIDTOW,36.0914,-86.8285,POINT (-86.8285 36.0914)
20190777264,10/24/2019 09:47:00 AM,2,0,0,,N,226673,4,ANGLE,21,CLEAR,1,DAYLIGHT,12,MOTOR VEHICLE IN TRANSPORT,COMMERCE ST & ROSA L PARKS BLVD,NASHVILLE,TN,37203,4113,CENTRA,36.1603,-86.783,POINT (-86.783 36.1603)
20190781851,10/26/2019 09:33:00 AM,1,0,0,Y,N,812949,0,NOT COLLISION W/MOTOR VEHICLE-TRANSPORT,22,CLOUDY,1,DAYLIGHT,24;36,GUARDRAIL FACE;CONCRETE TRAFFIC BARRIER,BRILEY PKWYW & BRILEY PKWYE,NASHVILLE,TN,37218,3216,NORTH,36.2254,-86.8638,POINT (-86.8638 36.2254)
20190595624,08/10/2019 12:13:00 PM,2,0,0,,N,311339,11,Front to Rear,21,CLEAR,1,DAYLIGHT,12,MOTOR VEHICLE IN TRANSPORT,MM 49 4 I 24,NASHVILLE,TN,37206,10040,EAST,36.1613,-86.7604,POINT (-86.7604 36.1613)
20190692705,09/18/2019 08:45:00 AM,2,0,0,,Y,352186,6,SIDESWIPE - OPPOSITE DIRECTION,21,CLEAR,1,DAYLIGHT,12,MOTOR VEHICLE IN TRANSPORT,SHELBY AV & I24 E ENT RAMP,NASHVILLE,TN,37213,1007,CENTRA,36.1662,-86.7658,POINT (-86.7658 36.1662)
20190610069,08/16/2019 12:05:00 AM,2,1,0,,N,320583,98,OTHER,21,CLEAR,3,DARK - LIGHTED,12,MOTOR VEHICLE IN TRANSPORT,17TH AVS & BROADWAY,NASHVILLE,TN,37203,5705,MIDTOW,36.1533,-86.794,POINT (-86.794 36.1533)
20190826061,11/14/2019 06:57:00 AM,2,2,0,,N,179602,11,Front to Rear,21,CLEAR,1,DAYLIGHT,12,MOTOR VEHICLE IN TRANSPORT,MM 34 2 I 24,JOELTON,TN,37080,33160,NORTH,36.3259,-86.8824,POINT (-86.8824 36.3259)
20190885620,12/10/2019 12:00:00 AM,1,0,0,Y,Y,716886,0,NOT COLLISION W/MOTOR VEHICLE-TRANSPORT,2,RAIN,9,UNKNOWN,38,FENCE,OWENDALE DR & KINWOOD DR,ANTIOCH,TN,37013,8979,SOUTH,36.0686,-86.6237,POINT (-86.6237 36.0686)
20190829099,11/15/2019 12:00:00 PM,2,0,0,Y,Y,352159,6,SIDESWIPE - OPPOSITE DIRECTION,21,CLEAR,1,DAYLIGHT,12,MOTOR VEHICLE IN TRANSPORT,INGLEWOOD DR & INGLEWOOD CT,NASHVILLE,TN,37216,1503,EAST,36.2322,-86.7227,POINT (-86.7227 36.2322)
20190897734,12/15/2019 06:41:00 AM,1,0,0,Y,Y,474557,0,NOT COLLISION W/MOTOR VEHICLE-TRANSPORT,22,CLOUDY,1,DAYLIGHT,47,FIRE HYDRANT,CIMARRON WAY & PANAMINT DR,ANTIOCH,TN,37013,8713,SOUTH,36.0599,-86.6877,POINT (-86.6877 36.0599)
20190737026,10/07/2019 12:00:00 AM,2,0,0,,Y,620061,2,HEAD-ON,2,RAIN,9,UNKNOWN,12;14,MOTOR VEHICLE IN TRANSPORT;PARKED MOTOR VEHICLE,EDGEHILL AV & 15TH AVS,NASHVILLE,TN,37212,6629,MIDTOW,36.1431,-86.7909,POINT (-86.7909 36.1431)
20190678746,09/12/2019 12:42:00 PM,2,0,0,,Y,902543,4,ANGLE,21,CLEAR,1,DAYLIGHT,12,MOTOR VEHICLE IN TRANSPORT,GALLATIN PKE & HOME RD,NASHVILLE,TN,37216,1439,EAST,36.2102,-86.7337,POINT (-86.7337 36.2102)
20190910905,12/20/2019 06:06:00 PM,3,2,0,,N,330444,11,Front to Rear,21,CLEAR,2,DARK - NOT LIGHTED,12,MOTOR VEHICLE IN TRANSPORT,I 40 & UNKNOWN RAMP,NASHVILLE,TN,37210,9041,HERMIT,36.144,-86.7013,POINT (-86.7013 36.144)
20190635628,08/25/2019 08:00:00 PM,3,0,0,,N,330431,4,ANGLE,2,RAIN,2,DARK - NOT LIGHTED,12,MOTOR VEHICLE IN TRANSPORT,MM 35 0 I 24,JOELTON,TN,37080,3318,NORTH,36.3239,-86.867,POINT (-86.867 36.3239)
20190878439,12/06/2019 07:37:00 PM,2,2,0,,N,151132,5,SIDESWIPE - SAME DIRECTION,22,CLOUDY,3,DARK - LIGHTED,12,MOTOR VEHICLE IN TRANSPORT,NEELYS BEND RD & HOSPITAL DR,MADISON,TN,37115,1633,MADISO,36.2492,-86.6856,POINT (-86.6856 36.2492)
20190865682,12/01/2019 10:15:00 PM,1,0,0,,N,320582,0,NOT COLLISION W/MOTOR VEHICLE-TRANSPORT,21,CLEAR,3,DARK - LIGHTED,25,GUARDRAIL END,MM 89 8 I 65,NASHVILLE,TN,37207,2002,MADISO,36.237,-86.7602,POINT (-86.7602 36.237)
20190613936,08/17/2019 02:40:00 PM,2,0,0,,Y,256427,11,Front to Rear,21,CLEAR,1,DAYLIGHT,12,MOTOR VEHICLE IN TRANSPORT,MM 212 0 I 40,NASHVILLE,TN,37210,90041,HERMIT,36.147,-86.7433,POINT (-86.7433 36.147)
20190655953,09/03/2019 12:00:00 AM,1,0,0,,N,212337,0,NOT COLLISION W/MOTOR VEHICLE-TRANSPORT,21,CLEAR,3,DARK - LIGHTED,30;66;7,UTILITY POLE;Down Hill-Run Away,GARFIELD ST & DELTA AV,NASHVILLE,TN,37208,4347,NORTH,36.1798,-86.7987,POINT (-86.7987 36.1798)
20190642941,08/28/2019 05:26:00 PM,2,1,0,,Y,256389,5,SIDESWIPE - SAME DIRECTION,21,CLEAR,1,DAYLIGHT,12,MOTOR VEHICLE IN TRANSPORT,EDMONDSON PKE & SUTER DR,NASHVILLE,TN,37211,8659,MIDTOW,36.0706,-86.7343,POINT (-86.7343 36.0706)
20190627583,08/22/2019 02:36:00 PM,2,0,0,,N,256448,4,ANGLE,21,CLEAR,1,DAYLIGHT,12,MOTOR VEHICLE IN TRANSPORT,DONELSON PKE & LEBANON PKE,NASHVILLE,TN,37214,9401,HERMIT,36.1666,-86.6635,POINT (-86.6635 36.1666)
20190836159,11/18/2019 05:20:00 PM,1,1,0,,N,352168,0,NOT COLLISION W/MOTOR VEHICLE-TRANSPORT,21,CLEAR,2,DARK - NOT LIGHTED,1,,OLD HICKORY BLVD & HICKORY SPRINGS RD,NASHVILLE,TN,37215,6305,MIDTOW,36.0413,-86.822,POINT (-86.822 36.0413)
20190676170,09/11/2019 01:18:00 PM,2,0,0,,N,226622,4,ANGLE,21,CLEAR,1,DAYLIGHT,12,MOTOR VEHICLE IN TRANSPORT,ANNEX AV & CHARLOTTE PKE,NASHVILLE,TN,37209,5009,WEST,36.14,-86.8818,POINT (-86.8818 36.14)
20190810200,11/07/2019 10:15:00 AM,2,0,0,,N,226600,4,ANGLE,2,RAIN,1,DAYLIGHT,12,MOTOR VEHICLE IN TRANSPORT,BEDFORD AV & ABBOTT MARTIN RD,NASHVILLE,TN,37215,6105,WEST,36.1076,-86.8208,POINT (-86.8208 36.1076)
20190728629,10/03/2019 09:38:00 AM,3,0,0,,N,212325,11,Front to Rear,21,CLEAR,1,DAYLIGHT,12,MOTOR VEHICLE IN TRANSPORT,MYATT DR & MYATT CENTER LN,MADISON,TN,37115,1715,MADISO,36.2468,-86.6694,POINT (-86.6694 36.2468)
20190740008,10/08/2019 02:55:00 PM,2,0,0,,N,330415,11,Front to Rear,21,CLEAR,1,DAYLIGHT,12,MOTOR VEHICLE IN TRANSPORT,0 HERMITAGE AV,NASHVILLE,TN,37210,9005,HERMIT,36.1537,-86.7546,POINT (-86.7546 36.1537)
20190769406,10/21/2019 05:55:00 AM,2,0,0,,N,161952,11,Front to Rear,21,CLEAR,2,DARK - NOT LIGHTED,12,MOTOR VEHICLE IN TRANSPORT,MM 53 0 I 24,NASHVILLE,TN,37210,8302,SOUTH,36.1189,-86.7264,POINT (-86.7264 36.1189)
20190761699,10/17/2019 03:24:00 PM,2,1,0,,N,256386,4,ANGLE,21,CLEAR,1,DAYLIGHT,12,MOTOR VEHICLE IN TRANSPORT,SMITH SPRINGS RD & BELL RD,NASHVILLE,TN,37217,8965,HERMIT,36.0903,-86.6265,POINT (-86.6265 36.0903)
20190720940,09/30/2019 09:50:00 AM,2,1,0,,N,352167,11,Front to Rear,21,CLEAR,1,DAYLIGHT,12,MOTOR VEHICLE IN TRANSPORT,MM 52 1 I 24,NASHVILLE,TN,37217,8816,SOUTH,36.1343,-86.7267,POINT (-86.7267 36.1343)
20190895775,12/14/2019 02:53:00 AM,1,0,0,,N,166477,0,NOT COLLISION W/MOTOR VEHICLE-TRANSPORT,2,RAIN,3,DARK - LIGHTED,33,CURB,RICE RD & EDGE O LAKE DR,ANTIOCH,TN,37013,8861,SOUTH,36.0694,-86.6407,POINT (-86.6407 36.0694)