Accident Number,Date and Time,Number of Motor Vehicles,Number of Injuries,Number of Fatalities,Property Damage,Hit and Run,Reporting Officer,Collision Type Code,Collision Type Description,Weather Code,Weather Description,Illumination Code,Illumination Description,Harmful Code,Harmful Code Description,Street Address,City,State,ZIP,RPA,Precinct,Latitude,Longitude,Mapped Location
20190801244,11/03/2019 11:19:00 PM,1,1,0,,N,299245,0,NOT COLLISION W/MOTOR VEHICLE-TRANSPORT,21,CLEAR,2,DARK - NOT LIGHTED,37;64,Other Traffic Barrier;Ran Off Road-Left,ELLINGTON PKWYS & ELLINGTON PKWYN,NASHVILLE,TN,37207,1995,EAST,36.1758,-86.7666,POINT (-86.7666 36.1758)
20190821767,11/12/2019 02:35:00 PM,2,0,0,,N,384423,11,Front to Rear,21,CLEAR,1,DAYLIGHT,12,MOTOR VEHICLE IN TRANSPORT,HIGHWAY 100 & HARPETH RIV HARPETH BEND G,NASHVILLE,TN,37221,4807,WEST,36.0516,-86.9343,POINT (-86.9343 36.0516)
20190846687,11/22/2019 05:35:00 PM,2,2,0,,N,212309,11,Front to Rear,22,CLOUDY,3,DARK - LIGHTED,12,MOTOR VEHICLE IN TRANSPORT,MURFREESBORO PKE & OLD MURFREESBORO PKE,NASHVILLE,TN,37217,8849,SOUTH,36.1046,-86.6694,POINT (-86.6694 36.1046)
20190749461,10/12/2019 12:00:00 PM,2,1,0,,N,212345,11,Front to Rear,21,CLEAR,1,DAYLIGHT,12,MOTOR VEHICLE IN TRANSPORT,MM 47 8 I 24,NASHVILLE,TN,37207,1904,CENTRA,36.1775,-86.7731,POINT (-86.7731 36.1775)
20190925536,12/28/2019 11:12:00 AM,3,0,0,,N,553957,4,ANGLE,21,CLEAR,1,DAYLIGHT,12,MOTOR VEHICLE IN TRANSPORT,LEBANON PKE & COTTAGE LN,NASHVILLE,TN,37214,9027,HERMIT,36.1679,-86.6925,POINT (-86.6925 36.1679)
20190664503,09/06/2019 12:20:00 PM,2,0,0,,N,594473,5,SIDESWIPE - SAME DIRECTION,21,CLEAR,1,DAYLIGHT,14,PARKED MOTOR VEHICLE,DIVISION ST & LYLE AV,NASHVILLE,TN,37212,6711,MIDTOW,36.1501,-86.7964,POINT (-86.7964 36.1501)
20190863734,11/30/2019 07:30:00 PM,3,2,0,,Y,279124,11,Front to Rear,2,RAIN,3,DARK - LIGHTED,12,MOTOR VEHICLE IN TRANSPORT,HARDING PL & TAMPA DR,NASHVILLE,TN,37211,8705,SOUTH,36.0827,-86.7105,POINT (-86.7105 36.0827)
20190737131,10/07/2019 05:39:00 AM,2,0,0,,N,591933,5,SIDESWIPE - SAME DIRECTION,2,RAIN,1,DAYLIGHT,12,MOTOR VEHICLE IN TRANSPORT,HOBSON PKE & MURFREESBORO PKE,ANTIOCH,TN,37013,8867,SOUTH,36.043,-86.6066,POINT (-86.6066 36.043)
20190863318,11/30/2019 11:20:00 AM,2,0,0,,N,320580,5,SIDESWIPE - SAME DIRECTION,2,RAIN,1,DAYLIGHT,12,MOTOR VEHICLE IN TRANSPORT,MM 210 1 I 40,NASHVILLE,TN,37203,4006,CENTRA,36.1492,-86.7751,POINT (-86.7751 36.1492)
20190915467,12/23/2019 06:15:00 AM,2,2,0,,N,320583,11,Front to Rear,21,CLEAR,4,DAWN,12,MOTOR VEHICLE IN TRANSPORT,HARDING PL & I65 S EXT RAMP,NASHVILLE,TN,37220,7101,MIDTOW,36.0826,-86.7642,POINT (-86.7642 36.0826)
20190687234,09/16/2019 08:20:00 AM,2,0,0,,N,352164,5,SIDESWIPE - SAME DIRECTION,21,CLEAR,1,DAYLIGHT,12,MOTOR VEHICLE IN TRANSPORT,1 OLD HICKORY BLVD,NASHVILLE,TN,37205,4903,WEST,36.0746,-86.9209,POINT (-86.9209 36.0746)
20190597190,08/11/2019 02:00:00 AM,2,2,0,Y,Y,320578,2,HEAD-ON,21,CLEAR,3,DARK - LIGHTED,12,MOTOR VEHICLE IN TRANSPORT,HAYWOOD LN & WEST VALLEY DR,NASHVILLE,TN,37211,8711,SOUTH,36.0701,-86.6998,POINT (-86.6998 36.0701)
20190723367,10/01/2019 08:20:00 AM,2,0,0,,N,226600,5,SIDESWIPE - SAME DIRECTION,21,CLEAR,1,DAYLIGHT,12,MOTOR VEHICLE IN TRANSPORT,OLD HICKORY BLVD & HILLSBORO PKE,BRENTWOOD,TN,37027,6301,MIDTOW,36.0473,-86.8627,POINT (-86.8627 36.0473)
20190747813,10/11/2019 05:21:00 PM,2,4,0,,N,256379,11,Front to Rear,2,RAIN,5,DUSK,12,MOTOR VEHICLE IN TRANSPORT,4TH AVS & MILDRED SHUTE AV,NASHVILLE,TN,37210,8143,SOUTH,36.1465,-86.7677,POINT (-86.7677 36.1465)
20190782222,10/26/2019 03:25:00 PM,2,0,0,,N,352156,6,SIDESWIPE - OPPOSITE DIRECTION,2,RAIN,1,DAYLIGHT,12,MOTOR VEHICLE IN TRANSPORT,GLENROSE AV & MASHBURN RD,NASHVILLE,TN,37210,8357,SOUTH,36.1172,-86.727,POINT (-86.727 36.1172)
20190780154,10/25/2019 02:04:00 PM,2,0,0,,Y,320601,5,SIDESWIPE - SAME DIRECTION,2,RAIN,1,DAYLIGHT,12,MOTOR VEHICLE IN TRANSPORT,EAST THOMPSON LN & WIMPOLE DR,NASHVILLE,TN,37217,8879,SOUTH,36.1247,-86.7148,POINT (-86.7148 36.1247)
20190829461,11/15/2019 03:30:00 PM,2,0,0,,N,905011,4,ANGLE,21,CLEAR,1,DAYLIGHT,12,MOTOR VEHICLE IN TRANSPORT,BUENA VISTA PKE & W TRINITY LN,NASHVILLE,TN,37218,3101,NORTH,36.2025,-86.8205,POINT (-86.8205 36.2025)
20190809891,11/07/2019 07:30:00 AM,2,0,0,,Y,279110,5,SIDESWIPE - SAME DIRECTION,2,RAIN,1,DAYLIGHT,12,MOTOR VEHICLE IN TRANSPORT,MURFREESBORO PKE & PIN HOOK RD,ANTIOCH,TN,37013,8927,SOUTH,36.0505,-86.6147,POINT (-86.6147 36.0505)
20190655048,09/02/2019 03:55:00 PM,2,3,0,,N,330445,4,ANGLE,21,CLEAR,1,DAYLIGHT,12,MOTOR VEHICLE IN TRANSPORT,18TH AVN & CHURCH ST,NASHVILLE,TN,37203,5521,MIDTOW,36.155,-86.7975,POINT (-86.7975 36.155)
20190831589,11/16/2019 03:12:00 PM,3,2,0,,N,352161,98,OTHER,21,CLEAR,1,DAYLIGHT,12,MOTOR VEHICLE IN TRANSPORT,17TH AVN & CHARLOTTE AV,NASHVILLE,TN,37203,5503,MIDTOW,36.1588,-86.7982,POINT (-86.7982 36.1588)
20190721761,09/30/2019 05:08:00 PM,4,0,0,,N,212322,5,SIDESWIPE - SAME DIRECTION,21,CLEAR,1,DAYLIGHT,12,MOTOR VEHICLE IN TRANSPORT,MM 59 7 I 24,ANTIOCH,TN,37013,88060,SOUTH,36.0428,-86.6545,POINT (-86.6545 36.0428)
20190719235,09/29/2019 12:30:00 PM,2,1,0,,N,279206,4,ANGLE,21,CLEAR,1,DAYLIGHT,12,MOTOR VEHICLE IN TRANSPORT,CARROLL ST & OLD HERMITAGE AV,NASHVILLE,TN,37210,8201,HERMIT,36.1541,-86.7619,POINT (-86.7619 36.1541)
20190760662,10/17/2019 06:30:00 AM,2,0,0,,N,665896,11,Front to Rear,21,CLEAR,1,DAYLIGHT,12,MOTOR VEHICLE IN TRANSPORT,BROADMOOR DR & DICKERSON PKE,NASHVILLE,TN,37207,1811,EAST,36.2293,-86.7591,POINT (-86.7591 36.2293)
20190735818,10/06/2019 03:40:00 PM,4,0,0,,N,330443,2,HEAD-ON,22,CLOUDY,1,DAYLIGHT,12;14,MOTOR VEHICLE IN TRANSPORT;PARKED MOTOR VEHICLE,SKYLINE COMMONS PVTDR & DOVERSIDE DR,NASHVILLE,TN,37207,2011,MADISO,36.2442,-86.7622,POINT (-86.7622 36.2442)
20190761897,10/17/2019 05:00:00 PM,4,0,0,,N,352186,11,Front to Rear,21,CLEAR,1,DAYLIGHT,12,MOTOR VEHICLE IN TRANSPORT,MM 208 5 I 40,NASHVILLE,TN,37203,42020,CENTRA,36.1639,-86.7937,POINT (-86.7937 36.1639)
20190608854,08/15/2019 12:30:00 PM,2,0,0,,Y,633381,11,Front to Rear,21,CLEAR,1,DAYLIGHT,12,MOTOR VEHICLE IN TRANSPORT,BELL RD & CANE RIDGE RD,ANTIOCH,TN,37013,8753,SOUTH,36.0449,-86.6631,POINT (-86.6631 36.0449)
20190656564,09/03/2019 08:15:00 AM,2,1,0,,N,226405,11,Front to Rear,21,CLEAR,1,DAYLIGHT,12,MOTOR VEHICLE IN TRANSPORT,21ST AVS & PORTLAND AV,NASHVILLE,TN,37212,6607,MIDTOW,36.1332,-86.8013,POINT (-86.8013 36.1332)
20190614307,08/17/2019 05:54:00 PM,3,0,0,Y,N,298867,5,SIDESWIPE - SAME DIRECTION,21,CLEAR,1,DAYLIGHT,12,MOTOR VEHICLE IN TRANSPORT,BROADMOOR DR & LEMONT DR,NASHVILLE,TN,37216,1803,EAST,36.2303,-86.7438,POINT (-86.7438 36.2303)
20190765980,10/19/2019 09:01:00 AM,1,0,0,Y,N,140808,0,NOT COLLISION W/MOTOR VEHICLE-TRANSPORT,21,CLEAR,1,DAYLIGHT,30,UTILITY POLE,NOLENSVILLE PKE & VERITAS ST,NASHVILLE,TN,37211,8431,SOUTH,36.0971,-86.7382,POINT (-86.7382 36.0971)
20190842763,11/21/2019 06:27:00 AM,4,1,0,,N,109534,11,Front to Rear,21,CLEAR,3,DARK - LIGHTED,12,MOTOR VEHICLE IN TRANSPORT,MM 218 1 I 40,NASHVILLE,TN,37214,9404,HERMIT,36.1475,-86.6427,POINT (-86.6427 36.1475)
20190604367,08/13/2019 06:15:00 PM,2,0,0,,Y,256446,4,ANGLE,21,CLEAR,1,DAYLIGHT,14,PARKED MOTOR VEHICLE,HICKORY HOLLOW MALL PVTDR PL & BELL RD,ANTIOCH,TN,37013,8871,SOUTH,36.0494,-86.6518,POINT (-86.6518 36.0494)
20190809871,11/07/2019 07:39:00 AM,2,0,0,,N,223502,4,ANGLE,2,RAIN,98,OTHER,12,MOTOR VEHICLE IN TRANSPORT,MURFREESBORO PKE & MENZLER RD,NASHVILLE,TN,37210,8159,SOUTH,36.1402,-86.7363,POINT (-86.7363 36.1402)
20190607210,08/14/2019 12:00:00 AM,2,0,0,,N,676828,16,Rear to Side,21,CLEAR,3,DARK - LIGHTED,14,PARKED MOTOR VEHICLE,PRIMROSE AV & BRIGHTWOOD AV,NASHVILLE,TN,37212,6501,MIDTOW,36.1203,-86.7983,POINT (-86.7983 36.1203)
20190845724,11/22/2019 09:14:00 AM,2,0,0,,Y,414731,11,Front to Rear,22,CLOUDY,1,DAYLIGHT,12,MOTOR VEHICLE IN TRANSPORT,SOUTHLAKE DR & NEESE DR,NASHVILLE,TN,37211,8423,SOUTH,36.108,-86.7286,POINT (-86.7286 36.108)
20190926418,12/28/2019 11:00:00 PM,2,0,0,,N,311340,11,Front to Rear,21,CLEAR,3,DARK - LIGHTED,12;14,MOTOR VEHICLE IN TRANSPORT;PARKED MOTOR VEHICLE,16TH AVS & EDGEHILL AV,NASHVILLE,TN,37212,6629,MIDTOW,36.1422,-86.7934,POINT (-86.7934 36.1422)
20190691522,09/17/2019 11:00:00 PM,2,1,0,,N,298879,4,ANGLE,21,CLEAR,2,DARK - NOT LIGHTED,12,MOTOR VEHICLE IN TRANSPORT,POST RD & DAVIDSON RD,NASHVILLE,TN,37205,5001,WEST,36.1172,-86.8611,POINT (-86.8611 36.1172)
20190917244,12/24/2019 12:03:00 AM,2,0,0,,Y,298859,5,SIDESWIPE - SAME DIRECTION,21,CLEAR,2,DARK - NOT LIGHTED,12,MOTOR VEHICLE IN TRANSPORT,BELL RD & DAVENPORT DR,NASHVILLE,TN,37217,8963,HERMIT,36.0765,-86.6349,POINT (-86.6349 36.0765)
20190599626,08/12/2019 06:09:00 AM,2,0,0,,N,109534,5,SIDESWIPE - SAME DIRECTION,21,CLEAR,1,DAYLIGHT,12,MOTOR VEHICLE IN TRANSPORT,MM 211 8 I 40,NASHVILLE,TN,37210,90022,HERMIT,36.149,-86.7465,POINT (-86.7465 36.149)
20190646872,08/30/2019 06:00:00 AM,2,0,0,,Y,419952,98,OTHER,21,CLEAR,4,DAWN,12;14,MOTOR VEHICLE IN TRANSPORT;PARKED MOTOR VEHICLE,CROSS TIMBERS DR & REGENCY DR,NASHVILLE,TN,37221,4815,WEST,36.0833,-86.9384,POINT (-86.9384 36.0833)
20190637768,08/26/2019 05:22:00 PM,2,0,0,,N,330428,4,ANGLE,22,CLOUDY,1,DAYLIGHT,12,MOTOR VEHICLE IN TRANSPORT,WHITE BRIDGE PKE & BURGESS AV,NASHVILLE,TN,37209,5025,WEST,36.1446,-86.8579,POINT (-86.8579 36.1446)
20190736328,10/06/2019 10:15:00 PM,2,0,0,Y,N,311343,0,NOT COLLISION W/MOTOR VEHICLE-TRANSPORT,2,RAIN,3,DARK - LIGHTED,36,CONCRETE TRAFFIC BARRIER,MM 78 8 I 65,NASHVILLE,TN,37204,7002,MIDTOW,36.0971,-86.7634,POINT (-86.7634 36.0971)
20190683097,09/14/2019 01:58:00 AM,2,0,0,,N,279117,11,Front to Rear,21,CLEAR,2,DARK - NOT LIGHTED,12,MOTOR VEHICLE IN TRANSPORT,E TRINITY LN & ELLINGTON PKWYN,NASHVILLE,TN,37207,18982,EAST,36.2047,-86.7501,POINT (-86.7501 36.2047)
20190902507,12/17/2019 11:51:00 AM,2,0,0,,N,332253,11,Front to Rear,22,CLOUDY,1,DAYLIGHT,12,MOTOR VEHICLE IN TRANSPORT,I65 N EXT RAMP & OLD HICKORY BLVDW,MADISON,TN,37115,1777,MADISO,36.2642,-86.7356,POINT (-86.7356 36.2642)
20190699452,09/20/2019 09:49:00 PM,2,0,0,,N,384410,98,OTHER,21,CLEAR,3,DARK - LIGHTED,12,MOTOR VEHICLE IN TRANSPORT,MM 78 0 I 65,NASHVILLE,TN,37204,8502,MIDTOW,36.0856,-86.7632,POINT (-86.7632 36.0856)
20190648372,08/30/2019 06:30:00 PM,4,4,0,,Y,240955,11,Front to Rear,21,CLEAR,1,DAYLIGHT,1;12;16;72,MOTOR VEHICLE IN TRANSPORT;THROWN OR FALLING OBJECT;EMBANKMENT ROCK/STONE/CONCRETE,BELL RD & MURFREESBORO PKE,ANTIOCH,TN,37013,8865,SOUTH,36.0719,-86.6362,POINT (-86.6362 36.0719)
20190652132,09/01/2019 12:00:00 AM,3,0,0,Y,Y,256428,4,ANGLE,99,UNKNOWN,7,Dark-Unknown Lighting,14;55,PARKED MOTOR VEHICLE;Motor Vehicle-In-Motion Outside Trafficw,LEMONT DR & WHITE OAK CT,NASHVILLE,TN,37216,1813,EAST,36.2258,-86.7445,POINT (-86.7445 36.2258)
20190907600,12/19/2019 10:10:00 AM,2,1,0,,N,212318,11,Front to Rear,21,CLEAR,1,DAYLIGHT,12,MOTOR VEHICLE IN TRANSPORT,WOODLAWN DR & LINMAR AVE,NASHVILLE,TN,37212,5904,MIDTOW,36.1261,-86.8142,POINT (-86.8142 36.1261)
20190796466,11/01/2019 01:22:00 PM,2,0,0,,N,279211,11,Front to Rear,21,CLEAR,1,DAYLIGHT,12,MOTOR VEHICLE IN TRANSPORT,RIVERCHASE BLVD & NORTHSIDE MARKETPLACE,MADISON,TN,37115,1721,MADISO,36.3078,-86.6812,POINT (-86.6812 36.3078)
20190601958,08/12/2019 10:00:00 PM,2,0,0,,N,320584,5,SIDESWIPE - SAME DIRECTION,21,CLEAR,3,DARK - LIGHTED,12,MOTOR VEHICLE IN TRANSPORT,MM 62 0 I 24,ANTIOCH,TN,37013,87040,SOUTH,36.0208,-86.6278,POINT (-86.6278 36.0208)
20190858894,11/28/2019 02:42:00 AM,1,1,0,,N,299274,0,NOT COLLISION W/MOTOR VEHICLE-TRANSPORT,22,CLOUDY,2,DARK - NOT LIGHTED,1;30;63,UTILITY POLE;Ran Off Road-Right,PENNINGTON BEND RD & VALLEY BEND DR,NASHVILLE,TN,37214,9215,HERMIT,36.2233,-86.6887,POINT (-86.6887 36.2233)
20190827006,11/14/2019 03:35:00 PM,2,0,0,,N,887598,11,Front to Rear,21,CLEAR,1,DAYLIGHT,12,MOTOR VEHICLE IN TRANSPORT,MM 2 2 I 440,NASHVILLE,TN,37215,6006,WEST,36.1272,-86.8152,POINT (-86.8152 36.1272)
20190766492,10/19/2019 03:40:00 PM,2,0,0,,N,179606,11,Front to Rear,2,RAIN,1,DAYLIGHT,12,MOTOR VEHICLE IN TRANSPORT,WOODMONT BLVD & LEALAND LN,NASHVILLE,TN,37204,7007,MIDTOW,36.1111,-86.7884,POINT (-86.7884 36.1111)
20190818719,11/11/2019 08:10:00 AM,2,0,0,,Y,212318,5,SIDESWIPE - SAME DIRECTION,21,CLEAR,1,DAYLIGHT,12,MOTOR VEHICLE IN TRANSPORT,BRICK CHURCH LN & CONNECTING ROAD,WHITES CREEK,TN,37189,3226,NORTH,36.2446,-86.7848,POINT (-86.7848 36.2446)
20190603419,08/13/2019 01:25:00 PM,2,0,0,,N,225950,11,Front to Rear,21,CLEAR,1,DAYLIGHT,12,MOTOR VEHICLE IN TRANSPORT,OVERHILL DR & HILLSBORO PKE,NASHVILLE,TN,37215,6405,MIDTOW,36.1009,-86.8187,POINT (-86.8187 36.1009)
20190798144,11/02/2019 08:46:00 AM,2,0,0,,Y,156307,4,ANGLE,21,CLEAR,1,DAYLIGHT,55,Motor Vehicle-In-Motion Outside Trafficw,ROSA L PARKS BLVD & DOMINICAN DR,NASHVILLE,TN,37208,4403,NORTH,36.1879,-86.7985,POINT (-86.7985 36.1879)
20190607118,08/14/2019 09:32:00 PM,2,1,0,,N,256389,4,ANGLE,21,CLEAR,3,DARK - LIGHTED,12,MOTOR VEHICLE IN TRANSPORT,HARDING PL & TROUSDALE DR,NASHVILLE,TN,37220,8601,MIDTOW,36.0811,-86.7584,POINT (-86.7584 36.0811)
20190884188,12/09/2019 05:04:00 PM,2,0,0,,N,384446,2,HEAD-ON,21,CLEAR,3,DARK - LIGHTED,12,MOTOR VEHICLE IN TRANSPORT,HIGHWAY 70S & CARRIAGE DR,NASHVILLE,TN,37221,4811,WEST,36.0765,-86.944,POINT (-86.944 36.0765)
20190810820,11/07/2019 04:12:00 PM,2,0,0,,N,320580,4,ANGLE,2,RAIN,5,DUSK,12,MOTOR VEHICLE IN TRANSPORT,OLD LEBANON DIRT RD & WEBER RD,HERMITAGE,TN,37076,9507,HERMIT,36.1904,-86.613,POINT (-86.613 36.1904)
20190878288,12/06/2019 06:07:00 PM,2,1,0,,N,320580,4,ANGLE,21,CLEAR,3,DARK - LIGHTED,12,MOTOR VEHICLE IN TRANSPORT,DONELSON PKE & I40 W ENT RAMP,NASHVILLE,TN,37214,9103,HERMIT,36.143,-86.6667,POINT (-86.6667 36.143)
20190929156,12/30/2019 08:34:00 AM,2,0,0,,N,676834,4,ANGLE,21,CLEAR,1,DAYLIGHT,12,MOTOR VEHICLE IN TRANSPORT,22ND AVN & CHARLOTTE AV,NASHVILLE,TN,37209,5339,NORTH,36.1569,-86.8074,POINT (-86.8074 36.1569)
20190765020,10/18/2019 09:50:00 PM,2,0,0,,Y,279198,5,SIDESWIPE - SAME DIRECTION,21,CLEAR,3,DARK - LIGHTED,12,MOTOR VEHICLE IN TRANSPORT,S 9TH ST & MAIN ST,NASHVILLE,TN,37206,1119,EAST,36.1759,-86.7572,POINT (-86.7572 36.1759)
20190858072,11/27/2019 04:28:00 PM,2,0,0,,Y,212343,5,SIDESWIPE - SAME DIRECTION,21,CLEAR,1,DAYLIGHT,12,MOTOR VEHICLE IN TRANSPORT,N 1ST ST & MAIN ST,NASHVILLE,TN,37213,1991,CENTRA,36.1703,-86.7729,POINT (-86.7729 36.1703)
20190774378,10/23/2019 06:26:00 AM,2,0,0,Y,N,693102,4,ANGLE,21,CLEAR,3,DARK - LIGHTED,12;38,MOTOR VEHICLE IN TRANSPORT;FENCE,1100 THOMPSON PL,NASHVILLE,TN,37217,8821,HERMIT,36.1271,-86.7072,POINT (-86.7072 36.1271)
20190715900,09/27/2019 06:54:00 PM,2,0,0,,N,240983,5,SIDESWIPE - SAME DIRECTION,21,CLEAR,2,DARK - NOT LIGHTED,12,MOTOR VEHICLE IN TRANSPORT,I24 E EXT RAMP & OLD HICKORY BLVD,WHITES CREEK,TN,37189,3301,NORTH,36.2769,-86.8011,POINT (-86.8011 36.2769)
20190855855,11/26/2019 08:37:00 PM,1,0,0,,Y,579971,0,NOT COLLISION W/MOTOR VEHICLE-TRANSPORT,2,RAIN,3,DARK - LIGHTED,7,,MM 56 7 I 24,NASHVILLE,TN,37211,8810,SOUTH,36.0726,-86.6916,POINT (-86.6916 36.0726)
20190630665,08/23/2019 03:29:00 PM,3,0,0,,Y,256383,11,Front to Rear,21,CLEAR,1,DAYLIGHT,12,MOTOR VEHICLE IN TRANSPORT,BELL RD & CEDAR POINTE PKWY,ANTIOCH,TN,37013,8721,SOUTH,36.0447,-86.6639,POINT (-86.6639 36.0447)
20190817313,11/10/2019 03:53:00 PM,2,0,0,,Y,352156,5,SIDESWIPE - SAME DIRECTION,21,CLEAR,1,DAYLIGHT,12,MOTOR VEHICLE IN TRANSPORT,BELL RD & CANE RIDGE RD,ANTIOCH,TN,37013,8753,SOUTH,36.0449,-86.6631,POINT (-86.6631 36.0449)
20190849541,11/24/2019 02:45:00 AM,2,0,0,,N,352201,2,HEAD-ON,21,CLEAR,3,DARK - LIGHTED,12,MOTOR VEHICLE IN TRANSPORT,4TH AVS & SYMPHONY PL,NASHVILLE,TN,37203,4091,CENTRA,36.1603,-86.7768,POINT (-86.7768 36.1603)
20190780378,10/25/2019 03:45:00 PM,1,0,0,,N,807319,0,NOT COLLISION W/MOTOR VEHICLE-TRANSPORT,2,RAIN,1,DAYLIGHT,32,CULVERT,BERRY RD & FESSEY PARK RD,NASHVILLE,TN,37204,8035,MIDTOW,36.1198,-86.7705,POINT (-86.7705 36.1198)
20190705492,09/23/2019 06:05:00 PM,2,0,0,,Y,256444,11,Front to Rear,21,CLEAR,3,DARK - LIGHTED,12,MOTOR VEHICLE IN TRANSPORT,LEBANON PKE & MCGAVOCK PKE,NASHVILLE,TN,37214,9201,HERMIT,36.1694,-86.6799,POINT (-86.6799 36.1694)
20190811163,11/07/2019 06:40:00 PM,3,0,0,,Y,256427,11,Front to Rear,21,CLEAR,3,DARK - LIGHTED,12,MOTOR VEHICLE IN TRANSPORT,MM 210 7 I 40,NASHVILLE,TN,37210,8202,HERMIT,36.1532,-86.7644,POINT (-86.7644 36.1532)
20190751686,10/13/2019 04:25:00 PM,3,3,0,,N,320603,5,SIDESWIPE - SAME DIRECTION,21,CLEAR,1,DAYLIGHT,12,MOTOR VEHICLE IN TRANSPORT,US HWY 70 & ORLANDO AVE,NASHVILLE,TN,37209,5103,WEST,36.1507,-86.8557,POINT (-86.8557 36.1507)
20190852722,11/25/2019 03:15:00 PM,4,0,0,,N,717341,11,Front to Rear,21,CLEAR,1,DAYLIGHT,12,MOTOR VEHICLE IN TRANSPORT,I24E & I24 W ENT RAMP,NASHVILLE,TN,37210,82061,HERMIT,36.1386,-86.7273,POINT (-86.7273 36.1386)
20190893245,12/13/2019 02:45:00 AM,2,0,0,,Y,352153,5,SIDESWIPE - SAME DIRECTION,21,CLEAR,3,DARK - LIGHTED,12,MOTOR VEHICLE IN TRANSPORT,MM 60 2 I 24,ANTIOCH,TN,37013,88060,SOUTH,36.038,-86.6467,POINT (-86.6467 36.038)
20190777080,10/24/2019 08:21:00 AM,2,0,0,,N,311325,4,ANGLE,21,CLEAR,1,DAYLIGHT,12,MOTOR VEHICLE IN TRANSPORT,ELM HILL PIKE & POPLAR ST,NASHVILLE,TN,37210,9011,HERMIT,36.1439,-86.7275,POINT (-86.7275 36.1439)
20190915740,12/22/2019 08:00:00 PM,1,0,0,Y,Y,212318,0,NOT COLLISION W/MOTOR VEHICLE-TRANSPORT,2,RAIN,3,DARK - LIGHTED,19,BUILDING,HICKORY TRACE DR & STATE HWY 254,NASHVILLE,TN,37211,8655,MIDTOW,36.0462,-86.7182,POINT (-86.7182 36.0462)
20190772311,10/22/2019 10:00:00 AM,2,4,0,,N,352167,11,Front to Rear,21,CLEAR,1,DAYLIGHT,12,MOTOR VEHICLE IN TRANSPORT,MM 52 9 I 24,NASHVILLE,TN,37217,8816,SOUTH,36.1206,-86.7268,POINT (-86.7268 36.1206)
20190608210,08/15/2019 08:50:00 AM,2,0,0,,N,225773,11,Front to Rear,21,CLEAR,1,DAYLIGHT,12,MOTOR VEHICLE IN TRANSPORT,MM 74 7 I 65,NASHVILLE,TN,37220,71040,MIDTOW,36.0415,-86.7825,POINT (-86.7825 36.0415)
20190662325,09/05/2019 02:51:00 PM,2,1,0,,N,169425,4,ANGLE,21,CLEAR,1,DAYLIGHT,12,MOTOR VEHICLE IN TRANSPORT,LEALAND LN & GRAYBAR LN,NASHVILLE,TN,37204,7007,MIDTOW,36.1082,-86.7884,POINT (-86.7884 36.1082)
20190788566,10/29/2019 12:03:00 PM,2,1,0,,N,405447,11,Front to Rear,22,CLOUDY,1,DAYLIGHT,12,MOTOR VEHICLE IN TRANSPORT,NOLENSVILLE PKE & MILL CREEK WHITTEMORE,ANTIOCH,TN,37013,8757,SOUTH,36.04,-86.7128,POINT (-86.7128 36.04)
20190891197,12/12/2019 08:37:00 AM,3,7,1,,N,834798,11,Front to Rear,21,CLEAR,1,DAYLIGHT,12,MOTOR VEHICLE IN TRANSPORT,BATTERY LN & CHURCHWOOD DR,NASHVILLE,TN,37220,7103,MIDTOW,36.0869,-86.7779,POINT (-86.7779 36.0869)
20190704830,09/23/2019 02:05:00 PM,2,2,0,,N,191578,2,HEAD-ON,22,CLOUDY,1,DAYLIGHT,12,MOTOR VEHICLE IN TRANSPORT,LEBANON PKE & JUAREZ DR,HERMITAGE,TN,37076,9531,HERMIT,36.1927,-86.6237,POINT (-86.6237 36.1927)
20190686656,09/15/2019 10:45:00 PM,2,1,0,,N,311338,6,SIDESWIPE - OPPOSITE DIRECTION,21,CLEAR,3,DARK - LIGHTED,12,MOTOR VEHICLE IN TRANSPORT,33RD AVN & CLIFTON AV,NASHVILLE,TN,37209,4551,NORTH,36.1593,-86.8251,POINT (-86.8251 36.1593)
20190901381,12/17/2019 01:06:00 AM,2,0,0,,N,256414,11,Front to Rear,2,RAIN,3,DARK - LIGHTED,12,MOTOR VEHICLE IN TRANSPORT,MURFREESBORO PKE & FOREST VIEW DR,ANTIOCH,TN,37013,8865,SOUTH,36.0674,-86.6313,POINT (-86.6313 36.0674)
20190908590,12/19/2019 06:24:00 PM,2,0,0,,N,320580,5,SIDESWIPE - SAME DIRECTION,21,CLEAR,3,DARK - LIGHTED,12,MOTOR VEHICLE IN TRANSPORT,MM 211 2 I 40,NASHVILLE,TN,37210,8008,HERMIT,36.1535,-86.7564,POINT (-86.7564 36.1535)
20190879856,12/07/2019 02:14:00 PM,2,2,0,,N,320592,98,OTHER,21,CLEAR,1,DAYLIGHT,12,MOTOR VEHICLE IN TRANSPORT,MURFREESBORO PKE & FESSLERS LN,NASHVILLE,TN,37210,8117,SOUTH,36.1427,-86.744,POINT (-86.744 36.1427)
20190767015,10/19/2019 07:55:00 PM,2,0,0,,N,279208,5,SIDESWIPE - SAME DIRECTION,21,CLEAR,7,Dark-Unknown Lighting,12,MOTOR VEHICLE IN TRANSPORT,20TH AVS & 20TH AVN,NASHVILLE,TN,37203,5709,MIDTOW,36.1514,-86.7993,POINT (-86.7993 36.1514)