Accident Number,Date and Time,Number of Motor Vehicles,Number of Injuries,Number of Fatalities,Property Damage,Hit and Run,Reporting Officer,Collision Type Code,Collision Type Description,Weather Code,Weather Description,Illumination Code,Illumination Description,Harmful Code,Harmful Code Description,Street Address,City,State,ZIP,RPA,Precinct,Latitude,Longitude,Mapped Location
20190641655,08/28/2019 06:45:00 AM,2,0,0,,N,553957,5,SIDESWIPE - SAME DIRECTION,21,CLEAR,1,DAYLIGHT,12,MOTOR VEHICLE IN TRANSPORT,MM 214 5 I 40,NASHVILLE,TN,37217,88022,HERMIT,36.1434,-86.7031,POINT (-86.7031 36.1434)
20190891958,12/12/2019 02:30:00 PM,2,0,0,,N,279214,4,ANGLE,21,CLEAR,1,DAYLIGHT,12,MOTOR VEHICLE IN TRANSPORT,MATTHEW LN & HILLSBORO PKE,NASHVILLE,TN,37215,6419,MIDTOW,36.1165,-86.8105,POINT (-86.8105 36.1165)
20190644318,08/29/2019 07:43:00 AM,2,0,0,,N,140808,11,Front to Rear,21,CLEAR,1,DAYLIGHT,12,MOTOR VEHICLE IN TRANSPORT,BLACKMAN RD & TROUSDALE DR,NASHVILLE,TN,37220,8613,MIDTOW,36.0748,-86.7592,POINT (-86.7592 36.0748)
20190850293,11/24/2019 12:00:00 AM,1,0,0,,Y,320586,0,NOT COLLISION W/MOTOR VEHICLE-TRANSPORT,21,CLEAR,1,DAYLIGHT,18,OTHER OBJECT (NOT FIXED),MM 51 3 I 24,NASHVILLE,TN,37210,8102,SOUTH,36.137,-86.7273,POINT (-86.7273 36.137)
20190909808,12/20/2019 07:19:00 AM,2,0,0,,N,191578,11,Front to Rear,21,CLEAR,1,DAYLIGHT,12,MOTOR VEHICLE IN TRANSPORT,SPENCE LN & LEBANON PKE,NASHVILLE,TN,37210,9019,HERMIT,36.1537,-86.7216,POINT (-86.7216 36.1537)
20190641831,08/28/2019 08:15:00 AM,3,0,0,,Y,279228,11,Front to Rear,21,CLEAR,1,DAYLIGHT,12,MOTOR VEHICLE IN TRANSPORT,MM 213 9 I 40,NASHVILLE,TN,37217,8802,HERMIT,36.1415,-86.7148,POINT (-86.7148 36.1415)
20190782347,10/26/2019 04:40:00 PM,1,0,0,,N,330412,0,NOT COLLISION W/MOTOR VEHICLE-TRANSPORT,2,RAIN,1,DAYLIGHT,34,DITCH,BRICK CHURCH PKE & EWING DR,NASHVILLE,TN,37207,2031,MADISO,36.2316,-86.7815,POINT (-86.7815 36.2316)
20190744551,10/10/2019 09:40:00 AM,2,0,0,,Y,298864,3,REAR-TO-REAR,21,CLEAR,1,DAYLIGHT,14,PARKED MOTOR VEHICLE,400 MYATT DR,MADISON,TN,37115,1715,MADISO,36.2722,-86.6896,POINT (-86.6896 36.2722)
20190899418,12/16/2019 03:01:00 AM,1,0,0,Y,N,352205,0,NOT COLLISION W/MOTOR VEHICLE-TRANSPORT,2,RAIN,2,DARK - NOT LIGHTED,31;42,"OTHER POST, POLE, SUPP.;TREE",MCGAVOCK PIKE & PENNINGTON BEND RD,NASHVILLE,TN,37214,9215,HERMIT,36.2152,-86.6884,POINT (-86.6884 36.2152)
20190879489,12/07/2019 09:05:00 AM,2,0,0,,N,352211,98,OTHER,22,CLOUDY,1,DAYLIGHT,12,MOTOR VEHICLE IN TRANSPORT,US HWY 431 & HOBBS RD,NASHVILLE,TN,37215,6405,MIDTOW,36.1004,-86.8194,POINT (-86.8194 36.1004)
20190929564,12/30/2019 12:40:00 PM,2,0,0,,N,224955,4,ANGLE,21,CLEAR,1,DAYLIGHT,12,MOTOR VEHICLE IN TRANSPORT,GALLATIN PKEN & ONE MILE PKWY,MADISON,TN,37115,1717,MADISO,36.2794,-86.7088,POINT (-86.7088 36.2794)
20190752844,10/14/2019 12:00:00 AM,1,0,0,,N,279233,0,NOT COLLISION W/MOTOR VEHICLE-TRANSPORT,21,CLEAR,3,DARK - LIGHTED,39,WALL,HARDING PKE & MONTGOMERY BELL AV,NASHVILLE,TN,37205,6019,WEST,36.13,-86.8387,POINT (-86.8387 36.13)
20190862257,11/29/2019 11:58:00 PM,2,0,0,,Y,179603,11,Front to Rear,21,CLEAR,3,DARK - LIGHTED,12;36,MOTOR VEHICLE IN TRANSPORT;CONCRETE TRAFFIC BARRIER,MM 90 7 I 65,MADISON,TN,37115,20044,MADISO,36.2444,-86.7473,POINT (-86.7473 36.2444)
20190607902,08/15/2019 06:19:00 AM,2,0,0,,N,716886,11,Front to Rear,21,CLEAR,1,DAYLIGHT,12,MOTOR VEHICLE IN TRANSPORT,MM 56 0 I 24,NASHVILLE,TN,37211,8708,SOUTH,36.0818,-86.6975,POINT (-86.6975 36.0818)
20190818776,11/11/2019 12:00:00 AM,2,1,0,,N,278580,4,ANGLE,21,CLEAR,1,DAYLIGHT,12;39,MOTOR VEHICLE IN TRANSPORT;WALL,MM 208 2 I 40,NASHVILLE,TN,37208,54023,NORTH,36.1681,-86.7964,POINT (-86.7964 36.1681)
20190854144,11/26/2019 12:00:00 AM,3,0,0,,N,352215,0,NOT COLLISION W/MOTOR VEHICLE-TRANSPORT,21,CLEAR,3,DARK - LIGHTED,31,"OTHER POST, POLE, SUPP.",EXIT 82B & I 65,NASHVILLE,TN,37203,80062,MIDTOW,36.1476,-86.7766,POINT (-86.7766 36.1476)
20190714609,09/27/2019 07:18:00 AM,2,0,0,,N,279110,11,Front to Rear,21,CLEAR,1,DAYLIGHT,12,MOTOR VEHICLE IN TRANSPORT,MURFREESBORO PKE & HOBSON PKE,ANTIOCH,TN,37013,8927,SOUTH,36.043,-86.6066,POINT (-86.6066 36.043)
20190847171,11/22/2019 06:41:00 PM,1,0,0,Y,Y,240983,0,NOT COLLISION W/MOTOR VEHICLE-TRANSPORT,22,CLOUDY,2,DARK - NOT LIGHTED,31,"OTHER POST, POLE, SUPP.",HARDING PL & HARDING MALL DR,NASHVILLE,TN,37211,8445,SOUTH,36.0804,-86.722,POINT (-86.722 36.0804)
20190619378,08/19/2019 12:00:00 AM,2,0,0,,Y,279204,9,UNKNOWN,21,CLEAR,9,UNKNOWN,14,PARKED MOTOR VEHICLE,SCOVEL ST & 10TH AVN,NASHVILLE,TN,37208,4301,NORTH,36.1732,-86.7962,POINT (-86.7962 36.1732)
20190863744,11/30/2019 07:34:00 PM,3,0,0,,Y,320580,98,OTHER,2,RAIN,3,DARK - LIGHTED,12,MOTOR VEHICLE IN TRANSPORT,MM 212 8 I 40,NASHVILLE,TN,37210,90040,HERMIT,36.1425,-86.7353,POINT (-86.7353 36.1425)
20190885728,12/10/2019 07:50:00 AM,2,0,0,,Y,334981,11,Front to Rear,2,RAIN,1,DAYLIGHT,12,MOTOR VEHICLE IN TRANSPORT,MM 86 2 I 65,NASHVILLE,TN,37207,1910,CENTRA,36.1919,-86.7812,POINT (-86.7812 36.1919)
20190761181,10/17/2019 11:10:00 AM,2,0,0,,N,633381,2,HEAD-ON,21,CLEAR,1,DAYLIGHT,14,PARKED MOTOR VEHICLE,MURFREESBORO PKE & HAMILTON GLEN PL,ANTIOCH,TN,37013,8865,SOUTH,36.0602,-86.6234,POINT (-86.6234 36.0602)
20190636827,08/26/2019 12:30:00 AM,1,0,0,,N,343522,0,NOT COLLISION W/MOTOR VEHICLE-TRANSPORT,2,RAIN,2,DARK - NOT LIGHTED,42,TREE,HIGHWAY 70 & SCENIC VIEW DR,NASHVILLE,TN,37221,4713,WEST,36.0948,-87.0368,POINT (-87.0368 36.0948)
20190590493,08/08/2019 03:31:00 PM,2,0,0,,Y,197047,4,ANGLE,21,CLEAR,1,DAYLIGHT,12;15,MOTOR VEHICLE IN TRANSPORT;OTHER TYPE NON-MOTORIST,PIEDMONT AV & STRATFORD AV,NASHVILLE,TN,37216,1411,EAST,36.2013,-86.717,POINT (-86.717 36.2013)
20190788167,10/29/2019 08:15:00 AM,2,1,0,,N,676834,4,ANGLE,22,CLOUDY,1,DAYLIGHT,12;14,MOTOR VEHICLE IN TRANSPORT;PARKED MOTOR VEHICLE,HEIMAN ST & DR D B TODD JR BLVD,NASHVILLE,TN,37208,4475,NORTH,36.1714,-86.8074,POINT (-86.8074 36.1714)
20190891436,12/12/2019 10:21:00 AM,2,0,0,,N,716886,5,SIDESWIPE - SAME DIRECTION,21,CLEAR,1,DAYLIGHT,12,MOTOR VEHICLE IN TRANSPORT,MM 57 5 I 24,ANTIOCH,TN,37013,87060,SOUTH,36.0636,-86.6836,POINT (-86.6836 36.0636)
20190732328,10/04/2019 07:20:00 PM,2,0,0,,Y,179591,6,SIDESWIPE - OPPOSITE DIRECTION,21,CLEAR,3,DARK - LIGHTED,12,MOTOR VEHICLE IN TRANSPORT,TAYLOR ST & ROSA L PARKS BLVD,NASHVILLE,TN,37208,4323,NORTH,36.1771,-86.7933,POINT (-86.7933 36.1771)
20190748622,10/12/2019 01:21:00 AM,3,1,0,,N,415780,11,Front to Rear,21,CLEAR,3,DARK - LIGHTED,12;20,MOTOR VEHICLE IN TRANSPORT;IMPACT ATTENUATOR,MM 209 9 I 40,NASHVILLE,TN,37203,40060,CENTRA,36.1489,-86.7777,POINT (-86.7777 36.1489)
20190662812,09/05/2019 07:07:00 PM,2,2,0,,N,256426,11,Front to Rear,21,CLEAR,5,DUSK,12,MOTOR VEHICLE IN TRANSPORT,MM 214 7 I 40,NASHVILLE,TN,37217,88022,HERMIT,36.1438,-86.7007,POINT (-86.7007 36.1438)
20190612833,08/17/2019 12:09:00 AM,1,2,0,Y,N,298875,0,NOT COLLISION W/MOTOR VEHICLE-TRANSPORT,21,CLEAR,2,DARK - NOT LIGHTED,30;38;63,UTILITY POLE;FENCE;Ran Off Road-Right,CHESTNUT ST & 1ST AVS,NASHVILLE,TN,37210,8137,SOUTH,36.1464,-86.7632,POINT (-86.7632 36.1464)
20190657654,09/03/2019 05:32:00 PM,2,1,0,,N,256383,4,ANGLE,21,CLEAR,1,DAYLIGHT,12,MOTOR VEHICLE IN TRANSPORT,HAMILTON CHURCH RD & MURFREESBORO PKE,ANTIOCH,TN,37013,8865,SOUTH,36.0645,-86.6288,POINT (-86.6288 36.0645)
20190902935,12/17/2019 03:22:00 PM,2,0,0,,N,240983,5,SIDESWIPE - SAME DIRECTION,21,CLEAR,1,DAYLIGHT,12,MOTOR VEHICLE IN TRANSPORT,BELL RD & THE OVERLOOK PVTDR,ANTIOCH,TN,37013,8865,SOUTH,36.056,-86.6421,POINT (-86.6421 36.056)
20190910522,12/20/2019 12:40:00 PM,1,1,0,,N,226622,0,NOT COLLISION W/MOTOR VEHICLE-TRANSPORT,22,CLOUDY,1,DAYLIGHT,42;63,TREE;Ran Off Road-Right,PAGE RD & NICHOL LN,NASHVILLE,TN,37221,6211,WEST,36.0845,-86.8671,POINT (-86.8671 36.0845)
20190627967,08/22/2019 05:44:00 PM,3,0,0,,Y,256383,2,HEAD-ON,2,RAIN,1,DAYLIGHT,12,MOTOR VEHICLE IN TRANSPORT,LAFAYETTE ST & 2ND AVS,NASHVILLE,TN,37210,8201,HERMIT,36.1507,-86.768,POINT (-86.768 36.1507)
20190808730,11/06/2019 07:33:00 PM,2,0,0,,N,298877,5,SIDESWIPE - SAME DIRECTION,2,RAIN,3,DARK - LIGHTED,14,PARKED MOTOR VEHICLE,CATHY JO DR & NUNLEY DR,NASHVILLE,TN,37211,8439,SOUTH,36.0925,-86.7203,POINT (-86.7203 36.0925)
20190593654,08/09/2019 04:45:00 PM,2,0,0,,N,256383,11,Front to Rear,21,CLEAR,1,DAYLIGHT,12,MOTOR VEHICLE IN TRANSPORT,FORRESTAL WAY & SEASONS DR,ANTIOCH,TN,37013,8925,SOUTH,36.0706,-86.5989,POINT (-86.5989 36.0706)
20190816875,11/10/2019 09:45:00 AM,2,0,0,,N,909494,11,Front to Rear,21,CLEAR,1,DAYLIGHT,12,MOTOR VEHICLE IN TRANSPORT,I24 W EXT RAMP & I 24,NASHVILLE,TN,37211,8829,SOUTH,36.1074,-86.7197,POINT (-86.7197 36.1074)
20190791052,10/30/2019 09:28:00 AM,2,0,0,,N,419952,11,Front to Rear,2,RAIN,1,DAYLIGHT,12,MOTOR VEHICLE IN TRANSPORT,WOODLAWN DR & BOWLING AV,NASHVILLE,TN,37215,6001,WEST,36.1238,-86.8266,POINT (-86.8266 36.1238)
20190932778,12/31/2019 10:02:00 PM,2,0,0,,N,320598,11,Front to Rear,21,CLEAR,3,DARK - LIGHTED,12,MOTOR VEHICLE IN TRANSPORT,ROSA L PARKS BLVD & JEFFERSON ST,NASHVILLE,TN,37208,4237,CENTRA,36.1733,-86.7914,POINT (-86.7914 36.1733)
20190682636,09/13/2019 09:25:00 PM,2,0,0,,N,256448,11,Front to Rear,21,CLEAR,3,DARK - LIGHTED,12,MOTOR VEHICLE IN TRANSPORT,I40 W EXT RAMP & STEWARTS FERRY PKE,NASHVILLE,TN,37214,9413,HERMIT,36.1565,-86.6313,POINT (-86.6313 36.1565)
20190761514,10/17/2019 01:40:00 PM,2,0,0,,N,571313,5,SIDESWIPE - SAME DIRECTION,22,CLOUDY,1,DAYLIGHT,12,MOTOR VEHICLE IN TRANSPORT,MM 2 8 I 440,NASHVILLE,TN,37215,6424,MIDTOW,36.1218,-86.8043,POINT (-86.8043 36.1218)
20190811064,11/07/2019 05:15:00 PM,2,0,0,,N,256412,11,Front to Rear,21,CLEAR,1,DAYLIGHT,12,MOTOR VEHICLE IN TRANSPORT,NOLENSVILLE PKE & HIGGINS ST,NASHVILLE,TN,37211,8661,MIDTOW,36.072,-86.7239,POINT (-86.7239 36.072)
20190730740,10/04/2019 06:00:00 AM,2,0,0,,N,330411,11,Front to Rear,21,CLEAR,4,DAWN,12,MOTOR VEHICLE IN TRANSPORT,MM 37 7 I 24,WHITES CREEK,TN,37189,2212,NORTH,36.3106,-86.8263,POINT (-86.8263 36.3106)
20190637873,08/26/2019 07:30:00 PM,2,1,0,,N,299241,4,ANGLE,21,CLEAR,7,Dark-Unknown Lighting,12,MOTOR VEHICLE IN TRANSPORT,ANDREW JACKSON PKWY & JACKSON MEADOWS DR,HERMITAGE,TN,37076,9715,HERMIT,36.2174,-86.5976,POINT (-86.5976 36.2174)
20190757073,10/15/2019 12:00:00 AM,2,0,0,,Y,212344,0,NOT COLLISION W/MOTOR VEHICLE-TRANSPORT,21,CLEAR,1,DAYLIGHT,30,UTILITY POLE,GALLATIN PKE & LITTON AV,NASHVILLE,TN,37216,1415,EAST,36.2027,-86.739,POINT (-86.739 36.2027)
20190609024,08/15/2019 02:53:00 PM,2,1,0,,N,169425,2,HEAD-ON,21,CLEAR,1,DAYLIGHT,12,MOTOR VEHICLE IN TRANSPORT,HARDING PL & OVERCREST DR,NASHVILLE,TN,37211,8609,MIDTOW,36.0772,-86.7336,POINT (-86.7336 36.0772)
20190603769,08/13/2019 04:40:00 PM,2,1,0,,N,330431,2,HEAD-ON,2,RAIN,1,DAYLIGHT,13,MOTOR VEHICLE IN TRANSPORT-OTHER ROADWAY,REVELS DR & WHITES CREEK PKE,NASHVILLE,TN,37207,3047,NORTH,36.2211,-86.8049,POINT (-86.8049 36.2211)
20190683919,09/14/2019 01:25:00 PM,2,0,0,,N,298864,4,ANGLE,21,CLEAR,1,DAYLIGHT,12,MOTOR VEHICLE IN TRANSPORT,STATE RT 45 & MYATT DR,MADISON,TN,37115,1705,MADISO,36.2641,-86.6903,POINT (-86.6903 36.2641)
20190630425,08/23/2019 02:58:00 PM,2,0,0,,N,279225,11,Front to Rear,21,CLEAR,1,DAYLIGHT,12,MOTOR VEHICLE IN TRANSPORT,PITTS AV & LAKESHORE DR,OLD HICKORY,TN,37138,9723,HERMIT,36.2388,-86.63,POINT (-86.63 36.2388)
20190841598,11/20/2019 05:43:00 PM,2,1,0,,N,299257,4,ANGLE,21,CLEAR,3,DARK - LIGHTED,12,MOTOR VEHICLE IN TRANSPORT,SIDCO DR & ELYSIAN FIELDS RD,NASHVILLE,TN,37204,8531,MIDTOW,36.0844,-86.7617,POINT (-86.7617 36.0844)
20190878590,12/06/2019 06:11:00 PM,2,0,0,,Y,320580,6,SIDESWIPE - OPPOSITE DIRECTION,21,CLEAR,3,DARK - LIGHTED,12,MOTOR VEHICLE IN TRANSPORT,LEBANON PKE & BONNASPRING DR,HERMITAGE,TN,37076,9613,HERMIT,36.1776,-86.6059,POINT (-86.6059 36.1776)
20190732066,10/04/2019 05:39:00 PM,3,0,0,,Y,330412,11,Front to Rear,21,CLEAR,1,DAYLIGHT,12,MOTOR VEHICLE IN TRANSPORT,MM 94 7 I 65,GOODLETTSVILLE,TN,37072,17060,MADISO,36.2959,-86.7162,POINT (-86.7162 36.2959)
20190843982,11/21/2019 04:33:00 PM,2,0,0,,N,352197,4,ANGLE,21,CLEAR,1,DAYLIGHT,12,MOTOR VEHICLE IN TRANSPORT,OLD HICKORY BLVD & I24 W EXT RAMP,ANTIOCH,TN,37013,8869,SOUTH,36.0158,-86.6201,POINT (-86.6201 36.0158)
20190895428,12/13/2019 11:53:00 PM,2,1,0,,N,169414,11,Front to Rear,22,CLOUDY,3,DARK - LIGHTED,12,MOTOR VEHICLE IN TRANSPORT,MURFREESBORO PKE & FOOTHILL DR,NASHVILLE,TN,37217,8815,HERMIT,36.1315,-86.7174,POINT (-86.7174 36.1315)
20190786705,10/28/2019 05:11:00 PM,2,0,0,,N,352178,11,Front to Rear,21,CLEAR,3,DARK - LIGHTED,12,MOTOR VEHICLE IN TRANSPORT,MM 85 2 I 65,NASHVILLE,TN,37208,4404,NORTH,36.1833,-86.7989,POINT (-86.7989 36.1833)
20190747862,10/11/2019 05:33:00 PM,2,0,0,,N,330415,4,ANGLE,2,RAIN,3,DARK - LIGHTED,12,MOTOR VEHICLE IN TRANSPORT,0 8TH AVS,NASHVILLE,TN,37203,4043,CENTRA,36.1549,-86.7792,POINT (-86.7792 36.1549)
20190883895,12/09/2019 02:53:00 PM,2,0,0,,N,134899,4,ANGLE,22,CLOUDY,1,DAYLIGHT,12,MOTOR VEHICLE IN TRANSPORT,ELM HILL PKE & ATRIUM WAY,NASHVILLE,TN,37214,9101,HERMIT,36.1532,-86.6877,POINT (-86.6877 36.1532)
20190844148,11/21/2019 05:58:00 PM,3,0,0,,N,256426,11,Front to Rear,21,CLEAR,3,DARK - LIGHTED,12,MOTOR VEHICLE IN TRANSPORT,BRILEY PKWYN & BRILEY PKWY N EXT RAMP,NASHVILLE,TN,37214,9294,HERMIT,36.1977,-86.688,POINT (-86.688 36.1977)
20190723989,10/01/2019 01:40:00 PM,2,1,0,,N,571328,5,SIDESWIPE - SAME DIRECTION,21,CLEAR,1,DAYLIGHT,12;30,MOTOR VEHICLE IN TRANSPORT;UTILITY POLE,BROADMOOR DR & ELLINGTON PKWY S ENT RAMP,NASHVILLE,TN,37207,1845,EAST,36.2308,-86.7491,POINT (-86.7491 36.2308)
20190790969,10/30/2019 08:23:00 AM,2,0,0,,N,620072,11,Front to Rear,2,RAIN,1,DAYLIGHT,12,MOTOR VEHICLE IN TRANSPORT,MM 78 4 I 65,NASHVILLE,TN,37204,8502,MIDTOW,36.0916,-86.7624,POINT (-86.7624 36.0916)
20190841558,11/20/2019 02:50:00 PM,2,1,0,,Y,240983,11,Front to Rear,21,CLEAR,1,DAYLIGHT,12,MOTOR VEHICLE IN TRANSPORT,NOLENSVILLE PKE & HAYWOOD LN,NASHVILLE,TN,37211,8661,MIDTOW,36.0683,-86.7193,POINT (-86.7193 36.0683)
20190927128,12/29/2019 06:52:00 AM,1,0,0,,N,299243,0,NOT COLLISION W/MOTOR VEHICLE-TRANSPORT,2,RAIN,3,DARK - LIGHTED,24;36,GUARDRAIL FACE;CONCRETE TRAFFIC BARRIER,MM 47 7 I 24,NASHVILLE,TN,37207,19020,EAST,36.179,-86.7737,POINT (-86.7737 36.179)
20190624614,08/21/2019 01:52:00 PM,2,0,0,,N,420059,5,SIDESWIPE - SAME DIRECTION,21,CLEAR,1,DAYLIGHT,12,MOTOR VEHICLE IN TRANSPORT,EDMONDSON PKE & PROVIDENCE HTS,NASHVILLE,TN,37211,8661,MIDTOW,36.0762,-86.7276,POINT (-86.7276 36.0762)
20190807370,11/06/2019 08:02:00 AM,2,0,0,,N,110063,11,Front to Rear,21,CLEAR,1,DAYLIGHT,12,MOTOR VEHICLE IN TRANSPORT,W TRINITY LN & WHITES CREEK PKE,NASHVILLE,TN,37207,3009,NORTH,36.207,-86.7916,POINT (-86.7916 36.207)
20190616365,08/18/2019 03:45:00 PM,2,0,0,,Y,256412,4,ANGLE,21,CLEAR,1,DAYLIGHT,12,MOTOR VEHICLE IN TRANSPORT,GLENROSE AV & FOSTER AV,NASHVILLE,TN,37210,8105,SOUTH,36.1254,-86.7424,POINT (-86.7424 36.1254)
20190821313,11/12/2019 10:30:00 AM,2,0,0,,N,876581,4,ANGLE,21,CLEAR,1,DAYLIGHT,12,MOTOR VEHICLE IN TRANSPORT,GALLATIN PKEN & RIVERGATE PKWY,MADISON,TN,37115,1731,MADISO,36.2973,-86.6988,POINT (-86.6988 36.2973)
20190600495,08/12/2019 01:10:00 PM,1,1,0,,N,226622,0,NOT COLLISION W/MOTOR VEHICLE-TRANSPORT,22,CLOUDY,1,DAYLIGHT,7,,CHARLOTTE AV & 50TH AVN,NASHVILLE,TN,37209,5127,WEST,36.152,-86.8467,POINT (-86.8467 36.152)
20190631930,08/23/2019 11:10:00 PM,2,0,0,,Y,352170,11,Front to Rear,21,CLEAR,3,DARK - LIGHTED,12,MOTOR VEHICLE IN TRANSPORT,MURFREESBORO PKE & BELL RD,ANTIOCH,TN,37013,8865,SOUTH,36.072,-86.636,POINT (-86.636 36.072)
20190728332,10/03/2019 12:00:00 AM,2,0,0,,Y,429205,11,Front to Rear,21,CLEAR,1,DAYLIGHT,12,MOTOR VEHICLE IN TRANSPORT,MM 49 2 I 24,NASHVILLE,TN,37213,1002,CENTRA,36.1637,-86.7625,POINT (-86.7625 36.1637)
20190861901,11/29/2019 07:55:00 PM,2,0,0,,N,279224,6,SIDESWIPE - OPPOSITE DIRECTION,21,CLEAR,3,DARK - LIGHTED,12,MOTOR VEHICLE IN TRANSPORT,RIVERWOOD DR & GALLATIN PKE,NASHVILLE,TN,37216,1425,EAST,36.2241,-86.7256,POINT (-86.7256 36.2241)
20190714527,09/27/2019 07:15:00 AM,2,0,0,,N,633381,11,Front to Rear,21,CLEAR,1,DAYLIGHT,12,MOTOR VEHICLE IN TRANSPORT,MURFREESBORO PKE & HOBSON PKE,ANTIOCH,TN,37013,8927,SOUTH,36.043,-86.6066,POINT (-86.6066 36.043)
20190881746,12/08/2019 03:46:00 PM,2,1,0,,N,330412,11,Front to Rear,21,CLEAR,1,DAYLIGHT,12,MOTOR VEHICLE IN TRANSPORT,BRICK CHURCH PKE & CHESHIRE DR,NASHVILLE,TN,37207,2049,MADISO,36.2664,-86.7759,POINT (-86.7759 36.2664)
20190846549,11/22/2019 04:30:00 PM,2,0,0,,N,352207,4,ANGLE,21,CLEAR,1,DAYLIGHT,12,MOTOR VEHICLE IN TRANSPORT,NOLENSVILLE PKE & ELYSIAN FIELDS RD,NASHVILLE,TN,37211,8501,MIDTOW,36.0859,-86.7291,POINT (-86.7291 36.0859)
20190648140,08/30/2019 05:05:00 PM,2,1,0,,N,179582,4,ANGLE,21,CLEAR,1,DAYLIGHT,12,MOTOR VEHICLE IN TRANSPORT,PARAGON MILLS RD & DONNA KAY DR,NASHVILLE,TN,37211,8443,SOUTH,36.0871,-86.708,POINT (-86.708 36.0871)
20190668058,09/08/2019 01:05:00 AM,2,1,0,,Y,330420,16,Rear to Side,22,CLOUDY,3,DARK - LIGHTED,12,MOTOR VEHICLE IN TRANSPORT,MILLWOOD DR & MURFREESBORO PKE,NASHVILLE,TN,37217,8815,HERMIT,36.1295,-86.7147,POINT (-86.7147 36.1295)
20190739099,10/08/2019 05:21:00 AM,1,0,0,,N,151122,0,NOT COLLISION W/MOTOR VEHICLE-TRANSPORT,21,CLEAR,3,DARK - LIGHTED,33,CURB,WALLACE RD & LARGO DR,NASHVILLE,TN,37211,8707,SOUTH,36.0849,-86.7017,POINT (-86.7017 36.0849)
20190740264,10/08/2019 04:37:00 PM,2,0,0,,Y,212322,11,Front to Rear,21,CLEAR,1,DAYLIGHT,12,MOTOR VEHICLE IN TRANSPORT,I24 E EXT RAMP & I 24,NASHVILLE,TN,37207,30080,NORTH,36.2378,-86.7872,POINT (-86.7872 36.2378)
20190733413,10/05/2019 09:05:00 AM,2,0,0,,N,402660,5,SIDESWIPE - SAME DIRECTION,21,CLEAR,1,DAYLIGHT,12,MOTOR VEHICLE IN TRANSPORT,ILLINOIS AV & 54TH AVN,NASHVILLE,TN,37209,4629,WEST,36.1575,-86.8526,POINT (-86.8526 36.1575)
20190866944,12/02/2019 12:07:00 PM,4,2,0,,N,716886,11,Front to Rear,21,CLEAR,1,DAYLIGHT,12,MOTOR VEHICLE IN TRANSPORT,MM 57 3 I 24,ANTIOCH,TN,37013,88080,SOUTH,36.0663,-86.6861,POINT (-86.6861 36.0663)
20190896408,12/14/2019 12:50:00 PM,2,0,0,,N,320588,11,Front to Rear,22,CLOUDY,1,DAYLIGHT,12,MOTOR VEHICLE IN TRANSPORT,JEFFERSON ST & -UNKNOWN RAMP/ROAD -,NASHVILLE,TN,37208,5321,NORTH,36.1685,-86.814,POINT (-86.814 36.1685)
20190764711,10/18/2019 05:30:00 PM,2,1,0,,N,717341,11,Front to Rear,21,CLEAR,1,DAYLIGHT,12,MOTOR VEHICLE IN TRANSPORT,NOLENSVILLE PKE & BREWER DR,NASHVILLE,TN,37211,8715,SOUTH,36.0535,-86.715,POINT (-86.715 36.0535)
20190695110,09/19/2019 07:00:00 AM,3,0,0,,N,224437,11,Front to Rear,21,CLEAR,1,DAYLIGHT,12,MOTOR VEHICLE IN TRANSPORT,MM 6 6 I 440,NASHVILLE,TN,37210,81040,SOUTH,36.1243,-86.7447,POINT (-86.7447 36.1243)
20190728811,10/03/2019 11:18:00 AM,2,0,0,,N,420059,6,SIDESWIPE - OPPOSITE DIRECTION,21,CLEAR,1,DAYLIGHT,12,MOTOR VEHICLE IN TRANSPORT,CLOVERLAND DR & JONES PKWY,BRENTWOOD,TN,37027,8623,MIDTOW,36.0326,-86.7687,POINT (-86.7687 36.0326)
20190871946,12/04/2019 07:45:00 AM,2,0,0,,N,225777,4,ANGLE,21,CLEAR,1,DAYLIGHT,12,MOTOR VEHICLE IN TRANSPORT,HARDING PKE & ST LUKE DR,NASHVILLE,TN,37205,4911,WEST,36.0909,-86.8888,POINT (-86.8888 36.0909)
20190906017,12/18/2019 06:20:00 PM,2,0,0,,N,311344,11,Front to Rear,21,CLEAR,2,DARK - NOT LIGHTED,12,MOTOR VEHICLE IN TRANSPORT,MM 42 8 I 24,WHITES CREEK,TN,37189,3226,NORTH,36.2473,-86.7841,POINT (-86.7841 36.2473)
20190852504,11/25/2019 01:40:00 PM,3,0,0,,N,716886,11,Front to Rear,21,CLEAR,1,DAYLIGHT,12,MOTOR VEHICLE IN TRANSPORT,MURFREESBORO PKE & OLD MURFREESBORO PKE,NASHVILLE,TN,37217,8849,SOUTH,36.1046,-86.6694,POINT (-86.6694 36.1046)
20190594037,08/09/2019 07:33:00 PM,2,1,0,,Y,279225,2,HEAD-ON,21,CLEAR,1,DAYLIGHT,12,MOTOR VEHICLE IN TRANSPORT,PATRICIA DR & ELANOR DR,NASHVILLE,TN,37217,8827,HERMIT,36.1383,-86.7055,POINT (-86.7055 36.1383)
20190751875,10/13/2019 06:51:00 PM,2,0,0,,N,384444,4,ANGLE,21,CLEAR,3,DARK - LIGHTED,12,MOTOR VEHICLE IN TRANSPORT,I40 E EXT RAMP & I 40,NASHVILLE,TN,37214,8955,HERMIT,36.155,-86.6271,POINT (-86.6271 36.155)