Accident Number,Date and Time,Number of Motor Vehicles,Number of Injuries,Number of Fatalities,Property Damage,Hit and Run,Reporting Officer,Collision Type Code,Collision Type Description,Weather Code,Weather Description,Illumination Code,Illumination Description,Harmful Code,Harmful Code Description,Street Address,City,State,ZIP,RPA,Precinct,Latitude,Longitude,Mapped Location
20190869016,12/03/2019 12:00:00 AM,2,0,0,,N,299247,11,Front to Rear,22,CLOUDY,1,DAYLIGHT,12,MOTOR VEHICLE IN TRANSPORT,MM 217 2 I 40,NASHVILLE,TN,37214,9404,HERMIT,36.145,-86.6468,POINT (-86.6468 36.145)
20190656809,09/03/2019 10:11:00 AM,2,0,0,,N,716886,5,SIDESWIPE - SAME DIRECTION,21,CLEAR,1,DAYLIGHT,12,MOTOR VEHICLE IN TRANSPORT,ANTIOCH PKE & PERIMETER HILL DR,NASHVILLE,TN,37211,8889,SOUTH,36.0859,-86.6911,POINT (-86.6911 36.0859)
20190814931,11/09/2019 11:59:00 AM,2,1,0,,N,462474,11,Front to Rear,21,CLEAR,1,DAYLIGHT,12,MOTOR VEHICLE IN TRANSPORT,TUSCULUM RD & MCMURRAY DR,NASHVILLE,TN,37211,8655,MIDTOW,36.0583,-86.7217,POINT (-86.7217 36.0583)
20190854283,11/26/2019 06:34:00 AM,3,0,0,,N,343522,11,Front to Rear,21,CLEAR,1,DAYLIGHT,12,MOTOR VEHICLE IN TRANSPORT,MM 192 3 I 40,NASHVILLE,TN,37221,4802,WEST,36.0768,-87.0248,POINT (-87.0248 36.0768)
20190813271,11/08/2019 05:01:00 PM,2,1,0,,N,320594,11,Front to Rear,21,CLEAR,3,DARK - LIGHTED,12,MOTOR VEHICLE IN TRANSPORT,LEBANON PKE & RACHELS LN,HERMITAGE,TN,37076,9535,HERMIT,36.2106,-86.609,POINT (-86.609 36.2106)
20190803009,11/04/2019 03:59:00 PM,3,0,0,,N,179582,11,Front to Rear,21,CLEAR,1,DAYLIGHT,12,MOTOR VEHICLE IN TRANSPORT,TRAVELERS INN DR & HARDING PL,NASHVILLE,TN,37211,8705,SOUTH,36.0849,-86.7034,POINT (-86.7034 36.0849)
20190642797,08/28/2019 03:40:00 PM,3,0,0,,N,256427,11,Front to Rear,21,CLEAR,1,DAYLIGHT,12,MOTOR VEHICLE IN TRANSPORT,MM 210 7 I 40,NASHVILLE,TN,37210,8202,HERMIT,36.1532,-86.7644,POINT (-86.7644 36.1532)
20190709474,09/25/2019 07:09:00 AM,2,0,0,,N,134899,16,Rear to Side,21,CLEAR,1,DAYLIGHT,12;14,MOTOR VEHICLE IN TRANSPORT;PARKED MOTOR VEHICLE,ROBINSON RD & MERRITT ST,OLD HICKORY,TN,37138,9609,HERMIT,36.2556,-86.6536,POINT (-86.6536 36.2556)
20190841436,11/20/2019 04:20:00 PM,2,0,0,,N,197070,5,SIDESWIPE - SAME DIRECTION,21,CLEAR,1,DAYLIGHT,12,MOTOR VEHICLE IN TRANSPORT,DR D B TODD JR BLVD & PEARL ST,NASHVILLE,TN,37203,5401,NORTH,36.1588,-86.8007,POINT (-86.8007 36.1588)
20190874527,12/05/2019 08:30:00 AM,2,0,0,,Y,676834,11,Front to Rear,21,CLEAR,1,DAYLIGHT,12,MOTOR VEHICLE IN TRANSPORT,W TRINITY LN & BRICK CHURCH PKE,NASHVILLE,TN,37207,3003,NORTH,36.2066,-86.7779,POINT (-86.7779 36.2066)
20190596689,08/10/2019 09:30:00 PM,1,0,0,Y,N,330428,0,NOT COLLISION W/MOTOR VEHICLE-TRANSPORT,21,CLEAR,3,DARK - LIGHTED,46;64,TRAFFIC SIGNAL SUPPORT;Ran Off Road-Left,MM 2 3 I 440,NASHVILLE,TN,37215,6006,WEST,36.1262,-86.8146,POINT (-86.8146 36.1262)
20190879823,12/07/2019 01:25:00 PM,2,0,0,,N,343522,11,Front to Rear,21,CLEAR,1,DAYLIGHT,12,MOTOR VEHICLE IN TRANSPORT,AVONDALE PARK BLVD & HOLGATE CT,NASHVILLE,TN,37221,4811,WEST,36.0698,-86.992,POINT (-86.992 36.0698)
20190702918,09/22/2019 05:15:00 PM,2,0,0,,Y,206958,5,SIDESWIPE - SAME DIRECTION,21,CLEAR,1,DAYLIGHT,14,PARKED MOTOR VEHICLE,LISCHEY AV & GRACE ST,NASHVILLE,TN,37207,1965,EAST,36.1824,-86.7652,POINT (-86.7652 36.1824)
20190850703,11/24/2019 05:44:00 PM,2,0,0,,N,330444,11,Front to Rear,21,CLEAR,3,DARK - LIGHTED,12,MOTOR VEHICLE IN TRANSPORT,US HWY 70 & 14TH AVE,NASHVILLE,TN,37203,5701,MIDTOW,36.1556,-86.7897,POINT (-86.7897 36.1556)
20190914210,12/22/2019 12:40:00 PM,2,0,0,,Y,405391,11,Front to Rear,2,RAIN,1,DAYLIGHT,12,MOTOR VEHICLE IN TRANSPORT,HIGHWAY 70S & WINDSOR TERRACE DR,NASHVILLE,TN,37221,4901,WEST,36.0778,-86.9111,POINT (-86.9111 36.0778)
20190796876,11/01/2019 03:30:00 PM,2,0,0,,N,352186,98,OTHER,21,CLEAR,1,DAYLIGHT,45,WORKING MOTOR VEHICLE,HAMPTON ST & W TRINITY LN,NASHVILLE,TN,37207,3019,NORTH,36.2074,-86.7786,POINT (-86.7786 36.2074)
20190750153,10/12/2019 08:32:00 PM,1,1,0,Y,N,579971,0,NOT COLLISION W/MOTOR VEHICLE-TRANSPORT,21,CLEAR,3,DARK - LIGHTED,33;40;63;7,CURB;MAIL BOX;Ran Off Road-Right,MURFREESBORO PKE & OLD MURFREESBORO PKE,NASHVILLE,TN,37217,8849,SOUTH,36.1046,-86.6694,POINT (-86.6694 36.1046)
20190708234,09/24/2019 08:35:00 PM,2,1,0,,Y,256389,11,Front to Rear,21,CLEAR,3,DARK - LIGHTED,12,MOTOR VEHICLE IN TRANSPORT,MM 79 5 I 65,NASHVILLE,TN,37204,70042,MIDTOW,36.106,-86.7678,POINT (-86.7678 36.106)
20190896858,12/14/2019 05:54:00 PM,2,0,0,,Y,352156,11,Front to Rear,21,CLEAR,3,DARK - LIGHTED,12,MOTOR VEHICLE IN TRANSPORT,MURFREESBORO PKE & THOMPSON PL,NASHVILLE,TN,37217,8817,HERMIT,36.1266,-86.7111,POINT (-86.7111 36.1266)
20190841807,11/20/2019 07:14:00 PM,1,0,0,,N,151132,0,NOT COLLISION W/MOTOR VEHICLE-TRANSPORT,21,CLEAR,3,DARK - LIGHTED,50,DEER (ANIMAL),OLD HICKORY BLVDW & HERITAGE DR,MADISON,TN,37115,1749,MADISO,36.2641,-86.7242,POINT (-86.7242 36.2641)
20190613557,08/17/2019 09:20:00 AM,2,0,0,,Y,876573,11,Front to Rear,21,CLEAR,1,DAYLIGHT,12,MOTOR VEHICLE IN TRANSPORT,MURFREESBORO PKE & HOBSON PKE,ANTIOCH,TN,37013,8927,SOUTH,36.043,-86.6066,POINT (-86.6066 36.043)
20190631250,08/23/2019 09:32:00 PM,2,1,0,,Y,330412,5,SIDESWIPE - SAME DIRECTION,21,CLEAR,3,DARK - LIGHTED,12;99,MOTOR VEHICLE IN TRANSPORT;UNKNOWN MOST HARMFUL EVENT,GALLATIN PKE & LITTON AV,NASHVILLE,TN,37216,1415,EAST,36.2027,-86.739,POINT (-86.739 36.2027)
20190867445,12/02/2019 04:20:00 PM,2,0,0,,Y,279224,4,ANGLE,22,CLOUDY,1,DAYLIGHT,12,MOTOR VEHICLE IN TRANSPORT,SPRING ST & MAIN ST ENT RAMP,NASHVILLE,TN,37206,1997,EAST,36.173,-86.7654,POINT (-86.7654 36.173)
20190829380,11/15/2019 01:54:00 PM,2,0,0,,N,330415,4,ANGLE,21,CLEAR,1,DAYLIGHT,12,MOTOR VEHICLE IN TRANSPORT,0 2ND AVS,NASHVILLE,TN,37210,4029,CENTRA,36.1533,-86.7696,POINT (-86.7696 36.1533)
20190900761,12/16/2019 05:15:00 PM,1,0,0,,N,330428,0,NOT COLLISION W/MOTOR VEHICLE-TRANSPORT,2,RAIN,3,DARK - LIGHTED,36,CONCRETE TRAFFIC BARRIER,MM 205 4 I 40,NASHVILLE,TN,37209,52040,WEST,36.1546,-86.8315,POINT (-86.8315 36.1546)
20190645236,08/29/2019 03:40:00 PM,1,1,0,Y,N,352213,0,NOT COLLISION W/MOTOR VEHICLE-TRANSPORT,21,CLEAR,1,DAYLIGHT,18,OTHER OBJECT (NOT FIXED),400 45TH AVN,NASHVILLE,TN,37209,5201,WEST,36.1529,-86.841,POINT (-86.841 36.1529)
20190831324,11/16/2019 11:50:00 AM,2,2,0,,N,320595,4,ANGLE,21,CLEAR,1,DAYLIGHT,12,MOTOR VEHICLE IN TRANSPORT,BELL RD & DODSON CHAPEL RD,HERMITAGE,TN,37076,9501,HERMIT,36.1632,-86.6131,POINT (-86.6131 36.1632)
20190594489,08/09/2019 08:20:00 PM,2,0,0,,Y,320598,4,ANGLE,21,CLEAR,5,DUSK,12,MOTOR VEHICLE IN TRANSPORT,STATE HWY 254 & BRENTWOOD EAST DR,NASHVILLE,TN,37211,8655,MIDTOW,36.0453,-86.7148,POINT (-86.7148 36.0453)
20190822273,11/12/2019 05:16:00 PM,2,0,0,,Y,179582,4,ANGLE,21,CLEAR,2,DARK - NOT LIGHTED,12,MOTOR VEHICLE IN TRANSPORT,OAKWOOD FOREST DR & UNA ANTIOCH PKE,ANTIOCH,TN,37013,8891,SOUTH,36.0781,-86.657,POINT (-86.657 36.0781)
20190700827,09/21/2019 04:21:00 PM,2,2,0,,N,256386,4,ANGLE,21,CLEAR,1,DAYLIGHT,12,MOTOR VEHICLE IN TRANSPORT,BRILEY PKWY & BRILEY PKWY N EXT RAMP,NASHVILLE,TN,37217,8998,HERMIT,36.1287,-86.6954,POINT (-86.6954 36.1287)
20190775550,10/23/2019 04:15:00 PM,2,0,0,,N,714641,11,Front to Rear,21,CLEAR,1,DAYLIGHT,12,MOTOR VEHICLE IN TRANSPORT,12TH AVS & DEMONBREUN ST,NASHVILLE,TN,37203,4015,CENTRA,36.1546,-86.7862,POINT (-86.7862 36.1546)
20190739797,10/08/2019 12:23:00 PM,2,0,0,,Y,676834,0,NOT COLLISION W/MOTOR VEHICLE-TRANSPORT,21,CLEAR,1,DAYLIGHT,16,THROWN OR FALLING OBJECT,BRILEY PKWYE & KNIGHT DR,NASHVILLE,TN,37207,3010,NORTH,36.2345,-86.8061,POINT (-86.8061 36.2345)
20190867348,12/02/2019 03:30:00 PM,2,0,0,,Y,330425,11,Front to Rear,22,CLOUDY,1,DAYLIGHT,14,PARKED MOTOR VEHICLE,ANDERSON LN & MYATT DR,MADISON,TN,37115,1713,MADISO,36.2721,-86.689,POINT (-86.689 36.2721)
20190712868,09/26/2019 03:55:00 PM,2,2,0,,N,320580,11,Front to Rear,22,CLOUDY,1,DAYLIGHT,12,MOTOR VEHICLE IN TRANSPORT,MM 215 6 I 40,NASHVILLE,TN,37214,9102,HERMIT,36.1431,-86.6845,POINT (-86.6845 36.1431)
20190907719,12/19/2019 11:12:00 AM,2,0,0,,N,420059,11,Front to Rear,21,CLEAR,1,DAYLIGHT,12,MOTOR VEHICLE IN TRANSPORT,NOLENSVILLE PKE & HARDING PL,NASHVILLE,TN,37211,8445,SOUTH,36.0809,-86.7267,POINT (-86.7267 36.0809)
20190849175,11/23/2019 10:16:00 PM,2,0,0,,Y,320581,5,SIDESWIPE - SAME DIRECTION,22,CLOUDY,3,DARK - LIGHTED,1;12;63,MOTOR VEHICLE IN TRANSPORT;Ran Off Road-Right,GRANSTAFF APTS @ METROCENTER P & ROSA L,NASHVILLE,TN,37228,4483,NORTH,36.1936,-86.8099,POINT (-86.8099 36.1936)
20190648025,08/30/2019 03:15:00 PM,2,0,0,,N,169425,11,Front to Rear,21,CLEAR,1,DAYLIGHT,12,MOTOR VEHICLE IN TRANSPORT,MM 209 4 I 40,NASHVILLE,TN,37203,40041,CENTRA,36.1519,-86.7866,POINT (-86.7866 36.1519)
20190910598,12/20/2019 02:55:00 PM,2,0,0,,N,197070,5,SIDESWIPE - SAME DIRECTION,21,CLEAR,1,DAYLIGHT,12,MOTOR VEHICLE IN TRANSPORT,MM 207 6 I 40,NASHVILLE,TN,37208,54021,NORTH,36.1707,-86.8044,POINT (-86.8044 36.1707)
20190662205,09/05/2019 02:15:00 PM,2,0,0,,N,352164,4,ANGLE,21,CLEAR,1,DAYLIGHT,12,MOTOR VEHICLE IN TRANSPORT,ANTIOCH PKE & BRIDGEWAY DR,NASHVILLE,TN,37211,8409,SOUTH,36.1005,-86.7185,POINT (-86.7185 36.1005)
20190799211,11/02/2019 09:35:00 PM,2,0,0,,Y,311327,4,ANGLE,21,CLEAR,1,DAYLIGHT,12,MOTOR VEHICLE IN TRANSPORT,CAYCE PLACE PVTDR & S 6TH ST,NASHVILLE,TN,37206,1021,EAST,36.1659,-86.7582,POINT (-86.7582 36.1659)
20190810839,11/07/2019 04:40:00 PM,2,0,0,,N,429193,4,ANGLE,2,RAIN,5,DUSK,12,MOTOR VEHICLE IN TRANSPORT,OLD HICKORY BLVD & HWY 70 S,NASHVILLE,TN,37221,4901,WEST,36.0731,-86.9206,POINT (-86.9206 36.0731)
20190629323,08/23/2019 05:05:00 AM,2,0,0,,N,156308,4,ANGLE,21,CLEAR,3,DARK - LIGHTED,12,MOTOR VEHICLE IN TRANSPORT,CLARKSVILLE PKE & BUENA VISTA PKE,NASHVILLE,TN,37218,3135,NORTH,36.1935,-86.8309,POINT (-86.8309 36.1935)
20190784684,10/27/2019 11:00:00 PM,1,0,0,Y,Y,352163,0,NOT COLLISION W/MOTOR VEHICLE-TRANSPORT,21,CLEAR,3,DARK - LIGHTED,40;43,MAIL BOX;OTHER FIXED OBJECTS,PLANTATION DR & JACKSONIAN DR,HERMITAGE,TN,37076,9601,HERMIT,36.2011,-86.6331,POINT (-86.6331 36.2011)
20190820801,11/12/2019 05:57:00 AM,2,0,0,,N,352170,98,OTHER,98,OTHER (NARRATIVE),1,DAYLIGHT,12;64,MOTOR VEHICLE IN TRANSPORT;Ran Off Road-Left,HAMILTON CHURCH RD & OWENDALE DR,ANTIOCH,TN,37013,8927,SOUTH,36.0648,-86.6221,POINT (-86.6221 36.0648)
20190865074,12/01/2019 01:40:00 PM,2,1,0,,N,212318,5,SIDESWIPE - SAME DIRECTION,21,CLEAR,1,DAYLIGHT,12,MOTOR VEHICLE IN TRANSPORT,US HWY 31 ALT & SUGAR VALLEY DR,ANTIOCH,TN,37013,8759,SOUTH,36.0141,-86.7048,POINT (-86.7048 36.0141)
20190904722,12/18/2019 08:04:00 AM,2,1,0,,N,633381,4,ANGLE,21,CLEAR,1,DAYLIGHT,12;41;47;64,MOTOR VEHICLE IN TRANSPORT;SHRUBBERY;FIRE HYDRANT;Ran Off Road-Left,CULBERTSON RD & CALDERWOOD DR,ANTIOCH,TN,37013,8767,SOUTH,36.0141,-86.6816,POINT (-86.6816 36.0141)
20190780788,10/25/2019 07:59:00 PM,2,0,0,,Y,212343,11,Front to Rear,2,RAIN,3,DARK - LIGHTED,12,MOTOR VEHICLE IN TRANSPORT,MM 47 7 I 24,NASHVILLE,TN,37207,19020,EAST,36.179,-86.7737,POINT (-86.7737 36.179)
20190916799,12/23/2019 07:48:00 PM,1,1,0,,N,298860,0,NOT COLLISION W/MOTOR VEHICLE-TRANSPORT,21,CLEAR,2,DARK - NOT LIGHTED,1,,BELL RD & DODSON CHAPEL RD,HERMITAGE,TN,37076,9501,HERMIT,36.1632,-86.6131,POINT (-86.6131 36.1632)
20190735030,10/06/2019 05:00:00 AM,2,2,0,,N,256492,4,ANGLE,21,CLEAR,3,DARK - LIGHTED,12;34,MOTOR VEHICLE IN TRANSPORT;DITCH,MM 213 0 I 40,NASHVILLE,TN,37210,8219,HERMIT,36.1407,-86.7323,POINT (-86.7323 36.1407)
20190629819,08/23/2019 09:17:00 AM,2,0,0,,N,462474,5,SIDESWIPE - SAME DIRECTION,22,CLOUDY,1,DAYLIGHT,12,MOTOR VEHICLE IN TRANSPORT,OLD HICKORY BLVD & FRANKLIN PKE,NASHVILLE,TN,37220,7111,MIDTOW,36.0374,-86.7864,POINT (-86.7864 36.0374)
20190636913,08/26/2019 09:05:00 AM,2,0,0,,N,693093,11,Front to Rear,2,RAIN,1,DAYLIGHT,12,MOTOR VEHICLE IN TRANSPORT,OLD HICKORY BLVD & GRANDVILLE BLVD,NASHVILLE,TN,37207,2103,MADISO,36.279,-86.7741,POINT (-86.7741 36.279)
20190652603,09/01/2019 02:35:00 PM,3,0,0,,N,633391,4,ANGLE,21,CLEAR,1,DAYLIGHT,12;13,MOTOR VEHICLE IN TRANSPORT;MOTOR VEHICLE IN TRANSPORT-OTHER ROADWAY,51ST AVN & CHARLOTTE AV,NASHVILLE,TN,37209,5121,WEST,36.1525,-86.8486,POINT (-86.8486 36.1525)
20190731548,09/19/2019 12:00:00 AM,1,0,0,Y,Y,352178,0,NOT COLLISION W/MOTOR VEHICLE-TRANSPORT,99,UNKNOWN,9,UNKNOWN,32,CULVERT,CANTARUTTI RD & ALESSIO RD,JOELTON,TN,37080,3245,NORTH,36.2834,-86.879,POINT (-86.879 36.2834)
20190925953,12/28/2019 05:04:00 PM,1,1,0,,N,212346,0,NOT COLLISION W/MOTOR VEHICLE-TRANSPORT,21,CLEAR,3,DARK - LIGHTED,8,PEDESTRIAN,1 MIDDLETON ST,NASHVILLE,TN,37203,4025,CENTRA,36.1525,-86.7766,POINT (-86.7766 36.1525)
20190700571,09/21/2019 12:35:00 PM,2,0,0,,N,876581,11,Front to Rear,21,CLEAR,1,DAYLIGHT,12,MOTOR VEHICLE IN TRANSPORT,RIVERGATE PKWY & MYATT DR,GOODLETTSVILLE,TN,37072,1751,MADISO,36.2972,-86.6992,POINT (-86.6992 36.2972)
20190912417,12/21/2019 01:40:00 PM,2,1,0,,N,343522,4,ANGLE,22,CLOUDY,1,DAYLIGHT,12,MOTOR VEHICLE IN TRANSPORT,HILLWOOD BLVD & FLEETWOOD DR,NASHVILLE,TN,37209,5021,WEST,36.1362,-86.8767,POINT (-86.8767 36.1362)
20190611811,08/16/2019 04:45:00 PM,2,0,0,,N,298877,4,ANGLE,21,CLEAR,1,DAYLIGHT,12,MOTOR VEHICLE IN TRANSPORT,METROPLEX DR & HARDING PL,NASHVILLE,TN,37211,8845,SOUTH,36.0873,-86.6959,POINT (-86.6959 36.0873)
20190674069,09/10/2019 06:22:00 PM,2,0,0,,N,212330,5,SIDESWIPE - SAME DIRECTION,2,RAIN,1,DAYLIGHT,12,MOTOR VEHICLE IN TRANSPORT,MM 43 4 I 24,NASHVILLE,TN,37207,2014,MADISO,36.2397,-86.7859,POINT (-86.7859 36.2397)
20190706795,09/24/2019 07:55:00 AM,2,0,0,,N,226134,11,Front to Rear,21,CLEAR,1,DAYLIGHT,12,MOTOR VEHICLE IN TRANSPORT,TUSCULUM RD & OCALA DR,ANTIOCH,TN,37013,8713,SOUTH,36.0966,-86.7169,POINT (-86.7169 36.0966)
20190759341,10/16/2019 04:35:00 PM,2,0,0,,N,717341,4,ANGLE,21,CLEAR,1,DAYLIGHT,12,MOTOR VEHICLE IN TRANSPORT,ANDERSON RD & BELL RD,ANTIOCH,TN,37013,8979,SOUTH,36.0747,-86.635,POINT (-86.635 36.0747)
20190644451,08/29/2019 08:48:00 AM,2,2,0,,N,462474,4,ANGLE,21,CLEAR,1,DAYLIGHT,12,MOTOR VEHICLE IN TRANSPORT,NOLENSVILLE PKE & TIMMONS ST,NASHVILLE,TN,37211,8519,MIDTOW,36.1082,-86.7438,POINT (-86.7438 36.1082)
20190688101,09/16/2019 03:45:00 PM,2,0,0,,N,320577,4,ANGLE,21,CLEAR,1,DAYLIGHT,12,MOTOR VEHICLE IN TRANSPORT,ARMORY DR & SIDCO DR,NASHVILLE,TN,37204,8527,MIDTOW,36.1022,-86.7563,POINT (-86.7563 36.1022)
20190645006,08/29/2019 01:45:00 PM,2,1,0,,N,676834,2,HEAD-ON,21,CLEAR,1,DAYLIGHT,12,MOTOR VEHICLE IN TRANSPORT,4TH AVN & MONROE ST,NASHVILLE,TN,37208,4317,NORTH,36.1771,-86.7877,POINT (-86.7877 36.1771)
20190639214,08/27/2019 09:14:00 AM,2,0,0,,N,191578,11,Front to Rear,22,CLOUDY,1,DAYLIGHT,12,MOTOR VEHICLE IN TRANSPORT,BELL RD & PRIEST WOODS DR,NASHVILLE,TN,37214,8989,HERMIT,36.1275,-86.6296,POINT (-86.6296 36.1275)
20190719414,09/29/2019 02:36:00 PM,2,0,0,,N,384411,6,SIDESWIPE - OPPOSITE DIRECTION,21,CLEAR,1,DAYLIGHT,12,MOTOR VEHICLE IN TRANSPORT,OLD SMITH SPRINGS RD & ANDERSON RD,NASHVILLE,TN,37217,8985,HERMIT,36.0892,-86.6068,POINT (-86.6068 36.0892)
20190766367,10/19/2019 02:25:00 PM,2,1,0,,N,166478,11,Front to Rear,22,CLOUDY,1,DAYLIGHT,12,MOTOR VEHICLE IN TRANSPORT,MM 85 4 I 65,NASHVILLE,TN,37208,43042,NORTH,36.1875,-86.7947,POINT (-86.7947 36.1875)
20190754320,10/14/2019 05:50:00 PM,2,1,0,,N,330435,4,ANGLE,21,CLEAR,3,DARK - LIGHTED,12,MOTOR VEHICLE IN TRANSPORT,SHELTON AV & GREENFIELD AV,NASHVILLE,TN,37216,1419,EAST,36.2086,-86.7237,POINT (-86.7237 36.2086)
20190641911,08/28/2019 08:48:00 AM,2,0,0,,N,462474,11,Front to Rear,21,CLEAR,1,DAYLIGHT,12,MOTOR VEHICLE IN TRANSPORT,EDMONDSON PKE & BREWER DR,NASHVILLE,TN,37211,8657,MIDTOW,36.0661,-86.7381,POINT (-86.7381 36.0661)
20190734061,10/05/2019 05:22:00 PM,1,1,0,,N,330412,0,NOT COLLISION W/MOTOR VEHICLE-TRANSPORT,21,CLEAR,1,DAYLIGHT,1,,BRICK CHURCH PKE & JACKSON RD,WHITES CREEK,TN,37189,2105,MADISO,36.2959,-86.782,POINT (-86.782 36.2959)
20190853133,11/25/2019 06:00:00 PM,2,0,0,,N,352177,11,Front to Rear,21,CLEAR,2,DARK - NOT LIGHTED,12,MOTOR VEHICLE IN TRANSPORT,HARDING PL & HILLSBORO PKE,NASHVILLE,TN,37215,6115,WEST,36.0914,-86.8287,POINT (-86.8287 36.0914)
20190927748,12/29/2019 04:03:00 PM,3,0,0,,Y,725774,11,Front to Rear,2,RAIN,5,DUSK,12,MOTOR VEHICLE IN TRANSPORT,SAUNDERSVILLE RD & SHUTE LN,OLD HICKORY,TN,37138,9721,HERMIT,36.2263,-86.6032,POINT (-86.6032 36.2263)
20190833405,11/17/2019 12:00:00 AM,1,0,0,Y,N,279122,0,NOT COLLISION W/MOTOR VEHICLE-TRANSPORT,22,CLOUDY,1,DAYLIGHT,36,CONCRETE TRAFFIC BARRIER,I24 E ENT RAMP & I 24,NASHVILLE,TN,37213,1007,CENTRA,36.1662,-86.7659,POINT (-86.7659 36.1662)
20190899777,12/16/2019 08:55:00 AM,2,0,0,,N,337277,3,REAR-TO-REAR,2,RAIN,1,DAYLIGHT,14,PARKED MOTOR VEHICLE,1706 26TH AVS,NASHVILLE,TN,37212,5823,MIDTOW,36.1369,-86.8078,POINT (-86.8078 36.1369)
20190665188,09/06/2019 06:02:00 PM,3,1,0,,N,384410,5,SIDESWIPE - SAME DIRECTION,21,CLEAR,1,DAYLIGHT,1;12;6,MOTOR VEHICLE IN TRANSPORT,MM 6 1 I 440,NASHVILLE,TN,37211,8106,MIDTOW,36.1221,-86.7542,POINT (-86.7542 36.1221)
20190725045,10/01/2019 06:25:00 PM,2,1,0,,N,332298,5,SIDESWIPE - SAME DIRECTION,21,CLEAR,5,DUSK,12,MOTOR VEHICLE IN TRANSPORT,NOLENSVILLE PKE & HARDING PL,NASHVILLE,TN,37211,8445,SOUTH,36.0809,-86.7267,POINT (-86.7267 36.0809)
20190654057,09/02/2019 03:29:00 AM,2,1,0,,Y,298875,4,ANGLE,21,CLEAR,2,DARK - NOT LIGHTED,12,MOTOR VEHICLE IN TRANSPORT,SEASONS DR & FORRESTAL WAY,ANTIOCH,TN,37013,8925,SOUTH,36.0708,-86.5989,POINT (-86.5989 36.0708)
20190773641,10/22/2019 10:45:00 PM,2,1,0,Y,N,279117,0,NOT COLLISION W/MOTOR VEHICLE-TRANSPORT,21,CLEAR,3,DARK - LIGHTED,12;25,MOTOR VEHICLE IN TRANSPORT;GUARDRAIL END,MM 88 4 I 65,NASHVILLE,TN,37207,30040,NORTH,36.2217,-86.7746,POINT (-86.7746 36.2217)
20190817113,11/10/2019 01:35:00 PM,3,0,0,,N,402660,4,ANGLE,21,CLEAR,1,DAYLIGHT,12,MOTOR VEHICLE IN TRANSPORT,CHARLOTTE AV & 38TH AVN,NASHVILLE,TN,37209,5237,WEST,36.1527,-86.8296,POINT (-86.8296 36.1527)
20190881671,12/08/2019 02:20:00 PM,2,0,0,,N,330431,4,ANGLE,22,CLOUDY,1,DAYLIGHT,13,MOTOR VEHICLE IN TRANSPORT-OTHER ROADWAY,OLD HYDES FERRY PKE & OLD HICKORY BLVD,NASHVILLE,TN,37218,3235,NORTH,36.2092,-86.922,POINT (-86.922 36.2092)
20190831876,11/16/2019 06:05:00 PM,1,0,0,Y,N,468097,0,NOT COLLISION W/MOTOR VEHICLE-TRANSPORT,21,CLEAR,3,DARK - LIGHTED,19;2,BUILDING,1301 ARBOR LAKE BLVD,HERMITAGE,TN,37076,9527,HERMIT,36.1636,-86.5999,POINT (-86.5999 36.1636)
20190812971,11/08/2019 01:10:00 PM,2,0,0,,N,345098,11,Front to Rear,21,CLEAR,1,DAYLIGHT,12,MOTOR VEHICLE IN TRANSPORT,ANDREW JACKSON PKWY & LEBANON PKE,HERMITAGE,TN,37076,9537,HERMIT,36.2146,-86.5977,POINT (-86.5977 36.2146)
20190753448,10/14/2019 11:02:00 AM,2,2,0,,N,716886,11,Front to Rear,21,CLEAR,1,DAYLIGHT,12,MOTOR VEHICLE IN TRANSPORT,I24E & I24 W ENT RAMP,NASHVILLE,TN,37210,82061,HERMIT,36.1386,-86.7273,POINT (-86.7273 36.1386)
20190794199,10/31/2019 04:20:00 PM,3,0,0,,N,256384,11,Front to Rear,21,CLEAR,1,DAYLIGHT,12,MOTOR VEHICLE IN TRANSPORT,MM 52 0 I 24,NASHVILLE,TN,37217,8816,SOUTH,36.1329,-86.7267,POINT (-86.7267 36.1329)
20190705940,09/23/2019 11:00:00 PM,2,0,0,,N,279201,11,Front to Rear,21,CLEAR,3,DARK - LIGHTED,12,MOTOR VEHICLE IN TRANSPORT,MM 210 7 I 40,NASHVILLE,TN,37210,8202,HERMIT,36.1532,-86.7644,POINT (-86.7644 36.1532)
20190737877,10/07/2019 05:14:00 PM,2,0,0,,Y,352195,4,ANGLE,22,CLOUDY,1,DAYLIGHT,12,MOTOR VEHICLE IN TRANSPORT,NASHBORO BLVD & MURFREESBORO PKE,NASHVILLE,TN,37217,8935,HERMIT,36.0884,-86.6478,POINT (-86.6478 36.0884)
20190772515,10/22/2019 12:06:00 PM,2,0,0,,N,279110,5,SIDESWIPE - SAME DIRECTION,21,CLEAR,1,DAYLIGHT,12,MOTOR VEHICLE IN TRANSPORT,MM 6 7 I 440,NASHVILLE,TN,37210,81040,SOUTH,36.1244,-86.7414,POINT (-86.7414 36.1244)
20190897140,12/14/2019 12:00:00 AM,1,0,0,Y,Y,311344,0,NOT COLLISION W/MOTOR VEHICLE-TRANSPORT,21,CLEAR,3,DARK - LIGHTED,30;63,UTILITY POLE;Ran Off Road-Right,DICKERSON PKES & WEEPING WILLOW WAY,GOODLETTSVILLE,TN,37072,2111,MADISO,36.2902,-86.7391,POINT (-86.7391 36.2902)