Accident Number,Date and Time,Number of Motor Vehicles,Number of Injuries,Number of Fatalities,Property Damage,Hit and Run,Reporting Officer,Collision Type Code,Collision Type Description,Weather Code,Weather Description,Illumination Code,Illumination Description,Harmful Code,Harmful Code Description,Street Address,City,State,ZIP,RPA,Precinct,Latitude,Longitude,Mapped Location
20190787914,10/29/2019 05:49:00 AM,2,0,0,,N,311340,11,Front to Rear,21,CLEAR,3,DARK - LIGHTED,12,MOTOR VEHICLE IN TRANSPORT,DIVISION ST & 17TH AVS,NASHVILLE,TN,37203,6717,MIDTOW,36.1521,-86.7931,POINT (-86.7931 36.1521)
20190671490,09/09/2019 07:02:00 PM,2,1,0,,Y,256380,11,Front to Rear,21,CLEAR,1,DAYLIGHT,12,MOTOR VEHICLE IN TRANSPORT,MM 1 7 I 440,NASHVILLE,TN,37209,5312,NORTH,36.1536,-86.8226,POINT (-86.8226 36.1536)
20190657538,09/03/2019 04:25:00 PM,2,2,0,Y,N,298867,4,ANGLE,21,CLEAR,1,DAYLIGHT,12,MOTOR VEHICLE IN TRANSPORT,MCFERRIN AV & SEYMOUR AV,NASHVILLE,TN,37206,1925,EAST,36.1862,-86.7542,POINT (-86.7542 36.1862)
20190615139,08/18/2019 12:12:00 AM,2,1,0,,N,352183,11,Front to Rear,21,CLEAR,2,DARK - NOT LIGHTED,12,MOTOR VEHICLE IN TRANSPORT,I24 & OLD HICKORY,ANTIOCH,TN,37013,8771,SOUTH,36.0134,-86.6207,POINT (-86.6207 36.0134)
20190726933,10/02/2019 05:19:00 PM,2,0,0,,N,320603,6,SIDESWIPE - OPPOSITE DIRECTION,21,CLEAR,1,DAYLIGHT,12,MOTOR VEHICLE IN TRANSPORT,RIVER RD & GOWER RD,NASHVILLE,TN,37209,4701,WEST,36.1313,-86.9231,POINT (-86.9231 36.1313)
20190605613,08/14/2019 09:51:00 AM,2,0,0,,N,191578,11,Front to Rear,21,CLEAR,1,DAYLIGHT,12,MOTOR VEHICLE IN TRANSPORT,MM 215 3 I 40,NASHVILLE,TN,37217,89020,HERMIT,36.1436,-86.6894,POINT (-86.6894 36.1436)
20190681756,09/13/2019 02:34:00 PM,3,1,0,,Y,212330,0,NOT COLLISION W/MOTOR VEHICLE-TRANSPORT,22,CLOUDY,1,DAYLIGHT,24;7;99,GUARDRAIL FACE;UNKNOWN MOST HARMFUL EVENT,I24 W ENT RAMP & I 24,NASHVILLE,TN,37206,1009,EAST,36.1666,-86.7638,POINT (-86.7638 36.1666)
20190756539,10/15/2019 02:33:00 PM,2,1,0,,N,256389,4,ANGLE,21,CLEAR,1,DAYLIGHT,13,MOTOR VEHICLE IN TRANSPORT-OTHER ROADWAY,4TH AVS & I40 E EXT RAMP,NASHVILLE,TN,37210,8153,SOUTH,36.1505,-86.7704,POINT (-86.7704 36.1505)
20190744792,10/10/2019 12:00:00 PM,2,1,0,,N,665896,4,ANGLE,22,CLOUDY,1,DAYLIGHT,12,MOTOR VEHICLE IN TRANSPORT,GREENLAND AV & GALLATIN PKE,NASHVILLE,TN,37216,1425,EAST,36.2228,-86.7258,POINT (-86.7258 36.2228)
20190931901,12/31/2019 01:17:00 PM,2,1,0,,Y,191578,11,Front to Rear,21,CLEAR,1,DAYLIGHT,12,MOTOR VEHICLE IN TRANSPORT,MM 210 8 I 40,NASHVILLE,TN,37210,40080,CENTRA,36.1544,-86.7625,POINT (-86.7625 36.1544)
20190823819,11/13/2019 08:36:00 AM,2,1,0,,N,320586,11,Front to Rear,21,CLEAR,1,DAYLIGHT,12,MOTOR VEHICLE IN TRANSPORT,MM 56 8 I 24,NASHVILLE,TN,37211,8810,SOUTH,36.0721,-86.6914,POINT (-86.6914 36.0721)
20190688664,09/16/2019 05:42:00 PM,3,0,0,,N,579971,4,ANGLE,21,CLEAR,1,DAYLIGHT,12,MOTOR VEHICLE IN TRANSPORT,TUSCULUM RD & COLEMONT DR,ANTIOCH,TN,37013,8713,SOUTH,36.0385,-86.705,POINT (-86.705 36.0385)
20190810600,11/07/2019 02:29:00 PM,2,1,0,,N,414731,4,ANGLE,2,RAIN,1,DAYLIGHT,12,MOTOR VEHICLE IN TRANSPORT,NOLENSVILLE PKE & MCNALLY DR,NASHVILLE,TN,37211,8435,SOUTH,36.0933,-86.7362,POINT (-86.7362 36.0933)
20190798166,11/02/2019 09:50:00 AM,2,0,0,,N,311339,4,ANGLE,21,CLEAR,1,DAYLIGHT,12,MOTOR VEHICLE IN TRANSPORT,SHELBY AV & I24 E EXT RAMP,NASHVILLE,TN,37213,1007,CENTRA,36.1664,-86.7654,POINT (-86.7654 36.1664)
20190763879,10/18/2019 12:23:00 PM,2,0,0,,N,299243,5,SIDESWIPE - SAME DIRECTION,21,CLEAR,1,DAYLIGHT,12,MOTOR VEHICLE IN TRANSPORT,CHARLOTTE AV & I40 W ENT RAMP,NASHVILLE,TN,37203,4202,CENTRA,36.161,-86.7931,POINT (-86.7931 36.161)
20190821134,11/12/2019 08:40:00 AM,2,0,0,,Y,620061,11,Front to Rear,4,SNOW,1,DAYLIGHT,12,MOTOR VEHICLE IN TRANSPORT,FRANKLIN PKE & THOMPSON LN,NASHVILLE,TN,37204,7011,MIDTOW,36.1103,-86.7733,POINT (-86.7733 36.1103)
20190713151,09/26/2019 04:20:00 PM,2,0,0,,N,330419,11,Front to Rear,21,CLEAR,1,DAYLIGHT,12,MOTOR VEHICLE IN TRANSPORT,OPRY MILLS DR & GAYLORD DR,NASHVILLE,TN,37214,9209,HERMIT,36.1976,-86.6915,POINT (-86.6915 36.1976)
20190826193,11/14/2019 08:00:00 AM,2,0,0,,N,279227,4,ANGLE,21,CLEAR,1,DAYLIGHT,12,MOTOR VEHICLE IN TRANSPORT,HAYWOOD LN & EZELL RD,NASHVILLE,TN,37211,8709,SOUTH,36.0696,-86.6944,POINT (-86.6944 36.0696)
20190723155,10/01/2019 06:14:00 AM,2,0,0,,N,279230,11,Front to Rear,21,CLEAR,1,DAYLIGHT,12,MOTOR VEHICLE IN TRANSPORT,1530 ANTIOCH PKE,ANTIOCH,TN,37013,8899,SOUTH,36.0785,-86.6833,POINT (-86.6833 36.0785)
20190728559,10/03/2019 09:06:00 AM,2,0,0,,N,716886,11,Front to Rear,21,CLEAR,1,DAYLIGHT,12,MOTOR VEHICLE IN TRANSPORT,NOLENSVILLE PKE & I440 W EXT RAMP,NASHVILLE,TN,37210,8101,SOUTH,36.1242,-86.7518,POINT (-86.7518 36.1242)
20190586377,08/07/2019 05:51:00 AM,2,0,0,,N,191578,5,SIDESWIPE - SAME DIRECTION,21,CLEAR,1,DAYLIGHT,12,MOTOR VEHICLE IN TRANSPORT,MM 211 6 I 40,NASHVILLE,TN,37210,82042,HERMIT,36.1508,-86.7502,POINT (-86.7502 36.1508)
20190863860,11/30/2019 09:11:00 PM,1,0,0,Y,Y,320585,0,NOT COLLISION W/MOTOR VEHICLE-TRANSPORT,2,RAIN,3,DARK - LIGHTED,18,OTHER OBJECT (NOT FIXED),MUNN RD & LEBANON PKE,NASHVILLE,TN,37214,9311,HERMIT,36.1688,-86.657,POINT (-86.657 36.1688)
20190913678,12/22/2019 12:00:00 AM,1,0,0,,Y,299248,0,NOT COLLISION W/MOTOR VEHICLE-TRANSPORT,21,CLEAR,3,DARK - LIGHTED,36,CONCRETE TRAFFIC BARRIER,EAST THOMPSON LN & WIMPOLE DR,NASHVILLE,TN,37217,8879,SOUTH,36.1247,-86.7148,POINT (-86.7148 36.1247)
20190827646,11/14/2019 09:40:00 PM,2,0,0,,N,240982,4,ANGLE,21,CLEAR,3,DARK - LIGHTED,12;13,MOTOR VEHICLE IN TRANSPORT;MOTOR VEHICLE IN TRANSPORT-OTHER ROADWAY,9TH AVN & CHURCH ST,NASHVILLE,TN,37203,4121,CENTRA,36.1613,-86.7845,POINT (-86.7845 36.1613)
20190768038,10/20/2019 11:25:00 AM,2,0,0,,N,320588,5,SIDESWIPE - SAME DIRECTION,21,CLEAR,1,DAYLIGHT,12,MOTOR VEHICLE IN TRANSPORT,I 40 & UNKNOWN RAMP,NASHVILLE,TN,37210,9041,HERMIT,36.144,-86.7013,POINT (-86.7013 36.144)
20190678177,09/12/2019 08:25:00 AM,1,0,0,Y,Y,628640,0,NOT COLLISION W/MOTOR VEHICLE-TRANSPORT,21,CLEAR,1,DAYLIGHT,18,OTHER OBJECT (NOT FIXED),NATCHEZ CT & US HWY 31 ALT,NASHVILLE,TN,37211,8435,SOUTH,36.0934,-86.7362,POINT (-86.7362 36.0934)
20190790599,10/30/2019 05:10:00 AM,2,0,0,,Y,279198,5,SIDESWIPE - SAME DIRECTION,2,RAIN,3,DARK - LIGHTED,12,MOTOR VEHICLE IN TRANSPORT,MM 48 7 I 24,NASHVILLE,TN,37213,1104,CENTRA,36.1696,-86.7668,POINT (-86.7668 36.1696)
20190778958,10/25/2019 12:00:00 AM,2,1,0,,N,311341,4,ANGLE,21,CLEAR,3,DARK - LIGHTED,12,MOTOR VEHICLE IN TRANSPORT,HIGHWAY 70S & SAWYER BROWN RD,NASHVILLE,TN,37221,4815,WEST,36.0769,-86.9452,POINT (-86.9452 36.0769)
20190819131,11/11/2019 12:50:00 PM,2,0,0,,N,620061,11,Front to Rear,2,RAIN,1,DAYLIGHT,12,MOTOR VEHICLE IN TRANSPORT,S HILLVIEW DR & OLD HICKORY BLVD,NASHVILLE,TN,37220,7111,MIDTOW,36.0377,-86.791,POINT (-86.791 36.0377)
20190892495,12/12/2019 07:16:00 PM,2,0,0,,Y,330415,11,Front to Rear,21,CLEAR,3,DARK - LIGHTED,12,MOTOR VEHICLE IN TRANSPORT,0 I 40,NASHVILLE,TN,37210,9002,HERMIT,36.1532,-86.7556,POINT (-86.7556 36.1532)
20190783182,10/27/2019 03:20:00 AM,2,1,0,,N,352215,11,Front to Rear,2,RAIN,3,DARK - LIGHTED,12,MOTOR VEHICLE IN TRANSPORT,US HWY 41 & THOMPSON LN,NASHVILLE,TN,37217,8879,SOUTH,36.1267,-86.7112,POINT (-86.7112 36.1267)
20190623795,08/21/2019 07:20:00 AM,2,0,0,,N,876581,4,ANGLE,21,CLEAR,1,DAYLIGHT,12,MOTOR VEHICLE IN TRANSPORT,RONNIE RD & DIANE DR,MADISON,TN,37115,1765,MADISO,36.2673,-86.7262,POINT (-86.7262 36.2673)
20190903249,12/17/2019 05:20:00 PM,2,0,0,,N,352207,4,ANGLE,21,CLEAR,3,DARK - LIGHTED,12,MOTOR VEHICLE IN TRANSPORT,NOLENSVILLE PKE & HARDING PL,NASHVILLE,TN,37211,8445,SOUTH,36.0809,-86.7267,POINT (-86.7267 36.0809)
20190582347,08/05/2019 07:09:00 PM,2,0,0,,N,298877,5,SIDESWIPE - SAME DIRECTION,21,CLEAR,1,DAYLIGHT,12,MOTOR VEHICLE IN TRANSPORT,MM 55 4 I 24,NASHVILLE,TN,37211,8812,SOUTH,36.0901,-86.7031,POINT (-86.7031 36.0901)
20190766808,10/19/2019 07:29:00 PM,2,2,0,,N,197068,11,Front to Rear,22,CLOUDY,3,DARK - LIGHTED,12,MOTOR VEHICLE IN TRANSPORT,JAMES ROBERTSON PKWY & GAY ST,NASHVILLE,TN,37219,4203,CENTRA,36.192,-86.7173,POINT (-86.7173 36.192)
20190582517,08/05/2019 08:36:00 PM,2,3,0,,N,151132,4,ANGLE,21,CLEAR,3,DARK - LIGHTED,12,MOTOR VEHICLE IN TRANSPORT,DICKERSON PKE & BELL GRIMES LN,MADISON,TN,37115,2039,MADISO,36.2686,-86.756,POINT (-86.756 36.2686)
20190923380,12/27/2019 09:00:00 AM,2,3,0,,N,384418,11,Front to Rear,22,CLOUDY,1,DAYLIGHT,12,MOTOR VEHICLE IN TRANSPORT,US HWY 70 & CHURCH ST,NASHVILLE,TN,37203,4153,CENTRA,36.1584,-86.7906,POINT (-86.7906 36.1584)
20190780517,10/25/2019 05:09:00 PM,3,1,0,,N,279225,4,ANGLE,2,RAIN,1,DAYLIGHT,12;13,MOTOR VEHICLE IN TRANSPORT;MOTOR VEHICLE IN TRANSPORT-OTHER ROADWAY,EDGE O LAKE DR & SAILBOAT DR,NASHVILLE,TN,37217,8939,HERMIT,36.0801,-86.6334,POINT (-86.6334 36.0801)
20190835111,11/18/2019 08:30:00 AM,2,0,0,,Y,402660,11,Front to Rear,21,CLEAR,1,DAYLIGHT,12,MOTOR VEHICLE IN TRANSPORT,I40 W ENT RAMP & I 40,NASHVILLE,TN,37210,9007,HERMIT,36.1484,-86.7454,POINT (-86.7454 36.1484)
20190735990,10/06/2019 05:49:00 PM,1,1,0,,N,320599,0,NOT COLLISION W/MOTOR VEHICLE-TRANSPORT,2,RAIN,5,DUSK,30;63,UTILITY POLE;Ran Off Road-Right,OLD SMITH SPRINGS RD & ANDERSON RD,NASHVILLE,TN,37217,8985,HERMIT,36.0892,-86.6068,POINT (-86.6068 36.0892)
20190741292,10/09/2019 02:48:00 AM,1,1,0,,N,352189,0,NOT COLLISION W/MOTOR VEHICLE-TRANSPORT,21,CLEAR,2,DARK - NOT LIGHTED,36;64,CONCRETE TRAFFIC BARRIER;Ran Off Road-Left,CHARLOTTE AV & 38TH AVN,NASHVILLE,TN,37209,5237,WEST,36.1527,-86.8296,POINT (-86.8296 36.1527)
20190856097,11/26/2019 11:15:00 PM,1,1,0,,N,332298,0,NOT COLLISION W/MOTOR VEHICLE-TRANSPORT,2,RAIN,2,DARK - NOT LIGHTED,1,,MM 75 0 I 65,BRENTWOOD,TN,37027,86040,MIDTOW,36.0442,-86.7806,POINT (-86.7806 36.0442)
20190923774,12/27/2019 12:10:00 PM,2,0,0,,N,799013,4,ANGLE,21,CLEAR,1,DAYLIGHT,12,MOTOR VEHICLE IN TRANSPORT,MCGAVOCK PKE & OPRY MILLS DR,NASHVILLE,TN,37214,9209,HERMIT,36.2176,-86.7031,POINT (-86.7031 36.2176)
20190616933,08/18/2019 10:35:00 PM,1,1,0,,N,279197,0,NOT COLLISION W/MOTOR VEHICLE-TRANSPORT,21,CLEAR,3,DARK - LIGHTED,1,,MM 49 6 I 24,NASHVILLE,TN,37210,4008,CENTRA,36.1571,-86.7604,POINT (-86.7604 36.1571)
20190585379,08/06/2019 08:44:00 PM,2,0,0,,N,151132,11,Front to Rear,2,RAIN,3,DARK - LIGHTED,12,MOTOR VEHICLE IN TRANSPORT,NEELYS BEND RD & GALLATIN PKES,MADISON,TN,37115,1783,MADISO,36.2562,-86.7144,POINT (-86.7144 36.2562)
20190721494,09/30/2019 02:45:00 PM,2,0,0,,N,384442,6,SIDESWIPE - OPPOSITE DIRECTION,21,CLEAR,1,DAYLIGHT,12,MOTOR VEHICLE IN TRANSPORT,JUAREZ DR & LEBANON PKE,HERMITAGE,TN,37076,9531,HERMIT,36.1817,-86.6721,POINT (-86.6721 36.1817)
20190666693,09/07/2019 11:33:00 AM,1,1,0,,N,462474,0,NOT COLLISION W/MOTOR VEHICLE-TRANSPORT,21,CLEAR,1,DAYLIGHT,1,,OLD HICKORY BLVD & BARRINGTON PLACE DR,BRENTWOOD,TN,37027,8621,MIDTOW,36.0397,-86.7565,POINT (-86.7565 36.0397)
20190778252,10/24/2019 05:11:00 PM,2,0,0,,Y,299267,11,Front to Rear,21,CLEAR,3,DARK - LIGHTED,12,MOTOR VEHICLE IN TRANSPORT,I40 E EXT RAMP & I 40,NASHVILLE,TN,37214,8955,HERMIT,36.155,-86.6271,POINT (-86.6271 36.155)
20190701557,09/21/2019 11:25:00 PM,2,3,0,,N,384421,4,ANGLE,21,CLEAR,3,DARK - LIGHTED,12,MOTOR VEHICLE IN TRANSPORT,BELL RD & MORRIS GENTRY BLVD,ANTIOCH,TN,37013,8865,SOUTH,36.0666,-86.6366,POINT (-86.6366 36.0666)
20190653302,09/01/2019 07:45:00 PM,1,0,0,Y,Y,320582,0,NOT COLLISION W/MOTOR VEHICLE-TRANSPORT,21,CLEAR,3,DARK - LIGHTED,18,OTHER OBJECT (NOT FIXED),N 9TH ST & SMILEY ST,NASHVILLE,TN,37206,1941,EAST,36.1794,-86.7581,POINT (-86.7581 36.1794)
20190698844,09/20/2019 02:42:00 PM,2,0,0,,N,384436,11,Front to Rear,21,CLEAR,1,DAYLIGHT,12,MOTOR VEHICLE IN TRANSPORT,MM 48 3 I 24,NASHVILLE,TN,37213,11080,CENTRA,36.1722,-86.7689,POINT (-86.7689 36.1722)
20190702319,09/22/2019 09:10:00 AM,2,0,0,,Y,473670,11,Front to Rear,21,CLEAR,1,DAYLIGHT,12,MOTOR VEHICLE IN TRANSPORT,SHELBY AV & S 7TH ST,NASHVILLE,TN,37206,1023,EAST,36.1693,-86.7578,POINT (-86.7578 36.1693)
20190631251,08/23/2019 07:51:00 PM,2,0,0,,Y,299264,5,SIDESWIPE - SAME DIRECTION,21,CLEAR,3,DARK - LIGHTED,12,MOTOR VEHICLE IN TRANSPORT,14TH AVS & BROADWAY,NASHVILLE,TN,37203,5701,MIDTOW,36.1557,-86.7897,POINT (-86.7897 36.1557)
20190910814,12/20/2019 05:00:00 PM,2,0,0,,N,279214,11,Front to Rear,21,CLEAR,3,DARK - LIGHTED,12,MOTOR VEHICLE IN TRANSPORT,MM 3 8 I 440,NASHVILLE,TN,37212,6502,MIDTOW,36.1163,-86.7919,POINT (-86.7919 36.1163)
20190868176,12/02/2019 08:30:00 PM,2,0,0,,Y,352193,98,OTHER,21,CLEAR,2,DARK - NOT LIGHTED,14,PARKED MOTOR VEHICLE,1 ELM HILL PKE,NASHVILLE,TN,37210,9041,HERMIT,36.1497,-86.6942,POINT (-86.6942 36.1497)
20190896265,12/14/2019 10:45:00 AM,2,0,0,Y,Y,311331,5,SIDESWIPE - SAME DIRECTION,22,CLOUDY,1,DAYLIGHT,12,MOTOR VEHICLE IN TRANSPORT,HILLHURST DR & SUNSET DR,NASHVILLE,TN,37207,1827,EAST,36.226,-86.7645,POINT (-86.7645 36.226)
20190809846,11/07/2019 06:30:00 AM,2,0,0,,Y,628640,4,ANGLE,2,RAIN,4,DAWN,12,MOTOR VEHICLE IN TRANSPORT,ELM HILL PKE & WRIGHT INDUSTRIES PVTDR,NASHVILLE,TN,37210,9017,HERMIT,36.144,-86.7187,POINT (-86.7187 36.144)
20190856972,11/27/2019 08:36:00 AM,2,4,0,,N,716886,4,ANGLE,21,CLEAR,1,DAYLIGHT,12,MOTOR VEHICLE IN TRANSPORT,2ND AVS & CAMERON ST,NASHVILLE,TN,37210,8153,SOUTH,36.1485,-86.7665,POINT (-86.7665 36.1485)
20190662955,09/05/2019 08:48:00 PM,2,2,0,,N,352172,11,Front to Rear,21,CLEAR,3,DARK - LIGHTED,12;2,MOTOR VEHICLE IN TRANSPORT,WHITE BRIDGE PKE & KNOB RD,NASHVILLE,TN,37209,5105,WEST,36.1384,-86.8576,POINT (-86.8576 36.1384)
20190589771,08/08/2019 09:13:00 AM,2,0,0,,Y,320575,11,Front to Rear,21,CLEAR,1,DAYLIGHT,12,MOTOR VEHICLE IN TRANSPORT,OLD EZELL RD & DONELSON PKE,NASHVILLE,TN,37217,8841,SOUTH,36.0984,-86.6773,POINT (-86.6773 36.0984)
20190878468,12/06/2019 07:16:00 PM,2,0,0,,N,384403,4,ANGLE,21,CLEAR,3,DARK - LIGHTED,12,MOTOR VEHICLE IN TRANSPORT,WHITE BRIDGE PKE & CHARLOTTE PKE,NASHVILLE,TN,37209,5033,WEST,36.1494,-86.8579,POINT (-86.8579 36.1494)
20190798449,11/02/2019 01:20:00 PM,2,1,0,,N,429188,11,Front to Rear,21,CLEAR,1,DAYLIGHT,12,MOTOR VEHICLE IN TRANSPORT,BELL RD & HICKORY HOLLOW MALL PVTDR PL,ANTIOCH,TN,37013,8863,SOUTH,36.0493,-86.6517,POINT (-86.6517 36.0493)
20190625537,08/21/2019 08:44:00 PM,2,0,0,,Y,151132,9,UNKNOWN,21,CLEAR,2,DARK - NOT LIGHTED,14,PARKED MOTOR VEHICLE,CONNARE DR & N GRAYCROFT AV,MADISON,TN,37115,1759,MADISO,36.2846,-86.7151,POINT (-86.7151 36.2846)
20190905781,12/18/2019 04:33:00 PM,2,0,0,,N,256392,5,SIDESWIPE - SAME DIRECTION,21,CLEAR,1,DAYLIGHT,12,MOTOR VEHICLE IN TRANSPORT,MM 85 4 I 65,NASHVILLE,TN,37208,43042,NORTH,36.1875,-86.7947,POINT (-86.7947 36.1875)
20190636625,08/26/2019 07:01:00 AM,2,0,0,,Y,134899,5,SIDESWIPE - SAME DIRECTION,2,RAIN,1,DAYLIGHT,12,MOTOR VEHICLE IN TRANSPORT,I 40 & I40 E ENT RAMP,NASHVILLE,TN,37217,8998,HERMIT,36.144,-86.6925,POINT (-86.6925 36.144)
20190828879,11/15/2019 09:50:00 AM,1,0,0,,N,544481,0,NOT COLLISION W/MOTOR VEHICLE-TRANSPORT,22,CLOUDY,1,DAYLIGHT,50,DEER (ANIMAL),ELLINGTON PKWYS & ELLINGTON PKWY S ENT R,NASHVILLE,TN,37207,1996,EAST,36.1828,-86.7615,POINT (-86.7615 36.1828)
20190803197,11/04/2019 04:25:00 PM,1,0,0,,N,717341,0,NOT COLLISION W/MOTOR VEHICLE-TRANSPORT,21,CLEAR,5,DUSK,50,DEER (ANIMAL),SMITH SPRINGS PKWY & HOBSON PKE,ANTIOCH,TN,37013,8977,SOUTH,36.0686,-86.5853,POINT (-86.5853 36.0686)
20190690945,09/17/2019 05:26:00 PM,2,0,0,,Y,256380,4,ANGLE,21,CLEAR,1,DAYLIGHT,12,MOTOR VEHICLE IN TRANSPORT,ED TEMPLE BLVD & JEFFERSON ST,NASHVILLE,TN,37208,4523,NORTH,36.1678,-86.8208,POINT (-86.8208 36.1678)
20190753783,10/14/2019 01:49:00 PM,2,1,0,,N,140808,4,ANGLE,21,CLEAR,1,DAYLIGHT,12,MOTOR VEHICLE IN TRANSPORT,OLD HICKORY BLVD & S HILLVIEW DR,NASHVILLE,TN,37220,7111,MIDTOW,36.0375,-86.791,POINT (-86.791 36.0375)
20190758735,10/16/2019 11:41:00 AM,2,1,0,,Y,876581,11,Front to Rear,21,CLEAR,1,DAYLIGHT,12,MOTOR VEHICLE IN TRANSPORT,GALLATIN PKEN & CUDE LN,MADISON,TN,37115,1731,MADISO,36.2998,-86.6965,POINT (-86.6965 36.2998)
20190905913,12/18/2019 05:54:00 PM,2,1,0,,Y,807326,11,Front to Rear,21,CLEAR,3,DARK - LIGHTED,12,MOTOR VEHICLE IN TRANSPORT,MM 210 0 I 40,NASHVILLE,TN,37203,40060,CENTRA,36.149,-86.7764,POINT (-86.7764 36.149)
20190779335,10/25/2019 06:45:00 AM,2,2,0,,N,716886,6,SIDESWIPE - OPPOSITE DIRECTION,21,CLEAR,1,DAYLIGHT,12,MOTOR VEHICLE IN TRANSPORT,REEVES RD & MCBRIDE RD,ANTIOCH,TN,37013,8893,SOUTH,36.0651,-86.6745,POINT (-86.6745 36.0651)
20190810340,11/07/2019 12:00:00 PM,3,0,0,,N,226405,4,ANGLE,2,RAIN,1,DAYLIGHT,12,MOTOR VEHICLE IN TRANSPORT,ACKLEN PARK DR & PARK DR,NASHVILLE,TN,37203,5629,MIDTOW,36.1413,-86.818,POINT (-86.818 36.1413)
20190785298,10/28/2019 06:50:00 AM,2,0,0,,Y,352167,11,Front to Rear,22,CLOUDY,4,DAWN,12,MOTOR VEHICLE IN TRANSPORT,I24 W ENT RAMP & I 24,NASHVILLE,TN,37206,1009,EAST,36.1666,-86.7638,POINT (-86.7638 36.1666)
20190707751,09/24/2019 04:16:00 PM,2,0,0,,N,311332,6,SIDESWIPE - OPPOSITE DIRECTION,21,CLEAR,1,DAYLIGHT,12,MOTOR VEHICLE IN TRANSPORT,INDIANA AV & 41ST AVN,NASHVILLE,TN,37209,4533,WEST,36.1569,-86.836,POINT (-86.836 36.1569)
20190880106,12/07/2019 05:25:00 PM,2,0,0,,N,330445,5,SIDESWIPE - SAME DIRECTION,21,CLEAR,3,DARK - LIGHTED,12,MOTOR VEHICLE IN TRANSPORT,WEST END AV & BOWLING AV,NASHVILLE,TN,37205,6005,WEST,36.1347,-86.8251,POINT (-86.8251 36.1347)
20190737703,10/07/2019 03:14:00 PM,2,0,0,,Y,330413,11,Front to Rear,22,CLOUDY,1,DAYLIGHT,12,MOTOR VEHICLE IN TRANSPORT,EDMONDSON PKE & WHISPERING HILLS DR,NASHVILLE,TN,37211,8661,MIDTOW,36.0729,-86.7325,POINT (-86.7325 36.0729)
20190717257,09/28/2019 11:45:00 AM,2,0,0,,N,224824,11,Front to Rear,21,CLEAR,1,DAYLIGHT,12,MOTOR VEHICLE IN TRANSPORT,OLD HICKORY BLVD & ANDREW JACKSON PKWY,HERMITAGE,TN,37076,9561,HERMIT,36.1836,-86.6107,POINT (-86.6107 36.1836)
20190853177,11/25/2019 06:40:00 PM,2,0,0,,N,352207,4,ANGLE,21,CLEAR,3,DARK - LIGHTED,12,MOTOR VEHICLE IN TRANSPORT,BRENTWOOD EAST DR & OLD HICKORY BLVD,NASHVILLE,TN,37211,8651,MIDTOW,36.0452,-86.7148,POINT (-86.7148 36.0452)
20190859671,11/28/2019 02:40:00 PM,2,0,0,,Y,240983,5,SIDESWIPE - SAME DIRECTION,21,CLEAR,1,DAYLIGHT,12,MOTOR VEHICLE IN TRANSPORT,BREWER DR & BYRNE DR,NASHVILLE,TN,37211,8715,SOUTH,36.053,-86.7111,POINT (-86.7111 36.053)
20190793283,10/31/2019 08:18:00 AM,3,0,0,,N,191578,11,Front to Rear,2,RAIN,1,DAYLIGHT,12,MOTOR VEHICLE IN TRANSPORT,LEBANON PKE & JACKSON DOWNS BLVD,NASHVILLE,TN,37214,9403,HERMIT,36.1854,-86.6362,POINT (-86.6362 36.1854)
20190829603,11/15/2019 12:00:00 AM,1,0,0,Y,Y,717341,0,NOT COLLISION W/MOTOR VEHICLE-TRANSPORT,99,UNKNOWN,9,UNKNOWN,42;43;63,TREE;OTHER FIXED OBJECTS;Ran Off Road-Right,GLENCLIFF RD & ANTIOCH PKE,NASHVILLE,TN,37211,8409,SOUTH,36.1024,-86.7212,POINT (-86.7212 36.1024)
20190806062,11/05/2019 07:13:00 PM,2,3,0,,Y,311344,4,ANGLE,21,CLEAR,2,DARK - NOT LIGHTED,12;31;42,"MOTOR VEHICLE IN TRANSPORT;OTHER POST, POLE, SUPP.;TREE",CHEYENNE BLVD & MANZANO RD,MADISON,TN,37115,1635,MADISO,36.2575,-86.6777,POINT (-86.6777 36.2575)
20190819465,11/11/2019 03:12:00 PM,2,0,0,,Y,256389,9,UNKNOWN,2,RAIN,1,DAYLIGHT,12,MOTOR VEHICLE IN TRANSPORT,200 22ND AVN,NASHVILLE,TN,37203,5603,MIDTOW,36.1525,-86.8039,POINT (-86.8039 36.1525)
20190924874,12/28/2019 12:00:00 AM,1,0,0,,Y,299248,0,NOT COLLISION W/MOTOR VEHICLE-TRANSPORT,5,FOG,3,DARK - LIGHTED,24,GUARDRAIL FACE,PLUS PARK BLVD & GIANT OAK DR,NASHVILLE,TN,37217,8801,SOUTH,36.1274,-86.725,POINT (-86.725 36.1274)
20190584873,08/06/2019 12:00:00 AM,2,0,0,,N,298861,5,SIDESWIPE - SAME DIRECTION,21,CLEAR,1,DAYLIGHT,12,MOTOR VEHICLE IN TRANSPORT,ELM HILL PKE & NELSON PL,NASHVILLE,TN,37214,9105,HERMIT,36.1493,-86.6678,POINT (-86.6678 36.1493)
20190606410,08/14/2019 03:40:00 PM,2,1,0,,Y,717341,11,Front to Rear,21,CLEAR,1,DAYLIGHT,12,MOTOR VEHICLE IN TRANSPORT,THOMPSON LN & BRILEY PKWYN,NASHVILLE,TN,37211,8423,SOUTH,36.1095,-86.7283,POINT (-86.7283 36.1095)
20190893503,12/13/2019 06:39:00 AM,2,0,0,,N,834798,11,Front to Rear,21,CLEAR,1,DAYLIGHT,12,MOTOR VEHICLE IN TRANSPORT,OLD HICKORY BLVD & I65 S EXT RAMP,NASHVILLE,TN,37220,7111,MIDTOW,36.0377,-86.7848,POINT (-86.7848 36.0377)