Accident Number,Date and Time,Number of Motor Vehicles,Number of Injuries,Number of Fatalities,Property Damage,Hit and Run,Reporting Officer,Collision Type Code,Collision Type Description,Weather Code,Weather Description,Illumination Code,Illumination Description,Harmful Code,Harmful Code Description,Street Address,City,State,ZIP,RPA,Precinct,Latitude,Longitude,Mapped Location
20190882944,12/09/2019 07:08:00 AM,2,2,0,,N,191578,11,Front to Rear,22,CLOUDY,1,DAYLIGHT,12,MOTOR VEHICLE IN TRANSPORT,MM 221 8 I 40,HERMITAGE,TN,37076,9502,HERMIT,36.1695,-86.5827,POINT (-86.5827 36.1695)
20190922096,12/26/2019 05:08:00 PM,3,1,0,,N,206676,2,HEAD-ON,21,CLEAR,3,DARK - LIGHTED,12,MOTOR VEHICLE IN TRANSPORT,GALLATIN PKES & MAPLE ST,MADISON,TN,37115,1607,MADISO,36.2617,-86.7124,POINT (-86.7124 36.2617)
20190928584,12/30/2019 02:00:00 AM,1,0,0,Y,N,298859,0,NOT COLLISION W/MOTOR VEHICLE-TRANSPORT,22,CLOUDY,3,DARK - LIGHTED,24,GUARDRAIL FACE,BELL RD & SMITH SPRINGS RD,NASHVILLE,TN,37217,8987,HERMIT,36.0904,-86.6264,POINT (-86.6264 36.0904)
20190705154,09/23/2019 04:30:00 PM,2,0,0,,Y,419972,11,Front to Rear,21,CLEAR,1,DAYLIGHT,12,MOTOR VEHICLE IN TRANSPORT,CLARKSVILLE PKE & ROSA L PARKS BLVD,NASHVILLE,TN,37228,4483,NORTH,36.1889,-86.8231,POINT (-86.8231 36.1889)
20190913080,12/21/2019 10:24:00 PM,2,0,0,,N,725774,0,NOT COLLISION W/MOTOR VEHICLE-TRANSPORT,21,CLEAR,3,DARK - LIGHTED,8,PEDESTRIAN,OPRY MILLS DR & SHELBY BOTTOMS GRNWY,NASHVILLE,TN,37214,9209,HERMIT,36.2013,-86.6941,POINT (-86.6941 36.2013)
20190850430,11/24/2019 02:00:00 PM,2,0,0,,N,433550,6,SIDESWIPE - OPPOSITE DIRECTION,21,CLEAR,1,DAYLIGHT,13,MOTOR VEHICLE IN TRANSPORT-OTHER ROADWAY,US HWY 70 & BONNASPRINGS DR,HERMITAGE,TN,37076,9531,HERMIT,36.1956,-86.6217,POINT (-86.6217 36.1956)
20190821226,11/12/2019 09:53:00 AM,1,1,0,,N,226586,9,UNKNOWN,21,CLEAR,1,DAYLIGHT,99,UNKNOWN MOST HARMFUL EVENT,S 1ST ST & WOODLAND ST,NASHVILLE,TN,37213,1101,CENTRA,36.1691,-86.7722,POINT (-86.7722 36.1691)
20190834852,11/18/2019 06:25:00 AM,1,0,0,,N,109531,0,NOT COLLISION W/MOTOR VEHICLE-TRANSPORT,21,CLEAR,1,DAYLIGHT,50,DEER (ANIMAL),MCGAVOCK PKE & HIDDEN TERRACE CT,NASHVILLE,TN,37216,1411,EAST,36.207,-86.7191,POINT (-86.7191 36.207)
20190764869,10/18/2019 04:09:00 PM,2,0,0,,Y,717341,4,ANGLE,21,CLEAR,1,DAYLIGHT,12,MOTOR VEHICLE IN TRANSPORT,TUSCULUM RD & COLERIDGE DR,NASHVILLE,TN,37211,8717,SOUTH,36.0548,-86.6942,POINT (-86.6942 36.0548)
20190671631,09/09/2019 08:25:00 PM,2,1,0,,N,240955,4,ANGLE,21,CLEAR,3,DARK - LIGHTED,12,MOTOR VEHICLE IN TRANSPORT,MURFREESBORO PKE & GLENGARRY DR,NASHVILLE,TN,37217,8823,HERMIT,36.1208,-86.7036,POINT (-86.7036 36.1208)
20190883761,12/09/2019 01:43:00 PM,2,0,0,,N,716886,5,SIDESWIPE - SAME DIRECTION,21,CLEAR,1,DAYLIGHT,12,MOTOR VEHICLE IN TRANSPORT,2ND AVS & OLD RADNOR CAR LINE,NASHVILLE,TN,37210,8139,SOUTH,36.1409,-86.7616,POINT (-86.7616 36.1409)
20190849907,11/24/2019 08:00:00 AM,2,0,0,,Y,352179,6,SIDESWIPE - OPPOSITE DIRECTION,21,CLEAR,1,DAYLIGHT,12,MOTOR VEHICLE IN TRANSPORT,WESTCHESTER DR & US HWY 31W,NASHVILLE,TN,37207,2043,MADISO,36.2633,-86.7582,POINT (-86.7582 36.2633)
20190585792,08/07/2019 12:33:00 AM,2,0,0,,Y,298879,11,Front to Rear,21,CLEAR,3,DARK - LIGHTED,14,PARKED MOTOR VEHICLE,COLEY DAVIS CT & COLEY DAVIS RD,NASHVILLE,TN,37221,4813,WEST,36.0809,-86.9539,POINT (-86.9539 36.0809)
20190748373,10/11/2019 12:00:00 AM,1,1,0,,Y,256495,0,NOT COLLISION W/MOTOR VEHICLE-TRANSPORT,2,RAIN,3,DARK - LIGHTED,8,PEDESTRIAN,DR DB TODD JR BLVD & JEFFERSON ST,NASHVILLE,TN,37208,5409,NORTH,36.1695,-86.8066,POINT (-86.8066 36.1695)
20190785348,10/28/2019 07:00:00 AM,2,0,0,,N,169421,5,SIDESWIPE - SAME DIRECTION,21,CLEAR,1,DAYLIGHT,12,MOTOR VEHICLE IN TRANSPORT,MM 207 1 I 40,NASHVILLE,TN,37208,54020,NORTH,36.1698,-86.8093,POINT (-86.8093 36.1698)
20190701045,09/21/2019 06:16:00 PM,2,0,0,,N,330444,5,SIDESWIPE - SAME DIRECTION,21,CLEAR,1,DAYLIGHT,12,MOTOR VEHICLE IN TRANSPORT,14TH AVE S & WEDGEWOOD AVE,NASHVILLE,TN,37212,6617,MIDTOW,36.1364,-86.7907,POINT (-86.7907 36.1364)
20190795493,11/01/2019 06:50:00 AM,3,0,0,,N,628640,11,Front to Rear,21,CLEAR,4,DAWN,12,MOTOR VEHICLE IN TRANSPORT,NOLENSVILLE PKE & COLLIER AV,NASHVILLE,TN,37211,8425,SOUTH,36.11,-86.7447,POINT (-86.7447 36.11)
20190775986,10/23/2019 05:50:00 PM,2,0,0,,N,226161,4,ANGLE,21,CLEAR,3,DARK - LIGHTED,12,MOTOR VEHICLE IN TRANSPORT,WHITE BRIDGE PKE & TARGET PVTDR,NASHVILLE,TN,37205,5019,WEST,36.1295,-86.8546,POINT (-86.8546 36.1295)
20190835450,11/18/2019 11:20:00 AM,2,0,0,,Y,414731,5,SIDESWIPE - SAME DIRECTION,21,CLEAR,1,DAYLIGHT,12,MOTOR VEHICLE IN TRANSPORT,US HWY 41 & HAMILTON CHURCH RD,ANTIOCH,TN,37013,8865,SOUTH,36.0648,-86.6285,POINT (-86.6285 36.0648)
20190739254,10/08/2019 07:04:00 AM,2,0,0,,N,191578,11,Front to Rear,22,CLOUDY,1,DAYLIGHT,12,MOTOR VEHICLE IN TRANSPORT,BRILEY PKWYN & CORPORATE DR,NASHVILLE,TN,37217,8998,HERMIT,36.1343,-86.6974,POINT (-86.6974 36.1343)
20190603714,08/13/2019 04:03:00 PM,2,0,0,,N,267831,11,Front to Rear,21,CLEAR,1,DAYLIGHT,12,MOTOR VEHICLE IN TRANSPORT,HIGHWAY 70S & BELLEVUE RD,NASHVILLE,TN,37221,4811,WEST,36.0755,-86.9404,POINT (-86.9404 36.0755)
20190908518,12/19/2019 05:49:00 PM,3,2,0,,N,256446,11,Front to Rear,21,CLEAR,3,DARK - LIGHTED,12,MOTOR VEHICLE IN TRANSPORT,BELL RD & CAMBRIDGE APTS PVTDR,ANTIOCH,TN,37013,8865,SOUTH,36.0592,-86.6413,POINT (-86.6413 36.0592)
20190773383,10/22/2019 04:24:00 PM,2,0,0,,N,197068,4,ANGLE,21,CLEAR,1,DAYLIGHT,12,MOTOR VEHICLE IN TRANSPORT,JAMES ROBERTSON PKWY & PUBLIC SQ,NASHVILLE,TN,37201,4163,CENTRA,36.1677,-86.7784,POINT (-86.7784 36.1677)
20190893993,12/13/2019 10:21:00 AM,2,1,0,,N,665896,4,ANGLE,22,CLOUDY,1,DAYLIGHT,12,MOTOR VEHICLE IN TRANSPORT,DICKERSON PKE & GRIZZARD AV,NASHVILLE,TN,37207,1833,EAST,36.2082,-86.7674,POINT (-86.7674 36.2082)
20190672671,09/10/2019 07:57:00 AM,1,1,0,,N,109534,0,NOT COLLISION W/MOTOR VEHICLE-TRANSPORT,21,CLEAR,1,DAYLIGHT,25;63,GUARDRAIL END;Ran Off Road-Right,CENTRAL PKE & HERMITAGE INDUSTRIAL DR,HERMITAGE,TN,37076,9503,HERMIT,36.184,-86.6246,POINT (-86.6246 36.184)
20190590127,08/08/2019 12:26:00 PM,2,0,0,,N,414731,5,SIDESWIPE - SAME DIRECTION,21,CLEAR,1,DAYLIGHT,12,MOTOR VEHICLE IN TRANSPORT,NOLENSVILLE PKE & WELSHWOOD DR,NASHVILLE,TN,37211,8445,SOUTH,36.0824,-86.7272,POINT (-86.7272 36.0824)
20190583741,08/06/2019 08:04:00 AM,2,0,0,,Y,109534,11,Front to Rear,21,CLEAR,1,DAYLIGHT,12;99,MOTOR VEHICLE IN TRANSPORT;UNKNOWN MOST HARMFUL EVENT,BELL RD & MURFREESBORO PKE,ANTIOCH,TN,37013,8979,SOUTH,36.0729,-86.6357,POINT (-86.6357 36.0729)
20190908475,12/19/2019 05:34:00 PM,2,0,0,,N,256389,4,ANGLE,21,CLEAR,3,DARK - LIGHTED,12,MOTOR VEHICLE IN TRANSPORT,MELROSE AV & EUGENIA AV,NASHVILLE,TN,37204,8305,MIDTOW,36.1189,-86.7559,POINT (-86.7559 36.1189)
20190835292,11/18/2019 10:10:00 AM,2,1,0,,N,320601,5,SIDESWIPE - SAME DIRECTION,21,CLEAR,1,DAYLIGHT,12,MOTOR VEHICLE IN TRANSPORT,MM 60 7 I 24,ANTIOCH,TN,37013,88060,SOUTH,36.0337,-86.6419,POINT (-86.6419 36.0337)
20190730935,10/04/2019 08:17:00 AM,3,0,0,,N,716886,11,Front to Rear,21,CLEAR,1,DAYLIGHT,12,MOTOR VEHICLE IN TRANSPORT,OLD HICKORY BLVD & BURKITT RD,ANTIOCH,TN,37013,8771,SOUTH,36.0051,-86.6218,POINT (-86.6218 36.0051)
20190713690,09/26/2019 12:00:00 AM,1,0,0,Y,N,191572,0,NOT COLLISION W/MOTOR VEHICLE-TRANSPORT,21,CLEAR,3,DARK - LIGHTED,1;30,UTILITY POLE,KIRKWOOD AV & FRANKLIN PKE,NASHVILLE,TN,37204,6957,MIDTOW,36.1211,-86.7772,POINT (-86.7772 36.1211)
20190892519,12/12/2019 06:38:00 PM,3,0,0,,N,256389,4,ANGLE,21,CLEAR,3,DARK - LIGHTED,12,MOTOR VEHICLE IN TRANSPORT,HARDING PL & BELMONT PARK TER,NASHVILLE,TN,37215,6401,MIDTOW,36.0895,-86.8048,POINT (-86.8048 36.0895)
20190838068,11/19/2019 11:33:00 AM,2,0,0,,N,226622,3,REAR-TO-REAR,21,CLEAR,1,DAYLIGHT,12,MOTOR VEHICLE IN TRANSPORT,BEAR RD & VALLEY BROOK RD,NASHVILLE,TN,37215,6105,WEST,36.1115,-86.819,POINT (-86.819 36.1115)
20190799409,11/03/2019 12:21:00 AM,1,0,0,,N,298879,0,NOT COLLISION W/MOTOR VEHICLE-TRANSPORT,21,CLEAR,2,DARK - NOT LIGHTED,1,,MM 200 5 I 40,NASHVILLE,TN,37209,4708,WEST,36.1249,-86.9066,POINT (-86.9066 36.1249)
20190824508,11/13/2019 02:42:00 PM,2,1,0,,N,256383,4,ANGLE,21,CLEAR,1,DAYLIGHT,12,MOTOR VEHICLE IN TRANSPORT,NOLENSVILLE PKE & SUGAR VALLEY DR,ANTIOCH,TN,37013,8759,SOUTH,36.016,-86.7061,POINT (-86.7061 36.016)
20190750921,10/13/2019 05:00:00 AM,1,1,0,,N,481573,0,NOT COLLISION W/MOTOR VEHICLE-TRANSPORT,21,CLEAR,3,DARK - LIGHTED,42;71,TREE;EMBANKMENT EARTH,FRANKLIN PKE & HAZELWOOD CIR,NASHVILLE,TN,37220,7101,MIDTOW,36.0838,-86.7723,POINT (-86.7723 36.0838)
20190819716,11/11/2019 06:40:00 PM,1,0,0,,N,352161,0,NOT COLLISION W/MOTOR VEHICLE-TRANSPORT,2,RAIN,3,DARK - LIGHTED,24,GUARDRAIL FACE,MM 86 5 I 65,NASHVILLE,TN,37207,3006,NORTH,36.1946,-86.7762,POINT (-86.7762 36.1946)
20190860869,11/29/2019 09:08:00 AM,2,1,0,,N,320592,4,ANGLE,22,CLOUDY,1,DAYLIGHT,12,MOTOR VEHICLE IN TRANSPORT,MM 212 8 I 40,NASHVILLE,TN,37210,90040,HERMIT,36.1425,-86.7353,POINT (-86.7353 36.1425)
20190654781,09/02/2019 12:45:00 PM,2,0,0,,N,223502,4,ANGLE,21,CLEAR,1,DAYLIGHT,12,MOTOR VEHICLE IN TRANSPORT,LEWIS ST & HUBBARD ST,NASHVILLE,TN,37210,8145,SOUTH,36.1464,-86.7591,POINT (-86.7591 36.1464)
20190684768,09/14/2019 10:54:00 PM,2,2,0,,N,197060,11,Front to Rear,21,CLEAR,2,DARK - NOT LIGHTED,12,MOTOR VEHICLE IN TRANSPORT,1000 I65 N EXT RAMP,GOODLETTSVILLE,TN,37072,1753,MADISO,36.3077,-86.7042,POINT (-86.7042 36.3077)
20190639140,08/27/2019 08:08:00 AM,2,0,0,,N,311804,4,ANGLE,22,CLOUDY,1,DAYLIGHT,12,MOTOR VEHICLE IN TRANSPORT,5TH AVS & BROADWAY,NASHVILLE,TN,37203,4089,CENTRA,36.1605,-86.7784,POINT (-86.7784 36.1605)
20190618016,08/19/2019 08:43:00 AM,2,0,0,,N,278580,11,Front to Rear,21,CLEAR,1,DAYLIGHT,12,MOTOR VEHICLE IN TRANSPORT,MM 207 3 I 40,NASHVILLE,TN,37208,54021,NORTH,36.1703,-86.8056,POINT (-86.8056 36.1703)
20190776974,10/24/2019 07:15:00 AM,2,0,0,,N,384416,11,Front to Rear,21,CLEAR,1,DAYLIGHT,12,MOTOR VEHICLE IN TRANSPORT,EXIT 49 & I 24,NASHVILLE,TN,37213,1007,CENTRA,36.1661,-86.7657,POINT (-86.7657 36.1661)
20190814725,11/09/2019 09:05:00 AM,2,0,0,,N,226600,4,ANGLE,21,CLEAR,1,DAYLIGHT,12,MOTOR VEHICLE IN TRANSPORT,HILLSBORO PKE & GRAYBAR LN,NASHVILLE,TN,37215,6105,WEST,36.1112,-86.8113,POINT (-86.8113 36.1112)
20190700436,09/21/2019 10:30:00 AM,2,0,0,,N,212318,4,ANGLE,21,CLEAR,1,DAYLIGHT,12,MOTOR VEHICLE IN TRANSPORT,HICKORYVIEW DR & US HWY 31 ALT,NASHVILLE,TN,37211,8655,MIDTOW,36.0488,-86.7137,POINT (-86.7137 36.0488)
20190674943,09/11/2019 12:00:00 AM,1,0,0,,N,298866,0,NOT COLLISION W/MOTOR VEHICLE-TRANSPORT,21,CLEAR,3,DARK - LIGHTED,30,UTILITY POLE,37TH AVN & NEBRASKA AV,NASHVILLE,TN,37209,5215,WEST,36.1423,-86.8289,POINT (-86.8289 36.1423)
20190627191,08/22/2019 10:56:00 AM,2,0,0,,N,419952,4,ANGLE,21,CLEAR,1,DAYLIGHT,55,Motor Vehicle-In-Motion Outside Trafficw,HIGHWAY 70S & COLEY DAVIS RD,NASHVILLE,TN,37221,4811,WEST,36.0796,-86.9536,POINT (-86.9536 36.0796)
20190688395,09/16/2019 05:40:00 PM,2,0,0,,N,384411,11,Front to Rear,21,CLEAR,1,DAYLIGHT,12,MOTOR VEHICLE IN TRANSPORT,STEWARTS FERRY PKE & BELL RD,NASHVILLE,TN,37214,8959,HERMIT,36.1522,-86.6251,POINT (-86.6251 36.1522)
20190750481,10/13/2019 12:00:00 AM,2,1,0,Y,Y,320591,4,ANGLE,21,CLEAR,3,DARK - LIGHTED,12,MOTOR VEHICLE IN TRANSPORT,CEDARMONT DR & CEDARVALLEY DR,ANTIOCH,TN,37013,8757,SOUTH,36.0432,-86.7032,POINT (-86.7032 36.0432)
20190687278,09/16/2019 08:10:00 AM,2,0,0,,N,716886,11,Front to Rear,21,CLEAR,1,DAYLIGHT,12,MOTOR VEHICLE IN TRANSPORT,4TH AVS & CHESTNUT ST,NASHVILLE,TN,37210,8169,SOUTH,36.1449,-86.7667,POINT (-86.7667 36.1449)
20190679078,09/12/2019 03:49:00 PM,2,0,0,,N,140804,4,ANGLE,21,CLEAR,1,DAYLIGHT,12,MOTOR VEHICLE IN TRANSPORT,S 10TH ST & SHELBY AVE,NASHVILLE,TN,37206,1031,EAST,36.1713,-86.7523,POINT (-86.7523 36.1713)
20190768555,10/20/2019 05:41:00 PM,2,3,0,,N,352161,4,ANGLE,21,CLEAR,3,DARK - LIGHTED,12,MOTOR VEHICLE IN TRANSPORT,28TH AVE N & TORBETT ST,NASHVILLE,TN,37209,5343,NORTH,36.1575,-86.8186,POINT (-86.8186 36.1575)
20190766872,10/19/2019 08:20:00 PM,2,1,0,,N,579971,6,SIDESWIPE - OPPOSITE DIRECTION,21,CLEAR,3,DARK - LIGHTED,12,MOTOR VEHICLE IN TRANSPORT,FRANKLIN LIMESTONE RD & MULLINS RD,ANTIOCH,TN,37013,8899,SOUTH,36.0813,-86.679,POINT (-86.679 36.0813)
20190657687,09/03/2019 05:44:00 PM,2,0,0,,N,197054,5,SIDESWIPE - SAME DIRECTION,21,CLEAR,1,DAYLIGHT,12,MOTOR VEHICLE IN TRANSPORT,MURFREESBORO PKE & VULTEE BLVD,NASHVILLE,TN,37217,8823,HERMIT,36.1239,-86.7074,POINT (-86.7074 36.1239)
20190737273,10/07/2019 10:09:00 AM,2,0,0,,Y,352192,5,SIDESWIPE - SAME DIRECTION,21,CLEAR,1,DAYLIGHT,12,MOTOR VEHICLE IN TRANSPORT,CHARLOTTE PKE & RIVER RD,NASHVILLE,TN,37209,4701,WEST,36.1287,-86.9065,POINT (-86.9065 36.1287)
20190857396,11/27/2019 11:40:00 AM,2,0,0,,N,402660,6,SIDESWIPE - OPPOSITE DIRECTION,21,CLEAR,1,DAYLIGHT,12,MOTOR VEHICLE IN TRANSPORT,POST PL & LIONS HEAD VILLAGE PVTDR,NASHVILLE,TN,37209,5107,WEST,36.1284,-86.8518,POINT (-86.8518 36.1284)
20190716289,09/27/2019 11:20:00 PM,3,0,0,,N,384419,11,Front to Rear,21,CLEAR,3,DARK - LIGHTED,12,MOTOR VEHICLE IN TRANSPORT,I40 W EXT RAMP & I 40,NASHVILLE,TN,37203,4119,CENTRA,36.1574,-86.79,POINT (-86.79 36.1574)
20190704038,09/23/2019 07:33:00 AM,2,1,0,,N,240952,11,Front to Rear,22,CLOUDY,4,DAWN,14,PARKED MOTOR VEHICLE,GROVEDALE TRC & PIN HOOK RD,ANTIOCH,TN,37013,8927,SOUTH,36.0502,-86.606,POINT (-86.606 36.0502)
20190598614,08/11/2019 07:20:00 PM,1,0,0,,N,320577,0,NOT COLLISION W/MOTOR VEHICLE-TRANSPORT,21,CLEAR,1,DAYLIGHT,16,THROWN OR FALLING OBJECT,MM 78 6 I 65,NASHVILLE,TN,37204,7002,MIDTOW,36.0936,-86.7628,POINT (-86.7628 36.0936)
20190810027,11/07/2019 09:07:00 AM,2,0,0,,N,462474,11,Front to Rear,2,RAIN,1,DAYLIGHT,12,MOTOR VEHICLE IN TRANSPORT,MM 76 8 I 65,NASHVILLE,TN,37220,86042,MIDTOW,36.0684,-86.7703,POINT (-86.7703 36.0684)
20190932125,12/31/2019 03:29:00 PM,2,0,0,,Y,256379,2,HEAD-ON,21,CLEAR,1,DAYLIGHT,12,MOTOR VEHICLE IN TRANSPORT,EAST THOMPSON LN & GLENROSE AV,NASHVILLE,TN,37211,8809,SOUTH,36.1155,-86.7194,POINT (-86.7194 36.1155)
20190705421,09/23/2019 06:50:00 PM,2,0,0,,N,151132,11,Front to Rear,22,CLOUDY,5,DUSK,12,MOTOR VEHICLE IN TRANSPORT,OLD HICKORY BLVD & DALEMERE DR,NASHVILLE,TN,37207,2025,MADISO,36.2783,-86.7722,POINT (-86.7722 36.2783)
20190686098,09/15/2019 04:45:00 PM,2,0,0,,N,352161,5,SIDESWIPE - SAME DIRECTION,21,CLEAR,1,DAYLIGHT,12,MOTOR VEHICLE IN TRANSPORT,MM 210 5 I 40,NASHVILLE,TN,37210,8202,HERMIT,36.1522,-86.7669,POINT (-86.7669 36.1522)
20190782064,10/26/2019 12:41:00 PM,2,0,0,,N,352198,5,SIDESWIPE - SAME DIRECTION,22,CLOUDY,1,DAYLIGHT,12,MOTOR VEHICLE IN TRANSPORT,US HWY 31E & LIBERTY LN,MADISON,TN,37115,1731,MADISO,36.3047,-86.689,POINT (-86.689 36.3047)
20190833918,11/17/2019 07:57:00 PM,2,0,0,,N,524985,0,NOT COLLISION W/MOTOR VEHICLE-TRANSPORT,21,CLEAR,3,DARK - LIGHTED,18,OTHER OBJECT (NOT FIXED),MM 87 6 I 65,NASHVILLE,TN,37207,1804,EAST,36.2107,-86.7758,POINT (-86.7758 36.2107)
20190802071,11/04/2019 08:06:00 AM,2,0,0,,N,109527,5,SIDESWIPE - SAME DIRECTION,21,CLEAR,1,DAYLIGHT,12,MOTOR VEHICLE IN TRANSPORT,BRILEY PKWYS & BRILEY PKWY S EXT RAMP,NASHVILLE,TN,37210,9098,HERMIT,36.148,-86.6929,POINT (-86.6929 36.148)
20190851309,11/25/2019 01:38:00 AM,2,0,0,,Y,311336,5,SIDESWIPE - SAME DIRECTION,21,CLEAR,3,DARK - LIGHTED,14,PARKED MOTOR VEHICLE,W EASTLAND AV & MCFERRIN AV,NASHVILLE,TN,37206,1937,EAST,36.1843,-86.7545,POINT (-86.7545 36.1843)
20190907822,12/19/2019 12:02:00 PM,3,0,0,,N,224955,11,Front to Rear,21,CLEAR,1,DAYLIGHT,12,MOTOR VEHICLE IN TRANSPORT,CONFERENCE DR & GALLATIN PKEN,GOODLETTSVILLE,TN,37072,1751,MADISO,36.3028,-86.6919,POINT (-86.6919 36.3028)
20190737415,10/07/2019 12:00:00 AM,1,0,0,,Y,279122,0,NOT COLLISION W/MOTOR VEHICLE-TRANSPORT,99,UNKNOWN,9,UNKNOWN,24;34;41;42,GUARDRAIL FACE;DITCH;SHRUBBERY;TREE,MM 86 3 I 65,NASHVILLE,TN,37207,1910,CENTRA,36.1919,-86.7808,POINT (-86.7808 36.1919)
20190718224,09/28/2019 09:43:00 PM,2,0,0,,Y,352183,11,Front to Rear,21,CLEAR,3,DARK - LIGHTED,12,MOTOR VEHICLE IN TRANSPORT,US HWY 41 & EDGE O LAKE DR,NASHVILLE,TN,37217,8937,HERMIT,36.0795,-86.6446,POINT (-86.6446 36.0795)
20190770845,10/21/2019 06:30:00 PM,2,0,0,,N,320577,4,ANGLE,21,CLEAR,3,DARK - LIGHTED,12,MOTOR VEHICLE IN TRANSPORT,23RD AVN & MURPHY AV,NASHVILLE,TN,37203,5609,MIDTOW,36.1537,-86.8082,POINT (-86.8082 36.1537)
20190781437,10/26/2019 03:15:00 AM,2,0,0,,N,405424,11,Front to Rear,2,RAIN,2,DARK - NOT LIGHTED,12,MOTOR VEHICLE IN TRANSPORT,MM 217 4 I 40,NASHVILLE,TN,37214,9404,HERMIT,36.143,-86.6504,POINT (-86.6504 36.143)
20190753136,10/14/2019 08:16:00 AM,2,0,0,,N,544481,11,Front to Rear,21,CLEAR,1,DAYLIGHT,12,MOTOR VEHICLE IN TRANSPORT,EASTLAND AV & GALLATIN AV,NASHVILLE,TN,37206,1243,EAST,36.1838,-86.7484,POINT (-86.7484 36.1838)
20190745408,10/10/2019 06:00:00 PM,2,1,0,,N,225894,4,ANGLE,21,CLEAR,1,DAYLIGHT,12,MOTOR VEHICLE IN TRANSPORT,ROYAL PKWY & DONELSON PKE,NASHVILLE,TN,37214,9103,HERMIT,36.1463,-86.6689,POINT (-86.6689 36.1463)
20190700599,09/21/2019 01:21:00 PM,3,2,0,,N,620061,2,HEAD-ON,21,CLEAR,1,DAYLIGHT,12,MOTOR VEHICLE IN TRANSPORT,FRANKLIN PKE & I65 S EXT RAMP,NASHVILLE,TN,37220,7111,MIDTOW,36.042,-86.7835,POINT (-86.7835 36.042)
20190586563,08/07/2019 08:17:00 AM,2,0,0,,N,191578,11,Front to Rear,21,CLEAR,1,DAYLIGHT,12,MOTOR VEHICLE IN TRANSPORT,MM 52 4 I 24,NASHVILLE,TN,37210,82061,HERMIT,36.139,-86.727,POINT (-86.727 36.139)
20190728798,10/03/2019 11:18:00 AM,2,0,0,,Y,716886,11,Front to Rear,21,CLEAR,1,DAYLIGHT,12,MOTOR VEHICLE IN TRANSPORT,CAMERON ST & 2ND AVS,NASHVILLE,TN,37210,8153,SOUTH,36.1483,-86.767,POINT (-86.767 36.1483)
20190602695,08/13/2019 08:35:00 AM,3,1,0,,N,716886,11,Front to Rear,21,CLEAR,1,DAYLIGHT,12,MOTOR VEHICLE IN TRANSPORT,MM 59 0 I 24,ANTIOCH,TN,37013,8808,SOUTH,36.049,-86.6651,POINT (-86.6651 36.049)
20190737998,10/07/2019 06:34:00 PM,2,0,0,,N,298877,4,ANGLE,21,CLEAR,1,DAYLIGHT,12,MOTOR VEHICLE IN TRANSPORT,HARDING PL & ANTIOCH PKE,NASHVILLE,TN,37211,8843,SOUTH,36.0878,-86.6914,POINT (-86.6914 36.0878)
20190590509,08/08/2019 03:25:00 PM,2,0,0,,N,256380,11,Front to Rear,21,CLEAR,1,DAYLIGHT,12,MOTOR VEHICLE IN TRANSPORT,CLARKSVILLE PKE & BRILEY PKWYE,NASHVILLE,TN,37218,3219,NORTH,36.2356,-86.8313,POINT (-86.8313 36.2356)
20190667570,09/07/2019 09:33:00 PM,2,1,0,,N,330444,11,Front to Rear,21,CLEAR,3,DARK - LIGHTED,12,MOTOR VEHICLE IN TRANSPORT,US HWY 431 & 20TH AVE S,NASHVILLE,TN,37203,5711,MIDTOW,36.15,-86.7976,POINT (-86.7976 36.15)
20190921778,12/26/2019 02:26:00 PM,2,1,0,,N,226168,11,Front to Rear,22,CLOUDY,1,DAYLIGHT,12,MOTOR VEHICLE IN TRANSPORT,STEWARTS FERRY PKE & I40 E EXT RAMP,NASHVILLE,TN,37214,8955,HERMIT,36.1549,-86.6269,POINT (-86.6269 36.1549)
20190877006,12/06/2019 07:35:00 AM,2,0,0,,N,191578,11,Front to Rear,22,CLOUDY,1,DAYLIGHT,12,MOTOR VEHICLE IN TRANSPORT,SMITH SPRINGS RD & MURFREESBORO PKE,NASHVILLE,TN,37217,8849,SOUTH,36.0964,-86.6561,POINT (-86.6561 36.0964)
20190798313,11/02/2019 11:55:00 AM,2,1,0,,Y,402660,4,ANGLE,21,CLEAR,1,DAYLIGHT,12,MOTOR VEHICLE IN TRANSPORT,WHITE BRIDGE PKE EXT RAMP & I40 W EXT RA,NASHVILLE,TN,37209,4698,WEST,36.153,-86.8578,POINT (-86.8578 36.153)
20190894389,12/13/2019 01:00:00 PM,2,1,0,,N,352179,11,Front to Rear,22,CLOUDY,1,DAYLIGHT,12,MOTOR VEHICLE IN TRANSPORT,CONFERENCE DR & CONNECTING ROAD,GOODLETTSVILLE,TN,37072,1751,MADISO,36.3059,-86.6939,POINT (-86.6939 36.3059)
20190672221,09/10/2019 02:58:00 AM,2,0,0,,N,279198,11,Front to Rear,21,CLEAR,3,DARK - LIGHTED,12,MOTOR VEHICLE IN TRANSPORT,MM 48 8 I 24,NASHVILLE,TN,37213,1104,CENTRA,36.1682,-86.7659,POINT (-86.7659 36.1682)
20190698740,09/20/2019 04:02:00 PM,2,1,0,,N,320599,11,Front to Rear,21,CLEAR,1,DAYLIGHT,12,MOTOR VEHICLE IN TRANSPORT,LEBANON PKE & ANDREW JACKSON PKWY,HERMITAGE,TN,37076,9537,HERMIT,36.2151,-86.5962,POINT (-86.5962 36.2151)