Accident Number,Date and Time,Number of Motor Vehicles,Number of Injuries,Number of Fatalities,Property Damage,Hit and Run,Reporting Officer,Collision Type Code,Collision Type Description,Weather Code,Weather Description,Illumination Code,Illumination Description,Harmful Code,Harmful Code Description,Street Address,City,State,ZIP,RPA,Precinct,Latitude,Longitude,Mapped Location
20190780006,10/25/2019 12:41:00 PM,2,0,0,,N,544481,11,Front to Rear,2,RAIN,1,DAYLIGHT,12,MOTOR VEHICLE IN TRANSPORT,JAMES ROBERTSON PKWY ENT RAMP & MAIN ST,NASHVILLE,TN,37207,1995,EAST,36.1734,-86.7673,POINT (-86.7673 36.1734)
20190582007,08/05/2019 04:18:00 PM,2,1,0,,N,256426,11,Front to Rear,21,CLEAR,1,DAYLIGHT,12,MOTOR VEHICLE IN TRANSPORT,ELM HILL PKE & SPENCE LN,NASHVILLE,TN,37210,9017,HERMIT,36.144,-86.7226,POINT (-86.7226 36.144)
20190766221,10/19/2019 12:12:00 PM,2,1,0,,N,320601,11,Front to Rear,22,CLOUDY,1,DAYLIGHT,1;12,MOTOR VEHICLE IN TRANSPORT,EXIT 59 & I 24,ANTIOCH,TN,37013,8721,SOUTH,36.0451,-86.6599,POINT (-86.6599 36.0451)
20190877949,12/06/2019 03:24:00 PM,2,0,0,,N,298858,11,Front to Rear,21,CLEAR,1,DAYLIGHT,12,MOTOR VEHICLE IN TRANSPORT,MM 208 0 I 40,NASHVILLE,TN,37208,54022,NORTH,36.1707,-86.7983,POINT (-86.7983 36.1707)
20190731823,10/04/2019 04:07:00 PM,2,0,0,,Y,240983,11,Front to Rear,21,CLEAR,1,DAYLIGHT,12,MOTOR VEHICLE IN TRANSPORT,BELL RD & CEDAR POINTE PKWY,ANTIOCH,TN,37013,8721,SOUTH,36.0447,-86.6639,POINT (-86.6639 36.0447)
20190683669,09/14/2019 09:42:00 AM,2,0,0,,N,279230,4,ANGLE,21,CLEAR,1,DAYLIGHT,12,MOTOR VEHICLE IN TRANSPORT,4765 APOLLO DR,ANTIOCH,TN,37013,8899,SOUTH,36.0713,-86.6677,POINT (-86.6677 36.0713)
20190692395,09/18/2019 06:53:00 AM,2,0,0,,N,226673,4,ANGLE,21,CLEAR,1,DAYLIGHT,12,MOTOR VEHICLE IN TRANSPORT,5TH AVN & CHURCH ST,NASHVILLE,TN,37219,4141,CENTRA,36.1634,-86.7803,POINT (-86.7803 36.1634)
20190790859,10/30/2019 07:43:00 AM,3,1,0,,N,226098,11,Front to Rear,2,RAIN,1,DAYLIGHT,12,MOTOR VEHICLE IN TRANSPORT,WHITES CREEK PKE & SYCAMORE CREEK RD,JOELTON,TN,37080,2321,NORTH,36.3819,-86.895,POINT (-86.895 36.3819)
20190815601,11/09/2019 06:59:00 PM,2,1,0,,Y,320599,11,Front to Rear,21,CLEAR,3,DARK - LIGHTED,12,MOTOR VEHICLE IN TRANSPORT,RANSOM PL & MURFREESBORO PKE,NASHVILLE,TN,37217,8853,SOUTH,36.0694,-86.6409,POINT (-86.6409 36.0694)
20190820028,11/11/2019 10:53:00 PM,1,0,0,Y,N,330433,0,NOT COLLISION W/MOTOR VEHICLE-TRANSPORT,4,SNOW,3,DARK - LIGHTED,30,UTILITY POLE,OLD HICKORY BLVDW & N MARTHONA RD,MADISON,TN,37115,1745,MADISO,36.2644,-86.7292,POINT (-86.7292 36.2644)
20190683768,09/14/2019 11:10:00 AM,2,2,0,,Y,224824,11,Front to Rear,21,CLEAR,1,DAYLIGHT,12,MOTOR VEHICLE IN TRANSPORT,LEBANON PKE & HICKORY HILL LN,HERMITAGE,TN,37076,9531,HERMIT,36.1889,-86.6283,POINT (-86.6283 36.1889)
20190860360,11/29/2019 01:10:00 AM,1,0,0,Y,N,109531,0,NOT COLLISION W/MOTOR VEHICLE-TRANSPORT,21,CLEAR,3,DARK - LIGHTED,24;39;40;41,GUARDRAIL FACE;WALL;MAIL BOX;SHRUBBERY,RIVERSIDE DR & KIRKLAND AV,NASHVILLE,TN,37216,1443,EAST,36.2076,-86.7231,POINT (-86.7231 36.2076)
20190594915,08/10/2019 12:00:00 AM,1,0,0,,Y,209173,0,NOT COLLISION W/MOTOR VEHICLE-TRANSPORT,21,CLEAR,3,DARK - LIGHTED,34,DITCH,OLD CHARLOTTE PKE & OLD HICKORY BLVD,NASHVILLE,TN,37209,4701,WEST,36.1217,-86.9227,POINT (-86.9227 36.1217)
20190751605,10/13/2019 03:30:00 PM,2,0,0,,N,320580,5,SIDESWIPE - SAME DIRECTION,21,CLEAR,1,DAYLIGHT,12,MOTOR VEHICLE IN TRANSPORT,WOODBERRY DR & HIBBITTS RD,NASHVILLE,TN,37214,9119,HERMIT,36.1577,-86.6787,POINT (-86.6787 36.1577)
20190733350,10/05/2019 06:20:00 AM,2,0,0,,N,633381,4,ANGLE,21,CLEAR,3,DARK - LIGHTED,12,MOTOR VEHICLE IN TRANSPORT,BELL RD & CANE RIDGE RD,ANTIOCH,TN,37013,8721,SOUTH,36.0447,-86.6615,POINT (-86.6615 36.0447)
20190895228,12/13/2019 06:15:00 PM,2,0,0,,N,420040,11,Front to Rear,2,RAIN,5,DUSK,12,MOTOR VEHICLE IN TRANSPORT,20TH AVS & BELCOURT AV,NASHVILLE,TN,37212,6607,MIDTOW,36.1364,-86.7995,POINT (-86.7995 36.1364)
20190883664,12/09/2019 01:07:00 PM,2,0,0,,N,109534,5,SIDESWIPE - SAME DIRECTION,22,CLOUDY,1,DAYLIGHT,12,MOTOR VEHICLE IN TRANSPORT,MM 220 5 I 40,HERMITAGE,TN,37076,89042,HERMIT,36.1691,-86.6064,POINT (-86.6064 36.1691)
20190842753,11/21/2019 06:35:00 AM,2,0,0,,N,352179,11,Front to Rear,21,CLEAR,1,DAYLIGHT,12,MOTOR VEHICLE IN TRANSPORT,STATE HWY 155 & EXIT 90B,MADISON,TN,37115,20143,MADISO,36.2413,-86.7559,POINT (-86.7559 36.2413)
20190807501,11/06/2019 09:04:00 AM,3,1,0,,N,474557,4,ANGLE,21,CLEAR,1,DAYLIGHT,12,MOTOR VEHICLE IN TRANSPORT,TUSCULUM RD & US HWY 31 ALT,NASHVILLE,TN,37211,8711,SOUTH,36.0591,-86.7153,POINT (-86.7153 36.0591)
20190705382,09/23/2019 12:00:00 AM,2,1,0,,N,311333,4,ANGLE,21,CLEAR,1,DAYLIGHT,12,MOTOR VEHICLE IN TRANSPORT,MURFREESBORO PKE & FOREST VIEW DR,ANTIOCH,TN,37013,8865,SOUTH,36.0674,-86.6313,POINT (-86.6313 36.0674)
20190802318,11/04/2019 10:10:00 AM,2,0,0,,Y,352164,6,SIDESWIPE - OPPOSITE DIRECTION,21,CLEAR,1,DAYLIGHT,12,MOTOR VEHICLE IN TRANSPORT,GREEN TIMBERS DR & OLD HICKORY BLVD,ANTIOCH,TN,37013,8755,SOUTH,36.0407,-86.6997,POINT (-86.6997 36.0407)
20190902082,12/17/2019 08:15:00 AM,2,0,0,,N,676834,4,ANGLE,2,RAIN,1,DAYLIGHT,12,MOTOR VEHICLE IN TRANSPORT,ASHLAND CITY HWY & EATONS CREEK RD,NASHVILLE,TN,37218,3207,NORTH,36.2088,-86.8626,POINT (-86.8626 36.2088)
20190740197,10/08/2019 04:26:00 PM,2,0,0,,N,179606,11,Front to Rear,21,CLEAR,1,DAYLIGHT,12,MOTOR VEHICLE IN TRANSPORT,MM 4 7 I 440,NASHVILLE,TN,37204,7014,MIDTOW,36.1157,-86.7771,POINT (-86.7771 36.1157)
20190863446,11/30/2019 04:29:00 PM,2,1,0,,N,311337,11,Front to Rear,2,RAIN,5,DUSK,12,MOTOR VEHICLE IN TRANSPORT,NOEL COVE CIR & DODSON CHAPEL RD,HERMITAGE,TN,37076,9511,HERMIT,36.1791,-86.6136,POINT (-86.6136 36.1791)
20190734121,10/05/2019 04:50:00 PM,2,0,0,,Y,405418,4,ANGLE,21,CLEAR,1,DAYLIGHT,12,MOTOR VEHICLE IN TRANSPORT,NORTHCREST DR & NOLENSVILLE PKE,NASHVILLE,TN,37211,8711,SOUTH,36.0667,-86.7179,POINT (-86.7179 36.0667)
20190914377,12/22/2019 03:19:00 PM,2,1,0,,N,299267,4,ANGLE,22,CLOUDY,1,DAYLIGHT,12,MOTOR VEHICLE IN TRANSPORT,PATTERSON ST & 17TH AVN,NASHVILLE,TN,37203,5503,MIDTOW,36.1582,-86.7977,POINT (-86.7977 36.1582)
20190749762,10/12/2019 04:07:00 PM,2,0,0,,N,633391,4,ANGLE,21,CLEAR,1,DAYLIGHT,12,MOTOR VEHICLE IN TRANSPORT,HILLSBORO PKE & OLD HICKORY BLVD,BRENTWOOD,TN,37027,6301,MIDTOW,36.0471,-86.863,POINT (-86.863 36.0471)
20190826920,11/14/2019 02:30:00 PM,2,0,0,,N,240983,4,ANGLE,21,CLEAR,1,DAYLIGHT,12,MOTOR VEHICLE IN TRANSPORT,PIN HOOK RD & LAVERGNE COUCHVILLE PKE,ANTIOCH,TN,37013,8905,SOUTH,36.0464,-86.5835,POINT (-86.5835 36.0464)
20190662151,09/05/2019 12:09:00 PM,2,0,0,,N,462474,4,ANGLE,21,CLEAR,1,DAYLIGHT,12,MOTOR VEHICLE IN TRANSPORT,MUSIC CIRE & DIVISION ST,NASHVILLE,TN,37203,6721,MIDTOW,36.1522,-86.7888,POINT (-86.7888 36.1522)
20190889082,12/11/2019 01:28:00 PM,2,1,0,,N,405447,11,Front to Rear,21,CLEAR,1,DAYLIGHT,12,MOTOR VEHICLE IN TRANSPORT,OLD HICKORY BLVD & HILLVIEW DR,NASHVILLE,TN,37220,7111,MIDTOW,36.0376,-86.7933,POINT (-86.7933 36.0376)
20190620742,08/20/2019 06:20:00 AM,2,0,0,,N,420035,11,Front to Rear,21,CLEAR,1,DAYLIGHT,12,MOTOR VEHICLE IN TRANSPORT,GALLATIN PKES & GALLATIN PKE,MADISON,TN,37115,1517,MADISO,36.2383,-86.724,POINT (-86.724 36.2383)
20190808123,11/06/2019 01:45:00 PM,1,0,0,,N,405391,0,NOT COLLISION W/MOTOR VEHICLE-TRANSPORT,21,CLEAR,1,DAYLIGHT,34,DITCH,ANNEX AV & CLEECES FERRY RD,NASHVILLE,TN,37209,4693,WEST,36.1439,-86.8893,POINT (-86.8893 36.1439)
20190706415,09/24/2019 04:55:00 AM,2,0,0,,N,352209,11,Front to Rear,21,CLEAR,3,DARK - LIGHTED,12,MOTOR VEHICLE IN TRANSPORT,MM 48 0 I 24,NASHVILLE,TN,37213,1908,CENTRA,36.1759,-86.7721,POINT (-86.7721 36.1759)
20190767664,10/20/2019 06:20:00 AM,2,0,0,,Y,212318,11,Front to Rear,22,CLOUDY,3,DARK - LIGHTED,12,MOTOR VEHICLE IN TRANSPORT,US HWY 431 & -UNKNOWN RAMP/ROAD -,NASHVILLE,TN,37207,1829,EAST,36.2063,-86.773,POINT (-86.773 36.2063)
20190781369,10/26/2019 01:00:00 AM,2,0,0,,Y,298866,4,ANGLE,2,RAIN,3,DARK - LIGHTED,12;13,MOTOR VEHICLE IN TRANSPORT;MOTOR VEHICLE IN TRANSPORT-OTHER ROADWAY,51ST AVN & CHARLOTTE AV,NASHVILLE,TN,37209,5121,WEST,36.1525,-86.8486,POINT (-86.8486 36.1525)
20190700664,09/21/2019 02:15:00 PM,2,0,0,,N,633381,4,ANGLE,21,CLEAR,1,DAYLIGHT,12,MOTOR VEHICLE IN TRANSPORT,MURFREESBORO PKE & HURRICANE CREEK BLVD,ANTIOCH,TN,37013,8869,SOUTH,36.0302,-86.5926,POINT (-86.5926 36.0302)
20190867007,12/02/2019 12:30:00 PM,2,1,0,,N,212318,11,Front to Rear,21,CLEAR,1,DAYLIGHT,12,MOTOR VEHICLE IN TRANSPORT,US HWY 31 & STATE HWY 254,NASHVILLE,TN,37220,7111,MIDTOW,36.0374,-86.7866,POINT (-86.7866 36.0374)
20190775168,10/23/2019 01:15:00 PM,2,0,0,,N,716886,11,Front to Rear,21,CLEAR,1,DAYLIGHT,12,MOTOR VEHICLE IN TRANSPORT,MM 7 0 I 440,NASHVILLE,TN,37210,83042,SOUTH,36.1243,-86.738,POINT (-86.738 36.1243)
20190850308,11/24/2019 12:55:00 PM,3,1,0,,N,755026,11,Front to Rear,21,CLEAR,1,DAYLIGHT,12,MOTOR VEHICLE IN TRANSPORT,I24E & I24 W ENT RAMP,NASHVILLE,TN,37210,82061,HERMIT,36.1386,-86.7273,POINT (-86.7273 36.1386)
20190900690,12/16/2019 04:30:00 PM,2,0,0,,Y,352197,11,Front to Rear,2,RAIN,1,DAYLIGHT,12,MOTOR VEHICLE IN TRANSPORT,MM 59 7 I 24,ANTIOCH,TN,37013,88060,SOUTH,36.0428,-86.6545,POINT (-86.6545 36.0428)
20190651319,08/31/2019 11:20:00 PM,1,0,0,Y,N,620080,0,NOT COLLISION W/MOTOR VEHICLE-TRANSPORT,21,CLEAR,2,DARK - NOT LIGHTED,1;24;34;72,GUARDRAIL FACE;DITCH;EMBANKMENT ROCK/STONE/CONCRETE,MM 200 8 I 40,NASHVILLE,TN,37209,4708,WEST,36.1281,-86.9012,POINT (-86.9012 36.1281)
20190585385,08/06/2019 08:47:00 PM,1,0,0,,N,197068,0,NOT COLLISION W/MOTOR VEHICLE-TRANSPORT,2,RAIN,3,DARK - LIGHTED,36,CONCRETE TRAFFIC BARRIER,MM 48 9 I 24,NASHVILLE,TN,37213,1104,CENTRA,36.1676,-86.7656,POINT (-86.7656 36.1676)
20190820148,11/11/2019 11:50:00 PM,1,0,0,,N,299270,0,NOT COLLISION W/MOTOR VEHICLE-TRANSPORT,4,SNOW,3,DARK - LIGHTED,30,UTILITY POLE,CHURCH ST & 17TH AVN,NASHVILLE,TN,37203,5513,MIDTOW,36.1556,-86.7964,POINT (-86.7964 36.1556)
20190675698,09/11/2019 09:36:00 AM,2,0,0,,N,225773,4,ANGLE,21,CLEAR,1,DAYLIGHT,14,PARKED MOTOR VEHICLE,MUSIC SQE & ROY ACUFF PL,NASHVILLE,TN,37203,6717,MIDTOW,36.15,-86.7919,POINT (-86.7919 36.15)
20190770678,10/21/2019 05:20:00 PM,2,0,0,,N,151132,11,Front to Rear,2,RAIN,1,DAYLIGHT,12,MOTOR VEHICLE IN TRANSPORT,MM 91 1 I 65,MADISON,TN,37115,17021,MADISO,36.2485,-86.7424,POINT (-86.7424 36.2485)
20190647750,08/30/2019 01:35:00 PM,2,0,0,,N,414731,11,Front to Rear,21,CLEAR,1,DAYLIGHT,12,MOTOR VEHICLE IN TRANSPORT,PERIMETER HILL DR & ANTIOCH PKE,NASHVILLE,TN,37211,8847,SOUTH,36.0855,-86.6908,POINT (-86.6908 36.0855)
20190702581,09/22/2019 01:04:00 PM,2,0,0,,Y,352197,5,SIDESWIPE - SAME DIRECTION,21,CLEAR,1,DAYLIGHT,12,MOTOR VEHICLE IN TRANSPORT,HARDING PL & TRAVELERS INN DR,NASHVILLE,TN,37211,8705,SOUTH,36.085,-86.7031,POINT (-86.7031 36.085)
20190847509,11/23/2019 12:00:00 AM,2,0,0,,Y,320583,5,SIDESWIPE - SAME DIRECTION,21,CLEAR,3,DARK - LIGHTED,12;14,MOTOR VEHICLE IN TRANSPORT;PARKED MOTOR VEHICLE,STATE ST & 18TH AVN,NASHVILLE,TN,37203,5513,MIDTOW,36.1561,-86.798,POINT (-86.798 36.1561)
20190726160,10/02/2019 10:23:00 AM,2,0,0,,N,191578,4,ANGLE,21,CLEAR,1,DAYLIGHT,12,MOTOR VEHICLE IN TRANSPORT,LEBANON PKE & HICKORY HILL LN,HERMITAGE,TN,37076,9531,HERMIT,36.1889,-86.6283,POINT (-86.6283 36.1889)
20190627821,08/22/2019 04:30:00 PM,2,0,0,,Y,256383,0,NOT COLLISION W/MOTOR VEHICLE-TRANSPORT,2,RAIN,1,DAYLIGHT,12;36,MOTOR VEHICLE IN TRANSPORT;CONCRETE TRAFFIC BARRIER,MM 56 9 I 24,NASHVILLE,TN,37211,8810,SOUTH,36.0705,-86.6903,POINT (-86.6903 36.0705)
20190754103,10/14/2019 04:20:00 PM,2,0,0,,N,330440,11,Front to Rear,21,CLEAR,1,DAYLIGHT,12,MOTOR VEHICLE IN TRANSPORT,CHARLOTTE AV & 22ND AVN,NASHVILLE,TN,37209,5339,NORTH,36.1562,-86.8078,POINT (-86.8078 36.1562)
20190611155,08/16/2019 11:00:00 AM,2,0,0,,N,352164,4,ANGLE,21,CLEAR,1,DAYLIGHT,12,MOTOR VEHICLE IN TRANSPORT,BELL RD & BRENTRIDGE DR,ANTIOCH,TN,37013,8755,SOUTH,36.0465,-86.6834,POINT (-86.6834 36.0465)
20190873153,12/04/2019 06:53:00 PM,1,0,0,,N,256389,0,NOT COLLISION W/MOTOR VEHICLE-TRANSPORT,21,CLEAR,3,DARK - LIGHTED,30;34,UTILITY POLE;DITCH,EDMONDSON PKE & MT PISGAH RD,NASHVILLE,TN,37211,8651,MIDTOW,36.0244,-86.7424,POINT (-86.7424 36.0244)
20190717225,09/28/2019 11:04:00 AM,2,0,0,,N,620061,11,Front to Rear,21,CLEAR,1,DAYLIGHT,12;14,MOTOR VEHICLE IN TRANSPORT;PARKED MOTOR VEHICLE,HAWKINS ST & 13TH AVS,NASHVILLE,TN,37203,6723,MIDTOW,36.1489,-86.7867,POINT (-86.7867 36.1489)
20190846918,11/22/2019 07:40:00 PM,2,0,0,,Y,279123,5,SIDESWIPE - SAME DIRECTION,22,CLOUDY,3,DARK - LIGHTED,12,MOTOR VEHICLE IN TRANSPORT,DICKERSON PKE & I65 N EXT RAMP,NASHVILLE,TN,37216,1805,EAST,36.2366,-86.7581,POINT (-86.7581 36.2366)
20190593107,08/09/2019 12:33:00 PM,2,0,0,,Y,226622,4,ANGLE,22,CLOUDY,1,DAYLIGHT,12,MOTOR VEHICLE IN TRANSPORT,53RD AVN & CHARLOTTE AV,NASHVILLE,TN,37209,5121,WEST,36.1519,-86.8512,POINT (-86.8512 36.1519)
20190603620,08/13/2019 03:25:00 PM,4,0,0,,N,352169,11,Front to Rear,2,RAIN,1,DAYLIGHT,12,MOTOR VEHICLE IN TRANSPORT,I65 N ENT RAMP & I 65,NASHVILLE,TN,37207,1829,EAST,36.209,-86.7759,POINT (-86.7759 36.209)
20190907488,12/19/2019 07:01:00 AM,2,0,0,,Y,191578,11,Front to Rear,21,CLEAR,1,DAYLIGHT,12,MOTOR VEHICLE IN TRANSPORT,MM 52 1 I 24,NASHVILLE,TN,37217,8816,SOUTH,36.1343,-86.7267,POINT (-86.7267 36.1343)
20190730659,10/04/2019 05:13:00 AM,1,0,0,,Y,299245,0,NOT COLLISION W/MOTOR VEHICLE-TRANSPORT,21,CLEAR,3,DARK - LIGHTED,71,EMBANKMENT EARTH,ELLINGTON PKWY N ENT RAMP & CLEVELAND ST,NASHVILLE,TN,37206,1925,EAST,36.185,-86.7592,POINT (-86.7592 36.185)
20190721644,09/30/2019 04:08:00 PM,1,0,0,Y,N,212346,0,NOT COLLISION W/MOTOR VEHICLE-TRANSPORT,21,CLEAR,1,DAYLIGHT,1,,I24 E ENT RAMP & I24 E EXT RAMP,NASHVILLE,TN,37211,8707,SOUTH,36.0852,-86.7023,POINT (-86.7023 36.0852)
20190928797,12/30/2019 12:00:00 AM,1,0,0,Y,Y,161945,0,NOT COLLISION W/MOTOR VEHICLE-TRANSPORT,21,CLEAR,2,DARK - NOT LIGHTED,32;34,CULVERT;DITCH,0 MT PISGAH RD,NASHVILLE,TN,37211,8651,MIDTOW,36.0205,-86.731,POINT (-86.731 36.0205)
20190895800,12/14/2019 04:07:00 AM,2,0,0,,N,279198,4,ANGLE,21,CLEAR,3,DARK - LIGHTED,12,MOTOR VEHICLE IN TRANSPORT,N 6TH ST & MAIN ST,NASHVILLE,TN,37206,1997,EAST,36.1742,-86.763,POINT (-86.763 36.1742)
20190912679,12/21/2019 05:00:00 PM,1,0,0,,N,352207,0,NOT COLLISION W/MOTOR VEHICLE-TRANSPORT,21,CLEAR,2,DARK - NOT LIGHTED,18,OTHER OBJECT (NOT FIXED),MM 5 3 I 440,NASHVILLE,TN,37204,81061,MIDTOW,36.1194,-86.7669,POINT (-86.7669 36.1194)
20190800757,11/03/2019 04:36:00 PM,2,1,0,,N,320597,4,ANGLE,21,CLEAR,1,DAYLIGHT,12,MOTOR VEHICLE IN TRANSPORT,BELL RD & MURFREESBORO PKE,ANTIOCH,TN,37013,8865,SOUTH,36.0719,-86.6362,POINT (-86.6362 36.0719)
20190674034,09/10/2019 04:39:00 PM,2,0,0,,N,256389,4,ANGLE,21,CLEAR,1,DAYLIGHT,12,MOTOR VEHICLE IN TRANSPORT,BURTON HILLS BLVD & HILLSBORO PKE,NASHVILLE,TN,37215,6403,MIDTOW,36.0956,-86.8254,POINT (-86.8254 36.0956)
20190669150,09/08/2019 02:45:00 PM,2,0,0,,N,311332,4,ANGLE,21,CLEAR,1,DAYLIGHT,12,MOTOR VEHICLE IN TRANSPORT,OLD HICKORY BLVD & BELLEVUE VALLEY PLAZA,NASHVILLE,TN,37221,4901,WEST,36.0734,-86.9207,POINT (-86.9207 36.0734)
20190644681,08/29/2019 10:40:00 AM,2,1,0,,N,311325,4,ANGLE,21,CLEAR,1,DAYLIGHT,12,MOTOR VEHICLE IN TRANSPORT,CHARLES E DAVIS BLVD & CANNON ST,NASHVILLE,TN,37210,8205,HERMIT,36.1512,-86.7621,POINT (-86.7621 36.1512)
20190916258,12/23/2019 02:39:00 PM,2,2,0,,N,256501,4,ANGLE,21,CLEAR,1,DAYLIGHT,12,MOTOR VEHICLE IN TRANSPORT,BUENA VISTA PKE & CURTIS ST,NASHVILLE,TN,37218,3135,NORTH,36.198,-86.8273,POINT (-86.8273 36.198)
20190925955,12/28/2019 05:02:00 PM,3,1,0,,Y,298867,6,SIDESWIPE - OPPOSITE DIRECTION,21,CLEAR,3,DARK - LIGHTED,12,MOTOR VEHICLE IN TRANSPORT,GALLATIN PKE & E TRINITY LN,NASHVILLE,TN,37216,1837,EAST,36.205,-86.7376,POINT (-86.7376 36.205)
20190600186,08/12/2019 10:20:00 AM,2,0,0,,N,352174,4,ANGLE,21,CLEAR,1,DAYLIGHT,12,MOTOR VEHICLE IN TRANSPORT,OCALA DR & NOLENSVILLE PKE,NASHVILLE,TN,37211,8717,SOUTH,36.0516,-86.714,POINT (-86.714 36.0516)
20190870273,12/03/2019 05:51:00 PM,2,1,0,,N,279211,11,Front to Rear,22,CLOUDY,3,DARK - LIGHTED,12,MOTOR VEHICLE IN TRANSPORT,MM 39 7 I 24,WHITES CREEK,TN,37189,3314,NORTH,36.2862,-86.8089,POINT (-86.8089 36.2862)
20190793441,10/31/2019 09:49:00 AM,2,0,0,,N,414731,11,Front to Rear,22,CLOUDY,1,DAYLIGHT,12,MOTOR VEHICLE IN TRANSPORT,I24 E EXT RAMP & OLD HICKORY BLVD,WHITES CREEK,TN,37189,3301,NORTH,36.2769,-86.8011,POINT (-86.8011 36.2769)
20190843684,11/21/2019 02:03:00 PM,2,0,0,,N,134899,5,SIDESWIPE - SAME DIRECTION,21,CLEAR,1,DAYLIGHT,12,MOTOR VEHICLE IN TRANSPORT,LEBANON PKE & ANDREW JACKSON PKWY,HERMITAGE,TN,37076,9537,HERMIT,36.2151,-86.5962,POINT (-86.5962 36.2151)
20190599472,08/12/2019 04:25:00 AM,2,1,0,,N,311800,98,OTHER,21,CLEAR,3,DARK - LIGHTED,12,MOTOR VEHICLE IN TRANSPORT,CHURCH ST & 3RD AVN,NASHVILLE,TN,37201,4137,CENTRA,36.1642,-86.7777,POINT (-86.7777 36.1642)
20190679306,09/12/2019 04:45:00 PM,2,0,0,,Y,717341,4,ANGLE,21,CLEAR,1,DAYLIGHT,12,MOTOR VEHICLE IN TRANSPORT,MURFREESBORO PKE & HOBSON PKE,ANTIOCH,TN,37013,8927,SOUTH,36.043,-86.6066,POINT (-86.6066 36.043)
20190613944,08/17/2019 11:36:00 AM,2,0,0,,N,330428,4,ANGLE,21,CLEAR,1,DAYLIGHT,12,MOTOR VEHICLE IN TRANSPORT,CHARLOTTE PKE & WESTBORO DR,NASHVILLE,TN,37209,5027,WEST,36.1459,-86.871,POINT (-86.871 36.1459)
20190743143,10/09/2019 05:45:00 PM,2,0,0,,Y,240983,11,Front to Rear,21,CLEAR,5,DUSK,12,MOTOR VEHICLE IN TRANSPORT,MURFREESBORO PKE & HAMILTON CHURCH RD,ANTIOCH,TN,37013,8865,SOUTH,36.0649,-86.6286,POINT (-86.6286 36.0649)
20190710895,09/25/2019 07:47:00 PM,2,0,0,,N,240983,11,Front to Rear,22,CLOUDY,2,DARK - NOT LIGHTED,12,MOTOR VEHICLE IN TRANSPORT,MM 59 8 I 24,ANTIOCH,TN,37013,88060,SOUTH,36.0422,-86.6533,POINT (-86.6533 36.0422)
20190788284,10/29/2019 08:52:00 AM,1,0,0,,N,414731,0,NOT COLLISION W/MOTOR VEHICLE-TRANSPORT,22,CLOUDY,1,DAYLIGHT,75,Bridge/Overhead Structure,WOODYCREST AV & TERMINAL CT,NASHVILLE,TN,37210,8115,SOUTH,36.135,-86.7433,POINT (-86.7433 36.135)
20190850241,11/24/2019 11:50:00 AM,2,0,0,,N,633381,4,ANGLE,21,CLEAR,1,DAYLIGHT,12,MOTOR VEHICLE IN TRANSPORT,FIRESTONE PKWY & OLD HICKORY BLVD,ANTIOCH,TN,37013,8869,SOUTH,36.0168,-86.6199,POINT (-86.6199 36.0168)
20190714735,09/27/2019 10:17:00 AM,2,0,0,,N,134899,4,ANGLE,21,CLEAR,1,DAYLIGHT,12,MOTOR VEHICLE IN TRANSPORT,MURFREESBORO PKE & DOVER GLEN DR,ANTIOCH,TN,37013,8861,SOUTH,36.077,-86.6413,POINT (-86.6413 36.077)
20190771860,10/22/2019 06:40:00 AM,2,0,0,,N,402653,5,SIDESWIPE - SAME DIRECTION,21,CLEAR,4,DAWN,12,MOTOR VEHICLE IN TRANSPORT,MM 212 0 I 40,NASHVILLE,TN,37210,90041,HERMIT,36.147,-86.7433,POINT (-86.7433 36.147)
20190776155,10/23/2019 07:20:00 PM,2,0,0,,N,320603,5,SIDESWIPE - SAME DIRECTION,21,CLEAR,3,DARK - LIGHTED,12,MOTOR VEHICLE IN TRANSPORT,TODD PREIS DR & SAWYER BROWN RD,NASHVILLE,TN,37221,4811,WEST,36.0711,-86.9471,POINT (-86.9471 36.0711)
20190734214,10/05/2019 12:00:00 AM,2,1,0,,Y,279200,4,ANGLE,21,CLEAR,3,DARK - LIGHTED,12,MOTOR VEHICLE IN TRANSPORT,LAFAYETTE ST & 5TH AVS,NASHVILLE,TN,37203,4027,CENTRA,36.1525,-86.7733,POINT (-86.7733 36.1525)
20190780706,10/25/2019 07:23:00 PM,2,0,0,,N,352197,11,Front to Rear,2,RAIN,3,DARK - LIGHTED,12,MOTOR VEHICLE IN TRANSPORT,I24 E EXT RAMP & I 24,NASHVILLE,TN,37207,30080,NORTH,36.2378,-86.7872,POINT (-86.7872 36.2378)
20190819570,11/11/2019 05:19:00 PM,1,1,0,,Y,298867,0,NOT COLLISION W/MOTOR VEHICLE-TRANSPORT,2,RAIN,7,Dark-Unknown Lighting,8,PEDESTRIAN,DICKERSON PKE & SUNSET DR,NASHVILLE,TN,37207,1887,EAST,36.2228,-86.7613,POINT (-86.7613 36.2228)
20190733376,10/05/2019 08:35:00 AM,2,1,0,,N,226600,4,ANGLE,21,CLEAR,1,DAYLIGHT,12,MOTOR VEHICLE IN TRANSPORT,HALEYS HOPE CT & WEST RUNNING BROOK RD,NASHVILLE,TN,37221,4709,WEST,36.1186,-86.9326,POINT (-86.9326 36.1186)
20190876183,12/05/2019 10:56:00 PM,1,1,0,,N,256377,0,NOT COLLISION W/MOTOR VEHICLE-TRANSPORT,21,CLEAR,3,DARK - LIGHTED,1;34;64,DITCH;Ran Off Road-Left,1900 NASHBORO BLVD,NASHVILLE,TN,37217,8935,HERMIT,36.0891,-86.6363,POINT (-86.6363 36.0891)