Accident Number,Date and Time,Number of Motor Vehicles,Number of Injuries,Number of Fatalities,Property Damage,Hit and Run,Reporting Officer,Collision Type Code,Collision Type Description,Weather Code,Weather Description,Illumination Code,Illumination Description,Harmful Code,Harmful Code Description,Street Address,City,State,ZIP,RPA,Precinct,Latitude,Longitude,Mapped Location
20190692724,09/18/2019 09:35:00 AM,5,3,0,,N,676834,11,Front to Rear,21,CLEAR,1,DAYLIGHT,12,MOTOR VEHICLE IN TRANSPORT,MM 206 6 I 40,NASHVILLE,TN,37208,53124,NORTH,36.1664,-86.8171,POINT (-86.8171 36.1664)
20190916444,12/23/2019 04:04:00 PM,2,1,0,,N,352172,11,Front to Rear,21,CLEAR,1,DAYLIGHT,12,MOTOR VEHICLE IN TRANSPORT,GALLATIN PKEN & NORTHSIDE DR,MADISON,TN,37115,1721,MADISO,36.3059,-86.6872,POINT (-86.6872 36.3059)
20190695425,09/19/2019 09:00:00 AM,2,0,0,,N,352174,11,Front to Rear,21,CLEAR,1,DAYLIGHT,12,MOTOR VEHICLE IN TRANSPORT,FRANKLIN PKE & OLD HICKORY BLVD,NASHVILLE,TN,37220,7111,MIDTOW,36.0377,-86.7865,POINT (-86.7865 36.0377)
20190778114,10/24/2019 05:19:00 PM,2,0,0,,N,151132,5,SIDESWIPE - SAME DIRECTION,21,CLEAR,1,DAYLIGHT,12,MOTOR VEHICLE IN TRANSPORT,MM 92 8 I 65,MADISON,TN,37115,17062,MADISO,36.2724,-86.7362,POINT (-86.7362 36.2724)
20190766936,10/19/2019 08:05:00 PM,3,2,0,,N,405418,11,Front to Rear,21,CLEAR,3,DARK - LIGHTED,12,MOTOR VEHICLE IN TRANSPORT,NOLENSVILLE PKE & WHEELER AV,NASHVILLE,TN,37211,8435,SOUTH,36.0948,-86.737,POINT (-86.737 36.0948)
20190674659,09/10/2019 11:45:00 PM,2,0,0,,Y,109531,4,ANGLE,21,CLEAR,3,DARK - LIGHTED,12,MOTOR VEHICLE IN TRANSPORT,GALLATIN AV & CALVIN AV,NASHVILLE,TN,37206,1937,EAST,36.1816,-86.7493,POINT (-86.7493 36.1816)
20190795552,11/01/2019 07:23:00 AM,2,0,0,,N,419952,11,Front to Rear,21,CLEAR,1,DAYLIGHT,12,MOTOR VEHICLE IN TRANSPORT,MM 192 7 I 40,NASHVILLE,TN,37221,4704,WEST,36.0772,-87.0168,POINT (-87.0168 36.0772)
20190745952,10/10/2019 07:15:00 PM,2,0,0,,Y,352156,4,ANGLE,21,CLEAR,3,DARK - LIGHTED,12,MOTOR VEHICLE IN TRANSPORT,EDGE O LAKE DR & MURFREESBORO PKE,NASHVILLE,TN,37217,8939,HERMIT,36.0797,-86.6443,POINT (-86.6443 36.0797)
20190605491,08/14/2019 09:01:00 AM,5,1,0,,Y,876581,5,SIDESWIPE - SAME DIRECTION,21,CLEAR,1,DAYLIGHT,12,MOTOR VEHICLE IN TRANSPORT,MYATT DR & US HWY 31E,MADISON,TN,37115,1731,MADISO,36.2969,-86.699,POINT (-86.699 36.2969)
20190925637,12/28/2019 12:20:00 PM,2,0,0,,N,256502,11,Front to Rear,21,CLEAR,1,DAYLIGHT,12,MOTOR VEHICLE IN TRANSPORT,I40 E EXT RAMP & I 40,NASHVILLE,TN,37214,8955,HERMIT,36.155,-86.6271,POINT (-86.6271 36.155)
20190815039,11/09/2019 01:20:00 PM,2,0,0,,N,462474,5,SIDESWIPE - SAME DIRECTION,21,CLEAR,1,DAYLIGHT,12,MOTOR VEHICLE IN TRANSPORT,MM 77 5 I 65,NASHVILLE,TN,37220,86042,MIDTOW,36.0775,-86.7663,POINT (-86.7663 36.0775)
20190782830,10/26/2019 11:05:00 PM,1,1,0,,N,279203,0,NOT COLLISION W/MOTOR VEHICLE-TRANSPORT,2,RAIN,2,DARK - NOT LIGHTED,8,PEDESTRIAN,DEMONBREUN ST & 5TH AVS,NASHVILLE,TN,37203,4057,CENTRA,36.1582,-86.7777,POINT (-86.7777 36.1582)
20190598236,08/11/2019 03:18:00 PM,2,0,0,,N,419972,11,Front to Rear,21,CLEAR,1,DAYLIGHT,12,MOTOR VEHICLE IN TRANSPORT,MURPHY RD & I440 E EXT RAMP,NASHVILLE,TN,37205,5249,WEST,36.1398,-86.8237,POINT (-86.8237 36.1398)
20190828714,11/15/2019 08:18:00 AM,2,0,0,,N,462474,11,Front to Rear,21,CLEAR,1,DAYLIGHT,12,MOTOR VEHICLE IN TRANSPORT,MM 74 5 I 65,NASHVILLE,TN,37220,71040,MIDTOW,36.0503,-86.7756,POINT (-86.7756 36.0503)
20190691170,09/17/2019 07:42:00 PM,2,1,0,,N,405418,4,ANGLE,21,CLEAR,3,DARK - LIGHTED,12,MOTOR VEHICLE IN TRANSPORT,CLOVERLAND DR & JONES PKWY,BRENTWOOD,TN,37027,8623,MIDTOW,36.0326,-86.7687,POINT (-86.7687 36.0326)
20190608349,08/15/2019 06:00:00 AM,2,0,0,,N,226622,16,Rear to Side,21,CLEAR,1,DAYLIGHT,14,PARKED MOTOR VEHICLE,SHARONDALE CT & SHARONDALE DR,NASHVILLE,TN,37215,6001,WEST,36.1221,-86.8106,POINT (-86.8106 36.1221)
20190781427,10/25/2019 05:25:00 PM,1,0,0,Y,Y,320574,0,NOT COLLISION W/MOTOR VEHICLE-TRANSPORT,2,RAIN,1,DAYLIGHT,40,MAIL BOX,4000 ANDREW JACKSON PKWY,HERMITAGE,TN,37076,9511,HERMIT,36.1873,-86.6088,POINT (-86.6088 36.1873)
20190609237,08/15/2019 04:26:00 PM,2,0,0,,N,151132,16,Rear to Side,21,CLEAR,1,DAYLIGHT,13;14,MOTOR VEHICLE IN TRANSPORT-OTHER ROADWAY;PARKED MOTOR VEHICLE,WELWORTH ST & GALLATIN PKEN,MADISON,TN,37115,1717,MADISO,36.2822,-86.7075,POINT (-86.7075 36.2822)
20190886893,12/10/2019 05:01:00 PM,3,1,0,,N,179606,11,Front to Rear,21,CLEAR,3,DARK - LIGHTED,12,MOTOR VEHICLE IN TRANSPORT,MM 6 0 I 440,NASHVILLE,TN,37211,81060,MIDTOW,36.1217,-86.7565,POINT (-86.7565 36.1217)
20190675518,09/11/2019 08:23:00 AM,2,1,0,,N,191578,11,Front to Rear,21,CLEAR,1,DAYLIGHT,12,MOTOR VEHICLE IN TRANSPORT,MURFREESBORO PKE & SPENCE LN,NASHVILLE,TN,37217,8801,SOUTH,36.1357,-86.7249,POINT (-86.7249 36.1357)
20190715878,09/27/2019 07:47:00 PM,1,1,0,,N,151132,0,NOT COLLISION W/MOTOR VEHICLE-TRANSPORT,21,CLEAR,3,DARK - LIGHTED,29,LUMINAIRE/LIGHT SUPPORT,OLD TIME VILLAGE PVTDR & OLD HICKORY BLV,MADISON,TN,37115,1763,MADISO,36.264,-86.7136,POINT (-86.7136 36.264)
20190841567,11/20/2019 05:14:00 PM,3,1,0,,N,298858,11,Front to Rear,21,CLEAR,3,DARK - LIGHTED,12,MOTOR VEHICLE IN TRANSPORT,US HWY 31 & GAY ST,NASHVILLE,TN,37219,4203,CENTRA,36.1683,-86.7822,POINT (-86.7822 36.1683)
20190838110,11/19/2019 12:03:00 PM,2,0,0,,N,462501,5,SIDESWIPE - SAME DIRECTION,21,CLEAR,1,DAYLIGHT,12,MOTOR VEHICLE IN TRANSPORT,GEORGE L DAVIS BLVD & CHURCH ST,NASHVILLE,TN,37203,4119,CENTRA,36.1584,-86.7906,POINT (-86.7906 36.1584)
20190669750,09/09/2019 02:00:00 AM,1,1,0,,N,311338,0,NOT COLLISION W/MOTOR VEHICLE-TRANSPORT,21,CLEAR,3,DARK - LIGHTED,30,UTILITY POLE,DR D B TODD JR BLVD & ST LOUIS ST,NASHVILLE,TN,37208,4413,NORTH,36.1807,-86.8114,POINT (-86.8114 36.1807)
20190866638,12/02/2019 09:35:00 AM,2,2,0,,N,224437,4,ANGLE,21,CLEAR,1,DAYLIGHT,12,MOTOR VEHICLE IN TRANSPORT,STATE RT 45 & ARCHWOOD DR,MADISON,TN,37115,1705,MADISO,36.2636,-86.686,POINT (-86.686 36.2636)
20190830231,11/15/2019 10:37:00 PM,2,0,0,,Y,311343,11,Front to Rear,21,CLEAR,3,DARK - LIGHTED,12,MOTOR VEHICLE IN TRANSPORT,LOMBARDY AV & HILLSBORO PKE,NASHVILLE,TN,,6001,WEST,,,
20190685402,09/15/2019 12:00:00 AM,2,0,0,,Y,278580,4,ANGLE,21,CLEAR,9,UNKNOWN,12,MOTOR VEHICLE IN TRANSPORT,CROUCH DR & GARRISON DR,NASHVILLE,TN,37207,3025,NORTH,36.2204,-86.8188,POINT (-86.8188 36.2204)
20190586481,08/07/2019 07:35:00 AM,2,0,0,,N,191578,4,ANGLE,21,CLEAR,1,DAYLIGHT,12,MOTOR VEHICLE IN TRANSPORT,ELM HILL PKE & ERMAC DR,NASHVILLE,TN,37214,9101,HERMIT,36.1534,-86.6867,POINT (-86.6867 36.1534)
20190910885,12/20/2019 05:08:00 PM,2,0,0,,N,299266,4,ANGLE,21,CLEAR,3,DARK - LIGHTED,12,MOTOR VEHICLE IN TRANSPORT,MM 56 5 I 24,NASHVILLE,TN,37211,8708,SOUTH,36.0756,-86.6938,POINT (-86.6938 36.0756)
20190679553,09/12/2019 07:20:00 PM,1,1,0,,N,299238,0,NOT COLLISION W/MOTOR VEHICLE-TRANSPORT,21,CLEAR,3,DARK - LIGHTED,8,PEDESTRIAN,N 11TH ST & GARTLAND AV,NASHVILLE,TN,37206,1241,EAST,36.1792,-86.7499,POINT (-86.7499 36.1792)
20190707799,09/24/2019 04:52:00 PM,2,0,0,,N,151132,2,HEAD-ON,21,CLEAR,1,DAYLIGHT,12,MOTOR VEHICLE IN TRANSPORT,DICKERSON PKE & OLD HICKORY BLVD,NASHVILLE,TN,37207,2133,MADISO,36.2693,-86.7557,POINT (-86.7557 36.2693)
20190633982,08/24/2019 11:28:00 PM,2,0,0,,N,299261,5,SIDESWIPE - SAME DIRECTION,21,CLEAR,3,DARK - LIGHTED,12,MOTOR VEHICLE IN TRANSPORT,THOMPSON LN & SIDCO DR,NASHVILLE,TN,37204,8525,MIDTOW,36.1112,-86.7559,POINT (-86.7559 36.1112)
20190726961,10/02/2019 05:37:00 PM,2,1,0,,Y,384444,11,Front to Rear,21,CLEAR,1,DAYLIGHT,12,MOTOR VEHICLE IN TRANSPORT,OLD HARDING PKE & HICKS RD,NASHVILLE,TN,37221,4901,WEST,36.0727,-86.9265,POINT (-86.9265 36.0727)
20190768937,10/21/2019 12:42:00 AM,2,1,0,,N,279203,2,HEAD-ON,21,CLEAR,3,DARK - LIGHTED,12,MOTOR VEHICLE IN TRANSPORT,ROSA L PARKS BLVD & ROSA L PARKS AV,NASHVILLE,TN,37203,4147,CENTRA,36.1618,-86.7842,POINT (-86.7842 36.1618)
20190823864,11/13/2019 12:00:00 AM,2,0,0,,Y,620061,9,UNKNOWN,21,CLEAR,9,UNKNOWN,14,PARKED MOTOR VEHICLE,OCALA DR & HICKORY PLZ,NASHVILLE,TN,37211,8655,MIDTOW,36.0508,-86.7192,POINT (-86.7192 36.0508)
20190858381,11/27/2019 08:04:00 PM,1,0,0,Y,Y,179583,0,NOT COLLISION W/MOTOR VEHICLE-TRANSPORT,21,CLEAR,3,DARK - LIGHTED,31,"OTHER POST, POLE, SUPP.",NANCE LN & MURFREESBORO PKE,NASHVILLE,TN,37210,8213,HERMIT,36.1445,-86.7495,POINT (-86.7495 36.1445)
20190778418,10/24/2019 06:03:00 PM,2,0,0,,N,384408,4,ANGLE,21,CLEAR,3,DARK - LIGHTED,12,MOTOR VEHICLE IN TRANSPORT,BRILEY PKWYS & MUSIC VALLEY DR,NASHVILLE,TN,37214,9284,HERMIT,36.2205,-86.6935,POINT (-86.6935 36.2205)
20190775631,10/23/2019 04:50:00 PM,2,0,0,,N,320603,11,Front to Rear,21,CLEAR,1,DAYLIGHT,12,MOTOR VEHICLE IN TRANSPORT,WHITE BRIDGE PKE & OBRIEN AV,NASHVILLE,TN,37209,5101,WEST,36.1505,-86.8579,POINT (-86.8579 36.1505)
20190921049,12/26/2019 07:39:00 AM,2,1,0,,N,226092,11,Front to Rear,22,CLOUDY,1,DAYLIGHT,12,MOTOR VEHICLE IN TRANSPORT,CHARLOTTE AV & 26TH AVN,NASHVILLE,TN,37209,5341,MIDTOW,36.1545,-86.8156,POINT (-86.8156 36.1545)
20190700591,09/21/2019 10:30:00 AM,2,0,0,,Y,320574,5,SIDESWIPE - SAME DIRECTION,21,CLEAR,1,DAYLIGHT,14,PARKED MOTOR VEHICLE,MICHAEL DR & WOODBERRY DR,NASHVILLE,TN,37214,9113,HERMIT,36.1603,-86.6734,POINT (-86.6734 36.1603)
20190698743,09/20/2019 04:01:00 PM,2,1,0,,N,579971,11,Front to Rear,21,CLEAR,1,DAYLIGHT,12,MOTOR VEHICLE IN TRANSPORT,MM 59 1 I 24,ANTIOCH,TN,37013,87061,SOUTH,36.0478,-86.6634,POINT (-86.6634 36.0478)
20190875321,12/05/2019 02:45:00 PM,3,0,0,,N,384424,11,Front to Rear,21,CLEAR,1,DAYLIGHT,12,MOTOR VEHICLE IN TRANSPORT,MM 49 1 I 24,NASHVILLE,TN,37206,10040,EAST,36.1647,-86.7634,POINT (-86.7634 36.1647)
20190737342,10/07/2019 11:45:00 AM,1,0,0,,N,420035,0,NOT COLLISION W/MOTOR VEHICLE-TRANSPORT,2,RAIN,1,DAYLIGHT,36,CONCRETE TRAFFIC BARRIER,I65 S EXT RAMP & I 65,MADISON,TN,37115,20044,MADISO,36.2481,-86.743,POINT (-86.743 36.2481)
20190782180,10/26/2019 02:53:00 PM,2,0,0,,N,256383,11,Front to Rear,2,RAIN,1,DAYLIGHT,12,MOTOR VEHICLE IN TRANSPORT,MM 59 7 I 24,ANTIOCH,TN,37013,88060,SOUTH,36.0428,-86.6545,POINT (-86.6545 36.0428)
20190666579,09/07/2019 09:55:00 AM,2,0,0,,N,402660,98,OTHER,21,CLEAR,1,DAYLIGHT,12,MOTOR VEHICLE IN TRANSPORT,MURPHY RD & GREENWAY AV,NASHVILLE,TN,37205,5249,WEST,36.14,-86.8259,POINT (-86.8259 36.14)
20190781699,10/26/2019 07:30:00 AM,1,0,0,Y,Y,299249,0,NOT COLLISION W/MOTOR VEHICLE-TRANSPORT,2,RAIN,1,DAYLIGHT,24,GUARDRAIL FACE,I40 E EXT RAMP & I 40,NASHVILLE,TN,37214,8955,HERMIT,36.155,-86.6271,POINT (-86.6271 36.155)
20190657649,09/03/2019 05:28:00 PM,2,0,0,,Y,256389,4,ANGLE,21,CLEAR,1,DAYLIGHT,12,MOTOR VEHICLE IN TRANSPORT,STONE BROOK DR & OLD HICKORY BLVD,BRENTWOOD,TN,37027,8623,MIDTOW,36.0409,-86.7794,POINT (-86.7794 36.0409)
20190593900,08/09/2019 06:36:00 PM,2,0,0,,N,330413,4,ANGLE,22,CLOUDY,1,DAYLIGHT,12,MOTOR VEHICLE IN TRANSPORT,US HWY 31 ALT & TUSCULUM RD,NASHVILLE,TN,37211,8659,MIDTOW,36.059,-86.7163,POINT (-86.7163 36.059)
20190831701,11/16/2019 04:10:00 PM,2,0,0,,N,352168,11,Front to Rear,21,CLEAR,1,DAYLIGHT,12,MOTOR VEHICLE IN TRANSPORT,OLD HICKORY BLVD & NOLENSVILLE PKE,ANTIOCH,TN,37013,8757,SOUTH,36.0455,-86.7122,POINT (-86.7122 36.0455)
20190751030,10/13/2019 05:00:00 AM,2,0,0,Y,Y,352164,11,Front to Rear,21,CLEAR,4,DAWN,14,PARKED MOTOR VEHICLE,WINDCREST TRL & STONESHORE TRC,ANTIOCH,TN,37013,8907,SOUTH,36.0603,-86.5892,POINT (-86.5892 36.0603)
20190888514,12/11/2019 08:38:00 AM,1,0,0,Y,N,224464,0,NOT COLLISION W/MOTOR VEHICLE-TRANSPORT,21,CLEAR,1,DAYLIGHT,18,OTHER OBJECT (NOT FIXED),0 7TH AVN,NASHVILLE,TN,37208,4305,NORTH,36.1747,-86.7908,POINT (-86.7908 36.1747)
20190664010,09/06/2019 07:52:00 AM,1,1,0,Y,N,332253,0,NOT COLLISION W/MOTOR VEHICLE-TRANSPORT,21,CLEAR,1,DAYLIGHT,30,UTILITY POLE,DRY CREEK RD & HILLS HOLLOW RD,GOODLETTSVILLE,TN,37072,2125,MADISO,36.3035,-86.7413,POINT (-86.7413 36.3035)
20190803288,11/04/2019 04:55:00 PM,2,0,0,,N,352156,11,Front to Rear,21,CLEAR,5,DUSK,12,MOTOR VEHICLE IN TRANSPORT,NOLENSVILLE PKE & I440 E EXT RAMP,NASHVILLE,TN,37210,8321,SOUTH,36.1216,-86.7505,POINT (-86.7505 36.1216)
20190864975,12/01/2019 12:25:00 PM,2,1,0,,N,140808,4,ANGLE,21,CLEAR,1,DAYLIGHT,12,MOTOR VEHICLE IN TRANSPORT,STONE BROOK DR & OLD HICKORY BLVD,BRENTWOOD,TN,37027,8623,MIDTOW,36.0409,-86.7794,POINT (-86.7794 36.0409)
20190609671,08/15/2019 08:16:00 PM,2,0,0,,Y,197054,11,Front to Rear,21,CLEAR,3,DARK - LIGHTED,12,MOTOR VEHICLE IN TRANSPORT,MURFREESBORO PKE & I24 W EXT RAMP,NASHVILLE,TN,37217,8801,SOUTH,36.1348,-86.7236,POINT (-86.7236 36.1348)
20190062743,08/13/2019 09:40:00 AM,1,0,0,,N,134899,0,NOT COLLISION W/MOTOR VEHICLE-TRANSPORT,21,CLEAR,1,DAYLIGHT,8,PEDESTRIAN,MURFREESBORO PKE & RANSOM PL,NASHVILLE,TN,37217,8853,SOUTH,36.0892,-86.6501,POINT (-86.6501 36.0892)
20190930202,12/30/2019 06:25:00 PM,2,1,0,,N,179583,11,Front to Rear,21,CLEAR,3,DARK - LIGHTED,12,MOTOR VEHICLE IN TRANSPORT,I24E & I24 W EXT RAMP,NASHVILLE,TN,37210,8102,SOUTH,36.1336,-86.7269,POINT (-86.7269 36.1336)
20190899412,12/16/2019 01:09:00 AM,2,0,0,,Y,474557,4,ANGLE,2,RAIN,3,DARK - LIGHTED,14,PARKED MOTOR VEHICLE,D VILLE DR & SOUTHWIND DR,NASHVILLE,TN,37217,8849,SOUTH,36.0994,-86.6664,POINT (-86.6664 36.0994)
20190832565,11/17/2019 01:20:00 AM,1,1,0,Y,N,166477,0,NOT COLLISION W/MOTOR VEHICLE-TRANSPORT,21,CLEAR,3,DARK - LIGHTED,18;30;44;63;72,OTHER OBJECT (NOT FIXED);UTILITY POLE;PAVED SURFACE-IRREGULAR;Ran Off Road-Right;EMBANKMENT ROCK/STONE/CONCRETE,RURAL HILL RD & HICKORY HIGHLANDS DR,ANTIOCH,TN,37013,8861,SOUTH,36.0594,-86.6452,POINT (-86.6452 36.0594)
20190673312,09/10/2019 12:30:00 PM,1,1,0,Y,N,352168,0,NOT COLLISION W/MOTOR VEHICLE-TRANSPORT,21,CLEAR,1,DAYLIGHT,42;63;64,TREE;Ran Off Road-Right;Ran Off Road-Left,BELMONT PARK TER & BURTON VALLEY RD,NASHVILLE,TN,37215,6313,MIDTOW,36.0855,-86.808,POINT (-86.808 36.0855)
20190859915,11/28/2019 05:30:00 PM,1,1,0,,Y,311337,0,NOT COLLISION W/MOTOR VEHICLE-TRANSPORT,21,CLEAR,2,DARK - NOT LIGHTED,8,PEDESTRIAN,SATURN DR & GOODBAR DR,NASHVILLE,TN,37217,8823,HERMIT,36.1242,-86.6999,POINT (-86.6999 36.1242)
20190805935,11/05/2019 06:02:00 PM,2,0,0,,N,299257,2,HEAD-ON,21,CLEAR,2,DARK - NOT LIGHTED,12,MOTOR VEHICLE IN TRANSPORT,WOODMONT BLVD & GOLF CLUB LN,NASHVILLE,TN,37215,6419,MIDTOW,36.1138,-86.8092,POINT (-86.8092 36.1138)
20190751599,10/13/2019 03:33:00 PM,3,0,0,,N,384394,4,ANGLE,21,CLEAR,1,DAYLIGHT,12,MOTOR VEHICLE IN TRANSPORT,HAMILTON CHURCH RD & MURFREESBORO PKE,ANTIOCH,TN,37013,8865,SOUTH,36.0645,-86.6288,POINT (-86.6288 36.0645)
20190685687,09/15/2019 11:14:00 AM,2,1,0,,N,352168,2,HEAD-ON,21,CLEAR,1,DAYLIGHT,12,MOTOR VEHICLE IN TRANSPORT,GALE LN & GRANNY WHITE PKE,NASHVILLE,TN,37204,6933,MIDTOW,36.1171,-86.7916,POINT (-86.7916 36.1171)
20190893522,12/13/2019 06:56:00 AM,2,0,0,,N,384442,5,SIDESWIPE - SAME DIRECTION,21,CLEAR,1,DAYLIGHT,12,MOTOR VEHICLE IN TRANSPORT,MM 5 0 I 440,NASHVILLE,TN,37204,8306,MIDTOW,36.1164,-86.7714,POINT (-86.7714 36.1164)
20190807900,11/06/2019 12:14:00 PM,2,0,0,,N,716886,11,Front to Rear,21,CLEAR,1,DAYLIGHT,12,MOTOR VEHICLE IN TRANSPORT,THOMPSON LN & NOLENSVILLE PKE,NASHVILLE,TN,37211,8425,SOUTH,36.1109,-86.7447,POINT (-86.7447 36.1109)
20190587014,08/07/2019 11:39:00 AM,2,0,0,,Y,474557,4,ANGLE,21,CLEAR,1,DAYLIGHT,12,MOTOR VEHICLE IN TRANSPORT,WELSHWOOD DR & NOLENSVILLE PKE,NASHVILLE,TN,37211,8445,SOUTH,36.0826,-86.7273,POINT (-86.7273 36.0826)
20190856526,11/27/2019 03:42:00 AM,1,0,0,Y,N,256377,0,NOT COLLISION W/MOTOR VEHICLE-TRANSPORT,21,CLEAR,2,DARK - NOT LIGHTED,25;64,GUARDRAIL END;Ran Off Road-Left,MM 213 6 I 40,NASHVILLE,TN,37217,8802,HERMIT,36.1406,-86.7202,POINT (-86.7202 36.1406)
20190636503,08/26/2019 05:50:00 AM,1,0,0,Y,N,320598,0,NOT COLLISION W/MOTOR VEHICLE-TRANSPORT,2,RAIN,4,DAWN,36,CONCRETE TRAFFIC BARRIER,MM 77 2 I 65,NASHVILLE,TN,37220,86042,MIDTOW,36.0734,-86.7691,POINT (-86.7691 36.0734)
20190593421,08/09/2019 03:30:00 PM,2,0,0,,Y,690942,11,Front to Rear,21,CLEAR,1,DAYLIGHT,12,MOTOR VEHICLE IN TRANSPORT,11TH AVN & NELSON MERRY ST,NASHVILLE,TN,37203,4205,CENTRA,36.1634,-86.7913,POINT (-86.7913 36.1634)
20190789280,10/29/2019 05:17:00 PM,2,0,0,Y,N,151132,0,NOT COLLISION W/MOTOR VEHICLE-TRANSPORT,21,CLEAR,5,DUSK,16,THROWN OR FALLING OBJECT,SPRINGFIELD HWY & WILLIAMSON RD,GOODLETTSVILLE,TN,37072,2219,MADISO,36.3575,-86.7248,POINT (-86.7248 36.3575)
20190682169,09/13/2019 05:43:00 PM,2,0,0,,N,320579,4,ANGLE,21,CLEAR,1,DAYLIGHT,12,MOTOR VEHICLE IN TRANSPORT,BOSCOBEL ST & S 14TH ST,NASHVILLE,TN,37206,1237,EAST,36.172,-86.7466,POINT (-86.7466 36.172)
20190929372,12/30/2019 10:40:00 AM,2,1,0,,N,212325,11,Front to Rear,21,CLEAR,1,DAYLIGHT,12,MOTOR VEHICLE IN TRANSPORT,GALLATIN PKES & E OLD HICKORY BLVD,MADISON,TN,37115,1771,MADISO,36.2622,-86.7122,POINT (-86.7122 36.2622)
20190670974,09/09/2019 02:31:00 PM,2,0,0,,Y,240955,4,ANGLE,21,CLEAR,1,DAYLIGHT,12;14,MOTOR VEHICLE IN TRANSPORT;PARKED MOTOR VEHICLE,HICKORY HOLLOW MALL PVTDR PL & HICKORY H,ANTIOCH,TN,37013,8871,SOUTH,36.0495,-86.6594,POINT (-86.6594 36.0495)
20190862195,11/29/2019 12:00:00 AM,1,0,0,Y,Y,311341,0,NOT COLLISION W/MOTOR VEHICLE-TRANSPORT,22,CLOUDY,9,UNKNOWN,47,FIRE HYDRANT,CHARLOTTE AV & 42ND AVN,NASHVILLE,TN,37209,5217,WEST,36.1524,-86.8366,POINT (-86.8366 36.1524)
20190907840,12/19/2019 12:13:00 PM,2,0,0,,N,140804,11,Front to Rear,21,CLEAR,1,DAYLIGHT,12,MOTOR VEHICLE IN TRANSPORT,MM 49 5 I 24,NASHVILLE,TN,37210,4008,CENTRA,36.1588,-86.7604,POINT (-86.7604 36.1588)
20190639714,08/27/2019 01:10:00 PM,2,0,0,,N,224824,4,ANGLE,21,CLEAR,1,DAYLIGHT,12,MOTOR VEHICLE IN TRANSPORT,OLD HICKORY BLVD & ARBOR LAKE BLVD,HERMITAGE,TN,37076,9527,HERMIT,36.164,-86.5975,POINT (-86.5975 36.164)
20190761394,10/17/2019 12:39:00 PM,2,0,0,,Y,206962,11,Front to Rear,21,CLEAR,1,DAYLIGHT,55,Motor Vehicle-In-Motion Outside Trafficw,US HWY 31E & LIBERTY LN,MADISON,TN,37115,1731,MADISO,36.3047,-86.689,POINT (-86.689 36.3047)
20190689716,09/17/2019 07:45:00 AM,2,2,0,Y,N,607049,4,ANGLE,21,CLEAR,1,DAYLIGHT,12;31,"MOTOR VEHICLE IN TRANSPORT;OTHER POST, POLE, SUPP.",ELMORE AV & GALLATIN PKEN,MADISON,TN,37115,1717,MADISO,36.28,-86.7086,POINT (-86.7086 36.28)
20190661352,09/05/2019 06:49:00 AM,1,1,0,,N,462474,0,NOT COLLISION W/MOTOR VEHICLE-TRANSPORT,21,CLEAR,1,DAYLIGHT,30,UTILITY POLE,VERITAS ST & NOLENSVILLE PKE,NASHVILLE,TN,37211,8431,SOUTH,36.0977,-86.7385,POINT (-86.7385 36.0977)
20190857041,11/27/2019 08:55:00 AM,2,0,0,,Y,337277,5,SIDESWIPE - SAME DIRECTION,21,CLEAR,1,DAYLIGHT,12,MOTOR VEHICLE IN TRANSPORT,MM 207 9 I 40,NASHVILLE,TN,37208,54022,NORTH,36.1693,-86.7972,POINT (-86.7972 36.1693)
20190662922,09/05/2019 08:35:00 PM,2,1,0,,N,352184,4,ANGLE,21,CLEAR,3,DARK - LIGHTED,12,MOTOR VEHICLE IN TRANSPORT,GALLATIN AV & SEYMOUR AV,NASHVILLE,TN,37206,1319,EAST,36.1857,-86.7476,POINT (-86.7476 36.1857)
20190852477,11/25/2019 12:43:00 PM,2,0,0,,N,384442,11,Front to Rear,21,CLEAR,1,DAYLIGHT,12,MOTOR VEHICLE IN TRANSPORT,NOLENSVILLE PKE & I440 E EXT RAMP,NASHVILLE,TN,37210,8321,SOUTH,36.1216,-86.7505,POINT (-86.7505 36.1216)
20190777006,10/24/2019 07:33:00 AM,3,0,0,,Y,191578,11,Front to Rear,21,CLEAR,1,DAYLIGHT,12,MOTOR VEHICLE IN TRANSPORT,MM 213 3 I 40,NASHVILLE,TN,37210,9004,HERMIT,36.1407,-86.7259,POINT (-86.7259 36.1407)
20190799308,11/02/2019 11:06:00 PM,2,0,0,,N,298871,5,SIDESWIPE - SAME DIRECTION,21,CLEAR,3,DARK - LIGHTED,12,MOTOR VEHICLE IN TRANSPORT,16TH AVS & BROADWAY,NASHVILLE,TN,37203,5701,MIDTOW,36.1543,-86.7929,POINT (-86.7929 36.1543)
20190863610,11/30/2019 05:35:00 PM,2,0,0,,Y,330440,11,Front to Rear,2,RAIN,3,DARK - LIGHTED,12,MOTOR VEHICLE IN TRANSPORT,I 40 & UNKNOWN RAMP,NASHVILLE,TN,37210,9041,HERMIT,36.144,-86.7013,POINT (-86.7013 36.144)
20190760644,10/17/2019 06:32:00 AM,3,2,0,,N,306231,11,Front to Rear,21,CLEAR,1,DAYLIGHT,12,MOTOR VEHICLE IN TRANSPORT,MM 88 5 I 65,NASHVILLE,TN,37207,30040,NORTH,36.2237,-86.7746,POINT (-86.7746 36.2237)