Accident Number,Date and Time,Number of Motor Vehicles,Number of Injuries,Number of Fatalities,Property Damage,Hit and Run,Reporting Officer,Collision Type Code,Collision Type Description,Weather Code,Weather Description,Illumination Code,Illumination Description,Harmful Code,Harmful Code Description,Street Address,City,State,ZIP,RPA,Precinct,Latitude,Longitude,Mapped Location
20190727228,10/02/2019 08:25:00 PM,2,0,0,,N,197047,5,SIDESWIPE - SAME DIRECTION,21,CLEAR,3,DARK - LIGHTED,12,MOTOR VEHICLE IN TRANSPORT,DOUGLAS AV & GALLATIN AV,NASHVILLE,TN,37206,1325,EAST,36.1927,-86.7444,POINT (-86.7444 36.1927)
20190908416,12/19/2019 05:05:00 PM,2,0,0,,N,352172,4,ANGLE,21,CLEAR,2,DARK - NOT LIGHTED,12,MOTOR VEHICLE IN TRANSPORT,MM 42 8 I 24,WHITES CREEK,TN,37189,3226,NORTH,36.2473,-86.7841,POINT (-86.7841 36.2473)
20190644198,08/29/2019 06:52:00 AM,2,0,0,,N,716886,5,SIDESWIPE - SAME DIRECTION,21,CLEAR,1,DAYLIGHT,12,MOTOR VEHICLE IN TRANSPORT,CHESTNUT ST & 1ST AVS,NASHVILLE,TN,37210,8137,SOUTH,36.1464,-86.7632,POINT (-86.7632 36.1464)
20190678542,09/12/2019 11:34:00 AM,2,0,0,,N,462474,11,Front to Rear,21,CLEAR,1,DAYLIGHT,12,MOTOR VEHICLE IN TRANSPORT,OLD HICKORY BLVD & GRANNY WHITE PKE,NASHVILLE,TN,37220,7111,MIDTOW,36.04,-86.8156,POINT (-86.8156 36.04)
20190603724,08/13/2019 03:25:00 PM,2,0,0,,Y,298874,11,Front to Rear,2,RAIN,1,DAYLIGHT,12,MOTOR VEHICLE IN TRANSPORT,MAIN ST & MCFERRIN AV,NASHVILLE,TN,37206,1131,EAST,36.1763,-86.7564,POINT (-86.7564 36.1763)
20190761951,10/17/2019 05:43:00 PM,2,1,0,,N,256417,11,Front to Rear,21,CLEAR,1,DAYLIGHT,12,MOTOR VEHICLE IN TRANSPORT,TULIP GROVE RD & US HWY 70,HERMITAGE,TN,37076,9537,HERMIT,36.2154,-86.5885,POINT (-86.5885 36.2154)
20190635474,08/25/2019 05:57:00 PM,2,1,0,,N,330445,2,HEAD-ON,2,RAIN,1,DAYLIGHT,12,MOTOR VEHICLE IN TRANSPORT,HAWKINS ST & 12TH AVS,NASHVILLE,TN,37203,6723,MIDTOW,36.1487,-86.7856,POINT (-86.7856 36.1487)
20190809892,11/07/2019 07:54:00 AM,2,0,0,,N,594473,11,Front to Rear,2,RAIN,1,DAYLIGHT,12,MOTOR VEHICLE IN TRANSPORT,MM 79 5 I 65,NASHVILLE,TN,37204,70042,MIDTOW,36.106,-86.7678,POINT (-86.7678 36.106)
20190582065,08/05/2019 04:51:00 PM,2,0,0,,N,151132,5,SIDESWIPE - SAME DIRECTION,21,CLEAR,1,DAYLIGHT,12,MOTOR VEHICLE IN TRANSPORT,MM 92 8 I 65,MADISON,TN,37115,17062,MADISO,36.2724,-86.7362,POINT (-86.7362 36.2724)
20190847900,11/23/2019 04:28:00 AM,2,0,0,,N,179602,11,Front to Rear,2,RAIN,2,DARK - NOT LIGHTED,12,MOTOR VEHICLE IN TRANSPORT,MM 86 5 I 65,NASHVILLE,TN,37207,3006,NORTH,36.1946,-86.7762,POINT (-86.7762 36.1946)
20190754307,10/14/2019 06:20:00 PM,2,0,0,,N,352156,5,SIDESWIPE - SAME DIRECTION,21,CLEAR,3,DARK - LIGHTED,12,MOTOR VEHICLE IN TRANSPORT,4TH AVS & CHESTNUT ST,NASHVILLE,TN,37210,8169,SOUTH,36.1449,-86.7667,POINT (-86.7667 36.1449)
20190698913,09/20/2019 05:22:00 PM,2,0,0,,N,330444,5,SIDESWIPE - SAME DIRECTION,21,CLEAR,1,DAYLIGHT,14,PARKED MOTOR VEHICLE,US HWY 70S & 21ST AVE S,NASHVILLE,TN,37203,5713,MIDTOW,36.1506,-86.8009,POINT (-86.8009 36.1506)
20190627562,08/22/2019 02:17:00 PM,2,1,0,,N,256383,11,Front to Rear,22,CLOUDY,1,DAYLIGHT,12,MOTOR VEHICLE IN TRANSPORT,I24 E EXT RAMP & I 24,NASHVILLE,TN,37207,30080,NORTH,36.2378,-86.7872,POINT (-86.7872 36.2378)
20190632671,08/24/2019 10:30:00 AM,2,0,0,,N,279227,4,ANGLE,21,CLEAR,1,DAYLIGHT,12,MOTOR VEHICLE IN TRANSPORT,CITATION DR & EZELL PKE,NASHVILLE,TN,37217,8849,SOUTH,36.1005,-86.6723,POINT (-86.6723 36.1005)
20190871890,12/04/2019 07:35:00 AM,2,0,0,,N,402660,11,Front to Rear,21,CLEAR,1,DAYLIGHT,12,MOTOR VEHICLE IN TRANSPORT,US HWY 70S & CRAIGHEAD AVE,NASHVILLE,TN,37205,6009,WEST,36.1335,-86.8282,POINT (-86.8282 36.1335)
20190728170,10/03/2019 05:55:00 AM,2,0,0,,Y,256492,4,ANGLE,21,CLEAR,3,DARK - LIGHTED,12,MOTOR VEHICLE IN TRANSPORT,MURFREESBORO PKE & FESSLERS LN,NASHVILLE,TN,37210,8117,SOUTH,36.1427,-86.744,POINT (-86.744 36.1427)
20190707580,09/23/2019 02:00:00 AM,1,0,0,Y,Y,717341,0,NOT COLLISION W/MOTOR VEHICLE-TRANSPORT,21,CLEAR,3,DARK - LIGHTED,43,OTHER FIXED OBJECTS,RICHARDS RD & CUMMINGS PARK DR,ANTIOCH,TN,37013,8899,SOUTH,36.069,-86.6812,POINT (-86.6812 36.069)
20190925708,12/28/2019 12:15:00 PM,2,0,0,,N,320575,4,ANGLE,22,CLOUDY,1,DAYLIGHT,12,MOTOR VEHICLE IN TRANSPORT,PORTER HOUSE DR & NOLENSVILLE PKE,ANTIOCH,TN,37013,8759,SOUTH,36.0238,-86.7122,POINT (-86.7122 36.0238)
20190855663,11/26/2019 06:27:00 PM,2,0,0,,N,299257,11,Front to Rear,2,RAIN,,,12,MOTOR VEHICLE IN TRANSPORT,HARDING PL & FRANKLIN PKE,NASHVILLE,TN,37204,7029,MIDTOW,36.0866,-86.7716,POINT (-86.7716 36.0866)
20190620915,08/20/2019 08:00:00 AM,2,1,0,,N,755026,4,ANGLE,21,CLEAR,1,DAYLIGHT,12,MOTOR VEHICLE IN TRANSPORT,JOYNER AV & NOLENSVILLE PKE,NASHVILLE,TN,37210,8317,SOUTH,36.1165,-86.7481,POINT (-86.7481 36.1165)
20190897808,12/15/2019 07:40:00 AM,1,0,0,,N,352164,0,NOT COLLISION W/MOTOR VEHICLE-TRANSPORT,22,CLOUDY,1,DAYLIGHT,50,DEER (ANIMAL),BLUE HOLE RD & ERNA CT,ANTIOCH,TN,37013,8753,SOUTH,36.0402,-86.6779,POINT (-86.6779 36.0402)
20190693518,09/18/2019 03:15:00 PM,2,0,0,,N,714641,5,SIDESWIPE - SAME DIRECTION,21,CLEAR,1,DAYLIGHT,12,MOTOR VEHICLE IN TRANSPORT,KOREAN VETERANS BLVD & 4TH AVS,NASHVILLE,TN,37203,4055,CENTRA,36.1569,-86.7752,POINT (-86.7752 36.1569)
20190671407,09/09/2019 06:23:00 PM,2,2,0,,N,240955,11,Front to Rear,21,CLEAR,1,DAYLIGHT,12,MOTOR VEHICLE IN TRANSPORT,MM 54 5 I 24,NASHVILLE,TN,37211,84021,SOUTH,36.0999,-86.7113,POINT (-86.7113 36.0999)
20190899844,12/16/2019 09:48:00 AM,2,0,0,,N,226586,11,Front to Rear,2,RAIN,1,DAYLIGHT,12,MOTOR VEHICLE IN TRANSPORT,MCGAVOCK ST & 11TH AVS,NASHVILLE,TN,37203,4079,CENTRA,36.1559,-86.7861,POINT (-86.7861 36.1559)
20190881221,12/08/2019 08:14:00 AM,2,0,0,,N,834798,4,ANGLE,21,CLEAR,1,DAYLIGHT,12,MOTOR VEHICLE IN TRANSPORT,WEDGEWOOD AV & I65 N ENT RAMP,NASHVILLE,TN,37204,8027,MIDTOW,36.1343,-86.7747,POINT (-86.7747 36.1343)
20190584795,08/06/2019 12:00:00 AM,2,0,0,,N,279200,5,SIDESWIPE - SAME DIRECTION,21,CLEAR,1,DAYLIGHT,12,MOTOR VEHICLE IN TRANSPORT,LEA AV & 4TH AVS,NASHVILLE,TN,37203,4037,CENTRA,36.1547,-86.7731,POINT (-86.7731 36.1547)
20190773117,10/22/2019 05:04:00 PM,2,0,0,,Y,151132,11,Front to Rear,21,CLEAR,1,DAYLIGHT,12,MOTOR VEHICLE IN TRANSPORT,DUE WEST AVW & S GRAYCROFT AV,MADISON,TN,37115,1799,MADISO,36.2492,-86.7345,POINT (-86.7345 36.2492)
20190841071,11/20/2019 01:21:00 PM,2,0,0,,N,834798,5,SIDESWIPE - SAME DIRECTION,21,CLEAR,1,DAYLIGHT,12,MOTOR VEHICLE IN TRANSPORT,20TH AVN & STATE ST,NASHVILLE,TN,37203,5509,MIDTOW,36.1543,-86.8015,POINT (-86.8015 36.1543)
20190760774,10/17/2019 07:32:00 AM,2,2,0,,N,405391,11,Front to Rear,21,CLEAR,1,DAYLIGHT,12,MOTOR VEHICLE IN TRANSPORT,ELAINE AV & STERLING ST,NASHVILLE,TN,37209,4649,WEST,36.156,-86.8635,POINT (-86.8635 36.156)
20190751897,10/13/2019 07:22:00 PM,2,0,0,,N,352155,4,ANGLE,21,CLEAR,3,DARK - LIGHTED,12,MOTOR VEHICLE IN TRANSPORT,EWING DR & GWYNNWOOD DR,NASHVILLE,TN,37207,3029,NORTH,36.2315,-86.7925,POINT (-86.7925 36.2315)
20190688515,09/16/2019 12:00:00 AM,2,1,0,,N,311333,11,Front to Rear,21,CLEAR,2,DARK - NOT LIGHTED,12,MOTOR VEHICLE IN TRANSPORT,MT VIEW RD & OLD FRANKLIN RD,ANTIOCH,TN,37013,8865,SOUTH,36.0422,-86.6361,POINT (-86.6361 36.0422)
20190725889,10/02/2019 08:54:00 AM,2,2,0,,N,191578,11,Front to Rear,21,CLEAR,1,DAYLIGHT,12,MOTOR VEHICLE IN TRANSPORT,SPENCE LN & LEBANON PKE,NASHVILLE,TN,37210,9019,HERMIT,36.1537,-86.7216,POINT (-86.7216 36.1537)
20190659460,09/04/2019 10:48:00 AM,2,0,0,,N,493309,4,ANGLE,21,CLEAR,1,DAYLIGHT,12,MOTOR VEHICLE IN TRANSPORT,I65 S EXT RAMP & OLD HICKORY BLVDW,MADISON,TN,37115,2101,MADISO,36.2656,-86.7398,POINT (-86.7398 36.2656)
20190901872,12/17/2019 06:20:00 AM,1,0,0,Y,N,716877,0,NOT COLLISION W/MOTOR VEHICLE-TRANSPORT,2,RAIN,3,DARK - LIGHTED,30,UTILITY POLE,MT VIEW RD & OLD FRANKLIN RD,ANTIOCH,TN,37013,8863,SOUTH,36.0484,-86.6574,POINT (-86.6574 36.0484)
20190742135,10/09/2019 11:15:00 AM,2,1,0,,N,109534,11,Front to Rear,21,CLEAR,1,DAYLIGHT,12,MOTOR VEHICLE IN TRANSPORT,ANDREW JACKSON WAY & ANDREW JACKSON PKWY,HERMITAGE,TN,37076,9559,HERMIT,36.1871,-86.6078,POINT (-86.6078 36.1871)
20190896182,12/14/2019 09:50:00 AM,2,0,0,,Y,902543,4,ANGLE,2,RAIN,1,DAYLIGHT,14,PARKED MOTOR VEHICLE,DICKERSON PKE & HILLHURST DR,NASHVILLE,TN,37207,1811,EAST,36.2269,-86.7599,POINT (-86.7599 36.2269)
20190802920,11/04/2019 03:15:00 PM,1,1,0,Y,N,384446,0,NOT COLLISION W/MOTOR VEHICLE-TRANSPORT,21,CLEAR,1,DAYLIGHT,30;63,UTILITY POLE;Ran Off Road-Right,44TH AVN & CHARLOTTE AV,NASHVILLE,TN,37209,5219,WEST,36.1525,-86.8396,POINT (-86.8396 36.1525)
20190671266,09/09/2019 03:20:00 PM,3,1,0,,N,320577,11,Front to Rear,21,CLEAR,1,DAYLIGHT,12,MOTOR VEHICLE IN TRANSPORT,FRANKLIN PKE & OLD HICKORY BLVD,NASHVILLE,TN,37220,7111,MIDTOW,36.0377,-86.7865,POINT (-86.7865 36.0377)
20190761867,10/17/2019 04:55:00 PM,2,0,0,,N,330415,5,SIDESWIPE - SAME DIRECTION,21,CLEAR,1,DAYLIGHT,12,MOTOR VEHICLE IN TRANSPORT,0 I 40,NASHVILLE,TN,37210,9002,HERMIT,36.1532,-86.7556,POINT (-86.7556 36.1532)
20190659502,09/04/2019 10:24:00 AM,2,0,0,,N,414731,11,Front to Rear,21,CLEAR,1,DAYLIGHT,12,MOTOR VEHICLE IN TRANSPORT,MURFREESBORO PKE & LAVERGNE COUCHVILLE P,ANTIOCH,TN,37013,8869,SOUTH,36.0279,-86.5899,POINT (-86.5899 36.0279)
20190747803,10/11/2019 05:22:00 PM,2,0,0,,Y,320579,4,ANGLE,2,RAIN,5,DUSK,12,MOTOR VEHICLE IN TRANSPORT,S 6TH ST & WOODLAND ST,NASHVILLE,TN,37206,1117,EAST,36.1726,-86.7628,POINT (-86.7628 36.1726)
20190831846,11/16/2019 05:43:00 PM,2,0,0,,N,320582,11,Front to Rear,21,CLEAR,3,DARK - LIGHTED,12,MOTOR VEHICLE IN TRANSPORT,SPRING ST & I24 W EXT RAMP,NASHVILLE,TN,37207,1983,EAST,36.1767,-86.7723,POINT (-86.7723 36.1767)
20190923954,12/27/2019 02:52:00 PM,1,0,0,Y,N,137872,0,NOT COLLISION W/MOTOR VEHICLE-TRANSPORT,21,CLEAR,1,DAYLIGHT,24,GUARDRAIL FACE,CHANDLER RD & CHANDLER GROVE DR,HERMITAGE,TN,37076,9513,HERMIT,36.2001,-86.5827,POINT (-86.5827 36.2001)
20190606097,08/14/2019 01:11:00 PM,3,0,0,,Y,226622,11,Front to Rear,22,CLOUDY,1,DAYLIGHT,12,MOTOR VEHICLE IN TRANSPORT,51ST AVN & LOUISIANA AV,NASHVILLE,TN,37209,4607,WEST,36.162,-86.8491,POINT (-86.8491 36.162)
20190678999,09/12/2019 03:13:00 PM,2,1,0,,N,184870,4,ANGLE,21,CLEAR,1,DAYLIGHT,12,MOTOR VEHICLE IN TRANSPORT,WHITE BRIDGE PKE & STONEWAY TRL,NASHVILLE,TN,37209,5021,WEST,36.1364,-86.8581,POINT (-86.8581 36.1364)
20190612801,08/16/2019 10:34:00 PM,2,0,0,,Y,134867,5,SIDESWIPE - SAME DIRECTION,21,CLEAR,3,DARK - LIGHTED,14,PARKED MOTOR VEHICLE,2ND AVN & COMMERCE ST,NASHVILLE,TN,37201,4101,CENTRA,36.163,-86.7759,POINT (-86.7759 36.163)
20190791241,10/30/2019 11:30:00 AM,2,0,0,,N,279206,11,Front to Rear,2,RAIN,1,DAYLIGHT,12,MOTOR VEHICLE IN TRANSPORT,BRILEY PKWY N EXT RAMP & ELM HILL PKE,NASHVILLE,TN,37214,9107,HERMIT,36.1523,-86.6905,POINT (-86.6905 36.1523)
20190651471,08/31/2019 11:22:00 PM,1,0,0,,N,110090,0,NOT COLLISION W/MOTOR VEHICLE-TRANSPORT,21,CLEAR,3,DARK - LIGHTED,24,GUARDRAIL FACE,BURKITT RD & BATTLE RD,ANTIOCH,TN,37013,8771,SOUTH,36.0594,-86.7161,POINT (-86.7161 36.0594)
20190717489,09/28/2019 02:57:00 PM,2,0,0,,N,256383,11,Front to Rear,22,CLOUDY,1,DAYLIGHT,12,MOTOR VEHICLE IN TRANSPORT,I24E & I24 W EXT RAMP,NASHVILLE,TN,37210,8102,SOUTH,36.1336,-86.7269,POINT (-86.7269 36.1336)
20190735861,10/06/2019 04:16:00 PM,6,0,0,,N,299257,11,Front to Rear,2,RAIN,1,DAYLIGHT,12,MOTOR VEHICLE IN TRANSPORT,MM 6 3 I 440,NASHVILLE,TN,37210,8304,SOUTH,36.1229,-86.751,POINT (-86.751 36.1229)
20190800883,11/03/2019 05:51:00 PM,4,2,0,,Y,352197,11,Front to Rear,21,CLEAR,3,DARK - LIGHTED,12,MOTOR VEHICLE IN TRANSPORT,MURFREESBORO PKE & MOUNTAIN SPRINGS RD,ANTIOCH,TN,37013,8927,SOUTH,36.0478,-86.6121,POINT (-86.6121 36.0478)
20190778717,10/24/2019 10:00:00 PM,1,0,0,Y,Y,179603,0,NOT COLLISION W/MOTOR VEHICLE-TRANSPORT,21,CLEAR,3,DARK - LIGHTED,40;64,MAIL BOX;Ran Off Road-Left,VAILVIEW DR & HUNLEY DR,NASHVILLE,TN,37207,2029,MADISO,36.2398,-86.7664,POINT (-86.7664 36.2398)
20190819507,11/11/2019 04:35:00 PM,2,0,0,,N,352156,11,Front to Rear,2,RAIN,5,DUSK,12,MOTOR VEHICLE IN TRANSPORT,I24E & I24 W ENT RAMP,NASHVILLE,TN,37210,82061,HERMIT,36.1386,-86.7273,POINT (-86.7273 36.1386)
20190681894,09/13/2019 02:48:00 PM,2,0,0,,N,212369,5,SIDESWIPE - SAME DIRECTION,21,CLEAR,1,DAYLIGHT,12,MOTOR VEHICLE IN TRANSPORT,MCMURRAY DR & MANORWOOD CT,NASHVILLE,TN,37211,8659,MIDTOW,36.0573,-86.7226,POINT (-86.7226 36.0573)
20190656467,09/03/2019 06:55:00 AM,2,0,0,,N,628640,11,Front to Rear,21,CLEAR,1,DAYLIGHT,12,MOTOR VEHICLE IN TRANSPORT,HARDING PL & ANTIOCH PKE,NASHVILLE,TN,37211,8843,SOUTH,36.0878,-86.6914,POINT (-86.6914 36.0878)
20190695730,09/19/2019 12:13:00 PM,2,0,0,,N,716886,5,SIDESWIPE - SAME DIRECTION,21,CLEAR,1,DAYLIGHT,12,MOTOR VEHICLE IN TRANSPORT,BELL RD & HICKORY HOLLOW TER,ANTIOCH,TN,37013,8865,SOUTH,36.3008,-86.6948,POINT (-86.6948 36.3008)
20190864319,12/01/2019 12:00:00 AM,1,0,0,Y,N,175719,0,NOT COLLISION W/MOTOR VEHICLE-TRANSPORT,22,CLOUDY,3,DARK - LIGHTED,71,EMBANKMENT EARTH,WEST AV & CLINE AV,NASHVILLE,TN,37206,1895,EAST,36.1941,-86.7507,POINT (-86.7507 36.1941)
20190768163,10/20/2019 01:35:00 PM,1,2,0,,N,179602,0,NOT COLLISION W/MOTOR VEHICLE-TRANSPORT,21,CLEAR,1,DAYLIGHT,1,,WHITES CREEK PKE & OLD CLARKSVILLE PKE,JOELTON,TN,37080,3307,NORTH,36.312,-86.8602,POINT (-86.8602 36.312)
20190662331,09/05/2019 12:00:00 AM,2,0,0,,N,299258,11,Front to Rear,21,CLEAR,1,DAYLIGHT,12,MOTOR VEHICLE IN TRANSPORT,OLD HICKORY BLVD & WHITES CREEK PKE,WHITES CREEK,TN,37189,3229,NORTH,36.2657,-86.8309,POINT (-86.8309 36.2657)
20190879851,12/07/2019 01:56:00 PM,2,0,0,,N,462474,6,SIDESWIPE - OPPOSITE DIRECTION,21,CLEAR,1,DAYLIGHT,12,MOTOR VEHICLE IN TRANSPORT,BATTERY LN & PADDOCK PK,NASHVILLE,TN,37220,7105,MIDTOW,36.0887,-86.7947,POINT (-86.7947 36.0887)
20190821576,11/12/2019 12:58:00 PM,2,3,0,,N,352202,11,Front to Rear,21,CLEAR,1,DAYLIGHT,12,MOTOR VEHICLE IN TRANSPORT,MM 49 0 I 24,NASHVILLE,TN,37206,10040,EAST,36.1664,-86.7647,POINT (-86.7647 36.1664)
20190835596,11/18/2019 12:37:00 PM,2,0,0,,N,226673,4,ANGLE,22,CLOUDY,1,DAYLIGHT,12,MOTOR VEHICLE IN TRANSPORT,4TH AVN & UNION ST,NASHVILLE,TN,37219,4159,CENTRA,36.1652,-86.78,POINT (-86.78 36.1652)
20190791964,10/30/2019 06:02:00 PM,2,0,0,,N,299264,4,ANGLE,2,RAIN,3,DARK - LIGHTED,12,MOTOR VEHICLE IN TRANSPORT,CHURCH ST & 15TH AVN,NASHVILLE,TN,37203,5517,MIDTOW,36.1574,-86.7926,POINT (-86.7926 36.1574)
20190873124,12/04/2019 05:04:00 PM,1,0,0,,N,834813,0,NOT COLLISION W/MOTOR VEHICLE-TRANSPORT,21,CLEAR,2,DARK - NOT LIGHTED,50,DEER (ANIMAL),LICKTON PKE & WHITES CREEK PKE PVTDR,WHITES CREEK,TN,37189,3301,NORTH,36.2813,-86.8151,POINT (-86.8151 36.2813)
20190793242,10/31/2019 07:30:00 AM,1,0,0,Y,Y,876573,0,NOT COLLISION W/MOTOR VEHICLE-TRANSPORT,22,CLOUDY,1,DAYLIGHT,43,OTHER FIXED OBJECTS,BIRDSONG CHASE & CHESTNUT OAK DR,ANTIOCH,TN,37013,8971,SOUTH,36.0424,-86.5943,POINT (-86.5943 36.0424)
20190642923,08/28/2019 05:15:00 PM,2,0,0,,N,169425,11,Front to Rear,21,CLEAR,1,DAYLIGHT,12,MOTOR VEHICLE IN TRANSPORT,MM 1 4 I 440,NASHVILLE,TN,37209,52320,WEST,36.1496,-86.8227,POINT (-86.8227 36.1496)
20190849119,11/23/2019 08:36:00 PM,2,0,0,,N,298877,4,ANGLE,2,RAIN,3,DARK - LIGHTED,12,MOTOR VEHICLE IN TRANSPORT,NOLENSVILLE PKE & PARAGON MILLS RD,NASHVILLE,TN,37211,8421,SOUTH,36.0848,-86.7281,POINT (-86.7281 36.0848)
20190795323,11/01/2019 04:16:00 AM,1,0,0,,Y,311336,0,NOT COLLISION W/MOTOR VEHICLE-TRANSPORT,21,CLEAR,3,DARK - LIGHTED,30,UTILITY POLE,SUNSET DR & DICKERSON PKE,NASHVILLE,TN,37207,1887,EAST,36.2237,-86.761,POINT (-86.761 36.2237)
20190603983,08/13/2019 06:15:00 PM,2,1,0,,N,197054,4,ANGLE,21,CLEAR,1,DAYLIGHT,12;39,MOTOR VEHICLE IN TRANSPORT;WALL,BRILEY PKWY S ENT RAMP & BRILEY PKWYS,NASHVILLE,TN,37217,8811,SOUTH,36.1182,-86.7017,POINT (-86.7017 36.1182)
20190664167,09/06/2019 09:26:00 AM,1,1,0,,N,834798,0,NOT COLLISION W/MOTOR VEHICLE-TRANSPORT,21,CLEAR,1,DAYLIGHT,9,,CEDAR LN & BELMONT BLVD,NASHVILLE,TN,37212,6503,MIDTOW,36.1207,-86.7951,POINT (-86.7951 36.1207)
20190827170,11/14/2019 04:50:00 PM,2,0,0,,N,580819,4,ANGLE,21,CLEAR,5,DUSK,12,MOTOR VEHICLE IN TRANSPORT,10TH AVN & CHARLOTTE AV,NASHVILLE,TN,37203,4149,CENTRA,36.1627,-86.7874,POINT (-86.7874 36.1627)
20190717487,09/28/2019 03:03:00 PM,2,0,0,,N,320599,11,Front to Rear,22,CLOUDY,1,DAYLIGHT,12,MOTOR VEHICLE IN TRANSPORT,MM 214 0 I 40,NASHVILLE,TN,37217,88020,HERMIT,36.1417,-86.7137,POINT (-86.7137 36.1417)
20190874257,12/05/2019 06:48:00 AM,2,0,0,,Y,834798,5,SIDESWIPE - SAME DIRECTION,21,CLEAR,1,DAYLIGHT,14,PARKED MOTOR VEHICLE,TROUSDALE DR & HARDING PL,NASHVILLE,TN,37211,8507,MIDTOW,36.0823,-86.7582,POINT (-86.7582 36.0823)
20190867226,12/02/2019 02:42:00 PM,2,0,0,,N,352164,11,Front to Rear,22,CLOUDY,1,DAYLIGHT,12,MOTOR VEHICLE IN TRANSPORT,NOLENSVILLE PKE & HAYWOOD LN,NASHVILLE,TN,37211,8661,MIDTOW,36.0683,-86.7193,POINT (-86.7193 36.0683)
20190876826,12/06/2019 05:51:00 AM,2,0,0,,N,352199,11,Front to Rear,21,CLEAR,1,DAYLIGHT,12,MOTOR VEHICLE IN TRANSPORT,OLD HICKORY BLVDW & I65 N ENT RAMP,MADISON,TN,37115,1777,MADISO,36.2643,-86.7361,POINT (-86.7361 36.2643)
20190884176,12/09/2019 05:01:00 PM,2,0,0,,N,240983,4,ANGLE,22,CLOUDY,3,DARK - LIGHTED,12,MOTOR VEHICLE IN TRANSPORT,NOLENSVILLE PKE & THUSS AV,NASHVILLE,TN,37211,8427,SOUTH,36.1027,-86.741,POINT (-86.741 36.1027)
20190699601,09/20/2019 10:00:00 PM,1,0,0,Y,N,110090,0,NOT COLLISION W/MOTOR VEHICLE-TRANSPORT,21,CLEAR,3,DARK - LIGHTED,38;42,FENCE;TREE,OLD HICKORY BLVD & SONOMA TRC,ANTIOCH,TN,37013,8757,SOUTH,36.034,-86.6904,POINT (-86.6904 36.034)
20190772981,10/22/2019 04:10:00 PM,2,1,0,,Y,256374,11,Front to Rear,21,CLEAR,1,DAYLIGHT,12,MOTOR VEHICLE IN TRANSPORT,BELL RD & BRITTANY PARK DR,ANTIOCH,TN,37013,8719,SOUTH,36.0469,-86.6794,POINT (-86.6794 36.0469)
20190627770,08/22/2019 03:00:00 PM,2,0,0,,N,256496,11,Front to Rear,2,RAIN,1,DAYLIGHT,12,MOTOR VEHICLE IN TRANSPORT,BRIDGEWAY AV & ROBINSON RD,OLD HICKORY,TN,37138,9701,HERMIT,36.2674,-86.6695,POINT (-86.6695 36.2674)
20190884064,12/09/2019 03:35:00 PM,5,0,0,,N,580819,16,Rear to Side,22,CLOUDY,5,DUSK,14,PARKED MOTOR VEHICLE,917 COMMERCE ST,NASHVILLE,TN,37203,4115,CENTRA,36.1592,-86.7849,POINT (-86.7849 36.1592)
20190764918,10/18/2019 09:43:00 PM,2,0,0,,Y,240983,11,Front to Rear,21,CLEAR,2,DARK - NOT LIGHTED,12,MOTOR VEHICLE IN TRANSPORT,NOLENSVILLE PKE & OLD HICKORY BLVD,NASHVILLE,TN,37211,8717,SOUTH,36.0454,-86.7133,POINT (-86.7133 36.0454)
20190766522,10/19/2019 03:43:00 PM,2,0,0,,N,320581,5,SIDESWIPE - SAME DIRECTION,22,CLOUDY,1,DAYLIGHT,12,MOTOR VEHICLE IN TRANSPORT,14TH AVN & I40 E EXT RAMP,NASHVILLE,TN,37203,5425,NORTH,36.1611,-86.7937,POINT (-86.7937 36.1611)
20190905987,12/18/2019 05:14:00 PM,2,0,0,,N,279116,11,Front to Rear,22,CLOUDY,2,DARK - NOT LIGHTED,12,MOTOR VEHICLE IN TRANSPORT,MM 77 2 I 65,NASHVILLE,TN,37220,86042,MIDTOW,36.0734,-86.7691,POINT (-86.7691 36.0734)
20190719160,09/29/2019 11:33:00 AM,2,0,0,,Y,332253,11,Front to Rear,21,CLEAR,1,DAYLIGHT,12,MOTOR VEHICLE IN TRANSPORT,OLD HICKORY BLVDW & HERITAGE DR,MADISON,TN,37115,1749,MADISO,36.2641,-86.7242,POINT (-86.7242 36.2641)
20190881535,12/08/2019 12:25:00 PM,3,3,0,,N,320575,11,Front to Rear,21,CLEAR,1,DAYLIGHT,12,MOTOR VEHICLE IN TRANSPORT,NOLENSVILLE PKE & TUSCULUM RD,NASHVILLE,TN,37211,8715,SOUTH,36.0587,-86.7162,POINT (-86.7162 36.0587)
20190677129,09/11/2019 08:41:00 PM,2,0,0,,N,267831,5,SIDESWIPE - SAME DIRECTION,21,CLEAR,3,DARK - LIGHTED,12,MOTOR VEHICLE IN TRANSPORT,CHARLOTTE PKE & CABOT DR,NASHVILLE,TN,37209,4677,WEST,36.2336,-86.7283,POINT (-86.7283 36.2336)
20190926359,12/28/2019 09:35:00 PM,2,0,0,,Y,298859,2,HEAD-ON,21,CLEAR,3,DARK - LIGHTED,12,MOTOR VEHICLE IN TRANSPORT,FRANKLIN LIMESTONE RD & MURFREESBORO PKE,NASHVILLE,TN,37217,8853,SOUTH,36.0944,-86.6534,POINT (-86.6534 36.0944)
20190819875,11/11/2019 12:00:00 AM,2,0,0,,Y,197070,11,Front to Rear,2,RAIN,3,DARK - LIGHTED,12;14,MOTOR VEHICLE IN TRANSPORT;PARKED MOTOR VEHICLE,HERMAN ST & 22ND AVN,NASHVILLE,TN,37208,5319,NORTH,36.1623,-86.8108,POINT (-86.8108 36.1623)