Accident Number,Date and Time,Number of Motor Vehicles,Number of Injuries,Number of Fatalities,Property Damage,Hit and Run,Reporting Officer,Collision Type Code,Collision Type Description,Weather Code,Weather Description,Illumination Code,Illumination Description,Harmful Code,Harmful Code Description,Street Address,City,State,ZIP,RPA,Precinct,Latitude,Longitude,Mapped Location
20190650410,08/31/2019 02:57:00 PM,2,1,0,,N,212369,4,ANGLE,21,CLEAR,1,DAYLIGHT,12,MOTOR VEHICLE IN TRANSPORT,BLACKMAN RD & DANBY DR,NASHVILLE,TN,37211,8611,MIDTOW,36.0745,-86.746,POINT (-86.746 36.0745)
20190870362,12/03/2019 06:45:00 PM,2,1,0,,Y,524985,11,Front to Rear,21,CLEAR,3,DARK - LIGHTED,12,MOTOR VEHICLE IN TRANSPORT,W TRINITY LN & BRICK CHURCH PKE,NASHVILLE,TN,37207,3003,NORTH,36.2066,-86.7779,POINT (-86.7779 36.2066)
20190900896,12/16/2019 07:30:00 PM,2,2,0,,N,717341,4,ANGLE,2,RAIN,3,DARK - LIGHTED,12,MOTOR VEHICLE IN TRANSPORT,RICHARDS RD & CUMMINGS PARK DR,ANTIOCH,TN,37013,8899,SOUTH,36.069,-86.6812,POINT (-86.6812 36.069)
20190874151,12/05/2019 05:20:00 AM,2,1,0,,Y,384418,5,SIDESWIPE - SAME DIRECTION,21,CLEAR,1,DAYLIGHT,12,MOTOR VEHICLE IN TRANSPORT,MURFREESBORO PKE & NASHBORO BLVD,ANTIOCH,TN,37013,8891,SOUTH,36.0869,-86.6487,POINT (-86.6487 36.0869)
20190647934,08/30/2019 03:18:00 PM,1,1,0,,N,267831,0,NOT COLLISION W/MOTOR VEHICLE-TRANSPORT,21,CLEAR,1,DAYLIGHT,7,,OLD HICKORY BLVD & TOLBERT RD,NASHVILLE,TN,37205,4903,WEST,36.1064,-86.9223,POINT (-86.9223 36.1064)
20190666835,09/07/2019 01:44:00 PM,1,1,0,,N,156307,0,NOT COLLISION W/MOTOR VEHICLE-TRANSPORT,21,CLEAR,1,DAYLIGHT,8,PEDESTRIAN,CLARKSVILLE PKE & ROSA L PARKS BLVD,NASHVILLE,TN,37228,4483,NORTH,36.1889,-86.8231,POINT (-86.8231 36.1889)
20190858734,11/28/2019 12:40:00 AM,1,0,0,,Y,256492,0,NOT COLLISION W/MOTOR VEHICLE-TRANSPORT,21,CLEAR,3,DARK - LIGHTED,33,CURB,ELM HILL PKE & FESSLERS LN,NASHVILLE,TN,37210,8217,HERMIT,36.1447,-86.744,POINT (-86.744 36.1447)
20190810032,11/07/2019 09:11:00 AM,2,0,0,,Y,474557,11,Front to Rear,2,RAIN,1,DAYLIGHT,12,MOTOR VEHICLE IN TRANSPORT,MM 59 7 I 24,ANTIOCH,TN,37013,88060,SOUTH,36.0428,-86.6545,POINT (-86.6545 36.0428)
20190590344,08/08/2019 02:22:00 PM,2,0,0,,N,306231,11,Front to Rear,21,CLEAR,1,DAYLIGHT,12,MOTOR VEHICLE IN TRANSPORT,MM 206 8 I 40,NASHVILLE,TN,37208,44022,NORTH,36.1684,-86.8148,POINT (-86.8148 36.1684)
20190786111,10/28/2019 01:30:00 PM,2,0,0,,Y,676834,5,SIDESWIPE - SAME DIRECTION,22,CLOUDY,1,DAYLIGHT,12,MOTOR VEHICLE IN TRANSPORT,CLARKSVILLE PKE & ROSA L PARKS BLVD,NASHVILLE,TN,37228,4483,NORTH,36.1889,-86.8231,POINT (-86.8231 36.1889)
20190737064,10/07/2019 07:39:00 AM,2,2,0,,N,243716,11,Front to Rear,22,CLOUDY,1,DAYLIGHT,12,MOTOR VEHICLE IN TRANSPORT,CLARKSVILLE PKE & TSU CONNECTOR,NASHVILLE,TN,37208,4425,NORTH,36.1896,-86.8244,POINT (-86.8244 36.1896)
20190912512,12/21/2019 03:07:00 PM,2,0,0,,Y,330436,11,Front to Rear,22,CLOUDY,1,DAYLIGHT,12,MOTOR VEHICLE IN TRANSPORT,3RD AVS & BROADWAY,NASHVILLE,TN,37201,4105,CENTRA,36.1615,-86.776,POINT (-86.776 36.1615)
20190839168,11/19/2019 07:45:00 PM,2,0,0,,N,279233,5,SIDESWIPE - SAME DIRECTION,21,CLEAR,3,DARK - LIGHTED,12,MOTOR VEHICLE IN TRANSPORT,STATE HWY 155 & US HWY 70,NASHVILLE,TN,37214,9027,HERMIT,36.1683,-86.6886,POINT (-86.6886 36.1683)
20190923359,12/27/2019 09:06:00 AM,1,1,0,,N,352198,0,NOT COLLISION W/MOTOR VEHICLE-TRANSPORT,22,CLOUDY,1,DAYLIGHT,1,,GREER RD & GREER RD PVTDR,GOODLETTSVILLE,TN,37072,2203,MADISO,36.3511,-86.7846,POINT (-86.7846 36.3511)
20190855398,11/26/2019 03:50:00 PM,2,0,0,,N,279214,5,SIDESWIPE - SAME DIRECTION,2,RAIN,1,DAYLIGHT,12,MOTOR VEHICLE IN TRANSPORT,I440 E ENT RAMP & I 65,NASHVILLE,TN,37204,7018,MIDTOW,36.1138,-86.7719,POINT (-86.7719 36.1138)
20190879006,12/07/2019 02:02:00 AM,2,2,0,,N,209173,11,Front to Rear,21,CLEAR,3,DARK - LIGHTED,13,MOTOR VEHICLE IN TRANSPORT-OTHER ROADWAY,CHARLOTTE PKE & OLD HICKORY BLVD,NASHVILLE,TN,37209,4701,WEST,36.1177,-86.9218,POINT (-86.9218 36.1177)
20190768059,10/20/2019 11:21:00 AM,2,0,0,,N,311804,4,ANGLE,21,CLEAR,1,DAYLIGHT,12,MOTOR VEHICLE IN TRANSPORT,INTERSTATE DR & MAIN ST,NASHVILLE,TN,37213,1105,CENTRA,36.1714,-86.769,POINT (-86.769 36.1714)
20190753870,10/14/2019 02:05:00 PM,2,0,0,,N,240968,4,ANGLE,21,CLEAR,1,DAYLIGHT,12,MOTOR VEHICLE IN TRANSPORT,RANSOM PL & MURFREESBORO PKE,NASHVILLE,TN,37217,8853,SOUTH,36.0694,-86.6409,POINT (-86.6409 36.0694)
20190798148,11/02/2019 09:30:00 AM,2,0,0,,N,544482,0,NOT COLLISION W/MOTOR VEHICLE-TRANSPORT,21,CLEAR,1,DAYLIGHT,34,DITCH,MM 209 2 I 40,NASHVILLE,TN,37203,5702,MIDTOW,36.1554,-86.7891,POINT (-86.7891 36.1554)
20190631622,08/23/2019 09:20:00 PM,2,0,0,,N,299238,11,Front to Rear,21,CLEAR,3,DARK - LIGHTED,12,MOTOR VEHICLE IN TRANSPORT,MM 88 2 I 65,NASHVILLE,TN,37207,18041,EAST,36.2188,-86.7747,POINT (-86.7747 36.2188)
20190870231,12/03/2019 05:32:00 PM,4,1,0,,N,256379,4,ANGLE,21,CLEAR,2,DARK - NOT LIGHTED,12,MOTOR VEHICLE IN TRANSPORT,PARAGON MILLS RD & TAMPA DR,NASHVILLE,TN,37211,8419,SOUTH,36.0876,-86.7141,POINT (-86.7141 36.0876)
20190881000,12/08/2019 04:41:00 AM,1,1,0,Y,N,169414,0,NOT COLLISION W/MOTOR VEHICLE-TRANSPORT,21,CLEAR,3,DARK - LIGHTED,30,UTILITY POLE,FESSLERS LN & POLK AV,NASHVILLE,TN,37210,8115,SOUTH,36.1348,-86.7468,POINT (-86.7468 36.1348)
20190806475,11/05/2019 11:20:00 PM,2,3,0,,N,311340,4,ANGLE,21,CLEAR,3,DARK - LIGHTED,12,MOTOR VEHICLE IN TRANSPORT,WOODMONT BLVD & BELMONT BLVD,NASHVILLE,TN,37215,6415,MIDTOW,36.113,-86.7998,POINT (-86.7998 36.113)
20190779336,10/25/2019 06:40:00 AM,3,1,0,,N,224955,11,Front to Rear,22,CLOUDY,1,DAYLIGHT,12,MOTOR VEHICLE IN TRANSPORT,DICKERSON PKE & SKYLINE COMMONS PVTDR,NASHVILLE,TN,37207,2011,MADISO,36.2475,-86.7568,POINT (-86.7568 36.2475)
20190772159,10/22/2019 09:03:00 AM,1,1,0,,N,716886,0,NOT COLLISION W/MOTOR VEHICLE-TRANSPORT,21,CLEAR,1,DAYLIGHT,42,TREE,MT VIEW RD & OLD FRANKLIN RD,ANTIOCH,TN,37013,8863,SOUTH,36.0484,-86.6574,POINT (-86.6574 36.0484)
20190627989,08/22/2019 05:49:00 PM,2,0,0,,N,352166,11,Front to Rear,2,RAIN,1,DAYLIGHT,12,MOTOR VEHICLE IN TRANSPORT,MM 210 2 I 40,NASHVILLE,TN,37203,4006,CENTRA,36.1499,-86.7726,POINT (-86.7726 36.1499)
20190908850,12/19/2019 08:55:00 PM,2,0,0,,N,352156,11,Front to Rear,21,CLEAR,3,DARK - LIGHTED,12,MOTOR VEHICLE IN TRANSPORT,ANTIOCH PKE & HARDING PL,NASHVILLE,TN,37211,8847,SOUTH,36.0874,-86.6922,POINT (-86.6922 36.0874)
20190684668,09/14/2019 09:40:00 PM,1,0,0,Y,Y,352173,0,NOT COLLISION W/MOTOR VEHICLE-TRANSPORT,21,CLEAR,3,DARK - LIGHTED,30,UTILITY POLE,CHARLOTTE AV & 42ND AVN,NASHVILLE,TN,37209,5217,WEST,36.1524,-86.8366,POINT (-86.8366 36.1524)
20190903442,12/17/2019 07:27:00 PM,1,1,0,,Y,330435,0,NOT COLLISION W/MOTOR VEHICLE-TRANSPORT,21,CLEAR,3,DARK - LIGHTED,8,PEDESTRIAN,DICKERSON PKE & HILLHURST DR,NASHVILLE,TN,37207,1811,EAST,36.2269,-86.7599,POINT (-86.7599 36.2269)
20190666739,09/07/2019 11:50:00 AM,2,0,0,,N,320595,4,ANGLE,21,CLEAR,1,DAYLIGHT,12,MOTOR VEHICLE IN TRANSPORT,NOLENSVILLE PKE & HICKORYVIEW DR,NASHVILLE,TN,37211,8717,SOUTH,36.0488,-86.7137,POINT (-86.7137 36.0488)
20190685581,09/15/2019 09:18:00 AM,2,1,0,,N,468030,11,Front to Rear,21,CLEAR,1,DAYLIGHT,12,MOTOR VEHICLE IN TRANSPORT,SPRING ST & I24 W EXT RAMP,NASHVILLE,TN,37207,1983,EAST,36.1767,-86.7723,POINT (-86.7723 36.1767)
20190636631,08/26/2019 07:08:00 AM,2,0,0,,N,420059,11,Front to Rear,21,CLEAR,1,DAYLIGHT,12,MOTOR VEHICLE IN TRANSPORT,MM 75 4 I 65,NASHVILLE,TN,37220,71040,MIDTOW,36.0619,-86.7721,POINT (-86.7721 36.0619)
20190737437,10/07/2019 12:46:00 PM,2,1,0,,N,109534,4,ANGLE,2,RAIN,1,DAYLIGHT,12,MOTOR VEHICLE IN TRANSPORT,ROYAL PKWY & NELSON PL,NASHVILLE,TN,37214,9103,HERMIT,36.1463,-86.6692,POINT (-86.6692 36.1463)
20190821153,11/12/2019 08:15:00 AM,2,0,0,,N,226134,4,ANGLE,21,CLEAR,1,DAYLIGHT,12,MOTOR VEHICLE IN TRANSPORT,ANDERSON RD & OWENDALE DR,NASHVILLE,TN,37217,8963,HERMIT,36.0739,-86.6236,POINT (-86.6236 36.0739)
20190690350,09/17/2019 12:50:00 PM,2,0,0,,N,226306,4,ANGLE,21,CLEAR,1,DAYLIGHT,12,MOTOR VEHICLE IN TRANSPORT,MCCRORY LN & I40 E EXT RAMP,NASHVILLE,TN,37221,4801,WEST,36.0765,-87.0197,POINT (-87.0197 36.0765)
20190810191,11/07/2019 12:00:00 AM,2,0,0,,Y,226134,5,SIDESWIPE - SAME DIRECTION,99,UNKNOWN,7,Dark-Unknown Lighting,14,PARKED MOTOR VEHICLE,660 CAMBRIDGE APTS PVTDR,ANTIOCH,TN,37013,8865,SOUTH,36.0575,-86.6388,POINT (-86.6388 36.0575)
20190910363,12/20/2019 12:00:00 PM,2,2,0,,N,279227,4,ANGLE,21,CLEAR,1,DAYLIGHT,12,MOTOR VEHICLE IN TRANSPORT,ANTIOCH PKE & HARDING PL,NASHVILLE,TN,37211,8847,SOUTH,36.0874,-86.6922,POINT (-86.6922 36.0874)
20190714482,09/27/2019 07:39:00 AM,2,0,0,,Y,493304,5,SIDESWIPE - SAME DIRECTION,5,FOG,1,DAYLIGHT,55,Motor Vehicle-In-Motion Outside Trafficw,SCHOOL PASS & MANN RD,MADISON,TN,37115,1615,MADISO,36.2396,-86.6745,POINT (-86.6745 36.2396)
20190672633,09/10/2019 07:34:00 AM,3,1,0,,N,226622,11,Front to Rear,21,CLEAR,1,DAYLIGHT,12,MOTOR VEHICLE IN TRANSPORT,HIGHWAY 70S & PEBBLE BROOK,NASHVILLE,TN,37221,4901,WEST,36.0757,-86.9173,POINT (-86.9173 36.0757)
20190708169,09/24/2019 07:36:00 PM,2,0,0,,N,169425,11,Front to Rear,21,CLEAR,2,DARK - NOT LIGHTED,12,MOTOR VEHICLE IN TRANSPORT,MM 209 5 I 40,NASHVILLE,TN,37203,40040,CENTRA,36.1502,-86.7844,POINT (-86.7844 36.1502)
20190761663,10/17/2019 03:06:00 PM,2,0,0,,N,151132,4,ANGLE,21,CLEAR,1,DAYLIGHT,12,MOTOR VEHICLE IN TRANSPORT,MOOREWOOD DR & RICHMOND HILL DR,NASHVILLE,TN,37207,2031,MADISO,36.2348,-86.7756,POINT (-86.7756 36.2348)
20190731657,10/04/2019 01:39:00 PM,2,0,0,,N,330412,11,Front to Rear,21,CLEAR,1,DAYLIGHT,12,MOTOR VEHICLE IN TRANSPORT,OLD HICKORY BLVDW & I65 N ENT RAMP,MADISON,TN,37115,1777,MADISO,36.2643,-86.7361,POINT (-86.7361 36.2643)
20190800834,11/03/2019 05:08:00 PM,3,0,0,,Y,384421,4,ANGLE,21,CLEAR,3,DARK - LIGHTED,12,MOTOR VEHICLE IN TRANSPORT,MURFREESBORO PKE & MILLWOOD DR,NASHVILLE,TN,37217,8815,HERMIT,36.1295,-86.7147,POINT (-86.7147 36.1295)
20190899498,12/16/2019 05:40:00 AM,2,0,0,,N,320584,11,Front to Rear,2,RAIN,3,DARK - LIGHTED,12,MOTOR VEHICLE IN TRANSPORT,I24 W ENT RAMP & I 24,NASHVILLE,TN,37206,1009,EAST,36.1666,-86.7638,POINT (-86.7638 36.1666)
20190671813,09/09/2019 10:25:00 PM,2,0,0,,N,330443,4,ANGLE,21,CLEAR,3,DARK - LIGHTED,12,MOTOR VEHICLE IN TRANSPORT,GALLATIN PKEN & STATE RT 45,MADISON,TN,37115,1701,MADISO,36.2644,-86.7115,POINT (-86.7115 36.2644)
20190656772,09/03/2019 10:04:00 AM,1,0,0,,N,279113,0,NOT COLLISION W/MOTOR VEHICLE-TRANSPORT,21,CLEAR,1,DAYLIGHT,30,UTILITY POLE,ALLEN RD & DONELSON PKE,NASHVILLE,TN,37214,9423,HERMIT,36.1507,-86.6666,POINT (-86.6666 36.1507)
20190639120,08/27/2019 06:55:00 AM,2,0,0,,N,420059,6,SIDESWIPE - OPPOSITE DIRECTION,21,CLEAR,1,DAYLIGHT,12,MOTOR VEHICLE IN TRANSPORT,ELYSIAN FIELDS RD & NOLENSVILLE PKE,NASHVILLE,TN,37211,8415,SOUTH,36.0864,-86.7291,POINT (-86.7291 36.0864)
20190651164,08/31/2019 09:55:00 PM,3,2,0,,Y,579971,98,OTHER,21,CLEAR,3,DARK - LIGHTED,12,MOTOR VEHICLE IN TRANSPORT,BELL RD & BROOK VIEW ESTATES DR,ANTIOCH,TN,37013,8755,SOUTH,36.0439,-86.6933,POINT (-86.6933 36.0439)
20190655050,09/01/2019 07:30:00 PM,2,0,0,,Y,320577,5,SIDESWIPE - SAME DIRECTION,21,CLEAR,1,DAYLIGHT,12,MOTOR VEHICLE IN TRANSPORT,OLD HICKORY BLVD & NOLENSVILLE PKE,ANTIOCH,TN,37013,8757,SOUTH,36.0455,-86.7122,POINT (-86.7122 36.0455)
20190889526,12/11/2019 05:08:00 PM,2,1,0,,N,212343,11,Front to Rear,21,CLEAR,3,DARK - LIGHTED,12,MOTOR VEHICLE IN TRANSPORT,JEFFERSON ST & OLDHAM ST PVTDR,NASHVILLE,TN,37213,1989,CENTRA,36.176,-86.7803,POINT (-86.7803 36.176)
20190816615,11/10/2019 02:00:00 AM,2,0,0,,Y,405391,4,ANGLE,21,CLEAR,3,DARK - LIGHTED,12;14,MOTOR VEHICLE IN TRANSPORT;PARKED MOTOR VEHICLE,GALAXIE DR & RANCHERO DR,NASHVILLE,TN,37209,4675,WEST,36.1452,-86.8838,POINT (-86.8838 36.1452)
20190620962,08/20/2019 08:00:00 AM,2,0,0,,N,235761,11,Front to Rear,21,CLEAR,1,DAYLIGHT,12,MOTOR VEHICLE IN TRANSPORT,CENTENNIAL BLVD & BRILEY PKWY S ENT RAMP,NASHVILLE,TN,37209,4641,WEST,36.1713,-86.8712,POINT (-86.8712 36.1713)
20190673884,09/10/2019 12:00:00 AM,2,0,0,,N,299258,5,SIDESWIPE - SAME DIRECTION,2,RAIN,1,DAYLIGHT,12,MOTOR VEHICLE IN TRANSPORT,BRILEY PKWYW & BRILEY PKWYE,NASHVILLE,TN,37218,3216,NORTH,36.2254,-86.8638,POINT (-86.8638 36.2254)
20190713310,09/26/2019 12:00:00 AM,2,0,0,,Y,429193,5,SIDESWIPE - SAME DIRECTION,21,CLEAR,5,DUSK,14,PARKED MOTOR VEHICLE,COLICE JEANNE RD & BAUGH RD,NASHVILLE,TN,37221,4811,WEST,36.0713,-86.9342,POINT (-86.9342 36.0713)
20190694930,09/19/2019 05:10:00 AM,2,1,0,,N,197067,4,ANGLE,21,CLEAR,3,DARK - LIGHTED,12,MOTOR VEHICLE IN TRANSPORT,CHURCH ST & 3RD AVN,NASHVILLE,TN,37201,4137,CENTRA,36.1642,-86.7777,POINT (-86.7777 36.1642)
20190844199,11/21/2019 06:30:00 PM,2,0,0,,N,240985,6,SIDESWIPE - OPPOSITE DIRECTION,21,CLEAR,3,DARK - LIGHTED,12,MOTOR VEHICLE IN TRANSPORT,FRANKLIN PKE & OLD HICKORY BLVD,NASHVILLE,TN,37220,7111,MIDTOW,36.0377,-86.7865,POINT (-86.7865 36.0377)
20190737685,10/07/2019 03:20:00 PM,2,1,0,,N,306230,11,Front to Rear,21,CLEAR,1,DAYLIGHT,12,MOTOR VEHICLE IN TRANSPORT,MM 208 2 I 40,NASHVILLE,TN,37208,54023,NORTH,36.1681,-86.7964,POINT (-86.7964 36.1681)
20190835462,11/18/2019 11:41:00 AM,2,1,0,,N,591936,4,ANGLE,21,CLEAR,1,DAYLIGHT,12,MOTOR VEHICLE IN TRANSPORT,WEDGEWOOD AV & BEECH AV,NASHVILLE,TN,37204,6919,MIDTOW,36.1343,-86.7806,POINT (-86.7806 36.1343)
20190802848,11/04/2019 02:15:00 PM,2,0,0,,Y,134899,5,SIDESWIPE - SAME DIRECTION,21,CLEAR,1,DAYLIGHT,12,MOTOR VEHICLE IN TRANSPORT,MM 220 2 I 40,HERMITAGE,TN,37076,94021,HERMIT,36.1665,-86.6122,POINT (-86.6122 36.1665)
20190788340,10/29/2019 09:55:00 AM,1,1,0,,N,226622,0,NOT COLLISION W/MOTOR VEHICLE-TRANSPORT,22,CLOUDY,1,DAYLIGHT,71,EMBANKMENT EARTH,MM 204 0 I 40,NASHVILLE,TN,37209,50024,WEST,36.1522,-86.8581,POINT (-86.8581 36.1522)
20190785520,10/28/2019 08:30:00 AM,2,0,0,,N,222047,4,ANGLE,22,CLOUDY,1,DAYLIGHT,12,MOTOR VEHICLE IN TRANSPORT,MM 213 0 I 40,NASHVILLE,TN,37210,8219,HERMIT,36.1407,-86.7323,POINT (-86.7323 36.1407)
20190603822,08/13/2019 03:58:00 PM,2,0,0,,N,169425,6,SIDESWIPE - OPPOSITE DIRECTION,2,RAIN,1,DAYLIGHT,12,MOTOR VEHICLE IN TRANSPORT,MM 82 2 I 65,NASHVILLE,TN,37203,6804,MIDTOW,36.1456,-86.7776,POINT (-86.7776 36.1456)
20190912789,12/21/2019 06:27:00 PM,2,2,0,,N,320585,11,Front to Rear,21,CLEAR,3,DARK - LIGHTED,12,MOTOR VEHICLE IN TRANSPORT,MM 211 6 I 40,NASHVILLE,TN,37210,82042,HERMIT,36.1508,-86.7502,POINT (-86.7502 36.1508)
20190817625,11/10/2019 07:42:00 PM,2,0,0,,Y,579971,11,Front to Rear,21,CLEAR,3,DARK - LIGHTED,12,MOTOR VEHICLE IN TRANSPORT,BLUE HOLE RD & BELL RD,ANTIOCH,TN,37013,8721,SOUTH,36.0458,-86.6744,POINT (-86.6744 36.0458)
20190872224,12/04/2019 10:47:00 AM,2,1,0,,N,320586,11,Front to Rear,21,CLEAR,1,DAYLIGHT,12,MOTOR VEHICLE IN TRANSPORT,MM 6 6 I 440,NASHVILLE,TN,37210,81040,SOUTH,36.1243,-86.7447,POINT (-86.7447 36.1243)
20190797310,11/01/2019 10:40:00 PM,2,2,0,,Y,352193,2,HEAD-ON,21,CLEAR,3,DARK - LIGHTED,12,MOTOR VEHICLE IN TRANSPORT,ANDREW JACKSON PKWY & OLD HICKORY BLVD,HERMITAGE,TN,37076,9561,HERMIT,36.1835,-86.6108,POINT (-86.6108 36.1835)
20190735724,10/06/2019 02:39:00 PM,3,0,0,,N,224437,5,SIDESWIPE - SAME DIRECTION,22,CLOUDY,1,DAYLIGHT,12,MOTOR VEHICLE IN TRANSPORT,JAMES ROBERTSON PKWY & INTERSTATE DR,NASHVILLE,TN,37213,1105,CENTRA,36.1714,-86.769,POINT (-86.769 36.1714)
20190900739,12/16/2019 04:45:00 PM,2,0,0,,N,807326,2,HEAD-ON,2,RAIN,5,DUSK,12,MOTOR VEHICLE IN TRANSPORT,HERMITAGE AV & PEABODY ST,NASHVILLE,TN,37201,4047,CENTRA,36.1622,-86.7744,POINT (-86.7744 36.1622)
20190745444,10/10/2019 06:37:00 PM,2,3,0,,N,320599,11,Front to Rear,22,CLOUDY,2,DARK - NOT LIGHTED,12,MOTOR VEHICLE IN TRANSPORT,MM 218 1 I 40,NASHVILLE,TN,37214,9404,HERMIT,36.1475,-86.6427,POINT (-86.6427 36.1475)
20190852801,11/25/2019 03:52:00 PM,1,1,0,,N,330428,0,NOT COLLISION W/MOTOR VEHICLE-TRANSPORT,21,CLEAR,1,DAYLIGHT,8,PEDESTRIAN,CHARLOTTE PKE & LELLYETT ST,NASHVILLE,TN,37209,5025,WEST,36.1489,-86.8645,POINT (-86.8645 36.1489)
20190606759,08/14/2019 06:21:00 PM,2,1,0,,N,256379,5,SIDESWIPE - SAME DIRECTION,21,CLEAR,5,DUSK,14,PARKED MOTOR VEHICLE,3RD AVS & 2ND AVS,NASHVILLE,TN,37210,8169,SOUTH,36.1438,-86.7646,POINT (-86.7646 36.1438)
20190821210,11/12/2019 09:46:00 AM,2,0,0,,N,755026,11,Front to Rear,21,CLEAR,1,DAYLIGHT,12,MOTOR VEHICLE IN TRANSPORT,MURFREESBORO PKE & RURAL HILL RD,ANTIOCH,TN,37013,8861,SOUTH,36.0745,-86.6387,POINT (-86.6387 36.0745)
20190605774,08/14/2019 11:04:00 AM,1,1,0,Y,N,462474,0,NOT COLLISION W/MOTOR VEHICLE-TRANSPORT,21,CLEAR,1,DAYLIGHT,55;71,Motor Vehicle-In-Motion Outside Trafficw;EMBANKMENT EARTH,CLUB DR & PARK MEADOWS,NASHVILLE,TN,37215,6305,MIDTOW,36.0896,-86.6884,POINT (-86.6884 36.0896)
20190838740,11/19/2019 04:55:00 PM,5,0,0,,Y,717341,11,Front to Rear,21,CLEAR,1,DAYLIGHT,12,MOTOR VEHICLE IN TRANSPORT,MM 60 5 I 24,ANTIOCH,TN,37013,88060,SOUTH,36.0349,-86.6432,POINT (-86.6432 36.0349)
20190598727,08/11/2019 08:59:00 PM,2,2,0,,N,320594,11,Front to Rear,21,CLEAR,3,DARK - LIGHTED,12,MOTOR VEHICLE IN TRANSPORT,LEBANON PKE & J B ESTILLE DR,NASHVILLE,TN,37214,9125,HERMIT,36.1687,-86.6669,POINT (-86.6669 36.1687)
20190731081,10/04/2019 09:30:00 AM,2,0,0,,Y,226306,4,ANGLE,21,CLEAR,1,DAYLIGHT,14,PARKED MOTOR VEHICLE,KITTRELL RD & CHAFFIN DR,NASHVILLE,TN,37221,4807,WEST,36.0427,-86.9539,POINT (-86.9539 36.0427)
20190812604,11/08/2019 10:15:00 AM,2,0,0,,N,676834,4,ANGLE,21,CLEAR,1,DAYLIGHT,12,MOTOR VEHICLE IN TRANSPORT,MOORMANS ARM RD & BOATNER DR,NASHVILLE,TN,37207,3015,NORTH,36.2151,-86.8167,POINT (-86.8167 36.2151)
20190917866,12/24/2019 06:30:00 AM,2,0,0,,Y,320601,5,SIDESWIPE - SAME DIRECTION,21,CLEAR,3,DARK - LIGHTED,12,MOTOR VEHICLE IN TRANSPORT,MURFREESBORO PKE & I24 W EXT RAMP,NASHVILLE,TN,37217,8801,SOUTH,36.1348,-86.7236,POINT (-86.7236 36.1348)
20190844123,11/21/2019 05:49:00 PM,2,0,0,,Y,151132,5,SIDESWIPE - SAME DIRECTION,22,CLOUDY,5,DUSK,12,MOTOR VEHICLE IN TRANSPORT,MM 43 8 I 24,NASHVILLE,TN,37207,32240,NORTH,36.2337,-86.7849,POINT (-86.7849 36.2337)
20190603257,08/13/2019 12:39:00 PM,2,0,0,,N,299247,4,ANGLE,22,CLOUDY,1,DAYLIGHT,12,MOTOR VEHICLE IN TRANSPORT,STEWARTS FERRY PKE & I40 E EXT RAMP,NASHVILLE,TN,37214,8955,HERMIT,36.1549,-86.6269,POINT (-86.6269 36.1549)
20190880087,12/07/2019 05:10:00 PM,1,1,0,Y,N,384423,0,NOT COLLISION W/MOTOR VEHICLE-TRANSPORT,21,CLEAR,2,DARK - NOT LIGHTED,34,DITCH,MCCRORY LN & SCARCROFT LN,NASHVILLE,TN,37221,4811,WEST,36.0719,-87.0051,POINT (-87.0051 36.0719)
20190829296,11/15/2019 01:51:00 PM,2,1,0,,N,262766,4,ANGLE,21,CLEAR,1,DAYLIGHT,12,MOTOR VEHICLE IN TRANSPORT,WOODMONT BLVD & HARDING PKE,NASHVILLE,TN,37205,6101,WEST,36.1245,-86.8472,POINT (-86.8472 36.1245)
20190692601,09/18/2019 08:20:00 AM,2,0,0,,N,109534,11,Front to Rear,21,CLEAR,1,DAYLIGHT,12,MOTOR VEHICLE IN TRANSPORT,BRILEY PKWY & VULTEE BLVD,NASHVILLE,TN,37217,8998,HERMIT,36.1245,-86.6963,POINT (-86.6963 36.1245)
20190894861,12/13/2019 06:05:00 PM,2,0,0,,N,240985,98,OTHER,2,RAIN,3,DARK - LIGHTED,12,MOTOR VEHICLE IN TRANSPORT,EDMONDSON PKE & BONNIE BRIDGE RD,NASHVILLE,TN,37211,8651,MIDTOW,36.039,-86.7434,POINT (-86.7434 36.039)
20190709242,09/25/2019 07:30:00 AM,2,0,0,,N,224955,5,SIDESWIPE - SAME DIRECTION,21,CLEAR,1,DAYLIGHT,12,MOTOR VEHICLE IN TRANSPORT,BRICK CHURCH PKE & MOOREWOOD DR,NASHVILLE,TN,37207,2031,MADISO,36.2332,-86.7814,POINT (-86.7814 36.2332)
20190903035,12/17/2019 04:07:00 PM,1,1,0,,N,161946,0,NOT COLLISION W/MOTOR VEHICLE-TRANSPORT,21,CLEAR,1,DAYLIGHT,8,PEDESTRIAN,DICKERSON PKE & GRIZZARD AV,NASHVILLE,TN,37207,1833,EAST,36.2082,-86.7674,POINT (-86.7674 36.2082)
20190782955,10/27/2019 12:21:00 AM,2,0,0,,N,352199,4,ANGLE,2,RAIN,3,DARK - LIGHTED,12,MOTOR VEHICLE IN TRANSPORT,STATE RT 45 & RIO VISTA DR,MADISON,TN,37115,1705,MADISO,36.2628,-86.681,POINT (-86.681 36.2628)
20190896488,12/14/2019 02:14:00 PM,2,0,0,,N,352202,11,Front to Rear,21,CLEAR,1,DAYLIGHT,12,MOTOR VEHICLE IN TRANSPORT,BROADWAY & 9TH AVN,NASHVILLE,TN,37203,4083,CENTRA,36.1586,-86.7828,POINT (-86.7828 36.1586)