Accident Number,Date and Time,Number of Motor Vehicles,Number of Injuries,Number of Fatalities,Property Damage,Hit and Run,Reporting Officer,Collision Type Code,Collision Type Description,Weather Code,Weather Description,Illumination Code,Illumination Description,Harmful Code,Harmful Code Description,Street Address,City,State,ZIP,RPA,Precinct,Latitude,Longitude,Mapped Location
20190797734,11/02/2019 02:45:00 AM,2,0,0,,N,330411,11,Front to Rear,21,CLEAR,2,DARK - NOT LIGHTED,12,MOTOR VEHICLE IN TRANSPORT,STATE HWY 155 & HARVEST LN,NASHVILLE,TN,37218,3212,NORTH,36.2235,-86.8689,POINT (-86.8689 36.2235)
20190702754,09/22/2019 03:21:00 PM,2,1,0,,N,320599,4,ANGLE,21,CLEAR,1,DAYLIGHT,12,MOTOR VEHICLE IN TRANSPORT,US HWY 70 & SHUTE LN,HERMITAGE,TN,37076,9535,HERMIT,36.2145,-86.6048,POINT (-86.6048 36.2145)
20190918088,12/24/2019 10:02:00 AM,2,1,0,,N,279110,11,Front to Rear,21,CLEAR,1,DAYLIGHT,12,MOTOR VEHICLE IN TRANSPORT,MM 60 2 I 24,ANTIOCH,TN,37013,88060,SOUTH,36.038,-86.6467,POINT (-86.6467 36.038)
20190896243,12/14/2019 10:40:00 AM,2,0,0,,Y,311799,5,SIDESWIPE - SAME DIRECTION,22,CLOUDY,1,DAYLIGHT,12,MOTOR VEHICLE IN TRANSPORT,OLD HICKORY BLVDW & OLD TIME VILLAGE PVT,MADISON,TN,37115,1771,MADISO,36.2632,-86.7131,POINT (-86.7131 36.2632)
20190871992,12/04/2019 08:51:00 AM,2,0,0,,N,299243,9,UNKNOWN,21,CLEAR,1,DAYLIGHT,12,MOTOR VEHICLE IN TRANSPORT,MM 48 6 I 24,NASHVILLE,TN,37206,1102,EAST,36.171,-86.7676,POINT (-86.7676 36.171)
20190832764,11/17/2019 03:40:00 AM,2,0,0,,Y,256439,4,ANGLE,21,CLEAR,3,DARK - LIGHTED,12,MOTOR VEHICLE IN TRANSPORT,9TH AVE S & DEMONBREUN ST,NASHVILLE,TN,37203,4041,CENTRA,36.1558,-86.7821,POINT (-86.7821 36.1558)
20190764527,10/18/2019 05:00:00 PM,2,0,0,,N,256394,11,Front to Rear,21,CLEAR,3,DARK - LIGHTED,12,MOTOR VEHICLE IN TRANSPORT,MM 214 3 I 40,NASHVILLE,TN,37217,88021,HERMIT,36.1425,-86.7089,POINT (-86.7089 36.1425)
20190906446,12/18/2019 11:20:00 PM,2,0,0,,Y,298875,11,Front to Rear,21,CLEAR,3,DARK - LIGHTED,14,PARKED MOTOR VEHICLE,GLENROSE AV & EAST THOMPSON LN,NASHVILLE,TN,37210,8807,SOUTH,36.1149,-86.7197,POINT (-86.7197 36.1149)
20190919208,12/25/2019 01:40:00 AM,2,0,0,,Y,212342,4,ANGLE,21,CLEAR,3,DARK - LIGHTED,12,MOTOR VEHICLE IN TRANSPORT,THOMPSON PL & PATRICIA DR,NASHVILLE,TN,37217,8821,HERMIT,36.1272,-86.7073,POINT (-86.7073 36.1272)
20190598780,08/11/2019 09:41:00 PM,2,0,0,,Y,298867,6,SIDESWIPE - OPPOSITE DIRECTION,21,CLEAR,3,DARK - LIGHTED,12,MOTOR VEHICLE IN TRANSPORT,GALLATIN PKE & BROADMOOR DR,NASHVILLE,TN,37216,1513,EAST,36.2295,-86.7251,POINT (-86.7251 36.2295)
20190885668,12/10/2019 07:39:00 AM,3,1,0,,N,320574,11,Front to Rear,2,RAIN,1,DAYLIGHT,12,MOTOR VEHICLE IN TRANSPORT,MM 218 9 I 40,NASHVILLE,TN,37214,9404,HERMIT,36.1554,-86.6301,POINT (-86.6301 36.1554)
20190590396,08/08/2019 03:03:00 PM,2,0,0,,Y,320582,4,ANGLE,21,CLEAR,1,DAYLIGHT,12,MOTOR VEHICLE IN TRANSPORT,E TRINITY LN & OAKWOOD AV,NASHVILLE,TN,37207,1887,EAST,36.2048,-86.7524,POINT (-86.7524 36.2048)
20190688614,09/16/2019 08:00:00 PM,1,0,0,,N,179606,0,NOT COLLISION W/MOTOR VEHICLE-TRANSPORT,21,CLEAR,3,DARK - LIGHTED,30,UTILITY POLE,BRANSFORD AV & CRAIGHEAD ST,NASHVILLE,TN,37203,8023,MIDTOW,36.128,-86.767,POINT (-86.767 36.128)
20190912710,12/21/2019 05:20:00 PM,3,1,0,,N,311337,11,Front to Rear,21,CLEAR,1,DAYLIGHT,12,MOTOR VEHICLE IN TRANSPORT,BRILEY PKWYN & BRILEY PKWY N ENT RAMP,NASHVILLE,TN,37214,9203,HERMIT,36.1716,-86.6885,POINT (-86.6885 36.1716)
20190706599,09/24/2019 07:03:00 AM,2,0,0,,N,226622,11,Front to Rear,21,CLEAR,1,DAYLIGHT,12,MOTOR VEHICLE IN TRANSPORT,I40 E EXT RAMP & I 40,NASHVILLE,TN,37214,8955,HERMIT,36.155,-86.6271,POINT (-86.6271 36.155)
20190717368,09/28/2019 11:56:00 AM,2,0,0,,Y,212345,4,ANGLE,21,CLEAR,1,DAYLIGHT,12,MOTOR VEHICLE IN TRANSPORT,E TRINITY LN & W TRINITY LN,NASHVILLE,TN,37207,1861,EAST,36.2059,-86.7686,POINT (-86.7686 36.2059)
20190720000,09/29/2019 12:00:00 AM,1,0,0,,Y,279201,0,NOT COLLISION W/MOTOR VEHICLE-TRANSPORT,21,CLEAR,3,DARK - LIGHTED,32,CULVERT,ELM HILL PIKE & AIR LANE DR,NASHVILLE,TN,37210,9039,HERMIT,36.1504,-86.6978,POINT (-86.6978 36.1504)
20190799865,11/03/2019 04:38:00 AM,1,0,0,,N,299245,0,NOT COLLISION W/MOTOR VEHICLE-TRANSPORT,21,CLEAR,3,DARK - LIGHTED,36,CONCRETE TRAFFIC BARRIER,MM 90 3 I 65,MADISON,TN,37115,20044,MADISO,36.2409,-86.7515,POINT (-86.7515 36.2409)
20190910427,12/20/2019 12:45:00 PM,2,0,0,Y,Y,320601,4,ANGLE,22,CLOUDY,1,DAYLIGHT,12;18;63,MOTOR VEHICLE IN TRANSPORT;OTHER OBJECT (NOT FIXED);Ran Off Road-Right,MURFREESBORO PKE & PHILFRE CT,NASHVILLE,TN,37211,8803,SOUTH,36.1295,-86.7148,POINT (-86.7148 36.1295)
20190625041,08/21/2019 05:03:00 PM,3,0,0,,N,197054,11,Front to Rear,21,CLEAR,1,DAYLIGHT,12,MOTOR VEHICLE IN TRANSPORT,MM 214 0 I 40,NASHVILLE,TN,37217,88020,HERMIT,36.1417,-86.7137,POINT (-86.7137 36.1417)
20190912704,12/21/2019 05:10:00 PM,2,0,0,,N,352166,11,Front to Rear,21,CLEAR,2,DARK - NOT LIGHTED,12,MOTOR VEHICLE IN TRANSPORT,MM 93 0 I 65,MADISON,TN,37115,17040,MADISO,36.2752,-86.7354,POINT (-86.7354 36.2752)
20190810452,11/07/2019 12:55:00 PM,2,0,0,,N,311339,4,ANGLE,2,RAIN,1,DAYLIGHT,12,MOTOR VEHICLE IN TRANSPORT,8TH AVS & LAFAYETTE ST,NASHVILLE,TN,37203,4043,CENTRA,36.1546,-86.7792,POINT (-86.7792 36.1546)
20190867589,12/02/2019 05:47:00 PM,2,0,0,,Y,240983,2,HEAD-ON,22,CLOUDY,2,DARK - NOT LIGHTED,12,MOTOR VEHICLE IN TRANSPORT,NOLENSVILLE RD & PETTUS RD,ANTIOCH,TN,37013,8767,SOUTH,35.9952,-86.6876,POINT (-86.6876 35.9952)
20190897546,12/15/2019 03:10:00 AM,1,0,0,,Y,187882,0,NOT COLLISION W/MOTOR VEHICLE-TRANSPORT,21,CLEAR,3,DARK - LIGHTED,42,TREE,RIVERSIDE DR & BARCLAY DR,NASHVILLE,TN,37206,1307,EAST,36.1692,-86.7257,POINT (-86.7257 36.1692)
20190778089,10/24/2019 04:58:00 PM,2,0,0,,N,384403,11,Front to Rear,21,CLEAR,1,DAYLIGHT,12,MOTOR VEHICLE IN TRANSPORT,I40 W ENT RAMP & I 40,NASHVILLE,TN,37210,9007,HERMIT,36.1484,-86.7454,POINT (-86.7454 36.1484)
20190736340,10/06/2019 10:59:00 PM,2,1,0,,N,330420,4,ANGLE,2,RAIN,3,DARK - LIGHTED,12,MOTOR VEHICLE IN TRANSPORT,MM 212 8 I 40,NASHVILLE,TN,37210,90040,HERMIT,36.1425,-86.7353,POINT (-86.7353 36.1425)
20190660059,09/04/2019 02:56:00 PM,2,0,0,,N,197054,4,ANGLE,21,CLEAR,1,DAYLIGHT,12,MOTOR VEHICLE IN TRANSPORT,PHILFRE CT & MURFREESBORO PKE,NASHVILLE,TN,37217,8817,HERMIT,36.1286,-86.7124,POINT (-86.7124 36.1286)
20190817356,11/10/2019 04:40:00 PM,1,1,0,,N,298867,0,NOT COLLISION W/MOTOR VEHICLE-TRANSPORT,21,CLEAR,5,DUSK,8,PEDESTRIAN,S 4TH ST & SHELBY AV,NASHVILLE,TN,37206,1009,EAST,36.1668,-86.7636,POINT (-86.7636 36.1668)
20190664419,09/06/2019 11:37:00 AM,2,0,0,,N,109534,11,Front to Rear,21,CLEAR,1,DAYLIGHT,12,MOTOR VEHICLE IN TRANSPORT,TULIP GROVE RD & RALIEGH DR,HERMITAGE,TN,37076,9537,HERMIT,36.2109,-86.5894,POINT (-86.5894 36.2109)
20190863887,11/30/2019 09:49:00 PM,1,5,0,,N,579971,0,NOT COLLISION W/MOTOR VEHICLE-TRANSPORT,2,RAIN,3,DARK - LIGHTED,7,,HICKORY HOLLOW PKWY & MT VIEW RD,ANTIOCH,TN,37013,8859,SOUTH,36.0588,-86.6703,POINT (-86.6703 36.0588)
20190883133,12/09/2019 06:26:00 AM,2,0,0,,N,320575,4,ANGLE,22,CLOUDY,1,DAYLIGHT,12,MOTOR VEHICLE IN TRANSPORT,NAVAHO TRL & VILLAS OF BAVARIA PVTDR,ANTIOCH,TN,37013,8713,SOUTH,36.0644,-86.6871,POINT (-86.6871 36.0644)
20190908310,12/19/2019 04:22:00 PM,2,0,0,,N,580819,4,ANGLE,21,CLEAR,5,DUSK,12,MOTOR VEHICLE IN TRANSPORT,8TH AVS & LAFAYETTE ST,NASHVILLE,TN,37203,4043,CENTRA,36.1546,-86.7792,POINT (-86.7792 36.1546)
20190608877,08/15/2019 01:35:00 PM,2,0,0,,N,462474,4,ANGLE,21,CLEAR,1,DAYLIGHT,12,MOTOR VEHICLE IN TRANSPORT,HARDING PL & NOLENSVILLE PKE,NASHVILLE,TN,37211,8705,SOUTH,36.0797,-86.7261,POINT (-86.7261 36.0797)
20190738108,10/07/2019 07:30:00 PM,2,0,0,,N,352207,4,ANGLE,22,CLOUDY,3,DARK - LIGHTED,12,MOTOR VEHICLE IN TRANSPORT,FRANKLIN PKE & FRANKLIN RD,NASHVILLE,TN,37220,7111,MIDTOW,36.037,-86.7867,POINT (-86.7867 36.037)
20190621087,08/20/2019 09:19:00 AM,2,0,0,,N,462474,5,SIDESWIPE - SAME DIRECTION,21,CLEAR,1,DAYLIGHT,12,MOTOR VEHICLE IN TRANSPORT,15TH AVN & HAYES ST,NASHVILLE,TN,37203,5517,MIDTOW,36.1565,-86.7918,POINT (-86.7918 36.1565)
20190583800,08/06/2019 07:26:00 AM,2,0,0,,N,902543,5,SIDESWIPE - SAME DIRECTION,21,CLEAR,1,DAYLIGHT,12,MOTOR VEHICLE IN TRANSPORT,MM 48 8 I 24,NASHVILLE,TN,37213,1104,CENTRA,36.1682,-86.7659,POINT (-86.7659 36.1682)
20190791011,10/30/2019 09:20:00 AM,2,0,0,,N,225950,4,ANGLE,2,RAIN,1,DAYLIGHT,12,MOTOR VEHICLE IN TRANSPORT,21ST AVN & CHURCH ST,NASHVILLE,TN,37203,5527,MIDTOW,36.152,-86.8024,POINT (-86.8024 36.152)
20190718232,09/28/2019 10:29:00 PM,2,2,0,,N,311341,2,HEAD-ON,21,CLEAR,3,DARK - LIGHTED,12,MOTOR VEHICLE IN TRANSPORT,US HWY 70S & CONNECTING ROAD,NASHVILLE,TN,37205,6123,WEST,36.1037,-86.8695,POINT (-86.8695 36.1037)
20190676812,09/11/2019 05:43:00 PM,2,0,0,,N,256383,4,ANGLE,21,CLEAR,1,DAYLIGHT,12,MOTOR VEHICLE IN TRANSPORT,NOLENSVILLE PKE & PARAGON MILLS RD,NASHVILLE,TN,37211,8421,SOUTH,36.0848,-86.7281,POINT (-86.7281 36.0848)
20190807808,11/06/2019 10:55:00 AM,2,1,0,,N,402660,4,ANGLE,21,CLEAR,1,DAYLIGHT,12,MOTOR VEHICLE IN TRANSPORT,ESTES RD & HOBBS RD,NASHVILLE,TN,37215,6113,WEST,36.1031,-86.8383,POINT (-86.8383 36.1031)
20190841512,11/20/2019 03:00:00 PM,2,0,0,,N,279214,11,Front to Rear,21,CLEAR,1,DAYLIGHT,12,MOTOR VEHICLE IN TRANSPORT,BATTLEFIELD DR & MCNAIRY LN,NASHVILLE,TN,37204,7001,MIDTOW,36.1151,-86.7801,POINT (-86.7801 36.1151)
20190927187,12/29/2019 07:42:00 AM,1,0,0,Y,N,226586,0,NOT COLLISION W/MOTOR VEHICLE-TRANSPORT,2,RAIN,1,DAYLIGHT,33;42,CURB;TREE,UNION ST & 1ST AVE N,NASHVILLE,TN,37201,4163,CENTRA,36.167,-86.7772,POINT (-86.7772 36.167)
20190584901,08/06/2019 04:43:00 PM,2,1,0,,N,151132,4,ANGLE,21,CLEAR,1,DAYLIGHT,12,MOTOR VEHICLE IN TRANSPORT,GALLATIN PKEN & ANDERSON LN,MADISON,TN,37115,1729,MADISO,36.2736,-86.71,POINT (-86.71 36.2736)
20190748279,10/11/2019 09:39:00 PM,2,1,0,,N,134871,11,Front to Rear,2,RAIN,3,DARK - LIGHTED,12,MOTOR VEHICLE IN TRANSPORT,DEMONBREUN ST & 4TH AVS,NASHVILLE,TN,37203,4055,CENTRA,36.159,-86.7759,POINT (-86.7759 36.159)
20190786604,10/28/2019 05:30:00 PM,2,0,0,,N,384449,11,Front to Rear,21,CLEAR,1,DAYLIGHT,12,MOTOR VEHICLE IN TRANSPORT,MM 215 4 I 40,NASHVILLE,TN,37217,89020,HERMIT,36.1434,-86.6882,POINT (-86.6882 36.1434)
20190761518,10/17/2019 10:40:00 AM,2,0,0,,N,352174,11,Front to Rear,21,CLEAR,1,DAYLIGHT,12,MOTOR VEHICLE IN TRANSPORT,ELLISTON PL & 25TH AVN,NASHVILLE,TN,37203,5623,MIDTOW,36.1474,-86.8085,POINT (-86.8085 36.1474)
20190900131,12/16/2019 12:21:00 PM,2,0,0,,N,384451,11,Front to Rear,2,RAIN,1,DAYLIGHT,12,MOTOR VEHICLE IN TRANSPORT,CHARLOTTE PKE & HILLWOOD BLVD,NASHVILLE,TN,37209,5021,WEST,36.138,-86.8819,POINT (-86.8819 36.138)
20190632721,08/24/2019 12:10:00 PM,2,0,0,,N,493309,11,Front to Rear,21,CLEAR,1,DAYLIGHT,12,MOTOR VEHICLE IN TRANSPORT,GALLATIN PKEN & CUMBERLAND HILLS DR,MADISON,TN,37115,1737,MADISO,36.3093,-86.6753,POINT (-86.6753 36.3093)
20190838817,11/19/2019 05:25:00 PM,2,0,0,,Y,580819,11,Front to Rear,21,CLEAR,3,DARK - LIGHTED,12,MOTOR VEHICLE IN TRANSPORT,MM 85 1 I 65,NASHVILLE,TN,37208,43023,NORTH,36.1815,-86.7999,POINT (-86.7999 36.1815)
20190820343,11/12/2019 01:30:00 AM,1,0,0,,N,342952,0,NOT COLLISION W/MOTOR VEHICLE-TRANSPORT,2,RAIN,3,DARK - LIGHTED,11,OTHER ANIMAL,MM 218 0 I 40,NASHVILLE,TN,37217,89020,HERMIT,36.1413,-86.667,POINT (-86.667 36.1413)
20190629936,08/23/2019 09:51:00 AM,3,0,0,,Y,716886,11,Front to Rear,21,CLEAR,1,DAYLIGHT,12,MOTOR VEHICLE IN TRANSPORT,RURAL HILL RD & MT VIEW RD,ANTIOCH,TN,37013,8861,SOUTH,36.0896,-86.6884,POINT (-86.6884 36.0896)
20190798722,11/02/2019 03:02:00 PM,2,0,0,,Y,352197,5,SIDESWIPE - SAME DIRECTION,21,CLEAR,1,DAYLIGHT,12,MOTOR VEHICLE IN TRANSPORT,BELL RD & BLUE HOLE RD,ANTIOCH,TN,37013,8719,SOUTH,36.0458,-86.6744,POINT (-86.6744 36.0458)
20190804075,11/05/2019 02:18:00 AM,1,0,0,Y,N,109531,0,NOT COLLISION W/MOTOR VEHICLE-TRANSPORT,21,CLEAR,3,DARK - LIGHTED,47,FIRE HYDRANT,BRONTE AV & DELMAS AV,NASHVILLE,TN,37216,1401,EAST,36.1986,-86.7376,POINT (-86.7376 36.1986)
20190920071,12/25/2019 04:10:00 PM,2,3,0,,N,330435,2,HEAD-ON,21,CLEAR,1,DAYLIGHT,12,MOTOR VEHICLE IN TRANSPORT,GILLOCK ST & BAXTER AV,NASHVILLE,TN,37216,1817,EAST,36.2147,-86.7325,POINT (-86.7325 36.2147)
20190681363,09/13/2019 11:12:00 AM,2,0,0,,Y,191578,11,Front to Rear,21,CLEAR,1,DAYLIGHT,12,MOTOR VEHICLE IN TRANSPORT,OLD HICKORY BLVD & ANDREW JACKSON PKWY,HERMITAGE,TN,37076,9561,HERMIT,36.1836,-86.6107,POINT (-86.6107 36.1836)
20190648057,08/30/2019 03:35:00 PM,2,0,0,,N,311328,5,SIDESWIPE - SAME DIRECTION,21,CLEAR,1,DAYLIGHT,12,MOTOR VEHICLE IN TRANSPORT,MM 49 2 I 24,NASHVILLE,TN,37213,1002,CENTRA,36.1637,-86.7625,POINT (-86.7625 36.1637)
20190700125,09/21/2019 05:53:00 AM,2,0,0,,N,256377,4,ANGLE,21,CLEAR,3,DARK - LIGHTED,12,MOTOR VEHICLE IN TRANSPORT,KNAPP BLVD & DONELSON PKE,NASHVILLE,TN,37217,8951,HERMIT,36.1097,-86.6715,POINT (-86.6715 36.1097)
20190795348,11/01/2019 04:20:00 AM,2,0,0,,Y,320578,4,ANGLE,21,CLEAR,3,DARK - LIGHTED,12,MOTOR VEHICLE IN TRANSPORT,LINBAR DR & HARDING PL,NASHVILLE,TN,37211,8705,SOUTH,36.0842,-86.7059,POINT (-86.7059 36.0842)
20190838363,11/19/2019 02:10:00 PM,3,2,0,,N,493304,2,HEAD-ON,21,CLEAR,1,DAYLIGHT,1;12,MOTOR VEHICLE IN TRANSPORT,GALLATIN PKES & MADISON SQ,MADISON,TN,37115,1623,MADISO,36.2541,-86.7161,POINT (-86.7161 36.2541)
20190767346,10/19/2019 10:50:00 PM,3,0,0,,Y,320578,11,Front to Rear,21,CLEAR,2,DARK - NOT LIGHTED,12,MOTOR VEHICLE IN TRANSPORT,HAYWOOD LN & I24 W EXT RAMP,ANTIOCH,TN,37013,8857,SOUTH,36.0695,-86.6875,POINT (-86.6875 36.0695)
20190782123,10/26/2019 02:04:00 PM,2,2,0,,N,256428,4,ANGLE,2,RAIN,98,OTHER,12,MOTOR VEHICLE IN TRANSPORT,JAMES ROBERTSON PKWY & SPRING ST,NASHVILLE,TN,37206,1113,EAST,36.1728,-86.7653,POINT (-86.7653 36.1728)
20190657635,09/03/2019 04:25:00 PM,2,0,0,,Y,279214,4,ANGLE,21,CLEAR,1,DAYLIGHT,12,MOTOR VEHICLE IN TRANSPORT,MM 79 8 I 65,NASHVILLE,TN,37204,7004,MIDTOW,36.1111,-86.7715,POINT (-86.7715 36.1111)
20190805733,11/05/2019 03:58:00 PM,2,1,0,,N,298877,11,Front to Rear,21,CLEAR,1,DAYLIGHT,12,MOTOR VEHICLE IN TRANSPORT,MM 59 8 I 24,ANTIOCH,TN,37013,88060,SOUTH,36.0422,-86.6533,POINT (-86.6533 36.0422)
20190681656,09/13/2019 01:45:00 PM,3,1,0,,N,256428,2,HEAD-ON,21,CLEAR,1,DAYLIGHT,12;13,MOTOR VEHICLE IN TRANSPORT;MOTOR VEHICLE IN TRANSPORT-OTHER ROADWAY,DOUGLAS AV & JONES AV,NASHVILLE,TN,37207,1905,EAST,36.1939,-86.7595,POINT (-86.7595 36.1939)
20190784499,10/27/2019 09:20:00 PM,2,0,0,Y,Y,320577,4,ANGLE,21,CLEAR,3,DARK - LIGHTED,12,MOTOR VEHICLE IN TRANSPORT,BATTLEFIELD DR & STOKES LN,NASHVILLE,TN,37215,6419,MIDTOW,36.1159,-86.7986,POINT (-86.7986 36.1159)
20190700981,09/21/2019 05:00:00 PM,2,1,0,,Y,330417,2,HEAD-ON,21,CLEAR,1,DAYLIGHT,12,MOTOR VEHICLE IN TRANSPORT,OLD HICKORY BLVDW & DONNA DR,MADISON,TN,37115,1749,MADISO,36.2639,-86.7211,POINT (-86.7211 36.2639)
20190724279,10/01/2019 12:00:00 AM,1,1,0,Y,N,226827,0,NOT COLLISION W/MOTOR VEHICLE-TRANSPORT,21,CLEAR,1,DAYLIGHT,16,THROWN OR FALLING OBJECT,MYATT DR & EDENWOLD RD CNCTR,MADISON,TN,37115,1715,MADISO,36.2881,-86.6932,POINT (-86.6932 36.2881)
20190724327,10/01/2019 04:43:00 PM,2,0,0,,N,212369,4,ANGLE,21,CLEAR,1,DAYLIGHT,12,MOTOR VEHICLE IN TRANSPORT,SIDCO DR & NORRIS AV,NASHVILLE,TN,37204,8523,MIDTOW,36.1059,-86.7559,POINT (-86.7559 36.1059)
20190754148,10/14/2019 04:44:00 PM,3,0,0,,N,279116,11,Front to Rear,21,CLEAR,1,DAYLIGHT,12,MOTOR VEHICLE IN TRANSPORT,NOLENSVILLE PKE & MCCLAIN AV,NASHVILLE,TN,37210,8315,SOUTH,36.1119,-86.7458,POINT (-86.7458 36.1119)
20190749545,10/12/2019 01:10:00 PM,2,2,0,,N,352211,11,Front to Rear,21,CLEAR,1,DAYLIGHT,12,MOTOR VEHICLE IN TRANSPORT,CHARLOTTE PKE & CHARLOTTE ROAD CIR,NASHVILLE,TN,37209,5025,WEST,36.1423,-86.8756,POINT (-86.8756 36.1423)
20190739525,10/08/2019 10:11:00 AM,2,0,0,,N,402653,11,Front to Rear,21,CLEAR,1,DAYLIGHT,12,MOTOR VEHICLE IN TRANSPORT,I40 W EXT RAMP & 2ND AVS,NASHVILLE,TN,37210,4003,CENTRA,36.1518,-86.7686,POINT (-86.7686 36.1518)
20190721641,09/30/2019 03:50:00 PM,2,1,0,,N,320599,11,Front to Rear,21,CLEAR,1,DAYLIGHT,12,MOTOR VEHICLE IN TRANSPORT,OLD MURFREESBORO PKE & MURFREESBORO PKE,NASHVILLE,TN,37217,8947,HERMIT,36.0983,-86.6563,POINT (-86.6563 36.0983)
20190636957,08/26/2019 10:00:00 AM,2,0,0,,N,716886,11,Front to Rear,21,CLEAR,1,DAYLIGHT,12,MOTOR VEHICLE IN TRANSPORT,I24E & I24 E ENT RAMP,NASHVILLE,TN,37210,8102,SOUTH,36.1363,-86.727,POINT (-86.727 36.1363)
20190855545,11/26/2019 05:13:00 PM,2,2,0,,N,352195,2,HEAD-ON,2,RAIN,2,DARK - NOT LIGHTED,12,MOTOR VEHICLE IN TRANSPORT,SHUTE LN & SAUNDERSVILLE RD,OLD HICKORY,TN,37138,9717,HERMIT,36.2267,-86.6032,POINT (-86.6032 36.2267)
20190819289,11/11/2019 01:55:00 PM,2,0,0,,Y,330440,5,SIDESWIPE - SAME DIRECTION,2,RAIN,1,DAYLIGHT,12,MOTOR VEHICLE IN TRANSPORT,MM 86 5 I 65,NASHVILLE,TN,37207,3006,NORTH,36.1946,-86.7762,POINT (-86.7762 36.1946)
20190773177,10/22/2019 02:25:00 PM,2,0,0,,Y,384423,4,ANGLE,21,CLEAR,1,DAYLIGHT,12;14,MOTOR VEHICLE IN TRANSPORT;PARKED MOTOR VEHICLE,4100 HILLSBORO CIR,NASHVILLE,TN,37215,6111,WEST,36.1013,-86.8196,POINT (-86.8196 36.1013)
20190824439,11/13/2019 02:20:00 PM,2,0,0,,N,716886,11,Front to Rear,21,CLEAR,1,DAYLIGHT,12,MOTOR VEHICLE IN TRANSPORT,MURFREESBORO PKE & EXPRESSWAY PARK DR,NASHVILLE,TN,37210,8133,SOUTH,36.146,-86.7539,POINT (-86.7539 36.146)
20190705874,09/23/2019 10:30:00 PM,2,0,0,,N,191786,5,SIDESWIPE - SAME DIRECTION,21,CLEAR,3,DARK - LIGHTED,14,PARKED MOTOR VEHICLE,14TH AVN & MILSON AV,NASHVILLE,TN,37203,5423,NORTH,36.1637,-86.7965,POINT (-86.7965 36.1637)
20190715222,09/27/2019 02:56:00 PM,1,0,0,,N,352172,0,NOT COLLISION W/MOTOR VEHICLE-TRANSPORT,21,CLEAR,1,DAYLIGHT,42;63,TREE;Ran Off Road-Right,CHARLOTTE PKE & FORREST VALLEY DR,NASHVILLE,TN,37221,4711,WEST,36.1052,-86.9441,POINT (-86.9441 36.1052)
20190779687,10/25/2019 09:45:00 AM,2,0,0,,N,299243,4,ANGLE,22,CLOUDY,1,DAYLIGHT,12,MOTOR VEHICLE IN TRANSPORT,2ND AVN & COMMERCE ST,NASHVILLE,TN,37201,4101,CENTRA,36.163,-86.7759,POINT (-86.7759 36.163)
20190813090,11/08/2019 03:36:00 PM,2,0,0,,N,256389,4,ANGLE,21,CLEAR,1,DAYLIGHT,12,MOTOR VEHICLE IN TRANSPORT,WEST END AV & 27TH AVN,NASHVILLE,TN,37212,5815,MIDTOW,36.1458,-86.8108,POINT (-86.8108 36.1458)
20190921853,12/26/2019 02:00:00 PM,2,0,0,,N,212322,5,SIDESWIPE - SAME DIRECTION,21,CLEAR,1,DAYLIGHT,12,MOTOR VEHICLE IN TRANSPORT,WINTON DR & MOSS RD,ANTIOCH,TN,37013,8861,SOUTH,36.0582,-86.6595,POINT (-86.6595 36.0582)
20190624887,08/21/2019 03:55:00 PM,2,0,0,,N,717341,11,Front to Rear,21,CLEAR,1,DAYLIGHT,12,MOTOR VEHICLE IN TRANSPORT,MURFREESBORO PKE & DONELSON PKE,NASHVILLE,TN,37217,8841,SOUTH,36.1062,-86.6731,POINT (-86.6731 36.1062)
20190675819,09/11/2019 10:25:00 AM,1,0,0,Y,N,299247,0,NOT COLLISION W/MOTOR VEHICLE-TRANSPORT,21,CLEAR,1,DAYLIGHT,30,UTILITY POLE,MURFREESBORO PKE & PLUS PARK BLVD,NASHVILLE,TN,37217,8815,HERMIT,36.1337,-86.722,POINT (-86.722 36.1337)
20190924120,12/27/2019 04:30:00 PM,2,0,0,,Y,256394,4,ANGLE,21,CLEAR,1,DAYLIGHT,12,MOTOR VEHICLE IN TRANSPORT,I40 E ENT RAMP & DONELSON PKE,NASHVILLE,TN,37214,8953,HERMIT,36.1398,-86.6662,POINT (-86.6662 36.1398)
20190688038,09/16/2019 03:24:00 PM,2,0,0,,N,267831,11,Front to Rear,21,CLEAR,1,DAYLIGHT,12,MOTOR VEHICLE IN TRANSPORT,MM 2 2 I 440,NASHVILLE,TN,37215,6006,WEST,36.1272,-86.8152,POINT (-86.8152 36.1272)
20190706703,09/24/2019 07:49:00 AM,2,1,0,,Y,224955,11,Front to Rear,21,CLEAR,1,DAYLIGHT,12,MOTOR VEHICLE IN TRANSPORT,BRILEY PKWYW & BRILEY PKWYE,NASHVILLE,TN,37218,3216,NORTH,36.2254,-86.8638,POINT (-86.8638 36.2254)
20190660188,09/04/2019 04:56:00 PM,2,0,0,,Y,279208,4,ANGLE,21,CLEAR,1,DAYLIGHT,12,MOTOR VEHICLE IN TRANSPORT,HICKORY HOLLOW PKWY & CROSSINGS BLVD,ANTIOCH,TN,37013,8863,SOUTH,36.0445,-86.651,POINT (-86.651 36.0445)
20190829751,11/15/2019 05:15:00 PM,1,0,0,,N,384446,0,NOT COLLISION W/MOTOR VEHICLE-TRANSPORT,21,CLEAR,2,DARK - NOT LIGHTED,50,DEER (ANIMAL),HIGHWAY 70 & BUFFALO RD,NASHVILLE,TN,37221,4713,WEST,36.0916,-86.9857,POINT (-86.9857 36.0916)