Accident Number,Date and Time,Number of Motor Vehicles,Number of Injuries,Number of Fatalities,Property Damage,Hit and Run,Reporting Officer,Collision Type Code,Collision Type Description,Weather Code,Weather Description,Illumination Code,Illumination Description,Harmful Code,Harmful Code Description,Street Address,City,State,ZIP,RPA,Precinct,Latitude,Longitude,Mapped Location
20190781182,10/25/2019 05:00:00 PM,2,0,0,,N,384394,11,Front to Rear,2,RAIN,5,DUSK,12,MOTOR VEHICLE IN TRANSPORT,PERCY WARNER BLVD & SHADOWOOD DR,NASHVILLE,TN,37221,4901,WEST,36.0838,-86.8913,POINT (-86.8913 36.0838)
20190733971,10/05/2019 04:08:00 PM,3,1,0,,N,579971,11,Front to Rear,21,CLEAR,1,DAYLIGHT,12,MOTOR VEHICLE IN TRANSPORT,MM 6 5 I 440,NASHVILLE,TN,37210,81040,SOUTH,36.1242,-86.7451,POINT (-86.7451 36.1242)
20190911018,12/20/2019 06:50:00 PM,4,0,0,,Y,279224,11,Front to Rear,21,CLEAR,3,DARK - LIGHTED,12;55,MOTOR VEHICLE IN TRANSPORT;Motor Vehicle-In-Motion Outside Trafficw,MM 49 3 I 24,NASHVILLE,TN,37206,10040,EAST,36.1629,-86.7614,POINT (-86.7614 36.1629)
20190847035,11/22/2019 08:40:00 PM,2,2,0,,N,151132,11,Front to Rear,22,CLOUDY,2,DARK - NOT LIGHTED,12;2,MOTOR VEHICLE IN TRANSPORT,BRILEY PKWYE & DOVERSIDE DR,NASHVILLE,TN,37207,20121,MADISO,36.2401,-86.7694,POINT (-86.7694 36.2401)
20190900449,12/16/2019 03:10:00 PM,2,0,0,,N,717341,6,SIDESWIPE - OPPOSITE DIRECTION,2,RAIN,1,DAYLIGHT,12,MOTOR VEHICLE IN TRANSPORT,PETTUS RD & BLUE HOLE RD,ANTIOCH,TN,37013,8755,SOUTH,36.0283,-86.6727,POINT (-86.6727 36.0283)
20190710315,09/25/2019 03:28:00 PM,2,0,0,,N,429193,11,Front to Rear,22,CLOUDY,1,DAYLIGHT,12,MOTOR VEHICLE IN TRANSPORT,ANNEX AV & CHARLOTTE PKE,NASHVILLE,TN,37209,5009,WEST,36.14,-86.8818,POINT (-86.8818 36.14)
20190894984,12/13/2019 07:20:00 PM,3,0,0,,N,151132,11,Front to Rear,2,RAIN,3,DARK - LIGHTED,12,MOTOR VEHICLE IN TRANSPORT,ANDERSON LN & MYATT DR,MADISON,TN,37115,1713,MADISO,36.2721,-86.689,POINT (-86.689 36.2721)
20190884368,12/09/2019 05:30:00 PM,2,0,0,,N,909486,11,Front to Rear,21,CLEAR,2,DARK - NOT LIGHTED,12,MOTOR VEHICLE IN TRANSPORT,MM 76 8 I 65,NASHVILLE,TN,37220,86042,MIDTOW,36.0684,-86.7703,POINT (-86.7703 36.0684)
20190710476,09/25/2019 05:05:00 PM,2,0,0,,N,352184,4,ANGLE,22,CLOUDY,1,DAYLIGHT,14,PARKED MOTOR VEHICLE,SHARPE AV & LAURENT ST,NASHVILLE,TN,37206,1901,EAST,36.1898,-86.7497,POINT (-86.7497 36.1898)
20190840650,11/20/2019 10:05:00 AM,2,0,0,,N,109534,5,SIDESWIPE - SAME DIRECTION,21,CLEAR,1,DAYLIGHT,12,MOTOR VEHICLE IN TRANSPORT,OLD HICKORY BLVD & I40 E EXT RAMP,HERMITAGE,TN,37076,9561,HERMIT,36.178,-86.6051,POINT (-86.6051 36.178)
20190734651,10/06/2019 12:03:00 AM,2,2,0,,N,256492,11,Front to Rear,21,CLEAR,3,DARK - LIGHTED,12,MOTOR VEHICLE IN TRANSPORT,MM 211 9 I 40,NASHVILLE,TN,37210,90022,HERMIT,36.1487,-86.7459,POINT (-86.7459 36.1487)
20190612705,08/16/2019 10:28:00 PM,2,0,0,,Y,320584,6,SIDESWIPE - OPPOSITE DIRECTION,21,CLEAR,3,DARK - LIGHTED,12,MOTOR VEHICLE IN TRANSPORT,ANTIOCH PKE & MILL CREEK BLUE HOLE GRNWY,ANTIOCH,TN,37013,8857,SOUTH,36.0662,-86.6811,POINT (-86.6811 36.0662)
20190823769,11/13/2019 08:10:00 AM,2,0,0,,N,262749,4,ANGLE,21,CLEAR,1,DAYLIGHT,12,MOTOR VEHICLE IN TRANSPORT,LEBANON PKE & OMOHUNDRO DR,NASHVILLE,TN,37210,9019,HERMIT,36.1571,-86.709,POINT (-86.709 36.1571)
20190728496,10/03/2019 08:29:00 AM,2,0,0,,N,226622,4,ANGLE,21,CLEAR,1,DAYLIGHT,12,MOTOR VEHICLE IN TRANSPORT,MM 205 3 I 40,NASHVILLE,TN,37209,45045,WEST,36.1543,-86.8337,POINT (-86.8337 36.1543)
20190590104,08/08/2019 01:00:00 PM,1,1,0,,N,716886,0,NOT COLLISION W/MOTOR VEHICLE-TRANSPORT,21,CLEAR,1,DAYLIGHT,8,PEDESTRIAN,OLD HICKORY BLVD & FIRESTONE PKWY,ANTIOCH,TN,37013,8867,SOUTH,36.017,-86.6199,POINT (-86.6199 36.017)
20190875771,12/05/2019 06:40:00 PM,2,0,0,,N,320585,5,SIDESWIPE - SAME DIRECTION,21,CLEAR,3,DARK - LIGHTED,12,MOTOR VEHICLE IN TRANSPORT,BRILEY PKWYN & BRILEY PKWYS,NASHVILLE,TN,37211,8404,SOUTH,36.1092,-86.727,POINT (-86.727 36.1092)
20190892700,12/12/2019 08:35:00 PM,1,1,0,,N,384424,0,NOT COLLISION W/MOTOR VEHICLE-TRANSPORT,21,CLEAR,3,DARK - LIGHTED,1;18;71,OTHER OBJECT (NOT FIXED);EMBANKMENT EARTH,MM 210 9 I 40,NASHVILLE,TN,37210,8008,HERMIT,36.1547,-86.7615,POINT (-86.7615 36.1547)
20190758286,10/16/2019 07:54:00 AM,2,0,0,,N,429185,11,Front to Rear,21,CLEAR,1,DAYLIGHT,12,MOTOR VEHICLE IN TRANSPORT,RURAL HILL RD & SMITH SPRINGS RD,NASHVILLE,TN,37217,8987,HERMIT,36.0896,-86.6221,POINT (-86.6221 36.0896)
20190714787,09/27/2019 10:36:00 AM,2,0,0,,N,311799,4,ANGLE,21,CLEAR,1,DAYLIGHT,12,MOTOR VEHICLE IN TRANSPORT,GALLATIN PKEN & OLD TIME VILLAGE PVTDR,MADISON,TN,37115,1701,MADISO,36.2638,-86.7117,POINT (-86.7117 36.2638)
20190587364,08/07/2019 01:55:00 PM,3,0,0,,N,834798,11,Front to Rear,21,CLEAR,1,DAYLIGHT,12,MOTOR VEHICLE IN TRANSPORT,31ST AVS & VANDERBILT PL,NASHVILLE,TN,37212,5813,MIDTOW,36.1412,-86.8145,POINT (-86.8145 36.1412)
20190892598,12/12/2019 04:15:00 PM,2,0,0,,N,909486,11,Front to Rear,21,CLEAR,5,DUSK,12,MOTOR VEHICLE IN TRANSPORT,MORTON AV & SIMMONS AV,NASHVILLE,TN,37211,8403,SOUTH,36.1063,-86.7413,POINT (-86.7413 36.1063)
20190826316,11/14/2019 09:09:00 AM,2,0,0,,N,384413,4,ANGLE,21,CLEAR,1,DAYLIGHT,12,MOTOR VEHICLE IN TRANSPORT,MURFREESBORO PKE & POLK AV,NASHVILLE,TN,37210,8117,SOUTH,36.1424,-86.7432,POINT (-86.7432 36.1424)
20190657350,09/03/2019 01:55:00 PM,3,0,0,,N,337276,11,Front to Rear,21,CLEAR,1,DAYLIGHT,12,MOTOR VEHICLE IN TRANSPORT,0 I 65,NASHVILLE,TN,37207,3002,NORTH,36.2047,-86.7767,POINT (-86.7767 36.2047)
20190616556,08/18/2019 05:24:00 PM,2,1,0,Y,N,330428,4,ANGLE,21,CLEAR,1,DAYLIGHT,12,MOTOR VEHICLE IN TRANSPORT,49TH AVN & MICHIGAN AV,NASHVILLE,TN,37209,4505,WEST,36.1588,-86.8463,POINT (-86.8463 36.1588)
20190915977,12/23/2019 12:01:00 PM,2,0,0,,N,320592,11,Front to Rear,21,CLEAR,1,DAYLIGHT,12,MOTOR VEHICLE IN TRANSPORT,MCGAVOCK PKE & MUSIC VALLEY DR,NASHVILLE,TN,37214,9213,HERMIT,36.217,-86.6951,POINT (-86.6951 36.217)
20190867637,12/02/2019 04:30:00 PM,2,0,0,,Y,279211,11,Front to Rear,21,CLEAR,5,DUSK,12,MOTOR VEHICLE IN TRANSPORT,EWING DR & BRICK CHURCH PKE,NASHVILLE,TN,37207,2001,MADISO,36.2316,-86.7815,POINT (-86.7815 36.2316)
20190615465,08/18/2019 03:30:00 AM,2,0,0,,Y,330441,5,SIDESWIPE - SAME DIRECTION,21,CLEAR,2,DARK - NOT LIGHTED,12,MOTOR VEHICLE IN TRANSPORT,MM 76 6 I 65,NASHVILLE,TN,37220,86042,MIDTOW,36.0662,-86.7708,POINT (-86.7708 36.0662)
20190718140,09/28/2019 12:00:00 AM,2,1,0,,Y,299258,11,Front to Rear,21,CLEAR,2,DARK - NOT LIGHTED,12,MOTOR VEHICLE IN TRANSPORT,W TRINITY LN & BRICK CHURCH PKE,NASHVILLE,TN,37207,3003,NORTH,36.2066,-86.7779,POINT (-86.7779 36.2066)
20190597959,08/11/2019 11:47:00 AM,2,0,0,,Y,299243,4,ANGLE,21,CLEAR,1,DAYLIGHT,12,MOTOR VEHICLE IN TRANSPORT,2ND AVN & MONROE ST,NASHVILLE,TN,37208,4315,CENTRA,36.1782,-86.7855,POINT (-86.7855 36.1782)
20190623831,08/21/2019 08:00:00 AM,2,0,0,,N,226622,4,ANGLE,21,CLEAR,1,DAYLIGHT,12,MOTOR VEHICLE IN TRANSPORT,SCHOLARSHIP DR & ACHIEVEMENT DR,NASHVILLE,TN,37209,4691,WEST,36.1509,-86.8809,POINT (-86.8809 36.1509)
20190929345,12/30/2019 10:23:00 AM,2,0,0,,N,140808,11,Front to Rear,21,CLEAR,1,DAYLIGHT,12,MOTOR VEHICLE IN TRANSPORT,BRENTWOOD SQ & EDMONDSON PKE,NASHVILLE,TN,37220,8615,MIDTOW,36.0423,-86.744,POINT (-86.744 36.0423)
20190660331,09/04/2019 05:30:00 PM,2,0,0,,N,279124,4,ANGLE,21,CLEAR,1,DAYLIGHT,12,MOTOR VEHICLE IN TRANSPORT,LAFAYETTE ST & CHARLES E DAVIS BLVD,NASHVILLE,TN,37210,8147,SOUTH,36.1488,-86.7625,POINT (-86.7625 36.1488)
20190780326,10/25/2019 03:23:00 PM,2,0,0,,N,352168,11,Front to Rear,2,RAIN,1,DAYLIGHT,12,MOTOR VEHICLE IN TRANSPORT,NOLENSVILLE PKE & OLD HICKORY BLVD,NASHVILLE,TN,37211,8717,SOUTH,36.0454,-86.7133,POINT (-86.7133 36.0454)
20190589481,08/08/2019 08:03:00 AM,3,2,0,,N,902543,11,Front to Rear,22,CLOUDY,1,DAYLIGHT,12,MOTOR VEHICLE IN TRANSPORT,GALLATIN PKE & MAYNOR AV,NASHVILLE,TN,37216,1417,EAST,36.2069,-86.7362,POINT (-86.7362 36.2069)
20190927739,12/29/2019 03:56:00 PM,1,1,0,,N,352192,0,NOT COLLISION W/MOTOR VEHICLE-TRANSPORT,2,RAIN,1,DAYLIGHT,1;36,CONCRETE TRAFFIC BARRIER,MM 204 3 I 40,NASHVILLE,TN,37209,45023,WEST,36.1534,-86.8525,POINT (-86.8525 36.1534)
20190756674,10/15/2019 03:44:00 PM,1,0,0,,N,151132,0,NOT COLLISION W/MOTOR VEHICLE-TRANSPORT,22,CLOUDY,1,DAYLIGHT,34;63,DITCH;Ran Off Road-Right,OLD DUE WEST AV & SKYLINE MEMORIAL CT,MADISON,TN,37115,2009,MADISO,36.2493,-86.7464,POINT (-86.7464 36.2493)
20190899567,12/16/2019 07:10:00 AM,2,0,0,,N,538214,5,SIDESWIPE - SAME DIRECTION,2,RAIN,1,DAYLIGHT,12,MOTOR VEHICLE IN TRANSPORT,RUTLEDGE ST & PEABODY ST,NASHVILLE,TN,37210,4033,CENTRA,36.1569,-86.7701,POINT (-86.7701 36.1569)
20190641738,08/28/2019 07:35:00 AM,2,0,0,,N,414668,11,Front to Rear,21,CLEAR,1,DAYLIGHT,12,MOTOR VEHICLE IN TRANSPORT,W TRINITY LN & I65 S ENT RAMP,NASHVILLE,TN,37207,3002,NORTH,36.2065,-86.7765,POINT (-86.7765 36.2065)
20190776142,10/23/2019 09:22:00 PM,1,0,0,Y,Y,384439,0,NOT COLLISION W/MOTOR VEHICLE-TRANSPORT,21,CLEAR,3,DARK - LIGHTED,19;38,BUILDING;FENCE,GALLATIN AV & MANSFIELD ST,NASHVILLE,TN,37206,1937,EAST,36.1814,-86.7494,POINT (-86.7494 36.1814)
20190704065,09/23/2019 07:52:00 AM,2,0,0,,N,109534,11,Front to Rear,21,CLEAR,1,DAYLIGHT,12,MOTOR VEHICLE IN TRANSPORT,ELM HILL PKE WB EXT RAMP & ELM HILL PKE,NASHVILLE,TN,37210,9039,HERMIT,36.1517,-86.6912,POINT (-86.6912 36.1517)
20190903174,12/17/2019 05:00:00 PM,2,0,0,,N,298860,4,ANGLE,21,CLEAR,2,DARK - NOT LIGHTED,12,MOTOR VEHICLE IN TRANSPORT,STATE HWY 45 & UNKNOWN RAMP,MADISON,TN,37115,1777,MADISO,36.2642,-86.7358,POINT (-86.7358 36.2642)
20190819710,11/11/2019 06:01:00 PM,2,1,0,,N,279116,11,Front to Rear,2,RAIN,3,DARK - LIGHTED,12,MOTOR VEHICLE IN TRANSPORT,MM 79 4 I 65,NASHVILLE,TN,37204,70042,MIDTOW,36.105,-86.7672,POINT (-86.7672 36.105)
20190853155,11/25/2019 06:57:00 PM,2,0,0,,Y,192871,2,HEAD-ON,21,CLEAR,3,DARK - LIGHTED,12,MOTOR VEHICLE IN TRANSPORT,ANDERSON LN & MAY DR,MADISON,TN,37115,1727,MADISO,36.2726,-86.6947,POINT (-86.6947 36.2726)
20190582147,08/05/2019 05:40:00 PM,2,0,0,,Y,320599,11,Front to Rear,21,CLEAR,1,DAYLIGHT,12,MOTOR VEHICLE IN TRANSPORT,BRILEY PKWYN & I40 E ENT RAMP,NASHVILLE,TN,37217,8998,HERMIT,36.1392,-86.7002,POINT (-86.7002 36.1392)
20190764368,10/18/2019 04:45:00 PM,2,1,0,,N,256389,11,Front to Rear,21,CLEAR,1,DAYLIGHT,12,MOTOR VEHICLE IN TRANSPORT,MM 210 0 I 40,NASHVILLE,TN,37203,8002,MIDTOW,36.1484,-86.7771,POINT (-86.7771 36.1484)
20190681556,09/13/2019 12:46:00 PM,2,1,0,,N,544481,11,Front to Rear,21,CLEAR,1,DAYLIGHT,12,MOTOR VEHICLE IN TRANSPORT,EWING DR & DICKERSON PKE,NASHVILLE,TN,37207,1809,EAST,36.2294,-86.7593,POINT (-86.7593 36.2294)
20190896935,12/14/2019 06:15:00 PM,2,0,0,,Y,352184,4,ANGLE,22,CLOUDY,3,DARK - LIGHTED,12,MOTOR VEHICLE IN TRANSPORT,N 6TH ST & MAIN ST,NASHVILLE,TN,37206,1997,EAST,36.1742,-86.763,POINT (-86.763 36.1742)
20190663738,09/06/2019 04:30:00 AM,1,0,0,Y,N,299248,0,NOT COLLISION W/MOTOR VEHICLE-TRANSPORT,21,CLEAR,3,DARK - LIGHTED,40;42,MAIL BOX;TREE,MASHBURN RD & MASHBURN CT,NASHVILLE,TN,37210,8335,SOUTH,36.1148,-86.7296,POINT (-86.7296 36.1148)
20190802268,11/04/2019 09:46:00 AM,1,0,0,,N,384451,0,NOT COLLISION W/MOTOR VEHICLE-TRANSPORT,21,CLEAR,1,DAYLIGHT,50,DEER (ANIMAL),OLD HICKORY BLVD & I40 W ENT RAMP,HERMITAGE,TN,37076,9557,HERMIT,36.1708,-86.6015,POINT (-86.6015 36.1708)
20190593821,08/09/2019 04:53:00 PM,2,0,0,,N,279225,5,SIDESWIPE - SAME DIRECTION,21,CLEAR,1,DAYLIGHT,12,MOTOR VEHICLE IN TRANSPORT,MM 214 5 I 40,NASHVILLE,TN,37217,88022,HERMIT,36.1434,-86.7031,POINT (-86.7031 36.1434)
20190670436,09/09/2019 09:55:00 AM,1,3,0,Y,N,320601,0,NOT COLLISION W/MOTOR VEHICLE-TRANSPORT,21,CLEAR,1,DAYLIGHT,30;63,UTILITY POLE;Ran Off Road-Right,ZELIDA AV & HAMILTON CHURCH RD,ANTIOCH,TN,37013,8865,SOUTH,36.0896,-86.6884,POINT (-86.6884 36.0896)
20190729081,10/03/2019 01:19:00 PM,2,0,0,,N,226622,11,Front to Rear,21,CLEAR,1,DAYLIGHT,12,MOTOR VEHICLE IN TRANSPORT,BRILEY PKWY & I40 W EXT RAMP,NASHVILLE,TN,37209,4696,WEST,36.153,-86.8576,POINT (-86.8576 36.153)
20190861413,11/29/2019 03:09:00 PM,2,0,0,,Y,330415,11,Front to Rear,22,CLOUDY,1,DAYLIGHT,12,MOTOR VEHICLE IN TRANSPORT,0 2ND AVE S,NASHVILLE,TN,37210,8201,HERMIT,36.151,-86.7681,POINT (-86.7681 36.151)
20190834500,11/18/2019 02:33:00 AM,1,0,0,,Y,468098,9,UNKNOWN,21,CLEAR,2,DARK - NOT LIGHTED,99,UNKNOWN MOST HARMFUL EVENT,HOLLIS HILL DR & WALES PT,NASHVILLE,TN,37211,8703,SOUTH,36.0711,-86.7116,POINT (-86.7116 36.0711)
20190601007,08/12/2019 04:17:00 PM,3,0,0,,N,579971,11,Front to Rear,21,CLEAR,1,DAYLIGHT,12,MOTOR VEHICLE IN TRANSPORT,HICKORY HOLLOW PKWY & BELL RD,ANTIOCH,TN,37013,8871,SOUTH,36.0475,-86.656,POINT (-86.656 36.0475)
20190783997,10/27/2019 02:05:00 PM,2,0,0,,Y,352172,5,SIDESWIPE - SAME DIRECTION,21,CLEAR,1,DAYLIGHT,12,MOTOR VEHICLE IN TRANSPORT,MM 88 3 I 65,NASHVILLE,TN,37207,18041,EAST,36.2201,-86.7743,POINT (-86.7743 36.2201)
20190621659,08/20/2019 01:15:00 PM,2,0,0,,N,109534,11,Front to Rear,21,CLEAR,1,DAYLIGHT,12,MOTOR VEHICLE IN TRANSPORT,OLD HICKORY BLVD & ANDREW JACKSON PKWY,HERMITAGE,TN,37076,9561,HERMIT,36.1836,-86.6107,POINT (-86.6107 36.1836)
20190791628,10/30/2019 03:00:00 PM,2,0,0,,Y,717341,4,ANGLE,2,RAIN,1,DAYLIGHT,12,MOTOR VEHICLE IN TRANSPORT,MM 7 0 I 440,NASHVILLE,TN,37210,83042,SOUTH,36.1243,-86.738,POINT (-86.738 36.1243)
20190670830,09/09/2019 11:46:00 AM,2,0,0,,N,473670,4,ANGLE,21,CLEAR,1,DAYLIGHT,12,MOTOR VEHICLE IN TRANSPORT,GALLATIN PKE & E TRINITY LN,NASHVILLE,TN,37216,1837,EAST,36.205,-86.7376,POINT (-86.7376 36.205)
20190828035,11/15/2019 01:40:00 AM,2,0,0,,N,256377,2,HEAD-ON,21,CLEAR,3,DARK - LIGHTED,12,MOTOR VEHICLE IN TRANSPORT,STEWARTS FERRY PKE & I40 E EXT RAMP,NASHVILLE,TN,37214,8955,HERMIT,36.1549,-86.6269,POINT (-86.6269 36.1549)
20190795590,11/01/2019 07:41:00 AM,2,0,0,,N,191578,5,SIDESWIPE - SAME DIRECTION,21,CLEAR,1,DAYLIGHT,12,MOTOR VEHICLE IN TRANSPORT,MM 215 6 I 40,NASHVILLE,TN,37214,9102,HERMIT,36.1431,-86.6845,POINT (-86.6845 36.1431)
20190780117,10/25/2019 01:38:00 PM,2,1,0,,N,226622,11,Front to Rear,2,RAIN,1,DAYLIGHT,12,MOTOR VEHICLE IN TRANSPORT,I440 E EXT RAMP & I 440,NASHVILLE,TN,37205,5249,WEST,36.1366,-86.8221,POINT (-86.8221 36.1366)
20190642397,08/28/2019 11:12:00 AM,2,0,0,,N,876573,4,ANGLE,21,CLEAR,1,DAYLIGHT,12,MOTOR VEHICLE IN TRANSPORT,MURFREESBORO PKE & NASHBORO BLVD,ANTIOCH,TN,37013,8891,SOUTH,36.0869,-86.6487,POINT (-86.6487 36.0869)
20190698442,09/20/2019 01:25:00 PM,2,0,0,,N,714641,5,SIDESWIPE - SAME DIRECTION,21,CLEAR,1,DAYLIGHT,12,MOTOR VEHICLE IN TRANSPORT,2ND AVS & I40 W EXT RAMP,NASHVILLE,TN,37210,4003,CENTRA,36.1518,-86.7686,POINT (-86.7686 36.1518)
20190918747,12/24/2019 05:14:00 PM,2,0,0,Y,Y,212322,4,ANGLE,21,CLEAR,2,DARK - NOT LIGHTED,12,MOTOR VEHICLE IN TRANSPORT,PICCADILLY ROW & BLUE MOUNTAIN LN,ANTIOCH,TN,37013,8895,SOUTH,36.0838,-86.66,POINT (-86.66 36.0838)
20190704487,09/23/2019 11:15:00 AM,1,2,0,Y,N,402660,0,NOT COLLISION W/MOTOR VEHICLE-TRANSPORT,22,CLOUDY,1,DAYLIGHT,30;63,UTILITY POLE;Ran Off Road-Right,37TH AVN & REDMON ST,NASHVILLE,TN,37209,5243,WEST,36.1452,-86.8288,POINT (-86.8288 36.1452)
20190704736,09/23/2019 12:19:00 PM,2,0,0,,Y,769379,4,ANGLE,2,RAIN,1,DAYLIGHT,12,MOTOR VEHICLE IN TRANSPORT,ANTIOCH PKE & SOUTHLAKE DR,NASHVILLE,TN,37211,8407,SOUTH,36.1009,-86.7307,POINT (-86.7307 36.1009)
20190584029,08/06/2019 09:30:00 AM,2,0,0,,Y,665896,98,OTHER,21,CLEAR,1,DAYLIGHT,12;14,MOTOR VEHICLE IN TRANSPORT;PARKED MOTOR VEHICLE,S 7TH ST & S 8TH CT,NASHVILLE,TN,37206,1025,EAST,36.1653,-86.7556,POINT (-86.7556 36.1653)
20190737836,10/07/2019 03:55:00 PM,2,1,0,,N,717341,4,ANGLE,2,RAIN,1,DAYLIGHT,12,MOTOR VEHICLE IN TRANSPORT,PETTUS RD & OLD HICKORY BLVD,ANTIOCH,TN,37013,8763,SOUTH,36.0269,-86.6808,POINT (-86.6808 36.0269)
20190593265,08/09/2019 02:10:00 PM,2,0,0,,Y,267831,98,OTHER,22,CLOUDY,1,DAYLIGHT,12;14,MOTOR VEHICLE IN TRANSPORT;PARKED MOTOR VEHICLE,HARDING PKE & KENNER AVN,NASHVILLE,TN,37205,6021,WEST,36.1259,-86.8464,POINT (-86.8464 36.1259)
20190613081,08/17/2019 02:33:00 AM,2,0,0,,Y,256377,11,Front to Rear,21,CLEAR,3,DARK - LIGHTED,12,MOTOR VEHICLE IN TRANSPORT,MURFREESBORO PKE & DONELSON PKE,NASHVILLE,TN,37217,8841,SOUTH,36.1062,-86.6731,POINT (-86.6731 36.1062)
20190904838,12/18/2019 07:51:00 AM,2,0,0,,N,279230,4,ANGLE,22,CLOUDY,1,DAYLIGHT,12,MOTOR VEHICLE IN TRANSPORT,HAYWOOD LN & EAST RIDGE DR,NASHVILLE,TN,37211,8707,SOUTH,36.07,-86.6985,POINT (-86.6985 36.07)
20190767919,10/20/2019 09:55:00 AM,2,1,0,Y,N,320592,2,HEAD-ON,22,CLOUDY,1,DAYLIGHT,12;40,MOTOR VEHICLE IN TRANSPORT;MAIL BOX,MCCRORY CREEK RD & ELM HILL PKE,NASHVILLE,TN,37214,9413,HERMIT,36.1455,-86.6543,POINT (-86.6543 36.1455)
20190908263,12/19/2019 04:00:00 PM,2,0,0,,N,311337,11,Front to Rear,21,CLEAR,1,DAYLIGHT,12,MOTOR VEHICLE IN TRANSPORT,MM 211 0 I 40,NASHVILLE,TN,37210,82020,HERMIT,36.1544,-86.7598,POINT (-86.7598 36.1544)
20190881944,12/08/2019 06:02:00 PM,2,0,0,,Y,384423,11,Front to Rear,21,CLEAR,2,DARK - NOT LIGHTED,12,MOTOR VEHICLE IN TRANSPORT,I40 E ENT RAMP & I 40,NASHVILLE,TN,37205,4903,WEST,36.1109,-86.922,POINT (-86.922 36.1109)
20190899669,12/16/2019 07:44:00 AM,2,0,0,,N,405447,11,Front to Rear,2,RAIN,1,DAYLIGHT,12,MOTOR VEHICLE IN TRANSPORT,WHISPERING HILLS DR & LEEANNE DR,NASHVILLE,TN,37211,8661,MIDTOW,36.0678,-86.7304,POINT (-86.7304 36.0678)
20190686129,09/15/2019 05:31:00 PM,2,1,0,,N,299267,11,Front to Rear,21,CLEAR,1,DAYLIGHT,12,MOTOR VEHICLE IN TRANSPORT,WEDGEWOOD AV & 12TH AVS,NASHVILLE,TN,37203,6913,MIDTOW,36.1361,-86.7879,POINT (-86.7879 36.1361)
20190923732,12/27/2019 12:13:00 PM,1,0,0,Y,N,538214,0,NOT COLLISION W/MOTOR VEHICLE-TRANSPORT,21,CLEAR,1,DAYLIGHT,24,GUARDRAIL FACE,I40 W EXT RAMP & I 40,NASHVILLE,TN,37203,4119,CENTRA,36.1574,-86.79,POINT (-86.79 36.1574)
20190790935,10/30/2019 08:07:00 AM,2,0,0,,N,279230,11,Front to Rear,2,RAIN,1,DAYLIGHT,12,MOTOR VEHICLE IN TRANSPORT,I40 W EXT RAMP & I 40,NASHVILLE,TN,37203,4119,CENTRA,36.1574,-86.79,POINT (-86.79 36.1574)
20190880499,12/07/2019 10:28:00 PM,2,2,0,,N,352205,4,ANGLE,21,CLEAR,3,DARK - LIGHTED,12,MOTOR VEHICLE IN TRANSPORT,STEWARTS FERRY PIKE & -UNKNOWN RAMP/ROAD,NASHVILLE,TN,37214,9415,HERMIT,36.1568,-86.6322,POINT (-86.6322 36.1568)
20190624467,08/21/2019 12:22:00 PM,2,0,0,,Y,226622,5,SIDESWIPE - SAME DIRECTION,21,CLEAR,1,DAYLIGHT,12,MOTOR VEHICLE IN TRANSPORT,MM 203 1 I 40,NASHVILLE,TN,37209,46022,WEST,36.1499,-86.8716,POINT (-86.8716 36.1499)
20190925080,12/28/2019 03:10:00 AM,2,0,0,,Y,279117,5,SIDESWIPE - SAME DIRECTION,21,CLEAR,3,DARK - LIGHTED,12,MOTOR VEHICLE IN TRANSPORT,MM 88 1 I 65,NASHVILLE,TN,37207,18041,EAST,36.2169,-86.775,POINT (-86.775 36.2169)
20190720699,09/30/2019 07:44:00 AM,2,0,0,,N,311799,11,Front to Rear,21,CLEAR,1,DAYLIGHT,12,MOTOR VEHICLE IN TRANSPORT,MM 91 0 I 65,MADISON,TN,37115,20044,MADISO,36.2478,-86.7432,POINT (-86.7432 36.2478)
20190884617,12/09/2019 09:08:00 PM,2,1,0,Y,N,352213,4,ANGLE,2,RAIN,2,DARK - NOT LIGHTED,12,MOTOR VEHICLE IN TRANSPORT,MARCIA AV & CHARLOTTE PKE,NASHVILLE,TN,37209,5027,WEST,36.1471,-86.8694,POINT (-86.8694 36.1471)
20190799468,11/03/2019 12:00:00 AM,1,0,0,,Y,299274,9,UNKNOWN,21,CLEAR,3,DARK - LIGHTED,99,UNKNOWN MOST HARMFUL EVENT,BRILEY PKWYN & STONES RIVER GRNWY,NASHVILLE,TN,37214,92981,HERMIT,36.1895,-86.688,POINT (-86.688 36.1895)
20190703195,09/22/2019 10:25:00 PM,2,0,0,,Y,298863,4,ANGLE,21,CLEAR,7,Dark-Unknown Lighting,12,MOTOR VEHICLE IN TRANSPORT,I24 W EXT RAMP & I 24,NASHVILLE,TN,37211,8829,SOUTH,36.1074,-86.7197,POINT (-86.7197 36.1074)
20190581948,08/05/2019 03:30:00 PM,2,0,0,,N,717341,4,ANGLE,21,CLEAR,1,DAYLIGHT,12,MOTOR VEHICLE IN TRANSPORT,ANTIOCH PKE & HARDING PL,NASHVILLE,TN,37211,8847,SOUTH,36.0874,-86.6922,POINT (-86.6922 36.0874)
20190873217,12/04/2019 12:00:00 AM,2,0,0,,Y,151132,9,UNKNOWN,21,CLEAR,3,DARK - LIGHTED,12;14,MOTOR VEHICLE IN TRANSPORT;PARKED MOTOR VEHICLE,NEELY MEADOWS PVTDR & CHEYENNE BLVD,MADISON,TN,37115,1617,MADISO,36.2578,-86.6768,POINT (-86.6768 36.2578)