Accident Number,Date and Time,Number of Motor Vehicles,Number of Injuries,Number of Fatalities,Property Damage,Hit and Run,Reporting Officer,Collision Type Code,Collision Type Description,Weather Code,Weather Description,Illumination Code,Illumination Description,Harmful Code,Harmful Code Description,Street Address,City,State,ZIP,RPA,Precinct,Latitude,Longitude,Mapped Location
20190729277,10/03/2019 03:28:00 PM,2,1,0,,N,109536,4,ANGLE,21,CLEAR,1,DAYLIGHT,12,MOTOR VEHICLE IN TRANSPORT,EWING DR & RICHMOND HILL DR,NASHVILLE,TN,37207,2001,MADISO,36.2303,-86.7738,POINT (-86.7738 36.2303)
20190642988,08/28/2019 05:45:00 PM,2,0,0,,Y,256412,4,ANGLE,21,CLEAR,1,DAYLIGHT,12,MOTOR VEHICLE IN TRANSPORT,HICKORY PARK DR & BELL RD,ANTIOCH,TN,37013,8753,SOUTH,36.0896,-86.6884,POINT (-86.6884 36.0896)
20190632705,08/24/2019 11:00:00 AM,2,0,0,,Y,902543,11,Front to Rear,22,CLOUDY,1,DAYLIGHT,12,MOTOR VEHICLE IN TRANSPORT,CAPITOL VIEW AV & ALHAMBRA CIR,NASHVILLE,TN,37207,1823,EAST,36.2195,-86.76,POINT (-86.76 36.2195)
20190665029,09/06/2019 04:46:00 PM,2,0,0,,N,320585,11,Front to Rear,21,CLEAR,1,DAYLIGHT,12,MOTOR VEHICLE IN TRANSPORT,MM 211 1 I 40,NASHVILLE,TN,37210,8008,HERMIT,36.1539,-86.7571,POINT (-86.7571 36.1539)
20190717176,09/28/2019 10:00:00 AM,2,0,0,,N,591933,4,ANGLE,21,CLEAR,1,DAYLIGHT,12,MOTOR VEHICLE IN TRANSPORT,CROSSINGS BLVD & MT VIEW RD,ANTIOCH,TN,37013,8863,SOUTH,36.0455,-86.6473,POINT (-86.6473 36.0455)
20190726672,10/02/2019 03:02:00 PM,2,0,0,,N,420040,11,Front to Rear,21,CLEAR,1,DAYLIGHT,12,MOTOR VEHICLE IN TRANSPORT,14TH AVN & HYNES ST,NASHVILLE,TN,37203,5501,MIDTOW,36.1592,-86.7927,POINT (-86.7927 36.1592)
20190900817,12/16/2019 06:35:00 PM,2,2,0,,N,240983,11,Front to Rear,2,RAIN,2,DARK - NOT LIGHTED,12,MOTOR VEHICLE IN TRANSPORT,MM 52 0 I 24,NASHVILLE,TN,37217,8816,SOUTH,36.1329,-86.7267,POINT (-86.7267 36.1329)
20190794241,10/31/2019 04:43:00 PM,2,0,0,,N,330415,11,Front to Rear,22,CLOUDY,1,DAYLIGHT,12,MOTOR VEHICLE IN TRANSPORT,0 I 24,NASHVILLE,TN,37211,8709,SOUTH,36.0692,-86.6897,POINT (-86.6897 36.0692)
20190705045,09/23/2019 03:52:00 PM,2,0,0,,N,169425,4,ANGLE,21,CLEAR,1,DAYLIGHT,12,MOTOR VEHICLE IN TRANSPORT,ROSEDALE AV & NOLENSVILLE PKE,NASHVILLE,TN,37211,8043,MIDTOW,36.125,-86.7522,POINT (-86.7522 36.125)
20190826142,11/14/2019 07:42:00 AM,2,0,0,,N,109534,11,Front to Rear,21,CLEAR,1,DAYLIGHT,12,MOTOR VEHICLE IN TRANSPORT,MM 213 0 I 40,NASHVILLE,TN,37210,8219,HERMIT,36.1407,-86.7323,POINT (-86.7323 36.1407)
20190826987,11/14/2019 03:34:00 PM,2,1,0,,N,256379,4,ANGLE,21,CLEAR,1,DAYLIGHT,12,MOTOR VEHICLE IN TRANSPORT,I24 W EXT RAMP & I 24,NASHVILLE,TN,37211,8829,SOUTH,36.1074,-86.7197,POINT (-86.7197 36.1074)
20190628209,08/22/2019 07:28:00 PM,2,0,0,,N,169425,11,Front to Rear,21,CLEAR,3,DARK - LIGHTED,12,MOTOR VEHICLE IN TRANSPORT,DIVISION ST & DEMONBREUN ST,NASHVILLE,TN,37203,5701,MIDTOW,36.1522,-86.7914,POINT (-86.7914 36.1522)
20190595971,08/10/2019 12:00:00 AM,2,0,0,,Y,256427,9,UNKNOWN,99,UNKNOWN,9,UNKNOWN,14,PARKED MOTOR VEHICLE,ELM HILL PKE & EMERY DR,NASHVILLE,TN,37214,9103,HERMIT,36.1517,-86.677,POINT (-86.677 36.1517)
20190907654,12/19/2019 09:30:00 AM,2,0,0,,N,716877,2,HEAD-ON,21,CLEAR,1,DAYLIGHT,12,MOTOR VEHICLE IN TRANSPORT,BENZING RD & BROOK VIEW ESTATES DR,ANTIOCH,TN,37013,8719,SOUTH,36.0452,-86.6924,POINT (-86.6924 36.0452)
20190812403,11/08/2019 08:15:00 AM,1,1,0,,N,226306,0,NOT COLLISION W/MOTOR VEHICLE-TRANSPORT,21,CLEAR,1,DAYLIGHT,1,,CABOT DR & UPTON LN,NASHVILLE,TN,37209,4677,WEST,36.1399,-86.8888,POINT (-86.8888 36.1399)
20190866480,12/02/2019 08:18:00 AM,2,1,0,,N,226586,11,Front to Rear,22,CLOUDY,1,DAYLIGHT,12,MOTOR VEHICLE IN TRANSPORT,MM 49 1 I 24,NASHVILLE,TN,37206,10040,EAST,36.1647,-86.7634,POINT (-86.7634 36.1647)
20190772198,10/22/2019 08:03:00 AM,2,0,0,,N,134899,5,SIDESWIPE - SAME DIRECTION,21,CLEAR,1,DAYLIGHT,12,MOTOR VEHICLE IN TRANSPORT,STATE HWY 45 & FIELDS DR,OLD HICKORY,TN,37138,9723,HERMIT,36.2365,-86.6276,POINT (-86.6276 36.2365)
20190715352,09/27/2019 03:28:00 PM,2,0,0,,Y,151132,4,ANGLE,21,CLEAR,1,DAYLIGHT,12,MOTOR VEHICLE IN TRANSPORT,DICKERSON PKE & DICKERSON PKE ENT RAMP,MADISON,TN,37115,2009,MADISO,36.242,-86.7571,POINT (-86.7571 36.242)
20190841991,11/20/2019 09:19:00 PM,2,0,0,,Y,197053,6,SIDESWIPE - OPPOSITE DIRECTION,21,CLEAR,3,DARK - LIGHTED,12,MOTOR VEHICLE IN TRANSPORT,APACHE TRL & HICKORY LAKE APTS PVTDR,NASHVILLE,TN,37211,8709,SOUTH,36.0671,-86.6892,POINT (-86.6892 36.0671)
20190810904,11/07/2019 03:20:00 PM,1,0,0,Y,N,352186,0,NOT COLLISION W/MOTOR VEHICLE-TRANSPORT,2,RAIN,1,DAYLIGHT,24,GUARDRAIL FACE,MM 88 3 I 65,NASHVILLE,TN,37207,18041,EAST,36.2201,-86.7743,POINT (-86.7743 36.2201)
20190891164,12/12/2019 08:18:00 AM,2,1,0,,N,279206,11,Front to Rear,21,CLEAR,1,DAYLIGHT,12,MOTOR VEHICLE IN TRANSPORT,MM 213 7 I 40,NASHVILLE,TN,37217,8802,HERMIT,36.1408,-86.7194,POINT (-86.7194 36.1408)
20190785341,10/28/2019 06:43:00 AM,1,0,0,Y,N,384398,0,NOT COLLISION W/MOTOR VEHICLE-TRANSPORT,5,FOG,1,DAYLIGHT,24;63,GUARDRAIL FACE;Ran Off Road-Right,PETTUS RD & PRESTON RD,ANTIOCH,TN,37013,8761,SOUTH,36.0225,-86.6648,POINT (-86.6648 36.0225)
20190928643,12/30/2019 01:40:00 AM,2,2,0,,N,342952,98,OTHER,21,CLEAR,3,DARK - LIGHTED,12,MOTOR VEHICLE IN TRANSPORT,ROBINSON RD & MERRITT ST,OLD HICKORY,TN,37138,9619,HERMIT,36.2556,-86.6536,POINT (-86.6536 36.2556)
20190685769,09/15/2019 12:03:00 PM,2,0,0,,N,468030,5,SIDESWIPE - SAME DIRECTION,21,CLEAR,1,DAYLIGHT,12,MOTOR VEHICLE IN TRANSPORT,S 6TH ST & WOODLAND ST,NASHVILLE,TN,37206,1113,EAST,36.1726,-86.7628,POINT (-86.7628 36.1726)
20190847246,11/22/2019 10:47:00 PM,1,3,0,,N,320590,0,NOT COLLISION W/MOTOR VEHICLE-TRANSPORT,22,CLOUDY,2,DARK - NOT LIGHTED,1;24;42;63,GUARDRAIL FACE;TREE;Ran Off Road-Right,MM 36 0 I 24,WHITES CREEK,TN,37189,33180,NORTH,36.3201,-86.8502,POINT (-86.8502 36.3201)
20190851680,11/25/2019 06:25:00 AM,2,0,0,,N,352209,11,Front to Rear,21,CLEAR,1,DAYLIGHT,12,MOTOR VEHICLE IN TRANSPORT,MM 48 9 I 24,NASHVILLE,TN,37213,1104,CENTRA,36.1676,-86.7656,POINT (-86.7656 36.1676)
20190608382,08/15/2019 10:14:00 AM,1,0,0,Y,N,226673,0,NOT COLLISION W/MOTOR VEHICLE-TRANSPORT,21,CLEAR,1,DAYLIGHT,75,Bridge/Overhead Structure,MM 46 7 I 24,NASHVILLE,TN,37207,19060,EAST,36.1922,-86.7755,POINT (-86.7755 36.1922)
20190888360,12/11/2019 07:16:00 AM,2,0,0,,N,161952,4,ANGLE,21,CLEAR,1,DAYLIGHT,12,MOTOR VEHICLE IN TRANSPORT,NORTH GATE SHOPPING CTR PVTDR & ASHLAND,NASHVILLE,TN,37218,3163,NORTH,36.198,-86.8393,POINT (-86.8393 36.198)
20190819291,11/11/2019 02:20:00 PM,2,0,0,,Y,633391,11,Front to Rear,2,RAIN,1,DAYLIGHT,12,MOTOR VEHICLE IN TRANSPORT,WEST END AV & BOWLING AV,NASHVILLE,TN,37205,6005,WEST,36.1347,-86.8251,POINT (-86.8251 36.1347)
20190914561,12/22/2019 05:25:00 PM,2,1,0,,N,579971,11,Front to Rear,2,RAIN,3,DARK - LIGHTED,12,MOTOR VEHICLE IN TRANSPORT,ANTIOCH PKE & REEVES RD,ANTIOCH,TN,37013,8893,SOUTH,36.0655,-86.68,POINT (-86.68 36.0655)
20190667753,09/07/2019 11:43:00 PM,2,0,0,Y,N,279233,4,ANGLE,21,CLEAR,3,DARK - LIGHTED,12,MOTOR VEHICLE IN TRANSPORT,51ST AVN & ALABAMA AV,NASHVILLE,TN,37209,5121,WEST,36.1531,-86.8486,POINT (-86.8486 36.1531)
20190716853,09/28/2019 06:00:00 AM,1,0,0,Y,N,156307,0,NOT COLLISION W/MOTOR VEHICLE-TRANSPORT,21,CLEAR,3,DARK - LIGHTED,38,FENCE,KNOLLS PL & OLD HICKORY BLVD,NASHVILLE,TN,37211,8651,MIDTOW,36.045,-86.7175,POINT (-86.7175 36.045)
20190930193,12/30/2019 06:13:00 PM,2,0,0,,N,320580,5,SIDESWIPE - SAME DIRECTION,21,CLEAR,3,DARK - LIGHTED,12,MOTOR VEHICLE IN TRANSPORT,HERMITAGE AV & FAIRFIELD AV,NASHVILLE,TN,37210,9005,HERMIT,36.1539,-86.7564,POINT (-86.7564 36.1539)
20190684981,09/15/2019 01:18:00 AM,2,2,0,,N,352162,4,ANGLE,21,CLEAR,3,DARK - LIGHTED,1;12;36,MOTOR VEHICLE IN TRANSPORT;CONCRETE TRAFFIC BARRIER,MM 210 7 I 40,NASHVILLE,TN,37210,8202,HERMIT,36.1532,-86.7644,POINT (-86.7644 36.1532)
20190819747,11/11/2019 07:18:00 PM,1,1,0,,N,151132,0,NOT COLLISION W/MOTOR VEHICLE-TRANSPORT,2,RAIN,2,DARK - NOT LIGHTED,1;24;34;63;71,GUARDRAIL FACE;DITCH;Ran Off Road-Right;EMBANKMENT EARTH,MM 40 0 I 24,WHITES CREEK,TN,37189,3314,NORTH,36.2834,-86.8066,POINT (-86.8066 36.2834)
20190593700,08/09/2019 01:29:00 PM,2,0,0,,N,909486,11,Front to Rear,21,CLEAR,1,DAYLIGHT,12,MOTOR VEHICLE IN TRANSPORT,MM 209 0 I 40,NASHVILLE,TN,37203,4104,CENTRA,36.1574,-86.7903,POINT (-86.7903 36.1574)
20190583576,08/06/2019 06:49:00 AM,2,0,0,,N,109534,11,Front to Rear,21,CLEAR,1,DAYLIGHT,12,MOTOR VEHICLE IN TRANSPORT,MM 53 0 I 24,NASHVILLE,TN,37210,8302,SOUTH,36.1189,-86.7264,POINT (-86.7264 36.1189)
20190695046,09/19/2019 06:30:00 AM,2,0,0,,N,240944,11,Front to Rear,21,CLEAR,1,DAYLIGHT,12,MOTOR VEHICLE IN TRANSPORT,ANTIOCH PKE & LUNA DR,ANTIOCH,TN,37013,8899,SOUTH,36.0788,-86.6851,POINT (-86.6851 36.0788)
20190644127,08/29/2019 05:45:00 AM,2,1,0,,N,332298,11,Front to Rear,21,CLEAR,1,DAYLIGHT,12,MOTOR VEHICLE IN TRANSPORT,OLD HICKORY BLVD & BRENTWOOD CHASE DR,BRENTWOOD,TN,37027,8621,MIDTOW,36.0402,-86.7523,POINT (-86.7523 36.0402)
20190767234,10/20/2019 12:35:00 AM,2,0,0,,Y,481573,4,ANGLE,2,RAIN,3,DARK - LIGHTED,12,MOTOR VEHICLE IN TRANSPORT,OLD HICKORY BLVD & I65 N ENT RAMP,BRENTWOOD,TN,37027,8619,MIDTOW,36.0401,-86.7807,POINT (-86.7807 36.0401)
20190690722,09/17/2019 03:27:00 PM,2,0,0,,Y,256384,5,SIDESWIPE - SAME DIRECTION,21,CLEAR,1,DAYLIGHT,12,MOTOR VEHICLE IN TRANSPORT,NOLENSVILLE PKE & WINGROVE ST,NASHVILLE,TN,37210,8127,SOUTH,36.1355,-86.76,POINT (-86.76 36.1355)
20190598523,08/11/2019 06:30:00 PM,3,1,0,,Y,298860,11,Front to Rear,21,CLEAR,1,DAYLIGHT,12,MOTOR VEHICLE IN TRANSPORT,OLD HICKORY BLVD & PLANTATION DR,HERMITAGE,TN,37076,9613,HERMIT,36.2006,-86.6209,POINT (-86.6209 36.2006)
20190768538,10/20/2019 12:00:00 AM,3,1,0,,N,279200,11,Front to Rear,21,CLEAR,3,DARK - LIGHTED,12,MOTOR VEHICLE IN TRANSPORT,MM 48 3 I 24,NASHVILLE,TN,37213,11080,CENTRA,36.1722,-86.7689,POINT (-86.7689 36.1722)
20190729529,10/03/2019 05:35:00 PM,4,4,0,,N,717341,11,Front to Rear,21,CLEAR,1,DAYLIGHT,12,MOTOR VEHICLE IN TRANSPORT,MM 59 7 I 24,ANTIOCH,TN,37013,88060,SOUTH,36.0428,-86.6545,POINT (-86.6545 36.0428)
20190827737,11/14/2019 10:19:00 PM,2,0,0,,Y,256377,5,SIDESWIPE - SAME DIRECTION,21,CLEAR,3,DARK - LIGHTED,12,MOTOR VEHICLE IN TRANSPORT,MM 214 3 I 40,NASHVILLE,TN,37217,88021,HERMIT,36.1425,-86.7089,POINT (-86.7089 36.1425)
20190929390,12/30/2019 12:00:00 AM,2,1,0,,N,334981,98,OTHER,21,CLEAR,1,DAYLIGHT,13,MOTOR VEHICLE IN TRANSPORT-OTHER ROADWAY,CHURCH ST & 14TH AVN,NASHVILLE,TN,37203,5517,MIDTOW,36.1579,-86.7916,POINT (-86.7916 36.1579)
20190639224,08/27/2019 08:21:00 AM,2,0,0,,N,620061,5,SIDESWIPE - SAME DIRECTION,21,CLEAR,1,DAYLIGHT,12,MOTOR VEHICLE IN TRANSPORT,17TH AVS & WEST END AV,NASHVILLE,TN,37203,5707,MIDTOW,36.1538,-86.7944,POINT (-86.7944 36.1538)
20190696478,09/19/2019 06:19:00 PM,2,1,0,,N,240983,11,Front to Rear,21,CLEAR,1,DAYLIGHT,12,MOTOR VEHICLE IN TRANSPORT,MM 55 5 I 24,NASHVILLE,TN,37211,8812,SOUTH,36.0886,-86.7019,POINT (-86.7019 36.0886)
20190809748,11/07/2019 06:46:00 AM,3,1,0,,Y,716886,5,SIDESWIPE - SAME DIRECTION,2,RAIN,4,DAWN,12,MOTOR VEHICLE IN TRANSPORT,MM 62 1 I 24,ANTIOCH,TN,37013,8806,SOUTH,36.0195,-86.626,POINT (-86.626 36.0195)
20190896276,12/14/2019 11:04:00 AM,2,0,0,,N,834798,11,Front to Rear,21,CLEAR,1,DAYLIGHT,12,MOTOR VEHICLE IN TRANSPORT,CLOVERLAND DR & CLOVERMEADE DR,BRENTWOOD,TN,37027,8621,MIDTOW,36.0319,-86.7603,POINT (-86.7603 36.0319)
20190749313,10/12/2019 09:40:00 AM,2,0,0,,N,402660,5,SIDESWIPE - SAME DIRECTION,21,CLEAR,1,DAYLIGHT,12,MOTOR VEHICLE IN TRANSPORT,WILSON BLVDS & WEST END AV,NASHVILLE,TN,37205,6019,WEST,36.131,-86.8342,POINT (-86.8342 36.131)
20190925110,12/28/2019 03:53:00 AM,1,1,0,,N,352205,0,NOT COLLISION W/MOTOR VEHICLE-TRANSPORT,21,CLEAR,3,DARK - LIGHTED,1;50;64,DEER (ANIMAL);Ran Off Road-Left,I40 E ENT RAMP & I 40,NASHVILLE,TN,37205,4903,WEST,36.1109,-86.922,POINT (-86.922 36.1109)
20190693879,09/18/2019 06:20:00 PM,2,0,0,,N,429193,11,Front to Rear,21,CLEAR,1,DAYLIGHT,12,MOTOR VEHICLE IN TRANSPORT,CHARLOTTE PKE & CHARLOTTE ROAD CIR,NASHVILLE,TN,37209,5025,WEST,36.1423,-86.8756,POINT (-86.8756 36.1423)
20190646161,08/29/2019 09:45:00 PM,2,0,0,,N,179603,11,Front to Rear,21,CLEAR,3,DARK - LIGHTED,14,PARKED MOTOR VEHICLE,RYAN ALLEN CIR & DANIEL RAY DR,WHITES CREEK,TN,37189,2105,MADISO,36.2815,-86.7885,POINT (-86.7885 36.2815)
20190749559,10/12/2019 12:30:00 PM,2,0,0,,N,279227,5,SIDESWIPE - SAME DIRECTION,21,CLEAR,1,DAYLIGHT,12,MOTOR VEHICLE IN TRANSPORT,MM 57 6 I 24,ANTIOCH,TN,37013,87060,SOUTH,36.0629,-86.6829,POINT (-86.6829 36.0629)
20190630040,08/23/2019 11:30:00 AM,1,2,0,Y,N,676834,0,NOT COLLISION W/MOTOR VEHICLE-TRANSPORT,21,CLEAR,1,DAYLIGHT,1;40;47,MAIL BOX;FIRE HYDRANT,26TH AVN & CLARKSVILLE PKE,NASHVILLE,TN,37208,4429,NORTH,36.1865,-86.8188,POINT (-86.8188 36.1865)
20190590657,08/08/2019 05:12:00 PM,2,0,0,,Y,169425,5,SIDESWIPE - SAME DIRECTION,21,CLEAR,1,DAYLIGHT,12,MOTOR VEHICLE IN TRANSPORT,MM 209 5 I 40,NASHVILLE,TN,37203,40040,CENTRA,36.1502,-86.7844,POINT (-86.7844 36.1502)
20190719069,09/29/2019 10:15:00 AM,2,0,0,,N,571313,5,SIDESWIPE - SAME DIRECTION,21,CLEAR,1,DAYLIGHT,12,MOTOR VEHICLE IN TRANSPORT,WEDGEWOOD AV & 12TH AVS,NASHVILLE,TN,37203,6913,MIDTOW,36.1361,-86.7879,POINT (-86.7879 36.1361)
20190724621,10/01/2019 07:35:00 PM,2,0,0,,N,151132,6,SIDESWIPE - OPPOSITE DIRECTION,21,CLEAR,3,DARK - LIGHTED,12,MOTOR VEHICLE IN TRANSPORT,NEELYS BEND RD & CHEYENNE BLVD,MADISON,TN,37115,1615,MADISO,36.2384,-86.6713,POINT (-86.6713 36.2384)
20190794627,10/31/2019 07:09:00 PM,2,0,0,,Y,197070,5,SIDESWIPE - SAME DIRECTION,21,CLEAR,1,DAYLIGHT,14,PARKED MOTOR VEHICLE,IRELAND ST & 16TH AVN,NASHVILLE,TN,37208,5419,NORTH,36.1667,-86.8003,POINT (-86.8003 36.1667)
20190820994,11/12/2019 12:00:00 AM,2,0,0,,N,429205,11,Front to Rear,4,SNOW,1,DAYLIGHT,12,MOTOR VEHICLE IN TRANSPORT,5TH AVN & CHARLOTTE AV,NASHVILLE,TN,37219,4203,CENTRA,36.1659,-86.7819,POINT (-86.7819 36.1659)
20190871984,12/04/2019 08:25:00 AM,2,0,0,,N,493309,5,SIDESWIPE - SAME DIRECTION,21,CLEAR,1,DAYLIGHT,12,MOTOR VEHICLE IN TRANSPORT,STATE RT 45 & MYATT DR,MADISON,TN,37115,1705,MADISO,36.2641,-86.6903,POINT (-86.6903 36.2641)
20190645399,08/29/2019 03:45:00 PM,2,0,0,,N,256412,2,HEAD-ON,21,CLEAR,1,DAYLIGHT,12,MOTOR VEHICLE IN TRANSPORT,EAST THOMPSON LN & GLENROSE AV,NASHVILLE,TN,37211,8809,SOUTH,36.1155,-86.7194,POINT (-86.7194 36.1155)
20190665755,09/06/2019 10:00:00 PM,2,0,0,,N,405427,11,Front to Rear,21,CLEAR,3,DARK - LIGHTED,12,MOTOR VEHICLE IN TRANSPORT,BROADWAY & 5TH AVS,NASHVILLE,TN,37203,4089,CENTRA,36.1605,-86.7784,POINT (-86.7784 36.1605)
20190905280,12/18/2019 11:59:00 AM,2,1,0,,N,525538,4,ANGLE,21,CLEAR,1,DAYLIGHT,12,MOTOR VEHICLE IN TRANSPORT,US HWY 431 & BEECHWOOD AVE,NASHVILLE,TN,37212,6509,MIDTOW,36.1273,-86.8037,POINT (-86.8037 36.1273)
20190761775,10/17/2019 04:10:00 PM,1,1,0,,N,256389,0,NOT COLLISION W/MOTOR VEHICLE-TRANSPORT,21,CLEAR,1,DAYLIGHT,8,PEDESTRIAN,DALLAS AV & HALCYON AV,NASHVILLE,TN,37212,6505,MIDTOW,36.1226,-86.7904,POINT (-86.7904 36.1226)
20190789137,10/29/2019 12:00:00 AM,2,0,0,,N,212344,98,OTHER,22,CLOUDY,1,DAYLIGHT,12,MOTOR VEHICLE IN TRANSPORT,JONES AV & E TRINITY LN,NASHVILLE,TN,37207,1835,EAST,36.2054,-86.7576,POINT (-86.7576 36.2054)
20190727219,10/02/2019 07:42:00 PM,2,0,0,,N,212369,11,Front to Rear,21,CLEAR,1,DAYLIGHT,12,MOTOR VEHICLE IN TRANSPORT,HARDING PL & FRANKLIN PKE,NASHVILLE,TN,37204,7029,MIDTOW,36.0866,-86.7716,POINT (-86.7716 36.0866)
20190855901,11/26/2019 09:00:00 PM,1,0,0,,N,384449,0,NOT COLLISION W/MOTOR VEHICLE-TRANSPORT,2,RAIN,2,DARK - NOT LIGHTED,1,,OLD HICKORY BLVD & BELL RD,HERMITAGE,TN,37076,9545,HERMIT,36.1613,-86.5971,POINT (-86.5971 36.1613)
20190711247,09/25/2019 11:40:00 PM,1,0,0,Y,N,240944,0,NOT COLLISION W/MOTOR VEHICLE-TRANSPORT,21,CLEAR,2,DARK - NOT LIGHTED,47,FIRE HYDRANT,RURAL HILL RD & HICKORY HIGHLANDS DR,ANTIOCH,TN,37013,8861,SOUTH,36.0594,-86.6452,POINT (-86.6452 36.0594)
20190749916,10/12/2019 12:00:00 AM,2,3,0,,N,298877,4,ANGLE,21,CLEAR,1,DAYLIGHT,12,MOTOR VEHICLE IN TRANSPORT,WELCH RD & TRAVIS DR,NASHVILLE,TN,37211,8445,SOUTH,36.0832,-86.7246,POINT (-86.7246 36.0832)
20190661911,09/05/2019 11:45:00 AM,2,2,0,,N,716886,4,ANGLE,21,CLEAR,1,DAYLIGHT,12,MOTOR VEHICLE IN TRANSPORT,MURFREESBORO PKE & POLK AV,NASHVILLE,TN,37210,8117,SOUTH,36.1424,-86.7432,POINT (-86.7432 36.1424)
20190716521,09/27/2019 09:44:00 PM,2,0,0,,Y,169414,3,REAR-TO-REAR,21,CLEAR,3,DARK - LIGHTED,14,PARKED MOTOR VEHICLE,CONCORD HILLS DR & NOLENSVILLE PKE,ANTIOCH,TN,37013,8767,SOUTH,35.9998,-86.6931,POINT (-86.6931 35.9998)
20190684301,09/14/2019 05:39:00 PM,1,0,0,Y,N,298877,0,NOT COLLISION W/MOTOR VEHICLE-TRANSPORT,21,CLEAR,1,DAYLIGHT,39,WALL,REDD CT & YELTON CT,NASHVILLE,TN,37211,8435,SOUTH,36.0916,-86.7342,POINT (-86.7342 36.0916)
20190768638,10/20/2019 07:50:00 PM,2,0,0,,N,352185,5,SIDESWIPE - SAME DIRECTION,21,CLEAR,3,DARK - LIGHTED,12,MOTOR VEHICLE IN TRANSPORT,GALLATIN PKE & E TRINITY LN,NASHVILLE,TN,37216,1837,EAST,36.205,-86.7376,POINT (-86.7376 36.205)
20190616926,08/18/2019 10:25:00 PM,1,0,0,Y,Y,279203,0,NOT COLLISION W/MOTOR VEHICLE-TRANSPORT,21,CLEAR,3,DARK - LIGHTED,33;38,CURB;FENCE,8TH AVS & KOREAN VETERANS BLVD,NASHVILLE,TN,37203,4043,CENTRA,36.1549,-86.7792,POINT (-86.7792 36.1549)
20190915742,12/23/2019 09:10:00 AM,2,0,0,,N,332253,5,SIDESWIPE - SAME DIRECTION,21,CLEAR,1,DAYLIGHT,12,MOTOR VEHICLE IN TRANSPORT,MM 91 0 I 65,MADISON,TN,37115,20044,MADISO,36.2478,-86.7432,POINT (-86.7432 36.2478)
20190916919,12/23/2019 08:42:00 PM,2,1,0,,N,384437,11,Front to Rear,21,CLEAR,3,DARK - LIGHTED,12,MOTOR VEHICLE IN TRANSPORT,MCGAVOCK PKE WB EXT RAMP & BRILEY PKWY N,NASHVILLE,TN,37214,9290,HERMIT,36.2176,-86.6921,POINT (-86.6921 36.2176)
20190645641,08/29/2019 05:15:00 PM,2,0,0,,Y,352213,11,Front to Rear,21,CLEAR,1,DAYLIGHT,12,MOTOR VEHICLE IN TRANSPORT,WOODMONT BLVD & VALLEY BROOK RD,NASHVILLE,TN,37215,6105,WEST,36.1141,-86.8121,POINT (-86.8121 36.1141)
20190786398,10/28/2019 03:53:00 PM,2,0,0,,N,352168,5,SIDESWIPE - SAME DIRECTION,21,CLEAR,1,DAYLIGHT,12,MOTOR VEHICLE IN TRANSPORT,FRANKLIN PKE & OLD HICKORY BLVD,NASHVILLE,TN,37220,7111,MIDTOW,36.0377,-86.7865,POINT (-86.7865 36.0377)
20190877527,12/06/2019 11:34:00 AM,2,0,0,,N,384436,11,Front to Rear,22,CLOUDY,1,DAYLIGHT,12,MOTOR VEHICLE IN TRANSPORT,NOLENSVILLE PKE & ALLIED DR,NASHVILLE,TN,37211,8511,MIDTOW,36.0962,-86.7377,POINT (-86.7377 36.0962)
20190620401,08/20/2019 03:34:00 AM,1,0,0,Y,N,352188,0,NOT COLLISION W/MOTOR VEHICLE-TRANSPORT,21,CLEAR,3,DARK - LIGHTED,30;41;63;64;68;71,UTILITY POLE;SHRUBBERY;Ran Off Road-Right;Ran Off Road-Left;Cross Center Line;EMBANKMENT EARTH,BLUE HOLE RD & TIMBERLAKE CIR,ANTIOCH,TN,37013,8719,SOUTH,36.0488,-86.6733,POINT (-86.6733 36.0488)
20190712501,09/26/2019 11:28:00 AM,2,0,0,,N,419952,11,Front to Rear,22,CLOUDY,1,DAYLIGHT,12,MOTOR VEHICLE IN TRANSPORT,HIGHWAY 100 & NATCHEZ TRACE PKWY EXT RAM,NASHVILLE,TN,37221,4805,WEST,36.0346,-86.9729,POINT (-86.9729 36.0346)
20190792807,10/31/2019 02:29:00 AM,2,1,0,,N,330420,4,ANGLE,2,RAIN,3,DARK - LIGHTED,12;24,MOTOR VEHICLE IN TRANSPORT;GUARDRAIL FACE,MM 211 1 I 40,NASHVILLE,TN,37210,8008,HERMIT,36.1539,-86.7571,POINT (-86.7571 36.1539)
20190666680,09/07/2019 11:20:00 AM,2,2,0,,N,352186,4,ANGLE,21,CLEAR,1,DAYLIGHT,12,MOTOR VEHICLE IN TRANSPORT,CHARLOTTE AV & GEORGE L DAVIS BLVD,NASHVILLE,TN,37203,4205,CENTRA,36.1612,-86.7927,POINT (-86.7927 36.1612)
20190707468,09/24/2019 01:55:00 PM,2,0,0,,N,226622,5,SIDESWIPE - SAME DIRECTION,21,CLEAR,1,DAYLIGHT,12,MOTOR VEHICLE IN TRANSPORT,WEST END AV & CRAIGHEAD AV,NASHVILLE,TN,37205,5211,WEST,36.134,-86.827,POINT (-86.827 36.134)
20190837543,11/19/2019 07:13:00 AM,3,1,0,,N,462474,11,Front to Rear,22,CLOUDY,1,DAYLIGHT,12,MOTOR VEHICLE IN TRANSPORT,US HWY 31 ALT & BREWER DR,NASHVILLE,TN,37211,8655,MIDTOW,36.0536,-86.7151,POINT (-86.7151 36.0536)