Accident Number,Date and Time,Number of Motor Vehicles,Number of Injuries,Number of Fatalities,Property Damage,Hit and Run,Reporting Officer,Collision Type Code,Collision Type Description,Weather Code,Weather Description,Illumination Code,Illumination Description,Harmful Code,Harmful Code Description,Street Address,City,State,ZIP,RPA,Precinct,Latitude,Longitude,Mapped Location
20190755968,10/15/2019 09:43:00 AM,2,0,0,,N,716886,11,Front to Rear,21,CLEAR,1,DAYLIGHT,12,MOTOR VEHICLE IN TRANSPORT,BLUE HOLE RD & PETTUS RD,ANTIOCH,TN,37013,8755,SOUTH,36.0285,-86.6726,POINT (-86.6726 36.0285)
20190790511,10/30/2019 04:22:00 AM,2,1,0,,N,197060,4,ANGLE,2,RAIN,2,DARK - NOT LIGHTED,14,PARKED MOTOR VEHICLE,305 AURORA AV,MADISON,TN,37115,1719,MADISO,36.2836,-86.7022,POINT (-86.7022 36.2836)
20190788392,10/29/2019 10:20:00 AM,2,4,0,,N,693093,4,ANGLE,22,CLOUDY,1,DAYLIGHT,12,MOTOR VEHICLE IN TRANSPORT,DELAWARE AV & CUMBERLAND AV,MADISON,TN,37115,1703,MADISO,36.2669,-86.7036,POINT (-86.7036 36.2669)
20190848741,11/23/2019 05:22:00 PM,2,4,0,,N,320580,11,Front to Rear,2,RAIN,3,DARK - LIGHTED,12,MOTOR VEHICLE IN TRANSPORT,BRILEY PKWYN & BRILEY PKWYS,NASHVILLE,TN,37211,8404,SOUTH,36.1092,-86.727,POINT (-86.727 36.1092)
20190828978,11/15/2019 10:30:00 AM,2,0,0,,N,538214,5,SIDESWIPE - SAME DIRECTION,21,CLEAR,1,DAYLIGHT,12,MOTOR VEHICLE IN TRANSPORT,ELM ST & 4TH AVS,NASHVILLE,TN,37210,4005,CENTRA,36.1533,-86.7722,POINT (-86.7722 36.1533)
20190618477,08/19/2019 12:10:00 PM,2,0,0,,N,191578,5,SIDESWIPE - SAME DIRECTION,21,CLEAR,1,DAYLIGHT,12,MOTOR VEHICLE IN TRANSPORT,BRILEY PKWYS & I40 E EXT RAMP,NASHVILLE,TN,37209,46081,WEST,36.1556,-86.858,POINT (-86.858 36.1556)
20190682344,09/13/2019 07:20:00 PM,2,0,0,,N,320580,5,SIDESWIPE - SAME DIRECTION,21,CLEAR,3,DARK - LIGHTED,12,MOTOR VEHICLE IN TRANSPORT,MM 213 0 I 40,NASHVILLE,TN,37210,8219,HERMIT,36.1407,-86.7323,POINT (-86.7323 36.1407)
20190833384,11/17/2019 12:55:00 PM,2,1,0,,N,473670,5,SIDESWIPE - SAME DIRECTION,21,CLEAR,1,DAYLIGHT,12,MOTOR VEHICLE IN TRANSPORT,SHELBY AV & S 4TH ST,NASHVILLE,TN,37206,1009,EAST,36.167,-86.7637,POINT (-86.7637 36.167)
20190894371,12/13/2019 12:24:00 PM,2,0,0,,Y,769379,5,SIDESWIPE - SAME DIRECTION,2,RAIN,1,DAYLIGHT,12,MOTOR VEHICLE IN TRANSPORT,MM 58 1 I 24,ANTIOCH,TN,37013,88080,SOUTH,36.0572,-86.6767,POINT (-86.6767 36.0572)
20190877036,12/06/2019 07:40:00 AM,2,0,0,,N,279227,11,Front to Rear,21,CLEAR,1,DAYLIGHT,12,MOTOR VEHICLE IN TRANSPORT,RICE RD & BELL RD,ANTIOCH,TN,37013,8865,SOUTH,36.1676,-86.7787,POINT (-86.7787 36.1676)
20190782305,10/26/2019 04:30:00 PM,2,0,0,,N,179606,2,HEAD-ON,2,RAIN,1,DAYLIGHT,12,MOTOR VEHICLE IN TRANSPORT,I65 S ENT RAMP & I65 S EXT RAMP,NASHVILLE,TN,37204,6945,MIDTOW,36.1342,-86.7764,POINT (-86.7764 36.1342)
20190694269,09/18/2019 10:20:00 PM,3,1,0,,N,717341,11,Front to Rear,21,CLEAR,3,DARK - LIGHTED,12,MOTOR VEHICLE IN TRANSPORT,MM 59 0 I 24,ANTIOCH,TN,37013,8808,SOUTH,36.049,-86.6651,POINT (-86.6651 36.049)
20190756046,10/15/2019 10:28:00 AM,2,0,0,,N,191578,11,Front to Rear,21,CLEAR,1,DAYLIGHT,12,MOTOR VEHICLE IN TRANSPORT,I40 W EXT RAMP & I 40,NASHVILLE,TN,37203,4119,CENTRA,36.1574,-86.79,POINT (-86.79 36.1574)
20190886043,12/10/2019 08:45:00 AM,2,0,0,,N,384398,11,Front to Rear,3,"SLEET, HAIL",1,DAYLIGHT,12,MOTOR VEHICLE IN TRANSPORT,BELL RD & OLD HICKORY BLVD,ANTIOCH,TN,37013,8755,SOUTH,36.0453,-86.7017,POINT (-86.7017 36.0453)
20190831456,11/16/2019 01:23:00 PM,3,0,0,,Y,462474,11,Front to Rear,21,CLEAR,1,DAYLIGHT,12,MOTOR VEHICLE IN TRANSPORT,EDMONDSON PIKE & BRENTWOOD SQ,NASHVILLE,TN,37211,8653,MIDTOW,36.0415,-86.7438,POINT (-86.7438 36.0415)
20190851422,11/25/2019 12:00:00 AM,1,1,0,Y,N,384448,0,NOT COLLISION W/MOTOR VEHICLE-TRANSPORT,21,CLEAR,3,DARK - LIGHTED,30;32;40;63;71,UTILITY POLE;CULVERT;MAIL BOX;Ran Off Road-Right;EMBANKMENT EARTH,HARDING PKE & WESTMINSTER PL,NASHVILLE,TN,37205,4913,WEST,36.0959,-86.8787,POINT (-86.8787 36.0959)
20190801894,11/04/2019 06:54:00 AM,2,1,0,,N,352164,11,Front to Rear,21,CLEAR,1,DAYLIGHT,12,MOTOR VEHICLE IN TRANSPORT,NOLENSVILLE RD & OLD BURKITT RD,ANTIOCH,TN,37013,8767,SOUTH,35.9939,-86.686,POINT (-86.686 35.9939)
20190600356,08/12/2019 12:07:00 PM,2,0,0,,N,352201,11,Front to Rear,21,CLEAR,1,DAYLIGHT,12,MOTOR VEHICLE IN TRANSPORT,BRILEY PKWY S EXT RAMP & BRILEY PKWY S E,NASHVILLE,TN,37214,9219,HERMIT,36.1687,-86.6902,POINT (-86.6902 36.1687)
20190928478,12/29/2019 12:00:00 AM,2,0,0,,Y,320591,6,SIDESWIPE - OPPOSITE DIRECTION,21,CLEAR,3,DARK - LIGHTED,12,MOTOR VEHICLE IN TRANSPORT,CHIMNEYTOP DR & CANE RIDGE RD,ANTIOCH,TN,37013,8751,SOUTH,36.0398,-86.66,POINT (-86.66 36.0398)
20190845471,11/22/2019 07:53:00 AM,2,0,0,,N,384442,11,Front to Rear,2,RAIN,1,DAYLIGHT,12,MOTOR VEHICLE IN TRANSPORT,NOLENSVILLE PKE & I440 E EXT RAMP,NASHVILLE,TN,37210,8321,SOUTH,36.1216,-86.7505,POINT (-86.7505 36.1216)
20190736777,10/07/2019 05:30:00 AM,1,0,0,Y,N,279217,0,NOT COLLISION W/MOTOR VEHICLE-TRANSPORT,2,RAIN,3,DARK - LIGHTED,25,GUARDRAIL END,MM 86 2 I 65,NASHVILLE,TN,37207,1910,CENTRA,36.1919,-86.7812,POINT (-86.7812 36.1919)
20190774461,10/23/2019 07:40:00 AM,2,1,0,,N,306231,11,Front to Rear,21,CLEAR,1,DAYLIGHT,12,MOTOR VEHICLE IN TRANSPORT,CLARKSVILLE PKE & TSU CONNECTOR,NASHVILLE,TN,37208,4425,NORTH,36.1896,-86.8244,POINT (-86.8244 36.1896)
20190911140,12/20/2019 07:28:00 PM,2,1,0,,N,725774,2,HEAD-ON,21,CLEAR,7,Dark-Unknown Lighting,12,MOTOR VEHICLE IN TRANSPORT,PLANTATION DR & BONNAVISTA DR,HERMITAGE,TN,37076,9601,HERMIT,36.1993,-86.6346,POINT (-86.6346 36.1993)
20190796384,11/01/2019 02:08:00 PM,2,0,0,,N,256383,4,ANGLE,21,CLEAR,1,DAYLIGHT,12,MOTOR VEHICLE IN TRANSPORT,JONQUIL DR & WELCH RD,NASHVILLE,TN,37211,8445,SOUTH,36.0826,-86.7184,POINT (-86.7184 36.0826)
20190604293,08/13/2019 08:55:00 PM,1,1,0,,N,717341,0,NOT COLLISION W/MOTOR VEHICLE-TRANSPORT,21,CLEAR,3,DARK - LIGHTED,8,PEDESTRIAN,BELL RD & HICKORY HOLLOW TER,ANTIOCH,TN,37013,8865,SOUTH,36.3008,-86.6948,POINT (-86.6948 36.3008)
20190777817,10/24/2019 02:35:00 PM,2,0,0,,N,256427,11,Front to Rear,21,CLEAR,1,DAYLIGHT,12,MOTOR VEHICLE IN TRANSPORT,MM 211 5 I 40,NASHVILLE,TN,37210,8204,HERMIT,36.1514,-86.7517,POINT (-86.7517 36.1514)
20190910628,12/20/2019 03:08:00 PM,3,0,0,,N,330425,11,Front to Rear,22,CLOUDY,1,DAYLIGHT,12,MOTOR VEHICLE IN TRANSPORT,MM 91 8 I 65,MADISON,TN,37115,17280,MADISO,36.2589,-86.7382,POINT (-86.7382 36.2589)
20190817323,11/10/2019 02:03:00 PM,2,0,0,,N,279208,5,SIDESWIPE - SAME DIRECTION,21,CLEAR,1,DAYLIGHT,12,MOTOR VEHICLE IN TRANSPORT,20TH AVS & BROADWAY,NASHVILLE,TN,37203,5709,MIDTOW,36.1498,-86.7982,POINT (-86.7982 36.1498)
20190892348,12/12/2019 12:00:00 AM,2,0,0,,N,311333,4,ANGLE,22,CLOUDY,2,DARK - NOT LIGHTED,12,MOTOR VEHICLE IN TRANSPORT,ANDERSON RD & CREEKVIEW DR,ANTIOCH,TN,37013,8979,SOUTH,36.074,-86.6249,POINT (-86.6249 36.074)
20190911091,12/20/2019 08:05:00 PM,2,0,0,,N,384395,98,OTHER,21,CLEAR,3,DARK - LIGHTED,12,MOTOR VEHICLE IN TRANSPORT,SMITH SPRINGS RD & BELL RD,NASHVILLE,TN,37217,8935,HERMIT,36.1295,-86.8404,POINT (-86.8404 36.1295)
20190752942,10/14/2019 06:44:00 AM,2,0,0,,N,140808,4,ANGLE,21,CLEAR,1,DAYLIGHT,12,MOTOR VEHICLE IN TRANSPORT,OLD HICKORY BLVD & WESTPARK DR,NASHVILLE,TN,37220,7111,MIDTOW,36.0382,-86.8009,POINT (-86.8009 36.0382)
20190730470,10/04/2019 02:20:00 AM,1,0,0,,N,256377,0,NOT COLLISION W/MOTOR VEHICLE-TRANSPORT,21,CLEAR,2,DARK - NOT LIGHTED,17,BOULDER,2474 COUCHVILLE PKE,NASHVILLE,TN,37214,8993,HERMIT,36.1146,-86.6465,POINT (-86.6465 36.1146)
20190682440,09/13/2019 08:00:00 PM,2,0,0,,N,240955,11,Front to Rear,21,CLEAR,2,DARK - NOT LIGHTED,12,MOTOR VEHICLE IN TRANSPORT,MM 58 2 I 24,ANTIOCH,TN,37013,87060,SOUTH,36.0564,-86.6761,POINT (-86.6761 36.0564)
20190736078,10/06/2019 07:00:00 PM,1,1,0,Y,N,320597,0,NOT COLLISION W/MOTOR VEHICLE-TRANSPORT,2,RAIN,7,Dark-Unknown Lighting,34;42,DITCH;TREE,FRANKLIN LIMESTONE RD & FRANKLIN LIMESTO,NASHVILLE,TN,37217,8853,SOUTH,36.0876,-86.6629,POINT (-86.6629 36.0876)
20190683772,09/14/2019 10:56:00 AM,2,0,0,,Y,279230,5,SIDESWIPE - SAME DIRECTION,21,CLEAR,1,DAYLIGHT,12,MOTOR VEHICLE IN TRANSPORT,5040 NOLENSVILLE PKE,NASHVILLE,TN,37211,8711,SOUTH,36.0594,-86.7161,POINT (-86.7161 36.0594)
20190860949,11/29/2019 09:50:00 AM,2,0,0,,N,279227,5,SIDESWIPE - SAME DIRECTION,21,CLEAR,1,DAYLIGHT,12,MOTOR VEHICLE IN TRANSPORT,MM 56 6 I 24,NASHVILLE,TN,37211,8810,SOUTH,36.0742,-86.6927,POINT (-86.6927 36.0742)
20190789097,10/29/2019 03:55:00 PM,3,1,0,,N,714641,11,Front to Rear,22,CLOUDY,1,DAYLIGHT,12,MOTOR VEHICLE IN TRANSPORT,MM 49 4 I 24,NASHVILLE,TN,37206,10040,EAST,36.1613,-86.7604,POINT (-86.7604 36.1613)
20190694005,09/18/2019 07:00:00 PM,2,0,0,,Y,717341,5,SIDESWIPE - SAME DIRECTION,21,CLEAR,5,DUSK,12,MOTOR VEHICLE IN TRANSPORT,MM 59 0 I 24,ANTIOCH,TN,37013,8808,SOUTH,36.049,-86.6651,POINT (-86.6651 36.049)
20190842996,11/21/2019 08:35:00 AM,2,0,0,,N,553957,4,ANGLE,22,CLOUDY,1,DAYLIGHT,12,MOTOR VEHICLE IN TRANSPORT,FERNBROOK LN & MCGAVOCK PKE,NASHVILLE,TN,37214,9317,HERMIT,36.1859,-86.6762,POINT (-86.6762 36.1859)
20190802163,11/04/2019 08:35:00 AM,3,0,0,,N,352164,11,Front to Rear,21,CLEAR,1,DAYLIGHT,12,MOTOR VEHICLE IN TRANSPORT,NOLENSVILLE RD & OLD BURKITT RD,ANTIOCH,TN,37013,8767,SOUTH,35.9939,-86.686,POINT (-86.686 35.9939)
20190778237,10/24/2019 06:20:00 PM,2,1,0,,Y,256501,11,Front to Rear,21,CLEAR,1,DAYLIGHT,12,MOTOR VEHICLE IN TRANSPORT,MOORMANS ARM RD & BOATNER DR,NASHVILLE,TN,37207,3015,NORTH,36.2151,-86.8167,POINT (-86.8167 36.2151)
20190820969,11/12/2019 07:00:00 AM,2,0,0,,N,226134,4,ANGLE,21,CLEAR,1,DAYLIGHT,14,PARKED MOTOR VEHICLE,BILLINGSGATE RD & BILLINGSGATE CT,ANTIOCH,TN,37013,8897,SOUTH,36.0767,-86.6646,POINT (-86.6646 36.0767)
20190585355,08/06/2019 08:32:00 PM,6,0,0,,Y,161946,11,Front to Rear,21,CLEAR,3,DARK - LIGHTED,12,MOTOR VEHICLE IN TRANSPORT,I65 N ENT RAMP & I 65,NASHVILLE,TN,37207,1829,EAST,36.209,-86.7759,POINT (-86.7759 36.209)
20190796922,11/01/2019 12:00:00 AM,2,0,0,,Y,306708,9,UNKNOWN,99,UNKNOWN,9,UNKNOWN,14,PARKED MOTOR VEHICLE,EZELL PIKE & AIRPARK CENTER DR,NASHVILLE,TN,37211,8847,SOUTH,36.0903,-86.6813,POINT (-86.6813 36.0903)
20190673617,09/10/2019 03:05:00 PM,2,0,0,,N,714641,6,SIDESWIPE - OPPOSITE DIRECTION,21,CLEAR,1,DAYLIGHT,12,MOTOR VEHICLE IN TRANSPORT,4TH AVN & CHURCH ST,NASHVILLE,TN,37219,4129,CENTRA,36.1637,-86.779,POINT (-86.779 36.1637)
20190657763,09/03/2019 06:32:00 PM,2,0,0,,N,240977,5,SIDESWIPE - SAME DIRECTION,21,CLEAR,1,DAYLIGHT,12,MOTOR VEHICLE IN TRANSPORT,MM 47 6 I 24,NASHVILLE,TN,37207,1904,CENTRA,36.1803,-86.7744,POINT (-86.7744 36.1803)
20190874740,12/05/2019 08:03:00 AM,2,0,0,,N,716886,11,Front to Rear,21,CLEAR,1,DAYLIGHT,12,MOTOR VEHICLE IN TRANSPORT,PHILHALL PKWY & SCENIC LAKE CT,ANTIOCH,TN,37013,8997,SOUTH,36.0796,-86.5948,POINT (-86.5948 36.0796)
20190695422,09/19/2019 09:50:00 AM,2,0,0,,N,384392,4,ANGLE,21,CLEAR,1,DAYLIGHT,12,MOTOR VEHICLE IN TRANSPORT,18TH AVE N & CHURCH ST,NASHVILLE,TN,37203,5521,MIDTOW,36.155,-86.7975,POINT (-86.7975 36.155)
20190850382,11/24/2019 02:04:00 PM,2,1,0,,N,311799,11,Front to Rear,21,CLEAR,1,DAYLIGHT,12,MOTOR VEHICLE IN TRANSPORT,GALLATIN PKEN & NESBITT LN,MADISON,TN,37115,1709,MADISO,36.2724,-86.7102,POINT (-86.7102 36.2724)
20190861859,11/29/2019 07:24:00 PM,2,0,0,,N,330440,11,Front to Rear,21,CLEAR,3,DARK - LIGHTED,12,MOTOR VEHICLE IN TRANSPORT,12TH AVN & IRELAND ST,NASHVILLE,TN,37208,5427,NORTH,36.168,-86.7969,POINT (-86.7969 36.168)
20190696238,09/19/2019 04:07:00 PM,2,0,0,,Y,240983,4,ANGLE,21,CLEAR,1,DAYLIGHT,12,MOTOR VEHICLE IN TRANSPORT,MURFREESBORO PKE & PLUS PARK BLVD,NASHVILLE,TN,37217,8815,HERMIT,36.1337,-86.722,POINT (-86.722 36.1337)
20190670284,09/09/2019 08:31:00 AM,1,1,0,,N,306231,0,NOT COLLISION W/MOTOR VEHICLE-TRANSPORT,21,CLEAR,1,DAYLIGHT,42,TREE,WHITES CREEK PKE & OLD HICKORY BLVD,WHITES CREEK,TN,37189,3305,NORTH,36.2685,-86.8313,POINT (-86.8313 36.2685)
20190902154,12/17/2019 08:45:00 AM,2,0,0,,Y,676834,11,Front to Rear,22,CLOUDY,1,DAYLIGHT,12,MOTOR VEHICLE IN TRANSPORT,DOMINICAN DR & ROSA L PARKS BLVD,NASHVILLE,TN,37228,4445,NORTH,36.1879,-86.7985,POINT (-86.7985 36.1879)
20190802391,11/04/2019 10:43:00 AM,2,0,0,,N,279230,4,ANGLE,21,CLEAR,1,DAYLIGHT,12,MOTOR VEHICLE IN TRANSPORT,RICHARDS RD & DOWDY DR,ANTIOCH,TN,37013,8899,SOUTH,36.0681,-86.6691,POINT (-86.6691 36.0681)
20190796707,11/01/2019 05:28:00 PM,2,0,0,,N,279233,4,ANGLE,21,CLEAR,1,DAYLIGHT,12,MOTOR VEHICLE IN TRANSPORT,STATE HWY 155 & RAMP,NASHVILLE,TN,37211,88962,SOUTH,36.1106,-86.7161,POINT (-86.7161 36.1106)
20190879064,12/06/2019 11:30:00 PM,2,0,0,,N,330414,11,Front to Rear,21,CLEAR,2,DARK - NOT LIGHTED,12,MOTOR VEHICLE IN TRANSPORT,US HWY 41 & THOMPSON PL,NASHVILLE,TN,37217,8821,HERMIT,36.1267,-86.711,POINT (-86.711 36.1267)
20190724096,10/01/2019 02:30:00 PM,2,0,0,,Y,206672,4,ANGLE,21,CLEAR,1,DAYLIGHT,12,MOTOR VEHICLE IN TRANSPORT,MURFREESBORO PKE & FOOTHILL DR,NASHVILLE,TN,37217,8815,HERMIT,36.1315,-86.7174,POINT (-86.7174 36.1315)
20190723183,10/01/2019 07:11:00 AM,2,0,0,,N,348631,11,Front to Rear,21,CLEAR,1,DAYLIGHT,12,MOTOR VEHICLE IN TRANSPORT,DOUGLAS AV & EMMETT AV,NASHVILLE,TN,37206,1933,EAST,36.1931,-86.7487,POINT (-86.7487 36.1931)
20190603274,08/13/2019 12:55:00 PM,2,1,0,,N,676834,4,ANGLE,21,CLEAR,1,DAYLIGHT,12,MOTOR VEHICLE IN TRANSPORT,ED TEMPLE BLVD & DR WALTER S DAVIS BLVD,NASHVILLE,TN,37209,4503,NORTH,36.1745,-86.8233,POINT (-86.8233 36.1745)
20190698224,09/20/2019 11:41:00 AM,3,2,0,,N,109534,4,ANGLE,21,CLEAR,1,DAYLIGHT,12;16,MOTOR VEHICLE IN TRANSPORT;THROWN OR FALLING OBJECT,BRILEY PKWYS & BRILEY PKWY,NASHVILLE,TN,37217,8998,HERMIT,36.1215,-86.6967,POINT (-86.6967 36.1215)
20190682672,09/13/2019 09:47:00 PM,2,1,0,,N,212369,4,ANGLE,21,CLEAR,1,DAYLIGHT,12,MOTOR VEHICLE IN TRANSPORT,NOLENSVILLE PKE & OLD HICKORY BLVD,NASHVILLE,TN,37211,8717,SOUTH,36.0454,-86.7133,POINT (-86.7133 36.0454)
20190635157,08/25/2019 01:21:00 PM,2,0,0,,N,109536,11,Front to Rear,2,RAIN,1,DAYLIGHT,12,MOTOR VEHICLE IN TRANSPORT,MM 39 9 I 24,WHITES CREEK,TN,37189,3314,NORTH,36.2843,-86.8075,POINT (-86.8075 36.2843)
20190697828,09/20/2019 08:04:00 AM,3,0,0,,N,110063,11,Front to Rear,21,CLEAR,1,DAYLIGHT,12,MOTOR VEHICLE IN TRANSPORT,MM 88 6 I 65,NASHVILLE,TN,37207,3004,EAST,36.2251,-86.7745,POINT (-86.7745 36.2251)
20190810288,11/07/2019 11:33:00 AM,2,0,0,,N,226622,4,ANGLE,2,RAIN,1,DAYLIGHT,12,MOTOR VEHICLE IN TRANSPORT,OLD HICKORY BLVD & CHICKERING RD,NASHVILLE,TN,37221,6215,WEST,36.0505,-86.8767,POINT (-86.8767 36.0505)
20190596090,08/10/2019 05:11:00 PM,3,2,0,,Y,212330,9,UNKNOWN,21,CLEAR,1,DAYLIGHT,12,MOTOR VEHICLE IN TRANSPORT,MM 56 0 I 24,NASHVILLE,TN,37211,8708,SOUTH,36.0818,-86.6975,POINT (-86.6975 36.0818)
20190627854,08/22/2019 04:42:00 PM,2,1,0,,N,405418,4,ANGLE,22,CLOUDY,1,DAYLIGHT,12,MOTOR VEHICLE IN TRANSPORT,OLD HICKORY BLVD & WESTPARK DR,NASHVILLE,TN,37220,7111,MIDTOW,36.0382,-86.8009,POINT (-86.8009 36.0382)
20190781081,10/25/2019 08:55:00 PM,2,0,0,,N,110090,5,SIDESWIPE - SAME DIRECTION,2,RAIN,3,DARK - LIGHTED,12,MOTOR VEHICLE IN TRANSPORT,MM 61 0 I 24,ANTIOCH,TN,37013,8806,SOUTH,36.0297,-86.6374,POINT (-86.6374 36.0297)
20190707880,09/24/2019 05:33:00 PM,2,3,0,,N,384450,4,ANGLE,21,CLEAR,1,DAYLIGHT,12,MOTOR VEHICLE IN TRANSPORT,S HAMILTON RD & JOHN MALLETTE DR,NASHVILLE,TN,37218,3157,NORTH,36.1925,-86.8323,POINT (-86.8323 36.1925)
20190662895,09/05/2019 06:45:00 PM,2,0,0,,N,352156,11,Front to Rear,21,CLEAR,1,DAYLIGHT,12,MOTOR VEHICLE IN TRANSPORT,MURFREESBORO PKE & SMITH SPRINGS RD,NASHVILLE,TN,37217,8849,SOUTH,36.0962,-86.6556,POINT (-86.6556 36.0962)
20190763480,10/18/2019 08:31:00 AM,2,2,0,,N,110063,11,Front to Rear,21,CLEAR,1,DAYLIGHT,12,MOTOR VEHICLE IN TRANSPORT,MM 38 0 I 24,WHITES CREEK,TN,37189,2212,NORTH,36.3083,-86.8217,POINT (-86.8217 36.3083)
20190664681,09/06/2019 01:42:00 PM,2,0,0,,Y,134899,5,SIDESWIPE - SAME DIRECTION,21,CLEAR,1,DAYLIGHT,12,MOTOR VEHICLE IN TRANSPORT,MCGAVOCK PKE & ELM HILL PKE,NASHVILLE,TN,37214,9115,HERMIT,36.1528,-86.6834,POINT (-86.6834 36.1528)
20190908557,12/19/2019 06:04:00 PM,2,1,0,,Y,320603,2,HEAD-ON,21,CLEAR,3,DARK - LIGHTED,12,MOTOR VEHICLE IN TRANSPORT,WHITE BRIDGE PKE & KENDALL DR,NASHVILLE,TN,37209,5105,WEST,36.1389,-86.8575,POINT (-86.8575 36.1389)
20190896004,12/14/2019 06:28:00 AM,2,0,0,,Y,140790,11,Front to Rear,22,CLOUDY,1,DAYLIGHT,12;99,MOTOR VEHICLE IN TRANSPORT;UNKNOWN MOST HARMFUL EVENT,MM 217 9 I 40,NASHVILLE,TN,37214,94040,HERMIT,36.1411,-86.658,POINT (-86.658 36.1411)
20190889262,12/11/2019 03:01:00 PM,1,1,0,,Y,256426,0,NOT COLLISION W/MOTOR VEHICLE-TRANSPORT,21,CLEAR,1,DAYLIGHT,8,PEDESTRIAN,0 BRILEY PKWYN,NASHVILLE,TN,37214,92860,HERMIT,36.2252,-86.6948,POINT (-86.6948 36.2252)
20190854945,11/26/2019 12:10:00 PM,2,0,0,,N,546012,6,SIDESWIPE - OPPOSITE DIRECTION,22,CLOUDY,1,DAYLIGHT,12,MOTOR VEHICLE IN TRANSPORT,ARCHWOOD DR & ROOSEVELT AV,MADISON,TN,37115,1713,MADISO,36.2691,-86.6859,POINT (-86.6859 36.2691)
20190712256,09/26/2019 08:40:00 AM,2,0,0,,Y,179580,5,SIDESWIPE - SAME DIRECTION,21,CLEAR,1,DAYLIGHT,12,MOTOR VEHICLE IN TRANSPORT,MM 209 6 I 40,NASHVILLE,TN,37203,40040,CENTRA,36.1497,-86.7832,POINT (-86.7832 36.1497)
20190630624,08/23/2019 03:56:00 PM,2,0,0,,N,887598,11,Front to Rear,21,CLEAR,1,DAYLIGHT,12,MOTOR VEHICLE IN TRANSPORT,CLARKSVILLE PKE & OLD CLARKSVILLE PKE,JOELTON,TN,37080,3317,NORTH,36.3191,-86.8922,POINT (-86.8922 36.3191)
20190836004,11/18/2019 04:11:00 PM,1,1,0,Y,N,256389,0,NOT COLLISION W/MOTOR VEHICLE-TRANSPORT,21,CLEAR,1,DAYLIGHT,40,MAIL BOX,HARDING PL & DANBY DR,NASHVILLE,TN,37211,8607,MIDTOW,36.0786,-86.7452,POINT (-86.7452 36.0786)
20190758777,10/16/2019 11:57:00 AM,2,2,0,,N,299243,4,ANGLE,21,CLEAR,1,DAYLIGHT,12,MOTOR VEHICLE IN TRANSPORT,GAY ST & JAMES ROBERTSON PKWY,NASHVILLE,TN,37219,4203,CENTRA,36.1682,-86.7821,POINT (-86.7821 36.1682)
20190791408,10/30/2019 12:55:00 PM,2,2,0,,Y,191578,4,ANGLE,22,CLOUDY,1,DAYLIGHT,12,MOTOR VEHICLE IN TRANSPORT,LEBANON PKE & TYLER DR,HERMITAGE,TN,37076,9719,HERMIT,36.1776,-86.6167,POINT (-86.6167 36.1776)
20190782513,10/26/2019 07:08:00 PM,2,1,0,,N,279116,11,Front to Rear,22,CLOUDY,3,DARK - LIGHTED,12,MOTOR VEHICLE IN TRANSPORT,EDMONDSON PKE & WHITFIELD PARK PVTDR,NASHVILLE,TN,37211,8659,MIDTOW,36.0668,-86.7378,POINT (-86.7378 36.0668)
20190704197,09/22/2019 12:00:00 AM,2,0,0,,N,109534,5,SIDESWIPE - SAME DIRECTION,21,CLEAR,1,DAYLIGHT,12,MOTOR VEHICLE IN TRANSPORT,MM 59 0 I 24,ANTIOCH,TN,37013,8808,SOUTH,36.049,-86.6651,POINT (-86.6651 36.049)
20190873169,12/04/2019 06:43:00 PM,2,0,0,,N,420040,11,Front to Rear,22,CLOUDY,3,DARK - LIGHTED,12,MOTOR VEHICLE IN TRANSPORT,CHARLOTTE AV & 28TH AVN,NASHVILLE,TN,37209,5341,MIDTOW,36.154,-86.8182,POINT (-86.8182 36.154)
20190741647,10/09/2019 06:38:00 AM,2,0,0,,N,279230,5,SIDESWIPE - SAME DIRECTION,21,CLEAR,1,DAYLIGHT,12,MOTOR VEHICLE IN TRANSPORT,UNA ANTIOCH PKE & RICHARDS RD,ANTIOCH,TN,37013,8861,SOUTH,36.0599,-86.6676,POINT (-86.6676 36.0599)
20190796156,11/01/2019 12:56:00 PM,2,0,0,,N,628640,11,Front to Rear,21,CLEAR,1,DAYLIGHT,12,MOTOR VEHICLE IN TRANSPORT,MM 7 2 I 440,NASHVILLE,TN,37210,83043,SOUTH,36.1251,-86.7339,POINT (-86.7339 36.1251)
20190828513,11/15/2019 06:20:00 AM,2,0,0,,N,330411,11,Front to Rear,21,CLEAR,4,DAWN,12,MOTOR VEHICLE IN TRANSPORT,MM 39 0 I 24,WHITES CREEK,TN,37189,33181,NORTH,36.2971,-86.8115,POINT (-86.8115 36.2971)
20190866207,12/02/2019 05:35:00 AM,2,3,0,,N,320598,4,ANGLE,22,CLOUDY,3,DARK - LIGHTED,12,MOTOR VEHICLE IN TRANSPORT,NOLENSVILLE PKE & ASH GROVE DR,NASHVILLE,TN,37211,8717,SOUTH,36.0494,-86.7138,POINT (-86.7138 36.0494)
20190859515,11/28/2019 11:50:00 AM,1,0,0,,N,134899,0,NOT COLLISION W/MOTOR VEHICLE-TRANSPORT,21,CLEAR,1,DAYLIGHT,47,FIRE HYDRANT,PRIEST LAKE DR & ANDERSON RD,NASHVILLE,TN,37217,8931,HERMIT,36.0529,-86.5993,POINT (-86.5993 36.0529)
20190611067,08/16/2019 10:30:00 AM,2,0,0,,N,462494,5,SIDESWIPE - SAME DIRECTION,21,CLEAR,1,DAYLIGHT,14,PARKED MOTOR VEHICLE,28TH AVN & POSTON AV,NASHVILLE,TN,37203,5625,MIDTOW,36.146,-86.8131,POINT (-86.8131 36.146)