Accident Number,Date and Time,Number of Motor Vehicles,Number of Injuries,Number of Fatalities,Property Damage,Hit and Run,Reporting Officer,Collision Type Code,Collision Type Description,Weather Code,Weather Description,Illumination Code,Illumination Description,Harmful Code,Harmful Code Description,Street Address,City,State,ZIP,RPA,Precinct,Latitude,Longitude,Mapped Location
20190611854,08/16/2019 05:12:00 PM,2,0,0,,N,267831,11,Front to Rear,21,CLEAR,1,DAYLIGHT,12,MOTOR VEHICLE IN TRANSPORT,OLD HICKORY BLVD & BELLE VALLEY DR,NASHVILLE,TN,37221,4815,WEST,36.1056,-86.9222,POINT (-86.9222 36.1056)
20190747758,10/11/2019 04:50:00 PM,2,0,0,,Y,134871,4,ANGLE,2,RAIN,5,DUSK,12,MOTOR VEHICLE IN TRANSPORT,ACADEMY PL & LINDSLEY AV,NASHVILLE,TN,37210,4029,CENTRA,36.1543,-86.7654,POINT (-86.7654 36.1543)
20190766065,10/19/2019 09:54:00 AM,2,0,0,,N,320574,5,SIDESWIPE - SAME DIRECTION,22,CLOUDY,1,DAYLIGHT,12,MOTOR VEHICLE IN TRANSPORT,BELL RD & MURFREESBORO PKE,ANTIOCH,TN,37013,8979,SOUTH,36.0729,-86.6357,POINT (-86.6357 36.0729)
20190930090,12/30/2019 05:38:00 PM,2,0,0,,N,240983,11,Front to Rear,21,CLEAR,2,DARK - NOT LIGHTED,12,MOTOR VEHICLE IN TRANSPORT,MM 54 6 I 24,NASHVILLE,TN,37211,84021,SOUTH,36.0994,-86.7109,POINT (-86.7109 36.0994)
20190673797,09/10/2019 04:25:00 PM,2,0,0,,N,256427,11,Front to Rear,21,CLEAR,1,DAYLIGHT,12,MOTOR VEHICLE IN TRANSPORT,LEBANON PKE & QUINN CIR,NASHVILLE,TN,37210,9019,HERMIT,36.1602,-86.7029,POINT (-86.7029 36.1602)
20190878204,12/06/2019 05:29:00 PM,2,0,0,,N,240983,4,ANGLE,21,CLEAR,2,DARK - NOT LIGHTED,12,MOTOR VEHICLE IN TRANSPORT,MURFREESBORO PKE & BELL RD,ANTIOCH,TN,37013,8865,SOUTH,36.072,-86.636,POINT (-86.636 36.072)
20190681449,09/13/2019 11:30:00 AM,2,0,0,,N,352174,11,Front to Rear,21,CLEAR,1,DAYLIGHT,12,MOTOR VEHICLE IN TRANSPORT,NOLENSVILLE PKE & HARDING PL,NASHVILLE,TN,37211,8445,SOUTH,36.0809,-86.7267,POINT (-86.7267 36.0809)
20190914425,12/22/2019 04:04:00 PM,3,0,0,,N,384437,11,Front to Rear,2,RAIN,1,DAYLIGHT,12,MOTOR VEHICLE IN TRANSPORT,BRILEY PKWYN & BRILEY PKWYS,NASHVILLE,TN,37211,8404,SOUTH,36.1092,-86.727,POINT (-86.727 36.1092)
20190887196,12/10/2019 07:45:00 PM,2,0,0,,N,384424,11,Front to Rear,21,CLEAR,3,DARK - LIGHTED,12,MOTOR VEHICLE IN TRANSPORT,2ND AVN & BANK ST,NASHVILLE,TN,37201,4135,CENTRA,36.165,-86.7772,POINT (-86.7772 36.165)
20190705343,09/23/2019 06:06:00 PM,2,1,0,,N,714641,11,Front to Rear,21,CLEAR,1,DAYLIGHT,12,MOTOR VEHICLE IN TRANSPORT,MM 211 3 I 40,NASHVILLE,TN,37210,9002,HERMIT,36.1524,-86.7539,POINT (-86.7539 36.1524)
20190717817,09/28/2019 06:04:00 PM,2,0,0,,N,330415,16,Rear to Side,21,CLEAR,3,DARK - LIGHTED,12,MOTOR VEHICLE IN TRANSPORT,0 EWING AV,NASHVILLE,TN,37203,4025,CENTRA,36.153,-86.7758,POINT (-86.7758 36.153)
20190798649,11/02/2019 03:46:00 PM,1,0,0,,N,197068,0,NOT COLLISION W/MOTOR VEHICLE-TRANSPORT,21,CLEAR,1,DAYLIGHT,18,OTHER OBJECT (NOT FIXED),MM 49 6 I 24,NASHVILLE,TN,37210,4008,CENTRA,36.1571,-86.7604,POINT (-86.7604 36.1571)
20190793421,10/31/2019 09:30:00 AM,2,0,0,,N,571313,11,Front to Rear,2,RAIN,1,DAYLIGHT,12,MOTOR VEHICLE IN TRANSPORT,MM 79 9 I 65,NASHVILLE,TN,37204,7018,MIDTOW,36.1122,-86.7718,POINT (-86.7718 36.1122)
20190855796,11/26/2019 07:57:00 PM,1,1,0,,N,384446,0,NOT COLLISION W/MOTOR VEHICLE-TRANSPORT,2,RAIN,2,DARK - NOT LIGHTED,1;63;72,Ran Off Road-Right;EMBANKMENT ROCK/STONE/CONCRETE,MM 198 1 I 40,NASHVILLE,TN,37221,4706,WEST,36.0999,-86.9353,POINT (-86.9353 36.0999)
20190857943,11/27/2019 03:50:00 PM,3,0,0,,N,151132,11,Front to Rear,21,CLEAR,1,DAYLIGHT,12,MOTOR VEHICLE IN TRANSPORT,MM 93 2 I 65,MADISON,TN,37115,17062,MADISO,36.2787,-86.7343,POINT (-86.7343 36.2787)
20190616248,08/18/2019 12:10:00 PM,2,0,0,,N,330443,11,Front to Rear,21,CLEAR,1,DAYLIGHT,12,MOTOR VEHICLE IN TRANSPORT,GALLATIN PKES & MADISON SQ,MADISON,TN,37115,1623,MADISO,36.2541,-86.7161,POINT (-86.7161 36.2541)
20190637706,08/26/2019 05:39:00 PM,3,1,0,,N,352213,4,ANGLE,21,CLEAR,1,DAYLIGHT,12,MOTOR VEHICLE IN TRANSPORT,MCCRORY LN & POPLAR CREEK RD,NASHVILLE,TN,37221,4803,WEST,36.0528,-86.9851,POINT (-86.9851 36.0528)
20190790699,10/30/2019 06:30:00 AM,1,0,0,,N,191578,0,NOT COLLISION W/MOTOR VEHICLE-TRANSPORT,2,RAIN,3,DARK - LIGHTED,36,CONCRETE TRAFFIC BARRIER,BRILEY PKWY N ENT RAMP & BRILEY PKWYN,NASHVILLE,TN,37209,45065,WEST,36.1584,-86.8635,POINT (-86.8635 36.1584)
20190719593,09/29/2019 05:13:00 PM,2,1,0,,Y,429193,11,Front to Rear,21,CLEAR,1,DAYLIGHT,12,MOTOR VEHICLE IN TRANSPORT,HIGHWAY 70S & BELLEVUE CTR PVTDR,NASHVILLE,TN,37221,4811,WEST,36.0785,-86.9508,POINT (-86.9508 36.0785)
20190873426,12/04/2019 08:45:00 PM,2,0,0,,Y,493301,11,Front to Rear,21,CLEAR,3,DARK - LIGHTED,12,MOTOR VEHICLE IN TRANSPORT,HIGHWAY 70S & OLD HICKORY BLVD,NASHVILLE,TN,37205,4903,WEST,36.0745,-86.9209,POINT (-86.9209 36.0745)
20190817977,11/10/2019 10:41:00 PM,1,1,0,,N,352170,0,NOT COLLISION W/MOTOR VEHICLE-TRANSPORT,21,CLEAR,3,DARK - LIGHTED,50,DEER (ANIMAL),SMITH SPRINGS RD & SCENIC LAKE CT,ANTIOCH,TN,37013,8997,SOUTH,36.0814,-86.5937,POINT (-86.5937 36.0814)
20190832187,11/16/2019 08:53:00 PM,2,0,0,,N,299257,11,Front to Rear,21,CLEAR,3,DARK - LIGHTED,12,MOTOR VEHICLE IN TRANSPORT,WOODMONT BLVD & HILLSBORO PKE,NASHVILLE,TN,37215,6105,WEST,36.114,-86.8109,POINT (-86.8109 36.114)
20190782036,10/26/2019 12:34:00 PM,2,0,0,,N,620080,0,NOT COLLISION W/MOTOR VEHICLE-TRANSPORT,2,RAIN,1,DAYLIGHT,12;30,MOTOR VEHICLE IN TRANSPORT;UTILITY POLE,HILLSBORO PKE & WARFIELD DR,NASHVILLE,TN,37215,6405,MIDTOW,36.1034,-86.8161,POINT (-86.8161 36.1034)
20190875070,12/05/2019 12:55:00 PM,1,1,0,,N,352198,0,NOT COLLISION W/MOTOR VEHICLE-TRANSPORT,21,CLEAR,1,DAYLIGHT,8,PEDESTRIAN,US HWY 31E & CONFERENCE DR,MADISON,TN,37115,1731,MADISO,36.3028,-86.6918,POINT (-86.6918 36.3028)
20190618900,08/19/2019 03:30:00 PM,2,1,0,,N,320577,11,Front to Rear,21,CLEAR,1,DAYLIGHT,12,MOTOR VEHICLE IN TRANSPORT,WOODMONT BLVD & BELMONT BLVD,NASHVILLE,TN,37215,6415,MIDTOW,36.113,-86.7998,POINT (-86.7998 36.113)
20190862355,11/29/2019 11:40:00 PM,1,1,0,,N,330419,0,NOT COLLISION W/MOTOR VEHICLE-TRANSPORT,21,CLEAR,3,DARK - LIGHTED,36,CONCRETE TRAFFIC BARRIER,MM 93 5 I 65,MADISON,TN,37115,17062,MADISO,36.2824,-86.7316,POINT (-86.7316 36.2824)
20190755664,10/15/2019 07:32:00 AM,2,0,0,,N,594473,4,ANGLE,21,CLEAR,1,DAYLIGHT,12,MOTOR VEHICLE IN TRANSPORT,14TH AVS & DEMONBREUN ST,NASHVILLE,TN,37203,6721,MIDTOW,36.1536,-86.7884,POINT (-86.7884 36.1536)
20190710437,09/25/2019 04:25:00 PM,2,0,0,,N,240983,5,SIDESWIPE - SAME DIRECTION,22,CLOUDY,1,DAYLIGHT,12,MOTOR VEHICLE IN TRANSPORT,HAMILTON CHURCH RD & HOBSON PKE,ANTIOCH,TN,37013,8905,SOUTH,36.0586,-86.5978,POINT (-86.5978 36.0586)
20190829720,11/15/2019 05:35:00 PM,2,0,0,,Y,256427,5,SIDESWIPE - SAME DIRECTION,21,CLEAR,3,DARK - LIGHTED,12,MOTOR VEHICLE IN TRANSPORT,MM 211 7 I 40,NASHVILLE,TN,37210,82042,HERMIT,36.1499,-86.7483,POINT (-86.7483 36.1499)
20190822359,11/12/2019 06:48:00 PM,2,0,0,Y,N,298877,4,ANGLE,21,CLEAR,3,DARK - LIGHTED,12,MOTOR VEHICLE IN TRANSPORT,HARDING PL & WHISPERING OAKS PL,NASHVILLE,TN,37211,8705,SOUTH,36.0817,-86.7137,POINT (-86.7137 36.0817)
20190866583,12/02/2019 09:03:00 AM,3,0,0,,Y,591936,11,Front to Rear,21,CLEAR,1,DAYLIGHT,12,MOTOR VEHICLE IN TRANSPORT,MM 79 5 I 65,NASHVILLE,TN,37204,70042,MIDTOW,36.106,-86.7678,POINT (-86.7678 36.106)
20190765569,10/19/2019 03:49:00 AM,2,0,0,,Y,206683,5,SIDESWIPE - SAME DIRECTION,21,CLEAR,3,DARK - LIGHTED,12,MOTOR VEHICLE IN TRANSPORT,HARDING PL & DONELSON PKE,NASHVILLE,TN,37217,8841,SOUTH,36.0928,-86.6789,POINT (-86.6789 36.0928)
20190668876,09/08/2019 12:00:00 AM,2,0,0,,Y,311331,5,SIDESWIPE - SAME DIRECTION,21,CLEAR,1,DAYLIGHT,14;99,PARKED MOTOR VEHICLE;UNKNOWN MOST HARMFUL EVENT,NEILL AV & MARINA ST,NASHVILLE,TN,37206,1941,EAST,36.1802,-86.7601,POINT (-86.7601 36.1802)
20190894672,12/13/2019 04:25:00 PM,3,2,0,,N,352168,11,Front to Rear,2,RAIN,5,DUSK,12,MOTOR VEHICLE IN TRANSPORT,MM 77 0 I 65,NASHVILLE,TN,37220,86042,MIDTOW,36.0708,-86.7697,POINT (-86.7697 36.0708)
20190583092,08/06/2019 12:00:00 AM,1,0,0,Y,Y,909497,0,NOT COLLISION W/MOTOR VEHICLE-TRANSPORT,21,CLEAR,3,DARK - LIGHTED,33;38;41,CURB;FENCE;SHRUBBERY,SHUTE LN & LEBANON PKE,HERMITAGE,TN,37076,9535,HERMIT,36.2146,-86.6047,POINT (-86.6047 36.2146)
20190649734,08/30/2019 10:06:00 PM,1,0,0,Y,Y,320578,0,NOT COLLISION W/MOTOR VEHICLE-TRANSPORT,21,CLEAR,3,DARK - LIGHTED,7,,WAIKIKI BLVD & COCONUT CT,ANTIOCH,TN,37013,8899,SOUTH,36.0692,-86.6768,POINT (-86.6768 36.0692)
20190658879,09/04/2019 05:45:00 AM,2,0,0,,N,299270,6,SIDESWIPE - OPPOSITE DIRECTION,21,CLEAR,1,DAYLIGHT,12,MOTOR VEHICLE IN TRANSPORT,CITY PL & CITY BLVD,NASHVILLE,TN,37209,5341,MIDTOW,36.1506,-86.8207,POINT (-86.8207 36.1506)
20190781544,10/26/2019 05:05:00 AM,2,2,0,,N,320578,4,ANGLE,2,RAIN,3,DARK - LIGHTED,12,MOTOR VEHICLE IN TRANSPORT,NOLENSVILLE PKE & TUSCULUM RD,NASHVILLE,TN,37211,8715,SOUTH,36.0587,-86.7162,POINT (-86.7162 36.0587)
20190927899,12/29/2019 06:29:00 PM,2,0,0,,N,352195,11,Front to Rear,2,RAIN,2,DARK - NOT LIGHTED,12,MOTOR VEHICLE IN TRANSPORT,MM 51 6 I 24,NASHVILLE,TN,37210,82061,HERMIT,36.1403,-86.7313,POINT (-86.7313 36.1403)
20190720786,09/30/2019 08:15:00 AM,2,0,0,,N,352164,11,Front to Rear,21,CLEAR,1,DAYLIGHT,12,MOTOR VEHICLE IN TRANSPORT,MURFREESBORO PKE & MOUNTAIN SPRINGS RD,ANTIOCH,TN,37013,8927,SOUTH,36.0478,-86.6121,POINT (-86.6121 36.0478)
20190932760,12/31/2019 12:00:00 AM,2,1,0,,Y,212344,11,Front to Rear,21,CLEAR,3,DARK - LIGHTED,12,MOTOR VEHICLE IN TRANSPORT,GALLATIN AV & W EASTLAND AV,NASHVILLE,TN,37206,1243,EAST,36.1836,-86.7485,POINT (-86.7485 36.1836)
20190894748,12/13/2019 05:00:00 PM,2,0,0,,N,402675,5,SIDESWIPE - SAME DIRECTION,2,RAIN,2,DARK - NOT LIGHTED,12,MOTOR VEHICLE IN TRANSPORT,HARDING PL & TROUSDALE DR,NASHVILLE,TN,37220,8601,MIDTOW,36.0811,-86.7584,POINT (-86.7584 36.0811)
20190846308,11/22/2019 12:00:00 AM,2,1,0,,N,278580,4,ANGLE,22,CLOUDY,1,DAYLIGHT,12,MOTOR VEHICLE IN TRANSPORT,LITTLE MARROWBONE RD & GRAYS POINT RD,ASHLAND CITY,TN,37015,3343,NORTH,36.2735,-86.9129,POINT (-86.9129 36.2735)
20190848633,11/23/2019 03:50:00 PM,2,0,0,,N,299238,11,Front to Rear,2,RAIN,1,DAYLIGHT,12,MOTOR VEHICLE IN TRANSPORT,GALLATIN PKE NB EXT RAMP & GALLATIN PKE,NASHVILLE,TN,37216,1503,EAST,36.2335,-86.7241,POINT (-86.7241 36.2335)
20190661606,09/04/2019 12:00:00 AM,2,0,0,,Y,676834,3,REAR-TO-REAR,21,CLEAR,3,DARK - LIGHTED,12;14,MOTOR VEHICLE IN TRANSPORT;PARKED MOTOR VEHICLE,2700 HIGHLAND TRACE DR,NASHVILLE,TN,37207,3047,NORTH,36.2198,-86.7998,POINT (-86.7998 36.2198)
20190898809,12/15/2019 09:05:00 PM,3,0,0,,Y,352184,11,Front to Rear,22,CLOUDY,3,DARK - LIGHTED,12,MOTOR VEHICLE IN TRANSPORT,E TRINITY LN & W TRINITY LN,NASHVILLE,TN,37207,1861,EAST,36.2059,-86.7686,POINT (-86.7686 36.2059)
20190721179,09/30/2019 11:59:00 AM,2,0,0,,N,109534,11,Front to Rear,21,CLEAR,1,DAYLIGHT,12,MOTOR VEHICLE IN TRANSPORT,OLD HICKORY BLVD & ANDREW JACKSON PKWY,HERMITAGE,TN,37076,9561,HERMIT,36.1836,-86.6107,POINT (-86.6107 36.1836)
20190676602,09/11/2019 03:35:00 PM,2,0,0,,N,717341,2,HEAD-ON,21,CLEAR,1,DAYLIGHT,12,MOTOR VEHICLE IN TRANSPORT,NOLENSVILLE PKE & MCCLAIN AV,NASHVILLE,TN,37211,8343,MIDTOW,36.1129,-86.7463,POINT (-86.7463 36.1129)
20190840214,11/20/2019 06:08:00 AM,3,0,0,,N,279230,11,Front to Rear,21,CLEAR,1,DAYLIGHT,12,MOTOR VEHICLE IN TRANSPORT,4201 NOLENSVILLE PKE,NASHVILLE,TN,37211,8701,SOUTH,36.0762,-86.7253,POINT (-86.7253 36.0762)
20190886524,12/10/2019 01:55:00 PM,2,0,0,,N,405447,5,SIDESWIPE - SAME DIRECTION,22,CLOUDY,1,DAYLIGHT,12,MOTOR VEHICLE IN TRANSPORT,MCMURRAY DR & EDMONDSON PKE,NASHVILLE,TN,37211,8657,MIDTOW,36.0547,-86.7416,POINT (-86.7416 36.0547)
20190685981,09/15/2019 02:31:00 PM,2,0,0,,Y,299266,4,ANGLE,21,CLEAR,1,DAYLIGHT,12,MOTOR VEHICLE IN TRANSPORT,BELL RD & CANE RIDGE RD,ANTIOCH,TN,37013,8753,SOUTH,36.0449,-86.6631,POINT (-86.6631 36.0449)
20190791330,10/30/2019 11:23:00 AM,4,3,0,,N,352179,98,OTHER,22,CLOUDY,1,DAYLIGHT,12;39,MOTOR VEHICLE IN TRANSPORT;WALL,MM 91 1 I 65,MADISON,TN,37115,17021,MADISO,36.2485,-86.7424,POINT (-86.7424 36.2485)
20190780159,10/25/2019 02:00:00 PM,2,2,0,,N,226306,2,HEAD-ON,22,CLOUDY,98,OTHER,12,MOTOR VEHICLE IN TRANSPORT,SAWYER BROWN RD & TODD PREIS DR,NASHVILLE,TN,37221,4811,WEST,36.0712,-86.9471,POINT (-86.9471 36.0712)
20190723793,10/01/2019 12:09:00 PM,2,0,0,,Y,267831,6,SIDESWIPE - OPPOSITE DIRECTION,21,CLEAR,1,DAYLIGHT,12,MOTOR VEHICLE IN TRANSPORT,SHACKLEFORD RD & LONE OAK RD,NASHVILLE,TN,37215,6411,MIDTOW,36.1021,-86.8088,POINT (-86.8088 36.1021)
20190931727,12/31/2019 11:42:00 AM,2,0,0,,N,384418,11,Front to Rear,21,CLEAR,1,DAYLIGHT,12,MOTOR VEHICLE IN TRANSPORT,WEST END AV & LOUISE AV,NASHVILLE,TN,37203,5715,MIDTOW,36.1497,-86.8029,POINT (-86.8029 36.1497)
20190678140,09/12/2019 08:00:00 AM,2,0,0,,N,226622,4,ANGLE,21,CLEAR,1,DAYLIGHT,12,MOTOR VEHICLE IN TRANSPORT,HARDING PL & HARDING PKE,NASHVILLE,TN,37205,6201,WEST,36.1022,-86.8703,POINT (-86.8703 36.1022)
20190595461,08/10/2019 10:15:00 AM,2,2,0,,N,633381,4,ANGLE,21,CLEAR,1,DAYLIGHT,12,MOTOR VEHICLE IN TRANSPORT,OLD HICKORY BLVD & NOLENSVILLE PKE,ANTIOCH,TN,37013,8757,SOUTH,36.0455,-86.7122,POINT (-86.7122 36.0455)
20190754841,10/15/2019 12:00:00 AM,2,0,0,,Y,352193,11,Front to Rear,21,CLEAR,3,DARK - LIGHTED,12,MOTOR VEHICLE IN TRANSPORT,JACKSON DOWNS BLVD & LEBANON PKE,NASHVILLE,TN,37214,9403,HERMIT,36.1853,-86.6365,POINT (-86.6365 36.1853)
20190783784,10/27/2019 12:30:00 PM,3,0,0,,Y,343522,11,Front to Rear,22,CLOUDY,1,DAYLIGHT,12,MOTOR VEHICLE IN TRANSPORT,CHARLOTTE PKE & SUMMERLY DR,NASHVILLE,TN,37209,5021,WEST,36.1378,-86.8822,POINT (-86.8822 36.1378)
20190639942,08/27/2019 02:39:00 PM,2,0,0,,N,179606,11,Front to Rear,21,CLEAR,1,DAYLIGHT,12,MOTOR VEHICLE IN TRANSPORT,MM 209 8 I 40,NASHVILLE,TN,37203,4004,CENTRA,36.149,-86.7794,POINT (-86.7794 36.149)
20190818595,11/11/2019 07:11:00 AM,2,0,0,,N,226622,11,Front to Rear,21,CLEAR,1,DAYLIGHT,12,MOTOR VEHICLE IN TRANSPORT,HIGHWAY 70S & OLD HICKORY BLVD,NASHVILLE,TN,37205,4903,WEST,36.0745,-86.9209,POINT (-86.9209 36.0745)
20190770493,10/21/2019 03:04:00 PM,2,0,0,,N,579971,4,ANGLE,2,RAIN,1,DAYLIGHT,12,MOTOR VEHICLE IN TRANSPORT,SMITH SPRINGS PKWY & MT VIEW RD,ANTIOCH,TN,37013,8977,SOUTH,36.0721,-86.5887,POINT (-86.5887 36.0721)
20190611672,08/16/2019 03:55:00 PM,2,0,0,,N,405427,11,Front to Rear,21,CLEAR,1,DAYLIGHT,12,MOTOR VEHICLE IN TRANSPORT,DEMONBREUN ST & 11TH AVS,NASHVILLE,TN,37203,4017,CENTRA,36.155,-86.7852,POINT (-86.7852 36.155)
20190683813,09/14/2019 11:52:00 AM,2,1,0,,N,279110,2,HEAD-ON,21,CLEAR,1,DAYLIGHT,12,MOTOR VEHICLE IN TRANSPORT,TUSCULUM RD & COLEMONT DR,ANTIOCH,TN,37013,8713,SOUTH,36.0385,-86.705,POINT (-86.705 36.0385)
20190817007,11/10/2019 12:15:00 PM,2,0,0,,N,279206,11,Front to Rear,21,CLEAR,1,DAYLIGHT,12,MOTOR VEHICLE IN TRANSPORT,MM 210 9 I 40,NASHVILLE,TN,37210,8008,HERMIT,36.1547,-86.7615,POINT (-86.7615 36.1547)
20190929071,12/30/2019 07:44:00 AM,2,0,0,,N,343522,4,ANGLE,21,CLEAR,1,DAYLIGHT,12,MOTOR VEHICLE IN TRANSPORT,HIGHWAY 70S & COLEY DAVIS RD,NASHVILLE,TN,37221,4811,WEST,36.0796,-86.9536,POINT (-86.9536 36.0796)
20190591777,08/09/2019 12:35:00 AM,2,0,0,,N,169414,11,Front to Rear,21,CLEAR,2,DARK - NOT LIGHTED,12,MOTOR VEHICLE IN TRANSPORT,MM 62 0 I 24,ANTIOCH,TN,37013,87040,SOUTH,36.0208,-86.6278,POINT (-86.6278 36.0208)
20190693219,09/18/2019 12:44:00 PM,2,0,0,,N,226622,4,ANGLE,21,CLEAR,1,DAYLIGHT,12,MOTOR VEHICLE IN TRANSPORT,CHARLOTTE PKE & ORLANDO AV,NASHVILLE,TN,37209,5103,WEST,36.1505,-86.8566,POINT (-86.8566 36.1505)
20190657507,09/03/2019 03:27:00 PM,3,0,0,,N,179583,11,Front to Rear,21,CLEAR,1,DAYLIGHT,12,MOTOR VEHICLE IN TRANSPORT,GLENROSE AV & HESTER AV,NASHVILLE,TN,37210,8101,SOUTH,36.1258,-86.7509,POINT (-86.7509 36.1258)
20190925920,12/28/2019 04:30:00 PM,2,0,0,,N,299264,4,ANGLE,21,CLEAR,1,DAYLIGHT,12,MOTOR VEHICLE IN TRANSPORT,14TH AVS & BROADWAY,NASHVILLE,TN,37203,5701,MIDTOW,36.1557,-86.7897,POINT (-86.7897 36.1557)
20190777536,10/24/2019 12:15:00 PM,2,1,0,,N,140808,11,Front to Rear,21,CLEAR,1,DAYLIGHT,12,MOTOR VEHICLE IN TRANSPORT,BRIDLEWOOD LN & OLD HICKORY BLVD,NASHVILLE,TN,37215,6305,MIDTOW,36.0422,-86.8317,POINT (-86.8317 36.0422)
20190732743,10/05/2019 12:03:00 AM,2,0,0,,N,197053,6,SIDESWIPE - OPPOSITE DIRECTION,21,CLEAR,3,DARK - LIGHTED,12,MOTOR VEHICLE IN TRANSPORT,LINBAR DR & HARDING PL,NASHVILLE,TN,37211,8705,SOUTH,36.0842,-86.7059,POINT (-86.7059 36.0842)
20190726922,10/02/2019 05:12:00 PM,3,0,0,,N,299257,4,ANGLE,21,CLEAR,1,DAYLIGHT,12,MOTOR VEHICLE IN TRANSPORT,BLAIR BLVD & 21ST AVS,NASHVILLE,TN,37212,5909,MIDTOW,36.1303,-86.802,POINT (-86.802 36.1303)
20190772662,10/22/2019 12:51:00 PM,2,0,0,,N,580819,16,Rear to Side,21,CLEAR,1,DAYLIGHT,12,MOTOR VEHICLE IN TRANSPORT,OVERTON ST & DIVISION ST,NASHVILLE,TN,37203,4019,CENTRA,36.151,-86.7824,POINT (-86.7824 36.151)
20190766676,10/19/2019 05:50:00 PM,1,0,0,,N,352168,0,NOT COLLISION W/MOTOR VEHICLE-TRANSPORT,22,CLOUDY,2,DARK - NOT LIGHTED,72,EMBANKMENT ROCK/STONE/CONCRETE,HOLT RD & NOLENSVILLE PKE,NASHVILLE,TN,37211,8651,MIDTOW,36.0122,-86.704,POINT (-86.704 36.0122)
20190687145,09/16/2019 07:41:00 AM,1,0,0,,N,225773,0,NOT COLLISION W/MOTOR VEHICLE-TRANSPORT,21,CLEAR,1,DAYLIGHT,24,GUARDRAIL FACE,MM 5 7 I 440,NASHVILLE,TN,37211,81060,MIDTOW,36.122,-86.7605,POINT (-86.7605 36.122)
20190642390,08/28/2019 12:46:00 PM,2,0,0,,N,109534,11,Front to Rear,21,CLEAR,1,DAYLIGHT,12,MOTOR VEHICLE IN TRANSPORT,OLD HICKORY BLVD & PLANTATION DR,HERMITAGE,TN,37076,9613,HERMIT,36.2006,-86.6209,POINT (-86.6209 36.2006)
20190729119,10/03/2019 02:16:00 PM,2,0,0,,N,110063,11,Front to Rear,21,CLEAR,1,DAYLIGHT,12,MOTOR VEHICLE IN TRANSPORT,MM 88 0 I 65,NASHVILLE,TN,37207,18041,EAST,36.2165,-86.775,POINT (-86.775 36.2165)
20190875120,12/05/2019 01:23:00 PM,2,0,0,,N,553957,5,SIDESWIPE - SAME DIRECTION,21,CLEAR,1,DAYLIGHT,12,MOTOR VEHICLE IN TRANSPORT,MM 211 1 I 40,NASHVILLE,TN,37210,8008,HERMIT,36.1539,-86.7571,POINT (-86.7571 36.1539)
20190756820,10/15/2019 12:00:00 AM,2,0,0,,N,206674,11,Front to Rear,21,CLEAR,1,DAYLIGHT,12,MOTOR VEHICLE IN TRANSPORT,WHITES CREEK PKE & I24 W EXT RAMP,JOELTON,TN,37080,2309,NORTH,36.3254,-86.8688,POINT (-86.8688 36.3254)
20190772451,10/22/2019 11:25:00 AM,3,2,0,,N,591934,11,Front to Rear,21,CLEAR,1,DAYLIGHT,12,MOTOR VEHICLE IN TRANSPORT,MURFREESBORO PKE & DONELSON PKE,NASHVILLE,TN,37217,8841,SOUTH,36.1062,-86.6731,POINT (-86.6731 36.1062)
20190924398,12/27/2019 07:13:00 PM,2,0,0,,N,212346,4,ANGLE,21,CLEAR,3,DARK - LIGHTED,12,MOTOR VEHICLE IN TRANSPORT,2ND AVN & COMMERCE ST,NASHVILLE,TN,37201,4101,CENTRA,36.163,-86.7759,POINT (-86.7759 36.163)
20190823716,11/13/2019 07:24:00 AM,2,1,0,,N,591936,2,HEAD-ON,21,CLEAR,1,DAYLIGHT,12,MOTOR VEHICLE IN TRANSPORT,KIRKWOOD AV & 10TH AVS,NASHVILLE,TN,37204,6935,MIDTOW,36.1197,-86.7873,POINT (-86.7873 36.1197)
20190631723,08/23/2019 11:15:00 PM,3,3,0,,Y,311340,4,ANGLE,21,CLEAR,3,DARK - LIGHTED,12,MOTOR VEHICLE IN TRANSPORT,28TH AVN & CHARLOTTE AV,NASHVILLE,TN,37209,5341,MIDTOW,36.154,-86.8182,POINT (-86.8182 36.154)
20190611625,08/16/2019 03:35:00 PM,3,0,0,,N,330415,11,Front to Rear,21,CLEAR,1,DAYLIGHT,12,MOTOR VEHICLE IN TRANSPORT,0 BROADWAY,NASHVILLE,TN,37201,4105,CENTRA,36.1616,-86.776,POINT (-86.776 36.1616)
20190884275,12/09/2019 05:55:00 PM,2,1,0,,N,299257,11,Front to Rear,21,CLEAR,1,DAYLIGHT,12,MOTOR VEHICLE IN TRANSPORT,KRAFT DR & FONTANA DR,NASHVILLE,TN,37204,8525,MIDTOW,36.1076,-86.7584,POINT (-86.7584 36.1076)
20190587955,08/07/2019 06:27:00 PM,2,1,0,,N,256386,11,Front to Rear,21,CLEAR,1,DAYLIGHT,12,MOTOR VEHICLE IN TRANSPORT,I 40 & UNKNOWN RAMP,NASHVILLE,TN,37210,9041,HERMIT,36.144,-86.7013,POINT (-86.7013 36.144)
20190681890,09/13/2019 03:57:00 PM,1,1,0,,N,320594,0,NOT COLLISION W/MOTOR VEHICLE-TRANSPORT,21,CLEAR,1,DAYLIGHT,8,PEDESTRIAN,OLD HICKORY BLVD & ANDREW JACKSON PKWY,HERMITAGE,TN,37076,9561,HERMIT,36.1836,-86.6107,POINT (-86.6107 36.1836)