Accident Number,Date and Time,Number of Motor Vehicles,Number of Injuries,Number of Fatalities,Property Damage,Hit and Run,Reporting Officer,Collision Type Code,Collision Type Description,Weather Code,Weather Description,Illumination Code,Illumination Description,Harmful Code,Harmful Code Description,Street Address,City,State,ZIP,RPA,Precinct,Latitude,Longitude,Mapped Location
20190774490,10/23/2019 07:50:00 AM,2,0,0,,N,262757,11,Front to Rear,21,CLEAR,1,DAYLIGHT,12,MOTOR VEHICLE IN TRANSPORT,MCGAVOCK PIKE & UNKNOWN RAMP,NASHVILLE,TN,37214,9290,HERMIT,36.2171,-86.6917,POINT (-86.6917 36.2171)
20190681007,09/13/2019 08:42:00 AM,1,1,0,,Y,212345,0,NOT COLLISION W/MOTOR VEHICLE-TRANSPORT,21,CLEAR,1,DAYLIGHT,8;9,PEDESTRIAN,EASTLAND AV & RIVERSIDE DR,NASHVILLE,TN,37206,1343,EAST,36.1818,-86.7256,POINT (-86.7256 36.1818)
20190649379,08/31/2019 12:59:00 AM,1,1,0,Y,N,197075,0,NOT COLLISION W/MOTOR VEHICLE-TRANSPORT,21,CLEAR,3,DARK - LIGHTED,30;38;63,UTILITY POLE;FENCE;Ran Off Road-Right,DICKERSON PKE & VILLAGE HILLS PVTDR,MADISON,TN,37115,2019,MADISO,36.2596,-86.7578,POINT (-86.7578 36.2596)
20190788255,10/29/2019 07:59:00 AM,2,0,0,,N,206962,4,ANGLE,22,CLOUDY,1,DAYLIGHT,12,MOTOR VEHICLE IN TRANSPORT,STATE HWY 45 & US HWY 31E,MADISON,TN,37115,1701,MADISO,36.2631,-86.7119,POINT (-86.7119 36.2631)
20190712535,09/26/2019 12:50:00 PM,2,0,0,,Y,665896,11,Front to Rear,22,CLOUDY,1,DAYLIGHT,12,MOTOR VEHICLE IN TRANSPORT,QUEEN AV & DICKERSON PKE,NASHVILLE,TN,37207,1833,EAST,36.2084,-86.7673,POINT (-86.7673 36.2084)
20190635763,08/25/2019 09:08:00 PM,2,0,0,,N,311328,2,HEAD-ON,2,RAIN,3,DARK - LIGHTED,12,MOTOR VEHICLE IN TRANSPORT,ROSA L PARKS BLVD & COMMERCE ST,NASHVILLE,TN,37203,4115,CENTRA,36.1603,-86.783,POINT (-86.783 36.1603)
20190777400,10/24/2019 09:53:00 AM,2,0,0,,N,620072,4,ANGLE,21,CLEAR,1,DAYLIGHT,12,MOTOR VEHICLE IN TRANSPORT,DIVISION ST & MUSIC CIR E,NASHVILLE,TN,37203,6719,MIDTOW,36.1517,-86.7895,POINT (-86.7895 36.1517)
20190793476,10/31/2019 10:00:00 AM,2,0,0,,Y,226622,5,SIDESWIPE - SAME DIRECTION,2,RAIN,1,DAYLIGHT,12,MOTOR VEHICLE IN TRANSPORT,CHARLOTTE PKE & CHARLOTTE PKE PVTDR,NASHVILLE,TN,37209,4703,WEST,36.1293,-86.9044,POINT (-86.9044 36.1293)
20190608178,08/15/2019 07:50:00 AM,2,0,0,,N,212325,11,Front to Rear,21,CLEAR,1,DAYLIGHT,12,MOTOR VEHICLE IN TRANSPORT,ANDERSON LN & MYATT DR,MADISON,TN,37115,1713,MADISO,36.2721,-86.689,POINT (-86.689 36.2721)
20190821496,11/12/2019 12:00:00 PM,2,1,0,,N,226622,11,Front to Rear,21,CLEAR,1,DAYLIGHT,12,MOTOR VEHICLE IN TRANSPORT,CHARLOTTE AV & MORROW RD,NASHVILLE,TN,37209,5119,WEST,36.1516,-86.8521,POINT (-86.8521 36.1516)
20190652583,09/01/2019 02:36:00 PM,2,3,0,,N,755026,4,ANGLE,21,CLEAR,1,DAYLIGHT,12,MOTOR VEHICLE IN TRANSPORT,MURFREESBORO PKE & FOOTHILL DR,NASHVILLE,TN,37217,8815,HERMIT,36.1315,-86.7174,POINT (-86.7174 36.1315)
20190707362,09/24/2019 12:45:00 PM,2,0,0,,Y,812949,16,Rear to Side,21,CLEAR,1,DAYLIGHT,14,PARKED MOTOR VEHICLE,W TRINITY LN & LIBERIA ST,NASHVILLE,TN,37207,3009,NORTH,36.2077,-86.7856,POINT (-86.7856 36.2077)
20190879148,12/07/2019 04:00:00 AM,1,0,0,Y,Y,352212,0,NOT COLLISION W/MOTOR VEHICLE-TRANSPORT,21,CLEAR,3,DARK - LIGHTED,1;34;40;64,DITCH;MAIL BOX;Ran Off Road-Left,1800 STRATFORD AVE,NASHVILLE,TN,37216,1409,EAST,36.196,-86.7173,POINT (-86.7173 36.196)
20190682202,09/13/2019 06:22:00 PM,2,0,0,,N,267831,4,ANGLE,21,CLEAR,1,DAYLIGHT,12,MOTOR VEHICLE IN TRANSPORT,HIGHWAY 70S & BELLEVUE VALLEY PLAZA PVTD,NASHVILLE,TN,37221,4901,WEST,36.0754,-86.9181,POINT (-86.9181 36.0754)
20190742576,10/09/2019 03:38:00 PM,2,0,0,,N,151132,11,Front to Rear,21,CLEAR,1,DAYLIGHT,12,MOTOR VEHICLE IN TRANSPORT,NEELYS BEND RD & KINSEY BLVD,MADISON,TN,37115,1631,MADISO,36.2512,-86.6906,POINT (-86.6906 36.2512)
20190605342,08/14/2019 07:34:00 AM,2,0,0,,Y,191578,11,Front to Rear,21,CLEAR,1,DAYLIGHT,12,MOTOR VEHICLE IN TRANSPORT,MM 215 5 I 40,NASHVILLE,TN,37217,89020,HERMIT,36.1432,-86.6865,POINT (-86.6865 36.1432)
20190914595,12/22/2019 06:20:00 PM,2,1,0,,N,337276,11,Front to Rear,2,RAIN,2,DARK - NOT LIGHTED,12,MOTOR VEHICLE IN TRANSPORT,EASTLAND AV & N 14TH ST,NASHVILLE,TN,37206,1215,EAST,36.1834,-86.7449,POINT (-86.7449 36.1834)
20190925295,12/28/2019 07:41:00 AM,2,1,0,,N,352164,4,ANGLE,2,RAIN,1,DAYLIGHT,12,MOTOR VEHICLE IN TRANSPORT,MM 62 4 I 24,ANTIOCH,TN,37013,8806,SOUTH,36.0157,-86.6218,POINT (-86.6218 36.0157)
20190586620,08/07/2019 08:40:00 AM,2,0,0,,N,225773,6,SIDESWIPE - OPPOSITE DIRECTION,21,CLEAR,1,DAYLIGHT,12,MOTOR VEHICLE IN TRANSPORT,NOLENSVILLE PKE & MCCLAIN AV,NASHVILLE,TN,37211,8343,MIDTOW,36.1129,-86.7463,POINT (-86.7463 36.1129)
20190733695,10/05/2019 12:58:00 PM,2,0,0,,N,591933,4,ANGLE,21,CLEAR,1,DAYLIGHT,12,MOTOR VEHICLE IN TRANSPORT,BELL RD & BLUE HOLE RD,ANTIOCH,TN,37013,8719,SOUTH,36.0458,-86.6744,POINT (-86.6744 36.0458)
20190796668,11/01/2019 04:56:00 PM,2,0,0,,N,197070,11,Front to Rear,21,CLEAR,1,DAYLIGHT,12,MOTOR VEHICLE IN TRANSPORT,MM 207 2 I 40,NASHVILLE,TN,37208,54020,NORTH,36.1698,-86.8089,POINT (-86.8089 36.1698)
20190869093,12/03/2019 12:00:00 AM,2,0,0,,Y,676834,5,SIDESWIPE - SAME DIRECTION,99,UNKNOWN,9,UNKNOWN,12;14,MOTOR VEHICLE IN TRANSPORT;PARKED MOTOR VEHICLE,33RD AVN & ALBION ST,NASHVILLE,TN,37209,4529,NORTH,36.1627,-86.8259,POINT (-86.8259 36.1627)
20190763744,10/18/2019 11:12:00 AM,2,1,0,Y,N,311339,11,Front to Rear,21,CLEAR,1,DAYLIGHT,12,MOTOR VEHICLE IN TRANSPORT,MM 49 3 I 24,NASHVILLE,TN,37206,10040,EAST,36.1629,-86.7614,POINT (-86.7614 36.1629)
20190648402,08/30/2019 06:40:00 PM,2,1,0,,N,570084,11,Front to Rear,21,CLEAR,5,DUSK,12,MOTOR VEHICLE IN TRANSPORT,MM 6 7 I 440,NASHVILLE,TN,37210,81040,SOUTH,36.1244,-86.7414,POINT (-86.7414 36.1244)
20190885842,12/10/2019 08:40:00 AM,2,0,0,,N,191578,11,Front to Rear,4,SNOW,1,DAYLIGHT,12,MOTOR VEHICLE IN TRANSPORT,MM 221 3 I 40,HERMITAGE,TN,37076,95020,HERMIT,36.1701,-86.5928,POINT (-86.5928 36.1701)
20190780600,10/25/2019 06:04:00 PM,2,0,0,,N,256423,11,Front to Rear,2,RAIN,3,DARK - LIGHTED,12,MOTOR VEHICLE IN TRANSPORT,S HAMILTON RD & CLARKSVILLE PKE,NASHVILLE,TN,37218,3157,NORTH,36.1933,-86.8315,POINT (-86.8315 36.1933)
20190676136,09/11/2019 12:40:00 PM,2,0,0,,Y,279230,3,REAR-TO-REAR,21,CLEAR,1,DAYLIGHT,55,Motor Vehicle-In-Motion Outside Trafficw,3532 MURFREESBORO PKE,ANTIOCH,TN,37013,8927,SOUTH,36.052,-86.6147,POINT (-86.6147 36.052)
20190812470,11/08/2019 09:00:00 AM,1,1,0,Y,N,384416,0,NOT COLLISION W/MOTOR VEHICLE-TRANSPORT,21,CLEAR,1,DAYLIGHT,46,TRAFFIC SIGNAL SUPPORT,JAMES ROBERTSON PKWY & 4TH AVN,NASHVILLE,TN,37219,4203,CENTRA,36.1673,-86.7811,POINT (-86.7811 36.1673)
20190827611,11/14/2019 07:00:00 PM,2,0,0,,N,352177,5,SIDESWIPE - SAME DIRECTION,21,CLEAR,3,DARK - LIGHTED,12,MOTOR VEHICLE IN TRANSPORT,BRILEY PKWY & I40 W EXT RAMP,NASHVILLE,TN,37209,4696,WEST,36.153,-86.8576,POINT (-86.8576 36.153)
20190851947,11/25/2019 08:26:00 AM,1,1,0,Y,N,591936,0,NOT COLLISION W/MOTOR VEHICLE-TRANSPORT,21,CLEAR,1,DAYLIGHT,24;39,GUARDRAIL FACE;WALL,FRANKLIN PKE & GLEN LEVEN DR,NASHVILLE,TN,37204,7017,MIDTOW,36.1036,-86.7726,POINT (-86.7726 36.1036)
20190698821,09/20/2019 04:28:00 PM,2,0,0,,Y,728059,5,SIDESWIPE - SAME DIRECTION,21,CLEAR,1,DAYLIGHT,12,MOTOR VEHICLE IN TRANSPORT,WOODMONT BLVD & HARDING PKE,NASHVILLE,TN,37205,6101,WEST,36.1245,-86.8472,POINT (-86.8472 36.1245)
20190821001,11/12/2019 06:40:00 AM,2,0,0,,N,226405,4,ANGLE,21,CLEAR,1,DAYLIGHT,12,MOTOR VEHICLE IN TRANSPORT,29TH AVS & WEST END AV,NASHVILLE,TN,37212,5815,MIDTOW,36.1437,-86.8133,POINT (-86.8133 36.1437)
20190746627,10/11/2019 12:00:00 AM,1,0,0,,Y,352153,0,NOT COLLISION W/MOTOR VEHICLE-TRANSPORT,21,CLEAR,2,DARK - NOT LIGHTED,34,DITCH,ELBERTA ST & BURBANK AV,NASHVILLE,TN,37210,8319,SOUTH,36.1188,-86.7458,POINT (-86.7458 36.1188)
20190855517,11/26/2019 04:40:00 PM,2,0,0,,Y,240955,11,Front to Rear,2,RAIN,5,DUSK,12,MOTOR VEHICLE IN TRANSPORT,MURFREESBORO PKE & RURAL HILL RD,ANTIOCH,TN,37013,8861,SOUTH,36.0745,-86.6387,POINT (-86.6387 36.0745)
20190871871,12/04/2019 08:00:00 AM,2,0,0,,N,676834,11,Front to Rear,21,CLEAR,1,DAYLIGHT,12,MOTOR VEHICLE IN TRANSPORT,CLARKSVILLE PKE & CLIFF DR,NASHVILLE,TN,37218,3157,NORTH,36.1923,-86.8291,POINT (-86.8291 36.1923)
20190616524,08/18/2019 05:32:00 PM,2,0,0,,N,279225,11,Front to Rear,21,CLEAR,1,DAYLIGHT,12,MOTOR VEHICLE IN TRANSPORT,STEWARTS FERRY PKE & I40 E EXT RAMP,NASHVILLE,TN,37214,8955,HERMIT,36.1549,-86.6269,POINT (-86.6269 36.1549)
20190794120,10/31/2019 03:30:00 PM,2,0,0,,Y,279214,11,Front to Rear,21,CLEAR,1,DAYLIGHT,12,MOTOR VEHICLE IN TRANSPORT,CHESTNUT ST & FORT NEGLEY BLVD,NASHVILLE,TN,37203,8017,MIDTOW,36.1421,-86.7758,POINT (-86.7758 36.1421)
20190603018,08/13/2019 11:26:00 AM,1,1,0,,N,665896,0,NOT COLLISION W/MOTOR VEHICLE-TRANSPORT,21,CLEAR,1,DAYLIGHT,8,PEDESTRIAN,3100 DICKERSON PKE,NASHVILLE,TN,37207,1807,EAST,36.2294,-86.7593,POINT (-86.7593 36.2294)
20190719741,09/29/2019 07:27:00 PM,2,1,0,,N,298863,11,Front to Rear,21,CLEAR,9,UNKNOWN,12,MOTOR VEHICLE IN TRANSPORT,HERMITAGE AV & MIDDLETON ST,NASHVILLE,TN,37210,4033,CENTRA,36.1559,-86.767,POINT (-86.767 36.1559)
20190930403,12/30/2019 08:19:00 PM,2,0,0,,Y,240983,4,ANGLE,21,CLEAR,2,DARK - NOT LIGHTED,12,MOTOR VEHICLE IN TRANSPORT,MURFREESBORO PKE & MCGAVOCK PKE,NASHVILLE,TN,37217,8841,SOUTH,36.1129,-86.689,POINT (-86.689 36.1129)
20190895727,12/14/2019 03:20:00 AM,1,0,0,,N,320598,0,NOT COLLISION W/MOTOR VEHICLE-TRANSPORT,2,RAIN,2,DARK - NOT LIGHTED,1;42,TREE,ZERMATT AV & VALLEY BROOK TOWNHOMES PVTD,NASHVILLE,TN,37211,8651,MIDTOW,36.0422,-86.7203,POINT (-86.7203 36.0422)
20190764745,10/18/2019 07:49:00 PM,2,0,0,,N,256386,4,ANGLE,21,CLEAR,3,DARK - LIGHTED,13,MOTOR VEHICLE IN TRANSPORT-OTHER ROADWAY,KAREN DR & DABBS AV,NASHVILLE,TN,37217,8827,HERMIT,36.1396,-86.7011,POINT (-86.7011 36.1396)
20190849214,11/23/2019 11:01:00 PM,1,0,0,,N,311336,0,NOT COLLISION W/MOTOR VEHICLE-TRANSPORT,21,CLEAR,3,DARK - LIGHTED,25,GUARDRAIL END,MM 86 5 I 65,NASHVILLE,TN,37207,3006,NORTH,36.1946,-86.7762,POINT (-86.7762 36.1946)
20190753167,10/14/2019 08:30:00 AM,2,0,0,,N,716886,5,SIDESWIPE - SAME DIRECTION,21,CLEAR,1,DAYLIGHT,12,MOTOR VEHICLE IN TRANSPORT,MM 58 7 I 24,ANTIOCH,TN,37013,8808,SOUTH,36.0513,-86.6692,POINT (-86.6692 36.0513)
20190883352,12/09/2019 10:23:00 AM,2,0,0,,Y,191578,3,REAR-TO-REAR,22,CLOUDY,1,DAYLIGHT,14;55,PARKED MOTOR VEHICLE;Motor Vehicle-In-Motion Outside Trafficw,2300 THE CROSSINGS PVTDR,NASHVILLE,TN,37214,9203,HERMIT,36.1702,-86.6836,POINT (-86.6836 36.1702)
20190748038,10/11/2019 07:30:00 PM,2,0,0,,N,256379,11,Front to Rear,21,CLEAR,3,DARK - LIGHTED,12,MOTOR VEHICLE IN TRANSPORT,I24E & I24 W EXT RAMP,NASHVILLE,TN,37210,8102,SOUTH,36.1336,-86.7269,POINT (-86.7269 36.1336)
20190841651,11/20/2019 06:12:00 PM,2,1,0,,N,179606,4,ANGLE,21,CLEAR,3,DARK - LIGHTED,12,MOTOR VEHICLE IN TRANSPORT,I65 S ENT RAMP & I65 S EXT RAMP,NASHVILLE,TN,37204,6945,MIDTOW,36.1342,-86.7764,POINT (-86.7764 36.1342)
20190879857,12/07/2019 01:00:00 PM,2,0,0,,N,352164,5,SIDESWIPE - SAME DIRECTION,21,CLEAR,1,DAYLIGHT,12,MOTOR VEHICLE IN TRANSPORT,RIGDEN MILL DR & ALTERAS DR,ANTIOCH,TN,37013,8759,SOUTH,36.0213,-86.702,POINT (-86.702 36.0213)
20190739137,10/08/2019 05:45:00 AM,2,1,0,,N,330441,4,ANGLE,21,CLEAR,3,DARK - LIGHTED,12,MOTOR VEHICLE IN TRANSPORT,HARDING PL & HILLSBORO PKE,NASHVILLE,TN,37215,6311,MIDTOW,36.0914,-86.8285,POINT (-86.8285 36.0914)
20190672928,09/10/2019 09:45:00 AM,2,0,0,,N,191578,11,Front to Rear,21,CLEAR,1,DAYLIGHT,12,MOTOR VEHICLE IN TRANSPORT,MM 212 1 I 40,NASHVILLE,TN,37210,90041,HERMIT,36.1463,-86.7422,POINT (-86.7422 36.1463)
20190823798,11/13/2019 06:40:00 AM,2,0,0,,N,352174,11,Front to Rear,21,CLEAR,1,DAYLIGHT,12,MOTOR VEHICLE IN TRANSPORT,STATE HWY 254 & BALLEROY DR,NASHVILLE,TN,37215,6303,MIDTOW,36.0434,-86.8438,POINT (-86.8438 36.0434)
20190734628,10/05/2019 09:30:00 PM,1,1,0,,Y,279217,0,NOT COLLISION W/MOTOR VEHICLE-TRANSPORT,21,CLEAR,3,DARK - LIGHTED,8,PEDESTRIAN,MERIDIAN ST & BERRY ST,NASHVILLE,TN,37207,1969,EAST,36.1812,-86.7689,POINT (-86.7689 36.1812)
20190864213,12/01/2019 01:37:00 AM,2,0,0,,Y,298879,5,SIDESWIPE - SAME DIRECTION,22,CLOUDY,3,DARK - LIGHTED,12,MOTOR VEHICLE IN TRANSPORT,HARDING PKE & HARDING PL,NASHVILLE,TN,37205,6201,WEST,36.1014,-86.8706,POINT (-86.8706 36.1014)
20190775520,10/23/2019 03:50:00 PM,2,0,0,,N,279214,4,ANGLE,21,CLEAR,1,DAYLIGHT,12,MOTOR VEHICLE IN TRANSPORT,BATTERY LN & GRANNY WHITE PKE,NASHVILLE,TN,37215,6313,MIDTOW,36.0894,-86.8029,POINT (-86.8029 36.0894)
20190872938,12/04/2019 04:37:00 PM,2,0,0,,N,909486,6,SIDESWIPE - OPPOSITE DIRECTION,21,CLEAR,5,DUSK,12,MOTOR VEHICLE IN TRANSPORT,DANBY DR & WAUFORD DR,NASHVILLE,TN,37211,8607,MIDTOW,36.0755,-86.7459,POINT (-86.7459 36.0755)
20190757952,10/16/2019 03:59:00 AM,2,0,0,,N,384402,0,NOT COLLISION W/MOTOR VEHICLE-TRANSPORT,2,RAIN,3,DARK - LIGHTED,12;24;36,MOTOR VEHICLE IN TRANSPORT;GUARDRAIL FACE;CONCRETE TRAFFIC BARRIER,MM 53 4 I 24,NASHVILLE,TN,37210,88141,SOUTH,36.1127,-86.7234,POINT (-86.7234 36.1127)
20190666953,09/07/2019 03:13:00 PM,2,0,0,,N,299264,11,Front to Rear,21,CLEAR,1,DAYLIGHT,12,MOTOR VEHICLE IN TRANSPORT,OLD HICKORY BLVD & ENCLAVE CIR,NASHVILLE,TN,37211,8651,MIDTOW,36.0436,-86.726,POINT (-86.726 36.0436)
20190622652,08/20/2019 09:44:00 PM,2,4,0,,N,256448,4,ANGLE,21,CLEAR,3,DARK - LIGHTED,12,MOTOR VEHICLE IN TRANSPORT,ALLEN RD & DONELSON PKE,NASHVILLE,TN,37214,9423,HERMIT,36.1507,-86.6666,POINT (-86.6666 36.1507)
20190650183,08/31/2019 11:20:00 AM,2,0,0,,N,352186,5,SIDESWIPE - SAME DIRECTION,21,CLEAR,1,DAYLIGHT,12,MOTOR VEHICLE IN TRANSPORT,JAMES ROBERTSON PKWY & MAIN ST,NASHVILLE,TN,37213,1105,CENTRA,36.1713,-86.7694,POINT (-86.7694 36.1713)
20190608604,08/15/2019 11:47:00 AM,3,0,0,,Y,279116,11,Front to Rear,22,CLOUDY,1,DAYLIGHT,12,MOTOR VEHICLE IN TRANSPORT,I40 E ENT RAMP & I 40,NASHVILLE,TN,37205,4903,WEST,36.1109,-86.922,POINT (-86.922 36.1109)
20190869988,12/03/2019 03:20:00 PM,2,0,0,,Y,352207,11,Front to Rear,21,CLEAR,1,DAYLIGHT,12,MOTOR VEHICLE IN TRANSPORT,OLD HICKORY BLVD & WILSON PIKE CIR,NASHVILLE,TN,37220,7111,MIDTOW,36.0375,-86.7858,POINT (-86.7858 36.0375)
20190748751,10/12/2019 03:08:00 AM,2,0,0,,N,342952,11,Front to Rear,22,CLOUDY,3,DARK - LIGHTED,12,MOTOR VEHICLE IN TRANSPORT,OLD HICKORY BLVD & ANDREW JACKSON WAY,HERMITAGE,TN,37076,9561,HERMIT,36.1826,-86.6084,POINT (-86.6084 36.1826)
20190813301,11/08/2019 05:14:00 PM,2,1,0,,N,279116,11,Front to Rear,21,CLEAR,3,DARK - LIGHTED,12,MOTOR VEHICLE IN TRANSPORT,NOLENSVILLE PKE & WALSH RD,NASHVILLE,TN,37210,8127,SOUTH,36.1348,-86.7595,POINT (-86.7595 36.1348)
20190869268,12/03/2019 08:20:00 AM,2,0,0,,N,166478,11,Front to Rear,21,CLEAR,1,DAYLIGHT,12,MOTOR VEHICLE IN TRANSPORT,MM 89 0 I 65,NASHVILLE,TN,37207,20020,MADISO,36.2309,-86.7709,POINT (-86.7709 36.2309)
20190788019,10/29/2019 06:45:00 AM,2,0,0,,Y,429188,11,Front to Rear,22,CLOUDY,4,DAWN,12,MOTOR VEHICLE IN TRANSPORT,NOLENSVILLE PKE & GOINS RD,NASHVILLE,TN,37211,8701,SOUTH,36.0738,-86.7245,POINT (-86.7245 36.0738)
20190672904,09/10/2019 09:37:00 AM,2,0,0,,N,716886,4,ANGLE,21,CLEAR,1,DAYLIGHT,12,MOTOR VEHICLE IN TRANSPORT,ANTIOCH PKE & HARDING PL,NASHVILLE,TN,37211,8847,SOUTH,36.0874,-86.6922,POINT (-86.6922 36.0874)
20190782916,10/26/2019 09:46:00 PM,2,0,0,Y,N,415780,0,NOT COLLISION W/MOTOR VEHICLE-TRANSPORT,21,CLEAR,3,DARK - LIGHTED,20,IMPACT ATTENUATOR,1 LEALAND LN,NASHVILLE,TN,37204,7007,MIDTOW,36.1107,-86.7877,POINT (-86.7877 36.1107)
20190791716,10/30/2019 03:28:00 PM,2,0,0,,Y,151132,5,SIDESWIPE - SAME DIRECTION,2,RAIN,1,DAYLIGHT,12,MOTOR VEHICLE IN TRANSPORT,WARRIOR RD & LARKIN SPRINGS RD,MADISON,TN,37115,1635,MADISO,36.2594,-86.6849,POINT (-86.6849 36.2594)
20190836178,11/18/2019 05:20:00 PM,2,0,0,,N,909486,5,SIDESWIPE - SAME DIRECTION,21,CLEAR,3,DARK - LIGHTED,12,MOTOR VEHICLE IN TRANSPORT,MM 78 5 I 65,NASHVILLE,TN,37204,7002,MIDTOW,36.0918,-86.7627,POINT (-86.7627 36.0918)
20190883230,12/09/2019 09:16:00 AM,2,0,0,,N,191578,5,SIDESWIPE - SAME DIRECTION,22,CLOUDY,1,DAYLIGHT,14,PARKED MOTOR VEHICLE,WILLOW ST & FAIRFIELD AV,NASHVILLE,TN,37210,9003,HERMIT,36.1549,-86.7558,POINT (-86.7558 36.1549)
20190680860,09/13/2019 07:38:00 AM,2,0,0,,N,571313,11,Front to Rear,21,CLEAR,1,DAYLIGHT,12,MOTOR VEHICLE IN TRANSPORT,MM 3 9 I 440,NASHVILLE,TN,37204,7010,MIDTOW,36.1161,-86.7913,POINT (-86.7913 36.1161)
20190927440,12/29/2019 11:00:00 AM,1,0,0,,N,429220,0,NOT COLLISION W/MOTOR VEHICLE-TRANSPORT,2,RAIN,1,DAYLIGHT,72,EMBANKMENT ROCK/STONE/CONCRETE,MM 49 2 I 24,NASHVILLE,TN,37213,1002,CENTRA,36.1637,-86.7625,POINT (-86.7625 36.1637)
20190627874,08/22/2019 04:52:00 PM,3,0,0,,N,256444,4,ANGLE,2,RAIN,1,DAYLIGHT,12,MOTOR VEHICLE IN TRANSPORT,LEBANON PKE & SHUTE LN,HERMITAGE,TN,37076,9535,HERMIT,36.2146,-86.6047,POINT (-86.6047 36.2146)
20190713140,09/26/2019 06:09:00 PM,2,1,0,,N,256389,11,Front to Rear,21,CLEAR,1,DAYLIGHT,12,MOTOR VEHICLE IN TRANSPORT,MM 1 5 I 440,NASHVILLE,TN,37209,5232,WEST,36.1508,-86.8228,POINT (-86.8228 36.1508)
20190673962,09/10/2019 05:59:00 PM,2,0,0,,N,714641,4,ANGLE,2,RAIN,1,DAYLIGHT,12,MOTOR VEHICLE IN TRANSPORT,S 2ND ST & WOODLAND ST,NASHVILLE,TN,37213,1133,CENTRA,36.1695,-86.771,POINT (-86.771 36.1695)
20190769988,10/21/2019 11:00:00 AM,2,0,0,,N,716886,4,ANGLE,21,CLEAR,1,DAYLIGHT,12,MOTOR VEHICLE IN TRANSPORT,CHESTNUT ST & 2ND AVS,NASHVILLE,TN,37210,8167,SOUTH,36.146,-86.7641,POINT (-86.7641 36.146)
20190899738,12/16/2019 08:34:00 AM,3,1,0,,N,191578,11,Front to Rear,2,RAIN,1,DAYLIGHT,12,MOTOR VEHICLE IN TRANSPORT,MM 221 5 I 40,HERMITAGE,TN,37076,95020,HERMIT,36.1698,-86.5879,POINT (-86.5879 36.1698)
20190771166,10/21/2019 09:15:00 PM,2,0,0,,Y,1,16,Rear to Side,21,CLEAR,3,DARK - LIGHTED,14,PARKED MOTOR VEHICLE,BRUNER CT & PARAGON DR,NASHVILLE,TN,37211,8441,SOUTH,36.0898,-86.7071,POINT (-86.7071 36.0898)
20190914236,12/22/2019 01:20:00 PM,2,1,0,,N,591933,4,ANGLE,2,RAIN,1,DAYLIGHT,12,MOTOR VEHICLE IN TRANSPORT,CROSSINGS BLVD & MT VIEW RD,ANTIOCH,TN,37013,8863,SOUTH,36.0455,-86.6473,POINT (-86.6473 36.0455)
20190838024,11/19/2019 10:17:00 AM,2,0,0,,N,462474,11,Front to Rear,21,CLEAR,1,DAYLIGHT,12,MOTOR VEHICLE IN TRANSPORT,US HWY 431 & CROMWELL DR,NASHVILLE,TN,37215,6303,MIDTOW,36.0592,-86.8532,POINT (-86.8532 36.0592)
20190851180,11/24/2019 11:51:00 PM,3,1,0,,Y,384407,11,Front to Rear,21,CLEAR,3,DARK - LIGHTED,12,MOTOR VEHICLE IN TRANSPORT,HARDING PL & METROPLEX DR,NASHVILLE,TN,37211,8889,SOUTH,36.0868,-86.6959,POINT (-86.6959 36.0868)
20190909723,12/20/2019 12:00:00 AM,2,0,0,,N,384448,11,Front to Rear,21,CLEAR,1,DAYLIGHT,12,MOTOR VEHICLE IN TRANSPORT,MURFREESBORO PKE & BELL RD,ANTIOCH,TN,37013,8865,SOUTH,36.072,-86.636,POINT (-86.636 36.072)
20190764188,10/18/2019 02:57:00 PM,2,1,0,,N,725756,4,ANGLE,21,CLEAR,1,DAYLIGHT,12,MOTOR VEHICLE IN TRANSPORT,WARFIELD DR & HILLSBORO PKE,NASHVILLE,TN,37215,6405,MIDTOW,36.1029,-86.8155,POINT (-86.8155 36.1029)
20190848783,11/23/2019 05:50:00 PM,3,3,0,,N,298860,4,ANGLE,2,RAIN,2,DARK - NOT LIGHTED,12;13,MOTOR VEHICLE IN TRANSPORT;MOTOR VEHICLE IN TRANSPORT-OTHER ROADWAY,LEBANON PKE & ANDREW JACKSON PKWY,HERMITAGE,TN,37076,9537,HERMIT,36.2151,-86.5962,POINT (-86.5962 36.2151)
20190831351,11/16/2019 11:54:00 AM,3,0,0,,N,320601,5,SIDESWIPE - SAME DIRECTION,21,CLEAR,1,DAYLIGHT,12,MOTOR VEHICLE IN TRANSPORT,HARDING PL & TRAVELERS INN DR,NASHVILLE,TN,37211,8705,SOUTH,36.085,-86.7031,POINT (-86.7031 36.085)
20190726801,10/02/2019 03:32:00 PM,2,0,0,,Y,240983,5,SIDESWIPE - SAME DIRECTION,21,CLEAR,1,DAYLIGHT,14,PARKED MOTOR VEHICLE,CROSSINGS BLVD & I24 E ENT RAMP,ANTIOCH,TN,37013,8863,SOUTH,36.0389,-86.6451,POINT (-86.6451 36.0389)
20190889075,12/11/2019 01:05:00 PM,2,0,0,,N,225950,4,ANGLE,21,CLEAR,1,DAYLIGHT,12,MOTOR VEHICLE IN TRANSPORT,MUSIC SQE & MUSIC CIRN,NASHVILLE,TN,37203,6717,MIDTOW,36.1503,-86.7919,POINT (-86.7919 36.1503)