Accident Number,Date and Time,Number of Motor Vehicles,Number of Injuries,Number of Fatalities,Property Damage,Hit and Run,Reporting Officer,Collision Type Code,Collision Type Description,Weather Code,Weather Description,Illumination Code,Illumination Description,Harmful Code,Harmful Code Description,Street Address,City,State,ZIP,RPA,Precinct,Latitude,Longitude,Mapped Location
20190698341,09/20/2019 12:23:00 PM,2,1,0,,N,109534,11,Front to Rear,21,CLEAR,1,DAYLIGHT,12,MOTOR VEHICLE IN TRANSPORT,BRILEY PKWY & VULTEE BLVD,NASHVILLE,TN,37217,8998,HERMIT,36.1245,-86.6963,POINT (-86.6963 36.1245)
20190907242,12/19/2019 07:28:00 AM,1,0,0,Y,N,109534,0,NOT COLLISION W/MOTOR VEHICLE-TRANSPORT,21,CLEAR,1,DAYLIGHT,34,DITCH,LEBANON PKE & GAYLAND CT,NASHVILLE,TN,37210,9025,HERMIT,36.1573,-86.7081,POINT (-86.7081 36.1573)
20190615396,08/18/2019 02:55:00 AM,3,1,0,,Y,352188,11,Front to Rear,21,CLEAR,3,DARK - LIGHTED,12;14,MOTOR VEHICLE IN TRANSPORT;PARKED MOTOR VEHICLE,STATE HWY 254 & CEDAR POINTE PKWY,ANTIOCH,TN,37013,8753,SOUTH,36.0449,-86.6672,POINT (-86.6672 36.0449)
20190780796,10/25/2019 07:52:00 PM,2,0,0,,Y,320579,5,SIDESWIPE - SAME DIRECTION,2,RAIN,3,DARK - LIGHTED,12;36,MOTOR VEHICLE IN TRANSPORT;CONCRETE TRAFFIC BARRIER,MM 49 0 I 24,NASHVILLE,TN,37206,10040,EAST,36.1664,-86.7647,POINT (-86.7647 36.1664)
20190845211,11/22/2019 04:16:00 AM,1,1,0,,N,110062,0,NOT COLLISION W/MOTOR VEHICLE-TRANSPORT,2,RAIN,3,DARK - LIGHTED,36,CONCRETE TRAFFIC BARRIER,MM 85 5 I 65,NASHVILLE,TN,37208,4304,CENTRA,36.1888,-86.793,POINT (-86.793 36.1888)
20190891867,12/12/2019 02:05:00 PM,2,0,0,Y,N,716886,0,NOT COLLISION W/MOTOR VEHICLE-TRANSPORT,21,CLEAR,1,DAYLIGHT,14;40;42,PARKED MOTOR VEHICLE;MAIL BOX;TREE,BENZING RD & TUSCULUM RD,ANTIOCH,TN,37013,8713,SOUTH,36.0527,-86.6826,POINT (-86.6826 36.0527)
20190808652,11/06/2019 05:02:00 PM,2,0,0,,Y,206676,11,Front to Rear,22,CLOUDY,1,DAYLIGHT,12,MOTOR VEHICLE IN TRANSPORT,GALLATIN PKES & WOODRUFF ST,MADISON,TN,37115,1605,MADISO,36.2599,-86.7131,POINT (-86.7131 36.2599)
20190653373,09/01/2019 09:51:00 PM,3,1,0,,Y,306708,4,ANGLE,21,CLEAR,3,DARK - LIGHTED,12,MOTOR VEHICLE IN TRANSPORT,N MARTHONA RD & STATE HWY 45,MADISON,TN,37115,1745,MADISO,36.2645,-86.7302,POINT (-86.7302 36.2645)
20190642057,08/28/2019 08:47:00 AM,2,0,0,,Y,109534,11,Front to Rear,21,CLEAR,1,DAYLIGHT,12;99,MOTOR VEHICLE IN TRANSPORT;UNKNOWN MOST HARMFUL EVENT,OLD LEBANON DIRT RD & OLD HICKORY BLVD,HERMITAGE,TN,37076,9507,HERMIT,36.1909,-86.6152,POINT (-86.6152 36.1909)
20190684098,09/14/2019 03:38:00 PM,2,2,0,,N,330412,4,ANGLE,21,CLEAR,1,DAYLIGHT,12,MOTOR VEHICLE IN TRANSPORT,WESTCHESTER DR & PORT DR,MADISON,TN,37115,2041,MADISO,36.264,-86.7425,POINT (-86.7425 36.264)
20190811153,11/07/2019 07:02:00 PM,2,0,0,,N,299267,11,Front to Rear,21,CLEAR,3,DARK - LIGHTED,12,MOTOR VEHICLE IN TRANSPORT,WEST END AV & 31ST AVN,NASHVILLE,TN,37212,5815,MIDTOW,36.1426,-86.8155,POINT (-86.8155 36.1426)
20190840308,11/20/2019 07:45:00 AM,2,1,0,,N,474557,4,ANGLE,21,CLEAR,1,DAYLIGHT,12,MOTOR VEHICLE IN TRANSPORT,BART DR & DARLENE DR,ANTIOCH,TN,37013,8713,SOUTH,36.0574,-86.6945,POINT (-86.6945 36.0574)
20190812795,11/08/2019 12:00:00 PM,2,0,0,,N,226622,11,Front to Rear,21,CLEAR,1,DAYLIGHT,12,MOTOR VEHICLE IN TRANSPORT,HARDING PKE & POST RD,NASHVILLE,TN,37205,6123,WEST,36.1043,-86.8692,POINT (-86.8692 36.1043)
20190867027,12/02/2019 12:00:00 AM,3,0,0,,N,352164,11,Front to Rear,22,CLOUDY,1,DAYLIGHT,12,MOTOR VEHICLE IN TRANSPORT,MURFREESBORO PKE & MT VIEW RD,ANTIOCH,TN,37013,8865,SOUTH,36.0543,-86.6186,POINT (-86.6186 36.0543)
20190729859,10/03/2019 08:23:00 PM,1,0,0,,Y,620080,0,NOT COLLISION W/MOTOR VEHICLE-TRANSPORT,21,CLEAR,2,DARK - NOT LIGHTED,7,,MM 41 3 I 24,WHITES CREEK,TN,37189,3226,NORTH,36.2679,-86.7926,POINT (-86.7926 36.2679)
20190850821,11/24/2019 07:12:00 PM,2,1,0,,N,311337,11,Front to Rear,21,CLEAR,3,DARK - LIGHTED,12,MOTOR VEHICLE IN TRANSPORT,MURFREESBORO PKE & RURAL HILL RD,ANTIOCH,TN,37013,8861,SOUTH,36.0745,-86.6387,POINT (-86.6387 36.0745)
20190647518,08/30/2019 11:53:00 AM,1,0,0,Y,N,571313,0,NOT COLLISION W/MOTOR VEHICLE-TRANSPORT,21,CLEAR,1,DAYLIGHT,27;39;63;67,H-WAY TRAFFIC SIGNAL POST;WALL;Ran Off Road-Right;Vehicle Airborne,STATE HWY 155 & GOLF CLUB LN,NASHVILLE,TN,37215,6419,MIDTOW,36.1138,-86.8092,POINT (-86.8092 36.1138)
20190778881,10/25/2019 12:30:00 AM,2,0,0,,N,352153,11,Front to Rear,21,CLEAR,3,DARK - LIGHTED,12,MOTOR VEHICLE IN TRANSPORT,I24 E EXT RAMP & I 24,NASHVILLE,TN,37207,30080,NORTH,36.2378,-86.7872,POINT (-86.7872 36.2378)
20190645619,08/29/2019 06:50:00 PM,2,1,0,,N,299253,4,ANGLE,21,CLEAR,3,DARK - LIGHTED,12,MOTOR VEHICLE IN TRANSPORT,I65 N ENT RAMP & W TRINITY LN,NASHVILLE,TN,37207,1829,EAST,36.2063,-86.7735,POINT (-86.7735 36.2063)
20190791580,10/30/2019 02:40:00 PM,2,0,0,,N,384408,4,ANGLE,2,RAIN,1,DAYLIGHT,12,MOTOR VEHICLE IN TRANSPORT,BRILEY PKWYS & BRILEY PKWYN,NASHVILLE,TN,37218,3212,NORTH,36.2142,-86.8724,POINT (-86.8724 36.2142)
20190904502,12/18/2019 06:26:00 AM,1,1,0,,N,151124,0,NOT COLLISION W/MOTOR VEHICLE-TRANSPORT,98,OTHER (NARRATIVE),4,DAWN,36,CONCRETE TRAFFIC BARRIER,BRILEY PKWYW & BRILEY PKWYW,NASHVILLE,TN,37207,3222,NORTH,36.2338,-86.8165,POINT (-86.8165 36.2338)
20190701996,09/22/2019 04:43:00 AM,2,0,0,,N,279203,98,OTHER,21,CLEAR,2,DARK - NOT LIGHTED,12,MOTOR VEHICLE IN TRANSPORT,INTERSTATE DR & JAMES ROBERTSON PKWY,NASHVILLE,TN,37213,1105,CENTRA,36.1714,-86.769,POINT (-86.769 36.1714)
20190619453,08/19/2019 07:34:00 PM,2,0,0,,N,240966,4,ANGLE,21,CLEAR,5,DUSK,12,MOTOR VEHICLE IN TRANSPORT,CHICKASAW AV & JONES AV,NASHVILLE,TN,37207,1855,EAST,36.2011,-86.7583,POINT (-86.7583 36.2011)
20190850012,11/24/2019 05:00:00 AM,2,0,0,,Y,352164,11,Front to Rear,21,CLEAR,4,DAWN,12;14,MOTOR VEHICLE IN TRANSPORT;PARKED MOTOR VEHICLE,BURWICK PL & BURWICK CT,ANTIOCH,TN,37013,8997,SOUTH,36.0849,-86.5863,POINT (-86.5863 36.0849)
20190592546,08/09/2019 08:10:00 AM,2,0,0,,Y,140808,5,SIDESWIPE - SAME DIRECTION,21,CLEAR,1,DAYLIGHT,12,MOTOR VEHICLE IN TRANSPORT,I40 E ENT RAMP & I 40,NASHVILLE,TN,37205,4903,WEST,36.1109,-86.922,POINT (-86.922 36.1109)
20190905595,10/30/2019 06:40:00 AM,1,0,0,,N,224575,0,NOT COLLISION W/MOTOR VEHICLE-TRANSPORT,2,RAIN,3,DARK - LIGHTED,18,OTHER OBJECT (NOT FIXED),HILLSBORO PKE & ABBOTT MARTIN RD,NASHVILLE,TN,37215,6111,WEST,36.1054,-86.8142,POINT (-86.8142 36.1054)
20190739651,10/08/2019 09:54:00 AM,2,0,0,,N,755026,11,Front to Rear,21,CLEAR,1,DAYLIGHT,12,MOTOR VEHICLE IN TRANSPORT,NOLENSVILLE PKE & ZOO RD,NASHVILLE,TN,37211,8509,MIDTOW,36.0886,-86.732,POINT (-86.732 36.0886)
20190896616,12/14/2019 03:49:00 PM,2,0,0,,N,212346,11,Front to Rear,22,CLOUDY,1,DAYLIGHT,12,MOTOR VEHICLE IN TRANSPORT,MM 210 7 I 40,NASHVILLE,TN,37210,8202,HERMIT,36.1532,-86.7644,POINT (-86.7644 36.1532)
20190862790,11/30/2019 07:00:00 AM,2,0,0,,Y,262757,11,Front to Rear,22,CLOUDY,1,DAYLIGHT,12,MOTOR VEHICLE IN TRANSPORT,STATE HWY 255 & CONNECTING ROAD,NASHVILLE,TN,37214,9103,HERMIT,36.1439,-86.6668,POINT (-86.6668 36.1439)
20190669413,09/08/2019 06:30:00 PM,2,0,0,,Y,256412,11,Front to Rear,21,CLEAR,2,DARK - NOT LIGHTED,12,MOTOR VEHICLE IN TRANSPORT,0 TUSCULUM RD,NASHVILLE,TN,37211,8711,SOUTH,36.059,-86.7142,POINT (-86.7142 36.059)
20190746964,10/11/2019 09:00:00 AM,3,1,0,,N,628640,11,Front to Rear,22,CLOUDY,1,DAYLIGHT,12,MOTOR VEHICLE IN TRANSPORT,NOLENSVILLE PKE & COLLIER AV,NASHVILLE,TN,37211,8425,SOUTH,36.11,-86.7447,POINT (-86.7447 36.11)
20190816824,11/10/2019 09:40:00 AM,2,1,0,,N,483529,5,SIDESWIPE - SAME DIRECTION,21,CLEAR,1,DAYLIGHT,12,MOTOR VEHICLE IN TRANSPORT,BRILEY PKWYE & BRILEY PKWYW,NASHVILLE,TN,37207,20120,MADISO,36.2396,-86.7751,POINT (-86.7751 36.2396)
20190788934,10/29/2019 02:45:00 PM,2,2,0,,N,134899,2,HEAD-ON,21,CLEAR,1,DAYLIGHT,12,MOTOR VEHICLE IN TRANSPORT,OLD HICKORY BLVD & HERMITAGE MARKETPLACE,HERMITAGE,TN,37076,9531,HERMIT,36.1885,-86.6143,POINT (-86.6143 36.1885)
20190815336,11/09/2019 05:00:00 PM,3,1,0,,Y,279124,4,ANGLE,21,CLEAR,2,DARK - NOT LIGHTED,12,MOTOR VEHICLE IN TRANSPORT,DOWDY DR & ARTELIA DR,ANTIOCH,TN,37013,8899,SOUTH,36.0718,-86.6752,POINT (-86.6752 36.0718)
20190923770,12/27/2019 11:00:00 AM,2,0,0,,Y,352164,3,REAR-TO-REAR,21,CLEAR,1,DAYLIGHT,12,MOTOR VEHICLE IN TRANSPORT,CONCORD HILLS DR & NOLENSVILLE PKE,ANTIOCH,TN,37013,8767,SOUTH,35.9998,-86.6931,POINT (-86.6931 35.9998)
20190811128,11/07/2019 05:59:00 PM,2,0,0,,Y,212330,5,SIDESWIPE - SAME DIRECTION,22,CLOUDY,3,DARK - LIGHTED,12,MOTOR VEHICLE IN TRANSPORT,MM 52 1 I 24,NASHVILLE,TN,37217,8816,SOUTH,36.1343,-86.7267,POINT (-86.7267 36.1343)
20190918371,12/24/2019 01:32:00 PM,1,0,0,,N,343522,0,NOT COLLISION W/MOTOR VEHICLE-TRANSPORT,21,CLEAR,1,DAYLIGHT,30;63,UTILITY POLE;Ran Off Road-Right,SAWYER BROWN RD & MOUNTAIN VALLEY DR,NASHVILLE,TN,37221,4815,WEST,36.0978,-86.9327,POINT (-86.9327 36.0978)
20190896102,12/14/2019 12:00:00 AM,3,1,0,,N,334981,2,HEAD-ON,21,CLEAR,1,DAYLIGHT,12;13,MOTOR VEHICLE IN TRANSPORT;MOTOR VEHICLE IN TRANSPORT-OTHER ROADWAY,BURTON HILLS BLVD & HILLSBORO PKE,NASHVILLE,TN,37215,6403,MIDTOW,36.0956,-86.8254,POINT (-86.8254 36.0956)
20190731630,10/04/2019 02:20:00 PM,2,2,0,,N,352164,4,ANGLE,21,CLEAR,1,DAYLIGHT,12,MOTOR VEHICLE IN TRANSPORT,BELL RD & CEDAR POINTE PKWY,ANTIOCH,TN,37013,8753,SOUTH,36.0449,-86.6671,POINT (-86.6671 36.0449)
20190829866,11/15/2019 06:30:00 PM,2,0,0,,N,717341,11,Front to Rear,21,CLEAR,3,DARK - LIGHTED,12,MOTOR VEHICLE IN TRANSPORT,MM 54 0 I 24,NASHVILLE,TN,37211,88122,SOUTH,36.1064,-86.7188,POINT (-86.7188 36.1064)
20190846760,11/22/2019 06:05:00 PM,2,2,0,,N,151132,11,Front to Rear,22,CLOUDY,3,DARK - LIGHTED,12,MOTOR VEHICLE IN TRANSPORT,MM 93 6 I 65,MADISON,TN,37115,17062,MADISO,36.2837,-86.7303,POINT (-86.7303 36.2837)
20190826801,11/14/2019 01:08:00 PM,3,1,0,,Y,306231,0,NOT COLLISION W/MOTOR VEHICLE-TRANSPORT,22,CLOUDY,1,DAYLIGHT,16,THROWN OR FALLING OBJECT,MM 35 3 I 24,JOELTON,TN,37080,22121,NORTH,36.3231,-86.8612,POINT (-86.8612 36.3231)
20190747529,10/11/2019 01:51:00 PM,2,0,0,,N,352197,4,ANGLE,21,CLEAR,1,DAYLIGHT,12,MOTOR VEHICLE IN TRANSPORT,HAMILTON CHURCH RD & HAMILTON CROSSINGS,ANTIOCH,TN,37013,8865,SOUTH,36.0629,-86.6291,POINT (-86.6291 36.0629)
20190912125,12/21/2019 10:02:00 AM,2,1,0,,N,462501,4,ANGLE,21,CLEAR,1,DAYLIGHT,12,MOTOR VEHICLE IN TRANSPORT,DEMONBREUN ST & 12TH AVS,NASHVILLE,TN,37203,4015,CENTRA,36.1545,-86.7865,POINT (-86.7865 36.1545)
20190828628,11/15/2019 07:24:00 AM,2,0,0,,N,716886,4,ANGLE,21,CLEAR,1,DAYLIGHT,12,MOTOR VEHICLE IN TRANSPORT,BELL RD & HICKORY HOLLOW MALL PVTDR PL,ANTIOCH,TN,37013,8863,SOUTH,36.0493,-86.6517,POINT (-86.6517 36.0493)
20190911046,12/20/2019 06:10:00 PM,2,0,0,,Y,352166,5,SIDESWIPE - SAME DIRECTION,21,CLEAR,2,DARK - NOT LIGHTED,12,MOTOR VEHICLE IN TRANSPORT,CONFERENCE DR & VIETNAM VETERANS BLVD NB,MADISON,TN,37115,1737,MADISO,36.3068,-86.6944,POINT (-86.6944 36.3068)
20190631615,08/23/2019 12:00:00 AM,1,0,0,,Y,887598,9,UNKNOWN,21,CLEAR,2,DARK - NOT LIGHTED,99,UNKNOWN MOST HARMFUL EVENT,WHITES CREEK PKE & OLD CLARKSVILLE PKE,JOELTON,TN,37080,3307,NORTH,36.312,-86.8602,POINT (-86.8602 36.312)
20190597796,08/11/2019 09:44:00 AM,2,0,0,,N,834798,4,ANGLE,21,CLEAR,1,DAYLIGHT,12,MOTOR VEHICLE IN TRANSPORT,BLAKEMORE AV & NATCHEZ TRC,NASHVILLE,TN,37212,5811,MIDTOW,36.1385,-86.8097,POINT (-86.8097 36.1385)
20190729610,10/03/2019 04:25:00 PM,2,0,0,,N,212346,4,ANGLE,21,CLEAR,1,DAYLIGHT,12,MOTOR VEHICLE IN TRANSPORT,4TH AVS & KOREAN VETERANS BLVD,NASHVILLE,TN,37201,4047,CENTRA,36.1569,-86.7745,POINT (-86.7745 36.1569)
20190889593,12/11/2019 05:30:00 PM,2,0,0,,N,384408,11,Front to Rear,21,CLEAR,3,DARK - LIGHTED,12,MOTOR VEHICLE IN TRANSPORT,BRILEY PKWYN & BRILEY PKWYS,NASHVILLE,TN,37211,8404,SOUTH,36.1092,-86.727,POINT (-86.727 36.1092)
20190729945,10/03/2019 08:41:00 PM,2,0,0,,Y,256411,4,ANGLE,21,CLEAR,3,DARK - LIGHTED,12,MOTOR VEHICLE IN TRANSPORT,DELTA AVE & GARFIELD ST,NASHVILLE,TN,37208,4343,NORTH,36.1793,-86.7978,POINT (-86.7978 36.1793)
20190780859,10/25/2019 12:00:00 AM,2,0,0,,Y,279118,5,SIDESWIPE - SAME DIRECTION,2,RAIN,5,DUSK,12,MOTOR VEHICLE IN TRANSPORT,HIGHLANDER DR & MT VIEW RD,ANTIOCH,TN,37013,8861,SOUTH,36.055,-86.6603,POINT (-86.6603 36.055)
20190820632,11/12/2019 04:01:00 AM,1,0,0,,N,212334,0,NOT COLLISION W/MOTOR VEHICLE-TRANSPORT,4,SNOW,2,DARK - NOT LIGHTED,34,DITCH,BRICK CHURCH LN & TRAIL HOLLOW LN,WHITES CREEK,TN,37189,3225,NORTH,36.2448,-86.7865,POINT (-86.7865 36.2448)
20190584454,08/06/2019 01:15:00 PM,2,0,0,,N,352167,4,ANGLE,21,CLEAR,1,DAYLIGHT,12,MOTOR VEHICLE IN TRANSPORT,NOLENSVILLE PKE & PARAGON MILLS RD,NASHVILLE,TN,37211,8421,SOUTH,36.0848,-86.7281,POINT (-86.7281 36.0848)
20190908604,12/19/2019 06:36:00 PM,2,0,0,,N,240955,11,Front to Rear,21,CLEAR,3,DARK - LIGHTED,12,MOTOR VEHICLE IN TRANSPORT,SUNNYWOOD DR & LENOX VILLAGE DR,ANTIOCH,TN,37013,8759,SOUTH,36.0258,-86.7087,POINT (-86.7087 36.0258)
20190772892,10/22/2019 03:20:00 PM,2,1,0,,N,151132,2,HEAD-ON,21,CLEAR,1,DAYLIGHT,12,MOTOR VEHICLE IN TRANSPORT,ROOSEVELT AV & MAY DR,MADISON,TN,37115,1711,MADISO,36.2697,-86.695,POINT (-86.695 36.2697)
20190824088,11/13/2019 10:21:00 AM,4,3,0,,N,320586,11,Front to Rear,21,CLEAR,1,DAYLIGHT,12;7,MOTOR VEHICLE IN TRANSPORT,MM 58 6 I 24,ANTIOCH,TN,37013,8808,SOUTH,36.0518,-86.67,POINT (-86.67 36.0518)
20190679224,09/12/2019 04:35:00 PM,1,0,0,Y,N,299266,0,NOT COLLISION W/MOTOR VEHICLE-TRANSPORT,21,CLEAR,1,DAYLIGHT,30,UTILITY POLE,ANTIOCH PKE & EZELL PKE,NASHVILLE,TN,37211,8889,SOUTH,36.0773,-86.7253,POINT (-86.7253 36.0773)
20190810868,11/07/2019 04:11:00 PM,2,0,0,,N,212330,4,ANGLE,2,RAIN,1,DAYLIGHT,12,MOTOR VEHICLE IN TRANSPORT,MURFREESBORO PKE & GLENGARRY DR,NASHVILLE,TN,37217,8823,HERMIT,36.1208,-86.7036,POINT (-86.7036 36.1208)
20190753868,10/14/2019 12:00:00 AM,2,1,0,,N,298877,4,ANGLE,21,CLEAR,1,DAYLIGHT,12,MOTOR VEHICLE IN TRANSPORT,TRAVELERS INN DR & HARDING PL,NASHVILLE,TN,37211,8705,SOUTH,36.0849,-86.7034,POINT (-86.7034 36.0849)
20190813936,11/08/2019 11:03:00 PM,2,1,0,,N,256439,5,SIDESWIPE - SAME DIRECTION,21,CLEAR,3,DARK - LIGHTED,12,MOTOR VEHICLE IN TRANSPORT,DEMONBREUN ST & 6TH AVE S,NASHVILLE,TN,37203,4057,CENTRA,36.1582,-86.7777,POINT (-86.7777 36.1582)
20190875545,12/05/2019 04:42:00 PM,2,0,0,,N,299267,4,ANGLE,21,CLEAR,1,DAYLIGHT,12,MOTOR VEHICLE IN TRANSPORT,WEST END AV & 30TH AVS,NASHVILLE,TN,37212,5815,MIDTOW,36.143,-86.815,POINT (-86.815 36.143)
20190588660,08/07/2019 12:00:00 AM,1,0,0,Y,Y,660929,0,NOT COLLISION W/MOTOR VEHICLE-TRANSPORT,21,CLEAR,3,DARK - LIGHTED,32,CULVERT,500 LEEANNE,NASHVILLE,TN,37211,8661,MIDTOW,36.068,-86.7303,POINT (-86.7303 36.068)
20190601871,08/13/2019 01:40:00 AM,1,0,0,,N,212335,0,NOT COLLISION W/MOTOR VEHICLE-TRANSPORT,22,CLOUDY,2,DARK - NOT LIGHTED,30,UTILITY POLE,2ND AVN & CEMENT PLANT RD,NASHVILLE,TN,37208,4339,CENTRA,36.185,-86.7864,POINT (-86.7864 36.185)
20190740135,10/08/2019 04:10:00 PM,2,0,0,,N,714641,5,SIDESWIPE - SAME DIRECTION,21,CLEAR,1,DAYLIGHT,12,MOTOR VEHICLE IN TRANSPORT,JAMES ROBERTSON PKWY & MAIN ST,NASHVILLE,TN,37213,1105,CENTRA,36.1713,-86.7694,POINT (-86.7694 36.1713)
20190651160,08/31/2019 08:51:00 PM,2,1,0,,Y,320585,11,Front to Rear,21,CLEAR,2,DARK - NOT LIGHTED,12,MOTOR VEHICLE IN TRANSPORT,OLD LEBANON DIRT RD & TULIP GROVE RD,HERMITAGE,TN,37076,9513,HERMIT,36.1891,-86.5932,POINT (-86.5932 36.1891)
20190854540,11/26/2019 12:00:00 AM,1,0,0,Y,N,676834,0,NOT COLLISION W/MOTOR VEHICLE-TRANSPORT,21,CLEAR,3,DARK - LIGHTED,40,MAIL BOX,MCKINNEY AV & 23RD AVN,NASHVILLE,TN,37208,4435,NORTH,36.1877,-86.8137,POINT (-86.8137 36.1877)
20190603909,08/13/2019 05:40:00 PM,1,1,0,,N,256426,0,NOT COLLISION W/MOTOR VEHICLE-TRANSPORT,2,RAIN,1,DAYLIGHT,36,CONCRETE TRAFFIC BARRIER,MM 213 9 I 40,NASHVILLE,TN,37217,8802,HERMIT,36.1415,-86.7148,POINT (-86.7148 36.1415)
20190609324,08/15/2019 04:54:00 PM,2,0,0,,N,169425,4,ANGLE,21,CLEAR,1,DAYLIGHT,12,MOTOR VEHICLE IN TRANSPORT,NOLENSVILLE PKE & TUSCULUM RD,NASHVILLE,TN,37211,8715,SOUTH,36.0587,-86.7162,POINT (-86.7162 36.0587)
20190740373,10/08/2019 06:10:00 PM,2,0,0,,N,311328,4,ANGLE,21,CLEAR,3,DARK - LIGHTED,12,MOTOR VEHICLE IN TRANSPORT,8TH AVS & LAFAYETTE ST,NASHVILLE,TN,37203,4043,CENTRA,36.1546,-86.7792,POINT (-86.7792 36.1546)
20190782465,10/26/2019 06:28:00 PM,2,0,0,,Y,256386,11,Front to Rear,22,CLOUDY,3,DARK - LIGHTED,12,MOTOR VEHICLE IN TRANSPORT,I40 E EXT RAMP & I 40,NASHVILLE,TN,37214,8955,HERMIT,36.155,-86.6271,POINT (-86.6271 36.155)
20190753881,10/14/2019 02:45:00 PM,3,1,0,,N,256389,11,Front to Rear,21,CLEAR,1,DAYLIGHT,12,MOTOR VEHICLE IN TRANSPORT,NOLENSVILLE PKE & WHEELER AV,NASHVILLE,TN,37211,8511,MIDTOW,36.0957,-86.7374,POINT (-86.7374 36.0957)
20190909751,12/20/2019 06:55:00 AM,2,0,0,,N,191578,4,ANGLE,21,CLEAR,1,DAYLIGHT,12,MOTOR VEHICLE IN TRANSPORT,ELM HILL PKE & MASSMAN DR,NASHVILLE,TN,37210,9017,HERMIT,36.1449,-86.711,POINT (-86.711 36.1449)
20190600223,08/12/2019 10:50:00 AM,2,0,0,,N,665896,4,ANGLE,21,CLEAR,1,DAYLIGHT,12,MOTOR VEHICLE IN TRANSPORT,DOUGLAS AV & ELLINGTON PKWY S EXT RAMP,NASHVILLE,TN,37207,1875,EAST,36.1934,-86.7538,POINT (-86.7538 36.1934)
20190766917,10/19/2019 07:40:00 PM,2,0,0,,Y,161939,5,SIDESWIPE - SAME DIRECTION,22,CLOUDY,2,DARK - NOT LIGHTED,12,MOTOR VEHICLE IN TRANSPORT,MM 61 1 I 24,ANTIOCH,TN,37013,8806,SOUTH,36.0284,-86.636,POINT (-86.636 36.0284)
20190792217,10/30/2019 08:32:00 PM,2,1,0,,N,151132,4,ANGLE,2,RAIN,2,DARK - NOT LIGHTED,12,MOTOR VEHICLE IN TRANSPORT,MM 44 3 I 24,NASHVILLE,TN,37207,32242,NORTH,36.229,-86.7805,POINT (-86.7805 36.229)
20190616316,08/17/2019 07:32:00 PM,2,0,0,,Y,212344,5,SIDESWIPE - SAME DIRECTION,22,CLOUDY,1,DAYLIGHT,12;14,MOTOR VEHICLE IN TRANSPORT;PARKED MOTOR VEHICLE,SHARPE AV & N 16TH ST,NASHVILLE,TN,37206,1361,EAST,36.1881,-86.7409,POINT (-86.7409 36.1881)
20190841332,11/20/2019 03:28:00 PM,2,1,0,,N,256448,4,ANGLE,21,CLEAR,1,DAYLIGHT,12,MOTOR VEHICLE IN TRANSPORT,DONELSON PKE & BLUEFIELD AV,NASHVILLE,TN,37214,9401,HERMIT,36.1647,-86.6638,POINT (-86.6638 36.1647)
20190926026,12/28/2019 06:10:00 PM,2,0,0,,N,161939,11,Front to Rear,22,CLOUDY,3,DARK - LIGHTED,12,MOTOR VEHICLE IN TRANSPORT,MURFREESBORO PKE & FOREST VIEW DR,ANTIOCH,TN,37013,8865,SOUTH,36.0674,-86.6313,POINT (-86.6313 36.0674)
20190774745,10/23/2019 09:53:00 AM,2,0,0,,N,834798,4,ANGLE,21,CLEAR,1,DAYLIGHT,12,MOTOR VEHICLE IN TRANSPORT,FRANKLIN PKE & HARDING PL,NASHVILLE,TN,37204,7027,MIDTOW,36.0866,-86.772,POINT (-86.772 36.0866)
20190742987,10/09/2019 06:22:00 PM,2,0,0,,Y,212330,98,OTHER,22,CLOUDY,5,DUSK,12;14,MOTOR VEHICLE IN TRANSPORT;PARKED MOTOR VEHICLE,CHILTON ST & NOLENSVILLE PKE,NASHVILLE,TN,37211,8427,SOUTH,36.1006,-86.7399,POINT (-86.7399 36.1006)
20190843621,11/21/2019 01:38:00 PM,2,0,0,,Y,580819,11,Front to Rear,22,CLOUDY,1,DAYLIGHT,12,MOTOR VEHICLE IN TRANSPORT,2ND AVS & PEABODY ST,NASHVILLE,TN,37201,4047,CENTRA,36.1568,-86.7719,POINT (-86.7719 36.1568)
20190792951,10/31/2019 04:35:00 AM,1,1,0,,N,493301,0,NOT COLLISION W/MOTOR VEHICLE-TRANSPORT,2,RAIN,2,DARK - NOT LIGHTED,72,EMBANKMENT ROCK/STONE/CONCRETE,MM 198 9 I 40,NASHVILLE,TN,37221,48062,WEST,36.1075,-86.9278,POINT (-86.9278 36.1075)
20190647010,08/30/2019 08:00:00 AM,2,0,0,,N,834798,11,Front to Rear,21,CLEAR,1,DAYLIGHT,12,MOTOR VEHICLE IN TRANSPORT,MM 6 2 I 440,NASHVILLE,TN,37211,83061,MIDTOW,36.1225,-86.7522,POINT (-86.7522 36.1225)
20190886969,12/10/2019 05:44:00 PM,2,0,0,,N,320581,4,ANGLE,22,CLOUDY,3,DARK - LIGHTED,12,MOTOR VEHICLE IN TRANSPORT,W TRINITY LN & SCRUGGS LN,NASHVILLE,TN,37207,3007,NORTH,36.2068,-86.7805,POINT (-86.7805 36.2068)
20190709411,09/25/2019 08:25:00 AM,2,1,0,,N,223502,4,ANGLE,21,CLEAR,1,DAYLIGHT,12,MOTOR VEHICLE IN TRANSPORT,4TH AVS & CHESTNUT ST,NASHVILLE,TN,37210,8169,SOUTH,36.1449,-86.7667,POINT (-86.7667 36.1449)
20190930850,12/31/2019 01:31:00 AM,1,1,0,,N,352205,0,NOT COLLISION W/MOTOR VEHICLE-TRANSPORT,21,CLEAR,3,DARK - LIGHTED,36,CONCRETE TRAFFIC BARRIER,BRILEY PKWYS & BRILEY PKWYN,NASHVILLE,TN,37218,3212,NORTH,36.2142,-86.8724,POINT (-86.8724 36.2142)