Accident Number,Date and Time,Number of Motor Vehicles,Number of Injuries,Number of Fatalities,Property Damage,Hit and Run,Reporting Officer,Collision Type Code,Collision Type Description,Weather Code,Weather Description,Illumination Code,Illumination Description,Harmful Code,Harmful Code Description,Street Address,City,State,ZIP,RPA,Precinct,Latitude,Longitude,Mapped Location
20190683133,09/14/2019 02:25:00 AM,1,1,0,Y,N,179603,0,NOT COLLISION W/MOTOR VEHICLE-TRANSPORT,21,CLEAR,3,DARK - LIGHTED,24;64,GUARDRAIL FACE;Ran Off Road-Left,BRILEY PKWYW & BRILEY PKWYE,NASHVILLE,TN,37218,3216,NORTH,36.2254,-86.8638,POINT (-86.8638 36.2254)
20190849479,11/24/2019 12:26:00 AM,1,0,0,,Y,330419,9,UNKNOWN,21,CLEAR,9,UNKNOWN,99,UNKNOWN MOST HARMFUL EVENT,I65 S EXT RAMP & BRILEY PKWYE,NASHVILLE,TN,37216,18800,EAST,36.2396,-86.7467,POINT (-86.7467 36.2396)
20190774338,10/23/2019 06:38:00 AM,3,0,0,,N,191578,11,Front to Rear,21,CLEAR,1,DAYLIGHT,12,MOTOR VEHICLE IN TRANSPORT,MM 215 7 I 40,NASHVILLE,TN,37217,89020,HERMIT,36.1426,-86.6823,POINT (-86.6823 36.1426)
20190783059,10/27/2019 04:00:00 AM,3,2,0,,N,352153,11,Front to Rear,21,CLEAR,3,DARK - LIGHTED,12,MOTOR VEHICLE IN TRANSPORT,STATE HWY 254 & RAMP,NASHVILLE,TN,37211,8717,SOUTH,36.0456,-86.7115,POINT (-86.7115 36.0456)
20190855301,11/26/2019 03:21:00 PM,2,0,0,,N,151132,11,Front to Rear,2,RAIN,1,DAYLIGHT,12,MOTOR VEHICLE IN TRANSPORT,MM 90 8 I 65,MADISON,TN,37115,20044,MADISO,36.2462,-86.7451,POINT (-86.7451 36.2462)
20190751303,10/13/2019 10:31:00 AM,2,3,0,,N,384407,4,ANGLE,21,CLEAR,1,DAYLIGHT,12,MOTOR VEHICLE IN TRANSPORT,DICKERSON PKE & HOMESTEAD RD,NASHVILLE,TN,37207,1807,EAST,36.2356,-86.7583,POINT (-86.7583 36.2356)
20190810939,11/07/2019 05:31:00 PM,2,1,0,,N,429193,4,ANGLE,21,CLEAR,2,DARK - NOT LIGHTED,12,MOTOR VEHICLE IN TRANSPORT,OLD HICKORY BLVD & HWY 70 S,NASHVILLE,TN,37205,4903,WEST,36.0747,-86.9209,POINT (-86.9209 36.0747)
20190640406,08/27/2019 05:37:00 PM,2,0,0,,N,256380,4,ANGLE,21,CLEAR,1,DAYLIGHT,12,MOTOR VEHICLE IN TRANSPORT,19TH AVN & CHARLOTTE AV,NASHVILLE,TN,37203,5357,NORTH,36.1576,-86.8014,POINT (-86.8014 36.1576)
20190860170,11/28/2019 10:42:00 PM,1,0,0,,N,179606,0,NOT COLLISION W/MOTOR VEHICLE-TRANSPORT,21,CLEAR,3,DARK - LIGHTED,72,EMBANKMENT ROCK/STONE/CONCRETE,4TH AVS & HOUSTON ST,NASHVILLE,TN,37203,8045,MIDTOW,36.143,-86.7654,POINT (-86.7654 36.143)
20190876309,12/05/2019 11:50:00 PM,2,2,0,,N,311338,11,Front to Rear,22,CLOUDY,3,DARK - LIGHTED,12,MOTOR VEHICLE IN TRANSPORT,I65 S ENT RAMP & I 65,NASHVILLE,TN,37207,3007,NORTH,36.2057,-86.778,POINT (-86.778 36.2057)
20190647575,08/30/2019 12:00:00 PM,2,0,0,,N,352207,4,ANGLE,21,CLEAR,1,DAYLIGHT,12,MOTOR VEHICLE IN TRANSPORT,EXCELLA PL & MAYFAIR AVE,NASHVILLE,TN,37215,6415,MIDTOW,36.1077,-86.7949,POINT (-86.7949 36.1077)
20190739751,10/08/2019 12:14:00 PM,2,0,0,,N,352202,5,SIDESWIPE - SAME DIRECTION,21,CLEAR,1,DAYLIGHT,12,MOTOR VEHICLE IN TRANSPORT,MM 48 1 I 24,NASHVILLE,TN,37207,1106,EAST,36.1742,-86.7706,POINT (-86.7706 36.1742)
20190645504,08/29/2019 05:26:00 PM,2,0,0,,N,352161,5,SIDESWIPE - SAME DIRECTION,21,CLEAR,1,DAYLIGHT,12,MOTOR VEHICLE IN TRANSPORT,BRILEY PKWYN & MUSIC VALLEY DR,NASHVILLE,TN,37214,92860,HERMIT,36.2225,-86.6937,POINT (-86.6937 36.2225)
20190818688,11/11/2019 07:56:00 AM,2,1,0,,N,311804,4,ANGLE,22,CLOUDY,1,DAYLIGHT,12,MOTOR VEHICLE IN TRANSPORT,2ND AVN & JUNIOR GILLIAM WAY,NASHVILLE,TN,37201,4231,CENTRA,36.1743,-86.7829,POINT (-86.7829 36.1743)
20190713141,09/26/2019 06:04:00 PM,3,0,0,,Y,429193,11,Front to Rear,21,CLEAR,1,DAYLIGHT,12,MOTOR VEHICLE IN TRANSPORT,MM 194 1 I 40,NASHVILLE,TN,37221,4804,WEST,36.0779,-86.9922,POINT (-86.9922 36.0779)
20190667227,09/07/2019 05:58:00 PM,2,0,0,,Y,299264,5,SIDESWIPE - SAME DIRECTION,21,CLEAR,1,DAYLIGHT,12,MOTOR VEHICLE IN TRANSPORT,EDMONDSON PKE & WALLACE RD,NASHVILLE,TN,37211,8661,MIDTOW,36.0771,-86.7256,POINT (-86.7256 36.0771)
20190651252,08/31/2019 10:50:00 PM,1,0,0,,N,320584,0,NOT COLLISION W/MOTOR VEHICLE-TRANSPORT,21,CLEAR,3,DARK - LIGHTED,24,GUARDRAIL FACE,I24 E EXT RAMP & I 24,NASHVILLE,TN,37207,30080,NORTH,36.2378,-86.7872,POINT (-86.7872 36.2378)
20190846674,11/22/2019 04:59:00 PM,2,0,0,,N,240983,4,ANGLE,22,CLOUDY,5,DUSK,12,MOTOR VEHICLE IN TRANSPORT,I24 W EXT RAMP & I 24,NASHVILLE,TN,37211,8829,SOUTH,36.1074,-86.7197,POINT (-86.7197 36.1074)
20190736291,10/06/2019 10:00:00 PM,2,0,0,,Y,298877,11,Front to Rear,2,RAIN,3,DARK - LIGHTED,12,MOTOR VEHICLE IN TRANSPORT,HAYWOOD LN & I24 W ENT RAMP,ANTIOCH,TN,37013,8857,SOUTH,36.0697,-86.6864,POINT (-86.6864 36.0697)
20190710926,09/25/2019 08:45:00 PM,2,0,0,,N,429193,4,ANGLE,21,CLEAR,3,DARK - LIGHTED,12,MOTOR VEHICLE IN TRANSPORT,CHARLOTTE PK & RIVER ROAD,NASHVILLE,TN,37209,4703,WEST,36.1287,-86.9067,POINT (-86.9067 36.1287)
20190893227,12/13/2019 02:45:00 AM,1,2,0,Y,N,256414,0,NOT COLLISION W/MOTOR VEHICLE-TRANSPORT,21,CLEAR,2,DARK - NOT LIGHTED,24,GUARDRAIL FACE,MM 60 2 I 24,ANTIOCH,TN,37013,88060,SOUTH,36.038,-86.6467,POINT (-86.6467 36.038)
20190587033,08/07/2019 10:50:00 AM,1,1,0,,N,109495,0,NOT COLLISION W/MOTOR VEHICLE-TRANSPORT,21,CLEAR,1,DAYLIGHT,36,CONCRETE TRAFFIC BARRIER,CHESTNUT ST & 4TH AVS,NASHVILLE,TN,37203,8045,MIDTOW,36.1447,-86.7672,POINT (-86.7672 36.1447)
20190813378,11/08/2019 04:07:00 PM,2,0,0,,N,309262,11,Front to Rear,21,CLEAR,1,DAYLIGHT,12,MOTOR VEHICLE IN TRANSPORT,HUNTERS LN & YOEST DR,GOODLETTSVILLE,TN,37072,2109,MADISO,36.278,-86.7541,POINT (-86.7541 36.278)
20190819633,11/11/2019 05:40:00 PM,2,0,0,,N,807326,4,ANGLE,2,RAIN,3,DARK - LIGHTED,12,MOTOR VEHICLE IN TRANSPORT,8TH AVS & LAFAYETTE ST,NASHVILLE,TN,37203,4043,CENTRA,36.1546,-86.7792,POINT (-86.7792 36.1546)
20190877788,12/06/2019 01:48:00 PM,2,0,0,,Y,137872,11,Front to Rear,21,CLEAR,1,DAYLIGHT,12,MOTOR VEHICLE IN TRANSPORT,BRILEY PKWY S ENT RAMP & BRILEY PKWYS,NASHVILLE,TN,37217,8811,SOUTH,36.1182,-86.7017,POINT (-86.7017 36.1182)
20190771881,10/22/2019 07:00:00 AM,2,1,0,,N,384398,11,Front to Rear,21,CLEAR,1,DAYLIGHT,12,MOTOR VEHICLE IN TRANSPORT,BELL RD & CANE RIDGE RD,ANTIOCH,TN,37013,8753,SOUTH,36.0449,-86.6631,POINT (-86.6631 36.0449)
20190615102,08/17/2019 11:51:00 PM,2,0,0,,N,352215,5,SIDESWIPE - SAME DIRECTION,21,CLEAR,3,DARK - LIGHTED,12,MOTOR VEHICLE IN TRANSPORT,CHURCH ST & 4TH AVN,NASHVILLE,TN,37219,4129,CENTRA,36.1635,-86.7793,POINT (-86.7793 36.1635)
20190792193,10/30/2019 06:30:00 PM,2,0,0,,N,179606,5,SIDESWIPE - SAME DIRECTION,2,RAIN,3,DARK - LIGHTED,12,MOTOR VEHICLE IN TRANSPORT,I65 S ENT RAMP & I 65,NASHVILLE,TN,37207,3007,NORTH,36.2057,-86.778,POINT (-86.778 36.2057)
20190878130,12/06/2019 04:47:00 PM,2,0,0,,Y,352155,11,Front to Rear,21,CLEAR,1,DAYLIGHT,12,MOTOR VEHICLE IN TRANSPORT,BAPTIST WORLD CENTER DR & VASHTI ST,NASHVILLE,TN,37207,3001,NORTH,36.1949,-86.7798,POINT (-86.7798 36.1949)
20190657626,09/03/2019 04:51:00 PM,2,0,0,,Y,267831,4,ANGLE,21,CLEAR,1,DAYLIGHT,12,MOTOR VEHICLE IN TRANSPORT,MM 196 0 I 40,NASHVILLE,TN,37221,4804,WEST,36.0788,-86.9613,POINT (-86.9613 36.0788)
20190895363,12/13/2019 11:22:00 PM,2,2,0,,N,197067,5,SIDESWIPE - SAME DIRECTION,2,RAIN,3,DARK - LIGHTED,12,MOTOR VEHICLE IN TRANSPORT,8TH AVS & LAFAYETTE ST,NASHVILLE,TN,37203,4043,CENTRA,36.1546,-86.7792,POINT (-86.7792 36.1546)
20190757549,10/15/2019 10:45:00 PM,2,1,0,,Y,166477,6,SIDESWIPE - OPPOSITE DIRECTION,21,CLEAR,3,DARK - LIGHTED,12;68,MOTOR VEHICLE IN TRANSPORT;Cross Center Line,MURFREESBORO PKE & FOREST VIEW DR,ANTIOCH,TN,37013,8865,SOUTH,36.0674,-86.6313,POINT (-86.6313 36.0674)
20190914402,12/22/2019 01:53:00 PM,2,0,0,,N,433550,4,ANGLE,2,RAIN,1,DAYLIGHT,12,MOTOR VEHICLE IN TRANSPORT,OLD HICKORY BLVD & HERMITAGE WOODS DR,HERMITAGE,TN,37076,9561,HERMIT,36.1773,-86.6042,POINT (-86.6042 36.1773)
20190641570,08/28/2019 06:03:00 AM,2,3,0,,N,352183,11,Front to Rear,21,CLEAR,1,DAYLIGHT,12,MOTOR VEHICLE IN TRANSPORT,MM 53 6 I 24,NASHVILLE,TN,37211,83021,SOUTH,36.1114,-86.7229,POINT (-86.7229 36.1114)
20190717559,09/28/2019 03:48:00 PM,2,0,0,,N,633391,11,Front to Rear,21,CLEAR,1,DAYLIGHT,12,MOTOR VEHICLE IN TRANSPORT,HARDING PKE & WOODMONT BLVD,NASHVILLE,TN,37205,6021,WEST,36.1253,-86.8472,POINT (-86.8472 36.1253)
20190673979,09/10/2019 05:53:00 PM,1,0,0,Y,N,330436,0,NOT COLLISION W/MOTOR VEHICLE-TRANSPORT,10,SEVERE CROSSWIND,1,DAYLIGHT,38,FENCE,BROADWAY & 12TH AVS,NASHVILLE,TN,37203,4079,CENTRA,36.1566,-86.7875,POINT (-86.7875 36.1566)
20190836306,11/18/2019 06:21:00 PM,1,0,0,,N,352161,0,NOT COLLISION W/MOTOR VEHICLE-TRANSPORT,21,CLEAR,3,DARK - LIGHTED,50,DEER (ANIMAL),ASHLAND CITY HWY & ASHLAND CITY HWY EB E,NASHVILLE,TN,37218,3235,NORTH,36.2102,-86.8756,POINT (-86.8756 36.2102)
20190829068,11/15/2019 11:43:00 AM,2,1,0,,N,311799,4,ANGLE,21,CLEAR,1,DAYLIGHT,12,MOTOR VEHICLE IN TRANSPORT,DICKERSON PKE & DARBYTOWN DR,MADISON,TN,37115,2039,MADISO,36.266,-86.7569,POINT (-86.7569 36.266)
20190793083,10/31/2019 06:33:00 AM,2,2,0,,N,571313,11,Front to Rear,2,RAIN,4,DAWN,12,MOTOR VEHICLE IN TRANSPORT,MM 81 4 I 65,NASHVILLE,TN,37203,68042,MIDTOW,36.1348,-86.7756,POINT (-86.7756 36.1348)
20190886618,12/10/2019 02:59:00 PM,2,0,0,,N,298877,4,ANGLE,22,CLOUDY,1,DAYLIGHT,12,MOTOR VEHICLE IN TRANSPORT,EAST THOMPSON LN & OLD GLENROSE AV,NASHVILLE,TN,37211,8809,SOUTH,36.1165,-86.7193,POINT (-86.7193 36.1165)
20190819112,11/11/2019 12:36:00 PM,2,0,0,,N,224955,11,Front to Rear,22,CLOUDY,1,DAYLIGHT,12,MOTOR VEHICLE IN TRANSPORT,GALLATIN PKEN & NORTHSIDE DR,MADISON,TN,37115,1721,MADISO,36.3059,-86.6872,POINT (-86.6872 36.3059)
20190790027,10/29/2019 10:40:00 PM,2,1,0,,Y,212307,4,ANGLE,21,CLEAR,3,DARK - LIGHTED,12,MOTOR VEHICLE IN TRANSPORT,MURFREESBORO PKE & FESSLERS LN,NASHVILLE,TN,37210,8117,SOUTH,36.1427,-86.744,POINT (-86.744 36.1427)
20190815184,11/09/2019 02:10:00 PM,2,0,0,,N,352207,4,ANGLE,21,CLEAR,1,DAYLIGHT,12,MOTOR VEHICLE IN TRANSPORT,BRENTWOOD EAST DR & STATE HWY 254,NASHVILLE,TN,37211,8655,MIDTOW,36.0453,-86.7148,POINT (-86.7148 36.0453)
20190607444,08/15/2019 01:14:00 AM,2,0,0,,N,415780,4,ANGLE,21,CLEAR,3,DARK - LIGHTED,12,MOTOR VEHICLE IN TRANSPORT,4TH AVS & CHESTNUT ST,NASHVILLE,TN,37210,8169,SOUTH,36.1449,-86.7667,POINT (-86.7667 36.1449)
20190593552,08/09/2019 04:05:00 PM,2,1,0,,N,330413,4,ANGLE,22,CLOUDY,1,DAYLIGHT,12;30,MOTOR VEHICLE IN TRANSPORT;UTILITY POLE,DANBY DR & DARLINGTON DR,NASHVILLE,TN,37211,8611,MIDTOW,36.0708,-86.7439,POINT (-86.7439 36.0708)
20190656882,09/03/2019 10:39:00 AM,3,0,0,,N,462474,11,Front to Rear,21,CLEAR,1,DAYLIGHT,12,MOTOR VEHICLE IN TRANSPORT,I440 E EXT RAMP & HILLSBORO PKE,NASHVILLE,TN,37215,6001,WEST,36.1221,-86.8072,POINT (-86.8072 36.1221)
20190709253,09/25/2019 06:30:00 AM,2,0,0,,N,191578,5,SIDESWIPE - SAME DIRECTION,21,CLEAR,1,DAYLIGHT,12,MOTOR VEHICLE IN TRANSPORT,MM 212 2 I 40,NASHVILLE,TN,37210,90041,HERMIT,36.1458,-86.7414,POINT (-86.7414 36.1458)
20190891290,12/12/2019 09:20:00 AM,3,1,0,,N,628640,3,REAR-TO-REAR,21,CLEAR,1,DAYLIGHT,12,MOTOR VEHICLE IN TRANSPORT,THOMPSON LN & ST EDWARDS DR,NASHVILLE,TN,37211,8403,SOUTH,36.1103,-86.7383,POINT (-86.7383 36.1103)
20190719509,09/29/2019 04:30:00 PM,2,0,0,,N,298867,11,Front to Rear,21,CLEAR,1,DAYLIGHT,1;12,MOTOR VEHICLE IN TRANSPORT,W TRINITY LN & LUCAS LN,NASHVILLE,TN,37207,1863,EAST,36.2061,-86.7711,POINT (-86.7711 36.2061)
20190740298,10/08/2019 05:35:00 PM,1,1,0,Y,N,240983,0,NOT COLLISION W/MOTOR VEHICLE-TRANSPORT,21,CLEAR,1,DAYLIGHT,46;47;63;8,TRAFFIC SIGNAL SUPPORT;FIRE HYDRANT;Ran Off Road-Right;PEDESTRIAN,EAST THOMPSON LN & MURFREESBORO PKE,NASHVILLE,TN,37217,8879,SOUTH,36.1267,-86.7111,POINT (-86.7111 36.1267)
20190848264,11/23/2019 10:50:00 AM,2,0,0,,Y,352164,4,ANGLE,22,CLOUDY,1,DAYLIGHT,14,PARKED MOTOR VEHICLE,SUGARLOAF DR & SUNNYWOOD DR,ANTIOCH,TN,37013,8759,SOUTH,36.0212,-86.6985,POINT (-86.6985 36.0212)
20190721250,09/30/2019 12:28:00 PM,2,0,0,,N,716886,11,Front to Rear,21,CLEAR,1,DAYLIGHT,12,MOTOR VEHICLE IN TRANSPORT,NOLENSVILLE PKE & NORTHCREST DR,NASHVILLE,TN,37211,8711,SOUTH,36.0667,-86.7179,POINT (-86.7179 36.0667)
20190866834,12/02/2019 11:07:00 AM,2,0,0,,Y,716886,11,Front to Rear,21,CLEAR,1,DAYLIGHT,12,MOTOR VEHICLE IN TRANSPORT,BRILEY PKWYS & I24 W EXT RAMP,NASHVILLE,TN,37211,88962,SOUTH,36.11,-86.7208,POINT (-86.7208 36.11)
20190753710,10/14/2019 01:00:00 PM,2,0,0,,N,226622,11,Front to Rear,21,CLEAR,1,DAYLIGHT,12,MOTOR VEHICLE IN TRANSPORT,CHARLOTTE PKE & DAVIDSON DR,NASHVILLE,TN,37209,4701,WEST,36.1295,-86.9033,POINT (-86.9033 36.1295)
20190830167,11/15/2019 09:49:00 PM,1,2,0,,N,330427,0,NOT COLLISION W/MOTOR VEHICLE-TRANSPORT,21,CLEAR,2,DARK - NOT LIGHTED,34,DITCH,WHITES CREEK PKE & SWINDLE RD,WHITES CREEK,TN,37189,3347,NORTH,36.1565,-86.7372,POINT (-86.7372 36.1565)
20190922120,12/26/2019 05:39:00 PM,2,0,0,,Y,256383,6,SIDESWIPE - OPPOSITE DIRECTION,21,CLEAR,3,DARK - LIGHTED,12,MOTOR VEHICLE IN TRANSPORT,ANTIOCH PKE & HARDING PL,NASHVILLE,TN,37211,8847,SOUTH,36.0874,-86.6922,POINT (-86.6922 36.0874)
20190776303,10/23/2019 12:00:00 AM,2,0,0,Y,Y,384448,0,NOT COLLISION W/MOTOR VEHICLE-TRANSPORT,21,CLEAR,2,DARK - NOT LIGHTED,14;19;55;63,PARKED MOTOR VEHICLE;BUILDING;Motor Vehicle-In-Motion Outside Trafficw;Ran Off Road-Right,MORTON MILL RD & HARPETH RIV MORTON MILL,NASHVILLE,TN,37221,4811,WEST,36.0618,-86.9513,POINT (-86.9513 36.0618)
20190714491,09/27/2019 08:04:00 AM,2,1,0,,N,191578,11,Front to Rear,21,CLEAR,1,DAYLIGHT,12,MOTOR VEHICLE IN TRANSPORT,MM 212 7 I 40,NASHVILLE,TN,37210,82060,HERMIT,36.143,-86.737,POINT (-86.737 36.143)
20190761793,10/17/2019 04:20:00 PM,2,1,0,,N,807326,4,ANGLE,21,CLEAR,1,DAYLIGHT,12,MOTOR VEHICLE IN TRANSPORT,CHARLOTTE AV & ROSA L PARKS BLVD,NASHVILLE,TN,37203,4147,CENTRA,36.1634,-86.7876,POINT (-86.7876 36.1634)
20190586409,08/07/2019 06:50:00 AM,2,1,0,,N,420035,11,Front to Rear,21,CLEAR,1,DAYLIGHT,12,MOTOR VEHICLE IN TRANSPORT,DUE WEST AVW & GAINES DR,MADISON,TN,37115,1799,MADISO,36.2488,-86.7308,POINT (-86.7308 36.2488)
20190840830,11/20/2019 11:19:00 AM,2,1,0,,N,462474,4,ANGLE,21,CLEAR,1,DAYLIGHT,12,MOTOR VEHICLE IN TRANSPORT,US HWY 31 & FOREST ACRES DR,NASHVILLE,TN,37220,7111,MIDTOW,36.064,-86.7743,POINT (-86.7743 36.064)
20190605929,08/14/2019 11:21:00 AM,2,0,0,,Y,716886,11,Front to Rear,21,CLEAR,1,DAYLIGHT,12,MOTOR VEHICLE IN TRANSPORT,TRAVELERS INN DR & LARGO DR,NASHVILLE,TN,37211,8705,SOUTH,36.0846,-86.7033,POINT (-86.7033 36.0846)
20190905910,12/18/2019 04:03:00 PM,2,0,0,,N,693098,5,SIDESWIPE - SAME DIRECTION,21,CLEAR,5,DUSK,12,MOTOR VEHICLE IN TRANSPORT,MM 202 9 I 40,NASHVILLE,TN,37209,46024,WEST,36.1482,-86.8762,POINT (-86.8762 36.1482)
20190834906,11/18/2019 07:09:00 AM,2,0,0,,N,191578,11,Front to Rear,21,CLEAR,1,DAYLIGHT,12,MOTOR VEHICLE IN TRANSPORT,MCGAVOCK PKE & TWO RIVERS PKWY,NASHVILLE,TN,37214,9317,HERMIT,36.1832,-86.6775,POINT (-86.6775 36.1832)
20190832671,11/17/2019 02:35:00 AM,2,0,0,,Y,212335,11,Front to Rear,21,CLEAR,3,DARK - LIGHTED,12,MOTOR VEHICLE IN TRANSPORT,3RD AVN & BANKERS ALY,NASHVILLE,TN,37201,4137,CENTRA,36.1647,-86.778,POINT (-86.778 36.1647)
20190784360,10/27/2019 07:55:00 PM,2,2,0,,Y,579971,4,ANGLE,21,CLEAR,3,DARK - LIGHTED,12,MOTOR VEHICLE IN TRANSPORT,ZELIDA AV & BELL RD,ANTIOCH,TN,37013,8865,SOUTH,36.0549,-86.6425,POINT (-86.6425 36.0549)
20190781662,10/26/2019 06:54:00 AM,2,0,0,,N,110063,11,Front to Rear,2,RAIN,7,Dark-Unknown Lighting,12,MOTOR VEHICLE IN TRANSPORT,MM 86 6 I 65,NASHVILLE,TN,37207,3002,NORTH,36.1959,-86.7761,POINT (-86.7761 36.1959)
20190584913,08/06/2019 04:15:00 PM,2,1,0,,Y,179591,4,ANGLE,21,CLEAR,1,DAYLIGHT,12,MOTOR VEHICLE IN TRANSPORT,CHARLOTTE AV & 25TH AVN,NASHVILLE,TN,37203,5619,MIDTOW,36.1553,-86.8121,POINT (-86.8121 36.1553)
20190698047,09/20/2019 09:47:00 AM,2,0,0,,Y,110063,5,SIDESWIPE - SAME DIRECTION,21,CLEAR,1,DAYLIGHT,12,MOTOR VEHICLE IN TRANSPORT,MM 41 0 I 24,WHITES CREEK,TN,37189,3226,NORTH,36.2715,-86.7951,POINT (-86.7951 36.2715)
20190835223,11/18/2019 09:30:00 AM,3,0,0,,N,676834,11,Front to Rear,21,CLEAR,1,DAYLIGHT,12,MOTOR VEHICLE IN TRANSPORT,MM 207 3 I 40,NASHVILLE,TN,37208,54021,NORTH,36.1703,-86.8056,POINT (-86.8056 36.1703)
20190922257,12/26/2019 06:48:00 PM,2,0,0,,Y,320599,11,Front to Rear,21,CLEAR,2,DARK - NOT LIGHTED,12,MOTOR VEHICLE IN TRANSPORT,LOPEZ LN & JUAREZ DR,HERMITAGE,TN,37076,9531,HERMIT,36.1917,-86.6177,POINT (-86.6177 36.1917)
20190602383,08/13/2019 07:03:00 AM,2,1,0,,N,224824,4,ANGLE,21,CLEAR,1,DAYLIGHT,12,MOTOR VEHICLE IN TRANSPORT,LEBANON PKE & BONNABROOK DR,HERMITAGE,TN,37076,9531,HERMIT,36.1917,-86.6248,POINT (-86.6248 36.1917)
20190775666,10/23/2019 05:10:00 PM,2,1,0,,N,887592,11,Front to Rear,21,CLEAR,1,DAYLIGHT,12,MOTOR VEHICLE IN TRANSPORT,I65 N ENT RAMP & BRILEY PKWY W EXT RAMP,MADISON,TN,37115,15941,MADISO,36.2381,-86.7363,POINT (-86.7363 36.2381)
20190691122,09/17/2019 06:47:00 PM,2,0,0,,Y,256380,98,OTHER,21,CLEAR,1,DAYLIGHT,14,PARKED MOTOR VEHICLE,NORTHSIDE STATION PVTDR & HAYNES PARK DR,NASHVILLE,TN,37218,3141,NORTH,36.2096,-86.8369,POINT (-86.8369 36.2096)
20190682032,09/13/2019 05:09:00 PM,2,0,0,,N,714641,4,ANGLE,21,CLEAR,1,DAYLIGHT,12,MOTOR VEHICLE IN TRANSPORT,BROADWAY & 9TH AVS,NASHVILLE,TN,37203,4083,CENTRA,36.1583,-86.7834,POINT (-86.7834 36.1583)
20190652396,09/01/2019 01:30:00 AM,2,0,0,,Y,225886,5,SIDESWIPE - SAME DIRECTION,21,CLEAR,7,Dark-Unknown Lighting,14,PARKED MOTOR VEHICLE,BRACKENWOOD DR & BRANDIWOOD CT,OLD HICKORY,TN,37138,9605,HERMIT,36.2215,-86.6282,POINT (-86.6282 36.2215)
20190779981,10/25/2019 12:31:00 PM,2,0,0,,N,169421,11,Front to Rear,2,RAIN,1,DAYLIGHT,12,MOTOR VEHICLE IN TRANSPORT,MM 205 2 I 40,NASHVILLE,TN,37209,52027,WEST,36.154,-86.835,POINT (-86.835 36.154)
20190850325,11/24/2019 11:30:00 AM,2,0,0,,N,226095,4,ANGLE,21,CLEAR,1,DAYLIGHT,14;55,PARKED MOTOR VEHICLE;Motor Vehicle-In-Motion Outside Trafficw,OPRY MILLS DR & MOSS ROSE DR,NASHVILLE,TN,37214,9209,HERMIT,36.2029,-86.6947,POINT (-86.6947 36.2029)
20190634817,08/25/2019 09:45:00 AM,2,1,0,,N,483529,4,ANGLE,22,CLOUDY,1,DAYLIGHT,12,MOTOR VEHICLE IN TRANSPORT,MCGAVOCK PKE & GALLATIN PKE,NASHVILLE,TN,37216,1415,EAST,36.205,-86.7376,POINT (-86.7376 36.205)
20190774533,10/23/2019 12:00:00 AM,1,0,0,,Y,156307,0,NOT COLLISION W/MOTOR VEHICLE-TRANSPORT,21,CLEAR,1,DAYLIGHT,30;63,UTILITY POLE;Ran Off Road-Right,BUCHANAN ST & DR D B TODD JR BLVD,NASHVILLE,TN,37208,4457,NORTH,36.1801,-86.811,POINT (-86.811 36.1801)
20190838196,11/19/2019 12:45:00 PM,2,0,0,,N,191578,5,SIDESWIPE - SAME DIRECTION,21,CLEAR,1,DAYLIGHT,12,MOTOR VEHICLE IN TRANSPORT,RUNDLE AV & FESSLERS LN,NASHVILLE,TN,37210,8211,HERMIT,36.1469,-86.7442,POINT (-86.7442 36.1469)
20190621167,08/20/2019 09:50:00 AM,2,1,0,Y,N,676834,4,ANGLE,21,CLEAR,1,DAYLIGHT,12;39,MOTOR VEHICLE IN TRANSPORT;WALL,MOORMANS ARM RD & WALKER LN,NASHVILLE,TN,37207,3033,NORTH,36.2173,-86.8091,POINT (-86.8091 36.2173)
20190838601,11/19/2019 03:54:00 PM,2,2,0,,N,330428,4,ANGLE,21,CLEAR,1,DAYLIGHT,12,MOTOR VEHICLE IN TRANSPORT,CHARLOTTE PKE & RUSSLEO DR,NASHVILLE,TN,37209,5021,WEST,36.1401,-86.8793,POINT (-86.8793 36.1401)
20190747802,10/11/2019 05:15:00 PM,2,1,0,,Y,256423,11,Front to Rear,2,RAIN,1,DAYLIGHT,12,MOTOR VEHICLE IN TRANSPORT,CLARKSVILLE PKE & ABERNATHY RD,NASHVILLE,TN,37218,3163,NORTH,36.203,-86.8405,POINT (-86.8405 36.203)
20190758437,10/16/2019 08:40:00 AM,2,0,0,,N,224437,4,ANGLE,21,CLEAR,1,DAYLIGHT,12,MOTOR VEHICLE IN TRANSPORT,BELL RD & CANE RIDGE RD,ANTIOCH,TN,37013,8753,SOUTH,36.0449,-86.6631,POINT (-86.6631 36.0449)
20190732052,10/04/2019 05:57:00 PM,2,0,0,,N,330428,5,SIDESWIPE - SAME DIRECTION,21,CLEAR,1,DAYLIGHT,12,MOTOR VEHICLE IN TRANSPORT,MM 1 7 I 440,NASHVILLE,TN,37209,5312,NORTH,36.1536,-86.8226,POINT (-86.8226 36.1536)
20190847967,11/23/2019 07:34:00 AM,2,0,0,,N,140790,5,SIDESWIPE - SAME DIRECTION,2,RAIN,1,DAYLIGHT,12,MOTOR VEHICLE IN TRANSPORT,OLD HICKORY BLVD & ANDREW JACKSON WAY,HERMITAGE,TN,37076,9561,HERMIT,36.1826,-86.6084,POINT (-86.6084 36.1826)