Accident Number,Date and Time,Number of Motor Vehicles,Number of Injuries,Number of Fatalities,Property Damage,Hit and Run,Reporting Officer,Collision Type Code,Collision Type Description,Weather Code,Weather Description,Illumination Code,Illumination Description,Harmful Code,Harmful Code Description,Street Address,City,State,ZIP,RPA,Precinct,Latitude,Longitude,Mapped Location
20190754212,10/14/2019 05:30:00 PM,2,3,0,,N,717341,4,ANGLE,21,CLEAR,1,DAYLIGHT,12,MOTOR VEHICLE IN TRANSPORT,ANTIOCH PKE & HARDING PL,NASHVILLE,TN,37211,8847,SOUTH,36.0874,-86.6922,POINT (-86.6922 36.0874)
20190902402,12/17/2019 10:45:00 AM,2,0,0,,Y,693093,11,Front to Rear,22,CLOUDY,1,DAYLIGHT,12,MOTOR VEHICLE IN TRANSPORT,GALLATIN PKEN & OLD HICKORY BLVDW,MADISON,TN,37115,1701,MADISO,36.2631,-86.7119,POINT (-86.7119 36.2631)
20190703922,09/23/2019 06:31:00 AM,2,0,0,,Y,311799,11,Front to Rear,22,CLOUDY,1,DAYLIGHT,12,MOTOR VEHICLE IN TRANSPORT,MM 88 8 I 65,NASHVILLE,TN,37207,20021,MADISO,36.2285,-86.7727,POINT (-86.7727 36.2285)
20190619801,08/19/2019 12:00:00 AM,2,0,0,,Y,320591,11,Front to Rear,21,CLEAR,3,DARK - LIGHTED,12,MOTOR VEHICLE IN TRANSPORT,MURFREESBORO PKE & HURRICANE CREEK BLVD,ANTIOCH,TN,37013,8869,SOUTH,36.0302,-86.5926,POINT (-86.5926 36.0302)
20190650231,08/31/2019 12:20:00 PM,2,0,0,,N,834798,5,SIDESWIPE - SAME DIRECTION,21,CLEAR,1,DAYLIGHT,12,MOTOR VEHICLE IN TRANSPORT,HILLSBORO PKE & HILLSBORO DR,NASHVILLE,TN,37215,6405,MIDTOW,36.1019,-86.8178,POINT (-86.8178 36.1019)
20190671335,09/09/2019 05:39:00 PM,2,0,0,,Y,299264,5,SIDESWIPE - SAME DIRECTION,21,CLEAR,1,DAYLIGHT,12,MOTOR VEHICLE IN TRANSPORT,I65 ENT RAMP & I 440,NASHVILLE,TN,37204,81061,MIDTOW,36.1189,-86.7675,POINT (-86.7675 36.1189)
20190869299,12/03/2019 10:07:00 AM,3,0,0,,N,352214,11,Front to Rear,21,CLEAR,1,DAYLIGHT,14,PARKED MOTOR VEHICLE,14TH AVN & BUCHANAN ST,NASHVILLE,TN,37208,4453,NORTH,36.1795,-86.8074,POINT (-86.8074 36.1795)
20190813242,11/08/2019 04:43:00 PM,2,0,0,,N,299267,4,ANGLE,21,CLEAR,1,DAYLIGHT,12,MOTOR VEHICLE IN TRANSPORT,LONG BLVD & OMAN ST,NASHVILLE,TN,37203,5627,MIDTOW,36.1458,-86.8194,POINT (-86.8194 36.1458)
20190587653,08/07/2019 04:33:00 PM,1,3,0,,N,267831,0,NOT COLLISION W/MOTOR VEHICLE-TRANSPORT,21,CLEAR,1,DAYLIGHT,34;42;71,DITCH;TREE;EMBANKMENT EARTH,PAGE RD & CHICKERING RD,NASHVILLE,TN,37205,6207,WEST,36.0732,-86.8713,POINT (-86.8713 36.0732)
20190700713,09/21/2019 03:00:00 PM,2,0,0,,N,633391,11,Front to Rear,21,CLEAR,1,DAYLIGHT,12,MOTOR VEHICLE IN TRANSPORT,CHARLOTTE AV & MORROW RD,NASHVILLE,TN,37209,5119,WEST,36.1516,-86.8521,POINT (-86.8521 36.1516)
20190911346,12/20/2019 11:16:00 PM,1,2,0,,N,256377,0,NOT COLLISION W/MOTOR VEHICLE-TRANSPORT,21,CLEAR,2,DARK - NOT LIGHTED,1;34;63,DITCH;Ran Off Road-Right,2885 BELL RD,NASHVILLE,TN,37217,8987,HERMIT,36.1072,-86.6297,POINT (-86.6297 36.1072)
20190766712,10/19/2019 03:25:00 PM,4,0,0,Y,Y,256383,4,ANGLE,21,CLEAR,1,DAYLIGHT,14;32,PARKED MOTOR VEHICLE;CULVERT,WINTHORNE DR & GLENGARRY DR,NASHVILLE,TN,37217,8811,SOUTH,36.1188,-86.7044,POINT (-86.7044 36.1188)
20190932989,12/31/2019 10:45:00 PM,2,0,0,,Y,507813,11,Front to Rear,21,CLEAR,7,Dark-Unknown Lighting,12,MOTOR VEHICLE IN TRANSPORT,TAMPA DR & HARDING PL,NASHVILLE,TN,37211,8705,SOUTH,36.0827,-86.7105,POINT (-86.7105 36.0827)
20190641931,08/28/2019 09:05:00 AM,2,0,0,,N,716886,5,SIDESWIPE - SAME DIRECTION,21,CLEAR,1,DAYLIGHT,12,MOTOR VEHICLE IN TRANSPORT,STATE HWY 254 & MOUNT VIEW RD,ANTIOCH,TN,37013,8871,SOUTH,36.0496,-86.651,POINT (-86.651 36.0496)
20190892430,12/12/2019 06:13:00 PM,1,1,0,Y,N,320594,0,NOT COLLISION W/MOTOR VEHICLE-TRANSPORT,21,CLEAR,3,DARK - LIGHTED,18;40,OTHER OBJECT (NOT FIXED);MAIL BOX,JACKSONIAN DR & BONNALAKE DR,HERMITAGE,TN,37076,9601,HERMIT,36.2049,-86.6375,POINT (-86.6375 36.2049)
20190852890,11/25/2019 04:17:00 PM,2,0,0,Y,N,320585,4,ANGLE,21,CLEAR,1,DAYLIGHT,12,MOTOR VEHICLE IN TRANSPORT,SPENCE LN & I40 W EXT RAMP,NASHVILLE,TN,37210,90062,HERMIT,36.1405,-86.7223,POINT (-86.7223 36.1405)
20190855763,11/26/2019 06:45:00 PM,2,0,0,,N,384419,2,HEAD-ON,2,RAIN,3,DARK - LIGHTED,12,MOTOR VEHICLE IN TRANSPORT,DICKERSON PKE & DUKE ST,NASHVILLE,TN,37207,1833,EAST,36.2072,-86.768,POINT (-86.768 36.2072)
20190900076,12/16/2019 11:18:00 AM,2,0,0,,Y,352211,5,SIDESWIPE - SAME DIRECTION,22,CLOUDY,1,DAYLIGHT,12,MOTOR VEHICLE IN TRANSPORT,US HWY 431 & CRESTMOOR RD,NASHVILLE,TN,37215,6413,MIDTOW,36.1092,-86.8118,POINT (-86.8118 36.1092)
20190655600,09/02/2019 09:30:00 PM,1,1,0,,N,151132,0,NOT COLLISION W/MOTOR VEHICLE-TRANSPORT,21,CLEAR,3,DARK - LIGHTED,32;33;42;64;67,CULVERT;CURB;TREE;Ran Off Road-Left;Vehicle Airborne,DICKERSON PKE & TUCKAHOE DR,MADISON,TN,37115,2019,MADISO,36.2604,-86.7577,POINT (-86.7577 36.2604)
20190777025,10/24/2019 08:00:00 AM,2,0,0,,N,226622,4,ANGLE,21,CLEAR,1,DAYLIGHT,12,MOTOR VEHICLE IN TRANSPORT,CHARLOTTE AV & 36TH AVN,NASHVILLE,TN,37209,5241,WEST,36.1527,-86.8278,POINT (-86.8278 36.1527)
20190852750,11/25/2019 03:01:00 PM,2,0,0,,N,384421,11,Front to Rear,21,CLEAR,1,DAYLIGHT,12,MOTOR VEHICLE IN TRANSPORT,MURFREESBORO PKE & PLUS PARK BLVD,NASHVILLE,TN,37217,8815,HERMIT,36.1337,-86.722,POINT (-86.722 36.1337)
20190668940,09/08/2019 02:16:00 PM,2,1,0,,N,755026,11,Front to Rear,21,CLEAR,1,DAYLIGHT,12,MOTOR VEHICLE IN TRANSPORT,NOLENSVILLE PKE & CRAIGHEAD ST,NASHVILLE,TN,37210,8125,SOUTH,36.1338,-86.7588,POINT (-86.7588 36.1338)
20190644438,08/29/2019 07:15:00 AM,2,0,0,,N,633390,5,SIDESWIPE - SAME DIRECTION,21,CLEAR,1,DAYLIGHT,12,MOTOR VEHICLE IN TRANSPORT,DICKERSON PKE & BROADMOOR DR,NASHVILLE,TN,37207,1811,EAST,36.2294,-86.7593,POINT (-86.7593 36.2294)
20190686956,09/16/2019 03:35:00 AM,2,0,0,,Y,299274,5,SIDESWIPE - SAME DIRECTION,21,CLEAR,3,DARK - LIGHTED,12,MOTOR VEHICLE IN TRANSPORT,2ND AVS & MCCANN ST,NASHVILLE,TN,37210,8201,HERMIT,36.151,-86.7681,POINT (-86.7681 36.151)
20190819352,11/11/2019 03:02:00 PM,3,0,0,,Y,633391,11,Front to Rear,2,RAIN,1,DAYLIGHT,12,MOTOR VEHICLE IN TRANSPORT,HARDING PKE & WOODLAWN DR,NASHVILLE,TN,37205,6021,WEST,36.1274,-86.8442,POINT (-86.8442 36.1274)
20190893615,12/12/2019 11:33:00 PM,1,0,0,Y,Y,384436,0,NOT COLLISION W/MOTOR VEHICLE-TRANSPORT,21,CLEAR,3,DARK - LIGHTED,43,OTHER FIXED OBJECTS,330 PLUS PARK BLVD,NASHVILLE,TN,37217,8801,SOUTH,36.1325,-86.7232,POINT (-86.7232 36.1325)
20190813505,11/08/2019 06:50:00 PM,2,1,0,,N,352213,4,ANGLE,21,CLEAR,3,DARK - LIGHTED,12;31,"MOTOR VEHICLE IN TRANSPORT;OTHER POST, POLE, SUPP.",GOLF CLUB LN & HILLSBORO PKE,NASHVILLE,TN,37215,6419,MIDTOW,36.1179,-86.81,POINT (-86.81 36.1179)
20190815545,11/09/2019 07:20:00 PM,3,7,1,Y,N,320585,4,ANGLE,21,CLEAR,3,DARK - LIGHTED,1;12,MOTOR VEHICLE IN TRANSPORT,MM 213 9 I 40,NASHVILLE,TN,37217,8802,HERMIT,36.1415,-86.7148,POINT (-86.7148 36.1415)
20190812834,11/08/2019 12:37:00 PM,2,0,0,,N,462474,11,Front to Rear,21,CLEAR,1,DAYLIGHT,12,MOTOR VEHICLE IN TRANSPORT,WEST END AV & ORLEANS DR,NASHVILLE,TN,37212,5819,MIDTOW,36.1388,-86.8197,POINT (-86.8197 36.1388)
20190901960,12/17/2019 07:00:00 AM,2,0,0,,Y,226622,11,Front to Rear,22,CLOUDY,1,DAYLIGHT,12,MOTOR VEHICLE IN TRANSPORT,CENTENNIAL BLVD & BRILEY PKWY S EXT RAMP,NASHVILLE,TN,37209,4641,WEST,36.1713,-86.871,POINT (-86.871 36.1713)
20190728551,10/03/2019 08:44:00 AM,2,0,0,,Y,414668,4,ANGLE,21,CLEAR,1,DAYLIGHT,12,MOTOR VEHICLE IN TRANSPORT,CLARKSVILLE PKE & CLARKSVILLE PKE,NASHVILLE,TN,37218,3121,NORTH,36.1965,-86.8359,POINT (-86.8359 36.1965)
20190640395,08/27/2019 06:07:00 PM,2,0,0,,N,419972,11,Front to Rear,21,CLEAR,1,DAYLIGHT,12,MOTOR VEHICLE IN TRANSPORT,RICHLAND CREEK GRNWY & MCCABE PARK PVTDR,NASHVILLE,TN,37209,5113,WEST,36.14,-86.8422,POINT (-86.8422 36.14)
20190589911,08/08/2019 11:23:00 AM,2,0,0,,N,134899,11,Front to Rear,21,CLEAR,1,DAYLIGHT,12,MOTOR VEHICLE IN TRANSPORT,ERMAC DR & ELM HILL PKE,NASHVILLE,TN,37214,9101,HERMIT,36.1532,-86.6868,POINT (-86.6868 36.1532)
20190761520,10/17/2019 01:39:00 PM,2,0,0,,N,256428,5,SIDESWIPE - SAME DIRECTION,21,CLEAR,1,DAYLIGHT,12,MOTOR VEHICLE IN TRANSPORT,SHELBY AV & S 4TH ST,NASHVILLE,TN,37206,1009,EAST,36.167,-86.7637,POINT (-86.7637 36.167)
20190671044,09/09/2019 03:09:00 PM,2,0,0,,N,179606,5,SIDESWIPE - SAME DIRECTION,21,CLEAR,1,DAYLIGHT,12,MOTOR VEHICLE IN TRANSPORT,I440 W ENT RAMP & I 440,NASHVILLE,TN,37210,81021,SOUTH,36.1259,-86.7322,POINT (-86.7322 36.1259)
20190810048,11/07/2019 09:20:00 AM,2,0,0,,N,226134,11,Front to Rear,2,RAIN,1,DAYLIGHT,12,MOTOR VEHICLE IN TRANSPORT,MM 60 4 I 24,ANTIOCH,TN,37013,88060,SOUTH,36.0364,-86.6449,POINT (-86.6449 36.0364)
20190645359,08/29/2019 12:00:00 AM,2,0,0,,N,311333,11,Front to Rear,21,CLEAR,1,DAYLIGHT,13,MOTOR VEHICLE IN TRANSPORT-OTHER ROADWAY,HEIL QUAKER BLVD & FIRESTONE PKWY,ANTIOCH,TN,37013,8869,SOUTH,36.0099,-86.6123,POINT (-86.6123 36.0099)
20190798291,11/02/2019 11:25:00 AM,2,0,0,,N,352179,4,ANGLE,21,CLEAR,1,DAYLIGHT,12,MOTOR VEHICLE IN TRANSPORT,EWING DR & BRICK CHURCH PKE,NASHVILLE,TN,37207,2031,MADISO,36.025,-86.721,POINT (-86.721 36.025)
20190863900,11/30/2019 09:58:00 PM,2,0,0,,Y,279110,0,NOT COLLISION W/MOTOR VEHICLE-TRANSPORT,2,RAIN,3,DARK - LIGHTED,18,OTHER OBJECT (NOT FIXED),OPRY MILLS DR & MOSS ROSE DR,NASHVILLE,TN,37214,9209,HERMIT,36.2029,-86.6947,POINT (-86.6947 36.2029)
20190647919,08/30/2019 02:32:00 PM,2,0,0,,N,212369,4,ANGLE,21,CLEAR,1,DAYLIGHT,12,MOTOR VEHICLE IN TRANSPORT,OLD HICKORY BLVD & BRENTWOOD EAST DR,NASHVILLE,TN,37211,8651,MIDTOW,36.0452,-86.7154,POINT (-86.7154 36.0452)
20190655151,09/02/2019 04:59:00 PM,3,4,0,,N,240957,4,ANGLE,21,CLEAR,1,DAYLIGHT,12,MOTOR VEHICLE IN TRANSPORT,STONE BROOK DR & OLD HICKORY BLVD,BRENTWOOD,TN,37027,8623,MIDTOW,36.0409,-86.7794,POINT (-86.7794 36.0409)
20190744191,10/10/2019 07:00:00 AM,3,1,0,,N,109534,11,Front to Rear,21,CLEAR,1,DAYLIGHT,12,MOTOR VEHICLE IN TRANSPORT,BRILEY PKWY S ENT RAMP & BRILEY PKWY S E,NASHVILLE,TN,37210,9039,HERMIT,36.1525,-86.6919,POINT (-86.6919 36.1525)
20190721672,09/30/2019 04:15:00 PM,2,2,0,,N,311328,4,ANGLE,21,CLEAR,1,DAYLIGHT,12,MOTOR VEHICLE IN TRANSPORT,N 1ST ST & DICKERSON PKE ENT RAMP,NASHVILLE,TN,37207,1955,CENTRA,36.1798,-86.7743,POINT (-86.7743 36.1798)
20190862151,11/29/2019 08:50:00 PM,2,0,0,,N,311343,4,ANGLE,21,CLEAR,3,DARK - LIGHTED,12,MOTOR VEHICLE IN TRANSPORT,NOLENSVILLE PKE & ROSEDALE AV,NASHVILLE,TN,37210,8101,SOUTH,36.1253,-86.7523,POINT (-86.7523 36.1253)
20190878948,12/07/2019 12:00:00 AM,2,0,0,,N,311341,4,ANGLE,22,CLOUDY,3,DARK - LIGHTED,14,PARKED MOTOR VEHICLE,41ST AVE N & INDIANA AVE,NASHVILLE,TN,37209,4533,WEST,36.1572,-86.8359,POINT (-86.8359 36.1572)
20190881225,12/08/2019 08:00:00 AM,1,0,0,Y,N,166478,0,NOT COLLISION W/MOTOR VEHICLE-TRANSPORT,22,CLOUDY,1,DAYLIGHT,29;63,LUMINAIRE/LIGHT SUPPORT;Ran Off Road-Right,I65 N EXT RAMP & I 65,NASHVILLE,TN,37207,1863,EAST,36.2057,-86.7747,POINT (-86.7747 36.2057)
20190824872,11/13/2019 05:24:00 PM,2,0,0,,N,311337,4,ANGLE,21,CLEAR,1,DAYLIGHT,12,MOTOR VEHICLE IN TRANSPORT,ANDREW JACKSON PKWY & OLD HICKORY BLVD,HERMITAGE,TN,37076,9561,HERMIT,36.1835,-86.6108,POINT (-86.6108 36.1835)
20190765135,10/18/2019 11:55:00 PM,1,1,0,,N,299248,0,NOT COLLISION W/MOTOR VEHICLE-TRANSPORT,21,CLEAR,2,DARK - NOT LIGHTED,1,,I24 E EXT RAMP & I 24,NASHVILLE,TN,37207,30080,NORTH,36.2378,-86.7872,POINT (-86.7872 36.2378)
20190685669,09/15/2019 10:40:00 AM,3,0,0,,N,256428,4,ANGLE,21,CLEAR,1,DAYLIGHT,12;14,MOTOR VEHICLE IN TRANSPORT;PARKED MOTOR VEHICLE,EVANSTON AV & JOSEPH AV,NASHVILLE,TN,37207,1919,EAST,36.19,-86.772,POINT (-86.772 36.19)
20190883917,12/09/2019 03:05:00 PM,2,1,0,,N,320581,4,ANGLE,22,CLOUDY,1,DAYLIGHT,12,MOTOR VEHICLE IN TRANSPORT,15TH AVN & CASS ST,NASHVILLE,TN,37208,4491,NORTH,36.185,-86.8104,POINT (-86.8104 36.185)
20190648178,08/30/2019 05:21:00 PM,2,1,0,,N,279225,11,Front to Rear,21,CLEAR,1,DAYLIGHT,12,MOTOR VEHICLE IN TRANSPORT,MM 214 2 I 40,NASHVILLE,TN,37210,90062,HERMIT,36.1424,-86.7107,POINT (-86.7107 36.1424)
20190718407,09/29/2019 12:00:00 AM,1,0,0,,Y,330420,0,NOT COLLISION W/MOTOR VEHICLE-TRANSPORT,21,CLEAR,2,DARK - NOT LIGHTED,42,TREE,MILLS RD & OLD HICKORY BLVD,HERMITAGE,TN,37076,9527,HERMIT,36.1685,-86.6003,POINT (-86.6003 36.1685)
20190800615,11/03/2019 02:57:00 PM,2,0,0,,N,330415,5,SIDESWIPE - SAME DIRECTION,21,CLEAR,1,DAYLIGHT,12,MOTOR VEHICLE IN TRANSPORT,0 I 40,NASHVILLE,TN,37210,9002,HERMIT,36.1532,-86.7556,POINT (-86.7556 36.1532)
20190819567,11/11/2019 05:00:00 PM,2,0,0,,N,330431,5,SIDESWIPE - SAME DIRECTION,2,RAIN,3,DARK - LIGHTED,12,MOTOR VEHICLE IN TRANSPORT,MM 87 4 I 65,NASHVILLE,TN,37207,1804,EAST,36.2081,-86.7761,POINT (-86.7761 36.2081)
20190907909,12/19/2019 12:45:00 PM,2,0,0,,N,224824,11,Front to Rear,21,CLEAR,1,DAYLIGHT,12,MOTOR VEHICLE IN TRANSPORT,JACKSON DOWNS BLVD & LEBANON PKE,NASHVILLE,TN,37214,9403,HERMIT,36.1853,-86.6365,POINT (-86.6365 36.1853)
20190881522,12/08/2019 12:12:00 PM,2,0,0,,Y,206962,11,Front to Rear,22,CLOUDY,1,DAYLIGHT,12,MOTOR VEHICLE IN TRANSPORT,MYATT DR & MYATT CIRCLE LN,MADISON,TN,37115,1715,MADISO,36.276,-86.6897,POINT (-86.6897 36.276)
20190635745,08/25/2019 07:53:00 PM,2,0,0,,Y,330417,11,Front to Rear,2,RAIN,3,DARK - LIGHTED,12,MOTOR VEHICLE IN TRANSPORT,GALLATIN PKEN & RIVERGATE MARKETPLACE PV,MADISON,TN,37115,1731,MADISO,36.3044,-86.6895,POINT (-86.6895 36.3044)
20190650488,08/31/2019 03:58:00 PM,2,0,0,,N,330431,5,SIDESWIPE - SAME DIRECTION,21,CLEAR,1,DAYLIGHT,12,MOTOR VEHICLE IN TRANSPORT,MM 208 6 I 40,NASHVILLE,TN,37203,42020,CENTRA,36.1629,-86.7935,POINT (-86.7935 36.1629)
20190664412,09/06/2019 11:30:00 AM,2,0,0,,N,665896,5,SIDESWIPE - SAME DIRECTION,21,CLEAR,1,DAYLIGHT,12,MOTOR VEHICLE IN TRANSPORT,GALLATIN AV & EASTLAND AV,NASHVILLE,TN,37206,1243,EAST,36.1838,-86.7484,POINT (-86.7484 36.1838)
20190873681,12/05/2019 12:10:00 AM,1,2,0,,N,330422,0,NOT COLLISION W/MOTOR VEHICLE-TRANSPORT,21,CLEAR,3,DARK - LIGHTED,34,DITCH,CLARKSVILLE PKE & DRY FORK RD,NASHVILLE,TN,37218,3231,NORTH,36.276,-86.868,POINT (-86.868 36.276)
20190728728,10/03/2019 10:40:00 AM,2,0,0,,N,226622,4,ANGLE,21,CLEAR,1,DAYLIGHT,12,MOTOR VEHICLE IN TRANSPORT,HIGHWAY 70S & BELLEVUE CTR PVTDR,NASHVILLE,TN,37221,4811,WEST,36.0785,-86.9508,POINT (-86.9508 36.0785)
20190604270,08/13/2019 08:04:00 PM,2,0,0,,N,151132,5,SIDESWIPE - SAME DIRECTION,21,CLEAR,3,DARK - LIGHTED,12,MOTOR VEHICLE IN TRANSPORT,GALLATIN PKEN & LIBERTY LN,MADISON,TN,37115,1731,MADISO,36.3051,-86.6884,POINT (-86.6884 36.3051)
20190665157,09/06/2019 05:43:00 PM,2,3,0,,N,311327,4,ANGLE,21,CLEAR,1,DAYLIGHT,12,MOTOR VEHICLE IN TRANSPORT,CHAPEL AV & GREENWOOD AV,NASHVILLE,TN,37206,1323,EAST,36.19,-86.7388,POINT (-86.7388 36.19)
20190648711,09/02/2019 08:00:00 PM,1,0,0,Y,N,420040,0,NOT COLLISION W/MOTOR VEHICLE-TRANSPORT,21,CLEAR,3,DARK - LIGHTED,43,OTHER FIXED OBJECTS,1400 CHARLOTTE AV,NASHVILLE,TN,37203,5425,NORTH,36.1605,-86.7943,POINT (-86.7943 36.1605)
20190724245,10/01/2019 01:26:00 PM,2,1,0,,N,151132,11,Front to Rear,21,CLEAR,1,DAYLIGHT,12,MOTOR VEHICLE IN TRANSPORT,MYATT DR & ANDERSON LN,MADISON,TN,37115,1715,MADISO,36.2728,-86.6895,POINT (-86.6895 36.2728)
20190831941,11/16/2019 06:36:00 PM,2,0,0,,Y,299267,9,UNKNOWN,21,CLEAR,9,UNKNOWN,14;99,PARKED MOTOR VEHICLE;UNKNOWN MOST HARMFUL EVENT,STATE ST & LOUISE AV,NASHVILLE,TN,37203,5613,MIDTOW,36.1523,-86.8057,POINT (-86.8057 36.1523)
20190929740,12/30/2019 02:20:00 PM,2,1,0,,N,807344,11,Front to Rear,21,CLEAR,1,DAYLIGHT,12,MOTOR VEHICLE IN TRANSPORT,BROADWAY & I40 W ENT RAMP,NASHVILLE,TN,37203,4081,CENTRA,36.156,-86.7889,POINT (-86.7889 36.156)
20190785947,10/28/2019 12:18:00 PM,1,1,0,,N,191578,0,NOT COLLISION W/MOTOR VEHICLE-TRANSPORT,21,CLEAR,1,DAYLIGHT,8,PEDESTRIAN,OLD HICKORY BLVD & MONTCHANIN RD,OLD HICKORY,TN,37138,9605,HERMIT,36.2344,-86.6258,POINT (-86.6258 36.2344)
20190813555,11/08/2019 07:15:00 PM,2,0,0,,Y,256412,11,Front to Rear,21,CLEAR,2,DARK - NOT LIGHTED,12,MOTOR VEHICLE IN TRANSPORT,MM 213 5 I 40,NASHVILLE,TN,37210,90062,HERMIT,36.1406,-86.7215,POINT (-86.7215 36.1406)
20190826354,11/13/2019 11:20:00 PM,2,0,0,,Y,352174,4,ANGLE,99,UNKNOWN,3,DARK - LIGHTED,14,PARKED MOTOR VEHICLE,10TH AVE S & CARUTHERS AVE,NASHVILLE,TN,37204,6947,MIDTOW,36.1256,-86.7863,POINT (-86.7863 36.1256)
20190679761,09/12/2019 08:40:00 PM,2,0,0,,N,256380,4,ANGLE,21,CLEAR,1,DAYLIGHT,12,MOTOR VEHICLE IN TRANSPORT,CHARLOTTE AV & 17TH AVN,NASHVILLE,TN,37203,5425,NORTH,36.1591,-86.7976,POINT (-86.7976 36.1591)
20190910831,12/20/2019 05:00:00 PM,2,0,0,,N,279224,11,Front to Rear,21,CLEAR,1,DAYLIGHT,12,MOTOR VEHICLE IN TRANSPORT,I24 W ENT RAMP & I 24,NASHVILLE,TN,37206,1009,EAST,36.1666,-86.7638,POINT (-86.7638 36.1666)
20190648384,08/30/2019 06:12:00 PM,1,0,0,Y,N,279116,0,NOT COLLISION W/MOTOR VEHICLE-TRANSPORT,21,CLEAR,1,DAYLIGHT,18;44,OTHER OBJECT (NOT FIXED);PAVED SURFACE-IRREGULAR,WATERSWOOD DR & KIRKMAN LN,NASHVILLE,TN,37220,7103,MIDTOW,36.0865,-86.7879,POINT (-86.7879 36.0865)
20190699402,09/20/2019 08:50:00 PM,2,0,0,,Y,717341,11,Front to Rear,21,CLEAR,3,DARK - LIGHTED,12,MOTOR VEHICLE IN TRANSPORT,HARDING PL & LINBAR DR,NASHVILLE,TN,37211,8705,SOUTH,36.0841,-86.7059,POINT (-86.7059 36.0841)
20190780306,10/25/2019 03:15:00 PM,2,0,0,,N,256394,4,ANGLE,2,RAIN,1,DAYLIGHT,12,MOTOR VEHICLE IN TRANSPORT,JUPITER DR & SATURN DR,NASHVILLE,TN,37217,8823,HERMIT,36.1203,-86.7011,POINT (-86.7011 36.1203)
20190781295,10/26/2019 12:30:00 AM,2,0,0,,Y,330414,4,ANGLE,2,RAIN,3,DARK - LIGHTED,12,MOTOR VEHICLE IN TRANSPORT,US HWY 31E & EMMITT AVE,MADISON,TN,37115,1623,MADISO,36.2533,-86.7168,POINT (-86.7168 36.2533)
20190750357,10/12/2019 10:00:00 PM,2,0,0,,N,256493,2,HEAD-ON,21,CLEAR,2,DARK - NOT LIGHTED,12,MOTOR VEHICLE IN TRANSPORT,LEBANON PKE & LYNMEADE DR,NASHVILLE,TN,37210,9019,HERMIT,36.163,-86.7,POINT (-86.7 36.163)
20190612075,08/16/2019 06:17:00 PM,2,0,0,,Y,299257,4,ANGLE,21,CLEAR,1,DAYLIGHT,12,MOTOR VEHICLE IN TRANSPORT,WEDGEWOOD AV & 12TH AVS,NASHVILLE,TN,37203,6913,MIDTOW,36.1361,-86.7879,POINT (-86.7879 36.1361)
20190828758,11/15/2019 08:02:00 AM,2,0,0,,Y,716886,5,SIDESWIPE - SAME DIRECTION,21,CLEAR,1,DAYLIGHT,12,MOTOR VEHICLE IN TRANSPORT,BELL RD & BLUE HOLE RD,ANTIOCH,TN,37013,8719,SOUTH,36.0458,-86.6744,POINT (-86.6744 36.0458)
20190735912,10/06/2019 04:55:00 PM,2,1,0,,N,579971,11,Front to Rear,2,RAIN,1,DAYLIGHT,12,MOTOR VEHICLE IN TRANSPORT,TIMBERLAKE WAY & BLUE HOLE RD,ANTIOCH,TN,37013,8721,SOUTH,36.0508,-86.6732,POINT (-86.6732 36.0508)
20190706794,09/24/2019 08:30:00 AM,2,0,0,,N,109534,11,Front to Rear,21,CLEAR,1,DAYLIGHT,12,MOTOR VEHICLE IN TRANSPORT,SMITH SPRINGS RD & BELL RD,NASHVILLE,TN,37217,8965,HERMIT,36.0903,-86.6265,POINT (-86.6265 36.0903)
20190626711,08/22/2019 07:45:00 AM,2,0,0,,N,676834,5,SIDESWIPE - SAME DIRECTION,21,CLEAR,1,DAYLIGHT,12,MOTOR VEHICLE IN TRANSPORT,DR D B TODD JR BLVD & JO JOHNSTON AV,NASHVILLE,TN,37203,5357,NORTH,36.16,-86.8015,POINT (-86.8015 36.16)
20190780529,10/25/2019 05:30:00 PM,2,1,0,,Y,320582,5,SIDESWIPE - SAME DIRECTION,2,RAIN,1,DAYLIGHT,12;36,MOTOR VEHICLE IN TRANSPORT;CONCRETE TRAFFIC BARRIER,MM 86 9 I 65,NASHVILLE,TN,37207,3002,NORTH,36.2009,-86.7768,POINT (-86.7768 36.2009)
20190632909,08/24/2019 03:00:00 PM,4,1,0,,N,299267,11,Front to Rear,21,CLEAR,1,DAYLIGHT,12,MOTOR VEHICLE IN TRANSPORT,MM 1 5 I 440,NASHVILLE,TN,37209,5232,WEST,36.1508,-86.8228,POINT (-86.8228 36.1508)
20190750677,10/13/2019 02:05:00 AM,3,1,0,,Y,279216,4,ANGLE,21,CLEAR,3,DARK - LIGHTED,12,MOTOR VEHICLE IN TRANSPORT,MM 46 7 I 24,NASHVILLE,TN,37207,19060,EAST,36.1922,-86.7755,POINT (-86.7755 36.1922)
20190805091,11/05/2019 10:18:00 AM,2,0,0,,Y,191578,11,Front to Rear,22,CLOUDY,1,DAYLIGHT,12,MOTOR VEHICLE IN TRANSPORT,MM 211 5 I 40,NASHVILLE,TN,37210,8204,HERMIT,36.1514,-86.7517,POINT (-86.7517 36.1514)
20190913370,12/22/2019 12:00:00 AM,1,0,0,Y,Y,166477,0,NOT COLLISION W/MOTOR VEHICLE-TRANSPORT,21,CLEAR,2,DARK - NOT LIGHTED,25;63,GUARDRAIL END;Ran Off Road-Right,MM 57 7 I 24,ANTIOCH,TN,37013,88080,SOUTH,36.061,-86.6807,POINT (-86.6807 36.061)