Accident Number,Date and Time,Number of Motor Vehicles,Number of Injuries,Number of Fatalities,Property Damage,Hit and Run,Reporting Officer,Collision Type Code,Collision Type Description,Weather Code,Weather Description,Illumination Code,Illumination Description,Harmful Code,Harmful Code Description,Street Address,City,State,ZIP,RPA,Precinct,Latitude,Longitude,Mapped Location
20190609823,08/15/2019 09:29:00 PM,2,0,0,,N,256412,11,Front to Rear,21,CLEAR,3,DARK - LIGHTED,12,MOTOR VEHICLE IN TRANSPORT,NOLENSVILLE PKE & FLORA MAXWELL RD,NASHVILLE,TN,37211,8701,SOUTH,36.0751,-86.7249,POINT (-86.7249 36.0751)
20190834024,11/17/2019 09:31:00 PM,2,0,0,,N,279200,4,ANGLE,21,CLEAR,3,DARK - LIGHTED,14,PARKED MOTOR VEHICLE,7TH AVS & MCGAVOCK ST,NASHVILLE,TN,37203,4071,CENTRA,36.1584,-86.7803,POINT (-86.7803 36.1584)
20190593851,08/09/2019 05:51:00 PM,2,1,0,,N,256389,11,Front to Rear,21,CLEAR,1,DAYLIGHT,12,MOTOR VEHICLE IN TRANSPORT,NOLENSVILLE PKE & CONCORD RD,ANTIOCH,TN,37013,8767,SOUTH,35.997,-86.6899,POINT (-86.6899 35.997)
20190901134,12/16/2019 10:30:00 PM,1,0,0,Y,N,220884,0,NOT COLLISION W/MOTOR VEHICLE-TRANSPORT,2,RAIN,2,DARK - NOT LIGHTED,40,MAIL BOX,BRUSH HILL RD & TANGLEWOOD CT,MADISON,TN,37115,1517,MADISO,36.2351,-86.715,POINT (-86.715 36.2351)
20190843908,11/21/2019 03:30:00 PM,2,0,0,,N,330440,0,NOT COLLISION W/MOTOR VEHICLE-TRANSPORT,21,CLEAR,1,DAYLIGHT,16,THROWN OR FALLING OBJECT,US HWY 41 ALT & CLARKSVILLE PIKE,NASHVILLE,TN,37208,4425,NORTH,36.1881,-86.8218,POINT (-86.8218 36.1881)
20190742982,10/09/2019 06:56:00 PM,2,0,0,,N,151132,4,ANGLE,21,CLEAR,3,DARK - LIGHTED,12,MOTOR VEHICLE IN TRANSPORT,OLD HICKORY BLVDW & DICKERSON PKE,MADISON,TN,37115,2039,MADISO,36.2692,-86.7556,POINT (-86.7556 36.2692)
20190690592,09/17/2019 02:50:00 PM,3,2,0,,N,352166,11,Front to Rear,21,CLEAR,1,DAYLIGHT,12;54,MOTOR VEHICLE IN TRANSPORT;Set In Motion By Motor Vehicle,MM 49 2 I 24,NASHVILLE,TN,37213,1002,CENTRA,36.1637,-86.7625,POINT (-86.7625 36.1637)
20190659233,09/04/2019 08:17:00 AM,2,0,0,,N,206962,11,Front to Rear,21,CLEAR,1,DAYLIGHT,12,MOTOR VEHICLE IN TRANSPORT,MM 89 6 I 65,NASHVILLE,TN,37207,2002,MADISO,36.2363,-86.7626,POINT (-86.7626 36.2363)
20190843832,11/21/2019 03:20:00 PM,2,0,0,,N,134899,11,Front to Rear,21,CLEAR,1,DAYLIGHT,12,MOTOR VEHICLE IN TRANSPORT,LEBANON PKE & BONNABROOK DR,HERMITAGE,TN,37076,9531,HERMIT,36.1917,-86.6248,POINT (-86.6248 36.1917)
20190745146,10/10/2019 03:50:00 PM,4,0,0,,N,714641,5,SIDESWIPE - SAME DIRECTION,21,CLEAR,1,DAYLIGHT,12,MOTOR VEHICLE IN TRANSPORT,N 1ST ST & SPRING ST,NASHVILLE,TN,37213,1985,CENTRA,36.177,-86.7746,POINT (-86.7746 36.177)
20190672654,09/10/2019 07:47:00 AM,2,0,0,,N,352201,11,Front to Rear,21,CLEAR,1,DAYLIGHT,12,MOTOR VEHICLE IN TRANSPORT,BELL RD & COUCHVILLE PKE,NASHVILLE,TN,37214,8989,HERMIT,36.1121,-86.6303,POINT (-86.6303 36.1121)
20190751739,10/13/2019 05:00:00 PM,2,0,0,,N,352156,5,SIDESWIPE - SAME DIRECTION,21,CLEAR,1,DAYLIGHT,12,MOTOR VEHICLE IN TRANSPORT,MM 55 0 I 24,NASHVILLE,TN,37211,8812,SOUTH,36.0948,-86.7069,POINT (-86.7069 36.0948)
20190876619,12/06/2019 12:00:00 AM,2,0,0,,Y,384448,5,SIDESWIPE - SAME DIRECTION,21,CLEAR,2,DARK - NOT LIGHTED,12,MOTOR VEHICLE IN TRANSPORT,MM 202 1 I 40,NASHVILLE,TN,37209,46027,WEST,36.1409,-86.8863,POINT (-86.8863 36.1409)
20190784111,10/27/2019 04:06:00 PM,2,0,0,,N,320585,11,Front to Rear,21,CLEAR,1,DAYLIGHT,12,MOTOR VEHICLE IN TRANSPORT,MM 210 6 I 40,NASHVILLE,TN,37210,8202,HERMIT,36.1526,-86.7659,POINT (-86.7659 36.1526)
20190759221,10/16/2019 03:35:00 PM,2,2,0,,N,384394,11,Front to Rear,21,CLEAR,1,DAYLIGHT,12,MOTOR VEHICLE IN TRANSPORT,MURFREESBORO PKE & SMITH SPRINGS RD,NASHVILLE,TN,37217,8849,SOUTH,36.0962,-86.6556,POINT (-86.6556 36.0962)
20190852136,11/25/2019 09:53:00 AM,2,0,0,,N,334981,5,SIDESWIPE - SAME DIRECTION,21,CLEAR,1,DAYLIGHT,12,MOTOR VEHICLE IN TRANSPORT,31ST AVS & 31ST AVN,NASHVILLE,TN,37212,5815,MIDTOW,36.1424,-86.8153,POINT (-86.8153 36.1424)
20190683606,09/14/2019 09:25:00 AM,2,1,0,,N,311325,4,ANGLE,21,CLEAR,1,DAYLIGHT,12;36,MOTOR VEHICLE IN TRANSPORT;CONCRETE TRAFFIC BARRIER,MM 218 0 I 40,NASHVILLE,TN,37217,89020,HERMIT,36.1413,-86.667,POINT (-86.667 36.1413)
20190584397,08/06/2019 12:31:00 PM,2,0,0,,N,414731,11,Front to Rear,21,CLEAR,1,DAYLIGHT,12,MOTOR VEHICLE IN TRANSPORT,MURFREESBORO PKE & FRANKLIN LIMESTONE RD,NASHVILLE,TN,37217,8853,SOUTH,36.0944,-86.6534,POINT (-86.6534 36.0944)
20190624954,08/21/2019 04:15:00 PM,2,0,0,,Y,717341,11,Front to Rear,21,CLEAR,1,DAYLIGHT,12,MOTOR VEHICLE IN TRANSPORT,OLD HICKORY BLVD & HICKORY VALLEY CONDOS,ANTIOCH,TN,37013,8757,SOUTH,36.0457,-86.7091,POINT (-86.7091 36.0457)
20190891699,12/12/2019 12:37:00 PM,2,0,0,,N,620072,4,ANGLE,22,CLOUDY,1,DAYLIGHT,12,MOTOR VEHICLE IN TRANSPORT,EDGEHILL AV & 16TH AVS,NASHVILLE,TN,37212,6629,MIDTOW,36.1433,-86.7925,POINT (-86.7925 36.1433)
20190802218,11/04/2019 09:18:00 AM,2,0,0,,N,224464,6,SIDESWIPE - OPPOSITE DIRECTION,21,CLEAR,1,DAYLIGHT,55,Motor Vehicle-In-Motion Outside Trafficw,0 26TH AVN,NASHVILLE,TN,37228,4483,NORTH,36.187,-86.819,POINT (-86.819 36.187)
20190712208,09/26/2019 09:36:00 AM,2,0,0,,N,594473,5,SIDESWIPE - SAME DIRECTION,21,CLEAR,1,DAYLIGHT,12,MOTOR VEHICLE IN TRANSPORT,OLD HICKORY BLVD & HEARTHSTONE MANOR LN,BRENTWOOD,TN,37027,8621,MIDTOW,36.0401,-86.7668,POINT (-86.7668 36.0401)
20190824183,11/13/2019 11:53:00 AM,2,0,0,,N,109534,11,Front to Rear,21,CLEAR,1,DAYLIGHT,12,MOTOR VEHICLE IN TRANSPORT,MURFREESBORO PKE & MARTWAY DR,ANTIOCH,TN,37013,8891,SOUTH,36.0783,-86.643,POINT (-86.643 36.0783)
20190931888,12/31/2019 01:06:00 PM,3,0,0,,N,405447,11,Front to Rear,21,CLEAR,1,DAYLIGHT,12,MOTOR VEHICLE IN TRANSPORT,MM 74 7 I 65,NASHVILLE,TN,37220,71040,MIDTOW,36.0415,-86.7825,POINT (-86.7825 36.0415)
20190678960,09/12/2019 02:50:00 PM,2,1,0,,N,256380,4,ANGLE,21,CLEAR,1,DAYLIGHT,12,MOTOR VEHICLE IN TRANSPORT,W TRINITY LN & BRICK CHURCH PKE,NASHVILLE,TN,37207,3003,NORTH,36.2066,-86.7779,POINT (-86.7779 36.2066)
20190867105,12/02/2019 01:26:00 PM,1,1,0,,N,169421,0,NOT COLLISION W/MOTOR VEHICLE-TRANSPORT,22,CLOUDY,1,DAYLIGHT,1;36,CONCRETE TRAFFIC BARRIER,MM 86 1 I 65,NASHVILLE,TN,37228,44060,NORTH,36.1918,-86.7835,POINT (-86.7835 36.1918)
20190872559,12/04/2019 01:15:00 PM,1,0,0,,N,352198,0,NOT COLLISION W/MOTOR VEHICLE-TRANSPORT,21,CLEAR,1,DAYLIGHT,7,,BRIARVILLE RD & DUE WEST AVE W,MADISON,TN,37115,1791,MADISO,36.2487,-86.7356,POINT (-86.7356 36.2487)
20190686080,09/15/2019 01:35:00 PM,2,1,0,,Y,330440,11,Front to Rear,21,CLEAR,1,DAYLIGHT,14,PARKED MOTOR VEHICLE,CLARKSVILLE PIKE & 26TH AVE N,NASHVILLE,TN,37208,4429,NORTH,36.1864,-86.8188,POINT (-86.8188 36.1864)
20190788664,10/29/2019 12:47:00 PM,2,2,0,,N,594473,2,HEAD-ON,21,CLEAR,1,DAYLIGHT,12;25,MOTOR VEHICLE IN TRANSPORT;GUARDRAIL END,I 440 & I65 ENT RAMP,NASHVILLE,TN,37204,81061,MIDTOW,36.1182,-86.7688,POINT (-86.7688 36.1182)
20190662231,09/05/2019 02:30:00 PM,2,1,0,,N,429188,11,Front to Rear,21,CLEAR,1,DAYLIGHT,12,MOTOR VEHICLE IN TRANSPORT,BELL RD & BLUE HOLE RD,ANTIOCH,TN,37013,8753,SOUTH,36.0458,-86.6744,POINT (-86.6744 36.0458)
20190772873,10/21/2019 06:00:00 PM,2,0,0,,N,352207,11,Front to Rear,21,CLEAR,3,DARK - LIGHTED,12,MOTOR VEHICLE IN TRANSPORT,THOMPSON LN & SIDCO DR,NASHVILLE,TN,37204,8525,MIDTOW,36.1112,-86.7559,POINT (-86.7559 36.1112)
20190676133,09/11/2019 12:53:00 PM,2,1,0,,N,109534,11,Front to Rear,21,CLEAR,1,DAYLIGHT,12,MOTOR VEHICLE IN TRANSPORT,MM 210 7 I 40,NASHVILLE,TN,37210,8202,HERMIT,36.1532,-86.7644,POINT (-86.7644 36.1532)
20190610875,08/16/2019 08:43:00 AM,2,0,0,,Y,140808,5,SIDESWIPE - SAME DIRECTION,21,CLEAR,1,DAYLIGHT,12,MOTOR VEHICLE IN TRANSPORT,HARDING PL & TROUSDALE DR,NASHVILLE,TN,37220,8601,MIDTOW,36.0811,-86.7584,POINT (-86.7584 36.0811)
20190760597,10/17/2019 05:50:00 AM,3,0,0,,Y,330420,11,Front to Rear,21,CLEAR,3,DARK - LIGHTED,12,MOTOR VEHICLE IN TRANSPORT,MM 211 8 I 40,NASHVILLE,TN,37210,90022,HERMIT,36.149,-86.7465,POINT (-86.7465 36.149)
20190822240,11/12/2019 06:23:00 PM,1,0,0,,N,384423,0,NOT COLLISION W/MOTOR VEHICLE-TRANSPORT,21,CLEAR,3,DARK - LIGHTED,34,DITCH,HIGHWAY 100 & WESTHAVEN DR,NASHVILLE,TN,37221,4805,WEST,36.0348,-86.9721,POINT (-86.9721 36.0348)
20190744697,10/10/2019 11:07:00 AM,2,0,0,Y,N,352179,5,SIDESWIPE - SAME DIRECTION,21,CLEAR,1,DAYLIGHT,12,MOTOR VEHICLE IN TRANSPORT,US HWY 31W & OLD DUE WEST AVE,NASHVILLE,TN,37207,2011,MADISO,36.2472,-86.7567,POINT (-86.7567 36.2472)
20190776181,10/23/2019 06:30:00 PM,2,0,0,,Y,717341,11,Front to Rear,21,CLEAR,5,DUSK,12,MOTOR VEHICLE IN TRANSPORT,MM 56 9 I 24,NASHVILLE,TN,37211,8810,SOUTH,36.0705,-86.6903,POINT (-86.6903 36.0705)
20190837462,11/19/2019 06:18:00 AM,2,0,0,,Y,462474,11,Front to Rear,22,CLOUDY,4,DAWN,12,MOTOR VEHICLE IN TRANSPORT,SIDCO DR & CSX DR,NASHVILLE,TN,37204,8531,MIDTOW,36.0836,-86.7616,POINT (-86.7616 36.0836)
20190742319,10/09/2019 01:00:00 PM,2,0,0,,N,352174,11,Front to Rear,21,CLEAR,1,DAYLIGHT,12,MOTOR VEHICLE IN TRANSPORT,8TH AVS & HAMILTON AV,NASHVILLE,TN,37203,6941,MIDTOW,36.139,-86.7784,POINT (-86.7784 36.139)
20190908698,12/19/2019 07:22:00 PM,2,0,0,,N,384407,4,ANGLE,21,CLEAR,2,DARK - NOT LIGHTED,12,MOTOR VEHICLE IN TRANSPORT,OLD HICKORY BLVD & BELLEVUE RD,NASHVILLE,TN,37221,4819,WEST,36.0631,-86.9169,POINT (-86.9169 36.0631)
20190603655,08/13/2019 03:42:00 PM,1,0,0,,N,725756,0,NOT COLLISION W/MOTOR VEHICLE-TRANSPORT,2,RAIN,1,DAYLIGHT,36,CONCRETE TRAFFIC BARRIER,MM 205 2 I 40,NASHVILLE,TN,37209,52027,WEST,36.154,-86.835,POINT (-86.835 36.154)
20190714353,09/27/2019 06:15:00 AM,2,0,0,,Y,429188,11,Front to Rear,21,CLEAR,4,DAWN,12,MOTOR VEHICLE IN TRANSPORT,NOLENSVILLE PKE & BASS AV,NASHVILLE,TN,37211,8701,SOUTH,36.0709,-86.7231,POINT (-86.7231 36.0709)
20190709090,09/25/2019 05:55:00 AM,2,0,0,,N,226054,4,ANGLE,21,CLEAR,5,DUSK,12,MOTOR VEHICLE IN TRANSPORT,TEMPLE RD & HIGHWAY 100,NASHVILLE,TN,37221,4819,WEST,36.0458,-86.9506,POINT (-86.9506 36.0458)
20190619283,08/19/2019 06:12:00 PM,1,1,0,,N,429193,0,NOT COLLISION W/MOTOR VEHICLE-TRANSPORT,21,CLEAR,1,DAYLIGHT,1;63;64;68,Ran Off Road-Right;Ran Off Road-Left;Cross Center Line,RIVER ROAD PKE & INDIAN CREEK RD,NASHVILLE,TN,37209,4707,WEST,36.1387,-86.9512,POINT (-86.9512 36.1387)
20190785444,10/28/2019 07:57:00 AM,2,0,0,,N,755026,11,Front to Rear,21,CLEAR,1,DAYLIGHT,12,MOTOR VEHICLE IN TRANSPORT,NOLENSVILLE PKE & PARAGON MILLS RD,NASHVILLE,TN,37211,8421,SOUTH,36.0848,-86.7281,POINT (-86.7281 36.0848)
20190812931,11/08/2019 01:45:00 PM,2,0,0,,Y,676834,11,Front to Rear,21,CLEAR,1,DAYLIGHT,12,MOTOR VEHICLE IN TRANSPORT,MM 86 5 I 65,NASHVILLE,TN,37207,3006,NORTH,36.1946,-86.7762,POINT (-86.7762 36.1946)
20190731621,10/04/2019 02:10:00 PM,2,0,0,,N,109534,5,SIDESWIPE - SAME DIRECTION,21,CLEAR,1,DAYLIGHT,12,MOTOR VEHICLE IN TRANSPORT,MM 213 5 I 40,NASHVILLE,TN,37210,90062,HERMIT,36.1406,-86.7215,POINT (-86.7215 36.1406)
20190735643,10/06/2019 01:02:00 PM,2,0,0,,Y,140790,6,SIDESWIPE - OPPOSITE DIRECTION,22,CLOUDY,1,DAYLIGHT,14;55,PARKED MOTOR VEHICLE;Motor Vehicle-In-Motion Outside Trafficw,110 LINCOYA BAY DR,NASHVILLE,TN,37214,8957,HERMIT,36.1452,-86.6242,POINT (-86.6242 36.1452)
20190801450,11/04/2019 01:46:00 AM,2,0,0,,N,352205,11,Front to Rear,21,CLEAR,3,DARK - LIGHTED,12,MOTOR VEHICLE IN TRANSPORT,US HWY 41 & RANSOM PL,NASHVILLE,TN,37217,8935,HERMIT,36.0886,-86.6497,POINT (-86.6497 36.0886)
20190772163,10/22/2019 08:50:00 AM,2,0,0,,N,676834,5,SIDESWIPE - SAME DIRECTION,21,CLEAR,1,DAYLIGHT,12,MOTOR VEHICLE IN TRANSPORT,MM 87 9 I 65,NASHVILLE,TN,37207,30041,NORTH,36.2151,-86.7754,POINT (-86.7754 36.2151)
20190797955,11/02/2019 12:00:00 AM,1,1,0,,N,278580,0,NOT COLLISION W/MOTOR VEHICLE-TRANSPORT,21,CLEAR,1,DAYLIGHT,33;63,CURB;Ran Off Road-Right,BUENA VISTA PKE & W TRINITY LN,NASHVILLE,TN,37218,3101,NORTH,36.2025,-86.8205,POINT (-86.8205 36.2025)
20190770238,10/21/2019 12:39:00 PM,2,0,0,,N,140808,4,ANGLE,2,RAIN,1,DAYLIGHT,12,MOTOR VEHICLE IN TRANSPORT,FRANKLIN PKE & OLD HICKORY BLVD,NASHVILLE,TN,37220,7111,MIDTOW,36.0377,-86.7865,POINT (-86.7865 36.0377)
20190640621,08/27/2019 08:12:00 PM,2,0,0,,N,212369,4,ANGLE,21,CLEAR,3,DARK - LIGHTED,12,MOTOR VEHICLE IN TRANSPORT,HARDING PL & DANBY DR,NASHVILLE,TN,37211,8607,MIDTOW,36.0786,-86.7452,POINT (-86.7452 36.0786)
20190735963,10/06/2019 05:33:00 PM,2,0,0,,N,197068,4,ANGLE,2,RAIN,5,DUSK,12,MOTOR VEHICLE IN TRANSPORT,RUSSELL ST & S 2ND ST,NASHVILLE,TN,37213,1133,CENTRA,36.1684,-86.7704,POINT (-86.7704 36.1684)
20190847584,11/23/2019 01:44:00 AM,2,0,0,,N,187882,16,Rear to Side,2,RAIN,2,DARK - NOT LIGHTED,13,MOTOR VEHICLE IN TRANSPORT-OTHER ROADWAY,CHASE ST & EMERSON ST,NASHVILLE,TN,37216,1431,EAST,36.1968,-86.7344,POINT (-86.7344 36.1968)
20190679113,09/10/2019 12:00:00 AM,1,0,0,Y,Y,197070,0,NOT COLLISION W/MOTOR VEHICLE-TRANSPORT,21,CLEAR,1,DAYLIGHT,38,FENCE,CLINTON ST & 12TH AVN,NASHVILLE,TN,37203,5423,NORTH,36.1645,-86.7957,POINT (-86.7957 36.1645)
20190593217,08/09/2019 12:38:00 PM,2,0,0,,N,633390,5,SIDESWIPE - SAME DIRECTION,22,CLOUDY,1,DAYLIGHT,12,MOTOR VEHICLE IN TRANSPORT,MM 86 7 I 65,NASHVILLE,TN,37207,3002,NORTH,36.1972,-86.7762,POINT (-86.7762 36.1972)
20190905893,12/18/2019 05:27:00 PM,3,1,0,,N,279211,11,Front to Rear,22,CLOUDY,3,DARK - LIGHTED,12,MOTOR VEHICLE IN TRANSPORT,I65 S EXT RAMP & I 65,MADISON,TN,37115,20044,MADISO,36.2481,-86.743,POINT (-86.743 36.2481)
20190644540,08/29/2019 09:35:00 AM,3,3,0,,N,226134,11,Front to Rear,21,CLEAR,1,DAYLIGHT,12,MOTOR VEHICLE IN TRANSPORT,MURFREESBORO PKE & ARLINGTON AV,NASHVILLE,TN,37210,8159,SOUTH,36.1399,-86.7354,POINT (-86.7354 36.1399)
20190626927,08/22/2019 09:10:00 AM,2,0,0,,N,665896,4,ANGLE,21,CLEAR,1,DAYLIGHT,12,MOTOR VEHICLE IN TRANSPORT,E TRINITY LN & AMBROSE AV,NASHVILLE,TN,37207,1853,EAST,36.2046,-86.7484,POINT (-86.7484 36.2046)
20190807480,11/06/2019 08:50:00 AM,1,1,0,,N,876581,0,NOT COLLISION W/MOTOR VEHICLE-TRANSPORT,21,CLEAR,1,DAYLIGHT,34,DITCH,BRICK CHURCH PKE & BELL GRIMES LN,NASHVILLE,TN,37207,2025,MADISO,36.2721,-86.7754,POINT (-86.7754 36.2721)
20190915621,12/23/2019 07:55:00 AM,2,0,0,,N,337277,11,Front to Rear,21,CLEAR,1,DAYLIGHT,12,MOTOR VEHICLE IN TRANSPORT,MURPHY AV & 21ST AVN,NASHVILLE,TN,37203,5607,MIDTOW,36.1551,-86.8054,POINT (-86.8054 36.1551)
20190609400,08/15/2019 05:45:00 PM,2,0,0,,Y,299253,11,Front to Rear,21,CLEAR,1,DAYLIGHT,12,MOTOR VEHICLE IN TRANSPORT,W TRINITY LN & LUCAS LN,NASHVILLE,TN,37207,1829,EAST,36.2062,-86.7723,POINT (-86.7723 36.2062)
20190684532,09/14/2019 08:05:00 PM,2,4,0,,N,320577,11,Front to Rear,21,CLEAR,1,DAYLIGHT,12,MOTOR VEHICLE IN TRANSPORT,WOODMONT BLVD & BELMONT BLVD,NASHVILLE,TN,37215,6415,MIDTOW,36.113,-86.7998,POINT (-86.7998 36.113)
20190609426,08/15/2019 06:06:00 PM,2,0,0,,N,256444,4,ANGLE,21,CLEAR,1,DAYLIGHT,12,MOTOR VEHICLE IN TRANSPORT,JUAREZ DR & OLD HICKORY BLVD,HERMITAGE,TN,37076,9531,HERMIT,36.1983,-86.6201,POINT (-86.6201 36.1983)
20190645176,08/29/2019 02:49:00 PM,2,0,0,,N,330444,4,ANGLE,21,CLEAR,1,DAYLIGHT,12,MOTOR VEHICLE IN TRANSPORT,WEST END AV & 29TH AVN,NASHVILLE,TN,37212,5815,MIDTOW,36.1444,-86.8134,POINT (-86.8134 36.1444)
20190636678,08/26/2019 07:27:00 AM,4,1,0,,N,584947,11,Front to Rear,2,RAIN,1,DAYLIGHT,12,MOTOR VEHICLE IN TRANSPORT,MM 74 5 I 65,NASHVILLE,TN,37220,71040,MIDTOW,36.0503,-86.7756,POINT (-86.7756 36.0503)
20190663451,09/06/2019 01:15:00 AM,1,1,0,,N,352162,0,NOT COLLISION W/MOTOR VEHICLE-TRANSPORT,21,CLEAR,3,DARK - LIGHTED,8,PEDESTRIAN,BROADWAY & 11TH AVN,NASHVILLE,TN,37203,4077,CENTRA,36.1574,-86.7856,POINT (-86.7856 36.1574)
20190644464,08/29/2019 08:18:00 AM,2,0,0,,N,834798,11,Front to Rear,21,CLEAR,1,DAYLIGHT,12,MOTOR VEHICLE IN TRANSPORT,FRANKLIN PKE & CALDWELL LN,NASHVILLE,TN,37204,7011,MIDTOW,36.1059,-86.7728,POINT (-86.7728 36.1059)
20190867833,12/02/2019 07:50:00 PM,2,0,0,,N,384424,11,Front to Rear,21,CLEAR,3,DARK - LIGHTED,12,MOTOR VEHICLE IN TRANSPORT,I40 E EXT RAMP & I 40,NASHVILLE,TN,37214,8955,HERMIT,36.155,-86.6271,POINT (-86.6271 36.155)
20190877493,12/10/2019 11:10:00 AM,1,0,0,,N,262766,0,NOT COLLISION W/MOTOR VEHICLE-TRANSPORT,21,CLEAR,1,DAYLIGHT,24,GUARDRAIL FACE,I 440 & UNKNOWN RAMP,NASHVILLE,TN,37210,83043,SOUTH,36.1257,-86.7314,POINT (-86.7314 36.1257)
20190910829,12/20/2019 04:45:00 PM,2,0,0,,N,352169,4,ANGLE,21,CLEAR,1,DAYLIGHT,12,MOTOR VEHICLE IN TRANSPORT,E OLD HICKORY BLVD & MYATT DR,MADISON,TN,37115,1629,MADISO,36.2631,-86.6905,POINT (-86.6905 36.2631)
20190624126,08/21/2019 09:40:00 AM,2,0,0,,N,223502,11,Front to Rear,21,CLEAR,1,DAYLIGHT,12,MOTOR VEHICLE IN TRANSPORT,SOUTHLAKE DR & ANTIOCH PKE,NASHVILLE,TN,37211,8401,SOUTH,36.1013,-86.7306,POINT (-86.7306 36.1013)
20190827213,11/14/2019 05:05:00 PM,2,0,0,,N,320580,11,Front to Rear,21,CLEAR,3,DARK - LIGHTED,12,MOTOR VEHICLE IN TRANSPORT,LAFAYETTE ST & CHARLES E DAVIS BLVD,NASHVILLE,TN,37210,8147,SOUTH,36.1488,-86.7625,POINT (-86.7625 36.1488)
20190912472,12/21/2019 01:54:00 PM,2,0,0,,N,299238,4,ANGLE,22,CLOUDY,1,DAYLIGHT,12,MOTOR VEHICLE IN TRANSPORT,GREENFIELD AV & GALLATIN PKE,NASHVILLE,TN,37216,1439,EAST,36.2109,-86.7331,POINT (-86.7331 36.2109)
20190797415,11/02/2019 12:00:00 AM,2,0,0,,Y,352209,9,UNKNOWN,21,CLEAR,9,UNKNOWN,14,PARKED MOTOR VEHICLE,3RD AVN & CHURCH ST,NASHVILLE,TN,37201,4131,CENTRA,36.164,-86.7776,POINT (-86.7776 36.164)
20190627222,08/22/2019 11:48:00 AM,2,0,0,,N,876573,4,ANGLE,21,CLEAR,1,DAYLIGHT,12,MOTOR VEHICLE IN TRANSPORT,FIRESTONE PKWY & OLD HICKORY BLVD,ANTIOCH,TN,37013,8869,SOUTH,36.0168,-86.6199,POINT (-86.6199 36.0168)
20190747926,10/11/2019 06:31:00 PM,3,0,0,,N,352168,11,Front to Rear,2,RAIN,2,DARK - NOT LIGHTED,12,MOTOR VEHICLE IN TRANSPORT,HARDING PL & SIDCO DR,NASHVILLE,TN,37220,8601,MIDTOW,36.0819,-86.7612,POINT (-86.7612 36.0819)
20190786618,10/28/2019 05:49:00 PM,2,0,0,,N,580819,5,SIDESWIPE - SAME DIRECTION,22,CLOUDY,5,DUSK,12,MOTOR VEHICLE IN TRANSPORT,BROADWAY & 8TH AVS,NASHVILLE,TN,37203,4083,CENTRA,36.1589,-86.7821,POINT (-86.7821 36.1589)
20190645264,08/29/2019 04:34:00 PM,2,0,0,,N,134903,11,Front to Rear,21,CLEAR,1,DAYLIGHT,12,MOTOR VEHICLE IN TRANSPORT,MM 211 5 I 40,NASHVILLE,TN,37210,8204,HERMIT,36.1514,-86.7517,POINT (-86.7517 36.1514)
20190841342,11/20/2019 03:23:00 PM,2,0,0,,N,405418,98,OTHER,21,CLEAR,1,DAYLIGHT,14,PARKED MOTOR VEHICLE,HILL RD & HILL ROAD CIR,NASHVILLE,TN,37220,8615,MIDTOW,36.0476,-86.7524,POINT (-86.7524 36.0476)
20190793116,10/31/2019 07:03:00 AM,3,0,0,,N,419997,11,Front to Rear,2,RAIN,1,DAYLIGHT,12,MOTOR VEHICLE IN TRANSPORT,EXIT 206 & I 40,NASHVILLE,TN,37209,52280,WEST,36.1558,-86.8239,POINT (-86.8239 36.1558)
20190728254,10/03/2019 06:22:00 AM,2,0,0,,Y,716886,11,Front to Rear,21,CLEAR,1,DAYLIGHT,12,MOTOR VEHICLE IN TRANSPORT,I24 E ENT RAMP & I 24,NASHVILLE,TN,37213,1007,CENTRA,36.1662,-86.7659,POINT (-86.7659 36.1662)
20190587796,08/07/2019 05:32:00 PM,2,0,0,,N,151132,16,Rear to Side,21,CLEAR,1,DAYLIGHT,14,PARKED MOTOR VEHICLE,PEGGY ST & LINDA LN,MADISON,TN,37115,1773,MADISO,36.2612,-86.7172,POINT (-86.7172 36.2612)
20190736712,10/07/2019 04:35:00 AM,1,0,0,Y,N,256382,0,NOT COLLISION W/MOTOR VEHICLE-TRANSPORT,2,RAIN,3,DARK - LIGHTED,25,GUARDRAIL END,MM 213 0 I 40,NASHVILLE,TN,37210,8219,HERMIT,36.1407,-86.7323,POINT (-86.7323 36.1407)
20190706515,09/24/2019 06:05:00 AM,2,0,0,,N,226175,4,ANGLE,21,CLEAR,4,DAWN,12,MOTOR VEHICLE IN TRANSPORT,RAMP & I 40,NASHVILLE,TN,37210,8201,HERMIT,36.1513,-86.7684,POINT (-86.7684 36.1513)
20190884714,12/09/2019 09:54:00 PM,1,0,0,,N,212344,0,NOT COLLISION W/MOTOR VEHICLE-TRANSPORT,21,CLEAR,3,DARK - LIGHTED,32,CULVERT,I24 W EXT RAMP & I 24,NASHVILLE,TN,37211,8829,SOUTH,36.1074,-86.7197,POINT (-86.7197 36.1074)
20190667473,09/07/2019 08:42:00 PM,2,0,0,,N,179606,11,Front to Rear,21,CLEAR,3,DARK - LIGHTED,12,MOTOR VEHICLE IN TRANSPORT,WEDGEWOOD AV & I65 N ENT RAMP,NASHVILLE,TN,37204,8027,MIDTOW,36.1343,-86.7747,POINT (-86.7747 36.1343)
20190770514,10/21/2019 12:00:00 AM,2,1,0,,Y,311333,11,Front to Rear,2,RAIN,1,DAYLIGHT,12,MOTOR VEHICLE IN TRANSPORT,OLD HICKORY BLVD & PETTUS RD,ANTIOCH,TN,37013,8767,SOUTH,36.0109,-86.6654,POINT (-86.6654 36.0109)