Accident Number,Date and Time,Number of Motor Vehicles,Number of Injuries,Number of Fatalities,Property Damage,Hit and Run,Reporting Officer,Collision Type Code,Collision Type Description,Weather Code,Weather Description,Illumination Code,Illumination Description,Harmful Code,Harmful Code Description,Street Address,City,State,ZIP,RPA,Precinct,Latitude,Longitude,Mapped Location
20190676993,09/11/2019 07:30:00 PM,2,0,0,,Y,279224,5,SIDESWIPE - SAME DIRECTION,21,CLEAR,3,DARK - LIGHTED,12,MOTOR VEHICLE IN TRANSPORT,MM 207 7 I 40,NASHVILLE,TN,37208,54021,NORTH,36.1729,-86.8012,POINT (-86.8012 36.1729)
20190737137,10/07/2019 12:00:00 AM,1,0,0,Y,Y,161952,0,NOT COLLISION W/MOTOR VEHICLE-TRANSPORT,99,UNKNOWN,9,UNKNOWN,33;38;64,CURB;FENCE;Ran Off Road-Left,4729 ASHLAND CITY HWY,NASHVILLE,TN,37218,3235,NORTH,36.2118,-86.8949,POINT (-86.8949 36.2118)
20190810410,11/07/2019 12:20:00 PM,1,1,0,,N,311325,0,NOT COLLISION W/MOTOR VEHICLE-TRANSPORT,2,RAIN,1,DAYLIGHT,24,GUARDRAIL FACE,MM 213 0 I 40,NASHVILLE,TN,37210,8219,HERMIT,36.1407,-86.7323,POINT (-86.7323 36.1407)
20190867712,12/02/2019 06:59:00 PM,2,0,0,,N,298877,4,ANGLE,21,CLEAR,3,DARK - LIGHTED,12,MOTOR VEHICLE IN TRANSPORT,PARAGON MILLS RD & DONNA KAY DR,NASHVILLE,TN,37211,8443,SOUTH,36.0871,-86.708,POINT (-86.708 36.0871)
20190625180,08/21/2019 06:09:00 PM,2,1,0,,N,256389,11,Front to Rear,21,CLEAR,1,DAYLIGHT,12,MOTOR VEHICLE IN TRANSPORT,14TH AVS & MCGAVOCK ST,NASHVILLE,TN,37203,5701,MIDTOW,36.1541,-86.7887,POINT (-86.7887 36.1541)
20190789315,10/29/2019 04:45:00 PM,2,0,0,,N,352177,11,Front to Rear,21,CLEAR,1,DAYLIGHT,12,MOTOR VEHICLE IN TRANSPORT,WOODMONT BLVD & ECHO HILL RD,NASHVILLE,TN,37215,6105,WEST,36.1149,-86.8206,POINT (-86.8206 36.1149)
20190809608,11/07/2019 04:47:00 AM,3,0,0,,N,320584,11,Front to Rear,21,CLEAR,3,DARK - LIGHTED,12,MOTOR VEHICLE IN TRANSPORT,ANTIOCH PKE & HARDING PL,NASHVILLE,TN,37211,8847,SOUTH,36.0874,-86.6922,POINT (-86.6922 36.0874)
20190857555,11/27/2019 01:30:00 PM,2,0,0,,N,384450,11,Front to Rear,21,CLEAR,1,DAYLIGHT,12,MOTOR VEHICLE IN TRANSPORT,MM 49 2 I 24,NASHVILLE,TN,37213,1002,CENTRA,36.1637,-86.7625,POINT (-86.7625 36.1637)
20190826045,11/14/2019 06:47:00 AM,2,0,0,,N,191578,11,Front to Rear,21,CLEAR,1,DAYLIGHT,12,MOTOR VEHICLE IN TRANSPORT,MM 214 0 I 40,NASHVILLE,TN,37217,88020,HERMIT,36.1417,-86.7137,POINT (-86.7137 36.1417)
20190592837,08/09/2019 10:45:00 AM,2,1,0,,N,225773,4,ANGLE,21,CLEAR,1,DAYLIGHT,12,MOTOR VEHICLE IN TRANSPORT,FORT NEGLEY BLVD & CHESTNUT ST,NASHVILLE,TN,37203,8007,MIDTOW,36.1421,-86.7758,POINT (-86.7758 36.1421)
20190871695,12/04/2019 06:42:00 AM,1,0,0,,N,306231,0,NOT COLLISION W/MOTOR VEHICLE-TRANSPORT,21,CLEAR,1,DAYLIGHT,34,DITCH,GREEN LN & CELERITY PL,WHITES CREEK,TN,37189,3223,NORTH,36.2369,-86.8108,POINT (-86.8108 36.2369)
20190768462,10/20/2019 05:35:00 PM,2,0,0,,Y,298874,4,ANGLE,21,CLEAR,1,DAYLIGHT,12;14,MOTOR VEHICLE IN TRANSPORT;PARKED MOTOR VEHICLE,PETWAY AV & GALLATIN AV,NASHVILLE,TN,37206,1319,EAST,36.1866,-86.7471,POINT (-86.7471 36.1866)
20190594692,08/10/2019 12:30:00 AM,2,0,0,,Y,110090,11,Front to Rear,21,CLEAR,3,DARK - LIGHTED,12,MOTOR VEHICLE IN TRANSPORT,MM 61 8 I 24,ANTIOCH,TN,37013,8806,SOUTH,36.0231,-86.6301,POINT (-86.6301 36.0231)
20190880056,12/07/2019 04:47:00 PM,3,1,0,,N,311332,2,HEAD-ON,21,CLEAR,5,DUSK,12,MOTOR VEHICLE IN TRANSPORT,RIVER RD & CHARLOTTE PKE,NASHVILLE,TN,37209,4701,WEST,36.1286,-86.9066,POINT (-86.9066 36.1286)
20190793072,10/31/2019 05:52:00 AM,1,0,0,,N,299261,0,NOT COLLISION W/MOTOR VEHICLE-TRANSPORT,2,RAIN,3,DARK - LIGHTED,18,OTHER OBJECT (NOT FIXED),GRANNY WHITE PKE & DUNCANWOOD DR,NASHVILLE,TN,37204,7021,MIDTOW,36.0991,-86.8009,POINT (-86.8009 36.0991)
20190835256,11/18/2019 09:28:00 AM,2,0,0,,Y,109495,5,SIDESWIPE - SAME DIRECTION,21,CLEAR,1,DAYLIGHT,12,MOTOR VEHICLE IN TRANSPORT,MM 51 0 I 24,NASHVILLE,TN,37210,81020,SOUTH,36.1319,-86.7272,POINT (-86.7272 36.1319)
20190748256,10/11/2019 08:30:00 PM,2,0,0,,Y,352204,11,Front to Rear,2,RAIN,3,DARK - LIGHTED,12,MOTOR VEHICLE IN TRANSPORT,CHARLOTTE PKE & CABOT DR,NASHVILLE,TN,37209,4677,WEST,36.2336,-86.7283,POINT (-86.7283 36.2336)
20190919532,12/25/2019 12:00:00 AM,1,0,0,Y,Y,256377,0,NOT COLLISION W/MOTOR VEHICLE-TRANSPORT,21,CLEAR,3,DARK - LIGHTED,30;63,UTILITY POLE;Ran Off Road-Right,600 MILLWOOD DR,NASHVILLE,TN,37217,8815,HERMIT,36.1301,-86.7142,POINT (-86.7142 36.1301)
20190584220,08/06/2019 11:41:00 AM,2,0,0,,N,191578,4,ANGLE,21,CLEAR,1,DAYLIGHT,12,MOTOR VEHICLE IN TRANSPORT,2ND AVS & I40 W EXT RAMP,NASHVILLE,TN,37210,4003,CENTRA,36.1518,-86.7686,POINT (-86.7686 36.1518)
20190598349,08/11/2019 04:31:00 PM,2,0,0,,N,109536,11,Front to Rear,21,CLEAR,1,DAYLIGHT,12,MOTOR VEHICLE IN TRANSPORT,OLD HICKORY BLVDW & DICKERSON PKE,MADISON,TN,37115,2039,MADISO,36.2692,-86.7556,POINT (-86.7556 36.2692)
20190925632,12/28/2019 12:00:00 AM,2,0,0,,Y,212345,4,ANGLE,21,CLEAR,3,DARK - LIGHTED,12,MOTOR VEHICLE IN TRANSPORT,MAIN ST & N 7TH ST,NASHVILLE,TN,37206,1117,EAST,36.1745,-86.7609,POINT (-86.7609 36.1745)
20190852974,11/25/2019 05:23:00 PM,2,0,0,,N,151132,11,Front to Rear,21,CLEAR,3,DARK - LIGHTED,12,MOTOR VEHICLE IN TRANSPORT,MM 93 2 I 65,MADISON,TN,37115,17062,MADISO,36.2787,-86.7343,POINT (-86.7343 36.2787)
20190581892,08/05/2019 02:25:00 PM,2,0,0,,N,256446,4,ANGLE,21,CLEAR,1,DAYLIGHT,12,MOTOR VEHICLE IN TRANSPORT,CROSSINGS BLVD & MT VIEW RD,ANTIOCH,TN,37013,8863,SOUTH,36.0455,-86.6473,POINT (-86.6473 36.0455)
20190630602,08/23/2019 01:54:00 PM,2,0,0,,Y,256383,4,ANGLE,21,CLEAR,1,DAYLIGHT,12,MOTOR VEHICLE IN TRANSPORT,1ST AVS & CRENSHAW ST,NASHVILLE,TN,37210,8149,SOUTH,36.1496,-86.7655,POINT (-86.7655 36.1496)
20190759434,10/16/2019 05:29:00 PM,2,1,0,,N,311337,4,ANGLE,21,CLEAR,1,DAYLIGHT,12,MOTOR VEHICLE IN TRANSPORT,ELM HILL PKE & POPLAR ST,NASHVILLE,TN,37210,9015,HERMIT,36.1438,-86.7276,POINT (-86.7276 36.1438)
20190717322,09/28/2019 12:47:00 PM,2,1,0,,Y,256502,11,Front to Rear,21,CLEAR,1,DAYLIGHT,12,MOTOR VEHICLE IN TRANSPORT,7TH AVN & JEFFERSON ST,NASHVILLE,TN,37208,4237,CENTRA,36.1736,-86.7901,POINT (-86.7901 36.1736)
20190914194,12/22/2019 12:00:00 AM,2,0,0,,N,384448,11,Front to Rear,2,RAIN,1,DAYLIGHT,12,MOTOR VEHICLE IN TRANSPORT,BELL RD & BLUE HOLE RD,ANTIOCH,TN,37013,8719,SOUTH,36.0458,-86.6744,POINT (-86.6744 36.0458)
20190855610,11/26/2019 05:50:00 PM,2,0,0,,N,384439,11,Front to Rear,2,RAIN,2,DARK - NOT LIGHTED,12,MOTOR VEHICLE IN TRANSPORT,GALLATIN PKE & LITTON AV,NASHVILLE,TN,37216,1415,EAST,36.2027,-86.739,POINT (-86.739 36.2027)
20190770248,10/21/2019 01:00:00 PM,1,0,0,,N,109495,0,NOT COLLISION W/MOTOR VEHICLE-TRANSPORT,2,RAIN,1,DAYLIGHT,36,CONCRETE TRAFFIC BARRIER,MM 6 3 I 440,NASHVILLE,TN,37211,8106,MIDTOW,36.1231,-86.7512,POINT (-86.7512 36.1231)
20190712373,09/26/2019 03:20:00 AM,1,0,0,,N,268046,0,NOT COLLISION W/MOTOR VEHICLE-TRANSPORT,21,CLEAR,2,DARK - NOT LIGHTED,41,SHRUBBERY,EISENHOWER DR & PARAGON MILLS RD,NASHVILLE,TN,37211,8443,SOUTH,36.0864,-86.7017,POINT (-86.7017 36.0864)
20190830111,11/15/2019 12:00:00 AM,2,0,0,,N,256427,5,SIDESWIPE - SAME DIRECTION,21,CLEAR,3,DARK - LIGHTED,12,MOTOR VEHICLE IN TRANSPORT,MM 211 7 I 40,NASHVILLE,TN,37210,82042,HERMIT,36.1499,-86.7483,POINT (-86.7483 36.1499)
20190790835,10/30/2019 07:48:00 AM,2,0,0,,N,462474,11,Front to Rear,2,RAIN,1,DAYLIGHT,12,MOTOR VEHICLE IN TRANSPORT,GRANNY WHITE PKE & TYNE BLVD,NASHVILLE,TN,37220,7109,MIDTOW,36.0807,-86.8054,POINT (-86.8054 36.0807)
20190656712,09/03/2019 09:27:00 AM,2,0,0,,Y,493304,4,ANGLE,21,CLEAR,1,DAYLIGHT,12,MOTOR VEHICLE IN TRANSPORT,HARRIS ST & GALLATIN PKES,MADISON,TN,37115,1605,MADISO,36.2584,-86.7135,POINT (-86.7135 36.2584)
20190783561,10/27/2019 09:20:00 AM,2,0,0,,Y,474557,4,ANGLE,2,RAIN,1,DAYLIGHT,12,MOTOR VEHICLE IN TRANSPORT,ANTIOCH PKE & HAYWOOD LN,ANTIOCH,TN,37013,8899,SOUTH,36.0703,-86.6845,POINT (-86.6845 36.0703)
20190882910,12/09/2019 06:49:00 AM,2,1,0,,N,337277,5,SIDESWIPE - SAME DIRECTION,22,CLOUDY,1,DAYLIGHT,12;30,MOTOR VEHICLE IN TRANSPORT;UTILITY POLE,CHURCH ST & 21ST AVN,NASHVILLE,TN,37203,5527,MIDTOW,36.1525,-86.8027,POINT (-86.8027 36.1525)
20190763865,10/18/2019 10:34:00 AM,2,1,0,,N,594473,11,Front to Rear,21,CLEAR,1,DAYLIGHT,12,MOTOR VEHICLE IN TRANSPORT,MM 3 9 I 440,NASHVILLE,TN,37204,7010,MIDTOW,36.1161,-86.7913,POINT (-86.7913 36.1161)
20190721866,09/30/2019 02:02:00 PM,2,0,0,,Y,256389,5,SIDESWIPE - SAME DIRECTION,21,CLEAR,1,DAYLIGHT,12,MOTOR VEHICLE IN TRANSPORT,15544 HIGHLAND VILLA CT,NASHVILLE,TN,37211,8653,MIDTOW,36.0406,-86.7404,POINT (-86.7404 36.0406)
20190922938,12/27/2019 03:25:00 AM,1,0,0,,Y,330422,0,NOT COLLISION W/MOTOR VEHICLE-TRANSPORT,2,RAIN,3,DARK - LIGHTED,31,"OTHER POST, POLE, SUPP.",CLARKSVILLE PKE & BUENA VISTA PKE,NASHVILLE,TN,37218,3135,NORTH,36.1935,-86.8309,POINT (-86.8309 36.1935)
20190695261,09/19/2019 08:15:00 AM,2,1,0,,N,224953,11,Front to Rear,21,CLEAR,1,DAYLIGHT,12,MOTOR VEHICLE IN TRANSPORT,JAMES ROBERTSON PKWY & GAY ST,NASHVILLE,TN,37219,4203,CENTRA,36.192,-86.7173,POINT (-86.7173 36.192)
20190613572,08/17/2019 09:02:00 AM,2,0,0,,N,279230,11,Front to Rear,21,CLEAR,1,DAYLIGHT,12,MOTOR VEHICLE IN TRANSPORT,BELL RD & HICKORY HOLLOW PKWY,ANTIOCH,TN,37013,8863,SOUTH,36.0896,-86.6884,POINT (-86.6884 36.0896)
20190916375,12/23/2019 03:43:00 PM,2,1,0,,N,352192,11,Front to Rear,21,CLEAR,1,DAYLIGHT,12,MOTOR VEHICLE IN TRANSPORT,OLD HICKORY BLVD & HIGHWAY 100,NASHVILLE,TN,37221,6211,WEST,36.0623,-86.9046,POINT (-86.9046 36.0623)
20190589661,08/08/2019 12:00:00 AM,2,0,0,,Y,620072,5,SIDESWIPE - SAME DIRECTION,21,CLEAR,1,DAYLIGHT,12,MOTOR VEHICLE IN TRANSPORT,MM 208 3 I 40,NASHVILLE,TN,37203,54024,NORTH,36.166,-86.7949,POINT (-86.7949 36.166)
20190705555,09/23/2019 08:05:00 PM,2,0,0,,N,151132,4,ANGLE,21,CLEAR,3,DARK - LIGHTED,12,MOTOR VEHICLE IN TRANSPORT,GALLATIN PKES & GALLATIN PKE,MADISON,TN,37115,1517,MADISO,36.2383,-86.724,POINT (-86.724 36.2383)
20190892455,12/12/2019 06:45:00 PM,3,0,0,,N,256394,11,Front to Rear,22,CLOUDY,3,DARK - LIGHTED,12,MOTOR VEHICLE IN TRANSPORT,MM 214 1 I 40,NASHVILLE,TN,37210,90062,HERMIT,36.142,-86.7124,POINT (-86.7124 36.142)
20190641677,08/28/2019 05:30:00 AM,1,0,0,,N,226622,0,NOT COLLISION W/MOTOR VEHICLE-TRANSPORT,22,CLOUDY,1,DAYLIGHT,34;63,DITCH;Ran Off Road-Right,HICKS RD & POST RIDGE APTS PVTDR,NASHVILLE,TN,37221,4815,WEST,36.0861,-86.9351,POINT (-86.9351 36.0861)
20190819015,11/11/2019 11:37:00 AM,2,0,0,,N,109534,4,ANGLE,22,CLOUDY,1,DAYLIGHT,12,MOTOR VEHICLE IN TRANSPORT,HANGAR LN & AIRPORT SERVICE RD,NASHVILLE,TN,37217,8951,HERMIT,36.117,-86.6691,POINT (-86.6691 36.117)
20190789523,10/29/2019 07:16:00 PM,2,2,0,,N,429193,4,ANGLE,21,CLEAR,2,DARK - NOT LIGHTED,12,MOTOR VEHICLE IN TRANSPORT,CHARLOTTE PK & I 40 E ENTRANCE RAMP,NASHVILLE,TN,37205,5007,WEST,36.1317,-86.8958,POINT (-86.8958 36.1317)
20190660469,09/04/2019 07:36:00 PM,2,0,0,,Y,197054,5,SIDESWIPE - SAME DIRECTION,21,CLEAR,1,DAYLIGHT,12,MOTOR VEHICLE IN TRANSPORT,I40 E ENT RAMP & BRILEY PKWY,NASHVILLE,TN,37217,8998,HERMIT,36.1397,-86.7001,POINT (-86.7001 36.1397)
20190731229,10/04/2019 08:42:00 AM,2,0,0,,Y,716886,5,SIDESWIPE - SAME DIRECTION,21,CLEAR,1,DAYLIGHT,14,PARKED MOTOR VEHICLE,SUNNYWOOD DR & CONCORD MILL LN,ANTIOCH,TN,37013,8759,SOUTH,36.0203,-86.7043,POINT (-86.7043 36.0203)
20190632093,08/24/2019 12:00:00 AM,2,0,0,,Y,284059,6,SIDESWIPE - OPPOSITE DIRECTION,21,CLEAR,3,DARK - LIGHTED,12,MOTOR VEHICLE IN TRANSPORT,BRILEY PKWYE & BRILEY PKWYW,NASHVILLE,TN,37207,20120,MADISO,36.2396,-86.7751,POINT (-86.7751 36.2396)
20190663155,09/05/2019 09:34:00 PM,2,0,0,,Y,879558,11,Front to Rear,21,CLEAR,3,DARK - LIGHTED,12,MOTOR VEHICLE IN TRANSPORT,MM 211 9 I 40,NASHVILLE,TN,37210,90022,HERMIT,36.1487,-86.7459,POINT (-86.7459 36.1487)
20190863372,11/30/2019 02:30:00 PM,2,0,0,,N,905011,11,Front to Rear,2,RAIN,1,DAYLIGHT,12,MOTOR VEHICLE IN TRANSPORT,MM 86 8 I 65,NASHVILLE,TN,37207,3002,NORTH,36.1987,-86.7764,POINT (-86.7764 36.1987)
20190889508,12/11/2019 04:58:00 PM,2,1,0,,Y,320599,11,Front to Rear,21,CLEAR,5,DUSK,12,MOTOR VEHICLE IN TRANSPORT,LEBANON PKE & EDDINGS LN,NASHVILLE,TN,37214,9401,HERMIT,36.1672,-86.6619,POINT (-86.6619 36.1672)
20190900203,12/16/2019 12:48:00 PM,1,0,0,,N,420059,0,NOT COLLISION W/MOTOR VEHICLE-TRANSPORT,22,CLOUDY,1,DAYLIGHT,34,DITCH,BLACKMAN RD & BRIARWOOD DR,NASHVILLE,TN,37220,8613,MIDTOW,36.0746,-86.7505,POINT (-86.7505 36.0746)
20190857212,11/27/2019 10:20:00 AM,2,0,0,,Y,420035,4,ANGLE,21,CLEAR,1,DAYLIGHT,12,MOTOR VEHICLE IN TRANSPORT,STATE RT 45 & GALLATIN PKEN,MADISON,TN,37115,1701,MADISO,36.2631,-86.7119,POINT (-86.7119 36.2631)
20190821243,11/12/2019 10:01:00 AM,2,0,0,,N,109534,11,Front to Rear,21,CLEAR,1,DAYLIGHT,12,MOTOR VEHICLE IN TRANSPORT,I24E & I24 E ENT RAMP,NASHVILLE,TN,37210,8102,SOUTH,36.1363,-86.727,POINT (-86.727 36.1363)
20190683956,09/14/2019 02:00:00 PM,2,0,0,,N,311325,4,ANGLE,21,CLEAR,1,DAYLIGHT,12,MOTOR VEHICLE IN TRANSPORT,MM 212 3 I 40,NASHVILLE,TN,37210,8206,HERMIT,36.1447,-86.7399,POINT (-86.7399 36.1447)
20190909903,12/20/2019 07:57:00 AM,2,1,0,Y,N,332253,4,ANGLE,21,CLEAR,1,DAYLIGHT,12;43,MOTOR VEHICLE IN TRANSPORT;OTHER FIXED OBJECTS,BRICK CHURCH PKE & OLD HICKORY BLVD,WHITES CREEK,TN,37189,2015,MADISO,36.2796,-86.7836,POINT (-86.7836 36.2796)
20190708326,08/13/2019 03:44:00 PM,2,1,0,,N,352172,0,NOT COLLISION W/MOTOR VEHICLE-TRANSPORT,2,RAIN,1,DAYLIGHT,12;14;36,MOTOR VEHICLE IN TRANSPORT;PARKED MOTOR VEHICLE;CONCRETE TRAFFIC BARRIER,MM 205 2 I 40,NASHVILLE,TN,37209,52027,WEST,36.154,-86.835,POINT (-86.835 36.154)
20190715021,09/27/2019 01:00:00 PM,2,0,0,,Y,225777,11,Front to Rear,21,CLEAR,1,DAYLIGHT,12,MOTOR VEHICLE IN TRANSPORT,CHARLOTTE PKE & LILLY VALLEY WAY,NASHVILLE,TN,37209,4701,WEST,36.1258,-86.9092,POINT (-86.9092 36.1258)
20190917907,12/24/2019 07:56:00 AM,2,0,0,,N,299249,11,Front to Rear,21,CLEAR,1,DAYLIGHT,14,PARKED MOTOR VEHICLE,LAKE TERRACE & BRANTLEY,NASHVILLE,TN,37217,8929,HERMIT,36.0802,-86.6133,POINT (-86.6133 36.0802)
20190821199,11/12/2019 08:00:00 AM,2,0,0,,N,483529,11,Front to Rear,28,BLOWING SNOW,1,DAYLIGHT,12,MOTOR VEHICLE IN TRANSPORT,SPRING ST & N 1ST ST,NASHVILLE,TN,37207,1955,CENTRA,36.177,-86.7746,POINT (-86.7746 36.177)
20190590725,08/08/2019 05:37:00 PM,2,0,0,,N,580819,11,Front to Rear,21,CLEAR,1,DAYLIGHT,12,MOTOR VEHICLE IN TRANSPORT,DIVISION ST & MAGAZINE ST,NASHVILLE,TN,37203,4019,CENTRA,36.151,-86.7831,POINT (-86.7831 36.151)
20190884381,12/09/2019 06:44:00 PM,2,1,0,,N,352178,4,ANGLE,21,CLEAR,3,DARK - LIGHTED,12,MOTOR VEHICLE IN TRANSPORT,JEFFERSON ST & 3RD AVE N,NASHVILLE,TN,37208,4311,CENTRA,36.1751,-86.7847,POINT (-86.7847 36.1751)
20190726228,10/02/2019 11:22:00 AM,2,0,0,,N,716886,5,SIDESWIPE - SAME DIRECTION,21,CLEAR,1,DAYLIGHT,12,MOTOR VEHICLE IN TRANSPORT,MM 60 0 I 24,ANTIOCH,TN,37013,88060,SOUTH,36.0403,-86.6502,POINT (-86.6502 36.0403)
20190768561,10/20/2019 07:29:00 PM,1,0,0,,N,192871,0,NOT COLLISION W/MOTOR VEHICLE-TRANSPORT,21,CLEAR,2,DARK - NOT LIGHTED,50,DEER (ANIMAL),OLD HICKORY BLVDW & DICKERSON PKE,MADISON,TN,37115,2039,MADISO,36.2692,-86.7556,POINT (-86.7556 36.2692)
20190663212,09/05/2019 09:40:00 PM,1,0,0,,N,352204,0,NOT COLLISION W/MOTOR VEHICLE-TRANSPORT,21,CLEAR,3,DARK - LIGHTED,18,OTHER OBJECT (NOT FIXED),MM 198 0 I 40,NASHVILLE,TN,37221,4706,WEST,36.0975,-86.9364,POINT (-86.9364 36.0975)
20190697688,09/20/2019 06:55:00 AM,2,0,0,,N,628640,4,ANGLE,22,CLOUDY,1,DAYLIGHT,12,MOTOR VEHICLE IN TRANSPORT,ANTIOCH PKE & HARDING PL,NASHVILLE,TN,37211,8847,SOUTH,36.0874,-86.6922,POINT (-86.6922 36.0874)
20190596587,08/10/2019 08:46:00 PM,1,0,0,,Y,279225,0,NOT COLLISION W/MOTOR VEHICLE-TRANSPORT,21,CLEAR,2,DARK - NOT LIGHTED,34,DITCH,MCGAVOCK PKE & GRAYLYNN DR,NASHVILLE,TN,37214,9123,HERMIT,36.1589,-86.6812,POINT (-86.6812 36.1589)
20190907802,12/19/2019 11:55:00 AM,2,0,0,,N,191578,11,Front to Rear,21,CLEAR,1,DAYLIGHT,12,MOTOR VEHICLE IN TRANSPORT,CENTRAL PKE & OLD HICKORY BLVD,HERMITAGE,TN,37076,9529,HERMIT,36.1736,-86.6021,POINT (-86.6021 36.1736)
20190857756,11/27/2019 03:10:00 PM,2,0,0,,N,192872,5,SIDESWIPE - SAME DIRECTION,21,CLEAR,1,DAYLIGHT,12,MOTOR VEHICLE IN TRANSPORT,GALLATIN AV & CHESTER AV,NASHVILLE,TN,37206,1331,EAST,36.1955,-86.7429,POINT (-86.7429 36.1955)
20190770614,10/21/2019 04:19:00 PM,2,0,0,,N,384421,11,Front to Rear,2,RAIN,1,DAYLIGHT,12,MOTOR VEHICLE IN TRANSPORT,BRILEY PKWYN & CORPORATE DR,NASHVILLE,TN,37217,8998,HERMIT,36.1343,-86.6974,POINT (-86.6974 36.1343)
20190706779,09/24/2019 08:11:00 AM,2,0,0,,N,544481,11,Front to Rear,21,CLEAR,1,DAYLIGHT,12,MOTOR VEHICLE IN TRANSPORT,E TRINITY LN & DR RICHARD G ADAMS DR,NASHVILLE,TN,37207,1853,EAST,36.2045,-86.7475,POINT (-86.7475 36.2045)
20190767358,10/20/2019 02:10:00 AM,1,0,0,,N,298859,0,NOT COLLISION W/MOTOR VEHICLE-TRANSPORT,2,RAIN,3,DARK - LIGHTED,42,TREE,WOODLAND POINTE DR & BELL RD,NASHVILLE,TN,37214,8943,HERMIT,36.1227,-86.6305,POINT (-86.6305 36.1227)
20190921820,12/26/2019 02:57:00 PM,1,1,0,,N,311332,0,NOT COLLISION W/MOTOR VEHICLE-TRANSPORT,21,CLEAR,1,DAYLIGHT,8,PEDESTRIAN,OLD HICKORY BLVD & HIGHWAY 70S,NASHVILLE,TN,37221,4901,WEST,36.0742,-86.9208,POINT (-86.9208 36.0742)
20190848035,11/23/2019 12:00:00 AM,2,0,0,,Y,279122,11,Front to Rear,99,UNKNOWN,9,UNKNOWN,14,PARKED MOTOR VEHICLE,PANORAMA DR & DOLAN RD,NASHVILLE,TN,37218,3173,NORTH,36.1825,-86.8415,POINT (-86.8415 36.1825)
20190809941,11/07/2019 08:02:00 AM,2,0,0,,N,594473,11,Front to Rear,2,RAIN,1,DAYLIGHT,12,MOTOR VEHICLE IN TRANSPORT,WEDGEWOOD AV & I65 N ENT RAMP,NASHVILLE,TN,37204,8027,MIDTOW,36.1343,-86.7747,POINT (-86.7747 36.1343)
20190905372,12/18/2019 12:41:00 PM,2,0,0,,N,306231,11,Front to Rear,22,CLOUDY,1,DAYLIGHT,12,MOTOR VEHICLE IN TRANSPORT,I65 N EXT RAMP & I 65,NASHVILLE,TN,37207,1863,EAST,36.2057,-86.7747,POINT (-86.7747 36.2057)
20190670151,09/09/2019 07:22:00 AM,2,0,0,,N,320574,5,SIDESWIPE - SAME DIRECTION,21,CLEAR,1,DAYLIGHT,14,PARKED MOTOR VEHICLE,MM 212 0 I 40,NASHVILLE,TN,37210,90041,HERMIT,36.147,-86.7433,POINT (-86.7433 36.147)
20190606963,08/14/2019 07:55:00 PM,2,0,0,,N,807319,11,Front to Rear,21,CLEAR,1,DAYLIGHT,12,MOTOR VEHICLE IN TRANSPORT,BRILEY PKWY & GLASTONBURY RD,NASHVILLE,TN,37217,88943,HERMIT,36.1372,-86.6997,POINT (-86.6997 36.1372)
20190582666,08/05/2019 09:37:00 PM,2,0,0,,N,240957,5,SIDESWIPE - SAME DIRECTION,21,CLEAR,3,DARK - LIGHTED,12,MOTOR VEHICLE IN TRANSPORT,HARDING PL & TROUSDALE DR,NASHVILLE,TN,37220,8601,MIDTOW,36.0811,-86.7584,POINT (-86.7584 36.0811)
20190806022,11/05/2019 06:15:00 PM,2,0,0,,N,311328,11,Front to Rear,21,CLEAR,2,DARK - NOT LIGHTED,12,MOTOR VEHICLE IN TRANSPORT,MM 49 6 I 24,NASHVILLE,TN,37210,4008,CENTRA,36.1571,-86.7604,POINT (-86.7604 36.1571)
20190805617,11/05/2019 03:08:00 PM,1,1,0,,Y,311344,0,NOT COLLISION W/MOTOR VEHICLE-TRANSPORT,21,CLEAR,1,DAYLIGHT,8,PEDESTRIAN,STATE RT 45 & GALLATIN PKEN,MADISON,TN,37115,1701,MADISO,36.2631,-86.7119,POINT (-86.7119 36.2631)
20190601143,08/12/2019 05:23:00 PM,2,0,0,,N,256380,11,Front to Rear,21,CLEAR,1,DAYLIGHT,12,MOTOR VEHICLE IN TRANSPORT,MM 207 9 I 40,NASHVILLE,TN,37208,54022,NORTH,36.1693,-86.7972,POINT (-86.7972 36.1693)
20190724321,10/01/2019 04:19:00 PM,2,0,0,,N,161946,11,Front to Rear,21,CLEAR,1,DAYLIGHT,12,MOTOR VEHICLE IN TRANSPORT,BRILEY PKWY E ENT RAMP & I65 N ENT RAMP,NASHVILLE,TN,37216,18801,EAST,36.2391,-86.7432,POINT (-86.7432 36.2391)
20190861537,11/29/2019 04:20:00 PM,2,1,0,,N,256427,5,SIDESWIPE - SAME DIRECTION,21,CLEAR,5,DUSK,12,MOTOR VEHICLE IN TRANSPORT,BRILEY PKWYN & BRILEY PKWYS,NASHVILLE,TN,37211,8404,SOUTH,36.1092,-86.727,POINT (-86.727 36.1092)
20190693454,09/18/2019 02:35:00 PM,2,0,0,,N,311332,5,SIDESWIPE - SAME DIRECTION,21,CLEAR,1,DAYLIGHT,12,MOTOR VEHICLE IN TRANSPORT,US HWY 70S & STATE HWY 251,NASHVILLE,TN,37221,4901,WEST,36.0752,-86.9185,POINT (-86.9185 36.0752)