Accident Number,Date and Time,Number of Motor Vehicles,Number of Injuries,Number of Fatalities,Property Damage,Hit and Run,Reporting Officer,Collision Type Code,Collision Type Description,Weather Code,Weather Description,Illumination Code,Illumination Description,Harmful Code,Harmful Code Description,Street Address,City,State,ZIP,RPA,Precinct,Latitude,Longitude,Mapped Location
20190895007,12/13/2019 07:33:00 PM,1,1,0,,N,197053,0,NOT COLLISION W/MOTOR VEHICLE-TRANSPORT,2,RAIN,3,DARK - LIGHTED,8,PEDESTRIAN,MURFREESBORO PKE & BELL RD,ANTIOCH,TN,37013,8865,SOUTH,36.072,-86.636,POINT (-86.636 36.072)
20190610721,08/16/2019 07:48:00 AM,2,0,0,,N,352192,11,Front to Rear,21,CLEAR,1,DAYLIGHT,12,MOTOR VEHICLE IN TRANSPORT,MM 200 1 I 40,NASHVILLE,TN,37205,4902,WEST,36.1207,-86.9112,POINT (-86.9112 36.1207)
20190632838,08/24/2019 02:00:00 PM,2,0,0,,N,311331,11,Front to Rear,21,CLEAR,1,DAYLIGHT,12,MOTOR VEHICLE IN TRANSPORT,GALLATIN PKE & E TRINITY LN,NASHVILLE,TN,37216,1837,EAST,36.205,-86.7376,POINT (-86.7376 36.205)
20190718132,09/28/2019 08:50:00 PM,2,0,0,,Y,405418,5,SIDESWIPE - SAME DIRECTION,21,CLEAR,3,DARK - LIGHTED,12,MOTOR VEHICLE IN TRANSPORT,MM 79 1 I 65,NASHVILLE,TN,37204,8504,MIDTOW,36.1016,-86.7648,POINT (-86.7648 36.1016)
20190594356,08/09/2019 09:29:00 PM,2,3,0,,Y,279225,11,Front to Rear,21,CLEAR,3,DARK - LIGHTED,12,MOTOR VEHICLE IN TRANSPORT,BRILEY PKWYN & GLASTONBURY RD,NASHVILLE,TN,37217,8998,HERMIT,36.1372,-86.6996,POINT (-86.6996 36.1372)
20190728925,10/03/2019 12:21:00 PM,2,0,0,,N,109534,11,Front to Rear,21,CLEAR,1,DAYLIGHT,12,MOTOR VEHICLE IN TRANSPORT,LEBANON PKE & DONELSON PKE,NASHVILLE,TN,37214,9311,HERMIT,36.1676,-86.6633,POINT (-86.6633 36.1676)
20190695563,09/19/2019 10:48:00 AM,2,0,0,,N,716886,4,ANGLE,21,CLEAR,1,DAYLIGHT,12,MOTOR VEHICLE IN TRANSPORT,HAMILTON CROSSINGS & MURFREESBORO PKE,ANTIOCH,TN,37013,8865,SOUTH,36.0656,-86.6297,POINT (-86.6297 36.0656)
20190747511,10/11/2019 02:45:00 PM,2,0,0,,N,320580,11,Front to Rear,22,CLOUDY,1,DAYLIGHT,12,MOTOR VEHICLE IN TRANSPORT,MM 212 2 I 40,NASHVILLE,TN,37210,90041,HERMIT,36.1458,-86.7414,POINT (-86.7414 36.1458)
20190827359,11/14/2019 06:21:00 PM,2,0,0,,N,151132,11,Front to Rear,22,CLOUDY,3,DARK - LIGHTED,12,MOTOR VEHICLE IN TRANSPORT,GALLATIN PKEN & SHEPHERD HILLS DR,MADISON,TN,37115,1731,MADISO,36.3009,-86.6946,POINT (-86.6946 36.3009)
20190661354,09/05/2019 05:57:00 AM,2,1,0,,Y,161952,11,Front to Rear,21,CLEAR,4,DAWN,12,MOTOR VEHICLE IN TRANSPORT,MM 87 9 I 65,NASHVILLE,TN,37207,30041,NORTH,36.2151,-86.7754,POINT (-86.7754 36.2151)
20190793325,10/31/2019 08:47:00 AM,2,0,0,,N,620072,4,ANGLE,22,CLOUDY,1,DAYLIGHT,12,MOTOR VEHICLE IN TRANSPORT,22ND AVE N & MURPHY AVE,NASHVILLE,TN,37203,5607,MIDTOW,36.1548,-86.806,POINT (-86.806 36.1548)
20190878939,12/07/2019 12:15:00 AM,2,0,0,,Y,311338,5,SIDESWIPE - SAME DIRECTION,21,CLEAR,3,DARK - LIGHTED,12,MOTOR VEHICLE IN TRANSPORT,14TH AVN & BROADWAY,NASHVILLE,TN,37203,5701,MIDTOW,36.1557,-86.7897,POINT (-86.7897 36.1557)
20190834880,11/18/2019 07:00:00 AM,2,1,0,,N,352164,4,ANGLE,21,CLEAR,1,DAYLIGHT,12,MOTOR VEHICLE IN TRANSPORT,OLD HICKORY BLVD & NOLENSVILLE PKE,ANTIOCH,TN,37013,8757,SOUTH,36.0455,-86.7122,POINT (-86.7122 36.0455)
20190707832,09/24/2019 05:10:00 PM,2,0,0,,N,169425,4,ANGLE,21,CLEAR,1,DAYLIGHT,12,MOTOR VEHICLE IN TRANSPORT,20TH AVN & HUBBS ALY,NASHVILLE,TN,37203,5511,MIDTOW,36.1539,-86.8012,POINT (-86.8012 36.1539)
20190659744,09/04/2019 01:00:00 PM,2,0,0,,N,716886,11,Front to Rear,21,CLEAR,1,DAYLIGHT,12,MOTOR VEHICLE IN TRANSPORT,MM 59 6 I 24,ANTIOCH,TN,37013,88060,SOUTH,36.0438,-86.6561,POINT (-86.6561 36.0438)
20190845421,11/22/2019 07:15:00 AM,2,0,0,,N,571313,11,Front to Rear,2,RAIN,1,DAYLIGHT,12,MOTOR VEHICLE IN TRANSPORT,NOLENSVILLE PKE & I440 W EXT RAMP,NASHVILLE,TN,37211,8043,MIDTOW,36.1241,-86.7517,POINT (-86.7517 36.1241)
20190805951,11/05/2019 12:00:00 AM,2,0,0,,N,320597,4,ANGLE,21,CLEAR,3,DARK - LIGHTED,12,MOTOR VEHICLE IN TRANSPORT,MURFREESBORO PKE & HOBSON PKE,ANTIOCH,TN,37013,8927,SOUTH,36.1576,-86.6584,POINT (-86.6584 36.1576)
20190776279,10/23/2019 11:04:00 PM,1,1,0,,N,299261,0,NOT COLLISION W/MOTOR VEHICLE-TRANSPORT,21,CLEAR,3,DARK - LIGHTED,71,EMBANKMENT EARTH,CLOVERLAND DR & SADDLEWOOD LN,BRENTWOOD,TN,37027,8623,MIDTOW,36.0316,-86.7557,POINT (-86.7557 36.0316)
20190696277,09/19/2019 04:53:00 PM,2,0,0,,N,714641,4,ANGLE,21,CLEAR,1,DAYLIGHT,12,MOTOR VEHICLE IN TRANSPORT,BROADWAY & 9TH AVS,NASHVILLE,TN,37203,4083,CENTRA,36.1583,-86.7834,POINT (-86.7834 36.1583)
20190743160,10/09/2019 08:13:00 PM,2,0,0,,N,206958,5,SIDESWIPE - SAME DIRECTION,21,CLEAR,7,Dark-Unknown Lighting,14,PARKED MOTOR VEHICLE,W EASTLAND AV & LAURENT ST,NASHVILLE,TN,37206,1937,EAST,36.1841,-86.7525,POINT (-86.7525 36.1841)
20190793634,10/31/2019 11:33:00 AM,2,0,0,,N,462501,5,SIDESWIPE - SAME DIRECTION,21,CLEAR,1,DAYLIGHT,12,MOTOR VEHICLE IN TRANSPORT,8TH AVS & LAFAYETTE ST,NASHVILLE,TN,37203,4043,CENTRA,36.1546,-86.7792,POINT (-86.7792 36.1546)
20190678444,09/12/2019 10:46:00 AM,2,0,0,,N,834798,5,SIDESWIPE - SAME DIRECTION,21,CLEAR,1,DAYLIGHT,12,MOTOR VEHICLE IN TRANSPORT,HAMILTON AV & PILLOW ST,NASHVILLE,TN,37203,8013,MIDTOW,36.1383,-86.7654,POINT (-86.7654 36.1383)
20190668338,09/08/2019 06:15:00 AM,2,2,0,Y,N,179602,5,SIDESWIPE - SAME DIRECTION,21,CLEAR,4,DAWN,12;30,MOTOR VEHICLE IN TRANSPORT;UTILITY POLE,WHITES CREEK PKE & TONEY RD,NASHVILLE,TN,37207,3037,NORTH,36.2086,-86.7943,POINT (-86.7943 36.2086)
20190584723,08/06/2019 03:08:00 PM,2,0,0,,Y,256384,5,SIDESWIPE - SAME DIRECTION,21,CLEAR,1,DAYLIGHT,12,MOTOR VEHICLE IN TRANSPORT,MURFREESBORO PKE & EXPRESSWAY PARK DR,NASHVILLE,TN,37210,8133,SOUTH,36.146,-86.7539,POINT (-86.7539 36.146)
20190732508,10/04/2019 09:34:00 PM,1,1,0,Y,N,134871,0,NOT COLLISION W/MOTOR VEHICLE-TRANSPORT,21,CLEAR,1,DAYLIGHT,8,PEDESTRIAN,DIVISION ST & 12TH AVS,NASHVILLE,TN,37203,4013,CENTRA,36.1511,-86.7845,POINT (-86.7845 36.1511)
20190772908,10/22/2019 02:20:00 PM,2,0,0,,N,807326,4,ANGLE,21,CLEAR,1,DAYLIGHT,12,MOTOR VEHICLE IN TRANSPORT,INTERSTATE DR & JAMES ROBERTSON PKWY,NASHVILLE,TN,37213,1105,CENTRA,36.1714,-86.769,POINT (-86.769 36.1714)
20190829290,11/15/2019 01:36:00 PM,3,2,0,,N,226622,11,Front to Rear,21,CLEAR,1,DAYLIGHT,12,MOTOR VEHICLE IN TRANSPORT,CHARLOTTE PKE & CHARLOTTE ROAD CIR,NASHVILLE,TN,37209,5025,WEST,36.1423,-86.8756,POINT (-86.8756 36.1423)
20190776813,10/24/2019 05:20:00 AM,1,0,0,,N,676828,0,NOT COLLISION W/MOTOR VEHICLE-TRANSPORT,21,CLEAR,2,DARK - NOT LIGHTED,34,DITCH,I440 E ENT RAMP & I 440,NASHVILLE,TN,37215,6419,MIDTOW,36.1216,-86.8066,POINT (-86.8066 36.1216)
20190060399,08/12/2019 12:26:00 PM,3,3,0,,N,594473,11,Front to Rear,21,CLEAR,1,DAYLIGHT,12,MOTOR VEHICLE IN TRANSPORT,CHARLOTTE AV & 15TH AVN,NASHVILLE,TN,37203,5501,MIDTOW,36.1603,-86.7946,POINT (-86.7946 36.1603)
20190590576,08/08/2019 04:34:00 PM,2,1,0,,N,256380,11,Front to Rear,21,CLEAR,1,DAYLIGHT,12,MOTOR VEHICLE IN TRANSPORT,3RD AVN & JEFFERSON ST,NASHVILLE,TN,37201,4233,CENTRA,36.175,-86.7847,POINT (-86.7847 36.175)
20190754117,10/14/2019 04:30:00 PM,2,0,0,,Y,905011,5,SIDESWIPE - SAME DIRECTION,21,CLEAR,1,DAYLIGHT,12,MOTOR VEHICLE IN TRANSPORT,MM 1 0 I 440,NASHVILLE,TN,37205,5234,WEST,36.1438,-86.8226,POINT (-86.8226 36.1438)
20190612561,08/16/2019 09:24:00 PM,2,2,0,,N,320585,4,ANGLE,21,CLEAR,3,DARK - LIGHTED,12,MOTOR VEHICLE IN TRANSPORT,TWO RIVERS PKWY & TWO RIVERS PARK PVTDR,NASHVILLE,TN,37214,9221,HERMIT,36.1837,-86.6809,POINT (-86.6809 36.1837)
20190699194,09/20/2019 07:25:00 PM,4,1,0,,Y,256380,11,Front to Rear,21,CLEAR,1,DAYLIGHT,12,MOTOR VEHICLE IN TRANSPORT,ROSA L PARKS BLVD & JEFFERSON ST,NASHVILLE,TN,37208,4237,CENTRA,36.1733,-86.7914,POINT (-86.7914 36.1733)
20190904978,12/18/2019 09:42:00 AM,2,1,0,,N,109534,5,SIDESWIPE - SAME DIRECTION,22,CLOUDY,1,DAYLIGHT,12,MOTOR VEHICLE IN TRANSPORT,MURFREESBORO PKE & VULTEE BLVD,NASHVILLE,TN,37217,8823,HERMIT,36.1239,-86.7074,POINT (-86.7074 36.1239)
20190725639,10/02/2019 06:00:00 AM,2,0,0,,N,279230,5,SIDESWIPE - SAME DIRECTION,21,CLEAR,1,DAYLIGHT,12,MOTOR VEHICLE IN TRANSPORT,MM 56 7 I 24,NASHVILLE,TN,37211,8810,SOUTH,36.0726,-86.6916,POINT (-86.6916 36.0726)
20190744315,10/10/2019 07:45:00 AM,3,0,0,,N,223502,11,Front to Rear,21,CLEAR,1,DAYLIGHT,12,MOTOR VEHICLE IN TRANSPORT,MM 52 0 I 24,NASHVILLE,TN,37217,8816,SOUTH,36.1329,-86.7267,POINT (-86.7267 36.1329)
20190647800,08/30/2019 01:57:00 PM,2,0,0,,Y,306231,4,ANGLE,21,CLEAR,1,DAYLIGHT,12,MOTOR VEHICLE IN TRANSPORT,JEFFERSON ST & 21ST AVN,NASHVILLE,TN,37208,5351,NORTH,36.1688,-86.8114,POINT (-86.8114 36.1688)
20190908459,12/19/2019 02:09:00 PM,2,0,0,,N,161939,4,ANGLE,21,CLEAR,1,DAYLIGHT,12,MOTOR VEHICLE IN TRANSPORT,HARDING PL & WHISPERING OAKS PL,NASHVILLE,TN,37211,8705,SOUTH,36.0817,-86.7137,POINT (-86.7137 36.0817)
20190734938,10/06/2019 12:00:00 AM,2,1,0,,Y,299248,9,UNKNOWN,21,CLEAR,3,DARK - LIGHTED,12,MOTOR VEHICLE IN TRANSPORT,I24 W EXT RAMP & I 24,NASHVILLE,TN,37211,8829,SOUTH,36.1074,-86.7197,POINT (-86.7197 36.1074)
20190589993,08/08/2019 10:20:00 AM,2,0,0,,N,716886,6,SIDESWIPE - OPPOSITE DIRECTION,21,CLEAR,1,DAYLIGHT,12,MOTOR VEHICLE IN TRANSPORT,LINBAR DR & LARGO DR,NASHVILLE,TN,37211,8705,SOUTH,36.0837,-86.7057,POINT (-86.7057 36.0837)
20190921361,12/26/2019 10:05:00 AM,2,2,0,,N,332216,4,ANGLE,22,CLOUDY,1,DAYLIGHT,12,MOTOR VEHICLE IN TRANSPORT,4TH AVS & LAFAYETTE ST,NASHVILLE,TN,37203,4007,CENTRA,36.1515,-86.7711,POINT (-86.7711 36.1515)
20190700983,09/21/2019 03:25:00 PM,2,0,0,,N,330440,4,ANGLE,21,CLEAR,1,DAYLIGHT,12,MOTOR VEHICLE IN TRANSPORT,HEIMAN ST & 17TH AVE N,NASHVILLE,TN,37208,4475,NORTH,36.1718,-86.8055,POINT (-86.8055 36.1718)
20190822907,11/13/2019 12:00:00 AM,2,0,0,,N,191572,4,ANGLE,21,CLEAR,3,DARK - LIGHTED,12,MOTOR VEHICLE IN TRANSPORT,FRANKLIN PKE & HARDING PL,NASHVILLE,TN,37204,7027,MIDTOW,36.0866,-86.772,POINT (-86.772 36.0866)
20190794874,10/31/2019 10:42:00 PM,2,0,0,,N,330419,4,ANGLE,21,CLEAR,3,DARK - LIGHTED,12,MOTOR VEHICLE IN TRANSPORT,GALLATIN PKEN & RIVERGATE PKWY,MADISON,TN,37115,1731,MADISO,36.2973,-86.6988,POINT (-86.6988 36.2973)
20190927754,12/29/2019 04:10:00 PM,1,0,0,,N,256426,0,NOT COLLISION W/MOTOR VEHICLE-TRANSPORT,2,RAIN,98,OTHER,36,CONCRETE TRAFFIC BARRIER,MM 215 0 I 40,NASHVILLE,TN,37214,91021,HERMIT,36.1444,-86.6948,POINT (-86.6948 36.1444)
20190629653,08/23/2019 07:50:00 AM,2,0,0,,Y,544482,11,Front to Rear,22,CLOUDY,1,DAYLIGHT,12,MOTOR VEHICLE IN TRANSPORT,I440 W ENT RAMP & I 440,NASHVILLE,TN,37210,81021,SOUTH,36.1259,-86.7322,POINT (-86.7322 36.1259)
20190669602,09/08/2019 11:55:00 PM,1,1,0,,N,384402,0,NOT COLLISION W/MOTOR VEHICLE-TRANSPORT,21,CLEAR,2,DARK - NOT LIGHTED,30,UTILITY POLE,MT VIEW RD & HICKORY HOLLOW PKWY,ANTIOCH,TN,37013,8859,SOUTH,36.0588,-86.6705,POINT (-86.6705 36.0588)
20190897138,12/14/2019 10:00:00 PM,3,1,0,,N,311328,5,SIDESWIPE - SAME DIRECTION,21,CLEAR,3,DARK - LIGHTED,12,MOTOR VEHICLE IN TRANSPORT,BROADWAY & 6TH AVS,NASHVILLE,TN,37203,4089,CENTRA,36.1599,-86.7798,POINT (-86.7798 36.1599)
20190666486,09/07/2019 07:58:00 AM,2,0,0,,N,109527,11,Front to Rear,21,CLEAR,1,DAYLIGHT,12,MOTOR VEHICLE IN TRANSPORT,MURFREESBORO PKE & BRILEY PKWY N EXT RAM,NASHVILLE,TN,37217,8831,SOUTH,36.1178,-86.6997,POINT (-86.6997 36.1178)
20190662161,09/05/2019 12:29:00 PM,2,0,0,,N,716886,11,Front to Rear,21,CLEAR,1,DAYLIGHT,12,MOTOR VEHICLE IN TRANSPORT,MURFREESBORO PKE & LAVERGNE COUCHVILLE P,ANTIOCH,TN,37013,8869,SOUTH,36.0279,-86.5899,POINT (-86.5899 36.0279)
20190681328,09/13/2019 10:43:00 AM,2,0,0,,N,485261,4,ANGLE,21,CLEAR,1,DAYLIGHT,12,MOTOR VEHICLE IN TRANSPORT,ROSA L PARKS BLVD & COMMERCE ST,NASHVILLE,TN,37203,4115,CENTRA,36.1603,-86.783,POINT (-86.783 36.1603)
20190770569,10/21/2019 04:30:00 PM,1,0,0,,N,320577,0,NOT COLLISION W/MOTOR VEHICLE-TRANSPORT,2,RAIN,1,DAYLIGHT,1;34,DITCH,KIRKWOOD AV & VAULX LN,NASHVILLE,TN,37204,6957,MIDTOW,36.121,-86.7781,POINT (-86.7781 36.121)
20190587442,08/07/2019 02:50:00 PM,3,0,0,,N,151132,11,Front to Rear,21,CLEAR,1,DAYLIGHT,12,MOTOR VEHICLE IN TRANSPORT,GALLATIN PKES & NEELYS BEND RD,MADISON,TN,37115,1605,MADISO,36.2566,-86.7142,POINT (-86.7142 36.2566)
20190757227,10/15/2019 08:57:00 PM,2,0,0,,Y,384411,5,SIDESWIPE - SAME DIRECTION,21,CLEAR,3,DARK - LIGHTED,12,MOTOR VEHICLE IN TRANSPORT,GLASTONBURY RD & SOUTHWOOD PARK PL,NASHVILLE,TN,37217,8825,HERMIT,36.1351,-86.7018,POINT (-86.7018 36.1351)
20190863061,11/30/2019 10:30:00 AM,2,0,0,,Y,262757,4,ANGLE,22,CLOUDY,1,DAYLIGHT,12,MOTOR VEHICLE IN TRANSPORT,STATE HWY 255 & LARGO DR,NASHVILLE,TN,37211,8705,SOUTH,36.0831,-86.7093,POINT (-86.7093 36.0831)
20190744655,10/10/2019 10:50:00 AM,3,2,0,,N,311339,11,Front to Rear,21,CLEAR,1,DAYLIGHT,12,MOTOR VEHICLE IN TRANSPORT,MM 48 9 I 24,NASHVILLE,TN,37213,1104,CENTRA,36.1676,-86.7656,POINT (-86.7656 36.1676)
20190675424,09/11/2019 07:37:00 AM,3,0,0,,N,206962,11,Front to Rear,21,CLEAR,1,DAYLIGHT,12,MOTOR VEHICLE IN TRANSPORT,EXIT 90B & I 65,MADISON,TN,37115,20044,MADISO,36.2438,-86.7481,POINT (-86.7481 36.2438)
20190737955,10/07/2019 05:43:00 PM,2,0,0,,N,240983,11,Front to Rear,21,CLEAR,1,DAYLIGHT,12,MOTOR VEHICLE IN TRANSPORT,EAGLE VIEW BLVD & BELL RD,ANTIOCH,TN,37013,8865,SOUTH,36.0486,-86.6461,POINT (-86.6461 36.0486)
20190810641,11/03/2019 01:00:00 PM,2,0,0,,Y,311344,11,Front to Rear,99,UNKNOWN,1,DAYLIGHT,12,MOTOR VEHICLE IN TRANSPORT,GALLATIN PKEN & CONFERENCE DR,MADISON,TN,37115,1731,MADISO,36.3026,-86.692,POINT (-86.692 36.3026)
20190867592,12/02/2019 05:00:00 PM,2,0,0,,N,352195,5,SIDESWIPE - SAME DIRECTION,21,CLEAR,2,DARK - NOT LIGHTED,12,MOTOR VEHICLE IN TRANSPORT,DONELSON PKE & MURFREESBORO PKE,NASHVILLE,TN,37217,8841,SOUTH,36.1062,-86.6731,POINT (-86.6731 36.1062)
20190816944,11/10/2019 10:51:00 AM,2,0,0,,Y,525538,11,Front to Rear,21,CLEAR,1,DAYLIGHT,12;14,MOTOR VEHICLE IN TRANSPORT;PARKED MOTOR VEHICLE,BEECH AV & WEST ARGYLE AV,NASHVILLE,TN,37203,6905,MIDTOW,36.1356,-86.7805,POINT (-86.7805 36.1356)
20190829505,11/15/2019 03:45:00 PM,3,1,0,,N,225894,11,Front to Rear,21,CLEAR,1,DAYLIGHT,12,MOTOR VEHICLE IN TRANSPORT,MM 215 5 I 40,NASHVILLE,TN,37217,89020,HERMIT,36.1432,-86.6865,POINT (-86.6865 36.1432)
20190773528,10/22/2019 06:30:00 PM,2,0,0,,N,384402,11,Front to Rear,21,CLEAR,3,DARK - LIGHTED,12,MOTOR VEHICLE IN TRANSPORT,SMITH SPRINGS RD & ANDERSON RD,NASHVILLE,TN,37217,8931,HERMIT,36.0878,-86.6079,POINT (-86.6079 36.0878)
20190710581,09/25/2019 06:01:00 PM,2,0,0,,N,151132,5,SIDESWIPE - SAME DIRECTION,22,CLOUDY,1,DAYLIGHT,12,MOTOR VEHICLE IN TRANSPORT,GALLATIN PKEN & OLD TIME VILLAGE PVTDR,MADISON,TN,37115,1701,MADISO,36.2638,-86.7117,POINT (-86.7117 36.2638)
20190859997,11/28/2019 07:37:00 PM,2,0,0,Y,Y,468097,4,ANGLE,22,CLOUDY,3,DARK - LIGHTED,12;30;38;42,MOTOR VEHICLE IN TRANSPORT;UTILITY POLE;FENCE;TREE,4040 NOLENSVILLE PKE,NASHVILLE,TN,37211,8501,MIDTOW,36.0816,-86.727,POINT (-86.727 36.0816)
20190927698,12/29/2019 03:17:00 PM,3,2,0,,N,279124,4,ANGLE,2,RAIN,1,DAYLIGHT,12,MOTOR VEHICLE IN TRANSPORT,MM 58 7 I 24,ANTIOCH,TN,37013,8808,SOUTH,36.0513,-86.6692,POINT (-86.6692 36.0513)
20190912759,12/21/2019 05:55:00 PM,2,0,0,,Y,352195,11,Front to Rear,21,CLEAR,7,Dark-Unknown Lighting,12,MOTOR VEHICLE IN TRANSPORT,DABBS AVE & KAREN DR,NASHVILLE,TN,37217,8827,HERMIT,36.1396,-86.7012,POINT (-86.7012 36.1396)
20190764597,10/18/2019 06:36:00 PM,2,2,0,,N,140806,11,Front to Rear,21,CLEAR,3,DARK - LIGHTED,12,MOTOR VEHICLE IN TRANSPORT,MM 6 0 I 440,NASHVILLE,TN,37211,81060,MIDTOW,36.1217,-86.7565,POINT (-86.7565 36.1217)
20190872732,12/04/2019 02:00:00 PM,2,0,0,,N,352155,4,ANGLE,21,CLEAR,1,DAYLIGHT,12,MOTOR VEHICLE IN TRANSPORT,BRICK CHURCH PIKE & BRICK CHURCH PARK DR,NASHVILLE,TN,37207,3021,NORTH,36.2242,-86.7822,POINT (-86.7822 36.2242)
20190626660,08/22/2019 07:26:00 AM,2,2,0,,N,109515,11,Front to Rear,22,CLOUDY,1,DAYLIGHT,12,MOTOR VEHICLE IN TRANSPORT,MM 91 8 I 65,MADISON,TN,37115,17280,MADISO,36.2589,-86.7382,POINT (-86.7382 36.2589)
20190599998,08/12/2019 09:07:00 AM,2,0,0,,Y,134899,11,Front to Rear,21,CLEAR,1,DAYLIGHT,12,MOTOR VEHICLE IN TRANSPORT,SPENCE LN & ELM HILL PKE,NASHVILLE,TN,37210,9015,HERMIT,36.1427,-86.7219,POINT (-86.7219 36.1427)
20190731383,10/04/2019 11:50:00 AM,2,0,0,,Y,352174,4,ANGLE,21,CLEAR,1,DAYLIGHT,12,MOTOR VEHICLE IN TRANSPORT,NOLENSVILLE PKE & GOINS RD,NASHVILLE,TN,37211,8661,MIDTOW,36.0743,-86.7247,POINT (-86.7247 36.0743)
20190931937,12/31/2019 01:36:00 PM,2,0,0,,N,226586,11,Front to Rear,21,CLEAR,1,DAYLIGHT,12,MOTOR VEHICLE IN TRANSPORT,MM 48 9 I 24,NASHVILLE,TN,37213,1104,CENTRA,36.1676,-86.7656,POINT (-86.7656 36.1676)
20190875472,12/05/2019 01:50:00 PM,2,0,0,,Y,384403,4,ANGLE,21,CLEAR,1,DAYLIGHT,12,MOTOR VEHICLE IN TRANSPORT,WHITE BRIDGE PKE & CHARLOTTE PKE,NASHVILLE,TN,37209,5033,WEST,36.1494,-86.8579,POINT (-86.8579 36.1494)
20190661546,09/05/2019 08:34:00 AM,2,0,0,,N,225773,11,Front to Rear,21,CLEAR,1,DAYLIGHT,12,MOTOR VEHICLE IN TRANSPORT,GRANNY WHITE PKE & WOODMONT BLVD,NASHVILLE,TN,37204,7005,MIDTOW,36.1118,-86.7926,POINT (-86.7926 36.1118)
20190620722,08/20/2019 06:29:00 AM,2,1,0,,N,109534,11,Front to Rear,21,CLEAR,1,DAYLIGHT,12,MOTOR VEHICLE IN TRANSPORT,MM 214 2 I 40,NASHVILLE,TN,37210,90062,HERMIT,36.1424,-86.7107,POINT (-86.7107 36.1424)
20190704117,09/23/2019 08:04:00 AM,2,0,0,,N,109534,11,Front to Rear,21,CLEAR,1,DAYLIGHT,12,MOTOR VEHICLE IN TRANSPORT,MM 211 7 I 40,NASHVILLE,TN,37210,82042,HERMIT,36.1499,-86.7483,POINT (-86.7483 36.1499)
20190894963,12/13/2019 06:40:00 PM,2,0,0,,N,717341,11,Front to Rear,2,RAIN,3,DARK - LIGHTED,12,MOTOR VEHICLE IN TRANSPORT,MM 52 7 I 24,NASHVILLE,TN,37210,81022,SOUTH,36.1226,-86.7277,POINT (-86.7277 36.1226)
20190803281,11/04/2019 05:55:00 PM,2,2,0,,N,256448,11,Front to Rear,21,CLEAR,1,DAYLIGHT,12,MOTOR VEHICLE IN TRANSPORT,ELM HILL PKE & EMERY DR,NASHVILLE,TN,37214,9103,HERMIT,36.1517,-86.677,POINT (-86.677 36.1517)
20190824975,11/13/2019 07:00:00 PM,2,0,0,,N,212343,6,SIDESWIPE - OPPOSITE DIRECTION,21,CLEAR,3,DARK - LIGHTED,12,MOTOR VEHICLE IN TRANSPORT,CHARLOTTE AV & ROSA L PARKS BLVD,NASHVILLE,TN,37203,4147,CENTRA,36.1634,-86.7876,POINT (-86.7876 36.1634)
20190863820,11/30/2019 08:55:00 PM,4,0,0,,N,206964,11,Front to Rear,2,RAIN,3,DARK - LIGHTED,12,MOTOR VEHICLE IN TRANSPORT,HARDING PL & JONQUIL DR,NASHVILLE,TN,37211,8445,SOUTH,36.0804,-86.718,POINT (-86.718 36.0804)
20190622092,08/20/2019 03:45:00 PM,2,0,0,,N,717341,11,Front to Rear,2,RAIN,1,DAYLIGHT,12,MOTOR VEHICLE IN TRANSPORT,HICKORY HOLLOW PKWY & MT VIEW RD,ANTIOCH,TN,37013,8861,SOUTH,36.0588,-86.6704,POINT (-86.6704 36.0588)
20190856012,11/26/2019 10:10:00 PM,1,0,0,,N,256427,0,NOT COLLISION W/MOTOR VEHICLE-TRANSPORT,2,RAIN,3,DARK - LIGHTED,36,CONCRETE TRAFFIC BARRIER,MM 211 6 I 40,NASHVILLE,TN,37210,82042,HERMIT,36.1508,-86.7502,POINT (-86.7502 36.1508)
20190901994,12/17/2019 07:45:00 AM,2,0,0,,N,676834,5,SIDESWIPE - SAME DIRECTION,2,RAIN,1,DAYLIGHT,12,MOTOR VEHICLE IN TRANSPORT,BRICK CHURCH PKE & AVONDALE CIR,NASHVILLE,TN,37207,3021,NORTH,36.2089,-86.7779,POINT (-86.7779 36.2089)
20190844098,11/21/2019 05:35:00 PM,3,1,0,,N,179599,11,Front to Rear,21,CLEAR,3,DARK - LIGHTED,12,MOTOR VEHICLE IN TRANSPORT,JEFFERSON ST & 17TH AVN,NASHVILLE,TN,37208,5409,NORTH,36.1697,-86.8056,POINT (-86.8056 36.1697)
20190929696,12/30/2019 03:14:00 AM,1,0,0,Y,Y,278580,0,NOT COLLISION W/MOTOR VEHICLE-TRANSPORT,21,CLEAR,3,DARK - LIGHTED,40;47;64,MAIL BOX;FIRE HYDRANT;Ran Off Road-Left,WHITES CREEK PKE & GREEN LN,NASHVILLE,TN,37207,3221,NORTH,36.2367,-86.8173,POINT (-86.8173 36.2367)
20190750684,10/13/2019 02:05:00 AM,2,3,0,,N,206672,4,ANGLE,21,CLEAR,3,DARK - LIGHTED,12,MOTOR VEHICLE IN TRANSPORT,4TH AVN & CHARLOTTE AV,NASHVILLE,TN,37201,4161,CENTRA,36.1664,-86.7807,POINT (-86.7807 36.1664)
20190927813,12/29/2019 05:04:00 PM,1,0,0,,N,384392,0,NOT COLLISION W/MOTOR VEHICLE-TRANSPORT,2,RAIN,2,DARK - NOT LIGHTED,34,DITCH,HIGHWAY 100 & WESTHAVEN DR,NASHVILLE,TN,37221,4805,WEST,36.0348,-86.9721,POINT (-86.9721 36.0348)