Accident Number,Date and Time,Number of Motor Vehicles,Number of Injuries,Number of Fatalities,Property Damage,Hit and Run,Reporting Officer,Collision Type Code,Collision Type Description,Weather Code,Weather Description,Illumination Code,Illumination Description,Harmful Code,Harmful Code Description,Street Address,City,State,ZIP,RPA,Precinct,Latitude,Longitude,Mapped Location
20190770007,10/21/2019 09:00:00 AM,2,0,0,,N,109495,11,Front to Rear,2,RAIN,1,DAYLIGHT,12,MOTOR VEHICLE IN TRANSPORT,8TH AVS & SOUTH ST,NASHVILLE,TN,37203,6803,MIDTOW,36.1472,-86.7791,POINT (-86.7791 36.1472)
20190643023,08/28/2019 06:04:00 PM,2,1,0,,N,887598,5,SIDESWIPE - SAME DIRECTION,21,CLEAR,1,DAYLIGHT,12,MOTOR VEHICLE IN TRANSPORT,MM 208 5 I 40,NASHVILLE,TN,37203,42020,CENTRA,36.1639,-86.7937,POINT (-86.7937 36.1639)
20190703394,09/22/2019 06:56:00 PM,2,0,0,,Y,570084,11,Front to Rear,21,CLEAR,1,DAYLIGHT,12,MOTOR VEHICLE IN TRANSPORT,I24 E EXT RAMP & I 24,NASHVILLE,TN,37207,30080,NORTH,36.2378,-86.7872,POINT (-86.7872 36.2378)
20190885452,12/10/2019 05:19:00 AM,1,0,0,,N,279203,0,NOT COLLISION W/MOTOR VEHICLE-TRANSPORT,2,RAIN,2,DARK - NOT LIGHTED,1;36,CONCRETE TRAFFIC BARRIER,MM 49 5 I 24,NASHVILLE,TN,37210,4008,CENTRA,36.1588,-86.7604,POINT (-86.7604 36.1588)
20190860340,11/28/2019 12:00:00 AM,2,0,0,,Y,352153,9,UNKNOWN,21,CLEAR,2,DARK - NOT LIGHTED,14,PARKED MOTOR VEHICLE,ROCKY MOUNTAIN PKWY & PICCADILLY ROW,NASHVILLE,TN,37217,8853,SOUTH,36.0844,-86.655,POINT (-86.655 36.0844)
20190694133,09/18/2019 09:00:00 PM,2,0,0,,Y,256427,11,Front to Rear,21,CLEAR,3,DARK - LIGHTED,14,PARKED MOTOR VEHICLE,FAIRFIELD AV & J C NAPIER ST,NASHVILLE,TN,37210,8207,HERMIT,36.1509,-86.7568,POINT (-86.7568 36.1509)
20190821328,11/12/2019 09:29:00 AM,2,0,0,,N,716886,11,Front to Rear,21,CLEAR,1,DAYLIGHT,12,MOTOR VEHICLE IN TRANSPORT,I24 E ENT RAMP & I 24,NASHVILLE,TN,37213,1007,CENTRA,36.1662,-86.7659,POINT (-86.7659 36.1662)
20190900340,12/16/2019 02:25:00 PM,1,1,0,,N,330431,0,NOT COLLISION W/MOTOR VEHICLE-TRANSPORT,2,RAIN,1,DAYLIGHT,1;64,Ran Off Road-Left,MM 88 5 I 65,NASHVILLE,TN,37207,30040,NORTH,36.2237,-86.7746,POINT (-86.7746 36.2237)
20190637153,08/26/2019 10:50:00 AM,2,0,0,,N,352168,4,ANGLE,22,CLOUDY,1,DAYLIGHT,12,MOTOR VEHICLE IN TRANSPORT,HARDING PL & SIDCO DR,NASHVILLE,TN,37220,8601,MIDTOW,36.0819,-86.7612,POINT (-86.7612 36.0819)
20190778436,10/24/2019 08:03:00 PM,2,0,0,,Y,151132,2,HEAD-ON,21,CLEAR,3,DARK - LIGHTED,12,MOTOR VEHICLE IN TRANSPORT,TWIN HILLS DR & GALLATIN PKEN,MADISON,TN,37115,1731,MADISO,36.3021,-86.6927,POINT (-86.6927 36.3021)
20190877413,12/06/2019 10:30:00 AM,2,0,0,,N,716886,4,ANGLE,2,RAIN,1,DAYLIGHT,12,MOTOR VEHICLE IN TRANSPORT,MURFREESBORO PKE & HAMILTON GLEN PL,ANTIOCH,TN,37013,8865,SOUTH,36.0602,-86.6234,POINT (-86.6234 36.0602)
20190768279,10/20/2019 02:13:00 PM,2,0,0,,N,384394,4,ANGLE,21,CLEAR,1,DAYLIGHT,12,MOTOR VEHICLE IN TRANSPORT,HAYWOOD LN & EZELL RD,NASHVILLE,TN,37211,8709,SOUTH,36.0696,-86.6944,POINT (-86.6944 36.0696)
20190722281,09/30/2019 09:58:00 PM,1,0,0,,N,109536,0,NOT COLLISION W/MOTOR VEHICLE-TRANSPORT,21,CLEAR,2,DARK - NOT LIGHTED,50,DEER (ANIMAL),DRY CREEK RD & BRICK CHURCH PKE,GOODLETTSVILLE,TN,37072,2139,MADISO,36.3252,-86.7687,POINT (-86.7687 36.3252)
20190669034,09/08/2019 03:30:00 PM,2,0,0,,N,320577,11,Front to Rear,21,CLEAR,1,DAYLIGHT,12,MOTOR VEHICLE IN TRANSPORT,NOLENSVILLE PKE & ELYSIAN FIELDS RD,NASHVILLE,TN,37211,8415,SOUTH,36.0859,-86.7292,POINT (-86.7292 36.0859)
20190618308,08/19/2019 10:48:00 AM,1,0,0,Y,Y,206962,0,NOT COLLISION W/MOTOR VEHICLE-TRANSPORT,21,CLEAR,1,DAYLIGHT,31;42,"OTHER POST, POLE, SUPP.;TREE",STATE HWY 45 & WALKER ST,MADISON,TN,37115,1773,MADISO,36.2638,-86.7189,POINT (-86.7189 36.2638)
20190758694,10/16/2019 11:15:00 AM,2,0,0,,N,225773,11,Front to Rear,21,CLEAR,1,DAYLIGHT,12,MOTOR VEHICLE IN TRANSPORT,GRANDVIEW AV & CENTRAL AV,NASHVILLE,TN,37211,8343,MIDTOW,36.115,-86.7487,POINT (-86.7487 36.115)
20190904770,12/18/2019 08:15:00 AM,2,0,0,,N,665896,11,Front to Rear,22,CLOUDY,1,DAYLIGHT,12,MOTOR VEHICLE IN TRANSPORT,DOUGLAS AV & TREVECCA AV,NASHVILLE,TN,37206,1895,EAST,36.1928,-86.7452,POINT (-86.7452 36.1928)
20190606603,08/14/2019 05:10:00 PM,2,0,0,,N,352156,2,HEAD-ON,21,CLEAR,1,DAYLIGHT,12,MOTOR VEHICLE IN TRANSPORT,EZELL RD & HAYWOOD LN,NASHVILLE,TN,37211,8707,SOUTH,36.0701,-86.6939,POINT (-86.6939 36.0701)
20190640083,08/27/2019 03:58:00 PM,3,1,0,,N,212369,11,Front to Rear,21,CLEAR,1,DAYLIGHT,12,MOTOR VEHICLE IN TRANSPORT,NOLENSVILLE PKE & BASS AV,NASHVILLE,TN,37211,8661,MIDTOW,36.0714,-86.7236,POINT (-86.7236 36.0714)
20190838844,11/19/2019 04:57:00 PM,3,0,0,,Y,179583,11,Front to Rear,21,CLEAR,1,DAYLIGHT,12,MOTOR VEHICLE IN TRANSPORT,MM 61 2 I 24,ANTIOCH,TN,37013,87040,SOUTH,36.028,-86.6359,POINT (-86.6359 36.028)
20190896902,12/14/2019 06:52:00 PM,2,0,0,,N,352197,11,Front to Rear,21,CLEAR,3,DARK - LIGHTED,12,MOTOR VEHICLE IN TRANSPORT,MM 61 1 I 24,ANTIOCH,TN,37013,8806,SOUTH,36.0284,-86.636,POINT (-86.636 36.0284)
20190745371,10/10/2019 03:43:00 PM,2,0,0,,N,279116,4,ANGLE,22,CLOUDY,1,DAYLIGHT,12,MOTOR VEHICLE IN TRANSPORT,MUSIC SQE & DIVISION ST,NASHVILLE,TN,37203,6733,MIDTOW,36.1518,-86.7916,POINT (-86.7916 36.1518)
20190794576,10/31/2019 08:14:00 PM,2,0,0,,Y,772946,11,Front to Rear,2,RAIN,3,DARK - LIGHTED,13,MOTOR VEHICLE IN TRANSPORT-OTHER ROADWAY,DR D B TODD JR BLVD & JEFFERSON ST,NASHVILLE,TN,37208,5325,NORTH,36.1695,-86.8067,POINT (-86.8067 36.1695)
20190700936,09/21/2019 05:36:00 PM,2,0,0,,N,330415,11,Front to Rear,21,CLEAR,1,DAYLIGHT,12,MOTOR VEHICLE IN TRANSPORT,0 4TH AVS,NASHVILLE,TN,37210,8143,SOUTH,36.1465,-86.7677,POINT (-86.7677 36.1465)
20190614178,08/17/2019 04:50:00 PM,1,0,0,Y,Y,311798,0,NOT COLLISION W/MOTOR VEHICLE-TRANSPORT,21,CLEAR,1,DAYLIGHT,27,H-WAY TRAFFIC SIGNAL POST,I40 E EXT RAMP & I 40,NASHVILLE,TN,37214,8955,HERMIT,36.155,-86.6271,POINT (-86.6271 36.155)
20190875838,12/05/2019 07:35:00 PM,2,1,0,,N,240983,11,Front to Rear,21,CLEAR,3,DARK - LIGHTED,12,MOTOR VEHICLE IN TRANSPORT,MM 52 7 I 24,NASHVILLE,TN,37210,81022,SOUTH,36.1226,-86.7277,POINT (-86.7277 36.1226)
20190607145,08/14/2019 09:48:00 PM,2,1,0,,Y,256426,11,Front to Rear,21,CLEAR,2,DARK - NOT LIGHTED,12,MOTOR VEHICLE IN TRANSPORT,MM 51 5 I 24,NASHVILLE,TN,37210,9004,HERMIT,36.1404,-86.7287,POINT (-86.7287 36.1404)
20190814742,11/09/2019 09:27:00 AM,2,0,0,,N,311331,11,Front to Rear,21,CLEAR,1,DAYLIGHT,12,MOTOR VEHICLE IN TRANSPORT,E TRINITY LN & CASPER AV,NASHVILLE,TN,37216,1851,EAST,36.2037,-86.7393,POINT (-86.7393 36.2037)
20190882089,12/08/2019 08:37:00 PM,3,0,0,,N,299266,4,ANGLE,21,CLEAR,2,DARK - NOT LIGHTED,12,MOTOR VEHICLE IN TRANSPORT,MM 58 9 I 24,ANTIOCH,TN,37013,87061,SOUTH,36.0494,-86.6662,POINT (-86.6662 36.0494)
20190762125,10/17/2019 07:00:00 PM,3,3,0,,N,256386,11,Front to Rear,21,CLEAR,3,DARK - LIGHTED,12,MOTOR VEHICLE IN TRANSPORT,LEBANON PKE & J B ESTILLE DR,NASHVILLE,TN,37214,9125,HERMIT,36.1687,-86.6669,POINT (-86.6669 36.1687)
20190676727,09/11/2019 05:38:00 PM,1,1,0,,N,151132,0,NOT COLLISION W/MOTOR VEHICLE-TRANSPORT,21,CLEAR,1,DAYLIGHT,9,,3RD AV & MAPLE ST,MADISON,TN,37115,1607,MADISO,36.1664,-86.8056,POINT (-86.8056 36.1664)
20190628164,08/22/2019 07:16:00 PM,2,0,0,,N,256444,5,SIDESWIPE - SAME DIRECTION,2,RAIN,2,DARK - NOT LIGHTED,12;24,MOTOR VEHICLE IN TRANSPORT;GUARDRAIL FACE,MM 220 1 I 40,HERMITAGE,TN,37076,94021,HERMIT,36.1655,-86.6137,POINT (-86.6137 36.1655)
20190888207,12/11/2019 05:35:00 AM,2,0,0,,N,212335,2,HEAD-ON,21,CLEAR,4,DAWN,12,MOTOR VEHICLE IN TRANSPORT,SHELBY AV & I24 E ENT RAMP,NASHVILLE,TN,37213,1007,CENTRA,36.1662,-86.7658,POINT (-86.7658 36.1662)
20190642810,08/28/2019 04:15:00 PM,2,0,0,,N,909486,4,ANGLE,21,CLEAR,1,DAYLIGHT,12,MOTOR VEHICLE IN TRANSPORT,FRANKLIN PIKE CIR & OLD HICKORY BLVD,BRENTWOOD,TN,37027,8619,MIDTOW,36.0412,-86.7795,POINT (-86.7795 36.0412)
20190826135,11/14/2019 07:30:00 AM,2,0,0,,N,191578,11,Front to Rear,21,CLEAR,1,DAYLIGHT,12,MOTOR VEHICLE IN TRANSPORT,MM 212 3 I 40,NASHVILLE,TN,37210,8206,HERMIT,36.1447,-86.7399,POINT (-86.7399 36.1447)
20190880556,12/07/2019 08:46:00 PM,1,0,0,,N,279201,0,NOT COLLISION W/MOTOR VEHICLE-TRANSPORT,21,CLEAR,2,DARK - NOT LIGHTED,18,OTHER OBJECT (NOT FIXED),PENNINGTON BEND RD & BRILEY PKWYW,NASHVILLE,TN,37214,9215,HERMIT,36.237,-86.709,POINT (-86.709 36.237)
20190833612,11/17/2019 04:30:00 PM,2,0,0,,Y,240957,11,Front to Rear,21,CLEAR,1,DAYLIGHT,12,MOTOR VEHICLE IN TRANSPORT,NOLENSVILLE PKE & TUSCULUM RD,NASHVILLE,TN,37211,8715,SOUTH,36.0587,-86.7162,POINT (-86.7162 36.0587)
20190851821,11/25/2019 07:30:00 AM,2,0,0,,N,235761,5,SIDESWIPE - SAME DIRECTION,21,CLEAR,1,DAYLIGHT,12,MOTOR VEHICLE IN TRANSPORT,BRILEY PKWYN & BRILEY PKWYS,NASHVILLE,TN,37211,8404,SOUTH,36.1092,-86.727,POINT (-86.727 36.1092)
20190670545,09/09/2019 10:50:00 AM,2,0,0,,N,225950,11,Front to Rear,21,CLEAR,1,DAYLIGHT,12,MOTOR VEHICLE IN TRANSPORT,CHARLOTTE AV & 26TH AVN,NASHVILLE,TN,37209,5341,MIDTOW,36.1545,-86.8156,POINT (-86.8156 36.1545)
20190729591,10/03/2019 04:01:00 PM,2,0,0,,N,298863,11,Front to Rear,21,CLEAR,1,DAYLIGHT,12,MOTOR VEHICLE IN TRANSPORT,CHARLOTTE AV & 11TH AVN,NASHVILLE,TN,37203,4205,CENTRA,36.1627,-86.7894,POINT (-86.7894 36.1627)
20190729522,10/03/2019 05:22:00 PM,2,1,0,,N,212369,11,Front to Rear,21,CLEAR,1,DAYLIGHT,12,MOTOR VEHICLE IN TRANSPORT,EDMONDSON PKE & BRIGHTON VILLAGE DR,NASHVILLE,TN,37211,8653,MIDTOW,36.0449,-86.744,POINT (-86.744 36.0449)
20190812743,11/08/2019 11:32:00 AM,1,0,0,,N,110063,0,NOT COLLISION W/MOTOR VEHICLE-TRANSPORT,21,CLEAR,1,DAYLIGHT,50,DEER (ANIMAL),ASHLAND CITY HWY & AMY LYNN DR,NASHVILLE,TN,37218,3235,NORTH,36.2103,-86.8776,POINT (-86.8776 36.2103)
20190932665,12/31/2019 08:20:00 PM,4,0,0,,Y,298860,5,SIDESWIPE - SAME DIRECTION,21,CLEAR,2,DARK - NOT LIGHTED,12;14,MOTOR VEHICLE IN TRANSPORT;PARKED MOTOR VEHICLE,OLD HICKORY BLVD & BURNING TREE DR,HERMITAGE,TN,37076,9557,HERMIT,36.1742,-86.6019,POINT (-86.6019 36.1742)
20190660359,09/04/2019 05:17:00 PM,2,0,0,,Y,256389,5,SIDESWIPE - SAME DIRECTION,21,CLEAR,1,DAYLIGHT,12;14,MOTOR VEHICLE IN TRANSPORT;PARKED MOTOR VEHICLE,CHET ATKINS PL & MUSIC SQE,NASHVILLE,TN,37212,6713,MIDTOW,36.1484,-86.7924,POINT (-86.7924 36.1484)
20190759439,10/16/2019 05:34:00 PM,2,1,0,,N,256446,4,ANGLE,21,CLEAR,1,DAYLIGHT,12,MOTOR VEHICLE IN TRANSPORT,ZELIDA AV & BELL RD,ANTIOCH,TN,37013,8865,SOUTH,36.0549,-86.6425,POINT (-86.6425 36.0549)
20190708642,09/25/2019 12:27:00 AM,2,1,0,,Y,256376,0,NOT COLLISION W/MOTOR VEHICLE-TRANSPORT,21,CLEAR,3,DARK - LIGHTED,7;99,UNKNOWN MOST HARMFUL EVENT,CLARKSVILLE PKE & ROSA L PARKS BLVD,NASHVILLE,TN,37228,4483,NORTH,36.1889,-86.8231,POINT (-86.8231 36.1889)
20190699273,09/20/2019 12:00:00 AM,2,1,0,,N,298877,11,Front to Rear,21,CLEAR,2,DARK - NOT LIGHTED,12,MOTOR VEHICLE IN TRANSPORT,MM 51 1 I 24,NASHVILLE,TN,37210,81020,SOUTH,36.1315,-86.7272,POINT (-86.7272 36.1315)
20190838673,11/19/2019 04:23:00 PM,2,1,0,,N,240985,98,OTHER,21,CLEAR,1,DAYLIGHT,12,MOTOR VEHICLE IN TRANSPORT,WALLACE RD & EDMONDSON PKE,NASHVILLE,TN,37211,8701,SOUTH,36.0778,-86.7242,POINT (-86.7242 36.0778)
20190707213,09/24/2019 11:47:00 AM,2,0,0,,N,462474,11,Front to Rear,21,CLEAR,1,DAYLIGHT,12,MOTOR VEHICLE IN TRANSPORT,BATTERY LN & SOPER AV,NASHVILLE,TN,37220,7103,MIDTOW,36.0882,-86.788,POINT (-86.788 36.0882)
20190719020,09/29/2019 09:27:00 AM,2,0,0,,Y,462501,5,SIDESWIPE - SAME DIRECTION,21,CLEAR,1,DAYLIGHT,12,MOTOR VEHICLE IN TRANSPORT,MM 211 3 I 40,NASHVILLE,TN,37210,9002,HERMIT,36.1524,-86.7539,POINT (-86.7539 36.1524)
20190605382,08/14/2019 08:04:00 AM,2,0,0,,N,620057,4,ANGLE,21,CLEAR,1,DAYLIGHT,12,MOTOR VEHICLE IN TRANSPORT,EWING LN & BRICK CHURCH PKE,NASHVILLE,TN,37207,2031,MADISO,36.2323,-86.7803,POINT (-86.7803 36.2323)
20190642823,08/28/2019 04:17:00 PM,2,0,0,,N,419972,4,ANGLE,21,CLEAR,1,DAYLIGHT,12,MOTOR VEHICLE IN TRANSPORT,46TH AVN & PARK AV,NASHVILLE,TN,37209,5129,WEST,36.1516,-86.8422,POINT (-86.8422 36.1516)
20190758203,10/16/2019 07:06:00 AM,2,0,0,,N,225773,5,SIDESWIPE - SAME DIRECTION,21,CLEAR,1,DAYLIGHT,12,MOTOR VEHICLE IN TRANSPORT,I440 W ENT RAMP & I 440,NASHVILLE,TN,37210,81021,SOUTH,36.1259,-86.7322,POINT (-86.7322 36.1259)
20190773308,10/22/2019 06:57:00 PM,2,0,0,,N,151132,11,Front to Rear,21,CLEAR,3,DARK - LIGHTED,12,MOTOR VEHICLE IN TRANSPORT,GALLATIN PKEN & CUDE LN,MADISON,TN,37115,1731,MADISO,36.2998,-86.6965,POINT (-86.6965 36.2998)
20190593488,08/09/2019 01:45:00 PM,2,0,0,,Y,140777,98,OTHER,21,CLEAR,1,DAYLIGHT,14;55,PARKED MOTOR VEHICLE;Motor Vehicle-In-Motion Outside Trafficw,CHARLOTTE AV & 15TH AVN,NASHVILLE,TN,37203,5425,NORTH,36.1602,-86.7948,POINT (-86.7948 36.1602)
20190803753,11/04/2019 09:38:00 PM,1,0,0,Y,N,352170,0,NOT COLLISION W/MOTOR VEHICLE-TRANSPORT,21,CLEAR,2,DARK - NOT LIGHTED,34;40,DITCH;MAIL BOX,HAMILTON CHURCH RD & OCEANFRONT CIRN,ANTIOCH,TN,37013,8905,SOUTH,36.0548,-86.5784,POINT (-86.5784 36.0548)
20190843111,11/21/2019 09:30:00 AM,2,1,0,,N,279227,11,Front to Rear,21,CLEAR,1,DAYLIGHT,12,MOTOR VEHICLE IN TRANSPORT,MURFREESBORO PKE & BELL RD,ANTIOCH,TN,37013,8865,SOUTH,36.072,-86.636,POINT (-86.636 36.072)
20190724932,10/01/2019 09:39:00 PM,2,0,0,,N,384423,4,ANGLE,21,CLEAR,3,DARK - LIGHTED,12,MOTOR VEHICLE IN TRANSPORT,MM 211 1 I 40,NASHVILLE,TN,37210,8008,HERMIT,36.1539,-86.7571,POINT (-86.7571 36.1539)
20190807410,11/06/2019 08:17:00 AM,1,0,0,Y,Y,191578,0,NOT COLLISION W/MOTOR VEHICLE-TRANSPORT,21,CLEAR,1,DAYLIGHT,29;40,LUMINAIRE/LIGHT SUPPORT;MAIL BOX,SMITH SPRINGS RD & BELL RD,NASHVILLE,TN,37217,8935,HERMIT,36.1295,-86.8404,POINT (-86.8404 36.1295)
20190728600,10/03/2019 09:27:00 AM,2,0,0,,N,225773,11,Front to Rear,21,CLEAR,1,DAYLIGHT,12,MOTOR VEHICLE IN TRANSPORT,HARDING PL & HILLSBORO PKE,NASHVILLE,TN,37215,6311,MIDTOW,36.0914,-86.8285,POINT (-86.8285 36.0914)
20190882237,12/08/2019 10:20:00 PM,2,0,0,,Y,311336,11,Front to Rear,21,CLEAR,3,DARK - LIGHTED,12,MOTOR VEHICLE IN TRANSPORT,E TRINITY LN & W TRINITY LN,NASHVILLE,TN,37207,1861,EAST,36.2059,-86.7686,POINT (-86.7686 36.2059)
20190739299,10/08/2019 07:32:00 AM,1,1,0,,N,109534,0,NOT COLLISION W/MOTOR VEHICLE-TRANSPORT,22,CLOUDY,5,DUSK,33,CURB,LEBANON PKE & RIVERCREST PASS,NASHVILLE,TN,37214,9403,HERMIT,36.171,-86.6527,POINT (-86.6527 36.171)
20190821990,11/12/2019 04:28:00 PM,2,0,0,,N,384439,5,SIDESWIPE - SAME DIRECTION,21,CLEAR,1,DAYLIGHT,12,MOTOR VEHICLE IN TRANSPORT,SHELBY AV & S 4TH ST,NASHVILLE,TN,37206,1009,EAST,36.167,-86.7637,POINT (-86.7637 36.167)
20190908598,12/19/2019 05:55:00 PM,2,0,0,,Y,279211,4,ANGLE,22,CLOUDY,3,DARK - LIGHTED,12,MOTOR VEHICLE IN TRANSPORT,WELWORTH ST & GALLATIN PKEN,MADISON,TN,37115,1717,MADISO,36.2822,-86.7075,POINT (-86.7075 36.2822)
20190898342,12/15/2019 02:57:00 PM,1,2,0,,N,725774,0,NOT COLLISION W/MOTOR VEHICLE-TRANSPORT,22,CLOUDY,1,DAYLIGHT,34,DITCH,ALVIN SPERRY RD & LAKESIDE MEADOWS CIR,MOUNT JULIET,TN,37122,9551,HERMIT,36.1408,-86.5625,POINT (-86.5625 36.1408)
20190810827,11/07/2019 02:44:00 PM,2,0,0,,N,352168,11,Front to Rear,2,RAIN,1,DAYLIGHT,12,MOTOR VEHICLE IN TRANSPORT,BLACKMAN RD & SALEM DR,NASHVILLE,TN,37211,8605,MIDTOW,36.0745,-86.7475,POINT (-86.7475 36.0745)
20190798521,11/02/2019 02:19:00 PM,2,0,0,,N,320603,11,Front to Rear,21,CLEAR,1,DAYLIGHT,12,MOTOR VEHICLE IN TRANSPORT,OLD HICKORY BLVD & HILLSBORO PKE,NASHVILLE,TN,37221,6215,WEST,36.0476,-86.8637,POINT (-86.8637 36.0476)
20190741469,10/09/2019 04:31:00 AM,1,0,0,,N,384402,0,NOT COLLISION W/MOTOR VEHICLE-TRANSPORT,21,CLEAR,2,DARK - NOT LIGHTED,7,,HOBSON PKE & SMITH SPRINGS PKWY,ANTIOCH,TN,37013,8907,SOUTH,36.0683,-86.5858,POINT (-86.5858 36.0683)
20190701484,09/21/2019 09:23:00 PM,1,1,0,,N,284059,0,NOT COLLISION W/MOTOR VEHICLE-TRANSPORT,21,CLEAR,2,DARK - NOT LIGHTED,34;63,DITCH;Ran Off Road-Right,CLARKSVILLE PKE & HARPER RD,JOELTON,TN,37080,3315,NORTH,36.2795,-86.8734,POINT (-86.8734 36.2795)
20190735475,10/06/2019 10:43:00 AM,2,0,0,,N,179602,11,Front to Rear,2,RAIN,1,DAYLIGHT,12,MOTOR VEHICLE IN TRANSPORT,MM 87 4 I 65,NASHVILLE,TN,37207,1804,EAST,36.2081,-86.7761,POINT (-86.7761 36.2081)
20190796041,11/01/2019 12:19:00 PM,3,0,0,,Y,226622,11,Front to Rear,21,CLEAR,1,DAYLIGHT,12,MOTOR VEHICLE IN TRANSPORT,HIGHWAY 100 & TEMPLE RD,NASHVILLE,TN,37221,4807,WEST,36.0456,-86.9496,POINT (-86.9496 36.0456)
20190701959,09/22/2019 03:48:00 AM,2,0,0,,N,320584,0,NOT COLLISION W/MOTOR VEHICLE-TRANSPORT,21,CLEAR,3,DARK - LIGHTED,18;7,OTHER OBJECT (NOT FIXED),MM 52 2 I 24,NASHVILLE,TN,37217,8816,SOUTH,36.1359,-86.7267,POINT (-86.7267 36.1359)
20190795624,11/01/2019 08:02:00 AM,1,0,0,Y,Y,462474,0,NOT COLLISION W/MOTOR VEHICLE-TRANSPORT,21,CLEAR,1,DAYLIGHT,38;41;63,FENCE;SHRUBBERY;Ran Off Road-Right,MARCHANT DR & ELLINGTON AG CENTER PVTDR,NASHVILLE,TN,37220,8615,MIDTOW,36.0606,-86.747,POINT (-86.747 36.0606)
20190730650,10/03/2019 10:45:00 PM,2,0,0,,Y,320584,11,Front to Rear,21,CLEAR,3,DARK - LIGHTED,12,MOTOR VEHICLE IN TRANSPORT,ANTIOCH PKE & HAYWOOD LN,ANTIOCH,TN,37013,8899,SOUTH,36.0703,-86.6845,POINT (-86.6845 36.0703)
20190809798,11/07/2019 07:11:00 AM,2,0,0,,N,665896,11,Front to Rear,2,RAIN,1,DAYLIGHT,12,MOTOR VEHICLE IN TRANSPORT,ELLINGTON PKWYS & ELLINGTON PKWY S EXT R,NASHVILLE,TN,37207,18960,EAST,36.1953,-86.7527,POINT (-86.7527 36.1953)
20190872342,12/04/2019 11:39:00 AM,2,1,0,,N,109534,5,SIDESWIPE - SAME DIRECTION,21,CLEAR,1,DAYLIGHT,12,MOTOR VEHICLE IN TRANSPORT,I24 W EXT RAMP & SPENCE LN,NASHVILLE,TN,37217,8801,SOUTH,36.1358,-86.725,POINT (-86.725 36.1358)
20190743438,10/09/2019 11:01:00 PM,2,0,0,,N,212342,11,Front to Rear,21,CLEAR,3,DARK - LIGHTED,12,MOTOR VEHICLE IN TRANSPORT,MM 211 6 I 40,NASHVILLE,TN,37210,82042,HERMIT,36.1508,-86.7502,POINT (-86.7502 36.1508)
20190801240,11/03/2019 11:30:00 PM,2,0,0,,N,212342,4,ANGLE,21,CLEAR,3,DARK - LIGHTED,12,MOTOR VEHICLE IN TRANSPORT,US HWY 41 & GLENGARRY DR,NASHVILLE,TN,37217,8823,HERMIT,36.1209,-86.7035,POINT (-86.7035 36.1209)
20190718266,09/28/2019 08:26:00 AM,2,0,0,,Y,197060,5,SIDESWIPE - SAME DIRECTION,21,CLEAR,3,DARK - LIGHTED,14,PARKED MOTOR VEHICLE,2010 GALLATIN PKEN,GOODLETTSVILLE,TN,37072,1751,MADISO,36.3015,-86.6942,POINT (-86.6942 36.3015)
20190635403,08/25/2019 05:13:00 PM,2,0,0,,N,279116,4,ANGLE,2,RAIN,1,DAYLIGHT,12,MOTOR VEHICLE IN TRANSPORT,MM 81 5 I 65,NASHVILLE,TN,37203,8006,MIDTOW,36.1361,-86.7756,POINT (-86.7756 36.1361)
20190623618,08/21/2019 05:27:00 AM,7,1,0,Y,N,716886,5,SIDESWIPE - SAME DIRECTION,21,CLEAR,3,DARK - LIGHTED,12;14;27;40;42,MOTOR VEHICLE IN TRANSPORT;PARKED MOTOR VEHICLE;H-WAY TRAFFIC SIGNAL POST;MAIL BOX;TREE,CLAPHAM RD & SPLIT OAK TRL,ANTIOCH,TN,37013,8891,SOUTH,36.0762,-86.6541,POINT (-86.6541 36.0762)
20190721080,09/30/2019 11:16:00 AM,2,0,0,,N,109534,4,ANGLE,21,CLEAR,1,DAYLIGHT,12,MOTOR VEHICLE IN TRANSPORT,GLASTONBURY RD & SOUTHWOOD PARK PL,NASHVILLE,TN,37217,8825,HERMIT,36.1351,-86.7018,POINT (-86.7018 36.1351)
20190824552,11/13/2019 03:27:00 PM,2,2,0,,N,352155,5,SIDESWIPE - SAME DIRECTION,21,CLEAR,1,DAYLIGHT,12,MOTOR VEHICLE IN TRANSPORT,17TH AVN & HERMAN ST,NASHVILLE,TN,37203,5405,NORTH,36.1647,-86.8022,POINT (-86.8022 36.1647)
20190779805,10/25/2019 10:36:00 AM,2,0,0,,N,134899,11,Front to Rear,2,RAIN,1,DAYLIGHT,12,MOTOR VEHICLE IN TRANSPORT,LEBANON PKE & BIG HORN DR,HERMITAGE,TN,37076,9525,HERMIT,36.1676,-86.7787,POINT (-86.7787 36.1676)
20190684935,09/15/2019 12:48:00 AM,1,1,0,,N,279201,0,NOT COLLISION W/MOTOR VEHICLE-TRANSPORT,21,CLEAR,3,DARK - LIGHTED,24,GUARDRAIL FACE,LEBANON PKE & BRILEY PKWYN,NASHVILLE,TN,37214,9121,HERMIT,36.1684,-86.6882,POINT (-86.6882 36.1684)
20190788037,10/29/2019 12:01:00 AM,1,0,0,,Y,405391,9,UNKNOWN,21,CLEAR,2,DARK - NOT LIGHTED,99,UNKNOWN MOST HARMFUL EVENT,MM 201 7 I 40,NASHVILLE,TN,37209,50023,WEST,36.1371,-86.8912,POINT (-86.8912 36.1371)
20190596035,08/10/2019 04:30:00 PM,2,0,0,,N,330443,11,Front to Rear,21,CLEAR,1,DAYLIGHT,12,MOTOR VEHICLE IN TRANSPORT,S GRAYCROFT AV & OLD HICKORY BLVDW,MADISON,TN,37115,1775,MADISO,36.2634,-86.7324,POINT (-86.7324 36.2634)