Accident Number,Date and Time,Number of Motor Vehicles,Number of Injuries,Number of Fatalities,Property Damage,Hit and Run,Reporting Officer,Collision Type Code,Collision Type Description,Weather Code,Weather Description,Illumination Code,Illumination Description,Harmful Code,Harmful Code Description,Street Address,City,State,ZIP,RPA,Precinct,Latitude,Longitude,Mapped Location
20190804744,11/05/2019 08:20:00 AM,2,0,0,,N,384436,11,Front to Rear,21,CLEAR,1,DAYLIGHT,12,MOTOR VEHICLE IN TRANSPORT,I24E & I440 W ENT RAMP,NASHVILLE,TN,37210,81020,SOUTH,36.1301,-86.7273,POINT (-86.7273 36.1301)
20190639057,08/27/2019 07:40:00 AM,2,1,0,,N,352201,11,Front to Rear,22,CLOUDY,1,DAYLIGHT,12,MOTOR VEHICLE IN TRANSPORT,STEWARTS FERRY PKE & I40 W EXT RAMP,NASHVILLE,TN,37214,9413,HERMIT,36.1565,-86.6313,POINT (-86.6313 36.1565)
20190842270,11/21/2019 12:50:00 AM,2,0,0,,Y,179603,11,Front to Rear,21,CLEAR,3,DARK - LIGHTED,14;55,PARKED MOTOR VEHICLE;Motor Vehicle-In-Motion Outside Trafficw,MOONLIGHT DR & STANDING STONE DR,NASHVILLE,TN,37207,2027,MADISO,36.2481,-86.7764,POINT (-86.7764 36.2481)
20190872338,12/02/2019 08:00:00 AM,2,0,0,,Y,279230,9,UNKNOWN,21,CLEAR,1,DAYLIGHT,14,PARKED MOTOR VEHICLE,E MEADE AV & EMMITT AV,MADISON,TN,37115,1623,MADISO,36.2527,-86.7153,POINT (-86.7153 36.2527)
20190929823,12/30/2019 03:20:00 PM,2,0,0,,Y,279224,11,Front to Rear,21,CLEAR,1,DAYLIGHT,12,MOTOR VEHICLE IN TRANSPORT,S 7TH ST & CAYCE PLACE PVTDR,NASHVILLE,TN,37206,1023,EAST,36.1677,-86.757,POINT (-86.757 36.1677)
20190660231,09/04/2019 04:03:00 PM,2,0,0,,N,267831,11,Front to Rear,21,CLEAR,1,DAYLIGHT,12,MOTOR VEHICLE IN TRANSPORT,I40 W EXT RAMP & CHARLOTTE PKE,NASHVILLE,TN,37209,4701,WEST,36.1303,-86.8999,POINT (-86.8999 36.1303)
20190611489,08/16/2019 02:37:00 PM,2,0,0,,Y,414668,4,ANGLE,21,CLEAR,1,DAYLIGHT,12,MOTOR VEHICLE IN TRANSPORT,GALLATIN PKE & BURCHWOOD AV,NASHVILLE,TN,37216,1403,EAST,36.201,-86.7399,POINT (-86.7399 36.201)
20190731881,10/04/2019 04:30:00 PM,2,2,0,,N,352166,4,ANGLE,21,CLEAR,1,DAYLIGHT,12,MOTOR VEHICLE IN TRANSPORT,2ND AVS & I40 W EXT RAMP,NASHVILLE,TN,37210,4003,CENTRA,36.1518,-86.7686,POINT (-86.7686 36.1518)
20190911161,12/20/2019 07:33:00 PM,2,0,0,,Y,352197,5,SIDESWIPE - SAME DIRECTION,21,CLEAR,3,DARK - LIGHTED,12,MOTOR VEHICLE IN TRANSPORT,MM 59 8 I 24,ANTIOCH,TN,37013,88060,SOUTH,36.0422,-86.6533,POINT (-86.6533 36.0422)
20190655288,09/02/2019 06:25:00 PM,2,0,0,,Y,725756,11,Front to Rear,21,CLEAR,1,DAYLIGHT,12,MOTOR VEHICLE IN TRANSPORT,OLD HICKORY BLVD & BELLEVUE RD,NASHVILLE,TN,37221,4819,WEST,36.0631,-86.9169,POINT (-86.9169 36.0631)
20190704632,09/23/2019 12:39:00 PM,1,1,0,,N,584947,0,NOT COLLISION W/MOTOR VEHICLE-TRANSPORT,21,CLEAR,1,DAYLIGHT,8,PEDESTRIAN,NOLENSVILLE PKE & RAYMOND ST,NASHVILLE,TN,37211,8431,SOUTH,36.0988,-86.739,POINT (-86.739 36.0988)
20190900748,12/16/2019 05:55:00 PM,2,0,0,,N,352204,4,ANGLE,2,RAIN,2,DARK - NOT LIGHTED,12,MOTOR VEHICLE IN TRANSPORT,OLD HARDING PKE & POPLAR CREEK RD,NASHVILLE,TN,37221,4819,WEST,36.0541,-86.9506,POINT (-86.9506 36.0541)
20190905998,12/18/2019 12:00:00 AM,2,1,0,,N,279233,11,Front to Rear,21,CLEAR,3,DARK - LIGHTED,12,MOTOR VEHICLE IN TRANSPORT,MM 204 7 I 40,NASHVILLE,TN,37209,45021,WEST,36.1539,-86.8441,POINT (-86.8441 36.1539)
20190861098,11/29/2019 11:29:00 AM,2,0,0,,N,225773,4,ANGLE,22,CLOUDY,1,DAYLIGHT,12,MOTOR VEHICLE IN TRANSPORT,HILLSBORO PKE & GREEN HILLS VILLAGE DR,NASHVILLE,TN,37215,6411,MIDTOW,36.107,-86.8132,POINT (-86.8132 36.107)
20190600771,08/12/2019 03:22:00 PM,2,0,0,,N,256380,11,Front to Rear,21,CLEAR,1,DAYLIGHT,12,MOTOR VEHICLE IN TRANSPORT,ROSA L PARKS BLVD & DOMINICAN DR,NASHVILLE,TN,37208,4403,NORTH,36.1879,-86.7985,POINT (-86.7985 36.1879)
20190848829,11/23/2019 06:40:00 PM,2,1,0,,Y,256446,4,ANGLE,2,RAIN,3,DARK - LIGHTED,12,MOTOR VEHICLE IN TRANSPORT,HAMILTON CHURCH RD & MURFREESBORO PKE,ANTIOCH,TN,37013,8865,SOUTH,36.0645,-86.6288,POINT (-86.6288 36.0645)
20190874384,12/05/2019 07:45:00 AM,2,1,0,,N,320575,5,SIDESWIPE - SAME DIRECTION,21,CLEAR,1,DAYLIGHT,12,MOTOR VEHICLE IN TRANSPORT,MM 59 2 I 24,ANTIOCH,TN,37013,87061,SOUTH,36.0467,-86.6614,POINT (-86.6614 36.0467)
20190657797,09/03/2019 07:00:00 PM,1,0,0,Y,N,320597,0,NOT COLLISION W/MOTOR VEHICLE-TRANSPORT,21,CLEAR,1,DAYLIGHT,38,FENCE,BROOK VIEW ESTATES DR & OCALA DR,NASHVILLE,TN,37211,8717,SOUTH,36.0501,-86.6958,POINT (-86.6958 36.0501)
20190909986,12/20/2019 08:40:00 AM,2,0,0,,N,352164,11,Front to Rear,21,CLEAR,1,DAYLIGHT,12,MOTOR VEHICLE IN TRANSPORT,MURFREESBORO PKE & MOUNTAIN SPRINGS RD,ANTIOCH,TN,37013,8927,SOUTH,36.0478,-86.6121,POINT (-86.6121 36.0478)
20190796424,11/01/2019 02:40:00 PM,2,2,0,,N,311332,11,Front to Rear,21,CLEAR,1,DAYLIGHT,12,MOTOR VEHICLE IN TRANSPORT,CHARLOTTE PKE & I40 W EXT RAMP,NASHVILLE,TN,37209,4701,WEST,36.1302,-86.9002,POINT (-86.9002 36.1302)
20190777987,10/24/2019 04:06:00 PM,2,0,0,,Y,151132,4,ANGLE,21,CLEAR,1,DAYLIGHT,12,MOTOR VEHICLE IN TRANSPORT,MM 94 2 I 65,GOODLETTSVILLE,TN,37072,17061,MADISO,36.2904,-86.723,POINT (-86.723 36.2904)
20190736911,10/07/2019 07:15:00 AM,2,1,0,,N,262757,11,Front to Rear,22,CLOUDY,1,DAYLIGHT,12,MOTOR VEHICLE IN TRANSPORT,MM 215 6 I 40,NASHVILLE,TN,37214,9102,HERMIT,36.1431,-86.6845,POINT (-86.6845 36.1431)
20190604210,08/13/2019 05:04:00 PM,2,0,0,,N,240955,4,ANGLE,2,RAIN,1,DAYLIGHT,12,MOTOR VEHICLE IN TRANSPORT,AMBONNAY DR & DOLCETTO GROVE,ANTIOCH,TN,37013,8767,SOUTH,36.0002,-86.6893,POINT (-86.6893 36.0002)
20190619080,08/19/2019 04:35:00 PM,2,0,0,,Y,256448,5,SIDESWIPE - SAME DIRECTION,21,CLEAR,1,DAYLIGHT,12,MOTOR VEHICLE IN TRANSPORT,LEBANON PKE & J B ESTILLE DR,NASHVILLE,TN,37214,9125,HERMIT,36.1687,-86.6669,POINT (-86.6669 36.1687)
20190701905,09/22/2019 12:20:00 AM,2,0,0,,Y,311338,11,Front to Rear,21,CLEAR,3,DARK - LIGHTED,14,PARKED MOTOR VEHICLE,TAYLOR ST & DELTA AV,NASHVILLE,TN,37208,4325,NORTH,36.1764,-86.7945,POINT (-86.7945 36.1764)
20190768876,10/20/2019 09:31:00 PM,2,0,0,,Y,716886,4,ANGLE,21,CLEAR,1,DAYLIGHT,12,MOTOR VEHICLE IN TRANSPORT,CEDARMONT DR & CEDARVIEW DR,ANTIOCH,TN,37013,8757,SOUTH,36.0421,-86.7033,POINT (-86.7033 36.0421)
20190702441,09/22/2019 11:05:00 AM,2,0,0,,N,876581,4,ANGLE,21,CLEAR,1,DAYLIGHT,12,MOTOR VEHICLE IN TRANSPORT,MM 90 3 I 65,MADISON,TN,37115,20044,MADISO,36.2409,-86.7515,POINT (-86.7515 36.2409)
20190654854,09/02/2019 01:12:00 PM,2,0,0,,Y,311339,5,SIDESWIPE - SAME DIRECTION,21,CLEAR,1,DAYLIGHT,12,MOTOR VEHICLE IN TRANSPORT,I40 W ENT RAMP & I40 W EXT RAMP,NASHVILLE,TN,37203,4007,CENTRA,36.1508,-86.7709,POINT (-86.7709 36.1508)
20190654876,09/02/2019 01:45:00 PM,2,0,0,,Y,420035,4,ANGLE,21,CLEAR,1,DAYLIGHT,12,MOTOR VEHICLE IN TRANSPORT,BRILEY PKWYW & BRILEY PKWYE,NASHVILLE,TN,37218,3216,NORTH,36.2254,-86.8638,POINT (-86.8638 36.2254)
20190665083,09/06/2019 05:10:00 PM,2,2,0,,N,330431,4,ANGLE,21,CLEAR,1,DAYLIGHT,12,MOTOR VEHICLE IN TRANSPORT,CLARKSVILLE PKE & BEAR HOLLOW RD,JOELTON,TN,37080,3333,NORTH,36.298,-86.8881,POINT (-86.8881 36.298)
20190896344,12/14/2019 11:42:00 AM,2,0,0,,Y,311325,3,REAR-TO-REAR,2,RAIN,1,DAYLIGHT,14,PARKED MOTOR VEHICLE,US HWY 70 & GRAYLYNN DR,NASHVILLE,TN,37214,9307,HERMIT,36.1699,-86.6744,POINT (-86.6744 36.1699)
20190924274,12/27/2019 05:52:00 PM,3,1,0,,N,352197,11,Front to Rear,21,CLEAR,3,DARK - LIGHTED,12,MOTOR VEHICLE IN TRANSPORT,OLD HICKORY BLVD & LOGISTICS WAY,ANTIOCH,TN,37013,8869,SOUTH,36.0286,-86.614,POINT (-86.614 36.0286)
20190837584,11/19/2019 07:30:00 AM,2,0,0,,N,166478,11,Front to Rear,2,RAIN,1,DAYLIGHT,12,MOTOR VEHICLE IN TRANSPORT,MM 86 6 I 65,NASHVILLE,TN,37207,3002,NORTH,36.1959,-86.7761,POINT (-86.7761 36.1959)
20190836537,11/18/2019 08:45:00 PM,2,0,0,,Y,256448,5,SIDESWIPE - SAME DIRECTION,21,CLEAR,3,DARK - LIGHTED,12,MOTOR VEHICLE IN TRANSPORT,I40 E ENT RAMP & I 40,NASHVILLE,TN,37205,4903,WEST,36.1109,-86.922,POINT (-86.922 36.1109)
20190592449,08/09/2019 07:28:00 AM,3,0,0,,N,716886,11,Front to Rear,21,CLEAR,1,DAYLIGHT,12,MOTOR VEHICLE IN TRANSPORT,MM 55 5 I 24,NASHVILLE,TN,37211,8812,SOUTH,36.0886,-86.7019,POINT (-86.7019 36.0886)
20190864497,12/01/2019 04:13:00 AM,1,0,0,,Y,151122,0,NOT COLLISION W/MOTOR VEHICLE-TRANSPORT,21,CLEAR,2,DARK - NOT LIGHTED,34,DITCH,MT VIEW RD & KEVINWOOD CT,ANTIOCH,TN,37013,8861,SOUTH,36.0563,-86.6642,POINT (-86.6642 36.0563)
20190713095,09/26/2019 05:37:00 PM,1,1,0,,N,151132,0,NOT COLLISION W/MOTOR VEHICLE-TRANSPORT,22,CLOUDY,1,DAYLIGHT,34;64,DITCH;Ran Off Road-Left,NESBITT CT & CURTIS DR,MADISON,TN,37115,2131,MADISO,36.2762,-86.7469,POINT (-86.7469 36.2762)
20190668098,09/08/2019 02:52:00 AM,4,4,0,,Y,468097,4,ANGLE,21,CLEAR,3,DARK - LIGHTED,12,MOTOR VEHICLE IN TRANSPORT,MURFREESBORO PKE & NASHBORO BLVD,ANTIOCH,TN,37013,8891,SOUTH,36.0869,-86.6487,POINT (-86.6487 36.0869)
20190606513,08/14/2019 04:34:00 PM,2,1,0,,N,206682,11,Front to Rear,21,CLEAR,1,DAYLIGHT,12,MOTOR VEHICLE IN TRANSPORT,NEELYS BEND RD & WALNUT ST,MADISON,TN,37115,1625,MADISO,36.2558,-86.7096,POINT (-86.7096 36.2558)
20190592961,08/09/2019 11:34:00 AM,2,0,0,,N,267831,4,ANGLE,22,CLOUDY,1,DAYLIGHT,12,MOTOR VEHICLE IN TRANSPORT,WHITE BRIDGE PKE & CHARLOTTE PKE,NASHVILLE,TN,37209,5033,WEST,36.1494,-86.8579,POINT (-86.8579 36.1494)
20190666759,09/07/2019 12:00:00 AM,2,1,0,,N,352179,4,ANGLE,21,CLEAR,1,DAYLIGHT,12,MOTOR VEHICLE IN TRANSPORT,GEORGE L DAVIS BLVD & CHURCH ST,NASHVILLE,TN,37203,4119,CENTRA,36.1584,-86.7906,POINT (-86.7906 36.1584)
20190693984,09/18/2019 07:46:00 PM,2,0,0,,Y,151132,5,SIDESWIPE - SAME DIRECTION,21,CLEAR,2,DARK - NOT LIGHTED,14,PARKED MOTOR VEHICLE,WARRIOR RD & LARKIN SPRINGS RD,MADISON,TN,37115,1635,MADISO,36.2594,-86.6849,POINT (-86.6849 36.2594)
20190626487,08/22/2019 12:00:00 AM,1,0,0,,Y,256493,9,UNKNOWN,21,CLEAR,3,DARK - LIGHTED,99,UNKNOWN MOST HARMFUL EVENT,ANDERSON RD & COUCHVILLE PKE,NASHVILLE,TN,37217,8983,HERMIT,36.107,-86.602,POINT (-86.602 36.107)
20190692423,09/18/2019 12:00:00 AM,2,0,0,Y,Y,676834,0,NOT COLLISION W/MOTOR VEHICLE-TRANSPORT,21,CLEAR,9,UNKNOWN,12;14;40;71;72,MOTOR VEHICLE IN TRANSPORT;PARKED MOTOR VEHICLE;MAIL BOX;EMBANKMENT EARTH;EMBANKMENT ROCK/STONE/CONCRETE,1700 25TH AVN,NASHVILLE,TN,37208,4463,NORTH,36.179,-86.8167,POINT (-86.8167 36.179)
20190598057,08/11/2019 01:00:00 PM,2,0,0,,N,571328,11,Front to Rear,21,CLEAR,1,DAYLIGHT,12,MOTOR VEHICLE IN TRANSPORT,MM 49 2 I 24,NASHVILLE,TN,37213,1002,CENTRA,36.1637,-86.7625,POINT (-86.7625 36.1637)
20190645538,08/29/2019 06:09:00 PM,1,0,0,,Y,212346,0,NOT COLLISION W/MOTOR VEHICLE-TRANSPORT,21,CLEAR,1,DAYLIGHT,36,CONCRETE TRAFFIC BARRIER,MM 208 4 I 40,NASHVILLE,TN,37203,54024,NORTH,36.165,-86.7943,POINT (-86.7943 36.165)
20190766230,10/19/2019 12:23:00 PM,2,1,0,,N,352159,4,ANGLE,22,CLOUDY,1,DAYLIGHT,12,MOTOR VEHICLE IN TRANSPORT,GALLATIN PKE & DELMAS AV,NASHVILLE,TN,37216,1401,EAST,36.1992,-86.7409,POINT (-86.7409 36.1992)
20190641679,08/28/2019 07:10:00 AM,2,1,0,,N,665896,11,Front to Rear,21,CLEAR,1,DAYLIGHT,12,MOTOR VEHICLE IN TRANSPORT,I65 N EXT RAMP & DICKERSON PKE,NASHVILLE,TN,37216,1805,EAST,36.2366,-86.7581,POINT (-86.7581 36.2366)
20190883565,12/09/2019 12:16:00 PM,2,1,0,,N,109534,11,Front to Rear,22,CLOUDY,1,DAYLIGHT,12,MOTOR VEHICLE IN TRANSPORT,DONELSON PKE & I40 E EXT RAMP,NASHVILLE,TN,37217,8951,HERMIT,36.1401,-86.6664,POINT (-86.6664 36.1401)
20190878404,12/06/2019 07:00:00 PM,2,0,0,,Y,151132,5,SIDESWIPE - SAME DIRECTION,22,CLOUDY,2,DARK - NOT LIGHTED,12,MOTOR VEHICLE IN TRANSPORT,MM 38 8 I 24,WHITES CREEK,TN,37189,2212,NORTH,36.2992,-86.8116,POINT (-86.8116 36.2992)
20190825046,11/13/2019 06:53:00 PM,2,0,0,,N,887598,5,SIDESWIPE - SAME DIRECTION,21,CLEAR,3,DARK - LIGHTED,12,MOTOR VEHICLE IN TRANSPORT,DICKERSON PKE & BROADMOOR DR,NASHVILLE,TN,37207,1809,EAST,36.2277,-86.7596,POINT (-86.7596 36.2277)
20190597331,08/11/2019 03:42:00 AM,2,0,0,,Y,175719,11,Front to Rear,21,CLEAR,3,DARK - LIGHTED,12,MOTOR VEHICLE IN TRANSPORT,FERN AV & ELMHURST AV,NASHVILLE,TN,37207,1867,EAST,36.1953,-86.7734,POINT (-86.7734 36.1953)
20190646937,08/30/2019 07:26:00 AM,2,0,0,,N,279110,6,SIDESWIPE - OPPOSITE DIRECTION,21,CLEAR,1,DAYLIGHT,12,MOTOR VEHICLE IN TRANSPORT,TIMMONS ST & SIMMONS AV,NASHVILLE,TN,37211,8403,SOUTH,36.1076,-86.7411,POINT (-86.7411 36.1076)
20190833232,11/17/2019 10:31:00 AM,3,1,0,,N,311799,11,Front to Rear,21,CLEAR,1,DAYLIGHT,12,MOTOR VEHICLE IN TRANSPORT,OLD HICKORY BLVD & CRESTMONT CT,NASHVILLE,TN,37207,2133,MADISO,36.276,-86.7662,POINT (-86.7662 36.276)
20190761162,10/19/2019 11:00:00 AM,2,0,0,,N,538214,5,SIDESWIPE - SAME DIRECTION,22,CLOUDY,1,DAYLIGHT,12,MOTOR VEHICLE IN TRANSPORT,MM 43 5 I 24,NASHVILLE,TN,37207,2014,MADISO,36.2381,-86.786,POINT (-86.786 36.2381)
20190733806,10/05/2019 12:05:00 PM,1,0,0,Y,N,330435,0,NOT COLLISION W/MOTOR VEHICLE-TRANSPORT,21,CLEAR,1,DAYLIGHT,38,FENCE,DELMAS AV & FAIRWIN AV,NASHVILLE,TN,37216,1851,EAST,36.1999,-86.7435,POINT (-86.7435 36.1999)
20190683229,09/14/2019 12:00:00 AM,1,1,0,Y,N,197075,0,NOT COLLISION W/MOTOR VEHICLE-TRANSPORT,21,CLEAR,3,DARK - LIGHTED,1;25;63,GUARDRAIL END;Ran Off Road-Right,MM 92 7 I 65,MADISON,TN,37115,17062,MADISO,36.2709,-86.7365,POINT (-86.7365 36.2709)
20190846298,11/22/2019 12:26:00 PM,2,0,0,,N,279110,5,SIDESWIPE - SAME DIRECTION,21,CLEAR,1,DAYLIGHT,12,MOTOR VEHICLE IN TRANSPORT,MM 53 9 I 24,NASHVILLE,TN,37211,88122,SOUTH,36.1073,-86.7197,POINT (-86.7197 36.1073)
20190786518,10/28/2019 04:30:00 PM,2,0,0,,Y,330428,11,Front to Rear,21,CLEAR,1,DAYLIGHT,14,PARKED MOTOR VEHICLE,RICHLAND CREEK SHOPPING CENTER & MORROW,NASHVILLE,TN,37209,5117,WEST,36.1521,-86.8525,POINT (-86.8525 36.1521)
20190655176,09/02/2019 05:08:00 PM,2,0,0,,N,524985,11,Front to Rear,21,CLEAR,1,DAYLIGHT,12,MOTOR VEHICLE IN TRANSPORT,W TRINITY LN & BRICK CHURCH PKE,NASHVILLE,TN,37207,3003,NORTH,36.2066,-86.7779,POINT (-86.7779 36.2066)
20190926987,12/29/2019 03:02:00 AM,2,0,0,,Y,256377,4,ANGLE,2,RAIN,3,DARK - LIGHTED,12,MOTOR VEHICLE IN TRANSPORT,KAREN DR & BRILEY PKWY,NASHVILLE,TN,37217,8827,HERMIT,36.1395,-86.7005,POINT (-86.7005 36.1395)
20190712279,09/26/2019 10:23:00 AM,2,0,0,,N,594473,6,SIDESWIPE - OPPOSITE DIRECTION,22,CLOUDY,1,DAYLIGHT,12,MOTOR VEHICLE IN TRANSPORT,SOUTHSIDE CT & SOUTHSIDE PL,NASHVILLE,TN,37203,6805,MIDTOW,36.1463,-86.7832,POINT (-86.7832 36.1463)
20190736602,10/07/2019 02:40:00 AM,1,1,0,,N,279203,0,NOT COLLISION W/MOTOR VEHICLE-TRANSPORT,2,RAIN,3,DARK - LIGHTED,31,"OTHER POST, POLE, SUPP.",5TH AVS & BROADWAY,NASHVILLE,TN,37203,4089,CENTRA,36.1605,-86.7784,POINT (-86.7784 36.1605)
20190870153,12/03/2019 04:17:00 PM,2,0,0,,Y,240983,11,Front to Rear,21,CLEAR,1,DAYLIGHT,12,MOTOR VEHICLE IN TRANSPORT,I24 E EXT RAMP & I 24,NASHVILLE,TN,37207,30080,NORTH,36.2378,-86.7872,POINT (-86.7872 36.2378)
20190888501,12/11/2019 08:09:00 AM,2,0,0,,N,384436,11,Front to Rear,21,CLEAR,1,DAYLIGHT,12,MOTOR VEHICLE IN TRANSPORT,LYLE LN & FOSTER AV,NASHVILLE,TN,37210,8111,SOUTH,36.1284,-86.742,POINT (-86.742 36.1284)
20190913734,12/22/2019 06:13:00 AM,2,0,0,,N,109534,11,Front to Rear,21,CLEAR,3,DARK - LIGHTED,12,MOTOR VEHICLE IN TRANSPORT,MM 210 6 I 40,NASHVILLE,TN,37210,8202,HERMIT,36.1526,-86.7659,POINT (-86.7659 36.1526)
20190820640,11/12/2019 12:00:00 AM,1,0,0,,N,320591,0,NOT COLLISION W/MOTOR VEHICLE-TRANSPORT,21,CLEAR,2,DARK - NOT LIGHTED,18,OTHER OBJECT (NOT FIXED),MM 62 4 I 24,ANTIOCH,TN,37013,8806,SOUTH,36.0157,-86.6218,POINT (-86.6218 36.0157)
20190886693,12/10/2019 03:30:00 PM,1,3,0,Y,N,330431,0,NOT COLLISION W/MOTOR VEHICLE-TRANSPORT,22,CLOUDY,1,DAYLIGHT,34;40;43;63,DITCH;MAIL BOX;OTHER FIXED OBJECTS;Ran Off Road-Right,EWING DR & EWING LN,NASHVILLE,TN,37207,3023,NORTH,36.2324,-86.787,POINT (-86.787 36.2324)
20190605442,08/14/2019 08:30:00 AM,2,0,0,,N,676834,5,SIDESWIPE - SAME DIRECTION,21,CLEAR,1,DAYLIGHT,14,PARKED MOTOR VEHICLE,HERMAN ST & 17TH AVN,NASHVILLE,TN,37203,5405,NORTH,36.1646,-86.8023,POINT (-86.8023 36.1646)
20190854572,11/26/2019 09:07:00 AM,3,0,0,,N,716886,11,Front to Rear,21,CLEAR,1,DAYLIGHT,12,MOTOR VEHICLE IN TRANSPORT,MORRIS GENTRY BLVD & BELL RD,ANTIOCH,TN,37013,8865,SOUTH,36.0665,-86.6367,POINT (-86.6367 36.0665)
20190717800,09/28/2019 05:50:00 PM,2,0,0,,Y,320577,4,ANGLE,21,CLEAR,1,DAYLIGHT,12,MOTOR VEHICLE IN TRANSPORT,WEDGEWOOD AV & I65 N ENT RAMP,NASHVILLE,TN,37204,8027,MIDTOW,36.1343,-86.7747,POINT (-86.7747 36.1343)
20190584720,08/06/2019 03:26:00 PM,2,1,0,,N,212343,4,ANGLE,22,CLOUDY,1,DAYLIGHT,12,MOTOR VEHICLE IN TRANSPORT,INTERSTATE DR & WOODLAND ST,NASHVILLE,TN,37213,1105,CENTRA,36.1705,-86.7684,POINT (-86.7684 36.1705)
20190705443,09/23/2019 05:40:00 PM,2,0,0,,Y,169425,2,HEAD-ON,21,CLEAR,1,DAYLIGHT,12,MOTOR VEHICLE IN TRANSPORT,EDMONDSON PKE & WALLACE RD,NASHVILLE,TN,37211,8661,MIDTOW,36.0771,-86.7256,POINT (-86.7256 36.0771)
20190808254,11/06/2019 03:20:00 PM,2,0,0,,Y,256386,6,SIDESWIPE - OPPOSITE DIRECTION,22,CLOUDY,1,DAYLIGHT,12,MOTOR VEHICLE IN TRANSPORT,REYNOLDS RD & COUCHVILLE PKE,NASHVILLE,TN,37217,8947,HERMIT,36.1081,-86.6472,POINT (-86.6472 36.1081)
20190876937,12/06/2019 07:15:00 AM,2,0,0,,N,676834,11,Front to Rear,22,CLOUDY,1,DAYLIGHT,12,MOTOR VEHICLE IN TRANSPORT,MM 86 1 I 65,NASHVILLE,TN,37228,44060,NORTH,36.1918,-86.7835,POINT (-86.7835 36.1918)
20190850129,11/24/2019 10:30:00 AM,2,0,0,,N,384445,16,Rear to Side,21,CLEAR,1,DAYLIGHT,12,MOTOR VEHICLE IN TRANSPORT,DR WALTER S DAVIS BLVD & 40TH AVN,NASHVILLE,TN,37209,4507,WEST,36.1646,-86.8385,POINT (-86.8385 36.1646)
20190831378,11/16/2019 12:20:00 PM,2,1,0,,N,299247,0,NOT COLLISION W/MOTOR VEHICLE-TRANSPORT,21,CLEAR,1,DAYLIGHT,1;12,MOTOR VEHICLE IN TRANSPORT,MM 221 4 I 40,HERMITAGE,TN,37076,95020,HERMIT,36.17,-86.5912,POINT (-86.5912 36.17)
20190894194,12/13/2019 12:05:00 PM,2,0,0,,Y,834798,11,Front to Rear,21,CLEAR,1,DAYLIGHT,12,MOTOR VEHICLE IN TRANSPORT,MM 210 5 I 40,NASHVILLE,TN,37210,8202,HERMIT,36.1522,-86.7669,POINT (-86.7669 36.1522)
20190909636,12/20/2019 05:30:00 AM,2,0,0,,Y,206683,4,ANGLE,21,CLEAR,4,DAWN,12;13,MOTOR VEHICLE IN TRANSPORT;MOTOR VEHICLE IN TRANSPORT-OTHER ROADWAY,ANTIOCH PKE & CHEROKEE HILLS DR,ANTIOCH,TN,37013,8899,SOUTH,36.0796,-86.6848,POINT (-86.6848 36.0796)
20190861758,11/29/2019 06:20:00 PM,3,1,0,,N,256384,4,ANGLE,21,CLEAR,3,DARK - LIGHTED,13,MOTOR VEHICLE IN TRANSPORT-OTHER ROADWAY,MURFREESBORO PKE & MILLWOOD DR,NASHVILLE,TN,37217,8815,HERMIT,36.1295,-86.7147,POINT (-86.7147 36.1295)
20190769495,10/21/2019 07:00:00 AM,2,0,0,,Y,226622,11,Front to Rear,21,CLEAR,1,DAYLIGHT,12,MOTOR VEHICLE IN TRANSPORT,MM 205 5 I 40,NASHVILLE,TN,37209,52040,WEST,36.1549,-86.8305,POINT (-86.8305 36.1549)
20190921967,12/26/2019 04:16:00 PM,2,2,0,,N,330440,4,ANGLE,21,CLEAR,1,DAYLIGHT,12,MOTOR VEHICLE IN TRANSPORT,W TRINITY LN & MONTICELLO ST,NASHVILLE,TN,37207,3009,NORTH,36.2079,-86.7866,POINT (-86.7866 36.2079)
20190702697,09/22/2019 03:00:00 PM,3,0,0,,N,298874,11,Front to Rear,21,CLEAR,1,DAYLIGHT,12,MOTOR VEHICLE IN TRANSPORT,CAHAL AV & GALLATIN AV,NASHVILLE,TN,37206,1331,EAST,36.1966,-86.7416,POINT (-86.7416 36.1966)
20190921979,12/26/2019 04:15:00 PM,2,0,0,,N,717341,11,Front to Rear,22,CLOUDY,1,DAYLIGHT,12,MOTOR VEHICLE IN TRANSPORT,MM 54 5 I 24,NASHVILLE,TN,37211,84021,SOUTH,36.0999,-86.7113,POINT (-86.7113 36.0999)
20190714238,09/27/2019 05:29:00 AM,2,0,0,,N,206683,11,Front to Rear,5,FOG,2,DARK - NOT LIGHTED,12,MOTOR VEHICLE IN TRANSPORT,MM 57 7 I 24,ANTIOCH,TN,37013,88080,SOUTH,36.061,-86.6807,POINT (-86.6807 36.061)
20190907615,12/19/2019 10:02:00 AM,2,0,0,,N,179602,5,SIDESWIPE - SAME DIRECTION,21,CLEAR,1,DAYLIGHT,12,MOTOR VEHICLE IN TRANSPORT,MM 88 2 I 65,NASHVILLE,TN,37207,18041,EAST,36.2188,-86.7747,POINT (-86.7747 36.2188)
20190738617,10/08/2019 12:40:00 AM,1,1,0,Y,N,109531,0,NOT COLLISION W/MOTOR VEHICLE-TRANSPORT,21,CLEAR,2,DARK - NOT LIGHTED,1,,MCGAVOCK PKE & HUFFINE ST,NASHVILLE,TN,37216,1413,EAST,36.2043,-86.73,POINT (-86.73 36.2043)
20190810256,11/07/2019 11:19:00 AM,2,0,0,,N,462474,4,ANGLE,2,RAIN,1,DAYLIGHT,12,MOTOR VEHICLE IN TRANSPORT,ASHWOOD AV & 21ST AVS,NASHVILLE,TN,37212,6605,MIDTOW,36.1292,-86.8026,POINT (-86.8026 36.1292)