Accident Number,Date and Time,Number of Motor Vehicles,Number of Injuries,Number of Fatalities,Property Damage,Hit and Run,Reporting Officer,Collision Type Code,Collision Type Description,Weather Code,Weather Description,Illumination Code,Illumination Description,Harmful Code,Harmful Code Description,Street Address,City,State,ZIP,RPA,Precinct,Latitude,Longitude,Mapped Location
20190918530,12/24/2019 12:00:00 AM,2,0,0,,N,279118,2,HEAD-ON,21,CLEAR,1,DAYLIGHT,12,MOTOR VEHICLE IN TRANSPORT,MT VIEW RD & HICKORY HOLLOW PKWY,ANTIOCH,TN,37013,8859,SOUTH,36.0588,-86.6705,POINT (-86.6705 36.0588)
20190600318,08/12/2019 11:42:00 AM,2,0,0,,N,267831,4,ANGLE,21,CLEAR,1,DAYLIGHT,12,MOTOR VEHICLE IN TRANSPORT,CHARLOTTE PKE & WILCLAY DR,NASHVILLE,TN,37209,5025,WEST,36.143,-86.8746,POINT (-86.8746 36.143)
20190812234,11/08/2019 06:11:00 AM,2,0,0,,N,462474,11,Front to Rear,21,CLEAR,1,DAYLIGHT,12,MOTOR VEHICLE IN TRANSPORT,I65 ENT RAMP & I 440,NASHVILLE,TN,37204,81061,MIDTOW,36.1189,-86.7675,POINT (-86.7675 36.1189)
20190641095,08/28/2019 12:54:00 AM,2,1,0,,N,330419,4,ANGLE,21,CLEAR,3,DARK - LIGHTED,12,MOTOR VEHICLE IN TRANSPORT,DUE WEST AVW & S GRAYCROFT AV,MADISON,TN,37115,1799,MADISO,36.2492,-86.7345,POINT (-86.7345 36.2492)
20190667130,09/07/2019 10:45:00 AM,2,0,0,,Y,179591,2,HEAD-ON,21,CLEAR,1,DAYLIGHT,14,PARKED MOTOR VEHICLE,HERMOSA ST & 19TH AVN,NASHVILLE,TN,37208,5331,NORTH,36.1642,-86.805,POINT (-86.805 36.1642)
20190785530,10/28/2019 06:10:00 AM,2,0,0,,Y,352167,4,ANGLE,22,CLOUDY,4,DAWN,12,MOTOR VEHICLE IN TRANSPORT,BELL RD & EDGE O LAKE DR,NASHVILLE,TN,37217,8963,HERMIT,36.0794,-86.6326,POINT (-86.6326 36.0794)
20190759748,10/16/2019 07:57:00 PM,2,0,0,,N,279116,4,ANGLE,21,CLEAR,3,DARK - LIGHTED,12,MOTOR VEHICLE IN TRANSPORT,WEDGEWOOD AV & 8TH AVS,NASHVILLE,TN,37204,6919,MIDTOW,36.1343,-86.7796,POINT (-86.7796 36.1343)
20190796603,11/01/2019 05:16:00 PM,2,0,0,,N,717341,4,ANGLE,21,CLEAR,1,DAYLIGHT,12,MOTOR VEHICLE IN TRANSPORT,JOYNER AV & NOLENSVILLE PKE,NASHVILLE,TN,37210,8317,SOUTH,36.1165,-86.7481,POINT (-86.7481 36.1165)
20190859305,11/28/2019 08:28:00 AM,2,1,0,,N,225777,11,Front to Rear,21,CLEAR,1,DAYLIGHT,12,MOTOR VEHICLE IN TRANSPORT,MM 200 2 I 40,NASHVILLE,TN,37205,4902,WEST,36.1212,-86.9107,POINT (-86.9107 36.1212)
20190872735,12/04/2019 03:01:00 PM,2,1,0,,Y,320597,11,Front to Rear,21,CLEAR,1,DAYLIGHT,12;8,MOTOR VEHICLE IN TRANSPORT;PEDESTRIAN,MM 56 8 I 24,NASHVILLE,TN,37211,8810,SOUTH,36.0721,-86.6914,POINT (-86.6914 36.0721)
20190926035,12/28/2019 04:06:00 PM,2,0,0,,N,330412,5,SIDESWIPE - SAME DIRECTION,21,CLEAR,1,DAYLIGHT,12,MOTOR VEHICLE IN TRANSPORT,BRILEY PKWYE & BRILEY PKWY E EXT RAMP,NASHVILLE,TN,37216,1588,EAST,36.2394,-86.7439,POINT (-86.7439 36.2394)
20190720575,09/30/2019 06:15:00 AM,2,3,0,,N,299270,11,Front to Rear,21,CLEAR,5,DUSK,12,MOTOR VEHICLE IN TRANSPORT,MELROSE AV & I440 E ENT RAMP,NASHVILLE,TN,37211,8343,MIDTOW,36.1205,-86.7501,POINT (-86.7501 36.1205)
20190591205,08/08/2019 09:20:00 PM,1,0,0,,N,807319,0,NOT COLLISION W/MOTOR VEHICLE-TRANSPORT,21,CLEAR,3,DARK - LIGHTED,8,PEDESTRIAN,MUSIC VALLEY DR & OPRYLAND DR,NASHVILLE,TN,37214,9213,HERMIT,36.2177,-86.6963,POINT (-86.6963 36.2177)
20190693310,09/18/2019 01:36:00 PM,2,0,0,,N,352211,98,OTHER,21,CLEAR,1,DAYLIGHT,12,MOTOR VEHICLE IN TRANSPORT,HILLSBORO PKE & HAMPTON AV,NASHVILLE,TN,37215,6013,WEST,36.1161,-86.8106,POINT (-86.8106 36.1161)
20190627798,08/22/2019 04:21:00 PM,2,1,0,,N,320603,4,ANGLE,2,RAIN,1,DAYLIGHT,12,MOTOR VEHICLE IN TRANSPORT,US HWY 70S & SAWYER BROWN RD,NASHVILLE,TN,37221,4811,WEST,36.0769,-86.9453,POINT (-86.9453 36.0769)
20190823926,11/13/2019 09:36:00 AM,2,0,0,,N,110063,11,Front to Rear,21,CLEAR,1,DAYLIGHT,12,MOTOR VEHICLE IN TRANSPORT,MM 86 4 I 65,NASHVILLE,TN,37207,19060,EAST,36.1937,-86.7758,POINT (-86.7758 36.1937)
20190855025,11/26/2019 12:41:00 PM,2,0,0,,N,414731,11,Front to Rear,21,CLEAR,1,DAYLIGHT,12,MOTOR VEHICLE IN TRANSPORT,NOLENSVILLE PKE & OLD HICKORY BLVD,NASHVILLE,TN,37211,8717,SOUTH,36.0454,-86.7133,POINT (-86.7133 36.0454)
20190637610,08/26/2019 04:30:00 PM,3,2,0,,N,717341,11,Front to Rear,22,CLOUDY,1,DAYLIGHT,12,MOTOR VEHICLE IN TRANSPORT,MM 6 0 I 440,NASHVILLE,TN,37211,81060,MIDTOW,36.1217,-86.7565,POINT (-86.7565 36.1217)
20190775142,10/23/2019 12:59:00 PM,2,0,0,,N,134899,4,ANGLE,21,CLEAR,1,DAYLIGHT,12,MOTOR VEHICLE IN TRANSPORT,STATE HWY 255 & MCCAMPBELL AVE,NASHVILLE,TN,37214,9119,HERMIT,36.1586,-86.6647,POINT (-86.6647 36.1586)
20190819832,11/11/2019 08:05:00 PM,1,0,0,,N,256374,0,NOT COLLISION W/MOTOR VEHICLE-TRANSPORT,2,RAIN,3,DARK - LIGHTED,7,,PETTUS RD & PRESTON RD,ANTIOCH,TN,37013,8753,SOUTH,36.0285,-86.6669,POINT (-86.6669 36.0285)
20190794071,10/31/2019 02:15:00 PM,2,0,0,,N,256384,4,ANGLE,21,CLEAR,1,DAYLIGHT,12,MOTOR VEHICLE IN TRANSPORT,2ND AVS & CHESTNUT ST,NASHVILLE,TN,37210,8141,SOUTH,36.1457,-86.7647,POINT (-86.7647 36.1457)
20190820896,11/12/2019 07:15:00 AM,2,0,0,,N,223502,11,Front to Rear,21,CLEAR,1,DAYLIGHT,12,MOTOR VEHICLE IN TRANSPORT,MM 7 2 I 440,NASHVILLE,TN,37210,83043,SOUTH,36.1251,-86.7339,POINT (-86.7339 36.1251)
20190756830,10/15/2019 04:37:00 PM,2,1,0,,N,279208,11,Front to Rear,21,CLEAR,1,DAYLIGHT,12,MOTOR VEHICLE IN TRANSPORT,24TH AVS & BLAKEMORE AV,NASHVILLE,TN,37212,5823,MIDTOW,36.138,-86.8051,POINT (-86.8051 36.138)
20190712026,09/26/2019 07:50:00 AM,2,1,0,,N,311339,4,ANGLE,21,CLEAR,1,DAYLIGHT,12,MOTOR VEHICLE IN TRANSPORT,LAFAYETTE ST & ASH ST,NASHVILLE,TN,37210,4005,CENTRA,36.1521,-86.7721,POINT (-86.7721 36.1521)
20190876938,12/06/2019 07:07:00 AM,2,0,0,,Y,384442,5,SIDESWIPE - SAME DIRECTION,21,CLEAR,1,DAYLIGHT,12,MOTOR VEHICLE IN TRANSPORT,MM 81 4 I 65,NASHVILLE,TN,37203,68042,MIDTOW,36.1348,-86.7756,POINT (-86.7756 36.1348)
20190842827,11/21/2019 07:02:00 AM,2,0,0,,N,191578,5,SIDESWIPE - SAME DIRECTION,21,CLEAR,1,DAYLIGHT,12,MOTOR VEHICLE IN TRANSPORT,MM 220 2 I 40,HERMITAGE,TN,37076,94021,HERMIT,36.1665,-86.6122,POINT (-86.6122 36.1665)
20190827413,11/14/2019 05:19:00 PM,2,0,0,,Y,384446,5,SIDESWIPE - SAME DIRECTION,21,CLEAR,3,DARK - LIGHTED,12,MOTOR VEHICLE IN TRANSPORT,HILLWOOD BLVD & CHARLOTTE PKE,NASHVILLE,TN,37209,5021,WEST,36.1391,-86.8806,POINT (-86.8806 36.1391)
20190763355,10/18/2019 07:20:00 AM,2,1,0,,N,279227,11,Front to Rear,21,CLEAR,1,DAYLIGHT,12,MOTOR VEHICLE IN TRANSPORT,MM 56 1 I 24,NASHVILLE,TN,37211,88100,SOUTH,36.0813,-86.697,POINT (-86.697 36.0813)
20190858254,11/27/2019 07:00:00 PM,2,0,0,,N,420040,11,Front to Rear,22,CLOUDY,3,DARK - LIGHTED,12,MOTOR VEHICLE IN TRANSPORT,CHARLOTTE AV & 25TH AVN,NASHVILLE,TN,37203,5619,MIDTOW,36.1553,-86.8121,POINT (-86.8121 36.1553)
20190805531,11/05/2019 02:20:00 PM,3,1,0,,N,419983,11,Front to Rear,21,CLEAR,1,DAYLIGHT,12,MOTOR VEHICLE IN TRANSPORT,MM 49 2 I 24,NASHVILLE,TN,37213,1002,CENTRA,36.1637,-86.7625,POINT (-86.7625 36.1637)
20190890879,12/12/2019 05:35:00 AM,2,1,0,,N,311338,4,ANGLE,21,CLEAR,3,DARK - LIGHTED,12,MOTOR VEHICLE IN TRANSPORT,CLARKSVILLE PKE & EATONS CREEK RD,JOELTON,TN,37080,3335,NORTH,36.292,-86.8839,POINT (-86.8839 36.292)
20190659221,09/04/2019 09:00:00 AM,2,0,0,,N,716886,5,SIDESWIPE - SAME DIRECTION,21,CLEAR,1,DAYLIGHT,12,MOTOR VEHICLE IN TRANSPORT,BELL RD & THE OVERLOOK PVTDR,ANTIOCH,TN,37013,8865,SOUTH,36.056,-86.6421,POINT (-86.6421 36.056)
20190644935,08/29/2019 12:57:00 PM,2,3,0,,N,352186,2,HEAD-ON,21,CLEAR,1,DAYLIGHT,12,MOTOR VEHICLE IN TRANSPORT,S 2ND ST & SHELBY AV,NASHVILLE,TN,37213,1007,CENTRA,36.1649,-86.7679,POINT (-86.7679 36.1649)
20190851745,11/25/2019 07:05:00 AM,2,0,0,,Y,676834,11,Front to Rear,21,CLEAR,1,DAYLIGHT,12,MOTOR VEHICLE IN TRANSPORT,ROSA L PARKS BLVD & BUCHANAN ST,NASHVILLE,TN,37208,4349,NORTH,36.1817,-86.7971,POINT (-86.7971 36.1817)
20190758968,10/16/2019 01:14:00 PM,3,2,0,,N,225777,11,Front to Rear,21,CLEAR,1,DAYLIGHT,12,MOTOR VEHICLE IN TRANSPORT,WHITE BRIDGE PKE & NES PVTDR,NASHVILLE,TN,37205,5017,WEST,36.1272,-86.8507,POINT (-86.8507 36.1272)
20190709759,09/25/2019 10:34:00 AM,2,0,0,,Y,179580,5,SIDESWIPE - SAME DIRECTION,21,CLEAR,1,DAYLIGHT,12,MOTOR VEHICLE IN TRANSPORT,MM 86 5 I 65,NASHVILLE,TN,37207,3006,NORTH,36.1946,-86.7762,POINT (-86.7762 36.1946)
20190692501,09/18/2019 07:40:00 AM,2,2,0,,N,225773,2,HEAD-ON,21,CLEAR,1,DAYLIGHT,12,MOTOR VEHICLE IN TRANSPORT,BURTON HILLS BLVD & HILLSBORO PKE,NASHVILLE,TN,37215,6403,MIDTOW,36.0956,-86.8254,POINT (-86.8254 36.0956)
20190931564,12/31/2019 10:20:00 AM,2,0,0,,N,109495,5,SIDESWIPE - SAME DIRECTION,21,CLEAR,1,DAYLIGHT,12,MOTOR VEHICLE IN TRANSPORT,MM 209 8 I 40,NASHVILLE,TN,37203,4004,CENTRA,36.149,-86.7794,POINT (-86.7794 36.149)
20190724169,10/01/2019 03:21:00 PM,2,0,0,,N,240983,4,ANGLE,21,CLEAR,1,DAYLIGHT,14,PARKED MOTOR VEHICLE,PETTUS RD & PRESTON RD,ANTIOCH,TN,37013,8763,SOUTH,36.0207,-86.665,POINT (-86.665 36.0207)
20190841541,11/20/2019 05:00:00 PM,2,0,0,,N,384419,4,ANGLE,21,CLEAR,3,DARK - LIGHTED,12,MOTOR VEHICLE IN TRANSPORT,BROADMOOR DR & DICKERSON PKE,NASHVILLE,TN,37207,1811,EAST,36.2293,-86.7591,POINT (-86.7591 36.2293)
20190736135,10/06/2019 07:43:00 PM,3,1,0,,Y,320597,11,Front to Rear,2,RAIN,3,DARK - LIGHTED,12,MOTOR VEHICLE IN TRANSPORT,PEBBLE CREEK DR & UNA ANTIOCH PKE,ANTIOCH,TN,37013,8861,SOUTH,36.0741,-86.6633,POINT (-86.6633 36.0741)
20190644677,08/29/2019 10:42:00 AM,2,2,0,,N,311331,4,ANGLE,21,CLEAR,1,DAYLIGHT,12,MOTOR VEHICLE IN TRANSPORT,GREENFIELD AV & GALLATIN PKE,NASHVILLE,TN,37216,1439,EAST,36.2109,-86.7331,POINT (-86.7331 36.2109)
20190906078,12/18/2019 06:59:00 PM,2,0,0,,Y,306708,4,ANGLE,21,CLEAR,3,DARK - LIGHTED,12,MOTOR VEHICLE IN TRANSPORT,MM 43 2 I 24,NASHVILLE,TN,37207,2016,MADISO,36.2422,-86.7852,POINT (-86.7852 36.2422)
20190854484,11/26/2019 08:26:00 AM,2,0,0,,N,553957,4,ANGLE,22,CLOUDY,1,DAYLIGHT,12,MOTOR VEHICLE IN TRANSPORT,MURFREESBORO PKE & POLK AV,NASHVILLE,TN,37210,8117,SOUTH,36.1424,-86.7432,POINT (-86.7432 36.1424)
20190726836,10/02/2019 04:33:00 PM,2,0,0,,Y,299257,4,ANGLE,21,CLEAR,1,DAYLIGHT,12,MOTOR VEHICLE IN TRANSPORT,HILLSBORO PKE & STOKES LN,NASHVILLE,TN,37215,6419,MIDTOW,36.1194,-86.8089,POINT (-86.8089 36.1194)
20190633402,08/24/2019 06:30:00 PM,2,0,0,,Y,212348,5,SIDESWIPE - SAME DIRECTION,21,CLEAR,1,DAYLIGHT,12,MOTOR VEHICLE IN TRANSPORT,2ND AVS & KOREAN VETERANS BLVD,NASHVILLE,TN,37201,4047,CENTRA,36.1576,-86.7724,POINT (-86.7724 36.1576)
20190630585,08/23/2019 03:27:00 PM,2,0,0,,N,256386,4,ANGLE,21,CLEAR,1,DAYLIGHT,12,MOTOR VEHICLE IN TRANSPORT,NASHBORO BLVD & BELL RD,NASHVILLE,TN,37217,8965,HERMIT,36.089,-86.6274,POINT (-86.6274 36.089)
20190686334,09/15/2019 07:55:00 PM,2,0,0,,N,279116,4,ANGLE,21,CLEAR,7,Dark-Unknown Lighting,12,MOTOR VEHICLE IN TRANSPORT,MM 208 8 I 40,NASHVILLE,TN,37203,4102,CENTRA,36.1597,-86.7923,POINT (-86.7923 36.1597)
20190889407,12/11/2019 03:56:00 PM,2,0,0,,N,580819,5,SIDESWIPE - SAME DIRECTION,21,CLEAR,1,DAYLIGHT,12,MOTOR VEHICLE IN TRANSPORT,BROADWAY & GEORGE L DAVIS BLVD,NASHVILLE,TN,37203,4081,CENTRA,36.156,-86.7889,POINT (-86.7889 36.156)
20190698682,09/20/2019 03:40:00 PM,2,1,0,,N,134899,4,ANGLE,21,CLEAR,1,DAYLIGHT,12,MOTOR VEHICLE IN TRANSPORT,ANDREW JACKSON PKWY & LEBANON PKE,HERMITAGE,TN,37076,9537,HERMIT,36.2146,-86.5977,POINT (-86.5977 36.2146)
20190899707,12/16/2019 08:16:00 AM,2,0,0,,N,191578,11,Front to Rear,2,RAIN,1,DAYLIGHT,12,MOTOR VEHICLE IN TRANSPORT,MM 222 2 I 40,HERMITAGE,TN,37076,9502,HERMIT,36.1693,-86.5764,POINT (-86.5764 36.1693)
20190600020,08/12/2019 07:56:00 AM,2,0,0,,Y,137872,11,Front to Rear,21,CLEAR,1,DAYLIGHT,12,MOTOR VEHICLE IN TRANSPORT,MM 40 1 I 24,WHITES CREEK,TN,37189,2210,MADISO,36.2821,-86.8045,POINT (-86.8045 36.2821)
20190780398,10/25/2019 04:00:00 PM,2,0,0,,N,320577,4,ANGLE,2,RAIN,1,DAYLIGHT,12,MOTOR VEHICLE IN TRANSPORT,CRAIGHEAD ST & NOLENSVILLE PKE,NASHVILLE,TN,37203,8023,MIDTOW,36.134,-86.7589,POINT (-86.7589 36.134)
20190769712,10/21/2019 08:31:00 AM,2,1,0,,N,320601,11,Front to Rear,22,CLOUDY,1,DAYLIGHT,12,MOTOR VEHICLE IN TRANSPORT,MM 59 7 I 24,ANTIOCH,TN,37013,88060,SOUTH,36.0428,-86.6545,POINT (-86.6545 36.0428)
20190756966,10/15/2019 06:14:00 PM,2,1,0,,N,429193,11,Front to Rear,21,CLEAR,5,DUSK,12,MOTOR VEHICLE IN TRANSPORT,SAWYER BROWN RD & OLD HARDING PKE,NASHVILLE,TN,37221,4811,WEST,36.0625,-86.9432,POINT (-86.9432 36.0625)
20190585213,08/06/2019 07:15:00 PM,2,0,0,,N,179583,4,ANGLE,21,CLEAR,1,DAYLIGHT,12,MOTOR VEHICLE IN TRANSPORT,ANTIOCH PKE & CHEROKEE PL,ANTIOCH,TN,37013,8899,SOUTH,36.0804,-86.6857,POINT (-86.6857 36.0804)
20190762358,10/17/2019 08:57:00 PM,2,0,0,,Y,151132,11,Front to Rear,21,CLEAR,2,DARK - NOT LIGHTED,12,MOTOR VEHICLE IN TRANSPORT,STATE RT 45 & DELAWARE AV,MADISON,TN,37115,1701,MADISO,36.2637,-86.7045,POINT (-86.7045 36.2637)
20190748773,10/12/2019 12:00:00 AM,4,1,0,,Y,191572,9,UNKNOWN,21,CLEAR,3,DARK - LIGHTED,12,MOTOR VEHICLE IN TRANSPORT,MM 209 6 I 40,NASHVILLE,TN,37203,68021,MIDTOW,36.1494,-86.7836,POINT (-86.7836 36.1494)
20190605241,08/14/2019 07:03:00 AM,2,0,0,,N,716886,11,Front to Rear,21,CLEAR,1,DAYLIGHT,12,MOTOR VEHICLE IN TRANSPORT,HOBSON PKE & MARITIME PORT,ANTIOCH,TN,37013,8927,SOUTH,36.0554,-86.5988,POINT (-86.5988 36.0554)
20190777713,10/24/2019 01:42:00 PM,2,1,0,,N,299247,4,ANGLE,21,CLEAR,1,DAYLIGHT,12,MOTOR VEHICLE IN TRANSPORT,BRILEY PKWY & VULTEE BLVD,NASHVILLE,TN,37217,8998,HERMIT,36.1245,-86.6963,POINT (-86.6963 36.1245)
20190680907,09/13/2019 07:55:00 AM,1,1,0,,N,226622,0,NOT COLLISION W/MOTOR VEHICLE-TRANSPORT,21,CLEAR,1,DAYLIGHT,8,PEDESTRIAN,CREEKSIDE MANOR PVTDR & BELLEVUE RD,NASHVILLE,TN,37221,4811,WEST,36.0721,-86.9407,POINT (-86.9407 36.0721)
20190689841,09/17/2019 08:46:00 AM,2,0,0,,N,134899,4,ANGLE,21,CLEAR,1,DAYLIGHT,12,MOTOR VEHICLE IN TRANSPORT,CENTRAL PKE & CENTRAL PKE EXIT RAMP,HERMITAGE,TN,37076,95060,HERMIT,36.174,-86.6067,POINT (-86.6067 36.174)
20190636057,08/26/2019 12:50:00 AM,1,0,0,,N,298859,0,NOT COLLISION W/MOTOR VEHICLE-TRANSPORT,22,CLOUDY,3,DARK - LIGHTED,18,OTHER OBJECT (NOT FIXED),BRILEY PKWYW & BRILEY PKWYE,NASHVILLE,TN,37218,3216,NORTH,36.2254,-86.8638,POINT (-86.8638 36.2254)
20190713447,09/26/2019 08:44:00 PM,3,3,0,,N,240979,11,Front to Rear,21,CLEAR,3,DARK - LIGHTED,12,MOTOR VEHICLE IN TRANSPORT,ANDERSON LN & GALLATIN PKEN,MADISON,TN,37115,1709,MADISO,36.2734,-86.71,POINT (-86.71 36.2734)
20190587671,08/07/2019 03:26:00 PM,3,0,0,,N,320603,11,Front to Rear,21,CLEAR,1,DAYLIGHT,12,MOTOR VEHICLE IN TRANSPORT,MM 2 2 I 440,NASHVILLE,TN,37215,6006,WEST,36.1272,-86.8152,POINT (-86.8152 36.1272)
20190781090,10/25/2019 11:03:00 PM,2,2,0,,N,405424,4,ANGLE,2,RAIN,3,DARK - LIGHTED,12,MOTOR VEHICLE IN TRANSPORT,SMITH SPRINGS RD & UNA RECREATION RD,NASHVILLE,TN,37217,8941,HERMIT,36.0967,-86.641,POINT (-86.641 36.0967)
20190613883,08/17/2019 01:32:00 PM,2,0,0,,N,299266,4,ANGLE,21,CLEAR,1,DAYLIGHT,12,MOTOR VEHICLE IN TRANSPORT,BELL RD & CANE RIDGE RD,ANTIOCH,TN,37013,8753,SOUTH,36.0449,-86.6631,POINT (-86.6631 36.0449)
20190603607,08/13/2019 02:29:00 PM,2,0,0,,N,330413,11,Front to Rear,22,CLOUDY,1,DAYLIGHT,12,MOTOR VEHICLE IN TRANSPORT,MM 209 2 I 40,NASHVILLE,TN,37203,5702,MIDTOW,36.1554,-86.7891,POINT (-86.7891 36.1554)
20190715622,09/27/2019 04:48:00 PM,2,1,0,,N,320599,2,HEAD-ON,22,CLOUDY,1,DAYLIGHT,12,MOTOR VEHICLE IN TRANSPORT,DONELSON PKE & LEBANON PKE,NASHVILLE,TN,37214,9401,HERMIT,36.1666,-86.6635,POINT (-86.6635 36.1666)
20190702605,09/22/2019 12:59:00 PM,3,0,0,,N,140790,11,Front to Rear,21,CLEAR,1,DAYLIGHT,12,MOTOR VEHICLE IN TRANSPORT,CENTRAL PKE & BRANDAU RD,HERMITAGE,TN,37076,9503,HERMIT,36.2631,-86.6527,POINT (-86.6527 36.2631)
20190811359,11/07/2019 09:30:00 PM,2,0,0,,N,337276,11,Front to Rear,21,CLEAR,3,DARK - LIGHTED,12,MOTOR VEHICLE IN TRANSPORT,GALLATIN AVE & ORDWAY PL,NASHVILLE,TN,37206,1241,EAST,36.1807,-86.7497,POINT (-86.7497 36.1807)
20190723242,10/01/2019 07:35:00 AM,2,0,0,,Y,109534,5,SIDESWIPE - SAME DIRECTION,21,CLEAR,1,DAYLIGHT,12;99,MOTOR VEHICLE IN TRANSPORT;UNKNOWN MOST HARMFUL EVENT,LEBANON PKE & WILOWEN DR,NASHVILLE,TN,37210,9019,HERMIT,36.159,-86.7047,POINT (-86.7047 36.159)
20190798770,11/02/2019 04:55:00 PM,2,0,0,,N,311328,11,Front to Rear,21,CLEAR,1,DAYLIGHT,12,MOTOR VEHICLE IN TRANSPORT,ROSA L PARKS BLVD & HARRISON ST,NASHVILLE,TN,37208,4219,CENTRA,36.1685,-86.7883,POINT (-86.7883 36.1685)
20190649074,08/30/2019 11:05:00 PM,2,0,0,,N,320583,5,SIDESWIPE - SAME DIRECTION,21,CLEAR,3,DARK - LIGHTED,12,MOTOR VEHICLE IN TRANSPORT,I40 W EXT RAMP & I 40,NASHVILLE,TN,37203,4119,CENTRA,36.1574,-86.79,POINT (-86.79 36.1574)
20190855411,11/26/2019 04:13:00 PM,1,1,0,Y,N,834813,0,NOT COLLISION W/MOTOR VEHICLE-TRANSPORT,2,RAIN,98,OTHER,42,TREE,4423 DRY FORK RD,NASHVILLE,TN,37218,3239,NORTH,36.2636,-86.8548,POINT (-86.8548 36.2636)
20190698832,09/20/2019 04:58:00 PM,2,0,0,,Y,384410,11,Front to Rear,21,CLEAR,1,DAYLIGHT,12,MOTOR VEHICLE IN TRANSPORT,MM 80 2 I 65,NASHVILLE,TN,37204,8306,MIDTOW,36.1159,-86.7732,POINT (-86.7732 36.1159)
20190878402,12/06/2019 06:32:00 PM,2,0,0,,N,384439,4,ANGLE,21,CLEAR,3,DARK - LIGHTED,12,MOTOR VEHICLE IN TRANSPORT,DELLWAY DR & DICKERSON PKE,NASHVILLE,TN,37207,1831,EAST,36.2151,-86.764,POINT (-86.764 36.2151)
20190764532,10/18/2019 04:22:00 PM,2,0,0,,Y,717341,3,REAR-TO-REAR,21,CLEAR,1,DAYLIGHT,14,PARKED MOTOR VEHICLE,HAMILTON CHURCH RD & HAMILTON CROSSINGS,ANTIOCH,TN,37013,8865,SOUTH,36.0629,-86.6291,POINT (-86.6291 36.0629)
20190894693,12/13/2019 04:40:00 PM,2,0,0,,Y,330413,5,SIDESWIPE - SAME DIRECTION,2,RAIN,1,DAYLIGHT,12;13,MOTOR VEHICLE IN TRANSPORT;MOTOR VEHICLE IN TRANSPORT-OTHER ROADWAY,RAMP & 21ST AVE S,NASHVILLE,TN,37212,6711,MIDTOW,36.1483,-86.7994,POINT (-86.7994 36.1483)
20190600585,08/12/2019 01:57:00 PM,2,2,0,,N,676834,11,Front to Rear,21,CLEAR,1,DAYLIGHT,12,MOTOR VEHICLE IN TRANSPORT,CHARLOTTE AV & 15TH AVN,NASHVILLE,TN,37203,5501,MIDTOW,36.1603,-86.7946,POINT (-86.7946 36.1603)
20190927976,12/29/2019 07:39:00 PM,2,2,0,,N,256426,2,HEAD-ON,2,RAIN,3,DARK - LIGHTED,12,MOTOR VEHICLE IN TRANSPORT,I40 W ENT RAMP & I 40,NASHVILLE,TN,37210,9007,HERMIT,36.1484,-86.7454,POINT (-86.7454 36.1484)
20190853566,11/25/2019 09:29:00 PM,2,0,0,,Y,256411,11,Front to Rear,21,CLEAR,3,DARK - LIGHTED,12,MOTOR VEHICLE IN TRANSPORT,17TH AVE N & WHELESS ST,NASHVILLE,TN,37208,4471,NORTH,36.1765,-86.8082,POINT (-86.8082 36.1765)
20190658802,09/04/2019 04:54:00 AM,1,1,0,,N,110090,0,NOT COLLISION W/MOTOR VEHICLE-TRANSPORT,21,CLEAR,3,DARK - LIGHTED,8,PEDESTRIAN,STONEFARM TRL & GRACEWOOD GROVE,ANTIOCH,TN,37013,8927,SOUTH,36.0511,-86.6049,POINT (-86.6049 36.0511)
20190848681,11/23/2019 04:39:00 PM,2,1,0,,N,298877,2,HEAD-ON,2,RAIN,5,DUSK,12,MOTOR VEHICLE IN TRANSPORT,GLENROSE AV & EAST THOMPSON LN,NASHVILLE,TN,37210,8807,SOUTH,36.1149,-86.7197,POINT (-86.7197 36.1149)
20190930155,12/30/2019 05:50:00 PM,2,0,0,,N,206958,11,Front to Rear,21,CLEAR,7,Dark-Unknown Lighting,12,MOTOR VEHICLE IN TRANSPORT,MM 48 4 I 24,NASHVILLE,TN,37206,1102,EAST,36.1715,-86.768,POINT (-86.768 36.1715)
20190584717,08/06/2019 01:50:00 PM,2,0,0,,Y,212330,4,ANGLE,21,CLEAR,1,DAYLIGHT,14,PARKED MOTOR VEHICLE,KINROSS AV & ANTIOCH PKE,NASHVILLE,TN,37211,8423,SOUTH,36.1018,-86.7336,POINT (-86.7336 36.1018)
20190777388,10/24/2019 10:52:00 AM,2,0,0,,Y,676834,0,NOT COLLISION W/MOTOR VEHICLE-TRANSPORT,21,CLEAR,1,DAYLIGHT,21,BRIDGE PIER/ABUTMENT,OLD HYDES FERRY PKE & ASHLAND CITY HWY,NASHVILLE,TN,37218,3235,NORTH,36.2109,-86.8983,POINT (-86.8983 36.2109)
20190669109,09/08/2019 04:18:00 PM,2,0,0,,N,256383,6,SIDESWIPE - OPPOSITE DIRECTION,21,CLEAR,1,DAYLIGHT,14,PARKED MOTOR VEHICLE,4726 NOLENSVILLE PKE,NASHVILLE,TN,37211,8711,SOUTH,36.0678,-86.7187,POINT (-86.7187 36.0678)
20190918670,12/24/2019 05:48:00 PM,2,2,0,Y,N,524985,4,ANGLE,21,CLEAR,2,DARK - NOT LIGHTED,12;40,MOTOR VEHICLE IN TRANSPORT;MAIL BOX,EWING DR & CLAYMILLE BLVD,NASHVILLE,TN,37207,3023,NORTH,36.2319,-86.8015,POINT (-86.8015 36.2319)