Accident Number,Date and Time,Number of Motor Vehicles,Number of Injuries,Number of Fatalities,Property Damage,Hit and Run,Reporting Officer,Collision Type Code,Collision Type Description,Weather Code,Weather Description,Illumination Code,Illumination Description,Harmful Code,Harmful Code Description,Street Address,City,State,ZIP,RPA,Precinct,Latitude,Longitude,Mapped Location
20190870250,12/03/2019 12:00:00 AM,2,1,0,,N,279233,5,SIDESWIPE - SAME DIRECTION,21,CLEAR,3,DARK - LIGHTED,12,MOTOR VEHICLE IN TRANSPORT,MM 0 2 I 440,NASHVILLE,TN,37205,5240,WEST,36.1403,-86.8231,POINT (-86.8231 36.1403)
20190791309,10/30/2019 12:08:00 PM,2,1,0,,N,473670,4,ANGLE,2,RAIN,1,DAYLIGHT,12,MOTOR VEHICLE IN TRANSPORT,HART LN & SAUNDERS AV,NASHVILLE,TN,37216,1821,EAST,36.2162,-86.7383,POINT (-86.7383 36.2162)
20190635013,08/25/2019 12:53:00 PM,2,1,0,,N,653629,11,Front to Rear,22,CLOUDY,1,DAYLIGHT,12,MOTOR VEHICLE IN TRANSPORT,ANDREW JACKSON PKWY & STONERS GLEN DR,HERMITAGE,TN,37076,9523,HERMIT,36.1927,-86.6068,POINT (-86.6068 36.1927)
20190918445,12/24/2019 02:45:00 PM,3,1,0,,N,212322,11,Front to Rear,21,CLEAR,1,DAYLIGHT,12,MOTOR VEHICLE IN TRANSPORT,MM 59 6 I 24,ANTIOCH,TN,37013,88060,SOUTH,36.0438,-86.6561,POINT (-86.6561 36.0438)
20190845573,11/22/2019 08:38:00 AM,2,0,0,,N,191578,11,Front to Rear,2,RAIN,1,DAYLIGHT,12,MOTOR VEHICLE IN TRANSPORT,LEBANON PKE & MCGAVOCK PKE,NASHVILLE,TN,37214,9201,HERMIT,36.1694,-86.6799,POINT (-86.6799 36.1694)
20190874925,12/05/2019 11:42:00 AM,2,0,0,,N,299247,5,SIDESWIPE - SAME DIRECTION,21,CLEAR,1,DAYLIGHT,12,MOTOR VEHICLE IN TRANSPORT,SPENCE LN & MURFREESBORO PKE,NASHVILLE,TN,37217,8815,HERMIT,36.1359,-86.725,POINT (-86.725 36.1359)
20190863643,11/30/2019 06:36:00 PM,1,0,0,,Y,588969,9,UNKNOWN,2,RAIN,2,DARK - NOT LIGHTED,99,UNKNOWN MOST HARMFUL EVENT,OLD HICKORY BLVD & MILLS RD,HERMITAGE,TN,37076,9527,HERMIT,36.1695,-86.6011,POINT (-86.6011 36.1695)
20190697371,09/20/2019 02:36:00 AM,2,1,0,,N,330420,5,SIDESWIPE - SAME DIRECTION,21,CLEAR,3,DARK - LIGHTED,12;36,MOTOR VEHICLE IN TRANSPORT;CONCRETE TRAFFIC BARRIER,MM 212 0 I 40,NASHVILLE,TN,37210,90041,HERMIT,36.147,-86.7433,POINT (-86.7433 36.147)
20190696510,09/19/2019 05:46:00 PM,2,2,0,,N,887598,5,SIDESWIPE - SAME DIRECTION,21,CLEAR,1,DAYLIGHT,12,MOTOR VEHICLE IN TRANSPORT,ED TEMPLE BLVD & BUCHANAN ST,NASHVILLE,TN,37208,4425,NORTH,36.181,-86.8243,POINT (-86.8243 36.181)
20190774875,10/23/2019 10:35:00 AM,2,0,0,,N,716886,5,SIDESWIPE - SAME DIRECTION,21,CLEAR,1,DAYLIGHT,12,MOTOR VEHICLE IN TRANSPORT,BELL RD & THE OVERLOOK PVTDR,ANTIOCH,TN,37013,8865,SOUTH,36.056,-86.6421,POINT (-86.6421 36.056)
20190755557,10/15/2019 06:40:00 AM,2,0,0,,N,279230,4,ANGLE,21,CLEAR,1,DAYLIGHT,12,MOTOR VEHICLE IN TRANSPORT,SOUTHWIND DR & EZELL PKE,NASHVILLE,TN,37217,8841,SOUTH,36.0985,-86.6728,POINT (-86.6728 36.0985)
20190595813,08/10/2019 02:17:00 PM,2,0,0,,Y,298863,5,SIDESWIPE - SAME DIRECTION,21,CLEAR,1,DAYLIGHT,12;99,MOTOR VEHICLE IN TRANSPORT;UNKNOWN MOST HARMFUL EVENT,LAFAYETTE ST & 2ND AVS,NASHVILLE,TN,37210,8201,HERMIT,36.1507,-86.768,POINT (-86.768 36.1507)
20190853600,11/25/2019 10:14:00 PM,2,0,0,,Y,197060,5,SIDESWIPE - SAME DIRECTION,21,CLEAR,3,DARK - LIGHTED,12,MOTOR VEHICLE IN TRANSPORT,0 I 65,NASHVILLE,TN,37207,3002,NORTH,36.2047,-86.7767,POINT (-86.7767 36.2047)
20190781579,10/26/2019 05:43:00 AM,3,3,0,,N,110090,11,Front to Rear,2,RAIN,3,DARK - LIGHTED,12,MOTOR VEHICLE IN TRANSPORT,MM 60 0 I 24,ANTIOCH,TN,37013,88060,SOUTH,36.0403,-86.6502,POINT (-86.6502 36.0403)
20190749629,10/12/2019 02:44:00 PM,2,2,0,,Y,320585,11,Front to Rear,21,CLEAR,1,DAYLIGHT,12,MOTOR VEHICLE IN TRANSPORT,MM 211 7 I 40,NASHVILLE,TN,37210,82042,HERMIT,36.1499,-86.7483,POINT (-86.7483 36.1499)
20190844899,11/22/2019 12:07:00 AM,1,0,0,Y,N,320590,0,NOT COLLISION W/MOTOR VEHICLE-TRANSPORT,2,RAIN,3,DARK - LIGHTED,38,FENCE,W TRINITY LN & DAY ST,NASHVILLE,TN,37207,3013,NORTH,36.2073,-86.805,POINT (-86.805 36.2073)
20190606197,08/14/2019 02:07:00 PM,2,0,0,,N,462474,5,SIDESWIPE - SAME DIRECTION,21,CLEAR,1,DAYLIGHT,12,MOTOR VEHICLE IN TRANSPORT,BROADWAY & 14TH AVS,NASHVILLE,TN,37203,5701,MIDTOW,36.1557,-86.7897,POINT (-86.7897 36.1557)
20190782282,10/26/2019 04:05:00 PM,2,0,0,,Y,320577,4,ANGLE,2,RAIN,1,DAYLIGHT,12,MOTOR VEHICLE IN TRANSPORT,VAULX LN & KIRKWOOD AV,NASHVILLE,TN,37204,6935,MIDTOW,36.1203,-86.7792,POINT (-86.7792 36.1203)
20190700308,09/21/2019 08:37:00 AM,2,2,0,,N,594473,11,Front to Rear,21,CLEAR,1,DAYLIGHT,12,MOTOR VEHICLE IN TRANSPORT,WOODMONT BLVD & GENERAL BATE DR,NASHVILLE,TN,37204,7009,MIDTOW,36.1105,-86.7837,POINT (-86.7837 36.1105)
20190670081,09/09/2019 07:00:00 AM,3,1,0,,N,352164,4,ANGLE,21,CLEAR,1,DAYLIGHT,13,MOTOR VEHICLE IN TRANSPORT-OTHER ROADWAY,NOLENSVILLE PKE & BREWER DR,NASHVILLE,TN,37211,8715,SOUTH,36.0535,-86.715,POINT (-86.715 36.0535)
20190602898,08/13/2019 10:43:00 AM,2,2,0,,N,134899,4,ANGLE,21,CLEAR,1,DAYLIGHT,12,MOTOR VEHICLE IN TRANSPORT,LEBANON PKE & HERMITAGE RD,OLD HICKORY,TN,37138,9739,HERMIT,36.2003,-86.6186,POINT (-86.6186 36.2003)
20190596817,08/10/2019 10:46:00 PM,2,0,0,,N,197053,11,Front to Rear,21,CLEAR,3,DARK - LIGHTED,12,MOTOR VEHICLE IN TRANSPORT,THOMPSON LN & NOLENSVILLE PKE,NASHVILLE,TN,37211,8519,MIDTOW,36.1109,-86.7452,POINT (-86.7452 36.1109)
20190821955,11/12/2019 04:21:00 PM,2,0,0,,N,330425,5,SIDESWIPE - SAME DIRECTION,21,CLEAR,1,DAYLIGHT,12,MOTOR VEHICLE IN TRANSPORT,STATE RT 45 & GALLATIN PKEN,MADISON,TN,37115,1701,MADISO,36.2631,-86.7119,POINT (-86.7119 36.2631)
20190894622,12/13/2019 04:08:00 PM,2,0,0,,N,580819,6,SIDESWIPE - OPPOSITE DIRECTION,2,RAIN,5,DUSK,12,MOTOR VEHICLE IN TRANSPORT,1ST AVS & DEMONBREUN ST,NASHVILLE,TN,37201,4049,CENTRA,36.1611,-86.7736,POINT (-86.7736 36.1611)
20190805312,11/05/2019 12:45:00 PM,2,0,0,,Y,716886,11,Front to Rear,21,CLEAR,1,DAYLIGHT,12,MOTOR VEHICLE IN TRANSPORT,HAYWOOD LN & EZELL RD,NASHVILLE,TN,37211,8709,SOUTH,36.0696,-86.6944,POINT (-86.6944 36.0696)
20190583793,08/06/2019 08:20:00 AM,2,0,0,,N,462474,4,ANGLE,21,CLEAR,1,DAYLIGHT,12,MOTOR VEHICLE IN TRANSPORT,OLD HICKORY BLVD & FRANKLIN PIKE CIR,BRENTWOOD,TN,37027,8623,MIDTOW,36.0405,-86.7801,POINT (-86.7801 36.0405)
20190846648,11/22/2019 05:19:00 PM,2,0,0,,N,279116,11,Front to Rear,22,CLOUDY,3,DARK - LIGHTED,12,MOTOR VEHICLE IN TRANSPORT,I440 E ENT RAMP & I 65,NASHVILLE,TN,37204,7018,MIDTOW,36.1138,-86.7719,POINT (-86.7719 36.1138)
20190816893,11/10/2019 10:25:00 AM,2,0,0,,N,279122,11,Front to Rear,21,CLEAR,1,DAYLIGHT,12,MOTOR VEHICLE IN TRANSPORT,3RD AVN & VAN BUREN ST,NASHVILLE,TN,37208,4355,NORTH,36.1806,-86.7883,POINT (-86.7883 36.1806)
20190886860,12/10/2019 04:41:00 PM,2,2,0,,N,717341,4,ANGLE,21,CLEAR,5,DUSK,12,MOTOR VEHICLE IN TRANSPORT,MURFREESBORO PKE & BELL RD,ANTIOCH,TN,37013,8865,SOUTH,36.072,-86.636,POINT (-86.636 36.072)
20190794213,10/31/2019 04:10:00 PM,2,0,0,,N,240955,4,ANGLE,22,CLOUDY,1,DAYLIGHT,12,MOTOR VEHICLE IN TRANSPORT,PHILHALL PKWY & SCENIC LAKE CT,ANTIOCH,TN,37013,8997,SOUTH,36.0796,-86.5948,POINT (-86.5948 36.0796)
20190915577,12/22/2019 08:30:00 PM,2,0,0,,Y,240952,6,SIDESWIPE - OPPOSITE DIRECTION,99,UNKNOWN,7,Dark-Unknown Lighting,12,MOTOR VEHICLE IN TRANSPORT,HAMILTON CHURCH RD & ZELIDA AV,ANTIOCH,TN,37013,8865,SOUTH,36.055,-86.6366,POINT (-86.6366 36.055)
20190665130,09/06/2019 05:35:00 PM,2,1,0,,N,311333,11,Front to Rear,21,CLEAR,1,DAYLIGHT,12,MOTOR VEHICLE IN TRANSPORT,I24 W EXT RAMP & I 24,NASHVILLE,TN,37211,8829,SOUTH,36.1074,-86.7197,POINT (-86.7197 36.1074)
20190818454,11/11/2019 05:00:00 AM,2,0,0,,N,279216,4,ANGLE,21,CLEAR,3,DARK - LIGHTED,12,MOTOR VEHICLE IN TRANSPORT,BRICK CHURCH PKE & DENNIS DR,NASHVILLE,TN,37207,3047,NORTH,36.2126,-86.779,POINT (-86.779 36.2126)
20190832324,11/16/2019 10:11:00 PM,1,0,0,,N,256377,0,NOT COLLISION W/MOTOR VEHICLE-TRANSPORT,21,CLEAR,2,DARK - NOT LIGHTED,11,OTHER ANIMAL,I40 E ENT RAMP & I 40,NASHVILLE,TN,37205,4903,WEST,36.1109,-86.922,POINT (-86.922 36.1109)
20190588555,08/07/2019 10:00:00 PM,2,0,0,,N,415780,11,Front to Rear,21,CLEAR,3,DARK - LIGHTED,12,MOTOR VEHICLE IN TRANSPORT,WEDGEWOOD AV & I65 N ENT RAMP,NASHVILLE,TN,37204,8027,MIDTOW,36.1343,-86.7747,POINT (-86.7747 36.1343)
20190690817,09/17/2019 04:41:00 PM,2,1,0,,N,256380,4,ANGLE,21,CLEAR,1,DAYLIGHT,12,MOTOR VEHICLE IN TRANSPORT,9TH AVN & JEFFERSON ST,NASHVILLE,TN,37208,4239,NORTH,36.173,-86.7924,POINT (-86.7924 36.173)
20190829782,11/15/2019 06:15:00 PM,2,0,0,,N,330431,11,Front to Rear,21,CLEAR,3,DARK - LIGHTED,12,MOTOR VEHICLE IN TRANSPORT,MM 87 1 I 65,NASHVILLE,TN,37207,18020,EAST,36.2041,-86.7765,POINT (-86.7765 36.2041)
20190589318,08/08/2019 06:25:00 AM,2,0,0,,N,109534,11,Front to Rear,21,CLEAR,1,DAYLIGHT,12,MOTOR VEHICLE IN TRANSPORT,CENTRAL PKE & VALLEY GROVE DR,HERMITAGE,TN,37076,9557,HERMIT,36.1719,-86.5917,POINT (-86.5917 36.1719)
20190812334,11/08/2019 07:44:00 AM,2,0,0,,N,352164,4,ANGLE,21,CLEAR,1,DAYLIGHT,13,MOTOR VEHICLE IN TRANSPORT-OTHER ROADWAY,LAVERGNE COUCHVILLE PKE & PIN HOOK RD,ANTIOCH,TN,37013,8901,SOUTH,36.0463,-86.5825,POINT (-86.5825 36.0463)
20190765628,10/19/2019 04:50:00 AM,3,2,0,,N,279198,5,SIDESWIPE - SAME DIRECTION,21,CLEAR,3,DARK - LIGHTED,12,MOTOR VEHICLE IN TRANSPORT,MM 49 3 I 24,NASHVILLE,TN,37206,10040,EAST,36.1629,-86.7614,POINT (-86.7614 36.1629)
20190757560,10/16/2019 12:00:00 AM,2,0,0,,Y,298879,4,ANGLE,22,CLOUDY,3,DARK - LIGHTED,14,PARKED MOTOR VEHICLE,DEVON VALLEY DR & OLD HICKORY BLVD,NASHVILLE,TN,37221,4901,WEST,36.0668,-86.9169,POINT (-86.9169 36.0668)
20190648132,08/30/2019 04:50:00 PM,2,0,0,,N,320579,3,REAR-TO-REAR,21,CLEAR,1,DAYLIGHT,55,Motor Vehicle-In-Motion Outside Trafficw,ELLINGTON PKWY N EXT RAMP & ELLINGTON PK,NASHVILLE,TN,37207,18982,EAST,36.2046,-86.7497,POINT (-86.7497 36.2046)
20190662513,09/05/2019 04:50:00 PM,2,0,0,,Y,256392,2,HEAD-ON,21,CLEAR,1,DAYLIGHT,12,MOTOR VEHICLE IN TRANSPORT,21ST AVN & BUCHANAN ST,NASHVILLE,TN,37208,4459,NORTH,36.179,-86.8116,POINT (-86.8116 36.179)
20190862877,11/30/2019 12:00:00 AM,1,0,0,,Y,352164,0,NOT COLLISION W/MOTOR VEHICLE-TRANSPORT,21,CLEAR,1,DAYLIGHT,34,DITCH,5246 CANE RIDGE RD,ANTIOCH,TN,37013,8721,SOUTH,36.0464,-86.6635,POINT (-86.6635 36.0464)
20190725847,10/02/2019 08:30:00 AM,2,0,0,,N,352179,11,Front to Rear,21,CLEAR,1,DAYLIGHT,12,MOTOR VEHICLE IN TRANSPORT,0 I-40 WEST,NASHVILLE,TN,37203,4006,CENTRA,36.1493,-86.7744,POINT (-86.7744 36.1493)
20190634565,08/25/2019 12:00:00 AM,1,0,0,Y,Y,633390,0,NOT COLLISION W/MOTOR VEHICLE-TRANSPORT,22,CLOUDY,9,UNKNOWN,40,MAIL BOX,GATEWOOD AV & LUTON ST,NASHVILLE,TN,37207,1865,EAST,36.2,-86.7683,POINT (-86.7683 36.2)
20190618835,08/19/2019 01:35:00 PM,3,0,0,,N,330440,11,Front to Rear,21,CLEAR,1,DAYLIGHT,12,MOTOR VEHICLE IN TRANSPORT,28TH AVN & HERMAN ST,NASHVILLE,TN,37208,5309,NORTH,36.1616,-86.8192,POINT (-86.8192 36.1616)
20190681870,09/13/2019 03:30:00 PM,3,0,0,,N,320580,11,Front to Rear,21,CLEAR,1,DAYLIGHT,12,MOTOR VEHICLE IN TRANSPORT,MM 213 1 I 40,NASHVILLE,TN,37210,82061,HERMIT,36.14,-86.7295,POINT (-86.7295 36.14)
20190659418,09/04/2019 09:50:00 AM,2,0,0,,Y,420035,5,SIDESWIPE - SAME DIRECTION,21,CLEAR,1,DAYLIGHT,12,MOTOR VEHICLE IN TRANSPORT,US HWY 31E & EMMITT AVE,MADISON,TN,37115,1623,MADISO,36.2533,-86.7168,POINT (-86.7168 36.2533)
20190779927,10/25/2019 11:53:00 AM,2,0,0,,N,384442,4,ANGLE,21,CLEAR,1,DAYLIGHT,12,MOTOR VEHICLE IN TRANSPORT,THOMPSON LN & W IRIS DR,NASHVILLE,TN,37204,8525,MIDTOW,36.1124,-86.7675,POINT (-86.7675 36.1124)
20190777211,10/24/2019 09:32:00 AM,2,1,0,,N,352211,4,ANGLE,21,CLEAR,1,DAYLIGHT,12,MOTOR VEHICLE IN TRANSPORT,KNOB RD & WHITE BRIDGE PKE,NASHVILLE,TN,37209,5105,WEST,36.1379,-86.8577,POINT (-86.8577 36.1379)
20190654474,09/02/2019 09:20:00 AM,2,0,0,,N,343522,5,SIDESWIPE - SAME DIRECTION,21,CLEAR,1,DAYLIGHT,12,MOTOR VEHICLE IN TRANSPORT,HIGHWAY 70S & I40 E ENT RAMP,NASHVILLE,TN,37221,4813,WEST,36.0808,-86.9556,POINT (-86.9556 36.0808)
20190610261,08/16/2019 02:00:00 AM,2,0,0,,Y,352204,6,SIDESWIPE - OPPOSITE DIRECTION,21,CLEAR,3,DARK - LIGHTED,12,MOTOR VEHICLE IN TRANSPORT,BOWLING AV & WHITLAND AV,NASHVILLE,TN,37205,6005,WEST,36.1333,-86.8255,POINT (-86.8255 36.1333)
20190756187,10/15/2019 11:44:00 AM,1,1,0,,N,226622,0,NOT COLLISION W/MOTOR VEHICLE-TRANSPORT,21,CLEAR,1,DAYLIGHT,36,CONCRETE TRAFFIC BARRIER,BRILEY PKWYS & BRILEY PKWYN,NASHVILLE,TN,37218,3212,NORTH,36.2142,-86.8724,POINT (-86.8724 36.2142)
20190712508,09/26/2019 12:36:00 PM,2,2,0,,Y,306231,11,Front to Rear,2,RAIN,1,DAYLIGHT,12,MOTOR VEHICLE IN TRANSPORT,DR D B TODD JR BLVD & CLAY ST,NASHVILLE,TN,37208,4415,NORTH,36.1826,-86.8123,POINT (-86.8123 36.1826)
20190607407,08/14/2019 11:44:00 PM,3,0,0,,Y,352170,6,SIDESWIPE - OPPOSITE DIRECTION,21,CLEAR,3,DARK - LIGHTED,14,PARKED MOTOR VEHICLE,KOTHE CT & KOTHE WAY,ANTIOCH,TN,37013,8979,SOUTH,36.0704,-86.63,POINT (-86.63 36.0704)
20190664745,09/06/2019 02:10:00 PM,1,0,0,Y,Y,693098,0,NOT COLLISION W/MOTOR VEHICLE-TRANSPORT,21,CLEAR,1,DAYLIGHT,34,DITCH,DEAL AV & STEVENSON ST,NASHVILLE,TN,37209,4649,WEST,36.1552,-86.8661,POINT (-86.8661 36.1552)
20190676676,09/11/2019 05:05:00 PM,3,0,0,,N,256427,11,Front to Rear,2,RAIN,1,DAYLIGHT,12,MOTOR VEHICLE IN TRANSPORT,BRILEY PKWYS & BRILEY PKWYN,NASHVILLE,TN,37218,3212,NORTH,36.2142,-86.8724,POINT (-86.8724 36.2142)
20190897326,12/14/2019 11:30:00 PM,2,0,0,,N,352209,5,SIDESWIPE - SAME DIRECTION,21,CLEAR,3,DARK - LIGHTED,14,PARKED MOTOR VEHICLE,2ND AVN & COMMERCE ST,NASHVILLE,TN,37201,4101,CENTRA,36.163,-86.7759,POINT (-86.7759 36.163)
20190932380,12/31/2019 05:45:00 PM,2,0,0,,N,161946,4,ANGLE,21,CLEAR,3,DARK - LIGHTED,12,MOTOR VEHICLE IN TRANSPORT,GALLATIN AV & EASTLAND AV,NASHVILLE,TN,37206,1243,EAST,36.1838,-86.7484,POINT (-86.7484 36.1838)
20190731939,10/04/2019 04:30:00 PM,2,0,0,Y,N,279214,4,ANGLE,21,CLEAR,1,DAYLIGHT,12,MOTOR VEHICLE IN TRANSPORT,VAULX LN & INVERNESS AV,NASHVILLE,TN,37204,6953,MIDTOW,36.1239,-86.7813,POINT (-86.7813 36.1239)
20190613635,08/17/2019 10:23:00 AM,2,0,0,,N,212325,5,SIDESWIPE - SAME DIRECTION,21,CLEAR,1,DAYLIGHT,12,MOTOR VEHICLE IN TRANSPORT,OLD HICKORY BLVDW & DOUGLAS ST,MADISON,TN,37115,1771,MADISO,36.2633,-86.7146,POINT (-86.7146 36.2633)
20190609108,08/15/2019 02:49:00 PM,2,0,0,,Y,256380,5,SIDESWIPE - SAME DIRECTION,21,CLEAR,1,DAYLIGHT,14,PARKED MOTOR VEHICLE,700 MOORMANS ARM RD,NASHVILLE,TN,37207,3043,NORTH,36.217,-86.8101,POINT (-86.8101 36.217)
20190845346,11/22/2019 06:28:00 AM,2,2,0,,N,330411,4,ANGLE,2,RAIN,4,DAWN,12,MOTOR VEHICLE IN TRANSPORT,US HWY 41 ALT & BUENA VISTA PIKE,NASHVILLE,TN,37218,3135,NORTH,36.1937,-86.8312,POINT (-86.8312 36.1937)
20190892166,12/12/2019 03:29:00 PM,2,0,0,,N,279116,4,ANGLE,21,CLEAR,1,DAYLIGHT,12,MOTOR VEHICLE IN TRANSPORT,8TH AVS & SOUTH DOUGLAS AV,NASHVILLE,TN,37204,6945,MIDTOW,36.1312,-86.7788,POINT (-86.7788 36.1312)
20190747911,10/11/2019 06:22:00 PM,2,0,0,,N,330444,4,ANGLE,2,RAIN,2,DARK - NOT LIGHTED,12,MOTOR VEHICLE IN TRANSPORT,WEDGEWOOD AVE & BEECH AVE,NASHVILLE,TN,37204,6919,MIDTOW,36.1343,-86.7802,POINT (-86.7802 36.1343)
20190723843,10/01/2019 12:35:00 PM,2,0,0,,N,226306,4,ANGLE,21,CLEAR,1,DAYLIGHT,12,MOTOR VEHICLE IN TRANSPORT,MM 199 8 I 40,NASHVILLE,TN,37205,4902,WEST,36.1175,-86.9145,POINT (-86.9145 36.1175)
20190741244,10/09/2019 12:00:00 AM,1,0,0,Y,N,384423,0,NOT COLLISION W/MOTOR VEHICLE-TRANSPORT,21,CLEAR,3,DARK - LIGHTED,34,DITCH,HAYSBORO AV & INGLEWOOD CT,NASHVILLE,TN,37216,1513,EAST,36.2311,-86.7217,POINT (-86.7217 36.2311)
20190766599,10/19/2019 05:08:00 PM,1,5,0,Y,N,212338,0,NOT COLLISION W/MOTOR VEHICLE-TRANSPORT,2,RAIN,1,DAYLIGHT,37;6,Other Traffic Barrier,I65 ENT RAMP & I 440,NASHVILLE,TN,37204,81061,MIDTOW,36.1189,-86.7675,POINT (-86.7675 36.1189)
20190672820,09/10/2019 09:00:00 AM,3,0,0,,Y,676834,11,Front to Rear,21,CLEAR,1,DAYLIGHT,12,MOTOR VEHICLE IN TRANSPORT,MM 207 1 I 40,NASHVILLE,TN,37208,54020,NORTH,36.1698,-86.8093,POINT (-86.8093 36.1698)
20190707584,09/24/2019 02:58:00 PM,1,1,0,,Y,240983,0,NOT COLLISION W/MOTOR VEHICLE-TRANSPORT,21,CLEAR,1,DAYLIGHT,8,PEDESTRIAN,DOVER GLEN DR & GROVESNOR RD,ANTIOCH,TN,37013,8861,SOUTH,36.0758,-86.6487,POINT (-86.6487 36.0758)
20190791569,10/30/2019 02:28:00 PM,1,1,0,,N,226622,0,NOT COLLISION W/MOTOR VEHICLE-TRANSPORT,2,RAIN,1,DAYLIGHT,36,CONCRETE TRAFFIC BARRIER,MM 202 8 I 40,NASHVILLE,TN,37209,46024,WEST,36.1476,-86.8773,POINT (-86.8773 36.1476)
20190661550,09/05/2019 08:37:00 AM,2,1,0,,N,109534,11,Front to Rear,21,CLEAR,1,DAYLIGHT,12,MOTOR VEHICLE IN TRANSPORT,ELM HILL PKE & ELM HILL PKE EB EXT RAMP,NASHVILLE,TN,37210,9041,HERMIT,36.1513,-86.6916,POINT (-86.6916 36.1513)
20190890041,12/11/2019 09:46:00 PM,2,1,0,,N,151132,11,Front to Rear,21,CLEAR,3,DARK - LIGHTED,12;14,MOTOR VEHICLE IN TRANSPORT;PARKED MOTOR VEHICLE,PIERCE RD & ANDERSON LN,MADISON,TN,37115,1729,MADISO,36.2735,-86.7097,POINT (-86.7097 36.2735)
20190865106,12/01/2019 02:29:00 PM,4,0,0,,N,352168,2,HEAD-ON,22,CLOUDY,1,DAYLIGHT,12,MOTOR VEHICLE IN TRANSPORT,HARDING PL & TROUSDALE DR,NASHVILLE,TN,37220,8601,MIDTOW,36.0811,-86.7584,POINT (-86.7584 36.0811)
20190749918,10/12/2019 05:59:00 PM,1,0,0,,N,330427,0,NOT COLLISION W/MOTOR VEHICLE-TRANSPORT,21,CLEAR,1,DAYLIGHT,16,THROWN OR FALLING OBJECT,EATONS CREEK RD & SEDGE HILL TRAIL,JOELTON,TN,37080,3233,NORTH,36.264,-86.8929,POINT (-86.8929 36.264)
20190805827,11/05/2019 04:30:00 PM,2,0,0,,N,717341,4,ANGLE,21,CLEAR,1,DAYLIGHT,12,MOTOR VEHICLE IN TRANSPORT,HOBSON PKE & MURFREESBORO PKE,ANTIOCH,TN,37013,8867,SOUTH,36.043,-86.6066,POINT (-86.6066 36.043)
20190775456,10/23/2019 03:29:00 PM,2,0,0,,N,134899,11,Front to Rear,21,CLEAR,1,DAYLIGHT,12,MOTOR VEHICLE IN TRANSPORT,STATE HWY 155 & VENUS DR,NASHVILLE,TN,37217,8998,HERMIT,36.1237,-86.6964,POINT (-86.6964 36.1237)
20190699093,09/20/2019 06:55:00 PM,3,1,0,,N,405418,11,Front to Rear,21,CLEAR,3,DARK - LIGHTED,12,MOTOR VEHICLE IN TRANSPORT,HARDING PL & TROUSDALE DR,NASHVILLE,TN,37220,8601,MIDTOW,36.0811,-86.7584,POINT (-86.7584 36.0811)
20190601193,08/12/2019 03:00:00 PM,1,0,0,Y,Y,320582,0,NOT COLLISION W/MOTOR VEHICLE-TRANSPORT,21,CLEAR,1,DAYLIGHT,40;63,MAIL BOX;Ran Off Road-Right,MERIDIAN ST & EDWIN ST,NASHVILLE,TN,37207,1859,EAST,36.2043,-86.766,POINT (-86.766 36.2043)
20190607959,08/15/2019 07:10:00 AM,1,1,0,,N,716886,0,NOT COLLISION W/MOTOR VEHICLE-TRANSPORT,21,CLEAR,1,DAYLIGHT,34;41,DITCH;SHRUBBERY,CULBERTSON RD & MILL CREEK LENOX VILLAGE,ANTIOCH,TN,37013,8767,SOUTH,36.0123,-86.6879,POINT (-86.6879 36.0123)
20190727192,10/02/2019 07:00:00 PM,2,0,0,,Y,633370,0,NOT COLLISION W/MOTOR VEHICLE-TRANSPORT,21,CLEAR,2,DARK - NOT LIGHTED,16,THROWN OR FALLING OBJECT,OLD HICKORY BLVD & I24 W EXT RAMP,ANTIOCH,TN,37013,8869,SOUTH,36.0158,-86.6201,POINT (-86.6201 36.0158)
20190759226,10/16/2019 03:42:00 PM,2,0,0,,N,330444,11,Front to Rear,21,CLEAR,1,DAYLIGHT,12,MOTOR VEHICLE IN TRANSPORT,US HWY 70S & 28TH AVE N,NASHVILLE,TN,37212,5815,MIDTOW,36.145,-86.8124,POINT (-86.8124 36.145)
20190800214,11/03/2019 09:00:00 AM,2,0,0,,Y,279230,6,SIDESWIPE - OPPOSITE DIRECTION,21,CLEAR,1,DAYLIGHT,12,MOTOR VEHICLE IN TRANSPORT,506 CEDAR POINTE PKWY,ANTIOCH,TN,37013,8721,SOUTH,36.0455,-86.6638,POINT (-86.6638 36.0455)
20190783058,10/27/2019 01:08:00 AM,2,0,0,,Y,311341,11,Front to Rear,22,CLOUDY,3,DARK - LIGHTED,12,MOTOR VEHICLE IN TRANSPORT,US HWY 70 & WESTBORO DR,NASHVILLE,TN,37209,5027,WEST,36.1456,-86.8714,POINT (-86.8714 36.1456)
20190780836,10/25/2019 08:24:00 PM,1,1,0,Y,N,330440,0,NOT COLLISION W/MOTOR VEHICLE-TRANSPORT,2,RAIN,3,DARK - LIGHTED,24,GUARDRAIL FACE,MM 86 2 I 65,NASHVILLE,TN,37207,1910,CENTRA,36.1919,-86.7812,POINT (-86.7812 36.1919)
20190840509,11/20/2019 12:00:00 AM,2,0,0,,Y,343522,5,SIDESWIPE - SAME DIRECTION,99,UNKNOWN,9,UNKNOWN,12,MOTOR VEHICLE IN TRANSPORT,STALLION DR & NEW SAWYER BROWN RD,NASHVILLE,TN,37221,4813,WEST,36.0862,-86.9405,POINT (-86.9405 36.0862)
20190777607,10/24/2019 12:50:00 PM,2,0,0,,Y,224824,11,Front to Rear,21,CLEAR,1,DAYLIGHT,12,MOTOR VEHICLE IN TRANSPORT,CENTRAL PKE EXIT RAMP & CENTRAL PKE,HERMITAGE,TN,37076,95060,HERMIT,36.1739,-86.6067,POINT (-86.6067 36.1739)