Accident Number,Date and Time,Number of Motor Vehicles,Number of Injuries,Number of Fatalities,Property Damage,Hit and Run,Reporting Officer,Collision Type Code,Collision Type Description,Weather Code,Weather Description,Illumination Code,Illumination Description,Harmful Code,Harmful Code Description,Street Address,City,State,ZIP,RPA,Precinct,Latitude,Longitude,Mapped Location
20190894425,12/13/2019 02:04:00 PM,2,0,0,,N,109534,11,Front to Rear,2,RAIN,1,DAYLIGHT,12,MOTOR VEHICLE IN TRANSPORT,MM 212 0 I 40,NASHVILLE,TN,37210,90041,HERMIT,36.147,-86.7433,POINT (-86.7433 36.147)
20190924729,12/27/2019 10:19:00 PM,2,0,0,,Y,206683,4,ANGLE,5,FOG,3,DARK - LIGHTED,12,MOTOR VEHICLE IN TRANSPORT,HAYWOOD LN & EAST RIDGE DR,NASHVILLE,TN,37211,8707,SOUTH,36.07,-86.6985,POINT (-86.6985 36.07)
20190736587,10/07/2019 12:00:00 AM,1,1,0,,N,352188,0,NOT COLLISION W/MOTOR VEHICLE-TRANSPORT,2,RAIN,2,DARK - NOT LIGHTED,44,PAVED SURFACE-IRREGULAR,I440 W EXT RAMP & I 440,NASHVILLE,TN,37210,8101,SOUTH,36.1239,-86.7486,POINT (-86.7486 36.1239)
20190678075,09/12/2019 07:35:00 AM,2,0,0,,Y,665896,5,SIDESWIPE - SAME DIRECTION,21,CLEAR,1,DAYLIGHT,12,MOTOR VEHICLE IN TRANSPORT,MAIN ST & N 6TH ST,NASHVILLE,TN,37206,1997,EAST,36.1738,-86.7628,POINT (-86.7628 36.1738)
20190690747,09/17/2019 04:05:00 PM,3,3,0,Y,N,240983,0,NOT COLLISION W/MOTOR VEHICLE-TRANSPORT,21,CLEAR,1,DAYLIGHT,14;19;64,PARKED MOTOR VEHICLE;BUILDING;Ran Off Road-Left,BARNES BEND DR & THISTLE DOWN LN,ANTIOCH,TN,37013,8759,SOUTH,36.0254,-86.6965,POINT (-86.6965 36.0254)
20190846374,11/22/2019 02:39:00 PM,2,0,0,,N,197070,5,SIDESWIPE - SAME DIRECTION,21,CLEAR,1,DAYLIGHT,12,MOTOR VEHICLE IN TRANSPORT,ROSA L PARKS BLVD & I65 N ENT RAMP,NASHVILLE,TN,37208,4353,NORTH,36.184,-86.798,POINT (-86.798 36.184)
20190912087,12/21/2019 12:00:00 AM,2,0,0,,Y,352179,2,HEAD-ON,21,CLEAR,9,UNKNOWN,12;14,MOTOR VEHICLE IN TRANSPORT;PARKED MOTOR VEHICLE,EWING CREEK DR & TUCKAHOE DR,NASHVILLE,TN,37207,2045,MADISO,36.2591,-86.7632,POINT (-86.7632 36.2591)
20190863793,11/30/2019 08:30:00 PM,2,3,0,,N,299253,11,Front to Rear,2,RAIN,3,DARK - LIGHTED,12,MOTOR VEHICLE IN TRANSPORT,MAPLEWOOD TRC & W MAPLEWOOD LN,NASHVILLE,TN,37207,1807,EAST,36.2331,-86.7587,POINT (-86.7587 36.2331)
20190681263,09/13/2019 10:08:00 AM,2,0,0,,Y,140808,16,Rear to Side,21,CLEAR,1,DAYLIGHT,14,PARKED MOTOR VEHICLE,GAY ST & 5TH AVN,NASHVILLE,TN,37219,4203,CENTRA,36.1679,-86.7832,POINT (-86.7832 36.1679)
20190767103,10/19/2019 11:10:00 PM,2,2,0,,N,352212,4,ANGLE,22,CLOUDY,3,DARK - LIGHTED,12;14,MOTOR VEHICLE IN TRANSPORT;PARKED MOTOR VEHICLE,MAIN ST & YEAMAN PL,NASHVILLE,TN,37206,1113,EAST,36.1734,-86.7639,POINT (-86.7639 36.1734)
20190619228,08/19/2019 05:44:00 PM,2,0,0,,Y,330428,4,ANGLE,21,CLEAR,1,DAYLIGHT,55,Motor Vehicle-In-Motion Outside Trafficw,CHARLOTTE PKE & AMERICAN RD,NASHVILLE,TN,37209,5027,WEST,36.1444,-86.8727,POINT (-86.8727 36.1444)
20190627564,08/22/2019 12:00:00 AM,3,1,0,,N,256427,5,SIDESWIPE - SAME DIRECTION,21,CLEAR,1,DAYLIGHT,12,MOTOR VEHICLE IN TRANSPORT,MM 211 7 I 40,NASHVILLE,TN,37210,82042,HERMIT,36.1499,-86.7483,POINT (-86.7483 36.1499)
20190824729,11/13/2019 04:03:00 PM,2,0,0,,Y,256423,11,Front to Rear,21,CLEAR,1,DAYLIGHT,14,PARKED MOTOR VEHICLE,CLARKSVILLE PKE & CLIFF DR,NASHVILLE,TN,37218,3157,NORTH,36.1923,-86.8291,POINT (-86.8291 36.1923)
20190888687,12/11/2019 10:00:00 AM,2,0,0,,Y,337277,5,SIDESWIPE - SAME DIRECTION,21,CLEAR,1,DAYLIGHT,12,MOTOR VEHICLE IN TRANSPORT,CHARLOTTE AV & 14TH AVN,NASHVILLE,TN,37203,5501,MIDTOW,36.1606,-86.7941,POINT (-86.7941 36.1606)
20190604161,08/13/2019 06:04:00 PM,2,0,0,,Y,151132,3,REAR-TO-REAR,22,CLOUDY,5,DUSK,12,MOTOR VEHICLE IN TRANSPORT,DICKERSON PKES & W CAMPBELL RD,GOODLETTSVILLE,TN,37072,2113,MADISO,36.2924,-86.7337,POINT (-86.7337 36.2924)
20190864953,12/01/2019 12:05:00 PM,2,1,0,,N,468097,11,Front to Rear,21,CLEAR,1,DAYLIGHT,12;72,MOTOR VEHICLE IN TRANSPORT;EMBANKMENT ROCK/STONE/CONCRETE,MM 210 7 I 40,NASHVILLE,TN,37210,8202,HERMIT,36.1532,-86.7644,POINT (-86.7644 36.1532)
20190858297,11/27/2019 06:42:00 PM,2,0,0,,Y,240983,4,ANGLE,21,CLEAR,2,DARK - NOT LIGHTED,12,MOTOR VEHICLE IN TRANSPORT,BLUE HOLE RD & BELL RD,ANTIOCH,TN,37013,8721,SOUTH,36.0458,-86.6744,POINT (-86.6744 36.0458)
20190837854,11/19/2019 09:45:00 AM,2,0,0,,N,420035,11,Front to Rear,21,CLEAR,1,DAYLIGHT,12,MOTOR VEHICLE IN TRANSPORT,STATE RT 45 & DELAWARE AV,MADISON,TN,37115,1701,MADISO,36.2637,-86.7045,POINT (-86.7045 36.2637)
20190651870,09/01/2019 03:30:00 AM,3,0,0,Y,N,169414,4,ANGLE,21,CLEAR,2,DARK - NOT LIGHTED,14;40,PARKED MOTOR VEHICLE;MAIL BOX,OCALA DR & BESS CTS,NASHVILLE,TN,37211,8717,SOUTH,36.0504,-86.6914,POINT (-86.6914 36.0504)
20190907268,12/19/2019 07:40:00 AM,2,0,0,,N,420059,11,Front to Rear,21,CLEAR,1,DAYLIGHT,12,MOTOR VEHICLE IN TRANSPORT,HARDING PL & MILNER DR,NASHVILLE,TN,37211,8609,MIDTOW,36.0781,-86.7307,POINT (-86.7307 36.0781)
20190622497,08/20/2019 08:15:00 PM,1,1,0,,N,352166,0,NOT COLLISION W/MOTOR VEHICLE-TRANSPORT,2,RAIN,3,DARK - LIGHTED,9,,HERMITAGE AV & KOREAN VETERANS BLVD,NASHVILLE,TN,37201,4047,CENTRA,36.1583,-86.7719,POINT (-86.7719 36.1583)
20190831234,11/16/2019 10:32:00 AM,2,0,0,,N,298864,4,ANGLE,21,CLEAR,1,DAYLIGHT,12,MOTOR VEHICLE IN TRANSPORT,GALLATIN PKES & E OLD HICKORY BLVD,MADISON,TN,37115,1771,MADISO,36.2622,-86.7122,POINT (-86.7122 36.2622)
20190825506,11/14/2019 12:00:00 AM,1,0,0,,Y,298875,0,NOT COLLISION W/MOTOR VEHICLE-TRANSPORT,21,CLEAR,3,DARK - LIGHTED,1,,EAST THOMPSON LN & LAWNDALE DR,NASHVILLE,TN,37217,8879,SOUTH,36.1223,-86.7176,POINT (-86.7176 36.1223)
20190793227,10/31/2019 07:48:00 AM,2,0,0,,N,299243,4,ANGLE,2,RAIN,1,DAYLIGHT,12,MOTOR VEHICLE IN TRANSPORT,MM 49 2 I 24,NASHVILLE,TN,37213,1002,CENTRA,36.1637,-86.7625,POINT (-86.7625 36.1637)
20190645217,08/29/2019 03:15:00 PM,2,0,0,,N,693098,11,Front to Rear,21,CLEAR,1,DAYLIGHT,12,MOTOR VEHICLE IN TRANSPORT,HARDING PKE & KENNER AV,NASHVILLE,TN,37205,6021,WEST,36.1261,-86.8461,POINT (-86.8461 36.1261)
20190720652,09/30/2019 06:53:00 AM,2,1,0,,N,716886,4,ANGLE,21,CLEAR,1,DAYLIGHT,12,MOTOR VEHICLE IN TRANSPORT,OLD HICKORY BLVD & NOLENSVILLE PKE,ANTIOCH,TN,37013,8757,SOUTH,36.0455,-86.7122,POINT (-86.7122 36.0455)
20190740210,10/08/2019 03:50:00 PM,2,0,0,,Y,384450,4,ANGLE,21,CLEAR,1,DAYLIGHT,12,MOTOR VEHICLE IN TRANSPORT,25TH AVN & MEHARRY BLVD,NASHVILLE,TN,37208,5321,NORTH,36.1673,-86.8147,POINT (-86.8147 36.1673)
20190875592,12/05/2019 05:22:00 PM,2,0,0,,N,256392,11,Front to Rear,21,CLEAR,3,DARK - LIGHTED,12,MOTOR VEHICLE IN TRANSPORT,MM 208 0 I 40,NASHVILLE,TN,37208,54022,NORTH,36.1707,-86.7983,POINT (-86.7983 36.1707)
20190656684,09/03/2019 12:00:00 AM,1,0,0,Y,Y,311799,0,NOT COLLISION W/MOTOR VEHICLE-TRANSPORT,99,UNKNOWN,9,UNKNOWN,40,MAIL BOX,AMQUIWOOD CT & HERITAGE PL,MADISON,TN,37115,1765,MADISO,36.2744,-86.7178,POINT (-86.7178 36.2744)
20190759626,10/16/2019 07:20:00 PM,2,2,0,,N,420040,11,Front to Rear,21,CLEAR,3,DARK - LIGHTED,12,MOTOR VEHICLE IN TRANSPORT,MM 209 2 I 40,NASHVILLE,TN,37203,5702,MIDTOW,36.1554,-86.7891,POINT (-86.7891 36.1554)
20190817219,11/10/2019 02:45:00 PM,2,1,0,,Y,311337,11,Front to Rear,21,CLEAR,1,DAYLIGHT,12,MOTOR VEHICLE IN TRANSPORT,US HWY 41 & JUNIPER DR,NASHVILLE,TN,37217,8811,SOUTH,36.1195,-86.702,POINT (-86.702 36.1195)
20190870757,12/03/2019 10:04:00 PM,2,0,0,,Y,240983,4,ANGLE,21,CLEAR,2,DARK - NOT LIGHTED,12,MOTOR VEHICLE IN TRANSPORT,BELL RD & CANE RIDGE RD,ANTIOCH,TN,37013,8753,SOUTH,36.0449,-86.6631,POINT (-86.6631 36.0449)
20190608455,08/15/2019 10:50:00 AM,2,0,0,,N,620072,4,ANGLE,21,CLEAR,1,DAYLIGHT,12,MOTOR VEHICLE IN TRANSPORT,US HWY 70S & 25TH AVE S,NASHVILLE,TN,37212,5801,MIDTOW,36.147,-86.8084,POINT (-86.8084 36.147)
20190611870,08/16/2019 12:00:00 AM,2,0,0,,N,298877,98,OTHER,21,CLEAR,1,DAYLIGHT,12,MOTOR VEHICLE IN TRANSPORT,MM 53 2 I 24,NASHVILLE,TN,37210,83020,SOUTH,36.116,-86.7253,POINT (-86.7253 36.116)
20190891432,12/12/2019 07:51:00 AM,2,0,0,,N,755026,5,SIDESWIPE - SAME DIRECTION,21,CLEAR,1,DAYLIGHT,12,MOTOR VEHICLE IN TRANSPORT,I24 W EXT RAMP & SPENCE LN,NASHVILLE,TN,37217,8801,SOUTH,36.1358,-86.725,POINT (-86.725 36.1358)
20190759014,10/16/2019 01:40:00 PM,2,0,0,,N,109534,11,Front to Rear,21,CLEAR,1,DAYLIGHT,12,MOTOR VEHICLE IN TRANSPORT,DONELSON PKE & COLONIAL CIR,NASHVILLE,TN,37214,9113,HERMIT,36.1634,-86.664,POINT (-86.664 36.1634)
20190709587,09/25/2019 09:49:00 AM,2,0,0,,N,414731,4,ANGLE,21,CLEAR,1,DAYLIGHT,12,MOTOR VEHICLE IN TRANSPORT,EDMONDSON PKE & WALLACE RD,NASHVILLE,TN,37211,8661,MIDTOW,36.0771,-86.7256,POINT (-86.7256 36.0771)
20190644529,08/29/2019 08:47:00 AM,2,0,0,,N,755026,11,Front to Rear,21,CLEAR,1,DAYLIGHT,12,MOTOR VEHICLE IN TRANSPORT,NOLENSVILLE PKE & MCIVER ST,NASHVILLE,TN,37211,8517,MIDTOW,36.1043,-86.7418,POINT (-86.7418 36.1043)
20190656576,09/03/2019 08:23:00 AM,1,1,0,,N,320586,0,NOT COLLISION W/MOTOR VEHICLE-TRANSPORT,21,CLEAR,1,DAYLIGHT,9,,NOLENSVILLE PKE & ZOO RD,NASHVILLE,TN,37211,8509,MIDTOW,36.0886,-86.732,POINT (-86.732 36.0886)
20190687930,09/16/2019 02:25:00 PM,2,1,0,,N,716886,11,Front to Rear,21,CLEAR,1,DAYLIGHT,12,MOTOR VEHICLE IN TRANSPORT,MURFREESBORO PKE & HURRICANE CREEK BLVD,ANTIOCH,TN,37013,8869,SOUTH,36.0302,-86.5926,POINT (-86.5926 36.0302)
20190817549,11/10/2019 06:35:00 PM,2,0,0,,N,279225,4,ANGLE,21,CLEAR,2,DARK - NOT LIGHTED,12,MOTOR VEHICLE IN TRANSPORT,BELL RD & LINCOYA BAY DR,NASHVILLE,TN,37214,8957,HERMIT,36.1455,-86.6262,POINT (-86.6262 36.1455)
20190869104,12/03/2019 08:44:00 AM,2,0,0,,N,462474,11,Front to Rear,21,CLEAR,1,DAYLIGHT,12,MOTOR VEHICLE IN TRANSPORT,MM 79 7 I 65,NASHVILLE,TN,37204,8504,MIDTOW,36.1092,-86.7698,POINT (-86.7698 36.1092)
20190768384,10/20/2019 04:30:00 PM,2,5,1,,N,352196,4,ANGLE,21,CLEAR,1,DAYLIGHT,12;68,MOTOR VEHICLE IN TRANSPORT;Cross Center Line,HAMILTON CHURCH RD & MURFREESBORO PKE,ANTIOCH,TN,37013,8865,SOUTH,36.0645,-86.6288,POINT (-86.6288 36.0645)
20190772387,10/22/2019 10:54:00 AM,1,0,0,Y,N,716886,0,NOT COLLISION W/MOTOR VEHICLE-TRANSPORT,21,CLEAR,1,DAYLIGHT,24,GUARDRAIL FACE,MM 56 1 I 24,NASHVILLE,TN,37211,88100,SOUTH,36.0813,-86.697,POINT (-86.697 36.0813)
20190808175,11/06/2019 02:27:00 PM,2,1,0,,N,384423,11,Front to Rear,22,CLOUDY,1,DAYLIGHT,12,MOTOR VEHICLE IN TRANSPORT,HARDING PKE & OLD HARDING PKE,NASHVILLE,TN,37205,4913,WEST,36.0972,-86.8759,POINT (-86.8759 36.0972)
20190849569,11/24/2019 03:13:00 AM,2,3,0,,N,279203,4,ANGLE,2,RAIN,2,DARK - NOT LIGHTED,12;18,MOTOR VEHICLE IN TRANSPORT;OTHER OBJECT (NOT FIXED),4TH AVN & CHARLOTTE AV,NASHVILLE,TN,37201,4161,CENTRA,36.1664,-86.7807,POINT (-86.7807 36.1664)
20190820775,11/12/2019 04:50:00 AM,2,1,0,,N,352153,4,ANGLE,22,CLOUDY,3,DARK - LIGHTED,12,MOTOR VEHICLE IN TRANSPORT,BRILEY PKWYS & I24 W ENT RAMP,NASHVILLE,TN,37211,88962,SOUTH,36.1099,-86.7214,POINT (-86.7214 36.1099)
20190618017,08/19/2019 08:02:00 AM,2,1,0,,N,473670,11,Front to Rear,21,CLEAR,1,DAYLIGHT,12,MOTOR VEHICLE IN TRANSPORT,EASTLAND AV & GALLATIN AV,NASHVILLE,TN,37206,1243,EAST,36.1838,-86.7484,POINT (-86.7484 36.1838)
20190715864,09/27/2019 06:19:00 PM,2,0,0,,N,279116,4,ANGLE,21,CLEAR,3,DARK - LIGHTED,12,MOTOR VEHICLE IN TRANSPORT,EDMONDSON PKE & CLOVERLAND DR,NASHVILLE,TN,37211,8651,MIDTOW,36.0295,-86.7441,POINT (-86.7441 36.0295)
20190893758,12/13/2019 08:39:00 AM,2,1,0,Y,N,224824,4,ANGLE,2,RAIN,1,DAYLIGHT,12,MOTOR VEHICLE IN TRANSPORT,CENTRAL PKE & BURNING TREE DR,HERMITAGE,TN,37076,9557,HERMIT,36.1728,-86.6008,POINT (-86.6008 36.1728)
20190645268,08/29/2019 02:09:00 PM,2,0,0,,Y,429193,4,ANGLE,21,CLEAR,1,DAYLIGHT,12,MOTOR VEHICLE IN TRANSPORT,RIVER RD & RIVER ROAD PK,NASHVILLE,TN,37209,4701,WEST,36.1312,-86.9231,POINT (-86.9231 36.1312)
20190838262,11/19/2019 12:00:00 AM,2,0,0,,Y,226622,11,Front to Rear,99,UNKNOWN,9,UNKNOWN,12,MOTOR VEHICLE IN TRANSPORT,WOODMONT HALL PL & WOODMONT BLVD,NASHVILLE,TN,37205,6021,WEST,36.1172,-86.8378,POINT (-86.8378 36.1172)
20190750311,10/12/2019 10:29:00 PM,1,1,0,,Y,224437,0,NOT COLLISION W/MOTOR VEHICLE-TRANSPORT,21,CLEAR,3,DARK - LIGHTED,8,PEDESTRIAN,DICKERSON PKE & KINGSTON ST,NASHVILLE,TN,37207,1833,EAST,36.2095,-86.7664,POINT (-86.7664 36.2095)
20190652614,09/01/2019 02:15:00 PM,2,1,0,,Y,320597,4,ANGLE,21,CLEAR,1,DAYLIGHT,12,MOTOR VEHICLE IN TRANSPORT,ZELIDA AV & BELL RD,ANTIOCH,TN,37013,8865,SOUTH,36.0549,-86.6425,POINT (-86.6425 36.0549)
20190716115,09/27/2019 09:20:00 PM,2,1,0,,N,320603,6,SIDESWIPE - OPPOSITE DIRECTION,21,CLEAR,3,DARK - LIGHTED,12,MOTOR VEHICLE IN TRANSPORT,SAWYER BROWN RD & GLENWOOD TRACE PVTDR,NASHVILLE,TN,37221,4813,WEST,36.0947,-86.9339,POINT (-86.9339 36.0947)
20190603843,08/13/2019 12:00:00 AM,2,0,0,,Y,299258,4,ANGLE,2,RAIN,1,DAYLIGHT,12,MOTOR VEHICLE IN TRANSPORT,W TRINITY LN & HAMPTON ST,NASHVILLE,TN,37207,3007,NORTH,36.2067,-86.7784,POINT (-86.7784 36.2067)
20190764265,10/18/2019 03:30:00 PM,2,0,0,,Y,352186,5,SIDESWIPE - SAME DIRECTION,21,CLEAR,1,DAYLIGHT,12,MOTOR VEHICLE IN TRANSPORT,SPRING ST & JEFFERSON ST,NASHVILLE,TN,37213,1989,CENTRA,36.1766,-86.7779,POINT (-86.7779 36.1766)
20190810809,11/07/2019 04:24:00 PM,3,1,0,,N,212343,11,Front to Rear,2,RAIN,5,DUSK,12,MOTOR VEHICLE IN TRANSPORT,KOREAN VETERANS BLVD & DAVIDSON ST,NASHVILLE,TN,37213,1001,CENTRA,36.1611,-86.7694,POINT (-86.7694 36.1611)
20190586703,08/06/2019 10:30:00 PM,2,0,0,,Y,665896,5,SIDESWIPE - SAME DIRECTION,99,UNKNOWN,2,DARK - NOT LIGHTED,12;14,MOTOR VEHICLE IN TRANSPORT;PARKED MOTOR VEHICLE,GATEWOOD AV & PENNOCK AV,NASHVILLE,TN,37207,1897,EAST,36.1994,-86.7649,POINT (-86.7649 36.1994)
20190662656,09/05/2019 05:56:00 PM,3,0,0,,N,197054,11,Front to Rear,21,CLEAR,1,DAYLIGHT,12,MOTOR VEHICLE IN TRANSPORT,MM 214 7 I 40,NASHVILLE,TN,37217,88022,HERMIT,36.1438,-86.7007,POINT (-86.7007 36.1438)
20190796611,11/01/2019 04:44:00 PM,2,5,1,Y,N,256423,98,OTHER,21,CLEAR,1,DAYLIGHT,12,MOTOR VEHICLE IN TRANSPORT,HYDES FERRY RD & COUNTY HOSPITAL RD,NASHVILLE,TN,37218,3131,NORTH,36.1895,-86.8377,POINT (-86.8377 36.1895)
20190895868,12/14/2019 12:00:00 AM,1,0,0,Y,Y,256377,0,NOT COLLISION W/MOTOR VEHICLE-TRANSPORT,21,CLEAR,2,DARK - NOT LIGHTED,30;63,UTILITY POLE;Ran Off Road-Right,ELM HILL PKE & NOBLE VALLEY DR,NASHVILLE,TN,37214,8995,HERMIT,36.1425,-86.6316,POINT (-86.6316 36.1425)
20190753258,10/14/2019 09:23:00 AM,2,0,0,,N,716886,5,SIDESWIPE - SAME DIRECTION,21,CLEAR,1,DAYLIGHT,12,MOTOR VEHICLE IN TRANSPORT,MM 59 8 I 24,ANTIOCH,TN,37013,88060,SOUTH,36.0422,-86.6533,POINT (-86.6533 36.0422)
20190912226,12/21/2019 11:07:00 AM,2,0,0,,Y,110092,5,SIDESWIPE - SAME DIRECTION,22,CLOUDY,1,DAYLIGHT,12,MOTOR VEHICLE IN TRANSPORT,MM 55 1 I 24,NASHVILLE,TN,37211,8602,SOUTH,36.0928,-86.7055,POINT (-86.7055 36.0928)
20190753579,10/14/2019 12:02:00 PM,2,0,0,,N,405391,11,Front to Rear,21,CLEAR,1,DAYLIGHT,12,MOTOR VEHICLE IN TRANSPORT,I40 W EXT RAMP & I 40,NASHVILLE,TN,37203,4119,CENTRA,36.1574,-86.79,POINT (-86.79 36.1574)
20190808574,11/06/2019 06:05:00 PM,2,1,0,,N,571325,11,Front to Rear,21,CLEAR,3,DARK - LIGHTED,12,MOTOR VEHICLE IN TRANSPORT,28TH AVN & BOOKER ST,NASHVILLE,TN,37208,5309,NORTH,36.1607,-86.819,POINT (-86.819 36.1607)
20190895641,12/14/2019 02:00:00 AM,2,0,0,,Y,320598,11,Front to Rear,2,RAIN,3,DARK - LIGHTED,12,MOTOR VEHICLE IN TRANSPORT,NOLENSVILLE PKE & ZOO RD,NASHVILLE,TN,37211,8509,MIDTOW,36.0886,-86.732,POINT (-86.732 36.0886)
20190764637,10/18/2019 07:58:00 PM,1,0,0,,N,414711,0,NOT COLLISION W/MOTOR VEHICLE-TRANSPORT,21,CLEAR,1,DAYLIGHT,36,CONCRETE TRAFFIC BARRIER,MM 0 1 I 440,NASHVILLE,TN,37205,5240,WEST,36.1423,-86.8229,POINT (-86.8229 36.1423)
20190587147,08/07/2019 12:32:00 PM,2,0,0,,N,485261,5,SIDESWIPE - SAME DIRECTION,21,CLEAR,1,DAYLIGHT,12,MOTOR VEHICLE IN TRANSPORT,CHARLOTTE AV & 7TH AVN,NASHVILLE,TN,37219,4157,CENTRA,36.1648,-86.7844,POINT (-86.7844 36.1648)
20190614211,08/17/2019 05:03:00 PM,3,0,0,,N,320580,11,Front to Rear,21,CLEAR,1,DAYLIGHT,12,MOTOR VEHICLE IN TRANSPORT,MM 212 4 I 40,NASHVILLE,TN,37210,82060,HERMIT,36.1441,-86.7389,POINT (-86.7389 36.1441)
20190885586,12/10/2019 07:02:00 AM,2,0,0,,N,279230,11,Front to Rear,2,RAIN,1,DAYLIGHT,12,MOTOR VEHICLE IN TRANSPORT,HARDING PL & I24 E ENT RAMP,NASHVILLE,TN,37211,8707,SOUTH,36.0855,-86.7014,POINT (-86.7014 36.0855)
20190620807,08/20/2019 07:19:00 AM,2,0,0,,N,191578,11,Front to Rear,21,CLEAR,1,DAYLIGHT,12,MOTOR VEHICLE IN TRANSPORT,BRIDGEWAY AV & ROBINSON RD,OLD HICKORY,TN,37138,9701,HERMIT,36.2674,-86.6695,POINT (-86.6695 36.2674)
20190877744,12/06/2019 01:19:00 PM,2,0,0,,N,226622,11,Front to Rear,22,CLOUDY,1,DAYLIGHT,12,MOTOR VEHICLE IN TRANSPORT,CHARLOTTE PKE & MIDLAND AV,NASHVILLE,TN,37209,5033,WEST,36.1499,-86.8591,POINT (-86.8591 36.1499)
20190756473,10/15/2019 02:05:00 PM,2,0,0,,N,226586,4,ANGLE,21,CLEAR,1,DAYLIGHT,12,MOTOR VEHICLE IN TRANSPORT,DICKERSON PKE & BROADMOOR DR,NASHVILLE,TN,37207,1811,EAST,36.2294,-86.7593,POINT (-86.7593 36.2294)
20190649585,08/31/2019 02:55:00 AM,2,1,0,,N,320578,4,ANGLE,21,CLEAR,3,DARK - LIGHTED,12,MOTOR VEHICLE IN TRANSPORT,MURFREESBORO PKE & BELL RD,ANTIOCH,TN,37013,8865,SOUTH,36.072,-86.636,POINT (-86.636 36.072)
20190664049,09/06/2019 08:00:00 AM,2,1,0,,N,676834,11,Front to Rear,21,CLEAR,1,DAYLIGHT,12,MOTOR VEHICLE IN TRANSPORT,ASHLAND CITY HWY & STEWARTS LN,NASHVILLE,TN,37218,3167,NORTH,36.2083,-86.8606,POINT (-86.8606 36.2083)
20190784222,10/27/2019 05:22:00 PM,2,2,0,,Y,256383,5,SIDESWIPE - SAME DIRECTION,21,CLEAR,1,DAYLIGHT,12,MOTOR VEHICLE IN TRANSPORT,MM 7 2 I 440,NASHVILLE,TN,37210,83043,SOUTH,36.1251,-86.7339,POINT (-86.7339 36.1251)
20190584770,08/06/2019 03:47:00 PM,2,0,0,,N,267831,4,ANGLE,21,CLEAR,1,DAYLIGHT,12,MOTOR VEHICLE IN TRANSPORT,46TH AVN & ALABAMA AV,NASHVILLE,TN,37209,5201,WEST,36.153,-86.8423,POINT (-86.8423 36.153)
20190827205,11/14/2019 05:15:00 PM,2,0,0,,N,134871,4,ANGLE,21,CLEAR,3,DARK - LIGHTED,12,MOTOR VEHICLE IN TRANSPORT,8TH AVS & LAFAYETTE ST,NASHVILLE,TN,37203,4043,CENTRA,36.1546,-86.7792,POINT (-86.7792 36.1546)
20190769580,10/21/2019 07:37:00 AM,2,0,0,,N,320601,5,SIDESWIPE - SAME DIRECTION,22,CLOUDY,1,DAYLIGHT,12,MOTOR VEHICLE IN TRANSPORT,MURFREESBORO PKE & FOREST VIEW DR,ANTIOCH,TN,37013,8865,SOUTH,36.0674,-86.6313,POINT (-86.6313 36.0674)
20190593944,08/09/2019 12:00:00 AM,2,0,0,,N,298868,11,Front to Rear,21,CLEAR,1,DAYLIGHT,12,MOTOR VEHICLE IN TRANSPORT,CHARLOTTE AV & 52ND AVN,NASHVILLE,TN,37209,5123,WEST,36.1519,-86.8495,POINT (-86.8495 36.1519)
20190852221,11/25/2019 10:40:00 AM,2,0,0,,N,384445,5,SIDESWIPE - SAME DIRECTION,21,CLEAR,1,DAYLIGHT,12,MOTOR VEHICLE IN TRANSPORT,CHARLOTTE PKE & HILLWOOD BLVD,NASHVILLE,TN,37209,5021,WEST,36.138,-86.8819,POINT (-86.8819 36.138)
20190726259,10/02/2019 11:37:00 AM,2,2,0,,N,166478,4,ANGLE,21,CLEAR,1,DAYLIGHT,12,MOTOR VEHICLE IN TRANSPORT,W TRINITY LN & BRICK CHURCH PKE,NASHVILLE,TN,37207,3003,NORTH,36.2066,-86.7779,POINT (-86.7779 36.2066)
20190807230,11/06/2019 06:26:00 AM,3,0,0,,N,462474,11,Front to Rear,21,CLEAR,1,DAYLIGHT,12,MOTOR VEHICLE IN TRANSPORT,I65 ENT RAMP & I 440,NASHVILLE,TN,37204,81061,MIDTOW,36.1189,-86.7675,POINT (-86.7675 36.1189)
20190727111,10/02/2019 05:45:00 PM,2,0,0,,Y,134871,11,Front to Rear,21,CLEAR,5,DUSK,12,MOTOR VEHICLE IN TRANSPORT,DIVISION ST & 8TH AVS,NASHVILLE,TN,37203,4011,CENTRA,36.1498,-86.7801,POINT (-86.7801 36.1498)
20190845753,11/22/2019 10:00:00 AM,2,0,0,,N,693093,5,SIDESWIPE - SAME DIRECTION,22,CLOUDY,1,DAYLIGHT,12,MOTOR VEHICLE IN TRANSPORT,BRICK CHURCH PKE & VILLAGE TRL,NASHVILLE,TN,37207,2037,MADISO,36.2618,-86.7576,POINT (-86.7576 36.2618)
20190792427,10/30/2019 12:00:00 AM,1,1,0,,N,151131,0,NOT COLLISION W/MOTOR VEHICLE-TRANSPORT,2,RAIN,3,DARK - LIGHTED,12;33,MOTOR VEHICLE IN TRANSPORT;CURB,MOORMANS ARM RD & CROUCH DR,NASHVILLE,TN,37207,3015,NORTH,36.2158,-86.8141,POINT (-86.8141 36.2158)
20190868961,12/03/2019 07:48:00 AM,3,0,0,,N,665896,11,Front to Rear,21,CLEAR,1,DAYLIGHT,12,MOTOR VEHICLE IN TRANSPORT,ELLINGTON PKWYS & E TRINITY LN,NASHVILLE,TN,37207,1896,EAST,36.2047,-86.7504,POINT (-86.7504 36.2047)