Accident Number,Date and Time,Number of Motor Vehicles,Number of Injuries,Number of Fatalities,Property Damage,Hit and Run,Reporting Officer,Collision Type Code,Collision Type Description,Weather Code,Weather Description,Illumination Code,Illumination Description,Harmful Code,Harmful Code Description,Street Address,City,State,ZIP,RPA,Precinct,Latitude,Longitude,Mapped Location
20190668851,09/08/2019 01:00:00 PM,2,1,0,,N,109495,11,Front to Rear,21,CLEAR,1,DAYLIGHT,12,MOTOR VEHICLE IN TRANSPORT,WEDGEWOOD AV & ACKLEN AV,NASHVILLE,TN,37203,6905,MIDTOW,36.1343,-86.781,POINT (-86.781 36.1343)
20190646026,08/29/2019 11:52:00 PM,5,0,0,,N,330420,5,SIDESWIPE - SAME DIRECTION,21,CLEAR,3,DARK - LIGHTED,12,MOTOR VEHICLE IN TRANSPORT,MM 212 2 I 40,NASHVILLE,TN,37210,90041,HERMIT,36.1458,-86.7414,POINT (-86.7414 36.1458)
20190791212,10/30/2019 10:49:00 AM,3,1,0,,N,594473,4,ANGLE,2,RAIN,1,DAYLIGHT,12;14,MOTOR VEHICLE IN TRANSPORT;PARKED MOTOR VEHICLE,LYNWOOD AV & 8TH AVS,NASHVILLE,TN,37203,6941,MIDTOW,36.1383,-86.7785,POINT (-86.7785 36.1383)
20190708227,09/24/2019 08:30:00 PM,2,0,0,,Y,256427,11,Front to Rear,21,CLEAR,3,DARK - LIGHTED,12,MOTOR VEHICLE IN TRANSPORT,MM 210 5 I 40,NASHVILLE,TN,37210,8202,HERMIT,36.1522,-86.7669,POINT (-86.7669 36.1522)
20190903367,12/17/2019 12:00:00 AM,2,0,0,,Y,580819,5,SIDESWIPE - SAME DIRECTION,21,CLEAR,3,DARK - LIGHTED,14,PARKED MOTOR VEHICLE,GAY ST & 2ND AVN,NASHVILLE,TN,37201,4211,CENTRA,36.1693,-86.7794,POINT (-86.7794 36.1693)
20190660562,09/04/2019 08:31:00 PM,2,0,0,,N,299267,4,ANGLE,21,CLEAR,3,DARK - LIGHTED,12,MOTOR VEHICLE IN TRANSPORT,ORLEANS DR & WEST END AV,NASHVILLE,TN,37212,5819,MIDTOW,36.1393,-86.8189,POINT (-86.8189 36.1393)
20190910950,12/20/2019 06:28:00 PM,3,0,0,,N,330440,5,SIDESWIPE - SAME DIRECTION,21,CLEAR,3,DARK - LIGHTED,12,MOTOR VEHICLE IN TRANSPORT,MM 85 2 I 65,NASHVILLE,TN,37208,4404,NORTH,36.1833,-86.7989,POINT (-86.7989 36.1833)
20190595195,08/10/2019 06:30:00 AM,2,0,0,,N,429188,4,ANGLE,21,CLEAR,1,DAYLIGHT,12,MOTOR VEHICLE IN TRANSPORT,COLLINS PARK DR & STATE HWY 254,ANTIOCH,TN,37013,8859,SOUTH,36.0461,-86.658,POINT (-86.658 36.0461)
20190608328,08/15/2019 09:40:00 AM,2,0,0,,N,134869,11,Front to Rear,21,CLEAR,1,DAYLIGHT,12,MOTOR VEHICLE IN TRANSPORT,MM 210 6 I 40,NASHVILLE,TN,37210,8202,HERMIT,36.1526,-86.7659,POINT (-86.7659 36.1526)
20190761927,10/17/2019 05:20:00 PM,2,0,0,,N,714641,5,SIDESWIPE - SAME DIRECTION,21,CLEAR,1,DAYLIGHT,12,MOTOR VEHICLE IN TRANSPORT,8TH AVS & LAFAYETTE ST,NASHVILLE,TN,37203,4043,CENTRA,36.1546,-86.7792,POINT (-86.7792 36.1546)
20190735828,10/06/2019 03:33:00 PM,2,0,0,,Y,330428,11,Front to Rear,21,CLEAR,1,DAYLIGHT,12,MOTOR VEHICLE IN TRANSPORT,MM 1 0 I 440,NASHVILLE,TN,37205,5234,WEST,36.1438,-86.8226,POINT (-86.8226 36.1438)
20190889621,12/11/2019 05:38:00 PM,2,0,0,,N,298877,11,Front to Rear,21,CLEAR,3,DARK - LIGHTED,12,MOTOR VEHICLE IN TRANSPORT,MM 52 2 I 24,NASHVILLE,TN,37217,8816,SOUTH,36.1359,-86.7267,POINT (-86.7267 36.1359)
20190636767,08/26/2019 08:15:00 AM,1,1,0,,N,352214,0,NOT COLLISION W/MOTOR VEHICLE-TRANSPORT,2,RAIN,1,DAYLIGHT,1;36,CONCRETE TRAFFIC BARRIER,BRILEY PKWYW & BRILEY PKWYE,NASHVILLE,TN,37218,3216,NORTH,36.2254,-86.8638,POINT (-86.8638 36.2254)
20190883182,12/09/2019 08:48:00 AM,2,0,0,,N,279230,11,Front to Rear,21,CLEAR,1,DAYLIGHT,12,MOTOR VEHICLE IN TRANSPORT,I40 W ENT RAMP & I 40,NASHVILLE,TN,37210,9007,HERMIT,36.1484,-86.7454,POINT (-86.7454 36.1484)
20190890910,12/12/2019 05:55:00 AM,5,1,0,,N,256495,11,Front to Rear,21,CLEAR,4,DAWN,12,MOTOR VEHICLE IN TRANSPORT,MM 43 0 I 24,WHITES CREEK,TN,37189,3226,NORTH,36.246,-86.7844,POINT (-86.7844 36.246)
20190792144,10/30/2019 07:17:00 PM,2,0,0,,N,909486,11,Front to Rear,2,RAIN,2,DARK - NOT LIGHTED,12,MOTOR VEHICLE IN TRANSPORT,I65 N EXT RAMP & SIDCO DR,NASHVILLE,TN,37220,8601,MIDTOW,36.082,-86.7617,POINT (-86.7617 36.082)
20190688410,09/16/2019 06:05:00 PM,2,1,0,,N,256380,11,Front to Rear,21,CLEAR,1,DAYLIGHT,12,MOTOR VEHICLE IN TRANSPORT,28TH AVN & ALBION ST,NASHVILLE,TN,37208,4525,NORTH,36.1637,-86.8198,POINT (-86.8198 36.1637)
20190734331,10/05/2019 08:20:00 PM,2,2,0,,N,161939,4,ANGLE,21,CLEAR,3,DARK - LIGHTED,12,MOTOR VEHICLE IN TRANSPORT,HAMILTON CHURCH RD & US HWY 41,ANTIOCH,TN,37013,8865,SOUTH,36.0643,-86.629,POINT (-86.629 36.0643)
20190657478,09/03/2019 03:55:00 PM,3,1,0,,N,256448,11,Front to Rear,21,CLEAR,1,DAYLIGHT,12,MOTOR VEHICLE IN TRANSPORT,MM 211 7 I 40,NASHVILLE,TN,37210,82042,HERMIT,36.1499,-86.7483,POINT (-86.7483 36.1499)
20190863265,11/30/2019 01:43:00 PM,1,0,0,Y,N,140790,0,NOT COLLISION W/MOTOR VEHICLE-TRANSPORT,2,RAIN,1,DAYLIGHT,30;63,UTILITY POLE;Ran Off Road-Right,209 LEBANON PKE,NASHVILLE,TN,37214,9311,HERMIT,36.1673,-86.6619,POINT (-86.6619 36.1673)
20190862386,11/30/2019 01:05:00 AM,1,0,0,,N,352153,0,NOT COLLISION W/MOTOR VEHICLE-TRANSPORT,21,CLEAR,3,DARK - LIGHTED,71,EMBANKMENT EARTH,I24 E EXT RAMP & I 24,NASHVILLE,TN,37207,30080,NORTH,36.2378,-86.7872,POINT (-86.7872 36.2378)
20190775097,10/23/2019 12:42:00 PM,2,1,0,,N,352179,4,ANGLE,21,CLEAR,1,DAYLIGHT,12,MOTOR VEHICLE IN TRANSPORT,HERITAGE DR & OLD HICKORY BLVDW,MADISON,TN,37115,1765,MADISO,36.2649,-86.7244,POINT (-86.7244 36.2649)
20190893554,12/13/2019 07:05:00 AM,2,4,0,,N,311331,4,ANGLE,22,CLOUDY,1,DAYLIGHT,12,MOTOR VEHICLE IN TRANSPORT,CLEVELAND ST & DICKERSON PKE,NASHVILLE,TN,37207,1919,EAST,36.1875,-86.7734,POINT (-86.7734 36.1875)
20190857882,11/27/2019 04:06:00 PM,2,0,0,,N,151132,4,ANGLE,21,CLEAR,1,DAYLIGHT,12,MOTOR VEHICLE IN TRANSPORT,GALLATIN PKES & GALLATIN PKE NB EXT RAMP,MADISON,TN,37115,1509,MADISO,36.2368,-86.7244,POINT (-86.7244 36.2368)
20190838928,11/19/2019 05:59:00 PM,2,0,0,,N,384449,5,SIDESWIPE - SAME DIRECTION,21,CLEAR,2,DARK - NOT LIGHTED,12,MOTOR VEHICLE IN TRANSPORT,RACHELS LN & LEBANON PKE,HERMITAGE,TN,37076,9535,HERMIT,36.2126,-86.607,POINT (-86.607 36.2126)
20190662543,09/05/2019 03:05:00 PM,2,0,0,,N,320577,11,Front to Rear,21,CLEAR,1,DAYLIGHT,12,MOTOR VEHICLE IN TRANSPORT,KIRKWOOD AV & CRAIG AV,NASHVILLE,TN,37204,6935,MIDTOW,36.1202,-86.7832,POINT (-86.7832 36.1202)
20190888894,12/11/2019 11:55:00 AM,2,1,0,,N,352174,11,Front to Rear,21,CLEAR,1,DAYLIGHT,12,MOTOR VEHICLE IN TRANSPORT,16TH AVS & EDGEHILL AV,NASHVILLE,TN,37212,6629,MIDTOW,36.1422,-86.7934,POINT (-86.7934 36.1422)
20190704894,09/23/2019 02:47:00 PM,2,1,0,,Y,134899,11,Front to Rear,21,CLEAR,1,DAYLIGHT,12,MOTOR VEHICLE IN TRANSPORT,FESSLERS LN & ELM HILL PKE,NASHVILLE,TN,37210,8211,HERMIT,36.1456,-86.744,POINT (-86.744 36.1456)
20190755845,10/15/2019 08:47:00 AM,3,2,0,,N,169421,2,HEAD-ON,21,CLEAR,1,DAYLIGHT,12,MOTOR VEHICLE IN TRANSPORT,MM 84 8 I 65,NASHVILLE,TN,37208,43021,NORTH,36.1768,-86.8008,POINT (-86.8008 36.1768)
20190633248,08/24/2019 06:15:00 PM,1,1,0,Y,N,330431,0,NOT COLLISION W/MOTOR VEHICLE-TRANSPORT,21,CLEAR,1,DAYLIGHT,32;34;38,CULVERT;DITCH;FENCE,W HAMILTON RD & SOUTHVIEW DR,NASHVILLE,TN,37218,3123,NORTH,36.2091,-86.8427,POINT (-86.8427 36.2091)
20190813023,11/08/2019 02:15:00 PM,2,0,0,,N,279124,5,SIDESWIPE - SAME DIRECTION,21,CLEAR,1,DAYLIGHT,12,MOTOR VEHICLE IN TRANSPORT,AIRPARK CENTER DR & HARDING PL,NASHVILLE,TN,37217,8841,SOUTH,36.093,-86.6805,POINT (-86.6805 36.093)
20190715838,09/27/2019 05:31:00 PM,2,0,0,,N,330445,2,HEAD-ON,21,CLEAR,1,DAYLIGHT,12,MOTOR VEHICLE IN TRANSPORT,NOLENSVILLE PKE & ELYSIAN FIELDS CT,NASHVILLE,TN,37211,8415,SOUTH,36.0873,-86.7307,POINT (-86.7307 36.0873)
20190788018,10/29/2019 06:30:00 AM,2,0,0,,N,262749,11,Front to Rear,21,CLEAR,1,DAYLIGHT,12,MOTOR VEHICLE IN TRANSPORT,ELM HILL PKE & EMERY DR,NASHVILLE,TN,37214,9103,HERMIT,36.1517,-86.677,POINT (-86.677 36.1517)
20190748962,10/12/2019 05:40:00 AM,2,0,0,,N,320583,5,SIDESWIPE - SAME DIRECTION,21,CLEAR,3,DARK - LIGHTED,12,MOTOR VEHICLE IN TRANSPORT,I40 W EXT RAMP & I 40,NASHVILLE,TN,37203,4119,CENTRA,36.1574,-86.79,POINT (-86.79 36.1574)
20190849284,11/23/2019 10:15:00 PM,2,0,0,,Y,209173,5,SIDESWIPE - SAME DIRECTION,21,CLEAR,2,DARK - NOT LIGHTED,12,MOTOR VEHICLE IN TRANSPORT,DEVON VALLEY DR & STATE HWY 251,NASHVILLE,TN,37221,4901,WEST,36.0668,-86.9169,POINT (-86.9169 36.0668)
20190611972,08/16/2019 05:42:00 PM,1,0,0,,N,909486,0,NOT COLLISION W/MOTOR VEHICLE-TRANSPORT,21,CLEAR,1,DAYLIGHT,63;72,Ran Off Road-Right;EMBANKMENT ROCK/STONE/CONCRETE,OTTER CREEK RD & E ASHLAND DR,NASHVILLE,TN,37215,6305,MIDTOW,36.0663,-86.8423,POINT (-86.8423 36.0663)
20190738242,10/07/2019 09:18:00 PM,1,1,0,Y,N,197054,0,NOT COLLISION W/MOTOR VEHICLE-TRANSPORT,21,CLEAR,2,DARK - NOT LIGHTED,1;24;36,GUARDRAIL FACE;CONCRETE TRAFFIC BARRIER,MM 216 0 I 40,NASHVILLE,TN,37217,89020,HERMIT,36.142,-86.6779,POINT (-86.6779 36.142)
20190781191,10/26/2019 12:00:00 AM,1,0,0,Y,Y,352170,0,NOT COLLISION W/MOTOR VEHICLE-TRANSPORT,2,RAIN,3,DARK - LIGHTED,31,"OTHER POST, POLE, SUPP.",OLD HICKORY BLVD & CULBERTSON RD,ANTIOCH,TN,37013,8761,SOUTH,36.0166,-86.6812,POINT (-86.6812 36.0166)
20190655443,09/02/2019 12:00:00 AM,3,1,0,,Y,134903,4,ANGLE,21,CLEAR,2,DARK - NOT LIGHTED,12,MOTOR VEHICLE IN TRANSPORT,MM 219 5 I 40,NASHVILLE,TN,37214,94022,HERMIT,36.1604,-86.6219,POINT (-86.6219 36.1604)
20190912042,12/21/2019 08:57:00 AM,1,0,0,Y,N,109534,0,NOT COLLISION W/MOTOR VEHICLE-TRANSPORT,22,CLOUDY,1,DAYLIGHT,19;64,BUILDING;Ran Off Road-Left,ELM HILL PKE & WRIGHT INDUSTRIES PVTDR,NASHVILLE,TN,37210,9017,HERMIT,36.144,-86.7187,POINT (-86.7187 36.144)
20190629526,08/23/2019 07:30:00 AM,2,0,0,,N,226622,4,ANGLE,22,CLOUDY,1,DAYLIGHT,12,MOTOR VEHICLE IN TRANSPORT,HIGHWAY 100 & HARPETH RIV HARPETH BEND G,NASHVILLE,TN,37221,4807,WEST,36.0516,-86.9343,POINT (-86.9343 36.0516)
20190607946,08/15/2019 07:06:00 AM,2,1,0,,N,462474,11,Front to Rear,21,CLEAR,1,DAYLIGHT,12,MOTOR VEHICLE IN TRANSPORT,MM 80 5 I 65,NASHVILLE,TN,37204,69020,MIDTOW,36.1226,-86.7733,POINT (-86.7733 36.1226)
20190792375,10/30/2019 10:10:00 PM,1,0,0,,N,299261,0,NOT COLLISION W/MOTOR VEHICLE-TRANSPORT,2,RAIN,3,DARK - LIGHTED,18,OTHER OBJECT (NOT FIXED),MM 81 2 I 65,NASHVILLE,TN,37204,8033,MIDTOW,36.1317,-86.7741,POINT (-86.7741 36.1317)
20190790009,10/29/2019 11:41:00 PM,2,0,0,,N,109531,4,ANGLE,21,CLEAR,3,DARK - LIGHTED,12,MOTOR VEHICLE IN TRANSPORT,MCGAVOCK PKE & GALLATIN PKE,NASHVILLE,TN,37216,1415,EAST,36.205,-86.7376,POINT (-86.7376 36.205)
20190837631,11/19/2019 07:55:00 AM,2,0,0,,N,109534,11,Front to Rear,22,CLOUDY,1,DAYLIGHT,12,MOTOR VEHICLE IN TRANSPORT,MCGAVOCK PKE & LEBANON PKE,NASHVILLE,TN,37214,9307,HERMIT,36.1697,-86.6798,POINT (-86.6798 36.1697)
20190602440,08/13/2019 07:19:00 AM,2,1,0,,N,226622,11,Front to Rear,21,CLEAR,1,DAYLIGHT,12,MOTOR VEHICLE IN TRANSPORT,MM 2 5 I 440,NASHVILLE,TN,37215,6008,WEST,36.124,-86.8116,POINT (-86.8116 36.124)
20190782835,10/26/2019 08:32:00 PM,1,0,0,,N,352188,0,NOT COLLISION W/MOTOR VEHICLE-TRANSPORT,21,CLEAR,2,DARK - NOT LIGHTED,50,DEER (ANIMAL),OLD HICKORY BLVD & GREEN TIMBERS DR,ANTIOCH,TN,37013,8755,SOUTH,36.0383,-86.6983,POINT (-86.6983 36.0383)
20190806169,11/05/2019 06:57:00 PM,2,1,0,,N,279233,4,ANGLE,21,CLEAR,1,DAYLIGHT,12,MOTOR VEHICLE IN TRANSPORT,ESTES RD & WOODMONT BLVD,NASHVILLE,TN,37215,6103,WEST,36.1165,-86.8365,POINT (-86.8365 36.1165)
20190893296,12/13/2019 03:56:00 AM,1,0,0,,N,298875,0,NOT COLLISION W/MOTOR VEHICLE-TRANSPORT,21,CLEAR,3,DARK - LIGHTED,36,CONCRETE TRAFFIC BARRIER,MM 54 4 I 24,NASHVILLE,TN,37211,84020,SOUTH,36.1017,-86.7129,POINT (-86.7129 36.1017)
20190596931,08/10/2019 11:36:00 PM,2,0,0,Y,Y,330419,4,ANGLE,21,CLEAR,3,DARK - LIGHTED,12,MOTOR VEHICLE IN TRANSPORT,DUE WEST AVW & SAUNDERS AV,MADISON,TN,37115,1779,MADISO,36.2486,-86.7286,POINT (-86.7286 36.2486)
20190678015,09/12/2019 07:10:00 AM,2,0,0,,N,716886,5,SIDESWIPE - SAME DIRECTION,21,CLEAR,1,DAYLIGHT,12,MOTOR VEHICLE IN TRANSPORT,I24 E ENT RAMP & I 24,NASHVILLE,TN,37213,1007,CENTRA,36.1662,-86.7659,POINT (-86.7659 36.1662)
20190856144,11/26/2019 11:10:00 PM,2,0,0,,N,191572,11,Front to Rear,2,RAIN,2,DARK - NOT LIGHTED,12,MOTOR VEHICLE IN TRANSPORT,OLD HICKORY BLVD & HICKORY SPRINGS RD,NASHVILLE,TN,37215,6305,MIDTOW,36.0413,-86.822,POINT (-86.822 36.0413)
20190614059,08/17/2019 03:45:00 PM,2,1,0,,N,299241,11,Front to Rear,21,CLEAR,1,DAYLIGHT,12,MOTOR VEHICLE IN TRANSPORT,LEBANON PKE & OLD HICKORY BLVD,HERMITAGE,TN,37076,9613,HERMIT,36.1756,-86.6154,POINT (-86.6154 36.1756)
20190865142,12/01/2019 04:05:00 PM,1,1,0,,N,320582,0,NOT COLLISION W/MOTOR VEHICLE-TRANSPORT,22,CLOUDY,5,DUSK,15,OTHER TYPE NON-MOTORIST,GALLATIN PKE & BROADMOOR DR,NASHVILLE,TN,37216,1513,EAST,36.2295,-86.7251,POINT (-86.7251 36.2295)
20190679288,09/12/2019 05:15:00 PM,2,0,0,,N,714641,5,SIDESWIPE - SAME DIRECTION,21,CLEAR,1,DAYLIGHT,12,MOTOR VEHICLE IN TRANSPORT,5TH AVN & CHARLOTTE AV,NASHVILLE,TN,37219,4203,CENTRA,36.1659,-86.7819,POINT (-86.7819 36.1659)
20190659090,09/04/2019 07:50:00 AM,2,1,0,,Y,226306,11,Front to Rear,21,CLEAR,1,DAYLIGHT,12,MOTOR VEHICLE IN TRANSPORT,MCCRORY LN & NEWSOM STATION RD,NASHVILLE,TN,37221,4713,WEST,36.0784,-87.0219,POINT (-87.0219 36.0784)
20190824875,11/13/2019 05:54:00 PM,2,1,0,,N,384408,11,Front to Rear,21,CLEAR,3,DARK - LIGHTED,12,MOTOR VEHICLE IN TRANSPORT,BRILEY PKWYN & BRILEY PKWY N EXT RAMP,NASHVILLE,TN,37214,9294,HERMIT,36.1977,-86.688,POINT (-86.688 36.1977)
20190878102,12/06/2019 04:23:00 PM,2,0,0,,N,134871,4,ANGLE,21,CLEAR,1,DAYLIGHT,12,MOTOR VEHICLE IN TRANSPORT,CHARLOTTE AV & YMCA WAY,NASHVILLE,TN,37203,4147,CENTRA,36.1639,-86.7866,POINT (-86.7866 36.1639)
20190853966,11/26/2019 01:45:00 AM,1,0,0,,N,384434,0,NOT COLLISION W/MOTOR VEHICLE-TRANSPORT,21,CLEAR,3,DARK - LIGHTED,42,TREE,NOLENSVILLE PKE & LORDS CHAPEL DR,ANTIOCH,TN,37013,8759,SOUTH,36.0268,-86.7129,POINT (-86.7129 36.0268)
20190609354,08/15/2019 05:20:00 PM,3,0,0,,N,256389,11,Front to Rear,21,CLEAR,1,DAYLIGHT,12,MOTOR VEHICLE IN TRANSPORT,ELLINGTON CIR & EDMONDSON PKE,NASHVILLE,TN,37211,8657,MIDTOW,36.0601,-86.7411,POINT (-86.7411 36.0601)
20190922091,12/26/2019 05:25:00 PM,2,1,0,,Y,161939,5,SIDESWIPE - SAME DIRECTION,21,CLEAR,3,DARK - LIGHTED,12,MOTOR VEHICLE IN TRANSPORT,MM 57 4 I 24,ANTIOCH,TN,37013,88080,SOUTH,36.0649,-86.6847,POINT (-86.6847 36.0649)
20190640249,08/27/2019 05:05:00 PM,2,0,0,,N,256380,11,Front to Rear,21,CLEAR,1,DAYLIGHT,12,MOTOR VEHICLE IN TRANSPORT,WHITES CREEK PKE & OLD CLARKSVILLE PKE,JOELTON,TN,37080,3307,NORTH,36.312,-86.8602,POINT (-86.8602 36.312)
20190831448,11/15/2019 09:00:00 PM,2,0,0,,Y,352155,4,ANGLE,21,CLEAR,2,DARK - NOT LIGHTED,14,PARKED MOTOR VEHICLE,HAMPTON ST & AVONDALE CIR,NASHVILLE,TN,37207,3019,NORTH,36.2089,-86.7791,POINT (-86.7791 36.2089)
20190648265,08/30/2019 05:53:00 PM,3,1,0,,N,151132,11,Front to Rear,21,CLEAR,1,DAYLIGHT,12,MOTOR VEHICLE IN TRANSPORT,MM 92 0 I 65,MADISON,TN,37115,17280,MADISO,36.2612,-86.7382,POINT (-86.7382 36.2612)
20190783688,10/27/2019 10:00:00 AM,2,0,0,,Y,384451,11,Front to Rear,2,RAIN,1,DAYLIGHT,12,MOTOR VEHICLE IN TRANSPORT,SAUNDERSVILLE RD & SHUTE LN,OLD HICKORY,TN,37138,9721,HERMIT,36.2263,-86.6032,POINT (-86.6032 36.2263)
20190714549,09/27/2019 08:18:00 AM,2,0,0,,Y,140808,4,ANGLE,21,CLEAR,1,DAYLIGHT,55,Motor Vehicle-In-Motion Outside Trafficw,OLD HICKORY BLVD & EDMONDSON PKE,NASHVILLE,TN,37220,8615,MIDTOW,36.04,-86.7435,POINT (-86.7435 36.04)
20190746726,10/11/2019 06:14:00 AM,2,0,0,,Y,262749,4,ANGLE,21,CLEAR,9,UNKNOWN,12,MOTOR VEHICLE IN TRANSPORT,MM 222 0 I 40,HERMITAGE,TN,37076,9502,HERMIT,36.1694,-86.5791,POINT (-86.5791 36.1694)
20190801950,11/04/2019 07:44:00 AM,2,1,0,,N,384398,4,ANGLE,21,CLEAR,1,DAYLIGHT,12,MOTOR VEHICLE IN TRANSPORT,NOLENSVILLE PKE & CULBERTSON RD,NASHVILLE,TN,37211,8651,MIDTOW,36.0084,-86.7012,POINT (-86.7012 36.0084)
20190712452,09/26/2019 11:59:00 AM,2,1,0,,N,140804,4,ANGLE,2,RAIN,1,DAYLIGHT,12,MOTOR VEHICLE IN TRANSPORT,MCCHESNEY AV & GALLATIN PKE,NASHVILLE,TN,37216,1441,EAST,36.2133,-86.7314,POINT (-86.7314 36.2133)
20190887797,12/11/2019 01:28:00 AM,1,0,0,Y,Y,175719,0,NOT COLLISION W/MOTOR VEHICLE-TRANSPORT,21,CLEAR,3,DARK - LIGHTED,25;34;36;63;71,GUARDRAIL END;DITCH;CONCRETE TRAFFIC BARRIER;Ran Off Road-Right;EMBANKMENT EARTH,MM 87 6 I 65,NASHVILLE,TN,37207,1804,EAST,36.2107,-86.7758,POINT (-86.7758 36.2107)
20190712261,09/26/2019 10:12:00 AM,2,1,0,,N,306231,4,ANGLE,22,CLOUDY,1,DAYLIGHT,12,MOTOR VEHICLE IN TRANSPORT,DR D B TODD JR BLVD & BUCHANAN ST,NASHVILLE,TN,37208,4413,NORTH,36.1805,-86.8112,POINT (-86.8112 36.1805)
20190753917,10/14/2019 02:58:00 PM,2,0,0,,Y,345098,4,ANGLE,21,CLEAR,1,DAYLIGHT,12,MOTOR VEHICLE IN TRANSPORT,167 LAFAYETTE ST,NASHVILLE,TN,37210,8133,SOUTH,36.1472,-86.7579,POINT (-86.7579 36.1472)
20190914865,12/22/2019 06:40:00 AM,2,0,0,,Y,240981,5,SIDESWIPE - SAME DIRECTION,99,UNKNOWN,3,DARK - LIGHTED,12;14,MOTOR VEHICLE IN TRANSPORT;PARKED MOTOR VEHICLE,HOLLY ST & S 13TH ST,NASHVILLE,TN,37206,1209,EAST,36.176,-86.7473,POINT (-86.7473 36.176)
20190845742,11/22/2019 10:03:00 AM,2,2,0,,N,320601,2,HEAD-ON,22,CLOUDY,1,DAYLIGHT,12,MOTOR VEHICLE IN TRANSPORT,HICKORY HOLLOW PKWY & MT VIEW RD,ANTIOCH,TN,37013,8861,SOUTH,36.0588,-86.6704,POINT (-86.6704 36.0588)
20190724193,10/01/2019 03:41:00 PM,2,2,0,,N,330436,6,SIDESWIPE - OPPOSITE DIRECTION,21,CLEAR,1,DAYLIGHT,12,MOTOR VEHICLE IN TRANSPORT,KOREAN VETERANS BLVD & EAST BANK GRNWY,NASHVILLE,TN,37213,1001,CENTRA,36.1609,-86.7694,POINT (-86.7694 36.1609)
20190916628,12/23/2019 06:00:00 PM,2,0,0,,N,384407,11,Front to Rear,21,CLEAR,3,DARK - LIGHTED,12,MOTOR VEHICLE IN TRANSPORT,HIGHWAY 70S & COLEY DAVIS RD,NASHVILLE,TN,37221,4811,WEST,36.0796,-86.9536,POINT (-86.9536 36.0796)
20190614869,08/17/2019 09:45:00 PM,2,0,0,,N,330425,11,Front to Rear,21,CLEAR,3,DARK - LIGHTED,12,MOTOR VEHICLE IN TRANSPORT,STATE HWY 45 & US HWY 31E,MADISON,TN,37115,1701,MADISO,36.2631,-86.7119,POINT (-86.7119 36.2631)
20190775708,10/23/2019 05:33:00 PM,2,0,0,,N,279233,11,Front to Rear,21,CLEAR,1,DAYLIGHT,12,MOTOR VEHICLE IN TRANSPORT,BRILEY PKWYN & BRILEY PKWYS,NASHVILLE,TN,37211,8404,SOUTH,36.1092,-86.727,POINT (-86.727 36.1092)
20190819543,11/11/2019 04:54:00 PM,2,0,0,,N,298877,11,Front to Rear,2,RAIN,5,DUSK,12,MOTOR VEHICLE IN TRANSPORT,NOLENSVILLE PKE & ELYSIAN FIELDS CT,NASHVILLE,TN,37211,8415,SOUTH,36.0873,-86.7307,POINT (-86.7307 36.0873)
20190748328,10/11/2019 09:42:00 PM,2,0,0,,N,352168,4,ANGLE,2,RAIN,2,DARK - NOT LIGHTED,12,MOTOR VEHICLE IN TRANSPORT,HUNTINGTON PKWY & AMALIE DR,NASHVILLE,TN,37211,8655,MIDTOW,36.0467,-86.725,POINT (-86.725 36.0467)
20190843453,11/21/2019 12:30:00 PM,2,0,0,,N,337277,5,SIDESWIPE - SAME DIRECTION,22,CLOUDY,1,DAYLIGHT,12,MOTOR VEHICLE IN TRANSPORT,21ST AVN & STATE ST,NASHVILLE,TN,37203,5509,MIDTOW,36.1534,-86.8034,POINT (-86.8034 36.1534)
20190717366,09/28/2019 01:15:00 PM,2,0,0,,Y,226586,5,SIDESWIPE - SAME DIRECTION,21,CLEAR,1,DAYLIGHT,12,MOTOR VEHICLE IN TRANSPORT,SPRING ST & N 1ST ST,NASHVILLE,TN,37207,1955,CENTRA,36.177,-86.7746,POINT (-86.7746 36.177)
20190709452,09/25/2019 08:41:00 AM,3,2,0,,N,405447,4,ANGLE,21,CLEAR,1,DAYLIGHT,12,MOTOR VEHICLE IN TRANSPORT,COTTON LN & LANDMARK CT,NASHVILLE,TN,37211,8661,MIDTOW,36.069,-86.7234,POINT (-86.7234 36.069)
20190585035,08/06/2019 05:44:00 PM,2,1,0,,N,256383,4,ANGLE,21,CLEAR,1,DAYLIGHT,12,MOTOR VEHICLE IN TRANSPORT,MURFREESBORO PKE & MILLWOOD DR,NASHVILLE,TN,37217,8815,HERMIT,36.1295,-86.7147,POINT (-86.7147 36.1295)
20190793054,10/31/2019 05:33:00 AM,3,0,0,,Y,384418,11,Front to Rear,2,RAIN,3,DARK - LIGHTED,12,MOTOR VEHICLE IN TRANSPORT,MM 54 4 I 24,NASHVILLE,TN,37211,84020,SOUTH,36.1017,-86.7129,POINT (-86.7129 36.1017)
20190634077,08/25/2019 12:16:00 AM,2,1,0,,N,110064,11,Front to Rear,21,CLEAR,3,DARK - LIGHTED,12,MOTOR VEHICLE IN TRANSPORT,MM 55 0 I 24,NASHVILLE,TN,37211,8812,SOUTH,36.0948,-86.7069,POINT (-86.7069 36.0948)
20190855254,11/26/2019 03:00:00 PM,2,0,0,,N,414652,4,ANGLE,2,RAIN,1,DAYLIGHT,12,MOTOR VEHICLE IN TRANSPORT,CHARLOTTE AV & YMCA WAY,NASHVILLE,TN,37203,4147,CENTRA,36.1639,-86.7866,POINT (-86.7866 36.1639)