Accident Number,Date and Time,Number of Motor Vehicles,Number of Injuries,Number of Fatalities,Property Damage,Hit and Run,Reporting Officer,Collision Type Code,Collision Type Description,Weather Code,Weather Description,Illumination Code,Illumination Description,Harmful Code,Harmful Code Description,Street Address,City,State,ZIP,RPA,Precinct,Latitude,Longitude,Mapped Location
20190620999,08/20/2019 08:37:00 AM,2,0,0,,N,462474,4,ANGLE,21,CLEAR,1,DAYLIGHT,12,MOTOR VEHICLE IN TRANSPORT,TROUSDALE DR & BRIARWOOD DR,NASHVILLE,TN,37220,8601,MIDTOW,36.0775,-86.7589,POINT (-86.7589 36.0775)
20190775773,10/23/2019 05:55:00 PM,1,0,0,,N,256444,0,NOT COLLISION W/MOTOR VEHICLE-TRANSPORT,21,CLEAR,1,DAYLIGHT,43,OTHER FIXED OBJECTS,GREENBRIAR TRCE & STEWARTS FERRY PKWY,NASHVILLE,TN,37214,9415,HERMIT,36.1592,-86.6253,POINT (-86.6253 36.1592)
20190753725,10/14/2019 01:10:00 PM,2,0,0,,Y,405391,11,Front to Rear,21,CLEAR,1,DAYLIGHT,12,MOTOR VEHICLE IN TRANSPORT,CHARLOTTE PKE & DAVIDSON DR,NASHVILLE,TN,37209,4701,WEST,36.1295,-86.9033,POINT (-86.9033 36.1295)
20190648922,08/30/2019 09:39:00 PM,3,2,0,,N,256392,4,ANGLE,21,CLEAR,3,DARK - LIGHTED,12,MOTOR VEHICLE IN TRANSPORT,9TH AVE N & DOMINICAN DR,NASHVILLE,TN,37228,4445,NORTH,36.1866,-86.8041,POINT (-86.8041 36.1866)
20190636657,08/26/2019 06:56:00 AM,2,0,0,,N,179580,11,Front to Rear,2,RAIN,1,DAYLIGHT,12,MOTOR VEHICLE IN TRANSPORT,VANTAGE WAY & FRENCH LANDING DR,NASHVILLE,TN,37228,4499,NORTH,36.1912,-86.7971,POINT (-86.7971 36.1912)
20190593386,08/09/2019 03:18:00 PM,1,0,0,Y,N,311337,0,NOT COLLISION W/MOTOR VEHICLE-TRANSPORT,21,CLEAR,1,DAYLIGHT,30;63;7,UTILITY POLE;Ran Off Road-Right,FLINTLOCK CT & FLINTLOCK PL,NASHVILLE,TN,37217,8937,HERMIT,36.0846,-86.6372,POINT (-86.6372 36.0846)
20190733810,10/05/2019 02:20:00 PM,2,0,0,,N,320580,5,SIDESWIPE - SAME DIRECTION,21,CLEAR,1,DAYLIGHT,12,MOTOR VEHICLE IN TRANSPORT,MM 215 6 I 40,NASHVILLE,TN,37214,9102,HERMIT,36.1431,-86.6845,POINT (-86.6845 36.1431)
20190900277,12/16/2019 01:30:00 PM,2,1,0,,N,834820,11,Front to Rear,2,RAIN,1,DAYLIGHT,12,MOTOR VEHICLE IN TRANSPORT,MYATT DR & MYATT INDUSTRIAL DR,MADISON,TN,37115,1715,MADISO,36.28,-86.6912,POINT (-86.6912 36.28)
20190663835,09/06/2019 05:58:00 AM,6,1,0,,N,320590,11,Front to Rear,21,CLEAR,4,DAWN,12,MOTOR VEHICLE IN TRANSPORT,MM 86 9 I 65,NASHVILLE,TN,37207,3002,NORTH,36.2009,-86.7768,POINT (-86.7768 36.2009)
20190721856,09/30/2019 05:56:00 PM,4,0,0,,N,240983,4,ANGLE,21,CLEAR,1,DAYLIGHT,12;18;62,MOTOR VEHICLE IN TRANSPORT;OTHER OBJECT (NOT FIXED);Separation Of Units,MM 57 0 I 24,NASHVILLE,TN,37211,8708,SOUTH,36.0695,-86.6897,POINT (-86.6897 36.0695)
20190734254,10/05/2019 07:35:00 PM,2,2,0,,Y,298877,11,Front to Rear,21,CLEAR,3,DARK - LIGHTED,12,MOTOR VEHICLE IN TRANSPORT,MM 53 0 I 24,NASHVILLE,TN,37210,8302,SOUTH,36.1189,-86.7264,POINT (-86.7264 36.1189)
20190759210,10/16/2019 03:10:00 PM,2,0,0,,N,414711,11,Front to Rear,21,CLEAR,1,DAYLIGHT,12,MOTOR VEHICLE IN TRANSPORT,WOODLAWN DR & LYNNBROOK RD,NASHVILLE,TN,37215,6015,WEST,36.1242,-86.8312,POINT (-86.8312 36.1242)
20190647760,08/30/2019 12:35:00 PM,2,0,0,,N,571313,4,ANGLE,21,CLEAR,1,DAYLIGHT,12,MOTOR VEHICLE IN TRANSPORT,STATE HWY 155 & LOUISE DR,NASHVILLE,TN,37211,8313,MIDTOW,36.1111,-86.7474,POINT (-86.7474 36.1111)
20190821858,11/12/2019 03:27:00 PM,2,2,0,,N,179606,11,Front to Rear,21,CLEAR,1,DAYLIGHT,12,MOTOR VEHICLE IN TRANSPORT,MM 81 9 I 65,NASHVILLE,TN,37203,80060,MIDTOW,36.1419,-86.7766,POINT (-86.7766 36.1419)
20190623624,08/21/2019 06:05:00 AM,2,0,0,,N,299274,11,Front to Rear,21,CLEAR,1,DAYLIGHT,12,MOTOR VEHICLE IN TRANSPORT,MM 212 0 I 40,NASHVILLE,TN,37210,90041,HERMIT,36.147,-86.7433,POINT (-86.7433 36.147)
20190698088,09/20/2019 10:16:00 AM,2,0,0,,N,306231,5,SIDESWIPE - SAME DIRECTION,21,CLEAR,1,DAYLIGHT,12,MOTOR VEHICLE IN TRANSPORT,MM 87 3 I 65,NASHVILLE,TN,37207,1804,EAST,36.2068,-86.7762,POINT (-86.7762 36.2068)
20190892438,12/12/2019 06:43:00 PM,2,1,0,,N,256389,11,Front to Rear,21,CLEAR,3,DARK - LIGHTED,12,MOTOR VEHICLE IN TRANSPORT,MM 79 1 I 65,NASHVILLE,TN,37204,8504,MIDTOW,36.1016,-86.7648,POINT (-86.7648 36.1016)
20190883987,12/09/2019 06:35:00 PM,2,0,0,,N,420040,5,SIDESWIPE - SAME DIRECTION,22,CLOUDY,3,DARK - LIGHTED,12,MOTOR VEHICLE IN TRANSPORT,21ST AVS & BELCOURT AV,NASHVILLE,TN,37212,6607,MIDTOW,36.1367,-86.8009,POINT (-86.8009 36.1367)
20190764345,10/18/2019 04:00:00 PM,2,1,0,,N,717341,11,Front to Rear,21,CLEAR,1,DAYLIGHT,12,MOTOR VEHICLE IN TRANSPORT,MURFREESBORO PKE & MOUNTAIN SPRINGS RD,ANTIOCH,TN,37013,8927,SOUTH,36.0478,-86.6121,POINT (-86.6121 36.0478)
20190647149,08/30/2019 09:01:00 AM,2,0,0,,N,256428,5,SIDESWIPE - SAME DIRECTION,21,CLEAR,1,DAYLIGHT,12,MOTOR VEHICLE IN TRANSPORT,ELLINGTON PKWY S ENT RAMP & ELLINGTON PK,NASHVILLE,TN,37207,1855,EAST,36.2032,-86.7516,POINT (-86.7516 36.2032)
20190857456,11/27/2019 12:35:00 PM,3,1,0,,N,225950,11,Front to Rear,21,CLEAR,1,DAYLIGHT,12,MOTOR VEHICLE IN TRANSPORT,MM 2 4 I 440,NASHVILLE,TN,37212,5902,MIDTOW,36.1247,-86.8127,POINT (-86.8127 36.1247)
20190819579,11/11/2019 05:20:00 PM,2,0,0,,N,807326,5,SIDESWIPE - SAME DIRECTION,2,RAIN,3,DARK - LIGHTED,12,MOTOR VEHICLE IN TRANSPORT,4TH AVS & LAFAYETTE ST,NASHVILLE,TN,37203,4007,CENTRA,36.1515,-86.7711,POINT (-86.7711 36.1515)
20190809920,11/07/2019 07:55:00 AM,5,0,0,,N,225773,11,Front to Rear,2,RAIN,1,DAYLIGHT,12,MOTOR VEHICLE IN TRANSPORT,HARDING PL & BENTON SMITH RD,NASHVILLE,TN,37215,6313,MIDTOW,36.0899,-86.8088,POINT (-86.8088 36.0899)
20190913113,12/21/2019 09:20:00 PM,2,0,0,,Y,299270,16,Rear to Side,21,CLEAR,3,DARK - LIGHTED,14;55,PARKED MOTOR VEHICLE;Motor Vehicle-In-Motion Outside Trafficw,WEST END AV & 30TH AVN,NASHVILLE,TN,37212,5815,MIDTOW,36.1437,-86.8142,POINT (-86.8142 36.1437)
20190925420,12/28/2019 09:13:00 AM,1,0,0,,N,311331,0,NOT COLLISION W/MOTOR VEHICLE-TRANSPORT,22,CLOUDY,1,DAYLIGHT,18,OTHER OBJECT (NOT FIXED),ELLINGTON PKWYS & ELLINGTON PKWY S ENT R,NASHVILLE,TN,37207,1996,EAST,36.1828,-86.7615,POINT (-86.7615 36.1828)
20190838439,11/19/2019 03:16:00 PM,2,1,0,,N,311332,4,ANGLE,21,CLEAR,1,DAYLIGHT,12,MOTOR VEHICLE IN TRANSPORT,US HWY 70S & CONNECTING ROAD,NASHVILLE,TN,37205,6123,WEST,36.1037,-86.8695,POINT (-86.8695 36.1037)
20190914545,12/22/2019 05:18:00 PM,2,0,0,,N,330412,4,ANGLE,21,CLEAR,3,DARK - LIGHTED,12,MOTOR VEHICLE IN TRANSPORT,BRILEY PKWYE & DICKERSON PKE,NASHVILLE,TN,37207,2029,MADISO,36.2413,-86.7573,POINT (-86.7573 36.2413)
20190737375,10/07/2019 11:00:00 AM,2,0,0,,Y,256381,11,Front to Rear,22,CLOUDY,1,DAYLIGHT,12,MOTOR VEHICLE IN TRANSPORT,MOORMANS ARM RD & CRAVATH DR,NASHVILLE,TN,37207,3033,NORTH,36.2177,-86.8078,POINT (-86.8078 36.2177)
20190816502,11/10/2019 06:20:00 AM,2,0,0,,N,279227,16,Rear to Side,21,CLEAR,1,DAYLIGHT,12,MOTOR VEHICLE IN TRANSPORT,MM 59 2 I 24,ANTIOCH,TN,37013,87061,SOUTH,36.0467,-86.6614,POINT (-86.6614 36.0467)
20190785820,10/28/2019 11:20:00 AM,2,0,0,,N,226586,4,ANGLE,22,CLOUDY,1,DAYLIGHT,12;14,MOTOR VEHICLE IN TRANSPORT;PARKED MOTOR VEHICLE,YMCA WAY & 9TH AVN,NASHVILLE,TN,37203,4147,CENTRA,36.1615,-86.7851,POINT (-86.7851 36.1615)
20190657722,09/03/2019 05:20:00 PM,2,0,0,,Y,320594,11,Front to Rear,21,CLEAR,1,DAYLIGHT,12,MOTOR VEHICLE IN TRANSPORT,LEBANON PKE & ANDREW JACKSON PKWY,HERMITAGE,TN,37076,9537,HERMIT,36.2151,-86.5962,POINT (-86.5962 36.2151)
20190895296,12/13/2019 10:32:00 PM,2,0,0,,N,191570,5,SIDESWIPE - SAME DIRECTION,2,RAIN,3,DARK - LIGHTED,12,MOTOR VEHICLE IN TRANSPORT,MM 208 8 I 40,NASHVILLE,TN,37203,4102,CENTRA,36.1597,-86.7923,POINT (-86.7923 36.1597)
20190900189,12/16/2019 12:20:00 PM,2,0,0,,Y,769379,4,ANGLE,2,RAIN,1,DAYLIGHT,12,MOTOR VEHICLE IN TRANSPORT,WELCH RD & TRAVIS DR,NASHVILLE,TN,37211,8445,SOUTH,36.0832,-86.7246,POINT (-86.7246 36.0832)
20190648169,08/30/2019 03:49:00 PM,2,0,0,,Y,256392,4,ANGLE,21,CLEAR,1,DAYLIGHT,12,MOTOR VEHICLE IN TRANSPORT,US HWY 41 ALT & TAYLOR ST,NASHVILLE,TN,37208,4325,NORTH,36.1768,-86.7939,POINT (-86.7939 36.1768)
20190627142,08/22/2019 10:25:00 AM,2,1,0,,N,352186,0,NOT COLLISION W/MOTOR VEHICLE-TRANSPORT,21,CLEAR,1,DAYLIGHT,16,THROWN OR FALLING OBJECT,MM 44 3 I 24,NASHVILLE,TN,37207,32242,NORTH,36.229,-86.7805,POINT (-86.7805 36.229)
20190629906,08/23/2019 09:26:00 AM,2,0,0,,N,109534,11,Front to Rear,22,CLOUDY,1,DAYLIGHT,12,MOTOR VEHICLE IN TRANSPORT,MM 213 5 I 40,NASHVILLE,TN,37210,90062,HERMIT,36.1406,-86.7215,POINT (-86.7215 36.1406)
20190749011,10/12/2019 06:13:00 AM,2,1,0,,N,109527,4,ANGLE,21,CLEAR,1,DAYLIGHT,12,MOTOR VEHICLE IN TRANSPORT,EAST THOMPSON LN & MURFREESBORO PKE,NASHVILLE,TN,37217,8879,SOUTH,36.1267,-86.7111,POINT (-86.7111 36.1267)
20190726910,10/02/2019 04:40:00 PM,2,0,0,,N,352166,5,SIDESWIPE - SAME DIRECTION,21,CLEAR,1,DAYLIGHT,12,MOTOR VEHICLE IN TRANSPORT,LEA AV & 4TH AVS,NASHVILLE,TN,37203,4037,CENTRA,36.1547,-86.7731,POINT (-86.7731 36.1547)
20190643594,08/28/2019 11:27:00 PM,1,0,0,,N,352189,0,NOT COLLISION W/MOTOR VEHICLE-TRANSPORT,21,CLEAR,7,Dark-Unknown Lighting,18,OTHER OBJECT (NOT FIXED),BRILEY PKWYS & BRILEY PKWYN,NASHVILLE,TN,37218,3212,NORTH,36.2142,-86.8724,POINT (-86.8724 36.2142)
20190886682,12/10/2019 03:28:00 PM,2,0,0,,N,151132,4,ANGLE,22,CLOUDY,1,DAYLIGHT,12,MOTOR VEHICLE IN TRANSPORT,ANDERSON LN & GALLATIN PKEN,MADISON,TN,37115,1709,MADISO,36.2734,-86.71,POINT (-86.71 36.2734)
20190793091,10/31/2019 06:45:00 AM,2,1,0,,N,693102,11,Front to Rear,2,RAIN,1,DAYLIGHT,12,MOTOR VEHICLE IN TRANSPORT,MM 218 8 I 40,NASHVILLE,TN,37214,9404,HERMIT,36.1548,-86.631,POINT (-86.631 36.1548)
20190863420,11/30/2019 04:04:00 PM,2,0,0,,Y,330415,5,SIDESWIPE - SAME DIRECTION,2,RAIN,1,DAYLIGHT,12,MOTOR VEHICLE IN TRANSPORT,0 US HWY 31,NASHVILLE,TN,37203,4059,CENTRA,36.1558,-86.7801,POINT (-86.7801 36.1558)
20190924807,12/27/2019 11:34:00 PM,2,2,0,,N,481573,4,ANGLE,5,FOG,3,DARK - LIGHTED,12,MOTOR VEHICLE IN TRANSPORT,HUNTINGTON PKWY & AMALIE DR,NASHVILLE,TN,37211,8655,MIDTOW,36.0467,-86.725,POINT (-86.725 36.0467)
20190681989,09/13/2019 04:44:00 PM,2,0,0,,N,298863,4,ANGLE,21,CLEAR,1,DAYLIGHT,12,MOTOR VEHICLE IN TRANSPORT,8TH AVS & LAFAYETTE ST,NASHVILLE,TN,37203,4043,CENTRA,36.1546,-86.7792,POINT (-86.7792 36.1546)
20190756362,10/15/2019 01:18:00 PM,1,0,0,Y,N,134899,0,NOT COLLISION W/MOTOR VEHICLE-TRANSPORT,22,CLOUDY,1,DAYLIGHT,32,CULVERT,SHADOWLAWN CT & SHADOWLAWN DR,HERMITAGE,TN,37076,9525,HERMIT,36.2076,-86.5848,POINT (-86.5848 36.2076)
20190608907,08/15/2019 01:49:00 PM,2,0,0,,N,191578,4,ANGLE,21,CLEAR,1,DAYLIGHT,12,MOTOR VEHICLE IN TRANSPORT,OLD HICKORY BLVD & CENTRAL PKE,HERMITAGE,TN,37076,9557,HERMIT,36.1676,-86.7787,POINT (-86.7787 36.1676)
20190726734,10/02/2019 12:00:00 AM,2,1,0,,N,134871,11,Front to Rear,21,CLEAR,1,DAYLIGHT,12,MOTOR VEHICLE IN TRANSPORT,I40 W ENT RAMP & I 24,NASHVILLE,TN,37210,4008,CENTRA,36.1572,-86.7604,POINT (-86.7604 36.1572)
20190642655,08/28/2019 03:00:00 PM,2,2,0,,N,352173,4,ANGLE,21,CLEAR,1,DAYLIGHT,12,MOTOR VEHICLE IN TRANSPORT,WOODMONT BLVD & ROYAL OAKS CONDOS PVTDR,NASHVILLE,TN,37205,6101,WEST,36.1239,-86.8466,POINT (-86.8466 36.1239)
20190750378,10/12/2019 11:10:00 PM,2,1,0,,N,384402,4,ANGLE,21,CLEAR,3,DARK - LIGHTED,12,MOTOR VEHICLE IN TRANSPORT,MORRIS GENTRY BLVD & BELL RD,ANTIOCH,TN,37013,8865,SOUTH,36.0665,-86.6367,POINT (-86.6367 36.0665)
20190795506,11/01/2019 06:42:00 AM,2,0,0,,N,191578,11,Front to Rear,21,CLEAR,4,DAWN,12,MOTOR VEHICLE IN TRANSPORT,JUAREZ DR & LEBANON PKE,HERMITAGE,TN,37076,9531,HERMIT,36.1817,-86.6721,POINT (-86.6721 36.1817)
20190616560,08/18/2019 12:00:00 AM,2,0,0,,Y,299264,9,UNKNOWN,21,CLEAR,3,DARK - LIGHTED,14;55,PARKED MOTOR VEHICLE;Motor Vehicle-In-Motion Outside Trafficw,PATTERSON ST & 23RD AVN,NASHVILLE,TN,37203,5609,MIDTOW,36.1529,-86.8076,POINT (-86.8076 36.1529)
20190721276,09/30/2019 12:46:00 PM,3,0,0,,Y,225773,11,Front to Rear,21,CLEAR,1,DAYLIGHT,12,MOTOR VEHICLE IN TRANSPORT,MM 2 3 I 440,NASHVILLE,TN,37215,6006,WEST,36.1262,-86.8146,POINT (-86.8146 36.1262)
20190754226,10/14/2019 04:59:00 PM,2,0,0,,N,197054,11,Front to Rear,21,CLEAR,5,DUSK,12,MOTOR VEHICLE IN TRANSPORT,THOMPSON PL & PATRICIA DR,NASHVILLE,TN,37217,8821,HERMIT,36.1272,-86.7073,POINT (-86.7073 36.1272)
20190604003,08/13/2019 06:01:00 PM,2,0,0,,N,151132,11,Front to Rear,21,CLEAR,1,DAYLIGHT,12,MOTOR VEHICLE IN TRANSPORT,DICKERSON PKE & DARBYTOWN DR,MADISON,TN,37115,2039,MADISO,36.266,-86.7569,POINT (-86.7569 36.266)
20190685549,09/15/2019 09:21:00 AM,2,2,0,Y,N,320586,2,HEAD-ON,21,CLEAR,1,DAYLIGHT,12,MOTOR VEHICLE IN TRANSPORT,PACKARD DR & FAIRLANE DR,ANTIOCH,TN,37013,8713,SOUTH,36.0611,-86.7026,POINT (-86.7026 36.0611)
20190687221,09/16/2019 08:08:00 AM,2,0,0,,N,812949,5,SIDESWIPE - SAME DIRECTION,21,CLEAR,1,DAYLIGHT,12,MOTOR VEHICLE IN TRANSPORT,MM 88 2 I 65,NASHVILLE,TN,37207,18041,EAST,36.2188,-86.7747,POINT (-86.7747 36.2188)
20190835058,11/18/2019 08:04:00 AM,2,4,0,,N,474557,11,Front to Rear,21,CLEAR,1,DAYLIGHT,12,MOTOR VEHICLE IN TRANSPORT,BRILEY PKWYS & WINTHORNE DR,NASHVILLE,TN,37217,8896,SOUTH,36.117,-86.7029,POINT (-86.7029 36.117)
20190605780,08/14/2019 11:05:00 AM,2,1,0,,Y,308295,4,ANGLE,21,CLEAR,1,DAYLIGHT,12,MOTOR VEHICLE IN TRANSPORT,W TRINITY LN & MONTICELLO DR,NASHVILLE,TN,37207,3009,NORTH,36.207,-86.7826,POINT (-86.7826 36.207)
20190772857,10/22/2019 02:59:00 PM,2,1,0,,N,405418,4,ANGLE,21,CLEAR,1,DAYLIGHT,12,MOTOR VEHICLE IN TRANSPORT,I65 S ENT RAMP & I65 S EXT RAMP,NASHVILLE,TN,37204,6945,MIDTOW,36.1342,-86.7764,POINT (-86.7764 36.1342)
20190867428,12/02/2019 04:22:00 PM,2,0,0,,Y,240983,4,ANGLE,22,CLOUDY,1,DAYLIGHT,12,MOTOR VEHICLE IN TRANSPORT,PETTUS RD & BLUE HOLE RD,ANTIOCH,TN,37013,8755,SOUTH,36.0283,-86.6727,POINT (-86.6727 36.0283)
20190660276,09/04/2019 06:00:00 PM,1,0,0,,N,256501,0,NOT COLLISION W/MOTOR VEHICLE-TRANSPORT,21,CLEAR,1,DAYLIGHT,36,CONCRETE TRAFFIC BARRIER,W TRINITY LN & I65 S ENT RAMP,NASHVILLE,TN,37207,3002,NORTH,36.2065,-86.7765,POINT (-86.7765 36.2065)
20190799720,11/03/2019 02:30:00 AM,2,0,0,,N,384418,5,SIDESWIPE - SAME DIRECTION,21,CLEAR,2,DARK - NOT LIGHTED,12,MOTOR VEHICLE IN TRANSPORT,MURFREESBORO PKE & MOUNTAIN SPRINGS RD,ANTIOCH,TN,37013,8927,SOUTH,36.0478,-86.6121,POINT (-86.6121 36.0478)
20190275376,10/02/2019 02:50:00 AM,1,2,0,,Y,747561,0,NOT COLLISION W/MOTOR VEHICLE-TRANSPORT,21,CLEAR,3,DARK - LIGHTED,1;7,,MM 75 4 I 65,NASHVILLE,TN,37220,71040,MIDTOW,36.0619,-86.7721,POINT (-86.7721 36.0619)
20190761243,10/17/2019 11:36:00 AM,1,0,0,Y,N,191578,0,NOT COLLISION W/MOTOR VEHICLE-TRANSPORT,21,CLEAR,1,DAYLIGHT,47,FIRE HYDRANT,300 ALISON CT,NASHVILLE,TN,37217,8963,HERMIT,36.0761,-86.6296,POINT (-86.6296 36.0761)
20190720934,09/30/2019 09:45:00 AM,2,1,0,,N,493309,11,Front to Rear,21,CLEAR,1,DAYLIGHT,12,MOTOR VEHICLE IN TRANSPORT,GALLATIN PKES & WOODRUFF ST,MADISON,TN,37115,1605,MADISO,36.2599,-86.7131,POINT (-86.7131 36.2599)
20190932119,12/31/2019 03:32:00 PM,2,2,0,,N,330428,4,ANGLE,21,CLEAR,1,DAYLIGHT,12,MOTOR VEHICLE IN TRANSPORT,WEST END AV & WILSON BLVDS,NASHVILLE,TN,37205,6019,WEST,36.1314,-86.8343,POINT (-86.8343 36.1314)
20190639799,08/27/2019 01:38:00 PM,2,2,0,Y,N,109515,5,SIDESWIPE - SAME DIRECTION,22,CLOUDY,1,DAYLIGHT,12,MOTOR VEHICLE IN TRANSPORT,GALLATIN PKEN & ALTUS AV,MADISON,TN,37115,1721,MADISO,36.2896,-86.7042,POINT (-86.7042 36.2896)
20190794954,11/01/2019 12:08:00 AM,2,0,0,,N,352201,5,SIDESWIPE - SAME DIRECTION,21,CLEAR,2,DARK - NOT LIGHTED,12,MOTOR VEHICLE IN TRANSPORT,9TH AVS & DIVISION ST,NASHVILLE,TN,37203,4021,CENTRA,36.1509,-86.7805,POINT (-86.7805 36.1509)
20190850915,11/24/2019 08:22:00 PM,2,0,0,,N,384435,11,Front to Rear,21,CLEAR,3,DARK - LIGHTED,12,MOTOR VEHICLE IN TRANSPORT,BRICK CHURCH PKE & BRILEY PKWY E EXT RAM,NASHVILLE,TN,37207,2003,MADISO,36.2376,-86.781,POINT (-86.781 36.2376)
20190717960,09/28/2019 09:02:00 PM,2,0,0,,N,320579,11,Front to Rear,21,CLEAR,3,DARK - LIGHTED,12,MOTOR VEHICLE IN TRANSPORT,SHELBY AV & I24 W ENT RAMP,NASHVILLE,TN,37213,1002,CENTRA,36.1666,-86.7649,POINT (-86.7649 36.1666)
20190659037,09/04/2019 07:20:00 AM,2,0,0,,N,628640,4,ANGLE,21,CLEAR,1,DAYLIGHT,12,MOTOR VEHICLE IN TRANSPORT,DELVIN DR & TUSCULUM CT,NASHVILLE,TN,37211,8717,SOUTH,36.0529,-86.697,POINT (-86.697 36.0529)
20190772828,10/21/2019 06:56:00 PM,3,1,0,,N,197068,0,NOT COLLISION W/MOTOR VEHICLE-TRANSPORT,2,RAIN,3,DARK - LIGHTED,14;37,PARKED MOTOR VEHICLE;Other Traffic Barrier,11TH AVN & ELEVEN NORTH APTS PVTDR,NASHVILLE,TN,37203,4151,CENTRA,36.1608,-86.7895,POINT (-86.7895 36.1608)
20190676193,09/11/2019 01:30:00 PM,2,0,0,,N,591933,4,ANGLE,21,CLEAR,1,DAYLIGHT,12,MOTOR VEHICLE IN TRANSPORT,PIN HOOK RD & HOBSON PKE,ANTIOCH,TN,37013,8927,SOUTH,36.0493,-86.5999,POINT (-86.5999 36.0493)
20190600839,08/12/2019 03:55:00 PM,2,1,0,,N,279214,11,Front to Rear,21,CLEAR,1,DAYLIGHT,12,MOTOR VEHICLE IN TRANSPORT,MM 4 0 I 440,NASHVILLE,TN,37204,7010,MIDTOW,36.1161,-86.7901,POINT (-86.7901 36.1161)
20190610787,08/16/2019 08:03:00 AM,2,0,0,,N,544481,11,Front to Rear,21,CLEAR,1,DAYLIGHT,12,MOTOR VEHICLE IN TRANSPORT,ELLINGTON PKWY S EXT RAMP & HART LN,NASHVILLE,TN,37207,1887,EAST,36.219,-86.7484,POINT (-86.7484 36.219)
20190652346,09/01/2019 11:04:00 AM,2,0,0,,N,311799,5,SIDESWIPE - SAME DIRECTION,21,CLEAR,1,DAYLIGHT,12,MOTOR VEHICLE IN TRANSPORT,CONFERENCE DR & GALLATIN PKEN,GOODLETTSVILLE,TN,37072,1751,MADISO,36.3028,-86.6919,POINT (-86.6919 36.3028)
20190889530,12/11/2019 04:40:00 PM,2,0,0,,Y,717341,98,OTHER,21,CLEAR,5,DUSK,12,MOTOR VEHICLE IN TRANSPORT,I24 E EXT RAMP & I 24,NASHVILLE,TN,37207,30080,NORTH,36.2378,-86.7872,POINT (-86.7872 36.2378)
20190602793,08/13/2019 09:55:00 AM,2,0,0,,N,226622,4,ANGLE,22,CLOUDY,1,DAYLIGHT,12;36,MOTOR VEHICLE IN TRANSPORT;CONCRETE TRAFFIC BARRIER,MM 2 3 I 440,NASHVILLE,TN,37215,6006,WEST,36.1262,-86.8146,POINT (-86.8146 36.1262)
20190616251,08/18/2019 01:45:00 PM,2,0,0,,N,330440,4,ANGLE,21,CLEAR,1,DAYLIGHT,12,MOTOR VEHICLE IN TRANSPORT,DR D B TODD JR BLVD & KNOWLES ST,NASHVILLE,TN,37208,4477,NORTH,36.1724,-86.8078,POINT (-86.8078 36.1724)
20190815513,11/09/2019 06:57:00 PM,2,0,0,,Y,298877,11,Front to Rear,21,CLEAR,3,DARK - LIGHTED,12,MOTOR VEHICLE IN TRANSPORT,NOLENSVILLE PKE & WELCH RD,NASHVILLE,TN,37211,8445,SOUTH,36.083,-86.7274,POINT (-86.7274 36.083)
20190650426,08/31/2019 12:45:00 PM,2,0,0,,Y,240976,16,Rear to Side,21,CLEAR,1,DAYLIGHT,55,Motor Vehicle-In-Motion Outside Trafficw,W TRINITY LN & SCRUGGS LN,NASHVILLE,TN,37207,3007,NORTH,36.2068,-86.7805,POINT (-86.7805 36.2068)
20190721346,09/30/2019 01:29:00 PM,2,0,0,,N,267831,11,Front to Rear,21,CLEAR,1,DAYLIGHT,12,MOTOR VEHICLE IN TRANSPORT,CHARLOTTE PKE & W HILLWOOD DR,NASHVILLE,TN,37209,5009,WEST,36.1347,-86.8881,POINT (-86.8881 36.1347)
20190834018,11/17/2019 08:06:00 PM,2,0,0,,Y,256426,4,ANGLE,21,CLEAR,1,DAYLIGHT,12,MOTOR VEHICLE IN TRANSPORT,ELM HILL PKE & MCGAVOCK PKE,NASHVILLE,TN,37214,9115,HERMIT,36.1528,-86.6834,POINT (-86.6834 36.1528)
20190855595,11/26/2019 05:35:00 PM,2,0,0,,Y,256427,11,Front to Rear,2,RAIN,3,DARK - LIGHTED,12,MOTOR VEHICLE IN TRANSPORT,BRILEY PKWYN & BRILEY PKWY N EXT RAMP,NASHVILLE,TN,37214,9294,HERMIT,36.1977,-86.688,POINT (-86.688 36.1977)
20190611267,08/16/2019 12:15:00 PM,1,0,0,,N,419952,0,NOT COLLISION W/MOTOR VEHICLE-TRANSPORT,21,CLEAR,1,DAYLIGHT,24,GUARDRAIL FACE,MM 200 3 I 40,NASHVILLE,TN,37209,4708,WEST,36.1231,-86.9092,POINT (-86.9092 36.1231)
20190761680,10/17/2019 03:16:00 PM,2,1,0,,Y,256389,11,Front to Rear,21,CLEAR,1,DAYLIGHT,12,MOTOR VEHICLE IN TRANSPORT,I40 E ENT RAMP & 14TH AVS,NASHVILLE,TN,37203,5701,MIDTOW,36.1554,-86.7895,POINT (-86.7895 36.1554)
20190894895,12/13/2019 06:25:00 PM,1,0,0,Y,N,320577,0,NOT COLLISION W/MOTOR VEHICLE-TRANSPORT,2,RAIN,3,DARK - LIGHTED,47,FIRE HYDRANT,HILLSBORO PKE & CRESTMOOR RD,NASHVILLE,TN,37215,6413,MIDTOW,36.1091,-86.8119,POINT (-86.8119 36.1091)
20190590056,08/08/2019 12:25:00 PM,2,0,0,,N,109534,11,Front to Rear,22,CLOUDY,1,DAYLIGHT,12,MOTOR VEHICLE IN TRANSPORT,ROYAL PKWY & DONELSON PKE,NASHVILLE,TN,37214,9103,HERMIT,36.1463,-86.6689,POINT (-86.6689 36.1463)