Accident Number,Date and Time,Number of Motor Vehicles,Number of Injuries,Number of Fatalities,Property Damage,Hit and Run,Reporting Officer,Collision Type Code,Collision Type Description,Weather Code,Weather Description,Illumination Code,Illumination Description,Harmful Code,Harmful Code Description,Street Address,City,State,ZIP,RPA,Precinct,Latitude,Longitude,Mapped Location
20190749433,10/12/2019 11:10:00 AM,2,0,0,,Y,352159,11,Front to Rear,21,CLEAR,1,DAYLIGHT,12,MOTOR VEHICLE IN TRANSPORT,MM 87 0 I 65,NASHVILLE,TN,37207,18020,EAST,36.2018,-86.7766,POINT (-86.7766 36.2018)
20190763702,10/18/2019 10:36:00 AM,2,0,0,,N,109534,4,ANGLE,21,CLEAR,1,DAYLIGHT,12,MOTOR VEHICLE IN TRANSPORT,I40 E ENT RAMP & I 40,NASHVILLE,TN,37205,4903,WEST,36.1109,-86.922,POINT (-86.922 36.1109)
20190798338,11/02/2019 12:06:00 PM,2,0,0,,N,525538,4,ANGLE,21,CLEAR,1,DAYLIGHT,12,MOTOR VEHICLE IN TRANSPORT,I440 W ENT RAMP & I 440,NASHVILLE,TN,37210,81021,SOUTH,36.1259,-86.7322,POINT (-86.7322 36.1259)
20190790822,10/30/2019 07:22:00 AM,2,0,0,,N,226622,11,Front to Rear,2,RAIN,1,DAYLIGHT,12,MOTOR VEHICLE IN TRANSPORT,ESTES RD & SNEED TER,NASHVILLE,TN,37215,6113,WEST,36.1089,-86.8375,POINT (-86.8375 36.1089)
20190622088,08/20/2019 04:34:00 PM,2,0,0,,N,594473,11,Front to Rear,22,CLOUDY,1,DAYLIGHT,12,MOTOR VEHICLE IN TRANSPORT,WEST END AV & 29TH AVS,NASHVILLE,TN,37212,5815,MIDTOW,36.1439,-86.8139,POINT (-86.8139 36.1439)
20190624976,08/21/2019 04:34:00 PM,2,0,0,,N,206958,11,Front to Rear,21,CLEAR,1,DAYLIGHT,12,MOTOR VEHICLE IN TRANSPORT,MM 48 1 I 24,NASHVILLE,TN,37207,1106,EAST,36.1742,-86.7706,POINT (-86.7706 36.1742)
20190655073,09/02/2019 04:06:00 PM,2,0,0,,N,320594,0,NOT COLLISION W/MOTOR VEHICLE-TRANSPORT,21,CLEAR,1,DAYLIGHT,12;24,MOTOR VEHICLE IN TRANSPORT;GUARDRAIL FACE,MM 219 6 I 40,HERMITAGE,TN,37076,94021,HERMIT,36.1613,-86.6205,POINT (-86.6205 36.1613)
20190812573,11/08/2019 09:53:00 AM,3,0,0,,N,191578,11,Front to Rear,21,CLEAR,1,DAYLIGHT,12,MOTOR VEHICLE IN TRANSPORT,MM 211 6 I 40,NASHVILLE,TN,37210,82042,HERMIT,36.1508,-86.7502,POINT (-86.7502 36.1508)
20190781606,10/26/2019 05:52:00 AM,2,0,0,,N,298871,5,SIDESWIPE - SAME DIRECTION,2,RAIN,3,DARK - LIGHTED,12,MOTOR VEHICLE IN TRANSPORT,BROADWAY & 15TH AVN,NASHVILLE,TN,37203,5701,MIDTOW,36.1552,-86.7907,POINT (-86.7907 36.1552)
20190731764,10/04/2019 03:37:00 PM,2,1,0,,N,299241,4,ANGLE,21,CLEAR,1,DAYLIGHT,12,MOTOR VEHICLE IN TRANSPORT,LEBANON PKE & ANDREW JACKSON PKWY,HERMITAGE,TN,37076,9537,HERMIT,36.2151,-86.5962,POINT (-86.5962 36.2151)
20190606700,08/14/2019 05:40:00 PM,3,0,0,,N,279214,11,Front to Rear,21,CLEAR,1,DAYLIGHT,14,PARKED MOTOR VEHICLE,BELMONT BLVD & GALE LN,NASHVILLE,TN,37212,6503,MIDTOW,36.117,-86.7977,POINT (-86.7977 36.117)
20190846710,11/22/2019 05:45:00 PM,3,3,0,,N,134871,11,Front to Rear,21,CLEAR,3,DARK - LIGHTED,12,MOTOR VEHICLE IN TRANSPORT,MM 49 6 I 24,NASHVILLE,TN,37210,4008,CENTRA,36.1571,-86.7604,POINT (-86.7604 36.1571)
20190878863,12/07/2019 12:01:00 AM,2,0,0,Y,Y,352199,2,HEAD-ON,21,CLEAR,2,DARK - NOT LIGHTED,12;14;40;41,MOTOR VEHICLE IN TRANSPORT;PARKED MOTOR VEHICLE;MAIL BOX;SHRUBBERY,ODETTE ST & FLORENCE AV,MADISON,TN,37115,1717,MADISO,36.2804,-86.706,POINT (-86.706 36.2804)
20190827444,11/14/2019 06:25:00 PM,2,0,0,,Y,384424,5,SIDESWIPE - SAME DIRECTION,21,CLEAR,3,DARK - LIGHTED,12,MOTOR VEHICLE IN TRANSPORT,MM 211 7 I 40,NASHVILLE,TN,37210,82042,HERMIT,36.1499,-86.7483,POINT (-86.7483 36.1499)
20190884467,12/09/2019 04:45:00 PM,3,0,0,,N,384449,11,Front to Rear,22,CLOUDY,5,DUSK,12,MOTOR VEHICLE IN TRANSPORT,OLD HICKORY BLVD & HERMITAGE WOODS DR,HERMITAGE,TN,37076,9561,HERMIT,36.1773,-86.6042,POINT (-86.6042 36.1773)
20190841100,11/20/2019 01:31:00 PM,2,1,0,,N,306231,11,Front to Rear,21,CLEAR,1,DAYLIGHT,12,MOTOR VEHICLE IN TRANSPORT,OLD HICKORY BLVD & ASHLAND CITY HWY,NASHVILLE,TN,37218,3235,NORTH,36.2115,-86.921,POINT (-86.921 36.2115)
20190895209,12/13/2019 09:19:00 PM,2,1,0,,N,240955,2,HEAD-ON,2,RAIN,3,DARK - LIGHTED,12,MOTOR VEHICLE IN TRANSPORT,OWENDALE DR & KINWOOD DR,ANTIOCH,TN,37013,8979,SOUTH,36.0686,-86.6237,POINT (-86.6237 36.0686)
20190867182,12/02/2019 02:09:00 PM,2,0,0,,N,109534,11,Front to Rear,22,CLOUDY,1,DAYLIGHT,12,MOTOR VEHICLE IN TRANSPORT,MM 215 0 I 40,NASHVILLE,TN,37214,91021,HERMIT,36.1444,-86.6948,POINT (-86.6948 36.1444)
20190840437,11/20/2019 08:28:00 AM,3,1,0,,N,191578,11,Front to Rear,21,CLEAR,1,DAYLIGHT,12,MOTOR VEHICLE IN TRANSPORT,LEBANON PKE & SPENCE LN,NASHVILLE,TN,37210,9019,HERMIT,36.1537,-86.7214,POINT (-86.7214 36.1537)
20190754624,10/14/2019 09:40:00 PM,2,1,0,,N,717341,4,ANGLE,21,CLEAR,2,DARK - NOT LIGHTED,12,MOTOR VEHICLE IN TRANSPORT,MM 54 0 I 24,NASHVILLE,TN,37211,88122,SOUTH,36.1064,-86.7188,POINT (-86.7188 36.1064)
20190667548,09/07/2019 09:22:00 PM,2,0,0,,N,693098,11,Front to Rear,21,CLEAR,3,DARK - LIGHTED,12,MOTOR VEHICLE IN TRANSPORT,HILLSBORO PKE & GREEN HILLS VILLAGE DR,NASHVILLE,TN,37215,6411,MIDTOW,36.107,-86.8132,POINT (-86.8132 36.107)
20190640397,08/27/2019 06:24:00 PM,2,0,0,,N,134903,4,ANGLE,22,CLOUDY,1,DAYLIGHT,12;14,MOTOR VEHICLE IN TRANSPORT;PARKED MOTOR VEHICLE,I40 W ENT RAMP & I 40,NASHVILLE,TN,37210,9007,HERMIT,36.1484,-86.7454,POINT (-86.7454 36.1484)
20190895292,12/13/2019 12:00:00 AM,2,0,0,,Y,299248,11,Front to Rear,21,CLEAR,3,DARK - LIGHTED,12,MOTOR VEHICLE IN TRANSPORT,MM 4 3 I 440,NASHVILLE,TN,37204,7014,MIDTOW,36.1159,-86.783,POINT (-86.783 36.1159)
20190801041,11/03/2019 08:22:00 PM,2,0,0,,N,179583,11,Front to Rear,21,CLEAR,3,DARK - LIGHTED,55,Motor Vehicle-In-Motion Outside Trafficw,MURFREESBORO PKE & THOMPSON PL,NASHVILLE,TN,37217,8879,SOUTH,36.1267,-86.7111,POINT (-86.7111 36.1267)
20190877952,12/06/2019 03:24:00 PM,1,1,0,,N,256389,0,NOT COLLISION W/MOTOR VEHICLE-TRANSPORT,21,CLEAR,1,DAYLIGHT,8,PEDESTRIAN,29TH AVE S & US HWY 70S,NASHVILLE,TN,37212,5815,MIDTOW,36.1442,-86.8136,POINT (-86.8136 36.1442)
20190821706,11/12/2019 02:08:00 PM,2,0,0,,N,665896,4,ANGLE,21,CLEAR,1,DAYLIGHT,12,MOTOR VEHICLE IN TRANSPORT,EASTLAND AV & GALLATIN AV,NASHVILLE,TN,37206,1243,EAST,36.1838,-86.7484,POINT (-86.7484 36.1838)
20190728571,10/03/2019 12:00:00 AM,1,0,0,Y,Y,352163,0,NOT COLLISION W/MOTOR VEHICLE-TRANSPORT,99,UNKNOWN,9,UNKNOWN,41,SHRUBBERY,LEBANON PKE & WILOWEN DR,NASHVILLE,TN,37210,9019,HERMIT,36.159,-86.7047,POINT (-86.7047 36.159)
20190848310,11/23/2019 11:39:00 AM,1,0,0,,N,429185,0,NOT COLLISION W/MOTOR VEHICLE-TRANSPORT,22,CLOUDY,1,DAYLIGHT,50,DEER (ANIMAL),1250 ROBINSON RD,OLD HICKORY,TN,37138,9619,HERMIT,36.2585,-86.6591,POINT (-86.6591 36.2585)
20190604102,08/13/2019 07:09:00 PM,3,2,0,,N,256426,11,Front to Rear,21,CLEAR,1,DAYLIGHT,12,MOTOR VEHICLE IN TRANSPORT,MM 212 3 I 40,NASHVILLE,TN,37210,8206,HERMIT,36.1447,-86.7399,POINT (-86.7399 36.1447)
20190743293,10/09/2019 07:09:00 PM,2,1,0,,N,429193,6,SIDESWIPE - OPPOSITE DIRECTION,21,CLEAR,2,DARK - NOT LIGHTED,12,MOTOR VEHICLE IN TRANSPORT,OLD CHARLOTTE PKE & SEARS RD,PEGRAM,TN,37143,4715,WEST,36.1073,-87.0166,POINT (-87.0166 36.1073)
20190841030,11/20/2019 01:02:00 PM,2,0,0,,N,384442,4,ANGLE,21,CLEAR,1,DAYLIGHT,12,MOTOR VEHICLE IN TRANSPORT,FRANKLIN PKE & FRANKLIN PKE NB ENT RAMP,NASHVILLE,TN,37204,7011,MIDTOW,36.1093,-86.7732,POINT (-86.7732 36.1093)
20190825228,11/13/2019 09:21:00 PM,1,0,0,Y,N,151132,0,NOT COLLISION W/MOTOR VEHICLE-TRANSPORT,21,CLEAR,3,DARK - LIGHTED,18,OTHER OBJECT (NOT FIXED),MM 93 7 I 65,GOODLETTSVILLE,TN,37072,17061,MADISO,36.2845,-86.7293,POINT (-86.7293 36.2845)
20190929731,12/30/2019 01:37:00 PM,2,0,0,,N,109536,0,NOT COLLISION W/MOTOR VEHICLE-TRANSPORT,21,CLEAR,1,DAYLIGHT,16,THROWN OR FALLING OBJECT,MM 93 8 I 65,MADISON,TN,37115,17042,MADISO,36.2854,-86.7282,POINT (-86.7282 36.2854)
20190757260,10/15/2019 09:20:00 PM,2,0,0,,N,807326,11,Front to Rear,21,CLEAR,3,DARK - LIGHTED,12,MOTOR VEHICLE IN TRANSPORT,MM 49 5 I 24,NASHVILLE,TN,37210,4008,CENTRA,36.1588,-86.7604,POINT (-86.7604 36.1588)
20190703990,09/23/2019 07:18:00 AM,2,0,0,,Y,306231,11,Front to Rear,22,CLOUDY,1,DAYLIGHT,12,MOTOR VEHICLE IN TRANSPORT,MM 87 5 I 65,NASHVILLE,TN,37207,1804,EAST,36.2091,-86.776,POINT (-86.776 36.2091)
20190905692,12/18/2019 03:45:00 PM,2,2,0,,N,717341,4,ANGLE,21,CLEAR,1,DAYLIGHT,12,MOTOR VEHICLE IN TRANSPORT,OLD HICKORY BLVD & BURKITT RD,ANTIOCH,TN,37013,8771,SOUTH,36.0051,-86.6218,POINT (-86.6218 36.0051)
20190832776,11/17/2019 03:13:00 AM,2,0,0,,Y,298871,5,SIDESWIPE - SAME DIRECTION,21,CLEAR,3,DARK - LIGHTED,14,PARKED MOTOR VEHICLE,WEST END AV & 19TH AVN,NASHVILLE,TN,37203,5707,MIDTOW,36.1526,-86.7968,POINT (-86.7968 36.1526)
20190869377,12/03/2019 10:40:00 AM,1,0,0,,N,109534,0,NOT COLLISION W/MOTOR VEHICLE-TRANSPORT,21,CLEAR,1,DAYLIGHT,25,GUARDRAIL END,MM 219 1 I 40,NASHVILLE,TN,37214,94022,HERMIT,36.1572,-86.6272,POINT (-86.6272 36.1572)
20190888249,12/11/2019 06:26:00 AM,3,2,0,,N,109534,11,Front to Rear,21,CLEAR,3,DARK - LIGHTED,12,MOTOR VEHICLE IN TRANSPORT,MM 220 1 I 40,HERMITAGE,TN,37076,94021,HERMIT,36.1655,-86.6137,POINT (-86.6137 36.1655)
20190784254,10/27/2019 06:23:00 PM,2,0,0,,N,134871,4,ANGLE,21,CLEAR,3,DARK - LIGHTED,12,MOTOR VEHICLE IN TRANSPORT,4TH AVS & LEA AV,NASHVILLE,TN,37203,4037,CENTRA,36.1547,-86.7731,POINT (-86.7731 36.1547)
20190731810,10/04/2019 04:03:00 PM,3,1,0,,N,384436,11,Front to Rear,21,CLEAR,1,DAYLIGHT,12;14,MOTOR VEHICLE IN TRANSPORT;PARKED MOTOR VEHICLE,4600 HEDGEWOOD DR,NASHVILLE,TN,37216,1513,EAST,36.2276,-86.7207,POINT (-86.7207 36.2276)
20190700913,09/21/2019 03:23:00 PM,2,0,0,,N,212369,4,ANGLE,21,CLEAR,1,DAYLIGHT,12,MOTOR VEHICLE IN TRANSPORT,HARDING PL & NOLENSVILLE PKE,NASHVILLE,TN,37211,8705,SOUTH,36.0797,-86.7261,POINT (-86.7261 36.0797)
20190627936,08/22/2019 05:13:00 PM,2,0,0,,N,169425,4,ANGLE,22,CLOUDY,3,DARK - LIGHTED,12,MOTOR VEHICLE IN TRANSPORT,21ST AVS & W LINDEN AV,NASHVILLE,TN,37212,6509,MIDTOW,36.1273,-86.8038,POINT (-86.8038 36.1273)
20190816939,11/10/2019 11:00:00 AM,2,0,0,,N,109495,4,ANGLE,21,CLEAR,1,DAYLIGHT,12,MOTOR VEHICLE IN TRANSPORT,VAULX LN & INVERNESS AV,NASHVILLE,TN,37204,6953,MIDTOW,36.1239,-86.7813,POINT (-86.7813 36.1239)
20190845689,11/22/2019 09:11:00 AM,2,1,0,,N,665896,4,ANGLE,2,RAIN,1,DAYLIGHT,12,MOTOR VEHICLE IN TRANSPORT,DICKERSON PKE & BROADMOOR DR,NASHVILLE,TN,37207,1811,EAST,36.2294,-86.7593,POINT (-86.7593 36.2294)
20190827266,11/14/2019 02:31:00 PM,2,0,0,,Y,887598,11,Front to Rear,21,CLEAR,1,DAYLIGHT,12,MOTOR VEHICLE IN TRANSPORT,GARFIELD ST & 9TH AVN,NASHVILLE,TN,37208,4347,NORTH,36.179,-86.7992,POINT (-86.7992 36.179)
20190828868,11/15/2019 09:20:00 AM,2,0,0,,N,352174,11,Front to Rear,21,CLEAR,1,DAYLIGHT,12,MOTOR VEHICLE IN TRANSPORT,31ST AVS & 31ST AVN,NASHVILLE,TN,37212,5815,MIDTOW,36.1424,-86.8153,POINT (-86.8153 36.1424)
20190747576,10/11/2019 02:44:00 PM,2,1,0,,N,330444,4,ANGLE,22,CLOUDY,1,DAYLIGHT,12,MOTOR VEHICLE IN TRANSPORT,30TH AVE S & US HWY 70S,NASHVILLE,TN,37212,5815,MIDTOW,36.1435,-86.8144,POINT (-86.8144 36.1435)
20190852382,11/25/2019 12:15:00 PM,2,2,0,,N,693093,4,ANGLE,21,CLEAR,1,DAYLIGHT,1;12,MOTOR VEHICLE IN TRANSPORT,S GRAYCROFT AV & FREDA VILLA,MADISON,TN,37115,1799,MADISO,36.2472,-86.7349,POINT (-86.7349 36.2472)
20190886810,12/10/2019 12:00:00 AM,2,0,0,,Y,151132,11,Front to Rear,22,CLOUDY,1,DAYLIGHT,12,MOTOR VEHICLE IN TRANSPORT,GALLATIN PKES & E OLD HICKORY BLVD,MADISON,TN,37115,1771,MADISO,36.2622,-86.7122,POINT (-86.7122 36.2622)
20190770260,10/21/2019 01:40:00 PM,1,1,0,,N,716886,0,NOT COLLISION W/MOTOR VEHICLE-TRANSPORT,2,RAIN,1,DAYLIGHT,1;34,DITCH,MM 57 7 I 24,ANTIOCH,TN,37013,88080,SOUTH,36.061,-86.6807,POINT (-86.6807 36.061)
20190747227,10/11/2019 10:52:00 AM,2,0,0,,N,179602,5,SIDESWIPE - SAME DIRECTION,22,CLOUDY,1,DAYLIGHT,12,MOTOR VEHICLE IN TRANSPORT,MM 88 2 I 65,NASHVILLE,TN,37207,18041,EAST,36.2188,-86.7747,POINT (-86.7747 36.2188)
20190907885,12/19/2019 12:23:00 PM,2,1,0,,N,223502,5,SIDESWIPE - SAME DIRECTION,21,CLEAR,1,DAYLIGHT,12,MOTOR VEHICLE IN TRANSPORT,MM 57 4 I 24,ANTIOCH,TN,37013,88080,SOUTH,36.0649,-86.6847,POINT (-86.6847 36.0649)
20190689569,09/17/2019 06:50:00 AM,2,0,0,,N,676834,11,Front to Rear,21,CLEAR,1,DAYLIGHT,12,MOTOR VEHICLE IN TRANSPORT,ROSA L PARKS BLVD & I65 S EXT RAMP,NASHVILLE,TN,37208,4405,NORTH,36.1861,-86.7984,POINT (-86.7984 36.1861)
20190915367,12/23/2019 05:10:00 AM,1,1,0,Y,N,332298,0,NOT COLLISION W/MOTOR VEHICLE-TRANSPORT,22,CLOUDY,3,DARK - LIGHTED,1;24;63,GUARDRAIL FACE;Ran Off Road-Right,CLOVERLAND DR & CLOVERMEADE DR,BRENTWOOD,TN,37027,8623,MIDTOW,36.0321,-86.7592,POINT (-86.7592 36.0321)
20190867521,12/02/2019 05:14:00 PM,4,6,1,,N,256389,11,Front to Rear,21,CLEAR,3,DARK - LIGHTED,12,MOTOR VEHICLE IN TRANSPORT,WOODMONT BLVD & WOODMONT BLVD WB ENT RAM,NASHVILLE,TN,37204,7011,MIDTOW,36.1102,-86.7751,POINT (-86.7751 36.1102)
20190824201,11/13/2019 12:01:00 PM,4,1,0,,N,665896,11,Front to Rear,21,CLEAR,1,DAYLIGHT,12,MOTOR VEHICLE IN TRANSPORT,MAIN ST & N 7TH ST,NASHVILLE,TN,37206,1997,EAST,36.1744,-86.7614,POINT (-86.7614 36.1744)
20190810980,11/07/2019 06:00:00 PM,3,0,0,,N,330440,11,Front to Rear,21,CLEAR,3,DARK - LIGHTED,12,MOTOR VEHICLE IN TRANSPORT,MM 208 4 I 40,NASHVILLE,TN,37203,54024,NORTH,36.165,-86.7943,POINT (-86.7943 36.165)
20190728667,10/03/2019 10:00:00 AM,2,0,0,,Y,716886,5,SIDESWIPE - SAME DIRECTION,21,CLEAR,1,DAYLIGHT,14,PARKED MOTOR VEHICLE,TIMMONS ST & SIMMONS AV,NASHVILLE,TN,37211,8403,SOUTH,36.1076,-86.7411,POINT (-86.7411 36.1076)
20190772781,10/22/2019 02:08:00 PM,2,0,0,,N,134899,4,ANGLE,21,CLEAR,1,DAYLIGHT,12,MOTOR VEHICLE IN TRANSPORT,JUAREZ DR & STATE HWY 45,HERMITAGE,TN,37076,9531,HERMIT,36.1923,-86.6163,POINT (-86.6163 36.1923)
20190745223,10/10/2019 04:20:00 PM,2,0,0,,N,352166,4,ANGLE,21,CLEAR,1,DAYLIGHT,12,MOTOR VEHICLE IN TRANSPORT,MOVING CENTER CT & US HWY 31E,MADISON,TN,37115,1507,MADISO,36.2508,-86.7184,POINT (-86.7184 36.2508)
20190889757,12/11/2019 07:21:00 PM,1,3,0,,N,834813,0,NOT COLLISION W/MOTOR VEHICLE-TRANSPORT,22,CLOUDY,2,DARK - NOT LIGHTED,42,TREE,OLD HICKORY BLVD & LICKTON PKE,WHITES CREEK,TN,37189,3227,NORTH,36.2736,-86.8173,POINT (-86.8173 36.2736)
20190758481,10/16/2019 09:27:00 AM,1,1,0,Y,N,493304,0,NOT COLLISION W/MOTOR VEHICLE-TRANSPORT,21,CLEAR,1,DAYLIGHT,30;32;40,UTILITY POLE;CULVERT;MAIL BOX,APPLE VALLEY RD & W CAMPBELL RD,MADISON,TN,37115,2101,MADISO,36.2844,-86.7316,POINT (-86.7316 36.2844)
20190832178,11/16/2019 07:15:00 PM,1,1,0,,N,352197,0,NOT COLLISION W/MOTOR VEHICLE-TRANSPORT,21,CLEAR,2,DARK - NOT LIGHTED,8,PEDESTRIAN,OLD HICKORY BLVD & PETTUS RD,ANTIOCH,TN,37013,8767,SOUTH,36.0109,-86.6654,POINT (-86.6654 36.0109)
20190641792,08/28/2019 08:03:00 AM,2,0,0,,N,352192,6,SIDESWIPE - OPPOSITE DIRECTION,21,CLEAR,1,DAYLIGHT,12,MOTOR VEHICLE IN TRANSPORT,COLEY DAVIS RD & HIGHWAY 70S,NASHVILLE,TN,37221,4811,WEST,36.0792,-86.9538,POINT (-86.9538 36.0792)
20190813647,11/08/2019 08:06:00 PM,2,1,0,,Y,299264,4,ANGLE,21,CLEAR,3,DARK - LIGHTED,12,MOTOR VEHICLE IN TRANSPORT,WEDGEWOOD AV & 14TH AVS,NASHVILLE,TN,37212,6617,MIDTOW,36.136,-86.791,POINT (-86.791 36.136)
20190902011,12/17/2019 07:44:00 AM,2,0,0,,N,414731,11,Front to Rear,22,CLOUDY,1,DAYLIGHT,12,MOTOR VEHICLE IN TRANSPORT,HARDING PL & I24 E EXT RAMP,NASHVILLE,TN,37211,8707,SOUTH,36.0855,-86.7016,POINT (-86.7016 36.0855)
20190594796,08/10/2019 01:20:00 AM,2,0,0,,N,240978,5,SIDESWIPE - SAME DIRECTION,21,CLEAR,3,DARK - LIGHTED,12;34,MOTOR VEHICLE IN TRANSPORT;DITCH,EWING DR & RICH ACRES DR,NASHVILLE,TN,37207,1809,EAST,36.2305,-86.7659,POINT (-86.7659 36.2305)
20190855528,11/26/2019 05:00:00 PM,1,1,0,,N,352161,0,NOT COLLISION W/MOTOR VEHICLE-TRANSPORT,2,RAIN,3,DARK - LIGHTED,8,PEDESTRIAN,WHITES CREEK PKE & BRILEY PKWY E ENT RAM,NASHVILLE,TN,37207,3025,NORTH,36.2307,-86.813,POINT (-86.813 36.2307)
20190683648,09/14/2019 09:53:00 AM,2,0,0,,N,420034,4,ANGLE,21,CLEAR,1,DAYLIGHT,12,MOTOR VEHICLE IN TRANSPORT,BRICK CHURCH PKE & I65 S EXT RAMP,NASHVILLE,TN,37207,3021,NORTH,36.207,-86.7779,POINT (-86.7779 36.207)
20190721745,09/30/2019 04:55:00 PM,3,0,0,,N,384394,11,Front to Rear,21,CLEAR,1,DAYLIGHT,12,MOTOR VEHICLE IN TRANSPORT,MM 59 7 I 24,ANTIOCH,TN,37013,88060,SOUTH,36.0428,-86.6545,POINT (-86.6545 36.0428)
20190607081,08/14/2019 09:14:00 PM,1,1,0,,N,256380,0,NOT COLLISION W/MOTOR VEHICLE-TRANSPORT,21,CLEAR,1,DAYLIGHT,8,PEDESTRIAN,W TRINITY LN & BRICK CHURCH PKE,NASHVILLE,TN,37207,3003,NORTH,36.2066,-86.7779,POINT (-86.7779 36.2066)
20190686527,09/15/2019 10:42:00 PM,1,1,0,Y,N,279217,0,NOT COLLISION W/MOTOR VEHICLE-TRANSPORT,21,CLEAR,3,DARK - LIGHTED,64;7,Ran Off Road-Left,JEFFERSON ST & 11TH AVN,NASHVILLE,TN,37208,4245,NORTH,36.1716,-86.798,POINT (-86.798 36.1716)
20190872489,12/04/2019 12:39:00 PM,2,0,0,,N,384436,11,Front to Rear,21,CLEAR,1,DAYLIGHT,12,MOTOR VEHICLE IN TRANSPORT,HARDING PL & EZELL PKE,NASHVILLE,TN,37211,8847,SOUTH,36.0892,-86.6874,POINT (-86.6874 36.0892)
20190693847,09/18/2019 05:03:00 PM,2,0,0,,Y,299257,4,ANGLE,21,CLEAR,1,DAYLIGHT,12,MOTOR VEHICLE IN TRANSPORT,MOORE AV & ENSLEY BLVD,NASHVILLE,TN,37203,8011,MIDTOW,36.1364,-86.7606,POINT (-86.7606 36.1364)
20190857966,11/27/2019 04:59:00 PM,3,0,0,,N,330427,11,Front to Rear,21,CLEAR,5,DUSK,12,MOTOR VEHICLE IN TRANSPORT,MM 38 0 I 24,WHITES CREEK,TN,37189,2212,NORTH,36.3083,-86.8217,POINT (-86.8217 36.3083)
20190852653,11/25/2019 02:34:00 PM,2,0,0,,N,384446,9,UNKNOWN,21,CLEAR,1,DAYLIGHT,12,MOTOR VEHICLE IN TRANSPORT,MM 203 0 I 40,NASHVILLE,TN,37209,50021,WEST,36.149,-86.8742,POINT (-86.8742 36.149)
20190669020,09/08/2019 03:25:00 PM,2,1,0,,N,161939,4,ANGLE,21,CLEAR,1,DAYLIGHT,12,MOTOR VEHICLE IN TRANSPORT,ANDERSON RD & CREEKVIEW DR,ANTIOCH,TN,37013,8979,SOUTH,36.074,-86.6249,POINT (-86.6249 36.074)
20190640109,08/27/2019 03:55:00 PM,2,0,0,,Y,256446,4,ANGLE,21,CLEAR,1,DAYLIGHT,14,PARKED MOTOR VEHICLE,LONDONVIEW PL & OLE NOTTINGHAM DR,ANTIOCH,TN,37013,8907,SOUTH,36.0704,-86.5744,POINT (-86.5744 36.0704)
20190647650,08/30/2019 12:50:00 PM,3,0,0,,N,716886,98,OTHER,21,CLEAR,1,DAYLIGHT,12;18;7,MOTOR VEHICLE IN TRANSPORT;OTHER OBJECT (NOT FIXED),MM 57 1 I 24,ANTIOCH,TN,37013,88080,SOUTH,36.0686,-86.6885,POINT (-86.6885 36.0686)
20190777101,10/24/2019 08:38:00 AM,2,0,0,,N,140808,11,Front to Rear,21,CLEAR,1,DAYLIGHT,12,MOTOR VEHICLE IN TRANSPORT,FRANKLIN PKE & LAKEMONT DR,NASHVILLE,TN,37220,7111,MIDTOW,36.045,-86.7809,POINT (-86.7809 36.045)
20190700734,09/21/2019 01:40:00 PM,2,0,0,,N,298874,4,ANGLE,21,CLEAR,1,DAYLIGHT,12,MOTOR VEHICLE IN TRANSPORT,ARDEE AV & GALLATIN PKE,NASHVILLE,TN,37216,1425,EAST,36.2196,-86.7274,POINT (-86.7274 36.2196)
20190813482,11/08/2019 06:21:00 PM,2,0,0,,N,352172,11,Front to Rear,21,CLEAR,2,DARK - NOT LIGHTED,12,MOTOR VEHICLE IN TRANSPORT,MM 41 8 I 24,WHITES CREEK,TN,37189,3226,NORTH,36.2601,-86.7888,POINT (-86.7888 36.2601)
20190902689,12/17/2019 01:28:00 PM,2,1,0,,N,191578,11,Front to Rear,22,CLOUDY,1,DAYLIGHT,12,MOTOR VEHICLE IN TRANSPORT,BRILEY PKWY & BRILEY PKWYN,NASHVILLE,TN,37217,88940,HERMIT,36.1378,-86.7,POINT (-86.7 36.1378)
20190847403,11/23/2019 12:05:00 AM,2,1,0,,N,298871,4,ANGLE,21,CLEAR,3,DARK - LIGHTED,12,MOTOR VEHICLE IN TRANSPORT,19TH AVS & BROADWAY,NASHVILLE,TN,37203,5705,MIDTOW,36.151,-86.7965,POINT (-86.7965 36.151)
20190780197,10/25/2019 02:35:00 PM,1,0,0,,N,299267,0,NOT COLLISION W/MOTOR VEHICLE-TRANSPORT,2,RAIN,1,DAYLIGHT,42,TREE,31ST AVN & 29TH AVN,NASHVILLE,TN,37203,5625,MIDTOW,36.1473,-86.8163,POINT (-86.8163 36.1473)
20190610023,08/15/2019 11:42:00 PM,2,0,0,,N,298871,5,SIDESWIPE - SAME DIRECTION,21,CLEAR,3,DARK - LIGHTED,12,MOTOR VEHICLE IN TRANSPORT,MM 209 3 I 40,NASHVILLE,TN,37203,40041,CENTRA,36.1537,-86.7878,POINT (-86.7878 36.1537)
20190782194,10/26/2019 01:46:00 PM,2,0,0,,N,240955,4,ANGLE,22,CLOUDY,1,DAYLIGHT,12,MOTOR VEHICLE IN TRANSPORT,OLD HICKORY BLVD & I24 W EXT RAMP,ANTIOCH,TN,37013,8869,SOUTH,36.0158,-86.6201,POINT (-86.6201 36.0158)