Accident Number,Date and Time,Number of Motor Vehicles,Number of Injuries,Number of Fatalities,Property Damage,Hit and Run,Reporting Officer,Collision Type Code,Collision Type Description,Weather Code,Weather Description,Illumination Code,Illumination Description,Harmful Code,Harmful Code Description,Street Address,City,State,ZIP,RPA,Precinct,Latitude,Longitude,Mapped Location
20190683194,09/14/2019 01:15:00 AM,1,0,0,Y,Y,110090,0,NOT COLLISION W/MOTOR VEHICLE-TRANSPORT,21,CLEAR,3,DARK - LIGHTED,30;31,"UTILITY POLE;OTHER POST, POLE, SUPP.",MURFREESBORO PKE & MOUNTAIN SPRINGS RD,ANTIOCH,TN,37013,8927,SOUTH,36.0478,-86.6121,POINT (-86.6121 36.0478)
20190849558,11/24/2019 03:00:00 AM,2,1,0,,Y,481573,5,SIDESWIPE - SAME DIRECTION,21,CLEAR,3,DARK - LIGHTED,12,MOTOR VEHICLE IN TRANSPORT,BREWER DR & NOLENSVILLE PKE,NASHVILLE,TN,37211,8715,SOUTH,36.0537,-86.715,POINT (-86.715 36.0537)
20190875691,12/05/2019 05:55:00 PM,2,0,0,,N,240983,11,Front to Rear,21,CLEAR,3,DARK - LIGHTED,12,MOTOR VEHICLE IN TRANSPORT,MM 53 2 I 24,NASHVILLE,TN,37210,83020,SOUTH,36.116,-86.7253,POINT (-86.7253 36.116)
20190916242,12/23/2019 02:33:00 PM,2,0,0,,N,352197,11,Front to Rear,21,CLEAR,1,DAYLIGHT,12,MOTOR VEHICLE IN TRANSPORT,OLD HICKORY BLVD & HOBSON PKE,ANTIOCH,TN,37013,8867,SOUTH,36.036,-86.611,POINT (-86.611 36.036)
20190614193,08/17/2019 04:53:00 PM,2,0,0,,N,311332,4,ANGLE,21,CLEAR,1,DAYLIGHT,12,MOTOR VEHICLE IN TRANSPORT,DAVIDSON RD & SEDBERRY RD,NASHVILLE,TN,37205,5001,WEST,36.1161,-86.8683,POINT (-86.8683 36.1161)
20190751864,10/13/2019 06:10:00 PM,2,0,0,Y,Y,320582,4,ANGLE,21,CLEAR,5,DUSK,12;28;40;63,MOTOR VEHICLE IN TRANSPORT;OVERHEAD SIGN SUPPORT;MAIL BOX;Ran Off Road-Right,DICKERSON PKE & BEN ALLEN RD,NASHVILLE,TN,37207,1811,EAST,36.2254,-86.7604,POINT (-86.7604 36.2254)
20190781289,10/26/2019 01:00:00 AM,2,0,0,,Y,299248,5,SIDESWIPE - SAME DIRECTION,2,RAIN,3,DARK - LIGHTED,12;25;36,MOTOR VEHICLE IN TRANSPORT;GUARDRAIL END;CONCRETE TRAFFIC BARRIER,MM 54 4 I 24,NASHVILLE,TN,37211,84020,SOUTH,36.1017,-86.7129,POINT (-86.7129 36.1017)
20190587736,08/07/2019 05:07:00 PM,2,0,0,,N,299257,11,Front to Rear,21,CLEAR,1,DAYLIGHT,12,MOTOR VEHICLE IN TRANSPORT,MM 81 2 I 65,NASHVILLE,TN,37204,8033,MIDTOW,36.1317,-86.7741,POINT (-86.7741 36.1317)
20190600278,08/12/2019 11:31:00 AM,2,0,0,,N,716886,5,SIDESWIPE - SAME DIRECTION,21,CLEAR,1,DAYLIGHT,14,PARKED MOTOR VEHICLE,NASHBORO BLVD & MURFREESBORO PKE,NASHVILLE,TN,37217,8935,HERMIT,36.0884,-86.6478,POINT (-86.6478 36.0884)
20190712152,09/26/2019 09:15:00 AM,2,0,0,,N,876581,4,ANGLE,21,CLEAR,1,DAYLIGHT,12,MOTOR VEHICLE IN TRANSPORT,FESSLERS LN & ELM HILL PIKE,NASHVILLE,TN,37210,8217,HERMIT,36.1441,-86.7441,POINT (-86.7441 36.1441)
20190759218,10/16/2019 03:41:00 PM,2,0,0,,N,134899,4,ANGLE,21,CLEAR,1,DAYLIGHT,12;34;55,MOTOR VEHICLE IN TRANSPORT;DITCH;Motor Vehicle-In-Motion Outside Trafficw,BRILEY PKWYS & BRILEY PKWY,NASHVILLE,TN,37217,8998,HERMIT,36.1215,-86.6967,POINT (-86.6967 36.1215)
20190662669,09/05/2019 06:06:00 PM,3,3,0,,N,256374,11,Front to Rear,21,CLEAR,1,DAYLIGHT,12,MOTOR VEHICLE IN TRANSPORT,BELL RD & OLD HICKORY BLVD,ANTIOCH,TN,37013,8755,SOUTH,36.0453,-86.7017,POINT (-86.7017 36.0453)
20190717208,09/28/2019 10:59:00 AM,2,0,0,,N,311325,11,Front to Rear,21,CLEAR,1,DAYLIGHT,12,MOTOR VEHICLE IN TRANSPORT,MM 212 1 I 40,NASHVILLE,TN,37210,90041,HERMIT,36.1463,-86.7422,POINT (-86.7422 36.1463)
20190593689,08/09/2019 02:50:00 PM,2,1,0,,N,212338,98,OTHER,21,CLEAR,1,DAYLIGHT,12;6,MOTOR VEHICLE IN TRANSPORT,WEDGEWOOD AV & 12TH AVS,NASHVILLE,TN,37203,6913,MIDTOW,36.1361,-86.7879,POINT (-86.7879 36.1361)
20190729805,10/03/2019 07:00:00 PM,2,0,0,,N,717341,11,Front to Rear,21,CLEAR,5,DUSK,12,MOTOR VEHICLE IN TRANSPORT,RICHARDS RD & ARTELIA DR,ANTIOCH,TN,37013,8899,SOUTH,36.0443,-86.707,POINT (-86.707 36.0443)
20190863836,11/30/2019 09:11:00 PM,1,0,0,Y,Y,320585,0,NOT COLLISION W/MOTOR VEHICLE-TRANSPORT,2,RAIN,3,DARK - LIGHTED,18,OTHER OBJECT (NOT FIXED),MUNN RD & LEBANON PKE,NASHVILLE,TN,37214,9311,HERMIT,36.1688,-86.657,POINT (-86.657 36.1688)
20190609373,08/15/2019 05:29:00 PM,2,0,0,,N,330412,11,Front to Rear,21,CLEAR,1,DAYLIGHT,12,MOTOR VEHICLE IN TRANSPORT,HEAD DR & OLD HICKORY BLVDW,MADISON,TN,37115,1777,MADISO,36.2642,-86.7339,POINT (-86.7339 36.2642)
20190826063,11/14/2019 05:54:00 AM,3,0,0,,Y,414668,11,Front to Rear,21,CLEAR,1,DAYLIGHT,12,MOTOR VEHICLE IN TRANSPORT,MM 86 6 I 65,NASHVILLE,TN,37207,3002,NORTH,36.1959,-86.7761,POINT (-86.7761 36.1959)
20190590711,08/08/2019 04:55:00 PM,2,1,0,,N,320581,11,Front to Rear,21,CLEAR,1,DAYLIGHT,12,MOTOR VEHICLE IN TRANSPORT,MM 207 9 I 40,NASHVILLE,TN,37208,54022,NORTH,36.1693,-86.7972,POINT (-86.7972 36.1693)
20190810570,11/07/2019 02:06:00 PM,2,0,0,,Y,468160,4,ANGLE,2,RAIN,1,DAYLIGHT,12,MOTOR VEHICLE IN TRANSPORT,I24 E ENT RAMP & I 24,NASHVILLE,TN,37213,1007,CENTRA,36.1662,-86.7659,POINT (-86.7659 36.1662)
20190645320,08/29/2019 03:15:00 PM,2,0,0,,N,352172,11,Front to Rear,,,1,DAYLIGHT,12,MOTOR VEHICLE IN TRANSPORT,RIVER ROAD PKE & RIVER ROAD PKE PVTDR,NASHVILLE,TN,37209,4705,WEST,36.2021,-86.9796,POINT (-86.9796 36.2021)
20190756731,10/15/2019 03:33:00 PM,2,0,0,,N,240983,4,ANGLE,21,CLEAR,1,DAYLIGHT,12,MOTOR VEHICLE IN TRANSPORT,BELL RD & ARBOR COMMON,ANTIOCH,TN,37013,8753,SOUTH,36.0449,-86.6684,POINT (-86.6684 36.0449)
20190690597,09/17/2019 01:54:00 PM,2,0,0,,N,169425,4,ANGLE,21,CLEAR,1,DAYLIGHT,12,MOTOR VEHICLE IN TRANSPORT,FRANKLIN PIKE CIR & OLD HICKORY BLVD,BRENTWOOD,TN,37027,8619,MIDTOW,36.0412,-86.7795,POINT (-86.7795 36.0412)
20190585141,08/06/2019 06:32:00 PM,2,1,0,,N,311327,11,Front to Rear,21,CLEAR,1,DAYLIGHT,12,MOTOR VEHICLE IN TRANSPORT,MM 48 6 I 24,NASHVILLE,TN,37206,1102,EAST,36.171,-86.7676,POINT (-86.7676 36.171)
20190671178,09/09/2019 03:29:00 PM,2,2,0,,N,256380,4,ANGLE,21,CLEAR,1,DAYLIGHT,12,MOTOR VEHICLE IN TRANSPORT,BUENA VISTA PKE & EAST LN,NASHVILLE,TN,37218,3101,NORTH,36.2012,-86.8224,POINT (-86.8224 36.2012)
20190885494,12/10/2019 05:54:00 AM,3,1,0,,N,256492,4,ANGLE,2,RAIN,3,DARK - LIGHTED,12,MOTOR VEHICLE IN TRANSPORT,MM 211 8 I 40,NASHVILLE,TN,37210,90022,HERMIT,36.149,-86.7465,POINT (-86.7465 36.149)
20190737992,10/07/2019 06:15:00 PM,2,0,0,,N,717341,4,ANGLE,22,CLOUDY,1,DAYLIGHT,12,MOTOR VEHICLE IN TRANSPORT,NOLENSVILLE PKE & TAYLOR RD,NASHVILLE,TN,37211,8701,SOUTH,36.0692,-86.7203,POINT (-86.7203 36.0692)
20190849588,11/24/2019 12:00:00 AM,2,0,0,,Y,352188,11,Front to Rear,21,CLEAR,2,DARK - NOT LIGHTED,12;99,MOTOR VEHICLE IN TRANSPORT;UNKNOWN MOST HARMFUL EVENT,I24 E ENT RAMP & I 24,NASHVILLE,TN,37213,1007,CENTRA,36.1662,-86.7659,POINT (-86.7659 36.1662)
20190611943,08/16/2019 05:51:00 PM,1,1,0,,N,256380,0,NOT COLLISION W/MOTOR VEHICLE-TRANSPORT,21,CLEAR,1,DAYLIGHT,1,,BUENA VISTA PKE & TUCKER RD,NASHVILLE,TN,37218,3103,NORTH,36.2046,-86.8214,POINT (-86.8214 36.2046)
20190786679,10/28/2019 06:10:00 PM,1,0,0,Y,N,433550,0,NOT COLLISION W/MOTOR VEHICLE-TRANSPORT,21,CLEAR,2,DARK - NOT LIGHTED,50,DEER (ANIMAL),EARHART RD & CENTRAL PKE,HERMITAGE,TN,37076,9541,HERMIT,36.1701,-86.5709,POINT (-86.5709 36.1701)
20190770090,10/21/2019 12:00:00 PM,2,1,0,,N,226622,11,Front to Rear,2,RAIN,1,DAYLIGHT,12,MOTOR VEHICLE IN TRANSPORT,CHARLOTTE PKE & SUMMERLY DR,NASHVILLE,TN,37209,5021,WEST,36.1378,-86.8822,POINT (-86.8822 36.1378)
20190794340,10/31/2019 06:05:00 PM,3,0,0,,N,352184,11,Front to Rear,22,CLOUDY,3,DARK - LIGHTED,12,MOTOR VEHICLE IN TRANSPORT,ELLINGTON PKWYS & ELLINGTON PKWYN,NASHVILLE,TN,37207,1995,EAST,36.1758,-86.7666,POINT (-86.7666 36.1758)
20190659753,09/04/2019 11:47:00 AM,2,0,0,,Y,352159,6,SIDESWIPE - OPPOSITE DIRECTION,21,CLEAR,1,DAYLIGHT,14,PARKED MOTOR VEHICLE,N 12TH ST & EASTLAND AV,NASHVILLE,TN,37206,1243,EAST,36.1835,-86.7468,POINT (-86.7468 36.1835)
20190664931,09/06/2019 04:00:00 PM,2,2,0,,N,714641,11,Front to Rear,21,CLEAR,1,DAYLIGHT,12,MOTOR VEHICLE IN TRANSPORT,BROADWAY & 11TH AVN,NASHVILLE,TN,37203,4077,CENTRA,36.1574,-86.7856,POINT (-86.7856 36.1574)
20190833687,11/17/2019 04:00:00 PM,2,0,0,,N,352168,11,Front to Rear,21,CLEAR,1,DAYLIGHT,12,MOTOR VEHICLE IN TRANSPORT,THOMPSON LN & NOLENSVILLE PKE,NASHVILLE,TN,37211,8519,MIDTOW,36.1109,-86.7452,POINT (-86.7452 36.1109)
20190837748,11/19/2019 08:50:00 AM,2,0,0,,N,109534,5,SIDESWIPE - SAME DIRECTION,22,CLOUDY,1,DAYLIGHT,12,MOTOR VEHICLE IN TRANSPORT,HERMITAGE AV & FAIRFIELD AV,NASHVILLE,TN,37210,9005,HERMIT,36.1539,-86.7564,POINT (-86.7564 36.1539)
20190598252,08/11/2019 03:26:00 PM,1,1,0,,N,299266,0,NOT COLLISION W/MOTOR VEHICLE-TRANSPORT,21,CLEAR,1,DAYLIGHT,8,PEDESTRIAN,CLAPHAM RD & SPLIT OAK TRL,ANTIOCH,TN,37013,8891,SOUTH,36.0762,-86.6541,POINT (-86.6541 36.0762)
20190632010,08/24/2019 02:00:00 AM,2,1,0,,N,279216,4,ANGLE,21,CLEAR,3,DARK - LIGHTED,12,MOTOR VEHICLE IN TRANSPORT,W TRINITY LN & WHITES CREEK PKE,NASHVILLE,TN,37207,3009,NORTH,36.207,-86.7916,POINT (-86.7916 36.207)
20190654453,09/02/2019 09:16:00 AM,2,0,0,,N,109534,5,SIDESWIPE - SAME DIRECTION,21,CLEAR,1,DAYLIGHT,12,MOTOR VEHICLE IN TRANSPORT,THE CROSSINGS PVTDR & LEBANON PKE,NASHVILLE,TN,37214,9203,HERMIT,36.1688,-86.6854,POINT (-86.6854 36.1688)
20190863955,11/30/2019 10:40:00 PM,2,2,0,,N,212336,4,ANGLE,2,RAIN,3,DARK - LIGHTED,12,MOTOR VEHICLE IN TRANSPORT,BROADMOOR DR & SAUNDERS AV,NASHVILLE,TN,37216,1841,EAST,36.2297,-86.7325,POINT (-86.7325 36.2297)
20190888711,12/11/2019 10:02:00 AM,4,0,0,,N,405447,11,Front to Rear,21,CLEAR,1,DAYLIGHT,12,MOTOR VEHICLE IN TRANSPORT,OLD HICKORY BLVD & I65 N EXT RAMP,BRENTWOOD,TN,37027,8623,MIDTOW,36.0399,-86.781,POINT (-86.781 36.0399)
20190808720,11/06/2019 07:17:00 PM,1,0,0,,N,256383,0,NOT COLLISION W/MOTOR VEHICLE-TRANSPORT,22,CLOUDY,2,DARK - NOT LIGHTED,50,DEER (ANIMAL),PETTUS RD & OLD HICKORY BLVD,ANTIOCH,TN,37013,8763,SOUTH,36.0269,-86.6808,POINT (-86.6808 36.0269)
20190644356,08/29/2019 08:07:00 AM,2,0,0,,N,298864,6,SIDESWIPE - OPPOSITE DIRECTION,21,CLEAR,1,DAYLIGHT,12,MOTOR VEHICLE IN TRANSPORT,FREDA VILLA & S GRAYCROFT AV,MADISON,TN,37115,1799,MADISO,36.2465,-86.7355,POINT (-86.7355 36.2465)
20190829481,11/15/2019 03:06:00 PM,2,0,0,,N,256389,4,ANGLE,21,CLEAR,1,DAYLIGHT,12,MOTOR VEHICLE IN TRANSPORT,LOUISE AV & ELLISTON PL,NASHVILLE,TN,37203,5601,MIDTOW,36.1509,-86.8046,POINT (-86.8046 36.1509)
20190821002,11/12/2019 07:50:00 AM,2,0,0,,N,402660,5,SIDESWIPE - SAME DIRECTION,21,CLEAR,1,DAYLIGHT,12,MOTOR VEHICLE IN TRANSPORT,WEST END AV & I440 E ENT RAMP,NASHVILLE,TN,37205,6007,WEST,36.1364,-86.822,POINT (-86.822 36.1364)
20190609554,08/15/2019 07:20:00 PM,4,2,0,,N,161948,5,SIDESWIPE - SAME DIRECTION,21,CLEAR,5,DUSK,1;12;36;71,MOTOR VEHICLE IN TRANSPORT;CONCRETE TRAFFIC BARRIER;EMBANKMENT EARTH,BRILEY PKWYS & BRILEY PKWY S ENT RAMP,NASHVILLE,TN,37211,88962,SOUTH,36.1103,-86.7197,POINT (-86.7197 36.1103)
20190660429,09/04/2019 12:00:00 AM,2,0,0,,N,279200,5,SIDESWIPE - SAME DIRECTION,21,CLEAR,3,DARK - LIGHTED,12,MOTOR VEHICLE IN TRANSPORT,CHARLOTTE AV & 5TH AVN,NASHVILLE,TN,37219,4203,CENTRA,36.1659,-86.7819,POINT (-86.7819 36.1659)
20190621952,08/20/2019 03:30:00 PM,2,0,0,,N,717341,4,ANGLE,22,CLOUDY,1,DAYLIGHT,12,MOTOR VEHICLE IN TRANSPORT,BILLINGSGATE RD & UNA ANTIOCH PKE,NASHVILLE,TN,37217,8853,SOUTH,36.075,-86.6626,POINT (-86.6626 36.075)
20190714330,09/27/2019 06:44:00 AM,2,2,0,,N,352202,11,Front to Rear,21,CLEAR,1,DAYLIGHT,12,MOTOR VEHICLE IN TRANSPORT,MM 49 5 I 24,NASHVILLE,TN,37210,4008,CENTRA,36.1588,-86.7604,POINT (-86.7604 36.1588)
20190886048,12/10/2019 10:27:00 AM,2,1,0,,N,109534,11,Front to Rear,3,"SLEET, HAIL",1,DAYLIGHT,12,MOTOR VEHICLE IN TRANSPORT,OLD HICKORY BLVD & CENTRAL PKE,HERMITAGE,TN,37076,9557,HERMIT,36.1676,-86.7787,POINT (-86.7787 36.1676)
20190655284,09/02/2019 06:26:00 PM,2,3,0,,N,151132,4,ANGLE,21,CLEAR,1,DAYLIGHT,12,MOTOR VEHICLE IN TRANSPORT,ANDERSON LN & SNOW AV,MADISON,TN,37115,1727,MADISO,36.2729,-86.6992,POINT (-86.6992 36.2729)
20190813565,11/08/2019 06:10:00 PM,1,0,0,,N,256448,0,NOT COLLISION W/MOTOR VEHICLE-TRANSPORT,21,CLEAR,3,DARK - LIGHTED,50,DEER (ANIMAL),ROBINSON RD & ROBINSON RD EXT RAMP,OLD HICKORY,TN,37138,9611,HERMIT,36.262,-86.6613,POINT (-86.6613 36.262)
20190894859,12/13/2019 05:33:00 PM,2,0,0,,Y,256386,5,SIDESWIPE - SAME DIRECTION,2,RAIN,3,DARK - LIGHTED,12,MOTOR VEHICLE IN TRANSPORT,MURFREESBORO PKE & DONELSON PKE,NASHVILLE,TN,37217,8841,SOUTH,36.1062,-86.6731,POINT (-86.6731 36.1062)
20190828671,11/15/2019 07:55:00 AM,3,1,0,,N,352179,11,Front to Rear,21,CLEAR,1,DAYLIGHT,12,MOTOR VEHICLE IN TRANSPORT,STATE HWY 155 & EXIT 90B,MADISON,TN,37115,20143,MADISO,36.2413,-86.7559,POINT (-86.7559 36.2413)
20190914073,12/22/2019 10:51:00 AM,1,0,0,,N,109534,0,NOT COLLISION W/MOTOR VEHICLE-TRANSPORT,22,CLOUDY,1,DAYLIGHT,50,DEER (ANIMAL),LEBANON PKE & DONELSONWOOD DR,NASHVILLE,TN,37214,9401,HERMIT,36.1675,-86.6595,POINT (-86.6595 36.1675)
20190639025,08/27/2019 07:30:00 AM,2,0,0,,N,493304,6,SIDESWIPE - OPPOSITE DIRECTION,22,CLOUDY,1,DAYLIGHT,12,MOTOR VEHICLE IN TRANSPORT,E OLD HICKORY BLVD & RIO VISTA DR,MADISON,TN,37115,1635,MADISO,36.2624,-86.6811,POINT (-86.6811 36.2624)
20190674160,09/10/2019 07:39:00 PM,3,0,0,,N,212330,5,SIDESWIPE - SAME DIRECTION,22,CLOUDY,3,DARK - LIGHTED,12,MOTOR VEHICLE IN TRANSPORT,MM 55 0 I 24,NASHVILLE,TN,37211,8812,SOUTH,36.0948,-86.7069,POINT (-86.7069 36.0948)
20190673118,09/10/2019 11:13:00 AM,2,0,0,,N,191578,5,SIDESWIPE - SAME DIRECTION,21,CLEAR,1,DAYLIGHT,12,MOTOR VEHICLE IN TRANSPORT,MM 212 3 I 40,NASHVILLE,TN,37210,8206,HERMIT,36.1447,-86.7399,POINT (-86.7399 36.1447)
20190863992,11/30/2019 10:33:00 PM,1,0,0,,N,240955,0,NOT COLLISION W/MOTOR VEHICLE-TRANSPORT,2,RAIN,2,DARK - NOT LIGHTED,24,GUARDRAIL FACE,MM 58 5 I 24,ANTIOCH,TN,37013,87061,SOUTH,36.0527,-86.6719,POINT (-86.6719 36.0527)
20190590507,08/08/2019 03:50:00 PM,1,2,0,,N,256417,0,NOT COLLISION W/MOTOR VEHICLE-TRANSPORT,21,CLEAR,1,DAYLIGHT,7,,MM 221 5 I 40,HERMITAGE,TN,37076,95020,HERMIT,36.1698,-86.5879,POINT (-86.5879 36.1698)
20190772104,10/22/2019 08:38:00 AM,2,0,0,,N,279110,11,Front to Rear,21,CLEAR,1,DAYLIGHT,12,MOTOR VEHICLE IN TRANSPORT,NOLENSVILLE PKE & THUSS AV,NASHVILLE,TN,37211,8427,SOUTH,36.1027,-86.741,POINT (-86.741 36.1027)
20190892324,12/12/2019 05:35:00 PM,2,2,0,,N,717341,4,ANGLE,21,CLEAR,3,DARK - LIGHTED,12,MOTOR VEHICLE IN TRANSPORT,CITATION DR & EZELL PKE,NASHVILLE,TN,37217,8849,SOUTH,36.1005,-86.6723,POINT (-86.6723 36.1005)
20190824902,11/13/2019 05:40:00 PM,4,0,0,,N,717341,11,Front to Rear,21,CLEAR,5,DUSK,12,MOTOR VEHICLE IN TRANSPORT,MM 59 7 I 24,ANTIOCH,TN,37013,88060,SOUTH,36.0428,-86.6545,POINT (-86.6545 36.0428)
20190736086,10/06/2019 04:56:00 PM,2,0,0,,N,887598,5,SIDESWIPE - SAME DIRECTION,2,RAIN,1,DAYLIGHT,12,MOTOR VEHICLE IN TRANSPORT,MM 87 6 I 65,NASHVILLE,TN,37207,1804,EAST,36.2107,-86.7758,POINT (-86.7758 36.2107)
20190852921,11/25/2019 04:41:00 PM,2,2,0,,N,420040,11,Front to Rear,22,CLOUDY,5,DUSK,12,MOTOR VEHICLE IN TRANSPORT,MM 1 7 I 440,NASHVILLE,TN,37209,5312,NORTH,36.1536,-86.8226,POINT (-86.8226 36.1536)
20190623662,08/21/2019 06:47:00 AM,3,0,0,,N,191578,4,ANGLE,21,CLEAR,1,DAYLIGHT,12;14,MOTOR VEHICLE IN TRANSPORT;PARKED MOTOR VEHICLE,CARROLL ST & UNIVERSITY CT,NASHVILLE,TN,37210,8201,HERMIT,36.1531,-86.763,POINT (-86.763 36.1531)
20190780669,10/25/2019 06:47:00 PM,3,0,0,,Y,163667,11,Front to Rear,2,RAIN,3,DARK - LIGHTED,12,MOTOR VEHICLE IN TRANSPORT,SIDCO DR & NORRIS AV,NASHVILLE,TN,37204,8523,MIDTOW,36.1059,-86.7559,POINT (-86.7559 36.1059)
20190848378,11/23/2019 12:34:00 PM,2,0,0,,Y,311325,5,SIDESWIPE - SAME DIRECTION,2,RAIN,1,DAYLIGHT,12,MOTOR VEHICLE IN TRANSPORT,MCGAVOCK PIKE & -UNKNOWN RAMP/ROAD -,NASHVILLE,TN,37214,9288,HERMIT,36.2169,-86.6937,POINT (-86.6937 36.2169)
20190684069,09/14/2019 01:17:00 PM,2,0,0,,N,256448,4,ANGLE,21,CLEAR,1,DAYLIGHT,12,MOTOR VEHICLE IN TRANSPORT,LEBANON PKE & ANDREW JACKSON PKWY,HERMITAGE,TN,37076,9537,HERMIT,36.2151,-86.5962,POINT (-86.5962 36.2151)
20190767238,10/20/2019 12:35:00 AM,1,0,0,,N,299248,0,NOT COLLISION W/MOTOR VEHICLE-TRANSPORT,2,RAIN,3,DARK - LIGHTED,1,,HICKORY HOLLOW PKWY & MT VIEW RD,ANTIOCH,TN,37013,8861,SOUTH,36.0588,-86.6704,POINT (-86.6704 36.0588)
20190673474,09/10/2019 01:39:00 PM,1,0,0,Y,N,299247,0,NOT COLLISION W/MOTOR VEHICLE-TRANSPORT,21,CLEAR,1,DAYLIGHT,75,Bridge/Overhead Structure,MM 212 9 I 40,NASHVILLE,TN,37210,82061,HERMIT,36.1404,-86.7312,POINT (-86.7312 36.1404)
20190741824,10/09/2019 08:35:00 AM,2,0,0,,Y,169421,11,Front to Rear,21,CLEAR,1,DAYLIGHT,12;29,MOTOR VEHICLE IN TRANSPORT;LUMINAIRE/LIGHT SUPPORT,MM 207 1 I 40,NASHVILLE,TN,37208,54020,NORTH,36.1698,-86.8093,POINT (-86.8093 36.1698)
20190733544,10/05/2019 10:40:00 AM,3,1,0,,Y,402660,11,Front to Rear,21,CLEAR,1,DAYLIGHT,12,MOTOR VEHICLE IN TRANSPORT,WHITE BRIDGE PKE & BURGESS AV,NASHVILLE,TN,37209,5025,WEST,36.1446,-86.8579,POINT (-86.8579 36.1446)
20190845944,11/22/2019 11:38:00 AM,2,0,0,,N,834798,4,ANGLE,2,RAIN,1,DAYLIGHT,12,MOTOR VEHICLE IN TRANSPORT,WEDGEWOOD AV & 17TH AVS,NASHVILLE,TN,37212,6611,MIDTOW,36.1369,-86.7958,POINT (-86.7958 36.1369)
20190668531,09/08/2019 09:00:00 AM,2,0,0,,N,225886,5,SIDESWIPE - SAME DIRECTION,21,CLEAR,1,DAYLIGHT,12,MOTOR VEHICLE IN TRANSPORT,ROBINSON RD & MERRITT ST,OLD HICKORY,TN,37138,9619,HERMIT,36.2556,-86.6536,POINT (-86.6536 36.2556)
20190709181,09/25/2019 06:28:00 AM,3,0,0,,Y,191578,11,Front to Rear,21,CLEAR,1,DAYLIGHT,12,MOTOR VEHICLE IN TRANSPORT,MM 212 1 I 40,NASHVILLE,TN,37210,90041,HERMIT,36.1463,-86.7422,POINT (-86.7422 36.1463)
20190838116,11/19/2019 12:00:00 PM,2,0,0,,N,235761,11,Front to Rear,21,CLEAR,1,DAYLIGHT,12,MOTOR VEHICLE IN TRANSPORT,I440 W EXT RAMP & I 440,NASHVILLE,TN,37210,8101,SOUTH,36.1239,-86.7486,POINT (-86.7486 36.1239)
20190869683,12/03/2019 01:13:00 PM,2,0,0,,N,191578,11,Front to Rear,21,CLEAR,1,DAYLIGHT,12,MOTOR VEHICLE IN TRANSPORT,BRILEY PKWYN & BRILEY PKWYS,NASHVILLE,TN,37211,8404,SOUTH,36.1092,-86.727,POINT (-86.727 36.1092)
20190651950,09/01/2019 12:00:00 AM,1,0,0,Y,Y,330441,0,NOT COLLISION W/MOTOR VEHICLE-TRANSPORT,21,CLEAR,9,UNKNOWN,30;99,UTILITY POLE;UNKNOWN MOST HARMFUL EVENT,ARMORY DR & ARMORY OAKS DR,NASHVILLE,TN,37204,8527,MIDTOW,36.1024,-86.7592,POINT (-86.7592 36.1024)
20190793045,10/31/2019 05:44:00 AM,1,1,0,,N,197053,0,NOT COLLISION W/MOTOR VEHICLE-TRANSPORT,2,RAIN,3,DARK - LIGHTED,8,PEDESTRIAN,3500 HARRISON ST,NASHVILLE,TN,37211,8513,MIDTOW,36.0986,-86.7389,POINT (-86.7389 36.0986)
20190810145,11/07/2019 10:02:00 AM,2,0,0,,N,676834,4,ANGLE,2,RAIN,1,DAYLIGHT,12,MOTOR VEHICLE IN TRANSPORT,MOORMANS ARM RD & BOATNER DR,NASHVILLE,TN,37207,3015,NORTH,36.2151,-86.8167,POINT (-86.8167 36.2151)
20190805946,11/05/2019 06:03:00 PM,2,0,0,,N,134871,11,Front to Rear,21,CLEAR,3,DARK - LIGHTED,12,MOTOR VEHICLE IN TRANSPORT,MM 209 3 I 40,NASHVILLE,TN,37203,40041,CENTRA,36.1537,-86.7878,POINT (-86.7878 36.1537)
20190640749,08/27/2019 09:49:00 PM,2,2,0,,Y,256383,11,Front to Rear,21,CLEAR,3,DARK - LIGHTED,12,MOTOR VEHICLE IN TRANSPORT,PARAGON MILLS RD & BENITA DR,NASHVILLE,TN,37211,8419,SOUTH,36.0886,-86.7171,POINT (-86.7171 36.0886)
20190813206,11/08/2019 04:20:00 PM,1,1,0,,N,330443,0,NOT COLLISION W/MOTOR VEHICLE-TRANSPORT,21,CLEAR,1,DAYLIGHT,8,PEDESTRIAN,WELWORTH ST & FLORENCE AV,MADISON,TN,37115,1717,MADISO,36.282,-86.7056,POINT (-86.7056 36.282)
20190699374,09/20/2019 08:46:00 PM,2,0,0,,Y,330444,11,Front to Rear,21,CLEAR,2,DARK - NOT LIGHTED,12,MOTOR VEHICLE IN TRANSPORT,MM 84 9 I 65,NASHVILLE,TN,37208,44040,NORTH,36.1782,-86.8009,POINT (-86.8009 36.1782)
20190797021,11/01/2019 06:47:00 PM,2,0,0,,N,279233,5,SIDESWIPE - SAME DIRECTION,21,CLEAR,3,DARK - LIGHTED,12,MOTOR VEHICLE IN TRANSPORT,US HWY 70 & MARCIA AVE,NASHVILLE,TN,37209,5027,WEST,36.1467,-86.87,POINT (-86.87 36.1467)
20190844200,11/21/2019 06:20:00 PM,3,0,0,,N,352177,5,SIDESWIPE - SAME DIRECTION,21,CLEAR,3,DARK - LIGHTED,12,MOTOR VEHICLE IN TRANSPORT,WOODMONT BLVD & REVERE PK,NASHVILLE,TN,37205,6101,WEST,36.1193,-86.8424,POINT (-86.8424 36.1193)