Accident Number,Date and Time,Number of Motor Vehicles,Number of Injuries,Number of Fatalities,Property Damage,Hit and Run,Reporting Officer,Collision Type Code,Collision Type Description,Weather Code,Weather Description,Illumination Code,Illumination Description,Harmful Code,Harmful Code Description,Street Address,City,State,ZIP,RPA,Precinct,Latitude,Longitude,Mapped Location
20190587788,08/07/2019 05:20:00 PM,2,1,0,,N,299241,4,ANGLE,21,CLEAR,1,DAYLIGHT,55,Motor Vehicle-In-Motion Outside Trafficw,ANDREW JACKSON PKWY & LEBANON PKE,HERMITAGE,TN,37076,9537,HERMIT,36.2146,-86.5977,POINT (-86.5977 36.2146)
20190581935,08/05/2019 01:30:00 PM,2,0,0,,N,580819,11,Front to Rear,22,CLOUDY,1,DAYLIGHT,12,MOTOR VEHICLE IN TRANSPORT,SPRING ST & N 1ST ST,NASHVILLE,TN,37213,1985,CENTRA,36.177,-86.7746,POINT (-86.7746 36.177)
20190630459,08/23/2019 02:40:00 PM,2,0,0,,N,256383,5,SIDESWIPE - SAME DIRECTION,21,CLEAR,1,DAYLIGHT,12,MOTOR VEHICLE IN TRANSPORT,I40 E EXT RAMP & I 40,NASHVILLE,TN,37214,8955,HERMIT,36.155,-86.6271,POINT (-86.6271 36.155)
20190924171,12/27/2019 05:01:00 PM,1,1,0,Y,N,256423,0,NOT COLLISION W/MOTOR VEHICLE-TRANSPORT,21,CLEAR,1,DAYLIGHT,42;43,TREE;OTHER FIXED OBJECTS,EATONS CREEK RD & KINGS LN,NASHVILLE,TN,37218,3127,NORTH,36.2155,-86.8648,POINT (-86.8648 36.2155)
20190619852,08/19/2019 09:40:00 PM,2,0,0,,N,299270,4,ANGLE,21,CLEAR,3,DARK - LIGHTED,12,MOTOR VEHICLE IN TRANSPORT,CHARLOTTE AV & MCMILLIN ST,NASHVILLE,TN,37203,5425,NORTH,36.1597,-86.7962,POINT (-86.7962 36.1597)
20190735484,10/06/2019 10:53:00 AM,3,0,0,,Y,311804,4,ANGLE,2,RAIN,1,DAYLIGHT,12,MOTOR VEHICLE IN TRANSPORT,MM 208 2 I 40,NASHVILLE,TN,37208,54023,NORTH,36.1681,-86.7964,POINT (-86.7964 36.1681)
20190857347,11/27/2019 11:37:00 AM,2,0,0,,Y,191578,4,ANGLE,21,CLEAR,1,DAYLIGHT,12,MOTOR VEHICLE IN TRANSPORT,LEBANON PKE & BONNABROOK DR,HERMITAGE,TN,37076,9531,HERMIT,36.1917,-86.6248,POINT (-86.6248 36.1917)
20190807276,11/06/2019 07:10:00 AM,2,0,0,,N,716886,4,ANGLE,21,CLEAR,1,DAYLIGHT,12,MOTOR VEHICLE IN TRANSPORT,NOLENSVILLE PKE & BRENTWOOD EAST DR,NASHVILLE,TN,37211,8651,MIDTOW,36.0442,-86.7131,POINT (-86.7131 36.0442)
20190909825,12/20/2019 07:17:00 AM,2,0,0,,N,134899,11,Front to Rear,21,CLEAR,1,DAYLIGHT,12,MOTOR VEHICLE IN TRANSPORT,OLD HICKORY BLVD & FRIST BLVD,HERMITAGE,TN,37076,9561,HERMIT,36.1776,-86.6059,POINT (-86.6059 36.1776)
20190715062,09/27/2019 12:35:00 PM,2,0,0,,Y,140808,11,Front to Rear,21,CLEAR,1,DAYLIGHT,12,MOTOR VEHICLE IN TRANSPORT,NOLENSVILLE PKE & PETTUS RD,ANTIOCH,TN,37013,8767,SOUTH,35.9955,-86.6879,POINT (-86.6879 35.9955)
20190775144,10/23/2019 12:15:00 PM,2,0,0,,N,834798,4,ANGLE,21,CLEAR,1,DAYLIGHT,12,MOTOR VEHICLE IN TRANSPORT,THOMPSON LN & KRAFT DR,NASHVILLE,TN,37204,8525,MIDTOW,36.1114,-86.758,POINT (-86.758 36.1114)
20190663980,09/06/2019 07:30:00 AM,2,0,0,,Y,676834,11,Front to Rear,21,CLEAR,1,DAYLIGHT,12,MOTOR VEHICLE IN TRANSPORT,BRILEY PKWYW & KNIGHT DR,WHITES CREEK,TN,37189,3204,NORTH,36.2345,-86.8052,POINT (-86.8052 36.2345)
20190923000,12/27/2019 12:00:00 AM,1,0,0,,N,299248,0,NOT COLLISION W/MOTOR VEHICLE-TRANSPORT,21,CLEAR,3,DARK - LIGHTED,39,WALL,MURFREESBORO PKE & AIR FREIGHT BLVD,NASHVILLE,TN,37217,8841,SOUTH,36.1102,-86.6825,POINT (-86.6825 36.1102)
20190647912,08/30/2019 03:08:00 PM,2,1,0,,N,320585,11,Front to Rear,21,CLEAR,1,DAYLIGHT,12,MOTOR VEHICLE IN TRANSPORT,CENTRAL PKE & OLD HICKORY BLVD,HERMITAGE,TN,37076,9557,HERMIT,36.1736,-86.6021,POINT (-86.6021 36.1736)
20190616359,08/18/2019 03:40:00 PM,2,0,0,,N,240960,4,ANGLE,21,CLEAR,1,DAYLIGHT,12,MOTOR VEHICLE IN TRANSPORT,PORTER RD & SHERWOOD LN,NASHVILLE,TN,37206,1369,EAST,36.1956,-86.7219,POINT (-86.7219 36.1956)
20190770628,10/21/2019 05:00:00 PM,2,0,0,,N,109536,11,Front to Rear,2,RAIN,1,DAYLIGHT,12,MOTOR VEHICLE IN TRANSPORT,OLD HICKORY BLVDW & KEMPER DRN,MADISON,TN,37115,2039,MADISO,36.2677,-86.7481,POINT (-86.7481 36.2677)
20190732105,10/04/2019 05:42:00 PM,1,0,0,Y,Y,717341,0,NOT COLLISION W/MOTOR VEHICLE-TRANSPORT,21,CLEAR,1,DAYLIGHT,18;38,OTHER OBJECT (NOT FIXED);FENCE,BELL RD & CEDAR POINTE PKWY,ANTIOCH,TN,37013,8753,SOUTH,36.0449,-86.6671,POINT (-86.6671 36.0449)
20190624320,08/21/2019 11:24:00 AM,2,0,0,,N,109534,11,Front to Rear,21,CLEAR,1,DAYLIGHT,12,MOTOR VEHICLE IN TRANSPORT,I40 W ENT RAMP & I 40,NASHVILLE,TN,37210,9007,HERMIT,36.1484,-86.7454,POINT (-86.7454 36.1484)
20190888502,12/11/2019 08:26:00 AM,2,1,0,,N,462474,11,Front to Rear,21,CLEAR,1,DAYLIGHT,12,MOTOR VEHICLE IN TRANSPORT,OLD HICKORY BLVD & BRENTWOOD CHASE DR,BRENTWOOD,TN,37027,8621,MIDTOW,36.0402,-86.7523,POINT (-86.7523 36.0402)
20190879976,12/07/2019 03:57:00 PM,2,2,0,,N,352197,11,Front to Rear,21,CLEAR,1,DAYLIGHT,12,MOTOR VEHICLE IN TRANSPORT,HOBSON PKE & WINDCREST TRL,ANTIOCH,TN,37013,8907,SOUTH,36.0619,-86.594,POINT (-86.594 36.0619)
20190723514,10/01/2019 08:51:00 AM,3,0,0,,N,352179,98,OTHER,21,CLEAR,1,DAYLIGHT,12,MOTOR VEHICLE IN TRANSPORT,3RD AVS & DEMONBREUN ST,NASHVILLE,TN,37201,4065,CENTRA,36.16,-86.7747,POINT (-86.7747 36.16)
20190696814,09/19/2019 09:13:00 PM,2,0,0,,N,725756,11,Front to Rear,21,CLEAR,3,DARK - LIGHTED,12,MOTOR VEHICLE IN TRANSPORT,OLD HICKORY BLVD & HIGHWAY 70S,NASHVILLE,TN,37221,4901,WEST,36.0742,-86.9208,POINT (-86.9208 36.0742)
20190747965,10/11/2019 06:50:00 PM,4,1,0,,N,330427,11,Front to Rear,2,RAIN,2,DARK - NOT LIGHTED,12,MOTOR VEHICLE IN TRANSPORT,MM 36 9 I 24,WHITES CREEK,TN,37189,33180,NORTH,36.3167,-86.8347,POINT (-86.8347 36.3167)
20190770326,10/21/2019 02:24:00 PM,2,0,0,,N,716886,11,Front to Rear,2,RAIN,1,DAYLIGHT,12,MOTOR VEHICLE IN TRANSPORT,MM 56 6 I 24,NASHVILLE,TN,37211,8810,SOUTH,36.0742,-86.6927,POINT (-86.6927 36.0742)
20190841503,11/20/2019 04:55:00 PM,2,0,0,,Y,384403,4,ANGLE,21,CLEAR,5,DUSK,12;99,MOTOR VEHICLE IN TRANSPORT;UNKNOWN MOST HARMFUL EVENT,BRILEY PKWYN & BRILEY PKWYS,NASHVILLE,TN,37211,8404,SOUTH,36.1092,-86.727,POINT (-86.727 36.1092)
20190645782,08/29/2019 04:54:00 PM,2,1,0,,Y,240966,11,Front to Rear,21,CLEAR,1,DAYLIGHT,14,PARKED MOTOR VEHICLE,DICKERSON PKE & BROADMOOR DR,NASHVILLE,TN,37207,1811,EAST,36.2294,-86.7593,POINT (-86.7593 36.2294)
20190744206,10/10/2019 07:01:00 AM,2,0,0,,N,352179,11,Front to Rear,21,CLEAR,1,DAYLIGHT,12,MOTOR VEHICLE IN TRANSPORT,BRICK CHURCH PIKE & BRICK CHURCH LN,NASHVILLE,TN,37207,2033,MADISO,36.2441,-86.7803,POINT (-86.7803 36.2441)
20190827654,11/14/2019 09:59:00 PM,2,1,0,,N,134871,11,Front to Rear,21,CLEAR,3,DARK - LIGHTED,12,MOTOR VEHICLE IN TRANSPORT,3RD AVN & JAMES ROBERTSON PKWY,NASHVILLE,TN,37201,4201,CENTRA,36.1674,-86.7797,POINT (-86.7797 36.1674)
20190747570,10/11/2019 03:05:00 PM,2,1,0,,N,279224,11,Front to Rear,22,CLOUDY,1,DAYLIGHT,12,MOTOR VEHICLE IN TRANSPORT,DOUGLAS AV & MCFERRIN AV,NASHVILLE,TN,37206,1903,EAST,36.1934,-86.7544,POINT (-86.7544 36.1934)
20190589680,08/08/2019 09:24:00 AM,2,0,0,,N,223502,5,SIDESWIPE - SAME DIRECTION,21,CLEAR,1,DAYLIGHT,12,MOTOR VEHICLE IN TRANSPORT,I24 E EXT RAMP & I 24,NASHVILLE,TN,37207,30080,NORTH,36.2378,-86.7872,POINT (-86.7872 36.2378)
20190678864,09/12/2019 01:55:00 PM,3,0,0,,N,716886,11,Front to Rear,21,CLEAR,1,DAYLIGHT,12,MOTOR VEHICLE IN TRANSPORT,MM 60 0 I 24,ANTIOCH,TN,37013,88060,SOUTH,36.0403,-86.6502,POINT (-86.6502 36.0403)
20190881455,12/08/2019 11:20:00 AM,2,1,0,,N,256428,11,Front to Rear,21,CLEAR,1,DAYLIGHT,12,MOTOR VEHICLE IN TRANSPORT,US HWY 431 & UNKNOWN RAMP,NASHVILLE,TN,37207,1863,EAST,36.206,-86.7744,POINT (-86.7744 36.206)
20190606292,08/14/2019 02:30:00 PM,3,0,0,,N,279214,4,ANGLE,21,CLEAR,1,DAYLIGHT,12,MOTOR VEHICLE IN TRANSPORT,HILLSBORO PKE & STOKES LN,NASHVILLE,TN,37215,6001,WEST,36.1199,-86.8086,POINT (-86.8086 36.1199)
20190884131,12/09/2019 04:41:00 PM,2,0,0,,N,352178,11,Front to Rear,21,CLEAR,1,DAYLIGHT,12,MOTOR VEHICLE IN TRANSPORT,MM 85 0 I 65,NASHVILLE,TN,37208,43021,NORTH,36.1799,-86.8005,POINT (-86.8005 36.1799)
20190739803,10/08/2019 12:40:00 PM,2,0,0,,Y,352177,5,SIDESWIPE - SAME DIRECTION,21,CLEAR,1,DAYLIGHT,12,MOTOR VEHICLE IN TRANSPORT,STATE HWY 254 & -UNKNOWN RAMP/ROAD -,ANTIOCH,TN,37013,8721,SOUTH,36.0448,-86.6611,POINT (-86.6611 36.0448)
20190931906,12/31/2019 01:15:00 PM,2,0,0,,N,226134,11,Front to Rear,22,CLOUDY,1,DAYLIGHT,12,MOTOR VEHICLE IN TRANSPORT,NOLENSVILLE PKE & BARNES RD,ANTIOCH,TN,37013,8757,SOUTH,36.0335,-86.713,POINT (-86.713 36.0335)
20190853067,11/25/2019 06:10:00 PM,2,1,0,,N,298867,6,SIDESWIPE - OPPOSITE DIRECTION,21,CLEAR,3,DARK - LIGHTED,12,MOTOR VEHICLE IN TRANSPORT,JAMES ROBERTSON PKWY & SPRING ST,NASHVILLE,TN,37206,1113,EAST,36.1728,-86.7653,POINT (-86.7653 36.1728)
20190827742,11/14/2019 06:47:00 AM,2,1,0,,Y,481573,11,Front to Rear,21,CLEAR,5,DUSK,12,MOTOR VEHICLE IN TRANSPORT,HUNTINGTON PKWY & TOBYLYNN DR,NASHVILLE,TN,37211,8653,MIDTOW,36.0468,-86.7261,POINT (-86.7261 36.0468)
20190669502,09/08/2019 10:47:00 PM,2,0,0,,Y,256382,5,SIDESWIPE - SAME DIRECTION,21,CLEAR,3,DARK - LIGHTED,12,MOTOR VEHICLE IN TRANSPORT,CLIFTON AVE & 34TH AVE N,NASHVILLE,TN,37209,4579,NORTH,36.1587,-86.8266,POINT (-86.8266 36.1587)
20190611772,08/16/2019 04:34:00 PM,1,0,0,,N,320585,0,NOT COLLISION W/MOTOR VEHICLE-TRANSPORT,21,CLEAR,1,DAYLIGHT,36,CONCRETE TRAFFIC BARRIER,I24E & I24 W ENT RAMP,NASHVILLE,TN,37210,82061,HERMIT,36.1386,-86.7273,POINT (-86.7273 36.1386)
20190776555,10/24/2019 02:26:00 AM,2,0,0,,Y,212342,4,ANGLE,21,CLEAR,3,DARK - LIGHTED,12,MOTOR VEHICLE IN TRANSPORT,800 STATE HWY 155,NASHVILLE,TN,37217,8825,HERMIT,36.1366,-86.6997,POINT (-86.6997 36.1366)
20190884495,12/09/2019 08:00:00 PM,2,0,0,,N,240968,2,HEAD-ON,2,RAIN,3,DARK - LIGHTED,12,MOTOR VEHICLE IN TRANSPORT,OLD LEBANON DIRT RD & OLD HICKORY BLVD,HERMITAGE,TN,37076,9507,HERMIT,36.1909,-86.6152,POINT (-86.6152 36.1909)
20190726140,10/02/2019 10:55:00 AM,2,0,0,,N,226622,4,ANGLE,21,CLEAR,1,DAYLIGHT,12,MOTOR VEHICLE IN TRANSPORT,SHARONDALE DR & WOODLAWN DR,NASHVILLE,TN,37215,6001,WEST,36.1251,-86.816,POINT (-86.816 36.1251)
20190703859,09/23/2019 05:56:00 AM,3,0,0,,N,256492,4,ANGLE,22,CLOUDY,1,DAYLIGHT,12,MOTOR VEHICLE IN TRANSPORT,MM 211 8 I 40,NASHVILLE,TN,37210,90022,HERMIT,36.149,-86.7465,POINT (-86.7465 36.149)
20190754233,10/14/2019 05:32:00 PM,2,0,0,,N,330440,11,Front to Rear,21,CLEAR,1,DAYLIGHT,12,MOTOR VEHICLE IN TRANSPORT,MM 208 8 I 40,NASHVILLE,TN,37203,4102,CENTRA,36.1597,-86.7923,POINT (-86.7923 36.1597)
20190699316,09/20/2019 05:15:00 PM,2,0,0,,N,256427,4,ANGLE,21,CLEAR,1,DAYLIGHT,12,MOTOR VEHICLE IN TRANSPORT,DONELSON PKE & ELM HILL PKE,NASHVILLE,TN,37214,9105,HERMIT,36.1676,-86.7787,POINT (-86.7787 36.1676)
20190706972,09/24/2019 09:51:00 AM,2,0,0,,N,591936,11,Front to Rear,21,CLEAR,1,DAYLIGHT,12,MOTOR VEHICLE IN TRANSPORT,MM 3 2 I 440,NASHVILLE,TN,37215,6422,MIDTOW,36.1177,-86.8005,POINT (-86.8005 36.1177)
20190907667,12/19/2019 11:12:00 AM,1,0,0,,N,384402,0,NOT COLLISION W/MOTOR VEHICLE-TRANSPORT,21,CLEAR,1,DAYLIGHT,24,GUARDRAIL FACE,MM 90 3 I 65,MADISON,TN,37115,20044,MADISO,36.2409,-86.7515,POINT (-86.7515 36.2409)
20190831512,11/16/2019 02:15:00 PM,4,1,0,,N,571328,4,ANGLE,21,CLEAR,1,DAYLIGHT,12,MOTOR VEHICLE IN TRANSPORT,GALLATIN PKE & MCGAVOCK PKE,NASHVILLE,TN,37216,1415,EAST,36.205,-86.7376,POINT (-86.7376 36.205)
20190596499,08/10/2019 08:00:00 PM,2,0,0,,N,279204,4,ANGLE,21,CLEAR,3,DARK - LIGHTED,12,MOTOR VEHICLE IN TRANSPORT,28TH AVN & MEHARRY BLVD,NASHVILLE,TN,37209,4559,NORTH,36.1666,-86.8204,POINT (-86.8204 36.1666)
20190790609,10/30/2019 05:20:00 AM,1,0,0,,N,320600,0,NOT COLLISION W/MOTOR VEHICLE-TRANSPORT,2,RAIN,3,DARK - LIGHTED,23,BRIDGE RAIL,MM 88 9 I 65,NASHVILLE,TN,37207,20021,MADISO,36.2296,-86.7719,POINT (-86.7719 36.2296)
20190664643,09/06/2019 01:19:00 PM,3,0,0,,Y,462474,11,Front to Rear,21,CLEAR,1,DAYLIGHT,12,MOTOR VEHICLE IN TRANSPORT,HARDING PL & DANBY DR,NASHVILLE,TN,37211,8607,MIDTOW,36.0786,-86.7452,POINT (-86.7452 36.0786)
20190733016,10/04/2019 11:35:00 PM,2,0,0,,N,311341,3,REAR-TO-REAR,21,CLEAR,3,DARK - LIGHTED,12;14,MOTOR VEHICLE IN TRANSPORT;PARKED MOTOR VEHICLE,PREMIER DR & THUNDERBIRD DR,NASHVILLE,TN,37209,5023,WEST,36.1438,-86.8814,POINT (-86.8814 36.1438)
20190825395,11/12/2019 02:00:00 PM,2,0,0,,Y,468098,5,SIDESWIPE - SAME DIRECTION,21,CLEAR,1,DAYLIGHT,14,PARKED MOTOR VEHICLE,COMROE RD & SHERMAN OAKS DR,NASHVILLE,TN,37211,8705,SOUTH,36.0811,-86.7078,POINT (-86.7078 36.0811)
20190914336,12/22/2019 03:00:00 PM,2,0,0,,N,352156,4,ANGLE,2,RAIN,1,DAYLIGHT,12,MOTOR VEHICLE IN TRANSPORT,MIMOSA DR & MCCALL ST,NASHVILLE,TN,37211,8413,SOUTH,36.0984,-86.7268,POINT (-86.7268 36.0984)
20190673897,09/10/2019 05:20:00 PM,2,0,0,,N,717341,4,ANGLE,2,RAIN,1,DAYLIGHT,12,MOTOR VEHICLE IN TRANSPORT,MASHBURN RD & GLENROSE AV,NASHVILLE,TN,37210,8335,SOUTH,36.1166,-86.7279,POINT (-86.7279 36.1166)
20190642075,08/28/2019 10:13:00 AM,2,0,0,,N,109515,5,SIDESWIPE - SAME DIRECTION,21,CLEAR,1,DAYLIGHT,12,MOTOR VEHICLE IN TRANSPORT,I65 S EXT RAMP & I 65,MADISON,TN,37115,20044,MADISO,36.2481,-86.743,POINT (-86.743 36.2481)
20190829714,11/15/2019 04:14:00 PM,2,0,0,,N,197070,11,Front to Rear,21,CLEAR,1,DAYLIGHT,12,MOTOR VEHICLE IN TRANSPORT,MM 1 5 I 440,NASHVILLE,TN,37209,5232,WEST,36.1508,-86.8228,POINT (-86.8228 36.1508)
20190814602,11/09/2019 07:49:00 AM,2,1,0,,Y,299249,11,Front to Rear,21,CLEAR,1,DAYLIGHT,12,MOTOR VEHICLE IN TRANSPORT,SHUTE LN & WILLOW BOUGH LN,OLD HICKORY,TN,37138,9717,HERMIT,36.231,-86.6111,POINT (-86.6111 36.231)
20190717925,09/28/2019 07:34:00 PM,3,0,0,,Y,330415,11,Front to Rear,21,CLEAR,3,DARK - LIGHTED,12,MOTOR VEHICLE IN TRANSPORT,0 I 40,NASHVILLE,TN,37210,9002,HERMIT,36.1532,-86.7556,POINT (-86.7556 36.1532)
20190594461,08/09/2019 10:26:00 PM,2,0,0,,Y,311327,5,SIDESWIPE - SAME DIRECTION,21,CLEAR,3,DARK - LIGHTED,55,Motor Vehicle-In-Motion Outside Trafficw,700 EASTLAND AV,NASHVILLE,TN,37206,1301,EAST,36.184,-86.7477,POINT (-86.7477 36.184)
20190905182,12/18/2019 11:05:00 AM,2,0,0,,Y,462474,4,ANGLE,22,CLOUDY,1,DAYLIGHT,12,MOTOR VEHICLE IN TRANSPORT,TROUSDALE DR & BLACKMAN RD,NASHVILLE,TN,37211,8603,MIDTOW,36.0391,-86.7437,POINT (-86.7437 36.0391)
20190728287,10/03/2019 07:17:00 AM,2,0,0,,N,716886,11,Front to Rear,21,CLEAR,1,DAYLIGHT,12,MOTOR VEHICLE IN TRANSPORT,BELL RD & HICKORY HOLLOW MALL PVTDR PL,ANTIOCH,TN,37013,8863,SOUTH,36.0493,-86.6517,POINT (-86.6517 36.0493)
20190693381,09/18/2019 02:10:00 PM,2,0,0,,N,109534,5,SIDESWIPE - SAME DIRECTION,21,CLEAR,1,DAYLIGHT,12,MOTOR VEHICLE IN TRANSPORT,MURFREESBORO PKE & BLANTON AV,NASHVILLE,TN,37210,8159,SOUTH,36.1386,-86.7315,POINT (-86.7315 36.1386)
20190854652,11/26/2019 09:49:00 AM,2,0,0,,N,665896,5,SIDESWIPE - SAME DIRECTION,22,CLOUDY,1,DAYLIGHT,12,MOTOR VEHICLE IN TRANSPORT,ELLINGTON PKWY & ELLINGTON PKWYS,NASHVILLE,TN,37207,1896,EAST,36.202,-86.7511,POINT (-86.7511 36.202)
20190781413,10/26/2019 02:30:00 AM,1,2,0,,N,352153,0,NOT COLLISION W/MOTOR VEHICLE-TRANSPORT,2,RAIN,2,DARK - NOT LIGHTED,24,GUARDRAIL FACE,MM 58 5 I 24,ANTIOCH,TN,37013,87061,SOUTH,36.0527,-86.6719,POINT (-86.6719 36.0527)
20190643256,08/28/2019 08:17:00 PM,2,0,0,,Y,151132,4,ANGLE,21,CLEAR,3,DARK - LIGHTED,12,MOTOR VEHICLE IN TRANSPORT,OLD HICKORY BLVDW & I65 S EXT RAMP,MADISON,TN,37115,2041,MADISO,36.2655,-86.7399,POINT (-86.7399 36.2655)
20190861956,11/29/2019 08:32:00 PM,2,0,0,,Y,311337,11,Front to Rear,21,CLEAR,2,DARK - NOT LIGHTED,12,MOTOR VEHICLE IN TRANSPORT,BRILEY PKWY & KAREN DR,NASHVILLE,TN,37217,88940,HERMIT,36.1395,-86.7003,POINT (-86.7003 36.1395)
20190723985,10/01/2019 01:39:00 PM,2,0,0,,N,109534,5,SIDESWIPE - SAME DIRECTION,21,CLEAR,1,DAYLIGHT,12,MOTOR VEHICLE IN TRANSPORT,MM 213 0 I 40,NASHVILLE,TN,37210,8219,HERMIT,36.1407,-86.7323,POINT (-86.7323 36.1407)
20190897023,12/14/2019 08:16:00 PM,1,1,0,,N,320597,0,NOT COLLISION W/MOTOR VEHICLE-TRANSPORT,21,CLEAR,3,DARK - LIGHTED,31;32;34,"OTHER POST, POLE, SUPP.;CULVERT;DITCH",UNA ANTIOCH PKE & STREAMFIELD PASS,ANTIOCH,TN,37013,8861,SOUTH,36.0704,-86.6638,POINT (-86.6638 36.0704)
20190594186,08/09/2019 08:25:00 PM,2,0,0,,N,212330,11,Front to Rear,21,CLEAR,3,DARK - LIGHTED,12,MOTOR VEHICLE IN TRANSPORT,WALLACE RD & FOLEY DR,NASHVILLE,TN,37211,8705,SOUTH,36.0796,-86.7169,POINT (-86.7169 36.0796)
20190719406,09/29/2019 02:40:00 PM,2,0,0,,N,320581,4,ANGLE,22,CLOUDY,1,DAYLIGHT,12,MOTOR VEHICLE IN TRANSPORT,28TH AVN & MEHARRY BLVD,NASHVILLE,TN,37209,4559,NORTH,36.1666,-86.8204,POINT (-86.8204 36.1666)
20190713220,09/26/2019 06:56:00 PM,2,0,0,,N,151132,11,Front to Rear,22,CLOUDY,3,DARK - LIGHTED,12,MOTOR VEHICLE IN TRANSPORT,STATE RT 45 & MYATT DR,MADISON,TN,37115,1705,MADISO,36.2641,-86.6903,POINT (-86.6903 36.2641)
20190773337,10/22/2019 07:23:00 PM,4,2,0,,N,179583,11,Front to Rear,21,CLEAR,3,DARK - LIGHTED,12,MOTOR VEHICLE IN TRANSPORT,MM 52 9 I 24,NASHVILLE,TN,37217,8816,SOUTH,36.1206,-86.7268,POINT (-86.7268 36.1206)
20190588334,08/07/2019 10:09:00 PM,2,0,0,,Y,352184,5,SIDESWIPE - SAME DIRECTION,21,CLEAR,3,DARK - LIGHTED,12,MOTOR VEHICLE IN TRANSPORT,MM 48 1 I 24,NASHVILLE,TN,37207,1106,EAST,36.1742,-86.7706,POINT (-86.7706 36.1742)
20190770531,10/21/2019 04:05:00 PM,2,0,0,,N,352161,4,ANGLE,2,RAIN,1,DAYLIGHT,12,MOTOR VEHICLE IN TRANSPORT,MM 86 4 I 65,NASHVILLE,TN,37207,19060,EAST,36.1937,-86.7758,POINT (-86.7758 36.1937)
20190809962,11/07/2019 08:26:00 AM,2,1,0,,N,429188,4,ANGLE,2,RAIN,1,DAYLIGHT,12;18,MOTOR VEHICLE IN TRANSPORT;OTHER OBJECT (NOT FIXED),CITATION DR & EZELL PKE,NASHVILLE,TN,37217,8849,SOUTH,36.1005,-86.6723,POINT (-86.6723 36.1005)
20190799319,11/02/2019 11:13:00 PM,2,2,0,,N,298866,2,HEAD-ON,21,CLEAR,3,DARK - LIGHTED,12,MOTOR VEHICLE IN TRANSPORT,CHARLOTTE AV & 46TH AVN,NASHVILLE,TN,37209,5203,WEST,36.1522,-86.8422,POINT (-86.8422 36.1522)
20190916929,12/23/2019 08:00:00 PM,2,0,0,,Y,279214,4,ANGLE,21,CLEAR,3,DARK - LIGHTED,12,MOTOR VEHICLE IN TRANSPORT,I65 N ENT RAMP & I 65,NASHVILLE,TN,37207,1829,EAST,36.209,-86.7759,POINT (-86.7759 36.209)
20190584326,08/06/2019 12:31:00 PM,2,0,0,,N,109534,5,SIDESWIPE - SAME DIRECTION,22,CLOUDY,1,DAYLIGHT,12,MOTOR VEHICLE IN TRANSPORT,MM 49 6 I 24,NASHVILLE,TN,37210,4008,CENTRA,36.1571,-86.7604,POINT (-86.7604 36.1571)
20190805691,11/05/2019 03:40:00 PM,1,1,0,,N,212322,0,NOT COLLISION W/MOTOR VEHICLE-TRANSPORT,21,CLEAR,1,DAYLIGHT,1,,BUSH RD & EZELL PKE,NASHVILLE,TN,37217,8849,SOUTH,36.092,-86.6746,POINT (-86.6746 36.092)
20190601133,08/12/2019 06:20:00 PM,2,0,0,,N,330413,5,SIDESWIPE - SAME DIRECTION,22,CLOUDY,1,DAYLIGHT,12,MOTOR VEHICLE IN TRANSPORT,16TH AVE S & MCGAVOCK ST,NASHVILLE,TN,37203,5703,MIDTOW,36.1532,-86.7922,POINT (-86.7922 36.1532)
20190739854,10/08/2019 01:15:00 PM,2,2,0,Y,N,311799,4,ANGLE,21,CLEAR,1,DAYLIGHT,12;27,MOTOR VEHICLE IN TRANSPORT;H-WAY TRAFFIC SIGNAL POST,I65 S EXT RAMP & I 65,MADISON,TN,37115,20044,MADISO,36.2481,-86.743,POINT (-86.743 36.2481)
20190689024,09/17/2019 12:03:00 AM,1,1,0,,N,330420,0,NOT COLLISION W/MOTOR VEHICLE-TRANSPORT,21,CLEAR,2,DARK - NOT LIGHTED,8,PEDESTRIAN,LEWIS ST & US HWY 41,NASHVILLE,TN,37210,8209,HERMIT,36.1479,-86.7585,POINT (-86.7585 36.1479)
20190904936,12/18/2019 09:23:00 AM,2,0,0,,N,462474,4,ANGLE,22,CLOUDY,1,DAYLIGHT,12,MOTOR VEHICLE IN TRANSPORT,STONE BROOK DR & OLD HICKORY BLVD,BRENTWOOD,TN,37027,8623,MIDTOW,36.0409,-86.7794,POINT (-86.7794 36.0409)
20190855634,11/26/2019 06:02:00 PM,2,0,0,,N,384435,11,Front to Rear,2,RAIN,3,DARK - LIGHTED,12,MOTOR VEHICLE IN TRANSPORT,GALLATIN PKEN & TENNYSON AV,MADISON,TN,37115,1719,MADISO,36.2854,-86.7061,POINT (-86.7061 36.2854)
20190768143,10/20/2019 01:05:00 PM,1,0,0,Y,N,226095,0,NOT COLLISION W/MOTOR VEHICLE-TRANSPORT,21,CLEAR,1,DAYLIGHT,57,Cable Barrier,MM 38 2 I 24,WHITES CREEK,TN,37189,2212,NORTH,36.3069,-86.8181,POINT (-86.8181 36.3069)
20190861714,11/29/2019 05:53:00 PM,2,0,0,,N,909486,4,ANGLE,21,CLEAR,3,DARK - LIGHTED,12,MOTOR VEHICLE IN TRANSPORT,US HWY 31 ALT & WELSHWOOD DR,NASHVILLE,TN,37211,8445,SOUTH,36.0818,-86.727,POINT (-86.727 36.0818)
20190751456,10/13/2019 01:51:00 PM,2,5,1,,N,571313,4,ANGLE,21,CLEAR,1,DAYLIGHT,12;30;42,MOTOR VEHICLE IN TRANSPORT;UTILITY POLE;TREE,GRAYBAR LN & BELMONT BLVD,NASHVILLE,TN,37215,6415,MIDTOW,36.1103,-86.8004,POINT (-86.8004 36.1103)