Accident Number,Date and Time,Number of Motor Vehicles,Number of Injuries,Number of Fatalities,Property Damage,Hit and Run,Reporting Officer,Collision Type Code,Collision Type Description,Weather Code,Weather Description,Illumination Code,Illumination Description,Harmful Code,Harmful Code Description,Street Address,City,State,ZIP,RPA,Precinct,Latitude,Longitude,Mapped Location
20190918614,12/24/2019 12:00:00 AM,2,1,0,,Y,279233,4,ANGLE,21,CLEAR,3,DARK - LIGHTED,12,MOTOR VEHICLE IN TRANSPORT,51ST AVN & CHARLOTTE AV,NASHVILLE,TN,37209,5121,WEST,36.1525,-86.8486,POINT (-86.8486 36.1525)
20190688201,09/16/2019 04:24:00 PM,1,1,0,Y,N,197435,0,NOT COLLISION W/MOTOR VEHICLE-TRANSPORT,21,CLEAR,1,DAYLIGHT,57,Cable Barrier,ELLINGTON PKWYS & ELLINGTON PKWYN,NASHVILLE,TN,37207,1995,EAST,36.1758,-86.7666,POINT (-86.7666 36.1758)
20190745082,10/10/2019 02:54:00 PM,2,0,0,,N,352168,4,ANGLE,21,CLEAR,1,DAYLIGHT,12,MOTOR VEHICLE IN TRANSPORT,STONE BROOK DR & OLD HICKORY BLVD,BRENTWOOD,TN,37027,8623,MIDTOW,36.0409,-86.7794,POINT (-86.7794 36.0409)
20190803210,11/04/2019 05:38:00 PM,2,0,0,,N,197068,11,Front to Rear,21,CLEAR,5,DUSK,12,MOTOR VEHICLE IN TRANSPORT,MM 85 3 I 65,NASHVILLE,TN,37208,43042,NORTH,36.1847,-86.7977,POINT (-86.7977 36.1847)
20190629717,08/23/2019 08:28:00 AM,2,0,0,,Y,224955,11,Front to Rear,22,CLOUDY,1,DAYLIGHT,12,MOTOR VEHICLE IN TRANSPORT,BRICK CHURCH PKE & BRILEY PKWYW,NASHVILLE,TN,37207,2014,MADISO,36.2384,-86.7809,POINT (-86.7809 36.2384)
20190608218,08/15/2019 08:28:00 AM,2,0,0,,N,716886,5,SIDESWIPE - SAME DIRECTION,21,CLEAR,1,DAYLIGHT,12,MOTOR VEHICLE IN TRANSPORT,BELL RD & MURFREESBORO PKE,ANTIOCH,TN,37013,8861,SOUTH,36.072,-86.636,POINT (-86.636 36.072)
20190794785,10/31/2019 10:30:00 PM,2,1,0,,N,256389,11,Front to Rear,21,CLEAR,3,DARK - LIGHTED,12,MOTOR VEHICLE IN TRANSPORT,NOLENSVILLE PKE & ROSEDALE AV,NASHVILLE,TN,37211,8043,MIDTOW,36.125,-86.7522,POINT (-86.7522 36.125)
20190586346,08/07/2019 05:54:00 AM,2,0,0,,N,110090,11,Front to Rear,21,CLEAR,1,DAYLIGHT,12,MOTOR VEHICLE IN TRANSPORT,OLD HICKORY BLVD & HOBSON PKE,ANTIOCH,TN,37013,8867,SOUTH,36.0415,-86.6052,POINT (-86.6052 36.0415)
20190756543,10/15/2019 02:33:00 PM,2,0,0,,N,151132,11,Front to Rear,22,CLOUDY,1,DAYLIGHT,12,MOTOR VEHICLE IN TRANSPORT,DUE WEST AVW & GIBSON DR,MADISON,TN,37115,1789,MADISO,36.2482,-86.7236,POINT (-86.7236 36.2482)
20190825158,11/13/2019 08:30:00 PM,1,1,0,Y,N,240957,0,NOT COLLISION W/MOTOR VEHICLE-TRANSPORT,21,CLEAR,3,DARK - LIGHTED,30,UTILITY POLE,BENZING RD & JANICE DR,ANTIOCH,TN,37013,8719,SOUTH,36.0458,-86.6942,POINT (-86.6942 36.0458)
20190889787,12/11/2019 07:31:00 PM,2,1,0,,N,384408,11,Front to Rear,21,CLEAR,7,Dark-Unknown Lighting,12,MOTOR VEHICLE IN TRANSPORT,MCGAVOCK PKE & MCGAVOCK PKE EB EXT RAMP,NASHVILLE,TN,37214,92880,HERMIT,36.2167,-86.6933,POINT (-86.6933 36.2167)
20190781016,10/25/2019 10:07:00 PM,2,0,0,,N,298863,11,Front to Rear,2,RAIN,3,DARK - LIGHTED,12,MOTOR VEHICLE IN TRANSPORT,3RD AVS & DEMONBREUN ST,NASHVILLE,TN,37201,4065,CENTRA,36.16,-86.7747,POINT (-86.7747 36.16)
20190857647,11/27/2019 02:15:00 PM,2,0,0,,N,166478,4,ANGLE,21,CLEAR,1,DAYLIGHT,12,MOTOR VEHICLE IN TRANSPORT,JEFFERSON ST & ROSA L PARKS BLVD,NASHVILLE,TN,37208,4303,NORTH,36.1733,-86.7914,POINT (-86.7914 36.1733)
20190657202,09/03/2019 01:24:00 PM,2,1,0,,Y,109534,4,ANGLE,21,CLEAR,1,DAYLIGHT,12;18,MOTOR VEHICLE IN TRANSPORT;OTHER OBJECT (NOT FIXED),NASHBORO BLVD & NASHBORO BLVD PVTDR,NASHVILLE,TN,37217,8937,HERMIT,36.0887,-86.6439,POINT (-86.6439 36.0887)
20190809828,11/07/2019 07:24:00 AM,2,0,0,,N,384413,11,Front to Rear,2,RAIN,1,DAYLIGHT,12,MOTOR VEHICLE IN TRANSPORT,MM 212 3 I 40,NASHVILLE,TN,37210,8206,HERMIT,36.1447,-86.7399,POINT (-86.7399 36.1447)
20190783090,10/27/2019 02:10:00 AM,2,0,0,,N,166477,11,Front to Rear,21,CLEAR,2,DARK - NOT LIGHTED,12,MOTOR VEHICLE IN TRANSPORT,MM 58 8 I 24,ANTIOCH,TN,37013,87061,SOUTH,36.0506,-86.6683,POINT (-86.6683 36.0506)
20190715116,09/27/2019 01:56:00 PM,2,0,0,,Y,807344,5,SIDESWIPE - SAME DIRECTION,21,CLEAR,1,DAYLIGHT,12;14,MOTOR VEHICLE IN TRANSPORT;PARKED MOTOR VEHICLE,CHURCH ST & 2ND AVN,NASHVILLE,TN,37201,4101,CENTRA,36.1646,-86.7768,POINT (-86.7768 36.1646)
20190772520,10/22/2019 11:41:00 AM,2,0,0,,N,462474,5,SIDESWIPE - SAME DIRECTION,21,CLEAR,1,DAYLIGHT,12,MOTOR VEHICLE IN TRANSPORT,WEST END AV & MURPHY RD,NASHVILLE,TN,37212,5819,MIDTOW,36.1382,-86.8203,POINT (-86.8203 36.1382)
20190697434,09/20/2019 02:54:00 AM,2,0,0,,Y,256377,5,SIDESWIPE - SAME DIRECTION,21,CLEAR,3,DARK - LIGHTED,12,MOTOR VEHICLE IN TRANSPORT,MM 219 9 I 40,HERMITAGE,TN,37076,94021,HERMIT,36.1635,-86.6169,POINT (-86.6169 36.1635)
20190863275,11/30/2019 10:59:00 AM,2,0,0,,N,553957,5,SIDESWIPE - SAME DIRECTION,2,RAIN,1,DAYLIGHT,12,MOTOR VEHICLE IN TRANSPORT,MM 215 3 I 40,NASHVILLE,TN,37217,89020,HERMIT,36.1436,-86.6894,POINT (-86.6894 36.1436)
20190840228,11/20/2019 07:03:00 AM,3,0,0,,N,384398,11,Front to Rear,21,CLEAR,1,DAYLIGHT,12,MOTOR VEHICLE IN TRANSPORT,BELL RD & CANE RIDGE RD,ANTIOCH,TN,37013,8751,SOUTH,36.0447,-86.6615,POINT (-86.6615 36.0447)
20190857775,11/27/2019 02:20:00 PM,2,0,0,,N,693098,4,ANGLE,21,CLEAR,1,DAYLIGHT,12,MOTOR VEHICLE IN TRANSPORT,CHARLOTTE PKE & OCEOLA AV,NASHVILLE,TN,37209,5025,WEST,36.1495,-86.8605,POINT (-86.8605 36.1495)
20190927771,12/29/2019 04:10:00 PM,2,0,0,,N,256426,11,Front to Rear,2,RAIN,98,OTHER,12,MOTOR VEHICLE IN TRANSPORT,MM 215 0 I 40,NASHVILLE,TN,37214,91021,HERMIT,36.1444,-86.6948,POINT (-86.6948 36.1444)
20190664384,09/06/2019 11:14:00 AM,2,0,0,,N,352207,4,ANGLE,21,CLEAR,1,DAYLIGHT,12,MOTOR VEHICLE IN TRANSPORT,20TH AVN & MURPHY AV,NASHVILLE,TN,37203,5507,MIDTOW,36.1562,-86.8029,POINT (-86.8029 36.1562)
20190858786,11/27/2019 11:15:00 PM,1,0,0,Y,N,256495,0,NOT COLLISION W/MOTOR VEHICLE-TRANSPORT,21,CLEAR,3,DARK - LIGHTED,43,OTHER FIXED OBJECTS,21ST AVN & BUCHANAN ST,NASHVILLE,TN,37208,4459,NORTH,36.179,-86.8116,POINT (-86.8116 36.179)
20190637192,08/26/2019 12:25:00 PM,2,0,0,,N,665896,0,NOT COLLISION W/MOTOR VEHICLE-TRANSPORT,22,CLOUDY,1,DAYLIGHT,16,THROWN OR FALLING OBJECT,GALLATIN PKE & RIVERWOOD DR,NASHVILLE,TN,37216,1815,EAST,36.2242,-86.7256,POINT (-86.7256 36.2242)
20190822121,11/12/2019 05:10:00 PM,5,0,0,,N,352177,11,Front to Rear,21,CLEAR,3,DARK - LIGHTED,12,MOTOR VEHICLE IN TRANSPORT,HILLSBORO PKE & HAMPTON PL,NASHVILLE,TN,37215,6419,MIDTOW,36.1152,-86.8107,POINT (-86.8107 36.1152)
20190757206,10/15/2019 08:45:00 PM,2,4,0,,N,256426,4,ANGLE,21,CLEAR,3,DARK - LIGHTED,12,MOTOR VEHICLE IN TRANSPORT,ELM HILL PIKE & MCGAVOCK PIKE,NASHVILLE,TN,37214,9105,HERMIT,36.1528,-86.6834,POINT (-86.6834 36.1528)
20190582548,08/05/2019 08:50:00 PM,1,0,0,Y,N,717341,0,NOT COLLISION W/MOTOR VEHICLE-TRANSPORT,21,CLEAR,2,DARK - NOT LIGHTED,24,GUARDRAIL FACE,I24 E EXT RAMP & I 24,NASHVILLE,TN,37207,30080,NORTH,36.2378,-86.7872,POINT (-86.7872 36.2378)
20190703043,09/22/2019 07:45:00 PM,2,0,0,,Y,337276,4,ANGLE,21,CLEAR,3,DARK - LIGHTED,12,MOTOR VEHICLE IN TRANSPORT,BROADMOOR DR & ELLINGTON PKWY S EXT RAMP,NASHVILLE,TN,37216,1899,EAST,36.2307,-86.7482,POINT (-86.7482 36.2307)
20190817169,11/10/2019 01:48:00 PM,2,0,0,,N,352202,5,SIDESWIPE - SAME DIRECTION,21,CLEAR,1,DAYLIGHT,12,MOTOR VEHICLE IN TRANSPORT,4TH AVS & PEABODY ST,NASHVILLE,TN,37201,4047,CENTRA,36.1566,-86.7744,POINT (-86.7744 36.1566)
20190793103,10/31/2019 06:48:00 AM,3,2,0,,N,462474,4,ANGLE,2,RAIN,4,DAWN,12;14,MOTOR VEHICLE IN TRANSPORT;PARKED MOTOR VEHICLE,FRANKLIN PKE & LAMBERT DR,NASHVILLE,TN,37220,7101,MIDTOW,36.0802,-86.7728,POINT (-86.7728 36.0802)
20190758566,10/16/2019 09:40:00 AM,2,0,0,,Y,225886,5,SIDESWIPE - SAME DIRECTION,22,CLOUDY,1,DAYLIGHT,12,MOTOR VEHICLE IN TRANSPORT,CHARLES E DAVIS BLVD & J C NAPIER CT,NASHVILLE,TN,37210,8201,HERMIT,36.1492,-86.7624,POINT (-86.7624 36.1492)
20190695876,09/19/2019 12:00:00 PM,2,0,0,,N,493309,11,Front to Rear,21,CLEAR,1,DAYLIGHT,12,MOTOR VEHICLE IN TRANSPORT,RIVERCHASE BLVD & GALLATIN PKEN,MADISON,TN,37115,1721,MADISO,36.3086,-86.6815,POINT (-86.6815 36.3086)
20190819284,11/11/2019 01:40:00 PM,2,0,0,,Y,330431,11,Front to Rear,2,RAIN,1,DAYLIGHT,12,MOTOR VEHICLE IN TRANSPORT,ASHLAND CITY HWY & ASHLAND CITY HWY WB E,NASHVILLE,TN,37218,3201,NORTH,36.2101,-86.8731,POINT (-86.8731 36.2101)
20190633008,08/24/2019 03:00:00 PM,2,0,0,,N,256394,5,SIDESWIPE - SAME DIRECTION,21,CLEAR,1,DAYLIGHT,12,MOTOR VEHICLE IN TRANSPORT,VULTEE BLVD & BOWWOOD CT,NASHVILLE,TN,37217,8811,SOUTH,36.1254,-86.7099,POINT (-86.7099 36.1254)
20190772882,10/22/2019 02:45:00 PM,2,0,0,,N,299264,11,Front to Rear,21,CLEAR,1,DAYLIGHT,12,MOTOR VEHICLE IN TRANSPORT,MM 1 3 I 440,NASHVILLE,TN,37205,5242,WEST,36.1385,-86.8226,POINT (-86.8226 36.1385)
20190640127,08/27/2019 04:15:00 PM,2,0,0,,N,728076,11,Front to Rear,21,CLEAR,1,DAYLIGHT,12,MOTOR VEHICLE IN TRANSPORT,I440 W ENT RAMP & I 440,NASHVILLE,TN,37210,81021,SOUTH,36.1259,-86.7322,POINT (-86.7322 36.1259)
20190757142,10/15/2019 07:31:00 PM,2,1,0,,N,256426,11,Front to Rear,21,CLEAR,3,DARK - LIGHTED,12,MOTOR VEHICLE IN TRANSPORT,MM 211 8 I 40,NASHVILLE,TN,37210,90022,HERMIT,36.149,-86.7465,POINT (-86.7465 36.149)
20190661491,09/05/2019 07:55:00 AM,2,0,0,,N,352211,11,Front to Rear,21,CLEAR,1,DAYLIGHT,12,MOTOR VEHICLE IN TRANSPORT,MURPHY RD & BOWLING AVE,NASHVILLE,TN,37205,5249,WEST,36.1401,-86.8267,POINT (-86.8267 36.1401)
20190833015,11/17/2019 12:00:00 AM,1,0,0,Y,Y,279122,0,NOT COLLISION W/MOTOR VEHICLE-TRANSPORT,99,UNKNOWN,9,UNKNOWN,40;41,MAIL BOX;SHRUBBERY,STOKERS LNN & CUMBERLAND COVE DR,NASHVILLE,TN,37207,3015,NORTH,36.2119,-86.8146,POINT (-86.8146 36.2119)
20190921631,12/26/2019 12:03:00 PM,2,0,0,,Y,140808,11,Front to Rear,21,CLEAR,1,DAYLIGHT,12,MOTOR VEHICLE IN TRANSPORT,NOLENSVILLE PKE & OLD HICKORY BLVD,NASHVILLE,TN,37211,8717,SOUTH,36.0454,-86.7133,POINT (-86.7133 36.0454)
20190751310,10/13/2019 10:20:00 AM,2,0,0,,N,352174,4,ANGLE,21,CLEAR,1,DAYLIGHT,55,Motor Vehicle-In-Motion Outside Trafficw,WEST END AV & 25TH AVN,NASHVILLE,TN,37212,5801,MIDTOW,36.1467,-86.8089,POINT (-86.8089 36.1467)
20190894966,12/13/2019 07:09:00 PM,1,0,0,Y,N,197070,0,NOT COLLISION W/MOTOR VEHICLE-TRANSPORT,21,CLEAR,1,DAYLIGHT,18,OTHER OBJECT (NOT FIXED),ALBION ST & DR D B TODD JR BLVD,NASHVILLE,TN,37208,5329,NORTH,36.1663,-86.8054,POINT (-86.8054 36.1663)
20190923035,12/27/2019 05:20:00 AM,1,1,0,,N,179603,0,NOT COLLISION W/MOTOR VEHICLE-TRANSPORT,22,CLOUDY,3,DARK - LIGHTED,36;64,CONCRETE TRAFFIC BARRIER;Ran Off Road-Left,BRILEY PKWYE & I24 W EXT RAMP,NASHVILLE,TN,37207,2003,MADISO,36.2381,-86.783,POINT (-86.783 36.2381)
20190880203,12/07/2019 06:41:00 PM,2,0,0,,N,311327,5,SIDESWIPE - SAME DIRECTION,21,CLEAR,3,DARK - LIGHTED,12,MOTOR VEHICLE IN TRANSPORT,MM 49 4 I 24,NASHVILLE,TN,37206,10040,EAST,36.1613,-86.7604,POINT (-86.7604 36.1613)
20190601361,08/12/2019 08:39:00 PM,2,0,0,,N,169425,5,SIDESWIPE - SAME DIRECTION,21,CLEAR,3,DARK - LIGHTED,12,MOTOR VEHICLE IN TRANSPORT,MM 75 1 I 65,BRENTWOOD,TN,37027,86040,MIDTOW,36.0452,-86.7791,POINT (-86.7791 36.0452)
20190845619,11/22/2019 07:10:00 AM,2,0,0,,N,352167,4,ANGLE,2,RAIN,1,DAYLIGHT,12,MOTOR VEHICLE IN TRANSPORT,I24 W EXT RAMP & HARDING PL,NASHVILLE,TN,37211,8889,SOUTH,36.0865,-86.6987,POINT (-86.6987 36.0865)
20190844090,11/21/2019 05:22:00 PM,2,0,0,,N,384439,5,SIDESWIPE - SAME DIRECTION,2,RAIN,3,DARK - LIGHTED,12,MOTOR VEHICLE IN TRANSPORT,GALLATIN AV & GRANADA AV,NASHVILLE,TN,37206,1319,EAST,36.1882,-86.7465,POINT (-86.7465 36.1882)
20190930550,12/30/2019 10:00:00 PM,2,0,0,,N,429193,4,ANGLE,21,CLEAR,3,DARK - LIGHTED,12,MOTOR VEHICLE IN TRANSPORT,HWY 70 S & OLD HICKORY BLVD,NASHVILLE,TN,37221,4901,WEST,36.0745,-86.921,POINT (-86.921 36.0745)
20190884747,12/09/2019 12:00:00 AM,2,0,0,,Y,240983,11,Front to Rear,2,RAIN,2,DARK - NOT LIGHTED,12,MOTOR VEHICLE IN TRANSPORT,BRILEY PKWYS & OPRY MILLS DR,NASHVILLE,TN,37214,92920,HERMIT,36.1973,-86.6881,POINT (-86.6881 36.1973)
20190650941,08/31/2019 08:16:00 PM,2,2,0,Y,N,279116,4,ANGLE,22,CLOUDY,3,DARK - LIGHTED,12;31,"MOTOR VEHICLE IN TRANSPORT;OTHER POST, POLE, SUPP.",OLD HICKORY BLVD & SEVEN SPRINGS WAY,BRENTWOOD,TN,37027,8619,MIDTOW,36.0403,-86.7684,POINT (-86.7684 36.0403)
20190678166,09/12/2019 08:20:00 AM,2,1,0,,N,462474,11,Front to Rear,21,CLEAR,1,DAYLIGHT,12,MOTOR VEHICLE IN TRANSPORT,TYNE BLVD & HILLSBORO PKE,NASHVILLE,TN,37215,6311,MIDTOW,36.0788,-86.837,POINT (-86.837 36.0788)
20190731434,10/04/2019 12:42:00 PM,2,0,0,,N,109534,11,Front to Rear,21,CLEAR,1,DAYLIGHT,12,MOTOR VEHICLE IN TRANSPORT,I40 W EXT RAMP & I 40,NASHVILLE,TN,37203,4119,CENTRA,36.1574,-86.79,POINT (-86.79 36.1574)
20190703069,09/22/2019 06:18:00 PM,2,0,0,,Y,320599,2,HEAD-ON,22,CLOUDY,1,DAYLIGHT,12,MOTOR VEHICLE IN TRANSPORT,STATE HWY 45 & RAMP,NASHVILLE,TN,37207,2133,MADISO,36.2693,-86.7562,POINT (-86.7562 36.2693)
20190675317,09/11/2019 06:54:00 AM,2,0,0,,N,420059,11,Front to Rear,21,CLEAR,1,DAYLIGHT,12,MOTOR VEHICLE IN TRANSPORT,HARDING PL & OVERCREST DR,NASHVILLE,TN,37211,8609,MIDTOW,36.0772,-86.7336,POINT (-86.7336 36.0772)
20190626325,08/22/2019 03:34:00 AM,1,0,0,Y,Y,299261,0,NOT COLLISION W/MOTOR VEHICLE-TRANSPORT,21,CLEAR,3,DARK - LIGHTED,18,OTHER OBJECT (NOT FIXED),HILLSBORO PKE & GRAYBAR LN,NASHVILLE,TN,37215,6105,WEST,36.1112,-86.8113,POINT (-86.8113 36.1112)
20190797873,11/02/2019 12:00:00 AM,2,0,0,,N,330441,4,ANGLE,21,CLEAR,3,DARK - LIGHTED,12,MOTOR VEHICLE IN TRANSPORT,OLD HICKORY BLVD & ZERMATT AV,NASHVILLE,TN,37211,8651,MIDTOW,36.0457,-86.7206,POINT (-86.7206 36.0457)
20190766923,10/19/2019 08:55:00 PM,1,1,0,,N,212346,0,NOT COLLISION W/MOTOR VEHICLE-TRANSPORT,21,CLEAR,3,DARK - LIGHTED,8,PEDESTRIAN,4TH AVS & SYMPHONY PL,NASHVILLE,TN,37203,4091,CENTRA,36.1603,-86.7768,POINT (-86.7768 36.1603)
20190877344,12/06/2019 10:05:00 AM,2,1,0,,Y,179602,2,HEAD-ON,2,RAIN,1,DAYLIGHT,12,MOTOR VEHICLE IN TRANSPORT,WHITES CREEK PKE & MOORMANS ARM RD,NASHVILLE,TN,37207,3033,NORTH,36.2182,-86.8035,POINT (-86.8035 36.2182)
20190693769,09/18/2019 04:48:00 PM,2,0,0,,N,240983,5,SIDESWIPE - SAME DIRECTION,21,CLEAR,1,DAYLIGHT,12,MOTOR VEHICLE IN TRANSPORT,DOVER GLEN DR & DOVER GLEN PVTDR,ANTIOCH,TN,37013,8861,SOUTH,36.0768,-86.642,POINT (-86.642 36.0768)
20190919990,12/25/2019 02:50:00 PM,2,2,0,,N,279124,4,ANGLE,21,CLEAR,1,DAYLIGHT,12,MOTOR VEHICLE IN TRANSPORT,MURFREESBORO PKE & RURAL HILL RD,ANTIOCH,TN,37013,8861,SOUTH,36.0745,-86.6387,POINT (-86.6387 36.0745)
20190872682,12/04/2019 02:34:00 PM,2,2,0,,N,191578,4,ANGLE,21,CLEAR,1,DAYLIGHT,12,MOTOR VEHICLE IN TRANSPORT,BRILEY PKWYS & BRILEY PKWYN,NASHVILLE,TN,37218,3212,NORTH,36.2142,-86.8724,POINT (-86.8724 36.2142)
20190766783,10/19/2019 07:20:00 PM,2,0,0,,Y,414668,5,SIDESWIPE - SAME DIRECTION,21,CLEAR,3,DARK - LIGHTED,12,MOTOR VEHICLE IN TRANSPORT,S 5TH ST & FATHERLAND ST,NASHVILLE,TN,37206,1115,EAST,36.1691,-86.7631,POINT (-86.7631 36.1691)
20190806024,11/05/2019 05:20:00 PM,2,0,0,,N,352177,6,SIDESWIPE - OPPOSITE DIRECTION,21,CLEAR,3,DARK - LIGHTED,12,MOTOR VEHICLE IN TRANSPORT,SHARONDALE DR & WOODLAWN DR,NASHVILLE,TN,37215,6001,WEST,36.1251,-86.816,POINT (-86.816 36.1251)
20190764483,10/18/2019 05:40:00 PM,2,2,0,,N,330425,4,ANGLE,21,CLEAR,5,DUSK,12,MOTOR VEHICLE IN TRANSPORT,GALLATIN PKES & MAPLE ST,MADISON,TN,37115,1607,MADISO,36.2617,-86.7124,POINT (-86.7124 36.2617)
20190638017,08/26/2019 08:56:00 PM,2,2,0,,N,279225,11,Front to Rear,21,CLEAR,2,DARK - NOT LIGHTED,12,MOTOR VEHICLE IN TRANSPORT,MURFREESBORO PKE & BRITISH WOODS DR,NASHVILLE,TN,37217,8853,SOUTH,36.0914,-86.6514,POINT (-86.6514 36.0914)
20190798469,11/02/2019 01:58:00 PM,2,0,0,,N,462474,5,SIDESWIPE - SAME DIRECTION,21,CLEAR,1,DAYLIGHT,12,MOTOR VEHICLE IN TRANSPORT,OLD HICKORY BLVD & FRANKLIN PIKE CIR,BRENTWOOD,TN,37027,8623,MIDTOW,36.0405,-86.7801,POINT (-86.7801 36.0405)
20190621270,08/20/2019 10:30:00 AM,3,1,0,,N,334981,11,Front to Rear,21,CLEAR,1,DAYLIGHT,12,MOTOR VEHICLE IN TRANSPORT,MURFREESBORO PKE & ELM HILL PKE,NASHVILLE,TN,37210,8119,SOUTH,36.1446,-86.7498,POINT (-86.7498 36.1446)
20190741027,10/09/2019 12:10:00 AM,1,0,0,,N,415780,0,NOT COLLISION W/MOTOR VEHICLE-TRANSPORT,21,CLEAR,3,DARK - LIGHTED,20,IMPACT ATTENUATOR,MM 3 2 I 440,NASHVILLE,TN,37215,6422,MIDTOW,36.1177,-86.8005,POINT (-86.8005 36.1177)
20190912026,12/21/2019 08:44:00 AM,2,0,0,,N,538214,11,Front to Rear,22,CLOUDY,1,DAYLIGHT,12,MOTOR VEHICLE IN TRANSPORT,10TH AVS & 10TH AVN,NASHVILLE,TN,37203,4077,CENTRA,36.158,-86.7843,POINT (-86.7843 36.158)
20190896968,12/14/2019 07:29:00 PM,2,0,0,,N,240955,11,Front to Rear,21,CLEAR,3,DARK - LIGHTED,12,MOTOR VEHICLE IN TRANSPORT,MURFREESBORO PKE & MOUNTAIN SPRINGS RD,ANTIOCH,TN,37013,8927,SOUTH,36.0478,-86.6121,POINT (-86.6121 36.0478)
20190735395,10/06/2019 09:35:00 AM,4,1,0,,N,212318,4,ANGLE,2,RAIN,1,DAYLIGHT,12;14,MOTOR VEHICLE IN TRANSPORT;PARKED MOTOR VEHICLE,25TH AVE N & BRANDAU PL,NASHVILLE,TN,37203,5623,MIDTOW,36.149,-86.8097,POINT (-86.8097 36.149)
20190595548,08/10/2019 11:14:00 AM,2,0,0,,Y,320574,5,SIDESWIPE - SAME DIRECTION,21,CLEAR,1,DAYLIGHT,12,MOTOR VEHICLE IN TRANSPORT,BELL RD & ANDERSON RD,NASHVILLE,TN,37217,8939,HERMIT,36.0748,-86.6351,POINT (-86.6351 36.0748)
20190826408,11/14/2019 09:45:00 AM,2,0,0,,N,226405,5,SIDESWIPE - SAME DIRECTION,21,CLEAR,1,DAYLIGHT,14,PARKED MOTOR VEHICLE,28TH AVN & POSTON AV,NASHVILLE,TN,37203,5625,MIDTOW,36.146,-86.8131,POINT (-86.8131 36.146)
20190611457,08/16/2019 02:04:00 PM,1,1,0,,Y,179602,0,NOT COLLISION W/MOTOR VEHICLE-TRANSPORT,21,CLEAR,1,DAYLIGHT,8,PEDESTRIAN,27TH AVN & HERMAN ST,NASHVILLE,TN,37208,5347,NORTH,36.1624,-86.8175,POINT (-86.8175 36.1624)
20190688266,09/16/2019 04:54:00 PM,2,0,0,,N,179606,11,Front to Rear,21,CLEAR,1,DAYLIGHT,12,MOTOR VEHICLE IN TRANSPORT,MM 81 4 I 65,NASHVILLE,TN,37203,68042,MIDTOW,36.1348,-86.7756,POINT (-86.7756 36.1348)
20190732747,10/04/2019 05:05:00 PM,2,0,0,,Y,330419,5,SIDESWIPE - SAME DIRECTION,21,CLEAR,1,DAYLIGHT,12,MOTOR VEHICLE IN TRANSPORT,MM 209 2 I 40,NASHVILLE,TN,37203,4002,CENTRA,36.1553,-86.7889,POINT (-86.7889 36.1553)
20190759549,10/16/2019 06:14:00 PM,2,0,0,,Y,240983,11,Front to Rear,21,CLEAR,5,DUSK,12,MOTOR VEHICLE IN TRANSPORT,I24 W ENT RAMP & I 24,NASHVILLE,TN,37206,1009,EAST,36.1666,-86.7638,POINT (-86.7638 36.1666)
20190872691,12/04/2019 02:44:00 PM,2,1,0,,Y,279116,4,ANGLE,21,CLEAR,1,DAYLIGHT,1;12;39,MOTOR VEHICLE IN TRANSPORT;WALL,MM 80 6 I 65,NASHVILLE,TN,37204,80040,MIDTOW,36.1235,-86.7729,POINT (-86.7729 36.1235)
20190758186,10/16/2019 07:00:00 AM,2,0,0,,N,279122,11,Front to Rear,21,CLEAR,1,DAYLIGHT,12,MOTOR VEHICLE IN TRANSPORT,MM 87 0 I 65,NASHVILLE,TN,37207,18020,EAST,36.2018,-86.7766,POINT (-86.7766 36.2018)
20190808903,11/06/2019 09:31:00 PM,2,0,0,,N,717341,11,Front to Rear,21,CLEAR,2,DARK - NOT LIGHTED,12,MOTOR VEHICLE IN TRANSPORT,MM 60 4 I 24,ANTIOCH,TN,37013,88060,SOUTH,36.0364,-86.6449,POINT (-86.6449 36.0364)
20190726758,10/02/2019 03:52:00 PM,2,1,0,,N,279208,4,ANGLE,21,CLEAR,1,DAYLIGHT,12,MOTOR VEHICLE IN TRANSPORT,WEST END AV & 19TH AVN,NASHVILLE,TN,37203,5707,MIDTOW,36.1526,-86.7968,POINT (-86.7968 36.1526)
20190627712,08/22/2019 03:46:00 PM,2,0,0,,N,169425,5,SIDESWIPE - SAME DIRECTION,21,CLEAR,1,DAYLIGHT,12,MOTOR VEHICLE IN TRANSPORT,DR D B TODD JR BLVD & CHARLOTTE AV,NASHVILLE,TN,37203,5357,NORTH,36.1584,-86.8004,POINT (-86.8004 36.1584)
20190916556,12/23/2019 12:00:00 AM,2,0,0,,N,197070,4,ANGLE,21,CLEAR,1,DAYLIGHT,12,MOTOR VEHICLE IN TRANSPORT,JEFFERSON ST & 21ST AVN,NASHVILLE,TN,37208,5351,NORTH,36.1688,-86.8114,POINT (-86.8114 36.1688)
20190726993,10/02/2019 05:55:00 PM,3,3,0,,N,240983,4,ANGLE,21,CLEAR,1,DAYLIGHT,12,MOTOR VEHICLE IN TRANSPORT,MURFREESBORO PKE & BELL RD,ANTIOCH,TN,37013,8865,SOUTH,36.072,-86.636,POINT (-86.636 36.072)
20190768503,10/20/2019 06:08:00 PM,1,1,0,,N,299243,0,NOT COLLISION W/MOTOR VEHICLE-TRANSPORT,21,CLEAR,3,DARK - LIGHTED,8,PEDESTRIAN,BROADWAY & 2ND AVN,NASHVILLE,TN,37201,4093,CENTRA,36.1618,-86.7754,POINT (-86.7754 36.1618)