Accident Number,Date and Time,Number of Motor Vehicles,Number of Injuries,Number of Fatalities,Property Damage,Hit and Run,Reporting Officer,Collision Type Code,Collision Type Description,Weather Code,Weather Description,Illumination Code,Illumination Description,Harmful Code,Harmful Code Description,Street Address,City,State,ZIP,RPA,Precinct,Latitude,Longitude,Mapped Location
20190679093,09/12/2019 03:47:00 PM,2,0,0,,Y,134899,5,SIDESWIPE - SAME DIRECTION,21,CLEAR,1,DAYLIGHT,12,MOTOR VEHICLE IN TRANSPORT,MM 215 6 I 40,NASHVILLE,TN,37214,9102,HERMIT,36.1431,-86.6845,POINT (-86.6845 36.1431)
20190786719,10/28/2019 06:40:00 PM,1,0,0,,N,714641,0,NOT COLLISION W/MOTOR VEHICLE-TRANSPORT,21,CLEAR,3,DARK - LIGHTED,31,"OTHER POST, POLE, SUPP.",8TH AVS & GLEAVES ST,NASHVILLE,TN,37203,4009,CENTRA,36.1518,-86.7793,POINT (-86.7793 36.1518)
20190843051,11/21/2019 09:08:00 AM,2,2,0,Y,N,571313,4,ANGLE,22,CLOUDY,1,DAYLIGHT,12;38,MOTOR VEHICLE IN TRANSPORT;FENCE,CHESTNUT ST & FORT NEGLEY BLVD,NASHVILLE,TN,37203,8017,MIDTOW,36.1421,-86.7758,POINT (-86.7758 36.1421)
20190857519,11/26/2019 12:00:00 AM,1,0,0,,Y,134899,0,NOT COLLISION W/MOTOR VEHICLE-TRANSPORT,2,RAIN,2,DARK - NOT LIGHTED,34;42;63,DITCH;TREE;Ran Off Road-Right,BELL RD & OLD HICKORY BLVD,HERMITAGE,TN,37076,9501,HERMIT,36.1615,-86.599,POINT (-86.599 36.1615)
20190807536,11/06/2019 09:30:00 AM,1,1,0,Y,N,235761,0,NOT COLLISION W/MOTOR VEHICLE-TRANSPORT,21,CLEAR,1,DAYLIGHT,19,BUILDING,RIVER RD PVTDR & CHARLOTTE PKE PVTDR,NASHVILLE,TN,37209,4703,WEST,36.1292,-86.9068,POINT (-86.9068 36.1292)
20190700276,09/21/2019 08:09:00 AM,2,1,0,,N,279230,6,SIDESWIPE - OPPOSITE DIRECTION,21,CLEAR,1,DAYLIGHT,12,MOTOR VEHICLE IN TRANSPORT,KEELEY DR & PACKARD DR,ANTIOCH,TN,37013,8713,SOUTH,36.0629,-86.6971,POINT (-86.6971 36.0629)
20190664823,09/06/2019 03:02:00 PM,2,0,0,,N,169425,5,SIDESWIPE - SAME DIRECTION,21,CLEAR,1,DAYLIGHT,12,MOTOR VEHICLE IN TRANSPORT,MM 86 2 I 65,NASHVILLE,TN,37207,1910,CENTRA,36.1919,-86.7812,POINT (-86.7812 36.1919)
20190761652,10/17/2019 12:00:00 AM,2,0,0,,N,384451,4,ANGLE,21,CLEAR,1,DAYLIGHT,12,MOTOR VEHICLE IN TRANSPORT,CANE RIDGE RD & BELL RD,ANTIOCH,TN,37013,8721,SOUTH,36.0857,-86.6998,POINT (-86.6998 36.0857)
20190898083,12/15/2019 11:00:00 AM,2,0,0,,N,109495,5,SIDESWIPE - SAME DIRECTION,22,CLOUDY,1,DAYLIGHT,12,MOTOR VEHICLE IN TRANSPORT,WEDGEWOOD AV & 17TH AVS,NASHVILLE,TN,37212,6611,MIDTOW,36.1369,-86.7958,POINT (-86.7958 36.1369)
20190639892,08/27/2019 02:30:00 PM,2,1,0,,N,226600,4,ANGLE,22,CLOUDY,1,DAYLIGHT,12,MOTOR VEHICLE IN TRANSPORT,MM 2 5 I 440,NASHVILLE,TN,37215,6008,WEST,36.124,-86.8116,POINT (-86.8116 36.124)
20190729363,10/03/2019 03:55:00 PM,2,0,0,,Y,279224,5,SIDESWIPE - SAME DIRECTION,21,CLEAR,1,DAYLIGHT,12,MOTOR VEHICLE IN TRANSPORT,MM 49 2 I 24,NASHVILLE,TN,37213,1002,CENTRA,36.1637,-86.7625,POINT (-86.7625 36.1637)
20190840441,11/20/2019 08:42:00 AM,2,1,0,,N,109527,11,Front to Rear,21,CLEAR,1,DAYLIGHT,12,MOTOR VEHICLE IN TRANSPORT,MM 215 2 I 40,NASHVILLE,TN,37214,91021,HERMIT,36.144,-86.6913,POINT (-86.6913 36.144)
20190808654,11/06/2019 05:49:00 PM,2,2,0,,N,256426,11,Front to Rear,22,CLOUDY,3,DARK - LIGHTED,12,MOTOR VEHICLE IN TRANSPORT,LEBANON PKE & RUCKER AV,NASHVILLE,TN,37210,9011,HERMIT,36.1543,-86.7415,POINT (-86.7415 36.1543)
20190844019,11/21/2019 12:00:00 AM,2,0,0,,N,352196,11,Front to Rear,21,CLEAR,3,DARK - LIGHTED,12,MOTOR VEHICLE IN TRANSPORT,BRITTANY PARK CIR & BRITTANY PARK DR,ANTIOCH,TN,37013,8719,SOUTH,36.0489,-86.6786,POINT (-86.6786 36.0489)
20190603380,08/13/2019 01:31:00 PM,2,0,0,,N,134899,11,Front to Rear,21,CLEAR,1,DAYLIGHT,12,MOTOR VEHICLE IN TRANSPORT,ANDREW JACKSON PKWY & RACHEL DONELSON PA,HERMITAGE,TN,37076,9533,HERMIT,36.2,-86.6081,POINT (-86.6081 36.2)
20190701981,09/22/2019 02:10:00 AM,1,0,0,Y,Y,256495,0,NOT COLLISION W/MOTOR VEHICLE-TRANSPORT,21,CLEAR,3,DARK - LIGHTED,38,FENCE,26TH AVN & JENKINS ST,NASHVILLE,TN,37208,4449,NORTH,36.1808,-86.8196,POINT (-86.8196 36.1808)
20190878417,12/06/2019 07:18:00 PM,2,1,0,,Y,279124,11,Front to Rear,21,CLEAR,3,DARK - LIGHTED,12,MOTOR VEHICLE IN TRANSPORT,BELL RD & THE OVERLOOK PVTDR,ANTIOCH,TN,37013,8865,SOUTH,36.056,-86.6421,POINT (-86.6421 36.056)
20190697266,09/20/2019 01:10:00 AM,1,1,0,,N,352204,0,NOT COLLISION W/MOTOR VEHICLE-TRANSPORT,21,CLEAR,2,DARK - NOT LIGHTED,37,Other Traffic Barrier,MM 195 0 I 40,NASHVILLE,TN,37221,4704,WEST,36.0745,-86.9771,POINT (-86.9771 36.0745)
20190891175,12/12/2019 07:34:00 AM,2,0,0,,N,834798,11,Front to Rear,21,CLEAR,1,DAYLIGHT,12,MOTOR VEHICLE IN TRANSPORT,I65 S EXT RAMP & I 65,MADISON,TN,37115,20044,MADISO,36.2481,-86.743,POINT (-86.743 36.2481)
20190636731,08/26/2019 08:00:00 AM,2,0,0,,N,225886,11,Front to Rear,2,RAIN,1,DAYLIGHT,12,MOTOR VEHICLE IN TRANSPORT,CHASE BLVD & CHADDS CT,HERMITAGE,TN,37076,9715,HERMIT,36.2254,-86.6022,POINT (-86.6022 36.2254)
20190906033,12/18/2019 06:40:00 PM,2,0,0,,N,256446,11,Front to Rear,21,CLEAR,3,DARK - LIGHTED,12,MOTOR VEHICLE IN TRANSPORT,MM 61 2 I 24,ANTIOCH,TN,37013,87040,SOUTH,36.028,-86.6359,POINT (-86.6359 36.028)
20190676686,09/11/2019 04:35:00 PM,2,0,0,,Y,330444,4,ANGLE,21,CLEAR,1,DAYLIGHT,12,MOTOR VEHICLE IN TRANSPORT,US HWY 431 & 19TH AVE S,NASHVILLE,TN,37212,6709,MIDTOW,36.146,-86.7995,POINT (-86.7995 36.146)
20190819381,11/11/2019 03:20:00 PM,2,0,0,,N,320582,11,Front to Rear,2,RAIN,1,DAYLIGHT,12,MOTOR VEHICLE IN TRANSPORT,MM 49 3 I 24,NASHVILLE,TN,37206,10040,EAST,36.1629,-86.7614,POINT (-86.7614 36.1629)
20190709849,09/25/2019 12:00:00 PM,2,0,0,,Y,665896,5,SIDESWIPE - SAME DIRECTION,21,CLEAR,1,DAYLIGHT,12,MOTOR VEHICLE IN TRANSPORT,MM 44 3 I 24,NASHVILLE,TN,37207,32242,NORTH,36.229,-86.7805,POINT (-86.7805 36.229)
20190610646,08/16/2019 06:46:00 AM,2,0,0,,N,109534,11,Front to Rear,21,CLEAR,1,DAYLIGHT,12,MOTOR VEHICLE IN TRANSPORT,ELM HILL PKE & MASSMAN DR,NASHVILLE,TN,37210,9017,HERMIT,36.1449,-86.711,POINT (-86.711 36.1449)
20190732635,10/04/2019 09:10:00 PM,1,0,0,,N,262724,0,NOT COLLISION W/MOTOR VEHICLE-TRANSPORT,21,CLEAR,3,DARK - LIGHTED,34;47;64,DITCH;FIRE HYDRANT;Ran Off Road-Left,WHITES CREEK PKE & RILEY ADCOCK RD,JOELTON,TN,37080,2319,NORTH,36.3714,-86.8908,POINT (-86.8908 36.3714)
20190866566,12/02/2019 08:45:00 AM,2,0,0,Y,Y,226622,4,ANGLE,22,CLOUDY,1,DAYLIGHT,12,MOTOR VEHICLE IN TRANSPORT,CALIFORNIA AV & 62ND AVN,NASHVILLE,TN,37209,4617,WEST,36.1667,-86.862,POINT (-86.862 36.1667)
20190880888,12/08/2019 02:49:00 AM,4,5,1,Y,Y,166477,4,ANGLE,21,CLEAR,3,DARK - LIGHTED,14;19;30;39;55,PARKED MOTOR VEHICLE;BUILDING;UTILITY POLE;WALL;Motor Vehicle-In-Motion Outside Trafficw,MURFREESBORO PKE & HAMILTON CHURCH RD,ANTIOCH,TN,37013,8865,SOUTH,36.0649,-86.6286,POINT (-86.6286 36.0649)
20190737682,10/07/2019 03:13:00 PM,2,2,0,,N,256426,4,ANGLE,22,CLOUDY,1,DAYLIGHT,13,MOTOR VEHICLE IN TRANSPORT-OTHER ROADWAY,WOODBERRY DR & MCGAVOCK PKE,NASHVILLE,TN,37214,9119,HERMIT,36.1568,-86.6809,POINT (-86.6809 36.1568)
20190906338,12/18/2019 09:48:00 PM,2,1,0,Y,N,879558,4,ANGLE,21,CLEAR,3,DARK - LIGHTED,1;12;39,MOTOR VEHICLE IN TRANSPORT;WALL,CENTRAL PKE & TULIP GROVE RD,HERMITAGE,TN,37076,9557,HERMIT,36.09,-86.6401,POINT (-86.6401 36.09)
20190644506,08/29/2019 07:53:00 AM,2,0,0,,N,420059,98,OTHER,21,CLEAR,1,DAYLIGHT,12,MOTOR VEHICLE IN TRANSPORT,SIDCO DR & HARDING PL,NASHVILLE,TN,37204,8531,MIDTOW,36.0834,-86.7616,POINT (-86.7616 36.0834)
20190804657,11/05/2019 07:37:00 AM,2,0,0,,N,462474,5,SIDESWIPE - SAME DIRECTION,21,CLEAR,1,DAYLIGHT,14;55,PARKED MOTOR VEHICLE;Motor Vehicle-In-Motion Outside Trafficw,MM 81 7 I 65,NASHVILLE,TN,37203,8006,MIDTOW,36.1384,-86.7758,POINT (-86.7758 36.1384)
20190595957,08/10/2019 03:57:00 PM,2,0,0,,N,256423,11,Front to Rear,21,CLEAR,1,DAYLIGHT,12,MOTOR VEHICLE IN TRANSPORT,WHITES CREEK PKE & SYCAMORE CREEK RD,JOELTON,TN,37080,2321,NORTH,36.3819,-86.895,POINT (-86.895 36.3819)
20190602172,08/13/2019 04:25:00 AM,2,0,0,,Y,110090,4,ANGLE,21,CLEAR,3,DARK - LIGHTED,12,MOTOR VEHICLE IN TRANSPORT,OLD HICKORY BLVD & EULALA DR,ANTIOCH,TN,37013,8757,SOUTH,36.0454,-86.7036,POINT (-86.7036 36.0454)
20190901166,12/16/2019 10:59:00 PM,1,1,0,,N,311336,0,NOT COLLISION W/MOTOR VEHICLE-TRANSPORT,2,RAIN,3,DARK - LIGHTED,34,DITCH,ELLINGTON PKWYS & ELLINGTON PKWYN,NASHVILLE,TN,37207,1995,EAST,36.1758,-86.7666,POINT (-86.7666 36.1758)
20190837975,11/19/2019 10:51:00 AM,2,1,0,,N,109534,4,ANGLE,21,CLEAR,1,DAYLIGHT,12,MOTOR VEHICLE IN TRANSPORT,I40 E EXT RAMP & I 40,NASHVILLE,TN,37214,8955,HERMIT,36.155,-86.6271,POINT (-86.6271 36.155)
20190856242,11/27/2019 12:38:00 AM,1,0,0,,N,256492,0,NOT COLLISION W/MOTOR VEHICLE-TRANSPORT,2,RAIN,3,DARK - LIGHTED,24,GUARDRAIL FACE,MM 211 7 I 40,NASHVILLE,TN,37210,82042,HERMIT,36.1499,-86.7483,POINT (-86.7483 36.1499)
20190704845,09/21/2019 10:15:00 PM,1,0,0,Y,Y,212344,0,NOT COLLISION W/MOTOR VEHICLE-TRANSPORT,21,CLEAR,3,DARK - LIGHTED,19,BUILDING,MILLS RD & OLD HICKORY BLVD,HERMITAGE,TN,37076,9527,HERMIT,36.1685,-86.6003,POINT (-86.6003 36.1685)
20190713846,09/27/2019 12:50:00 AM,2,2,0,Y,N,384446,4,ANGLE,21,CLEAR,3,DARK - LIGHTED,12,MOTOR VEHICLE IN TRANSPORT,4TH AVS & CAMERON ST,NASHVILLE,TN,37210,8153,SOUTH,36.1477,-86.7685,POINT (-86.7685 36.1477)
20190817469,11/10/2019 05:36:00 PM,3,0,0,,Y,279116,4,ANGLE,21,CLEAR,3,DARK - LIGHTED,12,MOTOR VEHICLE IN TRANSPORT,NOLENSVILLE PKE & ELBERTA ST,NASHVILLE,TN,37210,8319,SOUTH,36.1191,-86.7493,POINT (-86.7493 36.1191)
20190729121,10/03/2019 02:03:00 PM,2,0,0,,N,225773,4,ANGLE,21,CLEAR,1,DAYLIGHT,12,MOTOR VEHICLE IN TRANSPORT,PRENTICE AV & GRANTLAND AV,NASHVILLE,TN,37204,6945,MIDTOW,36.1308,-86.7772,POINT (-86.7772 36.1308)
20190760896,10/17/2019 08:30:00 AM,2,0,0,,N,676834,11,Front to Rear,21,CLEAR,1,DAYLIGHT,12,MOTOR VEHICLE IN TRANSPORT,FRENCH LANDING DR & VANTAGE WAY,NASHVILLE,TN,37208,4403,NORTH,36.1911,-86.7972,POINT (-86.7972 36.1911)
20190730194,10/03/2019 11:40:00 PM,2,0,0,,Y,197067,4,ANGLE,21,CLEAR,2,DARK - NOT LIGHTED,12,MOTOR VEHICLE IN TRANSPORT,MM 48 0 I 24,NASHVILLE,TN,37213,1908,CENTRA,36.1759,-86.7721,POINT (-86.7721 36.1759)
20190931804,12/31/2019 12:20:00 PM,2,0,0,,N,226600,4,ANGLE,21,CLEAR,1,DAYLIGHT,12,MOTOR VEHICLE IN TRANSPORT,CLEGHORN AV & GREEN HILLS VILLAGE DR,NASHVILLE,TN,37215,6109,WEST,36.1087,-86.8184,POINT (-86.8184 36.1087)
20190662416,09/05/2019 03:30:00 PM,1,1,0,,Y,206963,0,NOT COLLISION W/MOTOR VEHICLE-TRANSPORT,21,CLEAR,1,DAYLIGHT,55;8,Motor Vehicle-In-Motion Outside Trafficw;PEDESTRIAN,JACKSON MEADOWS DR & GENERAL JACKSON LN,HERMITAGE,TN,37076,9715,HERMIT,36.2179,-86.6002,POINT (-86.6002 36.2179)
20190665111,09/06/2019 05:29:00 PM,2,1,0,,N,256389,4,ANGLE,21,CLEAR,1,DAYLIGHT,12,MOTOR VEHICLE IN TRANSPORT,RIDLEY BLVD & HAMILTON AV,NASHVILLE,TN,37203,6941,MIDTOW,36.1391,-86.7766,POINT (-86.7766 36.1391)
20190884307,12/09/2019 05:48:00 PM,2,0,0,,N,134871,5,SIDESWIPE - SAME DIRECTION,21,CLEAR,2,DARK - NOT LIGHTED,12,MOTOR VEHICLE IN TRANSPORT,1ST AVS & KOREAN VETERANS BLVD,NASHVILLE,TN,37201,4051,CENTRA,36.1584,-86.772,POINT (-86.772 36.1584)
20190660153,09/04/2019 04:50:00 PM,2,0,0,,N,909486,11,Front to Rear,21,CLEAR,1,DAYLIGHT,12,MOTOR VEHICLE IN TRANSPORT,MM 80 6 I 65,NASHVILLE,TN,37204,80040,MIDTOW,36.1235,-86.7729,POINT (-86.7729 36.1235)
20190626827,08/22/2019 08:35:00 AM,2,0,0,,N,109534,11,Front to Rear,21,CLEAR,1,DAYLIGHT,12,MOTOR VEHICLE IN TRANSPORT,MM 214 0 I 40,NASHVILLE,TN,37217,88020,HERMIT,36.1417,-86.7137,POINT (-86.7137 36.1417)
20190747937,10/11/2019 06:31:00 PM,2,1,0,,N,352161,11,Front to Rear,2,RAIN,3,DARK - LIGHTED,12,MOTOR VEHICLE IN TRANSPORT,MM 87 5 I 65,NASHVILLE,TN,37207,1804,EAST,36.2091,-86.776,POINT (-86.776 36.2091)
20190708817,09/25/2019 12:00:00 AM,1,1,0,,N,197075,0,NOT COLLISION W/MOTOR VEHICLE-TRANSPORT,21,CLEAR,3,DARK - LIGHTED,34;64,DITCH;Ran Off Road-Left,I65 S ENT RAMP & I 65,NASHVILLE,TN,37207,3007,NORTH,36.2057,-86.778,POINT (-86.778 36.2057)
20190632991,08/24/2019 03:17:00 PM,3,1,0,,Y,206964,11,Front to Rear,21,CLEAR,1,DAYLIGHT,12,MOTOR VEHICLE IN TRANSPORT,BELL RD & CANE RIDGE RD,ANTIOCH,TN,37013,8721,SOUTH,36.0447,-86.6615,POINT (-86.6615 36.0447)
20190804980,11/05/2019 09:00:00 AM,1,0,0,Y,Y,226098,0,NOT COLLISION W/MOTOR VEHICLE-TRANSPORT,21,CLEAR,1,DAYLIGHT,40,MAIL BOX,WHITES CREEK PKE & WHITES CREEK PKE PVTD,JOELTON,TN,37080,2319,NORTH,36.3636,-86.8874,POINT (-86.8874 36.3636)
20190726617,10/02/2019 02:15:00 PM,2,0,0,,N,267831,11,Front to Rear,21,CLEAR,1,DAYLIGHT,12,MOTOR VEHICLE IN TRANSPORT,HILLSBORO PKE & OLD HICKORY BLVD,NASHVILLE,TN,37221,6215,WEST,36.0448,-86.8649,POINT (-86.8649 36.0448)
20190665603,09/06/2019 12:00:00 AM,2,0,0,,Y,579971,16,Rear to Side,21,CLEAR,1,DAYLIGHT,14,PARKED MOTOR VEHICLE,BAKERTOWN RD & HAYSTACK LN,NASHVILLE,TN,37211,8851,SOUTH,36.0712,-86.6865,POINT (-86.6865 36.0712)
20190908501,12/19/2019 05:43:00 PM,1,2,0,Y,N,693098,0,NOT COLLISION W/MOTOR VEHICLE-TRANSPORT,21,CLEAR,7,Dark-Unknown Lighting,19;41,BUILDING;SHRUBBERY,CASTLEMAN DR & HOBBS RD,NASHVILLE,TN,37215,6115,WEST,36.0999,-86.8258,POINT (-86.8258 36.0999)
20190903337,12/17/2019 06:00:00 PM,2,0,0,,Y,212343,5,SIDESWIPE - SAME DIRECTION,21,CLEAR,7,Dark-Unknown Lighting,12,MOTOR VEHICLE IN TRANSPORT,MM 49 2 I 24,NASHVILLE,TN,37213,1002,CENTRA,36.1637,-86.7625,POINT (-86.7625 36.1637)
20190628044,08/22/2019 06:28:00 PM,2,0,0,,N,192871,11,Front to Rear,2,RAIN,1,DAYLIGHT,12,MOTOR VEHICLE IN TRANSPORT,MYATT DR & RIVERGATE BUSINESS CENTER PVT,MADISON,TN,37115,1731,MADISO,36.2957,-86.6982,POINT (-86.6982 36.2957)
20190701285,09/21/2019 06:30:00 PM,2,0,0,,Y,693098,6,SIDESWIPE - OPPOSITE DIRECTION,21,CLEAR,1,DAYLIGHT,14,PARKED MOTOR VEHICLE,48TH AVN & ALABAMA AV,NASHVILLE,TN,37209,5127,WEST,36.153,-86.8448,POINT (-86.8448 36.153)
20190835144,11/18/2019 08:45:00 AM,2,0,0,,N,676834,4,ANGLE,21,CLEAR,1,DAYLIGHT,12,MOTOR VEHICLE IN TRANSPORT,DOMINICAN DR & ATHENS WAY,NASHVILLE,TN,37228,4445,NORTH,36.1876,-86.7999,POINT (-86.7999 36.1876)
20190835328,11/18/2019 10:21:00 AM,2,0,0,,Y,311804,4,ANGLE,22,CLOUDY,1,DAYLIGHT,12,MOTOR VEHICLE IN TRANSPORT,ROSA L PARKS BLVD & ROSA L PARKS BLVD EX,NASHVILLE,TN,37203,4147,CENTRA,36.1632,-86.786,POINT (-86.786 36.1632)
20190846703,11/22/2019 02:20:00 PM,1,0,0,Y,N,330431,0,NOT COLLISION W/MOTOR VEHICLE-TRANSPORT,2,RAIN,1,DAYLIGHT,30,UTILITY POLE,CLIFF DR & CLARKSVILLE PKE,NASHVILLE,TN,37218,3135,NORTH,36.1925,-86.8289,POINT (-86.8289 36.1925)
20190779990,10/25/2019 12:45:00 PM,2,1,0,,N,676834,11,Front to Rear,2,RAIN,1,DAYLIGHT,12,MOTOR VEHICLE IN TRANSPORT,MM 86 9 I 65,NASHVILLE,TN,37207,3002,NORTH,36.2009,-86.7768,POINT (-86.7768 36.2009)
20190866319,12/02/2019 07:01:00 AM,2,0,0,,N,665896,11,Front to Rear,22,CLOUDY,1,DAYLIGHT,12,MOTOR VEHICLE IN TRANSPORT,ELLINGTON PKWYS & SPRING ST,NASHVILLE,TN,37207,19961,EAST,36.1761,-86.7663,POINT (-86.7663 36.1761)
20190810222,11/07/2019 10:58:00 AM,1,0,0,,Y,716886,0,NOT COLLISION W/MOTOR VEHICLE-TRANSPORT,2,RAIN,1,DAYLIGHT,33;34,CURB;DITCH,RECOVERY RD & HARDING PL,NASHVILLE,TN,37211,8705,SOUTH,36.0802,-86.718,POINT (-86.718 36.0802)
20190702394,09/22/2019 10:11:00 AM,2,0,0,,N,755026,11,Front to Rear,21,CLEAR,1,DAYLIGHT,12,MOTOR VEHICLE IN TRANSPORT,MM 52 8 I 24,NASHVILLE,TN,37210,81022,SOUTH,36.1212,-86.7272,POINT (-86.7272 36.1212)
20190695243,09/19/2019 07:45:00 AM,2,0,0,,N,676834,4,ANGLE,21,CLEAR,1,DAYLIGHT,12,MOTOR VEHICLE IN TRANSPORT,HEIMAN ST & 23RD AVN,NASHVILLE,TN,37208,4481,NORTH,36.1706,-86.8132,POINT (-86.8132 36.1706)
20190654947,09/02/2019 02:51:00 PM,1,0,0,,Y,524985,0,NOT COLLISION W/MOTOR VEHICLE-TRANSPORT,21,CLEAR,1,DAYLIGHT,24;63,GUARDRAIL FACE;Ran Off Road-Right,MM 86 5 I 65,NASHVILLE,TN,37207,3006,NORTH,36.1946,-86.7762,POINT (-86.7762 36.1946)
20190640634,08/27/2019 08:08:00 PM,2,0,0,,Y,179606,11,Front to Rear,2,RAIN,3,DARK - LIGHTED,12,MOTOR VEHICLE IN TRANSPORT,LOMBARDY AV & HILLSBORO PKE,NASHVILLE,TN,,6001,WEST,,,
20190618169,08/19/2019 10:10:00 AM,1,0,0,,Y,191578,0,NOT COLLISION W/MOTOR VEHICLE-TRANSPORT,21,CLEAR,1,DAYLIGHT,42,TREE,CONWAY PL & CONWAY CT,OLD HICKORY,TN,37138,9617,HERMIT,36.2204,-86.6252,POINT (-86.6252 36.2204)
20190635319,08/25/2019 04:14:00 PM,2,0,0,,Y,256426,5,SIDESWIPE - SAME DIRECTION,22,CLOUDY,1,DAYLIGHT,12,MOTOR VEHICLE IN TRANSPORT,MM 215 2 I 40,NASHVILLE,TN,37214,91021,HERMIT,36.144,-86.6913,POINT (-86.6913 36.144)
20190736550,10/07/2019 12:30:00 AM,2,1,0,,N,468098,11,Front to Rear,2,RAIN,2,DARK - NOT LIGHTED,12,MOTOR VEHICLE IN TRANSPORT,MM 59 4 I 24,ANTIOCH,TN,37013,8808,SOUTH,36.0454,-86.659,POINT (-86.659 36.0454)
20190814761,11/09/2019 09:00:00 AM,4,0,0,,Y,620061,11,Front to Rear,21,CLEAR,1,DAYLIGHT,12,MOTOR VEHICLE IN TRANSPORT,I440 W EXT RAMP & I 440,NASHVILLE,TN,37212,6501,MIDTOW,36.122,-86.804,POINT (-86.804 36.122)
20190903972,12/18/2019 12:36:00 AM,2,0,0,,N,197055,11,Front to Rear,21,CLEAR,3,DARK - LIGHTED,12,MOTOR VEHICLE IN TRANSPORT,OLD HICKORY BLVD & FIRESTONE PKWY,ANTIOCH,TN,37013,8867,SOUTH,36.017,-86.6199,POINT (-86.6199 36.017)
20190772998,10/22/2019 04:19:00 PM,2,1,0,,N,197070,5,SIDESWIPE - SAME DIRECTION,21,CLEAR,1,DAYLIGHT,12,MOTOR VEHICLE IN TRANSPORT,ASHLAND CITY HWY & CLARKSVILLE PKE,NASHVILLE,TN,37218,3121,NORTH,36.1976,-86.8375,POINT (-86.8375 36.1976)
20190670073,09/09/2019 07:00:00 AM,2,0,0,,N,352207,11,Front to Rear,21,CLEAR,1,DAYLIGHT,12,MOTOR VEHICLE IN TRANSPORT,BLAKEMORE AV & 26TH AVS,NASHVILLE,TN,37212,5821,MIDTOW,36.1384,-86.8086,POINT (-86.8086 36.1384)
20190762753,10/17/2019 10:40:00 PM,2,0,0,,N,311338,11,Front to Rear,21,CLEAR,3,DARK - LIGHTED,12,MOTOR VEHICLE IN TRANSPORT,DOMINICAN DR & ROSA L PARKS BLVD,NASHVILLE,TN,37228,4445,NORTH,36.1879,-86.7985,POINT (-86.7985 36.1879)
20190676347,09/11/2019 02:39:00 PM,2,0,0,,Y,320579,4,ANGLE,21,CLEAR,1,DAYLIGHT,12,MOTOR VEHICLE IN TRANSPORT,LITTON AV & BURNS ST,NASHVILLE,TN,37216,1413,EAST,36.2011,-86.7289,POINT (-86.7289 36.2011)
20190692427,09/18/2019 06:03:00 AM,2,0,0,,N,716886,4,ANGLE,21,CLEAR,1,DAYLIGHT,12,MOTOR VEHICLE IN TRANSPORT,PIN OAK DR & RAINSTONE PT,ANTIOCH,TN,37013,8905,SOUTH,36.0478,-86.5899,POINT (-86.5899 36.0478)
20190894132,12/13/2019 11:23:00 AM,2,0,0,,N,834798,11,Front to Rear,21,CLEAR,1,DAYLIGHT,12,MOTOR VEHICLE IN TRANSPORT,MM 209 4 I 40,NASHVILLE,TN,37203,40041,CENTRA,36.1519,-86.7866,POINT (-86.7866 36.1519)
20190594100,08/09/2019 07:37:00 PM,2,0,0,,N,298877,0,NOT COLLISION W/MOTOR VEHICLE-TRANSPORT,21,CLEAR,3,DARK - LIGHTED,7,,I440 W ENT RAMP & I 24,NASHVILLE,TN,37217,8801,SOUTH,36.1232,-86.7263,POINT (-86.7263 36.1232)
20190876205,12/05/2019 08:40:00 PM,2,0,0,,N,493301,5,SIDESWIPE - SAME DIRECTION,22,CLOUDY,3,DARK - LIGHTED,12,MOTOR VEHICLE IN TRANSPORT,SAWYER BROWN RD & BELLEVUE CTR PVTDR,NASHVILLE,TN,37221,4815,WEST,36.079,-86.9446,POINT (-86.9446 36.079)
20190774310,10/23/2019 06:25:00 AM,4,0,0,,Y,197053,11,Front to Rear,21,CLEAR,4,DAWN,12,MOTOR VEHICLE IN TRANSPORT,MM 57 6 I 24,ANTIOCH,TN,37013,87060,SOUTH,36.0629,-86.6829,POINT (-86.6829 36.0629)
20190690100,09/17/2019 10:53:00 AM,1,0,0,Y,N,544481,0,NOT COLLISION W/MOTOR VEHICLE-TRANSPORT,21,CLEAR,1,DAYLIGHT,30,UTILITY POLE,LISCHEY AV & MARIE ST,NASHVILLE,TN,37207,1873,EAST,36.1946,-86.7631,POINT (-86.7631 36.1946)
20190753077,10/14/2019 07:55:00 AM,2,0,0,,N,343522,11,Front to Rear,21,CLEAR,1,DAYLIGHT,12,MOTOR VEHICLE IN TRANSPORT,HIGHWAY 100 & OLD HARDING PKE,NASHVILLE,TN,37221,4807,WEST,36.0445,-86.956,POINT (-86.956 36.0445)
20190631616,08/23/2019 10:03:00 PM,2,0,0,,N,256488,5,SIDESWIPE - SAME DIRECTION,21,CLEAR,3,DARK - LIGHTED,12,MOTOR VEHICLE IN TRANSPORT,US HWY 31 ALT & RAMP,NASHVILLE,TN,37210,8153,SOUTH,36.1505,-86.7703,POINT (-86.7703 36.1505)
20190713747,09/26/2019 11:41:00 PM,1,1,0,,N,311338,0,NOT COLLISION W/MOTOR VEHICLE-TRANSPORT,21,CLEAR,3,DARK - LIGHTED,36,CONCRETE TRAFFIC BARRIER,I40 W ENT RAMP & I40 E ENT RAMP,NASHVILLE,TN,37208,44041,NORTH,36.174,-86.8011,POINT (-86.8011 36.174)