Accident Number,Date and Time,Number of Motor Vehicles,Number of Injuries,Number of Fatalities,Property Damage,Hit and Run,Reporting Officer,Collision Type Code,Collision Type Description,Weather Code,Weather Description,Illumination Code,Illumination Description,Harmful Code,Harmful Code Description,Street Address,City,State,ZIP,RPA,Precinct,Latitude,Longitude,Mapped Location
20190766473,10/19/2019 12:05:00 PM,2,0,0,,Y,299249,11,Front to Rear,21,CLEAR,1,DAYLIGHT,12,MOTOR VEHICLE IN TRANSPORT,DONELSON PKE & NODYNE DR,NASHVILLE,TN,37214,9105,HERMIT,36.1512,-86.6666,POINT (-86.6666 36.1512)
20190929901,12/30/2019 04:10:00 PM,2,1,0,,N,352204,4,ANGLE,21,CLEAR,1,DAYLIGHT,12,MOTOR VEHICLE IN TRANSPORT,OLD HICKORY BLVD & BELLEVUE VALLEY PLAZA,NASHVILLE,TN,37221,4901,WEST,36.0734,-86.9207,POINT (-86.9207 36.0734)
20190865694,12/01/2019 09:50:00 PM,2,1,0,,N,191786,11,Front to Rear,21,CLEAR,3,DARK - LIGHTED,12,MOTOR VEHICLE IN TRANSPORT,I40 E EXT RAMP & I 40,NASHVILLE,TN,37214,8955,HERMIT,36.155,-86.6271,POINT (-86.6271 36.155)
20190781199,10/25/2019 11:50:00 PM,2,0,0,,N,352201,11,Front to Rear,2,RAIN,2,DARK - NOT LIGHTED,12,MOTOR VEHICLE IN TRANSPORT,6TH AVS & LAFAYETTE ST,NASHVILLE,TN,37203,4027,CENTRA,36.1521,-86.7749,POINT (-86.7749 36.1521)
20190613915,08/17/2019 02:31:00 PM,2,0,0,,N,256383,11,Front to Rear,21,CLEAR,1,DAYLIGHT,12,MOTOR VEHICLE IN TRANSPORT,EAST THOMPSON LN & WIMPOLE DR,NASHVILLE,TN,37217,8879,SOUTH,36.1247,-86.7148,POINT (-86.7148 36.1247)
20190640926,08/27/2019 11:40:00 PM,1,0,0,,Y,298868,0,NOT COLLISION W/MOTOR VEHICLE-TRANSPORT,21,CLEAR,2,DARK - NOT LIGHTED,39,WALL,BRILEY PKWY S EXT RAMP & WALNUT HILL DR,NASHVILLE,TN,37214,9219,HERMIT,36.1702,-86.6892,POINT (-86.6892 36.1702)
20190737397,10/07/2019 12:00:00 AM,2,0,0,,Y,591933,9,UNKNOWN,2,RAIN,1,DAYLIGHT,12;14,MOTOR VEHICLE IN TRANSPORT;PARKED MOTOR VEHICLE,CROSSINGS PL & CROSSINGS BLVD,ANTIOCH,TN,37013,8863,SOUTH,36.0444,-86.6482,POINT (-86.6482 36.0444)
20190888622,12/11/2019 09:28:00 AM,2,0,0,,N,384442,11,Front to Rear,21,CLEAR,1,DAYLIGHT,12,MOTOR VEHICLE IN TRANSPORT,MM 4 4 I 440,NASHVILLE,TN,37204,7014,MIDTOW,36.1158,-86.7827,POINT (-86.7827 36.1158)
20190728894,10/03/2019 11:55:00 AM,2,0,0,,Y,716886,11,Front to Rear,21,CLEAR,1,DAYLIGHT,12,MOTOR VEHICLE IN TRANSPORT,I24 E EXT RAMP & I 24,NASHVILLE,TN,37207,30080,NORTH,36.2378,-86.7872,POINT (-86.7872 36.2378)
20190898928,12/15/2019 11:04:00 PM,1,1,0,,N,352199,0,NOT COLLISION W/MOTOR VEHICLE-TRANSPORT,2,RAIN,3,DARK - LIGHTED,8,PEDESTRIAN,STATE RT 45 & GALLATIN PKEN,MADISON,TN,37115,1701,MADISO,36.2631,-86.7119,POINT (-86.7119 36.2631)
20190749711,10/12/2019 03:33:00 PM,3,0,0,,N,320585,11,Front to Rear,21,CLEAR,1,DAYLIGHT,12,MOTOR VEHICLE IN TRANSPORT,I 24 & UNKNOWN RAMP,NASHVILLE,TN,37210,9004,HERMIT,36.1402,-86.7258,POINT (-86.7258 36.1402)
20190810783,11/07/2019 04:13:00 PM,2,0,0,,N,309262,5,SIDESWIPE - SAME DIRECTION,21,CLEAR,1,DAYLIGHT,12,MOTOR VEHICLE IN TRANSPORT,GALLATIN PKEN & NESBITT LN,MADISON,TN,37115,1709,MADISO,36.2724,-86.7102,POINT (-86.7102 36.2724)
20190614994,08/17/2019 10:39:00 PM,2,0,0,,N,311343,11,Front to Rear,21,CLEAR,3,DARK - LIGHTED,12,MOTOR VEHICLE IN TRANSPORT,12TH AVS & SWEETBRIAR AV,NASHVILLE,TN,37212,6505,MIDTOW,36.1241,-86.7897,POINT (-86.7897 36.1241)
20190808427,11/06/2019 04:59:00 PM,2,0,0,,N,320599,11,Front to Rear,21,CLEAR,5,DUSK,12,MOTOR VEHICLE IN TRANSPORT,ELM HILL PKE & LANNIE BOSWELL AV,NASHVILLE,TN,37210,9013,HERMIT,36.1439,-86.7356,POINT (-86.7356 36.1439)
20190756066,10/15/2019 10:23:00 AM,1,0,0,,N,462474,0,NOT COLLISION W/MOTOR VEHICLE-TRANSPORT,22,CLOUDY,1,DAYLIGHT,24,GUARDRAIL FACE,I65 S ENT RAMP & I 65,NASHVILLE,TN,37207,3007,NORTH,36.2057,-86.778,POINT (-86.778 36.2057)
20190845506,11/22/2019 06:00:00 AM,1,0,0,,N,278580,0,NOT COLLISION W/MOTOR VEHICLE-TRANSPORT,2,RAIN,7,Dark-Unknown Lighting,50,DEER (ANIMAL),ASHLAND CITY HWY & OLD HYDES FERRY PKE,NASHVILLE,TN,37218,3341,NORTH,36.2072,-86.9369,POINT (-86.9369 36.2072)
20190846605,11/22/2019 04:48:00 PM,2,0,0,,N,256383,11,Front to Rear,21,CLEAR,5,DUSK,12,MOTOR VEHICLE IN TRANSPORT,MM 54 2 I 24,NASHVILLE,TN,37211,88122,SOUTH,36.1038,-86.7151,POINT (-86.7151 36.1038)
20190615549,08/17/2019 11:17:00 PM,2,0,0,,Y,352183,2,HEAD-ON,21,CLEAR,2,DARK - NOT LIGHTED,14,PARKED MOTOR VEHICLE,ROUNDROCK & LAVERGNE COUCHVILLE,ANTIOCH,TN,37013,8903,SOUTH,36.0348,-86.5869,POINT (-86.5869 36.0348)
20190775599,10/23/2019 03:44:00 PM,2,0,0,,N,429193,11,Front to Rear,21,CLEAR,1,DAYLIGHT,12,MOTOR VEHICLE IN TRANSPORT,CHARLOTTE PKE & CHARLOTTE PKE PVTDR,NASHVILLE,TN,37209,4703,WEST,36.1293,-86.9044,POINT (-86.9044 36.1293)
20190599785,08/12/2019 07:31:00 AM,2,0,0,,N,716886,11,Front to Rear,21,CLEAR,1,DAYLIGHT,12,MOTOR VEHICLE IN TRANSPORT,MM 60 0 I 24,ANTIOCH,TN,37013,88060,SOUTH,36.0403,-86.6502,POINT (-86.6502 36.0403)
20190820715,11/12/2019 04:50:00 AM,2,1,0,,N,352153,4,ANGLE,22,CLOUDY,3,DARK - LIGHTED,12,MOTOR VEHICLE IN TRANSPORT,MM 53 7 I 24,NASHVILLE,TN,37211,88122,SOUTH,36.1097,-86.7216,POINT (-86.7216 36.1097)
20190842859,11/21/2019 08:00:00 AM,2,0,0,,N,225886,11,Front to Rear,22,CLOUDY,1,DAYLIGHT,12,MOTOR VEHICLE IN TRANSPORT,OLD HICKORY BLVD & I40 W EXT RAMP,HERMITAGE,TN,37076,9557,HERMIT,36.1708,-86.6016,POINT (-86.6016 36.1708)
20190753105,10/14/2019 08:00:00 AM,1,1,0,,N,402660,0,NOT COLLISION W/MOTOR VEHICLE-TRANSPORT,21,CLEAR,1,DAYLIGHT,8,PEDESTRIAN,31ST AVS & 31ST AVN,NASHVILLE,TN,37212,5815,MIDTOW,36.1424,-86.8153,POINT (-86.8153 36.1424)
20190585964,08/07/2019 02:21:00 AM,2,1,0,,N,298879,11,Front to Rear,21,CLEAR,3,DARK - LIGHTED,12,MOTOR VEHICLE IN TRANSPORT,OLD HICKORY BLVD & BELLE VALLEY DR,NASHVILLE,TN,37221,4815,WEST,36.1056,-86.9222,POINT (-86.9222 36.1056)
20190702793,09/22/2019 02:29:00 PM,2,0,0,,N,279116,4,ANGLE,21,CLEAR,1,DAYLIGHT,12,MOTOR VEHICLE IN TRANSPORT,CHERRYWOOD DR & MCMURRAY DR,NASHVILLE,TN,37211,8659,MIDTOW,36.0603,-86.7222,POINT (-86.7222 36.0603)
20190680917,09/13/2019 08:02:00 AM,2,0,0,,N,716886,11,Front to Rear,21,CLEAR,1,DAYLIGHT,12,MOTOR VEHICLE IN TRANSPORT,I24 W EXT RAMP & I 24,NASHVILLE,TN,37211,8829,SOUTH,36.1074,-86.7197,POINT (-86.7197 36.1074)
20190883717,12/09/2019 01:10:00 PM,2,0,0,,N,109495,4,ANGLE,2,RAIN,1,DAYLIGHT,12,MOTOR VEHICLE IN TRANSPORT,THOMPSON LN & W IRIS DR,NASHVILLE,TN,37204,8527,MIDTOW,36.1124,-86.768,POINT (-86.768 36.1124)
20190769559,10/21/2019 07:35:00 AM,2,1,0,,N,384436,11,Front to Rear,21,CLEAR,1,DAYLIGHT,12,MOTOR VEHICLE IN TRANSPORT,MM 54 6 I 24,NASHVILLE,TN,37211,84021,SOUTH,36.0994,-86.7109,POINT (-86.7109 36.0994)
20190922069,12/26/2019 04:53:00 PM,2,0,0,,N,330415,5,SIDESWIPE - SAME DIRECTION,21,CLEAR,1,DAYLIGHT,12,MOTOR VEHICLE IN TRANSPORT,0 S 4TH ST,NASHVILLE,TN,37206,1109,EAST,36.167,-86.7638,POINT (-86.7638 36.167)
20190821344,11/12/2019 10:32:00 AM,2,0,0,,N,414731,5,SIDESWIPE - SAME DIRECTION,21,CLEAR,1,DAYLIGHT,12,MOTOR VEHICLE IN TRANSPORT,I24 E EXT RAMP & HARDING PL,NASHVILLE,TN,37211,8443,SOUTH,36.0861,-86.7014,POINT (-86.7014 36.0861)
20190738445,10/07/2019 12:00:00 AM,1,0,0,,Y,220884,0,NOT COLLISION W/MOTOR VEHICLE-TRANSPORT,21,CLEAR,3,DARK - LIGHTED,32;34,CULVERT;DITCH,FOREST PARK RD & COVENTRY WOODS DR,MADISON,TN,37115,1627,MADISO,36.2581,-86.7039,POINT (-86.7039 36.2581)
20190597214,08/11/2019 02:15:00 AM,1,0,0,,N,209173,0,NOT COLLISION W/MOTOR VEHICLE-TRANSPORT,21,CLEAR,3,DARK - LIGHTED,11,OTHER ANIMAL,CHARLOTTE PKE & RUSSLEO DR,NASHVILLE,TN,37209,5021,WEST,36.1401,-86.8793,POINT (-86.8793 36.1401)
20190851271,11/25/2019 12:55:00 AM,1,1,0,Y,N,161945,0,NOT COLLISION W/MOTOR VEHICLE-TRANSPORT,21,CLEAR,3,DARK - LIGHTED,25;41,GUARDRAIL END;SHRUBBERY,MM 77 3 I 65,NASHVILLE,TN,37220,86042,MIDTOW,36.0758,-86.7677,POINT (-86.7677 36.0758)
20190747359,10/11/2019 12:53:00 PM,3,0,0,,N,462474,11,Front to Rear,22,CLOUDY,1,DAYLIGHT,12,MOTOR VEHICLE IN TRANSPORT,NOLENSVILLE PKE & ROSEDALE AV,NASHVILLE,TN,37210,8101,SOUTH,36.1253,-86.7523,POINT (-86.7523 36.1253)
20190608548,08/15/2019 11:11:00 AM,2,0,0,,Y,716886,6,SIDESWIPE - OPPOSITE DIRECTION,21,CLEAR,1,DAYLIGHT,12,MOTOR VEHICLE IN TRANSPORT,1ST AVS & MILDRED SHUTE AV,NASHVILLE,TN,37210,8143,SOUTH,36.1475,-86.7641,POINT (-86.7641 36.1475)
20190656591,09/03/2019 08:27:00 AM,2,0,0,,N,109534,11,Front to Rear,21,CLEAR,1,DAYLIGHT,12,MOTOR VEHICLE IN TRANSPORT,BRILEY PKWY & KERMIT DR,NASHVILLE,TN,37217,8998,HERMIT,36.1256,-86.6962,POINT (-86.6962 36.1256)
20190712809,09/26/2019 03:20:00 PM,2,2,0,,N,717341,4,ANGLE,22,CLOUDY,1,DAYLIGHT,12,MOTOR VEHICLE IN TRANSPORT,WILLARD DR & EAST RIDGE DR,NASHVILLE,TN,37211,8707,SOUTH,36.0719,-86.6982,POINT (-86.6982 36.0719)
20190926698,12/29/2019 01:14:00 AM,2,0,0,,N,311341,4,ANGLE,22,CLOUDY,3,DARK - LIGHTED,12;63,MOTOR VEHICLE IN TRANSPORT;Ran Off Road-Right,HIGHWAY 100 & PERCY WARNER BLVD,NASHVILLE,TN,37221,6211,WEST,36.0842,-86.8829,POINT (-86.8829 36.0842)
20190745407,10/10/2019 04:25:00 PM,2,0,0,,N,179599,11,Front to Rear,22,CLOUDY,1,DAYLIGHT,12,MOTOR VEHICLE IN TRANSPORT,VANTAGE WAY & FRENCH LANDING DR,NASHVILLE,TN,37228,4499,NORTH,36.1912,-86.7971,POINT (-86.7971 36.1912)
20190777160,10/24/2019 09:05:00 AM,2,0,0,,N,405447,11,Front to Rear,21,CLEAR,1,DAYLIGHT,12,MOTOR VEHICLE IN TRANSPORT,HARDING PL & SIDCO DR,NASHVILLE,TN,37220,8601,MIDTOW,36.0819,-86.7612,POINT (-86.7612 36.0819)
20190775329,10/23/2019 02:30:00 PM,2,0,0,,N,226306,4,ANGLE,21,CLEAR,1,DAYLIGHT,12,MOTOR VEHICLE IN TRANSPORT,HIGHWAY 100 & OLD HARDING PKE,NASHVILLE,TN,37221,4807,WEST,36.0445,-86.956,POINT (-86.956 36.0445)
20190625121,08/21/2019 12:00:00 AM,2,0,0,,N,279200,4,ANGLE,21,CLEAR,1,DAYLIGHT,12,MOTOR VEHICLE IN TRANSPORT,8TH AVS & LAFAYETTE ST,NASHVILLE,TN,37203,4043,CENTRA,36.1546,-86.7792,POINT (-86.7792 36.1546)
20190907451,12/19/2019 08:55:00 AM,2,0,0,,N,462474,11,Front to Rear,21,CLEAR,1,DAYLIGHT,12,MOTOR VEHICLE IN TRANSPORT,I65 N EXT RAMP & HARDING PL,NASHVILLE,TN,37220,8601,MIDTOW,36.0821,-86.7617,POINT (-86.7617 36.0821)
20190771494,10/22/2019 02:15:00 AM,2,0,0,,Y,311343,6,SIDESWIPE - OPPOSITE DIRECTION,21,CLEAR,3,DARK - LIGHTED,14,PARKED MOTOR VEHICLE,WADE AV & HILLSIDE AV,NASHVILLE,TN,37203,6907,MIDTOW,36.1363,-86.7839,POINT (-86.7839 36.1363)
20190698622,09/20/2019 03:03:00 PM,2,0,0,,N,330415,11,Front to Rear,21,CLEAR,1,DAYLIGHT,12,MOTOR VEHICLE IN TRANSPORT,0 I 24,NASHVILLE,TN,37211,8709,SOUTH,36.0692,-86.6897,POINT (-86.6897 36.0692)
20190831639,11/16/2019 03:26:00 PM,2,0,0,,N,352186,11,Front to Rear,21,CLEAR,1,DAYLIGHT,12,MOTOR VEHICLE IN TRANSPORT,CLARKSVILLE PKE & BUENA VISTA PKE,NASHVILLE,TN,37218,3135,NORTH,36.1935,-86.8309,POINT (-86.8309 36.1935)
20190711954,09/26/2019 07:20:00 AM,2,0,0,,N,493309,11,Front to Rear,21,CLEAR,1,DAYLIGHT,12,MOTOR VEHICLE IN TRANSPORT,MM 91 0 I 65,MADISON,TN,37115,20044,MADISO,36.2478,-86.7432,POINT (-86.7432 36.2478)
20190744293,10/10/2019 07:55:00 AM,2,0,0,,N,352174,4,ANGLE,21,CLEAR,1,DAYLIGHT,13,MOTOR VEHICLE IN TRANSPORT-OTHER ROADWAY,INVERNESS AV & VAULX LN,NASHVILLE,TN,37204,6931,MIDTOW,36.124,-86.7808,POINT (-86.7808 36.124)
20190705523,09/23/2019 07:00:00 PM,2,0,0,,N,298874,11,Front to Rear,21,CLEAR,3,DARK - LIGHTED,12,MOTOR VEHICLE IN TRANSPORT,EASTLAND AV & N 17TH ST,NASHVILLE,TN,37206,1231,EAST,36.1829,-86.7385,POINT (-86.7385 36.1829)
20190782273,10/26/2019 03:43:00 PM,2,0,0,,N,330417,11,Front to Rear,2,RAIN,1,DAYLIGHT,12,MOTOR VEHICLE IN TRANSPORT,GALLATIN PKES & HARRINGTON AV,MADISON,TN,37115,1605,MADISO,36.2578,-86.7138,POINT (-86.7138 36.2578)
20190664549,09/06/2019 12:06:00 PM,2,0,0,,N,320575,4,ANGLE,21,CLEAR,1,DAYLIGHT,12,MOTOR VEHICLE IN TRANSPORT,NOLENSVILLE PKE & WALLACE RD,NASHVILLE,TN,37211,8609,MIDTOW,36.0783,-86.726,POINT (-86.726 36.0783)
20190813085,11/08/2019 03:13:00 PM,2,0,0,,N,212330,11,Front to Rear,21,CLEAR,1,DAYLIGHT,12,MOTOR VEHICLE IN TRANSPORT,I24E & I24 W EXT RAMP,NASHVILLE,TN,37210,8102,SOUTH,36.1336,-86.7269,POINT (-86.7269 36.1336)
20190899793,12/16/2019 08:33:00 AM,2,0,0,,Y,226622,11,Front to Rear,2,RAIN,1,DAYLIGHT,12,MOTOR VEHICLE IN TRANSPORT,ROYAL OAKS CONDOS PVTDR & HARDING PKE,NASHVILLE,TN,37205,6101,WEST,36.124,-86.849,POINT (-86.849 36.124)
20190894343,12/13/2019 01:17:00 PM,3,1,0,,N,834798,11,Front to Rear,2,RAIN,1,DAYLIGHT,12,MOTOR VEHICLE IN TRANSPORT,NOLENSVILLE PKE & I440 E ENT RAMP,NASHVILLE,TN,37210,8319,SOUTH,36.1203,-86.7499,POINT (-86.7499 36.1203)
20190716603,09/28/2019 02:20:00 AM,2,4,0,,N,212337,4,ANGLE,21,CLEAR,3,DARK - LIGHTED,12,MOTOR VEHICLE IN TRANSPORT,GARFIELD ST & ROSA L PARKS BLVD,NASHVILLE,TN,37208,4343,NORTH,36.1806,-86.7963,POINT (-86.7963 36.1806)
20190833698,11/17/2019 05:30:00 PM,2,0,0,,N,384435,5,SIDESWIPE - SAME DIRECTION,21,CLEAR,3,DARK - LIGHTED,12,MOTOR VEHICLE IN TRANSPORT,GALLATIN PKES & HICKORY ST,MADISON,TN,37115,1605,MADISO,36.2604,-86.7129,POINT (-86.7129 36.2604)
20190604886,08/14/2019 02:55:00 AM,3,0,0,,N,311340,3,REAR-TO-REAR,21,CLEAR,3,DARK - LIGHTED,12;14,MOTOR VEHICLE IN TRANSPORT;PARKED MOTOR VEHICLE,0 DIVISION ST,NASHVILLE,TN,37203,4021,CENTRA,36.1497,-86.7792,POINT (-86.7792 36.1497)
20190777734,10/24/2019 01:15:00 PM,2,0,0,,N,352174,5,SIDESWIPE - SAME DIRECTION,21,CLEAR,1,DAYLIGHT,12,MOTOR VEHICLE IN TRANSPORT,MM 209 3 I 40,NASHVILLE,TN,37203,40041,CENTRA,36.1537,-86.7878,POINT (-86.7878 36.1537)
20190885491,12/10/2019 05:15:00 AM,2,0,0,,N,311340,5,SIDESWIPE - SAME DIRECTION,2,RAIN,3,DARK - LIGHTED,12,MOTOR VEHICLE IN TRANSPORT,16TH AVS & BROADWAY,NASHVILLE,TN,37203,5701,MIDTOW,36.1543,-86.7929,POINT (-86.7929 36.1543)
20190645586,08/29/2019 06:36:00 PM,2,1,0,,N,151132,2,HEAD-ON,21,CLEAR,1,DAYLIGHT,12,MOTOR VEHICLE IN TRANSPORT,DICKERSON PKE & BELL GRIMES LN,MADISON,TN,37115,2039,MADISO,36.2686,-86.756,POINT (-86.756 36.2686)
20190770667,10/21/2019 05:18:00 PM,1,1,0,,N,299266,0,NOT COLLISION W/MOTOR VEHICLE-TRANSPORT,2,RAIN,5,DUSK,34,DITCH,ANTIOCH PKE & MILL CREEK BLUE HOLE GRNWY,ANTIOCH,TN,37013,8857,SOUTH,36.0662,-86.6811,POINT (-86.6811 36.0662)
20190675676,09/11/2019 09:35:00 AM,3,0,0,Y,N,676834,2,HEAD-ON,21,CLEAR,1,DAYLIGHT,12;13;27,MOTOR VEHICLE IN TRANSPORT;MOTOR VEHICLE IN TRANSPORT-OTHER ROADWAY;H-WAY TRAFFIC SIGNAL POST,CLARKSVILLE PKE & BUENA VISTA PKE,NASHVILLE,TN,37218,3135,NORTH,36.1935,-86.8309,POINT (-86.8309 36.1935)
20190841916,11/20/2019 05:37:00 PM,2,0,0,,N,197070,11,Front to Rear,21,CLEAR,1,DAYLIGHT,12,MOTOR VEHICLE IN TRANSPORT,DR D B TODD JR BLVD & JEFFERSON ST,NASHVILLE,TN,37208,5325,NORTH,36.1695,-86.8067,POINT (-86.8067 36.1695)
20190921848,12/26/2019 03:09:00 PM,2,0,0,,N,137872,11,Front to Rear,21,CLEAR,1,DAYLIGHT,12,MOTOR VEHICLE IN TRANSPORT,BELL RD & DODSON CHAPEL RD,HERMITAGE,TN,37076,9501,HERMIT,36.1632,-86.6131,POINT (-86.6131 36.1632)
20190845379,11/22/2019 06:54:00 AM,2,0,0,,Y,109534,5,SIDESWIPE - SAME DIRECTION,2,RAIN,3,DARK - LIGHTED,12;24;99,MOTOR VEHICLE IN TRANSPORT;GUARDRAIL FACE;UNKNOWN MOST HARMFUL EVENT,MM 213 0 I 40,NASHVILLE,TN,37210,8219,HERMIT,36.1407,-86.7323,POINT (-86.7323 36.1407)
20190878616,12/06/2019 07:13:00 PM,2,0,0,,Y,909486,11,Front to Rear,21,CLEAR,3,DARK - LIGHTED,12,MOTOR VEHICLE IN TRANSPORT,HARDING PL & SHADESCREST DR,NASHVILLE,TN,37211,8607,MIDTOW,36.0771,-86.7366,POINT (-86.7366 36.0771)
20190659349,09/04/2019 09:29:00 AM,2,0,0,,N,414731,11,Front to Rear,21,CLEAR,1,DAYLIGHT,12,MOTOR VEHICLE IN TRANSPORT,HAYWOOD LN & HOPEDALE DR,NASHVILLE,TN,37211,8711,SOUTH,36.0688,-86.7175,POINT (-86.7175 36.0688)
20190645204,08/29/2019 01:28:00 PM,2,0,0,,N,212369,5,SIDESWIPE - SAME DIRECTION,21,CLEAR,1,DAYLIGHT,12,MOTOR VEHICLE IN TRANSPORT,NOLENSVILLE PKE & YELTON CT,NASHVILLE,TN,37211,8435,SOUTH,36.0911,-86.7348,POINT (-86.7348 36.0911)
20190602499,08/13/2019 06:50:00 AM,2,0,0,,Y,676834,11,Front to Rear,21,CLEAR,1,DAYLIGHT,12;14,MOTOR VEHICLE IN TRANSPORT;PARKED MOTOR VEHICLE,LENA ST & BOOKER ST,NASHVILLE,TN,37208,5309,NORTH,36.1608,-86.818,POINT (-86.818 36.1608)
20190817279,11/10/2019 03:46:00 PM,2,0,0,,N,279208,11,Front to Rear,21,CLEAR,1,DAYLIGHT,12,MOTOR VEHICLE IN TRANSPORT,BROADWAY & I40 E ENT RAMP,NASHVILLE,TN,37203,5701,MIDTOW,36.1556,-86.7898,POINT (-86.7898 36.1556)
20190808018,11/06/2019 01:04:00 PM,2,0,0,,N,493304,11,Front to Rear,21,CLEAR,1,DAYLIGHT,12,MOTOR VEHICLE IN TRANSPORT,DICKERSON PKE & DICKERSON PKE ENT RAMP,MADISON,TN,37115,2009,MADISO,36.242,-86.7571,POINT (-86.7571 36.242)
20190818836,11/11/2019 08:30:00 AM,2,0,0,,N,320588,11,Front to Rear,22,CLOUDY,1,DAYLIGHT,12,MOTOR VEHICLE IN TRANSPORT,MM 208 6 I 40,NASHVILLE,TN,37203,42020,CENTRA,36.1629,-86.7935,POINT (-86.7935 36.1629)
20190702654,09/22/2019 02:19:00 PM,2,0,0,,N,769379,11,Front to Rear,21,CLEAR,1,DAYLIGHT,12,MOTOR VEHICLE IN TRANSPORT,MM 59 2 I 24,ANTIOCH,TN,37013,87061,SOUTH,36.0467,-86.6614,POINT (-86.6614 36.0467)
20190836112,11/18/2019 04:55:00 PM,2,0,0,,Y,717341,11,Front to Rear,21,CLEAR,5,DUSK,12,MOTOR VEHICLE IN TRANSPORT,MM 56 7 I 24,NASHVILLE,TN,37211,8810,SOUTH,36.0726,-86.6916,POINT (-86.6916 36.0726)
20190811166,11/07/2019 07:10:00 PM,2,0,0,,N,256448,4,ANGLE,22,CLOUDY,3,DARK - LIGHTED,12,MOTOR VEHICLE IN TRANSPORT,LEBANON PKE & MCGAVOCK PKE,NASHVILLE,TN,37214,9201,HERMIT,36.1694,-86.6799,POINT (-86.6799 36.1694)
20190670275,09/09/2019 08:24:00 AM,2,0,0,,N,225773,11,Front to Rear,21,CLEAR,1,DAYLIGHT,12,MOTOR VEHICLE IN TRANSPORT,MM 78 2 I 65,NASHVILLE,TN,37204,7002,MIDTOW,36.0883,-86.763,POINT (-86.763 36.0883)
20190601464,08/12/2019 10:16:00 PM,2,3,0,,N,256414,4,ANGLE,21,CLEAR,3,DARK - LIGHTED,12,MOTOR VEHICLE IN TRANSPORT,MURFREESBORO PKE & BELL RD,ANTIOCH,TN,37013,8861,SOUTH,36.072,-86.636,POINT (-86.636 36.072)
20190842216,11/20/2019 12:00:00 AM,1,0,0,Y,Y,298875,0,NOT COLLISION W/MOTOR VEHICLE-TRANSPORT,21,CLEAR,3,DARK - LIGHTED,30,UTILITY POLE,CHESTNUT ST & 2ND AVS,NASHVILLE,TN,37210,8167,SOUTH,36.146,-86.7641,POINT (-86.7641 36.146)
20190656271,09/03/2019 03:26:00 AM,2,1,0,,N,110090,2,HEAD-ON,21,CLEAR,3,DARK - LIGHTED,12;14,MOTOR VEHICLE IN TRANSPORT;PARKED MOTOR VEHICLE,ASCOT DR & ASHBY PL,ANTIOCH,TN,37013,8977,SOUTH,36.0715,-86.5816,POINT (-86.5816 36.0715)
20190672718,09/10/2019 08:15:00 AM,2,0,0,,N,352201,11,Front to Rear,21,CLEAR,1,DAYLIGHT,12,MOTOR VEHICLE IN TRANSPORT,BELL RD & COUCHVILLE PKE,NASHVILLE,TN,37214,8989,HERMIT,36.1121,-86.6303,POINT (-86.6303 36.1121)
20190820071,11/11/2019 11:11:00 PM,2,0,0,,N,134869,4,ANGLE,3,"SLEET, HAIL",3,DARK - LIGHTED,12,MOTOR VEHICLE IN TRANSPORT,MM 53 7 I 24,NASHVILLE,TN,37211,88122,SOUTH,36.1097,-86.7216,POINT (-86.7216 36.1097)
20190815144,11/09/2019 03:04:00 PM,2,0,0,,N,330428,11,Front to Rear,21,CLEAR,1,DAYLIGHT,12,MOTOR VEHICLE IN TRANSPORT,HARDING PL & ESTES RD,NASHVILLE,TN,37215,6203,WEST,36.0928,-86.8411,POINT (-86.8411 36.0928)
20190850320,11/24/2019 01:06:00 PM,3,2,0,,N,384451,11,Front to Rear,21,CLEAR,1,DAYLIGHT,12,MOTOR VEHICLE IN TRANSPORT,LEBANON PKE & OLD HICKORY BLVD,HERMITAGE,TN,37076,9613,HERMIT,36.1756,-86.6154,POINT (-86.6154 36.1756)
20190650095,08/31/2019 10:30:00 AM,2,3,0,,N,279227,11,Front to Rear,21,CLEAR,1,DAYLIGHT,12,MOTOR VEHICLE IN TRANSPORT,MM 57 6 I 24,ANTIOCH,TN,37013,87060,SOUTH,36.0629,-86.6829,POINT (-86.6829 36.0629)
20190734426,10/05/2019 09:30:00 PM,2,1,0,,N,887598,5,SIDESWIPE - SAME DIRECTION,21,CLEAR,3,DARK - LIGHTED,12;41;42,MOTOR VEHICLE IN TRANSPORT;SHRUBBERY;TREE,ROSA L PARKS BLVD & LAKE FRONT OFFICE PA,NASHVILLE,TN,37228,4445,NORTH,36.1932,-86.8033,POINT (-86.8033 36.1932)
20190769607,10/21/2019 07:50:00 AM,3,0,0,,N,224437,11,Front to Rear,21,CLEAR,1,DAYLIGHT,12,MOTOR VEHICLE IN TRANSPORT,MM 2 2 I 440,NASHVILLE,TN,37215,6006,WEST,36.1272,-86.8152,POINT (-86.8152 36.1272)
20190820980,11/12/2019 07:44:00 AM,2,0,0,,N,226622,11,Front to Rear,21,CLEAR,1,DAYLIGHT,12,MOTOR VEHICLE IN TRANSPORT,WEST END AV & I440 W EXT RAMP,NASHVILLE,TN,37212,5905,MIDTOW,36.1379,-86.8206,POINT (-86.8206 36.1379)