Accident Number,Date and Time,Number of Motor Vehicles,Number of Injuries,Number of Fatalities,Property Damage,Hit and Run,Reporting Officer,Collision Type Code,Collision Type Description,Weather Code,Weather Description,Illumination Code,Illumination Description,Harmful Code,Harmful Code Description,Street Address,City,State,ZIP,RPA,Precinct,Latitude,Longitude,Mapped Location
20190706275,09/24/2019 03:24:00 AM,1,0,0,Y,Y,256382,0,NOT COLLISION W/MOTOR VEHICLE-TRANSPORT,21,CLEAR,3,DARK - LIGHTED,27,H-WAY TRAFFIC SIGNAL POST,MM 218 8 I 40,NASHVILLE,TN,37214,9404,HERMIT,36.1548,-86.631,POINT (-86.631 36.1548)
20190876952,12/06/2019 07:15:00 AM,2,1,0,,N,420035,4,ANGLE,22,CLOUDY,1,DAYLIGHT,12,MOTOR VEHICLE IN TRANSPORT,GALLATIN PKES & E PALESTINE AV,MADISON,TN,37115,1507,MADISO,36.2491,-86.7196,POINT (-86.7196 36.2491)
20190598031,08/11/2019 12:28:00 PM,2,1,0,,N,834798,11,Front to Rear,21,CLEAR,1,DAYLIGHT,12,MOTOR VEHICLE IN TRANSPORT,MM 4 0 I 440,NASHVILLE,TN,37204,7010,MIDTOW,36.1161,-86.7901,POINT (-86.7901 36.1161)
20190669057,09/08/2019 03:31:00 PM,1,0,0,Y,N,507813,0,NOT COLLISION W/MOTOR VEHICLE-TRANSPORT,21,CLEAR,1,DAYLIGHT,19,BUILDING,0 I24 W EXT RAMP,NASHVILLE,TN,37211,8889,SOUTH,36.0858,-86.6985,POINT (-86.6985 36.0858)
20190832498,11/16/2019 11:45:00 PM,1,2,0,,N,330411,0,NOT COLLISION W/MOTOR VEHICLE-TRANSPORT,21,CLEAR,2,DARK - NOT LIGHTED,50,DEER (ANIMAL),MM 42 6 I 24,WHITES CREEK,TN,37189,3226,NORTH,36.2502,-86.7844,POINT (-86.7844 36.2502)
20190805414,11/05/2019 01:25:00 PM,2,1,0,,N,343522,11,Front to Rear,21,CLEAR,1,DAYLIGHT,12,MOTOR VEHICLE IN TRANSPORT,CHARLOTTE PKE & OLD HICKORY BLVD,NASHVILLE,TN,37209,4701,WEST,36.1177,-86.9218,POINT (-86.9218 36.1177)
20190772281,10/22/2019 10:03:00 AM,2,2,0,,N,224895,2,HEAD-ON,21,CLEAR,1,DAYLIGHT,12,MOTOR VEHICLE IN TRANSPORT,CENTENNIAL BLVD & LINDER INDUSTRIAL DR,NASHVILLE,TN,37209,4617,WEST,36.1692,-86.8619,POINT (-86.8619 36.1692)
20190824921,11/13/2019 06:23:00 PM,2,1,0,,N,420040,4,ANGLE,21,CLEAR,3,DARK - LIGHTED,12,MOTOR VEHICLE IN TRANSPORT,BLAKEMORE AV & 24TH AVS,NASHVILLE,TN,37212,5809,MIDTOW,36.138,-86.8051,POINT (-86.8051 36.138)
20190907690,12/19/2019 10:45:00 AM,1,0,0,Y,N,676834,0,NOT COLLISION W/MOTOR VEHICLE-TRANSPORT,21,CLEAR,1,DAYLIGHT,30,UTILITY POLE,DR D B TODD JR BLVD & BUCHANAN ST,NASHVILLE,TN,37208,4413,NORTH,36.1805,-86.8112,POINT (-86.8112 36.1805)
20190800670,11/03/2019 03:30:00 PM,3,0,0,,Y,299266,11,Front to Rear,21,CLEAR,1,DAYLIGHT,12,MOTOR VEHICLE IN TRANSPORT,HARDING PL & LARGO DR,NASHVILLE,TN,37211,8705,SOUTH,36.0833,-86.7086,POINT (-86.7086 36.0833)
20190685718,09/14/2019 12:00:00 AM,2,0,0,,Y,620061,5,SIDESWIPE - SAME DIRECTION,99,UNKNOWN,9,UNKNOWN,12,MOTOR VEHICLE IN TRANSPORT,PORTLAND AV & CONVENT PL,NASHVILLE,TN,37212,5901,MIDTOW,36.1334,-86.8034,POINT (-86.8034 36.1334)
20190709711,09/25/2019 10:57:00 AM,2,0,0,,N,179580,11,Front to Rear,21,CLEAR,1,DAYLIGHT,12,MOTOR VEHICLE IN TRANSPORT,ROSA L PARKS BLVD & I65 S EXT RAMP,NASHVILLE,TN,37208,4405,NORTH,36.1861,-86.7984,POINT (-86.7984 36.1861)
20190833110,11/17/2019 08:47:00 AM,2,0,0,,N,620061,5,SIDESWIPE - SAME DIRECTION,21,CLEAR,1,DAYLIGHT,12,MOTOR VEHICLE IN TRANSPORT,US HWY 431 & EDGEHILL AVE,NASHVILLE,TN,37212,6709,MIDTOW,36.145,-86.7997,POINT (-86.7997 36.145)
20190636472,08/26/2019 12:00:00 AM,1,0,0,,N,299274,0,NOT COLLISION W/MOTOR VEHICLE-TRANSPORT,2,RAIN,4,DAWN,36,CONCRETE TRAFFIC BARRIER,BRILEY PKWYN & BRILEY PKWYS,NASHVILLE,TN,37211,8404,SOUTH,36.1092,-86.727,POINT (-86.727 36.1092)
20190786552,10/28/2019 04:56:00 PM,2,0,0,,N,240986,11,Front to Rear,21,CLEAR,1,DAYLIGHT,12,MOTOR VEHICLE IN TRANSPORT,ELLINGTON PKWYN & ELLINGTON PKWYS,NASHVILLE,TN,37216,1890,EAST,36.2227,-86.7464,POINT (-86.7464 36.2227)
20190846886,11/22/2019 06:58:00 PM,2,0,0,,N,887598,4,ANGLE,2,RAIN,3,DARK - LIGHTED,12,MOTOR VEHICLE IN TRANSPORT,BROADMOOR DR & DICKERSON PKE,NASHVILLE,TN,37207,1809,EAST,36.2294,-86.7593,POINT (-86.7593 36.2294)
20190621471,08/20/2019 11:53:00 AM,2,0,0,,N,714641,6,SIDESWIPE - OPPOSITE DIRECTION,21,CLEAR,1,DAYLIGHT,14,PARKED MOTOR VEHICLE,ARCADE ALY & THE ARCADE,NASHVILLE,TN,37219,4139,CENTRA,36.1645,-86.7802,POINT (-86.7802 36.1645)
20190785427,10/28/2019 12:00:00 AM,3,1,0,,N,334981,11,Front to Rear,22,CLOUDY,1,DAYLIGHT,12,MOTOR VEHICLE IN TRANSPORT,MM 82 1 I 65,NASHVILLE,TN,37203,80061,MIDTOW,36.1449,-86.777,POINT (-86.777 36.1449)
20190891283,12/12/2019 08:50:00 AM,2,1,0,,Y,755026,11,Front to Rear,21,CLEAR,1,DAYLIGHT,12,MOTOR VEHICLE IN TRANSPORT,MM 53 0 I 24,NASHVILLE,TN,37210,8302,SOUTH,36.1189,-86.7264,POINT (-86.7264 36.1189)
20190907176,12/19/2019 06:43:00 AM,2,0,0,,N,240952,4,ANGLE,21,CLEAR,1,DAYLIGHT,12,MOTOR VEHICLE IN TRANSPORT,HAMILTON CHURCH RD & S SHORE DR,ANTIOCH,TN,37013,8905,SOUTH,36.0554,-86.5841,POINT (-86.5841 36.0554)
20190912386,12/21/2019 01:21:00 PM,3,0,0,,N,799013,4,ANGLE,22,CLOUDY,1,DAYLIGHT,12,MOTOR VEHICLE IN TRANSPORT,LEBANON PKE & MCGAVOCK PKE,NASHVILLE,TN,37214,9201,HERMIT,36.1694,-86.6799,POINT (-86.6799 36.1694)
20190608237,08/15/2019 09:01:00 AM,2,1,0,,N,405427,4,ANGLE,22,CLOUDY,1,DAYLIGHT,12,MOTOR VEHICLE IN TRANSPORT,INTERSTATE DR & JAMES ROBERTSON PKWY,NASHVILLE,TN,37213,1105,CENTRA,36.1714,-86.769,POINT (-86.769 36.1714)
20190914609,12/22/2019 06:40:00 PM,2,1,0,,N,384414,11,Front to Rear,2,RAIN,3,DARK - LIGHTED,12,MOTOR VEHICLE IN TRANSPORT,I40 E EXT RAMP & I 40,NASHVILLE,TN,37214,8955,HERMIT,36.155,-86.6271,POINT (-86.6271 36.155)
20190925941,12/28/2019 04:52:00 PM,2,4,0,,N,320597,11,Front to Rear,22,CLOUDY,1,DAYLIGHT,12,MOTOR VEHICLE IN TRANSPORT,BELL RD & COLLINS PARK DR,ANTIOCH,TN,37013,8863,SOUTH,36.2189,-86.8464,POINT (-86.8464 36.2189)
20190829158,11/15/2019 12:08:00 PM,2,0,0,,N,169421,5,SIDESWIPE - SAME DIRECTION,21,CLEAR,1,DAYLIGHT,12,MOTOR VEHICLE IN TRANSPORT,CHARLOTTE AV & 28TH AVN,NASHVILLE,TN,37209,5341,MIDTOW,36.154,-86.8182,POINT (-86.8182 36.154)
20190734011,10/05/2019 04:40:00 PM,2,0,0,,Y,320577,4,ANGLE,21,CLEAR,1,DAYLIGHT,12,MOTOR VEHICLE IN TRANSPORT,HILLSIDE AV & RESERVOIR CT,NASHVILLE,TN,37203,6903,MIDTOW,36.14,-86.7826,POINT (-86.7826 36.14)
20190704540,09/23/2019 11:40:00 AM,2,2,0,,N,607049,5,SIDESWIPE - SAME DIRECTION,21,CLEAR,1,DAYLIGHT,12,MOTOR VEHICLE IN TRANSPORT,MM 91 8 I 65,MADISON,TN,37115,17280,MADISO,36.2589,-86.7382,POINT (-86.7382 36.2589)
20190755870,10/15/2019 08:46:00 AM,3,0,0,,N,226673,11,Front to Rear,21,CLEAR,1,DAYLIGHT,12,MOTOR VEHICLE IN TRANSPORT,MM 49 3 I 24,NASHVILLE,TN,37206,10040,EAST,36.1629,-86.7614,POINT (-86.7614 36.1629)
20190805940,11/05/2019 12:00:00 AM,2,1,0,,N,279200,11,Front to Rear,21,CLEAR,3,DARK - LIGHTED,12,MOTOR VEHICLE IN TRANSPORT,ROSA L PARKS BLVD & HARRISON ST,NASHVILLE,TN,37208,4219,CENTRA,36.1685,-86.7883,POINT (-86.7883 36.1685)
20190823835,11/13/2019 08:45:00 AM,3,0,0,,Y,876581,5,SIDESWIPE - SAME DIRECTION,21,CLEAR,1,DAYLIGHT,12,MOTOR VEHICLE IN TRANSPORT,MM 92 6 I 65,MADISON,TN,37115,1704,MADISO,36.2702,-86.7364,POINT (-86.7364 36.2702)
20190639544,08/27/2019 11:13:00 AM,1,0,0,Y,N,134899,0,NOT COLLISION W/MOTOR VEHICLE-TRANSPORT,21,CLEAR,1,DAYLIGHT,43,OTHER FIXED OBJECTS,ELM HILL PKE & FESSLERS LN,NASHVILLE,TN,37210,8217,HERMIT,36.1447,-86.744,POINT (-86.744 36.1447)
20190819948,11/11/2019 09:00:00 PM,2,0,0,,N,352195,11,Front to Rear,2,RAIN,3,DARK - LIGHTED,12,MOTOR VEHICLE IN TRANSPORT,STEWARTS FERRY PKE & BELL RD,NASHVILLE,TN,37214,8959,HERMIT,36.1522,-86.6251,POINT (-86.6251 36.1522)
20190593054,08/09/2019 12:27:00 PM,2,0,0,,N,226092,5,SIDESWIPE - SAME DIRECTION,22,CLOUDY,1,DAYLIGHT,12,MOTOR VEHICLE IN TRANSPORT,26TH AVN & CLARKSVILLE PKE,NASHVILLE,TN,37208,4429,NORTH,36.1865,-86.8188,POINT (-86.8188 36.1865)
20190775090,10/23/2019 12:43:00 PM,3,0,0,,Y,716886,5,SIDESWIPE - SAME DIRECTION,21,CLEAR,1,DAYLIGHT,12,MOTOR VEHICLE IN TRANSPORT,BELL RD & I24 E ENT RAMP,ANTIOCH,TN,37013,8751,SOUTH,36.0449,-86.6597,POINT (-86.6597 36.0449)
20190891923,12/12/2019 02:23:00 PM,2,0,0,,N,134899,11,Front to Rear,21,CLEAR,1,DAYLIGHT,12,MOTOR VEHICLE IN TRANSPORT,LEBANON PKE & LYNMEADE DR,NASHVILLE,TN,37210,9019,HERMIT,36.163,-86.7,POINT (-86.7 36.163)
20190690872,09/17/2019 05:06:00 PM,2,1,0,,N,256426,5,SIDESWIPE - SAME DIRECTION,21,CLEAR,1,DAYLIGHT,12,MOTOR VEHICLE IN TRANSPORT,I40 W ENT RAMP & I 40,NASHVILLE,TN,37210,9007,HERMIT,36.1484,-86.7454,POINT (-86.7454 36.1484)
20190589371,08/08/2019 07:10:00 AM,2,0,0,,N,716886,4,ANGLE,21,CLEAR,1,DAYLIGHT,12,MOTOR VEHICLE IN TRANSPORT,I24 E ENT RAMP & I 24,NASHVILLE,TN,37213,1007,CENTRA,36.1662,-86.7659,POINT (-86.7659 36.1662)
20190741547,10/09/2019 04:48:00 AM,2,0,0,,Y,279203,2,HEAD-ON,21,CLEAR,2,DARK - NOT LIGHTED,12,MOTOR VEHICLE IN TRANSPORT,MM 222 2 I 40,HERMITAGE,TN,37076,9502,HERMIT,36.1693,-86.5764,POINT (-86.5764 36.1693)
20190774529,10/23/2019 07:59:00 AM,3,0,0,,N,799013,11,Front to Rear,21,CLEAR,1,DAYLIGHT,12,MOTOR VEHICLE IN TRANSPORT,MM 215 0 I 40,NASHVILLE,TN,37214,91021,HERMIT,36.1444,-86.6948,POINT (-86.6948 36.1444)
20190822456,11/12/2019 07:50:00 PM,1,0,0,Y,N,240983,0,NOT COLLISION W/MOTOR VEHICLE-TRANSPORT,21,CLEAR,2,DARK - NOT LIGHTED,32;34;64;68,CULVERT;DITCH;Ran Off Road-Left;Cross Center Line,BREWER DR & BYRNE DR,NASHVILLE,TN,37211,8715,SOUTH,36.053,-86.7111,POINT (-86.7111 36.053)
20190851800,11/25/2019 07:24:00 AM,1,0,0,,N,191578,0,NOT COLLISION W/MOTOR VEHICLE-TRANSPORT,21,CLEAR,1,DAYLIGHT,50,DEER (ANIMAL),BRILEY PKWY S ENT RAMP & MCGAVOCK PKE WB,NASHVILLE,TN,37214,92880,HERMIT,36.2142,-86.6921,POINT (-86.6921 36.2142)
20190757567,10/16/2019 12:15:00 AM,1,0,0,Y,Y,298871,0,NOT COLLISION W/MOTOR VEHICLE-TRANSPORT,21,CLEAR,3,DARK - LIGHTED,33;38,CURB;FENCE,HORTON AV & EDGEHILL HOMES PVTDR,NASHVILLE,TN,37212,6631,MIDTOW,36.14,-86.7885,POINT (-86.7885 36.14)
20190661633,09/05/2019 09:15:00 AM,2,0,0,,N,352178,6,SIDESWIPE - OPPOSITE DIRECTION,21,CLEAR,1,DAYLIGHT,12,MOTOR VEHICLE IN TRANSPORT,WHITES CREEK PKE & OLD CLARKSVILLE PKE,JOELTON,TN,37080,3307,NORTH,36.312,-86.8602,POINT (-86.8602 36.312)
20190848232,11/23/2019 10:50:00 AM,2,0,0,,Y,256428,4,ANGLE,2,RAIN,98,OTHER,12,MOTOR VEHICLE IN TRANSPORT,US HWY 31W & EVANSTON AVE,NASHVILLE,TN,37207,1919,EAST,36.1901,-86.7729,POINT (-86.7729 36.1901)
20190650861,08/31/2019 07:35:00 PM,3,0,0,,Y,320599,5,SIDESWIPE - SAME DIRECTION,22,CLOUDY,3,DARK - LIGHTED,12,MOTOR VEHICLE IN TRANSPORT,LEBANON PKE & ANDREW JACKSON PKWY,HERMITAGE,TN,37076,9537,HERMIT,36.2151,-86.5962,POINT (-86.5962 36.2151)
20190629421,08/23/2019 06:26:00 AM,1,1,0,,N,405424,0,NOT COLLISION W/MOTOR VEHICLE-TRANSPORT,21,CLEAR,4,DAWN,36,CONCRETE TRAFFIC BARRIER,MM 214 4 I 40,NASHVILLE,TN,37210,90061,HERMIT,36.1431,-86.7063,POINT (-86.7063 36.1431)
20190929563,12/30/2019 12:38:00 PM,2,0,0,Y,Y,191578,0,NOT COLLISION W/MOTOR VEHICLE-TRANSPORT,21,CLEAR,1,DAYLIGHT,14;18;40;55,PARKED MOTOR VEHICLE;OTHER OBJECT (NOT FIXED);MAIL BOX;Motor Vehicle-In-Motion Outside Trafficw,BIG HORN DR & CASCADE DR,OLD HICKORY,TN,37138,9729,HERMIT,36.2185,-86.5883,POINT (-86.5883 36.2185)
20190618866,08/19/2019 12:00:00 AM,3,0,0,,Y,212344,6,SIDESWIPE - OPPOSITE DIRECTION,99,UNKNOWN,9,UNKNOWN,12;14,MOTOR VEHICLE IN TRANSPORT;PARKED MOTOR VEHICLE,CHICAMAUGA AV & BAILEY ST,NASHVILLE,TN,37206,1931,EAST,36.1848,-86.7495,POINT (-86.7495 36.1848)
20190879580,12/07/2019 09:50:00 AM,2,0,0,,N,352167,4,ANGLE,22,CLOUDY,1,DAYLIGHT,12,MOTOR VEHICLE IN TRANSPORT,NOLENSVILLE PKE & HARDING PL,NASHVILLE,TN,37211,8445,SOUTH,36.0809,-86.7267,POINT (-86.7267 36.0809)
20190693030,09/18/2019 11:29:00 AM,2,0,0,,N,580819,98,OTHER,21,CLEAR,1,DAYLIGHT,12;14,MOTOR VEHICLE IN TRANSPORT;PARKED MOTOR VEHICLE,2ND AVN & GAY ST,NASHVILLE,TN,37201,4201,CENTRA,36.169,-86.7795,POINT (-86.7795 36.169)
20190641658,08/28/2019 06:54:00 AM,2,0,0,,N,206962,4,ANGLE,21,CLEAR,1,DAYLIGHT,1;12,MOTOR VEHICLE IN TRANSPORT,BRICK CHURCH PIKE & EXIT 17,NASHVILLE,TN,37207,2033,MADISO,36.2397,-86.7807,POINT (-86.7807 36.2397)
20190644297,08/29/2019 07:42:00 AM,2,0,0,,N,109534,4,ANGLE,21,CLEAR,1,DAYLIGHT,12,MOTOR VEHICLE IN TRANSPORT,DONELSON PKE & I40 W ENT RAMP,NASHVILLE,TN,37214,9103,HERMIT,36.143,-86.6667,POINT (-86.6667 36.143)
20190785363,10/28/2019 07:15:00 AM,2,1,0,,N,226405,11,Front to Rear,22,CLOUDY,1,DAYLIGHT,12,MOTOR VEHICLE IN TRANSPORT,I440 W EXT RAMP & HILLSBORO PKE,NASHVILLE,TN,37212,6501,MIDTOW,36.1248,-86.806,POINT (-86.806 36.1248)
20190744476,10/10/2019 09:15:00 AM,2,2,0,,N,716877,4,ANGLE,21,CLEAR,1,DAYLIGHT,12,MOTOR VEHICLE IN TRANSPORT,CROSSINGS BLVD & MT VIEW RD,ANTIOCH,TN,37013,8863,SOUTH,36.0455,-86.6473,POINT (-86.6473 36.0455)
20190737755,10/07/2019 02:15:00 PM,2,0,0,,N,225894,11,Front to Rear,2,RAIN,1,DAYLIGHT,12,MOTOR VEHICLE IN TRANSPORT,ELM HILL PKE & AIRWAYS CIR,NASHVILLE,TN,37214,9117,HERMIT,36.1523,-86.6819,POINT (-86.6819 36.1523)
20190761971,10/17/2019 05:50:00 PM,2,0,0,,N,256384,11,Front to Rear,21,CLEAR,1,DAYLIGHT,12,MOTOR VEHICLE IN TRANSPORT,FOSTER AV & LYLE LN,NASHVILLE,TN,37210,8111,SOUTH,36.1282,-86.7421,POINT (-86.7421 36.1282)
20190838660,11/19/2019 04:20:00 PM,3,2,0,,N,256426,11,Front to Rear,21,CLEAR,1,DAYLIGHT,12,MOTOR VEHICLE IN TRANSPORT,MM 212 0 I 40,NASHVILLE,TN,37210,90041,HERMIT,36.147,-86.7433,POINT (-86.7433 36.147)
20190700063,09/21/2019 12:00:00 AM,3,2,0,Y,Y,212337,11,Front to Rear,21,CLEAR,3,DARK - LIGHTED,12;99,MOTOR VEHICLE IN TRANSPORT;UNKNOWN MOST HARMFUL EVENT,MM 85 3 I 65,NASHVILLE,TN,37208,43042,NORTH,36.1847,-86.7977,POINT (-86.7977 36.1847)
20190900350,12/16/2019 02:20:00 PM,2,0,0,,Y,226092,5,SIDESWIPE - SAME DIRECTION,2,RAIN,1,DAYLIGHT,12,MOTOR VEHICLE IN TRANSPORT,MM 209 0 I 40,NASHVILLE,TN,37203,4104,CENTRA,36.1574,-86.7903,POINT (-86.7903 36.1574)
20190900519,12/15/2019 12:00:00 AM,1,0,0,Y,Y,330428,0,NOT COLLISION W/MOTOR VEHICLE-TRANSPORT,21,CLEAR,7,Dark-Unknown Lighting,19,BUILDING,PILCHER AVE & 36TH AVE N,NASHVILLE,TN,37209,5215,WEST,36.1431,-86.8278,POINT (-86.8278 36.1431)
20190612930,08/17/2019 12:02:00 AM,2,0,0,,Y,352209,5,SIDESWIPE - SAME DIRECTION,21,CLEAR,3,DARK - LIGHTED,12,MOTOR VEHICLE IN TRANSPORT,MM 47 0 I 24,NASHVILLE,TN,37207,1910,CENTRA,36.1886,-86.7761,POINT (-86.7761 36.1886)
20190601213,08/12/2019 05:21:00 PM,2,0,0,,N,256380,5,SIDESWIPE - SAME DIRECTION,21,CLEAR,1,DAYLIGHT,12,MOTOR VEHICLE IN TRANSPORT,JOHN MALLETTE DR & COUNTY HOSPITAL RD,NASHVILLE,TN,37218,3117,NORTH,36.1934,-86.8337,POINT (-86.8337 36.1934)
20190909719,12/20/2019 06:50:00 AM,2,0,0,,N,676834,11,Front to Rear,21,CLEAR,1,DAYLIGHT,12,MOTOR VEHICLE IN TRANSPORT,CLARKSVILLE PKE & ROSA L PARKS BLVD,NASHVILLE,TN,37228,4483,NORTH,36.1889,-86.8231,POINT (-86.8231 36.1889)
20190918979,12/24/2019 07:10:00 PM,2,0,0,,Y,284059,4,ANGLE,21,CLEAR,3,DARK - LIGHTED,12,MOTOR VEHICLE IN TRANSPORT,W HAMILTON AV & HAROLD PREWETT DR,NASHVILLE,TN,37218,3103,NORTH,36.2098,-86.832,POINT (-86.832 36.2098)
20190668760,09/08/2019 11:55:00 AM,1,1,0,Y,N,298864,0,NOT COLLISION W/MOTOR VEHICLE-TRANSPORT,21,CLEAR,1,DAYLIGHT,30;43;63;71,UTILITY POLE;OTHER FIXED OBJECTS;Ran Off Road-Right;EMBANKMENT EARTH,600 CHEYENNE BLVD,MADISON,TN,37115,1635,MADISO,36.2574,-86.6779,POINT (-86.6779 36.2574)
20190850667,11/24/2019 05:04:00 PM,2,0,0,,Y,256383,98,OTHER,21,CLEAR,5,DUSK,14,PARKED MOTOR VEHICLE,EAST THOMPSON LN & LAWNDALE DR,NASHVILLE,TN,37217,8879,SOUTH,36.1223,-86.7176,POINT (-86.7176 36.1223)
20190781185,10/25/2019 11:55:00 PM,2,1,0,,N,299274,5,SIDESWIPE - SAME DIRECTION,2,RAIN,3,DARK - LIGHTED,12,MOTOR VEHICLE IN TRANSPORT,MM 214 5 I 40,NASHVILLE,TN,37217,88022,HERMIT,36.1434,-86.7031,POINT (-86.7031 36.1434)
20190587437,08/07/2019 02:51:00 PM,2,0,0,,N,330444,4,ANGLE,21,CLEAR,1,DAYLIGHT,12,MOTOR VEHICLE IN TRANSPORT,BLAIR BLVD & 21ST AVS,NASHVILLE,TN,37212,5909,MIDTOW,36.1303,-86.802,POINT (-86.802 36.1303)
20190766730,10/19/2019 06:36:00 PM,1,0,0,,N,240955,0,NOT COLLISION W/MOTOR VEHICLE-TRANSPORT,21,CLEAR,2,DARK - NOT LIGHTED,42,TREE,OLD HICKORY BLVD & MURFREESBORO PKE,ANTIOCH,TN,37013,8903,SOUTH,36.0395,-86.6029,POINT (-86.6029 36.0395)
20190713020,09/26/2019 05:06:00 PM,1,1,0,,Y,240986,0,NOT COLLISION W/MOTOR VEHICLE-TRANSPORT,21,CLEAR,1,DAYLIGHT,8,PEDESTRIAN,LANE GARDEN APTS PVTDR & JOSEPH AV,NASHVILLE,TN,37207,1961,EAST,36.18,-86.7726,POINT (-86.7726 36.18)
20190595976,08/10/2019 03:12:00 PM,2,0,0,,N,212343,4,ANGLE,21,CLEAR,1,DAYLIGHT,12,MOTOR VEHICLE IN TRANSPORT,INTERSTATE DR & WOODLAND ST,NASHVILLE,TN,37213,1105,CENTRA,36.1705,-86.7684,POINT (-86.7684 36.1705)
20190804500,11/05/2019 06:59:00 AM,2,0,0,,N,206962,11,Front to Rear,22,CLOUDY,1,DAYLIGHT,12,MOTOR VEHICLE IN TRANSPORT,MYATT DR & MYATT BLVD,MADISON,TN,37115,1715,MADISO,36.2598,-86.6913,POINT (-86.6913 36.2598)
20190928933,12/31/2019 06:17:00 AM,2,0,0,,N,493301,2,HEAD-ON,22,CLOUDY,1,DAYLIGHT,14,PARKED MOTOR VEHICLE,TRACE PARK CTW & TRACEPARK CIR,NASHVILLE,TN,37221,4807,WEST,36.0357,-86.9635,POINT (-86.9635 36.0357)
20190793729,10/31/2019 12:20:00 PM,2,0,0,,N,384416,11,Front to Rear,21,CLEAR,1,DAYLIGHT,12,MOTOR VEHICLE IN TRANSPORT,MM 49 5 I 24,NASHVILLE,TN,37210,4008,CENTRA,36.1588,-86.7604,POINT (-86.7604 36.1588)
20190698971,09/20/2019 06:00:00 PM,2,1,0,,N,256412,2,HEAD-ON,21,CLEAR,1,DAYLIGHT,12,MOTOR VEHICLE IN TRANSPORT,NOLENSVILLE PKE & WHEELER AV,NASHVILLE,TN,37211,8511,MIDTOW,36.0957,-86.7374,POINT (-86.7374 36.0957)
20190800453,11/03/2019 11:57:00 AM,2,0,0,,N,334981,5,SIDESWIPE - SAME DIRECTION,21,CLEAR,1,DAYLIGHT,12,MOTOR VEHICLE IN TRANSPORT,I65 N ENT RAMP & I 440,NASHVILLE,TN,37204,81061,MIDTOW,36.1179,-86.7693,POINT (-86.7693 36.1179)
20190649157,08/30/2019 11:47:00 PM,3,2,0,,N,298859,4,ANGLE,21,CLEAR,3,DARK - LIGHTED,12,MOTOR VEHICLE IN TRANSPORT,SMITH SPRINGS RD & BELL RD,NASHVILLE,TN,37217,8965,HERMIT,36.0903,-86.6265,POINT (-86.6265 36.0903)
20190584806,08/06/2019 04:02:00 PM,2,1,0,,N,256423,5,SIDESWIPE - SAME DIRECTION,21,CLEAR,1,DAYLIGHT,12,MOTOR VEHICLE IN TRANSPORT,BRILEY PKWYN & BRILEY PKWYS,NASHVILLE,TN,37211,8404,SOUTH,36.1092,-86.727,POINT (-86.727 36.1092)
20190814760,11/09/2019 09:47:00 AM,3,3,0,,N,352164,11,Front to Rear,21,CLEAR,1,DAYLIGHT,12,MOTOR VEHICLE IN TRANSPORT,BELL RD & BROOK VIEW ESTATES DR,ANTIOCH,TN,37013,8755,SOUTH,36.0439,-86.6933,POINT (-86.6933 36.0439)
20190605432,08/14/2019 08:09:00 AM,2,1,0,,N,320586,4,ANGLE,21,CLEAR,1,DAYLIGHT,12,MOTOR VEHICLE IN TRANSPORT,MURFREESBORO PKE & BLANTON AV,NASHVILLE,TN,37210,8159,SOUTH,36.1386,-86.7315,POINT (-86.7315 36.1386)
20190837518,11/19/2019 06:05:00 AM,2,0,0,,N,352167,5,SIDESWIPE - SAME DIRECTION,22,CLOUDY,4,DAWN,12,MOTOR VEHICLE IN TRANSPORT,MM 57 3 I 24,ANTIOCH,TN,37013,88080,SOUTH,36.0663,-86.6861,POINT (-86.6861 36.0663)
20190931458,12/31/2019 09:20:00 AM,2,0,0,,Y,591933,4,ANGLE,21,CLEAR,1,DAYLIGHT,12,MOTOR VEHICLE IN TRANSPORT,DANA WAY & OLD FRANKLIN RD,ANTIOCH,TN,37013,8867,SOUTH,36.0363,-86.6324,POINT (-86.6324 36.0363)
20190826237,11/14/2019 08:22:00 AM,2,0,0,,N,191578,5,SIDESWIPE - SAME DIRECTION,21,CLEAR,1,DAYLIGHT,12,MOTOR VEHICLE IN TRANSPORT,MM 220 7 I 40,HERMITAGE,TN,37076,89042,HERMIT,36.1698,-86.6035,POINT (-86.6035 36.1698)
20190624607,08/21/2019 01:41:00 PM,2,0,0,,N,405447,4,ANGLE,21,CLEAR,1,DAYLIGHT,12,MOTOR VEHICLE IN TRANSPORT,OLD HICKORY BLVD & HEARTHSTONE LN,BRENTWOOD,TN,37027,8619,MIDTOW,36.0397,-86.7628,POINT (-86.7628 36.0397)
20190932791,12/31/2019 09:56:00 PM,2,0,0,,N,256386,5,SIDESWIPE - SAME DIRECTION,21,CLEAR,3,DARK - LIGHTED,12,MOTOR VEHICLE IN TRANSPORT,STEWARTS FERRY PKE & PERCY PRIEST DR,NASHVILLE,TN,37214,8955,HERMIT,36.1539,-86.6256,POINT (-86.6256 36.1539)
20190611579,08/16/2019 02:45:00 PM,2,0,0,,N,151132,11,Front to Rear,21,CLEAR,1,DAYLIGHT,12,MOTOR VEHICLE IN TRANSPORT,DICKERSON PKE & BRILEY PKWYE,MADISON,TN,37115,2007,MADISO,36.2411,-86.7573,POINT (-86.7573 36.2411)
20190740278,10/08/2019 05:17:00 PM,2,1,0,,N,311344,11,Front to Rear,21,CLEAR,1,DAYLIGHT,12,MOTOR VEHICLE IN TRANSPORT,MM 93 6 I 65,MADISON,TN,37115,17062,MADISO,36.2837,-86.7303,POINT (-86.7303 36.2837)