Accident Number,Date and Time,Number of Motor Vehicles,Number of Injuries,Number of Fatalities,Property Damage,Hit and Run,Reporting Officer,Collision Type Code,Collision Type Description,Weather Code,Weather Description,Illumination Code,Illumination Description,Harmful Code,Harmful Code Description,Street Address,City,State,ZIP,RPA,Precinct,Latitude,Longitude,Mapped Location
20190881768,12/08/2019 03:58:00 PM,1,0,0,Y,N,320594,0,NOT COLLISION W/MOTOR VEHICLE-TRANSPORT,21,CLEAR,5,DUSK,18,OTHER OBJECT (NOT FIXED),LEBANON PKE & HIGHLAND VIEW DR,HERMITAGE,TN,37076,9719,HERMIT,36.2078,-86.6114,POINT (-86.6114 36.2078)
20190603766,08/13/2019 04:38:00 PM,2,2,0,,N,212338,2,HEAD-ON,2,RAIN,1,DAYLIGHT,12;6,MOTOR VEHICLE IN TRANSPORT,LEALAND LN & BATTLEFIELD DR,NASHVILLE,TN,37204,7003,MIDTOW,36.1146,-86.7867,POINT (-86.7867 36.1146)
20190782418,10/26/2019 05:53:00 PM,1,0,0,,N,256417,0,NOT COLLISION W/MOTOR VEHICLE-TRANSPORT,2,RAIN,7,Dark-Unknown Lighting,24,GUARDRAIL FACE,I40 E EXT RAMP & I 40,NASHVILLE,TN,37214,8955,HERMIT,36.155,-86.6271,POINT (-86.6271 36.155)
20190829708,11/15/2019 05:35:00 PM,3,1,0,,N,320577,11,Front to Rear,21,CLEAR,3,DARK - LIGHTED,12,MOTOR VEHICLE IN TRANSPORT,NOLENSVILLE PKE & NAPOLEON AV,NASHVILLE,TN,37210,8109,SOUTH,36.1282,-86.7539,POINT (-86.7539 36.1282)
20190696727,09/19/2019 05:00:00 PM,2,0,0,,Y,299253,11,Front to Rear,21,CLEAR,1,DAYLIGHT,13;14,MOTOR VEHICLE IN TRANSPORT-OTHER ROADWAY;PARKED MOTOR VEHICLE,HILLHURST DR & SUNSET DR,NASHVILLE,TN,37207,1827,EAST,36.226,-86.7645,POINT (-86.7645 36.226)
20190790934,10/30/2019 08:30:00 AM,2,0,0,,N,279227,11,Front to Rear,2,RAIN,1,DAYLIGHT,12,MOTOR VEHICLE IN TRANSPORT,CROSSINGS BLVD & CROSSINGS PL,ANTIOCH,TN,37013,8863,SOUTH,36.0897,-86.6881,POINT (-86.6881 36.0897)
20190846167,11/22/2019 01:20:00 PM,2,0,0,,N,628640,11,Front to Rear,22,CLOUDY,1,DAYLIGHT,12,MOTOR VEHICLE IN TRANSPORT,THOMPSON LN & WINGATE AV,NASHVILLE,TN,37211,8403,SOUTH,36.11,-86.7352,POINT (-86.7352 36.11)
20190662686,09/05/2019 05:21:00 PM,2,0,0,,N,179583,11,Front to Rear,21,CLEAR,1,DAYLIGHT,12,MOTOR VEHICLE IN TRANSPORT,HARDING PL & I24 W ENT RAMP,NASHVILLE,TN,37211,8889,SOUTH,36.0868,-86.6977,POINT (-86.6977 36.0868)
20190690833,09/17/2019 04:40:00 PM,2,2,0,,N,717341,4,ANGLE,21,CLEAR,1,DAYLIGHT,12,MOTOR VEHICLE IN TRANSPORT,4TH AVS & CARNEY ST,NASHVILLE,TN,37210,8127,SOUTH,36.1388,-86.7625,POINT (-86.7625 36.1388)
20190655229,09/02/2019 05:48:00 PM,2,0,0,,N,197435,4,ANGLE,21,CLEAR,1,DAYLIGHT,12,MOTOR VEHICLE IN TRANSPORT,DICKERSON PKE & BRILEY PKWY E EXT RAMP,NASHVILLE,TN,37207,2029,MADISO,36.2407,-86.7574,POINT (-86.7574 36.2407)
20190801786,11/04/2019 06:05:00 AM,1,0,0,,N,332298,0,NOT COLLISION W/MOTOR VEHICLE-TRANSPORT,21,CLEAR,1,DAYLIGHT,50,DEER (ANIMAL),TRAVELERS RIDGE DR & GRANNY WHITE PKE,NASHVILLE,TN,37215,6309,MIDTOW,36.0738,-86.8076,POINT (-86.8076 36.0738)
20190768233,10/20/2019 12:00:00 AM,3,1,0,,N,279200,11,Front to Rear,21,CLEAR,1,DAYLIGHT,12,MOTOR VEHICLE IN TRANSPORT,ROLLING MILL HILL GRNWY & MIDDLETON ST,NASHVILLE,TN,37210,4001,CENTRA,36.1576,-86.7657,POINT (-86.7657 36.1576)
20190820084,11/11/2019 07:55:00 PM,2,0,0,,Y,311340,4,ANGLE,3,"SLEET, HAIL",3,DARK - LIGHTED,12,MOTOR VEHICLE IN TRANSPORT,14TH AVS & DEMONBREUN ST,NASHVILLE,TN,37203,6721,MIDTOW,36.1536,-86.7884,POINT (-86.7884 36.1536)
20190824848,11/13/2019 03:30:00 PM,2,0,0,,N,256448,11,Front to Rear,21,CLEAR,1,DAYLIGHT,12,MOTOR VEHICLE IN TRANSPORT,MM 213 2 I 40,NASHVILLE,TN,37210,82061,HERMIT,36.1399,-86.728,POINT (-86.728 36.1399)
20190637599,08/26/2019 04:23:00 PM,2,0,0,,N,299241,4,ANGLE,21,CLEAR,1,DAYLIGHT,12,MOTOR VEHICLE IN TRANSPORT,JUAREZ DR & HERMITAGE MARKETPLACE PVTDR,HERMITAGE,TN,37076,9507,HERMIT,36.1924,-86.6162,POINT (-86.6162 36.1924)
20190878299,12/06/2019 06:12:00 PM,3,1,0,,N,311332,11,Front to Rear,21,CLEAR,3,DARK - LIGHTED,12,MOTOR VEHICLE IN TRANSPORT,CHARLOTTE PKE & OLD CHARLOTTE PKE,NASHVILLE,TN,37209,5009,WEST,36.1318,-86.8958,POINT (-86.8958 36.1318)
20190820807,11/12/2019 06:00:00 AM,1,0,0,,N,279201,0,NOT COLLISION W/MOTOR VEHICLE-TRANSPORT,21,CLEAR,1,DAYLIGHT,39,WALL,I40 E ENT RAMP & BRILEY PKWY S EXT RAMP,NASHVILLE,TN,37210,9098,HERMIT,36.1457,-86.6963,POINT (-86.6963 36.1457)
20190665450,09/06/2019 08:00:00 PM,3,1,0,,Y,151132,11,Front to Rear,21,CLEAR,3,DARK - LIGHTED,12,MOTOR VEHICLE IN TRANSPORT,GALLATIN PKEN & RIVERGATE PKWY,MADISON,TN,37115,1731,MADISO,36.2973,-86.6988,POINT (-86.6988 36.2973)
20190600417,08/12/2019 12:40:00 PM,2,0,0,,Y,225886,11,Front to Rear,21,CLEAR,1,DAYLIGHT,12,MOTOR VEHICLE IN TRANSPORT,HICKORY HILL LN & LEBANON PKE,HERMITAGE,TN,37076,9601,HERMIT,36.1894,-86.6305,POINT (-86.6305 36.1894)
20190732430,10/04/2019 07:15:00 PM,2,0,0,,Y,330435,4,ANGLE,21,CLEAR,1,DAYLIGHT,12,MOTOR VEHICLE IN TRANSPORT,DICKERSON PKE & DELLWAY VILLA RD,NASHVILLE,TN,37207,1831,EAST,36.2136,-86.7645,POINT (-86.7645 36.2136)
20190705262,09/23/2019 05:25:00 PM,2,0,0,,N,169425,11,Front to Rear,21,CLEAR,1,DAYLIGHT,12,MOTOR VEHICLE IN TRANSPORT,ARMORY DR & SIDCO DR,NASHVILLE,TN,37204,8527,MIDTOW,36.1022,-86.7563,POINT (-86.7563 36.1022)
20190784088,10/27/2019 03:06:00 PM,2,1,0,,N,352204,11,Front to Rear,22,CLOUDY,1,DAYLIGHT,12,MOTOR VEHICLE IN TRANSPORT,BROOK HOLLOW RD & CHARLOTTE PKE,NASHVILLE,TN,37205,5013,WEST,36.1358,-86.8852,POINT (-86.8852 36.1358)
20190596845,08/10/2019 10:25:00 PM,2,0,0,,Y,298871,11,Front to Rear,21,CLEAR,3,DARK - LIGHTED,14;55,PARKED MOTOR VEHICLE;Motor Vehicle-In-Motion Outside Trafficw,BROADWAY & 18TH AVS,NASHVILLE,TN,37203,5705,MIDTOW,36.1521,-86.7953,POINT (-86.7953 36.1521)
20190712602,09/26/2019 02:19:00 PM,2,0,0,,N,306231,4,ANGLE,2,RAIN,1,DAYLIGHT,12,MOTOR VEHICLE IN TRANSPORT,CHARLOTTE AV & 26TH AVN,NASHVILLE,TN,37209,5341,MIDTOW,36.1545,-86.8156,POINT (-86.8156 36.1545)
20190820786,11/12/2019 12:00:00 AM,2,0,0,,N,330441,11,Front to Rear,3,"SLEET, HAIL",1,DAYLIGHT,12;61,MOTOR VEHICLE IN TRANSPORT;Equip Failure,HARDING PL & SIDCO DR,NASHVILLE,TN,37220,8601,MIDTOW,36.0819,-86.7612,POINT (-86.7612 36.0819)
20190656956,09/03/2019 11:35:00 AM,2,0,0,,N,462474,4,ANGLE,21,CLEAR,1,DAYLIGHT,12,MOTOR VEHICLE IN TRANSPORT,21ST AVS & PORTLAND AV,NASHVILLE,TN,37212,6607,MIDTOW,36.1332,-86.8013,POINT (-86.8013 36.1332)
20190719934,09/29/2019 10:09:00 PM,1,1,0,,N,330428,0,NOT COLLISION W/MOTOR VEHICLE-TRANSPORT,21,CLEAR,3,DARK - LIGHTED,1,,BRILEY PKWYN & BRILEY PKWYS,NASHVILLE,TN,37211,8404,SOUTH,36.1092,-86.727,POINT (-86.727 36.1092)
20190643109,08/28/2019 06:54:00 PM,2,1,0,,Y,151132,11,Front to Rear,21,CLEAR,5,DUSK,12,MOTOR VEHICLE IN TRANSPORT,OLD HICKORY BLVDW & OLD TIME VILLAGE PVT,MADISON,TN,37115,1771,MADISO,36.2632,-86.7131,POINT (-86.7131 36.2632)
20190886868,12/10/2019 04:13:00 PM,3,0,0,,Y,384449,4,ANGLE,22,CLOUDY,5,DUSK,12,MOTOR VEHICLE IN TRANSPORT,OLD HICKORY BLVD & ANDREW JACKSON PKWY,HERMITAGE,TN,37076,9561,HERMIT,36.1836,-86.6107,POINT (-86.6107 36.1836)
20190752084,10/13/2019 09:42:00 PM,1,0,0,Y,Y,384416,0,NOT COLLISION W/MOTOR VEHICLE-TRANSPORT,21,CLEAR,2,DARK - NOT LIGHTED,38,FENCE,LAVERGNE COUCHVILLE PKE & LAURENWOOD DR,ANTIOCH,TN,37013,8901,SOUTH,36.0392,-86.5861,POINT (-86.5861 36.0392)
20190883893,12/09/2019 02:40:00 PM,2,0,0,,N,151132,11,Front to Rear,22,CLOUDY,1,DAYLIGHT,12,MOTOR VEHICLE IN TRANSPORT,OLD HICKORY BLVDW & N GRAYCROFT AV,MADISON,TN,37115,1777,MADISO,36.2644,-86.7324,POINT (-86.7324 36.2644)
20190866873,12/02/2019 11:35:00 AM,2,1,0,,N,580819,4,ANGLE,22,CLOUDY,1,DAYLIGHT,12,MOTOR VEHICLE IN TRANSPORT,I40 W EXT RAMP & DEMONBREUN ST,NASHVILLE,TN,37203,4015,CENTRA,36.1539,-86.7875,POINT (-86.7875 36.1539)
20190777749,10/24/2019 01:09:00 PM,2,0,0,,Y,676834,5,SIDESWIPE - SAME DIRECTION,21,CLEAR,1,DAYLIGHT,12,MOTOR VEHICLE IN TRANSPORT,MM 212 1 I 40,NASHVILLE,TN,37210,90041,HERMIT,36.1463,-86.7422,POINT (-86.7422 36.1463)
20190785275,10/28/2019 06:35:00 AM,2,2,0,,N,212318,11,Front to Rear,21,CLEAR,3,DARK - LIGHTED,12,MOTOR VEHICLE IN TRANSPORT,MM 74 6 I 65,BRENTWOOD,TN,37027,8604,MIDTOW,36.0387,-86.7826,POINT (-86.7826 36.0387)
20190910211,12/20/2019 10:00:00 AM,2,0,0,,N,716877,5,SIDESWIPE - SAME DIRECTION,21,CLEAR,1,DAYLIGHT,12,MOTOR VEHICLE IN TRANSPORT,NOLENSVILLE PKE & OLD HICKORY BLVD,NASHVILLE,TN,37211,8717,SOUTH,36.0454,-86.7133,POINT (-86.7133 36.0454)
20190608420,08/15/2019 10:32:00 AM,2,0,0,,N,807344,4,ANGLE,21,CLEAR,1,DAYLIGHT,12,MOTOR VEHICLE IN TRANSPORT,12TH AVS & 11TH AVS,NASHVILLE,TN,37203,4015,CENTRA,36.1515,-86.7843,POINT (-86.7843 36.1515)
20190819394,11/11/2019 12:00:00 AM,2,0,0,,N,279200,11,Front to Rear,2,RAIN,98,OTHER,12,MOTOR VEHICLE IN TRANSPORT,MM 48 3 I 24,NASHVILLE,TN,37213,11080,CENTRA,36.1722,-86.7689,POINT (-86.7689 36.1722)
20190741008,10/08/2019 11:53:00 PM,1,0,0,,N,676828,0,NOT COLLISION W/MOTOR VEHICLE-TRANSPORT,21,CLEAR,3,DARK - LIGHTED,30,UTILITY POLE,21ST AVS & ASHWOOD AV,NASHVILLE,TN,37212,6605,MIDTOW,36.129,-86.8028,POINT (-86.8028 36.129)
20190689668,09/17/2019 07:26:00 AM,2,0,0,,N,191578,11,Front to Rear,21,CLEAR,1,DAYLIGHT,12,MOTOR VEHICLE IN TRANSPORT,BRILEY PKWY N EXT RAMP & ELM HILL PKE,NASHVILLE,TN,37214,9107,HERMIT,36.1523,-86.6905,POINT (-86.6905 36.1523)
20190765697,10/19/2019 05:42:00 AM,2,1,0,,N,320590,11,Front to Rear,21,CLEAR,3,DARK - LIGHTED,12,MOTOR VEHICLE IN TRANSPORT,MM 86 8 I 65,NASHVILLE,TN,37207,3002,NORTH,36.1987,-86.7764,POINT (-86.7764 36.1987)
20190846341,11/22/2019 02:56:00 PM,1,1,0,,N,256386,0,NOT COLLISION W/MOTOR VEHICLE-TRANSPORT,22,CLOUDY,1,DAYLIGHT,24,GUARDRAIL FACE,BELL RD & ELM HILL PKE,NASHVILLE,TN,37214,8995,HERMIT,36.1411,-86.628,POINT (-86.628 36.1411)
20190863736,11/30/2019 07:40:00 PM,1,1,0,Y,N,320577,0,NOT COLLISION W/MOTOR VEHICLE-TRANSPORT,2,RAIN,3,DARK - LIGHTED,8,PEDESTRIAN,12TH AVS & LINDEN AV,NASHVILLE,TN,37204,6925,MIDTOW,36.1272,-86.7892,POINT (-86.7892 36.1272)
20190619117,08/19/2019 04:53:00 PM,2,0,0,,N,256383,4,ANGLE,21,CLEAR,1,DAYLIGHT,12,MOTOR VEHICLE IN TRANSPORT,I24 W EXT RAMP & I 24,NASHVILLE,TN,37211,8829,SOUTH,36.1074,-86.7197,POINT (-86.7197 36.1074)
20190759942,10/16/2019 09:34:00 PM,2,0,0,,Y,179591,11,Front to Rear,21,CLEAR,3,DARK - LIGHTED,14,PARKED MOTOR VEHICLE,28TH AVN & MEHARRY BLVD,NASHVILLE,TN,37209,4559,NORTH,36.1666,-86.8204,POINT (-86.8204 36.1666)
20190796662,11/01/2019 05:05:00 PM,2,1,0,,N,320582,11,Front to Rear,21,CLEAR,1,DAYLIGHT,12,MOTOR VEHICLE IN TRANSPORT,DICKERSON PKE & DICKERSON PKE NB ENT RAM,NASHVILLE,TN,37207,1961,EAST,36.1812,-86.7736,POINT (-86.7736 36.1812)
20190771980,10/22/2019 07:35:00 AM,2,0,0,,N,402660,11,Front to Rear,21,CLEAR,1,DAYLIGHT,12,MOTOR VEHICLE IN TRANSPORT,WEST END AV & WILSON BLVDN,NASHVILLE,TN,37205,6009,WEST,36.132,-86.8326,POINT (-86.8326 36.132)
20190779831,10/25/2019 11:00:00 AM,2,0,0,,Y,226622,4,ANGLE,2,RAIN,1,DAYLIGHT,12,MOTOR VEHICLE IN TRANSPORT,HILLSBORO PKE & RICHARD JONES RD,NASHVILLE,TN,37215,6111,WEST,36.105,-86.8152,POINT (-86.8152 36.105)
20190592428,08/09/2019 07:11:00 AM,2,0,0,,N,191578,5,SIDESWIPE - SAME DIRECTION,21,CLEAR,1,DAYLIGHT,12,MOTOR VEHICLE IN TRANSPORT,MM 212 2 I 40,NASHVILLE,TN,37210,90041,HERMIT,36.1458,-86.7414,POINT (-86.7414 36.1458)
20190766284,10/19/2019 01:00:00 PM,2,0,0,,N,279113,98,OTHER,22,CLOUDY,1,DAYLIGHT,12,MOTOR VEHICLE IN TRANSPORT,JOHN A MERRITT BLVD & 29TH AVN,NASHVILLE,TN,37209,4521,NORTH,36.168,-86.8214,POINT (-86.8214 36.168)
20190585030,08/06/2019 05:27:00 PM,2,2,0,,N,267831,11,Front to Rear,21,CLEAR,1,DAYLIGHT,12,MOTOR VEHICLE IN TRANSPORT,HARDING PKE & ROYAL OAKS CONDOS PVTDR,NASHVILLE,TN,37205,6101,WEST,36.1235,-86.8497,POINT (-86.8497 36.1235)
20190676712,09/11/2019 05:30:00 PM,3,2,0,,N,429193,11,Front to Rear,21,CLEAR,1,DAYLIGHT,12,MOTOR VEHICLE IN TRANSPORT,CHARLOTTE PK & WILCLAY DR,NASHVILLE,TN,37209,5025,WEST,36.1428,-86.8746,POINT (-86.8746 36.1428)
20190744519,10/10/2019 12:00:00 AM,1,0,0,,Y,279227,0,NOT COLLISION W/MOTOR VEHICLE-TRANSPORT,99,UNKNOWN,9,UNKNOWN,41;71,SHRUBBERY;EMBANKMENT EARTH,RURAL HILL RD & EVANFIELD CT,ANTIOCH,TN,37013,8861,SOUTH,36.0661,-86.6444,POINT (-86.6444 36.0661)
20190623694,08/21/2019 05:30:00 AM,1,0,0,Y,Y,834798,0,NOT COLLISION W/MOTOR VEHICLE-TRANSPORT,21,CLEAR,1,DAYLIGHT,38,FENCE,700 RIDLEY BLVD,NASHVILLE,TN,37203,6941,MIDTOW,36.1385,-86.7769,POINT (-86.7769 36.1385)
20190796408,11/01/2019 03:05:00 PM,2,0,0,,N,279233,5,SIDESWIPE - SAME DIRECTION,21,CLEAR,1,DAYLIGHT,12,MOTOR VEHICLE IN TRANSPORT,STATE HWY 155 & PATINA CIR,NASHVILLE,TN,37209,5103,WEST,36.1469,-86.858,POINT (-86.858 36.1469)
20190708393,09/24/2019 10:39:00 PM,2,0,0,,N,284059,5,SIDESWIPE - SAME DIRECTION,21,CLEAR,3,DARK - LIGHTED,12,MOTOR VEHICLE IN TRANSPORT,MM 85 4 I 65,NASHVILLE,TN,37208,43042,NORTH,36.1875,-86.7947,POINT (-86.7947 36.1875)
20190646443,08/30/2019 01:55:00 AM,1,0,0,Y,N,311341,0,NOT COLLISION W/MOTOR VEHICLE-TRANSPORT,21,CLEAR,3,DARK - LIGHTED,39;46,WALL;TRAFFIC SIGNAL SUPPORT,US HWY 70 & 53RD AVE N,NASHVILLE,TN,37209,5121,WEST,36.1519,-86.8506,POINT (-86.8506 36.1519)
20190613645,08/17/2019 09:20:00 AM,2,0,0,,N,571328,6,SIDESWIPE - OPPOSITE DIRECTION,21,CLEAR,1,DAYLIGHT,12,MOTOR VEHICLE IN TRANSPORT,MCGAVOCK PKE & ARDEE AV,NASHVILLE,TN,37216,1449,EAST,36.2096,-86.7136,POINT (-86.7136 36.2096)
20190736920,10/07/2019 06:38:00 AM,2,1,0,,N,109527,4,ANGLE,2,RAIN,1,DAYLIGHT,12,MOTOR VEHICLE IN TRANSPORT,MURFREESBORO PKE & BOROWOOD DR,NASHVILLE,TN,37217,8935,HERMIT,36.091,-86.6511,POINT (-86.6511 36.091)
20190660734,09/04/2019 11:30:00 PM,2,0,0,,Y,256439,4,ANGLE,21,CLEAR,3,DARK - LIGHTED,12,MOTOR VEHICLE IN TRANSPORT,DEMONBREUN ST & 7TH AVS,NASHVILLE,TN,37203,4061,CENTRA,36.1574,-86.7797,POINT (-86.7797 36.1574)
20190611662,08/16/2019 12:00:00 AM,2,3,0,,N,226827,4,ANGLE,21,CLEAR,1,DAYLIGHT,12,MOTOR VEHICLE IN TRANSPORT,GALLATIN PKEN & RIVERGATE SQUARE PVTDR,MADISON,TN,37115,1757,MADISO,36.2915,-86.7032,POINT (-86.7032 36.2915)
20190753516,10/14/2019 11:28:00 AM,2,0,0,,N,320601,11,Front to Rear,21,CLEAR,1,DAYLIGHT,12,MOTOR VEHICLE IN TRANSPORT,GLENROSE AV & MASHBURN RD,NASHVILLE,TN,37210,8357,SOUTH,36.1172,-86.727,POINT (-86.727 36.1172)
20190759067,10/16/2019 02:02:00 PM,2,0,0,,N,225773,4,ANGLE,21,CLEAR,1,DAYLIGHT,12,MOTOR VEHICLE IN TRANSPORT,I440 ENT RAMP & I 65,NASHVILLE,TN,37204,7018,MIDTOW,36.1117,-86.7713,POINT (-86.7713 36.1117)
20190644530,08/29/2019 09:09:00 AM,2,0,0,,N,716886,11,Front to Rear,21,CLEAR,1,DAYLIGHT,12,MOTOR VEHICLE IN TRANSPORT,I24 W EXT RAMP & I 24,NASHVILLE,TN,37211,8829,SOUTH,36.1074,-86.7197,POINT (-86.7197 36.1074)
20190883595,12/09/2019 11:51:00 AM,2,2,0,,N,591936,11,Front to Rear,22,CLOUDY,1,DAYLIGHT,12,MOTOR VEHICLE IN TRANSPORT,THOMPSON LN & ELIZABETH ST,NASHVILLE,TN,37211,8519,MIDTOW,36.111,-86.7459,POINT (-86.7459 36.111)
20190694315,09/18/2019 11:44:00 PM,2,0,0,,N,299261,11,Front to Rear,21,CLEAR,3,DARK - LIGHTED,12,MOTOR VEHICLE IN TRANSPORT,HAMILTON AV & 8TH AVS,NASHVILLE,TN,37203,6941,MIDTOW,36.1392,-86.7784,POINT (-86.7784 36.1392)
20190652802,09/01/2019 05:12:00 PM,2,0,0,,N,384444,4,ANGLE,21,CLEAR,1,DAYLIGHT,12,MOTOR VEHICLE IN TRANSPORT,HIGHWAY 70S & SAWYER BROWN RD,NASHVILLE,TN,37221,4815,WEST,36.0769,-86.9452,POINT (-86.9452 36.0769)
20190896353,12/14/2019 12:06:00 PM,2,0,0,,Y,320592,11,Front to Rear,22,CLOUDY,1,DAYLIGHT,12,MOTOR VEHICLE IN TRANSPORT,MM 211 8 I 40,NASHVILLE,TN,37210,90022,HERMIT,36.149,-86.7465,POINT (-86.7465 36.149)
20190672562,09/10/2019 06:59:00 AM,2,0,0,,N,320601,11,Front to Rear,21,CLEAR,1,DAYLIGHT,12,MOTOR VEHICLE IN TRANSPORT,NOLENSVILLE RD & OLD BURKITT RD,ANTIOCH,TN,37013,8767,SOUTH,35.9939,-86.686,POINT (-86.686 35.9939)
20190764169,10/18/2019 12:35:00 PM,2,0,0,,N,905011,0,NOT COLLISION W/MOTOR VEHICLE-TRANSPORT,21,CLEAR,1,DAYLIGHT,60,Cargo Equip Loss/Shift,MM 206 6 I 40,NASHVILLE,TN,37208,53124,NORTH,36.1664,-86.8171,POINT (-86.8171 36.1664)
20190654758,09/02/2019 10:38:00 AM,3,0,0,,N,909494,5,SIDESWIPE - SAME DIRECTION,21,CLEAR,1,DAYLIGHT,12;14,MOTOR VEHICLE IN TRANSPORT;PARKED MOTOR VEHICLE,MERIDIAN ST & EASTMORELAND ST,NASHVILLE,TN,37207,1871,EAST,36.195,-86.7673,POINT (-86.7673 36.195)
20190705444,09/23/2019 07:30:00 PM,2,0,0,,N,330417,4,ANGLE,21,CLEAR,3,DARK - LIGHTED,12,MOTOR VEHICLE IN TRANSPORT,HILLCREST RD & DICKERSON PKES,GOODLETTSVILLE,TN,37072,2109,MADISO,36.2863,-86.7454,POINT (-86.7454 36.2863)
20190867357,12/02/2019 03:33:00 PM,2,1,0,,N,429193,4,ANGLE,22,CLOUDY,5,DUSK,12,MOTOR VEHICLE IN TRANSPORT,HARDING PK & VOSSLAND DR,NASHVILLE,TN,37205,4913,WEST,36.0963,-86.8776,POINT (-86.8776 36.0963)
20190636939,08/26/2019 08:55:00 AM,2,0,0,,N,571313,4,ANGLE,2,RAIN,1,DAYLIGHT,12,MOTOR VEHICLE IN TRANSPORT,18TH AVE S & COMPTON AVE,NASHVILLE,TN,37212,6609,MIDTOW,36.1312,-86.7975,POINT (-86.7975 36.1312)
20190893922,12/13/2019 09:59:00 AM,2,0,0,,N,384436,5,SIDESWIPE - SAME DIRECTION,22,CLOUDY,1,DAYLIGHT,12,MOTOR VEHICLE IN TRANSPORT,MM 7 3 I 440,NASHVILLE,TN,37210,83043,SOUTH,36.1255,-86.732,POINT (-86.732 36.1255)
20190912388,12/21/2019 01:24:00 PM,1,0,0,,N,345098,0,NOT COLLISION W/MOTOR VEHICLE-TRANSPORT,22,CLOUDY,1,DAYLIGHT,8,PEDESTRIAN,BELL RD & HICKORY HOLLOW MALL PVTDR PL,ANTIOCH,TN,37013,8863,SOUTH,36.0493,-86.6517,POINT (-86.6517 36.0493)
20190733059,10/05/2019 03:30:00 AM,1,1,0,Y,Y,352170,0,NOT COLLISION W/MOTOR VEHICLE-TRANSPORT,21,CLEAR,3,DARK - LIGHTED,7,,0 ANDERSON,ANTIOCH,TN,37013,8977,SOUTH,36.066,-86.6015,POINT (-86.6015 36.066)
20190910630,12/20/2019 02:47:00 PM,2,0,0,,Y,352197,5,SIDESWIPE - SAME DIRECTION,21,CLEAR,1,DAYLIGHT,12,MOTOR VEHICLE IN TRANSPORT,MM 59 7 I 24,ANTIOCH,TN,37013,88060,SOUTH,36.0428,-86.6545,POINT (-86.6545 36.0428)
20190845685,11/22/2019 09:36:00 AM,2,1,0,,N,352164,4,ANGLE,2,RAIN,1,DAYLIGHT,13,MOTOR VEHICLE IN TRANSPORT-OTHER ROADWAY,MURFREESBORO PKE & FOREST VIEW DR,ANTIOCH,TN,37013,8865,SOUTH,36.0674,-86.6313,POINT (-86.6313 36.0674)
20190592609,08/09/2019 08:52:00 AM,1,3,0,Y,N,109534,0,NOT COLLISION W/MOTOR VEHICLE-TRANSPORT,22,CLOUDY,1,DAYLIGHT,30;42;63,UTILITY POLE;TREE;Ran Off Road-Right,MASSMAN DR & MASSMAN MANOR DR,NASHVILLE,TN,37217,8825,HERMIT,36.1324,-86.701,POINT (-86.701 36.1324)
20190810824,11/07/2019 04:50:00 PM,2,1,0,,N,524985,11,Front to Rear,2,RAIN,5,DUSK,14;31;55;64,"PARKED MOTOR VEHICLE;OTHER POST, POLE, SUPP.;Motor Vehicle-In-Motion Outside Trafficw;Ran Off Road-Left",MM 88 5 I 65,NASHVILLE,TN,37207,30040,NORTH,36.2237,-86.7746,POINT (-86.7746 36.2237)
20190759562,10/16/2019 06:43:00 PM,3,2,0,,N,256389,2,HEAD-ON,21,CLEAR,3,DARK - LIGHTED,12,MOTOR VEHICLE IN TRANSPORT,OLD HICKORY BLVD & SEVEN SPRINGS WAY,BRENTWOOD,TN,37027,8619,MIDTOW,36.0403,-86.7684,POINT (-86.7684 36.0403)
20190817140,11/10/2019 02:15:00 PM,2,1,0,,N,876581,11,Front to Rear,21,CLEAR,1,DAYLIGHT,12,MOTOR VEHICLE IN TRANSPORT,DICKERSON PKE & BRILEY PKWY W ENT RAMP,MADISON,TN,37115,20143,MADISO,36.2414,-86.7572,POINT (-86.7572 36.2414)
20190731866,10/04/2019 04:10:00 PM,3,0,0,,N,330443,11,Front to Rear,21,CLEAR,1,DAYLIGHT,12,MOTOR VEHICLE IN TRANSPORT,MM 40 2 I 24,WHITES CREEK,TN,37189,3314,NORTH,36.2809,-86.804,POINT (-86.804 36.2809)
20190603800,08/13/2019 04:55:00 PM,2,1,0,,N,311798,11,Front to Rear,2,RAIN,1,DAYLIGHT,12,MOTOR VEHICLE IN TRANSPORT,MM 207 9 I 40,NASHVILLE,TN,37208,54022,NORTH,36.1693,-86.7972,POINT (-86.7972 36.1693)
20190822607,11/12/2019 09:13:00 PM,1,0,0,,N,429193,0,NOT COLLISION W/MOTOR VEHICLE-TRANSPORT,21,CLEAR,2,DARK - NOT LIGHTED,71,EMBANKMENT EARTH,MM 199 5 I 40,NASHVILLE,TN,37209,4708,WEST,36.1149,-86.9181,POINT (-86.9181 36.1149)
20190907125,12/19/2019 06:26:00 AM,1,1,0,,N,224437,0,NOT COLLISION W/MOTOR VEHICLE-TRANSPORT,21,CLEAR,3,DARK - LIGHTED,1,,MURFREESBORO PKE EXT RAMP & MURFREESBORO,NASHVILLE,TN,37217,8818,HERMIT,36.1361,-86.7254,POINT (-86.7254 36.1361)
20190766521,10/19/2019 04:12:00 PM,1,1,0,,N,311327,0,NOT COLLISION W/MOTOR VEHICLE-TRANSPORT,21,CLEAR,1,DAYLIGHT,8,PEDESTRIAN,MAIN ST & N 7TH ST,NASHVILLE,TN,37206,1117,EAST,36.1745,-86.7609,POINT (-86.7609 36.1745)
20190891667,12/12/2019 12:20:00 PM,1,0,0,Y,N,226600,0,NOT COLLISION W/MOTOR VEHICLE-TRANSPORT,22,CLOUDY,1,DAYLIGHT,40,MAIL BOX,WOODMONT LN & ABBOTT MARTIN RD,NASHVILLE,TN,37205,6101,WEST,36.111,-86.8417,POINT (-86.8417 36.111)