Accident Number,Date and Time,Number of Motor Vehicles,Number of Injuries,Number of Fatalities,Property Damage,Hit and Run,Reporting Officer,Collision Type Code,Collision Type Description,Weather Code,Weather Description,Illumination Code,Illumination Description,Harmful Code,Harmful Code Description,Street Address,City,State,ZIP,RPA,Precinct,Latitude,Longitude,Mapped Location
20190812220,11/08/2019 06:35:00 AM,2,0,0,,N,352167,5,SIDESWIPE - SAME DIRECTION,21,CLEAR,1,DAYLIGHT,12,MOTOR VEHICLE IN TRANSPORT,UNA ANTIOCH PKE & PICCADILLY ROW,ANTIOCH,TN,37013,8891,SOUTH,36.0822,-86.652,POINT (-86.652 36.0822)
20190700657,09/21/2019 12:36:00 PM,2,0,0,,N,320586,11,Front to Rear,21,CLEAR,1,DAYLIGHT,12,MOTOR VEHICLE IN TRANSPORT,I24 W EXT RAMP & I 24,NASHVILLE,TN,37211,8829,SOUTH,36.1074,-86.7197,POINT (-86.7197 36.1074)
20190877666,12/06/2019 12:39:00 PM,2,0,0,,N,226622,11,Front to Rear,22,CLOUDY,1,DAYLIGHT,12,MOTOR VEHICLE IN TRANSPORT,CHARLOTTE PKE & LELLYETT ST,NASHVILLE,TN,37209,5025,WEST,36.1489,-86.8645,POINT (-86.8645 36.1489)
20190734066,10/05/2019 05:24:00 PM,2,0,0,,N,298863,4,ANGLE,21,CLEAR,1,DAYLIGHT,12,MOTOR VEHICLE IN TRANSPORT,SHELBY AV & I24 E ENT RAMP,NASHVILLE,TN,37213,1007,CENTRA,36.1662,-86.7658,POINT (-86.7658 36.1662)
20190885554,12/10/2019 06:46:00 AM,2,0,0,,N,755026,11,Front to Rear,2,RAIN,1,DAYLIGHT,12,MOTOR VEHICLE IN TRANSPORT,MM 54 0 I 24,NASHVILLE,TN,37211,88122,SOUTH,36.1064,-86.7188,POINT (-86.7188 36.1064)
20190903013,12/17/2019 02:07:00 PM,2,0,0,,Y,807344,6,SIDESWIPE - OPPOSITE DIRECTION,22,CLOUDY,1,DAYLIGHT,12;14,MOTOR VEHICLE IN TRANSPORT;PARKED MOTOR VEHICLE,500 JAMES ROBERTSON PKWY,NASHVILLE,TN,37219,4203,CENTRA,36.169,-86.7845,POINT (-86.7845 36.169)
20190772442,10/22/2019 11:19:00 AM,2,0,0,,N,226622,4,ANGLE,21,CLEAR,1,DAYLIGHT,12,MOTOR VEHICLE IN TRANSPORT,I40 W ENT RAMP & I 40,NASHVILLE,TN,37210,9007,HERMIT,36.1484,-86.7454,POINT (-86.7454 36.1484)
20190835734,11/18/2019 02:00:00 PM,1,0,0,,N,109534,0,NOT COLLISION W/MOTOR VEHICLE-TRANSPORT,22,CLOUDY,1,DAYLIGHT,18,OTHER OBJECT (NOT FIXED),MM 6 0 I 440,NASHVILLE,TN,37211,81060,MIDTOW,36.1217,-86.7565,POINT (-86.7565 36.1217)
20190802593,11/04/2019 12:30:00 PM,1,0,0,Y,N,405391,0,NOT COLLISION W/MOTOR VEHICLE-TRANSPORT,21,CLEAR,1,DAYLIGHT,18;34,OTHER OBJECT (NOT FIXED);DITCH,GEORGE E HORN RD & I40 E ENT RAMP,NASHVILLE,TN,37221,4711,WEST,36.084,-86.9518,POINT (-86.9518 36.084)
20190734931,10/06/2019 03:10:00 AM,1,0,0,,Y,320578,0,NOT COLLISION W/MOTOR VEHICLE-TRANSPORT,21,CLEAR,2,DARK - NOT LIGHTED,1,,APACHE TRL & BART DR,ANTIOCH,TN,37013,8713,SOUTH,36.0585,-86.679,POINT (-86.679 36.0585)
20190912639,12/21/2019 04:20:00 PM,2,0,0,,Y,352195,4,ANGLE,21,CLEAR,1,DAYLIGHT,12,MOTOR VEHICLE IN TRANSPORT,US HWY 41 & CONNECTING ROAD,NASHVILLE,TN,37217,8823,HERMIT,36.1224,-86.7054,POINT (-86.7054 36.1224)
20190778329,10/24/2019 06:19:00 PM,2,1,0,,N,429193,4,ANGLE,21,CLEAR,3,DARK - LIGHTED,12,MOTOR VEHICLE IN TRANSPORT,CHARLOTTE PKE & CABOT DR,NASHVILLE,TN,37209,4677,WEST,36.2336,-86.7283,POINT (-86.7283 36.2336)
20190598078,08/11/2019 01:03:00 PM,1,0,0,,N,279122,0,NOT COLLISION W/MOTOR VEHICLE-TRANSPORT,21,CLEAR,1,DAYLIGHT,34,DITCH,ASHLAND CITY HWY & OLD HICKORY BLVD,NASHVILLE,TN,37218,3235,NORTH,36.2115,-86.921,POINT (-86.921 36.2115)
20190802129,11/04/2019 08:40:00 AM,2,0,0,,N,223502,11,Front to Rear,21,CLEAR,1,DAYLIGHT,12,MOTOR VEHICLE IN TRANSPORT,BRILEY PKWYN & I24 E EXT RAMP,NASHVILLE,TN,37211,8404,SOUTH,36.1092,-86.723,POINT (-86.723 36.1092)
20190928317,12/29/2019 10:30:00 PM,2,0,0,,Y,352153,4,ANGLE,22,CLOUDY,2,DARK - NOT LIGHTED,12,MOTOR VEHICLE IN TRANSPORT,ANDERSON RD & FOREST TRACE DR,NASHVILLE,TN,37217,8963,HERMIT,36.0744,-86.6296,POINT (-86.6296 36.0744)
20190739408,10/08/2019 08:31:00 AM,2,1,0,,N,462474,5,SIDESWIPE - SAME DIRECTION,22,CLOUDY,1,DAYLIGHT,12,MOTOR VEHICLE IN TRANSPORT,MM 80 1 I 65,NASHVILLE,TN,37204,7018,MIDTOW,36.1151,-86.773,POINT (-86.773 36.1151)
20190858160,11/27/2019 07:00:00 PM,2,1,0,,N,240955,4,ANGLE,21,CLEAR,3,DARK - LIGHTED,12;34,MOTOR VEHICLE IN TRANSPORT;DITCH,STATE HWY 254 & CANE RIDGE RD,ANTIOCH,TN,37013,8751,SOUTH,36.0448,-86.6615,POINT (-86.6615 36.0448)
20190750201,10/12/2019 09:02:00 PM,1,1,0,Y,N,256417,0,NOT COLLISION W/MOTOR VEHICLE-TRANSPORT,21,CLEAR,2,DARK - NOT LIGHTED,43,OTHER FIXED OBJECTS,TULIP GROVE RD & OLD LEBANON DIRT RD,HERMITAGE,TN,37076,9513,HERMIT,36.1886,-86.5933,POINT (-86.5933 36.1886)
20190759294,10/16/2019 04:15:00 PM,2,3,0,,N,524985,4,ANGLE,21,CLEAR,1,DAYLIGHT,12,MOTOR VEHICLE IN TRANSPORT,BRILEY PKWY E EXT RAMP & BRILEY PKWY E E,NASHVILLE,TN,37216,1592,EAST,36.238,-86.7406,POINT (-86.7406 36.238)
20190672700,09/10/2019 08:07:00 AM,2,0,0,,N,225773,5,SIDESWIPE - SAME DIRECTION,21,CLEAR,1,DAYLIGHT,12,MOTOR VEHICLE IN TRANSPORT,NOLENSVILLE PKE & ROSEDALE AV,NASHVILLE,TN,37211,8043,MIDTOW,36.125,-86.7522,POINT (-86.7522 36.125)
20190870028,12/03/2019 03:50:00 PM,2,0,0,,N,197070,4,ANGLE,21,CLEAR,1,DAYLIGHT,12,MOTOR VEHICLE IN TRANSPORT,14TH AVN & CHARLOTTE AV,NASHVILLE,TN,37203,5425,NORTH,36.161,-86.7937,POINT (-86.7937 36.161)
20190742350,10/09/2019 01:32:00 PM,2,0,0,,Y,226306,11,Front to Rear,21,CLEAR,1,DAYLIGHT,12,MOTOR VEHICLE IN TRANSPORT,HIGHWAY 70S & BELLEVUE RD,NASHVILLE,TN,37221,4811,WEST,36.0755,-86.9404,POINT (-86.9404 36.0755)
20190793271,10/31/2019 08:05:00 AM,2,0,0,,N,222047,11,Front to Rear,2,RAIN,1,DAYLIGHT,12,MOTOR VEHICLE IN TRANSPORT,BRILEY PKWY S EXT RAMP & BRILEY PKWYS,NASHVILLE,TN,37214,9209,HERMIT,36.1924,-86.6874,POINT (-86.6874 36.1924)
20190662707,09/05/2019 01:00:00 PM,2,0,0,,N,717341,4,ANGLE,21,CLEAR,1,DAYLIGHT,12,MOTOR VEHICLE IN TRANSPORT,NOLENSVILLE PKE & HAYWOOD LN,NASHVILLE,TN,37211,8661,MIDTOW,36.0683,-86.7193,POINT (-86.7193 36.0683)
20190782908,10/26/2019 11:57:00 PM,1,0,0,,N,279216,0,NOT COLLISION W/MOTOR VEHICLE-TRANSPORT,21,CLEAR,2,DARK - NOT LIGHTED,50,DEER (ANIMAL),UNION HILL RD & RIDGEWOOD RD,WHITES CREEK,TN,37189,2211,NORTH,36.338,-86.8358,POINT (-86.8358 36.338)
20190755889,10/15/2019 09:05:00 AM,3,1,0,,N,876573,98,OTHER,21,CLEAR,1,DAYLIGHT,12,MOTOR VEHICLE IN TRANSPORT,NOLENSVILLE PKE & MILL CREEK WHITTLEMORE,ANTIOCH,TN,37013,8757,SOUTH,36.0431,-86.713,POINT (-86.713 36.0431)
20190763575,10/18/2019 09:20:00 AM,1,0,0,Y,N,876573,0,NOT COLLISION W/MOTOR VEHICLE-TRANSPORT,21,CLEAR,1,DAYLIGHT,30,UTILITY POLE,5200 HICKORY HOLLOW MALL PVTDR PL,ANTIOCH,TN,37013,8871,SOUTH,36.0506,-86.657,POINT (-86.657 36.0506)
20190724475,10/01/2019 06:13:00 PM,2,0,0,,N,507813,5,SIDESWIPE - SAME DIRECTION,21,CLEAR,1,DAYLIGHT,12,MOTOR VEHICLE IN TRANSPORT,MM 53 9 I 24,NASHVILLE,TN,37211,88122,SOUTH,36.1073,-86.7197,POINT (-86.7197 36.1073)
20190787815,10/29/2019 04:51:00 AM,2,0,0,,Y,320584,6,SIDESWIPE - OPPOSITE DIRECTION,21,CLEAR,3,DARK - LIGHTED,14,PARKED MOTOR VEHICLE,N HILL ST & 1ST AVS,NASHVILLE,TN,37210,8137,SOUTH,36.1453,-86.7621,POINT (-86.7621 36.1453)
20190719309,09/29/2019 01:40:00 PM,2,0,0,,N,633381,4,ANGLE,22,CLOUDY,1,DAYLIGHT,12,MOTOR VEHICLE IN TRANSPORT,MT VIEW RD & CROSSINGS BLVD,ANTIOCH,TN,37013,8863,SOUTH,36.0455,-86.6473,POINT (-86.6473 36.0455)
20190609133,08/15/2019 03:35:00 PM,2,0,0,,N,267831,4,ANGLE,21,CLEAR,1,DAYLIGHT,12,MOTOR VEHICLE IN TRANSPORT,WHITE BRIDGE PKE & LENOX AV,NASHVILLE,TN,37209,5103,WEST,36.1493,-86.8579,POINT (-86.8579 36.1493)
20190868925,12/03/2019 07:00:00 AM,2,2,0,,N,876573,4,ANGLE,21,CLEAR,1,DAYLIGHT,12,MOTOR VEHICLE IN TRANSPORT,MURFREESBORO PKE & FOREST VIEW DR,ANTIOCH,TN,37013,8865,SOUTH,36.0674,-86.6313,POINT (-86.6313 36.0674)
20190709502,09/25/2019 08:59:00 AM,2,0,0,,N,414731,5,SIDESWIPE - SAME DIRECTION,21,CLEAR,1,DAYLIGHT,12,MOTOR VEHICLE IN TRANSPORT,SOUTHLAKE DR & THOMPSON LN,NASHVILLE,TN,37211,8423,SOUTH,36.1094,-86.728,POINT (-86.728 36.1094)
20190594943,08/10/2019 03:22:00 AM,2,0,0,,Y,256377,11,Front to Rear,21,CLEAR,3,DARK - LIGHTED,12,MOTOR VEHICLE IN TRANSPORT,MURFREESBORO PKE & WILHAGAN RD,NASHVILLE,TN,37217,8801,SOUTH,36.1325,-86.7193,POINT (-86.7193 36.1325)
20190881648,12/08/2019 02:21:00 PM,2,2,0,,N,330428,4,ANGLE,21,CLEAR,1,DAYLIGHT,12,MOTOR VEHICLE IN TRANSPORT,HWY 100 & STATE HWY 96,NASHVILLE,TN,37221,4805,WEST,36.0173,-87.0313,POINT (-87.0313 36.0173)
20190614277,08/17/2019 05:35:00 PM,2,0,0,,N,256383,5,SIDESWIPE - SAME DIRECTION,21,CLEAR,1,DAYLIGHT,12,MOTOR VEHICLE IN TRANSPORT,I24 E EXT RAMP & I 24,NASHVILLE,TN,37207,30080,NORTH,36.2378,-86.7872,POINT (-86.7872 36.2378)
20190872479,12/04/2019 12:38:00 PM,3,1,0,,N,226622,11,Front to Rear,22,CLOUDY,1,DAYLIGHT,12,MOTOR VEHICLE IN TRANSPORT,WEST END AV & CRAIGHEAD AV,NASHVILLE,TN,37205,5211,WEST,36.134,-86.827,POINT (-86.827 36.134)
20190792125,10/30/2019 06:33:00 PM,2,0,0,,N,384408,4,ANGLE,2,RAIN,2,DARK - NOT LIGHTED,12,MOTOR VEHICLE IN TRANSPORT,MCGAVOCK PKE & OUTLET CENTER DR,NASHVILLE,TN,37214,9209,HERMIT,36.2172,-86.6989,POINT (-86.6989 36.2172)
20190900581,12/16/2019 04:05:00 PM,2,0,0,,Y,352156,5,SIDESWIPE - SAME DIRECTION,2,RAIN,1,DAYLIGHT,12,MOTOR VEHICLE IN TRANSPORT,NOLENSVILLE PKE & COLLIER AV,NASHVILLE,TN,37211,8425,SOUTH,36.11,-86.7447,POINT (-86.7447 36.11)
20190605619,08/14/2019 09:48:00 AM,2,0,0,,N,109534,11,Front to Rear,21,CLEAR,1,DAYLIGHT,12,MOTOR VEHICLE IN TRANSPORT,ELM HILL PKE WB EXT RAMP & ELM HILL PKE,NASHVILLE,TN,37210,9039,HERMIT,36.1517,-86.6912,POINT (-86.6912 36.1517)
20190827292,11/14/2019 06:02:00 PM,2,1,0,,N,256389,6,SIDESWIPE - OPPOSITE DIRECTION,21,CLEAR,3,DARK - LIGHTED,12,MOTOR VEHICLE IN TRANSPORT,ALLIED DR & VULCAN DR,NASHVILLE,TN,37211,8511,MIDTOW,36.0963,-86.7453,POINT (-86.7453 36.0963)
20190711929,09/26/2019 07:15:00 AM,2,0,0,,Y,235761,5,SIDESWIPE - SAME DIRECTION,21,CLEAR,1,DAYLIGHT,12,MOTOR VEHICLE IN TRANSPORT,MM 205 4 I 40,NASHVILLE,TN,37209,52040,WEST,36.1546,-86.8315,POINT (-86.8315 36.1546)
20190756873,10/15/2019 05:08:00 PM,2,0,0,,N,468160,11,Front to Rear,21,CLEAR,1,DAYLIGHT,12,MOTOR VEHICLE IN TRANSPORT,OLD HICKORY BLVD & CENTRAL PKE,HERMITAGE,TN,37076,9557,HERMIT,36.1676,-86.7787,POINT (-86.7787 36.1676)
20190782314,10/26/2019 04:25:00 PM,2,3,0,,N,279116,4,ANGLE,2,RAIN,1,DAYLIGHT,12,MOTOR VEHICLE IN TRANSPORT,MT PISGAH RD & RAVENS GLEN,NASHVILLE,TN,37211,8651,MIDTOW,36.0212,-86.7373,POINT (-86.7373 36.0212)
20190762217,10/17/2019 07:52:00 PM,2,2,0,,N,240983,4,ANGLE,21,CLEAR,3,DARK - LIGHTED,12,MOTOR VEHICLE IN TRANSPORT,MM 56 3 I 24,NASHVILLE,TN,37211,8708,SOUTH,36.0778,-86.6951,POINT (-86.6951 36.0778)
20190700379,09/21/2019 09:40:00 AM,4,3,0,,N,226600,11,Front to Rear,21,CLEAR,1,DAYLIGHT,12,MOTOR VEHICLE IN TRANSPORT,STANFORD DR & HILLSBORO PKE,NASHVILLE,TN,37215,6311,MIDTOW,36.0887,-86.8305,POINT (-86.8305 36.0887)
20190605944,08/14/2019 12:14:00 PM,1,0,0,,N,109534,0,NOT COLLISION W/MOTOR VEHICLE-TRANSPORT,21,CLEAR,1,DAYLIGHT,25,GUARDRAIL END,I40 E ENT RAMP & I 40,NASHVILLE,TN,37205,4903,WEST,36.1109,-86.922,POINT (-86.922 36.1109)
20190625606,08/21/2019 09:22:00 PM,2,2,0,,N,191570,4,ANGLE,21,CLEAR,3,DARK - LIGHTED,12,MOTOR VEHICLE IN TRANSPORT,21ST AVS & GRAND AV,NASHVILLE,TN,37212,6709,MIDTOW,36.1468,-86.7995,POINT (-86.7995 36.1468)
20190877170,12/06/2019 07:00:00 AM,2,0,0,,Y,676834,4,ANGLE,22,CLOUDY,1,DAYLIGHT,12;14,MOTOR VEHICLE IN TRANSPORT;PARKED MOTOR VEHICLE,PAPPUS CT & OLD MATTHEWS RD,NASHVILLE,TN,37207,3047,NORTH,36.2186,-86.795,POINT (-86.795 36.2186)
20190893708,12/13/2019 08:25:00 AM,2,0,0,,N,109534,4,ANGLE,22,CLOUDY,1,DAYLIGHT,12,MOTOR VEHICLE IN TRANSPORT,FESSLERS PKWY & FESSLERS LN,NASHVILLE,TN,37210,9011,HERMIT,36.1492,-86.7432,POINT (-86.7432 36.1492)
20190838937,11/19/2019 06:21:00 PM,2,0,0,,N,256389,4,ANGLE,21,CLEAR,3,DARK - LIGHTED,12,MOTOR VEHICLE IN TRANSPORT,CRUZEN ST & MELROSE AV,NASHVILLE,TN,37211,8307,MIDTOW,36.1196,-86.7536,POINT (-86.7536 36.1196)
20190715935,09/27/2019 08:10:00 PM,1,0,0,,Y,620080,0,NOT COLLISION W/MOTOR VEHICLE-TRANSPORT,22,CLOUDY,3,DARK - LIGHTED,8,PEDESTRIAN,MAIN ST & N 8TH ST,NASHVILLE,TN,37206,1119,EAST,36.1753,-86.7588,POINT (-86.7588 36.1753)
20190715618,09/27/2019 05:00:00 PM,2,0,0,,N,330427,11,Front to Rear,21,CLEAR,1,DAYLIGHT,12,MOTOR VEHICLE IN TRANSPORT,BUENA VISTA PIKE & W TRINITY LN,NASHVILLE,TN,37218,3101,NORTH,36.2025,-86.8205,POINT (-86.8205 36.2025)
20190841760,11/20/2019 07:03:00 PM,1,0,0,Y,Y,256444,0,NOT COLLISION W/MOTOR VEHICLE-TRANSPORT,21,CLEAR,3,DARK - LIGHTED,40,MAIL BOX,MCGAVOCK PKE & RIDGEWAY DR,NASHVILLE,TN,37214,9111,HERMIT,36.1645,-86.6807,POINT (-86.6807 36.1645)
20190810644,11/07/2019 02:21:00 PM,2,0,0,,N,717341,4,ANGLE,2,RAIN,1,DAYLIGHT,12,MOTOR VEHICLE IN TRANSPORT,HAMILTON CHURCH RD & OWENDALE DR,ANTIOCH,TN,37013,8927,SOUTH,36.0648,-86.6221,POINT (-86.6221 36.0648)
20190695977,09/19/2019 02:20:00 PM,2,0,0,,N,580819,5,SIDESWIPE - SAME DIRECTION,21,CLEAR,1,DAYLIGHT,12,MOTOR VEHICLE IN TRANSPORT,SPRING ST & N 1ST ST,NASHVILLE,TN,37213,1985,CENTRA,36.177,-86.7746,POINT (-86.7746 36.177)
20190753629,10/14/2019 10:10:00 AM,2,0,0,,N,876581,4,ANGLE,21,CLEAR,1,DAYLIGHT,12,MOTOR VEHICLE IN TRANSPORT,THE GALLERY AT RIVERGATE PVTDR & RIVERGA,MADISON,TN,37115,1731,MADISO,36.3015,-86.6918,POINT (-86.6918 36.3015)
20190742783,10/09/2019 05:12:00 PM,2,0,0,,Y,240983,5,SIDESWIPE - SAME DIRECTION,21,CLEAR,1,DAYLIGHT,12,MOTOR VEHICLE IN TRANSPORT,PERKINS ST & LEWIS ST,NASHVILLE,TN,37210,8145,SOUTH,36.1471,-86.7594,POINT (-86.7594 36.1471)
20190738406,10/07/2019 10:15:00 PM,2,0,0,,Y,284059,4,ANGLE,21,CLEAR,3,DARK - LIGHTED,14,PARKED MOTOR VEHICLE,CLARKSVILLE PKE & BUENA VISTA PKE,NASHVILLE,TN,37218,3135,NORTH,36.1935,-86.8309,POINT (-86.8309 36.1935)
20190654314,09/02/2019 12:00:00 AM,2,0,0,,Y,468030,9,UNKNOWN,99,UNKNOWN,7,Dark-Unknown Lighting,14,PARKED MOTOR VEHICLE,PAFFORD DR & PRESTON DR,NASHVILLE,TN,37206,1359,EAST,36.1894,-86.7171,POINT (-86.7171 36.1894)
20190866724,12/02/2019 09:08:00 AM,2,0,0,,Y,676834,4,ANGLE,22,CLOUDY,1,DAYLIGHT,12,MOTOR VEHICLE IN TRANSPORT,OLD HICKORY BLVD & WHITES CREEK PKE,WHITES CREEK,TN,37189,3229,NORTH,36.2657,-86.8309,POINT (-86.8309 36.2657)
20190895487,12/14/2019 12:30:00 AM,2,0,0,,Y,279217,11,Front to Rear,22,CLOUDY,3,DARK - LIGHTED,12,MOTOR VEHICLE IN TRANSPORT,DR D B TODD JR BLVD & JEFFERSON ST,NASHVILLE,TN,37208,5325,NORTH,36.1695,-86.8067,POINT (-86.8067 36.1695)
20190764816,10/18/2019 08:45:00 PM,2,0,0,,N,299238,4,ANGLE,21,CLEAR,3,DARK - LIGHTED,12,MOTOR VEHICLE IN TRANSPORT,GALLATIN PKE & BURCHWOOD AV,NASHVILLE,TN,37216,1403,EAST,36.201,-86.7399,POINT (-86.7399 36.201)
20190587129,08/07/2019 12:20:00 PM,2,0,0,,Y,594473,11,Front to Rear,21,CLEAR,1,DAYLIGHT,12,MOTOR VEHICLE IN TRANSPORT,THOMPSON LN & SEABOARD DR,NASHVILLE,TN,37211,8521,MIDTOW,36.1112,-86.7497,POINT (-86.7497 36.1112)
20190680893,09/13/2019 07:52:00 AM,2,0,0,,N,191578,5,SIDESWIPE - SAME DIRECTION,21,CLEAR,1,DAYLIGHT,12,MOTOR VEHICLE IN TRANSPORT,MM 215 4 I 40,NASHVILLE,TN,37217,89020,HERMIT,36.1434,-86.6882,POINT (-86.6882 36.1434)
20190585375,08/06/2019 08:39:00 PM,1,1,0,,N,596389,0,NOT COLLISION W/MOTOR VEHICLE-TRANSPORT,2,RAIN,3,DARK - LIGHTED,9,,BEECH BEND DR & OLD HARDING PKE,NASHVILLE,TN,37221,4819,WEST,36.0623,-86.9427,POINT (-86.9427 36.0623)
20190932194,12/31/2019 04:13:00 PM,2,0,0,,N,384408,11,Front to Rear,21,CLEAR,5,DUSK,12,MOTOR VEHICLE IN TRANSPORT,WEST END AV & CHEROKEE RD,NASHVILLE,TN,37205,6019,WEST,36.1304,-86.8376,POINT (-86.8376 36.1304)
20190756853,10/15/2019 12:00:00 AM,2,0,0,,Y,405418,11,Front to Rear,22,CLOUDY,1,DAYLIGHT,12,MOTOR VEHICLE IN TRANSPORT,MM 75 1 I 65,BRENTWOOD,TN,37027,86040,MIDTOW,36.0452,-86.7791,POINT (-86.7791 36.0452)
20190845076,11/22/2019 02:43:00 AM,1,1,0,,N,311341,0,NOT COLLISION W/MOTOR VEHICLE-TRANSPORT,2,RAIN,3,DARK - LIGHTED,37,Other Traffic Barrier,I40 W EXT RAMP & I 40,NASHVILLE,TN,37203,4119,CENTRA,36.1574,-86.79,POINT (-86.79 36.1574)
20190904613,12/18/2019 07:23:00 AM,3,1,0,,Y,633390,5,SIDESWIPE - SAME DIRECTION,22,CLOUDY,4,DAWN,12,MOTOR VEHICLE IN TRANSPORT,MM 88 1 I 65,NASHVILLE,TN,37207,18041,EAST,36.2169,-86.775,POINT (-86.775 36.2169)
20190863207,11/30/2019 12:46:00 PM,1,3,0,Y,N,306231,0,NOT COLLISION W/MOTOR VEHICLE-TRANSPORT,2,RAIN,1,DAYLIGHT,24,GUARDRAIL FACE,I65 S ENT RAMP & I 65,NASHVILLE,TN,37207,3007,NORTH,36.2057,-86.778,POINT (-86.778 36.2057)
20190864826,12/01/2019 09:45:00 AM,2,1,0,,N,343522,11,Front to Rear,21,CLEAR,1,DAYLIGHT,12,MOTOR VEHICLE IN TRANSPORT,OLD HICKORY BLVD & HIGHWAY 70S,NASHVILLE,TN,37221,4901,WEST,36.0742,-86.9208,POINT (-86.9208 36.0742)
20190687551,09/16/2019 10:58:00 AM,2,1,0,,N,716886,11,Front to Rear,21,CLEAR,1,DAYLIGHT,12,MOTOR VEHICLE IN TRANSPORT,MURFREESBORO PKE & TOWN PARK DR,NASHVILLE,TN,37217,8947,HERMIT,36.1031,-86.6662,POINT (-86.6662 36.1031)
20190744778,10/10/2019 12:00:00 PM,3,0,0,,N,320575,4,ANGLE,21,CLEAR,1,DAYLIGHT,14,PARKED MOTOR VEHICLE,NEWLODGE CT & STREAMFIELD PASS,ANTIOCH,TN,37013,8861,SOUTH,36.0679,-86.6608,POINT (-86.6608 36.0679)
20190894606,12/13/2019 03:50:00 PM,2,0,0,,Y,330435,4,ANGLE,2,RAIN,1,DAYLIGHT,12,MOTOR VEHICLE IN TRANSPORT,DICKERSON PKE & GRIZZARD AV,NASHVILLE,TN,37207,1833,EAST,36.2082,-86.7674,POINT (-86.7674 36.2082)
20190760702,10/17/2019 07:00:00 AM,2,2,0,Y,N,191578,4,ANGLE,21,CLEAR,1,DAYLIGHT,12;19,MOTOR VEHICLE IN TRANSPORT;BUILDING,ANDERSON RD & CREEKVIEW DR,ANTIOCH,TN,37013,8979,SOUTH,36.074,-86.6249,POINT (-86.6249 36.074)
20190610873,08/16/2019 08:46:00 AM,2,0,0,,N,191578,5,SIDESWIPE - SAME DIRECTION,21,CLEAR,1,DAYLIGHT,12;24,MOTOR VEHICLE IN TRANSPORT;GUARDRAIL FACE,MM 212 9 I 40,NASHVILLE,TN,37210,82061,HERMIT,36.1404,-86.7312,POINT (-86.7312 36.1404)
20190812873,11/08/2019 12:55:00 PM,2,0,0,,N,676834,11,Front to Rear,21,CLEAR,1,DAYLIGHT,12,MOTOR VEHICLE IN TRANSPORT,CLARKSVILLE PKE & BUENA VISTA PKE,NASHVILLE,TN,37218,3135,NORTH,36.1935,-86.8309,POINT (-86.8309 36.1935)
20190726373,10/02/2019 12:20:00 PM,2,0,0,,N,352174,11,Front to Rear,21,CLEAR,1,DAYLIGHT,12,MOTOR VEHICLE IN TRANSPORT,HARDING PL & TROUSDALE DR,NASHVILLE,TN,37211,8603,MIDTOW,36.081,-86.757,POINT (-86.757 36.081)
20190843257,11/21/2019 10:45:00 AM,2,0,0,,N,402653,5,SIDESWIPE - SAME DIRECTION,22,CLOUDY,1,DAYLIGHT,12,MOTOR VEHICLE IN TRANSPORT,5TH AVN & JAMES ROBERTSON PKWY,NASHVILLE,TN,37219,4203,CENTRA,36.1689,-86.7838,POINT (-86.7838 36.1689)
20190780744,10/25/2019 07:35:00 PM,3,1,0,,Y,256384,5,SIDESWIPE - SAME DIRECTION,2,RAIN,3,DARK - LIGHTED,12,MOTOR VEHICLE IN TRANSPORT,MM 60 1 I 24,ANTIOCH,TN,37013,88060,SOUTH,36.0397,-86.6491,POINT (-86.6491 36.0397)
20190739490,10/08/2019 09:04:00 AM,7,6,1,,N,693093,2,HEAD-ON,22,CLOUDY,1,DAYLIGHT,12;18;34;38,MOTOR VEHICLE IN TRANSPORT;OTHER OBJECT (NOT FIXED);DITCH;FENCE,STATE RT 45 & GALLATIN PKEN,MADISON,TN,37115,1701,MADISO,36.2631,-86.7119,POINT (-86.7119 36.2631)
20190692855,09/18/2019 10:11:00 AM,2,0,0,,N,419952,4,ANGLE,21,CLEAR,1,DAYLIGHT,12,MOTOR VEHICLE IN TRANSPORT,CHARLOTTE PKE & RIVER RD,NASHVILLE,TN,37209,4701,WEST,36.1287,-86.9065,POINT (-86.9065 36.1287)
20190707774,09/24/2019 04:20:00 PM,3,0,0,,N,256384,11,Front to Rear,21,CLEAR,1,DAYLIGHT,12,MOTOR VEHICLE IN TRANSPORT,2ND AVS & I40 E ENT RAMP,NASHVILLE,TN,37210,8201,HERMIT,36.1514,-86.7683,POINT (-86.7683 36.1514)
20190855388,11/26/2019 04:06:00 PM,2,0,0,,Y,240957,11,Front to Rear,2,RAIN,1,DAYLIGHT,12,MOTOR VEHICLE IN TRANSPORT,MM 76 6 I 65,NASHVILLE,TN,37220,86042,MIDTOW,36.0662,-86.7708,POINT (-86.7708 36.0662)
20190663351,09/05/2019 09:34:00 PM,1,0,0,,Y,879558,9,UNKNOWN,21,CLEAR,3,DARK - LIGHTED,99,UNKNOWN MOST HARMFUL EVENT,MM 211 9 I 40,NASHVILLE,TN,37210,90022,HERMIT,36.1487,-86.7459,POINT (-86.7459 36.1487)
20190769776,10/21/2019 12:00:00 AM,1,0,0,Y,Y,352211,0,NOT COLLISION W/MOTOR VEHICLE-TRANSPORT,99,UNKNOWN,9,UNKNOWN,38;42;63,FENCE;TREE;Ran Off Road-Right,HESTER BEASLEY RD & HIGHWAY 100,NASHVILLE,TN,37221,4805,WEST,36.0329,-86.9864,POINT (-86.9864 36.0329)