Accident Number,Date and Time,Number of Motor Vehicles,Number of Injuries,Number of Fatalities,Property Damage,Hit and Run,Reporting Officer,Collision Type Code,Collision Type Description,Weather Code,Weather Description,Illumination Code,Illumination Description,Harmful Code,Harmful Code Description,Street Address,City,State,ZIP,RPA,Precinct,Latitude,Longitude,Mapped Location
20190828885,11/15/2019 09:53:00 AM,2,0,0,,N,109534,11,Front to Rear,22,CLOUDY,1,DAYLIGHT,12,MOTOR VEHICLE IN TRANSPORT,MM 213 5 I 40,NASHVILLE,TN,37210,90062,HERMIT,36.1406,-86.7215,POINT (-86.7215 36.1406)
20190726899,10/02/2019 05:03:00 PM,2,1,0,,N,151132,11,Front to Rear,21,CLEAR,1,DAYLIGHT,12,MOTOR VEHICLE IN TRANSPORT,I65 N ENT RAMP & I 65,NASHVILLE,TN,37207,1829,EAST,36.209,-86.7759,POINT (-86.7759 36.209)
20190691057,09/17/2019 06:03:00 PM,2,0,0,,Y,256380,11,Front to Rear,21,CLEAR,1,DAYLIGHT,12,MOTOR VEHICLE IN TRANSPORT,DOMINICAN DR & ROSA L PARKS BLVD,NASHVILLE,TN,37228,4445,NORTH,36.1879,-86.7985,POINT (-86.7985 36.1879)
20190651134,08/31/2019 09:44:00 PM,2,1,0,,N,298863,0,NOT COLLISION W/MOTOR VEHICLE-TRANSPORT,21,CLEAR,2,DARK - NOT LIGHTED,12;5;7,MOTOR VEHICLE IN TRANSPORT,LAFAYETTE ST & 5TH AVS,NASHVILLE,TN,37203,4027,CENTRA,36.1525,-86.7733,POINT (-86.7733 36.1525)
20190652929,09/01/2019 06:43:00 PM,2,0,0,,N,299264,4,ANGLE,21,CLEAR,1,DAYLIGHT,12,MOTOR VEHICLE IN TRANSPORT,OLD HICKORY BLVD & EDMONDSON PKE,NASHVILLE,TN,37220,8615,MIDTOW,36.04,-86.7435,POINT (-86.7435 36.04)
20190905842,12/18/2019 05:03:00 PM,2,1,0,,N,279116,11,Front to Rear,22,CLOUDY,2,DARK - NOT LIGHTED,12,MOTOR VEHICLE IN TRANSPORT,MM 4 0 I 440,NASHVILLE,TN,37204,7010,MIDTOW,36.1161,-86.7901,POINT (-86.7901 36.1161)
20190634319,08/25/2019 02:59:00 AM,1,0,0,,N,298866,0,NOT COLLISION W/MOTOR VEHICLE-TRANSPORT,21,CLEAR,2,DARK - NOT LIGHTED,50,DEER (ANIMAL),COCKRILL BEND BLVD & COCKRILL BEND CIR,NASHVILLE,TN,37209,4653,WEST,36.1782,-86.896,POINT (-86.896 36.1782)
20190898349,12/09/2019 06:30:00 PM,2,0,0,,Y,320597,11,Front to Rear,21,CLEAR,7,Dark-Unknown Lighting,12,MOTOR VEHICLE IN TRANSPORT,OAKWOOD FOREST DR & UNA ANTIOCH PKE,ANTIOCH,TN,37013,8891,SOUTH,36.0781,-86.657,POINT (-86.657 36.0781)
20190710006,09/25/2019 01:30:00 PM,2,1,0,,N,179602,0,NOT COLLISION W/MOTOR VEHICLE-TRANSPORT,22,CLOUDY,1,DAYLIGHT,10;12,RAILWAY TRAIN;MOTOR VEHICLE IN TRANSPORT,AMY LYNN DR & ASHLAND CITY HWY,NASHVILLE,TN,37218,3235,NORTH,36.2103,-86.8784,POINT (-86.8784 36.2103)
20190698506,09/20/2019 01:55:00 PM,2,0,0,,N,571313,11,Front to Rear,22,CLOUDY,1,DAYLIGHT,12,MOTOR VEHICLE IN TRANSPORT,MM 209 5 I 40,NASHVILLE,TN,37203,40040,CENTRA,36.1502,-86.7844,POINT (-86.7844 36.1502)
20190776039,10/23/2019 08:25:00 PM,2,1,0,Y,N,717341,4,ANGLE,21,CLEAR,3,DARK - LIGHTED,12,MOTOR VEHICLE IN TRANSPORT,I24 W EXT RAMP & I 24,NASHVILLE,TN,37211,8829,SOUTH,36.1074,-86.7197,POINT (-86.7197 36.1074)
20190819682,11/11/2019 06:23:00 PM,2,1,0,,Y,352178,11,Front to Rear,2,RAIN,3,DARK - LIGHTED,12,MOTOR VEHICLE IN TRANSPORT,ROSA L PARKS BLVD & JEFFERSON ST,NASHVILLE,TN,37208,4237,CENTRA,36.1733,-86.7914,POINT (-86.7914 36.1733)
20190749698,10/12/2019 12:00:00 AM,2,0,0,,N,352213,11,Front to Rear,21,CLEAR,1,DAYLIGHT,12,MOTOR VEHICLE IN TRANSPORT,CHARLOTTE PKE & I40 W EXT RAMP,NASHVILLE,TN,37209,4701,WEST,36.1302,-86.9002,POINT (-86.9002 36.1302)
20190910816,12/20/2019 04:55:00 PM,2,1,0,,Y,352166,5,SIDESWIPE - SAME DIRECTION,21,CLEAR,1,DAYLIGHT,12,MOTOR VEHICLE IN TRANSPORT,MM 92 3 I 65,MADISON,TN,37115,1704,MADISO,36.2653,-86.7374,POINT (-86.7374 36.2653)
20190867960,12/02/2019 09:12:00 PM,2,0,0,,N,240983,5,SIDESWIPE - SAME DIRECTION,22,CLOUDY,3,DARK - LIGHTED,12,MOTOR VEHICLE IN TRANSPORT,NOLENSVILLE PKE & HICKORYVIEW DR,NASHVILLE,TN,37211,8717,SOUTH,36.0488,-86.7137,POINT (-86.7137 36.0488)
20190729653,10/03/2019 06:16:00 PM,3,2,0,,N,693098,11,Front to Rear,21,CLEAR,3,DARK - LIGHTED,12,MOTOR VEHICLE IN TRANSPORT,CHARLOTTE PKE & WATTS LN,NASHVILLE,TN,37209,5023,WEST,36.1437,-86.8736,POINT (-86.8736 36.1437)
20190803148,11/04/2019 04:20:00 PM,2,0,0,,N,352207,11,Front to Rear,21,CLEAR,1,DAYLIGHT,12,MOTOR VEHICLE IN TRANSPORT,OLD HICKORY BLVD & I65 N EXT RAMP,BRENTWOOD,TN,37027,8623,MIDTOW,36.0399,-86.781,POINT (-86.781 36.0399)
20190783706,10/27/2019 11:23:00 AM,1,1,0,Y,N,299243,0,NOT COLLISION W/MOTOR VEHICLE-TRANSPORT,22,CLOUDY,1,DAYLIGHT,42,TREE,4TH AVN & UNION ST,NASHVILLE,TN,37219,4159,CENTRA,36.1652,-86.78,POINT (-86.78 36.1652)
20190625366,08/21/2019 07:31:00 PM,2,0,0,,N,909486,4,ANGLE,21,CLEAR,1,DAYLIGHT,12,MOTOR VEHICLE IN TRANSPORT,OLD HICKORY BLVD & COPPERFIELD WAY,BRENTWOOD,TN,37027,8621,MIDTOW,36.0417,-86.7486,POINT (-86.7486 36.0417)
20190604095,08/13/2019 06:26:00 PM,2,0,0,,N,584947,4,ANGLE,22,CLOUDY,1,DAYLIGHT,12,MOTOR VEHICLE IN TRANSPORT,OLD SMYRNA RD & WINDYHILL PL,BRENTWOOD,TN,37027,8623,MIDTOW,36.0201,-86.7452,POINT (-86.7452 36.0201)
20190874261,12/05/2019 05:57:00 AM,2,0,0,,N,755026,11,Front to Rear,21,CLEAR,1,DAYLIGHT,12,MOTOR VEHICLE IN TRANSPORT,MM 52 8 I 24,NASHVILLE,TN,37210,81022,SOUTH,36.1212,-86.7272,POINT (-86.7272 36.1212)
20190775772,10/23/2019 05:50:00 PM,2,0,0,,N,337276,4,ANGLE,21,CLEAR,1,DAYLIGHT,12,MOTOR VEHICLE IN TRANSPORT,GOLF ST & GREENFIELD AVE,NASHVILLE,TN,37216,1443,EAST,36.209,-86.7238,POINT (-86.7238 36.209)
20190753768,10/14/2019 01:40:00 PM,2,0,0,,N,348631,11,Front to Rear,21,CLEAR,1,DAYLIGHT,12,MOTOR VEHICLE IN TRANSPORT,MM 47 0 I 24,NASHVILLE,TN,37207,1910,CENTRA,36.1886,-86.7761,POINT (-86.7761 36.1886)
20190726987,10/02/2019 05:20:00 PM,2,0,0,,N,352166,11,Front to Rear,21,CLEAR,1,DAYLIGHT,12,MOTOR VEHICLE IN TRANSPORT,DIVISION ST & 6TH AVS,NASHVILLE,TN,37203,4027,CENTRA,36.1514,-86.7738,POINT (-86.7738 36.1514)
20190717246,09/28/2019 11:33:00 AM,2,3,0,,N,538214,4,ANGLE,21,CLEAR,1,DAYLIGHT,12,MOTOR VEHICLE IN TRANSPORT,INTERSTATE DR & WOODLAND ST,NASHVILLE,TN,37213,1105,CENTRA,36.1705,-86.7684,POINT (-86.7684 36.1705)
20190631330,08/23/2019 08:13:00 PM,2,0,0,,N,330436,4,ANGLE,21,CLEAR,3,DARK - LIGHTED,12,MOTOR VEHICLE IN TRANSPORT,4TH AVS & MOLLOY ST,NASHVILLE,TN,37203,4055,CENTRA,36.1585,-86.7756,POINT (-86.7756 36.1585)
20190795514,11/01/2019 07:04:00 AM,2,0,0,,N,320601,11,Front to Rear,21,CLEAR,1,DAYLIGHT,12,MOTOR VEHICLE IN TRANSPORT,MM 53 1 I 24,NASHVILLE,TN,37210,88142,SOUTH,36.1172,-86.7256,POINT (-86.7256 36.1172)
20190843734,11/21/2019 02:42:00 PM,2,2,0,,N,240983,2,HEAD-ON,21,CLEAR,1,DAYLIGHT,12,MOTOR VEHICLE IN TRANSPORT,MURFREESBORO PKE & HOBSON PKE,ANTIOCH,TN,37013,8927,SOUTH,36.043,-86.6066,POINT (-86.6066 36.043)
20190632931,08/24/2019 01:00:00 PM,2,0,0,,Y,309262,11,Front to Rear,21,CLEAR,1,DAYLIGHT,12,MOTOR VEHICLE IN TRANSPORT,DICKERSON PKE & I65 N ENT RAMP,NASHVILLE,TN,37216,1805,EAST,36.2361,-86.7582,POINT (-86.7582 36.2361)
20190846944,11/22/2019 10:40:00 AM,1,0,0,,N,256446,0,NOT COLLISION W/MOTOR VEHICLE-TRANSPORT,21,CLEAR,1,DAYLIGHT,50,DEER (ANIMAL),NOLENSVILLE PKE & CULBERTSON RD,ANTIOCH,TN,37013,8767,SOUTH,36.0072,-86.7007,POINT (-86.7007 36.0072)
20190806119,11/05/2019 07:20:00 PM,2,1,0,,N,717341,11,Front to Rear,21,CLEAR,3,DARK - LIGHTED,12,MOTOR VEHICLE IN TRANSPORT,UNA ANTIOCH PKE & STREAMFIELD PASS,ANTIOCH,TN,37013,8861,SOUTH,36.0704,-86.6638,POINT (-86.6638 36.0704)
20190645352,08/29/2019 04:31:00 PM,2,1,0,,N,240979,11,Front to Rear,21,CLEAR,1,DAYLIGHT,12,MOTOR VEHICLE IN TRANSPORT,CUDE LN & GALLATIN PKEN,MADISON,TN,37115,1731,MADISO,36.2998,-86.6966,POINT (-86.6966 36.2998)
20190585610,08/06/2019 12:00:00 AM,1,0,0,,Y,352185,9,UNKNOWN,99,UNKNOWN,5,DUSK,99,UNKNOWN MOST HARMFUL EVENT,DICKERSON PKE & MARTIN AV,NASHVILLE,TN,37207,1833,EAST,36.2101,-86.7659,POINT (-86.7659 36.2101)
20190740686,10/08/2019 08:13:00 PM,2,0,0,,Y,240986,4,ANGLE,21,CLEAR,3,DARK - LIGHTED,14,PARKED MOTOR VEHICLE,1001 S 10TH ST,NASHVILLE,TN,37206,1205,EAST,36.1716,-86.7521,POINT (-86.7521 36.1716)
20190597419,08/11/2019 12:00:00 AM,1,0,0,,N,240944,0,NOT COLLISION W/MOTOR VEHICLE-TRANSPORT,21,CLEAR,3,DARK - LIGHTED,33;43,CURB;OTHER FIXED OBJECTS,HAYWOOD LN & HAYWOOD SQUARE PVTDR,NASHVILLE,TN,37211,8709,SOUTH,36.0694,-86.6927,POINT (-86.6927 36.0694)
20190764245,10/18/2019 03:48:00 PM,2,0,0,,N,352155,11,Front to Rear,21,CLEAR,1,DAYLIGHT,12,MOTOR VEHICLE IN TRANSPORT,MM 208 0 I 40,NASHVILLE,TN,37208,54022,NORTH,36.1707,-86.7983,POINT (-86.7983 36.1707)
20190731493,10/04/2019 01:10:00 PM,2,0,0,,N,191578,5,SIDESWIPE - SAME DIRECTION,21,CLEAR,1,DAYLIGHT,12,MOTOR VEHICLE IN TRANSPORT,MURFREESBORO PKE & BELL RD,ANTIOCH,TN,37013,8865,SOUTH,36.072,-86.636,POINT (-86.636 36.072)
20190929639,12/30/2019 01:18:00 PM,2,1,0,,N,420035,11,Front to Rear,21,CLEAR,1,DAYLIGHT,12,MOTOR VEHICLE IN TRANSPORT,GALLATIN PKEN & EDGEMEADE BLVD,MADISON,TN,37115,1719,MADISO,36.2829,-86.7072,POINT (-86.7072 36.2829)
20190721483,09/30/2019 02:45:00 PM,2,0,0,,Y,299253,2,HEAD-ON,21,CLEAR,1,DAYLIGHT,12,MOTOR VEHICLE IN TRANSPORT,GALLATIN PKE & MCCHESNEY AV,NASHVILLE,TN,37216,1441,EAST,36.2135,-86.7313,POINT (-86.7313 36.2135)
20190824913,11/13/2019 06:08:00 PM,1,0,0,Y,N,429193,0,NOT COLLISION W/MOTOR VEHICLE-TRANSPORT,21,CLEAR,2,DARK - NOT LIGHTED,30,UTILITY POLE,OLD CHARLOTTE PKE & OLD CHARLOTTE PKE PV,PEGRAM,TN,37143,4715,WEST,36.1188,-86.9757,POINT (-86.9757 36.1188)
20190675572,09/11/2019 08:46:00 AM,2,0,0,,N,109534,5,SIDESWIPE - SAME DIRECTION,21,CLEAR,1,DAYLIGHT,12,MOTOR VEHICLE IN TRANSPORT,I40 W ENT RAMP & I 40,NASHVILLE,TN,37210,9007,HERMIT,36.1484,-86.7454,POINT (-86.7454 36.1484)
20190865177,12/01/2019 06:25:00 PM,2,0,0,,Y,240957,4,ANGLE,22,CLOUDY,1,DAYLIGHT,14,PARKED MOTOR VEHICLE,HUNTINGTON PKWY & EDMONDSON PKE,NASHVILLE,TN,37211,8653,MIDTOW,36.0522,-86.7431,POINT (-86.7431 36.0522)
20190603270,08/13/2019 12:45:00 PM,3,0,0,,Y,620057,11,Front to Rear,21,CLEAR,1,DAYLIGHT,12,MOTOR VEHICLE IN TRANSPORT,MM 89 1 I 65,NASHVILLE,TN,37207,18062,EAST,36.2313,-86.7703,POINT (-86.7703 36.2313)
20190598107,08/11/2019 01:34:00 PM,2,0,0,,N,799013,11,Front to Rear,21,CLEAR,1,DAYLIGHT,12,MOTOR VEHICLE IN TRANSPORT,JACKSON DOWNS BLVD & LEBANON PKE,NASHVILLE,TN,37214,9403,HERMIT,36.1853,-86.6365,POINT (-86.6365 36.1853)
20190882975,12/09/2019 07:11:00 AM,2,0,0,,N,591933,4,ANGLE,21,CLEAR,1,DAYLIGHT,12;14,MOTOR VEHICLE IN TRANSPORT;PARKED MOTOR VEHICLE,MOUNTAINHIGH DR & CHIMNEYTOP DR,ANTIOCH,TN,37013,8753,SOUTH,36.0383,-86.6631,POINT (-86.6631 36.0383)
20190733268,10/05/2019 07:20:00 AM,3,0,0,,N,311331,11,Front to Rear,21,CLEAR,1,DAYLIGHT,12,MOTOR VEHICLE IN TRANSPORT,SPRING ST & DICKERSON PKE,NASHVILLE,TN,37207,1979,EAST,36.1765,-86.7702,POINT (-86.7702 36.1765)
20190795501,11/01/2019 06:57:00 AM,2,0,0,,N,262749,11,Front to Rear,21,CLEAR,1,DAYLIGHT,12,MOTOR VEHICLE IN TRANSPORT,I40 W EXT RAMP & DONELSON PKE,NASHVILLE,TN,37214,9411,HERMIT,36.1422,-86.6666,POINT (-86.6666 36.1422)
20190611240,08/15/2019 08:00:00 PM,1,0,0,Y,Y,584947,0,NOT COLLISION W/MOTOR VEHICLE-TRANSPORT,21,CLEAR,3,DARK - LIGHTED,33,CURB,ELLINGTON CIR & EDMONDSON PKE,NASHVILLE,TN,37211,8657,MIDTOW,36.0601,-86.7411,POINT (-86.7411 36.0601)
20190684772,09/14/2019 10:43:00 PM,1,0,0,,Y,279203,9,UNKNOWN,21,CLEAR,3,DARK - LIGHTED,99,UNKNOWN MOST HARMFUL EVENT,8TH AVS & DEMONBREUN ST,NASHVILLE,TN,37203,4041,CENTRA,36.1569,-86.7808,POINT (-86.7808 36.1569)
20190932028,12/31/2019 02:29:00 PM,2,0,0,,Y,717341,4,ANGLE,21,CLEAR,1,DAYLIGHT,12,MOTOR VEHICLE IN TRANSPORT,HAYWOOD LN & HAYWOOD SQUARE PVTDR,NASHVILLE,TN,37211,8709,SOUTH,36.0694,-86.6927,POINT (-86.6927 36.0694)
20190847156,11/22/2019 09:48:00 PM,5,1,0,,Y,320580,11,Front to Rear,21,CLEAR,3,DARK - LIGHTED,12,MOTOR VEHICLE IN TRANSPORT,MM 212 7 I 40,NASHVILLE,TN,37210,82060,HERMIT,36.143,-86.737,POINT (-86.737 36.143)
20190632676,08/24/2019 12:00:00 AM,1,1,0,,N,278580,0,NOT COLLISION W/MOTOR VEHICLE-TRANSPORT,21,CLEAR,1,DAYLIGHT,18;34;63,OTHER OBJECT (NOT FIXED);DITCH;Ran Off Road-Right,OLD HICKORY BLVD & BURGESS RD,WHITES CREEK,TN,37189,3305,NORTH,36.2779,-86.8538,POINT (-86.8538 36.2779)
20190675246,09/11/2019 12:00:00 AM,3,1,0,,Y,320591,11,Front to Rear,21,CLEAR,4,DAWN,12,MOTOR VEHICLE IN TRANSPORT,MM 63 0 I 24,ANTIOCH,TN,37013,8702,SOUTH,36.0094,-86.6151,POINT (-86.6151 36.0094)
20190898013,12/15/2019 10:19:00 AM,2,0,0,,Y,474557,4,ANGLE,21,CLEAR,9,UNKNOWN,14,PARKED MOTOR VEHICLE,BRENDA LN & SHEILA DR,ANTIOCH,TN,37013,8713,SOUTH,36.0596,-86.6931,POINT (-86.6931 36.0596)
20190765530,10/19/2019 01:30:00 AM,2,0,0,,Y,384419,11,Front to Rear,21,CLEAR,3,DARK - LIGHTED,14;55,PARKED MOTOR VEHICLE;Motor Vehicle-In-Motion Outside Trafficw,BROADWAY & 12TH AVS,NASHVILLE,TN,37203,4079,CENTRA,36.1566,-86.7875,POINT (-86.7875 36.1566)
20190910482,12/20/2019 01:15:00 PM,2,0,0,,N,384398,11,Front to Rear,22,CLOUDY,1,DAYLIGHT,12,MOTOR VEHICLE IN TRANSPORT,CLARKSVILLE PKE & ABERNATHY RD,NASHVILLE,TN,37218,3163,NORTH,36.203,-86.8405,POINT (-86.8405 36.203)
20190834862,11/18/2019 06:38:00 AM,2,0,0,,N,278580,11,Front to Rear,21,CLEAR,1,DAYLIGHT,12,MOTOR VEHICLE IN TRANSPORT,MM 38 6 I 24,WHITES CREEK,TN,37189,33181,NORTH,36.3026,-86.8128,POINT (-86.8128 36.3026)
20190929305,12/30/2019 09:55:00 AM,2,0,0,,N,334981,98,OTHER,21,CLEAR,1,DAYLIGHT,12,MOTOR VEHICLE IN TRANSPORT,MM 6 2 I 440,NASHVILLE,TN,37211,83061,MIDTOW,36.1225,-86.7522,POINT (-86.7522 36.1225)
20190735579,10/06/2019 12:00:00 PM,2,0,0,,Y,320601,4,ANGLE,21,CLEAR,1,DAYLIGHT,12,MOTOR VEHICLE IN TRANSPORT,BELL RD & BROOK VIEW ESTATES DR,ANTIOCH,TN,37013,8755,SOUTH,36.0439,-86.6933,POINT (-86.6933 36.0439)
20190797044,11/01/2019 12:00:00 AM,2,0,0,,Y,352213,4,ANGLE,21,CLEAR,3,DARK - LIGHTED,12,MOTOR VEHICLE IN TRANSPORT,HILLSBORO CIR & HILLSBORO DR,NASHVILLE,TN,37215,6111,WEST,36.1023,-86.8195,POINT (-86.8195 36.1023)
20190598837,08/11/2019 10:35:00 PM,1,0,0,,N,320578,0,NOT COLLISION W/MOTOR VEHICLE-TRANSPORT,21,CLEAR,1,DAYLIGHT,33,CURB,HARDING PL & HUMBER DR,NASHVILLE,TN,37211,8705,SOUTH,36.081,-86.7158,POINT (-86.7158 36.081)
20190851023,11/24/2019 09:42:00 PM,2,1,0,,N,311337,4,ANGLE,21,CLEAR,3,DARK - LIGHTED,12,MOTOR VEHICLE IN TRANSPORT,MURFREESBORO PKE & BELL RD,ANTIOCH,TN,37013,8865,SOUTH,36.072,-86.636,POINT (-86.636 36.072)
20190893523,12/13/2019 06:41:00 AM,2,0,0,,N,352214,4,ANGLE,21,CLEAR,1,DAYLIGHT,12,MOTOR VEHICLE IN TRANSPORT,10TH AVN & ROSA L PARKS BLVD,NASHVILLE,TN,37228,4445,NORTH,36.1932,-86.8069,POINT (-86.8069 36.1932)
20190921651,12/26/2019 01:00:00 AM,2,0,0,,Y,420035,4,ANGLE,21,CLEAR,7,Dark-Unknown Lighting,14,PARKED MOTOR VEHICLE,SCALF DR & ANDERSON LN,MADISON,TN,37115,1727,MADISO,36.2715,-86.692,POINT (-86.692 36.2715)
20190883996,12/09/2019 01:30:00 PM,2,0,0,,Y,909486,2,HEAD-ON,21,CLEAR,1,DAYLIGHT,12,MOTOR VEHICLE IN TRANSPORT,TROUSDALE DR & GRASSMERE PK,NASHVILLE,TN,37211,8509,MIDTOW,36.0866,-86.7539,POINT (-86.7539 36.0866)
20190782541,10/26/2019 07:23:00 PM,2,2,0,,Y,298877,11,Front to Rear,22,CLOUDY,3,DARK - LIGHTED,12,MOTOR VEHICLE IN TRANSPORT,NOLENSVILLE PKE & HARRISON ST,NASHVILLE,TN,37211,8431,SOUTH,36.0983,-86.7388,POINT (-86.7388 36.0983)
20190765227,10/19/2019 12:20:00 AM,2,0,0,,Y,352163,11,Front to Rear,21,CLEAR,2,DARK - NOT LIGHTED,12,MOTOR VEHICLE IN TRANSPORT,MM 212 4 I 40,NASHVILLE,TN,37210,82060,HERMIT,36.1441,-86.7389,POINT (-86.7389 36.1441)
20190798515,11/02/2019 12:42:00 PM,4,0,0,,Y,384423,4,ANGLE,21,CLEAR,1,DAYLIGHT,12,MOTOR VEHICLE IN TRANSPORT,ANNEX AV & CHARLOTTE PKE,NASHVILLE,TN,37209,5009,WEST,36.14,-86.8818,POINT (-86.8818 36.14)
20190606556,08/14/2019 03:25:00 PM,4,0,0,,Y,717341,11,Front to Rear,21,CLEAR,1,DAYLIGHT,12,MOTOR VEHICLE IN TRANSPORT,HARDING PL & TAMPA DR,NASHVILLE,TN,37211,8705,SOUTH,36.0827,-86.7105,POINT (-86.7105 36.0827)
20190657525,09/03/2019 04:19:00 PM,2,0,0,,N,279224,4,ANGLE,21,CLEAR,1,DAYLIGHT,12,MOTOR VEHICLE IN TRANSPORT,WOODLAND ST & S 5TH ST,NASHVILLE,TN,37206,1109,EAST,36.1716,-86.7653,POINT (-86.7653 36.1716)
20190747036,10/11/2019 12:00:00 AM,2,0,0,,Y,384407,5,SIDESWIPE - SAME DIRECTION,99,UNKNOWN,9,UNKNOWN,14,PARKED MOTOR VEHICLE,GRACE ST & LISCHEY AV,NASHVILLE,TN,37207,1965,EAST,36.1826,-86.7671,POINT (-86.7671 36.1826)
20190888852,12/11/2019 08:57:00 AM,2,0,0,,N,169421,6,SIDESWIPE - OPPOSITE DIRECTION,21,CLEAR,1,DAYLIGHT,12,MOTOR VEHICLE IN TRANSPORT,CHARLOTTE AV & 21ST AVN,NASHVILLE,TN,37203,5607,MIDTOW,36.1565,-86.8064,POINT (-86.8064 36.1565)
20190896230,12/14/2019 10:33:00 AM,2,0,0,,N,462474,5,SIDESWIPE - SAME DIRECTION,22,CLOUDY,1,DAYLIGHT,12,MOTOR VEHICLE IN TRANSPORT,EDMONDSON PKE & BLACKMAN RD,NASHVILLE,TN,37211,8659,MIDTOW,36.0716,-86.7333,POINT (-86.7333 36.0716)
20190742519,10/09/2019 03:09:00 PM,2,0,0,,N,240983,11,Front to Rear,21,CLEAR,1,DAYLIGHT,12,MOTOR VEHICLE IN TRANSPORT,BILLINGSGATE RD & CAVENDISH CT,ANTIOCH,TN,37013,8897,SOUTH,36.0774,-86.6657,POINT (-86.6657 36.0774)
20190682190,09/13/2019 06:17:00 PM,2,1,0,,N,887598,11,Front to Rear,21,CLEAR,1,DAYLIGHT,12,MOTOR VEHICLE IN TRANSPORT,W TRINITY LN & MONTICELLO DR,NASHVILLE,TN,37207,3009,NORTH,36.207,-86.7826,POINT (-86.7826 36.207)
20190602649,08/13/2019 08:50:00 AM,2,0,0,,N,676834,5,SIDESWIPE - SAME DIRECTION,21,CLEAR,1,DAYLIGHT,12,MOTOR VEHICLE IN TRANSPORT,CLARKSVILLE PKE & ROSA L PARKS BLVD,NASHVILLE,TN,37228,4483,NORTH,36.1889,-86.8231,POINT (-86.8231 36.1889)
20190831810,11/16/2019 05:09:00 PM,2,0,0,,N,384423,4,ANGLE,21,CLEAR,2,DARK - NOT LIGHTED,12,MOTOR VEHICLE IN TRANSPORT,MCCRORY LN & INDIAN HILLS DR,NASHVILLE,TN,37221,4803,WEST,36.0428,-86.9783,POINT (-86.9783 36.0428)
20190624680,08/21/2019 02:40:00 PM,2,0,0,,N,151132,11,Front to Rear,21,CLEAR,1,DAYLIGHT,12,MOTOR VEHICLE IN TRANSPORT,STATE RT 45 & ARCHWOOD DR,MADISON,TN,37115,1705,MADISO,36.2636,-86.686,POINT (-86.686 36.2636)
20190583755,08/06/2019 08:00:00 AM,2,0,0,,N,676834,11,Front to Rear,21,CLEAR,1,DAYLIGHT,12,MOTOR VEHICLE IN TRANSPORT,MM 207 2 I 40,NASHVILLE,TN,37208,54020,NORTH,36.1698,-86.8089,POINT (-86.8089 36.1698)
20190778275,10/24/2019 05:00:00 PM,2,0,0,,N,419972,4,ANGLE,21,CLEAR,1,DAYLIGHT,12,MOTOR VEHICLE IN TRANSPORT,NEBRASKA AV & 40TH AVN,NASHVILLE,TN,37209,5215,WEST,36.1429,-86.8327,POINT (-86.8327 36.1429)
20190767054,10/19/2019 08:33:00 PM,2,0,0,,N,169414,11,Front to Rear,21,CLEAR,3,DARK - LIGHTED,12,MOTOR VEHICLE IN TRANSPORT,THOMPSON LN & WINGATE AV,NASHVILLE,TN,37211,8403,SOUTH,36.11,-86.7352,POINT (-86.7352 36.11)
20190661401,09/05/2019 07:25:00 AM,2,0,0,,N,676834,4,ANGLE,21,CLEAR,1,DAYLIGHT,12,MOTOR VEHICLE IN TRANSPORT,OLD HICKORY BLVD & LICKTON PKE,WHITES CREEK,TN,37189,3227,NORTH,36.2736,-86.8173,POINT (-86.8173 36.2736)
20190856892,11/27/2019 08:10:00 AM,1,0,0,Y,N,676834,0,NOT COLLISION W/MOTOR VEHICLE-TRANSPORT,21,CLEAR,1,DAYLIGHT,30,UTILITY POLE,WHITES CREEK PKE & KNIGHT DR,WHITES CREEK,TN,37189,3227,NORTH,36.2641,-86.8308,POINT (-86.8308 36.2641)
20190799583,11/03/2019 01:06:00 AM,2,0,0,,Y,169414,11,Front to Rear,21,CLEAR,3,DARK - LIGHTED,12,MOTOR VEHICLE IN TRANSPORT,NOLENSVILLE PKE & HARDING PL,NASHVILLE,TN,37211,8445,SOUTH,36.0809,-86.7267,POINT (-86.7267 36.0809)
20190673229,09/10/2019 11:57:00 AM,2,0,0,,N,714641,5,SIDESWIPE - SAME DIRECTION,21,CLEAR,1,DAYLIGHT,12,MOTOR VEHICLE IN TRANSPORT,2ND AVS & ELM ST,NASHVILLE,TN,37210,4005,CENTRA,36.1542,-86.7702,POINT (-86.7702 36.1542)
20190900441,12/16/2019 12:00:00 AM,1,0,0,,Y,298877,0,NOT COLLISION W/MOTOR VEHICLE-TRANSPORT,2,RAIN,1,DAYLIGHT,42,TREE,RECOVERY RD & HARDING PL,NASHVILLE,TN,37211,8705,SOUTH,36.0802,-86.718,POINT (-86.718 36.0802)
20190627185,08/22/2019 11:29:00 AM,2,0,0,,N,834798,11,Front to Rear,21,CLEAR,1,DAYLIGHT,12,MOTOR VEHICLE IN TRANSPORT,OLD HICKORY BLVD & BRENTWOOD MEADOWS CIR,BRENTWOOD,TN,37027,8621,MIDTOW,36.0411,-86.7464,POINT (-86.7464 36.0411)
20190888887,12/11/2019 11:39:00 AM,2,0,0,,N,226622,11,Front to Rear,21,CLEAR,1,DAYLIGHT,12,MOTOR VEHICLE IN TRANSPORT,CHARLOTTE PKE & I40 W EXT RAMP,NASHVILLE,TN,37209,4701,WEST,36.1302,-86.9002,POINT (-86.9002 36.1302)