Accident Number,Date and Time,Number of Motor Vehicles,Number of Injuries,Number of Fatalities,Property Damage,Hit and Run,Reporting Officer,Collision Type Code,Collision Type Description,Weather Code,Weather Description,Illumination Code,Illumination Description,Harmful Code,Harmful Code Description,Street Address,City,State,ZIP,RPA,Precinct,Latitude,Longitude,Mapped Location
20190745646,10/10/2019 07:53:00 PM,3,0,0,,N,212346,11,Front to Rear,21,CLEAR,3,DARK - LIGHTED,12,MOTOR VEHICLE IN TRANSPORT,JAMES ROBERTSON PKWY & 3RD AVN,NASHVILLE,TN,37201,4201,CENTRA,36.1673,-86.7792,POINT (-86.7792 36.1673)
20190776916,10/24/2019 06:46:00 AM,3,0,0,,Y,179602,11,Front to Rear,21,CLEAR,1,DAYLIGHT,12,MOTOR VEHICLE IN TRANSPORT,MM 39 2 I 24,WHITES CREEK,TN,37189,2212,NORTH,36.2939,-86.8105,POINT (-86.8105 36.2939)
20190824774,11/13/2019 12:00:00 AM,2,1,0,,N,279200,4,ANGLE,21,CLEAR,3,DARK - LIGHTED,12,MOTOR VEHICLE IN TRANSPORT,S 1ST ST & MAIN ST,NASHVILLE,TN,37213,1133,CENTRA,36.17,-86.7727,POINT (-86.7727 36.17)
20190730914,10/04/2019 08:05:00 AM,2,0,0,,N,279110,11,Front to Rear,21,CLEAR,1,DAYLIGHT,12,MOTOR VEHICLE IN TRANSPORT,ANTIOCH PKE & FRANKLIN LIMESTONE RD,ANTIOCH,TN,37013,8899,SOUTH,36.0804,-86.6857,POINT (-86.6857 36.0804)
20190856681,11/27/2019 05:54:00 AM,2,0,0,,N,256377,5,SIDESWIPE - SAME DIRECTION,21,CLEAR,1,DAYLIGHT,12,MOTOR VEHICLE IN TRANSPORT,MURFREESBORO PKE EXT RAMP & MURFREESBORO,NASHVILLE,TN,37217,8818,HERMIT,36.1361,-86.7254,POINT (-86.7254 36.1361)
20190600884,08/12/2019 04:16:00 PM,2,0,0,,N,320599,4,ANGLE,22,CLOUDY,1,DAYLIGHT,12,MOTOR VEHICLE IN TRANSPORT,MOSSDALE DR & BELL RD,NASHVILLE,TN,37217,8937,HERMIT,36.0828,-86.6287,POINT (-86.6287 36.0828)
20190869190,12/03/2019 09:30:00 AM,2,0,0,,N,462474,11,Front to Rear,21,CLEAR,1,DAYLIGHT,12,MOTOR VEHICLE IN TRANSPORT,CRAIGHEAD ST & SEMINOLE AVE,NASHVILLE,TN,37203,8023,MIDTOW,36.1288,-86.7604,POINT (-86.7604 36.1288)
20190636914,08/26/2019 09:28:00 AM,2,0,0,,N,420059,11,Front to Rear,21,CLEAR,1,DAYLIGHT,12,MOTOR VEHICLE IN TRANSPORT,OLD HICKORY BLVD & I65 N EXT RAMP,BRENTWOOD,TN,37027,8623,MIDTOW,36.0399,-86.781,POINT (-86.781 36.0399)
20190844004,11/21/2019 04:45:00 PM,2,1,0,,N,352204,11,Front to Rear,21,CLEAR,5,DUSK,12,MOTOR VEHICLE IN TRANSPORT,MM 201 9 I 40,NASHVILLE,TN,37209,50023,WEST,36.1391,-86.8885,POINT (-86.8885 36.1391)
20190781987,10/26/2019 10:00:00 AM,2,0,0,,N,402660,4,ANGLE,22,CLOUDY,1,DAYLIGHT,12,MOTOR VEHICLE IN TRANSPORT,CHARLOTTE PKE & LELLYETT ST,NASHVILLE,TN,37209,5027,WEST,36.1488,-86.8654,POINT (-86.8654 36.1488)
20190789546,10/29/2019 06:26:00 PM,2,0,0,,N,330428,5,SIDESWIPE - SAME DIRECTION,21,CLEAR,3,DARK - LIGHTED,12,MOTOR VEHICLE IN TRANSPORT,MM 1 5 I 440,NASHVILLE,TN,37209,5232,WEST,36.1508,-86.8228,POINT (-86.8228 36.1508)
20190692606,09/18/2019 08:29:00 AM,2,2,0,,N,222047,4,ANGLE,21,CLEAR,1,DAYLIGHT,12,MOTOR VEHICLE IN TRANSPORT,MURFREESBORO PKE & UNA ANTIOCH PKE,NASHVILLE,TN,37217,8937,HERMIT,36.0854,-86.6479,POINT (-86.6479 36.0854)
20190860675,11/29/2019 06:52:00 AM,1,0,0,,N,226306,0,NOT COLLISION W/MOTOR VEHICLE-TRANSPORT,22,CLOUDY,1,DAYLIGHT,50,DEER (ANIMAL),MCCRORY LN & BEAUTIFUL VALLEY DR,NASHVILLE,TN,37221,4713,WEST,36.0831,-87.024,POINT (-87.024 36.0831)
20190756310,10/15/2019 12:21:00 PM,2,0,0,,N,225773,11,Front to Rear,21,CLEAR,1,DAYLIGHT,12,MOTOR VEHICLE IN TRANSPORT,FRANKLIN PKE & HARDING PL,NASHVILLE,TN,37204,7027,MIDTOW,36.0866,-86.772,POINT (-86.772 36.0866)
20190751051,10/13/2019 07:29:00 AM,1,1,0,,N,320586,0,NOT COLLISION W/MOTOR VEHICLE-TRANSPORT,21,CLEAR,1,DAYLIGHT,42,TREE,MAXWELL RD & PEPPERTREE DR,ANTIOCH,TN,37013,8901,SOUTH,36.0366,-86.5799,POINT (-86.5799 36.0366)
20190750974,10/13/2019 12:00:00 AM,1,0,0,,N,279216,0,NOT COLLISION W/MOTOR VEHICLE-TRANSPORT,5,FOG,4,DAWN,36,CONCRETE TRAFFIC BARRIER,MM 86 2 I 65,NASHVILLE,TN,37207,1910,CENTRA,36.1919,-86.7812,POINT (-86.7812 36.1919)
20190700628,09/21/2019 01:30:00 PM,2,0,0,,N,352202,5,SIDESWIPE - SAME DIRECTION,21,CLEAR,1,DAYLIGHT,12,MOTOR VEHICLE IN TRANSPORT,DEMONBREUN ST & 8TH AVS,NASHVILLE,TN,37203,4061,CENTRA,36.157,-86.7806,POINT (-86.7806 36.157)
20190647979,08/30/2019 03:35:00 PM,2,1,0,,Y,179591,4,ANGLE,21,CLEAR,1,DAYLIGHT,12,MOTOR VEHICLE IN TRANSPORT,BUENA VISTA PKE & MATTIE ST,NASHVILLE,TN,37218,3101,NORTH,36.2,-86.8253,POINT (-86.8253 36.2)
20190723332,10/01/2019 08:19:00 AM,2,2,0,,N,226622,4,ANGLE,21,CLEAR,1,DAYLIGHT,12,MOTOR VEHICLE IN TRANSPORT,HARDING PL & HARDING PKE,NASHVILLE,TN,37205,6201,WEST,36.1022,-86.8703,POINT (-86.8703 36.1022)
20190841057,11/20/2019 12:35:00 PM,2,0,0,,N,352179,5,SIDESWIPE - SAME DIRECTION,21,CLEAR,1,DAYLIGHT,12,MOTOR VEHICLE IN TRANSPORT,LICKTON PKE & CROCKER SPRINGS RD,WHITES CREEK,TN,37189,2105,MADISO,36.3033,-86.8067,POINT (-86.8067 36.3033)
20190810000,11/07/2019 08:51:00 AM,1,1,0,,N,716886,0,NOT COLLISION W/MOTOR VEHICLE-TRANSPORT,2,RAIN,1,DAYLIGHT,8,PEDESTRIAN,NOLENSVILLE PKE & ELYSIAN FIELDS RD,NASHVILLE,TN,37211,8415,SOUTH,36.0859,-86.7292,POINT (-86.7292 36.0859)
20190873042,12/04/2019 05:20:00 PM,2,0,0,,Y,384408,11,Front to Rear,21,CLEAR,7,Dark-Unknown Lighting,12,MOTOR VEHICLE IN TRANSPORT,BRILEY PKWY N EXT RAMP & BRILEY PKWY N E,NASHVILLE,TN,37214,9121,HERMIT,36.1681,-86.6879,POINT (-86.6879 36.1681)
20190826132,11/14/2019 06:59:00 AM,2,0,0,,N,716886,5,SIDESWIPE - SAME DIRECTION,21,CLEAR,1,DAYLIGHT,12,MOTOR VEHICLE IN TRANSPORT,S PERIMETER PARK DR & HARDING PL,NASHVILLE,TN,37211,8889,SOUTH,36.0868,-86.6959,POINT (-86.6959 36.0868)
20190824343,11/13/2019 01:29:00 PM,2,1,0,,N,299243,4,ANGLE,21,CLEAR,1,DAYLIGHT,12,MOTOR VEHICLE IN TRANSPORT,DEMONBREUN ST & 12TH AVS,NASHVILLE,TN,37203,4015,CENTRA,36.1545,-86.7865,POINT (-86.7865 36.1545)
20190737177,10/07/2019 09:58:00 AM,1,1,0,Y,N,384420,0,NOT COLLISION W/MOTOR VEHICLE-TRANSPORT,22,CLOUDY,1,DAYLIGHT,1;25;63,GUARDRAIL END;Ran Off Road-Right,MM 85 2 I 65,NASHVILLE,TN,37208,4404,NORTH,36.1833,-86.7989,POINT (-86.7989 36.1833)
20190611544,08/16/2019 12:00:00 AM,2,0,0,,Y,690942,9,UNKNOWN,98,OTHER (NARRATIVE),9,UNKNOWN,14;99,PARKED MOTOR VEHICLE;UNKNOWN MOST HARMFUL EVENT,1055 PINE ST,NASHVILLE,TN,37203,4019,CENTRA,36.1528,-86.783,POINT (-86.783 36.1528)
20190728631,10/03/2019 09:47:00 AM,2,0,0,,Y,716886,11,Front to Rear,21,CLEAR,1,DAYLIGHT,12,MOTOR VEHICLE IN TRANSPORT,BELL RD & I24 E ENT RAMP,ANTIOCH,TN,37013,8751,SOUTH,36.0449,-86.6597,POINT (-86.6597 36.0449)
20190678664,09/12/2019 12:33:00 PM,2,0,0,,Y,665896,4,ANGLE,21,CLEAR,1,DAYLIGHT,12,MOTOR VEHICLE IN TRANSPORT,DOUGLAS AV & TREVECCA AV,NASHVILLE,TN,37206,1895,EAST,36.1928,-86.7452,POINT (-86.7452 36.1928)
20190730849,10/04/2019 07:28:00 AM,2,2,0,,N,109534,4,ANGLE,21,CLEAR,1,DAYLIGHT,12,MOTOR VEHICLE IN TRANSPORT,ELM HILL PKE & DONELSON PKE,NASHVILLE,TN,37214,9411,HERMIT,36.1485,-86.6651,POINT (-86.6651 36.1485)
20190590458,08/08/2019 03:21:00 PM,2,0,0,,N,256383,6,SIDESWIPE - OPPOSITE DIRECTION,22,CLOUDY,1,DAYLIGHT,14,PARKED MOTOR VEHICLE,CRAFTWOOD CT & CRAFTWOOD DR,ANTIOCH,TN,37013,8765,SOUTH,36.0102,-86.6235,POINT (-86.6235 36.0102)
20190791236,10/30/2019 11:25:00 AM,3,0,0,,N,468036,9,UNKNOWN,2,RAIN,1,DAYLIGHT,27;36;4;99,H-WAY TRAFFIC SIGNAL POST;CONCRETE TRAFFIC BARRIER;UNKNOWN MOST HARMFUL EVENT,MM 88 0 I 65,NASHVILLE,TN,37207,18041,EAST,36.2165,-86.775,POINT (-86.775 36.2165)
20190764756,10/18/2019 07:36:00 PM,2,0,0,,N,151132,4,ANGLE,21,CLEAR,3,DARK - LIGHTED,12,MOTOR VEHICLE IN TRANSPORT,CHEYENNE BLVD & CHEYENNE CIR,MADISON,TN,37115,1617,MADISO,36.2523,-86.6712,POINT (-86.6712 36.2523)
20190827214,11/14/2019 05:09:00 PM,3,0,0,,N,240957,11,Front to Rear,21,CLEAR,3,DARK - LIGHTED,12,MOTOR VEHICLE IN TRANSPORT,MM 77 0 I 65,NASHVILLE,TN,37220,86042,MIDTOW,36.0708,-86.7697,POINT (-86.7697 36.0708)
20190819524,11/11/2019 04:43:00 PM,2,1,0,,N,320585,4,ANGLE,2,RAIN,1,DAYLIGHT,12,MOTOR VEHICLE IN TRANSPORT,LEBANON PKE & ANDREW JACKSON PKWY,HERMITAGE,TN,37076,9537,HERMIT,36.2151,-86.5962,POINT (-86.5962 36.2151)
20190713024,09/26/2019 03:05:00 PM,2,0,0,,N,256384,4,ANGLE,21,CLEAR,1,DAYLIGHT,12,MOTOR VEHICLE IN TRANSPORT,WOODYCREST AV & FOSTER AV,NASHVILLE,TN,37210,8115,SOUTH,36.1349,-86.742,POINT (-86.742 36.1349)
20190747095,10/11/2019 10:15:00 AM,1,0,0,,N,419997,0,NOT COLLISION W/MOTOR VEHICLE-TRANSPORT,22,CLOUDY,1,DAYLIGHT,20,IMPACT ATTENUATOR,MM 1 1 I 440,NASHVILLE,TN,37205,5234,WEST,36.1447,-86.8224,POINT (-86.8224 36.1447)
20190689511,09/17/2019 03:00:00 AM,1,0,0,Y,N,161945,0,NOT COLLISION W/MOTOR VEHICLE-TRANSPORT,21,CLEAR,2,DARK - NOT LIGHTED,41,SHRUBBERY,0 BROOKVIEW FOREST DR,NASHVILLE,TN,37211,8651,MIDTOW,36.0165,-86.7128,POINT (-86.7128 36.0165)
20190811042,11/07/2019 06:27:00 PM,2,0,0,,Y,311337,6,SIDESWIPE - OPPOSITE DIRECTION,21,CLEAR,1,DAYLIGHT,12,MOTOR VEHICLE IN TRANSPORT,BUTLER RD & SMITH SPRINGS RD,NASHVILLE,TN,37217,8981,HERMIT,36.0893,-86.6171,POINT (-86.6171 36.0893)
20190863785,11/30/2019 07:20:00 PM,2,0,0,,Y,320581,11,Front to Rear,2,RAIN,3,DARK - LIGHTED,12,MOTOR VEHICLE IN TRANSPORT,ROSA L PARKS BLVD & VANTAGE WAY CT,NASHVILLE,TN,37228,4445,NORTH,36.1923,-86.8001,POINT (-86.8001 36.1923)
20190749595,10/12/2019 11:57:00 AM,2,0,0,,N,468030,5,SIDESWIPE - SAME DIRECTION,21,CLEAR,1,DAYLIGHT,12,MOTOR VEHICLE IN TRANSPORT,DICKERSON PKE & OAK VALLEY DR,NASHVILLE,TN,37207,1811,EAST,36.2305,-86.7591,POINT (-86.7591 36.2305)
20190925469,12/28/2019 10:10:00 AM,2,0,0,,N,628640,11,Front to Rear,21,CLEAR,1,DAYLIGHT,12,MOTOR VEHICLE IN TRANSPORT,HARDING PL & I24 W EXT RAMP,NASHVILLE,TN,37211,8889,SOUTH,36.0864,-86.6989,POINT (-86.6989 36.0864)
20190780211,10/25/2019 02:00:00 PM,2,0,0,,Y,330413,11,Front to Rear,2,RAIN,1,DAYLIGHT,12,MOTOR VEHICLE IN TRANSPORT,DIVISION ST & DEMONBREUN ST,NASHVILLE,TN,37203,5701,MIDTOW,36.1522,-86.7914,POINT (-86.7914 36.1522)
20190860670,11/29/2019 05:55:00 AM,2,0,0,,Y,420034,5,SIDESWIPE - SAME DIRECTION,22,CLOUDY,2,DARK - NOT LIGHTED,12,MOTOR VEHICLE IN TRANSPORT,CLARKSVILLE PKE & CHAMBLISS RD,JOELTON,TN,37080,3317,NORTH,36.3181,-86.8886,POINT (-86.8886 36.3181)
20190929733,12/30/2019 11:50:00 AM,2,0,0,,N,352166,4,ANGLE,21,CLEAR,1,DAYLIGHT,12,MOTOR VEHICLE IN TRANSPORT,GALLATIN PKEN & DUPONT AV,MADISON,TN,37115,1701,MADISO,36.2668,-86.7109,POINT (-86.7109 36.2668)
20190809868,11/07/2019 07:39:00 AM,2,0,0,,N,191578,4,ANGLE,2,RAIN,1,DAYLIGHT,12,MOTOR VEHICLE IN TRANSPORT,OLD MURFREESBORO PKE & FAIRCLOTH LN,NASHVILLE,TN,37217,8947,HERMIT,36.1036,-86.6665,POINT (-86.6665 36.1036)
20190582176,08/05/2019 04:20:00 PM,2,1,0,,N,717341,11,Front to Rear,21,CLEAR,1,DAYLIGHT,12,MOTOR VEHICLE IN TRANSPORT,MCCALL ST & WALLER ST,NASHVILLE,TN,37211,8431,SOUTH,36.0994,-86.7375,POINT (-86.7375 36.0994)
20190863781,11/30/2019 07:15:00 PM,2,0,0,,N,352195,11,Front to Rear,2,RAIN,3,DARK - LIGHTED,12,MOTOR VEHICLE IN TRANSPORT,STATE HWY 155 & VULTEE BLVD,NASHVILLE,TN,37217,8823,HERMIT,36.1243,-86.6964,POINT (-86.6964 36.1243)
20190786477,10/28/2019 02:25:00 PM,2,1,0,,N,433550,11,Front to Rear,21,CLEAR,1,DAYLIGHT,12,MOTOR VEHICLE IN TRANSPORT,DODSON CHAPEL RD & RAMP,HERMITAGE,TN,37076,9529,HERMIT,36.174,-86.6143,POINT (-86.6143 36.174)
20190611290,08/16/2019 12:30:00 PM,2,0,0,,N,311339,11,Front to Rear,21,CLEAR,1,DAYLIGHT,12,MOTOR VEHICLE IN TRANSPORT,CHURCH ST & 10TH AVN,NASHVILLE,TN,37203,4117,CENTRA,36.1603,-86.7867,POINT (-86.7867 36.1603)
20190761873,10/17/2019 04:40:00 PM,2,3,0,,N,151131,2,HEAD-ON,21,CLEAR,1,DAYLIGHT,12,MOTOR VEHICLE IN TRANSPORT,HERMAN ST & 17TH AVN,NASHVILLE,TN,37203,5405,NORTH,36.1646,-86.8023,POINT (-86.8023 36.1646)
20190721933,09/30/2019 05:20:00 PM,2,0,0,,N,330436,4,ANGLE,21,CLEAR,1,DAYLIGHT,12,MOTOR VEHICLE IN TRANSPORT,11TH AVN & CHARLOTTE AV,NASHVILLE,TN,37203,4151,CENTRA,36.1621,-86.7906,POINT (-86.7906 36.1621)
20190878031,12/06/2019 03:46:00 PM,3,0,0,,N,151132,11,Front to Rear,22,CLOUDY,1,DAYLIGHT,12,MOTOR VEHICLE IN TRANSPORT,OLD HICKORY BLVDW & I65 N ENT RAMP,MADISON,TN,37115,1777,MADISO,36.2643,-86.7361,POINT (-86.7361 36.2643)
20190838929,11/19/2019 06:43:00 PM,2,0,0,,Y,298863,11,Front to Rear,21,CLEAR,3,DARK - LIGHTED,11;12,OTHER ANIMAL;MOTOR VEHICLE IN TRANSPORT,US HWY 70 & 1ST AVE N,NASHVILLE,TN,37201,4101,CENTRA,36.1623,-86.7744,POINT (-86.7744 36.1623)
20190863148,11/30/2019 11:45:00 AM,2,0,0,,N,352211,98,OTHER,2,RAIN,1,DAYLIGHT,12,MOTOR VEHICLE IN TRANSPORT,SHARONDALE DR & US HWY 431,NASHVILLE,TN,37215,6001,WEST,36.1207,-86.808,POINT (-86.808 36.1207)
20190687287,09/16/2019 08:35:00 AM,2,0,0,,N,352174,11,Front to Rear,21,CLEAR,1,DAYLIGHT,12,MOTOR VEHICLE IN TRANSPORT,EDMONDSON PKE & SEVEN MILE CREEK GRNWY,NASHVILLE,TN,37211,8657,MIDTOW,36.0585,-86.7416,POINT (-86.7416 36.0585)
20190705812,09/23/2019 12:00:00 AM,2,0,0,,N,320591,11,Front to Rear,21,CLEAR,9,UNKNOWN,12,MOTOR VEHICLE IN TRANSPORT,MURFREESBORO PKE & MOUNTAIN SPRINGS RD,ANTIOCH,TN,37013,8927,SOUTH,36.0478,-86.6121,POINT (-86.6121 36.0478)
20190872075,12/04/2019 09:40:00 AM,3,1,0,,N,628640,11,Front to Rear,21,CLEAR,1,DAYLIGHT,12,MOTOR VEHICLE IN TRANSPORT,NOLENSVILLE PKE & PROVIDENCE HTS,NASHVILLE,TN,37211,8701,SOUTH,36.0731,-86.7243,POINT (-86.7243 36.0731)
20190790837,10/30/2019 07:45:00 AM,2,0,0,,N,414668,11,Front to Rear,2,RAIN,1,DAYLIGHT,12,MOTOR VEHICLE IN TRANSPORT,CLARKSVILLE PKE & FAIRVIEW DR,NASHVILLE,TN,37218,3141,NORTH,36.211,-86.8389,POINT (-86.8389 36.211)
20190904551,12/18/2019 06:45:00 AM,1,0,0,,N,279227,0,NOT COLLISION W/MOTOR VEHICLE-TRANSPORT,3,"SLEET, HAIL",1,DAYLIGHT,34,DITCH,GLENROSE AV & GLENROSE CT,NASHVILLE,TN,37210,8355,SOUTH,36.12,-86.7309,POINT (-86.7309 36.12)
20190667650,09/07/2019 10:10:00 PM,2,1,0,,N,110090,11,Front to Rear,21,CLEAR,3,DARK - LIGHTED,12,MOTOR VEHICLE IN TRANSPORT,EAGLE VIEW BLVD & BELL RD,ANTIOCH,TN,37013,8865,SOUTH,36.0486,-86.6461,POINT (-86.6461 36.0486)
20190606729,08/14/2019 06:05:00 PM,4,1,0,,N,717341,11,Front to Rear,21,CLEAR,1,DAYLIGHT,12,MOTOR VEHICLE IN TRANSPORT,MM 54 4 I 24,NASHVILLE,TN,37211,84020,SOUTH,36.1017,-86.7129,POINT (-86.7129 36.1017)
20190910966,12/20/2019 06:46:00 PM,2,1,0,,Y,330413,11,Front to Rear,21,CLEAR,2,DARK - NOT LIGHTED,12,MOTOR VEHICLE IN TRANSPORT,RAMP & TROUSDALE DR,NASHVILLE,TN,37211,8507,MIDTOW,36.085,-86.7557,POINT (-86.7557 36.085)
20190656483,09/03/2019 07:50:00 AM,3,1,0,,N,591933,4,ANGLE,21,CLEAR,1,DAYLIGHT,12;14,MOTOR VEHICLE IN TRANSPORT;PARKED MOTOR VEHICLE,US HWY 41 & RAMP,ANTIOCH,TN,37013,8979,SOUTH,36.0704,-86.6345,POINT (-86.6345 36.0704)
20190864007,11/30/2019 11:14:00 PM,1,0,0,,N,298875,0,NOT COLLISION W/MOTOR VEHICLE-TRANSPORT,2,RAIN,3,DARK - LIGHTED,34,DITCH,GLENROSE AV & WHITNEY AV,NASHVILLE,TN,37210,8101,SOUTH,36.1258,-86.7516,POINT (-86.7516 36.1258)
20190719219,09/29/2019 12:27:00 PM,2,0,0,,N,352168,4,ANGLE,21,CLEAR,1,DAYLIGHT,12,MOTOR VEHICLE IN TRANSPORT,BELMONT UNIVERSITY PVTDR & 12TH AVS,NASHVILLE,TN,37212,6601,MIDTOW,36.1325,-86.7888,POINT (-86.7888 36.1325)
20190852289,11/25/2019 11:35:00 AM,2,1,0,Y,N,676834,0,NOT COLLISION W/MOTOR VEHICLE-TRANSPORT,21,CLEAR,1,DAYLIGHT,12;14;40,MOTOR VEHICLE IN TRANSPORT;PARKED MOTOR VEHICLE;MAIL BOX,100 FERN AV,NASHVILLE,TN,37207,3001,NORTH,36.196,-86.7795,POINT (-86.7795 36.196)
20190767687,10/20/2019 06:17:00 AM,2,0,0,,Y,633381,11,Front to Rear,2,RAIN,3,DARK - LIGHTED,12,MOTOR VEHICLE IN TRANSPORT,MM 53 9 I 24,NASHVILLE,TN,37211,88122,SOUTH,36.1073,-86.7197,POINT (-86.7197 36.1073)
20190829494,11/15/2019 03:32:00 PM,2,0,0,,N,299267,4,ANGLE,21,CLEAR,1,DAYLIGHT,12,MOTOR VEHICLE IN TRANSPORT,BROADWAY & 17TH AVS,NASHVILLE,TN,37203,5705,MIDTOW,36.1531,-86.7942,POINT (-86.7942 36.1531)
20190910850,12/20/2019 05:27:00 PM,1,0,0,,N,320603,0,NOT COLLISION W/MOTOR VEHICLE-TRANSPORT,21,CLEAR,3,DARK - LIGHTED,16;17,THROWN OR FALLING OBJECT;BOULDER,MM 199 8 I 40,NASHVILLE,TN,37205,4902,WEST,36.1175,-86.9145,POINT (-86.9145 36.1175)
20190740168,10/08/2019 04:23:00 PM,2,0,0,,N,717341,4,ANGLE,21,CLEAR,1,DAYLIGHT,12,MOTOR VEHICLE IN TRANSPORT,ANTIOCH PKE & CHEROKEE PL,ANTIOCH,TN,37013,8899,SOUTH,36.0804,-86.6857,POINT (-86.6857 36.0804)
20190869010,12/03/2019 06:12:00 AM,1,0,0,,N,824608,0,NOT COLLISION W/MOTOR VEHICLE-TRANSPORT,21,CLEAR,2,DARK - NOT LIGHTED,71,EMBANKMENT EARTH,MURFREESBORO PKE & HAMILTON CROSSINGS,ANTIOCH,TN,37013,8865,SOUTH,36.0655,-86.6292,POINT (-86.6292 36.0655)
20190714616,09/27/2019 09:30:00 AM,2,0,0,,N,405427,4,ANGLE,21,CLEAR,1,DAYLIGHT,12,MOTOR VEHICLE IN TRANSPORT,GEORGE L DAVIS BLVD & CHARLOTTE AV,NASHVILLE,TN,37203,4205,CENTRA,36.1612,-86.7927,POINT (-86.7927 36.1612)
20190761833,10/17/2019 04:00:00 PM,1,0,0,,N,352204,0,NOT COLLISION W/MOTOR VEHICLE-TRANSPORT,21,CLEAR,1,DAYLIGHT,18,OTHER OBJECT (NOT FIXED),MM 195 4 I 40,NASHVILLE,TN,37221,4804,WEST,36.0749,-86.9693,POINT (-86.9693 36.0749)
20190603056,08/13/2019 11:40:00 AM,2,1,0,,N,755026,4,ANGLE,21,CLEAR,1,DAYLIGHT,12,MOTOR VEHICLE IN TRANSPORT,NOLENSVILLE PKE & COLLIER AV,NASHVILLE,TN,37211,8425,SOUTH,36.11,-86.7447,POINT (-86.7447 36.11)
20190590170,08/08/2019 01:10:00 PM,1,0,0,,N,607049,0,NOT COLLISION W/MOTOR VEHICLE-TRANSPORT,21,CLEAR,1,DAYLIGHT,18,OTHER OBJECT (NOT FIXED),BRILEY PKWYW & BRILEY PKWYE,NASHVILLE,TN,37218,3216,NORTH,36.2254,-86.8638,POINT (-86.8638 36.2254)
20190867099,12/02/2019 12:45:00 PM,2,0,0,,Y,414731,5,SIDESWIPE - SAME DIRECTION,22,CLOUDY,1,DAYLIGHT,12,MOTOR VEHICLE IN TRANSPORT,BRILEY PKWYS & BRILEY PKWY S EXT RAMP,NASHVILLE,TN,37210,9098,HERMIT,36.148,-86.6929,POINT (-86.6929 36.148)
20190664120,09/06/2019 08:45:00 AM,2,0,0,,N,571313,11,Front to Rear,21,CLEAR,1,DAYLIGHT,12,MOTOR VEHICLE IN TRANSPORT,MM 79 7 I 65,NASHVILLE,TN,37204,8504,MIDTOW,36.1092,-86.7698,POINT (-86.7698 36.1092)
20190627465,08/22/2019 01:50:00 PM,2,0,0,,N,224464,5,SIDESWIPE - SAME DIRECTION,21,CLEAR,1,DAYLIGHT,12,MOTOR VEHICLE IN TRANSPORT,CHARLOTTE AV & I40 E EXT RAMP,NASHVILLE,TN,37203,5501,MIDTOW,36.161,-86.7932,POINT (-86.7932 36.161)
20190794281,10/31/2019 05:12:00 PM,2,0,0,,N,384449,4,ANGLE,22,CLOUDY,1,DAYLIGHT,12,MOTOR VEHICLE IN TRANSPORT,BONNABROOK DR & BONNACREEK DR,HERMITAGE,TN,37076,9601,HERMIT,36.1952,-86.6289,POINT (-86.6289 36.1952)
20190878907,12/07/2019 12:40:00 AM,2,1,0,,N,384418,6,SIDESWIPE - OPPOSITE DIRECTION,21,CLEAR,2,DARK - NOT LIGHTED,12;13,MOTOR VEHICLE IN TRANSPORT;MOTOR VEHICLE IN TRANSPORT-OTHER ROADWAY,NOLENSVILLE PKE & TUSCULUM RD,NASHVILLE,TN,37211,8659,MIDTOW,36.0595,-86.7163,POINT (-86.7163 36.0595)
20190647742,08/30/2019 01:29:00 PM,2,0,0,,N,544481,11,Front to Rear,21,CLEAR,1,DAYLIGHT,12,MOTOR VEHICLE IN TRANSPORT,ELLINGTON PKWYS & SPRING ST ENT RAMP,NASHVILLE,TN,37207,19961,EAST,36.1766,-86.7658,POINT (-86.7658 36.1766)
20190718848,09/29/2019 06:40:00 AM,2,0,0,,N,279227,11,Front to Rear,21,CLEAR,1,DAYLIGHT,12,MOTOR VEHICLE IN TRANSPORT,MM 57 4 I 24,ANTIOCH,TN,37013,88080,SOUTH,36.0649,-86.6847,POINT (-86.6847 36.0649)
20190725750,10/02/2019 07:47:00 AM,1,1,0,,N,352186,0,NOT COLLISION W/MOTOR VEHICLE-TRANSPORT,21,CLEAR,1,DAYLIGHT,8,PEDESTRIAN,ROSA L PARKS BLVD & HARRISON ST,NASHVILLE,TN,37208,4219,CENTRA,36.1685,-86.7883,POINT (-86.7883 36.1685)
20190613749,08/17/2019 11:40:00 AM,2,1,0,,N,320586,11,Front to Rear,21,CLEAR,1,DAYLIGHT,12,MOTOR VEHICLE IN TRANSPORT,NOLENSVILLE PKE & I440 W EXT RAMP,NASHVILLE,TN,37211,8043,MIDTOW,36.1241,-86.7517,POINT (-86.7517 36.1241)
20190736293,10/06/2019 10:00:00 PM,2,3,0,,N,330440,2,HEAD-ON,2,RAIN,3,DARK - LIGHTED,12,MOTOR VEHICLE IN TRANSPORT,I 40 & UNKNOWN RAMP,NASHVILLE,TN,37210,9041,HERMIT,36.144,-86.7013,POINT (-86.7013 36.144)
20190798028,11/02/2019 08:08:00 AM,3,3,0,,N,299249,4,ANGLE,5,FOG,4,DAWN,12,MOTOR VEHICLE IN TRANSPORT,LEBANON PKE & ANDREW JACKSON PKWY,HERMITAGE,TN,37076,9537,HERMIT,36.2151,-86.5962,POINT (-86.5962 36.2151)
20190615439,08/18/2019 03:15:00 AM,1,0,0,,Y,279117,0,NOT COLLISION W/MOTOR VEHICLE-TRANSPORT,21,CLEAR,3,DARK - LIGHTED,33;42,CURB;TREE,MAIN ST & N 8TH ST,NASHVILLE,TN,37206,1119,EAST,36.1753,-86.7588,POINT (-86.7588 36.1753)
20190585458,08/06/2019 08:50:00 PM,1,0,0,,N,330431,0,NOT COLLISION W/MOTOR VEHICLE-TRANSPORT,2,RAIN,2,DARK - NOT LIGHTED,43,OTHER FIXED OBJECTS,BRILEY PKWYW & BRILEY PKWYE,NASHVILLE,TN,37218,3216,NORTH,36.2254,-86.8638,POINT (-86.8638 36.2254)