Accident Number,Date and Time,Number of Motor Vehicles,Number of Injuries,Number of Fatalities,Property Damage,Hit and Run,Reporting Officer,Collision Type Code,Collision Type Description,Weather Code,Weather Description,Illumination Code,Illumination Description,Harmful Code,Harmful Code Description,Street Address,City,State,ZIP,RPA,Precinct,Latitude,Longitude,Mapped Location
20190640049,08/27/2019 03:26:00 PM,3,0,0,,N,151132,5,SIDESWIPE - SAME DIRECTION,22,CLOUDY,1,DAYLIGHT,12,MOTOR VEHICLE IN TRANSPORT,CUDE LN & GALLATIN PKEN,MADISON,TN,37115,1731,MADISO,36.2998,-86.6966,POINT (-86.6966 36.2998)
20190863448,11/30/2019 04:30:00 PM,2,2,0,,N,352168,11,Front to Rear,2,RAIN,5,DUSK,12,MOTOR VEHICLE IN TRANSPORT,HARDING PL & TROUSDALE DR,NASHVILLE,TN,37204,8533,MIDTOW,36.0811,-86.7584,POINT (-86.7584 36.0811)
20190698894,09/20/2019 04:23:00 PM,2,0,0,,Y,256383,5,SIDESWIPE - SAME DIRECTION,21,CLEAR,1,DAYLIGHT,12,MOTOR VEHICLE IN TRANSPORT,MM 57 8 I 24,ANTIOCH,TN,37013,87060,SOUTH,36.06,-86.6798,POINT (-86.6798 36.06)
20190761035,10/17/2019 08:00:00 AM,1,0,0,Y,Y,716877,0,NOT COLLISION W/MOTOR VEHICLE-TRANSPORT,21,CLEAR,1,DAYLIGHT,40,MAIL BOX,TUSCULUM RD & COLERIDGE DR,NASHVILLE,TN,37211,8717,SOUTH,36.0548,-86.6942,POINT (-86.6942 36.0548)
20190631003,08/23/2019 05:56:00 PM,2,0,0,,Y,256448,5,SIDESWIPE - SAME DIRECTION,21,CLEAR,1,DAYLIGHT,12,MOTOR VEHICLE IN TRANSPORT,LEBANON PKE & JACKSON DOWNS BLVD,NASHVILLE,TN,37214,9403,HERMIT,36.1854,-86.6362,POINT (-86.6362 36.1854)
20190847905,11/23/2019 12:00:00 AM,2,0,0,Y,N,279227,0,NOT COLLISION W/MOTOR VEHICLE-TRANSPORT,2,RAIN,7,Dark-Unknown Lighting,14;40,PARKED MOTOR VEHICLE;MAIL BOX,DOVER GLEN DR & SPLIT OAK TRL,ANTIOCH,TN,37013,8861,SOUTH,36.0751,-86.654,POINT (-86.654 36.0751)
20190714661,09/27/2019 09:45:00 AM,1,0,0,Y,N,311331,0,NOT COLLISION W/MOTOR VEHICLE-TRANSPORT,21,CLEAR,1,DAYLIGHT,24,GUARDRAIL FACE,ELLINGTON PKWYS & ELLINGTON PKWYN,NASHVILLE,TN,37207,1995,EAST,36.1758,-86.7666,POINT (-86.7666 36.1758)
20190727437,10/02/2019 09:00:00 PM,2,0,0,,N,352204,4,ANGLE,21,CLEAR,3,DARK - LIGHTED,12,MOTOR VEHICLE IN TRANSPORT,US HWY 70S & CONNECTING ROAD,NASHVILLE,TN,37205,6123,WEST,36.1037,-86.8695,POINT (-86.8695 36.1037)
20190621055,08/20/2019 09:05:00 AM,2,1,0,,N,676834,4,ANGLE,21,CLEAR,1,DAYLIGHT,12,MOTOR VEHICLE IN TRANSPORT,CHARLOTTE AV & 18TH AVN,NASHVILLE,TN,37203,5505,MIDTOW,36.1581,-86.7999,POINT (-86.7999 36.1581)
20190726068,10/02/2019 10:11:00 AM,1,0,0,,N,716886,0,NOT COLLISION W/MOTOR VEHICLE-TRANSPORT,21,CLEAR,1,DAYLIGHT,50,DEER (ANIMAL),BELL RD & BENZING RD,ANTIOCH,TN,37013,8755,SOUTH,36.0453,-86.7017,POINT (-86.7017 36.0453)
20190603140,08/13/2019 12:08:00 PM,2,2,0,,N,584947,4,ANGLE,21,CLEAR,1,DAYLIGHT,12,MOTOR VEHICLE IN TRANSPORT,17TH AVN & CHURCH ST,NASHVILLE,TN,37203,5519,MIDTOW,36.1558,-86.7959,POINT (-86.7959 36.1558)
20190700778,09/21/2019 02:20:00 PM,2,0,0,,N,299257,4,ANGLE,21,CLEAR,1,DAYLIGHT,12,MOTOR VEHICLE IN TRANSPORT,TROUSDALE DR & HARDING PL,NASHVILLE,TN,37211,8507,MIDTOW,36.0823,-86.7582,POINT (-86.7582 36.0823)
20190666723,09/07/2019 11:50:00 AM,2,1,0,,N,876581,4,ANGLE,21,CLEAR,1,DAYLIGHT,12,MOTOR VEHICLE IN TRANSPORT,SHEPHERD HILLS DR & GALLATIN PKEN,GOODLETTSVILLE,TN,37072,1751,MADISO,36.3008,-86.6948,POINT (-86.6948 36.3008)
20190916234,12/23/2019 02:00:00 PM,2,1,0,,N,807344,4,ANGLE,21,CLEAR,1,DAYLIGHT,12,MOTOR VEHICLE IN TRANSPORT,11TH AVN & CHARLOTTE AV,NASHVILLE,TN,37203,4151,CENTRA,36.1621,-86.7906,POINT (-86.7906 36.1621)
20190754499,10/14/2019 07:07:00 PM,2,1,0,,N,256389,11,Front to Rear,21,CLEAR,1,DAYLIGHT,12,MOTOR VEHICLE IN TRANSPORT,MM 6 3 I 440,NASHVILLE,TN,37210,8304,SOUTH,36.1229,-86.751,POINT (-86.751 36.1229)
20190793130,10/31/2019 07:09:00 AM,2,0,0,,N,538214,11,Front to Rear,2,RAIN,3,DARK - LIGHTED,12,MOTOR VEHICLE IN TRANSPORT,I24 E EXT RAMP & I 24,NASHVILLE,TN,37207,30080,NORTH,36.2378,-86.7872,POINT (-86.7872 36.2378)
20190643155,08/28/2019 05:31:00 PM,2,0,0,,N,320603,11,Front to Rear,21,CLEAR,1,DAYLIGHT,12,MOTOR VEHICLE IN TRANSPORT,US HWY 70S & -UNKNOWN RAMP/ROAD -,NASHVILLE,TN,37205,6007,WEST,36.1367,-86.8217,POINT (-86.8217 36.1367)
20190878242,12/06/2019 05:55:00 PM,2,1,0,,Y,256501,4,ANGLE,21,CLEAR,1,DAYLIGHT,12,MOTOR VEHICLE IN TRANSPORT,BUENA VISTA PKE & KINGS LN,NASHVILLE,TN,37207,3025,NORTH,36.2211,-86.8214,POINT (-86.8214 36.2211)
20190900829,12/16/2019 05:50:00 PM,2,0,0,,N,212346,5,SIDESWIPE - SAME DIRECTION,2,RAIN,3,DARK - LIGHTED,12,MOTOR VEHICLE IN TRANSPORT,SPRING ST & COWAN ST,NASHVILLE,TN,37207,1955,CENTRA,36.1769,-86.7762,POINT (-86.7762 36.1769)
20190707986,09/24/2019 05:49:00 PM,2,0,0,,N,169425,5,SIDESWIPE - SAME DIRECTION,21,CLEAR,1,DAYLIGHT,12,MOTOR VEHICLE IN TRANSPORT,4TH AVS & HOUSTON ST,NASHVILLE,TN,37203,8045,MIDTOW,36.143,-86.7654,POINT (-86.7654 36.143)
20190884141,12/09/2019 04:53:00 PM,2,2,0,,N,151132,11,Front to Rear,22,CLOUDY,5,DUSK,12,MOTOR VEHICLE IN TRANSPORT,BRICK CHURCH PKE & HITT LN,GOODLETTSVILLE,TN,37072,2125,MADISO,36.3319,-86.7335,POINT (-86.7335 36.3319)
20190855636,11/26/2019 06:09:00 PM,2,2,0,,N,212322,11,Front to Rear,2,RAIN,2,DARK - NOT LIGHTED,12,MOTOR VEHICLE IN TRANSPORT,ANTIOCH PKE & HAYWOOD LN,ANTIOCH,TN,37013,8899,SOUTH,36.0703,-86.6845,POINT (-86.6845 36.0703)
20190870566,12/03/2019 06:40:00 PM,2,0,0,,Y,420040,5,SIDESWIPE - SAME DIRECTION,22,CLOUDY,3,DARK - LIGHTED,12,MOTOR VEHICLE IN TRANSPORT,21ST AVS & WESTWOOD AV,NASHVILLE,TN,37212,6509,MIDTOW,36.1264,-86.8046,POINT (-86.8046 36.1264)
20190899561,12/16/2019 06:57:00 AM,2,0,0,,N,191578,4,ANGLE,2,RAIN,1,DAYLIGHT,12,MOTOR VEHICLE IN TRANSPORT,LEBANON PKE & MCGAVOCK PKE,NASHVILLE,TN,37214,9201,HERMIT,36.1694,-86.6799,POINT (-86.6799 36.1694)
20190607137,08/14/2019 09:30:00 PM,1,1,0,,N,256380,0,NOT COLLISION W/MOTOR VEHICLE-TRANSPORT,21,CLEAR,2,DARK - NOT LIGHTED,1,,CLARKSVILLE PKE & OLD CLARKSVILLE PKE,JOELTON,TN,37080,3317,NORTH,36.3191,-86.8922,POINT (-86.8922 36.3191)
20190846750,11/22/2019 05:57:00 PM,2,0,0,,N,240955,11,Front to Rear,21,CLEAR,2,DARK - NOT LIGHTED,12,MOTOR VEHICLE IN TRANSPORT,BARNETT RD & BOAT RMP,HERMITAGE,TN,37076,8911,SOUTH,36.0732,-86.5227,POINT (-86.5227 36.0732)
20190670443,09/09/2019 09:55:00 AM,2,0,0,,N,405427,6,SIDESWIPE - OPPOSITE DIRECTION,21,CLEAR,1,DAYLIGHT,12,MOTOR VEHICLE IN TRANSPORT,ALMOND ST & MOLLOY ST,NASHVILLE,TN,37201,4053,CENTRA,36.1585,-86.7748,POINT (-86.7748 36.1585)
20190593678,08/09/2019 04:54:00 PM,4,2,0,,N,772946,5,SIDESWIPE - SAME DIRECTION,21,CLEAR,1,DAYLIGHT,12,MOTOR VEHICLE IN TRANSPORT,MM 207 1 I 40,NASHVILLE,TN,37208,54020,NORTH,36.1698,-86.8093,POINT (-86.8093 36.1698)
20190754105,10/14/2019 04:11:00 PM,2,0,0,,N,384411,11,Front to Rear,21,CLEAR,1,DAYLIGHT,12,MOTOR VEHICLE IN TRANSPORT,OLD HICKORY BLVD & OLD LEBANON DIRT RD,HERMITAGE,TN,37076,9531,HERMIT,36.1911,-86.6155,POINT (-86.6155 36.1911)
20190902794,12/17/2019 12:23:00 PM,2,1,0,,N,620072,11,Front to Rear,22,CLOUDY,1,DAYLIGHT,12,MOTOR VEHICLE IN TRANSPORT,LYLE AV & BROADWAY,NASHVILLE,TN,37203,5711,MIDTOW,36.1503,-86.7973,POINT (-86.7973 36.1503)
20190879859,12/07/2019 02:21:00 PM,2,2,0,Y,N,140804,2,HEAD-ON,21,CLEAR,1,DAYLIGHT,12,MOTOR VEHICLE IN TRANSPORT,HILLHURST DR & RICH ACRES DR,NASHVILLE,TN,37207,1809,EAST,36.2267,-86.7669,POINT (-86.7669 36.2267)
20190883088,12/09/2019 08:10:00 AM,2,0,0,,N,109534,11,Front to Rear,22,CLOUDY,1,DAYLIGHT,12,MOTOR VEHICLE IN TRANSPORT,MM 215 2 I 40,NASHVILLE,TN,37214,91021,HERMIT,36.144,-86.6913,POINT (-86.6913 36.144)
20190609323,08/15/2019 04:13:00 PM,2,0,0,,N,256383,6,SIDESWIPE - OPPOSITE DIRECTION,21,CLEAR,1,DAYLIGHT,12,MOTOR VEHICLE IN TRANSPORT,HARDING PL & I24 E ENT RAMP,NASHVILLE,TN,37211,8707,SOUTH,36.0855,-86.7014,POINT (-86.7014 36.0855)
20190584701,08/06/2019 02:43:00 PM,2,0,0,,N,256441,11,Front to Rear,21,CLEAR,1,DAYLIGHT,12,MOTOR VEHICLE IN TRANSPORT,US HWY 31 ALT & STRASSER DR,NASHVILLE,TN,37211,8659,MIDTOW,36.0601,-86.7165,POINT (-86.7165 36.0601)
20190782057,10/26/2019 12:45:00 PM,1,0,0,,N,462474,0,NOT COLLISION W/MOTOR VEHICLE-TRANSPORT,22,CLOUDY,1,DAYLIGHT,34,DITCH,EDMONDSON PKE & CLOVERLAND DR,NASHVILLE,TN,37211,8651,MIDTOW,36.0295,-86.7441,POINT (-86.7441 36.0295)
20190802850,11/04/2019 01:45:00 PM,2,1,0,,N,717341,4,ANGLE,21,CLEAR,1,DAYLIGHT,12,MOTOR VEHICLE IN TRANSPORT,MM 51 1 I 24,NASHVILLE,TN,37210,81020,SOUTH,36.1315,-86.7272,POINT (-86.7272 36.1315)
20190788263,10/29/2019 09:06:00 AM,2,1,0,,N,223502,11,Front to Rear,22,CLOUDY,1,DAYLIGHT,12,MOTOR VEHICLE IN TRANSPORT,I440 W ENT RAMP & I 24,NASHVILLE,TN,37217,8801,SOUTH,36.1232,-86.7263,POINT (-86.7263 36.1232)
20190626559,08/22/2019 06:30:00 AM,2,2,0,,N,212342,4,ANGLE,21,CLEAR,1,DAYLIGHT,12,MOTOR VEHICLE IN TRANSPORT,E THOMPSON LN & RAMP,NASHVILLE,TN,37217,8879,SOUTH,36.1265,-86.7116,POINT (-86.7116 36.1265)
20190868213,12/02/2019 11:45:00 PM,1,0,0,,N,311340,0,NOT COLLISION W/MOTOR VEHICLE-TRANSPORT,21,CLEAR,3,DARK - LIGHTED,36,CONCRETE TRAFFIC BARRIER,MUSIC SQE & MUSIC CIRN,NASHVILLE,TN,37203,6717,MIDTOW,36.1503,-86.7919,POINT (-86.7919 36.1503)
20190641864,08/28/2019 08:10:00 AM,2,0,0,,N,676834,5,SIDESWIPE - SAME DIRECTION,21,CLEAR,1,DAYLIGHT,12,MOTOR VEHICLE IN TRANSPORT,W TRINITY LN & I65 N ENT RAMP,NASHVILLE,TN,37207,1863,EAST,36.2063,-86.7735,POINT (-86.7735 36.2063)
20190911670,12/21/2019 02:30:00 AM,2,2,0,,N,311340,4,ANGLE,21,CLEAR,3,DARK - LIGHTED,12,MOTOR VEHICLE IN TRANSPORT,CHARLOTTE AV & DR D B TODD JR BLVD,NASHVILLE,TN,37203,5505,MIDTOW,36.1581,-86.8,POINT (-86.8 36.1581)
20190828632,11/15/2019 07:30:00 AM,2,0,0,,Y,538214,5,SIDESWIPE - SAME DIRECTION,21,CLEAR,1,DAYLIGHT,12,MOTOR VEHICLE IN TRANSPORT,ASH ST & 3RD AVS,NASHVILLE,TN,37210,4005,CENTRA,36.1527,-86.7708,POINT (-86.7708 36.1527)
20190885711,12/10/2019 07:55:00 AM,2,1,0,,N,224464,11,Front to Rear,2,RAIN,1,DAYLIGHT,12,MOTOR VEHICLE IN TRANSPORT,CLARKSVILLE PKE & TSU CONNECTOR,NASHVILLE,TN,37208,4425,NORTH,36.1896,-86.8244,POINT (-86.8244 36.1896)
20190877079,12/06/2019 08:03:00 AM,2,0,0,,N,311804,4,ANGLE,22,CLOUDY,1,DAYLIGHT,12,MOTOR VEHICLE IN TRANSPORT,ROSA L PARKS BLVD & JAMES ROBERTSON PKWY,NASHVILLE,TN,37219,4203,CENTRA,36.1667,-86.7874,POINT (-86.7874 36.1667)
20190892514,12/12/2019 05:54:00 PM,2,0,0,,N,279214,4,ANGLE,21,CLEAR,3,DARK - LIGHTED,12,MOTOR VEHICLE IN TRANSPORT,GRANNY WHITE PKE & DRAUGHON AV,NASHVILLE,TN,37204,7007,MIDTOW,36.1104,-86.7927,POINT (-86.7927 36.1104)
20190761624,10/17/2019 11:14:00 AM,2,0,0,,Y,134899,11,Front to Rear,21,CLEAR,1,DAYLIGHT,12,MOTOR VEHICLE IN TRANSPORT,MM 211 2 I 40,NASHVILLE,TN,37210,8008,HERMIT,36.1535,-86.7564,POINT (-86.7564 36.1535)
20190638418,08/27/2019 12:42:00 AM,1,1,0,Y,N,279201,0,NOT COLLISION W/MOTOR VEHICLE-TRANSPORT,21,CLEAR,3,DARK - LIGHTED,19,BUILDING,WOODBERRY DR & CLOVERDALE RD,NASHVILLE,TN,37214,9123,HERMIT,36.1596,-86.6871,POINT (-86.6871 36.1596)
20190690902,09/17/2019 12:00:00 AM,2,0,0,,Y,279200,5,SIDESWIPE - SAME DIRECTION,21,CLEAR,1,DAYLIGHT,12,MOTOR VEHICLE IN TRANSPORT,MM 86 0 I 65,NASHVILLE,TN,37208,4304,CENTRA,36.1916,-86.7859,POINT (-86.7859 36.1916)
20190627597,08/22/2019 12:00:00 PM,2,0,0,,Y,256380,2,HEAD-ON,21,CLEAR,1,DAYLIGHT,12,MOTOR VEHICLE IN TRANSPORT,CLARKSVILLE PKE & BUENA VISTA PKE,NASHVILLE,TN,37218,3135,NORTH,36.1935,-86.8309,POINT (-86.8309 36.1935)
20190671623,09/09/2019 08:15:00 PM,2,0,0,,N,279224,5,SIDESWIPE - SAME DIRECTION,21,CLEAR,3,DARK - LIGHTED,12,MOTOR VEHICLE IN TRANSPORT,SHELBY AV & S 4TH ST,NASHVILLE,TN,37206,1009,EAST,36.167,-86.7637,POINT (-86.7637 36.167)
20190654375,09/02/2019 08:30:00 AM,1,1,0,,N,109534,0,NOT COLLISION W/MOTOR VEHICLE-TRANSPORT,21,CLEAR,1,DAYLIGHT,9,,JUAREZ DR & LEBANON PKE,HERMITAGE,TN,37076,9531,HERMIT,36.1817,-86.6721,POINT (-86.6721 36.1817)
20190795569,11/01/2019 07:30:00 AM,2,0,0,,N,352179,11,Front to Rear,21,CLEAR,1,DAYLIGHT,12,MOTOR VEHICLE IN TRANSPORT,I65 S EXT RAMP & I 65,MADISON,TN,37115,20044,MADISO,36.2481,-86.743,POINT (-86.743 36.2481)
20190807331,11/06/2019 07:39:00 AM,2,0,0,,N,279110,2,HEAD-ON,21,CLEAR,1,DAYLIGHT,12,MOTOR VEHICLE IN TRANSPORT,THOMPSON LN & ST EDWARDS DR,NASHVILLE,TN,37211,8403,SOUTH,36.1103,-86.7383,POINT (-86.7383 36.1103)
20190594587,08/09/2019 12:00:00 AM,2,0,0,Y,Y,212337,6,SIDESWIPE - OPPOSITE DIRECTION,21,CLEAR,1,DAYLIGHT,12;14,MOTOR VEHICLE IN TRANSPORT;PARKED MOTOR VEHICLE,HERMOSA ST & 21ST AVN,NASHVILLE,TN,37208,5331,NORTH,36.1639,-86.8069,POINT (-86.8069 36.1639)
20190728422,10/03/2019 08:03:00 AM,2,0,0,,N,462474,4,ANGLE,21,CLEAR,1,DAYLIGHT,12,MOTOR VEHICLE IN TRANSPORT,FRANKLIN PKE & OLD HICKORY BLVD,NASHVILLE,TN,37220,7111,MIDTOW,36.0377,-86.7865,POINT (-86.7865 36.0377)
20190767205,10/20/2019 12:19:00 AM,2,3,0,,N,256377,11,Front to Rear,21,CLEAR,3,DARK - LIGHTED,12,MOTOR VEHICLE IN TRANSPORT,BRILEY PKWYS & BRILEY PKWY S EXT RAMP,NASHVILLE,TN,37210,9098,HERMIT,36.148,-86.6929,POINT (-86.6929 36.148)
20190821124,11/12/2019 08:50:00 AM,3,1,0,,N,166478,4,ANGLE,21,CLEAR,1,DAYLIGHT,12,MOTOR VEHICLE IN TRANSPORT,ROSA L PARKS BLVD & JEFFERSON ST,NASHVILLE,TN,37208,4237,CENTRA,36.1733,-86.7914,POINT (-86.7914 36.1733)
20190685134,09/15/2019 03:20:00 AM,1,1,0,,N,173951,0,NOT COLLISION W/MOTOR VEHICLE-TRANSPORT,21,CLEAR,3,DARK - LIGHTED,8,PEDESTRIAN,HARRIS ST & GALLATIN PKES,MADISON,TN,37115,1605,MADISO,36.2584,-86.7135,POINT (-86.7135 36.2584)
20190714951,09/27/2019 11:55:00 AM,2,0,0,,N,320588,4,ANGLE,21,CLEAR,1,DAYLIGHT,12,MOTOR VEHICLE IN TRANSPORT,US HWY 41 ALT & STATE HWY 12,NASHVILLE,TN,37218,3163,NORTH,36.1987,-86.8389,POINT (-86.8389 36.1987)
20190714413,09/27/2019 07:22:00 AM,2,0,0,,N,225773,4,ANGLE,21,CLEAR,1,DAYLIGHT,12,MOTOR VEHICLE IN TRANSPORT,BLAIR BLVD & NATCHEZ TRC,NASHVILLE,TN,37212,5909,MIDTOW,36.1315,-86.8118,POINT (-86.8118 36.1315)
20190902881,12/17/2019 03:00:00 PM,2,0,0,,N,330435,11,Front to Rear,21,CLEAR,1,DAYLIGHT,12,MOTOR VEHICLE IN TRANSPORT,SPRING ST & ELLINGTON PKWY N ENT RAMP,NASHVILLE,TN,37206,1997,EAST,36.1755,-86.7659,POINT (-86.7659 36.1755)
20190918253,12/24/2019 12:11:00 PM,2,0,0,,N,320586,11,Front to Rear,21,CLEAR,1,DAYLIGHT,12,MOTOR VEHICLE IN TRANSPORT,BELL RD & HICKORY HOLLOW LN,ANTIOCH,TN,37013,8863,SOUTH,36.0492,-86.6517,POINT (-86.6517 36.0492)
20190748717,10/12/2019 01:15:00 AM,1,0,0,,N,110090,0,NOT COLLISION W/MOTOR VEHICLE-TRANSPORT,2,RAIN,3,DARK - LIGHTED,34,DITCH,PETTUS RD & OLD HICKORY BLVD,ANTIOCH,TN,37013,8761,SOUTH,36.051,-86.6743,POINT (-86.6743 36.051)
20190841540,11/20/2019 05:11:00 PM,2,0,0,,N,429193,4,ANGLE,21,CLEAR,2,DARK - NOT LIGHTED,12,MOTOR VEHICLE IN TRANSPORT,HWY 100 & OLD HICKORY BLVD,NASHVILLE,TN,37221,6213,WEST,36.0615,-86.9078,POINT (-86.9078 36.0615)
20190733912,10/05/2019 03:32:00 PM,2,0,0,,N,330445,5,SIDESWIPE - SAME DIRECTION,21,CLEAR,1,DAYLIGHT,12,MOTOR VEHICLE IN TRANSPORT,14TH AVN & CHARLOTTE AV,NASHVILLE,TN,37203,5501,MIDTOW,36.1608,-86.7937,POINT (-86.7937 36.1608)
20190899394,12/16/2019 05:05:00 AM,2,1,0,,N,352170,11,Front to Rear,2,RAIN,2,DARK - NOT LIGHTED,12,MOTOR VEHICLE IN TRANSPORT,I24 E EXT RAMP & I 24,NASHVILLE,TN,37207,30080,NORTH,36.2378,-86.7872,POINT (-86.7872 36.2378)
20190926939,12/29/2019 03:43:00 AM,3,0,0,,N,415780,11,Front to Rear,2,RAIN,3,DARK - LIGHTED,12,MOTOR VEHICLE IN TRANSPORT,MM 210 3 I 40,NASHVILLE,TN,37203,80021,MIDTOW,36.15,-86.7719,POINT (-86.7719 36.15)
20190627985,08/22/2019 05:44:00 PM,1,1,0,,N,256380,0,NOT COLLISION W/MOTOR VEHICLE-TRANSPORT,2,RAIN,1,DAYLIGHT,24,GUARDRAIL FACE,ROSA L PARKS BLVD & I65 N ENT RAMP,NASHVILLE,TN,37208,4353,NORTH,36.184,-86.798,POINT (-86.798 36.184)
20190826222,11/14/2019 09:15:00 AM,2,0,0,,N,665896,4,ANGLE,21,CLEAR,1,DAYLIGHT,12,MOTOR VEHICLE IN TRANSPORT,EDWARDS AV & VIRGINIA AV,NASHVILLE,TN,37216,1847,EAST,36.2233,-86.7373,POINT (-86.7373 36.2233)
20190687162,09/16/2019 07:44:00 AM,4,0,0,,N,224895,11,Front to Rear,21,CLEAR,1,DAYLIGHT,12,MOTOR VEHICLE IN TRANSPORT,MM 205 6 I 40,NASHVILLE,TN,37209,5228,WEST,36.1559,-86.8271,POINT (-86.8271 36.1559)
20190766835,10/19/2019 07:54:00 PM,2,0,0,,N,311332,11,Front to Rear,21,CLEAR,2,DARK - NOT LIGHTED,12,MOTOR VEHICLE IN TRANSPORT,US HWY 70 & BREWBOCK CT,NASHVILLE,TN,37221,4711,WEST,36.0975,-86.9669,POINT (-86.9669 36.0975)
20190722023,09/30/2019 12:00:00 AM,2,0,0,,Y,507813,11,Front to Rear,21,CLEAR,5,DUSK,12,MOTOR VEHICLE IN TRANSPORT,MURFREESBORO PKE & BOROWOOD DR,NASHVILLE,TN,37217,8935,HERMIT,36.091,-86.6511,POINT (-86.6511 36.091)
20190761500,10/17/2019 01:39:00 PM,2,0,0,,N,462474,5,SIDESWIPE - SAME DIRECTION,21,CLEAR,1,DAYLIGHT,12,MOTOR VEHICLE IN TRANSPORT,WOODMONT BLVD & NOELTON AV,NASHVILLE,TN,37215,6415,MIDTOW,36.1122,-86.7943,POINT (-86.7943 36.1122)
20190909122,12/19/2019 10:10:00 PM,1,0,0,Y,N,212327,0,NOT COLLISION W/MOTOR VEHICLE-TRANSPORT,21,CLEAR,3,DARK - LIGHTED,25;34,GUARDRAIL END;DITCH,OLD HICKORY BLVD & MURFREESBORO PKE,ANTIOCH,TN,37013,8903,SOUTH,36.0395,-86.6029,POINT (-86.6029 36.0395)
20190875260,12/05/2019 03:00:00 PM,2,1,0,,N,256501,11,Front to Rear,21,CLEAR,1,DAYLIGHT,12,MOTOR VEHICLE IN TRANSPORT,LICKTON PKE & OLD HICKORY BLVD,WHITES CREEK,TN,37189,3303,NORTH,36.3118,-86.7794,POINT (-86.7794 36.3118)
20190810916,11/07/2019 05:15:00 PM,3,2,0,,N,256426,11,Front to Rear,2,RAIN,3,DARK - LIGHTED,12,MOTOR VEHICLE IN TRANSPORT,MM 215 9 I 40,NASHVILLE,TN,37217,89020,HERMIT,36.1421,-86.6786,POINT (-86.6786 36.1421)
20190737518,10/07/2019 01:40:00 PM,1,1,0,,N,348631,0,NOT COLLISION W/MOTOR VEHICLE-TRANSPORT,2,RAIN,1,DAYLIGHT,34,DITCH,LISCHEY AV & MARIE ST,NASHVILLE,TN,37207,1873,EAST,36.1946,-86.7631,POINT (-86.7631 36.1946)
20190704604,09/23/2019 12:05:00 PM,2,0,0,,N,225773,5,SIDESWIPE - SAME DIRECTION,22,CLOUDY,1,DAYLIGHT,12,MOTOR VEHICLE IN TRANSPORT,NORRIS AV & SIDCO DR,NASHVILLE,TN,37204,8523,MIDTOW,36.105,-86.756,POINT (-86.756 36.105)
20190682618,09/13/2019 09:17:00 PM,2,1,0,,N,256389,4,ANGLE,21,CLEAR,1,DAYLIGHT,12,MOTOR VEHICLE IN TRANSPORT,HILLSBORO PKE & STOKES LN,NASHVILLE,TN,37215,6001,WEST,36.1199,-86.8086,POINT (-86.8086 36.1199)
20190657711,09/03/2019 05:42:00 PM,2,0,0,,N,151132,11,Front to Rear,21,CLEAR,1,DAYLIGHT,12,MOTOR VEHICLE IN TRANSPORT,STATE RT 45 & RIO VISTA DR,MADISON,TN,37115,1705,MADISO,36.2628,-86.681,POINT (-86.681 36.2628)
20190797823,11/02/2019 04:59:00 AM,4,0,0,,Y,298875,11,Front to Rear,21,CLEAR,3,DARK - LIGHTED,12,MOTOR VEHICLE IN TRANSPORT,MM 55 0 I 24,NASHVILLE,TN,37211,8812,SOUTH,36.0948,-86.7069,POINT (-86.7069 36.0948)
20190636817,08/26/2019 07:48:00 AM,2,0,0,,N,414668,11,Front to Rear,2,RAIN,1,DAYLIGHT,12,MOTOR VEHICLE IN TRANSPORT,MM 86 5 I 65,NASHVILLE,TN,37207,3006,NORTH,36.1946,-86.7762,POINT (-86.7762 36.1946)
20190843981,11/21/2019 04:34:00 PM,2,1,0,,N,429193,4,ANGLE,21,CLEAR,1,DAYLIGHT,12,MOTOR VEHICLE IN TRANSPORT,HWY 70 S & HICKS RD,NASHVILLE,TN,37221,4815,WEST,36.0739,-86.926,POINT (-86.926 36.0739)
20190608737,08/15/2019 12:39:00 PM,3,1,0,,N,716886,11,Front to Rear,21,CLEAR,1,DAYLIGHT,12,MOTOR VEHICLE IN TRANSPORT,MILL CREEK WHITTEMORE GRNWY & MILL CREEK,ANTIOCH,TN,37013,8757,SOUTH,36.0424,-86.7118,POINT (-86.7118 36.0424)
20190839193,11/19/2019 09:00:00 PM,2,0,0,,N,134871,4,ANGLE,21,CLEAR,1,DAYLIGHT,12,MOTOR VEHICLE IN TRANSPORT,8TH AVS & LAFAYETTE ST,NASHVILLE,TN,37203,4043,CENTRA,36.1546,-86.7792,POINT (-86.7792 36.1546)
20190616368,08/18/2019 03:52:00 PM,2,0,0,,N,279225,4,ANGLE,21,CLEAR,1,DAYLIGHT,12,MOTOR VEHICLE IN TRANSPORT,BELL RD & STEWARTS FERRY PKE,NASHVILLE,TN,37214,8959,HERMIT,36.1522,-86.6251,POINT (-86.6251 36.1522)
20190729527,10/03/2019 12:00:00 AM,1,0,0,Y,Y,507813,0,NOT COLLISION W/MOTOR VEHICLE-TRANSPORT,21,CLEAR,1,DAYLIGHT,30,UTILITY POLE,MURFREESBORO PKE & I24 W EXT RAMP,NASHVILLE,TN,37217,8801,SOUTH,36.1348,-86.7236,POINT (-86.7236 36.1348)
20190817725,11/10/2019 09:00:00 PM,1,1,0,,N,807319,0,NOT COLLISION W/MOTOR VEHICLE-TRANSPORT,21,CLEAR,2,DARK - NOT LIGHTED,8,PEDESTRIAN,MURFREESBORO PKE & FOREST VIEW DR,ANTIOCH,TN,37013,8865,SOUTH,36.0674,-86.6313,POINT (-86.6313 36.0674)