Accident Number,Date and Time,Number of Motor Vehicles,Number of Injuries,Number of Fatalities,Property Damage,Hit and Run,Reporting Officer,Collision Type Code,Collision Type Description,Weather Code,Weather Description,Illumination Code,Illumination Description,Harmful Code,Harmful Code Description,Street Address,City,State,ZIP,RPA,Precinct,Latitude,Longitude,Mapped Location
20190759340,10/16/2019 04:44:00 PM,2,6,1,,N,330427,4,ANGLE,21,CLEAR,1,DAYLIGHT,12,MOTOR VEHICLE IN TRANSPORT,HERMOSA ST & 21ST AVN,NASHVILLE,TN,37208,5331,NORTH,36.1639,-86.8069,POINT (-86.8069 36.1639)
20190676757,09/11/2019 05:55:00 PM,3,0,0,,N,299257,4,ANGLE,21,CLEAR,1,DAYLIGHT,12,MOTOR VEHICLE IN TRANSPORT,MM 2 6 I 440,NASHVILLE,TN,37212,5902,MIDTOW,36.1233,-86.8069,POINT (-86.8069 36.1233)
20190841446,11/20/2019 04:20:00 PM,2,1,0,,Y,279224,4,ANGLE,21,CLEAR,1,DAYLIGHT,12,MOTOR VEHICLE IN TRANSPORT,DICKERSON PKE & E TRINITY LN,NASHVILLE,TN,37207,1861,EAST,36.2055,-86.7684,POINT (-86.7684 36.2055)
20190874563,12/05/2019 08:40:00 AM,2,1,0,,N,279227,4,ANGLE,21,CLEAR,1,DAYLIGHT,12,MOTOR VEHICLE IN TRANSPORT,BILLINGSGATE RD & FRANKLIN LIMESTONE RD,ANTIOCH,TN,37013,8897,SOUTH,36.0783,-86.6703,POINT (-86.6703 36.0783)
20190696978,09/19/2019 10:57:00 PM,1,1,0,Y,N,384449,0,NOT COLLISION W/MOTOR VEHICLE-TRANSPORT,21,CLEAR,3,DARK - LIGHTED,1;34,DITCH,500 WHISPERING HILLS,NASHVILLE,TN,37211,8659,MIDTOW,36.0648,-86.7265,POINT (-86.7265 36.0648)
20190908741,12/19/2019 12:00:00 AM,1,0,0,Y,N,384408,0,NOT COLLISION W/MOTOR VEHICLE-TRANSPORT,21,CLEAR,9,UNKNOWN,18,OTHER OBJECT (NOT FIXED),HILLSBORO CIR & BANDYWOOD DR,NASHVILLE,TN,37215,6111,WEST,36.1039,-86.8196,POINT (-86.8196 36.1039)
20190786546,10/28/2019 05:11:00 PM,2,0,0,,N,279208,5,SIDESWIPE - SAME DIRECTION,21,CLEAR,1,DAYLIGHT,12,MOTOR VEHICLE IN TRANSPORT,I40 E ENT RAMP & I 40,NASHVILLE,TN,37205,4903,WEST,36.1109,-86.922,POINT (-86.922 36.1109)
20190717623,09/28/2019 04:20:00 PM,2,0,0,,N,693098,2,HEAD-ON,21,CLEAR,1,DAYLIGHT,12,MOTOR VEHICLE IN TRANSPORT,I40 W EXT RAMP & BRILEY PKWY,NASHVILLE,TN,37209,4696,WEST,36.153,-86.8574,POINT (-86.8574 36.153)
20190924295,12/27/2019 04:35:00 PM,2,0,0,,Y,717341,4,ANGLE,22,CLOUDY,1,DAYLIGHT,12,MOTOR VEHICLE IN TRANSPORT,BELL RD & COLLINS PARK DR,ANTIOCH,TN,37013,8863,SOUTH,36.2189,-86.8464,POINT (-86.8464 36.2189)
20190732495,10/04/2019 12:00:00 AM,1,0,0,Y,Y,320581,0,NOT COLLISION W/MOTOR VEHICLE-TRANSPORT,21,CLEAR,3,DARK - LIGHTED,42,TREE,GRANSTAFF APTS @ METROCENTER P & ROSA L,NASHVILLE,TN,37228,4483,NORTH,36.1936,-86.8099,POINT (-86.8099 36.1936)
20190846514,11/22/2019 04:13:00 PM,2,1,0,,N,420040,11,Front to Rear,2,RAIN,1,DAYLIGHT,12,MOTOR VEHICLE IN TRANSPORT,CHARLOTTE AV & SPRUCE ST,NASHVILLE,TN,,5337,NORTH,,,
20190836410,11/18/2019 07:26:00 PM,2,0,0,,N,240983,11,Front to Rear,21,CLEAR,2,DARK - NOT LIGHTED,12,MOTOR VEHICLE IN TRANSPORT,I24 E EXT RAMP & OLD HICKORY BLVD,WHITES CREEK,TN,37189,3301,NORTH,36.2769,-86.8011,POINT (-86.8011 36.2769)
20190774976,10/23/2019 11:47:00 AM,2,0,0,,Y,419983,5,SIDESWIPE - SAME DIRECTION,21,CLEAR,1,DAYLIGHT,12,MOTOR VEHICLE IN TRANSPORT,MM 210 6 I 40,NASHVILLE,TN,37210,8202,HERMIT,36.1526,-86.7659,POINT (-86.7659 36.1526)
20190911207,12/20/2019 09:18:00 PM,1,1,0,,N,834813,0,NOT COLLISION W/MOTOR VEHICLE-TRANSPORT,22,CLOUDY,2,DARK - NOT LIGHTED,1,,MM 42 9 I 24,WHITES CREEK,TN,37189,32260,NORTH,36.2437,-86.7851,POINT (-86.7851 36.2437)
20190667867,09/08/2019 12:50:00 AM,1,0,0,,N,175719,9,UNKNOWN,21,CLEAR,3,DARK - LIGHTED,1;99,UNKNOWN MOST HARMFUL EVENT,I65 N EXT RAMP & I 65,NASHVILLE,TN,37207,1863,EAST,36.2057,-86.7747,POINT (-86.7747 36.2057)
20190895582,12/13/2019 11:40:00 PM,2,0,0,,Y,330422,11,Front to Rear,2,RAIN,3,DARK - LIGHTED,12,MOTOR VEHICLE IN TRANSPORT,4TH AVN & JEFFERSON ST,NASHVILLE,TN,37219,4235,CENTRA,36.1747,-86.7861,POINT (-86.7861 36.1747)
20190690433,09/17/2019 01:22:00 PM,2,0,0,,N,225773,11,Front to Rear,21,CLEAR,1,DAYLIGHT,12,MOTOR VEHICLE IN TRANSPORT,I440 E ENT RAMP & I 440,NASHVILLE,TN,37205,6007,WEST,36.1346,-86.8203,POINT (-86.8203 36.1346)
20190910243,12/20/2019 11:03:00 AM,2,0,0,,N,191578,11,Front to Rear,21,CLEAR,1,DAYLIGHT,12,MOTOR VEHICLE IN TRANSPORT,BRILEY PKWYN & BRILEY PKWY N EXT RAMP,NASHVILLE,TN,37214,9294,HERMIT,36.1977,-86.688,POINT (-86.688 36.1977)
20190896427,12/14/2019 01:00:00 PM,2,1,0,,N,212318,4,ANGLE,21,CLEAR,1,DAYLIGHT,12,MOTOR VEHICLE IN TRANSPORT,STATE HWY 254 & EDMONDSON PIKE,NASHVILLE,TN,37211,8653,MIDTOW,36.04,-86.742,POINT (-86.742 36.04)
20190785641,10/28/2019 09:20:00 AM,2,0,0,,N,402660,5,SIDESWIPE - SAME DIRECTION,22,CLOUDY,1,DAYLIGHT,12,MOTOR VEHICLE IN TRANSPORT,HILLSBORO PKE & CRESTMOOR RD,NASHVILLE,TN,37215,6413,MIDTOW,36.1091,-86.8119,POINT (-86.8119 36.1091)
20190603699,08/13/2019 03:50:00 PM,3,1,0,,N,240955,11,Front to Rear,2,RAIN,1,DAYLIGHT,12,MOTOR VEHICLE IN TRANSPORT,MT VIEW RD & MT VIEW CIR,ANTIOCH,TN,37013,8867,SOUTH,36.0237,-86.6644,POINT (-86.6644 36.0237)
20190738008,10/07/2019 06:39:00 PM,2,0,0,,N,420040,5,SIDESWIPE - SAME DIRECTION,22,CLOUDY,5,DUSK,12,MOTOR VEHICLE IN TRANSPORT,WEST END AV & NATCHEZ TRC,NASHVILLE,TN,37212,5801,MIDTOW,36.1463,-86.8098,POINT (-86.8098 36.1463)
20190922610,12/26/2019 11:30:00 PM,1,0,0,,Y,299254,0,NOT COLLISION W/MOTOR VEHICLE-TRANSPORT,2,RAIN,3,DARK - LIGHTED,43;64,OTHER FIXED OBJECTS;Ran Off Road-Left,N 2ND ST & CLEVELAND ST,NASHVILLE,TN,37207,1949,EAST,36.1872,-86.7709,POINT (-86.7709 36.1872)
20190764504,10/18/2019 05:30:00 PM,2,0,0,,Y,298860,11,Front to Rear,21,CLEAR,1,DAYLIGHT,12,MOTOR VEHICLE IN TRANSPORT,LEBANON PKE & CENTRAL PKE,HERMITAGE,TN,37076,9531,HERMIT,36.1868,-86.6316,POINT (-86.6316 36.1868)
20190807878,11/06/2019 12:10:00 PM,2,0,0,,N,462501,16,Rear to Side,21,CLEAR,1,DAYLIGHT,12,MOTOR VEHICLE IN TRANSPORT,GAY ST & 2ND AVN,NASHVILLE,TN,37201,4211,CENTRA,36.1693,-86.7794,POINT (-86.7794 36.1693)
20190841200,11/20/2019 02:14:00 PM,2,0,0,,N,134899,11,Front to Rear,21,CLEAR,1,DAYLIGHT,12,MOTOR VEHICLE IN TRANSPORT,MERRITT ST & ROBINSON RD,OLD HICKORY,TN,37138,9611,HERMIT,36.2542,-86.6847,POINT (-86.6847 36.2542)
20190728820,10/03/2019 11:10:00 AM,1,0,0,Y,N,225773,0,NOT COLLISION W/MOTOR VEHICLE-TRANSPORT,21,CLEAR,1,DAYLIGHT,38,FENCE,1300 HILLSIDE AV,NASHVILLE,TN,37203,6903,MIDTOW,36.1401,-86.7818,POINT (-86.7818 36.1401)
20190843894,11/21/2019 01:56:00 PM,2,0,0,,N,256392,11,Front to Rear,21,CLEAR,1,DAYLIGHT,12,MOTOR VEHICLE IN TRANSPORT,26TH AVN & DOWLAN ST,NASHVILLE,TN,37208,4431,NORTH,36.1891,-86.8181,POINT (-86.8181 36.1891)
20190867557,12/02/2019 05:36:00 PM,2,0,0,,Y,320580,11,Front to Rear,21,CLEAR,3,DARK - LIGHTED,12,MOTOR VEHICLE IN TRANSPORT,MM 211 5 I 40,NASHVILLE,TN,37210,8204,HERMIT,36.1514,-86.7517,POINT (-86.7517 36.1514)
20190656820,09/03/2019 10:26:00 AM,2,0,0,,N,462474,5,SIDESWIPE - SAME DIRECTION,21,CLEAR,1,DAYLIGHT,12,MOTOR VEHICLE IN TRANSPORT,RAINS AV & BYRUM AV,NASHVILLE,TN,37203,8019,MIDTOW,36.1342,-86.7648,POINT (-86.7648 36.1342)
20190651222,08/31/2019 10:34:00 PM,2,0,0,,N,311800,11,Front to Rear,21,CLEAR,3,DARK - LIGHTED,12,MOTOR VEHICLE IN TRANSPORT,KOREAN VETERANS BLVD & 6TH AVS,NASHVILLE,TN,37203,4043,CENTRA,36.1559,-86.7773,POINT (-86.7773 36.1559)
20190620963,08/20/2019 12:00:00 AM,1,0,0,Y,N,109515,0,NOT COLLISION W/MOTOR VEHICLE-TRANSPORT,21,CLEAR,1,DAYLIGHT,24,GUARDRAIL FACE,MM 39 3 I 24,WHITES CREEK,TN,37189,3314,NORTH,36.2925,-86.8105,POINT (-86.8105 36.2925)
20190818000,11/10/2019 12:00:00 AM,2,0,0,,Y,493301,9,UNKNOWN,21,CLEAR,3,DARK - LIGHTED,12;14,MOTOR VEHICLE IN TRANSPORT;PARKED MOTOR VEHICLE,SAWYER BROWN RD & HICKS RD,NASHVILLE,TN,37221,4815,WEST,36.0866,-86.937,POINT (-86.937 36.0866)
20190704328,09/23/2019 09:41:00 AM,2,2,0,,Y,184158,11,Front to Rear,22,CLOUDY,1,DAYLIGHT,12,MOTOR VEHICLE IN TRANSPORT,HILLSBORO PKE & HOBBS RD,NASHVILLE,TN,37215,6405,MIDTOW,36.1009,-86.8187,POINT (-86.8187 36.1009)
20190906012,12/18/2019 06:05:00 PM,2,0,0,,N,256412,11,Front to Rear,21,CLEAR,2,DARK - NOT LIGHTED,12,MOTOR VEHICLE IN TRANSPORT,MURFREESBORO PKE & I24E,NASHVILLE,TN,37210,82061,HERMIT,36.1371,-86.7273,POINT (-86.7273 36.1371)
20190844149,11/21/2019 06:00:00 PM,2,0,0,,N,212343,11,Front to Rear,21,CLEAR,3,DARK - LIGHTED,12,MOTOR VEHICLE IN TRANSPORT,MM 85 8 I 65,NASHVILLE,TN,37208,4304,CENTRA,36.191,-86.7885,POINT (-86.7885 36.191)
20190670823,09/09/2019 01:15:00 PM,2,0,0,,Y,225950,98,OTHER,21,CLEAR,1,DAYLIGHT,12,MOTOR VEHICLE IN TRANSPORT,WEST END AV & 25TH AVS,NASHVILLE,TN,37212,5717,MIDTOW,36.147,-86.8084,POINT (-86.8084 36.147)
20190863764,11/30/2019 09:27:00 PM,1,1,0,,N,337276,0,NOT COLLISION W/MOTOR VEHICLE-TRANSPORT,2,RAIN,2,DARK - NOT LIGHTED,8,PEDESTRIAN,SEYMOUR AVE & N 12TH ST,NASHVILLE,TN,37206,1301,EAST,36.1854,-86.7461,POINT (-86.7461 36.1854)
20190707349,09/24/2019 12:50:00 PM,2,1,0,,N,693102,11,Front to Rear,21,CLEAR,1,DAYLIGHT,12,MOTOR VEHICLE IN TRANSPORT,BRILEY PKWYN & GLASTONBURY RD,NASHVILLE,TN,37217,8998,HERMIT,36.1372,-86.6996,POINT (-86.6996 36.1372)
20190894906,12/13/2019 05:50:00 PM,2,0,0,,N,256384,4,ANGLE,2,RAIN,3,DARK - LIGHTED,12,MOTOR VEHICLE IN TRANSPORT,NOLENSVILLE PKE & ROSEDALE AV,NASHVILLE,TN,37211,8043,MIDTOW,36.125,-86.7522,POINT (-86.7522 36.125)
20190733401,10/05/2019 09:00:00 AM,2,2,0,,N,352211,11,Front to Rear,21,CLEAR,1,DAYLIGHT,12,MOTOR VEHICLE IN TRANSPORT,BRILEY PKWY & I40 W EXT RAMP,NASHVILLE,TN,37209,4696,WEST,36.153,-86.8576,POINT (-86.8576 36.153)
20190803068,11/04/2019 04:13:00 PM,2,0,0,,N,384449,5,SIDESWIPE - SAME DIRECTION,21,CLEAR,1,DAYLIGHT,13,MOTOR VEHICLE IN TRANSPORT-OTHER ROADWAY,STATE HWY 45 & STATE HWY 265,HERMITAGE,TN,37076,9561,HERMIT,36.1737,-86.6022,POINT (-86.6022 36.1737)
20190642740,08/28/2019 03:39:00 PM,2,0,0,,Y,256383,4,ANGLE,21,CLEAR,1,DAYLIGHT,12,MOTOR VEHICLE IN TRANSPORT,PIN HOOK RD & GROVEDALE TRC,ANTIOCH,TN,37013,8927,SOUTH,36.05,-86.606,POINT (-86.606 36.05)
20190896889,12/14/2019 05:50:00 PM,2,0,0,,N,320599,5,SIDESWIPE - SAME DIRECTION,22,CLOUDY,5,DUSK,12,MOTOR VEHICLE IN TRANSPORT,MM 217 2 I 40,NASHVILLE,TN,37214,9404,HERMIT,36.145,-86.6468,POINT (-86.6468 36.145)
20190908469,12/19/2019 04:53:00 PM,2,0,0,,Y,299266,11,Front to Rear,21,CLEAR,5,DUSK,12,MOTOR VEHICLE IN TRANSPORT,RICE RD & EDGE O LAKE DR,ANTIOCH,TN,37013,8861,SOUTH,36.0694,-86.6407,POINT (-86.6407 36.0694)
20190772558,10/22/2019 12:30:00 PM,2,0,0,,N,235761,4,ANGLE,21,CLEAR,1,DAYLIGHT,12,MOTOR VEHICLE IN TRANSPORT,HOBBS RD & HILLSBORO CIR,NASHVILLE,TN,37215,6111,WEST,36.1011,-86.8198,POINT (-86.8198 36.1011)
20190698939,09/20/2019 05:35:00 PM,2,1,0,,Y,717341,11,Front to Rear,21,CLEAR,1,DAYLIGHT,12,MOTOR VEHICLE IN TRANSPORT,I24 E ENT RAMP & I 24,NASHVILLE,TN,37213,1007,CENTRA,36.1662,-86.7659,POINT (-86.7659 36.1662)
20190702869,09/22/2019 05:10:00 PM,2,0,0,,N,161939,4,ANGLE,21,CLEAR,1,DAYLIGHT,12,MOTOR VEHICLE IN TRANSPORT,DELVIN DR & TUSCULUM CT,NASHVILLE,TN,37211,8717,SOUTH,36.0529,-86.697,POINT (-86.697 36.0529)
20190872029,12/04/2019 09:09:00 AM,3,1,0,,N,755026,5,SIDESWIPE - SAME DIRECTION,21,CLEAR,1,DAYLIGHT,12,MOTOR VEHICLE IN TRANSPORT,MM 54 4 I 24,NASHVILLE,TN,37211,84020,SOUTH,36.1017,-86.7129,POINT (-86.7129 36.1017)
20190632584,08/24/2019 10:00:00 AM,3,1,0,,Y,402660,11,Front to Rear,21,CLEAR,1,DAYLIGHT,12,MOTOR VEHICLE IN TRANSPORT,BRILEY PKWY S EXT RAMP & ROBERTSON AV,NASHVILLE,TN,37209,4698,WEST,36.1539,-86.8576,POINT (-86.8576 36.1539)
20190660368,09/04/2019 05:09:00 PM,2,0,0,,N,240955,5,SIDESWIPE - SAME DIRECTION,21,CLEAR,1,DAYLIGHT,12,MOTOR VEHICLE IN TRANSPORT,MM 54 2 I 24,NASHVILLE,TN,37211,88122,SOUTH,36.1038,-86.7151,POINT (-86.7151 36.1038)
20190784657,10/27/2019 11:34:00 PM,2,1,0,,N,352188,98,OTHER,21,CLEAR,3,DARK - LIGHTED,12,MOTOR VEHICLE IN TRANSPORT,MURFREESBORO PKE & PLUS PARK BLVD,NASHVILLE,TN,37217,8815,HERMIT,36.1337,-86.722,POINT (-86.722 36.1337)
20190670332,09/09/2019 08:34:00 AM,2,0,0,,N,225773,11,Front to Rear,21,CLEAR,1,DAYLIGHT,12,MOTOR VEHICLE IN TRANSPORT,WOODMONT BLVD & HILLSBORO PKE,NASHVILLE,TN,37215,6105,WEST,36.114,-86.8109,POINT (-86.8109 36.114)
20190822113,11/12/2019 05:22:00 PM,2,1,0,,N,298877,4,ANGLE,21,CLEAR,3,DARK - LIGHTED,12,MOTOR VEHICLE IN TRANSPORT,MURFREESBORO PKE & PARRIS AV,NASHVILLE,TN,37210,8117,SOUTH,36.1438,-86.7473,POINT (-86.7473 36.1438)
20190805929,11/05/2019 05:50:00 PM,4,1,0,,N,717341,11,Front to Rear,21,CLEAR,3,DARK - LIGHTED,12,MOTOR VEHICLE IN TRANSPORT,MM 56 0 I 24,NASHVILLE,TN,37211,8708,SOUTH,36.0818,-86.6975,POINT (-86.6975 36.0818)
20190819134,11/11/2019 12:53:00 PM,2,0,0,,Y,140808,11,Front to Rear,2,RAIN,1,DAYLIGHT,12,MOTOR VEHICLE IN TRANSPORT,THOMPSON LN & ELIZABETH ST,NASHVILLE,TN,37211,8519,MIDTOW,36.111,-86.7459,POINT (-86.7459 36.111)
20190710141,09/25/2019 02:36:00 PM,2,1,0,,N,633391,4,ANGLE,21,CLEAR,1,DAYLIGHT,12,MOTOR VEHICLE IN TRANSPORT,51ST AVN & ALABAMA AV,NASHVILLE,TN,37209,5121,WEST,36.1531,-86.8486,POINT (-86.8486 36.1531)
20190840876,11/20/2019 09:20:00 AM,2,0,0,,N,384445,6,SIDESWIPE - OPPOSITE DIRECTION,21,CLEAR,1,DAYLIGHT,14,PARKED MOTOR VEHICLE,RODNEY DR & SHAWNEE DR,NASHVILLE,TN,37205,4905,WEST,36.1205,-86.9057,POINT (-86.9057 36.1205)
20190631717,08/23/2019 09:21:00 PM,2,0,0,,N,352170,16,Rear to Side,21,CLEAR,2,DARK - NOT LIGHTED,14,PARKED MOTOR VEHICLE,BAYSHORE CV & WINDCREST TRL,ANTIOCH,TN,37013,8907,SOUTH,36.0605,-86.5921,POINT (-86.5921 36.0605)
20190899622,12/16/2019 07:37:00 AM,2,1,0,,Y,665896,4,ANGLE,2,RAIN,1,DAYLIGHT,12,MOTOR VEHICLE IN TRANSPORT,SHELBY AV & S 14TH ST,NASHVILLE,TN,37206,1035,EAST,36.1708,-86.7468,POINT (-86.7468 36.1708)
20190648184,08/30/2019 04:27:00 PM,2,0,0,,Y,279116,4,ANGLE,21,CLEAR,1,DAYLIGHT,12,MOTOR VEHICLE IN TRANSPORT,I440 E ENT RAMP & I 65,NASHVILLE,TN,37204,7018,MIDTOW,36.1138,-86.7719,POINT (-86.7719 36.1138)
20190686031,09/15/2019 03:07:00 PM,2,0,0,,Y,256392,4,ANGLE,21,CLEAR,1,DAYLIGHT,12,MOTOR VEHICLE IN TRANSPORT,TORBETT ST & 27TH AVN,NASHVILLE,TN,37209,5345,NORTH,36.1574,-86.8174,POINT (-86.8174 36.1574)
20190616883,08/18/2019 09:25:00 PM,2,2,0,,Y,633391,11,Front to Rear,21,CLEAR,3,DARK - LIGHTED,12,MOTOR VEHICLE IN TRANSPORT,CHARLOTTE PKE & WATTS LN,NASHVILLE,TN,37209,5023,WEST,36.1437,-86.8736,POINT (-86.8736 36.1437)
20190920191,12/25/2019 05:58:00 PM,2,0,0,,Y,179606,5,SIDESWIPE - SAME DIRECTION,21,CLEAR,3,DARK - LIGHTED,12,MOTOR VEHICLE IN TRANSPORT,POWELL AV & OLD POWELL AV,NASHVILLE,TN,37204,8525,MIDTOW,36.1109,-86.7672,POINT (-86.7672 36.1109)
20190713361,09/26/2019 07:59:00 PM,2,0,0,,N,151132,2,HEAD-ON,22,CLOUDY,3,DARK - LIGHTED,12,MOTOR VEHICLE IN TRANSPORT,RIVERGATE MARKETPLACE PVTDR & GALLATIN P,MADISON,TN,37115,1731,MADISO,36.3037,-86.6898,POINT (-86.6898 36.3037)
20190715043,09/27/2019 01:13:00 PM,3,2,0,,N,223502,11,Front to Rear,21,CLEAR,1,DAYLIGHT,12,MOTOR VEHICLE IN TRANSPORT,MM 54 3 I 24,NASHVILLE,TN,37211,84020,SOUTH,36.1034,-86.7148,POINT (-86.7148 36.1034)
20190666628,09/07/2019 12:00:00 AM,2,0,0,,Y,584947,4,ANGLE,21,CLEAR,7,Dark-Unknown Lighting,14,PARKED MOTOR VEHICLE,EDMONDSON PKE & MCMURRAY DR,NASHVILLE,TN,37211,8657,MIDTOW,36.1565,-86.7372,POINT (-86.7372 36.1565)
20190900768,12/16/2019 05:17:00 PM,2,0,0,,N,197068,4,ANGLE,2,RAIN,3,DARK - LIGHTED,12,MOTOR VEHICLE IN TRANSPORT,HERMITAGE AV & LEA AV,NASHVILLE,TN,37210,4033,CENTRA,36.1566,-86.7687,POINT (-86.7687 36.1566)
20190647861,08/30/2019 02:36:00 PM,2,0,0,,N,169425,11,Front to Rear,21,CLEAR,1,DAYLIGHT,12,MOTOR VEHICLE IN TRANSPORT,CHESTNUT ST & FORT NEGLEY BLVD,NASHVILLE,TN,37203,8017,MIDTOW,36.1421,-86.7758,POINT (-86.7758 36.1421)
20190715174,09/27/2019 02:44:00 PM,2,0,0,,N,468160,11,Front to Rear,21,CLEAR,1,DAYLIGHT,12,MOTOR VEHICLE IN TRANSPORT,I65 S EXT RAMP & I 65,MADISON,TN,37115,20044,MADISO,36.2481,-86.743,POINT (-86.743 36.2481)
20190782166,10/26/2019 02:43:00 PM,2,0,0,,N,352197,11,Front to Rear,22,CLOUDY,1,DAYLIGHT,12,MOTOR VEHICLE IN TRANSPORT,MURFREESBORO PKE & HAMILTON CROSSINGS,ANTIOCH,TN,37013,8865,SOUTH,36.0655,-86.6292,POINT (-86.6292 36.0655)
20190657676,09/03/2019 04:43:00 PM,2,0,0,,Y,151132,11,Front to Rear,21,CLEAR,1,DAYLIGHT,12,MOTOR VEHICLE IN TRANSPORT,BRICK CHURCH PKE & EWING DR,NASHVILLE,TN,37207,2003,MADISO,36.2326,-86.7814,POINT (-86.7814 36.2326)
20190923998,12/27/2019 03:23:00 PM,2,1,0,,N,352169,11,Front to Rear,21,CLEAR,1,DAYLIGHT,12,MOTOR VEHICLE IN TRANSPORT,US HWY 31E & CONNECTING ROAD,NASHVILLE,TN,37216,1882,EAST,36.2327,-86.7472,POINT (-86.7472 36.2327)
20190889328,12/11/2019 02:30:00 PM,2,0,0,,Y,256384,11,Front to Rear,21,CLEAR,1,DAYLIGHT,12,MOTOR VEHICLE IN TRANSPORT,I24E & I440 W ENT RAMP,NASHVILLE,TN,37210,81020,SOUTH,36.1301,-86.7273,POINT (-86.7273 36.1301)
20190688134,09/16/2019 03:51:00 PM,2,0,0,,Y,807344,4,ANGLE,21,CLEAR,1,DAYLIGHT,12,MOTOR VEHICLE IN TRANSPORT,6TH AVS & KOREAN VETERANS BLVD,NASHVILLE,TN,37203,4043,CENTRA,36.1555,-86.7771,POINT (-86.7771 36.1555)
20190853089,11/25/2019 04:15:00 PM,2,0,0,,N,352207,11,Front to Rear,21,CLEAR,1,DAYLIGHT,12,MOTOR VEHICLE IN TRANSPORT,MM 74 8 I 65,NASHVILLE,TN,37220,7111,MIDTOW,36.0417,-86.7824,POINT (-86.7824 36.0417)
20190925965,12/28/2019 05:11:00 PM,3,2,0,,N,240955,4,ANGLE,22,CLOUDY,3,DARK - LIGHTED,12,MOTOR VEHICLE IN TRANSPORT,MURFREESBORO PKE & FOREST VIEW DR,ANTIOCH,TN,37013,8865,SOUTH,36.0674,-86.6313,POINT (-86.6313 36.0674)
20190881355,12/08/2019 09:39:00 AM,2,0,0,,N,525538,4,ANGLE,21,CLEAR,1,DAYLIGHT,12,MOTOR VEHICLE IN TRANSPORT,CHURCH ST & 14TH AVN,NASHVILLE,TN,37203,5517,MIDTOW,36.1579,-86.7916,POINT (-86.7916 36.1579)
20190700862,09/21/2019 04:03:00 PM,2,0,0,,N,212369,11,Front to Rear,21,CLEAR,1,DAYLIGHT,12,MOTOR VEHICLE IN TRANSPORT,NOLENSVILLE PKE & ROSEDALE CT,NASHVILLE,TN,37210,8109,SOUTH,36.1265,-86.7529,POINT (-86.7529 36.1265)
20190817062,11/10/2019 12:46:00 PM,3,0,0,,N,240952,11,Front to Rear,21,CLEAR,1,DAYLIGHT,12,MOTOR VEHICLE IN TRANSPORT,NOLENSVILLE PKE & BARNES RD,ANTIOCH,TN,37013,8757,SOUTH,36.0335,-86.713,POINT (-86.713 36.0335)
20190916673,12/23/2019 05:25:00 PM,2,0,0,,N,256448,11,Front to Rear,21,CLEAR,1,DAYLIGHT,12,MOTOR VEHICLE IN TRANSPORT,BRILEY PKWYN & BRILEY PKWYS,NASHVILLE,TN,37211,8404,SOUTH,36.1092,-86.727,POINT (-86.727 36.1092)
20190791245,10/30/2019 11:31:00 AM,2,0,0,,Y,591934,11,Front to Rear,2,RAIN,1,DAYLIGHT,12;99,MOTOR VEHICLE IN TRANSPORT;UNKNOWN MOST HARMFUL EVENT,MM 91 6 I 65,MADISON,TN,37115,2006,MADISO,36.2559,-86.7386,POINT (-86.7386 36.2559)
20190751394,10/13/2019 12:03:00 PM,2,0,0,,N,384439,4,ANGLE,21,CLEAR,1,DAYLIGHT,12,MOTOR VEHICLE IN TRANSPORT,CARUTHERS AV & 11TH AVS,NASHVILLE,TN,37204,6925,MIDTOW,36.1257,-86.7879,POINT (-86.7879 36.1257)
20190717675,09/28/2019 05:10:00 PM,1,2,0,,N,161939,0,NOT COLLISION W/MOTOR VEHICLE-TRANSPORT,21,CLEAR,1,DAYLIGHT,43,OTHER FIXED OBJECTS,COUCHVILLE PIKE & STATE HWY 171,HERMITAGE,TN,37076,8909,SOUTH,36.0976,-86.554,POINT (-86.554 36.0976)
20190625005,08/21/2019 04:46:00 PM,1,0,0,,Y,330425,0,NOT COLLISION W/MOTOR VEHICLE-TRANSPORT,21,CLEAR,1,DAYLIGHT,30,UTILITY POLE,MEADOW BEND DR & SIOUX TER,MADISON,TN,37115,1633,MADISO,36.2484,-86.6804,POINT (-86.6804 36.2484)
20190776118,10/23/2019 09:06:00 PM,2,1,0,,N,179606,11,Front to Rear,21,CLEAR,3,DARK - LIGHTED,12,MOTOR VEHICLE IN TRANSPORT,MM 81 1 I 65,NASHVILLE,TN,37204,80040,MIDTOW,36.1313,-86.7738,POINT (-86.7738 36.1313)
20190700976,09/21/2019 12:00:00 AM,2,0,0,,Y,405418,11,Front to Rear,21,CLEAR,1,DAYLIGHT,12,MOTOR VEHICLE IN TRANSPORT,NOLENSVILLE PKE & HARDING PL,NASHVILLE,TN,37211,8445,SOUTH,36.0809,-86.7267,POINT (-86.7267 36.0809)
20190853075,11/25/2019 05:49:00 PM,1,0,0,Y,N,151132,0,NOT COLLISION W/MOTOR VEHICLE-TRANSPORT,21,CLEAR,2,DARK - NOT LIGHTED,34;38;64,DITCH;FENCE;Ran Off Road-Left,GREER RD & IVEY POINT RD,GOODLETTSVILLE,TN,37072,2203,MADISO,36.3738,-86.7913,POINT (-86.7913 36.3738)