Accident Number,Date and Time,Number of Motor Vehicles,Number of Injuries,Number of Fatalities,Property Damage,Hit and Run,Reporting Officer,Collision Type Code,Collision Type Description,Weather Code,Weather Description,Illumination Code,Illumination Description,Harmful Code,Harmful Code Description,Street Address,City,State,ZIP,RPA,Precinct,Latitude,Longitude,Mapped Location
20190707051,09/24/2019 10:29:00 AM,2,0,0,,N,223502,11,Front to Rear,21,CLEAR,1,DAYLIGHT,12,MOTOR VEHICLE IN TRANSPORT,MM 52 1 I 24,NASHVILLE,TN,37217,8816,SOUTH,36.1343,-86.7267,POINT (-86.7267 36.1343)
20190791492,10/30/2019 01:38:00 PM,2,2,0,,N,876581,2,HEAD-ON,2,RAIN,1,DAYLIGHT,12,MOTOR VEHICLE IN TRANSPORT,GALLATIN PKEN & STATE RT 45,MADISON,TN,37115,1701,MADISO,36.2644,-86.7115,POINT (-86.7115 36.2644)
20190835535,11/18/2019 12:08:00 PM,2,0,0,,N,109534,11,Front to Rear,22,CLOUDY,1,DAYLIGHT,12,MOTOR VEHICLE IN TRANSPORT,ELM HILL PKE & ELM HILL PKE EB EXT RAMP,NASHVILLE,TN,37210,9041,HERMIT,36.1513,-86.6916,POINT (-86.6916 36.1513)
20190855659,11/26/2019 05:10:00 PM,2,0,0,,N,330428,4,ANGLE,2,RAIN,3,DARK - LIGHTED,12,MOTOR VEHICLE IN TRANSPORT,WHITE BRIDGE PKE & LENOX AV,NASHVILLE,TN,37209,5103,WEST,36.1493,-86.8579,POINT (-86.8579 36.1493)
20190831847,11/16/2019 12:00:00 AM,2,0,0,,N,298877,11,Front to Rear,21,CLEAR,3,DARK - LIGHTED,12,MOTOR VEHICLE IN TRANSPORT,MM 53 9 I 24,NASHVILLE,TN,37211,88122,SOUTH,36.1073,-86.7197,POINT (-86.7197 36.1073)
20190790721,10/30/2019 06:00:00 AM,1,0,0,,N,226622,0,NOT COLLISION W/MOTOR VEHICLE-TRANSPORT,2,RAIN,3,DARK - LIGHTED,36,CONCRETE TRAFFIC BARRIER,MM 205 5 I 40,NASHVILLE,TN,37209,52040,WEST,36.1549,-86.8305,POINT (-86.8305 36.1549)
20190930681,12/30/2019 11:45:00 PM,2,1,0,,N,279213,4,ANGLE,21,CLEAR,3,DARK - LIGHTED,12,MOTOR VEHICLE IN TRANSPORT,EWING DR & BRICK CHURCH PKE,NASHVILLE,TN,37207,2031,MADISO,36.025,-86.721,POINT (-86.721 36.025)
20190773698,10/22/2019 09:27:00 PM,2,0,0,,Y,256382,5,SIDESWIPE - SAME DIRECTION,21,CLEAR,3,DARK - LIGHTED,12,MOTOR VEHICLE IN TRANSPORT,OPRY MILLS DR & SHELBY BOTTOMS GRNWY,NASHVILLE,TN,37214,9209,HERMIT,36.2013,-86.6941,POINT (-86.6941 36.2013)
20190826300,11/14/2019 08:54:00 AM,2,0,0,,N,109534,5,SIDESWIPE - SAME DIRECTION,21,CLEAR,1,DAYLIGHT,12,MOTOR VEHICLE IN TRANSPORT,INTERNATIONAL PLZ & BRILEY PKWY,NASHVILLE,TN,37217,8951,HERMIT,36.1272,-86.6959,POINT (-86.6959 36.1272)
20190832907,11/17/2019 05:50:00 AM,2,1,0,,N,311343,6,SIDESWIPE - OPPOSITE DIRECTION,21,CLEAR,3,DARK - LIGHTED,12,MOTOR VEHICLE IN TRANSPORT,WOODMONT BLVD & BELMONT BLVD,NASHVILLE,TN,37215,6415,MIDTOW,36.113,-86.7998,POINT (-86.7998 36.113)
20190778311,10/24/2019 07:00:00 PM,2,0,0,,N,151132,5,SIDESWIPE - SAME DIRECTION,21,CLEAR,3,DARK - LIGHTED,12,MOTOR VEHICLE IN TRANSPORT,STATE RT 45 & MYATT DR,MADISON,TN,37115,1705,MADISO,36.2641,-86.6903,POINT (-86.6903 36.2641)
20190647053,08/30/2019 08:10:00 AM,2,0,0,,N,716886,11,Front to Rear,21,CLEAR,1,DAYLIGHT,12,MOTOR VEHICLE IN TRANSPORT,MM 59 6 I 24,ANTIOCH,TN,37013,88060,SOUTH,36.0438,-86.6561,POINT (-86.6561 36.0438)
20190681792,09/13/2019 02:40:00 PM,2,0,0,,Y,320580,5,SIDESWIPE - SAME DIRECTION,21,CLEAR,1,DAYLIGHT,14;55,PARKED MOTOR VEHICLE;Motor Vehicle-In-Motion Outside Trafficw,DONELSON PKE & WOODBERRY DR,NASHVILLE,TN,37214,9113,HERMIT,36.1605,-86.6645,POINT (-86.6645 36.1605)
20190593712,08/09/2019 04:25:00 PM,2,2,0,,N,256389,11,Front to Rear,21,CLEAR,1,DAYLIGHT,12,MOTOR VEHICLE IN TRANSPORT,HILLSBORO PKE & GOLF CLUB LN,NASHVILLE,TN,37215,6419,MIDTOW,36.1174,-86.8103,POINT (-86.8103 36.1174)
20190800828,11/03/2019 05:28:00 PM,2,1,0,,N,320603,4,ANGLE,21,CLEAR,3,DARK - LIGHTED,12,MOTOR VEHICLE IN TRANSPORT,US HWY 70 & ORLANDO AVE,NASHVILLE,TN,37209,5103,WEST,36.1507,-86.8557,POINT (-86.8557 36.1507)
20190911050,12/20/2019 07:11:00 PM,2,0,0,,Y,352173,5,SIDESWIPE - SAME DIRECTION,21,CLEAR,3,DARK - LIGHTED,12,MOTOR VEHICLE IN TRANSPORT,I65 N EXT RAMP & OLD HICKORY BLVDW,MADISON,TN,37115,1777,MADISO,36.2642,-86.7356,POINT (-86.7356 36.2642)
20190615596,08/18/2019 06:07:00 AM,1,1,0,,N,330438,0,NOT COLLISION W/MOTOR VEHICLE-TRANSPORT,21,CLEAR,1,DAYLIGHT,41,SHRUBBERY,LEBANON PKE & RIVERCREST PASS,NASHVILLE,TN,37214,9403,HERMIT,36.171,-86.6527,POINT (-86.6527 36.171)
20190662608,09/05/2019 12:00:00 AM,2,1,0,,N,311333,4,ANGLE,21,CLEAR,1,DAYLIGHT,12,MOTOR VEHICLE IN TRANSPORT,NATE CV & OLD HICKORY BLVD,ANTIOCH,TN,37013,8765,SOUTH,36.0084,-86.6243,POINT (-86.6243 36.0084)
20190832944,11/17/2019 12:00:00 AM,1,1,0,Y,Y,352179,0,NOT COLLISION W/MOTOR VEHICLE-TRANSPORT,99,UNKNOWN,9,UNKNOWN,34,DITCH,OAKVIEW DR & HUNLEY DR,NASHVILLE,TN,37207,2029,MADISO,36.2387,-86.7632,POINT (-86.7632 36.2387)
20190754496,10/14/2019 04:09:00 PM,2,1,0,,N,345098,11,Front to Rear,21,CLEAR,1,DAYLIGHT,12,MOTOR VEHICLE IN TRANSPORT,LEBANON PKE & OLD HICKORY BLVD,HERMITAGE,TN,37076,9613,HERMIT,36.1756,-86.6154,POINT (-86.6154 36.1756)
20190623775,08/21/2019 07:23:00 AM,2,0,0,,N,224955,4,ANGLE,21,CLEAR,1,DAYLIGHT,12,MOTOR VEHICLE IN TRANSPORT,DICKERSON PKE & DICKERSON PKE ENT RAMP,MADISON,TN,37115,2009,MADISO,36.242,-86.7571,POINT (-86.7571 36.242)
20190642266,08/28/2019 11:10:00 AM,2,0,0,,N,226134,5,SIDESWIPE - SAME DIRECTION,21,CLEAR,1,DAYLIGHT,12,MOTOR VEHICLE IN TRANSPORT,PRESERVE BLVD & OLD HICKORY BLVD,ANTIOCH,TN,37013,8869,SOUTH,36.0327,-86.6119,POINT (-86.6119 36.0327)
20190779428,10/25/2019 07:32:00 AM,2,1,0,,Y,384436,11,Front to Rear,22,CLOUDY,1,DAYLIGHT,12,MOTOR VEHICLE IN TRANSPORT,MM 59 1 I 24,ANTIOCH,TN,37013,87061,SOUTH,36.0478,-86.6634,POINT (-86.6634 36.0478)
20190812791,11/08/2019 12:00:00 AM,2,0,0,,N,620072,5,SIDESWIPE - SAME DIRECTION,21,CLEAR,1,DAYLIGHT,12,MOTOR VEHICLE IN TRANSPORT,WEDGEWOOD AV & 21ST AVS,NASHVILLE,TN,37212,5825,MIDTOW,36.1376,-86.8008,POINT (-86.8008 36.1376)
20190780289,10/25/2019 03:17:00 PM,2,0,0,,N,717341,11,Front to Rear,2,RAIN,1,DAYLIGHT,12,MOTOR VEHICLE IN TRANSPORT,MM 59 6 I 24,ANTIOCH,TN,37013,88060,SOUTH,36.0438,-86.6561,POINT (-86.6561 36.0438)
20190775613,10/23/2019 04:30:00 PM,2,0,0,,N,384446,11,Front to Rear,21,CLEAR,1,DAYLIGHT,12,MOTOR VEHICLE IN TRANSPORT,HIGHWAY 100 & OLD HICKORY BLVD,NASHVILLE,TN,37221,6213,WEST,36.0609,-86.9153,POINT (-86.9153 36.0609)
20190821234,11/12/2019 09:40:00 AM,2,0,0,,N,414668,11,Front to Rear,21,CLEAR,1,DAYLIGHT,12,MOTOR VEHICLE IN TRANSPORT,GALLATIN PKE & ZOPHI ST,NASHVILLE,TN,37216,1415,EAST,36.2044,-86.7381,POINT (-86.7381 36.2044)
20190589589,08/08/2019 08:46:00 AM,2,0,0,,Y,693102,11,Front to Rear,21,CLEAR,1,DAYLIGHT,12,MOTOR VEHICLE IN TRANSPORT,BRILEY PKWYN & BRILEY PKWY N ENT RAMP,NASHVILLE,TN,37214,9203,HERMIT,36.1716,-86.6885,POINT (-86.6885 36.1716)
20190705797,09/23/2019 10:46:00 PM,1,1,0,Y,N,660929,0,NOT COLLISION W/MOTOR VEHICLE-TRANSPORT,21,CLEAR,3,DARK - LIGHTED,1,,380 BLACKMAN,NASHVILLE,TN,37211,8605,MIDTOW,36.0777,-86.7552,POINT (-86.7552 36.0777)
20190764686,10/18/2019 06:55:00 PM,2,0,0,,N,320585,5,SIDESWIPE - SAME DIRECTION,21,CLEAR,3,DARK - LIGHTED,12,MOTOR VEHICLE IN TRANSPORT,MM 211 5 I 40,NASHVILLE,TN,37210,8204,HERMIT,36.1514,-86.7517,POINT (-86.7517 36.1514)
20190611742,08/16/2019 04:23:00 PM,1,0,0,Y,N,717341,0,NOT COLLISION W/MOTOR VEHICLE-TRANSPORT,21,CLEAR,1,DAYLIGHT,19,BUILDING,MURFREESBORO PKE & MT VIEW RD,ANTIOCH,TN,37013,8865,SOUTH,36.0543,-86.6186,POINT (-86.6186 36.0543)
20190590673,08/08/2019 05:06:00 PM,2,1,0,,N,256380,11,Front to Rear,21,CLEAR,1,DAYLIGHT,12,MOTOR VEHICLE IN TRANSPORT,ED TEMPLE BLVD & BUCHANAN ST,NASHVILLE,TN,37208,4501,NORTH,36.1783,-86.8245,POINT (-86.8245 36.1783)
20190837545,11/19/2019 07:13:00 AM,2,1,0,,N,109534,11,Front to Rear,22,CLOUDY,1,DAYLIGHT,12,MOTOR VEHICLE IN TRANSPORT,I24E & I24 W ENT RAMP,NASHVILLE,TN,37210,82061,HERMIT,36.1386,-86.7273,POINT (-86.7273 36.1386)
20190661861,09/05/2019 11:10:00 AM,1,0,0,Y,Y,109534,0,NOT COLLISION W/MOTOR VEHICLE-TRANSPORT,21,CLEAR,1,DAYLIGHT,40;47,MAIL BOX;FIRE HYDRANT,TYLER DR & GORDON LN,HERMITAGE,TN,37076,9507,HERMIT,36.2,-86.6154,POINT (-86.6154 36.2)
20190816352,11/10/2019 02:55:00 AM,2,1,0,,N,197060,11,Front to Rear,21,CLEAR,3,DARK - LIGHTED,12,MOTOR VEHICLE IN TRANSPORT,0 I65 S EXT RAMP,MADISON,TN,37115,20044,MADISO,36.2481,-86.743,POINT (-86.743 36.2481)
20190875334,12/05/2019 03:00:00 PM,2,0,0,,N,134899,4,ANGLE,21,CLEAR,1,DAYLIGHT,12,MOTOR VEHICLE IN TRANSPORT,LEBANON PKE & DONELSON PKE,NASHVILLE,TN,37214,9311,HERMIT,36.1676,-86.6633,POINT (-86.6633 36.1676)
20190921706,12/26/2019 01:25:00 PM,2,0,0,,N,311339,11,Front to Rear,21,CLEAR,1,DAYLIGHT,12,MOTOR VEHICLE IN TRANSPORT,ROSA L PARKS BLVD & BROADWAY,NASHVILLE,TN,37203,4115,CENTRA,36.1593,-86.7824,POINT (-86.7824 36.1593)
20190912945,12/21/2019 07:50:00 PM,2,0,0,,N,320597,4,ANGLE,21,CLEAR,3,DARK - LIGHTED,12,MOTOR VEHICLE IN TRANSPORT,ANTIOCH PKE & PERIMETER HILL DR,NASHVILLE,TN,37211,8889,SOUTH,36.0859,-86.6911,POINT (-86.6911 36.0859)
20190661724,09/05/2019 10:03:00 AM,2,1,0,,N,462474,4,ANGLE,21,CLEAR,1,DAYLIGHT,12,MOTOR VEHICLE IN TRANSPORT,20TH AVN & CHURCH ST,NASHVILLE,TN,37203,5527,MIDTOW,36.1534,-86.8008,POINT (-86.8008 36.1534)
20190734600,10/05/2019 10:50:00 PM,2,0,0,,N,311800,5,SIDESWIPE - SAME DIRECTION,21,CLEAR,3,DARK - LIGHTED,12,MOTOR VEHICLE IN TRANSPORT,BROADWAY & 4TH AVN,NASHVILLE,TN,37203,4091,CENTRA,36.161,-86.7772,POINT (-86.7772 36.161)
20190900747,12/16/2019 05:07:00 PM,2,1,0,,N,206682,11,Front to Rear,2,RAIN,3,DARK - LIGHTED,12,MOTOR VEHICLE IN TRANSPORT,OLD HICKORY BLVDW & OLD TIME VILLAGE PVT,MADISON,TN,37115,1771,MADISO,36.2632,-86.7131,POINT (-86.7131 36.2632)
20190716364,09/27/2019 11:54:00 PM,4,5,1,,N,298871,2,HEAD-ON,21,CLEAR,3,DARK - LIGHTED,1;12,MOTOR VEHICLE IN TRANSPORT,BROADWAY & 15TH AVN,NASHVILLE,TN,37203,5701,MIDTOW,36.1552,-86.7907,POINT (-86.7907 36.1552)
20190780508,10/25/2019 05:15:00 PM,2,0,0,,N,352155,11,Front to Rear,2,RAIN,1,DAYLIGHT,12,MOTOR VEHICLE IN TRANSPORT,MM 86 5 I 65,NASHVILLE,TN,37207,3006,NORTH,36.1946,-86.7762,POINT (-86.7762 36.1946)
20190749292,10/12/2019 09:33:00 AM,3,0,0,,N,352202,11,Front to Rear,21,CLEAR,1,DAYLIGHT,12,MOTOR VEHICLE IN TRANSPORT,MM 210 7 I 40,NASHVILLE,TN,37210,8202,HERMIT,36.1532,-86.7644,POINT (-86.7644 36.1532)
20190905647,12/18/2019 02:03:00 PM,2,1,0,,N,240985,11,Front to Rear,21,CLEAR,1,DAYLIGHT,12,MOTOR VEHICLE IN TRANSPORT,OLD HICKORY BLVD & WILSON PIKE CIR,NASHVILLE,TN,37220,7111,MIDTOW,36.0375,-86.7858,POINT (-86.7858 36.0375)
20190768093,10/20/2019 12:10:00 PM,2,1,0,,N,256502,11,Front to Rear,21,CLEAR,1,DAYLIGHT,12,MOTOR VEHICLE IN TRANSPORT,I40 E EXT RAMP & I 40,NASHVILLE,TN,37214,8955,HERMIT,36.155,-86.6271,POINT (-86.6271 36.155)
20190827436,11/14/2019 07:42:00 PM,2,0,0,,N,384402,4,ANGLE,21,CLEAR,3,DARK - LIGHTED,12,MOTOR VEHICLE IN TRANSPORT,RANSOM PL & MURFREESBORO PKE,NASHVILLE,TN,37217,8853,SOUTH,36.0694,-86.6409,POINT (-86.6409 36.0694)
20190660304,09/04/2019 05:52:00 PM,2,0,0,,N,212369,4,ANGLE,21,CLEAR,1,DAYLIGHT,12,MOTOR VEHICLE IN TRANSPORT,I65 S EXT RAMP & WEDGEWOOD AV,NASHVILLE,TN,37203,6901,MIDTOW,36.1345,-86.7763,POINT (-86.7763 36.1345)
20190798647,11/02/2019 03:40:00 PM,2,0,0,,N,330445,11,Front to Rear,21,CLEAR,1,DAYLIGHT,12,MOTOR VEHICLE IN TRANSPORT,23RD AVN & ELLISTON PL,NASHVILLE,TN,37203,5615,MIDTOW,36.1501,-86.8055,POINT (-86.8055 36.1501)
20190923148,12/27/2019 07:06:00 AM,2,0,0,,N,110092,4,ANGLE,2,RAIN,1,DAYLIGHT,12,MOTOR VEHICLE IN TRANSPORT,CROSSINGS BLVD & OLD FRANKLIN RD,ANTIOCH,TN,37013,8867,SOUTH,36.0355,-86.6383,POINT (-86.6383 36.0355)
20190742969,10/09/2019 06:48:00 PM,2,2,0,,N,429193,11,Front to Rear,21,CLEAR,2,DARK - NOT LIGHTED,12,MOTOR VEHICLE IN TRANSPORT,OLD HICKORY BLVD & HIGHWAY 100,NASHVILLE,TN,37221,6211,WEST,36.0623,-86.9046,POINT (-86.9046 36.0623)
20190932285,12/31/2019 05:00:00 PM,3,0,0,,N,279224,11,Front to Rear,21,CLEAR,3,DARK - LIGHTED,12,MOTOR VEHICLE IN TRANSPORT,MM 49 3 I 24,NASHVILLE,TN,37206,10040,EAST,36.1629,-86.7614,POINT (-86.7614 36.1629)
20190892449,12/12/2019 06:51:00 PM,1,0,0,Y,N,352186,0,NOT COLLISION W/MOTOR VEHICLE-TRANSPORT,21,CLEAR,2,DARK - NOT LIGHTED,24,GUARDRAIL FACE,US HWY 431 & OLD CLARKSVILLE PIKE,WHITES CREEK,TN,37189,3303,NORTH,36.312,-86.8602,POINT (-86.8602 36.312)
20190855365,11/26/2019 03:42:00 PM,2,1,0,,N,256386,4,ANGLE,22,CLOUDY,1,DAYLIGHT,12,MOTOR VEHICLE IN TRANSPORT,STEWARTS FERRY PKE & I40 E EXT RAMP,NASHVILLE,TN,37214,8955,HERMIT,36.1549,-86.6269,POINT (-86.6269 36.1549)
20190783142,10/27/2019 02:58:00 AM,1,0,0,Y,N,299245,0,NOT COLLISION W/MOTOR VEHICLE-TRANSPORT,21,CLEAR,3,DARK - LIGHTED,30,UTILITY POLE,DICKERSON PKE & EASTMORELAND ST,NASHVILLE,TN,37207,1893,EAST,36.196,-86.772,POINT (-86.772 36.196)
20190903246,12/17/2019 05:25:00 PM,2,1,0,,Y,579971,11,Front to Rear,21,CLEAR,3,DARK - LIGHTED,55,Motor Vehicle-In-Motion Outside Trafficw,MM 56 3 I 24,NASHVILLE,TN,37211,8708,SOUTH,36.0778,-86.6951,POINT (-86.6951 36.0778)
20190609415,08/15/2019 05:53:00 PM,2,0,0,,N,240955,11,Front to Rear,21,CLEAR,1,DAYLIGHT,12,MOTOR VEHICLE IN TRANSPORT,HAMILTON CHURCH RD & HOBSON PKE,ANTIOCH,TN,37013,8905,SOUTH,36.0586,-86.5978,POINT (-86.5978 36.0586)
20190657070,09/03/2019 12:21:00 PM,5,2,0,,N,462474,4,ANGLE,,,1,DAYLIGHT,12,MOTOR VEHICLE IN TRANSPORT,HARDING PL & I65 N EXT RAMP,NASHVILLE,TN,37220,8601,MIDTOW,36.0821,-86.7617,POINT (-86.7617 36.0821)
20190656403,09/03/2019 06:55:00 AM,2,0,0,,N,226622,4,ANGLE,21,CLEAR,1,DAYLIGHT,12;41;42,MOTOR VEHICLE IN TRANSPORT;SHRUBBERY;TREE,CHARLOTTE PKE & WILCLAY DR,NASHVILLE,TN,37209,5025,WEST,36.143,-86.8746,POINT (-86.8746 36.143)
20190630229,08/23/2019 12:39:00 PM,3,0,0,,Y,109534,11,Front to Rear,21,CLEAR,1,DAYLIGHT,12;99,MOTOR VEHICLE IN TRANSPORT;UNKNOWN MOST HARMFUL EVENT,STEWARTS FERRY PKE & I40 E EXT RAMP,NASHVILLE,TN,37214,8955,HERMIT,36.1549,-86.6269,POINT (-86.6269 36.1549)
20190777632,10/24/2019 12:34:00 PM,2,0,0,,N,352198,4,ANGLE,21,CLEAR,1,DAYLIGHT,12,MOTOR VEHICLE IN TRANSPORT,US HWY 31E & ROOSEVELT AVE,MADISON,TN,37115,1709,MADISO,36.2711,-86.7104,POINT (-86.7104 36.2711)
20190863173,11/30/2019 12:10:00 PM,2,0,0,,Y,212345,5,SIDESWIPE - SAME DIRECTION,2,RAIN,1,DAYLIGHT,12,MOTOR VEHICLE IN TRANSPORT,MM 48 0 I 24,NASHVILLE,TN,37213,1908,CENTRA,36.1759,-86.7721,POINT (-86.7721 36.1759)
20190665007,09/06/2019 04:30:00 PM,2,0,0,,N,279224,4,ANGLE,21,CLEAR,1,DAYLIGHT,12,MOTOR VEHICLE IN TRANSPORT,MM 49 6 I 24,NASHVILLE,TN,37210,4008,CENTRA,36.1571,-86.7604,POINT (-86.7604 36.1571)
20190666707,09/07/2019 11:35:00 AM,2,0,0,,N,402660,11,Front to Rear,21,CLEAR,1,DAYLIGHT,12,MOTOR VEHICLE IN TRANSPORT,I40 W EXT RAMP & BRILEY PKWY S EXT RAMP,NASHVILLE,TN,37209,4696,WEST,36.1535,-86.8575,POINT (-86.8575 36.1535)
20190658059,09/03/2019 09:50:00 PM,2,2,0,,N,256389,11,Front to Rear,21,CLEAR,1,DAYLIGHT,12,MOTOR VEHICLE IN TRANSPORT,I40 W ENT RAMP & I40 E ENT RAMP,NASHVILLE,TN,37203,80061,MIDTOW,36.147,-86.7771,POINT (-86.7771 36.147)
20190859670,11/28/2019 02:50:00 PM,2,0,0,,N,352195,11,Front to Rear,21,CLEAR,1,DAYLIGHT,12,MOTOR VEHICLE IN TRANSPORT,MONACO DR & US HWY 70,HERMITAGE,TN,37076,9719,HERMIT,36.2061,-86.6133,POINT (-86.6133 36.2061)
20190882851,12/09/2019 05:49:00 AM,2,0,0,,N,769384,98,OTHER,22,CLOUDY,3,DARK - LIGHTED,12,MOTOR VEHICLE IN TRANSPORT,8TH AVS & LAFAYETTE ST,NASHVILLE,TN,37203,4043,CENTRA,36.1546,-86.7792,POINT (-86.7792 36.1546)
20190583317,08/06/2019 04:00:00 AM,2,3,0,,N,330411,11,Front to Rear,21,CLEAR,3,DARK - LIGHTED,12;36,MOTOR VEHICLE IN TRANSPORT;CONCRETE TRAFFIC BARRIER,MM 40 6 I 24,WHITES CREEK,TN,37189,3226,NORTH,36.276,-86.7989,POINT (-86.7989 36.276)
20190611036,08/16/2019 09:56:00 AM,2,0,0,,N,462474,11,Front to Rear,21,CLEAR,1,DAYLIGHT,12,MOTOR VEHICLE IN TRANSPORT,NOLENSVILLE PKE & THOMPSON LN,NASHVILLE,TN,37211,8425,SOUTH,36.1109,-86.7452,POINT (-86.7452 36.1109)
20190732489,10/04/2019 07:43:00 PM,2,0,0,,N,352166,5,SIDESWIPE - SAME DIRECTION,21,CLEAR,3,DARK - LIGHTED,12,MOTOR VEHICLE IN TRANSPORT,4TH AVS & ELM ST,NASHVILLE,TN,37210,4005,CENTRA,36.1533,-86.7722,POINT (-86.7722 36.1533)
20190624353,08/21/2019 11:34:00 AM,2,1,0,,N,267831,6,SIDESWIPE - OPPOSITE DIRECTION,21,CLEAR,1,DAYLIGHT,12,MOTOR VEHICLE IN TRANSPORT,BOWLING AV & BELLWOOD AV,NASHVILLE,TN,37205,6011,WEST,36.1268,-86.8263,POINT (-86.8263 36.1268)
20190737607,10/07/2019 02:42:00 PM,2,1,0,,N,414711,5,SIDESWIPE - SAME DIRECTION,22,CLOUDY,1,DAYLIGHT,12;14,MOTOR VEHICLE IN TRANSPORT;PARKED MOTOR VEHICLE,ALAMEDA ST & MICHIGAN AV,NASHVILLE,TN,37209,4531,WEST,36.1597,-86.834,POINT (-86.834 36.1597)
20190701584,09/21/2019 10:42:00 PM,1,0,0,,N,330420,0,NOT COLLISION W/MOTOR VEHICLE-TRANSPORT,21,CLEAR,3,DARK - LIGHTED,33;42,CURB;TREE,BELL RD & RAMP,NASHVILLE,TN,37214,8989,HERMIT,36.1124,-86.6304,POINT (-86.6304 36.1124)
20190653170,09/01/2019 07:42:00 PM,2,0,0,,N,197068,4,ANGLE,21,CLEAR,3,DARK - LIGHTED,12,MOTOR VEHICLE IN TRANSPORT,COMMERCE ST & 3RD AVN,NASHVILLE,TN,37201,4103,CENTRA,36.1629,-86.7769,POINT (-86.7769 36.1629)
20190846346,11/22/2019 01:51:00 PM,2,0,0,,N,212330,4,ANGLE,22,CLOUDY,1,DAYLIGHT,12,MOTOR VEHICLE IN TRANSPORT,FOSTER AV & THOMPSON LN,NASHVILLE,TN,37210,8333,SOUTH,36.1119,-86.7429,POINT (-86.7429 36.1119)
20190835275,11/18/2019 08:21:00 AM,2,0,0,,N,414731,11,Front to Rear,21,CLEAR,1,DAYLIGHT,12,MOTOR VEHICLE IN TRANSPORT,STATE HWY 155 & MASHBURN RD,NASHVILLE,TN,37210,8359,SOUTH,36.1098,-86.7314,POINT (-86.7314 36.1098)
20190848101,11/23/2019 09:18:00 AM,1,0,0,Y,N,462474,0,NOT COLLISION W/MOTOR VEHICLE-TRANSPORT,22,CLOUDY,1,DAYLIGHT,43,OTHER FIXED OBJECTS,CLIFTON LN & LEALAND LN,NASHVILLE,TN,37204,7005,MIDTOW,36.1135,-86.7873,POINT (-86.7873 36.1135)
20190832513,11/16/2019 09:50:00 PM,2,0,0,,Y,415780,6,SIDESWIPE - OPPOSITE DIRECTION,21,CLEAR,3,DARK - LIGHTED,12,MOTOR VEHICLE IN TRANSPORT,SHUTE LN & BRANDYWINE POINTE BLVD,OLD HICKORY,TN,37138,9717,HERMIT,36.2305,-86.6061,POINT (-86.6061 36.2305)
20190896254,12/14/2019 10:42:00 AM,2,0,0,,N,384416,11,Front to Rear,22,CLOUDY,1,DAYLIGHT,12,MOTOR VEHICLE IN TRANSPORT,MM 49 1 I 24,NASHVILLE,TN,37206,10040,EAST,36.1647,-86.7634,POINT (-86.7634 36.1647)
20190749345,10/12/2019 10:25:00 AM,1,1,0,Y,N,212318,0,NOT COLLISION W/MOTOR VEHICLE-TRANSPORT,21,CLEAR,1,DAYLIGHT,38,FENCE,MCMURRAY DR & TUSCULUM RD,NASHVILLE,TN,37211,8659,MIDTOW,36.0587,-86.7227,POINT (-86.7227 36.0587)
20190809730,11/07/2019 05:57:00 AM,2,2,0,,N,769384,4,ANGLE,2,RAIN,1,DAYLIGHT,12,MOTOR VEHICLE IN TRANSPORT,4TH AVS & I40 E EXT RAMP,NASHVILLE,TN,37210,8153,SOUTH,36.1505,-86.7704,POINT (-86.7704 36.1505)
20190671372,09/09/2019 04:20:00 PM,2,0,0,,Y,298874,11,Front to Rear,21,CLEAR,1,DAYLIGHT,55,Motor Vehicle-In-Motion Outside Trafficw,700 GALLATIN AV,NASHVILLE,TN,37206,1931,EAST,36.1834,-86.7486,POINT (-86.7486 36.1834)
20190770921,10/21/2019 07:19:00 PM,2,0,0,,N,384421,11,Front to Rear,2,RAIN,3,DARK - LIGHTED,12,MOTOR VEHICLE IN TRANSPORT,MURFREESBORO PKE & MCGAVOCK PKE,NASHVILLE,TN,37217,8841,SOUTH,36.1129,-86.689,POINT (-86.689 36.1129)
20190927584,12/29/2019 01:29:00 PM,2,0,0,,N,320586,5,SIDESWIPE - SAME DIRECTION,2,RAIN,1,DAYLIGHT,12,MOTOR VEHICLE IN TRANSPORT,MM 53 0 I 24,NASHVILLE,TN,37210,8302,SOUTH,36.1189,-86.7264,POINT (-86.7264 36.1189)
20190925270,12/28/2019 07:15:00 AM,1,0,0,,N,834798,0,NOT COLLISION W/MOTOR VEHICLE-TRANSPORT,2,RAIN,1,DAYLIGHT,39,WALL,I65 S ENT RAMP & I 65,NASHVILLE,TN,37207,3007,NORTH,36.2057,-86.778,POINT (-86.778 36.2057)
20190702287,09/22/2019 08:51:00 AM,2,0,0,,N,419983,5,SIDESWIPE - SAME DIRECTION,21,CLEAR,1,DAYLIGHT,12,MOTOR VEHICLE IN TRANSPORT,MM 209 4 I 40,NASHVILLE,TN,37203,40041,CENTRA,36.1519,-86.7866,POINT (-86.7866 36.1519)
20190851623,11/25/2019 05:49:00 AM,2,1,0,,N,256382,6,SIDESWIPE - OPPOSITE DIRECTION,21,CLEAR,1,DAYLIGHT,12,MOTOR VEHICLE IN TRANSPORT,ELM HILL PIKE & MASSMAN DR,NASHVILLE,TN,37210,9037,HERMIT,36.1449,-86.711,POINT (-86.711 36.1449)
20190795854,11/01/2019 10:00:00 AM,1,0,0,,N,544481,0,NOT COLLISION W/MOTOR VEHICLE-TRANSPORT,21,CLEAR,1,DAYLIGHT,50,DEER (ANIMAL),ELLINGTON PKWYS & ELLINGTON PKWYS,NASHVILLE,TN,37206,1992,EAST,36.1934,-86.7529,POINT (-86.7529 36.1934)