Accident Number,Date and Time,Number of Motor Vehicles,Number of Injuries,Number of Fatalities,Property Damage,Hit and Run,Reporting Officer,Collision Type Code,Collision Type Description,Weather Code,Weather Description,Illumination Code,Illumination Description,Harmful Code,Harmful Code Description,Street Address,City,State,ZIP,RPA,Precinct,Latitude,Longitude,Mapped Location
20190676674,09/11/2019 04:56:00 PM,3,1,0,,N,384444,11,Front to Rear,21,CLEAR,1,DAYLIGHT,12,MOTOR VEHICLE IN TRANSPORT,HIGHWAY 100 & WESTHAVEN DR,NASHVILLE,TN,37221,4805,WEST,36.0348,-86.9721,POINT (-86.9721 36.0348)
20190596050,08/10/2019 04:37:00 PM,2,0,0,,N,240960,4,ANGLE,21,CLEAR,1,DAYLIGHT,12,MOTOR VEHICLE IN TRANSPORT,GALLATIN PKE & HOME RD,NASHVILLE,TN,37216,1439,EAST,36.2102,-86.7337,POINT (-86.7337 36.2102)
20190704448,09/23/2019 10:54:00 AM,2,3,0,,N,311804,4,ANGLE,22,CLOUDY,1,DAYLIGHT,12;19,MOTOR VEHICLE IN TRANSPORT;BUILDING,HARRISON ST & 10TH AVN,NASHVILLE,TN,37203,4209,CENTRA,36.1675,-86.7908,POINT (-86.7908 36.1675)
20190760756,10/17/2019 07:29:00 AM,2,0,0,,N,628640,3,REAR-TO-REAR,21,CLEAR,1,DAYLIGHT,12,MOTOR VEHICLE IN TRANSPORT,EAST THOMPSON LN & BRILEY PKWYN,NASHVILLE,TN,37211,8337,SOUTH,36.1095,-86.728,POINT (-86.728 36.1095)
20190908108,12/19/2019 02:47:00 PM,2,1,0,,N,420040,4,ANGLE,21,CLEAR,1,DAYLIGHT,12,MOTOR VEHICLE IN TRANSPORT,15TH AVN & HYNES ST,NASHVILLE,TN,37203,5503,MIDTOW,36.1587,-86.794,POINT (-86.794 36.1587)
20190699568,09/20/2019 10:50:00 PM,2,2,0,Y,N,179603,0,NOT COLLISION W/MOTOR VEHICLE-TRANSPORT,21,CLEAR,3,DARK - LIGHTED,30;40;64;99,UTILITY POLE;MAIL BOX;Ran Off Road-Left;UNKNOWN MOST HARMFUL EVENT,BRICK CHURCH PKE & RICHMOND HILL DR,NASHVILLE,TN,37207,2003,MADISO,36.236,-86.7812,POINT (-86.7812 36.236)
20190842855,11/21/2019 08:10:00 AM,2,2,0,,N,693102,11,Front to Rear,21,CLEAR,1,DAYLIGHT,12,MOTOR VEHICLE IN TRANSPORT,MURFREESBORO PKE & BRILEY PKWY N ENT RAM,NASHVILLE,TN,37217,8831,SOUTH,36.1174,-86.6992,POINT (-86.6992 36.1174)
20190722101,09/30/2019 08:06:00 PM,2,2,0,,N,298867,2,HEAD-ON,21,CLEAR,3,DARK - LIGHTED,12,MOTOR VEHICLE IN TRANSPORT,MAIN ST & MCFERRIN AV,NASHVILLE,TN,37206,1131,EAST,36.1763,-86.7564,POINT (-86.7564 36.1763)
20190928953,12/30/2019 05:42:00 AM,2,0,0,,N,320578,4,ANGLE,21,CLEAR,1,DAYLIGHT,12,MOTOR VEHICLE IN TRANSPORT,ANTIOCH PKE & CHEROKEE HILLS DR,ANTIOCH,TN,37013,8899,SOUTH,36.0796,-86.6848,POINT (-86.6848 36.0796)
20190923965,12/27/2019 02:30:00 PM,2,0,0,,Y,352192,5,SIDESWIPE - SAME DIRECTION,21,CLEAR,1,DAYLIGHT,12,MOTOR VEHICLE IN TRANSPORT,MM 201 4 I 40,NASHVILLE,TN,37209,46027,WEST,36.1343,-86.8953,POINT (-86.8953 36.1343)
20190829662,11/15/2019 05:00:00 PM,1,0,0,,N,240968,0,NOT COLLISION W/MOTOR VEHICLE-TRANSPORT,21,CLEAR,3,DARK - LIGHTED,13;41,MOTOR VEHICLE IN TRANSPORT-OTHER ROADWAY;SHRUBBERY,BELL RD & PRIVATE DR,NASHVILLE,TN,37217,8937,HERMIT,36.0844,-86.6284,POINT (-86.6284 36.0844)
20190834744,11/18/2019 05:03:00 AM,1,0,0,,N,256382,0,NOT COLLISION W/MOTOR VEHICLE-TRANSPORT,21,CLEAR,3,DARK - LIGHTED,50,DEER (ANIMAL),LEBANON PKE & BRILEY PKWY S EXT RAMP,NASHVILLE,TN,37214,9027,HERMIT,36.1682,-86.6899,POINT (-86.6899 36.1682)
20190880124,12/07/2019 05:37:00 PM,2,1,0,,N,298858,4,ANGLE,21,CLEAR,3,DARK - LIGHTED,12,MOTOR VEHICLE IN TRANSPORT,CHARLOTTE AV & GEORGE L DAVIS BLVD,NASHVILLE,TN,37203,4205,CENTRA,36.1612,-86.7927,POINT (-86.7927 36.1612)
20190783817,10/27/2019 01:00:00 PM,2,0,0,,N,909494,11,Front to Rear,22,CLOUDY,1,DAYLIGHT,12,MOTOR VEHICLE IN TRANSPORT,GALLATIN AV & EASTLAND AV,NASHVILLE,TN,37206,1243,EAST,36.1838,-86.7484,POINT (-86.7484 36.1838)
20190721586,09/30/2019 02:58:00 PM,2,0,0,,Y,299241,4,ANGLE,21,CLEAR,1,DAYLIGHT,12,MOTOR VEHICLE IN TRANSPORT,BRYAN ST & 13TH ST,OLD HICKORY,TN,37138,9735,HERMIT,36.2575,-86.6509,POINT (-86.6509 36.2575)
20190791868,10/30/2019 05:10:00 PM,2,2,0,,N,151132,2,HEAD-ON,2,RAIN,1,DAYLIGHT,12,MOTOR VEHICLE IN TRANSPORT,DICKERSON PKE & BELL GRIMES LN,MADISON,TN,37115,2039,MADISO,36.2686,-86.756,POINT (-86.756 36.2686)
20190828553,11/15/2019 05:45:00 AM,2,0,0,,Y,226673,5,SIDESWIPE - SAME DIRECTION,21,CLEAR,9,UNKNOWN,12,MOTOR VEHICLE IN TRANSPORT,MM 51 4 I 24,NASHVILLE,TN,37210,82061,HERMIT,36.1388,-86.7284,POINT (-86.7284 36.1388)
20190734080,10/05/2019 05:35:00 PM,2,0,0,,N,320577,4,ANGLE,21,CLEAR,1,DAYLIGHT,12,MOTOR VEHICLE IN TRANSPORT,NOLENSVILLE PKE & WHEELER AV,NASHVILLE,TN,37211,8511,MIDTOW,36.0957,-86.7374,POINT (-86.7374 36.0957)
20190747463,10/11/2019 01:50:00 PM,2,0,0,,N,571313,11,Front to Rear,22,CLOUDY,1,DAYLIGHT,12,MOTOR VEHICLE IN TRANSPORT,MM 4 2 I 440,NASHVILLE,TN,37204,7012,MIDTOW,36.116,-86.7861,POINT (-86.7861 36.116)
20190815733,11/09/2019 09:19:00 PM,1,0,0,,Y,279225,0,NOT COLLISION W/MOTOR VEHICLE-TRANSPORT,21,CLEAR,3,DARK - LIGHTED,1,,MURFREESBORO PKE & MILLWOOD DR,NASHVILLE,TN,37217,8815,HERMIT,36.1295,-86.7147,POINT (-86.7147 36.1295)
20190872561,12/04/2019 12:00:00 AM,2,0,0,,Y,665896,9,UNKNOWN,99,UNKNOWN,9,UNKNOWN,12;14,MOTOR VEHICLE IN TRANSPORT;PARKED MOTOR VEHICLE,N 2ND ST & DOUGLAS AV,NASHVILLE,TN,37207,1911,EAST,36.1931,-86.7701,POINT (-86.7701 36.1931)
20190918494,12/24/2019 02:58:00 PM,2,0,0,,N,197054,11,Front to Rear,21,CLEAR,1,DAYLIGHT,12,MOTOR VEHICLE IN TRANSPORT,BRILEY PKWYN & BRILEY PKWY,NASHVILLE,TN,37217,8998,HERMIT,36.1369,-86.6993,POINT (-86.6993 36.1369)
20190898914,12/15/2019 09:25:00 PM,2,0,0,,Y,330411,5,SIDESWIPE - SAME DIRECTION,2,RAIN,2,DARK - NOT LIGHTED,12,MOTOR VEHICLE IN TRANSPORT,MM 34 3 I 24,JOELTON,TN,37080,2304,NORTH,36.3259,-86.8794,POINT (-86.8794 36.3259)
20190726947,10/02/2019 03:20:00 PM,2,0,0,,N,909486,4,ANGLE,21,CLEAR,1,DAYLIGHT,12,MOTOR VEHICLE IN TRANSPORT,HARDING PL & OVERCREST DR,NASHVILLE,TN,37211,8609,MIDTOW,36.0772,-86.7336,POINT (-86.7336 36.0772)
20190583818,08/06/2019 08:30:00 AM,2,0,0,,N,352163,11,Front to Rear,21,CLEAR,1,DAYLIGHT,12,MOTOR VEHICLE IN TRANSPORT,MM 212 1 I 40,NASHVILLE,TN,37210,90041,HERMIT,36.1463,-86.7422,POINT (-86.7422 36.1463)
20190849945,11/24/2019 08:27:00 AM,2,0,0,,N,525538,4,ANGLE,21,CLEAR,1,DAYLIGHT,12,MOTOR VEHICLE IN TRANSPORT,CHURCH ST & 14TH AVN,NASHVILLE,TN,37203,5517,MIDTOW,36.1579,-86.7916,POINT (-86.7916 36.1579)
20190682235,09/13/2019 06:35:00 PM,2,1,0,,N,717341,2,HEAD-ON,21,CLEAR,1,DAYLIGHT,12,MOTOR VEHICLE IN TRANSPORT,MURFREESBORO PKE & FOREST VIEW DR,ANTIOCH,TN,37013,8865,SOUTH,36.0674,-86.6313,POINT (-86.6313 36.0674)
20190867512,12/02/2019 04:52:00 PM,2,0,0,,N,834813,4,ANGLE,22,CLOUDY,5,DUSK,12,MOTOR VEHICLE IN TRANSPORT,831 YOUNGS LN,NASHVILLE,TN,37207,3013,NORTH,36.2048,-86.8009,POINT (-86.8009 36.2048)
20190860105,11/28/2019 09:22:00 PM,1,0,0,Y,N,429193,0,NOT COLLISION W/MOTOR VEHICLE-TRANSPORT,2,RAIN,2,DARK - NOT LIGHTED,24;36,GUARDRAIL FACE;CONCRETE TRAFFIC BARRIER,MM 200 6 I 40,NASHVILLE,TN,37209,4708,WEST,36.1261,-86.904,POINT (-86.904 36.1261)
20190758161,10/16/2019 06:22:00 AM,2,0,0,,N,191578,4,ANGLE,21,CLEAR,2,DARK - NOT LIGHTED,12,MOTOR VEHICLE IN TRANSPORT,OLD HICKORY BLVD & I40 E ENT RAMP,HERMITAGE,TN,37076,9543,HERMIT,36.1696,-86.601,POINT (-86.601 36.1696)
20190925061,12/28/2019 12:00:00 AM,1,0,0,,Y,352189,9,UNKNOWN,5,FOG,2,DARK - NOT LIGHTED,99,UNKNOWN MOST HARMFUL EVENT,RIVER ROAD PKE & INDIAN CREEK RD,NASHVILLE,TN,37209,4707,WEST,36.1387,-86.9512,POINT (-86.9512 36.1387)
20190793514,10/31/2019 10:07:00 AM,2,0,0,,Y,419997,4,ANGLE,2,RAIN,1,DAYLIGHT,12,MOTOR VEHICLE IN TRANSPORT,RIVER RD & US HWY 70,NASHVILLE,TN,37209,4701,WEST,36.1286,-86.9081,POINT (-86.9081 36.1286)
20190705245,09/23/2019 04:16:00 PM,2,0,0,,Y,507813,6,SIDESWIPE - OPPOSITE DIRECTION,21,CLEAR,1,DAYLIGHT,12,MOTOR VEHICLE IN TRANSPORT,GLENROSE AV & OLD GLENROSE AV,NASHVILLE,TN,37210,8355,SOUTH,36.1195,-86.7302,POINT (-86.7302 36.1195)
20190700483,09/21/2019 11:22:00 AM,2,2,0,,N,620061,98,OTHER,21,CLEAR,1,DAYLIGHT,12,MOTOR VEHICLE IN TRANSPORT,HICKORY HOLLOW TER & BELL RD,ANTIOCH,TN,37013,8861,SOUTH,36.0508,-86.647,POINT (-86.647 36.0508)
20190907522,12/19/2019 09:18:00 AM,2,0,0,,N,474557,4,ANGLE,21,CLEAR,1,DAYLIGHT,12,MOTOR VEHICLE IN TRANSPORT,JOYNER AV & NOLENSVILLE PKE,NASHVILLE,TN,37210,8317,SOUTH,36.1165,-86.7481,POINT (-86.7481 36.1165)
20190701236,09/21/2019 08:12:00 PM,1,0,0,,N,330444,0,NOT COLLISION W/MOTOR VEHICLE-TRANSPORT,21,CLEAR,3,DARK - LIGHTED,8,PEDESTRIAN,CHURCH ST & 19TH AVE N,NASHVILLE,TN,37203,5523,MIDTOW,36.1544,-86.7987,POINT (-86.7987 36.1544)
20190587196,08/07/2019 12:55:00 PM,2,3,0,,N,716886,11,Front to Rear,21,CLEAR,1,DAYLIGHT,12,MOTOR VEHICLE IN TRANSPORT,MURFREESBORO PKE & MT VIEW RD,ANTIOCH,TN,37013,8865,SOUTH,36.0543,-86.6186,POINT (-86.6186 36.0543)
20190884675,12/09/2019 08:48:00 PM,2,0,0,,N,352204,11,Front to Rear,2,RAIN,3,DARK - LIGHTED,12,MOTOR VEHICLE IN TRANSPORT,MM 201 0 I 40,NASHVILLE,TN,37209,4708,WEST,36.1301,-86.8994,POINT (-86.8994 36.1301)
20190810757,11/07/2019 03:40:00 PM,2,0,0,,N,320577,4,ANGLE,2,RAIN,1,DAYLIGHT,12,MOTOR VEHICLE IN TRANSPORT,ARMORY DR & ARMORY OAKS DR,NASHVILLE,TN,37204,8527,MIDTOW,36.1024,-86.7592,POINT (-86.7592 36.1024)
20190840312,11/20/2019 07:45:00 AM,2,0,0,,N,337277,4,ANGLE,21,CLEAR,1,DAYLIGHT,12,MOTOR VEHICLE IN TRANSPORT,CHARLOTTE AV & 18TH AVN,NASHVILLE,TN,37203,5505,MIDTOW,36.1581,-86.7999,POINT (-86.7999 36.1581)
20190601895,08/13/2019 01:55:00 AM,1,0,0,,N,330416,0,NOT COLLISION W/MOTOR VEHICLE-TRANSPORT,21,CLEAR,3,DARK - LIGHTED,72,EMBANKMENT ROCK/STONE/CONCRETE,MM 94 2 I 65,GOODLETTSVILLE,TN,37072,17061,MADISO,36.2904,-86.723,POINT (-86.723 36.2904)
20190827136,11/14/2019 04:10:00 PM,2,0,0,,N,279214,4,ANGLE,21,CLEAR,1,DAYLIGHT,12,MOTOR VEHICLE IN TRANSPORT,GRANNY WHITE PKE & CALDWELL LN,NASHVILLE,TN,37204,7021,MIDTOW,36.1066,-86.7948,POINT (-86.7948 36.1066)
20190785291,10/28/2019 06:53:00 AM,3,5,1,,N,591933,4,ANGLE,21,CLEAR,1,DAYLIGHT,1;12,MOTOR VEHICLE IN TRANSPORT,HAMILTON CHURCH RD & MURFREESBORO PKE,ANTIOCH,TN,37013,8865,SOUTH,36.0645,-86.6288,POINT (-86.6288 36.0645)
20190698271,09/20/2019 11:58:00 AM,2,0,0,,N,191578,5,SIDESWIPE - SAME DIRECTION,21,CLEAR,1,DAYLIGHT,12,MOTOR VEHICLE IN TRANSPORT,MURFREESBORO PKE & SWEENEY AV,NASHVILLE,TN,37217,8849,SOUTH,36.0954,-86.6545,POINT (-86.6545 36.0954)
20190640507,08/27/2019 07:26:00 PM,3,2,0,,N,352161,11,Front to Rear,21,CLEAR,3,DARK - LIGHTED,12,MOTOR VEHICLE IN TRANSPORT,LEBANON PKE & FAIRWAY DR,NASHVILLE,TN,37214,9109,HERMIT,36.1691,-86.6824,POINT (-86.6824 36.1691)
20190835540,11/18/2019 11:21:00 AM,2,0,0,,N,525538,4,ANGLE,21,CLEAR,1,DAYLIGHT,12,MOTOR VEHICLE IN TRANSPORT,18TH AVN & STATE ST,NASHVILLE,TN,37203,5513,MIDTOW,36.156,-86.7983,POINT (-86.7983 36.156)
20190877607,12/06/2019 12:13:00 PM,2,0,0,,N,665896,5,SIDESWIPE - SAME DIRECTION,22,CLOUDY,1,DAYLIGHT,12;14,MOTOR VEHICLE IN TRANSPORT;PARKED MOTOR VEHICLE,SHELTON AV & GALLATIN PKE,NASHVILLE,TN,37216,1439,EAST,36.2098,-86.7339,POINT (-86.7339 36.2098)
20190693775,09/18/2019 05:47:00 PM,1,0,0,Y,N,151132,0,NOT COLLISION W/MOTOR VEHICLE-TRANSPORT,21,CLEAR,1,DAYLIGHT,19,BUILDING,ANDERSON LN & MYATT DR,MADISON,TN,37115,1713,MADISO,36.2721,-86.689,POINT (-86.689 36.2721)
20190716213,09/27/2019 12:00:00 AM,1,0,0,,Y,320580,9,UNKNOWN,21,CLEAR,3,DARK - LIGHTED,99,UNKNOWN MOST HARMFUL EVENT,LEBANON PKE & SPENCE LN,NASHVILLE,TN,37210,9019,HERMIT,36.1537,-86.7214,POINT (-86.7214 36.1537)
20190747558,10/11/2019 12:00:00 AM,2,0,0,,N,298877,5,SIDESWIPE - SAME DIRECTION,21,CLEAR,1,DAYLIGHT,12,MOTOR VEHICLE IN TRANSPORT,ANTIOCH PKE & HARDING PL,NASHVILLE,TN,37211,8847,SOUTH,36.0874,-86.6922,POINT (-86.6922 36.0874)
20190838457,11/19/2019 02:50:00 PM,3,0,0,,N,279214,11,Front to Rear,21,CLEAR,1,DAYLIGHT,12,MOTOR VEHICLE IN TRANSPORT,BRIGHTWOOD AV & LOMBARDY AV,NASHVILLE,TN,37215,6419,MIDTOW,36.1177,-86.8012,POINT (-86.8012 36.1177)
20190632684,08/24/2019 11:48:00 AM,2,0,0,,Y,462474,11,Front to Rear,22,CLOUDY,1,DAYLIGHT,12,MOTOR VEHICLE IN TRANSPORT,OLD HICKORY BLVD & I65 S ENT RAMP,NASHVILLE,TN,37220,7111,MIDTOW,36.0376,-86.7851,POINT (-86.7851 36.0376)
20190637601,08/26/2019 04:09:00 PM,2,3,0,,Y,330440,4,ANGLE,21,CLEAR,1,DAYLIGHT,12,MOTOR VEHICLE IN TRANSPORT,15TH AVN & CASS ST,NASHVILLE,TN,37208,4491,NORTH,36.185,-86.8104,POINT (-86.8104 36.185)
20190848767,11/23/2019 05:49:00 PM,2,0,0,,N,352202,5,SIDESWIPE - SAME DIRECTION,21,CLEAR,3,DARK - LIGHTED,12,MOTOR VEHICLE IN TRANSPORT,8TH AVS & LAFAYETTE ST,NASHVILLE,TN,37203,4043,CENTRA,36.1546,-86.7792,POINT (-86.7792 36.1546)
20190726567,10/02/2019 01:50:00 PM,2,1,0,,N,420035,4,ANGLE,21,CLEAR,1,DAYLIGHT,12,MOTOR VEHICLE IN TRANSPORT,WOODRUFF ST & DOUGLAS ST,MADISON,TN,37115,1781,MADISO,36.2605,-86.7156,POINT (-86.7156 36.2605)
20190908483,12/19/2019 05:30:00 PM,2,1,0,,N,256394,4,ANGLE,22,CLOUDY,2,DARK - NOT LIGHTED,12,MOTOR VEHICLE IN TRANSPORT,DONELSON PKE & I40 E ENT RAMP,NASHVILLE,TN,37214,8953,HERMIT,36.1396,-86.6662,POINT (-86.6662 36.1396)
20190630377,08/23/2019 01:18:00 PM,2,0,0,,Y,571313,5,SIDESWIPE - SAME DIRECTION,22,CLOUDY,1,DAYLIGHT,12,MOTOR VEHICLE IN TRANSPORT,US HWY 31 ALT & EXIT 6,NASHVILLE,TN,37211,8043,MIDTOW,36.1243,-86.7518,POINT (-86.7518 36.1243)
20190690270,09/17/2019 12:15:00 PM,2,1,0,,Y,109534,4,ANGLE,21,CLEAR,1,DAYLIGHT,1;12;17,MOTOR VEHICLE IN TRANSPORT;BOULDER,BELL RD & ELM HILL PKE,NASHVILLE,TN,37214,8995,HERMIT,36.1411,-86.628,POINT (-86.628 36.1411)
20190871914,12/04/2019 08:04:00 AM,2,0,0,,N,109534,4,ANGLE,21,CLEAR,1,DAYLIGHT,12,MOTOR VEHICLE IN TRANSPORT,OLD HICKORY BLVD & MILLS RD,HERMITAGE,TN,37076,9527,HERMIT,36.1695,-86.6011,POINT (-86.6011 36.1695)
20190762942,10/18/2019 02:00:00 AM,2,0,0,,N,330419,11,Front to Rear,21,CLEAR,3,DARK - LIGHTED,12,MOTOR VEHICLE IN TRANSPORT,GALLATIN PKES & NEELYS BEND RD,MADISON,TN,37115,1605,MADISO,36.2566,-86.7142,POINT (-86.7142 36.2566)
20190777238,10/24/2019 09:44:00 AM,2,0,0,,N,134899,0,NOT COLLISION W/MOTOR VEHICLE-TRANSPORT,21,CLEAR,1,DAYLIGHT,50,DEER (ANIMAL),TULIP GROVE RD & CENTRAL PKE,HERMITAGE,TN,37076,9557,HERMIT,36.1725,-86.5951,POINT (-86.5951 36.1725)
20190768629,10/20/2019 07:08:00 PM,2,0,0,,Y,384444,5,SIDESWIPE - SAME DIRECTION,21,CLEAR,2,DARK - NOT LIGHTED,12,MOTOR VEHICLE IN TRANSPORT,POPLAR CREEK RD & SOMERSET PL,NASHVILLE,TN,37221,4811,WEST,36.0566,-86.9705,POINT (-86.9705 36.0566)
20190773069,10/22/2019 04:40:00 PM,2,0,0,,N,226673,11,Front to Rear,21,CLEAR,1,DAYLIGHT,12,MOTOR VEHICLE IN TRANSPORT,LEWIS ST & LAFAYETTE ST,NASHVILLE,TN,37210,8145,SOUTH,36.1083,-86.7324,POINT (-86.7324 36.1083)
20190819699,11/11/2019 06:37:00 PM,2,2,0,,N,299266,11,Front to Rear,2,RAIN,2,DARK - NOT LIGHTED,12,MOTOR VEHICLE IN TRANSPORT,MM 58 6 I 24,ANTIOCH,TN,37013,8808,SOUTH,36.0518,-86.67,POINT (-86.67 36.0518)
20190740017,10/08/2019 02:40:00 PM,2,0,0,,N,352161,11,Front to Rear,21,CLEAR,1,DAYLIGHT,12,MOTOR VEHICLE IN TRANSPORT,MM 87 1 I 65,NASHVILLE,TN,37207,18020,EAST,36.2041,-86.7765,POINT (-86.7765 36.2041)
20190826961,11/14/2019 03:20:00 PM,2,2,0,,Y,330413,11,Front to Rear,21,CLEAR,1,DAYLIGHT,12,MOTOR VEHICLE IN TRANSPORT,US HWY 31 ALT & EXIT 6,NASHVILLE,TN,37211,8043,MIDTOW,36.1243,-86.7518,POINT (-86.7518 36.1243)
20190726520,10/02/2019 01:08:00 PM,2,0,0,,N,279230,5,SIDESWIPE - SAME DIRECTION,21,CLEAR,1,DAYLIGHT,12,MOTOR VEHICLE IN TRANSPORT,MM 59 1 I 24,ANTIOCH,TN,37013,87061,SOUTH,36.0478,-86.6634,POINT (-86.6634 36.0478)
20190727106,10/02/2019 07:07:00 PM,3,4,0,Y,Y,384448,4,ANGLE,21,CLEAR,3,DARK - LIGHTED,12;19,MOTOR VEHICLE IN TRANSPORT;BUILDING,DICKERSON PKE & FERN AV,NASHVILLE,TN,37207,1893,EAST,36.1954,-86.7722,POINT (-86.7722 36.1954)
20190644196,08/29/2019 06:51:00 AM,2,0,0,,N,279122,4,ANGLE,21,CLEAR,1,DAYLIGHT,12,MOTOR VEHICLE IN TRANSPORT,CLARKSVILLE PKE & OLD CLARKSVILLE PKE,JOELTON,TN,37080,3317,NORTH,36.3191,-86.8922,POINT (-86.8922 36.3191)
20190650086,08/31/2019 12:00:00 AM,2,0,0,,Y,834798,5,SIDESWIPE - SAME DIRECTION,21,CLEAR,1,DAYLIGHT,12,MOTOR VEHICLE IN TRANSPORT,I65 S ENT RAMP & I 40,NASHVILLE,TN,37203,4006,CENTRA,36.1491,-86.7753,POINT (-86.7753 36.1491)
20190672967,09/10/2019 10:00:00 AM,2,0,0,,N,352207,4,ANGLE,21,CLEAR,1,DAYLIGHT,12,MOTOR VEHICLE IN TRANSPORT,22ND AVN & STATE ST,NASHVILLE,TN,37203,5613,MIDTOW,36.1522,-86.8041,POINT (-86.8041 36.1522)
20190733640,10/05/2019 12:06:00 PM,2,0,0,,N,462474,5,SIDESWIPE - SAME DIRECTION,21,CLEAR,1,DAYLIGHT,12,MOTOR VEHICLE IN TRANSPORT,TYNE BLVD & OVERTON LEA RD,NASHVILLE,TN,37220,7109,MIDTOW,36.0783,-86.7849,POINT (-86.7849 36.0783)
20190621981,08/20/2019 02:15:00 PM,2,0,0,,Y,717341,4,ANGLE,21,CLEAR,1,DAYLIGHT,14,PARKED MOTOR VEHICLE,FOSTER AV & TPS COMPLEX PVTDR,NASHVILLE,TN,37210,8113,SOUTH,36.1305,-86.7418,POINT (-86.7418 36.1305)
20190812337,11/08/2019 07:45:00 AM,2,0,0,Y,N,384436,4,ANGLE,21,CLEAR,1,DAYLIGHT,12,MOTOR VEHICLE IN TRANSPORT,4TH AVS & CHESTNUT ST,NASHVILLE,TN,37210,8169,SOUTH,36.1449,-86.7667,POINT (-86.7667 36.1449)
20190903504,12/17/2019 05:35:00 PM,2,0,0,,N,256389,11,Front to Rear,21,CLEAR,1,DAYLIGHT,12,MOTOR VEHICLE IN TRANSPORT,EDMONDSON PKE & WALLACE RD,NASHVILLE,TN,37211,8661,MIDTOW,36.0771,-86.7256,POINT (-86.7256 36.0771)
20190772042,10/22/2019 08:12:00 AM,2,2,0,,N,226622,4,ANGLE,21,CLEAR,1,DAYLIGHT,12,MOTOR VEHICLE IN TRANSPORT,CHARLOTTE AV & ROSA L PARKS BLVD,NASHVILLE,TN,37203,4147,CENTRA,36.1634,-86.7876,POINT (-86.7876 36.1634)
20190791660,10/30/2019 02:41:00 PM,2,0,0,,N,134899,4,ANGLE,2,RAIN,1,DAYLIGHT,12,MOTOR VEHICLE IN TRANSPORT,LEBANON PKE & GRAYLYNN DR,NASHVILLE,TN,37214,9113,HERMIT,36.1699,-86.6744,POINT (-86.6744 36.1699)
20190696652,09/19/2019 07:56:00 PM,2,0,0,,N,717341,4,ANGLE,21,CLEAR,3,DARK - LIGHTED,12,MOTOR VEHICLE IN TRANSPORT,MURFREESBORO PKE & FOREST VIEW DR,ANTIOCH,TN,37013,8865,SOUTH,36.0674,-86.6313,POINT (-86.6313 36.0674)
20190915822,12/23/2019 10:12:00 AM,1,0,0,,N,320586,0,NOT COLLISION W/MOTOR VEHICLE-TRANSPORT,21,CLEAR,1,DAYLIGHT,36,CONCRETE TRAFFIC BARRIER,MM 6 9 I 440,NASHVILLE,TN,37210,81040,SOUTH,36.1245,-86.7391,POINT (-86.7391 36.1245)
20190931765,12/31/2019 12:03:00 PM,2,0,0,,N,191578,5,SIDESWIPE - SAME DIRECTION,21,CLEAR,1,DAYLIGHT,12,MOTOR VEHICLE IN TRANSPORT,ELM HILL PKE & FESSLERS LN,NASHVILLE,TN,37210,8217,HERMIT,36.1447,-86.744,POINT (-86.744 36.1447)
20190875170,12/05/2019 01:35:00 PM,1,0,0,Y,Y,151132,0,NOT COLLISION W/MOTOR VEHICLE-TRANSPORT,21,CLEAR,1,DAYLIGHT,18,OTHER OBJECT (NOT FIXED),MM 39 4 I 24,WHITES CREEK,TN,37189,3314,NORTH,36.2912,-86.8102,POINT (-86.8102 36.2912)
20190642368,08/28/2019 12:30:00 PM,2,0,0,,N,676834,5,SIDESWIPE - SAME DIRECTION,21,CLEAR,1,DAYLIGHT,12,MOTOR VEHICLE IN TRANSPORT,HUME ST & 7TH AVN,NASHVILLE,TN,37208,4333,NORTH,36.1796,-86.7936,POINT (-86.7936 36.1796)
20190686978,09/16/2019 05:34:00 AM,2,0,0,,N,311343,4,ANGLE,21,CLEAR,3,DARK - LIGHTED,12,MOTOR VEHICLE IN TRANSPORT,WOODMONT BLVD & GRANNY WHITE PKE,NASHVILLE,TN,37204,7007,MIDTOW,36.1116,-86.7926,POINT (-86.7926 36.1116)
20190688337,09/16/2019 05:26:00 PM,2,0,0,,N,298863,11,Front to Rear,21,CLEAR,1,DAYLIGHT,12,MOTOR VEHICLE IN TRANSPORT,MM 209 0 I 40,NASHVILLE,TN,37203,4104,CENTRA,36.1574,-86.7903,POINT (-86.7903 36.1574)
20190633217,08/24/2019 04:00:00 PM,2,0,0,,Y,256441,0,NOT COLLISION W/MOTOR VEHICLE-TRANSPORT,21,CLEAR,1,DAYLIGHT,16,THROWN OR FALLING OBJECT,OLD HICKORY BLVD & BRENTWOOD EAST DR,NASHVILLE,TN,37211,8651,MIDTOW,36.0452,-86.7154,POINT (-86.7154 36.0452)
20190618161,08/19/2019 08:39:00 AM,2,0,0,,N,716886,4,ANGLE,21,CLEAR,1,DAYLIGHT,12,MOTOR VEHICLE IN TRANSPORT,HARDING PL & ANTIOCH PKE,NASHVILLE,TN,37211,8847,SOUTH,36.0875,-86.6921,POINT (-86.6921 36.0875)
20190622295,08/20/2019 05:06:00 PM,2,0,0,,N,267831,6,SIDESWIPE - OPPOSITE DIRECTION,21,CLEAR,1,DAYLIGHT,12;14,MOTOR VEHICLE IN TRANSPORT;PARKED MOTOR VEHICLE,NEW YORK AV & OHIO AV,NASHVILLE,TN,37209,4617,WEST,36.166,-86.8587,POINT (-86.8587 36.166)
20190887395,12/10/2019 09:43:00 PM,1,1,0,Y,N,240983,0,NOT COLLISION W/MOTOR VEHICLE-TRANSPORT,22,CLOUDY,2,DARK - NOT LIGHTED,1;64;68,Ran Off Road-Left;Cross Center Line,FRANKLIN LIMESTONE RD & ANTIOCH PKE,ANTIOCH,TN,37013,8899,SOUTH,36.0808,-86.6845,POINT (-86.6845 36.0808)