Accident Number,Date and Time,Number of Motor Vehicles,Number of Injuries,Number of Fatalities,Property Damage,Hit and Run,Reporting Officer,Collision Type Code,Collision Type Description,Weather Code,Weather Description,Illumination Code,Illumination Description,Harmful Code,Harmful Code Description,Street Address,City,State,ZIP,RPA,Precinct,Latitude,Longitude,Mapped Location
20190683694,09/14/2019 10:24:00 AM,3,2,0,,N,320586,5,SIDESWIPE - SAME DIRECTION,21,CLEAR,1,DAYLIGHT,12,MOTOR VEHICLE IN TRANSPORT,MM 54 0 I 24,NASHVILLE,TN,37211,88122,SOUTH,36.1064,-86.7188,POINT (-86.7188 36.1064)
20190919841,12/25/2019 11:41:00 AM,2,1,0,Y,Y,320586,4,ANGLE,21,CLEAR,1,DAYLIGHT,12,MOTOR VEHICLE IN TRANSPORT,WINTHORNE DR & GLENGARRY DR,NASHVILLE,TN,37217,8811,SOUTH,36.1188,-86.7044,POINT (-86.7044 36.1188)
20190627896,08/22/2019 04:50:00 PM,4,0,0,,Y,717341,11,Front to Rear,2,RAIN,1,DAYLIGHT,12,MOTOR VEHICLE IN TRANSPORT,MM 59 0 I 24,ANTIOCH,TN,37013,8808,SOUTH,36.049,-86.6651,POINT (-86.6651 36.049)
20190802010,11/04/2019 08:03:00 AM,2,0,0,,N,311325,4,ANGLE,21,CLEAR,1,DAYLIGHT,12,MOTOR VEHICLE IN TRANSPORT,US HWY 70 & EDDINGS LN,NASHVILLE,TN,37214,9311,HERMIT,36.1674,-86.6625,POINT (-86.6625 36.1674)
20190667907,09/07/2019 10:29:00 PM,2,0,0,,Y,352170,11,Front to Rear,21,CLEAR,3,DARK - LIGHTED,14,PARKED MOTOR VEHICLE,PIN HOOK RD & GROVEDALE TRC,ANTIOCH,TN,37013,8927,SOUTH,36.05,-86.606,POINT (-86.606 36.05)
20190894299,12/13/2019 01:02:00 PM,2,0,0,,N,137872,5,SIDESWIPE - SAME DIRECTION,2,RAIN,1,DAYLIGHT,12,MOTOR VEHICLE IN TRANSPORT,I40 E ENT RAMP & I 40,NASHVILLE,TN,37205,4903,WEST,36.1109,-86.922,POINT (-86.922 36.1109)
20190657042,09/03/2019 12:00:00 PM,2,0,0,,N,226622,4,ANGLE,21,CLEAR,1,DAYLIGHT,12,MOTOR VEHICLE IN TRANSPORT,WHITE BRIDGE PKE & CHARLOTTE PKE,NASHVILLE,TN,37209,5033,WEST,36.1494,-86.8579,POINT (-86.8579 36.1494)
20190673547,09/10/2019 12:00:00 AM,2,1,0,,N,633389,11,Front to Rear,21,CLEAR,1,DAYLIGHT,12,MOTOR VEHICLE IN TRANSPORT,7277 OLD HICKORY BLVD,WHITES CREEK,TN,37189,3303,NORTH,36.2749,-86.8187,POINT (-86.8187 36.2749)
20190673727,09/10/2019 03:42:00 PM,2,0,0,,N,151132,11,Front to Rear,22,CLOUDY,1,DAYLIGHT,12,MOTOR VEHICLE IN TRANSPORT,MYATT DR & MYATT CENTER LN,MADISON,TN,37115,1715,MADISO,36.2468,-86.6694,POINT (-86.6694 36.2468)
20190686093,09/15/2019 04:37:00 PM,2,0,0,,N,330445,4,ANGLE,21,CLEAR,1,DAYLIGHT,12,MOTOR VEHICLE IN TRANSPORT,HARDING PL & TROUSDALE DR,NASHVILLE,TN,37220,8601,MIDTOW,36.0811,-86.7584,POINT (-86.7584 36.0811)
20190586514,08/07/2019 07:45:00 AM,2,0,0,,Y,676834,11,Front to Rear,21,CLEAR,1,DAYLIGHT,12,MOTOR VEHICLE IN TRANSPORT,MM 87 9 I 65,NASHVILLE,TN,37207,30041,NORTH,36.2151,-86.7754,POINT (-86.7754 36.2151)
20190885268,12/10/2019 03:10:00 AM,1,0,0,,N,191786,0,NOT COLLISION W/MOTOR VEHICLE-TRANSPORT,21,CLEAR,3,DARK - LIGHTED,24,GUARDRAIL FACE,MM 207 7 I 40,NASHVILLE,TN,37208,54021,NORTH,36.1729,-86.8012,POINT (-86.8012 36.1729)
20190850472,11/24/2019 03:18:00 PM,1,1,0,,N,197068,0,NOT COLLISION W/MOTOR VEHICLE-TRANSPORT,21,CLEAR,1,DAYLIGHT,37,Other Traffic Barrier,I40 W EXT RAMP & I 40,NASHVILLE,TN,37203,4119,CENTRA,36.1574,-86.79,POINT (-86.79 36.1574)
20190666280,09/07/2019 03:25:00 AM,2,0,0,,Y,298871,5,SIDESWIPE - SAME DIRECTION,21,CLEAR,3,DARK - LIGHTED,14,PARKED MOTOR VEHICLE,BROADWAY & 19TH AVS,NASHVILLE,TN,37203,5705,MIDTOW,36.1511,-86.7964,POINT (-86.7964 36.1511)
20190836270,11/18/2019 05:20:00 PM,2,0,0,,Y,717341,5,SIDESWIPE - SAME DIRECTION,21,CLEAR,5,DUSK,12,MOTOR VEHICLE IN TRANSPORT,MM 56 6 I 24,NASHVILLE,TN,37211,8810,SOUTH,36.0742,-86.6927,POINT (-86.6927 36.0742)
20190662479,09/05/2019 04:01:00 PM,2,0,0,,N,714641,11,Front to Rear,21,CLEAR,1,DAYLIGHT,12,MOTOR VEHICLE IN TRANSPORT,SPRING ST & COWAN ST,NASHVILLE,TN,37207,1955,CENTRA,36.1769,-86.7762,POINT (-86.7762 36.1769)
20190753194,10/14/2019 08:13:00 AM,2,0,0,,N,225773,11,Front to Rear,21,CLEAR,1,DAYLIGHT,12,MOTOR VEHICLE IN TRANSPORT,HARDING PL & I65 N ENT RAMP,NASHVILLE,TN,37204,8529,MIDTOW,36.0825,-86.7631,POINT (-86.7631 36.0825)
20190605137,08/14/2019 12:00:00 AM,1,0,0,Y,Y,256377,0,NOT COLLISION W/MOTOR VEHICLE-TRANSPORT,21,CLEAR,3,DARK - LIGHTED,25,GUARDRAIL END,MM 217 4 I 40,NASHVILLE,TN,37214,9404,HERMIT,36.143,-86.6504,POINT (-86.6504 36.143)
20190777950,10/24/2019 03:30:00 PM,2,1,0,,N,352173,11,Front to Rear,21,CLEAR,1,DAYLIGHT,12,MOTOR VEHICLE IN TRANSPORT,OLD HICKORY BLVDW & HERITAGE DR,MADISON,TN,37115,1749,MADISO,36.2641,-86.7242,POINT (-86.7242 36.2641)
20190586650,08/07/2019 08:58:00 AM,2,2,0,,N,191578,4,ANGLE,21,CLEAR,1,DAYLIGHT,12,MOTOR VEHICLE IN TRANSPORT,ELM HILL PKE & ERMAC DR,NASHVILLE,TN,37214,9101,HERMIT,36.1534,-86.6867,POINT (-86.6867 36.1534)
20190808009,11/06/2019 12:31:00 PM,2,0,0,,N,179602,5,SIDESWIPE - SAME DIRECTION,21,CLEAR,1,DAYLIGHT,12,MOTOR VEHICLE IN TRANSPORT,CHARLOTTE AV & 14TH AVN,NASHVILLE,TN,37203,5501,MIDTOW,36.1606,-86.7941,POINT (-86.7941 36.1606)
20190740010,10/08/2019 02:45:00 PM,2,0,0,,N,717341,4,ANGLE,21,CLEAR,1,DAYLIGHT,12,MOTOR VEHICLE IN TRANSPORT,BELL RD & BEECHWOOD TER,ANTIOCH,TN,37013,8753,SOUTH,36.0449,-86.6684,POINT (-86.6684 36.0449)
20190593593,08/09/2019 12:00:00 AM,2,0,0,,Y,298877,16,Rear to Side,21,CLEAR,1,DAYLIGHT,12,MOTOR VEHICLE IN TRANSPORT,BLUE SPRING DR & TAMPA DR,NASHVILLE,TN,37211,8419,SOUTH,36.0867,-86.7133,POINT (-86.7133 36.0867)
20190614353,08/17/2019 06:23:00 PM,2,1,0,,N,298868,6,SIDESWIPE - OPPOSITE DIRECTION,21,CLEAR,1,DAYLIGHT,12,MOTOR VEHICLE IN TRANSPORT,CHARLOTTE AV & SR,NASHVILLE,TN,37209,5031,WEST,36.1496,-86.8604,POINT (-86.8604 36.1496)
20190830407,11/16/2019 12:25:00 AM,2,0,0,,Y,330441,4,ANGLE,21,CLEAR,3,DARK - LIGHTED,12,MOTOR VEHICLE IN TRANSPORT,HARDING PL & I65 S ENT RAMP,NASHVILLE,TN,37220,7101,MIDTOW,36.0827,-86.7651,POINT (-86.7651 36.0827)
20190819522,11/11/2019 04:10:00 PM,2,1,0,,N,279116,11,Front to Rear,2,RAIN,5,DUSK,12,MOTOR VEHICLE IN TRANSPORT,HILLSBORO PKE & GREEN HILLS VILLAGE DR,NASHVILLE,TN,37215,6411,MIDTOW,36.107,-86.8132,POINT (-86.8132 36.107)
20190657319,09/03/2019 02:40:00 PM,1,1,0,,N,352195,0,NOT COLLISION W/MOTOR VEHICLE-TRANSPORT,21,CLEAR,1,DAYLIGHT,24,GUARDRAIL FACE,I40 E EXT RAMP & I 40,NASHVILLE,TN,37214,8955,HERMIT,36.155,-86.6271,POINT (-86.6271 36.155)
20190819969,11/11/2019 09:45:00 PM,2,1,0,,N,256389,11,Front to Rear,2,RAIN,3,DARK - LIGHTED,12,MOTOR VEHICLE IN TRANSPORT,MM 81 5 I 65,NASHVILLE,TN,37203,8006,MIDTOW,36.1361,-86.7756,POINT (-86.7756 36.1361)
20190761341,10/17/2019 12:25:00 PM,2,0,0,,N,226673,11,Front to Rear,21,CLEAR,1,DAYLIGHT,12,MOTOR VEHICLE IN TRANSPORT,HERMITAGE AV & MIDDLETON ST,NASHVILLE,TN,37210,4033,CENTRA,36.1559,-86.767,POINT (-86.767 36.1559)
20190830720,11/16/2019 01:55:00 AM,1,0,0,,N,256376,0,NOT COLLISION W/MOTOR VEHICLE-TRANSPORT,21,CLEAR,3,DARK - LIGHTED,33,CURB,MONROE ST & 10TH AVN,NASHVILLE,TN,37208,4301,NORTH,36.1744,-86.7962,POINT (-86.7962 36.1744)
20190614339,08/17/2019 06:00:00 PM,2,0,0,,N,256427,11,Front to Rear,21,CLEAR,1,DAYLIGHT,12,MOTOR VEHICLE IN TRANSPORT,LAFAYETTE ST & CLAIBORNE ST,NASHVILLE,TN,37210,8147,SOUTH,36.1483,-86.7609,POINT (-86.7609 36.1483)
20190782195,10/26/2019 03:13:00 PM,2,2,0,,N,320580,4,ANGLE,2,RAIN,1,DAYLIGHT,12,MOTOR VEHICLE IN TRANSPORT,ELM HILL PKE & EMERY DR,NASHVILLE,TN,37214,9103,HERMIT,36.1517,-86.677,POINT (-86.677 36.1517)
20190594746,08/09/2019 11:39:00 PM,2,0,0,,N,110090,4,ANGLE,21,CLEAR,3,DARK - LIGHTED,12,MOTOR VEHICLE IN TRANSPORT,MURFREESBORO PKE & HOBSON PKE,ANTIOCH,TN,37013,8927,SOUTH,36.043,-86.6066,POINT (-86.6066 36.043)
20190841560,11/20/2019 05:22:00 PM,2,1,0,,Y,256426,11,Front to Rear,21,CLEAR,3,DARK - LIGHTED,12,MOTOR VEHICLE IN TRANSPORT,MM 49 6 I 24,NASHVILLE,TN,37210,4008,CENTRA,36.1571,-86.7604,POINT (-86.7604 36.1571)
20190716464,09/27/2019 11:19:00 PM,2,0,0,,N,352170,98,OTHER,21,CLEAR,2,DARK - NOT LIGHTED,12,MOTOR VEHICLE IN TRANSPORT,MM 60 7 I 24,ANTIOCH,TN,37013,88060,SOUTH,36.0337,-86.6419,POINT (-86.6419 36.0337)
20190684322,09/14/2019 04:20:00 PM,2,0,0,,Y,299257,11,Front to Rear,21,CLEAR,1,DAYLIGHT,12,MOTOR VEHICLE IN TRANSPORT,WEDGEWOOD AV & I65 N ENT RAMP,NASHVILLE,TN,37204,8027,MIDTOW,36.1343,-86.7747,POINT (-86.7747 36.1343)
20190802302,11/04/2019 10:05:00 AM,2,0,0,,N,716886,16,Rear to Side,21,CLEAR,1,DAYLIGHT,12,MOTOR VEHICLE IN TRANSPORT,APRIL LN & NOLENSVILLE PKE,NASHVILLE,TN,37211,8715,SOUTH,36.056,-86.7155,POINT (-86.7155 36.056)
20190902076,12/17/2019 08:04:00 AM,2,3,0,,N,212345,4,ANGLE,2,RAIN,1,DAYLIGHT,12,MOTOR VEHICLE IN TRANSPORT,DICKERSON PKE & GRIZZARD AV,NASHVILLE,TN,37207,1833,EAST,36.2082,-86.7674,POINT (-86.7674 36.2082)
20190865534,12/01/2019 07:50:00 PM,3,2,0,,N,256374,4,ANGLE,22,CLOUDY,3,DARK - LIGHTED,12,MOTOR VEHICLE IN TRANSPORT,OLD HICKORY BLVD & NOLENSVILLE PKE,ANTIOCH,TN,37013,8757,SOUTH,36.0455,-86.7122,POINT (-86.7122 36.0455)
20190878532,12/06/2019 08:00:00 PM,2,0,0,,N,256384,11,Front to Rear,21,CLEAR,3,DARK - LIGHTED,12,MOTOR VEHICLE IN TRANSPORT,HARDING PL & DONELSON PKE,NASHVILLE,TN,37217,8841,SOUTH,36.0928,-86.6789,POINT (-86.6789 36.0928)
20190692425,09/18/2019 07:03:00 AM,2,1,0,,N,109534,11,Front to Rear,21,CLEAR,1,DAYLIGHT,12,MOTOR VEHICLE IN TRANSPORT,MM 214 2 I 40,NASHVILLE,TN,37210,90062,HERMIT,36.1424,-86.7107,POINT (-86.7107 36.1424)
20190581990,08/05/2019 04:09:00 PM,1,1,0,,N,320585,0,NOT COLLISION W/MOTOR VEHICLE-TRANSPORT,21,CLEAR,1,DAYLIGHT,30,UTILITY POLE,EXIT 12 & -UNKNOWN RAMP/ROAD -,NASHVILLE,TN,37214,9288,HERMIT,36.2178,-86.6932,POINT (-86.6932 36.2178)
20190793268,10/31/2019 12:00:00 AM,2,0,0,,Y,429188,4,ANGLE,2,RAIN,3,DARK - LIGHTED,12;14;27;64,MOTOR VEHICLE IN TRANSPORT;PARKED MOTOR VEHICLE;H-WAY TRAFFIC SIGNAL POST;Ran Off Road-Left,PEBBLE CREEK DR & MOUNTAIN LAUREL DR,ANTIOCH,TN,37013,8861,SOUTH,36.0719,-86.6581,POINT (-86.6581 36.0719)
20190765966,10/19/2019 08:50:00 AM,2,0,0,,N,420034,5,SIDESWIPE - SAME DIRECTION,21,CLEAR,1,DAYLIGHT,14,PARKED MOTOR VEHICLE,JACKSON ST & 14TH AVN,NASHVILLE,TN,37208,5419,NORTH,36.168,-86.7998,POINT (-86.7998 36.168)
20190916135,12/23/2019 01:15:00 PM,2,0,0,,N,402660,4,ANGLE,21,CLEAR,1,DAYLIGHT,12,MOTOR VEHICLE IN TRANSPORT,KENNER AV & HARDING PKE,NASHVILLE,TN,37205,6021,WEST,36.1258,-86.8465,POINT (-86.8465 36.1258)
20190915255,12/22/2019 07:22:00 PM,2,0,0,,Y,507813,11,Front to Rear,22,CLOUDY,7,Dark-Unknown Lighting,14,PARKED MOTOR VEHICLE,ARTELIA DR & BRYANT CT,ANTIOCH,TN,37013,8899,SOUTH,36.0702,-86.6746,POINT (-86.6746 36.0702)
20190768234,10/20/2019 02:50:00 PM,2,0,0,,Y,384444,11,Front to Rear,21,CLEAR,1,DAYLIGHT,12,MOTOR VEHICLE IN TRANSPORT,MM 194 6 I 40,NASHVILLE,TN,37221,4704,WEST,36.0769,-86.9841,POINT (-86.9841 36.0769)
20190859713,11/28/2019 03:17:00 PM,1,0,0,Y,Y,524985,0,NOT COLLISION W/MOTOR VEHICLE-TRANSPORT,21,CLEAR,1,DAYLIGHT,32;64,CULVERT;Ran Off Road-Left,EWING DR & EWING LN,NASHVILLE,TN,37207,3023,NORTH,36.2324,-86.787,POINT (-86.787 36.2324)
20190691342,09/17/2019 08:47:00 PM,2,0,0,,N,197047,5,SIDESWIPE - SAME DIRECTION,21,CLEAR,2,DARK - NOT LIGHTED,14,PARKED MOTOR VEHICLE,DOUGLAS AV & SCOTT AV,NASHVILLE,TN,37206,1329,EAST,36.1916,-86.7341,POINT (-86.7341 36.1916)
20190775224,10/23/2019 01:35:00 PM,2,1,0,,Y,256502,6,SIDESWIPE - OPPOSITE DIRECTION,21,CLEAR,1,DAYLIGHT,12;14,MOTOR VEHICLE IN TRANSPORT;PARKED MOTOR VEHICLE,33RD AVN & CLIFTON AV,NASHVILLE,TN,37209,4551,NORTH,36.1593,-86.8251,POINT (-86.8251 36.1593)
20190921789,12/26/2019 12:00:00 AM,2,0,0,,N,279118,11,Front to Rear,21,CLEAR,1,DAYLIGHT,12,MOTOR VEHICLE IN TRANSPORT,MURFREESBORO PKE & BROOKSBORO PL,ANTIOCH,TN,37013,8891,SOUTH,36.0837,-86.6472,POINT (-86.6472 36.0837)
20190930064,12/30/2019 05:20:00 PM,2,0,0,,Y,256384,5,SIDESWIPE - SAME DIRECTION,21,CLEAR,3,DARK - LIGHTED,12,MOTOR VEHICLE IN TRANSPORT,MM 2 4 I 440,NASHVILLE,TN,37215,6008,WEST,36.1238,-86.8108,POINT (-86.8108 36.1238)
20190749800,10/12/2019 04:05:00 PM,2,0,0,,N,320577,5,SIDESWIPE - SAME DIRECTION,21,CLEAR,1,DAYLIGHT,12,MOTOR VEHICLE IN TRANSPORT,NOLENSVILLE PKE & GLENROSE AV,NASHVILLE,TN,37210,8101,SOUTH,36.1257,-86.7525,POINT (-86.7525 36.1257)
20190914353,12/22/2019 03:14:00 PM,2,0,0,,N,298858,11,Front to Rear,2,RAIN,1,DAYLIGHT,12,MOTOR VEHICLE IN TRANSPORT,MM 86 2 I 65,NASHVILLE,TN,37207,1910,CENTRA,36.1919,-86.7812,POINT (-86.7812 36.1919)
20190610717,08/16/2019 07:24:00 AM,3,1,0,,N,473663,11,Front to Rear,21,CLEAR,1,DAYLIGHT,12,MOTOR VEHICLE IN TRANSPORT,MM 214 2 I 40,NASHVILLE,TN,37210,90062,HERMIT,36.1424,-86.7107,POINT (-86.7107 36.1424)
20190599569,08/12/2019 05:22:00 AM,2,0,0,,Y,352188,11,Front to Rear,21,CLEAR,1,DAYLIGHT,12,MOTOR VEHICLE IN TRANSPORT,BELL RD & MT VIEW RD,ANTIOCH,TN,37013,8865,SOUTH,36.05,-86.6496,POINT (-86.6496 36.05)
20190592990,08/09/2019 11:55:00 AM,2,2,0,Y,N,226622,4,ANGLE,22,CLOUDY,1,DAYLIGHT,12;41;72,MOTOR VEHICLE IN TRANSPORT;SHRUBBERY;EMBANKMENT ROCK/STONE/CONCRETE,45TH AVN & ELKINS AV,NASHVILLE,TN,37209,5203,WEST,36.15,-86.8408,POINT (-86.8408 36.15)
20190807496,11/06/2019 09:05:00 AM,2,1,0,,N,665896,4,ANGLE,21,CLEAR,1,DAYLIGHT,12,MOTOR VEHICLE IN TRANSPORT,S 5TH ST & DAVIDSON ST,NASHVILLE,TN,37213,1017,EAST,36.161,-86.7585,POINT (-86.7585 36.161)
20190680033,09/12/2019 11:30:00 PM,2,1,0,,N,320584,5,SIDESWIPE - SAME DIRECTION,21,CLEAR,3,DARK - LIGHTED,12,MOTOR VEHICLE IN TRANSPORT,MURFREESBORO PKE & DONELSON PKE,NASHVILLE,TN,37217,8841,SOUTH,36.1062,-86.6731,POINT (-86.6731 36.1062)
20190827010,11/14/2019 03:40:00 PM,2,0,0,,N,299238,11,Front to Rear,21,CLEAR,1,DAYLIGHT,12,MOTOR VEHICLE IN TRANSPORT,GALLATIN PKE & ARDEE AV,NASHVILLE,TN,37216,1425,EAST,36.2196,-86.7274,POINT (-86.7274 36.2196)
20190850412,11/24/2019 02:35:00 PM,1,1,0,,N,384435,0,NOT COLLISION W/MOTOR VEHICLE-TRANSPORT,21,CLEAR,1,DAYLIGHT,1;36,CONCRETE TRAFFIC BARRIER,BRILEY PKWYW & BRILEY PKWY W ENT RAMP,MADISON,TN,37115,1594,MADISO,36.2363,-86.7274,POINT (-86.7274 36.2363)
20190736917,10/07/2019 06:25:00 AM,2,0,0,,N,279122,11,Front to Rear,22,CLOUDY,1,DAYLIGHT,12,MOTOR VEHICLE IN TRANSPORT,MM 86 7 I 65,NASHVILLE,TN,37207,3002,NORTH,36.1972,-86.7762,POINT (-86.7762 36.1972)
20190900605,12/16/2019 04:37:00 PM,2,0,0,,N,279224,11,Front to Rear,2,RAIN,98,OTHER,12,MOTOR VEHICLE IN TRANSPORT,MAIN ST & S 6TH ST,NASHVILLE,TN,37206,1997,EAST,36.1736,-86.7633,POINT (-86.7633 36.1736)
20190873082,12/04/2019 06:03:00 PM,2,0,0,,N,279116,11,Front to Rear,21,CLEAR,3,DARK - LIGHTED,12,MOTOR VEHICLE IN TRANSPORT,MM 80 5 I 65,NASHVILLE,TN,37204,69020,MIDTOW,36.1226,-86.7733,POINT (-86.7733 36.1226)
20190796213,11/01/2019 01:20:00 PM,2,0,0,,Y,235761,11,Front to Rear,21,CLEAR,1,DAYLIGHT,12,MOTOR VEHICLE IN TRANSPORT,CENTENNIAL BLVD & LINDER INDUSTRIAL DR,NASHVILLE,TN,37209,4621,WEST,36.1693,-86.8621,POINT (-86.8621 36.1693)
20190796797,11/01/2019 06:10:00 PM,2,1,0,,N,717341,11,Front to Rear,21,CLEAR,5,DUSK,12,MOTOR VEHICLE IN TRANSPORT,MM 52 2 I 24,NASHVILLE,TN,37217,8816,SOUTH,36.1359,-86.7267,POINT (-86.7267 36.1359)
20190889081,12/11/2019 01:30:00 PM,4,0,0,,N,693093,11,Front to Rear,21,CLEAR,1,DAYLIGHT,12,MOTOR VEHICLE IN TRANSPORT,GALLATIN PKES & HARRINGTON AV,MADISON,TN,37115,1605,MADISO,36.2578,-86.7138,POINT (-86.7138 36.2578)
20190917497,12/24/2019 02:25:00 AM,1,1,0,,N,352193,0,NOT COLLISION W/MOTOR VEHICLE-TRANSPORT,21,CLEAR,3,DARK - LIGHTED,39,WALL,0 STATE HWY 155,NASHVILLE,TN,37218,3220,NORTH,36.2314,-86.828,POINT (-86.828 36.2314)
20190741743,10/09/2019 07:40:00 AM,2,0,0,,N,279227,16,Rear to Side,21,CLEAR,1,DAYLIGHT,12,MOTOR VEHICLE IN TRANSPORT,MURFREESBORO PKE & BELL RD,ANTIOCH,TN,37013,8865,SOUTH,36.072,-86.636,POINT (-86.636 36.072)
20190828614,11/15/2019 07:05:00 AM,2,0,0,,N,405447,11,Front to Rear,22,CLOUDY,1,DAYLIGHT,12,MOTOR VEHICLE IN TRANSPORT,HARDING PL & I65 S ENT RAMP,NASHVILLE,TN,37220,7101,MIDTOW,36.0827,-86.7651,POINT (-86.7651 36.0827)
20190603383,08/13/2019 01:09:00 PM,2,0,0,,N,716886,11,Front to Rear,21,CLEAR,1,DAYLIGHT,12,MOTOR VEHICLE IN TRANSPORT,NOLENSVILLE PKE & WALLACE RD,NASHVILLE,TN,37211,8701,SOUTH,36.0766,-86.7254,POINT (-86.7254 36.0766)
20190810418,11/07/2019 12:00:00 PM,2,0,0,,Y,226622,4,ANGLE,2,RAIN,1,DAYLIGHT,12,MOTOR VEHICLE IN TRANSPORT,RIVER RD & RIVER RD PVTDR,NASHVILLE,TN,37209,4701,WEST,36.1301,-86.9135,POINT (-86.9135 36.1301)
20190929243,12/30/2019 08:35:00 AM,1,0,0,Y,Y,584947,0,NOT COLLISION W/MOTOR VEHICLE-TRANSPORT,21,CLEAR,1,DAYLIGHT,43;64,OTHER FIXED OBJECTS;Ran Off Road-Left,EDMONDSON PKE & MCMURRAY DR,NASHVILLE,TN,37211,8657,MIDTOW,36.1565,-86.7372,POINT (-86.7372 36.1565)
20190829148,11/15/2019 12:35:00 PM,3,2,0,,Y,665896,11,Front to Rear,21,CLEAR,1,DAYLIGHT,12,MOTOR VEHICLE IN TRANSPORT,W TRINITY LN & I65 N ENT RAMP,NASHVILLE,TN,37207,1863,EAST,36.2063,-86.7735,POINT (-86.7735 36.2063)
20190788479,10/29/2019 11:18:00 AM,2,0,0,,N,525538,4,ANGLE,21,CLEAR,1,DAYLIGHT,12,MOTOR VEHICLE IN TRANSPORT,WEST END AV & I440 W EXT RAMP,NASHVILLE,TN,37212,5905,MIDTOW,36.1379,-86.8206,POINT (-86.8206 36.1379)
20190673894,09/10/2019 04:43:00 PM,2,0,0,,N,169425,5,SIDESWIPE - SAME DIRECTION,21,CLEAR,1,DAYLIGHT,12,MOTOR VEHICLE IN TRANSPORT,14TH AVS & DEMONBREUN ST,NASHVILLE,TN,37203,6721,MIDTOW,36.1536,-86.7884,POINT (-86.7884 36.1536)
20190733974,10/05/2019 04:09:00 PM,2,0,0,,N,279225,5,SIDESWIPE - SAME DIRECTION,21,CLEAR,1,DAYLIGHT,12,MOTOR VEHICLE IN TRANSPORT,MM 213 7 I 40,NASHVILLE,TN,37217,8802,HERMIT,36.1408,-86.7194,POINT (-86.7194 36.1408)
20190895942,12/14/2019 03:37:00 AM,1,0,0,Y,Y,429188,0,NOT COLLISION W/MOTOR VEHICLE-TRANSPORT,2,RAIN,3,DARK - LIGHTED,30,UTILITY POLE,WILLARD DR & WALLACE RD,NASHVILLE,TN,37211,8707,SOUTH,36.0798,-86.7038,POINT (-86.7038 36.0798)
20190908597,12/19/2019 06:35:00 PM,2,0,0,,N,279233,4,ANGLE,21,CLEAR,3,DARK - LIGHTED,12,MOTOR VEHICLE IN TRANSPORT,CHARLOTTE AV & 53RD AVN,NASHVILLE,TN,37209,5123,WEST,36.1519,-86.8511,POINT (-86.8511 36.1519)
20190793446,10/31/2019 09:55:00 AM,2,0,0,,N,225950,5,SIDESWIPE - SAME DIRECTION,2,RAIN,1,DAYLIGHT,12,MOTOR VEHICLE IN TRANSPORT,16TH AVS & TREMONT ST,NASHVILLE,TN,37212,6703,MIDTOW,36.1441,-86.793,POINT (-86.793 36.1441)
20190912756,12/21/2019 05:02:00 PM,2,0,0,,N,240955,11,Front to Rear,21,CLEAR,3,DARK - LIGHTED,12,MOTOR VEHICLE IN TRANSPORT,BELL RD & HICKORY HOLLOW LN,ANTIOCH,TN,37013,8863,SOUTH,36.0492,-86.6517,POINT (-86.6517 36.0492)
20190855921,11/26/2019 08:36:00 PM,2,0,0,,Y,197054,11,Front to Rear,2,RAIN,3,DARK - LIGHTED,12,MOTOR VEHICLE IN TRANSPORT,TRAILS END LN & ELM HILL PKE,NASHVILLE,TN,37214,8991,HERMIT,36.1419,-86.6372,POINT (-86.6372 36.1419)
20190704828,09/23/2019 02:04:00 PM,1,1,0,Y,N,109534,0,NOT COLLISION W/MOTOR VEHICLE-TRANSPORT,21,CLEAR,1,DAYLIGHT,30;34;63,UTILITY POLE;DITCH;Ran Off Road-Right,ELM HILL PKE & METCOM CENTER PVTDR,NASHVILLE,TN,37210,9031,HERMIT,36.1452,-86.708,POINT (-86.708 36.1452)
20190772246,10/22/2019 09:55:00 AM,2,1,0,,N,676834,4,ANGLE,21,CLEAR,1,DAYLIGHT,12,MOTOR VEHICLE IN TRANSPORT,CLARKSVILLE PKE & BUENA VISTA PKE,NASHVILLE,TN,37218,3135,NORTH,36.1935,-86.8309,POINT (-86.8309 36.1935)
20190773794,10/23/2019 12:38:00 AM,1,0,0,Y,N,769384,0,NOT COLLISION W/MOTOR VEHICLE-TRANSPORT,21,CLEAR,3,DARK - LIGHTED,43,OTHER FIXED OBJECTS,4TH AVS & SYMPHONY PL,NASHVILLE,TN,37203,4091,CENTRA,36.1603,-86.7768,POINT (-86.7768 36.1603)
20190729516,10/03/2019 04:12:00 PM,2,0,0,,N,197054,11,Front to Rear,21,CLEAR,1,DAYLIGHT,12,MOTOR VEHICLE IN TRANSPORT,MM 215 0 I 40,NASHVILLE,TN,37214,91021,HERMIT,36.1444,-86.6948,POINT (-86.6948 36.1444)
20190855866,11/26/2019 08:40:00 PM,1,0,0,,Y,352177,9,UNKNOWN,2,RAIN,2,DARK - NOT LIGHTED,99,UNKNOWN MOST HARMFUL EVENT,MM 2 0 I 440,NASHVILLE,TN,37205,6004,WEST,36.13,-86.8171,POINT (-86.8171 36.13)
20190800804,11/03/2019 05:00:00 PM,2,2,0,,N,433550,6,SIDESWIPE - OPPOSITE DIRECTION,21,CLEAR,3,DARK - LIGHTED,13,MOTOR VEHICLE IN TRANSPORT-OTHER ROADWAY,STATE HWY 45 & SHURGARD WAY,HERMITAGE,TN,37076,9561,HERMIT,36.176,-86.6034,POINT (-86.6034 36.176)