Accident Number,Date and Time,Number of Motor Vehicles,Number of Injuries,Number of Fatalities,Property Damage,Hit and Run,Reporting Officer,Collision Type Code,Collision Type Description,Weather Code,Weather Description,Illumination Code,Illumination Description,Harmful Code,Harmful Code Description,Street Address,City,State,ZIP,RPA,Precinct,Latitude,Longitude,Mapped Location
20190670246,09/09/2019 08:10:00 AM,4,0,0,,N,320601,11,Front to Rear,21,CLEAR,1,DAYLIGHT,12,MOTOR VEHICLE IN TRANSPORT,MM 61 9 I 24,ANTIOCH,TN,37013,87040,SOUTH,36.0219,-86.629,POINT (-86.629 36.0219)
20190891232,12/12/2019 08:30:00 AM,2,0,0,,N,665896,4,ANGLE,21,CLEAR,1,DAYLIGHT,12,MOTOR VEHICLE IN TRANSPORT,GREENWOOD AV & RIVERSIDE DR,NASHVILLE,TN,37206,1367,EAST,36.188,-86.7255,POINT (-86.7255 36.188)
20190697881,09/20/2019 08:27:00 AM,3,0,0,,N,716886,4,ANGLE,21,CLEAR,1,DAYLIGHT,12,MOTOR VEHICLE IN TRANSPORT,1ST AVS & MILDRED SHUTE AV,NASHVILLE,TN,37210,8143,SOUTH,36.1475,-86.7641,POINT (-86.7641 36.1475)
20190817318,11/10/2019 04:20:00 PM,2,0,0,,N,212346,4,ANGLE,21,CLEAR,1,DAYLIGHT,12,MOTOR VEHICLE IN TRANSPORT,CHURCH ST & 2ND AVN,NASHVILLE,TN,37201,4101,CENTRA,36.1646,-86.7768,POINT (-86.7768 36.1646)
20190596211,08/10/2019 06:20:00 PM,2,0,0,,N,298860,11,Front to Rear,21,CLEAR,1,DAYLIGHT,12,MOTOR VEHICLE IN TRANSPORT,OLD HICKORY BLVD & ANDREW JACKSON PKWY,HERMITAGE,TN,37076,9561,HERMIT,36.1836,-86.6107,POINT (-86.6107 36.1836)
20190635330,08/25/2019 03:20:00 PM,2,0,0,,Y,633391,5,SIDESWIPE - SAME DIRECTION,22,CLOUDY,1,DAYLIGHT,12,MOTOR VEHICLE IN TRANSPORT,ALAMO PL & CROLEY DR,NASHVILLE,TN,37209,4681,WEST,36.1531,-86.8749,POINT (-86.8749 36.1531)
20190844358,11/21/2019 07:55:00 PM,1,0,0,Y,N,405418,0,NOT COLLISION W/MOTOR VEHICLE-TRANSPORT,21,CLEAR,3,DARK - LIGHTED,40,MAIL BOX,GRANNY WHITE PKE & OVERTON LEA RD,NASHVILLE,TN,37220,7109,MIDTOW,36.0783,-86.8058,POINT (-86.8058 36.0783)
20190894699,12/13/2019 04:35:00 PM,2,1,0,,N,320577,11,Front to Rear,2,RAIN,5,DUSK,12,MOTOR VEHICLE IN TRANSPORT,MM 210 0 I 40,NASHVILLE,TN,37203,8002,MIDTOW,36.1484,-86.7771,POINT (-86.7771 36.1484)
20190723069,10/01/2019 05:13:00 AM,1,0,0,Y,Y,256493,0,NOT COLLISION W/MOTOR VEHICLE-TRANSPORT,21,CLEAR,3,DARK - LIGHTED,7,,OLD SMITH SPRINGS RD & SMITH SPRINGS RD,NASHVILLE,TN,37217,8931,HERMIT,36.0885,-86.6097,POINT (-86.6097 36.0885)
20190838907,11/19/2019 05:53:00 PM,2,1,0,,N,151132,11,Front to Rear,21,CLEAR,3,DARK - LIGHTED,12,MOTOR VEHICLE IN TRANSPORT,MM 94 0 I 65,GOODLETTSVILLE,TN,37072,17061,MADISO,36.2879,-86.7259,POINT (-86.7259 36.2879)
20190855931,11/26/2019 12:00:00 AM,1,0,0,Y,N,384408,0,NOT COLLISION W/MOTOR VEHICLE-TRANSPORT,2,RAIN,7,Dark-Unknown Lighting,24,GUARDRAIL FACE,MM 210 3 I 40,NASHVILLE,TN,37203,80021,MIDTOW,36.15,-86.7719,POINT (-86.7719 36.15)
20190844689,11/21/2019 11:25:00 PM,2,2,0,,Y,299274,98,OTHER,22,CLOUDY,3,DARK - LIGHTED,12,MOTOR VEHICLE IN TRANSPORT,MURFREESBORO PKE & KERMIT DR,NASHVILLE,TN,37217,8823,HERMIT,36.1215,-86.7045,POINT (-86.7045 36.1215)
20190606011,08/14/2019 12:43:00 PM,2,0,0,,N,267831,11,Front to Rear,21,CLEAR,1,DAYLIGHT,12,MOTOR VEHICLE IN TRANSPORT,ABBOTT MARTIN RD & WOODMONT LN,NASHVILLE,TN,37205,6117,WEST,36.1101,-86.8422,POINT (-86.8422 36.1101)
20190777445,10/24/2019 11:25:00 AM,3,1,0,,N,306231,11,Front to Rear,21,CLEAR,1,DAYLIGHT,12,MOTOR VEHICLE IN TRANSPORT,MM 208 4 I 40,NASHVILLE,TN,37203,54024,NORTH,36.165,-86.7943,POINT (-86.7943 36.165)
20190632642,08/24/2019 10:50:00 AM,2,0,0,,N,419952,11,Front to Rear,22,CLOUDY,1,DAYLIGHT,12,MOTOR VEHICLE IN TRANSPORT,HIGHWAY 70S & COLEY DAVIS RD,NASHVILLE,TN,37221,4811,WEST,36.0796,-86.9536,POINT (-86.9536 36.0796)
20190925820,12/28/2019 03:26:00 PM,2,1,0,,N,579971,4,ANGLE,22,CLOUDY,1,DAYLIGHT,12,MOTOR VEHICLE IN TRANSPORT,BELL RD & BRENTRIDGE DR,ANTIOCH,TN,37013,8755,SOUTH,36.0465,-86.6834,POINT (-86.6834 36.0465)
20190857937,11/27/2019 04:00:00 PM,2,0,0,,N,384424,4,ANGLE,21,CLEAR,1,DAYLIGHT,12,MOTOR VEHICLE IN TRANSPORT,INTERSTATE DR & WOODLAND ST,NASHVILLE,TN,37213,1105,CENTRA,36.1705,-86.7684,POINT (-86.7684 36.1705)
20190677336,09/11/2019 11:30:00 PM,2,0,0,,Y,298879,6,SIDESWIPE - OPPOSITE DIRECTION,21,CLEAR,3,DARK - LIGHTED,12,MOTOR VEHICLE IN TRANSPORT,PREMIER DR & THUNDERBIRD DR,NASHVILLE,TN,37209,5023,WEST,36.1438,-86.8814,POINT (-86.8814 36.1438)
20190780130,10/25/2019 01:40:00 PM,2,0,0,,N,462474,6,SIDESWIPE - OPPOSITE DIRECTION,2,RAIN,1,DAYLIGHT,12,MOTOR VEHICLE IN TRANSPORT,HILL RD & WOODRIDGE CT,BRENTWOOD,TN,37027,8619,MIDTOW,36.0441,-86.7529,POINT (-86.7529 36.0441)
20190830310,11/15/2019 07:30:00 PM,2,1,0,,N,311338,11,Front to Rear,21,CLEAR,3,DARK - LIGHTED,12,MOTOR VEHICLE IN TRANSPORT,I65 N ENT RAMP & I65 N ENT RAMP,NASHVILLE,TN,37208,43020,NORTH,36.1745,-86.8003,POINT (-86.8003 36.1745)
20190846794,11/22/2019 06:30:00 PM,2,0,0,,N,256392,5,SIDESWIPE - SAME DIRECTION,2,RAIN,3,DARK - LIGHTED,12,MOTOR VEHICLE IN TRANSPORT,MM 85 1 I 65,NASHVILLE,TN,37208,43023,NORTH,36.1815,-86.7999,POINT (-86.7999 36.1815)
20190924301,12/27/2019 05:55:00 PM,2,0,0,,Y,206676,6,SIDESWIPE - OPPOSITE DIRECTION,22,CLOUDY,3,DARK - LIGHTED,12,MOTOR VEHICLE IN TRANSPORT,GALLATIN PKES & LAKEWOOD DR,MADISON,TN,37115,1517,MADISO,36.2434,-86.7229,POINT (-86.7229 36.2434)
20190832039,11/16/2019 07:47:00 PM,2,2,0,,N,279116,4,ANGLE,21,CLEAR,3,DARK - LIGHTED,12,MOTOR VEHICLE IN TRANSPORT,WOODMONT BLVD & LEALAND LN,NASHVILLE,TN,37204,7007,MIDTOW,36.1111,-86.7884,POINT (-86.7884 36.1111)
20190782372,10/26/2019 05:17:00 PM,2,1,0,,N,179606,2,HEAD-ON,2,RAIN,1,DAYLIGHT,12,MOTOR VEHICLE IN TRANSPORT,I65 S ENT RAMP & I65 S EXT RAMP,NASHVILLE,TN,37204,6945,MIDTOW,36.1342,-86.7764,POINT (-86.7764 36.1342)
20190818217,11/11/2019 02:10:00 AM,1,1,0,,N,352163,0,NOT COLLISION W/MOTOR VEHICLE-TRANSPORT,21,CLEAR,3,DARK - LIGHTED,24,GUARDRAIL FACE,BRILEY PKWYS & BRILEY PKWY S ENT RAMP,NASHVILLE,TN,37211,88962,SOUTH,36.1103,-86.7197,POINT (-86.7197 36.1103)
20190665085,09/06/2019 05:06:00 PM,2,0,0,,N,169425,4,ANGLE,21,CLEAR,1,DAYLIGHT,12,MOTOR VEHICLE IN TRANSPORT,TUSCULUM RD & TUSCULUM SQUARE DR,NASHVILLE,TN,37211,8659,MIDTOW,36.0589,-86.7167,POINT (-86.7167 36.0589)
20190648499,08/30/2019 07:11:00 PM,1,2,0,,N,169425,0,NOT COLLISION W/MOTOR VEHICLE-TRANSPORT,21,CLEAR,3,DARK - LIGHTED,36,CONCRETE TRAFFIC BARRIER,MM 1 0 I 440,NASHVILLE,TN,37205,5234,WEST,36.1438,-86.8226,POINT (-86.8226 36.1438)
20190765480,10/19/2019 02:57:00 AM,1,0,0,Y,N,279203,0,NOT COLLISION W/MOTOR VEHICLE-TRANSPORT,21,CLEAR,3,DARK - LIGHTED,24;29,GUARDRAIL FACE;LUMINAIRE/LIGHT SUPPORT,MM 209 9 I 40,NASHVILLE,TN,37203,40060,CENTRA,36.1489,-86.7777,POINT (-86.7777 36.1489)
20190710445,09/25/2019 04:58:00 PM,2,0,0,,N,298858,11,Front to Rear,21,CLEAR,1,DAYLIGHT,12,MOTOR VEHICLE IN TRANSPORT,I24 E ENT RAMP & I 24,NASHVILLE,TN,37213,1007,CENTRA,36.1662,-86.7659,POINT (-86.7659 36.1662)
20190818913,11/11/2019 10:25:00 AM,2,0,0,,N,716886,11,Front to Rear,21,CLEAR,1,DAYLIGHT,12,MOTOR VEHICLE IN TRANSPORT,I24 E EXT RAMP & I 24,NASHVILLE,TN,37207,30080,NORTH,36.2378,-86.7872,POINT (-86.7872 36.2378)
20190879692,12/07/2019 12:00:00 PM,2,0,0,,N,299249,4,ANGLE,21,CLEAR,1,DAYLIGHT,12,MOTOR VEHICLE IN TRANSPORT,OLD HICKORY BLVD & BUTLERS LN,OLD HICKORY,TN,37138,9617,HERMIT,36.2142,-86.6229,POINT (-86.6229 36.2142)
20190894533,12/13/2019 03:10:00 PM,2,0,0,,N,352168,11,Front to Rear,22,CLOUDY,1,DAYLIGHT,12,MOTOR VEHICLE IN TRANSPORT,EDMONDSON PKE & OLD SMYRNA RD,NASHVILLE,TN,37211,8651,MIDTOW,36.0198,-86.7421,POINT (-86.7421 36.0198)
20190682588,09/13/2019 08:45:00 PM,2,0,0,,Y,209173,6,SIDESWIPE - OPPOSITE DIRECTION,21,CLEAR,1,DAYLIGHT,12,MOTOR VEHICLE IN TRANSPORT,WESTOVER AV & HARDING PL,NASHVILLE,TN,37205,6121,WEST,36.0968,-86.8612,POINT (-86.8612 36.0968)
20190616764,08/18/2019 08:00:00 PM,2,1,0,,Y,256426,5,SIDESWIPE - SAME DIRECTION,21,CLEAR,3,DARK - LIGHTED,12,MOTOR VEHICLE IN TRANSPORT,BRILEY PKWY S EXT RAMP & BRILEY PKWYS,NASHVILLE,TN,37214,9209,HERMIT,36.1924,-86.6874,POINT (-86.6874 36.1924)
20190788231,10/29/2019 08:30:00 AM,2,0,0,,N,222047,11,Front to Rear,22,CLOUDY,1,DAYLIGHT,12,MOTOR VEHICLE IN TRANSPORT,BELL RD & HARBOR LIGHTS DR,NASHVILLE,TN,37217,8987,HERMIT,36.0923,-86.6249,POINT (-86.6249 36.0923)
20190777372,10/24/2019 10:48:00 AM,2,2,0,,N,306231,11,Front to Rear,21,CLEAR,1,DAYLIGHT,12,MOTOR VEHICLE IN TRANSPORT,MM 208 3 I 40,NASHVILLE,TN,37203,54024,NORTH,36.166,-86.7949,POINT (-86.7949 36.166)
20190875628,12/05/2019 05:23:00 PM,2,0,0,,N,580819,11,Front to Rear,21,CLEAR,3,DARK - LIGHTED,12,MOTOR VEHICLE IN TRANSPORT,HERMITAGE AV & DRIFTWOOD ST,NASHVILLE,TN,37210,9005,HERMIT,36.1549,-86.7588,POINT (-86.7588 36.1549)
20190737756,10/07/2019 01:50:00 PM,1,0,0,,N,352207,0,NOT COLLISION W/MOTOR VEHICLE-TRANSPORT,22,CLOUDY,1,DAYLIGHT,34,DITCH,TYNE RIDGE BLVD & TYNE RIDGE CT,NASHVILLE,TN,37220,7109,MIDTOW,36.0722,-86.783,POINT (-86.783 36.0722)
20190615988,08/18/2019 10:58:00 AM,1,1,0,Y,N,320574,0,NOT COLLISION W/MOTOR VEHICLE-TRANSPORT,21,CLEAR,1,DAYLIGHT,30;40,UTILITY POLE;MAIL BOX,200 BELL RD,NASHVILLE,TN,37217,8965,HERMIT,36.0839,-86.6284,POINT (-86.6284 36.0839)
20190751995,10/13/2019 08:08:00 PM,2,0,0,,N,179582,11,Front to Rear,21,CLEAR,3,DARK - LIGHTED,12,MOTOR VEHICLE IN TRANSPORT,HAYWOOD LN & EZELL RD,NASHVILLE,TN,37211,8709,SOUTH,36.0696,-86.6944,POINT (-86.6944 36.0696)
20190898549,12/15/2019 05:22:00 PM,2,1,0,Y,N,320585,4,ANGLE,21,CLEAR,3,DARK - LIGHTED,12,MOTOR VEHICLE IN TRANSPORT,ROYAL PKWY & NELSON PL,NASHVILLE,TN,37214,9103,HERMIT,36.1463,-86.6692,POINT (-86.6692 36.1463)
20190886366,12/10/2019 12:42:00 PM,2,1,0,,N,191578,2,HEAD-ON,4,SNOW,1,DAYLIGHT,12,MOTOR VEHICLE IN TRANSPORT,LEBANON PKE & THE CROSSINGS PVTDR,NASHVILLE,TN,37214,9121,HERMIT,36.169,-86.6833,POINT (-86.6833 36.169)
20190914594,12/22/2019 05:50:00 PM,1,0,0,,N,352172,0,NOT COLLISION W/MOTOR VEHICLE-TRANSPORT,2,RAIN,2,DARK - NOT LIGHTED,50,DEER (ANIMAL),KNIGHT DR & BROOK MANOR DR,WHITES CREEK,TN,37189,3223,NORTH,36.2219,-86.803,POINT (-86.803 36.2219)
20190823682,11/13/2019 07:26:00 AM,3,0,0,,N,525538,11,Front to Rear,21,CLEAR,1,DAYLIGHT,12,MOTOR VEHICLE IN TRANSPORT,WEDGEWOOD AV & 19TH AVS,NASHVILLE,TN,37212,6611,MIDTOW,36.1373,-86.7981,POINT (-86.7981 36.1373)
20190766718,10/19/2019 06:31:00 PM,2,0,0,,N,279208,4,ANGLE,22,CLOUDY,7,Dark-Unknown Lighting,12,MOTOR VEHICLE IN TRANSPORT,EDGEHILL AV & 16TH AVS,NASHVILLE,TN,37212,6629,MIDTOW,36.1433,-86.7925,POINT (-86.7925 36.1433)
20190801869,11/04/2019 07:08:00 AM,2,0,0,,N,226092,11,Front to Rear,21,CLEAR,1,DAYLIGHT,12,MOTOR VEHICLE IN TRANSPORT,I40 E EXT RAMP & I 40,NASHVILLE,TN,37214,8955,HERMIT,36.155,-86.6271,POINT (-86.6271 36.155)
20190695393,09/19/2019 09:20:00 AM,2,0,0,,N,628640,4,ANGLE,21,CLEAR,1,DAYLIGHT,12,MOTOR VEHICLE IN TRANSPORT,GLENROSE AV & MASHBURN RD,NASHVILLE,TN,37210,8335,SOUTH,36.1171,-86.7269,POINT (-86.7269 36.1171)
20190813346,11/08/2019 05:37:00 PM,2,0,0,,N,320599,11,Front to Rear,21,CLEAR,3,DARK - LIGHTED,12,MOTOR VEHICLE IN TRANSPORT,MM 214 2 I 40,NASHVILLE,TN,37210,90062,HERMIT,36.1424,-86.7107,POINT (-86.7107 36.1424)
20190595328,08/10/2019 07:54:00 AM,2,0,0,,N,419952,11,Front to Rear,21,CLEAR,1,DAYLIGHT,12,MOTOR VEHICLE IN TRANSPORT,HARDING PKE & OLD HARDING PKE,NASHVILLE,TN,37205,4913,WEST,36.0972,-86.8759,POINT (-86.8759 36.0972)
20190903327,12/17/2019 06:20:00 PM,2,0,0,,N,405418,4,ANGLE,22,CLOUDY,3,DARK - LIGHTED,12,MOTOR VEHICLE IN TRANSPORT,NOLENSVILLE PKE & OLD HICKORY BLVD,NASHVILLE,TN,37211,8717,SOUTH,36.0454,-86.7133,POINT (-86.7133 36.0454)
20190891517,12/12/2019 10:57:00 AM,2,0,0,,N,834798,4,ANGLE,21,CLEAR,1,DAYLIGHT,12,MOTOR VEHICLE IN TRANSPORT,BATTLEFIELD DR & STOKES LN,NASHVILLE,TN,37215,6419,MIDTOW,36.1159,-86.7986,POINT (-86.7986 36.1159)
20190782053,10/26/2019 10:54:00 AM,1,0,0,,N,226306,0,NOT COLLISION W/MOTOR VEHICLE-TRANSPORT,22,CLOUDY,98,OTHER,18,OTHER OBJECT (NOT FIXED),I440 E EXT RAMP & I 440,NASHVILLE,TN,37205,5249,WEST,36.1366,-86.8221,POINT (-86.8221 36.1366)
20190687040,09/16/2019 06:45:00 AM,3,1,0,,N,109534,11,Front to Rear,21,CLEAR,1,DAYLIGHT,12,MOTOR VEHICLE IN TRANSPORT,LEBANON PKE & OLD LEBANON PKE,NASHVILLE,TN,37214,9125,HERMIT,36.1678,-86.6637,POINT (-86.6637 36.1678)
20190803208,11/04/2019 05:28:00 PM,2,0,0,,Y,352172,11,Front to Rear,21,CLEAR,1,DAYLIGHT,12,MOTOR VEHICLE IN TRANSPORT,GALLATIN PKEN & DULING AV,MADISON,TN,37115,1763,MADISO,36.2664,-86.711,POINT (-86.711 36.2664)
20190729478,10/03/2019 04:57:00 PM,2,0,0,,N,240983,11,Front to Rear,21,CLEAR,1,DAYLIGHT,12,MOTOR VEHICLE IN TRANSPORT,MM 54 0 I 24,NASHVILLE,TN,37211,88122,SOUTH,36.1064,-86.7188,POINT (-86.7188 36.1064)
20190774696,10/23/2019 08:12:00 AM,2,0,0,,Y,462474,11,Front to Rear,21,CLEAR,1,DAYLIGHT,12,MOTOR VEHICLE IN TRANSPORT,NOLENSVILLE PKE & HARDING PL,NASHVILLE,TN,37211,8445,SOUTH,36.0809,-86.7267,POINT (-86.7267 36.0809)
20190823721,11/13/2019 07:46:00 AM,5,1,0,,N,109527,11,Front to Rear,21,CLEAR,1,DAYLIGHT,12,MOTOR VEHICLE IN TRANSPORT,BELL RD & STONES RIVER GRNWY,HERMITAGE,TN,37076,9501,HERMIT,36.1572,-86.6177,POINT (-86.6177 36.1572)
20190919062,12/24/2019 11:43:00 PM,1,1,0,,N,352170,0,NOT COLLISION W/MOTOR VEHICLE-TRANSPORT,21,CLEAR,3,DARK - LIGHTED,33;34;63,CURB;DITCH;Ran Off Road-Right,PIN HOOK RD & GROVEDALE TRC,ANTIOCH,TN,37013,8927,SOUTH,36.05,-86.606,POINT (-86.606 36.05)
20190747681,10/11/2019 04:02:00 PM,2,2,0,,N,311344,11,Front to Rear,2,RAIN,1,DAYLIGHT,12,MOTOR VEHICLE IN TRANSPORT,CONFERENCE DR & THE SHOPPES AT RIVERGATE,MADISON,TN,37115,1737,MADISO,36.3038,-86.6926,POINT (-86.6926 36.3038)
20190646816,08/30/2019 06:00:00 AM,1,1,0,Y,N,226306,0,NOT COLLISION W/MOTOR VEHICLE-TRANSPORT,21,CLEAR,1,DAYLIGHT,43,OTHER FIXED OBJECTS,BELLEVUE RDN & WILLOW CREEK DR,NASHVILLE,TN,37221,4819,WEST,36.0634,-86.9328,POINT (-86.9328 36.0634)
20190882036,12/08/2019 12:00:00 AM,1,1,0,Y,N,352213,0,NOT COLLISION W/MOTOR VEHICLE-TRANSPORT,21,CLEAR,2,DARK - NOT LIGHTED,30,UTILITY POLE,OBRIEN AV & I40 E EXT RAMP,NASHVILLE,TN,37209,5031,WEST,36.1506,-86.8611,POINT (-86.8611 36.1506)
20190645036,08/29/2019 01:56:00 PM,1,1,0,,N,538214,0,NOT COLLISION W/MOTOR VEHICLE-TRANSPORT,21,CLEAR,1,DAYLIGHT,8,PEDESTRIAN,12TH AVS & MCGAVOCK ST,NASHVILLE,TN,37203,4079,CENTRA,36.1556,-86.7868,POINT (-86.7868 36.1556)
20190751896,10/13/2019 07:06:00 PM,2,0,0,,Y,384411,11,Front to Rear,21,CLEAR,3,DARK - LIGHTED,12,MOTOR VEHICLE IN TRANSPORT,ANDREW JACKSON PKWY & OLD LEBANON DIRT R,HERMITAGE,TN,37076,9561,HERMIT,36.1876,-86.6081,POINT (-86.6081 36.1876)
20190780931,10/25/2019 09:19:00 PM,2,0,0,,N,279225,5,SIDESWIPE - SAME DIRECTION,2,RAIN,3,DARK - LIGHTED,12,MOTOR VEHICLE IN TRANSPORT,MURFREESBORO PKE & NASHBORO BLVD,ANTIOCH,TN,37013,8891,SOUTH,36.0869,-86.6487,POINT (-86.6487 36.0869)
20190793862,10/31/2019 12:49:00 PM,1,0,0,Y,N,474557,0,NOT COLLISION W/MOTOR VEHICLE-TRANSPORT,2,RAIN,1,DAYLIGHT,11,OTHER ANIMAL,TUSCULUM RD & PACKARD DR,NASHVILLE,TN,37211,8715,SOUTH,36.0589,-86.7089,POINT (-86.7089 36.0589)
20190716733,09/28/2019 03:20:00 AM,3,0,0,,Y,256376,4,ANGLE,21,CLEAR,3,DARK - LIGHTED,12;14,MOTOR VEHICLE IN TRANSPORT;PARKED MOTOR VEHICLE,4TH AVN & VAN BUREN ST,NASHVILLE,TN,37208,4321,NORTH,36.1797,-86.7892,POINT (-86.7892 36.1797)
20190585023,08/06/2019 05:37:00 PM,2,0,0,,N,279225,11,Front to Rear,21,CLEAR,1,DAYLIGHT,12,MOTOR VEHICLE IN TRANSPORT,AVERITT EXPRESS DR & BRILEY PKWY N ENT R,NASHVILLE,TN,37211,8829,SOUTH,36.1089,-86.7158,POINT (-86.7158 36.1089)
20190686331,09/15/2019 07:59:00 PM,2,0,0,,N,429193,0,NOT COLLISION W/MOTOR VEHICLE-TRANSPORT,21,CLEAR,2,DARK - NOT LIGHTED,7;71,EMBANKMENT EARTH,RIVER ROAD PKE & INDIAN CREEK RD,NASHVILLE,TN,37209,4707,WEST,36.1387,-86.9512,POINT (-86.9512 36.1387)
20190742806,10/09/2019 04:11:00 PM,3,0,0,,Y,197054,4,ANGLE,21,CLEAR,1,DAYLIGHT,12;99,MOTOR VEHICLE IN TRANSPORT;UNKNOWN MOST HARMFUL EVENT,MM 214 1 I 40,NASHVILLE,TN,37210,90062,HERMIT,36.142,-86.7124,POINT (-86.7124 36.142)
20190644104,08/29/2019 05:25:00 AM,3,1,0,,N,608786,4,ANGLE,21,CLEAR,3,DARK - LIGHTED,1;12,MOTOR VEHICLE IN TRANSPORT,STATE HWY 45 & MYATT DR,MADISON,TN,37115,1705,MADISO,36.2641,-86.6903,POINT (-86.6903 36.2641)
20190637429,08/26/2019 02:19:00 PM,2,0,0,,N,256383,5,SIDESWIPE - SAME DIRECTION,22,CLOUDY,1,DAYLIGHT,12,MOTOR VEHICLE IN TRANSPORT,MM 52 8 I 24,NASHVILLE,TN,37210,81022,SOUTH,36.1212,-86.7272,POINT (-86.7272 36.1212)
20190808288,11/06/2019 03:40:00 PM,4,0,0,,N,352177,6,SIDESWIPE - OPPOSITE DIRECTION,21,CLEAR,1,DAYLIGHT,12,MOTOR VEHICLE IN TRANSPORT,WOODMONT BLVD & ECHO HILL RD,NASHVILLE,TN,37215,6105,WEST,36.1149,-86.8206,POINT (-86.8206 36.1149)
20190871853,12/04/2019 07:57:00 AM,2,0,0,,N,544481,4,ANGLE,21,CLEAR,1,DAYLIGHT,12,MOTOR VEHICLE IN TRANSPORT,GALLATIN PKE & BURCHWOOD AV,NASHVILLE,TN,37216,1403,EAST,36.201,-86.7399,POINT (-86.7399 36.201)
20190641815,08/28/2019 07:10:00 AM,2,0,0,,Y,279227,11,Front to Rear,21,CLEAR,1,DAYLIGHT,12,MOTOR VEHICLE IN TRANSPORT,BELL RD & MT VIEW RD,ANTIOCH,TN,37013,8865,SOUTH,36.05,-86.6496,POINT (-86.6496 36.05)
20190762026,10/17/2019 06:07:00 PM,2,0,0,,Y,240976,11,Front to Rear,21,CLEAR,1,DAYLIGHT,12,MOTOR VEHICLE IN TRANSPORT,RAMSEY ST & N 9TH ST,NASHVILLE,TN,37206,1999,EAST,36.1773,-86.7569,POINT (-86.7569 36.1773)
20190885994,12/10/2019 09:39:00 AM,2,1,0,,Y,279230,11,Front to Rear,21,CLEAR,1,DAYLIGHT,12,MOTOR VEHICLE IN TRANSPORT,METROPLEX DR & HARDING PL,NASHVILLE,TN,37211,8845,SOUTH,36.0873,-86.6959,POINT (-86.6959 36.0873)
20190719530,09/29/2019 06:12:00 PM,2,1,0,,Y,206682,4,ANGLE,21,CLEAR,1,DAYLIGHT,12,MOTOR VEHICLE IN TRANSPORT,MYATT DR & E OLD HICKORY BLVD,MADISON,TN,37115,1705,MADISO,36.1344,-86.7269,POINT (-86.7269 36.1344)
20190721105,09/30/2019 11:26:00 AM,3,1,0,,N,225773,11,Front to Rear,21,CLEAR,1,DAYLIGHT,12,MOTOR VEHICLE IN TRANSPORT,MM 210 3 I 40,NASHVILLE,TN,37203,80021,MIDTOW,36.15,-86.7719,POINT (-86.7719 36.15)
20190723685,10/01/2019 10:28:00 AM,2,0,0,,N,311804,6,SIDESWIPE - OPPOSITE DIRECTION,21,CLEAR,1,DAYLIGHT,14,PARKED MOTOR VEHICLE,0 BROADWAY,NASHVILLE,TN,37201,4105,CENTRA,36.1616,-86.776,POINT (-86.776 36.1616)
20190739075,10/08/2019 04:53:00 AM,2,0,0,,N,110062,98,OTHER,21,CLEAR,3,DARK - LIGHTED,12,MOTOR VEHICLE IN TRANSPORT,3RD AVN & UNION ST,NASHVILLE,TN,37201,4137,CENTRA,36.1653,-86.7785,POINT (-86.7785 36.1653)
20190900086,12/16/2019 11:50:00 AM,2,0,0,,N,716886,11,Front to Rear,2,RAIN,1,DAYLIGHT,12,MOTOR VEHICLE IN TRANSPORT,UNA ANTIOCH PKE & BILLINGSGATE RD,ANTIOCH,TN,37013,8861,SOUTH,36.0752,-86.6623,POINT (-86.6623 36.0752)
20190685788,09/15/2019 12:03:00 PM,3,1,0,,N,584947,11,Front to Rear,21,CLEAR,1,DAYLIGHT,12,MOTOR VEHICLE IN TRANSPORT,NOLENSVILLE PKE & CONCORD RD,NASHVILLE,TN,37211,8651,MIDTOW,36.0042,-86.6916,POINT (-86.6916 36.0042)
20190618620,08/19/2019 12:50:00 PM,2,0,0,,N,571313,5,SIDESWIPE - SAME DIRECTION,22,CLOUDY,1,DAYLIGHT,12,MOTOR VEHICLE IN TRANSPORT,12TH AVE S & CARUTHERS AVE,NASHVILLE,TN,37204,6949,MIDTOW,36.1256,-86.7893,POINT (-86.7893 36.1256)
20190836250,11/18/2019 05:35:00 PM,2,0,0,,N,420040,5,SIDESWIPE - SAME DIRECTION,21,CLEAR,3,DARK - LIGHTED,12,MOTOR VEHICLE IN TRANSPORT,WEST END AV & 29TH AVN,NASHVILLE,TN,37212,5815,MIDTOW,36.1444,-86.8134,POINT (-86.8134 36.1444)
20190907538,12/19/2019 09:41:00 AM,2,0,0,,N,493304,98,OTHER,21,CLEAR,1,DAYLIGHT,12,MOTOR VEHICLE IN TRANSPORT,DUE WEST AVE & GALLATIN PKES,MADISON,TN,37115,1519,MADISO,36.2481,-86.7203,POINT (-86.7203 36.2481)
20190633872,08/24/2019 10:24:00 PM,2,0,0,,N,299257,4,ANGLE,21,CLEAR,3,DARK - LIGHTED,12,MOTOR VEHICLE IN TRANSPORT,RIVERCLIFF DR & RIVER DR,NASHVILLE,TN,37218,3157,NORTH,36.1909,-86.8299,POINT (-86.8299 36.1909)
20190885804,12/10/2019 08:24:00 AM,2,0,0,,N,226622,11,Front to Rear,22,CLOUDY,1,DAYLIGHT,12,MOTOR VEHICLE IN TRANSPORT,MM 205 8 I 40,NASHVILLE,TN,37209,52042,WEST,36.1565,-86.8248,POINT (-86.8248 36.1565)