Accident Number,Date and Time,Number of Motor Vehicles,Number of Injuries,Number of Fatalities,Property Damage,Hit and Run,Reporting Officer,Collision Type Code,Collision Type Description,Weather Code,Weather Description,Illumination Code,Illumination Description,Harmful Code,Harmful Code Description,Street Address,City,State,ZIP,RPA,Precinct,Latitude,Longitude,Mapped Location
20190631713,08/23/2019 11:05:00 PM,2,1,0,,N,330416,4,ANGLE,21,CLEAR,3,DARK - LIGHTED,12,MOTOR VEHICLE IN TRANSPORT,DODSON CHAPEL RD & CENTRAL PKE,HERMITAGE,TN,37076,9503,HERMIT,36.1747,-86.6143,POINT (-86.6143 36.1747)
20190667854,09/08/2019 12:00:00 AM,2,0,0,,Y,384423,4,ANGLE,21,CLEAR,3,DARK - LIGHTED,12,MOTOR VEHICLE IN TRANSPORT,GALLATIN AVE & DOUGLAS AVE,NASHVILLE,TN,37206,1325,EAST,36.1927,-86.7444,POINT (-86.7444 36.1927)
20190810744,10/31/2019 04:00:00 PM,2,0,0,,Y,330413,6,SIDESWIPE - OPPOSITE DIRECTION,21,CLEAR,1,DAYLIGHT,12;14,MOTOR VEHICLE IN TRANSPORT;PARKED MOTOR VEHICLE,NEAL TER & WEDGEWOOD AVE,NASHVILLE,TN,37203,8019,MIDTOW,36.1332,-86.7681,POINT (-86.7681 36.1332)
20190864320,12/01/2019 03:10:00 AM,1,1,0,,N,298879,0,NOT COLLISION W/MOTOR VEHICLE-TRANSPORT,22,CLOUDY,2,DARK - NOT LIGHTED,1,,MM 202 7 I 40,NASHVILLE,TN,37209,50022,WEST,36.1468,-86.8781,POINT (-86.8781 36.1468)
20190855594,11/26/2019 05:26:00 PM,3,0,0,,N,240955,11,Front to Rear,2,RAIN,2,DARK - NOT LIGHTED,12,MOTOR VEHICLE IN TRANSPORT,MM 61 0 I 24,ANTIOCH,TN,37013,8806,SOUTH,36.0297,-86.6374,POINT (-86.6374 36.0297)
20190700610,09/21/2019 12:20:00 PM,2,0,0,,Y,226600,6,SIDESWIPE - OPPOSITE DIRECTION,21,CLEAR,1,DAYLIGHT,12,MOTOR VEHICLE IN TRANSPORT,MM 10 0 HIGHWAY 100,NASHVILLE,TN,,,,36.0179,-86.031,POINT (-86.031 36.0179)
20190784020,10/27/2019 03:46:00 PM,2,2,0,,N,256426,11,Front to Rear,22,CLOUDY,1,DAYLIGHT,12,MOTOR VEHICLE IN TRANSPORT,MM 214 5 I 40,NASHVILLE,TN,37217,88022,HERMIT,36.1434,-86.7031,POINT (-86.7031 36.1434)
20190748487,10/11/2019 11:54:00 PM,2,0,0,,N,311336,4,ANGLE,2,RAIN,3,DARK - LIGHTED,12,MOTOR VEHICLE IN TRANSPORT,FERN AV & WHITES CREEK PKE,NASHVILLE,TN,37207,1867,EAST,36.1955,-86.7751,POINT (-86.7751 36.1955)
20190592504,08/09/2019 06:30:00 AM,3,0,0,,Y,665896,6,SIDESWIPE - OPPOSITE DIRECTION,21,CLEAR,1,DAYLIGHT,12;14,MOTOR VEHICLE IN TRANSPORT;PARKED MOTOR VEHICLE,MAXWELL AV & CLEO MILLER DR,NASHVILLE,TN,37206,1937,EAST,36.1824,-86.7504,POINT (-86.7504 36.1824)
20190635821,08/25/2019 10:40:00 PM,1,0,0,,N,279201,0,NOT COLLISION W/MOTOR VEHICLE-TRANSPORT,2,RAIN,2,DARK - NOT LIGHTED,7,,MM 213 2 I 40,NASHVILLE,TN,37210,82061,HERMIT,36.1399,-86.728,POINT (-86.728 36.1399)
20190779804,10/25/2019 10:39:00 AM,2,2,0,,N,320601,11,Front to Rear,2,RAIN,1,DAYLIGHT,12,MOTOR VEHICLE IN TRANSPORT,MURFREESBORO PKE & BOROWOOD DR,NASHVILLE,TN,37217,8935,HERMIT,36.091,-86.6511,POINT (-86.6511 36.091)
20190820852,11/12/2019 06:49:00 AM,2,1,0,,N,109534,98,OTHER,4,SNOW,1,DAYLIGHT,12;25,MOTOR VEHICLE IN TRANSPORT;GUARDRAIL END,I40 E ENT RAMP & I 24,NASHVILLE,TN,37217,8816,SOUTH,36.1363,-86.7267,POINT (-86.7267 36.1363)
20190679569,09/12/2019 06:36:00 PM,2,0,0,,N,256448,4,ANGLE,21,CLEAR,3,DARK - LIGHTED,12,MOTOR VEHICLE IN TRANSPORT,LEBANON PKE & EDDINGS LN,NASHVILLE,TN,37214,9401,HERMIT,36.1672,-86.6619,POINT (-86.6619 36.1672)
20190744079,10/10/2019 05:30:00 AM,2,0,0,,Y,212307,4,ANGLE,21,CLEAR,3,DARK - LIGHTED,12,MOTOR VEHICLE IN TRANSPORT,MM 211 1 I 40,NASHVILLE,TN,37210,8008,HERMIT,36.1539,-86.7571,POINT (-86.7571 36.1539)
20190855212,11/26/2019 02:10:00 PM,4,2,0,,N,212343,11,Front to Rear,2,RAIN,1,DAYLIGHT,12,MOTOR VEHICLE IN TRANSPORT,MM 49 0 I 24,NASHVILLE,TN,37206,10040,EAST,36.1664,-86.7647,POINT (-86.7647 36.1664)
20190687153,09/16/2019 07:30:00 AM,2,0,0,,Y,191578,11,Front to Rear,21,CLEAR,1,DAYLIGHT,12,MOTOR VEHICLE IN TRANSPORT,ELM HILL PKE & FESSLERS LN,NASHVILLE,TN,37210,8217,HERMIT,36.1447,-86.744,POINT (-86.744 36.1447)
20190854676,11/25/2019 01:34:00 PM,1,0,0,Y,Y,676834,0,NOT COLLISION W/MOTOR VEHICLE-TRANSPORT,21,CLEAR,1,DAYLIGHT,38,FENCE,1600 4TH AVN,NASHVILLE,TN,37208,4337,NORTH,36.182,-86.7913,POINT (-86.7913 36.182)
20190611623,08/16/2019 02:56:00 PM,2,0,0,,N,330436,4,ANGLE,21,CLEAR,1,DAYLIGHT,12,MOTOR VEHICLE IN TRANSPORT,I40 W ENT RAMP & I 40,NASHVILLE,TN,37210,9007,HERMIT,36.1484,-86.7454,POINT (-86.7454 36.1484)
20190729238,10/03/2019 03:10:00 PM,2,0,0,,N,298863,11,Front to Rear,21,CLEAR,1,DAYLIGHT,12,MOTOR VEHICLE IN TRANSPORT,UNION ST & 1ST AVN,NASHVILLE,TN,37201,4163,CENTRA,36.1667,-86.7772,POINT (-86.7772 36.1667)
20190719620,09/29/2019 05:37:00 PM,1,1,0,,Y,330435,0,NOT COLLISION W/MOTOR VEHICLE-TRANSPORT,21,CLEAR,1,DAYLIGHT,8,PEDESTRIAN,E TRINITY LN & LUTON ST,NASHVILLE,TN,37207,1861,EAST,36.2058,-86.7672,POINT (-86.7672 36.2058)
20190918662,12/24/2019 05:28:00 PM,2,0,0,,N,352192,5,SIDESWIPE - SAME DIRECTION,21,CLEAR,3,DARK - LIGHTED,12,MOTOR VEHICLE IN TRANSPORT,I40 W ENT RAMP & I 40,NASHVILLE,TN,37210,9007,HERMIT,36.1484,-86.7454,POINT (-86.7454 36.1484)
20190595530,08/10/2019 10:55:00 AM,3,0,0,,N,402660,11,Front to Rear,21,CLEAR,1,DAYLIGHT,12,MOTOR VEHICLE IN TRANSPORT,HIGHWAY 100 & WARNER NATURE CTR PVTDR,NASHVILLE,TN,37221,6213,WEST,36.0611,-86.9131,POINT (-86.9131 36.0611)
20190598706,08/11/2019 08:48:00 PM,3,1,0,,N,279208,4,ANGLE,21,CLEAR,7,Dark-Unknown Lighting,12,MOTOR VEHICLE IN TRANSPORT,EDGEHILL AV & 16TH AVS,NASHVILLE,TN,37212,6629,MIDTOW,36.1433,-86.7925,POINT (-86.7925 36.1433)
20190695106,09/19/2019 07:07:00 AM,2,0,0,,N,191578,4,ANGLE,21,CLEAR,1,DAYLIGHT,12,MOTOR VEHICLE IN TRANSPORT,MURFREESBORO PKE & FOSTER AV,NASHVILLE,TN,37210,8161,SOUTH,36.1418,-86.7412,POINT (-86.7412 36.1418)
20190791796,10/30/2019 04:00:00 PM,2,1,0,,N,419972,11,Front to Rear,21,CLEAR,1,DAYLIGHT,12,MOTOR VEHICLE IN TRANSPORT,WEST END AV & I440 WEST END AV ENT RAMP,NASHVILLE,TN,37205,6007,WEST,36.1357,-86.8229,POINT (-86.8229 36.1357)
20190790967,10/30/2019 08:49:00 AM,3,0,0,,Y,191578,11,Front to Rear,2,RAIN,1,DAYLIGHT,12,MOTOR VEHICLE IN TRANSPORT,BRILEY PKWYN & I40 E ENT RAMP,NASHVILLE,TN,37217,8998,HERMIT,36.1392,-86.7002,POINT (-86.7002 36.1392)
20190755755,10/15/2019 08:00:00 AM,2,1,0,,N,676834,4,ANGLE,21,CLEAR,1,DAYLIGHT,12,MOTOR VEHICLE IN TRANSPORT,CLARKSVILLE PKE & BUENA VISTA PKE,NASHVILLE,TN,37218,3135,NORTH,36.1935,-86.8309,POINT (-86.8309 36.1935)
20190801822,11/04/2019 06:50:00 AM,2,0,0,,N,716886,5,SIDESWIPE - SAME DIRECTION,21,CLEAR,1,DAYLIGHT,12,MOTOR VEHICLE IN TRANSPORT,MURFREESBORO PKE & MOUNTAIN SPRINGS RD,ANTIOCH,TN,37013,8927,SOUTH,36.0478,-86.6121,POINT (-86.6121 36.0478)
20190786362,10/28/2019 03:34:00 PM,2,0,0,,N,256426,11,Front to Rear,22,CLOUDY,1,DAYLIGHT,12,MOTOR VEHICLE IN TRANSPORT,BRILEY PKWY S EXT RAMP & ELM HILL PKE,NASHVILLE,TN,37210,9039,HERMIT,36.1513,-86.6919,POINT (-86.6919 36.1513)
20190854281,11/26/2019 06:55:00 AM,2,0,0,,N,226622,11,Front to Rear,22,CLOUDY,1,DAYLIGHT,12,MOTOR VEHICLE IN TRANSPORT,MM 194 9 I 40,NASHVILLE,TN,37221,4804,WEST,36.0747,-86.9786,POINT (-86.9786 36.0747)
20190770446,10/21/2019 03:20:00 PM,2,0,0,,Y,320577,4,ANGLE,2,RAIN,1,DAYLIGHT,12,MOTOR VEHICLE IN TRANSPORT,CHESTNUT ST & 8TH AVS,NASHVILLE,TN,37203,6941,MIDTOW,36.1417,-86.7787,POINT (-86.7787 36.1417)
20190851881,11/25/2019 07:58:00 AM,3,2,0,,N,191578,11,Front to Rear,21,CLEAR,1,DAYLIGHT,12,MOTOR VEHICLE IN TRANSPORT,MM 212 1 I 40,NASHVILLE,TN,37210,90041,HERMIT,36.1463,-86.7422,POINT (-86.7422 36.1463)
20190628006,08/22/2019 05:55:00 PM,2,1,0,,N,256384,11,Front to Rear,2,RAIN,1,DAYLIGHT,12,MOTOR VEHICLE IN TRANSPORT,MM 6 8 I 440,NASHVILLE,TN,37210,81040,SOUTH,36.1244,-86.7398,POINT (-86.7398 36.1244)
20190645775,08/29/2019 07:40:00 PM,2,0,0,,Y,352213,11,Front to Rear,21,CLEAR,7,Dark-Unknown Lighting,12,MOTOR VEHICLE IN TRANSPORT,HILLSBORO PKE & GRAYBAR LN,NASHVILLE,TN,37215,6105,WEST,36.1112,-86.8113,POINT (-86.8113 36.1112)
20190747863,10/11/2019 05:32:00 PM,2,1,0,,N,279211,4,ANGLE,2,RAIN,1,DAYLIGHT,12,MOTOR VEHICLE IN TRANSPORT,ANDERSON LN & GALLATIN PKEN,MADISON,TN,37115,1709,MADISO,36.2734,-86.71,POINT (-86.71 36.2734)
20190625115,08/21/2019 05:30:00 PM,2,0,0,,N,267831,11,Front to Rear,21,CLEAR,1,DAYLIGHT,12,MOTOR VEHICLE IN TRANSPORT,HARDING PKE & PAGE RD,NASHVILLE,TN,37205,6201,WEST,36.1006,-86.871,POINT (-86.871 36.1006)
20190715939,09/27/2019 07:56:00 PM,3,1,0,,N,717341,5,SIDESWIPE - SAME DIRECTION,21,CLEAR,3,DARK - LIGHTED,12,MOTOR VEHICLE IN TRANSPORT,MM 57 2 I 24,NASHVILLE,TN,37211,8706,SOUTH,36.0675,-86.6877,POINT (-86.6877 36.0675)
20190820499,11/12/2019 02:48:00 AM,1,0,0,,N,279201,0,NOT COLLISION W/MOTOR VEHICLE-TRANSPORT,3,"SLEET, HAIL",2,DARK - NOT LIGHTED,39,WALL,I40 W EXT RAMP & I 40,NASHVILLE,TN,37203,4119,CENTRA,36.1574,-86.79,POINT (-86.79 36.1574)
20190922379,12/26/2019 08:55:00 PM,2,1,0,,N,320577,4,ANGLE,21,CLEAR,3,DARK - LIGHTED,12,MOTOR VEHICLE IN TRANSPORT,4TH AVS & CHESTNUT ST,NASHVILLE,TN,37210,8169,SOUTH,36.1449,-86.7667,POINT (-86.7667 36.1449)
20190657386,09/03/2019 02:50:00 PM,2,0,0,,N,352213,11,Front to Rear,21,CLEAR,1,DAYLIGHT,12,MOTOR VEHICLE IN TRANSPORT,100 WOODMONT BLVD,NASHVILLE,TN,37205,6021,WEST,36.1219,-86.8448,POINT (-86.8448 36.1219)
20190750161,10/12/2019 08:30:00 PM,1,0,0,,N,596389,0,NOT COLLISION W/MOTOR VEHICLE-TRANSPORT,21,CLEAR,2,DARK - NOT LIGHTED,18,OTHER OBJECT (NOT FIXED),MM 193 8 I 40,NASHVILLE,TN,37221,4804,WEST,36.0777,-86.9971,POINT (-86.9971 36.0777)
20190775569,10/23/2019 04:18:00 PM,2,0,0,,N,279233,4,ANGLE,21,CLEAR,1,DAYLIGHT,12,MOTOR VEHICLE IN TRANSPORT,RIDGEFIELD WAY & HARDING PKE,NASHVILLE,TN,37205,6021,WEST,36.1265,-86.8454,POINT (-86.8454 36.1265)
20190914179,12/22/2019 12:20:00 PM,1,0,0,,N,474557,0,NOT COLLISION W/MOTOR VEHICLE-TRANSPORT,2,RAIN,1,DAYLIGHT,24;39,GUARDRAIL FACE;WALL,I24 W EXT RAMP & I 24,NASHVILLE,TN,37211,8829,SOUTH,36.1074,-86.7197,POINT (-86.7197 36.1074)
20190650373,08/31/2019 02:15:00 PM,1,1,0,,N,212318,0,NOT COLLISION W/MOTOR VEHICLE-TRANSPORT,21,CLEAR,1,DAYLIGHT,9,,19TH AVE S & DIVISION ST,NASHVILLE,TN,37203,5705,MIDTOW,36.1505,-86.7957,POINT (-86.7957 36.1505)
20190812838,11/08/2019 12:40:00 PM,2,1,0,,N,140808,4,ANGLE,21,CLEAR,1,DAYLIGHT,12,MOTOR VEHICLE IN TRANSPORT,ALLIED DR & TROUSDALE DR,NASHVILLE,TN,37204,8533,MIDTOW,36.0967,-86.7495,POINT (-86.7495 36.0967)
20190698347,09/20/2019 12:00:00 PM,2,0,0,,N,224464,11,Front to Rear,21,CLEAR,1,DAYLIGHT,12,MOTOR VEHICLE IN TRANSPORT,JEFFERSON ST & I40 E EXT RAMP,NASHVILLE,TN,37208,5321,NORTH,36.1686,-86.8132,POINT (-86.8132 36.1686)
20190789074,10/29/2019 03:41:00 PM,2,0,0,,Y,256379,5,SIDESWIPE - SAME DIRECTION,22,CLOUDY,1,DAYLIGHT,12,MOTOR VEHICLE IN TRANSPORT,MM 53 1 I 24,NASHVILLE,TN,37210,88142,SOUTH,36.1172,-86.7256,POINT (-86.7256 36.1172)
20190608804,08/15/2019 12:27:00 PM,2,0,0,,N,320575,4,ANGLE,21,CLEAR,1,DAYLIGHT,12,MOTOR VEHICLE IN TRANSPORT,HAMILTON CHURCH RD & MURFREESBORO PKE,ANTIOCH,TN,37013,8865,SOUTH,36.0645,-86.6288,POINT (-86.6288 36.0645)
20190651971,09/01/2019 04:49:00 AM,2,0,0,,N,140790,4,ANGLE,21,CLEAR,3,DARK - LIGHTED,13,MOTOR VEHICLE IN TRANSPORT-OTHER ROADWAY,I40 E EXT RAMP & OLD HICKORY BLVD,HERMITAGE,TN,37076,9527,HERMIT,36.1696,-86.601,POINT (-86.601 36.1696)
20190654657,09/02/2019 11:25:00 AM,2,1,0,,N,716886,6,SIDESWIPE - OPPOSITE DIRECTION,21,CLEAR,1,DAYLIGHT,12,MOTOR VEHICLE IN TRANSPORT,OLD HICKORY BLVD & FIRESTONE PKWY,ANTIOCH,TN,37013,8867,SOUTH,36.017,-86.6199,POINT (-86.6199 36.017)
20190814894,11/09/2019 11:25:00 AM,2,0,0,,N,279230,11,Front to Rear,21,CLEAR,1,DAYLIGHT,12,MOTOR VEHICLE IN TRANSPORT,OLD HICKORY BLVD & EULALA DR,ANTIOCH,TN,37013,8757,SOUTH,36.0454,-86.7036,POINT (-86.7036 36.0454)
20190687504,09/16/2019 10:30:00 AM,2,0,0,,N,320575,4,ANGLE,21,CLEAR,1,DAYLIGHT,12,MOTOR VEHICLE IN TRANSPORT,UNA ANTIOCH PKE & BILLINGSGATE RD,ANTIOCH,TN,37013,8861,SOUTH,36.0752,-86.6623,POINT (-86.6623 36.0752)
20190662276,09/05/2019 02:00:00 PM,2,0,0,,N,320582,5,SIDESWIPE - SAME DIRECTION,21,CLEAR,1,DAYLIGHT,12,MOTOR VEHICLE IN TRANSPORT,DICKERSON PKE & DICKERSON PKE NB ENT RAM,NASHVILLE,TN,37207,1961,EAST,36.1812,-86.7736,POINT (-86.7736 36.1812)
20190854891,11/26/2019 11:39:00 AM,2,0,0,,N,462474,5,SIDESWIPE - SAME DIRECTION,22,CLOUDY,1,DAYLIGHT,12,MOTOR VEHICLE IN TRANSPORT,US HWY 70 & EXIT 209,NASHVILLE,TN,37203,5501,MIDTOW,36.1608,-86.7937,POINT (-86.7937 36.1608)
20190605352,08/14/2019 07:55:00 AM,2,1,0,,N,909494,11,Front to Rear,21,CLEAR,1,DAYLIGHT,12,MOTOR VEHICLE IN TRANSPORT,W TRINITY LN & E TRINITY LN,NASHVILLE,TN,37207,1863,EAST,36.2059,-86.7688,POINT (-86.7688 36.2059)
20190808568,11/06/2019 05:25:00 PM,2,1,0,,N,384423,11,Front to Rear,22,CLOUDY,3,DARK - LIGHTED,12,MOTOR VEHICLE IN TRANSPORT,SAWYER BROWN RD & HIGHWAY 70S,NASHVILLE,TN,37221,4811,WEST,36.0768,-86.9453,POINT (-86.9453 36.0768)
20190712855,09/26/2019 12:00:00 AM,2,0,0,,N,352213,4,ANGLE,22,CLOUDY,1,DAYLIGHT,12,MOTOR VEHICLE IN TRANSPORT,HILLSBORO PKE & CASTLEMAN DR,NASHVILLE,TN,37215,6115,WEST,36.0983,-86.8223,POINT (-86.8223 36.0983)
20190788035,10/29/2019 07:00:00 AM,2,0,0,,N,352167,4,ANGLE,22,CLOUDY,1,DAYLIGHT,12,MOTOR VEHICLE IN TRANSPORT,MURFREESBORO PKE & HOBSON PKE,ANTIOCH,TN,37013,8927,SOUTH,36.043,-86.6066,POINT (-86.6066 36.043)
20190085071,11/24/2019 06:00:00 PM,2,0,0,,Y,330417,5,SIDESWIPE - SAME DIRECTION,21,CLEAR,3,DARK - LIGHTED,12,MOTOR VEHICLE IN TRANSPORT,BRILEY PKWYW & BRILEY PKWYE,NASHVILLE,TN,37218,3216,NORTH,36.2254,-86.8638,POINT (-86.8638 36.2254)
20190796550,11/01/2019 03:54:00 PM,2,0,0,,N,320599,5,SIDESWIPE - SAME DIRECTION,21,CLEAR,1,DAYLIGHT,12,MOTOR VEHICLE IN TRANSPORT,MM 51 4 I 24,NASHVILLE,TN,37210,82061,HERMIT,36.1388,-86.7284,POINT (-86.7284 36.1388)
20190715510,09/27/2019 03:55:00 PM,2,0,0,,N,330445,4,ANGLE,21,CLEAR,1,DAYLIGHT,12,MOTOR VEHICLE IN TRANSPORT,HARDING PL & NOLENSVILLE PKE,NASHVILLE,TN,37211,8705,SOUTH,36.0797,-86.7261,POINT (-86.7261 36.0797)
20190681977,09/13/2019 04:30:00 PM,2,0,0,,N,352213,11,Front to Rear,21,CLEAR,1,DAYLIGHT,12,MOTOR VEHICLE IN TRANSPORT,US HWY 70S & CARRIAGE DR,NASHVILLE,TN,37221,4811,WEST,36.0764,-86.9436,POINT (-86.9436 36.0764)
20190629238,08/23/2019 04:55:00 AM,2,0,0,,N,298871,4,ANGLE,21,CLEAR,3,DARK - LIGHTED,12,MOTOR VEHICLE IN TRANSPORT,18TH AVS & WEST END AV,NASHVILLE,TN,37203,5523,MIDTOW,36.153,-86.796,POINT (-86.796 36.153)
20190675987,09/11/2019 11:47:00 AM,2,0,0,,N,716886,4,ANGLE,21,CLEAR,1,DAYLIGHT,12,MOTOR VEHICLE IN TRANSPORT,CHESTNUT ST & 2ND AVS,NASHVILLE,TN,37210,8167,SOUTH,36.146,-86.7641,POINT (-86.7641 36.146)
20190889480,12/11/2019 04:08:00 PM,2,0,0,,N,330413,11,Front to Rear,21,CLEAR,1,DAYLIGHT,12,MOTOR VEHICLE IN TRANSPORT,STATE HWY 254 & FRANKLIN PIKE CIR,BRENTWOOD,TN,37027,8623,MIDTOW,36.0407,-86.7795,POINT (-86.7795 36.0407)
20190927491,12/29/2019 11:40:00 AM,4,0,0,,N,279113,98,OTHER,2,RAIN,1,DAYLIGHT,12,MOTOR VEHICLE IN TRANSPORT,MM 215 8 I 40,NASHVILLE,TN,37217,89020,HERMIT,36.1424,-86.6815,POINT (-86.6815 36.1424)
20190680763,09/13/2019 06:51:00 AM,2,0,0,,N,109534,5,SIDESWIPE - SAME DIRECTION,21,CLEAR,1,DAYLIGHT,12,MOTOR VEHICLE IN TRANSPORT,OLD MURFREESBORO PKE & MURFREESBORO PKE,NASHVILLE,TN,37217,8947,HERMIT,36.0983,-86.6563,POINT (-86.6563 36.0983)
20190835925,11/18/2019 03:23:00 PM,2,0,0,,N,240966,4,ANGLE,21,CLEAR,1,DAYLIGHT,12,MOTOR VEHICLE IN TRANSPORT,MERIDIAN ST & RICHARDSON AV,NASHVILLE,TN,37207,1909,EAST,36.1913,-86.7675,POINT (-86.7675 36.1913)
20190930444,12/30/2019 06:10:00 PM,2,0,0,,Y,909486,4,ANGLE,21,CLEAR,3,DARK - LIGHTED,12,MOTOR VEHICLE IN TRANSPORT,US HWY 31 ALT & YELTON CT,NASHVILLE,TN,37211,8435,SOUTH,36.0914,-86.735,POINT (-86.735 36.0914)
20190827453,11/14/2019 06:00:00 PM,2,0,0,,N,240983,11,Front to Rear,21,CLEAR,2,DARK - NOT LIGHTED,12,MOTOR VEHICLE IN TRANSPORT,EAST THOMPSON LN & OLD GLENROSE AV,NASHVILLE,TN,37211,8809,SOUTH,36.1165,-86.7193,POINT (-86.7193 36.1165)
20190710737,09/25/2019 07:22:00 PM,2,1,0,Y,N,352172,4,ANGLE,21,CLEAR,3,DARK - LIGHTED,12;27,MOTOR VEHICLE IN TRANSPORT;H-WAY TRAFFIC SIGNAL POST,CHARLOTTE PKE & I40 W EXT RAMP,NASHVILLE,TN,37209,4701,WEST,36.1302,-86.9002,POINT (-86.9002 36.1302)
20190825586,11/14/2019 01:34:00 AM,1,1,0,,Y,330438,0,NOT COLLISION W/MOTOR VEHICLE-TRANSPORT,21,CLEAR,2,DARK - NOT LIGHTED,31,"OTHER POST, POLE, SUPP.",BELL RD & LAKE CHATEAU DR,HERMITAGE,TN,37076,9545,HERMIT,36.1607,-86.588,POINT (-86.588 36.1607)
20190865084,12/01/2019 01:15:00 PM,2,0,0,,Y,384445,5,SIDESWIPE - SAME DIRECTION,21,CLEAR,1,DAYLIGHT,14,PARKED MOTOR VEHICLE,NEBRASKA AV & 38TH AVN,NASHVILLE,TN,37209,5215,WEST,36.1426,-86.8304,POINT (-86.8304 36.1426)
20190674001,09/10/2019 06:32:00 PM,2,0,0,,N,256383,11,Front to Rear,2,RAIN,1,DAYLIGHT,12,MOTOR VEHICLE IN TRANSPORT,MM 56 0 I 24,NASHVILLE,TN,37211,8708,SOUTH,36.0818,-86.6975,POINT (-86.6975 36.0818)
20190673621,09/10/2019 03:00:00 PM,2,1,0,,N,330440,4,ANGLE,21,CLEAR,1,DAYLIGHT,12,MOTOR VEHICLE IN TRANSPORT,VANTAGE WAY & FRENCH LANDING DR,NASHVILLE,TN,37228,4499,NORTH,36.1912,-86.7971,POINT (-86.7971 36.1912)
20190851087,11/24/2019 10:49:00 PM,2,0,0,,Y,311341,11,Front to Rear,21,CLEAR,3,DARK - LIGHTED,12;14;30,MOTOR VEHICLE IN TRANSPORT;PARKED MOTOR VEHICLE;UTILITY POLE,SENTINEL DR & LOOKOUT DR,NASHVILLE,TN,37209,5235,WEST,36.1466,-86.8343,POINT (-86.8343 36.1466)
20190669753,09/08/2019 08:15:00 PM,3,0,0,,Y,284059,11,Front to Rear,21,CLEAR,3,DARK - LIGHTED,14,PARKED MOTOR VEHICLE,ROWAN DR & ROWAN CT,NASHVILLE,TN,37207,3025,NORTH,36.2218,-86.8102,POINT (-86.8102 36.2218)
20190911362,12/20/2019 12:00:00 AM,2,0,0,,Y,352189,5,SIDESWIPE - SAME DIRECTION,21,CLEAR,3,DARK - LIGHTED,14,PARKED MOTOR VEHICLE,WESTFIELD DR & GEORGE E HORN RD,NASHVILLE,TN,37221,4813,WEST,36.084,-86.9463,POINT (-86.9463 36.084)
20190709793,09/25/2019 11:30:00 AM,2,0,0,,N,807344,5,SIDESWIPE - SAME DIRECTION,21,CLEAR,1,DAYLIGHT,12,MOTOR VEHICLE IN TRANSPORT,GEORGE L DAVIS BLVD & CHURCH ST,NASHVILLE,TN,37203,4119,CENTRA,36.1584,-86.7906,POINT (-86.7906 36.1584)
20190639710,08/27/2019 12:40:00 PM,2,0,0,,N,225773,4,ANGLE,21,CLEAR,1,DAYLIGHT,12,MOTOR VEHICLE IN TRANSPORT,NOLENSVILLE PKE & I440 E ENT RAMP,NASHVILLE,TN,37210,8319,SOUTH,36.1203,-86.7499,POINT (-86.7499 36.1203)
20190766480,10/19/2019 02:03:00 PM,2,0,0,,N,306708,11,Front to Rear,22,CLOUDY,1,DAYLIGHT,12,MOTOR VEHICLE IN TRANSPORT,E PALESTINE AVE & US HWY 31E,MADISON,TN,37115,1507,MADISO,36.2494,-86.7194,POINT (-86.7194 36.2494)
20190879360,12/07/2019 06:30:00 AM,2,0,0,,N,299249,4,ANGLE,22,CLOUDY,1,DAYLIGHT,12,MOTOR VEHICLE IN TRANSPORT,LAKEVILLA DR & GRIGGS PL,NASHVILLE,TN,37217,8939,HERMIT,36.0781,-86.6404,POINT (-86.6404 36.0781)
20190592742,08/09/2019 10:05:00 AM,2,0,0,,N,191578,11,Front to Rear,21,CLEAR,1,DAYLIGHT,12,MOTOR VEHICLE IN TRANSPORT,TULIP GROVE RD & RALIEGH DR,HERMITAGE,TN,37076,9537,HERMIT,36.2109,-86.5894,POINT (-86.5894 36.2109)
20190799151,11/02/2019 08:55:00 PM,3,1,0,,Y,352172,11,Front to Rear,21,CLEAR,3,DARK - LIGHTED,12,MOTOR VEHICLE IN TRANSPORT,GALLATIN PKEN & STATE RT 45,MADISON,TN,37115,1701,MADISO,36.2644,-86.7115,POINT (-86.7115 36.2644)
20190743318,10/09/2019 09:18:00 PM,2,0,0,,Y,807326,5,SIDESWIPE - SAME DIRECTION,21,CLEAR,3,DARK - LIGHTED,12,MOTOR VEHICLE IN TRANSPORT,2ND AVS & KOREAN VETERANS BLVD,NASHVILLE,TN,37201,4047,CENTRA,36.1576,-86.7724,POINT (-86.7724 36.1576)
20190932695,12/31/2019 09:00:00 PM,3,0,0,,Y,717341,4,ANGLE,21,CLEAR,3,DARK - LIGHTED,12,MOTOR VEHICLE IN TRANSPORT,HAYWOOD LN & HAYWOOD SQUARE PVTDR,NASHVILLE,TN,37211,8709,SOUTH,36.0694,-86.6927,POINT (-86.6927 36.0694)
20190763549,10/18/2019 09:03:00 AM,2,0,0,,Y,571313,5,SIDESWIPE - SAME DIRECTION,21,CLEAR,1,DAYLIGHT,12;39,MOTOR VEHICLE IN TRANSPORT;WALL,MM 2 9 I 440,NASHVILLE,TN,37212,6506,MIDTOW,36.1208,-86.8029,POINT (-86.8029 36.1208)
20190875076,12/05/2019 12:58:00 PM,2,0,0,,N,834798,11,Front to Rear,21,CLEAR,1,DAYLIGHT,12,MOTOR VEHICLE IN TRANSPORT,I65 N EXT RAMP & I 65,NASHVILLE,TN,37207,1863,EAST,36.2057,-86.7747,POINT (-86.7747 36.2057)