Accident Number,Date and Time,Number of Motor Vehicles,Number of Injuries,Number of Fatalities,Property Damage,Hit and Run,Reporting Officer,Collision Type Code,Collision Type Description,Weather Code,Weather Description,Illumination Code,Illumination Description,Harmful Code,Harmful Code Description,Street Address,City,State,ZIP,RPA,Precinct,Latitude,Longitude,Mapped Location
20190613753,08/17/2019 12:00:00 AM,2,0,0,,N,256428,11,Front to Rear,21,CLEAR,1,DAYLIGHT,12,MOTOR VEHICLE IN TRANSPORT,DOUGLAS AV & TREVECCA AV,NASHVILLE,TN,37206,1895,EAST,36.1928,-86.7452,POINT (-86.7452 36.1928)
20190731720,10/04/2019 02:59:00 PM,2,0,0,,N,279116,4,ANGLE,21,CLEAR,1,DAYLIGHT,12,MOTOR VEHICLE IN TRANSPORT,NOLENSVILLE PKE & RAYMOND ST,NASHVILLE,TN,37211,8431,SOUTH,36.0988,-86.739,POINT (-86.739 36.0988)
20190826594,11/14/2019 11:33:00 AM,2,1,0,,N,226622,11,Front to Rear,22,CLOUDY,1,DAYLIGHT,12,MOTOR VEHICLE IN TRANSPORT,CHARLOTTE AV & 52ND AVN,NASHVILLE,TN,37209,5123,WEST,36.1519,-86.8495,POINT (-86.8495 36.1519)
20190931601,12/31/2019 10:40:00 AM,2,0,0,,N,212345,5,SIDESWIPE - SAME DIRECTION,21,CLEAR,1,DAYLIGHT,12,MOTOR VEHICLE IN TRANSPORT,DICKERSON PKE & MARIE ST,NASHVILLE,TN,37207,1865,EAST,36.1973,-86.7714,POINT (-86.7714 36.1973)
20190879724,12/07/2019 12:20:00 PM,2,1,0,,N,628640,11,Front to Rear,21,CLEAR,1,DAYLIGHT,12,MOTOR VEHICLE IN TRANSPORT,MM 59 9 I 24,ANTIOCH,TN,37013,8704,SOUTH,36.041,-86.6518,POINT (-86.6518 36.041)
20190748030,10/11/2019 07:15:00 PM,2,2,0,Y,N,179582,2,HEAD-ON,2,RAIN,3,DARK - LIGHTED,12;30,MOTOR VEHICLE IN TRANSPORT;UTILITY POLE,TUSCULUM RD & CLAIRCREST DR PVTDR,NASHVILLE,TN,37211,8715,SOUTH,36.0587,-86.7032,POINT (-86.7032 36.0587)
20190891037,12/12/2019 07:25:00 AM,3,3,0,,N,109534,11,Front to Rear,21,CLEAR,1,DAYLIGHT,12,MOTOR VEHICLE IN TRANSPORT,CREEKSTONE CIR & CLOVER BOTTOM PVTDR,NASHVILLE,TN,37214,9407,HERMIT,36.1604,-86.6447,POINT (-86.6447 36.1604)
20190694482,09/19/2019 12:53:00 AM,2,0,0,,Y,298859,4,ANGLE,21,CLEAR,3,DARK - LIGHTED,12,MOTOR VEHICLE IN TRANSPORT,MCGAVOCK PKE & OLD ELM HILL PKE,NASHVILLE,TN,37214,9115,HERMIT,36.1521,-86.6839,POINT (-86.6839 36.1521)
20190780628,10/25/2019 06:36:00 PM,1,0,0,Y,N,320603,0,NOT COLLISION W/MOTOR VEHICLE-TRANSPORT,2,RAIN,3,DARK - LIGHTED,40,MAIL BOX,HILLWOOD BLVD & FLEETWOOD DR,NASHVILLE,TN,37209,5021,WEST,36.1362,-86.8767,POINT (-86.8767 36.1362)
20190823673,11/13/2019 07:20:00 AM,2,0,0,,N,876581,11,Front to Rear,21,CLEAR,1,DAYLIGHT,12,MOTOR VEHICLE IN TRANSPORT,GALLATIN PKEN & RIVERGATE PKWY,MADISON,TN,37115,1731,MADISO,36.2973,-86.6988,POINT (-86.6988 36.2973)
20190626760,08/22/2019 08:12:00 AM,3,0,0,,N,191578,11,Front to Rear,21,CLEAR,1,DAYLIGHT,12,MOTOR VEHICLE IN TRANSPORT,MM 213 8 I 40,NASHVILLE,TN,37217,8802,HERMIT,36.1413,-86.7163,POINT (-86.7163 36.1413)
20190842059,11/20/2019 10:06:00 PM,2,1,0,,Y,330415,4,ANGLE,21,CLEAR,3,DARK - LIGHTED,12,MOTOR VEHICLE IN TRANSPORT,0 US HWY 31,NASHVILLE,TN,37203,4059,CENTRA,36.1558,-86.7801,POINT (-86.7801 36.1558)
20190617258,08/19/2019 01:38:00 AM,1,0,0,Y,Y,352199,0,NOT COLLISION W/MOTOR VEHICLE-TRANSPORT,21,CLEAR,3,DARK - LIGHTED,30;99,UTILITY POLE;UNKNOWN MOST HARMFUL EVENT,CAMPBELL RD & DICKERSON PKES,GOODLETTSVILLE,TN,37072,2113,MADISO,36.2924,-86.7337,POINT (-86.7337 36.2924)
20190846667,11/22/2019 05:17:00 PM,2,0,0,,Y,320594,5,SIDESWIPE - SAME DIRECTION,21,CLEAR,2,DARK - NOT LIGHTED,55,Motor Vehicle-In-Motion Outside Trafficw,LEBANON PKE PVTDR & LEBANON PKE,HERMITAGE,TN,37076,9507,HERMIT,36.2003,-86.6186,POINT (-86.6186 36.2003)
20190630802,08/23/2019 04:40:00 PM,2,0,0,,N,352172,11,Front to Rear,21,CLEAR,1,DAYLIGHT,12,MOTOR VEHICLE IN TRANSPORT,HIGHWAY 70S & BELLEVUE CTR PVTDR,NASHVILLE,TN,37221,4811,WEST,36.0785,-86.9508,POINT (-86.9508 36.0785)
20190899784,12/16/2019 09:01:00 AM,1,0,0,,N,348631,0,NOT COLLISION W/MOTOR VEHICLE-TRANSPORT,2,RAIN,1,DAYLIGHT,36,CONCRETE TRAFFIC BARRIER,I65 S EXT RAMP & I 65,MADISON,TN,37115,20044,MADISO,36.2481,-86.743,POINT (-86.743 36.2481)
20190616179,08/18/2019 12:00:00 AM,2,0,0,,Y,755026,4,ANGLE,21,CLEAR,1,DAYLIGHT,14,PARKED MOTOR VEHICLE,TRIMBLE ST & FAIRFIELD AV,NASHVILLE,TN,37210,8135,SOUTH,36.1459,-86.7578,POINT (-86.7578 36.1459)
20190773112,10/22/2019 12:00:00 AM,2,0,0,,N,206674,4,ANGLE,21,CLEAR,1,DAYLIGHT,12,MOTOR VEHICLE IN TRANSPORT,12TH AVN & CLINTON ST,NASHVILLE,TN,37203,5423,NORTH,36.1652,-86.795,POINT (-86.795 36.1652)
20190726928,10/02/2019 05:17:00 PM,3,1,0,,N,212322,11,Front to Rear,21,CLEAR,1,DAYLIGHT,12,MOTOR VEHICLE IN TRANSPORT,MM 57 7 I 24,ANTIOCH,TN,37013,88080,SOUTH,36.061,-86.6807,POINT (-86.6807 36.061)
20190665184,09/06/2019 06:01:00 PM,2,1,0,,N,311332,11,Front to Rear,21,CLEAR,1,DAYLIGHT,12,MOTOR VEHICLE IN TRANSPORT,HIGHWAY 100 & OLD HARDING PKE,NASHVILLE,TN,37221,4807,WEST,36.0445,-86.956,POINT (-86.956 36.0445)
20190667041,09/07/2019 04:26:00 PM,2,2,0,,N,320580,11,Front to Rear,21,CLEAR,1,DAYLIGHT,12,MOTOR VEHICLE IN TRANSPORT,LEBANON PKE & DANYACREST DR,NASHVILLE,TN,37214,9403,HERMIT,36.1786,-86.6447,POINT (-86.6447 36.1786)
20190687701,09/16/2019 12:03:00 PM,2,0,0,,N,580819,4,ANGLE,21,CLEAR,1,DAYLIGHT,12,MOTOR VEHICLE IN TRANSPORT,BROADWAY & GEORGE L DAVIS BLVD,NASHVILLE,TN,37203,4081,CENTRA,36.156,-86.7889,POINT (-86.7889 36.156)
20190820965,11/12/2019 07:13:00 AM,1,0,0,,N,332253,0,NOT COLLISION W/MOTOR VEHICLE-TRANSPORT,21,CLEAR,1,DAYLIGHT,23,BRIDGE RAIL,I65 N ENT RAMP & BRILEY PKWYW,MADISON,TN,37115,1876,MADISO,36.2403,-86.7447,POINT (-86.7447 36.2403)
20190744853,10/10/2019 12:46:00 PM,2,0,0,,N,225773,11,Front to Rear,21,CLEAR,1,DAYLIGHT,12,MOTOR VEHICLE IN TRANSPORT,POWELL AV & POWELL PL,NASHVILLE,TN,37204,8527,MIDTOW,36.1065,-86.7646,POINT (-86.7646 36.1065)
20190845191,11/22/2019 03:55:00 AM,2,0,0,,N,179603,6,SIDESWIPE - OPPOSITE DIRECTION,2,RAIN,3,DARK - LIGHTED,14;55,PARKED MOTOR VEHICLE;Motor Vehicle-In-Motion Outside Trafficw,CHESAPEAKE DR & BRICKMONT DR,NASHVILLE,TN,37207,2033,MADISO,36.2461,-86.7792,POINT (-86.7792 36.2461)
20190888289,12/11/2019 06:53:00 AM,2,0,0,,N,620061,5,SIDESWIPE - SAME DIRECTION,21,CLEAR,1,DAYLIGHT,12,MOTOR VEHICLE IN TRANSPORT,MM 210 3 I 40,NASHVILLE,TN,37203,80021,MIDTOW,36.15,-86.7719,POINT (-86.7719 36.15)
20190718404,09/29/2019 12:40:00 AM,1,0,0,,N,299269,0,NOT COLLISION W/MOTOR VEHICLE-TRANSPORT,21,CLEAR,2,DARK - NOT LIGHTED,34;63,DITCH;Ran Off Road-Right,WHITES CREEK PKE & BRILEY PKWY E ENT RAM,NASHVILLE,TN,37207,3025,NORTH,36.2307,-86.813,POINT (-86.813 36.2307)
20190810761,11/07/2019 03:55:00 PM,2,0,0,,N,279214,4,ANGLE,2,RAIN,1,DAYLIGHT,12,MOTOR VEHICLE IN TRANSPORT,FRANKLIN PKE & S CURTISWOOD LN,NASHVILLE,TN,37204,7027,MIDTOW,36.0881,-86.7718,POINT (-86.7718 36.0881)
20190815241,11/09/2019 04:01:00 PM,2,0,0,,N,330415,5,SIDESWIPE - SAME DIRECTION,21,CLEAR,1,DAYLIGHT,12,MOTOR VEHICLE IN TRANSPORT,0 2ND AVS,NASHVILLE,TN,37210,4029,CENTRA,36.1533,-86.7696,POINT (-86.7696 36.1533)
20190813955,11/08/2019 09:37:00 PM,2,0,0,,N,298871,4,ANGLE,21,CLEAR,3,DARK - LIGHTED,12,MOTOR VEHICLE IN TRANSPORT,BROADWAY & DIVISION ST,NASHVILLE,TN,37212,6711,MIDTOW,36.1486,-86.7991,POINT (-86.7991 36.1486)
20190784076,10/27/2019 12:00:00 AM,2,0,0,,Y,580819,9,UNKNOWN,99,UNKNOWN,9,UNKNOWN,14,PARKED MOTOR VEHICLE,600 KOREAN VETERANS BLVD,NASHVILLE,TN,37203,4043,CENTRA,36.1553,-86.7784,POINT (-86.7784 36.1553)
20190840352,11/20/2019 08:00:00 AM,2,0,0,,Y,279206,11,Front to Rear,21,CLEAR,1,DAYLIGHT,12,MOTOR VEHICLE IN TRANSPORT,LEBANON PKE & DANYACREST DR,NASHVILLE,TN,37214,9403,HERMIT,36.1786,-86.6447,POINT (-86.6447 36.1786)
20190619018,08/19/2019 04:20:00 PM,1,0,0,Y,N,352172,0,NOT COLLISION W/MOTOR VEHICLE-TRANSPORT,21,CLEAR,1,DAYLIGHT,19;33,BUILDING;CURB,AMBERWOOD CIR & BELLE FOREST CONDOS PVTD,NASHVILLE,TN,37205,4903,WEST,36.0841,-86.9179,POINT (-86.9179 36.0841)
20190600889,08/12/2019 04:19:00 PM,2,1,0,,N,179583,4,ANGLE,21,CLEAR,1,DAYLIGHT,12,MOTOR VEHICLE IN TRANSPORT,LEWIS ST & LAFAYETTE ST,NASHVILLE,TN,37210,8145,SOUTH,36.1083,-86.7324,POINT (-86.7324 36.1083)
20190685696,09/15/2019 11:15:00 AM,2,0,0,,Y,109495,5,SIDESWIPE - SAME DIRECTION,21,CLEAR,1,DAYLIGHT,12,MOTOR VEHICLE IN TRANSPORT,MM 3 8 I 440,NASHVILLE,TN,37212,6502,MIDTOW,36.1163,-86.7919,POINT (-86.7919 36.1163)
20190712952,09/26/2019 04:21:00 PM,2,0,0,,N,299266,4,ANGLE,22,CLOUDY,1,DAYLIGHT,12,MOTOR VEHICLE IN TRANSPORT,I24 E ENT RAMP & I 24,NASHVILLE,TN,37213,1007,CENTRA,36.1662,-86.7659,POINT (-86.7659 36.1662)
20190763814,10/18/2019 11:55:00 AM,2,0,0,,N,571313,11,Front to Rear,21,CLEAR,1,DAYLIGHT,12,MOTOR VEHICLE IN TRANSPORT,MM 2 5 I 440,NASHVILLE,TN,37215,6008,WEST,36.124,-86.8116,POINT (-86.8116 36.124)
20190756798,10/15/2019 04:54:00 PM,1,0,0,Y,N,240976,0,NOT COLLISION W/MOTOR VEHICLE-TRANSPORT,21,CLEAR,1,DAYLIGHT,30,UTILITY POLE,SMILEY ST & N 9TH ST,NASHVILLE,TN,37206,1941,EAST,36.1791,-86.7587,POINT (-86.7587 36.1791)
20190904590,12/18/2019 06:53:00 AM,1,0,0,,N,320586,0,NOT COLLISION W/MOTOR VEHICLE-TRANSPORT,21,CLEAR,1,DAYLIGHT,7,,GLENROSE AV & GLENROSE CT,NASHVILLE,TN,37210,8355,SOUTH,36.12,-86.7309,POINT (-86.7309 36.12)
20190720711,09/30/2019 07:48:00 AM,2,0,0,,N,206962,11,Front to Rear,22,CLOUDY,1,DAYLIGHT,12,MOTOR VEHICLE IN TRANSPORT,MM 92 8 I 65,MADISON,TN,37115,17062,MADISO,36.2724,-86.7362,POINT (-86.7362 36.2724)
20190650037,08/31/2019 09:59:00 AM,2,2,0,,N,352197,11,Front to Rear,21,CLEAR,1,DAYLIGHT,12,MOTOR VEHICLE IN TRANSPORT,MM 55 0 I 24,NASHVILLE,TN,37211,8812,SOUTH,36.0948,-86.7069,POINT (-86.7069 36.0948)
20190769994,10/21/2019 11:23:00 AM,2,0,0,,N,665896,4,ANGLE,22,CLOUDY,1,DAYLIGHT,12,MOTOR VEHICLE IN TRANSPORT,DICKERSON PKE & MAPLEWOOD TRC,NASHVILLE,TN,37216,1805,EAST,36.2333,-86.7586,POINT (-86.7586 36.2333)
20190896767,12/14/2019 05:19:00 PM,2,0,0,,N,311333,5,SIDESWIPE - SAME DIRECTION,22,CLOUDY,3,DARK - LIGHTED,12,MOTOR VEHICLE IN TRANSPORT,BELL RD & BLUE HOLE RD,ANTIOCH,TN,37013,8719,SOUTH,36.0458,-86.6744,POINT (-86.6744 36.0458)
20190723081,10/01/2019 06:00:00 AM,2,1,0,,N,212335,4,ANGLE,21,CLEAR,4,DAWN,12,MOTOR VEHICLE IN TRANSPORT,CHURCH ST & 3RD AVN,NASHVILLE,TN,37201,4137,CENTRA,36.1642,-86.7777,POINT (-86.7777 36.1642)
20190615148,08/18/2019 12:20:00 AM,1,0,0,,N,209173,0,NOT COLLISION W/MOTOR VEHICLE-TRANSPORT,21,CLEAR,2,DARK - NOT LIGHTED,31;63,"OTHER POST, POLE, SUPP.;Ran Off Road-Right",COLLEGE AV & JOHN L DRIVER BLVD,NASHVILLE,TN,37209,4515,WEST,36.1653,-86.8351,POINT (-86.8351 36.1653)
20190717433,09/28/2019 02:38:00 PM,2,2,0,,Y,240955,11,Front to Rear,21,CLEAR,1,DAYLIGHT,12,MOTOR VEHICLE IN TRANSPORT,MURFREESBORO PKE & LAVERGNE COUCHVILLE P,ANTIOCH,TN,37013,8869,SOUTH,36.0279,-86.5899,POINT (-86.5899 36.0279)
20190869861,12/03/2019 02:34:00 PM,1,1,0,,N,109515,0,NOT COLLISION W/MOTOR VEHICLE-TRANSPORT,22,CLOUDY,1,DAYLIGHT,72,EMBANKMENT ROCK/STONE/CONCRETE,BRILEY PKWYE & BRICK CHURCH PKE,NASHVILLE,TN,37207,2012,MADISO,36.2382,-86.7818,POINT (-86.7818 36.2382)
20190861242,11/29/2019 01:00:00 PM,2,0,0,,Y,134892,4,ANGLE,22,CLOUDY,1,DAYLIGHT,12,MOTOR VEHICLE IN TRANSPORT,OPRY MILLS DR & MOSS ROSE DR,NASHVILLE,TN,37214,9209,HERMIT,36.2029,-86.6947,POINT (-86.6947 36.2029)
20190695989,09/19/2019 01:21:00 PM,2,0,0,,N,420059,5,SIDESWIPE - SAME DIRECTION,21,CLEAR,1,DAYLIGHT,12,MOTOR VEHICLE IN TRANSPORT,NOLENSVILLE PKE & MCMURRAY DR,NASHVILLE,TN,37211,8711,SOUTH,36.0611,-86.7166,POINT (-86.7166 36.0611)
20190841899,11/20/2019 07:48:00 PM,2,0,0,,N,240983,11,Front to Rear,21,CLEAR,3,DARK - LIGHTED,12,MOTOR VEHICLE IN TRANSPORT,BELL RD & HICKORY HOLLOW MALL PVTDR PL,ANTIOCH,TN,37013,8863,SOUTH,36.0493,-86.6517,POINT (-86.6517 36.0493)
20190684040,09/14/2019 02:44:00 PM,2,0,0,,N,579971,11,Front to Rear,21,CLEAR,1,DAYLIGHT,12,MOTOR VEHICLE IN TRANSPORT,BELL RD & HICKORY PARK DR,ANTIOCH,TN,37013,8753,SOUTH,36.0449,-86.6704,POINT (-86.6704 36.0449)
20190815437,11/09/2019 06:07:00 PM,2,0,0,Y,Y,197068,4,ANGLE,21,CLEAR,3,DARK - LIGHTED,12,MOTOR VEHICLE IN TRANSPORT,1ST AVS & KOREAN VETERANS BLVD,NASHVILLE,TN,37201,4051,CENTRA,36.1584,-86.772,POINT (-86.772 36.1584)
20190647250,08/30/2019 10:21:00 AM,2,1,0,,N,716886,11,Front to Rear,21,CLEAR,1,DAYLIGHT,12,MOTOR VEHICLE IN TRANSPORT,NOLENSVILLE PKE & I440 E ENT RAMP,NASHVILLE,TN,37210,8319,SOUTH,36.1203,-86.7499,POINT (-86.7499 36.1203)
20190867713,12/02/2019 05:30:00 AM,2,0,0,,N,429220,11,Front to Rear,21,CLEAR,3,DARK - LIGHTED,12,MOTOR VEHICLE IN TRANSPORT,BRILEY PKWYN & GLASTONBURY RD,NASHVILLE,TN,37217,8998,HERMIT,36.1372,-86.6996,POINT (-86.6996 36.1372)
20190597878,08/11/2019 10:35:00 AM,2,1,0,,N,279206,4,ANGLE,21,CLEAR,1,DAYLIGHT,12,MOTOR VEHICLE IN TRANSPORT,CANNON ST & LEWIS ST,NASHVILLE,TN,37210,8209,HERMIT,36.1044,-86.8088,POINT (-86.8088 36.1044)
20190926525,12/29/2019 12:00:00 AM,1,0,0,,N,151122,0,NOT COLLISION W/MOTOR VEHICLE-TRANSPORT,21,CLEAR,2,DARK - NOT LIGHTED,34;63,DITCH;Ran Off Road-Right,RURAL HILL RD & TOOK DR,ANTIOCH,TN,37013,8861,SOUTH,36.0687,-86.6398,POINT (-86.6398 36.0687)
20190607901,08/15/2019 06:25:00 AM,2,0,0,,N,420035,11,Front to Rear,21,CLEAR,1,DAYLIGHT,12,MOTOR VEHICLE IN TRANSPORT,GALLATIN PKES & GALLATIN PKE,MADISON,TN,37115,1517,MADISO,36.2383,-86.724,POINT (-86.724 36.2383)
20190904431,12/18/2019 05:25:00 AM,3,2,0,,N,151122,11,Front to Rear,21,CLEAR,3,DARK - LIGHTED,12,MOTOR VEHICLE IN TRANSPORT,ANTIOCH PKE & LUNA DR,ANTIOCH,TN,37013,8899,SOUTH,36.0788,-86.6851,POINT (-86.6851 36.0788)
20190582326,08/05/2019 07:04:00 PM,2,0,0,,N,169425,11,Front to Rear,21,CLEAR,1,DAYLIGHT,12,MOTOR VEHICLE IN TRANSPORT,WEST END AV & 24TH AVN,NASHVILLE,TN,37203,5715,MIDTOW,36.1482,-86.8059,POINT (-86.8059 36.1482)
20190778702,10/24/2019 10:52:00 PM,2,1,0,,N,240972,4,ANGLE,21,CLEAR,3,DARK - LIGHTED,12,MOTOR VEHICLE IN TRANSPORT,3RD AVN & CHURCH ST,NASHVILLE,TN,37201,4131,CENTRA,36.164,-86.7776,POINT (-86.7776 36.164)
20190656786,09/03/2019 10:05:00 AM,2,1,0,,N,226622,11,Front to Rear,21,CLEAR,1,DAYLIGHT,12,MOTOR VEHICLE IN TRANSPORT,CHEROKEE RD & ABERDEEN RD,NASHVILLE,TN,37205,5111,WEST,36.1346,-86.8406,POINT (-86.8406 36.1346)
20190822316,11/12/2019 06:44:00 PM,2,0,0,,Y,256386,4,ANGLE,21,CLEAR,3,DARK - LIGHTED,12,MOTOR VEHICLE IN TRANSPORT,MURFREESBORO PKE & FAIRCLOTH LN,NASHVILLE,TN,37217,8947,HERMIT,36.1032,-86.6665,POINT (-86.6665 36.1032)
20190796930,11/01/2019 07:17:00 PM,1,0,0,Y,Y,384439,0,NOT COLLISION W/MOTOR VEHICLE-TRANSPORT,21,CLEAR,3,DARK - LIGHTED,39,WALL,800 N 12TH ST,NASHVILLE,TN,37206,1301,EAST,36.1852,-86.7461,POINT (-86.7461 36.1852)
20190886608,12/10/2019 01:56:00 PM,2,0,0,,N,384446,4,ANGLE,21,CLEAR,1,DAYLIGHT,12,MOTOR VEHICLE IN TRANSPORT,OLD HICKORY BLVD & BELLE FOREST SHOPPING,NASHVILLE,TN,37205,4903,WEST,36.0756,-86.921,POINT (-86.921 36.0756)
20190793161,10/31/2019 07:06:00 AM,2,0,0,,N,191578,11,Front to Rear,2,RAIN,1,DAYLIGHT,12,MOTOR VEHICLE IN TRANSPORT,LEBANON PKE & DISSPAYNE DR,NASHVILLE,TN,37214,9403,HERMIT,36.1725,-86.6496,POINT (-86.6496 36.1725)
20190639934,08/27/2019 02:50:00 PM,2,0,0,,N,256384,11,Front to Rear,21,CLEAR,1,DAYLIGHT,12,MOTOR VEHICLE IN TRANSPORT,MM 7 2 I 440,NASHVILLE,TN,37210,83043,SOUTH,36.1251,-86.7339,POINT (-86.7339 36.1251)
20190862398,11/30/2019 12:00:00 AM,1,1,0,,N,320591,0,NOT COLLISION W/MOTOR VEHICLE-TRANSPORT,21,CLEAR,3,DARK - LIGHTED,8,PEDESTRIAN,ARLINGTON AV & MURFREESBORO PKE,NASHVILLE,TN,37210,8219,HERMIT,36.1395,-86.7327,POINT (-86.7327 36.1395)
20190621101,08/20/2019 09:20:00 AM,2,0,0,,N,493309,4,ANGLE,21,CLEAR,1,DAYLIGHT,12,MOTOR VEHICLE IN TRANSPORT,DICKERSON PKE & DICKERSON PKE ENT RAMP,MADISON,TN,37115,2009,MADISO,36.242,-86.7571,POINT (-86.7571 36.242)
20190723851,10/01/2019 12:45:00 PM,2,0,0,,N,235761,4,ANGLE,21,CLEAR,1,DAYLIGHT,12,MOTOR VEHICLE IN TRANSPORT,VERNON AV & NASHUA AV,NASHVILLE,TN,37209,4661,WEST,36.16,-86.868,POINT (-86.868 36.16)
20190619520,08/19/2019 08:24:00 PM,3,2,0,,N,169425,4,ANGLE,21,CLEAR,1,DAYLIGHT,12,MOTOR VEHICLE IN TRANSPORT,21ST AVN & CHURCH ST,NASHVILLE,TN,37203,5527,MIDTOW,36.152,-86.8024,POINT (-86.8024 36.152)
20190912476,12/21/2019 01:43:00 PM,2,0,0,,N,179606,11,Front to Rear,21,CLEAR,1,DAYLIGHT,12,MOTOR VEHICLE IN TRANSPORT,I65 N EXT RAMP & I 65,NASHVILLE,TN,37207,1863,EAST,36.2057,-86.7747,POINT (-86.7747 36.2057)
20190802764,11/04/2019 01:56:00 PM,3,0,0,,N,212318,11,Front to Rear,21,CLEAR,1,DAYLIGHT,12,MOTOR VEHICLE IN TRANSPORT,HARDING PL & BINKLEY DR,NASHVILLE,TN,37211,8501,MIDTOW,36.0773,-86.7391,POINT (-86.7391 36.0773)
20190644559,08/29/2019 08:19:00 AM,2,0,0,,Y,109534,5,SIDESWIPE - SAME DIRECTION,21,CLEAR,1,DAYLIGHT,12;99,MOTOR VEHICLE IN TRANSPORT;UNKNOWN MOST HARMFUL EVENT,BRILEY PKWY N ENT RAMP & BRILEY PKWYN,NASHVILLE,TN,37209,45065,WEST,36.1584,-86.8635,POINT (-86.8635 36.1584)
20190719550,09/29/2019 04:45:00 PM,2,0,0,,Y,161948,4,ANGLE,21,CLEAR,1,DAYLIGHT,14;55,PARKED MOTOR VEHICLE;Motor Vehicle-In-Motion Outside Trafficw,HAYSBORO AV & GALLATIN PKE,NASHVILLE,TN,37216,1801,EAST,36.2313,-86.7249,POINT (-86.7249 36.2313)
20190751458,10/13/2019 12:00:00 AM,2,0,0,,Y,769379,6,SIDESWIPE - OPPOSITE DIRECTION,21,CLEAR,9,UNKNOWN,14,PARKED MOTOR VEHICLE,TAMPA DR & PARAGON MILLS RD,NASHVILLE,TN,37211,8417,SOUTH,36.0879,-86.7149,POINT (-86.7149 36.0879)
20190857552,11/27/2019 01:24:00 PM,2,0,0,,N,876581,4,ANGLE,21,CLEAR,1,DAYLIGHT,12,MOTOR VEHICLE IN TRANSPORT,CONFERENCE DR & THE SHOPPES AT RIVERGATE,MADISON,TN,37115,1737,MADISO,36.3038,-86.6926,POINT (-86.6926 36.3038)
20190829691,11/15/2019 05:34:00 PM,2,0,0,,Y,330427,5,SIDESWIPE - SAME DIRECTION,21,CLEAR,3,DARK - LIGHTED,12,MOTOR VEHICLE IN TRANSPORT,W TRINITY LN & SCRUGGS LN,NASHVILLE,TN,37207,3007,NORTH,36.2068,-86.7805,POINT (-86.7805 36.2068)
20190721360,09/30/2019 12:00:00 PM,2,0,0,,N,179580,5,SIDESWIPE - SAME DIRECTION,21,CLEAR,1,DAYLIGHT,12,MOTOR VEHICLE IN TRANSPORT,14TH AVN & CHARLOTTE AV,NASHVILLE,TN,37203,5501,MIDTOW,36.1608,-86.7937,POINT (-86.7937 36.1608)
20190636691,08/26/2019 07:38:00 AM,2,0,0,,N,493309,5,SIDESWIPE - SAME DIRECTION,2,RAIN,1,DAYLIGHT,12,MOTOR VEHICLE IN TRANSPORT,MYATT DR & ANDERSON LN,MADISON,TN,37115,1715,MADISO,36.2728,-86.6895,POINT (-86.6895 36.2728)
20190663209,09/05/2019 11:00:00 PM,2,1,0,,N,320583,11,Front to Rear,21,CLEAR,3,DARK - LIGHTED,12,MOTOR VEHICLE IN TRANSPORT,MM 0 6 I 440,NASHVILLE,TN,37209,5232,WEST,36.1528,-86.8228,POINT (-86.8228 36.1528)
20190810532,11/07/2019 01:45:00 PM,2,0,0,,N,676834,4,ANGLE,2,RAIN,1,DAYLIGHT,12,MOTOR VEHICLE IN TRANSPORT,14TH AVN & CHARLOTTE AV,NASHVILLE,TN,37203,5501,MIDTOW,36.1608,-86.7937,POINT (-86.7937 36.1608)
20190808917,11/06/2019 08:34:00 PM,1,0,0,,N,256448,0,NOT COLLISION W/MOTOR VEHICLE-TRANSPORT,21,CLEAR,3,DARK - LIGHTED,50,DEER (ANIMAL),MM 218 8 I 40,NASHVILLE,TN,37214,9404,HERMIT,36.1548,-86.631,POINT (-86.631 36.1548)
20190758397,10/16/2019 12:00:00 AM,2,0,0,,Y,279230,6,SIDESWIPE - OPPOSITE DIRECTION,2,RAIN,2,DARK - NOT LIGHTED,14,PARKED MOTOR VEHICLE,850 RICHARDS RD,ANTIOCH,TN,37013,8899,SOUTH,36.069,-86.679,POINT (-86.679 36.069)
20190889278,12/11/2019 03:00:00 PM,2,0,0,,N,384424,5,SIDESWIPE - SAME DIRECTION,21,CLEAR,1,DAYLIGHT,12,MOTOR VEHICLE IN TRANSPORT,7TH AVN & CHURCH ST,NASHVILLE,TN,37219,4125,CENTRA,36.1621,-86.7827,POINT (-86.7827 36.1621)
20190755638,10/15/2019 07:33:00 AM,2,0,0,,N,693102,11,Front to Rear,21,CLEAR,1,DAYLIGHT,12,MOTOR VEHICLE IN TRANSPORT,MM 218 3 I 40,NASHVILLE,TN,37214,9404,HERMIT,36.1498,-86.6391,POINT (-86.6391 36.1498)
20190737543,10/07/2019 01:52:00 PM,2,0,0,,N,591933,11,Front to Rear,2,RAIN,1,DAYLIGHT,12,MOTOR VEHICLE IN TRANSPORT,OLD HICKORY BLVD & HOBSON PKE,ANTIOCH,TN,37013,8867,SOUTH,36.036,-86.611,POINT (-86.611 36.036)
20190825020,11/13/2019 07:22:00 PM,1,0,0,Y,Y,299257,0,NOT COLLISION W/MOTOR VEHICLE-TRANSPORT,21,CLEAR,3,DARK - LIGHTED,30,UTILITY POLE,MELROSE AV & I440 E ENT RAMP,NASHVILLE,TN,37211,8343,MIDTOW,36.1205,-86.7501,POINT (-86.7501 36.1205)
20190756587,10/15/2019 03:05:00 PM,2,0,0,,N,714641,11,Front to Rear,22,CLOUDY,1,DAYLIGHT,12,MOTOR VEHICLE IN TRANSPORT,4TH AVS & LAFAYETTE ST,NASHVILLE,TN,37203,4007,CENTRA,36.1515,-86.7711,POINT (-86.7711 36.1515)