Accident Number,Date and Time,Number of Motor Vehicles,Number of Injuries,Number of Fatalities,Property Damage,Hit and Run,Reporting Officer,Collision Type Code,Collision Type Description,Weather Code,Weather Description,Illumination Code,Illumination Description,Harmful Code,Harmful Code Description,Street Address,City,State,ZIP,RPA,Precinct,Latitude,Longitude,Mapped Location
20190683773,09/14/2019 11:21:00 AM,2,0,0,,N,298864,4,ANGLE,21,CLEAR,1,DAYLIGHT,12,MOTOR VEHICLE IN TRANSPORT,GALLATIN PKES & BRINK HAVEN AV,MADISON,TN,37115,1507,MADISO,36.2511,-86.7182,POINT (-86.7182 36.2511)
20190889547,12/11/2019 05:07:00 PM,2,0,0,,N,420040,4,ANGLE,21,CLEAR,3,DARK - LIGHTED,12,MOTOR VEHICLE IN TRANSPORT,21ST AVS & PORTLAND AV,NASHVILLE,TN,37212,6607,MIDTOW,36.1332,-86.8013,POINT (-86.8013 36.1332)
20190779356,10/25/2019 06:41:00 AM,2,0,0,,N,620072,5,SIDESWIPE - SAME DIRECTION,22,CLOUDY,1,DAYLIGHT,12,MOTOR VEHICLE IN TRANSPORT,US HWY 70S & 16TH AVE N,NASHVILLE,TN,37203,5701,MIDTOW,36.1546,-86.7922,POINT (-86.7922 36.1546)
20190892361,12/12/2019 05:52:00 PM,3,0,0,,Y,320599,11,Front to Rear,21,CLEAR,3,DARK - LIGHTED,12,MOTOR VEHICLE IN TRANSPORT,MURFREESBORO PKE & AIR FREIGHT BLVD,NASHVILLE,TN,37217,8841,SOUTH,36.1102,-86.6825,POINT (-86.6825 36.1102)
20190744364,10/10/2019 08:29:00 AM,1,0,0,,N,224437,0,NOT COLLISION W/MOTOR VEHICLE-TRANSPORT,21,CLEAR,1,DAYLIGHT,8,PEDESTRIAN,8TH AVS & GLEAVES ST,NASHVILLE,TN,37203,4009,CENTRA,36.1518,-86.7793,POINT (-86.7793 36.1518)
20190648114,08/30/2019 04:50:00 PM,2,0,0,,N,330415,11,Front to Rear,21,CLEAR,1,DAYLIGHT,12,MOTOR VEHICLE IN TRANSPORT,0 MAIN ST,NASHVILLE,TN,37206,1999,EAST,36.1763,-86.7563,POINT (-86.7563 36.1763)
20190798437,11/02/2019 01:37:00 PM,2,0,0,,Y,769379,5,SIDESWIPE - SAME DIRECTION,21,CLEAR,1,DAYLIGHT,12,MOTOR VEHICLE IN TRANSPORT,MM 60 1 I 24,ANTIOCH,TN,37013,88060,SOUTH,36.0397,-86.6491,POINT (-86.6491 36.0397)
20190852172,11/25/2019 10:10:00 AM,2,0,0,,N,226622,4,ANGLE,21,CLEAR,1,DAYLIGHT,12,MOTOR VEHICLE IN TRANSPORT,MM 1 5 I 440,NASHVILLE,TN,37209,5232,WEST,36.1508,-86.8228,POINT (-86.8228 36.1508)
20190678118,09/12/2019 08:04:00 AM,2,0,0,,N,311325,4,ANGLE,21,CLEAR,,,12,MOTOR VEHICLE IN TRANSPORT,US HWY 70 & FAIRWAY DR,NASHVILLE,TN,37214,9121,HERMIT,36.1688,-86.6845,POINT (-86.6845 36.1688)
20190797613,11/02/2019 01:15:00 AM,1,0,0,,N,209173,0,NOT COLLISION W/MOTOR VEHICLE-TRANSPORT,21,CLEAR,2,DARK - NOT LIGHTED,50,DEER (ANIMAL),MM 199 0 I 40,NASHVILLE,TN,37221,48062,WEST,36.1081,-86.927,POINT (-86.927 36.1081)
20190884266,12/09/2019 05:55:00 PM,3,2,0,,N,320577,11,Front to Rear,21,CLEAR,3,DARK - LIGHTED,12,MOTOR VEHICLE IN TRANSPORT,MM 79 8 I 65,NASHVILLE,TN,37204,7004,MIDTOW,36.1111,-86.7715,POINT (-86.7715 36.1111)
20190849063,11/23/2019 09:10:00 PM,4,3,0,,N,320585,4,ANGLE,21,CLEAR,3,DARK - LIGHTED,12,MOTOR VEHICLE IN TRANSPORT,MM 212 6 I 40,NASHVILLE,TN,37210,90040,HERMIT,36.1439,-86.7382,POINT (-86.7382 36.1439)
20190650634,08/31/2019 05:53:00 PM,1,0,0,Y,Y,240955,0,NOT COLLISION W/MOTOR VEHICLE-TRANSPORT,21,CLEAR,1,DAYLIGHT,1;25,GUARDRAIL END,I24 E EXT RAMP & I 24,NASHVILLE,TN,37207,30080,NORTH,36.2378,-86.7872,POINT (-86.7872 36.2378)
20190749709,10/12/2019 03:20:00 PM,2,0,0,,N,330413,5,SIDESWIPE - SAME DIRECTION,21,CLEAR,1,DAYLIGHT,12,MOTOR VEHICLE IN TRANSPORT,25TH AVE N & BRANDAU PL,NASHVILLE,TN,37203,5623,MIDTOW,36.149,-86.8097,POINT (-86.8097 36.149)
20190896481,12/14/2019 02:02:00 PM,2,1,0,,N,473670,4,ANGLE,21,CLEAR,1,DAYLIGHT,12,MOTOR VEHICLE IN TRANSPORT,GLENVIEW DRIVE & DAVIDSON STREET,NASHVILLE,TN,37206,1019,EAST,36.1635,-86.7546,POINT (-86.7546 36.1635)
20190781013,10/25/2019 08:59:00 PM,2,1,0,,N,256446,11,Front to Rear,2,RAIN,3,DARK - LIGHTED,12,MOTOR VEHICLE IN TRANSPORT,PIN HOOK RD & HOBSON PKE,ANTIOCH,TN,37013,8927,SOUTH,36.0493,-86.5999,POINT (-86.5999 36.0493)
20190886255,12/10/2019 11:58:00 AM,1,1,0,,N,405447,0,NOT COLLISION W/MOTOR VEHICLE-TRANSPORT,4,SNOW,1,DAYLIGHT,33;42,CURB;TREE,OLD HICKORY BLVD & HEALTH PARK DR,BRENTWOOD,TN,37027,8623,MIDTOW,36.0408,-86.7735,POINT (-86.7735 36.0408)
20190604041,08/13/2019 04:00:00 PM,1,0,0,Y,N,330413,0,NOT COLLISION W/MOTOR VEHICLE-TRANSPORT,2,RAIN,5,DUSK,75,Bridge/Overhead Structure,US HWY 431 & PIERCE AVE,NASHVILLE,TN,37212,6625,MIDTOW,36.1396,-86.8005,POINT (-86.8005 36.1396)
20190910713,12/20/2019 03:40:00 PM,2,0,0,,N,330413,4,ANGLE,22,CLOUDY,1,DAYLIGHT,12,MOTOR VEHICLE IN TRANSPORT,BLACKMAN RD & SHADESCREST DR,NASHVILLE,TN,37211,8611,MIDTOW,36.0742,-86.7378,POINT (-86.7378 36.0742)
20190912795,12/21/2019 06:32:00 PM,2,0,0,,N,298877,5,SIDESWIPE - SAME DIRECTION,21,CLEAR,3,DARK - LIGHTED,12,MOTOR VEHICLE IN TRANSPORT,NOLENSVILLE PKE & HARDING PL,NASHVILLE,TN,37211,8445,SOUTH,36.0809,-86.7267,POINT (-86.7267 36.0809)
20190854333,11/26/2019 07:16:00 AM,2,0,0,,N,109534,11,Front to Rear,22,CLOUDY,1,DAYLIGHT,12,MOTOR VEHICLE IN TRANSPORT,I40 W ENT RAMP & I 40,NASHVILLE,TN,37210,9007,HERMIT,36.1484,-86.7454,POINT (-86.7454 36.1484)
20190772658,10/22/2019 01:00:00 PM,3,0,0,,N,462474,11,Front to Rear,21,CLEAR,1,DAYLIGHT,12,MOTOR VEHICLE IN TRANSPORT,HILLSBORO PKE & STOKES LN,NASHVILLE,TN,37215,6419,MIDTOW,36.1194,-86.8089,POINT (-86.8089 36.1194)
20190816885,11/10/2019 10:08:00 AM,2,0,0,,N,320592,98,OTHER,21,CLEAR,1,DAYLIGHT,12,MOTOR VEHICLE IN TRANSPORT,LEBANON PKE & COTTAGE LN,NASHVILLE,TN,37214,9027,HERMIT,36.1679,-86.6925,POINT (-86.6925 36.1679)
20190625287,08/21/2019 06:56:00 PM,2,0,0,,N,256380,4,ANGLE,21,CLEAR,1,DAYLIGHT,12,MOTOR VEHICLE IN TRANSPORT,I65 S EXT RAMP & I 65,MADISON,TN,37115,20044,MADISO,36.2481,-86.743,POINT (-86.743 36.2481)
20190894721,12/13/2019 04:36:00 PM,2,1,0,,N,256446,11,Front to Rear,2,RAIN,5,DUSK,12,MOTOR VEHICLE IN TRANSPORT,MT VIEW RD & BELL RD,ANTIOCH,TN,37013,8871,SOUTH,36.0456,-86.6637,POINT (-86.6637 36.0456)
20190713271,09/26/2019 12:00:00 AM,4,0,0,,Y,717341,4,ANGLE,21,CLEAR,1,DAYLIGHT,14,PARKED MOTOR VEHICLE,HOPEWOOD DR & HOPEWOOD CT,NASHVILLE,TN,37211,8701,SOUTH,36.0733,-86.7184,POINT (-86.7184 36.0733)
20190631742,08/23/2019 11:20:00 PM,2,0,0,,N,311800,11,Front to Rear,21,CLEAR,3,DARK - LIGHTED,12,MOTOR VEHICLE IN TRANSPORT,DEMONBREUN ST & 3RD AVS,NASHVILLE,TN,37201,4051,CENTRA,36.1597,-86.7744,POINT (-86.7744 36.1597)
20190790853,10/30/2019 07:58:00 AM,1,1,0,,N,620072,0,NOT COLLISION W/MOTOR VEHICLE-TRANSPORT,2,RAIN,1,DAYLIGHT,24,GUARDRAIL FACE,ARMORY DR & RAMP,NASHVILLE,TN,37204,8525,MIDTOW,36.1025,-86.7602,POINT (-86.7602 36.1025)
20190667482,09/07/2019 08:46:00 PM,2,2,0,,N,240976,4,ANGLE,21,CLEAR,3,DARK - LIGHTED,12,MOTOR VEHICLE IN TRANSPORT,LEBANON PKE & MCGAVOCK PKE,NASHVILLE,TN,37214,9201,HERMIT,36.1694,-86.6799,POINT (-86.6799 36.1694)
20190925930,12/28/2019 04:28:00 PM,2,0,0,,Y,240985,5,SIDESWIPE - SAME DIRECTION,21,CLEAR,1,DAYLIGHT,12,MOTOR VEHICLE IN TRANSPORT,NOLENSVILLE PKE & HICKORYVIEW DR,NASHVILLE,TN,37211,8717,SOUTH,36.0488,-86.7137,POINT (-86.7137 36.0488)
20190816981,11/10/2019 11:47:00 AM,2,1,0,,N,352202,11,Front to Rear,21,CLEAR,1,DAYLIGHT,12,MOTOR VEHICLE IN TRANSPORT,CHARLOTTE AV & 7TH AVN,NASHVILLE,TN,37219,4157,CENTRA,36.1648,-86.7844,POINT (-86.7844 36.1648)
20190592148,08/09/2019 04:00:00 AM,4,0,0,,Y,330416,4,ANGLE,21,CLEAR,3,DARK - LIGHTED,14,PARKED MOTOR VEHICLE,MYATT DR & SPRING BRANCH DR,MADISON,TN,37115,1721,MADISO,36.2938,-86.6964,POINT (-86.6964 36.2938)
20190736718,10/07/2019 04:38:00 AM,1,0,0,,N,330411,0,NOT COLLISION W/MOTOR VEHICLE-TRANSPORT,2,RAIN,2,DARK - NOT LIGHTED,16,THROWN OR FALLING OBJECT,LITTLE MARROWBONE RD & GRAYS POINT RD,ASHLAND CITY,TN,37015,3343,NORTH,36.2735,-86.9129,POINT (-86.9129 36.2735)
20190894414,12/13/2019 01:57:00 PM,2,0,0,,N,352164,11,Front to Rear,22,CLOUDY,1,DAYLIGHT,12,MOTOR VEHICLE IN TRANSPORT,MM 208 2 I 40,NASHVILLE,TN,37208,54023,NORTH,36.1681,-86.7964,POINT (-86.7964 36.1681)
20190748098,10/11/2019 07:59:00 PM,4,1,0,,Y,352197,4,ANGLE,2,RAIN,3,DARK - LIGHTED,12,MOTOR VEHICLE IN TRANSPORT,MM 56 8 I 24,NASHVILLE,TN,37211,8810,SOUTH,36.0721,-86.6914,POINT (-86.6914 36.0721)
20190889044,12/11/2019 01:26:00 PM,2,0,0,,N,134899,11,Front to Rear,21,CLEAR,1,DAYLIGHT,12,MOTOR VEHICLE IN TRANSPORT,OLD HICKORY BLVD & JUAREZ DR,HERMITAGE,TN,37076,9531,HERMIT,36.1919,-86.6157,POINT (-86.6157 36.1919)
20190885814,12/10/2019 08:32:00 AM,2,1,0,,N,591936,4,ANGLE,2,RAIN,1,DAYLIGHT,12,MOTOR VEHICLE IN TRANSPORT,GLEN LEVEN DR & FRANKLIN PKE,NASHVILLE,TN,37204,7013,MIDTOW,36.1036,-86.7726,POINT (-86.7726 36.1036)
20190759337,10/16/2019 04:42:00 PM,2,1,0,,N,151132,11,Front to Rear,21,CLEAR,1,DAYLIGHT,12;18;5,MOTOR VEHICLE IN TRANSPORT;OTHER OBJECT (NOT FIXED),BRILEY PKWYW & BRICK CHURCH PKE,NASHVILLE,TN,37207,2014,MADISO,36.2384,-86.7816,POINT (-86.7816 36.2384)
20190817227,11/10/2019 02:00:00 PM,2,1,0,,Y,384435,5,SIDESWIPE - SAME DIRECTION,21,CLEAR,1,DAYLIGHT,12,MOTOR VEHICLE IN TRANSPORT,OLD HICKORY BLVDW & N GRAYCROFT AV,MADISON,TN,37115,1777,MADISO,36.2644,-86.7324,POINT (-86.7324 36.2644)
20190829264,11/15/2019 01:25:00 PM,2,0,0,,N,384442,11,Front to Rear,21,CLEAR,1,DAYLIGHT,12,MOTOR VEHICLE IN TRANSPORT,MM 6 1 I 440,NASHVILLE,TN,37211,8106,MIDTOW,36.1221,-86.7542,POINT (-86.7542 36.1221)
20190693517,09/18/2019 11:49:00 AM,2,0,0,,N,330444,4,ANGLE,21,CLEAR,1,DAYLIGHT,14,PARKED MOTOR VEHICLE,16TH AVE S & US HWY 70S,NASHVILLE,TN,37203,5519,MIDTOW,36.1543,-86.7929,POINT (-86.7929 36.1543)
20190772456,10/22/2019 11:30:00 AM,2,1,0,,N,224437,11,Front to Rear,21,CLEAR,1,DAYLIGHT,12,MOTOR VEHICLE IN TRANSPORT,ROSA L PARKS BLVD & 10TH CIRN,NASHVILLE,TN,37203,4209,CENTRA,36.1678,-86.7879,POINT (-86.7879 36.1678)
20190635866,08/25/2019 09:30:00 PM,1,0,0,Y,N,330422,0,NOT COLLISION W/MOTOR VEHICLE-TRANSPORT,2,RAIN,2,DARK - NOT LIGHTED,34;40,DITCH;MAIL BOX,WHITES CREEK PKE & JACKMAN RD,JOELTON,TN,37080,2311,NORTH,36.3575,-86.8826,POINT (-86.8826 36.3575)
20190756183,10/15/2019 11:45:00 AM,2,0,0,,N,716886,11,Front to Rear,21,CLEAR,1,DAYLIGHT,12,MOTOR VEHICLE IN TRANSPORT,MORRIS GENTRY BLVD & MURFREESBORO PKE,ANTIOCH,TN,37013,8865,SOUTH,36.0673,-86.6314,POINT (-86.6314 36.0673)
20190793068,10/31/2019 06:05:00 AM,2,2,0,,N,311800,4,ANGLE,2,RAIN,4,DAWN,12,MOTOR VEHICLE IN TRANSPORT,HERMITAGE AV & PEABODY ST,NASHVILLE,TN,37201,4047,CENTRA,36.1622,-86.7744,POINT (-86.7744 36.1622)
20190637498,08/25/2019 08:30:00 AM,2,0,0,,Y,717341,4,ANGLE,21,CLEAR,1,DAYLIGHT,14,PARKED MOTOR VEHICLE,CEDAR POINTE PKWY & CANE RIDGE RD,ANTIOCH,TN,37013,8721,SOUTH,36.0479,-86.665,POINT (-86.665 36.0479)
20190779922,10/25/2019 11:54:00 AM,2,0,0,,Y,620072,5,SIDESWIPE - SAME DIRECTION,2,RAIN,1,DAYLIGHT,12;14,MOTOR VEHICLE IN TRANSPORT;PARKED MOTOR VEHICLE,DIVISION ST & 19TH AVE S,NASHVILLE,TN,37203,6715,MIDTOW,36.1505,-86.7957,POINT (-86.7957 36.1505)
20190682463,09/13/2019 08:09:00 PM,1,1,0,,N,306708,0,NOT COLLISION W/MOTOR VEHICLE-TRANSPORT,21,CLEAR,3,DARK - LIGHTED,8,PEDESTRIAN,E PALESTINE AVE & US HWY 31E,MADISON,TN,37115,1507,MADISO,36.2494,-86.7194,POINT (-86.7194 36.2494)
20190616541,08/18/2019 05:31:00 PM,2,0,0,,Y,279204,98,OTHER,21,CLEAR,1,DAYLIGHT,12,MOTOR VEHICLE IN TRANSPORT,TAYLOR ST & 9TH AVN,NASHVILLE,TN,37208,4325,NORTH,36.1761,-86.7948,POINT (-86.7948 36.1761)
20190868554,12/03/2019 12:00:00 AM,1,1,0,Y,N,676828,0,NOT COLLISION W/MOTOR VEHICLE-TRANSPORT,21,CLEAR,3,DARK - LIGHTED,31;63,"OTHER POST, POLE, SUPP.;Ran Off Road-Right",14TH AVS & WEDGEWOOD AV,NASHVILLE,TN,37212,6617,MIDTOW,36.136,-86.7907,POINT (-86.7907 36.136)
20190770498,10/21/2019 03:12:00 PM,1,0,0,Y,N,834813,0,NOT COLLISION W/MOTOR VEHICLE-TRANSPORT,2,RAIN,1,DAYLIGHT,16,THROWN OR FALLING OBJECT,BRILEY PKWYW & I24 W ENT RAMP,NASHVILLE,TN,37207,2014,MADISO,36.2383,-86.7832,POINT (-86.7832 36.2383)
20190732312,10/04/2019 06:33:00 PM,2,0,0,,Y,330440,5,SIDESWIPE - SAME DIRECTION,21,CLEAR,3,DARK - LIGHTED,12,MOTOR VEHICLE IN TRANSPORT,MM 207 0 I 40,NASHVILLE,TN,37208,44021,NORTH,36.1696,-86.8114,POINT (-86.8114 36.1696)
20190840941,11/20/2019 12:05:00 PM,2,0,0,,N,235761,11,Front to Rear,21,CLEAR,1,DAYLIGHT,12,MOTOR VEHICLE IN TRANSPORT,MM 204 2 I 40,NASHVILLE,TN,37209,45023,WEST,36.1532,-86.8539,POINT (-86.8539 36.1532)
20190886875,12/10/2019 04:46:00 PM,2,1,0,,N,256417,4,ANGLE,21,CLEAR,1,DAYLIGHT,12,MOTOR VEHICLE IN TRANSPORT,OLD HICKORY BLVD & BURNING TREE DR,HERMITAGE,TN,37076,9557,HERMIT,36.1742,-86.6019,POINT (-86.6019 36.1742)
20190748504,10/12/2019 12:00:00 AM,2,1,0,,N,197055,4,ANGLE,,,3,DARK - LIGHTED,12,MOTOR VEHICLE IN TRANSPORT,PIN HOOK RD & HOBSON PKE,ANTIOCH,TN,37013,8927,SOUTH,36.0493,-86.5999,POINT (-86.5999 36.0493)
20190715018,09/27/2019 01:02:00 PM,2,1,0,,N,405447,4,ANGLE,21,CLEAR,1,DAYLIGHT,12,MOTOR VEHICLE IN TRANSPORT,BRENTWOOD EAST DR & NOLENSVILLE PKE,NASHVILLE,TN,37211,8651,MIDTOW,36.0442,-86.7131,POINT (-86.7131 36.0442)
20190770504,10/21/2019 01:15:00 PM,2,0,0,,Y,256389,5,SIDESWIPE - SAME DIRECTION,2,RAIN,1,DAYLIGHT,12,MOTOR VEHICLE IN TRANSPORT,MM 208 4 I 40,NASHVILLE,TN,37203,54024,NORTH,36.165,-86.7943,POINT (-86.7943 36.165)
20190755115,10/14/2019 10:57:00 PM,2,0,0,,Y,298859,4,ANGLE,21,CLEAR,3,DARK - LIGHTED,12,MOTOR VEHICLE IN TRANSPORT,LEBANON PKE & SHUTE LN,HERMITAGE,TN,37076,9535,HERMIT,36.2146,-86.6047,POINT (-86.6047 36.2146)
20190660433,09/04/2019 07:32:00 PM,2,0,0,,Y,151132,4,ANGLE,21,CLEAR,2,DARK - NOT LIGHTED,12,MOTOR VEHICLE IN TRANSPORT,BRILEY PKWY W EXT RAMP & BRILEY PKWY W E,NASHVILLE,TN,37207,2033,MADISO,36.2392,-86.7799,POINT (-86.7799 36.2392)
20190761132,10/17/2019 10:40:00 AM,2,0,0,,N,676834,5,SIDESWIPE - SAME DIRECTION,21,CLEAR,1,DAYLIGHT,12,MOTOR VEHICLE IN TRANSPORT,W HAMILTON AV & HAROLD PREWETT DR,NASHVILLE,TN,37218,3103,NORTH,36.2098,-86.832,POINT (-86.832 36.2098)
20190827374,11/14/2019 06:55:00 PM,2,2,0,,N,256389,11,Front to Rear,21,CLEAR,3,DARK - LIGHTED,12,MOTOR VEHICLE IN TRANSPORT,HARDING PL & TROUSDALE DR,NASHVILLE,TN,37211,8603,MIDTOW,36.081,-86.757,POINT (-86.757 36.081)
20190841315,11/20/2019 03:03:00 PM,2,0,0,,N,212344,5,SIDESWIPE - SAME DIRECTION,21,CLEAR,1,DAYLIGHT,12,MOTOR VEHICLE IN TRANSPORT,MM 211 1 I 40,NASHVILLE,TN,37210,8008,HERMIT,36.1539,-86.7571,POINT (-86.7571 36.1539)
20190652679,09/01/2019 03:37:00 PM,2,2,0,,N,212369,4,ANGLE,21,CLEAR,1,DAYLIGHT,12,MOTOR VEHICLE IN TRANSPORT,HARDING PL & MILNER DR,NASHVILLE,TN,37211,8609,MIDTOW,36.0781,-86.7307,POINT (-86.7307 36.0781)
20190916891,12/23/2019 08:32:00 PM,2,1,0,,Y,725774,4,ANGLE,21,CLEAR,3,DARK - LIGHTED,12,MOTOR VEHICLE IN TRANSPORT,OLD HICKORY BLVD & CENTRAL PKE,HERMITAGE,TN,37076,9557,HERMIT,36.1676,-86.7787,POINT (-86.7787 36.1676)
20190690735,09/17/2019 03:58:00 PM,4,0,0,,N,206676,11,Front to Rear,21,CLEAR,1,DAYLIGHT,12,MOTOR VEHICLE IN TRANSPORT,MM 94 1 I 65,MADISON,TN,37115,17042,MADISO,36.2893,-86.724,POINT (-86.724 36.2893)
20190927244,12/29/2019 08:26:00 AM,1,0,0,,N,420059,0,NOT COLLISION W/MOTOR VEHICLE-TRANSPORT,21,CLEAR,1,DAYLIGHT,33,CURB,BLACKMAN RD & EDMONDSON PKE,NASHVILLE,TN,37211,8611,MIDTOW,36.0722,-86.733,POINT (-86.733 36.0722)
20190641312,08/28/2019 02:20:00 AM,2,0,0,,Y,320590,4,ANGLE,21,CLEAR,3,DARK - LIGHTED,12;14,MOTOR VEHICLE IN TRANSPORT;PARKED MOTOR VEHICLE,BAPTIST WORLD CENTER DR & VASHTI ST,NASHVILLE,TN,37207,3001,NORTH,36.1949,-86.7798,POINT (-86.7798 36.1949)
20190676096,09/11/2019 12:07:00 PM,2,8,2,,N,716886,11,Front to Rear,21,CLEAR,1,DAYLIGHT,12,MOTOR VEHICLE IN TRANSPORT,MM 6 4 I 440,NASHVILLE,TN,37210,83040,SOUTH,36.1239,-86.7466,POINT (-86.7466 36.1239)
20190740862,10/08/2019 10:30:00 PM,2,1,0,,N,311338,11,Front to Rear,21,CLEAR,3,DARK - LIGHTED,12,MOTOR VEHICLE IN TRANSPORT,JEFFERSON ST & ED TEMPLE BLVD,NASHVILLE,TN,37209,4521,NORTH,36.1678,-86.8208,POINT (-86.8208 36.1678)
20190892232,12/12/2019 03:22:00 PM,2,0,0,,Y,163667,5,SIDESWIPE - SAME DIRECTION,21,CLEAR,1,DAYLIGHT,12,MOTOR VEHICLE IN TRANSPORT,NOLENSVILLE PKE & YELTON CT,NASHVILLE,TN,37211,8435,SOUTH,36.0911,-86.7348,POINT (-86.7348 36.0911)
20190603219,08/13/2019 11:21:00 AM,1,0,0,,Y,716886,0,NOT COLLISION W/MOTOR VEHICLE-TRANSPORT,21,CLEAR,1,DAYLIGHT,30,UTILITY POLE,MIMOSA DR & MCCALL ST,NASHVILLE,TN,37211,8429,SOUTH,36.0985,-86.7267,POINT (-86.7267 36.0985)
20190791006,10/30/2019 09:19:00 AM,2,0,0,,N,223502,5,SIDESWIPE - SAME DIRECTION,2,RAIN,1,DAYLIGHT,12,MOTOR VEHICLE IN TRANSPORT,NOLENSVILLE PKE & COLLIER AV,NASHVILLE,TN,37211,8425,SOUTH,36.11,-86.7447,POINT (-86.7447 36.11)
20190731686,10/04/2019 01:45:00 PM,2,0,0,,N,909486,4,ANGLE,21,CLEAR,1,DAYLIGHT,12,MOTOR VEHICLE IN TRANSPORT,NOLENSVILLE PKE & HARDING PL,NASHVILLE,TN,37211,8445,SOUTH,36.0809,-86.7267,POINT (-86.7267 36.0809)
20190871832,12/04/2019 07:34:00 AM,2,0,0,,N,834798,5,SIDESWIPE - SAME DIRECTION,21,CLEAR,1,DAYLIGHT,12,MOTOR VEHICLE IN TRANSPORT,OLD HICKORY BLVD & HIGHLAND WAY,NASHVILLE,TN,37211,8651,MIDTOW,36.0398,-86.7409,POINT (-86.7409 36.0398)
20190855499,11/26/2019 04:45:00 PM,2,1,0,,N,717341,4,ANGLE,2,RAIN,5,DUSK,12,MOTOR VEHICLE IN TRANSPORT,CURREY RD & EAST THOMPSON LN,NASHVILLE,TN,37211,8809,SOUTH,36.1189,-86.7186,POINT (-86.7186 36.1189)
20190687129,09/16/2019 07:32:00 AM,2,0,0,,N,224955,5,SIDESWIPE - SAME DIRECTION,22,CLOUDY,1,DAYLIGHT,12,MOTOR VEHICLE IN TRANSPORT,DICKERSON PKE & SKYLINE MEMORIAL CT,MADISON,TN,37115,2009,MADISO,36.2438,-86.7566,POINT (-86.7566 36.2438)
20190733709,10/05/2019 01:10:00 PM,2,0,0,,N,279206,5,SIDESWIPE - SAME DIRECTION,21,CLEAR,1,DAYLIGHT,12,MOTOR VEHICLE IN TRANSPORT,MM 211 7 I 40,NASHVILLE,TN,37210,82042,HERMIT,36.1499,-86.7483,POINT (-86.7483 36.1499)
20190882923,12/09/2019 06:40:00 AM,2,0,0,,N,352164,11,Front to Rear,21,CLEAR,1,DAYLIGHT,12,MOTOR VEHICLE IN TRANSPORT,MM 59 5 I 24,ANTIOCH,TN,37013,88060,SOUTH,36.0441,-86.6567,POINT (-86.6567 36.0441)
20190721458,09/30/2019 02:13:00 PM,2,0,0,,N,267831,4,ANGLE,21,CLEAR,1,DAYLIGHT,12,MOTOR VEHICLE IN TRANSPORT,WHITE BRIDGE PKE & LENOX AV,NASHVILLE,TN,37209,5103,WEST,36.1493,-86.8579,POINT (-86.8579 36.1493)
20190894873,12/13/2019 05:50:00 PM,2,0,0,,Y,256384,5,SIDESWIPE - SAME DIRECTION,2,RAIN,3,DARK - LIGHTED,12,MOTOR VEHICLE IN TRANSPORT,MM 53 3 I 24,NASHVILLE,TN,37210,88141,SOUTH,36.1146,-86.7245,POINT (-86.7245 36.1146)
20190613155,08/17/2019 03:23:00 AM,2,0,0,,N,352209,4,ANGLE,21,CLEAR,3,DARK - LIGHTED,12,MOTOR VEHICLE IN TRANSPORT,SHELBY AV & I24 E EXT RAMP,NASHVILLE,TN,37213,1007,CENTRA,36.1664,-86.7654,POINT (-86.7654 36.1664)
20190667952,09/08/2019 12:00:00 AM,2,0,0,,Y,320591,6,SIDESWIPE - OPPOSITE DIRECTION,21,CLEAR,3,DARK - LIGHTED,12,MOTOR VEHICLE IN TRANSPORT,BELL RD & BENZING RD,ANTIOCH,TN,37013,8755,SOUTH,36.0453,-86.7017,POINT (-86.7017 36.0453)
20190648511,08/30/2019 06:57:00 PM,2,0,0,,N,420040,4,ANGLE,21,CLEAR,1,DAYLIGHT,12,MOTOR VEHICLE IN TRANSPORT,CHARLOTTE AV & I40 E EXT RAMP,NASHVILLE,TN,37203,5501,MIDTOW,36.161,-86.7932,POINT (-86.7932 36.161)
20190695111,09/19/2019 07:10:00 AM,2,0,0,,N,799013,4,ANGLE,21,CLEAR,1,DAYLIGHT,12,MOTOR VEHICLE IN TRANSPORT,STEWARTS FERRY PKE & LEBANON PKE,NASHVILLE,TN,37214,9401,HERMIT,36.1684,-86.6569,POINT (-86.6569 36.1684)
20190664427,09/06/2019 11:39:00 AM,2,0,0,,N,320575,4,ANGLE,21,CLEAR,1,DAYLIGHT,12,MOTOR VEHICLE IN TRANSPORT,BELL RD & BLUE HOLE RD,ANTIOCH,TN,37013,8719,SOUTH,36.0458,-86.6744,POINT (-86.6744 36.0458)
20190625069,08/21/2019 05:07:00 PM,2,1,0,,N,298858,11,Front to Rear,21,CLEAR,1,DAYLIGHT,12,MOTOR VEHICLE IN TRANSPORT,MM 209 0 I 40,NASHVILLE,TN,37203,4104,CENTRA,36.1574,-86.7903,POINT (-86.7903 36.1574)
20190909872,12/20/2019 07:48:00 AM,2,0,0,,Y,134899,4,ANGLE,21,CLEAR,1,DAYLIGHT,12,MOTOR VEHICLE IN TRANSPORT,LEBANON PKE & LEBANON PIKE CIR,NASHVILLE,TN,37210,9021,HERMIT,36.1536,-86.7179,POINT (-86.7179 36.1536)
20190637445,08/26/2019 02:31:00 PM,2,0,0,,N,256426,4,ANGLE,22,CLOUDY,1,DAYLIGHT,12,MOTOR VEHICLE IN TRANSPORT,CRESTWOOD RD & CLIFFDALE RD,NASHVILLE,TN,37214,9303,HERMIT,36.1719,-86.668,POINT (-86.668 36.1719)