Accident Number,Date and Time,Number of Motor Vehicles,Number of Injuries,Number of Fatalities,Property Damage,Hit and Run,Reporting Officer,Collision Type Code,Collision Type Description,Weather Code,Weather Description,Illumination Code,Illumination Description,Harmful Code,Harmful Code Description,Street Address,City,State,ZIP,RPA,Precinct,Latitude,Longitude,Mapped Location
20190833453,11/17/2019 02:08:00 PM,4,4,0,,N,279110,11,Front to Rear,21,CLEAR,1,DAYLIGHT,12,MOTOR VEHICLE IN TRANSPORT,MM 59 4 I 24,ANTIOCH,TN,37013,8808,SOUTH,36.0454,-86.659,POINT (-86.659 36.0454)
20190875058,12/05/2019 12:29:00 PM,2,0,0,,N,226622,4,ANGLE,21,CLEAR,1,DAYLIGHT,12,MOTOR VEHICLE IN TRANSPORT,HARDING PKE & HIGHWAY 100,NASHVILLE,TN,37205,6209,WEST,36.0997,-86.8714,POINT (-86.8714 36.0997)
20190781447,10/26/2019 03:23:00 AM,1,0,0,Y,N,256377,0,NOT COLLISION W/MOTOR VEHICLE-TRANSPORT,2,RAIN,2,DARK - NOT LIGHTED,31;43;63,"OTHER POST, POLE, SUPP.;OTHER FIXED OBJECTS;Ran Off Road-Right",BELL RD & STEWARTS FERRY PKE,NASHVILLE,TN,37214,8959,HERMIT,36.1522,-86.6251,POINT (-86.6251 36.1522)
20190914870,12/22/2019 12:00:00 AM,1,0,0,Y,N,330441,0,NOT COLLISION W/MOTOR VEHICLE-TRANSPORT,2,RAIN,2,DARK - NOT LIGHTED,20,IMPACT ATTENUATOR,MM 4 8 I 440,NASHVILLE,TN,37204,6930,MIDTOW,36.1159,-86.7752,POINT (-86.7752 36.1159)
20190910415,12/20/2019 12:45:00 PM,2,0,0,,N,676834,11,Front to Rear,21,CLEAR,1,DAYLIGHT,12,MOTOR VEHICLE IN TRANSPORT,MM 208 2 I 40,NASHVILLE,TN,37208,54023,NORTH,36.1681,-86.7964,POINT (-86.7964 36.1681)
20190861490,11/29/2019 03:40:00 PM,2,0,0,,Y,311337,5,SIDESWIPE - SAME DIRECTION,21,CLEAR,1,DAYLIGHT,12,MOTOR VEHICLE IN TRANSPORT,LEBANON PKE & OLD HICKORY BLVD,HERMITAGE,TN,37076,9613,HERMIT,36.1756,-86.6154,POINT (-86.6154 36.1756)
20190601391,08/12/2019 08:25:00 PM,2,0,0,,Y,352161,4,ANGLE,21,CLEAR,3,DARK - LIGHTED,12,MOTOR VEHICLE IN TRANSPORT,CHARLOTTE AV & ROSA L PARKS BLVD,NASHVILLE,TN,37203,4147,CENTRA,36.1634,-86.7876,POINT (-86.7876 36.1634)
20190895014,12/13/2019 07:31:00 PM,2,1,0,,N,352168,5,SIDESWIPE - SAME DIRECTION,2,RAIN,2,DARK - NOT LIGHTED,12;36,MOTOR VEHICLE IN TRANSPORT;CONCRETE TRAFFIC BARRIER,MM 74 7 I 65,NASHVILLE,TN,37220,71040,MIDTOW,36.0415,-86.7825,POINT (-86.7825 36.0415)
20190632866,08/24/2019 02:34:00 PM,2,2,0,,N,352197,11,Front to Rear,21,CLEAR,1,DAYLIGHT,12,MOTOR VEHICLE IN TRANSPORT,HARDING PL & TAMPA DR,NASHVILLE,TN,37211,8705,SOUTH,36.0827,-86.7105,POINT (-86.7105 36.0827)
20190767361,10/20/2019 02:15:00 AM,2,0,0,,Y,352201,5,SIDESWIPE - SAME DIRECTION,22,CLOUDY,3,DARK - LIGHTED,14,PARKED MOTOR VEHICLE,BROADWAY & 4TH AVN,NASHVILLE,TN,37203,4091,CENTRA,36.161,-86.7772,POINT (-86.7772 36.161)
20190847270,11/22/2019 11:03:00 PM,2,0,0,,Y,179603,5,SIDESWIPE - SAME DIRECTION,22,CLOUDY,3,DARK - LIGHTED,12;14,MOTOR VEHICLE IN TRANSPORT;PARKED MOTOR VEHICLE,WOODSTOCK DR & RAINWOOD DR,NASHVILLE,TN,37207,2033,MADISO,36.2439,-86.7763,POINT (-86.7763 36.2439)
20190840791,11/20/2019 11:01:00 AM,2,0,0,,N,109534,11,Front to Rear,21,CLEAR,1,DAYLIGHT,12,MOTOR VEHICLE IN TRANSPORT,MM 211 8 I 40,NASHVILLE,TN,37210,90022,HERMIT,36.149,-86.7465,POINT (-86.7465 36.149)
20190678253,09/12/2019 09:00:00 AM,2,1,0,,Y,226622,11,Front to Rear,21,CLEAR,1,DAYLIGHT,12,MOTOR VEHICLE IN TRANSPORT,MM 205 5 I 40,NASHVILLE,TN,37209,52040,WEST,36.1549,-86.8305,POINT (-86.8305 36.1549)
20190612735,08/16/2019 12:00:00 AM,1,0,0,Y,Y,320591,9,UNKNOWN,21,CLEAR,3,DARK - LIGHTED,99,UNKNOWN MOST HARMFUL EVENT,BELL RD & RICE RD,ANTIOCH,TN,37013,8865,SOUTH,36.0731,-86.6358,POINT (-86.6358 36.0731)
20190776306,10/23/2019 12:00:00 AM,2,0,0,,Y,240978,16,Rear to Side,21,CLEAR,3,DARK - LIGHTED,14,PARKED MOTOR VEHICLE,SHELTON AV & KATHERINE ST,NASHVILLE,TN,37216,1439,EAST,36.2093,-86.7297,POINT (-86.7297 36.2093)
20190794622,10/31/2019 07:00:00 PM,2,0,0,,Y,256392,6,SIDESWIPE - OPPOSITE DIRECTION,21,CLEAR,3,DARK - LIGHTED,12,MOTOR VEHICLE IN TRANSPORT,ROSA L PARKS BLVD & GARFIELD ST,NASHVILLE,TN,37208,4343,NORTH,36.18,-86.796,POINT (-86.796 36.18)
20190820742,11/12/2019 05:18:00 AM,2,1,0,,N,256382,0,NOT COLLISION W/MOTOR VEHICLE-TRANSPORT,98,OTHER (NARRATIVE),3,DARK - LIGHTED,39,WALL,STATE HWY 155 & PENNINGTON BEND RD,NASHVILLE,TN,37214,92860,HERMIT,36.2357,-86.7097,POINT (-86.7097 36.2357)
20190781430,10/26/2019 03:10:00 AM,2,2,0,,N,342952,4,ANGLE,2,RAIN,3,DARK - LIGHTED,12;43,MOTOR VEHICLE IN TRANSPORT;OTHER FIXED OBJECTS,LEBANON PKE & OLD HICKORY BLVD,HERMITAGE,TN,37076,9613,HERMIT,36.1756,-86.6154,POINT (-86.6154 36.1756)
20190931925,12/31/2019 01:30:00 PM,2,1,0,,N,716877,2,HEAD-ON,21,CLEAR,1,DAYLIGHT,12,MOTOR VEHICLE IN TRANSPORT,HAYWOOD LN & APACHE TRL,NASHVILLE,TN,37211,8707,SOUTH,36.0696,-86.6939,POINT (-86.6939 36.0696)
20190775516,10/23/2019 03:58:00 PM,2,1,0,,N,311337,4,ANGLE,21,CLEAR,1,DAYLIGHT,12,MOTOR VEHICLE IN TRANSPORT,WINDSOR CHASE WAY & ANDREW JACKSON PKWY,HERMITAGE,TN,37076,9727,HERMIT,36.2197,-86.5976,POINT (-86.5976 36.2197)
20190759017,10/16/2019 01:40:00 PM,1,1,0,,N,462474,0,NOT COLLISION W/MOTOR VEHICLE-TRANSPORT,21,CLEAR,1,DAYLIGHT,9,,17TH AVN & CHARLOTTE AV,NASHVILLE,TN,37203,5503,MIDTOW,36.1588,-86.7982,POINT (-86.7982 36.1588)
20190748022,10/11/2019 07:26:00 PM,3,0,0,,N,240955,11,Front to Rear,2,RAIN,3,DARK - LIGHTED,12,MOTOR VEHICLE IN TRANSPORT,US HWY 41 & LAKEVILLA DR,NASHVILLE,TN,37217,8939,HERMIT,36.0773,-86.6417,POINT (-86.6417 36.0773)
20190795592,11/01/2019 12:00:00 AM,2,0,0,,N,278580,11,Front to Rear,21,CLEAR,1,DAYLIGHT,12,MOTOR VEHICLE IN TRANSPORT,MM 37 5 I 24,WHITES CREEK,TN,37189,33181,NORTH,36.3118,-86.8294,POINT (-86.8294 36.3118)
20190834929,11/18/2019 06:44:00 AM,2,0,0,,Y,474557,5,SIDESWIPE - SAME DIRECTION,21,CLEAR,1,DAYLIGHT,12,MOTOR VEHICLE IN TRANSPORT,NOLENSVILLE PKE & OLD HICKORY BLVD,NASHVILLE,TN,37211,8717,SOUTH,36.0454,-86.7133,POINT (-86.7133 36.0454)
20190629924,08/23/2019 10:05:00 AM,1,0,0,Y,N,320595,0,NOT COLLISION W/MOTOR VEHICLE-TRANSPORT,22,CLOUDY,1,DAYLIGHT,24,GUARDRAIL FACE,BRILEY PKWY S ENT RAMP & BRILEY PKWY S E,NASHVILLE,TN,37210,9039,HERMIT,36.1525,-86.6919,POINT (-86.6919 36.1525)
20190824754,11/13/2019 04:27:00 PM,2,0,0,,N,212330,4,ANGLE,21,CLEAR,5,DUSK,12,MOTOR VEHICLE IN TRANSPORT,ANTIOCH PKE & PERIMETER HILL DR,NASHVILLE,TN,37211,8889,SOUTH,36.0859,-86.6911,POINT (-86.6911 36.0859)
20190647816,08/30/2019 02:00:00 PM,2,0,0,,Y,676834,4,ANGLE,21,CLEAR,1,DAYLIGHT,12,MOTOR VEHICLE IN TRANSPORT,12TH AVN & HERMAN ST,NASHVILLE,TN,37203,5421,NORTH,36.1672,-86.7964,POINT (-86.7964 36.1672)
20190724257,10/01/2019 04:21:00 PM,2,0,0,,N,309262,11,Front to Rear,21,CLEAR,1,DAYLIGHT,12,MOTOR VEHICLE IN TRANSPORT,BRILEY PKWY E EXT RAMP & DICKERSON PKE,NASHVILLE,TN,37207,2029,MADISO,36.2408,-86.7578,POINT (-86.7578 36.2408)
20190817081,11/10/2019 12:50:00 PM,2,0,0,,Y,799013,5,SIDESWIPE - SAME DIRECTION,21,CLEAR,1,DAYLIGHT,12,MOTOR VEHICLE IN TRANSPORT,I40 W EXT RAMP & I 40,NASHVILLE,TN,37203,4119,CENTRA,36.1574,-86.79,POINT (-86.79 36.1574)
20190747025,10/11/2019 09:40:00 AM,2,1,0,,N,352159,5,SIDESWIPE - SAME DIRECTION,21,CLEAR,1,DAYLIGHT,12,MOTOR VEHICLE IN TRANSPORT,BROADMOOR DR & ELLINGTON PKWYS,NASHVILLE,TN,37207,1884,EAST,36.2307,-86.7477,POINT (-86.7477 36.2307)
20190600424,08/12/2019 12:16:00 PM,1,0,0,,N,716886,0,NOT COLLISION W/MOTOR VEHICLE-TRANSPORT,21,CLEAR,1,DAYLIGHT,18,OTHER OBJECT (NOT FIXED),MM 54 7 I 24,NASHVILLE,TN,37211,8602,SOUTH,36.0977,-86.7096,POINT (-86.7096 36.0977)
20190867447,12/02/2019 04:28:00 PM,2,1,0,,N,352195,11,Front to Rear,21,CLEAR,1,DAYLIGHT,12,MOTOR VEHICLE IN TRANSPORT,LAKERIDGE PASS & LINCOYA BAY DR,NASHVILLE,TN,37214,8995,HERMIT,36.1455,-86.6263,POINT (-86.6263 36.1455)
20190706980,09/24/2019 09:18:00 AM,2,0,0,,Y,584947,9,UNKNOWN,21,CLEAR,1,DAYLIGHT,14,PARKED MOTOR VEHICLE,OLD HICKORY BLVD & EDMONDSON PKE,NASHVILLE,TN,37220,8615,MIDTOW,36.04,-86.7435,POINT (-86.7435 36.04)
20190829670,11/15/2019 05:20:00 PM,2,0,0,,N,352155,4,ANGLE,21,CLEAR,3,DARK - LIGHTED,12,MOTOR VEHICLE IN TRANSPORT,W TRINITY LN & SCRUGGS LN,NASHVILLE,TN,37207,3007,NORTH,36.2068,-86.7805,POINT (-86.7805 36.2068)
20190754098,10/14/2019 04:26:00 PM,2,0,0,,N,151132,11,Front to Rear,21,CLEAR,1,DAYLIGHT,12,MOTOR VEHICLE IN TRANSPORT,BRILEY PKWYE & DICKERSON PKE,NASHVILLE,TN,37207,2029,MADISO,36.2413,-86.7573,POINT (-86.7573 36.2413)
20190770356,10/21/2019 02:44:00 PM,2,0,0,,N,256389,11,Front to Rear,2,RAIN,1,DAYLIGHT,12,MOTOR VEHICLE IN TRANSPORT,OLD HICKORY BLVD & I65 S EXT RAMP,NASHVILLE,TN,37220,7111,MIDTOW,36.0377,-86.7848,POINT (-86.7848 36.0377)
20190810036,11/07/2019 08:28:00 AM,1,2,0,,Y,311339,0,NOT COLLISION W/MOTOR VEHICLE-TRANSPORT,2,RAIN,1,DAYLIGHT,15,OTHER TYPE NON-MOTORIST,4TH AVS & SYMPHONY PL,NASHVILLE,TN,37203,4091,CENTRA,36.1603,-86.7768,POINT (-86.7768 36.1603)
20190747872,10/11/2019 05:50:00 PM,2,0,0,,N,330443,4,ANGLE,2,RAIN,1,DAYLIGHT,12,MOTOR VEHICLE IN TRANSPORT,MM 40 4 I 24,WHITES CREEK,TN,37189,3314,NORTH,36.2786,-86.8016,POINT (-86.8016 36.2786)
20190706717,09/24/2019 07:40:00 AM,2,0,0,,Y,384392,5,SIDESWIPE - SAME DIRECTION,21,CLEAR,1,DAYLIGHT,12,MOTOR VEHICLE IN TRANSPORT,WESTWOOD AV & 25TH AVS,NASHVILLE,TN,37212,5911,MIDTOW,36.1266,-86.806,POINT (-86.806 36.1266)
20190871708,12/04/2019 06:51:00 AM,2,0,0,,N,191578,11,Front to Rear,21,CLEAR,1,DAYLIGHT,12,MOTOR VEHICLE IN TRANSPORT,LEBANON PKE & LADY NASHVILLE DR,HERMITAGE,TN,37076,9525,HERMIT,36.2159,-86.5862,POINT (-86.5862 36.2159)
20190772584,10/22/2019 12:28:00 PM,2,0,0,,N,334981,5,SIDESWIPE - SAME DIRECTION,21,CLEAR,1,DAYLIGHT,12,MOTOR VEHICLE IN TRANSPORT,KIRKWOOD AV & BELMONT BLVD,NASHVILLE,TN,37212,6505,MIDTOW,36.1216,-86.7948,POINT (-86.7948 36.1216)
20190849207,11/23/2019 10:40:00 PM,2,0,0,,Y,352193,11,Front to Rear,21,CLEAR,3,DARK - LIGHTED,12,MOTOR VEHICLE IN TRANSPORT,MM 212 6 I 40,NASHVILLE,TN,37210,90040,HERMIT,36.1439,-86.7382,POINT (-86.7382 36.1439)
20190715254,09/27/2019 03:07:00 PM,2,0,0,,N,311337,11,Front to Rear,21,CLEAR,1,DAYLIGHT,12,MOTOR VEHICLE IN TRANSPORT,ELM HILL PKE & BRILEY PKWYN,NASHVILLE,TN,37214,91980,HERMIT,36.1521,-86.6907,POINT (-86.6907 36.1521)
20190702190,09/22/2019 07:35:00 AM,2,0,0,,Y,876581,11,Front to Rear,21,CLEAR,1,DAYLIGHT,12,MOTOR VEHICLE IN TRANSPORT,MYATT DR & US HWY 31E,MADISON,TN,37115,1731,MADISO,36.2969,-86.699,POINT (-86.699 36.2969)
20190824404,11/13/2019 02:02:00 PM,2,0,0,,N,109534,11,Front to Rear,21,CLEAR,1,DAYLIGHT,12,MOTOR VEHICLE IN TRANSPORT,EDGE O LAKE DR & MURFREESBORO PKE,NASHVILLE,TN,37217,8939,HERMIT,36.0797,-86.6443,POINT (-86.6443 36.0797)
20190768390,10/20/2019 04:40:00 PM,2,0,0,,N,352207,4,ANGLE,21,CLEAR,1,DAYLIGHT,12,MOTOR VEHICLE IN TRANSPORT,OLD HICKORY BLVD & HIGHLAND WAY,NASHVILLE,TN,37211,8651,MIDTOW,36.0398,-86.7409,POINT (-86.7409 36.0398)
20190758311,10/16/2019 07:55:00 AM,2,0,0,,N,226622,4,ANGLE,21,CLEAR,1,DAYLIGHT,12,MOTOR VEHICLE IN TRANSPORT,MEADOWBROOK AV & BOWLING AV,NASHVILLE,TN,37205,5213,WEST,36.138,-86.828,POINT (-86.828 36.138)
20190651740,09/01/2019 03:33:00 AM,1,0,0,,N,256382,0,NOT COLLISION W/MOTOR VEHICLE-TRANSPORT,21,CLEAR,3,DARK - LIGHTED,39,WALL,STATE HWY 155 & UNKNOWN RAMP,NASHVILLE,TN,37216,1503,EAST,36.2341,-86.7222,POINT (-86.7222 36.2341)
20190698359,09/20/2019 12:36:00 PM,3,0,0,,Y,110063,11,Front to Rear,21,CLEAR,1,DAYLIGHT,12,MOTOR VEHICLE IN TRANSPORT,W TRINITY LN & BRICK CHURCH PKE,NASHVILLE,TN,37207,3003,NORTH,36.2066,-86.7779,POINT (-86.7779 36.2066)
20190739226,10/08/2019 06:13:00 AM,2,0,0,,N,384431,11,Front to Rear,21,CLEAR,4,DAWN,12,MOTOR VEHICLE IN TRANSPORT,I40 E ENT RAMP & I 65,NASHVILLE,TN,37208,44040,NORTH,36.1768,-86.8011,POINT (-86.8011 36.1768)
20190907237,12/19/2019 07:20:00 AM,2,0,0,,N,311331,4,ANGLE,21,CLEAR,1,DAYLIGHT,12,MOTOR VEHICLE IN TRANSPORT,GALLATIN AV & CHESTER AV,NASHVILLE,TN,37206,1331,EAST,36.1955,-86.7429,POINT (-86.7429 36.1955)
20190673978,09/10/2019 06:19:00 PM,1,1,0,,N,311327,0,NOT COLLISION W/MOTOR VEHICLE-TRANSPORT,21,CLEAR,1,DAYLIGHT,36,CONCRETE TRAFFIC BARRIER,BRILEY PKWYE & BRILEY PKWYW,NASHVILLE,TN,37207,20120,MADISO,36.2396,-86.7751,POINT (-86.7751 36.2396)
20190731105,10/04/2019 09:57:00 AM,2,0,0,,N,109534,5,SIDESWIPE - SAME DIRECTION,21,CLEAR,1,DAYLIGHT,12,MOTOR VEHICLE IN TRANSPORT,KNIGHTS OF COLUMBUS BLVD & I40 E ENT RAM,NASHVILLE,TN,37217,8951,HERMIT,36.1422,-86.6967,POINT (-86.6967 36.1422)
20190721627,09/30/2019 03:55:00 PM,2,3,0,,N,384416,98,OTHER,21,CLEAR,1,DAYLIGHT,1;12,MOTOR VEHICLE IN TRANSPORT,MURFREESBORO PKE & FOREST VIEW DR,ANTIOCH,TN,37013,8865,SOUTH,36.0674,-86.6313,POINT (-86.6313 36.0674)
20190899972,12/16/2019 08:50:00 AM,2,0,0,,Y,337277,4,ANGLE,2,RAIN,1,DAYLIGHT,12,MOTOR VEHICLE IN TRANSPORT,WEST END AV & I440 W EXT RAMP,NASHVILLE,TN,37212,5905,MIDTOW,36.1379,-86.8206,POINT (-86.8206 36.1379)
20190858310,11/27/2019 06:35:00 PM,2,0,0,,Y,352184,5,SIDESWIPE - SAME DIRECTION,21,CLEAR,3,DARK - LIGHTED,12,MOTOR VEHICLE IN TRANSPORT,MM 87 0 I 65,NASHVILLE,TN,37207,18020,EAST,36.2018,-86.7766,POINT (-86.7766 36.2018)
20190914223,12/22/2019 01:08:00 PM,1,1,0,,N,352179,0,NOT COLLISION W/MOTOR VEHICLE-TRANSPORT,22,CLOUDY,1,DAYLIGHT,1;36;44;64;71,CONCRETE TRAFFIC BARRIER;PAVED SURFACE-IRREGULAR;Ran Off Road-Left;EMBANKMENT EARTH,MM 43 5 I 24,NASHVILLE,TN,37207,2014,MADISO,36.2381,-86.786,POINT (-86.786 36.2381)
20190837884,11/19/2019 10:06:00 AM,2,0,0,,N,591936,11,Front to Rear,21,CLEAR,1,DAYLIGHT,12,MOTOR VEHICLE IN TRANSPORT,HARDING PL & SIDCO DR,NASHVILLE,TN,37220,8601,MIDTOW,36.0819,-86.7612,POINT (-86.7612 36.0819)
20190764773,10/18/2019 08:00:00 PM,2,0,0,,N,299253,11,Front to Rear,21,CLEAR,3,DARK - LIGHTED,12,MOTOR VEHICLE IN TRANSPORT,DICKERSON PKE & OAK VALLEY DR,NASHVILLE,TN,37207,1811,EAST,36.2305,-86.7591,POINT (-86.7591 36.2305)
20190852572,11/25/2019 12:00:00 AM,2,0,0,,Y,109534,4,ANGLE,99,UNKNOWN,9,UNKNOWN,14;99,PARKED MOTOR VEHICLE;UNKNOWN MOST HARMFUL EVENT,DAHLIA CIR & RIVER HILLS DR,NASHVILLE,TN,37210,9025,HERMIT,36.1634,-86.7101,POINT (-86.7101 36.1634)
20190748757,10/12/2019 01:30:00 AM,2,0,0,,N,110090,4,ANGLE,2,RAIN,3,DARK - LIGHTED,12;14;34,MOTOR VEHICLE IN TRANSPORT;PARKED MOTOR VEHICLE;DITCH,PETTUS RD & OLD HICKORY BLVD,ANTIOCH,TN,37013,8761,SOUTH,36.051,-86.6743,POINT (-86.6743 36.051)
20190813294,11/08/2019 05:10:00 PM,2,1,0,,N,352177,6,SIDESWIPE - OPPOSITE DIRECTION,21,CLEAR,3,DARK - LIGHTED,12,MOTOR VEHICLE IN TRANSPORT,HARDING PKE & KENNER AV,NASHVILLE,TN,37205,6021,WEST,36.1261,-86.8461,POINT (-86.8461 36.1261)
20190916887,12/23/2019 07:38:00 PM,2,0,0,,Y,352178,6,SIDESWIPE - OPPOSITE DIRECTION,21,CLEAR,3,DARK - LIGHTED,12,MOTOR VEHICLE IN TRANSPORT,ASHLAND CITY HWY & DRAKES BRANCH RD,NASHVILLE,TN,37218,3167,NORTH,36.2076,-86.858,POINT (-86.858 36.2076)
20190615221,08/18/2019 12:37:00 AM,2,0,0,,N,311343,4,ANGLE,21,CLEAR,3,DARK - LIGHTED,12,MOTOR VEHICLE IN TRANSPORT,WOODMONT BLVD & GRANNY WHITE PKE,NASHVILLE,TN,37204,7007,MIDTOW,36.1116,-86.7926,POINT (-86.7926 36.1116)
20190872627,12/04/2019 01:46:00 PM,2,0,0,,Y,134899,4,ANGLE,21,CLEAR,1,DAYLIGHT,12,MOTOR VEHICLE IN TRANSPORT,OLD HICKORY BLVD & ANDREW JACKSON WAY,HERMITAGE,TN,37076,9561,HERMIT,36.1826,-86.6084,POINT (-86.6084 36.1826)
20190705119,09/23/2019 12:00:00 AM,2,0,0,,N,279118,5,SIDESWIPE - SAME DIRECTION,21,CLEAR,1,DAYLIGHT,12,MOTOR VEHICLE IN TRANSPORT,BELL RD & CANE RIDGE RD,ANTIOCH,TN,37013,8753,SOUTH,36.0449,-86.6631,POINT (-86.6631 36.0449)
20190585564,08/06/2019 10:12:00 PM,2,1,0,,N,256383,11,Front to Rear,2,RAIN,3,DARK - LIGHTED,12,MOTOR VEHICLE IN TRANSPORT,MURFREESBORO PKE & LAKEVILLA DR,ANTIOCH,TN,37013,8861,SOUTH,36.0767,-86.6409,POINT (-86.6409 36.0767)
20190752786,10/14/2019 12:00:00 AM,2,1,0,,Y,330441,5,SIDESWIPE - SAME DIRECTION,21,CLEAR,3,DARK - LIGHTED,12,MOTOR VEHICLE IN TRANSPORT,NOLENSVILLE PKE & RADNOR ST,NASHVILLE,TN,37211,8427,SOUTH,36.1048,-86.7421,POINT (-86.7421 36.1048)
20190813475,11/08/2019 06:03:00 PM,2,0,0,,Y,256389,5,SIDESWIPE - SAME DIRECTION,21,CLEAR,3,DARK - LIGHTED,12,MOTOR VEHICLE IN TRANSPORT,HILLSBORO PKE & WOODMONT BLVD,NASHVILLE,TN,37215,6105,WEST,36.114,-86.8109,POINT (-86.8109 36.114)
20190896716,12/14/2019 04:46:00 PM,2,0,0,,N,320585,11,Front to Rear,21,CLEAR,1,DAYLIGHT,12,MOTOR VEHICLE IN TRANSPORT,LEBANON PKE & BRILEY PKWY S ENT RAMP,NASHVILLE,TN,37214,9027,HERMIT,36.1683,-86.6887,POINT (-86.6887 36.1683)
20190910942,12/20/2019 06:10:00 PM,2,1,0,,N,320577,11,Front to Rear,21,CLEAR,3,DARK - LIGHTED,12,MOTOR VEHICLE IN TRANSPORT,MM 209 5 I 40,NASHVILLE,TN,37203,40040,CENTRA,36.1502,-86.7844,POINT (-86.7844 36.1502)
20190751370,10/13/2019 11:27:00 AM,2,0,0,,N,320574,11,Front to Rear,21,CLEAR,1,DAYLIGHT,12,MOTOR VEHICLE IN TRANSPORT,MM 51 5 I 24,NASHVILLE,TN,37210,9004,HERMIT,36.1404,-86.7287,POINT (-86.7287 36.1404)
20190617161,08/19/2019 12:24:00 AM,2,0,0,,Y,256382,11,Front to Rear,21,CLEAR,3,DARK - LIGHTED,12,MOTOR VEHICLE IN TRANSPORT,MM 212 0 I 40,NASHVILLE,TN,37210,90041,HERMIT,36.147,-86.7433,POINT (-86.7433 36.147)
20190830430,11/16/2019 12:10:00 AM,2,0,0,,Y,481573,5,SIDESWIPE - SAME DIRECTION,21,CLEAR,3,DARK - LIGHTED,12,MOTOR VEHICLE IN TRANSPORT,CHURCH ST & 16TH AVN,NASHVILLE,TN,37203,5519,MIDTOW,36.1562,-86.7953,POINT (-86.7953 36.1562)
20190849784,11/24/2019 06:20:00 AM,1,0,0,,Y,352212,0,NOT COLLISION W/MOTOR VEHICLE-TRANSPORT,21,CLEAR,1,DAYLIGHT,30,UTILITY POLE,300 HANCOCK ST,NASHVILLE,TN,37207,1965,EAST,36.1838,-86.7685,POINT (-86.7685 36.1838)
20190896209,12/14/2019 12:00:00 AM,1,0,0,Y,Y,298864,0,NOT COLLISION W/MOTOR VEHICLE-TRANSPORT,99,UNKNOWN,7,Dark-Unknown Lighting,19;24;99,BUILDING;GUARDRAIL FACE;UNKNOWN MOST HARMFUL EVENT,BECKLEA DR & SINGER DR,MADISON,TN,37115,1711,MADISO,36.2687,-86.7003,POINT (-86.7003 36.2687)
20190664062,09/06/2019 08:02:00 AM,2,0,0,,N,834798,5,SIDESWIPE - SAME DIRECTION,21,CLEAR,1,DAYLIGHT,12,MOTOR VEHICLE IN TRANSPORT,14TH AVS & BROADWAY,NASHVILLE,TN,37203,5701,MIDTOW,36.1557,-86.7897,POINT (-86.7897 36.1557)
20190780137,10/25/2019 01:41:00 PM,3,0,0,,N,134899,11,Front to Rear,2,RAIN,1,DAYLIGHT,12,MOTOR VEHICLE IN TRANSPORT,ROYAL PKWY & CLARIDGE DR,NASHVILLE,TN,37214,9103,HERMIT,36.1461,-86.6676,POINT (-86.6676 36.1461)
20190619366,08/19/2019 06:50:00 PM,3,2,0,,N,256379,11,Front to Rear,21,CLEAR,1,DAYLIGHT,12,MOTOR VEHICLE IN TRANSPORT,MM 53 7 I 24,NASHVILLE,TN,37211,88122,SOUTH,36.1097,-86.7216,POINT (-86.7216 36.1097)
20190810973,11/07/2019 05:54:00 PM,4,2,0,,Y,279211,11,Front to Rear,22,CLOUDY,3,DARK - LIGHTED,12,MOTOR VEHICLE IN TRANSPORT,BRILEY PKWYW & BRILEY PKWYE,NASHVILLE,TN,37218,3216,NORTH,36.2254,-86.8638,POINT (-86.8638 36.2254)
20190875891,12/05/2019 07:07:00 PM,2,0,0,,N,256384,5,SIDESWIPE - SAME DIRECTION,21,CLEAR,3,DARK - LIGHTED,12,MOTOR VEHICLE IN TRANSPORT,MM 51 6 I 24,NASHVILLE,TN,37210,82061,HERMIT,36.1403,-86.7313,POINT (-86.7313 36.1403)
20190645092,08/29/2019 02:14:00 PM,2,0,0,,N,161947,4,ANGLE,21,CLEAR,1,DAYLIGHT,12,MOTOR VEHICLE IN TRANSPORT,44 44TH AVE N,NASHVILLE,TN,37209,4537,WEST,36.1581,-86.8399,POINT (-86.8399 36.1581)
20190704200,09/23/2019 08:22:00 AM,2,0,0,,Y,311339,11,Front to Rear,21,CLEAR,1,DAYLIGHT,12,MOTOR VEHICLE IN TRANSPORT,MM 48 9 I 24,NASHVILLE,TN,37213,1104,CENTRA,36.1676,-86.7656,POINT (-86.7656 36.1676)
20190776137,10/23/2019 09:21:00 PM,2,1,0,,N,240976,11,Front to Rear,21,CLEAR,3,DARK - LIGHTED,12,MOTOR VEHICLE IN TRANSPORT,BRILEY PKWYE & I65 S EXT RAMP,MADISON,TN,37115,20122,MADISO,36.241,-86.7549,POINT (-86.7549 36.241)
20190710029,09/25/2019 01:22:00 PM,2,0,0,,N,226622,11,Front to Rear,21,CLEAR,1,DAYLIGHT,12,MOTOR VEHICLE IN TRANSPORT,OLD HICKORY BLVD & BELLE FOREST CONDOS P,NASHVILLE,TN,37205,4903,WEST,36.0773,-86.9202,POINT (-86.9202 36.0773)
20190728509,10/03/2019 08:32:00 AM,2,0,0,,Y,716886,4,ANGLE,21,CLEAR,1,DAYLIGHT,12,MOTOR VEHICLE IN TRANSPORT,FRANKLIN LIMESTONE RD & MURFREESBORO PKE,NASHVILLE,TN,37217,8853,SOUTH,36.0944,-86.6534,POINT (-86.6534 36.0944)