Accident Number,Date and Time,Number of Motor Vehicles,Number of Injuries,Number of Fatalities,Property Damage,Hit and Run,Reporting Officer,Collision Type Code,Collision Type Description,Weather Code,Weather Description,Illumination Code,Illumination Description,Harmful Code,Harmful Code Description,Street Address,City,State,ZIP,RPA,Precinct,Latitude,Longitude,Mapped Location
20190647393,08/30/2019 11:14:00 AM,2,1,0,,N,807344,11,Front to Rear,21,CLEAR,1,DAYLIGHT,12,MOTOR VEHICLE IN TRANSPORT,LINDSLEY AV & ANTHES DR,NASHVILLE,TN,37210,4003,CENTRA,36.1548,-86.7634,POINT (-86.7634 36.1548)
20190775754,10/23/2019 04:25:00 PM,2,0,0,,N,524985,4,ANGLE,21,CLEAR,1,DAYLIGHT,12,MOTOR VEHICLE IN TRANSPORT,WHITES CREEK PKE & GREEN LN,NASHVILLE,TN,37207,3221,NORTH,36.2367,-86.8173,POINT (-86.8173 36.2367)
20190813018,11/08/2019 02:15:00 PM,2,0,0,,N,240983,11,Front to Rear,21,CLEAR,1,DAYLIGHT,12,MOTOR VEHICLE IN TRANSPORT,I24E & I24 W EXT RAMP,NASHVILLE,TN,37210,8102,SOUTH,36.1336,-86.7269,POINT (-86.7269 36.1336)
20190600112,08/12/2019 09:58:00 AM,2,0,0,,N,405404,4,ANGLE,21,CLEAR,1,DAYLIGHT,12,MOTOR VEHICLE IN TRANSPORT,MURFREESBORO PKE & FESSLERS LN,NASHVILLE,TN,37210,8117,SOUTH,36.1427,-86.744,POINT (-86.744 36.1427)
20190636784,08/26/2019 08:26:00 AM,2,0,0,,N,665896,11,Front to Rear,2,RAIN,1,DAYLIGHT,12,MOTOR VEHICLE IN TRANSPORT,ELLINGTON PKWYS & MCFERRIN AV,NASHVILLE,TN,37206,1992,EAST,36.1888,-86.7545,POINT (-86.7545 36.1888)
20190660710,09/04/2019 09:00:00 PM,1,0,0,Y,Y,352202,0,NOT COLLISION W/MOTOR VEHICLE-TRANSPORT,21,CLEAR,3,DARK - LIGHTED,19,BUILDING,DIVISION ST & 12TH AVS,NASHVILLE,TN,37203,4013,CENTRA,36.1511,-86.7845,POINT (-86.7845 36.1511)
20190641893,08/28/2019 08:36:00 AM,3,1,0,Y,N,352201,4,ANGLE,21,CLEAR,1,DAYLIGHT,12;13;14,MOTOR VEHICLE IN TRANSPORT;MOTOR VEHICLE IN TRANSPORT-OTHER ROADWAY;PARKED MOTOR VEHICLE,MOSSDALE DR & BELL RD,NASHVILLE,TN,37217,8937,HERMIT,36.0828,-86.6287,POINT (-86.6287 36.0828)
20190623761,08/21/2019 07:24:00 AM,2,2,0,Y,Y,225886,9,UNKNOWN,21,CLEAR,1,DAYLIGHT,1;12;6,MOTOR VEHICLE IN TRANSPORT,ROBINSON RD & OLD HICKORY BUSINESS PARK,OLD HICKORY,TN,37138,9619,HERMIT,36.2666,-86.6655,POINT (-86.6655 36.2666)
20190637176,08/26/2019 12:21:00 PM,2,0,0,,Y,109534,5,SIDESWIPE - SAME DIRECTION,22,CLOUDY,1,DAYLIGHT,12;99,MOTOR VEHICLE IN TRANSPORT;UNKNOWN MOST HARMFUL EVENT,MM 221 4 I 40,HERMITAGE,TN,37076,95020,HERMIT,36.17,-86.5912,POINT (-86.5912 36.17)
20190645687,08/29/2019 07:29:00 PM,2,0,0,,N,256386,4,ANGLE,21,CLEAR,2,DARK - NOT LIGHTED,12,MOTOR VEHICLE IN TRANSPORT,COUCHVILLE PKE & REYNOLDS RD,NASHVILLE,TN,37217,8947,HERMIT,36.1157,-86.6501,POINT (-86.6501 36.1157)
20190771011,10/21/2019 07:58:00 PM,2,0,0,,Y,807326,11,Front to Rear,21,CLEAR,3,DARK - LIGHTED,12;14,MOTOR VEHICLE IN TRANSPORT;PARKED MOTOR VEHICLE,LINDSLEY AV & ACADEMY PL,NASHVILLE,TN,37210,4003,CENTRA,36.154,-86.7652,POINT (-86.7652 36.154)
20190904509,12/18/2019 06:25:00 AM,1,1,0,,N,299270,0,NOT COLLISION W/MOTOR VEHICLE-TRANSPORT,21,CLEAR,1,DAYLIGHT,8,PEDESTRIAN,14TH AVN & CHARLOTTE AV,NASHVILLE,TN,37203,5501,MIDTOW,36.1608,-86.7937,POINT (-86.7937 36.1608)
20190610990,08/16/2019 09:53:00 AM,2,0,0,,N,462474,4,ANGLE,21,CLEAR,1,DAYLIGHT,12,MOTOR VEHICLE IN TRANSPORT,WEDGEWOOD AV & LINDELL AV,NASHVILLE,TN,37204,8027,MIDTOW,36.1341,-86.7733,POINT (-86.7733 36.1341)
20190811088,11/07/2019 07:00:00 PM,2,2,0,,N,309262,2,HEAD-ON,21,CLEAR,3,DARK - LIGHTED,12,MOTOR VEHICLE IN TRANSPORT,DUE WEST AVW & CASH LN,MADISON,TN,37115,1789,MADISO,36.2484,-86.7268,POINT (-86.7268 36.2484)
20190657483,09/03/2019 03:55:00 PM,2,0,0,,N,299264,5,SIDESWIPE - SAME DIRECTION,21,CLEAR,1,DAYLIGHT,12,MOTOR VEHICLE IN TRANSPORT,16TH AVS & MCGAVOCK ST,NASHVILLE,TN,37203,5701,MIDTOW,36.153,-86.792,POINT (-86.792 36.153)
20190694094,09/18/2019 08:05:00 PM,2,0,0,,Y,717341,4,ANGLE,21,CLEAR,3,DARK - LIGHTED,12,MOTOR VEHICLE IN TRANSPORT,BELL FORGE LNE & BELL RD,ANTIOCH,TN,37013,8865,SOUTH,36.0505,-86.6468,POINT (-86.6468 36.0505)
20190826270,11/14/2019 08:49:00 AM,2,0,0,,N,414668,11,Front to Rear,21,CLEAR,1,DAYLIGHT,12,MOTOR VEHICLE IN TRANSPORT,MM 86 5 I 65,NASHVILLE,TN,37207,3006,NORTH,36.1946,-86.7762,POINT (-86.7762 36.1946)
20190715671,09/27/2019 05:45:00 PM,4,0,0,,N,420040,11,Front to Rear,21,CLEAR,1,DAYLIGHT,12,MOTOR VEHICLE IN TRANSPORT,MM 1 4 I 440,NASHVILLE,TN,37212,5908,MIDTOW,36.1368,-86.8213,POINT (-86.8213 36.1368)
20190624513,08/21/2019 01:01:00 PM,2,0,0,,N,348631,5,SIDESWIPE - SAME DIRECTION,21,CLEAR,1,DAYLIGHT,12,MOTOR VEHICLE IN TRANSPORT,S 5TH ST & WOODLAND ST,NASHVILLE,TN,37206,1113,EAST,36.1718,-86.7648,POINT (-86.7648 36.1718)
20190784243,10/27/2019 01:45:00 PM,1,0,0,,N,206674,0,NOT COLLISION W/MOTOR VEHICLE-TRANSPORT,22,CLOUDY,1,DAYLIGHT,11,OTHER ANIMAL,EATONS CREEK RD & LITTLE MARROWBONE RD,JOELTON,TN,37080,3245,NORTH,36.2736,-86.8952,POINT (-86.8952 36.2736)
20190744794,10/10/2019 09:45:00 AM,2,0,0,,N,226600,4,ANGLE,22,CLOUDY,1,DAYLIGHT,12,MOTOR VEHICLE IN TRANSPORT,SYLVAN HEIGHTS WAY & CHARLOTTE AV,NASHVILLE,TN,37209,5229,WEST,36.1519,-86.8347,POINT (-86.8347 36.1519)
20190889601,12/11/2019 05:31:00 PM,2,0,0,,Y,256379,11,Front to Rear,21,CLEAR,3,DARK - LIGHTED,12,MOTOR VEHICLE IN TRANSPORT,MELROSE AV & I440 E ENT RAMP,NASHVILLE,TN,37211,8343,MIDTOW,36.1205,-86.7501,POINT (-86.7501 36.1205)
20190745179,10/10/2019 02:58:00 PM,2,0,0,,N,279116,4,ANGLE,22,CLOUDY,1,DAYLIGHT,12,MOTOR VEHICLE IN TRANSPORT,14TH AVS & BROADWAY,NASHVILLE,TN,37203,5701,MIDTOW,36.1557,-86.7897,POINT (-86.7897 36.1557)
20190654420,09/02/2019 12:00:00 AM,2,0,0,,Y,256502,9,UNKNOWN,21,CLEAR,9,UNKNOWN,14,PARKED MOTOR VEHICLE,OSAGE ST & 25TH AVN,NASHVILLE,TN,37208,4497,NORTH,36.1763,-86.8163,POINT (-86.8163 36.1763)
20190606601,08/14/2019 05:17:00 PM,2,1,0,,N,240955,4,ANGLE,21,CLEAR,1,DAYLIGHT,12,MOTOR VEHICLE IN TRANSPORT,MURFREESBORO PKE & MOUNTAIN SPRINGS RD,ANTIOCH,TN,37013,8927,SOUTH,36.0478,-86.6121,POINT (-86.6121 36.0478)
20190827569,11/14/2019 08:50:00 PM,2,0,0,,Y,717341,4,ANGLE,21,CLEAR,3,DARK - LIGHTED,12,MOTOR VEHICLE IN TRANSPORT,STATE HWY 255 & US HWY 31 ALT,NASHVILLE,TN,37211,8705,SOUTH,36.0799,-86.7251,POINT (-86.7251 36.0799)
20190731682,10/04/2019 02:17:00 PM,2,0,0,,Y,240983,4,ANGLE,21,CLEAR,1,DAYLIGHT,12,MOTOR VEHICLE IN TRANSPORT,NOLENSVILLE PKE & OLD HICKORY BLVD,NASHVILLE,TN,37211,8717,SOUTH,36.0454,-86.7133,POINT (-86.7133 36.0454)
20190846882,11/22/2019 06:16:00 PM,2,0,0,,N,887592,5,SIDESWIPE - SAME DIRECTION,22,CLOUDY,3,DARK - LIGHTED,12,MOTOR VEHICLE IN TRANSPORT,CHARLOTTE PKE & MIDLAND AV,NASHVILLE,TN,37209,5033,WEST,36.1499,-86.8591,POINT (-86.8591 36.1499)
20190791096,10/30/2019 08:05:00 AM,2,0,0,,N,594473,11,Front to Rear,2,RAIN,1,DAYLIGHT,12,MOTOR VEHICLE IN TRANSPORT,FRANKLIN PKE & OLD HICKORY BLVD,NASHVILLE,TN,37220,7111,MIDTOW,36.0377,-86.7865,POINT (-86.7865 36.0377)
20190726955,10/02/2019 05:20:00 PM,2,2,0,,N,420040,11,Front to Rear,21,CLEAR,1,DAYLIGHT,12,MOTOR VEHICLE IN TRANSPORT,MM 1 7 I 440,NASHVILLE,TN,37209,5312,NORTH,36.1536,-86.8226,POINT (-86.8226 36.1536)
20190924973,12/28/2019 01:25:00 AM,2,1,0,,Y,330416,5,SIDESWIPE - SAME DIRECTION,5,FOG,3,DARK - LIGHTED,12,MOTOR VEHICLE IN TRANSPORT,MM 92 7 I 65,MADISON,TN,37115,17062,MADISO,36.2709,-86.7365,POINT (-86.7365 36.2709)
20190631375,08/23/2019 08:31:00 PM,2,0,0,,N,345098,4,ANGLE,21,CLEAR,2,DARK - NOT LIGHTED,12,MOTOR VEHICLE IN TRANSPORT,OLD HICKORY BLVD & OLD LEBANON DIRT RD,HERMITAGE,TN,37076,9531,HERMIT,36.1911,-86.6155,POINT (-86.6155 36.1911)
20190581911,08/05/2019 03:20:00 PM,2,0,0,,N,352156,4,ANGLE,21,CLEAR,1,DAYLIGHT,12;20,MOTOR VEHICLE IN TRANSPORT;IMPACT ATTENUATOR,ANTIOCH PKE & PERIMETER HILL DR,NASHVILLE,TN,37211,8889,SOUTH,36.0859,-86.6911,POINT (-86.6911 36.0859)
20190795595,11/01/2019 07:45:00 AM,2,3,0,,Y,311331,11,Front to Rear,21,CLEAR,1,DAYLIGHT,12,MOTOR VEHICLE IN TRANSPORT,E TRINITY LN & JONES AV,NASHVILLE,TN,37207,1835,EAST,36.2051,-86.7576,POINT (-86.7576 36.2051)
20190766909,10/19/2019 08:10:00 PM,2,0,0,,N,320585,4,ANGLE,21,CLEAR,2,DARK - NOT LIGHTED,12,MOTOR VEHICLE IN TRANSPORT,MCGAVOCK PIKE & RAMP,NASHVILLE,TN,37214,9209,HERMIT,36.2171,-86.6969,POINT (-86.6969 36.2171)
20190735079,10/06/2019 05:40:00 AM,3,0,0,,N,330438,4,ANGLE,21,CLEAR,2,DARK - NOT LIGHTED,14,PARKED MOTOR VEHICLE,GREEN ST & LEWIS ST,NASHVILLE,TN,37210,8207,HERMIT,36.1529,-86.7578,POINT (-86.7578 36.1529)
20190857059,11/27/2019 09:17:00 AM,2,2,0,,N,140804,11,Front to Rear,21,CLEAR,1,DAYLIGHT,12,MOTOR VEHICLE IN TRANSPORT,MM 48 9 I 24,NASHVILLE,TN,37213,1104,CENTRA,36.1676,-86.7656,POINT (-86.7656 36.1676)
20190810929,11/07/2019 05:25:00 PM,1,1,0,,N,384446,0,NOT COLLISION W/MOTOR VEHICLE-TRANSPORT,22,CLOUDY,3,DARK - LIGHTED,8,PEDESTRIAN,OLD HICKORY BLVD & TOLBERT RD,NASHVILLE,TN,37205,4903,WEST,36.1064,-86.9223,POINT (-86.9223 36.1064)
20190695334,09/19/2019 08:58:00 AM,3,0,0,,N,716886,11,Front to Rear,21,CLEAR,1,DAYLIGHT,12,MOTOR VEHICLE IN TRANSPORT,MM 53 3 I 24,NASHVILLE,TN,37210,88141,SOUTH,36.1146,-86.7245,POINT (-86.7245 36.1146)
20190922135,12/26/2019 05:38:00 PM,2,0,0,,N,311344,4,ANGLE,21,CLEAR,3,DARK - LIGHTED,12,MOTOR VEHICLE IN TRANSPORT,GALLATIN PKEN & EDGEMEADE BLVD,MADISON,TN,37115,1719,MADISO,36.2829,-86.7072,POINT (-86.7072 36.2829)
20190692891,09/18/2019 10:30:00 AM,2,0,0,,N,224464,5,SIDESWIPE - SAME DIRECTION,21,CLEAR,1,DAYLIGHT,12,MOTOR VEHICLE IN TRANSPORT,22ND AVN & CHARLOTTE AV,NASHVILLE,TN,37209,5339,NORTH,36.1569,-86.8074,POINT (-86.8074 36.1569)
20190714364,09/27/2019 08:18:00 AM,2,0,0,,Y,140808,4,ANGLE,21,CLEAR,1,DAYLIGHT,55,Motor Vehicle-In-Motion Outside Trafficw,OLD HICKORY BLVD & EDMONDSON PKE,NASHVILLE,TN,37220,8615,MIDTOW,36.04,-86.7435,POINT (-86.7435 36.04)
20190670705,09/09/2019 12:25:00 PM,2,1,0,,N,225773,4,ANGLE,21,CLEAR,1,DAYLIGHT,12,MOTOR VEHICLE IN TRANSPORT,SIDCO DR & FONTANA AV,NASHVILLE,TN,37204,8525,MIDTOW,36.1071,-86.7557,POINT (-86.7557 36.1071)
20190770728,10/21/2019 05:38:00 PM,2,0,0,,N,580819,4,ANGLE,2,RAIN,1,DAYLIGHT,12,MOTOR VEHICLE IN TRANSPORT,CHURCH ST & GEORGE L DAVIS BLVD,NASHVILLE,TN,37203,4119,CENTRA,36.1587,-86.79,POINT (-86.79 36.1587)
20190704610,09/23/2019 12:22:00 PM,2,0,0,,N,134899,4,ANGLE,21,CLEAR,1,DAYLIGHT,12,MOTOR VEHICLE IN TRANSPORT,SPENCE LN & MARWOOD LN,NASHVILLE,TN,37210,9019,HERMIT,36.1482,-86.7222,POINT (-86.7222 36.1482)
20190621654,08/20/2019 01:14:00 PM,2,1,0,,N,279230,11,Front to Rear,21,CLEAR,1,DAYLIGHT,12,MOTOR VEHICLE IN TRANSPORT,HARDING PL & LINBAR DR,NASHVILLE,TN,37211,8705,SOUTH,36.0841,-86.7059,POINT (-86.7059 36.0841)
20190786959,10/28/2019 08:49:00 PM,2,3,0,,Y,256426,11,Front to Rear,21,CLEAR,3,DARK - LIGHTED,12,MOTOR VEHICLE IN TRANSPORT,MM 212 3 I 40,NASHVILLE,TN,37210,8206,HERMIT,36.1447,-86.7399,POINT (-86.7399 36.1447)
20190675527,09/11/2019 08:23:00 AM,2,0,0,,N,299243,5,SIDESWIPE - SAME DIRECTION,21,CLEAR,1,DAYLIGHT,12,MOTOR VEHICLE IN TRANSPORT,COMMERCE ST & 4TH AVN,NASHVILLE,TN,37219,4107,CENTRA,36.1622,-86.7785,POINT (-86.7785 36.1622)
20190624444,08/21/2019 12:25:00 PM,2,0,0,,N,223502,11,Front to Rear,21,CLEAR,1,DAYLIGHT,12,MOTOR VEHICLE IN TRANSPORT,NOLENSVILLE PKE & MCCALL ST,NASHVILLE,TN,37211,8431,SOUTH,36.0994,-86.7393,POINT (-86.7393 36.0994)
20190769714,10/21/2019 08:39:00 AM,2,0,0,,N,716886,11,Front to Rear,21,CLEAR,1,DAYLIGHT,12,MOTOR VEHICLE IN TRANSPORT,MM 51 2 I 24,NASHVILLE,TN,37210,81020,SOUTH,36.1299,-86.7278,POINT (-86.7278 36.1299)
20190819695,11/11/2019 06:30:00 PM,2,0,0,,N,352195,11,Front to Rear,2,RAIN,7,Dark-Unknown Lighting,12,MOTOR VEHICLE IN TRANSPORT,BELL RD & STEWARTS FERRY PKE,NASHVILLE,TN,37214,8959,HERMIT,36.1522,-86.6251,POINT (-86.6251 36.1522)
20190826191,11/14/2019 07:18:00 AM,3,0,0,,Y,414668,11,Front to Rear,21,CLEAR,1,DAYLIGHT,12,MOTOR VEHICLE IN TRANSPORT,MM 86 9 I 65,NASHVILLE,TN,37207,3002,NORTH,36.2009,-86.7768,POINT (-86.7768 36.2009)
20190850223,11/24/2019 11:41:00 AM,3,3,0,,N,279230,11,Front to Rear,21,CLEAR,1,DAYLIGHT,12,MOTOR VEHICLE IN TRANSPORT,HAYWOOD LN & WEST VALLEY DR,NASHVILLE,TN,37211,8711,SOUTH,36.0701,-86.6998,POINT (-86.6998 36.0701)
20190603517,08/13/2019 02:45:00 PM,2,0,0,,N,279225,5,SIDESWIPE - SAME DIRECTION,21,CLEAR,1,DAYLIGHT,12,MOTOR VEHICLE IN TRANSPORT,DONELSON PKE & I40 W EXT RAMP,NASHVILLE,TN,37214,9103,HERMIT,36.1415,-86.6666,POINT (-86.6666 36.1415)
20190701997,09/22/2019 04:15:00 AM,2,0,0,,N,240972,11,Front to Rear,21,CLEAR,3,DARK - LIGHTED,12,MOTOR VEHICLE IN TRANSPORT,BROADWAY & 9TH AVN,NASHVILLE,TN,37203,4083,CENTRA,36.1586,-86.7828,POINT (-86.7828 36.1586)
20190841421,11/20/2019 03:54:00 PM,2,0,0,,N,240955,5,SIDESWIPE - SAME DIRECTION,22,CLOUDY,1,DAYLIGHT,12;14,MOTOR VEHICLE IN TRANSPORT;PARKED MOTOR VEHICLE,MT VIEW RIDGE DR & HILL RIDGE DR,ANTIOCH,TN,37013,8977,SOUTH,36.0669,-86.5937,POINT (-86.5937 36.0669)
20190843524,11/21/2019 12:59:00 PM,2,0,0,,N,834798,5,SIDESWIPE - SAME DIRECTION,21,CLEAR,1,DAYLIGHT,12,MOTOR VEHICLE IN TRANSPORT,4TH AVS & CHESTNUT ST,NASHVILLE,TN,37203,8005,MIDTOW,36.1451,-86.7668,POINT (-86.7668 36.1451)
20190584007,08/06/2019 10:01:00 AM,2,2,0,,N,191578,11,Front to Rear,21,CLEAR,1,DAYLIGHT,12,MOTOR VEHICLE IN TRANSPORT,SPENCE LN & ELM HILL PKE,NASHVILLE,TN,37210,9015,HERMIT,36.1427,-86.7219,POINT (-86.7219 36.1427)
20190827208,11/14/2019 03:30:00 PM,2,0,0,,Y,311332,6,SIDESWIPE - OPPOSITE DIRECTION,21,CLEAR,1,DAYLIGHT,14,PARKED MOTOR VEHICLE,BELLE FOREST SHOPPING CENTER P & BELLE F,NASHVILLE,TN,37205,4903,WEST,36.0756,-86.9202,POINT (-86.9202 36.0756)
20190698148,09/20/2019 11:00:00 AM,2,0,0,Y,N,134899,4,ANGLE,21,CLEAR,1,DAYLIGHT,12,MOTOR VEHICLE IN TRANSPORT,STEWARTS FERRY PKE & MCCAMPBELL AV,NASHVILLE,TN,37214,9407,HERMIT,36.1647,-86.6512,POINT (-86.6512 36.1647)
20190698495,09/20/2019 12:00:00 AM,1,1,0,,N,278580,0,NOT COLLISION W/MOTOR VEHICLE-TRANSPORT,21,CLEAR,1,DAYLIGHT,34;42,DITCH;TREE,CROCKER SPRINGS RD & CROCKER SPRINGS RD,GOODLETTSVILLE,TN,37072,2207,MADISO,36.3197,-86.8143,POINT (-86.8143 36.3197)
20190626854,08/22/2019 08:44:00 AM,2,0,0,,N,352211,11,Front to Rear,21,CLEAR,1,DAYLIGHT,12,MOTOR VEHICLE IN TRANSPORT,3300 CHARLOTTE AV,NASHVILLE,TN,37209,5237,WEST,36.1529,-86.8242,POINT (-86.8242 36.1529)
20190815348,11/09/2019 05:12:00 PM,3,0,0,,N,330444,11,Front to Rear,21,CLEAR,2,DARK - NOT LIGHTED,12,MOTOR VEHICLE IN TRANSPORT,I 40 & UNKNOWN RAMP,NASHVILLE,TN,37210,9041,HERMIT,36.144,-86.7013,POINT (-86.7013 36.144)
20190586453,08/07/2019 07:22:00 AM,2,0,0,,N,191578,11,Front to Rear,21,CLEAR,1,DAYLIGHT,12,MOTOR VEHICLE IN TRANSPORT,BRILEY PKWYS & BRILEY PKWYN,NASHVILLE,TN,37218,3212,NORTH,36.2142,-86.8724,POINT (-86.8724 36.2142)
20190612061,08/16/2019 04:13:00 PM,2,0,0,,N,414668,5,SIDESWIPE - SAME DIRECTION,21,CLEAR,1,DAYLIGHT,12,MOTOR VEHICLE IN TRANSPORT,TRAVELERS INN DR & HARDING PL,NASHVILLE,TN,37211,8705,SOUTH,36.0849,-86.7034,POINT (-86.7034 36.0849)
20190609278,08/15/2019 04:42:00 PM,2,0,0,,N,299257,11,Front to Rear,21,CLEAR,1,DAYLIGHT,12,MOTOR VEHICLE IN TRANSPORT,HAMILTON AV & FORT NEGLEY BLVD,NASHVILLE,TN,37203,8006,MIDTOW,36.1391,-86.7759,POINT (-86.7759 36.1391)
20190613116,08/17/2019 02:57:00 AM,1,0,0,Y,N,256492,0,NOT COLLISION W/MOTOR VEHICLE-TRANSPORT,21,CLEAR,3,DARK - LIGHTED,34;38,DITCH;FENCE,LEBANON PKE & FESSLERS LN,NASHVILLE,TN,37210,9007,HERMIT,36.1543,-86.7422,POINT (-86.7422 36.1543)
20190593205,08/09/2019 01:43:00 PM,2,1,0,,N,716886,4,ANGLE,21,CLEAR,1,DAYLIGHT,12,MOTOR VEHICLE IN TRANSPORT,MURFREESBORO PKE & DONELSON PKE,NASHVILLE,TN,37217,8841,SOUTH,36.1062,-86.6731,POINT (-86.6731 36.1062)
20190801918,11/04/2019 07:30:00 AM,2,1,0,,N,665896,11,Front to Rear,21,CLEAR,1,DAYLIGHT,12,MOTOR VEHICLE IN TRANSPORT,SPRING ST & DICKERSON PKE,NASHVILLE,TN,37207,1979,EAST,36.1765,-86.7702,POINT (-86.7702 36.1765)
20190651092,08/31/2019 09:25:00 PM,2,0,0,,N,299253,4,ANGLE,21,CLEAR,3,DARK - LIGHTED,12,MOTOR VEHICLE IN TRANSPORT,DICKERSON PKE & OAK VALLEY DR,NASHVILLE,TN,37207,1807,EAST,36.2316,-86.7589,POINT (-86.7589 36.2316)
20190834313,11/18/2019 12:36:00 AM,1,1,0,Y,N,166477,0,NOT COLLISION W/MOTOR VEHICLE-TRANSPORT,21,CLEAR,2,DARK - NOT LIGHTED,24;63,GUARDRAIL FACE;Ran Off Road-Right,MM 59 3 I 24,ANTIOCH,TN,37013,87061,SOUTH,36.0459,-86.6601,POINT (-86.6601 36.0459)
20190707200,09/24/2019 11:42:00 AM,2,0,0,,N,546012,11,Front to Rear,21,CLEAR,1,DAYLIGHT,12,MOTOR VEHICLE IN TRANSPORT,W WEBSTER ST & GALLATIN PKES,MADISON,TN,37115,1783,MADISO,36.2519,-86.7177,POINT (-86.7177 36.2519)
20190857494,11/27/2019 12:53:00 PM,3,1,0,,N,485261,4,ANGLE,21,CLEAR,1,DAYLIGHT,12,MOTOR VEHICLE IN TRANSPORT,OLDHAM ST & N 1ST ST,NASHVILLE,TN,37213,1985,CENTRA,36.1744,-86.7741,POINT (-86.7741 36.1744)
20190721497,09/30/2019 02:18:00 PM,2,0,0,,N,330428,4,ANGLE,21,CLEAR,1,DAYLIGHT,12,MOTOR VEHICLE IN TRANSPORT,WHITE BRIDGE PKE & CHARLOTTE PKE,NASHVILLE,TN,37209,5033,WEST,36.1494,-86.8579,POINT (-86.8579 36.1494)
20190741373,10/09/2019 03:32:00 AM,1,0,0,,N,110090,0,NOT COLLISION W/MOTOR VEHICLE-TRANSPORT,21,CLEAR,3,DARK - LIGHTED,33;34,CURB;DITCH,BELL RD & MORRIS GENTRY BLVD,ANTIOCH,TN,37013,8861,SOUTH,36.0678,-86.6368,POINT (-86.6368 36.0678)
20190775950,10/23/2019 07:25:00 PM,2,1,0,,Y,352184,4,ANGLE,21,CLEAR,3,DARK - LIGHTED,12,MOTOR VEHICLE IN TRANSPORT,SPRING ST & DICKERSON PKE,NASHVILLE,TN,37207,1979,EAST,36.1765,-86.7702,POINT (-86.7702 36.1765)
20190708574,09/25/2019 12:39:00 AM,2,0,0,Y,Y,284059,11,Front to Rear,21,CLEAR,2,DARK - NOT LIGHTED,12,MOTOR VEHICLE IN TRANSPORT,MM 36 9 I 24,WHITES CREEK,TN,37189,33180,NORTH,36.3167,-86.8347,POINT (-86.8347 36.3167)
20190628204,08/22/2019 07:30:00 PM,4,3,0,,N,717341,4,ANGLE,21,CLEAR,3,DARK - LIGHTED,12,MOTOR VEHICLE IN TRANSPORT,ANTIOCH PKE & HAYWOOD LN,ANTIOCH,TN,37013,8899,SOUTH,36.0703,-86.6845,POINT (-86.6845 36.0703)
20190857471,11/27/2019 12:42:00 PM,2,0,0,,N,462474,11,Front to Rear,21,CLEAR,1,DAYLIGHT,12,MOTOR VEHICLE IN TRANSPORT,RAMP & TROUSDALE DR,NASHVILLE,TN,37211,8507,MIDTOW,36.085,-86.7557,POINT (-86.7557 36.085)
20190819654,11/11/2019 05:39:00 PM,1,1,0,,N,206682,0,NOT COLLISION W/MOTOR VEHICLE-TRANSPORT,2,RAIN,3,DARK - LIGHTED,34,DITCH,STATE RT 45 & VANDIVER DR,MADISON,TN,37115,1617,MADISO,36.262,-86.6777,POINT (-86.6777 36.262)
20190871611,12/04/2019 05:50:00 AM,4,0,0,,N,284059,11,Front to Rear,21,CLEAR,3,DARK - LIGHTED,12,MOTOR VEHICLE IN TRANSPORT,MM 87 0 I 65,NASHVILLE,TN,37207,18020,EAST,36.2018,-86.7766,POINT (-86.7766 36.2018)
20190732412,10/04/2019 08:12:00 PM,2,0,0,,N,717341,11,Front to Rear,21,CLEAR,3,DARK - LIGHTED,12,MOTOR VEHICLE IN TRANSPORT,MM 52 0 I 24,NASHVILLE,TN,37217,8816,SOUTH,36.1329,-86.7267,POINT (-86.7267 36.1329)
20190806053,11/05/2019 07:05:00 PM,2,0,0,,N,384424,4,ANGLE,21,CLEAR,3,DARK - LIGHTED,12,MOTOR VEHICLE IN TRANSPORT,8TH AVS & LAFAYETTE ST,NASHVILLE,TN,37203,4043,CENTRA,36.1546,-86.7792,POINT (-86.7792 36.1546)
20190793069,10/31/2019 06:11:00 AM,1,0,0,,N,256382,0,NOT COLLISION W/MOTOR VEHICLE-TRANSPORT,2,RAIN,3,DARK - LIGHTED,39,WALL,MM 213 0 I 40,NASHVILLE,TN,37210,8219,HERMIT,36.1407,-86.7323,POINT (-86.7323 36.1407)
20190798486,11/02/2019 02:13:00 PM,2,0,0,,Y,320586,11,Front to Rear,21,CLEAR,1,DAYLIGHT,12,MOTOR VEHICLE IN TRANSPORT,CROSSINGS BLVD & MT VIEW RD,ANTIOCH,TN,37013,8863,SOUTH,36.0455,-86.6473,POINT (-86.6473 36.0455)
20190632765,08/24/2019 12:53:00 PM,2,0,0,,N,834798,11,Front to Rear,21,CLEAR,1,DAYLIGHT,12,MOTOR VEHICLE IN TRANSPORT,MM 81 8 I 65,NASHVILLE,TN,37203,68040,MIDTOW,36.1403,-86.7764,POINT (-86.7764 36.1403)
20190665285,09/06/2019 04:50:00 PM,2,0,0,,N,352172,11,Front to Rear,21,CLEAR,1,DAYLIGHT,12,MOTOR VEHICLE IN TRANSPORT,HIGHWAY 100 & PASQUO RD,NASHVILLE,TN,37221,4807,WEST,36.0354,-86.9682,POINT (-86.9682 36.0354)
20190814736,11/09/2019 09:20:00 AM,2,0,0,,N,343522,4,ANGLE,21,CLEAR,1,DAYLIGHT,12,MOTOR VEHICLE IN TRANSPORT,CHARLOTTE PKE & I40 E ENT RAMP,NASHVILLE,TN,37205,5007,WEST,36.1319,-86.8955,POINT (-86.8955 36.1319)
20190899205,12/16/2019 01:52:00 AM,1,0,0,Y,N,197060,0,NOT COLLISION W/MOTOR VEHICLE-TRANSPORT,2,RAIN,2,DARK - NOT LIGHTED,30,UTILITY POLE,1700 OLD SPRINGFIELD PKE,GOODLETTSVILLE,TN,37072,2221,MADISO,36.3551,-86.7326,POINT (-86.7326 36.3551)