Accident Number,Date and Time,Number of Motor Vehicles,Number of Injuries,Number of Fatalities,Property Damage,Hit and Run,Reporting Officer,Collision Type Code,Collision Type Description,Weather Code,Weather Description,Illumination Code,Illumination Description,Harmful Code,Harmful Code Description,Street Address,City,State,ZIP,RPA,Precinct,Latitude,Longitude,Mapped Location
20190832428,11/17/2019 12:12:00 AM,2,2,0,,N,352212,4,ANGLE,21,CLEAR,3,DARK - LIGHTED,12,MOTOR VEHICLE IN TRANSPORT,BROADMOOR DR & US HWY 31W,NASHVILLE,TN,37207,1811,EAST,36.2294,-86.7593,POINT (-86.7593 36.2294)
20190693789,09/18/2019 05:54:00 PM,2,1,0,,N,725756,11,Front to Rear,21,CLEAR,1,DAYLIGHT,12,MOTOR VEHICLE IN TRANSPORT,CHARLOTTE AV & 45TH AVN,NASHVILLE,TN,37209,5203,WEST,36.1522,-86.8411,POINT (-86.8411 36.1522)
20190667771,09/07/2019 11:35:00 PM,2,0,0,,N,330414,11,Front to Rear,21,CLEAR,2,DARK - NOT LIGHTED,12,MOTOR VEHICLE IN TRANSPORT,STATE HWY 45 & UNKNOWN RAMP,MADISON,TN,37115,1777,MADISO,36.2642,-86.7358,POINT (-86.7358 36.2642)
20190835011,11/18/2019 07:57:00 AM,4,0,0,,N,278580,11,Front to Rear,21,CLEAR,1,DAYLIGHT,12,MOTOR VEHICLE IN TRANSPORT,MM 38 1 I 24,WHITES CREEK,TN,37189,33181,NORTH,36.3071,-86.8193,POINT (-86.8193 36.3071)
20190661366,09/05/2019 07:00:00 AM,2,0,0,,N,352164,4,ANGLE,21,CLEAR,1,DAYLIGHT,12,MOTOR VEHICLE IN TRANSPORT,MM 61 8 I 24,ANTIOCH,TN,37013,8806,SOUTH,36.0231,-86.6301,POINT (-86.6301 36.0231)
20190785270,10/28/2019 06:45:00 AM,2,0,0,,N,299249,11,Front to Rear,21,CLEAR,4,DAWN,12,MOTOR VEHICLE IN TRANSPORT,OLD HICKORY BLVD & 2ND ST,OLD HICKORY,TN,37138,9717,HERMIT,36.2168,-86.6235,POINT (-86.6235 36.2168)
20190830107,11/15/2019 09:26:00 PM,2,0,0,,N,337276,11,Front to Rear,21,CLEAR,2,DARK - NOT LIGHTED,12,MOTOR VEHICLE IN TRANSPORT,S 12TH ST & SHELBY AVE,NASHVILLE,TN,37206,1033,EAST,36.1711,-86.7494,POINT (-86.7494 36.1711)
20190724791,10/01/2019 09:07:00 PM,2,0,0,,Y,384442,98,OTHER,21,CLEAR,3,DARK - LIGHTED,12,MOTOR VEHICLE IN TRANSPORT,LEBANON PKE & OLD HICKORY BLVD,HERMITAGE,TN,37076,9613,HERMIT,36.1756,-86.6154,POINT (-86.6154 36.1756)
20190663313,09/05/2019 11:51:00 PM,1,1,0,Y,N,311341,0,NOT COLLISION W/MOTOR VEHICLE-TRANSPORT,21,CLEAR,3,DARK - LIGHTED,1;37;47,Other Traffic Barrier;FIRE HYDRANT,ALABAMA AVE & 50TH AVE N,NASHVILLE,TN,37209,5127,WEST,36.1531,-86.8473,POINT (-86.8473 36.1531)
20190931028,12/30/2019 12:00:00 AM,2,0,0,,Y,225819,4,ANGLE,99,UNKNOWN,9,UNKNOWN,12,MOTOR VEHICLE IN TRANSPORT,MAGGIE DR & RAMSTONE WAY,ANTIOCH,TN,37013,8763,SOUTH,36.0099,-86.6549,POINT (-86.6549 36.0099)
20190657584,09/03/2019 04:51:00 PM,2,1,0,,N,909486,11,Front to Rear,21,CLEAR,1,DAYLIGHT,12,MOTOR VEHICLE IN TRANSPORT,CHURCH STE & CLOVERLAND DR,BRENTWOOD,TN,37027,8623,MIDTOW,36.0332,-86.7751,POINT (-86.7751 36.0332)
20190609679,08/15/2019 08:17:00 PM,2,0,0,,N,579971,4,ANGLE,21,CLEAR,3,DARK - LIGHTED,12,MOTOR VEHICLE IN TRANSPORT,EAST THOMPSON LN & MURFREESBORO PKE,NASHVILLE,TN,37217,8879,SOUTH,36.1267,-86.7111,POINT (-86.7111 36.1267)
20190657661,09/03/2019 05:29:00 PM,4,5,1,,Y,256374,11,Front to Rear,21,CLEAR,1,DAYLIGHT,12,MOTOR VEHICLE IN TRANSPORT,BELL RD & BRENTRIDGE DR,ANTIOCH,TN,37013,8755,SOUTH,36.0465,-86.6834,POINT (-86.6834 36.0465)
20190847264,11/22/2019 10:55:00 PM,2,5,1,,Y,352162,11,Front to Rear,21,CLEAR,3,DARK - LIGHTED,12,MOTOR VEHICLE IN TRANSPORT,2ND AVN & CHURCH ST,NASHVILLE,TN,37201,4133,CENTRA,36.1646,-86.7769,POINT (-86.7769 36.1646)
20190908723,12/19/2019 05:55:00 PM,2,0,0,,N,179582,11,Front to Rear,21,CLEAR,3,DARK - LIGHTED,12,MOTOR VEHICLE IN TRANSPORT,HARDING PL & LINBAR DR,NASHVILLE,TN,37211,8705,SOUTH,36.0841,-86.7059,POINT (-86.7059 36.0841)
20190767322,10/20/2019 01:30:00 AM,2,0,0,,N,330420,11,Front to Rear,21,CLEAR,3,DARK - LIGHTED,12,MOTOR VEHICLE IN TRANSPORT,MM 211 1 I 40,NASHVILLE,TN,37210,8008,HERMIT,36.1539,-86.7571,POINT (-86.7571 36.1539)
20190910699,12/20/2019 03:12:00 PM,2,0,0,,N,279211,4,ANGLE,21,CLEAR,1,DAYLIGHT,12,MOTOR VEHICLE IN TRANSPORT,BRILEY PKWYE & BRILEY PKWYW,NASHVILLE,TN,37207,20120,MADISO,36.2396,-86.7751,POINT (-86.7751 36.2396)
20190690338,09/17/2019 12:39:00 PM,2,1,0,,N,191578,11,Front to Rear,21,CLEAR,1,DAYLIGHT,12,MOTOR VEHICLE IN TRANSPORT,OLD HICKORY BLVD & 24TH ST,OLD HICKORY,TN,37138,9607,HERMIT,36.2475,-86.6413,POINT (-86.6413 36.2475)
20190819735,11/11/2019 07:05:00 PM,2,1,0,,N,309262,2,HEAD-ON,2,RAIN,3,DARK - LIGHTED,12,MOTOR VEHICLE IN TRANSPORT,CUMBERLAND AV & GALLATIN PKEN,MADISON,TN,37115,1707,MADISO,36.2679,-86.7105,POINT (-86.7105 36.2679)
20190772074,10/22/2019 08:03:00 AM,2,0,0,,N,384433,11,Front to Rear,21,CLEAR,1,DAYLIGHT,12,MOTOR VEHICLE IN TRANSPORT,I40 W ENT RAMP & ANTHES DR,NASHVILLE,TN,37210,4008,CENTRA,36.1561,-86.7608,POINT (-86.7608 36.1561)
20190698800,09/20/2019 03:50:00 PM,3,1,0,,Y,717341,5,SIDESWIPE - SAME DIRECTION,21,CLEAR,1,DAYLIGHT,12;14,MOTOR VEHICLE IN TRANSPORT;PARKED MOTOR VEHICLE,PLUS PARK BLVD & I440 W ENT RAMP,NASHVILLE,TN,37217,8801,SOUTH,36.1239,-86.7252,POINT (-86.7252 36.1239)
20190905799,12/18/2019 04:20:00 PM,2,0,0,,N,256394,5,SIDESWIPE - SAME DIRECTION,21,CLEAR,5,DUSK,12,MOTOR VEHICLE IN TRANSPORT,CENTRAL PKE & SHURGARD WAY,HERMITAGE,TN,37076,9561,HERMIT,36.1748,-86.6046,POINT (-86.6046 36.1748)
20190630319,08/23/2019 01:22:00 PM,2,1,0,,N,462474,5,SIDESWIPE - SAME DIRECTION,22,CLOUDY,1,DAYLIGHT,12,MOTOR VEHICLE IN TRANSPORT,8TH AVS & SOUTH DOUGLAS AV,NASHVILLE,TN,37204,6945,MIDTOW,36.1312,-86.7788,POINT (-86.7788 36.1312)
20190639209,08/27/2019 08:38:00 AM,2,0,0,,N,462474,4,ANGLE,22,CLOUDY,1,DAYLIGHT,12,MOTOR VEHICLE IN TRANSPORT,DURRETT DR & EDMONDSON PKE,NASHVILLE,TN,37211,8611,MIDTOW,36.07,-86.735,POINT (-86.735 36.07)
20190864161,12/01/2019 12:55:00 AM,2,0,0,,Y,330422,4,ANGLE,2,RAIN,3,DARK - LIGHTED,12,MOTOR VEHICLE IN TRANSPORT,26TH AVN & BATAVIA ST,NASHVILLE,TN,37208,5309,NORTH,36.1616,-86.8163,POINT (-86.8163 36.1616)
20190697921,09/20/2019 08:45:00 AM,2,0,0,,N,352164,11,Front to Rear,21,CLEAR,1,DAYLIGHT,12,MOTOR VEHICLE IN TRANSPORT,BELL RD & THE OVERLOOK PVTDR,ANTIOCH,TN,37013,8865,SOUTH,36.056,-86.6421,POINT (-86.6421 36.056)
20190700440,09/21/2019 10:37:00 AM,2,0,0,,N,594473,4,ANGLE,21,CLEAR,1,DAYLIGHT,12,MOTOR VEHICLE IN TRANSPORT,24TH AVN & ELLISTON PL,NASHVILLE,TN,37203,5617,MIDTOW,36.149,-86.8073,POINT (-86.8073 36.149)
20190892401,12/12/2019 06:20:00 PM,2,0,0,,N,352169,2,HEAD-ON,21,CLEAR,1,DAYLIGHT,12,MOTOR VEHICLE IN TRANSPORT,STATE HWY 45 & US HWY 31E,MADISON,TN,37115,1701,MADISO,36.2631,-86.7119,POINT (-86.7119 36.2631)
20190663008,09/05/2019 08:40:00 PM,2,1,0,,N,179583,5,SIDESWIPE - SAME DIRECTION,21,CLEAR,3,DARK - LIGHTED,12,MOTOR VEHICLE IN TRANSPORT,HARDING PL & RECOVERY RD,NASHVILLE,TN,37211,8705,SOUTH,36.0804,-86.7179,POINT (-86.7179 36.0804)
20190794834,10/31/2019 07:20:00 PM,2,0,0,,Y,256376,5,SIDESWIPE - SAME DIRECTION,21,CLEAR,3,DARK - LIGHTED,12,MOTOR VEHICLE IN TRANSPORT,GARFIELD ST & ROSA L PARKS BLVD,NASHVILLE,TN,37208,4343,NORTH,36.1806,-86.7963,POINT (-86.7963 36.1806)
20190767482,10/20/2019 12:00:00 AM,1,0,0,,N,330441,0,NOT COLLISION W/MOTOR VEHICLE-TRANSPORT,2,RAIN,2,DARK - NOT LIGHTED,36;61;63,CONCRETE TRAFFIC BARRIER;Equip Failure;Ran Off Road-Right,MM 77 5 I 65,NASHVILLE,TN,37220,86042,MIDTOW,36.0775,-86.7663,POINT (-86.7663 36.0775)
20190896372,12/14/2019 12:20:00 PM,2,2,0,Y,N,429188,4,ANGLE,21,CLEAR,1,DAYLIGHT,12,MOTOR VEHICLE IN TRANSPORT,HAYWOOD LN & EAST RIDGE DR,NASHVILLE,TN,37211,8707,SOUTH,36.07,-86.6985,POINT (-86.6985 36.07)
20190761362,10/17/2019 12:45:00 PM,1,0,0,,N,226622,0,NOT COLLISION W/MOTOR VEHICLE-TRANSPORT,21,CLEAR,1,DAYLIGHT,36,CONCRETE TRAFFIC BARRIER,MM 1 0 I 440,NASHVILLE,TN,37205,5234,WEST,36.1438,-86.8226,POINT (-86.8226 36.1438)
20190915777,12/23/2019 09:40:00 AM,2,0,0,,N,402660,11,Front to Rear,21,CLEAR,1,DAYLIGHT,12,MOTOR VEHICLE IN TRANSPORT,MURPHY RD & 37TH AVN,NASHVILLE,TN,37209,5207,WEST,36.1403,-86.8292,POINT (-86.8292 36.1403)
20190930211,12/30/2019 06:23:00 PM,2,0,0,,N,240957,11,Front to Rear,21,CLEAR,3,DARK - LIGHTED,12,MOTOR VEHICLE IN TRANSPORT,MILL CREEK WHITTLEMORE GRNWY & SWISS AV,ANTIOCH,TN,37013,8757,SOUTH,36.0424,-86.7129,POINT (-86.7129 36.0424)
20190761810,10/17/2019 04:23:00 PM,2,3,0,,N,414711,5,SIDESWIPE - SAME DIRECTION,21,CLEAR,1,DAYLIGHT,12,MOTOR VEHICLE IN TRANSPORT,HIGHWAY 70S & BELLE FOREST SHOPPING CENT,NASHVILLE,TN,37205,4903,WEST,36.0746,-86.9205,POINT (-86.9205 36.0746)
20190881956,12/08/2019 05:49:00 PM,2,0,0,,Y,306230,4,ANGLE,21,CLEAR,3,DARK - LIGHTED,12,MOTOR VEHICLE IN TRANSPORT,DR D B TODD JR BLVD & HEIMAN ST,NASHVILLE,TN,37208,4481,NORTH,36.1714,-86.8074,POINT (-86.8074 36.1714)
20190783256,10/27/2019 04:17:00 AM,2,0,0,,N,256377,5,SIDESWIPE - SAME DIRECTION,21,CLEAR,3,DARK - LIGHTED,12;36,MOTOR VEHICLE IN TRANSPORT;CONCRETE TRAFFIC BARRIER,MM 213 5 I 40,NASHVILLE,TN,37210,90062,HERMIT,36.1406,-86.7215,POINT (-86.7215 36.1406)
20190590682,08/08/2019 05:17:00 PM,2,0,0,,N,256386,5,SIDESWIPE - SAME DIRECTION,22,CLOUDY,1,DAYLIGHT,12,MOTOR VEHICLE IN TRANSPORT,BELL RD & RAMP,NASHVILLE,TN,37214,8989,HERMIT,36.1124,-86.6304,POINT (-86.6304 36.1124)
20190838567,11/19/2019 02:13:00 PM,2,0,0,,N,384423,0,NOT COLLISION W/MOTOR VEHICLE-TRANSPORT,21,CLEAR,1,DAYLIGHT,60,Cargo Equip Loss/Shift,MM 194 0 I 40,NASHVILLE,TN,37221,4704,WEST,36.0781,-86.9939,POINT (-86.9939 36.0781)
20190733278,10/05/2019 07:25:00 AM,2,0,0,,N,384407,5,SIDESWIPE - SAME DIRECTION,21,CLEAR,1,DAYLIGHT,12;36,MOTOR VEHICLE IN TRANSPORT;CONCRETE TRAFFIC BARRIER,MM 87 2 I 65,NASHVILLE,TN,37207,18020,EAST,36.2054,-86.7764,POINT (-86.7764 36.2054)
20190865005,12/01/2019 12:50:00 PM,2,0,0,,N,799013,11,Front to Rear,21,CLEAR,1,DAYLIGHT,12,MOTOR VEHICLE IN TRANSPORT,LEBANON PKE & OLD LEBANON PKE,NASHVILLE,TN,37214,9125,HERMIT,36.1678,-86.6637,POINT (-86.6637 36.1678)
20190838216,11/19/2019 12:52:00 PM,2,1,0,,N,665896,4,ANGLE,22,CLOUDY,1,DAYLIGHT,12,MOTOR VEHICLE IN TRANSPORT,CRUTCHER ST & S 5TH ST,NASHVILLE,TN,37206,1009,EAST,36.1624,-86.7593,POINT (-86.7593 36.1624)
20190690667,09/17/2019 03:18:00 PM,2,0,0,,Y,240983,6,SIDESWIPE - OPPOSITE DIRECTION,21,CLEAR,1,DAYLIGHT,12,MOTOR VEHICLE IN TRANSPORT,ANTIOCH PKE & HARDING PL,NASHVILLE,TN,37211,8843,SOUTH,36.088,-86.6927,POINT (-86.6927 36.088)
20190727184,10/02/2019 07:57:00 PM,1,0,0,,Y,299257,0,NOT COLLISION W/MOTOR VEHICLE-TRANSPORT,21,CLEAR,3,DARK - LIGHTED,7,,1900 8TH AV S,NASHVILLE,TN,37203,6901,MIDTOW,36.1348,-86.779,POINT (-86.779 36.1348)
20190750855,10/13/2019 04:12:00 AM,1,0,0,,N,352188,0,NOT COLLISION W/MOTOR VEHICLE-TRANSPORT,5,FOG,3,DARK - LIGHTED,27,H-WAY TRAFFIC SIGNAL POST,I24 E EXT RAMP & I 24,NASHVILLE,TN,37207,30080,NORTH,36.2378,-86.7872,POINT (-86.7872 36.2378)
20190792814,10/31/2019 02:38:00 AM,1,0,0,,N,169414,0,NOT COLLISION W/MOTOR VEHICLE-TRANSPORT,2,RAIN,3,DARK - LIGHTED,36,CONCRETE TRAFFIC BARRIER,BRILEY PKWYS & BRILEY PKWYN,NASHVILLE,TN,37218,3212,NORTH,36.2142,-86.8724,POINT (-86.8724 36.2142)
20190666610,09/07/2019 10:12:00 AM,2,0,0,,N,240952,4,ANGLE,21,CLEAR,1,DAYLIGHT,12,MOTOR VEHICLE IN TRANSPORT,BURKITT RD & OLD BURKITT RD,ANTIOCH,TN,37013,8767,SOUTH,35.9913,-86.6822,POINT (-86.6822 35.9913)
20190779984,10/25/2019 12:36:00 PM,2,1,0,,N,584947,11,Front to Rear,22,CLOUDY,1,DAYLIGHT,12,MOTOR VEHICLE IN TRANSPORT,HOLT RD & HOLT HILLS RD,NASHVILLE,TN,37211,8651,MIDTOW,36.0149,-86.7298,POINT (-86.7298 36.0149)
20190775670,10/23/2019 05:11:00 PM,2,2,0,,N,579971,11,Front to Rear,21,CLEAR,1,DAYLIGHT,12,MOTOR VEHICLE IN TRANSPORT,MM 59 6 I 24,ANTIOCH,TN,37013,88060,SOUTH,36.0438,-86.6561,POINT (-86.6561 36.0438)
20190601282,08/10/2019 12:00:00 AM,2,0,0,,Y,311333,5,SIDESWIPE - SAME DIRECTION,21,CLEAR,1,DAYLIGHT,14,PARKED MOTOR VEHICLE,GROVEDALE TRC & PIN HOOK RD,ANTIOCH,TN,37013,8927,SOUTH,36.0502,-86.606,POINT (-86.606 36.0502)
20190819087,11/11/2019 12:21:00 PM,2,0,0,,N,716886,4,ANGLE,21,CLEAR,1,DAYLIGHT,12,MOTOR VEHICLE IN TRANSPORT,NOLENSVILLE PKE & HARDING PL,NASHVILLE,TN,37211,8445,SOUTH,36.0809,-86.7267,POINT (-86.7267 36.0809)
20190598485,08/11/2019 06:05:00 PM,2,0,0,,Y,330443,11,Front to Rear,21,CLEAR,1,DAYLIGHT,12,MOTOR VEHICLE IN TRANSPORT,OLD HICKORY BLVDW & BOYDS HILLTOP DR,MADISON,TN,37115,1777,MADISO,36.2642,-86.7355,POINT (-86.7355 36.2642)
20190835286,11/18/2019 10:02:00 AM,2,0,0,,N,134899,4,ANGLE,21,CLEAR,1,DAYLIGHT,12,MOTOR VEHICLE IN TRANSPORT,I40 W EXT RAMP & I 40,NASHVILLE,TN,37203,4119,CENTRA,36.1574,-86.79,POINT (-86.79 36.1574)
20190900264,12/16/2019 01:26:00 PM,2,1,0,,N,311804,4,ANGLE,2,RAIN,1,DAYLIGHT,12,MOTOR VEHICLE IN TRANSPORT,CHARLOTTE AV & GEORGE L DAVIS BLVD,NASHVILLE,TN,37203,4205,CENTRA,36.1612,-86.7927,POINT (-86.7927 36.1612)
20190921090,12/26/2019 07:17:00 AM,2,0,0,,Y,224955,5,SIDESWIPE - SAME DIRECTION,22,CLOUDY,2,DARK - NOT LIGHTED,14,PARKED MOTOR VEHICLE,WESTCHESTER DR & TUCKAHOE SQE,NASHVILLE,TN,37207,2045,MADISO,36.2586,-86.7673,POINT (-86.7673 36.2586)
20190812281,11/08/2019 05:00:00 AM,2,0,0,,N,352164,5,SIDESWIPE - SAME DIRECTION,21,CLEAR,1,DAYLIGHT,12,MOTOR VEHICLE IN TRANSPORT,MURFREESBORO PKE & OLD HICKORY BLVD,ANTIOCH,TN,37013,8867,SOUTH,36.0413,-86.6051,POINT (-86.6051 36.0413)
20190620753,08/20/2019 05:45:00 AM,2,0,0,,N,716886,11,Front to Rear,21,CLEAR,1,DAYLIGHT,12,MOTOR VEHICLE IN TRANSPORT,HOBSON PKE & MURFREESBORO PKE,ANTIOCH,TN,37013,8867,SOUTH,36.043,-86.6066,POINT (-86.6066 36.043)
20190784345,10/27/2019 06:33:00 PM,2,0,0,,N,384403,11,Front to Rear,21,CLEAR,3,DARK - LIGHTED,12,MOTOR VEHICLE IN TRANSPORT,CHARLOTTE PKE & WATTS LN,NASHVILLE,TN,37209,5023,WEST,36.1437,-86.8736,POINT (-86.8736 36.1437)
20190712418,09/26/2019 11:36:00 AM,2,1,0,,N,384392,11,Front to Rear,2,RAIN,1,DAYLIGHT,12,MOTOR VEHICLE IN TRANSPORT,LINDEN AVE & US HWY 431,NASHVILLE,TN,37212,6509,MIDTOW,36.1281,-86.8032,POINT (-86.8032 36.1281)
20190671475,09/09/2019 06:30:00 PM,2,1,0,,N,330440,4,ANGLE,21,CLEAR,1,DAYLIGHT,12,MOTOR VEHICLE IN TRANSPORT,MAINSTREAM DR & US HWY 41 ALT,NASHVILLE,TN,37228,4483,NORTH,36.1925,-86.8157,POINT (-86.8157 36.1925)
20190821762,11/12/2019 02:59:00 PM,2,0,0,,N,240983,4,ANGLE,21,CLEAR,1,DAYLIGHT,12,MOTOR VEHICLE IN TRANSPORT,DONNA KAY DR & JASMIN DR,NASHVILLE,TN,37211,8441,SOUTH,36.0921,-86.7101,POINT (-86.7101 36.0921)
20190877035,12/06/2019 07:46:00 AM,2,0,0,,Y,902543,4,ANGLE,22,CLOUDY,1,DAYLIGHT,12,MOTOR VEHICLE IN TRANSPORT,LORRAINE AVE & US HWY 31W,NASHVILLE,TN,37207,1823,EAST,36.2174,-86.7632,POINT (-86.7632 36.2174)
20190717780,09/28/2019 06:00:00 PM,2,0,0,,N,311328,5,SIDESWIPE - SAME DIRECTION,21,CLEAR,1,DAYLIGHT,12,MOTOR VEHICLE IN TRANSPORT,GEORGE L DAVIS BLVD & CHURCH ST,NASHVILLE,TN,37203,4119,CENTRA,36.1584,-86.7906,POINT (-86.7906 36.1584)
20190874552,12/05/2019 08:50:00 AM,2,0,0,,N,676834,11,Front to Rear,21,CLEAR,1,DAYLIGHT,12,MOTOR VEHICLE IN TRANSPORT,MM 86 8 I 65,NASHVILLE,TN,37207,3002,NORTH,36.1987,-86.7764,POINT (-86.7764 36.1987)
20190599893,08/12/2019 08:20:00 AM,2,2,0,,N,676834,4,ANGLE,21,CLEAR,1,DAYLIGHT,12,MOTOR VEHICLE IN TRANSPORT,STEVENS LN & CLARKSVILLE PKE,NASHVILLE,TN,37218,3215,NORTH,36.238,-86.8308,POINT (-86.8308 36.238)
20190902827,12/17/2019 02:42:00 PM,2,0,0,,N,256389,11,Front to Rear,21,CLEAR,1,DAYLIGHT,12,MOTOR VEHICLE IN TRANSPORT,WOODMONT BLVD & BELMONT BLVD,NASHVILLE,TN,37215,6415,MIDTOW,36.113,-86.7998,POINT (-86.7998 36.113)
20190923358,12/27/2019 09:05:00 AM,2,2,0,,N,140808,5,SIDESWIPE - SAME DIRECTION,22,CLOUDY,1,DAYLIGHT,12,MOTOR VEHICLE IN TRANSPORT,MM 74 8 I 65,NASHVILLE,TN,37220,7111,MIDTOW,36.0417,-86.7824,POINT (-86.7824 36.0417)
20190747954,10/11/2019 12:00:00 AM,2,0,0,,N,298877,11,Front to Rear,2,RAIN,3,DARK - LIGHTED,12,MOTOR VEHICLE IN TRANSPORT,HARDING PL & TAMPA DR,NASHVILLE,TN,37211,8705,SOUTH,36.0827,-86.7105,POINT (-86.7105 36.0827)
20190749819,10/12/2019 12:00:00 AM,2,0,0,,Y,311333,4,ANGLE,21,CLEAR,1,DAYLIGHT,12,MOTOR VEHICLE IN TRANSPORT,OLD HICKORY BLVD & NOLENSVILLE PKE,ANTIOCH,TN,37013,8757,SOUTH,36.0455,-86.7122,POINT (-86.7122 36.0455)
20190661971,09/05/2019 11:51:00 AM,3,0,0,,N,462474,4,ANGLE,21,CLEAR,1,DAYLIGHT,12;13,MOTOR VEHICLE IN TRANSPORT;MOTOR VEHICLE IN TRANSPORT-OTHER ROADWAY,THOMPSON LN & KRAFT DR,NASHVILLE,TN,37204,8525,MIDTOW,36.1114,-86.758,POINT (-86.758 36.1114)
20190885900,12/10/2019 09:12:00 AM,2,0,0,,Y,134899,4,ANGLE,4,SNOW,1,DAYLIGHT,12;24,MOTOR VEHICLE IN TRANSPORT;GUARDRAIL FACE,I40 E EXT RAMP & I 40,NASHVILLE,TN,37214,8955,HERMIT,36.155,-86.6271,POINT (-86.6271 36.155)
20190635437,08/25/2019 05:39:00 PM,2,1,0,,N,330412,4,ANGLE,2,RAIN,1,DAYLIGHT,12,MOTOR VEHICLE IN TRANSPORT,US HWY 31E & STATE HWY 45,MADISON,TN,37115,1701,MADISO,36.2649,-86.7113,POINT (-86.7113 36.2649)
20190762021,10/17/2019 05:45:00 PM,3,0,0,,N,320580,98,OTHER,21,CLEAR,3,DARK - LIGHTED,12,MOTOR VEHICLE IN TRANSPORT,FESSLERS LN & FESSLERS PKWY,NASHVILLE,TN,37210,9007,HERMIT,36.1492,-86.7432,POINT (-86.7432 36.1492)
20190751917,10/13/2019 07:35:00 PM,1,1,0,,N,309262,0,NOT COLLISION W/MOTOR VEHICLE-TRANSPORT,21,CLEAR,3,DARK - LIGHTED,42,TREE,I65 S ENT RAMP & I 65,NASHVILLE,TN,37207,3007,NORTH,36.2057,-86.778,POINT (-86.778 36.2057)
20190659976,09/04/2019 03:05:00 PM,2,0,0,,N,279204,5,SIDESWIPE - SAME DIRECTION,21,CLEAR,1,DAYLIGHT,12,MOTOR VEHICLE IN TRANSPORT,MM 208 3 I 40,NASHVILLE,TN,37203,54024,NORTH,36.166,-86.7949,POINT (-86.7949 36.166)
20190813561,11/08/2019 06:50:00 PM,3,0,0,,N,311327,11,Front to Rear,21,CLEAR,1,DAYLIGHT,12,MOTOR VEHICLE IN TRANSPORT,MM 49 6 I 24,NASHVILLE,TN,37210,4008,CENTRA,36.1571,-86.7604,POINT (-86.7604 36.1571)
20190929860,12/30/2019 03:40:00 PM,1,0,0,,N,433550,0,NOT COLLISION W/MOTOR VEHICLE-TRANSPORT,21,CLEAR,1,DAYLIGHT,72,EMBANKMENT ROCK/STONE/CONCRETE,STATE HWY 265 & JAMES KAY LN,HERMITAGE,TN,37076,9503,HERMIT,36.1775,-86.6167,POINT (-86.6167 36.1775)
20190743374,10/09/2019 10:00:00 PM,2,0,0,,N,414711,11,Front to Rear,21,CLEAR,3,DARK - LIGHTED,12,MOTOR VEHICLE IN TRANSPORT,HARDING PL & WINDSOR DR,NASHVILLE,TN,37205,6201,WEST,36.1018,-86.869,POINT (-86.869 36.1018)
20190616930,08/18/2019 10:31:00 PM,2,3,0,,Y,279225,4,ANGLE,21,CLEAR,2,DARK - NOT LIGHTED,12,MOTOR VEHICLE IN TRANSPORT,DONELSON PKE & MURFREESBORO PKE,NASHVILLE,TN,37217,8841,SOUTH,36.1062,-86.6731,POINT (-86.6731 36.1062)
20190668942,09/08/2019 02:19:00 PM,1,1,0,,N,405391,0,NOT COLLISION W/MOTOR VEHICLE-TRANSPORT,21,CLEAR,1,DAYLIGHT,34;63,DITCH;Ran Off Road-Right,RIVER ROAD PKE & RIVER ROAD PKE PVTDR,NASHVILLE,TN,37209,4705,WEST,36.2021,-86.9796,POINT (-86.9796 36.2021)
20190689583,09/17/2019 05:51:00 AM,2,0,0,,N,755026,11,Front to Rear,21,CLEAR,1,DAYLIGHT,12,MOTOR VEHICLE IN TRANSPORT,HARDING PL & NOLENSVILLE PKE,NASHVILLE,TN,37211,8705,SOUTH,36.0797,-86.7261,POINT (-86.7261 36.0797)
20190773099,10/22/2019 05:08:00 PM,2,1,0,,Y,206676,4,ANGLE,21,CLEAR,1,DAYLIGHT,55,Motor Vehicle-In-Motion Outside Trafficw,E PALESTINE AV & GALLATIN PKES,MADISON,TN,37115,1507,MADISO,36.2491,-86.718,POINT (-86.718 36.2491)
20190872570,12/04/2019 01:15:00 PM,2,0,0,,N,716886,11,Front to Rear,21,CLEAR,1,DAYLIGHT,12,MOTOR VEHICLE IN TRANSPORT,MM 6 7 I 440,NASHVILLE,TN,37210,81040,SOUTH,36.1244,-86.7414,POINT (-86.7414 36.1244)
20190718791,09/29/2019 12:00:00 AM,1,0,0,,Y,298871,0,NOT COLLISION W/MOTOR VEHICLE-TRANSPORT,21,CLEAR,3,DARK - LIGHTED,1;71,EMBANKMENT EARTH,ELLINGTON AG CENTER PVTDR & MARCHANT DR,NASHVILLE,TN,37220,8615,MIDTOW,36.0625,-86.7425,POINT (-86.7425 36.0625)
20190852442,11/25/2019 12:48:00 PM,2,0,0,,N,226586,11,Front to Rear,21,CLEAR,1,DAYLIGHT,12,MOTOR VEHICLE IN TRANSPORT,MM 49 1 I 24,NASHVILLE,TN,37206,10040,EAST,36.1647,-86.7634,POINT (-86.7634 36.1647)
20190800584,11/03/2019 02:31:00 PM,2,1,0,,N,256383,5,SIDESWIPE - SAME DIRECTION,21,CLEAR,1,DAYLIGHT,12,MOTOR VEHICLE IN TRANSPORT,MM 54 7 I 24,NASHVILLE,TN,37211,8602,SOUTH,36.0977,-86.7096,POINT (-86.7096 36.0977)