Accident Number,Date and Time,Number of Motor Vehicles,Number of Injuries,Number of Fatalities,Property Damage,Hit and Run,Reporting Officer,Collision Type Code,Collision Type Description,Weather Code,Weather Description,Illumination Code,Illumination Description,Harmful Code,Harmful Code Description,Street Address,City,State,ZIP,RPA,Precinct,Latitude,Longitude,Mapped Location
20190820552,11/12/2019 12:00:00 AM,1,0,0,,Y,320591,9,UNKNOWN,21,CLEAR,2,DARK - NOT LIGHTED,99,UNKNOWN MOST HARMFUL EVENT,MM 62 4 I 24,ANTIOCH,TN,37013,8806,SOUTH,36.0157,-86.6218,POINT (-86.6218 36.0157)
20190711107,09/25/2019 10:55:00 PM,2,0,0,,N,240958,5,SIDESWIPE - SAME DIRECTION,21,CLEAR,3,DARK - LIGHTED,12,MOTOR VEHICLE IN TRANSPORT,DUE WEST AVW & BRIARVILLE RD,MADISON,TN,37115,1791,MADISO,36.2493,-86.7361,POINT (-86.7361 36.2493)
20190600363,08/12/2019 12:10:00 PM,2,2,0,,N,420035,4,ANGLE,21,CLEAR,1,DAYLIGHT,1;12,MOTOR VEHICLE IN TRANSPORT,PORT DR & WESTCHESTER DR,MADISON,TN,37115,2041,MADISO,36.2639,-86.7425,POINT (-86.7425 36.2639)
20190679074,09/12/2019 03:30:00 PM,2,0,0,,N,384436,4,ANGLE,21,CLEAR,1,DAYLIGHT,12,MOTOR VEHICLE IN TRANSPORT,SHINKLE AV & RIVERSIDE DR,NASHVILLE,TN,37216,1405,EAST,36.1973,-86.7237,POINT (-86.7237 36.1973)
20190786581,10/28/2019 03:49:00 PM,2,0,0,,N,579971,4,ANGLE,21,CLEAR,1,DAYLIGHT,12,MOTOR VEHICLE IN TRANSPORT,HIGHLANDER CV & MOSS RD,ANTIOCH,TN,37013,8861,SOUTH,36.0588,-86.6573,POINT (-86.6573 36.0588)
20190855847,11/26/2019 06:28:00 PM,2,1,0,,Y,330445,11,Front to Rear,2,RAIN,1,DAYLIGHT,12,MOTOR VEHICLE IN TRANSPORT,MM 209 4 I 40,NASHVILLE,TN,37203,40041,CENTRA,36.1519,-86.7866,POINT (-86.7866 36.1519)
20190796521,11/01/2019 12:00:00 AM,2,0,0,,N,279118,11,Front to Rear,21,CLEAR,1,DAYLIGHT,12,MOTOR VEHICLE IN TRANSPORT,HARDING PL & EZELL PKE,NASHVILLE,TN,37211,8843,SOUTH,36.0885,-86.6901,POINT (-86.6901 36.0885)
20190730489,10/04/2019 02:36:00 AM,2,0,0,,N,299248,11,Front to Rear,21,CLEAR,3,DARK - LIGHTED,12,MOTOR VEHICLE IN TRANSPORT,ANTIOCH PKE & HARDING PL,NASHVILLE,TN,37211,8847,SOUTH,36.0874,-86.6922,POINT (-86.6922 36.0874)
20190662330,09/05/2019 12:00:00 AM,2,1,0,,N,197070,4,ANGLE,21,CLEAR,1,DAYLIGHT,13,MOTOR VEHICLE IN TRANSPORT-OTHER ROADWAY,HERMAN ST & 17TH AVN,NASHVILLE,TN,37203,5405,NORTH,36.1646,-86.8023,POINT (-86.8023 36.1646)
20190674264,09/10/2019 08:26:00 PM,2,0,0,,Y,240955,4,ANGLE,22,CLOUDY,3,DARK - LIGHTED,12;14,MOTOR VEHICLE IN TRANSPORT;PARKED MOTOR VEHICLE,BELL RD & MT VIEW RD,ANTIOCH,TN,37013,8865,SOUTH,36.05,-86.6496,POINT (-86.6496 36.05)
20190932135,12/31/2019 03:04:00 PM,2,0,0,,Y,256446,11,Front to Rear,21,CLEAR,1,DAYLIGHT,12,MOTOR VEHICLE IN TRANSPORT,I24 E EXT RAMP & I 24,NASHVILLE,TN,37207,30080,NORTH,36.2378,-86.7872,POINT (-86.7872 36.2378)
20190929766,12/30/2019 02:04:00 PM,2,0,0,,N,320594,4,ANGLE,21,CLEAR,1,DAYLIGHT,12,MOTOR VEHICLE IN TRANSPORT,SHUTE LN & LEBANON PKE,HERMITAGE,TN,37076,9535,HERMIT,36.2146,-86.6047,POINT (-86.6047 36.2146)
20190872982,12/04/2019 05:06:00 PM,3,0,0,,N,179606,11,Front to Rear,21,CLEAR,3,DARK - LIGHTED,12,MOTOR VEHICLE IN TRANSPORT,MM 81 8 I 65,NASHVILLE,TN,37203,68040,MIDTOW,36.1403,-86.7764,POINT (-86.7764 36.1403)
20190901895,12/17/2019 06:31:00 AM,2,1,0,,N,279230,4,ANGLE,2,RAIN,4,DAWN,12,MOTOR VEHICLE IN TRANSPORT,ANTIOCH PKE & RICHARDS RD,ANTIOCH,TN,37013,8899,SOUTH,36.0692,-86.6838,POINT (-86.6838 36.0692)
20190585353,08/06/2019 08:21:00 PM,1,1,0,,N,834813,0,NOT COLLISION W/MOTOR VEHICLE-TRANSPORT,2,RAIN,2,DARK - NOT LIGHTED,42,TREE,MM 38 0 I 24,WHITES CREEK,TN,37189,2212,NORTH,36.3083,-86.8217,POINT (-86.8217 36.3083)
20190742046,10/09/2019 10:12:00 AM,2,0,0,,Y,169421,11,Front to Rear,21,CLEAR,1,DAYLIGHT,12,MOTOR VEHICLE IN TRANSPORT,ROSA L PARKS BLVD & ATHENS WAY,NASHVILLE,TN,37228,4445,NORTH,36.193,-86.8018,POINT (-86.8018 36.193)
20190874623,12/05/2019 12:00:00 AM,2,1,0,,N,320575,5,SIDESWIPE - SAME DIRECTION,21,CLEAR,1,DAYLIGHT,12,MOTOR VEHICLE IN TRANSPORT,MM 60 0 I 24,ANTIOCH,TN,37013,88060,SOUTH,36.0403,-86.6502,POINT (-86.6502 36.0403)
20190752915,10/14/2019 06:38:00 AM,2,4,0,,N,716886,4,ANGLE,21,CLEAR,1,DAYLIGHT,12,MOTOR VEHICLE IN TRANSPORT,GROVEDALE TRC & PIN HOOK RD,ANTIOCH,TN,37013,8927,SOUTH,36.0502,-86.606,POINT (-86.606 36.0502)
20190831357,11/16/2019 12:10:00 PM,2,0,0,,N,620072,3,REAR-TO-REAR,21,CLEAR,1,DAYLIGHT,12,MOTOR VEHICLE IN TRANSPORT,TREMONT ST & VILLA PL,NASHVILLE,TN,37212,6729,MIDTOW,36.1444,-86.7923,POINT (-86.7923 36.1444)
20190596134,08/10/2019 05:10:00 PM,2,0,0,,Y,240976,4,ANGLE,21,CLEAR,1,DAYLIGHT,12;14,MOTOR VEHICLE IN TRANSPORT;PARKED MOTOR VEHICLE,BURCHWOOD AV & E TRINITY LN,NASHVILLE,TN,37216,1851,EAST,36.2023,-86.7439,POINT (-86.7439 36.2023)
20190821536,11/12/2019 12:48:00 PM,4,0,0,,N,109534,5,SIDESWIPE - SAME DIRECTION,21,CLEAR,1,DAYLIGHT,12;18;39,MOTOR VEHICLE IN TRANSPORT;OTHER OBJECT (NOT FIXED);WALL,MM 214 1 I 40,NASHVILLE,TN,37210,90062,HERMIT,36.142,-86.7124,POINT (-86.7124 36.142)
20190802088,11/04/2019 08:30:00 AM,2,0,0,,N,384442,11,Front to Rear,21,CLEAR,1,DAYLIGHT,12,MOTOR VEHICLE IN TRANSPORT,MM 79 6 I 65,NASHVILLE,TN,37204,8504,MIDTOW,36.109,-86.7696,POINT (-86.7696 36.109)
20190892833,12/12/2019 10:09:00 PM,2,0,0,,N,330415,5,SIDESWIPE - SAME DIRECTION,21,CLEAR,3,DARK - LIGHTED,12,MOTOR VEHICLE IN TRANSPORT,0 4TH AVE N,NASHVILLE,TN,37219,4203,CENTRA,36.1674,-86.7814,POINT (-86.7814 36.1674)
20190778319,10/24/2019 06:20:00 PM,2,0,0,,N,320582,4,ANGLE,21,CLEAR,5,DUSK,12,MOTOR VEHICLE IN TRANSPORT,ORDWAY PL & GALLATIN AV,NASHVILLE,TN,37206,1241,EAST,36.1806,-86.749,POINT (-86.749 36.1806)
20190664786,09/06/2019 02:26:00 PM,2,0,0,,N,320599,11,Front to Rear,22,CLOUDY,1,DAYLIGHT,12,MOTOR VEHICLE IN TRANSPORT,LEBANON PKE & DONELSON PKE,NASHVILLE,TN,37214,9311,HERMIT,36.1676,-86.6633,POINT (-86.6633 36.1676)
20190584995,08/06/2019 12:00:00 AM,2,0,0,,N,212344,5,SIDESWIPE - SAME DIRECTION,21,CLEAR,1,DAYLIGHT,12,MOTOR VEHICLE IN TRANSPORT,MM 49 4 I 24,NASHVILLE,TN,37206,10040,EAST,36.1613,-86.7604,POINT (-86.7604 36.1613)
20190845458,11/22/2019 07:30:00 AM,2,0,0,,Y,571313,5,SIDESWIPE - SAME DIRECTION,2,RAIN,1,DAYLIGHT,12,MOTOR VEHICLE IN TRANSPORT,MM 6 1 I 440,NASHVILLE,TN,37211,8106,MIDTOW,36.1221,-86.7542,POINT (-86.7542 36.1221)
20190644942,08/29/2019 12:57:00 PM,2,0,0,,N,109534,11,Front to Rear,21,CLEAR,1,DAYLIGHT,12,MOTOR VEHICLE IN TRANSPORT,MURFREESBORO PKE & RURAL HILL RD,ANTIOCH,TN,37013,8861,SOUTH,36.0745,-86.6387,POINT (-86.6387 36.0745)
20190777814,10/24/2019 02:39:00 PM,1,1,0,,N,633391,0,NOT COLLISION W/MOTOR VEHICLE-TRANSPORT,21,CLEAR,1,DAYLIGHT,9,,WEST END AV & CHEROKEE RD,NASHVILLE,TN,37205,6019,WEST,36.1304,-86.8376,POINT (-86.8376 36.1304)
20190704280,09/23/2019 09:27:00 AM,2,1,0,,N,306231,11,Front to Rear,22,CLOUDY,1,DAYLIGHT,12,MOTOR VEHICLE IN TRANSPORT,I65 S EXT RAMP & ROSA L PARKS BLVD,NASHVILLE,TN,37208,4403,NORTH,36.1853,-86.7982,POINT (-86.7982 36.1853)
20190907878,12/19/2019 12:34:00 PM,2,0,0,,Y,493304,4,ANGLE,21,CLEAR,1,DAYLIGHT,12,MOTOR VEHICLE IN TRANSPORT,GALLATIN PKEN & OLD TIME VILLAGE PVTDR,MADISON,TN,37115,1701,MADISO,36.2638,-86.7117,POINT (-86.7117 36.2638)
20190695564,09/19/2019 10:00:00 AM,2,0,0,,N,352202,5,SIDESWIPE - SAME DIRECTION,21,CLEAR,1,DAYLIGHT,12,MOTOR VEHICLE IN TRANSPORT,8TH AVS & DEMONBREUN ST,NASHVILLE,TN,37203,4041,CENTRA,36.1569,-86.7808,POINT (-86.7808 36.1569)
20190736606,10/07/2019 02:40:00 AM,1,1,0,,N,352205,0,NOT COLLISION W/MOTOR VEHICLE-TRANSPORT,2,RAIN,3,DARK - LIGHTED,36,CONCRETE TRAFFIC BARRIER,MM 215 0 I 40,NASHVILLE,TN,37214,91021,HERMIT,36.1444,-86.6948,POINT (-86.6948 36.1444)
20190606764,08/14/2019 06:22:00 PM,2,0,0,,N,197054,11,Front to Rear,21,CLEAR,1,DAYLIGHT,12,MOTOR VEHICLE IN TRANSPORT,MURFREESBORO PKE & EZELL PKE,NASHVILLE,TN,37217,8849,SOUTH,36.1047,-86.6695,POINT (-86.6695 36.1047)
20190772987,10/22/2019 04:13:00 PM,2,0,0,,N,151132,4,ANGLE,21,CLEAR,1,DAYLIGHT,1;12,MOTOR VEHICLE IN TRANSPORT,STATE RT 45 & MCARTHUR DR,MADISON,TN,37115,1705,MADISO,36.2642,-86.6915,POINT (-86.6915 36.2642)
20190653832,09/02/2019 01:30:00 AM,2,1,0,,Y,110090,11,Front to Rear,21,CLEAR,3,DARK - LIGHTED,12,MOTOR VEHICLE IN TRANSPORT,MM 60 4 I 24,ANTIOCH,TN,37013,88060,SOUTH,36.0364,-86.6449,POINT (-86.6449 36.0364)
20190698557,09/20/2019 02:48:00 PM,3,0,0,,Y,909486,11,Front to Rear,21,CLEAR,1,DAYLIGHT,12,MOTOR VEHICLE IN TRANSPORT,OLD HICKORY BLVD & BRENTWOOD EAST DR,NASHVILLE,TN,37211,8651,MIDTOW,36.0452,-86.7154,POINT (-86.7154 36.0452)
20190914026,12/22/2019 07:00:00 AM,1,0,0,Y,Y,299249,0,NOT COLLISION W/MOTOR VEHICLE-TRANSPORT,21,CLEAR,7,Dark-Unknown Lighting,43,OTHER FIXED OBJECTS,ROYAL PKWY & ELM HILL PKE,NASHVILLE,TN,37214,9103,HERMIT,36.1517,-86.677,POINT (-86.677 36.1517)
20190876862,12/06/2019 06:17:00 AM,3,0,0,,N,716886,5,SIDESWIPE - SAME DIRECTION,21,CLEAR,1,DAYLIGHT,12,MOTOR VEHICLE IN TRANSPORT,MURFREESBORO PKE & TOWN PARK DR,NASHVILLE,TN,37217,8947,HERMIT,36.1031,-86.6662,POINT (-86.6662 36.1031)
20190781269,10/26/2019 12:43:00 AM,2,1,0,,N,352205,6,SIDESWIPE - OPPOSITE DIRECTION,2,RAIN,3,DARK - LIGHTED,12,MOTOR VEHICLE IN TRANSPORT,RAMP & STATE HWY 45,HERMITAGE,TN,37076,9561,HERMIT,36.1742,-86.6025,POINT (-86.6025 36.1742)
20190843831,11/21/2019 03:15:00 PM,2,0,0,,N,330413,5,SIDESWIPE - SAME DIRECTION,21,CLEAR,1,DAYLIGHT,12,MOTOR VEHICLE IN TRANSPORT,WEDGEWOOD AVE & US HWY 31,NASHVILLE,TN,37204,6945,MIDTOW,36.1342,-86.779,POINT (-86.779 36.1342)
20190860931,11/29/2019 09:40:00 AM,2,0,0,,N,226405,4,ANGLE,22,CLOUDY,1,DAYLIGHT,12,MOTOR VEHICLE IN TRANSPORT,21ST AVN & CHURCH ST,NASHVILLE,TN,37203,5527,MIDTOW,36.152,-86.8024,POINT (-86.8024 36.152)
20190852657,11/25/2019 12:00:00 AM,2,0,0,,Y,384439,9,UNKNOWN,21,CLEAR,9,UNKNOWN,12;14,MOTOR VEHICLE IN TRANSPORT;PARKED MOTOR VEHICLE,KATHERINE ST & KIRKLAND AV,NASHVILLE,TN,37216,1419,EAST,36.2081,-86.7289,POINT (-86.7289 36.2081)
20190707884,09/24/2019 05:33:00 PM,2,0,0,,N,240955,11,Front to Rear,21,CLEAR,1,DAYLIGHT,12,MOTOR VEHICLE IN TRANSPORT,MM 59 7 I 24,ANTIOCH,TN,37013,88060,SOUTH,36.0428,-86.6545,POINT (-86.6545 36.0428)
20190786276,10/28/2019 01:44:00 PM,2,0,0,,N,151132,5,SIDESWIPE - SAME DIRECTION,22,CLOUDY,1,DAYLIGHT,12,MOTOR VEHICLE IN TRANSPORT,BRILEY PARK BLVDN & BRICK CHURCH LN,NASHVILLE,TN,37207,2037,MADISO,36.2452,-86.7821,POINT (-86.7821 36.2452)
20190675816,09/11/2019 09:46:00 AM,2,0,0,,N,191578,11,Front to Rear,21,CLEAR,1,DAYLIGHT,12,MOTOR VEHICLE IN TRANSPORT,ELM HILL PKE & FESSLERS LN,NASHVILLE,TN,37210,8217,HERMIT,36.1447,-86.744,POINT (-86.744 36.1447)
20190694431,09/18/2019 10:20:00 PM,2,0,0,,N,256377,11,Front to Rear,21,CLEAR,2,DARK - NOT LIGHTED,12,MOTOR VEHICLE IN TRANSPORT,BELL RD & ANDERSON RD,NASHVILLE,TN,37217,8939,HERMIT,36.0748,-86.6351,POINT (-86.6351 36.0748)
20190843937,11/21/2019 04:05:00 PM,2,1,0,,N,420040,11,Front to Rear,22,CLOUDY,1,DAYLIGHT,12,MOTOR VEHICLE IN TRANSPORT,MM 1 4 I 440,NASHVILLE,TN,37209,52320,WEST,36.1496,-86.8227,POINT (-86.8227 36.1496)
20190762408,10/17/2019 09:09:00 PM,2,1,0,,N,225894,2,HEAD-ON,21,CLEAR,3,DARK - LIGHTED,12,MOTOR VEHICLE IN TRANSPORT,MCGAVOCK PKE & CENTURY BLVD,NASHVILLE,TN,37214,9115,HERMIT,36.177,-86.5869,POINT (-86.5869 36.177)
20190895936,12/14/2019 06:22:00 AM,1,0,0,,N,352215,0,NOT COLLISION W/MOTOR VEHICLE-TRANSPORT,21,CLEAR,4,DAWN,30;64;68,UTILITY POLE;Ran Off Road-Left;Cross Center Line,BELMONT BLVD & PARIS AVE,NASHVILLE,TN,37212,6505,MIDTOW,36.1224,-86.7947,POINT (-86.7947 36.1224)
20190815556,11/09/2019 07:20:00 PM,2,0,0,,N,306230,4,ANGLE,21,CLEAR,3,DARK - LIGHTED,12,MOTOR VEHICLE IN TRANSPORT,DR D B TODD JR BLVD & UNDERWOOD ST,NASHVILLE,TN,37208,4469,NORTH,36.1734,-86.8083,POINT (-86.8083 36.1734)
20190926096,12/28/2019 06:00:00 PM,2,0,0,,Y,384449,5,SIDESWIPE - SAME DIRECTION,22,CLOUDY,7,Dark-Unknown Lighting,12,MOTOR VEHICLE IN TRANSPORT,MM 48 8 I 24,NASHVILLE,TN,37213,1104,CENTRA,36.1682,-86.7659,POINT (-86.7659 36.1682)
20190763510,10/18/2019 08:44:00 AM,3,1,0,,Y,140790,11,Front to Rear,21,CLEAR,1,DAYLIGHT,12;7,MOTOR VEHICLE IN TRANSPORT,OLD HICKORY BLVD & GOLF CLUB RD,OLD HICKORY,TN,37138,9609,HERMIT,36.2508,-86.6456,POINT (-86.6456 36.2508)
20190838692,11/19/2019 04:33:00 PM,2,0,0,,N,212330,4,ANGLE,22,CLOUDY,1,DAYLIGHT,12,MOTOR VEHICLE IN TRANSPORT,MURFREESBORO PKE & PLUS PARK BLVD,NASHVILLE,TN,37217,8815,HERMIT,36.1337,-86.722,POINT (-86.722 36.1337)
20190906074,12/18/2019 05:30:00 PM,2,0,0,,N,384414,4,ANGLE,22,CLOUDY,3,DARK - LIGHTED,12,MOTOR VEHICLE IN TRANSPORT,I40 E EXT RAMP & I 40,NASHVILLE,TN,37214,8955,HERMIT,36.155,-86.6271,POINT (-86.6271 36.155)
20190850388,11/24/2019 02:01:00 PM,2,0,0,,N,414668,4,ANGLE,21,CLEAR,1,DAYLIGHT,12,MOTOR VEHICLE IN TRANSPORT,S 5TH ST & SHELBY AV,NASHVILLE,TN,37206,1009,EAST,36.1676,-86.7622,POINT (-86.7622 36.1676)
20190819758,11/11/2019 04:30:00 PM,2,0,0,,Y,256389,2,HEAD-ON,2,RAIN,1,DAYLIGHT,12,MOTOR VEHICLE IN TRANSPORT,EDMONDSON PKE & EDMONSON CIR,NASHVILLE,TN,37211,8657,MIDTOW,36.0607,-86.7408,POINT (-86.7408 36.0607)
20190805519,11/05/2019 02:16:00 PM,2,1,0,,N,352167,11,Front to Rear,21,CLEAR,1,DAYLIGHT,12,MOTOR VEHICLE IN TRANSPORT,REEVES RD & GOODWIN RD,ANTIOCH,TN,37013,8893,SOUTH,36.1565,-86.7372,POINT (-86.7372 36.1565)
20190738172,10/06/2019 04:00:00 PM,1,1,0,,N,212346,0,NOT COLLISION W/MOTOR VEHICLE-TRANSPORT,21,CLEAR,1,DAYLIGHT,9,,CHARLOTTE AV & 7TH AVN,NASHVILLE,TN,37219,4157,CENTRA,36.1648,-86.7844,POINT (-86.7844 36.1648)
20190702916,09/22/2019 12:00:00 AM,1,0,0,,Y,279118,0,NOT COLLISION W/MOTOR VEHICLE-TRANSPORT,21,CLEAR,1,DAYLIGHT,39,WALL,MOUNT VIEW RD & OTTENVILLE AVE,ANTIOCH,TN,37013,8861,SOUTH,36.0564,-86.6648,POINT (-86.6648 36.0564)
20190768040,10/20/2019 11:21:00 AM,2,0,0,,N,352211,11,Front to Rear,21,CLEAR,1,DAYLIGHT,12,MOTOR VEHICLE IN TRANSPORT,HILLSBORO PKE & CRESTMOOR RD,NASHVILLE,TN,37215,6413,MIDTOW,36.1091,-86.8119,POINT (-86.8119 36.1091)
20190712034,09/26/2019 08:00:00 AM,2,2,0,,N,665896,11,Front to Rear,22,CLOUDY,1,DAYLIGHT,12,MOTOR VEHICLE IN TRANSPORT,SHELBY AV & S 6TH ST,NASHVILLE,TN,37206,1043,EAST,36.1664,-86.8056,POINT (-86.8056 36.1664)
20190747878,10/11/2019 04:40:00 PM,2,0,0,,Y,330413,5,SIDESWIPE - SAME DIRECTION,2,RAIN,1,DAYLIGHT,12,MOTOR VEHICLE IN TRANSPORT,US HWY 31 & WEDGEWOOD AVE,NASHVILLE,TN,37204,6919,MIDTOW,36.1342,-86.7792,POINT (-86.7792 36.1342)
20190792782,10/31/2019 02:00:00 AM,1,0,0,,Y,320600,0,NOT COLLISION W/MOTOR VEHICLE-TRANSPORT,2,RAIN,3,DARK - LIGHTED,1,,I65 S ENT RAMP & I 24,NASHVILLE,TN,37207,1906,EAST,36.1903,-86.776,POINT (-86.776 36.1903)
20190683617,09/14/2019 09:32:00 AM,2,0,0,,N,320575,11,Front to Rear,21,CLEAR,1,DAYLIGHT,12,MOTOR VEHICLE IN TRANSPORT,BELL RD & COLLINS PARK DR,ANTIOCH,TN,37013,8863,SOUTH,36.2189,-86.8464,POINT (-86.8464 36.2189)
20190606531,08/14/2019 04:38:00 PM,2,0,0,,Y,151124,11,Front to Rear,,,1,DAYLIGHT,12,MOTOR VEHICLE IN TRANSPORT,S 5TH ST & RUSSELL ST,NASHVILLE,TN,37206,1113,EAST,36.1708,-86.7642,POINT (-86.7642 36.1708)
20190825336,11/13/2019 11:07:00 PM,1,0,0,Y,N,320583,0,NOT COLLISION W/MOTOR VEHICLE-TRANSPORT,21,CLEAR,3,DARK - LIGHTED,38,FENCE,NOLENSVILLE PKE & JOYNER AV,NASHVILLE,TN,37210,8317,SOUTH,36.1165,-86.7481,POINT (-86.7481 36.1165)
20190745171,10/10/2019 04:02:00 PM,1,1,0,,N,429193,0,NOT COLLISION W/MOTOR VEHICLE-TRANSPORT,21,CLEAR,1,DAYLIGHT,34,DITCH,BROOK HOLLOW RD & CHURCHILL CT,NASHVILLE,TN,37205,4909,WEST,36.1025,-86.8837,POINT (-86.8837 36.1025)
20190700992,09/21/2019 05:59:00 PM,2,4,0,,N,299257,4,ANGLE,21,CLEAR,1,DAYLIGHT,12,MOTOR VEHICLE IN TRANSPORT,NOLENSVILLE PKE & SHADOW GLEN DR,ANTIOCH,TN,37013,8757,SOUTH,36.0379,-86.7131,POINT (-86.7131 36.0379)
20190672659,09/10/2019 07:50:00 AM,2,1,0,,N,905011,5,SIDESWIPE - SAME DIRECTION,21,CLEAR,1,DAYLIGHT,12,MOTOR VEHICLE IN TRANSPORT,BUENA VISTA PKE & MATTIE ST,NASHVILLE,TN,37218,3101,NORTH,36.2,-86.8253,POINT (-86.8253 36.2)
20190902031,12/17/2019 07:38:00 AM,2,0,0,,N,352202,4,ANGLE,21,CLEAR,1,DAYLIGHT,12,MOTOR VEHICLE IN TRANSPORT,ROSA L PARKS BLVD & ROSA L PARKS AV,NASHVILLE,TN,37203,4147,CENTRA,36.1618,-86.7842,POINT (-86.7842 36.1618)
20190803172,11/04/2019 05:16:00 PM,4,2,0,,N,330428,11,Front to Rear,21,CLEAR,3,DARK - LIGHTED,12,MOTOR VEHICLE IN TRANSPORT,CHARLOTTE AV & 42ND AVN,NASHVILLE,TN,37209,5217,WEST,36.1524,-86.8366,POINT (-86.8366 36.1524)
20190749826,10/12/2019 03:59:00 PM,2,0,0,,Y,320599,11,Front to Rear,21,CLEAR,1,DAYLIGHT,12,MOTOR VEHICLE IN TRANSPORT,I40 W EXT RAMP & I 40,NASHVILLE,TN,37203,4119,CENTRA,36.1574,-86.79,POINT (-86.79 36.1574)
20190827278,11/14/2019 04:46:00 PM,2,0,0,,N,420040,11,Front to Rear,21,CLEAR,5,DUSK,12,MOTOR VEHICLE IN TRANSPORT,MM 209 3 I 40,NASHVILLE,TN,37203,40041,CENTRA,36.1537,-86.7878,POINT (-86.7878 36.1537)
20190754553,10/14/2019 07:28:00 PM,2,0,0,,N,414711,4,ANGLE,21,CLEAR,3,DARK - LIGHTED,12,MOTOR VEHICLE IN TRANSPORT,LOMBARDY AV & HILLSBORO PKE,NASHVILLE,TN,,6001,WEST,,,
20190855937,11/26/2019 09:22:00 PM,2,2,0,,N,384423,4,ANGLE,2,RAIN,3,DARK - LIGHTED,12,MOTOR VEHICLE IN TRANSPORT,OLD HICKORY BLVD & HIGHWAY 70S,NASHVILLE,TN,37221,4901,WEST,36.0742,-86.9208,POINT (-86.9208 36.0742)
20190873052,12/04/2019 06:55:00 PM,2,0,0,,N,197068,4,ANGLE,21,CLEAR,3,DARK - LIGHTED,12,MOTOR VEHICLE IN TRANSPORT,7TH AVN & CHURCH ST,NASHVILLE,TN,37219,4125,CENTRA,36.1621,-86.7827,POINT (-86.7827 36.1621)
20190857847,11/27/2019 03:42:00 PM,2,1,0,,N,151132,11,Front to Rear,21,CLEAR,1,DAYLIGHT,12,MOTOR VEHICLE IN TRANSPORT,GALLATIN PKEN & RIVERGATE PKWY,MADISON,TN,37115,1731,MADISO,36.2973,-86.6988,POINT (-86.6988 36.2973)
20190616117,08/18/2019 12:45:00 PM,2,1,0,,N,429185,11,Front to Rear,21,CLEAR,1,DAYLIGHT,12,MOTOR VEHICLE IN TRANSPORT,4127 CENTRAL PKE,HERMITAGE,TN,37076,9539,HERMIT,36.1721,-86.5927,POINT (-86.5927 36.1721)
20190697817,09/20/2019 07:55:00 AM,2,0,0,,N,191578,11,Front to Rear,21,CLEAR,1,DAYLIGHT,12,MOTOR VEHICLE IN TRANSPORT,LINCOYA BAY DR & BELL RD,NASHVILLE,TN,37214,8957,HERMIT,36.1455,-86.6262,POINT (-86.6262 36.1455)
20190790688,10/30/2019 06:28:00 AM,1,0,0,,Y,284059,0,NOT COLLISION W/MOTOR VEHICLE-TRANSPORT,2,RAIN,3,DARK - LIGHTED,71,EMBANKMENT EARTH,BAPTIST WORLD CENTER DR & HAYNES ST,NASHVILLE,TN,37207,3009,NORTH,36.2051,-86.7901,POINT (-86.7901 36.2051)
20190609470,08/15/2019 05:48:00 PM,2,0,0,,N,169425,11,Front to Rear,21,CLEAR,1,DAYLIGHT,12,MOTOR VEHICLE IN TRANSPORT,MM 1 7 I 440,NASHVILLE,TN,37209,5312,NORTH,36.1536,-86.8226,POINT (-86.8226 36.1536)
20190770855,10/21/2019 06:17:00 PM,2,0,0,,Y,256389,5,SIDESWIPE - SAME DIRECTION,2,RAIN,3,DARK - LIGHTED,12,MOTOR VEHICLE IN TRANSPORT,15TH AVN & CHURCH ST,NASHVILLE,TN,37203,5517,MIDTOW,36.1574,-86.7927,POINT (-86.7927 36.1574)
20190822378,11/12/2019 06:19:00 PM,2,0,0,,N,179606,4,ANGLE,21,CLEAR,3,DARK - LIGHTED,12,MOTOR VEHICLE IN TRANSPORT,CHESTNUT ST & MARTIN ST,NASHVILLE,TN,37203,8045,MIDTOW,36.1436,-86.7695,POINT (-86.7695 36.1436)
20190768167,10/20/2019 01:40:00 PM,2,0,0,,N,109495,11,Front to Rear,21,CLEAR,1,DAYLIGHT,12,MOTOR VEHICLE IN TRANSPORT,MM 210 0 I 40,NASHVILLE,TN,37203,8002,MIDTOW,36.1484,-86.7771,POINT (-86.7771 36.1484)
20190758790,10/16/2019 11:55:00 AM,2,0,0,,N,226622,11,Front to Rear,21,CLEAR,1,DAYLIGHT,12,MOTOR VEHICLE IN TRANSPORT,HARDING PKE & WOODMONT BLVD,NASHVILLE,TN,37205,6021,WEST,36.1253,-86.8472,POINT (-86.8472 36.1253)
20190627602,08/22/2019 02:44:00 PM,2,3,0,,N,256379,6,SIDESWIPE - OPPOSITE DIRECTION,2,RAIN,1,DAYLIGHT,12,MOTOR VEHICLE IN TRANSPORT,SOUTHLAKE DR & SOUTHLAKE CT,NASHVILLE,TN,37211,8423,SOUTH,36.1034,-86.7301,POINT (-86.7301 36.1034)
20190844519,11/21/2019 07:15:00 PM,2,0,0,,N,240983,16,Rear to Side,21,CLEAR,2,DARK - NOT LIGHTED,14,PARKED MOTOR VEHICLE,CANE RIDGE RD & PRESTON RD,ANTIOCH,TN,37013,8751,SOUTH,36.0357,-86.6569,POINT (-86.6569 36.0357)
20190661530,09/05/2019 07:45:00 AM,2,0,0,,N,544482,11,Front to Rear,21,CLEAR,1,DAYLIGHT,12,MOTOR VEHICLE IN TRANSPORT,NOLENSVILLE PKE & I440 W ENT RAMP,NASHVILLE,TN,37210,81041,SOUTH,36.1231,-86.7512,POINT (-86.7512 36.1231)