Accident Number,Date and Time,Number of Motor Vehicles,Number of Injuries,Number of Fatalities,Property Damage,Hit and Run,Reporting Officer,Collision Type Code,Collision Type Description,Weather Code,Weather Description,Illumination Code,Illumination Description,Harmful Code,Harmful Code Description,Street Address,City,State,ZIP,RPA,Precinct,Latitude,Longitude,Mapped Location
20190735802,10/06/2019 02:52:00 PM,2,0,0,,Y,306708,9,UNKNOWN,22,CLOUDY,1,DAYLIGHT,14,PARKED MOTOR VEHICLE,MOVING CENTER CT & US HWY 31E,MADISON,TN,37115,1507,MADISO,36.2508,-86.7184,POINT (-86.7184 36.2508)
20190797029,11/01/2019 08:12:00 PM,2,3,0,,N,225894,5,SIDESWIPE - SAME DIRECTION,21,CLEAR,3,DARK - LIGHTED,12,MOTOR VEHICLE IN TRANSPORT,BRILEY PKWYW & PENNINGTON BEND RD,NASHVILLE,TN,37214,92860,HERMIT,36.2357,-86.71,POINT (-86.71 36.2357)
20190800816,11/03/2019 05:19:00 PM,2,0,0,,N,279225,11,Front to Rear,21,CLEAR,1,DAYLIGHT,12,MOTOR VEHICLE IN TRANSPORT,STEWARTS FERRY PKE & PERCY PRIEST DR,NASHVILLE,TN,37214,8955,HERMIT,36.1539,-86.6256,POINT (-86.6256 36.1539)
20190661556,09/05/2019 08:40:00 AM,2,0,0,,N,299247,11,Front to Rear,21,CLEAR,1,DAYLIGHT,12,MOTOR VEHICLE IN TRANSPORT,MURFREESBORO PKE & DONELSON PKE,NASHVILLE,TN,37217,8841,SOUTH,36.1062,-86.6731,POINT (-86.6731 36.1062)
20190734298,10/05/2019 06:25:00 PM,2,0,0,,N,330443,11,Front to Rear,21,CLEAR,2,DARK - NOT LIGHTED,12,MOTOR VEHICLE IN TRANSPORT,OLD HICKORY BLVD & GRANDVILLE BLVD,NASHVILLE,TN,37207,2103,MADISO,36.279,-86.7741,POINT (-86.7741 36.279)
20190832080,11/16/2019 08:06:00 PM,2,1,0,,N,256383,11,Front to Rear,21,CLEAR,3,DARK - LIGHTED,12,MOTOR VEHICLE IN TRANSPORT,NOLENSVILLE PKE & WHEELER AV,NASHVILLE,TN,37211,8435,SOUTH,36.0948,-86.737,POINT (-86.737 36.0948)
20190747537,10/11/2019 02:30:00 PM,2,1,0,,N,320585,5,SIDESWIPE - SAME DIRECTION,22,CLOUDY,1,DAYLIGHT,12,MOTOR VEHICLE IN TRANSPORT,BRILEY PKWYS & BRILEY PKWYN,NASHVILLE,TN,37218,3212,NORTH,36.2142,-86.8724,POINT (-86.8724 36.2142)
20190835504,11/18/2019 12:02:00 PM,1,0,0,Y,N,405391,0,NOT COLLISION W/MOTOR VEHICLE-TRANSPORT,22,CLOUDY,1,DAYLIGHT,18;27,OTHER OBJECT (NOT FIXED);H-WAY TRAFFIC SIGNAL POST,CABOT DR & UPTON LN,NASHVILLE,TN,37209,4677,WEST,36.1399,-86.8888,POINT (-86.8888 36.1399)
20190669170,09/08/2019 05:41:00 PM,3,0,0,,N,279208,4,ANGLE,21,CLEAR,1,DAYLIGHT,12,MOTOR VEHICLE IN TRANSPORT,16TH AVS & BROADWAY,NASHVILLE,TN,37203,5701,MIDTOW,36.1543,-86.7929,POINT (-86.7929 36.1543)
20190636829,08/26/2019 07:45:00 AM,2,0,0,,N,320588,11,Front to Rear,2,RAIN,1,DAYLIGHT,12,MOTOR VEHICLE IN TRANSPORT,MM 86 2 I 65,NASHVILLE,TN,37207,1910,CENTRA,36.1919,-86.7812,POINT (-86.7812 36.1919)
20190918782,12/24/2019 07:35:00 PM,4,1,0,,N,256383,2,HEAD-ON,21,CLEAR,2,DARK - NOT LIGHTED,12,MOTOR VEHICLE IN TRANSPORT,MT VIEW RD & TRU LONG DR,ANTIOCH,TN,37013,8977,SOUTH,36.0669,-86.5998,POINT (-86.5998 36.0669)
20190791465,10/30/2019 01:00:00 PM,1,1,0,Y,N,191578,0,NOT COLLISION W/MOTOR VEHICLE-TRANSPORT,22,CLOUDY,1,DAYLIGHT,33;71,CURB;EMBANKMENT EARTH,ANDREW JACKSON PKWY & TYLER DR,HERMITAGE,TN,37076,9509,HERMIT,36.1974,-86.6086,POINT (-86.6086 36.1974)
20190879248,12/07/2019 03:50:00 AM,1,0,0,Y,Y,352153,0,NOT COLLISION W/MOTOR VEHICLE-TRANSPORT,21,CLEAR,2,DARK - NOT LIGHTED,40,MAIL BOX,BILLINGSGATE RD & CHETOPA CT,NASHVILLE,TN,37217,8853,SOUTH,36.0777,-86.6696,POINT (-86.6696 36.0777)
20190768200,10/20/2019 02:22:00 PM,2,1,0,,N,306231,11,Front to Rear,21,CLEAR,1,DAYLIGHT,12,MOTOR VEHICLE IN TRANSPORT,JEFFERSON ST & 16TH AVN,NASHVILLE,TN,37208,5415,NORTH,36.1705,-86.8026,POINT (-86.8026 36.1705)
20190648779,08/30/2019 08:45:00 PM,2,2,0,,Y,256389,4,ANGLE,21,CLEAR,3,DARK - LIGHTED,12,MOTOR VEHICLE IN TRANSPORT,EDMONDSON PKE & WALLACE RD,NASHVILLE,TN,37211,8661,MIDTOW,36.0771,-86.7256,POINT (-86.7256 36.0771)
20190847632,11/23/2019 02:18:00 AM,2,1,0,,Y,110090,2,HEAD-ON,2,RAIN,3,DARK - LIGHTED,12,MOTOR VEHICLE IN TRANSPORT,LINBAR DR & MELMACK DR,NASHVILLE,TN,37211,8707,SOUTH,36.0732,-86.6931,POINT (-86.6931 36.0732)
20190908903,12/19/2019 09:30:00 PM,3,0,0,,N,184158,11,Front to Rear,21,CLEAR,3,DARK - LIGHTED,12,MOTOR VEHICLE IN TRANSPORT,DOUGLAS AV & GALLATIN AV,NASHVILLE,TN,37206,1325,EAST,36.1927,-86.7444,POINT (-86.7444 36.1927)
20190801338,11/04/2019 12:27:00 AM,1,0,0,Y,N,311343,0,NOT COLLISION W/MOTOR VEHICLE-TRANSPORT,21,CLEAR,2,DARK - NOT LIGHTED,38;63,FENCE;Ran Off Road-Right,MOORE AV & MARTIN ST,NASHVILLE,TN,37203,8047,MIDTOW,36.1376,-86.7697,POINT (-86.7697 36.1376)
20190707340,09/24/2019 12:43:00 PM,2,2,0,,N,191578,4,ANGLE,21,CLEAR,1,DAYLIGHT,1;12,MOTOR VEHICLE IN TRANSPORT,LAKELAND DR & EMERY DR,NASHVILLE,TN,37214,9105,HERMIT,36.1549,-86.6746,POINT (-86.6746 36.1549)
20190903661,12/17/2019 09:20:00 PM,1,2,0,Y,N,717341,0,NOT COLLISION W/MOTOR VEHICLE-TRANSPORT,21,CLEAR,2,DARK - NOT LIGHTED,24;25,GUARDRAIL FACE;GUARDRAIL END,PETTUS RD & PRESTON RD,ANTIOCH,TN,37013,8761,SOUTH,36.0225,-86.6648,POINT (-86.6648 36.0225)
20190672788,09/10/2019 07:39:00 AM,2,0,0,,N,909494,4,ANGLE,21,CLEAR,1,DAYLIGHT,12,MOTOR VEHICLE IN TRANSPORT,MCFERRIN AV & ELLINGTON PKWY S EXT RAMP,NASHVILLE,TN,37206,1903,EAST,36.1934,-86.7533,POINT (-86.7533 36.1934)
20190756981,10/15/2019 03:58:00 PM,2,0,0,,Y,279116,6,SIDESWIPE - OPPOSITE DIRECTION,22,CLOUDY,1,DAYLIGHT,14,PARKED MOTOR VEHICLE,PARK DR & ACKLEN PARK DR,NASHVILLE,TN,37203,5627,MIDTOW,36.1413,-86.8179,POINT (-86.8179 36.1413)
20190844217,11/21/2019 06:42:00 PM,2,0,0,,N,352177,11,Front to Rear,21,CLEAR,3,DARK - LIGHTED,12,MOTOR VEHICLE IN TRANSPORT,WOODMONT BLVD & REVERE PK,NASHVILLE,TN,37205,6101,WEST,36.1193,-86.8424,POINT (-86.8424 36.1193)
20190824011,11/13/2019 10:15:00 AM,2,1,0,,Y,716886,11,Front to Rear,21,CLEAR,1,DAYLIGHT,12,MOTOR VEHICLE IN TRANSPORT,MURFREESBORO PKE & OLD MURFREESBORO PKE,NASHVILLE,TN,37217,8849,SOUTH,36.1046,-86.6694,POINT (-86.6694 36.1046)
20190761673,10/17/2019 03:10:00 PM,2,0,0,,N,309262,11,Front to Rear,21,CLEAR,1,DAYLIGHT,12,MOTOR VEHICLE IN TRANSPORT,I65 S EXT RAMP & I 65,MADISON,TN,37115,20044,MADISO,36.2481,-86.743,POINT (-86.743 36.2481)
20190606161,08/14/2019 01:44:00 PM,2,0,0,,N,109534,11,Front to Rear,21,CLEAR,1,DAYLIGHT,12,MOTOR VEHICLE IN TRANSPORT,I24 W EXT RAMP & SPENCE LN,NASHVILLE,TN,37217,8801,SOUTH,36.1358,-86.725,POINT (-86.725 36.1358)
20190658957,09/04/2019 06:25:00 AM,2,0,0,,N,716886,5,SIDESWIPE - SAME DIRECTION,21,CLEAR,1,DAYLIGHT,12,MOTOR VEHICLE IN TRANSPORT,I24E & I24 E ENT RAMP,NASHVILLE,TN,37210,8102,SOUTH,36.1363,-86.727,POINT (-86.727 36.1363)
20190770575,10/21/2019 04:34:00 PM,2,1,0,,N,279124,2,HEAD-ON,2,RAIN,1,DAYLIGHT,12,MOTOR VEHICLE IN TRANSPORT,RURAL HILL RD & EVANFIELD CT,ANTIOCH,TN,37013,8861,SOUTH,36.0661,-86.6444,POINT (-86.6444 36.0661)
20190621556,08/20/2019 12:25:00 PM,2,0,0,,N,352174,4,ANGLE,21,CLEAR,1,DAYLIGHT,12,MOTOR VEHICLE IN TRANSPORT,HARDING PL & TROUSDALE DR,NASHVILLE,TN,37220,8601,MIDTOW,36.0811,-86.7584,POINT (-86.7584 36.0811)
20190774873,10/23/2019 10:55:00 AM,2,0,0,,N,226622,11,Front to Rear,21,CLEAR,1,DAYLIGHT,12,MOTOR VEHICLE IN TRANSPORT,HILLSBORO PKE & STOKES LN,NASHVILLE,TN,37215,6419,MIDTOW,36.1194,-86.8089,POINT (-86.8089 36.1194)
20190900879,12/16/2019 07:05:00 PM,1,0,0,,N,352178,0,NOT COLLISION W/MOTOR VEHICLE-TRANSPORT,2,RAIN,3,DARK - LIGHTED,34,DITCH,KINGS LN & CLARKSVILLE PKE,NASHVILLE,TN,37218,3107,NORTH,36.2186,-86.8363,POINT (-86.8363 36.2186)
20190833459,11/17/2019 02:19:00 PM,2,0,0,,N,352202,5,SIDESWIPE - SAME DIRECTION,21,CLEAR,1,DAYLIGHT,12,MOTOR VEHICLE IN TRANSPORT,2ND AVS & ELM ST,NASHVILLE,TN,37210,4005,CENTRA,36.1542,-86.7702,POINT (-86.7702 36.1542)
20190638753,08/27/2019 01:58:00 AM,2,0,0,,Y,320584,5,SIDESWIPE - SAME DIRECTION,21,CLEAR,3,DARK - LIGHTED,12,MOTOR VEHICLE IN TRANSPORT,HAYWOOD LN & CHAMBERS DR,NASHVILLE,TN,37211,8707,SOUTH,36.0684,-86.7074,POINT (-86.7074 36.0684)
20190747509,10/11/2019 02:38:00 PM,2,2,0,,N,109534,4,ANGLE,22,CLOUDY,1,DAYLIGHT,12,MOTOR VEHICLE IN TRANSPORT,HERMITAGE AV & DRIFTWOOD ST,NASHVILLE,TN,37210,9005,HERMIT,36.1549,-86.7588,POINT (-86.7588 36.1549)
20190900834,12/16/2019 05:05:00 PM,2,0,0,,Y,197068,11,Front to Rear,2,RAIN,3,DARK - LIGHTED,12,MOTOR VEHICLE IN TRANSPORT,4TH AVN & CHARLOTTE AV,NASHVILLE,TN,37201,4161,CENTRA,36.1664,-86.7807,POINT (-86.7807 36.1664)
20190765695,10/19/2019 05:30:00 AM,4,0,0,,N,298859,5,SIDESWIPE - SAME DIRECTION,21,CLEAR,3,DARK - LIGHTED,12;14,MOTOR VEHICLE IN TRANSPORT;PARKED MOTOR VEHICLE,12TH ST & ELLISTON ST,OLD HICKORY,TN,37138,9735,HERMIT,36.2591,-86.6497,POINT (-86.6497 36.2591)
20190765422,10/19/2019 02:18:00 AM,1,1,0,Y,N,481573,0,NOT COLLISION W/MOTOR VEHICLE-TRANSPORT,21,CLEAR,3,DARK - LIGHTED,18;42,OTHER OBJECT (NOT FIXED);TREE,AMALIE DR & MCMURRAY DR,NASHVILLE,TN,37211,8655,MIDTOW,36.0542,-86.7253,POINT (-86.7253 36.0542)
20190675740,09/11/2019 09:57:00 AM,2,1,0,,N,620061,11,Front to Rear,21,CLEAR,1,DAYLIGHT,12,MOTOR VEHICLE IN TRANSPORT,EDMONDSON PKE & OLD HICKORY BLVD,NASHVILLE,TN,37211,8651,MIDTOW,36.04,-86.7435,POINT (-86.7435 36.04)
20190662537,09/05/2019 05:04:00 PM,1,0,0,Y,N,151132,0,NOT COLLISION W/MOTOR VEHICLE-TRANSPORT,21,CLEAR,1,DAYLIGHT,40,MAIL BOX,BAKER RD & OLD SPRINGFIELD PKE,GOODLETTSVILLE,TN,37072,2221,MADISO,36.3574,-86.7404,POINT (-86.7404 36.3574)
20190903312,12/17/2019 06:10:00 PM,2,0,0,,N,311328,11,Front to Rear,21,CLEAR,3,DARK - LIGHTED,12,MOTOR VEHICLE IN TRANSPORT,CHARLOTTE AV & ROSA L PARKS BLVD,NASHVILLE,TN,37203,4147,CENTRA,36.1634,-86.7876,POINT (-86.7876 36.1634)
20190589256,08/08/2019 06:06:00 AM,3,0,0,,N,256492,11,Front to Rear,22,CLOUDY,1,DAYLIGHT,12,MOTOR VEHICLE IN TRANSPORT,MM 211 2 I 40,NASHVILLE,TN,37210,8008,HERMIT,36.1535,-86.7564,POINT (-86.7564 36.1535)
20190817630,11/10/2019 07:54:00 PM,1,0,0,,N,352197,0,NOT COLLISION W/MOTOR VEHICLE-TRANSPORT,21,CLEAR,3,DARK - LIGHTED,18,OTHER OBJECT (NOT FIXED),MM 58 3 I 24,ANTIOCH,TN,37013,87060,SOUTH,36.0551,-86.6748,POINT (-86.6748 36.0551)
20190595451,08/10/2019 10:05:00 AM,2,0,0,,N,462474,5,SIDESWIPE - SAME DIRECTION,21,CLEAR,1,DAYLIGHT,12,MOTOR VEHICLE IN TRANSPORT,BELVIDERE DR & GRANNY WHITE PKE,NASHVILLE,TN,37204,7021,MIDTOW,36.1032,-86.7973,POINT (-86.7973 36.1032)
20190872257,12/04/2019 10:57:00 AM,2,0,0,,Y,191578,5,SIDESWIPE - SAME DIRECTION,21,CLEAR,1,DAYLIGHT,12,MOTOR VEHICLE IN TRANSPORT,MM 211 1 I 40,NASHVILLE,TN,37210,8008,HERMIT,36.1539,-86.7571,POINT (-86.7571 36.1539)
20190587978,08/07/2019 05:47:00 PM,2,0,0,,N,352213,11,Front to Rear,21,CLEAR,1,DAYLIGHT,12,MOTOR VEHICLE IN TRANSPORT,OLD HICKORY BLVD & MIDDLEBORO CT,NASHVILLE,TN,37221,6215,WEST,36.05,-86.8725,POINT (-86.8725 36.05)
20190677427,09/12/2019 12:31:00 AM,1,1,0,,N,110090,0,NOT COLLISION W/MOTOR VEHICLE-TRANSPORT,21,CLEAR,3,DARK - LIGHTED,31;34,"OTHER POST, POLE, SUPP.;DITCH",OLD HICKORY BLVD & HOBSON PKE,ANTIOCH,TN,37013,8867,SOUTH,36.0415,-86.6052,POINT (-86.6052 36.0415)
20190676438,09/11/2019 03:25:00 PM,2,0,0,,Y,134899,4,ANGLE,21,CLEAR,1,DAYLIGHT,12,MOTOR VEHICLE IN TRANSPORT,DONELSON PKE & EMERY DR,NASHVILLE,TN,37214,9119,HERMIT,36.1566,-86.665,POINT (-86.665 36.1566)
20190809670,11/07/2019 05:36:00 AM,2,0,0,,N,676828,5,SIDESWIPE - SAME DIRECTION,2,RAIN,3,DARK - LIGHTED,12,MOTOR VEHICLE IN TRANSPORT,MM 2 3 I 440,NASHVILLE,TN,37212,5902,MIDTOW,36.1258,-86.814,POINT (-86.814 36.1258)
20190737484,10/07/2019 12:44:00 PM,2,0,0,,N,544481,4,ANGLE,2,RAIN,1,DAYLIGHT,12,MOTOR VEHICLE IN TRANSPORT,E TRINITY LN & AMBROSE AV,NASHVILLE,TN,37207,1853,EAST,36.2046,-86.7484,POINT (-86.7484 36.2046)
20190912741,12/21/2019 05:55:00 PM,2,0,0,,N,298858,5,SIDESWIPE - SAME DIRECTION,21,CLEAR,3,DARK - LIGHTED,12,MOTOR VEHICLE IN TRANSPORT,GATEWAY BLVD & US HWY 70,NASHVILLE,TN,37201,4049,CENTRA,36.1606,-86.7695,POINT (-86.7695 36.1606)
20190900371,12/16/2019 01:53:00 PM,2,0,0,,N,197068,4,ANGLE,2,RAIN,1,DAYLIGHT,12,MOTOR VEHICLE IN TRANSPORT,5TH AVN & CHURCH ST,NASHVILLE,TN,37219,4141,CENTRA,36.1634,-86.7803,POINT (-86.7803 36.1634)
20190690384,09/17/2019 12:55:00 PM,2,0,0,,N,420059,11,Front to Rear,21,CLEAR,1,DAYLIGHT,12,MOTOR VEHICLE IN TRANSPORT,HARDING PL & TROUSDALE DR,NASHVILLE,TN,37211,8603,MIDTOW,36.081,-86.757,POINT (-86.757 36.081)
20190704817,09/23/2019 02:01:00 PM,3,1,0,,N,225773,11,Front to Rear,21,CLEAR,1,DAYLIGHT,12,MOTOR VEHICLE IN TRANSPORT,BELVIDERE DR & BELMONT BLVD,NASHVILLE,TN,37215,6409,MIDTOW,36.1034,-86.8016,POINT (-86.8016 36.1034)
20190840257,11/20/2019 07:00:00 AM,3,0,0,,N,226586,5,SIDESWIPE - SAME DIRECTION,21,CLEAR,1,DAYLIGHT,12,MOTOR VEHICLE IN TRANSPORT,N 1ST ST & I24 E EXT RAMP,NASHVILLE,TN,37207,1955,CENTRA,36.1784,-86.7744,POINT (-86.7744 36.1784)
20190805260,11/05/2019 12:21:00 PM,2,0,0,,N,191578,5,SIDESWIPE - SAME DIRECTION,21,CLEAR,1,DAYLIGHT,12,MOTOR VEHICLE IN TRANSPORT,ELM HILL PKE & EMERY DR,NASHVILLE,TN,37214,9103,HERMIT,36.1517,-86.677,POINT (-86.677 36.1517)
20190927905,12/29/2019 06:15:00 PM,2,0,0,,N,320597,11,Front to Rear,2,RAIN,2,DARK - NOT LIGHTED,12,MOTOR VEHICLE IN TRANSPORT,MURFREESBORO PKE & OLD MURFREESBORO PKE,NASHVILLE,TN,37217,8849,SOUTH,36.1046,-86.6694,POINT (-86.6694 36.1046)
20190777257,10/24/2019 09:54:00 AM,1,0,0,,Y,352179,0,NOT COLLISION W/MOTOR VEHICLE-TRANSPORT,21,CLEAR,1,DAYLIGHT,36;64,CONCRETE TRAFFIC BARRIER;Ran Off Road-Left,MM 91 2 I 65,MADISON,TN,37115,2006,MADISO,36.2503,-86.7413,POINT (-86.7413 36.2503)
20190698964,09/20/2019 05:40:00 PM,2,0,0,,Y,717341,4,ANGLE,21,CLEAR,1,DAYLIGHT,12,MOTOR VEHICLE IN TRANSPORT,I24 W EXT RAMP & I 24,NASHVILLE,TN,37211,8829,SOUTH,36.1074,-86.7197,POINT (-86.7197 36.1074)
20190698837,09/20/2019 04:59:00 PM,3,2,0,,N,240983,4,ANGLE,21,CLEAR,1,DAYLIGHT,12,MOTOR VEHICLE IN TRANSPORT,THOMPSON LN & LOGAN ST,NASHVILLE,TN,37211,8425,SOUTH,36.1107,-86.7419,POINT (-86.7419 36.1107)
20190807541,11/06/2019 08:50:00 AM,2,0,0,,Y,633391,6,SIDESWIPE - OPPOSITE DIRECTION,21,CLEAR,1,DAYLIGHT,14;55,PARKED MOTOR VEHICLE;Motor Vehicle-In-Motion Outside Trafficw,CENTENNIAL BLVD & BRILEY PKWY N ENT RAMP,NASHVILLE,TN,37209,4623,WEST,36.1722,-86.8651,POINT (-86.8651 36.1722)
20190635491,08/25/2019 12:00:00 AM,1,0,0,Y,Y,887598,0,NOT COLLISION W/MOTOR VEHICLE-TRANSPORT,2,RAIN,98,OTHER,32;38;39;40,CULVERT;FENCE;WALL;MAIL BOX,DRAKES BRANCH RD & BRILEY PKWYW,NASHVILLE,TN,37218,3215,NORTH,36.2296,-86.8498,POINT (-86.8498 36.2296)
20190681224,09/13/2019 10:15:00 AM,2,0,0,,N,676834,0,NOT COLLISION W/MOTOR VEHICLE-TRANSPORT,21,CLEAR,1,DAYLIGHT,60,Cargo Equip Loss/Shift,BRILEY PKWYS & CATO RD,NASHVILLE,TN,37218,3212,NORTH,36.2192,-86.872,POINT (-86.872 36.2192)
20190759712,10/16/2019 08:00:00 PM,1,0,0,Y,N,256394,0,NOT COLLISION W/MOTOR VEHICLE-TRANSPORT,21,CLEAR,2,DARK - NOT LIGHTED,19,BUILDING,TYLER DR & MONA DR,HERMITAGE,TN,37076,9507,HERMIT,36.1989,-86.6126,POINT (-86.6126 36.1989)
20190668350,09/08/2019 06:54:00 AM,2,2,0,,N,591933,4,ANGLE,21,CLEAR,1,DAYLIGHT,12,MOTOR VEHICLE IN TRANSPORT,OLD HICKORY BLVD & BURKITT RD,ANTIOCH,TN,37013,8771,SOUTH,36.0051,-86.6218,POINT (-86.6218 36.0051)
20190707679,09/24/2019 02:54:00 PM,2,0,0,,N,714641,5,SIDESWIPE - SAME DIRECTION,21,CLEAR,1,DAYLIGHT,12,MOTOR VEHICLE IN TRANSPORT,8TH AVS & 9TH AVS,NASHVILLE,TN,37203,4041,CENTRA,36.1549,-86.7798,POINT (-86.7798 36.1549)
20190872240,12/04/2019 10:50:00 AM,2,0,0,,N,224824,4,ANGLE,21,CLEAR,1,DAYLIGHT,12,MOTOR VEHICLE IN TRANSPORT,BAYPOINTE DR & S NEW HOPE RD,HERMITAGE,TN,37076,9515,HERMIT,36.1606,-86.5854,POINT (-86.5854 36.1606)
20190682006,09/13/2019 03:58:00 PM,1,0,0,,Y,298874,0,NOT COLLISION W/MOTOR VEHICLE-TRANSPORT,21,CLEAR,1,DAYLIGHT,71,EMBANKMENT EARTH,0 I24 W EXT RAMP,NASHVILLE,TN,37211,8889,SOUTH,36.0858,-86.6985,POINT (-86.6985 36.0858)
20190908180,12/19/2019 12:00:00 AM,2,0,0,Y,N,352196,4,ANGLE,21,CLEAR,1,DAYLIGHT,12,MOTOR VEHICLE IN TRANSPORT,WHITSETT RD & FOSTER AV,NASHVILLE,TN,37210,8333,SOUTH,36.1152,-86.7436,POINT (-86.7436 36.1152)
20190736324,10/06/2019 10:15:00 PM,1,0,0,,N,320591,0,NOT COLLISION W/MOTOR VEHICLE-TRANSPORT,2,RAIN,3,DARK - LIGHTED,7,,MM 53 0 I 24,NASHVILLE,TN,37210,8302,SOUTH,36.1189,-86.7264,POINT (-86.7264 36.1189)
20190924523,12/27/2019 07:05:00 PM,2,0,0,,Y,384395,11,Front to Rear,21,CLEAR,2,DARK - NOT LIGHTED,12,MOTOR VEHICLE IN TRANSPORT,EDGE O LAKE DR & WILLOWBRANCH DR,NASHVILLE,TN,37217,8939,HERMIT,36.0805,-86.634,POINT (-86.634 36.0805)
20190918178,12/24/2019 10:54:00 AM,2,0,0,,N,429185,4,ANGLE,21,CLEAR,1,DAYLIGHT,12,MOTOR VEHICLE IN TRANSPORT,DONELSON AV & BRYAN ST,OLD HICKORY,TN,37138,9707,HERMIT,36.2641,-86.6508,POINT (-86.6508 36.2641)
20190845357,11/22/2019 06:24:00 AM,2,0,0,,N,352164,11,Front to Rear,2,RAIN,4,DAWN,12,MOTOR VEHICLE IN TRANSPORT,MM 61 2 I 24,ANTIOCH,TN,37013,87040,SOUTH,36.028,-86.6359,POINT (-86.6359 36.028)
20190812315,11/08/2019 07:30:00 AM,2,1,0,,N,320575,4,ANGLE,21,CLEAR,1,DAYLIGHT,12,MOTOR VEHICLE IN TRANSPORT,PICCADILLY ROW & BISHOPSGATE RD,NASHVILLE,TN,37217,8853,SOUTH,36.0784,-86.659,POINT (-86.659 36.0784)
20190832723,11/17/2019 03:21:00 AM,1,0,0,Y,Y,415780,0,NOT COLLISION W/MOTOR VEHICLE-TRANSPORT,21,CLEAR,2,DARK - NOT LIGHTED,20,IMPACT ATTENUATOR,NOLENSVILLE PKE & AUTUMN OAKS DR,NASHVILLE,TN,37211,8651,MIDTOW,36.0045,-86.6992,POINT (-86.6992 36.0045)
20190728180,10/03/2019 06:18:00 AM,6,4,0,,Y,161945,11,Front to Rear,21,CLEAR,1,DAYLIGHT,12,MOTOR VEHICLE IN TRANSPORT,15530 OLD HICKORY BLVD,NASHVILLE,TN,37211,8653,MIDTOW,36.0402,-86.7403,POINT (-86.7403 36.0402)
20190766711,10/19/2019 06:12:00 PM,2,0,0,,N,299253,5,SIDESWIPE - SAME DIRECTION,21,CLEAR,3,DARK - LIGHTED,12,MOTOR VEHICLE IN TRANSPORT,DICKERSON PKE & HILLHURST DR,NASHVILLE,TN,37207,1811,EAST,36.2269,-86.7599,POINT (-86.7599 36.2269)
20190932407,12/31/2019 06:10:00 PM,2,2,0,,N,151132,11,Front to Rear,21,CLEAR,3,DARK - LIGHTED,12,MOTOR VEHICLE IN TRANSPORT,MYATT DR & GALLATIN PKEN,MADISON,TN,37115,1731,MADISO,36.2967,-86.699,POINT (-86.699 36.2967)
20190738019,10/07/2019 06:44:00 PM,3,0,0,,N,256448,11,Front to Rear,21,CLEAR,3,DARK - LIGHTED,12,MOTOR VEHICLE IN TRANSPORT,OLD HICKORY BLVD & LEBANON PKE,HERMITAGE,TN,37076,9613,HERMIT,36.1983,-86.6201,POINT (-86.6201 36.1983)
20190814057,11/09/2019 12:10:00 AM,2,0,0,,Y,352201,5,SIDESWIPE - SAME DIRECTION,21,CLEAR,2,DARK - NOT LIGHTED,12,MOTOR VEHICLE IN TRANSPORT,4TH AVS & SYMPHONY PL,NASHVILLE,TN,37203,4091,CENTRA,36.1603,-86.7768,POINT (-86.7768 36.1603)
20190676688,09/11/2019 05:05:00 PM,2,1,0,,N,717341,11,Front to Rear,21,CLEAR,1,DAYLIGHT,12,MOTOR VEHICLE IN TRANSPORT,MM 52 8 I 24,NASHVILLE,TN,37210,81022,SOUTH,36.1212,-86.7272,POINT (-86.7272 36.1212)
20190845315,11/22/2019 05:20:00 AM,2,0,0,,N,279227,11,Front to Rear,2,RAIN,1,DAYLIGHT,12,MOTOR VEHICLE IN TRANSPORT,MM 56 2 I 24,NASHVILLE,TN,37211,88100,SOUTH,36.0799,-86.6961,POINT (-86.6961 36.0799)
20190820867,11/12/2019 06:55:00 AM,2,1,0,,Y,473670,11,Front to Rear,4,SNOW,1,DAYLIGHT,12,MOTOR VEHICLE IN TRANSPORT,HART LN & ELLINGTON PKWY S EXT RAMP,NASHVILLE,TN,37207,1887,EAST,36.2186,-86.7481,POINT (-86.7481 36.2186)
20190827321,11/14/2019 06:15:00 PM,2,0,0,,N,256427,11,Front to Rear,21,CLEAR,3,DARK - LIGHTED,12,MOTOR VEHICLE IN TRANSPORT,MM 211 7 I 40,NASHVILLE,TN,37210,82042,HERMIT,36.1499,-86.7483,POINT (-86.7483 36.1499)
20190846339,11/22/2019 12:00:00 AM,3,0,0,,N,256427,11,Front to Rear,21,CLEAR,1,DAYLIGHT,12,MOTOR VEHICLE IN TRANSPORT,MM 212 0 I 40,NASHVILLE,TN,37210,90041,HERMIT,36.147,-86.7433,POINT (-86.7433 36.147)
20190649724,08/31/2019 01:00:00 AM,3,0,0,,Y,197053,6,SIDESWIPE - OPPOSITE DIRECTION,21,CLEAR,3,DARK - LIGHTED,12;14,MOTOR VEHICLE IN TRANSPORT;PARKED MOTOR VEHICLE,WOODARD AV & TREVECCA UNIVERSITY PVTDR,NASHVILLE,TN,37210,8119,SOUTH,36.1428,-86.7506,POINT (-86.7506 36.1428)
20190600703,08/12/2019 03:01:00 PM,2,1,0,,N,197054,4,ANGLE,21,CLEAR,1,DAYLIGHT,12,MOTOR VEHICLE IN TRANSPORT,THOMPSON PL & MURFREESBORO PKE,NASHVILLE,TN,37217,8821,HERMIT,36.1267,-86.711,POINT (-86.711 36.1267)