Accident Number,Date and Time,Number of Motor Vehicles,Number of Injuries,Number of Fatalities,Property Damage,Hit and Run,Reporting Officer,Collision Type Code,Collision Type Description,Weather Code,Weather Description,Illumination Code,Illumination Description,Harmful Code,Harmful Code Description,Street Address,City,State,ZIP,RPA,Precinct,Latitude,Longitude,Mapped Location
20190655223,09/02/2019 05:22:00 PM,2,0,0,,Y,320597,4,ANGLE,21,CLEAR,1,DAYLIGHT,12,MOTOR VEHICLE IN TRANSPORT,I24 W EXT RAMP & SPENCE LN,NASHVILLE,TN,37217,8801,SOUTH,36.1358,-86.725,POINT (-86.725 36.1358)
20190636580,08/26/2019 06:10:00 AM,2,0,0,,Y,343522,4,ANGLE,2,RAIN,1,DAYLIGHT,12,MOTOR VEHICLE IN TRANSPORT,OLD HICKORY BLVD & BELLEVUE VALLEY PLAZA,NASHVILLE,TN,37221,4901,WEST,36.0734,-86.9207,POINT (-86.9207 36.0734)
20190701793,09/22/2019 01:00:00 AM,2,0,0,,N,311343,4,ANGLE,21,CLEAR,3,DARK - LIGHTED,12,MOTOR VEHICLE IN TRANSPORT,WOODMONT BLVD & LEALAND LN,NASHVILLE,TN,37204,7007,MIDTOW,36.1111,-86.7884,POINT (-86.7884 36.1111)
20190695369,09/19/2019 08:06:00 AM,2,0,0,,N,226673,11,Front to Rear,21,CLEAR,1,DAYLIGHT,12,MOTOR VEHICLE IN TRANSPORT,MM 48 3 I 24,NASHVILLE,TN,37213,11080,CENTRA,36.1722,-86.7689,POINT (-86.7689 36.1722)
20190804499,11/05/2019 06:24:00 AM,2,0,0,,N,191578,11,Front to Rear,21,CLEAR,4,DAWN,12,MOTOR VEHICLE IN TRANSPORT,SAUNDERSVILLE RD & WYNTERGRACE FARM RD,OLD HICKORY,TN,37138,9721,HERMIT,36.227,-86.5976,POINT (-86.5976 36.227)
20190676994,09/11/2019 05:40:00 PM,2,0,0,,N,267831,4,ANGLE,21,CLEAR,1,DAYLIGHT,12,MOTOR VEHICLE IN TRANSPORT,PATTON AV & CROLEY DR,NASHVILLE,TN,37209,4681,WEST,36.1502,-86.8714,POINT (-86.8714 36.1502)
20190911223,12/20/2019 09:30:00 PM,2,0,0,,Y,192379,4,ANGLE,21,CLEAR,3,DARK - LIGHTED,12,MOTOR VEHICLE IN TRANSPORT,CLARKSVILLE PKE & 23RD AVN,NASHVILLE,TN,37208,4485,NORTH,36.1841,-86.8144,POINT (-86.8144 36.1841)
20190618553,08/19/2019 12:45:00 PM,2,0,0,,N,414731,11,Front to Rear,21,CLEAR,1,DAYLIGHT,12,MOTOR VEHICLE IN TRANSPORT,BELL RD & BRITTANY PARK DR,ANTIOCH,TN,37013,8719,SOUTH,36.0469,-86.6794,POINT (-86.6794 36.0469)
20190807834,11/06/2019 11:53:00 AM,3,1,0,,N,402653,11,Front to Rear,21,CLEAR,1,DAYLIGHT,12,MOTOR VEHICLE IN TRANSPORT,LAFAYETTE ST & DIVISION ST,NASHVILLE,TN,37203,4007,CENTRA,36.1521,-86.7722,POINT (-86.7722 36.1521)
20190627998,08/22/2019 05:45:00 PM,2,0,0,,N,256386,4,ANGLE,2,RAIN,1,DAYLIGHT,12,MOTOR VEHICLE IN TRANSPORT,ELM HILL PKE & PATIO DR,NASHVILLE,TN,37214,8945,HERMIT,36.1419,-86.6414,POINT (-86.6414 36.1419)
20190780711,10/25/2019 06:15:00 PM,1,0,0,Y,N,279116,0,NOT COLLISION W/MOTOR VEHICLE-TRANSPORT,2,RAIN,3,DARK - LIGHTED,36,CONCRETE TRAFFIC BARRIER,ARMORY DR & I65 N ENT RAMP,NASHVILLE,TN,37204,8529,MIDTOW,36.1018,-86.7641,POINT (-86.7641 36.1018)
20190595694,08/10/2019 12:00:00 AM,2,0,0,,Y,352159,11,Front to Rear,21,CLEAR,1,DAYLIGHT,14,PARKED MOTOR VEHICLE,S 11TH ST & BOSCOBEL ST,NASHVILLE,TN,37206,1237,EAST,36.1723,-86.7506,POINT (-86.7506 36.1723)
20190884517,12/09/2019 08:14:00 PM,2,0,0,,N,256389,11,Front to Rear,2,RAIN,3,DARK - LIGHTED,12,MOTOR VEHICLE IN TRANSPORT,RAMP & STATE HWY 255,NASHVILLE,TN,37217,8949,HERMIT,36.1067,-86.6727,POINT (-86.6727 36.1067)
20190764726,10/18/2019 07:39:00 PM,2,0,0,,N,352195,11,Front to Rear,21,CLEAR,1,DAYLIGHT,12,MOTOR VEHICLE IN TRANSPORT,MM 213 2 I 40,NASHVILLE,TN,37210,82061,HERMIT,36.1399,-86.728,POINT (-86.728 36.1399)
20190801908,11/04/2019 07:05:00 AM,2,0,0,,N,420035,4,ANGLE,21,CLEAR,1,DAYLIGHT,12,MOTOR VEHICLE IN TRANSPORT,BRILEY PKWYE & I24 W EXT RAMP,NASHVILLE,TN,37207,2003,MADISO,36.2381,-86.783,POINT (-86.783 36.2381)
20190759689,10/16/2019 07:11:00 PM,2,0,0,,N,256386,4,ANGLE,21,CLEAR,3,DARK - LIGHTED,12,MOTOR VEHICLE IN TRANSPORT,BELL RD & ELM HILL PKE,NASHVILLE,TN,37214,8995,HERMIT,36.1411,-86.628,POINT (-86.628 36.1411)
20190797707,11/02/2019 02:55:00 AM,2,1,0,,N,311340,4,ANGLE,21,CLEAR,3,DARK - LIGHTED,12,MOTOR VEHICLE IN TRANSPORT,NOLENSVILLE PKE & I440 E EXT RAMP,NASHVILLE,TN,37210,8321,SOUTH,36.1216,-86.7505,POINT (-86.7505 36.1216)
20190852795,11/25/2019 03:50:00 PM,3,1,0,,N,256389,4,ANGLE,21,CLEAR,1,DAYLIGHT,12,MOTOR VEHICLE IN TRANSPORT,MM 81 7 I 65,NASHVILLE,TN,37203,8006,MIDTOW,36.1384,-86.7758,POINT (-86.7758 36.1384)
20190708678,09/25/2019 01:25:00 AM,1,0,0,,N,226175,0,NOT COLLISION W/MOTOR VEHICLE-TRANSPORT,21,CLEAR,2,DARK - NOT LIGHTED,11,OTHER ANIMAL,US HWY 70 & RAMP,NASHVILLE,TN,37214,9403,HERMIT,36.1853,-86.6361,POINT (-86.6361 36.1853)
20190647189,08/30/2019 09:49:00 AM,2,1,0,,N,306231,11,Front to Rear,21,CLEAR,1,DAYLIGHT,12,MOTOR VEHICLE IN TRANSPORT,CLARKSVILLE PKE & BUENA VISTA PKE,NASHVILLE,TN,37218,3135,NORTH,36.1935,-86.8309,POINT (-86.8309 36.1935)
20190611523,08/16/2019 02:56:00 PM,3,0,0,,Y,299267,11,Front to Rear,21,CLEAR,1,DAYLIGHT,12,MOTOR VEHICLE IN TRANSPORT,CHARLOTTE AV & 25TH AVN,NASHVILLE,TN,37203,5619,MIDTOW,36.1553,-86.8121,POINT (-86.8121 36.1553)
20190685253,09/15/2019 05:15:00 AM,1,0,0,Y,N,197053,0,NOT COLLISION W/MOTOR VEHICLE-TRANSPORT,21,CLEAR,3,DARK - LIGHTED,1;30;47,UTILITY POLE;FIRE HYDRANT,RICHARDS RD & LORI DR,ANTIOCH,TN,37013,8899,SOUTH,36.0688,-86.6784,POINT (-86.6784 36.0688)
20190898554,12/15/2019 05:25:00 PM,2,1,0,,N,256426,5,SIDESWIPE - SAME DIRECTION,21,CLEAR,3,DARK - LIGHTED,1;14,PARKED MOTOR VEHICLE,BARKER RD & JUNE DR,NASHVILLE,TN,37214,9205,HERMIT,36.1689,-86.6968,POINT (-86.6968 36.1689)
20190777639,10/24/2019 01:00:00 PM,2,0,0,,N,352159,11,Front to Rear,21,CLEAR,1,DAYLIGHT,12,MOTOR VEHICLE IN TRANSPORT,GALLATIN PKE & MALQUIN DR,NASHVILLE,TN,37216,1513,EAST,36.2306,-86.725,POINT (-86.725 36.2306)
20190810493,11/07/2019 01:24:00 PM,2,2,0,,N,716886,11,Front to Rear,2,RAIN,1,DAYLIGHT,12,MOTOR VEHICLE IN TRANSPORT,MM 52 2 I 24,NASHVILLE,TN,37217,8816,SOUTH,36.1359,-86.7267,POINT (-86.7267 36.1359)
20190897832,12/15/2019 05:00:00 AM,1,0,0,Y,N,262757,0,NOT COLLISION W/MOTOR VEHICLE-TRANSPORT,21,CLEAR,3,DARK - LIGHTED,38,FENCE,GREEN ST & EXIT 212,NASHVILLE,TN,37210,9005,HERMIT,36.1526,-86.7536,POINT (-86.7536 36.1526)
20190650250,08/31/2019 12:25:00 PM,2,0,0,,Y,256428,5,SIDESWIPE - SAME DIRECTION,21,CLEAR,1,DAYLIGHT,12;14,MOTOR VEHICLE IN TRANSPORT;PARKED MOTOR VEHICLE,JOSEPH AV & HANCOCK ST,NASHVILLE,TN,37207,1963,EAST,36.1843,-86.7724,POINT (-86.7724 36.1843)
20190749832,10/12/2019 04:49:00 PM,2,0,0,,N,596389,4,ANGLE,21,CLEAR,1,DAYLIGHT,12,MOTOR VEHICLE IN TRANSPORT,HIGHWAY 100 & OLD HARDING PKE,NASHVILLE,TN,37221,4807,WEST,36.0445,-86.956,POINT (-86.956 36.0445)
20190761979,10/17/2019 05:58:00 PM,2,0,0,,N,256389,11,Front to Rear,21,CLEAR,1,DAYLIGHT,12,MOTOR VEHICLE IN TRANSPORT,MM 82 0 I 65,NASHVILLE,TN,37203,80061,MIDTOW,36.1433,-86.7769,POINT (-86.7769 36.1433)
20190828950,11/15/2019 10:28:00 AM,2,1,0,,N,306231,11,Front to Rear,22,CLOUDY,1,DAYLIGHT,12,MOTOR VEHICLE IN TRANSPORT,MM 88 1 I 65,NASHVILLE,TN,37207,18041,EAST,36.2169,-86.775,POINT (-86.775 36.2169)
20190712509,09/26/2019 12:39:00 PM,2,0,0,,N,184158,4,ANGLE,21,CLEAR,1,DAYLIGHT,12,MOTOR VEHICLE IN TRANSPORT,GEORGIA AV & 52ND AVN,NASHVILLE,TN,37209,4627,WEST,36.1553,-86.8517,POINT (-86.8517 36.1553)
20190706612,09/24/2019 07:11:00 AM,2,1,0,,N,462474,4,ANGLE,21,CLEAR,1,DAYLIGHT,12,MOTOR VEHICLE IN TRANSPORT,BONERWOOD DR & WHISPERING HILLS DR,NASHVILLE,TN,37211,8661,MIDTOW,36.0694,-86.7299,POINT (-86.7299 36.0694)
20190883208,12/09/2019 09:11:00 AM,2,2,0,,N,226622,11,Front to Rear,22,CLOUDY,1,DAYLIGHT,12,MOTOR VEHICLE IN TRANSPORT,OLD HICKORY BLVD & MIDDLETON PARK LN,NASHVILLE,TN,37215,6205,WEST,36.0503,-86.8747,POINT (-86.8747 36.0503)
20190805712,11/05/2019 03:19:00 PM,1,0,0,,N,429193,0,NOT COLLISION W/MOTOR VEHICLE-TRANSPORT,21,CLEAR,1,DAYLIGHT,18,OTHER OBJECT (NOT FIXED),MM 198 0 I 40,NASHVILLE,TN,37221,4706,WEST,36.0975,-86.9364,POINT (-86.9364 36.0975)
20190680759,09/13/2019 07:00:00 AM,2,0,0,,N,226622,11,Front to Rear,21,CLEAR,1,DAYLIGHT,12,MOTOR VEHICLE IN TRANSPORT,HIGHWAY 100 & NATCHEZ TRACE PKWY EXT RAM,NASHVILLE,TN,37221,4805,WEST,36.0346,-86.9729,POINT (-86.9729 36.0346)
20190675765,09/11/2019 10:00:00 AM,2,0,0,,N,676834,4,ANGLE,21,CLEAR,1,DAYLIGHT,12,MOTOR VEHICLE IN TRANSPORT,CAMILLA CALDWELL LN & COUNTY HOSPITAL RD,NASHVILLE,TN,37218,3133,NORTH,36.1826,-86.8478,POINT (-86.8478 36.1826)
20190709598,09/25/2019 10:00:00 AM,2,0,0,,N,109495,11,Front to Rear,21,CLEAR,1,DAYLIGHT,12,MOTOR VEHICLE IN TRANSPORT,MM 81 4 I 65,NASHVILLE,TN,37203,68042,MIDTOW,36.1348,-86.7756,POINT (-86.7756 36.1348)
20190640464,08/27/2019 06:50:00 PM,2,0,0,,N,151131,4,ANGLE,21,CLEAR,1,DAYLIGHT,12,MOTOR VEHICLE IN TRANSPORT,17TH AVN & JACKSON ST,NASHVILLE,TN,37208,5419,NORTH,36.1665,-86.8034,POINT (-86.8034 36.1665)
20190737078,10/07/2019 06:48:00 AM,2,1,0,,N,352164,4,ANGLE,22,CLOUDY,4,DAWN,12,MOTOR VEHICLE IN TRANSPORT,PIN HOOK RD & GROVEDALE TRC,ANTIOCH,TN,37013,8927,SOUTH,36.05,-86.606,POINT (-86.606 36.05)
20190853272,11/25/2019 07:00:00 PM,2,0,0,,Y,420040,5,SIDESWIPE - SAME DIRECTION,22,CLOUDY,3,DARK - LIGHTED,12,MOTOR VEHICLE IN TRANSPORT,MM 208 4 I 40,NASHVILLE,TN,37203,54024,NORTH,36.165,-86.7943,POINT (-86.7943 36.165)
20190764351,10/18/2019 03:30:00 PM,2,0,0,,Y,352195,4,ANGLE,21,CLEAR,1,DAYLIGHT,12,MOTOR VEHICLE IN TRANSPORT,MCGAVOCK PIKE & RAMP,NASHVILLE,TN,37214,9209,HERMIT,36.2171,-86.6969,POINT (-86.6969 36.2171)
20190804352,11/05/2019 05:25:00 AM,1,0,0,,N,212334,0,NOT COLLISION W/MOTOR VEHICLE-TRANSPORT,21,CLEAR,2,DARK - NOT LIGHTED,50,DEER (ANIMAL),WHITES CREEK PKE & RILEY ADCOCK RD,JOELTON,TN,37080,2319,NORTH,36.3714,-86.8908,POINT (-86.8908 36.3714)
20190750326,10/12/2019 10:30:00 PM,1,0,0,,Y,212335,0,NOT COLLISION W/MOTOR VEHICLE-TRANSPORT,22,CLOUDY,2,DARK - NOT LIGHTED,34,DITCH,I40 W ENT RAMP & I 40,NASHVILLE,TN,37210,9007,HERMIT,36.1484,-86.7454,POINT (-86.7454 36.1484)
20190681483,09/13/2019 11:09:00 AM,2,0,0,,N,834798,11,Front to Rear,21,CLEAR,1,DAYLIGHT,12,MOTOR VEHICLE IN TRANSPORT,BATTERY LN & PADDOCK PK,NASHVILLE,TN,37220,7105,MIDTOW,36.0887,-86.7947,POINT (-86.7947 36.0887)
20190733924,10/05/2019 03:44:00 PM,2,0,0,,N,330431,5,SIDESWIPE - SAME DIRECTION,21,CLEAR,1,DAYLIGHT,12,MOTOR VEHICLE IN TRANSPORT,MOORMANS ARM RD & WALKER LN,NASHVILLE,TN,37207,3015,NORTH,36.217,-86.81,POINT (-86.81 36.217)
20190720621,09/30/2019 06:40:00 AM,1,1,0,,N,109495,0,NOT COLLISION W/MOTOR VEHICLE-TRANSPORT,21,CLEAR,1,DAYLIGHT,42,TREE,MM 80 5 I 65,NASHVILLE,TN,37204,69020,MIDTOW,36.1226,-86.7733,POINT (-86.7733 36.1226)
20190919745,12/25/2019 12:00:00 AM,1,0,0,Y,Y,320575,0,NOT COLLISION W/MOTOR VEHICLE-TRANSPORT,99,UNKNOWN,9,UNKNOWN,34;38,DITCH;FENCE,FRANKLIN LIMESTONE RD & FRANKLIN LIMESTO,NASHVILLE,TN,37217,8853,SOUTH,36.0876,-86.6629,POINT (-86.6629 36.0876)
20190622493,08/20/2019 08:10:00 PM,1,0,0,Y,N,240976,0,NOT COLLISION W/MOTOR VEHICLE-TRANSPORT,2,RAIN,3,DARK - LIGHTED,25,GUARDRAIL END,MM 86 5 I 65,NASHVILLE,TN,37207,3006,NORTH,36.1946,-86.7762,POINT (-86.7762 36.1946)
20190699788,09/21/2019 01:00:00 AM,1,1,0,,N,311338,0,NOT COLLISION W/MOTOR VEHICLE-TRANSPORT,22,CLOUDY,3,DARK - LIGHTED,46,TRAFFIC SIGNAL SUPPORT,CLARKSVILLE PKE & ROSA L PARKS BLVD,NASHVILLE,TN,37228,4483,NORTH,36.1889,-86.8231,POINT (-86.8231 36.1889)
20190763178,10/18/2019 05:44:00 AM,2,1,0,,N,352162,4,ANGLE,21,CLEAR,3,DARK - LIGHTED,12,MOTOR VEHICLE IN TRANSPORT,CHARLOTTE AV & GEORGE L DAVIS BLVD,NASHVILLE,TN,37203,4205,CENTRA,36.1612,-86.7927,POINT (-86.7927 36.1612)
20190909384,12/20/2019 12:00:00 AM,1,0,0,,Y,384439,0,NOT COLLISION W/MOTOR VEHICLE-TRANSPORT,99,UNKNOWN,9,UNKNOWN,42,TREE,CULBERTSON RD & MILL CREEK LENOX VILLAGE,ANTIOCH,TN,37013,8767,SOUTH,36.0123,-86.6879,POINT (-86.6879 36.0123)
20190758064,10/16/2019 05:30:00 AM,2,1,0,,N,256569,4,ANGLE,2,RAIN,3,DARK - LIGHTED,12,MOTOR VEHICLE IN TRANSPORT,ELMORE AVE & US HWY 31E,MADISON,TN,37115,1717,MADISO,36.28,-86.7085,POINT (-86.7085 36.28)
20190639686,08/27/2019 12:46:00 PM,3,0,0,,N,462494,11,Front to Rear,22,CLOUDY,1,DAYLIGHT,12,MOTOR VEHICLE IN TRANSPORT,WEST END AV & MURPHY RD,NASHVILLE,TN,37203,5629,MIDTOW,36.1384,-86.8201,POINT (-86.8201 36.1384)
20190666959,09/07/2019 03:37:00 PM,2,1,0,,N,240955,5,SIDESWIPE - SAME DIRECTION,21,CLEAR,1,DAYLIGHT,12,MOTOR VEHICLE IN TRANSPORT,MURFREESBORO PKE & MOUNTAIN SPRINGS RD,ANTIOCH,TN,37013,8927,SOUTH,36.0478,-86.6121,POINT (-86.6121 36.0478)
20190825672,11/14/2019 02:15:00 AM,2,0,0,,Y,220884,5,SIDESWIPE - SAME DIRECTION,21,CLEAR,3,DARK - LIGHTED,12,MOTOR VEHICLE IN TRANSPORT,MM 88 1 I 65,NASHVILLE,TN,37207,18041,EAST,36.2169,-86.775,POINT (-86.775 36.2169)
20190782975,10/27/2019 12:38:00 AM,2,0,0,,N,256377,11,Front to Rear,21,CLEAR,3,DARK - LIGHTED,12,MOTOR VEHICLE IN TRANSPORT,MM 215 8 I 40,NASHVILLE,TN,37217,89020,HERMIT,36.1424,-86.6815,POINT (-86.6815 36.1424)
20190584716,08/06/2019 03:20:00 PM,1,1,0,,N,420040,0,NOT COLLISION W/MOTOR VEHICLE-TRANSPORT,22,CLOUDY,1,DAYLIGHT,8,PEDESTRIAN,21ST AVS & ACKLEN AV,NASHVILLE,TN,37212,5825,MIDTOW,36.1356,-86.801,POINT (-86.801 36.1356)
20190705636,09/23/2019 08:15:00 PM,2,0,0,,Y,579971,11,Front to Rear,21,CLEAR,3,DARK - LIGHTED,12,MOTOR VEHICLE IN TRANSPORT,MURFREESBORO PKE & KERMIT DR,NASHVILLE,TN,37217,8811,SOUTH,36.122,-86.7051,POINT (-86.7051 36.122)
20190905000,12/18/2019 09:45:00 AM,2,3,0,,N,405391,11,Front to Rear,22,CLOUDY,1,DAYLIGHT,12,MOTOR VEHICLE IN TRANSPORT,CHARLOTTE PKE & HIGHWAY 70S,NASHVILLE,TN,37221,4709,WEST,36.0918,-86.98,POINT (-86.98 36.0918)
20190715231,09/27/2019 10:30:00 AM,2,0,0,,N,330435,11,Front to Rear,21,CLEAR,1,DAYLIGHT,12;14,MOTOR VEHICLE IN TRANSPORT;PARKED MOTOR VEHICLE,LISCHEY AV & ARRINGTON ST,NASHVILLE,TN,37207,1945,EAST,36.1846,-86.7648,POINT (-86.7648 36.1846)
20190887064,12/10/2019 12:00:00 AM,2,0,0,,Y,352161,9,UNKNOWN,2,RAIN,3,DARK - LIGHTED,14,PARKED MOTOR VEHICLE,16TH AVE N & JACKSON ST,NASHVILLE,TN,37208,5419,NORTH,36.167,-86.8012,POINT (-86.8012 36.167)
20190817552,11/10/2019 06:25:00 PM,2,0,0,,N,352156,5,SIDESWIPE - SAME DIRECTION,21,CLEAR,5,DUSK,12,MOTOR VEHICLE IN TRANSPORT,HAYWOOD LN & ANTIOCH PKE,NASHVILLE,TN,37211,8851,SOUTH,36.0702,-86.6848,POINT (-86.6848 36.0702)
20190660308,09/04/2019 04:58:00 PM,2,3,0,,N,405418,11,Front to Rear,21,CLEAR,1,DAYLIGHT,12,MOTOR VEHICLE IN TRANSPORT,VERITAS ST & TROUSDALE DR,NASHVILLE,TN,37211,8521,MIDTOW,36.0986,-86.7495,POINT (-86.7495 36.0986)
20190666507,09/07/2019 08:30:00 AM,2,0,0,,Y,343522,4,ANGLE,21,CLEAR,1,DAYLIGHT,12,MOTOR VEHICLE IN TRANSPORT,CHARLOTTE PKE & I40 E ENT RAMP,NASHVILLE,TN,37205,5007,WEST,36.1319,-86.8955,POINT (-86.8955 36.1319)
20190836181,11/18/2019 05:32:00 PM,2,0,0,,N,256389,11,Front to Rear,21,CLEAR,3,DARK - LIGHTED,12,MOTOR VEHICLE IN TRANSPORT,NOLENSVILLE PKE & CRAIGHEAD ST,NASHVILLE,TN,37203,8023,MIDTOW,36.1346,-86.7593,POINT (-86.7593 36.1346)
20190845413,11/22/2019 07:17:00 AM,2,2,0,,N,834798,11,Front to Rear,2,RAIN,1,DAYLIGHT,12,MOTOR VEHICLE IN TRANSPORT,I40 E EXT RAMP & I 40,NASHVILLE,TN,37214,8955,HERMIT,36.155,-86.6271,POINT (-86.6271 36.155)
20190614263,08/17/2019 05:34:00 PM,1,1,0,,N,596389,0,NOT COLLISION W/MOTOR VEHICLE-TRANSPORT,21,CLEAR,1,DAYLIGHT,8,PEDESTRIAN,MM 193 4 I 40,NASHVILLE,TN,37221,4804,WEST,36.0773,-87.0049,POINT (-87.0049 36.0773)
20190847043,11/22/2019 07:44:00 PM,2,0,0,,N,352168,5,SIDESWIPE - SAME DIRECTION,2,RAIN,3,DARK - LIGHTED,12,MOTOR VEHICLE IN TRANSPORT,OLD HICKORY BLVD & EDMONDSON PKE,NASHVILLE,TN,37220,8615,MIDTOW,36.04,-86.7435,POINT (-86.7435 36.04)
20190846046,11/22/2019 12:06:00 PM,2,0,0,,Y,320601,5,SIDESWIPE - SAME DIRECTION,22,CLOUDY,1,DAYLIGHT,12,MOTOR VEHICLE IN TRANSPORT,HARDING PL & DONELSON PKE,NASHVILLE,TN,37217,8841,SOUTH,36.0928,-86.6789,POINT (-86.6789 36.0928)
20190826701,11/14/2019 12:59:00 PM,2,0,0,,Y,226673,4,ANGLE,21,CLEAR,1,DAYLIGHT,12,MOTOR VEHICLE IN TRANSPORT,JO JOHNSTON AV & GEORGE L DAVIS BLVD,NASHVILLE,TN,37203,4207,CENTRA,36.1643,-86.7932,POINT (-86.7932 36.1643)
20190841637,11/20/2019 06:03:00 PM,3,2,0,,N,279233,4,ANGLE,21,CLEAR,3,DARK - LIGHTED,12,MOTOR VEHICLE IN TRANSPORT,RAMP & I 40,NASHVILLE,TN,37210,8201,HERMIT,36.1513,-86.7684,POINT (-86.7684 36.1513)
20190858430,11/27/2019 07:25:00 PM,2,0,0,,Y,352184,5,SIDESWIPE - SAME DIRECTION,21,CLEAR,3,DARK - LIGHTED,12,MOTOR VEHICLE IN TRANSPORT,MM 47 8 I 24,NASHVILLE,TN,37207,1904,CENTRA,36.1775,-86.7731,POINT (-86.7731 36.1775)
20190731832,10/04/2019 04:10:00 PM,1,1,0,Y,N,887598,0,NOT COLLISION W/MOTOR VEHICLE-TRANSPORT,21,CLEAR,1,DAYLIGHT,30,UTILITY POLE,DR D B TODD JR BLVD & FORMOSA ST,NASHVILLE,TN,37208,4471,NORTH,36.1743,-86.8087,POINT (-86.8087 36.1743)
20190710487,09/25/2019 05:16:00 PM,2,2,0,,N,240983,2,HEAD-ON,22,CLOUDY,1,DAYLIGHT,12,MOTOR VEHICLE IN TRANSPORT,MURFREESBORO PKE & MOUNTAIN SPRINGS RD,ANTIOCH,TN,37013,8927,SOUTH,36.0478,-86.6121,POINT (-86.6121 36.0478)
20190920208,12/25/2019 05:43:00 PM,2,0,0,,Y,580819,5,SIDESWIPE - SAME DIRECTION,21,CLEAR,3,DARK - LIGHTED,12,MOTOR VEHICLE IN TRANSPORT,BROADWAY & 4TH AVN,NASHVILLE,TN,37203,4091,CENTRA,36.161,-86.7772,POINT (-86.7772 36.161)
20190811071,11/07/2019 03:52:00 PM,2,0,0,,N,279214,4,ANGLE,2,RAIN,1,DAYLIGHT,12,MOTOR VEHICLE IN TRANSPORT,SIDCO DR & CSX DR,NASHVILLE,TN,37204,8531,MIDTOW,36.0836,-86.7616,POINT (-86.7616 36.0836)
20190769950,10/21/2019 11:02:00 AM,2,1,0,,N,140808,11,Front to Rear,2,RAIN,1,DAYLIGHT,12,MOTOR VEHICLE IN TRANSPORT,GRANNY WHITE PKE & OLD HICKORY BLVD,NASHVILLE,TN,37220,7111,MIDTOW,36.0397,-86.8164,POINT (-86.8164 36.0397)
20190636942,08/26/2019 10:05:00 AM,2,0,0,,N,109534,11,Front to Rear,22,CLOUDY,1,DAYLIGHT,12,MOTOR VEHICLE IN TRANSPORT,ELM TREE DR & MAPLELEAF DR,NASHVILLE,TN,37210,9037,HERMIT,36.1496,-86.7064,POINT (-86.7064 36.1496)
20190820349,11/12/2019 01:33:00 AM,1,1,0,,N,256569,0,NOT COLLISION W/MOTOR VEHICLE-TRANSPORT,21,CLEAR,3,DARK - LIGHTED,30;63,UTILITY POLE;Ran Off Road-Right,GALLATIN PKES & MADISON SQ,MADISON,TN,37115,1623,MADISO,36.2541,-86.7161,POINT (-86.7161 36.2541)
20190838979,11/19/2019 05:42:00 PM,2,0,0,,N,279225,5,SIDESWIPE - SAME DIRECTION,21,CLEAR,2,DARK - NOT LIGHTED,12,MOTOR VEHICLE IN TRANSPORT,STEWARTS FERRY PKE & I40 E EXT RAMP,NASHVILLE,TN,37214,8955,HERMIT,36.1549,-86.6269,POINT (-86.6269 36.1549)
20190888301,12/11/2019 06:45:00 AM,2,0,0,,Y,352179,11,Front to Rear,21,CLEAR,1,DAYLIGHT,12,MOTOR VEHICLE IN TRANSPORT,US HWY 31W & DOVERSIDE DR,NASHVILLE,TN,37207,2011,MADISO,36.2426,-86.757,POINT (-86.757 36.2426)
20190820396,11/12/2019 02:01:00 AM,2,0,0,,N,110090,11,Front to Rear,4,SNOW,3,DARK - LIGHTED,12,MOTOR VEHICLE IN TRANSPORT,PIN HOOK RD & HOBSON PKE,ANTIOCH,TN,37013,8927,SOUTH,36.0493,-86.5999,POINT (-86.5999 36.0493)
20190593032,08/09/2019 10:50:00 AM,2,0,0,,Y,676834,4,ANGLE,21,CLEAR,1,DAYLIGHT,12;14,MOTOR VEHICLE IN TRANSPORT;PARKED MOTOR VEHICLE,2200 HAMPTON ST,NASHVILLE,TN,37207,3019,NORTH,36.2074,-86.7783,POINT (-86.7783 36.2074)
20190767053,10/19/2019 10:40:00 PM,2,1,0,,N,279203,2,HEAD-ON,21,CLEAR,3,DARK - LIGHTED,12,MOTOR VEHICLE IN TRANSPORT,12TH AVS & BROADWAY,NASHVILLE,TN,37203,4081,CENTRA,36.1563,-86.7873,POINT (-86.7873 36.1563)
20190598098,08/11/2019 01:20:00 PM,2,0,0,,Y,591933,5,SIDESWIPE - SAME DIRECTION,21,CLEAR,1,DAYLIGHT,12,MOTOR VEHICLE IN TRANSPORT,MURFREESBORO PKE & HAMILTON CHURCH RD,ANTIOCH,TN,37013,8865,SOUTH,36.0649,-86.6286,POINT (-86.6286 36.0649)
20190779691,10/25/2019 09:51:00 AM,2,0,0,,Y,716886,4,ANGLE,2,RAIN,1,DAYLIGHT,12,MOTOR VEHICLE IN TRANSPORT,SEASONS DR & DOVE CREEK RD,ANTIOCH,TN,37013,8925,SOUTH,36.0714,-86.5966,POINT (-86.5966 36.0714)
20190749573,10/12/2019 01:26:00 PM,3,0,0,,N,405397,11,Front to Rear,21,CLEAR,1,DAYLIGHT,12,MOTOR VEHICLE IN TRANSPORT,MM 49 2 I 24,NASHVILLE,TN,37213,1002,CENTRA,36.1637,-86.7625,POINT (-86.7625 36.1637)
20190776811,10/24/2019 12:00:00 AM,2,0,0,,Y,191572,5,SIDESWIPE - SAME DIRECTION,21,CLEAR,3,DARK - LIGHTED,12,MOTOR VEHICLE IN TRANSPORT,MM 5 9 I 440,NASHVILLE,TN,37204,83062,MIDTOW,36.1215,-86.7578,POINT (-86.7578 36.1215)