Accident Number,Date and Time,Number of Motor Vehicles,Number of Injuries,Number of Fatalities,Property Damage,Hit and Run,Reporting Officer,Collision Type Code,Collision Type Description,Weather Code,Weather Description,Illumination Code,Illumination Description,Harmful Code,Harmful Code Description,Street Address,City,State,ZIP,RPA,Precinct,Latitude,Longitude,Mapped Location
20190608294,08/15/2019 09:31:00 AM,2,1,0,,N,137872,11,Front to Rear,21,CLEAR,1,DAYLIGHT,12,MOTOR VEHICLE IN TRANSPORT,MURFREESBORO PKE & DONELSON PKE,NASHVILLE,TN,37217,8841,SOUTH,36.1062,-86.6731,POINT (-86.6731 36.1062)
20190629479,08/23/2019 07:02:00 AM,2,0,0,,N,414668,11,Front to Rear,5,FOG,1,DAYLIGHT,12,MOTOR VEHICLE IN TRANSPORT,I65 S ENT RAMP & I 65,NASHVILLE,TN,37207,3007,NORTH,36.2057,-86.778,POINT (-86.778 36.2057)
20190597669,08/11/2019 08:00:00 AM,2,3,0,,N,343522,4,ANGLE,21,CLEAR,1,DAYLIGHT,12,MOTOR VEHICLE IN TRANSPORT,CHARLOTTE PKE & WHEATFIELD WAY,NASHVILLE,TN,37221,4711,WEST,36.1141,-86.927,POINT (-86.927 36.1141)
20190824927,11/13/2019 06:06:00 PM,1,0,0,,N,179606,0,NOT COLLISION W/MOTOR VEHICLE-TRANSPORT,21,CLEAR,2,DARK - NOT LIGHTED,50,DEER (ANIMAL),GRANNY WHITE PKE & DORSET DR,NASHVILLE,TN,37220,7111,MIDTOW,36.0426,-86.8161,POINT (-86.8161 36.0426)
20190875135,12/05/2019 01:45:00 PM,2,2,0,,N,693093,11,Front to Rear,21,CLEAR,1,DAYLIGHT,12,MOTOR VEHICLE IN TRANSPORT,GALLATIN PKEN & SHEPHERD HILLS DR,MADISON,TN,37115,1731,MADISO,36.3009,-86.6946,POINT (-86.6946 36.3009)
20190812753,11/08/2019 11:48:00 AM,1,0,0,,N,179602,0,NOT COLLISION W/MOTOR VEHICLE-TRANSPORT,21,CLEAR,1,DAYLIGHT,50,DEER (ANIMAL),ASHLAND CITY HWY & HYDESDALE LN,NASHVILLE,TN,37218,3167,NORTH,36.2066,-86.8558,POINT (-86.8558 36.2066)
20190661757,09/05/2019 10:30:00 AM,2,2,0,,N,716886,4,ANGLE,21,CLEAR,1,DAYLIGHT,12,MOTOR VEHICLE IN TRANSPORT,DONELSON PKE & OLD EZELL RD,NASHVILLE,TN,37217,8841,SOUTH,36.0996,-86.6768,POINT (-86.6768 36.0996)
20190808506,11/06/2019 05:22:00 PM,2,0,0,,N,298877,11,Front to Rear,21,CLEAR,3,DARK - LIGHTED,12,MOTOR VEHICLE IN TRANSPORT,BRILEY PKWYS & I24 W ENT RAMP,NASHVILLE,TN,37211,88962,SOUTH,36.1099,-86.7214,POINT (-86.7214 36.1099)
20190840700,11/20/2019 10:22:00 AM,2,0,0,,N,384398,5,SIDESWIPE - SAME DIRECTION,21,CLEAR,1,DAYLIGHT,12,MOTOR VEHICLE IN TRANSPORT,FRANKLIN LIMESTONE RD & ANTIOCH PKE,ANTIOCH,TN,37013,8899,SOUTH,36.0808,-86.6845,POINT (-86.6845 36.0808)
20190740185,10/08/2019 03:29:00 PM,2,0,0,,N,256426,5,SIDESWIPE - SAME DIRECTION,21,CLEAR,1,DAYLIGHT,12,MOTOR VEHICLE IN TRANSPORT,ELM HILL PKE & WANDA DR,NASHVILLE,TN,37210,9041,HERMIT,36.1505,-86.6963,POINT (-86.6963 36.1505)
20190829501,11/15/2019 03:43:00 PM,2,0,0,,N,279233,5,SIDESWIPE - SAME DIRECTION,21,CLEAR,1,DAYLIGHT,12,MOTOR VEHICLE IN TRANSPORT,MORROW RD & RICHLAND CREEK SHOPPING CENT,NASHVILLE,TN,37209,5121,WEST,36.152,-86.8521,POINT (-86.8521 36.152)
20190822006,11/12/2019 04:43:00 PM,2,0,0,Y,N,240983,0,NOT COLLISION W/MOTOR VEHICLE-TRANSPORT,21,CLEAR,1,DAYLIGHT,30;63,UTILITY POLE;Ran Off Road-Right,UNA ANTIOCH PKE & MURFREESBORO PKE,ANTIOCH,TN,37013,8891,SOUTH,36.086,-86.6491,POINT (-86.6491 36.086)
20190902030,12/17/2019 07:53:00 AM,2,0,0,,N,352164,11,Front to Rear,2,RAIN,1,DAYLIGHT,12,MOTOR VEHICLE IN TRANSPORT,FIRESTONE PKWY & OLD HICKORY BLVD,ANTIOCH,TN,37013,8869,SOUTH,36.0168,-86.6199,POINT (-86.6199 36.0168)
20190771167,10/21/2019 10:56:00 PM,1,0,0,Y,Y,352212,0,NOT COLLISION W/MOTOR VEHICLE-TRANSPORT,22,CLOUDY,3,DARK - LIGHTED,43,OTHER FIXED OBJECTS,SAUNDERS AVE & MAPLEWOOD LN,NASHVILLE,TN,37216,1847,EAST,36.2279,-86.7333,POINT (-86.7333 36.2279)
20190657332,09/03/2019 01:59:00 PM,2,1,0,,N,256383,11,Front to Rear,21,CLEAR,1,DAYLIGHT,12,MOTOR VEHICLE IN TRANSPORT,MELROSE AV & I440 E ENT RAMP,NASHVILLE,TN,37211,8343,MIDTOW,36.1205,-86.7501,POINT (-86.7501 36.1205)
20190893655,12/13/2019 07:03:00 AM,1,0,0,,N,384398,0,NOT COLLISION W/MOTOR VEHICLE-TRANSPORT,22,CLOUDY,1,DAYLIGHT,50,DEER (ANIMAL),OLD HICKORY BLVD & PETTUS RD,ANTIOCH,TN,37013,8767,SOUTH,36.0109,-86.6654,POINT (-86.6654 36.0109)
20190863027,11/30/2019 10:11:00 AM,2,1,0,,N,140790,11,Front to Rear,2,RAIN,1,DAYLIGHT,12,MOTOR VEHICLE IN TRANSPORT,SAUNDERSVILLE RD & SHUTE LN,OLD HICKORY,TN,37138,9721,HERMIT,36.2263,-86.6032,POINT (-86.6032 36.2263)
20190625716,08/21/2019 10:34:00 PM,1,0,0,,N,887592,0,NOT COLLISION W/MOTOR VEHICLE-TRANSPORT,21,CLEAR,2,DARK - NOT LIGHTED,42;64,TREE;Ran Off Road-Left,LICKTON PKE & UNION HILL RD,GOODLETTSVILLE,TN,37072,2143,MADISO,36.334,-86.779,POINT (-86.779 36.334)
20190584451,08/06/2019 01:15:00 PM,2,0,0,,N,633381,4,ANGLE,21,CLEAR,1,DAYLIGHT,12,MOTOR VEHICLE IN TRANSPORT,BELL RD & BLUE HOLE RD,ANTIOCH,TN,37013,8719,SOUTH,36.0458,-86.6744,POINT (-86.6744 36.0458)
20190819640,11/11/2019 06:01:00 PM,2,2,0,,N,320585,4,ANGLE,2,RAIN,3,DARK - LIGHTED,12,MOTOR VEHICLE IN TRANSPORT,LEBANON PKE & ANDREW JACKSON PKWY,HERMITAGE,TN,37076,9537,HERMIT,36.2151,-86.5962,POINT (-86.5962 36.2151)
20190636755,08/26/2019 08:10:00 AM,3,1,0,,N,462494,2,HEAD-ON,2,RAIN,1,DAYLIGHT,12,MOTOR VEHICLE IN TRANSPORT,31ST AVN & POSTON AV,NASHVILLE,TN,37203,5625,MIDTOW,36.1443,-86.8165,POINT (-86.8165 36.1443)
20190595934,08/10/2019 02:00:00 PM,2,0,0,,N,591934,4,ANGLE,21,CLEAR,1,DAYLIGHT,12,MOTOR VEHICLE IN TRANSPORT,NORTHCREST DR & NOLENSVILLE PKE,NASHVILLE,TN,37211,8711,SOUTH,36.0667,-86.7179,POINT (-86.7179 36.0667)
20190587383,08/07/2019 01:40:00 PM,2,0,0,,Y,191578,16,Rear to Side,21,CLEAR,1,DAYLIGHT,14,PARKED MOTOR VEHICLE,VULTEE BLVD & BRILEY PKWY,NASHVILLE,TN,37217,8998,HERMIT,36.1243,-86.6963,POINT (-86.6963 36.1243)
20190915986,12/23/2019 12:20:00 PM,2,0,0,,N,235761,11,Front to Rear,21,CLEAR,1,DAYLIGHT,12,MOTOR VEHICLE IN TRANSPORT,CHARLOTTE PKE & CHARLOTTE ROAD CIR,NASHVILLE,TN,37209,5025,WEST,36.1423,-86.8756,POINT (-86.8756 36.1423)
20190710336,09/25/2019 04:15:00 PM,2,1,0,,N,279214,11,Front to Rear,21,CLEAR,1,DAYLIGHT,12,MOTOR VEHICLE IN TRANSPORT,BROOKLAWN DR & NOLENSVILLE PKE,ANTIOCH,TN,37013,8759,SOUTH,36.0183,-86.7083,POINT (-86.7083 36.0183)
20190840336,11/20/2019 07:53:00 AM,2,0,0,,Y,676834,4,ANGLE,21,CLEAR,1,DAYLIGHT,12,MOTOR VEHICLE IN TRANSPORT,DR D B TODD JR BLVD & HEIMAN ST,NASHVILLE,TN,37208,4481,NORTH,36.1714,-86.8074,POINT (-86.8074 36.1714)
20190781235,10/26/2019 12:15:00 AM,2,0,0,,N,299269,11,Front to Rear,2,RAIN,2,DARK - NOT LIGHTED,12,MOTOR VEHICLE IN TRANSPORT,MM 86 5 I 65,NASHVILLE,TN,37207,3006,NORTH,36.1946,-86.7762,POINT (-86.7762 36.1946)
20190931878,12/31/2019 11:40:00 AM,2,0,0,,N,320586,5,SIDESWIPE - SAME DIRECTION,21,CLEAR,1,DAYLIGHT,12,MOTOR VEHICLE IN TRANSPORT,BELL RD & BLUE HOLE RD,ANTIOCH,TN,37013,8753,SOUTH,36.0458,-86.6744,POINT (-86.6744 36.0458)
20190661536,09/05/2019 08:30:00 AM,2,1,0,,N,352164,4,ANGLE,21,CLEAR,1,DAYLIGHT,12,MOTOR VEHICLE IN TRANSPORT,DOVE CREEK RD & QUAISE MOORW,ANTIOCH,TN,37013,8925,SOUTH,36.0723,-86.5983,POINT (-86.5983 36.0723)
20190695843,09/19/2019 01:30:00 PM,2,0,0,,N,716886,5,SIDESWIPE - SAME DIRECTION,21,CLEAR,1,DAYLIGHT,12,MOTOR VEHICLE IN TRANSPORT,BELL RD & BEECHWOOD TER,ANTIOCH,TN,37013,8753,SOUTH,36.0449,-86.6684,POINT (-86.6684 36.0449)
20190660348,09/04/2019 05:38:00 PM,2,0,0,,Y,267831,98,OTHER,21,CLEAR,1,DAYLIGHT,12;14,MOTOR VEHICLE IN TRANSPORT;PARKED MOTOR VEHICLE,WHITE BRIDGE PKE & WHITE BRIDGE RD PVTDR,NASHVILLE,TN,37205,5019,WEST,36.1306,-86.8564,POINT (-86.8564 36.1306)
20190822549,11/12/2019 08:41:00 PM,1,1,0,,N,834813,0,NOT COLLISION W/MOTOR VEHICLE-TRANSPORT,21,CLEAR,2,DARK - NOT LIGHTED,24,GUARDRAIL FACE,MM 36 0 I 24,WHITES CREEK,TN,37189,33180,NORTH,36.3201,-86.8502,POINT (-86.8502 36.3201)
20190729116,10/03/2019 01:30:00 PM,2,0,0,,N,226600,4,ANGLE,21,CLEAR,1,DAYLIGHT,12,MOTOR VEHICLE IN TRANSPORT,KENNER AV & WESTCHASE DR,NASHVILLE,TN,37205,6021,WEST,36.1211,-86.842,POINT (-86.842 36.1211)
20190875502,12/05/2019 04:30:00 PM,2,0,0,,N,352168,6,SIDESWIPE - OPPOSITE DIRECTION,21,CLEAR,5,DUSK,12,MOTOR VEHICLE IN TRANSPORT,SHARONDALE DR & WOODLAWN DR,NASHVILLE,TN,37215,6001,WEST,36.1251,-86.816,POINT (-86.816 36.1251)
20190604444,08/13/2019 12:00:00 AM,1,1,0,,N,879558,0,NOT COLLISION W/MOTOR VEHICLE-TRANSPORT,21,CLEAR,2,DARK - NOT LIGHTED,24;34;67;99,GUARDRAIL FACE;DITCH;Vehicle Airborne;UNKNOWN MOST HARMFUL EVENT,400 BRILEY PKWY N ENT RAMP,NASHVILLE,TN,37214,9223,HERMIT,36.1988,-86.6868,POINT (-86.6868 36.1988)
20190869864,12/03/2019 02:35:00 PM,2,0,0,,N,429215,11,Front to Rear,22,CLOUDY,1,DAYLIGHT,12,MOTOR VEHICLE IN TRANSPORT,RAMP & US HWY 41,NASHVILLE,TN,37217,8841,SOUTH,36.1059,-86.6725,POINT (-86.6725 36.1059)
20190633083,08/24/2019 04:48:00 PM,2,2,0,,N,320582,11,Front to Rear,21,CLEAR,1,DAYLIGHT,12,MOTOR VEHICLE IN TRANSPORT,W TRINITY LN & E TRINITY LN,NASHVILLE,TN,37207,1863,EAST,36.2059,-86.7688,POINT (-86.7688 36.2059)
20190815298,11/09/2019 04:40:00 PM,2,1,0,,N,579971,11,Front to Rear,21,CLEAR,5,DUSK,12,MOTOR VEHICLE IN TRANSPORT,I24 E EXT RAMP & I 24,NASHVILLE,TN,37207,30080,NORTH,36.2378,-86.7872,POINT (-86.7872 36.2378)
20190813969,11/08/2019 11:00:00 PM,3,0,0,,N,311326,4,ANGLE,21,CLEAR,3,DARK - LIGHTED,12,MOTOR VEHICLE IN TRANSPORT,DR D B TODD JR BLVD & CHARLOTTE AV,NASHVILLE,TN,37203,5357,NORTH,36.1584,-86.8004,POINT (-86.8004 36.1584)
20190762128,10/17/2019 07:01:00 PM,2,0,0,,Y,580819,5,SIDESWIPE - SAME DIRECTION,21,CLEAR,3,DARK - LIGHTED,12,MOTOR VEHICLE IN TRANSPORT,8TH AVS & 8TH AVS,NASHVILLE,TN,37203,4041,CENTRA,36.1545,-86.7796,POINT (-86.7796 36.1545)
20190739603,10/08/2019 09:30:00 AM,2,0,0,,N,223502,11,Front to Rear,22,CLOUDY,1,DAYLIGHT,12,MOTOR VEHICLE IN TRANSPORT,THOMPSON LN & NOLENSVILLE PKE,NASHVILLE,TN,37211,8519,MIDTOW,36.1109,-86.7452,POINT (-86.7452 36.1109)
20190756855,10/15/2019 05:22:00 PM,3,1,0,,N,151132,11,Front to Rear,21,CLEAR,1,DAYLIGHT,12,MOTOR VEHICLE IN TRANSPORT,BRILEY PKWYE & BRILEY PKWYW,NASHVILLE,TN,37207,20120,MADISO,36.2396,-86.7751,POINT (-86.7751 36.2396)
20190669260,09/08/2019 06:47:00 PM,2,1,0,,N,330443,11,Front to Rear,21,CLEAR,2,DARK - NOT LIGHTED,12,MOTOR VEHICLE IN TRANSPORT,MM 43 8 I 24,NASHVILLE,TN,37207,32240,NORTH,36.2337,-86.7849,POINT (-86.7849 36.2337)
20190663787,09/06/2019 05:15:00 AM,1,1,0,,N,468098,0,NOT COLLISION W/MOTOR VEHICLE-TRANSPORT,21,CLEAR,2,DARK - NOT LIGHTED,1,,MM 57 0 I 24,NASHVILLE,TN,37211,8708,SOUTH,36.0695,-86.6897,POINT (-86.6897 36.0695)
20190734279,10/05/2019 07:51:00 PM,2,0,0,,N,212346,4,ANGLE,21,CLEAR,3,DARK - LIGHTED,14,PARKED MOTOR VEHICLE,6TH AVN & CHURCH ST,NASHVILLE,TN,37219,4125,CENTRA,36.1626,-86.7814,POINT (-86.7814 36.1626)
20190769747,10/21/2019 08:57:00 AM,2,0,0,,Y,191578,6,SIDESWIPE - OPPOSITE DIRECTION,22,CLOUDY,1,DAYLIGHT,12,MOTOR VEHICLE IN TRANSPORT,LEBANON PKE & CRAIGMEADE CIR,NASHVILLE,TN,37214,9027,HERMIT,36.1663,-86.6957,POINT (-86.6957 36.1663)
20190732032,10/04/2019 04:42:00 PM,2,0,0,,N,256386,11,Front to Rear,21,CLEAR,1,DAYLIGHT,12,MOTOR VEHICLE IN TRANSPORT,MM 213 8 I 40,NASHVILLE,TN,37217,8802,HERMIT,36.1413,-86.7163,POINT (-86.7163 36.1413)
20190613957,08/17/2019 12:03:00 PM,2,0,0,,N,716886,11,Front to Rear,21,CLEAR,1,DAYLIGHT,12,MOTOR VEHICLE IN TRANSPORT,INTERSTATE DR & WOODLAND ST,NASHVILLE,TN,37213,1105,CENTRA,36.1705,-86.7684,POINT (-86.7684 36.1705)
20190740588,10/08/2019 07:56:00 PM,2,0,0,,Y,240983,4,ANGLE,21,CLEAR,3,DARK - LIGHTED,12,MOTOR VEHICLE IN TRANSPORT,EAST THOMPSON LN & I24 E EXT RAMP,NASHVILLE,TN,37211,8337,SOUTH,36.1113,-86.7245,POINT (-86.7245 36.1113)
20190725775,10/02/2019 07:33:00 AM,2,0,0,,N,226622,4,ANGLE,21,CLEAR,1,DAYLIGHT,12,MOTOR VEHICLE IN TRANSPORT,OLD HICKORY BLVD & I40 W EXT RAMP,HERMITAGE,TN,37076,9557,HERMIT,36.1708,-86.6016,POINT (-86.6016 36.1708)
20190714764,09/27/2019 10:28:00 AM,2,1,0,,N,306231,11,Front to Rear,21,CLEAR,1,DAYLIGHT,12,MOTOR VEHICLE IN TRANSPORT,BRICK CHURCH PKE & WOODFOLK AV,NASHVILLE,TN,37207,3021,NORTH,36.2159,-86.7804,POINT (-86.7804 36.2159)
20190775848,10/23/2019 06:30:00 PM,2,1,0,,N,384446,2,HEAD-ON,21,CLEAR,3,DARK - LIGHTED,12,MOTOR VEHICLE IN TRANSPORT,DAVIDSON RD & POST RD,NASHVILLE,TN,37205,5001,WEST,36.1152,-86.8628,POINT (-86.8628 36.1152)
20190712889,09/26/2019 04:05:00 PM,3,3,0,,N,330415,4,ANGLE,21,CLEAR,1,DAYLIGHT,12,MOTOR VEHICLE IN TRANSPORT,0 INTERSTATE DR,NASHVILLE,TN,37213,1105,CENTRA,36.1705,-86.7684,POINT (-86.7684 36.1705)
20190876237,12/05/2019 10:48:00 PM,2,0,0,,N,173951,4,ANGLE,21,CLEAR,3,DARK - LIGHTED,12,MOTOR VEHICLE IN TRANSPORT,E OLD HICKORY BLVD & FOREST PARK RD,MADISON,TN,37115,1627,MADISO,36.2629,-86.7034,POINT (-86.7034 36.2629)
20190846263,11/22/2019 02:07:00 PM,2,0,0,,N,240983,11,Front to Rear,22,CLOUDY,1,DAYLIGHT,12,MOTOR VEHICLE IN TRANSPORT,MM 55 4 I 24,NASHVILLE,TN,37211,8812,SOUTH,36.0901,-86.7031,POINT (-86.7031 36.0901)
20190640447,08/27/2019 05:33:00 PM,2,0,0,,Y,256383,5,SIDESWIPE - SAME DIRECTION,21,CLEAR,1,DAYLIGHT,12,MOTOR VEHICLE IN TRANSPORT,MURFREESBORO PKE & SMITH SPRINGS RD,NASHVILLE,TN,37217,8849,SOUTH,36.0962,-86.6556,POINT (-86.6556 36.0962)
20190701624,09/22/2019 12:05:00 AM,1,0,0,,N,279216,0,NOT COLLISION W/MOTOR VEHICLE-TRANSPORT,21,CLEAR,3,DARK - LIGHTED,34,DITCH,WHITES CREEK PKE & MOORMANS ARM RD,NASHVILLE,TN,37207,3033,NORTH,36.2182,-86.8035,POINT (-86.8035 36.2182)
20190618586,08/19/2019 01:02:00 PM,2,0,0,,N,191578,11,Front to Rear,21,CLEAR,1,DAYLIGHT,12,MOTOR VEHICLE IN TRANSPORT,I40 W EXT RAMP & I 40,NASHVILLE,TN,37203,4119,CENTRA,36.1574,-86.79,POINT (-86.79 36.1574)
20190827667,11/14/2019 10:09:00 PM,2,0,0,,N,212346,5,SIDESWIPE - SAME DIRECTION,21,CLEAR,3,DARK - LIGHTED,12,MOTOR VEHICLE IN TRANSPORT,3RD AVN & CHARLOTTE AV,NASHVILLE,TN,37201,4163,CENTRA,36.1669,-86.7794,POINT (-86.7794 36.1669)
20190896924,12/14/2019 07:05:00 PM,1,0,0,,N,352195,0,NOT COLLISION W/MOTOR VEHICLE-TRANSPORT,21,CLEAR,7,Dark-Unknown Lighting,34,DITCH,MM 217 5 I 40,NASHVILLE,TN,37214,8906,HERMIT,36.1425,-86.651,POINT (-86.651 36.1425)
20190634483,08/25/2019 12:00:00 AM,1,0,0,,Y,197053,0,NOT COLLISION W/MOTOR VEHICLE-TRANSPORT,21,CLEAR,3,DARK - LIGHTED,18,OTHER OBJECT (NOT FIXED),I440 W ENT RAMP & I 440,NASHVILLE,TN,37210,81021,SOUTH,36.1259,-86.7322,POINT (-86.7322 36.1259)
20190636443,08/26/2019 05:10:00 AM,1,0,0,,N,279216,0,NOT COLLISION W/MOTOR VEHICLE-TRANSPORT,2,RAIN,3,DARK - LIGHTED,24,GUARDRAIL FACE,MM 87 6 I 65,NASHVILLE,TN,37207,1804,EAST,36.2107,-86.7758,POINT (-86.7758 36.2107)
20190854220,11/26/2019 05:50:00 AM,2,0,0,,N,352201,5,SIDESWIPE - SAME DIRECTION,21,CLEAR,5,DUSK,12,MOTOR VEHICLE IN TRANSPORT,MM 49 5 I 24,NASHVILLE,TN,37210,4008,CENTRA,36.1588,-86.7604,POINT (-86.7604 36.1588)
20190760843,10/17/2019 12:30:00 AM,1,0,0,Y,Y,225773,0,NOT COLLISION W/MOTOR VEHICLE-TRANSPORT,21,CLEAR,7,Dark-Unknown Lighting,38;43;63,FENCE;OTHER FIXED OBJECTS;Ran Off Road-Right,9TH AVS & CARUTHERS AV,NASHVILLE,TN,37204,6927,MIDTOW,36.1248,-86.7835,POINT (-86.7835 36.1248)
20190707758,09/24/2019 04:11:00 PM,2,1,0,,N,240983,11,Front to Rear,21,CLEAR,1,DAYLIGHT,12,MOTOR VEHICLE IN TRANSPORT,MM 59 7 I 24,ANTIOCH,TN,37013,88060,SOUTH,36.0428,-86.6545,POINT (-86.6545 36.0428)
20190771847,10/22/2019 06:43:00 AM,2,2,0,,N,191578,4,ANGLE,21,CLEAR,1,DAYLIGHT,12,MOTOR VEHICLE IN TRANSPORT,STEWARTS FERRY PKE & PERCY PRIEST DR,NASHVILLE,TN,37214,8955,HERMIT,36.1539,-86.6256,POINT (-86.6256 36.1539)
20190789285,10/29/2019 05:23:00 PM,1,0,0,,N,206964,0,NOT COLLISION W/MOTOR VEHICLE-TRANSPORT,22,CLOUDY,1,DAYLIGHT,50,DEER (ANIMAL),MURFREESBORO PKE & MOUNTAIN SPRINGS RD,ANTIOCH,TN,37013,8927,SOUTH,36.0478,-86.6121,POINT (-86.6121 36.0478)
20190679375,09/12/2019 04:36:00 PM,2,0,0,,Y,306708,11,Front to Rear,21,CLEAR,1,DAYLIGHT,12,MOTOR VEHICLE IN TRANSPORT,DUE WEST AVE W & GIBSON DR,MADISON,TN,37115,1789,MADISO,36.2483,-86.7236,POINT (-86.7236 36.2483)
20190860188,11/28/2019 10:40:00 PM,1,0,0,,N,212312,0,NOT COLLISION W/MOTOR VEHICLE-TRANSPORT,22,CLOUDY,3,DARK - LIGHTED,30,UTILITY POLE,OLD CHARLOTTE PKE & BUFFALO RD,NASHVILLE,TN,37209,4707,WEST,36.1175,-86.9661,POINT (-86.9661 36.1175)
20190908235,12/19/2019 03:40:00 PM,2,0,0,,N,352173,4,ANGLE,21,CLEAR,1,DAYLIGHT,12,MOTOR VEHICLE IN TRANSPORT,N GRAYCROFT AV & NESBITT LN,MADISON,TN,37115,1767,MADISO,36.2736,-86.7297,POINT (-86.7297 36.2736)
20190906141,12/18/2019 06:52:00 PM,4,0,0,,Y,320599,4,ANGLE,21,CLEAR,3,DARK - LIGHTED,12;7,MOTOR VEHICLE IN TRANSPORT,DONELSON PKE & SHACKLETT DR,NASHVILLE,TN,37214,9411,HERMIT,36.1449,-86.6667,POINT (-86.6667 36.1449)
20190814962,11/09/2019 12:18:00 PM,2,1,0,,N,769379,4,ANGLE,21,CLEAR,1,DAYLIGHT,12,MOTOR VEHICLE IN TRANSPORT,BELL RD & HICKORY PARK DR,ANTIOCH,TN,37013,8753,SOUTH,36.0449,-86.6704,POINT (-86.6704 36.0449)
20190737759,10/07/2019 04:14:00 PM,3,1,0,,N,352195,6,SIDESWIPE - OPPOSITE DIRECTION,22,CLOUDY,1,DAYLIGHT,12,MOTOR VEHICLE IN TRANSPORT,BELL RD & PRIVATE DR,NASHVILLE,TN,37217,8937,HERMIT,36.0844,-86.6284,POINT (-86.6284 36.0844)
20190676633,09/11/2019 04:53:00 PM,3,0,0,,N,256426,11,Front to Rear,21,CLEAR,1,DAYLIGHT,12,MOTOR VEHICLE IN TRANSPORT,BRILEY PKWYS & BRILEY PKWYN,NASHVILLE,TN,37218,3212,NORTH,36.2142,-86.8724,POINT (-86.8724 36.2142)
20190780348,10/25/2019 03:43:00 PM,2,1,0,,N,256417,4,ANGLE,2,RAIN,1,DAYLIGHT,12,MOTOR VEHICLE IN TRANSPORT,ANDREW JACKSON PKWY & CHANDLER RD,HERMITAGE,TN,37076,9511,HERMIT,36.1891,-86.6072,POINT (-86.6072 36.1891)
20190845520,11/22/2019 08:19:00 AM,2,1,0,,N,262749,11,Front to Rear,2,RAIN,1,DAYLIGHT,12,MOTOR VEHICLE IN TRANSPORT,MM 220 0 I 40,HERMITAGE,TN,37076,94021,HERMIT,36.1643,-86.6157,POINT (-86.6157 36.1643)
20190645451,08/29/2019 05:20:00 PM,1,0,0,Y,N,256374,0,NOT COLLISION W/MOTOR VEHICLE-TRANSPORT,21,CLEAR,1,DAYLIGHT,30;33;40,UTILITY POLE;CURB;MAIL BOX,TUSCULUM RD & OLD TUSCULUM RD,ANTIOCH,TN,37013,8713,SOUTH,36.0481,-86.5993,POINT (-86.5993 36.0481)
20190609254,08/15/2019 04:30:00 PM,2,0,0,,N,352166,5,SIDESWIPE - SAME DIRECTION,21,CLEAR,1,DAYLIGHT,12,MOTOR VEHICLE IN TRANSPORT,4TH AVS & LAFAYETTE ST,NASHVILLE,TN,37203,4007,CENTRA,36.1515,-86.7711,POINT (-86.7711 36.1515)
20190927683,12/29/2019 01:30:00 PM,2,0,0,,N,352195,11,Front to Rear,2,RAIN,1,DAYLIGHT,12,MOTOR VEHICLE IN TRANSPORT,MCGAVOCK PIKE & -UNKNOWN RAMP/ROAD -,NASHVILLE,TN,37214,9288,HERMIT,36.2169,-86.6937,POINT (-86.6937 36.2169)
20190634356,08/25/2019 02:56:00 AM,2,1,0,,Y,134867,4,ANGLE,21,CLEAR,3,DARK - LIGHTED,12,MOTOR VEHICLE IN TRANSPORT,INTERSTATE DR & WOODLAND ST,NASHVILLE,TN,37213,1105,CENTRA,36.1705,-86.7684,POINT (-86.7684 36.1705)
20190749604,10/12/2019 10:45:00 AM,2,0,0,,Y,352164,4,ANGLE,21,CLEAR,1,DAYLIGHT,14,PARKED MOTOR VEHICLE,2706 MURFREESBORO PKE,ANTIOCH,TN,37013,8979,SOUTH,36.071,-86.6348,POINT (-86.6348 36.071)
20190742833,10/09/2019 05:38:00 PM,2,0,0,,N,337276,4,ANGLE,21,CLEAR,1,DAYLIGHT,12,MOTOR VEHICLE IN TRANSPORT,JONES PARK CT & JONES AVE,NASHVILLE,TN,37207,1887,EAST,36.2176,-86.7542,POINT (-86.7542 36.2176)
20190602608,08/13/2019 08:31:00 AM,2,1,0,,N,553957,11,Front to Rear,22,CLOUDY,1,DAYLIGHT,12,MOTOR VEHICLE IN TRANSPORT,MM 221 1 I 40,HERMITAGE,TN,37076,9504,HERMIT,36.17,-86.5958,POINT (-86.5958 36.17)
20190774739,10/23/2019 09:56:00 AM,2,0,0,,N,716886,11,Front to Rear,21,CLEAR,1,DAYLIGHT,12,MOTOR VEHICLE IN TRANSPORT,GLENROSE AV & FOSTER AV,NASHVILLE,TN,37210,8105,SOUTH,36.1254,-86.7424,POINT (-86.7424 36.1254)
20190823761,11/13/2019 08:06:00 AM,2,1,0,,N,299243,5,SIDESWIPE - SAME DIRECTION,21,CLEAR,1,DAYLIGHT,12,MOTOR VEHICLE IN TRANSPORT,2ND AVS & ASH ST,NASHVILLE,TN,37210,4029,CENTRA,36.1533,-86.7696,POINT (-86.7696 36.1533)
20190607831,08/15/2019 05:50:00 AM,2,3,0,,Y,212336,4,ANGLE,21,CLEAR,1,DAYLIGHT,13,MOTOR VEHICLE IN TRANSPORT-OTHER ROADWAY,GALLATIN PKE & BRILEY PKWY E EXT RAMP,NASHVILLE,TN,37216,1503,EAST,36.2338,-86.7248,POINT (-86.7248 36.2338)
20190729656,10/03/2019 06:44:00 PM,3,1,0,,Y,161939,11,Front to Rear,21,CLEAR,3,DARK - LIGHTED,12,MOTOR VEHICLE IN TRANSPORT,US HWY 41 & PARKS RETREAT DR,ANTIOCH,TN,37013,8903,SOUTH,36.0316,-86.5942,POINT (-86.5942 36.0316)