Accident Number,Date and Time,Number of Motor Vehicles,Number of Injuries,Number of Fatalities,Property Damage,Hit and Run,Reporting Officer,Collision Type Code,Collision Type Description,Weather Code,Weather Description,Illumination Code,Illumination Description,Harmful Code,Harmful Code Description,Street Address,City,State,ZIP,RPA,Precinct,Latitude,Longitude,Mapped Location
20190898496,12/15/2019 01:44:00 PM,2,0,0,,Y,352195,5,SIDESWIPE - SAME DIRECTION,21,CLEAR,,,12,MOTOR VEHICLE IN TRANSPORT,BELL RD & STEWARTS FERRY PIKE,NASHVILLE,TN,37214,8955,HERMIT,36.1522,-86.625,POINT (-86.625 36.1522)
20190892076,12/12/2019 03:40:00 PM,2,0,0,,N,179602,11,Front to Rear,21,CLEAR,1,DAYLIGHT,12,MOTOR VEHICLE IN TRANSPORT,JEFFERSON ST & 2ND AVN,NASHVILLE,TN,37208,4311,CENTRA,36.1752,-86.784,POINT (-86.784 36.1752)
20190775657,10/23/2019 04:50:00 PM,3,0,0,,N,225894,4,ANGLE,21,CLEAR,1,DAYLIGHT,12,MOTOR VEHICLE IN TRANSPORT,LEBANON PKE & OLD LEBANON PKE,NASHVILLE,TN,37214,9125,HERMIT,36.1678,-86.6637,POINT (-86.6637 36.1678)
20190688175,09/16/2019 04:09:00 PM,3,2,0,,N,298877,11,Front to Rear,21,CLEAR,1,DAYLIGHT,12,MOTOR VEHICLE IN TRANSPORT,MM 55 4 I 24,NASHVILLE,TN,37211,8812,SOUTH,36.0901,-86.7031,POINT (-86.7031 36.0901)
20190715833,09/27/2019 07:20:00 PM,2,0,0,,Y,717341,5,SIDESWIPE - SAME DIRECTION,21,CLEAR,3,DARK - LIGHTED,12,MOTOR VEHICLE IN TRANSPORT,MM 59 7 I 24,ANTIOCH,TN,37013,88060,SOUTH,36.0428,-86.6545,POINT (-86.6545 36.0428)
20190827248,11/14/2019 05:40:00 PM,2,1,0,,N,352204,11,Front to Rear,21,CLEAR,3,DARK - LIGHTED,12,MOTOR VEHICLE IN TRANSPORT,CHICKERING MEADOW PVTDR & CHICKERING MEA,NASHVILLE,TN,37221,6215,WEST,36.0492,-86.8698,POINT (-86.8698 36.0492)
20190669957,09/09/2019 05:30:00 AM,2,0,0,,N,256382,5,SIDESWIPE - SAME DIRECTION,21,CLEAR,3,DARK - LIGHTED,12,MOTOR VEHICLE IN TRANSPORT,MM 211 1 I 40,NASHVILLE,TN,37210,8008,HERMIT,36.1539,-86.7571,POINT (-86.7571 36.1539)
20190596960,08/11/2019 12:00:00 AM,1,0,0,,Y,209173,0,NOT COLLISION W/MOTOR VEHICLE-TRANSPORT,21,CLEAR,2,DARK - NOT LIGHTED,1,,UNION BRIDGE RD & TIMBER GAP DR,NASHVILLE,TN,37221,4807,WEST,36.0316,-86.9651,POINT (-86.9651 36.0316)
20190728591,10/03/2019 09:20:00 AM,2,0,0,,N,420035,4,ANGLE,21,CLEAR,1,DAYLIGHT,14,PARKED MOTOR VEHICLE,GALLATIN PKES & MAPLE ST,MADISON,TN,37115,1607,MADISO,36.2617,-86.7124,POINT (-86.7124 36.2617)
20190786933,10/28/2019 07:55:00 PM,2,0,0,,N,807326,4,ANGLE,21,CLEAR,3,DARK - LIGHTED,12,MOTOR VEHICLE IN TRANSPORT,8TH AVS & MCGAVOCK ST,NASHVILLE,TN,37203,4075,CENTRA,36.1579,-86.7814,POINT (-86.7814 36.1579)
20190900423,12/16/2019 03:03:00 PM,1,0,0,,N,240983,0,NOT COLLISION W/MOTOR VEHICLE-TRANSPORT,22,CLOUDY,1,DAYLIGHT,1;63,Ran Off Road-Right,SOUTHLAKE DR & ANTIOCH PKE,NASHVILLE,TN,37211,8401,SOUTH,36.1013,-86.7306,POINT (-86.7306 36.1013)
20190831824,11/16/2019 05:30:00 PM,2,1,0,,N,352207,11,Front to Rear,21,CLEAR,3,DARK - LIGHTED,12,MOTOR VEHICLE IN TRANSPORT,OLD HICKORY BLVD & NOLENSVILLE PKE,ANTIOCH,TN,37013,8757,SOUTH,36.0455,-86.7122,POINT (-86.7122 36.0455)
20190794233,10/31/2019 04:43:00 PM,2,0,0,,N,151132,2,HEAD-ON,22,CLOUDY,1,DAYLIGHT,12,MOTOR VEHICLE IN TRANSPORT,DICKERSON PKE & DARBYTOWN DR,MADISON,TN,37115,2039,MADISO,36.266,-86.7569,POINT (-86.7569 36.266)
20190804813,11/05/2019 08:45:00 AM,1,0,0,Y,N,226098,0,NOT COLLISION W/MOTOR VEHICLE-TRANSPORT,21,CLEAR,1,DAYLIGHT,30;34,UTILITY POLE;DITCH,WHITES CREEK PKE & GREENBRIER RD,JOELTON,TN,37080,2303,NORTH,36.3421,-86.8717,POINT (-86.8717 36.3421)
20190679689,09/12/2019 07:50:00 PM,2,0,0,,Y,256380,4,ANGLE,21,CLEAR,1,DAYLIGHT,12,MOTOR VEHICLE IN TRANSPORT,GARFIELD ST & ROSA L PARKS BLVD,NASHVILLE,TN,37208,4343,NORTH,36.1806,-86.7963,POINT (-86.7963 36.1806)
20190643034,08/28/2019 05:51:00 PM,2,0,0,,N,212369,4,ANGLE,21,CLEAR,1,DAYLIGHT,12,MOTOR VEHICLE IN TRANSPORT,NOLENSVILLE PKE & PROVIDENCE HTS,NASHVILLE,TN,37211,8661,MIDTOW,36.0734,-86.7245,POINT (-86.7245 36.0734)
20190599790,08/12/2019 12:00:00 AM,2,0,0,,Y,226622,4,ANGLE,99,UNKNOWN,9,UNKNOWN,12,MOTOR VEHICLE IN TRANSPORT,PARK AV & 51ST AVN,NASHVILLE,TN,37209,5131,WEST,36.1509,-86.848,POINT (-86.848 36.1509)
20190925612,12/28/2019 12:36:00 PM,1,1,0,Y,N,693102,0,NOT COLLISION W/MOTOR VEHICLE-TRANSPORT,21,CLEAR,1,DAYLIGHT,1;18;34;40,OTHER OBJECT (NOT FIXED);DITCH;MAIL BOX,BRILEY PKWY & INTERNATIONAL PLZ,NASHVILLE,TN,37217,8998,HERMIT,36.1272,-86.6959,POINT (-86.6959 36.1272)
20190866644,12/02/2019 09:34:00 AM,2,0,0,,N,716886,4,ANGLE,21,CLEAR,1,DAYLIGHT,12,MOTOR VEHICLE IN TRANSPORT,NOLENSVILLE PKE & SUNRISE AV,NASHVILLE,TN,37211,8427,SOUTH,36.1039,-86.7416,POINT (-86.7416 36.1039)
20190845787,11/22/2019 10:20:00 AM,2,0,0,,N,109534,11,Front to Rear,22,CLOUDY,1,DAYLIGHT,12,MOTOR VEHICLE IN TRANSPORT,MURFREESBORO PKE & BELL RD,ANTIOCH,TN,37013,8861,SOUTH,36.072,-86.636,POINT (-86.636 36.072)
20190830253,11/15/2019 10:55:00 PM,2,0,0,,N,169414,11,Front to Rear,21,CLEAR,3,DARK - LIGHTED,12,MOTOR VEHICLE IN TRANSPORT,MM 51 1 I 24,NASHVILLE,TN,37210,81020,SOUTH,36.1315,-86.7272,POINT (-86.7272 36.1315)
20190768943,10/21/2019 12:45:00 AM,1,0,0,Y,N,320583,0,NOT COLLISION W/MOTOR VEHICLE-TRANSPORT,21,CLEAR,3,DARK - LIGHTED,38;39,FENCE;WALL,CHARLOTTE AV & 28TH AVN,NASHVILLE,TN,37209,5341,MIDTOW,36.154,-86.8182,POINT (-86.8182 36.154)
20190759446,10/16/2019 05:37:00 PM,2,0,0,,N,311337,11,Front to Rear,21,CLEAR,1,DAYLIGHT,12,MOTOR VEHICLE IN TRANSPORT,MM 212 0 I 40,NASHVILLE,TN,37210,90041,HERMIT,36.147,-86.7433,POINT (-86.7433 36.147)
20190804688,11/05/2019 08:12:00 AM,2,0,0,,N,225886,11,Front to Rear,22,CLOUDY,1,DAYLIGHT,12,MOTOR VEHICLE IN TRANSPORT,SHUTE LN & SAUNDERSVILLE RD,OLD HICKORY,TN,37138,9717,HERMIT,36.2267,-86.6032,POINT (-86.6032 36.2267)
20190628061,08/22/2019 05:50:00 PM,2,0,0,,N,352213,11,Front to Rear,2,RAIN,1,DAYLIGHT,12,MOTOR VEHICLE IN TRANSPORT,ESTES RD & AUBURN LN,NASHVILLE,TN,37215,6103,WEST,36.114,-86.8368,POINT (-86.8368 36.114)
20190621292,08/20/2019 10:28:00 AM,2,0,0,,N,320575,11,Front to Rear,21,CLEAR,1,DAYLIGHT,12,MOTOR VEHICLE IN TRANSPORT,ELBERTA ST & NOLENSVILLE PKE,NASHVILLE,TN,37210,8319,SOUTH,36.119,-86.7493,POINT (-86.7493 36.119)
20190644024,08/29/2019 12:00:00 AM,1,0,0,,N,352170,0,NOT COLLISION W/MOTOR VEHICLE-TRANSPORT,21,CLEAR,2,DARK - NOT LIGHTED,50,DEER (ANIMAL),HOBSON & WINDCREST,ANTIOCH,TN,37013,8977,SOUTH,36.061,-86.5951,POINT (-86.5951 36.061)
20190705070,09/23/2019 03:55:00 PM,1,0,0,,N,151132,0,NOT COLLISION W/MOTOR VEHICLE-TRANSPORT,21,CLEAR,1,DAYLIGHT,36;61,CONCRETE TRAFFIC BARRIER;Equip Failure,MM 94 3 I 65,MADISON,TN,37115,17042,MADISO,36.2916,-86.7213,POINT (-86.7213 36.2916)
20190779756,10/25/2019 10:10:00 AM,1,2,0,,N,279227,0,NOT COLLISION W/MOTOR VEHICLE-TRANSPORT,2,RAIN,1,DAYLIGHT,1,,RURAL HILL RD & WILLOW POINTE PVTDR,ANTIOCH,TN,37013,8861,SOUTH,36.054,-86.6529,POINT (-86.6529 36.054)
20190737424,10/07/2019 12:00:00 PM,2,0,0,,N,224953,5,SIDESWIPE - SAME DIRECTION,2,RAIN,1,DAYLIGHT,12,MOTOR VEHICLE IN TRANSPORT,CHURCH ST & ARCADE ALY,NASHVILLE,TN,37219,4129,CENTRA,36.1634,-86.7796,POINT (-86.7796 36.1634)
20190726619,10/02/2019 02:00:00 PM,2,0,0,,N,352164,11,Front to Rear,21,CLEAR,1,DAYLIGHT,12,MOTOR VEHICLE IN TRANSPORT,MM 60 2 I 24,ANTIOCH,TN,37013,88060,SOUTH,36.038,-86.6467,POINT (-86.6467 36.038)
20190709952,09/25/2019 11:40:00 AM,2,0,0,,N,256502,11,Front to Rear,21,CLEAR,1,DAYLIGHT,14,PARKED MOTOR VEHICLE,ROSA L PARKS BLVD & ATHENS WAY,NASHVILLE,TN,37228,4445,NORTH,36.193,-86.8018,POINT (-86.8018 36.193)
20190624706,08/21/2019 02:43:00 PM,3,3,0,,N,419972,11,Front to Rear,21,CLEAR,1,DAYLIGHT,12,MOTOR VEHICLE IN TRANSPORT,CRAIGHEAD AV & WHITEHALL,NASHVILLE,TN,37205,6009,WEST,36.1334,-86.8275,POINT (-86.8275 36.1334)
20190801257,11/03/2019 11:20:00 PM,2,0,0,,N,175719,4,ANGLE,21,CLEAR,3,DARK - LIGHTED,12,MOTOR VEHICLE IN TRANSPORT,DOUGLAS AV & GALLATIN AV,NASHVILLE,TN,37206,1325,EAST,36.1927,-86.7444,POINT (-86.7444 36.1927)
20190719018,09/29/2019 09:30:00 AM,1,0,0,,N,584947,0,NOT COLLISION W/MOTOR VEHICLE-TRANSPORT,21,CLEAR,1,DAYLIGHT,7,,GESSNER LN & WESTHEIMER DR,BRENTWOOD,TN,37027,8621,MIDTOW,36.0345,-86.7449,POINT (-86.7449 36.0345)
20190710728,09/25/2019 07:20:00 PM,2,1,0,,N,151132,4,ANGLE,22,CLOUDY,3,DARK - LIGHTED,12,MOTOR VEHICLE IN TRANSPORT,DICKERSON PKE & WESTCHESTER DR,MADISON,TN,37115,2019,MADISO,36.2622,-86.7574,POINT (-86.7574 36.2622)
20190880273,12/07/2019 12:00:00 AM,2,0,0,,N,206964,4,ANGLE,21,CLEAR,3,DARK - LIGHTED,12,MOTOR VEHICLE IN TRANSPORT,NOLENSVILLE PKE & HARDING PL,NASHVILLE,TN,37211,8445,SOUTH,36.0809,-86.7267,POINT (-86.7267 36.0809)
20190654956,09/02/2019 02:08:00 PM,2,0,0,,N,256383,98,OTHER,21,CLEAR,1,DAYLIGHT,14,PARKED MOTOR VEHICLE,MOUNTAIN SPRINGS RD & MURFREESBORO PKE,ANTIOCH,TN,37013,8867,SOUTH,36.0453,-86.6091,POINT (-86.6091 36.0453)
20190645869,08/29/2019 09:10:00 PM,2,1,0,,N,212343,4,ANGLE,21,CLEAR,3,DARK - LIGHTED,12,MOTOR VEHICLE IN TRANSPORT,COWAN ST & SPRING ST,NASHVILLE,TN,37213,1987,CENTRA,36.177,-86.7761,POINT (-86.7761 36.177)
20190689796,09/17/2019 08:00:00 AM,2,0,0,,N,226600,11,Front to Rear,21,CLEAR,1,DAYLIGHT,12,MOTOR VEHICLE IN TRANSPORT,HILLSBORO PKE & WOODMONT BLVD,NASHVILLE,TN,37215,6105,WEST,36.114,-86.8109,POINT (-86.8109 36.114)
20190768689,10/20/2019 08:45:00 PM,1,1,0,,Y,352172,0,NOT COLLISION W/MOTOR VEHICLE-TRANSPORT,21,CLEAR,3,DARK - LIGHTED,8,PEDESTRIAN,EWING DR & RICHMOND HILL DR,NASHVILLE,TN,37207,2001,MADISO,36.2303,-86.7738,POINT (-86.7738 36.2303)
20190696442,09/19/2019 06:03:00 PM,1,0,0,,N,212346,0,NOT COLLISION W/MOTOR VEHICLE-TRANSPORT,21,CLEAR,1,DAYLIGHT,47,FIRE HYDRANT,OPRY PL & 5TH AVN,NASHVILLE,TN,37219,4107,CENTRA,36.1619,-86.7793,POINT (-86.7793 36.1619)
20190929385,12/30/2019 10:48:00 AM,2,0,0,,N,109534,5,SIDESWIPE - SAME DIRECTION,21,CLEAR,1,DAYLIGHT,12,MOTOR VEHICLE IN TRANSPORT,STEWARTS FERRY PKE & PERCY PRIEST DR,NASHVILLE,TN,37214,8955,HERMIT,36.1539,-86.6256,POINT (-86.6256 36.1539)
20190603844,08/13/2019 05:10:00 PM,2,0,0,,N,352166,4,ANGLE,2,RAIN,1,DAYLIGHT,12,MOTOR VEHICLE IN TRANSPORT,PEABODY ST & RUTLEDGE ST,NASHVILLE,TN,37201,4047,CENTRA,36.1573,-86.7709,POINT (-86.7709 36.1573)
20190761836,10/17/2019 04:15:00 PM,2,1,0,,N,320577,11,Front to Rear,21,CLEAR,1,DAYLIGHT,12,MOTOR VEHICLE IN TRANSPORT,12TH AVS & CALDWELL AV,NASHVILLE,TN,37204,6943,MIDTOW,36.1328,-86.7887,POINT (-86.7887 36.1328)
20190831694,11/16/2019 04:00:00 PM,2,0,0,,Y,352192,11,Front to Rear,21,CLEAR,1,DAYLIGHT,12,MOTOR VEHICLE IN TRANSPORT,35TH AVN & CHARLOTTE AV,NASHVILLE,TN,37209,5237,WEST,36.153,-86.8267,POINT (-86.8267 36.153)
20190888531,12/11/2019 08:47:00 AM,2,0,0,,Y,352198,11,Front to Rear,21,CLEAR,1,DAYLIGHT,12,MOTOR VEHICLE IN TRANSPORT,STATE HWY 45 & BOYDS HILLTOP DR,MADISON,TN,37115,1769,MADISO,36.2642,-86.7353,POINT (-86.7353 36.2642)
20190763078,10/18/2019 12:00:00 AM,1,0,0,,Y,384421,0,NOT COLLISION W/MOTOR VEHICLE-TRANSPORT,21,CLEAR,7,Dark-Unknown Lighting,36,CONCRETE TRAFFIC BARRIER,I440 W ENT RAMP & I 24,NASHVILLE,TN,37217,8801,SOUTH,36.1232,-86.7263,POINT (-86.7263 36.1232)
20190632569,08/24/2019 10:02:00 AM,1,1,0,Y,Y,462474,0,NOT COLLISION W/MOTOR VEHICLE-TRANSPORT,22,CLOUDY,1,DAYLIGHT,31;32;47,"OTHER POST, POLE, SUPP.;CULVERT;FIRE HYDRANT",FARRELL RD & RAGLAND DR,NASHVILLE,TN,37220,7101,MIDTOW,36.0733,-86.7709,POINT (-86.7709 36.0733)
20190616078,08/18/2019 12:00:00 AM,2,0,0,,Y,633390,9,UNKNOWN,99,UNKNOWN,9,UNKNOWN,12;14,MOTOR VEHICLE IN TRANSPORT;PARKED MOTOR VEHICLE,MARINA ST & HART AV,NASHVILLE,TN,37206,1943,EAST,36.1803,-86.756,POINT (-86.756 36.1803)
20190888814,12/11/2019 10:00:00 AM,2,0,0,,N,225950,4,ANGLE,21,CLEAR,1,DAYLIGHT,12,MOTOR VEHICLE IN TRANSPORT,21ST AVS & MEDICAL CENTER DR,NASHVILLE,TN,37240,5805,MIDTOW,36.1425,-86.8001,POINT (-86.8001 36.1425)
20190607214,08/14/2019 10:30:00 PM,2,0,0,Y,N,161945,11,Front to Rear,21,CLEAR,3,DARK - LIGHTED,12,MOTOR VEHICLE IN TRANSPORT,OLD HICKORY BLVD & NOLENSVILLE PKE,ANTIOCH,TN,37013,8757,SOUTH,36.0455,-86.7122,POINT (-86.7122 36.0455)
20190643390,08/28/2019 09:27:00 PM,2,0,0,,N,256426,5,SIDESWIPE - SAME DIRECTION,21,CLEAR,3,DARK - LIGHTED,12,MOTOR VEHICLE IN TRANSPORT,MM 211 3 I 40,NASHVILLE,TN,37210,9002,HERMIT,36.1524,-86.7539,POINT (-86.7539 36.1524)
20190681979,09/13/2019 04:39:00 PM,3,0,0,,N,320599,11,Front to Rear,22,CLOUDY,1,DAYLIGHT,12,MOTOR VEHICLE IN TRANSPORT,BRILEY PKWYN & BRILEY PKWY N EXT RAMP,NASHVILLE,TN,37214,9294,HERMIT,36.1977,-86.688,POINT (-86.688 36.1977)
20190891411,12/12/2019 08:50:00 AM,2,0,0,,Y,716886,11,Front to Rear,21,CLEAR,1,DAYLIGHT,12,MOTOR VEHICLE IN TRANSPORT,ELLINGTON PKWYS & SPRING ST ENT RAMP,NASHVILLE,TN,37207,19961,EAST,36.1766,-86.7658,POINT (-86.7658 36.1766)
20190587662,08/07/2019 04:29:00 PM,1,0,0,,N,197047,0,NOT COLLISION W/MOTOR VEHICLE-TRANSPORT,21,CLEAR,1,DAYLIGHT,42,TREE,RIVERSIDE DR & PORTER RD,NASHVILLE,TN,37206,1337,EAST,36.1954,-86.7234,POINT (-86.7234 36.1954)
20190612676,08/16/2019 10:44:00 PM,2,0,0,,N,352183,5,SIDESWIPE - SAME DIRECTION,21,CLEAR,2,DARK - NOT LIGHTED,12,MOTOR VEHICLE IN TRANSPORT,MM 56 3 I 24,NASHVILLE,TN,37211,8708,SOUTH,36.0778,-86.6951,POINT (-86.6951 36.0778)
20190707617,09/24/2019 01:58:00 PM,2,0,0,,N,299241,5,SIDESWIPE - SAME DIRECTION,21,CLEAR,1,DAYLIGHT,12,MOTOR VEHICLE IN TRANSPORT,CROSSFIELD DR & MCGAVOCK PIKE,NASHVILLE,TN,37214,9111,HERMIT,36.1681,-86.68,POINT (-86.68 36.1681)
20190693579,09/18/2019 03:57:00 PM,2,0,0,,N,256380,4,ANGLE,21,CLEAR,1,DAYLIGHT,12,MOTOR VEHICLE IN TRANSPORT,MM 35 0 I 24,JOELTON,TN,37080,3318,NORTH,36.3239,-86.867,POINT (-86.867 36.3239)
20190781101,10/25/2019 10:56:00 PM,2,0,0,,N,279203,5,SIDESWIPE - SAME DIRECTION,2,RAIN,3,DARK - LIGHTED,12,MOTOR VEHICLE IN TRANSPORT,4TH AVS & MOLLOY ST,NASHVILLE,TN,37203,4055,CENTRA,36.1585,-86.7756,POINT (-86.7756 36.1585)
20190791805,10/30/2019 04:41:00 PM,1,0,0,,N,256417,0,NOT COLLISION W/MOTOR VEHICLE-TRANSPORT,2,RAIN,1,DAYLIGHT,32,CULVERT,SHUTE LN & MILL SPRINGS CT,HERMITAGE,TN,37076,9715,HERMIT,36.2223,-86.6038,POINT (-86.6038 36.2223)
20190926848,12/29/2019 12:00:00 AM,1,1,0,Y,N,320591,0,NOT COLLISION W/MOTOR VEHICLE-TRANSPORT,21,CLEAR,1,DAYLIGHT,7,,MURFREESBORO PKE & MOUNTAIN SPRINGS RD,ANTIOCH,TN,37013,8927,SOUTH,36.0478,-86.6121,POINT (-86.6121 36.0478)
20190684247,09/14/2019 04:39:00 PM,2,0,0,,N,179583,11,Front to Rear,21,CLEAR,1,DAYLIGHT,12,MOTOR VEHICLE IN TRANSPORT,MM 7 0 I 440,NASHVILLE,TN,37210,83042,SOUTH,36.1243,-86.738,POINT (-86.738 36.1243)
20190736758,10/07/2019 05:28:00 AM,2,0,0,,N,256382,11,Front to Rear,2,RAIN,3,DARK - LIGHTED,12,MOTOR VEHICLE IN TRANSPORT,MM 212 0 I 40,NASHVILLE,TN,37210,90041,HERMIT,36.147,-86.7433,POINT (-86.7433 36.147)
20190763831,10/18/2019 11:24:00 AM,2,0,0,,N,109534,0,NOT COLLISION W/MOTOR VEHICLE-TRANSPORT,21,CLEAR,1,DAYLIGHT,18,OTHER OBJECT (NOT FIXED),CHESNEY GLEN DR & GLENFALLS DR,HERMITAGE,TN,37076,9513,HERMIT,36.1852,-86.5839,POINT (-86.5839 36.1852)
20190723623,10/01/2019 10:24:00 AM,2,0,0,,N,109495,11,Front to Rear,21,CLEAR,1,DAYLIGHT,12,MOTOR VEHICLE IN TRANSPORT,THOMPSON LN & SIDCO DR,NASHVILLE,TN,37204,8525,MIDTOW,36.1112,-86.7559,POINT (-86.7559 36.1112)
20190841064,11/20/2019 12:45:00 PM,1,0,0,Y,N,109534,0,NOT COLLISION W/MOTOR VEHICLE-TRANSPORT,21,CLEAR,1,DAYLIGHT,18,OTHER OBJECT (NOT FIXED),OLD HICKORY BLVD & 2ND ST,OLD HICKORY,TN,37138,9717,HERMIT,36.2168,-86.6235,POINT (-86.6235 36.2168)
20190855686,11/26/2019 06:40:00 PM,2,1,0,,N,306230,4,ANGLE,2,RAIN,3,DARK - LIGHTED,12,MOTOR VEHICLE IN TRANSPORT,GARFIELD ST & ROSA L PARKS BLVD,NASHVILLE,TN,37208,4343,NORTH,36.1806,-86.7963,POINT (-86.7963 36.1806)
20190657809,09/03/2019 07:10:00 PM,2,2,0,,N,256380,4,ANGLE,21,CLEAR,1,DAYLIGHT,12,MOTOR VEHICLE IN TRANSPORT,HERMAN ST & 26TH AVN,NASHVILLE,TN,37208,5309,NORTH,36.1621,-86.8164,POINT (-86.8164 36.1621)
20190756341,10/15/2019 10:50:00 AM,2,0,0,,N,226405,4,ANGLE,22,CLOUDY,1,DAYLIGHT,12,MOTOR VEHICLE IN TRANSPORT,21ST AVN & HAYES ST,NASHVILLE,TN,37203,5527,MIDTOW,36.1511,-86.8017,POINT (-86.8017 36.1511)
20190664529,09/06/2019 12:32:00 PM,2,1,0,,N,311804,4,ANGLE,21,CLEAR,1,DAYLIGHT,12,MOTOR VEHICLE IN TRANSPORT,8 8TH AVS,NASHVILLE,TN,37203,4073,CENTRA,36.1575,-86.7811,POINT (-86.7811 36.1575)
20190842998,11/21/2019 08:24:00 AM,2,1,0,,N,110063,4,ANGLE,21,CLEAR,1,DAYLIGHT,12;13,MOTOR VEHICLE IN TRANSPORT;MOTOR VEHICLE IN TRANSPORT-OTHER ROADWAY,BUENA VISTA PKE & W TRINITY LN,NASHVILLE,TN,37218,3101,NORTH,36.2025,-86.8205,POINT (-86.8205 36.2025)
20190622185,08/20/2019 04:56:00 PM,2,0,0,,N,256380,11,Front to Rear,21,CLEAR,1,DAYLIGHT,12,MOTOR VEHICLE IN TRANSPORT,CHARLOTTE AV & 17TH AVN,NASHVILLE,TN,37203,5425,NORTH,36.1591,-86.7976,POINT (-86.7976 36.1591)
20190650415,08/31/2019 03:01:00 PM,1,0,0,,N,320599,0,NOT COLLISION W/MOTOR VEHICLE-TRANSPORT,22,CLOUDY,1,DAYLIGHT,1;30;63,UTILITY POLE;Ran Off Road-Right,OLD HICKORY BLVD & 22ND ST,OLD HICKORY,TN,37138,9607,HERMIT,36.2481,-86.6421,POINT (-86.6421 36.2481)
20190831528,11/16/2019 02:34:00 PM,2,1,0,,N,384423,11,Front to Rear,21,CLEAR,1,DAYLIGHT,12,MOTOR VEHICLE IN TRANSPORT,HARDING PKE & HIGHWAY 100,NASHVILLE,TN,37205,6209,WEST,36.0997,-86.8714,POINT (-86.8714 36.0997)
20190584777,08/06/2019 03:28:00 PM,2,0,0,,N,256389,11,Front to Rear,21,CLEAR,1,DAYLIGHT,12,MOTOR VEHICLE IN TRANSPORT,WEST END AV & 31ST AVN,NASHVILLE,TN,37212,5815,MIDTOW,36.1426,-86.8155,POINT (-86.8155 36.1426)
20190694164,09/18/2019 07:30:00 PM,2,0,0,,Y,256495,5,SIDESWIPE - SAME DIRECTION,21,CLEAR,3,DARK - LIGHTED,12,MOTOR VEHICLE IN TRANSPORT,31ST AVS & 31ST AVN,NASHVILLE,TN,37212,5815,MIDTOW,36.1424,-86.8153,POINT (-86.8153 36.1424)
20190914517,12/22/2019 05:21:00 PM,2,0,0,,N,240957,11,Front to Rear,2,RAIN,3,DARK - LIGHTED,12,MOTOR VEHICLE IN TRANSPORT,NOLENSVILLE PKE & NORTHCREST DR,NASHVILLE,TN,37211,8711,SOUTH,36.0667,-86.7179,POINT (-86.7179 36.0667)
20190790417,10/30/2019 03:04:00 AM,2,0,0,,Y,212342,5,SIDESWIPE - SAME DIRECTION,21,CLEAR,3,DARK - LIGHTED,12,MOTOR VEHICLE IN TRANSPORT,CONNECTING ROAD & US HWY 41,NASHVILLE,TN,37217,8815,HERMIT,36.1347,-86.7233,POINT (-86.7233 36.1347)
20190788413,10/29/2019 10:26:00 AM,2,0,0,,N,584947,11,Front to Rear,22,CLOUDY,1,DAYLIGHT,12,MOTOR VEHICLE IN TRANSPORT,OLD HICKORY BLVD & EDMONDSON PKE,NASHVILLE,TN,37220,8615,MIDTOW,36.04,-86.7435,POINT (-86.7435 36.04)
20190642931,08/28/2019 05:11:00 PM,2,0,0,,Y,330444,11,Front to Rear,21,CLEAR,1,DAYLIGHT,12,MOTOR VEHICLE IN TRANSPORT,21ST AVS & BROADWAY,NASHVILLE,TN,37203,5713,MIDTOW,36.1484,-86.7993,POINT (-86.7993 36.1484)
20190614371,08/17/2019 06:26:00 PM,2,0,0,,Y,256446,4,ANGLE,21,CLEAR,1,DAYLIGHT,12,MOTOR VEHICLE IN TRANSPORT,BART DR & KEELEY DR,ANTIOCH,TN,37013,8713,SOUTH,36.0577,-86.6934,POINT (-86.6934 36.0577)
20190760724,10/17/2019 06:22:00 AM,2,0,0,,N,716886,11,Front to Rear,21,CLEAR,1,DAYLIGHT,12,MOTOR VEHICLE IN TRANSPORT,NOLENSVILLE PKE & I440 E EXT RAMP,NASHVILLE,TN,37210,8321,SOUTH,36.1216,-86.7505,POINT (-86.7505 36.1216)
20190836525,11/18/2019 08:46:00 PM,2,0,0,,Y,279225,11,Front to Rear,21,CLEAR,2,DARK - NOT LIGHTED,12,MOTOR VEHICLE IN TRANSPORT,SMITH SPRINGS RD & BELL RD,NASHVILLE,TN,37217,8935,HERMIT,36.1295,-86.8404,POINT (-86.8404 36.1295)
20190863220,11/30/2019 12:00:00 PM,2,0,0,,Y,352167,4,ANGLE,2,RAIN,1,DAYLIGHT,12,MOTOR VEHICLE IN TRANSPORT,PACKARD DR & BRENDA LN,ANTIOCH,TN,37013,8713,SOUTH,36.0633,-86.6904,POINT (-86.6904 36.0633)
20190851094,11/24/2019 09:30:00 PM,1,0,0,,N,240978,0,NOT COLLISION W/MOTOR VEHICLE-TRANSPORT,21,CLEAR,3,DARK - LIGHTED,50,DEER (ANIMAL),EASTLAND AV & POWERS AV,NASHVILLE,TN,37206,1305,EAST,36.1822,-86.7308,POINT (-86.7308 36.1822)
20190847745,11/23/2019 03:44:00 AM,2,0,0,,Y,352205,11,Front to Rear,22,CLOUDY,3,DARK - LIGHTED,12,MOTOR VEHICLE IN TRANSPORT,MURFREESBORO PKE & DELL PKWY,NASHVILLE,TN,37217,8841,SOUTH,36.1084,-86.6782,POINT (-86.6782 36.1084)
20190673864,09/10/2019 04:56:00 PM,1,1,0,,N,834813,0,NOT COLLISION W/MOTOR VEHICLE-TRANSPORT,2,RAIN,1,DAYLIGHT,1,,OLD HICKORY BLVD & BURGESS RD,WHITES CREEK,TN,37189,3305,NORTH,36.2779,-86.8538,POINT (-86.8538 36.2779)