Accident Number,Date and Time,Number of Motor Vehicles,Number of Injuries,Number of Fatalities,Property Damage,Hit and Run,Reporting Officer,Collision Type Code,Collision Type Description,Weather Code,Weather Description,Illumination Code,Illumination Description,Harmful Code,Harmful Code Description,Street Address,City,State,ZIP,RPA,Precinct,Latitude,Longitude,Mapped Location
20190691712,09/17/2019 11:30:00 PM,2,1,0,,Y,405424,2,HEAD-ON,21,CLEAR,3,DARK - LIGHTED,12,MOTOR VEHICLE IN TRANSPORT,PERCY PRIEST DR & STEWARTS FERRY PKE,NASHVILLE,TN,37214,8955,HERMIT,36.1539,-86.6257,POINT (-86.6257 36.1539)
20190914359,12/22/2019 03:05:00 PM,2,0,0,,Y,161939,11,Front to Rear,2,RAIN,1,DAYLIGHT,12,MOTOR VEHICLE IN TRANSPORT,MM 59 2 I 24,ANTIOCH,TN,37013,87061,SOUTH,36.0467,-86.6614,POINT (-86.6614 36.0467)
20190904518,12/18/2019 06:35:00 AM,1,0,0,,N,279198,0,NOT COLLISION W/MOTOR VEHICLE-TRANSPORT,21,CLEAR,1,DAYLIGHT,24,GUARDRAIL FACE,I65 S ENT RAMP & I 65,NASHVILLE,TN,37207,3007,NORTH,36.2057,-86.778,POINT (-86.778 36.2057)
20190641154,08/28/2019 12:39:00 AM,2,0,0,,Y,299274,98,OTHER,21,CLEAR,2,DARK - NOT LIGHTED,12,MOTOR VEHICLE IN TRANSPORT,LEWIS ST & FAIN ST,NASHVILLE,TN,37210,8207,HERMIT,36.1518,-86.758,POINT (-86.758 36.1518)
20190673326,09/10/2019 12:37:00 PM,2,1,0,,N,493304,4,ANGLE,21,CLEAR,1,DAYLIGHT,12,MOTOR VEHICLE IN TRANSPORT,DUE WEST AVE & GALLATIN PKES,MADISON,TN,37115,1519,MADISO,36.2481,-86.7203,POINT (-86.7203 36.2481)
20190610016,08/15/2019 08:52:00 PM,2,0,0,,N,320583,5,SIDESWIPE - SAME DIRECTION,21,CLEAR,3,DARK - LIGHTED,55,Motor Vehicle-In-Motion Outside Trafficw,BLAIR BLVD & 18TH AVS,NASHVILLE,TN,37212,6605,MIDTOW,36.1299,-86.7977,POINT (-86.7977 36.1299)
20190892912,12/11/2019 10:55:00 PM,3,0,0,,Y,493301,4,ANGLE,22,CLOUDY,3,DARK - LIGHTED,12;14,MOTOR VEHICLE IN TRANSPORT;PARKED MOTOR VEHICLE,SONYA DR & STONECREST DR,NASHVILLE,TN,37205,4903,WEST,36.1127,-86.92,POINT (-86.92 36.1127)
20190620931,08/20/2019 08:07:00 AM,2,2,0,,N,332253,11,Front to Rear,21,CLEAR,1,DAYLIGHT,12,MOTOR VEHICLE IN TRANSPORT,DICKERSON PKE & OLD HICKORY BLVD,NASHVILLE,TN,37207,2133,MADISO,36.2693,-86.7557,POINT (-86.7557 36.2693)
20190926990,12/29/2019 03:00:00 AM,1,0,0,Y,Y,206683,0,NOT COLLISION W/MOTOR VEHICLE-TRANSPORT,2,RAIN,3,DARK - LIGHTED,7,,DOWDY DR & DOWDY CT,ANTIOCH,TN,37013,8899,SOUTH,36.0728,-86.666,POINT (-86.666 36.0728)
20190645884,08/29/2019 05:05:00 PM,2,0,0,,Y,420040,5,SIDESWIPE - SAME DIRECTION,21,CLEAR,1,DAYLIGHT,12,MOTOR VEHICLE IN TRANSPORT,OLD HICKORY BLVD & VALLEY VIEW RD,BRENTWOOD,TN,37027,8623,MIDTOW,36.0406,-86.7713,POINT (-86.7713 36.0406)
20190786478,10/28/2019 03:54:00 PM,2,1,0,,Y,330440,11,Front to Rear,21,CLEAR,1,DAYLIGHT,12,MOTOR VEHICLE IN TRANSPORT,28TH AVN & CHARLOTTE AV,NASHVILLE,TN,37209,5341,MIDTOW,36.154,-86.8182,POINT (-86.8182 36.154)
20190819539,11/11/2019 05:02:00 PM,2,0,0,,N,256448,11,Front to Rear,2,RAIN,3,DARK - LIGHTED,12,MOTOR VEHICLE IN TRANSPORT,MM 52 1 I 24,NASHVILLE,TN,37217,8816,SOUTH,36.1343,-86.7267,POINT (-86.7267 36.1343)
20190662916,09/05/2019 04:00:00 PM,2,0,0,,Y,256412,4,ANGLE,21,CLEAR,1,DAYLIGHT,12,MOTOR VEHICLE IN TRANSPORT,0 NOLENSVILLE PKE,NASHVILLE,TN,37210,8315,SOUTH,36.1122,-86.7459,POINT (-86.7459 36.1122)
20190719222,09/29/2019 12:20:00 PM,2,2,0,,N,240952,11,Front to Rear,21,CLEAR,1,DAYLIGHT,12,MOTOR VEHICLE IN TRANSPORT,MURFREESBORO PKE & RURAL HILL RD,ANTIOCH,TN,37013,8861,SOUTH,36.0745,-86.6387,POINT (-86.6387 36.0745)
20190881511,12/08/2019 12:00:00 PM,3,1,0,,N,311804,11,Front to Rear,22,CLOUDY,1,DAYLIGHT,12,MOTOR VEHICLE IN TRANSPORT,11TH AVN & GRUNDY ST,NASHVILLE,TN,37203,4119,CENTRA,36.1586,-86.7876,POINT (-86.7876 36.1586)
20190760791,10/17/2019 07:41:00 AM,2,0,0,,N,206962,11,Front to Rear,21,CLEAR,1,DAYLIGHT,12,MOTOR VEHICLE IN TRANSPORT,STATE HWY 45 & RAMP,NASHVILLE,TN,37207,2133,MADISO,36.2693,-86.7562,POINT (-86.7562 36.2693)
20190696075,09/19/2019 03:14:00 PM,2,0,0,,N,240983,5,SIDESWIPE - SAME DIRECTION,21,CLEAR,1,DAYLIGHT,12,MOTOR VEHICLE IN TRANSPORT,1ST AVS & SHEPARD ST,NASHVILLE,TN,37210,8167,SOUTH,36.1445,-86.7622,POINT (-86.7622 36.1445)
20190646891,08/30/2019 06:55:00 AM,2,0,0,,Y,544481,5,SIDESWIPE - SAME DIRECTION,21,CLEAR,1,DAYLIGHT,12,MOTOR VEHICLE IN TRANSPORT,MM 213 3 I 40,NASHVILLE,TN,37210,9004,HERMIT,36.1407,-86.7259,POINT (-86.7259 36.1407)
20190757492,10/15/2019 11:09:00 PM,2,0,0,,N,109522,5,SIDESWIPE - SAME DIRECTION,21,CLEAR,3,DARK - LIGHTED,12,MOTOR VEHICLE IN TRANSPORT,MURPHY RD & I440 E EXT RAMP,NASHVILLE,TN,37205,5249,WEST,36.1398,-86.8237,POINT (-86.8237 36.1398)
20190809890,11/07/2019 07:51:00 AM,2,0,0,,N,462474,11,Front to Rear,2,RAIN,1,DAYLIGHT,12,MOTOR VEHICLE IN TRANSPORT,DEMONBREUN ST & 14TH AVS,NASHVILLE,TN,37203,6721,MIDTOW,36.1536,-86.7884,POINT (-86.7884 36.1536)
20190909438,12/20/2019 03:00:00 AM,1,0,0,Y,N,320583,0,NOT COLLISION W/MOTOR VEHICLE-TRANSPORT,21,CLEAR,3,DARK - LIGHTED,30,UTILITY POLE,CHARLOTTE AV & 17TH AVN,NASHVILLE,TN,37203,5425,NORTH,36.1591,-86.7976,POINT (-86.7976 36.1591)
20190848353,11/23/2019 12:12:00 PM,2,0,0,,N,468030,11,Front to Rear,2,RAIN,1,DAYLIGHT,12,MOTOR VEHICLE IN TRANSPORT,CAHAL AV & BRANCH ST,NASHVILLE,TN,37206,1335,EAST,36.1949,-86.7261,POINT (-86.7261 36.1949)
20190626755,08/22/2019 07:50:00 AM,2,0,0,,N,876581,11,Front to Rear,21,CLEAR,1,DAYLIGHT,12,MOTOR VEHICLE IN TRANSPORT,MM 93 0 I 65,MADISON,TN,37115,17040,MADISO,36.2752,-86.7354,POINT (-86.7354 36.2752)
20190753199,10/14/2019 08:05:00 AM,2,0,0,,N,212318,4,ANGLE,21,CLEAR,1,DAYLIGHT,12,MOTOR VEHICLE IN TRANSPORT,US HWY 31 ALT & STATE HWY 254,NASHVILLE,TN,37211,8717,SOUTH,36.0454,-86.7132,POINT (-86.7132 36.0454)
20190702713,09/22/2019 03:07:00 PM,2,2,0,,N,384398,11,Front to Rear,21,CLEAR,1,DAYLIGHT,12,MOTOR VEHICLE IN TRANSPORT,N DUPONT AV & MYATT DR,MADISON,TN,37115,1705,MADISO,36.2665,-86.6901,POINT (-86.6901 36.2665)
20190894352,12/13/2019 01:15:00 PM,2,0,0,,N,665896,11,Front to Rear,2,RAIN,1,DAYLIGHT,12,MOTOR VEHICLE IN TRANSPORT,GALLATIN PKE & W KIRKLAND AV,NASHVILLE,TN,37216,1417,EAST,36.2087,-86.7347,POINT (-86.7347 36.2087)
20190617796,08/19/2019 07:15:00 AM,2,0,0,,Y,212318,5,SIDESWIPE - SAME DIRECTION,21,CLEAR,1,DAYLIGHT,12,MOTOR VEHICLE IN TRANSPORT,DIVISION ST & DEMONBREUN ST,NASHVILLE,TN,37203,5701,MIDTOW,36.1522,-86.7914,POINT (-86.7914 36.1522)
20190782255,10/26/2019 03:40:00 PM,2,0,0,,N,384419,11,Front to Rear,2,RAIN,1,DAYLIGHT,12,MOTOR VEHICLE IN TRANSPORT,W TRINITY LN & MONTICELLO DR,NASHVILLE,TN,37207,3009,NORTH,36.207,-86.7826,POINT (-86.7826 36.207)
20190824871,11/13/2019 05:10:00 PM,2,0,0,,N,179599,11,Front to Rear,21,CLEAR,5,DUSK,12,MOTOR VEHICLE IN TRANSPORT,MM 206 8 I 40,NASHVILLE,TN,37208,44022,NORTH,36.1684,-86.8148,POINT (-86.8148 36.1684)
20190592962,08/09/2019 11:40:00 AM,2,0,0,,N,665896,4,ANGLE,21,CLEAR,1,DAYLIGHT,12,MOTOR VEHICLE IN TRANSPORT,WOODLAND ST & S 10TH ST,NASHVILLE,TN,37206,1201,EAST,36.177,-86.7512,POINT (-86.7512 36.177)
20190666552,09/07/2019 12:00:00 AM,1,0,0,Y,Y,352211,0,NOT COLLISION W/MOTOR VEHICLE-TRANSPORT,21,CLEAR,9,UNKNOWN,32;63,CULVERT;Ran Off Road-Right,AMERICAN RD & MERCOMATIC DR,NASHVILLE,TN,37209,5023,WEST,36.1455,-86.8734,POINT (-86.8734 36.1455)
20190606140,08/14/2019 01:40:00 PM,2,0,0,,N,716886,6,SIDESWIPE - OPPOSITE DIRECTION,21,CLEAR,1,DAYLIGHT,12;24,MOTOR VEHICLE IN TRANSPORT;GUARDRAIL FACE,MM 55 8 I 24,NASHVILLE,TN,37211,88100,SOUTH,36.0854,-86.6996,POINT (-86.6996 36.0854)
20190808239,11/06/2019 03:14:00 PM,2,0,0,,N,240983,11,Front to Rear,21,CLEAR,1,DAYLIGHT,12,MOTOR VEHICLE IN TRANSPORT,HAYWOOD LN & EAST RIDGE DR,NASHVILLE,TN,37211,8707,SOUTH,36.07,-86.6985,POINT (-86.6985 36.07)
20190644269,08/29/2019 07:00:00 AM,2,1,0,,N,320575,4,ANGLE,21,CLEAR,1,DAYLIGHT,12,MOTOR VEHICLE IN TRANSPORT,PEBBLE CREEK DR & SPRINGMORE CT,ANTIOCH,TN,37013,8861,SOUTH,36.0709,-86.6492,POINT (-86.6492 36.0709)
20190622201,08/20/2019 05:09:00 PM,2,0,0,,Y,256383,5,SIDESWIPE - SAME DIRECTION,21,CLEAR,1,DAYLIGHT,12,MOTOR VEHICLE IN TRANSPORT,MM 58 4 I 24,ANTIOCH,TN,37013,8857,SOUTH,36.0537,-86.6728,POINT (-86.6728 36.0537)
20190655654,09/02/2019 10:16:00 PM,2,2,0,,N,299257,4,ANGLE,21,CLEAR,3,DARK - LIGHTED,12,MOTOR VEHICLE IN TRANSPORT,THOMPSON LN & NOLENSVILLE PKE,NASHVILLE,TN,37211,8519,MIDTOW,36.1109,-86.7452,POINT (-86.7452 36.1109)
20190727587,10/03/2019 12:11:00 AM,2,1,0,,N,384437,11,Front to Rear,21,CLEAR,3,DARK - LIGHTED,12;14,MOTOR VEHICLE IN TRANSPORT;PARKED MOTOR VEHICLE,MM 86 6 I 65,NASHVILLE,TN,37207,3002,NORTH,36.1959,-86.7761,POINT (-86.7761 36.1959)
20190775375,10/23/2019 02:30:00 PM,2,0,0,,Y,225894,4,ANGLE,21,CLEAR,1,DAYLIGHT,12,MOTOR VEHICLE IN TRANSPORT,I40 E ENT RAMP & I 40,NASHVILLE,TN,37205,4903,WEST,36.1109,-86.922,POINT (-86.922 36.1109)
20190799286,11/02/2019 10:08:00 PM,2,0,0,,N,197060,4,ANGLE,21,CLEAR,3,DARK - LIGHTED,12,MOTOR VEHICLE IN TRANSPORT,1800 RIVERGATE PKWY,GOODLETTSVILLE,TN,37072,1751,MADISO,36.2971,-86.6993,POINT (-86.6993 36.2971)
20190736083,10/06/2019 07:05:00 PM,2,0,0,,N,330417,4,ANGLE,2,RAIN,3,DARK - LIGHTED,12,MOTOR VEHICLE IN TRANSPORT,NEELYS BEND RD & MARGARET ST,MADISON,TN,37115,1603,MADISO,36.2584,-86.6975,POINT (-86.6975 36.2584)
20190724108,10/01/2019 02:45:00 PM,2,1,0,,N,420040,11,Front to Rear,21,CLEAR,1,DAYLIGHT,12,MOTOR VEHICLE IN TRANSPORT,MM 1 6 I 440,NASHVILLE,TN,37209,5230,WEST,36.1531,-86.8228,POINT (-86.8228 36.1531)
20190725780,10/02/2019 07:59:00 AM,2,0,0,,Y,225773,11,Front to Rear,21,CLEAR,1,DAYLIGHT,12,MOTOR VEHICLE IN TRANSPORT,THOMPSON LN & LOUISE DR,NASHVILLE,TN,37211,8521,MIDTOW,36.1111,-86.7479,POINT (-86.7479 36.1111)
20190635058,08/25/2019 01:22:00 PM,2,2,0,Y,Y,320595,4,ANGLE,22,CLOUDY,1,DAYLIGHT,1;12;33;39,MOTOR VEHICLE IN TRANSPORT;CURB;WALL,MURFREESBORO PKE & AIR FREIGHT BLVD,NASHVILLE,TN,37217,8841,SOUTH,36.1102,-86.6825,POINT (-86.6825 36.1102)
20190786523,10/28/2019 12:00:00 AM,2,0,0,,N,212344,11,Front to Rear,22,CLOUDY,1,DAYLIGHT,12,MOTOR VEHICLE IN TRANSPORT,MM 48 8 I 24,NASHVILLE,TN,37213,1104,CENTRA,36.1682,-86.7659,POINT (-86.7659 36.1682)
20190817287,11/10/2019 03:46:00 PM,3,0,0,,N,311327,11,Front to Rear,21,CLEAR,1,DAYLIGHT,12,MOTOR VEHICLE IN TRANSPORT,MM 49 4 I 24,NASHVILLE,TN,37206,10040,EAST,36.1613,-86.7604,POINT (-86.7604 36.1613)
20190640283,08/27/2019 04:46:00 PM,2,0,0,,Y,169425,4,ANGLE,21,CLEAR,1,DAYLIGHT,12,MOTOR VEHICLE IN TRANSPORT,HARDING PL & MILNER DR,NASHVILLE,TN,37211,8609,MIDTOW,36.0781,-86.7307,POINT (-86.7307 36.0781)
20190796752,11/01/2019 05:45:00 PM,2,0,0,,N,352185,98,OTHER,21,CLEAR,5,DUSK,12,MOTOR VEHICLE IN TRANSPORT,LUCAS LN & W TRINITY LN,NASHVILLE,TN,37207,1863,EAST,36.2061,-86.7711,POINT (-86.7711 36.2061)
20190929573,12/30/2019 12:40:00 PM,2,0,0,,Y,676834,4,ANGLE,21,CLEAR,1,DAYLIGHT,12,MOTOR VEHICLE IN TRANSPORT,DR D B TODD JR BLVD & JEFFERSON ST,NASHVILLE,TN,37208,5325,NORTH,36.1695,-86.8067,POINT (-86.8067 36.1695)
20190656500,09/03/2019 07:05:00 AM,2,0,0,,N,620072,4,ANGLE,21,CLEAR,1,DAYLIGHT,12,MOTOR VEHICLE IN TRANSPORT,25TH AVE N & US HWY 70,NASHVILLE,TN,37203,5619,MIDTOW,36.1542,-86.8125,POINT (-86.8125 36.1542)
20190885788,12/09/2019 10:00:00 PM,2,0,0,,Y,109495,5,SIDESWIPE - SAME DIRECTION,2,RAIN,3,DARK - LIGHTED,14,PARKED MOTOR VEHICLE,WADE AV & 11TH AVS,NASHVILLE,TN,37203,6911,MIDTOW,36.1361,-86.7857,POINT (-86.7857 36.1361)
20190689726,09/17/2019 08:00:00 AM,2,2,0,,N,676834,2,HEAD-ON,21,CLEAR,1,DAYLIGHT,12,MOTOR VEHICLE IN TRANSPORT,BRICK CHURCH PKE & AVONDALE CIR,NASHVILLE,TN,37207,3021,NORTH,36.2089,-86.7779,POINT (-86.7779 36.2089)
20190795321,11/01/2019 04:10:00 AM,2,0,0,,N,240972,11,Front to Rear,21,CLEAR,3,DARK - LIGHTED,12,MOTOR VEHICLE IN TRANSPORT,3RD AVS & DEMONBREUN ST,NASHVILLE,TN,37201,4065,CENTRA,36.16,-86.7747,POINT (-86.7747 36.16)
20190907626,12/19/2019 10:06:00 AM,2,1,0,,N,306231,11,Front to Rear,21,CLEAR,1,DAYLIGHT,12,MOTOR VEHICLE IN TRANSPORT,MM 32 0 I 24,JOELTON,TN,37080,3316,NORTH,36.339,-86.9162,POINT (-86.9162 36.339)
20190772279,10/22/2019 10:01:00 AM,4,1,0,,N,474557,11,Front to Rear,21,CLEAR,1,DAYLIGHT,12,MOTOR VEHICLE IN TRANSPORT,MM 54 9 I 24,NASHVILLE,TN,37211,8812,SOUTH,36.0962,-86.7081,POINT (-86.7081 36.0962)
20190835993,11/18/2019 04:07:00 PM,2,0,0,,N,306230,4,ANGLE,21,CLEAR,1,DAYLIGHT,12,MOTOR VEHICLE IN TRANSPORT,6TH AVN & JEFFERSON ST,NASHVILLE,TN,37208,4237,CENTRA,36.1739,-86.7887,POINT (-86.7887 36.1739)
20190863692,11/30/2019 07:09:00 PM,3,1,0,,N,352173,2,HEAD-ON,2,RAIN,3,DARK - LIGHTED,12,MOTOR VEHICLE IN TRANSPORT,RIVERGATE MARKETPLACE PVTDR & GALLATIN P,MADISON,TN,37115,1731,MADISO,36.3037,-86.6898,POINT (-86.6898 36.3037)
20190659142,09/04/2019 08:20:00 AM,2,2,0,,Y,716886,4,ANGLE,21,CLEAR,1,DAYLIGHT,12,MOTOR VEHICLE IN TRANSPORT,HAMILTON CHURCH RD & HOBSON PKE,ANTIOCH,TN,37013,8905,SOUTH,36.0586,-86.5978,POINT (-86.5978 36.0586)
20190630652,08/23/2019 04:00:00 PM,2,0,0,,N,256394,4,ANGLE,21,CLEAR,1,DAYLIGHT,12,MOTOR VEHICLE IN TRANSPORT,STATE HWY 45 & RAMP,NASHVILLE,TN,37207,2133,MADISO,36.2693,-86.7562,POINT (-86.7562 36.2693)
20190717605,09/28/2019 03:15:00 PM,2,0,0,,Y,298877,5,SIDESWIPE - SAME DIRECTION,21,CLEAR,1,DAYLIGHT,12,MOTOR VEHICLE IN TRANSPORT,HARDING PL & HARDING MALL DR,NASHVILLE,TN,37211,8705,SOUTH,36.0804,-86.7218,POINT (-86.7218 36.0804)
20190874273,12/05/2019 06:54:00 AM,2,1,0,,N,384436,4,ANGLE,21,CLEAR,1,DAYLIGHT,12,MOTOR VEHICLE IN TRANSPORT,NOLENSVILLE PKE & MCCALL ST,NASHVILLE,TN,37211,8431,SOUTH,36.0994,-86.7393,POINT (-86.7393 36.0994)
20190858077,11/27/2019 06:00:00 PM,4,0,0,,N,151132,11,Front to Rear,21,CLEAR,2,DARK - NOT LIGHTED,12,MOTOR VEHICLE IN TRANSPORT,MM 39 4 I 24,WHITES CREEK,TN,37189,3314,NORTH,36.2912,-86.8102,POINT (-86.8102 36.2912)
20190699510,09/20/2019 10:14:00 PM,1,1,0,,N,298863,0,NOT COLLISION W/MOTOR VEHICLE-TRANSPORT,21,CLEAR,7,Dark-Unknown Lighting,9,,S 2ND ST & SHELBY AV,NASHVILLE,TN,37213,1007,CENTRA,36.1649,-86.7679,POINT (-86.7679 36.1649)
20190659466,09/04/2019 10:56:00 AM,2,0,0,,N,902543,5,SIDESWIPE - SAME DIRECTION,21,CLEAR,1,DAYLIGHT,12,MOTOR VEHICLE IN TRANSPORT,GALLATIN PKE & JOYCE LN,NASHVILLE,TN,37216,1801,EAST,36.2336,-86.7248,POINT (-86.7248 36.2336)
20190785913,10/28/2019 11:55:00 AM,2,2,0,,N,665896,11,Front to Rear,22,CLOUDY,1,DAYLIGHT,12,MOTOR VEHICLE IN TRANSPORT,ELLINGTON PKWYN & SPRING ST,NASHVILLE,TN,37207,1995,EAST,36.1757,-86.7665,POINT (-86.7665 36.1757)
20190632885,08/24/2019 03:00:00 PM,2,2,0,,N,330417,2,HEAD-ON,21,CLEAR,1,DAYLIGHT,12,MOTOR VEHICLE IN TRANSPORT,GALLATIN PKES & MOVING CENTER CT,MADISON,TN,37115,1507,MADISO,36.2509,-86.7184,POINT (-86.7184 36.2509)
20190793193,10/31/2019 07:30:00 AM,3,0,0,,N,226306,11,Front to Rear,2,RAIN,98,OTHER,12,MOTOR VEHICLE IN TRANSPORT,OLD HARDING PKE & HARPETH RIV MORTON MIL,NASHVILLE,TN,37221,4819,WEST,36.0579,-86.9456,POINT (-86.9456 36.0579)
20190693211,09/18/2019 12:45:00 PM,2,0,0,,N,665896,4,ANGLE,21,CLEAR,1,DAYLIGHT,12,MOTOR VEHICLE IN TRANSPORT,OAKWOOD AV & E TRINITY LN,NASHVILLE,TN,37207,1887,EAST,36.205,-86.7526,POINT (-86.7526 36.205)
20190604069,08/13/2019 06:07:00 PM,2,0,0,,N,256383,5,SIDESWIPE - SAME DIRECTION,2,RAIN,1,DAYLIGHT,12,MOTOR VEHICLE IN TRANSPORT,MURFREESBORO PKE & HAMILTON CROSSINGS,ANTIOCH,TN,37013,8865,SOUTH,36.0655,-86.6292,POINT (-86.6292 36.0655)
20190720706,09/30/2019 07:30:00 AM,2,0,0,,N,352174,4,ANGLE,21,CLEAR,1,DAYLIGHT,12,MOTOR VEHICLE IN TRANSPORT,NOLENSVILLE PKE & BRENTWOOD EAST DR,ANTIOCH,TN,37013,8757,SOUTH,36.0438,-86.7131,POINT (-86.7131 36.0438)
20190662297,09/05/2019 02:42:00 PM,2,3,0,,N,320580,5,SIDESWIPE - SAME DIRECTION,21,CLEAR,1,DAYLIGHT,12,MOTOR VEHICLE IN TRANSPORT,BRILEY PKWY S EXT RAMP & BRILEY PKWYS,NASHVILLE,TN,37214,9209,HERMIT,36.1924,-86.6874,POINT (-86.6874 36.1924)
20190918221,12/24/2019 12:00:00 AM,1,0,0,Y,Y,405447,0,NOT COLLISION W/MOTOR VEHICLE-TRANSPORT,21,CLEAR,9,UNKNOWN,38,FENCE,OCALA DR & NOLENSVILLE PKE,NASHVILLE,TN,37211,8717,SOUTH,36.0516,-86.714,POINT (-86.714 36.0516)
20190611868,08/16/2019 05:14:00 PM,2,0,0,,N,330444,9,UNKNOWN,21,CLEAR,1,DAYLIGHT,12,MOTOR VEHICLE IN TRANSPORT,WEST END AV & 18TH AVS,NASHVILLE,TN,37203,5707,MIDTOW,36.1531,-86.7959,POINT (-86.7959 36.1531)
20190841580,11/20/2019 05:00:00 PM,2,0,0,,N,330413,11,Front to Rear,21,CLEAR,7,Dark-Unknown Lighting,12,MOTOR VEHICLE IN TRANSPORT,STATE HWY 254 & DERBY GLEN LN,NASHVILLE,TN,37215,6305,MIDTOW,36.0422,-86.8364,POINT (-86.8364 36.0422)
20190759208,10/16/2019 03:23:00 PM,2,0,0,,N,714641,5,SIDESWIPE - SAME DIRECTION,,,1,DAYLIGHT,12,MOTOR VEHICLE IN TRANSPORT,INTERSTATE DR & MAIN ST,NASHVILLE,TN,37213,1105,CENTRA,36.1714,-86.769,POINT (-86.769 36.1714)
20190682690,09/13/2019 09:56:00 PM,2,1,0,,N,298867,6,SIDESWIPE - OPPOSITE DIRECTION,21,CLEAR,3,DARK - LIGHTED,1;12,MOTOR VEHICLE IN TRANSPORT,DICKERSON PKE & GRIZZARD AV,NASHVILLE,TN,37207,1833,EAST,36.2082,-86.7674,POINT (-86.7674 36.2082)
20190709722,09/25/2019 10:33:00 AM,2,0,0,,N,224955,5,SIDESWIPE - SAME DIRECTION,21,CLEAR,1,DAYLIGHT,12,MOTOR VEHICLE IN TRANSPORT,BRILEY PKWY W EXT RAMP & BRICK CHURCH PK,NASHVILLE,TN,37207,2033,MADISO,36.2397,-86.7808,POINT (-86.7808 36.2397)
20190870547,12/03/2019 07:38:00 PM,2,0,0,,Y,524985,5,SIDESWIPE - SAME DIRECTION,21,CLEAR,3,DARK - LIGHTED,12,MOTOR VEHICLE IN TRANSPORT,W TRINITY LN & HAMPTON ST,NASHVILLE,TN,37207,3007,NORTH,36.2067,-86.7784,POINT (-86.7784 36.2067)
20190890802,12/12/2019 04:00:00 AM,2,0,0,,Y,191786,6,SIDESWIPE - OPPOSITE DIRECTION,21,CLEAR,2,DARK - NOT LIGHTED,12,MOTOR VEHICLE IN TRANSPORT,BUENA VISTA PKE & WHITES CREEK PKE,NASHVILLE,TN,37207,3221,NORTH,36.2517,-86.8299,POINT (-86.8299 36.2517)
20190708089,09/24/2019 07:39:00 PM,3,0,0,,Y,179582,11,Front to Rear,21,CLEAR,3,DARK - LIGHTED,12,MOTOR VEHICLE IN TRANSPORT,BELL RD & CANE RIDGE RD,ANTIOCH,TN,37013,8751,SOUTH,36.0447,-86.6615,POINT (-86.6615 36.0447)
20190858785,11/28/2019 01:38:00 AM,2,1,0,,Y,279201,5,SIDESWIPE - SAME DIRECTION,21,CLEAR,2,DARK - NOT LIGHTED,12,MOTOR VEHICLE IN TRANSPORT,LEBANON PKE & LEBANON PIKE CIR,NASHVILLE,TN,37210,9021,HERMIT,36.1536,-86.7179,POINT (-86.7179 36.1536)
20190792014,10/30/2019 05:50:00 PM,2,0,0,,N,179606,11,Front to Rear,2,RAIN,5,DUSK,12,MOTOR VEHICLE IN TRANSPORT,NOLENSVILLE PKE & CRAIGHEAD ST,NASHVILLE,TN,37210,8125,SOUTH,36.1338,-86.7588,POINT (-86.7588 36.1338)
20190665144,09/06/2019 05:45:00 PM,2,2,0,,N,240955,11,Front to Rear,21,CLEAR,1,DAYLIGHT,12,MOTOR VEHICLE IN TRANSPORT,OWENDALE DR & ANDERSON RD,ANTIOCH,TN,37013,8979,SOUTH,36.0702,-86.6845,POINT (-86.6845 36.0702)
20190861824,11/29/2019 07:03:00 PM,3,1,0,,N,212330,11,Front to Rear,21,CLEAR,3,DARK - LIGHTED,12,MOTOR VEHICLE IN TRANSPORT,MM 51 2 I 24,NASHVILLE,TN,37210,81020,SOUTH,36.1299,-86.7278,POINT (-86.7278 36.1299)
20190756774,10/15/2019 04:40:00 PM,2,2,0,,N,299264,4,ANGLE,21,CLEAR,1,DAYLIGHT,12,MOTOR VEHICLE IN TRANSPORT,BATTLEFIELD DR & GRANNY WHITE PKE,NASHVILLE,TN,37215,6417,MIDTOW,36.1153,-86.792,POINT (-86.792 36.1153)
20190756992,10/15/2019 06:31:00 PM,2,0,0,,N,151132,2,HEAD-ON,21,CLEAR,3,DARK - LIGHTED,12,MOTOR VEHICLE IN TRANSPORT,MYATT DR & RIVERGATE BUSINESS CENTER PVT,MADISON,TN,37115,1731,MADISO,36.2957,-86.6982,POINT (-86.6982 36.2957)
20190819924,11/11/2019 09:04:00 PM,2,0,0,,N,352197,4,ANGLE,2,RAIN,3,DARK - LIGHTED,12,MOTOR VEHICLE IN TRANSPORT,MURFREESBORO PKE & MOUNTAIN SPRINGS RD,ANTIOCH,TN,37013,8927,SOUTH,36.0478,-86.6121,POINT (-86.6121 36.0478)
20190637859,08/26/2019 05:45:00 PM,2,0,0,,N,717341,4,ANGLE,21,CLEAR,1,DAYLIGHT,12,MOTOR VEHICLE IN TRANSPORT,HARDING PL & METROPLEX DR,NASHVILLE,TN,37211,8889,SOUTH,36.0868,-86.6959,POINT (-86.6959 36.0868)
20190705598,09/23/2019 06:15:00 PM,2,1,0,,N,909486,11,Front to Rear,21,CLEAR,1,DAYLIGHT,12,MOTOR VEHICLE IN TRANSPORT,NOLENSVILLE PKE & ALLIED DR,NASHVILLE,TN,37211,8431,SOUTH,36.0969,-86.738,POINT (-86.738 36.0969)