Accident Number,Date and Time,Number of Motor Vehicles,Number of Injuries,Number of Fatalities,Property Damage,Hit and Run,Reporting Officer,Collision Type Code,Collision Type Description,Weather Code,Weather Description,Illumination Code,Illumination Description,Harmful Code,Harmful Code Description,Street Address,City,State,ZIP,RPA,Precinct,Latitude,Longitude,Mapped Location
20190784057,10/27/2019 04:14:00 PM,2,0,0,,Y,179583,6,SIDESWIPE - OPPOSITE DIRECTION,21,CLEAR,1,DAYLIGHT,12,MOTOR VEHICLE IN TRANSPORT,JOYNER AV & MILLER ST,NASHVILLE,TN,37210,8353,SOUTH,36.1161,-86.7412,POINT (-86.7412 36.1161)
20190686254,09/15/2019 06:42:00 PM,1,0,0,Y,Y,206964,0,NOT COLLISION W/MOTOR VEHICLE-TRANSPORT,21,CLEAR,5,DUSK,30;40;43,UTILITY POLE;MAIL BOX;OTHER FIXED OBJECTS,LUNA DR & LALLEMAND DR,NASHVILLE,TN,37211,8851,SOUTH,36.0798,-86.6914,POINT (-86.6914 36.0798)
20190681393,09/13/2019 11:25:00 AM,2,0,0,,N,665896,5,SIDESWIPE - SAME DIRECTION,21,CLEAR,1,DAYLIGHT,12,MOTOR VEHICLE IN TRANSPORT,GALLATIN PKE & IVERSON AV,NASHVILLE,TN,37216,1837,EAST,36.2075,-86.7357,POINT (-86.7357 36.2075)
20190930110,12/30/2019 05:30:00 PM,3,0,0,,N,414711,11,Front to Rear,21,CLEAR,3,DARK - LIGHTED,12,MOTOR VEHICLE IN TRANSPORT,BRILEY PKWY & I40 E ENT RAMP,NASHVILLE,TN,37217,88940,HERMIT,36.1398,-86.7003,POINT (-86.7003 36.1398)
20190912497,12/21/2019 02:44:00 PM,2,0,0,,Y,330445,11,Front to Rear,21,CLEAR,1,DAYLIGHT,12;14,MOTOR VEHICLE IN TRANSPORT;PARKED MOTOR VEHICLE,19TH AVE S & CHET ATKINS PL,NASHVILLE,TN,37203,6715,MIDTOW,36.1489,-86.7959,POINT (-86.7959 36.1489)
20190839056,11/19/2019 07:20:00 PM,2,1,0,,Y,212343,16,Rear to Side,21,CLEAR,3,DARK - LIGHTED,55,Motor Vehicle-In-Motion Outside Trafficw,SPRING ST & N 1ST ST,NASHVILLE,TN,37207,1955,CENTRA,36.177,-86.7746,POINT (-86.7746 36.177)
20190887216,12/10/2019 07:59:00 PM,1,1,0,,N,256389,0,NOT COLLISION W/MOTOR VEHICLE-TRANSPORT,21,CLEAR,3,DARK - LIGHTED,30;8,UTILITY POLE;PEDESTRIAN,US HWY 431 & SCARRITT PL,NASHVILLE,TN,37212,6709,MIDTOW,36.1465,-86.7995,POINT (-86.7995 36.1465)
20190766466,10/19/2019 03:34:00 PM,2,0,0,,N,330415,5,SIDESWIPE - SAME DIRECTION,2,RAIN,1,DAYLIGHT,12,MOTOR VEHICLE IN TRANSPORT,0 8TH AVS,NASHVILLE,TN,37203,4043,CENTRA,36.1549,-86.7792,POINT (-86.7792 36.1549)
20190884004,12/09/2019 03:36:00 PM,2,0,0,,N,151132,5,SIDESWIPE - SAME DIRECTION,22,CLOUDY,1,DAYLIGHT,12,MOTOR VEHICLE IN TRANSPORT,MYATT DR & EDENWOLD RD,MADISON,TN,37115,1721,MADISO,36.2917,-86.6943,POINT (-86.6943 36.2917)
20190889377,12/11/2019 03:55:00 PM,3,1,0,,N,256389,11,Front to Rear,21,CLEAR,1,DAYLIGHT,12,MOTOR VEHICLE IN TRANSPORT,EDMONDSON PIKE & MILNER CT,NASHVILLE,TN,37211,8661,MIDTOW,36.0751,-86.7302,POINT (-86.7302 36.0751)
20190777516,10/24/2019 12:05:00 PM,2,2,0,,N,769383,2,HEAD-ON,21,CLEAR,1,DAYLIGHT,12,MOTOR VEHICLE IN TRANSPORT,CHARLOTTE PKE & CHARLOTTE PKE PVTDR,NASHVILLE,TN,37209,4703,WEST,36.1293,-86.9044,POINT (-86.9044 36.1293)
20190722027,09/30/2019 07:25:00 PM,2,0,0,,Y,256380,4,ANGLE,21,CLEAR,3,DARK - LIGHTED,12,MOTOR VEHICLE IN TRANSPORT,BUENA VISTA PKE & W TRINITY LN,NASHVILLE,TN,37218,3101,NORTH,36.2025,-86.8205,POINT (-86.8205 36.2025)
20190772947,10/22/2019 03:20:00 PM,2,0,0,,N,240976,4,ANGLE,21,CLEAR,1,DAYLIGHT,12,MOTOR VEHICLE IN TRANSPORT,MM 48 2 I 24,NASHVILLE,TN,37207,1106,EAST,36.1729,-86.7693,POINT (-86.7693 36.1729)
20190676973,09/11/2019 06:19:00 PM,2,0,0,,N,330415,11,Front to Rear,21,CLEAR,1,DAYLIGHT,12,MOTOR VEHICLE IN TRANSPORT,0 ROSA L PARKS BLVD,NASHVILLE,TN,37228,4483,NORTH,36.1891,-86.8208,POINT (-86.8208 36.1891)
20190821978,11/12/2019 03:59:00 PM,2,0,0,,N,212322,11,Front to Rear,21,CLEAR,1,DAYLIGHT,12,MOTOR VEHICLE IN TRANSPORT,MURFREESBORO PKE & BRITISH WOODS DR,NASHVILLE,TN,37217,8853,SOUTH,36.0914,-86.6514,POINT (-86.6514 36.0914)
20190619176,08/19/2019 12:00:00 AM,2,0,0,,N,206674,5,SIDESWIPE - SAME DIRECTION,21,CLEAR,1,DAYLIGHT,12,MOTOR VEHICLE IN TRANSPORT,W TRINITY LN & BRICK CHURCH PKE,NASHVILLE,TN,37207,3003,NORTH,36.2066,-86.7779,POINT (-86.7779 36.2066)
20190654446,09/02/2019 09:11:00 AM,2,0,0,,N,140808,11,Front to Rear,21,CLEAR,1,DAYLIGHT,12,MOTOR VEHICLE IN TRANSPORT,HARDING PL & SIDCO DR,NASHVILLE,TN,37220,8601,MIDTOW,36.0819,-86.7612,POINT (-86.7612 36.0819)
20190626932,08/22/2019 09:12:00 AM,2,0,0,,N,716886,5,SIDESWIPE - SAME DIRECTION,21,CLEAR,1,DAYLIGHT,12,MOTOR VEHICLE IN TRANSPORT,NOLENSVILLE PKE & HICKORYVIEW DR,NASHVILLE,TN,37211,8717,SOUTH,36.0488,-86.7137,POINT (-86.7137 36.0488)
20190717338,09/28/2019 12:50:00 PM,2,0,0,,N,224824,11,Front to Rear,21,CLEAR,1,DAYLIGHT,12,MOTOR VEHICLE IN TRANSPORT,LEBANON PKE & OLD HICKORY BLVD,HERMITAGE,TN,37076,9613,HERMIT,36.1756,-86.6154,POINT (-86.6154 36.1756)
20190628015,08/22/2019 05:36:00 PM,2,0,0,,N,299267,4,ANGLE,2,RAIN,1,DAYLIGHT,12,MOTOR VEHICLE IN TRANSPORT,31ST AVN & HEDRICK ST,NASHVILLE,TN,37203,5627,MIDTOW,36.1431,-86.8159,POINT (-86.8159 36.1431)
20190851810,11/25/2019 07:22:00 AM,2,0,0,,N,226622,4,ANGLE,21,CLEAR,1,DAYLIGHT,12,MOTOR VEHICLE IN TRANSPORT,HEADY DR & HIGHWAY 100,NASHVILLE,TN,37205,4913,WEST,36.0989,-86.8719,POINT (-86.8719 36.0989)
20190778433,10/24/2019 08:07:00 PM,2,0,0,,N,524985,11,Front to Rear,21,CLEAR,2,DARK - NOT LIGHTED,12;14;63,MOTOR VEHICLE IN TRANSPORT;PARKED MOTOR VEHICLE;Ran Off Road-Right,BRILEY PKWYE & BRILEY PKWYW,NASHVILLE,TN,37207,20120,MADISO,36.2396,-86.7751,POINT (-86.7751 36.2396)
20190899434,12/16/2019 05:35:00 AM,3,0,0,,N,352153,4,ANGLE,2,RAIN,3,DARK - LIGHTED,12,MOTOR VEHICLE IN TRANSPORT,NOLENSVILLE PKE & PARAGON MILLS RD,NASHVILLE,TN,37211,8421,SOUTH,36.0848,-86.7281,POINT (-86.7281 36.0848)
20190723813,10/01/2019 12:19:00 PM,1,0,0,Y,N,462474,0,NOT COLLISION W/MOTOR VEHICLE-TRANSPORT,21,CLEAR,1,DAYLIGHT,18;42;47;63;66,OTHER OBJECT (NOT FIXED);TREE;FIRE HYDRANT;Ran Off Road-Right;Down Hill-Run Away,BRECKENRIDGE & WYNSTONE,NASHVILLE,TN,37215,6305,MIDTOW,36.0516,-86.8286,POINT (-86.8286 36.0516)
20190764327,10/18/2019 04:25:00 PM,2,1,0,,N,352169,4,ANGLE,21,CLEAR,1,DAYLIGHT,12,MOTOR VEHICLE IN TRANSPORT,GALLATIN PKES & HICKORY ST,MADISON,TN,37115,1605,MADISO,36.2604,-86.7129,POINT (-86.7129 36.2604)
20190731617,10/04/2019 02:15:00 PM,2,0,0,,N,267831,5,SIDESWIPE - SAME DIRECTION,21,CLEAR,1,DAYLIGHT,12,MOTOR VEHICLE IN TRANSPORT,CHARLOTTE PKE & WHITE BRIDGE PKE,NASHVILLE,TN,37209,5033,WEST,36.15,-86.8584,POINT (-86.8584 36.15)
20190782035,10/26/2019 12:20:00 PM,1,0,0,Y,N,256502,0,NOT COLLISION W/MOTOR VEHICLE-TRANSPORT,2,RAIN,1,DAYLIGHT,36,CONCRETE TRAFFIC BARRIER,MM 1 0 I 440,NASHVILLE,TN,37205,5234,WEST,36.1438,-86.8226,POINT (-86.8226 36.1438)
20190791334,10/30/2019 12:13:00 PM,2,1,0,,N,665896,5,SIDESWIPE - SAME DIRECTION,22,CLOUDY,1,DAYLIGHT,12,MOTOR VEHICLE IN TRANSPORT,MM 49 4 I 24,NASHVILLE,TN,37206,10040,EAST,36.1613,-86.7604,POINT (-86.7604 36.1613)
20190649057,08/30/2019 10:14:00 PM,2,0,0,,N,311326,4,ANGLE,21,CLEAR,2,DARK - NOT LIGHTED,14,PARKED MOTOR VEHICLE,27TH AVN & BOOKER ST,NASHVILLE,TN,37208,5311,NORTH,36.1596,-86.8165,POINT (-86.8165 36.1596)
20190878358,12/06/2019 06:39:00 PM,3,2,0,,N,384422,11,Front to Rear,21,CLEAR,3,DARK - LIGHTED,12,MOTOR VEHICLE IN TRANSPORT,HARDING PL & METROPLEX DR,NASHVILLE,TN,37211,8889,SOUTH,36.0868,-86.6959,POINT (-86.6959 36.0868)
20190821058,11/12/2019 08:20:00 AM,2,0,0,,N,224955,98,OTHER,21,CLEAR,1,DAYLIGHT,12,MOTOR VEHICLE IN TRANSPORT,DICKERSON PKE & I65 N ENT RAMP,NASHVILLE,TN,37216,1805,EAST,36.2361,-86.7582,POINT (-86.7582 36.2361)
20190618764,08/19/2019 02:27:00 PM,2,1,0,,N,256389,11,Front to Rear,21,CLEAR,1,DAYLIGHT,12,MOTOR VEHICLE IN TRANSPORT,WEST END AV & 19TH AVN,NASHVILLE,TN,37203,5707,MIDTOW,36.1526,-86.7968,POINT (-86.7968 36.1526)
20190882915,12/09/2019 06:18:00 AM,2,0,0,Y,N,716886,0,NOT COLLISION W/MOTOR VEHICLE-TRANSPORT,21,CLEAR,1,DAYLIGHT,38,FENCE,MURFREESBORO PKE & MOUNTAIN SPRINGS RD,ANTIOCH,TN,37013,8927,SOUTH,36.0478,-86.6121,POINT (-86.6121 36.0478)
20190684429,09/14/2019 06:40:00 PM,2,0,0,,N,240979,11,Front to Rear,21,CLEAR,1,DAYLIGHT,12,MOTOR VEHICLE IN TRANSPORT,I65 N EXT RAMP & OLD HICKORY BLVDW,MADISON,TN,37115,1777,MADISO,36.2642,-86.7356,POINT (-86.7356 36.2642)
20190931381,12/31/2019 08:15:00 AM,2,0,0,,N,343522,5,SIDESWIPE - SAME DIRECTION,21,CLEAR,1,DAYLIGHT,12,MOTOR VEHICLE IN TRANSPORT,ROBERTSON AV & BRILEY PKWY S EXT RAMP,NASHVILLE,TN,37209,4698,WEST,36.1539,-86.8578,POINT (-86.8578 36.1539)
20190874850,12/05/2019 11:06:00 AM,2,0,0,,Y,109534,11,Front to Rear,21,CLEAR,1,DAYLIGHT,12;99,MOTOR VEHICLE IN TRANSPORT;UNKNOWN MOST HARMFUL EVENT,KNIGHTS OF COLUMBUS BLVD & I40 E ENT RAM,NASHVILLE,TN,37217,8951,HERMIT,36.1422,-86.6967,POINT (-86.6967 36.1422)
20190694842,09/19/2019 04:21:00 AM,3,3,0,,N,110062,5,SIDESWIPE - SAME DIRECTION,21,CLEAR,3,DARK - LIGHTED,1;12;36;42;63,MOTOR VEHICLE IN TRANSPORT;CONCRETE TRAFFIC BARRIER;TREE;Ran Off Road-Right,MM 48 4 I 24,NASHVILLE,TN,37206,1102,EAST,36.1715,-86.768,POINT (-86.768 36.1715)
20190791054,10/30/2019 09:47:00 AM,2,0,0,,N,161952,4,ANGLE,2,RAIN,1,DAYLIGHT,12,MOTOR VEHICLE IN TRANSPORT,2200 BRICK CHURCH PKE,NASHVILLE,TN,37207,3019,NORTH,36.2065,-86.7783,POINT (-86.7783 36.2065)
20190929089,12/30/2019 07:58:00 AM,2,0,0,,N,474557,11,Front to Rear,21,CLEAR,1,DAYLIGHT,12,MOTOR VEHICLE IN TRANSPORT,ANTIOCH PKE & HAYWOOD LN,ANTIOCH,TN,37013,8899,SOUTH,36.0703,-86.6845,POINT (-86.6845 36.0703)
20190889557,12/11/2019 05:23:00 PM,1,0,0,Y,N,240957,0,NOT COLLISION W/MOTOR VEHICLE-TRANSPORT,21,CLEAR,3,DARK - LIGHTED,24,GUARDRAIL FACE,I65 N EXT RAMP & I 65,NASHVILLE,TN,37207,1863,EAST,36.2057,-86.7747,POINT (-86.7747 36.2057)
20190689254,09/17/2019 01:30:00 AM,1,0,0,Y,Y,161945,0,NOT COLLISION W/MOTOR VEHICLE-TRANSPORT,21,CLEAR,3,DARK - LIGHTED,24,GUARDRAIL FACE,636 HARDING PL,NASHVILLE,TN,37211,8505,MIDTOW,36.0788,-86.7453,POINT (-86.7453 36.0788)
20190761194,10/17/2019 11:14:00 AM,3,0,0,,N,134899,11,Front to Rear,21,CLEAR,1,DAYLIGHT,12,MOTOR VEHICLE IN TRANSPORT,MURFREESBORO PKE & NASHBORO BLVD,ANTIOCH,TN,37013,8891,SOUTH,36.0869,-86.6487,POINT (-86.6487 36.0869)
20190599768,08/12/2019 07:24:00 AM,2,0,0,,N,191578,5,SIDESWIPE - SAME DIRECTION,21,CLEAR,1,DAYLIGHT,12,MOTOR VEHICLE IN TRANSPORT,MURFREESBORO PKE & SHUMATE LN,ANTIOCH,TN,37013,8891,SOUTH,36.083,-86.6469,POINT (-86.6469 36.083)
20190828729,11/15/2019 08:20:00 AM,1,0,0,,N,420035,0,NOT COLLISION W/MOTOR VEHICLE-TRANSPORT,,,1,DAYLIGHT,50,DEER (ANIMAL),CUNNIFF PKWY & DICKERSON PKES,MADISON,TN,37115,2101,MADISO,36.2843,-86.7464,POINT (-86.7464 36.2843)
20190681874,09/13/2019 03:25:00 PM,2,0,0,,N,311344,4,ANGLE,21,CLEAR,1,DAYLIGHT,12,MOTOR VEHICLE IN TRANSPORT,STATE RT 45 & EAGAN CIR,MADISON,TN,37115,1617,MADISO,36.2631,-86.6755,POINT (-86.6755 36.2631)
20190829732,11/15/2019 05:52:00 PM,1,1,0,,N,352186,0,NOT COLLISION W/MOTOR VEHICLE-TRANSPORT,21,CLEAR,3,DARK - LIGHTED,33,CURB,CLARKSVILLE PKE & W SUMMITT AV,NASHVILLE,TN,37218,3161,NORTH,36.195,-86.8334,POINT (-86.8334 36.195)
20190616419,08/18/2019 04:25:00 PM,3,1,0,,N,299266,11,Front to Rear,21,CLEAR,1,DAYLIGHT,12,MOTOR VEHICLE IN TRANSPORT,APACHE TRL & HAYWOOD SQUARE PVTDR,NASHVILLE,TN,37211,8709,SOUTH,36.0687,-86.6939,POINT (-86.6939 36.0687)
20190603127,08/13/2019 10:08:00 AM,1,0,0,Y,N,420059,0,NOT COLLISION W/MOTOR VEHICLE-TRANSPORT,21,CLEAR,1,DAYLIGHT,24,GUARDRAIL FACE,HARDING PL & WAUFORD DR,NASHVILLE,TN,37211,8605,MIDTOW,36.0809,-86.7516,POINT (-86.7516 36.0809)
20190657449,09/03/2019 03:40:00 PM,2,0,0,,N,298867,4,ANGLE,21,CLEAR,1,DAYLIGHT,12,MOTOR VEHICLE IN TRANSPORT,MM 86 6 I 65,NASHVILLE,TN,37207,3002,NORTH,36.1959,-86.7761,POINT (-86.7761 36.1959)
20190714340,09/27/2019 06:10:00 AM,2,0,0,,N,223502,11,Front to Rear,5,FOG,1,DAYLIGHT,12,MOTOR VEHICLE IN TRANSPORT,I440 W ENT RAMP & I 440,NASHVILLE,TN,37210,81021,SOUTH,36.1259,-86.7322,POINT (-86.7322 36.1259)
20190832243,11/16/2019 10:20:00 PM,2,0,0,,Y,212346,5,SIDESWIPE - SAME DIRECTION,21,CLEAR,3,DARK - LIGHTED,12,MOTOR VEHICLE IN TRANSPORT,CHURCH ST & 7TH AVN,NASHVILLE,TN,37219,4125,CENTRA,36.1622,-86.7825,POINT (-86.7825 36.1622)
20190788345,10/29/2019 09:45:00 AM,2,1,0,,N,384433,11,Front to Rear,21,CLEAR,1,DAYLIGHT,12,MOTOR VEHICLE IN TRANSPORT,KOREAN VETERANS BLVD & 1ST AVS,NASHVILLE,TN,37201,4047,CENTRA,36.1583,-86.7719,POINT (-86.7719 36.1583)
20190875749,12/05/2019 06:20:00 PM,2,0,0,,N,352156,11,Front to Rear,21,CLEAR,5,DUSK,12,MOTOR VEHICLE IN TRANSPORT,BRILEY PKWYS & BRILEY PKWY S ENT RAMP,NASHVILLE,TN,37211,88962,SOUTH,36.1103,-86.7197,POINT (-86.7197 36.1103)
20190608944,08/15/2019 02:00:00 PM,2,0,0,,Y,226622,4,ANGLE,21,CLEAR,1,DAYLIGHT,12,MOTOR VEHICLE IN TRANSPORT,4400 HARDING PKE,NASHVILLE,TN,37205,5109,WEST,36.1256,-86.8469,POINT (-86.8469 36.1256)
20190850138,11/24/2019 10:44:00 AM,2,2,0,,N,320586,4,ANGLE,21,CLEAR,1,DAYLIGHT,12,MOTOR VEHICLE IN TRANSPORT,SUNRISE AV & MCCOMBS AV,NASHVILLE,TN,37211,8405,SOUTH,36.1036,-86.737,POINT (-86.737 36.1036)
20190709494,09/25/2019 07:45:00 AM,2,0,0,,N,179602,5,SIDESWIPE - SAME DIRECTION,21,CLEAR,1,DAYLIGHT,12,MOTOR VEHICLE IN TRANSPORT,BRILEY PKWYW & BRILEY PKWYE,NASHVILLE,TN,37218,3216,NORTH,36.2254,-86.8638,POINT (-86.8638 36.2254)
20190916391,12/23/2019 03:45:00 PM,1,0,0,,N,384407,0,NOT COLLISION W/MOTOR VEHICLE-TRANSPORT,21,CLEAR,1,DAYLIGHT,16,THROWN OR FALLING OBJECT,MM 196 5 I 40,NASHVILLE,TN,37221,4806,WEST,36.0821,-86.9544,POINT (-86.9544 36.0821)
20190605451,08/14/2019 08:10:00 AM,2,0,0,,N,191578,11,Front to Rear,21,CLEAR,1,DAYLIGHT,12,MOTOR VEHICLE IN TRANSPORT,MM 215 7 I 40,NASHVILLE,TN,37217,89020,HERMIT,36.1426,-86.6823,POINT (-86.6823 36.1426)
20190664537,09/06/2019 11:30:00 AM,2,0,0,,Y,676834,11,Front to Rear,21,CLEAR,1,DAYLIGHT,12,MOTOR VEHICLE IN TRANSPORT,COCKRILL ST & 16TH AVN,NASHVILLE,TN,37208,4473,NORTH,36.1754,-86.8052,POINT (-86.8052 36.1754)
20190867685,12/02/2019 06:41:00 PM,2,0,0,,N,330425,6,SIDESWIPE - OPPOSITE DIRECTION,22,CLOUDY,3,DARK - LIGHTED,12,MOTOR VEHICLE IN TRANSPORT,WELWORTH ST & GALLATIN PKEN,MADISON,TN,37115,1717,MADISO,36.2822,-86.7075,POINT (-86.7075 36.2822)
20190844151,11/21/2019 05:38:00 PM,2,1,0,,N,320585,11,Front to Rear,21,CLEAR,2,DARK - NOT LIGHTED,12,MOTOR VEHICLE IN TRANSPORT,LEBANON PKE & DOWNEYMEADE DR,NASHVILLE,TN,37214,9403,HERMIT,36.1821,-86.6412,POINT (-86.6412 36.1821)
20190687961,09/16/2019 02:48:00 PM,2,2,0,,N,256389,11,Front to Rear,21,CLEAR,1,DAYLIGHT,12,MOTOR VEHICLE IN TRANSPORT,MM 6 4 I 440,NASHVILLE,TN,37210,83040,SOUTH,36.1239,-86.7466,POINT (-86.7466 36.1239)
20190918030,12/24/2019 09:25:00 AM,3,1,0,,N,279230,11,Front to Rear,21,CLEAR,1,DAYLIGHT,12,MOTOR VEHICLE IN TRANSPORT,MURFREESBORO PKE & HAMILTON CHURCH RD,ANTIOCH,TN,37013,8865,SOUTH,36.0649,-86.6286,POINT (-86.6286 36.0649)
20190620964,08/20/2019 07:50:00 AM,2,0,0,,N,402660,5,SIDESWIPE - SAME DIRECTION,21,CLEAR,1,DAYLIGHT,12,MOTOR VEHICLE IN TRANSPORT,HILLSBORO PKE & OLD HICKORY BLVD,BRENTWOOD,TN,37027,6301,MIDTOW,36.0471,-86.863,POINT (-86.863 36.0471)
20190654484,09/02/2019 09:26:00 AM,2,0,0,,Y,716886,5,SIDESWIPE - SAME DIRECTION,21,CLEAR,1,DAYLIGHT,12,MOTOR VEHICLE IN TRANSPORT,MM 54 2 I 24,NASHVILLE,TN,37211,88122,SOUTH,36.1038,-86.7151,POINT (-86.7151 36.1038)
20190857205,11/27/2019 10:20:00 AM,2,0,0,,N,343522,11,Front to Rear,21,CLEAR,1,DAYLIGHT,12,MOTOR VEHICLE IN TRANSPORT,I40 W EXT RAMP & I 40,NASHVILLE,TN,37203,4119,CENTRA,36.1574,-86.79,POINT (-86.79 36.1574)
20190821252,11/12/2019 10:01:00 AM,2,2,0,,N,414731,11,Front to Rear,21,CLEAR,1,DAYLIGHT,12,MOTOR VEHICLE IN TRANSPORT,MM 59 6 I 24,ANTIOCH,TN,37013,88060,SOUTH,36.0438,-86.6561,POINT (-86.6561 36.0438)
20190630429,08/23/2019 01:38:00 PM,2,0,0,,N,462474,11,Front to Rear,21,CLEAR,1,DAYLIGHT,12,MOTOR VEHICLE IN TRANSPORT,WEDGEWOOD AV & 18TH AVS,NASHVILLE,TN,37212,6621,MIDTOW,36.1372,-86.7968,POINT (-86.7968 36.1372)
20190759417,10/16/2019 05:20:00 PM,2,0,0,,Y,299238,11,Front to Rear,21,CLEAR,1,DAYLIGHT,12,MOTOR VEHICLE IN TRANSPORT,GALLATIN PKE & RICHMOND DR,NASHVILLE,TN,37216,1513,EAST,36.2299,-86.7251,POINT (-86.7251 36.2299)
20190745451,10/10/2019 06:40:00 PM,3,2,0,,N,240957,11,Front to Rear,21,CLEAR,5,DUSK,12,MOTOR VEHICLE IN TRANSPORT,EDMONDSON PKE & ELLINGTON CIR,NASHVILLE,TN,37211,8657,MIDTOW,36.0603,-86.741,POINT (-86.741 36.0603)
20190879581,12/07/2019 09:57:00 AM,3,0,0,,N,279113,98,OTHER,21,CLEAR,1,DAYLIGHT,12,MOTOR VEHICLE IN TRANSPORT,MCGAVOCK PKE & MUSIC VALLEY DR,NASHVILLE,TN,37214,9213,HERMIT,36.217,-86.6951,POINT (-86.6951 36.217)
20190855608,11/26/2019 05:48:00 PM,2,0,0,,N,384446,5,SIDESWIPE - SAME DIRECTION,2,RAIN,2,DARK - NOT LIGHTED,12,MOTOR VEHICLE IN TRANSPORT,MM 193 9 I 40,NASHVILLE,TN,37221,4704,WEST,36.078,-86.9956,POINT (-86.9956 36.078)
20190786598,10/28/2019 05:20:00 PM,2,0,0,,N,717341,11,Front to Rear,21,CLEAR,1,DAYLIGHT,12,MOTOR VEHICLE IN TRANSPORT,THOMPSON LN & SELENA DR,NASHVILLE,TN,37211,8423,SOUTH,36.1097,-86.7325,POINT (-86.7325 36.1097)
20190759696,10/16/2019 04:58:00 PM,2,0,0,,N,311337,11,Front to Rear,21,CLEAR,1,DAYLIGHT,12,MOTOR VEHICLE IN TRANSPORT,ELM HILL PKE & COLFAX DR,NASHVILLE,TN,37214,9423,HERMIT,36.1459,-86.6599,POINT (-86.6599 36.1459)
20190747949,10/11/2019 06:35:00 PM,2,0,0,,N,299253,4,ANGLE,2,RAIN,3,DARK - LIGHTED,12,MOTOR VEHICLE IN TRANSPORT,MM 47 7 I 24,NASHVILLE,TN,37207,19020,EAST,36.179,-86.7737,POINT (-86.7737 36.179)
20190806027,11/05/2019 06:11:00 PM,2,0,0,,Y,240983,2,HEAD-ON,21,CLEAR,2,DARK - NOT LIGHTED,12,MOTOR VEHICLE IN TRANSPORT,NOLENSVILLE PKE & WELSHWOOD DR,NASHVILLE,TN,37211,8445,SOUTH,36.0824,-86.7272,POINT (-86.7272 36.0824)
20190609087,08/15/2019 02:38:00 PM,2,0,0,,N,240960,4,ANGLE,21,CLEAR,1,DAYLIGHT,12,MOTOR VEHICLE IN TRANSPORT,BRONTE AV & LITTON AV,NASHVILLE,TN,37216,1415,EAST,36.2022,-86.7356,POINT (-86.7356 36.2022)
20190741949,10/09/2019 12:00:00 AM,1,0,0,Y,Y,206963,9,UNKNOWN,99,UNKNOWN,9,UNKNOWN,99,UNKNOWN MOST HARMFUL EVENT,JEFFERSON ST & 3RD AVN,NASHVILLE,TN,37201,4233,CENTRA,36.175,-86.7847,POINT (-86.7847 36.175)
20190596799,08/10/2019 10:35:00 PM,2,1,0,,N,320583,2,HEAD-ON,21,CLEAR,3,DARK - LIGHTED,12,MOTOR VEHICLE IN TRANSPORT,OLD HICKORY BLVD & EDMONDSON PKE,NASHVILLE,TN,37220,8615,MIDTOW,36.04,-86.7435,POINT (-86.7435 36.04)
20190865217,12/01/2019 02:10:00 PM,2,0,0,,Y,352186,5,SIDESWIPE - SAME DIRECTION,21,CLEAR,1,DAYLIGHT,12,MOTOR VEHICLE IN TRANSPORT,CLARKSVILLE PKE & BUENA VISTA PKE,NASHVILLE,TN,37218,3135,NORTH,36.1935,-86.8309,POINT (-86.8309 36.1935)
20190868899,12/03/2019 12:00:00 AM,2,0,0,,Y,278580,4,ANGLE,21,CLEAR,1,DAYLIGHT,12,MOTOR VEHICLE IN TRANSPORT,MM 37 2 I 24,WHITES CREEK,TN,37189,2212,NORTH,36.3151,-86.8326,POINT (-86.8326 36.3151)
20190642420,08/28/2019 12:59:00 PM,2,0,0,,N,594473,5,SIDESWIPE - SAME DIRECTION,21,CLEAR,1,DAYLIGHT,12,MOTOR VEHICLE IN TRANSPORT,25TH AVN & CHARLOTTE AV,NASHVILLE,TN,37203,5619,MIDTOW,36.1553,-86.8121,POINT (-86.8121 36.1553)
20190645266,08/29/2019 01:40:00 PM,2,0,0,,Y,834813,11,Front to Rear,21,CLEAR,1,DAYLIGHT,12,MOTOR VEHICLE IN TRANSPORT,CLARKSVILLE PKE & STEVENS LN,NASHVILLE,TN,37218,3219,NORTH,36.2388,-86.8307,POINT (-86.8307 36.2388)
20190642786,08/28/2019 03:30:00 PM,2,1,0,,N,352172,4,ANGLE,21,CLEAR,1,DAYLIGHT,12,MOTOR VEHICLE IN TRANSPORT,BROWNLEE DR & DAVIDSON RD,NASHVILLE,TN,37205,4917,WEST,36.1171,-86.8826,POINT (-86.8826 36.1171)
20190877526,12/06/2019 11:30:00 AM,2,0,0,,Y,226622,16,Rear to Side,2,RAIN,1,DAYLIGHT,12,MOTOR VEHICLE IN TRANSPORT,CENTENNIAL BLVD & BRILEY PKWY N ENT RAMP,NASHVILLE,TN,37209,4623,WEST,36.1722,-86.8651,POINT (-86.8651 36.1722)
20190733505,10/05/2019 10:19:00 AM,2,2,0,,Y,156307,11,Front to Rear,21,CLEAR,1,DAYLIGHT,12,MOTOR VEHICLE IN TRANSPORT,DOMINICAN DR & ROSA L PARKS BLVD,NASHVILLE,TN,37228,4445,NORTH,36.1879,-86.7985,POINT (-86.7985 36.1879)
20190930398,12/30/2019 08:12:00 PM,1,0,0,Y,N,161948,0,NOT COLLISION W/MOTOR VEHICLE-TRANSPORT,21,CLEAR,3,DARK - LIGHTED,30;63,UTILITY POLE;Ran Off Road-Right,LAKELAND DR & EMERY DR,NASHVILLE,TN,37214,9105,HERMIT,36.1549,-86.6746,POINT (-86.6746 36.1549)