Accident Number,Date and Time,Number of Motor Vehicles,Number of Injuries,Number of Fatalities,Property Damage,Hit and Run,Reporting Officer,Collision Type Code,Collision Type Description,Weather Code,Weather Description,Illumination Code,Illumination Description,Harmful Code,Harmful Code Description,Street Address,City,State,ZIP,RPA,Precinct,Latitude,Longitude,Mapped Location
20190780895,10/25/2019 08:44:00 PM,2,0,0,,Y,311328,5,SIDESWIPE - SAME DIRECTION,2,RAIN,2,DARK - NOT LIGHTED,12,MOTOR VEHICLE IN TRANSPORT,MM 208 4 I 40,NASHVILLE,TN,37203,54024,NORTH,36.165,-86.7943,POINT (-86.7943 36.165)
20190757796,10/16/2019 02:20:00 AM,1,0,0,,N,352193,0,NOT COLLISION W/MOTOR VEHICLE-TRANSPORT,2,RAIN,2,DARK - NOT LIGHTED,39,WALL,MM 52 4 I 24,NASHVILLE,TN,37210,82061,HERMIT,36.139,-86.727,POINT (-86.727 36.139)
20190863799,11/30/2019 08:36:00 PM,1,0,0,,N,330440,0,NOT COLLISION W/MOTOR VEHICLE-TRANSPORT,2,RAIN,3,DARK - LIGHTED,9,,CLARKSVILLE PIKE & US HWY 41 ALT,NASHVILLE,TN,37208,4425,NORTH,36.188,-86.8216,POINT (-86.8216 36.188)
20190645282,08/29/2019 02:40:00 PM,2,0,0,,N,330415,11,Front to Rear,21,CLEAR,1,DAYLIGHT,12,MOTOR VEHICLE IN TRANSPORT,0 INTERSTATE DR,NASHVILLE,TN,37213,1105,CENTRA,36.1705,-86.7684,POINT (-86.7684 36.1705)
20190902774,12/17/2019 01:45:00 PM,2,0,0,,N,109534,5,SIDESWIPE - SAME DIRECTION,22,CLOUDY,1,DAYLIGHT,12,MOTOR VEHICLE IN TRANSPORT,MM 211 8 I 40,NASHVILLE,TN,37210,90022,HERMIT,36.149,-86.7465,POINT (-86.7465 36.149)
20190647913,08/30/2019 03:08:00 PM,2,0,0,,N,240955,11,Front to Rear,21,CLEAR,1,DAYLIGHT,12,MOTOR VEHICLE IN TRANSPORT,HARDING PL & EZELL PARK PVTDR,NASHVILLE,TN,37211,8847,SOUTH,36.0904,-86.6873,POINT (-86.6873 36.0904)
20190907281,12/19/2019 07:36:00 AM,4,0,0,,Y,212323,11,Front to Rear,21,CLEAR,1,DAYLIGHT,12,MOTOR VEHICLE IN TRANSPORT,I40 E ENT RAMP & 14TH AVN,NASHVILLE,TN,37203,5517,MIDTOW,36.1579,-86.7916,POINT (-86.7916 36.1579)
20190590837,08/08/2019 05:50:00 PM,2,0,0,,N,717341,4,ANGLE,21,CLEAR,1,DAYLIGHT,12,MOTOR VEHICLE IN TRANSPORT,BELL RD & HICKORY HOLLOW PKWY,ANTIOCH,TN,37013,8863,SOUTH,36.0896,-86.6884,POINT (-86.6884 36.0896)
20190711999,09/26/2019 05:40:00 AM,2,0,0,,Y,352177,5,SIDESWIPE - SAME DIRECTION,21,CLEAR,1,DAYLIGHT,12,MOTOR VEHICLE IN TRANSPORT,MM 56 7 I 24,NASHVILLE,TN,37211,8810,SOUTH,36.0726,-86.6916,POINT (-86.6916 36.0726)
20190759257,10/16/2019 03:50:00 PM,2,1,0,,N,256384,4,ANGLE,21,CLEAR,1,DAYLIGHT,12,MOTOR VEHICLE IN TRANSPORT,GLENROSE AV & WHITNEY AV,NASHVILLE,TN,37210,8101,SOUTH,36.1258,-86.7516,POINT (-86.7516 36.1258)
20190777208,10/24/2019 09:20:00 AM,2,0,0,,Y,352174,11,Front to Rear,21,CLEAR,1,DAYLIGHT,12,MOTOR VEHICLE IN TRANSPORT,21ST AVS & BELCOURT AV,NASHVILLE,TN,37212,6607,MIDTOW,36.1367,-86.8009,POINT (-86.8009 36.1367)
20190623661,08/21/2019 06:43:00 AM,2,0,0,,N,191578,5,SIDESWIPE - SAME DIRECTION,21,CLEAR,1,DAYLIGHT,12,MOTOR VEHICLE IN TRANSPORT,DONELSON PKE & NODYNE DR,NASHVILLE,TN,37214,9105,HERMIT,36.1512,-86.6666,POINT (-86.6666 36.1512)
20190619205,08/19/2019 04:56:00 PM,2,0,0,,N,169425,4,ANGLE,21,CLEAR,1,DAYLIGHT,12,MOTOR VEHICLE IN TRANSPORT,4TH AVS & MCCANN ST,NASHVILLE,TN,37210,8153,SOUTH,36.1499,-86.77,POINT (-86.77 36.1499)
20190897826,12/15/2019 08:02:00 AM,1,1,0,,N,591936,0,NOT COLLISION W/MOTOR VEHICLE-TRANSPORT,21,CLEAR,1,DAYLIGHT,36,CONCRETE TRAFFIC BARRIER,I440 W ENT RAMP & I 440,NASHVILLE,TN,37210,81021,SOUTH,36.1259,-86.7322,POINT (-86.7322 36.1259)
20190609563,08/15/2019 12:00:00 AM,2,0,0,,N,151131,11,Front to Rear,21,CLEAR,1,DAYLIGHT,12,MOTOR VEHICLE IN TRANSPORT,11TH AVN & BUCHANAN ST,NASHVILLE,TN,37208,4453,NORTH,36.18,-86.8046,POINT (-86.8046 36.18)
20190862226,11/29/2019 11:33:00 PM,2,2,0,,N,330416,11,Front to Rear,21,CLEAR,3,DARK - LIGHTED,12;24;36,MOTOR VEHICLE IN TRANSPORT;GUARDRAIL FACE;CONCRETE TRAFFIC BARRIER,MM 93 5 I 65,MADISON,TN,37115,17062,MADISO,36.2824,-86.7316,POINT (-86.7316 36.2824)
20190810880,11/07/2019 04:55:00 PM,2,0,0,,N,419972,11,Front to Rear,2,RAIN,1,DAYLIGHT,12,MOTOR VEHICLE IN TRANSPORT,MM 0 0 I 440,NASHVILLE,TN,37205,5240,WEST,36.1425,-86.8229,POINT (-86.8229 36.1425)
20190748178,10/11/2019 08:46:00 PM,2,0,0,,Y,299267,4,ANGLE,2,RAIN,3,DARK - LIGHTED,12,MOTOR VEHICLE IN TRANSPORT,ELLISTON PL & LOUISE AV,NASHVILLE,TN,37203,5601,MIDTOW,36.1509,-86.8046,POINT (-86.8046 36.1509)
20190640602,08/27/2019 08:18:00 PM,1,0,0,Y,Y,299264,0,NOT COLLISION W/MOTOR VEHICLE-TRANSPORT,21,CLEAR,2,DARK - NOT LIGHTED,30,UTILITY POLE,BEECHWOOD AV & 21ST AVS,NASHVILLE,TN,37212,6509,MIDTOW,36.127,-86.8033,POINT (-86.8033 36.127)
20190603764,08/13/2019 04:37:00 PM,1,1,0,,N,256383,0,NOT COLLISION W/MOTOR VEHICLE-TRANSPORT,2,RAIN,1,DAYLIGHT,1;34,DITCH,HAYWOOD LN & HOPEDALE DR,NASHVILLE,TN,37211,8711,SOUTH,36.0688,-86.7175,POINT (-86.7175 36.0688)
20190809961,11/07/2019 08:15:00 AM,2,0,0,,Y,226098,5,SIDESWIPE - SAME DIRECTION,2,RAIN,1,DAYLIGHT,12,MOTOR VEHICLE IN TRANSPORT,DR D B TODD JR BLVD & JEFFERSON ST,NASHVILLE,TN,37208,5325,NORTH,36.1695,-86.8067,POINT (-86.8067 36.1695)
20190678059,09/12/2019 07:37:00 AM,4,0,0,,N,109534,11,Front to Rear,21,CLEAR,1,DAYLIGHT,12,MOTOR VEHICLE IN TRANSPORT,MM 214 2 I 40,NASHVILLE,TN,37210,90062,HERMIT,36.1424,-86.7107,POINT (-86.7107 36.1424)
20190925369,12/28/2019 08:10:00 AM,2,0,0,,N,140790,11,Front to Rear,98,OTHER (NARRATIVE),1,DAYLIGHT,12,MOTOR VEHICLE IN TRANSPORT,LEBANON PKE & ANDREW JACKSON PKWY,HERMITAGE,TN,37076,9537,HERMIT,36.2151,-86.5962,POINT (-86.5962 36.2151)
20190908305,12/19/2019 04:23:00 PM,2,0,0,,Y,330413,11,Front to Rear,21,CLEAR,1,DAYLIGHT,12,MOTOR VEHICLE IN TRANSPORT,12TH AVE S & ASHWOOD AVE,NASHVILLE,TN,37212,6601,MIDTOW,36.1287,-86.789,POINT (-86.789 36.1287)
20190630998,08/23/2019 12:00:00 AM,1,0,0,Y,Y,887598,0,NOT COLLISION W/MOTOR VEHICLE-TRANSPORT,21,CLEAR,9,UNKNOWN,18,OTHER OBJECT (NOT FIXED),SHREEVE LN & MOORMANS ARM RD,NASHVILLE,TN,37207,3033,NORTH,36.2177,-86.8078,POINT (-86.8078 36.2177)
20190793253,10/31/2019 07:55:00 AM,1,0,0,,N,620057,0,NOT COLLISION W/MOTOR VEHICLE-TRANSPORT,2,RAIN,1,DAYLIGHT,36,CONCRETE TRAFFIC BARRIER,BRILEY PKWYE & DOVERSIDE DR,NASHVILLE,TN,37207,20121,MADISO,36.2401,-86.7694,POINT (-86.7694 36.2401)
20190831041,11/16/2019 08:26:00 AM,2,0,0,,N,620061,5,SIDESWIPE - SAME DIRECTION,21,CLEAR,1,DAYLIGHT,12,MOTOR VEHICLE IN TRANSPORT,ASHWOOD AV & BELMONT BLVD,NASHVILLE,TN,37212,6605,MIDTOW,36.129,-86.7952,POINT (-86.7952 36.129)
20190686045,09/15/2019 03:54:00 PM,2,0,0,,Y,429193,11,Front to Rear,21,CLEAR,1,DAYLIGHT,12,MOTOR VEHICLE IN TRANSPORT,SOMERSET PL & POPLAR CREEK RD,NASHVILLE,TN,37221,4811,WEST,36.057,-86.9713,POINT (-86.9713 36.057)
20190661285,09/05/2019 05:43:00 AM,2,1,0,,N,256492,4,ANGLE,21,CLEAR,1,DAYLIGHT,12,MOTOR VEHICLE IN TRANSPORT,ROYAL PKWY & AIRPORT CENTER DR,NASHVILLE,TN,37214,9411,HERMIT,36.1455,-86.6627,POINT (-86.6627 36.1455)
20190684036,09/14/2019 01:58:00 PM,3,0,0,,N,212369,4,ANGLE,21,CLEAR,1,DAYLIGHT,12;14,MOTOR VEHICLE IN TRANSPORT;PARKED MOTOR VEHICLE,HARDING PL & TROUSDALE DR,NASHVILLE,TN,37220,8601,MIDTOW,36.0811,-86.7584,POINT (-86.7584 36.0811)
20190754145,10/14/2019 04:46:00 PM,2,1,0,,N,240983,4,ANGLE,21,CLEAR,1,DAYLIGHT,12,MOTOR VEHICLE IN TRANSPORT,ARBOR COMMON & BEECHWOOD TER,ANTIOCH,TN,37013,8753,SOUTH,36.0449,-86.6684,POINT (-86.6684 36.0449)
20190841744,11/20/2019 07:08:00 PM,2,0,0,,Y,311337,5,SIDESWIPE - SAME DIRECTION,21,CLEAR,3,DARK - LIGHTED,12,MOTOR VEHICLE IN TRANSPORT,MM 212 0 I 40,NASHVILLE,TN,37210,90041,HERMIT,36.147,-86.7433,POINT (-86.7433 36.147)
20190800145,11/03/2019 07:54:00 AM,2,0,0,,N,525538,4,ANGLE,21,CLEAR,1,DAYLIGHT,12,MOTOR VEHICLE IN TRANSPORT,MM 5 3 I 440,NASHVILLE,TN,37204,81061,MIDTOW,36.1194,-86.7669,POINT (-86.7669 36.1194)
20190627890,08/22/2019 04:59:00 PM,3,1,0,,N,330428,4,ANGLE,22,CLOUDY,1,DAYLIGHT,12,MOTOR VEHICLE IN TRANSPORT,ROBERTSON AV & JAMES AV,NASHVILLE,TN,37209,4683,WEST,36.1581,-86.877,POINT (-86.877 36.1581)
20190661199,09/05/2019 03:40:00 AM,5,0,0,,N,298879,4,ANGLE,21,CLEAR,3,DARK - LIGHTED,14,PARKED MOTOR VEHICLE,I40 W ENT RAMP & I 40,NASHVILLE,TN,37210,9007,HERMIT,36.1484,-86.7454,POINT (-86.7454 36.1484)
20190895017,12/13/2019 07:15:00 PM,1,0,0,,Y,279224,0,NOT COLLISION W/MOTOR VEHICLE-TRANSPORT,2,RAIN,3,DARK - LIGHTED,71,EMBANKMENT EARTH,ELLINGTON PKWYS & SPRING ST ENT RAMP,NASHVILLE,TN,37207,19961,EAST,36.1766,-86.7658,POINT (-86.7658 36.1766)
20190724282,10/01/2019 12:00:00 AM,2,0,0,,N,279200,5,SIDESWIPE - SAME DIRECTION,21,CLEAR,1,DAYLIGHT,12,MOTOR VEHICLE IN TRANSPORT,MM 209 3 I 40,NASHVILLE,TN,37203,40041,CENTRA,36.1537,-86.7878,POINT (-86.7878 36.1537)
20190861412,11/29/2019 03:07:00 PM,2,1,0,,N,163667,4,ANGLE,22,CLOUDY,1,DAYLIGHT,12,MOTOR VEHICLE IN TRANSPORT,BRANDAU PL & 25TH AVN,NASHVILLE,TN,37203,5617,MIDTOW,36.1492,-86.8093,POINT (-86.8093 36.1492)
20190823647,11/13/2019 06:34:00 AM,2,0,0,,N,405447,11,Front to Rear,21,CLEAR,1,DAYLIGHT,12,MOTOR VEHICLE IN TRANSPORT,WOODLANDS AV & OLD HICKORY BLVD,NASHVILLE,TN,37211,8651,MIDTOW,36.0423,-86.7265,POINT (-86.7265 36.0423)
20190095405,12/18/2019 01:00:00 PM,2,1,0,,N,134899,11,Front to Rear,21,CLEAR,1,DAYLIGHT,12,MOTOR VEHICLE IN TRANSPORT,MURFREESBORO PKE & PAVILION BLVD,NASHVILLE,TN,37217,8815,HERMIT,36.1339,-86.7223,POINT (-86.7223 36.1339)
20190856380,11/27/2019 01:51:00 AM,1,0,0,,N,320600,0,NOT COLLISION W/MOTOR VEHICLE-TRANSPORT,2,RAIN,3,DARK - LIGHTED,24,GUARDRAIL FACE,MM 86 5 I 65,NASHVILLE,TN,37207,3006,NORTH,36.1946,-86.7762,POINT (-86.7762 36.1946)
20190751532,10/13/2019 02:30:00 PM,2,0,0,,N,807326,11,Front to Rear,21,CLEAR,1,DAYLIGHT,12,MOTOR VEHICLE IN TRANSPORT,MM 49 5 I 24,NASHVILLE,TN,37210,4008,CENTRA,36.1588,-86.7604,POINT (-86.7604 36.1588)
20190645192,08/29/2019 03:36:00 PM,2,1,0,,N,419972,6,SIDESWIPE - OPPOSITE DIRECTION,21,CLEAR,1,DAYLIGHT,12,MOTOR VEHICLE IN TRANSPORT,CHEROKEE RD & WEST END AV,NASHVILLE,TN,37205,5209,WEST,36.1311,-86.8383,POINT (-86.8383 36.1311)
20190582541,08/05/2019 09:41:00 PM,2,0,0,,N,352156,4,ANGLE,21,CLEAR,2,DARK - NOT LIGHTED,12;20,MOTOR VEHICLE IN TRANSPORT;IMPACT ATTENUATOR,MURFREESBORO PKE & RURAL HILL RD,ANTIOCH,TN,37013,8861,SOUTH,36.0745,-86.6387,POINT (-86.6387 36.0745)
20190706754,09/24/2019 08:09:00 AM,2,2,0,,N,485261,4,ANGLE,21,CLEAR,1,DAYLIGHT,12,MOTOR VEHICLE IN TRANSPORT,8TH AVS & LAFAYETTE ST,NASHVILLE,TN,37203,4043,CENTRA,36.1546,-86.7792,POINT (-86.7792 36.1546)
20190826284,11/14/2019 09:02:00 AM,2,0,0,,N,402653,5,SIDESWIPE - SAME DIRECTION,21,CLEAR,1,DAYLIGHT,12,MOTOR VEHICLE IN TRANSPORT,JAMES ROBERTSON PKWY & JAMES ROBERTSON P,NASHVILLE,TN,37206,1109,EAST,36.1724,-86.7665,POINT (-86.7665 36.1724)
20190644476,08/29/2019 08:45:00 AM,2,0,0,,N,109534,11,Front to Rear,21,CLEAR,1,DAYLIGHT,12,MOTOR VEHICLE IN TRANSPORT,MM 214 3 I 40,NASHVILLE,TN,37217,88021,HERMIT,36.1425,-86.7089,POINT (-86.7089 36.1425)
20190879760,12/07/2019 12:50:00 PM,4,3,0,,N,571313,11,Front to Rear,21,CLEAR,1,DAYLIGHT,12,MOTOR VEHICLE IN TRANSPORT,WOODMONT BLVD & BENHAM AV,NASHVILLE,TN,37215,6413,MIDTOW,36.1137,-86.8077,POINT (-86.8077 36.1137)
20190782162,10/26/2019 02:05:00 PM,2,0,0,,Y,384419,5,SIDESWIPE - SAME DIRECTION,2,RAIN,1,DAYLIGHT,12,MOTOR VEHICLE IN TRANSPORT,W TRINITY LN & LUCAS LN,NASHVILLE,TN,37207,1863,EAST,36.2061,-86.7711,POINT (-86.7711 36.2061)
20190687051,09/16/2019 06:53:00 AM,2,0,0,,N,352164,11,Front to Rear,21,CLEAR,1,DAYLIGHT,12,MOTOR VEHICLE IN TRANSPORT,MM 61 1 I 24,ANTIOCH,TN,37013,8806,SOUTH,36.0284,-86.636,POINT (-86.636 36.0284)
20190770671,10/21/2019 04:19:00 PM,1,0,0,,N,384421,0,NOT COLLISION W/MOTOR VEHICLE-TRANSPORT,2,RAIN,1,DAYLIGHT,24,GUARDRAIL FACE,KNIGHTS OF COLUMBUS BLVD & BRILEY PKWYN,NASHVILLE,TN,37217,8998,HERMIT,36.1395,-86.7002,POINT (-86.7002 36.1395)
20190756443,10/15/2019 01:45:00 PM,2,0,0,,N,665896,4,ANGLE,22,CLOUDY,1,DAYLIGHT,12,MOTOR VEHICLE IN TRANSPORT,900 DR RICHARD G ADAMS DR,NASHVILLE,TN,37216,1821,EAST,36.2063,-86.7472,POINT (-86.7472 36.2063)
20190635872,08/25/2019 11:09:00 PM,1,0,0,,Y,405404,0,NOT COLLISION W/MOTOR VEHICLE-TRANSPORT,2,RAIN,3,DARK - LIGHTED,8,PEDESTRIAN,NOLENSVILLE PKE & ELYSIAN FIELDS CT,NASHVILLE,TN,37211,8415,SOUTH,36.0873,-86.7307,POINT (-86.7307 36.0873)
20190894889,12/13/2019 06:00:00 PM,2,0,0,,N,352178,4,ANGLE,2,RAIN,3,DARK - LIGHTED,12,MOTOR VEHICLE IN TRANSPORT,21ST AVN & JEFFERSON ST,NASHVILLE,TN,37208,5325,NORTH,36.1691,-86.8096,POINT (-86.8096 36.1691)
20190802558,11/04/2019 12:09:00 PM,2,0,0,,N,620061,5,SIDESWIPE - SAME DIRECTION,21,CLEAR,1,DAYLIGHT,12,MOTOR VEHICLE IN TRANSPORT,WEDGEWOOD AV & 17TH AVS,NASHVILLE,TN,37212,6611,MIDTOW,36.1369,-86.7958,POINT (-86.7958 36.1369)
20190708034,09/24/2019 05:09:00 PM,2,0,0,,Y,256380,11,Front to Rear,21,CLEAR,1,DAYLIGHT,12,MOTOR VEHICLE IN TRANSPORT,JEFFERSON ST & 21ST AVN,NASHVILLE,TN,37208,5351,NORTH,36.1688,-86.8114,POINT (-86.8114 36.1688)
20190893835,12/13/2019 09:00:00 AM,2,3,0,,N,226622,4,ANGLE,22,CLOUDY,1,DAYLIGHT,12,MOTOR VEHICLE IN TRANSPORT,BRILEY PKWY & I40 W EXT RAMP,NASHVILLE,TN,37209,4696,WEST,36.153,-86.8576,POINT (-86.8576 36.153)
20190871731,12/04/2019 07:00:00 AM,2,1,0,,N,653629,4,ANGLE,21,CLEAR,1,DAYLIGHT,12,MOTOR VEHICLE IN TRANSPORT,JOHN HAGAR RD & HAGARS GROVE PASS,HERMITAGE,TN,37076,9517,HERMIT,36.1577,-86.5793,POINT (-86.5793 36.1577)
20190641752,08/28/2019 07:45:00 AM,3,1,0,,N,676834,11,Front to Rear,21,CLEAR,1,DAYLIGHT,12,MOTOR VEHICLE IN TRANSPORT,BRICK CHURCH PKE & MASONWOOD DR,NASHVILLE,TN,37207,2033,MADISO,36.2428,-86.7805,POINT (-86.7805 36.2428)
20190716109,09/27/2019 09:23:00 PM,3,0,0,,Y,169425,4,ANGLE,21,CLEAR,3,DARK - LIGHTED,14,PARKED MOTOR VEHICLE,19TH AVN & HAYES ST,NASHVILLE,TN,37203,5523,MIDTOW,36.1533,-86.7982,POINT (-86.7982 36.1533)
20190808611,11/06/2019 06:14:00 PM,4,1,0,,N,179606,11,Front to Rear,21,CLEAR,3,DARK - LIGHTED,12,MOTOR VEHICLE IN TRANSPORT,17TH AVN & CHURCH ST,NASHVILLE,TN,37203,5519,MIDTOW,36.1558,-86.7959,POINT (-86.7959 36.1558)
20190648076,08/30/2019 04:19:00 PM,2,0,0,,N,191575,11,Front to Rear,21,CLEAR,1,DAYLIGHT,14,PARKED MOTOR VEHICLE,PLANTATION DR & OLD HICKORY BLVD,HERMITAGE,TN,37076,9613,HERMIT,36.2005,-86.621,POINT (-86.621 36.2005)
20190907958,12/19/2019 01:00:00 PM,4,0,0,,N,633381,11,Front to Rear,21,CLEAR,1,DAYLIGHT,12,MOTOR VEHICLE IN TRANSPORT,MM 59 7 I 24,ANTIOCH,TN,37013,88060,SOUTH,36.0428,-86.6545,POINT (-86.6545 36.0428)
20190900165,12/16/2019 12:40:00 PM,2,0,0,,N,191578,11,Front to Rear,2,RAIN,1,DAYLIGHT,12,MOTOR VEHICLE IN TRANSPORT,MURFREESBORO PKE & PLUS PARK BLVD,NASHVILLE,TN,37217,8815,HERMIT,36.1337,-86.722,POINT (-86.722 36.1337)
20190770424,10/21/2019 02:45:00 PM,2,0,0,,N,909486,11,Front to Rear,2,RAIN,1,DAYLIGHT,12,MOTOR VEHICLE IN TRANSPORT,NOLENSVILLE PKE & WELSHWOOD DR,NASHVILLE,TN,37211,8501,MIDTOW,36.0826,-86.7273,POINT (-86.7273 36.0826)
20190856339,11/27/2019 01:24:00 AM,1,0,0,,Y,256492,0,NOT COLLISION W/MOTOR VEHICLE-TRANSPORT,2,RAIN,3,DARK - LIGHTED,24,GUARDRAIL FACE,MM 211 6 I 40,NASHVILLE,TN,37210,82042,HERMIT,36.1508,-86.7502,POINT (-86.7502 36.1508)
20190693754,09/18/2019 05:36:00 PM,2,1,0,,N,256386,11,Front to Rear,21,CLEAR,1,DAYLIGHT,12,MOTOR VEHICLE IN TRANSPORT,US HWY 41 & OLD MURFREESBORO PIKE,NASHVILLE,TN,37217,8849,SOUTH,36.1035,-86.6671,POINT (-86.6671 36.1035)
20190927423,12/29/2019 10:25:00 AM,1,0,0,Y,Y,226586,0,NOT COLLISION W/MOTOR VEHICLE-TRANSPORT,2,RAIN,1,DAYLIGHT,27;30,H-WAY TRAFFIC SIGNAL POST;UTILITY POLE,I 40 & UNKNOWN RAMP,NASHVILLE,TN,37210,9041,HERMIT,36.144,-86.7013,POINT (-86.7013 36.144)
20190725630,10/02/2019 06:35:00 AM,2,1,0,,N,420035,4,ANGLE,21,CLEAR,1,DAYLIGHT,12,MOTOR VEHICLE IN TRANSPORT,STATE RT 45 & GALLATIN PKEN,MADISON,TN,37115,1701,MADISO,36.2631,-86.7119,POINT (-86.7119 36.2631)
20190739885,10/08/2019 01:24:00 PM,2,0,0,,Y,474557,4,ANGLE,21,CLEAR,1,DAYLIGHT,14,PARKED MOTOR VEHICLE,HICKORY HOLLOW MALL PVTDR PL & BELL RD,ANTIOCH,TN,37013,8871,SOUTH,36.0494,-86.6518,POINT (-86.6518 36.0494)
20190782761,10/26/2019 09:50:00 PM,1,0,0,,N,299238,0,NOT COLLISION W/MOTOR VEHICLE-TRANSPORT,22,CLOUDY,2,DARK - NOT LIGHTED,18,OTHER OBJECT (NOT FIXED),HAYSBORO AV & BRUSH HILL RD,NASHVILLE,TN,37216,1515,EAST,36.2322,-86.7147,POINT (-86.7147 36.2322)
20190761016,10/17/2019 09:14:00 AM,2,0,0,,N,493304,4,ANGLE,21,CLEAR,1,DAYLIGHT,12,MOTOR VEHICLE IN TRANSPORT,NEELYS BEND RD & FOREST PARK RD,MADISON,TN,37115,1603,MADISO,36.2554,-86.7042,POINT (-86.7042 36.2554)
20190800795,11/03/2019 12:00:00 AM,2,0,0,,N,298877,5,SIDESWIPE - SAME DIRECTION,21,CLEAR,1,DAYLIGHT,12,MOTOR VEHICLE IN TRANSPORT,NOLENSVILLE PKE & ZOO RD,NASHVILLE,TN,37211,8509,MIDTOW,36.0886,-86.732,POINT (-86.732 36.0886)
20190764451,10/18/2019 05:29:00 PM,2,0,0,,N,212346,11,Front to Rear,21,CLEAR,1,DAYLIGHT,12,MOTOR VEHICLE IN TRANSPORT,MM 208 4 I 40,NASHVILLE,TN,37203,54024,NORTH,36.165,-86.7943,POINT (-86.7943 36.165)
20190652710,09/01/2019 02:15:00 PM,2,1,0,,Y,320597,5,SIDESWIPE - SAME DIRECTION,21,CLEAR,1,DAYLIGHT,12,MOTOR VEHICLE IN TRANSPORT,BELL RD & MURFREESBORO PKE,ANTIOCH,TN,37013,8865,SOUTH,36.0719,-86.6362,POINT (-86.6362 36.0719)
20190590622,08/08/2019 04:39:00 PM,2,0,0,,N,151132,11,Front to Rear,22,CLOUDY,1,DAYLIGHT,12,MOTOR VEHICLE IN TRANSPORT,OLD HICKORY BLVDW & HEAD DR,MADISON,TN,37115,1777,MADISO,36.2642,-86.7346,POINT (-86.7346 36.2642)
20190924061,12/27/2019 03:57:00 PM,2,0,0,,N,212346,11,Front to Rear,21,CLEAR,1,DAYLIGHT,12,MOTOR VEHICLE IN TRANSPORT,MM 86 0 I 65,NASHVILLE,TN,37208,4304,CENTRA,36.1916,-86.7859,POINT (-86.7859 36.1916)
20190702845,09/22/2019 04:49:00 PM,2,1,0,,N,429193,4,ANGLE,21,CLEAR,1,DAYLIGHT,12,MOTOR VEHICLE IN TRANSPORT,6836 CHARLOTTE PK & CHARLOTTE PK,NASHVILLE,TN,37209,5009,WEST,36.1332,-86.8943,POINT (-86.8943 36.1332)
20190753547,10/14/2019 11:49:00 AM,2,2,0,,N,714641,4,ANGLE,21,CLEAR,1,DAYLIGHT,12,MOTOR VEHICLE IN TRANSPORT,SHELBY AV & I24 E EXT RAMP,NASHVILLE,TN,37213,1007,CENTRA,36.1664,-86.7654,POINT (-86.7654 36.1664)
20190907764,12/19/2019 11:36:00 AM,2,0,0,,N,191578,5,SIDESWIPE - SAME DIRECTION,21,CLEAR,1,DAYLIGHT,12,MOTOR VEHICLE IN TRANSPORT,BRILEY PKWYN & BRILEY PKWYS,NASHVILLE,TN,37211,8404,SOUTH,36.1092,-86.727,POINT (-86.727 36.1092)
20190923517,12/27/2019 10:46:00 AM,2,1,0,,N,352202,11,Front to Rear,21,CLEAR,1,DAYLIGHT,12,MOTOR VEHICLE IN TRANSPORT,MM 48 9 I 24,NASHVILLE,TN,37213,1104,CENTRA,36.1676,-86.7656,POINT (-86.7656 36.1676)
20190902815,12/12/2019 08:25:00 PM,2,0,0,,N,179606,11,Front to Rear,21,CLEAR,3,DARK - LIGHTED,12,MOTOR VEHICLE IN TRANSPORT,4TH AVS & I40 E EXT RAMP,NASHVILLE,TN,37210,8153,SOUTH,36.1505,-86.7704,POINT (-86.7704 36.1505)
20190889610,12/11/2019 06:00:00 PM,2,0,0,,N,134871,4,ANGLE,21,CLEAR,3,DARK - LIGHTED,12,MOTOR VEHICLE IN TRANSPORT,8TH AVS & LAFAYETTE ST,NASHVILLE,TN,37203,4043,CENTRA,36.1546,-86.7792,POINT (-86.7792 36.1546)
20190611127,08/16/2019 11:08:00 AM,2,0,0,,N,191578,4,ANGLE,21,CLEAR,1,DAYLIGHT,12,MOTOR VEHICLE IN TRANSPORT,ROYAL PKWY & CLARIDGE DR,NASHVILLE,TN,37214,9103,HERMIT,36.1461,-86.6676,POINT (-86.6676 36.1461)
20190761959,10/17/2019 05:08:00 PM,2,0,0,,N,352155,11,Front to Rear,21,CLEAR,1,DAYLIGHT,12,MOTOR VEHICLE IN TRANSPORT,BRILEY PKWYE & WHITES CREEK PKE,NASHVILLE,TN,37207,3010,NORTH,36.234,-86.8139,POINT (-86.8139 36.234)
20190928685,12/30/2019 03:00:00 AM,1,0,0,,Y,200016,0,NOT COLLISION W/MOTOR VEHICLE-TRANSPORT,21,CLEAR,3,DARK - LIGHTED,39,WALL,MM 207 8 I 40,NASHVILLE,TN,37208,54021,NORTH,36.1721,-86.8004,POINT (-86.8004 36.1721)
20190653514,09/01/2019 12:00:00 AM,2,0,0,,Y,299248,4,ANGLE,21,CLEAR,3,DARK - LIGHTED,12,MOTOR VEHICLE IN TRANSPORT,US HWY 41 & CONNECTING ROAD,NASHVILLE,TN,37217,8823,HERMIT,36.1224,-86.7054,POINT (-86.7054 36.1224)
20190582127,08/05/2019 05:31:00 PM,3,2,0,,N,151132,11,Front to Rear,21,CLEAR,1,DAYLIGHT,12;14;36;64,MOTOR VEHICLE IN TRANSPORT;PARKED MOTOR VEHICLE;CONCRETE TRAFFIC BARRIER;Ran Off Road-Left,MM 92 2 I 65,MADISON,TN,37115,2006,MADISO,36.2643,-86.7378,POINT (-86.7378 36.2643)