Accident Number,Date and Time,Number of Motor Vehicles,Number of Injuries,Number of Fatalities,Property Damage,Hit and Run,Reporting Officer,Collision Type Code,Collision Type Description,Weather Code,Weather Description,Illumination Code,Illumination Description,Harmful Code,Harmful Code Description,Street Address,City,State,ZIP,RPA,Precinct,Latitude,Longitude,Mapped Location
20190708119,09/24/2019 08:02:00 PM,2,2,0,,Y,179583,6,SIDESWIPE - OPPOSITE DIRECTION,21,CLEAR,3,DARK - LIGHTED,12,MOTOR VEHICLE IN TRANSPORT,BRILEY PKWYN & EAST THOMPSON LN,NASHVILLE,TN,37211,8423,SOUTH,36.1095,-86.7281,POINT (-86.7281 36.1095)
20190624601,08/21/2019 01:24:00 PM,2,0,0,,N,140804,11,Front to Rear,21,CLEAR,1,DAYLIGHT,12,MOTOR VEHICLE IN TRANSPORT,EASTLAND AV & N 16TH ST,NASHVILLE,TN,37206,1231,EAST,36.1831,-86.7408,POINT (-86.7408 36.1831)
20190720797,09/30/2019 08:22:00 AM,3,0,0,,N,226622,11,Front to Rear,22,CLOUDY,1,DAYLIGHT,12,MOTOR VEHICLE IN TRANSPORT,CHARLOTTE PKE & LILLY VALLEY WAY,NASHVILLE,TN,37209,4701,WEST,36.1258,-86.9092,POINT (-86.9092 36.1258)
20190833292,11/17/2019 12:00:00 AM,1,0,0,Y,Y,179602,0,NOT COLLISION W/MOTOR VEHICLE-TRANSPORT,99,UNKNOWN,9,UNKNOWN,19;30,BUILDING;UTILITY POLE,SOUTHERLAND DR & I65 S ENT RAMP,NASHVILLE,TN,37207,3021,NORTH,36.2177,-86.7755,POINT (-86.7755 36.2177)
20190851102,11/24/2019 07:30:00 PM,2,0,0,,Y,166477,9,UNKNOWN,21,CLEAR,3,DARK - LIGHTED,12;14,MOTOR VEHICLE IN TRANSPORT;PARKED MOTOR VEHICLE,BELL RD & CEDAR POINTE PKWY,ANTIOCH,TN,37013,8721,SOUTH,36.0447,-86.6639,POINT (-86.6639 36.0447)
20190734665,10/06/2019 12:15:00 AM,2,0,0,,N,352170,11,Front to Rear,21,CLEAR,3,DARK - LIGHTED,12,MOTOR VEHICLE IN TRANSPORT,ANTIOCH PKE & RICHARDS RD,ANTIOCH,TN,37013,8857,SOUTH,36.0688,-86.6774,POINT (-86.6774 36.0688)
20190719286,09/29/2019 01:30:00 PM,2,0,0,,Y,876581,11,Front to Rear,21,CLEAR,1,DAYLIGHT,12,MOTOR VEHICLE IN TRANSPORT,STATE HWY 45 & US HWY 31W,MADISON,TN,37115,2039,MADISO,36.2692,-86.7557,POINT (-86.7557 36.2692)
20190845718,11/22/2019 09:51:00 AM,3,1,0,,Y,306231,11,Front to Rear,2,RAIN,1,DAYLIGHT,12,MOTOR VEHICLE IN TRANSPORT,WHITES CREEK PKE & MOORMANS ARM RD,NASHVILLE,TN,37207,3033,NORTH,36.2182,-86.8035,POINT (-86.8035 36.2182)
20190623725,08/21/2019 07:14:00 AM,2,1,0,,N,109534,11,Front to Rear,21,CLEAR,1,DAYLIGHT,12,MOTOR VEHICLE IN TRANSPORT,SMITH SPRINGS RD & BELL RD,NASHVILLE,TN,37217,8965,HERMIT,36.0903,-86.6265,POINT (-86.6265 36.0903)
20190890948,12/12/2019 06:10:00 AM,2,0,0,,N,352179,11,Front to Rear,21,CLEAR,1,DAYLIGHT,12,MOTOR VEHICLE IN TRANSPORT,EXIT 92 & UNKNOWN RAMP,MADISON,TN,37115,2101,MADISO,36.2661,-86.7394,POINT (-86.7394 36.2661)
20190755764,10/15/2019 12:00:00 AM,2,0,0,,Y,384431,9,UNKNOWN,99,UNKNOWN,9,UNKNOWN,12;14,MOTOR VEHICLE IN TRANSPORT;PARKED MOTOR VEHICLE,DELTA AV & HUME ST,NASHVILLE,TN,37208,4345,NORTH,36.1783,-86.7965,POINT (-86.7965 36.1783)
20190910971,12/20/2019 06:20:00 PM,2,0,0,,N,384420,5,SIDESWIPE - SAME DIRECTION,21,CLEAR,3,DARK - LIGHTED,12,MOTOR VEHICLE IN TRANSPORT,MM 210 4 I 40,NASHVILLE,TN,37210,80022,SOUTH,36.1511,-86.7695,POINT (-86.7695 36.1511)
20190894624,12/13/2019 04:08:00 PM,1,1,0,,N,320597,0,NOT COLLISION W/MOTOR VEHICLE-TRANSPORT,2,RAIN,1,DAYLIGHT,1;34,DITCH,PACKARD DR & COLEMONT PL,ANTIOCH,TN,37013,8713,SOUTH,36.0639,-86.6916,POINT (-86.6916 36.0639)
20190708144,09/24/2019 08:13:00 PM,2,1,0,,N,179582,4,ANGLE,21,CLEAR,3,DARK - LIGHTED,12,MOTOR VEHICLE IN TRANSPORT,HAYWOOD LN & EZELL RD,NASHVILLE,TN,37211,8709,SOUTH,36.0696,-86.6944,POINT (-86.6944 36.0696)
20190790733,10/30/2019 05:45:00 AM,2,0,0,,N,226134,4,ANGLE,2,RAIN,3,DARK - LIGHTED,12,MOTOR VEHICLE IN TRANSPORT,STATE HWY 254 & RAMP,NASHVILLE,TN,37211,8717,SOUTH,36.0456,-86.7115,POINT (-86.7115 36.0456)
20190928223,12/29/2019 11:34:00 PM,1,1,0,Y,N,468098,0,NOT COLLISION W/MOTOR VEHICLE-TRANSPORT,2,RAIN,3,DARK - LIGHTED,25;30;47,GUARDRAIL END;UTILITY POLE;FIRE HYDRANT,LOCUSTWOOD DR & HAYWOOD LN,NASHVILLE,TN,37211,8711,SOUTH,36.069,-86.7032,POINT (-86.7032 36.069)
20190675388,09/11/2019 07:35:00 AM,2,0,0,,N,716886,5,SIDESWIPE - SAME DIRECTION,21,CLEAR,1,DAYLIGHT,12,MOTOR VEHICLE IN TRANSPORT,MURFREESBORO PKE & MOUNTAIN SPRINGS RD,ANTIOCH,TN,37013,8927,SOUTH,36.0478,-86.6121,POINT (-86.6121 36.0478)
20190698726,09/20/2019 01:15:00 PM,2,0,0,,N,279210,11,Front to Rear,21,CLEAR,1,DAYLIGHT,12,MOTOR VEHICLE IN TRANSPORT,I 440 & UNKNOWN RAMP,NASHVILLE,TN,37210,83043,SOUTH,36.1257,-86.7314,POINT (-86.7314 36.1257)
20190608586,08/15/2019 11:40:00 AM,2,0,0,,N,429188,4,ANGLE,21,CLEAR,1,DAYLIGHT,12,MOTOR VEHICLE IN TRANSPORT,BELL RD & CEDAR POINTE PKWY,ANTIOCH,TN,37013,8753,SOUTH,36.0449,-86.6671,POINT (-86.6671 36.0449)
20190795464,11/01/2019 06:20:00 AM,3,2,0,,N,299247,11,Front to Rear,21,CLEAR,7,Dark-Unknown Lighting,12,MOTOR VEHICLE IN TRANSPORT,SMITH SPRINGS RD & BUTLER RD,NASHVILLE,TN,37217,8981,HERMIT,36.0893,-86.6178,POINT (-86.6178 36.0893)
20190611762,08/16/2019 04:30:00 PM,2,2,0,,N,212343,4,ANGLE,21,CLEAR,1,DAYLIGHT,12,MOTOR VEHICLE IN TRANSPORT,INTERSTATE DR & WOODLAND ST,NASHVILLE,TN,37213,1105,CENTRA,36.1705,-86.7684,POINT (-86.7684 36.1705)
20190816723,11/10/2019 08:47:00 AM,2,1,0,,N,299243,5,SIDESWIPE - SAME DIRECTION,21,CLEAR,1,DAYLIGHT,12,MOTOR VEHICLE IN TRANSPORT,SPRING ST & N 1ST ST,NASHVILLE,TN,37213,1985,CENTRA,36.177,-86.7746,POINT (-86.7746 36.177)
20190863815,11/30/2019 08:54:00 PM,1,1,0,,N,298877,0,NOT COLLISION W/MOTOR VEHICLE-TRANSPORT,2,RAIN,3,DARK - LIGHTED,36,CONCRETE TRAFFIC BARRIER,MM 56 7 I 24,NASHVILLE,TN,37211,8810,SOUTH,36.0726,-86.6916,POINT (-86.6916 36.0726)
20190589486,08/08/2019 07:59:00 AM,2,0,0,,N,299247,4,ANGLE,22,CLOUDY,1,DAYLIGHT,12,MOTOR VEHICLE IN TRANSPORT,ROYAL PKWY & RACHEL DR,NASHVILLE,TN,37214,9103,HERMIT,36.147,-86.6722,POINT (-86.6722 36.147)
20190767942,10/20/2019 10:00:00 AM,2,1,0,Y,N,279227,4,ANGLE,21,CLEAR,1,DAYLIGHT,12,MOTOR VEHICLE IN TRANSPORT,MM 59 3 I 24,ANTIOCH,TN,37013,87061,SOUTH,36.0459,-86.6601,POINT (-86.6601 36.0459)
20190904729,12/18/2019 08:10:00 AM,3,2,0,,N,226622,11,Front to Rear,22,CLOUDY,1,DAYLIGHT,12;7,MOTOR VEHICLE IN TRANSPORT,CHARLOTTE AV & 36TH AVN,NASHVILLE,TN,37209,5241,WEST,36.1527,-86.8278,POINT (-86.8278 36.1527)
20190787964,10/29/2019 06:29:00 AM,2,0,0,,N,224437,2,HEAD-ON,21,CLEAR,2,DARK - NOT LIGHTED,1;12;68,MOTOR VEHICLE IN TRANSPORT;Cross Center Line,HOBSON PKE & LONDONVIEW PL,ANTIOCH,TN,37013,8907,SOUTH,36.0785,-86.5698,POINT (-86.5698 36.0785)
20190587996,08/07/2019 12:00:00 AM,2,0,0,,N,298861,4,ANGLE,21,CLEAR,5,DUSK,12,MOTOR VEHICLE IN TRANSPORT,CENTRAL PKE & CENTRAL PKE EXIT RAMP,HERMITAGE,TN,37076,95060,HERMIT,36.174,-86.6067,POINT (-86.6067 36.174)
20190601045,08/12/2019 05:53:00 PM,2,0,0,,Y,330445,5,SIDESWIPE - SAME DIRECTION,21,CLEAR,1,DAYLIGHT,12,MOTOR VEHICLE IN TRANSPORT,I440 ENT RAMP & I 65,NASHVILLE,TN,37204,7018,MIDTOW,36.1117,-86.7713,POINT (-86.7713 36.1117)
20190927632,12/29/2019 02:42:00 PM,1,1,0,,N,693098,0,NOT COLLISION W/MOTOR VEHICLE-TRANSPORT,2,RAIN,1,DAYLIGHT,71,EMBANKMENT EARTH,BRILEY PKWYS & BRILEY PKWYN,NASHVILLE,TN,37218,3212,NORTH,36.2142,-86.8724,POINT (-86.8724 36.2142)
20190724394,10/01/2019 05:10:00 PM,2,0,0,,N,352166,5,SIDESWIPE - SAME DIRECTION,21,CLEAR,1,DAYLIGHT,12,MOTOR VEHICLE IN TRANSPORT,4TH AVS & LAFAYETTE ST,NASHVILLE,TN,37203,4007,CENTRA,36.1515,-86.7711,POINT (-86.7711 36.1515)
20190782469,10/26/2019 06:30:00 PM,2,0,0,Y,N,256417,4,ANGLE,2,RAIN,2,DARK - NOT LIGHTED,12,MOTOR VEHICLE IN TRANSPORT,JACKSONIAN DR & BONNACREEK DR,HERMITAGE,TN,37076,9601,HERMIT,36.1957,-86.628,POINT (-86.628 36.1957)
20190877379,12/06/2019 10:21:00 AM,3,1,0,,Y,716886,11,Front to Rear,2,RAIN,1,DAYLIGHT,12,MOTOR VEHICLE IN TRANSPORT,I24E & I24 E ENT RAMP,NASHVILLE,TN,37210,8102,SOUTH,36.1363,-86.727,POINT (-86.727 36.1363)
20190806970,11/06/2019 03:30:00 AM,2,0,0,,N,279217,5,SIDESWIPE - SAME DIRECTION,21,CLEAR,3,DARK - LIGHTED,12,MOTOR VEHICLE IN TRANSPORT,MM 84 8 I 65,NASHVILLE,TN,37208,43021,NORTH,36.1768,-86.8008,POINT (-86.8008 36.1768)
20190836065,11/18/2019 04:39:00 PM,2,0,0,,N,580819,5,SIDESWIPE - SAME DIRECTION,22,CLOUDY,5,DUSK,12,MOTOR VEHICLE IN TRANSPORT,2ND AVS & LEA AV,NASHVILLE,TN,37210,4033,CENTRA,36.1554,-86.7709,POINT (-86.7709 36.1554)
20190885472,12/10/2019 05:30:00 AM,2,0,0,,N,352162,11,Front to Rear,2,RAIN,3,DARK - LIGHTED,12,MOTOR VEHICLE IN TRANSPORT,MM 48 6 I 24,NASHVILLE,TN,37206,1102,EAST,36.171,-86.7676,POINT (-86.7676 36.171)
20190889140,12/11/2019 02:05:00 PM,2,0,0,,N,580819,4,ANGLE,21,CLEAR,1,DAYLIGHT,12,MOTOR VEHICLE IN TRANSPORT,4TH AVS & ASH ST,NASHVILLE,TN,37210,4005,CENTRA,36.1523,-86.7716,POINT (-86.7716 36.1523)
20190896893,12/14/2019 06:45:00 PM,3,0,0,,N,225894,11,Front to Rear,22,CLOUDY,3,DARK - LIGHTED,12,MOTOR VEHICLE IN TRANSPORT,BRILEY PKWYS & BRILEY PKWYN,NASHVILLE,TN,37218,3212,NORTH,36.2142,-86.8724,POINT (-86.8724 36.2142)
20190763905,10/18/2019 12:35:00 PM,2,1,0,,N,306231,4,ANGLE,21,CLEAR,1,DAYLIGHT,12,MOTOR VEHICLE IN TRANSPORT,CLARKSVILLE PKE & 26TH AVN,NASHVILLE,TN,37208,4421,NORTH,36.1864,-86.8188,POINT (-86.8188 36.1864)
20190896088,12/14/2019 12:00:00 AM,1,0,0,,Y,352164,0,NOT COLLISION W/MOTOR VEHICLE-TRANSPORT,22,CLOUDY,1,DAYLIGHT,47,FIRE HYDRANT,RAYWOOD LN & BREWER DR,NASHVILLE,TN,37211,8715,SOUTH,36.0544,-86.7127,POINT (-86.7127 36.0544)
20190592538,08/09/2019 08:12:00 AM,2,0,0,,N,332216,11,Front to Rear,22,CLOUDY,1,DAYLIGHT,12,MOTOR VEHICLE IN TRANSPORT,CHARLOTTE AV & 12TH AVN,NASHVILLE,TN,37203,4151,CENTRA,36.1621,-86.7906,POINT (-86.7906 36.1621)
20190849163,11/23/2019 10:12:00 PM,2,0,0,,N,330436,5,SIDESWIPE - SAME DIRECTION,21,CLEAR,3,DARK - LIGHTED,12,MOTOR VEHICLE IN TRANSPORT,4TH AVS & ELM ST,NASHVILLE,TN,37210,4005,CENTRA,36.1533,-86.7722,POINT (-86.7722 36.1533)
20190903209,12/17/2019 04:30:00 PM,2,0,0,,Y,298877,5,SIDESWIPE - SAME DIRECTION,21,CLEAR,1,DAYLIGHT,12,MOTOR VEHICLE IN TRANSPORT,MM 54 6 I 24,NASHVILLE,TN,37211,84021,SOUTH,36.0994,-86.7109,POINT (-86.7109 36.0994)
20190838887,11/19/2019 06:00:00 PM,2,0,0,,N,594473,11,Front to Rear,21,CLEAR,7,Dark-Unknown Lighting,12,MOTOR VEHICLE IN TRANSPORT,8TH AVS & 8TH AVS,NASHVILLE,TN,37203,4041,CENTRA,36.1545,-86.7796,POINT (-86.7796 36.1545)
20190932624,12/31/2019 08:24:00 PM,2,0,0,,N,240983,4,ANGLE,21,CLEAR,2,DARK - NOT LIGHTED,12,MOTOR VEHICLE IN TRANSPORT,RURAL HILL RD & MURFREESBORO PKE,NASHVILLE,TN,37217,8939,HERMIT,36.0746,-86.6384,POINT (-86.6384 36.0746)
20190673815,09/10/2019 03:52:00 PM,2,0,0,,N,267831,11,Front to Rear,21,CLEAR,1,DAYLIGHT,12,MOTOR VEHICLE IN TRANSPORT,HILLSBORO PKE & HEMINGWAY DR,NASHVILLE,TN,37215,6203,WEST,36.0797,-86.8361,POINT (-86.8361 36.0797)
20190843437,11/21/2019 12:23:00 PM,2,0,0,,N,834798,4,ANGLE,21,CLEAR,1,DAYLIGHT,12,MOTOR VEHICLE IN TRANSPORT,21ST AVS & BERNARD AV,NASHVILLE,TN,37212,5901,MIDTOW,36.1313,-86.8015,POINT (-86.8015 36.1313)
20190780542,10/25/2019 05:35:00 PM,3,1,0,,N,717341,4,ANGLE,2,RAIN,3,DARK - LIGHTED,12,MOTOR VEHICLE IN TRANSPORT,ASHEFORD TRC & MT VIEW RD,ANTIOCH,TN,37013,8867,SOUTH,36.0453,-86.6284,POINT (-86.6284 36.0453)
20190736702,10/07/2019 04:26:00 AM,1,0,0,,N,352212,0,NOT COLLISION W/MOTOR VEHICLE-TRANSPORT,2,RAIN,3,DARK - LIGHTED,36,CONCRETE TRAFFIC BARRIER,MM 211 5 I 40,NASHVILLE,TN,37210,8204,HERMIT,36.1514,-86.7517,POINT (-86.7517 36.1514)
20190870196,12/03/2019 05:10:00 PM,2,0,0,,Y,352207,11,Front to Rear,21,CLEAR,3,DARK - LIGHTED,12,MOTOR VEHICLE IN TRANSPORT,MM 77 4 I 65,NASHVILLE,TN,37220,86042,MIDTOW,36.0772,-86.7665,POINT (-86.7665 36.0772)
20190893675,12/13/2019 06:45:00 AM,2,0,0,,N,320575,11,Front to Rear,2,RAIN,1,DAYLIGHT,12,MOTOR VEHICLE IN TRANSPORT,MURFREESBORO PKE & HAMILTON CHURCH RD,ANTIOCH,TN,37013,8865,SOUTH,36.0649,-86.6286,POINT (-86.6286 36.0649)
20190726655,10/02/2019 02:51:00 PM,2,1,0,,N,256389,11,Front to Rear,21,CLEAR,1,DAYLIGHT,12,MOTOR VEHICLE IN TRANSPORT,OLD HICKORY BLVD & FRANKLIN PIKE CIR,BRENTWOOD,TN,37027,8623,MIDTOW,36.0405,-86.7801,POINT (-86.7801 36.0405)
20190674292,09/10/2019 09:00:00 PM,2,0,0,Y,Y,352184,6,SIDESWIPE - OPPOSITE DIRECTION,22,CLOUDY,3,DARK - LIGHTED,14,PARKED MOTOR VEHICLE,LUCAS LN & W TRINITY LN,NASHVILLE,TN,37207,1863,EAST,36.2061,-86.7711,POINT (-86.7711 36.2061)
20190695059,09/19/2019 06:13:00 AM,2,0,0,,N,109534,5,SIDESWIPE - SAME DIRECTION,21,CLEAR,1,DAYLIGHT,12,MOTOR VEHICLE IN TRANSPORT,MM 212 0 I 40,NASHVILLE,TN,37210,90041,HERMIT,36.147,-86.7433,POINT (-86.7433 36.147)
20190660259,09/04/2019 05:14:00 PM,2,1,0,,N,256417,11,Front to Rear,21,CLEAR,1,DAYLIGHT,12,MOTOR VEHICLE IN TRANSPORT,OLD HICKORY BLVD & SHUTE LN,OLD HICKORY,TN,37138,9605,HERMIT,36.2323,-86.6247,POINT (-86.6247 36.2323)
20190758701,10/16/2019 11:20:00 AM,2,0,0,,N,384392,5,SIDESWIPE - SAME DIRECTION,21,CLEAR,1,DAYLIGHT,12,MOTOR VEHICLE IN TRANSPORT,DEMONBREUN ST & CONNECTING ROAD,NASHVILLE,TN,37203,5701,MIDTOW,36.153,-86.7898,POINT (-86.7898 36.153)
20190766890,10/19/2019 08:34:00 PM,2,0,0,,N,352214,11,Front to Rear,21,CLEAR,3,DARK - LIGHTED,12,MOTOR VEHICLE IN TRANSPORT,3RD AVS & DEMONBREUN ST,NASHVILLE,TN,37201,4065,CENTRA,36.16,-86.7747,POINT (-86.7747 36.16)
20190801948,11/04/2019 07:45:00 AM,2,3,0,,N,278580,4,ANGLE,21,CLEAR,1,DAYLIGHT,12,MOTOR VEHICLE IN TRANSPORT,AVONDALE CIR & BRICK CHURCH PKE,NASHVILLE,TN,37207,3021,NORTH,36.2091,-86.7779,POINT (-86.7779 36.2091)
20190670557,09/09/2019 11:04:00 AM,2,0,0,,N,620061,6,SIDESWIPE - OPPOSITE DIRECTION,21,CLEAR,1,DAYLIGHT,12,MOTOR VEHICLE IN TRANSPORT,BROADWAY & 19TH AVS,NASHVILLE,TN,37203,5705,MIDTOW,36.1511,-86.7964,POINT (-86.7964 36.1511)
20190593325,08/09/2019 02:09:00 PM,2,0,0,,N,299266,4,ANGLE,21,CLEAR,1,DAYLIGHT,12,MOTOR VEHICLE IN TRANSPORT,HICKORY HOLLOW PKWY & BELL RD,ANTIOCH,TN,37013,8863,SOUTH,36.0475,-86.656,POINT (-86.656 36.0475)
20190692795,09/18/2019 09:43:00 AM,2,0,0,,N,225773,4,ANGLE,21,CLEAR,1,DAYLIGHT,12,MOTOR VEHICLE IN TRANSPORT,WOODMONT BLVD & GOLF CLUB LN,NASHVILLE,TN,37215,6419,MIDTOW,36.1138,-86.8092,POINT (-86.8092 36.1138)
20190704661,09/23/2019 12:52:00 PM,1,0,0,Y,N,140808,0,NOT COLLISION W/MOTOR VEHICLE-TRANSPORT,22,CLOUDY,1,DAYLIGHT,38,FENCE,CHURCH STE & CLOVERLAND DR,BRENTWOOD,TN,37027,8623,MIDTOW,36.0332,-86.7751,POINT (-86.7751 36.0332)
20190803168,11/04/2019 05:12:00 PM,2,0,0,,Y,330435,11,Front to Rear,21,CLEAR,3,DARK - LIGHTED,12,MOTOR VEHICLE IN TRANSPORT,MM 48 2 I 24,NASHVILLE,TN,37207,1106,EAST,36.1729,-86.7693,POINT (-86.7693 36.1729)
20190660394,09/04/2019 03:40:00 PM,2,0,0,,N,240955,11,Front to Rear,21,CLEAR,1,DAYLIGHT,12;36,MOTOR VEHICLE IN TRANSPORT;CONCRETE TRAFFIC BARRIER,MM 58 0 I 24,ANTIOCH,TN,37013,88080,SOUTH,36.0584,-86.678,POINT (-86.678 36.0584)
20190826136,11/14/2019 07:35:00 AM,2,0,0,,Y,352179,11,Front to Rear,21,CLEAR,1,DAYLIGHT,12,MOTOR VEHICLE IN TRANSPORT,BRICK CHURCH PIKE & BRICK CHURCH LN,NASHVILLE,TN,37207,2033,MADISO,36.2441,-86.7803,POINT (-86.7803 36.2441)
20190835415,11/18/2019 11:09:00 AM,2,0,0,,N,226405,11,Front to Rear,22,CLOUDY,1,DAYLIGHT,12,MOTOR VEHICLE IN TRANSPORT,CHARLOTTE AV & 14TH AVN,NASHVILLE,TN,37203,5501,MIDTOW,36.1606,-86.7941,POINT (-86.7941 36.1606)
20190813239,11/08/2019 04:00:00 PM,3,0,0,Y,N,352156,4,ANGLE,21,CLEAR,1,DAYLIGHT,12;14,MOTOR VEHICLE IN TRANSPORT;PARKED MOTOR VEHICLE,ANTIOCH PKE & SOUTHLAKE DR,NASHVILLE,TN,37211,8407,SOUTH,36.1009,-86.7307,POINT (-86.7307 36.1009)
20190709385,09/25/2019 08:20:00 AM,2,0,0,,N,140804,11,Front to Rear,21,CLEAR,1,DAYLIGHT,12,MOTOR VEHICLE IN TRANSPORT,HART LN & ELLINGTON PKWY S EXT RAMP,NASHVILLE,TN,37207,1887,EAST,36.2186,-86.7481,POINT (-86.7481 36.2186)
20190710987,09/25/2019 09:00:00 PM,2,0,0,,N,134871,11,Front to Rear,21,CLEAR,3,DARK - LIGHTED,12,MOTOR VEHICLE IN TRANSPORT,2ND AVS & KOREAN VETERANS BLVD,NASHVILLE,TN,37201,4047,CENTRA,36.1576,-86.7724,POINT (-86.7724 36.1576)
20190627791,08/22/2019 04:15:00 PM,2,0,0,,N,256394,4,ANGLE,2,RAIN,1,DAYLIGHT,12,MOTOR VEHICLE IN TRANSPORT,STATE HWY 45 & RAMP,NASHVILLE,TN,37207,2133,MADISO,36.2693,-86.7562,POINT (-86.7562 36.2693)
20190586859,08/07/2019 10:34:00 AM,3,1,0,,N,716886,4,ANGLE,21,CLEAR,1,DAYLIGHT,12,MOTOR VEHICLE IN TRANSPORT,NOLENSVILLE RD & BURKITT RD,NOLENSVILLE,TN,37135,8773,SOUTH,35.9912,-86.6835,POINT (-86.6835 35.9912)
20190667576,09/07/2019 07:48:00 PM,2,0,0,,Y,212346,98,OTHER,21,CLEAR,3,DARK - LIGHTED,14;55,PARKED MOTOR VEHICLE;Motor Vehicle-In-Motion Outside Trafficw,N 1ST ST & MAIN ST,NASHVILLE,TN,37213,1133,CENTRA,36.1701,-86.7728,POINT (-86.7728 36.1701)
20190904610,12/18/2019 07:20:00 AM,1,1,0,,N,384423,0,NOT COLLISION W/MOTOR VEHICLE-TRANSPORT,21,CLEAR,1,DAYLIGHT,39,WALL,MM 0 7 I 440,NASHVILLE,TN,37209,5230,WEST,36.1534,-86.8228,POINT (-86.8228 36.1534)
20190810714,11/07/2019 02:33:00 PM,2,0,0,,Y,256389,11,Front to Rear,2,RAIN,1,DAYLIGHT,12,MOTOR VEHICLE IN TRANSPORT,BLACKMAN RD & DARLINGTON DR,NASHVILLE,TN,37211,8611,MIDTOW,36.0743,-86.7393,POINT (-86.7393 36.0743)
20190638030,08/26/2019 08:45:00 PM,1,3,0,Y,Y,151132,0,NOT COLLISION W/MOTOR VEHICLE-TRANSPORT,22,CLOUDY,3,DARK - LIGHTED,30;64,UTILITY POLE;Ran Off Road-Left,DOVERSIDE DR & HEALY DR,NASHVILLE,TN,37207,2033,MADISO,36.24,-86.7791,POINT (-86.7791 36.24)
20190691069,09/17/2019 06:21:00 PM,2,0,0,,N,320599,11,Front to Rear,21,CLEAR,5,DUSK,12,MOTOR VEHICLE IN TRANSPORT,LEBANON PKE & JACKSON DOWNS BLVD,NASHVILLE,TN,37214,9403,HERMIT,36.1854,-86.6362,POINT (-86.6362 36.1854)
20190739289,10/08/2019 07:25:00 AM,2,0,0,,Y,191578,4,ANGLE,22,CLOUDY,1,DAYLIGHT,12,MOTOR VEHICLE IN TRANSPORT,ELM HILL PKE & FESSLERS LN,NASHVILLE,TN,37210,8217,HERMIT,36.1447,-86.744,POINT (-86.744 36.1447)
20190631246,08/23/2019 06:53:00 PM,2,0,0,,N,256383,5,SIDESWIPE - SAME DIRECTION,21,CLEAR,3,DARK - LIGHTED,12,MOTOR VEHICLE IN TRANSPORT,COUNTRY WAY RD & SEBETHA CT,ANTIOCH,TN,37013,8925,SOUTH,36.0737,-86.5972,POINT (-86.5972 36.0737)
20190872317,12/04/2019 11:28:00 AM,2,0,0,,Y,306231,6,SIDESWIPE - OPPOSITE DIRECTION,21,CLEAR,1,DAYLIGHT,12,MOTOR VEHICLE IN TRANSPORT,EATONS CREEK RD & BINKLEY RD,JOELTON,TN,37080,3331,NORTH,36.3208,-86.8742,POINT (-86.8742 36.3208)
20190739750,10/08/2019 12:10:00 PM,2,0,0,,N,665896,11,Front to Rear,21,CLEAR,1,DAYLIGHT,12,MOTOR VEHICLE IN TRANSPORT,LUCAS LN & W TRINITY LN,NASHVILLE,TN,37207,1863,EAST,36.2061,-86.7711,POINT (-86.7711 36.2061)
20190735401,10/06/2019 09:46:00 AM,2,0,0,,N,584947,4,ANGLE,2,RAIN,1,DAYLIGHT,12,MOTOR VEHICLE IN TRANSPORT,FRANKLIN PKE & HARDING PL,NASHVILLE,TN,37204,7027,MIDTOW,36.0866,-86.772,POINT (-86.772 36.0866)
20190795691,11/01/2019 08:40:00 AM,3,1,0,,N,191578,11,Front to Rear,21,CLEAR,1,DAYLIGHT,12,MOTOR VEHICLE IN TRANSPORT,MM 49 5 I 24,NASHVILLE,TN,37210,4008,CENTRA,36.1588,-86.7604,POINT (-86.7604 36.1588)
20190882067,12/08/2019 07:00:00 PM,2,0,0,,Y,352207,11,Front to Rear,21,CLEAR,3,DARK - LIGHTED,12,MOTOR VEHICLE IN TRANSPORT,NORTHCREST DR & NOLENSVILLE PKE,NASHVILLE,TN,37211,8711,SOUTH,36.0667,-86.7179,POINT (-86.7179 36.0667)
20190758232,10/16/2019 07:15:00 AM,2,0,0,,Y,352174,4,ANGLE,22,CLOUDY,1,DAYLIGHT,12,MOTOR VEHICLE IN TRANSPORT,OLD HICKORY BLVD & EDMONDSON PKE,NASHVILLE,TN,37220,8615,MIDTOW,36.04,-86.7435,POINT (-86.7435 36.04)
20190910806,12/20/2019 05:05:00 PM,2,0,0,,N,256383,11,Front to Rear,21,CLEAR,2,DARK - NOT LIGHTED,12,MOTOR VEHICLE IN TRANSPORT,MM 54 2 I 24,NASHVILLE,TN,37211,88122,SOUTH,36.1038,-86.7151,POINT (-86.7151 36.1038)
20190724896,10/01/2019 10:08:00 PM,2,0,0,,N,240983,4,ANGLE,21,CLEAR,2,DARK - NOT LIGHTED,12,MOTOR VEHICLE IN TRANSPORT,MM 61 3 I 24,ANTIOCH,TN,37013,8806,SOUTH,36.0272,-86.6346,POINT (-86.6346 36.0272)
20190791053,10/30/2019 09:44:00 AM,2,0,0,,N,262749,5,SIDESWIPE - SAME DIRECTION,2,RAIN,1,DAYLIGHT,12,MOTOR VEHICLE IN TRANSPORT,MM 211 8 I 40,NASHVILLE,TN,37210,90022,HERMIT,36.149,-86.7465,POINT (-86.7465 36.149)
20190838208,11/19/2019 12:44:00 PM,2,0,0,,N,320574,5,SIDESWIPE - SAME DIRECTION,21,CLEAR,1,DAYLIGHT,12,MOTOR VEHICLE IN TRANSPORT,MCGAVOCK PKE & LEBANON PKE,NASHVILLE,TN,37214,9307,HERMIT,36.1697,-86.6798,POINT (-86.6798 36.1697)