Accident Number,Date and Time,Number of Motor Vehicles,Number of Injuries,Number of Fatalities,Property Damage,Hit and Run,Reporting Officer,Collision Type Code,Collision Type Description,Weather Code,Weather Description,Illumination Code,Illumination Description,Harmful Code,Harmful Code Description,Street Address,City,State,ZIP,RPA,Precinct,Latitude,Longitude,Mapped Location
20190838617,11/19/2019 03:40:00 PM,2,0,0,,N,352192,11,Front to Rear,21,CLEAR,1,DAYLIGHT,12,MOTOR VEHICLE IN TRANSPORT,OLD HICKORY BLVD & CHICKERING RD,NASHVILLE,TN,37221,6215,WEST,36.0505,-86.8767,POINT (-86.8767 36.0505)
20190685578,09/15/2019 12:56:00 AM,1,0,0,Y,Y,876581,0,NOT COLLISION W/MOTOR VEHICLE-TRANSPORT,21,CLEAR,2,DARK - NOT LIGHTED,40,MAIL BOX,DIANE DR & RONNIE RD,MADISON,TN,37115,1745,MADISO,36.2673,-86.7262,POINT (-86.7262 36.2673)
20190583584,08/06/2019 06:50:00 AM,2,0,0,,N,226622,4,ANGLE,22,CLOUDY,1,DAYLIGHT,12,MOTOR VEHICLE IN TRANSPORT,I40 W EXT RAMP & BRILEY PKWY,NASHVILLE,TN,37209,4696,WEST,36.153,-86.8574,POINT (-86.8574 36.153)
20190721449,09/30/2019 02:40:00 PM,1,1,0,,N,716886,0,NOT COLLISION W/MOTOR VEHICLE-TRANSPORT,21,CLEAR,1,DAYLIGHT,7,,MM 61 2 I 24,ANTIOCH,TN,37013,87040,SOUTH,36.028,-86.6359,POINT (-86.6359 36.028)
20190639065,08/27/2019 07:43:00 AM,2,1,0,,N,334981,11,Front to Rear,22,CLOUDY,1,DAYLIGHT,12,MOTOR VEHICLE IN TRANSPORT,500 RURAL HILL RD,NASHVILLE,TN,37217,8981,HERMIT,36.082,-86.6232,POINT (-86.6232 36.082)
20190765272,10/19/2019 12:00:00 AM,2,0,0,,N,330441,5,SIDESWIPE - SAME DIRECTION,21,CLEAR,3,DARK - LIGHTED,12,MOTOR VEHICLE IN TRANSPORT,MM 86 5 I 65,NASHVILLE,TN,37207,3006,NORTH,36.1946,-86.7762,POINT (-86.7762 36.1946)
20190841926,11/20/2019 08:46:00 PM,1,0,0,Y,N,192872,0,NOT COLLISION W/MOTOR VEHICLE-TRANSPORT,21,CLEAR,3,DARK - LIGHTED,19,BUILDING,DICKERSON PKE & OAK VALLEY DR,NASHVILLE,TN,37207,1811,EAST,36.2305,-86.7591,POINT (-86.7591 36.2305)
20190682023,09/13/2019 05:00:00 PM,2,1,0,Y,N,352156,4,ANGLE,21,CLEAR,1,DAYLIGHT,12,MOTOR VEHICLE IN TRANSPORT,PETTUS RD & PRESTON RD,ANTIOCH,TN,37013,8763,SOUTH,36.0207,-86.665,POINT (-86.665 36.0207)
20190584875,08/06/2019 04:25:00 PM,2,0,0,,N,256384,11,Front to Rear,21,CLEAR,1,DAYLIGHT,12,MOTOR VEHICLE IN TRANSPORT,FOSTER AV & TPS COMPLEX PVTDR,NASHVILLE,TN,37210,8113,SOUTH,36.1305,-86.7418,POINT (-86.7418 36.1305)
20190932084,12/31/2019 03:15:00 PM,2,0,0,,N,909486,2,HEAD-ON,21,CLEAR,1,DAYLIGHT,12,MOTOR VEHICLE IN TRANSPORT,NOLENSVILLE PKE & BRENTWOOD EAST DR,NASHVILLE,TN,37211,8651,MIDTOW,36.0442,-86.7131,POINT (-86.7131 36.0442)
20190815627,11/09/2019 08:22:00 PM,4,0,0,,N,330445,5,SIDESWIPE - SAME DIRECTION,21,CLEAR,3,DARK - LIGHTED,1;12;14,MOTOR VEHICLE IN TRANSPORT;PARKED MOTOR VEHICLE,17TH AVS & EDGEHILL AV,NASHVILLE,TN,37212,6707,MIDTOW,36.1443,-86.7943,POINT (-86.7943 36.1443)
20190859898,11/28/2019 05:30:00 PM,1,1,0,,N,179599,0,NOT COLLISION W/MOTOR VEHICLE-TRANSPORT,22,CLOUDY,3,DARK - LIGHTED,8,PEDESTRIAN,22ND AVN & CHARLOTTE AV,NASHVILLE,TN,37209,5339,NORTH,36.1569,-86.8074,POINT (-86.8074 36.1569)
20190600781,08/12/2019 03:33:00 PM,2,0,0,,Y,151132,11,Front to Rear,21,CLEAR,1,DAYLIGHT,12,MOTOR VEHICLE IN TRANSPORT,MYATT DR & MYATT CENTER LN,MADISON,TN,37115,1715,MADISO,36.2468,-86.6694,POINT (-86.6694 36.2468)
20190861091,11/29/2019 11:28:00 AM,1,0,0,,N,134899,0,NOT COLLISION W/MOTOR VEHICLE-TRANSPORT,21,CLEAR,1,DAYLIGHT,42,TREE,WEBER RD & OLD LEBANON DIRT RD,HERMITAGE,TN,37076,9507,HERMIT,36.1903,-86.613,POINT (-86.613 36.1903)
20190761340,10/17/2019 12:28:00 PM,1,1,0,Y,N,191578,0,NOT COLLISION W/MOTOR VEHICLE-TRANSPORT,21,CLEAR,1,DAYLIGHT,25,GUARDRAIL END,LEBANON PKE & J B ESTILLE DR,NASHVILLE,TN,37214,9125,HERMIT,36.1687,-86.6669,POINT (-86.6669 36.1687)
20190843165,11/21/2019 09:50:00 AM,2,0,0,,N,384445,4,ANGLE,22,CLOUDY,1,DAYLIGHT,12,MOTOR VEHICLE IN TRANSPORT,WHITE BRIDGE PKE & CHARLOTTE PKE,NASHVILLE,TN,37209,5033,WEST,36.1494,-86.8579,POINT (-86.8579 36.1494)
20190914554,12/22/2019 05:09:00 PM,1,0,0,,N,384392,0,NOT COLLISION W/MOTOR VEHICLE-TRANSPORT,2,RAIN,2,DARK - NOT LIGHTED,30,UTILITY POLE,MCCRORY LN & NEWSOM STATION RD,NASHVILLE,TN,37221,4713,WEST,36.0784,-87.0219,POINT (-87.0219 36.0784)
20190664029,09/06/2019 07:54:00 AM,2,0,0,,N,571313,11,Front to Rear,21,CLEAR,1,DAYLIGHT,12,MOTOR VEHICLE IN TRANSPORT,MM 78 2 I 65,NASHVILLE,TN,37204,7002,MIDTOW,36.0883,-86.763,POINT (-86.763 36.0883)
20190634570,08/25/2019 10:00:00 AM,2,0,0,,Y,320588,4,ANGLE,22,CLOUDY,1,DAYLIGHT,12,MOTOR VEHICLE IN TRANSPORT,JEFFERSON ST & REV DR ENOCH JONES BLVD,NASHVILLE,TN,37208,4239,NORTH,36.1727,-86.7938,POINT (-86.7938 36.1727)
20190855690,11/26/2019 05:30:00 PM,2,0,0,,Y,256427,5,SIDESWIPE - SAME DIRECTION,2,RAIN,3,DARK - LIGHTED,12,MOTOR VEHICLE IN TRANSPORT,MM 211 1 I 40,NASHVILLE,TN,37210,8008,HERMIT,36.1539,-86.7571,POINT (-86.7571 36.1539)
20190871973,12/04/2019 08:35:00 AM,2,1,0,,N,226306,4,ANGLE,21,CLEAR,1,DAYLIGHT,12,MOTOR VEHICLE IN TRANSPORT,CHARLOTTE PKE & I40 W ENT RAMP,NASHVILLE,TN,37209,4701,WEST,36.1304,-86.8994,POINT (-86.8994 36.1304)
20190915106,12/22/2019 04:50:00 PM,1,0,0,,N,212327,0,NOT COLLISION W/MOTOR VEHICLE-TRANSPORT,99,UNKNOWN,5,DUSK,50,DEER (ANIMAL),HAMILTON CHURCH RD & ZELIDA AV,ANTIOCH,TN,37013,8865,SOUTH,36.055,-86.6366,POINT (-86.6366 36.055)
20190850205,11/24/2019 11:20:00 AM,2,0,0,,Y,298864,5,SIDESWIPE - SAME DIRECTION,21,CLEAR,1,DAYLIGHT,12,MOTOR VEHICLE IN TRANSPORT,GALLATIN PKES & MAPLE ST,MADISON,TN,37115,1607,MADISO,36.2617,-86.7124,POINT (-86.7124 36.2617)
20190593395,08/09/2019 03:22:00 PM,2,1,0,,N,212338,98,OTHER,21,CLEAR,1,DAYLIGHT,12,MOTOR VEHICLE IN TRANSPORT,LOUISE DR & THOMPSON LN,NASHVILLE,TN,37211,8313,MIDTOW,36.1111,-86.7474,POINT (-86.7474 36.1111)
20190798350,11/02/2019 12:25:00 PM,1,0,0,Y,N,420034,0,NOT COLLISION W/MOTOR VEHICLE-TRANSPORT,21,CLEAR,1,DAYLIGHT,18,OTHER OBJECT (NOT FIXED),BOYD DR & BUENAVIEW BLVD,NASHVILLE,TN,37218,3107,NORTH,36.2279,-86.8274,POINT (-86.8274 36.2279)
20190700521,09/21/2019 10:15:00 AM,2,0,0,,N,402660,4,ANGLE,21,CLEAR,1,DAYLIGHT,1;12,MOTOR VEHICLE IN TRANSPORT,HIGHWAY 100 & OLD HICKORY BLVD,NASHVILLE,TN,37221,6213,WEST,36.0609,-86.9153,POINT (-86.9153 36.0609)
20190751624,10/13/2019 03:35:00 PM,2,0,0,,Y,320599,4,ANGLE,21,CLEAR,1,DAYLIGHT,12,MOTOR VEHICLE IN TRANSPORT,EDGE O LAKE DR & MURFREESBORO PKE,NASHVILLE,TN,37217,8939,HERMIT,36.0797,-86.6443,POINT (-86.6443 36.0797)
20190761342,10/17/2019 11:55:00 AM,2,0,0,,N,140808,11,Front to Rear,21,CLEAR,1,DAYLIGHT,12,MOTOR VEHICLE IN TRANSPORT,NOLENSVILLE PKE & HARDING PL,NASHVILLE,TN,37211,8445,SOUTH,36.0809,-86.7267,POINT (-86.7267 36.0809)
20190796358,11/01/2019 02:54:00 PM,2,0,0,,N,279214,4,ANGLE,21,CLEAR,1,DAYLIGHT,12,MOTOR VEHICLE IN TRANSPORT,ACKLEN AV & 12TH AVS,NASHVILLE,TN,37204,6943,MIDTOW,36.1338,-86.7888,POINT (-86.7888 36.1338)
20190837829,11/19/2019 09:30:00 AM,2,0,0,,Y,352167,5,SIDESWIPE - SAME DIRECTION,21,CLEAR,1,DAYLIGHT,12,MOTOR VEHICLE IN TRANSPORT,MT VIEW RD & HICKORY HOLLOW PKWY,ANTIOCH,TN,37013,8859,SOUTH,36.0588,-86.6705,POINT (-86.6705 36.0588)
20190680970,09/13/2019 05:56:00 AM,2,0,0,,Y,716886,5,SIDESWIPE - SAME DIRECTION,21,CLEAR,1,DAYLIGHT,12,MOTOR VEHICLE IN TRANSPORT,MM 57 6 I 24,ANTIOCH,TN,37013,87060,SOUTH,36.0629,-86.6829,POINT (-86.6829 36.0629)
20190924317,12/27/2019 05:40:00 PM,2,0,0,,N,309262,5,SIDESWIPE - SAME DIRECTION,21,CLEAR,1,DAYLIGHT,12,MOTOR VEHICLE IN TRANSPORT,GALLATIN PKEN & SHEPHERD HILLS DR,MADISON,TN,37115,1731,MADISO,36.3009,-86.6946,POINT (-86.6946 36.3009)
20190910379,12/20/2019 12:21:00 PM,2,0,0,,N,384403,4,ANGLE,21,CLEAR,1,DAYLIGHT,12,MOTOR VEHICLE IN TRANSPORT,HARDING PL & METROPLEX DR,NASHVILLE,TN,37211,8889,SOUTH,36.0868,-86.6959,POINT (-86.6959 36.0868)
20190654822,09/02/2019 01:24:00 PM,2,1,0,Y,Y,716886,0,NOT COLLISION W/MOTOR VEHICLE-TRANSPORT,21,CLEAR,1,DAYLIGHT,1;34;38;40;42;7,DITCH;FENCE;MAIL BOX;TREE,BURKITT RD & OLD BURKITT RD,ANTIOCH,TN,37013,8767,SOUTH,35.9913,-86.6822,POINT (-86.6822 35.9913)
20190671147,09/09/2019 02:37:00 PM,2,0,0,,Y,279208,98,OTHER,21,CLEAR,1,DAYLIGHT,14,PARKED MOTOR VEHICLE,14TH AVS & DEMONBREUN ST,NASHVILLE,TN,37203,6721,MIDTOW,36.1536,-86.7884,POINT (-86.7884 36.1536)
20190586383,08/07/2019 06:40:00 AM,2,0,0,,N,594473,5,SIDESWIPE - SAME DIRECTION,21,CLEAR,1,DAYLIGHT,12,MOTOR VEHICLE IN TRANSPORT,MM 4 1 I 440,NASHVILLE,TN,37204,7012,MIDTOW,36.116,-86.7865,POINT (-86.7865 36.116)
20190907513,12/19/2019 09:30:00 AM,2,0,0,,N,571313,11,Front to Rear,21,CLEAR,1,DAYLIGHT,12,MOTOR VEHICLE IN TRANSPORT,MM 81 1 I 65,NASHVILLE,TN,37204,80040,MIDTOW,36.1313,-86.7738,POINT (-86.7738 36.1313)
20190778080,10/24/2019 04:21:00 PM,3,1,0,,N,320579,4,ANGLE,21,CLEAR,1,DAYLIGHT,12;30,MOTOR VEHICLE IN TRANSPORT;UTILITY POLE,S 6TH ST & WOODLAND ST,NASHVILLE,TN,37206,1117,EAST,36.1726,-86.7628,POINT (-86.7628 36.1726)
20190648742,08/30/2019 07:57:00 PM,2,2,0,,N,693098,5,SIDESWIPE - SAME DIRECTION,21,CLEAR,3,DARK - LIGHTED,12;34,MOTOR VEHICLE IN TRANSPORT;DITCH,MM 203 9 I 40,NASHVILLE,TN,37209,50024,WEST,36.152,-86.8588,POINT (-86.8588 36.152)
20190678461,09/12/2019 10:51:00 AM,2,0,0,,N,225773,4,ANGLE,21,CLEAR,1,DAYLIGHT,12,MOTOR VEHICLE IN TRANSPORT,NOLENSVILLE PKE & CENTRAL AV,NASHVILLE,TN,37210,8315,SOUTH,36.114,-86.7468,POINT (-86.7468 36.114)
20190831412,11/16/2019 12:59:00 PM,1,0,0,,Y,620072,0,NOT COLLISION W/MOTOR VEHICLE-TRANSPORT,21,CLEAR,1,DAYLIGHT,8,PEDESTRIAN,WEST END AV & 23RD AVN,NASHVILLE,TN,37203,5715,MIDTOW,36.1489,-86.8046,POINT (-86.8046 36.1489)
20190802864,11/04/2019 02:40:00 PM,2,0,0,,Y,179606,9,UNKNOWN,21,CLEAR,1,DAYLIGHT,12;36,MOTOR VEHICLE IN TRANSPORT;CONCRETE TRAFFIC BARRIER,I440 W ENT RAMP & I 440,NASHVILLE,TN,37211,8043,MIDTOW,36.1238,-86.7516,POINT (-86.7516 36.1238)
20190901952,12/17/2019 07:08:00 AM,2,0,0,,N,665896,11,Front to Rear,2,RAIN,1,DAYLIGHT,12,MOTOR VEHICLE IN TRANSPORT,ELLINGTON PKWYS & ELLINGTON PKWY S EXT R,NASHVILLE,TN,37207,18960,EAST,36.1953,-86.7527,POINT (-86.7527 36.1953)
20190585270,08/06/2019 07:10:00 PM,2,0,0,,N,212330,5,SIDESWIPE - SAME DIRECTION,22,CLOUDY,2,DARK - NOT LIGHTED,12,MOTOR VEHICLE IN TRANSPORT,MM 57 3 I 24,ANTIOCH,TN,37013,88080,SOUTH,36.0663,-86.6861,POINT (-86.6861 36.0663)
20190664677,09/06/2019 01:49:00 PM,1,0,0,Y,N,191578,0,NOT COLLISION W/MOTOR VEHICLE-TRANSPORT,21,CLEAR,1,DAYLIGHT,30;34,UTILITY POLE;DITCH,LEBANON PKE & MUNN RD,NASHVILLE,TN,37214,9401,HERMIT,36.1684,-86.6569,POINT (-86.6569 36.1684)
20190819331,11/11/2019 03:00:00 PM,2,0,0,,N,225894,11,Front to Rear,2,RAIN,1,DAYLIGHT,12,MOTOR VEHICLE IN TRANSPORT,MM 217 9 I 40,NASHVILLE,TN,37214,94040,HERMIT,36.1411,-86.658,POINT (-86.658 36.1411)
20190616246,08/18/2019 01:34:00 PM,2,0,0,,N,579971,4,ANGLE,21,CLEAR,1,DAYLIGHT,12,MOTOR VEHICLE IN TRANSPORT,HAMILTON CHURCH RD & MURFREESBORO PKE,ANTIOCH,TN,37013,8865,SOUTH,36.0645,-86.6288,POINT (-86.6288 36.0645)
20190725909,10/02/2019 08:51:00 AM,3,0,0,,Y,109534,11,Front to Rear,21,CLEAR,1,DAYLIGHT,12;99,MOTOR VEHICLE IN TRANSPORT;UNKNOWN MOST HARMFUL EVENT,LEBANON PKE & SPENCE LN,NASHVILLE,TN,37210,9019,HERMIT,36.1537,-86.7214,POINT (-86.7214 36.1537)
20190734015,10/05/2019 04:31:00 PM,2,2,0,Y,N,299241,2,HEAD-ON,21,CLEAR,1,DAYLIGHT,12,MOTOR VEHICLE IN TRANSPORT,DONELSON PKE & COLONIAL CIR,NASHVILLE,TN,37214,9113,HERMIT,36.1634,-86.664,POINT (-86.664 36.1634)
20190716133,09/27/2019 09:41:00 PM,1,0,0,Y,Y,179582,0,NOT COLLISION W/MOTOR VEHICLE-TRANSPORT,21,CLEAR,3,DARK - LIGHTED,32;40,CULVERT;MAIL BOX,PACKARD DR & CREEKSIDE DR,ANTIOCH,TN,37013,8713,SOUTH,36.0634,-86.7015,POINT (-86.7015 36.0634)
20190659031,09/04/2019 07:20:00 AM,4,0,0,,Y,493309,11,Front to Rear,21,CLEAR,1,DAYLIGHT,12,MOTOR VEHICLE IN TRANSPORT,N GRAYCROFT AV & OLD HICKORY BLVDW,MADISON,TN,37115,1745,MADISO,36.2648,-86.7323,POINT (-86.7323 36.2648)
20190633346,08/24/2019 06:50:00 PM,2,2,0,Y,N,887598,5,SIDESWIPE - SAME DIRECTION,21,CLEAR,1,DAYLIGHT,12,MOTOR VEHICLE IN TRANSPORT,MM 207 2 I 40,NASHVILLE,TN,37208,54020,NORTH,36.1698,-86.8089,POINT (-86.8089 36.1698)
20190863660,11/30/2019 06:26:00 PM,3,0,0,,Y,352156,6,SIDESWIPE - OPPOSITE DIRECTION,2,RAIN,3,DARK - LIGHTED,12,MOTOR VEHICLE IN TRANSPORT,HARDING PL & MCGAVOCK PKE,NASHVILLE,TN,37211,8847,SOUTH,36.0896,-86.6884,POINT (-86.6884 36.0896)
20190770892,10/21/2019 06:58:00 PM,2,0,0,,N,151132,11,Front to Rear,22,CLOUDY,3,DARK - LIGHTED,12,MOTOR VEHICLE IN TRANSPORT,MM 94 4 I 65,MADISON,TN,37115,17042,MADISO,36.2921,-86.7207,POINT (-86.7207 36.2921)
20190777004,10/24/2019 07:30:00 AM,2,0,0,,N,179602,11,Front to Rear,21,CLEAR,1,DAYLIGHT,12,MOTOR VEHICLE IN TRANSPORT,OLD HICKORY BLVD & LICKTON PKE,WHITES CREEK,TN,37189,3227,NORTH,36.2736,-86.8173,POINT (-86.8173 36.2736)
20190691787,09/18/2019 12:33:00 AM,1,0,0,,N,279203,0,NOT COLLISION W/MOTOR VEHICLE-TRANSPORT,21,CLEAR,3,DARK - LIGHTED,33,CURB,UNION ST EXT RAMP & UNION ST,NASHVILLE,TN,37201,4135,CENTRA,36.166,-86.7778,POINT (-86.7778 36.166)
20190866311,12/02/2019 06:58:00 AM,1,0,0,,N,161952,0,NOT COLLISION W/MOTOR VEHICLE-TRANSPORT,22,CLOUDY,1,DAYLIGHT,36,CONCRETE TRAFFIC BARRIER,BRILEY PKWYS & BRILEY PKWY S EXT RAMP,NASHVILLE,TN,37210,9098,HERMIT,36.148,-86.6929,POINT (-86.6929 36.148)
20190823833,11/13/2019 08:45:00 AM,2,0,0,,N,226134,11,Front to Rear,21,CLEAR,1,DAYLIGHT,12,MOTOR VEHICLE IN TRANSPORT,MM 54 5 I 24,NASHVILLE,TN,37211,84021,SOUTH,36.0999,-86.7113,POINT (-86.7113 36.0999)
20190911084,12/20/2019 07:50:00 PM,2,0,0,,N,420040,5,SIDESWIPE - SAME DIRECTION,21,CLEAR,3,DARK - LIGHTED,12,MOTOR VEHICLE IN TRANSPORT,MM 3 0 I 440,NASHVILLE,TN,37215,6424,MIDTOW,36.1201,-86.8026,POINT (-86.8026 36.1201)
20190712332,09/26/2019 10:52:00 AM,3,0,0,,N,384439,11,Front to Rear,21,CLEAR,1,DAYLIGHT,12,MOTOR VEHICLE IN TRANSPORT,I65 S EXT RAMP & I 65,MADISON,TN,37115,20044,MADISO,36.2481,-86.743,POINT (-86.743 36.2481)
20190678965,09/12/2019 02:52:00 PM,2,0,0,,N,169425,5,SIDESWIPE - SAME DIRECTION,21,CLEAR,1,DAYLIGHT,12,MOTOR VEHICLE IN TRANSPORT,MM 210 0 I 40,NASHVILLE,TN,37203,8002,MIDTOW,36.1484,-86.7771,POINT (-86.7771 36.1484)
20190916669,12/23/2019 06:30:00 PM,2,0,0,,Y,320581,5,SIDESWIPE - SAME DIRECTION,22,CLOUDY,3,DARK - LIGHTED,12,MOTOR VEHICLE IN TRANSPORT,9TH AVN & CLAY ST,NASHVILLE,TN,37228,4445,NORTH,36.1852,-86.8035,POINT (-86.8035 36.1852)
20190703618,09/23/2019 02:17:00 AM,1,1,0,,N,384446,0,NOT COLLISION W/MOTOR VEHICLE-TRANSPORT,21,CLEAR,3,DARK - LIGHTED,1,,MURFREESBORO PKE & MOUNTAIN SPRINGS RD,ANTIOCH,TN,37013,8927,SOUTH,36.0478,-86.6121,POINT (-86.6121 36.0478)
20190800192,11/03/2019 08:42:00 AM,4,5,1,,N,352159,11,Front to Rear,21,CLEAR,1,DAYLIGHT,12,MOTOR VEHICLE IN TRANSPORT,BRILEY PKWYE & BRILEY PKWY E EXT RAMP,NASHVILLE,TN,37216,1588,EAST,36.2394,-86.7439,POINT (-86.7439 36.2394)
20190717849,09/28/2019 06:43:00 PM,3,1,0,,N,256394,11,Front to Rear,21,CLEAR,3,DARK - LIGHTED,12,MOTOR VEHICLE IN TRANSPORT,MM 214 9 I 40,NASHVILLE,TN,37217,8902,HERMIT,36.1442,-86.6969,POINT (-86.6969 36.1442)
20190721663,09/30/2019 04:11:00 PM,2,0,0,,N,256426,11,Front to Rear,21,CLEAR,1,DAYLIGHT,12,MOTOR VEHICLE IN TRANSPORT,ELM HILL PKE & MASSMAN DR,NASHVILLE,TN,37210,9017,HERMIT,36.1449,-86.711,POINT (-86.711 36.1449)
20190625095,08/21/2019 04:07:00 PM,2,0,0,,N,240968,5,SIDESWIPE - SAME DIRECTION,21,CLEAR,1,DAYLIGHT,12,MOTOR VEHICLE IN TRANSPORT,BRILEY PKWYS & BRILEY PKWY S ENT RAMP,NASHVILLE,TN,37211,88962,SOUTH,36.1103,-86.7197,POINT (-86.7197 36.1103)
20190709190,09/25/2019 06:30:00 AM,2,0,0,,N,352178,11,Front to Rear,22,CLOUDY,1,DAYLIGHT,12,MOTOR VEHICLE IN TRANSPORT,MM 35 3 I 24,JOELTON,TN,37080,22121,NORTH,36.3231,-86.8612,POINT (-86.8612 36.3231)
20190829473,11/15/2019 02:38:00 PM,2,0,0,,N,405418,11,Front to Rear,21,CLEAR,1,DAYLIGHT,12,MOTOR VEHICLE IN TRANSPORT,HARDING PL & BELMONT PARK TER,NASHVILLE,TN,37215,6401,MIDTOW,36.0895,-86.8048,POINT (-86.8048 36.0895)
20190902335,12/17/2019 09:59:00 AM,2,0,0,,N,169421,11,Front to Rear,22,CLOUDY,1,DAYLIGHT,12,MOTOR VEHICLE IN TRANSPORT,MM 87 8 I 65,NASHVILLE,TN,37207,1804,EAST,36.2138,-86.7754,POINT (-86.7754 36.2138)
20190766236,10/19/2019 12:25:00 PM,2,1,0,,N,140790,4,ANGLE,22,CLOUDY,1,DAYLIGHT,55,Motor Vehicle-In-Motion Outside Trafficw,3434 LEBANON PKE,HERMITAGE,TN,37076,9601,HERMIT,36.1904,-86.628,POINT (-86.628 36.1904)
20190641695,08/28/2019 07:14:00 AM,2,0,0,,Y,468030,4,ANGLE,21,CLEAR,1,DAYLIGHT,14,PARKED MOTOR VEHICLE,GREENWOOD AVE & MATTHEWS PL,NASHVILLE,TN,37206,1329,EAST,36.1893,-86.7351,POINT (-86.7351 36.1893)
20190754318,10/14/2019 06:25:00 PM,2,0,0,,N,905011,5,SIDESWIPE - SAME DIRECTION,21,CLEAR,1,DAYLIGHT,12;14,MOTOR VEHICLE IN TRANSPORT;PARKED MOTOR VEHICLE,11TH AVN & BUCHANAN ST,NASHVILLE,TN,37208,4453,NORTH,36.18,-86.8046,POINT (-86.8046 36.18)
20190687926,09/16/2019 02:19:00 PM,3,0,0,,N,134899,11,Front to Rear,21,CLEAR,1,DAYLIGHT,12,MOTOR VEHICLE IN TRANSPORT,SHUTE LN & WILLOW BOUGH LN,OLD HICKORY,TN,37138,9717,HERMIT,36.231,-86.6111,POINT (-86.6111 36.231)
20190903074,12/17/2019 04:23:00 PM,2,1,0,,Y,240985,11,Front to Rear,21,CLEAR,1,DAYLIGHT,12,MOTOR VEHICLE IN TRANSPORT,NOLENSVILLE PKE & NORTHCREST DR,NASHVILLE,TN,37211,8711,SOUTH,36.0667,-86.7179,POINT (-86.7179 36.0667)
20190603602,08/13/2019 03:17:00 PM,2,0,0,,Y,151132,5,SIDESWIPE - SAME DIRECTION,2,RAIN,1,DAYLIGHT,12,MOTOR VEHICLE IN TRANSPORT,MM 91 6 I 65,MADISON,TN,37115,2006,MADISO,36.2559,-86.7386,POINT (-86.7386 36.2559)
20190673647,09/10/2019 03:15:00 PM,3,1,0,,N,717341,11,Front to Rear,21,CLEAR,1,DAYLIGHT,12,MOTOR VEHICLE IN TRANSPORT,MM 57 7 I 24,ANTIOCH,TN,37013,88080,SOUTH,36.061,-86.6807,POINT (-86.6807 36.061)
20190594057,08/09/2019 05:44:00 PM,2,1,0,,N,330428,11,Front to Rear,21,CLEAR,1,DAYLIGHT,12,MOTOR VEHICLE IN TRANSPORT,I440 E EXT RAMP & MURPHY RD,NASHVILLE,TN,37205,5247,WEST,36.1402,-86.8236,POINT (-86.8236 36.1402)
20190896274,12/14/2019 10:15:00 AM,2,0,0,,N,262757,4,ANGLE,22,CLOUDY,1,DAYLIGHT,12,MOTOR VEHICLE IN TRANSPORT,US HWY 70 & MCGAVOCK PIKE,NASHVILLE,TN,37214,9111,HERMIT,36.1694,-86.6799,POINT (-86.6799 36.1694)
20190833273,11/17/2019 10:57:00 AM,1,0,0,,N,419952,0,NOT COLLISION W/MOTOR VEHICLE-TRANSPORT,21,CLEAR,1,DAYLIGHT,50,DEER (ANIMAL),HIGHWAY 70S & SADDLE RIDGE CT,NASHVILLE,TN,37221,4713,WEST,36.0865,-86.9726,POINT (-86.9726 36.0865)
20190668166,09/08/2019 04:00:00 AM,2,0,0,,Y,299245,6,SIDESWIPE - OPPOSITE DIRECTION,21,CLEAR,3,DARK - LIGHTED,12,MOTOR VEHICLE IN TRANSPORT,CLEVELAND ST & STOCKELL ST,NASHVILLE,TN,37207,1949,EAST,36.1871,-86.7694,POINT (-86.7694 36.1871)
20190766124,10/19/2019 11:00:00 AM,2,1,0,,N,584947,11,Front to Rear,22,CLOUDY,1,DAYLIGHT,12,MOTOR VEHICLE IN TRANSPORT,NOLENSVILLE PKE & HAYWOOD LN,NASHVILLE,TN,37211,8661,MIDTOW,36.0683,-86.7193,POINT (-86.7193 36.0683)
20190713076,09/26/2019 05:31:00 PM,1,0,0,,N,169425,0,NOT COLLISION W/MOTOR VEHICLE-TRANSPORT,21,CLEAR,1,DAYLIGHT,39,WALL,MM 3 0 I 440,NASHVILLE,TN,37215,6424,MIDTOW,36.1201,-86.8026,POINT (-86.8026 36.1201)
20190815501,11/09/2019 06:51:00 PM,3,1,0,,N,579971,11,Front to Rear,21,CLEAR,3,DARK - LIGHTED,12,MOTOR VEHICLE IN TRANSPORT,BELL RD & HICKORY HOLLOW MALL PVTDR PL,ANTIOCH,TN,37013,8863,SOUTH,36.0493,-86.6517,POINT (-86.6517 36.0493)
20190878447,12/06/2019 06:45:00 PM,2,0,0,Y,Y,256383,2,HEAD-ON,21,CLEAR,2,DARK - NOT LIGHTED,12,MOTOR VEHICLE IN TRANSPORT,HILLBROOK DR & WALLACE RD,NASHVILLE,TN,37211,8707,SOUTH,36.0792,-86.7046,POINT (-86.7046 36.0792)
20190846917,11/22/2019 07:17:00 PM,2,0,0,,Y,330436,5,SIDESWIPE - SAME DIRECTION,21,CLEAR,3,DARK - LIGHTED,12,MOTOR VEHICLE IN TRANSPORT,MM 210 6 I 40,NASHVILLE,TN,37210,8202,HERMIT,36.1526,-86.7659,POINT (-86.7659 36.1526)
20190604279,08/13/2019 08:49:00 PM,2,0,0,,N,279225,16,Rear to Side,21,CLEAR,2,DARK - NOT LIGHTED,14,PARKED MOTOR VEHICLE,RAMBLING RD & SHADOWOOD CT,NASHVILLE,TN,37217,8935,HERMIT,36.0907,-86.647,POINT (-86.647 36.0907)