Accident Number,Date and Time,Number of Motor Vehicles,Number of Injuries,Number of Fatalities,Property Damage,Hit and Run,Reporting Officer,Collision Type Code,Collision Type Description,Weather Code,Weather Description,Illumination Code,Illumination Description,Harmful Code,Harmful Code Description,Street Address,City,State,ZIP,RPA,Precinct,Latitude,Longitude,Mapped Location
20190766361,10/19/2019 01:45:00 PM,3,0,0,,N,620061,11,Front to Rear,22,CLOUDY,1,DAYLIGHT,12,MOTOR VEHICLE IN TRANSPORT,THOMPSON LN & NOLENSVILLE PKE,NASHVILLE,TN,37211,8519,MIDTOW,36.1109,-86.7452,POINT (-86.7452 36.1109)
20190718385,09/29/2019 12:15:00 AM,1,0,0,,N,256495,0,NOT COLLISION W/MOTOR VEHICLE-TRANSPORT,21,CLEAR,3,DARK - LIGHTED,33,CURB,21ST AVN & JEFFERSON ST,NASHVILLE,TN,37208,5325,NORTH,36.1691,-86.8096,POINT (-86.8096 36.1691)
20190674263,09/10/2019 08:50:00 PM,2,2,0,,N,352172,2,HEAD-ON,21,CLEAR,3,DARK - LIGHTED,12,MOTOR VEHICLE IN TRANSPORT,CHARLOTTE PKE & OLD HICKORY BLVD,NASHVILLE,TN,37209,4701,WEST,36.1177,-86.9218,POINT (-86.9218 36.1177)
20190671375,09/09/2019 06:02:00 PM,2,2,0,,N,299241,4,ANGLE,21,CLEAR,1,DAYLIGHT,12,MOTOR VEHICLE IN TRANSPORT,STATE HWY 45 & INDUSTRIAL DR,OLD HICKORY,TN,37138,9619,HERMIT,36.2633,-86.6621,POINT (-86.6621 36.2633)
20190712104,09/26/2019 08:45:00 AM,2,1,0,,N,665896,11,Front to Rear,21,CLEAR,1,DAYLIGHT,12,MOTOR VEHICLE IN TRANSPORT,ELLINGTON PKWYS & MCFERRIN AV,NASHVILLE,TN,37206,1992,EAST,36.1888,-86.7545,POINT (-86.7545 36.1888)
20190885710,12/10/2019 07:45:00 AM,2,0,0,,N,226134,5,SIDESWIPE - SAME DIRECTION,4,SNOW,1,DAYLIGHT,12,MOTOR VEHICLE IN TRANSPORT,BRILEY PKWYS & I24 W ENT RAMP,NASHVILLE,TN,37211,88962,SOUTH,36.1099,-86.7214,POINT (-86.7214 36.1099)
20190784225,10/27/2019 06:21:00 PM,2,1,0,,N,279225,11,Front to Rear,21,CLEAR,2,DARK - NOT LIGHTED,12,MOTOR VEHICLE IN TRANSPORT,MM 211 3 I 40,NASHVILLE,TN,37210,9002,HERMIT,36.1524,-86.7539,POINT (-86.7539 36.1524)
20190798301,11/02/2019 11:28:00 AM,3,0,0,,N,109527,11,Front to Rear,21,CLEAR,1,DAYLIGHT,12,MOTOR VEHICLE IN TRANSPORT,ANDREW JACKSON PKWY & JACKSON PASS,HERMITAGE,TN,37076,9561,HERMIT,36.1873,-86.6083,POINT (-86.6083 36.1873)
20190917140,12/23/2019 11:02:00 PM,2,0,0,,N,352201,4,ANGLE,21,CLEAR,3,DARK - LIGHTED,14,PARKED MOTOR VEHICLE,12TH AVS & BROADWAY,NASHVILLE,TN,37203,4081,CENTRA,36.1563,-86.7873,POINT (-86.7873 36.1563)
20190925571,12/28/2019 11:22:00 AM,2,1,0,,Y,110092,11,Front to Rear,22,CLOUDY,1,DAYLIGHT,12,MOTOR VEHICLE IN TRANSPORT,UNA ANTIOCH PKE & ANTIOCH PKE,ANTIOCH,TN,37013,8859,SOUTH,36.0503,-86.6917,POINT (-86.6917 36.0503)
20190876977,12/06/2019 07:17:00 AM,2,0,0,,N,384436,5,SIDESWIPE - SAME DIRECTION,22,CLOUDY,1,DAYLIGHT,12,MOTOR VEHICLE IN TRANSPORT,MURFREESBORO PKE & FESSLERS LN,NASHVILLE,TN,37210,8117,SOUTH,36.1427,-86.744,POINT (-86.744 36.1427)
20190756479,10/15/2019 02:11:00 PM,2,0,0,,N,352202,6,SIDESWIPE - OPPOSITE DIRECTION,21,CLEAR,1,DAYLIGHT,55,Motor Vehicle-In-Motion Outside Trafficw,LAFAYETTE ST & 5TH AVS,NASHVILLE,TN,37203,4027,CENTRA,36.1525,-86.7733,POINT (-86.7733 36.1525)
20190675183,09/11/2019 05:37:00 AM,2,0,0,,N,352170,11,Front to Rear,21,CLEAR,4,DAWN,12,MOTOR VEHICLE IN TRANSPORT,MM 62 1 I 24,ANTIOCH,TN,37013,8806,SOUTH,36.0195,-86.626,POINT (-86.626 36.0195)
20190604215,08/13/2019 07:38:00 PM,2,0,0,,N,584947,11,Front to Rear,21,CLEAR,3,DARK - LIGHTED,12,MOTOR VEHICLE IN TRANSPORT,HARDING PL & TROUSDALE DR,NASHVILLE,TN,37220,8601,MIDTOW,36.0811,-86.7584,POINT (-86.7584 36.0811)
20190728495,10/03/2019 08:43:00 AM,4,1,0,,N,419952,11,Front to Rear,21,CLEAR,1,DAYLIGHT,12,MOTOR VEHICLE IN TRANSPORT,OLD HICKORY BLVD & CHICKERING MEADOW,NASHVILLE,TN,37221,6215,WEST,36.0493,-86.8699,POINT (-86.8699 36.0493)
20190921980,12/26/2019 04:19:00 PM,2,0,0,,N,580819,6,SIDESWIPE - OPPOSITE DIRECTION,21,CLEAR,1,DAYLIGHT,12,MOTOR VEHICLE IN TRANSPORT,CHARLOTTE AV & 6TH AVN,NASHVILLE,TN,37219,4157,CENTRA,36.1656,-86.7826,POINT (-86.7826 36.1656)
20190715169,09/27/2019 02:39:00 PM,2,0,0,,N,134899,4,ANGLE,21,CLEAR,1,DAYLIGHT,12,MOTOR VEHICLE IN TRANSPORT,LEBANON PKE & LYNMEADE DR,NASHVILLE,TN,37210,9019,HERMIT,36.163,-86.7,POINT (-86.7 36.163)
20190913217,12/21/2019 11:55:00 PM,1,0,0,Y,N,311343,0,NOT COLLISION W/MOTOR VEHICLE-TRANSPORT,21,CLEAR,3,DARK - LIGHTED,24;63,GUARDRAIL FACE;Ran Off Road-Right,WOODMONT BLVD & WILBUR PL,NASHVILLE,TN,37204,7009,MIDTOW,36.1101,-86.781,POINT (-86.781 36.1101)
20190820952,11/12/2019 07:15:00 AM,2,0,0,,N,384442,11,Front to Rear,21,CLEAR,1,DAYLIGHT,12,MOTOR VEHICLE IN TRANSPORT,I65 S ENT RAMP & I 65,NASHVILLE,TN,37207,3007,NORTH,36.2057,-86.778,POINT (-86.778 36.2057)
20190682885,09/13/2019 09:43:00 PM,2,0,0,,N,169414,2,HEAD-ON,21,CLEAR,3,DARK - LIGHTED,12,MOTOR VEHICLE IN TRANSPORT,OLD HICKORY BLVD & PETTUS RD,ANTIOCH,TN,37013,8767,SOUTH,36.0109,-86.6654,POINT (-86.6654 36.0109)
20190782096,10/26/2019 01:37:00 PM,1,1,0,,N,402660,0,NOT COLLISION W/MOTOR VEHICLE-TRANSPORT,22,CLOUDY,1,DAYLIGHT,25,GUARDRAIL END,I440 E EXT RAMP & I 440,NASHVILLE,TN,37205,5249,WEST,36.1366,-86.8221,POINT (-86.8221 36.1366)
20190795978,11/01/2019 11:22:00 AM,2,0,0,,N,226622,4,ANGLE,21,CLEAR,1,DAYLIGHT,12,MOTOR VEHICLE IN TRANSPORT,WOODMONT BLVD & NICHOLS CT,NASHVILLE,TN,37205,6101,WEST,36.1216,-86.8445,POINT (-86.8445 36.1216)
20190882981,12/09/2019 07:22:00 AM,2,2,0,,N,226622,11,Front to Rear,22,CLOUDY,1,DAYLIGHT,12,MOTOR VEHICLE IN TRANSPORT,MM 201 1 I 40,NASHVILLE,TN,37209,46027,WEST,36.1314,-86.8982,POINT (-86.8982 36.1314)
20190850357,11/24/2019 01:13:00 PM,2,0,0,,N,306231,4,ANGLE,21,CLEAR,1,DAYLIGHT,12,MOTOR VEHICLE IN TRANSPORT,CLIFTON AV & 29TH AVN,NASHVILLE,TN,37209,5343,NORTH,36.1589,-86.8198,POINT (-86.8198 36.1589)
20190841115,11/20/2019 01:19:00 PM,2,0,0,,Y,226622,11,Front to Rear,21,CLEAR,1,DAYLIGHT,12,MOTOR VEHICLE IN TRANSPORT,CHARLOTTE AV & 46TH AVN,NASHVILLE,TN,37209,5203,WEST,36.1522,-86.8422,POINT (-86.8422 36.1522)
20190926228,12/28/2019 08:52:00 PM,2,1,0,,N,330412,11,Front to Rear,21,CLEAR,2,DARK - NOT LIGHTED,12,MOTOR VEHICLE IN TRANSPORT,BRICK CHURCH PKE & VALLEY TRL,WHITES CREEK,TN,37189,2015,MADISO,36.2221,-86.7469,POINT (-86.7469 36.2221)
20190651426,08/31/2019 11:40:00 PM,2,0,0,,Y,279203,11,Front to Rear,21,CLEAR,3,DARK - LIGHTED,12,MOTOR VEHICLE IN TRANSPORT,SPRING ST & N 1ST ST,NASHVILLE,TN,37207,1955,CENTRA,36.177,-86.7746,POINT (-86.7746 36.177)
20190704542,09/23/2019 11:28:00 AM,3,0,0,,Y,109534,5,SIDESWIPE - SAME DIRECTION,22,CLOUDY,1,DAYLIGHT,12;99,MOTOR VEHICLE IN TRANSPORT;UNKNOWN MOST HARMFUL EVENT,MM 211 7 I 40,NASHVILLE,TN,37210,82042,HERMIT,36.1499,-86.7483,POINT (-86.7483 36.1499)
20190648211,08/30/2019 05:30:00 PM,2,0,0,,N,299264,5,SIDESWIPE - SAME DIRECTION,21,CLEAR,1,DAYLIGHT,12,MOTOR VEHICLE IN TRANSPORT,OLD HICKORY BLVD & HICKORY PLZ,NASHVILLE,TN,37211,8651,MIDTOW,36.0452,-86.7159,POINT (-86.7159 36.0452)
20190685849,09/15/2019 01:40:00 PM,2,0,0,,N,571313,4,ANGLE,22,CLOUDY,1,DAYLIGHT,12,MOTOR VEHICLE IN TRANSPORT,19TH AVN & HAYES ST,NASHVILLE,TN,37203,5523,MIDTOW,36.1533,-86.7982,POINT (-86.7982 36.1533)
20190854438,11/26/2019 08:04:00 AM,2,0,0,,N,109534,11,Front to Rear,22,CLOUDY,1,DAYLIGHT,12,MOTOR VEHICLE IN TRANSPORT,MM 218 9 I 40,NASHVILLE,TN,37214,9404,HERMIT,36.1554,-86.6301,POINT (-86.6301 36.1554)
20190905963,12/18/2019 05:25:00 PM,2,1,0,,Y,807326,11,Front to Rear,21,CLEAR,3,DARK - LIGHTED,12,MOTOR VEHICLE IN TRANSPORT,MM 210 7 I 40,NASHVILLE,TN,37210,8202,HERMIT,36.1532,-86.7644,POINT (-86.7644 36.1532)
20190931507,12/31/2019 09:53:00 AM,3,3,0,,N,876573,11,Front to Rear,21,CLEAR,1,DAYLIGHT,12;14,MOTOR VEHICLE IN TRANSPORT;PARKED MOTOR VEHICLE,MURFREESBORO PKE & PARKS RETREAT DR,ANTIOCH,TN,37013,8869,SOUTH,36.0316,-86.5941,POINT (-86.5941 36.0316)
20190842777,11/21/2019 06:55:00 AM,2,0,0,,N,665896,4,ANGLE,22,CLOUDY,1,DAYLIGHT,12,MOTOR VEHICLE IN TRANSPORT,ELLINGTON PKWYS & ELLINGTON PKWY S EXT R,NASHVILLE,TN,37207,18960,EAST,36.1953,-86.7527,POINT (-86.7527 36.1953)
20190758935,10/16/2019 01:00:00 PM,2,0,0,,N,226622,4,ANGLE,21,CLEAR,1,DAYLIGHT,12,MOTOR VEHICLE IN TRANSPORT,HILLSBORO PKE & ABBOTT MARTIN RD,NASHVILLE,TN,37215,6111,WEST,36.1054,-86.8142,POINT (-86.8142 36.1054)
20190852012,11/25/2019 09:09:00 AM,2,0,0,,N,191578,11,Front to Rear,21,CLEAR,1,DAYLIGHT,12,MOTOR VEHICLE IN TRANSPORT,CENTRAL PKE & LEBANON PKE,HERMITAGE,TN,37076,9505,HERMIT,36.1776,-86.6167,POINT (-86.6167 36.1776)
20190853129,11/25/2019 06:28:00 PM,2,0,0,,N,352168,11,Front to Rear,21,CLEAR,2,DARK - NOT LIGHTED,12,MOTOR VEHICLE IN TRANSPORT,MM 77 5 I 65,NASHVILLE,TN,37220,86042,MIDTOW,36.0775,-86.7663,POINT (-86.7663 36.0775)
20190582070,08/05/2019 05:03:00 PM,2,0,0,,N,169425,11,Front to Rear,21,CLEAR,1,DAYLIGHT,12,MOTOR VEHICLE IN TRANSPORT,MM 80 6 I 65,NASHVILLE,TN,37204,80040,MIDTOW,36.1235,-86.7729,POINT (-86.7729 36.1235)
20190837567,11/19/2019 06:21:00 AM,1,0,0,,N,332253,0,NOT COLLISION W/MOTOR VEHICLE-TRANSPORT,22,CLOUDY,1,DAYLIGHT,50,DEER (ANIMAL),DICKERSON PKES & CUNNIFF PKWY,GOODLETTSVILLE,TN,37072,2111,MADISO,36.2853,-86.746,POINT (-86.746 36.2853)
20190609639,08/15/2019 06:05:00 PM,2,0,0,,N,256383,5,SIDESWIPE - SAME DIRECTION,21,CLEAR,1,DAYLIGHT,12,MOTOR VEHICLE IN TRANSPORT,RICHARDS RD & DELIA DR,ANTIOCH,TN,37013,8893,SOUTH,36.0689,-86.6798,POINT (-86.6798 36.0689)
20190810302,11/07/2019 11:51:00 AM,1,0,0,,N,224824,0,NOT COLLISION W/MOTOR VEHICLE-TRANSPORT,2,RAIN,1,DAYLIGHT,34,DITCH,BELL RD & OLD HICKORY BLVD,HERMITAGE,TN,37076,9545,HERMIT,36.1613,-86.5971,POINT (-86.5971 36.1613)
20190713680,09/26/2019 10:58:00 PM,2,1,0,,N,311336,2,HEAD-ON,21,CLEAR,3,DARK - LIGHTED,12;14,MOTOR VEHICLE IN TRANSPORT;PARKED MOTOR VEHICLE,HART LN & EDWARDS AV,NASHVILLE,TN,37216,1813,EAST,36.2171,-86.7406,POINT (-86.7406 36.2171)
20190826180,11/14/2019 08:00:00 AM,2,0,0,,N,384398,3,REAR-TO-REAR,21,CLEAR,1,DAYLIGHT,12,MOTOR VEHICLE IN TRANSPORT,MM 62 3 I 24,ANTIOCH,TN,37013,8806,SOUTH,36.0177,-86.6241,POINT (-86.6241 36.0177)
20190821627,11/12/2019 01:31:00 PM,2,1,0,,N,580819,4,ANGLE,21,CLEAR,1,DAYLIGHT,12,MOTOR VEHICLE IN TRANSPORT,COMMERCE ST & 6TH AVN,NASHVILLE,TN,37203,4109,CENTRA,36.1613,-86.7806,POINT (-86.7806 36.1613)
20190627980,08/22/2019 12:00:00 AM,2,0,0,,N,299258,5,SIDESWIPE - SAME DIRECTION,2,RAIN,1,DAYLIGHT,12,MOTOR VEHICLE IN TRANSPORT,MM 86 7 I 65,NASHVILLE,TN,37207,3002,NORTH,36.1972,-86.7762,POINT (-86.7762 36.1972)
20190662725,09/05/2019 06:32:00 PM,2,1,0,,N,151132,4,ANGLE,21,CLEAR,5,DUSK,12,MOTOR VEHICLE IN TRANSPORT,OLD HICKORY BLVDW & HERITAGE DR,MADISON,TN,37115,1749,MADISO,36.2641,-86.7242,POINT (-86.7242 36.2641)
20190788778,10/29/2019 01:37:00 PM,2,3,0,,N,352202,4,ANGLE,21,CLEAR,1,DAYLIGHT,12,MOTOR VEHICLE IN TRANSPORT,4TH AVS & LAFAYETTE ST,NASHVILLE,TN,37203,4007,CENTRA,36.1515,-86.7711,POINT (-86.7711 36.1515)
20190894858,12/13/2019 04:52:00 PM,2,0,0,,N,384402,11,Front to Rear,2,RAIN,1,DAYLIGHT,12,MOTOR VEHICLE IN TRANSPORT,MURFREESBORO PKE & HAMILTON GLEN PL,ANTIOCH,TN,37013,8865,SOUTH,36.0602,-86.6234,POINT (-86.6234 36.0602)
20190800778,11/03/2019 04:25:00 PM,2,0,0,,N,330440,11,Front to Rear,21,CLEAR,1,DAYLIGHT,12,MOTOR VEHICLE IN TRANSPORT,US HWY 41 ALT & -UNKNOWN RAMP/ROAD -,NASHVILLE,TN,37208,4405,NORTH,36.186,-86.7984,POINT (-86.7984 36.186)
20190833689,11/17/2019 05:26:00 PM,2,2,0,,N,320599,4,ANGLE,21,CLEAR,3,DARK - LIGHTED,12,MOTOR VEHICLE IN TRANSPORT,I40 E ENT RAMP & BRILEY PKWYN,NASHVILLE,TN,37217,8998,HERMIT,36.1427,-86.6987,POINT (-86.6987 36.1427)
20190809024,11/06/2019 12:00:00 AM,2,0,0,,Y,299248,2,HEAD-ON,21,CLEAR,3,DARK - LIGHTED,12,MOTOR VEHICLE IN TRANSPORT,MCGAVOCK PKE & WINTHORNE DR,NASHVILLE,TN,37217,8833,SOUTH,36.109,-86.7032,POINT (-86.7032 36.109)
20190642043,08/28/2019 09:16:00 AM,1,0,0,Y,Y,226600,0,NOT COLLISION W/MOTOR VEHICLE-TRANSPORT,21,CLEAR,1,DAYLIGHT,18,OTHER OBJECT (NOT FIXED),HILLSBORO PKE & RICHARD JONES RD,NASHVILLE,TN,37215,6405,MIDTOW,36.1045,-86.8149,POINT (-86.8149 36.1045)
20190644881,08/29/2019 11:51:00 AM,2,0,0,,N,594473,4,ANGLE,21,CLEAR,1,DAYLIGHT,12,MOTOR VEHICLE IN TRANSPORT,8TH AVS & SOUTH DOUGLAS AV,NASHVILLE,TN,37204,6945,MIDTOW,36.1312,-86.7788,POINT (-86.7788 36.1312)
20190828826,11/15/2019 09:20:00 AM,2,1,0,,N,538214,11,Front to Rear,21,CLEAR,1,DAYLIGHT,12,MOTOR VEHICLE IN TRANSPORT,DEMONBREUN ST & 7TH AVS,NASHVILLE,TN,37203,4061,CENTRA,36.1574,-86.7797,POINT (-86.7797 36.1574)
20190828491,11/15/2019 05:57:00 AM,2,1,0,Y,N,405424,4,ANGLE,21,CLEAR,4,DAWN,12,MOTOR VEHICLE IN TRANSPORT,LEBANON PKE & FESSLERS LN,NASHVILLE,TN,37210,9007,HERMIT,36.1543,-86.7422,POINT (-86.7422 36.1543)
20190702567,09/22/2019 12:53:00 PM,2,0,0,,N,279110,11,Front to Rear,21,CLEAR,1,DAYLIGHT,12,MOTOR VEHICLE IN TRANSPORT,MM 52 1 I 24,NASHVILLE,TN,37217,8816,SOUTH,36.1343,-86.7267,POINT (-86.7267 36.1343)
20190730770,10/04/2019 06:40:00 AM,1,1,0,Y,N,716886,0,NOT COLLISION W/MOTOR VEHICLE-TRANSPORT,21,CLEAR,1,DAYLIGHT,30;41,UTILITY POLE;SHRUBBERY,BURKITT RD & WHITTEMORE LN,NOLENSVILLE,TN,37135,8773,SOUTH,35.9919,-86.6548,POINT (-86.6548 35.9919)
20190753863,10/14/2019 02:33:00 PM,2,0,0,,N,352214,11,Front to Rear,21,CLEAR,1,DAYLIGHT,12,MOTOR VEHICLE IN TRANSPORT,MM 85 1 I 65,NASHVILLE,TN,37208,43023,NORTH,36.1815,-86.7999,POINT (-86.7999 36.1815)
20190881005,12/08/2019 04:30:00 AM,1,0,0,Y,N,311340,0,NOT COLLISION W/MOTOR VEHICLE-TRANSPORT,21,CLEAR,3,DARK - LIGHTED,31;42,"OTHER POST, POLE, SUPP.;TREE",31ST AVN & PARTHENON AV,NASHVILLE,TN,37203,5625,MIDTOW,36.1485,-86.8163,POINT (-86.8163 36.1485)
20190781299,10/26/2019 01:05:00 AM,2,0,0,,N,298866,4,ANGLE,2,RAIN,3,DARK - LIGHTED,12,MOTOR VEHICLE IN TRANSPORT,50TH AVN & CHARLOTTE AV,NASHVILLE,TN,37209,5127,WEST,36.152,-86.8472,POINT (-86.8472 36.152)
20190899756,12/16/2019 08:30:00 AM,2,0,0,,N,225773,11,Front to Rear,2,RAIN,1,DAYLIGHT,12,MOTOR VEHICLE IN TRANSPORT,HILLSBORO PKE & FOREST PLACE CIR,NASHVILLE,TN,37215,6403,MIDTOW,36.0918,-86.8282,POINT (-86.8282 36.0918)
20190698626,09/20/2019 03:06:00 PM,2,0,0,,N,298863,4,ANGLE,21,CLEAR,1,DAYLIGHT,12,MOTOR VEHICLE IN TRANSPORT,INTERSTATE DR & SHELBY AV,NASHVILLE,TN,37213,1107,CENTRA,36.1668,-86.7661,POINT (-86.7661 36.1668)
20190873147,12/04/2019 06:36:00 PM,2,0,0,,N,179606,5,SIDESWIPE - SAME DIRECTION,21,CLEAR,3,DARK - LIGHTED,12,MOTOR VEHICLE IN TRANSPORT,MM 210 2 I 40,NASHVILLE,TN,37203,80021,MIDTOW,36.1493,-86.7736,POINT (-86.7736 36.1493)
20190785421,10/28/2019 07:56:00 AM,3,0,0,,N,311325,11,Front to Rear,21,CLEAR,1,DAYLIGHT,12,MOTOR VEHICLE IN TRANSPORT,MM 214 1 I 40,NASHVILLE,TN,37210,90062,HERMIT,36.142,-86.7124,POINT (-86.7124 36.142)
20190737105,10/07/2019 07:38:00 AM,2,0,0,,N,320575,4,ANGLE,22,CLOUDY,1,DAYLIGHT,12,MOTOR VEHICLE IN TRANSPORT,LINBAR DR & LARGO DR,NASHVILLE,TN,37211,8705,SOUTH,36.0837,-86.7057,POINT (-86.7057 36.0837)
20190810079,11/07/2019 09:18:00 AM,2,0,0,,N,462474,4,ANGLE,2,RAIN,1,DAYLIGHT,12,MOTOR VEHICLE IN TRANSPORT,EDMONDSON PKE & BLACKMAN RD,NASHVILLE,TN,37211,8659,MIDTOW,36.0716,-86.7333,POINT (-86.7333 36.0716)
20190837614,11/19/2019 07:42:00 AM,2,0,0,,N,620072,5,SIDESWIPE - SAME DIRECTION,21,CLEAR,1,DAYLIGHT,12,MOTOR VEHICLE IN TRANSPORT,I40 E ENT RAMP & I 40,NASHVILLE,TN,37205,4903,WEST,36.1109,-86.922,POINT (-86.922 36.1109)
20190647952,08/30/2019 03:26:00 PM,3,0,0,,N,256412,11,Front to Rear,21,CLEAR,1,DAYLIGHT,12,MOTOR VEHICLE IN TRANSPORT,0 HARDING PL,NASHVILLE,TN,37211,8847,SOUTH,36.09,-86.6879,POINT (-86.6879 36.09)
20190666828,09/07/2019 01:00:00 PM,2,0,0,,N,905011,4,ANGLE,21,CLEAR,1,DAYLIGHT,12,MOTOR VEHICLE IN TRANSPORT,CLARKSVILLE PKE & KINGS LN,NASHVILLE,TN,37218,3141,NORTH,36.2167,-86.8375,POINT (-86.8375 36.2167)
20190826033,11/14/2019 06:39:00 AM,2,2,0,Y,N,109534,4,ANGLE,21,CLEAR,1,DAYLIGHT,13;33;38;64,MOTOR VEHICLE IN TRANSPORT-OTHER ROADWAY;CURB;FENCE;Ran Off Road-Left,LEBANON PKE & ANDREW JACKSON PKWY,HERMITAGE,TN,37076,9537,HERMIT,36.2151,-86.5962,POINT (-86.5962 36.2151)
20190812697,11/07/2019 12:00:00 AM,2,0,0,,Y,279206,5,SIDESWIPE - SAME DIRECTION,21,CLEAR,1,DAYLIGHT,12,MOTOR VEHICLE IN TRANSPORT,SIDCO DR & FONTANA AVE,NASHVILLE,TN,37204,8523,MIDTOW,36.1089,-86.7555,POINT (-86.7555 36.1089)
20190709889,09/25/2019 12:20:00 PM,2,2,0,,N,414731,4,ANGLE,21,CLEAR,1,DAYLIGHT,12,MOTOR VEHICLE IN TRANSPORT,MURFREESBORO PKE & MILLWOOD DR,NASHVILLE,TN,37217,8815,HERMIT,36.1295,-86.7147,POINT (-86.7147 36.1295)
20190770146,10/21/2019 12:33:00 PM,3,0,0,,N,676834,4,ANGLE,2,RAIN,1,DAYLIGHT,12,MOTOR VEHICLE IN TRANSPORT,MONROE ST & US HWY 41 ALT,NASHVILLE,TN,37208,4303,NORTH,36.1753,-86.7927,POINT (-86.7927 36.1753)
20190649062,08/30/2019 11:05:00 PM,2,1,0,,N,879558,5,SIDESWIPE - SAME DIRECTION,21,CLEAR,3,DARK - LIGHTED,12,MOTOR VEHICLE IN TRANSPORT,BRILEY PKWYW & BRILEY PKWYE,NASHVILLE,TN,37218,3216,NORTH,36.2254,-86.8638,POINT (-86.8638 36.2254)
20190663196,09/05/2019 09:35:00 PM,1,0,0,,N,352204,0,NOT COLLISION W/MOTOR VEHICLE-TRANSPORT,21,CLEAR,3,DARK - LIGHTED,18,OTHER OBJECT (NOT FIXED),MM 198 0 I 40,NASHVILLE,TN,37221,4706,WEST,36.0975,-86.9364,POINT (-86.9364 36.0975)
20190798759,11/02/2019 04:40:00 PM,2,0,0,,N,311344,11,Front to Rear,21,CLEAR,1,DAYLIGHT,12,MOTOR VEHICLE IN TRANSPORT,GALLATIN PKEN & CONFERENCE DR,MADISON,TN,37115,1731,MADISO,36.3026,-86.692,POINT (-86.692 36.3026)
20190855725,11/26/2019 07:03:00 PM,2,1,0,,N,298877,4,ANGLE,2,RAIN,3,DARK - LIGHTED,12,MOTOR VEHICLE IN TRANSPORT,MURFREESBORO PKE & I24 W EXT RAMP,NASHVILLE,TN,37217,8801,SOUTH,36.1348,-86.7236,POINT (-86.7236 36.1348)
20190638265,08/26/2019 11:40:00 PM,2,2,0,,N,352153,4,ANGLE,21,CLEAR,3,DARK - LIGHTED,12,MOTOR VEHICLE IN TRANSPORT,RAMP & I 24,NASHVILLE,TN,37213,1993,CENTRA,36.1716,-86.7693,POINT (-86.7693 36.1716)
20190863890,11/30/2019 09:50:00 PM,2,1,0,,N,352192,4,ANGLE,21,CLEAR,3,DARK - LIGHTED,12,MOTOR VEHICLE IN TRANSPORT,CHARLOTTE PKE & CHARLOTTE PKE PVTDR,NASHVILLE,TN,37209,4703,WEST,36.1293,-86.9044,POINT (-86.9044 36.1293)
20190841326,11/20/2019 03:20:00 PM,2,3,0,,N,256412,4,ANGLE,21,CLEAR,1,DAYLIGHT,12,MOTOR VEHICLE IN TRANSPORT,SELENA DR & THOMPSON LN,NASHVILLE,TN,37211,8423,SOUTH,36.1097,-86.7322,POINT (-86.7322 36.1097)
20190696420,09/19/2019 05:48:00 PM,3,0,0,,N,414711,11,Front to Rear,21,CLEAR,1,DAYLIGHT,12,MOTOR VEHICLE IN TRANSPORT,HARDING PL & WELLINGTON PARK CT,NASHVILLE,TN,37215,6115,WEST,36.0918,-86.8345,POINT (-86.8345 36.0918)
20190735709,10/06/2019 02:00:00 PM,2,0,0,,N,405397,11,Front to Rear,22,CLOUDY,1,DAYLIGHT,12,MOTOR VEHICLE IN TRANSPORT,JAMES ROBERTSON PKWY & DOWNTOWN GRNWY,NASHVILLE,TN,37201,4163,CENTRA,36.1685,-86.7765,POINT (-86.7765 36.1685)
20190772168,10/22/2019 08:46:00 AM,2,0,0,,N,755026,4,ANGLE,21,CLEAR,1,DAYLIGHT,12,MOTOR VEHICLE IN TRANSPORT,MCCALL ST & ANTIOCH PKE,NASHVILLE,TN,37211,8413,SOUTH,36.099,-86.7175,POINT (-86.7175 36.099)
20190802205,11/04/2019 08:55:00 AM,2,0,0,,Y,166478,4,ANGLE,21,CLEAR,1,DAYLIGHT,12,MOTOR VEHICLE IN TRANSPORT,VENTURE CIR & FRENCH LANDING DR,NASHVILLE,TN,37228,4499,NORTH,36.1947,-86.7952,POINT (-86.7952 36.1947)
20190581795,08/05/2019 02:29:00 PM,1,0,0,,N,267831,0,NOT COLLISION W/MOTOR VEHICLE-TRANSPORT,21,CLEAR,1,DAYLIGHT,1;34,DITCH,I40 W EXT RAMP & OLD HICKORY BLVD,HERMITAGE,TN,37076,9557,HERMIT,36.1708,-86.6016,POINT (-86.6016 36.1708)
20190918708,12/24/2019 06:18:00 PM,2,1,0,,Y,352173,11,Front to Rear,21,CLEAR,3,DARK - LIGHTED,12,MOTOR VEHICLE IN TRANSPORT,OLD HICKORY BLVDW & GRAY AV,MADISON,TN,37115,1749,MADISO,36.264,-86.7221,POINT (-86.7221 36.264)
20190635004,08/25/2019 12:43:00 PM,2,0,0,,N,298864,4,ANGLE,2,RAIN,1,DAYLIGHT,12,MOTOR VEHICLE IN TRANSPORT,NEELYS BEND RD & RANDY RD,MADISON,TN,37115,1631,MADISO,36.2523,-86.6938,POINT (-86.6938 36.2523)
20190845548,11/22/2019 08:31:00 AM,2,0,0,,N,384442,4,ANGLE,2,RAIN,1,DAYLIGHT,12,MOTOR VEHICLE IN TRANSPORT,FRANKLIN PKE & WOODMONT BLVD WB ENT RAMP,NASHVILLE,TN,37204,8301,MIDTOW,36.1108,-86.7733,POINT (-86.7733 36.1108)
20190777854,10/24/2019 01:15:00 PM,2,0,0,,N,279116,11,Front to Rear,21,CLEAR,1,DAYLIGHT,12,MOTOR VEHICLE IN TRANSPORT,BELMONT BLVD & GLEN ECHO RD,NASHVILLE,TN,37215,6411,MIDTOW,36.1074,-86.8008,POINT (-86.8008 36.1074)