Accident Number,Date and Time,Number of Motor Vehicles,Number of Injuries,Number of Fatalities,Property Damage,Hit and Run,Reporting Officer,Collision Type Code,Collision Type Description,Weather Code,Weather Description,Illumination Code,Illumination Description,Harmful Code,Harmful Code Description,Street Address,City,State,ZIP,RPA,Precinct,Latitude,Longitude,Mapped Location
20190584132,08/06/2019 11:00:00 AM,2,1,0,,N,665896,4,ANGLE,21,CLEAR,1,DAYLIGHT,12,MOTOR VEHICLE IN TRANSPORT,DOUGLAS AV & GALLATIN AV,NASHVILLE,TN,37206,1325,EAST,36.1927,-86.7444,POINT (-86.7444 36.1927)
20190922934,12/27/2019 03:00:00 AM,2,0,0,,N,352215,0,NOT COLLISION W/MOTOR VEHICLE-TRANSPORT,2,RAIN,3,DARK - LIGHTED,14;7,PARKED MOTOR VEHICLE,CHET ATKINS PL & 18TH AVE S,NASHVILLE,TN,37203,6715,MIDTOW,36.1487,-86.7951,POINT (-86.7951 36.1487)
20190752056,10/13/2019 09:40:00 PM,2,0,0,,N,352207,11,Front to Rear,21,CLEAR,2,DARK - NOT LIGHTED,12,MOTOR VEHICLE IN TRANSPORT,EDMONDSON PKE & CANDLESTICK DR,NASHVILLE,TN,37211,8657,MIDTOW,36.0654,-86.7385,POINT (-86.7385 36.0654)
20190848557,11/23/2019 02:53:00 PM,2,0,0,,Y,256386,4,ANGLE,22,CLOUDY,1,DAYLIGHT,12,MOTOR VEHICLE IN TRANSPORT,BELL RD & STEWARTS FERRY PKE,NASHVILLE,TN,37214,8959,HERMIT,36.1522,-86.6251,POINT (-86.6251 36.1522)
20190786619,10/28/2019 05:50:00 PM,2,1,0,,Y,151132,4,ANGLE,22,CLOUDY,5,DUSK,12,MOTOR VEHICLE IN TRANSPORT,STATE RT 45 & MYATT DR,MADISON,TN,37115,1705,MADISO,36.2641,-86.6903,POINT (-86.6903 36.2641)
20190610436,08/16/2019 03:30:00 AM,1,0,0,Y,Y,330422,0,NOT COLLISION W/MOTOR VEHICLE-TRANSPORT,21,CLEAR,3,DARK - LIGHTED,31;38,"OTHER POST, POLE, SUPP.;FENCE",VIKING RD & HYDES FERRY RD,NASHVILLE,TN,37218,3173,NORTH,36.1791,-86.8348,POINT (-86.8348 36.1791)
20190737665,10/07/2019 03:20:00 PM,1,0,0,,N,320577,0,NOT COLLISION W/MOTOR VEHICLE-TRANSPORT,2,RAIN,1,DAYLIGHT,1,,I65 S EXT RAMP & I 65,MADISON,TN,37115,20044,MADISO,36.2481,-86.743,POINT (-86.743 36.2481)
20190663509,09/06/2019 01:45:00 AM,1,0,0,,N,493301,0,NOT COLLISION W/MOTOR VEHICLE-TRANSPORT,21,CLEAR,2,DARK - NOT LIGHTED,32;36,CULVERT;CONCRETE TRAFFIC BARRIER,MM 196 7 I 40,NASHVILLE,TN,37221,4806,WEST,36.0837,-86.9512,POINT (-86.9512 36.0837)
20190746700,10/11/2019 06:35:00 AM,1,1,0,Y,N,109534,0,NOT COLLISION W/MOTOR VEHICLE-TRANSPORT,22,CLOUDY,3,DARK - LIGHTED,24;39,GUARDRAIL FACE;WALL,MM 222 6 I 40,HERMITAGE,TN,37076,9541,HERMIT,36.1689,-86.568,POINT (-86.568 36.1689)
20190793728,10/31/2019 12:25:00 PM,1,1,0,,N,676834,0,NOT COLLISION W/MOTOR VEHICLE-TRANSPORT,22,CLOUDY,1,DAYLIGHT,36,CONCRETE TRAFFIC BARRIER,STATE HWY 155 & BUENA VISTA PIKE,NASHVILLE,TN,37218,3220,NORTH,36.2323,-86.8264,POINT (-86.8264 36.2323)
20190623973,08/21/2019 08:48:00 AM,2,2,0,,N,110063,4,ANGLE,21,CLEAR,1,DAYLIGHT,12,MOTOR VEHICLE IN TRANSPORT,BRICK CHURCH PKE & AVONDALE CIR,NASHVILLE,TN,37207,3021,NORTH,36.2089,-86.7779,POINT (-86.7779 36.2089)
20190091335,12/20/2019 11:50:00 AM,2,0,0,,N,620072,4,ANGLE,21,CLEAR,1,DAYLIGHT,13,MOTOR VEHICLE IN TRANSPORT-OTHER ROADWAY,17TH AVN & STATE ST,NASHVILLE,TN,37203,5513,MIDTOW,36.1568,-86.7967,POINT (-86.7967 36.1568)
20190861771,11/29/2019 06:18:00 PM,2,0,0,,N,240983,4,ANGLE,21,CLEAR,2,DARK - NOT LIGHTED,12,MOTOR VEHICLE IN TRANSPORT,BELL FORGE LNE & BELL RD,ANTIOCH,TN,37013,8865,SOUTH,36.0505,-86.6468,POINT (-86.6468 36.0505)
20190629580,08/23/2019 07:39:00 AM,2,0,0,,N,212345,11,Front to Rear,21,CLEAR,1,DAYLIGHT,12,MOTOR VEHICLE IN TRANSPORT,ELLINGTON PKWYS & ELLINGTON PKWYN,NASHVILLE,TN,37207,1995,EAST,36.1758,-86.7666,POINT (-86.7666 36.1758)
20190690920,09/17/2019 04:54:00 PM,2,1,0,,Y,151132,11,Front to Rear,21,CLEAR,1,DAYLIGHT,12,MOTOR VEHICLE IN TRANSPORT,MM 92 4 I 65,MADISON,TN,37115,1704,MADISO,36.2667,-86.7371,POINT (-86.7371 36.2667)
20190827182,11/14/2019 05:02:00 PM,2,1,0,,N,279208,4,ANGLE,21,CLEAR,7,Dark-Unknown Lighting,12,MOTOR VEHICLE IN TRANSPORT,WEDGEWOOD AV & 19TH AVS,NASHVILLE,TN,37212,6611,MIDTOW,36.1373,-86.7981,POINT (-86.7981 36.1373)
20190824540,11/13/2019 03:17:00 PM,2,0,0,,N,299267,11,Front to Rear,21,CLEAR,1,DAYLIGHT,12,MOTOR VEHICLE IN TRANSPORT,CHARLOTTE AV & CITY AV,NASHVILLE,TN,37209,5341,MIDTOW,36.1535,-86.8203,POINT (-86.8203 36.1535)
20190840375,11/20/2019 08:12:00 AM,4,0,0,,N,191578,11,Front to Rear,,,1,DAYLIGHT,12,MOTOR VEHICLE IN TRANSPORT,MM 214 1 I 40,NASHVILLE,TN,37210,90062,HERMIT,36.142,-86.7124,POINT (-86.7124 36.142)
20190723580,10/01/2019 10:00:00 AM,2,0,0,,N,226622,11,Front to Rear,21,CLEAR,1,DAYLIGHT,12,MOTOR VEHICLE IN TRANSPORT,HILLSBORO PKE & OLD HICKORY BLVD,NASHVILLE,TN,37221,6215,WEST,36.0448,-86.8649,POINT (-86.8649 36.0448)
20190832045,11/16/2019 07:40:00 PM,2,0,0,,N,311344,4,ANGLE,21,CLEAR,3,DARK - LIGHTED,12,MOTOR VEHICLE IN TRANSPORT,RIVERGATE STATION PVTDR & MYATT DR,MADISON,TN,37115,1721,MADISO,36.296,-86.6985,POINT (-86.6985 36.296)
20190821221,11/12/2019 09:46:00 AM,2,0,0,,N,462474,11,Front to Rear,21,CLEAR,1,DAYLIGHT,12,MOTOR VEHICLE IN TRANSPORT,OTTER CREEK RD & ROBERT E LEE DR,NASHVILLE,TN,37215,6309,MIDTOW,36.0648,-86.8248,POINT (-86.8248 36.0648)
20190640365,08/27/2019 05:45:00 PM,2,1,0,,N,197054,11,Front to Rear,21,CLEAR,1,DAYLIGHT,12,MOTOR VEHICLE IN TRANSPORT,DONELSON PKE & MURFREESBORO PKE,NASHVILLE,TN,37217,8841,SOUTH,36.1062,-86.6731,POINT (-86.6731 36.1062)
20190789274,10/29/2019 04:36:00 PM,2,0,0,,N,311327,11,Front to Rear,21,CLEAR,1,DAYLIGHT,12,MOTOR VEHICLE IN TRANSPORT,S 5TH ST & WOODLAND ST,NASHVILLE,TN,37206,1109,EAST,36.1718,-86.7648,POINT (-86.7648 36.1718)
20190904644,12/18/2019 07:36:00 AM,2,0,0,,N,902543,4,ANGLE,22,CLOUDY,1,DAYLIGHT,12,MOTOR VEHICLE IN TRANSPORT,MM 48 4 I 24,NASHVILLE,TN,37206,1102,EAST,36.1715,-86.768,POINT (-86.768 36.1715)
20190914802,12/22/2019 09:09:00 PM,2,0,0,,Y,352168,5,SIDESWIPE - SAME DIRECTION,2,RAIN,2,DARK - NOT LIGHTED,12,MOTOR VEHICLE IN TRANSPORT,MM 75 2 I 65,NASHVILLE,TN,37220,71040,MIDTOW,36.0464,-86.7779,POINT (-86.7779 36.0464)
20190855142,11/26/2019 01:50:00 PM,2,0,0,,Y,676834,6,SIDESWIPE - OPPOSITE DIRECTION,22,CLOUDY,1,DAYLIGHT,12,MOTOR VEHICLE IN TRANSPORT,CLARKSVILLE PKE & 26TH AVN,NASHVILLE,TN,37208,4421,NORTH,36.1864,-86.8188,POINT (-86.8188 36.1864)
20190897356,12/14/2019 11:31:00 PM,2,0,0,,Y,330419,11,Front to Rear,21,CLEAR,3,DARK - LIGHTED,12,MOTOR VEHICLE IN TRANSPORT,DOVERSIDE DR & DICKERSON PKE,NASHVILLE,TN,37207,2011,MADISO,36.2557,-86.7552,POINT (-86.7552 36.2557)
20190669538,09/08/2019 11:07:00 PM,2,0,0,,N,299261,4,ANGLE,21,CLEAR,3,DARK - LIGHTED,12,MOTOR VEHICLE IN TRANSPORT,WOODMONT BLVD & GRANNY WHITE PKE,NASHVILLE,TN,37204,7007,MIDTOW,36.1116,-86.7926,POINT (-86.7926 36.1116)
20190647875,08/30/2019 02:35:00 PM,2,0,0,,N,151132,11,Front to Rear,21,CLEAR,1,DAYLIGHT,12,MOTOR VEHICLE IN TRANSPORT,MM 40 5 I 24,WHITES CREEK,TN,37189,3314,NORTH,36.2776,-86.8006,POINT (-86.8006 36.2776)
20190650187,08/31/2019 11:50:00 AM,2,0,0,,Y,226306,4,ANGLE,21,CLEAR,1,DAYLIGHT,14,PARKED MOTOR VEHICLE,HIGHWAY 70S & COLEY DAVIS RD,NASHVILLE,TN,37221,4811,WEST,36.0796,-86.9536,POINT (-86.9536 36.0796)
20190768697,10/20/2019 05:40:00 PM,2,0,0,,N,352197,5,SIDESWIPE - SAME DIRECTION,21,CLEAR,1,DAYLIGHT,12,MOTOR VEHICLE IN TRANSPORT,MURFREESBORO PKE & MOUNTAIN SPRINGS RD,ANTIOCH,TN,37013,8927,SOUTH,36.0478,-86.6121,POINT (-86.6121 36.0478)
20190793393,10/31/2019 09:05:00 AM,2,0,0,,Y,620057,4,ANGLE,2,RAIN,1,DAYLIGHT,12,MOTOR VEHICLE IN TRANSPORT,EWING DR & ANNA CT,NASHVILLE,TN,37207,2001,MADISO,36.2313,-86.7783,POINT (-86.7783 36.2313)
20190712554,09/26/2019 01:05:00 PM,1,0,0,,N,109534,0,NOT COLLISION W/MOTOR VEHICLE-TRANSPORT,2,RAIN,1,DAYLIGHT,25,GUARDRAIL END,I40 W ENT RAMP & I40 E EXT RAMP,HERMITAGE,TN,37076,9506,HERMIT,36.1755,-86.6059,POINT (-86.6059 36.1755)
20190683730,09/14/2019 10:43:00 AM,2,0,0,,N,834798,11,Front to Rear,21,CLEAR,1,DAYLIGHT,12,MOTOR VEHICLE IN TRANSPORT,HARDING PL & HILLSBORO PKE,NASHVILLE,TN,37215,6311,MIDTOW,36.0914,-86.8285,POINT (-86.8285 36.0914)
20190872021,12/04/2019 08:50:00 AM,1,0,0,,N,279227,0,NOT COLLISION W/MOTOR VEHICLE-TRANSPORT,21,CLEAR,1,DAYLIGHT,36,CONCRETE TRAFFIC BARRIER,MM 62 2 I 24,ANTIOCH,TN,37013,87040,SOUTH,36.0186,-86.6253,POINT (-86.6253 36.0186)
20190894464,12/13/2019 02:38:00 PM,2,0,0,,N,137872,4,ANGLE,22,CLOUDY,1,DAYLIGHT,12;13,MOTOR VEHICLE IN TRANSPORT;MOTOR VEHICLE IN TRANSPORT-OTHER ROADWAY,PLANTATION DR & BONNAVILLE DR,HERMITAGE,TN,37076,9613,HERMIT,36.2007,-86.6278,POINT (-86.6278 36.2007)
20190869666,12/03/2019 01:00:00 PM,2,0,0,,N,226622,4,ANGLE,21,CLEAR,1,DAYLIGHT,12,MOTOR VEHICLE IN TRANSPORT,HILLWOOD BLVD & POST RD,NASHVILLE,TN,37205,5001,WEST,36.1246,-86.8556,POINT (-86.8556 36.1246)
20190659324,09/04/2019 09:50:00 AM,2,0,0,,N,538214,4,ANGLE,21,CLEAR,1,DAYLIGHT,12,MOTOR VEHICLE IN TRANSPORT,N 1ST ST & JAMES ROBERTSON PKWY,NASHVILLE,TN,37213,1993,CENTRA,36.1701,-86.7728,POINT (-86.7728 36.1701)
20190826847,11/14/2019 02:20:00 PM,2,0,0,,N,716886,4,ANGLE,21,CLEAR,1,DAYLIGHT,12,MOTOR VEHICLE IN TRANSPORT,RADNOR ST & NOLENSVILLE PKE,NASHVILLE,TN,37211,8405,SOUTH,36.1052,-86.7423,POINT (-86.7423 36.1052)
20190813105,11/08/2019 03:30:00 PM,2,0,0,,N,330443,11,Front to Rear,21,CLEAR,1,DAYLIGHT,12,MOTOR VEHICLE IN TRANSPORT,EWING DR & EWING LN,NASHVILLE,TN,37207,2001,MADISO,36.2311,-86.777,POINT (-86.777 36.2311)
20190706583,09/24/2019 06:11:00 AM,2,0,0,,N,226092,11,Front to Rear,21,CLEAR,4,DAWN,12,MOTOR VEHICLE IN TRANSPORT,MM 86 9 I 65,NASHVILLE,TN,37207,3002,NORTH,36.2009,-86.7768,POINT (-86.7768 36.2009)
20190598689,08/11/2019 04:36:00 PM,2,0,0,,Y,279208,9,UNKNOWN,21,CLEAR,1,DAYLIGHT,14,PARKED MOTOR VEHICLE,BELCOURT AV & 21ST AVS,NASHVILLE,TN,37212,6607,MIDTOW,36.1369,-86.8005,POINT (-86.8005 36.1369)
20190916144,12/23/2019 12:43:00 PM,2,0,0,,Y,225773,11,Front to Rear,21,CLEAR,1,DAYLIGHT,12,MOTOR VEHICLE IN TRANSPORT,MM 3 9 I 440,NASHVILLE,TN,37204,7010,MIDTOW,36.1161,-86.7913,POINT (-86.7913 36.1161)
20190696870,09/19/2019 09:46:00 PM,2,0,0,,N,887598,6,SIDESWIPE - OPPOSITE DIRECTION,21,CLEAR,3,DARK - LIGHTED,12;14,MOTOR VEHICLE IN TRANSPORT;PARKED MOTOR VEHICLE,12TH AVN & WHELESS ST,NASHVILLE,TN,37208,4471,NORTH,36.1784,-86.8048,POINT (-86.8048 36.1784)
20190906522,12/19/2019 12:04:00 AM,1,1,0,,N,256414,0,NOT COLLISION W/MOTOR VEHICLE-TRANSPORT,21,CLEAR,3,DARK - LIGHTED,25;36,GUARDRAIL END;CONCRETE TRAFFIC BARRIER,MM 53 3 I 24,NASHVILLE,TN,37210,88141,SOUTH,36.1146,-86.7245,POINT (-86.7245 36.1146)
20190791763,10/30/2019 02:20:00 PM,2,0,0,,N,384408,5,SIDESWIPE - SAME DIRECTION,2,RAIN,1,DAYLIGHT,12,MOTOR VEHICLE IN TRANSPORT,GALLATIN PKE SB EXT RAMP & GALLATIN PKE,NASHVILLE,TN,37216,1503,EAST,36.2336,-86.7245,POINT (-86.7245 36.2336)
20190673468,09/10/2019 01:38:00 PM,2,0,0,,N,493304,4,ANGLE,21,CLEAR,1,DAYLIGHT,12,MOTOR VEHICLE IN TRANSPORT,OLD HICKORY BLVDW & OLD TIME VILLAGE PVT,MADISON,TN,37115,1771,MADISO,36.2632,-86.7131,POINT (-86.7131 36.2632)
20190780700,10/25/2019 07:00:00 PM,2,0,0,Y,N,330428,6,SIDESWIPE - OPPOSITE DIRECTION,2,RAIN,3,DARK - LIGHTED,12,MOTOR VEHICLE IN TRANSPORT,WOODLAWN DR & BOWLING AV,NASHVILLE,TN,37215,6001,WEST,36.1238,-86.8266,POINT (-86.8266 36.1238)
20190880049,12/07/2019 04:37:00 PM,2,0,0,,N,206964,0,NOT COLLISION W/MOTOR VEHICLE-TRANSPORT,21,CLEAR,5,DUSK,12;34;63,MOTOR VEHICLE IN TRANSPORT;DITCH;Ran Off Road-Right,BARNES RD & COTTAGE GROVE CT,ANTIOCH,TN,37013,8757,SOUTH,36.0313,-86.7007,POINT (-86.7007 36.0313)
20190829793,11/15/2019 12:00:00 AM,2,0,0,,Y,320577,4,ANGLE,21,CLEAR,3,DARK - LIGHTED,12,MOTOR VEHICLE IN TRANSPORT,GLENROSE AV & NOLENSVILLE PKE,NASHVILLE,TN,37210,8109,SOUTH,36.1258,-86.7526,POINT (-86.7526 36.1258)
20190747776,10/11/2019 05:00:00 PM,3,0,0,,N,352156,11,Front to Rear,2,RAIN,1,DAYLIGHT,12,MOTOR VEHICLE IN TRANSPORT,BELL RD & HICKORY HOLLOW MALL PVTDR PL,ANTIOCH,TN,37013,8863,SOUTH,36.0493,-86.6517,POINT (-86.6517 36.0493)
20190707532,09/24/2019 02:37:00 PM,3,0,0,,Y,352178,11,Front to Rear,21,CLEAR,1,DAYLIGHT,12,MOTOR VEHICLE IN TRANSPORT,CHARLOTTE AV & FISK ST,NASHVILLE,TN,37203,5401,NORTH,36.1586,-86.7987,POINT (-86.7987 36.1586)
20190816017,11/10/2019 12:10:00 AM,1,0,0,Y,N,212348,0,NOT COLLISION W/MOTOR VEHICLE-TRANSPORT,21,CLEAR,3,DARK - LIGHTED,43,OTHER FIXED OBJECTS,10TH AVN & JO JOHNSTON AV,NASHVILLE,TN,37203,4207,CENTRA,36.1656,-86.7902,POINT (-86.7902 36.1656)
20190857685,11/27/2019 02:42:00 PM,2,0,0,,N,384421,11,Front to Rear,21,CLEAR,1,DAYLIGHT,12,MOTOR VEHICLE IN TRANSPORT,MM 52 2 I 24,NASHVILLE,TN,37217,8816,SOUTH,36.1359,-86.7267,POINT (-86.7267 36.1359)
20190662318,09/04/2019 11:30:00 AM,2,0,0,,Y,256392,5,SIDESWIPE - SAME DIRECTION,21,CLEAR,1,DAYLIGHT,12,MOTOR VEHICLE IN TRANSPORT,DELK AV & 25TH AVN,NASHVILLE,TN,37208,4463,NORTH,36.1784,-86.8179,POINT (-86.8179 36.1784)
20190789571,10/29/2019 08:03:00 PM,2,1,0,,N,151132,4,ANGLE,22,CLOUDY,3,DARK - LIGHTED,12,MOTOR VEHICLE IN TRANSPORT,GALLATIN PKES & W WEBSTER ST,MADISON,TN,37115,1507,MADISO,36.2519,-86.7177,POINT (-86.7177 36.2519)
20190590376,08/08/2019 03:00:00 PM,2,0,0,,N,714641,11,Front to Rear,21,CLEAR,1,DAYLIGHT,12,MOTOR VEHICLE IN TRANSPORT,5TH AVN & DEADERICK ST,NASHVILLE,TN,37219,4157,CENTRA,36.1654,-86.7816,POINT (-86.7816 36.1654)
20190914587,12/22/2019 06:17:00 PM,4,5,1,,N,299266,11,Front to Rear,2,RAIN,3,DARK - LIGHTED,1;12,MOTOR VEHICLE IN TRANSPORT,HARDING PL & LINBAR DR,NASHVILLE,TN,37211,8705,SOUTH,36.0841,-86.7059,POINT (-86.7059 36.0841)
20190919085,12/24/2019 11:52:00 PM,3,1,0,,N,256492,4,ANGLE,21,CLEAR,3,DARK - LIGHTED,12;14,MOTOR VEHICLE IN TRANSPORT;PARKED MOTOR VEHICLE,GREEN ST & LEWIS ST,NASHVILLE,TN,37210,8207,HERMIT,36.1529,-86.7578,POINT (-86.7578 36.1529)
20190584987,08/06/2019 04:50:00 PM,2,0,0,,N,352166,4,ANGLE,21,CLEAR,1,DAYLIGHT,12,MOTOR VEHICLE IN TRANSPORT,4TH AVS & ASH ST,NASHVILLE,TN,37210,4005,CENTRA,36.1523,-86.7716,POINT (-86.7716 36.1523)
20190930234,12/30/2019 05:54:00 PM,2,1,0,,N,240957,5,SIDESWIPE - SAME DIRECTION,21,CLEAR,3,DARK - LIGHTED,12,MOTOR VEHICLE IN TRANSPORT,NOLENSVILLE PKE & HICKORYVIEW DR,NASHVILLE,TN,37211,8717,SOUTH,36.0488,-86.7137,POINT (-86.7137 36.0488)
20190719924,09/29/2019 09:38:00 PM,2,1,0,,N,330436,11,Front to Rear,21,CLEAR,7,Dark-Unknown Lighting,12,MOTOR VEHICLE IN TRANSPORT,MM 210 7 I 40,NASHVILLE,TN,37210,8202,HERMIT,36.1532,-86.7644,POINT (-86.7644 36.1532)
20190583635,08/06/2019 07:14:00 AM,3,1,0,,N,191578,11,Front to Rear,21,CLEAR,1,DAYLIGHT,12,MOTOR VEHICLE IN TRANSPORT,MM 212 1 I 40,NASHVILLE,TN,37210,90041,HERMIT,36.1463,-86.7422,POINT (-86.7422 36.1463)
20190608047,08/15/2019 07:08:00 AM,2,0,0,,N,109534,11,Front to Rear,21,CLEAR,1,DAYLIGHT,12,MOTOR VEHICLE IN TRANSPORT,OLD HICKORY BLVD & HADLEY AV,OLD HICKORY,TN,37138,9609,HERMIT,36.2525,-86.6478,POINT (-86.6478 36.2525)
20190593097,08/09/2019 12:49:00 PM,2,0,0,,N,267831,4,ANGLE,22,CLOUDY,1,DAYLIGHT,12,MOTOR VEHICLE IN TRANSPORT,MORROW RD & 59TH AVN,NASHVILLE,TN,37209,4613,WEST,36.1614,-86.8595,POINT (-86.8595 36.1614)
20190749956,10/12/2019 06:26:00 PM,2,0,0,,N,279124,5,SIDESWIPE - SAME DIRECTION,21,CLEAR,1,DAYLIGHT,12,MOTOR VEHICLE IN TRANSPORT,I24 E EXT RAMP & I 24,NASHVILLE,TN,37207,30080,NORTH,36.2378,-86.7872,POINT (-86.7872 36.2378)
20190719817,09/29/2019 08:23:00 PM,2,0,0,,N,212369,4,ANGLE,21,CLEAR,3,DARK - LIGHTED,12,MOTOR VEHICLE IN TRANSPORT,NOLENSVILLE PKE & CONCORD HILLS DR,NASHVILLE,TN,37211,8651,MIDTOW,35.9995,-86.6934,POINT (-86.6934 35.9995)
20190805809,11/05/2019 04:30:00 PM,2,0,0,,Y,279214,4,ANGLE,21,CLEAR,1,DAYLIGHT,12,MOTOR VEHICLE IN TRANSPORT,WEDGEWOOD AV & 12TH AVS,NASHVILLE,TN,37203,6913,MIDTOW,36.1361,-86.7879,POINT (-86.7879 36.1361)
20190930271,12/30/2019 05:57:00 PM,2,0,0,,Y,279211,11,Front to Rear,21,CLEAR,3,DARK - LIGHTED,12,MOTOR VEHICLE IN TRANSPORT,OLD HICKORY BLVDW & DICKERSON PKE,MADISON,TN,37115,2039,MADISO,36.2692,-86.7556,POINT (-86.7556 36.2692)
20190699120,09/20/2019 06:10:00 PM,2,0,0,,N,320582,4,ANGLE,21,CLEAR,1,DAYLIGHT,12,MOTOR VEHICLE IN TRANSPORT,W TRINITY LN & DICKERSON PKE,NASHVILLE,TN,37207,1829,EAST,36.2059,-86.7692,POINT (-86.7692 36.2059)
20190884418,12/09/2019 07:10:00 PM,2,1,0,,N,225894,4,ANGLE,98,OTHER (NARRATIVE),3,DARK - LIGHTED,12,MOTOR VEHICLE IN TRANSPORT,OLD HICKORY BLVD & 2ND ST,OLD HICKORY,TN,37138,9717,HERMIT,36.2168,-86.6235,POINT (-86.6235 36.2168)
20190726323,10/02/2019 11:30:00 AM,2,0,0,,N,352164,11,Front to Rear,21,CLEAR,1,DAYLIGHT,12,MOTOR VEHICLE IN TRANSPORT,MM 59 7 I 24,ANTIOCH,TN,37013,88060,SOUTH,36.0428,-86.6545,POINT (-86.6545 36.0428)
20190759975,10/16/2019 10:50:00 PM,1,1,0,Y,N,415780,0,NOT COLLISION W/MOTOR VEHICLE-TRANSPORT,21,CLEAR,3,DARK - LIGHTED,8,PEDESTRIAN,1 8TH AVS,NASHVILLE,TN,37203,6905,MIDTOW,36.1347,-86.7795,POINT (-86.7795 36.1347)
20190767122,10/19/2019 11:22:00 PM,1,0,0,,Y,298879,0,NOT COLLISION W/MOTOR VEHICLE-TRANSPORT,22,CLOUDY,3,DARK - LIGHTED,39,WALL,MM 204 0 I 40,NASHVILLE,TN,37209,50024,WEST,36.1522,-86.8581,POINT (-86.8581 36.1522)
20190768678,10/20/2019 07:38:00 PM,2,0,0,,N,256426,5,SIDESWIPE - SAME DIRECTION,21,CLEAR,1,DAYLIGHT,12,MOTOR VEHICLE IN TRANSPORT,I 40 & UNKNOWN RAMP,NASHVILLE,TN,37210,9041,HERMIT,36.144,-86.7013,POINT (-86.7013 36.144)
20190835200,11/18/2019 09:23:00 AM,2,1,0,,N,591933,11,Front to Rear,21,CLEAR,1,DAYLIGHT,12,MOTOR VEHICLE IN TRANSPORT,ANTIOCH PKE & RICHARDS RD,ANTIOCH,TN,37013,8899,SOUTH,36.0692,-86.6838,POINT (-86.6838 36.0692)
20190846338,11/22/2019 02:54:00 PM,2,0,0,,N,151132,11,Front to Rear,22,CLOUDY,1,DAYLIGHT,12,MOTOR VEHICLE IN TRANSPORT,OLD HICKORY BLVDW & HERITAGE DR,MADISON,TN,37115,1749,MADISO,36.2641,-86.7242,POINT (-86.7242 36.2641)
20190821135,11/12/2019 08:00:00 AM,1,0,0,,Y,429188,0,NOT COLLISION W/MOTOR VEHICLE-TRANSPORT,22,CLOUDY,1,DAYLIGHT,71,EMBANKMENT EARTH,1 RICHARDS RD,ANTIOCH,TN,37013,8893,SOUTH,36.0686,-86.678,POINT (-86.678 36.0686)
20190587880,08/07/2019 06:15:00 PM,2,0,0,,N,256389,4,ANGLE,21,CLEAR,1,DAYLIGHT,12,MOTOR VEHICLE IN TRANSPORT,BELMONT BLVD & GALE LN,NASHVILLE,TN,37212,6503,MIDTOW,36.117,-86.7977,POINT (-86.7977 36.117)
20190749424,10/12/2019 11:30:00 AM,2,1,0,,N,348631,11,Front to Rear,21,CLEAR,1,DAYLIGHT,12,MOTOR VEHICLE IN TRANSPORT,MM 49 3 I 24,NASHVILLE,TN,37206,10040,EAST,36.1629,-86.7614,POINT (-86.7614 36.1629)
20190588602,08/08/2019 12:10:00 AM,1,0,0,,Y,352204,0,NOT COLLISION W/MOTOR VEHICLE-TRANSPORT,21,CLEAR,3,DARK - LIGHTED,72,EMBANKMENT ROCK/STONE/CONCRETE,HIGHWAY 100 & HARPETH TRACE DR,NASHVILLE,TN,37221,6211,WEST,36.0698,-86.8974,POINT (-86.8974 36.0698)
20190863308,11/30/2019 02:14:00 PM,2,0,0,,N,320597,4,ANGLE,2,RAIN,1,DAYLIGHT,12,MOTOR VEHICLE IN TRANSPORT,I24 W EXT RAMP & I 24,NASHVILLE,TN,37211,8829,SOUTH,36.1074,-86.7197,POINT (-86.7197 36.1074)
20190715263,09/27/2019 01:50:00 PM,2,0,0,,N,633391,5,SIDESWIPE - SAME DIRECTION,21,CLEAR,1,DAYLIGHT,12,MOTOR VEHICLE IN TRANSPORT,I40 E EXT RAMP & I440 W EXT RAMP,NASHVILLE,TN,37209,52280,WEST,36.1554,-86.8234,POINT (-86.8234 36.1554)
20190728980,10/03/2019 12:26:00 PM,2,0,0,,N,462474,5,SIDESWIPE - SAME DIRECTION,21,CLEAR,1,DAYLIGHT,12,MOTOR VEHICLE IN TRANSPORT,HARDING PL & OVERCREST DR,NASHVILLE,TN,37211,8607,MIDTOW,36.0771,-86.7346,POINT (-86.7346 36.0771)
20190662578,09/05/2019 03:15:00 PM,2,0,0,,Y,256501,11,Front to Rear,21,CLEAR,1,DAYLIGHT,12,MOTOR VEHICLE IN TRANSPORT,CLARKSVILLE PKE & ABERNATHY RD,NASHVILLE,TN,37218,3163,NORTH,36.203,-86.8405,POINT (-86.8405 36.203)
20190701375,09/21/2019 12:00:00 AM,2,2,0,,N,279200,11,Front to Rear,21,CLEAR,3,DARK - LIGHTED,12,MOTOR VEHICLE IN TRANSPORT,JEFFERSON ST & 1ST AVN,NASHVILLE,TN,37201,4231,CENTRA,36.176,-86.7806,POINT (-86.7806 36.176)
20190819004,11/11/2019 11:29:00 AM,2,0,0,,N,191578,4,ANGLE,21,CLEAR,1,DAYLIGHT,12,MOTOR VEHICLE IN TRANSPORT,CENTRAL PKE & TULIP GROVE RD,HERMITAGE,TN,37076,9557,HERMIT,36.09,-86.6401,POINT (-86.6401 36.09)