Accident Number,Date and Time,Number of Motor Vehicles,Number of Injuries,Number of Fatalities,Property Damage,Hit and Run,Reporting Officer,Collision Type Code,Collision Type Description,Weather Code,Weather Description,Illumination Code,Illumination Description,Harmful Code,Harmful Code Description,Street Address,City,State,ZIP,RPA,Precinct,Latitude,Longitude,Mapped Location
20190648044,08/30/2019 03:37:00 PM,2,0,0,,N,887598,11,Front to Rear,21,CLEAR,1,DAYLIGHT,12,MOTOR VEHICLE IN TRANSPORT,BRICK CHURCH PKE & AVONDALE CIR,NASHVILLE,TN,37207,3021,NORTH,36.2089,-86.7779,POINT (-86.7779 36.2089)
20190639634,08/27/2019 12:24:00 PM,2,0,0,,N,109534,5,SIDESWIPE - SAME DIRECTION,22,CLOUDY,1,DAYLIGHT,12,MOTOR VEHICLE IN TRANSPORT,CENTRAL PKE & FRIST BLVD,HERMITAGE,TN,37076,9529,HERMIT,36.1741,-86.6085,POINT (-86.6085 36.1741)
20190751483,10/13/2019 01:44:00 PM,2,0,0,,N,348631,4,ANGLE,21,CLEAR,1,DAYLIGHT,12,MOTOR VEHICLE IN TRANSPORT,SHELTON AV & GALLATIN PKE,NASHVILLE,TN,37216,1439,EAST,36.2098,-86.7339,POINT (-86.7339 36.2098)
20190872894,12/04/2019 04:27:00 PM,2,0,0,,N,384439,11,Front to Rear,21,CLEAR,1,DAYLIGHT,12,MOTOR VEHICLE IN TRANSPORT,MM 48 1 I 24,NASHVILLE,TN,37207,1106,EAST,36.1742,-86.7706,POINT (-86.7706 36.1742)
20190744241,10/10/2019 07:12:00 AM,2,1,0,,N,769379,0,NOT COLLISION W/MOTOR VEHICLE-TRANSPORT,21,CLEAR,1,DAYLIGHT,7,,SPACE PARK SOUTH DR & ANTIOCH PKE,NASHVILLE,TN,37211,8843,SOUTH,36.0974,-86.7067,POINT (-86.7067 36.0974)
20190820651,11/12/2019 04:00:00 AM,1,0,0,,N,352193,0,NOT COLLISION W/MOTOR VEHICLE-TRANSPORT,98,OTHER (NARRATIVE),3,DARK - LIGHTED,39,WALL,BRILEY PKWYN & ELM HILL PKE,NASHVILLE,TN,37214,9196,HERMIT,36.1523,-86.6907,POINT (-86.6907 36.1523)
20190696270,09/19/2019 04:50:00 PM,2,0,0,,N,240955,11,Front to Rear,21,CLEAR,1,DAYLIGHT,12,MOTOR VEHICLE IN TRANSPORT,MURFREESBORO PKE & RURAL HILL RD,ANTIOCH,TN,37013,8861,SOUTH,36.0745,-86.6387,POINT (-86.6387 36.0745)
20190678327,09/12/2019 09:45:00 AM,2,0,0,,N,226622,11,Front to Rear,21,CLEAR,1,DAYLIGHT,12,MOTOR VEHICLE IN TRANSPORT,MM 2 4 I 440,NASHVILLE,TN,37215,6008,WEST,36.1238,-86.8108,POINT (-86.8108 36.1238)
20190772406,10/22/2019 10:58:00 AM,2,0,0,,N,134899,11,Front to Rear,21,CLEAR,1,DAYLIGHT,12,MOTOR VEHICLE IN TRANSPORT,STATE HWY 45 & HADLEY AVE,OLD HICKORY,TN,37138,9709,HERMIT,36.2526,-86.648,POINT (-86.648 36.2526)
20190594309,08/09/2019 09:15:00 PM,2,0,0,Y,N,299257,4,ANGLE,21,CLEAR,3,DARK - LIGHTED,12,MOTOR VEHICLE IN TRANSPORT,CRAIGHEAD ST & SEMINOLE AV,NASHVILLE,TN,37211,8041,MIDTOW,36.1313,-86.7597,POINT (-86.7597 36.1313)
20190883174,12/09/2019 08:47:00 AM,4,1,0,,N,665896,11,Front to Rear,22,CLOUDY,1,DAYLIGHT,12,MOTOR VEHICLE IN TRANSPORT,SPRING ST ENT RAMP & ELLINGTON PKWYS,NASHVILLE,TN,37207,1977,EAST,36.178,-86.7641,POINT (-86.7641 36.178)
20190801820,11/04/2019 06:09:00 AM,2,1,0,,N,876581,5,SIDESWIPE - SAME DIRECTION,21,CLEAR,1,DAYLIGHT,12,MOTOR VEHICLE IN TRANSPORT,MM 40 8 I 24,WHITES CREEK,TN,37189,3226,NORTH,36.2733,-86.7966,POINT (-86.7966 36.2733)
20190695530,09/19/2019 10:25:00 AM,2,0,0,,N,226306,4,ANGLE,21,CLEAR,1,DAYLIGHT,12,MOTOR VEHICLE IN TRANSPORT,CHARLOTTE PKE & DAVIDSON DR,NASHVILLE,TN,37209,4701,WEST,36.1295,-86.9033,POINT (-86.9033 36.1295)
20190688184,09/16/2019 04:45:00 PM,2,1,0,,N,161939,11,Front to Rear,21,CLEAR,1,DAYLIGHT,12,MOTOR VEHICLE IN TRANSPORT,MURFREESBORO PKE & LAVERGNE COUCHVILLE P,ANTIOCH,TN,37013,8869,SOUTH,36.0279,-86.5899,POINT (-86.5899 36.0279)
20190803305,11/04/2019 05:49:00 PM,2,0,0,,N,320597,11,Front to Rear,21,CLEAR,2,DARK - NOT LIGHTED,12,MOTOR VEHICLE IN TRANSPORT,MM 58 7 I 24,ANTIOCH,TN,37013,8808,SOUTH,36.0513,-86.6692,POINT (-86.6692 36.0513)
20190791684,10/30/2019 03:30:00 PM,2,0,0,,N,384439,5,SIDESWIPE - SAME DIRECTION,2,RAIN,1,DAYLIGHT,12,MOTOR VEHICLE IN TRANSPORT,SPRING ST & MAIN ST ENT RAMP,NASHVILLE,TN,37206,1997,EAST,36.173,-86.7654,POINT (-86.7654 36.173)
20190931858,12/31/2019 12:12:00 PM,2,0,0,,N,109534,5,SIDESWIPE - SAME DIRECTION,21,CLEAR,1,DAYLIGHT,12,MOTOR VEHICLE IN TRANSPORT,LEBANON PKE & SPENCE LN,NASHVILLE,TN,37210,9019,HERMIT,36.1537,-86.7214,POINT (-86.7214 36.1537)
20190826544,11/14/2019 11:22:00 AM,2,0,0,,N,676834,5,SIDESWIPE - SAME DIRECTION,21,CLEAR,1,DAYLIGHT,14,PARKED MOTOR VEHICLE,FISK ST & JO JOHNSTON AV,NASHVILLE,TN,37203,5401,NORTH,36.1605,-86.8004,POINT (-86.8004 36.1605)
20190747524,10/11/2019 02:50:00 PM,2,0,0,,N,279116,11,Front to Rear,22,CLOUDY,1,DAYLIGHT,12,MOTOR VEHICLE IN TRANSPORT,MM 3 8 I 440,NASHVILLE,TN,37212,6502,MIDTOW,36.1163,-86.7919,POINT (-86.7919 36.1163)
20190697686,09/20/2019 06:59:00 AM,2,0,0,,N,493304,4,ANGLE,22,CLOUDY,1,DAYLIGHT,12,MOTOR VEHICLE IN TRANSPORT,OLD HICKORY BLVD & HICKORY HILLS BLVD,WHITES CREEK,TN,37189,2015,MADISO,36.277,-86.7962,POINT (-86.7962 36.277)
20190817152,11/10/2019 02:41:00 PM,2,1,0,,N,384423,4,ANGLE,21,CLEAR,1,DAYLIGHT,12,MOTOR VEHICLE IN TRANSPORT,BELLEVUE RD & DORAL COUNTRY DR,NASHVILLE,TN,37221,4811,WEST,36.072,-86.941,POINT (-86.941 36.072)
20190596632,08/10/2019 09:00:00 PM,2,0,0,,Y,330435,5,SIDESWIPE - SAME DIRECTION,21,CLEAR,1,DAYLIGHT,12,MOTOR VEHICLE IN TRANSPORT,BRILEY PKWYW & MUSIC CITY CIR,MADISON,TN,37115,1598,MADISO,36.2346,-86.7179,POINT (-86.7179 36.2346)
20190879919,12/07/2019 03:03:00 PM,2,1,0,,N,320597,4,ANGLE,21,CLEAR,1,DAYLIGHT,12,MOTOR VEHICLE IN TRANSPORT,CITATION DR & EZELL PKE,NASHVILLE,TN,37217,8849,SOUTH,36.1005,-86.6723,POINT (-86.6723 36.1005)
20190891846,12/12/2019 07:55:00 AM,1,1,0,,N,834798,0,NOT COLLISION W/MOTOR VEHICLE-TRANSPORT,21,CLEAR,1,DAYLIGHT,9,,RICHARD JONES RD & HILLMONT DR,NASHVILLE,TN,37215,6411,MIDTOW,36.1052,-86.81,POINT (-86.81 36.1052)
20190687358,09/16/2019 09:10:00 AM,2,0,0,,N,225950,11,Front to Rear,21,CLEAR,1,DAYLIGHT,12,MOTOR VEHICLE IN TRANSPORT,23RD AVN & ELLISTON PL,NASHVILLE,TN,37203,5615,MIDTOW,36.1501,-86.8055,POINT (-86.8055 36.1501)
20190793602,10/31/2019 11:13:00 AM,2,0,0,,N,665896,5,SIDESWIPE - SAME DIRECTION,22,CLOUDY,1,DAYLIGHT,12,MOTOR VEHICLE IN TRANSPORT,WOODLAND ST & S 7TH ST,NASHVILLE,TN,37206,1117,EAST,36.1735,-86.7603,POINT (-86.7603 36.1735)
20190658215,09/03/2019 12:00:00 AM,1,0,0,Y,Y,320591,0,NOT COLLISION W/MOTOR VEHICLE-TRANSPORT,21,CLEAR,3,DARK - LIGHTED,25,GUARDRAIL END,SMITH SPRINGS RD & MILBRIDGE DR,ANTIOCH,TN,37013,8997,SOUTH,36.0799,-86.5819,POINT (-86.5819 36.0799)
20190875606,12/05/2019 05:10:00 PM,2,1,0,,N,352177,11,Front to Rear,21,CLEAR,3,DARK - LIGHTED,12,MOTOR VEHICLE IN TRANSPORT,STATE HWY 100 & RAMP,NASHVILLE,TN,37221,6213,WEST,36.0607,-86.9163,POINT (-86.9163 36.0607)
20190914282,12/22/2019 02:00:00 PM,2,3,0,,Y,384448,2,HEAD-ON,2,RAIN,1,DAYLIGHT,12,MOTOR VEHICLE IN TRANSPORT,TUSCULUM RD & BENZING RD,ANTIOCH,TN,37013,8713,SOUTH,36.1565,-86.7372,POINT (-86.7372 36.1565)
20190681251,09/13/2019 10:17:00 AM,2,0,0,,N,571313,11,Front to Rear,21,CLEAR,1,DAYLIGHT,12,MOTOR VEHICLE IN TRANSPORT,WOODMONT BLVD & BELMONT BLVD,NASHVILLE,TN,37215,6415,MIDTOW,36.113,-86.7998,POINT (-86.7998 36.113)
20190827822,11/14/2019 12:00:00 AM,1,0,0,,N,330441,0,NOT COLLISION W/MOTOR VEHICLE-TRANSPORT,21,CLEAR,2,DARK - NOT LIGHTED,34,DITCH,GREEN HILLS DR & SHACKLEFORD RD,NASHVILLE,TN,37215,6411,MIDTOW,36.1017,-86.806,POINT (-86.806 36.1017)
20190676364,09/11/2019 02:50:00 PM,2,0,0,,N,419972,0,NOT COLLISION W/MOTOR VEHICLE-TRANSPORT,21,CLEAR,1,DAYLIGHT,36;7,CONCRETE TRAFFIC BARRIER,MM 1 0 I 440,NASHVILLE,TN,37205,5234,WEST,36.1438,-86.8226,POINT (-86.8226 36.1438)
20190742465,10/09/2019 02:42:00 PM,2,1,0,,Y,256386,3,REAR-TO-REAR,21,CLEAR,1,DAYLIGHT,12,MOTOR VEHICLE IN TRANSPORT,BRILEY PKWY & GLASTONBURY RD,NASHVILLE,TN,37217,88943,HERMIT,36.1372,-86.6997,POINT (-86.6997 36.1372)
20190815044,11/09/2019 12:00:00 AM,2,2,0,,N,299247,5,SIDESWIPE - SAME DIRECTION,21,CLEAR,1,DAYLIGHT,12,MOTOR VEHICLE IN TRANSPORT,BRILEY PKWY & BRILEY PKWYN,NASHVILLE,TN,37217,88940,HERMIT,36.1378,-86.7,POINT (-86.7 36.1378)
20190632611,08/24/2019 05:30:00 AM,2,0,0,,Y,224824,4,ANGLE,21,CLEAR,4,DAWN,14,PARKED MOTOR VEHICLE,8139 BONNAFAIR DRIVE,HERMITAGE,TN,37076,9603,HERMIT,36.2113,-86.6322,POINT (-86.6322 36.2113)
20190732684,10/04/2019 11:00:00 PM,2,0,0,,N,191572,6,SIDESWIPE - OPPOSITE DIRECTION,21,CLEAR,2,DARK - NOT LIGHTED,55,Motor Vehicle-In-Motion Outside Trafficw,RICHARD JONES RD & HILLMONT DR,NASHVILLE,TN,37215,6411,MIDTOW,36.1052,-86.81,POINT (-86.81 36.1052)
20190705781,09/23/2019 10:32:00 PM,1,0,0,,N,151132,0,NOT COLLISION W/MOTOR VEHICLE-TRANSPORT,22,CLOUDY,3,DARK - LIGHTED,29;33,LUMINAIRE/LIGHT SUPPORT;CURB,GALLATIN PKES & GALLATIN PKE,MADISON,TN,37115,1517,MADISO,36.2383,-86.724,POINT (-86.724 36.2383)
20190778226,10/24/2019 06:12:00 PM,2,0,0,,N,134871,5,SIDESWIPE - SAME DIRECTION,21,CLEAR,3,DARK - LIGHTED,12,MOTOR VEHICLE IN TRANSPORT,8TH AVS & LAFAYETTE ST,NASHVILLE,TN,37203,4043,CENTRA,36.1546,-86.7792,POINT (-86.7792 36.1546)
20190734337,10/05/2019 08:28:00 PM,4,3,0,,Y,299266,11,Front to Rear,21,CLEAR,3,DARK - LIGHTED,12,MOTOR VEHICLE IN TRANSPORT,OLD HICKORY BLVD & EULALA DR,NASHVILLE,TN,37211,8717,SOUTH,36.0455,-86.7039,POINT (-86.7039 36.0455)
20190826184,11/14/2019 12:00:00 AM,2,0,0,,Y,876573,11,Front to Rear,21,CLEAR,1,DAYLIGHT,14,PARKED MOTOR VEHICLE,LAKEWALK DR & SPRINGSTEAD TRL,ANTIOCH,TN,37013,8905,SOUTH,36.0514,-86.5941,POINT (-86.5941 36.0514)
20190921723,12/26/2019 01:49:00 PM,3,2,0,,N,902543,4,ANGLE,22,CLOUDY,1,DAYLIGHT,12,MOTOR VEHICLE IN TRANSPORT,I 65 & UNKNOWN RAMP,NASHVILLE,TN,37207,18020,EAST,36.2064,-86.7764,POINT (-86.7764 36.2064)
20190710282,09/25/2019 03:50:00 PM,2,0,0,,N,352213,4,ANGLE,22,CLOUDY,1,DAYLIGHT,12,MOTOR VEHICLE IN TRANSPORT,46TH AVN & PARK AV,NASHVILLE,TN,37209,5129,WEST,36.1516,-86.8422,POINT (-86.8422 36.1516)
20190587644,08/07/2019 02:25:00 PM,2,1,0,,N,169425,11,Front to Rear,21,CLEAR,1,DAYLIGHT,12,MOTOR VEHICLE IN TRANSPORT,MM 79 6 I 65,NASHVILLE,TN,37204,8504,MIDTOW,36.109,-86.7696,POINT (-86.7696 36.109)
20190884593,12/09/2019 05:34:00 PM,2,0,0,,Y,320585,5,SIDESWIPE - SAME DIRECTION,2,RAIN,3,DARK - LIGHTED,12,MOTOR VEHICLE IN TRANSPORT,FESSLERS LN PVTDR & CALHOUN AV,NASHVILLE,TN,37210,9007,HERMIT,36.15,-86.7456,POINT (-86.7456 36.15)
20190897100,12/14/2019 09:24:00 PM,2,0,0,,Y,299257,4,ANGLE,21,CLEAR,3,DARK - LIGHTED,12,MOTOR VEHICLE IN TRANSPORT,MM 5 4 I 440,NASHVILLE,TN,37204,83060,MIDTOW,36.1198,-86.7662,POINT (-86.7662 36.1198)
20190877768,12/06/2019 01:23:00 PM,2,0,0,,N,352211,5,SIDESWIPE - SAME DIRECTION,21,CLEAR,1,DAYLIGHT,12,MOTOR VEHICLE IN TRANSPORT,US HWY 70 & OCEOLA AVE,NASHVILLE,TN,37209,5033,WEST,36.1497,-86.8597,POINT (-86.8597 36.1497)
20190824528,11/13/2019 12:00:00 AM,2,0,0,,Y,279200,4,ANGLE,21,CLEAR,1,DAYLIGHT,12,MOTOR VEHICLE IN TRANSPORT,MM 49 4 I 24,NASHVILLE,TN,37206,10040,EAST,36.1613,-86.7604,POINT (-86.7604 36.1613)
20190788137,10/29/2019 06:54:00 AM,2,1,0,,Y,493304,5,SIDESWIPE - SAME DIRECTION,22,CLOUDY,1,DAYLIGHT,12,MOTOR VEHICLE IN TRANSPORT,GALLATIN PKEN & OLD TIME VILLAGE PVTDR,MADISON,TN,37115,1701,MADISO,36.2638,-86.7117,POINT (-86.7117 36.2638)
20190796931,11/01/2019 04:30:00 PM,2,0,0,,Y,320594,5,SIDESWIPE - SAME DIRECTION,21,CLEAR,1,DAYLIGHT,12,MOTOR VEHICLE IN TRANSPORT,OLD HICKORY BLVD & I40 E ENT RAMP,HERMITAGE,TN,37076,9543,HERMIT,36.1696,-86.601,POINT (-86.601 36.1696)
20190753269,10/14/2019 09:31:00 AM,2,0,0,,N,212325,11,Front to Rear,21,CLEAR,1,DAYLIGHT,12,MOTOR VEHICLE IN TRANSPORT,HARRIS ST & GALLATIN PKES,MADISON,TN,37115,1605,MADISO,36.2584,-86.7135,POINT (-86.7135 36.2584)
20190739701,10/08/2019 10:01:00 AM,2,0,0,,N,279230,4,ANGLE,22,CLOUDY,1,DAYLIGHT,12,MOTOR VEHICLE IN TRANSPORT,BISHOPSGATE RD & PICCADILLY ROW,ANTIOCH,TN,37013,8895,SOUTH,36.0784,-86.6589,POINT (-86.6589 36.0784)
20190798228,11/01/2019 03:10:00 PM,2,0,0,,Y,769379,4,ANGLE,21,CLEAR,1,DAYLIGHT,12;14,MOTOR VEHICLE IN TRANSPORT;PARKED MOTOR VEHICLE,NOLENSVILLE PKE & ZOO RD,NASHVILLE,TN,37211,8509,MIDTOW,36.0886,-86.732,POINT (-86.732 36.0886)
20190672041,09/09/2019 11:01:00 PM,2,0,0,,Y,320584,5,SIDESWIPE - SAME DIRECTION,21,CLEAR,3,DARK - LIGHTED,12,MOTOR VEHICLE IN TRANSPORT,BELL RD & BROOK VIEW ESTATES DR,ANTIOCH,TN,37013,8755,SOUTH,36.0439,-86.6933,POINT (-86.6933 36.0439)
20190869817,12/03/2019 02:06:00 PM,2,2,0,,N,716886,4,ANGLE,21,CLEAR,1,DAYLIGHT,12,MOTOR VEHICLE IN TRANSPORT,MURFREESBORO PKE & HAMILTON CHURCH RD,ANTIOCH,TN,37013,8865,SOUTH,36.0649,-86.6286,POINT (-86.6286 36.0649)
20190603855,08/13/2019 12:00:00 AM,1,1,0,,N,298861,0,NOT COLLISION W/MOTOR VEHICLE-TRANSPORT,2,RAIN,1,DAYLIGHT,8,PEDESTRIAN,OPRY MILLS DR & MOSS ROSE DR,NASHVILLE,TN,37214,9209,HERMIT,36.2029,-86.6947,POINT (-86.6947 36.2029)
20190710554,09/25/2019 06:06:00 PM,2,0,0,,N,169425,11,Front to Rear,21,CLEAR,1,DAYLIGHT,12,MOTOR VEHICLE IN TRANSPORT,NOLENSVILLE PKE & NORTHCREST DR,NASHVILLE,TN,37211,8711,SOUTH,36.0667,-86.7179,POINT (-86.7179 36.0667)
20190699344,09/20/2019 07:20:00 PM,2,0,0,,N,240983,4,ANGLE,21,CLEAR,3,DARK - LIGHTED,12,MOTOR VEHICLE IN TRANSPORT,OLD HICKORY BLVD & LOGISTICS WAY,ANTIOCH,TN,37013,8869,SOUTH,36.0286,-86.614,POINT (-86.614 36.0286)
20190740114,10/08/2019 03:53:00 PM,3,0,0,,Y,240983,11,Front to Rear,21,CLEAR,1,DAYLIGHT,12,MOTOR VEHICLE IN TRANSPORT,HARDING PL & TAMPA DR,NASHVILLE,TN,37211,8443,SOUTH,36.0827,-86.7105,POINT (-86.7105 36.0827)
20190929346,12/30/2019 10:20:00 AM,2,2,0,,N,405391,11,Front to Rear,21,CLEAR,1,DAYLIGHT,12;36,MOTOR VEHICLE IN TRANSPORT;CONCRETE TRAFFIC BARRIER,MM 201 5 I 40,NASHVILLE,TN,37209,50023,WEST,36.1351,-86.8939,POINT (-86.8939 36.1351)
20190681546,09/13/2019 12:34:00 PM,2,0,0,,N,716886,16,Rear to Side,21,CLEAR,1,DAYLIGHT,14,PARKED MOTOR VEHICLE,PEACHTREE ST & BURBANK AV,NASHVILLE,TN,37210,8347,SOUTH,36.1202,-86.7453,POINT (-86.7453 36.1202)
20190815367,11/09/2019 04:00:00 PM,2,0,0,,N,352168,5,SIDESWIPE - SAME DIRECTION,21,CLEAR,1,DAYLIGHT,12,MOTOR VEHICLE IN TRANSPORT,OLD HICKORY BLVD & STONE BROOK DR,BRENTWOOD,TN,37027,8623,MIDTOW,36.0409,-86.7794,POINT (-86.7794 36.0409)
20190769932,10/21/2019 10:43:00 AM,2,0,0,,N,191578,5,SIDESWIPE - SAME DIRECTION,2,RAIN,1,DAYLIGHT,12,MOTOR VEHICLE IN TRANSPORT,MM 211 3 I 40,NASHVILLE,TN,37210,9002,HERMIT,36.1524,-86.7539,POINT (-86.7539 36.1524)
20190845177,11/22/2019 03:50:00 AM,1,0,0,,N,405404,0,NOT COLLISION W/MOTOR VEHICLE-TRANSPORT,2,RAIN,3,DARK - LIGHTED,2;28,OVERHEAD SIGN SUPPORT,MM 54 7 I 24,NASHVILLE,TN,37211,8602,SOUTH,36.0977,-86.7096,POINT (-86.7096 36.0977)
20190790746,10/30/2019 06:57:00 AM,2,0,0,,N,384433,11,Front to Rear,2,RAIN,4,DAWN,12,MOTOR VEHICLE IN TRANSPORT,MM 49 2 I 24,NASHVILLE,TN,37213,1002,CENTRA,36.1637,-86.7625,POINT (-86.7625 36.1637)
20190617932,08/19/2019 08:09:00 AM,2,0,0,,N,140808,11,Front to Rear,21,CLEAR,1,DAYLIGHT,12,MOTOR VEHICLE IN TRANSPORT,CHURCH STE & PLUM ORCHARD DR,BRENTWOOD,TN,37027,8623,MIDTOW,36.0331,-86.7742,POINT (-86.7742 36.0331)
20190718763,09/29/2019 04:50:00 AM,2,0,0,,Y,256493,5,SIDESWIPE - SAME DIRECTION,21,CLEAR,3,DARK - LIGHTED,12,MOTOR VEHICLE IN TRANSPORT,MURFREESBORO PKE & LAKEVILLA DR,ANTIOCH,TN,37013,8861,SOUTH,36.0767,-86.6409,POINT (-86.6409 36.0767)
20190862838,11/30/2019 07:40:00 AM,2,0,0,,N,633381,4,ANGLE,22,CLOUDY,1,DAYLIGHT,14,PARKED MOTOR VEHICLE,BLUEWILLOW CT & GREYSTONE ST,ANTIOCH,TN,37013,8901,SOUTH,36.0419,-86.5779,POINT (-86.5779 36.0419)
20190782326,10/26/2019 04:06:00 PM,1,0,0,,N,352155,0,NOT COLLISION W/MOTOR VEHICLE-TRANSPORT,2,RAIN,1,DAYLIGHT,18,OTHER OBJECT (NOT FIXED),MM 88 0 I 65,NASHVILLE,TN,37207,18041,EAST,36.2165,-86.775,POINT (-86.775 36.2165)
20190649632,08/31/2019 03:31:00 AM,1,0,0,,N,110090,0,NOT COLLISION W/MOTOR VEHICLE-TRANSPORT,21,CLEAR,3,DARK - LIGHTED,39,WALL,MM 61 4 I 24,ANTIOCH,TN,37013,87040,SOUTH,36.0259,-86.6335,POINT (-86.6335 36.0259)
20190717180,09/28/2019 10:35:00 AM,2,0,0,,N,468030,4,ANGLE,21,CLEAR,1,DAYLIGHT,14,PARKED MOTOR VEHICLE,CROCKETT ST & JONES AV,NASHVILLE,TN,37207,1873,EAST,36.1961,-86.7587,POINT (-86.7587 36.1961)
20190735768,10/06/2019 03:19:00 PM,2,1,0,,N,320580,11,Front to Rear,22,CLOUDY,1,DAYLIGHT,12,MOTOR VEHICLE IN TRANSPORT,MM 215 5 I 40,NASHVILLE,TN,37217,89020,HERMIT,36.1432,-86.6865,POINT (-86.6865 36.1432)
20190622020,08/20/2019 03:56:00 PM,2,0,0,,N,256424,4,ANGLE,21,CLEAR,1,DAYLIGHT,12,MOTOR VEHICLE IN TRANSPORT,MCGAVOCK PKE & LEBANON PKE,NASHVILLE,TN,37214,9307,HERMIT,36.1697,-86.6798,POINT (-86.6798 36.1697)
20190856009,11/26/2019 10:04:00 PM,1,0,0,,N,320600,0,NOT COLLISION W/MOTOR VEHICLE-TRANSPORT,2,RAIN,3,DARK - LIGHTED,34,DITCH,US HWY 431 & MOORMANS ARM RD,NASHVILLE,TN,37207,3047,NORTH,36.2182,-86.8035,POINT (-86.8035 36.2182)
20190764383,10/18/2019 04:50:00 PM,2,3,0,,N,714641,11,Front to Rear,21,CLEAR,1,DAYLIGHT,12,MOTOR VEHICLE IN TRANSPORT,SHELBY AV & I24 E ENT RAMP,NASHVILLE,TN,37213,1007,CENTRA,36.1662,-86.7658,POINT (-86.7658 36.1662)
20190779080,10/25/2019 03:10:00 AM,2,0,0,,Y,352163,6,SIDESWIPE - OPPOSITE DIRECTION,21,CLEAR,3,DARK - LIGHTED,14,PARKED MOTOR VEHICLE,BROOKE CASTLE DR & TULIP GROVE RD,HERMITAGE,TN,37076,9537,HERMIT,36.2063,-86.5902,POINT (-86.5902 36.2063)
20190716505,09/28/2019 01:20:00 AM,1,0,0,,N,330419,0,NOT COLLISION W/MOTOR VEHICLE-TRANSPORT,21,CLEAR,3,DARK - LIGHTED,36,CONCRETE TRAFFIC BARRIER,I65 S EXT RAMP & I 65,MADISON,TN,37115,20044,MADISO,36.2481,-86.743,POINT (-86.743 36.2481)
20190608238,08/15/2019 09:03:00 AM,2,0,0,,N,414668,5,SIDESWIPE - SAME DIRECTION,21,CLEAR,1,DAYLIGHT,12,MOTOR VEHICLE IN TRANSPORT,OLD HICKORY BLVD & I40 E EXT RAMP,HERMITAGE,TN,37076,9561,HERMIT,36.178,-86.6051,POINT (-86.6051 36.178)
20190868811,12/03/2019 06:44:00 AM,2,1,0,,N,279230,4,ANGLE,21,CLEAR,1,DAYLIGHT,12,MOTOR VEHICLE IN TRANSPORT,CITATION DR & EZELL PKE,NASHVILLE,TN,37217,8849,SOUTH,36.1005,-86.6723,POINT (-86.6723 36.1005)
20190867597,12/02/2019 12:00:00 AM,2,0,0,,N,384421,11,Front to Rear,21,CLEAR,3,DARK - LIGHTED,12,MOTOR VEHICLE IN TRANSPORT,MURFREESBORO PKE & DELL PKWY,NASHVILLE,TN,37217,8841,SOUTH,36.1084,-86.6782,POINT (-86.6782 36.1084)
20190668835,09/08/2019 12:51:00 PM,2,0,0,,N,279113,98,OTHER,21,CLEAR,1,DAYLIGHT,12,MOTOR VEHICLE IN TRANSPORT,US HWY 41 & RANSOM PL,NASHVILLE,TN,37217,8935,HERMIT,36.0886,-86.6497,POINT (-86.6497 36.0886)
20190792330,10/30/2019 09:00:00 PM,1,0,0,,N,352155,0,NOT COLLISION W/MOTOR VEHICLE-TRANSPORT,2,RAIN,2,DARK - NOT LIGHTED,18,OTHER OBJECT (NOT FIXED),I65 N ENT RAMP & I 40,NASHVILLE,TN,37208,44041,NORTH,36.1734,-86.8012,POINT (-86.8012 36.1734)
20190870813,12/03/2019 10:20:00 PM,1,1,0,,N,284059,0,NOT COLLISION W/MOTOR VEHICLE-TRANSPORT,21,CLEAR,2,DARK - NOT LIGHTED,42,TREE,GRAYS POINT RD & CRAFT RD,JOELTON,TN,37080,3319,NORTH,36.2895,-86.8969,POINT (-86.8969 36.2895)
20190647886,08/30/2019 12:00:00 AM,2,0,0,,N,226827,11,Front to Rear,21,CLEAR,1,DAYLIGHT,12,MOTOR VEHICLE IN TRANSPORT,MM 94 4 I 65,MADISON,TN,37115,17042,MADISO,36.2921,-86.7207,POINT (-86.7207 36.2921)
20190918367,12/24/2019 01:31:00 PM,2,1,0,,N,462501,11,Front to Rear,,,1,DAYLIGHT,12,MOTOR VEHICLE IN TRANSPORT,US HWY 70 & 12TH AVE N,NASHVILLE,TN,37203,4081,CENTRA,36.1565,-86.7876,POINT (-86.7876 36.1565)
20190916638,12/23/2019 06:00:00 PM,2,1,0,,N,352192,11,Front to Rear,21,CLEAR,3,DARK - LIGHTED,12,MOTOR VEHICLE IN TRANSPORT,CHARLOTTE PKE & W HILLWOOD DR,NASHVILLE,TN,37209,5009,WEST,36.1347,-86.8881,POINT (-86.8881 36.1347)
20190618323,08/19/2019 11:19:00 AM,2,0,0,,N,191578,16,Rear to Side,21,CLEAR,1,DAYLIGHT,12,MOTOR VEHICLE IN TRANSPORT,DECATUR AV & GREEN ST,NASHVILLE,TN,37210,9005,HERMIT,36.1528,-86.7537,POINT (-86.7537 36.1528)
20190844089,11/21/2019 05:28:00 PM,2,0,0,,N,337276,11,Front to Rear,21,CLEAR,2,DARK - NOT LIGHTED,12,MOTOR VEHICLE IN TRANSPORT,S 12TH ST & SHELBY AVE,NASHVILLE,TN,37206,1033,EAST,36.1711,-86.7494,POINT (-86.7494 36.1711)
20190888213,12/11/2019 04:45:00 AM,1,1,0,Y,N,284059,0,NOT COLLISION W/MOTOR VEHICLE-TRANSPORT,21,CLEAR,3,DARK - LIGHTED,40,MAIL BOX,RINGGOLD DR & WORK DR,NASHVILLE,TN,37207,3043,NORTH,36.2187,-86.8107,POINT (-86.8107 36.2187)