Accident Number,Date and Time,Number of Motor Vehicles,Number of Injuries,Number of Fatalities,Property Damage,Hit and Run,Reporting Officer,Collision Type Code,Collision Type Description,Weather Code,Weather Description,Illumination Code,Illumination Description,Harmful Code,Harmful Code Description,Street Address,City,State,ZIP,RPA,Precinct,Latitude,Longitude,Mapped Location
20190810859,11/07/2019 04:10:00 PM,2,0,0,,N,384449,5,SIDESWIPE - SAME DIRECTION,2,RAIN,5,DUSK,12,MOTOR VEHICLE IN TRANSPORT,I40 E EXT RAMP & I40 W ENT RAMP,HERMITAGE,TN,37076,9510,HERMIT,36.1772,-86.6052,POINT (-86.6052 36.1772)
20190726265,10/02/2019 11:35:00 AM,2,0,0,,N,267831,11,Front to Rear,21,CLEAR,1,DAYLIGHT,12,MOTOR VEHICLE IN TRANSPORT,CHARLOTTE PKE & CHARLOTTE PKE PVTDR,NASHVILLE,TN,37209,4703,WEST,36.1293,-86.9044,POINT (-86.9044 36.1293)
20190863288,11/30/2019 02:00:00 PM,3,1,0,,Y,352164,4,ANGLE,2,RAIN,1,DAYLIGHT,12,MOTOR VEHICLE IN TRANSPORT,MM 54 0 I 24,NASHVILLE,TN,37211,88122,SOUTH,36.1064,-86.7188,POINT (-86.7188 36.1064)
20190773271,10/22/2019 12:00:00 AM,2,0,0,,N,212344,4,ANGLE,21,CLEAR,1,DAYLIGHT,12,MOTOR VEHICLE IN TRANSPORT,GALLATIN AV & MAXWELL AV,NASHVILLE,TN,37206,1243,EAST,36.1821,-86.7491,POINT (-86.7491 36.1821)
20190688512,09/16/2019 07:09:00 PM,2,1,0,,N,887592,4,ANGLE,21,CLEAR,3,DARK - LIGHTED,12,MOTOR VEHICLE IN TRANSPORT,1ST AVS & DEMONBREUN ST,NASHVILLE,TN,37201,4049,CENTRA,36.1611,-86.7736,POINT (-86.7736 36.1611)
20190857771,11/27/2019 03:23:00 PM,2,0,0,,Y,151132,2,HEAD-ON,21,CLEAR,1,DAYLIGHT,12,MOTOR VEHICLE IN TRANSPORT,N GRAYCROFT AV & STAR BLVD,MADISON,TN,37115,1759,MADISO,36.284,-86.7182,POINT (-86.7182 36.284)
20190927831,12/29/2019 05:21:00 PM,2,0,0,,N,384392,11,Front to Rear,2,RAIN,2,DARK - NOT LIGHTED,12;14,MOTOR VEHICLE IN TRANSPORT;PARKED MOTOR VEHICLE,HIGHWAY 100 & WESTHAVEN DR,NASHVILLE,TN,37221,4805,WEST,36.0348,-86.9721,POINT (-86.9721 36.0348)
20190643040,08/28/2019 06:16:00 PM,2,1,0,,N,594473,11,Front to Rear,21,CLEAR,1,DAYLIGHT,12,MOTOR VEHICLE IN TRANSPORT,21ST AVS & SCARRITT PL,NASHVILLE,TN,37212,6709,MIDTOW,36.1464,-86.7995,POINT (-86.7995 36.1464)
20190700907,09/21/2019 05:30:00 PM,1,0,0,,Y,330417,0,NOT COLLISION W/MOTOR VEHICLE-TRANSPORT,21,CLEAR,1,DAYLIGHT,30,UTILITY POLE,WILLIAMS AV & HERITAGE VIEW BLVD,MADISON,TN,37115,1743,MADISO,36.2675,-86.7139,POINT (-86.7139 36.2675)
20190900659,12/16/2019 05:15:00 PM,2,0,0,,N,330417,4,ANGLE,2,RAIN,3,DARK - LIGHTED,12,MOTOR VEHICLE IN TRANSPORT,DICKERSON PKE & OLD HICKORY BLVD,NASHVILLE,TN,37207,2133,MADISO,36.2693,-86.7557,POINT (-86.7557 36.2693)
20190858642,11/28/2019 12:00:00 AM,2,0,0,,N,298875,4,ANGLE,21,CLEAR,3,DARK - LIGHTED,12,MOTOR VEHICLE IN TRANSPORT,UNA ANTIOCH PKE & RANSOM VILLAGE WAY,ANTIOCH,TN,37013,8891,SOUTH,36.0841,-86.65,POINT (-86.65 36.0841)
20190817955,11/10/2019 10:00:00 PM,2,0,0,,Y,161945,6,SIDESWIPE - OPPOSITE DIRECTION,21,CLEAR,3,DARK - LIGHTED,12,MOTOR VEHICLE IN TRANSPORT,15134 HICKORY PLZ,NASHVILLE,TN,37211,8655,MIDTOW,36.046,-86.7164,POINT (-86.7164 36.046)
20190653426,09/01/2019 10:20:00 PM,2,1,0,,N,175719,5,SIDESWIPE - SAME DIRECTION,22,CLOUDY,3,DARK - LIGHTED,12,MOTOR VEHICLE IN TRANSPORT,ELLINGTON PKWYN & ELLINGTON PKWYS,NASHVILLE,TN,37216,1890,EAST,36.2227,-86.7464,POINT (-86.7464 36.2227)
20190703159,09/22/2019 07:10:00 PM,2,0,0,,N,161939,4,ANGLE,21,CLEAR,3,DARK - LIGHTED,12,MOTOR VEHICLE IN TRANSPORT,HAMILTON CHURCH RD & MARHADEN DR,ANTIOCH,TN,37013,8907,SOUTH,36.0571,-86.592,POINT (-86.592 36.0571)
20190829781,11/15/2019 06:16:00 PM,2,1,0,,N,320597,5,SIDESWIPE - SAME DIRECTION,21,CLEAR,3,DARK - LIGHTED,12,MOTOR VEHICLE IN TRANSPORT,NOLENSVILLE PKE & ALLIED DR,NASHVILLE,TN,37211,8511,MIDTOW,36.0962,-86.7377,POINT (-86.7377 36.0962)
20190640094,08/27/2019 04:02:00 PM,2,1,0,Y,Y,429193,4,ANGLE,21,CLEAR,1,DAYLIGHT,12;24,MOTOR VEHICLE IN TRANSPORT;GUARDRAIL FACE,MM 1 4 I 440,NASHVILLE,TN,37209,52320,WEST,36.1496,-86.8227,POINT (-86.8227 36.1496)
20190771893,10/22/2019 07:03:00 AM,2,0,0,,Y,676834,3,REAR-TO-REAR,21,CLEAR,1,DAYLIGHT,12,MOTOR VEHICLE IN TRANSPORT,3900 CLARKSVILLE PKE,NASHVILLE,TN,37218,3141,NORTH,36.2076,-86.8398,POINT (-86.8398 36.2076)
20190916631,12/23/2019 04:41:00 PM,2,0,0,,N,206676,4,ANGLE,22,CLOUDY,5,DUSK,12,MOTOR VEHICLE IN TRANSPORT,US HWY 31E & STATE HWY 45,MADISON,TN,37115,1701,MADISO,36.2649,-86.7113,POINT (-86.7113 36.2649)
20190749705,10/12/2019 02:25:00 PM,2,0,0,,N,256386,11,Front to Rear,21,CLEAR,1,DAYLIGHT,12,MOTOR VEHICLE IN TRANSPORT,SMITH SPRINGS RD & REYNOLDS RD,NASHVILLE,TN,37217,8941,HERMIT,36.0968,-86.6533,POINT (-86.6533 36.0968)
20190862182,11/29/2019 12:00:00 AM,1,0,0,Y,Y,109522,0,NOT COLLISION W/MOTOR VEHICLE-TRANSPORT,99,UNKNOWN,9,UNKNOWN,40;47,MAIL BOX;FIRE HYDRANT,MORROW RD & 61ST AVN,NASHVILLE,TN,37209,4615,WEST,36.1631,-86.8623,POINT (-86.8623 36.1631)
20190904938,12/18/2019 08:00:00 AM,2,0,0,,N,226622,5,SIDESWIPE - SAME DIRECTION,22,CLOUDY,1,DAYLIGHT,12,MOTOR VEHICLE IN TRANSPORT,MM 4 4 I 440,NASHVILLE,TN,37204,7014,MIDTOW,36.1158,-86.7827,POINT (-86.7827 36.1158)
20190679139,09/12/2019 04:15:00 PM,2,1,0,,N,311344,11,Front to Rear,21,CLEAR,1,DAYLIGHT,12,MOTOR VEHICLE IN TRANSPORT,OLD HICKORY BLVDW & DONNA DR,MADISON,TN,37115,1749,MADISO,36.2639,-86.7211,POINT (-86.7211 36.2639)
20190630061,08/23/2019 11:00:00 AM,2,0,0,,N,109534,11,Front to Rear,22,CLOUDY,1,DAYLIGHT,12,MOTOR VEHICLE IN TRANSPORT,LEBANON PKE & OLD HICKORY BLVD,HERMITAGE,TN,37076,9613,HERMIT,36.1756,-86.6154,POINT (-86.6154 36.1756)
20190732814,10/05/2019 12:00:00 AM,2,0,0,,Y,299269,4,ANGLE,21,CLEAR,3,DARK - LIGHTED,12,MOTOR VEHICLE IN TRANSPORT,CLARKSVILLE PKE & STEVENS LN,NASHVILLE,TN,37218,3219,NORTH,36.2388,-86.8307,POINT (-86.8307 36.2388)
20190914623,12/22/2019 06:51:00 PM,2,1,0,,N,352178,5,SIDESWIPE - SAME DIRECTION,21,CLEAR,3,DARK - LIGHTED,12,MOTOR VEHICLE IN TRANSPORT,MM 86 3 I 65,NASHVILLE,TN,37207,1910,CENTRA,36.1919,-86.7808,POINT (-86.7808 36.1919)
20190752216,10/13/2019 11:00:00 PM,2,0,0,,Y,200016,5,SIDESWIPE - SAME DIRECTION,21,CLEAR,2,DARK - NOT LIGHTED,12,MOTOR VEHICLE IN TRANSPORT,MM 210 5 I 40,NASHVILLE,TN,37210,8202,HERMIT,36.1522,-86.7669,POINT (-86.7669 36.1522)
20190614573,08/17/2019 07:30:00 PM,2,0,0,,Y,320581,5,SIDESWIPE - SAME DIRECTION,21,CLEAR,3,DARK - LIGHTED,12,MOTOR VEHICLE IN TRANSPORT,ED TEMPLE BLVD & ROSA L PARKS BLVD,NASHVILLE,TN,37228,4483,NORTH,36.188,-86.8216,POINT (-86.8216 36.188)
20190906047,12/18/2019 06:35:00 PM,2,0,0,,N,299257,11,Front to Rear,21,CLEAR,3,DARK - LIGHTED,12,MOTOR VEHICLE IN TRANSPORT,MM 81 6 I 65,NASHVILLE,TN,37203,8006,MIDTOW,36.1373,-86.7757,POINT (-86.7757 36.1373)
20190611474,08/16/2019 02:12:00 PM,1,0,0,,N,256389,0,NOT COLLISION W/MOTOR VEHICLE-TRANSPORT,21,CLEAR,1,DAYLIGHT,36,CONCRETE TRAFFIC BARRIER,MM 4 0 I 440,NASHVILLE,TN,37204,7010,MIDTOW,36.1161,-86.7901,POINT (-86.7901 36.1161)
20190683115,09/14/2019 02:12:00 AM,1,1,0,,N,311341,0,NOT COLLISION W/MOTOR VEHICLE-TRANSPORT,21,CLEAR,2,DARK - NOT LIGHTED,17,BOULDER,RIVER ROAD PKE & INDIAN CREEK RD,NASHVILLE,TN,37209,4707,WEST,36.1387,-86.9512,POINT (-86.9512 36.1387)
20190766812,10/19/2019 07:38:00 PM,2,0,0,,N,279208,4,ANGLE,22,CLOUDY,7,Dark-Unknown Lighting,12,MOTOR VEHICLE IN TRANSPORT,WEST END AV & 19TH AVN,NASHVILLE,TN,37203,5707,MIDTOW,36.1526,-86.7968,POINT (-86.7968 36.1526)
20190595637,08/10/2019 12:23:00 PM,2,4,0,,N,279116,11,Front to Rear,22,CLOUDY,1,DAYLIGHT,12,MOTOR VEHICLE IN TRANSPORT,WOODMONT BLVD & NOELTON AV,NASHVILLE,TN,37215,6415,MIDTOW,36.1122,-86.7943,POINT (-86.7943 36.1122)
20190647537,08/30/2019 12:03:00 PM,2,0,0,,N,279113,98,OTHER,21,CLEAR,1,DAYLIGHT,12,MOTOR VEHICLE IN TRANSPORT,MURFREESBORO PKE & DONELSON PKE,NASHVILLE,TN,37217,8841,SOUTH,36.1062,-86.6731,POINT (-86.6731 36.1062)
20190747447,10/11/2019 01:00:00 PM,2,0,0,,N,225950,4,ANGLE,21,CLEAR,1,DAYLIGHT,12,MOTOR VEHICLE IN TRANSPORT,16TH AVS & TREMONT ST,NASHVILLE,TN,37212,6703,MIDTOW,36.1441,-86.793,POINT (-86.793 36.1441)
20190826363,11/14/2019 09:30:00 AM,2,0,0,,N,224464,11,Front to Rear,21,CLEAR,1,DAYLIGHT,12,MOTOR VEHICLE IN TRANSPORT,DOMINICAN DR & ROSA L PARKS BLVD,NASHVILLE,TN,37208,4403,NORTH,36.1879,-86.7985,POINT (-86.7985 36.1879)
20190642253,08/28/2019 11:40:00 AM,2,0,0,,N,109534,11,Front to Rear,21,CLEAR,1,DAYLIGHT,12,MOTOR VEHICLE IN TRANSPORT,BRILEY PKWY & VENUS DR,NASHVILLE,TN,37217,88942,HERMIT,36.1232,-86.6965,POINT (-86.6965 36.1232)
20190891743,12/12/2019 12:50:00 PM,2,0,0,,N,352174,4,ANGLE,22,CLOUDY,1,DAYLIGHT,12,MOTOR VEHICLE IN TRANSPORT,21ST AVS & BROADWAY,NASHVILLE,TN,37203,5713,MIDTOW,36.1484,-86.7993,POINT (-86.7993 36.1484)
20190729540,10/03/2019 03:55:00 PM,2,0,0,,N,693098,5,SIDESWIPE - SAME DIRECTION,21,CLEAR,1,DAYLIGHT,12,MOTOR VEHICLE IN TRANSPORT,BRILEY PKWYN & BRILEY PKWYS,NASHVILLE,TN,37211,8404,SOUTH,36.1092,-86.727,POINT (-86.727 36.1092)
20190729571,10/03/2019 05:50:00 PM,2,0,0,,Y,384416,5,SIDESWIPE - SAME DIRECTION,21,CLEAR,1,DAYLIGHT,12,MOTOR VEHICLE IN TRANSPORT,MURFREESBORO PKE & EZELL PKE,NASHVILLE,TN,37217,8849,SOUTH,36.1047,-86.6695,POINT (-86.6695 36.1047)
20190740577,10/08/2019 06:30:00 PM,2,0,0,,N,161948,5,SIDESWIPE - SAME DIRECTION,21,CLEAR,1,DAYLIGHT,12,MOTOR VEHICLE IN TRANSPORT,MM 211 1 I 40,NASHVILLE,TN,37210,8008,HERMIT,36.1539,-86.7571,POINT (-86.7571 36.1539)
20190855418,11/26/2019 03:54:00 PM,2,0,0,,Y,256389,11,Front to Rear,2,RAIN,1,DAYLIGHT,12,MOTOR VEHICLE IN TRANSPORT,MM 79 5 I 65,NASHVILLE,TN,37204,70042,MIDTOW,36.106,-86.7678,POINT (-86.7678 36.106)
20190791934,10/30/2019 05:40:00 PM,2,0,0,,N,212346,4,ANGLE,2,RAIN,3,DARK - LIGHTED,12,MOTOR VEHICLE IN TRANSPORT,2ND AVN & JUNIOR GILLIAM WAY,NASHVILLE,TN,37201,4231,CENTRA,36.1743,-86.7829,POINT (-86.7829 36.1743)
20190853876,11/26/2019 01:35:00 AM,2,0,0,,N,240944,0,NOT COLLISION W/MOTOR VEHICLE-TRANSPORT,21,CLEAR,3,DARK - LIGHTED,18,OTHER OBJECT (NOT FIXED),MM 56 8 I 24,NASHVILLE,TN,37211,8810,SOUTH,36.0721,-86.6914,POINT (-86.6914 36.0721)
20190930770,12/31/2019 12:32:00 AM,2,0,0,,N,279203,98,OTHER,21,CLEAR,3,DARK - LIGHTED,12,MOTOR VEHICLE IN TRANSPORT,4TH AVN & CHARLOTTE AV,NASHVILLE,TN,37201,4161,CENTRA,36.1664,-86.7807,POINT (-86.7807 36.1664)
20190781035,10/25/2019 10:22:00 PM,1,1,0,,N,405424,0,NOT COLLISION W/MOTOR VEHICLE-TRANSPORT,2,RAIN,3,DARK - LIGHTED,1;17,BOULDER,NASHBORO BLVD & NASHBORO VILLAGE PVTDR,NASHVILLE,TN,37217,8937,HERMIT,36.0886,-86.6441,POINT (-86.6441 36.0886)
20190880587,12/07/2019 07:30:00 PM,2,0,0,,Y,279195,4,ANGLE,21,CLEAR,1,DAYLIGHT,14,PARKED MOTOR VEHICLE,LAKESIDE APT PVTDR & I40 E EXT RAMP,HERMITAGE,TN,37076,9527,HERMIT,36.1673,-86.607,POINT (-86.607 36.1673)
20190887098,12/10/2019 06:50:00 PM,2,0,0,,N,580819,4,ANGLE,21,CLEAR,3,DARK - LIGHTED,12,MOTOR VEHICLE IN TRANSPORT,4TH AVS & LAFAYETTE ST,NASHVILLE,TN,37203,4007,CENTRA,36.1515,-86.7711,POINT (-86.7711 36.1515)
20190800491,11/03/2019 12:55:00 PM,2,0,0,,Y,298864,11,Front to Rear,21,CLEAR,1,DAYLIGHT,12,MOTOR VEHICLE IN TRANSPORT,GALLATIN PKEN & OLD TIME VILLAGE PVTDR,MADISON,TN,37115,1701,MADISO,36.2638,-86.7117,POINT (-86.7117 36.2638)
20190914900,12/22/2019 10:30:00 PM,2,0,0,,Y,352193,16,Rear to Side,2,RAIN,3,DARK - LIGHTED,14,PARKED MOTOR VEHICLE,1 JACKSON DOWNS BLVD,NASHVILLE,TN,37214,9403,HERMIT,36.1825,-86.6379,POINT (-86.6379 36.1825)
20190686076,09/15/2019 04:54:00 PM,2,2,0,,N,197054,11,Front to Rear,21,CLEAR,1,DAYLIGHT,12,MOTOR VEHICLE IN TRANSPORT,MURFREESBORO PKE & THOMPSON PL,NASHVILLE,TN,37217,8879,SOUTH,36.1267,-86.7111,POINT (-86.7111 36.1267)
20190893226,12/13/2019 02:38:00 AM,1,1,0,Y,N,206683,0,NOT COLLISION W/MOTOR VEHICLE-TRANSPORT,22,CLOUDY,3,DARK - LIGHTED,7,,HAYWOOD LN & HOLLIS HILL DR,NASHVILLE,TN,37211,8711,SOUTH,36.0684,-86.7119,POINT (-86.7119 36.0684)
20190656885,09/03/2019 11:01:00 AM,2,0,0,,N,716886,4,ANGLE,21,CLEAR,1,DAYLIGHT,12,MOTOR VEHICLE IN TRANSPORT,I40 E EXT RAMP & I 40,NASHVILLE,TN,37214,8955,HERMIT,36.155,-86.6271,POINT (-86.6271 36.155)
20190815073,11/09/2019 01:58:00 PM,2,0,0,,N,224824,4,ANGLE,21,CLEAR,1,DAYLIGHT,12,MOTOR VEHICLE IN TRANSPORT,ALLEN RD & DONELSON PKE,NASHVILLE,TN,37214,9423,HERMIT,36.1507,-86.6666,POINT (-86.6666 36.1507)
20190642853,08/28/2019 04:20:00 PM,2,0,0,,N,352213,11,Front to Rear,21,CLEAR,1,DAYLIGHT,12,MOTOR VEHICLE IN TRANSPORT,OLD HICKORY BLVD & GAUCHO ROAD PVTDR,NASHVILLE,TN,37221,6213,WEST,36.0543,-86.8997,POINT (-86.8997 36.0543)
20190615275,08/18/2019 12:00:00 AM,1,2,0,Y,N,299248,0,NOT COLLISION W/MOTOR VEHICLE-TRANSPORT,21,CLEAR,3,DARK - LIGHTED,1;30;33,UTILITY POLE;CURB,EAST THOMPSON LN & LAWNDALE DR,NASHVILLE,TN,37217,8879,SOUTH,36.1223,-86.7176,POINT (-86.7176 36.1223)
20190828755,11/15/2019 08:01:00 AM,2,0,0,,Y,352202,5,SIDESWIPE - SAME DIRECTION,21,CLEAR,1,DAYLIGHT,12,MOTOR VEHICLE IN TRANSPORT,I24 E ENT RAMP & I 24,NASHVILLE,TN,37213,1007,CENTRA,36.1662,-86.7659,POINT (-86.7659 36.1662)
20190785254,10/28/2019 06:05:00 AM,1,0,0,Y,N,384444,0,NOT COLLISION W/MOTOR VEHICLE-TRANSPORT,5,FOG,3,DARK - LIGHTED,32;40;64,CULVERT;MAIL BOX;Ran Off Road-Left,RHINE DR & BURGUNDY DR,MADISON,TN,37115,2041,MADISO,36.2582,-86.7405,POINT (-86.7405 36.2582)
20190809819,11/07/2019 07:13:00 AM,2,0,0,,N,161952,11,Front to Rear,2,RAIN,4,DAWN,12,MOTOR VEHICLE IN TRANSPORT,MM 33 1 I 24,JOELTON,TN,37080,23040,NORTH,36.3315,-86.8995,POINT (-86.8995 36.3315)
20190810244,11/07/2019 11:09:00 AM,2,1,0,,N,306231,11,Front to Rear,2,RAIN,1,DAYLIGHT,12,MOTOR VEHICLE IN TRANSPORT,W TRINITY LN & I65 N ENT RAMP,NASHVILLE,TN,37207,1863,EAST,36.2063,-86.7735,POINT (-86.7735 36.2063)
20190753911,10/14/2019 02:46:00 PM,2,1,0,,N,279116,11,Front to Rear,21,CLEAR,1,DAYLIGHT,12,MOTOR VEHICLE IN TRANSPORT,I440 ENT RAMP & I 65,NASHVILLE,TN,37204,7018,MIDTOW,36.1117,-86.7713,POINT (-86.7713 36.1117)
20190627388,08/22/2019 01:10:00 PM,1,1,0,,N,191578,0,NOT COLLISION W/MOTOR VEHICLE-TRANSPORT,21,CLEAR,1,DAYLIGHT,34;41,DITCH;SHRUBBERY,OLD HICKORY BLVD & HERMITAGE WOODS DR,HERMITAGE,TN,37076,9561,HERMIT,36.1773,-86.6042,POINT (-86.6042 36.1773)
20190603904,08/13/2019 05:35:00 PM,5,2,0,,N,256448,11,Front to Rear,2,RAIN,1,DAYLIGHT,12,MOTOR VEHICLE IN TRANSPORT,MM 215 8 I 40,NASHVILLE,TN,37217,89020,HERMIT,36.1424,-86.6815,POINT (-86.6815 36.1424)
20190701535,09/21/2019 10:15:00 PM,2,0,0,,N,209173,2,HEAD-ON,21,CLEAR,3,DARK - LIGHTED,14,PARKED MOTOR VEHICLE,SOMERSET FARMS CIR & RYAN CT,NASHVILLE,TN,37221,4811,WEST,36.0734,-86.9658,POINT (-86.9658 36.0734)
20190752994,10/14/2019 07:17:00 AM,2,0,0,,N,279122,11,Front to Rear,21,CLEAR,1,DAYLIGHT,12,MOTOR VEHICLE IN TRANSPORT,MM 88 6 I 65,NASHVILLE,TN,37207,3004,EAST,36.2251,-86.7745,POINT (-86.7745 36.2251)
20190876263,12/05/2019 11:31:00 PM,1,1,0,,N,109542,0,NOT COLLISION W/MOTOR VEHICLE-TRANSPORT,21,CLEAR,3,DARK - LIGHTED,8,PEDESTRIAN,3RD AVS & BROADWAY,NASHVILLE,TN,37201,4105,CENTRA,36.1615,-86.776,POINT (-86.776 36.1615)
20190927757,12/29/2019 04:10:00 PM,3,0,0,,N,161939,4,ANGLE,2,RAIN,1,DAYLIGHT,12,MOTOR VEHICLE IN TRANSPORT,MURFREESBORO PKE & BELL RD,ANTIOCH,TN,37013,8861,SOUTH,36.072,-86.636,POINT (-86.636 36.072)
20190818642,11/11/2019 07:38:00 AM,1,0,0,,N,109534,0,NOT COLLISION W/MOTOR VEHICLE-TRANSPORT,21,CLEAR,1,DAYLIGHT,18,OTHER OBJECT (NOT FIXED),MM 218 0 I 40,NASHVILLE,TN,37217,89020,HERMIT,36.1413,-86.667,POINT (-86.667 36.1413)
20190589830,08/08/2019 10:25:00 AM,2,1,0,,Y,607049,11,Front to Rear,21,CLEAR,1,DAYLIGHT,12,MOTOR VEHICLE IN TRANSPORT,DUE WEST AVW & S GRAYCROFT AV,MADISON,TN,37115,1799,MADISO,36.2492,-86.7345,POINT (-86.7345 36.2492)
20190764090,10/18/2019 02:13:00 PM,2,3,0,,N,716886,5,SIDESWIPE - SAME DIRECTION,21,CLEAR,1,DAYLIGHT,12,MOTOR VEHICLE IN TRANSPORT,4TH AVS & HART ST,NASHVILLE,TN,37210,8127,SOUTH,36.1423,-86.765,POINT (-86.765 36.1423)
20190874383,12/05/2019 07:43:00 AM,2,0,0,,N,109534,11,Front to Rear,21,CLEAR,1,DAYLIGHT,12,MOTOR VEHICLE IN TRANSPORT,MM 211 0 I 40,NASHVILLE,TN,37210,82020,HERMIT,36.1544,-86.7598,POINT (-86.7598 36.1544)
20190879412,12/07/2019 08:04:00 AM,3,2,0,,N,769379,11,Front to Rear,22,CLOUDY,1,DAYLIGHT,12,MOTOR VEHICLE IN TRANSPORT,HARDING PL & JONQUIL DR,NASHVILLE,TN,37211,8705,SOUTH,36.0804,-86.7179,POINT (-86.7179 36.0804)
20190746467,10/11/2019 03:15:00 AM,2,0,0,,N,191786,4,ANGLE,21,CLEAR,2,DARK - NOT LIGHTED,14,PARKED MOTOR VEHICLE,BUENA VISTA PKE & BRILEY PKWYE,NASHVILLE,TN,37218,3217,NORTH,36.2326,-86.8252,POINT (-86.8252 36.2326)
20190829049,11/15/2019 11:30:00 AM,2,0,0,,N,352214,11,Front to Rear,21,CLEAR,1,DAYLIGHT,12,MOTOR VEHICLE IN TRANSPORT,JEFFERSON ST & 11TH AVN,NASHVILLE,TN,37208,4245,NORTH,36.1716,-86.798,POINT (-86.798 36.1716)
20190839337,11/19/2019 10:00:00 PM,1,0,0,,N,256492,0,NOT COLLISION W/MOTOR VEHICLE-TRANSPORT,21,CLEAR,3,DARK - LIGHTED,18,OTHER OBJECT (NOT FIXED),OLD HICKORY BLVD & CENTER ST,OLD HICKORY,TN,37138,9717,HERMIT,36.2252,-86.6256,POINT (-86.6256 36.2252)
20190905710,12/18/2019 04:00:00 PM,3,0,0,,N,206958,11,Front to Rear,21,CLEAR,1,DAYLIGHT,12,MOTOR VEHICLE IN TRANSPORT,DICKERSON PKE & BROADMOOR DR,NASHVILLE,TN,37207,1809,EAST,36.2277,-86.7596,POINT (-86.7596 36.2277)
20190848998,11/23/2019 07:50:00 PM,2,0,0,,N,179606,11,Front to Rear,21,CLEAR,3,DARK - LIGHTED,12,MOTOR VEHICLE IN TRANSPORT,HART ST & 4TH AVS,NASHVILLE,TN,37210,8169,SOUTH,36.1424,-86.765,POINT (-86.765 36.1424)
20190717578,09/28/2019 04:04:00 PM,1,1,0,,N,384444,0,NOT COLLISION W/MOTOR VEHICLE-TRANSPORT,21,CLEAR,1,DAYLIGHT,8,PEDESTRIAN,HIGHWAY 100 & OLD HARDING PKE,NASHVILLE,TN,37221,4807,WEST,36.0445,-86.956,POINT (-86.956 36.0445)
20190673903,09/10/2019 05:35:00 PM,3,1,0,,Y,717341,4,ANGLE,21,CLEAR,1,DAYLIGHT,12,MOTOR VEHICLE IN TRANSPORT,MURFREESBORO PKE & HOBSON PKE,ANTIOCH,TN,37013,8927,SOUTH,36.043,-86.6066,POINT (-86.6066 36.043)
20190593183,08/09/2019 01:30:00 PM,2,1,0,,Y,342952,3,REAR-TO-REAR,21,CLEAR,1,DAYLIGHT,12,MOTOR VEHICLE IN TRANSPORT,MM 214 6 I 40,NASHVILLE,TN,37210,90060,HERMIT,36.1437,-86.7027,POINT (-86.7027 36.1437)
20190736259,10/06/2019 09:25:00 PM,2,0,0,,Y,330435,2,HEAD-ON,2,RAIN,3,DARK - LIGHTED,12;14,MOTOR VEHICLE IN TRANSPORT;PARKED MOTOR VEHICLE,MAPLEWOOD LN & LEMONT DR,NASHVILLE,TN,37216,1813,EAST,36.2287,-86.7427,POINT (-86.7427 36.2287)
20190691049,09/17/2019 06:30:00 PM,2,2,0,,N,633391,11,Front to Rear,21,CLEAR,1,DAYLIGHT,12,MOTOR VEHICLE IN TRANSPORT,US HWY 70 & WESTBORO DR,NASHVILLE,TN,37209,5027,WEST,36.1456,-86.8714,POINT (-86.8714 36.1456)
20190624685,08/21/2019 02:08:00 PM,2,0,0,,N,206676,11,Front to Rear,21,CLEAR,1,DAYLIGHT,12,MOTOR VEHICLE IN TRANSPORT,LAKEWOOD DR & GALLATIN PKES,MADISON,TN,37115,1517,MADISO,36.2444,-86.7222,POINT (-86.7222 36.2444)
20190743547,10/09/2019 11:24:00 PM,1,0,0,,N,146772,0,NOT COLLISION W/MOTOR VEHICLE-TRANSPORT,21,CLEAR,3,DARK - LIGHTED,50,DEER (ANIMAL),OLD HICKORY BLVDW & DICKERSON PKE,MADISON,TN,37115,2039,MADISO,36.2692,-86.7556,POINT (-86.7556 36.2692)
20190886604,12/10/2019 02:51:00 PM,1,1,0,Y,N,240983,0,NOT COLLISION W/MOTOR VEHICLE-TRANSPORT,22,CLOUDY,1,DAYLIGHT,1;40;63;71;72,MAIL BOX;Ran Off Road-Right;EMBANKMENT EARTH;EMBANKMENT ROCK/STONE/CONCRETE,EAST THOMPSON LN & WIMPOLE DR,NASHVILLE,TN,37217,8879,SOUTH,36.1247,-86.7148,POINT (-86.7148 36.1247)
20190866816,12/02/2019 11:07:00 AM,2,0,0,,N,665896,2,HEAD-ON,22,CLOUDY,1,DAYLIGHT,12,MOTOR VEHICLE IN TRANSPORT,BOSCOBEL ST & S 11TH ST,NASHVILLE,TN,37206,1237,EAST,36.1723,-86.7506,POINT (-86.7506 36.1723)
20190878199,12/06/2019 04:36:00 PM,2,1,0,,Y,240985,5,SIDESWIPE - SAME DIRECTION,21,CLEAR,1,DAYLIGHT,12,MOTOR VEHICLE IN TRANSPORT,MM 5 2 I 440,NASHVILLE,TN,37204,8306,MIDTOW,36.1179,-86.7684,POINT (-86.7684 36.1179)
20190898938,12/15/2019 10:50:00 PM,2,1,0,,N,311338,4,ANGLE,22,CLOUDY,3,DARK - LIGHTED,12,MOTOR VEHICLE IN TRANSPORT,BUCHANAN ST & 12TH AVN,NASHVILLE,TN,37208,4453,NORTH,36.1802,-86.8064,POINT (-86.8064 36.1802)
20190841700,11/20/2019 06:35:00 PM,2,1,0,,N,240966,4,ANGLE,21,CLEAR,3,DARK - LIGHTED,12,MOTOR VEHICLE IN TRANSPORT,SHELBY AV & S 10TH ST,NASHVILLE,TN,37206,1031,EAST,36.1713,-86.7525,POINT (-86.7525 36.1713)