Accident Number,Date and Time,Number of Motor Vehicles,Number of Injuries,Number of Fatalities,Property Damage,Hit and Run,Reporting Officer,Collision Type Code,Collision Type Description,Weather Code,Weather Description,Illumination Code,Illumination Description,Harmful Code,Harmful Code Description,Street Address,City,State,ZIP,RPA,Precinct,Latitude,Longitude,Mapped Location
20190733767,10/05/2019 01:57:00 PM,2,2,0,,N,620080,4,ANGLE,21,CLEAR,1,DAYLIGHT,12,MOTOR VEHICLE IN TRANSPORT,MURFREESBORO PKE & FOREST VIEW DR,ANTIOCH,TN,37013,8865,SOUTH,36.0674,-86.6313,POINT (-86.6313 36.0674)
20190719564,09/29/2019 04:30:00 PM,2,0,0,,Y,320603,16,Rear to Side,21,CLEAR,1,DAYLIGHT,12,MOTOR VEHICLE IN TRANSPORT,HILLSBORO DR & HILLSBORO PKE,NASHVILLE,TN,37215,6111,WEST,36.1023,-86.8185,POINT (-86.8185 36.1023)
20190774379,10/23/2019 06:38:00 AM,3,0,0,,N,191578,11,Front to Rear,21,CLEAR,1,DAYLIGHT,12,MOTOR VEHICLE IN TRANSPORT,MM 215 7 I 40,NASHVILLE,TN,37217,89020,HERMIT,36.1426,-86.6823,POINT (-86.6823 36.1426)
20190891398,12/12/2019 09:08:00 AM,2,0,0,,N,311325,11,Front to Rear,21,CLEAR,1,DAYLIGHT,12,MOTOR VEHICLE IN TRANSPORT,MM 212 0 I 40,NASHVILLE,TN,37210,90041,HERMIT,36.147,-86.7433,POINT (-86.7433 36.147)
20190781742,10/26/2019 08:11:00 AM,2,0,0,,N,352179,5,SIDESWIPE - SAME DIRECTION,22,CLOUDY,1,DAYLIGHT,12,MOTOR VEHICLE IN TRANSPORT,MM 88 6 I 65,NASHVILLE,TN,37207,3004,EAST,36.2251,-86.7745,POINT (-86.7745 36.2251)
20190607366,08/15/2019 12:20:00 AM,1,0,0,,N,279216,0,NOT COLLISION W/MOTOR VEHICLE-TRANSPORT,21,CLEAR,3,DARK - LIGHTED,31;33,"OTHER POST, POLE, SUPP.;CURB",W TRINITY LN & SCRUGGS LN,NASHVILLE,TN,37207,3007,NORTH,36.2068,-86.7805,POINT (-86.7805 36.2068)
20190875259,12/05/2019 02:45:00 PM,2,0,0,,N,299267,4,ANGLE,21,CLEAR,1,DAYLIGHT,12,MOTOR VEHICLE IN TRANSPORT,CHARLOTTE AV & MCMILLIN ST,NASHVILLE,TN,37203,5503,MIDTOW,36.1596,-86.7962,POINT (-86.7962 36.1596)
20190822985,11/13/2019 12:38:00 AM,1,0,0,Y,Y,109522,0,NOT COLLISION W/MOTOR VEHICLE-TRANSPORT,21,CLEAR,2,DARK - NOT LIGHTED,1;34,DITCH,BRILEY PKWYN & BRILEY PKWY N EXT RAMP,NASHVILLE,TN,37214,9294,HERMIT,36.1977,-86.688,POINT (-86.688 36.1977)
20190628079,08/22/2019 06:10:00 PM,2,0,0,,Y,320582,5,SIDESWIPE - SAME DIRECTION,2,RAIN,1,DAYLIGHT,12,MOTOR VEHICLE IN TRANSPORT,MM 47 8 I 24,NASHVILLE,TN,37207,1904,CENTRA,36.1775,-86.7731,POINT (-86.7731 36.1775)
20190804616,11/05/2019 07:35:00 AM,2,0,0,,N,224824,5,SIDESWIPE - SAME DIRECTION,21,CLEAR,1,DAYLIGHT,12,MOTOR VEHICLE IN TRANSPORT,MM 219 9 I 40,HERMITAGE,TN,37076,94021,HERMIT,36.1635,-86.6169,POINT (-86.6169 36.1635)
20190903280,12/17/2019 05:57:00 PM,3,0,0,,N,299257,11,Front to Rear,21,CLEAR,2,DARK - NOT LIGHTED,12,MOTOR VEHICLE IN TRANSPORT,MM 76 8 I 65,NASHVILLE,TN,37220,86042,MIDTOW,36.0684,-86.7703,POINT (-86.7703 36.0684)
20190662192,09/05/2019 01:57:00 PM,2,0,0,,N,834798,16,Rear to Side,21,CLEAR,1,DAYLIGHT,12,MOTOR VEHICLE IN TRANSPORT,BERNARD AV & BELMONT BLVD,NASHVILLE,TN,37212,6609,MIDTOW,36.1319,-86.7955,POINT (-86.7955 36.1319)
20190641591,08/28/2019 06:14:00 AM,2,1,0,,N,352188,11,Front to Rear,21,CLEAR,1,DAYLIGHT,12,MOTOR VEHICLE IN TRANSPORT,MM 56 0 I 24,NASHVILLE,TN,37211,8708,SOUTH,36.0818,-86.6975,POINT (-86.6975 36.0818)
20190920244,12/25/2019 07:05:00 PM,1,0,0,,Y,256426,0,NOT COLLISION W/MOTOR VEHICLE-TRANSPORT,21,CLEAR,3,DARK - LIGHTED,1;36,CONCRETE TRAFFIC BARRIER,I40 W ENT RAMP & I 40,NASHVILLE,TN,37210,9007,HERMIT,36.1484,-86.7454,POINT (-86.7454 36.1484)
20190820708,11/12/2019 12:00:00 AM,1,1,0,,Y,608786,0,NOT COLLISION W/MOTOR VEHICLE-TRANSPORT,21,CLEAR,3,DARK - LIGHTED,23,BRIDGE RAIL,STATE RT 45 & OLD HICKORY BLVD,OLD HICKORY,TN,37138,9701,HERMIT,36.2634,-86.6755,POINT (-86.6755 36.2634)
20190774565,10/23/2019 12:00:00 AM,1,1,0,,N,620072,0,NOT COLLISION W/MOTOR VEHICLE-TRANSPORT,21,CLEAR,1,DAYLIGHT,44,PAVED SURFACE-IRREGULAR,WEDGEWOOD AVE & 15TH AVE S,NASHVILLE,TN,37212,6615,MIDTOW,36.1361,-86.7927,POINT (-86.7927 36.1361)
20190719145,09/29/2019 11:19:00 AM,1,0,0,,Y,279230,0,NOT COLLISION W/MOTOR VEHICLE-TRANSPORT,21,CLEAR,1,DAYLIGHT,34,DITCH,1300 BLUE HOLE RD,ANTIOCH,TN,37013,8719,SOUTH,36.0465,-86.6745,POINT (-86.6745 36.0465)
20190721192,09/30/2019 12:22:00 PM,2,1,0,,Y,212345,5,SIDESWIPE - SAME DIRECTION,21,CLEAR,1,DAYLIGHT,12,MOTOR VEHICLE IN TRANSPORT,DICKERSON PKE & CLEVELAND ST,NASHVILLE,TN,37207,1919,EAST,36.1875,-86.7734,POINT (-86.7734 36.1875)
20190922139,12/26/2019 05:52:00 PM,2,0,0,,N,212322,4,ANGLE,21,CLEAR,2,DARK - NOT LIGHTED,12,MOTOR VEHICLE IN TRANSPORT,ANTIOCH PKE & CHEROKEE HILLS DR,ANTIOCH,TN,37013,8899,SOUTH,36.0796,-86.6848,POINT (-86.6848 36.0796)
20190640613,08/27/2019 08:00:00 PM,1,1,0,Y,N,279214,0,NOT COLLISION W/MOTOR VEHICLE-TRANSPORT,2,RAIN,3,DARK - LIGHTED,36,CONCRETE TRAFFIC BARRIER,MM 3 0 I 440,NASHVILLE,TN,37215,6424,MIDTOW,36.1201,-86.8026,POINT (-86.8026 36.1201)
20190693442,09/18/2019 02:35:00 PM,2,1,0,,N,717341,4,ANGLE,21,CLEAR,1,DAYLIGHT,12,MOTOR VEHICLE IN TRANSPORT,ANTIOCH PKE & FRANKLIN LIMESTONE RD,ANTIOCH,TN,37013,8899,SOUTH,36.0804,-86.6857,POINT (-86.6857 36.0804)
20190851722,11/25/2019 06:50:00 AM,2,0,0,,N,109495,11,Front to Rear,21,CLEAR,1,DAYLIGHT,12,MOTOR VEHICLE IN TRANSPORT,MM 5 6 I 440,NASHVILLE,TN,37211,81060,MIDTOW,36.1219,-86.7622,POINT (-86.7622 36.1219)
20190896334,12/14/2019 11:45:00 AM,2,0,0,,N,179602,4,ANGLE,22,CLOUDY,1,DAYLIGHT,12,MOTOR VEHICLE IN TRANSPORT,CLARKSVILLE PKE & BUENA VISTA PKE,NASHVILLE,TN,37218,3135,NORTH,36.1935,-86.8309,POINT (-86.8309 36.1935)
20190749355,10/12/2019 09:55:00 AM,2,0,0,,N,262757,4,ANGLE,21,CLEAR,1,DAYLIGHT,12,MOTOR VEHICLE IN TRANSPORT,MM 212 9 I 40,NASHVILLE,TN,37210,82061,HERMIT,36.1404,-86.7312,POINT (-86.7312 36.1404)
20190605825,08/14/2019 11:29:00 AM,2,1,0,,N,352164,11,Front to Rear,21,CLEAR,1,DAYLIGHT,12,MOTOR VEHICLE IN TRANSPORT,BELL RD & BLUE HOLE RD,ANTIOCH,TN,37013,8719,SOUTH,36.0458,-86.6744,POINT (-86.6744 36.0458)
20190731365,10/04/2019 12:00:00 AM,1,0,0,Y,Y,256428,0,NOT COLLISION W/MOTOR VEHICLE-TRANSPORT,99,UNKNOWN,9,UNKNOWN,30,UTILITY POLE,I24 W EXT RAMP & I 24,NASHVILLE,TN,37211,8829,SOUTH,36.1074,-86.7197,POINT (-86.7197 36.1074)
20190925121,12/28/2019 04:08:00 AM,1,0,0,,Y,311338,9,UNKNOWN,5,FOG,7,Dark-Unknown Lighting,99,UNKNOWN MOST HARMFUL EVENT,HERMAN ST & 19TH AVN,NASHVILLE,TN,37208,5355,NORTH,36.1631,-86.8051,POINT (-86.8051 36.1631)
20190702463,09/22/2019 11:30:00 AM,2,0,0,,N,384439,11,Front to Rear,21,CLEAR,1,DAYLIGHT,12,MOTOR VEHICLE IN TRANSPORT,POWELL AV & POWELL PL,NASHVILLE,TN,37204,8527,MIDTOW,36.1065,-86.7646,POINT (-86.7646 36.1065)
20190602418,08/13/2019 07:17:00 AM,3,0,0,,N,212369,5,SIDESWIPE - SAME DIRECTION,21,CLEAR,1,DAYLIGHT,12,MOTOR VEHICLE IN TRANSPORT,MM 79 5 I 65,NASHVILLE,TN,37204,70042,MIDTOW,36.106,-86.7678,POINT (-86.7678 36.106)
20190895371,12/13/2019 11:20:00 PM,3,0,0,,N,279217,11,Front to Rear,2,RAIN,3,DARK - LIGHTED,12,MOTOR VEHICLE IN TRANSPORT,CLARKSVILLE PKE & 24TH AVN,NASHVILLE,TN,37208,4417,NORTH,36.1847,-86.8157,POINT (-86.8157 36.1847)
20190810740,11/07/2019 03:27:00 PM,2,0,0,,N,279208,11,Front to Rear,2,RAIN,1,DAYLIGHT,12,MOTOR VEHICLE IN TRANSPORT,I40 E ENT RAMP & I 40,NASHVILLE,TN,37205,4903,WEST,36.1109,-86.922,POINT (-86.922 36.1109)
20190909973,12/20/2019 08:43:00 AM,2,0,0,,N,191578,5,SIDESWIPE - SAME DIRECTION,21,CLEAR,1,DAYLIGHT,12,MOTOR VEHICLE IN TRANSPORT,MM 212 4 I 40,NASHVILLE,TN,37210,82060,HERMIT,36.1441,-86.7389,POINT (-86.7389 36.1441)
20190848304,11/23/2019 11:30:00 AM,3,0,0,,N,405397,11,Front to Rear,22,CLOUDY,1,DAYLIGHT,12,MOTOR VEHICLE IN TRANSPORT,MM 49 4 I 24,NASHVILLE,TN,37206,10040,EAST,36.1613,-86.7604,POINT (-86.7604 36.1613)
20190753620,10/14/2019 12:20:00 PM,2,1,0,,N,320592,98,OTHER,21,CLEAR,1,DAYLIGHT,12,MOTOR VEHICLE IN TRANSPORT,HERMITAGE MARKETPLACE PVTDR & OLD HICKOR,HERMITAGE,TN,37076,9507,HERMIT,36.1944,-86.618,POINT (-86.618 36.1944)
20190798337,11/02/2019 12:16:00 PM,1,2,0,Y,N,348631,0,NOT COLLISION W/MOTOR VEHICLE-TRANSPORT,21,CLEAR,1,DAYLIGHT,30,UTILITY POLE,TREVECCA AV & DOUGLAS AV,NASHVILLE,TN,37206,1933,EAST,36.1928,-86.7457,POINT (-86.7457 36.1928)
20190728664,10/03/2019 10:10:00 AM,1,1,0,,N,352214,0,NOT COLLISION W/MOTOR VEHICLE-TRANSPORT,21,CLEAR,1,DAYLIGHT,8,PEDESTRIAN,ROSA L PARKS BLVD & MADISON ST,NASHVILLE,TN,37208,4305,NORTH,36.1738,-86.7917,POINT (-86.7917 36.1738)
20190894208,12/13/2019 12:04:00 PM,2,0,0,,N,405447,11,Front to Rear,2,RAIN,1,DAYLIGHT,12,MOTOR VEHICLE IN TRANSPORT,GRANNY WHITE PKE & OLD HICKORY BLVD,NASHVILLE,TN,37220,7111,MIDTOW,36.0397,-86.8164,POINT (-86.8164 36.0397)
20190644267,08/29/2019 07:18:00 AM,2,0,0,,N,620072,5,SIDESWIPE - SAME DIRECTION,21,CLEAR,1,DAYLIGHT,12,MOTOR VEHICLE IN TRANSPORT,US HWY 70 & CHURCH ST,NASHVILLE,TN,37203,4153,CENTRA,36.1584,-86.7906,POINT (-86.7906 36.1584)
20190592474,08/09/2019 07:36:00 AM,2,0,0,,N,320601,11,Front to Rear,21,CLEAR,1,DAYLIGHT,12,MOTOR VEHICLE IN TRANSPORT,MURFREESBORO PKE & BRILEY PKWY N EXT RAM,NASHVILLE,TN,37217,8831,SOUTH,36.1178,-86.6997,POINT (-86.6997 36.1178)
20190635615,08/25/2019 07:50:00 PM,1,1,0,,N,161939,0,NOT COLLISION W/MOTOR VEHICLE-TRANSPORT,2,RAIN,3,DARK - LIGHTED,8,PEDESTRIAN,US HWY 31 ALT & SWISS AVE,ANTIOCH,TN,37013,8757,SOUTH,36.0425,-86.7128,POINT (-86.7128 36.0425)
20190645374,08/29/2019 04:00:00 PM,2,0,0,,N,330427,5,SIDESWIPE - SAME DIRECTION,21,CLEAR,1,DAYLIGHT,12,MOTOR VEHICLE IN TRANSPORT,WHITES CREEK PKE & BRILEY PKWYE,NASHVILLE,TN,37207,3027,NORTH,36.2336,-86.815,POINT (-86.815 36.2336)
20190639344,08/27/2019 09:57:00 AM,2,0,0,,N,279110,11,Front to Rear,21,CLEAR,1,DAYLIGHT,12,MOTOR VEHICLE IN TRANSPORT,THOMPSON LN & NOLENSVILLE PKE,NASHVILLE,TN,37211,8519,MIDTOW,36.1109,-86.7452,POINT (-86.7452 36.1109)
20190618384,08/19/2019 11:44:00 AM,2,0,0,,Y,676834,5,SIDESWIPE - SAME DIRECTION,21,CLEAR,1,DAYLIGHT,12,MOTOR VEHICLE IN TRANSPORT,CHARLOTTE AV & DR D B TODD JR BLVD,NASHVILLE,TN,37203,5505,MIDTOW,36.1581,-86.8,POINT (-86.8 36.1581)
20190682304,09/13/2019 07:04:00 PM,2,1,0,,N,299266,4,ANGLE,21,CLEAR,2,DARK - NOT LIGHTED,12,MOTOR VEHICLE IN TRANSPORT,MM 59 1 I 24,ANTIOCH,TN,37013,87061,SOUTH,36.0478,-86.6634,POINT (-86.6634 36.0478)
20190789535,10/29/2019 07:00:00 PM,1,0,0,,N,352207,0,NOT COLLISION W/MOTOR VEHICLE-TRANSPORT,21,CLEAR,3,DARK - LIGHTED,50,DEER (ANIMAL),TROUSDALE DR & ARROWWOOD DR,NASHVILLE,TN,37220,8601,MIDTOW,36.0701,-86.7587,POINT (-86.7587 36.0701)
20190932909,12/31/2019 11:06:00 PM,2,0,0,,Y,299270,4,ANGLE,21,CLEAR,3,DARK - LIGHTED,12,MOTOR VEHICLE IN TRANSPORT,WEST END AV & 21ST AVN,NASHVILLE,TN,37203,5715,MIDTOW,36.1503,-86.8016,POINT (-86.8016 36.1503)
20190775430,10/23/2019 03:11:00 PM,2,0,0,,N,151132,5,SIDESWIPE - SAME DIRECTION,21,CLEAR,1,DAYLIGHT,12,MOTOR VEHICLE IN TRANSPORT,MM 39 7 I 24,WHITES CREEK,TN,37189,3314,NORTH,36.2862,-86.8089,POINT (-86.8089 36.2862)
20190732351,10/04/2019 06:07:00 PM,2,0,0,,N,352172,4,ANGLE,21,CLEAR,5,DUSK,14,PARKED MOTOR VEHICLE,WOLFEBORO LN & AVONDALE PARK BLVD,NASHVILLE,TN,37221,4811,WEST,36.0728,-86.9915,POINT (-86.9915 36.0728)
20190890447,12/12/2019 01:12:00 AM,2,2,0,,N,298871,4,ANGLE,21,CLEAR,3,DARK - LIGHTED,12,MOTOR VEHICLE IN TRANSPORT,17TH AVN & CHARLOTTE AV,NASHVILLE,TN,37203,5503,MIDTOW,36.1588,-86.7982,POINT (-86.7982 36.1588)
20190812454,11/08/2019 08:50:00 AM,2,0,0,,N,462474,11,Front to Rear,21,CLEAR,1,DAYLIGHT,12,MOTOR VEHICLE IN TRANSPORT,MM 2 3 I 440,NASHVILLE,TN,37215,6006,WEST,36.1262,-86.8146,POINT (-86.8146 36.1262)
20190869330,12/03/2019 10:20:00 AM,1,0,0,Y,N,226622,0,NOT COLLISION W/MOTOR VEHICLE-TRANSPORT,21,CLEAR,1,DAYLIGHT,18,OTHER OBJECT (NOT FIXED),CASTLEWOOD CT & HILLSBORO PKE,NASHVILLE,TN,37215,6205,WEST,36.072,-86.8416,POINT (-86.8416 36.072)
20190813250,11/08/2019 04:48:00 PM,1,1,0,Y,N,298867,0,NOT COLLISION W/MOTOR VEHICLE-TRANSPORT,21,CLEAR,5,DUSK,19,BUILDING,2300 DICKERSON PKE,NASHVILLE,TN,37207,1833,EAST,36.2082,-86.7673,POINT (-86.7673 36.2082)
20190812832,11/08/2019 12:30:00 PM,2,0,0,,N,352214,5,SIDESWIPE - SAME DIRECTION,21,CLEAR,1,DAYLIGHT,14,PARKED MOTOR VEHICLE,16TH AVN & JEFFERSON ST,NASHVILLE,TN,37208,5413,NORTH,36.1707,-86.8029,POINT (-86.8029 36.1707)
20190865602,12/01/2019 08:50:00 PM,2,4,0,Y,N,352172,4,ANGLE,21,CLEAR,2,DARK - NOT LIGHTED,12;19,MOTOR VEHICLE IN TRANSPORT;BUILDING,CANTON PASS & CHEYENNE BLVD,MADISON,TN,37115,1617,MADISO,36.2497,-86.6702,POINT (-86.6702 36.2497)
20190829406,11/15/2019 03:07:00 PM,2,0,0,,N,330444,4,ANGLE,21,CLEAR,1,DAYLIGHT,14,PARKED MOTOR VEHICLE,US HWY 70S & 20TH AVE N,NASHVILLE,TN,37203,5709,MIDTOW,36.1514,-86.7993,POINT (-86.7993 36.1514)
20190856510,11/27/2019 03:26:00 AM,1,1,0,,N,256377,0,NOT COLLISION W/MOTOR VEHICLE-TRANSPORT,21,CLEAR,2,DARK - NOT LIGHTED,39;63,WALL;Ran Off Road-Right,MM 51 5 I 24,NASHVILLE,TN,37210,9004,HERMIT,36.1404,-86.7287,POINT (-86.7287 36.1404)
20190824964,11/13/2019 06:50:00 PM,4,1,0,,N,330413,11,Front to Rear,21,CLEAR,2,DARK - NOT LIGHTED,12,MOTOR VEHICLE IN TRANSPORT,EXIT 74B & I 65,NASHVILLE,TN,37220,7111,MIDTOW,36.0413,-86.7826,POINT (-86.7826 36.0413)
20190719234,09/29/2019 12:38:00 PM,2,2,0,,N,311799,4,ANGLE,21,CLEAR,1,DAYLIGHT,12,MOTOR VEHICLE IN TRANSPORT,MM 90 6 I 65,MADISON,TN,37115,17020,MADISO,36.2435,-86.7481,POINT (-86.7481 36.2435)
20190777051,10/24/2019 08:05:00 AM,2,1,0,,N,384433,11,Front to Rear,21,CLEAR,1,DAYLIGHT,12,MOTOR VEHICLE IN TRANSPORT,ASH ST & 4TH AVS,NASHVILLE,TN,37210,4005,CENTRA,36.1523,-86.7716,POINT (-86.7716 36.1523)
20190852732,11/25/2019 03:15:00 PM,2,0,0,,Y,352195,11,Front to Rear,21,CLEAR,1,DAYLIGHT,12,MOTOR VEHICLE IN TRANSPORT,I24E & I24 W ENT RAMP,NASHVILLE,TN,37210,82061,HERMIT,36.1386,-86.7273,POINT (-86.7273 36.1386)
20190645590,08/29/2019 06:10:00 PM,2,1,0,,N,320585,4,ANGLE,21,CLEAR,1,DAYLIGHT,12,MOTOR VEHICLE IN TRANSPORT,OLD HICKORY BLVD & HERMITAGE WOODS DR,HERMITAGE,TN,37076,9561,HERMIT,36.1773,-86.6042,POINT (-86.6042 36.1773)
20190830990,11/16/2019 07:50:00 AM,1,1,0,Y,N,352164,0,NOT COLLISION W/MOTOR VEHICLE-TRANSPORT,21,CLEAR,1,DAYLIGHT,40,MAIL BOX,MT VIEW RD & TRU LONG DR,ANTIOCH,TN,37013,8977,SOUTH,36.0669,-86.5998,POINT (-86.5998 36.0669)
20190872979,12/04/2019 05:00:00 PM,3,0,0,,Y,717341,11,Front to Rear,21,CLEAR,3,DARK - LIGHTED,12,MOTOR VEHICLE IN TRANSPORT,MM 54 0 I 24,NASHVILLE,TN,37211,88122,SOUTH,36.1064,-86.7188,POINT (-86.7188 36.1064)
20190657764,09/03/2019 06:33:00 PM,2,2,0,,N,256446,11,Front to Rear,21,CLEAR,1,DAYLIGHT,12,MOTOR VEHICLE IN TRANSPORT,HAMILTON CHURCH RD & OWENDALE DR,ANTIOCH,TN,37013,8927,SOUTH,36.0648,-86.6221,POINT (-86.6221 36.0648)
20190598043,08/11/2019 12:40:00 PM,2,1,0,,N,279206,11,Front to Rear,21,CLEAR,1,DAYLIGHT,12,MOTOR VEHICLE IN TRANSPORT,MM 211 3 I 40,NASHVILLE,TN,37210,9002,HERMIT,36.1524,-86.7539,POINT (-86.7539 36.1524)
20190693873,09/18/2019 06:38:00 PM,2,1,0,,N,151132,11,Front to Rear,21,CLEAR,5,DUSK,12,MOTOR VEHICLE IN TRANSPORT,OLD HICKORY BLVDW & HERITAGE DR,MADISON,TN,37115,1749,MADISO,36.2641,-86.7242,POINT (-86.7242 36.2641)
20190650507,08/31/2019 04:10:00 PM,2,3,0,,Y,320603,11,Front to Rear,21,CLEAR,1,DAYLIGHT,12,MOTOR VEHICLE IN TRANSPORT,US HWY 431 & ABBOTT MARTIN RD,NASHVILLE,TN,37215,6411,MIDTOW,36.1063,-86.8136,POINT (-86.8136 36.1063)
20190622098,08/20/2019 04:30:00 PM,2,0,0,,Y,197047,11,Front to Rear,21,CLEAR,1,DAYLIGHT,12,MOTOR VEHICLE IN TRANSPORT,GALLATIN AV & CALVIN AV,NASHVILLE,TN,37206,1937,EAST,36.1816,-86.7493,POINT (-86.7493 36.1816)
20190750300,10/12/2019 10:10:00 PM,2,0,0,,N,330425,11,Front to Rear,21,CLEAR,3,DARK - LIGHTED,12,MOTOR VEHICLE IN TRANSPORT,GALLATIN PKES & DUE WEST AVE,MADISON,TN,37115,1507,MADISO,36.2487,-86.7199,POINT (-86.7199 36.2487)
20190771767,10/22/2019 05:40:00 AM,2,1,0,,N,352163,11,Front to Rear,21,CLEAR,3,DARK - LIGHTED,12,MOTOR VEHICLE IN TRANSPORT,MM 211 5 I 40,NASHVILLE,TN,37210,8204,HERMIT,36.1514,-86.7517,POINT (-86.7517 36.1514)
20190705347,09/23/2019 05:43:00 PM,3,0,0,,N,909486,11,Front to Rear,21,CLEAR,1,DAYLIGHT,12,MOTOR VEHICLE IN TRANSPORT,LAMBERT DR & FRANKLIN PKE,NASHVILLE,TN,37220,7101,MIDTOW,36.0786,-86.7721,POINT (-86.7721 36.0786)
20190760664,10/17/2019 06:35:00 AM,2,0,0,,N,633381,11,Front to Rear,21,CLEAR,4,DAWN,12,MOTOR VEHICLE IN TRANSPORT,MM 62 6 I 24,ANTIOCH,TN,37013,8804,SOUTH,36.0137,-86.6196,POINT (-86.6196 36.0137)
20190863117,11/30/2019 11:05:00 AM,2,0,0,,Y,311339,4,ANGLE,2,RAIN,1,DAYLIGHT,12,MOTOR VEHICLE IN TRANSPORT,8TH AVS & DEMONBREUN ST,NASHVILLE,TN,37203,4041,CENTRA,36.1569,-86.7808,POINT (-86.7808 36.1569)
20190766585,10/19/2019 12:00:00 AM,2,2,0,,N,298877,2,HEAD-ON,2,RAIN,1,DAYLIGHT,12,MOTOR VEHICLE IN TRANSPORT,CANE RIDGE RD & BLAIRFIELD DR,ANTIOCH,TN,37013,8763,SOUTH,36.0232,-86.6436,POINT (-86.6436 36.0232)
20190872850,12/04/2019 03:04:00 PM,2,0,0,,N,240955,11,Front to Rear,21,CLEAR,1,DAYLIGHT,12,MOTOR VEHICLE IN TRANSPORT,OLD HICKORY BLVD & FIRESTONE PKWY,ANTIOCH,TN,37013,8867,SOUTH,36.017,-86.6199,POINT (-86.6199 36.017)
20190721008,09/30/2019 09:40:00 AM,2,0,0,,Y,716886,4,ANGLE,21,CLEAR,1,DAYLIGHT,12,MOTOR VEHICLE IN TRANSPORT,NOLENSVILLE PKE & NORTHCREST DR,NASHVILLE,TN,37211,8711,SOUTH,36.0667,-86.7179,POINT (-86.7179 36.0667)
20190888609,12/11/2019 09:25:00 AM,2,0,0,,N,716886,11,Front to Rear,21,CLEAR,1,DAYLIGHT,12,MOTOR VEHICLE IN TRANSPORT,MM 51 4 I 24,NASHVILLE,TN,37210,82061,HERMIT,36.1388,-86.7284,POINT (-86.7284 36.1388)
20190858044,11/27/2019 05:20:00 PM,2,0,0,,N,256394,5,SIDESWIPE - SAME DIRECTION,21,CLEAR,3,DARK - LIGHTED,12,MOTOR VEHICLE IN TRANSPORT,BELL RD & MURFREESBORO PKE,ANTIOCH,TN,37013,8861,SOUTH,36.072,-86.636,POINT (-86.636 36.072)
20190900016,12/16/2019 11:10:00 AM,3,0,0,,Y,665896,11,Front to Rear,2,RAIN,1,DAYLIGHT,12,MOTOR VEHICLE IN TRANSPORT,PORTER RD & STRATFORD AV,NASHVILLE,TN,37216,1409,EAST,36.196,-86.7172,POINT (-86.7172 36.196)
20190622062,08/20/2019 04:07:00 PM,2,0,0,,N,206958,11,Front to Rear,21,CLEAR,1,DAYLIGHT,14,PARKED MOTOR VEHICLE,PENNOCK AV & DOUGLAS AV,NASHVILLE,TN,37207,1909,EAST,36.1936,-86.766,POINT (-86.766 36.1936)
20190780419,10/25/2019 02:30:00 PM,1,0,0,Y,Y,352195,0,NOT COLLISION W/MOTOR VEHICLE-TRANSPORT,2,RAIN,1,DAYLIGHT,47,FIRE HYDRANT,LAKELAND DR & MCGAVOCK PKE,NASHVILLE,TN,37214,9119,HERMIT,36.1549,-86.6802,POINT (-86.6802 36.1549)
20190712831,09/26/2019 03:37:00 PM,3,1,0,,N,256389,11,Front to Rear,21,CLEAR,1,DAYLIGHT,12,MOTOR VEHICLE IN TRANSPORT,OLD HICKORY BLVD & HICKORY PLZ,NASHVILLE,TN,37211,8651,MIDTOW,36.0452,-86.7159,POINT (-86.7159 36.0452)
20190662385,09/05/2019 03:40:00 PM,2,0,0,,N,330444,5,SIDESWIPE - SAME DIRECTION,21,CLEAR,1,DAYLIGHT,12,MOTOR VEHICLE IN TRANSPORT,14TH AVN & CHARLOTTE AV,NASHVILLE,TN,37203,5501,MIDTOW,36.1608,-86.7937,POINT (-86.7937 36.1608)
20190700790,09/21/2019 03:20:00 PM,2,0,0,,N,256412,4,ANGLE,21,CLEAR,1,DAYLIGHT,12,MOTOR VEHICLE IN TRANSPORT,NOLENSVILLE PKE & ZOO RD,NASHVILLE,TN,37211,8509,MIDTOW,36.0886,-86.732,POINT (-86.732 36.0886)
20190822745,11/12/2019 10:14:00 PM,2,0,0,,N,151122,5,SIDESWIPE - SAME DIRECTION,21,CLEAR,3,DARK - LIGHTED,12,MOTOR VEHICLE IN TRANSPORT,MM 55 9 I 24,NASHVILLE,TN,37211,88100,SOUTH,36.0833,-86.6982,POINT (-86.6982 36.0833)
20190859315,11/28/2019 08:24:00 AM,2,0,0,,N,716886,11,Front to Rear,21,CLEAR,1,DAYLIGHT,14,PARKED MOTOR VEHICLE,SUNNYWOOD DR & CONCORD MILL LN,ANTIOCH,TN,37013,8759,SOUTH,36.0203,-86.7043,POINT (-86.7043 36.0203)
20190911355,12/20/2019 11:10:00 PM,2,0,0,,N,352201,2,HEAD-ON,21,CLEAR,2,DARK - NOT LIGHTED,12,MOTOR VEHICLE IN TRANSPORT,HERMITAGE AV & PEABODY ST,NASHVILLE,TN,37201,4047,CENTRA,36.1522,-86.7531,POINT (-86.7531 36.1522)
20190655172,09/02/2019 04:52:00 PM,2,0,0,,N,279225,5,SIDESWIPE - SAME DIRECTION,21,CLEAR,1,DAYLIGHT,12,MOTOR VEHICLE IN TRANSPORT,MM 219 0 I 40,NASHVILLE,TN,37214,94022,HERMIT,36.156,-86.629,POINT (-86.629 36.156)
20190921880,12/26/2019 03:27:00 PM,1,2,0,,N,887592,0,NOT COLLISION W/MOTOR VEHICLE-TRANSPORT,22,CLOUDY,1,DAYLIGHT,8,PEDESTRIAN,W TRINITY LN & YOUNGS LN,NASHVILLE,TN,37218,3101,NORTH,36.2043,-86.8178,POINT (-86.8178 36.2043)