Accident Number,Date and Time,Number of Motor Vehicles,Number of Injuries,Number of Fatalities,Property Damage,Hit and Run,Reporting Officer,Collision Type Code,Collision Type Description,Weather Code,Weather Description,Illumination Code,Illumination Description,Harmful Code,Harmful Code Description,Street Address,City,State,ZIP,RPA,Precinct,Latitude,Longitude,Mapped Location
20190836240,11/18/2019 05:15:00 PM,3,0,0,,N,330435,11,Front to Rear,21,CLEAR,3,DARK - LIGHTED,12,MOTOR VEHICLE IN TRANSPORT,GALLATIN PKE NB EXT RAMP & GALLATIN PKE,NASHVILLE,TN,37216,1503,EAST,36.2335,-86.7241,POINT (-86.7241 36.2335)
20190810075,11/07/2019 09:35:00 AM,2,0,0,,Y,628640,11,Front to Rear,2,RAIN,1,DAYLIGHT,12,MOTOR VEHICLE IN TRANSPORT,MM 55 3 I 24,NASHVILLE,TN,37211,8602,SOUTH,36.0913,-86.7043,POINT (-86.7043 36.0913)
20190685614,09/15/2019 10:18:00 AM,1,1,0,,N,191578,0,NOT COLLISION W/MOTOR VEHICLE-TRANSPORT,21,CLEAR,1,DAYLIGHT,8,PEDESTRIAN,S 1ST ST & VICTORY AV,NASHVILLE,TN,37213,1101,CENTRA,36.165,-86.7699,POINT (-86.7699 36.165)
20190819929,11/11/2019 08:34:00 PM,4,0,0,,Y,256448,11,Front to Rear,2,RAIN,3,DARK - LIGHTED,12,MOTOR VEHICLE IN TRANSPORT,BELL RD & ANDERSON RD,NASHVILLE,TN,37217,8939,HERMIT,36.0748,-86.6351,POINT (-86.6351 36.0748)
20190794018,10/31/2019 02:41:00 PM,2,0,0,,N,256389,5,SIDESWIPE - SAME DIRECTION,21,CLEAR,1,DAYLIGHT,12,MOTOR VEHICLE IN TRANSPORT,HAWKINS ST & SOUTHSIDE AV,NASHVILLE,TN,37203,6801,MIDTOW,36.1478,-86.7829,POINT (-86.7829 36.1478)
20190637682,08/26/2019 04:39:00 PM,3,0,0,,N,419972,5,SIDESWIPE - SAME DIRECTION,21,CLEAR,1,DAYLIGHT,12,MOTOR VEHICLE IN TRANSPORT,MM 1 7 I 440,NASHVILLE,TN,37209,5312,NORTH,36.1536,-86.8226,POINT (-86.8226 36.1536)
20190908651,12/19/2019 07:08:00 PM,3,1,0,,N,256389,11,Front to Rear,21,CLEAR,3,DARK - LIGHTED,1;12,MOTOR VEHICLE IN TRANSPORT,FRANKLIN PKE & WILLOWDALE CT,NASHVILLE,TN,37220,7111,MIDTOW,36.0582,-86.7745,POINT (-86.7745 36.0582)
20190699361,09/20/2019 08:51:00 PM,2,0,0,,N,311327,5,SIDESWIPE - SAME DIRECTION,21,CLEAR,3,DARK - LIGHTED,12,MOTOR VEHICLE IN TRANSPORT,GALLATIN PKE & HART LN,NASHVILLE,TN,37216,1441,EAST,36.2116,-86.7326,POINT (-86.7326 36.2116)
20190750692,10/13/2019 02:15:00 AM,2,3,0,,N,256493,2,HEAD-ON,21,CLEAR,3,DARK - LIGHTED,12,MOTOR VEHICLE IN TRANSPORT,MURFREESBORO PKE & I24E,NASHVILLE,TN,37210,82061,HERMIT,36.1371,-86.7273,POINT (-86.7273 36.1371)
20190720866,09/30/2019 09:01:00 AM,1,0,0,,N,212325,0,NOT COLLISION W/MOTOR VEHICLE-TRANSPORT,21,CLEAR,1,DAYLIGHT,34;7,DITCH,0 GALLATIN PKES,MADISON,TN,37115,1519,MADISO,36.2474,-86.7207,POINT (-86.7207 36.2474)
20190864018,11/30/2019 10:30:00 PM,3,2,0,,N,352153,4,ANGLE,2,RAIN,2,DARK - NOT LIGHTED,12,MOTOR VEHICLE IN TRANSPORT,MM 57 7 I 24,ANTIOCH,TN,37013,88080,SOUTH,36.061,-86.6807,POINT (-86.6807 36.061)
20190732749,10/05/2019 12:08:00 AM,2,2,0,,N,298871,4,ANGLE,21,CLEAR,3,DARK - LIGHTED,12,MOTOR VEHICLE IN TRANSPORT,17TH AVS & BROADWAY,NASHVILLE,TN,37203,5705,MIDTOW,36.1533,-86.794,POINT (-86.794 36.1533)
20190679739,09/12/2019 08:50:00 PM,1,0,0,Y,N,717341,0,NOT COLLISION W/MOTOR VEHICLE-TRANSPORT,21,CLEAR,2,DARK - NOT LIGHTED,24;61,GUARDRAIL FACE;Equip Failure,PRESTON RD & CANE RIDGE RD,ANTIOCH,TN,37013,8753,SOUTH,36.0346,-86.6602,POINT (-86.6602 36.0346)
20190751735,10/13/2019 04:53:00 PM,2,0,0,,N,384394,11,Front to Rear,21,CLEAR,1,DAYLIGHT,12,MOTOR VEHICLE IN TRANSPORT,ANTIOCH PKE & RICHARDS RD,ANTIOCH,TN,37013,8857,SOUTH,36.0688,-86.6774,POINT (-86.6774 36.0688)
20190888481,12/11/2019 08:22:00 AM,2,0,0,,N,109534,11,Front to Rear,21,CLEAR,1,DAYLIGHT,12,MOTOR VEHICLE IN TRANSPORT,LEBANON PKE & LYNMEADE DR,NASHVILLE,TN,37210,9019,HERMIT,36.163,-86.7,POINT (-86.7 36.163)
20190867252,12/02/2019 02:07:00 PM,2,1,0,,N,256501,4,ANGLE,21,CLEAR,1,DAYLIGHT,12,MOTOR VEHICLE IN TRANSPORT,CLARKSVILLE PKE & W SUMMITT AV,NASHVILLE,TN,37218,3161,NORTH,36.195,-86.8334,POINT (-86.8334 36.195)
20190714511,09/27/2019 07:40:00 AM,2,0,0,,N,212325,11,Front to Rear,22,CLOUDY,1,DAYLIGHT,12,MOTOR VEHICLE IN TRANSPORT,DUPONT AV & GALLATIN PKEN,MADISON,TN,37115,1701,MADISO,36.2669,-86.7109,POINT (-86.7109 36.2669)
20190766600,10/19/2019 03:48:00 PM,2,1,0,,N,299249,11,Front to Rear,21,CLEAR,1,DAYLIGHT,12,MOTOR VEHICLE IN TRANSPORT,MM 213 8 I 40,NASHVILLE,TN,37217,8802,HERMIT,36.1413,-86.7163,POINT (-86.7163 36.1413)
20190884160,12/09/2019 03:25:00 PM,2,1,0,,N,717341,11,Front to Rear,21,CLEAR,1,DAYLIGHT,12,MOTOR VEHICLE IN TRANSPORT,GLENGARRY DR & MURFREESBORO PKE,NASHVILLE,TN,37217,8811,SOUTH,36.1205,-86.7039,POINT (-86.7039 36.1205)
20190692509,09/18/2019 07:31:00 AM,2,0,0,,N,716886,4,ANGLE,21,CLEAR,1,DAYLIGHT,12,MOTOR VEHICLE IN TRANSPORT,CITATION DR & EZELL PKE,NASHVILLE,TN,37217,8849,SOUTH,36.1005,-86.6723,POINT (-86.6723 36.1005)
20190724271,10/01/2019 03:21:00 PM,2,0,0,,N,834816,4,ANGLE,21,CLEAR,1,DAYLIGHT,12,MOTOR VEHICLE IN TRANSPORT,NOLENSVILLE PKE & OLD HICKORY BLVD,NASHVILLE,TN,37211,8717,SOUTH,36.0454,-86.7133,POINT (-86.7133 36.0454)
20190879846,12/07/2019 02:03:00 PM,2,1,0,,N,306231,11,Front to Rear,21,CLEAR,1,DAYLIGHT,12,MOTOR VEHICLE IN TRANSPORT,ASHLAND CITY HWY EB ENT RAMP & ASHLAND C,NASHVILLE,TN,37218,3211,NORTH,36.2101,-86.8727,POINT (-86.8727 36.2101)
20190766750,10/19/2019 06:52:00 PM,2,0,0,,N,405418,4,ANGLE,21,CLEAR,3,DARK - LIGHTED,12,MOTOR VEHICLE IN TRANSPORT,OLD HICKORY BLVD & HICKORY PLZ,NASHVILLE,TN,37211,8651,MIDTOW,36.0452,-86.7159,POINT (-86.7159 36.0452)
20190878507,12/06/2019 08:15:00 PM,2,1,0,,N,309262,4,ANGLE,21,CLEAR,2,DARK - NOT LIGHTED,12,MOTOR VEHICLE IN TRANSPORT,N DUPONT AV & MYATT DR,MADISON,TN,37115,1705,MADISO,36.2665,-86.6901,POINT (-86.6901 36.2665)
20190659365,09/04/2019 09:00:00 AM,2,0,0,,N,279227,11,Front to Rear,21,CLEAR,1,DAYLIGHT,12,MOTOR VEHICLE IN TRANSPORT,ANTIOCH PKE & CANDY LN,NASHVILLE,TN,37211,8845,SOUTH,36.0918,-86.697,POINT (-86.697 36.0918)
20190597469,08/11/2019 05:13:00 AM,2,0,0,,N,110090,11,Front to Rear,21,CLEAR,3,DARK - LIGHTED,12,MOTOR VEHICLE IN TRANSPORT,MM 62 3 I 24,ANTIOCH,TN,37013,8806,SOUTH,36.0177,-86.6241,POINT (-86.6241 36.0177)
20190915496,12/23/2019 06:52:00 AM,2,2,0,,N,224955,4,ANGLE,22,CLOUDY,1,DAYLIGHT,12,MOTOR VEHICLE IN TRANSPORT,BRICK CHURCH PKE & BRILEY PKWYE,NASHVILLE,TN,37207,2031,MADISO,36.2383,-86.7809,POINT (-86.7809 36.2383)
20190639006,08/27/2019 07:20:00 AM,2,0,0,,N,462474,11,Front to Rear,22,CLOUDY,1,DAYLIGHT,12,MOTOR VEHICLE IN TRANSPORT,OLD HICKORY BLVD & EAST PARK DR,NASHVILLE,TN,37220,7111,MIDTOW,36.0375,-86.791,POINT (-86.791 36.0375)
20190706960,09/24/2019 08:29:00 AM,2,0,0,,N,544481,11,Front to Rear,21,CLEAR,1,DAYLIGHT,12,MOTOR VEHICLE IN TRANSPORT,ELLINGTON PKWYS & CLEVELAND ST,NASHVILLE,TN,37207,1996,EAST,36.1815,-86.7623,POINT (-86.7623 36.1815)
20190824147,11/13/2019 11:37:00 AM,2,0,0,,N,665896,4,ANGLE,21,CLEAR,1,DAYLIGHT,12,MOTOR VEHICLE IN TRANSPORT,MAIN ST & N 10TH ST,NASHVILLE,TN,37206,1241,EAST,36.1781,-86.7517,POINT (-86.7517 36.1781)
20190798083,11/02/2019 08:50:00 AM,2,1,0,,N,226600,4,ANGLE,21,CLEAR,1,DAYLIGHT,12,MOTOR VEHICLE IN TRANSPORT,I 440 & UNKNOWN RAMP,NASHVILLE,TN,37210,83043,SOUTH,36.1257,-86.7314,POINT (-86.7314 36.1257)
20190855093,11/26/2019 01:24:00 PM,2,2,0,,N,591936,4,ANGLE,21,CLEAR,1,DAYLIGHT,12,MOTOR VEHICLE IN TRANSPORT,BELMONT BLVD & CLIFTON LN,NASHVILLE,TN,37215,6417,MIDTOW,36.115,-86.7994,POINT (-86.7994 36.115)
20190744694,10/10/2019 11:17:00 AM,2,1,0,,N,474557,4,ANGLE,21,CLEAR,1,DAYLIGHT,12,MOTOR VEHICLE IN TRANSPORT,OLD HICKORY BLVD & NOLENSVILLE PKE,ANTIOCH,TN,37013,8757,SOUTH,36.0455,-86.7122,POINT (-86.7122 36.0455)
20190584352,08/06/2019 12:35:00 PM,3,0,0,,N,462474,11,Front to Rear,21,CLEAR,1,DAYLIGHT,12,MOTOR VEHICLE IN TRANSPORT,HARDING PL & FRANKLIN PKE,NASHVILLE,TN,37204,7029,MIDTOW,36.0866,-86.7716,POINT (-86.7716 36.0866)
20190804954,11/05/2019 10:01:00 AM,1,0,0,,N,384398,0,NOT COLLISION W/MOTOR VEHICLE-TRANSPORT,22,CLOUDY,1,DAYLIGHT,60,Cargo Equip Loss/Shift,OLD HICKORY BLVD & FIRESTONE PKWY,ANTIOCH,TN,37013,8867,SOUTH,36.017,-86.6199,POINT (-86.6199 36.017)
20190815139,11/09/2019 02:59:00 PM,2,0,0,,N,337276,11,Front to Rear,21,CLEAR,1,DAYLIGHT,12,MOTOR VEHICLE IN TRANSPORT,RUSSELL ST & S 10TH ST,NASHVILLE,TN,37206,1203,EAST,36.1758,-86.7515,POINT (-86.7515 36.1758)
20190878194,12/06/2019 05:03:00 PM,2,0,0,,N,163667,5,SIDESWIPE - SAME DIRECTION,22,CLOUDY,3,DARK - LIGHTED,12,MOTOR VEHICLE IN TRANSPORT,FRANKLIN PKE & GALE LN,NASHVILLE,TN,37204,6921,MIDTOW,36.1201,-86.775,POINT (-86.775 36.1201)
20190812904,11/08/2019 01:25:00 PM,2,4,0,,N,665896,5,SIDESWIPE - SAME DIRECTION,21,CLEAR,1,DAYLIGHT,12;28,MOTOR VEHICLE IN TRANSPORT;OVERHEAD SIGN SUPPORT,DICKERSON PKE & GORDON TER,NASHVILLE,TN,37207,1831,EAST,36.2127,-86.7648,POINT (-86.7648 36.2127)
20190813726,11/08/2019 07:25:00 PM,2,0,0,,N,352177,5,SIDESWIPE - SAME DIRECTION,21,CLEAR,3,DARK - LIGHTED,12,MOTOR VEHICLE IN TRANSPORT,WHITE BRIDGE PKE & CHARLOTTE PKE,NASHVILLE,TN,37209,5033,WEST,36.1494,-86.8579,POINT (-86.8579 36.1494)
20190610830,08/16/2019 08:25:00 AM,2,0,0,,N,352197,11,Front to Rear,21,CLEAR,1,DAYLIGHT,12,MOTOR VEHICLE IN TRANSPORT,MM 55 5 I 24,NASHVILLE,TN,37211,8812,SOUTH,36.0886,-86.7019,POINT (-86.7019 36.0886)
20190736150,10/06/2019 07:50:00 PM,2,1,0,Y,Y,256446,4,ANGLE,2,RAIN,3,DARK - LIGHTED,12,MOTOR VEHICLE IN TRANSPORT,APOLLO DR & UNA ANTIOCH PKE,ANTIOCH,TN,37013,8897,SOUTH,36.0716,-86.6643,POINT (-86.6643 36.0716)
20190847931,11/23/2019 07:11:00 AM,1,0,0,,N,462474,0,NOT COLLISION W/MOTOR VEHICLE-TRANSPORT,2,RAIN,1,DAYLIGHT,42,TREE,EDMONDSON PIKE & HOLT RD,NASHVILLE,TN,37211,8651,MIDTOW,36.0156,-86.7406,POINT (-86.7406 36.0156)
20190603526,08/13/2019 01:08:00 PM,2,0,0,,Y,151132,6,SIDESWIPE - OPPOSITE DIRECTION,22,CLOUDY,1,DAYLIGHT,14,PARKED MOTOR VEHICLE,GALLATIN PKEN & STATE RT 45,MADISON,TN,37115,1701,MADISO,36.2644,-86.7115,POINT (-86.7115 36.2644)
20190846791,11/22/2019 05:46:00 PM,2,0,0,,Y,352156,11,Front to Rear,22,CLOUDY,5,DUSK,12,MOTOR VEHICLE IN TRANSPORT,BLUE HOLE RD & BELL RD,ANTIOCH,TN,37013,8721,SOUTH,36.0458,-86.6744,POINT (-86.6744 36.0458)
20190723248,10/01/2019 07:35:00 AM,2,0,0,,N,320592,11,Front to Rear,21,CLEAR,1,DAYLIGHT,14,PARKED MOTOR VEHICLE,ROBERTSON ST & DONELSON ST,NASHVILLE,TN,37210,8221,HERMIT,36.1493,-86.7559,POINT (-86.7559 36.1493)
20190765555,10/19/2019 03:33:00 AM,2,1,0,,N,309263,5,SIDESWIPE - SAME DIRECTION,21,CLEAR,3,DARK - LIGHTED,12,MOTOR VEHICLE IN TRANSPORT,MM 49 0 I 24,NASHVILLE,TN,37206,10040,EAST,36.1664,-86.7647,POINT (-86.7647 36.1664)
20190811186,11/07/2019 07:40:00 PM,1,0,0,,N,330443,0,NOT COLLISION W/MOTOR VEHICLE-TRANSPORT,22,CLOUDY,2,DARK - NOT LIGHTED,50,DEER (ANIMAL),SPRINGFIELD HWY & HAPPY VALLEY RD,GOODLETTSVILLE,TN,37072,2215,MADISO,36.3798,-86.7519,POINT (-86.7519 36.3798)
20190818007,11/10/2019 11:50:00 PM,1,0,0,,N,352193,0,NOT COLLISION W/MOTOR VEHICLE-TRANSPORT,21,CLEAR,3,DARK - LIGHTED,50,DEER (ANIMAL),MM 217 7 I 40,NASHVILLE,TN,37214,94040,HERMIT,36.1415,-86.6551,POINT (-86.6551 36.1415)
20190587572,08/07/2019 03:45:00 PM,2,0,0,,Y,256380,98,OTHER,21,CLEAR,1,DAYLIGHT,14,PARKED MOTOR VEHICLE,DR D B TODD JR BLVD & JEFFERSON ST,NASHVILLE,TN,37208,5325,NORTH,36.1695,-86.8067,POINT (-86.8067 36.1695)
20190613845,08/17/2019 01:05:00 PM,2,0,0,,N,224824,4,ANGLE,21,CLEAR,1,DAYLIGHT,12,MOTOR VEHICLE IN TRANSPORT,JACKSONIAN DR & BONNAMEADE DR,HERMITAGE,TN,37076,9601,HERMIT,36.1973,-86.6292,POINT (-86.6292 36.1973)
20190676174,09/11/2019 12:53:00 PM,2,0,0,,N,352168,11,Front to Rear,21,CLEAR,1,DAYLIGHT,12,MOTOR VEHICLE IN TRANSPORT,MM 4 0 I 440,NASHVILLE,TN,37204,7010,MIDTOW,36.1161,-86.7901,POINT (-86.7901 36.1161)
20190907708,12/19/2019 11:00:00 AM,2,0,0,,N,224437,11,Front to Rear,21,CLEAR,1,DAYLIGHT,12,MOTOR VEHICLE IN TRANSPORT,HARDING PKE & POST RD,NASHVILLE,TN,37205,6123,WEST,36.1043,-86.8692,POINT (-86.8692 36.1043)
20190881564,12/08/2019 12:25:00 PM,2,1,0,,N,166478,4,ANGLE,22,CLOUDY,1,DAYLIGHT,12,MOTOR VEHICLE IN TRANSPORT,18TH AVN & MCKINNEY AV,NASHVILLE,TN,37208,4435,NORTH,36.1876,-86.8123,POINT (-86.8123 36.1876)
20190627504,08/22/2019 02:08:00 PM,2,1,0,,N,140808,6,SIDESWIPE - OPPOSITE DIRECTION,2,RAIN,1,DAYLIGHT,12,MOTOR VEHICLE IN TRANSPORT,LAMBERT DR & BRINDLEY DR,NASHVILLE,TN,37220,7101,MIDTOW,36.0782,-86.7673,POINT (-86.7673 36.0782)
20190648471,08/30/2019 06:01:00 PM,2,1,0,,N,151132,4,ANGLE,21,CLEAR,1,DAYLIGHT,12,MOTOR VEHICLE IN TRANSPORT,GALLATIN PKES & MAPLE ST,MADISON,TN,37115,1607,MADISO,36.2617,-86.7124,POINT (-86.7124 36.2617)
20190605348,08/14/2019 07:10:00 AM,2,0,0,,Y,462474,11,Front to Rear,21,CLEAR,1,DAYLIGHT,12,MOTOR VEHICLE IN TRANSPORT,HARDING PL & WAUFORD DR,NASHVILLE,TN,37211,8507,MIDTOW,36.0813,-86.753,POINT (-86.753 36.0813)
20190590345,08/08/2019 02:25:00 PM,2,0,0,,Y,240979,4,ANGLE,21,CLEAR,1,DAYLIGHT,12,MOTOR VEHICLE IN TRANSPORT,DUE WEST AVN & OLD DUE WEST AV,MADISON,TN,37115,2009,MADISO,36.2504,-86.7421,POINT (-86.7421 36.2504)
20190885440,12/10/2019 05:11:00 AM,1,1,0,,N,212307,0,NOT COLLISION W/MOTOR VEHICLE-TRANSPORT,2,RAIN,3,DARK - LIGHTED,36,CONCRETE TRAFFIC BARRIER,MM 49 4 I 24,NASHVILLE,TN,37206,10040,EAST,36.1613,-86.7604,POINT (-86.7604 36.1613)
20190611969,08/16/2019 06:04:00 PM,2,0,0,,N,714641,4,ANGLE,21,CLEAR,1,DAYLIGHT,12,MOTOR VEHICLE IN TRANSPORT,8TH AVS & LAFAYETTE ST,NASHVILLE,TN,37203,4043,CENTRA,36.1546,-86.7792,POINT (-86.7792 36.1546)
20190690716,09/17/2019 06:23:00 PM,1,1,0,,N,330445,0,NOT COLLISION W/MOTOR VEHICLE-TRANSPORT,21,CLEAR,1,DAYLIGHT,8,PEDESTRIAN,21ST AVN & MURPHY AV,NASHVILLE,TN,37203,5507,MIDTOW,36.1553,-86.8049,POINT (-86.8049 36.1553)
20190636037,08/26/2019 12:45:00 AM,1,0,0,,N,298859,0,NOT COLLISION W/MOTOR VEHICLE-TRANSPORT,22,CLOUDY,3,DARK - LIGHTED,18,OTHER OBJECT (NOT FIXED),BRILEY PKWYW & BRILEY PKWYE,NASHVILLE,TN,37218,3216,NORTH,36.2254,-86.8638,POINT (-86.8638 36.2254)
20190637995,08/26/2019 08:44:00 PM,2,0,0,,N,206958,11,Front to Rear,21,CLEAR,7,Dark-Unknown Lighting,12,MOTOR VEHICLE IN TRANSPORT,I24 W ENT RAMP & I 40,NASHVILLE,TN,37217,8818,HERMIT,36.1397,-86.7275,POINT (-86.7275 36.1397)
20190870131,12/03/2019 12:00:00 AM,2,0,0,,N,197070,11,Front to Rear,21,CLEAR,1,DAYLIGHT,12,MOTOR VEHICLE IN TRANSPORT,12TH AVN & CLINTON ST,NASHVILLE,TN,37203,5423,NORTH,36.1652,-86.795,POINT (-86.795 36.1652)
20190853792,11/26/2019 12:00:00 AM,1,1,0,Y,N,384448,0,NOT COLLISION W/MOTOR VEHICLE-TRANSPORT,21,CLEAR,3,DARK - LIGHTED,43;63;67;72,OTHER FIXED OBJECTS;Ran Off Road-Right;Vehicle Airborne;EMBANKMENT ROCK/STONE/CONCRETE,CHARLOTTE PKE & RUSSLEO DR,NASHVILLE,TN,37209,5021,WEST,36.1401,-86.8793,POINT (-86.8793 36.1401)
20190641822,08/28/2019 08:07:00 AM,3,1,0,,N,352163,11,Front to Rear,21,CLEAR,1,DAYLIGHT,12,MOTOR VEHICLE IN TRANSPORT,MM 221 5 I 40,HERMITAGE,TN,37076,95020,HERMIT,36.1698,-86.5879,POINT (-86.5879 36.1698)
20190756749,10/15/2019 03:31:00 PM,2,1,0,,N,151132,11,Front to Rear,22,CLOUDY,1,DAYLIGHT,12,MOTOR VEHICLE IN TRANSPORT,OLD HICKORY BLVDW & DICKERSON PKE,MADISON,TN,37115,2039,MADISO,36.2692,-86.7556,POINT (-86.7556 36.2692)
20190813396,11/08/2019 05:57:00 PM,2,0,0,,Y,212330,5,SIDESWIPE - SAME DIRECTION,21,CLEAR,3,DARK - LIGHTED,12,MOTOR VEHICLE IN TRANSPORT,MM 53 6 I 24,NASHVILLE,TN,37211,83021,SOUTH,36.1114,-86.7229,POINT (-86.7229 36.1114)
20190682579,09/13/2019 09:00:00 PM,1,0,0,,N,807319,0,NOT COLLISION W/MOTOR VEHICLE-TRANSPORT,21,CLEAR,2,DARK - NOT LIGHTED,30;63,UTILITY POLE;Ran Off Road-Right,MURFREESBORO PKE & HAMILTON CROSSINGS,ANTIOCH,TN,37013,8865,SOUTH,36.0655,-86.6292,POINT (-86.6292 36.0655)
20190929557,12/30/2019 12:34:00 PM,2,0,0,,N,716877,0,NOT COLLISION W/MOTOR VEHICLE-TRANSPORT,21,CLEAR,1,DAYLIGHT,7,,NOLENSVILLE PKE & SHADOW GLEN DR,ANTIOCH,TN,37013,8757,SOUTH,36.0379,-86.7131,POINT (-86.7131 36.0379)
20190761597,10/17/2019 02:35:00 PM,1,0,0,Y,N,902543,0,NOT COLLISION W/MOTOR VEHICLE-TRANSPORT,21,CLEAR,1,DAYLIGHT,30,UTILITY POLE,GREENLAND AV & GALLATIN PKE,NASHVILLE,TN,37216,1425,EAST,36.2228,-86.7258,POINT (-86.7258 36.2228)
20190662789,09/05/2019 06:02:00 PM,2,0,0,,Y,267831,5,SIDESWIPE - SAME DIRECTION,21,CLEAR,1,DAYLIGHT,12,MOTOR VEHICLE IN TRANSPORT,MM 2 0 I 440,NASHVILLE,TN,37212,5906,MIDTOW,36.1302,-86.8169,POINT (-86.8169 36.1302)
20190641653,08/28/2019 06:52:00 AM,2,1,0,,N,620061,98,OTHER,21,CLEAR,1,DAYLIGHT,12,MOTOR VEHICLE IN TRANSPORT,EDGEHILL AV & 17TH AVS,NASHVILLE,TN,37212,6627,MIDTOW,36.1435,-86.7944,POINT (-86.7944 36.1435)
20190720729,09/30/2019 07:56:00 AM,2,0,0,,N,109534,11,Front to Rear,21,CLEAR,1,DAYLIGHT,12,MOTOR VEHICLE IN TRANSPORT,LEBANON PKE & MCGAVOCK PKE,NASHVILLE,TN,37214,9201,HERMIT,36.1694,-86.6799,POINT (-86.6799 36.1694)
20190644008,08/29/2019 04:10:00 AM,2,0,0,,N,352188,5,SIDESWIPE - SAME DIRECTION,21,CLEAR,3,DARK - LIGHTED,12,MOTOR VEHICLE IN TRANSPORT,BELL RD & CANE RIDGE RD,ANTIOCH,TN,37013,8753,SOUTH,36.0449,-86.6631,POINT (-86.6631 36.0449)
20190695021,09/19/2019 06:05:00 AM,2,0,0,,N,224437,11,Front to Rear,21,CLEAR,1,DAYLIGHT,12,MOTOR VEHICLE IN TRANSPORT,MM 4 5 I 440,NASHVILLE,TN,37204,7014,MIDTOW,36.1157,-86.7807,POINT (-86.7807 36.1157)
20190644565,08/29/2019 09:48:00 AM,4,0,0,,Y,109534,5,SIDESWIPE - SAME DIRECTION,21,CLEAR,1,DAYLIGHT,12;39;99,MOTOR VEHICLE IN TRANSPORT;WALL;UNKNOWN MOST HARMFUL EVENT,MM 215 5 I 40,NASHVILLE,TN,37217,89020,HERMIT,36.1432,-86.6865,POINT (-86.6865 36.1432)
20190613431,08/17/2019 12:00:00 AM,1,0,0,,Y,352197,0,NOT COLLISION W/MOTOR VEHICLE-TRANSPORT,99,UNKNOWN,9,UNKNOWN,41,SHRUBBERY,MILDRED SHUTE AV & 2ND AVS,NASHVILLE,TN,37210,8143,SOUTH,36.1473,-86.7649,POINT (-86.7649 36.1473)
20190791174,10/30/2019 10:58:00 AM,2,1,0,,N,279230,4,ANGLE,2,RAIN,1,DAYLIGHT,12,MOTOR VEHICLE IN TRANSPORT,UNA ANTIOCH PKE & NASHBORO BLVD,ANTIOCH,TN,37013,8891,SOUTH,36.0869,-86.6487,POINT (-86.6487 36.0869)
20190585451,08/06/2019 09:05:00 PM,2,0,0,,N,240955,11,Front to Rear,2,RAIN,3,DARK - LIGHTED,12,MOTOR VEHICLE IN TRANSPORT,I24 W EXT RAMP & I 24,NASHVILLE,TN,37211,8829,SOUTH,36.1074,-86.7197,POINT (-86.7197 36.1074)
20190717276,09/28/2019 12:00:00 PM,3,2,0,,N,311331,11,Front to Rear,21,CLEAR,1,DAYLIGHT,12,MOTOR VEHICLE IN TRANSPORT,E TRINITY LN & ELLINGTON PKWY S EXT RAMP,NASHVILLE,TN,37207,1855,EAST,36.2047,-86.7508,POINT (-86.7508 36.2047)
20190735987,10/06/2019 05:30:00 PM,2,0,0,,N,298863,4,ANGLE,2,RAIN,1,DAYLIGHT,12,MOTOR VEHICLE IN TRANSPORT,4TH AVS & ELM ST,NASHVILLE,TN,37210,4005,CENTRA,36.1533,-86.7722,POINT (-86.7722 36.1533)
20190932769,12/31/2019 09:53:00 PM,2,1,0,,N,298867,11,Front to Rear,21,CLEAR,3,DARK - LIGHTED,12,MOTOR VEHICLE IN TRANSPORT,GALLATIN AV & STRATTON AV,NASHVILLE,TN,37206,1243,EAST,36.1824,-86.749,POINT (-86.749 36.1824)
20190885718,12/10/2019 07:55:00 AM,2,0,0,,N,665896,5,SIDESWIPE - SAME DIRECTION,2,RAIN,1,DAYLIGHT,12,MOTOR VEHICLE IN TRANSPORT,TREVECCA AV & STROUSE AV,NASHVILLE,TN,37206,1895,EAST,36.194,-86.7452,POINT (-86.7452 36.194)
20190647987,08/30/2019 01:27:00 PM,2,2,0,,N,134871,5,SIDESWIPE - SAME DIRECTION,21,CLEAR,1,DAYLIGHT,12,MOTOR VEHICLE IN TRANSPORT,4TH AVS & LEA AV,NASHVILLE,TN,37203,4037,CENTRA,36.1547,-86.7731,POINT (-86.7731 36.1547)
20190905778,12/18/2019 04:14:00 PM,2,1,0,,N,212348,11,Front to Rear,21,CLEAR,1,DAYLIGHT,12,MOTOR VEHICLE IN TRANSPORT,MM 201 7 I 40,NASHVILLE,TN,37209,50023,WEST,36.1371,-86.8912,POINT (-86.8912 36.1371)
20190713143,09/26/2019 05:25:00 PM,2,0,0,,N,420040,4,ANGLE,22,CLOUDY,1,DAYLIGHT,12,MOTOR VEHICLE IN TRANSPORT,21ST AVS & PORTLAND AV,NASHVILLE,TN,37212,6607,MIDTOW,36.1332,-86.8013,POINT (-86.8013 36.1332)
20190852927,11/25/2019 04:50:00 PM,2,1,0,,N,717341,11,Front to Rear,21,CLEAR,5,DUSK,12,MOTOR VEHICLE IN TRANSPORT,NOLENSVILLE PKE & KINHAWK DR,ANTIOCH,TN,37013,8759,SOUTH,36.0294,-86.7125,POINT (-86.7125 36.0294)