Accident Number,Date and Time,Number of Motor Vehicles,Number of Injuries,Number of Fatalities,Property Damage,Hit and Run,Reporting Officer,Collision Type Code,Collision Type Description,Weather Code,Weather Description,Illumination Code,Illumination Description,Harmful Code,Harmful Code Description,Street Address,City,State,ZIP,RPA,Precinct,Latitude,Longitude,Mapped Location
20190846530,11/22/2019 04:22:00 PM,2,0,0,,N,151132,4,ANGLE,22,CLOUDY,5,DUSK,12,MOTOR VEHICLE IN TRANSPORT,GALLATIN PKES & HICKORY ST,MADISON,TN,37115,1605,MADISO,36.2604,-86.7129,POINT (-86.7129 36.2604)
20190764468,10/18/2019 05:40:00 PM,2,0,0,,N,330415,5,SIDESWIPE - SAME DIRECTION,21,CLEAR,1,DAYLIGHT,12,MOTOR VEHICLE IN TRANSPORT,0 2ND AVS,NASHVILLE,TN,37210,4029,CENTRA,36.1533,-86.7696,POINT (-86.7696 36.1533)
20190823704,11/13/2019 07:35:00 AM,2,0,0,,N,226405,11,Front to Rear,21,CLEAR,1,DAYLIGHT,12,MOTOR VEHICLE IN TRANSPORT,28TH AVN & CHARLOTTE AV,NASHVILLE,TN,37209,5341,MIDTOW,36.154,-86.8182,POINT (-86.8182 36.154)
20190590538,08/08/2019 03:50:00 PM,3,0,0,,N,352156,11,Front to Rear,21,CLEAR,1,DAYLIGHT,12;20,MOTOR VEHICLE IN TRANSPORT;IMPACT ATTENUATOR,HAYWOOD LN & KEELEY DR,NASHVILLE,TN,37211,8707,SOUTH,36.0698,-86.6959,POINT (-86.6959 36.0698)
20190785347,10/28/2019 07:10:00 AM,2,0,0,,N,571313,5,SIDESWIPE - SAME DIRECTION,22,CLOUDY,1,DAYLIGHT,12,MOTOR VEHICLE IN TRANSPORT,MM 79 8 I 65,NASHVILLE,TN,37204,7004,MIDTOW,36.1111,-86.7715,POINT (-86.7715 36.1111)
20190781928,10/26/2019 10:40:00 AM,2,0,0,,N,384414,11,Front to Rear,2,RAIN,1,DAYLIGHT,12,MOTOR VEHICLE IN TRANSPORT,STATE HWY 254 & STATE HWY 100,NASHVILLE,TN,37221,6211,WEST,36.061,-86.9038,POINT (-86.9038 36.061)
20190693013,09/18/2019 08:55:00 AM,2,0,0,,N,256502,11,Front to Rear,21,CLEAR,1,DAYLIGHT,12,MOTOR VEHICLE IN TRANSPORT,JEFFERSON ST & 3RD AVN,NASHVILLE,TN,37201,4233,CENTRA,36.175,-86.7847,POINT (-86.7847 36.175)
20190767845,10/20/2019 08:50:00 AM,2,0,0,,Y,212318,2,HEAD-ON,99,UNKNOWN,9,UNKNOWN,14,PARKED MOTOR VEHICLE,ACKLEN AVE & 32ND AVE S,NASHVILLE,TN,37212,5819,MIDTOW,36.1363,-86.8129,POINT (-86.8129 36.1363)
20190619413,08/19/2019 06:11:00 PM,3,0,0,,Y,717341,4,ANGLE,21,CLEAR,1,DAYLIGHT,14,PARKED MOTOR VEHICLE,WALLACE RD & BROOKRIDGE TRL,NASHVILLE,TN,37211,8701,SOUTH,36.0791,-86.7208,POINT (-86.7208 36.0791)
20190609594,08/15/2019 07:16:00 PM,2,0,0,,N,151132,11,Front to Rear,21,CLEAR,1,DAYLIGHT,12,MOTOR VEHICLE IN TRANSPORT,GALLATIN PKES & GALLATIN PKE,MADISON,TN,37115,1517,MADISO,36.2383,-86.724,POINT (-86.724 36.2383)
20190645181,08/29/2019 03:10:00 PM,2,0,0,,Y,807344,11,Front to Rear,21,CLEAR,1,DAYLIGHT,12,MOTOR VEHICLE IN TRANSPORT,8TH AVS & DIVISION ST,NASHVILLE,TN,37203,4009,CENTRA,36.1497,-86.7792,POINT (-86.7792 36.1497)
20190811136,11/07/2019 05:18:00 PM,2,0,0,,N,330444,11,Front to Rear,22,CLOUDY,3,DARK - LIGHTED,12,MOTOR VEHICLE IN TRANSPORT,US HWY 70S & -UNKNOWN RAMP/ROAD -,NASHVILLE,TN,37203,5629,MIDTOW,36.1381,-86.8205,POINT (-86.8205 36.1381)
20190931509,12/31/2019 09:45:00 AM,2,0,0,,N,225777,11,Front to Rear,21,CLEAR,1,DAYLIGHT,12,MOTOR VEHICLE IN TRANSPORT,HIGHWAY 70S & OLD HICKORY BLVD,NASHVILLE,TN,37205,4903,WEST,36.0745,-86.9209,POINT (-86.9209 36.0745)
20190888768,12/11/2019 10:45:00 AM,1,0,0,Y,N,716886,0,NOT COLLISION W/MOTOR VEHICLE-TRANSPORT,21,CLEAR,1,DAYLIGHT,40,MAIL BOX,LAVERGNE COUCHVILLE PKE & LAURENWOOD DR,ANTIOCH,TN,37013,8901,SOUTH,36.0392,-86.5861,POINT (-86.5861 36.0392)
20190600581,08/12/2019 01:52:00 PM,2,1,0,,N,224955,11,Front to Rear,21,CLEAR,1,DAYLIGHT,12,MOTOR VEHICLE IN TRANSPORT,GALLATIN PKEN & RIVERGATE MARKETPLACE PV,MADISON,TN,37115,1731,MADISO,36.3044,-86.6895,POINT (-86.6895 36.3044)
20190777156,10/24/2019 09:03:00 AM,3,0,0,,Y,306231,11,Front to Rear,21,CLEAR,1,DAYLIGHT,12,MOTOR VEHICLE IN TRANSPORT,I65 S EXT RAMP & ROSA L PARKS BLVD,NASHVILLE,TN,37208,4403,NORTH,36.1853,-86.7982,POINT (-86.7982 36.1853)
20190724449,10/01/2019 06:04:00 PM,2,0,0,,N,256386,5,SIDESWIPE - SAME DIRECTION,21,CLEAR,1,DAYLIGHT,12,MOTOR VEHICLE IN TRANSPORT,COUCHVILLE PKE & BELL RD,NASHVILLE,TN,37214,8989,HERMIT,36.1121,-86.6303,POINT (-86.6303 36.1121)
20190879434,12/07/2019 08:23:00 AM,2,0,0,,Y,320575,5,SIDESWIPE - SAME DIRECTION,22,CLOUDY,1,DAYLIGHT,12,MOTOR VEHICLE IN TRANSPORT,MM 54 5 I 24,NASHVILLE,TN,37211,84021,SOUTH,36.0999,-86.7113,POINT (-86.7113 36.0999)
20190765147,10/19/2019 12:00:00 AM,2,0,0,,N,311340,4,ANGLE,21,CLEAR,3,DARK - LIGHTED,12,MOTOR VEHICLE IN TRANSPORT,WEST END AV & 27TH AVN,NASHVILLE,TN,37212,5815,MIDTOW,36.1458,-86.8108,POINT (-86.8108 36.1458)
20190813496,11/08/2019 04:25:00 PM,3,0,0,,N,352173,11,Front to Rear,21,CLEAR,1,DAYLIGHT,12,MOTOR VEHICLE IN TRANSPORT,GALLATIN PKEN & RIVERGATE PKWY,MADISON,TN,37115,1731,MADISO,36.2973,-86.6988,POINT (-86.6988 36.2973)
20190627894,08/22/2019 05:04:00 PM,2,0,0,,Y,256380,4,ANGLE,21,CLEAR,1,DAYLIGHT,12,MOTOR VEHICLE IN TRANSPORT,JEFFERSON ST & 11TH AVN,NASHVILLE,TN,37208,4245,NORTH,36.1716,-86.798,POINT (-86.798 36.1716)
20190883822,12/09/2019 02:15:00 PM,2,0,0,,N,225950,4,ANGLE,22,CLOUDY,1,DAYLIGHT,12,MOTOR VEHICLE IN TRANSPORT,MM 209 4 I 40,NASHVILLE,TN,37203,40041,CENTRA,36.1519,-86.7866,POINT (-86.7866 36.1519)
20190841417,11/20/2019 04:00:00 PM,2,1,0,,Y,419972,11,Front to Rear,21,CLEAR,1,DAYLIGHT,12;99,MOTOR VEHICLE IN TRANSPORT;UNKNOWN MOST HARMFUL EVENT,WOODLAWN DR & BOWLING AV,NASHVILLE,TN,37215,6001,WEST,36.1238,-86.8266,POINT (-86.8266 36.1238)
20190640747,08/27/2019 09:50:00 PM,2,0,0,,N,330435,5,SIDESWIPE - SAME DIRECTION,21,CLEAR,3,DARK - LIGHTED,12,MOTOR VEHICLE IN TRANSPORT,MM 87 0 I 65,NASHVILLE,TN,37207,18020,EAST,36.2018,-86.7766,POINT (-86.7766 36.2018)
20190711992,09/26/2019 07:45:00 AM,2,9,2,,N,224955,5,SIDESWIPE - SAME DIRECTION,22,CLOUDY,1,DAYLIGHT,12,MOTOR VEHICLE IN TRANSPORT,BRILEY PKWY W EXT RAMP & BRILEY PKWY W E,NASHVILLE,TN,37207,2033,MADISO,36.2392,-86.7799,POINT (-86.7799 36.2392)
20190774516,10/23/2019 08:06:00 AM,3,1,0,,N,306231,11,Front to Rear,21,CLEAR,1,DAYLIGHT,12,MOTOR VEHICLE IN TRANSPORT,CLARKSVILLE PKE & W HAMILTON AV,NASHVILLE,TN,37218,3103,NORTH,36.2072,-86.8399,POINT (-86.8399 36.2072)
20190603988,08/13/2019 04:50:00 PM,2,0,0,,N,352156,11,Front to Rear,2,RAIN,1,DAYLIGHT,12;20,MOTOR VEHICLE IN TRANSPORT;IMPACT ATTENUATOR,MURFREESBORO PKE & OLD MURFREESBORO PKE,NASHVILLE,TN,37217,8849,SOUTH,36.1046,-86.6694,POINT (-86.6694 36.1046)
20190732209,10/04/2019 07:14:00 PM,2,0,0,,Y,240955,4,ANGLE,21,CLEAR,3,DARK - LIGHTED,14;55,PARKED MOTOR VEHICLE;Motor Vehicle-In-Motion Outside Trafficw,OLD HICKORY BLVD & I24 W EXT RAMP,ANTIOCH,TN,37013,8869,SOUTH,36.0158,-86.6201,POINT (-86.6201 36.0158)
20190818241,11/11/2019 02:30:00 AM,1,0,0,,N,352193,0,NOT COLLISION W/MOTOR VEHICLE-TRANSPORT,21,CLEAR,3,DARK - LIGHTED,50,DEER (ANIMAL),MM 217 6 I 40,NASHVILLE,TN,37214,94040,HERMIT,36.1418,-86.6535,POINT (-86.6535 36.1418)
20190714528,09/27/2019 06:38:00 AM,2,0,0,,N,352177,4,ANGLE,21,CLEAR,1,DAYLIGHT,12,MOTOR VEHICLE IN TRANSPORT,HICKORY HOLLOW PKWY & HICKORY HOLLOW MAL,ANTIOCH,TN,37013,8859,SOUTH,36.0484,-86.6593,POINT (-86.6593 36.0484)
20190595489,08/10/2019 10:28:00 AM,2,0,0,,N,902543,4,ANGLE,22,CLOUDY,1,DAYLIGHT,12,MOTOR VEHICLE IN TRANSPORT,S 5TH ST & SPRING ST,NASHVILLE,TN,37206,1109,EAST,36.1726,-86.7652,POINT (-86.7652 36.1726)
20190740211,10/08/2019 04:46:00 PM,2,0,0,Y,N,151132,0,NOT COLLISION W/MOTOR VEHICLE-TRANSPORT,21,CLEAR,1,DAYLIGHT,18,OTHER OBJECT (NOT FIXED),GALLATIN PKES & NEELYS BEND RD,MADISON,TN,37115,1605,MADISO,36.2566,-86.7142,POINT (-86.7142 36.2566)
20190903033,12/17/2019 03:54:00 PM,3,0,0,,N,256389,11,Front to Rear,21,CLEAR,1,DAYLIGHT,12,MOTOR VEHICLE IN TRANSPORT,SIDCO DR & FONTANA AV,NASHVILLE,TN,37204,8525,MIDTOW,36.1071,-86.7557,POINT (-86.7557 36.1071)
20190863737,11/30/2019 07:44:00 PM,2,1,0,,N,311337,4,ANGLE,2,RAIN,3,DARK - LIGHTED,12,MOTOR VEHICLE IN TRANSPORT,LEBANON PKE & SHUTE LN,HERMITAGE,TN,37076,9535,HERMIT,36.2146,-86.6047,POINT (-86.6047 36.2146)
20190902852,12/17/2019 02:24:00 PM,2,0,0,,Y,330428,11,Front to Rear,21,CLEAR,1,DAYLIGHT,12,MOTOR VEHICLE IN TRANSPORT,EXIT 26 & CENTENNIAL BLVD,NASHVILLE,TN,37209,4651,WEST,36.1714,-86.8709,POINT (-86.8709 36.1714)
20190796711,11/01/2019 05:16:00 PM,2,0,0,,N,320585,11,Front to Rear,21,CLEAR,1,DAYLIGHT,12,MOTOR VEHICLE IN TRANSPORT,US HWY 70 & FAIRWAY DR,NASHVILLE,TN,37214,9121,HERMIT,36.1688,-86.6845,POINT (-86.6845 36.1688)
20190866919,12/02/2019 11:55:00 AM,2,0,0,,N,337277,11,Front to Rear,22,CLOUDY,1,DAYLIGHT,12,MOTOR VEHICLE IN TRANSPORT,BROADWAY & 15TH AVN,NASHVILLE,TN,37203,5701,MIDTOW,36.1552,-86.7907,POINT (-86.7907 36.1552)
20190790909,10/30/2019 08:30:00 AM,3,0,0,,N,507813,11,Front to Rear,2,RAIN,1,DAYLIGHT,14,PARKED MOTOR VEHICLE,MAIN ST & FINN ST,NASHVILLE,TN,37206,1131,EAST,36.1772,-86.754,POINT (-86.754 36.1772)
20190624656,08/21/2019 02:00:00 PM,2,0,0,,N,267831,4,ANGLE,21,CLEAR,1,DAYLIGHT,12,MOTOR VEHICLE IN TRANSPORT,HIGHWAY 70 & BEVERLY HILLS DR,NASHVILLE,TN,37221,4713,WEST,36.0965,-87.0345,POINT (-87.0345 36.0965)
20190860207,11/28/2019 10:24:00 PM,2,0,0,,Y,320584,6,SIDESWIPE - OPPOSITE DIRECTION,21,CLEAR,3,DARK - LIGHTED,12,MOTOR VEHICLE IN TRANSPORT,WELCH RD & SEVEN MILE CREEK HARDING MALL,NASHVILLE,TN,37211,8445,SOUTH,36.0831,-86.7241,POINT (-86.7241 36.0831)
20190909634,12/20/2019 05:38:00 AM,2,1,0,,N,660929,4,ANGLE,21,CLEAR,3,DARK - LIGHTED,12,MOTOR VEHICLE IN TRANSPORT,4900 NOLENSVILLE PKE,NASHVILLE,TN,37211,8711,SOUTH,36.0629,-86.7168,POINT (-86.7168 36.0629)
20190632778,08/24/2019 12:00:00 AM,2,0,0,,Y,299247,5,SIDESWIPE - SAME DIRECTION,21,CLEAR,1,DAYLIGHT,12,MOTOR VEHICLE IN TRANSPORT,MM 211 5 I 40,NASHVILLE,TN,37210,8204,HERMIT,36.1514,-86.7517,POINT (-86.7517 36.1514)
20190881876,12/08/2019 05:24:00 PM,2,0,0,,N,299266,11,Front to Rear,21,CLEAR,2,DARK - NOT LIGHTED,12,MOTOR VEHICLE IN TRANSPORT,FRANKLIN LIMESTONE RD & BILLINGSGATE RD,NASHVILLE,TN,37217,8849,SOUTH,36.0785,-86.6743,POINT (-86.6743 36.0785)
20190645391,08/29/2019 04:52:00 PM,2,0,0,,N,256386,11,Front to Rear,21,CLEAR,1,DAYLIGHT,12,MOTOR VEHICLE IN TRANSPORT,STEWARTS FERRY PKE & I40 E ENT RAMP,NASHVILLE,TN,37214,8955,HERMIT,36.1545,-86.6262,POINT (-86.6262 36.1545)
20190716155,09/27/2019 09:38:00 PM,2,2,0,,N,256492,11,Front to Rear,21,CLEAR,3,DARK - LIGHTED,12,MOTOR VEHICLE IN TRANSPORT,MM 211 8 I 40,NASHVILLE,TN,37210,90022,HERMIT,36.149,-86.7465,POINT (-86.7465 36.149)
20190651283,08/31/2019 10:30:00 PM,2,0,0,,N,311800,5,SIDESWIPE - SAME DIRECTION,21,CLEAR,3,DARK - LIGHTED,12,MOTOR VEHICLE IN TRANSPORT,BROADWAY & 5TH AVS,NASHVILLE,TN,37203,4089,CENTRA,36.1605,-86.7784,POINT (-86.7784 36.1605)
20190711048,09/25/2019 10:30:00 PM,2,1,0,,N,256389,11,Front to Rear,21,CLEAR,1,DAYLIGHT,12,MOTOR VEHICLE IN TRANSPORT,I65 S ENT RAMP & I65 S EXT RAMP,NASHVILLE,TN,37204,6945,MIDTOW,36.1342,-86.7764,POINT (-86.7764 36.1342)
20190748028,10/11/2019 06:51:00 PM,2,0,0,,N,298863,11,Front to Rear,2,RAIN,7,Dark-Unknown Lighting,12,MOTOR VEHICLE IN TRANSPORT,2ND AVS & KOREAN VETERANS BLVD,NASHVILLE,TN,37201,4047,CENTRA,36.1576,-86.7724,POINT (-86.7724 36.1576)
20190657158,09/03/2019 11:34:00 AM,2,0,0,,N,224955,5,SIDESWIPE - SAME DIRECTION,22,CLOUDY,1,DAYLIGHT,12,MOTOR VEHICLE IN TRANSPORT,MM 91 9 I 65,MADISON,TN,37115,17280,MADISO,36.259,-86.7382,POINT (-86.7382 36.259)
20190594622,08/10/2019 12:00:00 AM,2,2,0,,N,320583,2,HEAD-ON,21,CLEAR,3,DARK - LIGHTED,12,MOTOR VEHICLE IN TRANSPORT,28TH AVN & CHARLOTTE AV,NASHVILLE,TN,37209,5341,MIDTOW,36.154,-86.8182,POINT (-86.8182 36.154)
20190918653,12/24/2019 05:30:00 PM,2,4,0,,N,279124,2,HEAD-ON,21,CLEAR,2,DARK - NOT LIGHTED,12,MOTOR VEHICLE IN TRANSPORT,HOBSON PKE & HAMILTON CHURCH RD,ANTIOCH,TN,37013,8907,SOUTH,36.0593,-86.597,POINT (-86.597 36.0593)
20190788189,10/29/2019 07:43:00 AM,2,0,0,,N,223502,5,SIDESWIPE - SAME DIRECTION,22,CLOUDY,1,DAYLIGHT,12,MOTOR VEHICLE IN TRANSPORT,NASHBORO BLVD & MURFREESBORO PKE,NASHVILLE,TN,37217,8935,HERMIT,36.0884,-86.6478,POINT (-86.6478 36.0884)
20190810113,11/07/2019 10:03:00 AM,1,1,0,,N,665896,0,NOT COLLISION W/MOTOR VEHICLE-TRANSPORT,2,RAIN,1,DAYLIGHT,42,TREE,1000 HART LN,NASHVILLE,TN,37216,1821,EAST,36.2162,-86.7383,POINT (-86.7383 36.2162)
20190771908,10/22/2019 07:34:00 AM,2,0,0,,N,716886,11,Front to Rear,21,CLEAR,1,DAYLIGHT,12,MOTOR VEHICLE IN TRANSPORT,MM 59 8 I 24,ANTIOCH,TN,37013,88060,SOUTH,36.0422,-86.6533,POINT (-86.6533 36.0422)
20190878308,12/06/2019 06:15:00 PM,2,0,0,,N,256384,11,Front to Rear,21,CLEAR,3,DARK - LIGHTED,12,MOTOR VEHICLE IN TRANSPORT,MM 51 1 I 24,NASHVILLE,TN,37210,81020,SOUTH,36.1315,-86.7272,POINT (-86.7272 36.1315)
20190733744,10/05/2019 11:56:00 AM,2,0,0,,Y,571316,6,SIDESWIPE - OPPOSITE DIRECTION,21,CLEAR,1,DAYLIGHT,12,MOTOR VEHICLE IN TRANSPORT,GALLATIN PKE & BURCHWOOD AV,NASHVILLE,TN,37216,1403,EAST,36.201,-86.7399,POINT (-86.7399 36.201)
20190844261,11/21/2019 05:50:00 PM,2,0,0,,N,197070,4,ANGLE,21,CLEAR,1,DAYLIGHT,12,MOTOR VEHICLE IN TRANSPORT,HERMOSA ST & 21ST AVN,NASHVILLE,TN,37208,5331,NORTH,36.1639,-86.8069,POINT (-86.8069 36.1639)
20190590734,08/08/2019 05:20:00 PM,2,0,0,,Y,419972,5,SIDESWIPE - SAME DIRECTION,21,CLEAR,1,DAYLIGHT,12,MOTOR VEHICLE IN TRANSPORT,BURGESS AV & WHITE BRIDGE PKE,NASHVILLE,TN,37209,5025,WEST,36.145,-86.858,POINT (-86.858 36.145)
20190782492,10/26/2019 05:45:00 PM,1,0,0,,N,330427,0,NOT COLLISION W/MOTOR VEHICLE-TRANSPORT,2,RAIN,2,DARK - NOT LIGHTED,24,GUARDRAIL FACE,BRILEY PKWY W EXT RAMP & BRILEY PKWYW,NASHVILLE,TN,37218,3219,NORTH,36.23,-86.8304,POINT (-86.8304 36.23)
20190784016,10/27/2019 03:44:00 PM,2,0,0,,N,197068,11,Front to Rear,22,CLOUDY,1,DAYLIGHT,12,MOTOR VEHICLE IN TRANSPORT,JAMES ROBERTSON PKWY & GAY ST,NASHVILLE,TN,37219,4203,CENTRA,36.192,-86.7173,POINT (-86.7173 36.192)
20190807391,11/06/2019 07:15:00 AM,2,0,0,,N,716886,11,Front to Rear,21,CLEAR,1,DAYLIGHT,12,MOTOR VEHICLE IN TRANSPORT,MURFREESBORO PKE & MOUNTAIN SPRINGS RD,ANTIOCH,TN,37013,8927,SOUTH,36.0478,-86.6121,POINT (-86.6121 36.0478)
20190683903,09/14/2019 01:10:00 PM,2,1,0,,N,876581,11,Front to Rear,21,CLEAR,1,DAYLIGHT,12,MOTOR VEHICLE IN TRANSPORT,S GRAYCROFT AVE & FREDA VLG,MADISON,TN,37115,1799,MADISO,36.2464,-86.7355,POINT (-86.7355 36.2464)
20190630440,08/23/2019 02:35:00 PM,2,0,0,,N,110063,4,ANGLE,21,CLEAR,1,DAYLIGHT,12,MOTOR VEHICLE IN TRANSPORT,9TH AVN & JEFFERSON ST,NASHVILLE,TN,37208,4239,NORTH,36.173,-86.7924,POINT (-86.7924 36.173)
20190619135,08/19/2019 12:00:00 AM,2,1,0,,N,311333,4,ANGLE,21,CLEAR,1,DAYLIGHT,12,MOTOR VEHICLE IN TRANSPORT,MT VIEW RD & BELL RD,ANTIOCH,TN,37013,8861,SOUTH,36.05,-86.6496,POINT (-86.6496 36.05)
20190766450,10/19/2019 02:00:00 PM,2,0,0,,N,311344,11,Front to Rear,22,CLOUDY,1,DAYLIGHT,12,MOTOR VEHICLE IN TRANSPORT,MYATT DR & US HWY 31E,MADISON,TN,37115,1731,MADISO,36.2969,-86.699,POINT (-86.699 36.2969)
20190927482,12/29/2019 11:39:00 AM,1,0,0,Y,N,306231,0,NOT COLLISION W/MOTOR VEHICLE-TRANSPORT,2,RAIN,1,DAYLIGHT,30,UTILITY POLE,MM 88 5 I 65,NASHVILLE,TN,37207,30040,NORTH,36.2237,-86.7746,POINT (-86.7746 36.2237)
20190692351,09/18/2019 06:13:00 AM,2,1,0,,N,676834,11,Front to Rear,21,CLEAR,3,DARK - LIGHTED,12,MOTOR VEHICLE IN TRANSPORT,MM 213 6 I 40,NASHVILLE,TN,37217,8802,HERMIT,36.1406,-86.7202,POINT (-86.7202 36.1406)
20190910593,12/20/2019 02:07:00 PM,2,0,0,,N,330428,4,ANGLE,21,CLEAR,1,DAYLIGHT,12,MOTOR VEHICLE IN TRANSPORT,US HWY 70S & KENNER AVE,NASHVILLE,TN,37205,6021,WEST,36.126,-86.8462,POINT (-86.8462 36.126)
20190626846,08/22/2019 08:00:00 AM,2,0,0,,N,538214,11,Front to Rear,21,CLEAR,1,DAYLIGHT,12,MOTOR VEHICLE IN TRANSPORT,I24 E ENT RAMP & I 24,NASHVILLE,TN,37213,1007,CENTRA,36.1662,-86.7659,POINT (-86.7659 36.1662)
20190636809,08/26/2019 08:40:00 AM,2,0,0,,N,109534,11,Front to Rear,2,RAIN,1,DAYLIGHT,12,MOTOR VEHICLE IN TRANSPORT,ELM HILL PKE & WRIGHT INDUSTRIES PVTDR,NASHVILLE,TN,37210,9017,HERMIT,36.144,-86.7187,POINT (-86.7187 36.144)
20190696823,09/19/2019 12:00:00 AM,2,1,0,,N,311333,5,SIDESWIPE - SAME DIRECTION,21,CLEAR,3,DARK - LIGHTED,12,MOTOR VEHICLE IN TRANSPORT,MURFREESBORO PKE & FOREST VIEW DR,ANTIOCH,TN,37013,8865,SOUTH,36.0674,-86.6313,POINT (-86.6313 36.0674)
20190926039,12/28/2019 05:30:00 PM,1,0,0,,N,256394,0,NOT COLLISION W/MOTOR VEHICLE-TRANSPORT,2,RAIN,2,DARK - NOT LIGHTED,17,BOULDER,NASHBORO BLVD & NASHBORO BLVD PVTDR,NASHVILLE,TN,37217,8937,HERMIT,36.0887,-86.6439,POINT (-86.6439 36.0887)
20190719237,09/29/2019 12:39:00 PM,3,0,0,,N,109495,11,Front to Rear,21,CLEAR,1,DAYLIGHT,12,MOTOR VEHICLE IN TRANSPORT,8TH AVS & SOUTH DOUGLAS AV,NASHVILLE,TN,37204,6945,MIDTOW,36.1312,-86.7788,POINT (-86.7788 36.1312)
20190702920,09/22/2019 05:53:00 PM,1,1,0,Y,N,161939,0,NOT COLLISION W/MOTOR VEHICLE-TRANSPORT,21,CLEAR,1,DAYLIGHT,43,OTHER FIXED OBJECTS,TUSCULUM RD & BENZING RD,ANTIOCH,TN,37013,8713,SOUTH,36.1565,-86.7372,POINT (-86.7372 36.1565)
20190744777,10/10/2019 11:50:00 AM,2,0,0,,N,352177,5,SIDESWIPE - SAME DIRECTION,21,CLEAR,1,DAYLIGHT,12,MOTOR VEHICLE IN TRANSPORT,BELL RD & HICKORY HOLLOW PKWY,ANTIOCH,TN,37013,8863,SOUTH,36.0896,-86.6884,POINT (-86.6884 36.0896)
20190701304,09/21/2019 08:50:00 PM,2,0,0,,N,299238,11,Front to Rear,21,CLEAR,3,DARK - LIGHTED,12,MOTOR VEHICLE IN TRANSPORT,MAIN ST & N 7TH ST,NASHVILLE,TN,37206,1119,EAST,36.1748,-86.7602,POINT (-86.7602 36.1748)
20190763966,10/18/2019 01:15:00 PM,2,0,0,,N,140808,4,ANGLE,21,CLEAR,1,DAYLIGHT,12,MOTOR VEHICLE IN TRANSPORT,ROBERT E LEE DR & OTTER CREEK RD,NASHVILLE,TN,37215,6309,MIDTOW,36.0647,-86.825,POINT (-86.825 36.0647)
20190708388,09/24/2019 10:36:00 PM,2,0,0,,N,256411,11,Front to Rear,21,CLEAR,3,DARK - LIGHTED,12,MOTOR VEHICLE IN TRANSPORT,I 65 & I65 N ENT RAMP,NASHVILLE,TN,37207,1829,EAST,36.2088,-86.7758,POINT (-86.7758 36.2088)
20190770520,10/21/2019 04:03:00 PM,2,0,0,,N,384423,4,ANGLE,2,RAIN,1,DAYLIGHT,12;14,MOTOR VEHICLE IN TRANSPORT;PARKED MOTOR VEHICLE,111 HICKS RD,NASHVILLE,TN,37221,4817,WEST,36.0631,-86.9236,POINT (-86.9236 36.0631)
20190892461,12/12/2019 06:50:00 PM,3,2,0,,N,279214,4,ANGLE,21,CLEAR,3,DARK - LIGHTED,12,MOTOR VEHICLE IN TRANSPORT,LEALAND LN & GALE LN,NASHVILLE,TN,37204,6933,MIDTOW,36.1168,-86.787,POINT (-86.787 36.1168)
20190762282,10/17/2019 05:25:00 PM,2,0,0,Y,N,420040,0,NOT COLLISION W/MOTOR VEHICLE-TRANSPORT,21,CLEAR,1,DAYLIGHT,30;7,UTILITY POLE,GRANNY WHITE PKE & OVERTON LEA RD,NASHVILLE,TN,37220,7109,MIDTOW,36.0783,-86.8058,POINT (-86.8058 36.0783)
20190783161,10/27/2019 02:50:00 AM,2,0,0,,Y,352193,11,Front to Rear,21,CLEAR,3,DARK - LIGHTED,12,MOTOR VEHICLE IN TRANSPORT,STATE HWY 45 & US HWY 70,HERMITAGE,TN,37076,9507,HERMIT,36.1982,-86.6202,POINT (-86.6202 36.1982)
20190648017,08/30/2019 02:35:00 PM,2,0,0,,N,320585,5,SIDESWIPE - SAME DIRECTION,21,CLEAR,1,DAYLIGHT,12,MOTOR VEHICLE IN TRANSPORT,DONELSON PKE & COLONIAL CIR,NASHVILLE,TN,37214,9113,HERMIT,36.1634,-86.664,POINT (-86.664 36.1634)
20190709161,09/25/2019 06:49:00 AM,2,0,0,,N,544481,11,Front to Rear,22,CLOUDY,1,DAYLIGHT,12,MOTOR VEHICLE IN TRANSPORT,ELLINGTON PKWYS & ELLINGTON PKWY,MADISON,TN,37115,1876,MADISO,36.2419,-86.7367,POINT (-86.7367 36.2419)
20190802679,11/04/2019 01:08:00 PM,2,0,0,,Y,525538,4,ANGLE,21,CLEAR,1,DAYLIGHT,12,MOTOR VEHICLE IN TRANSPORT,20TH AVS & DIVISION ST,NASHVILLE,TN,37212,6711,MIDTOW,36.149,-86.7983,POINT (-86.7983 36.149)
20190688017,09/16/2019 02:21:00 PM,2,0,0,,Y,197435,4,ANGLE,21,CLEAR,1,DAYLIGHT,12,MOTOR VEHICLE IN TRANSPORT,N 7TH ST & RAMSEY ST,NASHVILLE,TN,37206,1997,EAST,36.1756,-86.7615,POINT (-86.7615 36.1756)
20190707893,09/24/2019 05:26:00 PM,2,0,0,,Y,197068,11,Front to Rear,21,CLEAR,1,DAYLIGHT,12,MOTOR VEHICLE IN TRANSPORT,0 JAMES ROBERTSON PKWY,NASHVILLE,TN,37219,4203,CENTRA,36.1688,-86.7838,POINT (-86.7838 36.1688)
20190893942,12/13/2019 10:04:00 AM,1,0,0,Y,N,109534,0,NOT COLLISION W/MOTOR VEHICLE-TRANSPORT,5,FOG,1,DAYLIGHT,25;63,GUARDRAIL END;Ran Off Road-Right,BELL RD & ARBOR LAKE BLVD,HERMITAGE,TN,37076,9527,HERMIT,36.1627,-86.6001,POINT (-86.6001 36.1627)