Accident Number,Date and Time,Number of Motor Vehicles,Number of Injuries,Number of Fatalities,Property Damage,Hit and Run,Reporting Officer,Collision Type Code,Collision Type Description,Weather Code,Weather Description,Illumination Code,Illumination Description,Harmful Code,Harmful Code Description,Street Address,City,State,ZIP,RPA,Precinct,Latitude,Longitude,Mapped Location
20190629130,08/23/2019 03:40:00 AM,2,0,0,,N,299248,11,Front to Rear,21,CLEAR,3,DARK - LIGHTED,12,MOTOR VEHICLE IN TRANSPORT,MURFREESBORO PKE & MURFREESBORO PKE EXT,NASHVILLE,TN,37217,8801,SOUTH,36.136,-86.7254,POINT (-86.7254 36.136)
20190685928,09/15/2019 02:50:00 PM,2,0,0,,Y,330440,4,ANGLE,21,CLEAR,1,DAYLIGHT,12,MOTOR VEHICLE IN TRANSPORT,CLARKSVILLE PIKE & 23RD AVE N,NASHVILLE,TN,37208,4415,NORTH,36.184,-86.8142,POINT (-86.8142 36.184)
20190891640,12/12/2019 12:11:00 PM,2,1,0,,N,462474,4,ANGLE,21,CLEAR,1,DAYLIGHT,12,MOTOR VEHICLE IN TRANSPORT,EDMONDSON PKE & BRENTWOOD SQ,NASHVILLE,TN,37211,8653,MIDTOW,36.0416,-86.7439,POINT (-86.7439 36.0416)
20190850783,11/24/2019 06:25:00 PM,2,0,0,,Y,298858,11,Front to Rear,21,CLEAR,3,DARK - LIGHTED,12,MOTOR VEHICLE IN TRANSPORT,INTERSTATE DR & US HWY 31,NASHVILLE,TN,37213,1107,CENTRA,36.1714,-86.769,POINT (-86.769 36.1714)
20190679046,09/12/2019 01:45:00 PM,3,1,0,,N,717341,11,Front to Rear,21,CLEAR,1,DAYLIGHT,12,MOTOR VEHICLE IN TRANSPORT,MURFREESBORO PKE & PLUS PARK BLVD,NASHVILLE,TN,37217,8815,HERMIT,36.1337,-86.722,POINT (-86.722 36.1337)
20190730900,10/04/2019 07:52:00 AM,2,0,0,,Y,306231,5,SIDESWIPE - SAME DIRECTION,21,CLEAR,1,DAYLIGHT,12,MOTOR VEHICLE IN TRANSPORT,PHIPPS DR & LUNN DR,NASHVILLE,TN,37218,3109,NORTH,36.2203,-86.8456,POINT (-86.8456 36.2203)
20190776889,10/24/2019 06:10:00 AM,2,0,0,,N,224955,4,ANGLE,21,CLEAR,1,DAYLIGHT,12,MOTOR VEHICLE IN TRANSPORT,BRICK CHURCH PKE & BELLE ARBOR DR,NASHVILLE,TN,37207,2045,MADISO,36.2577,-86.7768,POINT (-86.7768 36.2577)
20190779483,10/25/2019 08:01:00 AM,2,2,0,,N,311325,3,REAR-TO-REAR,22,CLOUDY,1,DAYLIGHT,12,MOTOR VEHICLE IN TRANSPORT,STATE HWY 155 & MUSIC VALLEY DR,NASHVILLE,TN,37214,92860,HERMIT,36.2297,-86.6986,POINT (-86.6986 36.2297)
20190642048,08/28/2019 10:00:00 AM,3,0,0,,N,352164,11,Front to Rear,21,CLEAR,1,DAYLIGHT,14,PARKED MOTOR VEHICLE,BLAIRFIELD DR & ELIJAH RYAN DR,ANTIOCH,TN,37013,8763,SOUTH,36.0214,-86.6471,POINT (-86.6471 36.0214)
20190823754,11/13/2019 07:17:00 AM,2,0,0,,N,485261,11,Front to Rear,21,CLEAR,1,DAYLIGHT,12,MOTOR VEHICLE IN TRANSPORT,HERMITAGE AV & MIDDLETON ST,NASHVILLE,TN,37210,4033,CENTRA,36.1559,-86.767,POINT (-86.767 36.1559)
20190834889,11/18/2019 06:40:00 AM,2,0,0,,Y,584947,9,UNKNOWN,21,CLEAR,1,DAYLIGHT,12,MOTOR VEHICLE IN TRANSPORT,HARDING PL & NOLENSVILLE PKE,NASHVILLE,TN,37211,8705,SOUTH,36.0797,-86.7261,POINT (-86.7261 36.0797)
20190874662,12/05/2019 09:40:00 AM,2,0,0,,N,109534,4,ANGLE,21,CLEAR,1,DAYLIGHT,12,MOTOR VEHICLE IN TRANSPORT,LEBANON PKE & MCGAVOCK PKE,NASHVILLE,TN,37214,9201,HERMIT,36.1694,-86.6799,POINT (-86.6799 36.1694)
20190700899,09/21/2019 04:04:00 PM,2,1,0,,N,212348,4,ANGLE,21,CLEAR,1,DAYLIGHT,12,MOTOR VEHICLE IN TRANSPORT,KENNER AV & HARDING PKE,NASHVILLE,TN,37205,6021,WEST,36.1258,-86.8465,POINT (-86.8465 36.1258)
20190737908,10/07/2019 05:42:00 PM,2,2,0,,N,240957,4,ANGLE,22,CLOUDY,1,DAYLIGHT,12,MOTOR VEHICLE IN TRANSPORT,NOLENSVILLE PKE & NORTHCREST DR,NASHVILLE,TN,37211,8711,SOUTH,36.0667,-86.7179,POINT (-86.7179 36.0667)
20190879717,12/07/2019 12:11:00 PM,2,0,0,,N,591933,0,NOT COLLISION W/MOTOR VEHICLE-TRANSPORT,21,CLEAR,1,DAYLIGHT,34,DITCH,MM 62 2 I 24,ANTIOCH,TN,37013,87040,SOUTH,36.0186,-86.6253,POINT (-86.6253 36.0186)
20190651681,09/01/2019 12:00:00 AM,2,0,0,,Y,320591,11,Front to Rear,21,CLEAR,3,DARK - LIGHTED,12,MOTOR VEHICLE IN TRANSPORT,MURFREESBORO PKE & HAMILTON CHURCH RD,ANTIOCH,TN,37013,8865,SOUTH,36.0649,-86.6286,POINT (-86.6286 36.0649)
20190644510,08/29/2019 09:00:00 AM,2,0,0,,N,676834,4,ANGLE,21,CLEAR,1,DAYLIGHT,12,MOTOR VEHICLE IN TRANSPORT,DR D B TODD JR BLVD & JEFFERSON ST,NASHVILLE,TN,37208,5325,NORTH,36.1695,-86.8067,POINT (-86.8067 36.1695)
20190763571,10/18/2019 09:17:00 AM,3,0,0,,N,140808,5,SIDESWIPE - SAME DIRECTION,21,CLEAR,1,DAYLIGHT,12,MOTOR VEHICLE IN TRANSPORT,OLD HICKORY BLVD & BRENTWOOD CHASE DR,BRENTWOOD,TN,37027,8621,MIDTOW,36.0402,-86.7523,POINT (-86.7523 36.0402)
20190670925,09/09/2019 02:24:00 PM,2,0,0,,N,256380,6,SIDESWIPE - OPPOSITE DIRECTION,21,CLEAR,1,DAYLIGHT,14,PARKED MOTOR VEHICLE,CLARKSVILLE PKE & BUENA VISTA PKE,NASHVILLE,TN,37218,3135,NORTH,36.1935,-86.8309,POINT (-86.8309 36.1935)
20190843969,11/21/2019 04:27:00 PM,2,0,0,,N,429193,11,Front to Rear,21,CLEAR,5,DUSK,12,MOTOR VEHICLE IN TRANSPORT,MM 201 7 I 40,NASHVILLE,TN,37209,50023,WEST,36.1371,-86.8912,POINT (-86.8912 36.1371)
20190739327,10/08/2019 07:45:00 AM,2,0,0,,N,191578,11,Front to Rear,21,CLEAR,1,DAYLIGHT,12,MOTOR VEHICLE IN TRANSPORT,MM 214 5 I 40,NASHVILLE,TN,37217,88022,HERMIT,36.1434,-86.7031,POINT (-86.7031 36.1434)
20190928012,12/29/2019 08:10:00 PM,1,0,0,Y,Y,330445,0,NOT COLLISION W/MOTOR VEHICLE-TRANSPORT,2,RAIN,3,DARK - LIGHTED,30,UTILITY POLE,LOVE CIR & ACKLEN AV,NASHVILLE,TN,37212,5817,MIDTOW,36.1379,-86.8147,POINT (-86.8147 36.1379)
20190780802,10/25/2019 08:05:00 PM,5,0,0,,N,256501,11,Front to Rear,2,RAIN,3,DARK - LIGHTED,12,MOTOR VEHICLE IN TRANSPORT,MM 86 5 I 65,NASHVILLE,TN,37207,3006,NORTH,36.1946,-86.7762,POINT (-86.7762 36.1946)
20190756451,10/15/2019 02:08:00 PM,2,1,0,,N,716877,11,Front to Rear,21,CLEAR,1,DAYLIGHT,12,MOTOR VEHICLE IN TRANSPORT,BELL RD & CANE RIDGE RD,ANTIOCH,TN,37013,8753,SOUTH,36.0449,-86.6631,POINT (-86.6631 36.0449)
20190900665,12/16/2019 05:18:00 PM,2,0,0,,N,298877,5,SIDESWIPE - SAME DIRECTION,2,RAIN,3,DARK - LIGHTED,12,MOTOR VEHICLE IN TRANSPORT,MM 53 3 I 24,NASHVILLE,TN,37210,88141,SOUTH,36.1146,-86.7245,POINT (-86.7245 36.1146)
20190810844,11/07/2019 04:40:00 PM,2,0,0,,N,256448,11,Front to Rear,2,RAIN,1,DAYLIGHT,12,MOTOR VEHICLE IN TRANSPORT,ELM HILL PKE & EMERY DR,NASHVILLE,TN,37214,9103,HERMIT,36.1517,-86.677,POINT (-86.677 36.1517)
20190826077,11/14/2019 06:49:00 AM,2,0,0,,N,716886,5,SIDESWIPE - SAME DIRECTION,21,CLEAR,1,DAYLIGHT,12,MOTOR VEHICLE IN TRANSPORT,LINBAR DR & LARGO DR,NASHVILLE,TN,37211,8705,SOUTH,36.0837,-86.7057,POINT (-86.7057 36.0837)
20190672694,09/10/2019 08:06:00 AM,2,0,0,,N,279113,98,OTHER,21,CLEAR,1,DAYLIGHT,12,MOTOR VEHICLE IN TRANSPORT,MM 215 2 I 40,NASHVILLE,TN,37214,91021,HERMIT,36.144,-86.6913,POINT (-86.6913 36.144)
20190700726,09/21/2019 01:14:00 PM,2,0,0,,N,320597,4,ANGLE,21,CLEAR,1,DAYLIGHT,12,MOTOR VEHICLE IN TRANSPORT,ANTIOCH PKE & MILL CREEK BLUE HOLE GRNWY,ANTIOCH,TN,37013,8857,SOUTH,36.0662,-86.6811,POINT (-86.6811 36.0662)
20190831269,11/16/2019 10:53:00 AM,2,1,0,,N,584947,4,ANGLE,21,CLEAR,1,DAYLIGHT,12,MOTOR VEHICLE IN TRANSPORT,MT PISGAH RD & EDMONDSON PKE,BRENTWOOD,TN,37027,8623,MIDTOW,36.0243,-86.7424,POINT (-86.7424 36.0243)
20190594204,08/09/2019 08:31:00 PM,2,2,0,,N,240966,4,ANGLE,21,CLEAR,3,DARK - LIGHTED,12,MOTOR VEHICLE IN TRANSPORT,SPRING ST & I24 W EXT RAMP,NASHVILLE,TN,37207,1983,EAST,36.1767,-86.7723,POINT (-86.7723 36.1767)
20190793272,10/31/2019 08:12:00 AM,2,0,0,,N,676834,11,Front to Rear,2,RAIN,1,DAYLIGHT,12,MOTOR VEHICLE IN TRANSPORT,MM 86 2 I 65,NASHVILLE,TN,37207,1910,CENTRA,36.1919,-86.7812,POINT (-86.7812 36.1919)
20190691406,09/17/2019 07:00:00 PM,2,0,0,,Y,433550,11,Front to Rear,21,CLEAR,2,DARK - NOT LIGHTED,12,MOTOR VEHICLE IN TRANSPORT,I40 W EXT RAMP & I 40,NASHVILLE,TN,37203,4119,CENTRA,36.1574,-86.79,POINT (-86.79 36.1574)
20190766596,10/19/2019 04:40:00 PM,2,0,0,,Y,352168,11,Front to Rear,22,CLOUDY,5,DUSK,12,MOTOR VEHICLE IN TRANSPORT,MM 79 6 I 65,NASHVILLE,TN,37204,8504,MIDTOW,36.109,-86.7696,POINT (-86.7696 36.109)
20190750192,10/12/2019 09:01:00 PM,2,0,0,,N,330415,4,ANGLE,21,CLEAR,3,DARK - LIGHTED,12,MOTOR VEHICLE IN TRANSPORT,0 7TH AVN,NASHVILLE,TN,37208,4305,NORTH,36.1747,-86.7908,POINT (-86.7908 36.1747)
20190759316,10/16/2019 04:16:00 PM,2,0,0,,N,240983,11,Front to Rear,21,CLEAR,1,DAYLIGHT,12,MOTOR VEHICLE IN TRANSPORT,EAST THOMPSON LN & THOMPSON LN,NASHVILLE,TN,37211,8336,SOUTH,36.1094,-86.728,POINT (-86.728 36.1094)
20190691686,09/17/2019 12:00:00 AM,1,0,0,,Y,384414,0,NOT COLLISION W/MOTOR VEHICLE-TRANSPORT,21,CLEAR,9,UNKNOWN,18,OTHER OBJECT (NOT FIXED),SNOW AV & PIERCE RD,MADISON,TN,37115,1715,MADISO,36.2795,-86.7013,POINT (-86.7013 36.2795)
20190734689,10/06/2019 12:00:00 AM,1,1,0,,N,299274,0,NOT COLLISION W/MOTOR VEHICLE-TRANSPORT,21,CLEAR,3,DARK - LIGHTED,36,CONCRETE TRAFFIC BARRIER,MM 211 9 I 40,NASHVILLE,TN,37210,90022,HERMIT,36.1487,-86.7459,POINT (-86.7459 36.1487)
20190908064,12/19/2019 02:10:00 PM,1,0,0,,N,591936,0,NOT COLLISION W/MOTOR VEHICLE-TRANSPORT,21,CLEAR,1,DAYLIGHT,36,CONCRETE TRAFFIC BARRIER,I440 W ENT RAMP & I 440,NASHVILLE,TN,37210,81021,SOUTH,36.1259,-86.7322,POINT (-86.7322 36.1259)
20190855623,11/26/2019 06:01:00 PM,2,3,0,,N,256389,4,ANGLE,2,RAIN,3,DARK - LIGHTED,12,MOTOR VEHICLE IN TRANSPORT,BATTLEFIELD DR & STOKES LN,NASHVILLE,TN,37215,6419,MIDTOW,36.1159,-86.7986,POINT (-86.7986 36.1159)
20190787701,10/29/2019 03:41:00 AM,1,0,0,,N,212334,0,NOT COLLISION W/MOTOR VEHICLE-TRANSPORT,21,CLEAR,3,DARK - LIGHTED,50,DEER (ANIMAL),CLARKSVILLE PKE & ST LAWRENCE DR,JOELTON,TN,37080,3245,NORTH,36.2874,-86.8793,POINT (-86.8793 36.2874)
20190605869,08/14/2019 11:42:00 AM,2,1,0,,N,299243,11,Front to Rear,21,CLEAR,1,DAYLIGHT,12,MOTOR VEHICLE IN TRANSPORT,ROSA L PARKS BLVD & JEFFERSON ST,NASHVILLE,TN,37208,4237,CENTRA,36.1733,-86.7914,POINT (-86.7914 36.1733)
20190786572,10/28/2019 05:10:00 PM,2,0,0,,N,256384,11,Front to Rear,21,CLEAR,1,DAYLIGHT,12,MOTOR VEHICLE IN TRANSPORT,MURFREESBORO PKE & PARRIS AV,NASHVILLE,TN,37210,8117,SOUTH,36.1438,-86.7473,POINT (-86.7473 36.1438)
20190758565,10/16/2019 10:20:00 AM,2,1,0,,N,384443,11,Front to Rear,21,CLEAR,1,DAYLIGHT,12,MOTOR VEHICLE IN TRANSPORT,CHANDLER RD & CHANDLER GROVE DR,HERMITAGE,TN,37076,9513,HERMIT,36.2001,-86.5827,POINT (-86.5827 36.2001)
20190593619,08/09/2019 04:35:00 PM,2,0,0,,N,320577,5,SIDESWIPE - SAME DIRECTION,21,CLEAR,1,DAYLIGHT,12,MOTOR VEHICLE IN TRANSPORT,MM 80 3 I 65,NASHVILLE,TN,37204,69021,MIDTOW,36.1173,-86.7737,POINT (-86.7737 36.1173)
20190711892,09/26/2019 06:31:00 AM,2,0,0,,N,109534,11,Front to Rear,21,CLEAR,1,DAYLIGHT,12,MOTOR VEHICLE IN TRANSPORT,I40 W EXT RAMP & I 40,NASHVILLE,TN,37203,4119,CENTRA,36.1574,-86.79,POINT (-86.79 36.1574)
20190582590,08/05/2019 08:54:00 PM,1,0,0,,N,151132,0,NOT COLLISION W/MOTOR VEHICLE-TRANSPORT,21,CLEAR,2,DARK - NOT LIGHTED,16,THROWN OR FALLING OBJECT,BRICK CHURCH PKE & AUTUMN RIDGE DR,NASHVILLE,TN,37207,2103,MADISO,36.2837,-86.7852,POINT (-86.7852 36.2837)
20190609243,08/15/2019 03:30:00 PM,2,0,0,,N,197047,3,REAR-TO-REAR,21,CLEAR,1,DAYLIGHT,14,PARKED MOTOR VEHICLE,PINEHURST DR & STRATFORD AV,NASHVILLE,TN,37216,1409,EAST,36.199,-86.717,POINT (-86.717 36.199)
20190664191,09/06/2019 09:40:00 AM,2,0,0,,Y,279110,11,Front to Rear,21,CLEAR,1,DAYLIGHT,12,MOTOR VEHICLE IN TRANSPORT,FOSTER AV & MURFREESBORO PKE,NASHVILLE,TN,37210,8113,SOUTH,36.1416,-86.7406,POINT (-86.7406 36.1416)
20190687993,09/16/2019 03:00:00 PM,2,0,0,,Y,240983,5,SIDESWIPE - SAME DIRECTION,21,CLEAR,1,DAYLIGHT,12,MOTOR VEHICLE IN TRANSPORT,MM 53 3 I 24,NASHVILLE,TN,37210,88141,SOUTH,36.1146,-86.7245,POINT (-86.7245 36.1146)
20190889232,12/11/2019 02:40:00 PM,2,0,0,,Y,192872,4,ANGLE,21,CLEAR,1,DAYLIGHT,12,MOTOR VEHICLE IN TRANSPORT,HART LN & ELLINGTON PKWY S EXT RAMP,NASHVILLE,TN,37207,1887,EAST,36.2186,-86.7481,POINT (-86.7481 36.2186)
20190894592,12/13/2019 03:48:00 PM,2,0,0,,N,330427,0,NOT COLLISION W/MOTOR VEHICLE-TRANSPORT,2,RAIN,1,DAYLIGHT,12;23,MOTOR VEHICLE IN TRANSPORT;BRIDGE RAIL,MM 88 5 I 65,NASHVILLE,TN,37207,30040,NORTH,36.2237,-86.7746,POINT (-86.7746 36.2237)
20190931238,12/31/2019 06:55:00 AM,1,0,0,,N,226306,0,NOT COLLISION W/MOTOR VEHICLE-TRANSPORT,,,98,OTHER,50,DEER (ANIMAL),CHARLOTTE PKE & HIGHWAY 70S,NASHVILLE,TN,37221,4709,WEST,36.0918,-86.98,POINT (-86.98 36.0918)
20190882952,12/09/2019 07:15:00 AM,1,1,0,,Y,462501,0,NOT COLLISION W/MOTOR VEHICLE-TRANSPORT,22,CLOUDY,1,DAYLIGHT,8,PEDESTRIAN,12TH AVS & BROADWAY,NASHVILLE,TN,37203,4081,CENTRA,36.1563,-86.7873,POINT (-86.7873 36.1563)
20190844897,11/22/2019 12:55:00 AM,2,0,0,,Y,256495,11,Front to Rear,2,RAIN,3,DARK - LIGHTED,12,MOTOR VEHICLE IN TRANSPORT,I40 E EXT RAMP & I 40,NASHVILLE,TN,37214,8955,HERMIT,36.155,-86.6271,POINT (-86.6271 36.155)
20190873467,12/04/2019 10:05:00 PM,2,1,0,,N,384424,11,Front to Rear,21,CLEAR,3,DARK - LIGHTED,12,MOTOR VEHICLE IN TRANSPORT,MM 210 7 I 40,NASHVILLE,TN,37210,8202,HERMIT,36.1532,-86.7644,POINT (-86.7644 36.1532)
20190773411,10/22/2019 08:09:00 PM,2,1,0,,Y,579971,11,Front to Rear,21,CLEAR,3,DARK - LIGHTED,12,MOTOR VEHICLE IN TRANSPORT,OLD HICKORY BLVD & LOGISTICS WAY,ANTIOCH,TN,37013,8869,SOUTH,36.0286,-86.614,POINT (-86.614 36.0286)
20190657562,09/03/2019 04:36:00 PM,2,0,0,,N,151132,11,Front to Rear,21,CLEAR,1,DAYLIGHT,12,MOTOR VEHICLE IN TRANSPORT,BRILEY PKWY E EXT RAMP & BRICK CHURCH PK,NASHVILLE,TN,37207,2031,MADISO,36.2375,-86.781,POINT (-86.781 36.2375)
20190698475,09/20/2019 01:53:00 PM,2,0,0,,N,420035,5,SIDESWIPE - SAME DIRECTION,21,CLEAR,1,DAYLIGHT,14,PARKED MOTOR VEHICLE,STATE RT 45 & BURWOOD AV,MADISON,TN,37115,1703,MADISO,36.2639,-86.7021,POINT (-86.7021 36.2639)
20190608721,08/15/2019 12:25:00 PM,2,0,0,,N,405447,16,Rear to Side,21,CLEAR,1,DAYLIGHT,14,PARKED MOTOR VEHICLE,COBBLE ST & WINTER CT,NASHVILLE,TN,37211,8651,MIDTOW,36.0239,-86.7235,POINT (-86.7235 36.0239)
20190611789,08/16/2019 04:20:00 PM,2,0,0,,N,420040,5,SIDESWIPE - SAME DIRECTION,21,CLEAR,1,DAYLIGHT,12,MOTOR VEHICLE IN TRANSPORT,25TH AVS & CHILDRENS WAY,NASHVILLE,TN,37212,5803,MIDTOW,36.1408,-86.8068,POINT (-86.8068 36.1408)
20190923133,12/27/2019 05:45:00 AM,2,0,0,,N,320601,5,SIDESWIPE - SAME DIRECTION,2,RAIN,1,DAYLIGHT,12,MOTOR VEHICLE IN TRANSPORT,MM 54 4 I 24,NASHVILLE,TN,37211,84020,SOUTH,36.1017,-86.7129,POINT (-86.7129 36.1017)
20190716150,09/27/2019 08:27:00 PM,2,0,0,,Y,320594,5,SIDESWIPE - SAME DIRECTION,21,CLEAR,3,DARK - LIGHTED,12,MOTOR VEHICLE IN TRANSPORT,OLD HICKORY BLVD & ANDREW JACKSON PKWY,HERMITAGE,TN,37076,9561,HERMIT,36.1836,-86.6107,POINT (-86.6107 36.1836)
20190885569,12/10/2019 07:00:00 AM,2,0,0,,N,226622,4,ANGLE,22,CLOUDY,1,DAYLIGHT,12,MOTOR VEHICLE IN TRANSPORT,CHARLOTTE PKE & CABOT DR,NASHVILLE,TN,37209,4677,WEST,36.2336,-86.7283,POINT (-86.7283 36.2336)
20190684542,09/14/2019 08:16:00 PM,2,1,0,,N,212330,11,Front to Rear,21,CLEAR,3,DARK - LIGHTED,12,MOTOR VEHICLE IN TRANSPORT,MURFREESBORO PKE & BROOKSBORO PL,ANTIOCH,TN,37013,8891,SOUTH,36.0837,-86.6472,POINT (-86.6472 36.0837)
20190586342,08/07/2019 05:58:00 AM,2,1,0,,N,279198,11,Front to Rear,21,CLEAR,1,DAYLIGHT,12,MOTOR VEHICLE IN TRANSPORT,W TRINITY LN & LUCAS LN,NASHVILLE,TN,37207,1863,EAST,36.2061,-86.7711,POINT (-86.7711 36.2061)
20190912391,12/21/2019 01:25:00 PM,2,0,0,,N,334981,5,SIDESWIPE - SAME DIRECTION,21,CLEAR,1,DAYLIGHT,12,MOTOR VEHICLE IN TRANSPORT,POWELL AV & OLD POWELL AV,NASHVILLE,TN,37204,8525,MIDTOW,36.1109,-86.7672,POINT (-86.7672 36.1109)
20190853058,11/25/2019 06:05:00 PM,1,0,0,Y,N,384423,0,NOT COLLISION W/MOTOR VEHICLE-TRANSPORT,21,CLEAR,2,DARK - NOT LIGHTED,34,DITCH,LEWIS RD & OLD HARDING PKE,NASHVILLE,TN,37221,4803,WEST,36.0377,-86.988,POINT (-86.988 36.0377)
20190605988,08/14/2019 12:03:00 PM,2,0,0,,N,212369,4,ANGLE,21,CLEAR,1,DAYLIGHT,12,MOTOR VEHICLE IN TRANSPORT,HARDING PL & SIDCO DR,NASHVILLE,TN,37220,8601,MIDTOW,36.0819,-86.7612,POINT (-86.7612 36.0819)
20190589536,08/08/2019 08:26:00 AM,2,0,0,Y,N,256428,5,SIDESWIPE - SAME DIRECTION,21,CLEAR,1,DAYLIGHT,12;30,MOTOR VEHICLE IN TRANSPORT;UTILITY POLE,GALLATIN PKE & W KIRKLAND AV,NASHVILLE,TN,37216,1417,EAST,36.2087,-86.7347,POINT (-86.7347 36.2087)
20190823828,11/13/2019 08:40:00 AM,2,0,0,,N,591936,4,ANGLE,21,CLEAR,1,DAYLIGHT,12,MOTOR VEHICLE IN TRANSPORT,KIRKWOOD AV & FRANKLIN PKE,NASHVILLE,TN,37204,6957,MIDTOW,36.1211,-86.7772,POINT (-86.7772 36.1211)
20190711955,09/26/2019 07:07:00 AM,2,0,0,,N,352205,11,Front to Rear,21,CLEAR,1,DAYLIGHT,12,MOTOR VEHICLE IN TRANSPORT,LEBANON PKE & OLD HICKORY BLVD,HERMITAGE,TN,37076,9613,HERMIT,36.1756,-86.6154,POINT (-86.6154 36.1756)
20190904870,12/18/2019 09:01:00 AM,2,1,0,,N,493309,0,NOT COLLISION W/MOTOR VEHICLE-TRANSPORT,21,CLEAR,1,DAYLIGHT,47;7,FIRE HYDRANT,MYATT DR & RIVERGATE STATION PVTDR,MADISON,TN,37115,1721,MADISO,36.2963,-86.6987,POINT (-86.6987 36.2963)
20190768131,10/20/2019 12:56:00 PM,2,3,0,,N,240952,4,ANGLE,21,CLEAR,1,DAYLIGHT,12,MOTOR VEHICLE IN TRANSPORT,HOBSON PKE & BAKERS GROVE LN,HERMITAGE,TN,37076,8921,SOUTH,36.1032,-86.5516,POINT (-86.5516 36.1032)
20190654361,09/02/2019 08:20:00 AM,2,0,0,,N,225886,4,ANGLE,21,CLEAR,1,DAYLIGHT,12,MOTOR VEHICLE IN TRANSPORT,HADLEY AV & 8TH ST,OLD HICKORY,TN,37138,9733,HERMIT,36.2627,-86.6478,POINT (-86.6478 36.2627)
20190798870,11/02/2019 05:52:00 PM,2,0,0,,Y,299266,6,SIDESWIPE - OPPOSITE DIRECTION,21,CLEAR,2,DARK - NOT LIGHTED,12,MOTOR VEHICLE IN TRANSPORT,FRANKLIN LIMESTONE RD & MULLINS RD,ANTIOCH,TN,37013,8899,SOUTH,36.0813,-86.679,POINT (-86.679 36.0813)
20190781037,10/25/2019 12:00:00 AM,1,0,0,,N,352196,0,NOT COLLISION W/MOTOR VEHICLE-TRANSPORT,2,RAIN,3,DARK - LIGHTED,34,DITCH,UNA ANTIOCH PKE & HUNTERS GREEN CIR,ANTIOCH,TN,37013,8861,SOUTH,36.0757,-86.661,POINT (-86.661 36.0757)
20190819152,11/11/2019 01:07:00 PM,2,0,0,,N,191578,5,SIDESWIPE - SAME DIRECTION,2,RAIN,1,DAYLIGHT,12,MOTOR VEHICLE IN TRANSPORT,MM 218 4 I 40,NASHVILLE,TN,37214,89062,HERMIT,36.1504,-86.6376,POINT (-86.6376 36.1504)
20190766834,10/19/2019 07:13:00 PM,2,0,0,,N,212343,11,Front to Rear,21,CLEAR,3,DARK - LIGHTED,12,MOTOR VEHICLE IN TRANSPORT,MM 49 0 I 24,NASHVILLE,TN,37206,10040,EAST,36.1664,-86.7647,POINT (-86.7647 36.1664)
20190722332,09/30/2019 10:08:00 PM,1,0,0,,N,197075,0,NOT COLLISION W/MOTOR VEHICLE-TRANSPORT,21,CLEAR,3,DARK - LIGHTED,33;42,CURB;TREE,S GRAYCROFT AV & VANTREASE RD,MADISON,TN,37115,1777,MADISO,36.1651,-86.8013,POINT (-86.8013 36.1651)
20190585406,08/06/2019 08:40:00 PM,2,1,0,,N,717341,11,Front to Rear,2,RAIN,3,DARK - LIGHTED,12,MOTOR VEHICLE IN TRANSPORT,HARDING PL & LINBAR DR,NASHVILLE,TN,37211,8705,SOUTH,36.0841,-86.7059,POINT (-86.7059 36.0841)
20190615522,08/18/2019 04:40:00 AM,1,0,0,,N,311326,0,NOT COLLISION W/MOTOR VEHICLE-TRANSPORT,21,CLEAR,3,DARK - LIGHTED,36,CONCRETE TRAFFIC BARRIER,MM 1 7 I 440,NASHVILLE,TN,37209,5312,NORTH,36.1536,-86.8226,POINT (-86.8226 36.1536)
20190681708,09/13/2019 01:05:00 PM,3,0,0,,N,462474,11,Front to Rear,21,CLEAR,1,DAYLIGHT,12,MOTOR VEHICLE IN TRANSPORT,OLD HICKORY BLVD & SEVEN SPRINGS WAY PVT,BRENTWOOD,TN,37027,8623,MIDTOW,36.0406,-86.7711,POINT (-86.7711 36.0406)
20190822312,11/12/2019 05:32:00 PM,2,0,0,,Y,240983,5,SIDESWIPE - SAME DIRECTION,21,CLEAR,2,DARK - NOT LIGHTED,12,MOTOR VEHICLE IN TRANSPORT,MM 59 5 I 24,ANTIOCH,TN,37013,88060,SOUTH,36.0441,-86.6567,POINT (-86.6567 36.0441)
20190866688,12/02/2019 09:19:00 AM,2,0,0,,N,352202,4,ANGLE,21,CLEAR,1,DAYLIGHT,12,MOTOR VEHICLE IN TRANSPORT,3RD AVS & DEMONBREUN ST,NASHVILLE,TN,37201,4065,CENTRA,36.16,-86.7747,POINT (-86.7747 36.16)
20190885519,12/10/2019 06:10:00 AM,2,0,0,,N,224437,5,SIDESWIPE - SAME DIRECTION,2,RAIN,3,DARK - LIGHTED,12;39,MOTOR VEHICLE IN TRANSPORT;WALL,MM 2 0 I 440,NASHVILLE,TN,37205,6004,WEST,36.13,-86.8171,POINT (-86.8171 36.13)
20190753501,10/14/2019 11:25:00 AM,2,0,0,,N,140808,5,SIDESWIPE - SAME DIRECTION,21,CLEAR,1,DAYLIGHT,12,MOTOR VEHICLE IN TRANSPORT,FRANKLIN PKE & OLD HICKORY BLVD,NASHVILLE,TN,37220,7111,MIDTOW,36.0377,-86.7865,POINT (-86.7865 36.0377)
20190644239,08/29/2019 07:42:00 AM,2,0,0,,N,109534,11,Front to Rear,21,CLEAR,1,DAYLIGHT,12,MOTOR VEHICLE IN TRANSPORT,MM 214 6 I 40,NASHVILLE,TN,37210,90060,HERMIT,36.1437,-86.7027,POINT (-86.7027 36.1437)