Accident Number,Date and Time,Number of Motor Vehicles,Number of Injuries,Number of Fatalities,Property Damage,Hit and Run,Reporting Officer,Collision Type Code,Collision Type Description,Weather Code,Weather Description,Illumination Code,Illumination Description,Harmful Code,Harmful Code Description,Street Address,City,State,ZIP,RPA,Precinct,Latitude,Longitude,Mapped Location
20190766966,10/19/2019 08:53:00 PM,2,1,0,,Y,256423,98,OTHER,21,CLEAR,2,DARK - NOT LIGHTED,12,MOTOR VEHICLE IN TRANSPORT,STOKERS LN & BUENA VISTA PKE,NASHVILLE,TN,37218,3035,NORTH,36.2114,-86.8174,POINT (-86.8174 36.2114)
20190896915,12/14/2019 06:15:00 PM,2,0,0,,Y,352184,5,SIDESWIPE - SAME DIRECTION,22,CLOUDY,3,DARK - LIGHTED,12,MOTOR VEHICLE IN TRANSPORT,E TRINITY LN & GALLATIN PKE,NASHVILLE,TN,37216,1851,EAST,36.2037,-86.7399,POINT (-86.7399 36.2037)
20190907843,12/19/2019 11:06:00 AM,2,0,0,,Y,226622,11,Front to Rear,21,CLEAR,1,DAYLIGHT,12,MOTOR VEHICLE IN TRANSPORT,OLD HICKORY BLVD & TIDWELL RD,NASHVILLE,TN,37221,4711,WEST,36.1144,-86.923,POINT (-86.923 36.1144)
20190910822,12/20/2019 05:13:00 PM,2,1,0,,N,320580,11,Front to Rear,21,CLEAR,3,DARK - LIGHTED,12,MOTOR VEHICLE IN TRANSPORT,MM 211 7 I 40,NASHVILLE,TN,37210,82042,HERMIT,36.1499,-86.7483,POINT (-86.7483 36.1499)
20190790743,10/30/2019 06:03:00 AM,3,0,0,,N,226098,11,Front to Rear,2,RAIN,2,DARK - NOT LIGHTED,12,MOTOR VEHICLE IN TRANSPORT,MM 32 4 I 24,JOELTON,TN,37080,23040,NORTH,36.3358,-86.9093,POINT (-86.9093 36.3358)
20190821383,11/12/2019 08:56:00 AM,2,0,0,,N,716886,11,Front to Rear,21,CLEAR,1,DAYLIGHT,12,MOTOR VEHICLE IN TRANSPORT,SINGING HILLS DR & FIRELIGHT TRL,ANTIOCH,TN,37013,8967,SOUTH,36.0333,-86.5831,POINT (-86.5831 36.0333)
20190781017,10/25/2019 10:06:00 PM,1,0,0,,N,330440,0,NOT COLLISION W/MOTOR VEHICLE-TRANSPORT,2,RAIN,3,DARK - LIGHTED,24,GUARDRAIL FACE,MM 86 5 I 65,NASHVILLE,TN,37207,3006,NORTH,36.1946,-86.7762,POINT (-86.7762 36.1946)
20190903253,12/17/2019 05:12:00 PM,2,0,0,Y,N,429193,11,Front to Rear,21,CLEAR,3,DARK - LIGHTED,12;30,MOTOR VEHICLE IN TRANSPORT;UTILITY POLE,HIGHWAY 100 & CHEEKWOOD TER,NASHVILLE,TN,37205,6209,WEST,36.0896,-86.88,POINT (-86.88 36.0896)
20190582255,08/05/2019 06:36:00 PM,2,0,0,,N,596389,4,ANGLE,21,CLEAR,1,DAYLIGHT,12,MOTOR VEHICLE IN TRANSPORT,HIGHWAY 70S & HARPETH VALLEY RD,NASHVILLE,TN,37221,4713,WEST,36.0823,-86.9605,POINT (-86.9605 36.0823)
20190867997,12/02/2019 09:37:00 PM,2,1,0,,N,206682,2,HEAD-ON,21,CLEAR,3,DARK - LIGHTED,12,MOTOR VEHICLE IN TRANSPORT,FANT INDUSTRIAL DR & MYATT DR,MADISON,TN,37115,1715,MADISO,36.2806,-86.6915,POINT (-86.6915 36.2806)
20190792032,10/30/2019 06:49:00 PM,2,2,0,,N,240983,11,Front to Rear,22,CLOUDY,2,DARK - NOT LIGHTED,12,MOTOR VEHICLE IN TRANSPORT,MM 53 7 I 24,NASHVILLE,TN,37211,88122,SOUTH,36.1097,-86.7216,POINT (-86.7216 36.1097)
20190777418,10/24/2019 11:10:00 AM,2,0,0,,Y,716886,4,ANGLE,21,CLEAR,1,DAYLIGHT,12,MOTOR VEHICLE IN TRANSPORT,HICKORY HOLLOW PKWY & HICKORY HOLLOW LN,ANTIOCH,TN,37013,8863,SOUTH,36.0465,-86.6546,POINT (-86.6546 36.0465)
20190826145,11/14/2019 07:48:00 AM,2,0,0,,N,212325,11,Front to Rear,21,CLEAR,1,DAYLIGHT,12,MOTOR VEHICLE IN TRANSPORT,GALLATIN PKEN & NESBITT LN,MADISON,TN,37115,1709,MADISO,36.2724,-86.7102,POINT (-86.7102 36.2724)
20190812890,11/08/2019 01:05:00 PM,1,0,0,Y,N,414731,0,NOT COLLISION W/MOTOR VEHICLE-TRANSPORT,21,CLEAR,1,DAYLIGHT,25,GUARDRAIL END,FESSLERS LN & POLK AV,NASHVILLE,TN,37210,8115,SOUTH,36.1348,-86.7468,POINT (-86.7468 36.1348)
20190863839,11/30/2019 09:09:00 PM,2,0,0,,N,240955,11,Front to Rear,2,RAIN,3,DARK - LIGHTED,12,MOTOR VEHICLE IN TRANSPORT,US HWY 41 & HAMILTON CHURCH RD,ANTIOCH,TN,37013,8865,SOUTH,36.0648,-86.6285,POINT (-86.6285 36.0648)
20190707921,09/24/2019 12:00:00 AM,2,0,0,Y,N,212344,4,ANGLE,21,CLEAR,1,DAYLIGHT,12,MOTOR VEHICLE IN TRANSPORT,CLEVELAND ST & MERIDIAN ST,NASHVILLE,TN,37207,1947,EAST,36.187,-86.768,POINT (-86.768 36.187)
20190841708,11/20/2019 06:40:00 PM,3,4,0,,N,420040,11,Front to Rear,21,CLEAR,5,DUSK,12,MOTOR VEHICLE IN TRANSPORT,OLD HICKORY BLVD & S HILLVIEW DR,NASHVILLE,TN,37220,7111,MIDTOW,36.0375,-86.791,POINT (-86.791 36.0375)
20190688377,09/16/2019 05:46:00 PM,1,2,0,,N,320599,0,NOT COLLISION W/MOTOR VEHICLE-TRANSPORT,22,CLOUDY,1,DAYLIGHT,39;63,WALL;Ran Off Road-Right,STATE HWY 155 & RAMP,NASHVILLE,TN,37211,88962,SOUTH,36.1106,-86.7161,POINT (-86.7161 36.1106)
20190742883,10/09/2019 05:10:00 PM,2,0,0,,N,420040,4,ANGLE,21,CLEAR,1,DAYLIGHT,12,MOTOR VEHICLE IN TRANSPORT,DIVISION ST & MUSIC CIRE,NASHVILLE,TN,37203,6719,MIDTOW,36.1516,-86.7885,POINT (-86.7885 36.1516)
20190799418,11/03/2019 12:07:00 AM,2,0,0,,N,311336,11,Front to Rear,21,CLEAR,3,DARK - LIGHTED,12,MOTOR VEHICLE IN TRANSPORT,MAPLEWOOD TRC & W MAPLEWOOD LN,NASHVILLE,TN,37207,1807,EAST,36.2331,-86.7587,POINT (-86.7587 36.2331)
20190905973,12/18/2019 05:41:00 PM,2,0,0,,N,352169,11,Front to Rear,21,CLEAR,3,DARK - LIGHTED,12,MOTOR VEHICLE IN TRANSPORT,MM 91 0 I 65,MADISON,TN,37115,20044,MADISO,36.2478,-86.7432,POINT (-86.7432 36.2478)
20190899668,12/16/2019 07:54:00 AM,2,0,0,,N,320592,11,Front to Rear,2,RAIN,1,DAYLIGHT,12,MOTOR VEHICLE IN TRANSPORT,MM 218 0 I 40,NASHVILLE,TN,37217,89020,HERMIT,36.1413,-86.667,POINT (-86.667 36.1413)
20190828557,11/15/2019 12:00:00 AM,1,0,0,Y,Y,320588,0,NOT COLLISION W/MOTOR VEHICLE-TRANSPORT,99,UNKNOWN,9,UNKNOWN,31,"OTHER POST, POLE, SUPP.",800 GARFIELD ST,NASHVILLE,TN,37208,4343,NORTH,36.1797,-86.7972,POINT (-86.7972 36.1797)
20190625302,08/21/2019 07:05:00 PM,2,3,0,,N,151132,4,ANGLE,21,CLEAR,5,DUSK,12,MOTOR VEHICLE IN TRANSPORT,NORTHGATE BUSINESS PKWY & MYATT DR,MADISON,TN,37115,1715,MADISO,36.2838,-86.6912,POINT (-86.6912 36.2838)
20190803127,11/04/2019 04:50:00 PM,2,0,0,,Y,717341,4,ANGLE,21,CLEAR,5,DUSK,12,MOTOR VEHICLE IN TRANSPORT,ANTIOCH PKE & HARDING PL,NASHVILLE,TN,37211,8847,SOUTH,36.0874,-86.6922,POINT (-86.6922 36.0874)
20190729413,10/03/2019 04:12:00 PM,2,0,0,,N,197054,11,Front to Rear,21,CLEAR,1,DAYLIGHT,12,MOTOR VEHICLE IN TRANSPORT,MM 214 4 I 40,NASHVILLE,TN,37210,90061,HERMIT,36.1431,-86.7063,POINT (-86.7063 36.1431)
20190761647,10/17/2019 02:40:00 PM,3,1,0,,N,693098,11,Front to Rear,21,CLEAR,1,DAYLIGHT,12,MOTOR VEHICLE IN TRANSPORT,HARDING PKE & KENNER AV,NASHVILLE,TN,37205,6021,WEST,36.1261,-86.8461,POINT (-86.8461 36.1261)
20190688272,09/16/2019 04:57:00 PM,2,2,0,,N,279211,4,ANGLE,21,CLEAR,1,DAYLIGHT,12,MOTOR VEHICLE IN TRANSPORT,BELLSHIRE DR & TUCKAHOE DR,NASHVILLE,TN,37207,2035,MADISO,36.2604,-86.7627,POINT (-86.7627 36.2604)
20190737999,10/07/2019 02:25:00 PM,2,0,0,,N,330445,5,SIDESWIPE - SAME DIRECTION,22,CLOUDY,1,DAYLIGHT,12,MOTOR VEHICLE IN TRANSPORT,CHARLOTTE AV & 21ST AVN,NASHVILLE,TN,37203,5607,MIDTOW,36.1565,-86.8064,POINT (-86.8064 36.1565)
20190748535,10/12/2019 12:00:00 AM,1,0,0,,N,352193,0,NOT COLLISION W/MOTOR VEHICLE-TRANSPORT,2,RAIN,3,DARK - LIGHTED,33,CURB,ELM HILL PIKE & MCGAVOCK PIKE,NASHVILLE,TN,37214,9107,HERMIT,36.153,-86.6833,POINT (-86.6833 36.153)
20190768500,10/20/2019 06:03:00 PM,2,0,0,,N,337276,4,ANGLE,21,CLEAR,3,DARK - LIGHTED,12,MOTOR VEHICLE IN TRANSPORT,MM 48 8 I 24,NASHVILLE,TN,37213,1104,CENTRA,36.1682,-86.7659,POINT (-86.7659 36.1682)
20190923574,12/27/2019 11:05:00 AM,2,0,0,,N,311331,11,Front to Rear,22,CLOUDY,1,DAYLIGHT,12,MOTOR VEHICLE IN TRANSPORT,MM 89 7 I 65,NASHVILLE,TN,37207,2002,MADISO,36.2365,-86.7618,POINT (-86.7618 36.2365)
20190620978,08/20/2019 08:32:00 AM,2,0,0,,N,109534,11,Front to Rear,21,CLEAR,1,DAYLIGHT,12,MOTOR VEHICLE IN TRANSPORT,MURFREESBORO PKE & MARTWAY DR,ANTIOCH,TN,37013,8891,SOUTH,36.0783,-86.643,POINT (-86.643 36.0783)
20190583489,08/06/2019 05:40:00 AM,2,1,0,,N,493301,4,ANGLE,21,CLEAR,4,DAWN,12,MOTOR VEHICLE IN TRANSPORT,US HWY 70S & HICKS RD,NASHVILLE,TN,37221,4815,WEST,36.0739,-86.9263,POINT (-86.9263 36.0739)
20190721476,09/30/2019 02:50:00 PM,2,1,0,,N,256380,4,ANGLE,21,CLEAR,1,DAYLIGHT,12,MOTOR VEHICLE IN TRANSPORT,28TH AVN & MEHARRY BLVD,NASHVILLE,TN,37209,4559,NORTH,36.1666,-86.8204,POINT (-86.8204 36.1666)
20190780588,10/25/2019 05:30:00 PM,2,0,0,,Y,279214,4,ANGLE,2,RAIN,3,DARK - LIGHTED,12,MOTOR VEHICLE IN TRANSPORT,WEDGEWOOD AV & 8TH AVS,NASHVILLE,TN,37204,6919,MIDTOW,36.1343,-86.7796,POINT (-86.7796 36.1343)
20190835139,11/18/2019 08:58:00 AM,3,0,0,,N,525538,11,Front to Rear,21,CLEAR,1,DAYLIGHT,12,MOTOR VEHICLE IN TRANSPORT,16TH AVS & BROADWAY,NASHVILLE,TN,37203,5701,MIDTOW,36.1543,-86.7929,POINT (-86.7929 36.1543)
20190627694,08/22/2019 03:41:00 PM,3,0,0,,Y,151132,11,Front to Rear,22,CLOUDY,1,DAYLIGHT,12,MOTOR VEHICLE IN TRANSPORT,OLD HICKORY BLVDW & BEVERLY DR,MADISON,TN,37115,1749,MADISO,36.2641,-86.7252,POINT (-86.7252 36.2641)
20190768222,10/20/2019 02:34:00 PM,2,1,0,,N,579971,4,ANGLE,21,CLEAR,1,DAYLIGHT,12,MOTOR VEHICLE IN TRANSPORT,MAXWELL RD & LAVERGNE COUCHVILLE PKE,ANTIOCH,TN,37013,8967,SOUTH,36.0374,-86.5864,POINT (-86.5864 36.0374)
20190904674,12/18/2019 07:34:00 AM,2,0,0,,Y,384421,11,Front to Rear,21,CLEAR,1,DAYLIGHT,12,MOTOR VEHICLE IN TRANSPORT,NOLENSVILLE PKE & CRAIGHEAD ST,NASHVILLE,TN,37210,8125,SOUTH,36.1338,-86.7588,POINT (-86.7588 36.1338)
20190690970,09/17/2019 05:50:00 PM,1,0,0,,N,267831,0,NOT COLLISION W/MOTOR VEHICLE-TRANSPORT,21,CLEAR,1,DAYLIGHT,34,DITCH,OBRIEN AV & MIDLAND AV,NASHVILLE,TN,37209,5031,WEST,36.1506,-86.8604,POINT (-86.8604 36.1506)
20190605459,08/14/2019 09:00:00 AM,2,0,0,,N,676834,11,Front to Rear,21,CLEAR,1,DAYLIGHT,12,MOTOR VEHICLE IN TRANSPORT,WHITES CREEK PKE & BAXTER RD,JOELTON,TN,37080,2305,NORTH,36.3513,-86.8788,POINT (-86.8788 36.3513)
20190859949,11/28/2019 06:03:00 PM,2,0,0,,N,240983,11,Front to Rear,21,CLEAR,2,DARK - NOT LIGHTED,12,MOTOR VEHICLE IN TRANSPORT,UNA ANTIOCH PKE & MURFREESBORO PKE,ANTIOCH,TN,37013,8891,SOUTH,36.086,-86.6491,POINT (-86.6491 36.086)
20190872420,12/04/2019 12:25:00 PM,2,1,0,,N,226586,11,Front to Rear,21,CLEAR,1,DAYLIGHT,12,MOTOR VEHICLE IN TRANSPORT,MM 49 2 I 24,NASHVILLE,TN,37213,1002,CENTRA,36.1637,-86.7625,POINT (-86.7625 36.1637)
20190838717,11/19/2019 04:43:00 PM,2,0,0,,N,420040,4,ANGLE,21,CLEAR,5,DUSK,12,MOTOR VEHICLE IN TRANSPORT,CHURCH ST & 14TH AVN,NASHVILLE,TN,37203,5517,MIDTOW,36.1579,-86.7916,POINT (-86.7916 36.1579)
20190671713,09/09/2019 09:22:00 PM,2,1,0,,N,240955,4,ANGLE,21,CLEAR,3,DARK - LIGHTED,12,MOTOR VEHICLE IN TRANSPORT,LINBAR DR & HARDING PL,NASHVILLE,TN,37211,8705,SOUTH,36.0842,-86.7059,POINT (-86.7059 36.0842)
20190729295,10/03/2019 01:49:00 PM,2,2,0,,N,887598,5,SIDESWIPE - SAME DIRECTION,21,CLEAR,1,DAYLIGHT,12,MOTOR VEHICLE IN TRANSPORT,MM 38 0 I 24,WHITES CREEK,TN,37189,2212,NORTH,36.3083,-86.8217,POINT (-86.8217 36.3083)
20190918056,12/24/2019 09:50:00 AM,2,1,0,,N,591933,11,Front to Rear,21,CLEAR,1,DAYLIGHT,12,MOTOR VEHICLE IN TRANSPORT,HICKORY HOLLOW PKWY & BELL RD,ANTIOCH,TN,37013,8863,SOUTH,36.0475,-86.656,POINT (-86.656 36.0475)
20190907480,12/19/2019 09:11:00 AM,5,1,0,,N,299243,11,Front to Rear,21,CLEAR,1,DAYLIGHT,12,MOTOR VEHICLE IN TRANSPORT,MM 209 3 I 40,NASHVILLE,TN,37203,40041,CENTRA,36.1537,-86.7878,POINT (-86.7878 36.1537)
20190838505,11/19/2019 03:12:00 PM,3,3,0,,N,352161,11,Front to Rear,21,CLEAR,1,DAYLIGHT,12,MOTOR VEHICLE IN TRANSPORT,MM 208 7 I 40,NASHVILLE,TN,37203,4202,CENTRA,36.1613,-86.7932,POINT (-86.7932 36.1613)
20190810373,11/07/2019 12:18:00 PM,2,0,0,,N,676834,5,SIDESWIPE - SAME DIRECTION,2,RAIN,1,DAYLIGHT,12,MOTOR VEHICLE IN TRANSPORT,MM 86 4 I 65,NASHVILLE,TN,37207,19060,EAST,36.1937,-86.7758,POINT (-86.7758 36.1937)
20190877773,12/06/2019 01:28:00 PM,2,1,0,,N,620072,11,Front to Rear,21,CLEAR,1,DAYLIGHT,12,MOTOR VEHICLE IN TRANSPORT,BROADWAY & 16TH AVS,NASHVILLE,TN,37203,5701,MIDTOW,36.1543,-86.7929,POINT (-86.7929 36.1543)
20190709462,09/25/2019 08:40:00 AM,2,1,0,,N,226600,11,Front to Rear,21,CLEAR,1,DAYLIGHT,12,MOTOR VEHICLE IN TRANSPORT,I440 E EXT RAMP & I 440,NASHVILLE,TN,37205,5249,WEST,36.1366,-86.8221,POINT (-86.8221 36.1366)
20190880785,12/08/2019 03:22:00 AM,2,0,0,,Y,309263,5,SIDESWIPE - SAME DIRECTION,21,CLEAR,3,DARK - LIGHTED,12;14,MOTOR VEHICLE IN TRANSPORT;PARKED MOTOR VEHICLE,FORREST AV & N 11TH ST,NASHVILLE,TN,37206,1241,EAST,36.1785,-86.7493,POINT (-86.7493 36.1785)
20190740166,10/08/2019 04:23:00 PM,2,0,0,,N,134893,11,Front to Rear,21,CLEAR,1,DAYLIGHT,12,MOTOR VEHICLE IN TRANSPORT,KINGS LN & CLARKSVILLE PKE,NASHVILLE,TN,37218,3107,NORTH,36.2186,-86.8363,POINT (-86.8363 36.2186)
20190878389,12/06/2019 07:08:00 PM,1,0,0,,N,256389,0,NOT COLLISION W/MOTOR VEHICLE-TRANSPORT,21,CLEAR,3,DARK - LIGHTED,34,DITCH,YELTON CT & US HWY 31 ALT,NASHVILLE,TN,37211,8435,SOUTH,36.0914,-86.735,POINT (-86.735 36.0914)
20190867542,12/02/2019 05:16:00 PM,2,0,0,,N,330428,4,ANGLE,21,CLEAR,3,DARK - LIGHTED,12,MOTOR VEHICLE IN TRANSPORT,52ND AVN & GEORGIA AV,NASHVILLE,TN,37209,4627,WEST,36.1553,-86.8501,POINT (-86.8501 36.1553)
20190651264,08/31/2019 10:57:00 PM,2,0,0,,N,256382,11,Front to Rear,21,CLEAR,3,DARK - LIGHTED,12,MOTOR VEHICLE IN TRANSPORT,I 40 & UNKNOWN RAMP,NASHVILLE,TN,37210,9041,HERMIT,36.144,-86.7013,POINT (-86.7013 36.144)
20190667153,09/07/2019 05:32:00 PM,2,0,0,,N,693098,11,Front to Rear,21,CLEAR,1,DAYLIGHT,12,MOTOR VEHICLE IN TRANSPORT,BRILEY PKWY & BRILEY PKWYN,NASHVILLE,TN,37217,88940,HERMIT,36.1378,-86.7,POINT (-86.7 36.1378)
20190726748,10/02/2019 03:20:00 PM,2,0,0,,N,240957,11,Front to Rear,21,CLEAR,1,DAYLIGHT,12,MOTOR VEHICLE IN TRANSPORT,GRANNY WHITE PKE & OMAN DR,NASHVILLE,TN,37220,7111,MIDTOW,36.0479,-86.816,POINT (-86.816 36.0479)
20190676968,09/11/2019 12:00:00 AM,2,0,0,,Y,279118,11,Front to Rear,21,CLEAR,7,Dark-Unknown Lighting,12,MOTOR VEHICLE IN TRANSPORT,I24 E EXT RAMP & I 24,NASHVILLE,TN,37207,30080,NORTH,36.2378,-86.7872,POINT (-86.7872 36.2378)
20190627027,08/22/2019 10:00:00 AM,2,0,0,,Y,676834,11,Front to Rear,21,CLEAR,1,DAYLIGHT,12,MOTOR VEHICLE IN TRANSPORT,17TH AVN & CHARLOTTE AV,NASHVILLE,TN,37203,5503,MIDTOW,36.1588,-86.7982,POINT (-86.7982 36.1588)
20190772980,10/22/2019 04:15:00 PM,2,0,0,,N,384419,4,ANGLE,21,CLEAR,1,DAYLIGHT,12,MOTOR VEHICLE IN TRANSPORT,PORTER RD & TILLMAN LN,NASHVILLE,TN,37206,1345,EAST,36.185,-86.7314,POINT (-86.7314 36.185)
20190687231,09/16/2019 08:08:00 AM,2,0,0,,N,191578,11,Front to Rear,21,CLEAR,1,DAYLIGHT,12,MOTOR VEHICLE IN TRANSPORT,MM 212 1 I 40,NASHVILLE,TN,37210,90041,HERMIT,36.1463,-86.7422,POINT (-86.7422 36.1463)
20190724426,10/01/2019 05:55:00 PM,2,1,0,,N,320594,11,Front to Rear,21,CLEAR,1,DAYLIGHT,12,MOTOR VEHICLE IN TRANSPORT,LEBANON PKE & BONNASPRING DR,HERMITAGE,TN,37076,9613,HERMIT,36.1776,-86.6059,POINT (-86.6059 36.1776)
20190676797,09/11/2019 06:10:00 PM,2,0,0,,N,717341,5,SIDESWIPE - SAME DIRECTION,21,CLEAR,1,DAYLIGHT,12,MOTOR VEHICLE IN TRANSPORT,THOMPSON LN & PRESCOTT PL,NASHVILLE,TN,37211,8403,SOUTH,36.1101,-86.7363,POINT (-86.7363 36.1101)
20190620854,08/20/2019 07:13:00 AM,2,0,0,,N,716886,11,Front to Rear,21,CLEAR,1,DAYLIGHT,12,MOTOR VEHICLE IN TRANSPORT,MM 62 6 I 24,ANTIOCH,TN,37013,8804,SOUTH,36.0137,-86.6196,POINT (-86.6196 36.0137)
20190654782,09/02/2019 01:00:00 PM,2,1,0,,N,716886,5,SIDESWIPE - SAME DIRECTION,21,CLEAR,1,DAYLIGHT,12,MOTOR VEHICLE IN TRANSPORT,PIN OAK DR & LAUREL OAK DR,ANTIOCH,TN,37013,8971,SOUTH,36.045,-86.5904,POINT (-86.5904 36.045)
20190778165,10/24/2019 05:49:00 PM,2,1,0,,N,256426,4,ANGLE,21,CLEAR,5,DUSK,12,MOTOR VEHICLE IN TRANSPORT,US HWY 70 & RAMP,NASHVILLE,TN,37214,9403,HERMIT,36.1853,-86.6361,POINT (-86.6361 36.1853)
20190837982,11/19/2019 10:55:00 AM,2,1,0,,N,812949,11,Front to Rear,21,CLEAR,1,DAYLIGHT,12,MOTOR VEHICLE IN TRANSPORT,MM 86 8 I 65,NASHVILLE,TN,37207,3002,NORTH,36.1987,-86.7764,POINT (-86.7764 36.1987)
20190665798,09/06/2019 12:00:00 AM,2,0,0,,Y,279221,4,ANGLE,21,CLEAR,3,DARK - LIGHTED,12,MOTOR VEHICLE IN TRANSPORT,GALLATIN PKES & MADISON SQ,MADISON,TN,37115,1623,MADISO,36.2541,-86.7161,POINT (-86.7161 36.2541)
20190912943,12/21/2019 08:10:00 PM,2,0,0,,Y,256392,11,Front to Rear,21,CLEAR,3,DARK - LIGHTED,12,MOTOR VEHICLE IN TRANSPORT,ROSA L PARKS BLVD & GARFIELD ST,NASHVILLE,TN,37208,4343,NORTH,36.18,-86.796,POINT (-86.796 36.18)
20190817474,11/10/2019 05:35:00 PM,2,0,0,,Y,352169,4,ANGLE,21,CLEAR,3,DARK - LIGHTED,12,MOTOR VEHICLE IN TRANSPORT,US HWY 31E & ROOSEVELT AVE,MADISON,TN,37115,1709,MADISO,36.2711,-86.7104,POINT (-86.7104 36.2711)
20190855253,11/26/2019 02:58:00 PM,2,0,0,,Y,352178,11,Front to Rear,2,RAIN,1,DAYLIGHT,12,MOTOR VEHICLE IN TRANSPORT,GARFIELD ST & US HWY 41 ALT,NASHVILLE,TN,37208,4335,NORTH,36.1806,-86.7963,POINT (-86.7963 36.1806)
20190764261,10/18/2019 03:55:00 PM,3,1,0,,Y,256386,11,Front to Rear,21,CLEAR,1,DAYLIGHT,12,MOTOR VEHICLE IN TRANSPORT,ELM HILL PKE & MCCRORY CREEK RD,NASHVILLE,TN,37214,9413,HERMIT,36.1437,-86.6553,POINT (-86.6553 36.1437)
20190734072,10/05/2019 05:27:00 PM,2,0,0,,N,320585,5,SIDESWIPE - SAME DIRECTION,21,CLEAR,1,DAYLIGHT,12,MOTOR VEHICLE IN TRANSPORT,MCGAVOCK PIKE & -UNKNOWN RAMP/ROAD -,NASHVILLE,TN,37214,9288,HERMIT,36.2169,-86.6937,POINT (-86.6937 36.2169)
20190717661,09/28/2019 04:59:00 PM,2,0,0,,N,330428,4,ANGLE,21,CLEAR,1,DAYLIGHT,12,MOTOR VEHICLE IN TRANSPORT,BRILEY PKWY & I40 W EXT RAMP,NASHVILLE,TN,37209,4696,WEST,36.153,-86.8576,POINT (-86.8576 36.153)
20190593508,08/09/2019 03:50:00 PM,2,0,0,,Y,256383,4,ANGLE,21,CLEAR,1,DAYLIGHT,12,MOTOR VEHICLE IN TRANSPORT,MURFREESBORO PKE & FOREST VIEW DR,ANTIOCH,TN,37013,8865,SOUTH,36.0674,-86.6313,POINT (-86.6313 36.0674)
20190798367,11/02/2019 12:47:00 PM,2,1,0,,N,110063,11,Front to Rear,21,CLEAR,1,DAYLIGHT,12,MOTOR VEHICLE IN TRANSPORT,MM 87 0 I 65,NASHVILLE,TN,37207,18020,EAST,36.2018,-86.7766,POINT (-86.7766 36.2018)
20190704492,09/23/2019 11:00:00 AM,2,0,0,,Y,352168,5,SIDESWIPE - SAME DIRECTION,22,CLOUDY,1,DAYLIGHT,12,MOTOR VEHICLE IN TRANSPORT,WOODMONT BLVD & BELMONT BLVD,NASHVILLE,TN,37215,6415,MIDTOW,36.113,-86.7998,POINT (-86.7998 36.113)
20190867470,12/02/2019 04:24:00 PM,2,0,0,,N,240957,11,Front to Rear,22,CLOUDY,5,DUSK,12,MOTOR VEHICLE IN TRANSPORT,NOLENSVILLE PKE & OLD HICKORY BLVD,NASHVILLE,TN,37211,8717,SOUTH,36.0454,-86.7133,POINT (-86.7133 36.0454)
20190745621,10/10/2019 07:49:00 PM,1,0,0,,N,311337,0,NOT COLLISION W/MOTOR VEHICLE-TRANSPORT,21,CLEAR,3,DARK - LIGHTED,18,OTHER OBJECT (NOT FIXED),BRILEY PKWYN & MCGAVOCK PKE EB EXT RAMP,NASHVILLE,TN,37214,9286,HERMIT,36.217,-86.6925,POINT (-86.6925 36.217)
20190905298,12/18/2019 12:15:00 PM,2,0,0,,Y,676834,5,SIDESWIPE - SAME DIRECTION,22,CLOUDY,1,DAYLIGHT,12,MOTOR VEHICLE IN TRANSPORT,ROSA L PARKS BLVD & GARFIELD ST,NASHVILLE,TN,37208,4343,NORTH,36.18,-86.796,POINT (-86.796 36.18)
20190712537,09/26/2019 11:51:00 AM,2,0,0,,N,352202,11,Front to Rear,2,RAIN,1,DAYLIGHT,12,MOTOR VEHICLE IN TRANSPORT,HERMITAGE AV & KOREAN VETERANS BLVD,NASHVILLE,TN,37201,4047,CENTRA,36.1583,-86.7719,POINT (-86.7719 36.1583)
20190679067,09/12/2019 03:40:00 PM,3,1,0,,N,256380,11,Front to Rear,21,CLEAR,1,DAYLIGHT,12,MOTOR VEHICLE IN TRANSPORT,W TRINITY LN & MONTICELLO DR,NASHVILLE,TN,37207,3009,NORTH,36.207,-86.7826,POINT (-86.7826 36.207)
20190875266,12/05/2019 01:36:00 PM,2,0,0,,N,151132,11,Front to Rear,21,CLEAR,1,DAYLIGHT,12,MOTOR VEHICLE IN TRANSPORT,RIVERCHASE BLVD & GALLATIN PKEN,MADISON,TN,37115,1721,MADISO,36.3086,-86.6815,POINT (-86.6815 36.3086)
20190904715,12/18/2019 12:00:00 AM,2,0,0,,N,384448,11,Front to Rear,21,CLEAR,1,DAYLIGHT,12,MOTOR VEHICLE IN TRANSPORT,MM 59 8 I 24,ANTIOCH,TN,37013,88060,SOUTH,36.0422,-86.6533,POINT (-86.6533 36.0422)
20190779988,10/25/2019 12:44:00 PM,2,1,0,,N,140808,11,Front to Rear,2,RAIN,1,DAYLIGHT,12,MOTOR VEHICLE IN TRANSPORT,FRANKLIN PKE & KIRKWOOD AV,NASHVILLE,TN,37204,6957,MIDTOW,36.1209,-86.7753,POINT (-86.7753 36.1209)
20190631018,08/25/2019 05:00:00 PM,2,0,0,,N,256392,11,Front to Rear,21,CLEAR,1,DAYLIGHT,12,MOTOR VEHICLE IN TRANSPORT,ROSA L PARKS BLVD & GARFIELD ST,NASHVILLE,TN,37208,4343,NORTH,36.18,-86.796,POINT (-86.796 36.18)