Accident Number,Date and Time,Number of Motor Vehicles,Number of Injuries,Number of Fatalities,Property Damage,Hit and Run,Reporting Officer,Collision Type Code,Collision Type Description,Weather Code,Weather Description,Illumination Code,Illumination Description,Harmful Code,Harmful Code Description,Street Address,City,State,ZIP,RPA,Precinct,Latitude,Longitude,Mapped Location
20190660130,09/04/2019 04:39:00 PM,2,1,0,,N,256426,4,ANGLE,21,CLEAR,1,DAYLIGHT,1;12,MOTOR VEHICLE IN TRANSPORT,ROYAL PKWY & DONELSON PKE,NASHVILLE,TN,37214,9103,HERMIT,36.1463,-86.6689,POINT (-86.6689 36.1463)
20190803065,11/04/2019 03:45:00 PM,2,0,0,,Y,330431,11,Front to Rear,21,CLEAR,1,DAYLIGHT,12,MOTOR VEHICLE IN TRANSPORT,BAPTIST WORLD CENTER DR & YOUNGS LN,NASHVILLE,TN,37207,3009,NORTH,36.2067,-86.7913,POINT (-86.7913 36.2067)
20190750980,10/13/2019 12:00:00 AM,1,0,0,,Y,402660,0,NOT COLLISION W/MOTOR VEHICLE-TRANSPORT,5,FOG,1,DAYLIGHT,71,EMBANKMENT EARTH,BRILEY PKWYS & BRILEY PKWY S EXT RAMP,NASHVILLE,TN,37210,9098,HERMIT,36.148,-86.6929,POINT (-86.6929 36.148)
20190871919,12/04/2019 08:10:00 AM,2,0,0,,Y,224824,11,Front to Rear,21,CLEAR,1,DAYLIGHT,14,PARKED MOTOR VEHICLE,JUAREZ DR & LEBANON PKE,HERMITAGE,TN,37076,9531,HERMIT,36.1817,-86.6721,POINT (-86.6721 36.1817)
20190896314,12/14/2019 11:30:00 AM,2,0,0,,N,226306,4,ANGLE,22,CLOUDY,1,DAYLIGHT,12,MOTOR VEHICLE IN TRANSPORT,HIGHWAY 70S & WATERFORD CIR,NASHVILLE,TN,37221,4811,WEST,36.0739,-86.928,POINT (-86.928 36.0739)
20190657733,09/03/2019 06:11:00 PM,2,0,0,,N,596389,11,Front to Rear,21,CLEAR,5,DUSK,12,MOTOR VEHICLE IN TRANSPORT,HIGHWAY 100 & TEMPLE RD,NASHVILLE,TN,37221,4807,WEST,36.0456,-86.9496,POINT (-86.9496 36.0456)
20190883771,12/09/2019 01:54:00 PM,2,1,0,Y,Y,876581,4,ANGLE,22,CLOUDY,1,DAYLIGHT,12;30,MOTOR VEHICLE IN TRANSPORT;UTILITY POLE,CUDE LN & GALLATIN PKEN,MADISON,TN,37115,1731,MADISO,36.2998,-86.6966,POINT (-86.6966 36.2998)
20190711153,09/25/2019 08:00:00 PM,2,0,0,,N,156308,11,Front to Rear,21,CLEAR,3,DARK - LIGHTED,12,MOTOR VEHICLE IN TRANSPORT,CLARKSVILLE PKE & CLIFF DR,NASHVILLE,TN,37218,3157,NORTH,36.1923,-86.8291,POINT (-86.8291 36.1923)
20190766241,10/19/2019 12:30:00 PM,2,0,0,,N,226098,5,SIDESWIPE - SAME DIRECTION,22,CLOUDY,1,DAYLIGHT,12,MOTOR VEHICLE IN TRANSPORT,MM 86 7 I 65,NASHVILLE,TN,37207,3002,NORTH,36.1972,-86.7762,POINT (-86.7762 36.1972)
20190606315,08/14/2019 03:05:00 PM,2,0,0,,N,690942,4,ANGLE,21,CLEAR,1,DAYLIGHT,12,MOTOR VEHICLE IN TRANSPORT,2ND AVS & I40 E EXT RAMP,NASHVILLE,TN,37210,8201,HERMIT,36.1513,-86.7684,POINT (-86.7684 36.1513)
20190586952,08/07/2019 11:30:00 AM,2,0,0,,N,352164,5,SIDESWIPE - SAME DIRECTION,21,CLEAR,1,DAYLIGHT,12,MOTOR VEHICLE IN TRANSPORT,BELL RD & CANE RIDGE RD,ANTIOCH,TN,37013,8751,SOUTH,36.0447,-86.6615,POINT (-86.6615 36.0447)
20190638167,08/26/2019 10:46:00 PM,1,1,0,,N,405404,0,NOT COLLISION W/MOTOR VEHICLE-TRANSPORT,21,CLEAR,3,DARK - LIGHTED,33;42,CURB;TREE,7201 HICKS RD,NASHVILLE,TN,37221,4811,WEST,36.0737,-86.9265,POINT (-86.9265 36.0737)
20190893415,12/13/2019 05:30:00 AM,2,0,0,,Y,279217,11,Front to Rear,21,CLEAR,3,DARK - LIGHTED,12,MOTOR VEHICLE IN TRANSPORT,I65 S EXT RAMP & I 65,MADISON,TN,37115,20044,MADISO,36.2481,-86.743,POINT (-86.743 36.2481)
20190618054,08/19/2019 09:02:00 AM,2,0,0,,N,311804,4,ANGLE,21,CLEAR,1,DAYLIGHT,12,MOTOR VEHICLE IN TRANSPORT,CHARLOTTE AV & 12TH AVN,NASHVILLE,TN,37203,4151,CENTRA,36.1621,-86.7906,POINT (-86.7906 36.1621)
20190712454,09/26/2019 11:50:00 AM,2,0,0,,N,420035,5,SIDESWIPE - SAME DIRECTION,2,RAIN,1,DAYLIGHT,12;36,MOTOR VEHICLE IN TRANSPORT;CONCRETE TRAFFIC BARRIER,MM 91 8 I 65,MADISON,TN,37115,17280,MADISO,36.2589,-86.7382,POINT (-86.7382 36.2589)
20190637556,08/26/2019 04:04:00 PM,2,0,0,,N,320599,11,Front to Rear,22,CLOUDY,1,DAYLIGHT,12,MOTOR VEHICLE IN TRANSPORT,OLD HICKORY BLVD & ANDREW JACKSON PKWY,HERMITAGE,TN,37076,9561,HERMIT,36.1836,-86.6107,POINT (-86.6107 36.1836)
20190890833,12/08/2019 07:30:00 AM,1,0,0,,N,299270,0,NOT COLLISION W/MOTOR VEHICLE-TRANSPORT,21,CLEAR,1,DAYLIGHT,18,OTHER OBJECT (NOT FIXED),OLD HICKORY BLVD & WOODWARD HILLS PL,NASHVILLE,TN,37220,7111,MIDTOW,36.038,-86.7978,POINT (-86.7978 36.038)
20190916154,12/23/2019 01:30:00 PM,2,2,0,Y,N,580819,4,ANGLE,21,CLEAR,1,DAYLIGHT,12,MOTOR VEHICLE IN TRANSPORT,2ND AVS & LINDSLEY AV,NASHVILLE,TN,37210,4005,CENTRA,36.1524,-86.769,POINT (-86.769 36.1524)
20190842889,11/21/2019 07:47:00 AM,3,0,0,,N,693102,11,Front to Rear,21,CLEAR,1,DAYLIGHT,12,MOTOR VEHICLE IN TRANSPORT,MM 215 6 I 40,NASHVILLE,TN,37214,9102,HERMIT,36.1431,-86.6845,POINT (-86.6845 36.1431)
20190686014,09/15/2019 04:03:00 PM,2,2,0,,N,320580,4,ANGLE,21,CLEAR,1,DAYLIGHT,12,MOTOR VEHICLE IN TRANSPORT,HERMITAGE AV & DECATUR AV,NASHVILLE,TN,37210,9005,HERMIT,36.1536,-86.7536,POINT (-86.7536 36.1536)
20190798451,11/02/2019 12:10:00 PM,2,0,0,,N,226600,11,Front to Rear,21,CLEAR,1,DAYLIGHT,12,MOTOR VEHICLE IN TRANSPORT,STATE HWY 254 & CHICKERING CIR,NASHVILLE,TN,37221,6211,WEST,36.0509,-86.8807,POINT (-86.8807 36.0509)
20190728778,10/03/2019 11:09:00 AM,2,1,0,,N,191578,4,ANGLE,21,CLEAR,1,DAYLIGHT,12,MOTOR VEHICLE IN TRANSPORT,FRANKLIN LIMESTONE RD & MURFREESBORO PKE,NASHVILLE,TN,37217,8853,SOUTH,36.0944,-86.6534,POINT (-86.6534 36.0944)
20190624989,08/21/2019 04:33:00 PM,2,0,0,,N,299257,11,Front to Rear,21,CLEAR,1,DAYLIGHT,12,MOTOR VEHICLE IN TRANSPORT,I40 E EXT RAMP & I 40,NASHVILLE,TN,37214,8955,HERMIT,36.155,-86.6271,POINT (-86.6271 36.155)
20190586654,08/07/2019 09:00:00 AM,1,0,0,Y,N,352164,0,NOT COLLISION W/MOTOR VEHICLE-TRANSPORT,21,CLEAR,1,DAYLIGHT,30,UTILITY POLE,OLD HICKORY BLVD & PETTUS RD,ANTIOCH,TN,37013,8767,SOUTH,36.0109,-86.6654,POINT (-86.6654 36.0109)
20190736453,10/07/2019 12:00:00 AM,2,3,0,,N,320583,4,ANGLE,2,RAIN,3,DARK - LIGHTED,12,MOTOR VEHICLE IN TRANSPORT,WEST END AV & 18TH AVS,NASHVILLE,TN,37203,5707,MIDTOW,36.1531,-86.7959,POINT (-86.7959 36.1531)
20190914461,12/22/2019 04:36:00 PM,2,1,0,,N,279208,5,SIDESWIPE - SAME DIRECTION,22,CLOUDY,5,DUSK,12,MOTOR VEHICLE IN TRANSPORT,14TH AVN & I40 E EXT RAMP,NASHVILLE,TN,37203,5425,NORTH,36.1611,-86.7937,POINT (-86.7937 36.1611)
20190673729,09/10/2019 03:54:00 PM,2,0,0,,Y,279124,11,Front to Rear,21,CLEAR,1,DAYLIGHT,12,MOTOR VEHICLE IN TRANSPORT,MURFREESBORO PKE & LAKEVILLA DR,ANTIOCH,TN,37013,8861,SOUTH,36.0767,-86.6409,POINT (-86.6409 36.0767)
20190582033,08/05/2019 04:25:00 PM,3,0,0,,Y,717341,11,Front to Rear,21,CLEAR,1,DAYLIGHT,12,MOTOR VEHICLE IN TRANSPORT,MM 54 0 I 24,NASHVILLE,TN,37211,88122,SOUTH,36.1064,-86.7188,POINT (-86.7188 36.1064)
20190883661,12/09/2019 12:47:00 PM,2,0,0,,N,278580,4,ANGLE,22,CLOUDY,1,DAYLIGHT,12,MOTOR VEHICLE IN TRANSPORT,WHITES CREEK PKE & UNION HILL RD,JOELTON,TN,37080,3311,NORTH,36.3181,-86.8665,POINT (-86.8665 36.3181)
20190613637,08/17/2019 10:22:00 AM,2,0,0,,N,594473,4,ANGLE,21,CLEAR,1,DAYLIGHT,12,MOTOR VEHICLE IN TRANSPORT,HILLSBORO PKE & CASTLEMAN DR,NASHVILLE,TN,37215,6115,WEST,36.0983,-86.8223,POINT (-86.8223 36.0983)
20190631223,08/23/2019 12:00:00 AM,1,1,0,,N,299258,0,NOT COLLISION W/MOTOR VEHICLE-TRANSPORT,21,CLEAR,3,DARK - LIGHTED,8,PEDESTRIAN,BRICK CHURCH PKE & I65 S EXT RAMP,NASHVILLE,TN,37207,3021,NORTH,36.207,-86.7779,POINT (-86.7779 36.207)
20190593906,08/09/2019 06:35:00 PM,1,1,0,,Y,256501,0,NOT COLLISION W/MOTOR VEHICLE-TRANSPORT,21,CLEAR,1,DAYLIGHT,1,,OLD HICKORY BLVD & CLARKSVILLE PKE,JOELTON,TN,37080,3245,NORTH,36.279,-86.8735,POINT (-86.8735 36.279)
20190756021,10/15/2019 10:18:00 AM,2,0,0,,N,109534,4,ANGLE,21,CLEAR,1,DAYLIGHT,12,MOTOR VEHICLE IN TRANSPORT,ELM HILL PKE EB EXT RAMP & ELM HILL PKE,NASHVILLE,TN,37210,9039,HERMIT,36.1513,-86.6916,POINT (-86.6916 36.1513)
20190727430,10/02/2019 08:57:00 PM,2,0,0,,N,192379,5,SIDESWIPE - SAME DIRECTION,21,CLEAR,2,DARK - NOT LIGHTED,12,MOTOR VEHICLE IN TRANSPORT,KINGS LN & CLARKSVILLE PKE,NASHVILLE,TN,37218,3107,NORTH,36.2186,-86.8363,POINT (-86.8363 36.2186)
20190928258,12/29/2019 11:50:00 PM,1,0,0,,Y,161945,0,NOT COLLISION W/MOTOR VEHICLE-TRANSPORT,2,RAIN,2,DARK - NOT LIGHTED,42,TREE,6000 NOLENSVILLE PKE,ANTIOCH,TN,37013,8759,SOUTH,36.0297,-86.7126,POINT (-86.7126 36.0297)
20190668040,09/08/2019 02:00:00 AM,2,0,0,,N,298871,5,SIDESWIPE - SAME DIRECTION,21,CLEAR,3,DARK - LIGHTED,12,MOTOR VEHICLE IN TRANSPORT,DIVISION ST & BROADWAY,NASHVILLE,TN,37212,6711,MIDTOW,36.1496,-86.7973,POINT (-86.7973 36.1496)
20190725076,10/01/2019 11:50:00 PM,2,0,0,,N,405424,11,Front to Rear,21,CLEAR,3,DARK - LIGHTED,12,MOTOR VEHICLE IN TRANSPORT,1150 VULTEE BLVD,NASHVILLE,TN,37217,8821,HERMIT,36.124,-86.706,POINT (-86.706 36.124)
20190616259,08/18/2019 02:55:00 PM,1,0,0,Y,N,330412,0,NOT COLLISION W/MOTOR VEHICLE-TRANSPORT,21,CLEAR,1,DAYLIGHT,38;40,FENCE;MAIL BOX,CAMPBELL RD & BIRDWELL DR,GOODLETTSVILLE,TN,37072,2109,MADISO,36.2948,-86.7542,POINT (-86.7542 36.2948)
20190857297,11/27/2019 11:15:00 AM,2,1,0,,N,343522,4,ANGLE,21,CLEAR,1,DAYLIGHT,12,MOTOR VEHICLE IN TRANSPORT,OLD HARDING PKE & HARPETH PKWYW,NASHVILLE,TN,37221,4811,WEST,36.0638,-86.9407,POINT (-86.9407 36.0638)
20190905412,12/18/2019 01:00:00 PM,2,0,0,,N,755026,11,Front to Rear,21,CLEAR,1,DAYLIGHT,12,MOTOR VEHICLE IN TRANSPORT,MM 6 6 I 440,NASHVILLE,TN,37210,81040,SOUTH,36.1243,-86.7447,POINT (-86.7447 36.1243)
20190606527,08/14/2019 12:00:00 AM,2,0,0,,Y,212344,11,Front to Rear,21,CLEAR,1,DAYLIGHT,12,MOTOR VEHICLE IN TRANSPORT,GALLATIN AV & STRATTON AV,NASHVILLE,TN,37206,1243,EAST,36.1824,-86.749,POINT (-86.749 36.1824)
20190751558,10/13/2019 02:38:00 PM,2,0,0,,N,352168,11,Front to Rear,21,CLEAR,1,DAYLIGHT,12,MOTOR VEHICLE IN TRANSPORT,EDMONDSON PKE & CLOVERLAND DR,NASHVILLE,TN,37211,8651,MIDTOW,36.0295,-86.7441,POINT (-86.7441 36.0295)
20190761242,10/17/2019 11:35:00 AM,2,1,0,,N,420035,4,ANGLE,21,CLEAR,1,DAYLIGHT,12,MOTOR VEHICLE IN TRANSPORT,GALLATIN PKES & BRINK HAVEN AV,MADISON,TN,37115,1507,MADISO,36.2511,-86.7182,POINT (-86.7182 36.2511)
20190932214,12/31/2019 03:55:00 PM,2,0,0,,N,256384,5,SIDESWIPE - SAME DIRECTION,21,CLEAR,1,DAYLIGHT,12,MOTOR VEHICLE IN TRANSPORT,MM 53 3 I 24,NASHVILLE,TN,37210,88141,SOUTH,36.1146,-86.7245,POINT (-86.7245 36.1146)
20190924702,12/27/2019 10:30:00 PM,2,2,0,,N,772946,4,ANGLE,21,CLEAR,3,DARK - LIGHTED,13,MOTOR VEHICLE IN TRANSPORT-OTHER ROADWAY,DR D B TODD JR BLVD & UNDERWOOD ST,NASHVILLE,TN,37208,4475,NORTH,36.1733,-86.8083,POINT (-86.8083 36.1733)
20190728876,10/03/2019 11:50:00 AM,3,2,0,,N,352207,4,ANGLE,21,CLEAR,1,DAYLIGHT,12,MOTOR VEHICLE IN TRANSPORT,CHET ATKINS PL & MUSIC SQW,NASHVILLE,TN,37212,6713,MIDTOW,36.1485,-86.7935,POINT (-86.7935 36.1485)
20190840427,11/20/2019 08:30:00 AM,2,0,0,,N,693093,0,NOT COLLISION W/MOTOR VEHICLE-TRANSPORT,21,CLEAR,1,DAYLIGHT,30;7,UTILITY POLE,STATE HWY 45 & HICKORY HILLS BLVD,WHITES CREEK,TN,37189,2015,MADISO,36.2775,-86.7934,POINT (-86.7934 36.2775)
20190639744,08/27/2019 01:20:00 PM,3,0,0,,N,226622,11,Front to Rear,22,CLOUDY,1,DAYLIGHT,12,MOTOR VEHICLE IN TRANSPORT,CHARLOTTE AV & 49TH AVN,NASHVILLE,TN,37209,5129,WEST,36.1521,-86.8463,POINT (-86.8463 36.1521)
20190794963,11/01/2019 12:10:00 AM,1,1,0,,N,330422,0,NOT COLLISION W/MOTOR VEHICLE-TRANSPORT,21,CLEAR,2,DARK - NOT LIGHTED,36,CONCRETE TRAFFIC BARRIER,BRILEY PKWYS & BRILEY PKWYN,NASHVILLE,TN,37218,3212,NORTH,36.2142,-86.8724,POINT (-86.8724 36.2142)
20190606696,08/14/2019 05:38:00 PM,2,0,0,,N,267831,4,ANGLE,21,CLEAR,1,DAYLIGHT,12,MOTOR VEHICLE IN TRANSPORT,OLD HICKORY BLVD & BELLEVUE VALLEY PLAZA,NASHVILLE,TN,37221,4901,WEST,36.0734,-86.9207,POINT (-86.9207 36.0734)
20190807530,11/06/2019 09:14:00 AM,3,2,0,,Y,876581,11,Front to Rear,21,CLEAR,1,DAYLIGHT,12,MOTOR VEHICLE IN TRANSPORT,RIVERGATE MARKETPLACE PVTDR & GALLATIN P,MADISON,TN,37115,1731,MADISO,36.3037,-86.6898,POINT (-86.6898 36.3037)
20190730792,10/04/2019 06:55:00 AM,2,0,0,,N,191578,4,ANGLE,21,CLEAR,1,DAYLIGHT,12,MOTOR VEHICLE IN TRANSPORT,EARHART RD & JOHN HAGAR RD,MOUNT JULIET,TN,37122,9551,HERMIT,36.1575,-86.5692,POINT (-86.5692 36.1575)
20190703408,09/23/2019 12:25:00 AM,2,2,0,,N,330420,11,Front to Rear,21,CLEAR,3,DARK - LIGHTED,12,MOTOR VEHICLE IN TRANSPORT,US HWY 41 & RURAL HILL RD,NASHVILLE,TN,37217,8939,HERMIT,36.0756,-86.6396,POINT (-86.6396 36.0756)
20190631569,08/23/2019 09:47:00 PM,2,1,0,,N,256389,4,ANGLE,21,CLEAR,3,DARK - LIGHTED,12,MOTOR VEHICLE IN TRANSPORT,4TH AVS & CHESTNUT ST,NASHVILLE,TN,37210,8169,SOUTH,36.1449,-86.7667,POINT (-86.7667 36.1449)
20190790816,10/30/2019 07:27:00 AM,1,0,0,Y,N,591933,0,NOT COLLISION W/MOTOR VEHICLE-TRANSPORT,2,RAIN,1,DAYLIGHT,38,FENCE,BABY RUTH LN & MT VIEW RD,ANTIOCH,TN,37013,8865,SOUTH,36.0445,-86.6402,POINT (-86.6402 36.0445)
20190768354,10/20/2019 04:20:00 PM,2,0,0,,Y,311328,4,ANGLE,21,CLEAR,1,DAYLIGHT,12,MOTOR VEHICLE IN TRANSPORT,ROSA L PARKS AV & 6TH AVN,NASHVILLE,TN,37203,4155,CENTRA,36.1643,-86.7856,POINT (-86.7856 36.1643)
20190707890,09/24/2019 04:59:00 PM,2,0,0,,N,298858,11,Front to Rear,21,CLEAR,1,DAYLIGHT,12,MOTOR VEHICLE IN TRANSPORT,MM 209 0 I 40,NASHVILLE,TN,37203,4104,CENTRA,36.1574,-86.7903,POINT (-86.7903 36.1574)
20190812979,11/08/2019 02:30:00 PM,2,0,0,,N,309262,5,SIDESWIPE - SAME DIRECTION,21,CLEAR,1,DAYLIGHT,12,MOTOR VEHICLE IN TRANSPORT,BRILEY PKWYE & BRILEY PKWYW,NASHVILLE,TN,37207,20120,MADISO,36.2396,-86.7751,POINT (-86.7751 36.2396)
20190850199,11/24/2019 10:55:00 AM,2,0,0,,Y,166478,4,ANGLE,21,CLEAR,1,DAYLIGHT,12,MOTOR VEHICLE IN TRANSPORT,WEDGEWOOD AV & 8TH AVS,NASHVILLE,TN,37204,6919,MIDTOW,36.1343,-86.7796,POINT (-86.7796 36.1343)
20190589894,08/08/2019 11:02:00 AM,2,0,0,,N,594473,6,SIDESWIPE - OPPOSITE DIRECTION,21,CLEAR,1,DAYLIGHT,12,MOTOR VEHICLE IN TRANSPORT,ARMORY DR & SIDCO DR,NASHVILLE,TN,37204,8527,MIDTOW,36.1022,-86.7563,POINT (-86.7563 36.1022)
20190743000,10/09/2019 07:00:00 PM,2,0,0,,N,299238,5,SIDESWIPE - SAME DIRECTION,21,CLEAR,3,DARK - LIGHTED,12,MOTOR VEHICLE IN TRANSPORT,GALLATIN AV & GRANADA AV,NASHVILLE,TN,37206,1319,EAST,36.1882,-86.7465,POINT (-86.7465 36.1882)
20190862241,11/29/2019 12:00:00 AM,1,0,0,,Y,481573,0,NOT COLLISION W/MOTOR VEHICLE-TRANSPORT,21,CLEAR,3,DARK - LIGHTED,24,GUARDRAIL FACE,BREWER DR & HILL CREEK DR,NASHVILLE,TN,37211,8657,MIDTOW,36.0631,-86.7358,POINT (-86.7358 36.0631)
20190810024,11/07/2019 09:11:00 AM,2,4,0,,N,226622,11,Front to Rear,2,RAIN,1,DAYLIGHT,12,MOTOR VEHICLE IN TRANSPORT,ESTES RD & WYNDHAM PL,NASHVILLE,TN,37205,6101,WEST,36.1111,-86.8372,POINT (-86.8372 36.1111)
20190700728,09/21/2019 01:19:00 PM,2,0,0,,Y,311337,11,Front to Rear,21,CLEAR,1,DAYLIGHT,12,MOTOR VEHICLE IN TRANSPORT,MM 52 0 I 24,NASHVILLE,TN,37217,8816,SOUTH,36.1329,-86.7267,POINT (-86.7267 36.1329)
20190837716,11/19/2019 07:25:00 AM,2,1,0,,N,584947,4,ANGLE,21,CLEAR,1,DAYLIGHT,12,MOTOR VEHICLE IN TRANSPORT,MM 75 2 I 65,NASHVILLE,TN,37220,71040,MIDTOW,36.0464,-86.7779,POINT (-86.7779 36.0464)
20190678285,09/12/2019 09:24:00 AM,2,0,0,,N,191578,11,Front to Rear,21,CLEAR,1,DAYLIGHT,12,MOTOR VEHICLE IN TRANSPORT,MURFREESBORO PKE & SPENCE LN,NASHVILLE,TN,37217,8801,SOUTH,36.1357,-86.7249,POINT (-86.7249 36.1357)
20190795485,11/01/2019 06:45:00 AM,2,0,0,,N,279206,11,Front to Rear,21,CLEAR,1,DAYLIGHT,12,MOTOR VEHICLE IN TRANSPORT,MM 212 9 I 40,NASHVILLE,TN,37210,82061,HERMIT,36.1404,-86.7312,POINT (-86.7312 36.1404)
20190922040,12/26/2019 04:54:00 PM,2,1,0,,N,311337,4,ANGLE,21,CLEAR,5,DUSK,12,MOTOR VEHICLE IN TRANSPORT,ROBINSON RD & INDUSTRIAL DR,OLD HICKORY,TN,37138,9611,HERMIT,36.263,-86.6618,POINT (-86.6618 36.263)
20190705426,09/23/2019 06:54:00 PM,1,1,0,,N,352172,0,NOT COLLISION W/MOTOR VEHICLE-TRANSPORT,21,CLEAR,5,DUSK,9,,WOODLAWN DR & HARDING PKE,NASHVILLE,TN,37205,6019,WEST,36.1276,-86.8439,POINT (-86.8439 36.1276)
20190855673,11/26/2019 05:38:00 PM,2,0,0,,N,279208,4,ANGLE,2,RAIN,7,Dark-Unknown Lighting,12,MOTOR VEHICLE IN TRANSPORT,EDGEHILL AV & 16TH AVS,NASHVILLE,TN,37212,6629,MIDTOW,36.1433,-86.7925,POINT (-86.7925 36.1433)
20190713345,09/26/2019 05:55:00 PM,2,0,0,,Y,134871,4,ANGLE,21,CLEAR,1,DAYLIGHT,12,MOTOR VEHICLE IN TRANSPORT,4TH AVS & KOREAN VETERANS BLVD,NASHVILLE,TN,37201,4047,CENTRA,36.1569,-86.7745,POINT (-86.7745 36.1569)
20190849233,11/23/2019 12:00:00 AM,2,1,0,Y,Y,352183,6,SIDESWIPE - OPPOSITE DIRECTION,21,CLEAR,3,DARK - LIGHTED,12;14;38,MOTOR VEHICLE IN TRANSPORT;PARKED MOTOR VEHICLE;FENCE,OLD HICKORY BLVDW & DOUGLAS ST,MADISON,TN,37115,1771,MADISO,36.2633,-86.7146,POINT (-86.7146 36.2633)
20190767498,10/20/2019 04:28:00 AM,1,1,0,,N,320584,0,NOT COLLISION W/MOTOR VEHICLE-TRANSPORT,2,RAIN,3,DARK - LIGHTED,24,GUARDRAIL FACE,BRILEY PKWYN & BRILEY PKWYS,NASHVILLE,TN,37211,8404,SOUTH,36.1092,-86.727,POINT (-86.727 36.1092)
20190917882,12/24/2019 07:35:00 AM,2,0,0,,N,279113,98,OTHER,21,CLEAR,1,DAYLIGHT,12,MOTOR VEHICLE IN TRANSPORT,DONELSON PKE & MURFREESBORO PKE,NASHVILLE,TN,37217,8841,SOUTH,36.1062,-86.6731,POINT (-86.6731 36.1062)
20190826236,11/14/2019 08:26:00 AM,3,0,0,,N,352198,11,Front to Rear,21,CLEAR,1,DAYLIGHT,12,MOTOR VEHICLE IN TRANSPORT,MM 90 8 I 65,MADISON,TN,37115,20044,MADISO,36.2462,-86.7451,POINT (-86.7451 36.2462)
20190821404,11/12/2019 11:03:00 AM,2,0,0,,Y,665896,5,SIDESWIPE - SAME DIRECTION,21,CLEAR,1,DAYLIGHT,12,MOTOR VEHICLE IN TRANSPORT,RICHMOND DR & HEDGEWOOD DR,NASHVILLE,TN,37216,1513,EAST,36.2296,-86.7207,POINT (-86.7207 36.2296)
20190864013,11/30/2019 11:18:00 PM,2,0,0,,N,330420,11,Front to Rear,2,RAIN,3,DARK - LIGHTED,12,MOTOR VEHICLE IN TRANSPORT,MM 212 1 I 40,NASHVILLE,TN,37210,90041,HERMIT,36.1463,-86.7422,POINT (-86.7422 36.1463)
20190716282,09/27/2019 11:15:00 PM,2,1,0,,N,226054,4,ANGLE,21,CLEAR,2,DARK - NOT LIGHTED,12,MOTOR VEHICLE IN TRANSPORT,MM 201 7 I 40,NASHVILLE,TN,37209,50023,WEST,36.1371,-86.8912,POINT (-86.8912 36.1371)
20190659078,09/04/2019 07:39:00 AM,2,0,0,,Y,110063,11,Front to Rear,21,CLEAR,1,DAYLIGHT,12,MOTOR VEHICLE IN TRANSPORT,MM 44 0 I 24,NASHVILLE,TN,37207,32240,NORTH,36.232,-86.7836,POINT (-86.7836 36.232)
20190606739,08/14/2019 05:32:00 PM,3,0,0,,N,256380,11,Front to Rear,21,CLEAR,1,DAYLIGHT,12,MOTOR VEHICLE IN TRANSPORT,28TH AVN & MEHARRY BLVD,NASHVILLE,TN,37209,4559,NORTH,36.1666,-86.8204,POINT (-86.8204 36.1666)
20190683680,09/14/2019 10:02:00 AM,2,0,0,,Y,224824,6,SIDESWIPE - OPPOSITE DIRECTION,21,CLEAR,1,DAYLIGHT,12,MOTOR VEHICLE IN TRANSPORT,DODSON CHAPEL RD & CENTRAL PKE,HERMITAGE,TN,37076,9503,HERMIT,36.1747,-86.6143,POINT (-86.6143 36.1747)
20190895314,12/13/2019 09:30:00 PM,2,0,0,,Y,330438,5,SIDESWIPE - SAME DIRECTION,2,RAIN,2,DARK - NOT LIGHTED,12,MOTOR VEHICLE IN TRANSPORT,MM 221 3 I 40,HERMITAGE,TN,37076,95020,HERMIT,36.1701,-86.5928,POINT (-86.5928 36.1701)
20190745299,10/10/2019 04:45:00 PM,2,0,0,,N,320585,11,Front to Rear,21,CLEAR,1,DAYLIGHT,12,MOTOR VEHICLE IN TRANSPORT,MM 212 2 I 40,NASHVILLE,TN,37210,90041,HERMIT,36.1458,-86.7414,POINT (-86.7414 36.1458)
20190623696,08/21/2019 07:00:00 AM,2,0,0,,N,223502,11,Front to Rear,21,CLEAR,1,DAYLIGHT,12,MOTOR VEHICLE IN TRANSPORT,BRILEY PKWYN & EAST THOMPSON LN,NASHVILLE,TN,37211,8423,SOUTH,36.1095,-86.7281,POINT (-86.7281 36.1095)
20190846891,11/22/2019 07:04:00 PM,2,0,0,,Y,298867,5,SIDESWIPE - SAME DIRECTION,2,RAIN,2,DARK - NOT LIGHTED,12;14,MOTOR VEHICLE IN TRANSPORT;PARKED MOTOR VEHICLE,CHICAMAUGA AV & LAURENT ST,NASHVILLE,TN,37206,1929,EAST,36.1852,-86.7529,POINT (-86.7529 36.1852)
20190753877,10/14/2019 02:02:00 PM,2,0,0,,N,151132,11,Front to Rear,21,CLEAR,1,DAYLIGHT,12,MOTOR VEHICLE IN TRANSPORT,STATE RT 45 & GALLATIN PKEN,MADISON,TN,37115,1701,MADISO,36.2631,-86.7119,POINT (-86.7119 36.2631)
20190828563,11/15/2019 06:57:00 AM,3,0,0,,N,594473,11,Front to Rear,21,CLEAR,1,DAYLIGHT,12,MOTOR VEHICLE IN TRANSPORT,MM 74 9 I 65,NASHVILLE,TN,37220,71040,MIDTOW,36.0438,-86.7814,POINT (-86.7814 36.0438)
20190808040,11/06/2019 01:19:00 PM,2,2,0,,N,462474,11,Front to Rear,21,CLEAR,1,DAYLIGHT,12,MOTOR VEHICLE IN TRANSPORT,HARDING PL & NOLENSVILLE PKE,NASHVILLE,TN,37211,8705,SOUTH,36.0797,-86.7261,POINT (-86.7261 36.0797)