Accident Number,Date and Time,Number of Motor Vehicles,Number of Injuries,Number of Fatalities,Property Damage,Hit and Run,Reporting Officer,Collision Type Code,Collision Type Description,Weather Code,Weather Description,Illumination Code,Illumination Description,Harmful Code,Harmful Code Description,Street Address,City,State,ZIP,RPA,Precinct,Latitude,Longitude,Mapped Location
20190815841,11/09/2019 10:35:00 PM,2,1,0,,N,352156,4,ANGLE,21,CLEAR,3,DARK - LIGHTED,12,MOTOR VEHICLE IN TRANSPORT,HAMILTON CHURCH RD & HAMILTON CROSSINGS,ANTIOCH,TN,37013,8865,SOUTH,36.0629,-86.6291,POINT (-86.6291 36.0629)
20190706205,09/24/2019 02:26:00 AM,1,0,0,,N,320600,0,NOT COLLISION W/MOTOR VEHICLE-TRANSPORT,21,CLEAR,3,DARK - LIGHTED,36,CONCRETE TRAFFIC BARRIER,MM 86 1 I 65,NASHVILLE,TN,37228,44060,NORTH,36.1918,-86.7835,POINT (-86.7835 36.1918)
20190870510,12/03/2019 06:19:00 PM,2,0,0,,N,279233,11,Front to Rear,21,CLEAR,3,DARK - LIGHTED,12,MOTOR VEHICLE IN TRANSPORT,MM 205 6 I 40,NASHVILLE,TN,37209,5228,WEST,36.1559,-86.8271,POINT (-86.8271 36.1559)
20190793357,10/31/2019 09:11:00 AM,2,1,0,,N,226622,11,Front to Rear,2,RAIN,1,DAYLIGHT,12,MOTOR VEHICLE IN TRANSPORT,MM 198 8 I 40,NASHVILLE,TN,37221,48062,WEST,36.1063,-86.9292,POINT (-86.9292 36.1063)
20190721848,09/30/2019 04:52:00 PM,2,0,0,,N,320585,11,Front to Rear,21,CLEAR,1,DAYLIGHT,12,MOTOR VEHICLE IN TRANSPORT,LINDSLEY AVE & US HWY 70,NASHVILLE,TN,37210,4029,CENTRA,36.1548,-86.7634,POINT (-86.7634 36.1548)
20190878837,12/07/2019 12:42:00 AM,2,0,0,,Y,298871,11,Front to Rear,21,CLEAR,3,DARK - LIGHTED,12,MOTOR VEHICLE IN TRANSPORT,DIVISION ST & 19TH AVS,NASHVILLE,TN,37203,6715,MIDTOW,36.1506,-86.7955,POINT (-86.7955 36.1506)
20190867051,12/02/2019 12:54:00 PM,2,0,0,,N,352202,11,Front to Rear,21,CLEAR,1,DAYLIGHT,12,MOTOR VEHICLE IN TRANSPORT,MM 47 4 I 24,NASHVILLE,TN,37207,1904,CENTRA,36.1827,-86.7752,POINT (-86.7752 36.1827)
20190819422,11/11/2019 03:32:00 PM,2,0,0,,Y,299266,5,SIDESWIPE - SAME DIRECTION,2,RAIN,5,DUSK,12,MOTOR VEHICLE IN TRANSPORT,I24 E EXT RAMP & I 24,NASHVILLE,TN,37207,30080,NORTH,36.2378,-86.7872,POINT (-86.7872 36.2378)
20190873096,12/04/2019 05:45:00 PM,2,0,0,,N,887598,11,Front to Rear,21,CLEAR,3,DARK - LIGHTED,12,MOTOR VEHICLE IN TRANSPORT,BRILEY PKWYN & MUSIC VALLEY DR,NASHVILLE,TN,37214,92860,HERMIT,36.2225,-86.6937,POINT (-86.6937 36.2225)
20190824265,11/13/2019 12:39:00 PM,3,2,0,,N,384398,11,Front to Rear,21,CLEAR,1,DAYLIGHT,12,MOTOR VEHICLE IN TRANSPORT,OLD HICKORY BLVD & EULALA DR,NASHVILLE,TN,37211,8717,SOUTH,36.0455,-86.7039,POINT (-86.7039 36.0455)
20190841592,11/20/2019 05:37:00 PM,2,2,0,Y,N,909486,2,HEAD-ON,21,CLEAR,3,DARK - LIGHTED,1;12;24,MOTOR VEHICLE IN TRANSPORT;GUARDRAIL FACE,HARDING PL & WAUFORD DR,NASHVILLE,TN,37211,8605,MIDTOW,36.0809,-86.7516,POINT (-86.7516 36.0809)
20190820970,11/12/2019 07:44:00 AM,2,0,0,,N,876581,4,ANGLE,21,CLEAR,1,DAYLIGHT,12,MOTOR VEHICLE IN TRANSPORT,NESBITT LN & OLD HICKORY BLVDW,MADISON,TN,37115,2101,MADISO,36.2661,-86.7413,POINT (-86.7413 36.2661)
20190834034,11/17/2019 09:31:00 PM,2,0,0,,N,279200,4,ANGLE,21,CLEAR,3,DARK - LIGHTED,14,PARKED MOTOR VEHICLE,7TH AVS & MCGAVOCK ST,NASHVILLE,TN,37203,4071,CENTRA,36.1584,-86.7803,POINT (-86.7803 36.1584)
20190813058,11/08/2019 02:58:00 PM,2,0,0,,N,197070,5,SIDESWIPE - SAME DIRECTION,21,CLEAR,1,DAYLIGHT,12,MOTOR VEHICLE IN TRANSPORT,MM 207 9 I 40,NASHVILLE,TN,37208,54022,NORTH,36.1693,-86.7972,POINT (-86.7972 36.1693)
20190726064,10/02/2019 10:06:00 AM,2,0,0,,N,191578,5,SIDESWIPE - SAME DIRECTION,21,CLEAR,1,DAYLIGHT,12,MOTOR VEHICLE IN TRANSPORT,MM 215 5 I 40,NASHVILLE,TN,37217,89020,HERMIT,36.1432,-86.6865,POINT (-86.6865 36.1432)
20190700694,09/21/2019 02:48:00 PM,2,1,0,,N,256417,4,ANGLE,21,CLEAR,1,DAYLIGHT,12,MOTOR VEHICLE IN TRANSPORT,OLD HICKORY BLVD & I40 W ENT RAMP,HERMITAGE,TN,37076,9557,HERMIT,36.1708,-86.6015,POINT (-86.6015 36.1708)
20190902278,12/17/2019 09:55:00 AM,1,1,0,,N,226622,0,NOT COLLISION W/MOTOR VEHICLE-TRANSPORT,22,CLOUDY,1,DAYLIGHT,8,PEDESTRIAN,HARDING PKE & KENNER AV,NASHVILLE,TN,37205,6021,WEST,36.1261,-86.8461,POINT (-86.8461 36.1261)
20190863472,11/30/2019 04:33:00 PM,2,1,0,Y,N,279116,6,SIDESWIPE - OPPOSITE DIRECTION,2,RAIN,5,DUSK,12;30;39,MOTOR VEHICLE IN TRANSPORT;UTILITY POLE;WALL,GRANNY WHITE PKE & STONEWALL JACKSON CT,NASHVILLE,TN,37220,7109,MIDTOW,36.0728,-86.8095,POINT (-86.8095 36.0728)
20190734098,10/05/2019 05:05:00 PM,1,0,0,Y,N,298860,0,NOT COLLISION W/MOTOR VEHICLE-TRANSPORT,21,CLEAR,1,DAYLIGHT,33,CURB,RIVERSIDE RD & 14TH ST,OLD HICKORY,TN,37138,9709,HERMIT,36.2568,-86.6429,POINT (-86.6429 36.2568)
20190828730,11/15/2019 08:25:00 AM,2,3,0,,N,384437,98,OTHER,21,CLEAR,1,DAYLIGHT,12,MOTOR VEHICLE IN TRANSPORT,BRICK CHURCH PKE & MOOREWOOD DR,NASHVILLE,TN,37207,2031,MADISO,36.2332,-86.7814,POINT (-86.7814 36.2332)
20190826907,11/14/2019 02:53:00 PM,1,0,0,Y,N,384446,0,NOT COLLISION W/MOTOR VEHICLE-TRANSPORT,21,CLEAR,1,DAYLIGHT,24;63,GUARDRAIL FACE;Ran Off Road-Right,MM 195 2 I 40,NASHVILLE,TN,37221,4804,WEST,36.0739,-86.9736,POINT (-86.9736 36.0739)
20190670237,09/09/2019 08:14:00 AM,3,1,0,,N,279230,11,Front to Rear,21,CLEAR,1,DAYLIGHT,12,MOTOR VEHICLE IN TRANSPORT,MM 57 6 I 24,ANTIOCH,TN,37013,87060,SOUTH,36.0629,-86.6829,POINT (-86.6829 36.0629)
20190593024,08/09/2019 12:16:00 PM,2,2,0,,N,191578,11,Front to Rear,21,CLEAR,1,DAYLIGHT,12,MOTOR VEHICLE IN TRANSPORT,ANDREW JACKSON PKWY & RACHELS SQUARE DR,HERMITAGE,TN,37076,9509,HERMIT,36.2015,-86.6074,POINT (-86.6074 36.2015)
20190702700,09/22/2019 02:15:00 PM,2,0,0,,Y,320577,11,Front to Rear,21,CLEAR,1,DAYLIGHT,12,MOTOR VEHICLE IN TRANSPORT,MM 4 3 I 440,NASHVILLE,TN,37204,7014,MIDTOW,36.1159,-86.783,POINT (-86.783 36.1159)
20190600209,08/12/2019 10:45:00 AM,2,0,0,,N,226622,4,ANGLE,21,CLEAR,1,DAYLIGHT,12,MOTOR VEHICLE IN TRANSPORT,HILLSBORO PKE & OLD HICKORY BLVD,BRENTWOOD,TN,37027,6301,MIDTOW,36.0471,-86.863,POINT (-86.863 36.0471)
20190907157,12/19/2019 06:54:00 AM,2,0,0,,Y,109534,4,ANGLE,21,CLEAR,1,DAYLIGHT,12;99,MOTOR VEHICLE IN TRANSPORT;UNKNOWN MOST HARMFUL EVENT,LEBANON PKE & OLD LEBANON PKE,NASHVILLE,TN,37214,9125,HERMIT,36.1678,-86.6637,POINT (-86.6637 36.1678)
20190737202,10/07/2019 08:10:00 AM,1,0,0,,N,474557,0,NOT COLLISION W/MOTOR VEHICLE-TRANSPORT,22,CLOUDY,1,DAYLIGHT,18,OTHER OBJECT (NOT FIXED),MM 59 2 I 24,ANTIOCH,TN,37013,87061,SOUTH,36.0467,-86.6614,POINT (-86.6614 36.0467)
20190791557,10/30/2019 02:14:00 PM,1,1,0,Y,N,429193,0,NOT COLLISION W/MOTOR VEHICLE-TRANSPORT,2,RAIN,1,DAYLIGHT,24;36,GUARDRAIL FACE;CONCRETE TRAFFIC BARRIER,MM 199 6 I 40,NASHVILLE,TN,37209,4708,WEST,36.1154,-86.9174,POINT (-86.9174 36.1154)
20190748604,10/12/2019 01:05:00 AM,2,0,0,,N,311340,4,ANGLE,2,RAIN,3,DARK - LIGHTED,12,MOTOR VEHICLE IN TRANSPORT,19TH AVS & BROADWAY,NASHVILLE,TN,37203,5705,MIDTOW,36.151,-86.7965,POINT (-86.7965 36.151)
20190666175,09/07/2019 02:44:00 AM,2,0,0,,N,209173,98,OTHER,21,CLEAR,2,DARK - NOT LIGHTED,13,MOTOR VEHICLE IN TRANSPORT-OTHER ROADWAY,GOWER RD & RIVER ROAD PKE,NASHVILLE,TN,37209,4701,WEST,36.1312,-86.9273,POINT (-86.9273 36.1312)
20190803785,11/04/2019 11:16:00 PM,1,0,0,,N,256382,0,NOT COLLISION W/MOTOR VEHICLE-TRANSPORT,21,CLEAR,3,DARK - LIGHTED,50,DEER (ANIMAL),MM 220 2 I 40,HERMITAGE,TN,37076,94021,HERMIT,36.1665,-86.6122,POINT (-86.6122 36.1665)
20190758463,10/16/2019 09:23:00 AM,2,1,0,,N,225773,11,Front to Rear,21,CLEAR,1,DAYLIGHT,12,MOTOR VEHICLE IN TRANSPORT,MM 2 2 I 440,NASHVILLE,TN,37215,6006,WEST,36.1272,-86.8152,POINT (-86.8152 36.1272)
20190916286,12/23/2019 02:30:00 PM,2,0,0,,N,352204,11,Front to Rear,21,CLEAR,1,DAYLIGHT,12,MOTOR VEHICLE IN TRANSPORT,HARDING PKE & HIGHWAY 100,NASHVILLE,TN,37205,6209,WEST,36.0997,-86.8714,POINT (-86.8714 36.0997)
20190831929,11/16/2019 06:44:00 PM,2,2,0,,N,330413,11,Front to Rear,21,CLEAR,1,DAYLIGHT,12,MOTOR VEHICLE IN TRANSPORT,MM 80 5 I 65,NASHVILLE,TN,37204,69020,MIDTOW,36.1226,-86.7733,POINT (-86.7733 36.1226)
20190889125,12/11/2019 01:50:00 PM,2,0,0,,Y,665896,5,SIDESWIPE - SAME DIRECTION,21,CLEAR,1,DAYLIGHT,12,MOTOR VEHICLE IN TRANSPORT,MM 86 5 I 65,NASHVILLE,TN,37207,3006,NORTH,36.1946,-86.7762,POINT (-86.7762 36.1946)
20190603662,08/13/2019 03:41:00 PM,2,0,0,,N,169425,4,ANGLE,2,RAIN,1,DAYLIGHT,12,MOTOR VEHICLE IN TRANSPORT,NOLENSVILLE PKE & WALSH RD,NASHVILLE,TN,37210,8127,SOUTH,36.1348,-86.7595,POINT (-86.7595 36.1348)
20190782060,10/26/2019 12:44:00 PM,2,0,0,,N,693102,11,Front to Rear,2,RAIN,1,DAYLIGHT,12,MOTOR VEHICLE IN TRANSPORT,LEBANON PKE & CLOVERNOOK DR,NASHVILLE,TN,37210,9019,HERMIT,36.1547,-86.7124,POINT (-86.7124 36.1547)
20190796123,11/01/2019 12:35:00 PM,1,1,0,Y,N,384398,0,NOT COLLISION W/MOTOR VEHICLE-TRANSPORT,21,CLEAR,1,DAYLIGHT,31,"OTHER POST, POLE, SUPP.",ANTIOCH COMMUNITY CTR PVTDR & BLUE HOLE,ANTIOCH,TN,37013,8859,SOUTH,36.0562,-86.6724,POINT (-86.6724 36.0562)
20190833164,11/17/2019 09:15:00 AM,1,0,0,,N,299249,0,NOT COLLISION W/MOTOR VEHICLE-TRANSPORT,21,CLEAR,1,DAYLIGHT,50,DEER (ANIMAL),EARHART RD & JOHN HAGAR RD,MOUNT JULIET,TN,37122,9551,HERMIT,36.1575,-86.5692,POINT (-86.5692 36.1575)
20190883113,12/09/2019 08:19:00 AM,2,0,0,,N,384442,5,SIDESWIPE - SAME DIRECTION,21,CLEAR,1,DAYLIGHT,12,MOTOR VEHICLE IN TRANSPORT,THOMPSON LN & GRANDVIEW AV,NASHVILLE,TN,37211,8519,MIDTOW,36.111,-86.7471,POINT (-86.7471 36.111)
20190850301,11/24/2019 12:46:00 PM,2,0,0,,Y,299243,4,ANGLE,21,CLEAR,1,DAYLIGHT,12,MOTOR VEHICLE IN TRANSPORT,INTERSTATE DR & JAMES ROBERTSON PKWY,NASHVILLE,TN,37213,1105,CENTRA,36.1714,-86.769,POINT (-86.769 36.1714)
20190754089,10/14/2019 04:22:00 PM,2,1,0,,N,256389,4,ANGLE,21,CLEAR,1,DAYLIGHT,12,MOTOR VEHICLE IN TRANSPORT,18TH AVN & CHURCH ST,NASHVILLE,TN,37203,5521,MIDTOW,36.155,-86.7975,POINT (-86.7975 36.155)
20190800640,11/03/2019 03:08:00 PM,2,0,0,,N,179583,5,SIDESWIPE - SAME DIRECTION,21,CLEAR,1,DAYLIGHT,12;36,MOTOR VEHICLE IN TRANSPORT;CONCRETE TRAFFIC BARRIER,MM 52 1 I 24,NASHVILLE,TN,37217,8816,SOUTH,36.1343,-86.7267,POINT (-86.7267 36.1343)
20190676965,09/11/2019 07:39:00 PM,2,0,0,,N,212330,11,Front to Rear,21,CLEAR,3,DARK - LIGHTED,12,MOTOR VEHICLE IN TRANSPORT,BRILEY PKWYN & EAST THOMPSON LN,NASHVILLE,TN,37211,8423,SOUTH,36.1095,-86.7281,POINT (-86.7281 36.1095)
20190717184,09/28/2019 10:41:00 AM,2,0,0,,Y,110063,5,SIDESWIPE - SAME DIRECTION,21,CLEAR,1,DAYLIGHT,12,MOTOR VEHICLE IN TRANSPORT,MM 86 6 I 65,NASHVILLE,TN,37207,3002,NORTH,36.1959,-86.7761,POINT (-86.7761 36.1959)
20190669188,09/08/2019 03:53:00 PM,2,0,0,,Y,330415,11,Front to Rear,21,CLEAR,1,DAYLIGHT,12,MOTOR VEHICLE IN TRANSPORT,0 3RD AVN,NASHVILLE,TN,37201,4133,CENTRA,36.1642,-86.7775,POINT (-86.7775 36.1642)
20190925940,12/28/2019 04:53:00 PM,2,0,0,Y,N,299267,4,ANGLE,21,CLEAR,1,DAYLIGHT,12,MOTOR VEHICLE IN TRANSPORT,20TH AVN & STATE ST,NASHVILLE,TN,37203,5509,MIDTOW,36.1543,-86.8015,POINT (-86.8015 36.1543)
20190598293,08/11/2019 03:30:00 PM,1,0,0,Y,Y,311337,0,NOT COLLISION W/MOTOR VEHICLE-TRANSPORT,21,CLEAR,1,DAYLIGHT,7,,BELL RD & HARBORWOOD DR,NASHVILLE,TN,37214,8989,HERMIT,36.1327,-86.6292,POINT (-86.6292 36.1327)
20190729420,10/03/2019 04:45:00 PM,2,0,0,,N,299257,4,ANGLE,21,CLEAR,1,DAYLIGHT,12,MOTOR VEHICLE IN TRANSPORT,NOLENSVILLE PKE & WINGROVE ST,NASHVILLE,TN,37210,8127,SOUTH,36.1355,-86.76,POINT (-86.76 36.1355)
20190673105,09/10/2019 11:12:00 AM,2,2,0,,Y,332253,11,Front to Rear,21,CLEAR,1,DAYLIGHT,12;23,MOTOR VEHICLE IN TRANSPORT;BRIDGE RAIL,RIVERGATE PKWY & I65 S ENT RAMP,GOODLETTSVILLE,TN,37072,2121,MADISO,36.3085,-86.7043,POINT (-86.7043 36.3085)
20190821155,11/12/2019 07:45:00 AM,2,0,0,,N,462494,0,NOT COLLISION W/MOTOR VEHICLE-TRANSPORT,21,CLEAR,1,DAYLIGHT,50,DEER (ANIMAL),FRANKLIN PKE & ELYSIAN FIELDS RD,NASHVILLE,TN,37204,7029,MIDTOW,36.0914,-86.7714,POINT (-86.7714 36.0914)
20190691095,09/17/2019 05:13:00 PM,2,0,0,,N,169425,11,Front to Rear,21,CLEAR,1,DAYLIGHT,12,MOTOR VEHICLE IN TRANSPORT,OLD HICKORY BLVD & I65 N ENT RAMP,BRENTWOOD,TN,37027,8619,MIDTOW,36.0401,-86.7807,POINT (-86.7807 36.0401)
20190795962,11/01/2019 11:05:00 AM,2,0,0,,N,299247,11,Front to Rear,21,CLEAR,1,DAYLIGHT,12,MOTOR VEHICLE IN TRANSPORT,BRILEY PKWY S ENT RAMP & BRILEY PKWYS,NASHVILLE,TN,37217,8811,SOUTH,36.1182,-86.7017,POINT (-86.7017 36.1182)
20190687050,09/16/2019 06:23:00 AM,2,0,0,,N,279122,11,Front to Rear,21,CLEAR,1,DAYLIGHT,12,MOTOR VEHICLE IN TRANSPORT,MM 87 0 I 65,NASHVILLE,TN,37207,18020,EAST,36.2018,-86.7766,POINT (-86.7766 36.2018)
20190668736,09/08/2019 11:20:00 AM,2,0,0,,N,405391,11,Front to Rear,21,CLEAR,1,DAYLIGHT,12,MOTOR VEHICLE IN TRANSPORT,HILLWOOD BLVD & CHARLOTTE PKE,NASHVILLE,TN,37209,5021,WEST,36.1391,-86.8806,POINT (-86.8806 36.1391)
20190655396,09/02/2019 07:46:00 PM,2,1,0,,N,240955,11,Front to Rear,21,CLEAR,2,DARK - NOT LIGHTED,12,MOTOR VEHICLE IN TRANSPORT,MT VIEW RD & SANTI LN,ANTIOCH,TN,37013,8865,SOUTH,36.0492,-86.6261,POINT (-86.6261 36.0492)
20190665359,09/06/2019 04:00:00 PM,2,0,0,,Y,352213,11,Front to Rear,21,CLEAR,1,DAYLIGHT,12,MOTOR VEHICLE IN TRANSPORT,CHARLOTTE PKE & MARCIA AV,NASHVILLE,TN,37209,5027,WEST,36.1467,-86.8701,POINT (-86.8701 36.1467)
20190749648,10/12/2019 02:07:00 PM,2,0,0,,N,256446,11,Front to Rear,21,CLEAR,1,DAYLIGHT,12,MOTOR VEHICLE IN TRANSPORT,MT VIEW RD & BELL FORGE LNE,ANTIOCH,TN,37013,8863,SOUTH,36.0471,-86.648,POINT (-86.648 36.0471)
20190590670,08/08/2019 04:51:00 PM,2,0,0,,Y,256383,6,SIDESWIPE - OPPOSITE DIRECTION,22,CLOUDY,1,DAYLIGHT,12,MOTOR VEHICLE IN TRANSPORT,OLD HICKORY BLVD & TWIN OAKS LN,ANTIOCH,TN,37013,8771,SOUTH,36.0059,-86.6218,POINT (-86.6218 36.0059)
20190898996,12/15/2019 12:00:00 AM,3,0,0,,Y,676828,5,SIDESWIPE - SAME DIRECTION,21,CLEAR,3,DARK - LIGHTED,12;14,MOTOR VEHICLE IN TRANSPORT;PARKED MOTOR VEHICLE,BLAIR BLVD & NATCHEZ TRC,NASHVILLE,TN,37212,5909,MIDTOW,36.1315,-86.8118,POINT (-86.8118 36.1315)
20190837768,11/19/2019 09:06:00 AM,2,0,0,,N,332253,11,Front to Rear,22,CLOUDY,1,DAYLIGHT,12,MOTOR VEHICLE IN TRANSPORT,I65 S EXT RAMP & I 65,MADISON,TN,37115,20044,MADISO,36.2481,-86.743,POINT (-86.743 36.2481)
20190914762,12/22/2019 08:26:00 PM,2,0,0,,N,579971,11,Front to Rear,2,RAIN,3,DARK - LIGHTED,12,MOTOR VEHICLE IN TRANSPORT,BELL RD & CANE RIDGE RD,ANTIOCH,TN,37013,8751,SOUTH,36.0447,-86.6615,POINT (-86.6615 36.0447)
20190734404,10/05/2019 12:00:00 AM,2,1,0,,N,320580,11,Front to Rear,21,CLEAR,3,DARK - LIGHTED,1;12,MOTOR VEHICLE IN TRANSPORT,MM 51 4 I 24,NASHVILLE,TN,37210,82061,HERMIT,36.1388,-86.7284,POINT (-86.7284 36.1388)
20190770087,10/21/2019 11:59:00 AM,2,1,0,,N,909494,4,ANGLE,,,,,12,MOTOR VEHICLE IN TRANSPORT,HART LN & ELLINGTON PKWY S EXT RAMP,NASHVILLE,TN,37207,1887,EAST,36.2186,-86.7481,POINT (-86.7481 36.2186)
20190854285,11/25/2019 09:00:00 PM,2,0,0,,Y,676834,6,SIDESWIPE - OPPOSITE DIRECTION,21,CLEAR,3,DARK - LIGHTED,12;14,MOTOR VEHICLE IN TRANSPORT;PARKED MOTOR VEHICLE,COMBS DR & COMBS TER,NASHVILLE,TN,37207,3047,NORTH,36.2166,-86.791,POINT (-86.791 36.2166)
20190843164,11/21/2019 09:58:00 AM,2,0,0,,N,384436,5,SIDESWIPE - SAME DIRECTION,21,CLEAR,1,DAYLIGHT,12;14,MOTOR VEHICLE IN TRANSPORT;PARKED MOTOR VEHICLE,1ST AVS & MILDRED SHUTE AV,NASHVILLE,TN,37210,8143,SOUTH,36.1475,-86.7641,POINT (-86.7641 36.1475)
20190794418,10/31/2019 06:30:00 PM,2,0,0,,Y,909486,4,ANGLE,21,CLEAR,3,DARK - LIGHTED,12,MOTOR VEHICLE IN TRANSPORT,EDMONDSON PKE & OLD HICKORY BLVD,NASHVILLE,TN,37211,8651,MIDTOW,36.04,-86.7435,POINT (-86.7435 36.04)
20190778409,10/24/2019 07:40:00 PM,2,0,0,,N,384421,4,ANGLE,21,CLEAR,7,Dark-Unknown Lighting,12,MOTOR VEHICLE IN TRANSPORT,PERCY PRIEST DR & STEWARTS FERRY PKE,NASHVILLE,TN,37214,8955,HERMIT,36.1539,-86.6257,POINT (-86.6257 36.1539)
20190779832,10/25/2019 10:55:00 AM,2,0,0,,N,352174,4,ANGLE,22,CLOUDY,1,DAYLIGHT,12,MOTOR VEHICLE IN TRANSPORT,21ST AVS & WESTWOOD AV,NASHVILLE,TN,37212,6509,MIDTOW,36.1264,-86.8046,POINT (-86.8046 36.1264)
20190874307,12/05/2019 07:15:00 AM,2,0,0,,N,676834,4,ANGLE,21,CLEAR,1,DAYLIGHT,12,MOTOR VEHICLE IN TRANSPORT,CLARKSVILLE PKE & 25TH AVN,NASHVILLE,TN,37208,4419,NORTH,36.1855,-86.8172,POINT (-86.8172 36.1855)
20190621961,08/20/2019 03:38:00 PM,3,0,0,,N,256391,5,SIDESWIPE - SAME DIRECTION,2,RAIN,1,DAYLIGHT,12,MOTOR VEHICLE IN TRANSPORT,MM 213 2 I 40,NASHVILLE,TN,37210,82061,HERMIT,36.1399,-86.728,POINT (-86.728 36.1399)
20190752948,10/14/2019 07:00:00 AM,2,0,0,,N,226622,4,ANGLE,21,CLEAR,1,DAYLIGHT,12,MOTOR VEHICLE IN TRANSPORT,MM 201 1 I 40,NASHVILLE,TN,37209,46027,WEST,36.1314,-86.8982,POINT (-86.8982 36.1314)
20190634987,08/25/2019 11:51:00 AM,2,0,0,,Y,206962,5,SIDESWIPE - SAME DIRECTION,22,CLOUDY,1,DAYLIGHT,12,MOTOR VEHICLE IN TRANSPORT,STATE HWY 155 & CONNECTING ROAD,MADISON,TN,37115,15940,MADISO,36.2379,-86.7365,POINT (-86.7365 36.2379)
20190587464,08/07/2019 02:57:00 PM,2,1,0,,N,206964,4,ANGLE,2,RAIN,1,DAYLIGHT,12,MOTOR VEHICLE IN TRANSPORT,PETTUS RD & PRESTON RD,ANTIOCH,TN,37013,8761,SOUTH,36.0225,-86.6648,POINT (-86.6648 36.0225)
20190772120,10/22/2019 08:35:00 AM,2,0,0,,N,224437,11,Front to Rear,21,CLEAR,1,DAYLIGHT,12,MOTOR VEHICLE IN TRANSPORT,MM 205 7 I 40,NASHVILLE,TN,37209,45044,WEST,36.1563,-86.8262,POINT (-86.8262 36.1563)
20190695392,09/19/2019 09:22:00 AM,2,1,0,,N,676834,4,ANGLE,21,CLEAR,1,DAYLIGHT,12,MOTOR VEHICLE IN TRANSPORT,HEIMAN ST & HEIMAN ST PVTDR,NASHVILLE,TN,37208,4481,NORTH,36.1708,-86.8121,POINT (-86.8121 36.1708)
20190829828,11/15/2019 06:41:00 PM,1,1,0,,N,151132,0,NOT COLLISION W/MOTOR VEHICLE-TRANSPORT,22,CLOUDY,2,DARK - NOT LIGHTED,42;64,TREE;Ran Off Road-Left,SIOUX TER & CANTON PASS,MADISON,TN,37115,1633,MADISO,36.2489,-86.6717,POINT (-86.6717 36.2489)
20190660154,09/04/2019 12:00:00 AM,2,0,0,,N,197070,5,SIDESWIPE - SAME DIRECTION,21,CLEAR,1,DAYLIGHT,14,PARKED MOTOR VEHICLE,16TH AVN & CHARLOTTE AV,NASHVILLE,TN,37203,5425,NORTH,36.1597,-86.7963,POINT (-86.7963 36.1597)
20190659746,09/04/2019 12:55:00 PM,3,1,0,,N,226622,4,ANGLE,21,CLEAR,1,DAYLIGHT,12,MOTOR VEHICLE IN TRANSPORT,51ST AVN & TENNESSEE AV,NASHVILLE,TN,37209,4509,WEST,36.1607,-86.849,POINT (-86.849 36.1607)
20190894795,12/13/2019 05:37:00 PM,2,0,0,,N,384403,4,ANGLE,2,RAIN,2,DARK - NOT LIGHTED,12,MOTOR VEHICLE IN TRANSPORT,BRILEY PKWY S EXT RAMP & CENTENNIAL BLVD,NASHVILLE,TN,37209,4641,WEST,36.1713,-86.871,POINT (-86.871 36.1713)
20190800632,11/03/2019 11:59:00 AM,2,1,0,,Y,320594,4,ANGLE,21,CLEAR,1,DAYLIGHT,12,MOTOR VEHICLE IN TRANSPORT,CENTRAL PKE & BURNING TREE DR,HERMITAGE,TN,37076,9557,HERMIT,36.1728,-86.6008,POINT (-86.6008 36.1728)
20190591558,08/08/2019 11:40:00 PM,2,0,0,,N,298859,4,ANGLE,21,CLEAR,3,DARK - LIGHTED,12,MOTOR VEHICLE IN TRANSPORT,BELL RD & ANDERSON RD,NASHVILLE,TN,37217,8939,HERMIT,36.0748,-86.6351,POINT (-86.6351 36.0748)
20190584754,08/06/2019 03:38:00 PM,2,4,0,,N,179583,5,SIDESWIPE - SAME DIRECTION,21,CLEAR,1,DAYLIGHT,12,MOTOR VEHICLE IN TRANSPORT,HARDING PL & WHISPERING OAKS PL,NASHVILLE,TN,37211,8705,SOUTH,36.0817,-86.7137,POINT (-86.7137 36.0817)
20190690630,09/17/2019 02:27:00 PM,3,0,0,,Y,309262,11,Front to Rear,21,CLEAR,1,DAYLIGHT,12,MOTOR VEHICLE IN TRANSPORT,DICKERSON PKE & SKYLINE MEMORIAL CT,MADISON,TN,37115,2009,MADISO,36.2438,-86.7566,POINT (-86.7566 36.2438)
20190692534,09/18/2019 07:50:00 AM,2,0,0,,N,665896,11,Front to Rear,21,CLEAR,1,DAYLIGHT,12,MOTOR VEHICLE IN TRANSPORT,GALLATIN AV & N 11TH ST,NASHVILLE,TN,37206,1241,EAST,36.1796,-86.7502,POINT (-86.7502 36.1796)
20190801632,11/04/2019 03:59:00 AM,1,0,0,,N,352183,0,NOT COLLISION W/MOTOR VEHICLE-TRANSPORT,21,CLEAR,2,DARK - NOT LIGHTED,50,DEER (ANIMAL),SPRINGFIELD HWY & WILLIAMSON RD,GOODLETTSVILLE,TN,37072,2201,MADISO,36.3611,-86.7282,POINT (-86.7282 36.3611)
20190851926,11/25/2019 07:58:00 AM,2,0,0,,N,414668,11,Front to Rear,21,CLEAR,1,DAYLIGHT,12,MOTOR VEHICLE IN TRANSPORT,SPRING ST & I24 W EXT RAMP,NASHVILLE,TN,37207,1983,EAST,36.1767,-86.7723,POINT (-86.7723 36.1767)
20190828676,11/15/2019 08:00:00 AM,2,0,0,,N,676834,4,ANGLE,21,CLEAR,1,DAYLIGHT,12,MOTOR VEHICLE IN TRANSPORT,SCOVEL ST & DR D B TODD JR BLVD,NASHVILLE,TN,37208,4475,NORTH,36.1705,-86.807,POINT (-86.807 36.1705)