Accident Number,Date and Time,Number of Motor Vehicles,Number of Injuries,Number of Fatalities,Property Damage,Hit and Run,Reporting Officer,Collision Type Code,Collision Type Description,Weather Code,Weather Description,Illumination Code,Illumination Description,Harmful Code,Harmful Code Description,Street Address,City,State,ZIP,RPA,Precinct,Latitude,Longitude,Mapped Location
20190696409,09/19/2019 05:00:00 PM,3,0,0,,Y,717341,4,ANGLE,21,CLEAR,1,DAYLIGHT,12,MOTOR VEHICLE IN TRANSPORT,MM 62 4 I 24,ANTIOCH,TN,37013,8806,SOUTH,36.0157,-86.6218,POINT (-86.6218 36.0157)
20190829456,11/15/2019 02:40:00 PM,2,0,0,,N,134871,5,SIDESWIPE - SAME DIRECTION,21,CLEAR,1,DAYLIGHT,12,MOTOR VEHICLE IN TRANSPORT,I40 W ENT RAMP & I40 E ENT RAMP,NASHVILLE,TN,37208,44041,NORTH,36.174,-86.8011,POINT (-86.8011 36.174)
20190767245,10/20/2019 12:33:00 AM,2,0,0,,Y,352162,4,ANGLE,22,CLOUDY,3,DARK - LIGHTED,12,MOTOR VEHICLE IN TRANSPORT,3RD AVN & UNION ST,NASHVILLE,TN,37201,4137,CENTRA,36.1653,-86.7785,POINT (-86.7785 36.1653)
20190678258,09/10/2019 02:45:00 PM,1,2,0,,N,140808,0,NOT COLLISION W/MOTOR VEHICLE-TRANSPORT,99,UNKNOWN,9,UNKNOWN,8,PEDESTRIAN,FAIRFAX AV & 24TH AVS,NASHVILLE,TN,37212,5901,MIDTOW,36.1346,-86.8055,POINT (-86.8055 36.1346)
20190780671,10/25/2019 06:42:00 PM,2,0,0,,N,240983,4,ANGLE,2,RAIN,2,DARK - NOT LIGHTED,12,MOTOR VEHICLE IN TRANSPORT,KEELEY DR & CREEKSIDE DR,NASHVILLE,TN,37211,8709,SOUTH,36.0665,-86.6969,POINT (-86.6969 36.0665)
20190754603,10/14/2019 09:30:00 PM,3,0,0,,N,579971,11,Front to Rear,21,CLEAR,3,DARK - LIGHTED,12,MOTOR VEHICLE IN TRANSPORT,MM 54 8 I 24,NASHVILLE,TN,37211,8812,SOUTH,36.0968,-86.7085,POINT (-86.7085 36.0968)
20190588002,08/07/2019 07:20:00 PM,1,0,0,Y,Y,352156,0,NOT COLLISION W/MOTOR VEHICLE-TRANSPORT,21,CLEAR,1,DAYLIGHT,34,DITCH,UNA ANTIOCH PKE & OAK BARREL LN,ANTIOCH,TN,37013,8891,SOUTH,36.0788,-86.6562,POINT (-86.6562 36.0788)
20190588441,08/07/2019 10:59:00 PM,2,0,0,,N,879558,5,SIDESWIPE - SAME DIRECTION,21,CLEAR,3,DARK - LIGHTED,12,MOTOR VEHICLE IN TRANSPORT,MM 211 1 I 40,NASHVILLE,TN,37210,8008,HERMIT,36.1539,-86.7571,POINT (-86.7571 36.1539)
20190581847,08/05/2019 01:45:00 PM,2,2,0,,N,330413,11,Front to Rear,21,CLEAR,1,DAYLIGHT,12,MOTOR VEHICLE IN TRANSPORT,STATE HWY 255 & -UNKNOWN RAMP/ROAD -,NASHVILLE,TN,37211,88100,SOUTH,36.086,-86.7,POINT (-86.7 36.086)
20190815938,11/09/2019 11:20:00 PM,2,0,0,,N,352162,4,ANGLE,21,CLEAR,3,DARK - LIGHTED,12,MOTOR VEHICLE IN TRANSPORT,BROADWAY & 2ND AVN,NASHVILLE,TN,37201,4093,CENTRA,36.1618,-86.7754,POINT (-86.7754 36.1618)
20190867577,12/02/2019 05:37:00 PM,2,0,0,,N,240983,11,Front to Rear,22,CLOUDY,2,DARK - NOT LIGHTED,12,MOTOR VEHICLE IN TRANSPORT,NOLENSVILLE PKE & CONCORD RD,NASHVILLE,TN,37211,8651,MIDTOW,36.0042,-86.6916,POINT (-86.6916 36.0042)
20190594052,08/08/2019 03:15:00 PM,2,0,0,,Y,256386,4,ANGLE,21,CLEAR,1,DAYLIGHT,12,MOTOR VEHICLE IN TRANSPORT,BELL RD & BLACKWOOD DR,NASHVILLE,TN,37214,8995,HERMIT,36.1505,-86.6254,POINT (-86.6254 36.1505)
20190699434,09/20/2019 08:21:00 PM,2,0,0,,Y,384436,5,SIDESWIPE - SAME DIRECTION,21,CLEAR,2,DARK - NOT LIGHTED,12;14,MOTOR VEHICLE IN TRANSPORT;PARKED MOTOR VEHICLE,SCOTT AV & BENJAMIN ST,NASHVILLE,TN,37206,1311,EAST,36.1872,-86.7339,POINT (-86.7339 36.1872)
20190688551,09/16/2019 07:33:00 PM,2,1,0,Y,N,206964,2,HEAD-ON,22,CLOUDY,3,DARK - LIGHTED,12;24,MOTOR VEHICLE IN TRANSPORT;GUARDRAIL FACE,I24 E EXT RAMP & I 24,NASHVILLE,TN,37207,30080,NORTH,36.2378,-86.7872,POINT (-86.7872 36.2378)
20190643487,08/28/2019 06:45:00 PM,2,0,0,,Y,279201,5,SIDESWIPE - SAME DIRECTION,21,CLEAR,3,DARK - LIGHTED,12,MOTOR VEHICLE IN TRANSPORT,MM 213 0 I 40,NASHVILLE,TN,37210,8219,HERMIT,36.1407,-86.7323,POINT (-86.7323 36.1407)
20190920353,12/25/2019 07:55:00 PM,1,0,0,,N,256374,0,NOT COLLISION W/MOTOR VEHICLE-TRANSPORT,21,CLEAR,3,DARK - LIGHTED,7,,PETTUS RD & PRESTON RD,ANTIOCH,TN,37013,8761,SOUTH,36.0225,-86.6648,POINT (-86.6648 36.0225)
20190585011,08/06/2019 05:36:00 PM,2,1,0,,N,256448,4,ANGLE,21,CLEAR,1,DAYLIGHT,12,MOTOR VEHICLE IN TRANSPORT,ELM HILL PKE & DONELSON PKE,NASHVILLE,TN,37214,9411,HERMIT,36.1485,-86.6651,POINT (-86.6651 36.1485)
20190608008,08/15/2019 07:30:00 AM,2,0,0,,N,223502,4,ANGLE,21,CLEAR,1,DAYLIGHT,12,MOTOR VEHICLE IN TRANSPORT,NOLENSVILLE PKE & TANKSLEY AV,NASHVILLE,TN,37211,8425,SOUTH,36.1091,-86.7443,POINT (-86.7443 36.1091)
20190605273,08/14/2019 07:10:00 AM,2,0,0,,N,676834,11,Front to Rear,21,CLEAR,1,DAYLIGHT,12,MOTOR VEHICLE IN TRANSPORT,DR D B TODD JR BLVD & BUCHANAN ST,NASHVILLE,TN,37208,4413,NORTH,36.1805,-86.8112,POINT (-86.8112 36.1805)
20190705239,09/23/2019 05:13:00 PM,2,3,0,,N,256389,4,ANGLE,21,CLEAR,1,DAYLIGHT,1;12,MOTOR VEHICLE IN TRANSPORT,OLD HICKORY BLVD & HILLSBORO PKE,BRENTWOOD,TN,37027,6301,MIDTOW,36.0473,-86.8627,POINT (-86.8627 36.0473)
20190710655,09/25/2019 06:30:00 PM,1,1,0,,N,279214,0,NOT COLLISION W/MOTOR VEHICLE-TRANSPORT,21,CLEAR,3,DARK - LIGHTED,8,PEDESTRIAN,LEALAND LN & CLAYTON AV,NASHVILLE,TN,37204,6933,MIDTOW,36.1178,-86.7872,POINT (-86.7872 36.1178)
20190637595,08/26/2019 04:21:00 PM,1,0,0,,N,206964,0,NOT COLLISION W/MOTOR VEHICLE-TRANSPORT,22,CLOUDY,1,DAYLIGHT,34;54;55;64,DITCH;Set In Motion By Motor Vehicle;Motor Vehicle-In-Motion Outside Trafficw;Ran Off Road-Left,FRANKLIN LIMESTONE RD & BILLINGSGATE RD,NASHVILLE,TN,37217,8849,SOUTH,36.0785,-86.6743,POINT (-86.6743 36.0785)
20190585149,08/06/2019 06:44:00 PM,2,1,0,,N,320594,11,Front to Rear,21,CLEAR,5,DUSK,12,MOTOR VEHICLE IN TRANSPORT,SAUNDERSVILLE RD & LEXINGTON WAY,HERMITAGE,TN,37076,9727,HERMIT,36.2257,-86.5978,POINT (-86.5978 36.2257)
20190692999,09/18/2019 11:24:00 AM,2,0,0,,N,134899,4,ANGLE,21,CLEAR,1,DAYLIGHT,12,MOTOR VEHICLE IN TRANSPORT,LAKE PKWY & OLD HICKORY BLVD,HERMITAGE,TN,37076,9545,HERMIT,36.1652,-86.5972,POINT (-86.5972 36.1652)
20190863876,11/30/2019 09:41:00 PM,2,0,0,,Y,320580,5,SIDESWIPE - SAME DIRECTION,2,RAIN,3,DARK - LIGHTED,12,MOTOR VEHICLE IN TRANSPORT,BRILEY PKWYS & BRILEY PKWYN,NASHVILLE,TN,37218,3212,NORTH,36.2142,-86.8724,POINT (-86.8724 36.2142)
20190791937,10/30/2019 05:45:00 PM,2,0,0,,N,279224,11,Front to Rear,2,RAIN,3,DARK - LIGHTED,12,MOTOR VEHICLE IN TRANSPORT,N 8TH ST & RAMSEY ST,NASHVILLE,TN,37206,1999,EAST,36.1764,-86.7594,POINT (-86.7594 36.1764)
20190846071,11/22/2019 12:26:00 PM,2,0,0,,N,226092,5,SIDESWIPE - SAME DIRECTION,22,CLOUDY,1,DAYLIGHT,12,MOTOR VEHICLE IN TRANSPORT,MM 208 5 I 40,NASHVILLE,TN,37203,42020,CENTRA,36.1639,-86.7937,POINT (-86.7937 36.1639)
20190879965,12/07/2019 03:09:00 PM,1,1,0,Y,N,352168,0,NOT COLLISION W/MOTOR VEHICLE-TRANSPORT,21,CLEAR,1,DAYLIGHT,30,UTILITY POLE,HARDING PL & BINKLEY DR,NASHVILLE,TN,37211,8501,MIDTOW,36.0773,-86.7391,POINT (-86.7391 36.0773)
20190902409,12/17/2019 10:50:00 AM,2,0,0,,N,405447,11,Front to Rear,22,CLOUDY,1,DAYLIGHT,12,MOTOR VEHICLE IN TRANSPORT,SHADOW GLEN DR & NOLENSVILLE PKE,NASHVILLE,TN,37211,8651,MIDTOW,36.0386,-86.7136,POINT (-86.7136 36.0386)
20190827729,11/14/2019 10:50:00 PM,1,0,0,,Y,330414,0,NOT COLLISION W/MOTOR VEHICLE-TRANSPORT,21,CLEAR,2,DARK - NOT LIGHTED,42,TREE,CHEYENNE BLVD & QUANTO CT,MADISON,TN,37115,1617,MADISO,36.2486,-86.6696,POINT (-86.6696 36.2486)
20190723480,10/01/2019 09:10:00 AM,2,2,0,,N,320601,11,Front to Rear,21,CLEAR,1,DAYLIGHT,12;24;36,MOTOR VEHICLE IN TRANSPORT;GUARDRAIL FACE;CONCRETE TRAFFIC BARRIER,MM 54 9 I 24,NASHVILLE,TN,37211,8812,SOUTH,36.0962,-86.7081,POINT (-86.7081 36.0962)
20190796730,11/01/2019 04:48:00 PM,2,0,0,,N,306708,11,Front to Rear,21,CLEAR,1,DAYLIGHT,12,MOTOR VEHICLE IN TRANSPORT,US HWY 31E & MADISON ST,MADISON,TN,37115,1605,MADISO,36.259,-86.7133,POINT (-86.7133 36.259)
20190910210,12/20/2019 10:20:00 AM,2,4,0,,N,212318,11,Front to Rear,21,CLEAR,1,DAYLIGHT,12,MOTOR VEHICLE IN TRANSPORT,US HWY 70S & 25TH AVE N,NASHVILLE,TN,37212,5801,MIDTOW,36.1469,-86.8085,POINT (-86.8085 36.1469)
20190924192,12/27/2019 05:10:00 PM,2,0,0,,Y,620080,5,SIDESWIPE - SAME DIRECTION,21,CLEAR,5,DUSK,12;30,MOTOR VEHICLE IN TRANSPORT;UTILITY POLE,DICKERSON PKE & HANCOCK ST,NASHVILLE,TN,37207,1963,EAST,36.1843,-86.7737,POINT (-86.7737 36.1843)
20190619703,08/19/2019 09:34:00 PM,1,1,0,,N,320599,0,NOT COLLISION W/MOTOR VEHICLE-TRANSPORT,21,CLEAR,2,DARK - NOT LIGHTED,34;63,DITCH;Ran Off Road-Right,SMITH SPRINGS RD & CLEARLAKE DRW,NASHVILLE,TN,37217,8929,HERMIT,36.0891,-86.6143,POINT (-86.6143 36.0891)
20190618522,08/19/2019 12:30:00 PM,1,0,0,,N,109495,0,NOT COLLISION W/MOTOR VEHICLE-TRANSPORT,21,CLEAR,1,DAYLIGHT,38,FENCE,CHESTNUT ST & MARTIN ST,NASHVILLE,TN,37203,8045,MIDTOW,36.1436,-86.7695,POINT (-86.7695 36.1436)
20190825962,11/14/2019 05:43:00 AM,1,0,0,,N,414668,0,NOT COLLISION W/MOTOR VEHICLE-TRANSPORT,21,CLEAR,3,DARK - LIGHTED,18,OTHER OBJECT (NOT FIXED),MM 85 7 I 65,NASHVILLE,TN,37228,44060,NORTH,36.1906,-86.7899,POINT (-86.7899 36.1906)
20190744014,10/10/2019 12:00:00 AM,1,0,0,,Y,256493,0,NOT COLLISION W/MOTOR VEHICLE-TRANSPORT,21,CLEAR,3,DARK - LIGHTED,30,UTILITY POLE,US HWY 70 & DRIFTWOOD ST,NASHVILLE,TN,37210,1006,HERMIT,36.1549,-86.76,POINT (-86.76 36.1549)
20190855173,11/26/2019 02:10:00 PM,2,0,0,,N,225950,4,ANGLE,22,CLOUDY,1,DAYLIGHT,12,MOTOR VEHICLE IN TRANSPORT,MM 209 5 I 40,NASHVILLE,TN,37203,40040,CENTRA,36.1502,-86.7844,POINT (-86.7844 36.1502)
20190884135,12/09/2019 04:51:00 PM,1,1,0,,N,330436,0,NOT COLLISION W/MOTOR VEHICLE-TRANSPORT,22,CLOUDY,1,DAYLIGHT,8,PEDESTRIAN,7TH AVS & BROADWAY,NASHVILLE,TN,37203,4085,CENTRA,36.1594,-86.781,POINT (-86.781 36.1594)
20190719746,09/29/2019 07:30:00 PM,2,1,0,,N,433550,6,SIDESWIPE - OPPOSITE DIRECTION,21,CLEAR,2,DARK - NOT LIGHTED,13,MOTOR VEHICLE IN TRANSPORT-OTHER ROADWAY,JUAREZ DR & OLD HICKORY BLVD,HERMITAGE,TN,37076,9531,HERMIT,36.1983,-86.6201,POINT (-86.6201 36.1983)
20190854932,11/26/2019 12:04:00 PM,2,0,0,,Y,110063,6,SIDESWIPE - OPPOSITE DIRECTION,21,CLEAR,1,DAYLIGHT,14,PARKED MOTOR VEHICLE,AVONDALE CIR & BRICK CHURCH PKE,NASHVILLE,TN,37207,3021,NORTH,36.2091,-86.7779,POINT (-86.7779 36.2091)
20190848659,11/23/2019 04:19:00 PM,2,0,0,,N,240985,4,ANGLE,2,RAIN,5,DUSK,12,MOTOR VEHICLE IN TRANSPORT,EDMONDSON PKE & MCMURRAY DR,NASHVILLE,TN,37220,8615,MIDTOW,36.0579,-86.7418,POINT (-86.7418 36.0579)
20190775027,10/23/2019 12:10:00 PM,2,0,0,,N,191578,4,ANGLE,21,CLEAR,1,DAYLIGHT,12,MOTOR VEHICLE IN TRANSPORT,OLD LEBANON DIRT RD & ANDREW JACKSON PKW,HERMITAGE,TN,37076,9523,HERMIT,36.188,-86.6077,POINT (-86.6077 36.188)
20190592409,08/09/2019 07:10:00 AM,1,0,0,,N,405404,0,NOT COLLISION W/MOTOR VEHICLE-TRANSPORT,21,CLEAR,1,DAYLIGHT,34,DITCH,SARVER AV & PIERCE RD,MADISON,TN,37115,1729,MADISO,36.2746,-86.7025,POINT (-86.7025 36.2746)
20190700533,09/21/2019 12:04:00 PM,3,0,0,,N,384392,11,Front to Rear,21,CLEAR,1,DAYLIGHT,12,MOTOR VEHICLE IN TRANSPORT,MM 2 0 I 440,NASHVILLE,TN,37205,6004,WEST,36.13,-86.8171,POINT (-86.8171 36.13)
20190794031,10/31/2019 02:53:00 PM,2,0,0,,N,352156,4,ANGLE,22,CLOUDY,1,DAYLIGHT,12,MOTOR VEHICLE IN TRANSPORT,HARDING PL & METROPLEX DR,NASHVILLE,TN,37211,8889,SOUTH,36.0868,-86.6959,POINT (-86.6959 36.0868)
20190633051,08/24/2019 04:29:00 PM,1,2,0,Y,N,179583,0,NOT COLLISION W/MOTOR VEHICLE-TRANSPORT,21,CLEAR,1,DAYLIGHT,25,GUARDRAIL END,MM 54 6 I 24,NASHVILLE,TN,37211,84021,SOUTH,36.0994,-86.7109,POINT (-86.7109 36.0994)
20190624257,08/21/2019 10:50:00 AM,2,0,0,,N,226622,11,Front to Rear,21,CLEAR,1,DAYLIGHT,12,MOTOR VEHICLE IN TRANSPORT,HILLSBORO PKE & RICHARD JONES RD,NASHVILLE,TN,37215,6405,MIDTOW,36.1045,-86.8149,POINT (-86.8149 36.1045)
20190884871,12/09/2019 08:00:00 PM,2,0,0,,N,352193,11,Front to Rear,2,RAIN,3,DARK - LIGHTED,12,MOTOR VEHICLE IN TRANSPORT,0 BRILEY PKWYS,NASHVILLE,TN,37211,8337,SOUTH,36.1098,-86.727,POINT (-86.727 36.1098)
20190710145,09/25/2019 02:45:00 PM,1,1,0,,N,717341,0,NOT COLLISION W/MOTOR VEHICLE-TRANSPORT,21,CLEAR,1,DAYLIGHT,8,PEDESTRIAN,MURFREESBORO PKE & MILLWOOD DR,NASHVILLE,TN,37217,8815,HERMIT,36.1295,-86.7147,POINT (-86.7147 36.1295)
20190726198,10/02/2019 11:06:00 AM,2,1,0,,N,224955,4,ANGLE,21,CLEAR,1,DAYLIGHT,12,MOTOR VEHICLE IN TRANSPORT,SKYLINE COMMONS PVTDR & DOVERSIDE DR,NASHVILLE,TN,37207,2011,MADISO,36.2442,-86.7622,POINT (-86.7622 36.2442)
20190835784,11/18/2019 02:26:00 PM,2,2,0,,N,474557,4,ANGLE,22,CLOUDY,1,DAYLIGHT,12,MOTOR VEHICLE IN TRANSPORT,BELL RD & MT VIEW RD,ANTIOCH,TN,37013,8865,SOUTH,36.05,-86.6496,POINT (-86.6496 36.05)
20190628009,08/22/2019 05:54:00 PM,2,0,0,,N,212369,11,Front to Rear,2,RAIN,1,DAYLIGHT,12,MOTOR VEHICLE IN TRANSPORT,MM 77 2 I 65,NASHVILLE,TN,37220,86042,MIDTOW,36.0734,-86.7691,POINT (-86.7691 36.0734)
20190718058,09/28/2019 08:10:00 PM,3,1,0,,N,256446,11,Front to Rear,21,CLEAR,3,DARK - LIGHTED,12,MOTOR VEHICLE IN TRANSPORT,MM 59 0 I 24,ANTIOCH,TN,37013,8808,SOUTH,36.049,-86.6651,POINT (-86.6651 36.049)
20190767102,10/19/2019 11:05:00 PM,3,1,0,,N,279201,11,Front to Rear,2,RAIN,2,DARK - NOT LIGHTED,12,MOTOR VEHICLE IN TRANSPORT,MM 212 8 I 40,NASHVILLE,TN,37210,90040,HERMIT,36.1425,-86.7353,POINT (-86.7353 36.1425)
20190822804,11/12/2019 10:15:00 PM,2,0,0,Y,N,284059,4,ANGLE,21,CLEAR,3,DARK - LIGHTED,12,MOTOR VEHICLE IN TRANSPORT,YOUNGS LN & YOUNG LN PVTDR,NASHVILLE,TN,37207,3013,NORTH,36.2049,-86.8037,POINT (-86.8037 36.2049)
20190788075,10/29/2019 07:33:00 AM,3,2,0,,N,320574,11,Front to Rear,22,CLOUDY,1,DAYLIGHT,12,MOTOR VEHICLE IN TRANSPORT,SMITH SPRINGS RD & RURAL HILL RD,NASHVILLE,TN,37217,8965,HERMIT,36.0899,-86.6248,POINT (-86.6248 36.0899)
20190715536,09/27/2019 03:48:00 PM,2,0,0,,N,256389,11,Front to Rear,21,CLEAR,1,DAYLIGHT,12,MOTOR VEHICLE IN TRANSPORT,MM 81 7 I 65,NASHVILLE,TN,37203,8006,MIDTOW,36.1384,-86.7758,POINT (-86.7758 36.1384)
20190747600,10/11/2019 03:26:00 PM,2,1,0,Y,N,320582,0,NOT COLLISION W/MOTOR VEHICLE-TRANSPORT,22,CLOUDY,1,DAYLIGHT,18;30;40;63,OTHER OBJECT (NOT FIXED);UTILITY POLE;MAIL BOX;Ran Off Road-Right,E TRINITY LN & LUTON ST,NASHVILLE,TN,37207,1861,EAST,36.2058,-86.7672,POINT (-86.7672 36.2058)
20190646583,08/30/2019 02:25:00 AM,3,0,0,,Y,352153,4,ANGLE,21,CLEAR,3,DARK - LIGHTED,14,PARKED MOTOR VEHICLE,BELL RD & BRENTRIDGE DR,ANTIOCH,TN,37013,8755,SOUTH,36.0465,-86.6834,POINT (-86.6834 36.0465)
20190870562,12/03/2019 08:15:00 PM,2,2,0,,N,717341,2,HEAD-ON,21,CLEAR,3,DARK - LIGHTED,12,MOTOR VEHICLE IN TRANSPORT,TRAVELERS INN DR & HARDING PL,NASHVILLE,TN,37211,8705,SOUTH,36.0849,-86.7034,POINT (-86.7034 36.0849)
20190680328,09/13/2019 01:44:00 AM,1,2,0,Y,N,206683,0,NOT COLLISION W/MOTOR VEHICLE-TRANSPORT,21,CLEAR,3,DARK - LIGHTED,7,,CLUBHOUSE LN & CLUBHOUSE CT,ANTIOCH,TN,37013,8753,SOUTH,36.0417,-86.6736,POINT (-86.6736 36.0417)
20190863497,11/30/2019 03:57:00 PM,2,0,0,,N,320597,11,Front to Rear,2,RAIN,1,DAYLIGHT,12,MOTOR VEHICLE IN TRANSPORT,MM 58 9 I 24,ANTIOCH,TN,37013,87061,SOUTH,36.0494,-86.6662,POINT (-86.6662 36.0494)
20190733047,10/05/2019 03:16:00 AM,2,0,0,,N,299248,5,SIDESWIPE - SAME DIRECTION,21,CLEAR,3,DARK - LIGHTED,12,MOTOR VEHICLE IN TRANSPORT,MM 53 7 I 24,NASHVILLE,TN,37211,88122,SOUTH,36.1097,-86.7216,POINT (-86.7216 36.1097)
20190713417,09/26/2019 08:31:00 PM,1,1,0,Y,N,320579,0,NOT COLLISION W/MOTOR VEHICLE-TRANSPORT,21,CLEAR,3,DARK - LIGHTED,30;40;42,UTILITY POLE;MAIL BOX;TREE,ROSEBANK AV & ROSE PARK DR,NASHVILLE,TN,37206,1357,EAST,36.1866,-86.7096,POINT (-86.7096 36.1866)
20190642898,08/28/2019 05:05:00 PM,2,1,0,,N,256444,11,Front to Rear,21,CLEAR,1,DAYLIGHT,12,MOTOR VEHICLE IN TRANSPORT,BRILEY PKWYN & BRILEY PKWYS,NASHVILLE,TN,37211,8404,SOUTH,36.1092,-86.727,POINT (-86.727 36.1092)
20190699207,09/20/2019 05:13:00 PM,4,1,0,,N,206963,11,Front to Rear,21,CLEAR,1,DAYLIGHT,12;54,MOTOR VEHICLE IN TRANSPORT;Set In Motion By Motor Vehicle,CHARLOTTE PKE & WESTBORO DR,NASHVILLE,TN,37209,5029,WEST,36.1453,-86.8717,POINT (-86.8717 36.1453)
20190844202,11/21/2019 05:19:00 PM,1,0,0,,N,256423,0,NOT COLLISION W/MOTOR VEHICLE-TRANSPORT,21,CLEAR,2,DARK - NOT LIGHTED,50,DEER (ANIMAL),CLARKSVILLE PKE & CREASY CT,JOELTON,TN,37080,3317,NORTH,36.3166,-86.8861,POINT (-86.8861 36.3166)
20190914339,12/22/2019 03:02:00 PM,2,0,0,,N,320594,4,ANGLE,2,RAIN,1,DAYLIGHT,12,MOTOR VEHICLE IN TRANSPORT,OLD HICKORY BLVD & PRINCETON PL,HERMITAGE,TN,37076,9529,HERMIT,36.1727,-86.6019,POINT (-86.6019 36.1727)
20190673853,09/10/2019 05:14:00 PM,4,3,0,,Y,330440,5,SIDESWIPE - SAME DIRECTION,21,CLEAR,1,DAYLIGHT,12,MOTOR VEHICLE IN TRANSPORT,CLARKSVILLE PIKE & 26TH AVE N,NASHVILLE,TN,37208,4429,NORTH,36.1864,-86.8188,POINT (-86.8188 36.1864)
20190742294,10/09/2019 01:00:00 PM,2,1,0,,N,676834,11,Front to Rear,21,CLEAR,1,DAYLIGHT,12,MOTOR VEHICLE IN TRANSPORT,JEFFERSON ST & DR D B TODD JR BLVD,NASHVILLE,TN,37208,5325,NORTH,36.1694,-86.807,POINT (-86.807 36.1694)
20190798688,11/02/2019 02:46:00 PM,2,1,0,,N,352168,11,Front to Rear,21,CLEAR,1,DAYLIGHT,12,MOTOR VEHICLE IN TRANSPORT,NOLENSVILLE PKE & NATCHEZ CT,NASHVILLE,TN,37211,8435,SOUTH,36.094,-86.7366,POINT (-86.7366 36.094)
20190698958,09/20/2019 05:30:00 PM,2,1,0,,N,279214,11,Front to Rear,21,CLEAR,1,DAYLIGHT,12,MOTOR VEHICLE IN TRANSPORT,WOODLANDS AV & OLD HICKORY BLVD,NASHVILLE,TN,37211,8651,MIDTOW,36.0423,-86.7265,POINT (-86.7265 36.0423)
20190854764,11/26/2019 10:44:00 AM,2,0,0,,N,462474,11,Front to Rear,22,CLOUDY,1,DAYLIGHT,12,MOTOR VEHICLE IN TRANSPORT,CHURCH ST & 17TH AVE N,NASHVILLE,TN,37203,5521,MIDTOW,36.1555,-86.7966,POINT (-86.7966 36.1555)
20190793316,10/31/2019 08:41:00 AM,1,0,0,Y,N,191578,0,NOT COLLISION W/MOTOR VEHICLE-TRANSPORT,2,RAIN,1,DAYLIGHT,24,GUARDRAIL FACE,MM 215 9 I 40,NASHVILLE,TN,37217,89020,HERMIT,36.1421,-86.6786,POINT (-86.6786 36.1421)
20190872031,12/04/2019 09:02:00 AM,2,0,0,,N,834798,11,Front to Rear,21,CLEAR,1,DAYLIGHT,12,MOTOR VEHICLE IN TRANSPORT,OLD HICKORY BLVD & I65 S EXT RAMP,NASHVILLE,TN,37220,7111,MIDTOW,36.0377,-86.7848,POINT (-86.7848 36.0377)
20190831108,11/16/2019 08:25:00 AM,2,1,0,,N,279110,11,Front to Rear,21,CLEAR,1,DAYLIGHT,12,MOTOR VEHICLE IN TRANSPORT,NOLENSVILLE PKE & I440 W ENT RAMP,NASHVILLE,TN,37210,81041,SOUTH,36.1231,-86.7512,POINT (-86.7512 36.1231)
20190672570,09/10/2019 06:47:00 AM,2,0,0,,Y,352179,11,Front to Rear,21,CLEAR,4,DAWN,12,MOTOR VEHICLE IN TRANSPORT,MM 209 1 I 40,NASHVILLE,TN,37203,4002,CENTRA,36.1558,-86.7892,POINT (-86.7892 36.1558)
20190846020,11/22/2019 11:59:00 AM,2,0,0,,N,584947,11,Front to Rear,21,CLEAR,1,DAYLIGHT,12,MOTOR VEHICLE IN TRANSPORT,NOLENSVILLE PKE & BLUFF RD,ANTIOCH,TN,37013,8759,SOUTH,36.0094,-86.7016,POINT (-86.7016 36.0094)
20190791573,10/30/2019 02:36:00 PM,2,1,0,,N,191578,11,Front to Rear,2,RAIN,1,DAYLIGHT,12,MOTOR VEHICLE IN TRANSPORT,MM 212 1 I 40,NASHVILLE,TN,37210,90041,HERMIT,36.1463,-86.7422,POINT (-86.7422 36.1463)
20190877715,12/06/2019 01:00:00 PM,2,0,0,,N,676834,11,Front to Rear,22,CLOUDY,1,DAYLIGHT,12,MOTOR VEHICLE IN TRANSPORT,ROSA L PARKS BLVD & MAINSTREAM DR,NASHVILLE,TN,37228,4483,NORTH,36.1925,-86.8157,POINT (-86.8157 36.1925)
20190682876,09/13/2019 12:00:00 AM,2,0,0,,N,320591,11,Front to Rear,21,CLEAR,9,UNKNOWN,12,MOTOR VEHICLE IN TRANSPORT,SMITH SPRINGS RD & SCENIC LAKE CT,ANTIOCH,TN,37013,8997,SOUTH,36.0814,-86.5937,POINT (-86.5937 36.0814)
20190891341,12/12/2019 09:24:00 AM,2,0,0,,N,320575,11,Front to Rear,21,CLEAR,1,DAYLIGHT,12,MOTOR VEHICLE IN TRANSPORT,HICKORY HOLLOW PKWY & BELL RD,ANTIOCH,TN,37013,8863,SOUTH,36.0475,-86.656,POINT (-86.656 36.0475)
20190738269,10/07/2019 09:38:00 PM,2,1,0,,Y,352197,4,ANGLE,21,CLEAR,3,DARK - LIGHTED,12,MOTOR VEHICLE IN TRANSPORT,HICKORY HOLLOW MALL PVTDR PL & BELL RD,ANTIOCH,TN,37013,8871,SOUTH,36.0494,-86.6518,POINT (-86.6518 36.0494)
20190895571,12/14/2019 01:30:00 AM,1,1,0,Y,N,352209,0,NOT COLLISION W/MOTOR VEHICLE-TRANSPORT,2,RAIN,3,DARK - LIGHTED,46,TRAFFIC SIGNAL SUPPORT,3RD AVN & UNION ST,NASHVILLE,TN,37201,4137,CENTRA,36.1653,-86.7785,POINT (-86.7785 36.1653)
20190698011,09/20/2019 03:00:00 AM,2,0,0,Y,Y,352174,0,NOT COLLISION W/MOTOR VEHICLE-TRANSPORT,99,UNKNOWN,7,Dark-Unknown Lighting,40,MAIL BOX,STONE RUN DR & HOLT CREEK CT,NASHVILLE,TN,37211,8651,MIDTOW,36.0103,-86.7241,POINT (-86.7241 36.0103)