Accident Number,Date and Time,Number of Motor Vehicles,Number of Injuries,Number of Fatalities,Property Damage,Hit and Run,Reporting Officer,Collision Type Code,Collision Type Description,Weather Code,Weather Description,Illumination Code,Illumination Description,Harmful Code,Harmful Code Description,Street Address,City,State,ZIP,RPA,Precinct,Latitude,Longitude,Mapped Location
20190812262,11/08/2019 12:06:00 AM,2,0,0,,Y,676834,11,Front to Rear,99,UNKNOWN,2,DARK - NOT LIGHTED,12;14,MOTOR VEHICLE IN TRANSPORT;PARKED MOTOR VEHICLE,21ST AVN & OSAGE ST,NASHVILLE,TN,37208,4469,NORTH,36.1764,-86.8111,POINT (-86.8111 36.1764)
20190596469,08/10/2019 08:01:00 PM,2,0,0,,N,330444,4,ANGLE,21,CLEAR,3,DARK - LIGHTED,12,MOTOR VEHICLE IN TRANSPORT,20TH AVN & CHURCH ST,NASHVILLE,TN,37203,5527,MIDTOW,36.1534,-86.8008,POINT (-86.8008 36.1534)
20190589691,08/08/2019 09:28:00 AM,2,0,0,,N,109534,4,ANGLE,21,CLEAR,1,DAYLIGHT,12,MOTOR VEHICLE IN TRANSPORT,MURFREESBORO PKE & FOSTER AV,NASHVILLE,TN,37210,8161,SOUTH,36.1418,-86.7412,POINT (-86.7412 36.1418)
20190723320,10/01/2019 08:07:00 AM,2,1,0,,N,279230,11,Front to Rear,21,CLEAR,1,DAYLIGHT,12,MOTOR VEHICLE IN TRANSPORT,ANTIOCH PKE & PERIMETER HILL DR,NASHVILLE,TN,37211,8889,SOUTH,36.0859,-86.6911,POINT (-86.6911 36.0859)
20190875083,12/05/2019 01:00:00 PM,4,0,0,,N,716886,5,SIDESWIPE - SAME DIRECTION,21,CLEAR,1,DAYLIGHT,12;36,MOTOR VEHICLE IN TRANSPORT;CONCRETE TRAFFIC BARRIER,BELL RD & I24 E ENT RAMP,ANTIOCH,TN,37013,8751,SOUTH,36.0449,-86.6597,POINT (-86.6597 36.0449)
20190707096,09/24/2019 10:51:00 AM,2,0,0,,Y,474557,4,ANGLE,21,CLEAR,1,DAYLIGHT,14,PARKED MOTOR VEHICLE,BAKERTOWN RD & RADER DR,NASHVILLE,TN,37211,8851,SOUTH,36.074,-86.6896,POINT (-86.6896 36.074)
20190592684,08/09/2019 09:30:00 AM,2,1,0,,N,665896,4,ANGLE,21,CLEAR,1,DAYLIGHT,12,MOTOR VEHICLE IN TRANSPORT,CAHAL AV & SCOTT AV,NASHVILLE,TN,37216,1431,EAST,36.1959,-86.7337,POINT (-86.7337 36.1959)
20190584316,08/06/2019 12:30:00 PM,2,0,0,,N,676834,4,ANGLE,21,CLEAR,1,DAYLIGHT,12;14,MOTOR VEHICLE IN TRANSPORT;PARKED MOTOR VEHICLE,HUME ST & 5TH AVN,NASHVILLE,TN,37208,4333,NORTH,36.1802,-86.792,POINT (-86.792 36.1802)
20190605353,08/14/2019 07:54:00 AM,2,1,0,,N,191578,2,HEAD-ON,21,CLEAR,1,DAYLIGHT,12,MOTOR VEHICLE IN TRANSPORT,OLD HICKORY BLVD & BURNING TREE DR,HERMITAGE,TN,37076,9557,HERMIT,36.1742,-86.6019,POINT (-86.6019 36.1742)
20190782930,10/26/2019 11:44:00 PM,2,0,0,,N,256377,11,Front to Rear,21,CLEAR,3,DARK - LIGHTED,12,MOTOR VEHICLE IN TRANSPORT,MM 215 0 I 40,NASHVILLE,TN,37214,91021,HERMIT,36.1444,-86.6948,POINT (-86.6948 36.1444)
20190752223,10/13/2019 10:10:00 PM,1,0,0,,N,262724,0,NOT COLLISION W/MOTOR VEHICLE-TRANSPORT,21,CLEAR,2,DARK - NOT LIGHTED,50,DEER (ANIMAL),CLAY LICK RD & CLAY LICK RD PVTDR,WHITES CREEK,TN,37189,3303,NORTH,36.3167,-86.8462,POINT (-86.8462 36.3167)
20190669586,09/08/2019 10:31:00 PM,2,1,0,,N,298859,4,ANGLE,21,CLEAR,3,DARK - LIGHTED,12,MOTOR VEHICLE IN TRANSPORT,MOSSDALE DR & BELL RD,NASHVILLE,TN,37217,8937,HERMIT,36.0828,-86.6287,POINT (-86.6287 36.0828)
20190836822,11/18/2019 11:30:00 PM,4,0,0,Y,N,352163,4,ANGLE,21,CLEAR,3,DARK - LIGHTED,14,PARKED MOTOR VEHICLE,0 BRILEY PKWYS,NASHVILLE,TN,37211,8337,SOUTH,36.1098,-86.727,POINT (-86.727 36.1098)
20190686476,09/15/2019 09:57:00 PM,2,3,0,,N,256426,11,Front to Rear,21,CLEAR,3,DARK - LIGHTED,12,MOTOR VEHICLE IN TRANSPORT,LEBANON PKE & BRILEY PKWY N ENT RAMP,NASHVILLE,TN,37214,9121,HERMIT,36.1685,-86.6872,POINT (-86.6872 36.1685)
20190884025,12/09/2019 03:56:00 PM,2,2,0,,N,298867,2,HEAD-ON,21,CLEAR,1,DAYLIGHT,12,MOTOR VEHICLE IN TRANSPORT,HART LN & DICKERSON PKE,NASHVILLE,TN,37207,1887,EAST,36.2217,-86.7617,POINT (-86.7617 36.2217)
20190751546,10/13/2019 02:20:00 PM,2,0,0,,N,352161,4,ANGLE,21,CLEAR,1,DAYLIGHT,12,MOTOR VEHICLE IN TRANSPORT,MM 85 0 I 65,NASHVILLE,TN,37208,43021,NORTH,36.1799,-86.8005,POINT (-86.8005 36.1799)
20190872981,12/04/2019 05:00:00 PM,3,1,0,,N,433550,6,SIDESWIPE - OPPOSITE DIRECTION,21,CLEAR,2,DARK - NOT LIGHTED,13,MOTOR VEHICLE IN TRANSPORT-OTHER ROADWAY,DODSON CHAPEL RD & RAMP,HERMITAGE,TN,37076,9529,HERMIT,36.174,-86.6143,POINT (-86.6143 36.174)
20190912636,12/21/2019 04:27:00 PM,2,0,0,,Y,240985,11,Front to Rear,21,CLEAR,1,DAYLIGHT,12,MOTOR VEHICLE IN TRANSPORT,OLD HICKORY BLVD & SEVEN SPRINGS WAY,BRENTWOOD,TN,37027,8619,MIDTOW,36.0403,-86.7684,POINT (-86.7684 36.0403)
20190793790,10/31/2019 12:51:00 PM,1,1,0,,N,224464,0,NOT COLLISION W/MOTOR VEHICLE-TRANSPORT,22,CLOUDY,1,DAYLIGHT,8,PEDESTRIAN,JOHN A MERRITT BLVD & 32ND AVN,NASHVILLE,TN,37209,4503,NORTH,36.1674,-86.8251,POINT (-86.8251 36.1674)
20190827411,11/14/2019 05:46:00 PM,2,0,0,,Y,256426,11,Front to Rear,21,CLEAR,3,DARK - LIGHTED,12,MOTOR VEHICLE IN TRANSPORT,MM 215 6 I 40,NASHVILLE,TN,37214,9102,HERMIT,36.1431,-86.6845,POINT (-86.6845 36.1431)
20190900631,12/16/2019 04:10:00 PM,2,0,0,,N,807326,5,SIDESWIPE - SAME DIRECTION,2,RAIN,5,DUSK,12,MOTOR VEHICLE IN TRANSPORT,MM 209 2 I 40,NASHVILLE,TN,37203,4002,CENTRA,36.1553,-86.7889,POINT (-86.7889 36.1553)
20190809838,11/07/2019 07:29:00 AM,2,0,0,,N,462474,5,SIDESWIPE - SAME DIRECTION,2,RAIN,1,DAYLIGHT,12,MOTOR VEHICLE IN TRANSPORT,21ST AVN & CHARLOTTE AV,NASHVILLE,TN,37209,5339,NORTH,36.1565,-86.8065,POINT (-86.8065 36.1565)
20190688206,09/16/2019 04:19:00 PM,2,0,0,,N,429193,11,Front to Rear,21,CLEAR,1,DAYLIGHT,12,MOTOR VEHICLE IN TRANSPORT,CHARLOTTE PK & DAVIDSON DR,NASHVILLE,TN,37209,4677,WEST,36.1296,-86.9032,POINT (-86.9032 36.1296)
20190891058,12/12/2019 07:34:00 AM,2,0,0,,N,653629,11,Front to Rear,21,CLEAR,1,DAYLIGHT,12,MOTOR VEHICLE IN TRANSPORT,STEWARTS FERRY PKE & I40 E ENT RAMP,NASHVILLE,TN,37214,8955,HERMIT,36.1545,-86.6262,POINT (-86.6262 36.1545)
20190587190,08/07/2019 12:24:00 PM,2,0,0,,N,191578,11,Front to Rear,21,CLEAR,1,DAYLIGHT,12,MOTOR VEHICLE IN TRANSPORT,MM 210 7 I 40,NASHVILLE,TN,37210,8202,HERMIT,36.1532,-86.7644,POINT (-86.7644 36.1532)
20190701808,09/22/2019 02:15:00 AM,1,1,0,,Y,256488,0,NOT COLLISION W/MOTOR VEHICLE-TRANSPORT,21,CLEAR,3,DARK - LIGHTED,8,PEDESTRIAN,4TH AVS & SYMPHONY PL,NASHVILLE,TN,37203,4091,CENTRA,36.1603,-86.7768,POINT (-86.7768 36.1603)
20190858556,11/27/2019 11:05:00 PM,2,1,0,,N,179603,4,ANGLE,21,CLEAR,3,DARK - LIGHTED,12,MOTOR VEHICLE IN TRANSPORT,EWING DR & BRICK CHURCH PKE,NASHVILLE,TN,37207,2031,MADISO,36.025,-86.721,POINT (-86.721 36.025)
20190702943,09/22/2019 06:20:00 PM,1,1,0,,Y,298858,0,NOT COLLISION W/MOTOR VEHICLE-TRANSPORT,21,CLEAR,1,DAYLIGHT,8,PEDESTRIAN,SPRING ST & N 1ST ST,NASHVILLE,TN,37207,1955,CENTRA,36.177,-86.7746,POINT (-86.7746 36.177)
20190901922,12/17/2019 12:00:00 AM,2,2,0,,N,334981,98,OTHER,2,RAIN,1,DAYLIGHT,13,MOTOR VEHICLE IN TRANSPORT-OTHER ROADWAY,FRANKLIN PKE SB ENT RAMP & I 65,NASHVILLE,TN,37204,8301,MIDTOW,36.1116,-86.7734,POINT (-86.7734 36.1116)
20190817890,11/10/2019 11:00:00 PM,1,0,0,,N,384420,0,NOT COLLISION W/MOTOR VEHICLE-TRANSPORT,21,CLEAR,3,DARK - LIGHTED,50,DEER (ANIMAL),HART LN & WHITNEY PARK DR,NASHVILLE,TN,37207,1887,EAST,36.2198,-86.7508,POINT (-86.7508 36.2198)
20190840238,11/20/2019 07:18:00 AM,1,0,0,,N,226622,0,NOT COLLISION W/MOTOR VEHICLE-TRANSPORT,21,CLEAR,1,DAYLIGHT,50,DEER (ANIMAL),OLD HARDING PKE & HIGHWAY 100,NASHVILLE,TN,37221,4805,WEST,36.0293,-87.001,POINT (-87.001 36.0293)
20190859017,11/28/2019 03:53:00 AM,2,0,0,,N,384444,11,Front to Rear,21,CLEAR,3,DARK - LIGHTED,12,MOTOR VEHICLE IN TRANSPORT,OLD HICKORY BLVDW & I65 N ENT RAMP,MADISON,TN,37115,1777,MADISO,36.2643,-86.7361,POINT (-86.7361 36.2643)
20190715134,09/27/2019 02:15:00 PM,2,1,0,,N,345098,2,HEAD-ON,21,CLEAR,1,DAYLIGHT,12;68,MOTOR VEHICLE IN TRANSPORT;Cross Center Line,LEBANON PKE & MILL CREEK MEADOW DR,NASHVILLE,TN,37210,9019,HERMIT,36.164,-86.6989,POINT (-86.6989 36.164)
20190695424,09/18/2019 12:00:00 AM,1,0,0,Y,Y,308295,0,NOT COLLISION W/MOTOR VEHICLE-TRANSPORT,99,UNKNOWN,9,UNKNOWN,40,MAIL BOX,3274 HINKLE DR,NASHVILLE,TN,37218,3173,NORTH,36.1835,-86.8401,POINT (-86.8401 36.1835)
20190788792,10/29/2019 01:42:00 PM,2,0,0,,N,137872,4,ANGLE,21,CLEAR,1,DAYLIGHT,12,MOTOR VEHICLE IN TRANSPORT,LEBANON PKE & SHUTE LN,HERMITAGE,TN,37076,9535,HERMIT,36.2146,-86.6047,POINT (-86.6047 36.2146)
20190757208,10/15/2019 08:45:00 PM,2,2,0,,N,151132,4,ANGLE,21,CLEAR,3,DARK - LIGHTED,12,MOTOR VEHICLE IN TRANSPORT,RIVERGATE MARKETPLACE PVTDR & GALLATIN P,MADISON,TN,37115,1731,MADISO,36.3037,-86.6898,POINT (-86.6898 36.3037)
20190794689,10/31/2019 09:14:00 PM,2,1,0,,Y,807326,5,SIDESWIPE - SAME DIRECTION,22,CLOUDY,3,DARK - LIGHTED,12,MOTOR VEHICLE IN TRANSPORT,8TH AVS & KOREAN VETERANS BLVD,NASHVILLE,TN,37203,4043,CENTRA,36.1549,-86.7792,POINT (-86.7792 36.1549)
20190864799,12/01/2019 09:52:00 AM,2,1,0,,N,473670,11,Front to Rear,21,CLEAR,1,DAYLIGHT,12,MOTOR VEHICLE IN TRANSPORT,MM 49 1 I 24,NASHVILLE,TN,37206,10040,EAST,36.1647,-86.7634,POINT (-86.7634 36.1647)
20190718377,09/29/2019 12:19:00 AM,2,0,0,,N,298871,4,ANGLE,21,CLEAR,3,DARK - LIGHTED,12;30,MOTOR VEHICLE IN TRANSPORT;UTILITY POLE,CHURCH ST & 15TH AVN,NASHVILLE,TN,37203,5517,MIDTOW,36.1574,-86.7926,POINT (-86.7926 36.1574)
20190658025,09/03/2019 09:20:00 PM,2,1,0,,N,352156,11,Front to Rear,21,CLEAR,3,DARK - LIGHTED,12,MOTOR VEHICLE IN TRANSPORT,RICHARDS RD & CUMMINGS PARK DR,ANTIOCH,TN,37013,8899,SOUTH,36.069,-86.6812,POINT (-86.6812 36.069)
20190895104,12/13/2019 03:28:00 PM,1,0,0,,Y,240985,0,NOT COLLISION W/MOTOR VEHICLE-TRANSPORT,2,RAIN,1,DAYLIGHT,34;63,DITCH;Ran Off Road-Right,HILLVIEW DR & S HILLVIEW DR,NASHVILLE,TN,37220,7111,MIDTOW,36.0399,-86.793,POINT (-86.793 36.0399)
20190932654,12/31/2019 12:00:00 AM,2,0,0,,Y,151132,9,UNKNOWN,21,CLEAR,2,DARK - NOT LIGHTED,12;14,MOTOR VEHICLE IN TRANSPORT;PARKED MOTOR VEHICLE,WILLOW CREEK RD & WESTCHESTER DR,NASHVILLE,TN,37207,2045,MADISO,36.2537,-86.7761,POINT (-86.7761 36.2537)
20190927780,12/29/2019 04:25:00 PM,1,0,0,,N,352204,0,NOT COLLISION W/MOTOR VEHICLE-TRANSPORT,2,RAIN,5,DUSK,7,,OLD HICKORY BLVD & AMBERWOOD CIR,NASHVILLE,TN,37205,4903,WEST,36.085,-86.9207,POINT (-86.9207 36.085)
20190932256,12/31/2019 04:40:00 PM,1,0,0,,N,330435,0,NOT COLLISION W/MOTOR VEHICLE-TRANSPORT,21,CLEAR,1,DAYLIGHT,24,GUARDRAIL FACE,I65 S EXT RAMP & BRILEY PKWYE,NASHVILLE,TN,37216,18800,EAST,36.2396,-86.7467,POINT (-86.7467 36.2396)
20190755543,10/15/2019 06:37:00 AM,2,0,0,,N,109534,11,Front to Rear,2,RAIN,3,DARK - LIGHTED,12,MOTOR VEHICLE IN TRANSPORT,MM 221 2 I 40,HERMITAGE,TN,37076,95020,HERMIT,36.1701,-86.5944,POINT (-86.5944 36.1701)
20190594399,08/09/2019 09:53:00 PM,2,2,0,,N,299266,4,ANGLE,21,CLEAR,2,DARK - NOT LIGHTED,12,MOTOR VEHICLE IN TRANSPORT,MM 58 8 I 24,ANTIOCH,TN,37013,87061,SOUTH,36.0506,-86.6683,POINT (-86.6683 36.0506)
20190695700,09/19/2019 11:55:00 AM,2,0,0,,N,352197,4,ANGLE,21,CLEAR,1,DAYLIGHT,12,MOTOR VEHICLE IN TRANSPORT,MURFREESBORO PKE & MCGAVOCK PKE,NASHVILLE,TN,37217,8841,SOUTH,36.1129,-86.689,POINT (-86.689 36.1129)
20190764564,10/18/2019 06:20:00 PM,1,1,0,,N,240983,0,NOT COLLISION W/MOTOR VEHICLE-TRANSPORT,21,CLEAR,5,DUSK,8,PEDESTRIAN,HARDING PL & SEVEN MILE CREEK HARDING MA,NASHVILLE,TN,37211,8705,SOUTH,36.0801,-86.7245,POINT (-86.7245 36.0801)
20190619004,08/19/2019 04:12:00 PM,2,1,0,,N,151132,2,HEAD-ON,21,CLEAR,1,DAYLIGHT,12,MOTOR VEHICLE IN TRANSPORT,RIVERGATE MARKETPLACE PVTDR & GALLATIN P,MADISON,TN,37115,1731,MADISO,36.3037,-86.6898,POINT (-86.6898 36.3037)
20190822469,11/12/2019 07:51:00 PM,2,1,0,,N,579971,11,Front to Rear,21,CLEAR,3,DARK - LIGHTED,12,MOTOR VEHICLE IN TRANSPORT,HARDING PL & LINBAR DR,NASHVILLE,TN,37211,8443,SOUTH,36.0841,-86.7059,POINT (-86.7059 36.0841)
20190803205,11/04/2019 05:36:00 PM,4,0,0,,N,256389,4,ANGLE,21,CLEAR,3,DARK - LIGHTED,12,MOTOR VEHICLE IN TRANSPORT,MM 75 3 I 65,NASHVILLE,TN,37220,71040,MIDTOW,36.0483,-86.7762,POINT (-86.7762 36.0483)
20190629694,08/23/2019 08:20:00 AM,2,0,0,,N,716886,4,ANGLE,21,CLEAR,1,DAYLIGHT,12,MOTOR VEHICLE IN TRANSPORT,HICKORY WOODS DR & MURFREESBORO PKE,ANTIOCH,TN,37013,8967,SOUTH,36.0267,-86.5881,POINT (-86.5881 36.0267)
20190718331,09/28/2019 12:00:00 AM,1,0,0,,Y,240978,0,NOT COLLISION W/MOTOR VEHICLE-TRANSPORT,21,CLEAR,3,DARK - LIGHTED,30,UTILITY POLE,DICKERSON PKE & DELLWAY DR,NASHVILLE,TN,37207,1831,EAST,36.2149,-86.7641,POINT (-86.7641 36.2149)
20190811504,11/07/2019 11:00:00 PM,2,0,0,,Y,352201,4,ANGLE,21,CLEAR,2,DARK - NOT LIGHTED,12,MOTOR VEHICLE IN TRANSPORT,4TH AVS & I40 W EXT RAMP,NASHVILLE,TN,37203,4007,CENTRA,36.1509,-86.7706,POINT (-86.7706 36.1509)
20190693773,09/18/2019 04:41:00 PM,2,0,0,,N,256380,11,Front to Rear,21,CLEAR,1,DAYLIGHT,12,MOTOR VEHICLE IN TRANSPORT,I65 N ENT RAMP & I 40,NASHVILLE,TN,37208,44041,NORTH,36.1734,-86.8012,POINT (-86.8012 36.1734)
20190868928,12/03/2019 07:34:00 AM,1,0,0,Y,Y,628640,0,NOT COLLISION W/MOTOR VEHICLE-TRANSPORT,22,CLOUDY,1,DAYLIGHT,30,UTILITY POLE,MM 56 2 I 24,NASHVILLE,TN,37211,88100,SOUTH,36.0799,-86.6961,POINT (-86.6961 36.0799)
20190735908,10/06/2019 03:07:00 PM,2,0,0,,Y,330445,11,Front to Rear,2,RAIN,1,DAYLIGHT,12,MOTOR VEHICLE IN TRANSPORT,NOLENSVILLE PKE & HARDING PL,NASHVILLE,TN,37211,8445,SOUTH,36.0809,-86.7267,POINT (-86.7267 36.0809)
20190918917,12/24/2019 10:26:00 PM,3,0,0,Y,Y,352178,4,ANGLE,21,CLEAR,3,DARK - LIGHTED,12,MOTOR VEHICLE IN TRANSPORT,W TRINITY LN & LIBERIA ST,NASHVILLE,TN,37207,3009,NORTH,36.2077,-86.7856,POINT (-86.7856 36.2077)
20190802265,11/04/2019 09:20:00 AM,2,0,0,,Y,225886,5,SIDESWIPE - SAME DIRECTION,22,CLOUDY,1,DAYLIGHT,12,MOTOR VEHICLE IN TRANSPORT,ROBINSON RD & MERRITT ST,OLD HICKORY,TN,37138,9619,HERMIT,36.2556,-86.6536,POINT (-86.6536 36.2556)
20190916067,12/24/2019 12:00:00 AM,2,0,0,,N,334981,11,Front to Rear,21,CLEAR,1,DAYLIGHT,12,MOTOR VEHICLE IN TRANSPORT,CHARLOTTE AV & 16TH AVN,NASHVILLE,TN,37203,5503,MIDTOW,36.1595,-86.7964,POINT (-86.7964 36.1595)
20190692487,09/18/2019 07:30:00 AM,2,0,0,,N,352201,11,Front to Rear,21,CLEAR,1,DAYLIGHT,12,MOTOR VEHICLE IN TRANSPORT,MM 215 5 I 40,NASHVILLE,TN,37217,89020,HERMIT,36.1432,-86.6865,POINT (-86.6865 36.1432)
20190792564,10/30/2019 10:10:00 PM,1,0,0,,N,299261,0,NOT COLLISION W/MOTOR VEHICLE-TRANSPORT,2,RAIN,3,DARK - LIGHTED,18,OTHER OBJECT (NOT FIXED),MM 81 4 I 65,NASHVILLE,TN,37203,68042,MIDTOW,36.1348,-86.7756,POINT (-86.7756 36.1348)
20190921715,12/24/2019 02:40:00 PM,2,0,0,,Y,676834,6,SIDESWIPE - OPPOSITE DIRECTION,21,CLEAR,1,DAYLIGHT,12;14,MOTOR VEHICLE IN TRANSPORT;PARKED MOTOR VEHICLE,3400 SKYLINE COMMONS PVTDR,NASHVILLE,TN,37207,2011,MADISO,36.2443,-86.7579,POINT (-86.7579 36.2443)
20190640121,08/27/2019 04:18:00 PM,2,0,0,,N,807344,4,ANGLE,21,CLEAR,1,DAYLIGHT,12,MOTOR VEHICLE IN TRANSPORT,HERMITAGE AV & KOREAN VETERANS BLVD,NASHVILLE,TN,37201,4047,CENTRA,36.1583,-86.7719,POINT (-86.7719 36.1583)
20190684012,09/14/2019 02:48:00 PM,1,0,0,,N,306708,0,NOT COLLISION W/MOTOR VEHICLE-TRANSPORT,21,CLEAR,1,DAYLIGHT,38,FENCE,STATE HWY 45 & RIO VISTA DR,MADISON,TN,37115,1705,MADISO,36.2628,-86.681,POINT (-86.681 36.2628)
20190861754,11/29/2019 06:00:00 PM,2,0,0,,N,330431,11,Front to Rear,22,CLOUDY,3,DARK - LIGHTED,12,MOTOR VEHICLE IN TRANSPORT,EWING DR & KNIGHT DR,NASHVILLE,TN,37207,3023,NORTH,36.2316,-86.804,POINT (-86.804 36.2316)
20190653530,09/01/2019 09:50:00 PM,2,0,0,,N,311340,2,HEAD-ON,21,CLEAR,3,DARK - LIGHTED,12,MOTOR VEHICLE IN TRANSPORT,BROADWAY & 20TH AVS,NASHVILLE,TN,37203,5711,MIDTOW,36.1496,-86.798,POINT (-86.798 36.1496)
20190753347,10/14/2019 10:17:00 AM,2,0,0,,N,320586,11,Front to Rear,21,CLEAR,1,DAYLIGHT,12,MOTOR VEHICLE IN TRANSPORT,HAMILTON CHURCH RD & MURFREESBORO PKE,ANTIOCH,TN,37013,8865,SOUTH,36.0645,-86.6288,POINT (-86.6288 36.0645)
20190805943,11/05/2019 05:34:00 PM,2,0,0,,N,298867,11,Front to Rear,21,CLEAR,3,DARK - LIGHTED,12,MOTOR VEHICLE IN TRANSPORT,DICKERSON PKE & BROADMOOR DR,NASHVILLE,TN,37207,1811,EAST,36.2294,-86.7593,POINT (-86.7593 36.2294)
20190894927,12/13/2019 06:42:00 PM,2,0,0,,N,179582,11,Front to Rear,2,RAIN,3,DARK - LIGHTED,12,MOTOR VEHICLE IN TRANSPORT,MM 56 7 I 24,NASHVILLE,TN,37211,8810,SOUTH,36.0726,-86.6916,POINT (-86.6916 36.0726)
20190726352,10/02/2019 12:12:00 PM,3,1,0,,N,109534,5,SIDESWIPE - SAME DIRECTION,21,CLEAR,1,DAYLIGHT,12,MOTOR VEHICLE IN TRANSPORT,BELL RD & PRIEST WOODS DR,NASHVILLE,TN,37214,8991,HERMIT,36.1275,-86.6296,POINT (-86.6296 36.1275)
20190727012,10/02/2019 05:52:00 PM,2,0,0,,N,299257,11,Front to Rear,21,CLEAR,1,DAYLIGHT,12,MOTOR VEHICLE IN TRANSPORT,WEDGEWOOD AV & I65 N ENT RAMP,NASHVILLE,TN,37204,8027,MIDTOW,36.1343,-86.7747,POINT (-86.7747 36.1343)
20190863211,11/30/2019 12:49:00 PM,2,0,0,,N,299243,5,SIDESWIPE - SAME DIRECTION,2,RAIN,1,DAYLIGHT,12,MOTOR VEHICLE IN TRANSPORT,MM 208 9 I 40,NASHVILLE,TN,37203,4102,CENTRA,36.1587,-86.7915,POINT (-86.7915 36.1587)
20190687586,09/16/2019 11:20:00 AM,2,1,0,,N,348631,11,Front to Rear,21,CLEAR,1,DAYLIGHT,12,MOTOR VEHICLE IN TRANSPORT,MM 48 8 I 24,NASHVILLE,TN,37213,1104,CENTRA,36.1682,-86.7659,POINT (-86.7659 36.1682)
20190862528,11/30/2019 02:50:00 AM,2,0,0,,Y,352189,11,Front to Rear,21,CLEAR,2,DARK - NOT LIGHTED,12;14,MOTOR VEHICLE IN TRANSPORT;PARKED MOTOR VEHICLE,BAY COVE TRL & ELLER DR,NASHVILLE,TN,37221,4811,WEST,36.0636,-86.9561,POINT (-86.9561 36.0636)
20190626196,08/22/2019 02:00:00 AM,2,0,0,,Y,352204,5,SIDESWIPE - SAME DIRECTION,21,CLEAR,3,DARK - LIGHTED,12,MOTOR VEHICLE IN TRANSPORT,MM 203 6 I 40,NASHVILLE,TN,37209,46020,WEST,36.1512,-86.8632,POINT (-86.8632 36.1512)
20190882691,12/09/2019 03:30:00 AM,3,0,0,Y,Y,330422,4,ANGLE,21,CLEAR,3,DARK - LIGHTED,14;40;55,PARKED MOTOR VEHICLE;MAIL BOX;Motor Vehicle-In-Motion Outside Trafficw,HINKLE DR & LEAWOOD DR,NASHVILLE,TN,37218,3173,NORTH,36.1831,-86.8348,POINT (-86.8348 36.1831)
20190921699,12/26/2019 01:25:00 PM,1,1,0,,N,212318,0,NOT COLLISION W/MOTOR VEHICLE-TRANSPORT,21,CLEAR,1,DAYLIGHT,8,PEDESTRIAN,THOMPSON LN & W IRIS DR,NASHVILLE,TN,37204,8303,MIDTOW,36.1124,-86.768,POINT (-86.768 36.1124)
20190756791,10/15/2019 04:49:00 PM,2,0,0,,N,197068,4,ANGLE,21,CLEAR,1,DAYLIGHT,12,MOTOR VEHICLE IN TRANSPORT,14TH AVN & CHARLOTTE AV,NASHVILLE,TN,37203,5501,MIDTOW,36.1608,-86.7937,POINT (-86.7937 36.1608)
20190657371,09/03/2019 03:07:00 PM,4,2,0,,N,594473,11,Front to Rear,21,CLEAR,1,DAYLIGHT,12,MOTOR VEHICLE IN TRANSPORT,MM 1 6 I 440,NASHVILLE,TN,37209,5310,MIDTOW,36.1525,-86.8225,POINT (-86.8225 36.1525)
20190614199,08/17/2019 03:58:00 PM,2,9,2,,N,330425,11,Front to Rear,21,CLEAR,1,DAYLIGHT,12,MOTOR VEHICLE IN TRANSPORT,MADISON SQ & US HWY 31E,MADISON,TN,37115,1783,MADISO,36.2552,-86.7154,POINT (-86.7154 36.2552)
20190610202,08/15/2019 12:00:00 AM,2,0,0,,Y,299248,6,SIDESWIPE - OPPOSITE DIRECTION,21,CLEAR,3,DARK - LIGHTED,12,MOTOR VEHICLE IN TRANSPORT,PARAGON MILLS RD & DEWAIN DR,NASHVILLE,TN,37211,8421,SOUTH,36.0891,-86.7207,POINT (-86.7207 36.0891)
20190918469,12/24/2019 03:06:00 PM,1,1,0,Y,N,256501,0,NOT COLLISION W/MOTOR VEHICLE-TRANSPORT,21,CLEAR,1,DAYLIGHT,40,MAIL BOX,WHITES CREEK PKE & W TRINITY LN,NASHVILLE,TN,37207,3037,NORTH,36.2076,-86.7921,POINT (-86.7921 36.2076)
20190595552,08/10/2019 11:19:00 AM,2,2,0,,N,140808,11,Front to Rear,21,CLEAR,1,DAYLIGHT,12,MOTOR VEHICLE IN TRANSPORT,OLD HICKORY BLVD & BRENTWOOD TRC,BRENTWOOD,TN,37027,8623,MIDTOW,36.0411,-86.7762,POINT (-86.7762 36.0411)
20190678003,09/12/2019 07:04:00 AM,2,0,0,,N,191578,11,Front to Rear,21,CLEAR,1,DAYLIGHT,12,MOTOR VEHICLE IN TRANSPORT,OLD HICKORY BLVD & CENTRAL PKE,HERMITAGE,TN,37076,9557,HERMIT,36.1676,-86.7787,POINT (-86.7787 36.1676)
20190826434,11/14/2019 09:50:00 AM,2,0,0,,N,256428,11,Front to Rear,21,CLEAR,1,DAYLIGHT,12,MOTOR VEHICLE IN TRANSPORT,US HWY 31E & -UNKNOWN RAMP/ROAD -,NASHVILLE,TN,37206,19942,EAST,36.1906,-86.7532,POINT (-86.7532 36.1906)
20190621208,08/20/2019 10:01:00 AM,2,0,0,,N,716886,11,Front to Rear,21,CLEAR,1,DAYLIGHT,12,MOTOR VEHICLE IN TRANSPORT,OLD HICKORY BLVD & I24 W EXT RAMP,ANTIOCH,TN,37013,8869,SOUTH,36.0158,-86.6201,POINT (-86.6201 36.0158)