Accident Number,Date and Time,Number of Motor Vehicles,Number of Injuries,Number of Fatalities,Property Damage,Hit and Run,Reporting Officer,Collision Type Code,Collision Type Description,Weather Code,Weather Description,Illumination Code,Illumination Description,Harmful Code,Harmful Code Description,Street Address,City,State,ZIP,RPA,Precinct,Latitude,Longitude,Mapped Location
20190753967,10/14/2019 03:20:00 PM,2,1,0,,N,330431,11,Front to Rear,21,CLEAR,1,DAYLIGHT,12,MOTOR VEHICLE IN TRANSPORT,MM 86 2 I 65,NASHVILLE,TN,37207,1910,CENTRA,36.1919,-86.7812,POINT (-86.7812 36.1919)
20190729565,10/03/2019 05:23:00 PM,2,0,0,,N,330428,11,Front to Rear,21,CLEAR,1,DAYLIGHT,12,MOTOR VEHICLE IN TRANSPORT,HILLSBORO PKE & CHICKERING LN,NASHVILLE,TN,37215,6303,MIDTOW,36.0576,-86.8546,POINT (-86.8546 36.0576)
20190733790,10/05/2019 02:18:00 PM,3,1,0,,N,320574,11,Front to Rear,21,CLEAR,1,DAYLIGHT,12,MOTOR VEHICLE IN TRANSPORT,OLD HICKORY BLVD & ANTHONY ST,OLD HICKORY,TN,37138,9711,HERMIT,36.2446,-86.6319,POINT (-86.6319 36.2446)
20190603939,08/13/2019 05:53:00 PM,2,1,0,,N,299241,11,Front to Rear,21,CLEAR,1,DAYLIGHT,12,MOTOR VEHICLE IN TRANSPORT,OLD HICKORY BLVD & ANDREW JACKSON PKWY,HERMITAGE,TN,37076,9561,HERMIT,36.1836,-86.6107,POINT (-86.6107 36.1836)
20190648227,08/30/2019 05:43:00 PM,2,0,0,,N,330415,11,Front to Rear,21,CLEAR,1,DAYLIGHT,12,MOTOR VEHICLE IN TRANSPORT,0 3RD AVN,NASHVILLE,TN,37201,4133,CENTRA,36.1642,-86.7775,POINT (-86.7775 36.1642)
20190791815,10/30/2019 04:47:00 PM,2,0,0,,N,384449,4,ANGLE,2,RAIN,1,DAYLIGHT,12,MOTOR VEHICLE IN TRANSPORT,OLD HICKORY BLVD & HERMITAGE MARKETPLACE,HERMITAGE,TN,37076,9531,HERMIT,36.1885,-86.6143,POINT (-86.6143 36.1885)
20190783722,10/27/2019 10:00:00 AM,2,0,0,,N,262757,11,Front to Rear,2,RAIN,1,DAYLIGHT,12,MOTOR VEHICLE IN TRANSPORT,MM 213 8 I 40,NASHVILLE,TN,37217,8802,HERMIT,36.1413,-86.7163,POINT (-86.7163 36.1413)
20190884780,12/09/2019 09:28:00 PM,2,0,0,,N,191572,11,Front to Rear,2,RAIN,3,DARK - LIGHTED,12,MOTOR VEHICLE IN TRANSPORT,FRANKLIN PKE & OLD HICKORY BLVD,NASHVILLE,TN,37220,7111,MIDTOW,36.0377,-86.7865,POINT (-86.7865 36.0377)
20190824882,11/13/2019 05:59:00 PM,2,0,0,,N,299257,11,Front to Rear,21,CLEAR,2,DARK - NOT LIGHTED,12,MOTOR VEHICLE IN TRANSPORT,I65 S EXT RAMP & I 65,MADISON,TN,37115,20044,MADISO,36.2481,-86.743,POINT (-86.743 36.2481)
20190812348,11/08/2019 07:55:00 AM,3,0,0,,N,226622,11,Front to Rear,21,CLEAR,1,DAYLIGHT,12,MOTOR VEHICLE IN TRANSPORT,WEST END AV & CHEROKEE RD,NASHVILLE,TN,37205,6019,WEST,36.1304,-86.8376,POINT (-86.8376 36.1304)
20190903491,12/17/2019 05:35:00 PM,2,0,0,Y,Y,161946,9,UNKNOWN,21,CLEAR,3,DARK - LIGHTED,12;14,MOTOR VEHICLE IN TRANSPORT;PARKED MOTOR VEHICLE,1508 ELMHURST AV,NASHVILLE,TN,37207,1863,EAST,36.1997,-86.7724,POINT (-86.7724 36.1997)
20190855285,11/26/2019 12:00:00 AM,2,0,0,,N,206674,5,SIDESWIPE - SAME DIRECTION,2,RAIN,1,DAYLIGHT,12,MOTOR VEHICLE IN TRANSPORT,MM 87 8 I 65,NASHVILLE,TN,37207,1804,EAST,36.2138,-86.7754,POINT (-86.7754 36.2138)
20190793967,10/31/2019 02:12:00 PM,1,0,0,Y,N,591934,0,NOT COLLISION W/MOTOR VEHICLE-TRANSPORT,22,CLOUDY,1,DAYLIGHT,30;63,UTILITY POLE;Ran Off Road-Right,TWO RIVERS PKWY & TWO RIVERS PARK PVTDR,NASHVILLE,TN,37214,9221,HERMIT,36.1837,-86.6809,POINT (-86.6809 36.1837)
20190865346,12/01/2019 05:07:00 PM,1,1,0,,N,468097,0,NOT COLLISION W/MOTOR VEHICLE-TRANSPORT,21,CLEAR,3,DARK - LIGHTED,8,PEDESTRIAN,2228 GALLATIN PKEN,MADISON,TN,37115,1721,MADISO,36.3071,-86.6853,POINT (-86.6853 36.3071)
20190888855,12/11/2019 11:40:00 AM,2,0,0,,N,420035,11,Front to Rear,21,CLEAR,1,DAYLIGHT,12,MOTOR VEHICLE IN TRANSPORT,GALLATIN PKES & MADISON SQ,MADISON,TN,37115,1623,MADISO,36.2541,-86.7161,POINT (-86.7161 36.2541)
20190772813,10/22/2019 02:44:00 PM,2,0,0,,Y,279208,5,SIDESWIPE - SAME DIRECTION,21,CLEAR,1,DAYLIGHT,12,MOTOR VEHICLE IN TRANSPORT,MM 209 1 I 40,NASHVILLE,TN,37203,4002,CENTRA,36.1558,-86.7892,POINT (-86.7892 36.1558)
20190887830,12/11/2019 01:10:00 AM,1,0,0,,N,384434,0,NOT COLLISION W/MOTOR VEHICLE-TRANSPORT,21,CLEAR,3,DARK - LIGHTED,33;41;64;7,CURB;SHRUBBERY;Ran Off Road-Left,BELL RD & BROOK VIEW ESTATES DR,ANTIOCH,TN,37013,8755,SOUTH,36.0439,-86.6933,POINT (-86.6933 36.0439)
20190838982,11/19/2019 06:30:00 PM,2,0,0,,N,330428,4,ANGLE,21,CLEAR,3,DARK - LIGHTED,12,MOTOR VEHICLE IN TRANSPORT,51ST AVN & CHARLOTTE AV,NASHVILLE,TN,37209,5121,WEST,36.1525,-86.8486,POINT (-86.8486 36.1525)
20190882810,12/09/2019 05:10:00 AM,2,1,0,,N,352193,6,SIDESWIPE - OPPOSITE DIRECTION,21,CLEAR,3,DARK - LIGHTED,12,MOTOR VEHICLE IN TRANSPORT,LEBANON PKE & ANDREW JACKSON PKWY,HERMITAGE,TN,37076,9537,HERMIT,36.2151,-86.5962,POINT (-86.5962 36.2151)
20190611051,08/16/2019 10:15:00 AM,2,0,0,,N,716886,11,Front to Rear,21,CLEAR,1,DAYLIGHT,12,MOTOR VEHICLE IN TRANSPORT,I24E & I24 E ENT RAMP,NASHVILLE,TN,37210,8102,SOUTH,36.1363,-86.727,POINT (-86.727 36.1363)
20190893275,12/13/2019 03:07:00 AM,1,0,0,Y,N,110062,0,NOT COLLISION W/MOTOR VEHICLE-TRANSPORT,21,CLEAR,3,DARK - LIGHTED,18,OTHER OBJECT (NOT FIXED),COMMERCE ST & 6TH AVN,NASHVILLE,TN,37203,4109,CENTRA,36.1613,-86.7806,POINT (-86.7806 36.1613)
20190726851,10/02/2019 04:38:00 PM,2,0,0,,N,507813,11,Front to Rear,21,CLEAR,1,DAYLIGHT,12,MOTOR VEHICLE IN TRANSPORT,THOMPSON LN & BRILEY PKWYN,NASHVILLE,TN,37211,8423,SOUTH,36.1095,-86.7283,POINT (-86.7283 36.1095)
20190632827,08/24/2019 11:21:00 AM,2,0,0,,Y,140804,5,SIDESWIPE - SAME DIRECTION,21,CLEAR,1,DAYLIGHT,12,MOTOR VEHICLE IN TRANSPORT,GALLATIN PKE & E TRINITY LN,NASHVILLE,TN,37216,1837,EAST,36.205,-86.7376,POINT (-86.7376 36.205)
20190601479,08/12/2019 10:21:00 PM,1,1,0,,N,151132,0,NOT COLLISION W/MOTOR VEHICLE-TRANSPORT,21,CLEAR,1,DAYLIGHT,1;34;64,DITCH;Ran Off Road-Left,STATE RT 45 & EAGAN CIR,MADISON,TN,37115,1617,MADISO,36.2631,-86.6755,POINT (-86.6755 36.2631)
20190757128,10/15/2019 07:14:00 PM,2,0,0,,N,414711,11,Front to Rear,21,CLEAR,3,DARK - LIGHTED,12,MOTOR VEHICLE IN TRANSPORT,HILLSBORO PKE & GRAYBAR LN,NASHVILLE,TN,37215,6105,WEST,36.1112,-86.8113,POINT (-86.8113 36.1112)
20190648208,08/30/2019 12:42:00 PM,2,0,0,,Y,256392,4,ANGLE,21,CLEAR,1,DAYLIGHT,12,MOTOR VEHICLE IN TRANSPORT,DR DB TODD JR BLVD & WHELESS ST,NASHVILLE,TN,37208,4455,NORTH,36.176,-86.8093,POINT (-86.8093 36.176)
20190768810,10/20/2019 10:05:00 PM,2,1,0,,N,298859,11,Front to Rear,21,CLEAR,3,DARK - LIGHTED,12,MOTOR VEHICLE IN TRANSPORT,VULTEE BLVD & MURFREESBORO PKE,NASHVILLE,TN,37217,8879,SOUTH,36.1261,-86.7104,POINT (-86.7104 36.1261)
20190812708,11/08/2019 11:15:00 AM,2,2,0,,N,462474,11,Front to Rear,21,CLEAR,1,DAYLIGHT,12,MOTOR VEHICLE IN TRANSPORT,FRANKLIN PKE & FOREST ACRES DR,NASHVILLE,TN,37220,7111,MIDTOW,36.0636,-86.7743,POINT (-86.7743 36.0636)
20190747508,10/11/2019 02:42:00 PM,2,0,0,,N,256423,98,OTHER,21,CLEAR,1,DAYLIGHT,12,MOTOR VEHICLE IN TRANSPORT,ASHLAND CITY HWY WB EXT RAMP & ASHLAND C,NASHVILLE,TN,37218,3201,NORTH,36.2098,-86.8727,POINT (-86.8727 36.2098)
20190895282,12/13/2019 10:14:00 PM,2,0,0,,N,320580,98,OTHER,2,RAIN,3,DARK - LIGHTED,12,MOTOR VEHICLE IN TRANSPORT,MM 211 8 I 40,NASHVILLE,TN,37210,90022,HERMIT,36.149,-86.7465,POINT (-86.7465 36.149)
20190855392,11/26/2019 04:08:00 PM,2,2,0,,N,299266,4,ANGLE,2,RAIN,5,DUSK,12,MOTOR VEHICLE IN TRANSPORT,EDGE O LAKE DR & RICE RD,ANTIOCH,TN,37013,8861,SOUTH,36.0728,-86.6462,POINT (-86.6462 36.0728)
20190724207,10/01/2019 03:40:00 PM,2,0,0,,N,212343,4,ANGLE,21,CLEAR,1,DAYLIGHT,12,MOTOR VEHICLE IN TRANSPORT,CHURCH ST & 3RD AVN,NASHVILLE,TN,37201,4137,CENTRA,36.1642,-86.7777,POINT (-86.7777 36.1642)
20190926450,12/28/2019 10:24:00 PM,1,0,0,Y,Y,284059,0,NOT COLLISION W/MOTOR VEHICLE-TRANSPORT,21,CLEAR,3,DARK - LIGHTED,33;39,CURB;WALL,WHITES CREEK PKE & PARMLEY LN,NASHVILLE,TN,37207,3221,NORTH,36.2429,-86.8215,POINT (-86.8215 36.2429)
20190874428,12/05/2019 08:01:00 AM,2,1,0,,N,902543,11,Front to Rear,21,CLEAR,1,DAYLIGHT,12,MOTOR VEHICLE IN TRANSPORT,US HWY 31W & LEMUEL RD,NASHVILLE,TN,37207,1823,EAST,36.2153,-86.7639,POINT (-86.7639 36.2153)
20190848810,11/23/2019 06:14:00 PM,2,0,0,,N,298867,5,SIDESWIPE - SAME DIRECTION,2,RAIN,3,DARK - LIGHTED,12,MOTOR VEHICLE IN TRANSPORT,DICKERSON PKE & RICHARDSON AV,NASHVILLE,TN,37207,1911,EAST,36.1916,-86.7727,POINT (-86.7727 36.1916)
20190917238,12/23/2019 12:00:00 AM,2,0,0,,Y,284059,4,ANGLE,21,CLEAR,3,DARK - LIGHTED,14,PARKED MOTOR VEHICLE,LINCOLN AV & ALPINE AV,NASHVILLE,TN,37218,3151,NORTH,36.2022,-86.8304,POINT (-86.8304 36.2022)
20190746754,10/11/2019 07:10:00 AM,2,1,0,,N,462474,4,ANGLE,22,CLOUDY,1,DAYLIGHT,12,MOTOR VEHICLE IN TRANSPORT,NOLENSVILLE PKE & WINGROVE ST,NASHVILLE,TN,37210,8127,SOUTH,36.1355,-86.76,POINT (-86.76 36.1355)
20190610613,08/16/2019 06:16:00 AM,1,0,0,,N,879558,0,NOT COLLISION W/MOTOR VEHICLE-TRANSPORT,21,CLEAR,1,DAYLIGHT,7,,MCGAVOCK PKE & MCGAVOCK PKE EB ENT RAMP,NASHVILLE,TN,37214,92901,HERMIT,36.2165,-86.6909,POINT (-86.6909 36.2165)
20190758136,10/16/2019 06:33:00 AM,2,1,0,,N,311343,4,ANGLE,22,CLOUDY,4,DAWN,12;36,MOTOR VEHICLE IN TRANSPORT;CONCRETE TRAFFIC BARRIER,MM 80 6 I 65,NASHVILLE,TN,37204,80040,MIDTOW,36.1235,-86.7729,POINT (-86.7729 36.1235)
20190821977,11/12/2019 03:27:00 PM,1,0,0,,N,887598,0,NOT COLLISION W/MOTOR VEHICLE-TRANSPORT,21,CLEAR,1,DAYLIGHT,42;63,TREE;Ran Off Road-Right,OLD HICKORY BLVD & GRADY LN,NASHVILLE,TN,37218,3231,NORTH,36.2656,-86.887,POINT (-86.887 36.2656)
20190855116,11/26/2019 01:31:00 PM,2,0,0,,N,462474,11,Front to Rear,22,CLOUDY,1,DAYLIGHT,12,MOTOR VEHICLE IN TRANSPORT,MM 209 2 I 40,NASHVILLE,TN,37203,5702,MIDTOW,36.1554,-86.7891,POINT (-86.7891 36.1554)
20190663836,09/06/2019 05:58:00 AM,3,2,0,,N,110090,11,Front to Rear,21,CLEAR,1,DAYLIGHT,12,MOTOR VEHICLE IN TRANSPORT,MM 62 2 I 24,ANTIOCH,TN,37013,87040,SOUTH,36.0186,-86.6253,POINT (-86.6253 36.0186)
20190617716,08/19/2019 06:52:00 AM,2,1,0,,N,716886,6,SIDESWIPE - OPPOSITE DIRECTION,21,CLEAR,1,DAYLIGHT,12,MOTOR VEHICLE IN TRANSPORT,MT VIEW RD & OLD FRANKLIN RD,ANTIOCH,TN,37013,8863,SOUTH,36.0484,-86.6574,POINT (-86.6574 36.0484)
20190630158,08/23/2019 12:05:00 PM,2,0,0,,N,716886,5,SIDESWIPE - SAME DIRECTION,21,CLEAR,1,DAYLIGHT,12,MOTOR VEHICLE IN TRANSPORT,2ND AVS & MCCANN ST,NASHVILLE,TN,37210,8201,HERMIT,36.151,-86.7681,POINT (-86.7681 36.151)
20190914841,12/22/2019 10:24:00 PM,2,0,0,,Y,179606,11,Front to Rear,2,RAIN,3,DARK - LIGHTED,12,MOTOR VEHICLE IN TRANSPORT,25TH AVN & CHARLOTTE AV,NASHVILLE,TN,37203,5619,MIDTOW,36.1553,-86.8121,POINT (-86.8121 36.1553)
20190789943,10/29/2019 10:57:00 PM,2,0,0,,Y,109531,5,SIDESWIPE - SAME DIRECTION,21,CLEAR,3,DARK - LIGHTED,14;55,PARKED MOTOR VEHICLE;Motor Vehicle-In-Motion Outside Trafficw,MAIN ST & NEILL AV,NASHVILLE,TN,37206,1119,EAST,36.1758,-86.7577,POINT (-86.7577 36.1758)
20190593389,08/09/2019 03:20:00 PM,3,1,0,,N,151132,5,SIDESWIPE - SAME DIRECTION,21,CLEAR,1,DAYLIGHT,12,MOTOR VEHICLE IN TRANSPORT,GALLATIN PKES & MAPLE ST,MADISON,TN,37115,1607,MADISO,36.2617,-86.7124,POINT (-86.7124 36.2617)
20190614894,08/17/2019 09:44:00 PM,2,0,0,,Y,279116,11,Front to Rear,21,CLEAR,3,DARK - LIGHTED,12,MOTOR VEHICLE IN TRANSPORT,BRILEY PKWYS & DRUMMOND DR,NASHVILLE,TN,37211,88962,SOUTH,36.1112,-86.7129,POINT (-86.7129 36.1112)
20190662447,09/05/2019 03:18:00 PM,1,0,0,Y,Y,330428,0,NOT COLLISION W/MOTOR VEHICLE-TRANSPORT,21,CLEAR,1,DAYLIGHT,19,BUILDING,53RD AVN & CHARLOTTE AV,NASHVILLE,TN,37209,5121,WEST,36.1519,-86.8512,POINT (-86.8512 36.1519)
20190640487,08/27/2019 07:21:00 PM,2,0,0,,N,169425,2,HEAD-ON,21,CLEAR,3,DARK - LIGHTED,12,MOTOR VEHICLE IN TRANSPORT,17TH AVN & CHURCH ST,NASHVILLE,TN,37203,5519,MIDTOW,36.1558,-86.7959,POINT (-86.7959 36.1558)
20190851639,11/25/2019 05:50:00 AM,2,0,0,,N,224437,5,SIDESWIPE - SAME DIRECTION,21,CLEAR,3,DARK - LIGHTED,12,MOTOR VEHICLE IN TRANSPORT,MM 49 6 I 24,NASHVILLE,TN,37210,4008,CENTRA,36.1571,-86.7604,POINT (-86.7604 36.1571)
20190749221,10/12/2019 08:43:00 AM,2,0,0,,N,352198,4,ANGLE,21,CLEAR,1,DAYLIGHT,12,MOTOR VEHICLE IN TRANSPORT,STATE HWY 45 & DOUGLAS ST,MADISON,TN,37115,1771,MADISO,36.2632,-86.7135,POINT (-86.7135 36.2632)
20190648141,08/30/2019 04:15:00 PM,2,1,0,,N,330431,11,Front to Rear,21,CLEAR,1,DAYLIGHT,12,MOTOR VEHICLE IN TRANSPORT,WHITES CREEK PKE & BRILEY PKWYW,NASHVILLE,TN,37207,3222,NORTH,36.234,-86.8153,POINT (-86.8153 36.234)
20190730460,10/03/2019 11:29:00 PM,2,0,0,,Y,384446,5,SIDESWIPE - SAME DIRECTION,21,CLEAR,3,DARK - LIGHTED,12,MOTOR VEHICLE IN TRANSPORT,MM 63 0 I 24,ANTIOCH,TN,37013,8702,SOUTH,36.0094,-86.6151,POINT (-86.6151 36.0094)
20190760874,10/17/2019 08:25:00 AM,2,1,0,,N,755026,11,Front to Rear,21,CLEAR,1,DAYLIGHT,12,MOTOR VEHICLE IN TRANSPORT,NOLENSVILLE PKE & COLLIER AV,NASHVILLE,TN,37211,8425,SOUTH,36.11,-86.7447,POINT (-86.7447 36.11)
20190931896,12/31/2019 12:26:00 PM,2,0,0,,Y,755026,4,ANGLE,21,CLEAR,1,DAYLIGHT,12,MOTOR VEHICLE IN TRANSPORT,HARDING PL & AIRPARK CENTER DR,NASHVILLE,TN,37217,8841,SOUTH,36.0929,-86.6798,POINT (-86.6798 36.0929)
20190856637,11/27/2019 05:17:00 AM,1,0,0,Y,N,299269,0,NOT COLLISION W/MOTOR VEHICLE-TRANSPORT,2,RAIN,2,DARK - NOT LIGHTED,24,GUARDRAIL FACE,MM 86 5 I 65,NASHVILLE,TN,37207,3006,NORTH,36.1946,-86.7762,POINT (-86.7762 36.1946)
20190782564,10/26/2019 07:21:00 PM,2,0,0,,N,311344,4,ANGLE,2,RAIN,3,DARK - LIGHTED,12,MOTOR VEHICLE IN TRANSPORT,RIVERGATE PKWY & GALLATIN PKEN,MADISON,TN,37115,1731,MADISO,36.2969,-86.6992,POINT (-86.6992 36.2969)
20190810728,11/07/2019 03:44:00 PM,2,0,0,,N,134899,11,Front to Rear,2,RAIN,1,DAYLIGHT,12,MOTOR VEHICLE IN TRANSPORT,SHUTE LN & SAUNDERSVILLE RD,OLD HICKORY,TN,37138,9717,HERMIT,36.2267,-86.6032,POINT (-86.6032 36.2267)
20190673517,09/10/2019 01:35:00 PM,2,0,0,,N,402660,11,Front to Rear,21,CLEAR,1,DAYLIGHT,12,MOTOR VEHICLE IN TRANSPORT,53RD AVN & CHARLOTTE AV,NASHVILLE,TN,37209,5121,WEST,36.1519,-86.8512,POINT (-86.8512 36.1519)
20190768826,10/20/2019 11:00:00 PM,2,0,0,,N,352212,4,ANGLE,21,CLEAR,3,DARK - LIGHTED,12,MOTOR VEHICLE IN TRANSPORT,STRATTON AVE & N 14TH ST,NASHVILLE,TN,37206,1215,EAST,36.1823,-86.745,POINT (-86.745 36.1823)
20190736212,10/06/2019 08:40:00 PM,1,0,0,Y,N,337276,0,NOT COLLISION W/MOTOR VEHICLE-TRANSPORT,2,RAIN,2,DARK - NOT LIGHTED,24;64,GUARDRAIL FACE;Ran Off Road-Left,MCEWEN AV & AVONDALE DR,NASHVILLE,TN,37206,1229,EAST,36.1809,-86.737,POINT (-86.737 36.1809)
20190929301,12/30/2019 09:55:00 AM,2,0,0,,N,226673,98,OTHER,21,CLEAR,1,DAYLIGHT,12,MOTOR VEHICLE IN TRANSPORT,GEORGE L DAVIS BLVD & CHURCH ST,NASHVILLE,TN,37203,4119,CENTRA,36.1584,-86.7906,POINT (-86.7906 36.1584)
20190880650,12/07/2019 10:18:00 PM,2,0,0,,Y,384418,6,SIDESWIPE - OPPOSITE DIRECTION,21,CLEAR,2,DARK - NOT LIGHTED,13,MOTOR VEHICLE IN TRANSPORT-OTHER ROADWAY,ASHEFORD TRC & MT VIEW RD,ANTIOCH,TN,37013,8867,SOUTH,36.0453,-86.6284,POINT (-86.6284 36.0453)
20190657485,09/03/2019 04:04:00 PM,1,1,0,,N,256380,0,NOT COLLISION W/MOTOR VEHICLE-TRANSPORT,21,CLEAR,1,DAYLIGHT,8,PEDESTRIAN,28TH AVN & CLIFTON AV,NASHVILLE,TN,37209,5345,NORTH,36.1585,-86.8186,POINT (-86.8186 36.1585)
20190670155,09/09/2019 07:22:00 AM,2,0,0,,N,226622,11,Front to Rear,21,CLEAR,1,DAYLIGHT,12,MOTOR VEHICLE IN TRANSPORT,CHARLOTTE AV & 33RD AVN,NASHVILLE,TN,37209,5237,WEST,36.1528,-86.8242,POINT (-86.8242 36.1528)
20190676325,09/11/2019 02:25:00 PM,2,0,0,,N,212331,4,ANGLE,21,CLEAR,1,DAYLIGHT,12,MOTOR VEHICLE IN TRANSPORT,DUPONT AV & BIXLER AV,MADISON,TN,37115,1701,MADISO,36.2664,-86.7064,POINT (-86.7064 36.2664)
20190894460,12/13/2019 02:35:00 PM,2,0,0,,N,352197,11,Front to Rear,2,RAIN,1,DAYLIGHT,12,MOTOR VEHICLE IN TRANSPORT,HARDING PL & I24 W ENT RAMP,NASHVILLE,TN,37211,8889,SOUTH,36.0868,-86.6977,POINT (-86.6977 36.0868)
20190832667,11/17/2019 02:38:00 AM,1,1,0,,N,240978,0,NOT COLLISION W/MOTOR VEHICLE-TRANSPORT,21,CLEAR,3,DARK - LIGHTED,36,CONCRETE TRAFFIC BARRIER,I65 S EXT RAMP & I 65,MADISON,TN,37115,20044,MADISO,36.2481,-86.743,POINT (-86.743 36.2481)
20190771406,10/22/2019 01:12:00 AM,1,1,0,Y,N,279198,0,NOT COLLISION W/MOTOR VEHICLE-TRANSPORT,21,CLEAR,3,DARK - LIGHTED,40,MAIL BOX,JOYCE LN & GRINSTEAD PL,NASHVILLE,TN,37216,1801,EAST,36.2338,-86.729,POINT (-86.729 36.2338)
20190721819,09/30/2019 05:21:00 PM,2,0,0,,N,420040,11,Front to Rear,21,CLEAR,1,DAYLIGHT,12,MOTOR VEHICLE IN TRANSPORT,WEST END AV & NATCHEZ TRC,NASHVILLE,TN,37212,5801,MIDTOW,36.1463,-86.8098,POINT (-86.8098 36.1463)
20190635562,08/25/2019 07:17:00 PM,1,1,0,Y,N,524985,0,NOT COLLISION W/MOTOR VEHICLE-TRANSPORT,2,RAIN,2,DARK - NOT LIGHTED,24;63,GUARDRAIL FACE;Ran Off Road-Right,MM 86 5 I 65,NASHVILLE,TN,37207,3006,NORTH,36.1946,-86.7762,POINT (-86.7762 36.1946)
20190888632,12/11/2019 08:02:00 AM,2,0,0,,Y,352174,5,SIDESWIPE - SAME DIRECTION,21,CLEAR,1,DAYLIGHT,14,PARKED MOTOR VEHICLE,BRADFORD AV & 10TH AVS,NASHVILLE,TN,37204,6925,MIDTOW,36.1278,-86.7862,POINT (-86.7862 36.1278)
20190717035,09/28/2019 08:58:00 AM,2,2,0,,N,419997,4,ANGLE,21,CLEAR,1,DAYLIGHT,12,MOTOR VEHICLE IN TRANSPORT,CHARLOTTE AV & 42ND AVN,NASHVILLE,TN,37209,5217,WEST,36.1524,-86.8366,POINT (-86.8366 36.1524)
20190712775,09/26/2019 03:10:00 PM,2,0,0,,Y,279224,4,ANGLE,21,CLEAR,1,DAYLIGHT,12,MOTOR VEHICLE IN TRANSPORT,MAIN ST & N 7TH ST,NASHVILLE,TN,37206,1117,EAST,36.1745,-86.7609,POINT (-86.7609 36.1745)
20190665126,09/06/2019 05:22:00 PM,2,3,0,,N,298858,11,Front to Rear,21,CLEAR,1,DAYLIGHT,12,MOTOR VEHICLE IN TRANSPORT,DR D B TODD JR BLVD & BUCHANAN ST,NASHVILLE,TN,37208,4413,NORTH,36.1805,-86.8112,POINT (-86.8112 36.1805)
20190898043,12/15/2019 10:35:00 AM,3,0,0,,N,279227,11,Front to Rear,21,CLEAR,1,DAYLIGHT,12,MOTOR VEHICLE IN TRANSPORT,BELL RD & CANE RIDGE RD,ANTIOCH,TN,37013,8753,SOUTH,36.0449,-86.6631,POINT (-86.6631 36.0449)
20190725420,10/02/2019 03:30:00 AM,2,0,0,Y,N,330419,4,ANGLE,21,CLEAR,3,DARK - LIGHTED,12;14;19,MOTOR VEHICLE IN TRANSPORT;PARKED MOTOR VEHICLE;BUILDING,BEAUS WAY & WALTON OAK DR,MADISON,TN,37115,1793,MADISO,36.2385,-86.7307,POINT (-86.7307 36.2385)
20190884405,12/09/2019 06:35:00 PM,2,0,0,,N,384446,5,SIDESWIPE - SAME DIRECTION,21,CLEAR,3,DARK - LIGHTED,12,MOTOR VEHICLE IN TRANSPORT,WHITE BRIDGE PKE & NES PVTDR,NASHVILLE,TN,37205,5017,WEST,36.1272,-86.8507,POINT (-86.8507 36.1272)
20190605796,08/14/2019 11:15:00 AM,2,1,0,,N,716886,4,ANGLE,21,CLEAR,1,DAYLIGHT,12,MOTOR VEHICLE IN TRANSPORT,BELL RD & I24 E EXT RAMP,ANTIOCH,TN,37013,8751,SOUTH,36.0451,-86.6593,POINT (-86.6593 36.0451)
20190866405,12/02/2019 07:43:00 AM,2,0,0,,N,665896,5,SIDESWIPE - SAME DIRECTION,22,CLOUDY,1,DAYLIGHT,12,MOTOR VEHICLE IN TRANSPORT,S 11TH ST & SEVIER ST,NASHVILLE,TN,37206,1029,EAST,36.1673,-86.7513,POINT (-86.7513 36.1673)
20190702425,09/22/2019 10:20:00 AM,2,0,0,,N,109495,5,SIDESWIPE - SAME DIRECTION,21,CLEAR,1,DAYLIGHT,12,MOTOR VEHICLE IN TRANSPORT,MM 5 5 I 440,NASHVILLE,TN,37204,83062,MIDTOW,36.1211,-86.7641,POINT (-86.7641 36.1211)
20190781913,10/26/2019 10:05:00 AM,2,1,0,,N,109495,4,ANGLE,2,RAIN,1,DAYLIGHT,12,MOTOR VEHICLE IN TRANSPORT,31ST AVN & 29TH AVN,NASHVILLE,TN,37203,5625,MIDTOW,36.1473,-86.8163,POINT (-86.8163 36.1473)
20190692780,09/18/2019 08:28:00 AM,2,0,0,,Y,876581,4,ANGLE,21,CLEAR,1,DAYLIGHT,12,MOTOR VEHICLE IN TRANSPORT,US HWY 31E & LIBERTY LN,MADISON,TN,37115,1731,MADISO,36.3047,-86.689,POINT (-86.689 36.3047)
20190824489,11/13/2019 12:00:00 AM,2,1,0,,Y,352196,11,Front to Rear,21,CLEAR,1,DAYLIGHT,12,MOTOR VEHICLE IN TRANSPORT,HOBSON PKE & MURFREESBORO PKE,ANTIOCH,TN,37013,8971,SOUTH,36.043,-86.6066,POINT (-86.6066 36.043)
20190685683,09/15/2019 10:40:00 AM,2,0,0,,N,311325,11,Front to Rear,21,CLEAR,1,DAYLIGHT,12,MOTOR VEHICLE IN TRANSPORT,MM 215 4 I 40,NASHVILLE,TN,37217,89020,HERMIT,36.1434,-86.6882,POINT (-86.6882 36.1434)
20190789568,10/29/2019 07:04:00 PM,2,0,0,,N,179606,5,SIDESWIPE - SAME DIRECTION,21,CLEAR,5,DUSK,12,MOTOR VEHICLE IN TRANSPORT,MM 209 7 I 40,NASHVILLE,TN,37203,4004,CENTRA,36.1492,-86.7812,POINT (-86.7812 36.1492)