Accident Number,Date and Time,Number of Motor Vehicles,Number of Injuries,Number of Fatalities,Property Damage,Hit and Run,Reporting Officer,Collision Type Code,Collision Type Description,Weather Code,Weather Description,Illumination Code,Illumination Description,Harmful Code,Harmful Code Description,Street Address,City,State,ZIP,RPA,Precinct,Latitude,Longitude,Mapped Location
20190814898,11/09/2019 11:25:00 AM,2,0,0,,N,402660,4,ANGLE,21,CLEAR,1,DAYLIGHT,12,MOTOR VEHICLE IN TRANSPORT,38TH AVN & PARK AV,NASHVILLE,TN,37209,5231,WEST,36.1515,-86.8309,POINT (-86.8309 36.1515)
20190781666,10/26/2019 06:50:00 AM,2,1,0,,N,420034,11,Front to Rear,2,RAIN,3,DARK - LIGHTED,12,MOTOR VEHICLE IN TRANSPORT,MM 86 5 I 65,NASHVILLE,TN,37207,3006,NORTH,36.1946,-86.7762,POINT (-86.7762 36.1946)
20190644226,08/29/2019 06:46:00 AM,2,0,0,,N,462474,11,Front to Rear,21,CLEAR,1,DAYLIGHT,12,MOTOR VEHICLE IN TRANSPORT,OLD HICKORY BLVD & BRENTWOOD CHASE DR,BRENTWOOD,TN,37027,8621,MIDTOW,36.0402,-86.7523,POINT (-86.7523 36.0402)
20190894086,12/13/2019 11:04:00 AM,2,0,0,,N,109534,5,SIDESWIPE - SAME DIRECTION,5,FOG,1,DAYLIGHT,12,MOTOR VEHICLE IN TRANSPORT,MM 211 7 I 40,NASHVILLE,TN,37210,82042,HERMIT,36.1499,-86.7483,POINT (-86.7483 36.1499)
20190608914,08/15/2019 01:53:00 PM,2,0,0,,N,279116,11,Front to Rear,22,CLOUDY,1,DAYLIGHT,12,MOTOR VEHICLE IN TRANSPORT,MM 82 2 I 65,NASHVILLE,TN,37203,6804,MIDTOW,36.1456,-86.7776,POINT (-86.7776 36.1456)
20190869642,12/03/2019 12:49:00 PM,2,0,0,,N,462474,5,SIDESWIPE - SAME DIRECTION,22,CLOUDY,1,DAYLIGHT,12,MOTOR VEHICLE IN TRANSPORT,RIDLEY BLVD & ROYCROFT PL,NASHVILLE,TN,37204,6945,MIDTOW,36.1333,-86.7768,POINT (-86.7768 36.1333)
20190756292,10/15/2019 12:15:00 PM,2,0,0,,N,716886,11,Front to Rear,21,CLEAR,1,DAYLIGHT,12,MOTOR VEHICLE IN TRANSPORT,MURFREESBORO PKE & FOREST VIEW DR,ANTIOCH,TN,37013,8865,SOUTH,36.0674,-86.6313,POINT (-86.6313 36.0674)
20190600822,08/12/2019 03:54:00 PM,2,1,0,,N,240957,11,Front to Rear,21,CLEAR,1,DAYLIGHT,12,MOTOR VEHICLE IN TRANSPORT,NOLENSVILLE PKE & BREWER DR,NASHVILLE,TN,37211,8715,SOUTH,36.0535,-86.715,POINT (-86.715 36.0535)
20190904673,12/18/2019 07:45:00 AM,2,0,0,,N,405447,11,Front to Rear,21,CLEAR,1,DAYLIGHT,12,MOTOR VEHICLE IN TRANSPORT,OLD HICKORY BLVD & FRANKLIN PKE,NASHVILLE,TN,37220,7111,MIDTOW,36.0374,-86.7864,POINT (-86.7864 36.0374)
20190659532,09/04/2019 11:20:00 AM,3,2,0,,N,352164,11,Front to Rear,21,CLEAR,1,DAYLIGHT,12,MOTOR VEHICLE IN TRANSPORT,MURFREESBORO PKE & MOUNTAIN SPRINGS RD,ANTIOCH,TN,37013,8927,SOUTH,36.0478,-86.6121,POINT (-86.6121 36.0478)
20190623590,08/21/2019 05:40:00 AM,2,0,0,,N,279216,11,Front to Rear,21,CLEAR,4,DAWN,12,MOTOR VEHICLE IN TRANSPORT,MM 86 5 I 65,NASHVILLE,TN,37207,3006,NORTH,36.1946,-86.7762,POINT (-86.7762 36.1946)
20190886872,12/10/2019 03:27:00 PM,2,0,0,,N,579971,4,ANGLE,21,CLEAR,1,DAYLIGHT,12,MOTOR VEHICLE IN TRANSPORT,ANTIOCH PKE & BLUE HOLE RD,ANTIOCH,TN,37013,8857,SOUTH,36.06,-86.6721,POINT (-86.6721 36.06)
20190899327,12/16/2019 12:00:00 AM,1,0,0,,Y,110064,0,NOT COLLISION W/MOTOR VEHICLE-TRANSPORT,2,RAIN,3,DARK - LIGHTED,33,CURB,VALLEY RIDGE DR & PARAGON MILLS RD,NASHVILLE,TN,37211,8415,SOUTH,36.0879,-86.7235,POINT (-86.7235 36.0879)
20190682352,09/13/2019 05:25:00 PM,3,0,0,,Y,298866,11,Front to Rear,21,CLEAR,1,DAYLIGHT,12,MOTOR VEHICLE IN TRANSPORT,ROBERTSON AV & STERLING ST,NASHVILLE,TN,37209,4649,WEST,36.1562,-86.8643,POINT (-86.8643 36.1562)
20190712361,09/30/2019 12:45:00 PM,2,0,0,,Y,332253,0,NOT COLLISION W/MOTOR VEHICLE-TRANSPORT,21,CLEAR,1,DAYLIGHT,16,THROWN OR FALLING OBJECT,DICKERSON PKE & BRILEY PKWY W ENT RAMP,MADISON,TN,37115,20143,MADISO,36.2414,-86.7572,POINT (-86.7572 36.2414)
20190922239,12/26/2019 07:09:00 PM,2,1,0,,N,320585,11,Front to Rear,21,CLEAR,3,DARK - LIGHTED,12,MOTOR VEHICLE IN TRANSPORT,OLD HICKORY BLVD & HERMITAGE MARKETPLACE,HERMITAGE,TN,37076,9531,HERMIT,36.1885,-86.6143,POINT (-86.6143 36.1885)
20190869455,12/03/2019 11:22:00 AM,2,0,0,,N,462474,11,Front to Rear,22,CLOUDY,1,DAYLIGHT,12,MOTOR VEHICLE IN TRANSPORT,US HWY 31 ALT & PARAGON MILLS RD,NASHVILLE,TN,37211,8415,SOUTH,36.085,-86.7283,POINT (-86.7283 36.085)
20190731814,10/04/2019 03:55:00 PM,2,0,0,,Y,311344,5,SIDESWIPE - SAME DIRECTION,21,CLEAR,1,DAYLIGHT,12,MOTOR VEHICLE IN TRANSPORT,STATE RT 45 & MYATT DR,MADISON,TN,37115,1705,MADISO,36.2641,-86.6903,POINT (-86.6903 36.2641)
20190780234,10/25/2019 02:55:00 PM,2,2,0,,N,320582,4,ANGLE,2,RAIN,1,DAYLIGHT,12,MOTOR VEHICLE IN TRANSPORT,DICKERSON PKE & GATEWOOD AV,NASHVILLE,TN,37207,1861,EAST,36.2009,-86.7697,POINT (-86.7697 36.2009)
20190749450,10/12/2019 11:50:00 AM,4,1,0,,N,140804,11,Front to Rear,21,CLEAR,1,DAYLIGHT,12,MOTOR VEHICLE IN TRANSPORT,SPRING ST ENT RAMP & SPRING ST,NASHVILLE,TN,37207,1977,EAST,36.1764,-86.7672,POINT (-86.7672 36.1764)
20190796602,11/01/2019 04:29:00 PM,2,0,0,,N,311344,11,Front to Rear,21,CLEAR,1,DAYLIGHT,12,MOTOR VEHICLE IN TRANSPORT,GALLATIN PKEN & RIVERGATE STATION PVTDR,MADISON,TN,37115,1721,MADISO,36.2949,-86.6998,POINT (-86.6998 36.2949)
20190846682,11/22/2019 05:26:00 PM,2,0,0,,Y,330428,4,ANGLE,21,CLEAR,3,DARK - LIGHTED,12,MOTOR VEHICLE IN TRANSPORT,HARDING PKE & KENNER AV,NASHVILLE,TN,37205,6021,WEST,36.1261,-86.8461,POINT (-86.8461 36.1261)
20190859506,11/28/2019 11:26:00 AM,2,0,0,,N,225886,4,ANGLE,22,CLOUDY,1,DAYLIGHT,12,MOTOR VEHICLE IN TRANSPORT,OLD HICKORY BLVD & 2ND ST,OLD HICKORY,TN,37138,9717,HERMIT,36.2168,-86.6235,POINT (-86.6235 36.2168)
20190925471,12/28/2019 10:10:00 AM,1,0,0,,N,320595,0,NOT COLLISION W/MOTOR VEHICLE-TRANSPORT,22,CLOUDY,1,DAYLIGHT,33,CURB,3500 ANDERSON,NASHVILLE,TN,37217,8929,HERMIT,36.0855,-86.6068,POINT (-86.6068 36.0855)
20190913117,12/21/2019 12:00:00 AM,2,1,0,,N,330441,4,ANGLE,21,CLEAR,3,DARK - LIGHTED,12,MOTOR VEHICLE IN TRANSPORT,OLD HICKORY BLVD & HICKORY PLZ,NASHVILLE,TN,37211,8651,MIDTOW,36.0452,-86.7159,POINT (-86.7159 36.0452)
20190876089,12/05/2019 09:50:00 PM,2,0,0,,N,320580,11,Front to Rear,21,CLEAR,3,DARK - LIGHTED,12,MOTOR VEHICLE IN TRANSPORT,MM 211 8 I 40,NASHVILLE,TN,37210,90022,HERMIT,36.149,-86.7465,POINT (-86.7465 36.149)
20190696708,09/19/2019 08:24:00 PM,1,1,0,,N,330428,0,NOT COLLISION W/MOTOR VEHICLE-TRANSPORT,21,CLEAR,2,DARK - NOT LIGHTED,1,,MM 192 8 I 40,NASHVILLE,TN,37221,4804,WEST,36.077,-87.0154,POINT (-87.0154 36.077)
20190878415,12/06/2019 07:18:00 PM,3,1,0,,N,299266,11,Front to Rear,21,CLEAR,2,DARK - NOT LIGHTED,12,MOTOR VEHICLE IN TRANSPORT,BELL RD & CEDAR POINTE PKWY,ANTIOCH,TN,37013,8753,SOUTH,36.0449,-86.6671,POINT (-86.6671 36.0449)
20190655066,09/02/2019 04:03:00 PM,2,1,0,,N,256383,11,Front to Rear,21,CLEAR,1,DAYLIGHT,12,MOTOR VEHICLE IN TRANSPORT,SADDLECREEK WAY & HOBSON PKE,ANTIOCH,TN,37013,8867,SOUTH,36.036,-86.6118,POINT (-86.6118 36.036)
20190902685,12/17/2019 01:12:00 PM,2,0,0,,N,580819,5,SIDESWIPE - SAME DIRECTION,22,CLOUDY,1,DAYLIGHT,12,MOTOR VEHICLE IN TRANSPORT,13TH AVS & MCGAVOCK ST,NASHVILLE,TN,37203,4081,CENTRA,36.155,-86.7882,POINT (-86.7882 36.155)
20190824954,11/13/2019 06:20:00 PM,2,0,0,,Y,320599,5,SIDESWIPE - SAME DIRECTION,21,CLEAR,3,DARK - LIGHTED,12;24;63,MOTOR VEHICLE IN TRANSPORT;GUARDRAIL FACE;Ran Off Road-Right,MM 215 6 I 40,NASHVILLE,TN,37214,9102,HERMIT,36.1431,-86.6845,POINT (-86.6845 36.1431)
20190850545,11/24/2019 04:04:00 PM,2,1,0,,Y,352168,4,ANGLE,21,CLEAR,1,DAYLIGHT,55,Motor Vehicle-In-Motion Outside Trafficw,NOLENSVILLE PKE & WELCH RD,NASHVILLE,TN,37211,8421,SOUTH,36.0836,-86.7276,POINT (-86.7276 36.0836)
20190676237,09/11/2019 01:39:00 PM,2,0,0,,N,493304,4,ANGLE,21,CLEAR,1,DAYLIGHT,12,MOTOR VEHICLE IN TRANSPORT,HARRIS ST & GALLATIN PKES,MADISON,TN,37115,1605,MADISO,36.2584,-86.7135,POINT (-86.7135 36.2584)
20190714287,09/27/2019 06:09:00 AM,1,1,0,,N,299247,0,NOT COLLISION W/MOTOR VEHICLE-TRANSPORT,5,FOG,2,DARK - NOT LIGHTED,8,PEDESTRIAN,CENTRAL PKE & BURNING TREE DR,HERMITAGE,TN,37076,9557,HERMIT,36.1728,-86.6008,POINT (-86.6008 36.1728)
20190754191,10/14/2019 05:19:00 PM,2,0,0,,N,151132,11,Front to Rear,21,CLEAR,1,DAYLIGHT,12,MOTOR VEHICLE IN TRANSPORT,GALLATIN PKES & LAKEWOOD DR,MADISON,TN,37115,1517,MADISO,36.2434,-86.7229,POINT (-86.7229 36.2434)
20190597267,08/11/2019 02:45:00 AM,1,1,0,,N,299274,0,NOT COLLISION W/MOTOR VEHICLE-TRANSPORT,22,CLOUDY,3,DARK - LIGHTED,1;36,CONCRETE TRAFFIC BARRIER,I40 E ENT RAMP & BRILEY PKWY S EXT RAMP,NASHVILLE,TN,37210,9098,HERMIT,36.1457,-86.6963,POINT (-86.6963 36.1457)
20190749396,10/12/2019 11:07:00 AM,3,2,0,,N,352214,11,Front to Rear,21,CLEAR,1,DAYLIGHT,12,MOTOR VEHICLE IN TRANSPORT,MM 85 5 I 65,NASHVILLE,TN,37208,4304,CENTRA,36.1888,-86.793,POINT (-86.793 36.1888)
20190611253,08/16/2019 12:13:00 PM,2,1,0,,Y,493304,11,Front to Rear,21,CLEAR,1,DAYLIGHT,12,MOTOR VEHICLE IN TRANSPORT,STATE RT 45 & MYATT DR,MADISON,TN,37115,1705,MADISO,36.2641,-86.6903,POINT (-86.6903 36.2641)
20190823870,11/13/2019 08:50:00 AM,2,0,0,,N,268046,4,ANGLE,21,CLEAR,1,DAYLIGHT,12,MOTOR VEHICLE IN TRANSPORT,MM 53 9 I 24,NASHVILLE,TN,37211,88122,SOUTH,36.1073,-86.7197,POINT (-86.7197 36.1073)
20190639577,08/27/2019 11:53:00 AM,2,1,0,,N,191578,11,Front to Rear,22,CLOUDY,1,DAYLIGHT,12,MOTOR VEHICLE IN TRANSPORT,BRILEY PKWY S EXT RAMP & BRILEY PKWY S E,NASHVILLE,TN,37214,9219,HERMIT,36.1687,-86.6902,POINT (-86.6902 36.1687)
20190602797,08/13/2019 10:00:00 AM,2,0,0,,N,405427,4,ANGLE,22,CLOUDY,1,DAYLIGHT,12,MOTOR VEHICLE IN TRANSPORT,2ND AVS & ASH ST,NASHVILLE,TN,37210,4029,CENTRA,36.1533,-86.7696,POINT (-86.7696 36.1533)
20190855018,11/26/2019 12:41:00 PM,2,2,0,,N,352164,6,SIDESWIPE - OPPOSITE DIRECTION,22,CLOUDY,1,DAYLIGHT,12,MOTOR VEHICLE IN TRANSPORT,HEIL QUAKER BLVD & FIRESTONE PKWY,ANTIOCH,TN,37013,8869,SOUTH,36.0099,-86.6123,POINT (-86.6123 36.0099)
20190852410,11/25/2019 11:55:00 AM,2,0,0,,N,225950,4,ANGLE,21,CLEAR,1,DAYLIGHT,12,MOTOR VEHICLE IN TRANSPORT,MUSIC SQS & MUSIC SQE,NASHVILLE,TN,37212,6729,MIDTOW,36.1468,-86.7925,POINT (-86.7925 36.1468)
20190740065,10/08/2019 03:15:00 PM,2,0,0,,N,279214,11,Front to Rear,21,CLEAR,1,DAYLIGHT,12,MOTOR VEHICLE IN TRANSPORT,WOODMONT BLVD & GOLF CLUB LN,NASHVILLE,TN,37215,6419,MIDTOW,36.1138,-86.8092,POINT (-86.8092 36.1138)
20190761739,10/17/2019 03:15:00 PM,2,0,0,,N,225894,4,ANGLE,21,CLEAR,1,DAYLIGHT,12,MOTOR VEHICLE IN TRANSPORT,STEWARTS FERRY PKE & LEBANON PKE,NASHVILLE,TN,37214,9401,HERMIT,36.1684,-86.6569,POINT (-86.6569 36.1684)
20190826086,11/14/2019 07:00:00 AM,3,0,0,,N,226622,11,Front to Rear,21,CLEAR,1,DAYLIGHT,12,MOTOR VEHICLE IN TRANSPORT,VAUGHN RD & WARNER PARK PVTDR,NASHVILLE,TN,37221,6213,WEST,36.0504,-86.9023,POINT (-86.9023 36.0504)
20190812553,11/08/2019 09:48:00 AM,2,0,0,,Y,191578,11,Front to Rear,21,CLEAR,1,DAYLIGHT,12,MOTOR VEHICLE IN TRANSPORT,MM 212 2 I 40,NASHVILLE,TN,37210,90041,HERMIT,36.1458,-86.7414,POINT (-86.7414 36.1458)
20190862041,11/29/2019 09:31:00 PM,2,0,0,,N,352168,2,HEAD-ON,21,CLEAR,3,DARK - LIGHTED,12,MOTOR VEHICLE IN TRANSPORT,NOLENSVILLE PKE & TUSCULUM RD,NASHVILLE,TN,37211,8715,SOUTH,36.0587,-86.7162,POINT (-86.7162 36.0587)
20190603381,08/13/2019 01:29:00 PM,2,0,0,,Y,420059,4,ANGLE,21,CLEAR,1,DAYLIGHT,12,MOTOR VEHICLE IN TRANSPORT,HARDING PL & COVENTRY DR,NASHVILLE,TN,37211,8609,MIDTOW,36.0789,-86.7284,POINT (-86.7284 36.0789)
20190647207,08/30/2019 06:50:00 AM,2,0,0,,N,140790,5,SIDESWIPE - SAME DIRECTION,21,CLEAR,1,DAYLIGHT,12,MOTOR VEHICLE IN TRANSPORT,MM 211 6 I 40,NASHVILLE,TN,37210,82042,HERMIT,36.1508,-86.7502,POINT (-86.7502 36.1508)
20190884233,12/09/2019 05:25:00 PM,2,0,0,,N,672460,11,Front to Rear,21,CLEAR,3,DARK - LIGHTED,12,MOTOR VEHICLE IN TRANSPORT,OLD HICKORY BLVD & LEBANON PKE,HERMITAGE,TN,37076,9613,HERMIT,36.1983,-86.6201,POINT (-86.6201 36.1983)
20190865555,12/01/2019 07:20:00 PM,2,0,0,,N,298877,5,SIDESWIPE - SAME DIRECTION,21,CLEAR,3,DARK - LIGHTED,12,MOTOR VEHICLE IN TRANSPORT,MM 55 4 I 24,NASHVILLE,TN,37211,8812,SOUTH,36.0901,-86.7031,POINT (-86.7031 36.0901)
20190811023,11/07/2019 06:01:00 PM,2,0,0,,Y,352166,4,ANGLE,22,CLOUDY,3,DARK - LIGHTED,12,MOTOR VEHICLE IN TRANSPORT,GALLATIN PKES & E OLD HICKORY BLVD,MADISON,TN,37115,1771,MADISO,36.2622,-86.7122,POINT (-86.7122 36.2622)
20190842490,11/21/2019 03:17:00 AM,1,0,0,,N,320600,0,NOT COLLISION W/MOTOR VEHICLE-TRANSPORT,21,CLEAR,3,DARK - LIGHTED,25,GUARDRAIL END,0 I 24,NASHVILLE,TN,37211,8709,SOUTH,36.0692,-86.6897,POINT (-86.6897 36.0692)
20190656736,09/03/2019 09:20:00 AM,3,1,0,,N,226673,11,Front to Rear,21,CLEAR,1,DAYLIGHT,12,MOTOR VEHICLE IN TRANSPORT,MM 49 6 I 24,NASHVILLE,TN,37210,4008,CENTRA,36.1571,-86.7604,POINT (-86.7604 36.1571)
20190613906,08/17/2019 02:24:00 PM,2,1,0,,N,109495,4,ANGLE,21,CLEAR,1,DAYLIGHT,12,MOTOR VEHICLE IN TRANSPORT,SMITH AV & FARRELL KEY AV,NASHVILLE,TN,37203,8023,MIDTOW,36.1317,-86.7637,POINT (-86.7637 36.1317)
20190915325,12/23/2019 12:00:00 AM,3,0,0,,Y,352215,9,UNKNOWN,21,CLEAR,3,DARK - LIGHTED,99,UNKNOWN MOST HARMFUL EVENT,WELSHWOOD DR & CORNING DR,NASHVILLE,TN,37211,8501,MIDTOW,36.0827,-86.7301,POINT (-86.7301 36.0827)
20190876104,12/05/2019 09:04:00 PM,2,0,0,,Y,306708,4,ANGLE,21,CLEAR,5,DUSK,12,MOTOR VEHICLE IN TRANSPORT,GALLATIN PKES & E OLD HICKORY BLVD,MADISON,TN,37115,1771,MADISO,36.2622,-86.7122,POINT (-86.7122 36.2622)
20190769481,10/21/2019 06:40:00 AM,2,0,0,,N,352167,11,Front to Rear,21,CLEAR,1,DAYLIGHT,12,MOTOR VEHICLE IN TRANSPORT,MM 59 6 I 24,ANTIOCH,TN,37013,88060,SOUTH,36.0438,-86.6561,POINT (-86.6561 36.0438)
20190761890,10/17/2019 05:08:00 PM,2,1,0,,Y,256389,4,ANGLE,21,CLEAR,1,DAYLIGHT,12,MOTOR VEHICLE IN TRANSPORT,HARDING PL & OVERCREST DR,NASHVILLE,TN,37211,8609,MIDTOW,36.0772,-86.7336,POINT (-86.7336 36.0772)
20190801112,11/03/2019 08:47:00 PM,2,0,0,,N,279225,2,HEAD-ON,21,CLEAR,2,DARK - NOT LIGHTED,12,MOTOR VEHICLE IN TRANSPORT,MOSSDALE DR & BELL RD,NASHVILLE,TN,37217,8937,HERMIT,36.0828,-86.6287,POINT (-86.6287 36.0828)
20190888297,12/11/2019 06:40:00 AM,2,0,0,,N,607049,11,Front to Rear,21,CLEAR,1,DAYLIGHT,12,MOTOR VEHICLE IN TRANSPORT,MADISON SQ & GALLATIN PKES,MADISON,TN,37115,1783,MADISO,36.2533,-86.7169,POINT (-86.7169 36.2533)
20190665331,09/06/2019 07:00:00 PM,2,0,0,,N,279225,11,Front to Rear,21,CLEAR,1,DAYLIGHT,12,MOTOR VEHICLE IN TRANSPORT,THOMPSON PL & PATRICIA DR,NASHVILLE,TN,37217,8821,HERMIT,36.1272,-86.7073,POINT (-86.7073 36.1272)
20190821735,11/12/2019 02:20:00 PM,2,1,0,,N,716886,5,SIDESWIPE - SAME DIRECTION,21,CLEAR,1,DAYLIGHT,12,MOTOR VEHICLE IN TRANSPORT,OLD HICKORY BLVD & NOLENSVILLE PKE,ANTIOCH,TN,37013,8757,SOUTH,36.0455,-86.7122,POINT (-86.7122 36.0455)
20190798018,11/02/2019 07:58:00 AM,3,1,0,,N,240952,4,ANGLE,21,CLEAR,1,DAYLIGHT,12,MOTOR VEHICLE IN TRANSPORT,NOLENSVILLE PKE & OLD HICKORY BLVD,NASHVILLE,TN,37211,8717,SOUTH,36.0454,-86.7133,POINT (-86.7133 36.0454)
20190905674,12/18/2019 03:40:00 PM,2,6,1,,N,279211,4,ANGLE,22,CLOUDY,1,DAYLIGHT,12,MOTOR VEHICLE IN TRANSPORT,STATE RT 45 & DELAWARE AV,MADISON,TN,37115,1701,MADISO,36.2637,-86.7045,POINT (-86.7045 36.2637)
20190678623,09/12/2019 12:11:00 PM,3,4,0,,N,140808,11,Front to Rear,21,CLEAR,1,DAYLIGHT,12,MOTOR VEHICLE IN TRANSPORT,NOLENSVILLE PKE & TIMMONS ST,NASHVILLE,TN,37211,8425,SOUTH,36.1073,-86.7434,POINT (-86.7434 36.1073)
20190815204,11/09/2019 03:15:00 PM,2,0,0,,Y,330427,11,Front to Rear,21,CLEAR,1,DAYLIGHT,12,MOTOR VEHICLE IN TRANSPORT,WHITES CREEK PKE & UNION HILL RD,JOELTON,TN,37080,3311,NORTH,36.3181,-86.8665,POINT (-86.8665 36.3181)
20190720599,09/30/2019 06:30:00 AM,2,0,0,,N,109534,5,SIDESWIPE - SAME DIRECTION,21,CLEAR,4,DAWN,12,MOTOR VEHICLE IN TRANSPORT,JACKSON PASS & ANDREW JACKSON PKWY,HERMITAGE,TN,37076,9561,HERMIT,36.1869,-86.6086,POINT (-86.6086 36.1869)
20190808340,11/06/2019 04:04:00 PM,2,0,0,,N,298877,11,Front to Rear,21,CLEAR,1,DAYLIGHT,12,MOTOR VEHICLE IN TRANSPORT,MM 53 4 I 24,NASHVILLE,TN,37210,88141,SOUTH,36.1127,-86.7234,POINT (-86.7234 36.1127)
20190814832,11/09/2019 10:27:00 AM,1,0,0,,N,179602,0,NOT COLLISION W/MOTOR VEHICLE-TRANSPORT,21,CLEAR,1,DAYLIGHT,34,DITCH,WHITES CREEK PKE & MOORMANS ARM RD,NASHVILLE,TN,37207,3033,NORTH,36.2182,-86.8035,POINT (-86.8035 36.2182)
20190687339,09/16/2019 09:05:00 AM,2,0,0,,Y,716886,11,Front to Rear,21,CLEAR,1,DAYLIGHT,12,MOTOR VEHICLE IN TRANSPORT,LAVERGNE COUCHVILLE PKE & MURFREESBORO P,ANTIOCH,TN,37013,8967,SOUTH,36.0288,-86.5901,POINT (-86.5901 36.0288)
20190869779,12/03/2019 01:51:00 PM,2,0,0,,N,191578,5,SIDESWIPE - SAME DIRECTION,21,CLEAR,1,DAYLIGHT,12,MOTOR VEHICLE IN TRANSPORT,BRILEY PKWYS & BRILEY PKWYN,NASHVILLE,TN,37218,3212,NORTH,36.2142,-86.8724,POINT (-86.8724 36.2142)
20190839399,11/19/2019 11:07:00 PM,2,0,0,,Y,279198,11,Front to Rear,21,CLEAR,3,DARK - LIGHTED,12,MOTOR VEHICLE IN TRANSPORT,JAMES ROBERTSON PKWY & MAIN ST,NASHVILLE,TN,37213,1105,CENTRA,36.1713,-86.7694,POINT (-86.7694 36.1713)
20190721045,09/30/2019 10:32:00 AM,2,0,0,,Y,140808,5,SIDESWIPE - SAME DIRECTION,21,CLEAR,1,DAYLIGHT,14,PARKED MOTOR VEHICLE,NOLENSVILLE PKE & ELYSIAN FIELDS RD,NASHVILLE,TN,37211,8501,MIDTOW,36.0859,-86.7291,POINT (-86.7291 36.0859)
20190608757,08/15/2019 12:48:00 PM,1,1,0,,N,311325,0,NOT COLLISION W/MOTOR VEHICLE-TRANSPORT,21,CLEAR,1,DAYLIGHT,36,CONCRETE TRAFFIC BARRIER,BRILEY PKWYN & BRILEY PKWYS,NASHVILLE,TN,37211,8404,SOUTH,36.1092,-86.727,POINT (-86.727 36.1092)
20190870941,12/03/2019 11:15:00 PM,2,0,0,,N,279217,11,Front to Rear,21,CLEAR,3,DARK - LIGHTED,12,MOTOR VEHICLE IN TRANSPORT,CLARKSVILLE PKE & BUENA VISTA PKE,NASHVILLE,TN,37218,3135,NORTH,36.1935,-86.8309,POINT (-86.8309 36.1935)
20190818893,11/11/2019 09:00:00 AM,1,0,0,Y,Y,332253,0,NOT COLLISION W/MOTOR VEHICLE-TRANSPORT,22,CLOUDY,1,DAYLIGHT,24,GUARDRAIL FACE,BRICK CHURCH PKE & BRILEY PKWYE,NASHVILLE,TN,37207,2031,MADISO,36.2383,-86.7809,POINT (-86.7809 36.2383)
20190836131,11/18/2019 05:00:00 PM,2,0,0,,N,352177,2,HEAD-ON,21,CLEAR,3,DARK - LIGHTED,12,MOTOR VEHICLE IN TRANSPORT,BURTON HILLS BLVD & HILLSBORO PKE,NASHVILLE,TN,37215,6403,MIDTOW,36.0956,-86.8254,POINT (-86.8254 36.0956)
20190683031,09/14/2019 01:00:00 AM,2,2,0,,N,240978,4,ANGLE,21,CLEAR,3,DARK - LIGHTED,12,MOTOR VEHICLE IN TRANSPORT,S 5TH ST & RUSSELL ST,NASHVILLE,TN,37206,1113,EAST,36.1708,-86.7642,POINT (-86.7642 36.1708)
20190723210,10/01/2019 07:16:00 AM,2,0,0,,N,414668,4,ANGLE,21,CLEAR,1,DAYLIGHT,12,MOTOR VEHICLE IN TRANSPORT,BRICK CHURCH PKE & W TRINITY LN,NASHVILLE,TN,37207,3003,NORTH,36.2064,-86.7779,POINT (-86.7779 36.2064)
20190747238,10/11/2019 11:52:00 AM,2,0,0,,N,714641,5,SIDESWIPE - SAME DIRECTION,22,CLOUDY,1,DAYLIGHT,12,MOTOR VEHICLE IN TRANSPORT,S 2ND ST & RUSSELL ST,NASHVILLE,TN,37213,1133,CENTRA,36.1683,-86.7706,POINT (-86.7706 36.1683)
20190639036,08/27/2019 07:30:00 AM,2,0,0,,N,352164,11,Front to Rear,22,CLOUDY,1,DAYLIGHT,12,MOTOR VEHICLE IN TRANSPORT,MM 61 4 I 24,ANTIOCH,TN,37013,87040,SOUTH,36.0259,-86.6335,POINT (-86.6335 36.0259)
20190723907,10/01/2019 01:00:00 PM,1,1,0,,Y,544481,0,NOT COLLISION W/MOTOR VEHICLE-TRANSPORT,21,CLEAR,1,DAYLIGHT,8,PEDESTRIAN,GALLATIN AV & SEYMOUR AV,NASHVILLE,TN,37206,1319,EAST,36.1857,-86.7476,POINT (-86.7476 36.1857)
20190619393,08/19/2019 05:55:00 PM,2,0,0,,N,134869,11,Front to Rear,21,CLEAR,1,DAYLIGHT,12,MOTOR VEHICLE IN TRANSPORT,BELL RD & PLEASANT HILL RD,NASHVILLE,TN,37214,8943,HERMIT,36.1238,-86.6304,POINT (-86.6304 36.1238)
20190640041,08/27/2019 03:39:00 PM,2,1,0,,N,330445,11,Front to Rear,21,CLEAR,1,DAYLIGHT,12,MOTOR VEHICLE IN TRANSPORT,WEDGEWOOD AV & 19TH AVS,NASHVILLE,TN,37212,6611,MIDTOW,36.1373,-86.7981,POINT (-86.7981 36.1373)
20190627471,08/22/2019 01:37:00 PM,2,0,0,,N,225773,11,Front to Rear,22,CLOUDY,1,DAYLIGHT,12,MOTOR VEHICLE IN TRANSPORT,MM 6 2 I 440,NASHVILLE,TN,37211,83061,MIDTOW,36.1225,-86.7522,POINT (-86.7522 36.1225)
20190889832,12/11/2019 06:51:00 PM,2,0,0,,N,212348,11,Front to Rear,21,CLEAR,3,DARK - LIGHTED,12,MOTOR VEHICLE IN TRANSPORT,MM 1 1 I 440,NASHVILLE,TN,37203,5624,MIDTOW,36.1447,-86.8222,POINT (-86.8222 36.1447)
20190747791,10/11/2019 05:15:00 PM,1,0,0,Y,N,352186,0,NOT COLLISION W/MOTOR VEHICLE-TRANSPORT,2,RAIN,5,DUSK,24,GUARDRAIL FACE,MM 38 5 I 24,WHITES CREEK,TN,37189,33181,NORTH,36.3034,-86.8132,POINT (-86.8132 36.3034)