Accident Number,Date and Time,Number of Motor Vehicles,Number of Injuries,Number of Fatalities,Property Damage,Hit and Run,Reporting Officer,Collision Type Code,Collision Type Description,Weather Code,Weather Description,Illumination Code,Illumination Description,Harmful Code,Harmful Code Description,Street Address,City,State,ZIP,RPA,Precinct,Latitude,Longitude,Mapped Location
20190827071,11/14/2019 03:42:00 PM,2,0,0,,N,240966,4,ANGLE,21,CLEAR,1,DAYLIGHT,12,MOTOR VEHICLE IN TRANSPORT,ELLINGTON PKWYS & SPRING ST ENT RAMP,NASHVILLE,TN,37207,19961,EAST,36.1766,-86.7658,POINT (-86.7658 36.1766)
20190718843,09/29/2019 05:59:00 AM,2,0,0,,N,279230,11,Front to Rear,21,CLEAR,1,DAYLIGHT,12,MOTOR VEHICLE IN TRANSPORT,HAYWOOD LN & BAKERTOWN RD,NASHVILLE,TN,37211,8851,SOUTH,36.07,-86.6856,POINT (-86.6856 36.07)
20190584671,08/06/2019 02:20:00 PM,2,1,0,,N,717341,11,Front to Rear,21,CLEAR,1,DAYLIGHT,12,MOTOR VEHICLE IN TRANSPORT,SOUTHLAKE DR & BRILEY PKWYN,NASHVILLE,TN,37211,8423,SOUTH,36.1095,-86.7281,POINT (-86.7281 36.1095)
20190686521,09/15/2019 10:10:00 PM,2,1,0,,Y,311340,5,SIDESWIPE - SAME DIRECTION,21,CLEAR,3,DARK - LIGHTED,12,MOTOR VEHICLE IN TRANSPORT,I40 E ENT RAMP & I 40,NASHVILLE,TN,37205,4903,WEST,36.1109,-86.922,POINT (-86.922 36.1109)
20190886944,12/10/2019 05:27:00 PM,2,0,0,,N,256379,11,Front to Rear,21,CLEAR,3,DARK - LIGHTED,12,MOTOR VEHICLE IN TRANSPORT,MM 53 0 I 24,NASHVILLE,TN,37210,8302,SOUTH,36.1189,-86.7264,POINT (-86.7264 36.1189)
20190908548,12/19/2019 05:58:00 PM,2,0,0,,Y,279116,5,SIDESWIPE - SAME DIRECTION,21,CLEAR,3,DARK - LIGHTED,12,MOTOR VEHICLE IN TRANSPORT,MM 81 5 I 65,NASHVILLE,TN,37203,8006,MIDTOW,36.1361,-86.7756,POINT (-86.7756 36.1361)
20190813960,11/08/2019 08:25:00 PM,2,1,0,,N,342952,5,SIDESWIPE - SAME DIRECTION,21,CLEAR,3,DARK - LIGHTED,12,MOTOR VEHICLE IN TRANSPORT,LEBANON PKE & LEBANON PKE WB EXT RAMP,HERMITAGE,TN,37076,9507,HERMIT,36.1995,-86.6194,POINT (-86.6194 36.1995)
20190726854,10/02/2019 04:35:00 PM,2,1,0,,N,717341,11,Front to Rear,21,CLEAR,1,DAYLIGHT,12,MOTOR VEHICLE IN TRANSPORT,MM 53 0 I 24,NASHVILLE,TN,37210,8302,SOUTH,36.1189,-86.7264,POINT (-86.7264 36.1189)
20190855604,11/26/2019 05:01:00 PM,2,0,0,,N,279233,4,ANGLE,2,RAIN,3,DARK - LIGHTED,12,MOTOR VEHICLE IN TRANSPORT,HARDING PKE & KENNER AV,NASHVILLE,TN,37205,6021,WEST,36.1261,-86.8461,POINT (-86.8461 36.1261)
20190872854,12/04/2019 02:48:00 PM,2,0,0,,N,212322,4,ANGLE,21,CLEAR,1,DAYLIGHT,12,MOTOR VEHICLE IN TRANSPORT,JASON DR & VOLUNTEER DR,ANTIOCH,TN,37013,8899,SOUTH,36.0727,-86.6683,POINT (-86.6683 36.0727)
20190656020,09/03/2019 01:54:00 AM,2,0,0,,N,197075,11,Front to Rear,21,CLEAR,2,DARK - NOT LIGHTED,12,MOTOR VEHICLE IN TRANSPORT,MM 41 5 I 24,WHITES CREEK,TN,37189,3226,NORTH,36.2642,-86.7907,POINT (-86.7907 36.2642)
20190857889,11/27/2019 04:15:00 PM,2,3,0,,N,298858,4,ANGLE,21,CLEAR,1,DAYLIGHT,12,MOTOR VEHICLE IN TRANSPORT,US HWY 70 & CHARLOTTE AVE,NASHVILLE,TN,37203,4153,CENTRA,36.1612,-86.7927,POINT (-86.7927 36.1612)
20190753000,10/14/2019 07:27:00 AM,2,1,0,,N,429185,5,SIDESWIPE - SAME DIRECTION,21,CLEAR,1,DAYLIGHT,12,MOTOR VEHICLE IN TRANSPORT,SOUTHFORK BLVD & OLD HICKORY BLVD,OLD HICKORY,TN,37138,9617,HERMIT,36.2208,-86.6249,POINT (-86.6249 36.2208)
20190879926,12/07/2019 02:45:00 PM,2,0,0,,Y,206964,98,OTHER,21,CLEAR,1,DAYLIGHT,12;14,MOTOR VEHICLE IN TRANSPORT;PARKED MOTOR VEHICLE,CRESSENT GLEN CT & LAWSON DR,ANTIOCH,TN,37013,8763,SOUTH,36.0084,-86.65,POINT (-86.65 36.0084)
20190659318,09/04/2019 09:12:00 AM,2,0,0,,N,226673,4,ANGLE,21,CLEAR,1,DAYLIGHT,12,MOTOR VEHICLE IN TRANSPORT,4TH AVN & CHURCH ST,NASHVILLE,TN,37219,4129,CENTRA,36.1637,-86.779,POINT (-86.779 36.1637)
20190852842,11/25/2019 02:39:00 PM,1,0,0,,N,384423,0,NOT COLLISION W/MOTOR VEHICLE-TRANSPORT,21,CLEAR,1,DAYLIGHT,50,DEER (ANIMAL),HIGHWAY 100 & HIGHWAY 96,NASHVILLE,TN,37221,4805,WEST,36.0128,-87.0451,POINT (-87.0451 36.0128)
20190777131,10/24/2019 08:45:00 AM,2,0,0,,N,226405,4,ANGLE,21,CLEAR,1,DAYLIGHT,12,MOTOR VEHICLE IN TRANSPORT,21ST AVS & LINDEN AV,NASHVILLE,TN,37212,6605,MIDTOW,36.1281,-86.8032,POINT (-86.8032 36.1281)
20190605197,08/14/2019 06:45:00 AM,2,1,0,Y,N,226622,11,Front to Rear,21,CLEAR,1,DAYLIGHT,12;24,MOTOR VEHICLE IN TRANSPORT;GUARDRAIL FACE,MM 193 3 I 40,NASHVILLE,TN,37221,4704,WEST,36.0775,-87.0069,POINT (-87.0069 36.0775)
20190777692,10/24/2019 01:35:00 PM,2,0,0,,N,493304,11,Front to Rear,21,CLEAR,1,DAYLIGHT,12,MOTOR VEHICLE IN TRANSPORT,GALLATIN PKES & MAPLE ST,MADISON,TN,37115,1607,MADISO,36.2617,-86.7124,POINT (-86.7124 36.2617)
20190845605,11/22/2019 08:57:00 AM,3,1,0,,N,553957,11,Front to Rear,2,RAIN,1,DAYLIGHT,12,MOTOR VEHICLE IN TRANSPORT,MM 213 1 I 40,NASHVILLE,TN,37210,82061,HERMIT,36.14,-86.7295,POINT (-86.7295 36.14)
20190832392,11/16/2019 11:48:00 PM,2,0,0,,N,320578,11,Front to Rear,21,CLEAR,3,DARK - LIGHTED,12,MOTOR VEHICLE IN TRANSPORT,HAYWOOD LN & I24 E ENT RAMP,NASHVILLE,TN,37211,8709,SOUTH,36.0691,-86.6905,POINT (-86.6905 36.0691)
20190723936,10/01/2019 01:15:00 PM,2,0,0,,N,716886,4,ANGLE,21,CLEAR,1,DAYLIGHT,12,MOTOR VEHICLE IN TRANSPORT,HAYSTACK LN & ANTIOCH PKE,NASHVILLE,TN,37211,8851,SOUTH,36.0714,-86.6848,POINT (-86.6848 36.0714)
20190590171,08/08/2019 01:14:00 PM,3,2,0,,N,279122,4,ANGLE,21,CLEAR,1,DAYLIGHT,12,MOTOR VEHICLE IN TRANSPORT,CLARKSVILLE PKE & OLD HICKORY BLVD,NASHVILLE,TN,37218,3231,NORTH,36.2764,-86.8688,POINT (-86.8688 36.2764)
20190885107,12/10/2019 01:30:00 AM,1,0,0,,N,332215,9,UNKNOWN,2,RAIN,9,UNKNOWN,99,UNKNOWN MOST HARMFUL EVENT,MM 1 7 I 440,NASHVILLE,TN,37209,5312,NORTH,36.1536,-86.8226,POINT (-86.8226 36.1536)
20190774270,10/23/2019 05:58:00 AM,4,1,0,,Y,166477,5,SIDESWIPE - SAME DIRECTION,21,CLEAR,3,DARK - LIGHTED,12;54,MOTOR VEHICLE IN TRANSPORT;Set In Motion By Motor Vehicle,MM 56 8 I 24,NASHVILLE,TN,37211,8810,SOUTH,36.0721,-86.6914,POINT (-86.6914 36.0721)
20190699827,09/20/2019 11:45:00 PM,1,0,0,Y,N,256495,0,NOT COLLISION W/MOTOR VEHICLE-TRANSPORT,21,CLEAR,3,DARK - LIGHTED,12;39,MOTOR VEHICLE IN TRANSPORT;WALL,GARFIELD ST & ROSA L PARKS BLVD,NASHVILLE,TN,37208,4343,NORTH,36.1806,-86.7963,POINT (-86.7963 36.1806)
20190849349,11/24/2019 12:30:00 AM,2,1,0,,N,299270,4,ANGLE,21,CLEAR,3,DARK - LIGHTED,12,MOTOR VEHICLE IN TRANSPORT,CHURCH ST & 15TH AVN,NASHVILLE,TN,37203,5517,MIDTOW,36.1574,-86.7926,POINT (-86.7926 36.1574)
20190855772,11/26/2019 07:30:00 PM,1,1,0,,N,384424,0,NOT COLLISION W/MOTOR VEHICLE-TRANSPORT,2,RAIN,3,DARK - LIGHTED,8,PEDESTRIAN,INTERSTATE DR & JAMES ROBERTSON PKWY,NASHVILLE,TN,37213,1105,CENTRA,36.1714,-86.769,POINT (-86.769 36.1714)
20190607132,08/14/2019 09:30:00 PM,2,0,0,,N,169425,5,SIDESWIPE - SAME DIRECTION,21,CLEAR,3,DARK - LIGHTED,14,PARKED MOTOR VEHICLE,SHERBOURNE AV & HALCYON AV,NASHVILLE,TN,37204,6953,MIDTOW,36.1223,-86.7857,POINT (-86.7857 36.1223)
20190780379,10/25/2019 03:51:00 PM,2,0,0,,N,311332,11,Front to Rear,2,RAIN,1,DAYLIGHT,12,MOTOR VEHICLE IN TRANSPORT,OLD HICKORY BLVD & I40 W EXT RAMP,HERMITAGE,TN,37076,9557,HERMIT,36.1708,-86.6016,POINT (-86.6016 36.1708)
20190630920,08/23/2019 05:55:00 PM,2,2,0,,N,714641,11,Front to Rear,21,CLEAR,1,DAYLIGHT,12,MOTOR VEHICLE IN TRANSPORT,BROADWAY & 10TH AVS,NASHVILLE,TN,37203,4077,CENTRA,36.158,-86.7843,POINT (-86.7843 36.158)
20190878259,12/06/2019 05:45:00 PM,2,0,0,,N,352197,11,Front to Rear,21,CLEAR,3,DARK - LIGHTED,12,MOTOR VEHICLE IN TRANSPORT,MM 59 8 I 24,ANTIOCH,TN,37013,88060,SOUTH,36.0422,-86.6533,POINT (-86.6533 36.0422)
20190747129,10/11/2019 10:41:00 AM,2,2,0,,N,462474,4,ANGLE,22,CLOUDY,1,DAYLIGHT,12,MOTOR VEHICLE IN TRANSPORT,FRANKLIN PKE & FRANKLIN PKE NB ENT RAMP,NASHVILLE,TN,37204,7011,MIDTOW,36.1093,-86.7732,POINT (-86.7732 36.1093)
20190751778,10/13/2019 05:42:00 PM,1,1,0,,N,206674,0,NOT COLLISION W/MOTOR VEHICLE-TRANSPORT,21,CLEAR,1,DAYLIGHT,1,,MM 38 6 I 24,WHITES CREEK,TN,37189,33181,NORTH,36.3026,-86.8128,POINT (-86.8128 36.3026)
20190652036,09/01/2019 07:29:00 AM,2,0,0,,N,306231,4,ANGLE,21,CLEAR,1,DAYLIGHT,12,MOTOR VEHICLE IN TRANSPORT,WHITES CREEK PKE & W TRINITY LN,NASHVILLE,TN,37207,3037,NORTH,36.2076,-86.7921,POINT (-86.7921 36.2076)
20190929180,12/30/2019 08:51:00 AM,3,0,0,,N,591933,11,Front to Rear,21,CLEAR,1,DAYLIGHT,12,MOTOR VEHICLE IN TRANSPORT,OLD HICKORY BLVD & HOBSON PKE,ANTIOCH,TN,37013,8867,SOUTH,36.036,-86.611,POINT (-86.611 36.036)
20190914689,12/22/2019 07:32:00 PM,2,1,0,,N,579971,4,ANGLE,2,RAIN,3,DARK - LIGHTED,12,MOTOR VEHICLE IN TRANSPORT,OLD HICKORY BLVD & EULALA DR,ANTIOCH,TN,37013,8757,SOUTH,36.0454,-86.7036,POINT (-86.7036 36.0454)
20190765126,10/18/2019 11:54:00 PM,10,0,0,Y,N,311341,4,ANGLE,22,CLOUDY,3,DARK - LIGHTED,12;14;19,MOTOR VEHICLE IN TRANSPORT;PARKED MOTOR VEHICLE;BUILDING,MOUNTAIN VALLEY DR & MOUNTAIN VALLEY BND,NASHVILLE,TN,37221,4815,WEST,36.0966,-86.9289,POINT (-86.9289 36.0966)
20190608289,08/15/2019 09:02:00 AM,2,0,0,,N,769379,4,ANGLE,21,CLEAR,1,DAYLIGHT,12,MOTOR VEHICLE IN TRANSPORT,MM 54 5 I 24,NASHVILLE,TN,37211,84021,SOUTH,36.0999,-86.7113,POINT (-86.7113 36.0999)
20190788819,10/29/2019 12:39:00 PM,2,0,0,,N,225773,4,ANGLE,22,CLOUDY,1,DAYLIGHT,12,MOTOR VEHICLE IN TRANSPORT,FOSTER CREIGHTON DR & THOMPSON LN,NASHVILLE,TN,37204,8523,MIDTOW,36.111,-86.7535,POINT (-86.7535 36.111)
20190829145,11/15/2019 12:08:00 PM,2,0,0,,N,384442,5,SIDESWIPE - SAME DIRECTION,21,CLEAR,1,DAYLIGHT,12,MOTOR VEHICLE IN TRANSPORT,THOMPSON LN & BRANSFORD AV,NASHVILLE,TN,37204,8525,MIDTOW,36.1123,-86.767,POINT (-86.767 36.1123)
20190593713,08/09/2019 05:05:00 PM,2,1,0,,N,256383,5,SIDESWIPE - SAME DIRECTION,21,CLEAR,1,DAYLIGHT,12,MOTOR VEHICLE IN TRANSPORT,FIRESTONE PKWY & OLD HICKORY BLVD,ANTIOCH,TN,37013,8869,SOUTH,36.0168,-86.6199,POINT (-86.6199 36.0168)
20190611728,08/16/2019 04:10:00 PM,2,0,0,,Y,256427,11,Front to Rear,21,CLEAR,1,DAYLIGHT,12,MOTOR VEHICLE IN TRANSPORT,MM 214 0 I 40,NASHVILLE,TN,37217,88020,HERMIT,36.1417,-86.7137,POINT (-86.7137 36.1417)
20190810606,11/07/2019 02:10:00 PM,2,0,0,,Y,134899,5,SIDESWIPE - SAME DIRECTION,2,RAIN,1,DAYLIGHT,12;14,MOTOR VEHICLE IN TRANSPORT;PARKED MOTOR VEHICLE,CLAIBORNE ST & CANNON ST,NASHVILLE,TN,37210,8209,HERMIT,36.15,-86.7609,POINT (-86.7609 36.15)
20190636636,08/26/2019 07:09:00 AM,3,2,0,,N,716886,4,ANGLE,2,RAIN,1,DAYLIGHT,12,MOTOR VEHICLE IN TRANSPORT,MURFREESBORO PKE & BELL RD,ANTIOCH,TN,37013,8865,SOUTH,36.072,-86.636,POINT (-86.636 36.072)
20190815365,11/09/2019 05:05:00 PM,2,0,0,,N,311344,11,Front to Rear,21,CLEAR,3,DARK - LIGHTED,12,MOTOR VEHICLE IN TRANSPORT,GALLATIN PKEN & EDENWOLD RD,MADISON,TN,37115,1721,MADISO,36.2885,-86.7047,POINT (-86.7047 36.2885)
20190593691,08/09/2019 02:55:00 PM,2,0,0,,N,330444,2,HEAD-ON,21,CLEAR,1,DAYLIGHT,12,MOTOR VEHICLE IN TRANSPORT,WEDGEWOOD AV & VILLA PL,NASHVILLE,TN,37212,6613,MIDTOW,36.1362,-86.7935,POINT (-86.7935 36.1362)
20190755757,10/15/2019 08:06:00 AM,2,0,0,,N,332253,5,SIDESWIPE - SAME DIRECTION,21,CLEAR,1,DAYLIGHT,1;12;33,MOTOR VEHICLE IN TRANSPORT;CURB,BELL GRIMES LN & DICKERSON PKE,MADISON,TN,37115,2039,MADISO,36.2683,-86.7562,POINT (-86.7562 36.2683)
20190748457,10/11/2019 11:33:00 PM,3,1,0,,N,299245,11,Front to Rear,2,RAIN,2,DARK - NOT LIGHTED,12;37,MOTOR VEHICLE IN TRANSPORT;Other Traffic Barrier,FERN AV & WHITES CREEK PKE,NASHVILLE,TN,37207,1867,EAST,36.1955,-86.7751,POINT (-86.7751 36.1955)
20190906065,12/18/2019 06:07:00 PM,2,0,0,,Y,299267,4,ANGLE,21,CLEAR,3,DARK - LIGHTED,12,MOTOR VEHICLE IN TRANSPORT,I40 E ENT RAMP & I 40,NASHVILLE,TN,37205,4903,WEST,36.1109,-86.922,POINT (-86.922 36.1109)
20190600625,08/12/2019 02:05:00 PM,2,1,0,,N,580819,5,SIDESWIPE - SAME DIRECTION,21,CLEAR,1,DAYLIGHT,12,MOTOR VEHICLE IN TRANSPORT,I24 W ENT RAMP & I 24,NASHVILLE,TN,37206,1009,EAST,36.1666,-86.7638,POINT (-86.7638 36.1666)
20190647243,08/30/2019 10:10:00 AM,1,0,0,Y,N,352214,0,NOT COLLISION W/MOTOR VEHICLE-TRANSPORT,21,CLEAR,1,DAYLIGHT,40,MAIL BOX,HERMAN ST & 19TH AVN,NASHVILLE,TN,37208,5355,NORTH,36.1631,-86.8051,POINT (-86.8051 36.1631)
20190606008,08/14/2019 12:37:00 PM,2,0,0,,N,716886,11,Front to Rear,21,CLEAR,1,DAYLIGHT,12,MOTOR VEHICLE IN TRANSPORT,NOLENSVILLE PKE & BREWER DR,NASHVILLE,TN,37211,8715,SOUTH,36.0535,-86.715,POINT (-86.715 36.0535)
20190844397,11/21/2019 08:20:00 PM,2,0,0,,Y,151132,16,Rear to Side,22,CLOUDY,3,DARK - LIGHTED,12,MOTOR VEHICLE IN TRANSPORT,E OLD HICKORY BLVD & GALLATIN PKES,MADISON,TN,37115,1607,MADISO,36.2623,-86.7118,POINT (-86.7118 36.2623)
20190724815,10/01/2019 12:00:00 AM,1,1,0,,N,352213,0,NOT COLLISION W/MOTOR VEHICLE-TRANSPORT,21,CLEAR,3,DARK - LIGHTED,34,DITCH,CRESCENT RD & CLEARVIEW DR,NASHVILLE,TN,37205,6021,WEST,36.1209,-86.8372,POINT (-86.8372 36.1209)
20190781571,10/26/2019 05:26:00 AM,2,0,0,,Y,299269,5,SIDESWIPE - SAME DIRECTION,2,RAIN,3,DARK - LIGHTED,12,MOTOR VEHICLE IN TRANSPORT,MM 87 6 I 65,NASHVILLE,TN,37207,1804,EAST,36.2107,-86.7758,POINT (-86.7758 36.2107)
20190925825,12/28/2019 03:15:00 PM,2,1,0,,N,330440,4,ANGLE,21,CLEAR,1,DAYLIGHT,12,MOTOR VEHICLE IN TRANSPORT,DOMINICAN DR & ROSA L PARKS BLVD,NASHVILLE,TN,37228,4445,NORTH,36.1879,-86.7985,POINT (-86.7985 36.1879)
20190872679,12/04/2019 02:33:00 PM,2,3,0,,N,591933,4,ANGLE,21,CLEAR,1,DAYLIGHT,12,MOTOR VEHICLE IN TRANSPORT,ANDERSON RD & CREEKVIEW DR,ANTIOCH,TN,37013,8979,SOUTH,36.074,-86.6249,POINT (-86.6249 36.074)
20190796928,11/01/2019 06:47:00 PM,2,0,0,,N,191570,5,SIDESWIPE - SAME DIRECTION,22,CLOUDY,3,DARK - LIGHTED,12,MOTOR VEHICLE IN TRANSPORT,WEDGEWOOD AV & I65 N ENT RAMP,NASHVILLE,TN,37204,8027,MIDTOW,36.1343,-86.7747,POINT (-86.7747 36.1343)
20190760670,10/17/2019 06:48:00 AM,3,0,0,,N,462474,4,ANGLE,21,CLEAR,4,DAWN,12;14,MOTOR VEHICLE IN TRANSPORT;PARKED MOTOR VEHICLE,16TH AVS & HORTON AV,NASHVILLE,TN,37212,6621,MIDTOW,36.1403,-86.7944,POINT (-86.7944 36.1403)
20190885780,12/10/2019 08:18:00 AM,1,0,0,,N,676834,0,NOT COLLISION W/MOTOR VEHICLE-TRANSPORT,2,RAIN,1,DAYLIGHT,50,DEER (ANIMAL),CLARKSVILLE PKE & RAWLINGS RD,JOELTON,TN,37080,3329,NORTH,36.3115,-86.8827,POINT (-86.8827 36.3115)
20190813161,11/08/2019 02:03:00 PM,2,0,0,,N,330415,11,Front to Rear,21,CLEAR,1,DAYLIGHT,12,MOTOR VEHICLE IN TRANSPORT,0 LAFAYETTE ST,NASHVILLE,TN,37210,8209,HERMIT,36.1474,-86.7579,POINT (-86.7579 36.1474)
20190818570,11/11/2019 12:00:00 AM,2,0,0,,Y,429205,5,SIDESWIPE - SAME DIRECTION,21,CLEAR,1,DAYLIGHT,12,MOTOR VEHICLE IN TRANSPORT,MM 49 3 I 24,NASHVILLE,TN,37206,10040,EAST,36.1629,-86.7614,POINT (-86.7614 36.1629)
20190798903,11/02/2019 12:00:00 AM,2,0,0,,Y,352164,4,ANGLE,21,CLEAR,3,DARK - LIGHTED,14,PARKED MOTOR VEHICLE,4TH AVN & JAMES ROBERTSON PKWY,NASHVILLE,TN,37219,4203,CENTRA,36.1675,-86.7814,POINT (-86.7814 36.1675)
20190603561,08/13/2019 02:50:00 PM,2,0,0,,Y,212338,11,Front to Rear,2,RAIN,1,DAYLIGHT,55,Motor Vehicle-In-Motion Outside Trafficw,4114 HILLSBORO PKE,NASHVILLE,TN,37215,6111,WEST,36.101,-86.8187,POINT (-86.8187 36.101)
20190855516,11/26/2019 04:30:00 PM,2,0,0,,N,352177,6,SIDESWIPE - OPPOSITE DIRECTION,2,RAIN,5,DUSK,12,MOTOR VEHICLE IN TRANSPORT,40TH AVN & CLIFTON AV,NASHVILLE,TN,37209,4533,WEST,36.1564,-86.8344,POINT (-86.8344 36.1564)
20190714411,09/27/2019 07:22:00 AM,2,0,0,,N,584947,4,ANGLE,21,CLEAR,1,DAYLIGHT,12,MOTOR VEHICLE IN TRANSPORT,HARDING PL & SHADESCREST DR,NASHVILLE,TN,37211,8607,MIDTOW,36.0771,-86.7366,POINT (-86.7366 36.0771)
20190671198,09/09/2019 03:50:00 PM,2,0,0,,N,834813,11,Front to Rear,21,CLEAR,1,DAYLIGHT,12;57,MOTOR VEHICLE IN TRANSPORT;Cable Barrier,MM 38 8 I 24,WHITES CREEK,TN,37189,2212,NORTH,36.2992,-86.8116,POINT (-86.8116 36.2992)
20190603667,08/13/2019 03:50:00 PM,2,0,0,,Y,337276,5,SIDESWIPE - SAME DIRECTION,2,RAIN,1,DAYLIGHT,14;55,PARKED MOTOR VEHICLE;Motor Vehicle-In-Motion Outside Trafficw,HART LN & HART CT,NASHVILLE,TN,37207,1823,EAST,36.2212,-86.7583,POINT (-86.7583 36.2212)
20190886146,12/10/2019 11:10:00 AM,2,0,0,,N,225950,4,ANGLE,22,CLOUDY,1,DAYLIGHT,12,MOTOR VEHICLE IN TRANSPORT,20TH AVS & WEST END AV,NASHVILLE,TN,37203,5709,MIDTOW,36.1514,-86.7993,POINT (-86.7993 36.1514)
20190616101,08/18/2019 11:11:00 AM,2,0,0,,Y,140790,9,UNKNOWN,99,UNKNOWN,9,UNKNOWN,12;14,MOTOR VEHICLE IN TRANSPORT;PARKED MOTOR VEHICLE,HIDDEN HILL DR & LEESA ANN LN,HERMITAGE,TN,37076,9525,HERMIT,36.2051,-86.5866,POINT (-86.5866 36.2051)
20190650756,08/31/2019 07:08:00 PM,1,1,0,,N,309262,0,NOT COLLISION W/MOTOR VEHICLE-TRANSPORT,21,CLEAR,1,DAYLIGHT,30,UTILITY POLE,DICKERSON PKE & OLD DUE WEST AV,MADISON,TN,37115,2017,MADISO,36.25,-86.7572,POINT (-86.7572 36.25)
20190758221,10/16/2019 07:20:00 AM,2,1,0,,N,320586,11,Front to Rear,21,CLEAR,1,DAYLIGHT,12,MOTOR VEHICLE IN TRANSPORT,BRILEY PKWYN & EAST THOMPSON LN,NASHVILLE,TN,37211,8423,SOUTH,36.1095,-86.7281,POINT (-86.7281 36.1095)
20190849083,11/23/2019 09:21:00 PM,2,0,0,,N,256383,4,ANGLE,2,RAIN,3,DARK - LIGHTED,12,MOTOR VEHICLE IN TRANSPORT,EAST THOMPSON LN & LAWNDALE DR,NASHVILLE,TN,37217,8879,SOUTH,36.1223,-86.7176,POINT (-86.7176 36.1223)
20190644343,08/29/2019 07:58:00 AM,2,0,0,,N,109534,5,SIDESWIPE - SAME DIRECTION,21,CLEAR,1,DAYLIGHT,12,MOTOR VEHICLE IN TRANSPORT,MM 219 8 I 40,HERMITAGE,TN,37076,94021,HERMIT,36.1631,-86.6175,POINT (-86.6175 36.1631)
20190767750,10/20/2019 07:30:00 AM,1,0,0,,N,352164,0,NOT COLLISION W/MOTOR VEHICLE-TRANSPORT,22,CLOUDY,1,DAYLIGHT,34,DITCH,RURAL HILL RD & WILLOW POINTE PVTDR,ANTIOCH,TN,37013,8861,SOUTH,36.054,-86.6529,POINT (-86.6529 36.054)
20190875601,12/05/2019 05:25:00 PM,1,1,0,Y,N,352185,0,NOT COLLISION W/MOTOR VEHICLE-TRANSPORT,21,CLEAR,2,DARK - NOT LIGHTED,18;61,OTHER OBJECT (NOT FIXED);Equip Failure,S 16TH ST & BOSCOBEL ST,NASHVILLE,TN,37206,1223,EAST,36.1713,-86.7428,POINT (-86.7428 36.1713)
20190847556,11/23/2019 01:31:00 AM,1,0,0,Y,N,279117,0,NOT COLLISION W/MOTOR VEHICLE-TRANSPORT,2,RAIN,3,DARK - LIGHTED,31;41,"OTHER POST, POLE, SUPP.;SHRUBBERY",3200 DICKERSON PKE,NASHVILLE,TN,37216,1805,EAST,36.1169,-86.7272,POINT (-86.7272 36.1169)
20190609318,08/15/2019 05:30:00 PM,3,0,0,,N,320580,11,Front to Rear,21,CLEAR,1,DAYLIGHT,12,MOTOR VEHICLE IN TRANSPORT,MM 213 3 I 40,NASHVILLE,TN,37210,9004,HERMIT,36.1407,-86.7259,POINT (-86.7259 36.1407)
20190737527,10/07/2019 01:41:00 PM,2,0,0,,N,109534,11,Front to Rear,2,RAIN,1,DAYLIGHT,12,MOTOR VEHICLE IN TRANSPORT,MM 51 5 I 24,NASHVILLE,TN,37210,9004,HERMIT,36.1404,-86.7287,POINT (-86.7287 36.1404)
20190744451,10/10/2019 09:13:00 AM,2,0,0,,Y,755026,11,Front to Rear,21,CLEAR,1,DAYLIGHT,14,PARKED MOTOR VEHICLE,EAST THOMPSON LN & LAWNDALE DR,NASHVILLE,TN,37217,8879,SOUTH,36.1223,-86.7176,POINT (-86.7176 36.1223)
20190728430,10/03/2019 08:10:00 AM,1,1,0,,N,352207,0,NOT COLLISION W/MOTOR VEHICLE-TRANSPORT,21,CLEAR,1,DAYLIGHT,8,PEDESTRIAN,WEST END AV & 30TH AVS,NASHVILLE,TN,37212,5815,MIDTOW,36.143,-86.815,POINT (-86.815 36.143)
20190641686,08/28/2019 07:05:00 AM,3,0,0,,N,352201,11,Front to Rear,21,CLEAR,1,DAYLIGHT,12,MOTOR VEHICLE IN TRANSPORT,BELL RD & BELL RD PVTDR,HERMITAGE,TN,37076,9501,HERMIT,36.1571,-86.6179,POINT (-86.6179 36.1571)
20190712471,09/26/2019 12:21:00 PM,2,3,0,,N,909494,4,ANGLE,2,RAIN,1,DAYLIGHT,12,MOTOR VEHICLE IN TRANSPORT,ALHAMBRA CIR & DICKERSON PKE,NASHVILLE,TN,37207,1823,EAST,36.22,-86.7623,POINT (-86.7623 36.22)
20190813394,11/08/2019 05:35:00 PM,2,0,0,,N,352202,5,SIDESWIPE - SAME DIRECTION,21,CLEAR,3,DARK - LIGHTED,12,MOTOR VEHICLE IN TRANSPORT,12TH AVS & DIVISION ST,NASHVILLE,TN,37203,4015,CENTRA,36.1514,-86.7843,POINT (-86.7843 36.1514)
20190793335,10/31/2019 06:59:00 AM,1,0,0,,N,414731,0,NOT COLLISION W/MOTOR VEHICLE-TRANSPORT,2,RAIN,1,DAYLIGHT,33;71,CURB;EMBANKMENT EARTH,RECOVERY RD & WALLACE RD,NASHVILLE,TN,37211,8701,SOUTH,36.0791,-86.7205,POINT (-86.7205 36.0791)
20190886391,12/10/2019 12:45:00 PM,2,0,0,,N,429188,5,SIDESWIPE - SAME DIRECTION,4,SNOW,1,DAYLIGHT,12,MOTOR VEHICLE IN TRANSPORT,HICKORY HOLLOW PKWY & HICKORY HOLLOW MAL,ANTIOCH,TN,37013,8859,SOUTH,36.0484,-86.6593,POINT (-86.6593 36.0484)