Accident Number,Date and Time,Number of Motor Vehicles,Number of Injuries,Number of Fatalities,Property Damage,Hit and Run,Reporting Officer,Collision Type Code,Collision Type Description,Weather Code,Weather Description,Illumination Code,Illumination Description,Harmful Code,Harmful Code Description,Street Address,City,State,ZIP,RPA,Precinct,Latitude,Longitude,Mapped Location
20190641193,08/28/2019 11:09:00 AM,3,0,0,,N,676834,11,Front to Rear,21,CLEAR,1,DAYLIGHT,12,MOTOR VEHICLE IN TRANSPORT,MM 86 5 I 65,NASHVILLE,TN,37207,3006,NORTH,36.1946,-86.7762,POINT (-86.7762 36.1946)
20190914095,12/22/2019 11:18:00 AM,2,0,0,,N,591933,11,Front to Rear,2,RAIN,1,DAYLIGHT,12,MOTOR VEHICLE IN TRANSPORT,OLD HICKORY BLVD & HOBSON PKE,ANTIOCH,TN,37013,8867,SOUTH,36.036,-86.611,POINT (-86.611 36.036)
20190774496,10/23/2019 07:56:00 AM,3,1,0,,N,224464,11,Front to Rear,21,CLEAR,1,DAYLIGHT,12,MOTOR VEHICLE IN TRANSPORT,MM 85 4 I 65,NASHVILLE,TN,37208,43042,NORTH,36.1875,-86.7947,POINT (-86.7947 36.1875)
20190742811,10/09/2019 05:31:00 PM,2,1,0,,N,179606,4,ANGLE,21,CLEAR,1,DAYLIGHT,12,MOTOR VEHICLE IN TRANSPORT,MCMURRAY DR & HILSON RD,NASHVILLE,TN,37211,8657,MIDTOW,36.0549,-86.729,POINT (-86.729 36.0549)
20190674593,09/10/2019 07:30:00 PM,2,0,0,,Y,384446,11,Front to Rear,21,CLEAR,5,DUSK,12,MOTOR VEHICLE IN TRANSPORT,BELL RD & BEECHWOOD TER,ANTIOCH,TN,37013,8753,SOUTH,36.0449,-86.6684,POINT (-86.6684 36.0449)
20190823726,11/13/2019 07:49:00 AM,2,0,0,,N,140790,11,Front to Rear,21,CLEAR,1,DAYLIGHT,12,MOTOR VEHICLE IN TRANSPORT,MM 215 3 I 40,NASHVILLE,TN,37217,89020,HERMIT,36.1436,-86.6894,POINT (-86.6894 36.1436)
20190813609,11/08/2019 06:10:00 PM,2,1,0,,N,384446,11,Front to Rear,21,CLEAR,3,DARK - LIGHTED,12,MOTOR VEHICLE IN TRANSPORT,KENNER AV & HARDING PKE,NASHVILLE,TN,37205,6021,WEST,36.1258,-86.8465,POINT (-86.8465 36.1258)
20190660160,09/04/2019 03:30:00 PM,1,0,0,Y,Y,633391,0,NOT COLLISION W/MOTOR VEHICLE-TRANSPORT,21,CLEAR,1,DAYLIGHT,19,BUILDING,RICHLAND CREEK SHOPPING CENTER & CHARLOT,NASHVILLE,TN,37209,5117,WEST,36.1515,-86.8542,POINT (-86.8542 36.1515)
20190619357,08/19/2019 06:46:00 PM,2,0,0,,N,256383,11,Front to Rear,21,CLEAR,1,DAYLIGHT,12,MOTOR VEHICLE IN TRANSPORT,HOBSON PKE & MURFREESBORO PKE,ANTIOCH,TN,37013,8867,SOUTH,36.043,-86.6066,POINT (-86.6066 36.043)
20190657683,09/03/2019 05:40:00 PM,2,0,0,,Y,337276,11,Front to Rear,21,CLEAR,1,DAYLIGHT,12,MOTOR VEHICLE IN TRANSPORT,BROADMOOR DR & LEMONT DR,NASHVILLE,TN,37216,1843,EAST,36.2303,-86.7438,POINT (-86.7438 36.2303)
20190871629,12/04/2019 05:51:00 AM,2,0,0,,N,191786,5,SIDESWIPE - SAME DIRECTION,21,CLEAR,4,DAWN,12,MOTOR VEHICLE IN TRANSPORT,14TH AVN & CHARLOTTE AV,NASHVILLE,TN,37203,5501,MIDTOW,36.1608,-86.7937,POINT (-86.7937 36.1608)
20190595354,08/10/2019 08:50:00 AM,1,0,0,Y,N,279230,0,NOT COLLISION W/MOTOR VEHICLE-TRANSPORT,21,CLEAR,1,DAYLIGHT,24,GUARDRAIL FACE,MM 56 4 I 24,NASHVILLE,TN,37211,8810,SOUTH,36.0776,-86.6947,POINT (-86.6947 36.0776)
20190886001,12/10/2019 10:00:00 AM,2,0,0,,N,226622,4,ANGLE,22,CLOUDY,1,DAYLIGHT,12,MOTOR VEHICLE IN TRANSPORT,HARDING PKE & WOODMONT BLVD,NASHVILLE,TN,37205,6021,WEST,36.1253,-86.8472,POINT (-86.8472 36.1253)
20190721109,09/30/2019 11:33:00 AM,2,0,0,,N,226622,4,ANGLE,21,CLEAR,1,DAYLIGHT,12,MOTOR VEHICLE IN TRANSPORT,CHARLOTTE PKE & MIDLAND AV,NASHVILLE,TN,37209,5033,WEST,36.1499,-86.8591,POINT (-86.8591 36.1499)
20190667859,09/08/2019 12:20:00 AM,2,0,0,,Y,352170,11,Front to Rear,21,CLEAR,3,DARK - LIGHTED,12,MOTOR VEHICLE IN TRANSPORT,I24 E ENT RAMP & I 24,NASHVILLE,TN,37213,1007,CENTRA,36.1662,-86.7659,POINT (-86.7659 36.1662)
20190695066,09/19/2019 06:35:00 AM,2,0,0,,N,191578,4,ANGLE,21,CLEAR,1,DAYLIGHT,12,MOTOR VEHICLE IN TRANSPORT,OLD LEBANON DIRT RD & TULIP GROVE RD,HERMITAGE,TN,37076,9559,HERMIT,36.1891,-86.5936,POINT (-86.5936 36.1891)
20190810901,11/07/2019 05:00:00 PM,2,7,1,Y,N,256384,4,ANGLE,2,RAIN,3,DARK - LIGHTED,12,MOTOR VEHICLE IN TRANSPORT,3RD AVS & MILDRED SHUTE AV,NASHVILLE,TN,37210,8153,SOUTH,36.1471,-86.7669,POINT (-86.7669 36.1471)
20190633803,08/24/2019 09:31:00 PM,2,0,0,,N,405418,11,Front to Rear,21,CLEAR,3,DARK - LIGHTED,12,MOTOR VEHICLE IN TRANSPORT,CLOVERLAND DR & FREDERICKSBURG WAYW,BRENTWOOD,TN,37027,8623,MIDTOW,36.0367,-86.7686,POINT (-86.7686 36.0367)
20190858181,11/27/2019 06:55:00 PM,2,0,0,,Y,256391,6,SIDESWIPE - OPPOSITE DIRECTION,21,CLEAR,3,DARK - LIGHTED,14,PARKED MOTOR VEHICLE,MAURY ST & CANNON ST,NASHVILLE,TN,37210,8207,HERMIT,36.1514,-86.7594,POINT (-86.7594 36.1514)
20190891490,12/12/2019 10:50:00 AM,2,0,0,,N,420035,11,Front to Rear,21,CLEAR,1,DAYLIGHT,12,MOTOR VEHICLE IN TRANSPORT,BRILEY PKWYW & BRILEY PKWYE,NASHVILLE,TN,37218,3216,NORTH,36.2254,-86.8638,POINT (-86.8638 36.2254)
20190783956,10/27/2019 02:55:00 PM,1,0,0,,N,330443,0,NOT COLLISION W/MOTOR VEHICLE-TRANSPORT,22,CLOUDY,1,DAYLIGHT,42;63,TREE;Ran Off Road-Right,I24 W ENT RAMP & I 24,NASHVILLE,TN,37206,1009,EAST,36.1666,-86.7638,POINT (-86.7638 36.1666)
20190900111,12/16/2019 12:05:00 PM,2,0,0,,Y,212325,4,ANGLE,2,RAIN,1,DAYLIGHT,12,MOTOR VEHICLE IN TRANSPORT,BRILEY PKWYE & I24 W EXT RAMP,NASHVILLE,TN,37207,2003,MADISO,36.2381,-86.783,POINT (-86.783 36.2381)
20190637527,08/26/2019 01:45:00 PM,2,0,0,,N,256383,6,SIDESWIPE - OPPOSITE DIRECTION,22,CLOUDY,1,DAYLIGHT,12,MOTOR VEHICLE IN TRANSPORT,OLD HICKORY BLVD & I24 W EXT RAMP,ANTIOCH,TN,37013,8869,SOUTH,36.0158,-86.6201,POINT (-86.6201 36.0158)
20190820946,11/13/2019 07:30:00 AM,2,0,0,,N,420059,11,Front to Rear,21,CLEAR,1,DAYLIGHT,12,MOTOR VEHICLE IN TRANSPORT,TROUSDALE DR & BLACKMAN RD,NASHVILLE,TN,37211,8603,MIDTOW,36.0391,-86.7437,POINT (-86.7437 36.0391)
20190824574,11/13/2019 03:35:00 PM,2,0,0,,N,212330,4,ANGLE,21,CLEAR,1,DAYLIGHT,12,MOTOR VEHICLE IN TRANSPORT,MM 55 2 I 24,NASHVILLE,TN,37211,8812,SOUTH,36.0923,-86.7049,POINT (-86.7049 36.0923)
20190594488,08/09/2019 12:00:00 AM,2,0,0,,Y,320591,4,ANGLE,99,UNKNOWN,9,UNKNOWN,12,MOTOR VEHICLE IN TRANSPORT,PICCADILLY ROW & WOBURN WAY,NASHVILLE,TN,37217,8853,SOUTH,36.0814,-86.6635,POINT (-86.6635 36.0814)
20190612954,08/17/2019 12:00:00 AM,1,1,0,,Y,212336,0,NOT COLLISION W/MOTOR VEHICLE-TRANSPORT,21,CLEAR,2,DARK - NOT LIGHTED,36,CONCRETE TRAFFIC BARRIER,ELLINGTON PKWYN & ELLINGTON PKWYS,NASHVILLE,TN,37216,1890,EAST,36.2227,-86.7464,POINT (-86.7464 36.2227)
20190734715,10/06/2019 01:00:00 AM,2,1,0,,N,240972,4,ANGLE,21,CLEAR,3,DARK - LIGHTED,12,MOTOR VEHICLE IN TRANSPORT,2ND AVS & I40 W EXT RAMP,NASHVILLE,TN,37210,4003,CENTRA,36.1518,-86.7686,POINT (-86.7686 36.1518)
20190841216,11/20/2019 02:30:00 PM,2,0,0,,N,405391,5,SIDESWIPE - SAME DIRECTION,21,CLEAR,1,DAYLIGHT,12,MOTOR VEHICLE IN TRANSPORT,CHARLOTTE PKE & CABOT DR,NASHVILLE,TN,37209,4677,WEST,36.2336,-86.7283,POINT (-86.7283 36.2336)
20190690957,09/17/2019 04:30:00 PM,2,0,0,,N,256446,11,Front to Rear,21,CLEAR,1,DAYLIGHT,12,MOTOR VEHICLE IN TRANSPORT,MT VIEW RD & SANTI LN,ANTIOCH,TN,37013,8865,SOUTH,36.0492,-86.6261,POINT (-86.6261 36.0492)
20190927016,12/29/2019 04:45:00 AM,1,0,0,Y,Y,309263,0,NOT COLLISION W/MOTOR VEHICLE-TRANSPORT,2,RAIN,3,DARK - LIGHTED,30,UTILITY POLE,SHELBY AV & I24 W ENT RAMP,NASHVILLE,TN,37213,1002,CENTRA,36.1666,-86.7649,POINT (-86.7649 36.1666)
20190788131,10/29/2019 08:01:00 AM,2,0,0,,N,812949,11,Front to Rear,22,CLOUDY,1,DAYLIGHT,12,MOTOR VEHICLE IN TRANSPORT,MM 40 1 I 24,WHITES CREEK,TN,37189,2210,MADISO,36.2821,-86.8045,POINT (-86.8045 36.2821)
20190665054,09/06/2019 04:55:00 PM,2,1,0,,N,320603,2,HEAD-ON,21,CLEAR,1,DAYLIGHT,1;12,MOTOR VEHICLE IN TRANSPORT,STATE HWY 251 & BELLE FOREST CIR,NASHVILLE,TN,37205,4903,WEST,36.0767,-86.9205,POINT (-86.9205 36.0767)
20190838081,11/19/2019 11:38:00 AM,2,0,0,,N,134899,4,ANGLE,21,CLEAR,1,DAYLIGHT,12,MOTOR VEHICLE IN TRANSPORT,LEBANON PKE & BONNABROOK DR,HERMITAGE,TN,37076,9531,HERMIT,36.1917,-86.6248,POINT (-86.6248 36.1917)
20190633736,08/24/2019 09:12:00 PM,2,2,0,,N,330435,11,Front to Rear,21,CLEAR,3,DARK - LIGHTED,12,MOTOR VEHICLE IN TRANSPORT,I65 N EXT RAMP & I65 N ENT RAMP,NASHVILLE,TN,37207,1863,EAST,36.2061,-86.774,POINT (-86.774 36.2061)
20190781076,10/25/2019 09:20:00 PM,2,0,0,,Y,352215,11,Front to Rear,2,RAIN,3,DARK - LIGHTED,12,MOTOR VEHICLE IN TRANSPORT,31ST AVE S & 32ND AVE S,NASHVILLE,TN,37212,5815,MIDTOW,36.142,-86.815,POINT (-86.815 36.142)
20190616712,08/18/2019 07:22:00 PM,2,1,0,,N,279116,11,Front to Rear,21,CLEAR,3,DARK - LIGHTED,12,MOTOR VEHICLE IN TRANSPORT,MM 79 0 I 65,NASHVILLE,TN,37204,8502,MIDTOW,36.0987,-86.7636,POINT (-86.7636 36.0987)
20190854265,11/26/2019 06:20:00 AM,2,0,0,,N,352209,4,ANGLE,21,CLEAR,1,DAYLIGHT,14,PARKED MOTOR VEHICLE,4TH AVN & UNION ST,NASHVILLE,TN,37219,4159,CENTRA,36.1652,-86.78,POINT (-86.78 36.1652)
20190663974,09/06/2019 07:29:00 AM,2,0,0,,N,191578,11,Front to Rear,21,CLEAR,1,DAYLIGHT,12,MOTOR VEHICLE IN TRANSPORT,BELL RD & HERON POINTE DR,NASHVILLE,TN,37214,8943,HERMIT,36.1184,-86.6311,POINT (-86.6311 36.1184)
20190770469,10/21/2019 03:37:00 PM,2,0,0,,Y,580819,9,UNKNOWN,2,RAIN,1,DAYLIGHT,12,MOTOR VEHICLE IN TRANSPORT,BROADWAY & 8TH AVS,NASHVILLE,TN,37203,4083,CENTRA,36.1589,-86.7821,POINT (-86.7821 36.1589)
20190747831,10/11/2019 05:37:00 PM,2,2,0,,N,330440,5,SIDESWIPE - SAME DIRECTION,2,RAIN,1,DAYLIGHT,1;12;24,MOTOR VEHICLE IN TRANSPORT;GUARDRAIL FACE,MM 86 3 I 65,NASHVILLE,TN,37207,1910,CENTRA,36.1919,-86.7808,POINT (-86.7808 36.1919)
20190886811,12/10/2019 04:20:00 PM,2,0,0,,Y,256389,4,ANGLE,21,CLEAR,1,DAYLIGHT,12,MOTOR VEHICLE IN TRANSPORT,STATE HWY 255 & US HWY 31 ALT,NASHVILLE,TN,37211,8609,MIDTOW,36.0788,-86.7287,POINT (-86.7287 36.0788)
20190648689,08/30/2019 07:29:00 PM,2,1,0,,N,279116,4,ANGLE,21,CLEAR,3,DARK - LIGHTED,12,MOTOR VEHICLE IN TRANSPORT,OLD HICKORY BLVD & S HILLVIEW DR,NASHVILLE,TN,37220,7111,MIDTOW,36.0375,-86.791,POINT (-86.791 36.0375)
20190758974,10/16/2019 12:00:00 AM,2,0,0,,N,429205,5,SIDESWIPE - SAME DIRECTION,21,CLEAR,1,DAYLIGHT,12,MOTOR VEHICLE IN TRANSPORT,US HWY 31 & GAY ST,NASHVILLE,TN,37219,4203,CENTRA,36.1683,-86.7822,POINT (-86.7822 36.1683)
20190929923,12/30/2019 04:20:00 PM,2,0,0,,N,414668,11,Front to Rear,21,CLEAR,1,DAYLIGHT,12,MOTOR VEHICLE IN TRANSPORT,WOODLAND ST & WOODLAND ST,NASHVILLE,TN,37213,1101,CENTRA,36.1676,-86.7758,POINT (-86.7758 36.1676)
20190741741,10/09/2019 08:20:00 AM,2,0,0,,N,716877,5,SIDESWIPE - SAME DIRECTION,21,CLEAR,1,DAYLIGHT,12,MOTOR VEHICLE IN TRANSPORT,NOLENSVILLE PKE & MILL CREEK WHITTEMORE,ANTIOCH,TN,37013,8757,SOUTH,36.04,-86.7128,POINT (-86.7128 36.04)
20190790979,10/30/2019 08:57:00 AM,2,0,0,,N,279230,11,Front to Rear,2,RAIN,1,DAYLIGHT,12,MOTOR VEHICLE IN TRANSPORT,I40 W EXT RAMP & I 40,NASHVILLE,TN,37203,4119,CENTRA,36.1574,-86.79,POINT (-86.79 36.1574)
20190679410,09/12/2019 06:10:00 PM,2,0,0,Y,Y,887598,4,ANGLE,21,CLEAR,1,DAYLIGHT,12;31;38,"MOTOR VEHICLE IN TRANSPORT;OTHER POST, POLE, SUPP.;FENCE",MEADOW RD & FAIRVIEW DR,NASHVILLE,TN,37218,3149,NORTH,36.2109,-86.8405,POINT (-86.8405 36.2109)
20190617010,08/18/2019 09:40:00 PM,2,0,0,,Y,311326,5,SIDESWIPE - SAME DIRECTION,21,CLEAR,3,DARK - LIGHTED,12,MOTOR VEHICLE IN TRANSPORT,21ST AVN & JEFFERSON ST,NASHVILLE,TN,37208,5325,NORTH,36.1691,-86.8096,POINT (-86.8096 36.1691)
20190846515,11/22/2019 04:15:00 PM,4,0,0,,N,352197,9,UNKNOWN,21,CLEAR,1,DAYLIGHT,12,MOTOR VEHICLE IN TRANSPORT,MM 63 0 I 24,ANTIOCH,TN,37013,8702,SOUTH,36.0094,-86.6151,POINT (-86.6151 36.0094)
20190807374,11/06/2019 07:55:00 AM,3,1,0,,N,384445,11,Front to Rear,21,CLEAR,1,DAYLIGHT,12,MOTOR VEHICLE IN TRANSPORT,MM 204 0 I 40,NASHVILLE,TN,37209,50024,WEST,36.1522,-86.8581,POINT (-86.8581 36.1522)
20190782365,10/26/2019 05:05:00 PM,2,0,0,,Y,330440,2,HEAD-ON,2,RAIN,1,DAYLIGHT,12,MOTOR VEHICLE IN TRANSPORT,DOMINICAN DR & ROSA L PARKS BLVD,NASHVILLE,TN,37228,4445,NORTH,36.1879,-86.7985,POINT (-86.7985 36.1879)
20190598695,08/11/2019 08:40:00 PM,1,1,0,,Y,206682,0,NOT COLLISION W/MOTOR VEHICLE-TRANSPORT,21,CLEAR,3,DARK - LIGHTED,8,PEDESTRIAN,E OLD HICKORY BLVD & LANIER DR,MADISON,TN,37115,1611,MADISO,36.2634,-86.6965,POINT (-86.6965 36.2634)
20190683833,09/14/2019 12:02:00 PM,3,0,0,,N,584947,4,ANGLE,21,CLEAR,1,DAYLIGHT,12,MOTOR VEHICLE IN TRANSPORT,NOLENSVILLE PKE & FLORA MAXWELL RD,NASHVILLE,TN,37211,8701,SOUTH,36.0751,-86.7249,POINT (-86.7249 36.0751)
20190924552,12/27/2019 08:48:00 PM,1,1,0,Y,Y,330440,0,NOT COLLISION W/MOTOR VEHICLE-TRANSPORT,21,CLEAR,3,DARK - LIGHTED,18,OTHER OBJECT (NOT FIXED),CLARKSVILLE PKE & CANTARUTTI RD,JOELTON,TN,37080,3245,NORTH,36.2825,-86.8774,POINT (-86.8774 36.2825)
20190879466,12/07/2019 12:00:00 AM,1,0,0,,Y,591933,0,NOT COLLISION W/MOTOR VEHICLE-TRANSPORT,99,UNKNOWN,9,UNKNOWN,34,DITCH,MURFREESBORO PKE & HAMILTON GLEN PL,ANTIOCH,TN,37013,8865,SOUTH,36.0602,-86.6234,POINT (-86.6234 36.0602)
20190770467,10/21/2019 02:10:00 PM,2,0,0,,N,320581,4,ANGLE,2,RAIN,1,DAYLIGHT,12,MOTOR VEHICLE IN TRANSPORT,DR D B TODD JR BLVD & JEFFERSON ST,NASHVILLE,TN,37208,5323,NORTH,36.1695,-86.8066,POINT (-86.8066 36.1695)
20190841516,11/20/2019 04:28:00 PM,2,0,0,,N,337276,4,ANGLE,21,CLEAR,1,DAYLIGHT,12,MOTOR VEHICLE IN TRANSPORT,S 5TH ST & WOODLAND ST,NASHVILLE,TN,37206,1113,EAST,36.1718,-86.7648,POINT (-86.7648 36.1718)
20190874613,12/05/2019 08:23:00 AM,2,0,0,,N,140804,11,Front to Rear,21,CLEAR,1,DAYLIGHT,12,MOTOR VEHICLE IN TRANSPORT,ELLINGTON PKWY S ENT RAMP & ELLINGTON PK,NASHVILLE,TN,37207,1855,EAST,36.2032,-86.7516,POINT (-86.7516 36.2032)
20190895033,12/13/2019 07:55:00 PM,2,1,0,,N,197047,11,Front to Rear,2,RAIN,3,DARK - LIGHTED,12,MOTOR VEHICLE IN TRANSPORT,S 5TH ST & WOODLAND ST,NASHVILLE,TN,37206,1113,EAST,36.1718,-86.7648,POINT (-86.7648 36.1718)
20190855569,11/26/2019 05:30:00 PM,2,3,0,,Y,206682,11,Front to Rear,2,RAIN,3,DARK - LIGHTED,12,MOTOR VEHICLE IN TRANSPORT,OLD HICKORY BLVDW & OLD TIME VILLAGE PVT,MADISON,TN,37115,1771,MADISO,36.2632,-86.7131,POINT (-86.7131 36.2632)
20190891903,12/12/2019 02:10:00 PM,2,1,0,,N,306231,4,ANGLE,21,CLEAR,1,DAYLIGHT,12,MOTOR VEHICLE IN TRANSPORT,14TH AVN & JEFFERSON ST,NASHVILLE,TN,37208,5415,NORTH,36.1707,-86.8013,POINT (-86.8013 36.1707)
20190793071,10/31/2019 05:52:00 AM,1,0,0,,N,299261,0,NOT COLLISION W/MOTOR VEHICLE-TRANSPORT,2,RAIN,3,DARK - LIGHTED,18,OTHER OBJECT (NOT FIXED),GRANNY WHITE PKE & DUNCANWOOD DR,NASHVILLE,TN,37204,7021,MIDTOW,36.0991,-86.8009,POINT (-86.8009 36.0991)
20190871856,12/04/2019 07:53:00 AM,2,0,0,,N,191578,11,Front to Rear,21,CLEAR,1,DAYLIGHT,12,MOTOR VEHICLE IN TRANSPORT,ELM HILL PKE & DONELSON PKE,NASHVILLE,TN,37214,9411,HERMIT,36.1485,-86.6651,POINT (-86.6651 36.1485)
20190802733,11/04/2019 01:40:00 PM,3,0,0,,N,140808,11,Front to Rear,21,CLEAR,1,DAYLIGHT,12,MOTOR VEHICLE IN TRANSPORT,HILLSBORO PKE & HEMINGWAY DR,NASHVILLE,TN,37215,6203,WEST,36.0797,-86.8361,POINT (-86.8361 36.0797)
20190613694,08/17/2019 11:08:00 AM,2,1,0,,N,156307,4,ANGLE,21,CLEAR,1,DAYLIGHT,12,MOTOR VEHICLE IN TRANSPORT,HERMAN ST & 28TH AVN,NASHVILLE,TN,37208,5309,NORTH,36.1617,-86.8187,POINT (-86.8187 36.1617)
20190594151,08/09/2019 08:05:00 PM,1,1,0,,Y,279124,0,NOT COLLISION W/MOTOR VEHICLE-TRANSPORT,21,CLEAR,3,DARK - LIGHTED,9,,VILLAS OF BAVARIA PVTDR & APACHE TRL,NASHVILLE,TN,37211,8709,SOUTH,36.0668,-86.6878,POINT (-86.6878 36.0668)
20190719616,09/29/2019 05:19:00 PM,2,0,0,,N,256446,4,ANGLE,21,CLEAR,1,DAYLIGHT,12,MOTOR VEHICLE IN TRANSPORT,PETTUS RD & PRESTON RD,ANTIOCH,TN,37013,8763,SOUTH,36.0207,-86.665,POINT (-86.665 36.0207)
20190732006,10/04/2019 05:43:00 PM,2,0,0,,N,311337,11,Front to Rear,21,CLEAR,1,DAYLIGHT,12,MOTOR VEHICLE IN TRANSPORT,MM 215 0 I 40,NASHVILLE,TN,37214,91021,HERMIT,36.1444,-86.6948,POINT (-86.6948 36.1444)
20190666259,09/07/2019 12:00:00 AM,1,0,0,,N,405424,0,NOT COLLISION W/MOTOR VEHICLE-TRANSPORT,21,CLEAR,3,DARK - LIGHTED,33,CURB,OLD HICKORY BLVD & CENTER ST,OLD HICKORY,TN,37138,9717,HERMIT,36.2252,-86.6256,POINT (-86.6256 36.2252)
20190743172,10/09/2019 08:20:00 PM,2,0,0,,Y,151132,11,Front to Rear,21,CLEAR,2,DARK - NOT LIGHTED,12,MOTOR VEHICLE IN TRANSPORT,MM 40 5 I 24,WHITES CREEK,TN,37189,3314,NORTH,36.2776,-86.8006,POINT (-86.8006 36.2776)
20190896356,12/14/2019 12:09:00 PM,2,0,0,,N,584947,5,SIDESWIPE - SAME DIRECTION,21,CLEAR,1,DAYLIGHT,12,MOTOR VEHICLE IN TRANSPORT,MM 209 5 I 40,NASHVILLE,TN,37203,40040,CENTRA,36.1502,-86.7844,POINT (-86.7844 36.1502)
20190853112,11/25/2019 06:25:00 PM,1,1,0,,N,717341,0,NOT COLLISION W/MOTOR VEHICLE-TRANSPORT,21,CLEAR,3,DARK - LIGHTED,8,PEDESTRIAN,ZELIDA AV & BELL RD,ANTIOCH,TN,37013,8865,SOUTH,36.0549,-86.6425,POINT (-86.6425 36.0549)
20190885619,12/10/2019 07:24:00 AM,1,1,0,,N,109534,0,NOT COLLISION W/MOTOR VEHICLE-TRANSPORT,3,"SLEET, HAIL",1,DAYLIGHT,1;24;63,GUARDRAIL FACE;Ran Off Road-Right,I40 E EXT RAMP & I 40,NASHVILLE,TN,37214,8955,HERMIT,36.155,-86.6271,POINT (-86.6271 36.155)
20190659946,09/04/2019 01:52:00 PM,2,0,0,,N,352213,11,Front to Rear,21,CLEAR,1,DAYLIGHT,12,MOTOR VEHICLE IN TRANSPORT,51ST AVN & CHARLOTTE AV,NASHVILLE,TN,37209,5121,WEST,36.1525,-86.8486,POINT (-86.8486 36.1525)
20190698311,09/20/2019 12:00:00 PM,2,0,0,,Y,352211,6,SIDESWIPE - OPPOSITE DIRECTION,21,CLEAR,1,DAYLIGHT,12,MOTOR VEHICLE IN TRANSPORT,CHARLOTTE AV & 35TH AVN,NASHVILLE,TN,37209,5237,WEST,36.1528,-86.826,POINT (-86.826 36.1528)
20190820822,11/12/2019 06:00:00 AM,2,0,0,,N,429185,4,ANGLE,21,CLEAR,1,DAYLIGHT,12,MOTOR VEHICLE IN TRANSPORT,MURFREESBORO PKE & MILLWOOD DR,NASHVILLE,TN,37217,8815,HERMIT,36.1295,-86.7147,POINT (-86.7147 36.1295)
20190775683,10/23/2019 04:19:00 PM,2,0,0,,N,279233,11,Front to Rear,21,CLEAR,1,DAYLIGHT,12,MOTOR VEHICLE IN TRANSPORT,I440 E EXT RAMP & I 440,NASHVILLE,TN,37205,5249,WEST,36.1366,-86.8221,POINT (-86.8221 36.1366)
20190625020,08/21/2019 04:53:00 PM,2,1,0,,N,909486,11,Front to Rear,21,CLEAR,1,DAYLIGHT,12,MOTOR VEHICLE IN TRANSPORT,NOLENSVILLE PKE & HARDING PL,NASHVILLE,TN,37211,8501,MIDTOW,36.0807,-86.7267,POINT (-86.7267 36.0807)
20190759098,10/16/2019 02:23:00 PM,2,0,0,,N,256446,4,ANGLE,21,CLEAR,1,DAYLIGHT,12,MOTOR VEHICLE IN TRANSPORT,I24 W ENT RAMP & I 24,NASHVILLE,TN,37206,1009,EAST,36.1666,-86.7638,POINT (-86.7638 36.1666)
20190748009,10/11/2019 07:00:00 PM,2,0,0,,N,240976,4,ANGLE,2,RAIN,3,DARK - LIGHTED,12,MOTOR VEHICLE IN TRANSPORT,CLEVELAND ST & MCFERRIN AV,NASHVILLE,TN,37206,1943,EAST,36.1843,-86.7548,POINT (-86.7548 36.1843)
20190768083,10/20/2019 12:05:00 PM,2,1,0,Y,Y,633381,11,Front to Rear,21,CLEAR,1,DAYLIGHT,1;12;31,"MOTOR VEHICLE IN TRANSPORT;OTHER POST, POLE, SUPP.",MURFREESBORO PKE & PHILFRE CT,NASHVILLE,TN,37211,8803,SOUTH,36.078,-86.6829,POINT (-86.6829 36.078)
20190606520,08/14/2019 04:38:00 PM,2,1,0,,N,267831,4,ANGLE,21,CLEAR,1,DAYLIGHT,12,MOTOR VEHICLE IN TRANSPORT,46TH AVN & ALABAMA AV,NASHVILLE,TN,37209,5201,WEST,36.153,-86.8423,POINT (-86.8423 36.153)
20190827655,11/14/2019 10:01:00 PM,2,2,0,,N,151132,11,Front to Rear,22,CLOUDY,3,DARK - LIGHTED,12,MOTOR VEHICLE IN TRANSPORT,MM 91 8 I 65,MADISON,TN,37115,17280,MADISO,36.2589,-86.7382,POINT (-86.7382 36.2589)
20190713385,09/26/2019 12:00:00 AM,2,0,0,,N,299258,5,SIDESWIPE - SAME DIRECTION,21,CLEAR,3,DARK - LIGHTED,12,MOTOR VEHICLE IN TRANSPORT,W TRINITY LN & SCRUGGS LN,NASHVILLE,TN,37207,3007,NORTH,36.2068,-86.7805,POINT (-86.7805 36.2068)
20190864340,12/01/2019 03:05:00 AM,1,0,0,Y,Y,320583,0,NOT COLLISION W/MOTOR VEHICLE-TRANSPORT,21,CLEAR,2,DARK - NOT LIGHTED,39;40,WALL;MAIL BOX,BATTERY LN & DUSTIN LN,NASHVILLE,TN,37220,7103,MIDTOW,36.088,-86.7827,POINT (-86.7827 36.088)
20190660798,09/04/2019 11:50:00 PM,1,0,0,Y,N,384421,0,NOT COLLISION W/MOTOR VEHICLE-TRANSPORT,21,CLEAR,2,DARK - NOT LIGHTED,40,MAIL BOX,BENZING RD & BRENTRIDGE DR,ANTIOCH,TN,37013,8719,SOUTH,36.0488,-86.6862,POINT (-86.6862 36.0488)
20190920059,12/25/2019 03:20:00 PM,2,0,0,,Y,320580,5,SIDESWIPE - SAME DIRECTION,21,CLEAR,1,DAYLIGHT,14,PARKED MOTOR VEHICLE,FAIN ST & FAIRFIELD AV,NASHVILLE,TN,37210,8221,HERMIT,36.1516,-86.7567,POINT (-86.7567 36.1516)