Accident Number,Date and Time,Number of Motor Vehicles,Number of Injuries,Number of Fatalities,Property Damage,Hit and Run,Reporting Officer,Collision Type Code,Collision Type Description,Weather Code,Weather Description,Illumination Code,Illumination Description,Harmful Code,Harmful Code Description,Street Address,City,State,ZIP,RPA,Precinct,Latitude,Longitude,Mapped Location
20190654665,09/02/2019 11:30:00 AM,2,0,0,,N,279122,5,SIDESWIPE - SAME DIRECTION,21,CLEAR,1,DAYLIGHT,12,MOTOR VEHICLE IN TRANSPORT,MM 87 3 I 65,NASHVILLE,TN,37207,1804,EAST,36.2068,-86.7762,POINT (-86.7762 36.2068)
20190889436,12/11/2019 04:18:00 PM,2,2,0,,N,256423,98,OTHER,21,CLEAR,1,DAYLIGHT,12,MOTOR VEHICLE IN TRANSPORT,BRILEY PKWYN & BRILEY PKWY N EXT RAMP,NASHVILLE,TN,37214,9294,HERMIT,36.1977,-86.688,POINT (-86.688 36.1977)
20190662038,09/05/2019 12:40:00 PM,3,3,0,,N,352168,4,ANGLE,21,CLEAR,1,DAYLIGHT,12,MOTOR VEHICLE IN TRANSPORT,BATTLEFIELD DR & GRANNY WHITE PKE,NASHVILLE,TN,37215,6417,MIDTOW,36.1153,-86.792,POINT (-86.792 36.1153)
20190734895,10/06/2019 02:47:00 AM,1,0,0,Y,Y,311336,0,NOT COLLISION W/MOTOR VEHICLE-TRANSPORT,21,CLEAR,3,DARK - LIGHTED,40,MAIL BOX,MCCLURKAN AV & TREVECCA AV,NASHVILLE,TN,37206,1883,EAST,36.1958,-86.7452,POINT (-86.7452 36.1958)
20190822099,11/12/2019 05:14:00 PM,2,0,0,,N,240976,11,Front to Rear,21,CLEAR,2,DARK - NOT LIGHTED,12,MOTOR VEHICLE IN TRANSPORT,ELLINGTON PKWYN & ELLINGTON PKWYS,NASHVILLE,TN,37216,1890,EAST,36.2227,-86.7464,POINT (-86.7464 36.2227)
20190700893,09/21/2019 05:11:00 PM,2,1,0,,N,320581,4,ANGLE,21,CLEAR,1,DAYLIGHT,12,MOTOR VEHICLE IN TRANSPORT,32ND AVN & JOHN A MERRITT BLVD,NASHVILLE,TN,37209,4521,NORTH,36.1671,-86.8256,POINT (-86.8256 36.1671)
20190681005,09/13/2019 07:50:00 AM,2,0,0,,N,544481,11,Front to Rear,21,CLEAR,1,DAYLIGHT,14,PARKED MOTOR VEHICLE,S 7TH ST & SYLVAN ST,NASHVILLE,TN,37206,1021,EAST,36.1677,-86.757,POINT (-86.757 36.1677)
20190881462,12/08/2019 10:09:00 AM,2,0,0,,N,352211,98,OTHER,,,1,DAYLIGHT,12,MOTOR VEHICLE IN TRANSPORT,FOXHALL RD & STATE HWY 155,NASHVILLE,TN,37215,6103,WEST,36.1161,-86.8323,POINT (-86.8323 36.1161)
20190620865,08/20/2019 07:40:00 AM,3,1,0,,N,405391,11,Front to Rear,21,CLEAR,1,DAYLIGHT,12,MOTOR VEHICLE IN TRANSPORT,HARDING PKE & BROOKMONT TER,NASHVILLE,TN,37221,4901,WEST,36.0809,-86.8996,POINT (-86.8996 36.0809)
20190681653,09/13/2019 01:45:00 PM,2,0,0,,Y,348631,4,ANGLE,21,CLEAR,1,DAYLIGHT,12,MOTOR VEHICLE IN TRANSPORT,S 6TH ST & CAYCE PLACE PVTDR,NASHVILLE,TN,37206,1013,EAST,36.1667,-86.7594,POINT (-86.7594 36.1667)
20190676056,09/11/2019 11:45:00 AM,2,0,0,,Y,676834,5,SIDESWIPE - SAME DIRECTION,21,CLEAR,1,DAYLIGHT,12;14,MOTOR VEHICLE IN TRANSPORT;PARKED MOTOR VEHICLE,500 GREAT CIRCLE RD,NASHVILLE,TN,37228,4443,NORTH,36.1977,-86.8076,POINT (-86.8076 36.1977)
20190896794,12/14/2019 05:40:00 PM,4,2,0,,N,579971,11,Front to Rear,22,CLOUDY,3,DARK - LIGHTED,12;55,MOTOR VEHICLE IN TRANSPORT;Motor Vehicle-In-Motion Outside Trafficw,MM 59 3 I 24,ANTIOCH,TN,37013,87061,SOUTH,36.0459,-86.6601,POINT (-86.6601 36.0459)
20190650363,08/31/2019 02:05:00 PM,2,2,0,,N,352197,11,Front to Rear,21,CLEAR,1,DAYLIGHT,12,MOTOR VEHICLE IN TRANSPORT,MM 54 7 I 24,NASHVILLE,TN,37211,8602,SOUTH,36.0977,-86.7096,POINT (-86.7096 36.0977)
20190773347,10/22/2019 07:04:00 PM,2,1,0,,N,352161,4,ANGLE,21,CLEAR,3,DARK - LIGHTED,12,MOTOR VEHICLE IN TRANSPORT,28TH AVN & JEFFERSON ST,NASHVILLE,TN,37208,4525,NORTH,36.1672,-86.8206,POINT (-86.8206 36.1672)
20190625063,08/21/2019 05:15:00 PM,2,2,0,,N,256426,11,Front to Rear,21,CLEAR,1,DAYLIGHT,12,MOTOR VEHICLE IN TRANSPORT,BRILEY PKWY S EXT RAMP & BRILEY PKWYS,NASHVILLE,TN,37214,9209,HERMIT,36.1924,-86.6874,POINT (-86.6874 36.1924)
20190715202,09/27/2019 02:50:00 PM,2,1,0,,N,240983,11,Front to Rear,21,CLEAR,1,DAYLIGHT,12,MOTOR VEHICLE IN TRANSPORT,I24E & I24 W EXT RAMP,NASHVILLE,TN,37210,8102,SOUTH,36.1336,-86.7269,POINT (-86.7269 36.1336)
20190719422,09/29/2019 03:23:00 PM,2,0,0,,N,330444,5,SIDESWIPE - SAME DIRECTION,21,CLEAR,1,DAYLIGHT,12,MOTOR VEHICLE IN TRANSPORT,MM 209 3 I 40,NASHVILLE,TN,37203,40041,CENTRA,36.1537,-86.7878,POINT (-86.7878 36.1537)
20190086986,12/03/2019 03:30:00 PM,2,0,0,,N,134899,4,ANGLE,21,CLEAR,1,DAYLIGHT,12,MOTOR VEHICLE IN TRANSPORT,DONELSON PKE & I40 E ENT RAMP,NASHVILLE,TN,37214,8953,HERMIT,36.1396,-86.6662,POINT (-86.6662 36.1396)
20190781351,10/26/2019 01:53:00 AM,2,0,0,,N,256377,11,Front to Rear,2,RAIN,3,DARK - LIGHTED,12,MOTOR VEHICLE IN TRANSPORT,MURFREESBORO PKE & BOWWOOD CT,NASHVILLE,TN,37217,8811,SOUTH,36.1256,-86.7097,POINT (-86.7097 36.1256)
20190806172,11/05/2019 08:13:00 PM,2,2,0,,N,256389,11,Front to Rear,21,CLEAR,3,DARK - LIGHTED,12,MOTOR VEHICLE IN TRANSPORT,OLD HICKORY BLVD & I65 N EXT RAMP,BRENTWOOD,TN,37027,8623,MIDTOW,36.0399,-86.781,POINT (-86.781 36.0399)
20190750198,10/12/2019 08:28:00 PM,2,0,0,,Y,256383,5,SIDESWIPE - SAME DIRECTION,21,CLEAR,3,DARK - LIGHTED,12,MOTOR VEHICLE IN TRANSPORT,MURFREESBORO PKE & PHILFRE CT,NASHVILLE,TN,37211,8803,SOUTH,36.078,-86.6829,POINT (-86.6829 36.078)
20190674066,09/10/2019 06:38:00 PM,2,0,0,,N,299257,11,Front to Rear,2,RAIN,3,DARK - LIGHTED,12,MOTOR VEHICLE IN TRANSPORT,HUNTINGTON PKWY & EDMONDSON PKE,NASHVILLE,TN,37211,8653,MIDTOW,36.0522,-86.7431,POINT (-86.7431 36.0522)
20190851112,11/24/2019 10:59:00 PM,1,0,0,,N,320591,0,NOT COLLISION W/MOTOR VEHICLE-TRANSPORT,21,CLEAR,3,DARK - LIGHTED,50,DEER (ANIMAL),BLUE HOLE RD & BELL RD,ANTIOCH,TN,37013,8721,SOUTH,36.0458,-86.6744,POINT (-86.6744 36.0458)
20190796491,11/01/2019 03:45:00 PM,2,0,0,,N,320597,11,Front to Rear,21,CLEAR,1,DAYLIGHT,12,MOTOR VEHICLE IN TRANSPORT,BELL RD & CANE RIDGE RD,ANTIOCH,TN,37013,8721,SOUTH,36.0447,-86.6615,POINT (-86.6615 36.0447)
20190914165,12/22/2019 12:15:00 PM,2,0,0,,N,212345,11,Front to Rear,21,CLEAR,1,DAYLIGHT,12,MOTOR VEHICLE IN TRANSPORT,BROADMOOR DR & DICKERSON PKE,NASHVILLE,TN,37207,1809,EAST,36.2294,-86.7593,POINT (-86.7593 36.2294)
20190867364,12/02/2019 03:48:00 PM,2,1,0,,N,384421,11,Front to Rear,21,CLEAR,1,DAYLIGHT,12,MOTOR VEHICLE IN TRANSPORT,MM 218 0 I 40,NASHVILLE,TN,37217,89020,HERMIT,36.1413,-86.667,POINT (-86.667 36.1413)
20190599924,08/12/2019 08:36:00 AM,2,0,0,,Y,716886,11,Front to Rear,21,CLEAR,1,DAYLIGHT,12,MOTOR VEHICLE IN TRANSPORT,HARDING PL & ANTIOCH PKE,NASHVILLE,TN,37211,8843,SOUTH,36.0878,-86.6914,POINT (-86.6914 36.0878)
20190874565,12/05/2019 08:52:00 AM,1,0,0,,N,419952,0,NOT COLLISION W/MOTOR VEHICLE-TRANSPORT,21,CLEAR,1,DAYLIGHT,24,GUARDRAIL FACE,MM 194 8 I 40,NASHVILLE,TN,37221,4704,WEST,36.0754,-86.98,POINT (-86.98 36.0754)
20190620757,08/20/2019 06:56:00 AM,2,0,0,,N,909494,11,Front to Rear,21,CLEAR,1,DAYLIGHT,12,MOTOR VEHICLE IN TRANSPORT,ELLINGTON PKWYS & ELLINGTON PKWY N EXT R,NASHVILLE,TN,37206,1992,EAST,36.1906,-86.7534,POINT (-86.7534 36.1906)
20190868970,12/03/2019 07:56:00 AM,2,2,0,,N,676834,4,ANGLE,21,CLEAR,1,DAYLIGHT,12,MOTOR VEHICLE IN TRANSPORT,CLARKSVILLE PKE & ROSA L PARKS BLVD,NASHVILLE,TN,37228,4483,NORTH,36.1889,-86.8231,POINT (-86.8231 36.1889)
20190731646,10/04/2019 02:40:00 PM,3,1,0,,N,330417,11,Front to Rear,21,CLEAR,1,DAYLIGHT,12,MOTOR VEHICLE IN TRANSPORT,MYATT DR & MYATT CENTER LN,MADISON,TN,37115,1715,MADISO,36.2468,-86.6694,POINT (-86.6694 36.2468)
20190916932,12/23/2019 08:13:00 PM,2,0,0,,Y,384407,4,ANGLE,21,CLEAR,3,DARK - LIGHTED,12,MOTOR VEHICLE IN TRANSPORT,HICKS RD & SAWYER BROWN RD,NASHVILLE,TN,37221,4815,WEST,36.0866,-86.937,POINT (-86.937 36.0866)
20190626804,08/22/2019 08:20:00 AM,2,0,0,,N,299247,5,SIDESWIPE - SAME DIRECTION,22,CLOUDY,1,DAYLIGHT,12,MOTOR VEHICLE IN TRANSPORT,GARLAND DR & LATTING DR,NASHVILLE,TN,,,,36.2117,-86.581,POINT (-86.581 36.2117)
20190644864,08/29/2019 12:20:00 PM,2,0,0,,N,676834,3,REAR-TO-REAR,21,CLEAR,1,DAYLIGHT,12,MOTOR VEHICLE IN TRANSPORT,JOHN A MERRITT BLVD & 33RD AVN,NASHVILLE,TN,37209,4519,NORTH,36.1672,-86.8266,POINT (-86.8266 36.1672)
20190932660,12/31/2019 08:48:00 PM,1,1,0,,N,240955,0,NOT COLLISION W/MOTOR VEHICLE-TRANSPORT,21,CLEAR,3,DARK - LIGHTED,1;34;41;47;63,DITCH;SHRUBBERY;FIRE HYDRANT;Ran Off Road-Right,MURFREESBORO PKE & OLD HICKORY BLVD,ANTIOCH,TN,37013,8867,SOUTH,36.0413,-86.6051,POINT (-86.6051 36.0413)
20190694498,09/19/2019 12:55:00 AM,1,1,0,,N,279195,0,NOT COLLISION W/MOTOR VEHICLE-TRANSPORT,21,CLEAR,2,DARK - NOT LIGHTED,18;30,OTHER OBJECT (NOT FIXED);UTILITY POLE,ANDREW JACKSON PKWY & STONERS GLEN DR,HERMITAGE,TN,37076,9511,HERMIT,36.1915,-86.6066,POINT (-86.6066 36.1915)
20190688087,09/16/2019 03:29:00 PM,2,0,0,,Y,151132,11,Front to Rear,21,CLEAR,1,DAYLIGHT,12,MOTOR VEHICLE IN TRANSPORT,MYATT DR & SPRING BRANCH DR,MADISON,TN,37115,1721,MADISO,36.2938,-86.6964,POINT (-86.6964 36.2938)
20190849660,11/24/2019 04:20:00 AM,2,2,0,,N,676828,4,ANGLE,21,CLEAR,3,DARK - LIGHTED,13,MOTOR VEHICLE IN TRANSPORT-OTHER ROADWAY,28TH AVN & CHARLOTTE AV,NASHVILLE,TN,37209,5341,MIDTOW,36.154,-86.8182,POINT (-86.8182 36.154)
20190763536,10/18/2019 08:54:00 AM,2,0,0,,N,620072,5,SIDESWIPE - SAME DIRECTION,21,CLEAR,1,DAYLIGHT,12,MOTOR VEHICLE IN TRANSPORT,US HWY 431 & BELCOURT AVE,NASHVILLE,TN,37212,5825,MIDTOW,36.1367,-86.8009,POINT (-86.8009 36.1367)
20190612712,08/16/2019 12:00:00 AM,1,0,0,,N,279233,0,NOT COLLISION W/MOTOR VEHICLE-TRANSPORT,21,CLEAR,2,DARK - NOT LIGHTED,30,UTILITY POLE,OLD CHARLOTTE PKE & RIVER ROAD PKE,NASHVILLE,TN,37221,4709,WEST,36.122,-86.9256,POINT (-86.9256 36.122)
20190833315,11/17/2019 10:59:00 AM,2,0,0,,N,161952,4,ANGLE,21,CLEAR,1,DAYLIGHT,12,MOTOR VEHICLE IN TRANSPORT,3111 CLARKSVILLE PKE,NASHVILLE,TN,37218,3157,NORTH,36.1929,-86.83,POINT (-86.83 36.1929)
20190857626,11/27/2019 02:03:00 PM,2,0,0,,N,462474,4,ANGLE,21,CLEAR,1,DAYLIGHT,12,MOTOR VEHICLE IN TRANSPORT,US HWY 31 & HOGAN RD,NASHVILLE,TN,37220,7101,MIDTOW,36.0668,-86.7742,POINT (-86.7742 36.0668)
20190783078,10/27/2019 01:55:00 AM,2,3,0,,N,299269,2,HEAD-ON,21,CLEAR,2,DARK - NOT LIGHTED,12,MOTOR VEHICLE IN TRANSPORT,MM 39 8 I 24,WHITES CREEK,TN,37189,3314,NORTH,36.2853,-86.8083,POINT (-86.8083 36.2853)
20190816317,11/10/2019 03:10:00 AM,1,0,0,Y,N,311343,0,NOT COLLISION W/MOTOR VEHICLE-TRANSPORT,21,CLEAR,3,DARK - LIGHTED,18;24,OTHER OBJECT (NOT FIXED);GUARDRAIL FACE,I440 W ENT RAMP & I 440,NASHVILLE,TN,37210,81021,SOUTH,36.1259,-86.7322,POINT (-86.7322 36.1259)
20190729957,10/03/2019 08:50:00 PM,2,0,0,,N,311344,4,ANGLE,21,CLEAR,3,DARK - LIGHTED,12,MOTOR VEHICLE IN TRANSPORT,N DUPONT AV & MYATT DR,MADISON,TN,37115,1705,MADISO,36.2665,-86.6901,POINT (-86.6901 36.2665)
20190597161,08/11/2019 01:35:00 AM,2,0,0,,N,330414,11,Front to Rear,21,CLEAR,3,DARK - LIGHTED,12,MOTOR VEHICLE IN TRANSPORT,US HWY 31W & DARBYTOWN DR,MADISON,TN,37115,2039,MADISO,36.2652,-86.757,POINT (-86.757 36.2652)
20190744921,10/10/2019 01:28:00 PM,2,0,0,,Y,109534,5,SIDESWIPE - SAME DIRECTION,21,CLEAR,1,DAYLIGHT,12;99,MOTOR VEHICLE IN TRANSPORT;UNKNOWN MOST HARMFUL EVENT,MM 213 9 I 40,NASHVILLE,TN,37217,8802,HERMIT,36.1415,-86.7148,POINT (-86.7148 36.1415)
20190756516,10/15/2019 02:30:00 PM,1,1,0,Y,N,311332,0,NOT COLLISION W/MOTOR VEHICLE-TRANSPORT,21,CLEAR,1,DAYLIGHT,38;72,FENCE;EMBANKMENT ROCK/STONE/CONCRETE,TENNESSEE AVE & 48TH AVE N,NASHVILLE,TN,37209,4511,WEST,36.161,-86.8437,POINT (-86.8437 36.161)
20190650081,08/31/2019 09:56:00 AM,2,0,0,,N,320575,4,ANGLE,21,CLEAR,1,DAYLIGHT,12,MOTOR VEHICLE IN TRANSPORT,ANTIOCH PKE & HARDING PL,NASHVILLE,TN,37211,8847,SOUTH,36.0874,-86.6922,POINT (-86.6922 36.0874)
20190921435,12/26/2019 10:49:00 AM,2,1,0,,N,419952,4,ANGLE,22,CLOUDY,1,DAYLIGHT,12,MOTOR VEHICLE IN TRANSPORT,HIGHWAY 70S & HARPETH VALLEY RD,NASHVILLE,TN,37221,4713,WEST,36.0823,-86.9605,POINT (-86.9605 36.0823)
20190876919,12/06/2019 06:55:00 AM,2,0,0,,N,665896,11,Front to Rear,22,CLOUDY,1,DAYLIGHT,12,MOTOR VEHICLE IN TRANSPORT,SPRING ST ENT RAMP & ELLINGTON PKWYS,NASHVILLE,TN,37207,1977,EAST,36.178,-86.7641,POINT (-86.7641 36.178)
20190905866,12/18/2019 05:07:00 PM,2,0,0,,Y,299257,4,ANGLE,21,CLEAR,3,DARK - LIGHTED,12,MOTOR VEHICLE IN TRANSPORT,ROSEDALE AV & NOLENSVILLE PKE,NASHVILLE,TN,37211,8043,MIDTOW,36.125,-86.7522,POINT (-86.7522 36.125)
20190861287,11/29/2019 01:38:00 PM,2,0,0,,N,462474,5,SIDESWIPE - SAME DIRECTION,22,CLOUDY,1,DAYLIGHT,12,MOTOR VEHICLE IN TRANSPORT,STATE HWY 254 & CLOVERLAND DR,BRENTWOOD,TN,37027,8619,MIDTOW,36.0402,-86.7673,POINT (-86.7673 36.0402)
20190748794,10/12/2019 03:16:00 AM,1,0,0,Y,Y,109522,0,NOT COLLISION W/MOTOR VEHICLE-TRANSPORT,21,CLEAR,3,DARK - LIGHTED,31,"OTHER POST, POLE, SUPP.",CHARLOTTE AV & 53RD AVN,NASHVILLE,TN,37209,5123,WEST,36.1519,-86.8511,POINT (-86.8511 36.1519)
20190685725,09/15/2019 12:00:00 PM,2,1,0,,N,352168,11,Front to Rear,21,CLEAR,1,DAYLIGHT,12,MOTOR VEHICLE IN TRANSPORT,MM 4 2 I 440,NASHVILLE,TN,37204,7012,MIDTOW,36.116,-86.7861,POINT (-86.7861 36.116)
20190717460,09/28/2019 01:50:00 PM,2,0,0,,N,256394,4,ANGLE,21,CLEAR,1,DAYLIGHT,12,MOTOR VEHICLE IN TRANSPORT,MILLWOOD DR & MURFREESBORO PKE,NASHVILLE,TN,37217,8815,HERMIT,36.1295,-86.7147,POINT (-86.7147 36.1295)
20190749277,10/12/2019 09:24:00 AM,2,1,0,,N,109527,5,SIDESWIPE - SAME DIRECTION,21,CLEAR,1,DAYLIGHT,12,MOTOR VEHICLE IN TRANSPORT,LEBANON PKE & SHUTE LN,HERMITAGE,TN,37076,9535,HERMIT,36.2146,-86.6047,POINT (-86.6047 36.2146)
20190712961,09/26/2019 04:30:00 PM,1,3,0,Y,N,717341,0,NOT COLLISION W/MOTOR VEHICLE-TRANSPORT,21,CLEAR,1,DAYLIGHT,30,UTILITY POLE,OLD HICKORY BLVD & RED APPLE RD,ANTIOCH,TN,37013,8769,SOUTH,36.0029,-86.6301,POINT (-86.6301 36.0029)
20190799156,11/02/2019 08:55:00 PM,2,2,0,,N,352184,11,Front to Rear,21,CLEAR,3,DARK - LIGHTED,12,MOTOR VEHICLE IN TRANSPORT,GALLATIN PKE & LITTON AV,NASHVILLE,TN,37216,1415,EAST,36.2027,-86.739,POINT (-86.739 36.2027)
20190817205,11/10/2019 01:58:00 PM,2,0,0,,N,352197,11,Front to Rear,21,CLEAR,1,DAYLIGHT,12,MOTOR VEHICLE IN TRANSPORT,HOBSON PKE & OLE NOTTINGHAM DR,ANTIOCH,TN,37013,8907,SOUTH,36.0715,-86.5767,POINT (-86.5767 36.0715)
20190637265,08/26/2019 01:13:00 PM,2,0,0,,N,109495,98,OTHER,22,CLOUDY,1,DAYLIGHT,12,MOTOR VEHICLE IN TRANSPORT,ROYCROFT PL & 8TH AVS,NASHVILLE,TN,37204,6945,MIDTOW,36.1336,-86.7792,POINT (-86.7792 36.1336)
20190881659,12/08/2019 02:40:00 PM,3,0,0,,N,298860,11,Front to Rear,21,CLEAR,1,DAYLIGHT,12,MOTOR VEHICLE IN TRANSPORT,SHUTE LN & CHASE BLVD,OLD HICKORY,TN,37138,9717,HERMIT,36.2256,-86.6033,POINT (-86.6033 36.2256)
20190889061,12/11/2019 01:01:00 PM,2,0,0,,Y,633390,5,SIDESWIPE - SAME DIRECTION,21,CLEAR,1,DAYLIGHT,12,MOTOR VEHICLE IN TRANSPORT,MM 89 2 I 65,NASHVILLE,TN,37207,18062,EAST,36.233,-86.7685,POINT (-86.7685 36.233)
20190600957,08/12/2019 04:30:00 PM,2,0,0,,Y,298860,11,Front to Rear,21,CLEAR,1,DAYLIGHT,12,MOTOR VEHICLE IN TRANSPORT,MM 213 0 I 40,NASHVILLE,TN,37210,8219,HERMIT,36.1407,-86.7323,POINT (-86.7323 36.1407)
20190784762,10/27/2019 09:34:00 PM,2,0,0,,Y,384407,4,ANGLE,21,CLEAR,2,DARK - NOT LIGHTED,12,MOTOR VEHICLE IN TRANSPORT,PARAGON MILLS RD & EISENHOWER DR,NASHVILLE,TN,37211,8443,SOUTH,36.0866,-86.7023,POINT (-86.7023 36.0866)
20190737962,10/07/2019 06:15:00 PM,2,1,0,,N,197435,4,ANGLE,21,CLEAR,1,DAYLIGHT,12,MOTOR VEHICLE IN TRANSPORT,DICKERSON PKE & HART LN,NASHVILLE,TN,37207,1887,EAST,36.2227,-86.7613,POINT (-86.7613 36.2227)
20190625890,08/21/2019 09:00:00 PM,2,0,0,,Y,212342,2,HEAD-ON,21,CLEAR,3,DARK - LIGHTED,12;14,MOTOR VEHICLE IN TRANSPORT;PARKED MOTOR VEHICLE,PHILFRE CT & MILL CREEK RD,NASHVILLE,TN,37217,8817,HERMIT,36.1294,-86.7103,POINT (-86.7103 36.1294)
20190744812,10/10/2019 12:21:00 PM,3,2,0,,Y,225773,11,Front to Rear,21,CLEAR,1,DAYLIGHT,12,MOTOR VEHICLE IN TRANSPORT,THOMPSON LN & FOSTER CREIGHTON DR,NASHVILLE,TN,37204,8305,MIDTOW,36.111,-86.754,POINT (-86.754 36.111)
20190715527,09/27/2019 05:14:00 PM,2,1,0,,N,256380,4,ANGLE,21,CLEAR,1,DAYLIGHT,12,MOTOR VEHICLE IN TRANSPORT,BUCHANAN ST & BUCHANAN CT,NASHVILLE,TN,37208,4465,NORTH,36.1805,-86.8204,POINT (-86.8204 36.1805)
20190772534,10/22/2019 11:30:00 AM,1,0,0,Y,N,226673,0,NOT COLLISION W/MOTOR VEHICLE-TRANSPORT,,,1,DAYLIGHT,46,TRAFFIC SIGNAL SUPPORT,6TH AVN & CHARLOTTE AV,NASHVILLE,TN,37219,4157,CENTRA,36.1651,-86.783,POINT (-86.783 36.1651)
20190619519,08/19/2019 08:22:00 PM,2,1,0,,N,320585,5,SIDESWIPE - SAME DIRECTION,21,CLEAR,1,DAYLIGHT,12,MOTOR VEHICLE IN TRANSPORT,MM 51 6 I 24,NASHVILLE,TN,37210,82061,HERMIT,36.1403,-86.7313,POINT (-86.7313 36.1403)
20190704090,09/23/2019 08:00:00 AM,2,0,0,,N,226622,11,Front to Rear,22,CLOUDY,1,DAYLIGHT,12,MOTOR VEHICLE IN TRANSPORT,I40 E EXT RAMP & I 40,NASHVILLE,TN,37214,8955,HERMIT,36.155,-86.6271,POINT (-86.6271 36.155)
20190595080,08/10/2019 04:40:00 AM,1,0,0,,Y,226054,0,NOT COLLISION W/MOTOR VEHICLE-TRANSPORT,2,RAIN,2,DARK - NOT LIGHTED,1;63,Ran Off Road-Right,I40 W EXT RAMP & I 40,NASHVILLE,TN,37203,4119,CENTRA,36.1574,-86.79,POINT (-86.79 36.1574)
20190751140,10/13/2019 08:30:00 AM,2,0,0,,N,384439,11,Front to Rear,21,CLEAR,1,DAYLIGHT,12,MOTOR VEHICLE IN TRANSPORT,FRANKLIN PKE & ELYSIAN FIELDS RD,NASHVILLE,TN,37204,7029,MIDTOW,36.0914,-86.7714,POINT (-86.7714 36.0914)
20190923244,12/27/2019 08:02:00 AM,2,0,0,,N,902543,4,ANGLE,22,CLOUDY,1,DAYLIGHT,12,MOTOR VEHICLE IN TRANSPORT,US HWY 31W & HILLHURST DR,NASHVILLE,TN,37207,1811,EAST,36.2259,-86.7602,POINT (-86.7602 36.2259)
20190812840,11/08/2019 12:40:00 PM,2,0,0,,N,628640,11,Front to Rear,21,CLEAR,1,DAYLIGHT,12,MOTOR VEHICLE IN TRANSPORT,I24E & I24 W ENT RAMP,NASHVILLE,TN,37210,82061,HERMIT,36.1386,-86.7273,POINT (-86.7273 36.1386)
20190889926,12/11/2019 08:49:00 PM,2,0,0,,N,279116,11,Front to Rear,21,CLEAR,3,DARK - LIGHTED,12,MOTOR VEHICLE IN TRANSPORT,FRANKLIN PKE & HARDING PL,NASHVILLE,TN,37204,7027,MIDTOW,36.0866,-86.772,POINT (-86.772 36.0866)
20190825171,11/13/2019 08:44:00 PM,2,1,0,,N,256383,4,ANGLE,21,CLEAR,3,DARK - LIGHTED,12,MOTOR VEHICLE IN TRANSPORT,BELL RD & HICKORY HOLLOW LN,ANTIOCH,TN,37013,8863,SOUTH,36.0492,-86.6517,POINT (-86.6517 36.0492)
20190899785,12/16/2019 09:02:00 AM,1,1,0,Y,N,676834,0,NOT COLLISION W/MOTOR VEHICLE-TRANSPORT,2,RAIN,1,DAYLIGHT,30;71,UTILITY POLE;EMBANKMENT EARTH,RAWLINGS RD & CLARKSVILLE PKE,JOELTON,TN,37080,3329,NORTH,36.2546,-86.6517,POINT (-86.6517 36.2546)
20190653824,09/02/2019 01:25:00 AM,2,1,0,,N,311800,4,ANGLE,21,CLEAR,3,DARK - LIGHTED,12,MOTOR VEHICLE IN TRANSPORT,MM 209 4 I 40,NASHVILLE,TN,37203,40041,CENTRA,36.1519,-86.7866,POINT (-86.7866 36.1519)
20190764835,10/18/2019 09:00:00 PM,2,0,0,,N,240955,11,Front to Rear,21,CLEAR,3,DARK - LIGHTED,12,MOTOR VEHICLE IN TRANSPORT,MM 51 3 I 24,NASHVILLE,TN,37210,8102,SOUTH,36.137,-86.7273,POINT (-86.7273 36.137)
20190671621,09/09/2019 07:48:00 PM,2,0,0,,Y,279225,6,SIDESWIPE - OPPOSITE DIRECTION,21,CLEAR,2,DARK - NOT LIGHTED,12,MOTOR VEHICLE IN TRANSPORT,COUNTRY WAY RD & HUNTINGBORO TRL,ANTIOCH,TN,37013,8925,SOUTH,36.0738,-86.5968,POINT (-86.5968 36.0738)
20190894729,12/13/2019 05:07:00 PM,2,0,0,,Y,279116,4,ANGLE,2,RAIN,3,DARK - LIGHTED,12,MOTOR VEHICLE IN TRANSPORT,I440 ENT RAMP & I 65,NASHVILLE,TN,37204,7018,MIDTOW,36.1117,-86.7713,POINT (-86.7713 36.1117)
20190693489,09/18/2019 01:53:00 PM,2,0,0,,N,384436,16,Rear to Side,21,CLEAR,1,DAYLIGHT,14,PARKED MOTOR VEHICLE,MCFERRIN AV & WOODLAND ST,NASHVILLE,TN,37206,1131,EAST,36.176,-86.7551,POINT (-86.7551 36.176)
20190703178,09/22/2019 10:05:00 PM,2,1,0,,N,320597,4,ANGLE,21,CLEAR,1,DAYLIGHT,12,MOTOR VEHICLE IN TRANSPORT,THOMPSON LN & NOLENSVILLE PKE,NASHVILLE,TN,37211,8519,MIDTOW,36.1109,-86.7452,POINT (-86.7452 36.1109)
20190780861,10/25/2019 12:00:00 AM,2,4,0,,N,197070,4,ANGLE,2,RAIN,3,DARK - LIGHTED,12,MOTOR VEHICLE IN TRANSPORT,VANTAGE WAY CT & VANTAGE WAY,NASHVILLE,TN,37228,4499,NORTH,36.191,-86.799,POINT (-86.799 36.191)
20190819209,11/11/2019 01:44:00 PM,2,0,0,,N,109534,11,Front to Rear,2,RAIN,1,DAYLIGHT,12,MOTOR VEHICLE IN TRANSPORT,SMITH SPRINGS RD & BUTLER RD,NASHVILLE,TN,37217,8981,HERMIT,36.0893,-86.6178,POINT (-86.6178 36.0893)