Accident Number,Date and Time,Number of Motor Vehicles,Number of Injuries,Number of Fatalities,Property Damage,Hit and Run,Reporting Officer,Collision Type Code,Collision Type Description,Weather Code,Weather Description,Illumination Code,Illumination Description,Harmful Code,Harmful Code Description,Street Address,City,State,ZIP,RPA,Precinct,Latitude,Longitude,Mapped Location
20190723149,10/01/2019 06:47:00 AM,2,0,0,,N,191578,16,Rear to Side,21,CLEAR,1,DAYLIGHT,14,PARKED MOTOR VEHICLE,BELGIUM DR & BELGIUM CT,HERMITAGE,TN,37076,9509,HERMIT,36.2014,-86.5994,POINT (-86.5994 36.2014)
20190607930,08/15/2019 06:31:00 AM,2,0,0,,N,212325,11,Front to Rear,21,CLEAR,1,DAYLIGHT,12,MOTOR VEHICLE IN TRANSPORT,NEELYS BEND RD & ARGLE AV,MADISON,TN,37115,1605,MADISO,36.256,-86.7123,POINT (-86.7123 36.256)
20190780503,10/25/2019 05:05:00 PM,2,0,0,,N,256427,11,Front to Rear,2,RAIN,1,DAYLIGHT,12,MOTOR VEHICLE IN TRANSPORT,MURFREESBORO PKE & FOSTER AV,NASHVILLE,TN,37210,8161,SOUTH,36.1418,-86.7412,POINT (-86.7412 36.1418)
20190844238,11/21/2019 06:43:00 PM,1,0,0,,N,887598,0,NOT COLLISION W/MOTOR VEHICLE-TRANSPORT,21,CLEAR,3,DARK - LIGHTED,36,CONCRETE TRAFFIC BARRIER,BRILEY PKWYN & BRILEY PKWYS,NASHVILLE,TN,37211,8404,SOUTH,36.1092,-86.727,POINT (-86.727 36.1092)
20190904433,12/18/2019 05:16:00 AM,2,0,0,,N,212342,11,Front to Rear,21,CLEAR,3,DARK - LIGHTED,12,MOTOR VEHICLE IN TRANSPORT,MURFREESBORO PKE EXT RAMP & MURFREESBORO,NASHVILLE,TN,37217,8818,HERMIT,36.1361,-86.7254,POINT (-86.7254 36.1361)
20190815436,11/09/2019 06:07:00 PM,3,2,0,,N,352168,11,Front to Rear,21,CLEAR,2,DARK - NOT LIGHTED,12,MOTOR VEHICLE IN TRANSPORT,NOLENSVILLE PKE & NATCHEZ CT,NASHVILLE,TN,37211,8435,SOUTH,36.094,-86.7366,POINT (-86.7366 36.094)
20190821687,11/12/2019 01:48:00 PM,2,0,0,,N,462474,4,ANGLE,21,CLEAR,1,DAYLIGHT,12,MOTOR VEHICLE IN TRANSPORT,STATE HWY 254 & FRANKLIN PIKE CIR,BRENTWOOD,TN,37027,8623,MIDTOW,36.0407,-86.7795,POINT (-86.7795 36.0407)
20190678142,09/12/2019 08:14:00 AM,2,1,0,,N,665896,11,Front to Rear,21,CLEAR,1,DAYLIGHT,12,MOTOR VEHICLE IN TRANSPORT,ELLINGTON PKWYS & ELLINGTON PKWY,MADISON,TN,37115,1876,MADISO,36.2419,-86.7367,POINT (-86.7367 36.2419)
20190609401,08/15/2019 05:51:00 PM,2,1,0,,N,256383,11,Front to Rear,21,CLEAR,1,DAYLIGHT,12;5,MOTOR VEHICLE IN TRANSPORT,MM 55 4 I 24,NASHVILLE,TN,37211,8812,SOUTH,36.0901,-86.7031,POINT (-86.7031 36.0901)
20190912905,12/21/2019 07:57:00 PM,1,0,0,,N,179606,0,NOT COLLISION W/MOTOR VEHICLE-TRANSPORT,21,CLEAR,3,DARK - LIGHTED,36,CONCRETE TRAFFIC BARRIER,I440 W ENT RAMP & I 440,NASHVILLE,TN,37210,81021,SOUTH,36.1259,-86.7322,POINT (-86.7322 36.1259)
20190776108,10/23/2019 08:49:00 PM,2,0,0,Y,N,279124,0,NOT COLLISION W/MOTOR VEHICLE-TRANSPORT,21,CLEAR,3,DARK - LIGHTED,14;63;7,PARKED MOTOR VEHICLE;Ran Off Road-Right,HARDING PL & TAMPA DR,NASHVILLE,TN,37211,8705,SOUTH,36.0827,-86.7105,POINT (-86.7105 36.0827)
20190686969,09/16/2019 05:20:00 AM,2,1,0,,N,330411,2,HEAD-ON,21,CLEAR,2,DARK - NOT LIGHTED,12,MOTOR VEHICLE IN TRANSPORT,US HWY 431 & MORGAN RD,JOELTON,TN,37080,2303,NORTH,36.3366,-86.8701,POINT (-86.8701 36.3366)
20190624383,08/21/2019 11:42:00 AM,2,0,0,,N,179580,4,ANGLE,21,CLEAR,1,DAYLIGHT,12,MOTOR VEHICLE IN TRANSPORT,28TH AVN & CLIFTON AV,NASHVILLE,TN,37209,5345,NORTH,36.1585,-86.8186,POINT (-86.8186 36.1585)
20190751010,10/13/2019 06:50:00 AM,3,2,0,,Y,311325,4,ANGLE,5,FOG,4,DAWN,12,MOTOR VEHICLE IN TRANSPORT,ROYAL PKWY & DONELSON PKE,NASHVILLE,TN,37214,9103,HERMIT,36.1463,-86.6689,POINT (-86.6689 36.1463)
20190764415,10/18/2019 04:30:00 PM,2,0,0,,N,352207,11,Front to Rear,21,CLEAR,1,DAYLIGHT,12,MOTOR VEHICLE IN TRANSPORT,MM 208 5 I 40,NASHVILLE,TN,37203,42020,CENTRA,36.1639,-86.7937,POINT (-86.7937 36.1639)
20190690775,09/17/2019 03:40:00 PM,3,2,0,,Y,311328,11,Front to Rear,21,CLEAR,1,DAYLIGHT,12,MOTOR VEHICLE IN TRANSPORT,I40 W EXT RAMP & I 40,NASHVILLE,TN,37203,4119,CENTRA,36.1574,-86.79,POINT (-86.79 36.1574)
20190809767,11/07/2019 06:42:00 AM,1,1,0,,N,306231,0,NOT COLLISION W/MOTOR VEHICLE-TRANSPORT,2,RAIN,1,DAYLIGHT,50,DEER (ANIMAL),ASHLAND CITY HWY & CLINTONDALE DR,NASHVILLE,TN,37218,3163,NORTH,36.2033,-86.8508,POINT (-86.8508 36.2033)
20190636588,08/26/2019 06:41:00 AM,2,0,0,,N,179580,11,Front to Rear,2,RAIN,1,DAYLIGHT,12,MOTOR VEHICLE IN TRANSPORT,MM 85 6 I 65,NASHVILLE,TN,37208,43042,NORTH,36.1872,-86.7951,POINT (-86.7951 36.1872)
20190896277,12/14/2019 11:00:00 AM,2,0,0,,N,279230,5,SIDESWIPE - SAME DIRECTION,22,CLOUDY,1,DAYLIGHT,12,MOTOR VEHICLE IN TRANSPORT,BELL RD & HICKORY PARK DR,ANTIOCH,TN,37013,8753,SOUTH,36.0449,-86.6704,POINT (-86.6704 36.0449)
20190671109,09/09/2019 03:52:00 PM,1,0,0,Y,N,834813,0,NOT COLLISION W/MOTOR VEHICLE-TRANSPORT,21,CLEAR,1,DAYLIGHT,57,Cable Barrier,MM 38 8 I 24,WHITES CREEK,TN,37189,2212,NORTH,36.2992,-86.8116,POINT (-86.8116 36.2992)
20190603488,08/13/2019 01:45:00 PM,3,1,0,,N,584947,4,ANGLE,22,CLOUDY,1,DAYLIGHT,12,MOTOR VEHICLE IN TRANSPORT,18TH AVN & CHURCH ST,NASHVILLE,TN,37203,5521,MIDTOW,36.155,-86.7975,POINT (-86.7975 36.155)
20190731343,10/04/2019 07:23:00 PM,2,1,0,,N,384411,4,ANGLE,21,CLEAR,2,DARK - NOT LIGHTED,12,MOTOR VEHICLE IN TRANSPORT,MASSMAN DR & PATRICIA DR,NASHVILLE,TN,37217,8825,HERMIT,36.1349,-86.7048,POINT (-86.7048 36.1349)
20190837647,11/19/2019 08:05:00 AM,2,0,0,,N,591936,11,Front to Rear,22,CLOUDY,1,DAYLIGHT,12,MOTOR VEHICLE IN TRANSPORT,I65 S EXT RAMP & I 65,MADISON,TN,37115,20044,MADISO,36.2481,-86.743,POINT (-86.743 36.2481)
20190717399,09/28/2019 01:40:00 PM,4,1,0,,N,279230,11,Front to Rear,21,CLEAR,1,DAYLIGHT,12,MOTOR VEHICLE IN TRANSPORT,I440 E EXT RAMP & I 24,NASHVILLE,TN,37217,8816,SOUTH,36.1303,-86.7266,POINT (-86.7266 36.1303)
20190798495,11/02/2019 01:40:00 PM,2,0,0,,Y,226586,5,SIDESWIPE - SAME DIRECTION,21,CLEAR,1,DAYLIGHT,12,MOTOR VEHICLE IN TRANSPORT,MM 209 2 I 40,NASHVILLE,TN,37203,5702,MIDTOW,36.1554,-86.7891,POINT (-86.7891 36.1554)
20190814659,11/09/2019 08:25:00 AM,1,1,0,,N,343522,0,NOT COLLISION W/MOTOR VEHICLE-TRANSPORT,21,CLEAR,1,DAYLIGHT,1,,RIVER ROAD PKE & RIVER ROAD PKE PVTDR,NASHVILLE,TN,37209,4705,WEST,36.2021,-86.9796,POINT (-86.9796 36.2021)
20190701539,09/21/2019 11:10:00 PM,2,0,0,,N,299270,4,ANGLE,21,CLEAR,3,DARK - LIGHTED,12,MOTOR VEHICLE IN TRANSPORT,19TH AVS & BROADWAY,NASHVILLE,TN,37203,5705,MIDTOW,36.151,-86.7965,POINT (-86.7965 36.151)
20190665017,09/06/2019 04:30:00 PM,3,0,0,,N,330436,5,SIDESWIPE - SAME DIRECTION,21,CLEAR,1,DAYLIGHT,12;14,MOTOR VEHICLE IN TRANSPORT;PARKED MOTOR VEHICLE,2ND AVS & LEA AV,NASHVILLE,TN,37210,4033,CENTRA,36.1554,-86.7709,POINT (-86.7709 36.1554)
20190698250,09/20/2019 11:52:00 AM,2,2,0,,N,151124,4,ANGLE,21,CLEAR,1,DAYLIGHT,12,MOTOR VEHICLE IN TRANSPORT,S 8TH ST & SHELBY AV,NASHVILLE,TN,37206,1023,EAST,36.1699,-86.7562,POINT (-86.7562 36.1699)
20190900130,12/16/2019 12:10:00 PM,2,0,0,,N,405447,11,Front to Rear,2,RAIN,1,DAYLIGHT,12,MOTOR VEHICLE IN TRANSPORT,OLD HICKORY BLVD & HICKORY TRACE DR,NASHVILLE,TN,37211,8651,MIDTOW,36.0454,-86.7185,POINT (-86.7185 36.0454)
20190745533,10/10/2019 07:14:00 PM,2,1,0,,Y,352155,5,SIDESWIPE - SAME DIRECTION,21,CLEAR,3,DARK - LIGHTED,12,MOTOR VEHICLE IN TRANSPORT,BAPTIST WORLD CENTER DR & US HWY 431,NASHVILLE,TN,37207,3017,NORTH,36.207,-86.7916,POINT (-86.7916 36.207)
20190605692,08/14/2019 09:47:00 AM,2,0,0,,Y,676834,4,ANGLE,21,CLEAR,1,DAYLIGHT,12;14,MOTOR VEHICLE IN TRANSPORT;PARKED MOTOR VEHICLE,1900 MEHARRY BLVD,NASHVILLE,TN,37208,5325,NORTH,36.1683,-86.8073,POINT (-86.8073 36.1683)
20190770897,10/21/2019 07:19:00 PM,1,1,0,,N,279208,0,NOT COLLISION W/MOTOR VEHICLE-TRANSPORT,2,RAIN,7,Dark-Unknown Lighting,9,,DIVISION ST & BROADWAY,NASHVILLE,TN,37212,6711,MIDTOW,36.1496,-86.7973,POINT (-86.7973 36.1496)
20190773041,10/22/2019 04:37:00 PM,1,1,0,,N,163667,0,NOT COLLISION W/MOTOR VEHICLE-TRANSPORT,21,CLEAR,1,DAYLIGHT,18,OTHER OBJECT (NOT FIXED),4TH AVN & CHARLOTTE AV,NASHVILLE,TN,37201,4161,CENTRA,36.1664,-86.7807,POINT (-86.7807 36.1664)
20190712339,09/26/2019 10:00:00 AM,2,0,0,,N,429220,11,Front to Rear,21,CLEAR,1,DAYLIGHT,12,MOTOR VEHICLE IN TRANSPORT,HERMITAGE AV & KOREAN VETERANS BLVD,NASHVILLE,TN,37201,4047,CENTRA,36.1583,-86.7719,POINT (-86.7719 36.1583)
20190810541,11/07/2019 01:37:00 PM,2,0,0,,Y,876581,11,Front to Rear,2,RAIN,1,DAYLIGHT,12,MOTOR VEHICLE IN TRANSPORT,E CAMPBELL RD & HIGHLAND CIR,MADISON,TN,37115,1759,MADISO,36.2763,-86.7108,POINT (-86.7108 36.2763)
20190778402,10/24/2019 05:18:00 PM,2,1,0,,N,256423,5,SIDESWIPE - SAME DIRECTION,21,CLEAR,1,DAYLIGHT,12,MOTOR VEHICLE IN TRANSPORT,BRILEY PKWYE & BRILEY PKWYW,NASHVILLE,TN,37207,20120,MADISO,36.2396,-86.7751,POINT (-86.7751 36.2396)
20190650953,08/31/2019 08:18:00 PM,3,2,0,,Y,240955,11,Front to Rear,21,CLEAR,3,DARK - LIGHTED,12,MOTOR VEHICLE IN TRANSPORT,MURFREESBORO PKE & RURAL HILL RD,ANTIOCH,TN,37013,8861,SOUTH,36.0745,-86.6387,POINT (-86.6387 36.0745)
20190770664,10/21/2019 05:16:00 PM,2,0,0,,N,807344,4,ANGLE,2,RAIN,1,DAYLIGHT,12,MOTOR VEHICLE IN TRANSPORT,WOODLAND ST & INTERSTATE DR,NASHVILLE,TN,37213,1107,CENTRA,36.1705,-86.7685,POINT (-86.7685 36.1705)
20190742338,10/09/2019 12:00:00 AM,1,0,0,Y,Y,474557,0,NOT COLLISION W/MOTOR VEHICLE-TRANSPORT,99,UNKNOWN,9,UNKNOWN,40,MAIL BOX,BENZING RD & SHIHMEN DR,ANTIOCH,TN,37013,8713,SOUTH,36.0534,-86.6804,POINT (-86.6804 36.0534)
20190808895,11/06/2019 09:12:00 PM,2,0,0,,N,384421,11,Front to Rear,21,CLEAR,3,DARK - LIGHTED,12,MOTOR VEHICLE IN TRANSPORT,MURFREESBORO PKE & I24 W EXT RAMP,NASHVILLE,TN,37217,8801,SOUTH,36.1348,-86.7236,POINT (-86.7236 36.1348)
20190737780,10/07/2019 03:12:00 PM,2,0,0,,N,330428,5,SIDESWIPE - SAME DIRECTION,21,CLEAR,1,DAYLIGHT,12,MOTOR VEHICLE IN TRANSPORT,ROBERTSON AV & BRILEY PKWYN,NASHVILLE,TN,37209,4698,WEST,36.1539,-86.8577,POINT (-86.8577 36.1539)
20190675593,09/11/2019 08:57:00 AM,2,0,0,,N,191578,11,Front to Rear,21,CLEAR,1,DAYLIGHT,12,MOTOR VEHICLE IN TRANSPORT,LEBANON PKE & SPENCE LN,NASHVILLE,TN,37210,9019,HERMIT,36.1537,-86.7214,POINT (-86.7214 36.1537)
20190856056,11/26/2019 10:52:00 PM,1,1,0,,N,330419,0,NOT COLLISION W/MOTOR VEHICLE-TRANSPORT,2,RAIN,3,DARK - LIGHTED,36,CONCRETE TRAFFIC BARRIER,MM 89 4 I 65,NASHVILLE,TN,37207,18062,EAST,36.2348,-86.7656,POINT (-86.7656 36.2348)
20190585064,08/06/2019 05:50:00 PM,1,1,0,,N,179591,0,NOT COLLISION W/MOTOR VEHICLE-TRANSPORT,21,CLEAR,1,DAYLIGHT,71,EMBANKMENT EARTH,MM 206 0 I 40,NASHVILLE,TN,37209,45042,NORTH,36.1586,-86.8226,POINT (-86.8226 36.1586)
20190793036,10/31/2019 05:00:00 AM,1,0,0,Y,Y,226134,0,NOT COLLISION W/MOTOR VEHICLE-TRANSPORT,2,RAIN,7,Dark-Unknown Lighting,18,OTHER OBJECT (NOT FIXED),MM 56 0 I 24,NASHVILLE,TN,37211,8708,SOUTH,36.0818,-86.6975,POINT (-86.6975 36.0818)
20190734150,10/05/2019 06:00:00 PM,2,1,0,,N,717341,4,ANGLE,21,CLEAR,1,DAYLIGHT,12,MOTOR VEHICLE IN TRANSPORT,MURFREESBORO PKE & HAMILTON CHURCH RD,ANTIOCH,TN,37013,8865,SOUTH,36.0649,-86.6286,POINT (-86.6286 36.0649)
20190764273,10/18/2019 03:48:00 PM,2,0,0,,Y,151132,11,Front to Rear,21,CLEAR,1,DAYLIGHT,12,MOTOR VEHICLE IN TRANSPORT,I65 S EXT RAMP & I 65,MADISON,TN,37115,20044,MADISO,36.2481,-86.743,POINT (-86.743 36.2481)
20190923771,12/27/2019 01:07:00 PM,2,0,0,,N,419952,5,SIDESWIPE - SAME DIRECTION,22,CLOUDY,1,DAYLIGHT,12,MOTOR VEHICLE IN TRANSPORT,CHARLOTTE PKE & CABOT DR,NASHVILLE,TN,37209,4677,WEST,36.2336,-86.7283,POINT (-86.7283 36.2336)
20190731486,10/04/2019 01:05:00 PM,2,2,0,,N,311339,4,ANGLE,21,CLEAR,1,DAYLIGHT,12,MOTOR VEHICLE IN TRANSPORT,BROADWAY & 12TH AVS,NASHVILLE,TN,37203,4079,CENTRA,36.1566,-86.7875,POINT (-86.7875 36.1566)
20190585509,08/06/2019 12:00:00 AM,1,0,0,Y,N,299258,0,NOT COLLISION W/MOTOR VEHICLE-TRANSPORT,2,RAIN,2,DARK - NOT LIGHTED,24,GUARDRAIL FACE,MM 86 5 I 65,NASHVILLE,TN,37207,3006,NORTH,36.1946,-86.7762,POINT (-86.7762 36.1946)
20190835086,11/18/2019 08:25:00 AM,3,1,0,,N,591933,11,Front to Rear,21,CLEAR,1,DAYLIGHT,12,MOTOR VEHICLE IN TRANSPORT,BELL RD & COLLINS PARK DR,ANTIOCH,TN,37013,8863,SOUTH,36.2189,-86.8464,POINT (-86.8464 36.2189)
20190748361,10/11/2019 10:20:00 PM,1,1,0,Y,Y,384414,0,NOT COLLISION W/MOTOR VEHICLE-TRANSPORT,2,RAIN,3,DARK - LIGHTED,30,UTILITY POLE,N DUPONT AV & SEALEY DR,MADISON,TN,37115,1711,MADISO,36.2678,-86.702,POINT (-86.702 36.2678)
20190698097,09/20/2019 09:47:00 AM,2,0,0,,N,212325,4,ANGLE,21,CLEAR,1,DAYLIGHT,12,MOTOR VEHICLE IN TRANSPORT,GALLATIN PKES & BRINK HAVEN AV,MADISON,TN,37115,1507,MADISO,36.2511,-86.7182,POINT (-86.7182 36.2511)
20190846812,11/22/2019 05:10:00 PM,1,1,0,,Y,224960,0,NOT COLLISION W/MOTOR VEHICLE-TRANSPORT,21,CLEAR,5,DUSK,8,PEDESTRIAN,GALLATIN PKES & DUE WEST AVW,MADISON,TN,37115,1519,MADISO,36.2475,-86.7207,POINT (-86.7207 36.2475)
20190916717,12/23/2019 06:25:00 PM,2,1,0,,Y,352204,11,Front to Rear,21,CLEAR,3,DARK - LIGHTED,12,MOTOR VEHICLE IN TRANSPORT,CHARLOTTE PKE & I40 E ENT RAMP,NASHVILLE,TN,37205,5007,WEST,36.1319,-86.8955,POINT (-86.8955 36.1319)
20190920622,12/26/2019 12:47:00 AM,2,2,0,,N,279198,4,ANGLE,21,CLEAR,3,DARK - LIGHTED,12,MOTOR VEHICLE IN TRANSPORT,S 5TH ST & WOODLAND ST,NASHVILLE,TN,37206,1113,EAST,36.1718,-86.7648,POINT (-86.7648 36.1718)
20190861408,11/29/2019 03:00:00 PM,1,1,0,,N,352192,0,NOT COLLISION W/MOTOR VEHICLE-TRANSPORT,21,CLEAR,1,DAYLIGHT,71,EMBANKMENT EARTH,CHARLOTTE PKE & CABOT DR,NASHVILLE,TN,37209,4677,WEST,36.2336,-86.7283,POINT (-86.7283 36.2336)
20190717249,09/28/2019 11:28:00 AM,2,0,0,,N,493304,4,ANGLE,21,CLEAR,1,DAYLIGHT,12,MOTOR VEHICLE IN TRANSPORT,ANDERSON LN & MYATT DR,MADISON,TN,37115,1713,MADISO,36.2721,-86.689,POINT (-86.689 36.2721)
20190754049,10/14/2019 04:03:00 PM,2,0,0,,N,197070,11,Front to Rear,21,CLEAR,1,DAYLIGHT,12,MOTOR VEHICLE IN TRANSPORT,MM 208 2 I 40,NASHVILLE,TN,37208,54023,NORTH,36.1681,-86.7964,POINT (-86.7964 36.1681)
20190807693,11/06/2019 10:15:00 AM,2,1,0,,N,226600,11,Front to Rear,21,CLEAR,1,DAYLIGHT,12,MOTOR VEHICLE IN TRANSPORT,HILLSBORO PKE & OVERHILL DR,NASHVILLE,TN,37215,6111,WEST,36.1013,-86.8183,POINT (-86.8183 36.1013)
20190581978,08/05/2019 04:00:00 PM,2,2,0,,N,309262,4,ANGLE,21,CLEAR,1,DAYLIGHT,12,MOTOR VEHICLE IN TRANSPORT,DUE WEST AVN & OLD DUE WEST AV,MADISON,TN,37115,2009,MADISO,36.2504,-86.7421,POINT (-86.7421 36.2504)
20190697161,09/20/2019 12:18:00 AM,1,0,0,Y,Y,161945,0,NOT COLLISION W/MOTOR VEHICLE-TRANSPORT,21,CLEAR,2,DARK - NOT LIGHTED,25,GUARDRAIL END,OLD HICKORY BLVD & WOODLANDS AV,NASHVILLE,TN,37211,8651,MIDTOW,36.0429,-86.7263,POINT (-86.7263 36.0429)
20190779409,10/25/2019 07:00:00 AM,2,0,0,,Y,352179,6,SIDESWIPE - OPPOSITE DIRECTION,21,CLEAR,4,DAWN,14;55,PARKED MOTOR VEHICLE;Motor Vehicle-In-Motion Outside Trafficw,100 GALLATIN PKEN,MADISON,TN,37115,1763,MADISO,36.2635,-86.7119,POINT (-86.7119 36.2635)
20190828819,11/15/2019 05:15:00 AM,2,0,0,,N,676834,11,Front to Rear,21,CLEAR,2,DARK - NOT LIGHTED,14,PARKED MOTOR VEHICLE,FERN AV & BRICK CHURCH PKE,NASHVILLE,TN,37207,3003,NORTH,36.1956,-86.7764,POINT (-86.7764 36.1956)
20190859686,11/28/2019 02:19:00 PM,2,0,0,,Y,256423,3,REAR-TO-REAR,21,CLEAR,1,DAYLIGHT,14,PARKED MOTOR VEHICLE,COUNTY HOSPITAL RD & PANORAMA DR,NASHVILLE,TN,37218,3173,NORTH,36.1849,-86.8425,POINT (-86.8425 36.1849)
20190861281,11/29/2019 01:57:00 PM,1,0,0,Y,N,799013,0,NOT COLLISION W/MOTOR VEHICLE-TRANSPORT,22,CLOUDY,1,DAYLIGHT,34,DITCH,BARKER RD & AMHERST DR,NASHVILLE,TN,37214,9205,HERMIT,36.1729,-86.6986,POINT (-86.6986 36.1729)
20190825505,11/13/2019 09:16:00 PM,2,0,0,,N,384418,5,SIDESWIPE - SAME DIRECTION,21,CLEAR,2,DARK - NOT LIGHTED,12,MOTOR VEHICLE IN TRANSPORT,I440 E ENT RAMP & I 440,NASHVILLE,TN,37205,6007,WEST,36.1346,-86.8203,POINT (-86.8203 36.1346)
20190854386,11/26/2019 07:31:00 AM,2,1,0,,N,191578,11,Front to Rear,22,CLOUDY,1,DAYLIGHT,12,MOTOR VEHICLE IN TRANSPORT,MURFREESBORO PKE & UNA ANTIOCH PKE,NASHVILLE,TN,37217,8937,HERMIT,36.0854,-86.6479,POINT (-86.6479 36.0854)
20190734173,10/05/2019 07:00:00 PM,1,0,0,,N,588969,9,UNKNOWN,21,CLEAR,3,DARK - LIGHTED,99,UNKNOWN MOST HARMFUL EVENT,10TH AVN & KELLOW ST,NASHVILLE,TN,37228,4445,NORTH,36.1915,-86.8064,POINT (-86.8064 36.1915)
20190707760,09/24/2019 04:29:00 PM,1,0,0,,Y,256380,0,NOT COLLISION W/MOTOR VEHICLE-TRANSPORT,21,CLEAR,1,DAYLIGHT,24,GUARDRAIL FACE,MM 35 9 I 24,WHITES CREEK,TN,37189,33180,NORTH,36.3205,-86.851,POINT (-86.851 36.3205)
20190679316,09/12/2019 05:02:00 PM,3,0,0,,N,169425,11,Front to Rear,21,CLEAR,1,DAYLIGHT,12,MOTOR VEHICLE IN TRANSPORT,HOLT RD & SHERBROOKE LN,NASHVILLE,TN,37211,8651,MIDTOW,36.0136,-86.7151,POINT (-86.7151 36.0136)
20190834728,11/18/2019 05:00:00 AM,12,0,0,,N,468098,98,OTHER,21,CLEAR,3,DARK - LIGHTED,14,PARKED MOTOR VEHICLE,MURFREESBORO PKE & OLD MURFREESBORO PKE,NASHVILLE,TN,37217,8849,SOUTH,36.1046,-86.6694,POINT (-86.6694 36.1046)
20190636594,08/26/2019 06:45:00 AM,2,0,0,,N,226622,11,Front to Rear,2,RAIN,1,DAYLIGHT,12,MOTOR VEHICLE IN TRANSPORT,HIGHWAY 70S & BELLEVUE CTR PVTDR,NASHVILLE,TN,37221,4811,WEST,36.0785,-86.9508,POINT (-86.9508 36.0785)
20190880135,12/07/2019 05:45:00 PM,2,1,0,,N,330435,2,HEAD-ON,21,CLEAR,3,DARK - LIGHTED,12,MOTOR VEHICLE IN TRANSPORT,BROADMOOR DR & DICKERSON PKE,NASHVILLE,TN,37207,1809,EAST,36.2294,-86.7593,POINT (-86.7593 36.2294)
20190709393,09/25/2019 08:11:00 AM,2,0,0,,N,226622,11,Front to Rear,21,CLEAR,1,DAYLIGHT,12,MOTOR VEHICLE IN TRANSPORT,HIGHWAY 100 & MCCRORY LN,NASHVILLE,TN,37221,4805,WEST,36.0345,-86.9743,POINT (-86.9743 36.0345)
20190776295,10/13/2019 12:00:00 AM,1,0,0,,Y,166477,0,NOT COLLISION W/MOTOR VEHICLE-TRANSPORT,2,RAIN,1,DAYLIGHT,42,TREE,MT VIEW RD & KEVINWOOD CT,ANTIOCH,TN,37013,8861,SOUTH,36.0563,-86.6642,POINT (-86.6642 36.0563)
20190688484,09/16/2019 05:29:00 PM,2,0,0,,N,330428,4,ANGLE,21,CLEAR,1,DAYLIGHT,12,MOTOR VEHICLE IN TRANSPORT,CHARLOTTE PKE & WHITE BRIDGE PKE,NASHVILLE,TN,37209,5033,WEST,36.15,-86.8584,POINT (-86.8584 36.15)
20190779969,10/25/2019 12:00:00 PM,2,0,0,,Y,226622,4,ANGLE,2,RAIN,1,DAYLIGHT,12,MOTOR VEHICLE IN TRANSPORT,CHARLOTTE PKE & LELLYETT ST,NASHVILLE,TN,37209,5025,WEST,36.1489,-86.8645,POINT (-86.8645 36.1489)
20190827083,11/14/2019 04:20:00 PM,2,0,0,,N,345098,11,Front to Rear,21,CLEAR,1,DAYLIGHT,12,MOTOR VEHICLE IN TRANSPORT,MURFREESBORO PKE & MCGAVOCK PKE,NASHVILLE,TN,37217,8841,SOUTH,36.1129,-86.689,POINT (-86.689 36.1129)
20190860677,11/29/2019 06:57:00 AM,2,0,0,,N,262749,4,ANGLE,21,CLEAR,1,DAYLIGHT,12,MOTOR VEHICLE IN TRANSPORT,ELM HILL PKE & MASSMAN DR,NASHVILLE,TN,37210,9017,HERMIT,36.1449,-86.711,POINT (-86.711 36.1449)
20190776097,10/23/2019 09:00:00 PM,1,0,0,,N,279224,0,NOT COLLISION W/MOTOR VEHICLE-TRANSPORT,21,CLEAR,3,DARK - LIGHTED,36,CONCRETE TRAFFIC BARRIER,MM 49 4 I 24,NASHVILLE,TN,37206,10040,EAST,36.1613,-86.7604,POINT (-86.7604 36.1613)
20190819700,11/11/2019 06:35:00 PM,2,0,0,,N,633391,5,SIDESWIPE - SAME DIRECTION,2,RAIN,3,DARK - LIGHTED,12,MOTOR VEHICLE IN TRANSPORT,HILLSBORO PKE & ABBOTT MARTIN RD,NASHVILLE,TN,37215,6111,WEST,36.1054,-86.8142,POINT (-86.8142 36.1054)
20190721524,09/30/2019 03:00:00 PM,2,1,0,Y,N,337276,4,ANGLE,21,CLEAR,1,DAYLIGHT,12;63,MOTOR VEHICLE IN TRANSPORT;Ran Off Road-Right,1201 DICKERSON PKE,NASHVILLE,TN,37207,1911,EAST,36.192,-86.7726,POINT (-86.7726 36.192)
20190793189,10/31/2019 06:40:00 AM,2,0,0,,N,769379,5,SIDESWIPE - SAME DIRECTION,2,RAIN,3,DARK - LIGHTED,12,MOTOR VEHICLE IN TRANSPORT,MM 54 2 I 24,NASHVILLE,TN,37211,88122,SOUTH,36.1038,-86.7151,POINT (-86.7151 36.1038)
20190827228,11/14/2019 01:49:00 PM,2,0,0,,N,887598,11,Front to Rear,21,CLEAR,1,DAYLIGHT,12,MOTOR VEHICLE IN TRANSPORT,DR D B TODD JR BLVD & CHARLOTTE AV,NASHVILLE,TN,37203,5357,NORTH,36.1584,-86.8004,POINT (-86.8004 36.1584)
20190765399,10/19/2019 02:00:00 AM,1,1,0,Y,N,481573,0,NOT COLLISION W/MOTOR VEHICLE-TRANSPORT,21,CLEAR,3,DARK - LIGHTED,47,FIRE HYDRANT,FRANKLIN PIKE CIR & I65 N ENT RAMP,BRENTWOOD,TN,37027,8619,MIDTOW,36.0416,-86.7812,POINT (-86.7812 36.0416)
20190906398,12/18/2019 10:50:00 PM,2,0,0,,N,352188,5,SIDESWIPE - SAME DIRECTION,21,CLEAR,3,DARK - LIGHTED,12,MOTOR VEHICLE IN TRANSPORT,RADNOR ST & MCCOMBS AV,NASHVILLE,TN,37211,8405,SOUTH,36.105,-86.7397,POINT (-86.7397 36.105)