Accident Number,Date and Time,Number of Motor Vehicles,Number of Injuries,Number of Fatalities,Property Damage,Hit and Run,Reporting Officer,Collision Type Code,Collision Type Description,Weather Code,Weather Description,Illumination Code,Illumination Description,Harmful Code,Harmful Code Description,Street Address,City,State,ZIP,RPA,Precinct,Latitude,Longitude,Mapped Location
20190910465,12/20/2019 01:00:00 PM,2,0,0,,N,352164,5,SIDESWIPE - SAME DIRECTION,21,CLEAR,1,DAYLIGHT,12,MOTOR VEHICLE IN TRANSPORT,MM 59 6 I 24,ANTIOCH,TN,37013,88060,SOUTH,36.0438,-86.6561,POINT (-86.6561 36.0438)
20190733867,10/06/2019 12:00:00 PM,2,0,0,,N,197068,4,ANGLE,21,CLEAR,1,DAYLIGHT,12,MOTOR VEHICLE IN TRANSPORT,9TH AVN & JEFFERSON ST,NASHVILLE,TN,37208,4239,NORTH,36.173,-86.7924,POINT (-86.7924 36.173)
20190847305,11/22/2019 09:30:00 PM,2,0,0,,Y,352188,11,Front to Rear,21,CLEAR,3,DARK - LIGHTED,12,MOTOR VEHICLE IN TRANSPORT,MM 54 4 I 24,NASHVILLE,TN,37211,84020,SOUTH,36.1017,-86.7129,POINT (-86.7129 36.1017)
20190857410,11/27/2019 08:11:00 AM,2,0,0,,N,620072,5,SIDESWIPE - SAME DIRECTION,21,CLEAR,1,DAYLIGHT,14,PARKED MOTOR VEHICLE,TREMONT ST & VILLA PL,NASHVILLE,TN,37212,6703,MIDTOW,36.1443,-86.7917,POINT (-86.7917 36.1443)
20190829738,11/15/2019 05:00:00 PM,2,0,0,,N,352156,5,SIDESWIPE - SAME DIRECTION,21,CLEAR,5,DUSK,12,MOTOR VEHICLE IN TRANSPORT,MM 53 0 I 24,NASHVILLE,TN,37210,8302,SOUTH,36.1189,-86.7264,POINT (-86.7264 36.1189)
20190780034,10/25/2019 12:57:00 PM,2,0,0,,Y,352214,16,Rear to Side,2,RAIN,1,DAYLIGHT,12,MOTOR VEHICLE IN TRANSPORT,CLARKSVILLE PKE & 26TH AVN,NASHVILLE,TN,37208,4421,NORTH,36.1864,-86.8188,POINT (-86.8188 36.1864)
20190922072,12/26/2019 05:12:00 PM,1,1,0,,Y,267831,0,NOT COLLISION W/MOTOR VEHICLE-TRANSPORT,21,CLEAR,1,DAYLIGHT,8,PEDESTRIAN,HIGHWAY 70S & OLD HARDING PKE RAMP,NASHVILLE,TN,37221,4811,WEST,36.074,-86.9232,POINT (-86.9232 36.074)
20190794441,10/31/2019 07:05:00 PM,1,1,0,,N,134871,0,NOT COLLISION W/MOTOR VEHICLE-TRANSPORT,21,CLEAR,3,DARK - LIGHTED,8,PEDESTRIAN,RUTLEDGE ST & MIDDLETON ST,NASHVILLE,TN,37210,4029,CENTRA,36.1549,-86.7693,POINT (-86.7693 36.1549)
20190830018,11/15/2019 08:36:00 PM,1,0,0,Y,N,298867,0,NOT COLLISION W/MOTOR VEHICLE-TRANSPORT,21,CLEAR,3,DARK - LIGHTED,8,PEDESTRIAN,MAIN ST & YEAMAN PL,NASHVILLE,TN,37206,1113,EAST,36.1734,-86.7639,POINT (-86.7639 36.1734)
20190835334,11/18/2019 10:28:00 AM,2,0,0,,N,755026,5,SIDESWIPE - SAME DIRECTION,21,CLEAR,1,DAYLIGHT,12,MOTOR VEHICLE IN TRANSPORT,MURFREESBORO PKE & HAMILTON CHURCH RD,ANTIOCH,TN,37013,8865,SOUTH,36.0649,-86.6286,POINT (-86.6286 36.0649)
20190840858,11/20/2019 11:28:00 AM,2,1,0,,N,226622,11,Front to Rear,21,CLEAR,1,DAYLIGHT,12,MOTOR VEHICLE IN TRANSPORT,OLD HICKORY BLVD & CHICKERING CIR,NASHVILLE,TN,37221,6215,WEST,36.0512,-86.8831,POINT (-86.8831 36.0512)
20190714556,09/27/2019 08:39:00 AM,2,0,0,,N,332253,5,SIDESWIPE - SAME DIRECTION,22,CLOUDY,1,DAYLIGHT,12,MOTOR VEHICLE IN TRANSPORT,MM 39 2 I 24,WHITES CREEK,TN,37189,2212,NORTH,36.2939,-86.8105,POINT (-86.8105 36.2939)
20190795488,11/01/2019 06:25:00 AM,1,0,0,,N,110063,0,NOT COLLISION W/MOTOR VEHICLE-TRANSPORT,21,CLEAR,1,DAYLIGHT,50,DEER (ANIMAL),EWING DR & GWYNNWOOD DR,NASHVILLE,TN,37207,3029,NORTH,36.2315,-86.7925,POINT (-86.7925 36.2315)
20190742245,10/09/2019 10:04:00 AM,2,0,0,,N,109534,11,Front to Rear,21,CLEAR,1,DAYLIGHT,12,MOTOR VEHICLE IN TRANSPORT,ELM HILL PKE & SPENCE LN,NASHVILLE,TN,37210,9017,HERMIT,36.144,-86.7226,POINT (-86.7226 36.144)
20190838650,11/19/2019 03:00:00 PM,2,0,0,,Y,717341,11,Front to Rear,21,CLEAR,1,DAYLIGHT,12,MOTOR VEHICLE IN TRANSPORT,HARDING PL & WHISPERING OAKS PL,NASHVILLE,TN,37211,8705,SOUTH,36.0817,-86.7137,POINT (-86.7137 36.0817)
20190586128,08/07/2019 03:53:00 AM,1,0,0,,N,405424,0,NOT COLLISION W/MOTOR VEHICLE-TRANSPORT,21,CLEAR,3,DARK - LIGHTED,34,DITCH,2710 OLD LEBANON PKE,NASHVILLE,TN,37214,9303,HERMIT,36.1697,-86.6665,POINT (-86.6665 36.1697)
20190587444,08/07/2019 01:00:00 PM,2,0,0,,Y,717341,11,Front to Rear,21,CLEAR,1,DAYLIGHT,12,MOTOR VEHICLE IN TRANSPORT,I440 E EXT RAMP & NOLENSVILLE PKE,NASHVILLE,TN,37211,8309,MIDTOW,36.1217,-86.7506,POINT (-86.7506 36.1217)
20190701049,09/21/2019 06:42:00 PM,1,1,0,,Y,206682,0,NOT COLLISION W/MOTOR VEHICLE-TRANSPORT,21,CLEAR,1,DAYLIGHT,8,PEDESTRIAN,E OLD HICKORY BLVD & QUEEN ANNE DR,MADISON,TN,37115,1635,MADISO,36.2624,-86.6815,POINT (-86.6815 36.2624)
20190721549,09/30/2019 01:55:00 PM,2,0,0,,N,330431,11,Front to Rear,21,CLEAR,1,DAYLIGHT,12,MOTOR VEHICLE IN TRANSPORT,12TH AVN & HERMAN ST,NASHVILLE,TN,37203,5421,NORTH,36.1672,-86.7964,POINT (-86.7964 36.1672)
20190843028,11/21/2019 08:52:00 AM,2,2,0,,N,876581,4,ANGLE,22,CLOUDY,1,DAYLIGHT,12,MOTOR VEHICLE IN TRANSPORT,SPRINGFIELD HWY & OLD SPRINGFIELD PKE,GOODLETTSVILLE,TN,37072,2219,MADISO,36.3742,-86.746,POINT (-86.746 36.3742)
20190789756,10/29/2019 12:00:00 AM,2,1,0,,N,212344,5,SIDESWIPE - SAME DIRECTION,22,CLOUDY,2,DARK - NOT LIGHTED,12;14,MOTOR VEHICLE IN TRANSPORT;PARKED MOTOR VEHICLE,WOODLAND ST & S 13TH ST,NASHVILLE,TN,37206,1239,EAST,36.1771,-86.7473,POINT (-86.7473 36.1771)
20190700201,09/21/2019 07:17:00 AM,2,0,0,,N,320586,4,ANGLE,21,CLEAR,1,DAYLIGHT,12,MOTOR VEHICLE IN TRANSPORT,BELL RD & OLD HICKORY BLVD,ANTIOCH,TN,37013,8755,SOUTH,36.0453,-86.7017,POINT (-86.7017 36.0453)
20190727130,10/02/2019 07:19:00 PM,4,0,0,,N,256389,11,Front to Rear,21,CLEAR,2,DARK - NOT LIGHTED,12,MOTOR VEHICLE IN TRANSPORT,MM 210 3 I 40,NASHVILLE,TN,37203,80021,MIDTOW,36.15,-86.7719,POINT (-86.7719 36.15)
20190690279,09/17/2019 12:10:00 PM,2,1,0,,N,226405,4,ANGLE,21,CLEAR,1,DAYLIGHT,12,MOTOR VEHICLE IN TRANSPORT,WEST END AV & 24TH AVN,NASHVILLE,TN,37203,5715,MIDTOW,36.1482,-86.8059,POINT (-86.8059 36.1482)
20190651624,09/01/2019 01:35:00 AM,2,0,0,Y,Y,298859,4,ANGLE,21,CLEAR,3,DARK - LIGHTED,12,MOTOR VEHICLE IN TRANSPORT,EDGE O LAKE DR & BELL RD,NASHVILLE,TN,37217,8963,HERMIT,36.0794,-86.6326,POINT (-86.6326 36.0794)
20190768566,10/20/2019 06:52:00 PM,2,0,0,,N,279208,11,Front to Rear,21,CLEAR,7,Dark-Unknown Lighting,12,MOTOR VEHICLE IN TRANSPORT,MM 209 5 I 40,NASHVILLE,TN,37203,40040,CENTRA,36.1502,-86.7844,POINT (-86.7844 36.1502)
20190606329,08/14/2019 02:21:00 PM,2,0,0,,N,169425,11,Front to Rear,21,CLEAR,1,DAYLIGHT,12,MOTOR VEHICLE IN TRANSPORT,I65 S EXT RAMP & WEDGEWOOD AV,NASHVILLE,TN,37203,6901,MIDTOW,36.1345,-86.7763,POINT (-86.7763 36.1345)
20190772063,10/22/2019 08:15:00 AM,2,0,0,,Y,352202,11,Front to Rear,21,CLEAR,1,DAYLIGHT,12,MOTOR VEHICLE IN TRANSPORT,BROADWAY & 14TH AVS,NASHVILLE,TN,37203,5701,MIDTOW,36.1557,-86.7897,POINT (-86.7897 36.1557)
20190796968,11/01/2019 07:40:00 PM,6,2,0,,Y,320580,98,OTHER,21,CLEAR,3,DARK - LIGHTED,12,MOTOR VEHICLE IN TRANSPORT,MM 210 4 I 40,NASHVILLE,TN,37210,80022,SOUTH,36.1511,-86.7695,POINT (-86.7695 36.1511)
20190630259,08/23/2019 12:55:00 PM,2,0,0,,N,311799,11,Front to Rear,22,CLOUDY,1,DAYLIGHT,12,MOTOR VEHICLE IN TRANSPORT,WORTH ST & BRIARVILLE RD,MADISON,TN,37115,1799,MADISO,36.2425,-86.7365,POINT (-86.7365 36.2425)
20190736652,10/07/2019 01:14:00 AM,2,0,0,,N,352188,11,Front to Rear,2,RAIN,3,DARK - LIGHTED,12,MOTOR VEHICLE IN TRANSPORT,EAGLE VIEW BLVD & BELL RD,ANTIOCH,TN,37013,8865,SOUTH,36.0486,-86.6461,POINT (-86.6461 36.0486)
20190583905,08/06/2019 08:46:00 AM,2,0,0,,N,191578,4,ANGLE,21,CLEAR,1,DAYLIGHT,12,MOTOR VEHICLE IN TRANSPORT,ELM HILL PKE & MASSMAN DR,NASHVILLE,TN,37210,9017,HERMIT,36.1449,-86.711,POINT (-86.711 36.1449)
20190724379,10/01/2019 05:35:00 PM,2,0,0,,Y,747556,4,ANGLE,21,CLEAR,1,DAYLIGHT,12,MOTOR VEHICLE IN TRANSPORT,CLARKSVILLE PKE & 24TH AVN,NASHVILLE,TN,37208,4417,NORTH,36.1847,-86.8157,POINT (-86.8157 36.1847)
20190827229,11/14/2019 03:18:00 PM,2,0,0,,N,197070,5,SIDESWIPE - SAME DIRECTION,21,CLEAR,1,DAYLIGHT,12,MOTOR VEHICLE IN TRANSPORT,MM 84 9 I 65,NASHVILLE,TN,37208,44040,NORTH,36.1782,-86.8009,POINT (-86.8009 36.1782)
20190786343,10/28/2019 03:31:00 PM,2,0,0,,N,279208,5,SIDESWIPE - SAME DIRECTION,21,CLEAR,1,DAYLIGHT,12,MOTOR VEHICLE IN TRANSPORT,14TH AVN & BROADWAY,NASHVILLE,TN,37203,5701,MIDTOW,36.1557,-86.7897,POINT (-86.7897 36.1557)
20190899560,12/16/2019 12:00:00 AM,3,0,0,,N,334981,98,OTHER,2,RAIN,1,DAYLIGHT,12;55;62,MOTOR VEHICLE IN TRANSPORT;Motor Vehicle-In-Motion Outside Trafficw;Separation Of Units,MURPHY RD & PARK DR,NASHVILLE,TN,37203,5629,MIDTOW,36.1394,-86.8197,POINT (-86.8197 36.1394)
20190627174,08/22/2019 11:20:00 AM,2,0,0,,N,716886,6,SIDESWIPE - OPPOSITE DIRECTION,21,CLEAR,1,DAYLIGHT,12,MOTOR VEHICLE IN TRANSPORT,PACKARD DR & PANAMINT DR,ANTIOCH,TN,37013,8713,SOUTH,36.0633,-86.6896,POINT (-86.6896 36.0633)
20190799559,11/03/2019 01:44:00 AM,2,0,0,,N,298866,4,ANGLE,21,CLEAR,3,DARK - LIGHTED,12,MOTOR VEHICLE IN TRANSPORT,MM 0 7 I 440,NASHVILLE,TN,37209,5230,WEST,36.1534,-86.8228,POINT (-86.8228 36.1534)
20190835057,11/18/2019 08:15:00 AM,2,0,0,,N,676834,11,Front to Rear,21,CLEAR,1,DAYLIGHT,12,MOTOR VEHICLE IN TRANSPORT,CLARKSVILLE PKE & BUENA VISTA PKE,NASHVILLE,TN,37218,3135,NORTH,36.1935,-86.8309,POINT (-86.8309 36.1935)
20190657324,09/03/2019 11:55:00 AM,2,0,0,,Y,279224,5,SIDESWIPE - SAME DIRECTION,21,CLEAR,1,DAYLIGHT,12,MOTOR VEHICLE IN TRANSPORT,SPRING ST & SPRING ST ENT RAMP,NASHVILLE,TN,37207,1979,EAST,36.1764,-86.7677,POINT (-86.7677 36.1764)
20190661457,09/05/2019 07:44:00 AM,2,0,0,,N,226622,4,ANGLE,21,CLEAR,1,DAYLIGHT,12,MOTOR VEHICLE IN TRANSPORT,WHITE BRIDGE PKE & CHARLOTTE PKE,NASHVILLE,TN,37209,5033,WEST,36.1494,-86.8579,POINT (-86.8579 36.1494)
20190609344,08/15/2019 05:18:00 PM,2,1,0,,N,256380,4,ANGLE,21,CLEAR,1,DAYLIGHT,12,MOTOR VEHICLE IN TRANSPORT,CLARKSVILLE PKE & HARPER RD,JOELTON,TN,37080,3315,NORTH,36.2795,-86.8734,POINT (-86.8734 36.2795)
20190583708,08/06/2019 08:00:00 AM,2,0,0,,N,352164,11,Front to Rear,21,CLEAR,1,DAYLIGHT,12,MOTOR VEHICLE IN TRANSPORT,GLENROSE AV & NOLENSVILLE PKE,NASHVILLE,TN,37210,8109,SOUTH,36.1258,-86.7526,POINT (-86.7526 36.1258)
20190684826,09/14/2019 11:00:00 PM,2,0,0,,Y,352183,11,Front to Rear,21,CLEAR,3,DARK - LIGHTED,12,MOTOR VEHICLE IN TRANSPORT,WHEELER AV & NOLENSVILLE PKE,NASHVILLE,TN,37211,8435,SOUTH,36.0957,-86.7367,POINT (-86.7367 36.0957)
20190915828,12/23/2019 10:15:00 AM,2,1,0,,N,402660,4,ANGLE,21,CLEAR,1,DAYLIGHT,12,MOTOR VEHICLE IN TRANSPORT,WEST END AV & LEONARD AV,NASHVILLE,TN,37205,6009,WEST,36.1329,-86.8298,POINT (-86.8298 36.1329)
20190903755,12/17/2019 10:51:00 PM,1,1,0,Y,N,256377,0,NOT COLLISION W/MOTOR VEHICLE-TRANSPORT,21,CLEAR,2,DARK - NOT LIGHTED,42;63,TREE;Ran Off Road-Right,ELM HILL PKE & PATIO DR,NASHVILLE,TN,37214,8945,HERMIT,36.1419,-86.6414,POINT (-86.6414 36.1419)
20190635416,08/25/2019 05:27:00 PM,2,0,0,,N,191578,11,Front to Rear,22,CLOUDY,1,DAYLIGHT,12,MOTOR VEHICLE IN TRANSPORT,2ND AVE N & UNION ST,NASHVILLE,TN,37201,4135,CENTRA,36.1659,-86.7777,POINT (-86.7777 36.1659)
20190621765,08/20/2019 01:50:00 PM,2,0,0,,N,716886,11,Front to Rear,21,CLEAR,1,DAYLIGHT,12,MOTOR VEHICLE IN TRANSPORT,HAYWOOD LN & KEELEY DR,NASHVILLE,TN,37211,8709,SOUTH,36.0698,-86.6959,POINT (-86.6959 36.0698)
20190609660,08/15/2019 08:05:00 PM,2,1,0,,N,179582,4,ANGLE,21,CLEAR,3,DARK - LIGHTED,12,MOTOR VEHICLE IN TRANSPORT,HICKORY HOLLOW PKWY & BELL RD,ANTIOCH,TN,37013,8863,SOUTH,36.0475,-86.656,POINT (-86.656 36.0475)
20190874262,12/05/2019 05:18:00 AM,2,0,0,,N,414668,98,OTHER,21,CLEAR,3,DARK - LIGHTED,12;16,MOTOR VEHICLE IN TRANSPORT;THROWN OR FALLING OBJECT,MM 87 6 I 65,NASHVILLE,TN,37207,1804,EAST,36.2107,-86.7758,POINT (-86.7758 36.2107)
20190742104,10/09/2019 11:19:00 AM,2,0,0,,N,755026,5,SIDESWIPE - SAME DIRECTION,21,CLEAR,1,DAYLIGHT,12,MOTOR VEHICLE IN TRANSPORT,MM 53 0 I 24,NASHVILLE,TN,37210,8302,SOUTH,36.1189,-86.7264,POINT (-86.7264 36.1189)
20190813052,11/08/2019 03:21:00 PM,2,0,0,,N,279225,6,SIDESWIPE - OPPOSITE DIRECTION,21,CLEAR,1,DAYLIGHT,13,MOTOR VEHICLE IN TRANSPORT-OTHER ROADWAY,ELM HILL PKE & SPENCE LN,NASHVILLE,TN,37210,9017,HERMIT,36.144,-86.7226,POINT (-86.7226 36.144)
20190714982,09/27/2019 12:35:00 PM,1,0,0,Y,N,225773,0,NOT COLLISION W/MOTOR VEHICLE-TRANSPORT,21,CLEAR,1,DAYLIGHT,18,OTHER OBJECT (NOT FIXED),JAMESBOROUGH PL & LONE OAK RD,NASHVILLE,TN,37215,6401,MIDTOW,36.0944,-86.8033,POINT (-86.8033 36.0944)
20190813434,11/08/2019 06:17:00 PM,3,0,0,,Y,212343,11,Front to Rear,21,CLEAR,3,DARK - LIGHTED,12,MOTOR VEHICLE IN TRANSPORT,MM 48 7 I 24,NASHVILLE,TN,37213,1104,CENTRA,36.1696,-86.7668,POINT (-86.7668 36.1696)
20190692422,09/18/2019 07:01:00 AM,2,4,0,,N,226622,4,ANGLE,21,CLEAR,1,DAYLIGHT,12,MOTOR VEHICLE IN TRANSPORT,51ST AVN & CHARLOTTE AV,NASHVILLE,TN,37209,5121,WEST,36.1525,-86.8486,POINT (-86.8486 36.1525)
20190845497,11/22/2019 08:07:00 AM,2,0,0,,N,137872,5,SIDESWIPE - SAME DIRECTION,2,RAIN,1,DAYLIGHT,12,MOTOR VEHICLE IN TRANSPORT,I40 W EXT RAMP & I 40,NASHVILLE,TN,37203,4119,CENTRA,36.1574,-86.79,POINT (-86.79 36.1574)
20190889535,12/11/2019 04:41:00 PM,2,0,0,,N,256501,4,ANGLE,21,CLEAR,1,DAYLIGHT,12,MOTOR VEHICLE IN TRANSPORT,CLARKSVILLE PKE & KINGS LN,NASHVILLE,TN,37218,3141,NORTH,36.2167,-86.8375,POINT (-86.8375 36.2167)
20190777978,10/24/2019 03:40:00 PM,2,0,0,,N,320603,11,Front to Rear,21,CLEAR,1,DAYLIGHT,12,MOTOR VEHICLE IN TRANSPORT,HIGHWAY 100 & WARNER NATURE CTR PVTDR,NASHVILLE,TN,37221,6213,WEST,36.0611,-86.9131,POINT (-86.9131 36.0611)
20190586535,08/07/2019 08:00:00 AM,2,0,0,,N,279230,11,Front to Rear,21,CLEAR,1,DAYLIGHT,12,MOTOR VEHICLE IN TRANSPORT,BELL RD & EAGLE VIEW BLVD,ANTIOCH,TN,37013,8865,SOUTH,36.0522,-86.6449,POINT (-86.6449 36.0522)
20190819521,11/11/2019 04:40:00 PM,1,1,0,,N,352207,0,NOT COLLISION W/MOTOR VEHICLE-TRANSPORT,2,RAIN,5,DUSK,34,DITCH,SALEM DR & BRIARWOOD DR,NASHVILLE,TN,37211,8611,MIDTOW,36.0717,-86.7469,POINT (-86.7469 36.0717)
20190618011,08/19/2019 08:30:00 AM,2,0,0,,N,262757,4,ANGLE,21,CLEAR,1,DAYLIGHT,12,MOTOR VEHICLE IN TRANSPORT,LEBANON PKE & SPENCE LN,NASHVILLE,TN,37210,9019,HERMIT,36.1537,-86.7214,POINT (-86.7214 36.1537)
20190807992,11/06/2019 12:57:00 PM,2,0,0,,N,462474,4,ANGLE,21,CLEAR,1,DAYLIGHT,12,MOTOR VEHICLE IN TRANSPORT,WEDGEWOOD AV & I65 S EXT RAMP,NASHVILLE,TN,37204,6945,MIDTOW,36.1342,-86.7764,POINT (-86.7764 36.1342)
20190841356,11/20/2019 02:00:00 PM,1,0,0,Y,N,256394,0,NOT COLLISION W/MOTOR VEHICLE-TRANSPORT,21,CLEAR,1,DAYLIGHT,18,OTHER OBJECT (NOT FIXED),COUCHVILLE PKE & REYNOLDS RD,NASHVILLE,TN,37217,8947,HERMIT,36.1157,-86.6501,POINT (-86.6501 36.1157)
20190666697,09/07/2019 11:20:00 AM,2,0,0,,N,109495,4,ANGLE,21,CLEAR,1,DAYLIGHT,14,PARKED MOTOR VEHICLE,WALSH RD & SMITH AV,NASHVILLE,TN,37203,8023,MIDTOW,36.1328,-86.7628,POINT (-86.7628 36.1328)
20190816911,11/10/2019 10:45:00 AM,2,0,0,,N,571313,11,Front to Rear,21,CLEAR,1,DAYLIGHT,12,MOTOR VEHICLE IN TRANSPORT,WOODMONT BLVD WB ENT RAMP & WOODMONT BLV,NASHVILLE,TN,37204,7001,MIDTOW,36.1103,-86.775,POINT (-86.775 36.1103)
20190693413,09/18/2019 02:22:00 PM,3,1,0,,N,226673,11,Front to Rear,21,CLEAR,1,DAYLIGHT,12,MOTOR VEHICLE IN TRANSPORT,MM 86 2 I 65,NASHVILLE,TN,37207,1910,CENTRA,36.1919,-86.7812,POINT (-86.7812 36.1919)
20190667648,09/07/2019 10:20:00 PM,2,1,0,,N,481573,4,ANGLE,21,CLEAR,1,DAYLIGHT,12,MOTOR VEHICLE IN TRANSPORT,NOLENSVILLE PKE & HICKORYVIEW DR,NASHVILLE,TN,37211,8717,SOUTH,36.0488,-86.7137,POINT (-86.7137 36.0488)
20190761311,10/17/2019 12:11:00 PM,2,2,0,,N,140804,11,Front to Rear,21,CLEAR,1,DAYLIGHT,12,MOTOR VEHICLE IN TRANSPORT,MCGAVOCK PKE & GALLATIN PKE,NASHVILLE,TN,37216,1415,EAST,36.205,-86.7376,POINT (-86.7376 36.205)
20190590049,08/08/2019 12:22:00 PM,2,0,0,,N,226622,11,Front to Rear,21,CLEAR,1,DAYLIGHT,12,MOTOR VEHICLE IN TRANSPORT,HIGHWAY 100 & HEADY DR,NASHVILLE,TN,37205,6209,WEST,36.0992,-86.8717,POINT (-86.8717 36.0992)
20190635850,08/25/2019 11:00:00 PM,2,0,0,,N,197067,5,SIDESWIPE - SAME DIRECTION,2,RAIN,3,DARK - LIGHTED,12,MOTOR VEHICLE IN TRANSPORT,4TH AVS & KOREAN VETERANS BLVD,NASHVILLE,TN,37201,4047,CENTRA,36.1569,-86.7745,POINT (-86.7745 36.1569)
20190725284,10/02/2019 02:01:00 AM,1,1,0,,N,299261,0,NOT COLLISION W/MOTOR VEHICLE-TRANSPORT,21,CLEAR,3,DARK - LIGHTED,36,CONCRETE TRAFFIC BARRIER,I65 N ENT RAMP & I 65,NASHVILLE,TN,37207,1829,EAST,36.209,-86.7759,POINT (-86.7759 36.209)
20190873013,12/04/2019 05:25:00 PM,2,0,0,,N,330413,4,ANGLE,21,CLEAR,3,DARK - LIGHTED,12,MOTOR VEHICLE IN TRANSPORT,STATE HWY 155 & BRANSFORD AVE,NASHVILLE,TN,37204,8525,MIDTOW,36.1123,-86.767,POINT (-86.767 36.1123)
20190675648,09/11/2019 09:18:00 AM,2,0,0,,Y,834798,5,SIDESWIPE - SAME DIRECTION,21,CLEAR,1,DAYLIGHT,12,MOTOR VEHICLE IN TRANSPORT,MCGAVOCK ST & 14TH AVS,NASHVILLE,TN,37203,5701,MIDTOW,36.1546,-86.7891,POINT (-86.7891 36.1546)
20190603047,08/13/2019 08:59:00 AM,2,0,0,,Y,716886,5,SIDESWIPE - SAME DIRECTION,21,CLEAR,1,DAYLIGHT,12,MOTOR VEHICLE IN TRANSPORT,MM 59 2 I 24,ANTIOCH,TN,37013,87061,SOUTH,36.0467,-86.6614,POINT (-86.6614 36.0467)
20190824395,11/13/2019 01:55:00 PM,1,0,0,,N,716886,0,NOT COLLISION W/MOTOR VEHICLE-TRANSPORT,21,CLEAR,1,DAYLIGHT,31,"OTHER POST, POLE, SUPP.",CANE RIDGE RD & BELL RD,ANTIOCH,TN,37013,8721,SOUTH,36.0857,-86.6998,POINT (-86.6998 36.0857)
20190758332,10/16/2019 08:17:00 AM,2,1,0,,N,306231,11,Front to Rear,21,CLEAR,1,DAYLIGHT,12,MOTOR VEHICLE IN TRANSPORT,BRILEY PKWYS & BRILEY PKWYN,NASHVILLE,TN,37218,3212,NORTH,36.2142,-86.8724,POINT (-86.8724 36.2142)
20190767159,10/19/2019 10:15:00 PM,2,0,0,,N,206683,6,SIDESWIPE - OPPOSITE DIRECTION,22,CLOUDY,2,DARK - NOT LIGHTED,12,MOTOR VEHICLE IN TRANSPORT,HOBSON PKE & COUCHVILLE PKE,HERMITAGE,TN,37076,8909,SOUTH,36.1565,-86.7372,POINT (-86.7372 36.1565)
20190650309,08/31/2019 01:21:00 PM,3,0,0,,N,140808,11,Front to Rear,21,CLEAR,1,DAYLIGHT,12,MOTOR VEHICLE IN TRANSPORT,NOLENSVILLE PKE & CONCORD RD,ANTIOCH,TN,37013,8767,SOUTH,35.997,-86.6899,POINT (-86.6899 35.997)
20190635476,08/25/2019 06:07:00 PM,1,0,0,,Y,299241,9,UNKNOWN,2,RAIN,1,DAYLIGHT,99,UNKNOWN MOST HARMFUL EVENT,BELL RD & RAMP,NASHVILLE,TN,37214,8989,HERMIT,36.1124,-86.6304,POINT (-86.6304 36.1124)
20190745204,10/10/2019 04:19:00 PM,3,2,0,,Y,151132,11,Front to Rear,21,CLEAR,1,DAYLIGHT,12,MOTOR VEHICLE IN TRANSPORT,BRILEY PKWYE & SPEARS RD,NASHVILLE,TN,37207,20120,MADISO,36.2392,-86.7766,POINT (-86.7766 36.2392)
20190711230,09/25/2019 12:00:00 AM,2,0,0,,Y,212337,98,OTHER,21,CLEAR,3,DARK - LIGHTED,12;14,MOTOR VEHICLE IN TRANSPORT;PARKED MOTOR VEHICLE,1600 9TH AVN,NASHVILLE,TN,37208,4347,NORTH,36.1791,-86.7996,POINT (-86.7996 36.1791)
20190657299,09/03/2019 02:30:00 PM,2,1,0,,N,716886,11,Front to Rear,21,CLEAR,1,DAYLIGHT,12,MOTOR VEHICLE IN TRANSPORT,I24 E ENT RAMP & I 24,NASHVILLE,TN,37213,1007,CENTRA,36.1662,-86.7659,POINT (-86.7659 36.1662)
20190824237,11/13/2019 12:24:00 PM,2,0,0,,Y,716886,4,ANGLE,21,CLEAR,1,DAYLIGHT,12,MOTOR VEHICLE IN TRANSPORT,FAIRFIELD AV & LAFAYETTE ST,NASHVILLE,TN,37210,8221,HERMIT,36.1474,-86.7579,POINT (-86.7579 36.1474)
20190902119,12/17/2019 08:40:00 AM,2,0,0,,N,226134,4,ANGLE,2,RAIN,1,DAYLIGHT,12,MOTOR VEHICLE IN TRANSPORT,THOMPSON LN & HARTFORD DR,NASHVILLE,TN,37211,8423,SOUTH,36.1098,-86.7335,POINT (-86.7335 36.1098)
20190802377,11/04/2019 10:39:00 AM,3,1,0,,N,140808,11,Front to Rear,21,CLEAR,1,DAYLIGHT,12,MOTOR VEHICLE IN TRANSPORT,OLD HICKORY BLVD & RIVER OAKS RD,NASHVILLE,TN,37215,6305,MIDTOW,36.0419,-86.8248,POINT (-86.8248 36.0419)
20190688794,09/16/2019 12:00:00 AM,2,1,0,,N,311333,11,Front to Rear,21,CLEAR,2,DARK - NOT LIGHTED,12,MOTOR VEHICLE IN TRANSPORT,MURFREESBORO PKE & MOUNTAIN SPRINGS RD,ANTIOCH,TN,37013,8927,SOUTH,36.0478,-86.6121,POINT (-86.6121 36.0478)
20190678248,09/12/2019 09:00:00 AM,2,1,0,,N,352207,11,Front to Rear,21,CLEAR,1,DAYLIGHT,12,MOTOR VEHICLE IN TRANSPORT,HORTON AV & 16TH AVS,NASHVILLE,TN,37212,6619,MIDTOW,36.1407,-86.7936,POINT (-86.7936 36.1407)
20190892970,12/12/2019 11:40:00 PM,2,0,0,,N,299245,11,Front to Rear,21,CLEAR,3,DARK - LIGHTED,12,MOTOR VEHICLE IN TRANSPORT,SPRING ST & I24 W EXT RAMP,NASHVILLE,TN,37207,1983,EAST,36.1767,-86.7723,POINT (-86.7723 36.1767)