Accident Number,Date and Time,Number of Motor Vehicles,Number of Injuries,Number of Fatalities,Property Damage,Hit and Run,Reporting Officer,Collision Type Code,Collision Type Description,Weather Code,Weather Description,Illumination Code,Illumination Description,Harmful Code,Harmful Code Description,Street Address,City,State,ZIP,RPA,Precinct,Latitude,Longitude,Mapped Location
20190857427,11/27/2019 12:20:00 PM,2,1,0,,N,226306,4,ANGLE,21,CLEAR,1,DAYLIGHT,13,MOTOR VEHICLE IN TRANSPORT-OTHER ROADWAY,SAWYER BROWN RD & BELLEVUE CTR PVTDR,NASHVILLE,TN,37221,4815,WEST,36.079,-86.9446,POINT (-86.9446 36.079)
20190916103,12/23/2019 12:30:00 PM,2,0,0,Y,N,262757,0,NOT COLLISION W/MOTOR VEHICLE-TRANSPORT,21,CLEAR,1,DAYLIGHT,33,CURB,MCGAVOCK PIKE & CONNECTING ROAD,NASHVILLE,TN,37214,9115,HERMIT,36.1508,-86.6841,POINT (-86.6841 36.1508)
20190753230,10/14/2019 08:30:00 AM,2,0,0,,N,226622,11,Front to Rear,21,CLEAR,1,DAYLIGHT,12,MOTOR VEHICLE IN TRANSPORT,BRILEY PKWY & I40 W EXT RAMP,NASHVILLE,TN,37209,4696,WEST,36.153,-86.8576,POINT (-86.8576 36.153)
20190919886,12/25/2019 12:45:00 PM,1,1,0,Y,N,633381,0,NOT COLLISION W/MOTOR VEHICLE-TRANSPORT,21,CLEAR,1,DAYLIGHT,1;30;47,UTILITY POLE;FIRE HYDRANT,BELL RD & MORRIS GENTRY BLVD,ANTIOCH,TN,37013,8861,SOUTH,36.0678,-86.6368,POINT (-86.6368 36.0678)
20190795317,11/01/2019 12:00:00 AM,1,1,0,,N,384448,0,NOT COLLISION W/MOTOR VEHICLE-TRANSPORT,21,CLEAR,2,DARK - NOT LIGHTED,1;71;74,EMBANKMENT EARTH;Occupant Struck By Own Vehicle,HIGHWAY 100 & FAIRVIEW BLVD,NASHVILLE,TN,37221,4805,WEST,36.0143,-87.0404,POINT (-87.0404 36.0143)
20190594839,08/09/2019 11:45:00 PM,1,0,0,,N,330414,0,NOT COLLISION W/MOTOR VEHICLE-TRANSPORT,21,CLEAR,3,DARK - LIGHTED,50,DEER (ANIMAL),STATE HWY 45 & -UNKNOWN RAMP/ROAD -,MADISON,TN,37115,2101,MADISO,36.2655,-86.7398,POINT (-86.7398 36.2655)
20190872525,12/04/2019 12:55:00 PM,2,1,0,,N,384416,11,Front to Rear,21,CLEAR,1,DAYLIGHT,12,MOTOR VEHICLE IN TRANSPORT,S 2ND ST & SHELBY AV,NASHVILLE,TN,37213,1007,CENTRA,36.1649,-86.7679,POINT (-86.7679 36.1649)
20190913264,12/22/2019 12:34:00 AM,2,0,0,,N,299270,4,ANGLE,21,CLEAR,2,DARK - NOT LIGHTED,12,MOTOR VEHICLE IN TRANSPORT,WOODMONT BLVD & MCNAIRY LN,NASHVILLE,TN,37204,7009,MIDTOW,36.1104,-86.7828,POINT (-86.7828 36.1104)
20190731809,10/04/2019 04:01:00 PM,2,1,0,,Y,320599,11,Front to Rear,21,CLEAR,1,DAYLIGHT,12,MOTOR VEHICLE IN TRANSPORT,MM 210 6 I 40,NASHVILLE,TN,37210,8202,HERMIT,36.1526,-86.7659,POINT (-86.7659 36.1526)
20190853041,11/25/2019 05:38:00 PM,2,0,0,,N,256446,11,Front to Rear,21,CLEAR,3,DARK - LIGHTED,12,MOTOR VEHICLE IN TRANSPORT,OLD FRANKLIN RD & CROSSINGS BLVD,ANTIOCH,TN,37013,8863,SOUTH,36.0372,-86.6376,POINT (-86.6376 36.0372)
20190892290,12/12/2019 05:18:00 PM,2,1,0,,N,320585,11,Front to Rear,21,CLEAR,3,DARK - LIGHTED,12,MOTOR VEHICLE IN TRANSPORT,MM 215 0 I 40,NASHVILLE,TN,37214,91021,HERMIT,36.1444,-86.6948,POINT (-86.6948 36.1444)
20190792531,10/30/2019 11:56:00 PM,2,0,0,,Y,384418,5,SIDESWIPE - SAME DIRECTION,2,RAIN,3,DARK - LIGHTED,12,MOTOR VEHICLE IN TRANSPORT,LOGISTICS WAY & OLD HICKORY BLVD,ANTIOCH,TN,37013,8869,SOUTH,36.0326,-86.6119,POINT (-86.6119 36.0326)
20190700402,09/21/2019 11:15:00 AM,2,0,0,,N,262766,11,Front to Rear,,,,,12,MOTOR VEHICLE IN TRANSPORT,US HWY 70 & STATE HWY 251,NASHVILLE,TN,37209,4701,WEST,36.1174,-86.9222,POINT (-86.9222 36.1174)
20190606763,08/14/2019 05:56:00 PM,2,0,0,,N,212330,11,Front to Rear,21,CLEAR,1,DAYLIGHT,12,MOTOR VEHICLE IN TRANSPORT,MM 54 9 I 24,NASHVILLE,TN,37211,8812,SOUTH,36.0962,-86.7081,POINT (-86.7081 36.0962)
20190790703,10/30/2019 07:00:00 AM,2,0,0,,N,226600,4,ANGLE,2,RAIN,4,DAWN,12,MOTOR VEHICLE IN TRANSPORT,US HWY 431 & GREEN HILLS VILLAGE DR,NASHVILLE,TN,37215,6411,MIDTOW,36.1078,-86.8127,POINT (-86.8127 36.1078)
20190768394,10/20/2019 04:48:00 PM,2,1,0,,N,299243,4,ANGLE,21,CLEAR,1,DAYLIGHT,12,MOTOR VEHICLE IN TRANSPORT,COMMERCE ST & ROSA L PARKS BLVD,NASHVILLE,TN,37203,4113,CENTRA,36.1603,-86.783,POINT (-86.783 36.1603)
20190845356,11/22/2019 06:45:00 AM,2,0,0,,N,191578,11,Front to Rear,2,RAIN,1,DAYLIGHT,12,MOTOR VEHICLE IN TRANSPORT,MM 218 0 I 40,NASHVILLE,TN,37217,89020,HERMIT,36.1413,-86.667,POINT (-86.667 36.1413)
20190742786,10/09/2019 04:12:00 PM,3,1,0,,N,256389,11,Front to Rear,21,CLEAR,1,DAYLIGHT,12,MOTOR VEHICLE IN TRANSPORT,EDMONDSON PKE & WALLACE RD,NASHVILLE,TN,37211,8661,MIDTOW,36.0771,-86.7256,POINT (-86.7256 36.0771)
20190929658,12/30/2019 01:35:00 PM,2,0,0,,N,405391,4,ANGLE,21,CLEAR,1,DAYLIGHT,12,MOTOR VEHICLE IN TRANSPORT,CHARLOTTE PKE PVTDR & RIVER RD,NASHVILLE,TN,37209,4701,WEST,36.1286,-86.9068,POINT (-86.9068 36.1286)
20190703966,09/23/2019 07:05:00 AM,2,0,0,,N,693093,11,Front to Rear,22,CLOUDY,1,DAYLIGHT,12,MOTOR VEHICLE IN TRANSPORT,GALLATIN PKEN & EDENWOLD RD,MADISON,TN,37115,1721,MADISO,36.2885,-86.7047,POINT (-86.7047 36.2885)
20190819475,11/11/2019 04:17:00 PM,2,0,0,,N,256501,4,ANGLE,2,RAIN,1,DAYLIGHT,12,MOTOR VEHICLE IN TRANSPORT,MM 86 5 I 65,NASHVILLE,TN,37207,3006,NORTH,36.1946,-86.7762,POINT (-86.7762 36.1946)
20190803293,11/04/2019 05:30:00 PM,2,0,0,,Y,161939,5,SIDESWIPE - SAME DIRECTION,21,CLEAR,2,DARK - NOT LIGHTED,12,MOTOR VEHICLE IN TRANSPORT,MM 58 5 I 24,ANTIOCH,TN,37013,87061,SOUTH,36.0527,-86.6719,POINT (-86.6719 36.0527)
20190841581,11/20/2019 05:23:00 PM,2,0,0,,N,151132,11,Front to Rear,21,CLEAR,3,DARK - LIGHTED,12,MOTOR VEHICLE IN TRANSPORT,GALLATIN PKEN & RIVERGATE PKWY,MADISON,TN,37115,1731,MADISO,36.2973,-86.6988,POINT (-86.6988 36.2973)
20190878071,12/06/2019 03:22:00 PM,2,1,0,,N,330444,11,Front to Rear,21,CLEAR,1,DAYLIGHT,12,MOTOR VEHICLE IN TRANSPORT,DIVISION ST & DEMONBREUN ST,NASHVILLE,TN,37203,5701,MIDTOW,36.1522,-86.7914,POINT (-86.7914 36.1522)
20190769736,10/21/2019 08:00:00 AM,2,1,0,,N,352164,11,Front to Rear,22,CLOUDY,1,DAYLIGHT,12,MOTOR VEHICLE IN TRANSPORT,MM 59 7 I 24,ANTIOCH,TN,37013,88060,SOUTH,36.0428,-86.6545,POINT (-86.6545 36.0428)
20190624486,08/21/2019 12:43:00 PM,2,0,0,,N,226092,5,SIDESWIPE - SAME DIRECTION,21,CLEAR,1,DAYLIGHT,12,MOTOR VEHICLE IN TRANSPORT,ROSA L PARKS BLVD & I65 N ENT RAMP,NASHVILLE,TN,37208,4353,NORTH,36.184,-86.798,POINT (-86.798 36.184)
20190621051,08/20/2019 09:00:00 AM,2,1,0,,N,665896,11,Front to Rear,21,CLEAR,1,DAYLIGHT,12,MOTOR VEHICLE IN TRANSPORT,N 1ST ST & DICKERSON PKE,NASHVILLE,TN,37207,1953,EAST,36.1832,-86.7739,POINT (-86.7739 36.1832)
20190698761,09/20/2019 04:09:00 PM,1,0,0,,Y,725756,0,NOT COLLISION W/MOTOR VEHICLE-TRANSPORT,21,CLEAR,1,DAYLIGHT,34;63,DITCH;Ran Off Road-Right,MCCRORY LN & I40 E ENT RAMP,NASHVILLE,TN,37221,4801,WEST,36.0742,-87.0122,POINT (-87.0122 36.0742)
20190770270,10/21/2019 01:43:00 PM,1,0,0,,N,311325,0,NOT COLLISION W/MOTOR VEHICLE-TRANSPORT,2,RAIN,1,DAYLIGHT,41,SHRUBBERY,MM 220 0 I 40,HERMITAGE,TN,37076,94021,HERMIT,36.1643,-86.6157,POINT (-86.6157 36.1643)
20190864185,12/01/2019 12:00:00 AM,1,0,0,,N,299270,0,NOT COLLISION W/MOTOR VEHICLE-TRANSPORT,21,CLEAR,3,DARK - LIGHTED,33,CURB,DIVISION ST & MUSIC CIRE,NASHVILLE,TN,37203,6719,MIDTOW,36.1516,-86.7885,POINT (-86.7885 36.1516)
20190689587,09/17/2019 06:52:00 AM,2,1,0,,N,348631,5,SIDESWIPE - SAME DIRECTION,21,CLEAR,1,DAYLIGHT,12,MOTOR VEHICLE IN TRANSPORT,MM 49 6 I 24,NASHVILLE,TN,37210,4008,CENTRA,36.1571,-86.7604,POINT (-86.7604 36.1571)
20190644964,08/29/2019 01:18:00 PM,2,0,0,,N,728066,5,SIDESWIPE - SAME DIRECTION,21,CLEAR,1,DAYLIGHT,12,MOTOR VEHICLE IN TRANSPORT,SUMMER PL & S 5TH ST,NASHVILLE,TN,37206,1013,EAST,36.1655,-86.7601,POINT (-86.7601 36.1655)
20190916730,12/23/2019 07:08:00 PM,2,0,0,,Y,206682,5,SIDESWIPE - SAME DIRECTION,21,CLEAR,3,DARK - LIGHTED,12,MOTOR VEHICLE IN TRANSPORT,NEELYS BEND RD & LARKIN SPRINGS RD,MADISON,TN,37115,1613,MADISO,36.2496,-86.6866,POINT (-86.6866 36.2496)
20190627787,08/22/2019 03:00:00 PM,2,0,0,,Y,345098,11,Front to Rear,22,CLOUDY,1,DAYLIGHT,12,MOTOR VEHICLE IN TRANSPORT,MM 209 7 I 40,NASHVILLE,TN,37203,4004,CENTRA,36.1492,-86.7812,POINT (-86.7812 36.1492)
20190758847,10/16/2019 12:30:00 PM,2,0,0,,N,306231,5,SIDESWIPE - SAME DIRECTION,21,CLEAR,1,DAYLIGHT,12,MOTOR VEHICLE IN TRANSPORT,ROSA L PARKS BLVD & I65 N ENT RAMP,NASHVILLE,TN,37208,4353,NORTH,36.184,-86.798,POINT (-86.798 36.184)
20190693748,09/18/2019 05:31:00 PM,2,0,0,,N,887598,11,Front to Rear,21,CLEAR,1,DAYLIGHT,12,MOTOR VEHICLE IN TRANSPORT,MM 85 1 I 65,NASHVILLE,TN,37208,43023,NORTH,36.1815,-86.7999,POINT (-86.7999 36.1815)
20190768284,10/20/2019 03:30:00 PM,2,0,0,,N,433550,11,Front to Rear,21,CLEAR,1,DAYLIGHT,12,MOTOR VEHICLE IN TRANSPORT,TRENTON DR & ANDREW JACKSON PKWY,HERMITAGE,TN,37076,9537,HERMIT,36.2136,-86.5978,POINT (-86.5978 36.2136)
20190861663,11/29/2019 04:34:00 PM,2,0,0,,N,352197,6,SIDESWIPE - OPPOSITE DIRECTION,21,CLEAR,5,DUSK,12,MOTOR VEHICLE IN TRANSPORT,BARNES COVE DR & BARNES RD,ANTIOCH,TN,37013,8759,SOUTH,36.0276,-86.7036,POINT (-86.7036 36.0276)
20190612483,08/16/2019 08:56:00 PM,2,1,0,,N,279225,4,ANGLE,21,CLEAR,3,DARK - LIGHTED,12,MOTOR VEHICLE IN TRANSPORT,MURFREESBORO PKE & LAKEVILLA DR,ANTIOCH,TN,37013,8861,SOUTH,36.0767,-86.6409,POINT (-86.6409 36.0767)
20190894244,12/13/2019 12:35:00 PM,2,0,0,,N,620072,5,SIDESWIPE - SAME DIRECTION,21,CLEAR,1,DAYLIGHT,12,MOTOR VEHICLE IN TRANSPORT,WEST END AV & LYLE AV,NASHVILLE,TN,37203,5709,MIDTOW,36.1518,-86.7985,POINT (-86.7985 36.1518)
20190921281,12/26/2019 12:00:00 AM,2,0,0,,Y,320575,6,SIDESWIPE - OPPOSITE DIRECTION,99,UNKNOWN,3,DARK - LIGHTED,14,PARKED MOTOR VEHICLE,5100 W OAK HIGHLAND DR,ANTIOCH,TN,37013,8755,SOUTH,36.0357,-86.6827,POINT (-86.6827 36.0357)
20190876048,12/05/2019 06:00:00 PM,2,0,0,,Y,384408,5,SIDESWIPE - SAME DIRECTION,21,CLEAR,7,Dark-Unknown Lighting,12,MOTOR VEHICLE IN TRANSPORT,LEBANON PKE & OMOHUNDRO PL,NASHVILLE,TN,37210,9011,HERMIT,36.1545,-86.7398,POINT (-86.7398 36.1545)
20190873416,12/04/2019 08:50:00 PM,2,0,0,,Y,299238,9,UNKNOWN,21,CLEAR,3,DARK - LIGHTED,12;14,MOTOR VEHICLE IN TRANSPORT;PARKED MOTOR VEHICLE,MCGAVOCK PKE & RIVERSIDE DR,NASHVILLE,TN,37216,1437,EAST,36.2048,-86.7244,POINT (-86.7244 36.2048)
20190857892,11/27/2019 04:00:00 PM,2,0,0,,N,352184,2,HEAD-ON,21,CLEAR,1,DAYLIGHT,12,MOTOR VEHICLE IN TRANSPORT,DICKERSON PKE & HILLHURST DR,NASHVILLE,TN,37207,1811,EAST,36.2269,-86.7599,POINT (-86.7599 36.2269)
20190775122,10/23/2019 12:45:00 PM,2,0,0,,Y,594473,3,REAR-TO-REAR,21,CLEAR,1,DAYLIGHT,14,PARKED MOTOR VEHICLE,8TH AVS & FRANKLIN PKE,NASHVILLE,TN,37204,6919,MIDTOW,36.1295,-86.7782,POINT (-86.7782 36.1295)
20190833980,11/17/2019 08:45:00 PM,2,0,0,,Y,299253,5,SIDESWIPE - SAME DIRECTION,21,CLEAR,3,DARK - LIGHTED,12,MOTOR VEHICLE IN TRANSPORT,MM 47 0 I 24,NASHVILLE,TN,37207,1910,CENTRA,36.1886,-86.7761,POINT (-86.7761 36.1886)
20190697894,09/20/2019 08:20:00 AM,2,0,0,,N,352197,5,SIDESWIPE - SAME DIRECTION,21,CLEAR,1,DAYLIGHT,12,MOTOR VEHICLE IN TRANSPORT,MELROSE AV & I440 E ENT RAMP,NASHVILLE,TN,37211,8343,MIDTOW,36.1205,-86.7501,POINT (-86.7501 36.1205)
20190596317,08/10/2019 05:54:00 PM,2,0,0,,Y,240960,11,Front to Rear,21,CLEAR,1,DAYLIGHT,12,MOTOR VEHICLE IN TRANSPORT,GALLATIN PKE & BROADMOOR DR,NASHVILLE,TN,37216,1513,EAST,36.2295,-86.7251,POINT (-86.7251 36.2295)
20190700714,09/21/2019 01:48:00 PM,2,0,0,,N,405418,11,Front to Rear,21,CLEAR,1,DAYLIGHT,12,MOTOR VEHICLE IN TRANSPORT,HILLSBORO PKE & TIMBERWOOD PL,NASHVILLE,TN,37215,6303,MIDTOW,36.0619,-86.8503,POINT (-86.8503 36.0619)
20190802000,11/04/2019 08:00:00 AM,2,0,0,,N,191578,11,Front to Rear,21,CLEAR,1,DAYLIGHT,12,MOTOR VEHICLE IN TRANSPORT,MM 215 6 I 40,NASHVILLE,TN,37214,9102,HERMIT,36.1431,-86.6845,POINT (-86.6845 36.1431)
20190727205,10/02/2019 08:15:00 PM,2,1,0,,N,887598,11,Front to Rear,21,CLEAR,2,DARK - NOT LIGHTED,12,MOTOR VEHICLE IN TRANSPORT,BRILEY PKWY N EXT RAMP & BRILEY PKWYN,NASHVILLE,TN,37214,9223,HERMIT,36.1966,-86.6876,POINT (-86.6876 36.1966)
20190755839,10/15/2019 08:40:00 AM,2,0,0,,N,405391,11,Front to Rear,21,CLEAR,1,DAYLIGHT,12,MOTOR VEHICLE IN TRANSPORT,CHARLOTTE PKE & I40 E ENT RAMP,NASHVILLE,TN,37205,5007,WEST,36.1319,-86.8955,POINT (-86.8955 36.1319)
20190647740,08/30/2019 01:08:00 PM,2,0,0,,N,267831,11,Front to Rear,21,CLEAR,1,DAYLIGHT,12,MOTOR VEHICLE IN TRANSPORT,CHARLOTTE AV & 42ND AVN,NASHVILLE,TN,37209,5217,WEST,36.1524,-86.8366,POINT (-86.8366 36.1524)
20190771007,10/21/2019 08:20:00 PM,2,1,0,,N,909486,4,ANGLE,2,RAIN,2,DARK - NOT LIGHTED,12,MOTOR VEHICLE IN TRANSPORT,EDMONDSON PKE & MT PISGAH RD,NASHVILLE,TN,37211,8651,MIDTOW,36.0244,-86.7424,POINT (-86.7424 36.0244)
20190805415,11/05/2019 01:20:00 PM,2,0,0,,N,716886,5,SIDESWIPE - SAME DIRECTION,21,CLEAR,1,DAYLIGHT,12,MOTOR VEHICLE IN TRANSPORT,MM 59 6 I 24,ANTIOCH,TN,37013,88060,SOUTH,36.0438,-86.6561,POINT (-86.6561 36.0438)
20190736140,10/06/2019 04:25:00 PM,2,0,0,,Y,320577,4,ANGLE,21,CLEAR,1,DAYLIGHT,14;55,PARKED MOTOR VEHICLE;Motor Vehicle-In-Motion Outside Trafficw,HILLSBORO PKE & ABBOTT MARTIN RD,NASHVILLE,TN,37215,6111,WEST,36.1054,-86.8142,POINT (-86.8142 36.1054)
20190850436,11/24/2019 02:35:00 PM,2,1,0,,Y,352161,4,ANGLE,21,CLEAR,1,DAYLIGHT,12,MOTOR VEHICLE IN TRANSPORT,ALBION ST & 32ND AVN,NASHVILLE,TN,37209,4529,NORTH,36.1635,-86.8248,POINT (-86.8248 36.1635)
20190859756,11/28/2019 03:41:00 PM,2,0,0,,N,256386,4,ANGLE,22,CLOUDY,1,DAYLIGHT,12,MOTOR VEHICLE IN TRANSPORT,PERCY PRIEST DR & STEWARTS FERRY PKE,NASHVILLE,TN,37214,8955,HERMIT,36.1539,-86.6257,POINT (-86.6257 36.1539)
20190870320,12/03/2019 05:23:00 PM,2,0,0,,N,352178,11,Front to Rear,21,CLEAR,3,DARK - LIGHTED,12,MOTOR VEHICLE IN TRANSPORT,MM 84 7 I 65,NASHVILLE,TN,37208,44040,NORTH,36.1761,-86.8012,POINT (-86.8012 36.1761)
20190855758,11/26/2019 06:12:00 PM,2,0,0,,N,179606,11,Front to Rear,2,RAIN,3,DARK - LIGHTED,12,MOTOR VEHICLE IN TRANSPORT,MM 77 0 I 65,NASHVILLE,TN,37220,86042,MIDTOW,36.0708,-86.7697,POINT (-86.7697 36.0708)
20190592967,08/09/2019 11:45:00 AM,2,0,0,,N,676834,11,Front to Rear,21,CLEAR,1,DAYLIGHT,12,MOTOR VEHICLE IN TRANSPORT,28TH AVN & CHARLOTTE AV,NASHVILLE,TN,37209,5341,MIDTOW,36.154,-86.8182,POINT (-86.8182 36.154)
20190600254,08/12/2019 11:17:00 AM,3,1,0,,N,311325,11,Front to Rear,21,CLEAR,1,DAYLIGHT,12,MOTOR VEHICLE IN TRANSPORT,MM 215 4 I 40,NASHVILLE,TN,37217,89020,HERMIT,36.1434,-86.6882,POINT (-86.6882 36.1434)
20190879107,12/07/2019 03:24:00 AM,2,2,0,Y,N,352209,4,ANGLE,21,CLEAR,3,DARK - LIGHTED,12;41;64,MOTOR VEHICLE IN TRANSPORT;SHRUBBERY;Ran Off Road-Left,CHARLOTTE AV & GEORGE L DAVIS BLVD,NASHVILLE,TN,37203,4205,CENTRA,36.1612,-86.7927,POINT (-86.7927 36.1612)
20190724294,10/01/2019 04:04:00 PM,2,0,0,,Y,620080,11,Front to Rear,21,CLEAR,1,DAYLIGHT,12,MOTOR VEHICLE IN TRANSPORT,MM 49 1 I 24,NASHVILLE,TN,37206,10040,EAST,36.1647,-86.7634,POINT (-86.7634 36.1647)
20190876411,12/06/2019 12:02:00 AM,1,0,0,,N,330411,0,NOT COLLISION W/MOTOR VEHICLE-TRANSPORT,21,CLEAR,2,DARK - NOT LIGHTED,50,DEER (ANIMAL),US HWY 41 ALT & HARPER RD,JOELTON,TN,37080,3315,NORTH,36.3251,-86.9148,POINT (-86.9148 36.3251)
20190793425,10/31/2019 09:40:00 AM,2,0,0,,Y,420035,11,Front to Rear,22,CLOUDY,1,DAYLIGHT,12,MOTOR VEHICLE IN TRANSPORT,MYATT DR & N DUPONT AV,MADISON,TN,37115,1705,MADISO,36.2662,-86.6901,POINT (-86.6901 36.2662)
20190641784,08/28/2019 07:55:00 AM,1,1,0,,N,225950,0,NOT COLLISION W/MOTOR VEHICLE-TRANSPORT,21,CLEAR,1,DAYLIGHT,8,PEDESTRIAN,24TH AVS & WEST END AV,NASHVILLE,TN,37212,5717,MIDTOW,36.1477,-86.8063,POINT (-86.8063 36.1477)
20190673804,09/10/2019 04:28:00 PM,2,0,0,,N,151132,11,Front to Rear,22,CLOUDY,1,DAYLIGHT,12,MOTOR VEHICLE IN TRANSPORT,DUE WEST AVN & DICKERSON PKE,MADISON,TN,37115,2019,MADISO,36.2562,-86.7572,POINT (-86.7572 36.2562)
20190749795,10/12/2019 04:27:00 PM,2,0,0,,Y,330445,11,Front to Rear,21,CLEAR,1,DAYLIGHT,12;14,MOTOR VEHICLE IN TRANSPORT;PARKED MOTOR VEHICLE,15TH AVN & HYNES ST,NASHVILLE,TN,37203,5503,MIDTOW,36.1587,-86.794,POINT (-86.794 36.1587)
20190707903,09/24/2019 05:49:00 PM,2,1,0,,N,240957,2,HEAD-ON,21,CLEAR,1,DAYLIGHT,12,MOTOR VEHICLE IN TRANSPORT,OLD HICKORY BLVD & BRENTWOOD TRC,BRENTWOOD,TN,37027,8623,MIDTOW,36.0411,-86.7762,POINT (-86.7762 36.0411)
20190914415,12/22/2019 04:00:00 PM,3,0,0,,Y,161939,11,Front to Rear,2,RAIN,1,DAYLIGHT,12,MOTOR VEHICLE IN TRANSPORT,MM 62 4 I 24,ANTIOCH,TN,37013,8806,SOUTH,36.0157,-86.6218,POINT (-86.6218 36.0157)
20190916418,12/23/2019 01:50:00 PM,2,0,0,Y,N,352207,4,ANGLE,21,CLEAR,1,DAYLIGHT,12,MOTOR VEHICLE IN TRANSPORT,TYNE BLVD & FRANKLIN PKE,NASHVILLE,TN,37220,7103,MIDTOW,36.0776,-86.7765,POINT (-86.7765 36.0776)
20190855941,11/26/2019 08:44:00 PM,2,0,0,,N,429193,4,ANGLE,2,RAIN,2,DARK - NOT LIGHTED,12,MOTOR VEHICLE IN TRANSPORT,CHARLOTTE PK & I 40 E ENTRANCE RAMP,NASHVILLE,TN,37205,5007,WEST,36.1317,-86.8958,POINT (-86.8958 36.1317)
20190685131,09/15/2019 03:17:00 AM,2,0,0,,N,311800,11,Front to Rear,21,CLEAR,3,DARK - LIGHTED,12,MOTOR VEHICLE IN TRANSPORT,4TH AVS & DEMONBREUN ST,NASHVILLE,TN,37201,4053,CENTRA,36.1587,-86.7757,POINT (-86.7757 36.1587)
20190704572,09/23/2019 12:00:00 PM,3,2,0,,N,320601,11,Front to Rear,22,CLOUDY,1,DAYLIGHT,12,MOTOR VEHICLE IN TRANSPORT,I24E & I24 W EXT RAMP,NASHVILLE,TN,37210,8102,SOUTH,36.1336,-86.7269,POINT (-86.7269 36.1336)
20190688683,09/16/2019 08:20:00 PM,3,0,0,,N,717341,4,ANGLE,21,CLEAR,3,DARK - LIGHTED,12,MOTOR VEHICLE IN TRANSPORT,EAST THOMPSON LN & MURFREESBORO PKE,NASHVILLE,TN,37217,8879,SOUTH,36.1267,-86.7111,POINT (-86.7111 36.1267)
20190584506,08/06/2019 01:39:00 PM,3,0,0,,N,462474,11,Front to Rear,21,CLEAR,1,DAYLIGHT,12,MOTOR VEHICLE IN TRANSPORT,OLD HICKORY BLVD & BALLEROY DR,BRENTWOOD,TN,37027,6301,MIDTOW,36.0443,-86.8463,POINT (-86.8463 36.0443)
20190875454,12/05/2019 03:15:00 PM,2,0,0,,Y,256448,4,ANGLE,21,CLEAR,1,DAYLIGHT,12,MOTOR VEHICLE IN TRANSPORT,DONELSON PKE & SHACKLETT DR,NASHVILLE,TN,37214,9411,HERMIT,36.1449,-86.6667,POINT (-86.6667 36.1449)
20190584861,08/06/2019 03:56:00 PM,2,0,0,,N,169425,5,SIDESWIPE - SAME DIRECTION,21,CLEAR,1,DAYLIGHT,12,MOTOR VEHICLE IN TRANSPORT,MM 81 7 I 65,NASHVILLE,TN,37203,8006,MIDTOW,36.1384,-86.7758,POINT (-86.7758 36.1384)
20190929753,12/29/2019 07:11:00 PM,1,0,0,Y,Y,279208,0,NOT COLLISION W/MOTOR VEHICLE-TRANSPORT,21,CLEAR,7,Dark-Unknown Lighting,18,OTHER OBJECT (NOT FIXED),DEMONBREUN ST & MUSIC CIRE,NASHVILLE,TN,37203,6721,MIDTOW,36.1528,-86.79,POINT (-86.79 36.1528)
20190664872,09/06/2019 03:33:00 PM,2,1,0,,Y,579971,4,ANGLE,21,CLEAR,1,DAYLIGHT,12,MOTOR VEHICLE IN TRANSPORT,TAMPA DR & HARDING PL,NASHVILLE,TN,37211,8705,SOUTH,36.0827,-86.7105,POINT (-86.7105 36.0827)
20190894710,12/13/2019 04:27:00 PM,2,0,0,,Y,352156,11,Front to Rear,2,RAIN,5,DUSK,12,MOTOR VEHICLE IN TRANSPORT,ANTIOCH PKE & SPACE PARK SOUTH DR,NASHVILLE,TN,37211,8845,SOUTH,36.0939,-86.6993,POINT (-86.6993 36.0939)
20190679310,09/12/2019 04:05:00 PM,2,0,0,,Y,306708,5,SIDESWIPE - SAME DIRECTION,21,CLEAR,1,DAYLIGHT,12,MOTOR VEHICLE IN TRANSPORT,DUE WEST AVE W & GIBSON DR,MADISON,TN,37115,1789,MADISO,36.2483,-86.7236,POINT (-86.7236 36.2483)
20190690654,09/17/2019 03:13:00 PM,3,0,0,,N,580819,11,Front to Rear,21,CLEAR,1,DAYLIGHT,12,MOTOR VEHICLE IN TRANSPORT,JEFFERSON ST & SPRING ST,NASHVILLE,TN,37213,1989,CENTRA,36.1765,-86.7781,POINT (-86.7781 36.1765)
20190819029,11/11/2019 11:10:00 AM,1,0,0,,N,225773,0,NOT COLLISION W/MOTOR VEHICLE-TRANSPORT,22,CLOUDY,1,DAYLIGHT,50,DEER (ANIMAL),HARDING PL & COMPTON TRC,NASHVILLE,TN,37215,6313,MIDTOW,36.0902,-86.8118,POINT (-86.8118 36.0902)
20190911724,12/21/2019 03:13:00 AM,2,2,0,,Y,320578,4,ANGLE,21,CLEAR,3,DARK - LIGHTED,12,MOTOR VEHICLE IN TRANSPORT,HAYWOOD LN & I24 E EXT RAMP,NASHVILLE,TN,37211,8709,SOUTH,36.0691,-86.6911,POINT (-86.6911 36.0691)
20190806460,11/01/2019 11:00:00 PM,2,0,0,,Y,209173,4,ANGLE,21,CLEAR,3,DARK - LIGHTED,14,PARKED MOTOR VEHICLE,645 OLD HICKORY BLVD,NASHVILLE,TN,37221,4711,WEST,36.1138,-86.923,POINT (-86.923 36.1138)