Accident Number,Date and Time,Number of Motor Vehicles,Number of Injuries,Number of Fatalities,Property Damage,Hit and Run,Reporting Officer,Collision Type Code,Collision Type Description,Weather Code,Weather Description,Illumination Code,Illumination Description,Harmful Code,Harmful Code Description,Street Address,City,State,ZIP,RPA,Precinct,Latitude,Longitude,Mapped Location
20190767208,10/20/2019 12:14:00 AM,2,0,0,,N,311343,4,ANGLE,2,RAIN,3,DARK - LIGHTED,12,MOTOR VEHICLE IN TRANSPORT,WEDGEWOOD AV & ELLIOTT AV,NASHVILLE,TN,37203,6915,MIDTOW,36.1345,-86.7824,POINT (-86.7824 36.1345)
20190765004,10/19/2019 07:15:00 AM,2,0,0,,N,262766,4,ANGLE,21,CLEAR,1,DAYLIGHT,12,MOTOR VEHICLE IN TRANSPORT,RIVER RD & CHARLOTTE PKE,NASHVILLE,TN,37209,4701,WEST,36.1286,-86.9066,POINT (-86.9066 36.1286)
20190818638,11/11/2019 07:36:00 AM,2,0,0,,N,352211,5,SIDESWIPE - SAME DIRECTION,21,CLEAR,1,DAYLIGHT,12,MOTOR VEHICLE IN TRANSPORT,MM 2 0 I 440,NASHVILLE,TN,37205,6004,WEST,36.13,-86.8171,POINT (-86.8171 36.13)
20190618898,08/19/2019 03:26:00 PM,2,0,0,,N,299257,11,Front to Rear,21,CLEAR,1,DAYLIGHT,12,MOTOR VEHICLE IN TRANSPORT,THOMPSON LN & SIDCO DR,NASHVILLE,TN,37204,8525,MIDTOW,36.1112,-86.7559,POINT (-86.7559 36.1112)
20190828667,11/15/2019 07:40:00 AM,2,0,0,,Y,240952,5,SIDESWIPE - SAME DIRECTION,21,CLEAR,1,DAYLIGHT,12,MOTOR VEHICLE IN TRANSPORT,CROSSINGS BLVD & HICKORY HOLLOW PKWY,ANTIOCH,TN,37013,8863,SOUTH,36.0445,-86.651,POINT (-86.651 36.0445)
20190781195,10/26/2019 12:00:00 AM,1,0,0,,N,342952,0,NOT COLLISION W/MOTOR VEHICLE-TRANSPORT,2,RAIN,3,DARK - LIGHTED,18;39;63,OTHER OBJECT (NOT FIXED);WALL;Ran Off Road-Right,MM 215 0 I 40,NASHVILLE,TN,37214,91021,HERMIT,36.1444,-86.6948,POINT (-86.6948 36.1444)
20190589308,08/08/2019 06:40:00 AM,2,0,0,,N,716886,11,Front to Rear,21,CLEAR,1,DAYLIGHT,12,MOTOR VEHICLE IN TRANSPORT,MURFREESBORO PKE & MOUNTAIN SPRINGS RD,ANTIOCH,TN,37013,8927,SOUTH,36.0478,-86.6121,POINT (-86.6121 36.0478)
20190587770,08/07/2019 05:20:00 PM,2,0,0,,N,690942,4,ANGLE,21,CLEAR,1,DAYLIGHT,12,MOTOR VEHICLE IN TRANSPORT,BROADWAY & 4TH AVS,NASHVILLE,TN,37203,4091,CENTRA,36.161,-86.7772,POINT (-86.7772 36.161)
20190627368,08/22/2019 12:45:00 PM,2,0,0,,N,580819,5,SIDESWIPE - SAME DIRECTION,21,CLEAR,1,DAYLIGHT,12,MOTOR VEHICLE IN TRANSPORT,JAMES ROBERTSON PKWY & ELLINGTON PKWY N,NASHVILLE,TN,37206,1109,EAST,36.1718,-86.768,POINT (-86.768 36.1718)
20190677261,09/11/2019 11:00:00 PM,2,1,0,,N,279195,0,NOT COLLISION W/MOTOR VEHICLE-TRANSPORT,21,CLEAR,2,DARK - NOT LIGHTED,30,UTILITY POLE,ANDREW JACKSON PKWY & CHANDLER RD,HERMITAGE,TN,37076,9511,HERMIT,36.1891,-86.6072,POINT (-86.6072 36.1891)
20190760521,10/17/2019 04:30:00 AM,1,0,0,,N,279216,0,NOT COLLISION W/MOTOR VEHICLE-TRANSPORT,21,CLEAR,3,DARK - LIGHTED,50,DEER (ANIMAL),COUNTY HOSPITAL RD & CAMILLA CALDWELL LN,NASHVILLE,TN,37218,3171,NORTH,36.1839,-86.8524,POINT (-86.8524 36.1839)
20190824860,11/13/2019 05:40:00 PM,2,0,0,,N,405418,11,Front to Rear,21,CLEAR,3,DARK - LIGHTED,12,MOTOR VEHICLE IN TRANSPORT,MM 76 6 I 65,NASHVILLE,TN,37220,86042,MIDTOW,36.0662,-86.7708,POINT (-86.7708 36.0662)
20190844175,11/21/2019 06:12:00 PM,2,0,0,,Y,151132,5,SIDESWIPE - SAME DIRECTION,22,CLOUDY,3,DARK - LIGHTED,12,MOTOR VEHICLE IN TRANSPORT,ONE MILE PKWY & GALLATIN PKEN,MADISON,TN,37115,1759,MADISO,36.2794,-86.7089,POINT (-86.7089 36.2794)
20190837497,11/19/2019 06:45:00 AM,2,0,0,,N,225950,4,ANGLE,22,CLOUDY,1,DAYLIGHT,14,PARKED MOTOR VEHICLE,LOUISE AV & WEST END AV,NASHVILLE,TN,37203,5601,MIDTOW,36.1496,-86.8036,POINT (-86.8036 36.1496)
20190837356,11/19/2019 05:02:00 AM,1,0,0,,N,256569,0,NOT COLLISION W/MOTOR VEHICLE-TRANSPORT,2,RAIN,2,DARK - NOT LIGHTED,50,DEER (ANIMAL),JOE PYRON DR & APACHE LN,MADISON,TN,37115,1617,MADISO,36.2427,-86.6669,POINT (-86.6669 36.2427)
20190810433,11/07/2019 12:53:00 PM,2,0,0,,N,134899,11,Front to Rear,2,RAIN,1,DAYLIGHT,12,MOTOR VEHICLE IN TRANSPORT,MM 52 3 I 24,NASHVILLE,TN,37217,8818,HERMIT,36.1376,-86.7268,POINT (-86.7268 36.1376)
20190679136,09/12/2019 04:06:00 PM,2,0,0,,Y,807344,4,ANGLE,21,CLEAR,1,DAYLIGHT,12,MOTOR VEHICLE IN TRANSPORT,I24 W ENT RAMP & I 24,NASHVILLE,TN,37206,1009,EAST,36.1666,-86.7638,POINT (-86.7638 36.1666)
20190658337,09/04/2019 12:20:00 AM,2,0,0,,Y,279201,5,SIDESWIPE - SAME DIRECTION,21,CLEAR,2,DARK - NOT LIGHTED,12,MOTOR VEHICLE IN TRANSPORT,MM 213 5 I 40,NASHVILLE,TN,37210,90062,HERMIT,36.1406,-86.7215,POINT (-86.7215 36.1406)
20190700384,09/21/2019 09:30:00 AM,2,1,0,,N,109495,4,ANGLE,21,CLEAR,1,DAYLIGHT,12,MOTOR VEHICLE IN TRANSPORT,LEALAND LN & BATTERY LN,NASHVILLE,TN,37220,7105,MIDTOW,36.0883,-86.791,POINT (-86.791 36.0883)
20190720199,09/30/2019 01:20:00 AM,1,1,0,,N,256493,0,NOT COLLISION W/MOTOR VEHICLE-TRANSPORT,21,CLEAR,3,DARK - LIGHTED,1,,BELL RD & TRAILS CIR,NASHVILLE,TN,37214,8995,HERMIT,36.1473,-86.6259,POINT (-86.6259 36.1473)
20190824075,11/13/2019 10:53:00 AM,2,0,0,,N,109534,5,SIDESWIPE - SAME DIRECTION,21,CLEAR,1,DAYLIGHT,12,MOTOR VEHICLE IN TRANSPORT,OPRYLAND DR & BRILEY PKWYS,NASHVILLE,TN,37214,9209,HERMIT,36.2091,-86.6912,POINT (-86.6912 36.2091)
20190591162,08/08/2019 09:05:00 PM,1,1,0,,Y,240960,0,NOT COLLISION W/MOTOR VEHICLE-TRANSPORT,21,CLEAR,3,DARK - LIGHTED,8,PEDESTRIAN,N 12TH ST & EDGEWOOD PL,NASHVILLE,TN,37206,1301,EAST,36.1843,-86.7466,POINT (-86.7466 36.1843)
20190800344,11/03/2019 10:41:00 AM,2,0,0,,N,140790,4,ANGLE,21,CLEAR,1,DAYLIGHT,12,MOTOR VEHICLE IN TRANSPORT,TULIP GROVE RD & CHANDLER RD,HERMITAGE,TN,37076,9513,HERMIT,36.1997,-86.592,POINT (-86.592 36.1997)
20190712158,09/26/2019 09:15:00 AM,2,0,0,,N,419997,4,ANGLE,22,CLOUDY,1,DAYLIGHT,12,MOTOR VEHICLE IN TRANSPORT,WILSON BLVD S & WOODLAWN DR,NASHVILLE,TN,37215,6015,WEST,36.1244,-86.8333,POINT (-86.8333 36.1244)
20190786993,10/28/2019 08:25:00 PM,2,0,0,,N,197068,4,ANGLE,21,CLEAR,3,DARK - LIGHTED,12,MOTOR VEHICLE IN TRANSPORT,BROADWAY & 4TH AVN,NASHVILLE,TN,37203,4091,CENTRA,36.161,-86.7772,POINT (-86.7772 36.161)
20190875411,12/05/2019 03:30:00 PM,2,0,0,,N,299253,0,NOT COLLISION W/MOTOR VEHICLE-TRANSPORT,21,CLEAR,1,DAYLIGHT,18,OTHER OBJECT (NOT FIXED),BRILEY PKWYE & I 65,MADISON,TN,37115,20122,MADISO,36.2408,-86.7523,POINT (-86.7523 36.2408)
20190919046,12/24/2019 11:46:00 PM,1,0,0,,N,320590,0,NOT COLLISION W/MOTOR VEHICLE-TRANSPORT,21,CLEAR,2,DARK - NOT LIGHTED,57,Cable Barrier,MM 37 2 I 24,WHITES CREEK,TN,37189,2212,NORTH,36.3151,-86.8326,POINT (-86.8326 36.3151)
20190774763,10/23/2019 10:04:00 AM,2,0,0,,Y,676834,11,Front to Rear,21,CLEAR,1,DAYLIGHT,12,MOTOR VEHICLE IN TRANSPORT,SHELBY AVE & S 4TH ST,NASHVILLE,TN,37206,1009,EAST,36.167,-86.7637,POINT (-86.7637 36.167)
20190747690,10/11/2019 04:00:00 PM,2,0,0,,N,352172,11,Front to Rear,2,RAIN,1,DAYLIGHT,12,MOTOR VEHICLE IN TRANSPORT,GALLATIN PKEN & ROOSEVELT AV,MADISON,TN,37115,1761,MADISO,36.2717,-86.7103,POINT (-86.7103 36.2717)
20190596046,08/10/2019 02:40:00 PM,2,0,0,,N,298877,11,Front to Rear,21,CLEAR,1,DAYLIGHT,12,MOTOR VEHICLE IN TRANSPORT,NOLENSVILLE PKE & PARAGON MILLS RD,NASHVILLE,TN,37211,8421,SOUTH,36.0848,-86.7281,POINT (-86.7281 36.0848)
20190804511,11/05/2019 07:05:00 AM,2,1,0,,N,462474,4,ANGLE,21,CLEAR,1,DAYLIGHT,12,MOTOR VEHICLE IN TRANSPORT,HARDING PL & DANBY DR,NASHVILLE,TN,37211,8607,MIDTOW,36.0786,-86.7452,POINT (-86.7452 36.0786)
20190866613,12/02/2019 08:53:00 AM,2,0,0,,N,352214,11,Front to Rear,21,CLEAR,1,DAYLIGHT,12,MOTOR VEHICLE IN TRANSPORT,MM 86 0 I 65,NASHVILLE,TN,37208,4304,CENTRA,36.1916,-86.7859,POINT (-86.7859 36.1916)
20190707676,09/24/2019 03:42:00 PM,2,0,0,,N,299257,4,ANGLE,21,CLEAR,1,DAYLIGHT,12,MOTOR VEHICLE IN TRANSPORT,SIDCO DR & FONTANA AV,NASHVILLE,TN,37204,8525,MIDTOW,36.1071,-86.7557,POINT (-86.7557 36.1071)
20190656879,09/03/2019 09:53:00 AM,1,0,0,Y,Y,716886,0,NOT COLLISION W/MOTOR VEHICLE-TRANSPORT,21,CLEAR,1,DAYLIGHT,38,FENCE,BROOKRIDGE TRL & WALLACE RD,NASHVILLE,TN,37211,8705,SOUTH,36.0791,-86.7207,POINT (-86.7207 36.0791)
20190661662,09/05/2019 09:43:00 AM,3,1,0,,N,156307,11,Front to Rear,21,CLEAR,1,DAYLIGHT,12,MOTOR VEHICLE IN TRANSPORT,MM 44 2 I 24,NASHVILLE,TN,37207,32242,NORTH,36.2297,-86.7813,POINT (-86.7813 36.2297)
20190903331,12/17/2019 06:25:00 PM,2,1,0,,Y,256426,11,Front to Rear,21,CLEAR,3,DARK - LIGHTED,12,MOTOR VEHICLE IN TRANSPORT,MM 51 4 I 24,NASHVILLE,TN,37210,82061,HERMIT,36.1388,-86.7284,POINT (-86.7284 36.1388)
20190655535,09/02/2019 08:57:00 PM,1,0,0,,Y,298863,9,UNKNOWN,21,CLEAR,7,Dark-Unknown Lighting,99,UNKNOWN MOST HARMFUL EVENT,I40 W ENT RAMP & I 40,NASHVILLE,TN,37210,9007,HERMIT,36.1484,-86.7454,POINT (-86.7454 36.1484)
20190826325,11/14/2019 09:15:00 AM,2,0,0,,N,665896,11,Front to Rear,21,CLEAR,1,DAYLIGHT,12,MOTOR VEHICLE IN TRANSPORT,MCGAVOCK PKE & MAXEY LN,NASHVILLE,TN,37216,1437,EAST,36.204,-86.7262,POINT (-86.7262 36.204)
20190737545,10/07/2019 01:23:00 PM,2,0,0,,N,184158,11,Front to Rear,2,RAIN,1,DAYLIGHT,12,MOTOR VEHICLE IN TRANSPORT,CHARLOTTE AV & 49TH AVN,NASHVILLE,TN,37209,5129,WEST,36.1521,-86.8463,POINT (-86.8463 36.1521)
20190879289,12/07/2019 06:10:00 AM,1,2,0,,N,330411,0,NOT COLLISION W/MOTOR VEHICLE-TRANSPORT,21,CLEAR,4,DAWN,24,GUARDRAIL FACE,MM 39 6 I 24,WHITES CREEK,TN,37189,2210,MADISO,36.2887,-86.8093,POINT (-86.8093 36.2887)
20190605297,08/14/2019 07:30:00 AM,2,0,0,,N,716886,11,Front to Rear,21,CLEAR,1,DAYLIGHT,12,MOTOR VEHICLE IN TRANSPORT,MURFREESBORO PKE & I24 W EXT RAMP,NASHVILLE,TN,37217,8801,SOUTH,36.1348,-86.7236,POINT (-86.7236 36.1348)
20190676479,09/11/2019 03:40:00 PM,2,0,0,,N,714641,4,ANGLE,21,CLEAR,1,DAYLIGHT,12,MOTOR VEHICLE IN TRANSPORT,YMCA WAY & ROSA L PARKS BLVD EXT RAMP,NASHVILLE,TN,37203,4147,CENTRA,36.1623,-86.7856,POINT (-86.7856 36.1623)
20190719704,09/29/2019 06:49:00 PM,2,2,0,,N,429193,4,ANGLE,21,CLEAR,2,DARK - NOT LIGHTED,12,MOTOR VEHICLE IN TRANSPORT,CHARLOTTE PK & NASHVILLE WEST PRIVATE DR,NASHVILLE,TN,37209,5009,WEST,36.1358,-86.8852,POINT (-86.8852 36.1358)
20190690436,09/17/2019 01:25:00 PM,2,0,0,,Y,665896,11,Front to Rear,21,CLEAR,1,DAYLIGHT,12,MOTOR VEHICLE IN TRANSPORT,W TRINITY LN & I65 N ENT RAMP,NASHVILLE,TN,37207,1863,EAST,36.2063,-86.7735,POINT (-86.7735 36.2063)
20190774892,10/23/2019 11:07:00 AM,2,0,0,,N,352202,5,SIDESWIPE - SAME DIRECTION,21,CLEAR,1,DAYLIGHT,14,PARKED MOTOR VEHICLE,2ND AVN & BROADWAY,NASHVILLE,TN,37201,4101,CENTRA,36.1623,-86.7755,POINT (-86.7755 36.1623)
20190710678,09/25/2019 06:40:00 PM,2,0,0,,N,717341,4,ANGLE,21,CLEAR,3,DARK - LIGHTED,12,MOTOR VEHICLE IN TRANSPORT,MM 57 6 I 24,ANTIOCH,TN,37013,87060,SOUTH,36.0629,-86.6829,POINT (-86.6829 36.0629)
20190716669,09/28/2019 02:54:00 AM,2,0,0,,Y,311326,11,Front to Rear,21,CLEAR,3,DARK - LIGHTED,12,MOTOR VEHICLE IN TRANSPORT,MM 207 4 I 40,NASHVILLE,TN,37208,44020,NORTH,36.1705,-86.8052,POINT (-86.8052 36.1705)
20190829025,11/15/2019 11:10:00 AM,2,0,0,,N,716886,5,SIDESWIPE - SAME DIRECTION,21,CLEAR,1,DAYLIGHT,12,MOTOR VEHICLE IN TRANSPORT,I24 W EXT RAMP & I 24,NASHVILLE,TN,37211,8829,SOUTH,36.1074,-86.7197,POINT (-86.7197 36.1074)
20190848463,11/23/2019 01:45:00 PM,1,1,0,Y,N,429185,0,NOT COLLISION W/MOTOR VEHICLE-TRANSPORT,22,CLOUDY,1,DAYLIGHT,40;42,MAIL BOX;TREE,501 FRANKFORT DR,HERMITAGE,TN,37076,9537,HERMIT,36.2133,-86.5952,POINT (-86.5952 36.2133)
20190836389,11/18/2019 07:27:00 PM,3,2,0,Y,Y,419972,5,SIDESWIPE - SAME DIRECTION,21,CLEAR,3,DARK - LIGHTED,12,MOTOR VEHICLE IN TRANSPORT,WOODLAWN DR & HARDING PKE,NASHVILLE,TN,37205,6019,WEST,36.1276,-86.8439,POINT (-86.8439 36.1276)
20190839238,11/19/2019 09:28:00 PM,1,1,0,,N,384423,0,NOT COLLISION W/MOTOR VEHICLE-TRANSPORT,21,CLEAR,3,DARK - LIGHTED,1;34,DITCH,I40 E ENT RAMP & I 40,NASHVILLE,TN,37205,4903,WEST,36.1109,-86.922,POINT (-86.922 36.1109)
20190770724,10/21/2019 05:05:00 PM,2,0,0,,N,320577,11,Front to Rear,2,RAIN,1,DAYLIGHT,12,MOTOR VEHICLE IN TRANSPORT,MM 79 6 I 65,NASHVILLE,TN,37204,8504,MIDTOW,36.109,-86.7696,POINT (-86.7696 36.109)
20190681029,09/13/2019 08:49:00 AM,2,0,0,,Y,716886,4,ANGLE,21,CLEAR,1,DAYLIGHT,12,MOTOR VEHICLE IN TRANSPORT,LINBAR DR & WALLACE RD,NASHVILLE,TN,37211,8705,SOUTH,36.0808,-86.6981,POINT (-86.6981 36.0808)
20190676919,09/11/2019 05:52:00 PM,2,0,0,,N,256386,11,Front to Rear,21,CLEAR,5,DUSK,12,MOTOR VEHICLE IN TRANSPORT,NASHBORO BLVD & MURFREESBORO PKE,NASHVILLE,TN,37217,8935,HERMIT,36.0884,-86.6478,POINT (-86.6478 36.0884)
20190911130,12/20/2019 08:30:00 PM,2,1,0,,N,279214,11,Front to Rear,21,CLEAR,2,DARK - NOT LIGHTED,12,MOTOR VEHICLE IN TRANSPORT,I40 E EXT RAMP & I 40,NASHVILLE,TN,37214,8955,HERMIT,36.155,-86.6271,POINT (-86.6271 36.155)
20190618598,08/19/2019 01:00:00 PM,2,0,0,,N,493309,4,ANGLE,21,CLEAR,1,DAYLIGHT,12,MOTOR VEHICLE IN TRANSPORT,GALLATIN PKES & E OLD HICKORY BLVD,MADISON,TN,37115,1771,MADISO,36.2622,-86.7122,POINT (-86.7122 36.2622)
20190736380,10/06/2019 11:13:00 PM,1,0,0,,N,197053,0,NOT COLLISION W/MOTOR VEHICLE-TRANSPORT,2,RAIN,3,DARK - LIGHTED,36,CONCRETE TRAFFIC BARRIER,MM 57 0 I 24,NASHVILLE,TN,37211,8708,SOUTH,36.0695,-86.6897,POINT (-86.6897 36.0695)
20190797830,11/02/2019 05:09:00 AM,2,7,1,,N,330420,4,ANGLE,21,CLEAR,3,DARK - LIGHTED,12,MOTOR VEHICLE IN TRANSPORT,ROYAL PKWY & DONELSON PKE,NASHVILLE,TN,37214,9103,HERMIT,36.1463,-86.6689,POINT (-86.6689 36.1463)
20190924366,12/27/2019 04:57:00 PM,2,0,0,,N,352192,2,HEAD-ON,21,CLEAR,5,DUSK,13,MOTOR VEHICLE IN TRANSPORT-OTHER ROADWAY,OLD HICKORY BLVD & TOLBERT RD,NASHVILLE,TN,37205,4903,WEST,36.1064,-86.9223,POINT (-86.9223 36.1064)
20190732459,10/04/2019 12:00:00 AM,2,1,0,,N,320580,11,Front to Rear,21,CLEAR,3,DARK - LIGHTED,12,MOTOR VEHICLE IN TRANSPORT,MM 213 0 I 40,NASHVILLE,TN,37210,8219,HERMIT,36.1407,-86.7323,POINT (-86.7323 36.1407)
20190736933,10/07/2019 06:26:00 AM,2,0,0,,N,279122,11,Front to Rear,22,CLOUDY,1,DAYLIGHT,12,MOTOR VEHICLE IN TRANSPORT,MM 86 7 I 65,NASHVILLE,TN,37207,3002,NORTH,36.1972,-86.7762,POINT (-86.7762 36.1972)
20190900491,12/16/2019 02:20:00 PM,2,0,0,,N,352192,4,ANGLE,2,RAIN,1,DAYLIGHT,12,MOTOR VEHICLE IN TRANSPORT,24TH ST & FRISCO AV,NASHVILLE,TN,37209,4643,WEST,36.1629,-86.8739,POINT (-86.8739 36.1629)
20190745217,10/10/2019 12:00:00 AM,1,0,0,,Y,905011,9,UNKNOWN,22,CLOUDY,1,DAYLIGHT,99,UNKNOWN MOST HARMFUL EVENT,I65 N ENT RAMP & I 65,NASHVILLE,TN,37207,1829,EAST,36.209,-86.7759,POINT (-86.7759 36.209)
20190839757,11/20/2019 01:00:00 AM,1,0,0,Y,Y,384444,9,UNKNOWN,21,CLEAR,2,DARK - NOT LIGHTED,99,UNKNOWN MOST HARMFUL EVENT,BRICK CHURCH PKE & HITT LN,GOODLETTSVILLE,TN,37072,2125,MADISO,36.3319,-86.7335,POINT (-86.7335 36.3319)
20190717595,09/28/2019 04:13:00 PM,2,0,0,,N,240979,4,ANGLE,21,CLEAR,1,DAYLIGHT,12,MOTOR VEHICLE IN TRANSPORT,DICKERSON PKE & SKYLINE COMMONS PVTDR,NASHVILLE,TN,37207,2011,MADISO,36.2475,-86.7568,POINT (-86.7568 36.2475)
20190897537,12/15/2019 02:50:00 AM,1,2,0,,N,212312,0,NOT COLLISION W/MOTOR VEHICLE-TRANSPORT,21,CLEAR,3,DARK - LIGHTED,36,CONCRETE TRAFFIC BARRIER,MM 1 3 I 440,NASHVILLE,TN,37205,5242,WEST,36.1385,-86.8226,POINT (-86.8226 36.1385)
20190762001,10/17/2019 05:50:00 PM,2,0,0,,Y,240968,4,ANGLE,21,CLEAR,1,DAYLIGHT,12,MOTOR VEHICLE IN TRANSPORT,NASHBORO BLVD & MURFREESBORO PKE,NASHVILLE,TN,37217,8935,HERMIT,36.0884,-86.6478,POINT (-86.6478 36.0884)
20190779874,10/25/2019 11:37:00 AM,2,1,0,,N,769379,4,ANGLE,2,RAIN,1,DAYLIGHT,12,MOTOR VEHICLE IN TRANSPORT,SOUTHWIND DR & EZELL PKE,NASHVILLE,TN,37217,8841,SOUTH,36.0985,-86.6728,POINT (-86.6728 36.0985)
20190592312,08/09/2019 05:44:00 AM,2,1,0,,Y,169414,4,ANGLE,21,CLEAR,4,DAWN,12,MOTOR VEHICLE IN TRANSPORT,SHAYLIN LOOP & RED JACKET DR,ANTIOCH,TN,37013,8757,SOUTH,36.0332,-86.704,POINT (-86.704 36.0332)
20190584977,08/06/2019 05:20:00 PM,2,2,0,,N,256389,5,SIDESWIPE - SAME DIRECTION,21,CLEAR,1,DAYLIGHT,12,MOTOR VEHICLE IN TRANSPORT,MM 79 6 I 65,NASHVILLE,TN,37204,8504,MIDTOW,36.109,-86.7696,POINT (-86.7696 36.109)
20190844630,11/21/2019 10:40:00 PM,2,0,0,,N,311326,2,HEAD-ON,21,CLEAR,3,DARK - LIGHTED,12,MOTOR VEHICLE IN TRANSPORT,28TH AVN & CHARLOTTE AV,NASHVILLE,TN,37209,5341,MIDTOW,36.154,-86.8182,POINT (-86.8182 36.154)
20190704461,09/23/2019 10:40:00 AM,2,0,0,,N,212318,11,Front to Rear,21,CLEAR,1,DAYLIGHT,12,MOTOR VEHICLE IN TRANSPORT,MM 2 7 I 440,NASHVILLE,TN,37215,6008,WEST,36.1231,-86.807,POINT (-86.807 36.1231)
20190920251,12/25/2019 07:15:00 PM,2,1,0,,Y,330435,11,Front to Rear,21,CLEAR,2,DARK - NOT LIGHTED,12;14,MOTOR VEHICLE IN TRANSPORT;PARKED MOTOR VEHICLE,345 DELLWAY VILLA RD,NASHVILLE,TN,37207,1831,EAST,36.2126,-86.7596,POINT (-86.7596 36.2126)
20190880662,12/08/2019 12:00:00 AM,2,0,0,,N,676828,4,ANGLE,21,CLEAR,3,DARK - LIGHTED,13,MOTOR VEHICLE IN TRANSPORT-OTHER ROADWAY,WOODMONT BLVD & GRANNY WHITE PKE,NASHVILLE,TN,37204,7007,MIDTOW,36.1116,-86.7926,POINT (-86.7926 36.1116)
20190785542,10/28/2019 08:43:00 AM,2,0,0,,N,405447,11,Front to Rear,22,CLOUDY,1,DAYLIGHT,12,MOTOR VEHICLE IN TRANSPORT,HARDING PL & SIDCO DR,NASHVILLE,TN,37220,8601,MIDTOW,36.0819,-86.7612,POINT (-86.7612 36.0819)
20190794111,10/31/2019 03:32:00 PM,2,0,0,,N,134899,11,Front to Rear,22,CLOUDY,1,DAYLIGHT,12,MOTOR VEHICLE IN TRANSPORT,JUAREZ DR & OLD HICKORY BLVD,HERMITAGE,TN,37076,9531,HERMIT,36.1983,-86.6201,POINT (-86.6201 36.1983)
20190698811,09/20/2019 04:41:00 PM,2,0,0,,N,714641,6,SIDESWIPE - OPPOSITE DIRECTION,21,CLEAR,1,DAYLIGHT,12,MOTOR VEHICLE IN TRANSPORT,5TH AVN & COMMERCE ST,NASHVILLE,TN,37219,4107,CENTRA,36.1619,-86.7793,POINT (-86.7793 36.1619)
20190851964,11/25/2019 08:35:00 AM,2,0,0,,N,206962,4,ANGLE,21,CLEAR,1,DAYLIGHT,12,MOTOR VEHICLE IN TRANSPORT,STATE HWY 45 & US HWY 31E,MADISON,TN,37115,1701,MADISO,36.2631,-86.7119,POINT (-86.7119 36.2631)
20190645643,08/29/2019 07:30:00 PM,2,0,0,,N,330415,5,SIDESWIPE - SAME DIRECTION,21,CLEAR,3,DARK - LIGHTED,12,MOTOR VEHICLE IN TRANSPORT,0 8TH AVS,NASHVILLE,TN,37203,4043,CENTRA,36.1549,-86.7792,POINT (-86.7792 36.1549)
20190707326,09/24/2019 01:00:00 PM,1,1,0,,N,716877,0,NOT COLLISION W/MOTOR VEHICLE-TRANSPORT,21,CLEAR,1,DAYLIGHT,71,EMBANKMENT EARTH,BURKITT RD & WHITTEMORE LN,NOLENSVILLE,TN,37135,8773,SOUTH,35.9919,-86.6548,POINT (-86.6548 35.9919)
20190628074,08/22/2019 05:50:00 PM,2,0,0,,N,320585,11,Front to Rear,2,RAIN,1,DAYLIGHT,12,MOTOR VEHICLE IN TRANSPORT,OLD HICKORY BLVD & 26TH ST,OLD HICKORY,TN,37138,9607,HERMIT,36.2466,-86.6402,POINT (-86.6402 36.2466)
20190670800,09/09/2019 12:50:00 PM,2,4,0,,N,109495,11,Front to Rear,21,CLEAR,1,DAYLIGHT,12,MOTOR VEHICLE IN TRANSPORT,SEMINOLE AV & CRAIGHEAD ST,NASHVILLE,TN,37211,8041,MIDTOW,36.1288,-86.7604,POINT (-86.7604 36.1288)
20190846151,11/22/2019 01:15:00 PM,2,0,0,,N,834798,4,ANGLE,2,RAIN,1,DAYLIGHT,12,MOTOR VEHICLE IN TRANSPORT,HARDING PL & SIDCO DR,NASHVILLE,TN,37220,8601,MIDTOW,36.0819,-86.7612,POINT (-86.7612 36.0819)
20190774364,10/23/2019 06:57:00 AM,2,0,0,,Y,755026,5,SIDESWIPE - SAME DIRECTION,21,CLEAR,1,DAYLIGHT,55,Motor Vehicle-In-Motion Outside Trafficw,NOLENSVILLE PKE & TIMMONS ST,NASHVILLE,TN,37211,8519,MIDTOW,36.1082,-86.7438,POINT (-86.7438 36.1082)
20190636703,08/26/2019 07:50:00 AM,1,0,0,Y,N,665896,0,NOT COLLISION W/MOTOR VEHICLE-TRANSPORT,2,RAIN,1,DAYLIGHT,30,UTILITY POLE,MM 47 8 I 24,NASHVILLE,TN,37207,1904,CENTRA,36.1775,-86.7731,POINT (-86.7731 36.1775)
20190709193,09/25/2019 06:18:00 AM,2,0,0,,Y,191578,11,Front to Rear,21,CLEAR,1,DAYLIGHT,12,MOTOR VEHICLE IN TRANSPORT,MM 212 1 I 40,NASHVILLE,TN,37210,90041,HERMIT,36.1463,-86.7422,POINT (-86.7422 36.1463)
20190619742,08/19/2019 10:14:00 PM,2,0,0,,N,633391,5,SIDESWIPE - SAME DIRECTION,21,CLEAR,3,DARK - LIGHTED,12,MOTOR VEHICLE IN TRANSPORT,MM 87 3 I 65,NASHVILLE,TN,37207,1804,EAST,36.2068,-86.7762,POINT (-86.7762 36.2068)
20190855830,11/26/2019 07:03:00 PM,2,0,0,,Y,240983,11,Front to Rear,2,RAIN,2,DARK - NOT LIGHTED,12,MOTOR VEHICLE IN TRANSPORT,MURFREESBORO PKE & FAIRCLOTH LN,NASHVILLE,TN,37217,8947,HERMIT,36.1032,-86.6665,POINT (-86.6665 36.1032)
20190729337,10/03/2019 03:02:00 PM,2,0,0,,N,151132,4,ANGLE,21,CLEAR,1,DAYLIGHT,12,MOTOR VEHICLE IN TRANSPORT,BRILEY PKWY W EXT RAMP & BRICK CHURCH PK,NASHVILLE,TN,37207,2033,MADISO,36.2397,-86.7808,POINT (-86.7808 36.2397)