Accident Number,Date and Time,Number of Motor Vehicles,Number of Injuries,Number of Fatalities,Property Damage,Hit and Run,Reporting Officer,Collision Type Code,Collision Type Description,Weather Code,Weather Description,Illumination Code,Illumination Description,Harmful Code,Harmful Code Description,Street Address,City,State,ZIP,RPA,Precinct,Latitude,Longitude,Mapped Location
20190608439,08/15/2019 10:40:00 AM,1,0,0,Y,N,876581,0,NOT COLLISION W/MOTOR VEHICLE-TRANSPORT,21,CLEAR,1,DAYLIGHT,18,OTHER OBJECT (NOT FIXED),EWING LN & BRICK CHURCH PIKE,NASHVILLE,TN,37207,2003,MADISO,36.2327,-86.7817,POINT (-86.7817 36.2327)
20190806000,11/05/2019 05:54:00 PM,2,0,0,,Y,256386,4,ANGLE,21,CLEAR,3,DARK - LIGHTED,14,PARKED MOTOR VEHICLE,ELM RUN & ELM RUN CT,NASHVILLE,TN,37214,8991,HERMIT,36.1356,-86.635,POINT (-86.635 36.1356)
20190829660,11/15/2019 03:53:00 PM,2,1,0,,Y,320594,11,Front to Rear,21,CLEAR,5,DUSK,12,MOTOR VEHICLE IN TRANSPORT,LEBANON PKE & TYLER DR,HERMITAGE,TN,37076,9719,HERMIT,36.1776,-86.6167,POINT (-86.6167 36.1776)
20190706987,09/24/2019 09:57:00 AM,2,0,0,,N,352202,11,Front to Rear,21,CLEAR,1,DAYLIGHT,12,MOTOR VEHICLE IN TRANSPORT,MM 210 8 I 40,NASHVILLE,TN,37210,40080,CENTRA,36.1544,-86.7625,POINT (-86.7625 36.1544)
20190794489,10/31/2019 07:20:00 PM,2,0,0,,Y,352177,5,SIDESWIPE - SAME DIRECTION,21,CLEAR,3,DARK - LIGHTED,12,MOTOR VEHICLE IN TRANSPORT,CHARLOTTE AV & 14TH AVN,NASHVILLE,TN,37203,5425,NORTH,36.1605,-86.7942,POINT (-86.7942 36.1605)
20190804050,11/05/2019 02:05:00 AM,2,0,0,Y,N,352199,0,NOT COLLISION W/MOTOR VEHICLE-TRANSPORT,21,CLEAR,2,DARK - NOT LIGHTED,18;40;55,OTHER OBJECT (NOT FIXED);MAIL BOX;Motor Vehicle-In-Motion Outside Trafficw,OLD HICKORY BLVD & DICKERSON PKE,NASHVILLE,TN,37207,2133,MADISO,36.2694,-86.7564,POINT (-86.7564 36.2694)
20190922477,12/26/2019 10:05:00 PM,2,1,0,,Y,240983,2,HEAD-ON,21,CLEAR,2,DARK - NOT LIGHTED,12,MOTOR VEHICLE IN TRANSPORT,TAMPA DR & DOLPHIN DR,NASHVILLE,TN,37211,8419,SOUTH,36.0859,-86.714,POINT (-86.714 36.0859)
20190899588,12/16/2019 07:15:00 AM,1,0,0,,N,716886,0,NOT COLLISION W/MOTOR VEHICLE-TRANSPORT,2,RAIN,1,DAYLIGHT,36,CONCRETE TRAFFIC BARRIER,MM 59 0 I 24,ANTIOCH,TN,37013,8808,SOUTH,36.049,-86.6651,POINT (-86.6651 36.049)
20190705524,09/23/2019 07:45:00 PM,1,1,0,,N,256389,0,NOT COLLISION W/MOTOR VEHICLE-TRANSPORT,21,CLEAR,3,DARK - LIGHTED,8,PEDESTRIAN,NOLENSVILLE PKE & ROSEDALE AV,NASHVILLE,TN,37210,8101,SOUTH,36.1253,-86.7523,POINT (-86.7523 36.1253)
20190838890,11/19/2019 05:21:00 PM,2,0,0,,N,419972,4,ANGLE,21,CLEAR,3,DARK - LIGHTED,12,MOTOR VEHICLE IN TRANSPORT,ELMINGTON AV & RICHARDSON AV,NASHVILLE,TN,37205,6005,WEST,36.1327,-86.8223,POINT (-86.8223 36.1327)
20190636929,08/26/2019 09:39:00 AM,1,1,0,Y,N,755026,0,NOT COLLISION W/MOTOR VEHICLE-TRANSPORT,2,RAIN,1,DAYLIGHT,30;32,UTILITY POLE;CULVERT,CANE RIDGE RD & MOUNTAINHIGH DR,ANTIOCH,TN,37013,8751,SOUTH,36.039,-86.6591,POINT (-86.6591 36.039)
20190831515,11/16/2019 02:20:00 PM,2,1,0,,Y,212325,4,ANGLE,21,CLEAR,1,DAYLIGHT,12,MOTOR VEHICLE IN TRANSPORT,BRILEY PKWYW & BRILEY PKWY E EXT RAMP,MADISON,TN,37115,1594,MADISO,36.236,-86.7267,POINT (-86.7267 36.236)
20190767143,10/19/2019 10:51:00 PM,2,0,0,,Y,212307,4,ANGLE,21,CLEAR,3,DARK - LIGHTED,12,MOTOR VEHICLE IN TRANSPORT,12TH AVS & DIVISION ST,NASHVILLE,TN,37203,4015,CENTRA,36.1514,-86.7843,POINT (-86.7843 36.1514)
20190652756,09/01/2019 04:32:00 PM,2,1,0,,N,887598,4,ANGLE,21,CLEAR,1,DAYLIGHT,12,MOTOR VEHICLE IN TRANSPORT,MM 35 6 I 24,WHITES CREEK,TN,37189,33180,NORTH,36.3217,-86.8568,POINT (-86.8568 36.3217)
20190905229,12/18/2019 11:20:00 AM,2,0,0,,N,716877,4,ANGLE,21,CLEAR,1,DAYLIGHT,12,MOTOR VEHICLE IN TRANSPORT,I24 E ENT RAMP & I 24,NASHVILLE,TN,37213,1007,CENTRA,36.1662,-86.7659,POINT (-86.7659 36.1662)
20190689706,09/17/2019 07:43:00 AM,2,0,0,,N,179580,5,SIDESWIPE - SAME DIRECTION,21,CLEAR,1,DAYLIGHT,12,MOTOR VEHICLE IN TRANSPORT,MM 87 2 I 65,NASHVILLE,TN,37207,18020,EAST,36.2054,-86.7764,POINT (-86.7764 36.2054)
20190875882,12/05/2019 07:50:00 PM,2,0,0,,N,384424,4,ANGLE,21,CLEAR,3,DARK - LIGHTED,12,MOTOR VEHICLE IN TRANSPORT,8TH AVS & LAFAYETTE ST,NASHVILLE,TN,37203,4043,CENTRA,36.1546,-86.7792,POINT (-86.7792 36.1546)
20190723540,10/01/2019 10:20:00 AM,2,0,0,,N,279113,98,OTHER,21,CLEAR,1,DAYLIGHT,12,MOTOR VEHICLE IN TRANSPORT,US HWY 41 & THOMPSON PL,NASHVILLE,TN,37217,8821,HERMIT,36.1267,-86.711,POINT (-86.711 36.1267)
20190661683,09/05/2019 09:57:00 AM,2,0,0,,N,191578,5,SIDESWIPE - SAME DIRECTION,21,CLEAR,1,DAYLIGHT,12,MOTOR VEHICLE IN TRANSPORT,LEBANON PKE & BONNASPRING DR,HERMITAGE,TN,37076,9613,HERMIT,36.1776,-86.6059,POINT (-86.6059 36.1776)
20190738124,10/07/2019 08:00:00 PM,1,0,0,,N,429193,0,NOT COLLISION W/MOTOR VEHICLE-TRANSPORT,21,CLEAR,3,DARK - LIGHTED,50,DEER (ANIMAL),HIGHWAY 70S & ERIN LN,NASHVILLE,TN,37205,4903,WEST,36.0785,-86.9084,POINT (-86.9084 36.0785)
20190681986,09/13/2019 04:43:00 PM,2,1,0,,N,298867,11,Front to Rear,21,CLEAR,1,DAYLIGHT,12,MOTOR VEHICLE IN TRANSPORT,ELLINGTON PKWYN & ELLINGTON PKWYS,NASHVILLE,TN,37216,1890,EAST,36.2227,-86.7464,POINT (-86.7464 36.2227)
20190723799,10/01/2019 11:37:00 AM,2,0,0,,N,909486,5,SIDESWIPE - SAME DIRECTION,21,CLEAR,1,DAYLIGHT,12,MOTOR VEHICLE IN TRANSPORT,OLD HICKORY BLVD & EDMONDSON PKE,NASHVILLE,TN,37220,8615,MIDTOW,36.04,-86.7435,POINT (-86.7435 36.04)
20190858389,11/27/2019 08:09:00 PM,2,0,0,,Y,161946,5,SIDESWIPE - SAME DIRECTION,21,CLEAR,3,DARK - LIGHTED,12,MOTOR VEHICLE IN TRANSPORT,MM 86 5 I 65,NASHVILLE,TN,37207,3006,NORTH,36.1946,-86.7762,POINT (-86.7762 36.1946)
20190840560,11/20/2019 09:22:00 AM,5,0,0,,N,226622,11,Front to Rear,21,CLEAR,1,DAYLIGHT,12,MOTOR VEHICLE IN TRANSPORT,MM 205 6 I 40,NASHVILLE,TN,37209,5228,WEST,36.1559,-86.8271,POINT (-86.8271 36.1559)
20190728295,10/03/2019 07:17:00 AM,1,0,0,,N,474557,0,NOT COLLISION W/MOTOR VEHICLE-TRANSPORT,21,CLEAR,1,DAYLIGHT,17,BOULDER,BAKERTOWN RD & I24 W ENT RAMP,NASHVILLE,TN,37211,8851,SOUTH,36.0722,-86.6891,POINT (-86.6891 36.0722)
20190783008,10/27/2019 12:00:00 AM,2,0,0,Y,Y,330441,2,HEAD-ON,2,RAIN,3,DARK - LIGHTED,14;19,PARKED MOTOR VEHICLE;BUILDING,NOLENSVILLE PKE & ELGIN ST,NASHVILLE,TN,37211,8427,SOUTH,36.1001,-86.7397,POINT (-86.7397 36.1001)
20190814625,11/09/2019 08:00:00 AM,1,0,0,,N,226306,0,NOT COLLISION W/MOTOR VEHICLE-TRANSPORT,21,CLEAR,1,DAYLIGHT,11,OTHER ANIMAL,HIGHWAY 70S & WATERFORD CIR,NASHVILLE,TN,37221,4811,WEST,36.0739,-86.928,POINT (-86.928 36.0739)
20190592612,08/09/2019 08:50:00 AM,2,4,0,,N,420035,4,ANGLE,21,CLEAR,1,DAYLIGHT,12,MOTOR VEHICLE IN TRANSPORT,GALLATIN PKES & LAKEWOOD DR,MADISON,TN,37115,1517,MADISO,36.2434,-86.7229,POINT (-86.7229 36.2434)
20190755935,10/15/2019 09:00:00 AM,2,0,0,,N,109495,5,SIDESWIPE - SAME DIRECTION,21,CLEAR,1,DAYLIGHT,12,MOTOR VEHICLE IN TRANSPORT,HARDING PL & SIDCO DR,NASHVILLE,TN,37220,8601,MIDTOW,36.0819,-86.7612,POINT (-86.7612 36.0819)
20190743297,10/09/2019 09:15:00 PM,1,0,0,Y,N,161948,0,NOT COLLISION W/MOTOR VEHICLE-TRANSPORT,21,CLEAR,3,DARK - LIGHTED,33;40;64,CURB;MAIL BOX;Ran Off Road-Left,LEBANON PKE & GUILL CT,NASHVILLE,TN,37214,9403,HERMIT,36.17,-86.6545,POINT (-86.6545 36.17)
20190713272,09/26/2019 07:21:00 PM,1,0,0,Y,N,279116,0,NOT COLLISION W/MOTOR VEHICLE-TRANSPORT,22,CLOUDY,3,DARK - LIGHTED,18,OTHER OBJECT (NOT FIXED),MM 77 2 I 65,NASHVILLE,TN,37220,86042,MIDTOW,36.0734,-86.7691,POINT (-86.7691 36.0734)
20190788938,10/29/2019 02:52:00 PM,2,0,0,,N,240983,4,ANGLE,21,CLEAR,1,DAYLIGHT,12,MOTOR VEHICLE IN TRANSPORT,CANE RIDGE RD & BELL RD,ANTIOCH,TN,37013,8721,SOUTH,36.0857,-86.6998,POINT (-86.6998 36.0857)
20190848505,11/23/2019 02:30:00 PM,2,1,0,,N,330425,4,ANGLE,2,RAIN,1,DAYLIGHT,12,MOTOR VEHICLE IN TRANSPORT,GALLATIN PKES & MAPLE ST,MADISON,TN,37115,1607,MADISO,36.2617,-86.7124,POINT (-86.7124 36.2617)
20190733001,10/05/2019 02:45:00 AM,2,3,0,,N,330413,11,Front to Rear,21,CLEAR,3,DARK - LIGHTED,12,MOTOR VEHICLE IN TRANSPORT,DIVISION ST & MUSIC CIR E,NASHVILLE,TN,37203,6719,MIDTOW,36.1517,-86.7895,POINT (-86.7895 36.1517)
20190914519,12/22/2019 05:19:00 PM,2,1,0,,N,330412,11,Front to Rear,21,CLEAR,3,DARK - LIGHTED,12,MOTOR VEHICLE IN TRANSPORT,DICKERSON PKE & BRILEY PKWYE,MADISON,TN,37115,2007,MADISO,36.2411,-86.7573,POINT (-86.7573 36.2411)
20190827377,11/14/2019 06:00:00 PM,3,1,0,,Y,256379,11,Front to Rear,21,CLEAR,3,DARK - LIGHTED,12,MOTOR VEHICLE IN TRANSPORT,GLENROSE AV & FOX AV,NASHVILLE,TN,37210,8103,SOUTH,36.1254,-86.7431,POINT (-86.7431 36.1254)
20190855547,11/26/2019 05:10:00 PM,2,3,0,,N,311328,11,Front to Rear,2,RAIN,2,DARK - NOT LIGHTED,12,MOTOR VEHICLE IN TRANSPORT,MM 209 2 I 40,NASHVILLE,TN,37203,4002,CENTRA,36.1553,-86.7889,POINT (-86.7889 36.1553)
20190584376,08/06/2019 12:53:00 PM,2,0,0,,N,191578,5,SIDESWIPE - SAME DIRECTION,21,CLEAR,1,DAYLIGHT,12,MOTOR VEHICLE IN TRANSPORT,MURFREESBORO PKE & MCGAVOCK PKE,NASHVILLE,TN,37217,8841,SOUTH,36.1129,-86.689,POINT (-86.689 36.1129)
20190608380,08/15/2019 10:10:00 AM,3,1,0,,N,462474,11,Front to Rear,21,CLEAR,1,DAYLIGHT,12,MOTOR VEHICLE IN TRANSPORT,MM 80 2 I 65,NASHVILLE,TN,37204,8306,MIDTOW,36.1159,-86.7732,POINT (-86.7732 36.1159)
20190805892,11/05/2019 03:43:00 PM,2,0,0,,Y,429193,4,ANGLE,21,CLEAR,1,DAYLIGHT,12,MOTOR VEHICLE IN TRANSPORT,WHITE BRIDGE PK & HARDING PK,NASHVILLE,TN,37205,5109,WEST,36.125,-86.8476,POINT (-86.8476 36.125)
20190636736,08/26/2019 07:54:00 AM,2,0,0,,N,109534,4,ANGLE,2,RAIN,1,DAYLIGHT,12,MOTOR VEHICLE IN TRANSPORT,MOSSDALE DR & BELL RD,NASHVILLE,TN,37217,8937,HERMIT,36.0828,-86.6287,POINT (-86.6287 36.0828)
20190791405,10/30/2019 01:37:00 PM,3,1,0,,N,876581,11,Front to Rear,2,RAIN,1,DAYLIGHT,12,MOTOR VEHICLE IN TRANSPORT,GALLATIN PKEN & LIBERTY LN,MADISON,TN,37115,1731,MADISO,36.3051,-86.6884,POINT (-86.6884 36.3051)
20190855715,11/26/2019 06:32:00 PM,2,0,0,,N,151132,6,SIDESWIPE - OPPOSITE DIRECTION,2,RAIN,3,DARK - LIGHTED,12,MOTOR VEHICLE IN TRANSPORT,DICKERSON PKE & BELL GRIMES LN,MADISON,TN,37115,2039,MADISO,36.2686,-86.756,POINT (-86.756 36.2686)
20190670354,09/09/2019 09:19:00 AM,2,0,0,,N,224955,11,Front to Rear,22,CLOUDY,1,DAYLIGHT,12,MOTOR VEHICLE IN TRANSPORT,SKYLINE MEMORIAL CT & DICKERSON PKE,MADISON,TN,37115,2009,MADISO,36.2439,-86.7566,POINT (-86.7566 36.2439)
20190891010,12/12/2019 07:14:00 AM,3,2,0,,N,191578,11,Front to Rear,21,CLEAR,1,DAYLIGHT,12,MOTOR VEHICLE IN TRANSPORT,OLD HICKORY BLVD & CHANDLER PL,HERMITAGE,TN,37076,9561,HERMIT,36.183,-86.6093,POINT (-86.6093 36.183)
20190780649,10/25/2019 06:40:00 PM,1,0,0,Y,N,311328,0,NOT COLLISION W/MOTOR VEHICLE-TRANSPORT,2,RAIN,3,DARK - LIGHTED,37,Other Traffic Barrier,CHURCH ST & 10TH AVN,NASHVILLE,TN,37203,4117,CENTRA,36.1603,-86.7867,POINT (-86.7867 36.1603)
20190672846,09/10/2019 09:09:00 AM,2,0,0,,N,226622,11,Front to Rear,21,CLEAR,1,DAYLIGHT,12,MOTOR VEHICLE IN TRANSPORT,MM 204 8 I 40,NASHVILLE,TN,37209,45020,WEST,36.1539,-86.8425,POINT (-86.8425 36.1539)
20190907086,12/19/2019 05:20:00 AM,2,0,0,,N,330422,4,ANGLE,21,CLEAR,3,DARK - LIGHTED,12,MOTOR VEHICLE IN TRANSPORT,S HAMILTON RD & CLARKSVILLE PKE,NASHVILLE,TN,37218,3157,NORTH,36.1933,-86.8315,POINT (-86.8315 36.1933)
20190609724,08/15/2019 08:36:00 PM,1,0,0,,N,807319,0,NOT COLLISION W/MOTOR VEHICLE-TRANSPORT,21,CLEAR,3,DARK - LIGHTED,8,PEDESTRIAN,EDMONDSON PKE & WALLACE RD,NASHVILLE,TN,37211,8661,MIDTOW,36.0771,-86.7256,POINT (-86.7256 36.0771)
20190832905,11/17/2019 05:45:00 AM,1,0,0,,N,330411,0,NOT COLLISION W/MOTOR VEHICLE-TRANSPORT,21,CLEAR,4,DAWN,24,GUARDRAIL FACE,MM 32 8 I 24,JOELTON,TN,37080,23040,NORTH,36.3329,-86.9028,POINT (-86.9028 36.3329)
20190817791,11/10/2019 09:51:00 PM,1,0,0,,N,320603,0,NOT COLLISION W/MOTOR VEHICLE-TRANSPORT,21,CLEAR,3,DARK - LIGHTED,30,UTILITY POLE,US HWY 431 & RICHARD JONES RD,NASHVILLE,TN,37215,6405,MIDTOW,36.1041,-86.8153,POINT (-86.8153 36.1041)
20190709481,09/25/2019 09:00:00 AM,2,0,0,,N,414668,11,Front to Rear,21,CLEAR,1,DAYLIGHT,12,MOTOR VEHICLE IN TRANSPORT,MM 86 5 I 65,NASHVILLE,TN,37207,3006,NORTH,36.1946,-86.7762,POINT (-86.7762 36.1946)
20190759574,10/16/2019 06:35:00 PM,2,0,0,,N,717341,4,ANGLE,21,CLEAR,3,DARK - LIGHTED,12,MOTOR VEHICLE IN TRANSPORT,BELL RD & HICKORY HOLLOW LN,ANTIOCH,TN,37013,8863,SOUTH,36.0492,-86.6517,POINT (-86.6517 36.0492)
20190731827,10/04/2019 04:08:00 PM,2,0,0,,N,240979,11,Front to Rear,21,CLEAR,1,DAYLIGHT,12,MOTOR VEHICLE IN TRANSPORT,MM 91 0 I 65,MADISON,TN,37115,20044,MADISO,36.2478,-86.7432,POINT (-86.7432 36.2478)
20190726996,10/02/2019 05:42:00 PM,2,0,0,,Y,887598,5,SIDESWIPE - SAME DIRECTION,21,CLEAR,1,DAYLIGHT,12,MOTOR VEHICLE IN TRANSPORT,CLARKSVILLE PKE & BUENA VISTA PKE,NASHVILLE,TN,37218,3135,NORTH,36.1935,-86.8309,POINT (-86.8309 36.1935)
20190704942,09/23/2019 03:00:00 PM,2,0,0,,N,714641,2,HEAD-ON,22,CLOUDY,1,DAYLIGHT,12,MOTOR VEHICLE IN TRANSPORT,I40 W EXT RAMP & I 40,NASHVILLE,TN,37203,4119,CENTRA,36.1574,-86.79,POINT (-86.79 36.1574)
20190911407,12/20/2019 12:00:00 AM,2,0,0,,N,191572,98,OTHER,21,CLEAR,3,DARK - LIGHTED,14,PARKED MOTOR VEHICLE,WARFIELD DR & KIMBARK DR,NASHVILLE,TN,37215,6405,MIDTOW,36.1027,-86.8153,POINT (-86.8153 36.1027)
20190608305,08/15/2019 08:28:00 AM,2,0,0,,N,755026,5,SIDESWIPE - SAME DIRECTION,21,CLEAR,1,DAYLIGHT,12,MOTOR VEHICLE IN TRANSPORT,MM 53 7 I 24,NASHVILLE,TN,37211,88122,SOUTH,36.1097,-86.7216,POINT (-86.7216 36.1097)
20190903495,12/17/2019 07:19:00 PM,4,1,0,,N,330412,11,Front to Rear,21,CLEAR,3,DARK - LIGHTED,12,MOTOR VEHICLE IN TRANSPORT,GALLATIN PKEN & SHEPHERD HILLS DR,MADISON,TN,37115,1731,MADISO,36.3009,-86.6946,POINT (-86.6946 36.3009)
20190667080,09/07/2019 04:30:00 PM,1,0,0,,N,330425,0,NOT COLLISION W/MOTOR VEHICLE-TRANSPORT,21,CLEAR,1,DAYLIGHT,31,"OTHER POST, POLE, SUPP.",US HWY 31E & E PALESTINE AVE,MADISON,TN,37115,1507,MADISO,36.2491,-86.7196,POINT (-86.7196 36.2491)
20190687672,09/16/2019 12:10:00 PM,2,1,0,,N,191578,11,Front to Rear,21,CLEAR,1,DAYLIGHT,12,MOTOR VEHICLE IN TRANSPORT,MM 212 1 I 40,NASHVILLE,TN,37210,90041,HERMIT,36.1463,-86.7422,POINT (-86.7422 36.1463)
20190643272,08/28/2019 07:45:00 PM,2,1,0,,N,717341,4,ANGLE,21,CLEAR,3,DARK - LIGHTED,12,MOTOR VEHICLE IN TRANSPORT,4TH AVS & CAMERON ST,NASHVILLE,TN,37210,8153,SOUTH,36.1477,-86.7685,POINT (-86.7685 36.1477)
20190734522,10/05/2019 10:43:00 PM,3,0,0,,N,352170,11,Front to Rear,21,CLEAR,3,DARK - LIGHTED,12,MOTOR VEHICLE IN TRANSPORT,HAYWOOD LN & ANTIOCH PKE,NASHVILLE,TN,37211,8851,SOUTH,36.0702,-86.6848,POINT (-86.6848 36.0702)
20190778314,10/24/2019 06:59:00 PM,2,0,0,,N,279116,11,Front to Rear,21,CLEAR,3,DARK - LIGHTED,12,MOTOR VEHICLE IN TRANSPORT,I40 E ENT RAMP & I 40,NASHVILLE,TN,37205,4903,WEST,36.1109,-86.922,POINT (-86.922 36.1109)
20190757193,10/15/2019 08:15:00 PM,1,0,0,Y,N,240966,0,NOT COLLISION W/MOTOR VEHICLE-TRANSPORT,21,CLEAR,3,DARK - LIGHTED,31,"OTHER POST, POLE, SUPP.",E TRINITY LN & W TRINITY LN,NASHVILLE,TN,37207,1861,EAST,36.2059,-86.7686,POINT (-86.7686 36.2059)
20190731381,10/04/2019 12:14:00 PM,2,0,0,,N,225773,4,ANGLE,21,CLEAR,1,DAYLIGHT,12,MOTOR VEHICLE IN TRANSPORT,POWELL AV & ARMORY OAKS DR,NASHVILLE,TN,37204,8525,MIDTOW,36.1035,-86.7627,POINT (-86.7627 36.1035)
20190710765,09/25/2019 07:38:00 PM,2,0,0,,N,240983,6,SIDESWIPE - OPPOSITE DIRECTION,22,CLOUDY,2,DARK - NOT LIGHTED,14,PARKED MOTOR VEHICLE,BELL TRACE CIR & BELL TRACE CV,ANTIOCH,TN,37013,8753,SOUTH,36.0417,-86.6709,POINT (-86.6709 36.0417)
20190780315,10/25/2019 03:21:00 PM,2,0,0,,N,256383,11,Front to Rear,2,RAIN,1,DAYLIGHT,12,MOTOR VEHICLE IN TRANSPORT,ANTIOCH PKE & AVENAL AV,NASHVILLE,TN,37211,8407,SOUTH,36.101,-86.7317,POINT (-86.7317 36.101)
20190630726,08/23/2019 04:35:00 PM,2,0,0,,N,256384,11,Front to Rear,21,CLEAR,1,DAYLIGHT,12,MOTOR VEHICLE IN TRANSPORT,MM 51 4 I 24,NASHVILLE,TN,37210,82061,HERMIT,36.1388,-86.7284,POINT (-86.7284 36.1388)
20190769864,10/21/2019 10:12:00 AM,1,1,0,,N,716886,0,NOT COLLISION W/MOTOR VEHICLE-TRANSPORT,21,CLEAR,1,DAYLIGHT,8,PEDESTRIAN,CROSSINGS PL & HICKORY HOLLOW PKWY,ANTIOCH,TN,37013,8863,SOUTH,36.044,-86.6505,POINT (-86.6505 36.044)
20190835946,11/18/2019 03:27:00 PM,1,0,0,Y,N,179606,0,NOT COLLISION W/MOTOR VEHICLE-TRANSPORT,22,CLOUDY,1,DAYLIGHT,18,OTHER OBJECT (NOT FIXED),4TH AVS & CHESTNUT ST,NASHVILLE,TN,37210,8169,SOUTH,36.1449,-86.7667,POINT (-86.7667 36.1449)
20190629361,08/23/2019 05:48:00 AM,1,0,0,,N,330414,0,NOT COLLISION W/MOTOR VEHICLE-TRANSPORT,21,CLEAR,1,DAYLIGHT,18,OTHER OBJECT (NOT FIXED),MYATT DR & RAMP,MADISON,TN,37115,1715,MADISO,36.2726,-86.6895,POINT (-86.6895 36.2726)
20190661979,09/05/2019 11:01:00 AM,2,0,0,,Y,414731,5,SIDESWIPE - SAME DIRECTION,21,CLEAR,1,DAYLIGHT,12,MOTOR VEHICLE IN TRANSPORT,MURFREESBORO PKE & EXPRESSWAY PARK DR,NASHVILLE,TN,37210,8133,SOUTH,36.146,-86.7539,POINT (-86.7539 36.146)
20190714931,09/27/2019 11:49:00 AM,2,0,0,,N,414731,4,ANGLE,21,CLEAR,1,DAYLIGHT,12,MOTOR VEHICLE IN TRANSPORT,ANTIOCH PKE & HARDING PL,NASHVILLE,TN,37211,8847,SOUTH,36.0874,-86.6922,POINT (-86.6922 36.0874)
20190710406,09/25/2019 04:43:00 PM,3,0,0,,N,151132,4,ANGLE,22,CLOUDY,1,DAYLIGHT,12,MOTOR VEHICLE IN TRANSPORT,STATE RT 45 & DELAWARE AV,MADISON,TN,37115,1701,MADISO,36.2637,-86.7045,POINT (-86.7045 36.2637)
20190614317,08/17/2019 05:49:00 PM,2,0,0,,N,330415,4,ANGLE,21,CLEAR,1,DAYLIGHT,12,MOTOR VEHICLE IN TRANSPORT,DIVISION ST & I40 E ENT RAMP,NASHVILLE,TN,37203,6719,MIDTOW,36.1514,-86.7871,POINT (-86.7871 36.1514)
20190675887,09/11/2019 10:30:00 AM,3,0,0,,N,223502,5,SIDESWIPE - SAME DIRECTION,21,CLEAR,1,DAYLIGHT,12,MOTOR VEHICLE IN TRANSPORT,MM 6 5 I 440,NASHVILLE,TN,37210,81040,SOUTH,36.1242,-86.7451,POINT (-86.7451 36.1242)
20190918266,12/24/2019 12:12:00 PM,2,0,0,,Y,525538,4,ANGLE,21,CLEAR,1,DAYLIGHT,12,MOTOR VEHICLE IN TRANSPORT,CHURCH ST & US HWY 70,NASHVILLE,TN,37203,4153,CENTRA,36.1586,-86.7903,POINT (-86.7903 36.1586)
20190640253,08/27/2019 05:02:00 PM,2,0,0,,N,151132,11,Front to Rear,22,CLOUDY,1,DAYLIGHT,12,MOTOR VEHICLE IN TRANSPORT,MYATT DR & GALLATIN PKEN,MADISON,TN,37115,1731,MADISO,36.2967,-86.699,POINT (-86.699 36.2967)
20190764705,10/18/2019 07:10:00 PM,2,0,0,,N,311332,11,Front to Rear,21,CLEAR,3,DARK - LIGHTED,12,MOTOR VEHICLE IN TRANSPORT,CHARLOTTE PKE & SAWYER BROWN RD,NASHVILLE,TN,37221,4711,WEST,36.1149,-86.9259,POINT (-86.9259 36.1149)
20190912219,12/21/2019 11:05:00 AM,3,0,0,,N,799013,11,Front to Rear,21,CLEAR,1,DAYLIGHT,12,MOTOR VEHICLE IN TRANSPORT,MM 211 1 I 40,NASHVILLE,TN,37210,8008,HERMIT,36.1539,-86.7571,POINT (-86.7571 36.1539)
20190896958,12/14/2019 07:31:00 PM,2,0,0,,N,212343,9,UNKNOWN,22,CLOUDY,7,Dark-Unknown Lighting,12,MOTOR VEHICLE IN TRANSPORT,MM 209 7 I 40,NASHVILLE,TN,37203,4004,CENTRA,36.1492,-86.7812,POINT (-86.7812 36.1492)
20190813444,11/08/2019 12:00:00 AM,2,0,0,,Y,256427,5,SIDESWIPE - SAME DIRECTION,21,CLEAR,9,UNKNOWN,14,PARKED MOTOR VEHICLE,OLD TREE CT & TWIN ELMS CT,NASHVILLE,TN,37210,9011,HERMIT,36.1458,-86.7376,POINT (-86.7376 36.1458)
20190822615,11/12/2019 09:14:00 PM,2,0,0,,N,834820,11,Front to Rear,21,CLEAR,3,DARK - LIGHTED,12,MOTOR VEHICLE IN TRANSPORT,MM 4 3 I 440,NASHVILLE,TN,37204,7014,MIDTOW,36.1159,-86.783,POINT (-86.783 36.1159)
20190590815,08/08/2019 05:05:00 PM,2,0,0,,N,256380,11,Front to Rear,21,CLEAR,1,DAYLIGHT,12,MOTOR VEHICLE IN TRANSPORT,CLARKSVILLE PKE & ROSA L PARKS BLVD,NASHVILLE,TN,37228,4483,NORTH,36.1889,-86.8231,POINT (-86.8231 36.1889)
20190905587,12/18/2019 02:48:00 PM,2,0,0,,Y,320599,5,SIDESWIPE - SAME DIRECTION,21,CLEAR,1,DAYLIGHT,12,MOTOR VEHICLE IN TRANSPORT,MM 214 1 I 40,NASHVILLE,TN,37210,90062,HERMIT,36.142,-86.7124,POINT (-86.7124 36.142)
20190657102,09/03/2019 12:30:00 PM,2,0,0,,N,716886,11,Front to Rear,21,CLEAR,1,DAYLIGHT,12,MOTOR VEHICLE IN TRANSPORT,FRANKLIN LIMESTONE RD & ANTIOCH PKE,ANTIOCH,TN,37013,8899,SOUTH,36.0808,-86.6845,POINT (-86.6845 36.0808)
20190622588,08/20/2019 09:09:00 PM,2,1,0,,Y,429193,4,ANGLE,21,CLEAR,3,DARK - LIGHTED,12,MOTOR VEHICLE IN TRANSPORT,CHARLOTTE PK & CABOT DR,NASHVILLE,TN,37209,4677,WEST,36.1325,-86.8975,POINT (-86.8975 36.1325)