Accident Number,Date and Time,Number of Motor Vehicles,Number of Injuries,Number of Fatalities,Property Damage,Hit and Run,Reporting Officer,Collision Type Code,Collision Type Description,Weather Code,Weather Description,Illumination Code,Illumination Description,Harmful Code,Harmful Code Description,Street Address,City,State,ZIP,RPA,Precinct,Latitude,Longitude,Mapped Location
20190602491,08/12/2019 09:00:00 PM,1,0,0,Y,N,716886,0,NOT COLLISION W/MOTOR VEHICLE-TRANSPORT,21,CLEAR,3,DARK - LIGHTED,34;38,DITCH;FENCE,SHADOWBROOK TRL & SHADOWBROOK CT,ANTIOCH,TN,37013,8867,SOUTH,36.041,-86.6184,POINT (-86.6184 36.041)
20190720672,09/30/2019 07:24:00 AM,2,1,0,,N,279230,6,SIDESWIPE - OPPOSITE DIRECTION,21,CLEAR,1,DAYLIGHT,12,MOTOR VEHICLE IN TRANSPORT,NOLENSVILLE PKE & FLORA MAXWELL RD,NASHVILLE,TN,37211,8701,SOUTH,36.0751,-86.7249,POINT (-86.7249 36.0751)
20190743177,10/09/2019 06:45:00 PM,2,0,0,,N,717341,11,Front to Rear,21,CLEAR,2,DARK - NOT LIGHTED,12,MOTOR VEHICLE IN TRANSPORT,HOBSON PKE & GRANNY WRIGHT LN,HERMITAGE,TN,37076,8913,SOUTH,36.1081,-86.5496,POINT (-86.5496 36.1081)
20190770075,10/21/2019 11:37:00 AM,2,0,0,,N,468030,4,ANGLE,22,CLOUDY,1,DAYLIGHT,12,MOTOR VEHICLE IN TRANSPORT,W TRINITY LN & I65 N ENT RAMP,NASHVILLE,TN,37207,1863,EAST,36.2063,-86.7735,POINT (-86.7735 36.2063)
20190906195,12/18/2019 08:15:00 PM,2,0,0,,Y,717341,11,Front to Rear,21,CLEAR,1,DAYLIGHT,14,PARKED MOTOR VEHICLE,SUGARLOAF DR & SUNNYWOOD DR,ANTIOCH,TN,37013,8759,SOUTH,36.0212,-86.6985,POINT (-86.6985 36.0212)
20190664625,09/06/2019 01:16:00 PM,2,0,0,,N,902543,4,ANGLE,21,CLEAR,1,DAYLIGHT,12,MOTOR VEHICLE IN TRANSPORT,GALLATIN PKE & JOYCE LN,NASHVILLE,TN,37216,1801,EAST,36.2336,-86.7248,POINT (-86.7248 36.2336)
20190626508,08/22/2019 05:53:00 AM,1,1,0,,N,169414,0,NOT COLLISION W/MOTOR VEHICLE-TRANSPORT,22,CLOUDY,3,DARK - LIGHTED,8,PEDESTRIAN,WOODYCREST AV & INTERSTATE BLVDS,NASHVILLE,TN,37210,8125,SOUTH,36.131,-86.7546,POINT (-86.7546 36.131)
20190864964,12/01/2019 12:14:00 PM,2,3,0,,N,156307,4,ANGLE,21,CLEAR,1,DAYLIGHT,13,MOTOR VEHICLE IN TRANSPORT-OTHER ROADWAY,14TH AVN & WHELESS ST,NASHVILLE,TN,37208,4471,NORTH,36.1778,-86.8059,POINT (-86.8059 36.1778)
20190888317,12/11/2019 06:57:00 AM,1,0,0,,N,628640,0,NOT COLLISION W/MOTOR VEHICLE-TRANSPORT,21,CLEAR,2,DARK - NOT LIGHTED,36,CONCRETE TRAFFIC BARRIER,I24 W EXT RAMP & I 24,NASHVILLE,TN,37211,8829,SOUTH,36.1074,-86.7197,POINT (-86.7197 36.1074)
20190798566,11/02/2019 03:08:00 PM,2,1,0,,N,311337,11,Front to Rear,21,CLEAR,1,DAYLIGHT,12,MOTOR VEHICLE IN TRANSPORT,MURFREESBORO PKE & OLD MURFREESBORO PKE,NASHVILLE,TN,37217,8849,SOUTH,36.1046,-86.6694,POINT (-86.6694 36.1046)
20190757015,10/15/2019 05:00:00 PM,2,0,0,,Y,240983,5,SIDESWIPE - SAME DIRECTION,21,CLEAR,1,DAYLIGHT,12,MOTOR VEHICLE IN TRANSPORT,MM 56 3 I 24,NASHVILLE,TN,37211,8708,SOUTH,36.0778,-86.6951,POINT (-86.6951 36.0778)
20190930682,12/30/2019 10:18:00 PM,2,0,0,,Y,212334,5,SIDESWIPE - SAME DIRECTION,21,CLEAR,3,DARK - LIGHTED,12,MOTOR VEHICLE IN TRANSPORT,CHARLOTTE AV & 23RD AVN,NASHVILLE,TN,37209,5339,NORTH,36.1558,-86.8097,POINT (-86.8097 36.1558)
20190863069,11/30/2019 10:50:00 AM,2,0,0,,N,538214,11,Front to Rear,2,RAIN,1,DAYLIGHT,12,MOTOR VEHICLE IN TRANSPORT,BROADWAY & 8TH AVS,NASHVILLE,TN,37203,4083,CENTRA,36.1589,-86.7821,POINT (-86.7821 36.1589)
20190875345,12/05/2019 02:52:00 PM,2,0,0,,N,311337,4,ANGLE,21,CLEAR,1,DAYLIGHT,12,MOTOR VEHICLE IN TRANSPORT,BRILEY PKWY & KERMIT DR,NASHVILLE,TN,37217,8998,HERMIT,36.1256,-86.6962,POINT (-86.6962 36.1256)
20190784405,10/27/2019 04:35:00 PM,2,0,0,,Y,320603,3,REAR-TO-REAR,21,CLEAR,1,DAYLIGHT,14,PARKED MOTOR VEHICLE,POST RD & POST PL,NASHVILLE,TN,37205,5017,WEST,36.128,-86.852,POINT (-86.852 36.128)
20190932275,12/31/2019 04:03:00 PM,2,0,0,,N,717341,11,Front to Rear,21,CLEAR,1,DAYLIGHT,12,MOTOR VEHICLE IN TRANSPORT,MM 56 7 I 24,NASHVILLE,TN,37211,8810,SOUTH,36.0726,-86.6916,POINT (-86.6916 36.0726)
20190918819,12/24/2019 08:20:00 PM,2,1,0,,N,311344,4,ANGLE,21,CLEAR,3,DARK - LIGHTED,12,MOTOR VEHICLE IN TRANSPORT,GALLATIN PKEN & NESBITT LN,MADISON,TN,37115,1709,MADISO,36.2724,-86.7102,POINT (-86.7102 36.2724)
20190597871,08/11/2019 10:34:00 AM,3,0,0,,Y,352205,11,Front to Rear,21,CLEAR,1,DAYLIGHT,14;55,PARKED MOTOR VEHICLE;Motor Vehicle-In-Motion Outside Trafficw,519 DONELSON PKE,NASHVILLE,TN,37214,9411,HERMIT,36.1693,-86.6799,POINT (-86.6799 36.1693)
20190915956,12/23/2019 12:00:00 PM,2,0,0,,N,538214,11,Front to Rear,21,CLEAR,1,DAYLIGHT,12,MOTOR VEHICLE IN TRANSPORT,MM 49 6 I 24,NASHVILLE,TN,37210,4008,CENTRA,36.1571,-86.7604,POINT (-86.7604 36.1571)
20190927004,12/29/2019 12:00:00 AM,1,0,0,,Y,256377,0,NOT COLLISION W/MOTOR VEHICLE-TRANSPORT,2,RAIN,3,DARK - LIGHTED,24,GUARDRAIL FACE,MM 212 9 I 40,NASHVILLE,TN,37210,82061,HERMIT,36.1404,-86.7312,POINT (-86.7312 36.1404)
20190638959,08/27/2019 07:08:00 AM,2,0,0,,N,109515,11,Front to Rear,22,CLOUDY,1,DAYLIGHT,12,MOTOR VEHICLE IN TRANSPORT,GALLATIN PKEN & OLD TIME VILLAGE PVTDR,MADISON,TN,37115,1701,MADISO,36.2638,-86.7117,POINT (-86.7117 36.2638)
20190911113,12/20/2019 06:57:00 PM,1,0,0,,N,279211,0,NOT COLLISION W/MOTOR VEHICLE-TRANSPORT,21,CLEAR,2,DARK - NOT LIGHTED,21;61,BRIDGE PIER/ABUTMENT;Equip Failure,OAKVIEW DR & BRILEY PKWYE,NASHVILLE,TN,37207,2029,MADISO,36.2407,-86.7665,POINT (-86.7665 36.2407)
20190845417,11/22/2019 07:14:00 AM,2,0,0,,N,191578,4,ANGLE,21,CLEAR,1,DAYLIGHT,12;24,MOTOR VEHICLE IN TRANSPORT;GUARDRAIL FACE,MM 216 0 I 40,NASHVILLE,TN,37217,89020,HERMIT,36.142,-86.6779,POINT (-86.6779 36.142)
20190659104,09/05/2019 07:55:00 AM,2,1,0,,N,226600,4,ANGLE,22,CLOUDY,1,DAYLIGHT,12,MOTOR VEHICLE IN TRANSPORT,HIGHWAY 100 & OLD HICKORY BLVD,NASHVILLE,TN,37221,6213,WEST,36.0609,-86.9153,POINT (-86.9153 36.0609)
20190812835,11/08/2019 12:27:00 PM,4,3,0,,N,110063,5,SIDESWIPE - SAME DIRECTION,21,CLEAR,1,DAYLIGHT,12,MOTOR VEHICLE IN TRANSPORT,MM 87 0 I 65,NASHVILLE,TN,37207,18020,EAST,36.2018,-86.7766,POINT (-86.7766 36.2018)
20190695803,09/19/2019 12:54:00 PM,2,3,0,,N,225773,11,Front to Rear,21,CLEAR,1,DAYLIGHT,12,MOTOR VEHICLE IN TRANSPORT,WOODMONT BLVD & GRANNY WHITE PKE,NASHVILLE,TN,37204,7007,MIDTOW,36.1116,-86.7926,POINT (-86.7926 36.1116)
20190660544,09/04/2019 05:53:00 PM,2,0,0,,Y,384444,11,Front to Rear,21,CLEAR,1,DAYLIGHT,12,MOTOR VEHICLE IN TRANSPORT,DELAWARE AV & 44TH AVN,NASHVILLE,TN,37209,4545,WEST,36.1545,-86.8397,POINT (-86.8397 36.1545)
20190734502,10/05/2019 10:43:00 PM,2,1,0,,N,320583,4,ANGLE,21,CLEAR,3,DARK - LIGHTED,12,MOTOR VEHICLE IN TRANSPORT,I440 W EXT RAMP & HILLSBORO PKE,NASHVILLE,TN,37212,6501,MIDTOW,36.1248,-86.806,POINT (-86.806 36.1248)
20190763172,10/18/2019 05:41:00 AM,2,0,0,,N,405424,11,Front to Rear,21,CLEAR,3,DARK - LIGHTED,12,MOTOR VEHICLE IN TRANSPORT,I40 W EXT RAMP & I 40,NASHVILLE,TN,37203,4119,CENTRA,36.1574,-86.79,POINT (-86.79 36.1574)
20190722357,09/30/2019 08:00:00 PM,2,0,0,,Y,109531,9,UNKNOWN,21,CLEAR,3,DARK - LIGHTED,12;14,MOTOR VEHICLE IN TRANSPORT;PARKED MOTOR VEHICLE,MARSHALL ST & LISCHEY AV,NASHVILLE,TN,37207,1869,EAST,36.2012,-86.7628,POINT (-86.7628 36.2012)
20190786709,10/28/2019 06:36:00 PM,2,1,0,,Y,717341,4,ANGLE,21,CLEAR,5,DUSK,12,MOTOR VEHICLE IN TRANSPORT,BELL RD & OLD HICKORY BLVD,ANTIOCH,TN,37013,8755,SOUTH,36.0453,-86.7017,POINT (-86.7017 36.0453)
20190726767,10/02/2019 03:57:00 PM,2,2,0,,N,267831,2,HEAD-ON,21,CLEAR,1,DAYLIGHT,1;12,MOTOR VEHICLE IN TRANSPORT,WOODMONT BLVD & PARK MANOR BLVD,NASHVILLE,TN,37205,6021,WEST,36.1229,-86.8457,POINT (-86.8457 36.1229)
20190704814,09/23/2019 01:55:00 PM,2,0,0,,N,243716,5,SIDESWIPE - SAME DIRECTION,22,CLOUDY,1,DAYLIGHT,12,MOTOR VEHICLE IN TRANSPORT,DOMINICAN DR & FRENCH LANDING DR,NASHVILLE,TN,37208,4403,NORTH,36.1884,-86.7963,POINT (-86.7963 36.1884)
20190847644,11/23/2019 02:20:00 AM,1,0,0,,N,298859,0,NOT COLLISION W/MOTOR VEHICLE-TRANSPORT,2,RAIN,3,DARK - LIGHTED,36,CONCRETE TRAFFIC BARRIER,I40 E EXT RAMP & I 40,NASHVILLE,TN,37214,8955,HERMIT,36.155,-86.6271,POINT (-86.6271 36.155)
20190900319,12/16/2019 01:50:00 PM,2,1,0,,N,665896,11,Front to Rear,2,RAIN,1,DAYLIGHT,12,MOTOR VEHICLE IN TRANSPORT,GALLATIN AV & STRATTON AV,NASHVILLE,TN,37206,1243,EAST,36.1824,-86.749,POINT (-86.749 36.1824)
20190648788,08/30/2019 08:47:00 PM,2,1,0,,N,320580,5,SIDESWIPE - SAME DIRECTION,21,CLEAR,3,DARK - LIGHTED,12,MOTOR VEHICLE IN TRANSPORT,MM 213 0 I 40,NASHVILLE,TN,37210,8219,HERMIT,36.1407,-86.7323,POINT (-86.7323 36.1407)
20190802258,11/04/2019 12:00:00 AM,2,0,0,,Y,474557,5,SIDESWIPE - SAME DIRECTION,21,CLEAR,9,UNKNOWN,14,PARKED MOTOR VEHICLE,BARNES COVE DR & BARNES COVE CT,ANTIOCH,TN,37013,8759,SOUTH,36.0269,-86.703,POINT (-86.703 36.0269)
20190843291,11/21/2019 11:00:00 AM,2,1,0,,N,676834,6,SIDESWIPE - OPPOSITE DIRECTION,21,CLEAR,1,DAYLIGHT,12,MOTOR VEHICLE IN TRANSPORT,CLARKSVILLE PKE & FAIRMEADE DR,NASHVILLE,TN,37218,3109,NORTH,36.2243,-86.8381,POINT (-86.8381 36.2243)
20190780823,10/25/2019 07:30:00 PM,2,0,0,,Y,240983,11,Front to Rear,2,RAIN,2,DARK - NOT LIGHTED,12,MOTOR VEHICLE IN TRANSPORT,I24 W EXT RAMP & I 24,NASHVILLE,TN,37211,8829,SOUTH,36.1074,-86.7197,POINT (-86.7197 36.1074)
20190769571,10/21/2019 12:00:00 AM,2,0,0,,N,544482,4,ANGLE,99,UNKNOWN,9,UNKNOWN,14;55,PARKED MOTOR VEHICLE;Motor Vehicle-In-Motion Outside Trafficw,2200 CRUZEN ST,NASHVILLE,TN,37211,8043,MIDTOW,36.1231,-86.7552,POINT (-86.7552 36.1231)
20190795861,11/01/2019 10:00:00 AM,2,0,0,,N,405397,5,SIDESWIPE - SAME DIRECTION,21,CLEAR,1,DAYLIGHT,12,MOTOR VEHICLE IN TRANSPORT,8TH AVS & LAFAYETTE ST,NASHVILLE,TN,37203,4043,CENTRA,36.1546,-86.7792,POINT (-86.7792 36.1546)
20190884697,12/09/2019 06:25:00 PM,2,0,0,,N,384423,4,ANGLE,22,CLOUDY,3,DARK - LIGHTED,12,MOTOR VEHICLE IN TRANSPORT,BELLEVUE RDN & OLD HARDING PKE,NASHVILLE,TN,37221,4819,WEST,36.0657,-86.9375,POINT (-86.9375 36.0657)
20190775755,10/23/2019 05:54:00 PM,2,0,0,,N,240983,11,Front to Rear,21,CLEAR,1,DAYLIGHT,12,MOTOR VEHICLE IN TRANSPORT,I24 E EXT RAMP & I 24,NASHVILLE,TN,37207,30080,NORTH,36.2378,-86.7872,POINT (-86.7872 36.2378)
20190927557,12/29/2019 12:25:00 PM,2,0,0,,N,343522,6,SIDESWIPE - OPPOSITE DIRECTION,2,RAIN,1,DAYLIGHT,12,MOTOR VEHICLE IN TRANSPORT,BELLEVUE CTR PVTDR & HIGHWAY 70S,NASHVILLE,TN,37221,4813,WEST,36.0787,-86.9507,POINT (-86.9507 36.0787)
20190634414,08/25/2019 04:12:00 AM,1,0,0,,N,224437,0,NOT COLLISION W/MOTOR VEHICLE-TRANSPORT,21,CLEAR,3,DARK - LIGHTED,1;42,TREE,MM 52 2 I 24,NASHVILLE,TN,37217,8816,SOUTH,36.1359,-86.7267,POINT (-86.7267 36.1359)
20190639996,08/27/2019 03:22:00 PM,2,7,1,,N,279211,4,ANGLE,21,CLEAR,1,DAYLIGHT,12,MOTOR VEHICLE IN TRANSPORT,BELLSHIRE DR & BRICK CHURCH PKE,NASHVILLE,TN,37207,2049,MADISO,36.2626,-86.7759,POINT (-86.7759 36.2626)
20190782566,10/26/2019 07:37:00 PM,2,0,0,,N,330415,11,Front to Rear,22,CLOUDY,3,DARK - LIGHTED,12,MOTOR VEHICLE IN TRANSPORT,0 I 40,NASHVILLE,TN,37210,9002,HERMIT,36.1532,-86.7556,POINT (-86.7556 36.1532)
20190848110,11/23/2019 09:25:00 AM,3,1,0,,N,320574,11,Front to Rear,22,CLOUDY,1,DAYLIGHT,12,MOTOR VEHICLE IN TRANSPORT,US HWY 41 & TOWN PARK DR,NASHVILLE,TN,37217,8849,SOUTH,36.1031,-86.6662,POINT (-86.6662 36.1031)
20190729734,10/03/2019 06:02:00 PM,2,0,0,,N,212369,5,SIDESWIPE - SAME DIRECTION,21,CLEAR,3,DARK - LIGHTED,12,MOTOR VEHICLE IN TRANSPORT,NOLENSVILLE PKE & HICKORYVIEW DR,NASHVILLE,TN,37211,8717,SOUTH,36.0488,-86.7137,POINT (-86.7137 36.0488)
20190761799,10/17/2019 12:00:00 AM,3,0,0,,N,311333,11,Front to Rear,21,CLEAR,1,DAYLIGHT,12,MOTOR VEHICLE IN TRANSPORT,SMITH SPRINGS PKWY & HOBSON PKE,ANTIOCH,TN,37013,8977,SOUTH,36.0686,-86.5853,POINT (-86.5853 36.0686)
20190587655,08/07/2019 03:50:00 PM,2,1,0,,Y,909486,11,Front to Rear,21,CLEAR,1,DAYLIGHT,12,MOTOR VEHICLE IN TRANSPORT,HARDING PL & TROUSDALE DR,NASHVILLE,TN,37220,8601,MIDTOW,36.0811,-86.7584,POINT (-86.7584 36.0811)
20190911291,12/20/2019 10:30:00 PM,2,0,0,,N,352153,4,ANGLE,21,CLEAR,2,DARK - NOT LIGHTED,12;14,MOTOR VEHICLE IN TRANSPORT;PARKED MOTOR VEHICLE,MM 60 4 I 24,ANTIOCH,TN,37013,88060,SOUTH,36.0364,-86.6449,POINT (-86.6449 36.0364)
20190855503,11/26/2019 04:50:00 PM,1,0,0,,N,579971,0,NOT COLLISION W/MOTOR VEHICLE-TRANSPORT,2,RAIN,5,DUSK,64;7,Ran Off Road-Left,LAWNDALE DR & EAST THOMPSON LN,NASHVILLE,TN,37211,8803,SOUTH,36.1223,-86.7176,POINT (-86.7176 36.1223)
20190847661,11/23/2019 02:46:00 AM,2,0,0,,Y,330420,5,SIDESWIPE - SAME DIRECTION,2,RAIN,3,DARK - LIGHTED,12,MOTOR VEHICLE IN TRANSPORT,MM 211 7 I 40,NASHVILLE,TN,37210,82042,HERMIT,36.1499,-86.7483,POINT (-86.7483 36.1499)
20190648914,08/30/2019 09:15:00 PM,2,0,0,,Y,256427,11,Front to Rear,21,CLEAR,3,DARK - LIGHTED,12,MOTOR VEHICLE IN TRANSPORT,MM 211 9 I 40,NASHVILLE,TN,37210,90022,HERMIT,36.1487,-86.7459,POINT (-86.7459 36.1487)
20190644275,08/29/2019 07:50:00 AM,2,1,0,,N,876573,11,Front to Rear,21,CLEAR,1,DAYLIGHT,12,MOTOR VEHICLE IN TRANSPORT,MURFREESBORO PKE & MOUNTAIN SPRINGS RD,ANTIOCH,TN,37013,8927,SOUTH,36.0478,-86.6121,POINT (-86.6121 36.0478)
20190888566,12/11/2019 09:04:00 AM,3,0,0,,N,384442,11,Front to Rear,21,CLEAR,1,DAYLIGHT,12,MOTOR VEHICLE IN TRANSPORT,BELMONT BLVD & CLAIRMONT PL,NASHVILLE,TN,37215,6413,MIDTOW,36.1114,-86.8002,POINT (-86.8002 36.1114)
20190623943,08/21/2019 08:37:00 AM,2,1,0,,N,693102,11,Front to Rear,21,CLEAR,1,DAYLIGHT,12,MOTOR VEHICLE IN TRANSPORT,BRILEY PKWYS & ARBOR CREEK BLVD,NASHVILLE,TN,37217,88943,HERMIT,36.136,-86.6988,POINT (-86.6988 36.136)
20190813874,11/08/2019 09:25:00 PM,2,0,0,,N,240983,4,ANGLE,21,CLEAR,2,DARK - NOT LIGHTED,12,MOTOR VEHICLE IN TRANSPORT,MM 61 0 I 24,ANTIOCH,TN,37013,8806,SOUTH,36.0297,-86.6374,POINT (-86.6374 36.0297)
20190710105,09/25/2019 02:10:00 PM,2,1,0,,N,223502,4,ANGLE,21,CLEAR,1,DAYLIGHT,12,MOTOR VEHICLE IN TRANSPORT,4TH AVS & I40 E EXT RAMP,NASHVILLE,TN,37210,8153,SOUTH,36.1505,-86.7704,POINT (-86.7704 36.1505)
20190874242,12/05/2019 06:00:00 AM,2,0,0,,Y,240952,2,HEAD-ON,21,CLEAR,1,DAYLIGHT,12,MOTOR VEHICLE IN TRANSPORT,HOBSON PKE & LONDONVIEW PL,ANTIOCH,TN,37013,8907,SOUTH,36.0785,-86.5698,POINT (-86.5698 36.0785)
20190610679,08/16/2019 07:06:00 AM,2,1,0,,N,137872,11,Front to Rear,21,CLEAR,1,DAYLIGHT,12,MOTOR VEHICLE IN TRANSPORT,OLD HICKORY BLVD & 28TH ST,OLD HICKORY,TN,37138,9711,HERMIT,36.2462,-86.6396,POINT (-86.6396 36.2462)
20190709850,09/25/2019 12:07:00 PM,2,2,0,Y,N,474557,4,ANGLE,21,CLEAR,1,DAYLIGHT,13,MOTOR VEHICLE IN TRANSPORT-OTHER ROADWAY,BELL RD & MORRIS GENTRY BLVD,ANTIOCH,TN,37013,8865,SOUTH,36.0666,-86.6366,POINT (-86.6366 36.0666)
20190645315,08/29/2019 04:20:00 PM,3,0,0,,N,169425,11,Front to Rear,21,CLEAR,1,DAYLIGHT,12,MOTOR VEHICLE IN TRANSPORT,NOLENSVILLE PKE & LENOX VILLAGE DR,ANTIOCH,TN,37013,8759,SOUTH,36.026,-86.713,POINT (-86.713 36.026)
20190699556,09/20/2019 10:40:00 PM,2,3,0,,N,299270,4,ANGLE,21,CLEAR,3,DARK - LIGHTED,1;12,MOTOR VEHICLE IN TRANSPORT,31ST AVS & 31ST AVN,NASHVILLE,TN,37212,5815,MIDTOW,36.1424,-86.8153,POINT (-86.8153 36.1424)
20190893629,12/13/2019 08:00:00 AM,2,0,0,,N,226306,11,Front to Rear,22,CLOUDY,1,DAYLIGHT,12,MOTOR VEHICLE IN TRANSPORT,OLD HICKORY BLVD & ROCKY LN,NASHVILLE,TN,37221,4815,WEST,36.1078,-86.9224,POINT (-86.9224 36.1078)
20190603995,08/13/2019 06:21:00 PM,2,2,0,,N,311332,4,ANGLE,21,CLEAR,1,DAYLIGHT,12,MOTOR VEHICLE IN TRANSPORT,CLUB PKWY & HIGHWAY 70S,NASHVILLE,TN,37221,4815,WEST,36.0739,-86.9293,POINT (-86.9293 36.0739)
20190746588,10/11/2019 04:30:00 AM,2,0,0,,Y,352163,5,SIDESWIPE - SAME DIRECTION,21,CLEAR,2,DARK - NOT LIGHTED,12,MOTOR VEHICLE IN TRANSPORT,MM 218 6 I 40,NASHVILLE,TN,37214,89062,HERMIT,36.1523,-86.6347,POINT (-86.6347 36.1523)
20190721977,09/30/2019 06:38:00 PM,2,0,0,,N,197054,11,Front to Rear,21,CLEAR,2,DARK - NOT LIGHTED,12,MOTOR VEHICLE IN TRANSPORT,MILLWOOD DR & MURFREESBORO PKE,NASHVILLE,TN,37217,8815,HERMIT,36.1295,-86.7147,POINT (-86.7147 36.1295)
20190901119,12/16/2019 06:30:00 PM,2,0,0,,N,330417,4,ANGLE,2,RAIN,3,DARK - LIGHTED,12,MOTOR VEHICLE IN TRANSPORT,ROOSEVELT AV & GALLATIN PKEN,MADISON,TN,37115,1761,MADISO,36.2711,-86.7104,POINT (-86.7104 36.2711)
20190758157,10/16/2019 06:45:00 AM,2,0,0,,N,109534,11,Front to Rear,22,CLOUDY,3,DARK - LIGHTED,12,MOTOR VEHICLE IN TRANSPORT,MM 219 3 I 40,NASHVILLE,TN,37214,94022,HERMIT,36.159,-86.6242,POINT (-86.6242 36.159)
20190598161,08/11/2019 02:30:00 PM,2,1,0,,N,909494,4,ANGLE,21,CLEAR,1,DAYLIGHT,1;12,MOTOR VEHICLE IN TRANSPORT,EWING DR & HILLHURST DR,NASHVILLE,TN,37207,1809,EAST,36.2303,-86.7704,POINT (-86.7704 36.2303)
20190789634,10/29/2019 08:05:00 PM,2,0,0,,N,320581,5,SIDESWIPE - SAME DIRECTION,21,CLEAR,3,DARK - LIGHTED,12,MOTOR VEHICLE IN TRANSPORT,MM 85 4 I 65,NASHVILLE,TN,37208,43042,NORTH,36.1875,-86.7947,POINT (-86.7947 36.1875)
20190676828,09/11/2019 04:15:00 PM,2,0,0,,Y,320603,11,Front to Rear,21,CLEAR,1,DAYLIGHT,12,MOTOR VEHICLE IN TRANSPORT,52ND AVE N & RAMP,NASHVILLE,TN,37209,4607,WEST,36.1629,-86.8505,POINT (-86.8505 36.1629)
20190845850,11/22/2019 10:58:00 AM,2,3,0,,N,834798,4,ANGLE,2,RAIN,1,DAYLIGHT,12,MOTOR VEHICLE IN TRANSPORT,WEDGEWOOD AV & 15TH AVS,NASHVILLE,TN,37212,6615,MIDTOW,36.136,-86.7919,POINT (-86.7919 36.136)
20190726915,10/02/2019 05:00:00 PM,2,0,0,,Y,161948,11,Front to Rear,21,CLEAR,1,DAYLIGHT,12,MOTOR VEHICLE IN TRANSPORT,MM 213 5 I 40,NASHVILLE,TN,37210,90062,HERMIT,36.1406,-86.7215,POINT (-86.7215 36.1406)
20190868833,12/03/2019 06:29:00 AM,2,1,0,,N,226622,11,Front to Rear,21,CLEAR,1,DAYLIGHT,12,MOTOR VEHICLE IN TRANSPORT,MM 193 6 I 40,NASHVILLE,TN,37221,4704,WEST,36.0778,-86.9999,POINT (-86.9999 36.0778)
20190766041,10/19/2019 09:45:00 AM,2,1,0,,N,352192,11,Front to Rear,21,CLEAR,1,DAYLIGHT,12,MOTOR VEHICLE IN TRANSPORT,OLD HICKORY BLVD & HILLSBORO PKE,BRENTWOOD,TN,37027,6301,MIDTOW,36.0473,-86.8627,POINT (-86.8627 36.0473)
20190872197,12/04/2019 12:00:00 AM,2,0,0,,Y,429205,11,Front to Rear,21,CLEAR,1,DAYLIGHT,12,MOTOR VEHICLE IN TRANSPORT,8TH AVS & DEMONBREUN ST,NASHVILLE,TN,37203,4041,CENTRA,36.1569,-86.7808,POINT (-86.7808 36.1569)
20190759133,10/16/2019 03:02:00 PM,2,1,0,,N,256426,5,SIDESWIPE - SAME DIRECTION,21,CLEAR,1,DAYLIGHT,12,MOTOR VEHICLE IN TRANSPORT,MM 212 3 I 40,NASHVILLE,TN,37210,8206,HERMIT,36.1447,-86.7399,POINT (-86.7399 36.1447)
20190741074,10/08/2019 09:25:00 PM,2,0,0,,Y,191786,5,SIDESWIPE - SAME DIRECTION,21,CLEAR,3,DARK - LIGHTED,12;14,MOTOR VEHICLE IN TRANSPORT;PARKED MOTOR VEHICLE,4TH AVN & MADISON ST,NASHVILLE,TN,37208,4309,NORTH,36.1758,-86.7868,POINT (-86.7868 36.1758)
20190812749,11/08/2019 11:41:00 AM,2,0,0,,N,352202,5,SIDESWIPE - SAME DIRECTION,21,CLEAR,1,DAYLIGHT,12,MOTOR VEHICLE IN TRANSPORT,4TH AVS & KOREAN VETERANS BLVD,NASHVILLE,TN,37201,4047,CENTRA,36.1569,-86.7745,POINT (-86.7745 36.1569)
20190844226,11/21/2019 12:00:00 AM,2,0,0,,N,352196,5,SIDESWIPE - SAME DIRECTION,21,CLEAR,3,DARK - LIGHTED,12,MOTOR VEHICLE IN TRANSPORT,HARDING PL & DONELSON PKE,NASHVILLE,TN,37217,8841,SOUTH,36.0928,-86.6789,POINT (-86.6789 36.0928)
20190929842,12/30/2019 01:20:00 PM,2,0,0,,Y,352178,9,UNKNOWN,21,CLEAR,1,DAYLIGHT,12;14,MOTOR VEHICLE IN TRANSPORT;PARKED MOTOR VEHICLE,ALBION ST & 21ST AVN,NASHVILLE,TN,37208,5329,NORTH,36.1659,-86.8082,POINT (-86.8082 36.1659)
20190824992,11/13/2019 06:10:00 PM,2,0,0,,Y,256384,4,ANGLE,21,CLEAR,3,DARK - LIGHTED,12,MOTOR VEHICLE IN TRANSPORT,I440 W ENT RAMP & I 24,NASHVILLE,TN,37217,8801,SOUTH,36.1232,-86.7263,POINT (-86.7263 36.1232)
20190783657,10/27/2019 10:34:00 AM,2,0,0,,N,352214,4,ANGLE,22,CLOUDY,1,DAYLIGHT,12,MOTOR VEHICLE IN TRANSPORT,MONROE ST & ROSA L PARKS BLVD,NASHVILLE,TN,37208,4303,NORTH,36.1753,-86.7927,POINT (-86.7927 36.1753)
20190621426,08/20/2019 11:32:00 AM,1,1,0,Y,N,191578,0,NOT COLLISION W/MOTOR VEHICLE-TRANSPORT,21,CLEAR,1,DAYLIGHT,1,,MM 212 0 I 40,NASHVILLE,TN,37210,90041,HERMIT,36.147,-86.7433,POINT (-86.7433 36.147)