Accident Number,Date and Time,Number of Motor Vehicles,Number of Injuries,Number of Fatalities,Property Damage,Hit and Run,Reporting Officer,Collision Type Code,Collision Type Description,Weather Code,Weather Description,Illumination Code,Illumination Description,Harmful Code,Harmful Code Description,Street Address,City,State,ZIP,RPA,Precinct,Latitude,Longitude,Mapped Location
20190812642,11/08/2019 10:38:00 AM,2,1,0,,N,134899,4,ANGLE,21,CLEAR,1,DAYLIGHT,12;33,MOTOR VEHICLE IN TRANSPORT;CURB,ROBINSON RD & MERRITT ST,OLD HICKORY,TN,37138,9609,HERMIT,36.2556,-86.6536,POINT (-86.6536 36.2556)
20190892172,12/12/2019 04:23:00 PM,2,0,0,,N,256423,11,Front to Rear,21,CLEAR,1,DAYLIGHT,12,MOTOR VEHICLE IN TRANSPORT,BRILEY PKWY S EXT RAMP & BRILEY PKWYS,NASHVILLE,TN,37214,9209,HERMIT,36.1924,-86.6874,POINT (-86.6874 36.1924)
20190860148,11/28/2019 09:40:00 PM,1,0,0,,N,226175,0,NOT COLLISION W/MOTOR VEHICLE-TRANSPORT,2,RAIN,2,DARK - NOT LIGHTED,50,DEER (ANIMAL),OLD HARDING PKE & HIGHWAY 100,NASHVILLE,TN,37221,4805,WEST,36.0293,-87.001,POINT (-87.001 36.0293)
20190821814,11/12/2019 03:00:00 PM,2,1,0,,N,179599,11,Front to Rear,21,CLEAR,1,DAYLIGHT,12,MOTOR VEHICLE IN TRANSPORT,ROSA L PARKS BLVD & TAYLOR ST,NASHVILLE,TN,37208,4333,NORTH,36.1775,-86.7943,POINT (-86.7943 36.1775)
20190773162,10/22/2019 02:57:00 PM,2,0,0,,N,256446,5,SIDESWIPE - SAME DIRECTION,21,CLEAR,1,DAYLIGHT,12,MOTOR VEHICLE IN TRANSPORT,OLD HICKORY BLVD & NOLENSVILLE PKE,ANTIOCH,TN,37013,8757,SOUTH,36.0455,-86.7122,POINT (-86.7122 36.0455)
20190789458,10/29/2019 06:30:00 PM,2,0,0,,N,179606,5,SIDESWIPE - SAME DIRECTION,21,CLEAR,5,DUSK,12,MOTOR VEHICLE IN TRANSPORT,MM 209 3 I 40,NASHVILLE,TN,37203,40041,CENTRA,36.1537,-86.7878,POINT (-86.7878 36.1537)
20190758163,10/16/2019 06:00:00 AM,2,0,0,,N,716886,11,Front to Rear,21,CLEAR,1,DAYLIGHT,12;34,MOTOR VEHICLE IN TRANSPORT;DITCH,ANTIOCH PKE & REEVES RD,ANTIOCH,TN,37013,8893,SOUTH,36.0655,-86.68,POINT (-86.68 36.0655)
20190816627,11/10/2019 07:45:00 AM,2,0,0,,N,343522,4,ANGLE,21,CLEAR,1,DAYLIGHT,12,MOTOR VEHICLE IN TRANSPORT,PERCY WARNER BLVD & SHADOWOOD DR,NASHVILLE,TN,37221,4901,WEST,36.0838,-86.8913,POINT (-86.8913 36.0838)
20190848743,11/23/2019 05:24:00 PM,2,1,0,,N,256446,4,ANGLE,8,"SMOG, SMOKE",3,DARK - LIGHTED,12,MOTOR VEHICLE IN TRANSPORT,AUTUMN CROSSING WAY & OAKFIELD GROVE,ANTIOCH,TN,37013,8767,SOUTH,36.0028,-86.6889,POINT (-86.6889 36.0028)
20190785715,10/28/2019 10:25:00 AM,2,0,0,,Y,206962,5,SIDESWIPE - SAME DIRECTION,22,CLOUDY,1,DAYLIGHT,12,MOTOR VEHICLE IN TRANSPORT,STATE HWY 45 & US HWY 31E,MADISON,TN,37115,1701,MADISO,36.2631,-86.7119,POINT (-86.7119 36.2631)
20190600877,08/12/2019 04:15:00 PM,2,0,0,,Y,807344,4,ANGLE,21,CLEAR,1,DAYLIGHT,12,MOTOR VEHICLE IN TRANSPORT,8TH AVS & LAFAYETTE ST,NASHVILLE,TN,37203,4043,CENTRA,36.1546,-86.7792,POINT (-86.7792 36.1546)
20190908155,12/19/2019 02:45:00 PM,2,0,0,,N,352186,11,Front to Rear,21,CLEAR,1,DAYLIGHT,12,MOTOR VEHICLE IN TRANSPORT,MM 208 0 I 40,NASHVILLE,TN,37208,54022,NORTH,36.1707,-86.7983,POINT (-86.7983 36.1707)
20190804899,11/05/2019 09:35:00 AM,4,1,0,,N,419983,5,SIDESWIPE - SAME DIRECTION,22,CLOUDY,1,DAYLIGHT,12,MOTOR VEHICLE IN TRANSPORT,I40 W EXT RAMP & I 40,NASHVILLE,TN,37203,4119,CENTRA,36.1574,-86.79,POINT (-86.79 36.1574)
20190676561,09/11/2019 03:15:00 PM,2,0,0,,N,352172,4,ANGLE,21,CLEAR,1,DAYLIGHT,12,MOTOR VEHICLE IN TRANSPORT,WOODMONT BLVD & HARDING PKE,NASHVILLE,TN,37205,6021,WEST,36.1245,-86.8472,POINT (-86.8472 36.1245)
20190851096,11/24/2019 10:48:00 PM,2,0,0,,Y,311336,11,Front to Rear,21,CLEAR,2,DARK - NOT LIGHTED,14;55,PARKED MOTOR VEHICLE;Motor Vehicle-In-Motion Outside Trafficw,GORDON TER & DELLWAY VILLA RD,NASHVILLE,TN,37207,1831,EAST,36.2122,-86.7634,POINT (-86.7634 36.2122)
20190654986,09/02/2019 03:12:00 PM,2,0,0,,N,320582,11,Front to Rear,21,CLEAR,1,DAYLIGHT,12,MOTOR VEHICLE IN TRANSPORT,MM 47 8 I 24,NASHVILLE,TN,37207,1904,CENTRA,36.1775,-86.7731,POINT (-86.7731 36.1775)
20190925367,12/28/2019 08:53:00 AM,2,3,0,,N,902543,4,ANGLE,22,CLOUDY,1,DAYLIGHT,12,MOTOR VEHICLE IN TRANSPORT,MAPLEWOOD TRC & US HWY 31W,NASHVILLE,TN,37207,1811,EAST,36.2331,-86.7587,POINT (-86.7587 36.2331)
20190795550,11/01/2019 07:21:00 AM,3,1,0,,N,191578,5,SIDESWIPE - SAME DIRECTION,21,CLEAR,1,DAYLIGHT,12,MOTOR VEHICLE IN TRANSPORT,MM 214 5 I 40,NASHVILLE,TN,37217,88022,HERMIT,36.1434,-86.7031,POINT (-86.7031 36.1434)
20190768718,10/20/2019 09:08:00 PM,3,1,0,,N,330444,5,SIDESWIPE - SAME DIRECTION,21,CLEAR,3,DARK - LIGHTED,12;14,MOTOR VEHICLE IN TRANSPORT;PARKED MOTOR VEHICLE,US HWY 431 & BLAKEMORE AVE,NASHVILLE,TN,37212,6623,MIDTOW,36.1379,-86.8007,POINT (-86.8007 36.1379)
20190633175,08/24/2019 12:00:00 AM,3,1,0,,N,212344,11,Front to Rear,21,CLEAR,1,DAYLIGHT,12,MOTOR VEHICLE IN TRANSPORT,GALLATIN AV & W EASTLAND AV,NASHVILLE,TN,37206,1243,EAST,36.1836,-86.7485,POINT (-86.7485 36.1836)
20190753667,10/14/2019 01:10:00 PM,2,0,0,,N,716886,4,ANGLE,21,CLEAR,1,DAYLIGHT,12,MOTOR VEHICLE IN TRANSPORT,HARDING PL & LINBAR DR,NASHVILLE,TN,37211,8705,SOUTH,36.0841,-86.7059,POINT (-86.7059 36.0841)
20190768613,10/20/2019 07:40:00 PM,2,1,0,,N,330431,11,Front to Rear,21,CLEAR,3,DARK - LIGHTED,12,MOTOR VEHICLE IN TRANSPORT,CLARKSVILLE PKE & KINGS LN,NASHVILLE,TN,37218,3141,NORTH,36.2167,-86.8375,POINT (-86.8375 36.2167)
20190846181,11/22/2019 01:31:00 PM,2,0,0,,N,137872,11,Front to Rear,22,CLOUDY,1,DAYLIGHT,12,MOTOR VEHICLE IN TRANSPORT,WOODLAND POINTE DR & BELL RD,NASHVILLE,TN,37214,8943,HERMIT,36.1227,-86.6305,POINT (-86.6305 36.1227)
20190819554,11/11/2019 04:55:00 PM,2,0,0,Y,N,299253,4,ANGLE,2,RAIN,1,DAYLIGHT,12,MOTOR VEHICLE IN TRANSPORT,JOYCE LN & GALLATIN PKE,NASHVILLE,TN,37216,1801,EAST,36.2336,-86.7252,POINT (-86.7252 36.2336)
20190715283,09/27/2019 03:21:00 PM,2,0,0,,N,151132,5,SIDESWIPE - SAME DIRECTION,21,CLEAR,1,DAYLIGHT,12,MOTOR VEHICLE IN TRANSPORT,STATE RT 45 & GALLATIN PKEN,MADISON,TN,37115,1701,MADISO,36.2631,-86.7119,POINT (-86.7119 36.2631)
20190701694,09/22/2019 12:52:00 AM,1,1,0,,N,311336,0,NOT COLLISION W/MOTOR VEHICLE-TRANSPORT,21,CLEAR,3,DARK - LIGHTED,30,UTILITY POLE,GRANADA AV & GALLATIN AV,NASHVILLE,TN,37206,1927,EAST,36.1883,-86.7464,POINT (-86.7464 36.1883)
20190808601,11/06/2019 05:59:00 PM,2,0,0,,N,256379,4,ANGLE,21,CLEAR,3,DARK - LIGHTED,12,MOTOR VEHICLE IN TRANSPORT,GLENROSE AV & GLENMONT DR,NASHVILLE,TN,37210,8805,SOUTH,36.1152,-86.721,POINT (-86.721 36.1152)
20190714050,09/27/2019 02:00:00 AM,1,0,0,,N,192379,0,NOT COLLISION W/MOTOR VEHICLE-TRANSPORT,21,CLEAR,3,DARK - LIGHTED,38;55,FENCE;Motor Vehicle-In-Motion Outside Trafficw,SOUTHERLAND DR & BRICK CHURCH PKE,NASHVILLE,TN,37207,3021,NORTH,36.2161,-86.7757,POINT (-86.7757 36.2161)
20190636645,08/26/2019 06:08:00 AM,2,0,0,,N,462501,4,ANGLE,2,RAIN,1,DAYLIGHT,12,MOTOR VEHICLE IN TRANSPORT,S 1ST ST & WOODLAND ST,NASHVILLE,TN,37213,1133,CENTRA,36.1691,-86.7723,POINT (-86.7723 36.1691)
20190603986,08/13/2019 05:00:00 PM,2,0,0,,N,256448,11,Front to Rear,21,CLEAR,1,DAYLIGHT,12,MOTOR VEHICLE IN TRANSPORT,LEBANON PKE & BRILEY PKWY N ENT RAMP,NASHVILLE,TN,37214,9121,HERMIT,36.1685,-86.6872,POINT (-86.6872 36.1685)
20190884623,12/09/2019 09:06:00 PM,2,0,0,,Y,240983,2,HEAD-ON,2,RAIN,2,DARK - NOT LIGHTED,12,MOTOR VEHICLE IN TRANSPORT,HARDING PL & WHISPERING OAKS PL,NASHVILLE,TN,37211,8705,SOUTH,36.0817,-86.7137,POINT (-86.7137 36.0817)
20190602268,08/13/2019 05:45:00 AM,6,0,0,,N,256382,11,Front to Rear,21,CLEAR,3,DARK - LIGHTED,12,MOTOR VEHICLE IN TRANSPORT,MM 219 6 I 40,HERMITAGE,TN,37076,94021,HERMIT,36.1613,-86.6205,POINT (-86.6205 36.1613)
20190907317,12/19/2019 08:00:00 AM,2,0,0,,N,665896,4,ANGLE,21,CLEAR,1,DAYLIGHT,12,MOTOR VEHICLE IN TRANSPORT,JAMES ROBERTSON PKWY ENT RAMP & ELLINGTO,NASHVILLE,TN,37207,1995,EAST,36.175,-86.7675,POINT (-86.7675 36.175)
20190650413,08/31/2019 12:00:00 AM,2,0,0,,N,299258,11,Front to Rear,21,CLEAR,1,DAYLIGHT,12,MOTOR VEHICLE IN TRANSPORT,CLARKSVILLE PKE & BUENA VISTA PKE,NASHVILLE,TN,37218,3135,NORTH,36.1935,-86.8309,POINT (-86.8309 36.1935)
20190693053,09/18/2019 11:47:00 AM,2,0,0,,N,109534,11,Front to Rear,21,CLEAR,1,DAYLIGHT,12,MOTOR VEHICLE IN TRANSPORT,WINDEMERE CIR & MCGAVOCK PKE,NASHVILLE,TN,37214,9305,HERMIT,36.1817,-86.6778,POINT (-86.6778 36.1817)
20190756579,10/15/2019 01:16:00 PM,2,0,0,,Y,240966,4,ANGLE,21,CLEAR,1,DAYLIGHT,12,MOTOR VEHICLE IN TRANSPORT,HANCOCK ST & STOCKELL ST,NASHVILLE,TN,37207,1963,EAST,36.1841,-86.7699,POINT (-86.7699 36.1841)
20190844011,11/21/2019 04:53:00 PM,2,0,0,,N,256383,11,Front to Rear,21,CLEAR,5,DUSK,12,MOTOR VEHICLE IN TRANSPORT,THOMPSON LN & DOBBS AV,NASHVILLE,TN,37211,8403,SOUTH,36.11,-86.7354,POINT (-86.7354 36.11)
20190665792,09/06/2019 10:15:00 PM,4,3,0,,N,110090,4,ANGLE,21,CLEAR,3,DARK - LIGHTED,12,MOTOR VEHICLE IN TRANSPORT,HARDING PL & TRAVELERS INN DR,NASHVILLE,TN,37211,8443,SOUTH,36.0849,-86.7034,POINT (-86.7034 36.0849)
20190742482,10/09/2019 02:55:00 PM,2,2,0,,N,240957,2,HEAD-ON,21,CLEAR,1,DAYLIGHT,14,PARKED MOTOR VEHICLE,META DR & META CIR,NASHVILLE,TN,37211,8657,MIDTOW,36.056,-86.7332,POINT (-86.7332 36.056)
20190682161,09/13/2019 05:59:00 PM,2,1,0,,N,714634,11,Front to Rear,21,CLEAR,1,DAYLIGHT,12,MOTOR VEHICLE IN TRANSPORT,NOLENSVILLE PKE & CRAIGHEAD ST,NASHVILLE,TN,37210,8125,SOUTH,36.1338,-86.7588,POINT (-86.7588 36.1338)
20190845275,11/22/2019 05:22:00 AM,1,0,0,,N,256492,0,NOT COLLISION W/MOTOR VEHICLE-TRANSPORT,2,RAIN,3,DARK - LIGHTED,24,GUARDRAIL FACE,MM 211 7 I 40,NASHVILLE,TN,37210,82042,HERMIT,36.1499,-86.7483,POINT (-86.7483 36.1499)
20190749551,10/12/2019 12:40:00 PM,3,0,0,,N,278580,11,Front to Rear,21,CLEAR,1,DAYLIGHT,12,MOTOR VEHICLE IN TRANSPORT,MM 36 9 I 24,WHITES CREEK,TN,37189,33180,NORTH,36.3167,-86.8347,POINT (-86.8347 36.3167)
20190712756,09/26/2019 03:05:00 PM,2,0,0,,N,169425,4,ANGLE,21,CLEAR,1,DAYLIGHT,12,MOTOR VEHICLE IN TRANSPORT,PORTLAND AV & MAGNOLIA BLVD,NASHVILLE,TN,37212,6607,MIDTOW,36.1332,-86.8013,POINT (-86.8013 36.1332)
20190673364,09/10/2019 12:01:00 PM,2,0,0,,N,420035,4,ANGLE,21,CLEAR,1,DAYLIGHT,12,MOTOR VEHICLE IN TRANSPORT,GALLATIN PKEN & OLD TIME VILLAGE PVTDR,MADISON,TN,37115,1701,MADISO,36.2638,-86.7117,POINT (-86.7117 36.2638)
20190642627,08/28/2019 02:55:00 PM,2,1,0,,N,151132,4,ANGLE,21,CLEAR,1,DAYLIGHT,12,MOTOR VEHICLE IN TRANSPORT,GALLATIN PKES & E OLD HICKORY BLVD,MADISON,TN,37115,1771,MADISO,36.2622,-86.7122,POINT (-86.7122 36.2622)
20190660290,09/04/2019 05:56:00 PM,1,0,0,Y,N,240957,0,NOT COLLISION W/MOTOR VEHICLE-TRANSPORT,21,CLEAR,1,DAYLIGHT,40,MAIL BOX,FRANKLIN PKE & BRENTVIEW DR,NASHVILLE,TN,37220,7109,MIDTOW,36.0694,-86.7742,POINT (-86.7742 36.0694)
20190731995,10/04/2019 05:33:00 PM,2,0,0,,N,256389,4,ANGLE,21,CLEAR,3,DARK - LIGHTED,12,MOTOR VEHICLE IN TRANSPORT,POWELL AV & OLD POWELL AV,NASHVILLE,TN,37204,8525,MIDTOW,36.1109,-86.7672,POINT (-86.7672 36.1109)
20190754670,10/14/2019 10:17:00 PM,2,2,0,,N,725756,4,ANGLE,21,CLEAR,3,DARK - LIGHTED,12,MOTOR VEHICLE IN TRANSPORT,MM 201 1 I 40,NASHVILLE,TN,37209,46027,WEST,36.1314,-86.8982,POINT (-86.8982 36.1314)
20190059580,10/16/2019 06:14:00 PM,2,0,0,,N,570084,11,Front to Rear,21,CLEAR,7,Dark-Unknown Lighting,12,MOTOR VEHICLE IN TRANSPORT,HARDING PL & EZELL PARK PVTDR,NASHVILLE,TN,37211,8847,SOUTH,36.0904,-86.6873,POINT (-86.6873 36.0904)
20190647199,08/30/2019 09:37:00 AM,2,0,0,,Y,716886,4,ANGLE,21,CLEAR,1,DAYLIGHT,12,MOTOR VEHICLE IN TRANSPORT,MILL CREEK WHITTEMORE GRNWY & MILL CREEK,ANTIOCH,TN,37013,8757,SOUTH,36.0424,-86.7118,POINT (-86.7118 36.0424)
20190742898,10/09/2019 05:48:00 PM,2,1,0,,N,384398,11,Front to Rear,21,CLEAR,5,DUSK,12,MOTOR VEHICLE IN TRANSPORT,OLD HICKORY BLVDW & DICKERSON PKE,MADISON,TN,37115,2039,MADISO,36.2692,-86.7556,POINT (-86.7556 36.2692)
20190696755,09/19/2019 07:25:00 PM,2,0,0,,N,352161,5,SIDESWIPE - SAME DIRECTION,21,CLEAR,3,DARK - LIGHTED,12,MOTOR VEHICLE IN TRANSPORT,MM 52 1 I 24,NASHVILLE,TN,37217,8816,SOUTH,36.1343,-86.7267,POINT (-86.7267 36.1343)
20190791622,10/30/2019 02:59:00 PM,2,0,0,,N,279214,4,ANGLE,2,RAIN,1,DAYLIGHT,12,MOTOR VEHICLE IN TRANSPORT,WEDGEWOOD AV & BEECH AV,NASHVILLE,TN,37204,6919,MIDTOW,36.1343,-86.7806,POINT (-86.7806 36.1343)
20190595989,08/10/2019 03:59:00 PM,2,0,0,,N,330444,11,Front to Rear,21,CLEAR,1,DAYLIGHT,12,MOTOR VEHICLE IN TRANSPORT,DEMONBREUN ST & 14TH AVS,NASHVILLE,TN,37203,6721,MIDTOW,36.1536,-86.7884,POINT (-86.7884 36.1536)
20190812347,11/08/2019 08:20:00 AM,2,0,0,,N,665896,5,SIDESWIPE - SAME DIRECTION,21,CLEAR,1,DAYLIGHT,12,MOTOR VEHICLE IN TRANSPORT,MM 48 1 I 24,NASHVILLE,TN,37207,1106,EAST,36.1742,-86.7706,POINT (-86.7706 36.1742)
20190733647,10/05/2019 12:14:00 PM,2,1,0,,N,299243,4,ANGLE,21,CLEAR,1,DAYLIGHT,12,MOTOR VEHICLE IN TRANSPORT,CHARLOTTE AV & ROSA L PARKS BLVD,NASHVILLE,TN,37203,4147,CENTRA,36.1634,-86.7876,POINT (-86.7876 36.1634)
20190611611,08/16/2019 03:19:00 PM,2,0,0,,N,330428,4,ANGLE,21,CLEAR,1,DAYLIGHT,12,MOTOR VEHICLE IN TRANSPORT,MEHARRY BLVD & 21ST AVN,NASHVILLE,TN,37208,5325,NORTH,36.168,-86.8089,POINT (-86.8089 36.168)
20190664472,09/06/2019 12:06:00 PM,2,3,0,,N,191578,4,ANGLE,21,CLEAR,1,DAYLIGHT,12,MOTOR VEHICLE IN TRANSPORT,LEBANON PKE & BONNABROOK DR,HERMITAGE,TN,37076,9531,HERMIT,36.1917,-86.6248,POINT (-86.6248 36.1917)
20190831610,11/16/2019 03:28:00 PM,3,0,0,,N,352178,98,OTHER,21,CLEAR,1,DAYLIGHT,12,MOTOR VEHICLE IN TRANSPORT,MM 85 2 I 65,NASHVILLE,TN,37208,4404,NORTH,36.1833,-86.7989,POINT (-86.7989 36.1833)
20190740088,10/08/2019 02:39:00 PM,2,0,0,,N,320597,11,Front to Rear,21,CLEAR,1,DAYLIGHT,12,MOTOR VEHICLE IN TRANSPORT,MM 55 1 I 24,NASHVILLE,TN,37211,8602,SOUTH,36.0928,-86.7055,POINT (-86.7055 36.0928)
20190670194,09/09/2019 08:01:00 AM,2,0,0,,N,225886,11,Front to Rear,21,CLEAR,1,DAYLIGHT,12,MOTOR VEHICLE IN TRANSPORT,LEBANON PKE PVTDR & HERMITAGE RD,HERMITAGE,TN,37076,9507,HERMIT,36.1981,-86.6185,POINT (-86.6185 36.1981)
20190643068,08/28/2019 05:30:00 PM,2,0,0,,N,419972,5,SIDESWIPE - SAME DIRECTION,21,CLEAR,1,DAYLIGHT,12,MOTOR VEHICLE IN TRANSPORT,ORLANDO AV & CHARLOTTE PKE,NASHVILLE,TN,37209,5103,WEST,36.15,-86.8573,POINT (-86.8573 36.15)
20190615016,08/17/2019 10:52:00 PM,2,0,0,,Y,415780,4,ANGLE,21,CLEAR,3,DARK - LIGHTED,12,MOTOR VEHICLE IN TRANSPORT,WEDGEWOOD AV & MARTIN ST,NASHVILLE,TN,37203,8053,MIDTOW,36.1663,-86.8056,POINT (-86.8056 36.1663)
20190747275,10/11/2019 10:00:00 AM,2,0,0,,Y,716877,11,Front to Rear,21,CLEAR,1,DAYLIGHT,12,MOTOR VEHICLE IN TRANSPORT,BELL RD & COLLINS PARK DR,ANTIOCH,TN,37013,8863,SOUTH,36.2189,-86.8464,POINT (-86.8464 36.2189)
20190830381,11/16/2019 12:25:00 AM,2,1,0,,N,200016,11,Front to Rear,21,CLEAR,3,DARK - LIGHTED,12,MOTOR VEHICLE IN TRANSPORT,DR D B TODD JR BLVD & WHELESS ST,NASHVILLE,TN,37208,4469,NORTH,36.1758,-86.8093,POINT (-86.8093 36.1758)
20190900934,12/16/2019 05:50:00 PM,4,0,0,,N,352192,4,ANGLE,2,RAIN,3,DARK - LIGHTED,12;14,MOTOR VEHICLE IN TRANSPORT;PARKED MOTOR VEHICLE,ROBERTSON AV & ANNEX AV,NASHVILLE,TN,37209,4687,WEST,36.1586,-86.8784,POINT (-86.8784 36.1586)
20190622055,08/20/2019 05:00:00 PM,2,0,0,,N,212330,11,Front to Rear,2,RAIN,1,DAYLIGHT,12,MOTOR VEHICLE IN TRANSPORT,I 24 & UNKNOWN RAMP,NASHVILLE,TN,37210,9004,HERMIT,36.1402,-86.7258,POINT (-86.7258 36.1402)
20190808538,11/06/2019 05:00:00 PM,2,0,0,,N,256424,4,ANGLE,21,CLEAR,3,DARK - LIGHTED,12,MOTOR VEHICLE IN TRANSPORT,BRILEY PKWY & VULTEE BLVD,NASHVILLE,TN,37217,8998,HERMIT,36.1245,-86.6963,POINT (-86.6963 36.1245)
20190756016,10/15/2019 10:00:00 AM,2,1,0,,N,676834,11,Front to Rear,21,CLEAR,1,DAYLIGHT,12,MOTOR VEHICLE IN TRANSPORT,DOMINICAN DR & ROSA L PARKS BLVD,NASHVILLE,TN,37228,4445,NORTH,36.1879,-86.7985,POINT (-86.7985 36.1879)
20190633015,08/24/2019 04:00:00 PM,2,2,0,,N,212330,98,OTHER,21,CLEAR,1,DAYLIGHT,12,MOTOR VEHICLE IN TRANSPORT,EAST THOMPSON LN & LAWNDALE DR,NASHVILLE,TN,37217,8879,SOUTH,36.1223,-86.7176,POINT (-86.7176 36.1223)
20190870258,12/03/2019 04:50:00 PM,2,0,0,,N,384408,6,SIDESWIPE - OPPOSITE DIRECTION,21,CLEAR,5,DUSK,12,MOTOR VEHICLE IN TRANSPORT,LEBANON PKE & SHADY GROVE RD,NASHVILLE,TN,37214,9113,HERMIT,36.1699,-86.6736,POINT (-86.6736 36.1699)
20190827423,11/14/2019 05:09:00 PM,2,0,0,,N,352197,5,SIDESWIPE - SAME DIRECTION,21,CLEAR,3,DARK - LIGHTED,12,MOTOR VEHICLE IN TRANSPORT,I24 E EXT RAMP & I 24,NASHVILLE,TN,37207,30080,NORTH,36.2378,-86.7872,POINT (-86.7872 36.2378)
20190877594,12/06/2019 12:03:00 PM,2,0,0,,N,191578,11,Front to Rear,22,CLOUDY,1,DAYLIGHT,12,MOTOR VEHICLE IN TRANSPORT,GREEN ST & FAIRFIELD AV,NASHVILLE,TN,37210,8207,HERMIT,36.1528,-86.757,POINT (-86.757 36.1528)
20190640913,08/27/2019 11:35:00 PM,2,0,0,,N,330419,4,ANGLE,21,CLEAR,3,DARK - LIGHTED,12,MOTOR VEHICLE IN TRANSPORT,OLD HICKORY BLVDW & GALLATIN PKEN,MADISON,TN,37115,1763,MADISO,36.2631,-86.7124,POINT (-86.7124 36.2631)
20190587831,08/07/2019 05:05:00 PM,3,0,0,,N,717341,11,Front to Rear,21,CLEAR,1,DAYLIGHT,12,MOTOR VEHICLE IN TRANSPORT,BRILEY PKWYN & EAST THOMPSON LN,NASHVILLE,TN,37211,8423,SOUTH,36.1095,-86.7281,POINT (-86.7281 36.1095)
20190811025,11/07/2019 06:28:00 PM,4,1,0,,N,279116,11,Front to Rear,22,CLOUDY,2,DARK - NOT LIGHTED,12,MOTOR VEHICLE IN TRANSPORT,MM 3 1 I 440,NASHVILLE,TN,37215,6424,MIDTOW,36.1182,-86.8009,POINT (-86.8009 36.1182)
20190872083,12/04/2019 09:40:00 AM,5,0,0,,N,676834,11,Front to Rear,21,CLEAR,1,DAYLIGHT,12,MOTOR VEHICLE IN TRANSPORT,ED TEMPLE BLVD & W HEIMAN ST,NASHVILLE,TN,37209,4503,NORTH,36.1697,-86.8213,POINT (-86.8213 36.1697)
20190640431,08/27/2019 06:40:00 PM,2,1,0,,Y,256501,11,Front to Rear,21,CLEAR,1,DAYLIGHT,12,MOTOR VEHICLE IN TRANSPORT,SHREEVE LN & MOORMANS ARM RD,NASHVILLE,TN,37207,3033,NORTH,36.2177,-86.8078,POINT (-86.8078 36.2177)
20190781153,10/25/2019 11:10:00 PM,2,0,0,,N,320590,11,Front to Rear,2,RAIN,3,DARK - LIGHTED,12,MOTOR VEHICLE IN TRANSPORT,MM 86 7 I 65,NASHVILLE,TN,37207,3002,NORTH,36.1972,-86.7762,POINT (-86.7762 36.1972)
20190887073,12/10/2019 12:00:00 AM,2,0,0,,N,206674,11,Front to Rear,21,CLEAR,3,DARK - LIGHTED,12,MOTOR VEHICLE IN TRANSPORT,CLARKSVILLE PKE & CLIFF DR,NASHVILLE,TN,37218,3157,NORTH,36.1923,-86.8291,POINT (-86.8291 36.1923)
20190862088,11/29/2019 09:50:00 PM,2,0,0,,Y,352196,4,ANGLE,21,CLEAR,3,DARK - LIGHTED,12,MOTOR VEHICLE IN TRANSPORT,MURFREESBORO PKE & HAMILTON CHURCH RD,ANTIOCH,TN,37013,8865,SOUTH,36.0649,-86.6286,POINT (-86.6286 36.0649)
20190757311,10/15/2019 09:50:00 PM,2,0,0,,N,200016,11,Front to Rear,21,CLEAR,3,DARK - LIGHTED,12,MOTOR VEHICLE IN TRANSPORT,GALLATIN PKEN & NESBITT LN,MADISON,TN,37115,1709,MADISO,36.2724,-86.7102,POINT (-86.7102 36.2724)
20190689882,09/17/2019 08:55:00 AM,2,0,0,,N,384392,5,SIDESWIPE - SAME DIRECTION,21,CLEAR,1,DAYLIGHT,12;14,MOTOR VEHICLE IN TRANSPORT;PARKED MOTOR VEHICLE,26TH AVE S & BLAKEMORE AVE,NASHVILLE,TN,37212,5823,MIDTOW,36.1383,-86.8079,POINT (-86.8079 36.1383)
20190679825,09/12/2019 09:17:00 PM,1,0,0,Y,N,352169,0,NOT COLLISION W/MOTOR VEHICLE-TRANSPORT,21,CLEAR,3,DARK - LIGHTED,24;43,GUARDRAIL FACE;OTHER FIXED OBJECTS,RIO VISTA DR & N DUPONT AV,MADISON,TN,37115,1705,MADISO,36.2655,-86.6806,POINT (-86.6806 36.2655)
20190764701,10/18/2019 07:30:00 PM,1,0,0,,N,212346,0,NOT COLLISION W/MOTOR VEHICLE-TRANSPORT,21,CLEAR,3,DARK - LIGHTED,37,Other Traffic Barrier,11TH AVN & GRUNDY ST,NASHVILLE,TN,37203,4119,CENTRA,36.1586,-86.7876,POINT (-86.7876 36.1586)
20190723330,10/01/2019 08:12:00 AM,2,2,0,,N,462474,11,Front to Rear,21,CLEAR,1,DAYLIGHT,12,MOTOR VEHICLE IN TRANSPORT,MM 80 4 I 65,NASHVILLE,TN,37204,69021,MIDTOW,36.1187,-86.7737,POINT (-86.7737 36.1187)
20190769541,10/21/2019 07:28:00 AM,2,0,0,,N,716886,11,Front to Rear,21,CLEAR,1,DAYLIGHT,12,MOTOR VEHICLE IN TRANSPORT,MM 61 7 I 24,ANTIOCH,TN,37013,8806,SOUTH,36.0236,-86.6306,POINT (-86.6306 36.0236)
20190702739,09/22/2019 02:35:00 PM,2,0,0,,Y,337276,9,UNKNOWN,21,CLEAR,9,UNKNOWN,14;99,PARKED MOTOR VEHICLE;UNKNOWN MOST HARMFUL EVENT,OAK VALLEY DR & DICKERSON PKE,NASHVILLE,TN,37207,1807,EAST,36.2315,-86.7605,POINT (-86.7605 36.2315)