Accident Number,Date and Time,Number of Motor Vehicles,Number of Injuries,Number of Fatalities,Property Damage,Hit and Run,Reporting Officer,Collision Type Code,Collision Type Description,Weather Code,Weather Description,Illumination Code,Illumination Description,Harmful Code,Harmful Code Description,Street Address,City,State,ZIP,RPA,Precinct,Latitude,Longitude,Mapped Location
20190599822,08/12/2019 07:45:00 AM,3,1,0,,N,226622,11,Front to Rear,21,CLEAR,1,DAYLIGHT,12,MOTOR VEHICLE IN TRANSPORT,CHARLOTTE PKE & HILLWOOD PRIVATE CV,NASHVILLE,TN,37205,5007,WEST,36.1341,-86.8896,POINT (-86.8896 36.1341)
20190800910,11/03/2019 06:39:00 PM,2,0,0,,Y,299257,0,NOT COLLISION W/MOTOR VEHICLE-TRANSPORT,21,CLEAR,3,DARK - LIGHTED,14;30,PARKED MOTOR VEHICLE;UTILITY POLE,ALLIED DR & NOLENSVILLE PKE,NASHVILLE,TN,37211,8511,MIDTOW,36.0962,-86.7377,POINT (-86.7377 36.0962)
20190845324,11/22/2019 06:00:00 AM,2,0,0,,N,320598,4,ANGLE,2,RAIN,4,DAWN,12,MOTOR VEHICLE IN TRANSPORT,I440 E ENT RAMP & I 440,NASHVILLE,TN,37215,6419,MIDTOW,36.1216,-86.8066,POINT (-86.8066 36.1216)
20190712662,09/26/2019 02:06:00 PM,2,2,0,,N,109534,5,SIDESWIPE - SAME DIRECTION,22,CLOUDY,1,DAYLIGHT,12,MOTOR VEHICLE IN TRANSPORT,DONELSON PKE & ROYAL PKWY,NASHVILLE,TN,37214,9411,HERMIT,36.1472,-86.6664,POINT (-86.6664 36.1472)
20190927836,12/29/2019 05:24:00 PM,2,0,0,,N,693098,5,SIDESWIPE - SAME DIRECTION,2,RAIN,2,DARK - NOT LIGHTED,12,MOTOR VEHICLE IN TRANSPORT,MM 202 9 I 40,NASHVILLE,TN,37209,46024,WEST,36.1482,-86.8762,POINT (-86.8762 36.1482)
20190772004,10/22/2019 08:00:00 AM,2,0,0,,N,676834,11,Front to Rear,21,CLEAR,1,DAYLIGHT,12,MOTOR VEHICLE IN TRANSPORT,28TH AVN & CHARLOTTE AV,NASHVILLE,TN,37209,5313,NORTH,36.1542,-86.8183,POINT (-86.8183 36.1542)
20190624666,08/21/2019 12:00:00 AM,2,0,0,,N,429205,5,SIDESWIPE - SAME DIRECTION,21,CLEAR,1,DAYLIGHT,12,MOTOR VEHICLE IN TRANSPORT,2ND AVN & COMMERCE ST,NASHVILLE,TN,37201,4101,CENTRA,36.163,-86.7759,POINT (-86.7759 36.163)
20190852377,11/25/2019 12:18:00 PM,2,1,0,,N,352211,98,OTHER,21,CLEAR,1,DAYLIGHT,12,MOTOR VEHICLE IN TRANSPORT,KNOB RD & WHITE BRIDGE PKE,NASHVILLE,TN,37209,5105,WEST,36.1379,-86.8577,POINT (-86.8577 36.1379)
20190665390,09/06/2019 07:39:00 PM,2,1,0,,Y,256383,2,HEAD-ON,21,CLEAR,3,DARK - LIGHTED,12,MOTOR VEHICLE IN TRANSPORT,NOLENSVILLE PKE & SUGAR VALLEY DR,ANTIOCH,TN,37013,8759,SOUTH,36.016,-86.7061,POINT (-86.7061 36.016)
20190907456,12/19/2019 08:58:00 AM,2,0,0,,N,223502,11,Front to Rear,21,CLEAR,1,DAYLIGHT,12,MOTOR VEHICLE IN TRANSPORT,BRILEY PKWYN & EAST THOMPSON LN,NASHVILLE,TN,37211,8423,SOUTH,36.1095,-86.7281,POINT (-86.7281 36.1095)
20190887499,12/10/2019 10:52:00 PM,2,0,0,,Y,405424,11,Front to Rear,21,CLEAR,3,DARK - LIGHTED,12,MOTOR VEHICLE IN TRANSPORT,I40 E EXT RAMP & DONELSON PKE,NASHVILLE,TN,37214,8953,HERMIT,36.1404,-86.6664,POINT (-86.6664 36.1404)
20190650060,08/31/2019 10:23:00 AM,2,1,0,,N,140808,11,Front to Rear,21,CLEAR,1,DAYLIGHT,12,MOTOR VEHICLE IN TRANSPORT,WHEELER AV & NOLENSVILLE PKE,NASHVILLE,TN,37211,8435,SOUTH,36.0957,-86.7367,POINT (-86.7367 36.0957)
20190904541,12/18/2019 06:45:00 AM,2,0,0,,N,693093,11,Front to Rear,21,CLEAR,1,DAYLIGHT,12,MOTOR VEHICLE IN TRANSPORT,STATE RT 45 & EAGAN CIR,MADISON,TN,37115,1617,MADISO,36.2631,-86.6755,POINT (-86.6755 36.2631)
20190596066,08/10/2019 04:50:00 PM,2,0,0,,N,352161,5,SIDESWIPE - SAME DIRECTION,21,CLEAR,1,DAYLIGHT,14,PARKED MOTOR VEHICLE,2ND AVN & CHURCH ST,NASHVILLE,TN,37201,4133,CENTRA,36.1646,-86.7769,POINT (-86.7769 36.1646)
20190910875,12/20/2019 05:40:00 PM,3,1,0,,N,384408,11,Front to Rear,21,CLEAR,7,Dark-Unknown Lighting,12,MOTOR VEHICLE IN TRANSPORT,OLD HICKORY BLVD & HILLSBORO PKE,NASHVILLE,TN,37221,6215,WEST,36.0476,-86.8637,POINT (-86.8637 36.0476)
20190684148,09/14/2019 03:50:00 PM,2,0,0,,Y,298867,5,SIDESWIPE - SAME DIRECTION,21,CLEAR,1,DAYLIGHT,12,MOTOR VEHICLE IN TRANSPORT,HART LN & ELLINGTON PKWY S EXT RAMP,NASHVILLE,TN,37207,1887,EAST,36.2186,-86.7481,POINT (-86.7481 36.2186)
20190594786,08/10/2019 01:14:00 AM,2,0,0,,N,110090,11,Front to Rear,21,CLEAR,3,DARK - LIGHTED,12,MOTOR VEHICLE IN TRANSPORT,I24 E EXT RAMP & I 24,NASHVILLE,TN,37207,30080,NORTH,36.2378,-86.7872,POINT (-86.7872 36.2378)
20190696276,09/19/2019 04:46:00 PM,2,1,0,,N,579971,2,HEAD-ON,21,CLEAR,1,DAYLIGHT,12,MOTOR VEHICLE IN TRANSPORT,ARBOR COMMON & BEECHWOOD TER,ANTIOCH,TN,37013,8753,SOUTH,36.0449,-86.6684,POINT (-86.6684 36.0449)
20190763741,10/18/2019 10:38:00 AM,1,1,0,Y,N,299243,0,NOT COLLISION W/MOTOR VEHICLE-TRANSPORT,21,CLEAR,1,DAYLIGHT,36,CONCRETE TRAFFIC BARRIER,I40 W EXT RAMP & I 40,NASHVILLE,TN,37203,4119,CENTRA,36.1574,-86.79,POINT (-86.79 36.1574)
20190929509,12/30/2019 11:55:00 AM,2,4,0,,N,714641,11,Front to Rear,21,CLEAR,1,DAYLIGHT,12,MOTOR VEHICLE IN TRANSPORT,JAMES ROBERTSON PKWY & 7TH AVN,NASHVILLE,TN,37219,4203,CENTRA,36.1679,-86.7863,POINT (-86.7863 36.1679)
20190845376,11/22/2019 07:28:00 AM,1,1,0,,N,109534,0,NOT COLLISION W/MOTOR VEHICLE-TRANSPORT,2,RAIN,3,DARK - LIGHTED,24,GUARDRAIL FACE,MM 213 0 I 40,NASHVILLE,TN,37210,8219,HERMIT,36.1407,-86.7323,POINT (-86.7323 36.1407)
20190791972,10/30/2019 06:10:00 PM,2,1,0,,N,384408,11,Front to Rear,2,RAIN,3,DARK - LIGHTED,12,MOTOR VEHICLE IN TRANSPORT,BRILEY PKWYN & BRILEY PKWYW,NASHVILLE,TN,37214,92860,HERMIT,36.2318,-86.7003,POINT (-86.7003 36.2318)
20190761935,10/17/2019 04:50:00 PM,2,0,0,,N,279116,11,Front to Rear,21,CLEAR,1,DAYLIGHT,12,MOTOR VEHICLE IN TRANSPORT,MM 210 2 I 40,NASHVILLE,TN,37203,80021,MIDTOW,36.1493,-86.7736,POINT (-86.7736 36.1493)
20190611355,08/16/2019 12:30:00 PM,2,1,0,,N,235761,11,Front to Rear,21,CLEAR,1,DAYLIGHT,12,MOTOR VEHICLE IN TRANSPORT,MM 205 6 I 40,NASHVILLE,TN,37209,5228,WEST,36.1559,-86.8271,POINT (-86.8271 36.1559)
20190780469,10/25/2019 04:40:00 PM,2,0,0,,N,717341,11,Front to Rear,2,RAIN,1,DAYLIGHT,12,MOTOR VEHICLE IN TRANSPORT,BLUE HOLE RD & PETTUS RD,ANTIOCH,TN,37013,8755,SOUTH,36.0285,-86.6726,POINT (-86.6726 36.0285)
20190805017,11/05/2019 08:33:00 AM,4,1,0,,N,109527,11,Front to Rear,21,CLEAR,1,DAYLIGHT,12,MOTOR VEHICLE IN TRANSPORT,LEBANON PKE & CLOVERNOOK DR,NASHVILLE,TN,37210,9019,HERMIT,36.1547,-86.7124,POINT (-86.7124 36.1547)
20190855809,11/26/2019 08:20:00 PM,3,1,0,,N,256501,4,ANGLE,2,RAIN,3,DARK - LIGHTED,12,MOTOR VEHICLE IN TRANSPORT,CLARKSVILLE PKE & BUENA VISTA PKE,NASHVILLE,TN,37218,3135,NORTH,36.1935,-86.8309,POINT (-86.8309 36.1935)
20190757141,10/15/2019 05:31:00 PM,2,0,0,,N,279116,11,Front to Rear,22,CLOUDY,1,DAYLIGHT,12,MOTOR VEHICLE IN TRANSPORT,I65 S ENT RAMP & I65 S EXT RAMP,NASHVILLE,TN,37204,6945,MIDTOW,36.1342,-86.7764,POINT (-86.7764 36.1342)
20190865482,12/01/2019 06:30:00 PM,2,0,0,,N,311337,4,ANGLE,21,CLEAR,2,DARK - NOT LIGHTED,12,MOTOR VEHICLE IN TRANSPORT,ANDREW JACKSON PKWY & LEXINGTON WAY,OLD HICKORY,TN,37138,9721,HERMIT,36.2256,-86.5978,POINT (-86.5978 36.2256)
20190782191,10/26/2019 03:08:00 PM,2,1,0,,Y,352178,4,ANGLE,2,RAIN,1,DAYLIGHT,13,MOTOR VEHICLE IN TRANSPORT-OTHER ROADWAY,BUCHANAN ST & 16TH AVN,NASHVILLE,TN,37208,4455,NORTH,36.18,-86.81,POINT (-86.81 36.18)
20190794308,10/31/2019 05:23:00 PM,2,0,0,,N,256392,5,SIDESWIPE - SAME DIRECTION,22,CLOUDY,3,DARK - LIGHTED,12,MOTOR VEHICLE IN TRANSPORT,MM 85 4 I 65,NASHVILLE,TN,37208,43042,NORTH,36.1875,-86.7947,POINT (-86.7947 36.1875)
20190932974,12/31/2019 11:30:00 PM,3,1,0,,Y,352170,11,Front to Rear,21,CLEAR,3,DARK - LIGHTED,12,MOTOR VEHICLE IN TRANSPORT,MURFREESBORO PKE & LAKEVILLA DR,ANTIOCH,TN,37013,8861,SOUTH,36.0767,-86.6409,POINT (-86.6409 36.0767)
20190872835,12/04/2019 03:55:00 PM,2,0,0,,N,580819,5,SIDESWIPE - SAME DIRECTION,21,CLEAR,5,DUSK,12,MOTOR VEHICLE IN TRANSPORT,ROSA L PARKS AV & ROSA L PARKS BLVD,NASHVILLE,TN,37203,4145,CENTRA,36.1617,-86.7839,POINT (-86.7839 36.1617)
20190592851,08/09/2019 10:57:00 AM,2,0,0,,N,620072,6,SIDESWIPE - OPPOSITE DIRECTION,21,CLEAR,1,DAYLIGHT,12,MOTOR VEHICLE IN TRANSPORT,DIVISION ST & DEMONBREUN ST,NASHVILLE,TN,37203,5701,MIDTOW,36.1522,-86.7914,POINT (-86.7914 36.1522)
20190824172,11/13/2019 09:36:00 AM,2,0,0,,N,525538,11,Front to Rear,21,CLEAR,1,DAYLIGHT,12,MOTOR VEHICLE IN TRANSPORT,MM 1 6 I 440,NASHVILLE,TN,37209,5230,WEST,36.1531,-86.8228,POINT (-86.8228 36.1531)
20190862987,11/30/2019 09:40:00 AM,2,0,0,,N,299243,4,ANGLE,2,RAIN,1,DAYLIGHT,12,MOTOR VEHICLE IN TRANSPORT,MONROE ST & 3RD AVN,NASHVILLE,TN,37208,4317,NORTH,36.1776,-86.787,POINT (-86.787 36.1776)
20190788500,10/29/2019 11:27:00 AM,2,1,0,,N,224895,4,ANGLE,22,CLOUDY,1,DAYLIGHT,12,MOTOR VEHICLE IN TRANSPORT,SLOAN RD & RICHLAND CREEK GRNWY,NASHVILLE,TN,37209,5207,WEST,36.1387,-86.8411,POINT (-86.8411 36.1387)
20190838938,11/19/2019 06:41:00 PM,1,0,0,,N,309262,0,NOT COLLISION W/MOTOR VEHICLE-TRANSPORT,21,CLEAR,2,DARK - NOT LIGHTED,1,,N GRAYCROFT AV & NESBITT LN,MADISON,TN,37115,1767,MADISO,36.2736,-86.7297,POINT (-86.7297 36.2736)
20190843675,11/21/2019 02:03:00 PM,3,0,0,,N,191578,11,Front to Rear,22,CLOUDY,1,DAYLIGHT,12,MOTOR VEHICLE IN TRANSPORT,MM 211 2 I 40,NASHVILLE,TN,37210,8008,HERMIT,36.1535,-86.7564,POINT (-86.7564 36.1535)
20190672785,09/10/2019 08:41:00 AM,2,0,0,,N,225773,5,SIDESWIPE - SAME DIRECTION,21,CLEAR,1,DAYLIGHT,12,MOTOR VEHICLE IN TRANSPORT,MM 79 4 I 65,NASHVILLE,TN,37204,70042,MIDTOW,36.105,-86.7672,POINT (-86.7672 36.105)
20190760764,10/17/2019 07:19:00 AM,2,0,0,,N,226622,4,ANGLE,21,CLEAR,1,DAYLIGHT,12,MOTOR VEHICLE IN TRANSPORT,HILLSBORO PKE & HILLSBORO DR,NASHVILLE,TN,37215,6405,MIDTOW,36.1019,-86.8178,POINT (-86.8178 36.1019)
20190917502,12/24/2019 02:35:00 AM,2,1,0,,N,299270,4,ANGLE,21,CLEAR,3,DARK - LIGHTED,12,MOTOR VEHICLE IN TRANSPORT,28TH AVN & CHARLOTTE AV,NASHVILLE,TN,37209,5341,MIDTOW,36.154,-86.8182,POINT (-86.8182 36.154)
20190741745,10/09/2019 07:40:00 AM,2,0,0,,Y,420034,4,ANGLE,21,CLEAR,1,DAYLIGHT,12,MOTOR VEHICLE IN TRANSPORT,BUENA VISTA PKE & CLIFF DR,NASHVILLE,TN,37218,3135,NORTH,36.1971,-86.8281,POINT (-86.8281 36.1971)
20190796815,11/01/2019 06:12:00 PM,2,0,0,,N,311337,4,ANGLE,21,CLEAR,2,DARK - NOT LIGHTED,12,MOTOR VEHICLE IN TRANSPORT,MM 221 0 I 40,HERMITAGE,TN,37076,9504,HERMIT,36.1702,-86.5982,POINT (-86.5982 36.1702)
20190714739,09/27/2019 09:47:00 AM,1,0,0,,N,902543,0,NOT COLLISION W/MOTOR VEHICLE-TRANSPORT,21,CLEAR,1,DAYLIGHT,18,OTHER OBJECT (NOT FIXED),ELLINGTON PKWYN & MCFERRIN AV,NASHVILLE,TN,37206,1994,EAST,36.1881,-86.755,POINT (-86.755 36.1881)
20190729683,10/03/2019 06:55:00 PM,2,0,0,,N,311337,11,Front to Rear,21,CLEAR,1,DAYLIGHT,12,MOTOR VEHICLE IN TRANSPORT,OLD MURFREESBORO PKE & SMITH SPRINGS RD,NASHVILLE,TN,37217,8947,HERMIT,36.0975,-86.6552,POINT (-86.6552 36.0975)
20190603390,08/13/2019 12:10:00 PM,2,0,0,,N,352214,11,Front to Rear,21,CLEAR,1,DAYLIGHT,12,MOTOR VEHICLE IN TRANSPORT,SPRING ST & N 1ST ST,NASHVILLE,TN,37207,1955,CENTRA,36.177,-86.7746,POINT (-86.7746 36.177)
20190587866,08/07/2019 06:07:00 PM,2,0,0,,N,240960,11,Front to Rear,21,CLEAR,1,DAYLIGHT,12,MOTOR VEHICLE IN TRANSPORT,GALLATIN PKE & BURCHWOOD AV,NASHVILLE,TN,37216,1403,EAST,36.201,-86.7399,POINT (-86.7399 36.201)
20190884169,12/09/2019 05:01:00 PM,2,0,0,,N,240957,4,ANGLE,22,CLOUDY,3,DARK - LIGHTED,12,MOTOR VEHICLE IN TRANSPORT,OLD HICKORY BLVD & HICKORY PLZ,NASHVILLE,TN,37211,8651,MIDTOW,36.0452,-86.7159,POINT (-86.7159 36.0452)
20190761061,10/17/2019 10:08:00 AM,2,0,0,,N,462474,5,SIDESWIPE - SAME DIRECTION,21,CLEAR,1,DAYLIGHT,12,MOTOR VEHICLE IN TRANSPORT,BROADWAY & 16TH AVS,NASHVILLE,TN,37203,5701,MIDTOW,36.1543,-86.7929,POINT (-86.7929 36.1543)
20190636293,08/26/2019 03:43:00 AM,1,0,0,Y,Y,256493,0,NOT COLLISION W/MOTOR VEHICLE-TRANSPORT,2,RAIN,3,DARK - LIGHTED,18;30;33,OTHER OBJECT (NOT FIXED);UTILITY POLE;CURB,SMITH SPRINGS RD & NED SHELTON RD,NASHVILLE,TN,37217,8935,HERMIT,36.0942,-86.6344,POINT (-86.6344 36.0942)
20190736947,10/07/2019 06:25:00 AM,3,0,0,,Y,161952,11,Front to Rear,2,RAIN,4,DAWN,12,MOTOR VEHICLE IN TRANSPORT,MM 87 1 I 65,NASHVILLE,TN,37207,18020,EAST,36.2041,-86.7765,POINT (-86.7765 36.2041)
20190760981,10/17/2019 08:15:00 AM,4,1,0,,N,223502,11,Front to Rear,21,CLEAR,1,DAYLIGHT,12,MOTOR VEHICLE IN TRANSPORT,BRILEY PKWYN & BRILEY PKWYS,NASHVILLE,TN,37211,8404,SOUTH,36.1092,-86.727,POINT (-86.727 36.1092)
20190796274,11/01/2019 02:04:00 PM,2,0,0,,N,156307,4,ANGLE,21,CLEAR,1,DAYLIGHT,12,MOTOR VEHICLE IN TRANSPORT,JEFFERSON ST & 10TH AVN,NASHVILLE,TN,37208,4243,NORTH,36.1724,-86.7948,POINT (-86.7948 36.1724)
20190664152,09/06/2019 09:11:00 AM,2,1,0,,N,226622,4,ANGLE,21,CLEAR,1,DAYLIGHT,12,MOTOR VEHICLE IN TRANSPORT,HIGHWAY 100 & OLD HARDING PKE,NASHVILLE,TN,37221,4807,WEST,36.0445,-86.956,POINT (-86.956 36.0445)
20190840975,11/20/2019 12:07:00 PM,2,0,0,,N,109534,5,SIDESWIPE - SAME DIRECTION,21,CLEAR,1,DAYLIGHT,12,MOTOR VEHICLE IN TRANSPORT,MURFREESBORO PKE & ARLINGTON AV,NASHVILLE,TN,37210,8159,SOUTH,36.1399,-86.7354,POINT (-86.7354 36.1399)
20190665142,09/06/2019 05:39:00 PM,2,0,0,,N,352156,4,ANGLE,21,CLEAR,1,DAYLIGHT,12,MOTOR VEHICLE IN TRANSPORT,NOLENSVILLE PKE & RAYMOND ST,NASHVILLE,TN,37211,8431,SOUTH,36.0988,-86.739,POINT (-86.739 36.0988)
20190680952,09/13/2019 08:00:00 AM,2,0,0,,N,352164,5,SIDESWIPE - SAME DIRECTION,21,CLEAR,1,DAYLIGHT,12,MOTOR VEHICLE IN TRANSPORT,FIRESTONE PKWY & OLD HICKORY BLVD,ANTIOCH,TN,37013,8869,SOUTH,36.0168,-86.6199,POINT (-86.6199 36.0168)
20190607119,08/14/2019 09:02:00 PM,2,0,0,,N,256383,5,SIDESWIPE - SAME DIRECTION,21,CLEAR,3,DARK - LIGHTED,12,MOTOR VEHICLE IN TRANSPORT,MM 61 7 I 24,ANTIOCH,TN,37013,8806,SOUTH,36.0236,-86.6306,POINT (-86.6306 36.0236)
20190876963,12/06/2019 07:15:00 AM,2,1,0,,N,384398,11,Front to Rear,22,CLOUDY,1,DAYLIGHT,12,MOTOR VEHICLE IN TRANSPORT,MM 57 1 I 24,ANTIOCH,TN,37013,88080,SOUTH,36.0686,-86.6885,POINT (-86.6885 36.0686)
20190704856,09/23/2019 02:20:00 PM,2,0,0,,N,134899,5,SIDESWIPE - SAME DIRECTION,22,CLOUDY,1,DAYLIGHT,12,MOTOR VEHICLE IN TRANSPORT,CENTRAL PKE & SHURGARD WAY,HERMITAGE,TN,37076,9561,HERMIT,36.1748,-86.6046,POINT (-86.6046 36.1748)
20190642857,08/28/2019 03:40:00 PM,2,0,0,,Y,717341,4,ANGLE,21,CLEAR,1,DAYLIGHT,12,MOTOR VEHICLE IN TRANSPORT,4TH AVS & PEABODY ST,NASHVILLE,TN,37201,4047,CENTRA,36.1566,-86.7744,POINT (-86.7744 36.1566)
20190908575,12/19/2019 06:12:00 PM,2,1,0,,N,352156,11,Front to Rear,21,CLEAR,3,DARK - LIGHTED,12,MOTOR VEHICLE IN TRANSPORT,MM 52 1 I 24,NASHVILLE,TN,37217,8816,SOUTH,36.1343,-86.7267,POINT (-86.7267 36.1343)
20190584881,08/06/2019 03:20:00 PM,2,0,0,,N,717341,4,ANGLE,21,CLEAR,1,DAYLIGHT,12,MOTOR VEHICLE IN TRANSPORT,4TH AVS & CARNEY ST,NASHVILLE,TN,37210,8127,SOUTH,36.1388,-86.7625,POINT (-86.7625 36.1388)
20190793147,10/31/2019 07:06:00 AM,2,0,0,,N,402653,11,Front to Rear,2,RAIN,1,DAYLIGHT,12,MOTOR VEHICLE IN TRANSPORT,I24 E EXT RAMP & I 24,NASHVILLE,TN,37207,30080,NORTH,36.2378,-86.7872,POINT (-86.7872 36.2378)
20190929969,12/30/2019 04:34:00 PM,2,0,0,,N,352172,4,ANGLE,21,CLEAR,1,DAYLIGHT,12,MOTOR VEHICLE IN TRANSPORT,MYATT DR & RIVERGATE STATION PVTDR,MADISON,TN,37115,1721,MADISO,36.2963,-86.6987,POINT (-86.6987 36.2963)
20190699159,09/20/2019 07:09:00 PM,2,4,0,,Y,279124,4,ANGLE,21,CLEAR,3,DARK - LIGHTED,12,MOTOR VEHICLE IN TRANSPORT,MURFREESBORO PKE & HAMILTON CHURCH RD,ANTIOCH,TN,37013,8865,SOUTH,36.0649,-86.6286,POINT (-86.6286 36.0649)
20190912366,12/21/2019 01:05:00 PM,2,1,0,,Y,352214,11,Front to Rear,21,CLEAR,1,DAYLIGHT,12,MOTOR VEHICLE IN TRANSPORT,DOMINICAN DR & ROSA L PARKS BLVD,NASHVILLE,TN,37228,4445,NORTH,36.1879,-86.7985,POINT (-86.7985 36.1879)
20190829292,11/15/2019 01:08:00 PM,2,0,0,,N,414731,11,Front to Rear,21,CLEAR,1,DAYLIGHT,12,MOTOR VEHICLE IN TRANSPORT,THOMPSON LN & SIMMONS AV,NASHVILLE,TN,37211,8425,SOUTH,36.1106,-86.7413,POINT (-86.7413 36.1106)
20190761737,10/17/2019 03:45:00 PM,2,1,0,,N,405418,11,Front to Rear,21,CLEAR,1,DAYLIGHT,12,MOTOR VEHICLE IN TRANSPORT,ENCLAVE CIR & OLD HICKORY BLVD,NASHVILLE,TN,37211,8653,MIDTOW,36.0443,-86.7246,POINT (-86.7246 36.0443)
20190656410,09/03/2019 06:50:00 AM,2,0,0,,N,420059,11,Front to Rear,21,CLEAR,1,DAYLIGHT,12,MOTOR VEHICLE IN TRANSPORT,HARDING PL & I65 S ENT RAMP,NASHVILLE,TN,37220,7101,MIDTOW,36.0827,-86.7651,POINT (-86.7651 36.0827)
20190691287,09/17/2019 08:46:00 PM,1,1,0,,N,256380,0,NOT COLLISION W/MOTOR VEHICLE-TRANSPORT,21,CLEAR,2,DARK - NOT LIGHTED,8,PEDESTRIAN,CLIFTON AV & 33RD AVN,NASHVILLE,TN,37209,4551,NORTH,36.1589,-86.8256,POINT (-86.8256 36.1589)
20190900911,12/16/2019 07:51:00 PM,2,1,0,,N,256389,11,Front to Rear,2,RAIN,3,DARK - LIGHTED,12,MOTOR VEHICLE IN TRANSPORT,I440 W ENT RAMP & I 440,NASHVILLE,TN,37210,81021,SOUTH,36.1259,-86.7322,POINT (-86.7322 36.1259)
20190610667,08/15/2019 11:38:00 PM,2,0,0,,Y,676834,5,SIDESWIPE - SAME DIRECTION,21,CLEAR,3,DARK - LIGHTED,12;14,MOTOR VEHICLE IN TRANSPORT;PARKED MOTOR VEHICLE,16TH AVN & CLAY ST,NASHVILLE,TN,37208,4441,NORTH,36.1829,-86.8112,POINT (-86.8112 36.1829)
20190891194,12/12/2019 08:30:00 AM,2,0,0,,N,311325,4,ANGLE,21,CLEAR,1,DAYLIGHT,12,MOTOR VEHICLE IN TRANSPORT,STATE HWY 255 & LAKELAND DR,NASHVILLE,TN,37214,9409,HERMIT,36.1546,-86.6653,POINT (-86.6653 36.1546)
20190621444,08/20/2019 11:43:00 AM,2,0,0,,N,109534,11,Front to Rear,21,CLEAR,1,DAYLIGHT,12,MOTOR VEHICLE IN TRANSPORT,MM 210 5 I 40,NASHVILLE,TN,37210,8202,HERMIT,36.1522,-86.7669,POINT (-86.7669 36.1522)
20190635288,08/25/2019 03:52:00 PM,2,1,0,,N,330428,11,Front to Rear,22,CLOUDY,1,DAYLIGHT,12,MOTOR VEHICLE IN TRANSPORT,I440 E ENT RAMP & WEST END AV,NASHVILLE,TN,37205,6007,WEST,36.136,-86.8216,POINT (-86.8216 36.136)
20190791240,10/30/2019 11:27:00 AM,2,0,0,,N,462501,5,SIDESWIPE - SAME DIRECTION,22,CLOUDY,1,DAYLIGHT,12,MOTOR VEHICLE IN TRANSPORT,5TH AVS & BROADWAY,NASHVILLE,TN,37203,4089,CENTRA,36.1605,-86.7784,POINT (-86.7784 36.1605)
20190817357,11/10/2019 04:30:00 PM,1,0,0,,N,256426,0,NOT COLLISION W/MOTOR VEHICLE-TRANSPORT,21,CLEAR,5,DUSK,50,DEER (ANIMAL),ELM HILL PKE & AIRWAYS CIR,NASHVILLE,TN,37214,9117,HERMIT,36.1523,-86.6819,POINT (-86.6819 36.1523)
20190683633,09/14/2019 12:00:00 AM,1,0,0,Y,Y,226673,0,NOT COLLISION W/MOTOR VEHICLE-TRANSPORT,21,CLEAR,9,UNKNOWN,29,LUMINAIRE/LIGHT SUPPORT,SPRING ST & I24 E ENT RAMP,NASHVILLE,TN,37213,1985,CENTRA,36.1768,-86.7728,POINT (-86.7728 36.1768)
20190709705,09/25/2019 10:55:00 AM,2,0,0,,Y,226622,11,Front to Rear,22,CLOUDY,1,DAYLIGHT,12,MOTOR VEHICLE IN TRANSPORT,RIVER RD & CHARLOTTE PKE PVTDR,NASHVILLE,TN,37209,4703,WEST,36.1287,-86.9068,POINT (-86.9068 36.1287)
20190902543,12/17/2019 12:02:00 PM,2,0,0,,N,414668,5,SIDESWIPE - SAME DIRECTION,22,CLOUDY,1,DAYLIGHT,12,MOTOR VEHICLE IN TRANSPORT,MM 87 2 I 65,NASHVILLE,TN,37207,18020,EAST,36.2054,-86.7764,POINT (-86.7764 36.2054)
20190786506,10/28/2019 04:47:00 PM,2,2,0,,N,320580,4,ANGLE,22,CLOUDY,1,DAYLIGHT,12,MOTOR VEHICLE IN TRANSPORT,LEBANON PKE & LEBANON PIKE CIR,NASHVILLE,TN,37210,9021,HERMIT,36.1536,-86.7179,POINT (-86.7179 36.1536)
20190609313,08/15/2019 04:15:00 PM,2,0,0,,N,320581,4,ANGLE,21,CLEAR,1,DAYLIGHT,12,MOTOR VEHICLE IN TRANSPORT,9TH AVN & JEFFERSON ST,NASHVILLE,TN,37208,4239,NORTH,36.173,-86.7924,POINT (-86.7924 36.173)
20190773747,10/23/2019 12:05:00 AM,1,0,0,,N,212312,0,NOT COLLISION W/MOTOR VEHICLE-TRANSPORT,21,CLEAR,3,DARK - LIGHTED,31,"OTHER POST, POLE, SUPP.",WEST END AV & I440 E ENT RAMP,NASHVILLE,TN,37205,6007,WEST,36.1364,-86.822,POINT (-86.822 36.1364)
20190772331,10/22/2019 09:45:00 AM,2,0,0,,N,225777,5,SIDESWIPE - SAME DIRECTION,21,CLEAR,1,DAYLIGHT,12,MOTOR VEHICLE IN TRANSPORT,CENTENNIAL BLVD & CENTENNIAL BOULEVARD R,NASHVILLE,TN,37209,4641,WEST,36.1712,-86.8727,POINT (-86.8727 36.1712)
20190659186,09/04/2019 07:55:00 AM,2,0,0,,Y,876581,11,Front to Rear,21,CLEAR,1,DAYLIGHT,12,MOTOR VEHICLE IN TRANSPORT,RIVERCHASE BLVD & GALLATIN PKEN,MADISON,TN,37115,1721,MADISO,36.3086,-86.6815,POINT (-86.6815 36.3086)
20190740575,10/08/2019 07:55:00 PM,2,0,0,,N,298874,11,Front to Rear,21,CLEAR,3,DARK - LIGHTED,12,MOTOR VEHICLE IN TRANSPORT,I40 E ENT RAMP & I 40,NASHVILLE,TN,37205,4903,WEST,36.1109,-86.922,POINT (-86.922 36.1109)